0.01 -547547 0 0 0 0 0 547547 0 0 0 0 0
0.02 -547546 0 0 0 0 0 547546 0 0 0 0 0
0.03 -547544 0 0 0 0 0 547544 0 0 0 0 0
0.04 -547544 0 0 0 0 0 547544 0 0 0 0 0
0.05 -547544 0 0 0 0 0 547544 0 0 0 0 0
0.06 -547543 0 0 0 0 0 547543 0 0 0 0 0
0.07 -547543 0 0 0 0 0 547543 0 0 0 0 0
0.08 -547543 0 0 0 0 0 547543 0 0 0 0 0
0.09 -547543 0 0 0 0 0 547543 0 0 0 0 0
0.1 -547543 0 0 0 0 0 547543 0 0 0 0 0
0.11 -547543 0 0 0 0 0 547543 0 0 0 0 0
0.12 -547543 0 0 0 0 0 547543 0 0 0 0 0
0.13 -547543 0 0 0 0 0 547543 0 0 0 0 0
0.14 -547543 0 0 0 0 0 547543 0 0 0 0 0
0.15 -547543 0 0 0 0 0 547543 0 0 0 0 0
0.16 -547543 0 0 0 0 0 547543 0 0 0 0 0
0.17 -547543 0 0 0 0 0 547543 0 0 0 0 0
0.18 -547543 0 0 0 0 0 547543 0 0 0 0 0
0.19 -547543 0 0 0 0 0 547543 0 0 0 0 0
0.2 -547543 0 0 0 0 0 547543 0 0 0 0 0
0.21 -547543 0 0 0 0 0 547543 0 0 0 0 0
0.22 -547543 0 0 0 0 0 547543 0 0 0 0 0
0.23 -547543 0 0 0 0 0 547543 0 0 0 0 0
0.24 -547543 0 0 0 0 0 547543 0 0 0 0 0
0.25 -547543 0 0 0 0 0 547543 0 0 0 0 0
0.26 -547543 0 0 0 0 0 547543 0 0 0 0 0
0.27 -547544 0 0 0 0 0 547544 0 0 0 0 0
0.28 -547544 0 0 0 0 0 547544 0 0 0 0 0
0.29 -547544 0 0 0 0 0 547544 0 0 0 0 0
0.3 -547544 0 0 0 0 0 547544 0 0 0 0 0
0.31 -547544 0 0 0 0 0 547544 0 0 0 0 0
0.32 -547544 0 0 0 0 0 547544 0 0 0 0 0
0.33 -547544 0 0 0 0 0 547544 0 0 0 0 0
0.34 -547544 0 0 0 0 0 547544 0 0 0 0 0
0.35 -547544 0 0 0 0 0 547544 0 0 0 0 0
0.36 -547544 0 0 0 0 0 547544 0 0 0 0 0
0.37 -547544 0 0 0 0 0 547544 0 0 0 0 0
0.38 -547545 0 0 0 0 0 547545 0 0 0 0 0
0.39 -547545 0 0 0 0 0 547545 0 0 0 0 0
0.4 -547545 0 0 0 0 0 547545 0 0 0 0 0
0.41 -547545 0 0 0 0 0 547545 0 0 0 0 0
0.42 -547545 0 0 0 0 0 547545 0 0 0 0 0
0.43 -547545 0 0 0 0 0 547545 0 0 0 0 0
0.44 -547546 0 0 0 0 0 547546 0 0 0 0 0
0.45 -547546 0 0 0 0 0 547546 0 0 0 0 0
0.46 -547546 0 0 0 0 0 547546 0 0 0 0 0
0.47 -547546 0 0 0 0 0 547546 0 0 0 0 0
0.48 -547546 0 0 0 0 0 547546 0 0 0 0 0
0.49 -547546 0 0 0 0 0 547546 0 0 0 0 0
0.5 -547546 0 0 0 0 0 547546 0 0 0 0 0
0.51 -547547 0 0 0 0 0 547547 0 0 0 0 0
0.52 -547547 0 0 0 0 0 547547 0 0 0 0 0
0.53 -547547 0 0 0 0 0 547547 0 0 0 0 0
0.54 -547547 0 0 0 0 0 547547 0 0 0 0 0
0.55 -547547 0 0 0 0 0 547547 0 0 0 0 0
0.56 -547547 0 0 0 0 0 547547 0 0 0 0 0
0.57 -547548 0 0 0 0 0 547548 0 0 0 0 0
0.58 -547548 0 0 0 0 0 547548 0 0 0 0 0
0.59 -547548 0 0 0 0 0 547548 0 0 0 0 0
0.6 -547548 0 0 0 0 0 547548 0 0 0 0 0
0.61 -547549 0 0 0 0 0 547549 0 0 0 0 0
0.62 -547549 0 0 0 0 0 547549 0 0 0 0 0
0.63 -547549 0 0 0 0 0 547549 0 0 0 0 0
0.64 -547549 0 0 0 0 0 547549 0 0 0 0 0
0.65 -547550 0 0 0 0 0 547550 0 0 0 0 0
0.66 -547550 0 0 0 0 0 547550 0 0 0 0 0
0.67 -547550 0 0 0 0 0 547550 0 0 0 0 0
0.68 -547550 0 0 0 0 0 547550 0 0 0 0 0
0.69 -547551 0 0 0 0 0 547551 0 0 0 0 0
0.7 -547551 0 0 0 0 0 547551 0 0 0 0 0
0.71 -547552 0 0 0 0 0 547552 0 0 0 0 0
0.72 -547552 0 0 0 0 0 547552 0 0 0 0 0
0.73 -547552 0 0 0 0 0 547552 0 0 0 0 0
0.74 -547553 0 0 0 0 0 547553 0 0 0 0 0
0.75 -547553 0 0 0 0 0 547553 0 0 0 0 0
0.76 -547554 0 0 0 0 0 547554 0 0 0 0 0
0.77 -547554 0 0 0 0 0 547554 0 0 0 0 0
0.78 -547555 0 0 0 0 0 547555 0 0 0 0 0
0.79 -547555 0 0 0 0 0 547555 0 0 0 0 0
0.8 -547555 0 0 0 0 0 547555 0 0 0 0 0
0.81 -547556 0 0 0 0 0 547556 0 0 0 0 0
0.82 -547556 0 0 0 0 0 547556 0 0 0 0 0
0.83 -547556 0 0 0 0 0 547556 0 0 0 0 0
0.84 -547557 0 0 0 0 0 547557 0 0 0 0 0
0.85 -547557 0 0 0 0 0 547557 0 0 0 0 0
0.86 -547557 0 0 0 0 0 547557 0 0 0 0 0
0.87 -547557 0 0 0 0 0 547557 0 0 0 0 0
0.88 -547557 0 0 0 0 0 547557 0 0 0 0 0
0.89 -547557 0 0 0 0 0 547557 0 0 0 0 0
0.9 -547557 0 0 0 0 0 547557 0 0 0 0 0
0.91 -547557 0 0 0 0 0 547557 0 0 0 0 0
0.92 -547557 0 0 0 0 0 547557 0 0 0 0 0
0.93 -547557 0 0 0 0 0 547557 0 0 0 0 0
0.94 -547556 0 0 0 0 0 547556 0 0 0 0 0
0.95 -547556 0 0 0 0 0 547556 0 0 0 0 0
0.96 -547556 0 0 0 0 0 547556 0 0 0 0 0
0.97 -547556 0 0 0 0 0 547556 0 0 0 0 0
0.98 -547555 0 0 0 0 0 547555 0 0 0 0 0
0.99 -547555 0 0 0 0 0 547555 0 0 0 0 0
1 -547554 0 0 0 0 0 547554 0 0 0 0 0
1.01 -547554 0 0 0 0 0 547554 0 0 0 0 0
1.02 -547553 0 0 0 0 0 547553 0 0 0 0 0
1.03 -547553 0 0 0 0 0 547553 0 0 0 0 0
1.04 -547552 0 0 0 0 0 547552 0 0 0 0 0
1.05 -547551 0 0 0 0 0 547551 0 0 0 0 0
1.06 -547551 0 0 0 0 0 547551 0 0 0 0 0
1.07 -547550 0 0 0 0 0 547550 0 0 0 0 0
1.08 -547549 0 0 0 0 0 547549 0 0 0 0 0
1.09 -547548 0 0 0 0 0 547548 0 0 0 0 0
1.1 -547546 0 0 0 0 0 547546 0 0 0 0 0
1.11 -547545 0 0 0 0 0 547545 0 0 0 0 0
1.12 -547544 0 0 0 0 0 547544 0 0 0 0 0
1.13 -547542 0 0 0 0 0 547542 0 0 0 0 0
1.14 -547541 0 0 0 0 0 547541 0 0 0 0 0
1.15 -547539 0 0 0 0 0 547539 0 0 0 0 0
1.16 -547537 0 0 0 0 0 547537 0 0 0 0 0
1.17 -547535 0 0 0 0 0 547535 0 0 0 0 0
1.18 -547533 0 0 0 0 0 547533 0 0 0 0 0
1.19 -547531 0 0 0 0 0 547531 0 0 0 0 0
1.2 -547528 0 0 0 0 0 547528 0 0 0 0 0
1.21 -547526 0 0 0 0 0 547526 0 0 0 0 0
1.22 -547524 0 0 0 0 0 547524 0 0 0 0 0
1.23 -547522 0 0 0 0 0 547522 0 0 0 0 0
1.24 -547519 0 0 0 0 0 547519 0 0 0 0 0
1.25 -547517 0 0 0 0 0 547517 0 0 0 0 0
1.26 -547515 0 0 0 0 0 547515 0 0 0 0 0
1.27 -547514 0 0 0 0 0 547514 0 0 0 0 0
1.28 -547512 0 0 0 0 0 547512 0 0 0 0 0
1.29 -547510 0 0 0 0 0 547510 0 0 0 0 0
1.3 -547509 0 0 0 0 0 547509 0 0 0 0 0
1.31 -547508 0 0 0 0 0 547508 0 0 0 0 0
1.32 -547507 0 0 0 0 0 547507 0 0 0 0 0
1.33 -547506 0 0 0 0 0 547506 0 0 0 0 0
1.34 -547506 0 0 0 0 0 547506 0 0 0 0 0
1.35 -547506 0 0 0 0 0 547506 0 0 0 0 0
1.36 -547506 0 0 0 0 0 547506 0 0 0 0 0
1.37 -547507 0 0 0 0 0 547507 0 0 0 0 0
1.38 -547507 0 0 0 0 0 547507 0 0 0 0 0
1.39 -547508 0 0 0 0 0 547508 0 0 0 0 0
1.4 -547510 0 0 0 0 0 547510 0 0 0 0 0
1.41 -547511 0 0 0 0 0 547511 0 0 0 0 0
1.42 -547513 0 0 0 0 0 547513 0 0 0 0 0
1.43 -547516 0 0 0 0 0 547516 0 0 0 0 0
1.44 -547518 0 0 0 0 0 547518 0 0 0 0 0
1.45 -547521 0 0 0 0 0 547521 0 0 0 0 0
1.46 -547523 0 0 0 0 0 547523 0 0 0 0 0
1.47 -547526 0 0 0 0 0 547526 0 0 0 0 0
1.48 -547530 0 0 0 0 0 547530 0 0 0 0 0
1.49 -547533 0 0 0 0 0 547533 0 0 0 0 0
1.5 -547536 0 0 0 0 0 547536 0 0 0 0 0
1.51 -547540 0 0 0 0 0 547540 0 0 0 0 0
1.52 -547543 0 0 0 0 0 547543 0 0 0 0 0
1.53 -547547 0 0 0 0 0 547547 0 0 0 0 0
1.54 -547550 0 0 0 0 0 547550 0 0 0 0 0
1.55 -547554 0 0 0 0 0 547554 0 0 0 0 0
1.56 -547558 0 0 0 0 0 547558 0 0 0 0 0
1.57 -547561 0 0 0 0 0 547561 0 0 0 0 0
1.58 -547565 0 0 0 0 0 547565 0 0 0 0 0
1.59 -547568 0 0 0 0 0 547568 0 0 0 0 0
1.6 -547572 0 0 0 0 0 547572 0 0 0 0 0
1.61 -547575 0 0 0 0 0 547575 0 0 0 0 0
1.62 -547578 0 0 0 0 0 547578 0 0 0 0 0
1.63 -547581 0 0 0 0 0 547581 0 0 0 0 0
1.64 -547584 0 0 0 0 0 547584 0 0 0 0 0
1.65 -547587 0 0 0 0 0 547587 0 0 0 0 0
1.66 -547590 0 0 0 0 0 547590 0 0 0 0 0
1.67 -547593 0 0 0 0 0 547593 0 0 0 0 0
1.68 -547595 0 0 0 0 0 547595 0 0 0 0 0
1.69 -547597 0 0 0 0 0 547597 0 0 0 0 0
1.7 -547600 0 0 0 0 0 547600 0 0 0 0 0
1.71 -547602 0 0 0 0 0 547602 0 0 0 0 0
1.72 -547603 0 0 0 0 0 547603 0 0 0 0 0
1.73 -547605 0 0 0 0 0 547605 0 0 0 0 0
1.74 -547606 0 0 0 0 0 547606 0 0 0 0 0
1.75 -547607 0 0 0 0 0 547607 0 0 0 0 0
1.76 -547608 0 0 0 0 0 547608 0 0 0 0 0
1.77 -547609 0 0 0 0 0 547609 0 0 0 0 0
1.78 -547609 0 0 0 0 0 547609 0 0 0 0 0
1.79 -547609 0 0 0 0 0 547609 0 0 0 0 0
1.8 -547609 0 0 0 0 0 547609 0 0 0 0 0
1.81 -547609 0 0 0 0 0 547609 0 0 0 0 0
1.82 -547608 0 0 0 0 0 547608 0 0 0 0 0
1.83 -547607 0 0 0 0 0 547607 0 0 0 0 0
1.84 -547606 0 0 0 0 0 547606 0 0 0 0 0
1.85 -547605 0 0 0 0 0 547605 0 0 0 0 0
1.86 -547603 0 0 0 0 0 547603 0 0 0 0 0
1.87 -547602 0 0 0 0 0 547602 0 0 0 0 0
1.88 -547600 0 0 0 0 0 547600 0 0 0 0 0
1.89 -547598 0 0 0 0 0 547598 0 0 0 0 0
1.9 -547596 0 0 0 0 0 547596 0 0 0 0 0
1.91 -547594 0 0 0 0 0 547594 0 0 0 0 0
1.92 -547593 0 0 0 0 0 547593 0 0 0 0 0
1.93 -547591 0 0 0 0 0 547591 0 0 0 0 0
1.94 -547589 0 0 0 0 0 547589 0 0 0 0 0
1.95 -547588 0 0 0 0 0 547588 0 0 0 0 0
1.96 -547586 0 0 0 0 0 547586 0 0 0 0 0
1.97 -547585 0 0 0 0 0 547585 0 0 0 0 0
1.98 -547584 0 0 0 0 0 547584 0 0 0 0 0
1.99 -547583 0 0 0 0 0 547583 0 0 0 0 0
2 -547582 0 0 0 0 0 547582 0 0 0 0 0
2.01 -547582 0 0 0 0 0 547582 0 0 0 0 0
2.02 -547581 0 0 0 0 0 547581 0 0 0 0 0
2.03 -547581 0 0 0 0 0 547581 0 0 0 0 0
2.04 -547581 0 0 0 0 0 547581 0 0 0 0 0
2.05 -547581 0 0 0 0 0 547581 0 0 0 0 0
2.06 -547581 0 0 0 0 0 547581 0 0 0 0 0
2.07 -547581 0 0 0 0 0 547581 0 0 0 0 0
2.08 -547581 0 0 0 0 0 547581 0 0 0 0 0
2.09 -547581 0 0 0 0 0 547581 0 0 0 0 0
2.1 -547581 0 0 0 0 0 547581 0 0 0 0 0
2.11 -547581 0 0 0 0 0 547581 0 0 0 0 0
2.12 -547581 0 0 0 0 0 547581 0 0 0 0 0
2.13 -547582 0 0 0 0 0 547582 0 0 0 0 0
2.14 -547582 0 0 0 0 0 547582 0 0 0 0 0
2.15 -547582 0 0 0 0 0 547582 0 0 0 0 0
2.16 -547582 0 0 0 0 0 547582 0 0 0 0 0
2.17 -547582 0 0 0 0 0 547582 0 0 0 0 0
2.18 -547582 0 0 0 0 0 547582 0 0 0 0 0
2.19 -547582 0 0 0 0 0 547582 0 0 0 0 0
2.2 -547582 0 0 0 0 0 547582 0 0 0 0 0
2.21 -547582 0 0 0 0 0 547582 0 0 0 0 0
2.22 -547582 0 0 0 0 0 547582 0 0 0 0 0
2.23 -547581 0 0 0 0 0 547581 0 0 0 0 0
2.24 -547581 0 0 0 0 0 547581 0 0 0 0 0
2.25 -547580 0 0 0 0 0 547580 0 0 0 0 0
2.26 -547579 0 0 0 0 0 547579 0 0 0 0 0
2.27 -547578 0 0 0 0 0 547578 0 0 0 0 0
2.28 -547577 0 0 0 0 0 547577 0 0 0 0 0
2.29 -547575 0 0 0 0 0 547575 0 0 0 0 0
2.3 -547574 0 0 0 0 0 547574 0 0 0 0 0
2.31 -547572 0 0 0 0 0 547572 0 0 0 0 0
2.32 -547571 0 0 0 0 0 547571 0 0 0 0 0
2.33 -547569 0 0 0 0 0 547569 0 0 0 0 0
2.34 -547567 0 0 0 0 0 547567 0 0 0 0 0
2.35 -547565 0 0 0 0 0 547565 0 0 0 0 0
2.36 -547562 0 0 0 0 0 547562 0 0 0 0 0
2.37 -547560 0 0 0 0 0 547560 0 0 0 0 0
2.38 -547558 0 0 0 0 0 547558 0 0 0 0 0
2.39 -547556 0 0 0 0 0 547556 0 0 0 0 0
2.4 -547554 0 0 0 0 0 547554 0 0 0 0 0
2.41 -547552 0 0 0 0 0 547552 0 0 0 0 0
2.42 -547549 0 0 0 0 0 547549 0 0 0 0 0
2.43 -547548 0 0 0 0 0 547548 0 0 0 0 0
2.44 -547546 0 0 0 0 0 547546 0 0 0 0 0
2.45 -547544 0 0 0 0 0 547544 0 0 0 0 0
2.46 -547543 0 0 0 0 0 547543 0 0 0 0 0
2.47 -547541 0 0 0 0 0 547541 0 0 0 0 0
2.48 -547540 0 0 0 0 0 547540 0 0 0 0 0
2.49 -547539 0 0 0 0 0 547539 0 0 0 0 0
2.5 -547538 0 0 0 0 0 547538 0 0 0 0 0
2.51 -547537 0 0 0 0 0 547537 0 0 0 0 0
2.52 -547537 0 0 0 0 0 547537 0 0 0 0 0
2.53 -547536 0 0 0 0 0 547536 0 0 0 0 0
2.54 -547536 0 0 0 0 0 547536 0 0 0 0 0
2.55 -547536 0 0 0 0 0 547536 0 0 0 0 0
2.56 -547536 0 0 0 0 0 547536 0 0 0 0 0
2.57 -547536 0 0 0 0 0 547536 0 0 0 0 0
2.58 -547537 0 0 0 0 0 547537 0 0 0 0 0
2.59 -547537 0 0 0 0 0 547537 0 0 0 0 0
2.6 -547538 0 0 0 0 0 547538 0 0 0 0 0
2.61 -547538 0 0 0 0 0 547538 0 0 0 0 0
2.62 -547538 0 0 0 0 0 547538 0 0 0 0 0
2.63 -547539 0 0 0 0 0 547539 0 0 0 0 0
2.64 -547539 0 0 0 0 0 547539 0 0 0 0 0
2.65 -547539 0 0 0 0 0 547539 0 0 0 0 0
2.66 -547539 0 0 0 0 0 547539 0 0 0 0 0
2.67 -547539 0 0 0 0 0 547539 0 0 0 0 0
2.68 -547539 0 0 0 0 0 547539 0 0 0 0 0
2.69 -547539 0 0 0 0 0 547539 0 0 0 0 0
2.7 -547538 0 0 0 0 0 547538 0 0 0 0 0
2.71 -547537 0 0 0 0 0 547537 0 0 0 0 0
2.72 -547537 0 0 0 0 0 547537 0 0 0 0 0
2.73 -547536 0 0 0 0 0 547536 0 0 0 0 0
2.74 -547534 0 0 0 0 0 547534 0 0 0 0 0
2.75 -547533 0 0 0 0 0 547533 0 0 0 0 0
2.76 -547531 0 0 0 0 0 547531 0 0 0 0 0
2.77 -547529 0 0 0 0 0 547529 0 0 0 0 0
2.78 -547527 0 0 0 0 0 547527 0 0 0 0 0
2.79 -547525 0 0 0 0 0 547525 0 0 0 0 0
2.8 -547523 0 0 0 0 0 547523 0 0 0 0 0
2.81 -547520 0 0 0 0 0 547520 0 0 0 0 0
2.82 -547518 0 0 0 0 0 547518 0 0 0 0 0
2.83 -547515 0 0 0 0 0 547515 0 0 0 0 0
2.84 -547513 0 0 0 0 0 547513 0 0 0 0 0
2.85 -547510 0 0 0 0 0 547510 0 0 0 0 0
2.86 -547507 0 0 0 0 0 547507 0 0 0 0 0
2.87 -547505 0 0 0 0 0 547505 0 0 0 0 0
2.88 -547502 0 0 0 0 0 547502 0 0 0 0 0
2.89 -547500 0 0 0 0 0 547500 0 0 0 0 0
2.9 -547497 0 0 0 0 0 547497 0 0 0 0 0
2.91 -547495 0 0 0 0 0 547495 0 0 0 0 0
2.92 -547492 0 0 0 0 0 547492 0 0 0 0 0
2.93 -547490 0 0 0 0 0 547490 0 0 0 0 0
2.94 -547488 0 0 0 0 0 547488 0 0 0 0 0
2.95 -547486 0 0 0 0 0 547486 0 0 0 0 0
2.96 -547484 0 0 0 0 0 547484 0 0 0 0 0
2.97 -547483 0 0 0 0 0 547483 0 0 0 0 0
2.98 -547482 0 0 0 0 0 547482 0 0 0 0 0
2.99 -547481 0 0 0 0 0 547481 0 0 0 0 0
3 -547480 0 0 0 0 0 547480 0 0 0 0 0
3.01 -547480 0 0 0 0 0 547480 0 0 0 0 0
3.02 -547479 0 0 0 0 0 547479 0 0 0 0 0
3.03 -547480 0 0 0 0 0 547480 0 0 0 0 0
3.04 -547480 0 0 0 0 0 547480 0 0 0 0 0
3.05 -547481 0 0 0 0 0 547481 0 0 0 0 0
3.06 -547482 0 0 0 0 0 547482 0 0 0 0 0
3.07 -547483 0 0 0 0 0 547483 0 0 0 0 0
3.08 -547485 0 0 0 0 0 547485 0 0 0 0 0
3.09 -547487 0 0 0 0 0 547487 0 0 0 0 0
3.1 -547489 0 0 0 0 0 547489 0 0 0 0 0
3.11 -547491 0 0 0 0 0 547491 0 0 0 0 0
3.12 -547493 0 0 0 0 0 547493 0 0 0 0 0
3.13 -547495 0 0 0 0 0 547495 0 0 0 0 0
3.14 -547498 0 0 0 0 0 547498 0 0 0 0 0
3.15 -547501 0 0 0 0 0 547501 0 0 0 0 0
3.16 -547503 0 0 0 0 0 547503 0 0 0 0 0
3.17 -547506 0 0 0 0 0 547506 0 0 0 0 0
3.18 -547508 0 0 0 0 0 547508 0 0 0 0 0
3.19 -547511 0 0 0 0 0 547511 0 0 0 0 0
3.2 -547513 0 0 0 0 0 547513 0 0 0 0 0
3.21 -547515 0 0 0 0 0 547515 0 0 0 0 0
3.22 -547517 0 0 0 0 0 547517 0 0 0 0 0
3.23 -547518 0 0 0 0 0 547518 0 0 0 0 0
3.24 -547519 0 0 0 0 0 547519 0 0 0 0 0
3.25 -547520 0 0 0 0 0 547520 0 0 0 0 0
3.26 -547520 0 0 0 0 0 547520 0 0 0 0 0
3.27 -547519 0 0 0 0 0 547519 0 0 0 0 0
3.28 -547518 0 0 0 0 0 547518 0 0 0 0 0
3.29 -547516 0 0 0 0 0 547516 0 0 0 0 0
3.3 -547514 0 0 0 0 0 547514 0 0 0 0 0
3.31 -547511 0 0 0 0 0 547511 0 0 0 0 0
3.32 -547507 0 0 0 0 0 547507 0 0 0 0 0
3.33 -547502 0 0 0 0 0 547502 0 0 0 0 0
3.34 -547497 0 0 0 0 0 547497 0 0 0 0 0
3.35 -547491 0 0 0 0 0 547491 0 0 0 0 0
3.36 -547485 0 0 0 0 0 547485 0 0 0 0 0
3.37 -547478 0 0 0 0 0 547478 0 0 0 0 0
3.38 -547470 0 0 0 0 0 547470 0 0 0 0 0
3.39 -547461 0 0 0 0 0 547461 0 0 0 0 0
3.4 -547453 0 0 0 0 0 547453 0 0 0 0 0
3.41 -547443 0 0 0 0 0 547443 0 0 0 0 0
3.42 -547434 0 0 0 0 0 547434 0 0 0 0 0
3.43 -547424 0 0 0 0 0 547424 0 0 0 0 0
3.44 -547414 0 0 0 0 0 547414 0 0 0 0 0
3.45 -547403 0 0 0 0 0 547403 0 0 0 0 0
3.46 -547393 0 0 0 0 0 547393 0 0 0 0 0
3.47 -547382 0 0 0 0 0 547382 0 0 0 0 0
3.48 -547372 0 0 0 0 0 547372 0 0 0 0 0
3.49 -547361 0 0 0 0 0 547361 0 0 0 0 0
3.5 -547350 0 0 0 0 0 547350 0 0 0 0 0
3.51 -547339 0 0 0 0 0 547339 0 0 0 0 0
3.52 -547327 0 0 0 0 0 547327 0 0 0 0 0
3.53 -547316 0 0 0 0 0 547316 0 0 0 0 0
3.54 -547304 0 0 0 0 0 547304 0 0 0 0 0
3.55 -547292 0 0 0 0 0 547292 0 0 0 0 0
3.56 -547279 0 0 0 0 0 547279 0 0 0 0 0
3.57 -547265 0 0 0 0 0 547265 0 0 0 0 0
3.58 -547250 0 0 0 0 0 547250 0 0 0 0 0
3.59 -547235 0 0 0 0 0 547235 0 0 0 0 0
3.6 -547218 0 0 0 0 0 547218 0 0 0 0 0
3.61 -547200 0 0 0 0 0 547200 0 0 0 0 0
3.62 -547180 0 0 0 0 0 547180 0 0 0 0 0
3.63 -547158 0 0 0 0 0 547158 0 0 0 0 0
3.64 -547134 0 0 0 0 0 547134 0 0 0 0 0
3.65 -547107 0 0 0 0 0 547107 0 0 0 0 0
3.66 -547079 0 0 0 0 0 547079 0 0 0 0 0
3.67 -547048 0 0 0 0 0 547048 0 0 0 0 0
3.68 -547014 0 0 0 0 0 547014 0 0 0 0 0
3.69 -546978 0 0 0 0 0 546978 0 0 0 0 0
3.7 -546939 0 0 0 0 0 546939 0 0 0 0 0
3.71 -546899 0 0 0 0 0 546899 0 0 0 0 0
3.72 -546856 0 0 0 0 0 546856 0 0 0 0 0
3.73 -546811 0 0 0 0 0 546811 0 0 0 0 0
3.74 -546765 0 0 0 0 0 546765 0 0 0 0 0
3.75 -546718 0 0 0 0 0 546718 0 0 0 0 0
3.76 -546670 0 0 0 0 0 546670 0 0 0 0 0
3.77 -546622 0 0 0 0 0 546622 0 0 0 0 0
3.78 -546575 0 0 0 0 0 546575 0 0 0 0 0
3.79 -546529 0 0 0 0 0 546529 0 0 0 0 0
3.8 -546485 0 0 0 0 0 546485 0 0 0 0 0
3.81 -546442 0 0 0 0 0 546442 0 0 0 0 0
3.82 -546403 0 0 0 0 0 546403 0 0 0 0 0
3.83 -546367 0 0 0 0 0 546367 0 0 0 0 0
3.84 -546335 0 0 0 0 0 546335 0 0 0 0 0
3.85 -546308 0 0 0 0 0 546308 0 0 0 0 0
3.86 -546287 0 0 0 0 0 546287 0 0 0 0 0
3.87 -546272 0 0 0 0 0 546272 0 0 0 0 0
3.88 -546263 0 0 0 0 0 546263 0 0 0 0 0
3.89 -546263 0 0 0 0 0 546263 0 0 0 0 0
3.9 -546270 0 0 0 0 0 546270 0 0 0 0 0
3.91 -546285 0 0 0 0 0 546285 0 0 0 0 0
3.92 -546308 0 0 0 0 0 546308 0 0 0 0 0
3.93 -546340 0 0 0 0 0 546340 0 0 0 0 0
3.94 -546380 0 0 0 0 0 546380 0 0 0 0 0
3.95 -546428 0 0 0 0 0 546428 0 0 0 0 0
3.96 -546485 0 0 0 0 0 546485 0 0 0 0 0
3.97 -546550 0 0 0 0 0 546550 0 0 0 0 0
3.98 -546622 0 0 0 0 0 546622 0 0 0 0 0
3.99 -546700 0 0 0 0 0 546700 0 0 0 0 0
4 -546785 0 0 0 0 0 546785 0 0 0 0 0
4.01 -546876 0 0 0 0 0 546876 0 0 0 0 0
4.02 -546972 0 0 0 0 0 546972 0 0 0 0 0
4.03 -547072 0 0 0 0 0 547072 0 0 0 0 0
4.04 -547175 0 0 0 0 0 547175 0 0 0 0 0
4.05 -547280 0 0 0 0 0 547280 0 0 0 0 0
4.06 -547387 0 0 0 0 0 547387 0 0 0 0 0
4.07 -547494 0 0 0 0 0 547494 0 0 0 0 0
4.08 -547601 0 0 0 0 0 547601 0 0 0 0 0
4.09 -547706 0 0 0 0 0 547706 0 0 0 0 0
4.1 -547809 0 0 0 0 0 547809 0 0 0 0 0
4.11 -547909 0 0 0 0 0 547909 0 0 0 0 0
4.12 -548005 0 0 0 0 0 548005 0 0 0 0 0
4.13 -548097 0 0 0 0 0 548097 0 0 0 0 0
4.14 -548184 0 0 0 0 0 548184 0 0 0 0 0
4.15 -548264 0 0 0 0 0 548264 0 0 0 0 0
4.16 -548339 0 0 0 0 0 548339 0 0 0 0 0
4.17 -548407 0 0 0 0 0 548407 0 0 0 0 0
4.18 -548467 0 0 0 0 0 548467 0 0 0 0 0
4.19 -548521 0 0 0 0 0 548521 0 0 0 0 0
4.2 -548567 0 0 0 0 0 548567 0 0 0 0 0
4.21 -548606 0 0 0 0 0 548606 0 0 0 0 0
4.22 -548637 0 0 0 0 0 548637 0 0 0 0 0
4.23 -548660 0 0 0 0 0 548660 0 0 0 0 0
4.24 -548676 0 0 0 0 0 548676 0 0 0 0 0
4.25 -548684 0 0 0 0 0 548684 0 0 0 0 0
4.26 -548686 0 0 0 0 0 548686 0 0 0 0 0
4.27 -548680 0 0 0 0 0 548680 0 0 0 0 0
4.28 -548668 0 0 0 0 0 548668 0 0 0 0 0
4.29 -548650 0 0 0 0 0 548650 0 0 0 0 0
4.3 -548626 0 0 0 0 0 548626 0 0 0 0 0
4.31 -548596 0 0 0 0 0 548596 0 0 0 0 0
4.32 -548561 0 0 0 0 0 548561 0 0 0 0 0
4.33 -548522 0 0 0 0 0 548522 0 0 0 0 0
4.34 -548478 0 0 0 0 0 548478 0 0 0 0 0
4.35 -548431 0 0 0 0 0 548431 0 0 0 0 0
4.36 -548381 0 0 0 0 0 548381 0 0 0 0 0
4.37 -548327 0 0 0 0 0 548327 0 0 0 0 0
4.38 -548271 0 0 0 0 0 548271 0 0 0 0 0
4.39 -548213 0 0 0 0 0 548213 0 0 0 0 0
4.4 -548153 0 0 0 0 0 548153 0 0 0 0 0
4.41 -548091 0 0 0 0 0 548091 0 0 0 0 0
4.42 -548028 0 0 0 0 0 548028 0 0 0 0 0
4.43 -547964 0 0 0 0 0 547964 0 0 0 0 0
4.44 -547900 0 0 0 0 0 547900 0 0 0 0 0
4.45 -547835 0 0 0 0 0 547835 0 0 0 0 0
4.46 -547769 0 0 0 0 0 547769 0 0 0 0 0
4.47 -547704 0 0 0 0 0 547704 0 0 0 0 0
4.48 -547638 0 0 0 0 0 547638 0 0 0 0 0
4.49 -547572 0 0 0 0 0 547572 0 0 0 0 0
4.5 -547506 0 0 0 0 0 547506 0 0 0 0 0
4.51 -547440 0 0 0 0 0 547440 0 0 0 0 0
4.52 -547375 0 0 0 0 0 547375 0 0 0 0 0
4.53 -547309 0 0 0 0 0 547309 0 0 0 0 0
4.54 -547243 0 0 0 0 0 547243 0 0 0 0 0
4.55 -547178 0 0 0 0 0 547178 0 0 0 0 0
4.56 -547113 0 0 0 0 0 547113 0 0 0 0 0
4.57 -547049 0 0 0 0 0 547049 0 0 0 0 0
4.58 -546985 0 0 0 0 0 546985 0 0 0 0 0
4.59 -546922 0 0 0 0 0 546922 0 0 0 0 0
4.6 -546860 0 0 0 0 0 546860 0 0 0 0 0
4.61 -546799 0 0 0 0 0 546799 0 0 0 0 0
4.62 -546740 0 0 0 0 0 546740 0 0 0 0 0
4.63 -546683 0 0 0 0 0 546683 0 0 0 0 0
4.64 -546627 0 0 0 0 0 546627 0 0 0 0 0
4.65 -546574 0 0 0 0 0 546574 0 0 0 0 0
4.66 -546524 0 0 0 0 0 546524 0 0 0 0 0
4.67 -546476 0 0 0 0 0 546476 0 0 0 0 0
4.68 -546432 0 0 0 0 0 546432 0 0 0 0 0
4.69 -546392 0 0 0 0 0 546392 0 0 0 0 0
4.7 -546356 0 0 0 0 0 546356 0 0 0 0 0
4.71 -546324 0 0 0 0 0 546324 0 0 0 0 0
4.72 -546297 0 0 0 0 0 546297 0 0 0 0 0
4.73 -546275 0 0 0 0 0 546275 0 0 0 0 0
4.74 -546259 0 0 0 0 0 546259 0 0 0 0 0
4.75 -546249 0 0 0 0 0 546249 0 0 0 0 0
4.76 -546245 0 0 0 0 0 546245 0 0 0 0 0
4.77 -546248 0 0 0 0 0 546248 0 0 0 0 0
4.78 -546259 0 0 0 0 0 546259 0 0 0 0 0
4.79 -546277 0 0 0 0 0 546277 0 0 0 0 0
4.8 -546303 0 0 0 0 0 546303 0 0 0 0 0
4.81 -546338 0 0 0 0 0 546338 0 0 0 0 0
4.82 -546380 0 0 0 0 0 546380 0 0 0 0 0
4.83 -546431 0 0 0 0 0 546431 0 0 0 0 0
4.84 -546491 0 0 0 0 0 546491 0 0 0 0 0
4.85 -546559 0 0 0 0 0 546559 0 0 0 0 0
4.86 -546634 0 0 0 0 0 546634 0 0 0 0 0
4.87 -546718 0 0 0 0 0 546718 0 0 0 0 0
4.88 -546809 0 0 0 0 0 546809 0 0 0 0 0
4.89 -546907 0 0 0 0 0 546907 0 0 0 0 0
4.9 -547012 0 0 0 0 0 547012 0 0 0 0 0
4.91 -547122 0 0 0 0 0 547122 0 0 0 0 0
4.92 -547238 0 0 0 0 0 547238 0 0 0 0 0
4.93 -547358 0 0 0 0 0 547358 0 0 0 0 0
4.94 -547482 0 0 0 0 0 547482 0 0 0 0 0
4.95 -547609 0 0 0 0 0 547609 0 0 0 0 0
4.96 -547738 0 0 0 0 0 547738 0 0 0 0 0
4.97 -547868 0 0 0 0 0 547868 0 0 0 0 0
4.98 -547999 0 0 0 0 0 547999 0 0 0 0 0
4.99 -548129 0 0 0 0 0 548129 0 0 0 0 0
5 -548257 0 0 0 0 0 548257 0 0 0 0 0
5.01 -548383 0 0 0 0 0 548383 0 0 0 0 0
5.02 -548505 0 0 0 0 0 548505 0 0 0 0 0
5.03 -548622 0 0 0 0 0 548622 0 0 0 0 0
5.04 -548734 0 0 0 0 0 548734 0 0 0 0 0
5.05 -548839 0 0 0 0 0 548839 0 0 0 0 0
5.06 -548938 0 0 0 0 0 548938 0 0 0 0 0
5.07 -549029 0 0 0 0 0 549029 0 0 0 0 0
5.08 -549111 0 0 0 0 0 549111 0 0 0 0 0
5.09 -549184 0 0 0 0 0 549184 0 0 0 0 0
5.1 -549248 0 0 0 0 0 549248 0 0 0 0 0
5.11 -549301 0 0 0 0 0 549301 0 0 0 0 0
5.12 -549345 0 0 0 0 0 549345 0 0 0 0 0
5.13 -549378 0 0 0 0 0 549378 0 0 0 0 0
5.14 -549402 0 0 0 0 0 549402 0 0 0 0 0
5.15 -549415 0 0 0 0 0 549415 0 0 0 0 0
5.16 -549418 0 0 0 0 0 549418 0 0 0 0 0
5.17 -549411 0 0 0 0 0 549411 0 0 0 0 0
5.18 -549396 0 0 0 0 0 549396 0 0 0 0 0
5.19 -549371 0 0 0 0 0 549371 0 0 0 0 0
5.2 -549339 0 0 0 0 0 549339 0 0 0 0 0
5.21 -549300 0 0 0 0 0 549300 0 0 0 0 0
5.22 -549254 0 0 0 0 0 549254 0 0 0 0 0
5.23 -549202 0 0 0 0 0 549202 0 0 0 0 0
5.24 -549146 0 0 0 0 0 549146 0 0 0 0 0
5.25 -549085 0 0 0 0 0 549085 0 0 0 0 0
5.26 -549022 0 0 0 0 0 549022 0 0 0 0 0
5.27 -548957 0 0 0 0 0 548957 0 0 0 0 0
5.28 -548891 0 0 0 0 0 548891 0 0 0 0 0
5.29 -548826 0 0 0 0 0 548826 0 0 0 0 0
5.3 -548761 0 0 0 0 0 548761 0 0 0 0 0
5.31 -548699 0 0 0 0 0 548699 0 0 0 0 0
5.32 -548640 0 0 0 0 0 548640 0 0 0 0 0
5.33 -548584 0 0 0 0 0 548584 0 0 0 0 0
5.34 -548534 0 0 0 0 0 548534 0 0 0 0 0
5.35 -548489 0 0 0 0 0 548489 0 0 0 0 0
5.36 -548450 0 0 0 0 0 548450 0 0 0 0 0
5.37 -548418 0 0 0 0 0 548418 0 0 0 0 0
5.38 -548394 0 0 0 0 0 548394 0 0 0 0 0
5.39 -548377 0 0 0 0 0 548377 0 0 0 0 0
5.4 -548367 0 0 0 0 0 548367 0 0 0 0 0
5.41 -548366 0 0 0 0 0 548366 0 0 0 0 0
5.42 -548373 0 0 0 0 0 548373 0 0 0 0 0
5.43 -548388 0 0 0 0 0 548388 0 0 0 0 0
5.44 -548410 0 0 0 0 0 548410 0 0 0 0 0
5.45 -548440 0 0 0 0 0 548440 0 0 0 0 0
5.46 -548478 0 0 0 0 0 548478 0 0 0 0 0
5.47 -548522 0 0 0 0 0 548522 0 0 0 0 0
5.48 -548572 0 0 0 0 0 548572 0 0 0 0 0
5.49 -548628 0 0 0 0 0 548628 0 0 0 0 0
5.5 -548690 0 0 0 0 0 548690 0 0 0 0 0
5.51 -548756 0 0 0 0 0 548756 0 0 0 0 0
5.52 -548826 0 0 0 0 0 548826 0 0 0 0 0
5.53 -548899 0 0 0 0 0 548899 0 0 0 0 0
5.54 -548974 0 0 0 0 0 548974 0 0 0 0 0
5.55 -549052 0 0 0 0 0 549052 0 0 0 0 0
5.56 -549130 0 0 0 0 0 549130 0 0 0 0 0
5.57 -549208 0 0 0 0 0 549208 0 0 0 0 0
5.58 -549286 0 0 0 0 0 549286 0 0 0 0 0
5.59 -549362 0 0 0 0 0 549362 0 0 0 0 0
5.6 -549436 0 0 0 0 0 549436 0 0 0 0 0
5.61 -549507 0 0 0 0 0 549507 0 0 0 0 0
5.62 -549575 0 0 0 0 0 549575 0 0 0 0 0
5.63 -549638 0 0 0 0 0 549638 0 0 0 0 0
5.64 -549695 0 0 0 0 0 549695 0 0 0 0 0
5.65 -549748 0 0 0 0 0 549748 0 0 0 0 0
5.66 -549794 0 0 0 0 0 549794 0 0 0 0 0
5.67 -549833 0 0 0 0 0 549833 0 0 0 0 0
5.68 -549865 0 0 0 0 0 549865 0 0 0 0 0
5.69 -549890 0 0 0 0 0 549890 0 0 0 0 0
5.7 -549906 0 0 0 0 0 549906 0 0 0 0 0
5.71 -549914 0 0 0 0 0 549914 0 0 0 0 0
5.72 -549913 0 0 0 0 0 549913 0 0 0 0 0
5.73 -549903 0 0 0 0 0 549903 0 0 0 0 0
5.74 -549884 0 0 0 0 0 549884 0 0 0 0 0
5.75 -549857 0 0 0 0 0 549857 0 0 0 0 0
5.76 -549820 0 0 0 0 0 549820 0 0 0 0 0
5.77 -549775 0 0 0 0 0 549775 0 0 0 0 0
5.78 -549721 0 0 0 0 0 549721 0 0 0 0 0
5.79 -549659 0 0 0 0 0 549659 0 0 0 0 0
5.8 -549588 0 0 0 0 0 549588 0 0 0 0 0
5.81 -549511 0 0 0 0 0 549511 0 0 0 0 0
5.82 -549426 0 0 0 0 0 549426 0 0 0 0 0
5.83 -549335 0 0 0 0 0 549335 0 0 0 0 0
5.84 -549238 0 0 0 0 0 549238 0 0 0 0 0
5.85 -549135 0 0 0 0 0 549135 0 0 0 0 0
5.86 -549029 0 0 0 0 0 549029 0 0 0 0 0
5.87 -548918 0 0 0 0 0 548918 0 0 0 0 0
5.88 -548805 0 0 0 0 0 548805 0 0 0 0 0
5.89 -548689 0 0 0 0 0 548689 0 0 0 0 0
5.9 -548572 0 0 0 0 0 548572 0 0 0 0 0
5.91 -548454 0 0 0 0 0 548454 0 0 0 0 0
5.92 -548336 0 0 0 0 0 548336 0 0 0 0 0
5.93 -548220 0 0 0 0 0 548220 0 0 0 0 0
5.94 -548105 0 0 0 0 0 548105 0 0 0 0 0
5.95 -547992 0 0 0 0 0 547992 0 0 0 0 0
5.96 -547882 0 0 0 0 0 547882 0 0 0 0 0
5.97 -547776 0 0 0 0 0 547776 0 0 0 0 0
5.98 -547674 0 0 0 0 0 547674 0 0 0 0 0
5.99 -547576 0 0 0 0 0 547576 0 0 0 0 0
6 -547483 0 0 0 0 0 547483 0 0 0 0 0
6.01 -547396 0 0 0 0 0 547396 0 0 0 0 0
6.02 -547314 0 0 0 0 0 547314 0 0 0 0 0
6.03 -547238 0 0 0 0 0 547238 0 0 0 0 0
6.04 -547168 0 0 0 0 0 547168 0 0 0 0 0
6.05 -547104 0 0 0 0 0 547104 0 0 0 0 0
6.06 -547045 0 0 0 0 0 547045 0 0 0 0 0
6.07 -546993 0 0 0 0 0 546993 0 0 0 0 0
6.08 -546947 0 0 0 0 0 546947 0 0 0 0 0
6.09 -546905 0 0 0 0 0 546905 0 0 0 0 0
6.1 -546870 0 0 0 0 0 546870 0 0 0 0 0
6.11 -546839 0 0 0 0 0 546839 0 0 0 0 0
6.12 -546812 0 0 0 0 0 546812 0 0 0 0 0
6.13 -546790 0 0 0 0 0 546790 0 0 0 0 0
6.14 -546772 0 0 0 0 0 546772 0 0 0 0 0
6.15 -546757 0 0 0 0 0 546757 0 0 0 0 0
6.16 -546745 0 0 0 0 0 546745 0 0 0 0 0
6.17 -546736 0 0 0 0 0 546736 0 0 0 0 0
6.18 -546729 0 0 0 0 0 546729 0 0 0 0 0
6.19 -546724 0 0 0 0 0 546724 0 0 0 0 0
6.2 -546720 0 0 0 0 0 546720 0 0 0 0 0
6.21 -546718 0 0 0 0 0 546718 0 0 0 0 0
6.22 -546715 0 0 0 0 0 546715 0 0 0 0 0
6.23 -546713 0 0 0 0 0 546713 0 0 0 0 0
6.24 -546711 0 0 0 0 0 546711 0 0 0 0 0
6.25 -546708 0 0 0 0 0 546708 0 0 0 0 0
6.26 -546704 0 0 0 0 0 546704 0 0 0 0 0
6.27 -546699 0 0 0 0 0 546699 0 0 0 0 0
6.28 -546692 0 0 0 0 0 546692 0 0 0 0 0
6.29 -546683 0 0 0 0 0 546683 0 0 0 0 0
6.3 -546671 0 0 0 0 0 546671 0 0 0 0 0
6.31 -546657 0 0 0 0 0 546657 0 0 0 0 0
6.32 -546641 0 0 0 0 0 546641 0 0 0 0 0
6.33 -546621 0 0 0 0 0 546621 0 0 0 0 0
6.34 -546599 0 0 0 0 0 546599 0 0 0 0 0
6.35 -546573 0 0 0 0 0 546573 0 0 0 0 0
6.36 -546543 0 0 0 0 0 546543 0 0 0 0 0
6.37 -546510 0 0 0 0 0 546510 0 0 0 0 0
6.38 -546472 0 0 0 0 0 546472 0 0 0 0 0
6.39 -546431 0 0 0 0 0 546431 0 0 0 0 0
6.4 -546386 0 0 0 0 0 546386 0 0 0 0 0
6.41 -546336 0 0 0 0 0 546336 0 0 0 0 0
6.42 -546283 0 0 0 0 0 546283 0 0 0 0 0
6.43 -546225 0 0 0 0 0 546225 0 0 0 0 0
6.44 -546164 0 0 0 0 0 546164 0 0 0 0 0
6.45 -546099 0 0 0 0 0 546099 0 0 0 0 0
6.46 -546030 0 0 0 0 0 546030 0 0 0 0 0
6.47 -545958 0 0 0 0 0 545958 0 0 0 0 0
6.48 -545884 0 0 0 0 0 545884 0 0 0 0 0
6.49 -545806 0 0 0 0 0 545806 0 0 0 0 0
6.5 -545727 0 0 0 0 0 545727 0 0 0 0 0
6.51 -545646 0 0 0 0 0 545646 0 0 0 0 0
6.52 -545563 0 0 0 0 0 545563 0 0 0 0 0
6.53 -545481 0 0 0 0 0 545481 0 0 0 0 0
6.54 -545398 0 0 0 0 0 545398 0 0 0 0 0
6.55 -545317 0 0 0 0 0 545317 0 0 0 0 0
6.56 -545237 0 0 0 0 0 545237 0 0 0 0 0
6.57 -545159 0 0 0 0 0 545159 0 0 0 0 0
6.58 -545085 0 0 0 0 0 545085 0 0 0 0 0
6.59 -545014 0 0 0 0 0 545014 0 0 0 0 0
6.6 -544948 0 0 0 0 0 544948 0 0 0 0 0
6.61 -544888 0 0 0 0 0 544888 0 0 0 0 0
6.62 -544834 0 0 0 0 0 544834 0 0 0 0 0
6.63 -544788 0 0 0 0 0 544788 0 0 0 0 0
6.64 -544749 0 0 0 0 0 544749 0 0 0 0 0
6.65 -544720 0 0 0 0 0 544720 0 0 0 0 0
6.66 -544700 0 0 0 0 0 544700 0 0 0 0 0
6.67 -544690 0 0 0 0 0 544690 0 0 0 0 0
6.68 -544691 0 0 0 0 0 544691 0 0 0 0 0
6.69 -544703 0 0 0 0 0 544703 0 0 0 0 0
6.7 -544725 0 0 0 0 0 544725 0 0 0 0 0
6.71 -544759 0 0 0 0 0 544759 0 0 0 0 0
6.72 -544803 0 0 0 0 0 544803 0 0 0 0 0
6.73 -544858 0 0 0 0 0 544858 0 0 0 0 0
6.74 -544922 0 0 0 0 0 544922 0 0 0 0 0
6.75 -544997 0 0 0 0 0 544997 0 0 0 0 0
6.76 -545080 0 0 0 0 0 545080 0 0 0 0 0
6.77 -545172 0 0 0 0 0 545172 0 0 0 0 0
6.78 -545271 0 0 0 0 0 545271 0 0 0 0 0
6.79 -545376 0 0 0 0 0 545376 0 0 0 0 0
6.8 -545487 0 0 0 0 0 545487 0 0 0 0 0
6.81 -545601 0 0 0 0 0 545601 0 0 0 0 0
6.82 -545718 0 0 0 0 0 545718 0 0 0 0 0
6.83 -545837 0 0 0 0 0 545837 0 0 0 0 0
6.84 -545957 0 0 0 0 0 545957 0 0 0 0 0
6.85 -546076 0 0 0 0 0 546076 0 0 0 0 0
6.86 -546193 0 0 0 0 0 546193 0 0 0 0 0
6.87 -546307 0 0 0 0 0 546307 0 0 0 0 0
6.88 -546417 0 0 0 0 0 546417 0 0 0 0 0
6.89 -546523 0 0 0 0 0 546523 0 0 0 0 0
6.9 -546623 0 0 0 0 0 546623 0 0 0 0 0
6.91 -546717 0 0 0 0 0 546717 0 0 0 0 0
6.92 -546805 0 0 0 0 0 546805 0 0 0 0 0
6.93 -546886 0 0 0 0 0 546886 0 0 0 0 0
6.94 -546960 0 0 0 0 0 546960 0 0 0 0 0
6.95 -547027 0 0 0 0 0 547027 0 0 0 0 0
6.96 -547086 0 0 0 0 0 547086 0 0 0 0 0
6.97 -547139 0 0 0 0 0 547139 0 0 0 0 0
6.98 -547184 0 0 0 0 0 547184 0 0 0 0 0
6.99 -547222 0 0 0 0 0 547222 0 0 0 0 0
7 -547254 0 0 0 0 0 547254 0 0 0 0 0
7.01 -547280 0 0 0 0 0 547280 0 0 0 0 0
7.02 -547300 0 0 0 0 0 547300 0 0 0 0 0
7.03 -547315 0 0 0 0 0 547315 0 0 0 0 0
7.04 -547325 0 0 0 0 0 547325 0 0 0 0 0
7.05 -547330 0 0 0 0 0 547330 0 0 0 0 0
7.06 -547331 0 0 0 0 0 547331 0 0 0 0 0
7.07 -547329 0 0 0 0 0 547329 0 0 0 0 0
7.08 -547324 0 0 0 0 0 547324 0 0 0 0 0
7.09 -547315 0 0 0 0 0 547315 0 0 0 0 0
7.1 -547304 0 0 0 0 0 547304 0 0 0 0 0
7.11 -547290 0 0 0 0 0 547290 0 0 0 0 0
7.12 -547275 0 0 0 0 0 547275 0 0 0 0 0
7.13 -547257 0 0 0 0 0 547257 0 0 0 0 0
7.14 -547238 0 0 0 0 0 547238 0 0 0 0 0
7.15 -547217 0 0 0 0 0 547217 0 0 0 0 0
7.16 -547194 0 0 0 0 0 547194 0 0 0 0 0
7.17 -547170 0 0 0 0 0 547170 0 0 0 0 0
7.18 -547144 0 0 0 0 0 547144 0 0 0 0 0
7.19 -547116 0 0 0 0 0 547116 0 0 0 0 0
7.2 -547088 0 0 0 0 0 547088 0 0 0 0 0
7.21 -547057 0 0 0 0 0 547057 0 0 0 0 0
7.22 -547025 0 0 0 0 0 547025 0 0 0 0 0
7.23 -546992 0 0 0 0 0 546992 0 0 0 0 0
7.24 -546958 0 0 0 0 0 546958 0 0 0 0 0
7.25 -546922 0 0 0 0 0 546922 0 0 0 0 0
7.26 -546885 0 0 0 0 0 546885 0 0 0 0 0
7.27 -546848 0 0 0 0 0 546848 0 0 0 0 0
7.28 -546810 0 0 0 0 0 546810 0 0 0 0 0
7.29 -546771 0 0 0 0 0 546771 0 0 0 0 0
7.3 -546733 0 0 0 0 0 546733 0 0 0 0 0
7.31 -546695 0 0 0 0 0 546695 0 0 0 0 0
7.32 -546658 0 0 0 0 0 546658 0 0 0 0 0
7.33 -546623 0 0 0 0 0 546623 0 0 0 0 0
7.34 -546589 0 0 0 0 0 546589 0 0 0 0 0
7.35 -546558 0 0 0 0 0 546558 0 0 0 0 0
7.36 -546529 0 0 0 0 0 546529 0 0 0 0 0
7.37 -546503 0 0 0 0 0 546503 0 0 0 0 0
7.38 -546481 0 0 0 0 0 546481 0 0 0 0 0
7.39 -546462 0 0 0 0 0 546462 0 0 0 0 0
7.4 -546447 0 0 0 0 0 546447 0 0 0 0 0
7.41 -546437 0 0 0 0 0 546437 0 0 0 0 0
7.42 -546431 0 0 0 0 0 546431 0 0 0 0 0
7.43 -546431 0 0 0 0 0 546431 0 0 0 0 0
7.44 -546436 0 0 0 0 0 546436 0 0 0 0 0
7.45 -546446 0 0 0 0 0 546446 0 0 0 0 0
7.46 -546462 0 0 0 0 0 546462 0 0 0 0 0
7.47 -546484 0 0 0 0 0 546484 0 0 0 0 0
7.48 -546512 0 0 0 0 0 546512 0 0 0 0 0
7.49 -546545 0 0 0 0 0 546545 0 0 0 0 0
7.5 -546583 0 0 0 0 0 546583 0 0 0 0 0
7.51 -546626 0 0 0 0 0 546626 0 0 0 0 0
7.52 -546674 0 0 0 0 0 546674 0 0 0 0 0
7.53 -546727 0 0 0 0 0 546727 0 0 0 0 0
7.54 -546784 0 0 0 0 0 546784 0 0 0 0 0
7.55 -546844 0 0 0 0 0 546844 0 0 0 0 0
7.56 -546907 0 0 0 0 0 546907 0 0 0 0 0
7.57 -546973 0 0 0 0 0 546973 0 0 0 0 0
7.58 -547042 0 0 0 0 0 547042 0 0 0 0 0
7.59 -547112 0 0 0 0 0 547112 0 0 0 0 0
7.6 -547183 0 0 0 0 0 547183 0 0 0 0 0
7.61 -547254 0 0 0 0 0 547254 0 0 0 0 0
7.62 -547326 0 0 0 0 0 547326 0 0 0 0 0
7.63 -547397 0 0 0 0 0 547397 0 0 0 0 0
7.64 -547468 0 0 0 0 0 547468 0 0 0 0 0
7.65 -547537 0 0 0 0 0 547537 0 0 0 0 0
7.66 -547605 0 0 0 0 0 547605 0 0 0 0 0
7.67 -547670 0 0 0 0 0 547670 0 0 0 0 0
7.68 -547734 0 0 0 0 0 547734 0 0 0 0 0
7.69 -547794 0 0 0 0 0 547794 0 0 0 0 0
7.7 -547852 0 0 0 0 0 547852 0 0 0 0 0
7.71 -547907 0 0 0 0 0 547907 0 0 0 0 0
7.72 -547958 0 0 0 0 0 547958 0 0 0 0 0
7.73 -548005 0 0 0 0 0 548005 0 0 0 0 0
7.74 -548049 0 0 0 0 0 548049 0 0 0 0 0
7.75 -548088 0 0 0 0 0 548088 0 0 0 0 0
7.76 -548124 0 0 0 0 0 548124 0 0 0 0 0
7.77 -548155 0 0 0 0 0 548155 0 0 0 0 0
7.78 -548181 0 0 0 0 0 548181 0 0 0 0 0
7.79 -548203 0 0 0 0 0 548203 0 0 0 0 0
7.8 -548221 0 0 0 0 0 548221 0 0 0 0 0
7.81 -548233 0 0 0 0 0 548233 0 0 0 0 0
7.82 -548241 0 0 0 0 0 548241 0 0 0 0 0
7.83 -548244 0 0 0 0 0 548244 0 0 0 0 0
7.84 -548241 0 0 0 0 0 548241 0 0 0 0 0
7.85 -548233 0 0 0 0 0 548233 0 0 0 0 0
7.86 -548220 0 0 0 0 0 548220 0 0 0 0 0
7.87 -548202 0 0 0 0 0 548202 0 0 0 0 0
7.88 -548179 0 0 0 0 0 548179 0 0 0 0 0
7.89 -548150 0 0 0 0 0 548150 0 0 0 0 0
7.9 -548117 0 0 0 0 0 548117 0 0 0 0 0
7.91 -548080 0 0 0 0 0 548080 0 0 0 0 0
7.92 -548039 0 0 0 0 0 548039 0 0 0 0 0
7.93 -547994 0 0 0 0 0 547994 0 0 0 0 0
7.94 -547946 0 0 0 0 0 547946 0 0 0 0 0
7.95 -547896 0 0 0 0 0 547896 0 0 0 0 0
7.96 -547844 0 0 0 0 0 547844 0 0 0 0 0
7.97 -547792 0 0 0 0 0 547792 0 0 0 0 0
7.98 -547739 0 0 0 0 0 547739 0 0 0 0 0
7.99 -547687 0 0 0 0 0 547687 0 0 0 0 0
8 -547637 0 0 0 0 0 547637 0 0 0 0 0
8.01 -547589 0 0 0 0 0 547589 0 0 0 0 0
8.02 -547545 0 0 0 0 0 547545 0 0 0 0 0
8.03 -547504 0 0 0 0 0 547504 0 0 0 0 0
8.04 -547468 0 0 0 0 0 547468 0 0 0 0 0
8.05 -547438 0 0 0 0 0 547438 0 0 0 0 0
8.06 -547413 0 0 0 0 0 547413 0 0 0 0 0
8.07 -547396 0 0 0 0 0 547396 0 0 0 0 0
8.08 -547385 0 0 0 0 0 547385 0 0 0 0 0
8.09 -547383 0 0 0 0 0 547383 0 0 0 0 0
8.1 -547388 0 0 0 0 0 547388 0 0 0 0 0
8.11 -547401 0 0 0 0 0 547401 0 0 0 0 0
8.12 -547422 0 0 0 0 0 547422 0 0 0 0 0
8.13 -547452 0 0 0 0 0 547452 0 0 0 0 0
8.14 -547489 0 0 0 0 0 547489 0 0 0 0 0
8.15 -547534 0 0 0 0 0 547534 0 0 0 0 0
8.16 -547587 0 0 0 0 0 547587 0 0 0 0 0
8.17 -547646 0 0 0 0 0 547646 0 0 0 0 0
8.18 -547712 0 0 0 0 0 547712 0 0 0 0 0
8.19 -547785 0 0 0 0 0 547785 0 0 0 0 0
8.2 -547863 0 0 0 0 0 547863 0 0 0 0 0
8.21 -547946 0 0 0 0 0 547946 0 0 0 0 0
8.22 -548033 0 0 0 0 0 548033 0 0 0 0 0
8.23 -548125 0 0 0 0 0 548125 0 0 0 0 0
8.24 -548220 0 0 0 0 0 548220 0 0 0 0 0
8.25 -548318 0 0 0 0 0 548318 0 0 0 0 0
8.26 -548417 0 0 0 0 0 548417 0 0 0 0 0
8.27 -548518 0 0 0 0 0 548518 0 0 0 0 0
8.28 -548620 0 0 0 0 0 548620 0 0 0 0 0
8.29 -548721 0 0 0 0 0 548721 0 0 0 0 0
8.3 -548822 0 0 0 0 0 548822 0 0 0 0 0
8.31 -548921 0 0 0 0 0 548921 0 0 0 0 0
8.32 -549019 0 0 0 0 0 549019 0 0 0 0 0
8.33 -549113 0 0 0 0 0 549113 0 0 0 0 0
8.34 -549204 0 0 0 0 0 549204 0 0 0 0 0
8.35 -549290 0 0 0 0 0 549290 0 0 0 0 0
8.36 -549372 0 0 0 0 0 549372 0 0 0 0 0
8.37 -549449 0 0 0 0 0 549449 0 0 0 0 0
8.38 -549519 0 0 0 0 0 549519 0 0 0 0 0
8.39 -549582 0 0 0 0 0 549582 0 0 0 0 0
8.4 -549639 0 0 0 0 0 549639 0 0 0 0 0
8.41 -549687 0 0 0 0 0 549687 0 0 0 0 0
8.42 -549728 0 0 0 0 0 549728 0 0 0 0 0
8.43 -549760 0 0 0 0 0 549760 0 0 0 0 0
8.44 -549783 0 0 0 0 0 549783 0 0 0 0 0
8.45 -549797 0 0 0 0 0 549797 0 0 0 0 0
8.46 -549802 0 0 0 0 0 549802 0 0 0 0 0
8.47 -549797 0 0 0 0 0 549797 0 0 0 0 0
8.48 -549782 0 0 0 0 0 549782 0 0 0 0 0
8.49 -549758 0 0 0 0 0 549758 0 0 0 0 0
8.5 -549725 0 0 0 0 0 549725 0 0 0 0 0
8.51 -549682 0 0 0 0 0 549682 0 0 0 0 0
8.52 -549630 0 0 0 0 0 549630 0 0 0 0 0
8.53 -549570 0 0 0 0 0 549570 0 0 0 0 0
8.54 -549501 0 0 0 0 0 549501 0 0 0 0 0
8.55 -549424 0 0 0 0 0 549424 0 0 0 0 0
8.56 -549341 0 0 0 0 0 549341 0 0 0 0 0
8.57 -549251 0 0 0 0 0 549251 0 0 0 0 0
8.58 -549156 0 0 0 0 0 549156 0 0 0 0 0
8.59 -549056 0 0 0 0 0 549056 0 0 0 0 0
8.6 -548953 0 0 0 0 0 548953 0 0 0 0 0
8.61 -548848 0 0 0 0 0 548848 0 0 0 0 0
8.62 -548741 0 0 0 0 0 548741 0 0 0 0 0
8.63 -548634 0 0 0 0 0 548634 0 0 0 0 0
8.64 -548528 0 0 0 0 0 548528 0 0 0 0 0
8.65 -548425 0 0 0 0 0 548425 0 0 0 0 0
8.66 -548324 0 0 0 0 0 548324 0 0 0 0 0
8.67 -548228 0 0 0 0 0 548228 0 0 0 0 0
8.68 -548137 0 0 0 0 0 548137 0 0 0 0 0
8.69 -548052 0 0 0 0 0 548052 0 0 0 0 0
8.7 -547974 0 0 0 0 0 547974 0 0 0 0 0
8.71 -547903 0 0 0 0 0 547903 0 0 0 0 0
8.72 -547841 0 0 0 0 0 547841 0 0 0 0 0
8.73 -547787 0 0 0 0 0 547787 0 0 0 0 0
8.74 -547743 0 0 0 0 0 547743 0 0 0 0 0
8.75 -547708 0 0 0 0 0 547708 0 0 0 0 0
8.76 -547682 0 0 0 0 0 547682 0 0 0 0 0
8.77 -547665 0 0 0 0 0 547665 0 0 0 0 0
8.78 -547658 0 0 0 0 0 547658 0 0 0 0 0
8.79 -547660 0 0 0 0 0 547660 0 0 0 0 0
8.8 -547671 0 0 0 0 0 547671 0 0 0 0 0
8.81 -547690 0 0 0 0 0 547690 0 0 0 0 0
8.82 -547717 0 0 0 0 0 547717 0 0 0 0 0
8.83 -547751 0 0 0 0 0 547751 0 0 0 0 0
8.84 -547792 0 0 0 0 0 547792 0 0 0 0 0
8.85 -547839 0 0 0 0 0 547839 0 0 0 0 0
8.86 -547892 0 0 0 0 0 547892 0 0 0 0 0
8.87 -547949 0 0 0 0 0 547949 0 0 0 0 0
8.88 -548011 0 0 0 0 0 548011 0 0 0 0 0
8.89 -548075 0 0 0 0 0 548075 0 0 0 0 0
8.9 -548142 0 0 0 0 0 548142 0 0 0 0 0
8.91 -548211 0 0 0 0 0 548211 0 0 0 0 0
8.92 -548280 0 0 0 0 0 548280 0 0 0 0 0
8.93 -548350 0 0 0 0 0 548350 0 0 0 0 0
8.94 -548420 0 0 0 0 0 548420 0 0 0 0 0
8.95 -548488 0 0 0 0 0 548488 0 0 0 0 0
8.96 -548556 0 0 0 0 0 548556 0 0 0 0 0
8.97 -548621 0 0 0 0 0 548621 0 0 0 0 0
8.98 -548684 0 0 0 0 0 548684 0 0 0 0 0
8.99 -548744 0 0 0 0 0 548744 0 0 0 0 0
9 -548801 0 0 0 0 0 548801 0 0 0 0 0
9.01 -548855 0 0 0 0 0 548855 0 0 0 0 0
9.02 -548905 0 0 0 0 0 548905 0 0 0 0 0
9.03 -548951 0 0 0 0 0 548951 0 0 0 0 0
9.04 -548993 0 0 0 0 0 548993 0 0 0 0 0
9.05 -549030 0 0 0 0 0 549030 0 0 0 0 0
9.06 -549064 0 0 0 0 0 549064 0 0 0 0 0
9.07 -549093 0 0 0 0 0 549093 0 0 0 0 0
9.08 -549117 0 0 0 0 0 549117 0 0 0 0 0
9.09 -549137 0 0 0 0 0 549137 0 0 0 0 0
9.1 -549152 0 0 0 0 0 549152 0 0 0 0 0
9.11 -549164 0 0 0 0 0 549164 0 0 0 0 0
9.12 -549171 0 0 0 0 0 549171 0 0 0 0 0
9.13 -549174 0 0 0 0 0 549174 0 0 0 0 0
9.14 -549173 0 0 0 0 0 549173 0 0 0 0 0
9.15 -549168 0 0 0 0 0 549168 0 0 0 0 0
9.16 -549160 0 0 0 0 0 549160 0 0 0 0 0
9.17 -549148 0 0 0 0 0 549148 0 0 0 0 0
9.18 -549132 0 0 0 0 0 549132 0 0 0 0 0
9.19 -549113 0 0 0 0 0 549113 0 0 0 0 0
9.2 -549091 0 0 0 0 0 549091 0 0 0 0 0
9.21 -549066 0 0 0 0 0 549066 0 0 0 0 0
9.22 -549038 0 0 0 0 0 549038 0 0 0 0 0
9.23 -549007 0 0 0 0 0 549007 0 0 0 0 0
9.24 -548974 0 0 0 0 0 548974 0 0 0 0 0
9.25 -548938 0 0 0 0 0 548938 0 0 0 0 0
9.26 -548900 0 0 0 0 0 548900 0 0 0 0 0
9.27 -548860 0 0 0 0 0 548860 0 0 0 0 0
9.28 -548818 0 0 0 0 0 548818 0 0 0 0 0
9.29 -548775 0 0 0 0 0 548775 0 0 0 0 0
9.3 -548731 0 0 0 0 0 548731 0 0 0 0 0
9.31 -548685 0 0 0 0 0 548685 0 0 0 0 0
9.32 -548639 0 0 0 0 0 548639 0 0 0 0 0
9.33 -548592 0 0 0 0 0 548592 0 0 0 0 0
9.34 -548544 0 0 0 0 0 548544 0 0 0 0 0
9.35 -548497 0 0 0 0 0 548497 0 0 0 0 0
9.36 -548449 0 0 0 0 0 548449 0 0 0 0 0
9.37 -548402 0 0 0 0 0 548402 0 0 0 0 0
9.38 -548355 0 0 0 0 0 548355 0 0 0 0 0
9.39 -548309 0 0 0 0 0 548309 0 0 0 0 0
9.4 -548263 0 0 0 0 0 548263 0 0 0 0 0
9.41 -548219 0 0 0 0 0 548219 0 0 0 0 0
9.42 -548175 0 0 0 0 0 548175 0 0 0 0 0
9.43 -548132 0 0 0 0 0 548132 0 0 0 0 0
9.44 -548091 0 0 0 0 0 548091 0 0 0 0 0
9.45 -548051 0 0 0 0 0 548051 0 0 0 0 0
9.46 -548012 0 0 0 0 0 548012 0 0 0 0 0
9.47 -547974 0 0 0 0 0 547974 0 0 0 0 0
9.48 -547938 0 0 0 0 0 547938 0 0 0 0 0
9.49 -547902 0 0 0 0 0 547902 0 0 0 0 0
9.5 -547868 0 0 0 0 0 547868 0 0 0 0 0
9.51 -547834 0 0 0 0 0 547834 0 0 0 0 0
9.52 -547801 0 0 0 0 0 547801 0 0 0 0 0
9.53 -547769 0 0 0 0 0 547769 0 0 0 0 0
9.54 -547738 0 0 0 0 0 547738 0 0 0 0 0
9.55 -547706 0 0 0 0 0 547706 0 0 0 0 0
9.56 -547675 0 0 0 0 0 547675 0 0 0 0 0
9.57 -547644 0 0 0 0 0 547644 0 0 0 0 0
9.58 -547613 0 0 0 0 0 547613 0 0 0 0 0
9.59 -547581 0 0 0 0 0 547581 0 0 0 0 0
9.6 -547550 0 0 0 0 0 547550 0 0 0 0 0
9.61 -547519 0 0 0 0 0 547519 0 0 0 0 0
9.62 -547487 0 0 0 0 0 547487 0 0 0 0 0
9.63 -547456 0 0 0 0 0 547456 0 0 0 0 0
9.64 -547424 0 0 0 0 0 547424 0 0 0 0 0
9.65 -547393 0 0 0 0 0 547393 0 0 0 0 0
9.66 -547362 0 0 0 0 0 547362 0 0 0 0 0
9.67 -547332 0 0 0 0 0 547332 0 0 0 0 0
9.68 -547302 0 0 0 0 0 547302 0 0 0 0 0
9.69 -547272 0 0 0 0 0 547272 0 0 0 0 0
9.7 -547243 0 0 0 0 0 547243 0 0 0 0 0
9.71 -547215 0 0 0 0 0 547215 0 0 0 0 0
9.72 -547188 0 0 0 0 0 547188 0 0 0 0 0
9.73 -547162 0 0 0 0 0 547162 0 0 0 0 0
9.74 -547137 0 0 0 0 0 547137 0 0 0 0 0
9.75 -547113 0 0 0 0 0 547113 0 0 0 0 0
9.76 -547090 0 0 0 0 0 547090 0 0 0 0 0
9.77 -547069 0 0 0 0 0 547069 0 0 0 0 0
9.78 -547049 0 0 0 0 0 547049 0 0 0 0 0
9.79 -547030 0 0 0 0 0 547030 0 0 0 0 0
9.8 -547012 0 0 0 0 0 547012 0 0 0 0 0
9.81 -546995 0 0 0 0 0 546995 0 0 0 0 0
9.82 -546979 0 0 0 0 0 546979 0 0 0 0 0
9.83 -546964 0 0 0 0 0 546964 0 0 0 0 0
9.84 -546950 0 0 0 0 0 546950 0 0 0 0 0
9.85 -546936 0 0 0 0 0 546936 0 0 0 0 0
9.86 -546922 0 0 0 0 0 546922 0 0 0 0 0
9.87 -546909 0 0 0 0 0 546909 0 0 0 0 0
9.88 -546896 0 0 0 0 0 546896 0 0 0 0 0
9.89 -546883 0 0 0 0 0 546883 0 0 0 0 0
9.9 -546870 0 0 0 0 0 546870 0 0 0 0 0
9.91 -546856 0 0 0 0 0 546856 0 0 0 0 0
9.92 -546842 0 0 0 0 0 546842 0 0 0 0 0
9.93 -546827 0 0 0 0 0 546827 0 0 0 0 0
9.94 -546812 0 0 0 0 0 546812 0 0 0 0 0
9.95 -546795 0 0 0 0 0 546795 0 0 0 0 0
9.96 -546777 0 0 0 0 0 546777 0 0 0 0 0
9.97 -546758 0 0 0 0 0 546758 0 0 0 0 0
9.98 -546738 0 0 0 0 0 546738 0 0 0 0 0
9.99 -546716 0 0 0 0 0 546716 0 0 0 0 0
10 -546693 0 0 0 0 0 546693 0 0 0 0 0
10.01 -546668 0 0 0 0 0 546668 0 0 0 0 0
10.02 -546641 0 0 0 0 0 546641 0 0 0 0 0
10.03 -546613 0 0 0 0 0 546613 0 0 0 0 0
10.04 -546584 0 0 0 0 0 546584 0 0 0 0 0
10.05 -546553 0 0 0 0 0 546553 0 0 0 0 0
10.06 -546521 0 0 0 0 0 546521 0 0 0 0 0
10.07 -546488 0 0 0 0 0 546488 0 0 0 0 0
10.08 -546453 0 0 0 0 0 546453 0 0 0 0 0
10.09 -546419 0 0 0 0 0 546419 0 0 0 0 0
10.1 -546384 0 0 0 0 0 546384 0 0 0 0 0
10.11 -546348 0 0 0 0 0 546348 0 0 0 0 0
10.12 -546313 0 0 0 0 0 546313 0 0 0 0 0
10.13 -546279 0 0 0 0 0 546279 0 0 0 0 0
10.14 -546245 0 0 0 0 0 546245 0 0 0 0 0
10.15 -546212 0 0 0 0 0 546212 0 0 0 0 0
10.16 -546180 0 0 0 0 0 546180 0 0 0 0 0
10.17 -546150 0 0 0 0 0 546150 0 0 0 0 0
10.18 -546122 0 0 0 0 0 546122 0 0 0 0 0
10.19 -546096 0 0 0 0 0 546096 0 0 0 0 0
10.2 -546072 0 0 0 0 0 546072 0 0 0 0 0
10.21 -546050 0 0 0 0 0 546050 0 0 0 0 0
10.22 -546031 0 0 0 0 0 546031 0 0 0 0 0
10.23 -546014 0 0 0 0 0 546014 0 0 0 0 0
10.24 -545999 0 0 0 0 0 545999 0 0 0 0 0
10.25 -545987 0 0 0 0 0 545987 0 0 0 0 0
10.26 -545978 0 0 0 0 0 545978 0 0 0 0 0
10.27 -545971 0 0 0 0 0 545971 0 0 0 0 0
10.28 -545966 0 0 0 0 0 545966 0 0 0 0 0
10.29 -545964 0 0 0 0 0 545964 0 0 0 0 0
10.3 -545963 0 0 0 0 0 545963 0 0 0 0 0
10.31 -545964 0 0 0 0 0 545964 0 0 0 0 0
10.32 -545967 0 0 0 0 0 545967 0 0 0 0 0
10.33 -545971 0 0 0 0 0 545971 0 0 0 0 0
10.34 -545977 0 0 0 0 0 545977 0 0 0 0 0
10.35 -545983 0 0 0 0 0 545983 0 0 0 0 0
10.36 -545990 0 0 0 0 0 545990 0 0 0 0 0
10.37 -545998 0 0 0 0 0 545998 0 0 0 0 0
10.38 -546006 0 0 0 0 0 546006 0 0 0 0 0
10.39 -546015 0 0 0 0 0 546015 0 0 0 0 0
10.4 -546023 0 0 0 0 0 546023 0 0 0 0 0
10.41 -546032 0 0 0 0 0 546032 0 0 0 0 0
10.42 -546040 0 0 0 0 0 546040 0 0 0 0 0
10.43 -546048 0 0 0 0 0 546048 0 0 0 0 0
10.44 -546056 0 0 0 0 0 546056 0 0 0 0 0
10.45 -546064 0 0 0 0 0 546064 0 0 0 0 0
10.46 -546072 0 0 0 0 0 546072 0 0 0 0 0
10.47 -546080 0 0 0 0 0 546080 0 0 0 0 0
10.48 -546088 0 0 0 0 0 546088 0 0 0 0 0
10.49 -546095 0 0 0 0 0 546095 0 0 0 0 0
10.5 -546103 0 0 0 0 0 546103 0 0 0 0 0
10.51 -546112 0 0 0 0 0 546112 0 0 0 0 0
10.52 -546121 0 0 0 0 0 546121 0 0 0 0 0
10.53 -546130 0 0 0 0 0 546130 0 0 0 0 0
10.54 -546140 0 0 0 0 0 546140 0 0 0 0 0
10.55 -546151 0 0 0 0 0 546151 0 0 0 0 0
10.56 -546163 0 0 0 0 0 546163 0 0 0 0 0
10.57 -546176 0 0 0 0 0 546176 0 0 0 0 0
10.58 -546190 0 0 0 0 0 546190 0 0 0 0 0
10.59 -546206 0 0 0 0 0 546206 0 0 0 0 0
10.6 -546222 0 0 0 0 0 546222 0 0 0 0 0
10.61 -546240 0 0 0 0 0 546240 0 0 0 0 0
10.62 -546259 0 0 0 0 0 546259 0 0 0 0 0
10.63 -546279 0 0 0 0 0 546279 0 0 0 0 0
10.64 -546301 0 0 0 0 0 546301 0 0 0 0 0
10.65 -546323 0 0 0 0 0 546323 0 0 0 0 0
10.66 -546346 0 0 0 0 0 546346 0 0 0 0 0
10.67 -546369 0 0 0 0 0 546369 0 0 0 0 0
10.68 -546393 0 0 0 0 0 546393 0 0 0 0 0
10.69 -546416 0 0 0 0 0 546416 0 0 0 0 0
10.7 -546440 0 0 0 0 0 546440 0 0 0 0 0
10.71 -546464 0 0 0 0 0 546464 0 0 0 0 0
10.72 -546487 0 0 0 0 0 546487 0 0 0 0 0
10.73 -546510 0 0 0 0 0 546510 0 0 0 0 0
10.74 -546531 0 0 0 0 0 546531 0 0 0 0 0
10.75 -546553 0 0 0 0 0 546553 0 0 0 0 0
10.76 -546573 0 0 0 0 0 546573 0 0 0 0 0
10.77 -546592 0 0 0 0 0 546592 0 0 0 0 0
10.78 -546609 0 0 0 0 0 546609 0 0 0 0 0
10.79 -546626 0 0 0 0 0 546626 0 0 0 0 0
10.8 -546642 0 0 0 0 0 546642 0 0 0 0 0
10.81 -546656 0 0 0 0 0 546656 0 0 0 0 0
10.82 -546669 0 0 0 0 0 546669 0 0 0 0 0
10.83 -546681 0 0 0 0 0 546681 0 0 0 0 0
10.84 -546691 0 0 0 0 0 546691 0 0 0 0 0
10.85 -546701 0 0 0 0 0 546701 0 0 0 0 0
10.86 -546710 0 0 0 0 0 546710 0 0 0 0 0
10.87 -546719 0 0 0 0 0 546719 0 0 0 0 0
10.88 -546727 0 0 0 0 0 546727 0 0 0 0 0
10.89 -546735 0 0 0 0 0 546735 0 0 0 0 0
10.9 -546743 0 0 0 0 0 546743 0 0 0 0 0
10.91 -546751 0 0 0 0 0 546751 0 0 0 0 0
10.92 -546760 0 0 0 0 0 546760 0 0 0 0 0
10.93 -546770 0 0 0 0 0 546770 0 0 0 0 0
10.94 -546780 0 0 0 0 0 546780 0 0 0 0 0
10.95 -546792 0 0 0 0 0 546792 0 0 0 0 0
10.96 -546806 0 0 0 0 0 546806 0 0 0 0 0
10.97 -546821 0 0 0 0 0 546821 0 0 0 0 0
10.98 -546838 0 0 0 0 0 546838 0 0 0 0 0
10.99 -546857 0 0 0 0 0 546857 0 0 0 0 0
11 -546878 0 0 0 0 0 546878 0 0 0 0 0
11.01 -546901 0 0 0 0 0 546901 0 0 0 0 0
11.02 -546926 0 0 0 0 0 546926 0 0 0 0 0
11.03 -546953 0 0 0 0 0 546953 0 0 0 0 0
11.04 -546982 0 0 0 0 0 546982 0 0 0 0 0
11.05 -547013 0 0 0 0 0 547013 0 0 0 0 0
11.06 -547046 0 0 0 0 0 547046 0 0 0 0 0
11.07 -547080 0 0 0 0 0 547080 0 0 0 0 0
11.08 -547116 0 0 0 0 0 547116 0 0 0 0 0
11.09 -547153 0 0 0 0 0 547153 0 0 0 0 0
11.1 -547192 0 0 0 0 0 547192 0 0 0 0 0
11.11 -547231 0 0 0 0 0 547231 0 0 0 0 0
11.12 -547270 0 0 0 0 0 547270 0 0 0 0 0
11.13 -547310 0 0 0 0 0 547310 0 0 0 0 0
11.14 -547350 0 0 0 0 0 547350 0 0 0 0 0
11.15 -547389 0 0 0 0 0 547389 0 0 0 0 0
11.16 -547428 0 0 0 0 0 547428 0 0 0 0 0
11.17 -547466 0 0 0 0 0 547466 0 0 0 0 0
11.18 -547503 0 0 0 0 0 547503 0 0 0 0 0
11.19 -547540 0 0 0 0 0 547540 0 0 0 0 0
11.2 -547574 0 0 0 0 0 547574 0 0 0 0 0
11.21 -547608 0 0 0 0 0 547608 0 0 0 0 0
11.22 -547640 0 0 0 0 0 547640 0 0 0 0 0
11.23 -547670 0 0 0 0 0 547670 0 0 0 0 0
11.24 -547698 0 0 0 0 0 547698 0 0 0 0 0
11.25 -547725 0 0 0 0 0 547725 0 0 0 0 0
11.26 -547750 0 0 0 0 0 547750 0 0 0 0 0
11.27 -547773 0 0 0 0 0 547773 0 0 0 0 0
11.28 -547795 0 0 0 0 0 547795 0 0 0 0 0
11.29 -547815 0 0 0 0 0 547815 0 0 0 0 0
11.3 -547833 0 0 0 0 0 547833 0 0 0 0 0
11.31 -547850 0 0 0 0 0 547850 0 0 0 0 0
11.32 -547866 0 0 0 0 0 547866 0 0 0 0 0
11.33 -547880 0 0 0 0 0 547880 0 0 0 0 0
11.34 -547893 0 0 0 0 0 547893 0 0 0 0 0
11.35 -547905 0 0 0 0 0 547905 0 0 0 0 0
11.36 -547916 0 0 0 0 0 547916 0 0 0 0 0
11.37 -547926 0 0 0 0 0 547926 0 0 0 0 0
11.38 -547935 0 0 0 0 0 547935 0 0 0 0 0
11.39 -547943 0 0 0 0 0 547943 0 0 0 0 0
11.4 -547951 0 0 0 0 0 547951 0 0 0 0 0
11.41 -547958 0 0 0 0 0 547958 0 0 0 0 0
11.42 -547964 0 0 0 0 0 547964 0 0 0 0 0
11.43 -547970 0 0 0 0 0 547970 0 0 0 0 0
11.44 -547976 0 0 0 0 0 547976 0 0 0 0 0
11.45 -547981 0 0 0 0 0 547981 0 0 0 0 0
11.46 -547986 0 0 0 0 0 547986 0 0 0 0 0
11.47 -547990 0 0 0 0 0 547990 0 0 0 0 0
11.48 -547994 0 0 0 0 0 547994 0 0 0 0 0
11.49 -547998 0 0 0 0 0 547998 0 0 0 0 0
11.5 -548002 0 0 0 0 0 548002 0 0 0 0 0
11.51 -548005 0 0 0 0 0 548005 0 0 0 0 0
11.52 -548009 0 0 0 0 0 548009 0 0 0 0 0
11.53 -548012 0 0 0 0 0 548012 0 0 0 0 0
11.54 -548016 0 0 0 0 0 548016 0 0 0 0 0
11.55 -548019 0 0 0 0 0 548019 0 0 0 0 0
11.56 -548023 0 0 0 0 0 548023 0 0 0 0 0
11.57 -548028 0 0 0 0 0 548028 0 0 0 0 0
11.58 -548033 0 0 0 0 0 548033 0 0 0 0 0
11.59 -548038 0 0 0 0 0 548038 0 0 0 0 0
11.6 -548044 0 0 0 0 0 548044 0 0 0 0 0
11.61 -548051 0 0 0 0 0 548051 0 0 0 0 0
11.62 -548059 0 0 0 0 0 548059 0 0 0 0 0
11.63 -548068 0 0 0 0 0 548068 0 0 0 0 0
11.64 -548078 0 0 0 0 0 548078 0 0 0 0 0
11.65 -548089 0 0 0 0 0 548089 0 0 0 0 0
11.66 -548102 0 0 0 0 0 548102 0 0 0 0 0
11.67 -548115 0 0 0 0 0 548115 0 0 0 0 0
11.68 -548130 0 0 0 0 0 548130 0 0 0 0 0
11.69 -548147 0 0 0 0 0 548147 0 0 0 0 0
11.7 -548164 0 0 0 0 0 548164 0 0 0 0 0
11.71 -548183 0 0 0 0 0 548183 0 0 0 0 0
11.72 -548203 0 0 0 0 0 548203 0 0 0 0 0
11.73 -548223 0 0 0 0 0 548223 0 0 0 0 0
11.74 -548245 0 0 0 0 0 548245 0 0 0 0 0
11.75 -548268 0 0 0 0 0 548268 0 0 0 0 0
11.76 -548291 0 0 0 0 0 548291 0 0 0 0 0
11.77 -548314 0 0 0 0 0 548314 0 0 0 0 0
11.78 -548338 0 0 0 0 0 548338 0 0 0 0 0
11.79 -548361 0 0 0 0 0 548361 0 0 0 0 0
11.8 -548385 0 0 0 0 0 548385 0 0 0 0 0
11.81 -548408 0 0 0 0 0 548408 0 0 0 0 0
11.82 -548431 0 0 0 0 0 548431 0 0 0 0 0
11.83 -548453 0 0 0 0 0 548453 0 0 0 0 0
11.84 -548473 0 0 0 0 0 548473 0 0 0 0 0
11.85 -548493 0 0 0 0 0 548493 0 0 0 0 0
11.86 -548511 0 0 0 0 0 548511 0 0 0 0 0
11.87 -548528 0 0 0 0 0 548528 0 0 0 0 0
11.88 -548543 0 0 0 0 0 548543 0 0 0 0 0
11.89 -548556 0 0 0 0 0 548556 0 0 0 0 0
11.9 -548566 0 0 0 0 0 548566 0 0 0 0 0
11.91 -548575 0 0 0 0 0 548575 0 0 0 0 0
11.92 -548582 0 0 0 0 0 548582 0 0 0 0 0
11.93 -548586 0 0 0 0 0 548586 0 0 0 0 0
11.94 -548588 0 0 0 0 0 548588 0 0 0 0 0
11.95 -548588 0 0 0 0 0 548588 0 0 0 0 0
11.96 -548585 0 0 0 0 0 548585 0 0 0 0 0
11.97 -548579 0 0 0 0 0 548579 0 0 0 0 0
11.98 -548572 0 0 0 0 0 548572 0 0 0 0 0
11.99 -548562 0 0 0 0 0 548562 0 0 0 0 0
12 -548550 0 0 0 0 0 548550 0 0 0 0 0
12.01 -548536 0 0 0 0 0 548536 0 0 0 0 0
12.02 -548520 0 0 0 0 0 548520 0 0 0 0 0
12.03 -548502 0 0 0 0 0 548502 0 0 0 0 0
12.04 -548482 0 0 0 0 0 548482 0 0 0 0 0
12.05 -548461 0 0 0 0 0 548461 0 0 0 0 0
12.06 -548438 0 0 0 0 0 548438 0 0 0 0 0
12.07 -548415 0 0 0 0 0 548415 0 0 0 0 0
12.08 -548390 0 0 0 0 0 548390 0 0 0 0 0
12.09 -548365 0 0 0 0 0 548365 0 0 0 0 0
12.1 -548340 0 0 0 0 0 548340 0 0 0 0 0
12.11 -548314 0 0 0 0 0 548314 0 0 0 0 0
12.12 -548288 0 0 0 0 0 548288 0 0 0 0 0
12.13 -548263 0 0 0 0 0 548263 0 0 0 0 0
12.14 -548237 0 0 0 0 0 548237 0 0 0 0 0
12.15 -548213 0 0 0 0 0 548213 0 0 0 0 0
12.16 -548189 0 0 0 0 0 548189 0 0 0 0 0
12.17 -548166 0 0 0 0 0 548166 0 0 0 0 0
12.18 -548145 0 0 0 0 0 548145 0 0 0 0 0
12.19 -548125 0 0 0 0 0 548125 0 0 0 0 0
12.2 -548106 0 0 0 0 0 548106 0 0 0 0 0
12.21 -548089 0 0 0 0 0 548089 0 0 0 0 0
12.22 -548074 0 0 0 0 0 548074 0 0 0 0 0
12.23 -548061 0 0 0 0 0 548061 0 0 0 0 0
12.24 -548050 0 0 0 0 0 548050 0 0 0 0 0
12.25 -548040 0 0 0 0 0 548040 0 0 0 0 0
12.26 -548033 0 0 0 0 0 548033 0 0 0 0 0
12.27 -548028 0 0 0 0 0 548028 0 0 0 0 0
12.28 -548025 0 0 0 0 0 548025 0 0 0 0 0
12.29 -548024 0 0 0 0 0 548024 0 0 0 0 0
12.3 -548025 0 0 0 0 0 548025 0 0 0 0 0
12.31 -548028 0 0 0 0 0 548028 0 0 0 0 0
12.32 -548033 0 0 0 0 0 548033 0 0 0 0 0
12.33 -548040 0 0 0 0 0 548040 0 0 0 0 0
12.34 -548049 0 0 0 0 0 548049 0 0 0 0 0
12.35 -548059 0 0 0 0 0 548059 0 0 0 0 0
12.36 -548071 0 0 0 0 0 548071 0 0 0 0 0
12.37 -548084 0 0 0 0 0 548084 0 0 0 0 0
12.38 -548098 0 0 0 0 0 548098 0 0 0 0 0
12.39 -548113 0 0 0 0 0 548113 0 0 0 0 0
12.4 -548129 0 0 0 0 0 548129 0 0 0 0 0
12.41 -548145 0 0 0 0 0 548145 0 0 0 0 0
12.42 -548162 0 0 0 0 0 548162 0 0 0 0 0
12.43 -548179 0 0 0 0 0 548179 0 0 0 0 0
12.44 -548195 0 0 0 0 0 548195 0 0 0 0 0
12.45 -548211 0 0 0 0 0 548211 0 0 0 0 0
12.46 -548227 0 0 0 0 0 548227 0 0 0 0 0
12.47 -548241 0 0 0 0 0 548241 0 0 0 0 0
12.48 -548255 0 0 0 0 0 548255 0 0 0 0 0
12.49 -548267 0 0 0 0 0 548267 0 0 0 0 0
12.5 -548277 0 0 0 0 0 548277 0 0 0 0 0
12.51 -548286 0 0 0 0 0 548286 0 0 0 0 0
12.52 -548292 0 0 0 0 0 548292 0 0 0 0 0
12.53 -548297 0 0 0 0 0 548297 0 0 0 0 0
12.54 -548299 0 0 0 0 0 548299 0 0 0 0 0
12.55 -548298 0 0 0 0 0 548298 0 0 0 0 0
12.56 -548295 0 0 0 0 0 548295 0 0 0 0 0
12.57 -548289 0 0 0 0 0 548289 0 0 0 0 0
12.58 -548281 0 0 0 0 0 548281 0 0 0 0 0
12.59 -548270 0 0 0 0 0 548270 0 0 0 0 0
12.6 -548256 0 0 0 0 0 548256 0 0 0 0 0
12.61 -548239 0 0 0 0 0 548239 0 0 0 0 0
12.62 -548220 0 0 0 0 0 548220 0 0 0 0 0
12.63 -548199 0 0 0 0 0 548199 0 0 0 0 0
12.64 -548175 0 0 0 0 0 548175 0 0 0 0 0
12.65 -548149 0 0 0 0 0 548149 0 0 0 0 0
12.66 -548122 0 0 0 0 0 548122 0 0 0 0 0
12.67 -548092 0 0 0 0 0 548092 0 0 0 0 0
12.68 -548062 0 0 0 0 0 548062 0 0 0 0 0
12.69 -548030 0 0 0 0 0 548030 0 0 0 0 0
12.7 -547998 0 0 0 0 0 547998 0 0 0 0 0
12.71 -547965 0 0 0 0 0 547965 0 0 0 0 0
12.72 -547931 0 0 0 0 0 547931 0 0 0 0 0
12.73 -547898 0 0 0 0 0 547898 0 0 0 0 0
12.74 -547865 0 0 0 0 0 547865 0 0 0 0 0
12.75 -547833 0 0 0 0 0 547833 0 0 0 0 0
12.76 -547801 0 0 0 0 0 547801 0 0 0 0 0
12.77 -547771 0 0 0 0 0 547771 0 0 0 0 0
12.78 -547742 0 0 0 0 0 547742 0 0 0 0 0
12.79 -547715 0 0 0 0 0 547715 0 0 0 0 0
12.8 -547689 0 0 0 0 0 547689 0 0 0 0 0
12.81 -547665 0 0 0 0 0 547665 0 0 0 0 0
12.82 -547643 0 0 0 0 0 547643 0 0 0 0 0
12.83 -547623 0 0 0 0 0 547623 0 0 0 0 0
12.84 -547605 0 0 0 0 0 547605 0 0 0 0 0
12.85 -547589 0 0 0 0 0 547589 0 0 0 0 0
12.86 -547576 0 0 0 0 0 547576 0 0 0 0 0
12.87 -547564 0 0 0 0 0 547564 0 0 0 0 0
12.88 -547554 0 0 0 0 0 547554 0 0 0 0 0
12.89 -547546 0 0 0 0 0 547546 0 0 0 0 0
12.9 -547540 0 0 0 0 0 547540 0 0 0 0 0
12.91 -547535 0 0 0 0 0 547535 0 0 0 0 0
12.92 -547531 0 0 0 0 0 547531 0 0 0 0 0
12.93 -547529 0 0 0 0 0 547529 0 0 0 0 0
12.94 -547528 0 0 0 0 0 547528 0 0 0 0 0
12.95 -547528 0 0 0 0 0 547528 0 0 0 0 0
12.96 -547528 0 0 0 0 0 547528 0 0 0 0 0
12.97 -547529 0 0 0 0 0 547529 0 0 0 0 0
12.98 -547531 0 0 0 0 0 547531 0 0 0 0 0
12.99 -547532 0 0 0 0 0 547532 0 0 0 0 0
13 -547534 0 0 0 0 0 547534 0 0 0 0 0
13.01 -547535 0 0 0 0 0 547535 0 0 0 0 0
13.02 -547536 0 0 0 0 0 547536 0 0 0 0 0
13.03 -547537 0 0 0 0 0 547537 0 0 0 0 0
13.04 -547537 0 0 0 0 0 547537 0 0 0 0 0
13.05 -547537 0 0 0 0 0 547537 0 0 0 0 0
13.06 -547536 0 0 0 0 0 547536 0 0 0 0 0
13.07 -547535 0 0 0 0 0 547535 0 0 0 0 0
13.08 -547532 0 0 0 0 0 547532 0 0 0 0 0
13.09 -547529 0 0 0 0 0 547529 0 0 0 0 0
13.1 -547526 0 0 0 0 0 547526 0 0 0 0 0
13.11 -547522 0 0 0 0 0 547522 0 0 0 0 0
13.12 -547517 0 0 0 0 0 547517 0 0 0 0 0
13.13 -547511 0 0 0 0 0 547511 0 0 0 0 0
13.14 -547505 0 0 0 0 0 547505 0 0 0 0 0
13.15 -547498 0 0 0 0 0 547498 0 0 0 0 0
13.16 -547491 0 0 0 0 0 547491 0 0 0 0 0
13.17 -547483 0 0 0 0 0 547483 0 0 0 0 0
13.18 -547475 0 0 0 0 0 547475 0 0 0 0 0
13.19 -547467 0 0 0 0 0 547467 0 0 0 0 0
13.2 -547459 0 0 0 0 0 547459 0 0 0 0 0
13.21 -547450 0 0 0 0 0 547450 0 0 0 0 0
13.22 -547441 0 0 0 0 0 547441 0 0 0 0 0
13.23 -547431 0 0 0 0 0 547431 0 0 0 0 0
13.24 -547422 0 0 0 0 0 547422 0 0 0 0 0
13.25 -547412 0 0 0 0 0 547412 0 0 0 0 0
13.26 -547403 0 0 0 0 0 547403 0 0 0 0 0
13.27 -547393 0 0 0 0 0 547393 0 0 0 0 0
13.28 -547384 0 0 0 0 0 547384 0 0 0 0 0
13.29 -547374 0 0 0 0 0 547374 0 0 0 0 0
13.3 -547365 0 0 0 0 0 547365 0 0 0 0 0
13.31 -547355 0 0 0 0 0 547355 0 0 0 0 0
13.32 -547346 0 0 0 0 0 547346 0 0 0 0 0
13.33 -547336 0 0 0 0 0 547336 0 0 0 0 0
13.34 -547327 0 0 0 0 0 547327 0 0 0 0 0
13.35 -547318 0 0 0 0 0 547318 0 0 0 0 0
13.36 -547309 0 0 0 0 0 547309 0 0 0 0 0
13.37 -547300 0 0 0 0 0 547300 0 0 0 0 0
13.38 -547291 0 0 0 0 0 547291 0 0 0 0 0
13.39 -547282 0 0 0 0 0 547282 0 0 0 0 0
13.4 -547274 0 0 0 0 0 547274 0 0 0 0 0
13.41 -547266 0 0 0 0 0 547266 0 0 0 0 0
13.42 -547257 0 0 0 0 0 547257 0 0 0 0 0
13.43 -547249 0 0 0 0 0 547249 0 0 0 0 0
13.44 -547241 0 0 0 0 0 547241 0 0 0 0 0
13.45 -547234 0 0 0 0 0 547234 0 0 0 0 0
13.46 -547226 0 0 0 0 0 547226 0 0 0 0 0
13.47 -547219 0 0 0 0 0 547219 0 0 0 0 0
13.48 -547212 0 0 0 0 0 547212 0 0 0 0 0
13.49 -547205 0 0 0 0 0 547205 0 0 0 0 0
13.5 -547198 0 0 0 0 0 547198 0 0 0 0 0
13.51 -547192 0 0 0 0 0 547192 0 0 0 0 0
13.52 -547186 0 0 0 0 0 547186 0 0 0 0 0
13.53 -547180 0 0 0 0 0 547180 0 0 0 0 0
13.54 -547175 0 0 0 0 0 547175 0 0 0 0 0
13.55 -547170 0 0 0 0 0 547170 0 0 0 0 0
13.56 -547166 0 0 0 0 0 547166 0 0 0 0 0
13.57 -547162 0 0 0 0 0 547162 0 0 0 0 0
13.58 -547158 0 0 0 0 0 547158 0 0 0 0 0
13.59 -547155 0 0 0 0 0 547155 0 0 0 0 0
13.6 -547153 0 0 0 0 0 547153 0 0 0 0 0
13.61 -547151 0 0 0 0 0 547151 0 0 0 0 0
13.62 -547150 0 0 0 0 0 547150 0 0 0 0 0
13.63 -547149 0 0 0 0 0 547149 0 0 0 0 0
13.64 -547149 0 0 0 0 0 547149 0 0 0 0 0
13.65 -547150 0 0 0 0 0 547150 0 0 0 0 0
13.66 -547152 0 0 0 0 0 547152 0 0 0 0 0
13.67 -547154 0 0 0 0 0 547154 0 0 0 0 0
13.68 -547157 0 0 0 0 0 547157 0 0 0 0 0
13.69 -547160 0 0 0 0 0 547160 0 0 0 0 0
13.7 -547164 0 0 0 0 0 547164 0 0 0 0 0
13.71 -547168 0 0 0 0 0 547168 0 0 0 0 0
13.72 -547172 0 0 0 0 0 547172 0 0 0 0 0
13.73 -547177 0 0 0 0 0 547177 0 0 0 0 0
13.74 -547181 0 0 0 0 0 547181 0 0 0 0 0
13.75 -547186 0 0 0 0 0 547186 0 0 0 0 0
13.76 -547190 0 0 0 0 0 547190 0 0 0 0 0
13.77 -547194 0 0 0 0 0 547194 0 0 0 0 0
13.78 -547198 0 0 0 0 0 547198 0 0 0 0 0
13.79 -547201 0 0 0 0 0 547201 0 0 0 0 0
13.8 -547204 0 0 0 0 0 547204 0 0 0 0 0
13.81 -547205 0 0 0 0 0 547205 0 0 0 0 0
13.82 -547207 0 0 0 0 0 547207 0 0 0 0 0
13.83 -547207 0 0 0 0 0 547207 0 0 0 0 0
13.84 -547206 0 0 0 0 0 547206 0 0 0 0 0
13.85 -547205 0 0 0 0 0 547205 0 0 0 0 0
13.86 -547202 0 0 0 0 0 547202 0 0 0 0 0
13.87 -547199 0 0 0 0 0 547199 0 0 0 0 0
13.88 -547194 0 0 0 0 0 547194 0 0 0 0 0
13.89 -547189 0 0 0 0 0 547189 0 0 0 0 0
13.9 -547183 0 0 0 0 0 547183 0 0 0 0 0
13.91 -547177 0 0 0 0 0 547177 0 0 0 0 0
13.92 -547170 0 0 0 0 0 547170 0 0 0 0 0
13.93 -547162 0 0 0 0 0 547162 0 0 0 0 0
13.94 -547154 0 0 0 0 0 547154 0 0 0 0 0
13.95 -547146 0 0 0 0 0 547146 0 0 0 0 0
13.96 -547137 0 0 0 0 0 547137 0 0 0 0 0
13.97 -547129 0 0 0 0 0 547129 0 0 0 0 0
13.98 -547121 0 0 0 0 0 547121 0 0 0 0 0
13.99 -547113 0 0 0 0 0 547113 0 0 0 0 0
14 -547107 0 0 0 0 0 547107 0 0 0 0 0
14.01 -547100 0 0 0 0 0 547100 0 0 0 0 0
14.02 -547095 0 0 0 0 0 547095 0 0 0 0 0
14.03 -547090 0 0 0 0 0 547090 0 0 0 0 0
14.04 -547087 0 0 0 0 0 547087 0 0 0 0 0
14.05 -547085 0 0 0 0 0 547085 0 0 0 0 0
14.06 -547084 0 0 0 0 0 547084 0 0 0 0 0
14.07 -547084 0 0 0 0 0 547084 0 0 0 0 0
14.08 -547086 0 0 0 0 0 547086 0 0 0 0 0
14.09 -547089 0 0 0 0 0 547089 0 0 0 0 0
14.1 -547093 0 0 0 0 0 547093 0 0 0 0 0
14.11 -547099 0 0 0 0 0 547099 0 0 0 0 0
14.12 -547106 0 0 0 0 0 547106 0 0 0 0 0
14.13 -547114 0 0 0 0 0 547114 0 0 0 0 0
14.14 -547124 0 0 0 0 0 547124 0 0 0 0 0
14.15 -547135 0 0 0 0 0 547135 0 0 0 0 0
14.16 -547147 0 0 0 0 0 547147 0 0 0 0 0
14.17 -547161 0 0 0 0 0 547161 0 0 0 0 0
14.18 -547175 0 0 0 0 0 547175 0 0 0 0 0
14.19 -547191 0 0 0 0 0 547191 0 0 0 0 0
14.2 -547207 0 0 0 0 0 547207 0 0 0 0 0
14.21 -547225 0 0 0 0 0 547225 0 0 0 0 0
14.22 -547243 0 0 0 0 0 547243 0 0 0 0 0
14.23 -547262 0 0 0 0 0 547262 0 0 0 0 0
14.24 -547281 0 0 0 0 0 547281 0 0 0 0 0
14.25 -547302 0 0 0 0 0 547302 0 0 0 0 0
14.26 -547323 0 0 0 0 0 547323 0 0 0 0 0
14.27 -547344 0 0 0 0 0 547344 0 0 0 0 0
14.28 -547366 0 0 0 0 0 547366 0 0 0 0 0
14.29 -547389 0 0 0 0 0 547389 0 0 0 0 0
14.3 -547412 0 0 0 0 0 547412 0 0 0 0 0
14.31 -547435 0 0 0 0 0 547435 0 0 0 0 0
14.32 -547459 0 0 0 0 0 547459 0 0 0 0 0
14.33 -547483 0 0 0 0 0 547483 0 0 0 0 0
14.34 -547507 0 0 0 0 0 547507 0 0 0 0 0
14.35 -547531 0 0 0 0 0 547531 0 0 0 0 0
14.36 -547555 0 0 0 0 0 547555 0 0 0 0 0
14.37 -547579 0 0 0 0 0 547579 0 0 0 0 0
14.38 -547603 0 0 0 0 0 547603 0 0 0 0 0
14.39 -547626 0 0 0 0 0 547626 0 0 0 0 0
14.4 -547650 0 0 0 0 0 547650 0 0 0 0 0
14.41 -547672 0 0 0 0 0 547672 0 0 0 0 0
14.42 -547694 0 0 0 0 0 547694 0 0 0 0 0
14.43 -547715 0 0 0 0 0 547715 0 0 0 0 0
14.44 -547735 0 0 0 0 0 547735 0 0 0 0 0
14.45 -547754 0 0 0 0 0 547754 0 0 0 0 0
14.46 -547771 0 0 0 0 0 547771 0 0 0 0 0
14.47 -547787 0 0 0 0 0 547787 0 0 0 0 0
14.48 -547802 0 0 0 0 0 547802 0 0 0 0 0
14.49 -547814 0 0 0 0 0 547814 0 0 0 0 0
14.5 -547825 0 0 0 0 0 547825 0 0 0 0 0
14.51 -547833 0 0 0 0 0 547833 0 0 0 0 0
14.52 -547840 0 0 0 0 0 547840 0 0 0 0 0
14.53 -547844 0 0 0 0 0 547844 0 0 0 0 0
14.54 -547845 0 0 0 0 0 547845 0 0 0 0 0
14.55 -547844 0 0 0 0 0 547844 0 0 0 0 0
14.56 -547841 0 0 0 0 0 547841 0 0 0 0 0
14.57 -547835 0 0 0 0 0 547835 0 0 0 0 0
14.58 -547826 0 0 0 0 0 547826 0 0 0 0 0
14.59 -547815 0 0 0 0 0 547815 0 0 0 0 0
14.6 -547802 0 0 0 0 0 547802 0 0 0 0 0
14.61 -547787 0 0 0 0 0 547787 0 0 0 0 0
14.62 -547769 0 0 0 0 0 547769 0 0 0 0 0
14.63 -547749 0 0 0 0 0 547749 0 0 0 0 0
14.64 -547727 0 0 0 0 0 547727 0 0 0 0 0
14.65 -547704 0 0 0 0 0 547704 0 0 0 0 0
14.66 -547680 0 0 0 0 0 547680 0 0 0 0 0
14.67 -547654 0 0 0 0 0 547654 0 0 0 0 0
14.68 -547628 0 0 0 0 0 547628 0 0 0 0 0
14.69 -547600 0 0 0 0 0 547600 0 0 0 0 0
14.7 -547573 0 0 0 0 0 547573 0 0 0 0 0
14.71 -547546 0 0 0 0 0 547546 0 0 0 0 0
14.72 -547519 0 0 0 0 0 547519 0 0 0 0 0
14.73 -547492 0 0 0 0 0 547492 0 0 0 0 0
14.74 -547466 0 0 0 0 0 547466 0 0 0 0 0
14.75 -547441 0 0 0 0 0 547441 0 0 0 0 0
14.76 -547418 0 0 0 0 0 547418 0 0 0 0 0
14.77 -547396 0 0 0 0 0 547396 0 0 0 0 0
14.78 -547376 0 0 0 0 0 547376 0 0 0 0 0
14.79 -547358 0 0 0 0 0 547358 0 0 0 0 0
14.8 -547342 0 0 0 0 0 547342 0 0 0 0 0
14.81 -547328 0 0 0 0 0 547328 0 0 0 0 0
14.82 -547316 0 0 0 0 0 547316 0 0 0 0 0
14.83 -547307 0 0 0 0 0 547307 0 0 0 0 0
14.84 -547300 0 0 0 0 0 547300 0 0 0 0 0
14.85 -547295 0 0 0 0 0 547295 0 0 0 0 0
14.86 -547293 0 0 0 0 0 547293 0 0 0 0 0
14.87 -547294 0 0 0 0 0 547294 0 0 0 0 0
14.88 -547296 0 0 0 0 0 547296 0 0 0 0 0
14.89 -547302 0 0 0 0 0 547302 0 0 0 0 0
14.9 -547309 0 0 0 0 0 547309 0 0 0 0 0
14.91 -547318 0 0 0 0 0 547318 0 0 0 0 0
14.92 -547329 0 0 0 0 0 547329 0 0 0 0 0
14.93 -547342 0 0 0 0 0 547342 0 0 0 0 0
14.94 -547357 0 0 0 0 0 547357 0 0 0 0 0
14.95 -547374 0 0 0 0 0 547374 0 0 0 0 0
14.96 -547391 0 0 0 0 0 547391 0 0 0 0 0
14.97 -547410 0 0 0 0 0 547410 0 0 0 0 0
14.98 -547430 0 0 0 0 0 547430 0 0 0 0 0
14.99 -547451 0 0 0 0 0 547451 0 0 0 0 0
15 -547472 0 0 0 0 0 547472 0 0 0 0 0
15.01 -547494 0 0 0 0 0 547494 0 0 0 0 0
15.02 -547516 0 0 0 0 0 547516 0 0 0 0 0
15.03 -547538 0 0 0 0 0 547538 0 0 0 0 0
15.04 -547560 0 0 0 0 0 547560 0 0 0 0 0
15.05 -547581 0 0 0 0 0 547581 0 0 0 0 0
15.06 -547602 0 0 0 0 0 547602 0 0 0 0 0
15.07 -547623 0 0 0 0 0 547623 0 0 0 0 0
15.08 -547642 0 0 0 0 0 547642 0 0 0 0 0
15.09 -547661 0 0 0 0 0 547661 0 0 0 0 0
15.1 -547678 0 0 0 0 0 547678 0 0 0 0 0
15.11 -547694 0 0 0 0 0 547694 0 0 0 0 0
15.12 -547708 0 0 0 0 0 547708 0 0 0 0 0
15.13 -547720 0 0 0 0 0 547720 0 0 0 0 0
15.14 -547730 0 0 0 0 0 547730 0 0 0 0 0
15.15 -547738 0 0 0 0 0 547738 0 0 0 0 0
15.16 -547744 0 0 0 0 0 547744 0 0 0 0 0
15.17 -547747 0 0 0 0 0 547747 0 0 0 0 0
15.18 -547748 0 0 0 0 0 547748 0 0 0 0 0
15.19 -547747 0 0 0 0 0 547747 0 0 0 0 0
15.2 -547743 0 0 0 0 0 547743 0 0 0 0 0
15.21 -547736 0 0 0 0 0 547736 0 0 0 0 0
15.22 -547727 0 0 0 0 0 547727 0 0 0 0 0
15.23 -547715 0 0 0 0 0 547715 0 0 0 0 0
15.24 -547701 0 0 0 0 0 547701 0 0 0 0 0
15.25 -547684 0 0 0 0 0 547684 0 0 0 0 0
15.26 -547666 0 0 0 0 0 547666 0 0 0 0 0
15.27 -547645 0 0 0 0 0 547645 0 0 0 0 0
15.28 -547623 0 0 0 0 0 547623 0 0 0 0 0
15.29 -547599 0 0 0 0 0 547599 0 0 0 0 0
15.3 -547574 0 0 0 0 0 547574 0 0 0 0 0
15.31 -547548 0 0 0 0 0 547548 0 0 0 0 0
15.32 -547521 0 0 0 0 0 547521 0 0 0 0 0
15.33 -547494 0 0 0 0 0 547494 0 0 0 0 0
15.34 -547467 0 0 0 0 0 547467 0 0 0 0 0
15.35 -547440 0 0 0 0 0 547440 0 0 0 0 0
15.36 -547414 0 0 0 0 0 547414 0 0 0 0 0
15.37 -547388 0 0 0 0 0 547388 0 0 0 0 0
15.38 -547364 0 0 0 0 0 547364 0 0 0 0 0
15.39 -547342 0 0 0 0 0 547342 0 0 0 0 0
15.4 -547321 0 0 0 0 0 547321 0 0 0 0 0
15.41 -547302 0 0 0 0 0 547302 0 0 0 0 0
15.42 -547285 0 0 0 0 0 547285 0 0 0 0 0
15.43 -547270 0 0 0 0 0 547270 0 0 0 0 0
15.44 -547258 0 0 0 0 0 547258 0 0 0 0 0
15.45 -547249 0 0 0 0 0 547249 0 0 0 0 0
15.46 -547242 0 0 0 0 0 547242 0 0 0 0 0
15.47 -547237 0 0 0 0 0 547237 0 0 0 0 0
15.48 -547236 0 0 0 0 0 547236 0 0 0 0 0
15.49 -547236 0 0 0 0 0 547236 0 0 0 0 0
15.5 -547240 0 0 0 0 0 547240 0 0 0 0 0
15.51 -547245 0 0 0 0 0 547245 0 0 0 0 0
15.52 -547253 0 0 0 0 0 547253 0 0 0 0 0
15.53 -547262 0 0 0 0 0 547262 0 0 0 0 0
15.54 -547274 0 0 0 0 0 547274 0 0 0 0 0
15.55 -547287 0 0 0 0 0 547287 0 0 0 0 0
15.56 -547301 0 0 0 0 0 547301 0 0 0 0 0
15.57 -547316 0 0 0 0 0 547316 0 0 0 0 0
15.58 -547332 0 0 0 0 0 547332 0 0 0 0 0
15.59 -547349 0 0 0 0 0 547349 0 0 0 0 0
15.6 -547365 0 0 0 0 0 547365 0 0 0 0 0
15.61 -547382 0 0 0 0 0 547382 0 0 0 0 0
15.62 -547398 0 0 0 0 0 547398 0 0 0 0 0
15.63 -547414 0 0 0 0 0 547414 0 0 0 0 0
15.64 -547429 0 0 0 0 0 547429 0 0 0 0 0
15.65 -547444 0 0 0 0 0 547444 0 0 0 0 0
15.66 -547457 0 0 0 0 0 547457 0 0 0 0 0
15.67 -547468 0 0 0 0 0 547468 0 0 0 0 0
15.68 -547478 0 0 0 0 0 547478 0 0 0 0 0
15.69 -547487 0 0 0 0 0 547487 0 0 0 0 0
15.7 -547493 0 0 0 0 0 547493 0 0 0 0 0
15.71 -547498 0 0 0 0 0 547498 0 0 0 0 0
15.72 -547501 0 0 0 0 0 547501 0 0 0 0 0
15.73 -547501 0 0 0 0 0 547501 0 0 0 0 0
15.74 -547500 0 0 0 0 0 547500 0 0 0 0 0
15.75 -547497 0 0 0 0 0 547497 0 0 0 0 0
15.76 -547491 0 0 0 0 0 547491 0 0 0 0 0
15.77 -547484 0 0 0 0 0 547484 0 0 0 0 0
15.78 -547474 0 0 0 0 0 547474 0 0 0 0 0
15.79 -547463 0 0 0 0 0 547463 0 0 0 0 0
15.8 -547450 0 0 0 0 0 547450 0 0 0 0 0
15.81 -547435 0 0 0 0 0 547435 0 0 0 0 0
15.82 -547419 0 0 0 0 0 547419 0 0 0 0 0
15.83 -547402 0 0 0 0 0 547402 0 0 0 0 0
15.84 -547383 0 0 0 0 0 547383 0 0 0 0 0
15.85 -547364 0 0 0 0 0 547364 0 0 0 0 0
15.86 -547343 0 0 0 0 0 547343 0 0 0 0 0
15.87 -547322 0 0 0 0 0 547322 0 0 0 0 0
15.88 -547301 0 0 0 0 0 547301 0 0 0 0 0
15.89 -547280 0 0 0 0 0 547280 0 0 0 0 0
15.9 -547259 0 0 0 0 0 547259 0 0 0 0 0
15.91 -547239 0 0 0 0 0 547239 0 0 0 0 0
15.92 -547219 0 0 0 0 0 547219 0 0 0 0 0
15.93 -547200 0 0 0 0 0 547200 0 0 0 0 0
15.94 -547182 0 0 0 0 0 547182 0 0 0 0 0
15.95 -547165 0 0 0 0 0 547165 0 0 0 0 0
15.96 -547150 0 0 0 0 0 547150 0 0 0 0 0
15.97 -547137 0 0 0 0 0 547137 0 0 0 0 0
15.98 -547125 0 0 0 0 0 547125 0 0 0 0 0
15.99 -547115 0 0 0 0 0 547115 0 0 0 0 0
16 -547108 0 0 0 0 0 547108 0 0 0 0 0
16.01 -547102 0 0 0 0 0 547102 0 0 0 0 0
16.02 -547099 0 0 0 0 0 547099 0 0 0 0 0
16.03 -547097 0 0 0 0 0 547097 0 0 0 0 0
16.04 -547099 0 0 0 0 0 547099 0 0 0 0 0
16.05 -547102 0 0 0 0 0 547102 0 0 0 0 0
16.06 -547108 0 0 0 0 0 547108 0 0 0 0 0
16.07 -547115 0 0 0 0 0 547115 0 0 0 0 0
16.08 -547125 0 0 0 0 0 547125 0 0 0 0 0
16.09 -547138 0 0 0 0 0 547138 0 0 0 0 0
16.1 -547152 0 0 0 0 0 547152 0 0 0 0 0
16.11 -547167 0 0 0 0 0 547167 0 0 0 0 0
16.12 -547185 0 0 0 0 0 547185 0 0 0 0 0
16.13 -547204 0 0 0 0 0 547204 0 0 0 0 0
16.14 -547225 0 0 0 0 0 547225 0 0 0 0 0
16.15 -547247 0 0 0 0 0 547247 0 0 0 0 0
16.16 -547270 0 0 0 0 0 547270 0 0 0 0 0
16.17 -547293 0 0 0 0 0 547293 0 0 0 0 0
16.18 -547317 0 0 0 0 0 547317 0 0 0 0 0
16.19 -547342 0 0 0 0 0 547342 0 0 0 0 0
16.2 -547367 0 0 0 0 0 547367 0 0 0 0 0
16.21 -547392 0 0 0 0 0 547392 0 0 0 0 0
16.22 -547417 0 0 0 0 0 547417 0 0 0 0 0
16.23 -547441 0 0 0 0 0 547441 0 0 0 0 0
16.24 -547465 0 0 0 0 0 547465 0 0 0 0 0
16.25 -547488 0 0 0 0 0 547488 0 0 0 0 0
16.26 -547510 0 0 0 0 0 547510 0 0 0 0 0
16.27 -547531 0 0 0 0 0 547531 0 0 0 0 0
16.28 -547550 0 0 0 0 0 547550 0 0 0 0 0
16.29 -547568 0 0 0 0 0 547568 0 0 0 0 0
16.3 -547585 0 0 0 0 0 547585 0 0 0 0 0
16.31 -547600 0 0 0 0 0 547600 0 0 0 0 0
16.32 -547613 0 0 0 0 0 547613 0 0 0 0 0
16.33 -547625 0 0 0 0 0 547625 0 0 0 0 0
16.34 -547635 0 0 0 0 0 547635 0 0 0 0 0
16.35 -547643 0 0 0 0 0 547643 0 0 0 0 0
16.36 -547649 0 0 0 0 0 547649 0 0 0 0 0
16.37 -547654 0 0 0 0 0 547654 0 0 0 0 0
16.38 -547657 0 0 0 0 0 547657 0 0 0 0 0
16.39 -547658 0 0 0 0 0 547658 0 0 0 0 0
16.4 -547658 0 0 0 0 0 547658 0 0 0 0 0
16.41 -547657 0 0 0 0 0 547657 0 0 0 0 0
16.42 -547654 0 0 0 0 0 547654 0 0 0 0 0
16.43 -547650 0 0 0 0 0 547650 0 0 0 0 0
16.44 -547644 0 0 0 0 0 547644 0 0 0 0 0
16.45 -547638 0 0 0 0 0 547638 0 0 0 0 0
16.46 -547631 0 0 0 0 0 547631 0 0 0 0 0
16.47 -547624 0 0 0 0 0 547624 0 0 0 0 0
16.48 -547616 0 0 0 0 0 547616 0 0 0 0 0
16.49 -547607 0 0 0 0 0 547607 0 0 0 0 0
16.5 -547599 0 0 0 0 0 547599 0 0 0 0 0
16.51 -547590 0 0 0 0 0 547590 0 0 0 0 0
16.52 -547582 0 0 0 0 0 547582 0 0 0 0 0
16.53 -547573 0 0 0 0 0 547573 0 0 0 0 0
16.54 -547565 0 0 0 0 0 547565 0 0 0 0 0
16.55 -547558 0 0 0 0 0 547558 0 0 0 0 0
16.56 -547551 0 0 0 0 0 547551 0 0 0 0 0
16.57 -547544 0 0 0 0 0 547544 0 0 0 0 0
16.58 -547538 0 0 0 0 0 547538 0 0 0 0 0
16.59 -547533 0 0 0 0 0 547533 0 0 0 0 0
16.6 -547529 0 0 0 0 0 547529 0 0 0 0 0
16.61 -547526 0 0 0 0 0 547526 0 0 0 0 0
16.62 -547524 0 0 0 0 0 547524 0 0 0 0 0
16.63 -547523 0 0 0 0 0 547523 0 0 0 0 0
16.64 -547523 0 0 0 0 0 547523 0 0 0 0 0
16.65 -547524 0 0 0 0 0 547524 0 0 0 0 0
16.66 -547526 0 0 0 0 0 547526 0 0 0 0 0
16.67 -547529 0 0 0 0 0 547529 0 0 0 0 0
16.68 -547534 0 0 0 0 0 547534 0 0 0 0 0
16.69 -547539 0 0 0 0 0 547539 0 0 0 0 0
16.7 -547546 0 0 0 0 0 547546 0 0 0 0 0
16.71 -547553 0 0 0 0 0 547553 0 0 0 0 0
16.72 -547562 0 0 0 0 0 547562 0 0 0 0 0
16.73 -547572 0 0 0 0 0 547572 0 0 0 0 0
16.74 -547582 0 0 0 0 0 547582 0 0 0 0 0
16.75 -547594 0 0 0 0 0 547594 0 0 0 0 0
16.76 -547606 0 0 0 0 0 547606 0 0 0 0 0
16.77 -547619 0 0 0 0 0 547619 0 0 0 0 0
16.78 -547633 0 0 0 0 0 547633 0 0 0 0 0
16.79 -547648 0 0 0 0 0 547648 0 0 0 0 0
16.8 -547662 0 0 0 0 0 547662 0 0 0 0 0
16.81 -547678 0 0 0 0 0 547678 0 0 0 0 0
16.82 -547693 0 0 0 0 0 547693 0 0 0 0 0
16.83 -547709 0 0 0 0 0 547709 0 0 0 0 0
16.84 -547725 0 0 0 0 0 547725 0 0 0 0 0
16.85 -547741 0 0 0 0 0 547741 0 0 0 0 0
16.86 -547757 0 0 0 0 0 547757 0 0 0 0 0
16.87 -547773 0 0 0 0 0 547773 0 0 0 0 0
16.88 -547788 0 0 0 0 0 547788 0 0 0 0 0
16.89 -547804 0 0 0 0 0 547804 0 0 0 0 0
16.9 -547818 0 0 0 0 0 547818 0 0 0 0 0
16.91 -547832 0 0 0 0 0 547832 0 0 0 0 0
16.92 -547845 0 0 0 0 0 547845 0 0 0 0 0
16.93 -547858 0 0 0 0 0 547858 0 0 0 0 0
16.94 -547870 0 0 0 0 0 547870 0 0 0 0 0
16.95 -547881 0 0 0 0 0 547881 0 0 0 0 0
16.96 -547891 0 0 0 0 0 547891 0 0 0 0 0
16.97 -547900 0 0 0 0 0 547900 0 0 0 0 0
16.98 -547908 0 0 0 0 0 547908 0 0 0 0 0
16.99 -547915 0 0 0 0 0 547915 0 0 0 0 0
17 -547921 0 0 0 0 0 547921 0 0 0 0 0
17.01 -547926 0 0 0 0 0 547926 0 0 0 0 0
17.02 -547930 0 0 0 0 0 547930 0 0 0 0 0
17.03 -547933 0 0 0 0 0 547933 0 0 0 0 0
17.04 -547935 0 0 0 0 0 547935 0 0 0 0 0
17.05 -547936 0 0 0 0 0 547936 0 0 0 0 0
17.06 -547937 0 0 0 0 0 547937 0 0 0 0 0
17.07 -547936 0 0 0 0 0 547936 0 0 0 0 0
17.08 -547935 0 0 0 0 0 547935 0 0 0 0 0
17.09 -547934 0 0 0 0 0 547934 0 0 0 0 0
17.1 -547932 0 0 0 0 0 547932 0 0 0 0 0
17.11 -547929 0 0 0 0 0 547929 0 0 0 0 0
17.12 -547927 0 0 0 0 0 547927 0 0 0 0 0
17.13 -547924 0 0 0 0 0 547924 0 0 0 0 0
17.14 -547921 0 0 0 0 0 547921 0 0 0 0 0
17.15 -547918 0 0 0 0 0 547918 0 0 0 0 0
17.16 -547915 0 0 0 0 0 547915 0 0 0 0 0
17.17 -547912 0 0 0 0 0 547912 0 0 0 0 0
17.18 -547909 0 0 0 0 0 547909 0 0 0 0 0
17.19 -547906 0 0 0 0 0 547906 0 0 0 0 0
17.2 -547904 0 0 0 0 0 547904 0 0 0 0 0
17.21 -547902 0 0 0 0 0 547902 0 0 0 0 0
17.22 -547900 0 0 0 0 0 547900 0 0 0 0 0
17.23 -547899 0 0 0 0 0 547899 0 0 0 0 0
17.24 -547898 0 0 0 0 0 547898 0 0 0 0 0
17.25 -547897 0 0 0 0 0 547897 0 0 0 0 0
17.26 -547897 0 0 0 0 0 547897 0 0 0 0 0
17.27 -547897 0 0 0 0 0 547897 0 0 0 0 0
17.28 -547898 0 0 0 0 0 547898 0 0 0 0 0
17.29 -547899 0 0 0 0 0 547899 0 0 0 0 0
17.3 -547900 0 0 0 0 0 547900 0 0 0 0 0
17.31 -547903 0 0 0 0 0 547903 0 0 0 0 0
17.32 -547905 0 0 0 0 0 547905 0 0 0 0 0
17.33 -547909 0 0 0 0 0 547909 0 0 0 0 0
17.34 -547912 0 0 0 0 0 547912 0 0 0 0 0
17.35 -547917 0 0 0 0 0 547917 0 0 0 0 0
17.36 -547922 0 0 0 0 0 547922 0 0 0 0 0
17.37 -547927 0 0 0 0 0 547927 0 0 0 0 0
17.38 -547933 0 0 0 0 0 547933 0 0 0 0 0
17.39 -547940 0 0 0 0 0 547940 0 0 0 0 0
17.4 -547947 0 0 0 0 0 547947 0 0 0 0 0
17.41 -547954 0 0 0 0 0 547954 0 0 0 0 0
17.42 -547962 0 0 0 0 0 547962 0 0 0 0 0
17.43 -547971 0 0 0 0 0 547971 0 0 0 0 0
17.44 -547979 0 0 0 0 0 547979 0 0 0 0 0
17.45 -547988 0 0 0 0 0 547988 0 0 0 0 0
17.46 -547996 0 0 0 0 0 547996 0 0 0 0 0
17.47 -548005 0 0 0 0 0 548005 0 0 0 0 0
17.48 -548013 0 0 0 0 0 548013 0 0 0 0 0
17.49 -548021 0 0 0 0 0 548021 0 0 0 0 0
17.5 -548028 0 0 0 0 0 548028 0 0 0 0 0
17.51 -548034 0 0 0 0 0 548034 0 0 0 0 0
17.52 -548040 0 0 0 0 0 548040 0 0 0 0 0
17.53 -548044 0 0 0 0 0 548044 0 0 0 0 0
17.54 -548047 0 0 0 0 0 548047 0 0 0 0 0
17.55 -548049 0 0 0 0 0 548049 0 0 0 0 0
17.56 -548049 0 0 0 0 0 548049 0 0 0 0 0
17.57 -548047 0 0 0 0 0 548047 0 0 0 0 0
17.58 -548044 0 0 0 0 0 548044 0 0 0 0 0
17.59 -548038 0 0 0 0 0 548038 0 0 0 0 0
17.6 -548030 0 0 0 0 0 548030 0 0 0 0 0
17.61 -548020 0 0 0 0 0 548020 0 0 0 0 0
17.62 -548008 0 0 0 0 0 548008 0 0 0 0 0
17.63 -547994 0 0 0 0 0 547994 0 0 0 0 0
17.64 -547978 0 0 0 0 0 547978 0 0 0 0 0
17.65 -547959 0 0 0 0 0 547959 0 0 0 0 0
17.66 -547939 0 0 0 0 0 547939 0 0 0 0 0
17.67 -547916 0 0 0 0 0 547916 0 0 0 0 0
17.68 -547892 0 0 0 0 0 547892 0 0 0 0 0
17.69 -547867 0 0 0 0 0 547867 0 0 0 0 0
17.7 -547840 0 0 0 0 0 547840 0 0 0 0 0
17.71 -547812 0 0 0 0 0 547812 0 0 0 0 0
17.72 -547783 0 0 0 0 0 547783 0 0 0 0 0
17.73 -547754 0 0 0 0 0 547754 0 0 0 0 0
17.74 -547724 0 0 0 0 0 547724 0 0 0 0 0
17.75 -547695 0 0 0 0 0 547695 0 0 0 0 0
17.76 -547665 0 0 0 0 0 547665 0 0 0 0 0
17.77 -547637 0 0 0 0 0 547637 0 0 0 0 0
17.78 -547609 0 0 0 0 0 547609 0 0 0 0 0
17.79 -547582 0 0 0 0 0 547582 0 0 0 0 0
17.8 -547557 0 0 0 0 0 547557 0 0 0 0 0
17.81 -547534 0 0 0 0 0 547534 0 0 0 0 0
17.82 -547512 0 0 0 0 0 547512 0 0 0 0 0
17.83 -547492 0 0 0 0 0 547492 0 0 0 0 0
17.84 -547474 0 0 0 0 0 547474 0 0 0 0 0
17.85 -547458 0 0 0 0 0 547458 0 0 0 0 0
17.86 -547445 0 0 0 0 0 547445 0 0 0 0 0
17.87 -547434 0 0 0 0 0 547434 0 0 0 0 0
17.88 -547425 0 0 0 0 0 547425 0 0 0 0 0
17.89 -547419 0 0 0 0 0 547419 0 0 0 0 0
17.9 -547415 0 0 0 0 0 547415 0 0 0 0 0
17.91 -547413 0 0 0 0 0 547413 0 0 0 0 0
17.92 -547412 0 0 0 0 0 547412 0 0 0 0 0
17.93 -547414 0 0 0 0 0 547414 0 0 0 0 0
17.94 -547417 0 0 0 0 0 547417 0 0 0 0 0
17.95 -547422 0 0 0 0 0 547422 0 0 0 0 0
17.96 -547427 0 0 0 0 0 547427 0 0 0 0 0
17.97 -547434 0 0 0 0 0 547434 0 0 0 0 0
17.98 -547442 0 0 0 0 0 547442 0 0 0 0 0
17.99 -547450 0 0 0 0 0 547450 0 0 0 0 0
18 -547459 0 0 0 0 0 547459 0 0 0 0 0
18.01 -547468 0 0 0 0 0 547468 0 0 0 0 0
18.02 -547478 0 0 0 0 0 547478 0 0 0 0 0
18.03 -547487 0 0 0 0 0 547487 0 0 0 0 0
18.04 -547496 0 0 0 0 0 547496 0 0 0 0 0
18.05 -547504 0 0 0 0 0 547504 0 0 0 0 0
18.06 -547512 0 0 0 0 0 547512 0 0 0 0 0
18.07 -547520 0 0 0 0 0 547520 0 0 0 0 0
18.08 -547527 0 0 0 0 0 547527 0 0 0 0 0
18.09 -547533 0 0 0 0 0 547533 0 0 0 0 0
18.1 -547539 0 0 0 0 0 547539 0 0 0 0 0
18.11 -547544 0 0 0 0 0 547544 0 0 0 0 0
18.12 -547548 0 0 0 0 0 547548 0 0 0 0 0
18.13 -547551 0 0 0 0 0 547551 0 0 0 0 0
18.14 -547554 0 0 0 0 0 547554 0 0 0 0 0
18.15 -547556 0 0 0 0 0 547556 0 0 0 0 0
18.16 -547557 0 0 0 0 0 547557 0 0 0 0 0
18.17 -547557 0 0 0 0 0 547557 0 0 0 0 0
18.18 -547557 0 0 0 0 0 547557 0 0 0 0 0
18.19 -547556 0 0 0 0 0 547556 0 0 0 0 0
18.2 -547555 0 0 0 0 0 547555 0 0 0 0 0
18.21 -547553 0 0 0 0 0 547553 0 0 0 0 0
18.22 -547550 0 0 0 0 0 547550 0 0 0 0 0
18.23 -547547 0 0 0 0 0 547547 0 0 0 0 0
18.24 -547543 0 0 0 0 0 547543 0 0 0 0 0
18.25 -547539 0 0 0 0 0 547539 0 0 0 0 0
18.26 -547534 0 0 0 0 0 547534 0 0 0 0 0
18.27 -547529 0 0 0 0 0 547529 0 0 0 0 0
18.28 -547523 0 0 0 0 0 547523 0 0 0 0 0
18.29 -547516 0 0 0 0 0 547516 0 0 0 0 0
18.3 -547509 0 0 0 0 0 547509 0 0 0 0 0
18.31 -547501 0 0 0 0 0 547501 0 0 0 0 0
18.32 -547493 0 0 0 0 0 547493 0 0 0 0 0
18.33 -547484 0 0 0 0 0 547484 0 0 0 0 0
18.34 -547475 0 0 0 0 0 547475 0 0 0 0 0
18.35 -547465 0 0 0 0 0 547465 0 0 0 0 0
18.36 -547456 0 0 0 0 0 547456 0 0 0 0 0
18.37 -547445 0 0 0 0 0 547445 0 0 0 0 0
18.38 -547435 0 0 0 0 0 547435 0 0 0 0 0
18.39 -547425 0 0 0 0 0 547425 0 0 0 0 0
18.4 -547414 0 0 0 0 0 547414 0 0 0 0 0
18.41 -547404 0 0 0 0 0 547404 0 0 0 0 0
18.42 -547393 0 0 0 0 0 547393 0 0 0 0 0
18.43 -547383 0 0 0 0 0 547383 0 0 0 0 0
18.44 -547373 0 0 0 0 0 547373 0 0 0 0 0
18.45 -547364 0 0 0 0 0 547364 0 0 0 0 0
18.46 -547355 0 0 0 0 0 547355 0 0 0 0 0
18.47 -547346 0 0 0 0 0 547346 0 0 0 0 0
18.48 -547339 0 0 0 0 0 547339 0 0 0 0 0
18.49 -547331 0 0 0 0 0 547331 0 0 0 0 0
18.5 -547325 0 0 0 0 0 547325 0 0 0 0 0
18.51 -547319 0 0 0 0 0 547319 0 0 0 0 0
18.52 -547314 0 0 0 0 0 547314 0 0 0 0 0
18.53 -547309 0 0 0 0 0 547309 0 0 0 0 0
18.54 -547306 0 0 0 0 0 547306 0 0 0 0 0
18.55 -547303 0 0 0 0 0 547303 0 0 0 0 0
18.56 -547301 0 0 0 0 0 547301 0 0 0 0 0
18.57 -547299 0 0 0 0 0 547299 0 0 0 0 0
18.58 -547298 0 0 0 0 0 547298 0 0 0 0 0
18.59 -547297 0 0 0 0 0 547297 0 0 0 0 0
18.6 -547297 0 0 0 0 0 547297 0 0 0 0 0
18.61 -547298 0 0 0 0 0 547298 0 0 0 0 0
18.62 -547299 0 0 0 0 0 547299 0 0 0 0 0
18.63 -547300 0 0 0 0 0 547300 0 0 0 0 0
18.64 -547301 0 0 0 0 0 547301 0 0 0 0 0
18.65 -547303 0 0 0 0 0 547303 0 0 0 0 0
18.66 -547306 0 0 0 0 0 547306 0 0 0 0 0
18.67 -547308 0 0 0 0 0 547308 0 0 0 0 0
18.68 -547311 0 0 0 0 0 547311 0 0 0 0 0
18.69 -547314 0 0 0 0 0 547314 0 0 0 0 0
18.7 -547317 0 0 0 0 0 547317 0 0 0 0 0
18.71 -547320 0 0 0 0 0 547320 0 0 0 0 0
18.72 -547324 0 0 0 0 0 547324 0 0 0 0 0
18.73 -547327 0 0 0 0 0 547327 0 0 0 0 0
18.74 -547331 0 0 0 0 0 547331 0 0 0 0 0
18.75 -547335 0 0 0 0 0 547335 0 0 0 0 0
18.76 -547338 0 0 0 0 0 547338 0 0 0 0 0
18.77 -547342 0 0 0 0 0 547342 0 0 0 0 0
18.78 -547346 0 0 0 0 0 547346 0 0 0 0 0
18.79 -547349 0 0 0 0 0 547349 0 0 0 0 0
18.8 -547353 0 0 0 0 0 547353 0 0 0 0 0
18.81 -547356 0 0 0 0 0 547356 0 0 0 0 0
18.82 -547359 0 0 0 0 0 547359 0 0 0 0 0
18.83 -547361 0 0 0 0 0 547361 0 0 0 0 0
18.84 -547364 0 0 0 0 0 547364 0 0 0 0 0
18.85 -547365 0 0 0 0 0 547365 0 0 0 0 0
18.86 -547367 0 0 0 0 0 547367 0 0 0 0 0
18.87 -547368 0 0 0 0 0 547368 0 0 0 0 0
18.88 -547368 0 0 0 0 0 547368 0 0 0 0 0
18.89 -547368 0 0 0 0 0 547368 0 0 0 0 0
18.9 -547368 0 0 0 0 0 547368 0 0 0 0 0
18.91 -547367 0 0 0 0 0 547367 0 0 0 0 0
18.92 -547365 0 0 0 0 0 547365 0 0 0 0 0
18.93 -547363 0 0 0 0 0 547363 0 0 0 0 0
18.94 -547360 0 0 0 0 0 547360 0 0 0 0 0
18.95 -547357 0 0 0 0 0 547357 0 0 0 0 0
18.96 -547354 0 0 0 0 0 547354 0 0 0 0 0
18.97 -547349 0 0 0 0 0 547349 0 0 0 0 0
18.98 -547345 0 0 0 0 0 547345 0 0 0 0 0
18.99 -547340 0 0 0 0 0 547340 0 0 0 0 0
19 -547334 0 0 0 0 0 547334 0 0 0 0 0
19.01 -547328 0 0 0 0 0 547328 0 0 0 0 0
19.02 -547322 0 0 0 0 0 547322 0 0 0 0 0
19.03 -547316 0 0 0 0 0 547316 0 0 0 0 0
19.04 -547309 0 0 0 0 0 547309 0 0 0 0 0
19.05 -547303 0 0 0 0 0 547303 0 0 0 0 0
19.06 -547296 0 0 0 0 0 547296 0 0 0 0 0
19.07 -547290 0 0 0 0 0 547290 0 0 0 0 0
19.08 -547283 0 0 0 0 0 547283 0 0 0 0 0
19.09 -547277 0 0 0 0 0 547277 0 0 0 0 0
19.1 -547271 0 0 0 0 0 547271 0 0 0 0 0
19.11 -547266 0 0 0 0 0 547266 0 0 0 0 0
19.12 -547261 0 0 0 0 0 547261 0 0 0 0 0
19.13 -547256 0 0 0 0 0 547256 0 0 0 0 0
19.14 -547252 0 0 0 0 0 547252 0 0 0 0 0
19.15 -547248 0 0 0 0 0 547248 0 0 0 0 0
19.16 -547245 0 0 0 0 0 547245 0 0 0 0 0
19.17 -547242 0 0 0 0 0 547242 0 0 0 0 0
19.18 -547241 0 0 0 0 0 547241 0 0 0 0 0
19.19 -547240 0 0 0 0 0 547240 0 0 0 0 0
19.2 -547239 0 0 0 0 0 547239 0 0 0 0 0
19.21 -547240 0 0 0 0 0 547240 0 0 0 0 0
19.22 -547241 0 0 0 0 0 547241 0 0 0 0 0
19.23 -547243 0 0 0 0 0 547243 0 0 0 0 0
19.24 -547246 0 0 0 0 0 547246 0 0 0 0 0
19.25 -547249 0 0 0 0 0 547249 0 0 0 0 0
19.26 -547253 0 0 0 0 0 547253 0 0 0 0 0
19.27 -547258 0 0 0 0 0 547258 0 0 0 0 0
19.28 -547264 0 0 0 0 0 547264 0 0 0 0 0
19.29 -547270 0 0 0 0 0 547270 0 0 0 0 0
19.3 -547277 0 0 0 0 0 547277 0 0 0 0 0
19.31 -547285 0 0 0 0 0 547285 0 0 0 0 0
19.32 -547293 0 0 0 0 0 547293 0 0 0 0 0
19.33 -547301 0 0 0 0 0 547301 0 0 0 0 0
19.34 -547310 0 0 0 0 0 547310 0 0 0 0 0
19.35 -547319 0 0 0 0 0 547319 0 0 0 0 0
19.36 -547328 0 0 0 0 0 547328 0 0 0 0 0
19.37 -547337 0 0 0 0 0 547337 0 0 0 0 0
19.38 -547346 0 0 0 0 0 547346 0 0 0 0 0
19.39 -547355 0 0 0 0 0 547355 0 0 0 0 0
19.4 -547364 0 0 0 0 0 547364 0 0 0 0 0
19.41 -547373 0 0 0 0 0 547373 0 0 0 0 0
19.42 -547381 0 0 0 0 0 547381 0 0 0 0 0
19.43 -547389 0 0 0 0 0 547389 0 0 0 0 0
19.44 -547397 0 0 0 0 0 547397 0 0 0 0 0
19.45 -547404 0 0 0 0 0 547404 0 0 0 0 0
19.46 -547410 0 0 0 0 0 547410 0 0 0 0 0
19.47 -547415 0 0 0 0 0 547415 0 0 0 0 0
19.48 -547420 0 0 0 0 0 547420 0 0 0 0 0
19.49 -547424 0 0 0 0 0 547424 0 0 0 0 0
19.5 -547427 0 0 0 0 0 547427 0 0 0 0 0
19.51 -547430 0 0 0 0 0 547430 0 0 0 0 0
19.52 -547432 0 0 0 0 0 547432 0 0 0 0 0
19.53 -547433 0 0 0 0 0 547433 0 0 0 0 0
19.54 -547433 0 0 0 0 0 547433 0 0 0 0 0
19.55 -547433 0 0 0 0 0 547433 0 0 0 0 0
19.56 -547432 0 0 0 0 0 547432 0 0 0 0 0
19.57 -547431 0 0 0 0 0 547431 0 0 0 0 0
19.58 -547430 0 0 0 0 0 547430 0 0 0 0 0
19.59 -547428 0 0 0 0 0 547428 0 0 0 0 0
19.6 -547425 0 0 0 0 0 547425 0 0 0 0 0
19.61 -547423 0 0 0 0 0 547423 0 0 0 0 0
19.62 -547420 0 0 0 0 0 547420 0 0 0 0 0
19.63 -547418 0 0 0 0 0 547418 0 0 0 0 0
19.64 -547416 0 0 0 0 0 547416 0 0 0 0 0
19.65 -547413 0 0 0 0 0 547413 0 0 0 0 0
19.66 -547412 0 0 0 0 0 547412 0 0 0 0 0
19.67 -547410 0 0 0 0 0 547410 0 0 0 0 0
19.68 -547409 0 0 0 0 0 547409 0 0 0 0 0
19.69 -547409 0 0 0 0 0 547409 0 0 0 0 0
19.7 -547409 0 0 0 0 0 547409 0 0 0 0 0
19.71 -547410 0 0 0 0 0 547410 0 0 0 0 0
19.72 -547412 0 0 0 0 0 547412 0 0 0 0 0
19.73 -547414 0 0 0 0 0 547414 0 0 0 0 0
19.74 -547417 0 0 0 0 0 547417 0 0 0 0 0
19.75 -547421 0 0 0 0 0 547421 0 0 0 0 0
19.76 -547425 0 0 0 0 0 547425 0 0 0 0 0
19.77 -547431 0 0 0 0 0 547431 0 0 0 0 0
19.78 -547437 0 0 0 0 0 547437 0 0 0 0 0
19.79 -547444 0 0 0 0 0 547444 0 0 0 0 0
19.8 -547451 0 0 0 0 0 547451 0 0 0 0 0
19.81 -547459 0 0 0 0 0 547459 0 0 0 0 0
19.82 -547467 0 0 0 0 0 547467 0 0 0 0 0
19.83 -547476 0 0 0 0 0 547476 0 0 0 0 0
19.84 -547485 0 0 0 0 0 547485 0 0 0 0 0
19.85 -547495 0 0 0 0 0 547495 0 0 0 0 0
19.86 -547505 0 0 0 0 0 547505 0 0 0 0 0
19.87 -547515 0 0 0 0 0 547515 0 0 0 0 0
19.88 -547525 0 0 0 0 0 547525 0 0 0 0 0
19.89 -547535 0 0 0 0 0 547535 0 0 0 0 0
19.9 -547545 0 0 0 0 0 547545 0 0 0 0 0
19.91 -547554 0 0 0 0 0 547554 0 0 0 0 0
19.92 -547564 0 0 0 0 0 547564 0 0 0 0 0
19.93 -547573 0 0 0 0 0 547573 0 0 0 0 0
19.94 -547582 0 0 0 0 0 547582 0 0 0 0 0
19.95 -547591 0 0 0 0 0 547591 0 0 0 0 0
19.96 -547599 0 0 0 0 0 547599 0 0 0 0 0
19.97 -547607 0 0 0 0 0 547607 0 0 0 0 0
19.98 -547614 0 0 0 0 0 547614 0 0 0 0 0
19.99 -547620 0 0 0 0 0 547620 0 0 0 0 0
20 -547626 0 0 0 0 0 547626 0 0 0 0 0
20.01 -547631 0 0 0 0 0 547631 0 0 0 0 0
20.02 -547636 0 0 0 0 0 547636 0 0 0 0 0
20.03 -547640 0 0 0 0 0 547640 0 0 0 0 0
20.04 -547643 0 0 0 0 0 547643 0 0 0 0 0
20.05 -547646 0 0 0 0 0 547646 0 0 0 0 0
20.06 -547648 0 0 0 0 0 547648 0 0 0 0 0
20.07 -547649 0 0 0 0 0 547649 0 0 0 0 0
20.08 -547650 0 0 0 0 0 547650 0 0 0 0 0
20.09 -547650 0 0 0 0 0 547650 0 0 0 0 0
20.1 -547650 0 0 0 0 0 547650 0 0 0 0 0
20.11 -547649 0 0 0 0 0 547649 0 0 0 0 0
20.12 -547647 0 0 0 0 0 547647 0 0 0 0 0
20.13 -547645 0 0 0 0 0 547645 0 0 0 0 0
20.14 -547643 0 0 0 0 0 547643 0 0 0 0 0
20.15 -547640 0 0 0 0 0 547640 0 0 0 0 0
20.16 -547637 0 0 0 0 0 547637 0 0 0 0 0
20.17 -547634 0 0 0 0 0 547634 0 0 0 0 0
20.18 -547630 0 0 0 0 0 547630 0 0 0 0 0
20.19 -547627 0 0 0 0 0 547627 0 0 0 0 0
20.2 -547623 0 0 0 0 0 547623 0 0 0 0 0
20.21 -547619 0 0 0 0 0 547619 0 0 0 0 0
20.22 -547616 0 0 0 0 0 547616 0 0 0 0 0
20.23 -547612 0 0 0 0 0 547612 0 0 0 0 0
20.24 -547609 0 0 0 0 0 547609 0 0 0 0 0
20.25 -547606 0 0 0 0 0 547606 0 0 0 0 0
20.26 -547603 0 0 0 0 0 547603 0 0 0 0 0
20.27 -547600 0 0 0 0 0 547600 0 0 0 0 0
20.28 -547598 0 0 0 0 0 547598 0 0 0 0 0
20.29 -547596 0 0 0 0 0 547596 0 0 0 0 0
20.3 -547595 0 0 0 0 0 547595 0 0 0 0 0
20.31 -547594 0 0 0 0 0 547594 0 0 0 0 0
20.32 -547594 0 0 0 0 0 547594 0 0 0 0 0
20.33 -547594 0 0 0 0 0 547594 0 0 0 0 0
20.34 -547595 0 0 0 0 0 547595 0 0 0 0 0
20.35 -547597 0 0 0 0 0 547597 0 0 0 0 0
20.36 -547599 0 0 0 0 0 547599 0 0 0 0 0
20.37 -547601 0 0 0 0 0 547601 0 0 0 0 0
20.38 -547604 0 0 0 0 0 547604 0 0 0 0 0
20.39 -547608 0 0 0 0 0 547608 0 0 0 0 0
20.4 -547612 0 0 0 0 0 547612 0 0 0 0 0
20.41 -547616 0 0 0 0 0 547616 0 0 0 0 0
20.42 -547621 0 0 0 0 0 547621 0 0 0 0 0
20.43 -547626 0 0 0 0 0 547626 0 0 0 0 0
20.44 -547632 0 0 0 0 0 547632 0 0 0 0 0
20.45 -547638 0 0 0 0 0 547638 0 0 0 0 0
20.46 -547644 0 0 0 0 0 547644 0 0 0 0 0
20.47 -547651 0 0 0 0 0 547651 0 0 0 0 0
20.48 -547657 0 0 0 0 0 547657 0 0 0 0 0
20.49 -547664 0 0 0 0 0 547664 0 0 0 0 0
20.5 -547671 0 0 0 0 0 547671 0 0 0 0 0
20.51 -547678 0 0 0 0 0 547678 0 0 0 0 0
20.52 -547685 0 0 0 0 0 547685 0 0 0 0 0
20.53 -547692 0 0 0 0 0 547692 0 0 0 0 0
20.54 -547699 0 0 0 0 0 547699 0 0 0 0 0
20.55 -547705 0 0 0 0 0 547705 0 0 0 0 0
20.56 -547712 0 0 0 0 0 547712 0 0 0 0 0
20.57 -547718 0 0 0 0 0 547718 0 0 0 0 0
20.58 -547724 0 0 0 0 0 547724 0 0 0 0 0
20.59 -547730 0 0 0 0 0 547730 0 0 0 0 0
20.6 -547735 0 0 0 0 0 547735 0 0 0 0 0
20.61 -547740 0 0 0 0 0 547740 0 0 0 0 0
20.62 -547744 0 0 0 0 0 547744 0 0 0 0 0
20.63 -547748 0 0 0 0 0 547748 0 0 0 0 0
20.64 -547752 0 0 0 0 0 547752 0 0 0 0 0
20.65 -547755 0 0 0 0 0 547755 0 0 0 0 0
20.66 -547758 0 0 0 0 0 547758 0 0 0 0 0
20.67 -547761 0 0 0 0 0 547761 0 0 0 0 0
20.68 -547763 0 0 0 0 0 547763 0 0 0 0 0
20.69 -547765 0 0 0 0 0 547765 0 0 0 0 0
20.7 -547766 0 0 0 0 0 547766 0 0 0 0 0
20.71 -547767 0 0 0 0 0 547767 0 0 0 0 0
20.72 -547768 0 0 0 0 0 547768 0 0 0 0 0
20.73 -547769 0 0 0 0 0 547769 0 0 0 0 0
20.74 -547769 0 0 0 0 0 547769 0 0 0 0 0
20.75 -547769 0 0 0 0 0 547769 0 0 0 0 0
20.76 -547769 0 0 0 0 0 547769 0 0 0 0 0
20.77 -547768 0 0 0 0 0 547768 0 0 0 0 0
20.78 -547767 0 0 0 0 0 547767 0 0 0 0 0
20.79 -547766 0 0 0 0 0 547766 0 0 0 0 0
20.8 -547764 0 0 0 0 0 547764 0 0 0 0 0
20.81 -547763 0 0 0 0 0 547763 0 0 0 0 0
20.82 -547761 0 0 0 0 0 547761 0 0 0 0 0
20.83 -547758 0 0 0 0 0 547758 0 0 0 0 0
20.84 -547756 0 0 0 0 0 547756 0 0 0 0 0
20.85 -547753 0 0 0 0 0 547753 0 0 0 0 0
20.86 -547750 0 0 0 0 0 547750 0 0 0 0 0
20.87 -547747 0 0 0 0 0 547747 0 0 0 0 0
20.88 -547744 0 0 0 0 0 547744 0 0 0 0 0
20.89 -547740 0 0 0 0 0 547740 0 0 0 0 0
20.9 -547736 0 0 0 0 0 547736 0 0 0 0 0
20.91 -547732 0 0 0 0 0 547732 0 0 0 0 0
20.92 -547729 0 0 0 0 0 547729 0 0 0 0 0
20.93 -547725 0 0 0 0 0 547725 0 0 0 0 0
20.94 -547721 0 0 0 0 0 547721 0 0 0 0 0
20.95 -547717 0 0 0 0 0 547717 0 0 0 0 0
20.96 -547713 0 0 0 0 0 547713 0 0 0 0 0
20.97 -547710 0 0 0 0 0 547710 0 0 0 0 0
20.98 -547707 0 0 0 0 0 547707 0 0 0 0 0
20.99 -547704 0 0 0 0 0 547704 0 0 0 0 0
21 -547701 0 0 0 0 0 547701 0 0 0 0 0
21.01 -547699 0 0 0 0 0 547699 0 0 0 0 0
21.02 -547697 0 0 0 0 0 547697 0 0 0 0 0
21.03 -547696 0 0 0 0 0 547696 0 0 0 0 0
21.04 -547695 0 0 0 0 0 547695 0 0 0 0 0
21.05 -547694 0 0 0 0 0 547694 0 0 0 0 0
21.06 -547694 0 0 0 0 0 547694 0 0 0 0 0
21.07 -547695 0 0 0 0 0 547695 0 0 0 0 0
21.08 -547696 0 0 0 0 0 547696 0 0 0 0 0
21.09 -547697 0 0 0 0 0 547697 0 0 0 0 0
21.1 -547699 0 0 0 0 0 547699 0 0 0 0 0
21.11 -547701 0 0 0 0 0 547701 0 0 0 0 0
21.12 -547703 0 0 0 0 0 547703 0 0 0 0 0
21.13 -547706 0 0 0 0 0 547706 0 0 0 0 0
21.14 -547709 0 0 0 0 0 547709 0 0 0 0 0
21.15 -547712 0 0 0 0 0 547712 0 0 0 0 0
21.16 -547716 0 0 0 0 0 547716 0 0 0 0 0
21.17 -547719 0 0 0 0 0 547719 0 0 0 0 0
21.18 -547722 0 0 0 0 0 547722 0 0 0 0 0
21.19 -547726 0 0 0 0 0 547726 0 0 0 0 0
21.2 -547729 0 0 0 0 0 547729 0 0 0 0 0
21.21 -547732 0 0 0 0 0 547732 0 0 0 0 0
21.22 -547734 0 0 0 0 0 547734 0 0 0 0 0
21.23 -547737 0 0 0 0 0 547737 0 0 0 0 0
21.24 -547739 0 0 0 0 0 547739 0 0 0 0 0
21.25 -547741 0 0 0 0 0 547741 0 0 0 0 0
21.26 -547742 0 0 0 0 0 547742 0 0 0 0 0
21.27 -547743 0 0 0 0 0 547743 0 0 0 0 0
21.28 -547744 0 0 0 0 0 547744 0 0 0 0 0
21.29 -547744 0 0 0 0 0 547744 0 0 0 0 0
21.3 -547744 0 0 0 0 0 547744 0 0 0 0 0
21.31 -547744 0 0 0 0 0 547744 0 0 0 0 0
21.32 -547743 0 0 0 0 0 547743 0 0 0 0 0
21.33 -547741 0 0 0 0 0 547741 0 0 0 0 0
21.34 -547740 0 0 0 0 0 547740 0 0 0 0 0
21.35 -547738 0 0 0 0 0 547738 0 0 0 0 0
21.36 -547735 0 0 0 0 0 547735 0 0 0 0 0
21.37 -547733 0 0 0 0 0 547733 0 0 0 0 0
21.38 -547730 0 0 0 0 0 547730 0 0 0 0 0
21.39 -547726 0 0 0 0 0 547726 0 0 0 0 0
21.4 -547723 0 0 0 0 0 547723 0 0 0 0 0
21.41 -547719 0 0 0 0 0 547719 0 0 0 0 0
21.42 -547715 0 0 0 0 0 547715 0 0 0 0 0
21.43 -547711 0 0 0 0 0 547711 0 0 0 0 0
21.44 -547706 0 0 0 0 0 547706 0 0 0 0 0
21.45 -547702 0 0 0 0 0 547702 0 0 0 0 0
21.46 -547697 0 0 0 0 0 547697 0 0 0 0 0
21.47 -547693 0 0 0 0 0 547693 0 0 0 0 0
21.48 -547688 0 0 0 0 0 547688 0 0 0 0 0
21.49 -547683 0 0 0 0 0 547683 0 0 0 0 0
21.5 -547679 0 0 0 0 0 547679 0 0 0 0 0
21.51 -547674 0 0 0 0 0 547674 0 0 0 0 0
21.52 -547669 0 0 0 0 0 547669 0 0 0 0 0
21.53 -547665 0 0 0 0 0 547665 0 0 0 0 0
21.54 -547660 0 0 0 0 0 547660 0 0 0 0 0
21.55 -547656 0 0 0 0 0 547656 0 0 0 0 0
21.56 -547652 0 0 0 0 0 547652 0 0 0 0 0
21.57 -547647 0 0 0 0 0 547647 0 0 0 0 0
21.58 -547643 0 0 0 0 0 547643 0 0 0 0 0
21.59 -547640 0 0 0 0 0 547640 0 0 0 0 0
21.6 -547636 0 0 0 0 0 547636 0 0 0 0 0
21.61 -547633 0 0 0 0 0 547633 0 0 0 0 0
21.62 -547630 0 0 0 0 0 547630 0 0 0 0 0
21.63 -547627 0 0 0 0 0 547627 0 0 0 0 0
21.64 -547624 0 0 0 0 0 547624 0 0 0 0 0
21.65 -547621 0 0 0 0 0 547621 0 0 0 0 0
21.66 -547619 0 0 0 0 0 547619 0 0 0 0 0
21.67 -547617 0 0 0 0 0 547617 0 0 0 0 0
21.68 -547615 0 0 0 0 0 547615 0 0 0 0 0
21.69 -547613 0 0 0 0 0 547613 0 0 0 0 0
21.7 -547611 0 0 0 0 0 547611 0 0 0 0 0
21.71 -547609 0 0 0 0 0 547609 0 0 0 0 0
21.72 -547607 0 0 0 0 0 547607 0 0 0 0 0
21.73 -547605 0 0 0 0 0 547605 0 0 0 0 0
21.74 -547603 0 0 0 0 0 547603 0 0 0 0 0
21.75 -547600 0 0 0 0 0 547600 0 0 0 0 0
21.76 -547598 0 0 0 0 0 547598 0 0 0 0 0
21.77 -547595 0 0 0 0 0 547595 0 0 0 0 0
21.78 -547592 0 0 0 0 0 547592 0 0 0 0 0
21.79 -547589 0 0 0 0 0 547589 0 0 0 0 0
21.8 -547585 0 0 0 0 0 547585 0 0 0 0 0
21.81 -547581 0 0 0 0 0 547581 0 0 0 0 0
21.82 -547577 0 0 0 0 0 547577 0 0 0 0 0
21.83 -547572 0 0 0 0 0 547572 0 0 0 0 0
21.84 -547567 0 0 0 0 0 547567 0 0 0 0 0
21.85 -547561 0 0 0 0 0 547561 0 0 0 0 0
21.86 -547556 0 0 0 0 0 547556 0 0 0 0 0
21.87 -547549 0 0 0 0 0 547549 0 0 0 0 0
21.88 -547543 0 0 0 0 0 547543 0 0 0 0 0
21.89 -547536 0 0 0 0 0 547536 0 0 0 0 0
21.9 -547529 0 0 0 0 0 547529 0 0 0 0 0
21.91 -547522 0 0 0 0 0 547522 0 0 0 0 0
21.92 -547515 0 0 0 0 0 547515 0 0 0 0 0
21.93 -547507 0 0 0 0 0 547507 0 0 0 0 0
21.94 -547500 0 0 0 0 0 547500 0 0 0 0 0
21.95 -547492 0 0 0 0 0 547492 0 0 0 0 0
21.96 -547485 0 0 0 0 0 547485 0 0 0 0 0
21.97 -547477 0 0 0 0 0 547477 0 0 0 0 0
21.98 -547470 0 0 0 0 0 547470 0 0 0 0 0
21.99 -547462 0 0 0 0 0 547462 0 0 0 0 0
22 -547455 0 0 0 0 0 547455 0 0 0 0 0
22.01 -547448 0 0 0 0 0 547448 0 0 0 0 0
22.02 -547441 0 0 0 0 0 547441 0 0 0 0 0
22.03 -547435 0 0 0 0 0 547435 0 0 0 0 0
22.04 -547428 0 0 0 0 0 547428 0 0 0 0 0
22.05 -547422 0 0 0 0 0 547422 0 0 0 0 0
22.06 -547416 0 0 0 0 0 547416 0 0 0 0 0
22.07 -547410 0 0 0 0 0 547410 0 0 0 0 0
22.08 -547405 0 0 0 0 0 547405 0 0 0 0 0
22.09 -547400 0 0 0 0 0 547400 0 0 0 0 0
22.1 -547395 0 0 0 0 0 547395 0 0 0 0 0
22.11 -547390 0 0 0 0 0 547390 0 0 0 0 0
22.12 -547386 0 0 0 0 0 547386 0 0 0 0 0
22.13 -547382 0 0 0 0 0 547382 0 0 0 0 0
22.14 -547378 0 0 0 0 0 547378 0 0 0 0 0
22.15 -547375 0 0 0 0 0 547375 0 0 0 0 0
22.16 -547372 0 0 0 0 0 547372 0 0 0 0 0
22.17 -547369 0 0 0 0 0 547369 0 0 0 0 0
22.18 -547367 0 0 0 0 0 547367 0 0 0 0 0
22.19 -547365 0 0 0 0 0 547365 0 0 0 0 0
22.2 -547363 0 0 0 0 0 547363 0 0 0 0 0
22.21 -547361 0 0 0 0 0 547361 0 0 0 0 0
22.22 -547360 0 0 0 0 0 547360 0 0 0 0 0
22.23 -547359 0 0 0 0 0 547359 0 0 0 0 0
22.24 -547358 0 0 0 0 0 547358 0 0 0 0 0
22.25 -547358 0 0 0 0 0 547358 0 0 0 0 0
22.26 -547357 0 0 0 0 0 547357 0 0 0 0 0
22.27 -547357 0 0 0 0 0 547357 0 0 0 0 0
22.28 -547357 0 0 0 0 0 547357 0 0 0 0 0
22.29 -547357 0 0 0 0 0 547357 0 0 0 0 0
22.3 -547357 0 0 0 0 0 547357 0 0 0 0 0
22.31 -547357 0 0 0 0 0 547357 0 0 0 0 0
22.32 -547357 0 0 0 0 0 547357 0 0 0 0 0
22.33 -547358 0 0 0 0 0 547358 0 0 0 0 0
22.34 -547358 0 0 0 0 0 547358 0 0 0 0 0
22.35 -547358 0 0 0 0 0 547358 0 0 0 0 0
22.36 -547358 0 0 0 0 0 547358 0 0 0 0 0
22.37 -547358 0 0 0 0 0 547358 0 0 0 0 0
22.38 -547358 0 0 0 0 0 547358 0 0 0 0 0
22.39 -547358 0 0 0 0 0 547358 0 0 0 0 0
22.4 -547358 0 0 0 0 0 547358 0 0 0 0 0
22.41 -547357 0 0 0 0 0 547357 0 0 0 0 0
22.42 -547357 0 0 0 0 0 547357 0 0 0 0 0
22.43 -547356 0 0 0 0 0 547356 0 0 0 0 0
22.44 -547355 0 0 0 0 0 547355 0 0 0 0 0
22.45 -547354 0 0 0 0 0 547354 0 0 0 0 0
22.46 -547353 0 0 0 0 0 547353 0 0 0 0 0
22.47 -547352 0 0 0 0 0 547352 0 0 0 0 0
22.48 -547351 0 0 0 0 0 547351 0 0 0 0 0
22.49 -547349 0 0 0 0 0 547349 0 0 0 0 0
22.5 -547348 0 0 0 0 0 547348 0 0 0 0 0
22.51 -547346 0 0 0 0 0 547346 0 0 0 0 0
22.52 -547344 0 0 0 0 0 547344 0 0 0 0 0
22.53 -547342 0 0 0 0 0 547342 0 0 0 0 0
22.54 -547341 0 0 0 0 0 547341 0 0 0 0 0
22.55 -547339 0 0 0 0 0 547339 0 0 0 0 0
22.56 -547337 0 0 0 0 0 547337 0 0 0 0 0
22.57 -547335 0 0 0 0 0 547335 0 0 0 0 0
22.58 -547333 0 0 0 0 0 547333 0 0 0 0 0
22.59 -547331 0 0 0 0 0 547331 0 0 0 0 0
22.6 -547330 0 0 0 0 0 547330 0 0 0 0 0
22.61 -547328 0 0 0 0 0 547328 0 0 0 0 0
22.62 -547326 0 0 0 0 0 547326 0 0 0 0 0
22.63 -547325 0 0 0 0 0 547325 0 0 0 0 0
22.64 -547324 0 0 0 0 0 547324 0 0 0 0 0
22.65 -547322 0 0 0 0 0 547322 0 0 0 0 0
22.66 -547321 0 0 0 0 0 547321 0 0 0 0 0
22.67 -547321 0 0 0 0 0 547321 0 0 0 0 0
22.68 -547320 0 0 0 0 0 547320 0 0 0 0 0
22.69 -547319 0 0 0 0 0 547319 0 0 0 0 0
22.7 -547319 0 0 0 0 0 547319 0 0 0 0 0
22.71 -547319 0 0 0 0 0 547319 0 0 0 0 0
22.72 -547319 0 0 0 0 0 547319 0 0 0 0 0
22.73 -547319 0 0 0 0 0 547319 0 0 0 0 0
22.74 -547319 0 0 0 0 0 547319 0 0 0 0 0
22.75 -547320 0 0 0 0 0 547320 0 0 0 0 0
22.76 -547321 0 0 0 0 0 547321 0 0 0 0 0
22.77 -547321 0 0 0 0 0 547321 0 0 0 0 0
22.78 -547322 0 0 0 0 0 547322 0 0 0 0 0
22.79 -547324 0 0 0 0 0 547324 0 0 0 0 0
22.8 -547325 0 0 0 0 0 547325 0 0 0 0 0
22.81 -547327 0 0 0 0 0 547327 0 0 0 0 0
22.82 -547328 0 0 0 0 0 547328 0 0 0 0 0
22.83 -547330 0 0 0 0 0 547330 0 0 0 0 0
22.84 -547332 0 0 0 0 0 547332 0 0 0 0 0
22.85 -547334 0 0 0 0 0 547334 0 0 0 0 0
22.86 -547336 0 0 0 0 0 547336 0 0 0 0 0
22.87 -547338 0 0 0 0 0 547338 0 0 0 0 0
22.88 -547340 0 0 0 0 0 547340 0 0 0 0 0
22.89 -547342 0 0 0 0 0 547342 0 0 0 0 0
22.9 -547344 0 0 0 0 0 547344 0 0 0 0 0
22.91 -547346 0 0 0 0 0 547346 0 0 0 0 0
22.92 -547348 0 0 0 0 0 547348 0 0 0 0 0
22.93 -547350 0 0 0 0 0 547350 0 0 0 0 0
22.94 -547351 0 0 0 0 0 547351 0 0 0 0 0
22.95 -547353 0 0 0 0 0 547353 0 0 0 0 0
22.96 -547354 0 0 0 0 0 547354 0 0 0 0 0
22.97 -547355 0 0 0 0 0 547355 0 0 0 0 0
22.98 -547356 0 0 0 0 0 547356 0 0 0 0 0
22.99 -547357 0 0 0 0 0 547357 0 0 0 0 0
23 -547357 0 0 0 0 0 547357 0 0 0 0 0
23.01 -547358 0 0 0 0 0 547358 0 0 0 0 0
23.02 -547358 0 0 0 0 0 547358 0 0 0 0 0
23.03 -547358 0 0 0 0 0 547358 0 0 0 0 0
23.04 -547358 0 0 0 0 0 547358 0 0 0 0 0
23.05 -547358 0 0 0 0 0 547358 0 0 0 0 0
23.06 -547358 0 0 0 0 0 547358 0 0 0 0 0
23.07 -547358 0 0 0 0 0 547358 0 0 0 0 0
23.08 -547358 0 0 0 0 0 547358 0 0 0 0 0
23.09 -547359 0 0 0 0 0 547359 0 0 0 0 0
23.1 -547360 0 0 0 0 0 547360 0 0 0 0 0
23.11 -547361 0 0 0 0 0 547361 0 0 0 0 0
23.12 -547362 0 0 0 0 0 547362 0 0 0 0 0
23.13 -547364 0 0 0 0 0 547364 0 0 0 0 0
23.14 -547366 0 0 0 0 0 547366 0 0 0 0 0
23.15 -547369 0 0 0 0 0 547369 0 0 0 0 0
23.16 -547372 0 0 0 0 0 547372 0 0 0 0 0
23.17 -547376 0 0 0 0 0 547376 0 0 0 0 0
23.18 -547380 0 0 0 0 0 547380 0 0 0 0 0
23.19 -547385 0 0 0 0 0 547385 0 0 0 0 0
23.2 -547391 0 0 0 0 0 547391 0 0 0 0 0
23.21 -547397 0 0 0 0 0 547397 0 0 0 0 0
23.22 -547404 0 0 0 0 0 547404 0 0 0 0 0
23.23 -547411 0 0 0 0 0 547411 0 0 0 0 0
23.24 -547419 0 0 0 0 0 547419 0 0 0 0 0
23.25 -547428 0 0 0 0 0 547428 0 0 0 0 0
23.26 -547437 0 0 0 0 0 547437 0 0 0 0 0
23.27 -547446 0 0 0 0 0 547446 0 0 0 0 0
23.28 -547456 0 0 0 0 0 547456 0 0 0 0 0
23.29 -547466 0 0 0 0 0 547466 0 0 0 0 0
23.3 -547476 0 0 0 0 0 547476 0 0 0 0 0
23.31 -547486 0 0 0 0 0 547486 0 0 0 0 0
23.32 -547496 0 0 0 0 0 547496 0 0 0 0 0
23.33 -547507 0 0 0 0 0 547507 0 0 0 0 0
23.34 -547517 0 0 0 0 0 547517 0 0 0 0 0
23.35 -547527 0 0 0 0 0 547527 0 0 0 0 0
23.36 -547537 0 0 0 0 0 547537 0 0 0 0 0
23.37 -547546 0 0 0 0 0 547546 0 0 0 0 0
23.38 -547556 0 0 0 0 0 547556 0 0 0 0 0
23.39 -547564 0 0 0 0 0 547564 0 0 0 0 0
23.4 -547573 0 0 0 0 0 547573 0 0 0 0 0
23.41 -547581 0 0 0 0 0 547581 0 0 0 0 0
23.42 -547588 0 0 0 0 0 547588 0 0 0 0 0
23.43 -547595 0 0 0 0 0 547595 0 0 0 0 0
23.44 -547602 0 0 0 0 0 547602 0 0 0 0 0
23.45 -547608 0 0 0 0 0 547608 0 0 0 0 0
23.46 -547614 0 0 0 0 0 547614 0 0 0 0 0
23.47 -547619 0 0 0 0 0 547619 0 0 0 0 0
23.48 -547623 0 0 0 0 0 547623 0 0 0 0 0
23.49 -547627 0 0 0 0 0 547627 0 0 0 0 0
23.5 -547631 0 0 0 0 0 547631 0 0 0 0 0
23.51 -547634 0 0 0 0 0 547634 0 0 0 0 0
23.52 -547637 0 0 0 0 0 547637 0 0 0 0 0
23.53 -547639 0 0 0 0 0 547639 0 0 0 0 0
23.54 -547641 0 0 0 0 0 547641 0 0 0 0 0
23.55 -547643 0 0 0 0 0 547643 0 0 0 0 0
23.56 -547644 0 0 0 0 0 547644 0 0 0 0 0
23.57 -547645 0 0 0 0 0 547645 0 0 0 0 0
23.58 -547646 0 0 0 0 0 547646 0 0 0 0 0
23.59 -547646 0 0 0 0 0 547646 0 0 0 0 0
23.6 -547647 0 0 0 0 0 547647 0 0 0 0 0
23.61 -547647 0 0 0 0 0 547647 0 0 0 0 0
23.62 -547647 0 0 0 0 0 547647 0 0 0 0 0
23.63 -547646 0 0 0 0 0 547646 0 0 0 0 0
23.64 -547646 0 0 0 0 0 547646 0 0 0 0 0
23.65 -547645 0 0 0 0 0 547645 0 0 0 0 0
23.66 -547645 0 0 0 0 0 547645 0 0 0 0 0
23.67 -547644 0 0 0 0 0 547644 0 0 0 0 0
23.68 -547644 0 0 0 0 0 547644 0 0 0 0 0
23.69 -547643 0 0 0 0 0 547643 0 0 0 0 0
23.7 -547643 0 0 0 0 0 547643 0 0 0 0 0
23.71 -547643 0 0 0 0 0 547643 0 0 0 0 0
23.72 -547643 0 0 0 0 0 547643 0 0 0 0 0
23.73 -547643 0 0 0 0 0 547643 0 0 0 0 0
23.74 -547643 0 0 0 0 0 547643 0 0 0 0 0
23.75 -547644 0 0 0 0 0 547644 0 0 0 0 0
23.76 -547644 0 0 0 0 0 547644 0 0 0 0 0
23.77 -547645 0 0 0 0 0 547645 0 0 0 0 0
23.78 -547646 0 0 0 0 0 547646 0 0 0 0 0
23.79 -547648 0 0 0 0 0 547648 0 0 0 0 0
23.8 -547650 0 0 0 0 0 547650 0 0 0 0 0
23.81 -547652 0 0 0 0 0 547652 0 0 0 0 0
23.82 -547654 0 0 0 0 0 547654 0 0 0 0 0
23.83 -547657 0 0 0 0 0 547657 0 0 0 0 0
23.84 -547660 0 0 0 0 0 547660 0 0 0 0 0
23.85 -547663 0 0 0 0 0 547663 0 0 0 0 0
23.86 -547666 0 0 0 0 0 547666 0 0 0 0 0
23.87 -547670 0 0 0 0 0 547670 0 0 0 0 0
23.88 -547673 0 0 0 0 0 547673 0 0 0 0 0
23.89 -547677 0 0 0 0 0 547677 0 0 0 0 0
23.9 -547681 0 0 0 0 0 547681 0 0 0 0 0
23.91 -547685 0 0 0 0 0 547685 0 0 0 0 0
23.92 -547689 0 0 0 0 0 547689 0 0 0 0 0
23.93 -547693 0 0 0 0 0 547693 0 0 0 0 0
23.94 -547697 0 0 0 0 0 547697 0 0 0 0 0
23.95 -547701 0 0 0 0 0 547701 0 0 0 0 0
23.96 -547706 0 0 0 0 0 547706 0 0 0 0 0
23.97 -547710 0 0 0 0 0 547710 0 0 0 0 0
23.98 -547714 0 0 0 0 0 547714 0 0 0 0 0
23.99 -547718 0 0 0 0 0 547718 0 0 0 0 0
24 -547722 0 0 0 0 0 547722 0 0 0 0 0
24.01 -547725 0 0 0 0 0 547725 0 0 0 0 0
24.02 -547729 0 0 0 0 0 547729 0 0 0 0 0
24.03 -547732 0 0 0 0 0 547732 0 0 0 0 0
24.04 -547736 0 0 0 0 0 547736 0 0 0 0 0
24.05 -547739 0 0 0 0 0 547739 0 0 0 0 0
24.06 -547741 0 0 0 0 0 547741 0 0 0 0 0
24.07 -547744 0 0 0 0 0 547744 0 0 0 0 0
24.08 -547746 0 0 0 0 0 547746 0 0 0 0 0
24.09 -547748 0 0 0 0 0 547748 0 0 0 0 0
24.1 -547749 0 0 0 0 0 547749 0 0 0 0 0
24.11 -547750 0 0 0 0 0 547750 0 0 0 0 0
24.12 -547751 0 0 0 0 0 547751 0 0 0 0 0
24.13 -547752 0 0 0 0 0 547752 0 0 0 0 0
24.14 -547752 0 0 0 0 0 547752 0 0 0 0 0
24.15 -547752 0 0 0 0 0 547752 0 0 0 0 0
24.16 -547752 0 0 0 0 0 547752 0 0 0 0 0
24.17 -547751 0 0 0 0 0 547751 0 0 0 0 0
24.18 -547751 0 0 0 0 0 547751 0 0 0 0 0
24.19 -547750 0 0 0 0 0 547750 0 0 0 0 0
24.2 -547749 0 0 0 0 0 547749 0 0 0 0 0
24.21 -547748 0 0 0 0 0 547748 0 0 0 0 0
24.22 -547747 0 0 0 0 0 547747 0 0 0 0 0
24.23 -547745 0 0 0 0 0 547745 0 0 0 0 0
24.24 -547744 0 0 0 0 0 547744 0 0 0 0 0
24.25 -547743 0 0 0 0 0 547743 0 0 0 0 0
24.26 -547742 0 0 0 0 0 547742 0 0 0 0 0
24.27 -547741 0 0 0 0 0 547741 0 0 0 0 0
24.28 -547740 0 0 0 0 0 547740 0 0 0 0 0
24.29 -547739 0 0 0 0 0 547739 0 0 0 0 0
24.3 -547738 0 0 0 0 0 547738 0 0 0 0 0
24.31 -547738 0 0 0 0 0 547738 0 0 0 0 0
24.32 -547737 0 0 0 0 0 547737 0 0 0 0 0
24.33 -547737 0 0 0 0 0 547737 0 0 0 0 0
24.34 -547737 0 0 0 0 0 547737 0 0 0 0 0
24.35 -547737 0 0 0 0 0 547737 0 0 0 0 0
24.36 -547737 0 0 0 0 0 547737 0 0 0 0 0
24.37 -547737 0 0 0 0 0 547737 0 0 0 0 0
24.38 -547737 0 0 0 0 0 547737 0 0 0 0 0
24.39 -547738 0 0 0 0 0 547738 0 0 0 0 0
24.4 -547738 0 0 0 0 0 547738 0 0 0 0 0
24.41 -547739 0 0 0 0 0 547739 0 0 0 0 0
24.42 -547739 0 0 0 0 0 547739 0 0 0 0 0
24.43 -547739 0 0 0 0 0 547739 0 0 0 0 0
24.44 -547739 0 0 0 0 0 547739 0 0 0 0 0
24.45 -547740 0 0 0 0 0 547740 0 0 0 0 0
24.46 -547740 0 0 0 0 0 547740 0 0 0 0 0
24.47 -547739 0 0 0 0 0 547739 0 0 0 0 0
24.48 -547739 0 0 0 0 0 547739 0 0 0 0 0
24.49 -547738 0 0 0 0 0 547738 0 0 0 0 0
24.5 -547738 0 0 0 0 0 547738 0 0 0 0 0
24.51 -547737 0 0 0 0 0 547737 0 0 0 0 0
24.52 -547735 0 0 0 0 0 547735 0 0 0 0 0
24.53 -547734 0 0 0 0 0 547734 0 0 0 0 0
24.54 -547732 0 0 0 0 0 547732 0 0 0 0 0
24.55 -547730 0 0 0 0 0 547730 0 0 0 0 0
24.56 -547728 0 0 0 0 0 547728 0 0 0 0 0
24.57 -547725 0 0 0 0 0 547725 0 0 0 0 0
24.58 -547722 0 0 0 0 0 547722 0 0 0 0 0
24.59 -547719 0 0 0 0 0 547719 0 0 0 0 0
24.6 -547716 0 0 0 0 0 547716 0 0 0 0 0
24.61 -547713 0 0 0 0 0 547713 0 0 0 0 0
24.62 -547709 0 0 0 0 0 547709 0 0 0 0 0
24.63 -547705 0 0 0 0 0 547705 0 0 0 0 0
24.64 -547702 0 0 0 0 0 547702 0 0 0 0 0
24.65 -547697 0 0 0 0 0 547697 0 0 0 0 0
24.66 -547693 0 0 0 0 0 547693 0 0 0 0 0
24.67 -547689 0 0 0 0 0 547689 0 0 0 0 0
24.68 -547684 0 0 0 0 0 547684 0 0 0 0 0
24.69 -547680 0 0 0 0 0 547680 0 0 0 0 0
24.7 -547675 0 0 0 0 0 547675 0 0 0 0 0
24.71 -547671 0 0 0 0 0 547671 0 0 0 0 0
24.72 -547666 0 0 0 0 0 547666 0 0 0 0 0
24.73 -547661 0 0 0 0 0 547661 0 0 0 0 0
24.74 -547656 0 0 0 0 0 547656 0 0 0 0 0
24.75 -547652 0 0 0 0 0 547652 0 0 0 0 0
24.76 -547647 0 0 0 0 0 547647 0 0 0 0 0
24.77 -547642 0 0 0 0 0 547642 0 0 0 0 0
24.78 -547637 0 0 0 0 0 547637 0 0 0 0 0
24.79 -547632 0 0 0 0 0 547632 0 0 0 0 0
24.8 -547627 0 0 0 0 0 547627 0 0 0 0 0
24.81 -547623 0 0 0 0 0 547623 0 0 0 0 0
24.82 -547618 0 0 0 0 0 547618 0 0 0 0 0
24.83 -547613 0 0 0 0 0 547613 0 0 0 0 0
24.84 -547608 0 0 0 0 0 547608 0 0 0 0 0
24.85 -547603 0 0 0 0 0 547603 0 0 0 0 0
24.86 -547599 0 0 0 0 0 547599 0 0 0 0 0
24.87 -547594 0 0 0 0 0 547594 0 0 0 0 0
24.88 -547589 0 0 0 0 0 547589 0 0 0 0 0
24.89 -547585 0 0 0 0 0 547585 0 0 0 0 0
24.9 -547580 0 0 0 0 0 547580 0 0 0 0 0
24.91 -547576 0 0 0 0 0 547576 0 0 0 0 0
24.92 -547571 0 0 0 0 0 547571 0 0 0 0 0
24.93 -547567 0 0 0 0 0 547567 0 0 0 0 0
24.94 -547562 0 0 0 0 0 547562 0 0 0 0 0
24.95 -547558 0 0 0 0 0 547558 0 0 0 0 0
24.96 -547554 0 0 0 0 0 547554 0 0 0 0 0
24.97 -547550 0 0 0 0 0 547550 0 0 0 0 0
24.98 -547546 0 0 0 0 0 547546 0 0 0 0 0
24.99 -547543 0 0 0 0 0 547543 0 0 0 0 0
25 -547539 0 0 0 0 0 547539 0 0 0 0 0
