0.01 -547547 0 0 0 0 0 547547 0 0 0 0 0
0.02 -547546 0 0 0 0 0 547546 0 0 0 0 0
0.03 -547545 0 0 0 0 0 547545 0 0 0 0 0
0.04 -547544 0 0 0 0 0 547544 0 0 0 0 0
0.05 -547544 0 0 0 0 0 547544 0 0 0 0 0
0.06 -547543 0 0 0 0 0 547543 0 0 0 0 0
0.07 -547543 0 0 0 0 0 547543 0 0 0 0 0
0.08 -547543 0 0 0 0 0 547543 0 0 0 0 0
0.09 -547543 0 0 0 0 0 547543 0 0 0 0 0
0.1 -547543 0 0 0 0 0 547543 0 0 0 0 0
0.11 -547543 0 0 0 0 0 547543 0 0 0 0 0
0.12 -547543 0 0 0 0 0 547543 0 0 0 0 0
0.13 -547543 0 0 0 0 0 547543 0 0 0 0 0
0.14 -547543 0 0 0 0 0 547543 0 0 0 0 0
0.15 -547543 0 0 0 0 0 547543 0 0 0 0 0
0.16 -547543 0 0 0 0 0 547543 0 0 0 0 0
0.17 -547543 0 0 0 0 0 547543 0 0 0 0 0
0.18 -547543 0 0 0 0 0 547543 0 0 0 0 0
0.19 -547543 0 0 0 0 0 547543 0 0 0 0 0
0.2 -547543 0 0 0 0 0 547543 0 0 0 0 0
0.21 -547543 0 0 0 0 0 547543 0 0 0 0 0
0.22 -547543 0 0 0 0 0 547543 0 0 0 0 0
0.23 -547543 0 0 0 0 0 547543 0 0 0 0 0
0.24 -547543 0 0 0 0 0 547543 0 0 0 0 0
0.25 -547543 0 0 0 0 0 547543 0 0 0 0 0
0.26 -547543 0 0 0 0 0 547543 0 0 0 0 0
0.27 -547543 0 0 0 0 0 547543 0 0 0 0 0
0.28 -547543 0 0 0 0 0 547543 0 0 0 0 0
0.29 -547543 0 0 0 0 0 547543 0 0 0 0 0
0.3 -547543 0 0 0 0 0 547543 0 0 0 0 0
0.31 -547543 0 0 0 0 0 547543 0 0 0 0 0
0.32 -547542 0 0 0 0 0 547542 0 0 0 0 0
0.33 -547542 0 0 0 0 0 547542 0 0 0 0 0
0.34 -547542 0 0 0 0 0 547542 0 0 0 0 0
0.35 -547542 0 0 0 0 0 547542 0 0 0 0 0
0.36 -547542 0 0 0 0 0 547542 0 0 0 0 0
0.37 -547542 0 0 0 0 0 547542 0 0 0 0 0
0.38 -547542 0 0 0 0 0 547542 0 0 0 0 0
0.39 -547542 0 0 0 0 0 547542 0 0 0 0 0
0.4 -547541 0 0 0 0 0 547541 0 0 0 0 0
0.41 -547541 0 0 0 0 0 547541 0 0 0 0 0
0.42 -547541 0 0 0 0 0 547541 0 0 0 0 0
0.43 -547541 0 0 0 0 0 547541 0 0 0 0 0
0.44 -547541 0 0 0 0 0 547541 0 0 0 0 0
0.45 -547541 0 0 0 0 0 547541 0 0 0 0 0
0.46 -547541 0 0 0 0 0 547541 0 0 0 0 0
0.47 -547540 0 0 0 0 0 547540 0 0 0 0 0
0.48 -547540 0 0 0 0 0 547540 0 0 0 0 0
0.49 -547540 0 0 0 0 0 547540 0 0 0 0 0
0.5 -547540 0 0 0 0 0 547540 0 0 0 0 0
0.51 -547540 0 0 0 0 0 547540 0 0 0 0 0
0.52 -547540 0 0 0 0 0 547540 0 0 0 0 0
0.53 -547539 0 0 0 0 0 547539 0 0 0 0 0
0.54 -547539 0 0 0 0 0 547539 0 0 0 0 0
0.55 -547539 0 0 0 0 0 547539 0 0 0 0 0
0.56 -547539 0 0 0 0 0 547539 0 0 0 0 0
0.57 -547539 0 0 0 0 0 547539 0 0 0 0 0
0.58 -547538 0 0 0 0 0 547538 0 0 0 0 0
0.59 -547538 0 0 0 0 0 547538 0 0 0 0 0
0.6 -547538 0 0 0 0 0 547538 0 0 0 0 0
0.61 -547538 0 0 0 0 0 547538 0 0 0 0 0
0.62 -547538 0 0 0 0 0 547538 0 0 0 0 0
0.63 -547537 0 0 0 0 0 547537 0 0 0 0 0
0.64 -547537 0 0 0 0 0 547537 0 0 0 0 0
0.65 -547537 0 0 0 0 0 547537 0 0 0 0 0
0.66 -547537 0 0 0 0 0 547537 0 0 0 0 0
0.67 -547536 0 0 0 0 0 547536 0 0 0 0 0
0.68 -547536 0 0 0 0 0 547536 0 0 0 0 0
0.69 -547536 0 0 0 0 0 547536 0 0 0 0 0
0.7 -547535 0 0 0 0 0 547535 0 0 0 0 0
0.71 -547535 0 0 0 0 0 547535 0 0 0 0 0
0.72 -547534 0 0 0 0 0 547534 0 0 0 0 0
0.73 -547534 0 0 0 0 0 547534 0 0 0 0 0
0.74 -547533 0 0 0 0 0 547533 0 0 0 0 0
0.75 -547533 0 0 0 0 0 547533 0 0 0 0 0
0.76 -547533 0 0 0 0 0 547533 0 0 0 0 0
0.77 -547532 0 0 0 0 0 547532 0 0 0 0 0
0.78 -547532 0 0 0 0 0 547532 0 0 0 0 0
0.79 -547531 0 0 0 0 0 547531 0 0 0 0 0
0.8 -547531 0 0 0 0 0 547531 0 0 0 0 0
0.81 -547531 0 0 0 0 0 547531 0 0 0 0 0
0.82 -547530 0 0 0 0 0 547530 0 0 0 0 0
0.83 -547530 0 0 0 0 0 547530 0 0 0 0 0
0.84 -547530 0 0 0 0 0 547530 0 0 0 0 0
0.85 -547529 0 0 0 0 0 547529 0 0 0 0 0
0.86 -547529 0 0 0 0 0 547529 0 0 0 0 0
0.87 -547529 0 0 0 0 0 547529 0 0 0 0 0
0.88 -547529 0 0 0 0 0 547529 0 0 0 0 0
0.89 -547529 0 0 0 0 0 547529 0 0 0 0 0
0.9 -547529 0 0 0 0 0 547529 0 0 0 0 0
0.91 -547529 0 0 0 0 0 547529 0 0 0 0 0
0.92 -547529 0 0 0 0 0 547529 0 0 0 0 0
0.93 -547530 0 0 0 0 0 547530 0 0 0 0 0
0.94 -547530 0 0 0 0 0 547530 0 0 0 0 0
0.95 -547530 0 0 0 0 0 547530 0 0 0 0 0
0.96 -547530 0 0 0 0 0 547530 0 0 0 0 0
0.97 -547531 0 0 0 0 0 547531 0 0 0 0 0
0.98 -547531 0 0 0 0 0 547531 0 0 0 0 0
0.99 -547532 0 0 0 0 0 547532 0 0 0 0 0
1 -547532 0 0 0 0 0 547532 0 0 0 0 0
1.01 -547532 0 0 0 0 0 547532 0 0 0 0 0
1.02 -547533 0 0 0 0 0 547533 0 0 0 0 0
1.03 -547534 0 0 0 0 0 547534 0 0 0 0 0
1.04 -547534 0 0 0 0 0 547534 0 0 0 0 0
1.05 -547535 0 0 0 0 0 547535 0 0 0 0 0
1.06 -547536 0 0 0 0 0 547536 0 0 0 0 0
1.07 -547537 0 0 0 0 0 547537 0 0 0 0 0
1.08 -547538 0 0 0 0 0 547538 0 0 0 0 0
1.09 -547539 0 0 0 0 0 547539 0 0 0 0 0
1.1 -547540 0 0 0 0 0 547540 0 0 0 0 0
1.11 -547541 0 0 0 0 0 547541 0 0 0 0 0
1.12 -547543 0 0 0 0 0 547543 0 0 0 0 0
1.13 -547544 0 0 0 0 0 547544 0 0 0 0 0
1.14 -547546 0 0 0 0 0 547546 0 0 0 0 0
1.15 -547548 0 0 0 0 0 547548 0 0 0 0 0
1.16 -547549 0 0 0 0 0 547549 0 0 0 0 0
1.17 -547551 0 0 0 0 0 547551 0 0 0 0 0
1.18 -547554 0 0 0 0 0 547554 0 0 0 0 0
1.19 -547556 0 0 0 0 0 547556 0 0 0 0 0
1.2 -547558 0 0 0 0 0 547558 0 0 0 0 0
1.21 -547560 0 0 0 0 0 547560 0 0 0 0 0
1.22 -547562 0 0 0 0 0 547562 0 0 0 0 0
1.23 -547565 0 0 0 0 0 547565 0 0 0 0 0
1.24 -547567 0 0 0 0 0 547567 0 0 0 0 0
1.25 -547569 0 0 0 0 0 547569 0 0 0 0 0
1.26 -547571 0 0 0 0 0 547571 0 0 0 0 0
1.27 -547573 0 0 0 0 0 547573 0 0 0 0 0
1.28 -547574 0 0 0 0 0 547574 0 0 0 0 0
1.29 -547576 0 0 0 0 0 547576 0 0 0 0 0
1.3 -547577 0 0 0 0 0 547577 0 0 0 0 0
1.31 -547578 0 0 0 0 0 547578 0 0 0 0 0
1.32 -547579 0 0 0 0 0 547579 0 0 0 0 0
1.33 -547580 0 0 0 0 0 547580 0 0 0 0 0
1.34 -547580 0 0 0 0 0 547580 0 0 0 0 0
1.35 -547580 0 0 0 0 0 547580 0 0 0 0 0
1.36 -547580 0 0 0 0 0 547580 0 0 0 0 0
1.37 -547580 0 0 0 0 0 547580 0 0 0 0 0
1.38 -547579 0 0 0 0 0 547579 0 0 0 0 0
1.39 -547578 0 0 0 0 0 547578 0 0 0 0 0
1.4 -547576 0 0 0 0 0 547576 0 0 0 0 0
1.41 -547575 0 0 0 0 0 547575 0 0 0 0 0
1.42 -547573 0 0 0 0 0 547573 0 0 0 0 0
1.43 -547571 0 0 0 0 0 547571 0 0 0 0 0
1.44 -547568 0 0 0 0 0 547568 0 0 0 0 0
1.45 -547566 0 0 0 0 0 547566 0 0 0 0 0
1.46 -547563 0 0 0 0 0 547563 0 0 0 0 0
1.47 -547560 0 0 0 0 0 547560 0 0 0 0 0
1.48 -547557 0 0 0 0 0 547557 0 0 0 0 0
1.49 -547554 0 0 0 0 0 547554 0 0 0 0 0
1.5 -547550 0 0 0 0 0 547550 0 0 0 0 0
1.51 -547547 0 0 0 0 0 547547 0 0 0 0 0
1.52 -547543 0 0 0 0 0 547543 0 0 0 0 0
1.53 -547540 0 0 0 0 0 547540 0 0 0 0 0
1.54 -547536 0 0 0 0 0 547536 0 0 0 0 0
1.55 -547532 0 0 0 0 0 547532 0 0 0 0 0
1.56 -547529 0 0 0 0 0 547529 0 0 0 0 0
1.57 -547525 0 0 0 0 0 547525 0 0 0 0 0
1.58 -547522 0 0 0 0 0 547522 0 0 0 0 0
1.59 -547518 0 0 0 0 0 547518 0 0 0 0 0
1.6 -547515 0 0 0 0 0 547515 0 0 0 0 0
1.61 -547512 0 0 0 0 0 547512 0 0 0 0 0
1.62 -547508 0 0 0 0 0 547508 0 0 0 0 0
1.63 -547505 0 0 0 0 0 547505 0 0 0 0 0
1.64 -547502 0 0 0 0 0 547502 0 0 0 0 0
1.65 -547499 0 0 0 0 0 547499 0 0 0 0 0
1.66 -547497 0 0 0 0 0 547497 0 0 0 0 0
1.67 -547494 0 0 0 0 0 547494 0 0 0 0 0
1.68 -547491 0 0 0 0 0 547491 0 0 0 0 0
1.69 -547489 0 0 0 0 0 547489 0 0 0 0 0
1.7 -547487 0 0 0 0 0 547487 0 0 0 0 0
1.71 -547485 0 0 0 0 0 547485 0 0 0 0 0
1.72 -547483 0 0 0 0 0 547483 0 0 0 0 0
1.73 -547481 0 0 0 0 0 547481 0 0 0 0 0
1.74 -547480 0 0 0 0 0 547480 0 0 0 0 0
1.75 -547479 0 0 0 0 0 547479 0 0 0 0 0
1.76 -547478 0 0 0 0 0 547478 0 0 0 0 0
1.77 -547478 0 0 0 0 0 547478 0 0 0 0 0
1.78 -547477 0 0 0 0 0 547477 0 0 0 0 0
1.79 -547477 0 0 0 0 0 547477 0 0 0 0 0
1.8 -547477 0 0 0 0 0 547477 0 0 0 0 0
1.81 -547478 0 0 0 0 0 547478 0 0 0 0 0
1.82 -547478 0 0 0 0 0 547478 0 0 0 0 0
1.83 -547479 0 0 0 0 0 547479 0 0 0 0 0
1.84 -547480 0 0 0 0 0 547480 0 0 0 0 0
1.85 -547482 0 0 0 0 0 547482 0 0 0 0 0
1.86 -547483 0 0 0 0 0 547483 0 0 0 0 0
1.87 -547485 0 0 0 0 0 547485 0 0 0 0 0
1.88 -547486 0 0 0 0 0 547486 0 0 0 0 0
1.89 -547488 0 0 0 0 0 547488 0 0 0 0 0
1.9 -547490 0 0 0 0 0 547490 0 0 0 0 0
1.91 -547492 0 0 0 0 0 547492 0 0 0 0 0
1.92 -547494 0 0 0 0 0 547494 0 0 0 0 0
1.93 -547495 0 0 0 0 0 547495 0 0 0 0 0
1.94 -547497 0 0 0 0 0 547497 0 0 0 0 0
1.95 -547499 0 0 0 0 0 547499 0 0 0 0 0
1.96 -547500 0 0 0 0 0 547500 0 0 0 0 0
1.97 -547501 0 0 0 0 0 547501 0 0 0 0 0
1.98 -547502 0 0 0 0 0 547502 0 0 0 0 0
1.99 -547503 0 0 0 0 0 547503 0 0 0 0 0
2 -547504 0 0 0 0 0 547504 0 0 0 0 0
2.01 -547505 0 0 0 0 0 547505 0 0 0 0 0
2.02 -547505 0 0 0 0 0 547505 0 0 0 0 0
2.03 -547505 0 0 0 0 0 547505 0 0 0 0 0
2.04 -547506 0 0 0 0 0 547506 0 0 0 0 0
2.05 -547506 0 0 0 0 0 547506 0 0 0 0 0
2.06 -547506 0 0 0 0 0 547506 0 0 0 0 0
2.07 -547506 0 0 0 0 0 547506 0 0 0 0 0
2.08 -547506 0 0 0 0 0 547506 0 0 0 0 0
2.09 -547506 0 0 0 0 0 547506 0 0 0 0 0
2.1 -547505 0 0 0 0 0 547505 0 0 0 0 0
2.11 -547505 0 0 0 0 0 547505 0 0 0 0 0
2.12 -547505 0 0 0 0 0 547505 0 0 0 0 0
2.13 -547505 0 0 0 0 0 547505 0 0 0 0 0
2.14 -547505 0 0 0 0 0 547505 0 0 0 0 0
2.15 -547504 0 0 0 0 0 547504 0 0 0 0 0
2.16 -547504 0 0 0 0 0 547504 0 0 0 0 0
2.17 -547504 0 0 0 0 0 547504 0 0 0 0 0
2.18 -547504 0 0 0 0 0 547504 0 0 0 0 0
2.19 -547504 0 0 0 0 0 547504 0 0 0 0 0
2.2 -547504 0 0 0 0 0 547504 0 0 0 0 0
2.21 -547504 0 0 0 0 0 547504 0 0 0 0 0
2.22 -547505 0 0 0 0 0 547505 0 0 0 0 0
2.23 -547505 0 0 0 0 0 547505 0 0 0 0 0
2.24 -547506 0 0 0 0 0 547506 0 0 0 0 0
2.25 -547506 0 0 0 0 0 547506 0 0 0 0 0
2.26 -547507 0 0 0 0 0 547507 0 0 0 0 0
2.27 -547508 0 0 0 0 0 547508 0 0 0 0 0
2.28 -547510 0 0 0 0 0 547510 0 0 0 0 0
2.29 -547511 0 0 0 0 0 547511 0 0 0 0 0
2.3 -547512 0 0 0 0 0 547512 0 0 0 0 0
2.31 -547514 0 0 0 0 0 547514 0 0 0 0 0
2.32 -547516 0 0 0 0 0 547516 0 0 0 0 0
2.33 -547518 0 0 0 0 0 547518 0 0 0 0 0
2.34 -547520 0 0 0 0 0 547520 0 0 0 0 0
2.35 -547522 0 0 0 0 0 547522 0 0 0 0 0
2.36 -547524 0 0 0 0 0 547524 0 0 0 0 0
2.37 -547526 0 0 0 0 0 547526 0 0 0 0 0
2.38 -547528 0 0 0 0 0 547528 0 0 0 0 0
2.39 -547530 0 0 0 0 0 547530 0 0 0 0 0
2.4 -547533 0 0 0 0 0 547533 0 0 0 0 0
2.41 -547535 0 0 0 0 0 547535 0 0 0 0 0
2.42 -547537 0 0 0 0 0 547537 0 0 0 0 0
2.43 -547539 0 0 0 0 0 547539 0 0 0 0 0
2.44 -547541 0 0 0 0 0 547541 0 0 0 0 0
2.45 -547542 0 0 0 0 0 547542 0 0 0 0 0
2.46 -547544 0 0 0 0 0 547544 0 0 0 0 0
2.47 -547545 0 0 0 0 0 547545 0 0 0 0 0
2.48 -547546 0 0 0 0 0 547546 0 0 0 0 0
2.49 -547547 0 0 0 0 0 547547 0 0 0 0 0
2.5 -547548 0 0 0 0 0 547548 0 0 0 0 0
2.51 -547549 0 0 0 0 0 547549 0 0 0 0 0
2.52 -547550 0 0 0 0 0 547550 0 0 0 0 0
2.53 -547550 0 0 0 0 0 547550 0 0 0 0 0
2.54 -547550 0 0 0 0 0 547550 0 0 0 0 0
2.55 -547550 0 0 0 0 0 547550 0 0 0 0 0
2.56 -547550 0 0 0 0 0 547550 0 0 0 0 0
2.57 -547550 0 0 0 0 0 547550 0 0 0 0 0
2.58 -547550 0 0 0 0 0 547550 0 0 0 0 0
2.59 -547549 0 0 0 0 0 547549 0 0 0 0 0
2.6 -547549 0 0 0 0 0 547549 0 0 0 0 0
2.61 -547548 0 0 0 0 0 547548 0 0 0 0 0
2.62 -547548 0 0 0 0 0 547548 0 0 0 0 0
2.63 -547548 0 0 0 0 0 547548 0 0 0 0 0
2.64 -547547 0 0 0 0 0 547547 0 0 0 0 0
2.65 -547547 0 0 0 0 0 547547 0 0 0 0 0
2.66 -547547 0 0 0 0 0 547547 0 0 0 0 0
2.67 -547547 0 0 0 0 0 547547 0 0 0 0 0
2.68 -547547 0 0 0 0 0 547547 0 0 0 0 0
2.69 -547548 0 0 0 0 0 547548 0 0 0 0 0
2.7 -547548 0 0 0 0 0 547548 0 0 0 0 0
2.71 -547549 0 0 0 0 0 547549 0 0 0 0 0
2.72 -547550 0 0 0 0 0 547550 0 0 0 0 0
2.73 -547551 0 0 0 0 0 547551 0 0 0 0 0
2.74 -547552 0 0 0 0 0 547552 0 0 0 0 0
2.75 -547553 0 0 0 0 0 547553 0 0 0 0 0
2.76 -547555 0 0 0 0 0 547555 0 0 0 0 0
2.77 -547557 0 0 0 0 0 547557 0 0 0 0 0
2.78 -547559 0 0 0 0 0 547559 0 0 0 0 0
2.79 -547561 0 0 0 0 0 547561 0 0 0 0 0
2.8 -547563 0 0 0 0 0 547563 0 0 0 0 0
2.81 -547566 0 0 0 0 0 547566 0 0 0 0 0
2.82 -547568 0 0 0 0 0 547568 0 0 0 0 0
2.83 -547571 0 0 0 0 0 547571 0 0 0 0 0
2.84 -547574 0 0 0 0 0 547574 0 0 0 0 0
2.85 -547576 0 0 0 0 0 547576 0 0 0 0 0
2.86 -547579 0 0 0 0 0 547579 0 0 0 0 0
2.87 -547582 0 0 0 0 0 547582 0 0 0 0 0
2.88 -547584 0 0 0 0 0 547584 0 0 0 0 0
2.89 -547587 0 0 0 0 0 547587 0 0 0 0 0
2.9 -547589 0 0 0 0 0 547589 0 0 0 0 0
2.91 -547591 0 0 0 0 0 547591 0 0 0 0 0
2.92 -547594 0 0 0 0 0 547594 0 0 0 0 0
2.93 -547596 0 0 0 0 0 547596 0 0 0 0 0
2.94 -547598 0 0 0 0 0 547598 0 0 0 0 0
2.95 -547600 0 0 0 0 0 547600 0 0 0 0 0
2.96 -547602 0 0 0 0 0 547602 0 0 0 0 0
2.97 -547603 0 0 0 0 0 547603 0 0 0 0 0
2.98 -547605 0 0 0 0 0 547605 0 0 0 0 0
2.99 -547606 0 0 0 0 0 547606 0 0 0 0 0
3 -547606 0 0 0 0 0 547606 0 0 0 0 0
3.01 -547607 0 0 0 0 0 547607 0 0 0 0 0
3.02 -547607 0 0 0 0 0 547607 0 0 0 0 0
3.03 -547607 0 0 0 0 0 547607 0 0 0 0 0
3.04 -547606 0 0 0 0 0 547606 0 0 0 0 0
3.05 -547605 0 0 0 0 0 547605 0 0 0 0 0
3.06 -547604 0 0 0 0 0 547604 0 0 0 0 0
3.07 -547603 0 0 0 0 0 547603 0 0 0 0 0
3.08 -547601 0 0 0 0 0 547601 0 0 0 0 0
3.09 -547600 0 0 0 0 0 547600 0 0 0 0 0
3.1 -547598 0 0 0 0 0 547598 0 0 0 0 0
3.11 -547595 0 0 0 0 0 547595 0 0 0 0 0
3.12 -547593 0 0 0 0 0 547593 0 0 0 0 0
3.13 -547591 0 0 0 0 0 547591 0 0 0 0 0
3.14 -547588 0 0 0 0 0 547588 0 0 0 0 0
3.15 -547586 0 0 0 0 0 547586 0 0 0 0 0
3.16 -547583 0 0 0 0 0 547583 0 0 0 0 0
3.17 -547580 0 0 0 0 0 547580 0 0 0 0 0
3.18 -547578 0 0 0 0 0 547578 0 0 0 0 0
3.19 -547575 0 0 0 0 0 547575 0 0 0 0 0
3.2 -547573 0 0 0 0 0 547573 0 0 0 0 0
3.21 -547571 0 0 0 0 0 547571 0 0 0 0 0
3.22 -547570 0 0 0 0 0 547570 0 0 0 0 0
3.23 -547568 0 0 0 0 0 547568 0 0 0 0 0
3.24 -547567 0 0 0 0 0 547567 0 0 0 0 0
3.25 -547567 0 0 0 0 0 547567 0 0 0 0 0
3.26 -547567 0 0 0 0 0 547567 0 0 0 0 0
3.27 -547567 0 0 0 0 0 547567 0 0 0 0 0
3.28 -547568 0 0 0 0 0 547568 0 0 0 0 0
3.29 -547570 0 0 0 0 0 547570 0 0 0 0 0
3.3 -547572 0 0 0 0 0 547572 0 0 0 0 0
3.31 -547576 0 0 0 0 0 547576 0 0 0 0 0
3.32 -547579 0 0 0 0 0 547579 0 0 0 0 0
3.33 -547584 0 0 0 0 0 547584 0 0 0 0 0
3.34 -547589 0 0 0 0 0 547589 0 0 0 0 0
3.35 -547595 0 0 0 0 0 547595 0 0 0 0 0
3.36 -547602 0 0 0 0 0 547602 0 0 0 0 0
3.37 -547609 0 0 0 0 0 547609 0 0 0 0 0
3.38 -547616 0 0 0 0 0 547616 0 0 0 0 0
3.39 -547625 0 0 0 0 0 547625 0 0 0 0 0
3.4 -547634 0 0 0 0 0 547634 0 0 0 0 0
3.41 -547643 0 0 0 0 0 547643 0 0 0 0 0
3.42 -547653 0 0 0 0 0 547653 0 0 0 0 0
3.43 -547663 0 0 0 0 0 547663 0 0 0 0 0
3.44 -547673 0 0 0 0 0 547673 0 0 0 0 0
3.45 -547683 0 0 0 0 0 547683 0 0 0 0 0
3.46 -547694 0 0 0 0 0 547694 0 0 0 0 0
3.47 -547704 0 0 0 0 0 547704 0 0 0 0 0
3.48 -547715 0 0 0 0 0 547715 0 0 0 0 0
3.49 -547726 0 0 0 0 0 547726 0 0 0 0 0
3.5 -547737 0 0 0 0 0 547737 0 0 0 0 0
3.51 -547748 0 0 0 0 0 547748 0 0 0 0 0
3.52 -547759 0 0 0 0 0 547759 0 0 0 0 0
3.53 -547771 0 0 0 0 0 547771 0 0 0 0 0
3.54 -547782 0 0 0 0 0 547782 0 0 0 0 0
3.55 -547795 0 0 0 0 0 547795 0 0 0 0 0
3.56 -547808 0 0 0 0 0 547808 0 0 0 0 0
3.57 -547822 0 0 0 0 0 547822 0 0 0 0 0
3.58 -547836 0 0 0 0 0 547836 0 0 0 0 0
3.59 -547852 0 0 0 0 0 547852 0 0 0 0 0
3.6 -547869 0 0 0 0 0 547869 0 0 0 0 0
3.61 -547887 0 0 0 0 0 547887 0 0 0 0 0
3.62 -547907 0 0 0 0 0 547907 0 0 0 0 0
3.63 -547929 0 0 0 0 0 547929 0 0 0 0 0
3.64 -547953 0 0 0 0 0 547953 0 0 0 0 0
3.65 -547980 0 0 0 0 0 547980 0 0 0 0 0
3.66 -548008 0 0 0 0 0 548008 0 0 0 0 0
3.67 -548039 0 0 0 0 0 548039 0 0 0 0 0
3.68 -548073 0 0 0 0 0 548073 0 0 0 0 0
3.69 -548109 0 0 0 0 0 548109 0 0 0 0 0
3.7 -548148 0 0 0 0 0 548148 0 0 0 0 0
3.71 -548189 0 0 0 0 0 548189 0 0 0 0 0
3.72 -548232 0 0 0 0 0 548232 0 0 0 0 0
3.73 -548277 0 0 0 0 0 548277 0 0 0 0 0
3.74 -548323 0 0 0 0 0 548323 0 0 0 0 0
3.75 -548370 0 0 0 0 0 548370 0 0 0 0 0
3.76 -548418 0 0 0 0 0 548418 0 0 0 0 0
3.77 -548466 0 0 0 0 0 548466 0 0 0 0 0
3.78 -548513 0 0 0 0 0 548513 0 0 0 0 0
3.79 -548560 0 0 0 0 0 548560 0 0 0 0 0
3.8 -548605 0 0 0 0 0 548605 0 0 0 0 0
3.81 -548647 0 0 0 0 0 548647 0 0 0 0 0
3.82 -548687 0 0 0 0 0 548687 0 0 0 0 0
3.83 -548723 0 0 0 0 0 548723 0 0 0 0 0
3.84 -548755 0 0 0 0 0 548755 0 0 0 0 0
3.85 -548782 0 0 0 0 0 548782 0 0 0 0 0
3.86 -548803 0 0 0 0 0 548803 0 0 0 0 0
3.87 -548818 0 0 0 0 0 548818 0 0 0 0 0
3.88 -548827 0 0 0 0 0 548827 0 0 0 0 0
3.89 -548828 0 0 0 0 0 548828 0 0 0 0 0
3.9 -548821 0 0 0 0 0 548821 0 0 0 0 0
3.91 -548806 0 0 0 0 0 548806 0 0 0 0 0
3.92 -548782 0 0 0 0 0 548782 0 0 0 0 0
3.93 -548750 0 0 0 0 0 548750 0 0 0 0 0
3.94 -548710 0 0 0 0 0 548710 0 0 0 0 0
3.95 -548661 0 0 0 0 0 548661 0 0 0 0 0
3.96 -548604 0 0 0 0 0 548604 0 0 0 0 0
3.97 -548539 0 0 0 0 0 548539 0 0 0 0 0
3.98 -548467 0 0 0 0 0 548467 0 0 0 0 0
3.99 -548388 0 0 0 0 0 548388 0 0 0 0 0
4 -548303 0 0 0 0 0 548303 0 0 0 0 0
4.01 -548212 0 0 0 0 0 548212 0 0 0 0 0
4.02 -548116 0 0 0 0 0 548116 0 0 0 0 0
4.03 -548016 0 0 0 0 0 548016 0 0 0 0 0
4.04 -547912 0 0 0 0 0 547912 0 0 0 0 0
4.05 -547807 0 0 0 0 0 547807 0 0 0 0 0
4.06 -547700 0 0 0 0 0 547700 0 0 0 0 0
4.07 -547592 0 0 0 0 0 547592 0 0 0 0 0
4.08 -547486 0 0 0 0 0 547486 0 0 0 0 0
4.09 -547380 0 0 0 0 0 547380 0 0 0 0 0
4.1 -547277 0 0 0 0 0 547277 0 0 0 0 0
4.11 -547177 0 0 0 0 0 547177 0 0 0 0 0
4.12 -547081 0 0 0 0 0 547081 0 0 0 0 0
4.13 -546990 0 0 0 0 0 546990 0 0 0 0 0
4.14 -546903 0 0 0 0 0 546903 0 0 0 0 0
4.15 -546823 0 0 0 0 0 546823 0 0 0 0 0
4.16 -546749 0 0 0 0 0 546749 0 0 0 0 0
4.17 -546681 0 0 0 0 0 546681 0 0 0 0 0
4.18 -546620 0 0 0 0 0 546620 0 0 0 0 0
4.19 -546567 0 0 0 0 0 546567 0 0 0 0 0
4.2 -546521 0 0 0 0 0 546521 0 0 0 0 0
4.21 -546483 0 0 0 0 0 546483 0 0 0 0 0
4.22 -546452 0 0 0 0 0 546452 0 0 0 0 0
4.23 -546429 0 0 0 0 0 546429 0 0 0 0 0
4.24 -546413 0 0 0 0 0 546413 0 0 0 0 0
4.25 -546405 0 0 0 0 0 546405 0 0 0 0 0
4.26 -546404 0 0 0 0 0 546404 0 0 0 0 0
4.27 -546409 0 0 0 0 0 546409 0 0 0 0 0
4.28 -546421 0 0 0 0 0 546421 0 0 0 0 0
4.29 -546440 0 0 0 0 0 546440 0 0 0 0 0
4.3 -546464 0 0 0 0 0 546464 0 0 0 0 0
4.31 -546493 0 0 0 0 0 546493 0 0 0 0 0
4.32 -546528 0 0 0 0 0 546528 0 0 0 0 0
4.33 -546567 0 0 0 0 0 546567 0 0 0 0 0
4.34 -546610 0 0 0 0 0 546610 0 0 0 0 0
4.35 -546657 0 0 0 0 0 546657 0 0 0 0 0
4.36 -546708 0 0 0 0 0 546708 0 0 0 0 0
4.37 -546761 0 0 0 0 0 546761 0 0 0 0 0
4.38 -546817 0 0 0 0 0 546817 0 0 0 0 0
4.39 -546875 0 0 0 0 0 546875 0 0 0 0 0
4.4 -546935 0 0 0 0 0 546935 0 0 0 0 0
4.41 -546996 0 0 0 0 0 546996 0 0 0 0 0
4.42 -547059 0 0 0 0 0 547059 0 0 0 0 0
4.43 -547122 0 0 0 0 0 547122 0 0 0 0 0
4.44 -547187 0 0 0 0 0 547187 0 0 0 0 0
4.45 -547252 0 0 0 0 0 547252 0 0 0 0 0
4.46 -547317 0 0 0 0 0 547317 0 0 0 0 0
4.47 -547383 0 0 0 0 0 547383 0 0 0 0 0
4.48 -547449 0 0 0 0 0 547449 0 0 0 0 0
4.49 -547514 0 0 0 0 0 547514 0 0 0 0 0
4.5 -547580 0 0 0 0 0 547580 0 0 0 0 0
4.51 -547646 0 0 0 0 0 547646 0 0 0 0 0
4.52 -547712 0 0 0 0 0 547712 0 0 0 0 0
4.53 -547777 0 0 0 0 0 547777 0 0 0 0 0
4.54 -547843 0 0 0 0 0 547843 0 0 0 0 0
4.55 -547908 0 0 0 0 0 547908 0 0 0 0 0
4.56 -547973 0 0 0 0 0 547973 0 0 0 0 0
4.57 -548038 0 0 0 0 0 548038 0 0 0 0 0
4.58 -548102 0 0 0 0 0 548102 0 0 0 0 0
4.59 -548165 0 0 0 0 0 548165 0 0 0 0 0
4.6 -548227 0 0 0 0 0 548227 0 0 0 0 0
4.61 -548288 0 0 0 0 0 548288 0 0 0 0 0
4.62 -548348 0 0 0 0 0 548348 0 0 0 0 0
4.63 -548405 0 0 0 0 0 548405 0 0 0 0 0
4.64 -548461 0 0 0 0 0 548461 0 0 0 0 0
4.65 -548514 0 0 0 0 0 548514 0 0 0 0 0
4.66 -548565 0 0 0 0 0 548565 0 0 0 0 0
4.67 -548612 0 0 0 0 0 548612 0 0 0 0 0
4.68 -548657 0 0 0 0 0 548657 0 0 0 0 0
4.69 -548697 0 0 0 0 0 548697 0 0 0 0 0
4.7 -548734 0 0 0 0 0 548734 0 0 0 0 0
4.71 -548766 0 0 0 0 0 548766 0 0 0 0 0
4.72 -548793 0 0 0 0 0 548793 0 0 0 0 0
4.73 -548815 0 0 0 0 0 548815 0 0 0 0 0
4.74 -548832 0 0 0 0 0 548832 0 0 0 0 0
4.75 -548842 0 0 0 0 0 548842 0 0 0 0 0
4.76 -548845 0 0 0 0 0 548845 0 0 0 0 0
4.77 -548842 0 0 0 0 0 548842 0 0 0 0 0
4.78 -548832 0 0 0 0 0 548832 0 0 0 0 0
4.79 -548813 0 0 0 0 0 548813 0 0 0 0 0
4.8 -548787 0 0 0 0 0 548787 0 0 0 0 0
4.81 -548752 0 0 0 0 0 548752 0 0 0 0 0
4.82 -548709 0 0 0 0 0 548709 0 0 0 0 0
4.83 -548658 0 0 0 0 0 548658 0 0 0 0 0
4.84 -548598 0 0 0 0 0 548598 0 0 0 0 0
4.85 -548530 0 0 0 0 0 548530 0 0 0 0 0
4.86 -548454 0 0 0 0 0 548454 0 0 0 0 0
4.87 -548370 0 0 0 0 0 548370 0 0 0 0 0
4.88 -548279 0 0 0 0 0 548279 0 0 0 0 0
4.89 -548180 0 0 0 0 0 548180 0 0 0 0 0
4.9 -548076 0 0 0 0 0 548076 0 0 0 0 0
4.91 -547965 0 0 0 0 0 547965 0 0 0 0 0
4.92 -547849 0 0 0 0 0 547849 0 0 0 0 0
4.93 -547728 0 0 0 0 0 547728 0 0 0 0 0
4.94 -547604 0 0 0 0 0 547604 0 0 0 0 0
4.95 -547477 0 0 0 0 0 547477 0 0 0 0 0
4.96 -547348 0 0 0 0 0 547348 0 0 0 0 0
4.97 -547218 0 0 0 0 0 547218 0 0 0 0 0
4.98 -547087 0 0 0 0 0 547087 0 0 0 0 0
4.99 -546958 0 0 0 0 0 546958 0 0 0 0 0
5 -546830 0 0 0 0 0 546830 0 0 0 0 0
5.01 -546705 0 0 0 0 0 546705 0 0 0 0 0
5.02 -546583 0 0 0 0 0 546583 0 0 0 0 0
5.03 -546467 0 0 0 0 0 546467 0 0 0 0 0
5.04 -546355 0 0 0 0 0 546355 0 0 0 0 0
5.05 -546250 0 0 0 0 0 546250 0 0 0 0 0
5.06 -546152 0 0 0 0 0 546152 0 0 0 0 0
5.07 -546062 0 0 0 0 0 546062 0 0 0 0 0
5.08 -545981 0 0 0 0 0 545981 0 0 0 0 0
5.09 -545908 0 0 0 0 0 545908 0 0 0 0 0
5.1 -545845 0 0 0 0 0 545845 0 0 0 0 0
5.11 -545792 0 0 0 0 0 545792 0 0 0 0 0
5.12 -545749 0 0 0 0 0 545749 0 0 0 0 0
5.13 -545716 0 0 0 0 0 545716 0 0 0 0 0
5.14 -545693 0 0 0 0 0 545693 0 0 0 0 0
5.15 -545680 0 0 0 0 0 545680 0 0 0 0 0
5.16 -545677 0 0 0 0 0 545677 0 0 0 0 0
5.17 -545684 0 0 0 0 0 545684 0 0 0 0 0
5.18 -545699 0 0 0 0 0 545699 0 0 0 0 0
5.19 -545724 0 0 0 0 0 545724 0 0 0 0 0
5.2 -545756 0 0 0 0 0 545756 0 0 0 0 0
5.21 -545795 0 0 0 0 0 545795 0 0 0 0 0
5.22 -545841 0 0 0 0 0 545841 0 0 0 0 0
5.23 -545892 0 0 0 0 0 545892 0 0 0 0 0
5.24 -545948 0 0 0 0 0 545948 0 0 0 0 0
5.25 -546008 0 0 0 0 0 546008 0 0 0 0 0
5.26 -546071 0 0 0 0 0 546071 0 0 0 0 0
5.27 -546135 0 0 0 0 0 546135 0 0 0 0 0
5.28 -546201 0 0 0 0 0 546201 0 0 0 0 0
5.29 -546266 0 0 0 0 0 546266 0 0 0 0 0
5.3 -546330 0 0 0 0 0 546330 0 0 0 0 0
5.31 -546392 0 0 0 0 0 546392 0 0 0 0 0
5.32 -546451 0 0 0 0 0 546451 0 0 0 0 0
5.33 -546506 0 0 0 0 0 546506 0 0 0 0 0
5.34 -546556 0 0 0 0 0 546556 0 0 0 0 0
5.35 -546601 0 0 0 0 0 546601 0 0 0 0 0
5.36 -546639 0 0 0 0 0 546639 0 0 0 0 0
5.37 -546671 0 0 0 0 0 546671 0 0 0 0 0
5.38 -546695 0 0 0 0 0 546695 0 0 0 0 0
5.39 -546712 0 0 0 0 0 546712 0 0 0 0 0
5.4 -546722 0 0 0 0 0 546722 0 0 0 0 0
5.41 -546723 0 0 0 0 0 546723 0 0 0 0 0
5.42 -546716 0 0 0 0 0 546716 0 0 0 0 0
5.43 -546701 0 0 0 0 0 546701 0 0 0 0 0
5.44 -546679 0 0 0 0 0 546679 0 0 0 0 0
5.45 -546649 0 0 0 0 0 546649 0 0 0 0 0
5.46 -546612 0 0 0 0 0 546612 0 0 0 0 0
5.47 -546568 0 0 0 0 0 546568 0 0 0 0 0
5.48 -546518 0 0 0 0 0 546518 0 0 0 0 0
5.49 -546462 0 0 0 0 0 546462 0 0 0 0 0
5.5 -546401 0 0 0 0 0 546401 0 0 0 0 0
5.51 -546335 0 0 0 0 0 546335 0 0 0 0 0
5.52 -546265 0 0 0 0 0 546265 0 0 0 0 0
5.53 -546193 0 0 0 0 0 546193 0 0 0 0 0
5.54 -546117 0 0 0 0 0 546117 0 0 0 0 0
5.55 -546041 0 0 0 0 0 546041 0 0 0 0 0
5.56 -545963 0 0 0 0 0 545963 0 0 0 0 0
5.57 -545885 0 0 0 0 0 545885 0 0 0 0 0
5.58 -545808 0 0 0 0 0 545808 0 0 0 0 0
5.59 -545733 0 0 0 0 0 545733 0 0 0 0 0
5.6 -545659 0 0 0 0 0 545659 0 0 0 0 0
5.61 -545589 0 0 0 0 0 545589 0 0 0 0 0
5.62 -545522 0 0 0 0 0 545522 0 0 0 0 0
5.63 -545460 0 0 0 0 0 545460 0 0 0 0 0
5.64 -545403 0 0 0 0 0 545403 0 0 0 0 0
5.65 -545351 0 0 0 0 0 545351 0 0 0 0 0
5.66 -545305 0 0 0 0 0 545305 0 0 0 0 0
5.67 -545267 0 0 0 0 0 545267 0 0 0 0 0
5.68 -545235 0 0 0 0 0 545235 0 0 0 0 0
5.69 -545211 0 0 0 0 0 545211 0 0 0 0 0
5.7 -545195 0 0 0 0 0 545195 0 0 0 0 0
5.71 -545187 0 0 0 0 0 545187 0 0 0 0 0
5.72 -545188 0 0 0 0 0 545188 0 0 0 0 0
5.73 -545198 0 0 0 0 0 545198 0 0 0 0 0
5.74 -545216 0 0 0 0 0 545216 0 0 0 0 0
5.75 -545244 0 0 0 0 0 545244 0 0 0 0 0
5.76 -545280 0 0 0 0 0 545280 0 0 0 0 0
5.77 -545325 0 0 0 0 0 545325 0 0 0 0 0
5.78 -545378 0 0 0 0 0 545378 0 0 0 0 0
5.79 -545440 0 0 0 0 0 545440 0 0 0 0 0
5.8 -545510 0 0 0 0 0 545510 0 0 0 0 0
5.81 -545587 0 0 0 0 0 545587 0 0 0 0 0
5.82 -545671 0 0 0 0 0 545671 0 0 0 0 0
5.83 -545761 0 0 0 0 0 545761 0 0 0 0 0
5.84 -545857 0 0 0 0 0 545857 0 0 0 0 0
5.85 -545959 0 0 0 0 0 545959 0 0 0 0 0
5.86 -546065 0 0 0 0 0 546065 0 0 0 0 0
5.87 -546174 0 0 0 0 0 546174 0 0 0 0 0
5.88 -546287 0 0 0 0 0 546287 0 0 0 0 0
5.89 -546402 0 0 0 0 0 546402 0 0 0 0 0
5.9 -546518 0 0 0 0 0 546518 0 0 0 0 0
5.91 -546635 0 0 0 0 0 546635 0 0 0 0 0
5.92 -546752 0 0 0 0 0 546752 0 0 0 0 0
5.93 -546869 0 0 0 0 0 546869 0 0 0 0 0
5.94 -546983 0 0 0 0 0 546983 0 0 0 0 0
5.95 -547095 0 0 0 0 0 547095 0 0 0 0 0
5.96 -547205 0 0 0 0 0 547205 0 0 0 0 0
5.97 -547311 0 0 0 0 0 547311 0 0 0 0 0
5.98 -547413 0 0 0 0 0 547413 0 0 0 0 0
5.99 -547511 0 0 0 0 0 547511 0 0 0 0 0
6 -547603 0 0 0 0 0 547603 0 0 0 0 0
6.01 -547691 0 0 0 0 0 547691 0 0 0 0 0
6.02 -547772 0 0 0 0 0 547772 0 0 0 0 0
6.03 -547848 0 0 0 0 0 547848 0 0 0 0 0
6.04 -547919 0 0 0 0 0 547919 0 0 0 0 0
6.05 -547983 0 0 0 0 0 547983 0 0 0 0 0
6.06 -548041 0 0 0 0 0 548041 0 0 0 0 0
6.07 -548094 0 0 0 0 0 548094 0 0 0 0 0
6.08 -548140 0 0 0 0 0 548140 0 0 0 0 0
6.09 -548182 0 0 0 0 0 548182 0 0 0 0 0
6.1 -548218 0 0 0 0 0 548218 0 0 0 0 0
6.11 -548249 0 0 0 0 0 548249 0 0 0 0 0
6.12 -548275 0 0 0 0 0 548275 0 0 0 0 0
6.13 -548298 0 0 0 0 0 548298 0 0 0 0 0
6.14 -548316 0 0 0 0 0 548316 0 0 0 0 0
6.15 -548331 0 0 0 0 0 548331 0 0 0 0 0
6.16 -548343 0 0 0 0 0 548343 0 0 0 0 0
6.17 -548352 0 0 0 0 0 548352 0 0 0 0 0
6.18 -548359 0 0 0 0 0 548359 0 0 0 0 0
6.19 -548364 0 0 0 0 0 548364 0 0 0 0 0
6.2 -548368 0 0 0 0 0 548368 0 0 0 0 0
6.21 -548371 0 0 0 0 0 548371 0 0 0 0 0
6.22 -548373 0 0 0 0 0 548373 0 0 0 0 0
6.23 -548375 0 0 0 0 0 548375 0 0 0 0 0
6.24 -548377 0 0 0 0 0 548377 0 0 0 0 0
6.25 -548380 0 0 0 0 0 548380 0 0 0 0 0
6.26 -548384 0 0 0 0 0 548384 0 0 0 0 0
6.27 -548390 0 0 0 0 0 548390 0 0 0 0 0
6.28 -548397 0 0 0 0 0 548397 0 0 0 0 0
6.29 -548406 0 0 0 0 0 548406 0 0 0 0 0
6.3 -548417 0 0 0 0 0 548417 0 0 0 0 0
6.31 -548431 0 0 0 0 0 548431 0 0 0 0 0
6.32 -548448 0 0 0 0 0 548448 0 0 0 0 0
6.33 -548468 0 0 0 0 0 548468 0 0 0 0 0
6.34 -548490 0 0 0 0 0 548490 0 0 0 0 0
6.35 -548516 0 0 0 0 0 548516 0 0 0 0 0
6.36 -548546 0 0 0 0 0 548546 0 0 0 0 0
6.37 -548580 0 0 0 0 0 548580 0 0 0 0 0
6.38 -548617 0 0 0 0 0 548617 0 0 0 0 0
6.39 -548659 0 0 0 0 0 548659 0 0 0 0 0
6.4 -548704 0 0 0 0 0 548704 0 0 0 0 0
6.41 -548754 0 0 0 0 0 548754 0 0 0 0 0
6.42 -548808 0 0 0 0 0 548808 0 0 0 0 0
6.43 -548866 0 0 0 0 0 548866 0 0 0 0 0
6.44 -548928 0 0 0 0 0 548928 0 0 0 0 0
6.45 -548993 0 0 0 0 0 548993 0 0 0 0 0
6.46 -549062 0 0 0 0 0 549062 0 0 0 0 0
6.47 -549135 0 0 0 0 0 549135 0 0 0 0 0
6.48 -549210 0 0 0 0 0 549210 0 0 0 0 0
6.49 -549288 0 0 0 0 0 549288 0 0 0 0 0
6.5 -549369 0 0 0 0 0 549369 0 0 0 0 0
6.51 -549450 0 0 0 0 0 549450 0 0 0 0 0
6.52 -549533 0 0 0 0 0 549533 0 0 0 0 0
6.53 -549617 0 0 0 0 0 549617 0 0 0 0 0
6.54 -549700 0 0 0 0 0 549700 0 0 0 0 0
6.55 -549783 0 0 0 0 0 549783 0 0 0 0 0
6.56 -549864 0 0 0 0 0 549864 0 0 0 0 0
6.57 -549942 0 0 0 0 0 549942 0 0 0 0 0
6.58 -550017 0 0 0 0 0 550017 0 0 0 0 0
6.59 -550089 0 0 0 0 0 550089 0 0 0 0 0
6.6 -550155 0 0 0 0 0 550155 0 0 0 0 0
6.61 -550217 0 0 0 0 0 550217 0 0 0 0 0
6.62 -550271 0 0 0 0 0 550271 0 0 0 0 0
6.63 -550318 0 0 0 0 0 550318 0 0 0 0 0
6.64 -550357 0 0 0 0 0 550357 0 0 0 0 0
6.65 -550387 0 0 0 0 0 550387 0 0 0 0 0
6.66 -550407 0 0 0 0 0 550407 0 0 0 0 0
6.67 -550417 0 0 0 0 0 550417 0 0 0 0 0
6.68 -550417 0 0 0 0 0 550417 0 0 0 0 0
6.69 -550405 0 0 0 0 0 550405 0 0 0 0 0
6.7 -550382 0 0 0 0 0 550382 0 0 0 0 0
6.71 -550348 0 0 0 0 0 550348 0 0 0 0 0
6.72 -550304 0 0 0 0 0 550304 0 0 0 0 0
6.73 -550248 0 0 0 0 0 550248 0 0 0 0 0
6.74 -550183 0 0 0 0 0 550183 0 0 0 0 0
6.75 -550108 0 0 0 0 0 550108 0 0 0 0 0
6.76 -550023 0 0 0 0 0 550023 0 0 0 0 0
6.77 -549931 0 0 0 0 0 549931 0 0 0 0 0
6.78 -549830 0 0 0 0 0 549830 0 0 0 0 0
6.79 -549724 0 0 0 0 0 549724 0 0 0 0 0
6.8 -549613 0 0 0 0 0 549613 0 0 0 0 0
6.81 -549497 0 0 0 0 0 549497 0 0 0 0 0
6.82 -549379 0 0 0 0 0 549379 0 0 0 0 0
6.83 -549259 0 0 0 0 0 549259 0 0 0 0 0
6.84 -549138 0 0 0 0 0 549138 0 0 0 0 0
6.85 -549019 0 0 0 0 0 549019 0 0 0 0 0
6.86 -548901 0 0 0 0 0 548901 0 0 0 0 0
6.87 -548786 0 0 0 0 0 548786 0 0 0 0 0
6.88 -548674 0 0 0 0 0 548674 0 0 0 0 0
6.89 -548568 0 0 0 0 0 548568 0 0 0 0 0
6.9 -548467 0 0 0 0 0 548467 0 0 0 0 0
6.91 -548372 0 0 0 0 0 548372 0 0 0 0 0
6.92 -548284 0 0 0 0 0 548284 0 0 0 0 0
6.93 -548202 0 0 0 0 0 548202 0 0 0 0 0
6.94 -548128 0 0 0 0 0 548128 0 0 0 0 0
6.95 -548061 0 0 0 0 0 548061 0 0 0 0 0
6.96 -548001 0 0 0 0 0 548001 0 0 0 0 0
6.97 -547949 0 0 0 0 0 547949 0 0 0 0 0
6.98 -547903 0 0 0 0 0 547903 0 0 0 0 0
6.99 -547865 0 0 0 0 0 547865 0 0 0 0 0
7 -547833 0 0 0 0 0 547833 0 0 0 0 0
7.01 -547807 0 0 0 0 0 547807 0 0 0 0 0
7.02 -547787 0 0 0 0 0 547787 0 0 0 0 0
7.03 -547772 0 0 0 0 0 547772 0 0 0 0 0
7.04 -547762 0 0 0 0 0 547762 0 0 0 0 0
7.05 -547756 0 0 0 0 0 547756 0 0 0 0 0
7.06 -547755 0 0 0 0 0 547755 0 0 0 0 0
7.07 -547757 0 0 0 0 0 547757 0 0 0 0 0
7.08 -547763 0 0 0 0 0 547763 0 0 0 0 0
7.09 -547772 0 0 0 0 0 547772 0 0 0 0 0
7.1 -547783 0 0 0 0 0 547783 0 0 0 0 0
7.11 -547796 0 0 0 0 0 547796 0 0 0 0 0
7.12 -547812 0 0 0 0 0 547812 0 0 0 0 0
7.13 -547829 0 0 0 0 0 547829 0 0 0 0 0
7.14 -547849 0 0 0 0 0 547849 0 0 0 0 0
7.15 -547870 0 0 0 0 0 547870 0 0 0 0 0
7.16 -547893 0 0 0 0 0 547893 0 0 0 0 0
7.17 -547917 0 0 0 0 0 547917 0 0 0 0 0
7.18 -547943 0 0 0 0 0 547943 0 0 0 0 0
7.19 -547970 0 0 0 0 0 547970 0 0 0 0 0
7.2 -547999 0 0 0 0 0 547999 0 0 0 0 0
7.21 -548030 0 0 0 0 0 548030 0 0 0 0 0
7.22 -548062 0 0 0 0 0 548062 0 0 0 0 0
7.23 -548095 0 0 0 0 0 548095 0 0 0 0 0
7.24 -548130 0 0 0 0 0 548130 0 0 0 0 0
7.25 -548165 0 0 0 0 0 548165 0 0 0 0 0
7.26 -548202 0 0 0 0 0 548202 0 0 0 0 0
7.27 -548240 0 0 0 0 0 548240 0 0 0 0 0
7.28 -548278 0 0 0 0 0 548278 0 0 0 0 0
7.29 -548317 0 0 0 0 0 548317 0 0 0 0 0
7.3 -548355 0 0 0 0 0 548355 0 0 0 0 0
7.31 -548393 0 0 0 0 0 548393 0 0 0 0 0
7.32 -548430 0 0 0 0 0 548430 0 0 0 0 0
7.33 -548465 0 0 0 0 0 548465 0 0 0 0 0
7.34 -548499 0 0 0 0 0 548499 0 0 0 0 0
7.35 -548531 0 0 0 0 0 548531 0 0 0 0 0
7.36 -548560 0 0 0 0 0 548560 0 0 0 0 0
7.37 -548586 0 0 0 0 0 548586 0 0 0 0 0
7.38 -548608 0 0 0 0 0 548608 0 0 0 0 0
7.39 -548627 0 0 0 0 0 548627 0 0 0 0 0
7.4 -548642 0 0 0 0 0 548642 0 0 0 0 0
7.41 -548653 0 0 0 0 0 548653 0 0 0 0 0
7.42 -548658 0 0 0 0 0 548658 0 0 0 0 0
7.43 -548659 0 0 0 0 0 548659 0 0 0 0 0
7.44 -548654 0 0 0 0 0 548654 0 0 0 0 0
7.45 -548643 0 0 0 0 0 548643 0 0 0 0 0
7.46 -548627 0 0 0 0 0 548627 0 0 0 0 0
7.47 -548605 0 0 0 0 0 548605 0 0 0 0 0
7.48 -548577 0 0 0 0 0 548577 0 0 0 0 0
7.49 -548544 0 0 0 0 0 548544 0 0 0 0 0
7.5 -548506 0 0 0 0 0 548506 0 0 0 0 0
7.51 -548462 0 0 0 0 0 548462 0 0 0 0 0
7.52 -548414 0 0 0 0 0 548414 0 0 0 0 0
7.53 -548361 0 0 0 0 0 548361 0 0 0 0 0
7.54 -548304 0 0 0 0 0 548304 0 0 0 0 0
7.55 -548244 0 0 0 0 0 548244 0 0 0 0 0
7.56 -548180 0 0 0 0 0 548180 0 0 0 0 0
7.57 -548114 0 0 0 0 0 548114 0 0 0 0 0
7.58 -548046 0 0 0 0 0 548046 0 0 0 0 0
7.59 -547975 0 0 0 0 0 547975 0 0 0 0 0
7.6 -547904 0 0 0 0 0 547904 0 0 0 0 0
7.61 -547833 0 0 0 0 0 547833 0 0 0 0 0
7.62 -547761 0 0 0 0 0 547761 0 0 0 0 0
7.63 -547689 0 0 0 0 0 547689 0 0 0 0 0
7.64 -547619 0 0 0 0 0 547619 0 0 0 0 0
7.65 -547549 0 0 0 0 0 547549 0 0 0 0 0
7.66 -547482 0 0 0 0 0 547482 0 0 0 0 0
7.67 -547416 0 0 0 0 0 547416 0 0 0 0 0
7.68 -547353 0 0 0 0 0 547353 0 0 0 0 0
7.69 -547292 0 0 0 0 0 547292 0 0 0 0 0
7.7 -547234 0 0 0 0 0 547234 0 0 0 0 0
7.71 -547180 0 0 0 0 0 547180 0 0 0 0 0
7.72 -547129 0 0 0 0 0 547129 0 0 0 0 0
7.73 -547081 0 0 0 0 0 547081 0 0 0 0 0
7.74 -547038 0 0 0 0 0 547038 0 0 0 0 0
7.75 -546999 0 0 0 0 0 546999 0 0 0 0 0
7.76 -546963 0 0 0 0 0 546963 0 0 0 0 0
7.77 -546932 0 0 0 0 0 546932 0 0 0 0 0
7.78 -546906 0 0 0 0 0 546906 0 0 0 0 0
7.79 -546884 0 0 0 0 0 546884 0 0 0 0 0
7.8 -546867 0 0 0 0 0 546867 0 0 0 0 0
7.81 -546854 0 0 0 0 0 546854 0 0 0 0 0
7.82 -546846 0 0 0 0 0 546846 0 0 0 0 0
7.83 -546844 0 0 0 0 0 546844 0 0 0 0 0
7.84 -546846 0 0 0 0 0 546846 0 0 0 0 0
7.85 -546854 0 0 0 0 0 546854 0 0 0 0 0
7.86 -546867 0 0 0 0 0 546867 0 0 0 0 0
7.87 -546885 0 0 0 0 0 546885 0 0 0 0 0
7.88 -546909 0 0 0 0 0 546909 0 0 0 0 0
7.89 -546937 0 0 0 0 0 546937 0 0 0 0 0
7.9 -546970 0 0 0 0 0 546970 0 0 0 0 0
7.91 -547007 0 0 0 0 0 547007 0 0 0 0 0
7.92 -547048 0 0 0 0 0 547048 0 0 0 0 0
7.93 -547093 0 0 0 0 0 547093 0 0 0 0 0
7.94 -547141 0 0 0 0 0 547141 0 0 0 0 0
7.95 -547191 0 0 0 0 0 547191 0 0 0 0 0
7.96 -547242 0 0 0 0 0 547242 0 0 0 0 0
7.97 -547295 0 0 0 0 0 547295 0 0 0 0 0
7.98 -547347 0 0 0 0 0 547347 0 0 0 0 0
7.99 -547399 0 0 0 0 0 547399 0 0 0 0 0
8 -547449 0 0 0 0 0 547449 0 0 0 0 0
8.01 -547497 0 0 0 0 0 547497 0 0 0 0 0
8.02 -547542 0 0 0 0 0 547542 0 0 0 0 0
8.03 -547582 0 0 0 0 0 547582 0 0 0 0 0
8.04 -547618 0 0 0 0 0 547618 0 0 0 0 0
8.05 -547649 0 0 0 0 0 547649 0 0 0 0 0
8.06 -547673 0 0 0 0 0 547673 0 0 0 0 0
8.07 -547691 0 0 0 0 0 547691 0 0 0 0 0
8.08 -547701 0 0 0 0 0 547701 0 0 0 0 0
8.09 -547704 0 0 0 0 0 547704 0 0 0 0 0
8.1 -547699 0 0 0 0 0 547699 0 0 0 0 0
8.11 -547685 0 0 0 0 0 547685 0 0 0 0 0
8.12 -547664 0 0 0 0 0 547664 0 0 0 0 0
8.13 -547635 0 0 0 0 0 547635 0 0 0 0 0
8.14 -547597 0 0 0 0 0 547597 0 0 0 0 0
8.15 -547552 0 0 0 0 0 547552 0 0 0 0 0
8.16 -547500 0 0 0 0 0 547500 0 0 0 0 0
8.17 -547440 0 0 0 0 0 547440 0 0 0 0 0
8.18 -547374 0 0 0 0 0 547374 0 0 0 0 0
8.19 -547302 0 0 0 0 0 547302 0 0 0 0 0
8.2 -547224 0 0 0 0 0 547224 0 0 0 0 0
8.21 -547141 0 0 0 0 0 547141 0 0 0 0 0
8.22 -547053 0 0 0 0 0 547053 0 0 0 0 0
8.23 -546962 0 0 0 0 0 546962 0 0 0 0 0
8.24 -546867 0 0 0 0 0 546867 0 0 0 0 0
8.25 -546770 0 0 0 0 0 546770 0 0 0 0 0
8.26 -546671 0 0 0 0 0 546671 0 0 0 0 0
8.27 -546570 0 0 0 0 0 546570 0 0 0 0 0
8.28 -546469 0 0 0 0 0 546469 0 0 0 0 0
8.29 -546368 0 0 0 0 0 546368 0 0 0 0 0
8.3 -546268 0 0 0 0 0 546268 0 0 0 0 0
8.31 -546169 0 0 0 0 0 546169 0 0 0 0 0
8.32 -546073 0 0 0 0 0 546073 0 0 0 0 0
8.33 -545979 0 0 0 0 0 545979 0 0 0 0 0
8.34 -545889 0 0 0 0 0 545889 0 0 0 0 0
8.35 -545803 0 0 0 0 0 545803 0 0 0 0 0
8.36 -545722 0 0 0 0 0 545722 0 0 0 0 0
8.37 -545646 0 0 0 0 0 545646 0 0 0 0 0
8.38 -545577 0 0 0 0 0 545577 0 0 0 0 0
8.39 -545514 0 0 0 0 0 545514 0 0 0 0 0
8.4 -545458 0 0 0 0 0 545458 0 0 0 0 0
8.41 -545410 0 0 0 0 0 545410 0 0 0 0 0
8.42 -545370 0 0 0 0 0 545370 0 0 0 0 0
8.43 -545339 0 0 0 0 0 545339 0 0 0 0 0
8.44 -545316 0 0 0 0 0 545316 0 0 0 0 0
8.45 -545302 0 0 0 0 0 545302 0 0 0 0 0
8.46 -545297 0 0 0 0 0 545297 0 0 0 0 0
8.47 -545302 0 0 0 0 0 545302 0 0 0 0 0
8.48 -545317 0 0 0 0 0 545317 0 0 0 0 0
8.49 -545341 0 0 0 0 0 545341 0 0 0 0 0
8.5 -545374 0 0 0 0 0 545374 0 0 0 0 0
8.51 -545416 0 0 0 0 0 545416 0 0 0 0 0
8.52 -545468 0 0 0 0 0 545468 0 0 0 0 0
8.53 -545528 0 0 0 0 0 545528 0 0 0 0 0
8.54 -545596 0 0 0 0 0 545596 0 0 0 0 0
8.55 -545672 0 0 0 0 0 545672 0 0 0 0 0
8.56 -545755 0 0 0 0 0 545755 0 0 0 0 0
8.57 -545844 0 0 0 0 0 545844 0 0 0 0 0
8.58 -545938 0 0 0 0 0 545938 0 0 0 0 0
8.59 -546037 0 0 0 0 0 546037 0 0 0 0 0
8.6 -546140 0 0 0 0 0 546140 0 0 0 0 0
8.61 -546244 0 0 0 0 0 546244 0 0 0 0 0
8.62 -546350 0 0 0 0 0 546350 0 0 0 0 0
8.63 -546456 0 0 0 0 0 546456 0 0 0 0 0
8.64 -546562 0 0 0 0 0 546562 0 0 0 0 0
8.65 -546665 0 0 0 0 0 546665 0 0 0 0 0
8.66 -546765 0 0 0 0 0 546765 0 0 0 0 0
8.67 -546861 0 0 0 0 0 546861 0 0 0 0 0
8.68 -546951 0 0 0 0 0 546951 0 0 0 0 0
8.69 -547036 0 0 0 0 0 547036 0 0 0 0 0
8.7 -547114 0 0 0 0 0 547114 0 0 0 0 0
8.71 -547184 0 0 0 0 0 547184 0 0 0 0 0
8.72 -547246 0 0 0 0 0 547246 0 0 0 0 0
8.73 -547300 0 0 0 0 0 547300 0 0 0 0 0
8.74 -547344 0 0 0 0 0 547344 0 0 0 0 0
8.75 -547379 0 0 0 0 0 547379 0 0 0 0 0
8.76 -547405 0 0 0 0 0 547405 0 0 0 0 0
8.77 -547421 0 0 0 0 0 547421 0 0 0 0 0
8.78 -547429 0 0 0 0 0 547429 0 0 0 0 0
8.79 -547427 0 0 0 0 0 547427 0 0 0 0 0
8.8 -547416 0 0 0 0 0 547416 0 0 0 0 0
8.81 -547397 0 0 0 0 0 547397 0 0 0 0 0
8.82 -547370 0 0 0 0 0 547370 0 0 0 0 0
8.83 -547336 0 0 0 0 0 547336 0 0 0 0 0
8.84 -547295 0 0 0 0 0 547295 0 0 0 0 0
8.85 -547247 0 0 0 0 0 547247 0 0 0 0 0
8.86 -547195 0 0 0 0 0 547195 0 0 0 0 0
8.87 -547137 0 0 0 0 0 547137 0 0 0 0 0
8.88 -547076 0 0 0 0 0 547076 0 0 0 0 0
8.89 -547012 0 0 0 0 0 547012 0 0 0 0 0
8.9 -546945 0 0 0 0 0 546945 0 0 0 0 0
8.91 -546877 0 0 0 0 0 546877 0 0 0 0 0
8.92 -546807 0 0 0 0 0 546807 0 0 0 0 0
8.93 -546738 0 0 0 0 0 546738 0 0 0 0 0
8.94 -546668 0 0 0 0 0 546668 0 0 0 0 0
8.95 -546600 0 0 0 0 0 546600 0 0 0 0 0
8.96 -546533 0 0 0 0 0 546533 0 0 0 0 0
8.97 -546468 0 0 0 0 0 546468 0 0 0 0 0
8.98 -546405 0 0 0 0 0 546405 0 0 0 0 0
8.99 -546346 0 0 0 0 0 546346 0 0 0 0 0
9 -546289 0 0 0 0 0 546289 0 0 0 0 0
9.01 -546236 0 0 0 0 0 546236 0 0 0 0 0
9.02 -546186 0 0 0 0 0 546186 0 0 0 0 0
9.03 -546140 0 0 0 0 0 546140 0 0 0 0 0
9.04 -546099 0 0 0 0 0 546099 0 0 0 0 0
9.05 -546061 0 0 0 0 0 546061 0 0 0 0 0
9.06 -546028 0 0 0 0 0 546028 0 0 0 0 0
9.07 -546000 0 0 0 0 0 546000 0 0 0 0 0
9.08 -545976 0 0 0 0 0 545976 0 0 0 0 0
9.09 -545956 0 0 0 0 0 545956 0 0 0 0 0
9.1 -545941 0 0 0 0 0 545941 0 0 0 0 0
9.11 -545929 0 0 0 0 0 545929 0 0 0 0 0
9.12 -545922 0 0 0 0 0 545922 0 0 0 0 0
9.13 -545919 0 0 0 0 0 545919 0 0 0 0 0
9.14 -545920 0 0 0 0 0 545920 0 0 0 0 0
9.15 -545925 0 0 0 0 0 545925 0 0 0 0 0
9.16 -545934 0 0 0 0 0 545934 0 0 0 0 0
9.17 -545946 0 0 0 0 0 545946 0 0 0 0 0
9.18 -545961 0 0 0 0 0 545961 0 0 0 0 0
9.19 -545980 0 0 0 0 0 545980 0 0 0 0 0
9.2 -546002 0 0 0 0 0 546002 0 0 0 0 0
9.21 -546027 0 0 0 0 0 546027 0 0 0 0 0
9.22 -546055 0 0 0 0 0 546055 0 0 0 0 0
9.23 -546085 0 0 0 0 0 546085 0 0 0 0 0
9.24 -546119 0 0 0 0 0 546119 0 0 0 0 0
9.25 -546154 0 0 0 0 0 546154 0 0 0 0 0
9.26 -546192 0 0 0 0 0 546192 0 0 0 0 0
9.27 -546232 0 0 0 0 0 546232 0 0 0 0 0
9.28 -546273 0 0 0 0 0 546273 0 0 0 0 0
9.29 -546316 0 0 0 0 0 546316 0 0 0 0 0
9.3 -546360 0 0 0 0 0 546360 0 0 0 0 0
9.31 -546405 0 0 0 0 0 546405 0 0 0 0 0
9.32 -546451 0 0 0 0 0 546451 0 0 0 0 0
9.33 -546498 0 0 0 0 0 546498 0 0 0 0 0
9.34 -546545 0 0 0 0 0 546545 0 0 0 0 0
9.35 -546593 0 0 0 0 0 546593 0 0 0 0 0
9.36 -546640 0 0 0 0 0 546640 0 0 0 0 0
9.37 -546687 0 0 0 0 0 546687 0 0 0 0 0
9.38 -546734 0 0 0 0 0 546734 0 0 0 0 0
9.39 -546780 0 0 0 0 0 546780 0 0 0 0 0
9.4 -546825 0 0 0 0 0 546825 0 0 0 0 0
9.41 -546869 0 0 0 0 0 546869 0 0 0 0 0
9.42 -546913 0 0 0 0 0 546913 0 0 0 0 0
9.43 -546955 0 0 0 0 0 546955 0 0 0 0 0
9.44 -546996 0 0 0 0 0 546996 0 0 0 0 0
9.45 -547036 0 0 0 0 0 547036 0 0 0 0 0
9.46 -547075 0 0 0 0 0 547075 0 0 0 0 0
9.47 -547113 0 0 0 0 0 547113 0 0 0 0 0
9.48 -547149 0 0 0 0 0 547149 0 0 0 0 0
9.49 -547185 0 0 0 0 0 547185 0 0 0 0 0
9.5 -547219 0 0 0 0 0 547219 0 0 0 0 0
9.51 -547252 0 0 0 0 0 547252 0 0 0 0 0
9.52 -547285 0 0 0 0 0 547285 0 0 0 0 0
9.53 -547317 0 0 0 0 0 547317 0 0 0 0 0
9.54 -547349 0 0 0 0 0 547349 0 0 0 0 0
9.55 -547380 0 0 0 0 0 547380 0 0 0 0 0
9.56 -547411 0 0 0 0 0 547411 0 0 0 0 0
9.57 -547443 0 0 0 0 0 547443 0 0 0 0 0
9.58 -547474 0 0 0 0 0 547474 0 0 0 0 0
9.59 -547505 0 0 0 0 0 547505 0 0 0 0 0
9.6 -547536 0 0 0 0 0 547536 0 0 0 0 0
9.61 -547568 0 0 0 0 0 547568 0 0 0 0 0
9.62 -547599 0 0 0 0 0 547599 0 0 0 0 0
9.63 -547631 0 0 0 0 0 547631 0 0 0 0 0
9.64 -547662 0 0 0 0 0 547662 0 0 0 0 0
9.65 -547693 0 0 0 0 0 547693 0 0 0 0 0
9.66 -547724 0 0 0 0 0 547724 0 0 0 0 0
9.67 -547755 0 0 0 0 0 547755 0 0 0 0 0
9.68 -547785 0 0 0 0 0 547785 0 0 0 0 0
9.69 -547814 0 0 0 0 0 547814 0 0 0 0 0
9.7 -547843 0 0 0 0 0 547843 0 0 0 0 0
9.71 -547871 0 0 0 0 0 547871 0 0 0 0 0
9.72 -547898 0 0 0 0 0 547898 0 0 0 0 0
9.73 -547925 0 0 0 0 0 547925 0 0 0 0 0
9.74 -547950 0 0 0 0 0 547950 0 0 0 0 0
9.75 -547974 0 0 0 0 0 547974 0 0 0 0 0
9.76 -547996 0 0 0 0 0 547996 0 0 0 0 0
9.77 -548018 0 0 0 0 0 548018 0 0 0 0 0
9.78 -548038 0 0 0 0 0 548038 0 0 0 0 0
9.79 -548057 0 0 0 0 0 548057 0 0 0 0 0
9.8 -548075 0 0 0 0 0 548075 0 0 0 0 0
9.81 -548092 0 0 0 0 0 548092 0 0 0 0 0
9.82 -548108 0 0 0 0 0 548108 0 0 0 0 0
9.83 -548123 0 0 0 0 0 548123 0 0 0 0 0
9.84 -548138 0 0 0 0 0 548138 0 0 0 0 0
9.85 -548152 0 0 0 0 0 548152 0 0 0 0 0
9.86 -548165 0 0 0 0 0 548165 0 0 0 0 0
9.87 -548178 0 0 0 0 0 548178 0 0 0 0 0
9.88 -548191 0 0 0 0 0 548191 0 0 0 0 0
9.89 -548205 0 0 0 0 0 548205 0 0 0 0 0
9.9 -548218 0 0 0 0 0 548218 0 0 0 0 0
9.91 -548232 0 0 0 0 0 548232 0 0 0 0 0
9.92 -548246 0 0 0 0 0 548246 0 0 0 0 0
9.93 -548261 0 0 0 0 0 548261 0 0 0 0 0
9.94 -548276 0 0 0 0 0 548276 0 0 0 0 0
9.95 -548293 0 0 0 0 0 548293 0 0 0 0 0
9.96 -548311 0 0 0 0 0 548311 0 0 0 0 0
9.97 -548330 0 0 0 0 0 548330 0 0 0 0 0
9.98 -548350 0 0 0 0 0 548350 0 0 0 0 0
9.99 -548372 0 0 0 0 0 548372 0 0 0 0 0
10 -548396 0 0 0 0 0 548396 0 0 0 0 0
10.01 -548421 0 0 0 0 0 548421 0 0 0 0 0
10.02 -548447 0 0 0 0 0 548447 0 0 0 0 0
10.03 -548476 0 0 0 0 0 548476 0 0 0 0 0
10.04 -548505 0 0 0 0 0 548505 0 0 0 0 0
10.05 -548536 0 0 0 0 0 548536 0 0 0 0 0
10.06 -548569 0 0 0 0 0 548569 0 0 0 0 0
10.07 -548602 0 0 0 0 0 548602 0 0 0 0 0
10.08 -548636 0 0 0 0 0 548636 0 0 0 0 0
10.09 -548671 0 0 0 0 0 548671 0 0 0 0 0
10.1 -548706 0 0 0 0 0 548706 0 0 0 0 0
10.11 -548742 0 0 0 0 0 548742 0 0 0 0 0
10.12 -548777 0 0 0 0 0 548777 0 0 0 0 0
10.13 -548812 0 0 0 0 0 548812 0 0 0 0 0
10.14 -548846 0 0 0 0 0 548846 0 0 0 0 0
10.15 -548879 0 0 0 0 0 548879 0 0 0 0 0
10.16 -548911 0 0 0 0 0 548911 0 0 0 0 0
10.17 -548941 0 0 0 0 0 548941 0 0 0 0 0
10.18 -548970 0 0 0 0 0 548970 0 0 0 0 0
10.19 -548996 0 0 0 0 0 548996 0 0 0 0 0
10.2 -549020 0 0 0 0 0 549020 0 0 0 0 0
10.21 -549042 0 0 0 0 0 549042 0 0 0 0 0
10.22 -549062 0 0 0 0 0 549062 0 0 0 0 0
10.23 -549079 0 0 0 0 0 549079 0 0 0 0 0
10.24 -549094 0 0 0 0 0 549094 0 0 0 0 0
10.25 -549106 0 0 0 0 0 549106 0 0 0 0 0
10.26 -549115 0 0 0 0 0 549115 0 0 0 0 0
10.27 -549122 0 0 0 0 0 549122 0 0 0 0 0
10.28 -549127 0 0 0 0 0 549127 0 0 0 0 0
10.29 -549130 0 0 0 0 0 549130 0 0 0 0 0
10.3 -549130 0 0 0 0 0 549130 0 0 0 0 0
10.31 -549129 0 0 0 0 0 549129 0 0 0 0 0
10.32 -549126 0 0 0 0 0 549126 0 0 0 0 0
10.33 -549122 0 0 0 0 0 549122 0 0 0 0 0
10.34 -549117 0 0 0 0 0 549117 0 0 0 0 0
10.35 -549110 0 0 0 0 0 549110 0 0 0 0 0
10.36 -549103 0 0 0 0 0 549103 0 0 0 0 0
10.37 -549095 0 0 0 0 0 549095 0 0 0 0 0
10.38 -549087 0 0 0 0 0 549087 0 0 0 0 0
10.39 -549079 0 0 0 0 0 549079 0 0 0 0 0
10.4 -549070 0 0 0 0 0 549070 0 0 0 0 0
10.41 -549061 0 0 0 0 0 549061 0 0 0 0 0
10.42 -549053 0 0 0 0 0 549053 0 0 0 0 0
10.43 -549045 0 0 0 0 0 549045 0 0 0 0 0
10.44 -549036 0 0 0 0 0 549036 0 0 0 0 0
10.45 -549028 0 0 0 0 0 549028 0 0 0 0 0
10.46 -549021 0 0 0 0 0 549021 0 0 0 0 0
10.47 -549013 0 0 0 0 0 549013 0 0 0 0 0
10.48 -549005 0 0 0 0 0 549005 0 0 0 0 0
10.49 -548997 0 0 0 0 0 548997 0 0 0 0 0
10.5 -548989 0 0 0 0 0 548989 0 0 0 0 0
10.51 -548981 0 0 0 0 0 548981 0 0 0 0 0
10.52 -548972 0 0 0 0 0 548972 0 0 0 0 0
10.53 -548962 0 0 0 0 0 548962 0 0 0 0 0
10.54 -548952 0 0 0 0 0 548952 0 0 0 0 0
10.55 -548941 0 0 0 0 0 548941 0 0 0 0 0
10.56 -548929 0 0 0 0 0 548929 0 0 0 0 0
10.57 -548916 0 0 0 0 0 548916 0 0 0 0 0
10.58 -548901 0 0 0 0 0 548901 0 0 0 0 0
10.59 -548886 0 0 0 0 0 548886 0 0 0 0 0
10.6 -548869 0 0 0 0 0 548869 0 0 0 0 0
10.61 -548851 0 0 0 0 0 548851 0 0 0 0 0
10.62 -548832 0 0 0 0 0 548832 0 0 0 0 0
10.63 -548812 0 0 0 0 0 548812 0 0 0 0 0
10.64 -548790 0 0 0 0 0 548790 0 0 0 0 0
10.65 -548768 0 0 0 0 0 548768 0 0 0 0 0
10.66 -548745 0 0 0 0 0 548745 0 0 0 0 0
10.67 -548722 0 0 0 0 0 548722 0 0 0 0 0
10.68 -548698 0 0 0 0 0 548698 0 0 0 0 0
10.69 -548674 0 0 0 0 0 548674 0 0 0 0 0
10.7 -548650 0 0 0 0 0 548650 0 0 0 0 0
10.71 -548626 0 0 0 0 0 548626 0 0 0 0 0
10.72 -548603 0 0 0 0 0 548603 0 0 0 0 0
10.73 -548580 0 0 0 0 0 548580 0 0 0 0 0
10.74 -548558 0 0 0 0 0 548558 0 0 0 0 0
10.75 -548537 0 0 0 0 0 548537 0 0 0 0 0
10.76 -548517 0 0 0 0 0 548517 0 0 0 0 0
10.77 -548498 0 0 0 0 0 548498 0 0 0 0 0
10.78 -548480 0 0 0 0 0 548480 0 0 0 0 0
10.79 -548463 0 0 0 0 0 548463 0 0 0 0 0
10.8 -548447 0 0 0 0 0 548447 0 0 0 0 0
10.81 -548433 0 0 0 0 0 548433 0 0 0 0 0
10.82 -548420 0 0 0 0 0 548420 0 0 0 0 0
10.83 -548408 0 0 0 0 0 548408 0 0 0 0 0
10.84 -548397 0 0 0 0 0 548397 0 0 0 0 0
10.85 -548387 0 0 0 0 0 548387 0 0 0 0 0
10.86 -548378 0 0 0 0 0 548378 0 0 0 0 0
10.87 -548370 0 0 0 0 0 548370 0 0 0 0 0
10.88 -548361 0 0 0 0 0 548361 0 0 0 0 0
10.89 -548353 0 0 0 0 0 548353 0 0 0 0 0
10.9 -548345 0 0 0 0 0 548345 0 0 0 0 0
10.91 -548337 0 0 0 0 0 548337 0 0 0 0 0
10.92 -548328 0 0 0 0 0 548328 0 0 0 0 0
10.93 -548318 0 0 0 0 0 548318 0 0 0 0 0
10.94 -548308 0 0 0 0 0 548308 0 0 0 0 0
10.95 -548296 0 0 0 0 0 548296 0 0 0 0 0
10.96 -548282 0 0 0 0 0 548282 0 0 0 0 0
10.97 -548267 0 0 0 0 0 548267 0 0 0 0 0
10.98 -548250 0 0 0 0 0 548250 0 0 0 0 0
10.99 -548231 0 0 0 0 0 548231 0 0 0 0 0
11 -548210 0 0 0 0 0 548210 0 0 0 0 0
11.01 -548187 0 0 0 0 0 548187 0 0 0 0 0
11.02 -548162 0 0 0 0 0 548162 0 0 0 0 0
11.03 -548135 0 0 0 0 0 548135 0 0 0 0 0
11.04 -548105 0 0 0 0 0 548105 0 0 0 0 0
11.05 -548074 0 0 0 0 0 548074 0 0 0 0 0
11.06 -548041 0 0 0 0 0 548041 0 0 0 0 0
11.07 -548007 0 0 0 0 0 548007 0 0 0 0 0
11.08 -547971 0 0 0 0 0 547971 0 0 0 0 0
11.09 -547933 0 0 0 0 0 547933 0 0 0 0 0
11.1 -547895 0 0 0 0 0 547895 0 0 0 0 0
11.11 -547856 0 0 0 0 0 547856 0 0 0 0 0
11.12 -547816 0 0 0 0 0 547816 0 0 0 0 0
11.13 -547777 0 0 0 0 0 547777 0 0 0 0 0
11.14 -547737 0 0 0 0 0 547737 0 0 0 0 0
11.15 -547697 0 0 0 0 0 547697 0 0 0 0 0
11.16 -547658 0 0 0 0 0 547658 0 0 0 0 0
11.17 -547620 0 0 0 0 0 547620 0 0 0 0 0
11.18 -547583 0 0 0 0 0 547583 0 0 0 0 0
11.19 -547547 0 0 0 0 0 547547 0 0 0 0 0
11.2 -547512 0 0 0 0 0 547512 0 0 0 0 0
11.21 -547479 0 0 0 0 0 547479 0 0 0 0 0
11.22 -547447 0 0 0 0 0 547447 0 0 0 0 0
11.23 -547417 0 0 0 0 0 547417 0 0 0 0 0
11.24 -547388 0 0 0 0 0 547388 0 0 0 0 0
11.25 -547361 0 0 0 0 0 547361 0 0 0 0 0
11.26 -547336 0 0 0 0 0 547336 0 0 0 0 0
11.27 -547313 0 0 0 0 0 547313 0 0 0 0 0
11.28 -547292 0 0 0 0 0 547292 0 0 0 0 0
11.29 -547272 0 0 0 0 0 547272 0 0 0 0 0
11.3 -547253 0 0 0 0 0 547253 0 0 0 0 0
11.31 -547237 0 0 0 0 0 547237 0 0 0 0 0
11.32 -547221 0 0 0 0 0 547221 0 0 0 0 0
11.33 -547207 0 0 0 0 0 547207 0 0 0 0 0
11.34 -547194 0 0 0 0 0 547194 0 0 0 0 0
11.35 -547182 0 0 0 0 0 547182 0 0 0 0 0
11.36 -547171 0 0 0 0 0 547171 0 0 0 0 0
11.37 -547161 0 0 0 0 0 547161 0 0 0 0 0
11.38 -547152 0 0 0 0 0 547152 0 0 0 0 0
11.39 -547144 0 0 0 0 0 547144 0 0 0 0 0
11.4 -547136 0 0 0 0 0 547136 0 0 0 0 0
11.41 -547129 0 0 0 0 0 547129 0 0 0 0 0
11.42 -547122 0 0 0 0 0 547122 0 0 0 0 0
11.43 -547116 0 0 0 0 0 547116 0 0 0 0 0
11.44 -547111 0 0 0 0 0 547111 0 0 0 0 0
11.45 -547106 0 0 0 0 0 547106 0 0 0 0 0
11.46 -547101 0 0 0 0 0 547101 0 0 0 0 0
11.47 -547097 0 0 0 0 0 547097 0 0 0 0 0
11.48 -547093 0 0 0 0 0 547093 0 0 0 0 0
11.49 -547089 0 0 0 0 0 547089 0 0 0 0 0
11.5 -547085 0 0 0 0 0 547085 0 0 0 0 0
11.51 -547082 0 0 0 0 0 547082 0 0 0 0 0
11.52 -547078 0 0 0 0 0 547078 0 0 0 0 0
11.53 -547075 0 0 0 0 0 547075 0 0 0 0 0
11.54 -547071 0 0 0 0 0 547071 0 0 0 0 0
11.55 -547068 0 0 0 0 0 547068 0 0 0 0 0
11.56 -547064 0 0 0 0 0 547064 0 0 0 0 0
11.57 -547059 0 0 0 0 0 547059 0 0 0 0 0
11.58 -547054 0 0 0 0 0 547054 0 0 0 0 0
11.59 -547049 0 0 0 0 0 547049 0 0 0 0 0
11.6 -547043 0 0 0 0 0 547043 0 0 0 0 0
11.61 -547036 0 0 0 0 0 547036 0 0 0 0 0
11.62 -547028 0 0 0 0 0 547028 0 0 0 0 0
11.63 -547019 0 0 0 0 0 547019 0 0 0 0 0
11.64 -547009 0 0 0 0 0 547009 0 0 0 0 0
11.65 -546998 0 0 0 0 0 546998 0 0 0 0 0
11.66 -546986 0 0 0 0 0 546986 0 0 0 0 0
11.67 -546972 0 0 0 0 0 546972 0 0 0 0 0
11.68 -546957 0 0 0 0 0 546957 0 0 0 0 0
11.69 -546941 0 0 0 0 0 546941 0 0 0 0 0
11.7 -546923 0 0 0 0 0 546923 0 0 0 0 0
11.71 -546905 0 0 0 0 0 546905 0 0 0 0 0
11.72 -546885 0 0 0 0 0 546885 0 0 0 0 0
11.73 -546864 0 0 0 0 0 546864 0 0 0 0 0
11.74 -546843 0 0 0 0 0 546843 0 0 0 0 0
11.75 -546820 0 0 0 0 0 546820 0 0 0 0 0
11.76 -546797 0 0 0 0 0 546797 0 0 0 0 0
11.77 -546774 0 0 0 0 0 546774 0 0 0 0 0
11.78 -546750 0 0 0 0 0 546750 0 0 0 0 0
11.79 -546727 0 0 0 0 0 546727 0 0 0 0 0
11.8 -546703 0 0 0 0 0 546703 0 0 0 0 0
11.81 -546680 0 0 0 0 0 546680 0 0 0 0 0
11.82 -546658 0 0 0 0 0 546658 0 0 0 0 0
11.83 -546636 0 0 0 0 0 546636 0 0 0 0 0
11.84 -546615 0 0 0 0 0 546615 0 0 0 0 0
11.85 -546596 0 0 0 0 0 546596 0 0 0 0 0
11.86 -546578 0 0 0 0 0 546578 0 0 0 0 0
11.87 -546561 0 0 0 0 0 546561 0 0 0 0 0
11.88 -546546 0 0 0 0 0 546546 0 0 0 0 0
11.89 -546533 0 0 0 0 0 546533 0 0 0 0 0
11.9 -546523 0 0 0 0 0 546523 0 0 0 0 0
11.91 -546514 0 0 0 0 0 546514 0 0 0 0 0
11.92 -546507 0 0 0 0 0 546507 0 0 0 0 0
11.93 -546503 0 0 0 0 0 546503 0 0 0 0 0
11.94 -546501 0 0 0 0 0 546501 0 0 0 0 0
11.95 -546502 0 0 0 0 0 546502 0 0 0 0 0
11.96 -546505 0 0 0 0 0 546505 0 0 0 0 0
11.97 -546510 0 0 0 0 0 546510 0 0 0 0 0
11.98 -546517 0 0 0 0 0 546517 0 0 0 0 0
11.99 -546527 0 0 0 0 0 546527 0 0 0 0 0
12 -546539 0 0 0 0 0 546539 0 0 0 0 0
12.01 -546553 0 0 0 0 0 546553 0 0 0 0 0
12.02 -546569 0 0 0 0 0 546569 0 0 0 0 0
12.03 -546587 0 0 0 0 0 546587 0 0 0 0 0
12.04 -546607 0 0 0 0 0 546607 0 0 0 0 0
12.05 -546628 0 0 0 0 0 546628 0 0 0 0 0
12.06 -546650 0 0 0 0 0 546650 0 0 0 0 0
12.07 -546674 0 0 0 0 0 546674 0 0 0 0 0
12.08 -546698 0 0 0 0 0 546698 0 0 0 0 0
12.09 -546723 0 0 0 0 0 546723 0 0 0 0 0
12.1 -546749 0 0 0 0 0 546749 0 0 0 0 0
12.11 -546774 0 0 0 0 0 546774 0 0 0 0 0
12.12 -546800 0 0 0 0 0 546800 0 0 0 0 0
12.13 -546825 0 0 0 0 0 546825 0 0 0 0 0
12.14 -546851 0 0 0 0 0 546851 0 0 0 0 0
12.15 -546875 0 0 0 0 0 546875 0 0 0 0 0
12.16 -546899 0 0 0 0 0 546899 0 0 0 0 0
12.17 -546921 0 0 0 0 0 546921 0 0 0 0 0
12.18 -546943 0 0 0 0 0 546943 0 0 0 0 0
12.19 -546963 0 0 0 0 0 546963 0 0 0 0 0
12.2 -546981 0 0 0 0 0 546981 0 0 0 0 0
12.21 -546998 0 0 0 0 0 546998 0 0 0 0 0
12.22 -547013 0 0 0 0 0 547013 0 0 0 0 0
12.23 -547026 0 0 0 0 0 547026 0 0 0 0 0
12.24 -547038 0 0 0 0 0 547038 0 0 0 0 0
12.25 -547047 0 0 0 0 0 547047 0 0 0 0 0
12.26 -547054 0 0 0 0 0 547054 0 0 0 0 0
12.27 -547059 0 0 0 0 0 547059 0 0 0 0 0
12.28 -547062 0 0 0 0 0 547062 0 0 0 0 0
12.29 -547063 0 0 0 0 0 547063 0 0 0 0 0
12.3 -547062 0 0 0 0 0 547062 0 0 0 0 0
12.31 -547059 0 0 0 0 0 547059 0 0 0 0 0
12.32 -547054 0 0 0 0 0 547054 0 0 0 0 0
12.33 -547047 0 0 0 0 0 547047 0 0 0 0 0
12.34 -547038 0 0 0 0 0 547038 0 0 0 0 0
12.35 -547028 0 0 0 0 0 547028 0 0 0 0 0
12.36 -547016 0 0 0 0 0 547016 0 0 0 0 0
12.37 -547003 0 0 0 0 0 547003 0 0 0 0 0
12.38 -546989 0 0 0 0 0 546989 0 0 0 0 0
12.39 -546974 0 0 0 0 0 546974 0 0 0 0 0
12.4 -546958 0 0 0 0 0 546958 0 0 0 0 0
12.41 -546942 0 0 0 0 0 546942 0 0 0 0 0
12.42 -546925 0 0 0 0 0 546925 0 0 0 0 0
12.43 -546909 0 0 0 0 0 546909 0 0 0 0 0
12.44 -546892 0 0 0 0 0 546892 0 0 0 0 0
12.45 -546876 0 0 0 0 0 546876 0 0 0 0 0
12.46 -546861 0 0 0 0 0 546861 0 0 0 0 0
12.47 -546846 0 0 0 0 0 546846 0 0 0 0 0
12.48 -546833 0 0 0 0 0 546833 0 0 0 0 0
12.49 -546821 0 0 0 0 0 546821 0 0 0 0 0
12.5 -546811 0 0 0 0 0 546811 0 0 0 0 0
12.51 -546802 0 0 0 0 0 546802 0 0 0 0 0
12.52 -546796 0 0 0 0 0 546796 0 0 0 0 0
12.53 -546791 0 0 0 0 0 546791 0 0 0 0 0
12.54 -546789 0 0 0 0 0 546789 0 0 0 0 0
12.55 -546790 0 0 0 0 0 546790 0 0 0 0 0
12.56 -546793 0 0 0 0 0 546793 0 0 0 0 0
12.57 -546798 0 0 0 0 0 546798 0 0 0 0 0
12.58 -546807 0 0 0 0 0 546807 0 0 0 0 0
12.59 -546818 0 0 0 0 0 546818 0 0 0 0 0
12.6 -546832 0 0 0 0 0 546832 0 0 0 0 0
12.61 -546848 0 0 0 0 0 546848 0 0 0 0 0
12.62 -546867 0 0 0 0 0 546867 0 0 0 0 0
12.63 -546889 0 0 0 0 0 546889 0 0 0 0 0
12.64 -546912 0 0 0 0 0 546912 0 0 0 0 0
12.65 -546938 0 0 0 0 0 546938 0 0 0 0 0
12.66 -546966 0 0 0 0 0 546966 0 0 0 0 0
12.67 -546995 0 0 0 0 0 546995 0 0 0 0 0
12.68 -547025 0 0 0 0 0 547025 0 0 0 0 0
12.69 -547057 0 0 0 0 0 547057 0 0 0 0 0
12.7 -547089 0 0 0 0 0 547089 0 0 0 0 0
12.71 -547122 0 0 0 0 0 547122 0 0 0 0 0
12.72 -547156 0 0 0 0 0 547156 0 0 0 0 0
12.73 -547189 0 0 0 0 0 547189 0 0 0 0 0
12.74 -547222 0 0 0 0 0 547222 0 0 0 0 0
12.75 -547254 0 0 0 0 0 547254 0 0 0 0 0
12.76 -547285 0 0 0 0 0 547285 0 0 0 0 0
12.77 -547315 0 0 0 0 0 547315 0 0 0 0 0
12.78 -547344 0 0 0 0 0 547344 0 0 0 0 0
12.79 -547372 0 0 0 0 0 547372 0 0 0 0 0
12.8 -547397 0 0 0 0 0 547397 0 0 0 0 0
12.81 -547421 0 0 0 0 0 547421 0 0 0 0 0
12.82 -547443 0 0 0 0 0 547443 0 0 0 0 0
12.83 -547463 0 0 0 0 0 547463 0 0 0 0 0
12.84 -547481 0 0 0 0 0 547481 0 0 0 0 0
12.85 -547497 0 0 0 0 0 547497 0 0 0 0 0
12.86 -547511 0 0 0 0 0 547511 0 0 0 0 0
12.87 -547523 0 0 0 0 0 547523 0 0 0 0 0
12.88 -547532 0 0 0 0 0 547532 0 0 0 0 0
12.89 -547540 0 0 0 0 0 547540 0 0 0 0 0
12.9 -547547 0 0 0 0 0 547547 0 0 0 0 0
12.91 -547551 0 0 0 0 0 547551 0 0 0 0 0
12.92 -547555 0 0 0 0 0 547555 0 0 0 0 0
12.93 -547557 0 0 0 0 0 547557 0 0 0 0 0
12.94 -547558 0 0 0 0 0 547558 0 0 0 0 0
12.95 -547558 0 0 0 0 0 547558 0 0 0 0 0
12.96 -547558 0 0 0 0 0 547558 0 0 0 0 0
12.97 -547557 0 0 0 0 0 547557 0 0 0 0 0
12.98 -547556 0 0 0 0 0 547556 0 0 0 0 0
12.99 -547554 0 0 0 0 0 547554 0 0 0 0 0
13 -547553 0 0 0 0 0 547553 0 0 0 0 0
13.01 -547551 0 0 0 0 0 547551 0 0 0 0 0
13.02 -547550 0 0 0 0 0 547550 0 0 0 0 0
13.03 -547549 0 0 0 0 0 547549 0 0 0 0 0
13.04 -547549 0 0 0 0 0 547549 0 0 0 0 0
13.05 -547549 0 0 0 0 0 547549 0 0 0 0 0
13.06 -547550 0 0 0 0 0 547550 0 0 0 0 0
13.07 -547552 0 0 0 0 0 547552 0 0 0 0 0
13.08 -547554 0 0 0 0 0 547554 0 0 0 0 0
13.09 -547557 0 0 0 0 0 547557 0 0 0 0 0
13.1 -547561 0 0 0 0 0 547561 0 0 0 0 0
13.11 -547565 0 0 0 0 0 547565 0 0 0 0 0
13.12 -547570 0 0 0 0 0 547570 0 0 0 0 0
13.13 -547575 0 0 0 0 0 547575 0 0 0 0 0
13.14 -547581 0 0 0 0 0 547581 0 0 0 0 0
13.15 -547588 0 0 0 0 0 547588 0 0 0 0 0
13.16 -547595 0 0 0 0 0 547595 0 0 0 0 0
13.17 -547603 0 0 0 0 0 547603 0 0 0 0 0
13.18 -547611 0 0 0 0 0 547611 0 0 0 0 0
13.19 -547619 0 0 0 0 0 547619 0 0 0 0 0
13.2 -547628 0 0 0 0 0 547628 0 0 0 0 0
13.21 -547637 0 0 0 0 0 547637 0 0 0 0 0
13.22 -547646 0 0 0 0 0 547646 0 0 0 0 0
13.23 -547655 0 0 0 0 0 547655 0 0 0 0 0
13.24 -547664 0 0 0 0 0 547664 0 0 0 0 0
13.25 -547674 0 0 0 0 0 547674 0 0 0 0 0
13.26 -547683 0 0 0 0 0 547683 0 0 0 0 0
13.27 -547693 0 0 0 0 0 547693 0 0 0 0 0
13.28 -547703 0 0 0 0 0 547703 0 0 0 0 0
13.29 -547712 0 0 0 0 0 547712 0 0 0 0 0
13.3 -547722 0 0 0 0 0 547722 0 0 0 0 0
13.31 -547731 0 0 0 0 0 547731 0 0 0 0 0
13.32 -547741 0 0 0 0 0 547741 0 0 0 0 0
13.33 -547750 0 0 0 0 0 547750 0 0 0 0 0
13.34 -547759 0 0 0 0 0 547759 0 0 0 0 0
13.35 -547769 0 0 0 0 0 547769 0 0 0 0 0
13.36 -547778 0 0 0 0 0 547778 0 0 0 0 0
13.37 -547787 0 0 0 0 0 547787 0 0 0 0 0
13.38 -547795 0 0 0 0 0 547795 0 0 0 0 0
13.39 -547804 0 0 0 0 0 547804 0 0 0 0 0
13.4 -547813 0 0 0 0 0 547813 0 0 0 0 0
13.41 -547821 0 0 0 0 0 547821 0 0 0 0 0
13.42 -547829 0 0 0 0 0 547829 0 0 0 0 0
13.43 -547837 0 0 0 0 0 547837 0 0 0 0 0
13.44 -547845 0 0 0 0 0 547845 0 0 0 0 0
13.45 -547853 0 0 0 0 0 547853 0 0 0 0 0
13.46 -547860 0 0 0 0 0 547860 0 0 0 0 0
13.47 -547868 0 0 0 0 0 547868 0 0 0 0 0
13.48 -547875 0 0 0 0 0 547875 0 0 0 0 0
13.49 -547882 0 0 0 0 0 547882 0 0 0 0 0
13.5 -547888 0 0 0 0 0 547888 0 0 0 0 0
13.51 -547895 0 0 0 0 0 547895 0 0 0 0 0
13.52 -547901 0 0 0 0 0 547901 0 0 0 0 0
13.53 -547906 0 0 0 0 0 547906 0 0 0 0 0
13.54 -547912 0 0 0 0 0 547912 0 0 0 0 0
13.55 -547917 0 0 0 0 0 547917 0 0 0 0 0
13.56 -547921 0 0 0 0 0 547921 0 0 0 0 0
13.57 -547925 0 0 0 0 0 547925 0 0 0 0 0
13.58 -547929 0 0 0 0 0 547929 0 0 0 0 0
13.59 -547932 0 0 0 0 0 547932 0 0 0 0 0
13.6 -547934 0 0 0 0 0 547934 0 0 0 0 0
13.61 -547936 0 0 0 0 0 547936 0 0 0 0 0
13.62 -547937 0 0 0 0 0 547937 0 0 0 0 0
13.63 -547938 0 0 0 0 0 547938 0 0 0 0 0
13.64 -547937 0 0 0 0 0 547937 0 0 0 0 0
13.65 -547936 0 0 0 0 0 547936 0 0 0 0 0
13.66 -547935 0 0 0 0 0 547935 0 0 0 0 0
13.67 -547933 0 0 0 0 0 547933 0 0 0 0 0
13.68 -547930 0 0 0 0 0 547930 0 0 0 0 0
13.69 -547927 0 0 0 0 0 547927 0 0 0 0 0
13.7 -547923 0 0 0 0 0 547923 0 0 0 0 0
13.71 -547919 0 0 0 0 0 547919 0 0 0 0 0
13.72 -547914 0 0 0 0 0 547914 0 0 0 0 0
13.73 -547910 0 0 0 0 0 547910 0 0 0 0 0
13.74 -547905 0 0 0 0 0 547905 0 0 0 0 0
13.75 -547901 0 0 0 0 0 547901 0 0 0 0 0
13.76 -547896 0 0 0 0 0 547896 0 0 0 0 0
13.77 -547892 0 0 0 0 0 547892 0 0 0 0 0
13.78 -547889 0 0 0 0 0 547889 0 0 0 0 0
13.79 -547886 0 0 0 0 0 547886 0 0 0 0 0
13.8 -547883 0 0 0 0 0 547883 0 0 0 0 0
13.81 -547881 0 0 0 0 0 547881 0 0 0 0 0
13.82 -547880 0 0 0 0 0 547880 0 0 0 0 0
13.83 -547880 0 0 0 0 0 547880 0 0 0 0 0
13.84 -547881 0 0 0 0 0 547881 0 0 0 0 0
13.85 -547882 0 0 0 0 0 547882 0 0 0 0 0
13.86 -547885 0 0 0 0 0 547885 0 0 0 0 0
13.87 -547888 0 0 0 0 0 547888 0 0 0 0 0
13.88 -547892 0 0 0 0 0 547892 0 0 0 0 0
13.89 -547897 0 0 0 0 0 547897 0 0 0 0 0
13.9 -547903 0 0 0 0 0 547903 0 0 0 0 0
13.91 -547910 0 0 0 0 0 547910 0 0 0 0 0
13.92 -547917 0 0 0 0 0 547917 0 0 0 0 0
13.93 -547925 0 0 0 0 0 547925 0 0 0 0 0
13.94 -547933 0 0 0 0 0 547933 0 0 0 0 0
13.95 -547941 0 0 0 0 0 547941 0 0 0 0 0
13.96 -547950 0 0 0 0 0 547950 0 0 0 0 0
13.97 -547958 0 0 0 0 0 547958 0 0 0 0 0
13.98 -547966 0 0 0 0 0 547966 0 0 0 0 0
13.99 -547973 0 0 0 0 0 547973 0 0 0 0 0
14 -547980 0 0 0 0 0 547980 0 0 0 0 0
14.01 -547987 0 0 0 0 0 547987 0 0 0 0 0
14.02 -547992 0 0 0 0 0 547992 0 0 0 0 0
14.03 -547997 0 0 0 0 0 547997 0 0 0 0 0
14.04 -548000 0 0 0 0 0 548000 0 0 0 0 0
14.05 -548002 0 0 0 0 0 548002 0 0 0 0 0
14.06 -548003 0 0 0 0 0 548003 0 0 0 0 0
14.07 -548003 0 0 0 0 0 548003 0 0 0 0 0
14.08 -548001 0 0 0 0 0 548001 0 0 0 0 0
14.09 -547998 0 0 0 0 0 547998 0 0 0 0 0
14.1 -547994 0 0 0 0 0 547994 0 0 0 0 0
14.11 -547988 0 0 0 0 0 547988 0 0 0 0 0
14.12 -547981 0 0 0 0 0 547981 0 0 0 0 0
14.13 -547973 0 0 0 0 0 547973 0 0 0 0 0
14.14 -547963 0 0 0 0 0 547963 0 0 0 0 0
14.15 -547952 0 0 0 0 0 547952 0 0 0 0 0
14.16 -547939 0 0 0 0 0 547939 0 0 0 0 0
14.17 -547926 0 0 0 0 0 547926 0 0 0 0 0
14.18 -547912 0 0 0 0 0 547912 0 0 0 0 0
14.19 -547896 0 0 0 0 0 547896 0 0 0 0 0
14.2 -547879 0 0 0 0 0 547879 0 0 0 0 0
14.21 -547862 0 0 0 0 0 547862 0 0 0 0 0
14.22 -547844 0 0 0 0 0 547844 0 0 0 0 0
14.23 -547825 0 0 0 0 0 547825 0 0 0 0 0
14.24 -547805 0 0 0 0 0 547805 0 0 0 0 0
14.25 -547785 0 0 0 0 0 547785 0 0 0 0 0
14.26 -547764 0 0 0 0 0 547764 0 0 0 0 0
14.27 -547742 0 0 0 0 0 547742 0 0 0 0 0
14.28 -547720 0 0 0 0 0 547720 0 0 0 0 0
14.29 -547697 0 0 0 0 0 547697 0 0 0 0 0
14.3 -547674 0 0 0 0 0 547674 0 0 0 0 0
14.31 -547651 0 0 0 0 0 547651 0 0 0 0 0
14.32 -547628 0 0 0 0 0 547628 0 0 0 0 0
14.33 -547604 0 0 0 0 0 547604 0 0 0 0 0
14.34 -547580 0 0 0 0 0 547580 0 0 0 0 0
14.35 -547556 0 0 0 0 0 547556 0 0 0 0 0
14.36 -547531 0 0 0 0 0 547531 0 0 0 0 0
14.37 -547507 0 0 0 0 0 547507 0 0 0 0 0
14.38 -547483 0 0 0 0 0 547483 0 0 0 0 0
14.39 -547460 0 0 0 0 0 547460 0 0 0 0 0
14.4 -547437 0 0 0 0 0 547437 0 0 0 0 0
14.41 -547414 0 0 0 0 0 547414 0 0 0 0 0
14.42 -547392 0 0 0 0 0 547392 0 0 0 0 0
14.43 -547371 0 0 0 0 0 547371 0 0 0 0 0
14.44 -547351 0 0 0 0 0 547351 0 0 0 0 0
14.45 -547332 0 0 0 0 0 547332 0 0 0 0 0
14.46 -547315 0 0 0 0 0 547315 0 0 0 0 0
14.47 -547299 0 0 0 0 0 547299 0 0 0 0 0
14.48 -547285 0 0 0 0 0 547285 0 0 0 0 0
14.49 -547272 0 0 0 0 0 547272 0 0 0 0 0
14.5 -547262 0 0 0 0 0 547262 0 0 0 0 0
14.51 -547253 0 0 0 0 0 547253 0 0 0 0 0
14.52 -547247 0 0 0 0 0 547247 0 0 0 0 0
14.53 -547243 0 0 0 0 0 547243 0 0 0 0 0
14.54 -547241 0 0 0 0 0 547241 0 0 0 0 0
14.55 -547242 0 0 0 0 0 547242 0 0 0 0 0
14.56 -547246 0 0 0 0 0 547246 0 0 0 0 0
14.57 -547252 0 0 0 0 0 547252 0 0 0 0 0
14.58 -547260 0 0 0 0 0 547260 0 0 0 0 0
14.59 -547271 0 0 0 0 0 547271 0 0 0 0 0
14.6 -547284 0 0 0 0 0 547284 0 0 0 0 0
14.61 -547300 0 0 0 0 0 547300 0 0 0 0 0
14.62 -547318 0 0 0 0 0 547318 0 0 0 0 0
14.63 -547337 0 0 0 0 0 547337 0 0 0 0 0
14.64 -547359 0 0 0 0 0 547359 0 0 0 0 0
14.65 -547382 0 0 0 0 0 547382 0 0 0 0 0
14.66 -547407 0 0 0 0 0 547407 0 0 0 0 0
14.67 -547432 0 0 0 0 0 547432 0 0 0 0 0
14.68 -547459 0 0 0 0 0 547459 0 0 0 0 0
14.69 -547486 0 0 0 0 0 547486 0 0 0 0 0
14.7 -547513 0 0 0 0 0 547513 0 0 0 0 0
14.71 -547541 0 0 0 0 0 547541 0 0 0 0 0
14.72 -547568 0 0 0 0 0 547568 0 0 0 0 0
14.73 -547594 0 0 0 0 0 547594 0 0 0 0 0
14.74 -547620 0 0 0 0 0 547620 0 0 0 0 0
14.75 -547645 0 0 0 0 0 547645 0 0 0 0 0
14.76 -547668 0 0 0 0 0 547668 0 0 0 0 0
14.77 -547690 0 0 0 0 0 547690 0 0 0 0 0
14.78 -547710 0 0 0 0 0 547710 0 0 0 0 0
14.79 -547729 0 0 0 0 0 547729 0 0 0 0 0
14.8 -547745 0 0 0 0 0 547745 0 0 0 0 0
14.81 -547759 0 0 0 0 0 547759 0 0 0 0 0
14.82 -547770 0 0 0 0 0 547770 0 0 0 0 0
14.83 -547780 0 0 0 0 0 547780 0 0 0 0 0
14.84 -547787 0 0 0 0 0 547787 0 0 0 0 0
14.85 -547791 0 0 0 0 0 547791 0 0 0 0 0
14.86 -547793 0 0 0 0 0 547793 0 0 0 0 0
14.87 -547793 0 0 0 0 0 547793 0 0 0 0 0
14.88 -547790 0 0 0 0 0 547790 0 0 0 0 0
14.89 -547785 0 0 0 0 0 547785 0 0 0 0 0
14.9 -547778 0 0 0 0 0 547778 0 0 0 0 0
14.91 -547768 0 0 0 0 0 547768 0 0 0 0 0
14.92 -547757 0 0 0 0 0 547757 0 0 0 0 0
14.93 -547744 0 0 0 0 0 547744 0 0 0 0 0
14.94 -547729 0 0 0 0 0 547729 0 0 0 0 0
14.95 -547713 0 0 0 0 0 547713 0 0 0 0 0
14.96 -547695 0 0 0 0 0 547695 0 0 0 0 0
14.97 -547676 0 0 0 0 0 547676 0 0 0 0 0
14.98 -547656 0 0 0 0 0 547656 0 0 0 0 0
14.99 -547636 0 0 0 0 0 547636 0 0 0 0 0
15 -547614 0 0 0 0 0 547614 0 0 0 0 0
15.01 -547593 0 0 0 0 0 547593 0 0 0 0 0
15.02 -547571 0 0 0 0 0 547571 0 0 0 0 0
15.03 -547549 0 0 0 0 0 547549 0 0 0 0 0
15.04 -547527 0 0 0 0 0 547527 0 0 0 0 0
15.05 -547505 0 0 0 0 0 547505 0 0 0 0 0
15.06 -547484 0 0 0 0 0 547484 0 0 0 0 0
15.07 -547464 0 0 0 0 0 547464 0 0 0 0 0
15.08 -547444 0 0 0 0 0 547444 0 0 0 0 0
15.09 -547426 0 0 0 0 0 547426 0 0 0 0 0
15.1 -547408 0 0 0 0 0 547408 0 0 0 0 0
15.11 -547393 0 0 0 0 0 547393 0 0 0 0 0
15.12 -547379 0 0 0 0 0 547379 0 0 0 0 0
15.13 -547366 0 0 0 0 0 547366 0 0 0 0 0
15.14 -547356 0 0 0 0 0 547356 0 0 0 0 0
15.15 -547348 0 0 0 0 0 547348 0 0 0 0 0
15.16 -547342 0 0 0 0 0 547342 0 0 0 0 0
15.17 -547339 0 0 0 0 0 547339 0 0 0 0 0
15.18 -547338 0 0 0 0 0 547338 0 0 0 0 0
15.19 -547340 0 0 0 0 0 547340 0 0 0 0 0
15.2 -547344 0 0 0 0 0 547344 0 0 0 0 0
15.21 -547350 0 0 0 0 0 547350 0 0 0 0 0
15.22 -547360 0 0 0 0 0 547360 0 0 0 0 0
15.23 -547371 0 0 0 0 0 547371 0 0 0 0 0
15.24 -547386 0 0 0 0 0 547386 0 0 0 0 0
15.25 -547402 0 0 0 0 0 547402 0 0 0 0 0
15.26 -547421 0 0 0 0 0 547421 0 0 0 0 0
15.27 -547441 0 0 0 0 0 547441 0 0 0 0 0
15.28 -547463 0 0 0 0 0 547463 0 0 0 0 0
15.29 -547487 0 0 0 0 0 547487 0 0 0 0 0
15.3 -547512 0 0 0 0 0 547512 0 0 0 0 0
15.31 -547538 0 0 0 0 0 547538 0 0 0 0 0
15.32 -547565 0 0 0 0 0 547565 0 0 0 0 0
15.33 -547592 0 0 0 0 0 547592 0 0 0 0 0
15.34 -547619 0 0 0 0 0 547619 0 0 0 0 0
15.35 -547646 0 0 0 0 0 547646 0 0 0 0 0
15.36 -547673 0 0 0 0 0 547673 0 0 0 0 0
15.37 -547698 0 0 0 0 0 547698 0 0 0 0 0
15.38 -547722 0 0 0 0 0 547722 0 0 0 0 0
15.39 -547745 0 0 0 0 0 547745 0 0 0 0 0
15.4 -547766 0 0 0 0 0 547766 0 0 0 0 0
15.41 -547785 0 0 0 0 0 547785 0 0 0 0 0
15.42 -547802 0 0 0 0 0 547802 0 0 0 0 0
15.43 -547816 0 0 0 0 0 547816 0 0 0 0 0
15.44 -547828 0 0 0 0 0 547828 0 0 0 0 0
15.45 -547838 0 0 0 0 0 547838 0 0 0 0 0
15.46 -547845 0 0 0 0 0 547845 0 0 0 0 0
15.47 -547849 0 0 0 0 0 547849 0 0 0 0 0
15.48 -547851 0 0 0 0 0 547851 0 0 0 0 0
15.49 -547850 0 0 0 0 0 547850 0 0 0 0 0
15.5 -547847 0 0 0 0 0 547847 0 0 0 0 0
15.51 -547841 0 0 0 0 0 547841 0 0 0 0 0
15.52 -547834 0 0 0 0 0 547834 0 0 0 0 0
15.53 -547824 0 0 0 0 0 547824 0 0 0 0 0
15.54 -547813 0 0 0 0 0 547813 0 0 0 0 0
15.55 -547800 0 0 0 0 0 547800 0 0 0 0 0
15.56 -547786 0 0 0 0 0 547786 0 0 0 0 0
15.57 -547770 0 0 0 0 0 547770 0 0 0 0 0
15.58 -547754 0 0 0 0 0 547754 0 0 0 0 0
15.59 -547738 0 0 0 0 0 547738 0 0 0 0 0
15.6 -547721 0 0 0 0 0 547721 0 0 0 0 0
15.61 -547704 0 0 0 0 0 547704 0 0 0 0 0
15.62 -547688 0 0 0 0 0 547688 0 0 0 0 0
15.63 -547672 0 0 0 0 0 547672 0 0 0 0 0
15.64 -547657 0 0 0 0 0 547657 0 0 0 0 0
15.65 -547643 0 0 0 0 0 547643 0 0 0 0 0
15.66 -547630 0 0 0 0 0 547630 0 0 0 0 0
15.67 -547618 0 0 0 0 0 547618 0 0 0 0 0
15.68 -547608 0 0 0 0 0 547608 0 0 0 0 0
15.69 -547600 0 0 0 0 0 547600 0 0 0 0 0
15.7 -547593 0 0 0 0 0 547593 0 0 0 0 0
15.71 -547588 0 0 0 0 0 547588 0 0 0 0 0
15.72 -547586 0 0 0 0 0 547586 0 0 0 0 0
15.73 -547585 0 0 0 0 0 547585 0 0 0 0 0
15.74 -547586 0 0 0 0 0 547586 0 0 0 0 0
15.75 -547590 0 0 0 0 0 547590 0 0 0 0 0
15.76 -547595 0 0 0 0 0 547595 0 0 0 0 0
15.77 -547603 0 0 0 0 0 547603 0 0 0 0 0
15.78 -547612 0 0 0 0 0 547612 0 0 0 0 0
15.79 -547623 0 0 0 0 0 547623 0 0 0 0 0
15.8 -547636 0 0 0 0 0 547636 0 0 0 0 0
15.81 -547651 0 0 0 0 0 547651 0 0 0 0 0
15.82 -547667 0 0 0 0 0 547667 0 0 0 0 0
15.83 -547685 0 0 0 0 0 547685 0 0 0 0 0
15.84 -547703 0 0 0 0 0 547703 0 0 0 0 0
15.85 -547723 0 0 0 0 0 547723 0 0 0 0 0
15.86 -547743 0 0 0 0 0 547743 0 0 0 0 0
15.87 -547764 0 0 0 0 0 547764 0 0 0 0 0
15.88 -547785 0 0 0 0 0 547785 0 0 0 0 0
15.89 -547806 0 0 0 0 0 547806 0 0 0 0 0
15.9 -547827 0 0 0 0 0 547827 0 0 0 0 0
15.91 -547848 0 0 0 0 0 547848 0 0 0 0 0
15.92 -547868 0 0 0 0 0 547868 0 0 0 0 0
15.93 -547887 0 0 0 0 0 547887 0 0 0 0 0
15.94 -547905 0 0 0 0 0 547905 0 0 0 0 0
15.95 -547921 0 0 0 0 0 547921 0 0 0 0 0
15.96 -547936 0 0 0 0 0 547936 0 0 0 0 0
15.97 -547950 0 0 0 0 0 547950 0 0 0 0 0
15.98 -547962 0 0 0 0 0 547962 0 0 0 0 0
15.99 -547971 0 0 0 0 0 547971 0 0 0 0 0
16 -547979 0 0 0 0 0 547979 0 0 0 0 0
16.01 -547985 0 0 0 0 0 547985 0 0 0 0 0
16.02 -547988 0 0 0 0 0 547988 0 0 0 0 0
16.03 -547989 0 0 0 0 0 547989 0 0 0 0 0
16.04 -547988 0 0 0 0 0 547988 0 0 0 0 0
16.05 -547985 0 0 0 0 0 547985 0 0 0 0 0
16.06 -547979 0 0 0 0 0 547979 0 0 0 0 0
16.07 -547971 0 0 0 0 0 547971 0 0 0 0 0
16.08 -547961 0 0 0 0 0 547961 0 0 0 0 0
16.09 -547949 0 0 0 0 0 547949 0 0 0 0 0
16.1 -547935 0 0 0 0 0 547935 0 0 0 0 0
16.11 -547919 0 0 0 0 0 547919 0 0 0 0 0
16.12 -547902 0 0 0 0 0 547902 0 0 0 0 0
16.13 -547882 0 0 0 0 0 547882 0 0 0 0 0
16.14 -547862 0 0 0 0 0 547862 0 0 0 0 0
16.15 -547840 0 0 0 0 0 547840 0 0 0 0 0
16.16 -547817 0 0 0 0 0 547817 0 0 0 0 0
16.17 -547793 0 0 0 0 0 547793 0 0 0 0 0
16.18 -547769 0 0 0 0 0 547769 0 0 0 0 0
16.19 -547744 0 0 0 0 0 547744 0 0 0 0 0
16.2 -547719 0 0 0 0 0 547719 0 0 0 0 0
16.21 -547694 0 0 0 0 0 547694 0 0 0 0 0
16.22 -547670 0 0 0 0 0 547670 0 0 0 0 0
16.23 -547645 0 0 0 0 0 547645 0 0 0 0 0
16.24 -547621 0 0 0 0 0 547621 0 0 0 0 0
16.25 -547599 0 0 0 0 0 547599 0 0 0 0 0
16.26 -547577 0 0 0 0 0 547577 0 0 0 0 0
16.27 -547556 0 0 0 0 0 547556 0 0 0 0 0
16.28 -547536 0 0 0 0 0 547536 0 0 0 0 0
16.29 -547518 0 0 0 0 0 547518 0 0 0 0 0
16.3 -547501 0 0 0 0 0 547501 0 0 0 0 0
16.31 -547486 0 0 0 0 0 547486 0 0 0 0 0
16.32 -547473 0 0 0 0 0 547473 0 0 0 0 0
16.33 -547461 0 0 0 0 0 547461 0 0 0 0 0
16.34 -547451 0 0 0 0 0 547451 0 0 0 0 0
16.35 -547443 0 0 0 0 0 547443 0 0 0 0 0
16.36 -547437 0 0 0 0 0 547437 0 0 0 0 0
16.37 -547432 0 0 0 0 0 547432 0 0 0 0 0
16.38 -547429 0 0 0 0 0 547429 0 0 0 0 0
16.39 -547428 0 0 0 0 0 547428 0 0 0 0 0
16.4 -547428 0 0 0 0 0 547428 0 0 0 0 0
16.41 -547430 0 0 0 0 0 547430 0 0 0 0 0
16.42 -547433 0 0 0 0 0 547433 0 0 0 0 0
16.43 -547437 0 0 0 0 0 547437 0 0 0 0 0
16.44 -547442 0 0 0 0 0 547442 0 0 0 0 0
16.45 -547448 0 0 0 0 0 547448 0 0 0 0 0
16.46 -547455 0 0 0 0 0 547455 0 0 0 0 0
16.47 -547463 0 0 0 0 0 547463 0 0 0 0 0
16.48 -547471 0 0 0 0 0 547471 0 0 0 0 0
16.49 -547479 0 0 0 0 0 547479 0 0 0 0 0
16.5 -547487 0 0 0 0 0 547487 0 0 0 0 0
16.51 -547496 0 0 0 0 0 547496 0 0 0 0 0
16.52 -547505 0 0 0 0 0 547505 0 0 0 0 0
16.53 -547513 0 0 0 0 0 547513 0 0 0 0 0
16.54 -547521 0 0 0 0 0 547521 0 0 0 0 0
16.55 -547529 0 0 0 0 0 547529 0 0 0 0 0
16.56 -547536 0 0 0 0 0 547536 0 0 0 0 0
16.57 -547542 0 0 0 0 0 547542 0 0 0 0 0
16.58 -547548 0 0 0 0 0 547548 0 0 0 0 0
16.59 -547553 0 0 0 0 0 547553 0 0 0 0 0
16.6 -547557 0 0 0 0 0 547557 0 0 0 0 0
16.61 -547560 0 0 0 0 0 547560 0 0 0 0 0
16.62 -547562 0 0 0 0 0 547562 0 0 0 0 0
16.63 -547563 0 0 0 0 0 547563 0 0 0 0 0
16.64 -547564 0 0 0 0 0 547564 0 0 0 0 0
16.65 -547563 0 0 0 0 0 547563 0 0 0 0 0
16.66 -547560 0 0 0 0 0 547560 0 0 0 0 0
16.67 -547557 0 0 0 0 0 547557 0 0 0 0 0
16.68 -547553 0 0 0 0 0 547553 0 0 0 0 0
16.69 -547547 0 0 0 0 0 547547 0 0 0 0 0
16.7 -547541 0 0 0 0 0 547541 0 0 0 0 0
16.71 -547533 0 0 0 0 0 547533 0 0 0 0 0
16.72 -547524 0 0 0 0 0 547524 0 0 0 0 0
16.73 -547515 0 0 0 0 0 547515 0 0 0 0 0
16.74 -547504 0 0 0 0 0 547504 0 0 0 0 0
16.75 -547492 0 0 0 0 0 547492 0 0 0 0 0
16.76 -547480 0 0 0 0 0 547480 0 0 0 0 0
16.77 -547467 0 0 0 0 0 547467 0 0 0 0 0
16.78 -547453 0 0 0 0 0 547453 0 0 0 0 0
16.79 -547439 0 0 0 0 0 547439 0 0 0 0 0
16.8 -547424 0 0 0 0 0 547424 0 0 0 0 0
16.81 -547409 0 0 0 0 0 547409 0 0 0 0 0
16.82 -547393 0 0 0 0 0 547393 0 0 0 0 0
16.83 -547377 0 0 0 0 0 547377 0 0 0 0 0
16.84 -547361 0 0 0 0 0 547361 0 0 0 0 0
16.85 -547345 0 0 0 0 0 547345 0 0 0 0 0
16.86 -547329 0 0 0 0 0 547329 0 0 0 0 0
16.87 -547313 0 0 0 0 0 547313 0 0 0 0 0
16.88 -547298 0 0 0 0 0 547298 0 0 0 0 0
16.89 -547283 0 0 0 0 0 547283 0 0 0 0 0
16.9 -547268 0 0 0 0 0 547268 0 0 0 0 0
16.91 -547254 0 0 0 0 0 547254 0 0 0 0 0
16.92 -547241 0 0 0 0 0 547241 0 0 0 0 0
16.93 -547229 0 0 0 0 0 547229 0 0 0 0 0
16.94 -547217 0 0 0 0 0 547217 0 0 0 0 0
16.95 -547206 0 0 0 0 0 547206 0 0 0 0 0
16.96 -547196 0 0 0 0 0 547196 0 0 0 0 0
16.97 -547187 0 0 0 0 0 547187 0 0 0 0 0
16.98 -547179 0 0 0 0 0 547179 0 0 0 0 0
16.99 -547172 0 0 0 0 0 547172 0 0 0 0 0
17 -547166 0 0 0 0 0 547166 0 0 0 0 0
17.01 -547161 0 0 0 0 0 547161 0 0 0 0 0
17.02 -547157 0 0 0 0 0 547157 0 0 0 0 0
17.03 -547154 0 0 0 0 0 547154 0 0 0 0 0
17.04 -547152 0 0 0 0 0 547152 0 0 0 0 0
17.05 -547151 0 0 0 0 0 547151 0 0 0 0 0
17.06 -547150 0 0 0 0 0 547150 0 0 0 0 0
17.07 -547150 0 0 0 0 0 547150 0 0 0 0 0
17.08 -547151 0 0 0 0 0 547151 0 0 0 0 0
17.09 -547153 0 0 0 0 0 547153 0 0 0 0 0
17.1 -547155 0 0 0 0 0 547155 0 0 0 0 0
17.11 -547157 0 0 0 0 0 547157 0 0 0 0 0
17.12 -547160 0 0 0 0 0 547160 0 0 0 0 0
17.13 -547163 0 0 0 0 0 547163 0 0 0 0 0
17.14 -547166 0 0 0 0 0 547166 0 0 0 0 0
17.15 -547169 0 0 0 0 0 547169 0 0 0 0 0
17.16 -547172 0 0 0 0 0 547172 0 0 0 0 0
17.17 -547175 0 0 0 0 0 547175 0 0 0 0 0
17.18 -547178 0 0 0 0 0 547178 0 0 0 0 0
17.19 -547180 0 0 0 0 0 547180 0 0 0 0 0
17.2 -547183 0 0 0 0 0 547183 0 0 0 0 0
17.21 -547185 0 0 0 0 0 547185 0 0 0 0 0
17.22 -547186 0 0 0 0 0 547186 0 0 0 0 0
17.23 -547188 0 0 0 0 0 547188 0 0 0 0 0
17.24 -547189 0 0 0 0 0 547189 0 0 0 0 0
17.25 -547190 0 0 0 0 0 547190 0 0 0 0 0
17.26 -547190 0 0 0 0 0 547190 0 0 0 0 0
17.27 -547190 0 0 0 0 0 547190 0 0 0 0 0
17.28 -547189 0 0 0 0 0 547189 0 0 0 0 0
17.29 -547188 0 0 0 0 0 547188 0 0 0 0 0
17.3 -547186 0 0 0 0 0 547186 0 0 0 0 0
17.31 -547184 0 0 0 0 0 547184 0 0 0 0 0
17.32 -547181 0 0 0 0 0 547181 0 0 0 0 0
17.33 -547178 0 0 0 0 0 547178 0 0 0 0 0
17.34 -547174 0 0 0 0 0 547174 0 0 0 0 0
17.35 -547170 0 0 0 0 0 547170 0 0 0 0 0
17.36 -547165 0 0 0 0 0 547165 0 0 0 0 0
17.37 -547160 0 0 0 0 0 547160 0 0 0 0 0
17.38 -547154 0 0 0 0 0 547154 0 0 0 0 0
17.39 -547147 0 0 0 0 0 547147 0 0 0 0 0
17.4 -547140 0 0 0 0 0 547140 0 0 0 0 0
17.41 -547132 0 0 0 0 0 547132 0 0 0 0 0
17.42 -547125 0 0 0 0 0 547125 0 0 0 0 0
17.43 -547116 0 0 0 0 0 547116 0 0 0 0 0
17.44 -547108 0 0 0 0 0 547108 0 0 0 0 0
17.45 -547099 0 0 0 0 0 547099 0 0 0 0 0
17.46 -547091 0 0 0 0 0 547091 0 0 0 0 0
17.47 -547082 0 0 0 0 0 547082 0 0 0 0 0
17.48 -547074 0 0 0 0 0 547074 0 0 0 0 0
17.49 -547066 0 0 0 0 0 547066 0 0 0 0 0
17.5 -547059 0 0 0 0 0 547059 0 0 0 0 0
17.51 -547053 0 0 0 0 0 547053 0 0 0 0 0
17.52 -547047 0 0 0 0 0 547047 0 0 0 0 0
17.53 -547043 0 0 0 0 0 547043 0 0 0 0 0
17.54 -547040 0 0 0 0 0 547040 0 0 0 0 0
17.55 -547038 0 0 0 0 0 547038 0 0 0 0 0
17.56 -547038 0 0 0 0 0 547038 0 0 0 0 0
17.57 -547040 0 0 0 0 0 547040 0 0 0 0 0
17.58 -547043 0 0 0 0 0 547043 0 0 0 0 0
17.59 -547049 0 0 0 0 0 547049 0 0 0 0 0
17.6 -547057 0 0 0 0 0 547057 0 0 0 0 0
17.61 -547067 0 0 0 0 0 547067 0 0 0 0 0
17.62 -547079 0 0 0 0 0 547079 0 0 0 0 0
17.63 -547093 0 0 0 0 0 547093 0 0 0 0 0
17.64 -547109 0 0 0 0 0 547109 0 0 0 0 0
17.65 -547128 0 0 0 0 0 547128 0 0 0 0 0
17.66 -547148 0 0 0 0 0 547148 0 0 0 0 0
17.67 -547171 0 0 0 0 0 547171 0 0 0 0 0
17.68 -547195 0 0 0 0 0 547195 0 0 0 0 0
17.69 -547220 0 0 0 0 0 547220 0 0 0 0 0
17.7 -547247 0 0 0 0 0 547247 0 0 0 0 0
17.71 -547275 0 0 0 0 0 547275 0 0 0 0 0
17.72 -547304 0 0 0 0 0 547304 0 0 0 0 0
17.73 -547333 0 0 0 0 0 547333 0 0 0 0 0
17.74 -547362 0 0 0 0 0 547362 0 0 0 0 0
17.75 -547392 0 0 0 0 0 547392 0 0 0 0 0
17.76 -547421 0 0 0 0 0 547421 0 0 0 0 0
17.77 -547450 0 0 0 0 0 547450 0 0 0 0 0
17.78 -547477 0 0 0 0 0 547477 0 0 0 0 0
17.79 -547504 0 0 0 0 0 547504 0 0 0 0 0
17.8 -547529 0 0 0 0 0 547529 0 0 0 0 0
17.81 -547553 0 0 0 0 0 547553 0 0 0 0 0
17.82 -547575 0 0 0 0 0 547575 0 0 0 0 0
17.83 -547595 0 0 0 0 0 547595 0 0 0 0 0
17.84 -547612 0 0 0 0 0 547612 0 0 0 0 0
17.85 -547628 0 0 0 0 0 547628 0 0 0 0 0
17.86 -547641 0 0 0 0 0 547641 0 0 0 0 0
17.87 -547652 0 0 0 0 0 547652 0 0 0 0 0
17.88 -547661 0 0 0 0 0 547661 0 0 0 0 0
17.89 -547667 0 0 0 0 0 547667 0 0 0 0 0
17.9 -547672 0 0 0 0 0 547672 0 0 0 0 0
17.91 -547674 0 0 0 0 0 547674 0 0 0 0 0
17.92 -547674 0 0 0 0 0 547674 0 0 0 0 0
17.93 -547673 0 0 0 0 0 547673 0 0 0 0 0
17.94 -547669 0 0 0 0 0 547669 0 0 0 0 0
17.95 -547665 0 0 0 0 0 547665 0 0 0 0 0
17.96 -547659 0 0 0 0 0 547659 0 0 0 0 0
17.97 -547652 0 0 0 0 0 547652 0 0 0 0 0
17.98 -547644 0 0 0 0 0 547644 0 0 0 0 0
17.99 -547636 0 0 0 0 0 547636 0 0 0 0 0
18 -547627 0 0 0 0 0 547627 0 0 0 0 0
18.01 -547618 0 0 0 0 0 547618 0 0 0 0 0
18.02 -547609 0 0 0 0 0 547609 0 0 0 0 0
18.03 -547600 0 0 0 0 0 547600 0 0 0 0 0
18.04 -547591 0 0 0 0 0 547591 0 0 0 0 0
18.05 -547582 0 0 0 0 0 547582 0 0 0 0 0
18.06 -547574 0 0 0 0 0 547574 0 0 0 0 0
18.07 -547566 0 0 0 0 0 547566 0 0 0 0 0
18.08 -547559 0 0 0 0 0 547559 0 0 0 0 0
18.09 -547553 0 0 0 0 0 547553 0 0 0 0 0
18.1 -547548 0 0 0 0 0 547548 0 0 0 0 0
18.11 -547543 0 0 0 0 0 547543 0 0 0 0 0
18.12 -547539 0 0 0 0 0 547539 0 0 0 0 0
18.13 -547535 0 0 0 0 0 547535 0 0 0 0 0
18.14 -547533 0 0 0 0 0 547533 0 0 0 0 0
18.15 -547531 0 0 0 0 0 547531 0 0 0 0 0
18.16 -547530 0 0 0 0 0 547530 0 0 0 0 0
18.17 -547529 0 0 0 0 0 547529 0 0 0 0 0
18.18 -547529 0 0 0 0 0 547529 0 0 0 0 0
18.19 -547530 0 0 0 0 0 547530 0 0 0 0 0
18.2 -547531 0 0 0 0 0 547531 0 0 0 0 0
18.21 -547533 0 0 0 0 0 547533 0 0 0 0 0
18.22 -547536 0 0 0 0 0 547536 0 0 0 0 0
18.23 -547539 0 0 0 0 0 547539 0 0 0 0 0
18.24 -547543 0 0 0 0 0 547543 0 0 0 0 0
18.25 -547547 0 0 0 0 0 547547 0 0 0 0 0
18.26 -547552 0 0 0 0 0 547552 0 0 0 0 0
18.27 -547558 0 0 0 0 0 547558 0 0 0 0 0
18.28 -547564 0 0 0 0 0 547564 0 0 0 0 0
18.29 -547570 0 0 0 0 0 547570 0 0 0 0 0
18.3 -547578 0 0 0 0 0 547578 0 0 0 0 0
18.31 -547585 0 0 0 0 0 547585 0 0 0 0 0
18.32 -547594 0 0 0 0 0 547594 0 0 0 0 0
18.33 -547602 0 0 0 0 0 547602 0 0 0 0 0
18.34 -547611 0 0 0 0 0 547611 0 0 0 0 0
18.35 -547621 0 0 0 0 0 547621 0 0 0 0 0
18.36 -547631 0 0 0 0 0 547631 0 0 0 0 0
18.37 -547641 0 0 0 0 0 547641 0 0 0 0 0
18.38 -547651 0 0 0 0 0 547651 0 0 0 0 0
18.39 -547662 0 0 0 0 0 547662 0 0 0 0 0
18.4 -547672 0 0 0 0 0 547672 0 0 0 0 0
18.41 -547683 0 0 0 0 0 547683 0 0 0 0 0
18.42 -547693 0 0 0 0 0 547693 0 0 0 0 0
18.43 -547703 0 0 0 0 0 547703 0 0 0 0 0
18.44 -547713 0 0 0 0 0 547713 0 0 0 0 0
18.45 -547723 0 0 0 0 0 547723 0 0 0 0 0
18.46 -547732 0 0 0 0 0 547732 0 0 0 0 0
18.47 -547740 0 0 0 0 0 547740 0 0 0 0 0
18.48 -547748 0 0 0 0 0 547748 0 0 0 0 0
18.49 -547755 0 0 0 0 0 547755 0 0 0 0 0
18.5 -547762 0 0 0 0 0 547762 0 0 0 0 0
18.51 -547767 0 0 0 0 0 547767 0 0 0 0 0
18.52 -547773 0 0 0 0 0 547773 0 0 0 0 0
18.53 -547777 0 0 0 0 0 547777 0 0 0 0 0
18.54 -547781 0 0 0 0 0 547781 0 0 0 0 0
18.55 -547784 0 0 0 0 0 547784 0 0 0 0 0
18.56 -547786 0 0 0 0 0 547786 0 0 0 0 0
18.57 -547788 0 0 0 0 0 547788 0 0 0 0 0
18.58 -547789 0 0 0 0 0 547789 0 0 0 0 0
18.59 -547789 0 0 0 0 0 547789 0 0 0 0 0
18.6 -547789 0 0 0 0 0 547789 0 0 0 0 0
18.61 -547789 0 0 0 0 0 547789 0 0 0 0 0
18.62 -547788 0 0 0 0 0 547788 0 0 0 0 0
18.63 -547787 0 0 0 0 0 547787 0 0 0 0 0
18.64 -547785 0 0 0 0 0 547785 0 0 0 0 0
18.65 -547783 0 0 0 0 0 547783 0 0 0 0 0
18.66 -547781 0 0 0 0 0 547781 0 0 0 0 0
18.67 -547778 0 0 0 0 0 547778 0 0 0 0 0
18.68 -547775 0 0 0 0 0 547775 0 0 0 0 0
18.69 -547772 0 0 0 0 0 547772 0 0 0 0 0
18.7 -547769 0 0 0 0 0 547769 0 0 0 0 0
18.71 -547766 0 0 0 0 0 547766 0 0 0 0 0
18.72 -547763 0 0 0 0 0 547763 0 0 0 0 0
18.73 -547759 0 0 0 0 0 547759 0 0 0 0 0
18.74 -547755 0 0 0 0 0 547755 0 0 0 0 0
18.75 -547752 0 0 0 0 0 547752 0 0 0 0 0
18.76 -547748 0 0 0 0 0 547748 0 0 0 0 0
18.77 -547744 0 0 0 0 0 547744 0 0 0 0 0
18.78 -547741 0 0 0 0 0 547741 0 0 0 0 0
18.79 -547737 0 0 0 0 0 547737 0 0 0 0 0
18.8 -547734 0 0 0 0 0 547734 0 0 0 0 0
18.81 -547731 0 0 0 0 0 547731 0 0 0 0 0
18.82 -547728 0 0 0 0 0 547728 0 0 0 0 0
18.83 -547725 0 0 0 0 0 547725 0 0 0 0 0
18.84 -547723 0 0 0 0 0 547723 0 0 0 0 0
18.85 -547721 0 0 0 0 0 547721 0 0 0 0 0
18.86 -547719 0 0 0 0 0 547719 0 0 0 0 0
18.87 -547718 0 0 0 0 0 547718 0 0 0 0 0
18.88 -547718 0 0 0 0 0 547718 0 0 0 0 0
18.89 -547718 0 0 0 0 0 547718 0 0 0 0 0
18.9 -547718 0 0 0 0 0 547718 0 0 0 0 0
18.91 -547719 0 0 0 0 0 547719 0 0 0 0 0
18.92 -547721 0 0 0 0 0 547721 0 0 0 0 0
18.93 -547723 0 0 0 0 0 547723 0 0 0 0 0
18.94 -547726 0 0 0 0 0 547726 0 0 0 0 0
18.95 -547729 0 0 0 0 0 547729 0 0 0 0 0
18.96 -547733 0 0 0 0 0 547733 0 0 0 0 0
18.97 -547737 0 0 0 0 0 547737 0 0 0 0 0
18.98 -547742 0 0 0 0 0 547742 0 0 0 0 0
18.99 -547747 0 0 0 0 0 547747 0 0 0 0 0
19 -547752 0 0 0 0 0 547752 0 0 0 0 0
19.01 -547758 0 0 0 0 0 547758 0 0 0 0 0
19.02 -547764 0 0 0 0 0 547764 0 0 0 0 0
19.03 -547771 0 0 0 0 0 547771 0 0 0 0 0
19.04 -547777 0 0 0 0 0 547777 0 0 0 0 0
19.05 -547784 0 0 0 0 0 547784 0 0 0 0 0
19.06 -547790 0 0 0 0 0 547790 0 0 0 0 0
19.07 -547797 0 0 0 0 0 547797 0 0 0 0 0
19.08 -547803 0 0 0 0 0 547803 0 0 0 0 0
19.09 -547809 0 0 0 0 0 547809 0 0 0 0 0
19.1 -547815 0 0 0 0 0 547815 0 0 0 0 0
19.11 -547821 0 0 0 0 0 547821 0 0 0 0 0
19.12 -547826 0 0 0 0 0 547826 0 0 0 0 0
19.13 -547831 0 0 0 0 0 547831 0 0 0 0 0
19.14 -547835 0 0 0 0 0 547835 0 0 0 0 0
19.15 -547839 0 0 0 0 0 547839 0 0 0 0 0
19.16 -547842 0 0 0 0 0 547842 0 0 0 0 0
19.17 -547844 0 0 0 0 0 547844 0 0 0 0 0
19.18 -547846 0 0 0 0 0 547846 0 0 0 0 0
19.19 -547847 0 0 0 0 0 547847 0 0 0 0 0
19.2 -547847 0 0 0 0 0 547847 0 0 0 0 0
19.21 -547847 0 0 0 0 0 547847 0 0 0 0 0
19.22 -547846 0 0 0 0 0 547846 0 0 0 0 0
19.23 -547844 0 0 0 0 0 547844 0 0 0 0 0
19.24 -547841 0 0 0 0 0 547841 0 0 0 0 0
19.25 -547837 0 0 0 0 0 547837 0 0 0 0 0
19.26 -547833 0 0 0 0 0 547833 0 0 0 0 0
19.27 -547828 0 0 0 0 0 547828 0 0 0 0 0
19.28 -547822 0 0 0 0 0 547822 0 0 0 0 0
19.29 -547816 0 0 0 0 0 547816 0 0 0 0 0
19.3 -547809 0 0 0 0 0 547809 0 0 0 0 0
19.31 -547802 0 0 0 0 0 547802 0 0 0 0 0
19.32 -547794 0 0 0 0 0 547794 0 0 0 0 0
19.33 -547785 0 0 0 0 0 547785 0 0 0 0 0
19.34 -547777 0 0 0 0 0 547777 0 0 0 0 0
19.35 -547768 0 0 0 0 0 547768 0 0 0 0 0
19.36 -547759 0 0 0 0 0 547759 0 0 0 0 0
19.37 -547749 0 0 0 0 0 547749 0 0 0 0 0
19.38 -547740 0 0 0 0 0 547740 0 0 0 0 0
19.39 -547731 0 0 0 0 0 547731 0 0 0 0 0
19.4 -547722 0 0 0 0 0 547722 0 0 0 0 0
19.41 -547713 0 0 0 0 0 547713 0 0 0 0 0
19.42 -547705 0 0 0 0 0 547705 0 0 0 0 0
19.43 -547697 0 0 0 0 0 547697 0 0 0 0 0
19.44 -547690 0 0 0 0 0 547690 0 0 0 0 0
19.45 -547683 0 0 0 0 0 547683 0 0 0 0 0
19.46 -547677 0 0 0 0 0 547677 0 0 0 0 0
19.47 -547671 0 0 0 0 0 547671 0 0 0 0 0
19.48 -547666 0 0 0 0 0 547666 0 0 0 0 0
19.49 -547662 0 0 0 0 0 547662 0 0 0 0 0
19.5 -547659 0 0 0 0 0 547659 0 0 0 0 0
19.51 -547656 0 0 0 0 0 547656 0 0 0 0 0
19.52 -547655 0 0 0 0 0 547655 0 0 0 0 0
19.53 -547654 0 0 0 0 0 547654 0 0 0 0 0
19.54 -547653 0 0 0 0 0 547653 0 0 0 0 0
19.55 -547653 0 0 0 0 0 547653 0 0 0 0 0
19.56 -547654 0 0 0 0 0 547654 0 0 0 0 0
19.57 -547655 0 0 0 0 0 547655 0 0 0 0 0
19.58 -547657 0 0 0 0 0 547657 0 0 0 0 0
19.59 -547659 0 0 0 0 0 547659 0 0 0 0 0
19.6 -547661 0 0 0 0 0 547661 0 0 0 0 0
19.61 -547663 0 0 0 0 0 547663 0 0 0 0 0
19.62 -547666 0 0 0 0 0 547666 0 0 0 0 0
19.63 -547668 0 0 0 0 0 547668 0 0 0 0 0
19.64 -547671 0 0 0 0 0 547671 0 0 0 0 0
19.65 -547673 0 0 0 0 0 547673 0 0 0 0 0
19.66 -547675 0 0 0 0 0 547675 0 0 0 0 0
19.67 -547676 0 0 0 0 0 547676 0 0 0 0 0
19.68 -547677 0 0 0 0 0 547677 0 0 0 0 0
19.69 -547677 0 0 0 0 0 547677 0 0 0 0 0
19.7 -547677 0 0 0 0 0 547677 0 0 0 0 0
19.71 -547676 0 0 0 0 0 547676 0 0 0 0 0
19.72 -547675 0 0 0 0 0 547675 0 0 0 0 0
19.73 -547672 0 0 0 0 0 547672 0 0 0 0 0
19.74 -547669 0 0 0 0 0 547669 0 0 0 0 0
19.75 -547665 0 0 0 0 0 547665 0 0 0 0 0
19.76 -547661 0 0 0 0 0 547661 0 0 0 0 0
19.77 -547656 0 0 0 0 0 547656 0 0 0 0 0
19.78 -547649 0 0 0 0 0 547649 0 0 0 0 0
19.79 -547643 0 0 0 0 0 547643 0 0 0 0 0
19.8 -547635 0 0 0 0 0 547635 0 0 0 0 0
19.81 -547627 0 0 0 0 0 547627 0 0 0 0 0
19.82 -547619 0 0 0 0 0 547619 0 0 0 0 0
19.83 -547610 0 0 0 0 0 547610 0 0 0 0 0
19.84 -547601 0 0 0 0 0 547601 0 0 0 0 0
19.85 -547591 0 0 0 0 0 547591 0 0 0 0 0
19.86 -547582 0 0 0 0 0 547582 0 0 0 0 0
19.87 -547572 0 0 0 0 0 547572 0 0 0 0 0
19.88 -547562 0 0 0 0 0 547562 0 0 0 0 0
19.89 -547552 0 0 0 0 0 547552 0 0 0 0 0
19.9 -547542 0 0 0 0 0 547542 0 0 0 0 0
19.91 -547532 0 0 0 0 0 547532 0 0 0 0 0
19.92 -547522 0 0 0 0 0 547522 0 0 0 0 0
19.93 -547513 0 0 0 0 0 547513 0 0 0 0 0
19.94 -547504 0 0 0 0 0 547504 0 0 0 0 0
19.95 -547495 0 0 0 0 0 547495 0 0 0 0 0
19.96 -547487 0 0 0 0 0 547487 0 0 0 0 0
19.97 -547480 0 0 0 0 0 547480 0 0 0 0 0
19.98 -547473 0 0 0 0 0 547473 0 0 0 0 0
19.99 -547466 0 0 0 0 0 547466 0 0 0 0 0
20 -547460 0 0 0 0 0 547460 0 0 0 0 0
20.01 -547455 0 0 0 0 0 547455 0 0 0 0 0
20.02 -547450 0 0 0 0 0 547450 0 0 0 0 0
20.03 -547446 0 0 0 0 0 547446 0 0 0 0 0
20.04 -547443 0 0 0 0 0 547443 0 0 0 0 0
20.05 -547440 0 0 0 0 0 547440 0 0 0 0 0
20.06 -547438 0 0 0 0 0 547438 0 0 0 0 0
20.07 -547437 0 0 0 0 0 547437 0 0 0 0 0
20.08 -547436 0 0 0 0 0 547436 0 0 0 0 0
20.09 -547436 0 0 0 0 0 547436 0 0 0 0 0
20.1 -547436 0 0 0 0 0 547436 0 0 0 0 0
20.11 -547437 0 0 0 0 0 547437 0 0 0 0 0
20.12 -547439 0 0 0 0 0 547439 0 0 0 0 0
20.13 -547441 0 0 0 0 0 547441 0 0 0 0 0
20.14 -547443 0 0 0 0 0 547443 0 0 0 0 0
20.15 -547446 0 0 0 0 0 547446 0 0 0 0 0
20.16 -547449 0 0 0 0 0 547449 0 0 0 0 0
20.17 -547453 0 0 0 0 0 547453 0 0 0 0 0
20.18 -547456 0 0 0 0 0 547456 0 0 0 0 0
20.19 -547460 0 0 0 0 0 547460 0 0 0 0 0
20.2 -547463 0 0 0 0 0 547463 0 0 0 0 0
20.21 -547467 0 0 0 0 0 547467 0 0 0 0 0
20.22 -547471 0 0 0 0 0 547471 0 0 0 0 0
20.23 -547474 0 0 0 0 0 547474 0 0 0 0 0
20.24 -547478 0 0 0 0 0 547478 0 0 0 0 0
20.25 -547481 0 0 0 0 0 547481 0 0 0 0 0
20.26 -547484 0 0 0 0 0 547484 0 0 0 0 0
20.27 -547486 0 0 0 0 0 547486 0 0 0 0 0
20.28 -547488 0 0 0 0 0 547488 0 0 0 0 0
20.29 -547490 0 0 0 0 0 547490 0 0 0 0 0
20.3 -547491 0 0 0 0 0 547491 0 0 0 0 0
20.31 -547492 0 0 0 0 0 547492 0 0 0 0 0
20.32 -547492 0 0 0 0 0 547492 0 0 0 0 0
20.33 -547492 0 0 0 0 0 547492 0 0 0 0 0
20.34 -547491 0 0 0 0 0 547491 0 0 0 0 0
20.35 -547490 0 0 0 0 0 547490 0 0 0 0 0
20.36 -547488 0 0 0 0 0 547488 0 0 0 0 0
20.37 -547485 0 0 0 0 0 547485 0 0 0 0 0
20.38 -547482 0 0 0 0 0 547482 0 0 0 0 0
20.39 -547479 0 0 0 0 0 547479 0 0 0 0 0
20.4 -547475 0 0 0 0 0 547475 0 0 0 0 0
20.41 -547470 0 0 0 0 0 547470 0 0 0 0 0
20.42 -547465 0 0 0 0 0 547465 0 0 0 0 0
20.43 -547460 0 0 0 0 0 547460 0 0 0 0 0
20.44 -547454 0 0 0 0 0 547454 0 0 0 0 0
20.45 -547448 0 0 0 0 0 547448 0 0 0 0 0
20.46 -547442 0 0 0 0 0 547442 0 0 0 0 0
20.47 -547436 0 0 0 0 0 547436 0 0 0 0 0
20.48 -547429 0 0 0 0 0 547429 0 0 0 0 0
20.49 -547422 0 0 0 0 0 547422 0 0 0 0 0
20.5 -547415 0 0 0 0 0 547415 0 0 0 0 0
20.51 -547408 0 0 0 0 0 547408 0 0 0 0 0
20.52 -547401 0 0 0 0 0 547401 0 0 0 0 0
20.53 -547394 0 0 0 0 0 547394 0 0 0 0 0
20.54 -547388 0 0 0 0 0 547388 0 0 0 0 0
20.55 -547381 0 0 0 0 0 547381 0 0 0 0 0
20.56 -547375 0 0 0 0 0 547375 0 0 0 0 0
20.57 -547368 0 0 0 0 0 547368 0 0 0 0 0
20.58 -547362 0 0 0 0 0 547362 0 0 0 0 0
20.59 -547357 0 0 0 0 0 547357 0 0 0 0 0
20.6 -547352 0 0 0 0 0 547352 0 0 0 0 0
20.61 -547347 0 0 0 0 0 547347 0 0 0 0 0
20.62 -547342 0 0 0 0 0 547342 0 0 0 0 0
20.63 -547338 0 0 0 0 0 547338 0 0 0 0 0
20.64 -547334 0 0 0 0 0 547334 0 0 0 0 0
20.65 -547331 0 0 0 0 0 547331 0 0 0 0 0
20.66 -547328 0 0 0 0 0 547328 0 0 0 0 0
20.67 -547326 0 0 0 0 0 547326 0 0 0 0 0
20.68 -547323 0 0 0 0 0 547323 0 0 0 0 0
20.69 -547322 0 0 0 0 0 547322 0 0 0 0 0
20.7 -547320 0 0 0 0 0 547320 0 0 0 0 0
20.71 -547319 0 0 0 0 0 547319 0 0 0 0 0
20.72 -547318 0 0 0 0 0 547318 0 0 0 0 0
20.73 -547318 0 0 0 0 0 547318 0 0 0 0 0
20.74 -547317 0 0 0 0 0 547317 0 0 0 0 0
20.75 -547317 0 0 0 0 0 547317 0 0 0 0 0
20.76 -547318 0 0 0 0 0 547318 0 0 0 0 0
20.77 -547318 0 0 0 0 0 547318 0 0 0 0 0
20.78 -547319 0 0 0 0 0 547319 0 0 0 0 0
20.79 -547321 0 0 0 0 0 547321 0 0 0 0 0
20.8 -547322 0 0 0 0 0 547322 0 0 0 0 0
20.81 -547324 0 0 0 0 0 547324 0 0 0 0 0
20.82 -547326 0 0 0 0 0 547326 0 0 0 0 0
20.83 -547328 0 0 0 0 0 547328 0 0 0 0 0
20.84 -547331 0 0 0 0 0 547331 0 0 0 0 0
20.85 -547333 0 0 0 0 0 547333 0 0 0 0 0
20.86 -547336 0 0 0 0 0 547336 0 0 0 0 0
20.87 -547340 0 0 0 0 0 547340 0 0 0 0 0
20.88 -547343 0 0 0 0 0 547343 0 0 0 0 0
20.89 -547346 0 0 0 0 0 547346 0 0 0 0 0
20.9 -547350 0 0 0 0 0 547350 0 0 0 0 0
20.91 -547354 0 0 0 0 0 547354 0 0 0 0 0
20.92 -547358 0 0 0 0 0 547358 0 0 0 0 0
20.93 -547362 0 0 0 0 0 547362 0 0 0 0 0
20.94 -547366 0 0 0 0 0 547366 0 0 0 0 0
20.95 -547369 0 0 0 0 0 547369 0 0 0 0 0
20.96 -547373 0 0 0 0 0 547373 0 0 0 0 0
20.97 -547376 0 0 0 0 0 547376 0 0 0 0 0
20.98 -547380 0 0 0 0 0 547380 0 0 0 0 0
20.99 -547383 0 0 0 0 0 547383 0 0 0 0 0
21 -547385 0 0 0 0 0 547385 0 0 0 0 0
21.01 -547387 0 0 0 0 0 547387 0 0 0 0 0
21.02 -547389 0 0 0 0 0 547389 0 0 0 0 0
21.03 -547391 0 0 0 0 0 547391 0 0 0 0 0
21.04 -547392 0 0 0 0 0 547392 0 0 0 0 0
21.05 -547392 0 0 0 0 0 547392 0 0 0 0 0
21.06 -547392 0 0 0 0 0 547392 0 0 0 0 0
21.07 -547392 0 0 0 0 0 547392 0 0 0 0 0
21.08 -547391 0 0 0 0 0 547391 0 0 0 0 0
21.09 -547389 0 0 0 0 0 547389 0 0 0 0 0
21.1 -547388 0 0 0 0 0 547388 0 0 0 0 0
21.11 -547385 0 0 0 0 0 547385 0 0 0 0 0
21.12 -547383 0 0 0 0 0 547383 0 0 0 0 0
21.13 -547380 0 0 0 0 0 547380 0 0 0 0 0
21.14 -547377 0 0 0 0 0 547377 0 0 0 0 0
21.15 -547374 0 0 0 0 0 547374 0 0 0 0 0
21.16 -547371 0 0 0 0 0 547371 0 0 0 0 0
21.17 -547367 0 0 0 0 0 547367 0 0 0 0 0
21.18 -547364 0 0 0 0 0 547364 0 0 0 0 0
21.19 -547361 0 0 0 0 0 547361 0 0 0 0 0
21.2 -547358 0 0 0 0 0 547358 0 0 0 0 0
21.21 -547355 0 0 0 0 0 547355 0 0 0 0 0
21.22 -547352 0 0 0 0 0 547352 0 0 0 0 0
21.23 -547350 0 0 0 0 0 547350 0 0 0 0 0
21.24 -547347 0 0 0 0 0 547347 0 0 0 0 0
21.25 -547346 0 0 0 0 0 547346 0 0 0 0 0
21.26 -547344 0 0 0 0 0 547344 0 0 0 0 0
21.27 -547343 0 0 0 0 0 547343 0 0 0 0 0
21.28 -547342 0 0 0 0 0 547342 0 0 0 0 0
21.29 -547342 0 0 0 0 0 547342 0 0 0 0 0
21.3 -547342 0 0 0 0 0 547342 0 0 0 0 0
21.31 -547343 0 0 0 0 0 547343 0 0 0 0 0
21.32 -547344 0 0 0 0 0 547344 0 0 0 0 0
21.33 -547345 0 0 0 0 0 547345 0 0 0 0 0
21.34 -547347 0 0 0 0 0 547347 0 0 0 0 0
21.35 -547349 0 0 0 0 0 547349 0 0 0 0 0
21.36 -547351 0 0 0 0 0 547351 0 0 0 0 0
21.37 -547354 0 0 0 0 0 547354 0 0 0 0 0
21.38 -547357 0 0 0 0 0 547357 0 0 0 0 0
21.39 -547360 0 0 0 0 0 547360 0 0 0 0 0
21.4 -547364 0 0 0 0 0 547364 0 0 0 0 0
21.41 -547367 0 0 0 0 0 547367 0 0 0 0 0
21.42 -547371 0 0 0 0 0 547371 0 0 0 0 0
21.43 -547376 0 0 0 0 0 547376 0 0 0 0 0
21.44 -547380 0 0 0 0 0 547380 0 0 0 0 0
21.45 -547384 0 0 0 0 0 547384 0 0 0 0 0
21.46 -547389 0 0 0 0 0 547389 0 0 0 0 0
21.47 -547394 0 0 0 0 0 547394 0 0 0 0 0
21.48 -547398 0 0 0 0 0 547398 0 0 0 0 0
21.49 -547403 0 0 0 0 0 547403 0 0 0 0 0
21.5 -547408 0 0 0 0 0 547408 0 0 0 0 0
21.51 -547412 0 0 0 0 0 547412 0 0 0 0 0
21.52 -547417 0 0 0 0 0 547417 0 0 0 0 0
21.53 -547422 0 0 0 0 0 547422 0 0 0 0 0
21.54 -547426 0 0 0 0 0 547426 0 0 0 0 0
21.55 -547431 0 0 0 0 0 547431 0 0 0 0 0
21.56 -547435 0 0 0 0 0 547435 0 0 0 0 0
21.57 -547439 0 0 0 0 0 547439 0 0 0 0 0
21.58 -547443 0 0 0 0 0 547443 0 0 0 0 0
21.59 -547447 0 0 0 0 0 547447 0 0 0 0 0
21.6 -547450 0 0 0 0 0 547450 0 0 0 0 0
21.61 -547454 0 0 0 0 0 547454 0 0 0 0 0
21.62 -547457 0 0 0 0 0 547457 0 0 0 0 0
21.63 -547460 0 0 0 0 0 547460 0 0 0 0 0
21.64 -547462 0 0 0 0 0 547462 0 0 0 0 0
21.65 -547465 0 0 0 0 0 547465 0 0 0 0 0
21.66 -547467 0 0 0 0 0 547467 0 0 0 0 0
21.67 -547470 0 0 0 0 0 547470 0 0 0 0 0
21.68 -547472 0 0 0 0 0 547472 0 0 0 0 0
21.69 -547474 0 0 0 0 0 547474 0 0 0 0 0
21.7 -547476 0 0 0 0 0 547476 0 0 0 0 0
21.71 -547478 0 0 0 0 0 547478 0 0 0 0 0
21.72 -547480 0 0 0 0 0 547480 0 0 0 0 0
21.73 -547482 0 0 0 0 0 547482 0 0 0 0 0
21.74 -547484 0 0 0 0 0 547484 0 0 0 0 0
21.75 -547486 0 0 0 0 0 547486 0 0 0 0 0
21.76 -547489 0 0 0 0 0 547489 0 0 0 0 0
21.77 -547491 0 0 0 0 0 547491 0 0 0 0 0
21.78 -547494 0 0 0 0 0 547494 0 0 0 0 0
21.79 -547498 0 0 0 0 0 547498 0 0 0 0 0
21.8 -547501 0 0 0 0 0 547501 0 0 0 0 0
21.81 -547505 0 0 0 0 0 547505 0 0 0 0 0
21.82 -547510 0 0 0 0 0 547510 0 0 0 0 0
21.83 -547514 0 0 0 0 0 547514 0 0 0 0 0
21.84 -547520 0 0 0 0 0 547520 0 0 0 0 0
21.85 -547525 0 0 0 0 0 547525 0 0 0 0 0
21.86 -547531 0 0 0 0 0 547531 0 0 0 0 0
21.87 -547537 0 0 0 0 0 547537 0 0 0 0 0
21.88 -547543 0 0 0 0 0 547543 0 0 0 0 0
21.89 -547550 0 0 0 0 0 547550 0 0 0 0 0
21.9 -547557 0 0 0 0 0 547557 0 0 0 0 0
21.91 -547564 0 0 0 0 0 547564 0 0 0 0 0
21.92 -547571 0 0 0 0 0 547571 0 0 0 0 0
21.93 -547579 0 0 0 0 0 547579 0 0 0 0 0
21.94 -547586 0 0 0 0 0 547586 0 0 0 0 0
21.95 -547594 0 0 0 0 0 547594 0 0 0 0 0
21.96 -547602 0 0 0 0 0 547602 0 0 0 0 0
21.97 -547609 0 0 0 0 0 547609 0 0 0 0 0
21.98 -547616 0 0 0 0 0 547616 0 0 0 0 0
21.99 -547624 0 0 0 0 0 547624 0 0 0 0 0
22 -547631 0 0 0 0 0 547631 0 0 0 0 0
22.01 -547638 0 0 0 0 0 547638 0 0 0 0 0
22.02 -547645 0 0 0 0 0 547645 0 0 0 0 0
22.03 -547652 0 0 0 0 0 547652 0 0 0 0 0
22.04 -547658 0 0 0 0 0 547658 0 0 0 0 0
22.05 -547664 0 0 0 0 0 547664 0 0 0 0 0
22.06 -547670 0 0 0 0 0 547670 0 0 0 0 0
22.07 -547676 0 0 0 0 0 547676 0 0 0 0 0
22.08 -547682 0 0 0 0 0 547682 0 0 0 0 0
22.09 -547687 0 0 0 0 0 547687 0 0 0 0 0
22.1 -547692 0 0 0 0 0 547692 0 0 0 0 0
22.11 -547696 0 0 0 0 0 547696 0 0 0 0 0
22.12 -547701 0 0 0 0 0 547701 0 0 0 0 0
22.13 -547705 0 0 0 0 0 547705 0 0 0 0 0
22.14 -547708 0 0 0 0 0 547708 0 0 0 0 0
22.15 -547712 0 0 0 0 0 547712 0 0 0 0 0
22.16 -547715 0 0 0 0 0 547715 0 0 0 0 0
22.17 -547717 0 0 0 0 0 547717 0 0 0 0 0
22.18 -547720 0 0 0 0 0 547720 0 0 0 0 0
22.19 -547722 0 0 0 0 0 547722 0 0 0 0 0
22.2 -547724 0 0 0 0 0 547724 0 0 0 0 0
22.21 -547725 0 0 0 0 0 547725 0 0 0 0 0
22.22 -547727 0 0 0 0 0 547727 0 0 0 0 0
22.23 -547728 0 0 0 0 0 547728 0 0 0 0 0
22.24 -547728 0 0 0 0 0 547728 0 0 0 0 0
22.25 -547729 0 0 0 0 0 547729 0 0 0 0 0
22.26 -547729 0 0 0 0 0 547729 0 0 0 0 0
22.27 -547729 0 0 0 0 0 547729 0 0 0 0 0
22.28 -547730 0 0 0 0 0 547730 0 0 0 0 0
22.29 -547730 0 0 0 0 0 547730 0 0 0 0 0
22.3 -547729 0 0 0 0 0 547729 0 0 0 0 0
22.31 -547729 0 0 0 0 0 547729 0 0 0 0 0
22.32 -547729 0 0 0 0 0 547729 0 0 0 0 0
22.33 -547729 0 0 0 0 0 547729 0 0 0 0 0
22.34 -547729 0 0 0 0 0 547729 0 0 0 0 0
22.35 -547728 0 0 0 0 0 547728 0 0 0 0 0
22.36 -547728 0 0 0 0 0 547728 0 0 0 0 0
22.37 -547728 0 0 0 0 0 547728 0 0 0 0 0
22.38 -547728 0 0 0 0 0 547728 0 0 0 0 0
22.39 -547729 0 0 0 0 0 547729 0 0 0 0 0
22.4 -547729 0 0 0 0 0 547729 0 0 0 0 0
22.41 -547729 0 0 0 0 0 547729 0 0 0 0 0
22.42 -547730 0 0 0 0 0 547730 0 0 0 0 0
22.43 -547730 0 0 0 0 0 547730 0 0 0 0 0
22.44 -547731 0 0 0 0 0 547731 0 0 0 0 0
22.45 -547732 0 0 0 0 0 547732 0 0 0 0 0
22.46 -547733 0 0 0 0 0 547733 0 0 0 0 0
22.47 -547734 0 0 0 0 0 547734 0 0 0 0 0
22.48 -547736 0 0 0 0 0 547736 0 0 0 0 0
22.49 -547737 0 0 0 0 0 547737 0 0 0 0 0
22.5 -547739 0 0 0 0 0 547739 0 0 0 0 0
22.51 -547740 0 0 0 0 0 547740 0 0 0 0 0
22.52 -547742 0 0 0 0 0 547742 0 0 0 0 0
22.53 -547744 0 0 0 0 0 547744 0 0 0 0 0
22.54 -547746 0 0 0 0 0 547746 0 0 0 0 0
22.55 -547748 0 0 0 0 0 547748 0 0 0 0 0
22.56 -547750 0 0 0 0 0 547750 0 0 0 0 0
22.57 -547751 0 0 0 0 0 547751 0 0 0 0 0
22.58 -547753 0 0 0 0 0 547753 0 0 0 0 0
22.59 -547755 0 0 0 0 0 547755 0 0 0 0 0
22.6 -547757 0 0 0 0 0 547757 0 0 0 0 0
22.61 -547758 0 0 0 0 0 547758 0 0 0 0 0
22.62 -547760 0 0 0 0 0 547760 0 0 0 0 0
22.63 -547761 0 0 0 0 0 547761 0 0 0 0 0
22.64 -547763 0 0 0 0 0 547763 0 0 0 0 0
22.65 -547764 0 0 0 0 0 547764 0 0 0 0 0
22.66 -547765 0 0 0 0 0 547765 0 0 0 0 0
22.67 -547766 0 0 0 0 0 547766 0 0 0 0 0
22.68 -547767 0 0 0 0 0 547767 0 0 0 0 0
22.69 -547767 0 0 0 0 0 547767 0 0 0 0 0
22.7 -547767 0 0 0 0 0 547767 0 0 0 0 0
22.71 -547768 0 0 0 0 0 547768 0 0 0 0 0
22.72 -547768 0 0 0 0 0 547768 0 0 0 0 0
22.73 -547768 0 0 0 0 0 547768 0 0 0 0 0
22.74 -547767 0 0 0 0 0 547767 0 0 0 0 0
22.75 -547767 0 0 0 0 0 547767 0 0 0 0 0
22.76 -547766 0 0 0 0 0 547766 0 0 0 0 0
22.77 -547765 0 0 0 0 0 547765 0 0 0 0 0
22.78 -547764 0 0 0 0 0 547764 0 0 0 0 0
22.79 -547763 0 0 0 0 0 547763 0 0 0 0 0
22.8 -547761 0 0 0 0 0 547761 0 0 0 0 0
22.81 -547760 0 0 0 0 0 547760 0 0 0 0 0
22.82 -547758 0 0 0 0 0 547758 0 0 0 0 0
22.83 -547756 0 0 0 0 0 547756 0 0 0 0 0
22.84 -547754 0 0 0 0 0 547754 0 0 0 0 0
22.85 -547752 0 0 0 0 0 547752 0 0 0 0 0
22.86 -547750 0 0 0 0 0 547750 0 0 0 0 0
22.87 -547748 0 0 0 0 0 547748 0 0 0 0 0
22.88 -547746 0 0 0 0 0 547746 0 0 0 0 0
22.89 -547744 0 0 0 0 0 547744 0 0 0 0 0
22.9 -547742 0 0 0 0 0 547742 0 0 0 0 0
22.91 -547740 0 0 0 0 0 547740 0 0 0 0 0
22.92 -547738 0 0 0 0 0 547738 0 0 0 0 0
22.93 -547737 0 0 0 0 0 547737 0 0 0 0 0
22.94 -547735 0 0 0 0 0 547735 0 0 0 0 0
22.95 -547734 0 0 0 0 0 547734 0 0 0 0 0
22.96 -547732 0 0 0 0 0 547732 0 0 0 0 0
22.97 -547731 0 0 0 0 0 547731 0 0 0 0 0
22.98 -547730 0 0 0 0 0 547730 0 0 0 0 0
22.99 -547730 0 0 0 0 0 547730 0 0 0 0 0
23 -547729 0 0 0 0 0 547729 0 0 0 0 0
23.01 -547729 0 0 0 0 0 547729 0 0 0 0 0
23.02 -547729 0 0 0 0 0 547729 0 0 0 0 0
23.03 -547729 0 0 0 0 0 547729 0 0 0 0 0
23.04 -547728 0 0 0 0 0 547728 0 0 0 0 0
23.05 -547728 0 0 0 0 0 547728 0 0 0 0 0
23.06 -547728 0 0 0 0 0 547728 0 0 0 0 0
23.07 -547728 0 0 0 0 0 547728 0 0 0 0 0
23.08 -547728 0 0 0 0 0 547728 0 0 0 0 0
23.09 -547728 0 0 0 0 0 547728 0 0 0 0 0
23.1 -547727 0 0 0 0 0 547727 0 0 0 0 0
23.11 -547726 0 0 0 0 0 547726 0 0 0 0 0
23.12 -547725 0 0 0 0 0 547725 0 0 0 0 0
23.13 -547723 0 0 0 0 0 547723 0 0 0 0 0
23.14 -547721 0 0 0 0 0 547721 0 0 0 0 0
23.15 -547718 0 0 0 0 0 547718 0 0 0 0 0
23.16 -547715 0 0 0 0 0 547715 0 0 0 0 0
23.17 -547711 0 0 0 0 0 547711 0 0 0 0 0
23.18 -547706 0 0 0 0 0 547706 0 0 0 0 0
23.19 -547701 0 0 0 0 0 547701 0 0 0 0 0
23.2 -547696 0 0 0 0 0 547696 0 0 0 0 0
23.21 -547689 0 0 0 0 0 547689 0 0 0 0 0
23.22 -547682 0 0 0 0 0 547682 0 0 0 0 0
23.23 -547675 0 0 0 0 0 547675 0 0 0 0 0
23.24 -547667 0 0 0 0 0 547667 0 0 0 0 0
23.25 -547659 0 0 0 0 0 547659 0 0 0 0 0
23.26 -547650 0 0 0 0 0 547650 0 0 0 0 0
23.27 -547640 0 0 0 0 0 547640 0 0 0 0 0
23.28 -547631 0 0 0 0 0 547631 0 0 0 0 0
23.29 -547621 0 0 0 0 0 547621 0 0 0 0 0
23.3 -547610 0 0 0 0 0 547610 0 0 0 0 0
23.31 -547600 0 0 0 0 0 547600 0 0 0 0 0
23.32 -547590 0 0 0 0 0 547590 0 0 0 0 0
23.33 -547580 0 0 0 0 0 547580 0 0 0 0 0
23.34 -547569 0 0 0 0 0 547569 0 0 0 0 0
23.35 -547559 0 0 0 0 0 547559 0 0 0 0 0
23.36 -547549 0 0 0 0 0 547549 0 0 0 0 0
23.37 -547540 0 0 0 0 0 547540 0 0 0 0 0
23.38 -547531 0 0 0 0 0 547531 0 0 0 0 0
23.39 -547522 0 0 0 0 0 547522 0 0 0 0 0
23.4 -547513 0 0 0 0 0 547513 0 0 0 0 0
23.41 -547505 0 0 0 0 0 547505 0 0 0 0 0
23.42 -547498 0 0 0 0 0 547498 0 0 0 0 0
23.43 -547491 0 0 0 0 0 547491 0 0 0 0 0
23.44 -547484 0 0 0 0 0 547484 0 0 0 0 0
23.45 -547478 0 0 0 0 0 547478 0 0 0 0 0
23.46 -547473 0 0 0 0 0 547473 0 0 0 0 0
23.47 -547468 0 0 0 0 0 547468 0 0 0 0 0
23.48 -547463 0 0 0 0 0 547463 0 0 0 0 0
23.49 -547459 0 0 0 0 0 547459 0 0 0 0 0
23.5 -547455 0 0 0 0 0 547455 0 0 0 0 0
23.51 -547452 0 0 0 0 0 547452 0 0 0 0 0
23.52 -547449 0 0 0 0 0 547449 0 0 0 0 0
23.53 -547447 0 0 0 0 0 547447 0 0 0 0 0
23.54 -547445 0 0 0 0 0 547445 0 0 0 0 0
23.55 -547443 0 0 0 0 0 547443 0 0 0 0 0
23.56 -547442 0 0 0 0 0 547442 0 0 0 0 0
23.57 -547441 0 0 0 0 0 547441 0 0 0 0 0
23.58 -547440 0 0 0 0 0 547440 0 0 0 0 0
23.59 -547440 0 0 0 0 0 547440 0 0 0 0 0
23.6 -547440 0 0 0 0 0 547440 0 0 0 0 0
23.61 -547440 0 0 0 0 0 547440 0 0 0 0 0
23.62 -547440 0 0 0 0 0 547440 0 0 0 0 0
23.63 -547440 0 0 0 0 0 547440 0 0 0 0 0
23.64 -547440 0 0 0 0 0 547440 0 0 0 0 0
23.65 -547441 0 0 0 0 0 547441 0 0 0 0 0
23.66 -547441 0 0 0 0 0 547441 0 0 0 0 0
23.67 -547442 0 0 0 0 0 547442 0 0 0 0 0
23.68 -547442 0 0 0 0 0 547442 0 0 0 0 0
23.69 -547443 0 0 0 0 0 547443 0 0 0 0 0
23.7 -547443 0 0 0 0 0 547443 0 0 0 0 0
23.71 -547444 0 0 0 0 0 547444 0 0 0 0 0
23.72 -547444 0 0 0 0 0 547444 0 0 0 0 0
23.73 -547444 0 0 0 0 0 547444 0 0 0 0 0
23.74 -547443 0 0 0 0 0 547443 0 0 0 0 0
23.75 -547443 0 0 0 0 0 547443 0 0 0 0 0
23.76 -547442 0 0 0 0 0 547442 0 0 0 0 0
23.77 -547441 0 0 0 0 0 547441 0 0 0 0 0
23.78 -547440 0 0 0 0 0 547440 0 0 0 0 0
23.79 -547438 0 0 0 0 0 547438 0 0 0 0 0
23.8 -547437 0 0 0 0 0 547437 0 0 0 0 0
23.81 -547434 0 0 0 0 0 547434 0 0 0 0 0
23.82 -547432 0 0 0 0 0 547432 0 0 0 0 0
23.83 -547430 0 0 0 0 0 547430 0 0 0 0 0
23.84 -547427 0 0 0 0 0 547427 0 0 0 0 0
23.85 -547424 0 0 0 0 0 547424 0 0 0 0 0
23.86 -547420 0 0 0 0 0 547420 0 0 0 0 0
23.87 -547417 0 0 0 0 0 547417 0 0 0 0 0
23.88 -547413 0 0 0 0 0 547413 0 0 0 0 0
23.89 -547409 0 0 0 0 0 547409 0 0 0 0 0
23.9 -547405 0 0 0 0 0 547405 0 0 0 0 0
23.91 -547401 0 0 0 0 0 547401 0 0 0 0 0
23.92 -547397 0 0 0 0 0 547397 0 0 0 0 0
23.93 -547393 0 0 0 0 0 547393 0 0 0 0 0
23.94 -547389 0 0 0 0 0 547389 0 0 0 0 0
23.95 -547385 0 0 0 0 0 547385 0 0 0 0 0
23.96 -547381 0 0 0 0 0 547381 0 0 0 0 0
23.97 -547377 0 0 0 0 0 547377 0 0 0 0 0
23.98 -547373 0 0 0 0 0 547373 0 0 0 0 0
23.99 -547369 0 0 0 0 0 547369 0 0 0 0 0
24 -547365 0 0 0 0 0 547365 0 0 0 0 0
24.01 -547361 0 0 0 0 0 547361 0 0 0 0 0
24.02 -547357 0 0 0 0 0 547357 0 0 0 0 0
24.03 -547354 0 0 0 0 0 547354 0 0 0 0 0
24.04 -547351 0 0 0 0 0 547351 0 0 0 0 0
24.05 -547348 0 0 0 0 0 547348 0 0 0 0 0
24.06 -547345 0 0 0 0 0 547345 0 0 0 0 0
24.07 -547343 0 0 0 0 0 547343 0 0 0 0 0
24.08 -547341 0 0 0 0 0 547341 0 0 0 0 0
24.09 -547339 0 0 0 0 0 547339 0 0 0 0 0
24.1 -547337 0 0 0 0 0 547337 0 0 0 0 0
24.11 -547336 0 0 0 0 0 547336 0 0 0 0 0
24.12 -547335 0 0 0 0 0 547335 0 0 0 0 0
24.13 -547335 0 0 0 0 0 547335 0 0 0 0 0
24.14 -547334 0 0 0 0 0 547334 0 0 0 0 0
24.15 -547334 0 0 0 0 0 547334 0 0 0 0 0
24.16 -547335 0 0 0 0 0 547335 0 0 0 0 0
24.17 -547335 0 0 0 0 0 547335 0 0 0 0 0
24.18 -547336 0 0 0 0 0 547336 0 0 0 0 0
24.19 -547337 0 0 0 0 0 547337 0 0 0 0 0
24.2 -547338 0 0 0 0 0 547338 0 0 0 0 0
24.21 -547339 0 0 0 0 0 547339 0 0 0 0 0
24.22 -547340 0 0 0 0 0 547340 0 0 0 0 0
24.23 -547341 0 0 0 0 0 547341 0 0 0 0 0
24.24 -547342 0 0 0 0 0 547342 0 0 0 0 0
24.25 -547344 0 0 0 0 0 547344 0 0 0 0 0
24.26 -547345 0 0 0 0 0 547345 0 0 0 0 0
24.27 -547346 0 0 0 0 0 547346 0 0 0 0 0
24.28 -547347 0 0 0 0 0 547347 0 0 0 0 0
24.29 -547348 0 0 0 0 0 547348 0 0 0 0 0
24.3 -547348 0 0 0 0 0 547348 0 0 0 0 0
24.31 -547349 0 0 0 0 0 547349 0 0 0 0 0
24.32 -547349 0 0 0 0 0 547349 0 0 0 0 0
24.33 -547350 0 0 0 0 0 547350 0 0 0 0 0
24.34 -547350 0 0 0 0 0 547350 0 0 0 0 0
24.35 -547350 0 0 0 0 0 547350 0 0 0 0 0
24.36 -547350 0 0 0 0 0 547350 0 0 0 0 0
24.37 -547349 0 0 0 0 0 547349 0 0 0 0 0
24.38 -547349 0 0 0 0 0 547349 0 0 0 0 0
24.39 -547349 0 0 0 0 0 547349 0 0 0 0 0
24.4 -547348 0 0 0 0 0 547348 0 0 0 0 0
24.41 -547348 0 0 0 0 0 547348 0 0 0 0 0
24.42 -547348 0 0 0 0 0 547348 0 0 0 0 0
24.43 -547347 0 0 0 0 0 547347 0 0 0 0 0
24.44 -547347 0 0 0 0 0 547347 0 0 0 0 0
24.45 -547347 0 0 0 0 0 547347 0 0 0 0 0
24.46 -547347 0 0 0 0 0 547347 0 0 0 0 0
24.47 -547347 0 0 0 0 0 547347 0 0 0 0 0
24.48 -547347 0 0 0 0 0 547347 0 0 0 0 0
24.49 -547348 0 0 0 0 0 547348 0 0 0 0 0
24.5 -547349 0 0 0 0 0 547349 0 0 0 0 0
24.51 -547350 0 0 0 0 0 547350 0 0 0 0 0
24.52 -547351 0 0 0 0 0 547351 0 0 0 0 0
24.53 -547353 0 0 0 0 0 547353 0 0 0 0 0
24.54 -547354 0 0 0 0 0 547354 0 0 0 0 0
24.55 -547356 0 0 0 0 0 547356 0 0 0 0 0
24.56 -547359 0 0 0 0 0 547359 0 0 0 0 0
24.57 -547361 0 0 0 0 0 547361 0 0 0 0 0
24.58 -547364 0 0 0 0 0 547364 0 0 0 0 0
24.59 -547367 0 0 0 0 0 547367 0 0 0 0 0
24.6 -547370 0 0 0 0 0 547370 0 0 0 0 0
24.61 -547374 0 0 0 0 0 547374 0 0 0 0 0
24.62 -547377 0 0 0 0 0 547377 0 0 0 0 0
24.63 -547381 0 0 0 0 0 547381 0 0 0 0 0
24.64 -547385 0 0 0 0 0 547385 0 0 0 0 0
24.65 -547389 0 0 0 0 0 547389 0 0 0 0 0
24.66 -547393 0 0 0 0 0 547393 0 0 0 0 0
24.67 -547397 0 0 0 0 0 547397 0 0 0 0 0
24.68 -547402 0 0 0 0 0 547402 0 0 0 0 0
24.69 -547406 0 0 0 0 0 547406 0 0 0 0 0
24.7 -547411 0 0 0 0 0 547411 0 0 0 0 0
24.71 -547416 0 0 0 0 0 547416 0 0 0 0 0
24.72 -547420 0 0 0 0 0 547420 0 0 0 0 0
24.73 -547425 0 0 0 0 0 547425 0 0 0 0 0
24.74 -547430 0 0 0 0 0 547430 0 0 0 0 0
24.75 -547435 0 0 0 0 0 547435 0 0 0 0 0
24.76 -547440 0 0 0 0 0 547440 0 0 0 0 0
24.77 -547444 0 0 0 0 0 547444 0 0 0 0 0
24.78 -547449 0 0 0 0 0 547449 0 0 0 0 0
24.79 -547454 0 0 0 0 0 547454 0 0 0 0 0
24.8 -547459 0 0 0 0 0 547459 0 0 0 0 0
24.81 -547464 0 0 0 0 0 547464 0 0 0 0 0
24.82 -547469 0 0 0 0 0 547469 0 0 0 0 0
24.83 -547473 0 0 0 0 0 547473 0 0 0 0 0
24.84 -547478 0 0 0 0 0 547478 0 0 0 0 0
24.85 -547483 0 0 0 0 0 547483 0 0 0 0 0
24.86 -547488 0 0 0 0 0 547488 0 0 0 0 0
24.87 -547492 0 0 0 0 0 547492 0 0 0 0 0
24.88 -547497 0 0 0 0 0 547497 0 0 0 0 0
24.89 -547502 0 0 0 0 0 547502 0 0 0 0 0
24.9 -547506 0 0 0 0 0 547506 0 0 0 0 0
24.91 -547511 0 0 0 0 0 547511 0 0 0 0 0
24.92 -547515 0 0 0 0 0 547515 0 0 0 0 0
24.93 -547520 0 0 0 0 0 547520 0 0 0 0 0
24.94 -547524 0 0 0 0 0 547524 0 0 0 0 0
24.95 -547528 0 0 0 0 0 547528 0 0 0 0 0
24.96 -547532 0 0 0 0 0 547532 0 0 0 0 0
24.97 -547536 0 0 0 0 0 547536 0 0 0 0 0
24.98 -547540 0 0 0 0 0 547540 0 0 0 0 0
24.99 -547544 0 0 0 0 0 547544 0 0 0 0 0
25 -547547 0 0 0 0 0 547547 0 0 0 0 0
