Time,GM1,GM2,GM3,GM4,GM5,GM6,GM7,GM8,GM9,GM10,GM11,GM12,GM13,GM14,GM15,GM16,GM17,GM18,GM19,GM20,GM21,GM22,GM23,GM24,GM25,GM26,GM27,GM28,GM29,GM30,GM31,GM32,GM33,GM34,GM35,GM36,GM37,GM38,GM39,GM40
0.01,0.00031091,0.00052912,0.00050342,0.00033373,0.00059901,0.00022238,0.00035044,0.00056581,0.00040288,0.00056041,0.00057799,0.00061199,0.00059053,0.00060533,0.00079372,0.00035005,0.00077591,0.00098835,0.00020984,0.00039665,0.00049876,0.00036813,0.00092095,0.0004715,0.00048517,0.00088872,0.00034558,0.0006675,0.00028087,0.00052957,0.00043456,0.00078868,0.00044299,0.00046117,0.00025852,0.00039589,0.0005976,0.00036415,0.00032485,0.00024997
0.02,0.0012519,0.0022794,0.0037755,0.0013727,0.0024979,0.00090189,0.0014756,0.0024285,0.0016107,0.0022386,0.0023304,0.0025091,0.0023309,0.0024257,0.00319,0.00141,0.0031575,0.0039619,0.00087068,0.0015943,0.0027776,0.001475,0.0036947,0.0019092,0.0018866,0.0036156,0.001389,0.0026984,0.0012526,0.0021377,0.0017421,0.0034385,0.0018936,0.0018666,0.0010346,0.0017236,0.002861,0.0014684,0.0013004,0.0010055
0.03,0.0029114,0.0056317,0.010141,0.0030379,0.0061787,0.0020395,0.0039073,0.0058273,0.0036474,0.0051007,0.0054454,0.0056167,0.0058002,0.0054892,0.0078229,0.0031496,0.0073508,0.0089673,0.0021513,0.0036786,0.007422,0.0033271,0.0083166,0.0044223,0.0045698,0.0080286,0.0032233,0.0060445,0.003953,0.0055804,0.0039884,0.00778,0.0046869,0.0057831,0.002464,0.0040007,0.0067167,0.0033257,0.0029765,0.0022682
0.04,0.0049669,0.011709,0.012038,0.0055191,0.010323,0.00401,0.0071389,0.014271,0.0065822,0.009079,0.009861,0.010185,0.010005,0.0098089,0.013602,0.0056682,0.013439,0.016142,0.0038527,0.0063235,0.016205,0.0060012,0.015322,0.0085331,0.0079823,0.015278,0.0067506,0.011316,0.009591,0.01249,0.0072303,0.01768,0.0092224,0.010223,0.0044659,0.0080646,0.010712,0.0059668,0.005398,0.004504
0.05,0.0079818,0.021289,0.030142,0.0086667,0.016541,0.0065471,0.0087989,0.026026,0.01035,0.014286,0.015378,0.017244,0.015168,0.015418,0.026046,0.0090919,0.0217,0.026276,0.00669,0.010254,0.017579,0.0096652,0.024574,0.013004,0.01309,0.024484,0.0094945,0.018672,0.017343,0.021597,0.011396,0.035822,0.014452,0.017412,0.0077161,0.012518,0.02136,0.0093389,0.0094681,0.0075974
0.06,0.011407,0.03283,0.04655,0.012357,0.03772,0.011007,0.012433,0.049057,0.015049,0.020928,0.023828,0.027608,0.023539,0.02229,0.036501,0.013421,0.032106,0.038469,0.011167,0.014947,0.03697,0.014947,0.039996,0.018436,0.019839,0.037199,0.013629,0.027982,0.023003,0.027327,0.016095,0.033953,0.019647,0.039718,0.010539,0.019623,0.023516,0.013698,0.012156,0.012721
0.07,0.018035,0.044074,0.043791,0.01719,0.046411,0.015991,0.019641,0.063028,0.020647,0.030522,0.038749,0.038984,0.036025,0.031551,0.051919,0.018489,0.044076,0.054643,0.021286,0.020234,0.051075,0.018965,0.059208,0.028731,0.024936,0.045238,0.020461,0.040173,0.036165,0.040035,0.023712,0.049216,0.022989,0.054186,0.016026,0.022388,0.04448,0.018306,0.018577,0.015779
0.08,0.023319,0.057391,0.065511,0.023176,0.072563,0.023099,0.026576,0.082107,0.027386,0.04976,0.054576,0.058729,0.056299,0.041114,0.073158,0.024626,0.06122,0.073608,0.024766,0.028454,0.06894,0.02862,0.085878,0.035685,0.035938,0.081536,0.02806,0.052376,0.058346,0.05439,0.038096,0.052105,0.037383,0.089964,0.022018,0.0309,0.059356,0.025788,0.026492,0.024722
0.09,0.02869,0.083535,0.086438,0.027787,0.082597,0.025422,0.029078,0.085937,0.035178,0.055981,0.071633,0.077428,0.078463,0.057101,0.09859,0.029519,0.078706,0.094961,0.03281,0.041365,0.07969,0.042669,0.092826,0.054359,0.045557,0.096828,0.037681,0.069352,0.10354,0.072,0.045844,0.090735,0.064353,0.099288,0.025994,0.046865,0.089827,0.033827,0.043079,0.045168
0.1,0.034618,0.11761,0.12435,0.038048,0.1245,0.038202,0.045321,0.11482,0.044755,0.073975,0.092121,0.080298,0.10335,0.076475,0.11578,0.037496,0.10027,0.12046,0.051703,0.056563,0.11632,0.054119,0.10406,0.07043,0.059107,0.12801,0.042678,0.088034,0.09894,0.088654,0.062104,0.12016,0.072023,0.12909,0.031917,0.049654,0.11504,0.044605,0.051521,0.055803
0.11,0.044512,0.1436,0.14116,0.049887,0.1422,0.047788,0.06814,0.12441,0.052468,0.10085,0.13463,0.10149,0.10655,0.11074,0.14333,0.046379,0.12134,0.13274,0.067284,0.058528,0.1683,0.066871,0.15406,0.087917,0.069442,0.16762,0.067917,0.10278,0.098338,0.11546,0.085163,0.13209,0.076327,0.12921,0.036697,0.070076,0.13665,0.052652,0.061817,0.065624
0.12,0.051936,0.16406,0.13576,0.059919,0.15668,0.063644,0.094186,0.12158,0.067072,0.11547,0.16054,0.11815,0.1212,0.13226,0.16035,0.054785,0.14417,0.16224,0.056023,0.071556,0.19701,0.081254,0.20777,0.10916,0.076225,0.23235,0.069437,0.12484,0.091788,0.1325,0.11012,0.16389,0.10841,0.11539,0.052886,0.095473,0.16143,0.068241,0.090552,0.073061
0.13,0.0621,0.18312,0.11215,0.069495,0.12274,0.076333,0.13339,0.16905,0.080826,0.1456,0.19271,0.16328,0.14048,0.15735,0.17398,0.067831,0.17911,0.20012,0.057431,0.099162,0.27954,0.098234,0.24783,0.14822,0.095892,0.31321,0.076901,0.13866,0.099317,0.1657,0.1653,0.20747,0.15783,0.1547,0.067677,0.1328,0.20599,0.075957,0.12823,0.09868
0.14,0.078201,0.21418,0.1028,0.078895,0.16408,0.10181,0.15117,0.23187,0.083577,0.14498,0.2572,0.1567,0.15224,0.20207,0.19901,0.078325,0.21253,0.27419,0.074219,0.12803,0.37637,0.098138,0.27994,0.1555,0.10623,0.34725,0.099946,0.17962,0.095508,0.18387,0.20352,0.2472,0.18895,0.16089,0.081324,0.12374,0.19027,0.091978,0.12749,0.11389
0.15,0.093813,0.2435,0.11346,0.097216,0.20185,0.13039,0.18581,0.34606,0.1057,0.16701,0.27491,0.16472,0.17524,0.21564,0.23035,0.094752,0.22938,0.32507,0.10995,0.15745,0.46458,0.10916,0.29799,0.16975,0.11486,0.29185,0.11134,0.20417,0.10835,0.24152,0.24,0.29945,0.24292,0.1721,0.096171,0.15352,0.27281,0.11504,0.17469,0.14037
0.16,0.11196,0.30368,0.13239,0.11533,0.28242,0.13976,0.19495,0.43636,0.13263,0.21758,0.3523,0.18466,0.19066,0.27305,0.2697,0.10992,0.26954,0.34871,0.12867,0.15203,0.45681,0.12153,0.35812,0.1764,0.12807,0.34634,0.12236,0.22783,0.13122,0.24635,0.25777,0.34134,0.26396,0.19569,0.13593,0.18715,0.38401,0.11911,0.18587,0.13777
0.17,0.12531,0.34337,0.16978,0.12319,0.34419,0.14962,0.22504,0.43057,0.17573,0.29434,0.44408,0.23834,0.21682,0.33222,0.30515,0.12585,0.26181,0.47225,0.13522,0.164,0.5515,0.12273,0.51754,0.27103,0.1452,0.43698,0.13881,0.24467,0.16069,0.29063,0.30451,0.33914,0.27475,0.18058,0.15209,0.21118,0.45385,0.13593,0.18225,0.1222
0.18,0.14316,0.38641,0.18697,0.16441,0.37945,0.17953,0.28833,0.4476,0.22151,0.36061,0.44303,0.30737,0.29903,0.37833,0.33926,0.14391,0.33101,0.60341,0.15659,0.17394,0.55984,0.17985,0.67478,0.25083,0.15594,0.54529,0.1485,0.30817,0.15688,0.33393,0.33016,0.35436,0.28245,0.1577,0.1643,0.20847,0.52211,0.17685,0.24832,0.1321
0.19,0.15822,0.42606,0.21111,0.18985,0.42082,0.21023,0.33857,0.46007,0.2332,0.38444,0.41382,0.3632,0.33058,0.50071,0.41049,0.16108,0.34948,0.65062,0.19186,0.20087,0.61342,0.20466,0.67534,0.24771,0.18115,0.55865,0.20314,0.38413,0.18536,0.36564,0.33154,0.33258,0.2937,0.17939,0.19442,0.22843,0.5618,0.19843,0.32532,0.18049
0.2,0.18529,0.45854,0.25346,0.21208,0.42441,0.27027,0.35968,0.46756,0.22301,0.44594,0.48868,0.41752,0.33837,0.58482,0.41103,0.18154,0.41308,0.63772,0.24396,0.21547,0.59347,0.23915,0.63208,0.22966,0.19685,0.56291,0.24382,0.46311,0.18726,0.42143,0.38814,0.44273,0.33635,0.18447,0.19713,0.25955,0.56528,0.24985,0.39416,0.20132
0.21,0.21419,0.5183,0.28506,0.22947,0.3936,0.2665,0.38243,0.40145,0.24658,0.49615,0.65112,0.44554,0.37823,0.63144,0.56241,0.202,0.50998,0.68869,0.26818,0.27566,0.55774,0.3065,0.65718,0.24262,0.21134,0.59438,0.28673,0.48789,0.21964,0.53625,0.44312,0.59756,0.42512,0.16926,0.27386,0.27078,0.55312,0.29775,0.40653,0.24618
0.22,0.25486,0.57365,0.31869,0.24571,0.39315,0.25409,0.44745,0.43949,0.27411,0.47705,0.78621,0.44663,0.42014,0.63379,0.76679,0.25888,0.57522,0.84021,0.29202,0.34845,0.61462,0.36558,0.66359,0.26519,0.23681,0.74944,0.31956,0.48007,0.2216,0.48083,0.52525,0.67195,0.47762,0.19499,0.40991,0.30001,0.57598,0.32331,0.47896,0.2428
0.23,0.26723,0.61823,0.39255,0.32555,0.41851,0.27187,0.4228,0.47092,0.29442,0.59001,0.98697,0.46896,0.45699,0.65271,0.95831,0.28073,0.59848,0.99227,0.31686,0.43286,0.62608,0.42875,0.75232,0.295,0.2603,0.94707,0.34423,0.49147,0.25945,0.58686,0.67902,0.69486,0.55167,0.21366,0.49711,0.32756,0.57872,0.34603,0.55788,0.24515
0.24,0.29621,0.6598,0.47035,0.33626,0.4674,0.30336,0.37848,0.56101,0.29931,0.65499,1.163,0.51676,0.4848,0.68176,1.1404,0.28389,0.5516,1.0643,0.33318,0.49567,0.66345,0.49551,0.87215,0.33159,0.27427,0.98825,0.35686,0.59473,0.31339,0.72973,0.83577,0.65395,0.67661,0.2645,0.50909,0.31629,0.58197,0.36376,0.60211,0.29724
0.25,0.34765,0.69656,0.54747,0.31541,0.52608,0.35115,0.39491,0.76835,0.37091,0.68599,1.3262,0.60129,0.50997,0.71074,1.2372,0.32509,0.5404,1.0807,0.42635,0.53618,0.73843,0.56561,1.0545,0.31918,0.28794,1.0547,0.45478,0.71745,0.33468,0.80334,1.0573,0.53825,0.8842,0.33296,0.4976,0.30928,0.5846,0.39122,0.56101,0.3154
0.26,0.40128,0.73132,0.56007,0.40241,0.57011,0.40759,0.44521,0.92822,0.40456,0.86556,1.5987,0.67884,0.57978,0.79341,1.2018,0.38371,0.63986,1.1043,0.45277,0.57517,0.77054,0.64897,1.2052,0.36305,0.31693,1.1277,0.55672,0.78288,0.36154,0.81719,1.2439,0.60453,1.0704,0.39566,0.55907,0.34309,0.67201,0.45407,0.47328,0.31809
0.27,0.45649,0.76699,0.53296,0.51012,0.61941,0.45508,0.50066,0.98614,0.46655,1.0314,1.805,0.72457,0.63876,0.87506,1.1806,0.40816,0.79708,1.1717,0.47169,0.72615,0.78467,0.71882,1.3648,0.3972,0.3843,1.1627,0.55721,0.85949,0.42384,0.83626,1.4817,0.80527,1.2148,0.41967,0.63169,0.35646,0.7278,0.51906,0.55006,0.34627
0.28,0.50579,0.79967,0.5699,0.54496,0.6714,0.47439,0.49906,1.076,0.57682,1.1302,1.949,0.73103,0.69252,0.94131,1.3072,0.39557,0.9242,1.2426,0.4879,0.82571,0.85008,0.73699,1.4884,0.43939,0.43832,1.2036,0.60888,0.9174,0.40436,0.86073,1.6059,0.86777,1.2299,0.42706,0.70551,0.41186,0.75336,0.57762,0.58546,0.37324
0.29,0.54598,0.82647,0.6184,0.52297,0.72758,0.52159,0.46144,1.2035,0.71151,1.1293,2.0662,0.80209,0.79931,0.98427,1.4385,0.40733,0.89849,1.3527,0.48611,0.95582,0.92198,0.73112,1.489,0.49687,0.46097,1.2455,0.63857,0.89667,0.40028,0.87555,1.6613,0.90425,1.1204,0.45569,0.76335,0.49537,0.7579,0.67685,0.64831,0.43915
0.3,0.56195,0.85401,0.76266,0.54665,0.80257,0.55325,0.53188,1.3219,0.80472,1.2254,2.1097,0.89167,0.98817,1.0953,1.5234,0.41638,0.82147,1.543,0.47305,1.1022,0.98684,0.78923,1.5321,0.51458,0.46015,1.2479,0.64417,0.93376,0.46866,0.94764,1.8658,1.0019,0.95295,0.49322,0.79791,0.61074,0.75734,0.78211,0.61824,0.48119
0.31,0.56898,0.88694,0.85068,0.6232,0.88766,0.62651,0.61906,1.4177,0.8101,1.5366,2.4597,0.91167,1.114,1.2366,1.5389,0.4455,0.84511,1.6407,0.4346,1.2114,1.0449,0.88871,1.756,0.53721,0.48308,1.1203,0.71285,0.93157,0.55714,1.0118,2.0449,1.0896,0.92556,0.52458,0.81081,0.74876,0.79146,0.90944,0.62263,0.5711
0.32,0.5803,0.93558,0.86765,0.70881,0.97351,0.72843,0.65503,1.4379,0.78834,1.7957,2.5926,0.98535,1.2051,1.3313,1.4917,0.50841,0.82558,1.645,0.41986,1.2567,1.1331,0.93938,1.9903,0.61221,0.51987,1.0103,0.77166,0.914,0.64168,1.1305,2.0161,1.1149,0.91558,0.56808,0.87958,0.83121,0.77755,1.0966,0.62217,0.64474
0.33,0.59292,1.1885,0.83757,0.74539,1.0586,0.84443,0.70596,1.2866,0.87276,2.0253,2.5515,1.0087,1.2607,1.4035,1.5036,0.58034,1.0255,1.6969,0.44658,1.3355,1.2629,0.93278,2.1341,0.6933,0.59247,1.1275,0.90485,1.0911,0.66459,1.2884,1.9877,1.0986,1.0155,0.63145,0.92195,0.82203,0.80442,1.2416,0.72125,0.84012
0.34,0.61284,1.4433,0.81835,0.71602,1.1363,0.94958,0.69359,1.2401,1.0373,2.4344,2.4131,1.0603,1.2684,1.5211,1.5243,0.64682,1.2018,1.6928,0.49672,1.5406,1.3923,0.87507,2.2609,0.74454,0.67191,1.1138,0.98638,1.2412,0.68632,1.3552,1.9668,1.0359,1.131,0.6912,0.94356,0.83098,0.79836,1.2981,0.77617,0.95579
0.35,0.63676,1.5289,0.83896,0.65731,1.1945,1.0359,0.65384,1.3281,1.174,2.8047,2.2269,1.1255,1.3132,1.7105,1.6151,0.69749,1.3268,1.7171,0.52224,1.7276,1.4521,0.89716,2.4458,0.76216,0.72547,1.2803,1.0653,1.312,0.62821,1.2897,2.0025,1.0751,1.2786,0.72819,0.968,0.80496,0.802,1.249,0.85638,0.96573
0.36,0.65994,1.4607,0.86513,0.60942,1.2291,1.1214,0.65173,1.394,1.266,2.9197,2.0143,1.2044,1.3889,2.0004,1.8596,0.75044,1.3416,1.9311,0.56831,1.8866,1.5163,0.92272,2.664,0.77068,0.77017,1.383,1.2086,1.3461,0.62355,1.2892,2.1789,1.1855,1.3995,0.77978,1.03,0.74509,0.85188,1.2313,0.94185,0.9806
0.37,0.72131,1.3567,0.85583,0.58121,1.251,1.2027,0.69685,1.428,1.3443,2.8596,1.8882,1.3514,1.4568,2.2478,2.2909,0.78952,1.3018,2.2931,0.64279,2.0119,1.5355,0.94409,2.8572,0.81254,0.82465,1.4587,1.3598,1.5174,0.69562,1.3243,2.3592,1.3424,1.4476,0.95162,1.0248,0.67581,0.94687,1.2216,0.99694,1.0194
0.38,0.78374,1.3246,0.82005,0.57701,1.2749,1.2523,0.77461,1.5491,1.4286,2.721,1.8935,1.4698,1.5697,2.5284,2.5091,0.83092,1.2679,2.6167,0.7387,2.1447,1.5901,0.96432,3.014,0.92007,0.8886,1.6862,1.5464,1.6717,0.81638,1.3959,2.5491,1.4826,1.4232,1.1001,1.0467,0.69409,1.0541,1.2152,1.0374,0.95865
0.39,0.84359,1.372,0.84665,0.59874,1.3088,1.2613,0.85929,1.7845,1.5034,2.4744,1.9762,1.5583,1.6767,2.6556,2.6059,0.84964,1.2207,2.9214,0.83237,2.5888,1.6251,0.98146,3.1649,1.0424,0.96651,1.8938,1.6179,1.6855,0.9483,1.4155,2.7231,1.5413,1.3438,1.1496,1.1199,0.73157,1.147,1.2867,1.0523,0.9005
0.4,0.91945,1.4245,0.81331,0.6281,1.3539,1.2457,0.90849,2.047,1.5226,2.1204,2.0265,1.6096,1.7872,2.536,2.7496,0.8672,1.2276,3.1661,0.88152,2.931,1.6547,0.99405,3.3319,1.1014,1.0534,2.0303,1.5976,1.6354,1.0959,1.4745,2.8563,1.6782,1.2782,1.1295,1.2377,0.76779,1.2142,1.411,1.0482,0.97544
0.41,0.99703,1.4074,0.79684,0.71852,1.4105,1.2224,0.90493,2.2577,1.4467,1.8115,2.0754,1.703,1.8835,2.5747,2.7956,0.91104,1.2622,3.4017,0.89217,3.1461,1.6503,1.0603,3.5042,1.1352,1.1166,2.1634,1.5695,1.5667,1.1711,1.5305,3.009,1.9445,1.2723,1.0841,1.3894,0.79503,1.4201,1.4919,1.185,1.0979
0.42,1.0475,1.42,0.91034,0.78,1.473,1.211,0.91256,2.6507,1.5682,1.738,2.0521,1.7711,1.9968,2.5515,2.8676,0.98632,1.3743,3.7316,0.87837,3.2239,1.6199,1.2186,3.6911,1.2351,1.1415,2.4304,1.5677,1.5303,1.1496,1.5971,3.1855,2.1818,1.288,1.2194,1.5048,0.84876,1.6035,1.6108,1.2835,1.1194
0.43,1.07,1.4792,1.0155,0.80539,1.5381,1.2517,1.0043,3.2488,1.645,1.8507,1.9237,1.8539,2.1205,2.4829,3.0528,1.0857,1.3684,4.1279,0.9837,3.1808,1.6148,1.3662,3.9474,1.3143,1.1538,2.7628,1.5802,1.5938,1.0903,1.7176,3.3178,2.3436,1.3353,1.3986,1.6038,0.93166,1.7192,1.7144,1.3902,1.0904
0.44,1.1087,1.5185,1.1018,0.89583,1.6027,1.3044,1.1657,3.7121,1.6566,1.9446,1.7876,1.9307,2.2571,2.6405,3.2828,1.1841,1.398,4.4792,1.0505,3.0485,1.5825,1.5047,4.1873,1.3483,1.1836,3.2397,1.5153,1.7035,1.0415,1.8333,3.4001,2.4248,1.4439,1.5738,1.6585,1.0086,1.7674,1.8857,1.4408,1.0739
0.45,1.1649,1.6403,1.1588,0.99056,1.6643,1.3673,1.3203,3.9606,1.6165,1.9283,1.8504,2.0163,2.3795,2.7294,3.5673,1.2872,1.412,4.9389,1.0344,2.8718,1.5289,1.6371,4.433,1.3369,1.234,3.6033,1.4042,1.7582,1.1012,1.9179,3.4273,2.5408,1.5194,1.703,1.6323,1.1409,1.7518,2.1044,1.4547,1.0987
0.46,1.2227,1.7623,1.1886,1.0773,1.7195,1.3938,1.4213,4.1878,1.5595,1.8325,1.8866,2.1224,2.4905,3.0599,3.8831,1.326,1.4586,5.1879,1.0084,2.6971,1.4843,1.7668,4.7213,1.3335,1.284,3.6017,1.3577,1.7858,1.1829,1.95,3.4217,2.692,1.5462,1.7299,1.5731,1.3153,1.6835,2.3875,1.5522,1.1484
0.47,1.2812,1.8374,1.205,1.1528,1.7685,1.3697,1.4545,4.4473,1.5223,1.7113,1.9117,2.2554,2.7137,3.4597,4.1246,1.3241,1.6213,5.2319,0.99067,2.619,1.4901,1.8985,5.0826,1.4639,1.3178,3.3356,1.3666,1.8486,1.2565,1.9255,3.3887,2.8953,1.5871,1.8185,1.5661,1.4529,1.5799,2.6376,1.5873,1.2242
0.48,1.3397,2.1528,1.2225,1.2158,1.8092,1.4162,1.4603,4.6293,1.4847,1.5936,2.1644,2.4143,2.9261,3.8258,4.2353,1.3158,1.716,5.0967,0.98367,2.5895,1.5073,2.0328,5.5286,1.6448,1.3292,3.2296,1.3713,2.0528,1.3295,1.8378,3.3465,3.1647,1.707,1.826,1.6379,1.5554,1.461,2.7573,1.5905,1.3046
0.49,1.3969,2.3768,1.2498,1.2674,1.8437,1.4657,1.4824,4.7004,1.4601,1.5463,2.5907,2.5929,3.1026,4.1465,4.2407,1.3325,1.7555,4.8414,0.99075,2.5929,1.5268,2.1705,6.0408,1.7336,1.3198,3.1498,1.4004,2.306,1.3622,1.7637,3.2927,3.4425,1.8005,1.9453,1.7154,1.5973,1.3533,2.7322,1.7084,1.3558
0.5,1.4515,2.5052,1.2837,1.3091,1.8754,1.5162,1.5348,4.7549,1.6474,1.6561,2.9831,2.7836,3.287,4.4355,4.2707,1.3919,1.8091,4.5048,1.0919,2.6137,1.5319,2.3126,6.5832,1.7341,1.3618,3.5602,1.4747,2.4911,1.3512,1.8731,3.202,3.6511,1.8895,1.9829,1.8031,1.6082,1.3295,2.648,1.811,1.3672
0.51,1.5215,2.5422,1.4109,1.3453,1.9048,1.5642,1.6394,4.8521,1.8074,1.6983,3.4222,2.9771,3.4499,4.6744,4.3818,1.4786,1.9156,4.925,1.1786,2.6295,1.5285,2.4591,7.1186,1.7351,1.4822,4.185,1.555,2.5853,1.3513,2.0084,3.0922,3.7508,1.9788,2.1654,1.9661,1.6063,1.4021,2.6191,1.8459,1.351
0.52,1.6609,2.5009,1.5321,1.3803,1.9327,1.6057,1.7982,4.9218,1.9402,1.9906,3.7832,3.1673,3.5759,4.8784,4.5579,1.5596,2.11,5.4418,1.3052,2.6646,1.5216,2.6088,7.6171,1.798,1.6043,4.8472,1.6277,2.6113,1.3554,2.2842,2.9568,3.7314,2.0626,2.478,2.2034,1.5901,1.4778,2.7047,1.8338,1.3652
0.53,1.7977,2.3999,1.6429,1.4197,1.9612,1.6367,1.9709,4.8815,2.041,2.2818,4.0831,3.3559,3.7179,5.0411,4.8127,1.6116,2.3077,5.7593,1.4104,2.9331,1.519,2.7566,8.0616,1.8868,1.7284,5.3586,1.7465,2.606,1.4064,2.5321,2.7958,3.6488,2.1452,2.7394,2.4701,1.5516,1.5876,2.8581,1.8499,1.3708
0.54,1.9304,2.3194,1.7443,1.4695,1.9908,1.6527,2.1099,5.2883,2.1051,2.4775,4.3162,3.54,3.843,5.1792,5.0967,1.6294,2.4802,5.9234,1.4917,3.0586,1.5197,2.8997,8.4505,1.922,1.8518,5.5389,1.9449,2.9172,1.4529,2.7013,2.6436,3.5259,2.3356,2.8923,2.7165,1.563,1.7221,2.9803,1.9195,1.3724
0.55,2.057,2.2448,1.8416,1.5363,2.2326,1.6505,2.198,5.5464,2.132,2.5374,4.4846,3.7245,3.9349,5.2826,5.3116,1.6284,2.5515,6.0263,1.5476,3.0384,1.686,3.0342,8.7922,1.8878,2.0045,5.3923,2.1673,3.2573,1.5559,2.8045,2.5244,3.4363,2.6266,2.9395,2.8801,1.6375,1.8588,3.004,1.9291,1.3846
0.56,2.1776,2.1808,1.9397,1.6229,2.4273,1.7171,2.2514,5.5029,2.1267,2.4993,4.5393,3.9112,4.0337,5.3629,5.3894,1.6533,2.6627,6.1276,1.5939,2.9007,1.8317,3.1575,9.0967,1.8123,2.2123,5.0795,2.392,3.5313,1.6426,2.8884,2.4654,3.4112,2.9063,2.935,2.8953,1.7006,1.9945,2.9231,1.925,1.433
0.57,2.4095,2.1279,2.0432,1.7293,2.5538,1.8183,2.2876,5.3013,2.0998,2.4752,4.5211,4.102,4.1227,5.4266,5.2609,1.7333,2.884,6.1889,1.658,2.7216,1.9159,3.2695,9.5038,1.7562,2.4064,4.9309,2.587,3.7119,1.6998,2.95,2.5832,3.4313,3.1196,2.9202,2.7602,1.76,2.127,2.8666,1.9652,1.4311
0.58,2.6471,2.0715,2.1505,1.8534,2.608,1.9063,2.3265,5.7424,2.0624,2.4208,4.4244,4.3011,4.1753,5.4702,5.4046,1.9128,2.9934,6.1139,1.7362,2.5486,2.0193,3.3722,9.995,1.8482,2.5803,5.1616,2.7453,3.7834,1.7304,2.9853,2.5957,3.4813,3.2262,3.0326,2.5499,1.8144,2.2541,2.7906,2.0748,1.4926
0.59,2.8714,1.993,2.257,2.0075,2.5925,1.9768,2.3412,6.2257,2.155,2.4011,4.3385,4.5101,4.2183,5.4998,5.9836,2.1455,3.1318,5.9339,1.7977,2.5922,2.1943,3.4668,10.493,1.9101,2.7316,5.6977,2.8744,3.7246,1.7155,2.9922,2.5329,3.5792,3.2102,3.2166,2.3629,1.8552,2.3741,2.7558,2.1158,1.5921
0.6,3.0837,1.8827,2.3558,2.1755,2.6577,2.0266,2.3549,6.7747,2.2961,2.4553,4.4725,4.7289,4.2639,5.5221,6.4642,2.3732,3.3593,6.2733,1.8296,2.7182,2.4136,3.5531,10.99,1.9133,2.8583,6.2742,2.9915,3.5881,1.6543,2.9435,2.6359,3.7482,3.2777,3.419,2.2688,1.8772,2.4849,2.8192,2.0539,1.7024
0.61,3.2823,1.777,2.4409,2.3514,2.7668,2.081,2.3824,7.3828,2.4322,2.5695,4.51,4.9574,4.2758,5.5437,6.8417,2.5593,3.4713,6.5541,1.8377,2.8306,2.6349,3.6309,11.49,1.8655,2.95,6.7345,3.096,3.6882,1.5795,2.8616,3.0048,3.979,3.3284,3.6322,2.2726,1.877,2.586,3.0024,1.8938,1.8341
0.62,3.4671,1.6767,2.5088,2.5318,2.8548,2.123,2.4394,8.0188,2.551,2.7031,4.497,5.1984,4.2593,5.5702,7.1665,2.7002,3.5087,6.7978,1.84,2.9257,2.8078,3.7003,11.98,1.8201,3.0086,7.0191,3.1827,3.7197,1.5289,2.8111,3.3394,4.2324,3.3378,3.8373,2.3049,1.9862,2.6767,3.2827,1.9206,1.9789
0.63,3.6379,1.7759,2.5895,2.7117,2.9246,2.1386,2.5358,8.5557,2.6426,2.9069,4.423,5.4455,4.2697,5.6053,7.3332,2.8152,3.4981,7.0803,1.8452,3.0045,2.9421,3.76,12.451,1.9772,3.0328,7.1843,3.2602,3.7419,1.5182,2.7999,3.6057,4.4726,3.3273,4.024,2.287,2.2328,2.7553,3.6153,2.023,2.1036
0.64,3.7944,1.9073,2.6621,2.8886,2.9826,2.1317,2.6441,8.8687,2.8532,3.0827,4.3124,5.6996,4.2536,5.6612,7.4704,2.925,3.4377,7.3796,1.8424,3.0656,3.0158,3.8087,12.896,2.2256,3.0207,7.2732,3.3304,3.8156,1.5164,2.7662,3.782,4.6955,3.3172,4.1734,2.2408,2.4278,2.8224,3.9553,2.1555,2.1781
0.65,3.9358,2.0369,2.7258,3.0609,3.03,2.1076,2.7217,8.9222,3.0664,3.2004,4.2074,5.9557,4.2145,5.9082,8.1108,3.0324,3.3439,7.5353,1.8299,3.1738,3.0886,3.8486,13.307,2.4231,3.0608,7.3426,3.4209,3.9899,1.484,2.7093,3.8358,4.9296,3.5537,4.2407,2.2739,2.5881,2.8785,4.2721,2.222,2.3222
0.66,4.0615,2.1622,2.7882,3.2262,3.0692,2.0716,2.775,9.1956,3.2485,3.278,4.1193,6.2149,4.1715,6.1713,8.4514,3.1187,3.4619,7.9987,1.813,3.5193,3.1957,3.8847,13.682,2.5507,3.1599,7.4345,3.5397,4.2587,1.4172,2.6921,3.7485,5.1993,3.7739,4.2037,2.3069,2.7401,2.9244,4.5424,2.2015,2.551
0.67,4.1711,2.2825,2.8562,3.3828,3.0994,2.0295,2.8013,9.451,3.419,3.3588,4.0318,6.475,4.1384,6.4511,8.8293,3.1562,3.5689,8.4473,1.7858,3.8437,3.4043,3.9767,14.019,2.7546,3.2532,7.6326,3.6952,4.5579,1.3802,2.7927,3.53,5.5154,3.9878,4.0884,2.3374,2.9048,2.973,4.7547,2.1853,2.7397
0.68,4.2645,2.3969,2.9333,3.5292,3.1207,1.986,2.8193,9.9315,3.6072,3.4842,4.0018,6.7359,4.0872,6.7415,9.0477,3.1257,3.6647,8.6139,1.7407,4.142,3.6028,4.0548,14.318,2.8985,3.3415,7.9617,3.8535,4.833,1.4762,2.8794,3.2175,5.8698,4.2151,3.9508,2.3541,3.0879,3,4.9052,2.1864,2.8958
0.69,4.3424,2.5037,3.0189,3.6648,3.131,1.9455,2.8613,10.353,3.8431,3.6879,3.9613,7,4.021,7.0366,9.1636,3.0245,3.7486,9.0205,1.6702,4.4121,3.7851,4.1191,14.582,2.9551,3.4231,8.3948,3.9938,5.0414,1.5804,3.0588,2.8716,6.2294,4.4297,3.8237,2.4423,3.2825,3.0026,4.9968,2.1686,3.0212
0.7,4.4057,2.601,3.1848,3.7878,3.1275,1.9113,2.9371,10.706,4.1456,4.051,3.9355,7.2732,3.9513,7.3233,9.2024,2.8752,4.1121,9.3831,1.5777,4.6533,3.9009,4.1716,14.815,2.9346,3.4963,8.8978,4.0788,5.167,1.6815,3.2065,2.5514,6.5658,4.5763,3.7018,2.4869,3.4886,2.9918,5.0382,2.1502,3.1097
0.71,4.4555,2.6866,3.3926,3.8976,3.1079,1.8848,3.0296,10.952,4.5114,4.4799,3.8921,7.8912,3.8952,7.6058,9.4312,2.8999,4.5247,9.7403,1.4994,4.8663,3.9302,4.2163,15.018,2.8777,3.5606,9.3594,4.0987,5.2242,1.7846,3.3038,2.5455,6.8576,4.6118,3.563,2.5878,3.7038,2.987,5.0417,2.1209,3.1532
0.72,4.4929,2.759,3.6078,3.9941,3.0733,1.8667,3.1214,11.107,4.9199,4.9259,3.8453,8.5556,3.8294,7.8744,9.575,2.897,4.889,10.139,1.6568,5.0523,3.9042,4.2528,15.195,2.8262,3.6156,9.6948,4.0652,5.25,1.8993,3.5133,2.6437,7.0952,4.5468,3.4053,2.6648,3.9128,3.023,5.0272,2.071,3.1593
0.73,4.5189,2.819,3.8258,4.0778,3.0261,1.8559,3.2028,11.368,5.3377,5.3384,3.7642,9.1227,3.7673,8.1281,9.7186,2.8851,5.1989,10.514,1.7881,5.213,3.8128,4.2867,15.353,2.9049,3.6658,9.8295,4.0187,5.2994,2.0067,3.7121,2.7355,7.2823,4.443,3.2551,2.6725,4.0928,3.1425,5.0135,2.2007,3.1526
0.74,4.5348,2.8649,4.0428,4.1493,2.9686,1.8509,3.2766,11.509,5.7279,5.6754,3.686,9.575,4.1977,8.3685,10.082,2.8989,5.4463,11.164,1.8676,5.35,3.7027,4.3179,15.566,3.0304,3.7081,9.7231,3.9954,5.3973,2.0851,3.8167,2.7925,7.4348,4.3911,3.1452,2.6004,4.2171,3.2626,5.026,2.3037,3.1577
0.75,4.5429,2.8974,4.2554,4.2093,2.9019,1.8497,3.3452,11.504,6.0582,5.9067,3.8924,9.8991,4.7825,8.598,10.855,2.9609,5.6301,12.649,1.8864,5.4653,3.6619,4.3491,15.719,3.1588,3.7448,9.385,4.0375,5.5687,2.1287,3.8523,2.797,7.5739,4.4574,3.1482,2.4667,4.2624,3.3431,5.0846,2.3744,3.182
0.76,4.5431,2.919,4.4614,4.2573,2.8264,1.8499,3.4078,11.347,6.3066,6.0165,4.1104,10.088,5.3487,8.8206,12.034,3.0704,5.7499,13.971,1.9779,5.5607,3.6716,4.3836,15.786,3.2893,3.7798,8.8777,4.1489,5.7887,2.1361,3.871,2.7535,7.7276,4.6518,3.3127,2.3149,4.2203,3.3863,5.2059,2.4299,3.211
0.77,4.5373,2.9319,4.658,4.2934,2.8504,1.8495,3.4822,11.279,6.4542,6.0524,4.3353,10.14,5.8743,9.0393,13.46,3.2116,5.804,15.093,2.081,5.6386,3.7277,4.4212,15.79,3.4371,3.9049,8.4845,4.2988,6.0236,2.1026,3.9176,2.6894,7.9202,4.9451,3.4675,2.2376,4.0921,3.3959,5.3954,2.5031,3.2197
0.78,4.5271,2.9602,4.8408,4.3182,2.9819,1.8779,3.531,11.501,6.4951,5.9821,4.5601,10.065,6.3577,9.2481,14.964,3.367,5.7989,16.067,2.1505,5.7012,3.8089,4.4635,15.892,3.588,4.1673,8.2224,4.4454,6.2354,2.0456,4.0047,2.6464,8.1649,5.2943,3.6493,2.1606,3.9759,3.4243,5.6494,2.5881,3.1934
0.79,4.5126,3.0106,5.0053,4.3328,3.063,1.9206,3.5465,11.616,6.4297,5.7992,4.7805,9.9568,6.8073,9.4434,16.443,3.5275,5.7399,16.975,2.2108,5.7497,3.917,4.5117,15.98,3.6874,4.4173,8.1404,4.5376,6.3901,2.0074,4.1232,2.661,8.4623,5.7291,3.8611,2.2446,4.0601,3.4745,5.9513,2.8001,3.1377
0.8,4.4952,3.1683,5.147,4.3968,3.0892,1.9601,3.5315,11.638,6.267,5.5272,4.9924,10.255,7.2016,9.6198,17.826,3.692,5.6341,17.902,2.2757,5.7864,4.0082,4.5672,16.02,3.8228,4.6536,8.275,4.5441,6.4653,2.0126,4.2663,2.7414,8.7988,6.237,4.0981,2.3224,4.1186,3.5208,6.2846,3.0641,3.0724
0.81,4.4766,3.4131,5.2633,4.5107,3.0602,1.9955,3.4953,11.581,6.0215,5.2046,5.1925,10.556,7.537,9.771,19.043,3.8684,5.6198,18.888,2.3363,5.8131,4.0926,4.6314,16.014,3.961,4.8815,8.5573,4.4525,6.5661,2.0384,4.4333,2.862,9.1479,6.6979,4.3671,2.419,4.1469,3.5653,6.6273,3.3769,3.0213
0.82,4.4561,3.6335,5.3499,4.6173,2.9811,2.0258,3.4491,11.457,5.7166,4.8771,5.3938,10.852,7.8528,9.89,20.037,4.0639,6.0639,19.914,2.373,5.8314,4.1177,4.7042,15.962,4.1023,5.0996,8.9915,4.2725,6.6164,2.0427,4.6271,2.9803,9.4755,7.062,4.645,2.5495,4.1417,3.6092,6.963,3.7134,2.9912
0.83,4.4346,3.828,5.4088,4.7159,2.9116,2.0504,3.4459,11.275,5.3832,4.5901,5.5936,11.14,8.0975,9.9749,20.791,4.285,6.3826,20.922,2.3668,5.842,4.1116,4.7859,15.867,4.2457,5.3093,9.8082,4.0388,6.5557,2.1616,5.0861,3.0624,9.7513,7.2849,4.8926,2.7093,4.1295,3.6536,7.2718,4.0382,2.98
0.84,4.4138,3.9955,5.4362,4.8074,2.9482,2.0688,3.462,11.044,5.5543,4.3853,5.7764,11.415,8.2752,10.015,21.341,4.5321,6.5499,22.033,2.315,5.8455,4.1128,4.8761,15.789,4.3903,5.5193,10.559,3.8061,6.4212,2.3967,5.6083,3.2138,9.9487,7.3379,5.156,2.875,4.3287,3.7003,7.5421,4.3349,2.9745
0.85,4.3925,4.1351,5.4307,4.8931,2.9863,2.0801,3.4823,10.768,5.7409,4.2923,5.9403,11.674,8.4186,10.002,21.753,4.8036,6.5589,23.495,2.2523,5.8419,4.0578,4.974,15.708,4.5354,5.7273,11.129,3.6469,6.2526,2.6343,6.11,3.3112,10.056,7.212,5.4375,3.0203,4.5109,3.75,7.7714,4.6075,2.9757
0.86,4.371,4.2478,5.3918,4.9742,3.0256,2.0845,3.5052,10.45,5.9292,4.3129,6.0861,11.917,8.468,9.9329,22.073,5.0945,6.5528,24.776,2.3492,5.8312,3.9867,5.0786,15.606,4.6805,5.938,11.464,3.6329,6.0878,2.846,6.566,3.4996,10.069,6.9203,5.611,3.1302,4.6566,3.8034,8.1019,4.8648,2.995
0.87,4.3494,4.332,5.5124,5.053,3.0661,2.0819,3.5261,10.092,6.1167,4.427,6.2461,12.144,8.5087,9.803,22.302,5.4007,6.645,25.848,2.4231,5.8133,3.8788,5.1883,15.481,4.8253,6.1552,11.544,3.7964,5.9466,3.0173,6.9462,3.8943,9.9936,6.5052,5.7506,3.2012,4.7483,3.8612,8.5493,5.1181,3.0352
0.88,4.3275,4.3914,5.6289,5.1322,3.1075,2.0733,3.5381,9.6975,6.3043,4.6005,6.3859,12.357,8.4565,9.6121,22.402,5.7184,6.6974,26.7,2.4744,5.7883,3.773,5.3021,15.343,4.9697,6.3755,11.368,4.1133,5.9665,3.1464,7.232,4.2752,9.8513,6.0243,5.8426,3.2417,4.7797,3.9238,8.9543,5.3738,3.0962
0.89,4.3053,4.4241,5.7307,5.2142,3.1498,2.0596,3.5333,9.2702,6.4902,4.7906,6.5055,12.552,8.3957,9.5123,22.34,6.0453,6.8985,27.346,2.5193,5.7552,3.669,5.4192,15.184,5.1139,6.608,11.089,4.514,6.0778,3.2449,7.4209,4.6223,9.6644,5.8278,5.8406,3.2652,4.7532,3.9929,9.3111,5.6364,3.1716
0.9,4.2829,4.4328,5.8163,5.3004,3.1928,2.0674,3.5047,8.8159,6.6753,4.9615,6.6053,12.731,8.2555,9.5221,22.11,6.3756,7.2765,27.816,2.5716,5.7138,3.5715,5.539,15.013,5.2573,6.8444,10.784,4.9311,6.34,3.3104,7.5194,4.9209,9.465,5.7339,5.7698,3.2873,4.6758,4.0672,9.6148,5.8952,3.2541
0.91,4.2601,4.4203,5.886,5.3926,3.2364,2.0943,3.4476,8.9553,6.8574,5.1438,6.6965,12.891,8.118,9.469,21.754,6.706,7.6903,28.134,2.6311,5.6637,3.4905,5.6608,14.826,5.3998,7.0882,10.339,5.3087,6.8258,3.3312,7.5401,5.1571,9.2811,5.5997,5.6584,3.3245,4.555,4.1467,9.8616,6.1342,3.3256
0.92,4.237,4.3897,5.9403,5.4919,3.2813,2.1224,3.3618,9.0941,7.0386,5.363,6.7961,13.031,7.9168,9.363,21.332,7.0313,8.1508,28.319,2.687,5.6101,3.4318,5.7845,14.632,5.6106,7.3397,9.8505,5.6077,7.3508,3.2933,7.4928,5.3185,9.1399,5.4358,5.5265,3.3872,4.4021,4.2323,10.049,6.4169,3.3862
0.93,4.2142,4.3476,5.9796,5.5986,3.3259,2.1595,3.2521,9.2279,7.2163,5.523,6.8779,13.15,7.7183,9.2167,20.912,7.3461,8.6667,28.388,2.7234,5.5858,3.406,5.9103,14.427,5.945,7.594,9.611,5.8055,7.8886,3.2023,7.3835,5.3959,9.0621,5.252,5.3908,3.4786,4.2238,4.3237,10.175,6.7282,3.4219
0.94,4.1921,4.2993,6.0059,5.7112,3.3706,2.1899,3.1317,9.3589,7.3916,5.6138,6.9428,13.247,7.4845,9.5333,20.538,7.6465,9.2316,28.346,2.732,5.5536,3.4007,6.0384,14.213,6.2353,7.8503,9.9152,5.8994,8.402,3.0885,7.212,5.3858,9.0581,5.0874,5.2604,3.588,4.0278,4.42,10.243,6.981,3.4351
0.95,4.1702,4.2497,6.0202,5.8301,3.4141,2.2162,3.0162,9.4902,8.0704,5.629,6.9915,13.32,7.2372,9.8722,20.178,7.9306,9.8256,28.186,2.7112,5.5121,3.4104,6.1693,13.994,6.4763,8.1081,10.206,5.8883,8.8682,2.988,6.97,5.292,9.1291,5.3211,5.1365,3.7015,3.8784,4.5212,10.496,7.1795,3.4299
0.96,4.1489,4.202,6.0235,5.952,3.4562,2.2402,2.9244,9.6259,8.7255,5.566,7.0249,13.369,6.992,10.187,19.809,8.1998,10.429,27.895,2.664,5.4616,3.4273,6.3028,13.771,6.6711,8.3671,10.486,5.7909,9.2705,2.9206,6.6547,5.1269,9.2687,5.5722,5.0099,3.8014,3.9656,4.6271,10.76,7.3258,3.4079
0.97,4.13,4.1576,6.0163,6.0769,3.4967,2.3032,2.8737,9.7666,9.333,5.4256,7.0748,13.393,6.7294,10.477,19.433,8.4558,11.031,27.466,2.6109,5.4022,3.4428,6.4398,13.545,6.8168,8.6227,10.766,5.6244,9.5982,2.8875,6.6802,4.9108,9.4659,5.8092,4.9052,3.8753,4.0413,4.7377,10.986,7.4193,3.3769
0.98,4.1122,4.1176,6.0006,6.2025,3.5357,2.3492,2.8743,9.9147,9.8823,5.4888,7.1136,13.393,6.468,10.755,19.082,8.7023,11.621,26.892,2.5616,5.3345,3.452,6.5794,13.316,6.9041,8.8728,11.031,5.4169,9.8293,2.8796,6.7563,4.6665,9.7023,6.0163,4.9467,3.9174,4.106,4.8528,11.173,7.4612,3.3427
0.99,4.0969,4.0821,5.977,6.327,3.5731,2.3835,2.9277,10.074,10.37,5.5209,7.1383,13.371,6.2228,11.006,18.816,8.9441,12.192,26.178,2.5185,5.259,3.461,6.7208,13.086,6.92,9.1156,11.281,5.22,9.9649,2.9907,6.8386,4.4202,9.9663,6.1902,4.9884,3.9275,4.1599,4.9725,11.322,7.4511,3.3047
1,4.0842,4.0502,5.9478,6.4489,3.6091,2.4163,3.0271,10.246,10.792,5.4946,7.1494,13.326,5.981,11.23,18.698,9.1844,12.748,25.344,2.4989,5.1762,3.4521,6.8631,12.856,6.8553,9.3492,12.01,5.3291,9.9908,3.1324,6.918,4.5616,10.242,6.3291,5.0194,3.9099,4.2025,5.0978,11.43,7.4014,3.2697
1.01,4.0743,4.0217,5.9124,6.5649,3.6433,2.4614,3.1594,10.43,11.146,5.4239,7.1475,13.258,5.7502,11.424,18.811,9.4256,13.303,24.426,2.5067,5.0865,3.4234,7.0054,12.628,6.7481,9.5718,12.704,5.3515,9.9045,3.2512,6.9836,4.741,10.521,6.4382,5.0323,3.8717,4.2342,5.2291,11.496,7.3285,3.2333
1.02,4.0676,3.9983,5.871,6.6752,3.6758,2.498,3.3092,10.626,11.425,5.479,7.1412,13.166,5.5369,11.601,19.147,9.6693,13.899,23.458,2.5298,4.9907,3.3852,7.1479,12.4,6.9993,9.7818,13.267,5.3142,9.7179,3.3236,7.0276,4.9313,10.796,6.5163,5.0234,3.8217,4.2551,5.3667,11.519,7.2553,3.1967
1.03,4.0647,3.9819,5.8225,6.7758,3.7065,2.5342,3.4635,10.836,11.627,5.5451,7.1455,13.052,5.3464,12.269,19.646,9.9153,14.582,22.484,2.5479,4.889,3.3365,7.2892,12.173,7.2458,9.9871,13.676,5.2443,9.427,3.3395,7.0425,5.1187,11.063,6.5621,4.9927,3.7702,4.2651,5.5107,11.5,7.2012,3.1749
1.04,4.0649,3.9729,5.7673,6.8674,3.7352,2.5579,3.6152,11.057,11.749,5.6099,7.1376,12.918,5.183,13.33,20.212,10.16,15.369,21.546,2.5825,4.782,3.2701,7.4276,11.948,7.489,10.324,13.899,5.214,9.0433,3.317,7.1266,5.3054,11.319,6.5725,4.9432,3.7281,4.2645,5.6602,11.438,7.1742,3.1584
1.05,4.0694,3.9716,5.7047,6.9472,3.762,2.5639,3.7626,11.287,11.788,5.6734,7.1181,12.832,5.0501,14.408,20.746,10.402,16.207,20.913,2.6607,4.67,3.1879,7.5627,11.726,7.7342,10.641,13.926,5.5262,8.8626,3.2841,7.2553,5.4991,11.564,6.5455,4.8803,3.7042,4.2543,5.8143,11.334,7.1682,3.127
1.06,4.0779,3.9797,5.635,7.0144,3.7867,2.5493,3.9078,11.522,11.744,5.7343,7.0877,13.416,4.9502,15.49,21.175,10.635,16.989,22.281,2.7248,4.5535,3.0983,7.6951,11.507,7.9768,10.942,13.767,5.956,9.1607,3.2625,7.3611,5.6997,11.796,6.5395,4.8114,3.7044,4.2328,5.9716,11.191,7.1711,3.0795
1.07,4.0901,3.9987,5.5588,7.0702,3.8092,2.5498,4.0561,11.762,11.617,5.7956,7.0478,13.913,4.8848,16.57,21.466,10.858,17.598,23.781,2.7667,4.4326,3.0027,7.8224,11.289,8.2189,11.218,13.459,6.4119,9.4562,3.2577,7.4364,5.9011,12.018,6.6124,4.7429,3.7312,4.1965,6.1316,11.009,7.1633,3.0167
1.08,4.1064,4.0865,5.4759,7.113,3.8295,2.6617,4.2134,12.003,11.413,5.8547,7.0266,14.82,4.8651,17.642,21.619,11.068,17.973,25.205,2.7815,4.3172,2.8952,7.9512,11.078,8.4639,11.464,13.086,6.8592,9.7509,3.2616,7.4772,6.0924,12.227,6.6652,4.6832,3.7838,4.3123,6.2933,10.788,7.1323,2.9445
1.09,4.1275,4.1931,5.3866,7.1438,3.923,2.7795,4.3849,12.242,11.133,5.9124,7.3888,15.718,4.887,18.694,21.668,11.263,18.121,26.533,2.7678,4.2931,2.7784,8.1268,10.868,8.7073,11.685,13.222,7.2801,10.054,3.2677,7.4848,6.258,12.424,6.7087,4.6388,3.8588,4.6106,6.4559,10.535,7.0735,2.8746
1.1,4.1526,4.2968,5.2928,7.1645,4.135,2.9021,4.5732,12.475,10.788,5.97,7.7623,16.493,4.9439,19.723,21.661,11.445,18.118,27.741,2.73,4.2292,2.6557,8.3003,10.665,8.9491,11.875,13.356,7.6604,10.362,3.3534,7.4654,6.3776,12.606,6.7543,4.6166,3.9518,4.8971,6.6209,10.251,6.9906,2.8148
1.11,4.1818,4.3971,5.1931,7.1775,4.3482,3.0288,4.7795,12.7,10.38,6.0258,8.1241,17.137,5.0342,20.724,21.644,11.615,18.039,28.807,2.6765,4.3261,2.5312,8.4715,10.464,9.1887,12.028,13.475,8.0001,10.68,3.4528,7.4259,6.4315,12.778,6.8108,4.618,4.058,5.1643,6.7879,9.9377,6.8953,2.7745
1.12,4.2153,4.4945,5.0894,7.1847,4.5604,3.1584,5,12.916,10.089,6.0809,8.4606,17.646,5.1648,21.69,21.646,11.778,17.931,29.704,2.861,4.4126,2.4099,8.6402,10.271,9.4221,12.153,13.58,8.2978,10.995,3.5238,7.3715,6.4038,13.037,6.8821,4.6423,4.173,5.4069,6.9556,9.5995,6.7991,2.7621
1.13,4.2537,4.5902,4.9813,7.1894,4.771,3.2901,5.2313,13.121,10.216,6.1358,8.7669,18.022,5.327,22.684,21.711,11.936,17.785,30.415,3.0583,4.4749,2.3437,8.8068,10.082,9.6489,12.24,13.672,8.554,11.3,3.5918,7.3538,6.2846,13.275,6.966,4.6847,4.2932,5.6233,7.1262,9.4498,6.7145,2.7753
1.14,4.2964,4.6845,4.8689,7.1918,4.9794,3.4228,5.4668,13.311,10.341,6.1893,9.0711,18.265,5.5128,23.804,22.033,12.098,17.559,30.935,3.286,4.5134,2.3034,8.9713,9.8993,9.8687,12.286,13.761,8.7653,11.592,3.8082,7.378,6.0745,13.488,7.0553,4.7383,4.4172,5.8149,7.3089,9.3322,6.646,2.8073
1.15,4.3434,4.7777,4.753,7.1916,5.3242,3.556,5.7004,13.485,10.465,6.2422,9.3478,18.38,5.7187,24.876,22.367,12.266,17.218,31.276,3.4826,4.5322,2.2396,9.1328,9.7257,10.083,12.302,13.836,8.9691,11.869,4.057,7.3963,5.8937,13.675,7.1379,4.7911,4.5411,5.9869,7.6445,9.1978,6.5932,2.8498
1.16,4.3946,4.8679,4.7734,7.1893,5.6919,3.6887,5.9262,13.642,10.587,6.2953,9.6072,18.373,5.9408,25.891,22.675,12.446,16.765,31.463,3.6391,4.5341,2.1525,9.2911,9.5595,10.293,12.277,13.897,9.1862,12.139,4.3122,7.4149,5.6588,13.839,7.2431,4.8333,4.6656,6.1427,8.0822,9.0477,6.5508,2.9003
1.17,4.4501,4.9523,5.0151,7.2079,6.0584,3.8204,6.1395,13.781,10.707,6.3472,9.8667,18.251,6.1754,26.844,22.921,12.64,16.262,31.535,3.7503,4.5228,2.1048,9.446,9.4015,10.499,12.377,13.948,9.3405,12.399,4.5509,7.4393,5.3813,13.978,7.4898,4.8554,4.7892,6.2828,8.5255,8.88,6.5084,3.0109
1.18,4.5105,5.0714,5.2409,7.261,6.4208,3.9505,6.3359,13.898,10.826,6.3983,10.121,18.022,6.4185,27.733,23.074,12.851,16.272,31.522,3.8162,4.5024,2.1291,9.5975,9.2526,10.7,12.667,13.994,9.4399,12.651,4.7608,7.4743,5.1886,14.089,7.7302,4.8498,4.9136,6.4052,8.9714,8.6988,6.4573,3.1189
1.19,4.575,5.2067,5.4513,7.3089,6.7766,4.0784,6.5128,13.996,10.942,6.4503,10.368,17.701,6.6661,28.564,23.118,13.079,16.224,31.449,3.8432,4.4757,2.1757,9.7464,9.1138,10.897,12.956,14.253,9.4949,12.899,4.9379,7.5173,5.0519,14.175,7.9674,4.8129,5.0407,6.5105,9.4158,8.5021,6.3908,3.216
1.2,4.6434,5.3324,5.6467,7.3516,7.123,4.2036,6.6685,14.072,11.056,6.5013,10.609,17.305,6.9142,29.322,23.053,13.322,16.119,31.343,3.8442,4.5269,2.2947,9.8915,8.9859,11.088,13.244,15.204,9.5179,13.145,5.0854,7.57,4.913,14.235,8.2002,4.7431,5.1721,6.6037,9.8583,8.8553,6.3952,3.2979
1.21,4.7157,5.4401,5.8279,7.3885,7.4576,4.3257,6.8027,14.124,11.169,6.5515,10.84,16.935,7.159,30.003,22.893,13.578,15.961,31.199,3.8365,4.6096,2.4132,10.033,8.8699,11.271,13.526,16.139,9.522,13.388,5.2127,7.6252,4.7852,14.267,8.4293,4.6428,5.3097,6.691,10.295,9.4507,6.4928,3.3608
1.22,4.7922,5.5273,5.9954,7.4184,7.7787,4.4444,6.9155,14.154,11.279,6.6023,11.067,16.522,7.3966,30.612,22.662,13.84,15.753,31.02,3.8416,4.6786,2.5262,10.17,8.766,11.448,13.812,17.03,9.5199,13.627,5.3332,7.6816,4.6773,14.275,8.6568,4.5172,5.4545,6.7776,10.725,9.9971,6.5643,3.4053
1.23,4.8724,5.5909,6.1496,7.4403,8.0839,4.5594,7.0078,14.162,11.387,6.6529,11.288,16.054,7.6348,31.159,22.386,14.103,15.496,30.787,3.8753,4.7351,2.6288,10.302,8.6746,11.619,14.093,17.827,9.5231,13.861,5.4585,7.7338,4.5938,14.261,8.8792,4.374,5.6065,6.8668,11.148,10.492,6.6302,3.4336
1.24,4.9558,5.6325,6.291,7.454,8.3754,4.6703,7.0808,14.147,11.493,6.7029,11.475,15.544,7.8664,31.631,22.09,14.364,15.193,30.492,3.9487,4.781,2.7338,10.432,8.5966,11.787,14.371,18.507,9.5414,14.085,5.6415,7.779,4.5327,14.233,9.0946,4.2245,5.7639,6.962,11.562,10.934,6.6839,3.4488
1.25,5.0425,5.6513,6.4203,7.4596,8.653,4.7772,7.136,14.113,11.597,6.7527,11.657,15.008,8.0832,32.029,22.1,14.615,14.846,30.121,4.0633,4.8182,2.8937,10.558,8.5324,11.946,14.649,19.052,9.591,14.298,5.8405,7.8179,4.4895,14.393,9.3008,4.0799,5.9236,7.0682,11.966,11.323,6.7134,3.4547
1.26,5.1326,5.6499,6.5381,7.4575,8.9163,4.8795,7.1753,14.059,11.698,6.8033,11.804,14.458,8.2826,32.367,22.219,14.853,14.458,29.672,4.2113,4.8486,3.0479,10.68,8.482,12.097,14.92,19.451,9.6694,14.502,6.0552,7.8482,4.4569,14.765,9.497,3.9535,6.0817,7.1865,12.359,11.659,6.7176,3.4561
1.27,5.225,5.6325,6.6452,7.4479,9.1622,4.9774,7.2003,13.989,11.797,6.8533,11.936,13.99,8.4763,32.644,22.364,15.071,14.033,29.147,4.3772,4.8737,3.1889,10.797,8.4455,12.242,15.192,19.692,9.7837,14.698,6.288,7.8716,4.4501,15.061,9.6793,3.8571,6.2333,7.3119,12.742,11.944,6.7015,3.4574
1.28,5.3202,5.6014,6.7419,7.4313,9.3893,5.0706,7.2131,13.902,11.893,6.9029,12.034,14.049,8.6582,32.854,22.533,15.269,13.572,28.68,4.5396,4.8945,3.3099,10.911,8.423,12.385,15.462,19.769,9.933,14.889,6.5401,7.8905,4.7327,15.282,9.8462,3.8019,6.3763,7.4445,13.112,12.18,6.672,3.4603
1.29,5.4177,5.5554,6.8287,7.4072,9.5946,5.1595,7.217,13.801,11.987,6.9534,12.117,14.104,8.8173,33,22.719,15.444,13.666,28.782,4.6775,4.9123,3.4145,11.022,8.4261,12.519,15.726,19.683,10.111,15.072,6.8101,7.9036,5.0065,15.425,9.9974,3.9978,6.5058,7.5838,13.472,12.369,6.6325,3.4679
1.3,5.5168,5.5123,6.9058,7.3756,9.7803,5.244,7.2126,13.685,12.078,7.0038,12.161,14.154,8.9607,33.095,22.903,15.595,14.034,28.84,4.7716,4.9271,3.4985,11.13,8.4704,12.648,15.991,19.436,10.318,15.248,7.0924,7.9138,5.2671,15.487,10.133,4.177,6.6328,7.7282,13.818,12.515,6.5833,3.4824
1.31,5.6183,5.5329,6.9726,7.336,9.948,5.3246,7.2015,13.553,12.167,7.0538,12.198,14.201,9.0974,33.14,23.067,15.725,14.336,28.857,4.8093,4.9383,3.5506,11.234,8.5132,12.771,16.254,19.037,10.54,15.416,7.3773,7.9179,5.514,15.48,10.26,4.3378,6.8479,7.8805,14.153,12.622,6.5716,3.5053
1.32,5.7205,5.5468,7.0289,7.3541,10.097,5.4016,7.185,13.936,12.255,7.1039,12.187,14.244,9.2086,33.133,23.186,15.832,14.534,28.84,4.7876,4.9459,3.5771,11.334,8.5562,12.893,16.511,18.497,10.77,15.577,7.6517,7.915,5.7479,15.408,10.425,4.4826,7.1148,8.038,14.476,12.694,6.5738,3.5368
1.33,5.8248,5.5537,7.0742,7.395,10.226,5.4757,7.1667,14.381,12.34,7.1549,12.18,14.282,9.2972,33.078,23.239,15.923,14.628,28.797,4.8607,4.9492,3.6881,11.432,8.5973,13.012,16.769,17.831,11,15.735,7.9058,7.9025,5.9698,15.275,10.558,4.6091,7.3934,8.2011,14.79,12.736,6.5592,3.5764
1.34,5.9294,5.5529,7.1088,7.434,10.338,5.5476,7.1457,14.791,12.424,7.3597,12.122,14.318,9.3837,32.981,23.216,15.999,14.643,28.729,4.97,4.9469,3.7927,11.527,8.6364,13.127,17.023,17.058,11.224,15.889,8.1328,7.8767,6.1787,15.087,10.658,4.7174,7.653,8.3673,15.095,12.75,6.525,3.6224
1.35,6.0353,5.5452,7.133,7.4713,10.429,5.6184,7.123,15.171,12.506,7.5393,12.069,14.349,9.4441,32.855,23.1,16.067,14.615,28.636,5.0665,4.9396,3.8843,11.619,8.6734,13.24,17.27,16.195,11.433,16.037,8.3346,7.8383,6.3725,14.927,10.731,4.8063,8.024,8.5343,15.391,12.745,6.4707,3.6724
1.36,6.1415,5.529,7.1476,7.5066,10.501,5.6891,7.1015,15.518,12.585,7.6883,11.974,14.375,9.5286,32.698,22.898,16.131,14.574,28.514,5.1517,4.9256,3.9575,11.708,8.7227,13.349,17.519,15.263,11.621,16.182,8.514,7.784,6.5506,14.779,10.777,4.9949,8.3984,8.6999,15.678,12.72,6.3973,3.7252
1.37,6.248,5.5057,7.1535,7.5398,10.553,5.7602,7.079,15.837,12.664,7.8065,11.874,14.398,9.6111,32.51,22.607,16.197,14.536,28.36,5.2282,4.9048,4.0246,11.795,8.8131,13.455,17.761,15.197,11.784,16.323,8.6697,7.7183,6.7116,14.586,10.869,5.2524,8.7386,8.8648,15.955,12.683,6.3079,3.7745
1.38,6.355,5.4735,7.151,7.571,10.583,5.8314,7.0564,16.127,12.741,7.8938,11.863,14.417,9.6939,32.296,22.244,16.27,14.497,28.171,5.2997,4.8781,4.0791,11.88,8.9132,13.56,18.001,15.35,11.917,16.461,8.7924,7.6414,6.8578,14.357,10.98,5.5069,9.0431,9.0318,16.222,12.637,6.2102,3.8171
1.39,6.4616,5.4334,7.1407,7.5998,10.594,5.9018,7.034,16.389,12.817,7.9496,11.943,14.43,9.7487,32.06,21.821,16.356,14.443,27.956,5.3699,4.8467,4.1158,11.961,9.0221,13.663,18.239,15.477,12.015,16.596,8.8813,7.5618,6.9912,14.101,11.099,5.7525,9.3117,9.1922,16.478,12.656,6.1116,3.8508
1.4,6.5686,5.3836,7.1237,7.6263,10.589,5.9711,7.0095,16.627,12.892,7.974,11.974,14.442,9.7988,31.805,21.684,16.459,14.606,27.724,5.4432,4.8147,4.1434,12.041,9.1391,13.766,18.47,15.579,12.082,16.729,9.0318,7.4831,7.1157,13.824,11.229,5.9849,9.5446,9.3438,16.723,12.699,6.2776,3.8862
1.41,6.6752,5.3248,7.1005,7.6504,10.573,6.039,6.983,16.837,12.967,7.9688,11.987,14.448,9.8345,31.532,21.574,16.584,14.998,27.949,5.5233,4.7907,4.1631,12.118,9.2636,13.868,18.705,15.66,12.111,16.86,9.1705,7.4125,7.2339,13.533,11.369,6.2009,9.7434,9.488,16.96,12.728,6.5212,3.9171
1.42,6.781,5.2562,7.0714,7.6722,10.546,6.1055,6.9532,17.023,13.04,7.9331,11.972,14.45,9.8557,31.247,21.424,16.732,15.311,28.358,5.6132,4.8132,4.1665,12.192,9.3947,13.973,18.933,15.724,12.102,16.991,9.2863,7.3564,7.3459,13.235,11.518,6.399,9.9102,9.6253,17.189,12.75,6.7424,3.939
1.43,6.8869,5.1773,7.0377,7.6913,10.507,6.1705,6.918,17.186,13.114,7.8681,11.926,14.449,9.8761,30.95,21.258,16.906,15.536,28.709,5.7146,5.0322,4.1612,12.266,9.5317,14.078,19.158,15.773,12.055,17.123,9.3706,7.3204,7.4499,12.94,11.675,6.5789,10.047,9.7583,17.413,12.766,6.9451,3.9488
1.44,6.9922,5.088,6.9997,7.7075,10.452,6.234,6.8766,17.326,13.187,7.9718,11.88,14.442,9.8734,30.647,21.091,17.106,15.673,29.032,5.8278,5.2716,4.1501,12.335,9.6739,14.181,19.383,15.806,11.975,17.259,9.4147,7.3066,7.5416,12.653,11.841,6.7415,10.158,9.8899,17.635,12.779,7.1319,3.9533
1.45,7.0965,5.0757,6.9584,7.7207,10.383,6.2956,6.8288,17.444,13.26,8.089,11.81,14.434,9.8775,30.351,20.941,17.332,15.728,29.347,5.9515,5.5185,4.1307,12.403,9.8206,14.28,19.599,15.824,11.864,17.395,9.4081,7.3156,7.6158,12.378,12.012,6.8879,10.244,10.021,17.851,12.79,7.303,3.9512
1.46,7.1999,5.1726,6.9152,7.7307,10.302,6.4016,6.7729,17.541,13.332,8.2078,11.725,14.422,9.8567,30.054,20.824,17.582,15.718,29.676,6.0833,5.737,4.1198,12.468,9.971,14.541,19.82,15.829,11.727,17.53,9.3451,7.3461,7.6649,12.12,12.187,7.0192,10.309,10.153,18.064,12.803,7.4565,3.946
1.47,7.3032,5.2698,6.8703,7.7374,10.214,6.5313,6.7087,17.619,13.404,8.3284,11.643,14.407,9.8399,29.759,20.749,17.852,15.665,30.031,6.2195,5.9244,4.1087,12.584,10.125,14.882,20.033,15.821,11.575,17.662,9.227,7.3943,7.6827,11.883,12.364,7.1376,10.351,10.285,18.272,12.816,7.5894,3.9415
1.48,7.4054,5.3682,6.8251,7.7414,10.117,6.6451,6.6363,17.676,13.476,8.45,11.559,14.389,9.8073,29.48,20.721,18.141,15.607,30.415,6.3566,6.0779,4.087,12.736,10.28,15.221,20.246,15.804,11.413,17.919,9.0539,7.4555,7.6604,11.669,12.542,7.2456,10.366,10.418,18.471,12.831,7.6971,3.9367
1.49,7.5066,5.4663,6.7804,7.742,10.006,6.7441,6.5573,17.713,13.547,8.5722,11.472,14.401,9.7658,29.217,20.747,18.446,15.584,30.913,6.4907,6.1949,4.0539,12.837,10.438,15.561,20.455,15.78,11.249,18.325,8.8226,7.5237,7.5949,11.598,12.721,7.3458,10.384,10.551,18.66,12.849,7.7737,3.9348
1.5,7.6067,5.5651,6.7372,7.7389,9.8824,6.8295,6.4732,17.78,13.619,8.6952,11.385,14.574,9.7278,28.966,20.82,18.761,15.635,31.748,6.6174,6.31,4.115,12.888,10.597,15.898,20.661,15.75,11.097,18.739,8.5333,7.5938,7.4827,11.561,12.899,7.4412,10.469,10.683,18.837,12.867,7.8142,3.9366
1.51,7.7058,5.6634,6.6965,7.7322,9.7451,6.9022,6.3875,18.385,13.691,8.8185,11.3,14.697,9.6777,28.746,20.933,19.084,15.791,32.611,6.7337,6.4557,4.2022,12.891,10.757,16.231,20.868,15.721,10.966,19.155,8.2384,7.6614,7.3253,11.541,13.079,7.5343,10.518,10.813,19.003,12.888,7.8138,3.9402
1.52,7.8043,5.7614,6.6598,7.7222,9.608,6.9626,6.3031,18.959,13.763,8.9419,11.215,14.766,9.625,28.544,21.082,19.411,16.058,33.479,6.8374,6.5917,4.2733,12.845,10.918,16.56,21.067,15.7,10.866,19.58,7.9536,7.7206,7.1223,11.539,13.261,7.6277,10.525,10.937,19.156,12.909,7.77,3.9465
1.53,7.9018,5.8589,6.6276,7.7089,9.5348,7.012,6.2197,19.499,13.835,9.066,11.138,14.787,9.5805,28.373,21.254,19.737,16.418,34.34,6.9267,6.7175,4.3396,12.855,11.079,16.887,21.271,15.707,10.81,20.018,7.627,7.7693,6.8778,11.553,13.45,7.7234,10.56,11.057,19.297,12.93,7.6828,3.9557
1.54,7.9981,5.955,6.6015,7.6918,9.5466,7.0533,6.135,20.004,13.908,9.19,11.062,14.759,9.5317,28.228,21.438,20.061,16.834,35.167,7.0008,6.8334,4.389,12.902,11.239,17.216,21.467,15.727,10.806,20.466,7.294,7.8059,6.5961,11.583,13.649,7.8232,10.67,11.168,19.425,12.949,7.5599,3.9645
1.55,8.0933,6.0508,6.5826,7.6707,9.5939,7.0877,6.0498,20.472,13.981,9.3155,10.981,14.687,9.4816,28.116,21.625,20.379,17.252,35.954,7.0593,6.9402,4.4233,12.946,11.398,17.543,21.666,15.753,10.864,20.92,7.2099,7.8283,6.2838,11.63,13.861,7.9284,10.764,11.269,19.543,12.965,7.5509,3.9729
1.56,8.1874,6.1447,6.5719,7.6461,9.6367,7.1148,5.9647,20.902,14.054,9.4423,10.897,14.575,9.4417,28.031,21.805,20.69,17.62,36.681,7.1025,7.0386,4.4563,12.986,11.557,17.873,21.86,15.778,10.99,21.372,7.0959,7.8388,5.9494,11.694,14.086,8.04,10.842,11.359,19.653,12.979,7.6939,3.9892
1.57,8.2804,6.2365,6.5707,7.6182,9.6749,7.1333,5.8813,21.292,14.127,9.5721,10.821,14.423,9.4105,27.984,21.966,20.991,17.891,37.352,7.1315,7.1294,4.4762,13.026,11.714,18.202,22.053,15.983,11.189,21.823,6.9579,7.8355,5.9333,11.772,14.388,8.1589,10.904,11.436,19.758,12.988,7.8263,4.0258
1.58,8.3723,6.3272,6.5803,7.5865,9.7087,7.1416,5.8009,21.641,14.201,9.708,10.734,14.235,9.3913,27.962,22.108,21.282,18.034,37.961,7.1482,7.2133,4.4848,13.063,11.87,18.527,22.243,16.849,11.462,22.268,6.8002,7.8225,6.1413,11.864,14.687,8.2846,10.951,11.498,19.858,12.993,7.9471,4.0651
1.59,8.4631,6.4153,6.6011,7.5511,9.7384,7.139,5.725,21.948,14.275,9.8535,10.654,14.125,9.4786,27.981,22.219,21.562,18.035,38.518,7.1531,7.2907,4.484,13.098,12.023,18.849,22.431,17.665,11.804,22.704,6.6253,7.7981,6.3403,11.967,14.982,8.4179,10.985,11.543,19.953,12.994,8.055,4.1058
1.6,8.5531,6.5007,6.6345,7.5126,9.7643,7.126,5.6556,22.211,14.349,10.005,10.569,14.096,9.5591,28.027,22.297,21.83,17.899,39.027,7.1477,7.3623,4.4758,13.132,12.175,19.169,22.617,18.421,12.214,23.13,6.4366,7.887,6.5294,12.08,15.275,8.5573,11.008,11.57,20.043,12.989,8.1493,4.1472
1.61,8.642,6.584,6.6808,7.4714,9.7869,7.1409,5.5942,22.432,14.422,10.157,10.486,14.067,9.6508,28.103,22.345,22.086,17.645,39.502,7.1336,7.4284,4.4622,13.164,12.325,19.486,22.802,19.106,12.684,23.545,6.4994,8.0165,6.7075,12.199,15.565,8.7027,11.022,11.578,20.125,12.979,8.2263,4.1898
1.62,8.7298,6.6646,6.7412,7.4269,9.8077,7.1975,5.5423,22.61,14.496,10.311,10.407,14.038,9.7464,28.214,22.359,22.332,17.302,39.951,7.1131,7.4891,4.4524,13.193,12.471,19.8,22.983,19.726,13.207,23.949,6.5691,8.1322,6.8742,12.325,15.853,8.8542,11.029,11.568,20.196,12.964,8.2836,4.2337
1.63,8.8165,6.742,6.8154,7.38,9.8311,7.2551,5.501,22.745,14.57,10.463,10.325,14.01,9.842,28.632,22.339,22.566,16.903,40.384,7.0884,7.545,4.4417,13.222,12.616,20.11,23.164,20.265,13.774,24.341,6.6307,8.3521,7.0289,12.455,16.141,9.0102,11.032,11.54,20.257,12.944,8.3207,4.2797
1.64,8.9021,6.8164,6.9039,7.3309,9.8607,7.3134,5.4712,22.84,14.643,10.616,10.253,13.985,9.9581,29.323,22.288,22.79,16.568,40.81,7.061,7.5963,4.4302,13.25,12.757,20.415,23.425,20.722,14.376,24.723,6.6823,8.5687,7.1715,12.588,16.433,9.1685,11.032,11.493,20.31,12.924,8.3388,4.3237
1.65,8.9866,6.8877,7.007,7.2798,9.8926,7.3717,5.4536,22.894,14.716,10.768,10.177,13.965,10.077,30.012,22.211,23.005,16.964,41.228,7.0319,7.6429,4.4196,13.275,12.895,20.715,23.938,21.099,15.01,25.094,6.7239,8.7559,7.3029,12.722,16.729,9.3276,11.032,11.428,20.352,12.905,8.3828,4.3636
1.66,9.0698,6.956,7.1241,7.2637,9.9255,7.4293,5.4486,22.912,14.789,10.92,10.105,13.95,10.201,30.693,22.11,23.212,17.328,41.639,7.0017,7.6851,4.4113,13.3,13.032,21.008,24.463,21.4,15.658,25.452,6.7549,8.9147,7.4253,12.857,17.026,9.4857,11.034,11.347,20.383,12.891,8.5467,4.459
1.67,9.152,7.0213,7.2547,7.2996,9.9588,7.4856,5.456,22.891,14.862,11.073,10.037,13.939,10.343,31.365,21.987,23.412,17.661,42.045,6.9706,7.7233,4.4065,13.325,13.246,21.296,24.993,21.623,16.323,25.8,6.7773,9.0476,7.5417,12.993,17.326,9.6414,11.04,11.252,20.406,12.877,8.699,4.695
1.68,9.233,7.0839,7.399,7.3325,9.9913,7.5402,5.4756,22.833,14.935,11.227,9.9637,13.93,10.495,32.026,21.847,23.607,17.96,42.438,6.939,7.758,4.4062,13.348,13.578,21.578,25.527,21.772,16.99,26.138,6.7919,9.1581,7.6519,13.129,17.625,9.794,11.052,11.143,20.419,12.862,8.8405,4.922
1.69,9.3129,7.1437,7.5555,7.3633,10.022,7.5925,5.5063,22.74,15.007,11.383,9.9013,13.925,10.654,32.676,21.696,23.796,18.224,42.811,6.9063,7.7897,4.4112,13.37,13.89,21.853,26.067,21.852,17.654,26.465,6.8019,9.2539,7.7523,13.479,17.92,9.9433,11.069,11.024,20.424,12.842,8.9739,5.1323
1.7,9.3917,7.2012,7.7244,7.3916,10.05,7.6425,5.5476,22.606,15.081,11.543,9.8405,13.922,10.822,33.321,21.533,23.981,18.453,43.157,6.8715,7.8187,4.4223,13.392,14.18,22.122,26.608,21.869,18.309,26.781,6.8106,9.3399,7.8405,13.87,18.209,10.09,11.089,10.895,20.421,12.815,9.1019,5.319
1.71,9.4694,7.257,7.9043,7.4169,10.074,7.69,5.5981,22.434,15.154,11.705,9.7778,13.923,11.01,33.948,21.363,24.163,18.647,43.465,6.8333,7.8458,4.4396,13.414,14.447,22.383,27.15,21.849,18.953,27.087,6.8223,9.4231,7.9143,14.273,18.491,10.235,11.111,10.76,20.413,12.78,9.2261,5.4783
1.72,9.5462,7.312,8.0946,7.4406,10.093,7.7349,5.6564,22.231,15.228,11.868,9.7178,13.927,11.205,34.662,21.191,24.342,18.807,43.728,6.7909,7.8705,4.4636,13.436,14.692,22.637,27.756,21.809,19.578,27.387,6.8407,9.5138,7.9734,14.682,18.765,10.378,11.138,10.62,20.404,12.735,9.3461,5.6069
1.73,9.622,7.368,8.2946,7.4616,10.107,7.7772,5.7212,22.019,15.304,12.032,9.6703,13.937,11.405,35.37,21.014,24.521,18.936,43.937,6.743,7.8941,4.4941,13.457,14.915,22.887,28.486,21.744,20.18,27.676,6.8701,9.605,8.018,15.094,19.03,10.517,11.303,10.477,20.397,12.68,9.4615,5.7025
1.74,9.6968,7.4276,8.5036,7.4802,10.117,7.8169,5.7912,21.816,15.38,12.195,9.6231,13.955,11.616,36.068,20.839,24.698,19.035,44.089,6.6886,7.9167,4.5311,13.479,15.114,23.128,29.21,21.647,20.753,27.955,6.9148,9.6864,8.0487,15.502,19.285,10.654,11.472,10.334,20.395,12.614,9.5709,5.7639
1.75,9.7705,7.4946,8.7208,7.4969,10.123,7.9612,5.865,21.643,15.458,12.356,9.5772,13.989,11.844,36.756,20.663,24.874,19.109,44.179,6.6268,7.9381,4.5742,13.5,15.291,23.359,29.931,21.515,21.296,28.224,6.9788,9.7576,8.0659,15.902,19.527,10.805,11.643,10.192,20.392,12.536,9.6745,5.7911
1.76,9.8433,7.5733,8.9454,7.5108,10.126,8.1592,5.9415,21.508,15.538,12.517,9.533,14.043,12.075,37.43,20.491,25.051,19.16,44.207,6.5564,7.9583,4.623,13.521,15.444,23.581,30.646,21.35,21.805,28.484,7.0661,9.8223,8.0698,16.288,19.756,10.98,11.815,10.053,20.386,12.447,9.7714,5.7856
1.77,9.9152,7.66,9.1767,7.5236,10.128,8.3282,6.0192,21.383,15.62,12.677,9.501,14.216,12.307,38.089,20.32,25.229,19.194,44.173,6.477,7.9777,4.677,13.542,15.573,23.801,31.357,21.162,22.327,28.738,7.1787,9.8826,8.0606,16.656,19.971,11.155,11.985,9.919,20.371,12.346,9.862,5.7509
1.78,9.9864,7.7465,9.4138,7.5334,10.13,8.4669,6.097,21.26,15.706,12.835,9.4739,14.621,12.552,38.731,20.153,25.407,19.215,44.585,6.3893,7.9963,4.7389,13.563,15.677,24.012,32.063,20.96,22.909,28.986,7.3178,9.941,8.0385,17.004,20.171,11.327,12.151,9.7914,20.349,12.444,9.9457,5.6914
1.79,10.057,7.8314,9.6567,7.542,10.131,8.5745,6.1734,21.145,15.796,12.992,9.4494,15.059,12.805,39.354,19.988,25.585,19.23,45.049,6.2934,8.0144,4.8065,13.584,15.757,24.354,32.765,20.767,23.459,29.228,7.4835,9.9988,8.0031,17.326,20.356,11.497,12.312,9.6881,20.317,12.537,10.023,5.6118
1.8,10.127,7.9138,9.904,7.5481,10.13,8.651,6.247,21.194,15.892,13.148,9.4276,15.511,13.055,39.955,19.828,25.765,19.245,45.473,6.1898,8.0315,4.8776,13.605,15.812,24.892,33.468,20.588,23.976,29.466,7.6735,10.058,7.9548,17.623,20.525,11.67,12.465,9.6178,20.279,12.622,10.094,5.5164
1.81,10.196,7.9948,10.156,7.5529,10.128,8.6967,6.3221,21.437,15.994,13.302,9.4087,15.974,13.303,40.531,19.668,25.946,20.013,45.861,6.0788,8.0476,4.9513,13.627,15.846,25.434,34.168,20.387,24.459,29.72,7.885,10.119,7.8926,17.891,20.803,11.859,12.611,9.551,20.232,12.702,10.158,5.4086
1.82,10.263,8.0734,10.412,7.5554,10.121,8.7119,6.411,21.676,16.103,13.456,9.3976,16.449,13.567,41.082,19.515,26.127,21.017,46.211,5.9591,8.0615,5.0269,13.648,15.856,25.975,34.864,20.176,24.907,30.525,8.114,10.182,7.8179,18.134,21.088,12.046,12.747,9.4874,20.177,12.774,10.217,5.2921
1.83,10.331,8.1503,10.671,7.5568,10.111,8.6976,6.4933,21.91,16.219,13.609,9.3949,16.935,13.824,41.605,19.362,26.31,21.991,46.525,5.8316,8.0731,5.1033,13.669,15.842,26.519,35.556,20.209,25.321,31.339,8.3555,10.246,7.7301,18.353,21.369,12.228,12.873,9.4304,20.115,12.841,10.27,5.1707
1.84,10.399,8.2254,10.933,7.5557,10.12,8.655,6.5692,22.141,16.338,13.761,9.395,17.43,14.071,42.105,19.213,26.492,22.928,46.806,5.6964,8.0824,5.1798,13.69,15.806,27.062,36.244,20.181,25.702,32.148,8.6043,10.311,7.7521,18.718,21.643,12.405,12.987,9.379,20.047,12.9,10.317,5.0469
1.85,10.465,8.2983,11.197,7.554,10.197,8.5863,6.6384,22.367,16.462,13.912,9.3978,17.93,14.332,42.576,19.066,26.673,23.823,47.056,5.6191,8.0903,5.2553,13.711,15.746,27.6,36.929,20.101,26.05,32.953,8.8541,10.374,7.8009,19.063,21.911,12.576,13.091,9.3364,19.971,12.954,10.36,4.9241
1.86,10.532,8.3694,11.464,7.5498,10.274,8.4946,6.7007,22.588,16.589,14.064,9.4033,18.43,14.584,43.015,18.92,26.855,24.668,47.272,5.6736,8.0969,5.3288,13.732,15.664,28.132,37.618,19.972,26.364,33.747,9.1008,10.437,7.8407,19.386,22.171,12.742,13.183,9.3019,19.889,13.001,10.396,4.8056
1.87,10.599,8.438,11.733,7.545,10.349,8.4377,6.7562,22.803,16.718,14.216,9.4113,18.931,14.821,43.421,18.777,27.034,25.458,47.454,5.7201,8.1033,5.3995,13.752,15.561,28.655,38.306,19.786,26.645,34.527,9.3393,10.497,7.8718,19.684,22.425,12.904,13.264,9.2766,19.801,13.041,10.427,4.832
1.88,10.665,8.5048,12.003,7.5382,10.422,8.39,6.8055,23.012,16.85,14.37,9.4251,19.429,15.071,43.792,18.634,27.212,26.191,47.607,5.7576,8.1099,5.4664,13.772,15.437,29.167,38.991,19.558,26.894,35.293,9.5685,10.557,7.8943,19.956,22.672,13.062,13.332,9.2623,19.709,13.076,10.45,4.8695
1.89,10.732,8.5702,12.274,7.5301,10.494,8.3353,6.8492,23.217,16.985,14.527,9.4465,19.927,15.306,44.125,18.495,27.389,26.863,47.727,5.786,8.1179,5.5375,13.791,15.333,29.669,39.675,19.284,27.112,36.047,9.7869,10.614,7.9082,20.202,22.912,13.215,13.392,9.2583,19.613,13.105,10.468,4.9056
1.9,10.8,8.6344,12.546,7.521,10.564,8.3649,6.8877,23.417,17.122,14.687,9.49,20.421,15.531,44.429,18.355,27.564,27.473,47.812,5.8058,8.1279,5.6048,13.811,15.442,30.159,40.358,18.962,27.299,36.89,9.9874,10.67,7.9135,20.423,23.146,13.365,13.44,9.2652,19.512,13.127,10.48,4.9402
1.91,10.869,8.6971,12.818,7.5099,10.632,8.3934,6.9204,23.611,17.26,14.851,9.5373,20.913,15.759,44.693,18.216,27.735,28.02,47.864,5.8164,8.1408,5.666,13.829,15.544,30.807,41.044,18.61,27.458,37.922,10.165,10.726,7.9096,20.622,23.373,13.513,13.481,9.2842,19.409,13.144,10.488,5.0807
1.92,10.939,8.7583,13.091,7.4985,10.699,8.421,6.9472,23.8,17.4,15.017,9.5892,21.402,15.966,44.917,18.077,27.904,28.506,47.884,5.8181,8.1574,5.7202,13.847,15.639,31.578,41.727,18.215,27.591,38.934,10.321,10.782,7.8963,20.967,23.592,13.66,13.512,9.3151,19.302,13.155,10.492,5.2129
1.93,11.01,8.8177,13.363,7.4854,10.764,8.4474,6.9686,23.984,17.542,15.184,9.643,21.888,16.184,45.1,17.937,28.07,28.932,47.869,5.8118,8.1788,5.7665,13.865,15.728,32.341,42.409,17.788,27.7,39.924,10.453,10.839,7.8731,21.484,23.805,13.808,13.537,9.3578,19.192,13.16,10.494,5.3316
1.94,11.082,8.8749,13.634,7.471,10.827,8.4728,6.9842,24.164,17.684,15.353,9.6914,22.371,16.38,45.244,17.798,28.233,29.302,47.818,5.7979,8.2061,5.8041,13.882,15.812,33.09,43.088,17.331,27.783,40.893,10.568,10.899,7.8395,21.992,24.01,13.956,13.554,9.4123,19.078,13.159,10.491,5.4377
1.95,11.156,8.9303,13.905,7.4561,10.887,8.4971,6.9947,24.338,17.826,15.523,9.7399,22.85,16.586,45.351,17.655,28.394,29.616,47.737,5.7771,8.2397,5.9093,13.898,15.893,33.825,43.764,16.843,27.843,41.842,10.663,10.962,7.7951,22.488,24.209,14.103,13.566,9.4787,18.961,13.152,10.483,5.5314
1.96,11.232,8.9837,14.175,7.6435,10.946,8.5203,7.0009,24.507,17.969,15.694,9.7937,23.325,16.783,45.424,17.512,28.551,29.877,47.622,5.7499,8.2803,6.0206,13.913,15.972,34.545,44.441,16.333,27.879,42.77,10.731,11.029,7.7394,22.971,24.399,14.247,13.571,9.5572,18.84,13.14,10.471,5.6112
1.97,11.31,9.0348,14.443,7.8323,11.002,8.5426,7.0032,24.671,18.111,15.865,9.8416,23.797,16.976,45.456,17.364,28.706,30.086,47.474,5.7175,8.329,6.1271,13.926,16.054,35.256,45.114,15.799,27.892,43.683,10.773,11.101,7.6723,23.445,24.583,14.386,13.571,9.6466,18.717,13.122,10.453,5.6762
1.98,11.39,9.0835,14.709,8.0172,11.056,8.5637,7.0023,24.828,18.253,16.038,9.9203,24.265,17.177,45.447,17.214,28.859,30.246,47.297,5.6816,8.386,6.2808,13.94,16.141,35.951,45.783,15.436,27.883,44.576,10.789,11.177,7.5937,23.908,24.759,14.519,13.566,9.7464,18.592,13.098,10.431,5.7253
1.99,11.472,9.1307,14.974,8.1984,11.108,8.5839,6.9995,24.982,18.394,16.211,10.028,24.727,17.382,45.397,17.058,29.009,30.359,47.091,5.6455,8.4517,6.4375,13.952,16.237,36.63,46.446,15.375,27.852,45.45,10.775,11.259,7.5049,24.361,24.928,14.644,13.557,9.8677,18.464,13.069,10.405,5.757
2,11.556,9.3736,15.236,8.3763,11.157,8.603,6.995,25.13,18.65,16.386,10.137,25.184,17.593,45.312,17.024,29.158,30.43,46.858,5.6126,8.5264,6.5976,13.963,16.342,37.295,47.105,15.312,27.802,46.307,10.734,11.346,7.4057,24.805,25.087,14.761,13.545,10.013,18.334,13.035,10.376,5.77
2.01,11.644,9.6516,15.497,8.5513,11.203,8.621,6.9895,25.273,18.903,16.56,10.238,25.636,17.811,45.194,17.161,29.305,30.462,46.599,5.5811,8.6102,6.7551,13.973,16.452,37.944,47.757,15.242,27.735,47.147,10.67,11.438,7.2967,25.24,25.239,14.87,13.529,10.167,18.204,12.995,10.344,5.7627
2.02,11.733,9.9257,15.754,8.7236,11.247,8.638,6.9843,25.411,19.154,16.736,10.344,26.081,18.039,45.038,17.301,29.451,30.456,46.317,5.5486,8.7031,6.9082,13.982,16.567,38.577,48.405,15.172,27.648,47.977,10.586,11.535,7.1797,25.669,25.382,14.971,13.511,10.329,18.072,12.95,10.31,5.7343
2.03,11.825,10.196,16.009,8.8933,11.288,8.6541,6.9797,25.544,19.404,16.912,10.438,26.52,18.273,44.846,17.443,29.595,30.418,46.01,5.5139,8.8048,7.0569,13.99,16.684,39.196,49.047,15.094,27.543,48.794,10.486,11.644,7.056,26.089,25.517,15.063,13.491,10.498,17.939,12.901,10.273,5.8099
2.04,11.919,10.462,16.262,9.0602,11.327,8.6691,6.9762,25.671,19.652,17.088,10.538,26.951,18.51,44.621,17.586,29.752,30.352,45.683,5.4771,8.9151,7.2091,13.997,16.805,39.804,49.686,15.013,27.42,49.596,10.374,11.76,6.9263,26.501,25.644,15.149,13.469,10.673,17.805,12.847,10.236,5.8823
2.05,12.016,10.724,16.511,9.2241,11.364,8.6831,6.9744,25.794,19.898,17.265,10.625,27.375,18.744,44.368,17.73,30.259,30.259,45.335,5.4383,9.0334,7.3591,14.002,16.929,40.397,50.322,14.928,27.283,50.382,10.254,11.88,6.7936,26.907,25.762,15.227,13.447,10.852,17.672,12.788,10.197,5.9373
2.06,12.113,10.982,16.758,9.3849,11.398,8.6961,6.9747,25.913,20.143,17.44,10.718,27.791,18.984,44.081,17.874,30.757,30.146,44.966,5.3978,9.1595,7.5156,14.007,17.058,40.977,50.956,14.835,27.136,51.153,10.126,12.003,6.6581,27.305,25.872,15.299,13.423,11.035,17.539,12.726,10.158,5.9741
2.07,12.213,11.236,17.002,9.5424,11.43,8.7081,6.9775,26.025,20.387,17.615,10.798,28.198,19.217,43.76,18.015,31.246,30.012,44.579,5.3562,9.2922,7.6707,14.011,17.188,41.544,51.587,14.74,26.973,51.912,10.171,12.13,6.5231,27.696,25.973,15.366,13.4,11.22,17.407,12.659,10.118,5.9926
2.08,12.313,11.485,17.242,9.6967,11.459,8.7192,6.9834,26.133,20.63,17.789,10.881,28.597,19.43,43.405,18.157,31.724,29.862,44.17,5.3142,9.4313,7.8282,14.014,17.321,42.098,52.213,14.642,26.799,52.653,10.223,12.261,6.3887,28.08,26.067,15.433,13.377,11.406,17.276,12.589,10.077,5.9931
2.09,12.413,11.73,17.479,9.8484,11.486,8.7292,6.9928,26.235,20.875,17.961,10.955,28.987,19.652,43.396,18.294,32.193,29.698,43.744,5.273,9.5758,7.9827,14.017,17.453,42.639,52.836,14.535,26.622,53.376,10.252,12.399,6.2571,28.456,26.152,15.503,13.415,11.592,17.147,12.515,10.036,5.9774
2.1,12.514,11.97,17.712,9.9974,11.512,8.7385,7.018,26.332,21.12,18.132,11.028,29.368,19.848,43.383,18.428,32.65,29.522,43.294,5.2349,9.7245,8.1368,14.019,17.584,43.168,53.453,14.425,26.433,54.082,10.258,12.543,6.1297,28.825,26.292,15.576,13.488,11.777,17.02,12.438,9.994,5.9473
2.11,12.614,12.207,17.942,10.144,11.536,8.7467,7.0633,26.425,21.366,18.302,11.095,29.74,20.042,43.345,18.557,33.098,29.338,42.825,5.2039,9.8771,8.2895,14.021,17.714,43.685,54.065,14.314,26.238,54.771,10.244,12.694,6.213,29.188,26.436,15.645,13.564,11.961,16.894,12.358,9.9514,5.9044
2.12,12.714,12.438,18.168,10.289,11.557,8.7541,7.1134,26.512,21.615,18.47,11.157,30.103,20.217,43.282,18.682,33.535,29.145,42.331,5.1786,10.032,8.4427,14.022,17.842,44.19,54.671,14.195,26.041,55.444,10.21,12.854,6.3771,29.543,26.573,15.718,13.643,12.141,16.771,12.275,9.9079,5.8539
2.13,12.814,12.664,18.391,10.432,11.576,8.7606,7.1674,26.594,21.869,18.636,11.215,30.457,20.381,43.194,18.801,33.961,28.945,41.814,5.1551,10.189,8.6886,14.023,17.967,44.681,55.272,14.071,25.834,56.102,10.162,13.025,6.5167,29.892,26.704,15.801,13.725,12.319,16.651,12.189,9.8636,5.7986
2.14,12.913,12.886,18.609,10.574,11.594,8.7663,7.2263,26.67,22.125,18.801,11.265,30.802,20.536,43.082,18.913,34.376,28.741,41.27,5.1757,10.347,8.9289,14.023,18.089,45.159,55.867,13.945,25.632,56.753,10.1,13.207,6.6314,30.233,26.829,15.892,13.81,12.492,16.532,12.1,9.819,5.7432
2.15,13.012,13.103,18.823,10.713,11.61,8.7711,7.2888,26.742,22.383,18.963,11.312,31.137,20.668,42.944,19.019,34.78,28.532,40.701,5.3153,10.505,9.1622,14.024,18.209,45.625,56.458,13.817,25.423,57.393,10.028,13.475,6.7223,30.568,26.95,15.981,13.898,12.661,16.418,12.009,9.7746,5.6922
2.16,13.11,13.315,19.033,10.851,11.624,8.7751,7.3554,26.809,22.641,19.124,11.35,31.463,20.801,42.782,19.116,35.173,28.32,40.103,5.454,10.662,9.3942,14.024,18.325,46.079,57.044,13.682,25.218,58.019,9.9485,13.759,6.7907,30.896,27.066,16.064,13.989,12.825,16.306,11.917,9.7332,5.6499
2.17,13.207,13.521,19.239,10.988,11.636,8.7783,7.4253,26.87,22.899,19.283,11.382,31.78,20.905,42.596,19.207,35.555,28.104,39.476,5.5917,10.817,9.6141,14.025,18.439,46.643,57.624,13.542,25.012,58.63,9.8635,14.04,6.8379,31.219,27.176,16.141,14.082,12.984,16.198,11.822,9.6953,5.6196
2.18,13.305,13.723,19.44,11.122,11.647,8.7807,7.4984,26.927,23.154,19.441,11.408,32.088,21.061,42.385,19.289,35.926,27.887,38.822,5.7276,10.969,9.8266,14.025,18.55,47.232,58.197,13.402,24.809,59.226,9.776,14.314,6.8645,31.535,27.282,16.225,14.177,13.137,16.093,11.725,9.66,5.6035
2.19,13.401,13.919,19.637,11.255,11.657,8.7825,7.574,26.977,23.407,19.596,11.424,32.386,21.263,42.155,19.364,36.288,27.665,38.138,5.862,11.119,10.036,14.026,18.659,47.797,58.764,13.258,24.61,59.805,9.7822,14.577,6.8714,31.846,27.384,16.318,14.274,13.284,15.992,11.627,9.6265,5.6028
2.2,13.497,14.11,19.829,11.385,11.664,8.7836,7.6519,27.023,23.657,19.75,11.437,32.676,21.446,41.903,19.429,36.642,27.44,37.427,5.9941,11.264,10.231,14.027,18.766,48.337,59.323,13.109,24.414,60.368,9.8285,14.819,6.8599,32.148,27.482,16.411,14.373,13.425,15.894,11.527,9.5933,5.6187
2.21,13.593,14.295,20.016,11.513,11.671,8.7839,7.7312,27.064,23.902,19.901,11.436,32.958,21.622,41.625,19.487,36.987,27.211,36.69,6.124,11.405,10.418,14.029,18.87,48.863,59.874,12.962,24.224,60.914,9.8757,15.034,6.8314,32.444,27.576,16.492,14.473,13.56,15.802,11.425,9.5596,5.732
2.22,13.688,14.473,20.199,11.638,11.675,8.7835,7.8119,27.099,24.141,20.05,11.474,33.231,21.791,41.324,19.535,37.323,26.978,35.93,6.2518,11.54,10.6,14.031,18.972,49.37,60.418,12.893,24.037,61.441,9.9147,15.293,6.7885,32.732,27.667,16.56,14.572,13.688,15.713,11.323,9.5239,5.8844
2.23,13.781,14.645,20.377,11.76,11.678,8.7826,7.8928,27.128,24.378,20.197,11.546,33.496,21.938,40.998,19.577,37.649,26.739,35.554,6.3775,11.67,10.767,14.034,19.071,49.854,60.953,12.823,23.857,61.951,10.02,15.635,6.7333,33.013,27.753,16.61,14.671,13.81,15.629,11.219,9.4859,6.0289
2.24,13.875,14.81,20.551,11.879,11.68,8.7811,7.9742,27.151,24.608,20.342,11.615,33.753,22.093,40.659,19.609,37.966,26.495,35.184,6.5012,11.794,10.93,14.038,19.167,50.315,61.479,12.752,23.683,62.49,10.131,15.994,6.6684,33.285,27.837,16.645,14.77,13.927,15.55,11.115,9.4448,6.1652
2.25,13.967,14.968,20.719,11.995,11.68,8.7789,8.0548,27.17,24.833,20.485,11.683,34.001,22.222,40.296,19.635,38.272,26.243,34.784,6.623,11.912,11.083,14.042,19.258,50.759,61.996,12.679,23.515,63.128,10.243,16.368,6.5964,33.549,27.917,16.663,14.867,14.037,15.475,11.009,9.4004,6.293
2.26,14.059,15.119,20.883,12.108,11.678,8.7762,8.1344,27.183,25.051,20.626,11.748,34.24,22.353,39.908,19.653,38.567,25.984,34.354,6.7431,12.023,11.22,14.048,19.346,51.18,62.503,12.608,23.354,63.737,10.36,16.755,6.5193,33.804,27.993,16.668,14.961,14.142,15.405,10.902,9.3527,6.4121
2.27,14.15,15.264,21.042,12.218,11.675,8.7729,8.2127,27.19,25.265,20.962,11.811,34.472,22.467,39.509,19.664,38.851,25.718,33.901,6.8612,12.127,11.357,14.054,19.429,51.575,63.001,12.536,23.199,64.321,10.479,17.154,6.5488,34.049,28.066,16.66,15.051,14.241,15.34,10.794,9.3018,6.5223
2.28,14.24,15.401,21.196,12.326,11.67,8.7691,8.2887,27.191,25.473,21.443,11.872,34.697,22.572,39.088,19.668,39.124,25.442,33.423,6.9772,12.223,11.479,14.063,19.506,51.947,63.489,12.462,23.051,64.885,10.625,17.563,6.5664,34.285,28.136,16.639,15.138,14.335,15.28,10.685,9.2476,6.6239
2.29,14.329,15.531,21.345,12.43,11.663,8.7649,8.3621,27.188,25.675,21.914,11.93,34.914,22.671,38.644,19.666,39.385,25.157,32.923,7.0905,12.313,11.585,14.072,19.578,52.294,63.967,12.388,22.91,65.422,10.856,17.98,6.5623,34.51,28.203,16.604,15.22,14.424,15.225,10.576,9.1908,6.7168
2.3,14.418,15.654,21.49,12.534,11.656,8.7602,8.4331,27.179,25.87,22.375,11.987,35.123,22.754,38.194,19.659,39.634,24.861,32.407,7.2011,12.395,11.689,14.083,19.644,52.621,64.768,12.314,22.777,65.932,11.058,18.403,6.5382,34.727,28.266,16.556,15.296,14.508,15.175,10.466,9.1311,6.8016
2.31,14.505,15.769,21.629,12.636,11.646,8.7551,8.5006,27.165,26.093,22.826,12.042,35.325,22.837,37.721,19.645,39.873,24.553,31.876,7.3088,12.47,11.78,14.097,19.703,52.931,65.584,12.24,22.65,66.415,11.228,18.83,6.4956,34.933,28.326,16.495,15.367,14.588,15.13,10.356,9.0683,6.8785
2.32,14.592,15.878,21.763,12.737,11.635,8.7495,8.5644,27.146,26.601,23.268,12.095,35.521,22.9,37.237,19.629,40.099,24.232,31.337,7.4135,12.538,11.855,14.112,19.757,53.218,66.389,12.291,22.53,66.883,11.366,19.258,6.4364,35.13,28.383,16.422,15.431,14.664,15.091,10.245,9.0031,6.9482
2.33,14.678,15.979,21.893,12.839,11.623,8.7436,8.6243,27.122,27.095,23.7,12.147,35.709,22.967,36.739,19.607,40.312,23.898,30.792,7.5155,12.599,11.916,14.13,19.803,53.485,67.189,12.705,22.418,67.325,11.472,19.685,6.3622,35.315,28.435,16.338,15.489,14.735,15.058,10.134,8.9357,7.0111
2.34,14.764,16.074,22.018,12.977,11.608,8.7374,8.6803,27.095,27.575,24.148,12.196,35.975,23.009,36.226,19.581,40.513,23.55,30.247,7.6142,12.653,11.977,14.15,19.844,53.73,67.973,13.11,22.309,67.742,11.547,20.108,6.274,35.491,28.484,16.243,15.54,14.803,15.029,10.286,8.8655,7.0678
2.35,14.848,16.163,22.138,13.111,11.593,8.7308,8.7321,27.063,28.04,24.601,12.245,36.595,23.061,35.707,19.553,40.701,23.188,29.707,7.7099,12.7,12.022,14.346,19.877,53.956,68.741,13.503,22.21,68.135,11.59,20.524,6.1728,35.656,28.528,16.135,15.583,14.867,15.006,10.49,8.7941,7.1187
2.36,14.933,16.248,22.254,13.242,11.576,8.7239,8.7793,27.027,28.491,25.043,12.29,37.204,23.087,35.172,19.521,40.878,22.813,29.177,7.8024,12.742,12.051,14.555,19.904,54.167,69.5,13.889,22.115,68.503,11.6,20.985,6.0603,35.811,28.568,16.014,15.618,14.927,14.989,10.688,8.7204,7.1643
2.37,15.017,16.329,22.365,13.37,11.558,8.7168,8.8219,26.987,28.928,25.474,12.334,37.802,23.115,34.635,19.488,41.044,22.754,28.661,7.8917,12.778,12.068,14.758,19.924,54.356,70.246,14.26,22.026,68.855,11.58,21.603,5.9545,35.957,28.604,15.879,15.646,14.985,14.976,10.878,8.6453,7.2056
2.38,15.1,16.407,22.472,13.495,11.539,8.7094,8.8597,26.944,29.352,25.895,12.375,38.389,23.125,34.083,19.452,41.2,23.004,28.163,7.9777,12.808,12.084,14.957,19.937,54.525,70.976,14.617,21.942,69.183,11.53,22.208,5.9398,36.09,28.634,15.733,15.665,15.038,14.97,11.062,8.5687,7.2429
2.39,15.182,16.483,22.574,13.616,11.518,8.7018,8.8927,26.896,29.764,26.304,12.411,38.964,23.128,33.678,19.415,41.345,23.252,27.688,8.0602,12.833,12.085,15.15,19.944,54.673,71.689,14.964,21.861,69.487,11.454,22.787,5.9447,36.214,28.72,15.574,15.676,15.09,14.969,11.236,8.4909,7.2776
2.4,15.264,16.557,22.673,13.734,11.497,8.694,8.9209,26.844,30.164,26.704,12.448,39.528,23.123,33.426,19.377,41.478,23.497,27.24,8.1394,12.854,12.072,15.337,19.944,54.802,72.394,15.294,21.786,69.768,11.754,23.328,5.944,36.325,28.878,15.405,15.68,15.138,14.973,11.402,8.4123,7.3102
2.41,15.346,16.63,22.767,13.848,11.473,8.686,8.9442,26.787,30.555,27.095,12.476,40.081,23.098,33.17,19.338,41.599,23.739,26.82,8.2153,12.872,12.113,15.52,19.939,54.914,73.085,15.612,21.714,70.026,12.097,23.823,5.9379,36.424,29.019,15.225,15.678,15.184,14.982,11.558,8.3326,7.3424
2.42,15.426,16.701,22.857,13.958,11.449,8.7643,8.9626,26.727,30.936,27.477,12.51,40.622,23.077,32.914,19.299,41.708,23.975,26.434,8.2878,12.887,12.2,15.697,19.929,55.016,73.759,15.92,21.643,70.269,12.475,24.273,5.9273,36.51,29.143,15.035,15.672,15.229,14.997,11.705,8.2526,7.3767
2.43,15.506,16.771,22.945,14.065,11.424,9.0137,8.9763,26.663,31.308,27.853,12.534,41.152,23.123,32.657,19.259,41.803,24.206,26.082,8.3564,12.9,12.282,15.869,19.912,55.1,74.416,16.238,21.577,70.492,12.882,24.678,5.9123,36.583,29.252,14.836,15.667,15.271,15.017,11.841,8.172,7.4195
2.44,15.585,16.84,23.029,14.167,11.397,9.2584,8.9855,26.595,31.671,28.223,12.558,41.671,23.216,32.397,19.219,41.886,24.43,25.765,8.456,12.911,12.343,16.036,19.89,55.168,75.059,16.551,21.512,70.693,13.308,25.037,5.8933,36.644,29.352,14.628,15.668,15.311,15.042,12.016,8.0913,7.4733
2.45,15.664,16.907,23.11,14.266,11.369,9.4977,8.9902,26.523,32.026,28.587,12.579,42.179,23.294,32.134,19.18,41.955,24.646,25.484,8.6043,12.922,12.383,16.197,19.864,55.22,75.691,16.853,21.446,70.874,13.745,25.351,5.8704,36.692,29.443,14.412,15.68,15.35,15.072,12.246,8.0106,7.532
2.46,15.773,16.972,23.19,14.361,11.34,9.7309,8.9907,26.449,32.372,28.948,12.593,42.675,23.376,31.874,19.141,42.008,24.853,25.239,8.7457,12.934,12.423,16.354,19.833,55.262,76.305,17.144,21.384,71.035,14.186,25.625,5.8439,36.727,29.524,14.261,15.694,15.388,15.107,12.462,7.9299,7.5928
2.47,15.892,17.086,23.269,14.453,11.309,9.9576,8.9877,26.372,32.711,29.302,12.611,43.16,23.451,31.61,19.101,42.047,25.052,25.029,8.8796,12.945,12.444,16.505,19.798,55.292,76.902,17.422,21.321,71.179,14.625,25.853,5.8139,36.75,29.594,14.344,15.705,15.425,15.147,12.664,7.8499,7.6525
2.48,16.008,17.258,23.347,14.543,11.277,10.177,8.981,26.295,33.042,29.649,12.62,43.633,23.515,31.344,19.062,42.07,25.24,24.853,9.0055,12.958,12.445,16.651,19.76,55.382,77.482,17.685,21.256,71.309,15.057,26.036,5.7807,36.76,29.66,14.423,15.712,15.461,15.192,12.851,7.7703,7.71
2.49,16.122,17.434,23.427,14.629,11.244,10.39,8.9712,26.221,33.368,29.988,12.628,44.093,23.586,31.081,19.024,42.076,25.417,24.71,9.1233,12.973,12.435,16.793,19.717,55.498,78.05,17.935,21.192,71.42,15.479,26.179,5.7442,36.759,29.726,14.498,15.714,15.497,15.241,13.024,7.6917,7.7804
2.5,16.232,17.614,23.506,14.711,11.21,10.594,8.9583,26.153,33.689,30.317,12.635,44.54,23.644,30.816,18.986,42.066,25.584,24.596,9.2333,12.99,12.419,16.93,19.673,55.604,78.605,18.172,21.126,71.513,15.888,26.282,5.7042,36.745,29.791,14.584,15.711,15.533,15.295,13.182,7.6143,7.921
2.51,16.339,17.799,23.586,14.789,11.276,10.791,8.9427,26.089,34.006,30.636,12.633,44.974,23.691,30.55,18.947,42.038,25.739,24.509,9.3356,13.01,12.385,17.063,19.731,55.704,79.142,18.396,21.056,71.588,16.282,26.337,5.6608,36.718,29.855,14.671,15.724,15.569,15.353,13.326,7.5518,8.0524
2.52,16.443,17.99,23.666,14.864,11.334,10.981,8.9242,26.029,34.323,30.944,12.634,45.392,23.745,30.287,18.91,41.992,25.882,24.447,9.429,13.034,12.334,17.191,19.82,55.793,79.662,18.607,20.986,71.645,16.659,26.341,5.7035,36.679,29.918,14.757,15.879,15.604,15.416,13.456,7.7089,8.173
2.53,16.542,18.183,23.746,14.934,11.384,11.181,8.9027,25.974,34.64,31.242,12.631,45.799,23.785,30.02,18.871,41.929,26.013,24.406,9.5141,13.063,12.277,17.317,19.906,55.872,80.165,18.806,20.913,71.691,17.021,26.287,5.7798,36.627,29.973,14.84,16.027,15.64,15.483,13.572,7.8497,8.284
2.54,16.639,18.375,23.825,15,11.428,11.389,8.8785,25.982,34.957,31.528,12.619,46.191,23.812,29.757,18.832,41.846,26.132,24.383,9.5901,13.098,12.213,17.44,19.99,55.942,80.652,18.994,20.835,71.722,17.367,26.173,5.8573,36.563,30.017,14.919,16.168,15.677,15.554,13.675,7.9744,8.3838
2.55,16.731,18.562,23.903,15.063,11.473,11.592,8.8516,26.513,35.274,31.802,12.613,46.568,23.847,29.492,18.794,41.747,26.238,24.374,9.6581,13.14,12.133,17.56,20.07,56.002,81.129,19.172,20.774,71.736,17.699,26.002,5.9357,36.485,30.051,14.996,16.302,15.713,15.629,13.766,8.0829,8.4732
2.56,16.82,18.741,23.98,15.124,11.521,11.791,8.8219,27.038,35.589,32.065,12.601,46.931,23.87,29.23,18.755,41.629,26.332,24.378,9.7516,13.188,12.04,17.678,20.147,56.053,81.589,19.34,20.814,71.734,18.015,25.778,6.0151,36.394,30.072,15.07,16.428,15.751,15.707,13.846,8.1758,8.5509
2.57,16.904,18.912,24.056,15.181,11.566,11.984,8.7896,27.556,35.9,32.315,12.581,47.28,23.88,28.966,18.714,41.494,26.413,24.39,9.9639,13.243,11.94,17.793,20.223,56.097,82.032,19.498,20.853,71.717,18.316,25.499,6.0953,36.291,30.081,15.141,16.546,15.789,15.789,13.914,8.2537,8.6181
2.58,16.986,19.075,24.131,15.236,11.607,12.172,8.755,28.066,36.205,32.553,12.569,47.614,23.886,28.706,18.672,41.341,26.482,24.408,10.151,13.306,11.837,17.906,20.295,56.133,82.458,19.646,20.89,71.688,18.599,25.169,6.1764,36.175,30.077,15.209,16.657,15.828,15.875,13.972,8.3175,8.673
2.59,17.062,19.228,24.205,15.29,11.644,12.353,8.7181,28.566,36.505,32.778,12.548,47.932,23.893,28.445,18.63,41.169,26.539,24.429,10.312,13.376,11.722,18.018,20.365,56.163,82.869,19.784,20.923,71.651,18.865,24.794,6.2585,36.045,30.062,15.274,16.758,15.867,15.964,14.021,8.3684,8.7172
2.6,17.135,19.374,24.277,15.344,11.675,12.529,8.6793,29.055,36.799,32.992,12.521,48.236,23.887,28.189,18.585,40.981,26.584,24.452,10.447,13.454,11.612,18.127,20.432,56.187,83.263,19.909,20.952,71.599,19.112,24.386,6.3414,35.902,30.036,15.337,16.852,15.907,16.057,14.062,8.4073,8.7492
2.61,17.204,19.511,24.348,15.397,11.701,12.7,8.6389,29.533,37.086,33.195,12.553,48.522,23.867,27.93,18.539,40.774,26.618,24.474,10.555,13.542,11.513,18.234,20.495,56.204,83.643,20.023,20.98,71.535,19.338,24.175,6.4252,35.749,30,15.397,16.937,15.948,16.152,14.094,8.4356,8.7686
2.62,17.268,19.641,24.416,15.45,11.729,12.866,8.5971,29.997,37.365,33.389,12.586,48.795,23.852,27.678,18.491,40.551,26.639,24.494,10.638,13.638,11.41,18.339,20.557,56.214,84.011,20.124,21.001,71.458,19.539,23.98,6.5099,35.583,29.954,15.455,17.014,15.989,16.251,14.12,8.4545,8.7755
2.63,17.328,19.763,24.484,15.502,11.824,13.031,8.5548,30.45,37.638,33.573,12.623,49.05,23.83,27.426,18.44,40.309,26.65,24.511,10.694,13.742,11.309,18.441,20.616,56.215,84.363,20.214,21.019,71.374,19.715,23.765,6.5956,35.406,29.898,15.511,17.083,16.032,16.352,14.14,8.465,8.7705
2.64,17.383,19.881,24.551,15.553,11.912,13.227,8.5129,30.89,37.907,33.747,12.657,49.289,23.795,27.176,18.386,40.05,26.65,24.525,10.724,13.851,11.201,18.54,20.672,56.209,84.698,20.294,21.033,71.282,19.865,23.533,6.6825,35.219,29.834,15.565,17.143,16.075,16.456,14.154,8.4688,8.7528
2.65,17.434,19.995,24.616,15.603,11.991,13.418,8.4743,31.316,38.173,33.913,12.689,49.509,23.748,26.931,18.331,40.054,26.641,24.533,10.729,13.965,11.096,18.636,20.726,56.195,85.018,20.361,21.04,71.178,19.989,23.287,6.7706,35.021,29.76,15.616,17.196,16.118,16.562,14.165,8.4665,8.7227
2.66,17.481,20.105,24.68,15.651,12.062,13.603,8.4387,31.728,38.439,34.067,12.719,49.714,23.708,26.686,18.271,40.176,26.622,24.537,10.709,14.083,10.986,18.728,20.777,56.174,85.323,20.417,21.046,71.062,20.083,23.027,6.8601,34.814,29.679,15.667,17.241,16.162,16.671,14.173,8.4598,8.6806
2.67,17.524,20.209,24.742,15.696,12.123,13.78,8.4036,32.127,38.708,34.212,12.75,49.9,23.658,26.447,18.208,40.293,26.594,24.537,10.666,14.205,10.879,18.816,20.826,56.145,85.611,20.462,21.044,70.935,20.147,22.756,6.9509,34.599,29.592,15.715,17.278,16.207,16.782,14.178,8.4495,8.6268
2.68,17.562,20.308,24.803,15.74,12.175,13.949,8.3683,32.51,39,34.345,12.783,50.07,23.597,26.21,18.143,40.405,26.557,24.533,10.599,14.332,10.811,18.899,20.872,56.11,85.884,20.498,21.038,70.8,20.179,22.475,7.0431,34.375,29.5,15.762,17.309,16.252,16.895,14.183,8.4369,8.5618
2.69,17.596,20.401,24.862,15.782,12.22,14.11,8.3326,32.88,39.292,34.466,12.813,50.222,23.524,25.975,18.073,40.511,26.513,24.527,10.511,14.462,10.767,18.978,20.916,56.069,86.141,20.526,21.026,70.657,20.179,22.188,7.1369,34.144,29.402,15.809,17.332,16.297,17.01,14.186,8.4233,8.4863
2.7,17.625,20.488,24.919,15.823,12.258,14.263,8.2965,33.233,39.574,34.576,12.841,50.356,23.456,25.746,17.999,40.611,26.462,24.518,10.402,14.596,10.717,19.053,20.957,56.02,86.386,20.546,21.008,70.503,20.149,21.895,7.232,33.906,29.3,15.853,17.35,16.343,17.127,14.191,8.4095,8.4005
2.71,17.651,20.569,24.973,15.864,12.29,14.409,8.26,33.571,39.845,34.675,12.867,50.474,23.381,25.521,17.922,40.705,26.404,24.507,10.373,14.734,10.66,19.124,20.996,55.964,86.617,20.56,20.985,70.337,20.09,21.598,7.3285,33.662,29.193,15.898,17.361,16.39,17.246,14.197,8.3966,8.3051
2.72,17.672,20.641,25.025,15.904,12.317,14.547,8.223,33.894,40.107,34.76,12.899,50.573,23.295,25.298,17.84,40.794,26.342,24.497,10.376,14.876,10.601,19.19,21.033,55.899,86.833,20.568,20.956,70.161,20.118,21.299,7.4261,33.409,29.082,15.942,17.366,16.437,17.367,14.204,8.3858,8.2006
2.73,17.689,20.706,25.075,15.942,12.34,14.679,8.1861,34.201,40.358,34.835,12.929,50.657,23.197,25.079,17.753,40.903,26.275,24.489,10.479,15.022,10.544,19.252,21.067,55.826,87.033,20.567,20.922,70.024,20.197,21.002,7.525,33.149,28.968,15.986,17.365,16.484,17.489,14.215,8.3781,8.0875
2.74,17.702,20.763,25.122,15.979,12.359,14.805,8.149,34.491,40.598,34.898,12.957,50.723,23.101,24.867,17.663,41.014,26.204,24.485,10.58,15.171,10.481,19.309,21.1,55.746,88.109,20.557,20.881,69.947,20.259,20.708,7.6247,32.881,28.855,16.03,17.432,16.531,17.612,14.23,8.3742,7.9665
2.75,17.712,20.813,25.166,16.013,12.374,14.928,8.1118,34.765,40.83,34.95,12.983,50.771,23.003,24.658,17.569,41.121,26.13,24.485,10.671,15.324,10.414,19.362,21.13,55.662,89.718,20.539,20.834,69.863,20.309,20.417,7.725,32.607,28.744,16.074,17.691,16.579,17.736,14.248,8.3753,7.9139
2.76,17.717,20.856,25.208,16.046,12.385,15.048,8.0748,35.023,41.051,34.991,13.009,50.803,22.894,24.453,17.469,41.225,26.055,24.491,10.752,15.48,10.343,19.411,21.157,55.571,91.274,20.51,20.782,69.772,20.35,20.13,7.8256,32.327,28.631,16.12,17.925,16.627,17.862,14.272,8.3822,7.8845
2.77,17.72,20.891,25.247,16.075,12.394,15.168,8.038,35.267,41.262,35.021,13.039,50.818,22.774,24.251,17.366,41.325,26.055,24.505,10.821,15.639,10.271,19.455,21.183,55.473,92.797,20.474,20.723,69.674,20.438,19.848,7.9262,32.041,28.514,16.17,18.133,16.675,17.988,14.3,8.3959,7.8504
2.78,17.718,20.919,25.284,16.102,12.403,15.29,8.0015,35.499,41.465,35.042,13.067,50.815,22.656,24.056,17.258,41.421,26.307,24.528,10.881,15.801,10.2,19.495,21.207,55.368,94.268,20.425,20.66,69.569,20.566,19.571,8.0264,31.749,28.397,16.223,18.312,16.723,18.116,14.334,8.4171,7.883
2.79,17.727,20.939,25.319,16.127,12.406,15.414,7.9656,35.719,41.658,35.054,13.094,50.798,22.536,23.867,17.145,41.513,26.562,24.562,10.934,15.966,10.127,19.53,21.228,55.255,95.699,20.373,20.589,69.459,20.692,19.315,8.1259,31.453,28.276,16.276,18.465,16.772,18.244,14.375,8.4466,7.9644
2.8,17.766,20.952,25.351,16.148,12.4,15.544,7.9303,35.931,41.84,35.059,13.119,50.763,22.455,23.681,17.028,41.602,26.816,24.608,10.982,16.133,10.052,19.561,21.248,55.136,97.081,20.309,20.514,69.346,20.821,19.072,8.2241,31.154,28.15,16.329,18.589,16.82,18.373,14.422,8.4853,8.0452
2.81,17.804,20.958,25.381,16.166,12.384,15.678,7.8956,36.137,42.015,35.059,13.142,50.712,22.525,23.5,16.907,41.687,27.066,24.667,11.032,16.301,9.9757,19.587,21.265,55.013,98.416,20.238,20.432,69.226,20.957,18.83,8.3208,30.851,28.019,16.382,18.765,16.869,18.503,14.476,8.5337,8.1252
2.82,17.841,20.955,25.411,16.181,12.358,15.81,7.8616,36.335,42.179,35.054,13.17,50.646,22.59,23.324,16.782,41.769,27.31,24.74,11.08,16.472,9.9023,19.609,21.281,54.882,99.709,20.161,20.344,69.1,21.104,18.588,8.4153,30.546,27.887,16.436,18.976,16.918,18.632,14.536,8.5925,8.2049
2.83,17.877,20.947,25.437,16.194,12.322,15.936,7.8284,36.524,42.332,35.05,13.198,50.566,22.649,23.152,16.652,41.847,27.544,24.828,11.124,16.644,9.8274,19.626,21.295,54.742,100.95,20.075,20.251,68.967,21.266,18.346,8.5072,30.239,27.752,16.489,19.156,16.967,18.763,14.603,8.6622,8.283
2.84,17.911,20.931,25.464,16.203,12.278,16.055,7.796,36.701,42.476,35.052,13.223,50.657,22.709,22.986,16.52,41.923,27.766,24.931,11.161,16.817,9.7514,19.639,21.307,54.594,102.15,19.984,20.15,68.829,21.448,18.105,8.5963,29.931,27.613,16.542,19.303,17.016,18.894,14.678,8.7431,8.3612
2.85,17.944,20.91,25.488,16.21,12.224,16.166,7.7644,36.866,42.609,35.063,13.248,50.824,22.769,22.827,16.383,41.995,27.975,25.05,11.191,16.991,9.6771,19.647,21.317,54.444,103.3,19.888,20.045,68.683,21.654,17.864,8.6819,29.621,27.467,16.596,19.417,17.066,19.024,14.759,8.8356,8.4377
2.86,17.975,20.882,25.512,16.214,12.163,16.269,7.7338,37.017,42.733,35.085,13.271,50.965,22.824,22.673,16.242,42.065,28.267,25.184,11.212,17.165,9.6048,19.65,21.325,54.285,104.4,19.785,19.934,68.537,21.888,17.626,8.7638,29.309,27.316,16.649,19.497,17.115,19.156,14.847,8.9399,8.5134
2.87,18.006,20.85,25.536,16.216,12.096,16.363,7.7038,37.151,42.844,35.117,13.293,51.08,22.872,22.524,16.097,42.131,28.567,25.335,11.224,17.338,9.5322,19.649,21.332,54.117,105.46,19.677,19.815,68.385,22.151,17.391,8.8416,28.996,27.158,16.702,19.547,17.165,19.287,14.942,9.056,8.5882
2.88,18.035,20.813,25.558,16.215,12.025,16.448,7.6746,37.269,42.946,35.157,13.32,51.17,22.916,22.379,15.951,42.195,28.838,25.502,11.225,17.512,9.4597,19.642,21.337,53.941,106.47,19.567,19.693,68.227,22.445,17.159,8.9149,28.682,26.994,16.756,19.571,17.214,19.417,15.044,9.1838,8.6611
2.89,18.063,20.772,25.58,16.211,12.053,16.525,7.6464,37.59,43.036,35.204,13.345,51.237,22.954,22.239,15.801,42.256,29.077,25.684,11.215,17.684,9.3876,19.632,21.339,53.763,107.44,19.453,19.563,68.062,22.772,16.927,8.9834,28.367,26.823,16.809,19.572,17.264,19.549,15.152,9.3232,8.7335
2.9,18.091,20.729,25.602,16.206,12.093,16.595,7.619,37.994,43.115,35.253,13.369,51.279,22.986,22.105,15.647,42.314,29.285,25.88,11.193,17.855,9.3164,19.617,21.341,53.575,108.36,19.333,19.428,67.892,23.131,16.693,9.0467,28.051,26.645,16.863,19.553,17.314,19.679,15.267,9.4739,8.8045
2.91,18.117,20.688,25.623,16.216,12.134,16.657,7.5923,38.393,43.184,35.299,13.392,51.299,23.014,21.975,15.491,42.37,29.461,26.091,11.16,18.024,9.2464,19.597,21.34,53.378,109.24,19.213,19.287,67.715,23.523,16.457,9.1046,27.736,26.462,16.916,19.514,17.365,19.809,15.388,9.6354,8.8734
2.92,18.143,20.652,25.642,16.225,12.174,16.714,7.5667,38.782,43.242,35.339,13.413,51.298,23.036,21.85,15.334,42.424,29.605,26.314,11.114,18.206,9.1799,19.573,21.338,53.177,110.07,19.092,19.138,67.537,23.945,16.218,9.1566,27.42,26.273,16.97,19.455,17.415,19.94,15.515,9.8073,8.9421
2.93,18.168,20.621,25.662,16.234,12.214,16.765,7.542,39.158,43.29,35.372,13.433,51.274,23.064,21.731,15.174,42.476,29.718,26.548,11.056,18.414,9.1157,19.544,21.335,52.969,110.87,18.967,18.985,67.351,24.395,15.973,9.2023,27.106,26.21,17.024,19.458,17.465,20.069,15.647,9.9889,9.0091
2.94,18.192,20.589,25.68,16.243,12.254,16.811,7.5553,39.523,43.327,35.395,13.458,51.23,23.088,21.619,15.012,42.526,29.801,26.793,10.984,18.62,9.0533,19.51,21.329,52.75,111.61,18.842,18.824,67.158,24.871,15.722,9.2413,26.792,26.153,17.078,19.504,17.517,20.199,15.784,10.18,9.0741
2.95,18.216,20.555,25.697,16.251,12.294,16.851,7.558,39.872,43.354,35.409,13.481,51.164,23.106,21.511,14.849,42.574,29.855,27.048,10.982,18.823,8.9929,19.472,21.323,52.527,112.32,18.718,18.659,66.956,25.369,15.463,9.2735,26.48,26.098,17.133,19.527,17.568,20.328,15.927,10.378,9.1386
2.96,18.238,20.519,25.712,16.26,12.334,16.885,7.5481,40.206,43.371,35.413,13.503,51.077,23.12,21.407,14.684,42.621,29.879,27.31,11.048,19.024,8.9348,19.429,21.315,52.297,112.99,18.592,18.485,66.754,25.885,15.196,9.3049,26.169,26.047,17.187,19.528,17.624,20.456,16.074,10.585,9.2018
2.97,18.261,20.481,25.726,16.268,12.374,16.914,7.5265,40.523,43.377,35.405,13.524,50.97,23.128,21.309,14.519,42.665,29.875,27.578,11.116,19.225,8.8792,19.382,21.305,52.055,113.61,18.466,18.307,66.544,26.415,14.921,9.3473,25.861,26.029,17.243,19.506,17.7,20.584,16.225,10.797,9.2633
2.98,18.283,20.441,25.738,16.275,12.414,16.937,7.4942,40.821,43.374,35.386,13.543,50.842,23.132,21.215,14.353,42.708,29.843,27.85,11.186,19.43,8.8264,19.33,21.294,51.812,114.2,18.343,18.121,66.327,26.955,14.638,9.3837,25.555,26.029,17.302,19.464,17.776,20.71,16.38,11.016,9.3237
2.99,18.304,20.4,25.747,16.281,12.453,16.954,7.4521,41.103,43.36,35.356,13.562,50.695,23.131,21.125,14.186,42.751,29.784,28.126,11.256,19.639,8.7766,19.274,21.282,51.557,114.74,18.221,17.929,66.102,27.501,14.347,9.4134,25.252,26.034,17.372,19.4,17.853,20.837,16.539,11.239,9.3837
3,18.324,20.358,25.754,16.286,12.493,16.964,7.4021,41.364,43.337,35.315,13.584,50.531,23.125,21.04,14.02,42.792,29.996,28.403,11.328,19.853,8.73,19.214,21.268,51.297,115.25,18.099,17.732,65.876,28.05,14.05,9.4367,24.953,26.042,17.444,19.317,17.93,20.962,16.7,11.466,9.4421
3.01,18.344,20.315,25.759,16.29,12.533,16.968,7.3741,41.648,43.304,35.264,13.605,50.352,23.116,20.959,13.853,42.832,30.293,28.679,11.408,20.072,8.6868,19.15,21.253,51.029,115.72,18.01,17.526,65.641,28.597,13.912,9.4542,24.657,26.052,17.516,19.213,18.008,21.087,16.865,11.696,9.4991
3.02,18.363,20.272,25.76,16.293,12.573,16.965,7.3564,41.964,43.263,35.201,13.624,50.158,23.112,20.883,13.687,42.87,30.566,28.954,11.561,20.294,8.647,19.082,21.235,50.751,116.15,17.993,17.317,65.396,29.139,14.03,9.4668,24.365,26.064,17.59,19.088,18.087,21.211,17.032,11.927,9.5564
3.03,18.381,20.228,25.759,16.294,12.613,16.955,7.3396,42.27,43.213,35.128,13.641,49.949,23.103,20.81,13.521,42.908,30.816,29.223,11.717,20.517,8.611,19.132,21.218,50.469,116.54,17.972,17.1,65.151,29.673,14.145,9.4758,24.079,26.078,17.664,18.944,18.174,21.334,17.201,12.16,9.6124
3.04,18.399,20.183,25.755,16.294,12.652,16.937,7.3234,42.564,43.157,35.043,13.657,49.726,23.09,20.742,13.356,42.946,31.04,29.489,11.875,20.74,8.5787,19.315,21.199,50.176,116.9,17.951,16.876,64.897,30.196,14.256,9.4814,23.797,26.093,17.74,18.78,18.27,21.456,17.372,12.393,9.6673
3.05,18.416,20.136,25.749,16.293,12.692,16.912,7.3078,42.848,43.092,34.948,13.676,49.488,23.073,20.677,13.192,42.983,31.242,29.746,12.035,20.958,8.5503,19.491,21.178,49.88,117.22,17.926,16.649,64.632,30.706,14.361,9.4838,23.52,26.11,17.818,18.594,18.369,21.578,17.544,12.626,9.7226
3.06,18.432,20.088,25.74,16.291,12.732,16.879,7.2929,43.12,43.022,34.844,13.694,49.36,23.051,20.616,13.03,43.018,31.418,29.996,12.197,21.172,8.526,19.659,21.157,49.573,117.51,17.902,16.416,64.367,31.199,14.461,9.4828,23.249,26.129,17.898,18.388,18.47,21.698,17.717,12.857,9.7771
3.07,18.448,20.04,25.729,16.287,12.772,16.837,7.2784,43.382,42.946,34.728,13.711,49.405,23.025,20.56,12.87,43.055,31.57,30.234,12.36,21.38,8.5058,19.822,21.133,49.262,117.75,17.879,16.37,64.089,31.677,14.553,9.4937,22.985,26.149,17.982,18.161,18.572,21.817,17.89,13.085,9.8307
3.08,18.462,19.993,25.714,16.282,12.812,16.788,7.2646,43.632,42.864,34.603,13.727,49.448,22.995,20.507,12.711,43.091,31.698,30.462,12.524,21.582,8.4897,19.977,21.11,48.943,117.97,17.861,16.388,63.808,32.135,14.636,9.5208,22.727,26.171,18.072,17.914,18.675,21.936,18.064,13.311,9.8851
3.09,18.477,19.944,25.698,16.276,12.852,16.731,7.2513,43.871,42.776,34.469,13.74,49.487,22.961,20.459,12.554,43.126,31.8,30.676,12.689,21.779,8.4779,20.126,21.084,48.616,118.16,17.853,16.401,63.517,32.572,14.712,9.5254,22.476,26.194,18.166,17.647,18.779,22.053,18.238,13.533,9.9389
3.1,18.49,19.893,25.679,16.268,12.892,16.666,7.2384,44.1,42.684,34.325,13.752,49.523,22.927,20.413,12.4,43.162,31.878,30.877,12.855,21.971,8.4703,20.268,21.058,48.285,118.3,17.854,16.41,63.219,32.983,14.777,9.5085,22.312,26.218,18.261,17.361,18.882,22.17,18.411,13.751,9.9924
3.11,18.502,19.839,25.658,16.259,12.933,16.593,7.226,44.318,42.586,34.173,13.768,49.553,22.895,20.37,12.247,43.198,31.929,31.062,13.02,22.161,8.467,20.405,21.031,47.943,118.42,17.857,16.412,62.913,33.364,14.832,9.4707,22.283,26.243,18.358,17.078,18.985,22.286,18.584,13.964,10.047
3.12,18.514,19.782,25.634,16.25,12.973,16.514,7.214,44.526,42.482,34.014,13.782,49.577,22.859,20.33,12.097,43.233,31.955,31.23,13.186,22.35,8.468,20.536,21.002,47.602,118.5,17.863,16.412,62.599,33.712,14.878,9.4133,22.253,26.27,18.458,16.903,19.088,22.402,18.755,14.172,10.101
3.13,18.526,19.721,25.609,16.239,13.013,16.427,7.2023,44.723,42.374,33.848,13.794,49.595,22.82,20.294,12.052,43.27,31.954,31.381,13.352,22.54,8.4734,20.662,20.973,47.25,118.55,17.869,16.405,62.276,34.027,14.912,9.3687,22.222,26.298,18.563,16.951,19.191,22.516,18.924,14.375,10.156
3.14,18.536,19.658,25.582,16.227,13.054,16.334,7.1912,44.91,42.261,33.747,13.803,49.605,22.776,20.259,12.01,43.307,31.926,31.515,13.517,22.732,8.483,20.783,20.942,46.895,118.57,17.877,16.396,61.948,34.307,14.935,9.3459,22.191,26.326,18.676,17.061,19.294,22.63,19.092,14.572,10.211
3.15,18.546,19.592,25.554,16.214,13.094,16.235,7.2426,45.086,42.143,33.745,13.811,49.606,22.729,20.227,11.969,43.344,31.873,31.628,13.682,22.925,8.4969,20.901,20.911,46.535,118.55,17.886,16.379,61.606,34.552,14.948,9.3245,22.158,26.356,18.79,17.176,19.397,22.743,19.258,14.762,10.266
3.16,18.556,19.523,25.524,16.2,13.135,16.132,7.3441,45.252,42.019,33.74,13.82,49.6,22.679,20.198,11.928,43.382,31.793,31.721,13.846,23.115,8.515,21.014,20.879,46.165,118.52,17.896,16.359,61.266,34.761,14.949,9.3041,22.123,26.387,18.903,17.294,19.5,22.855,19.421,14.945,10.323
3.17,18.565,19.45,25.495,16.186,13.175,16.029,7.4587,45.407,41.89,33.729,13.829,49.584,22.625,20.171,11.887,43.421,31.687,31.795,14.01,23.303,8.5372,21.122,20.846,45.799,118.45,17.906,16.334,60.911,34.932,14.939,9.2838,22.088,26.418,19.016,17.416,19.603,22.966,19.582,15.12,10.38
3.18,18.573,19.375,25.465,16.171,13.216,15.938,7.5843,45.551,41.757,33.713,13.837,49.559,22.568,20.146,11.845,43.46,31.555,31.847,14.174,23.487,8.5636,21.225,20.812,45.423,118.35,17.919,16.303,60.553,35.067,14.918,9.2637,22.052,26.451,19.128,17.542,19.707,23.075,19.74,15.288,10.438
3.19,18.581,19.296,25.434,16.155,13.257,15.877,7.7189,45.685,41.619,33.691,13.842,49.523,22.513,20.164,11.802,43.501,31.399,31.877,14.337,23.664,8.5941,21.323,20.778,45.043,118.22,17.932,16.269,60.187,35.17,14.887,9.2442,22.015,26.484,19.24,17.673,19.811,23.184,19.895,15.446,10.496
3.2,18.589,19.215,25.443,16.138,13.298,15.812,7.86,45.807,41.53,33.664,13.845,49.477,22.458,20.385,11.758,43.542,31.218,31.885,14.499,23.834,8.6285,21.414,20.743,44.662,118.06,17.947,16.228,59.809,35.247,14.845,9.2258,21.977,26.517,19.353,17.807,19.916,23.316,20.047,15.595,10.556
3.21,18.596,19.129,25.498,16.121,13.339,15.742,8.0055,45.918,41.618,33.629,13.846,49.418,22.4,20.604,11.713,43.584,31.013,31.872,14.661,23.995,8.6667,21.621,20.707,44.274,117.89,17.964,16.184,59.434,35.299,14.794,9.2091,21.937,26.552,19.466,17.944,20.022,23.564,20.196,15.733,10.616
3.22,18.604,19.04,25.551,16.104,13.38,15.668,8.1531,46.017,41.7,33.588,13.849,49.348,22.339,20.823,11.667,43.628,30.786,31.836,14.822,24.148,8.7087,21.86,20.67,43.886,117.68,17.981,16.134,59.046,35.326,14.734,9.1947,21.897,26.587,19.582,18.085,20.129,23.809,20.342,15.862,10.677
3.23,18.611,18.947,25.602,16.086,13.422,15.589,8.3011,46.106,41.777,33.542,13.852,49.268,22.274,21.043,11.62,43.672,30.557,31.777,14.983,24.293,8.7544,22.087,20.633,43.494,117.45,18.003,16.08,58.651,35.325,14.663,9.2022,21.856,26.623,19.701,18.23,20.238,24.051,20.484,15.979,10.768
3.24,18.619,18.851,25.653,16.069,13.463,15.507,8.4476,46.185,41.847,33.49,13.852,49.174,22.207,21.262,11.573,43.718,30.874,31.696,15.143,24.429,8.8036,22.301,20.596,43.098,117.19,18.025,16.021,58.256,35.302,14.583,9.2419,21.814,26.659,19.822,18.377,20.349,24.29,20.623,16.085,10.908
3.25,18.627,18.751,25.701,16.051,13.505,15.42,8.591,46.253,41.913,33.431,13.849,49.069,22.137,21.48,11.525,43.765,31.278,31.593,15.304,24.557,8.8563,22.504,20.558,42.703,116.91,18.049,16.042,57.85,35.258,14.493,9.2819,21.773,26.695,19.943,18.528,20.462,24.525,20.757,16.179,11.051
3.26,18.635,18.648,25.749,16.034,13.547,15.33,8.7298,46.312,41.973,33.366,13.844,48.95,22.064,21.697,11.476,43.813,31.735,31.467,15.463,24.676,8.9122,22.693,20.519,42.303,116.61,18.077,16.124,57.436,35.194,14.396,9.323,21.731,26.732,20.064,18.682,20.585,24.757,20.888,16.261,11.2
3.27,18.644,18.543,25.794,16.017,13.588,15.236,8.8631,46.361,42.028,33.296,13.836,48.818,21.988,21.913,11.427,43.863,32.199,31.318,15.622,24.786,8.9712,22.871,20.48,41.902,116.28,18.106,16.203,57.025,35.109,14.292,9.3658,21.691,26.77,20.184,18.839,20.712,24.985,21.015,16.332,11.353
3.28,18.652,18.436,25.839,16,13.63,15.138,8.9896,46.401,42.077,33.221,13.833,48.672,21.914,22.129,11.377,43.912,32.67,31.147,15.779,24.886,9.0333,23.036,20.441,41.501,115.94,18.136,16.277,56.604,35.003,14.181,9.411,21.65,26.807,20.303,18.999,20.842,25.211,21.138,16.392,11.509
3.29,18.662,18.326,25.882,15.984,13.672,15.037,9.1089,46.433,42.121,33.14,13.826,48.512,21.841,22.344,11.328,43.965,33.148,30.955,15.935,24.977,9.0982,23.189,20.402,41.095,115.57,18.171,16.352,56.175,34.876,14.187,9.4592,21.608,26.845,20.421,19.16,20.975,25.433,21.256,16.443,11.669
3.3,18.67,18.214,25.924,15.968,13.714,14.933,9.2206,46.455,42.16,33.055,13.817,48.337,21.765,22.557,11.278,44.017,33.632,30.742,16.089,25.058,9.1659,23.33,20.362,40.693,115.19,18.207,16.423,55.747,34.729,14.258,9.5109,21.566,26.883,20.538,19.325,21.11,25.651,21.371,16.486,11.832
3.31,18.68,18.099,25.964,15.952,13.757,14.825,9.3244,46.468,42.193,32.964,13.805,48.149,21.687,22.77,11.227,44.071,34.122,30.507,16.242,25.128,9.2361,23.46,20.322,40.383,114.79,18.244,16.49,55.315,34.565,14.345,9.5669,21.523,26.92,20.654,19.491,21.246,25.867,21.481,16.523,11.997
3.32,18.69,17.983,26.003,15.936,13.799,14.713,9.4204,46.472,42.221,32.869,13.791,47.945,21.606,22.981,11.177,44.126,34.618,30.254,16.393,25.187,9.3086,23.58,20.283,40.158,114.37,18.286,16.556,54.875,34.388,14.457,9.6275,21.48,26.959,20.77,19.66,21.385,26.08,21.586,16.553,12.165
3.33,18.701,17.864,26.04,15.92,13.842,14.599,9.5089,46.468,42.243,32.769,13.776,47.725,21.523,23.19,11.128,44.182,35.12,29.98,16.543,25.237,9.3834,23.69,20.244,39.932,113.93,18.329,16.619,54.429,34.2,14.563,9.6932,21.436,26.997,20.889,19.83,21.526,26.29,21.687,16.662,12.334
3.34,18.713,17.742,26.076,15.904,13.884,14.482,9.5904,46.454,42.261,32.665,13.763,47.491,21.437,23.397,11.078,44.24,35.627,29.687,16.691,25.409,9.4602,23.792,20.204,39.705,113.47,18.373,16.679,53.988,34.002,14.664,9.7646,21.391,27.035,21.011,20.002,21.668,26.497,21.782,16.846,12.504
3.35,18.727,17.618,26.111,15.889,13.927,14.362,9.6653,46.432,42.273,32.557,13.746,47.24,21.35,23.602,11.028,44.298,36.139,29.377,16.837,25.721,9.539,23.886,20.165,39.474,113,18.42,16.735,53.541,33.795,14.758,9.8419,21.344,27.074,21.132,20.175,21.813,26.701,21.873,17.027,12.675
3.36,18.743,17.492,26.144,15.873,13.969,14.239,9.7346,46.4,42.279,32.443,13.727,46.975,21.26,23.806,10.979,44.358,36.657,29.049,16.98,26.019,9.6194,23.971,20.126,39.241,112.52,18.469,16.791,53.088,33.58,14.847,9.9255,21.296,27.112,21.253,20.35,21.959,26.902,21.958,17.204,12.847
3.37,18.761,17.365,26.177,15.857,14.012,14.114,9.799,46.36,42.282,32.325,13.706,46.693,21.168,24.008,10.931,44.419,37.178,29.005,17.121,26.301,9.7014,24.048,20.086,39.01,112.02,18.519,16.843,52.631,33.356,14.93,10.016,21.248,27.15,21.372,20.526,22.107,27.1,22.038,17.374,13.018
3.38,18.781,17.237,26.207,15.841,14.055,13.986,9.8595,46.311,42.278,32.203,13.681,46.487,21.08,24.207,10.882,44.48,37.704,29.091,17.259,26.567,9.7848,24.117,20.046,38.774,111.51,18.57,16.891,52.179,33.127,15.008,10.113,21.197,27.189,21.49,20.702,22.258,27.295,22.112,17.534,13.189
3.39,18.803,17.108,26.237,15.825,14.098,13.855,9.9167,46.253,42.269,32.076,13.663,46.431,20.991,24.403,10.835,44.543,38.234,29.159,17.395,26.815,9.8694,24.178,20.007,38.535,110.99,18.625,16.938,51.723,32.891,15.08,10.217,21.146,27.226,21.606,20.879,22.411,27.488,22.233,17.684,13.36
3.4,18.825,16.977,26.265,15.808,14.14,13.723,9.9718,46.185,42.257,31.945,13.704,46.37,20.9,24.596,10.788,44.607,38.767,29.209,17.528,27.045,9.955,24.229,19.966,38.299,110.45,18.681,16.982,51.263,32.651,15.148,10.328,21.093,27.264,21.72,21.058,22.566,27.679,22.402,17.821,13.529
3.41,18.847,16.845,26.292,15.792,14.184,13.588,10.026,46.108,42.238,31.81,13.748,46.305,20.807,24.785,10.742,44.672,39.304,29.241,17.658,27.257,10.042,24.272,19.926,38.06,109.9,18.736,17.023,50.799,32.408,15.21,10.447,21.04,27.302,21.832,21.236,22.725,27.867,22.567,17.946,13.721
3.42,18.87,16.793,26.318,15.776,14.227,13.452,10.079,46.022,42.214,31.671,13.79,46.236,20.712,24.972,10.696,44.737,39.844,29.253,17.785,27.451,10.131,24.306,19.885,37.818,109.35,18.794,17.062,50.339,32.163,15.268,10.572,20.985,27.339,21.942,21.414,22.886,28.053,22.727,18.056,13.916
3.43,18.892,16.791,26.342,15.759,14.27,13.314,10.134,45.927,42.186,31.53,13.832,46.162,20.615,25.155,10.651,44.803,40.387,29.248,17.911,27.636,10.22,24.331,19.843,37.576,108.78,18.853,17.099,49.879,31.918,15.321,10.705,20.931,27.376,22.05,21.593,23.051,28.236,22.882,18.357,14.108
3.44,18.914,16.789,26.366,15.743,14.313,13.174,10.19,45.822,42.152,31.389,13.873,46.083,20.517,25.334,10.607,44.87,40.931,29.225,18.033,27.828,10.31,24.347,19.802,37.334,108.2,18.911,17.132,49.417,31.673,15.37,10.845,20.875,27.413,22.156,21.772,23.221,28.418,23.032,18.667,14.296
3.45,18.935,16.785,26.388,15.726,14.356,13.032,10.249,45.708,42.115,31.28,13.913,45.999,20.417,25.509,10.564,44.939,41.478,29.183,18.154,28.005,10.4,24.354,19.76,37.089,107.61,18.971,17.163,48.953,31.427,15.414,10.992,20.819,27.449,22.26,21.95,23.395,28.596,23.177,18.958,14.481
3.46,18.955,16.78,26.409,15.71,14.399,12.889,10.312,45.585,42.072,31.215,13.953,45.909,20.315,25.681,10.522,45.007,42.027,29.125,18.273,28.168,10.491,24.353,19.718,36.842,107.01,19.031,17.193,48.49,31.182,15.454,11.145,20.763,27.486,22.361,22.128,23.572,28.771,23.317,19.229,14.662
3.47,18.975,16.774,26.429,15.694,14.442,12.745,10.38,45.453,42.025,31.163,13.991,45.816,20.212,25.848,10.481,45.077,42.578,29.049,18.389,28.316,10.581,24.343,19.674,36.597,106.41,19.091,17.218,48.074,30.938,15.49,11.305,20.706,27.521,22.461,22.305,23.753,28.942,23.451,19.482,14.838
3.48,18.994,16.767,26.447,15.677,14.485,12.6,10.452,45.312,41.973,31.127,14.028,45.717,20.111,26.01,10.44,45.147,43.129,28.956,18.503,28.451,10.671,24.326,19.631,36.351,105.79,19.151,17.243,47.795,30.696,15.522,11.471,20.648,27.556,22.559,22.482,23.937,29.111,23.579,19.719,15.008
3.49,19.013,16.759,26.465,15.661,14.528,12.453,10.53,45.163,41.916,31.105,14.064,45.613,20.011,26.167,10.4,45.217,43.682,28.846,18.615,28.572,10.761,24.301,19.587,36.103,105.17,19.212,17.265,47.52,30.457,15.551,11.642,20.668,27.591,22.654,22.657,24.125,29.275,23.702,19.937,15.174
3.5,19.03,16.749,26.481,15.645,14.571,12.32,10.614,45.005,41.856,31.087,14.099,45.504,19.909,26.319,10.361,45.289,44.235,28.721,18.725,28.681,10.851,24.271,19.543,35.854,104.54,19.271,17.284,47.243,30.221,15.577,11.819,20.824,27.625,22.767,22.831,24.317,29.437,23.818,20.137,15.333
3.51,19.047,16.738,26.496,15.63,14.614,12.23,10.704,44.84,41.791,31.069,14.136,45.391,19.806,26.464,10.324,45.36,44.789,28.579,18.832,28.778,10.939,24.235,19.498,35.608,103.91,19.329,17.303,46.962,29.988,15.6,12.001,20.986,27.658,23.114,23.005,24.512,29.595,23.928,20.317,15.487
3.52,19.062,16.726,26.51,15.615,14.657,12.137,10.8,44.667,41.721,31.049,14.172,45.273,19.702,26.602,10.287,45.433,45.343,28.423,18.939,28.866,11.027,24.194,19.453,35.36,103.27,19.388,17.318,46.68,29.76,15.62,12.188,21.155,27.69,23.46,23.177,24.711,29.749,24.031,20.478,15.634
3.53,19.077,16.712,26.523,15.6,14.7,12.042,10.902,44.488,41.648,31.026,14.207,45.149,19.596,26.734,10.251,45.505,45.898,28.251,19.043,28.944,11.117,24.148,19.407,35.11,102.63,19.445,17.331,46.395,29.536,15.638,12.379,21.33,27.722,23.805,23.348,24.913,29.899,24.128,20.619,15.775
3.54,19.091,16.698,26.535,15.585,14.743,11.992,11.009,44.301,41.57,31.001,14.242,45.023,19.489,26.86,10.216,45.579,46.452,28.065,19.145,29.014,11.206,24.098,19.361,34.861,101.98,19.501,17.343,46.114,29.314,15.653,12.573,21.509,27.753,24.149,23.517,25.119,30.046,24.217,20.74,15.909
3.55,19.103,16.682,26.546,15.571,14.786,11.953,11.122,44.108,41.489,30.971,14.275,44.891,19.382,26.978,10.182,45.652,47.006,27.866,19.246,29.074,11.294,24.042,19.315,34.614,101.33,19.556,17.351,45.831,29.095,15.666,12.77,21.694,27.784,24.491,23.684,25.328,30.189,24.3,20.839,16.037
3.56,19.115,16.665,26.556,15.557,14.828,11.912,11.239,43.91,41.404,30.937,14.307,44.755,19.273,27.088,10.149,45.726,47.56,27.653,19.345,29.124,11.38,23.982,19.267,34.367,100.67,19.608,17.359,45.547,28.879,15.786,12.969,21.884,27.813,24.83,23.85,25.54,30.328,24.374,20.917,16.158
3.57,19.126,16.647,26.564,15.543,14.871,11.868,11.359,43.706,41.315,30.9,14.338,44.616,19.163,27.189,10.117,45.8,48.114,27.428,19.442,29.163,11.465,23.916,19.22,34.118,100.02,19.66,17.364,45.261,28.666,15.959,13.17,22.078,27.841,25.168,24.013,25.755,30.464,24.441,20.974,16.272
3.58,19.135,16.627,26.572,15.531,14.914,11.822,11.483,43.498,41.223,30.857,14.367,44.472,19.052,27.283,10.085,45.874,48.668,27.191,19.537,29.19,11.555,23.846,19.172,33.87,99.353,19.709,17.369,44.974,28.456,16.123,13.372,22.276,27.868,25.503,24.176,25.973,30.596,24.5,21.01,16.379
3.59,19.144,16.607,26.579,15.518,14.957,11.773,11.609,43.284,41.128,30.81,14.396,44.323,18.942,27.369,10.055,45.949,49.221,26.943,19.63,29.205,11.644,23.77,19.123,33.625,98.689,19.756,17.371,44.688,28.249,16.278,13.574,22.477,27.894,25.837,24.335,26.195,30.725,24.55,21.024,16.478
3.6,19.152,16.618,26.584,15.506,14.999,11.722,11.735,43.068,41.03,30.759,14.425,44.172,18.834,27.446,10.026,46.023,49.774,26.683,19.722,29.207,11.734,23.69,19.074,33.379,98.027,19.802,17.372,44.404,28.285,16.422,13.776,22.682,27.919,26.167,24.493,26.42,30.851,24.592,21.015,16.569
3.61,19.159,16.639,26.589,15.495,15.041,11.669,11.862,42.848,40.928,30.703,14.455,44.016,18.725,27.513,9.9971,46.098,50.327,26.414,19.811,29.197,11.824,23.604,19.025,33.134,97.361,19.843,17.373,44.118,28.592,16.557,13.976,22.89,27.943,26.494,24.648,26.649,30.973,24.625,20.985,16.652
3.62,19.165,16.66,26.593,15.484,15.084,11.613,11.988,42.626,40.823,30.642,14.483,43.856,18.615,27.571,9.9694,46.172,50.879,26.135,19.899,29.174,11.911,23.514,18.975,32.888,96.693,19.884,17.373,43.831,28.889,16.682,14.175,23.1,27.965,26.819,24.801,26.881,31.091,24.649,20.934,16.726
3.63,19.171,16.681,26.595,15.474,15.126,11.555,12.111,42.405,40.717,30.577,14.51,43.693,18.505,27.622,9.9424,46.247,51.43,25.848,19.984,29.139,11.997,23.419,18.925,32.644,96.023,19.921,17.373,43.544,29.178,16.8,14.372,23.314,27.987,27.14,24.951,27.118,31.206,24.663,20.864,16.792
3.64,19.176,16.701,26.597,15.465,15.168,11.494,12.231,42.186,40.607,30.507,14.536,43.525,18.393,27.663,9.9162,46.321,51.982,25.552,20.068,29.092,12.081,23.318,18.875,32.402,95.356,19.956,17.374,43.258,29.459,16.911,14.565,23.529,28.007,27.459,25.1,27.358,31.317,24.668,20.775,16.849
3.65,19.18,16.722,26.598,15.456,15.21,11.432,12.347,41.973,40.495,30.432,14.56,43.355,18.282,27.695,9.8907,46.395,52.533,25.249,20.15,29.032,12.163,23.214,18.823,32.161,94.689,19.987,17.374,42.973,29.732,17.013,14.755,23.746,28.026,27.773,25.245,27.601,31.424,24.663,20.67,16.897
3.66,19.183,16.742,26.598,15.449,15.252,11.366,12.456,41.786,40.381,30.352,14.584,43.182,18.169,27.715,9.8659,46.468,53.083,24.941,20.231,28.961,12.243,23.104,18.772,31.92,94.076,20.016,17.372,42.689,29.996,17.105,14.94,23.965,28.045,28.085,25.388,27.847,31.528,24.648,20.548,16.938
3.67,19.186,16.762,26.597,15.441,15.294,11.299,12.559,41.673,40.264,30.268,14.606,43.004,18.056,27.727,9.8418,46.541,53.635,24.625,20.309,28.878,12.32,22.991,18.72,31.68,93.642,20.189,17.37,42.404,30.252,17.187,15.12,24.186,28.061,28.392,25.528,28.096,31.629,24.623,20.41,17.106
3.68,19.188,16.781,26.595,15.435,15.335,11.23,12.653,41.733,40.145,30.178,14.631,42.824,17.943,27.73,9.8183,46.614,54.186,24.305,20.386,28.784,12.397,22.873,18.668,31.44,93.202,20.376,17.365,42.119,30.5,17.26,15.294,24.407,28.077,28.696,25.665,28.349,31.726,24.588,20.257,17.272
3.69,19.19,16.801,26.592,15.429,15.377,11.158,12.738,41.854,40.025,30.084,14.653,42.64,17.829,27.723,9.7955,46.686,54.739,23.981,20.462,28.679,12.474,22.75,18.615,31.204,92.771,20.562,17.36,41.835,30.739,17.324,15.463,24.63,28.091,28.995,25.8,28.604,31.82,24.542,20.089,17.428
3.7,19.19,16.82,26.589,15.425,15.418,11.085,12.812,41.971,39.902,30.053,14.675,42.454,17.714,27.704,9.7733,46.759,55.294,23.653,20.536,28.563,12.549,22.624,18.563,30.969,92.333,20.748,17.352,41.554,30.97,17.379,15.625,24.854,28.105,29.29,25.932,28.863,31.911,24.486,19.908,17.574
3.71,19.19,16.839,26.584,15.421,15.46,11.009,12.875,42.083,39.777,30.055,14.695,42.264,17.599,27.746,9.7517,46.83,55.849,23.322,20.608,28.438,12.622,22.494,18.509,30.734,91.905,20.936,17.343,41.273,31.193,17.425,15.78,25.078,28.117,29.581,26.061,29.124,31.999,24.546,19.714,17.711
3.72,19.19,16.858,26.579,15.418,15.501,10.932,12.927,42.189,39.651,30.055,14.714,42.071,17.484,27.788,9.7304,46.9,56.405,22.99,20.68,28.302,12.692,22.36,18.456,30.501,91.471,21.123,17.333,40.992,31.408,17.464,15.928,25.303,28.127,29.868,26.187,29.388,32.084,24.62,19.509,17.84
3.73,19.188,16.876,26.573,15.416,15.542,10.852,12.966,42.29,39.523,30.053,14.731,41.876,17.369,27.818,9.7096,46.97,56.958,22.657,20.749,28.158,12.759,22.223,18.402,30.268,91.046,21.31,17.319,40.711,31.692,17.502,16.069,25.528,28.136,30.15,26.311,29.655,32.167,24.688,19.296,17.959
3.74,19.185,16.894,26.566,15.415,15.582,10.771,13.158,42.388,39.393,30.05,14.75,41.678,17.256,27.843,9.689,47.039,57.509,22.323,20.818,28.005,12.824,22.082,18.347,30.036,90.617,21.495,17.306,40.431,32.203,17.611,16.202,25.753,28.144,30.427,26.431,29.924,32.247,24.751,19.076,18.069
3.75,19.182,16.912,26.558,15.414,15.623,10.688,13.368,42.48,39.261,30.045,14.768,41.477,17.143,27.856,9.6688,47.108,58.057,21.99,20.886,27.845,12.886,21.937,18.293,29.808,90.197,21.682,17.289,40.155,32.7,17.74,16.327,25.978,28.15,30.7,26.549,30.196,32.325,24.807,18.853,18.172
3.76,19.177,16.93,26.55,15.415,15.663,10.603,13.569,42.568,39.128,30.039,14.785,41.274,17.03,27.864,9.6487,47.175,58.603,21.658,20.953,27.676,12.946,21.79,18.238,29.581,89.776,21.868,17.272,39.879,33.182,17.863,16.443,26.203,28.155,30.969,26.665,30.471,32.4,24.859,18.626,18.268
3.77,19.172,16.948,26.54,15.417,15.704,10.516,13.761,42.651,38.994,30.031,14.801,41.068,16.917,27.861,9.6288,47.243,59.145,21.328,21.019,27.5,13.003,21.639,18.183,29.355,89.361,22.052,17.252,39.604,33.649,17.98,16.551,26.428,28.157,31.233,26.778,30.747,32.473,24.904,18.398,18.356
3.78,19.166,16.965,26.53,15.419,15.744,10.428,13.944,42.73,38.858,30.021,14.815,40.861,16.803,27.851,9.6091,47.308,59.683,21,21.085,27.317,13.057,21.485,18.128,29.131,88.948,22.235,17.231,39.33,34.1,18.093,16.65,26.652,28.157,31.492,26.889,31.026,32.543,24.943,18.168,18.438
3.79,19.159,16.983,26.519,15.423,15.783,10.338,14.117,42.805,38.72,30.009,14.828,40.651,16.689,27.832,9.5894,47.374,60.248,20.677,21.15,27.129,13.11,21.467,18.072,28.908,88.538,22.418,17.209,39.057,34.536,18.201,16.74,26.875,28.156,31.747,26.999,31.307,32.61,24.975,17.938,18.513
3.8,19.152,17,26.508,15.428,15.823,10.246,14.28,42.874,38.581,29.996,14.842,40.439,16.575,27.806,9.57,47.438,60.954,20.357,21.216,27.044,13.163,21.454,18.016,28.686,88.136,22.6,17.184,38.786,34.956,18.305,16.822,27.098,28.152,31.997,27.106,31.59,32.675,25.002,17.708,18.583
3.81,19.143,17.017,26.496,15.433,15.862,10.153,14.431,42.938,38.44,29.981,14.856,40.226,16.462,27.77,9.5505,47.501,61.657,20.043,21.281,26.983,13.213,21.436,17.96,28.466,87.732,22.78,17.159,38.517,35.359,18.405,16.895,27.32,28.147,32.242,27.212,31.875,32.738,25.022,17.479,18.648
3.82,19.134,17.033,26.482,15.44,15.902,10.059,14.571,42.998,38.298,29.964,14.868,40.011,16.348,27.726,9.5309,47.563,62.355,19.735,21.346,26.903,13.26,21.415,17.904,28.247,87.341,22.958,17.133,38.25,35.747,18.5,16.959,27.542,28.138,32.483,27.315,32.162,32.797,25.035,17.252,18.708
3.83,19.125,17.05,26.469,15.448,15.941,9.9631,14.699,43.053,38.155,29.946,14.879,39.794,16.234,27.674,9.5112,47.624,63.05,19.433,21.411,26.804,13.304,21.389,17.86,28.031,86.949,23.136,17.106,37.984,36.118,18.592,17.036,27.761,28.128,32.72,27.416,32.45,32.854,25.043,17.027,18.765
3.84,19.114,17.066,26.454,15.457,15.98,9.8658,14.815,43.102,38.01,29.926,14.888,39.575,16.12,27.614,9.4913,47.684,63.738,19.138,21.476,26.687,13.346,21.361,17.875,27.817,86.564,23.312,17.078,37.72,36.475,18.679,17.126,27.98,28.114,32.953,27.515,32.741,32.908,25.043,16.805,18.819
3.85,19.103,17.082,26.439,15.467,16.018,9.7673,14.918,43.147,37.863,29.904,14.897,39.355,16.006,27.545,9.4711,47.743,64.42,18.851,21.542,26.555,13.385,21.33,17.89,27.605,86.186,23.486,17.049,37.457,36.818,18.76,17.208,28.198,28.099,33.183,27.612,33.033,32.959,25.037,16.585,18.87
3.86,19.091,17.098,26.423,15.478,16.056,9.6676,15.009,43.186,37.714,29.881,14.906,39.134,15.892,27.47,9.4507,47.801,65.092,18.572,21.608,26.407,13.42,21.298,17.904,27.394,85.809,23.659,17.019,37.195,37.147,18.837,17.282,28.414,28.081,33.41,27.706,33.327,33.008,25.024,16.37,18.919
3.87,19.078,17.114,26.406,15.49,16.094,9.5667,15.086,43.221,37.564,29.857,14.915,38.912,15.778,27.386,9.4299,47.858,65.753,18.302,21.675,26.244,13.453,21.265,17.918,27.184,85.443,23.83,16.989,36.936,37.464,18.908,17.348,28.629,28.06,33.635,27.798,33.622,33.054,25.004,16.16,18.968
3.88,19.065,17.129,26.389,15.503,16.132,9.4647,15.15,43.251,37.413,29.831,14.923,38.687,15.664,27.295,9.4088,47.914,66.403,18.041,21.743,26.068,13.483,21.233,17.932,26.977,85.08,24.001,16.956,36.68,37.768,18.974,17.407,28.842,28.037,33.86,27.887,33.919,33.098,24.977,15.954,19.016
3.89,19.05,17.145,26.371,15.517,16.17,9.3616,15.2,43.275,37.26,29.803,14.929,38.462,15.551,27.196,9.3872,47.968,67.042,17.79,21.812,25.88,13.51,21.201,17.946,26.771,84.72,24.168,16.924,36.425,38.061,19.035,17.459,29.066,28.012,34.095,27.975,34.217,33.14,24.943,15.899,19.066
3.9,19.036,17.16,26.353,15.532,16.207,9.2575,15.237,43.296,37.105,29.774,14.934,38.235,15.438,27.089,9.3655,48.021,67.67,17.549,21.882,25.681,13.536,21.168,17.959,26.567,84.372,24.335,16.891,36.173,38.343,19.092,17.504,29.417,27.984,34.333,28.059,34.517,33.179,24.948,15.854,19.116
3.91,19.02,17.175,26.333,15.549,16.244,9.18,15.261,43.311,36.949,29.743,14.939,38.007,15.325,26.976,9.3434,48.074,68.287,17.342,21.953,25.471,13.562,21.134,17.973,26.365,84.027,24.499,16.856,35.922,38.615,19.145,17.543,29.771,27.954,34.568,28.141,34.817,33.217,25.044,15.807,19.169
3.92,19.004,17.19,26.314,15.566,16.281,9.1481,15.271,43.322,36.791,29.712,14.945,37.778,15.212,26.855,9.3208,48.124,68.892,17.336,22.026,25.252,13.585,21.097,17.986,26.165,83.685,24.663,16.821,35.673,38.877,19.193,17.576,30.128,27.921,34.799,28.22,35.117,33.252,25.136,15.759,19.224
3.93,18.986,17.204,26.293,15.585,16.317,9.1152,15.268,43.326,36.632,29.678,14.962,37.548,15.1,26.728,9.2976,48.174,69.486,17.326,22.1,25.025,13.605,21.057,17.998,25.966,83.355,24.823,16.784,35.426,39.131,19.236,17.604,30.487,27.886,35.027,28.298,35.418,33.284,25.223,15.71,19.282
3.94,18.968,17.218,26.272,15.604,16.353,9.0814,15.252,43.328,36.471,29.644,14.987,37.317,14.988,26.595,9.274,48.223,70.067,17.311,22.175,24.792,13.623,21.015,18.011,25.77,83.028,24.981,16.746,35.181,39.375,19.275,17.626,30.849,27.848,35.252,28.373,35.72,33.314,25.304,15.66,19.345
3.95,18.949,17.232,26.251,15.625,16.389,9.0465,15.223,43.323,36.309,29.608,15.011,37.084,14.876,26.454,9.2498,48.27,70.636,17.291,22.251,24.552,13.637,20.969,18.023,25.577,82.705,25.137,16.707,34.939,39.612,19.307,17.642,31.213,27.808,35.479,28.446,36.023,33.341,25.381,15.609,19.412
3.96,18.929,17.246,26.228,15.647,16.425,9.0106,15.182,43.315,36.145,29.571,15.033,36.851,14.764,26.307,9.225,48.316,71.192,17.269,22.327,24.308,13.649,20.921,18.036,25.386,82.393,25.29,16.666,34.698,39.84,19.334,17.652,31.578,27.767,35.713,28.517,36.326,33.365,25.452,15.558,19.483
3.97,18.909,17.26,26.205,15.67,16.46,8.9738,15.129,43.3,35.98,29.533,15.058,36.617,14.653,26.155,9.1997,48.361,71.735,17.241,22.404,24.109,13.658,20.87,18.048,25.197,82.086,25.441,16.624,34.461,40.062,19.356,17.656,31.945,27.723,35.947,28.587,36.63,33.385,25.518,15.507,19.561
3.98,18.887,17.274,26.182,15.694,16.495,8.936,15.065,43.282,35.813,29.493,15.081,36.382,14.542,25.997,9.1737,48.404,72.264,17.21,22.481,23.998,13.664,20.817,18.06,25.01,81.782,25.588,16.58,34.227,40.276,19.372,17.655,32.314,27.677,36.179,28.654,36.935,33.403,25.579,15.456,19.643
3.99,18.865,17.287,26.158,15.718,16.53,8.8974,14.99,43.259,35.645,29.453,15.102,36.146,14.433,25.832,9.1472,48.464,72.78,17.174,22.559,23.887,13.668,20.763,18.072,24.825,81.486,25.732,16.534,33.994,40.483,19.382,17.648,32.684,27.629,36.408,28.72,37.241,33.432,25.634,15.404,19.732
4,18.842,17.3,26.134,15.745,16.564,8.8578,14.904,43.232,35.476,29.411,15.123,35.91,14.325,25.661,9.1201,48.723,73.283,17.135,22.637,23.775,13.669,20.707,18.084,24.643,81.199,25.875,16.488,33.764,40.683,19.387,17.636,33.057,27.578,36.634,28.785,37.549,33.483,25.684,15.353,19.828
4.01,18.818,17.313,26.109,15.772,16.598,8.8173,14.809,43.2,35.304,29.368,15.141,35.672,14.216,25.486,9.0927,48.989,73.773,17.091,22.716,23.665,13.667,20.649,18.096,24.463,80.915,26.013,16.44,33.537,40.877,19.387,17.619,33.43,27.526,36.856,28.848,37.858,33.533,25.729,15.301,19.93
4.02,18.793,17.327,26.083,15.8,16.632,8.776,14.704,43.164,35.132,29.324,15.159,35.452,14.109,25.306,9.0646,49.261,74.249,17.043,22.795,23.556,13.666,20.591,18.107,24.286,80.634,26.148,16.39,33.311,41.062,19.382,17.596,33.804,27.472,37.075,28.91,38.17,33.582,25.768,15.251,20.04
4.03,18.767,17.34,26.057,15.829,16.666,8.7339,14.591,43.123,34.959,29.279,15.175,35.376,14.001,25.12,9.036,49.54,74.711,16.993,22.875,23.45,13.664,20.532,18.119,24.111,80.365,26.281,16.34,33.089,41.24,19.373,17.567,34.178,27.416,37.293,28.971,38.486,33.628,25.801,15.2,20.156
4.04,18.741,17.353,26.03,15.859,16.699,8.6909,14.469,43.079,34.784,29.233,15.193,35.301,13.895,24.928,9.0067,49.826,75.16,16.938,22.955,23.487,13.658,20.471,18.13,23.938,80.1,26.41,16.288,32.869,41.411,19.362,17.531,34.553,27.359,37.513,29.031,38.806,33.673,25.829,15.15,20.28
4.05,18.713,17.366,26.003,15.89,16.732,8.6471,14.34,43.03,34.608,29.187,15.21,35.223,13.788,24.731,8.9768,50.119,75.594,16.879,23.036,23.633,13.651,20.409,18.141,23.768,79.839,26.535,16.234,32.651,41.575,19.348,17.49,34.928,27.299,37.738,29.09,39.13,33.717,25.852,15.101,20.411
4.06,18.685,17.378,25.976,15.922,16.764,8.6025,14.203,42.979,34.432,29.139,15.225,35.146,13.682,24.53,8.9462,50.418,76.016,16.817,23.117,23.777,13.641,20.345,18.152,23.601,79.583,26.658,16.18,32.437,41.731,19.329,17.442,35.303,27.237,37.964,29.148,39.46,33.759,25.869,15.052,20.549
4.07,18.656,17.391,25.947,15.955,16.796,8.5572,14.06,42.923,34.253,29.091,15.239,35.067,13.577,24.324,8.9151,50.724,76.423,16.751,23.199,23.919,13.628,20.281,18.163,23.438,79.337,26.775,16.124,32.225,41.878,19.305,17.389,35.678,27.174,38.188,29.205,39.802,33.8,25.88,15.005,20.694
4.08,18.625,17.425,25.919,15.989,16.828,8.511,13.911,42.864,34.075,29.043,15.251,34.988,13.504,24.114,8.8833,51.036,76.816,16.682,23.281,24.059,13.613,20.215,18.173,23.395,79.095,26.891,16.066,32.015,42.017,19.276,17.33,36.053,27.109,38.41,29.26,40.15,33.839,25.885,14.958,20.847
4.09,18.594,17.473,25.89,16.024,16.86,8.464,13.757,42.802,33.895,28.994,15.262,34.908,13.472,23.899,8.8509,51.597,77.195,16.609,23.364,24.197,13.596,20.15,18.184,23.375,78.856,27.002,16.008,31.809,42.148,19.241,17.265,36.427,27.042,38.629,29.314,40.5,33.877,25.884,14.912,21.006
4.1,18.562,17.521,25.86,16.06,16.891,8.4163,13.598,42.736,33.715,28.945,15.271,34.827,13.441,23.681,8.8179,52.164,77.56,16.73,23.447,24.332,13.577,20.084,18.194,23.354,78.622,27.108,15.948,31.605,42.267,19.199,17.195,36.801,26.974,38.847,29.367,40.853,33.914,25.876,14.868,21.172
4.11,18.529,17.569,25.831,16.096,16.921,8.3678,13.436,42.667,33.534,28.897,15.279,34.746,13.409,23.459,8.7843,52.727,77.914,16.899,23.531,24.465,13.555,20.02,18.204,23.331,78.398,27.213,15.887,31.404,42.377,19.15,17.12,37.174,26.904,39.065,29.418,41.206,33.949,25.863,14.825,21.345
4.12,18.496,17.616,25.801,16.134,16.951,8.3186,13.27,42.595,33.352,28.849,15.289,34.663,13.379,23.234,8.7502,53.286,78.257,17.065,23.616,24.596,13.531,19.958,18.214,23.308,78.177,27.313,15.823,31.206,42.476,19.094,17.041,37.546,26.833,39.282,29.468,41.56,33.983,25.844,14.784,21.524
4.13,18.461,17.664,25.77,16.173,16.981,8.2687,13.102,42.522,33.175,28.805,15.298,34.58,13.349,23.006,8.7156,53.842,78.592,17.228,23.701,24.724,13.509,19.898,18.224,23.284,77.959,27.407,15.76,31.011,42.565,19.032,16.957,37.917,26.76,39.497,29.516,41.913,34.015,25.818,14.743,21.709
4.14,18.425,17.71,25.739,16.212,17.011,8.218,12.933,42.445,33.156,28.767,15.305,34.496,13.318,23.093,8.6804,54.394,78.918,17.387,23.786,24.851,13.52,19.84,18.233,23.258,77.745,27.5,15.695,30.819,42.645,18.964,16.87,38.288,26.685,39.71,29.563,42.267,34.046,25.785,14.705,21.901
4.15,18.415,17.757,25.708,16.252,17.041,8.2199,12.763,42.366,33.136,28.746,15.311,34.412,13.288,23.185,8.6446,54.942,79.235,17.543,23.873,24.975,13.536,19.785,18.243,23.232,77.54,27.588,15.628,30.629,42.715,18.889,16.779,38.657,26.61,39.922,29.609,42.621,34.075,25.746,14.668,22.097
4.16,18.416,17.803,25.676,16.293,17.07,8.2377,12.593,42.285,33.116,28.729,15.316,34.326,13.258,23.272,8.6082,55.486,79.546,17.693,23.96,25.097,13.549,19.733,18.253,23.205,77.338,27.671,15.559,30.443,42.776,18.808,16.685,39.025,26.533,40.137,29.653,42.974,34.103,25.7,14.632,22.299
4.17,18.417,17.848,25.644,16.335,17.098,8.2555,12.423,42.201,33.095,28.711,15.319,34.24,13.228,23.357,8.5712,56.026,79.85,17.838,24.047,25.216,13.56,19.682,18.263,23.176,77.14,27.752,15.491,30.26,42.827,18.72,16.588,39.391,26.454,40.367,29.696,43.327,34.129,25.649,14.599,22.505
4.18,18.417,17.893,25.612,16.378,17.126,8.2732,12.255,42.114,33.073,28.694,15.321,34.154,13.198,23.438,8.5336,56.562,80.149,17.978,24.136,25.334,13.568,19.632,18.272,23.148,76.945,27.828,15.425,30.079,42.867,18.626,16.489,39.757,26.375,40.622,29.739,43.678,34.153,25.59,14.567,22.716
4.19,18.417,17.938,25.58,16.421,17.154,8.2907,12.089,42.024,33.05,28.675,15.321,34.066,13.169,23.515,8.4954,57.095,80.443,18.111,24.225,25.449,13.576,19.583,18.282,23.12,76.756,27.898,15.517,29.902,42.896,18.525,16.388,40.121,26.295,40.877,29.78,44.03,34.175,25.525,14.537,22.936
4.2,18.417,17.982,25.548,16.465,17.182,8.308,11.925,41.931,33.027,28.656,15.32,33.978,13.14,23.589,8.4566,57.622,80.736,18.238,24.315,25.561,13.584,19.535,18.291,23.09,76.574,27.966,15.605,29.727,42.91,18.418,16.286,40.484,26.213,41.165,29.821,44.379,34.197,25.453,14.51,23.202
4.21,18.416,18.026,25.515,16.51,17.209,8.3252,11.765,41.835,33.003,28.636,15.32,33.889,13.111,23.661,8.4173,58.146,81.266,18.359,24.405,25.672,13.59,19.487,18.3,23.059,76.394,28.03,15.69,29.556,42.908,18.306,16.182,40.846,26.131,41.478,29.86,44.727,34.217,25.375,14.484,23.471
4.22,18.416,18.07,25.483,16.556,17.235,8.3422,11.609,41.737,32.979,28.616,15.319,33.8,13.082,23.728,8.3773,58.666,81.807,18.473,24.497,25.781,13.594,19.439,18.309,23.028,76.217,28.088,15.77,29.387,42.891,18.187,16.078,41.207,26.048,41.798,29.899,45.073,34.236,25.291,14.461,23.743
4.23,18.414,18.113,25.45,16.602,17.262,8.3592,11.459,41.636,32.953,28.594,15.318,33.709,13.052,23.791,8.3368,59.181,82.342,18.58,24.589,25.887,13.595,19.392,18.318,22.996,76.042,28.143,15.846,29.222,42.858,18.063,15.973,41.566,26.01,42.117,29.937,45.417,34.253,25.201,14.439,24.018
4.24,18.413,18.155,25.418,16.649,17.287,8.376,11.313,41.532,32.928,28.571,15.315,33.618,13.023,23.853,8.2958,59.691,82.874,18.679,24.683,25.991,13.594,19.346,18.327,22.963,75.876,28.194,15.92,29.06,42.809,17.933,15.867,41.924,26.066,42.433,29.974,45.759,34.269,25.104,14.42,24.295
4.25,18.412,18.198,25.386,16.696,17.313,8.3926,11.174,41.425,32.901,28.548,15.311,33.527,12.995,23.91,8.2542,60.198,83.402,18.769,24.777,26.093,13.591,19.301,18.336,22.928,75.712,28.239,15.988,28.9,42.744,17.797,15.761,42.28,26.122,42.747,30.011,46.099,34.284,25.001,14.404,24.573
4.26,18.41,18.239,25.354,16.744,17.338,8.4091,11.041,41.315,32.874,28.523,15.305,33.435,12.966,23.963,8.212,60.699,83.926,18.852,24.873,26.193,13.588,19.257,18.345,22.894,75.552,28.28,16.054,28.744,42.661,17.657,15.653,42.635,26.176,43.058,30.048,46.437,34.297,24.892,14.389,24.854
4.27,18.408,18.281,25.322,16.793,17.363,8.4254,10.916,41.204,32.847,28.497,15.299,33.342,12.937,24.015,8.1694,61.197,84.447,18.927,24.969,26.291,13.585,19.214,18.353,22.858,75.394,28.319,16.116,28.591,42.558,17.637,15.545,42.989,26.229,43.367,30.086,46.773,34.309,24.778,14.378,25.135
4.28,18.406,18.322,25.29,16.843,17.388,8.4416,10.798,41.089,32.818,28.47,15.291,33.248,12.907,24.062,8.1263,61.69,84.962,18.993,25.066,26.388,13.581,19.172,18.361,22.823,75.238,28.352,16.173,28.441,42.434,17.692,15.437,43.34,26.282,43.674,30.124,47.107,34.319,24.658,14.368,25.417
4.29,18.403,18.362,25.258,16.892,17.412,8.4577,10.689,40.973,32.79,28.442,15.281,33.155,12.878,24.106,8.0828,62.179,85.472,19.051,25.165,26.482,13.574,19.131,18.37,22.788,75.091,28.379,16.228,28.294,42.288,17.747,15.328,43.69,26.334,43.977,30.162,47.439,34.327,24.532,14.361,25.7
4.3,18.4,18.402,25.226,16.943,17.435,8.4736,10.588,40.853,32.76,28.413,15.271,33.06,12.848,24.147,8.0388,62.663,85.976,19.099,25.264,26.575,13.565,19.09,18.378,22.751,74.945,28.405,16.279,28.15,42.119,17.802,15.219,44.037,26.385,44.278,30.2,47.769,34.334,24.4,14.357,25.982
4.31,18.397,18.441,25.194,16.994,17.459,8.4894,10.496,40.732,32.73,28.382,15.259,32.965,12.817,24.185,7.9944,63.143,86.473,19.14,25.363,26.667,13.555,19.05,18.386,22.714,74.802,28.425,16.327,28.009,41.925,17.856,15.11,44.382,26.435,44.575,30.237,48.098,34.34,24.263,14.356,26.263
4.32,18.394,18.481,25.162,17.045,17.482,8.505,10.414,40.607,32.7,28.351,15.249,32.869,12.788,24.219,7.9495,63.618,86.964,19.171,25.463,26.757,13.542,19.011,18.394,22.677,74.661,28.439,16.371,27.871,41.708,17.909,15.002,44.725,26.485,44.869,30.274,48.425,34.344,24.121,14.357,26.543
4.33,18.391,18.519,25.13,17.097,17.504,8.5204,10.449,40.481,32.669,28.318,15.238,32.773,12.759,24.251,7.9042,64.089,87.448,19.193,25.564,26.847,13.528,18.972,18.402,22.638,74.523,28.452,16.413,27.736,41.466,17.961,14.894,45.066,26.534,45.162,30.311,48.751,34.346,23.973,14.36,26.822
4.34,18.387,18.557,25.098,17.15,17.527,8.5358,10.566,40.351,32.637,28.284,15.226,32.677,12.73,24.279,7.8585,64.554,87.925,19.206,25.664,26.936,13.515,18.933,18.41,22.599,74.391,28.46,16.451,27.604,41.199,18.013,14.788,45.404,26.582,45.452,30.346,49.076,34.346,23.82,14.367,27.097
4.35,18.383,18.595,25.065,17.202,17.549,8.551,10.684,40.22,32.605,28.25,15.212,32.58,12.7,24.304,7.8125,65.015,88.395,19.21,25.765,27.025,13.501,18.894,18.418,22.56,74.261,28.461,16.486,27.475,40.909,18.064,14.682,45.741,26.629,45.741,30.381,49.401,34.345,23.674,14.376,27.371
4.36,18.379,18.633,25.033,17.255,17.57,8.5661,10.803,40.085,32.572,28.213,15.198,32.482,12.671,24.326,7.7661,65.471,88.859,19.205,25.867,27.12,13.486,18.857,18.425,22.519,74.134,28.461,16.52,27.349,40.595,18.114,14.578,46.075,26.676,46.027,30.415,49.726,34.342,23.685,14.388,27.641
4.37,18.375,18.669,25,17.309,17.591,8.581,10.924,39.948,32.539,28.176,15.182,32.384,12.641,24.345,7.7194,65.922,89.315,19.191,25.968,27.233,13.469,18.819,18.433,22.48,74.008,28.456,16.55,27.226,40.258,18.164,14.475,46.407,26.722,46.31,30.449,50.05,34.337,23.694,14.403,27.909
4.38,18.37,18.706,24.967,17.363,17.612,8.5957,11.046,39.809,32.505,28.138,15.165,32.286,12.611,24.36,7.6724,66.367,89.765,19.168,26.07,27.348,13.45,18.782,18.44,22.44,73.884,28.446,16.579,27.106,39.899,18.214,14.375,46.736,26.767,46.589,30.481,50.372,34.33,23.7,14.433,28.173
4.39,18.366,18.742,24.934,17.417,17.632,8.6103,11.17,39.667,32.471,28.098,15.146,32.187,12.58,24.374,7.6252,66.808,90.208,19.137,26.172,27.463,13.43,18.746,18.448,22.4,73.767,28.471,16.605,26.99,39.553,18.262,14.276,47.063,26.811,46.864,30.512,50.693,34.322,23.703,14.51,28.433
4.4,18.361,18.777,24.901,17.472,17.652,8.6248,11.295,39.523,32.436,28.058,15.127,32.088,12.55,24.383,7.5778,67.242,90.644,19.097,26.273,27.577,13.41,18.71,18.456,22.359,73.651,28.539,16.63,26.877,39.261,18.31,14.181,47.388,26.855,47.134,30.542,51.014,34.312,23.703,14.589,28.688
4.41,18.356,18.812,24.868,17.527,17.672,8.6392,11.421,39.378,32.401,28.016,15.107,31.988,12.519,24.39,7.5302,67.672,91.073,19.131,26.375,27.69,13.39,18.675,18.463,22.318,73.537,28.604,16.653,26.766,38.951,18.356,14.088,47.711,26.898,47.4,30.571,51.334,34.301,23.701,14.667,28.939
4.42,18.35,18.847,24.835,17.582,17.692,8.6534,11.548,39.229,32.365,27.972,15.085,31.888,12.488,24.394,7.4824,68.097,91.496,19.302,26.477,27.801,13.37,18.641,18.47,22.277,73.424,28.669,16.676,26.667,38.623,18.402,13.998,48.03,26.941,47.662,30.599,51.652,34.289,23.697,14.746,29.185
4.43,18.345,18.881,24.801,17.638,17.711,8.6674,11.676,39.079,32.329,27.929,15.065,31.788,12.456,24.395,7.4346,68.516,91.911,19.47,26.579,27.91,13.347,18.607,18.478,22.235,73.312,28.73,16.714,26.636,38.277,18.447,13.911,48.348,26.983,47.919,30.627,51.968,34.275,23.689,14.825,29.427
4.44,18.339,18.914,24.767,17.693,17.729,8.6813,11.804,38.927,32.293,27.884,15.045,31.687,12.426,24.393,7.3867,68.93,92.32,19.637,26.681,28.018,13.324,18.574,18.485,22.193,73.207,28.79,16.769,26.604,37.915,18.492,13.828,48.663,27.024,48.172,30.652,52.282,34.261,23.679,14.904,29.663
4.45,18.333,18.947,24.733,17.749,17.747,8.695,11.931,38.772,32.256,27.837,15.023,31.586,12.396,24.389,7.3388,69.34,92.722,19.801,26.783,28.124,13.3,18.542,18.492,22.15,73.103,28.846,16.825,26.572,37.539,18.536,13.748,48.976,27.065,48.421,30.678,52.593,34.245,23.666,14.984,29.895
4.46,18.327,18.98,24.699,17.805,17.765,8.7087,12.058,38.615,32.218,27.79,15,31.484,12.366,24.381,7.2909,69.745,93.117,19.962,26.884,28.227,13.278,18.511,18.499,22.108,73,28.899,16.88,26.539,37.159,18.579,13.732,49.286,27.106,48.666,30.702,52.902,34.228,23.651,15.064,30.122
4.47,18.321,19.012,24.665,17.862,17.783,8.7222,12.184,38.458,32.18,27.742,14.976,31.383,12.335,24.371,7.2665,70.144,93.505,20.121,26.986,28.329,13.254,18.481,18.506,22.065,72.898,28.95,16.935,26.505,37.123,18.621,13.763,49.595,27.145,48.908,30.725,53.209,34.21,23.632,15.145,30.343
4.48,18.315,19.044,24.63,17.918,17.8,8.7355,12.308,38.297,32.142,27.692,14.951,31.281,12.305,24.358,7.2579,70.538,93.886,20.275,27.088,28.429,13.228,18.452,18.512,22.023,72.797,28.997,16.988,26.471,37.066,18.662,13.795,49.901,27.184,49.146,30.748,53.514,34.19,23.611,15.225,30.558
4.49,18.308,19.075,24.596,17.975,17.817,8.7487,12.431,38.135,32.104,27.641,14.924,31.179,12.274,24.342,7.2485,70.928,94.26,20.427,27.19,28.526,13.204,18.424,18.519,21.981,72.701,29.042,17.041,26.436,36.988,18.702,13.827,50.206,27.223,49.381,30.77,53.818,34.17,23.587,15.306,30.769
4.5,18.302,19.106,24.561,18.032,17.834,8.7617,12.55,37.972,32.064,27.59,14.897,31.076,12.243,24.324,7.2383,71.313,94.627,20.574,27.291,28.622,13.179,18.396,18.526,21.939,72.606,29.084,17.093,26.401,36.89,18.742,13.859,50.508,27.26,49.611,30.79,54.12,34.148,23.56,15.388,30.972
4.51,18.295,19.136,24.525,18.088,17.85,8.7746,12.667,37.807,32.025,27.537,14.869,30.973,12.212,24.303,7.2271,71.693,94.986,20.716,27.392,28.715,13.154,18.37,18.532,21.896,72.512,29.123,17.143,26.366,36.773,18.78,13.892,50.808,27.298,49.838,30.81,54.42,34.125,23.53,15.469,31.169
4.52,18.288,19.166,24.49,18.146,17.866,8.7874,12.78,37.639,31.986,27.483,14.84,30.87,12.181,24.28,7.215,72.069,95.338,20.855,27.492,28.807,13.128,18.344,18.539,21.853,72.418,29.159,17.192,26.331,36.639,18.819,13.926,51.104,27.335,50.06,30.829,54.718,34.101,23.498,15.551,31.359
4.53,18.28,19.195,24.454,18.202,17.882,8.8001,12.89,37.471,31.945,27.429,14.81,30.767,12.149,24.255,7.2019,72.44,95.682,20.988,27.593,28.896,13.104,18.32,18.545,21.81,72.324,29.193,17.239,26.295,36.489,18.856,13.96,51.398,27.371,50.277,30.848,55.014,34.075,23.463,15.634,31.542
4.54,18.273,19.224,24.419,18.26,17.898,8.8126,12.995,37.302,31.905,27.373,14.781,30.664,12.118,24.226,7.1878,72.806,96.018,21.117,27.692,28.983,13.078,18.296,18.551,21.767,72.235,29.225,17.285,26.259,36.324,18.892,13.994,51.689,27.406,50.489,30.865,55.307,34.049,23.424,15.717,31.717
4.55,18.266,19.252,24.382,18.317,17.913,8.8249,13.095,37.13,31.864,27.316,14.752,30.561,12.086,24.196,7.1728,73.169,96.346,21.241,27.791,29.068,13.052,18.273,18.557,21.724,72.147,29.255,17.329,26.222,36.145,18.928,14.029,51.977,27.441,50.697,30.883,55.599,34.021,23.383,15.8,31.883
4.56,18.258,19.28,24.346,18.374,17.928,8.8371,13.19,36.957,31.823,27.259,14.722,30.457,12.054,24.163,7.1572,73.527,96.666,21.36,27.889,29.211,13.024,18.252,18.563,21.68,72.059,29.283,17.371,26.185,36.343,18.963,14.064,52.262,27.476,50.9,30.899,55.89,33.993,23.339,15.883,32.041
4.57,18.25,19.307,24.31,18.431,17.943,8.8492,13.28,36.784,31.782,27.2,14.69,30.353,12.022,24.128,7.1406,73.881,96.979,21.474,27.987,29.546,12.998,18.231,18.569,21.637,71.97,29.308,17.413,26.147,36.543,18.996,14.1,52.544,27.51,51.099,30.915,56.179,33.963,23.292,15.967,32.19
4.58,18.242,19.335,24.273,18.488,17.958,8.8612,13.365,36.608,31.74,27.141,14.658,30.249,11.99,24.091,7.1595,74.231,97.284,21.582,28.083,29.882,12.972,18.211,18.575,21.594,71.881,29.33,17.479,26.109,36.73,19.029,14.136,52.824,27.543,51.294,30.929,56.465,33.933,23.242,16.051,32.33
4.59,18.234,19.361,24.236,18.546,17.972,8.873,13.444,36.431,31.698,27.08,14.625,30.145,11.959,24.051,7.1943,74.577,97.579,21.685,28.18,30.217,12.945,18.192,18.581,21.551,71.796,29.35,17.56,26.07,36.902,19.062,14.172,53.101,27.576,51.485,30.944,56.748,33.901,23.189,16.136,32.46
4.6,18.226,19.387,24.199,18.603,17.986,8.8847,13.517,36.254,31.656,27.019,14.591,30.041,11.928,24.009,7.2298,74.919,97.867,21.782,28.275,30.552,12.917,18.174,18.586,21.508,71.712,29.366,17.648,26.03,37.06,19.093,14.209,53.375,27.609,51.672,30.958,57.029,33.869,23.132,16.221,32.581
4.61,18.217,19.412,24.161,18.66,18,8.8962,13.584,36.075,31.614,26.957,14.557,29.936,11.897,23.966,7.2657,75.257,98.147,21.874,28.37,30.887,12.888,18.156,18.592,21.465,71.626,29.38,17.74,25.991,37.203,19.124,14.247,53.647,27.64,51.858,30.971,57.307,33.835,23.073,16.306,32.691
4.62,18.209,19.438,24.123,18.717,18.013,8.9076,13.645,35.894,31.571,26.894,14.521,29.831,11.866,23.919,7.3022,75.591,98.417,21.961,28.464,31.221,12.858,18.14,18.597,21.422,71.54,29.391,17.832,25.952,37.332,19.154,14.284,53.916,27.672,52.04,30.983,57.582,33.801,23.01,16.391,32.792
4.63,18.2,19.462,24.085,18.774,18.026,8.9189,13.701,35.713,31.528,26.831,14.484,29.727,11.834,23.871,7.3392,75.921,98.679,22.041,28.557,31.553,12.829,18.124,18.603,21.379,71.452,29.4,17.922,25.912,37.445,19.183,14.322,54.182,27.702,52.22,30.995,57.853,33.766,22.945,16.477,33.04
4.64,18.192,19.486,24.047,18.83,18.039,8.93,13.751,35.531,31.485,26.766,14.447,29.623,11.803,23.821,7.3766,76.247,98.932,22.115,28.649,31.884,12.8,18.109,18.608,21.336,71.368,29.406,18.01,25.872,37.543,19.211,14.361,54.446,27.732,52.397,31.007,58.122,33.73,22.876,16.563,33.295
4.65,18.183,19.51,24.009,18.887,18.051,8.941,13.795,35.348,31.442,26.7,14.411,29.518,11.771,23.768,7.4144,76.57,99.175,22.185,28.741,32.213,12.771,18.094,18.614,21.292,71.284,29.409,18.095,25.831,37.626,19.239,14.399,54.707,27.761,52.57,31.018,58.388,33.693,22.803,16.65,33.548
4.66,18.174,19.533,23.97,18.944,18.063,8.9519,13.834,35.163,31.398,26.635,14.375,29.413,11.739,23.714,7.4525,76.889,99.409,22.249,28.831,32.54,12.741,18.081,18.619,21.249,71.198,29.409,18.178,25.79,37.692,19.266,14.438,54.965,27.79,52.739,31.029,58.651,33.655,22.728,16.737,33.796
4.67,18.165,19.557,23.931,19,18.075,8.9626,13.868,34.978,31.354,26.568,14.337,29.308,11.708,23.657,7.491,77.204,99.633,22.306,28.921,32.865,12.71,18.067,18.624,21.205,71.11,29.407,18.258,25.749,37.743,19.292,14.478,55.221,27.818,52.904,31.039,58.912,33.616,22.649,16.824,34.041
4.68,18.156,19.579,23.892,19.057,18.086,8.9732,13.898,34.793,31.311,26.5,14.299,29.203,11.676,23.6,7.5297,77.516,99.847,22.358,29.009,33.188,12.679,18.055,18.629,21.161,71.021,29.403,18.336,25.707,37.777,19.318,14.517,55.474,27.845,53.065,31.048,59.17,33.577,22.567,16.912,34.28
4.69,18.146,19.602,23.853,19.113,18.097,8.9837,13.923,34.606,31.266,26.432,14.26,29.098,11.644,23.54,7.5686,77.823,100.05,22.404,29.096,33.507,12.647,18.042,18.635,21.118,70.935,29.399,18.411,25.664,37.796,19.342,14.557,55.724,27.872,53.221,31.058,59.426,33.536,22.482,17,34.515
4.7,18.137,19.624,23.813,19.169,18.107,8.994,13.944,34.418,31.222,26.363,14.221,28.993,11.612,23.479,7.6078,78.128,100.24,22.446,29.182,33.825,12.615,18.03,18.64,21.075,70.848,29.391,18.483,25.621,37.799,19.366,14.597,55.972,27.898,53.374,31.066,59.68,33.495,22.394,17.088,34.744
4.71,18.128,19.646,23.773,19.224,18.117,9.0042,13.962,34.23,31.178,26.293,14.18,28.889,11.58,23.416,7.6472,78.429,100.43,22.481,29.268,34.139,12.581,18.019,18.645,21.032,70.758,29.381,18.553,25.578,37.786,19.389,14.637,56.217,27.923,53.523,31.075,59.933,33.453,22.303,17.176,34.968
4.72,18.118,19.668,23.733,19.28,18.127,9.0143,13.976,34.113,31.133,26.223,14.139,28.783,11.548,23.352,7.6867,78.726,100.6,22.511,29.352,34.452,12.548,18.007,18.649,20.989,70.666,29.369,18.619,25.534,37.757,19.412,14.678,56.458,27.948,53.669,31.083,60.184,33.409,22.208,17.265,35.186
4.73,18.109,19.691,23.693,19.335,18.136,9.0242,13.988,34.013,31.088,26.152,14.097,28.678,11.516,23.285,7.7263,79.019,100.76,22.535,29.436,34.761,12.514,17.996,18.654,20.945,70.573,29.354,18.682,25.49,37.711,19.433,14.719,56.698,27.972,53.811,31.091,60.433,33.365,22.11,17.354,35.397
4.74,18.099,19.713,23.652,19.39,18.145,9.034,13.998,33.911,31.044,26.08,14.054,28.573,11.485,23.218,7.7659,79.308,100.91,22.554,29.521,35.067,12.482,17.985,18.659,20.901,70.482,29.336,18.742,25.446,37.782,19.455,14.76,56.934,27.995,53.949,31.098,60.681,33.32,22.009,17.444,35.602
4.75,18.09,19.736,23.611,19.444,18.154,9.0437,14.007,33.807,30.999,26.008,14.011,28.469,11.454,23.149,7.8056,79.594,101.05,22.568,29.608,35.371,12.449,17.974,18.664,20.857,70.388,29.317,18.798,25.403,38.033,19.475,14.801,57.167,28.122,54.083,31.105,60.927,33.273,21.905,17.533,35.799
4.76,18.081,19.758,23.57,19.499,18.162,9.0533,14.015,33.702,30.954,25.935,13.969,28.364,11.423,23.08,7.8452,79.876,101.17,22.576,29.696,35.672,12.416,17.962,18.668,20.813,70.292,29.294,18.851,25.358,38.271,19.495,14.842,57.398,28.338,54.215,31.111,61.171,33.226,21.798,17.623,35.989
4.77,18.071,19.781,23.529,19.553,18.17,9.0627,14.022,33.595,30.908,25.862,13.927,28.259,11.391,23.009,7.8849,80.154,101.29,22.579,29.785,35.97,12.382,17.951,18.673,20.769,70.193,29.269,18.9,25.313,38.496,19.515,14.884,57.625,28.55,54.342,31.118,61.413,33.177,21.687,17.714,36.171
4.78,18.062,19.804,23.487,19.607,18.177,9.072,14.03,33.487,30.863,25.788,13.884,28.154,11.36,22.937,7.9245,80.429,101.39,22.577,29.874,36.265,12.348,17.939,18.677,20.724,70.093,29.242,18.946,25.268,38.706,19.533,14.926,57.849,28.758,54.467,31.124,61.652,33.128,21.574,17.804,36.344
4.79,18.053,19.826,23.446,19.66,18.184,9.0812,14.039,33.378,30.818,25.714,13.84,28.049,11.328,22.864,7.964,80.7,101.48,22.571,29.962,36.557,12.314,17.927,18.681,20.68,69.993,29.213,18.987,25.222,38.902,19.551,14.967,58.069,28.962,54.589,31.13,61.888,33.078,21.458,17.895,36.509
4.8,18.044,19.849,23.404,19.713,18.191,9.0903,14.049,33.267,30.772,25.639,13.796,27.945,11.297,22.79,8.0034,80.968,101.55,22.56,30.05,36.845,12.458,17.914,18.685,20.635,69.89,29.181,19.025,25.176,39.085,19.568,15.015,58.287,29.162,54.709,31.135,62.121,33.026,21.339,17.986,36.666
4.81,18.035,19.872,23.361,19.766,18.197,9.0992,14.061,33.154,30.727,25.564,13.75,27.84,11.265,22.715,8.0427,81.232,101.62,22.544,30.137,37.129,12.61,17.901,18.69,20.591,69.785,29.147,19.058,25.13,39.254,19.585,15.072,58.501,29.357,54.827,31.141,62.352,32.974,21.216,18.085,36.812
4.82,18.026,19.896,23.319,19.818,18.203,9.108,14.076,33.041,30.681,25.488,13.705,27.736,11.234,22.639,8.0819,81.494,101.67,22.523,30.224,37.409,12.753,17.887,18.694,20.546,69.676,29.11,19.086,25.083,39.409,19.601,15.13,58.712,29.548,54.944,31.146,62.579,32.921,21.091,18.236,36.948
4.83,18.017,19.919,23.276,19.87,18.208,9.1167,14.094,32.926,30.636,25.412,13.658,27.631,11.203,22.563,8.1209,81.752,101.71,22.498,30.31,37.684,12.881,17.883,18.698,20.501,69.568,29.072,19.111,25.036,39.55,19.617,15.218,58.92,29.734,55.062,31.151,62.804,32.867,20.963,18.39,37.076
4.84,18.009,19.942,23.233,19.921,18.214,9.1253,14.115,32.809,30.59,25.335,13.611,27.527,11.172,22.486,8.1597,82.008,101.74,22.468,30.394,37.956,12.997,17.925,18.702,20.456,69.457,29.031,19.13,24.989,39.677,19.632,15.389,59.125,29.916,55.191,31.156,63.027,32.812,20.833,18.547,37.194
4.85,18.001,19.966,23.19,19.973,18.218,9.1337,14.141,32.692,30.544,25.258,13.564,27.423,11.141,22.407,8.1984,82.262,101.76,22.434,30.478,38.223,13.099,17.967,18.706,20.411,69.343,28.99,19.146,24.941,39.79,19.646,15.565,59.328,30.093,55.326,31.16,63.247,32.756,20.699,18.706,37.336
4.86,17.993,19.989,23.147,20.023,18.222,9.142,14.171,32.573,30.498,25.181,13.518,27.318,11.111,22.329,8.2368,82.512,101.76,22.396,30.56,38.486,13.187,18.009,18.709,20.365,69.226,28.947,19.157,24.893,39.892,19.66,15.746,59.53,30.266,55.463,31.165,63.465,32.699,20.563,18.868,37.483
4.87,17.985,20.012,23.104,20.073,18.227,9.1502,14.207,32.453,30.452,25.103,13.471,27.214,11.08,22.249,8.275,82.759,101.76,22.354,30.642,38.743,13.266,18.052,18.713,20.319,69.106,28.902,19.164,24.888,39.98,19.673,15.933,59.729,30.434,55.601,31.169,63.682,32.641,20.424,19.032,37.626
4.88,17.977,20.035,23.06,20.123,18.23,9.1583,14.247,32.332,30.407,25.025,13.424,27.11,11.049,22.168,8.3129,83.003,101.74,22.307,30.722,38.996,13.336,18.094,18.717,20.273,68.987,28.855,19.166,24.912,40.055,19.686,16.125,59.926,30.598,55.739,31.173,63.898,32.582,20.283,19.199,37.764
4.89,17.97,20.057,23.016,20.173,18.233,9.1663,14.293,32.209,30.361,24.946,13.376,27.007,11.019,22.088,8.3505,83.245,101.72,22.258,30.802,39.244,13.395,18.134,18.72,20.226,68.863,28.805,19.165,24.936,40.118,19.698,16.321,60.12,30.758,55.879,31.177,64.113,32.522,20.139,19.369,37.897
4.9,17.962,20.08,22.972,20.222,18.236,9.1741,14.345,32.086,30.315,24.867,13.328,26.903,10.989,22.005,8.3879,83.485,101.69,22.204,30.881,39.487,13.444,18.172,18.724,20.179,68.736,28.754,19.159,24.96,40.168,19.71,16.523,60.313,30.912,56.021,31.181,64.326,32.461,19.993,19.54,38.026
4.91,17.955,20.104,22.928,20.27,18.239,9.1818,14.403,31.962,30.27,24.788,13.279,26.8,10.959,21.923,8.4249,83.723,101.64,22.147,30.96,39.725,13.479,18.208,18.728,20.132,68.606,28.7,19.149,24.983,40.206,19.721,16.729,60.502,31.062,56.172,31.185,64.538,32.399,19.845,19.715,38.152
4.92,17.948,20.128,22.884,20.318,18.241,9.1894,14.467,31.836,30.224,24.708,13.23,26.696,10.929,21.839,8.4616,83.958,101.59,22.086,31.038,39.957,13.503,18.241,18.731,20.084,68.475,28.645,19.135,25.006,40.233,19.732,16.94,60.69,31.208,56.337,31.189,64.749,32.335,19.771,19.891,38.273
4.93,17.942,20.153,22.839,20.366,18.243,9.1969,14.537,31.709,30.178,24.628,13.18,26.593,10.899,21.755,8.498,84.192,101.53,22.022,31.118,40.185,13.517,18.272,18.734,20.037,68.342,28.587,19.118,25.029,40.247,19.742,17.154,60.876,31.35,56.517,31.193,64.958,32.271,19.744,20.07,38.393
4.94,17.936,20.181,22.795,20.413,18.244,9.2043,14.614,31.582,30.133,24.547,13.13,26.49,10.869,21.669,8.534,84.424,101.47,21.955,31.199,40.408,13.522,18.299,18.738,19.989,68.204,28.528,19.096,25.051,40.25,19.751,17.373,61.059,31.487,56.704,31.196,65.165,32.205,19.716,20.252,38.552
4.95,17.929,20.214,22.75,20.46,18.245,9.2116,14.697,31.453,30.087,24.466,13.081,26.387,10.838,21.583,8.5697,84.655,101.4,21.885,31.281,40.625,13.517,18.323,18.741,19.942,68.063,28.466,19.07,25.072,40.242,19.76,17.595,61.24,31.619,56.894,31.2,65.371,32.138,19.687,20.435,38.81
4.96,17.924,20.247,22.705,20.506,18.246,9.2187,14.785,31.324,30.042,24.433,13.031,26.284,10.808,21.495,8.6049,84.884,101.32,21.812,31.364,40.838,13.499,18.344,18.745,19.893,67.92,28.403,19.041,25.093,40.222,19.769,17.822,61.42,31.747,57.086,31.203,65.574,32.07,19.658,20.621,39.063
4.97,17.918,20.28,22.66,20.552,18.246,9.2257,14.88,31.194,29.997,24.435,12.981,26.182,10.779,21.407,8.6398,85.111,101.24,21.736,31.447,41.045,13.471,18.362,18.748,19.845,67.776,28.337,19.008,25.113,40.19,19.778,18.051,61.597,31.871,57.277,31.207,65.775,32.001,19.627,20.808,39.311
4.98,17.913,20.313,22.614,20.598,18.246,9.2326,14.981,31.063,29.951,24.437,12.931,26.079,10.749,21.317,8.6742,85.338,101.15,21.657,31.53,41.248,13.436,18.377,18.752,19.796,67.628,28.27,18.971,25.133,40.147,19.786,18.284,61.771,31.991,57.467,31.209,65.973,31.93,19.595,20.998,39.555
4.99,17.908,20.345,22.569,20.643,18.246,9.2394,15.087,30.931,29.906,24.438,12.88,25.977,10.72,21.227,8.7082,85.562,101.05,21.576,31.614,41.447,13.396,18.388,18.755,19.747,67.476,28.201,18.93,25.152,40.238,19.793,18.52,61.944,32.105,57.655,31.212,66.169,31.859,19.562,21.19,39.794
5,17.904,20.377,22.523,20.688,18.245,9.2461,15.198,30.798,29.861,24.44,12.829,25.875,10.691,21.136,8.7417,85.785,100.95,21.492,31.698,41.641,13.348,18.396,18.758,19.697,67.32,28.131,18.887,25.171,40.519,19.8,18.759,62.114,32.216,57.843,31.215,66.361,31.787,19.529,21.384,40.028
5.01,17.899,20.409,22.478,20.732,18.244,9.2527,15.322,30.665,29.816,24.441,12.777,25.773,10.662,21.043,8.7747,86.007,100.84,21.406,31.781,41.83,13.291,18.401,18.762,19.647,67.165,28.058,18.869,25.19,40.787,19.806,19.001,62.282,32.321,58.027,31.217,66.551,31.714,19.495,21.58,40.259
5.02,17.895,20.44,22.432,20.776,18.243,9.2592,15.467,30.531,29.771,24.442,12.725,25.672,10.632,20.95,8.8073,86.228,100.72,21.318,31.864,42.014,13.225,18.401,18.765,19.596,67.006,27.984,18.953,25.207,41.039,19.812,19.245,62.448,32.422,58.211,31.22,66.737,31.639,19.46,21.778,40.484
5.03,17.891,20.471,22.386,20.82,18.241,9.2655,15.619,30.396,29.726,24.443,12.672,25.57,10.603,20.855,8.8393,86.447,100.6,21.228,31.945,42.194,13.148,18.398,18.768,19.546,66.843,27.91,19.034,25.224,41.275,19.818,19.492,62.611,32.52,58.391,31.221,66.92,31.564,19.424,21.977,40.706
5.04,17.888,20.502,22.34,20.863,18.239,9.2717,15.776,30.26,29.682,24.444,12.621,25.469,10.574,20.759,8.8708,86.665,100.47,21.136,32.026,42.368,13.066,18.391,18.771,19.589,66.676,27.835,19.114,25.24,41.494,19.823,19.741,62.772,32.612,58.569,31.223,67.1,31.488,19.388,22.179,40.923
5.05,17.884,20.532,22.294,20.906,18.236,9.2779,15.937,30.124,29.637,24.445,12.585,25.368,10.544,20.663,8.9018,86.881,100.33,21.043,32.105,42.537,12.977,18.38,18.774,19.635,66.508,27.757,19.192,25.255,41.695,19.828,19.992,62.932,32.701,58.744,31.225,67.277,31.412,19.35,22.382,41.137
5.06,17.881,20.562,22.248,20.948,18.234,9.2839,16.103,29.987,29.592,24.445,12.603,25.267,10.515,20.566,8.9322,87.096,100.18,20.947,32.183,42.7,12.999,18.365,18.777,19.682,66.339,27.678,19.269,25.269,41.877,19.832,20.245,63.089,32.785,58.917,31.226,67.451,31.334,19.312,22.587,41.347
5.07,17.878,20.591,22.201,20.99,18.231,9.2899,16.273,29.85,29.548,24.445,12.621,25.167,10.486,20.467,8.962,87.31,100.03,20.851,32.26,42.857,13.024,18.345,18.78,19.73,66.165,27.598,19.344,25.284,42.039,19.836,20.499,63.244,32.865,59.087,31.227,67.621,31.256,19.274,22.794,41.554
5.08,17.875,20.62,22.155,21.032,18.227,9.2957,16.447,29.712,29.503,24.445,12.639,25.067,10.456,20.368,8.9912,87.523,99.87,20.753,32.335,43.008,13.046,18.355,18.783,19.779,65.988,27.516,19.418,25.297,42.181,19.84,20.755,63.397,32.941,59.253,31.227,67.787,31.177,19.235,23.002,41.756
5.09,17.872,20.648,22.108,21.073,18.223,9.3014,16.624,29.574,29.458,24.445,12.655,24.966,10.427,20.268,9.0198,87.734,99.706,20.653,32.409,43.154,13.065,18.385,18.786,19.829,65.807,27.432,19.49,25.309,42.302,19.843,21.012,63.549,33.012,59.418,31.228,67.951,31.097,19.195,23.212,41.957
5.1,17.869,20.676,22.061,21.114,18.219,9.307,16.804,29.435,29.414,24.445,12.672,24.867,10.398,20.167,9.0478,87.945,99.534,20.553,32.482,43.293,13.081,18.414,18.789,19.88,65.627,27.347,19.56,25.329,42.401,19.845,21.27,63.7,33.08,59.579,31.228,68.11,31.016,19.155,23.424,42.155
5.11,17.866,20.704,22.014,21.155,18.215,9.3125,16.986,29.296,29.369,24.444,12.689,24.767,10.368,20.065,9.0751,88.156,99.356,20.452,32.553,43.426,13.098,18.442,18.792,19.932,65.443,27.26,19.628,25.35,42.477,19.848,21.529,63.849,33.143,59.738,31.228,68.267,30.935,19.114,23.637,42.35
5.12,17.864,20.731,21.967,21.195,18.21,9.3179,17.17,29.156,29.324,24.444,12.706,24.668,10.339,19.963,9.1017,88.366,99.173,20.351,32.622,43.553,13.11,18.469,18.795,19.985,65.255,27.172,19.695,25.37,42.529,19.85,21.789,63.996,33.203,59.895,31.228,68.42,30.853,19.072,23.851,42.545
5.13,17.861,20.758,21.92,21.235,18.205,9.3232,17.355,29.016,29.28,24.443,12.723,24.569,10.311,19.859,9.1276,88.576,98.982,20.249,32.69,43.675,13.12,18.494,18.798,20.039,65.064,27.083,19.761,25.389,42.557,19.851,22.049,64.143,33.26,60.049,31.228,68.571,30.77,19.031,24.067,42.736
5.14,17.859,20.784,21.873,21.274,18.199,9.3284,17.542,28.875,29.235,24.442,12.739,24.47,10.282,19.755,9.1528,88.786,98.787,20.146,32.757,43.792,13.13,18.517,18.801,20.093,64.872,26.992,19.825,25.407,42.707,19.853,22.309,64.287,33.312,60.2,31.227,68.718,30.687,18.988,24.284,42.927
5.15,17.857,20.81,21.825,21.313,18.194,9.3335,17.729,28.734,29.191,24.441,12.755,24.371,10.253,19.65,9.1774,88.996,98.586,20.043,32.823,43.904,13.137,18.54,18.804,20.148,64.679,26.9,19.887,25.424,42.923,19.854,22.57,64.43,33.361,60.348,31.226,68.863,30.603,18.946,24.502,43.116
5.16,17.854,20.836,21.778,21.352,18.188,9.3385,17.917,28.593,29.146,24.439,12.771,24.273,10.225,19.545,9.2013,89.206,98.379,19.94,32.887,44.013,13.144,18.56,18.807,20.204,64.481,26.806,19.948,25.442,43.152,19.854,22.83,64.57,33.407,60.494,31.224,69.006,30.518,18.903,24.72,43.304
5.17,17.852,20.861,21.73,21.39,18.181,9.3433,18.105,28.452,29.101,24.438,12.786,24.177,10.197,19.439,9.2244,89.416,98.167,19.836,32.95,44.117,13.153,18.58,18.81,20.261,64.281,26.711,20.007,25.458,43.362,19.854,23.091,64.709,33.449,60.636,31.223,69.146,30.432,18.859,24.94,43.491
5.18,17.85,20.886,21.682,21.428,18.214,9.3482,18.293,28.31,29.056,24.436,12.801,24.178,10.168,19.331,9.2467,89.625,97.949,19.733,33.011,44.218,13.163,18.597,18.812,20.318,64.078,26.615,20.065,25.473,43.552,19.854,23.351,64.845,33.488,60.776,31.221,69.285,30.345,18.816,25.161,43.675
5.19,17.848,20.91,21.634,21.466,18.299,9.3529,18.481,28.168,29.012,24.435,12.815,24.178,10.14,19.224,9.2682,89.834,97.726,19.63,33.071,44.315,13.17,18.613,18.815,20.376,63.875,26.518,20.122,25.5,43.723,19.853,23.61,64.98,33.525,60.912,31.219,69.422,30.258,18.772,25.383,43.858
5.2,17.846,20.934,21.586,21.503,18.384,9.3575,18.668,28.026,28.967,24.433,12.83,24.178,10.111,19.116,9.2889,90.042,97.497,19.528,33.13,44.409,13.179,18.627,18.818,20.435,63.669,26.419,20.177,25.547,43.873,19.852,23.868,65.113,33.558,61.046,31.217,69.558,30.17,18.728,25.605,44.038
5.21,17.844,20.957,21.538,21.54,18.468,9.362,18.854,27.884,28.922,24.431,12.843,24.178,10.083,19.008,9.3087,90.25,97.262,19.426,33.189,44.499,13.186,18.639,18.821,20.495,63.46,26.319,20.231,25.594,44.001,19.851,24.126,65.245,33.588,61.178,31.214,69.692,30.081,18.685,25.827,44.214
5.22,17.842,20.98,21.49,21.577,18.551,9.3664,19.039,27.741,28.877,24.429,12.857,24.179,10.054,18.898,9.3276,90.457,97.023,19.324,33.246,44.583,13.193,18.649,18.824,20.555,63.248,26.218,20.282,25.643,44.107,19.85,24.383,65.375,33.616,61.306,31.211,69.825,29.991,18.644,26.051,44.387
5.23,17.84,21.003,21.441,21.613,18.633,9.3707,19.223,27.598,28.833,24.426,12.87,24.178,10.026,18.848,9.3456,90.663,96.777,19.224,33.302,44.663,13.208,18.658,18.826,20.615,63.035,26.116,20.334,25.692,44.191,19.848,24.638,65.504,33.641,61.432,31.209,69.958,29.901,18.605,26.275,44.556
5.24,17.838,21.025,21.392,21.649,18.715,9.3749,19.406,27.456,28.788,24.423,12.883,24.178,9.9978,18.819,9.3627,90.868,96.528,19.124,33.356,44.736,13.247,18.664,18.829,20.676,62.821,26.014,20.383,25.742,44.252,19.846,24.893,65.631,33.663,61.555,31.205,70.088,29.809,18.566,26.499,44.72
5.25,17.836,21.046,21.344,21.685,18.796,9.379,19.587,27.313,28.743,24.421,12.895,24.178,9.9696,18.79,9.3789,91.07,96.272,19.025,33.41,44.912,13.285,18.669,18.832,20.737,62.604,25.911,20.431,25.793,44.291,19.843,25.146,65.757,33.806,61.674,31.201,70.218,29.717,18.529,26.724,44.879
5.26,17.833,21.068,21.295,21.72,18.877,9.3831,19.767,27.171,28.698,24.418,12.907,24.177,9.9413,18.76,9.3941,91.272,96.012,18.927,33.462,45.208,13.323,18.671,18.835,20.799,62.385,25.808,20.478,25.844,44.307,19.84,25.398,65.882,34.05,61.791,31.197,70.347,29.624,18.491,26.949,45.033
5.27,17.831,21.088,21.246,21.755,18.957,9.387,19.944,27.027,28.653,24.415,12.919,24.176,9.9132,18.731,9.4084,91.472,95.747,18.831,33.514,45.5,13.36,18.672,18.837,20.861,62.163,25.703,20.523,25.896,44.301,19.837,25.649,66.005,34.292,61.906,31.193,70.476,29.53,18.454,27.174,45.183
5.28,17.829,21.109,21.197,21.789,19.036,9.3908,20.121,26.884,28.607,24.412,12.93,24.174,9.885,18.701,9.4216,91.669,95.476,18.736,33.564,45.788,13.396,18.67,18.84,20.924,61.941,25.597,20.567,25.949,44.271,19.834,25.898,66.126,34.531,62.017,31.188,70.604,29.436,18.418,27.4,45.326
5.29,17.827,21.128,21.148,21.823,19.115,9.3946,20.295,26.742,28.562,24.409,12.941,24.173,9.8569,18.672,9.4338,91.866,95.202,18.642,33.613,46.071,13.429,18.667,18.843,20.987,61.718,25.49,20.61,26.002,44.218,19.83,26.146,66.246,34.767,62.126,31.184,70.733,29.341,18.381,27.626,45.464
5.3,17.824,21.148,21.098,21.856,19.192,9.3982,20.467,26.599,28.517,24.406,12.952,24.171,9.8289,18.642,9.4451,92.06,94.923,18.55,33.66,46.35,13.464,18.661,18.845,21.05,61.491,25.382,20.652,26.056,44.142,19.826,26.392,66.365,35,62.232,31.179,70.86,29.245,18.345,27.852,45.595
5.31,17.822,21.167,21.049,21.889,19.269,9.4018,20.638,26.456,28.472,24.402,12.962,24.169,9.8008,18.612,9.4553,92.253,94.639,18.459,33.706,46.624,13.497,18.653,18.848,21.113,61.263,25.273,20.692,26.11,44.044,19.821,26.638,66.481,35.231,62.335,31.173,70.986,29.148,18.309,28.079,45.72
5.32,17.819,21.185,20.999,21.922,19.344,9.4053,20.806,26.313,28.427,24.398,12.972,24.168,9.7729,18.582,9.4644,92.444,94.351,18.371,33.751,46.894,13.529,18.643,18.851,21.177,61.032,25.164,20.758,26.165,43.924,19.816,26.881,66.597,35.458,62.435,31.167,71.111,29.051,18.274,28.305,45.839
5.33,17.816,21.203,20.949,21.954,19.419,9.4087,20.973,26.17,28.381,24.395,12.982,24.166,9.745,18.551,9.4727,92.632,94.059,18.284,33.795,47.16,13.561,18.631,18.854,21.24,60.803,25.053,20.86,26.221,43.782,19.811,27.123,66.711,35.683,62.532,31.161,71.234,28.953,18.238,28.532,45.951
5.34,17.814,21.221,20.9,21.985,19.493,9.412,21.137,26.028,28.336,24.391,12.991,24.163,9.7171,18.521,9.48,92.82,93.764,18.198,33.838,47.421,13.593,18.616,18.856,21.304,60.608,24.942,20.954,26.277,43.619,19.806,27.363,66.822,35.904,62.626,31.154,71.355,28.854,18.203,28.759,46.056
5.35,17.811,21.238,20.85,22.016,19.566,9.4152,21.3,25.885,28.29,24.387,13.001,24.161,9.6893,18.49,9.4862,93.005,93.465,18.115,33.879,47.677,13.626,18.6,18.859,21.369,60.647,24.83,21.04,26.333,43.579,19.801,27.601,66.932,36.122,62.717,31.148,71.474,28.755,18.168,28.985,46.156
5.36,17.808,21.255,20.8,22.047,19.638,9.4183,21.46,25.743,28.245,24.383,13.009,24.158,9.6615,18.459,9.4914,93.189,93.162,18.034,33.92,47.929,13.657,18.658,18.862,21.433,60.684,24.717,21.118,26.391,43.541,19.795,27.837,67.04,36.337,62.804,31.141,71.592,28.655,18.133,29.212,46.249
5.37,17.805,21.271,20.749,22.077,19.709,9.4213,21.619,25.66,28.199,24.378,13.018,24.155,9.6338,18.428,9.4955,93.371,92.856,17.955,33.96,48.176,13.69,18.733,18.865,21.497,60.72,24.603,21.188,26.448,43.489,19.789,28.072,67.147,36.549,62.888,31.133,71.708,28.555,18.098,29.438,46.336
5.38,17.802,21.287,20.699,22.106,19.78,9.4243,21.776,25.642,28.153,24.374,13.026,24.152,9.6062,18.397,9.4985,93.552,92.547,17.878,34,48.419,13.721,18.808,18.868,21.561,60.756,24.488,21.25,26.506,43.424,19.783,28.304,67.252,36.757,62.969,31.125,71.824,28.454,18.064,29.665,46.415
5.39,17.799,21.302,20.649,22.135,19.851,9.4272,21.93,25.622,28.108,24.37,13.035,24.149,9.5786,18.366,9.5003,93.732,92.235,17.803,34.039,48.656,13.751,18.882,18.871,21.626,60.791,24.373,21.303,26.565,43.346,19.776,28.534,67.354,36.962,63.046,31.117,71.937,28.352,18.029,29.891,46.488
5.4,17.796,21.317,20.598,22.163,19.92,9.43,22.083,25.603,28.062,24.365,13.044,24.145,9.5511,18.334,9.5011,93.912,91.919,17.73,34.078,48.889,13.779,18.955,18.874,21.69,60.823,24.257,21.347,26.623,43.33,19.769,28.762,67.455,37.164,63.12,31.108,72.095,28.25,17.993,30.118,46.555
5.41,17.793,21.332,20.548,22.191,19.988,9.4327,22.234,25.583,28.016,24.36,13.052,24.142,9.5236,18.303,9.5008,94.09,91.601,17.66,34.118,49.118,13.808,19.027,18.877,21.755,60.855,24.141,21.384,26.683,43.391,19.762,28.987,67.554,37.362,63.19,31.1,72.302,28.148,17.958,30.344,46.614
5.42,17.79,21.346,20.497,22.218,20.055,9.4353,22.383,25.563,27.97,24.355,13.06,24.138,9.4962,18.272,9.4993,94.268,91.278,17.592,34.157,49.341,13.836,19.097,18.88,21.819,60.884,24.024,21.412,26.742,43.439,19.755,29.21,67.65,37.556,63.257,31.09,72.504,28.045,17.922,30.571,46.666
5.43,17.786,21.359,20.446,22.245,20.121,9.4378,22.531,25.543,27.924,24.351,13.068,24.134,9.4689,18.241,9.4967,94.445,90.954,17.526,34.196,49.56,13.862,19.167,18.882,21.883,60.912,23.906,21.431,26.802,43.473,19.747,29.429,67.744,37.747,63.321,31.081,72.704,27.941,17.886,30.797,46.711
5.44,17.783,21.372,20.395,22.271,20.186,9.4403,22.676,25.522,27.878,24.345,13.076,24.13,9.4416,18.209,9.493,94.622,90.625,17.463,34.234,49.773,13.887,19.235,18.885,21.947,60.939,23.788,21.443,26.862,43.492,19.739,29.646,67.836,37.935,63.382,31.071,72.9,27.837,17.849,31.023,46.749
5.45,17.779,21.385,20.344,22.297,20.25,9.4427,22.819,25.501,27.832,24.34,13.083,24.126,9.4146,18.177,9.4882,94.8,90.293,17.402,34.271,49.982,13.91,19.302,18.888,22.011,60.966,23.669,21.447,26.923,43.5,19.731,29.86,67.925,38.119,63.439,31.06,73.093,27.732,17.812,31.248,46.779
5.46,17.776,21.398,20.293,22.322,20.312,9.445,22.961,25.479,27.786,24.335,13.09,24.122,9.3879,18.146,9.4823,94.979,89.958,17.343,34.308,50.186,13.931,19.368,18.891,22.075,60.992,23.549,21.444,26.984,43.494,19.723,30.07,68.013,38.299,63.494,31.05,73.282,27.671,17.774,31.473,46.802
5.47,17.772,21.409,20.242,22.346,20.373,9.4472,23.1,25.458,27.74,24.33,13.096,24.117,9.3612,18.114,9.4753,95.159,89.62,17.287,34.344,50.385,13.952,19.433,18.894,22.139,61.016,23.429,21.434,27.045,43.475,19.714,30.276,68.099,38.476,63.546,31.038,73.468,27.652,17.736,31.697,46.818
5.48,17.768,21.421,20.19,22.371,20.433,9.4494,23.237,25.435,27.694,24.324,13.103,24.113,9.3347,18.082,9.4964,95.34,89.278,17.233,34.38,50.578,13.973,19.497,18.897,22.203,61.039,23.309,21.417,27.107,43.445,19.706,30.478,68.184,38.649,63.597,31.027,73.652,27.632,17.698,31.92,46.825
5.49,17.764,21.432,20.139,22.394,20.492,9.4514,23.373,25.412,27.647,24.319,13.109,24.108,9.3271,18.05,9.5393,95.523,88.933,17.181,34.416,50.766,13.993,19.559,18.9,22.266,61.06,23.188,21.392,27.169,43.404,19.697,30.677,68.268,38.82,63.646,31.047,73.832,27.613,17.659,32.141,46.826
5.5,17.76,21.442,20.088,22.418,20.557,9.4534,23.507,25.389,27.601,24.313,13.114,24.103,9.3197,18.017,9.5813,95.707,88.586,17.132,34.451,50.949,14.011,19.62,18.903,22.329,61.079,23.066,21.361,27.231,43.352,19.688,30.871,68.352,38.986,63.694,31.161,74.01,27.593,17.62,32.362,46.818
5.51,17.755,21.453,20.036,22.441,20.627,9.4553,23.639,25.366,27.554,24.307,13.12,24.098,9.3122,17.985,9.6226,95.892,88.235,17.085,34.485,51.127,14.027,19.68,18.906,22.392,61.098,22.945,21.323,27.293,43.291,19.679,31.061,68.436,39.149,63.742,31.275,74.185,27.573,17.58,32.582,46.803
5.52,17.751,21.462,19.984,22.464,20.697,9.4571,23.769,25.342,27.508,24.302,13.125,24.093,9.3047,17.953,9.6632,96.079,87.883,17.04,34.519,51.299,14.041,19.739,18.908,22.455,61.117,22.822,21.281,27.355,43.222,19.669,31.247,68.519,39.309,63.788,31.389,74.357,27.552,17.54,32.8,46.779
5.53,17.747,21.471,19.932,22.486,20.765,9.4589,23.897,25.318,27.461,24.296,13.13,24.087,9.2972,17.92,9.7031,96.267,87.527,16.998,34.553,51.465,14.054,19.796,18.911,22.518,61.135,22.701,21.299,27.418,43.143,19.66,31.429,68.603,39.465,63.832,31.503,74.526,27.531,17.499,33.017,46.748
5.54,17.742,21.48,19.881,22.509,20.834,9.4606,24.023,25.293,27.414,24.29,13.134,24.082,9.2898,17.888,9.7422,96.456,87.169,16.958,34.587,51.625,14.067,19.851,18.914,22.58,61.152,22.578,21.315,27.48,43.056,19.65,31.607,68.687,39.618,63.875,31.619,74.692,27.51,17.458,33.232,46.825
5.55,17.737,21.489,19.829,22.531,20.901,9.4622,24.148,25.268,27.368,24.284,13.139,24.076,9.2823,17.855,9.7804,96.646,86.808,16.921,34.621,51.78,14.08,19.906,18.917,22.642,61.167,22.456,21.33,27.543,42.961,19.64,31.781,68.771,39.767,63.916,31.736,74.855,27.489,17.416,33.446,46.956
5.56,17.733,21.497,19.777,22.553,20.968,9.4637,24.271,25.243,27.321,24.278,13.143,24.07,9.2747,17.823,9.8177,96.837,86.462,16.885,34.656,51.929,14.091,19.959,18.92,22.704,61.18,22.333,21.345,27.606,42.857,19.629,31.951,68.856,39.913,63.957,31.854,75.015,27.468,17.374,33.658,47.084
5.57,17.728,21.505,19.725,22.575,21.034,9.4652,24.393,25.217,27.274,24.271,13.147,24.065,9.2672,17.79,9.8542,97.027,86.287,16.852,34.693,52.072,14.1,20.01,18.923,22.766,61.193,22.21,21.359,27.67,42.745,19.619,32.118,68.94,40.056,63.999,31.971,75.172,27.446,17.331,33.868,47.209
5.58,17.723,21.512,19.672,22.596,21.099,9.4978,24.512,25.191,27.227,24.265,13.15,24.059,9.2597,17.758,9.8897,97.218,86.108,16.821,34.731,52.208,14.108,20.06,18.926,22.827,61.204,22.086,21.371,27.733,42.626,19.608,32.281,69.024,40.196,64.041,32.087,75.325,27.424,17.288,34.077,47.331
5.59,17.718,21.519,19.62,22.617,21.163,9.5391,24.63,25.164,27.181,24.258,13.154,24.053,9.2522,17.725,9.9243,97.408,85.925,16.792,34.772,52.339,14.115,20.109,18.929,22.888,61.215,21.963,21.383,27.797,42.499,19.597,32.442,69.109,40.332,64.084,32.202,75.476,27.402,17.244,34.284,47.449
5.6,17.712,21.526,19.568,22.638,21.226,9.5796,24.747,25.137,27.134,24.252,13.157,24.046,9.2447,17.692,9.958,97.598,85.737,16.765,34.815,52.464,14.119,20.156,18.932,22.949,61.226,21.839,21.394,27.86,42.366,19.586,32.599,69.194,40.465,64.127,32.317,75.623,27.38,17.2,34.489,47.563
5.61,17.707,21.532,19.515,22.658,21.287,9.6193,24.861,25.11,27.087,24.245,13.16,24.04,9.2372,17.659,9.9907,97.787,85.543,16.74,34.862,52.582,14.124,20.202,18.935,23.009,61.236,21.715,21.404,27.924,42.227,19.575,32.754,69.28,40.595,64.169,32.431,75.769,27.357,17.155,34.692,47.673
5.62,17.701,21.706,19.463,22.678,21.348,9.6582,24.974,25.082,27.039,24.239,13.162,24.033,9.2296,17.627,10.022,97.975,85.342,16.718,34.912,52.695,14.129,20.246,18.938,23.069,61.244,21.59,21.413,27.988,42.082,19.564,32.905,69.368,40.721,64.21,32.544,75.911,27.334,17.109,34.893,47.778
5.63,17.696,21.896,19.41,22.697,21.408,9.6963,25.084,25.054,26.992,24.232,13.165,24.027,9.2221,17.594,10.053,98.163,85.134,16.697,34.963,52.801,14.132,20.289,18.941,23.129,61.251,21.466,21.422,28.051,41.931,19.553,33.052,69.457,40.845,64.25,32.656,76.052,27.31,17.063,35.093,47.88
5.64,17.69,22.085,19.358,22.716,21.467,9.7336,25.193,25.026,26.945,24.225,13.167,24.02,9.2145,17.561,10.083,98.349,84.919,16.678,35.014,52.901,14.133,20.33,18.943,23.188,61.256,21.358,21.43,28.115,41.776,19.542,33.194,69.548,40.965,64.289,32.767,76.191,27.287,17.017,35.29,47.976
5.65,17.684,22.273,19.305,22.734,21.525,9.7701,25.3,24.998,26.898,24.218,13.169,24.013,9.207,17.528,10.112,98.534,84.697,16.661,35.065,52.995,14.133,20.369,18.946,23.247,61.261,21.287,21.436,28.179,41.617,19.53,33.331,69.639,41.083,64.326,32.876,76.328,27.263,16.969,35.487,48.068
5.66,17.678,22.46,19.252,22.752,21.588,9.8058,25.404,24.969,26.851,24.211,13.17,24.006,9.1995,17.495,10.14,98.717,84.467,16.645,35.117,53.083,14.132,20.407,18.949,23.305,61.265,21.216,21.442,28.243,41.454,19.518,33.463,69.73,41.197,64.362,32.984,76.464,27.239,16.922,35.684,48.156
5.67,17.672,22.646,19.199,22.77,21.654,9.8408,25.506,24.94,26.803,24.204,13.172,23.999,9.1919,17.461,10.167,98.898,84.229,16.632,35.168,53.166,14.132,20.443,18.952,23.363,61.269,21.144,21.447,28.307,41.287,19.506,33.589,69.82,41.309,64.396,33.09,76.599,27.214,16.873,35.88,48.239
5.68,17.666,22.83,19.146,22.786,21.719,9.8749,25.606,24.91,26.756,24.197,13.174,23.992,9.1844,17.428,10.193,99.078,83.984,16.62,35.219,53.242,14.147,20.478,18.955,23.421,61.272,21.07,21.452,28.371,41.116,19.494,33.711,69.909,41.417,64.428,33.195,76.734,27.189,16.824,36.077,48.318
5.69,17.66,23.013,19.093,22.803,21.783,9.9083,25.704,24.88,26.709,24.19,13.176,23.984,9.1768,17.395,10.218,99.256,83.731,16.609,35.27,53.313,14.174,20.511,18.958,23.478,61.274,20.996,21.455,28.435,40.941,19.482,33.827,69.996,41.523,64.459,33.298,76.868,27.164,16.775,36.273,48.394
5.7,17.653,23.195,19.04,22.819,21.846,9.9408,25.798,24.85,26.662,24.182,13.178,23.977,9.1693,17.362,10.242,99.431,83.469,16.6,35.322,53.378,14.2,20.542,18.961,23.535,61.274,20.922,21.458,28.499,40.763,19.47,33.939,70.082,41.625,64.488,33.399,77.001,27.139,16.725,36.469,48.466
5.71,17.646,23.376,18.987,22.834,21.907,9.9726,25.891,24.82,26.614,24.175,13.179,23.969,9.1617,17.328,10.265,99.605,83.2,16.593,35.374,53.438,14.227,20.572,18.964,23.592,61.273,20.847,21.459,28.563,40.581,19.457,34.045,70.167,41.725,64.515,33.499,77.134,27.113,16.674,36.665,48.534
5.72,17.639,23.556,18.934,22.849,21.979,10.004,25.98,24.79,26.567,24.167,13.181,23.962,9.1541,17.295,10.287,99.777,82.922,16.587,35.428,53.493,14.414,20.6,18.967,23.648,61.271,20.77,21.461,28.627,40.397,19.445,34.147,70.251,41.822,64.541,33.597,77.265,27.087,16.623,36.861,48.598
5.73,17.633,23.735,18.881,22.863,22.054,10.034,26.067,24.759,26.519,24.16,13.182,23.954,9.1466,17.262,10.309,99.947,82.743,16.582,35.484,53.542,14.618,20.626,18.97,23.704,61.268,20.693,21.461,28.691,40.209,19.432,34.245,70.334,41.916,64.565,33.693,77.396,27.061,16.572,37.055,48.658
5.74,17.626,23.913,18.827,22.877,22.128,10.063,26.15,24.728,26.472,24.152,13.182,23.946,9.139,17.229,10.329,100.11,82.74,16.579,35.542,53.586,14.822,20.65,18.973,23.76,61.265,20.615,21.46,28.754,40.02,19.419,34.337,70.417,42.109,64.588,33.789,77.525,27.034,16.52,37.25,48.717
5.75,17.618,24.091,18.774,22.89,22.201,10.092,26.231,24.697,26.424,24.144,13.183,23.938,9.1315,17.196,10.348,100.28,82.735,16.576,35.6,53.624,15.031,20.727,18.975,23.815,61.262,20.536,21.458,28.818,39.828,19.406,34.425,70.499,42.338,64.61,33.882,77.653,27.007,16.467,37.443,48.771
5.76,17.611,24.269,18.72,22.903,22.273,10.12,26.308,24.665,26.377,24.136,13.183,23.93,9.1239,17.162,10.367,100.45,82.729,16.575,35.659,53.657,15.245,20.83,18.978,23.87,61.258,20.456,21.456,28.882,39.634,19.393,34.508,70.58,42.566,64.63,33.975,77.779,26.98,16.414,37.636,48.822
5.77,17.604,24.445,18.667,22.916,22.344,10.147,26.383,24.634,26.329,24.128,13.183,23.922,9.1164,17.129,10.384,100.61,82.722,16.576,35.718,53.685,15.457,20.932,18.981,23.924,61.252,20.375,21.454,28.945,39.439,19.38,34.585,70.661,42.793,64.649,34.066,77.904,26.953,16.36,37.829,48.87
5.78,17.596,24.621,18.613,22.928,22.413,10.173,26.453,24.602,26.281,24.12,13.183,23.913,9.1088,17.096,10.4,100.77,82.714,16.577,35.777,53.708,15.669,21.034,18.984,23.978,61.245,20.294,21.45,29.008,39.242,19.367,34.656,70.741,43.018,64.667,34.156,78.028,26.925,16.306,38.022,48.915
5.79,17.588,24.795,18.56,22.94,22.481,10.199,26.521,24.57,26.233,24.112,13.183,23.905,9.1013,17.063,10.415,100.93,82.705,16.579,35.837,53.725,15.886,21.135,18.987,24.032,61.237,20.213,21.445,29.072,39.044,19.354,34.721,70.821,43.242,64.683,34.245,78.149,26.897,16.251,38.215,48.957
5.8,17.58,24.969,18.506,22.952,22.548,10.224,26.585,24.537,26.186,24.103,13.182,23.896,9.0937,17.029,10.43,101.08,82.694,16.582,35.896,53.738,16.107,21.236,18.99,24.085,61.227,20.131,21.44,29.135,38.846,19.341,34.781,70.9,43.464,64.759,34.333,78.269,26.869,16.196,38.408,48.995
5.81,17.573,25.143,18.452,22.963,22.614,10.248,26.645,24.505,26.138,24.095,13.181,23.888,9.0861,16.996,10.443,101.24,82.683,16.586,35.954,53.745,16.327,21.336,18.993,24.138,61.216,20.048,21.433,29.198,38.645,19.327,34.834,70.978,43.684,64.886,34.419,78.386,26.841,16.14,38.6,49.031
5.82,17.565,25.316,18.398,22.974,22.678,10.271,26.702,24.472,26.09,24.086,13.18,23.879,9.0786,16.963,10.456,101.4,82.671,16.591,36.013,53.747,16.542,21.435,18.995,24.191,61.206,19.964,21.427,29.261,38.444,19.314,34.881,71.055,43.903,65.01,34.504,78.502,26.812,16.084,38.79,49.064
5.83,17.556,25.488,18.39,22.985,22.742,10.294,26.756,24.439,26.043,24.078,13.179,23.87,9.071,16.974,10.467,101.55,82.657,16.597,36.07,53.745,16.755,21.534,18.998,24.244,61.195,19.879,21.419,29.324,38.241,19.3,34.922,71.131,44.119,65.132,34.587,78.617,26.783,16.028,38.978,49.094
5.84,17.548,25.661,18.402,22.996,22.804,10.316,26.849,24.406,25.995,24.069,13.178,23.861,9.0635,16.991,10.478,101.72,82.642,16.603,36.127,53.737,16.963,21.632,19.001,24.296,61.182,19.794,21.411,29.386,38.037,19.286,34.957,71.206,44.333,65.25,34.669,78.729,26.754,15.971,39.164,49.121
5.85,17.54,25.834,18.414,23.006,22.865,10.337,26.967,24.373,25.947,24.061,13.176,23.852,9.056,17.009,10.487,101.89,82.626,16.61,36.184,53.725,17.168,21.73,19.004,24.348,61.169,19.708,21.402,29.449,37.831,19.273,34.986,71.28,44.545,65.365,34.75,78.839,26.725,15.913,39.348,49.144
5.86,17.531,26.007,18.426,23.017,22.925,10.357,27.083,24.339,25.899,24.052,13.174,23.843,9.0484,17.027,10.496,102.06,82.609,16.618,36.24,53.708,17.366,21.827,19.007,24.399,61.154,19.621,21.392,29.511,37.624,19.259,35.008,71.353,44.755,65.477,34.828,78.948,26.696,15.855,39.531,49.165
5.87,17.523,26.179,18.438,23.027,22.984,10.377,27.197,24.306,25.852,24.043,13.173,23.834,9.0409,17.044,10.504,102.23,82.59,16.627,36.296,53.686,17.561,21.923,19.01,24.451,61.138,19.534,21.381,29.573,37.416,19.245,35.089,71.426,45.056,65.587,34.906,79.055,26.666,15.797,39.712,49.181
5.88,17.514,26.35,18.45,23.036,23.042,10.395,27.308,24.272,25.804,24.033,13.17,23.825,9.0333,17.061,10.511,102.4,82.57,16.636,36.351,53.66,17.75,22.019,19.013,24.502,61.121,19.445,21.369,29.635,37.206,19.231,35.247,71.499,45.398,65.693,34.981,79.161,26.636,15.738,39.892,49.193
5.89,17.505,26.521,18.462,23.046,23.098,10.413,27.416,24.238,25.756,24.024,13.168,23.816,9.0258,17.078,10.517,102.57,82.548,16.645,36.406,53.63,17.937,22.114,19.016,24.552,61.102,19.358,21.357,29.697,36.995,19.216,35.401,71.571,45.737,65.797,35.056,79.265,26.606,15.679,40.071,49.201
5.9,17.496,26.691,18.474,23.054,23.154,10.431,27.521,24.204,25.708,24.015,13.166,23.806,9.0183,17.095,10.523,102.74,82.525,16.655,36.46,53.595,18.13,22.208,19.019,24.603,61.082,19.269,21.345,29.759,36.783,19.247,35.551,71.642,46.072,65.898,35.128,79.369,26.576,15.619,40.248,49.203
5.91,17.487,26.861,18.486,23.063,23.208,10.447,27.624,24.169,25.66,24.006,13.163,23.797,9.0107,17.112,10.527,102.91,82.501,16.666,36.514,53.556,18.316,22.301,19.022,24.653,61.063,19.18,21.332,29.82,36.603,19.352,35.697,71.713,46.404,65.996,35.199,79.472,26.545,15.559,40.424,49.202
5.92,17.478,27.03,18.497,23.071,23.261,10.463,27.724,24.135,25.612,23.996,13.16,23.787,9.0032,17.129,10.53,103.08,82.476,16.677,36.568,53.512,18.498,22.394,19.024,24.702,61.043,19.091,21.318,29.881,36.542,19.455,35.839,71.783,46.732,66.093,35.269,79.573,26.515,15.499,40.597,49.195
5.93,17.468,27.199,18.508,23.079,23.314,10.479,27.821,24.1,25.565,23.987,13.157,23.777,8.9957,17.145,10.533,103.24,82.449,16.689,36.623,53.464,18.672,22.486,19.027,24.752,61.021,19.001,21.303,29.942,36.481,19.557,35.977,71.852,47.057,66.187,35.337,79.673,26.484,15.438,40.782,49.184
5.94,17.459,27.367,18.52,23.086,23.365,10.493,27.915,24.065,25.517,23.977,13.154,23.767,8.9882,17.162,10.534,103.41,82.421,16.7,36.677,53.412,18.837,22.577,19.03,24.801,60.998,18.91,21.287,30.003,36.418,19.658,36.11,71.92,47.378,66.279,35.404,79.773,26.453,15.377,41.022,49.168
5.95,17.449,27.534,18.531,23.094,23.415,10.507,28.007,24.03,25.469,23.967,13.15,23.758,8.9807,17.178,10.535,103.57,82.391,16.713,36.731,53.356,18.997,22.668,19.033,24.849,60.973,18.819,21.271,30.064,36.355,19.758,36.24,71.988,47.696,66.368,35.469,79.871,26.423,15.315,41.255,49.146
5.96,17.44,27.699,18.542,23.101,23.464,10.52,28.096,23.995,25.421,23.957,13.148,23.748,8.9732,17.194,10.535,103.74,82.359,16.725,36.785,53.295,19.145,22.757,19.036,24.898,60.948,18.727,21.253,30.124,36.29,19.857,36.365,72.055,48.011,66.455,35.533,79.968,26.391,15.253,41.483,49.12
5.97,17.43,27.864,18.553,23.108,23.512,10.532,28.182,23.959,25.374,23.948,13.145,23.738,8.9657,17.21,10.534,103.9,82.326,16.738,36.84,53.23,19.29,22.846,19.038,24.946,60.92,18.634,21.235,30.184,36.225,19.955,36.485,72.121,48.323,66.538,35.596,80.064,26.36,15.191,41.704,49.09
5.98,17.42,28.027,18.564,23.116,23.559,10.544,28.266,23.924,25.326,23.938,13.142,23.728,8.9582,17.227,10.532,104.07,82.292,16.751,36.895,53.162,19.423,22.935,19.041,24.994,60.891,18.541,21.218,30.244,36.158,20.051,36.601,72.188,48.634,66.619,35.658,80.16,26.329,15.128,41.92,49.054
5.99,17.41,28.189,18.575,23.124,23.604,10.555,28.347,23.888,25.278,23.928,13.138,23.718,8.9507,17.243,10.529,104.23,82.256,16.764,36.951,53.089,19.55,23.022,19.044,25.042,60.863,18.448,21.199,30.303,36.091,20.147,36.712,72.254,48.944,66.698,35.72,80.255,26.297,15.065,42.128,49.049
6,17.4,28.35,18.585,23.132,23.649,10.565,28.425,23.852,25.23,23.917,13.135,23.708,8.9432,17.259,10.526,104.39,82.218,16.777,37.007,53.012,19.667,23.109,19.047,25.089,60.834,18.354,21.18,30.362,36.023,20.241,36.819,72.32,49.251,66.773,35.782,80.349,26.266,15.002,42.331,49.173
6.01,17.39,28.511,18.596,23.141,23.693,10.574,28.501,23.816,25.183,23.907,13.131,23.697,8.9357,17.274,10.521,104.55,82.179,16.791,37.064,52.932,19.78,23.194,19.049,25.137,60.803,18.26,21.16,30.421,35.953,20.334,36.92,72.386,49.558,66.845,35.844,80.443,26.234,14.938,42.527,49.294
6.02,17.38,28.672,18.607,23.149,23.736,10.583,28.574,23.78,25.135,23.897,13.127,23.687,8.9282,17.29,10.516,104.71,82.139,16.804,37.121,52.847,19.884,23.279,19.052,25.184,60.771,18.166,21.139,30.48,35.882,20.426,37.017,72.451,49.863,66.915,35.909,80.536,26.202,14.874,42.718,49.413
6.03,17.369,28.834,18.618,23.156,23.778,10.591,28.644,23.744,25.087,23.886,13.123,23.676,8.9207,17.306,10.51,104.87,82.097,16.818,37.179,52.759,19.984,23.363,19.055,25.231,60.737,18.071,21.118,30.539,35.811,20.518,37.109,72.516,50.166,66.982,35.976,80.628,26.17,14.81,42.901,49.53
6.04,17.359,28.995,18.628,23.164,23.819,10.599,28.713,23.707,25.039,23.875,13.119,23.665,8.9133,17.321,10.503,105.03,82.053,16.832,37.237,52.668,20.081,23.447,19.057,25.278,60.702,17.977,21.096,30.597,35.738,20.608,37.196,72.581,50.468,67.046,36.045,80.72,26.137,14.745,43.079,49.644
6.05,17.348,29.156,18.638,23.171,23.859,10.606,28.778,23.671,24.992,23.865,13.115,23.655,8.9058,17.336,10.495,105.19,82.007,16.846,37.296,52.573,20.171,23.529,19.06,25.325,60.665,17.882,21.073,30.655,35.664,20.697,37.278,72.644,50.768,67.108,36.116,80.811,26.105,14.68,43.25,49.756
6.06,17.338,29.317,18.649,23.178,23.897,10.612,28.842,23.634,24.944,23.854,13.111,23.644,8.8984,17.351,10.487,105.35,81.96,16.861,37.357,52.475,20.251,23.611,19.063,25.371,60.627,17.786,21.05,30.712,35.588,20.784,37.355,72.707,51.066,67.166,36.187,80.902,26.072,14.615,43.416,49.865
6.07,17.327,29.512,18.659,23.184,23.935,10.617,28.903,23.598,24.896,23.843,13.106,23.634,8.8909,17.367,10.478,105.51,81.911,16.875,37.419,52.373,20.325,23.692,19.065,25.417,60.588,17.691,21.026,30.77,35.511,20.871,37.428,72.769,51.362,67.221,36.258,80.992,26.039,14.549,43.575,49.971
6.08,17.316,29.707,18.669,23.19,23.972,10.622,28.963,23.561,24.849,23.833,13.101,23.623,8.8835,17.381,10.468,105.67,81.86,16.889,37.485,52.269,20.39,23.772,19.068,25.463,60.549,17.595,21.001,30.827,35.433,20.957,37.496,72.831,51.657,67.274,36.33,81.083,26.006,14.484,43.728,50.075
6.09,17.305,29.902,18.679,23.196,24.007,10.626,29.02,23.523,24.801,23.822,13.096,23.612,8.876,17.396,10.457,105.82,81.807,16.904,37.554,52.162,20.447,23.851,19.07,25.509,60.508,17.498,20.977,30.884,35.353,21.041,37.559,72.892,51.949,67.325,36.402,81.173,25.972,14.417,43.876,50.176
6.1,17.294,30.096,18.689,23.2,24.042,10.63,29.075,23.486,24.754,23.81,13.091,23.601,8.8686,17.411,10.445,105.98,81.753,16.918,37.624,52.052,20.497,23.929,19.073,25.555,60.466,17.401,20.952,30.94,35.272,21.125,37.618,72.952,52.241,67.371,36.476,81.263,25.939,14.351,44.019,50.275
6.11,17.283,30.29,18.699,23.205,24.075,10.632,29.128,23.449,24.706,23.799,13.086,23.59,8.8612,17.425,10.433,106.14,81.697,16.932,37.696,51.941,20.536,24.006,19.075,25.6,60.423,17.304,20.927,30.997,35.189,21.207,37.673,73.012,52.53,67.415,36.551,81.352,25.905,14.285,44.155,50.371
6.12,17.271,30.483,18.708,23.208,24.108,10.634,29.18,23.412,24.659,23.788,13.081,23.579,8.8538,17.44,10.419,106.29,81.639,16.947,37.77,51.979,20.571,24.083,19.078,25.645,60.378,17.207,20.901,31.053,35.105,21.338,37.726,73.072,52.816,67.456,36.627,81.441,25.872,14.218,44.286,50.464
6.13,17.26,30.675,18.718,23.212,24.139,10.636,29.229,23.375,24.611,23.776,13.075,23.568,8.8464,17.454,10.405,106.45,81.579,16.961,37.845,52.021,20.596,24.158,19.08,25.69,60.331,17.109,20.874,31.109,35.019,21.502,37.775,73.131,53.101,67.493,36.704,81.528,25.838,14.151,44.412,50.554
6.14,17.248,30.867,18.728,23.214,24.169,10.637,29.277,23.337,24.564,23.765,13.07,23.557,8.839,17.468,10.39,106.6,81.517,16.976,37.921,52.06,20.613,24.233,19.083,25.735,60.283,17.012,20.847,31.165,34.931,21.665,37.823,73.19,53.383,67.527,36.782,81.615,25.804,14.122,44.532,50.641
6.15,17.237,31.057,18.737,23.216,24.198,10.637,29.323,23.3,24.516,23.754,13.064,23.545,8.8316,17.482,10.374,106.75,81.453,16.99,37.998,52.096,20.624,24.307,19.085,25.779,60.234,16.954,20.819,31.22,34.843,21.826,37.868,73.249,53.662,67.559,36.86,81.7,25.77,14.093,44.646,50.726
6.16,17.225,31.246,18.746,23.218,24.226,10.637,29.368,23.262,24.469,23.742,13.058,23.534,8.8242,17.496,10.358,106.91,81.388,17.004,38.077,52.127,20.628,24.38,19.087,25.824,60.183,16.978,20.79,31.275,34.753,21.987,37.912,73.308,53.94,67.587,36.94,81.783,25.736,14.064,44.755,50.809
6.17,17.214,31.433,18.756,23.218,24.253,10.636,29.41,23.225,24.422,23.731,13.052,23.523,8.8168,17.51,10.34,107.06,81.321,17.019,38.156,52.157,20.626,24.452,19.09,25.868,60.131,17.002,20.761,31.329,34.661,22.147,37.953,73.365,54.214,67.613,37.022,81.866,25.701,14.034,44.857,50.889
6.18,17.202,31.619,18.765,23.219,24.278,10.634,29.452,23.187,24.375,23.719,13.046,23.511,8.8094,17.524,10.322,107.21,81.252,17.033,38.235,52.183,20.624,24.523,19.092,25.912,60.079,17.025,20.732,31.384,34.568,22.305,37.993,73.423,54.486,67.637,37.11,81.947,25.667,14.004,44.954,50.966
6.19,17.19,31.804,18.774,23.218,24.303,10.632,29.492,23.149,24.327,23.707,13.04,23.5,8.8021,17.538,10.303,107.36,81.181,17.047,38.314,52.206,20.615,24.594,19.094,25.955,60.025,17.048,20.702,31.438,34.473,22.462,38.029,73.479,54.754,67.658,37.206,82.026,25.632,13.974,45.045,51.041
6.2,17.178,31.987,18.783,23.217,24.327,10.629,29.53,23.111,24.28,23.695,13.033,23.488,8.7947,17.551,10.283,107.51,81.108,17.061,38.393,52.225,20.601,24.663,19.097,25.999,59.97,17.07,20.671,31.491,34.376,22.617,38.061,73.534,55.02,67.675,37.303,82.103,25.598,13.944,45.131,51.114
6.21,17.166,32.169,18.792,23.216,24.35,10.626,29.568,23.073,24.245,23.683,13.027,23.477,8.7874,17.564,10.263,107.66,81.034,17.075,38.472,52.242,20.578,24.732,19.099,26.042,59.913,17.092,20.64,31.544,34.277,22.771,38.089,73.589,55.282,67.691,37.401,82.179,25.563,13.914,45.211,51.183
6.22,17.154,32.349,18.801,23.214,24.372,10.622,29.604,23.035,24.216,23.671,13.021,23.465,8.78,17.578,10.242,107.81,80.957,17.089,38.552,52.256,20.548,24.799,19.101,26.086,59.855,17.113,20.609,31.597,34.175,22.924,38.113,73.643,55.541,67.703,37.498,82.253,25.528,13.884,45.285,51.25
6.23,17.141,32.527,18.81,23.211,24.393,10.617,29.64,22.997,24.186,23.659,13.015,23.453,8.7727,17.591,10.22,107.96,80.879,17.103,38.631,52.267,20.514,24.866,19.103,26.13,59.795,17.134,20.578,31.65,34.072,23.075,38.133,73.697,55.797,67.714,37.595,82.325,25.493,13.854,45.353,51.315
6.24,17.129,32.704,18.819,23.208,24.413,10.612,29.674,22.959,24.156,23.647,13.009,23.442,8.7654,17.604,10.197,108.11,80.799,17.117,38.711,52.276,20.476,24.932,19.106,26.173,59.733,17.154,20.547,31.702,33.966,23.225,38.148,73.75,56.049,67.721,37.691,82.395,25.458,13.823,45.415,51.376
6.25,17.117,32.88,18.828,23.205,24.432,10.606,29.707,22.921,24.127,23.634,13.003,23.43,8.7581,17.617,10.173,108.26,80.718,17.13,38.791,52.281,20.435,24.997,19.108,26.216,59.67,17.174,20.515,31.753,33.858,23.375,38.159,73.802,56.297,67.727,37.786,82.464,25.423,13.793,45.47,51.435
6.26,17.104,33.054,18.836,23.201,24.45,10.6,29.74,22.883,24.097,23.622,12.996,23.418,8.7508,17.629,10.149,108.41,80.634,17.144,38.871,52.285,20.389,25.061,19.11,26.259,59.606,17.192,20.482,31.805,33.747,23.523,38.165,73.853,56.543,67.729,37.88,82.529,25.387,13.762,45.576,51.491
6.27,17.091,33.227,18.845,23.196,24.467,10.593,29.772,22.845,24.067,23.61,12.99,23.406,8.7435,17.642,10.132,108.55,80.549,17.157,38.951,52.286,20.34,25.124,19.112,26.301,59.542,17.211,20.449,31.856,33.634,23.67,38.168,73.904,56.785,67.729,37.973,82.594,25.352,13.731,45.683,51.543
6.28,17.079,33.398,18.853,23.191,24.484,10.585,29.802,22.806,24.037,23.597,12.983,23.394,8.7362,17.655,10.18,108.7,80.462,17.171,39.031,52.315,20.284,25.186,19.114,26.344,59.476,17.228,20.416,31.906,33.518,23.816,38.166,73.953,57.025,67.726,38.064,82.655,25.316,13.7,45.79,51.593
6.29,17.066,33.568,18.861,23.186,24.499,10.577,29.832,22.768,24.007,23.585,12.976,23.382,8.7289,17.667,10.228,108.85,80.373,17.184,39.112,52.401,20.221,25.247,19.116,26.386,59.409,17.245,20.382,31.957,33.4,23.96,38.161,74.001,57.262,67.722,38.154,82.715,25.281,13.669,45.894,51.641
6.3,17.053,33.737,18.87,23.18,24.514,10.569,29.862,22.729,23.977,23.572,12.969,23.37,8.7216,17.679,10.276,108.99,80.283,17.197,39.192,52.484,20.153,25.307,19.118,26.428,59.34,17.262,20.348,32.006,33.28,24.104,38.151,74.048,57.496,67.715,38.243,82.773,25.245,13.638,45.998,51.685
6.31,17.04,33.904,18.878,23.174,24.528,10.559,29.89,22.691,23.947,23.559,12.962,23.358,8.7144,17.692,10.323,109.14,80.191,17.209,39.273,52.563,20.079,25.366,19.12,26.47,59.269,17.278,20.313,32.056,33.158,24.247,38.138,74.094,57.726,67.706,38.33,82.829,25.21,13.606,46.099,51.726
6.32,17.027,34.07,18.886,23.167,24.541,10.55,29.918,22.652,23.917,23.547,12.955,23.346,8.7071,17.704,10.371,109.28,80.097,17.222,39.354,52.641,19.998,25.424,19.122,26.512,59.198,17.294,20.278,32.105,33.033,24.388,38.121,74.14,57.954,67.695,38.415,82.882,25.174,13.575,46.198,51.764
6.33,17.014,34.235,18.894,23.161,24.554,10.539,29.944,22.614,23.887,23.534,12.947,23.333,8.6999,17.716,10.418,109.43,80.002,17.234,39.436,52.715,19.912,25.481,19.124,26.553,59.124,17.309,20.243,32.154,32.905,24.528,38.101,74.184,58.178,67.682,38.499,82.934,25.138,13.543,46.294,51.8
6.34,17.001,34.398,18.902,23.154,24.567,10.529,29.971,22.576,23.856,23.521,12.94,23.321,8.6926,17.728,10.466,109.57,79.905,17.247,39.519,52.786,19.82,25.537,19.126,26.595,59.049,17.324,20.207,32.203,32.775,24.666,38.078,74.228,58.398,67.665,38.581,82.984,25.102,13.512,46.388,51.832
6.35,16.988,34.56,18.909,23.147,24.581,10.517,29.996,22.537,23.826,23.508,12.932,23.309,8.6854,17.739,10.513,109.71,79.807,17.259,39.603,52.854,19.721,25.592,19.128,26.636,58.972,17.338,20.171,32.251,32.642,24.802,38.054,74.271,58.615,67.647,38.661,83.033,25.066,13.48,46.527,51.861
6.36,16.975,34.72,18.917,23.14,24.593,10.505,30.021,22.499,23.795,23.495,12.925,23.297,8.6782,17.751,10.559,109.86,79.707,17.271,39.69,52.919,19.618,25.646,19.13,26.676,58.895,17.351,20.135,32.299,32.506,24.938,38.029,74.313,58.829,67.626,38.74,83.079,25.03,13.448,46.716,51.887
6.37,16.961,34.879,18.925,23.132,24.605,10.493,30.045,22.461,23.765,23.482,12.918,23.284,8.671,17.763,10.606,110,79.606,17.282,39.779,52.981,19.51,25.699,19.132,26.717,58.817,17.364,20.098,32.347,32.368,25.072,38.005,74.354,59.039,67.604,38.818,83.124,24.994,13.416,46.901,51.91
6.38,16.948,35.036,18.933,23.124,24.617,10.48,30.069,22.422,23.734,23.469,12.911,23.272,8.6638,17.774,10.652,110.14,79.503,17.294,39.87,53.04,19.396,25.751,19.134,26.757,58.738,17.376,20.061,32.394,32.227,25.204,37.98,74.393,59.245,67.58,38.895,83.167,24.958,13.384,47.08,51.929
6.39,16.934,35.193,18.94,23.115,24.628,10.466,30.092,22.403,23.704,23.455,12.903,23.259,8.6566,17.786,10.698,110.28,79.4,17.305,39.961,53.096,19.279,25.802,19.136,26.797,58.658,17.387,20.024,32.441,32.083,25.335,37.954,74.431,59.447,67.555,38.97,83.208,24.922,13.352,47.255,51.944
6.4,16.921,35.347,18.948,23.106,24.638,10.452,30.115,22.396,23.673,23.442,12.896,23.247,8.6495,17.797,10.744,110.42,79.295,17.316,40.055,53.149,19.164,25.852,19.138,26.838,58.576,17.399,19.986,32.488,31.936,25.465,37.928,74.468,59.646,67.528,39.045,83.247,24.886,13.32,47.424,51.956
6.41,16.907,35.501,18.955,23.096,24.648,10.438,30.138,22.388,23.642,23.429,12.888,23.234,8.6423,17.808,10.79,110.56,79.188,17.326,40.151,53.199,19.049,25.901,19.14,26.878,58.492,17.41,19.949,32.534,31.787,25.593,37.901,74.503,59.84,67.498,39.119,83.284,24.85,13.287,47.589,51.965
6.42,16.893,35.653,18.962,23.086,24.657,10.423,30.16,22.381,23.611,23.416,12.881,23.221,8.6352,17.819,10.835,110.7,79.081,17.337,40.25,53.246,18.933,25.949,19.142,26.918,58.407,17.42,19.911,32.579,31.635,25.72,37.872,74.537,60.03,67.466,39.194,83.32,24.814,13.255,47.748,51.97
6.43,16.88,35.804,18.97,23.076,24.665,10.407,30.182,22.373,23.58,23.402,12.873,23.209,8.628,17.83,10.88,110.84,78.973,17.347,40.354,53.289,18.815,25.996,19.143,26.958,58.321,17.43,19.873,32.625,31.48,25.845,37.839,74.57,60.217,67.433,39.268,83.354,24.777,13.222,47.902,51.971
6.44,16.866,35.954,18.977,23.065,24.673,10.391,30.204,22.365,23.549,23.389,12.865,23.196,8.6209,17.841,10.925,110.98,78.864,17.356,40.459,53.33,18.691,26.042,19.145,26.997,58.233,17.439,19.835,32.669,31.448,25.969,37.804,74.601,60.399,67.397,39.344,83.386,24.741,13.189,48.05,51.968
6.45,16.852,36.102,18.984,23.053,24.681,10.375,30.225,22.357,23.518,23.375,12.858,23.183,8.6138,17.852,10.969,111.12,78.754,17.366,40.565,53.368,18.565,26.086,19.147,27.036,58.144,17.448,19.797,32.714,31.451,26.091,37.765,74.631,60.578,67.361,39.42,83.417,24.705,13.156,48.193,51.961
6.46,16.838,36.249,18.991,23.042,24.688,10.358,30.246,22.349,23.487,23.361,12.851,23.171,8.6066,17.862,11.013,111.25,78.644,17.375,40.672,53.402,18.433,26.13,19.149,27.075,58.054,17.456,19.758,32.758,31.452,26.213,37.723,74.659,60.754,67.324,39.496,83.446,24.668,13.124,48.331,51.951
6.47,16.824,36.394,18.998,23.029,24.697,10.352,30.266,22.341,23.456,23.348,12.843,23.158,8.5996,17.873,11.057,111.39,78.532,17.384,40.78,53.433,18.299,26.173,19.151,27.114,57.964,17.463,19.719,32.801,31.45,26.333,37.677,74.685,60.925,67.285,39.573,83.473,24.632,13.09,48.463,51.935
6.48,16.81,36.538,19.005,23.017,24.708,10.347,30.286,22.333,23.425,23.334,12.835,23.145,8.5925,17.883,11.101,111.53,78.467,17.392,40.889,53.462,18.164,26.214,19.153,27.152,57.872,17.47,19.679,32.845,31.446,26.453,37.628,74.71,61.094,67.246,39.649,83.499,24.595,13.057,48.59,51.916
6.49,16.795,36.68,19.011,23.004,24.718,10.34,30.306,22.325,23.394,23.32,12.828,23.132,8.5854,17.893,11.144,111.66,78.495,17.4,40.998,53.488,18.031,26.255,19.154,27.191,57.78,17.476,19.64,32.887,31.438,26.575,37.576,74.733,61.259,67.205,39.726,83.523,24.559,13.031,48.712,51.893
6.5,16.781,36.821,19.018,22.99,24.728,10.334,30.325,22.317,23.363,23.306,12.82,23.119,8.5783,17.904,11.187,111.8,78.522,17.408,41.108,53.51,17.902,26.294,19.156,27.228,57.685,17.483,19.6,32.93,31.428,26.696,37.52,74.754,61.422,67.163,39.803,83.545,24.522,13.048,48.829,51.865
6.51,16.767,36.96,19.024,22.977,24.736,10.327,30.343,22.309,23.331,23.292,12.812,23.107,8.5713,17.914,11.229,111.93,78.55,17.415,41.218,53.53,17.772,26.333,19.158,27.266,57.59,17.489,19.56,32.972,31.415,26.815,37.461,74.773,61.583,67.12,39.88,83.566,24.485,13.066,48.942,51.833
6.52,16.753,37.098,19.031,22.963,24.744,10.319,30.361,22.301,23.3,23.278,12.804,23.094,8.5642,17.924,11.272,112.07,78.576,17.422,41.328,53.546,17.638,26.37,19.16,27.303,57.494,17.494,19.52,33.014,31.399,26.933,37.4,74.791,61.741,67.076,39.959,83.585,24.448,13.082,49.05,51.797
6.53,16.738,37.234,19.037,22.949,24.752,10.311,30.378,22.293,23.268,23.264,12.797,23.081,8.5572,17.934,11.314,112.2,78.603,17.429,41.437,53.56,17.5,26.406,19.161,27.34,57.396,17.499,19.479,33.056,31.381,27.05,37.336,74.807,61.898,67.031,40.04,83.61,24.411,13.098,49.153,51.756
6.54,16.724,37.369,19.044,22.935,24.758,10.302,30.395,22.285,23.237,23.25,12.789,23.068,8.5502,17.944,11.355,112.33,78.629,17.435,41.547,53.57,17.357,26.441,19.163,27.377,57.297,17.503,19.439,33.097,31.36,27.166,37.268,74.821,62.053,66.984,40.122,83.728,24.374,13.114,49.253,51.711
6.55,16.709,37.502,19.05,22.921,24.764,10.293,30.411,22.276,23.206,23.236,12.782,23.055,8.5431,17.953,11.396,112.47,78.655,17.441,41.656,53.578,17.21,26.475,19.165,27.413,57.196,17.507,19.398,33.138,31.336,27.28,37.197,74.833,62.206,66.936,40.204,83.846,24.337,13.13,49.349,51.662
6.56,16.694,37.634,19.056,22.907,24.769,10.283,30.426,22.268,23.174,23.222,12.774,23.041,8.5361,17.963,11.437,112.6,78.68,17.446,41.766,53.582,17.062,26.508,19.166,27.449,57.095,17.51,19.357,33.178,31.311,27.392,37.122,74.844,62.357,66.886,40.288,83.963,24.3,13.145,49.44,51.607
6.57,16.68,37.764,19.062,22.894,24.773,10.273,30.44,22.259,23.143,23.208,12.766,23.028,8.5292,17.973,11.477,112.73,78.705,17.451,41.875,53.584,16.909,26.54,19.168,27.486,56.992,17.513,19.315,33.218,31.283,27.503,37.043,74.853,62.507,66.835,40.372,84.08,24.263,13.16,49.528,51.55
6.58,16.665,37.893,19.068,22.882,24.777,10.262,30.453,22.251,23.111,23.194,12.758,23.015,8.5222,17.982,11.517,112.86,78.73,17.455,41.983,53.584,16.753,26.571,19.169,27.522,56.89,17.515,19.274,33.258,31.252,27.613,36.961,74.86,62.655,66.783,40.455,84.197,24.225,13.174,49.612,51.488
6.59,16.65,38.021,19.075,22.872,24.78,10.251,30.466,22.243,23.079,23.179,12.75,23.002,8.5152,17.991,11.556,112.99,78.754,17.459,42.092,53.58,16.593,26.601,19.171,27.557,56.787,17.517,19.232,33.297,31.219,27.72,36.874,74.866,62.799,66.728,40.538,84.314,24.188,13.188,49.692,51.421
6.6,16.635,38.147,19.081,22.863,24.782,10.239,30.51,22.234,23.048,23.165,12.742,22.988,8.5083,18.001,11.595,113.12,78.777,17.463,42.2,53.574,16.433,26.63,19.173,27.592,56.682,17.518,19.191,33.335,31.185,27.826,36.784,74.87,62.94,66.671,40.619,84.431,24.151,13.202,49.768,51.351
6.61,16.62,38.272,19.086,22.856,24.785,10.227,30.618,22.226,23.016,23.15,12.734,22.975,8.5013,18.01,11.634,113.25,78.801,17.466,42.308,53.565,16.271,26.657,19.174,27.627,56.577,17.52,19.149,33.374,31.148,27.931,36.689,74.872,63.077,66.611,40.7,84.547,24.113,13.216,49.839,51.276
6.62,16.605,38.395,19.092,22.85,24.792,10.215,30.726,22.217,22.984,23.136,12.725,22.962,8.4944,18.019,11.672,113.38,78.823,17.468,42.416,53.553,16.107,26.684,19.176,27.662,56.471,17.521,19.107,33.411,31.109,28.033,36.759,74.872,63.211,66.55,40.779,84.663,24.076,13.229,49.906,51.197
6.63,16.59,38.517,19.098,22.845,24.801,10.202,30.835,22.209,22.952,23.121,12.717,22.949,8.4875,18.028,11.71,113.51,78.846,17.471,42.524,53.539,15.941,26.709,19.177,27.696,56.363,17.521,19.064,33.449,31.069,28.134,36.849,74.87,63.34,66.486,40.857,84.778,24.039,13.241,49.968,51.114
6.64,16.575,38.638,19.104,22.841,24.809,10.188,30.944,22.2,22.921,23.107,12.708,22.936,8.4805,18.037,11.747,113.64,78.867,17.472,42.631,53.522,15.773,26.734,19.179,27.73,56.255,17.521,19.022,33.486,31.026,28.233,36.934,74.867,63.467,66.42,40.934,84.892,24.001,13.254,50.025,51.047
6.65,16.56,38.757,19.109,22.836,24.817,10.174,31.053,22.191,22.889,23.092,12.7,22.922,8.4736,18.046,11.784,113.76,78.889,17.473,42.738,53.502,15.604,26.757,19.18,27.764,56.145,17.521,18.98,33.522,30.981,28.343,37.016,74.862,63.589,66.352,41.009,85.005,23.964,13.266,50.076,51.102
6.66,16.545,38.874,19.115,22.832,24.825,10.16,31.162,22.182,22.857,23.077,12.691,22.909,8.4668,18.054,11.82,113.89,78.909,17.474,42.845,53.48,15.437,26.779,19.182,27.797,56.035,17.52,18.938,33.559,30.934,28.464,37.094,74.856,63.708,66.281,41.083,85.116,23.926,13.278,50.123,51.156
6.67,16.53,38.989,19.12,22.827,24.832,10.145,31.271,22.174,22.825,23.063,12.683,22.896,8.4599,18.063,11.856,114.02,78.93,17.474,42.951,53.456,15.27,26.801,19.183,27.829,55.923,17.518,18.896,33.595,30.884,28.582,37.169,74.847,63.823,66.208,41.156,85.225,23.889,13.289,50.166,51.209
6.68,16.514,39.103,19.125,22.823,24.839,10.13,31.38,22.165,22.793,23.048,12.675,22.882,8.453,18.071,11.891,114.14,78.949,17.474,43.058,53.429,15.102,26.821,19.185,27.862,55.811,17.516,18.854,33.631,30.833,28.698,37.24,74.838,63.936,66.133,41.228,85.334,23.851,13.3,50.203,51.261
6.69,16.499,39.216,19.131,22.818,24.844,10.114,31.489,22.156,22.761,23.033,12.666,22.869,8.4462,18.08,11.926,114.27,78.969,17.473,43.163,53.399,14.968,26.84,19.186,27.894,55.698,17.515,18.811,33.666,30.78,28.811,37.307,74.827,64.045,66.055,41.299,85.44,23.814,13.311,50.263,51.311
6.7,16.484,39.326,19.136,22.813,24.849,10.098,31.597,22.147,22.729,23.019,12.658,22.856,8.4393,18.088,11.961,114.39,78.987,17.472,43.269,53.368,14.844,26.858,19.188,27.925,55.585,17.512,18.769,33.701,30.725,28.922,37.37,74.814,64.151,65.974,41.37,85.545,23.776,13.321,50.418,51.36
6.71,16.468,39.436,19.141,22.809,24.854,10.081,31.706,22.139,22.697,23.004,12.65,22.842,8.4325,18.097,11.994,114.52,79.006,17.47,43.374,53.333,14.719,26.875,19.189,27.956,55.472,17.51,18.726,33.736,30.668,29.031,37.43,74.801,64.254,65.892,41.439,85.648,23.738,13.331,50.573,51.408
6.72,16.453,39.543,19.146,22.804,24.857,10.065,31.814,22.13,22.665,22.989,12.641,22.829,8.4257,18.105,12.028,114.64,79.023,17.468,43.479,53.297,14.596,26.891,19.19,27.987,55.358,17.507,18.683,33.77,30.61,29.137,37.486,74.785,64.355,65.807,41.507,85.75,23.701,13.341,50.725,51.455
6.73,16.437,39.649,19.151,22.799,24.86,10.047,31.921,22.121,22.633,22.974,12.632,22.815,8.4189,18.113,12.06,114.76,79.041,17.465,43.584,53.258,14.472,26.906,19.192,28.018,55.243,17.503,18.64,33.803,30.549,29.241,37.538,74.769,64.453,65.721,41.575,85.85,23.663,13.35,50.875,51.5
6.74,16.422,39.753,19.156,22.795,24.862,10.029,32.028,22.112,22.601,22.959,12.624,22.801,8.4121,18.121,12.092,114.89,79.057,17.461,43.688,53.217,14.349,26.92,19.193,28.049,55.127,17.5,18.597,33.837,30.486,29.343,37.587,74.75,64.55,65.634,41.642,85.948,23.625,13.36,51.024,51.543
6.75,16.406,39.856,19.16,22.79,24.864,10.011,32.134,22.103,22.569,22.944,12.615,22.788,8.4053,18.129,12.124,115.01,79.073,17.457,43.792,53.174,14.341,26.933,19.194,28.079,55.011,17.496,18.554,33.869,30.422,29.442,37.633,74.731,64.645,65.545,41.708,86.044,23.588,13.368,51.17,51.585
6.76,16.39,39.957,19.165,22.786,24.865,9.9927,32.239,22.094,22.537,22.929,12.606,22.774,8.3985,18.137,12.155,115.13,79.089,17.453,43.896,53.129,14.346,26.945,19.196,28.108,54.894,17.492,18.511,33.902,30.356,29.539,37.675,74.71,64.739,65.455,41.774,86.139,23.55,13.377,51.314,51.626
6.77,16.375,40.057,19.17,22.781,24.865,9.9738,32.344,22.085,22.505,22.914,12.597,22.76,8.3918,18.144,12.186,115.25,79.104,17.448,43.999,53.082,14.351,26.955,19.197,28.138,54.776,17.488,18.468,33.934,30.289,29.633,37.715,74.689,64.831,65.363,41.839,86.232,23.512,13.385,51.456,51.665
6.78,16.359,40.155,19.175,22.777,24.864,9.9544,32.448,22.076,22.473,22.899,12.588,22.747,8.3851,18.152,12.216,115.37,79.119,17.443,44.102,53.033,14.356,26.965,19.199,28.166,54.658,17.483,18.425,33.965,30.22,29.725,37.751,74.666,64.921,65.27,41.904,86.324,23.474,13.392,51.595,51.702
6.79,16.343,40.252,19.179,22.772,24.863,9.9347,32.55,22.067,22.441,22.884,12.579,22.733,8.3783,18.16,12.245,115.49,79.132,17.437,44.205,52.981,14.361,26.974,19.2,28.195,54.539,17.479,18.382,33.996,30.149,29.815,37.784,74.642,65.009,65.177,41.97,86.414,23.437,13.4,51.732,51.739
6.8,16.327,40.347,19.184,22.767,24.86,9.9146,32.652,22.058,22.409,22.868,12.57,22.72,8.3716,18.167,12.274,115.61,79.146,17.431,44.307,52.928,14.365,26.981,19.201,28.223,54.419,17.474,18.338,34.027,30.076,29.902,37.814,74.617,65.094,65.083,42.036,86.502,23.399,13.407,51.866,51.773
6.81,16.311,40.441,19.188,22.762,24.858,9.8941,32.753,22.049,22.377,22.853,12.561,22.706,8.3649,18.175,12.303,115.73,79.159,17.424,44.408,52.873,14.37,26.988,19.203,28.25,54.299,17.472,18.295,34.058,30.003,29.986,37.841,74.591,65.175,64.988,42.105,86.588,23.362,13.414,51.998,51.806
6.82,16.295,40.534,19.193,22.757,24.854,9.8733,32.852,22.039,22.345,22.838,12.552,22.693,8.3582,18.182,12.331,115.85,79.171,17.417,44.51,52.816,14.374,26.994,19.204,28.277,54.179,17.469,18.252,34.089,29.927,30.068,37.866,74.564,65.254,64.892,42.177,86.673,23.324,13.42,52.127,51.838
6.83,16.279,40.625,19.197,22.769,24.85,9.8521,32.951,22.03,22.312,22.822,12.543,22.679,8.3515,18.189,12.358,115.97,79.183,17.409,44.611,52.757,14.378,26.998,19.205,28.304,54.058,17.467,18.208,34.118,29.85,30.147,37.887,74.536,65.329,64.796,42.25,86.756,23.287,13.426,52.254,51.868
6.84,16.263,40.715,19.201,22.822,24.845,9.8305,33.048,22.021,22.28,22.807,12.533,22.665,8.3449,18.196,12.384,116.09,79.194,17.401,44.712,52.696,14.382,27.002,19.206,28.33,53.938,17.465,18.165,34.148,29.772,30.224,37.906,74.506,65.401,64.697,42.324,86.838,23.25,13.432,52.378,51.897
6.85,16.247,40.803,19.205,22.874,24.838,9.8086,33.143,22.012,22.248,22.792,12.524,22.652,8.3382,18.204,12.41,116.2,79.205,17.392,44.813,52.633,14.385,27.004,19.208,28.355,53.817,17.462,18.121,34.177,29.692,30.297,37.922,74.476,65.469,64.597,42.396,86.918,23.213,13.438,52.5,51.925
6.86,16.231,40.89,19.21,22.924,24.832,9.7863,33.237,22.003,22.216,22.777,12.514,22.638,8.3316,18.211,12.436,116.32,79.216,17.383,44.914,52.568,14.388,27.006,19.209,28.38,53.696,17.459,18.078,34.206,29.612,30.368,37.935,74.444,65.534,64.497,42.469,86.996,23.175,13.443,52.619,51.951
6.87,16.215,40.976,19.214,22.972,24.824,9.7637,33.33,21.993,22.184,22.761,12.505,22.624,8.3249,18.218,12.461,116.44,79.225,17.373,45.015,52.502,14.391,27.006,19.21,28.405,53.574,17.456,18.034,34.234,29.53,30.436,37.945,74.411,65.595,64.395,42.54,87.074,23.138,13.448,52.736,51.976
6.88,16.199,41.061,19.218,23.018,24.816,9.7408,33.421,21.984,22.151,22.746,12.495,22.61,8.3183,18.224,12.485,116.55,79.235,17.363,45.115,52.435,14.394,27.006,19.212,28.43,53.452,17.452,17.991,34.262,29.446,30.501,37.951,74.378,65.653,64.294,42.658,87.149,23.101,13.452,52.851,52
6.89,16.183,41.144,19.221,23.063,24.807,9.7175,33.509,21.975,22.119,22.73,12.486,22.597,8.3117,18.231,12.508,116.67,79.243,17.352,45.215,52.366,14.397,27.004,19.213,28.454,53.329,17.449,17.947,34.289,29.362,30.563,37.955,74.344,65.708,64.192,42.848,87.223,23.064,13.457,52.965,52.022
6.9,16.166,41.226,19.225,23.106,24.797,9.6939,33.596,21.965,22.087,22.715,12.476,22.583,8.3051,18.238,12.532,116.78,79.251,17.341,45.315,52.296,14.399,27.002,19.214,28.478,53.207,17.445,17.904,34.316,29.277,30.623,37.955,74.309,65.759,64.089,43.036,87.296,23.055,13.461,53.078,52.043
6.91,16.15,41.307,19.229,23.147,24.787,9.6699,33.681,21.956,22.055,22.7,12.466,22.569,8.2985,18.245,12.554,116.9,79.259,17.33,45.415,52.226,14.401,26.998,19.215,28.502,53.084,17.441,17.86,34.343,29.19,30.68,37.953,74.273,65.807,63.985,43.221,87.367,23.051,13.464,53.193,52.063
6.92,16.134,41.387,19.233,23.186,24.776,9.6457,33.764,21.947,22.023,22.684,12.457,22.555,8.2919,18.251,12.576,117.01,79.266,17.318,45.514,52.158,14.403,26.994,19.217,28.524,52.96,17.437,17.817,34.369,29.103,30.734,37.947,74.237,65.853,63.88,43.403,87.437,23.047,13.468,53.309,52.082
6.93,16.118,41.466,19.236,23.224,24.763,9.6211,33.844,21.938,21.991,22.668,12.447,22.541,8.2854,18.258,12.598,117.12,79.273,17.306,45.613,52.107,14.404,26.988,19.218,28.547,52.837,17.433,17.773,34.395,29.015,30.786,37.938,74.2,65.895,63.775,43.583,87.507,23.042,13.471,53.426,52.099
6.94,16.101,41.544,19.24,23.259,24.751,9.5962,33.922,21.928,21.958,22.653,12.437,22.527,8.2788,18.264,12.618,117.24,79.279,17.293,45.711,52.062,14.406,26.982,19.219,28.569,52.713,17.428,17.73,34.42,28.927,30.835,37.926,74.162,65.934,63.669,43.762,87.575,23.038,13.473,53.544,52.115
6.95,16.085,41.621,19.243,23.293,24.737,9.571,33.997,21.919,21.926,22.637,12.427,22.513,8.2723,18.271,12.639,117.35,79.285,17.28,45.81,52.018,14.407,26.974,19.22,28.59,52.589,17.423,17.687,34.446,28.837,30.881,37.911,74.125,65.971,63.563,43.938,87.643,23.034,13.475,53.662,52.13
6.96,16.068,41.697,19.247,23.326,24.723,9.5455,34.07,21.909,21.894,22.621,12.417,22.5,8.2659,18.277,12.658,117.46,79.29,17.267,45.908,51.973,14.408,26.966,19.221,28.611,52.465,17.418,17.643,34.471,28.746,30.925,37.892,74.087,66.004,63.457,44.113,87.71,23.029,13.478,53.78,52.144
6.97,16.052,41.772,19.25,23.356,24.708,9.5197,34.14,21.9,21.862,22.606,12.407,22.486,8.2595,18.283,12.677,117.57,79.295,17.253,46.005,51.927,14.408,26.956,19.223,28.631,52.341,17.413,17.6,34.496,28.655,30.966,37.871,74.049,66.035,63.352,44.287,87.777,23.025,13.479,53.897,52.157
6.98,16.035,41.847,19.253,23.385,24.692,9.4937,34.207,21.891,21.829,22.59,12.397,22.472,8.253,18.29,12.695,117.69,79.299,17.239,46.103,51.88,14.409,26.946,19.224,28.651,52.217,17.407,17.556,34.52,28.563,31.004,37.846,74.011,66.064,63.247,44.459,87.843,23.02,13.481,54.013,52.168
6.99,16.019,41.92,19.256,23.413,24.676,9.4673,34.27,21.881,21.797,22.574,12.387,22.458,8.2466,18.296,12.713,117.8,79.303,17.224,46.199,51.831,14.409,26.935,19.225,28.67,52.092,17.401,17.513,34.543,28.47,31.04,37.819,73.972,66.091,63.143,44.63,87.908,23.016,13.482,54.127,52.179
7,16.002,41.993,19.26,23.44,24.659,9.4406,34.331,21.872,21.765,22.558,12.377,22.444,8.2402,18.302,12.73,117.91,79.307,17.21,46.296,51.781,14.409,26.923,19.226,28.689,51.968,17.394,17.47,34.567,28.376,31.074,37.788,73.934,66.115,63.04,44.8,87.971,23.011,13.483,54.239,52.189
7.01,15.985,42.066,19.263,23.466,24.641,9.4137,34.388,21.862,21.733,22.543,12.367,22.43,8.2338,18.308,12.747,118.02,79.309,17.194,46.392,51.729,14.408,26.909,19.228,28.708,51.845,17.388,17.427,34.59,28.281,31.105,37.755,73.895,66.138,62.939,44.967,88.034,23.006,13.483,54.348,52.197
7.02,15.969,42.137,19.266,23.491,24.623,9.3865,34.441,21.853,21.701,22.527,12.357,22.417,8.2275,18.314,12.763,118.13,79.312,17.179,46.487,51.676,14.408,26.895,19.229,28.727,51.721,17.381,17.383,34.612,28.186,31.133,37.718,73.856,66.159,62.838,45.134,88.095,23.002,13.484,54.456,52.203
7.03,15.952,42.208,19.269,23.515,24.604,9.359,34.491,21.843,21.669,22.511,12.347,22.403,8.2211,18.32,12.778,118.24,79.314,17.163,46.582,51.62,14.407,26.88,19.23,28.745,51.597,17.374,17.34,34.634,28.09,31.16,37.679,73.817,66.177,62.739,45.298,88.154,22.997,13.484,54.56,52.209
7.04,15.935,42.278,19.272,23.539,24.585,9.3313,34.537,21.834,21.637,22.495,12.337,22.389,8.2148,18.326,12.793,118.35,79.315,17.147,46.676,51.563,14.406,26.864,19.231,28.762,51.474,17.367,17.297,34.656,27.993,31.185,37.636,73.778,66.193,62.642,45.461,88.212,22.992,13.484,54.663,52.214
7.05,15.919,42.348,19.275,23.563,24.683,9.3033,34.579,21.824,21.604,22.48,12.327,22.375,8.2084,18.332,12.808,118.45,79.317,17.131,46.77,51.505,14.405,26.847,19.232,28.779,51.35,17.359,17.254,34.677,27.896,31.207,37.59,73.738,66.207,62.547,45.622,88.269,22.987,13.483,54.763,52.215
7.06,15.902,42.416,19.278,23.586,24.791,9.275,34.617,21.815,21.572,22.464,12.317,22.361,8.2021,18.338,12.822,118.56,79.318,17.115,46.864,51.444,14.404,26.83,19.234,28.795,51.226,17.351,17.212,34.698,27.799,31.228,37.542,73.698,66.218,62.456,45.781,88.323,22.982,13.482,54.86,52.217
7.07,15.885,42.483,19.281,23.609,24.898,9.2465,34.651,21.805,21.54,22.448,12.307,22.347,8.1958,18.344,12.835,118.67,79.318,17.098,46.957,51.382,14.402,26.811,19.235,28.811,51.103,17.342,17.169,34.719,27.701,31.246,37.49,73.656,66.227,62.369,45.939,88.376,22.977,13.481,54.955,52.216
7.08,15.868,42.55,19.283,23.632,25.003,9.2178,34.764,21.796,21.508,22.432,12.297,22.333,8.1895,18.349,12.848,118.78,79.317,17.081,47.049,51.318,14.4,26.792,19.236,28.827,50.979,17.334,17.126,34.739,27.603,31.262,37.435,73.614,66.233,62.285,46.096,88.428,22.972,13.479,55.047,52.214
7.09,15.851,42.616,19.286,23.655,25.106,9.1888,34.898,21.786,21.476,22.416,12.287,22.319,8.1832,18.355,12.86,118.89,79.317,17.064,47.142,51.252,14.398,26.771,19.237,28.841,50.856,17.326,17.084,34.76,27.505,31.277,37.378,73.572,66.237,62.201,46.251,88.477,22.967,13.478,55.137,52.21
7.1,15.835,42.681,19.289,23.677,25.208,9.1596,35.029,21.777,21.444,22.4,12.277,22.305,8.1769,18.36,12.871,118.99,79.316,17.047,47.234,51.185,14.396,26.75,19.238,28.856,50.733,17.317,17.042,34.779,27.408,31.302,37.317,73.529,66.239,62.118,46.404,88.525,22.962,13.476,55.225,52.204
7.11,15.818,42.745,19.291,23.7,25.308,9.1305,35.157,21.767,21.412,22.384,12.266,22.291,8.1706,18.366,12.882,119.1,79.314,17.029,47.325,51.115,14.393,26.728,19.24,28.87,50.61,17.307,16.999,34.799,27.31,31.343,37.253,73.485,66.24,62.035,46.556,88.57,22.957,13.473,55.309,52.197
7.12,15.801,42.808,19.294,23.722,25.406,9.1263,35.283,21.757,21.38,22.368,12.256,22.277,8.1644,18.371,12.892,119.21,79.313,17.012,47.417,51.045,14.39,26.705,19.241,28.883,50.487,17.298,16.957,34.818,27.213,31.384,37.187,73.441,66.239,61.951,46.706,88.615,22.951,13.471,55.392,52.188
7.13,15.784,42.871,19.296,23.743,25.503,9.122,35.405,21.748,21.348,22.352,12.246,22.263,8.1581,18.376,12.902,119.31,79.311,16.994,47.508,50.972,14.388,26.681,19.242,28.896,50.364,17.288,16.915,34.837,27.116,31.424,37.118,73.396,66.237,61.868,46.854,88.657,22.946,13.468,55.472,52.178
7.14,15.767,42.933,19.298,23.763,25.597,9.1177,35.525,21.738,21.316,22.336,12.236,22.249,8.1519,18.381,12.912,119.42,79.308,16.976,47.6,50.898,14.385,26.656,19.243,28.909,50.241,17.278,16.872,34.855,27.019,31.463,37.046,73.352,66.233,61.784,47,88.697,22.941,13.465,55.549,52.166
7.15,15.75,42.994,19.3,23.782,25.69,9.1133,35.641,21.728,21.284,22.32,12.225,22.235,8.1457,18.387,12.92,119.52,79.305,16.958,47.691,50.823,14.383,26.631,19.245,28.921,50.119,17.268,16.83,34.873,26.923,31.502,36.971,73.308,66.229,61.7,47.143,88.735,22.935,13.461,55.625,52.151
7.16,15.733,43.054,19.303,23.8,25.78,9.109,35.755,21.719,21.252,22.304,12.215,22.221,8.1395,18.392,12.929,119.63,79.302,16.94,47.782,50.746,14.38,26.605,19.246,28.933,49.997,17.257,16.788,34.89,26.827,31.54,36.894,73.264,66.222,61.615,47.285,88.772,22.93,13.457,55.698,52.136
7.17,15.716,43.113,19.305,23.817,25.869,9.1046,35.865,21.709,21.22,22.288,12.204,22.207,8.1333,18.397,12.937,119.73,79.299,16.922,47.873,50.667,14.377,26.578,19.247,28.945,49.875,17.246,16.747,34.907,26.732,31.578,36.814,73.22,66.213,61.53,47.423,88.807,22.924,13.454,55.768,52.118
7.18,15.699,43.171,19.307,23.833,25.956,9.1003,35.971,21.7,21.188,22.272,12.194,22.193,8.1271,18.402,12.944,119.84,79.294,16.903,47.964,50.587,14.373,26.55,19.248,28.956,49.754,17.235,16.705,34.924,26.636,31.615,36.731,73.175,66.203,61.443,47.56,88.84,22.919,13.449,55.837,52.099
7.19,15.682,43.229,19.309,23.847,26.04,9.1039,36.075,21.69,21.156,22.256,12.184,22.179,8.121,18.407,12.951,119.94,79.29,16.885,48.054,50.505,14.37,26.521,19.25,28.966,49.632,17.225,16.663,34.94,26.541,31.65,36.645,73.131,66.19,61.356,47.693,88.87,22.913,13.445,55.904,52.078
7.2,15.665,43.286,19.311,23.861,26.123,9.1274,36.175,21.681,21.124,22.24,12.173,22.165,8.1148,18.411,12.957,120.04,79.286,16.866,48.144,50.422,14.366,26.492,19.251,28.976,49.511,17.213,16.621,34.956,26.447,31.685,36.557,73.087,66.174,61.269,47.823,88.9,22.907,13.44,55.968,52.056
7.21,15.647,43.342,19.313,23.875,26.204,9.1506,36.272,21.671,21.092,22.223,12.163,22.151,8.1087,18.416,12.963,120.15,79.28,16.848,48.234,50.337,14.362,26.462,19.252,28.986,49.391,17.202,16.58,34.972,26.352,31.72,36.467,73.043,66.157,61.182,47.951,88.927,22.901,13.435,56.031,52.032
7.22,15.63,43.397,19.314,23.89,26.283,9.1736,36.366,21.661,21.06,22.207,12.152,22.137,8.1025,18.421,12.968,120.25,79.275,16.829,48.324,50.251,14.357,26.431,19.254,28.995,49.271,17.19,16.539,34.987,26.258,31.753,36.374,72.999,66.138,61.093,48.075,88.952,22.896,13.43,56.092,52.006
7.23,15.613,43.451,19.316,23.907,26.364,9.1964,36.457,21.652,21.029,22.191,12.141,22.123,8.0964,18.426,12.973,120.35,79.269,16.811,48.413,50.163,14.353,26.399,19.255,29.004,49.151,17.179,16.497,35.001,26.165,31.786,36.279,72.954,66.116,61.004,48.196,88.976,22.89,13.424,56.151,51.978
7.24,15.596,43.504,19.318,23.926,26.461,9.2189,36.545,21.642,20.997,22.175,12.131,22.109,8.0903,18.43,12.977,120.46,79.263,16.792,48.501,50.074,14.348,26.367,19.256,29.012,49.032,17.167,16.456,35.016,26.072,31.818,36.181,72.908,66.092,60.913,48.314,88.998,22.884,13.418,56.208,51.949
7.25,15.579,43.555,19.32,23.945,26.557,9.2412,36.629,21.633,20.965,22.159,12.12,22.095,8.0842,18.435,12.981,120.56,79.257,16.774,48.589,49.983,14.343,26.334,19.257,29.019,48.914,17.155,16.415,35.031,25.98,31.849,36.082,72.862,66.065,60.84,48.429,89.017,22.878,13.412,56.262,51.918
7.26,15.562,43.606,19.322,23.963,26.651,9.2632,36.71,21.623,20.933,22.143,12.109,22.081,8.0781,18.439,12.985,120.66,79.25,16.755,48.677,49.891,14.338,26.3,19.259,29.027,48.795,17.143,16.374,35.045,25.888,31.88,35.98,72.814,66.035,60.79,48.541,89.036,22.872,13.406,56.315,51.885
7.27,15.544,43.655,19.323,23.981,26.744,9.285,36.787,21.613,20.901,22.127,12.099,22.067,8.0721,18.443,12.987,120.76,79.243,16.737,48.764,49.798,14.333,26.266,19.26,29.033,48.678,17.131,16.333,35.059,25.797,31.909,35.876,72.766,66.003,60.742,48.65,89.052,22.866,13.399,56.365,51.851
7.28,15.527,43.702,19.325,23.997,26.835,9.3066,36.86,21.603,20.87,22.11,12.088,22.053,8.066,18.448,12.99,120.87,79.236,16.719,48.851,49.704,14.327,26.231,19.261,29.04,48.56,17.119,16.292,35.072,25.707,31.938,35.77,72.716,65.967,60.697,48.755,89.066,22.86,13.392,56.414,51.814
7.29,15.51,43.748,19.326,24.011,26.924,9.3279,36.929,21.594,20.843,22.094,12.077,22.039,8.0599,18.452,12.992,120.97,79.228,16.7,48.937,49.609,14.321,26.195,19.263,29.046,48.443,17.107,16.252,35.085,25.618,31.966,35.663,72.666,65.928,60.654,48.857,89.079,22.854,13.385,56.46,51.776
7.3,15.493,43.792,19.328,24.024,27.012,9.3491,36.995,21.584,20.838,22.078,12.066,22.025,8.0539,18.456,12.994,121.07,79.22,16.682,49.022,49.513,14.315,26.159,19.264,29.052,48.326,17.094,16.211,35.098,25.529,31.993,35.554,72.615,65.887,60.612,48.955,89.091,22.848,13.378,56.504,51.737
7.31,15.475,43.835,19.329,24.036,27.098,9.3699,37.057,21.575,20.833,22.062,12.056,22.012,8.0479,18.461,12.995,121.17,79.211,16.664,49.107,49.416,14.309,26.122,19.265,29.058,48.21,17.082,16.171,35.11,25.441,32.019,35.443,72.563,65.842,60.573,49.05,89.101,22.841,13.37,56.545,51.695
7.32,15.458,43.877,19.331,24.045,27.183,9.3905,37.114,21.565,20.828,22.045,12.045,21.997,8.0419,18.465,12.996,121.27,79.203,16.646,49.191,49.319,14.303,26.084,19.267,29.063,48.095,17.069,16.131,35.122,25.354,32.043,35.33,72.511,65.794,60.536,49.142,89.109,22.835,13.362,56.585,51.652
7.33,15.441,43.917,19.332,24.053,27.266,9.411,37.168,21.555,20.823,22.029,12.034,21.983,8.0359,18.469,12.996,121.38,79.194,16.628,49.274,49.222,14.296,26.046,19.268,29.067,47.979,17.056,16.091,35.134,25.268,32.067,35.216,72.459,65.745,60.499,49.23,89.115,22.829,13.354,56.622,51.607
7.34,15.423,43.955,19.333,24.059,27.347,9.4312,37.218,21.546,20.818,22.013,12.023,21.969,8.0299,18.473,12.996,121.48,79.184,16.61,49.357,49.125,14.289,26.007,19.269,29.071,47.864,17.044,16.051,35.145,25.183,32.09,35.102,72.407,65.693,60.464,49.315,89.121,22.823,13.346,56.657,51.561
7.35,15.406,43.992,19.334,24.063,27.427,9.4512,37.263,21.536,20.813,21.997,12.012,21.955,8.0239,18.477,12.995,121.58,79.175,16.592,49.439,49.028,14.282,25.967,19.27,29.075,47.75,17.031,16.011,35.156,25.098,32.111,34.986,72.355,65.638,60.428,49.397,89.125,22.816,13.337,56.689,51.512
7.36,15.388,44.027,19.335,24.066,27.506,9.4709,37.304,21.526,20.808,21.98,12.001,21.941,8.018,18.481,12.995,121.68,79.165,16.574,49.521,48.93,14.275,25.927,19.272,29.078,47.636,17.017,15.971,35.167,25.015,32.132,34.869,72.303,65.583,60.392,49.475,89.128,22.81,13.329,56.719,51.462
7.37,15.371,44.061,19.336,24.066,27.583,9.4904,37.34,21.517,20.803,21.964,11.99,21.927,8.012,18.484,12.993,121.78,79.155,16.557,49.602,48.832,14.268,25.886,19.273,29.081,47.523,17.004,15.931,35.177,24.933,32.151,34.751,72.252,65.525,60.356,49.549,89.129,22.804,13.32,56.748,51.41
7.38,15.354,44.094,19.337,24.065,27.658,9.5097,37.372,21.507,20.798,21.948,11.979,21.913,8.0061,18.488,12.992,121.88,79.144,16.539,49.682,48.734,14.26,25.844,19.274,29.084,47.41,16.991,15.892,35.186,24.852,32.169,34.632,72.202,65.466,60.321,49.621,89.13,22.797,13.31,56.773,51.358
7.39,15.336,44.125,19.338,24.062,27.731,9.5287,37.399,21.498,20.793,21.932,11.968,21.899,8.0002,18.492,12.989,121.98,79.134,16.522,49.762,48.635,14.252,25.802,19.276,29.086,47.297,16.977,15.853,35.196,24.773,32.187,34.513,72.151,65.406,60.285,49.688,89.129,22.791,13.301,56.797,51.303
7.4,15.319,44.155,19.339,24.058,27.804,9.5476,37.421,21.488,20.788,21.915,11.957,21.885,7.9943,18.495,12.987,122.08,79.123,16.505,49.841,48.534,14.244,25.759,19.277,29.087,47.185,16.963,15.813,35.205,24.694,32.203,34.393,72.099,65.344,60.25,49.753,89.128,22.785,13.291,56.819,51.247
7.41,15.302,44.183,19.34,24.052,27.874,9.5662,37.439,21.478,20.783,21.899,11.946,21.871,7.9884,18.499,12.984,122.18,79.111,16.488,49.92,48.433,14.236,25.715,19.278,29.088,47.074,16.949,15.774,35.214,24.617,32.218,34.271,72.047,65.281,60.215,49.813,89.125,22.778,13.281,56.838,51.189
7.42,15.284,44.21,19.341,24.044,27.943,9.5846,37.452,21.469,20.778,21.883,11.935,21.857,7.9825,18.503,12.981,122.28,79.1,16.471,50.065,48.331,14.262,25.671,19.28,29.089,46.963,16.935,15.735,35.222,24.54,32.231,34.15,71.993,65.216,60.181,49.871,89.122,22.772,13.27,56.855,51.13
7.43,15.267,44.236,19.342,24.034,28.01,9.6027,37.461,21.459,20.773,21.867,11.924,21.844,7.9766,18.506,12.977,122.38,79.088,16.455,50.246,48.227,14.336,25.626,19.281,29.09,46.853,16.921,15.697,35.231,24.466,32.244,34.027,71.939,65.151,60.147,49.925,89.117,22.765,13.26,56.87,51.07
7.44,15.249,44.26,19.342,24.023,28.076,9.6207,37.465,21.449,20.768,21.85,11.913,21.83,7.9708,18.51,12.973,122.48,79.076,16.438,50.424,48.122,14.409,25.58,19.282,29.09,46.743,16.906,15.658,35.239,24.392,32.255,33.904,71.884,65.083,60.113,49.975,89.11,22.759,13.249,56.883,51.008
7.45,15.232,44.283,19.343,24.011,28.141,9.6384,37.464,21.44,20.763,21.834,11.902,21.816,7.9649,18.513,12.969,122.58,79.063,16.422,50.6,48.017,14.482,25.534,19.284,29.09,46.634,16.892,15.62,35.247,24.32,32.265,33.781,71.828,65.014,60.079,50.023,89.103,22.752,13.239,56.894,50.946
7.46,15.214,44.305,19.343,23.996,28.203,9.656,37.459,21.43,20.759,21.818,11.891,21.802,7.9591,18.516,12.965,122.69,79.05,16.406,50.773,47.91,14.556,25.487,19.285,29.09,46.525,16.877,15.581,35.255,24.249,32.274,33.657,71.772,64.944,60.045,50.066,89.093,22.745,13.227,56.902,50.882
7.47,15.197,44.325,19.344,23.981,28.265,9.6733,37.449,21.42,20.754,21.801,11.88,21.788,7.9532,18.52,12.96,122.79,79.038,16.39,50.944,47.802,14.628,25.439,19.286,29.09,46.417,16.862,15.543,35.262,24.179,32.282,33.532,71.744,64.872,60.01,50.107,89.083,22.739,13.216,56.909,50.817
7.48,15.179,44.345,19.344,23.963,28.325,9.6903,37.434,21.411,20.749,21.785,11.869,21.774,7.9474,18.523,12.955,122.89,79.024,16.374,51.114,47.693,14.699,25.391,19.287,29.089,46.309,16.847,15.505,35.269,24.111,32.289,33.407,71.787,64.799,59.976,50.144,89.071,22.732,13.204,56.913,50.752
7.49,15.162,44.363,19.345,23.944,28.385,9.7072,37.415,21.401,20.744,21.769,11.858,21.76,7.9416,18.526,12.949,122.99,79.011,16.359,51.283,47.582,14.768,25.342,19.289,29.087,46.202,16.832,15.467,35.275,24.045,32.294,33.281,71.83,64.724,59.941,50.177,89.058,22.725,13.193,56.916,50.684
7.5,15.144,44.38,19.345,23.924,28.443,9.7238,37.391,21.392,20.739,21.753,11.847,21.746,7.9359,18.529,12.944,123.09,78.997,16.344,51.448,47.471,14.834,25.292,19.29,29.086,46.095,16.816,15.43,35.282,23.979,32.299,33.154,71.873,64.648,59.907,50.208,89.043,22.718,13.181,56.916,50.617
7.51,15.127,44.395,19.346,23.902,28.5,9.7403,37.362,21.382,20.734,21.736,11.836,21.732,7.9301,18.532,12.937,123.19,78.982,16.328,51.612,47.358,14.9,25.241,19.291,29.084,45.989,16.801,15.392,35.288,23.915,32.303,33.026,71.915,64.57,59.874,50.235,89.027,22.712,13.168,56.914,50.548
7.52,15.109,44.41,19.346,23.879,28.556,9.7565,37.329,21.373,20.729,21.72,11.825,21.718,7.9243,18.535,12.931,123.29,78.968,16.313,51.772,47.244,14.962,25.19,19.293,29.081,45.884,16.786,15.355,35.293,23.853,32.307,32.897,71.957,64.491,59.841,50.259,89.009,22.705,13.156,56.911,50.479
7.53,15.092,44.423,19.346,23.854,28.611,9.7725,37.291,21.363,20.724,21.704,11.813,21.705,7.9186,18.538,12.924,123.39,78.954,16.299,51.929,47.129,15.024,25.138,19.294,29.079,45.779,16.77,15.317,35.298,23.792,32.309,32.768,71.999,64.411,59.81,50.279,88.991,22.698,13.143,56.905,50.408
7.54,15.074,44.436,19.347,23.828,28.666,9.7883,37.35,21.353,20.719,21.688,11.802,21.691,7.9128,18.541,12.917,123.49,78.939,16.284,52.084,47.012,15.083,25.086,19.295,29.076,45.675,16.754,15.28,35.303,23.732,32.311,32.637,72.04,64.33,59.78,50.297,88.97,22.691,13.13,56.897,50.337
7.55,15.056,44.447,19.347,23.801,28.719,9.8039,37.414,21.344,20.714,21.671,11.791,21.677,7.9071,18.544,12.91,123.59,78.923,16.27,52.235,46.895,15.14,25.032,19.297,29.072,45.571,16.737,15.243,35.308,23.675,32.313,32.505,72.082,64.249,59.751,50.311,88.949,22.684,13.117,56.887,50.265
7.56,15.039,44.457,19.347,23.786,28.772,9.8193,37.474,21.334,20.71,21.655,11.78,21.663,7.9014,18.547,12.902,123.69,78.908,16.256,52.385,46.776,15.194,24.978,19.298,29.069,45.468,16.721,15.207,35.312,23.618,32.314,32.372,72.123,64.169,59.723,50.322,88.926,22.677,13.104,56.876,50.276
7.57,15.021,44.466,19.347,23.808,28.823,9.8345,37.531,21.325,20.705,21.639,11.769,21.649,7.8957,18.55,12.894,123.79,78.892,16.242,52.531,46.657,15.247,24.924,19.299,29.065,45.365,16.704,15.17,35.316,23.563,32.316,32.238,72.164,64.088,59.695,50.33,88.902,22.67,13.091,56.862,50.308
7.58,15.004,44.474,19.347,23.829,28.873,9.8495,37.584,21.315,20.7,21.622,11.758,21.635,7.89,18.553,12.886,123.89,78.876,16.228,52.675,46.536,15.295,24.868,19.3,29.06,45.263,16.687,15.133,35.32,23.51,32.319,32.102,72.205,64.007,59.668,50.335,88.877,22.663,13.077,56.846,50.338
7.59,14.986,44.481,19.347,23.85,28.922,9.8642,37.634,21.306,20.695,21.606,11.746,21.621,7.8843,18.555,12.877,123.99,78.86,16.215,52.817,46.414,15.341,24.812,19.302,29.056,45.161,16.67,15.097,35.323,23.458,32.323,31.966,72.245,63.926,59.642,50.337,88.851,22.656,13.063,56.829,50.369
7.6,14.969,44.487,19.347,23.87,28.97,9.8788,37.681,21.296,20.69,21.59,11.735,21.607,7.8787,18.558,12.869,124.09,78.843,16.201,52.957,46.291,15.384,24.755,19.303,29.051,45.06,16.653,15.061,35.326,23.407,32.334,31.829,72.286,63.844,59.618,50.336,88.825,22.649,13.049,56.81,50.398
7.61,14.951,44.491,19.347,23.889,29.017,9.8931,37.724,21.287,20.685,21.574,11.724,21.594,7.873,18.561,12.86,124.19,78.826,16.188,53.096,46.167,15.422,24.698,19.304,29.046,44.96,16.636,15.025,35.329,23.358,32.365,31.691,72.327,63.762,59.594,50.332,88.799,22.642,13.035,56.788,50.427
7.62,14.933,44.494,19.347,23.909,29.063,9.9073,37.764,21.277,20.68,21.557,11.713,21.58,7.8674,18.563,12.85,124.29,78.809,16.175,53.233,46.169,15.457,24.64,19.306,29.041,44.86,16.618,14.989,35.331,23.311,32.422,31.552,72.368,63.681,59.571,50.326,88.775,22.635,13.02,56.765,50.456
7.63,14.916,44.496,19.346,23.928,29.107,9.9213,37.8,21.267,20.675,21.541,11.701,21.566,7.8617,18.566,12.841,124.39,78.791,16.163,53.367,46.185,15.49,24.581,19.307,29.035,44.761,16.6,14.954,35.334,23.265,32.49,31.412,72.409,63.602,59.549,50.316,88.759,22.628,13.006,56.74,50.483
7.64,14.898,44.497,19.346,23.946,29.151,9.935,37.833,21.258,20.67,21.525,11.69,21.552,7.8561,18.568,12.831,124.49,78.773,16.15,53.499,46.2,15.518,24.521,19.308,29.03,44.663,16.582,14.918,35.336,23.221,32.606,31.271,72.45,63.525,59.528,50.304,88.747,22.621,12.991,56.714,50.511
7.65,14.88,44.496,19.346,23.965,29.194,9.9486,37.862,21.248,20.665,21.509,11.679,21.538,7.8505,18.571,12.822,124.59,78.755,16.138,53.628,46.215,15.542,24.461,19.309,29.024,44.565,16.564,14.883,35.338,23.178,32.721,31.19,72.49,63.45,59.509,50.29,88.737,22.613,12.976,56.685,50.538
7.66,14.863,44.495,19.346,23.983,29.236,9.9619,37.888,21.239,20.661,21.493,11.668,21.524,7.8449,18.573,12.811,124.69,78.736,16.126,53.753,46.229,15.563,24.4,19.311,29.018,44.467,16.545,14.848,35.34,23.136,32.841,31.227,72.53,63.377,59.492,50.273,88.726,22.606,12.961,56.656,50.565
7.67,14.845,44.492,19.345,24.001,29.278,9.9751,37.911,21.229,20.656,21.476,11.656,21.51,7.8394,18.575,12.801,124.79,78.718,16.114,53.875,46.242,15.58,24.339,19.312,29.012,44.37,16.527,14.813,35.341,23.097,32.96,31.263,72.57,63.304,59.475,50.253,88.716,22.599,12.945,56.624,50.59
7.68,14.828,44.488,19.345,24.018,29.318,9.9881,37.93,21.22,20.651,21.46,11.645,21.497,7.8338,18.578,12.79,124.89,78.699,16.102,53.993,46.255,15.593,24.276,19.313,29.005,44.274,16.508,14.778,35.342,23.058,33.077,31.298,72.61,63.232,59.459,50.231,88.705,22.592,12.93,56.591,50.616
7.69,14.81,44.483,19.344,24.036,29.359,10.001,37.946,21.211,20.646,21.444,11.634,21.483,7.8282,18.58,12.779,124.99,78.68,16.091,54.107,46.267,15.604,24.298,19.314,28.998,44.178,16.489,14.743,35.343,23.022,33.19,31.332,72.65,63.16,59.443,50.207,88.695,22.584,12.914,56.556,50.641
7.7,14.792,44.477,19.344,24.053,29.398,10.013,37.959,21.201,20.641,21.428,11.623,21.469,7.8227,18.582,12.768,125.09,78.66,16.079,54.216,46.279,15.612,24.359,19.316,28.991,44.083,16.469,14.709,35.344,22.986,33.301,31.365,72.69,63.087,59.428,50.18,88.683,22.577,12.898,56.52,50.665
7.71,14.775,44.47,19.343,24.072,29.437,10.026,37.968,21.192,20.636,21.412,11.611,21.455,7.8172,18.584,12.757,125.19,78.64,16.068,54.321,46.29,15.617,24.419,19.317,28.984,43.988,16.45,14.675,35.344,22.953,33.408,31.397,72.73,63.014,59.414,50.152,88.671,22.57,12.882,56.482,50.689
7.72,14.757,44.461,19.342,24.09,29.475,10.038,37.973,21.182,20.632,21.395,11.6,21.442,7.8117,18.586,12.745,125.29,78.62,16.057,54.422,46.301,15.619,24.48,19.318,28.976,43.894,16.431,14.641,35.344,22.921,33.512,31.427,72.771,62.941,59.399,50.121,88.658,22.562,12.866,56.442,50.713
7.73,14.74,44.452,19.342,24.109,29.512,10.05,37.976,21.173,20.627,21.379,11.589,21.428,7.8061,18.588,12.734,125.39,78.599,16.046,54.518,46.311,15.619,24.54,19.319,28.968,43.801,16.411,14.607,35.344,22.89,33.613,31.457,72.811,62.866,59.385,50.088,88.643,22.555,12.849,56.402,50.736
7.74,14.722,44.442,19.341,24.129,29.548,10.062,37.974,21.163,20.622,21.363,11.578,21.414,7.8007,18.59,12.721,125.49,78.578,16.036,54.61,46.32,15.615,24.599,19.321,28.96,43.707,16.391,14.573,35.343,22.861,33.71,31.486,72.852,62.79,59.37,50.054,88.628,22.547,12.833,56.359,50.759
7.75,14.704,44.43,19.34,24.149,29.583,10.073,37.97,21.154,20.617,21.347,11.566,21.401,7.7952,18.592,12.709,125.59,78.557,16.025,54.697,46.329,15.609,24.658,19.322,28.952,43.615,16.371,14.539,35.342,22.833,33.804,31.514,72.893,62.712,59.355,50.017,88.611,22.54,12.816,56.316,50.781
7.76,14.687,44.418,19.339,24.17,29.618,10.085,37.961,21.145,20.612,21.331,11.555,21.387,7.7897,18.594,12.697,125.69,78.535,16.015,54.78,46.337,15.6,24.717,19.323,28.943,43.523,16.351,14.506,35.341,22.807,33.896,31.541,72.933,62.666,59.339,49.979,88.592,22.532,12.799,56.271,50.803
7.77,14.669,44.405,19.339,24.191,29.652,10.096,37.95,21.135,20.607,21.315,11.544,21.373,7.7842,18.596,12.684,125.79,78.514,16.005,54.858,46.344,15.587,24.775,19.324,28.935,43.431,16.331,14.473,35.339,22.782,33.984,31.567,72.974,62.64,59.323,49.939,88.572,22.525,12.782,56.225,50.824
7.78,14.651,44.39,19.338,24.211,29.686,10.107,37.935,21.126,20.602,21.299,11.533,21.36,7.7788,18.598,12.671,125.88,78.492,15.995,54.933,46.351,15.571,24.833,19.325,28.926,43.34,16.31,14.439,35.337,22.758,34.068,31.592,73.015,62.613,59.306,49.897,88.551,22.517,12.765,56.178,50.846
7.79,14.634,44.376,19.337,24.231,29.719,10.118,37.917,21.116,20.598,21.283,11.521,21.346,7.7734,18.6,12.658,125.98,78.469,15.985,55.077,46.358,15.567,24.89,19.327,28.917,43.25,16.29,14.407,35.335,22.736,34.149,31.616,73.057,62.586,59.289,49.854,88.529,22.51,12.747,56.13,50.866
7.8,14.616,44.361,19.336,24.25,29.751,10.129,37.895,21.107,20.593,21.267,11.51,21.332,7.7679,18.602,12.645,126.08,78.446,15.975,55.219,46.364,15.609,24.947,19.328,28.908,43.16,16.269,14.374,35.333,22.716,34.227,31.638,73.101,62.559,59.272,49.81,88.505,22.502,12.73,56.081,50.886
7.81,14.598,44.345,19.335,24.268,29.783,10.139,37.87,21.098,20.588,21.251,11.499,21.319,7.7625,18.604,12.631,126.18,78.423,15.966,55.359,46.37,15.688,25.003,19.329,28.899,43.07,16.247,14.341,35.331,22.697,34.302,31.66,73.147,62.533,59.254,49.765,88.479,22.495,12.712,56.032,50.905
7.82,14.581,44.329,19.334,24.286,29.814,10.15,37.842,21.088,20.583,21.235,11.488,21.305,7.7571,18.605,12.618,126.28,78.4,15.956,55.497,46.375,15.765,25.059,19.33,28.89,42.981,16.226,14.309,35.328,22.679,34.375,31.681,73.194,62.508,59.235,49.719,88.452,22.487,12.694,55.983,50.924
7.83,14.563,44.313,19.333,24.304,29.844,10.16,37.81,21.079,20.578,21.219,11.476,21.291,7.7518,18.607,12.604,126.38,78.376,15.947,55.632,46.38,15.838,25.115,19.331,28.88,42.892,16.205,14.277,35.325,22.662,34.445,31.701,73.242,62.483,59.216,49.673,88.424,22.48,12.676,55.933,50.943
7.84,14.546,44.296,19.332,24.321,29.874,10.17,37.775,21.07,20.573,21.203,11.465,21.278,7.7464,18.609,12.59,126.47,78.352,15.938,55.766,46.385,15.911,25.17,19.332,28.871,42.804,16.183,14.245,35.321,22.647,34.515,31.72,73.292,62.459,59.196,49.626,88.394,22.472,12.658,55.883,50.96
7.85,14.528,44.278,19.331,24.338,29.904,10.18,37.737,21.06,20.569,21.186,11.454,21.264,7.741,18.61,12.576,126.57,78.327,15.929,55.898,46.389,15.98,25.225,19.333,28.861,42.717,16.161,14.213,35.318,22.633,34.582,31.738,73.343,62.437,59.175,49.58,88.363,22.465,12.64,55.833,50.977
7.86,14.51,44.26,19.33,24.355,29.933,10.189,37.696,21.051,20.564,21.17,11.443,21.251,7.7357,18.612,12.562,126.67,78.302,15.92,56.03,46.393,16.047,25.28,19.334,28.851,42.63,16.139,14.181,35.315,22.621,34.648,31.755,73.393,62.416,59.153,49.535,88.33,22.457,12.621,55.783,50.994
7.87,14.493,44.241,19.328,24.372,29.963,10.199,37.652,21.042,20.559,21.154,11.432,21.237,7.7303,18.613,12.547,126.77,78.277,15.911,56.163,46.397,16.11,25.333,19.336,28.841,42.543,16.117,14.15,35.311,22.61,34.712,31.771,73.443,62.397,59.131,49.49,88.297,22.45,12.602,55.731,51.01
7.88,14.475,44.222,19.327,24.387,29.992,10.208,37.604,21.033,20.554,21.138,11.421,21.224,7.725,18.615,12.532,126.86,78.252,15.902,56.3,46.401,16.17,25.387,19.337,28.831,42.457,16.095,14.118,35.307,22.6,34.775,31.785,73.494,62.381,59.108,49.448,88.262,22.442,12.584,55.679,51.025
7.89,14.458,44.202,19.326,24.403,30.021,10.217,37.553,21.023,20.55,21.122,11.41,21.21,7.7197,18.616,12.517,126.96,78.226,15.894,56.44,46.404,16.226,25.44,19.338,28.821,42.371,16.072,14.087,35.303,22.591,34.836,31.799,73.544,62.367,59.084,49.41,88.226,22.434,12.565,55.626,51.041
7.9,14.44,44.181,19.324,24.417,30.049,10.226,37.498,21.014,20.545,21.107,11.399,21.196,7.7144,18.618,12.502,127.06,78.2,15.885,56.58,46.407,16.279,25.493,19.339,28.81,42.286,16.05,14.056,35.298,22.584,34.897,31.812,73.594,62.355,59.059,49.376,88.189,22.427,12.546,55.572,51.055
7.91,14.422,44.159,19.323,24.431,30.076,10.235,37.44,21.005,20.54,21.091,11.388,21.183,7.7091,18.619,12.487,127.15,78.173,15.877,56.719,46.41,16.331,25.545,19.34,28.8,42.201,16.027,14.026,35.293,22.577,34.969,31.824,73.644,62.345,59.034,49.345,88.151,22.419,12.527,55.516,51.069
7.92,14.405,44.137,19.322,24.444,30.102,10.243,37.379,20.996,20.535,21.075,11.377,21.169,7.7038,18.62,12.471,127.25,78.146,15.868,56.856,46.413,16.38,25.597,19.341,28.789,42.116,16.005,13.995,35.289,22.572,35.043,31.835,73.693,62.335,59.007,49.314,88.112,22.411,12.507,55.46,51.083
7.93,14.387,44.114,19.32,24.457,30.126,10.252,37.315,20.987,20.531,21.059,11.366,21.156,7.6986,18.622,12.456,127.34,78.118,15.86,56.992,46.415,16.425,25.648,19.342,28.778,42.032,15.982,13.965,35.283,22.568,35.113,31.844,73.742,62.327,58.98,49.284,88.073,22.404,12.488,55.402,51.095
7.94,14.37,44.09,19.319,24.468,30.15,10.26,37.247,20.977,20.526,21.043,11.355,21.142,7.6933,18.623,12.44,127.44,78.091,15.852,57.126,46.417,16.467,25.699,19.343,28.767,41.949,15.959,13.934,35.278,22.566,35.181,31.853,73.791,62.32,58.953,49.254,88.033,22.396,12.468,55.343,51.108
7.95,14.352,44.066,19.317,24.479,30.173,10.268,37.177,20.968,20.521,21.027,11.344,21.129,7.6881,18.624,12.424,127.53,78.063,15.844,57.257,46.419,16.506,25.75,19.344,28.756,41.866,15.936,13.904,35.272,22.564,35.246,31.861,73.84,62.315,58.924,49.226,87.993,22.388,12.449,55.283,51.12
7.96,14.334,44.041,19.315,24.489,30.195,10.276,37.102,20.959,20.516,21.011,11.333,21.115,7.6828,18.625,12.407,127.63,78.034,15.835,57.386,46.42,16.54,25.8,19.345,28.745,41.783,15.912,13.874,35.266,22.563,35.309,31.868,73.888,62.311,58.894,49.198,87.952,22.38,12.429,55.222,51.132
7.97,14.317,44.016,19.314,24.498,30.216,10.284,37.025,20.95,20.512,20.995,11.322,21.102,7.6776,18.627,12.391,127.72,78.006,15.828,57.513,46.421,16.573,25.85,19.346,28.734,41.701,15.889,13.845,35.26,22.564,35.371,31.874,73.937,62.308,58.864,49.173,87.91,22.373,12.409,55.159,51.144
7.98,14.299,43.99,19.312,24.507,30.237,10.291,36.945,20.941,20.507,20.979,11.311,21.088,7.6724,18.628,12.374,127.82,77.976,15.82,57.637,46.422,16.603,25.899,19.347,28.723,41.619,15.866,13.815,35.253,22.565,35.432,31.879,73.986,62.305,58.833,49.151,87.867,22.365,12.389,55.096,51.155
7.99,14.282,43.963,19.31,24.515,30.258,10.299,36.861,20.932,20.502,20.963,11.3,21.075,7.6672,18.629,12.357,127.91,77.946,15.812,57.759,46.423,16.63,25.948,19.348,28.711,41.538,15.842,13.786,35.247,22.568,35.492,31.883,74.035,62.303,58.801,49.132,87.824,22.357,12.368,55.031,51.166
8,14.264,43.936,19.309,24.522,30.28,10.306,36.774,20.922,20.497,20.947,11.29,21.061,7.662,18.63,12.34,128.01,77.917,15.804,57.877,46.424,16.653,25.996,19.348,28.699,41.457,15.818,13.757,35.24,22.572,35.55,31.886,74.084,62.301,58.768,49.115,87.779,22.349,12.348,54.965,51.177
