1.337118e-05
1.324611e-05
1.320743e-05
1.313869e-05
1.306750e-05
1.300089e-05
1.293490e-05
1.286928e-05
1.280036e-05
1.273558e-05
1.266849e-05
1.260138e-05
1.253459e-05
1.247255e-05
1.240585e-05
1.234082e-05
1.227194e-05
1.220724e-05
1.213863e-05
1.207055e-05
1.200062e-05
1.192838e-05
1.186004e-05
1.180020e-05
1.174010e-05
1.167908e-05
1.160096e-05
1.153044e-05
1.146628e-05
1.140976e-05
1.135008e-05
1.129024e-05
1.123020e-05
1.114760e-05
1.105703e-05
1.098556e-05
1.093844e-05
1.088442e-05
1.080708e-05
1.073631e-05
1.068961e-05
1.063094e-05
1.054240e-05
1.046258e-05
1.040766e-05
1.034690e-05
1.028697e-05
1.022593e-05
1.016573e-05
1.007338e-05
9.977259e-06
9.927185e-06
9.904125e-06
9.858277e-06
9.761988e-06
9.674634e-06
9.615878e-06
9.554711e-06
9.477562e-06
9.411660e-06
9.355006e-06
9.299187e-06
9.235127e-06
9.192284e-06
9.173110e-06
9.092968e-06
8.942316e-06
8.826685e-06
8.777162e-06
8.787590e-06
8.766205e-06
8.682657e-06
8.581503e-06
8.453621e-06
8.358745e-06
8.377542e-06
8.406952e-06
8.327013e-06
8.174807e-06
8.080529e-06
8.073611e-06
8.031339e-06
7.927747e-06
7.859724e-06
7.840658e-06
7.785313e-06
7.660851e-06
7.536676e-06
7.517731e-06
7.493224e-06
7.397392e-06
7.318629e-06
7.347239e-06
7.305716e-06
7.123476e-06
7.024941e-06
7.088210e-06
7.110536e-06
6.961615e-06
6.788774e-06
6.719045e-06
6.633192e-06
6.534876e-06
6.529913e-06
6.580646e-06
6.514587e-06
6.309703e-06
6.200647e-06
6.336367e-06
6.451578e-06
6.320015e-06
6.069532e-06
5.986516e-06
5.904453e-06
5.754570e-06
5.732994e-06
5.809578e-06
5.733048e-06
5.523120e-06
5.489509e-06
5.541365e-06
5.518576e-06
5.405068e-06
5.348655e-06
5.333185e-06
5.270178e-06
5.152129e-06
4.979388e-06
5.005934e-06
4.991926e-06
4.778703e-06
4.699380e-06
4.802322e-06
4.842170e-06
4.693721e-06
4.547196e-06
4.591711e-06
4.516956e-06
4.292119e-06
4.197304e-06
4.288407e-06
4.325054e-06
4.191778e-06
4.025001e-06
4.018980e-06
4.047021e-06
3.765040e-06
3.566257e-06
3.767502e-06
3.835566e-06
3.694604e-06
3.703263e-06
3.765952e-06
3.441824e-06
3.142521e-06
3.250310e-06
3.386155e-06
3.336085e-06
3.077933e-06
2.936352e-06
3.089877e-06
3.116286e-06
2.894954e-06
2.645805e-06
2.745430e-06
2.830042e-06
2.596499e-06
2.584688e-06
2.834709e-06
2.697177e-06
2.129383e-06
2.032976e-06
2.315411e-06
2.393064e-06
2.218948e-06
2.105332e-06
2.181372e-06
2.050423e-06
1.840591e-06
1.767279e-06
1.826568e-06
1.740809e-06
1.569502e-06
1.702697e-06
1.949860e-06
1.736447e-06
1.194211e-06
1.265182e-06
1.734086e-06
1.648263e-06
1.210274e-06
1.040512e-06
1.138340e-06
9.946907e-07
5.819024e-07
6.192956e-07
1.078760e-06
1.300166e-06
1.034294e-06
7.383022e-07
7.010223e-07
6.616037e-07
3.917864e-07
1.754004e-07
4.780857e-07
6.914922e-07
4.826399e-07
3.274689e-07
1.931091e-07
-1.947396e-07
-5.037671e-07
-2.471135e-07
3.170612e-07
4.159670e-07
-1.914160e-07
-5.429181e-07
2.586094e-08
2.299810e-07
-4.490580e-07
-9.508760e-07
-5.993030e-07
-2.949990e-07
-6.595542e-07
-9.495884e-07
-7.674818e-07
-7.155142e-07
-1.103756e-06
-1.070607e-06
-4.665766e-07
-4.308258e-07
-1.237304e-06
-1.584712e-06
-1.091239e-06
-6.712849e-07
-8.474804e-07
-1.196215e-06
-1.492229e-06
-2.092753e-06
-2.657216e-06
-2.363218e-06
-1.244500e-06
-1.038931e-06
-2.007281e-06
-2.130661e-06
-1.292611e-06
-9.750298e-07
-1.704158e-06
-2.395656e-06
-2.563204e-06
-2.659471e-06
-2.407178e-06
-1.491315e-06
-8.494707e-07
-1.939116e-06
-3.514162e-06
-3.467777e-06
-2.532182e-06
-2.322956e-06
-2.553421e-06
-2.440385e-06
-2.440959e-06
-2.914272e-06
-3.230726e-06
-2.946109e-06
-2.667732e-06
-3.015395e-06
-3.439988e-06
-3.128261e-06
-2.463274e-06
-2.640227e-06
-3.460150e-06
-3.974332e-06
-3.635565e-06
-3.412968e-06
-3.874771e-06
-3.599334e-06
-2.544667e-06
-2.778540e-06
-4.186893e-06
-4.405746e-06
-3.651440e-06
-3.481824e-06
-3.672028e-06
-3.458502e-06
-3.558306e-06
-4.142651e-06
-4.852086e-06
-4.968291e-06
-3.931196e-06
-3.368372e-06
-4.009408e-06
-4.204615e-06
-4.107422e-06
-5.180259e-06
-6.225517e-06
-5.424435e-06
-3.309704e-06
-2.614633e-06
-3.534793e-06
-4.297393e-06
-4.149983e-06
-4.492545e-06
-5.558496e-06
-5.412789e-06
-4.792342e-06
-4.993175e-06
-5.321800e-06
-4.369954e-06
-3.912840e-06
-4.863656e-06
-6.122853e-06
-6.506061e-06
-5.406490e-06
-4.888629e-06
-4.941259e-06
-4.365950e-06
-4.522282e-06
-6.194274e-06
-7.442678e-06
-6.976322e-06
-5.524307e-06
-4.861413e-06
-5.421670e-06
-5.708048e-06
-4.785817e-06
-5.133197e-06
-6.758748e-06
-7.057850e-06
-6.261223e-06
-5.924347e-06
-6.767623e-06
-6.488519e-06
-5.547067e-06
-6.089975e-06
-7.243625e-06
-7.889886e-06
-7.108028e-06
-6.042351e-06
-5.663436e-06
-5.538832e-06
-6.091789e-06
-7.561017e-06
-8.515567e-06
-7.173838e-06
-5.816450e-06
-6.259804e-06
-7.217919e-06
-6.751426e-06
-5.172204e-06
-5.884103e-06
-8.336954e-06
-9.072796e-06
-7.833520e-06
-7.281915e-06
-7.359562e-06
-6.451110e-06
-5.617730e-06
-6.255762e-06
-7.865305e-06
-8.490749e-06
-7.571066e-06
-7.286214e-06
-8.384073e-06
-8.603735e-06
-7.412288e-06
-7.527882e-06
-8.472559e-06
-7.647177e-06
-6.674387e-06
-7.398859e-06
-8.752053e-06
-9.001228e-06
-7.562896e-06
-6.842545e-06
-7.901926e-06
-9.149189e-06
-8.640424e-06
-7.665851e-06
-7.948230e-06
-8.028071e-06
-7.218883e-06
-7.003978e-06
-8.233105e-06
-9.319774e-06
-8.638595e-06
-8.615708e-06
-1.036726e-05
-1.062926e-05
-8.162380e-06
-6.570592e-06
-8.275816e-06
-9.669852e-06
-8.103880e-06
-7.570600e-06
-1.012002e-05
-1.040893e-05
-7.454635e-06
-6.868735e-06
-8.966077e-06
-9.439381e-06
-8.294368e-06
-8.962047e-06
-1.089076e-05
-1.086922e-05
-9.295318e-06
-8.350957e-06
-8.956368e-06
-9.125781e-06
-7.645338e-06
-6.737356e-06
-9.031707e-06
-1.176093e-05
-1.073523e-05
-9.432366e-06
-1.086941e-05
-1.041984e-05
-7.578679e-06
-8.745328e-06
-1.180333e-05
-1.164415e-05
-8.554963e-06
-6.912333e-06
-8.683606e-06
-9.551202e-06
-9.891230e-06
-1.163727e-05
-1.276893e-05
-1.057076e-05
-7.531693e-06
-9.146396e-06
-1.197919e-05
-1.016092e-05
-7.250672e-06
-9.227426e-06
-1.348535e-05
-1.380411e-05
-1.085693e-05
-9.493184e-06
-9.196684e-06
-8.274786e-06
-7.702032e-06
-1.004409e-05
-1.385026e-05
-1.372722e-05
-9.649566e-06
-8.063797e-06
-1.073027e-05
-1.107969e-05
-1.022216e-05
-1.023630e-05
-1.088677e-05
-1.186200e-05
-1.102602e-05
-1.089340e-05
-1.168775e-05
-1.151218e-05
-1.047183e-05
-1.013479e-05
-1.141619e-05
-1.144717e-05
-8.368919e-06
-7.601073e-06
-1.056720e-05
-1.233396e-05
-1.185677e-05
-1.314007e-05
-1.497014e-05
-1.357426e-05
-9.549102e-06
-7.753844e-06
-1.063399e-05
-1.172286e-05
-9.612234e-06
-1.016342e-05
-1.287791e-05
-1.311325e-05
-1.081842e-05
-1.016091e-05
-1.217259e-05
-1.234931e-05
-9.445705e-06
-9.356552e-06
-1.220987e-05
-1.287563e-05
-1.003138e-05
-8.765198e-06
-1.156087e-05
-1.351006e-05
-1.202124e-05
-1.178964e-05
-1.419152e-05
-1.442623e-05
-1.078885e-05
-8.657039e-06
-9.538917e-06
-9.859519e-06
-1.019086e-05
-1.230486e-05
-1.522925e-05
-1.508354e-05
-1.117592e-05
-8.773218e-06
-1.027653e-05
-1.235179e-05
-1.216202e-05
-1.300650e-05
-1.509659e-05
-1.318210e-05
-8.740602e-06
-8.626053e-06
-1.215268e-05
-1.426274e-05
-1.387652e-05
-1.369278e-05
-1.473357e-05
-1.468635e-05
-1.130506e-05
-9.405864e-06
-1.172533e-05
-1.213207e-05
-1.034127e-05
-1.137637e-05
-1.630056e-05
-1.770291e-05
-1.209083e-05
-9.219700e-06
-1.072056e-05
-1.097477e-05
-9.630723e-06
-1.160594e-05
-1.608416e-05
-1.590406e-05
-1.278417e-05
-1.060756e-05
-1.104600e-05
-1.314573e-05
-1.346063e-05
-1.295449e-05
-1.357439e-05
-1.315445e-05
-1.082900e-05
-1.097487e-05
-1.303019e-05
-1.303217e-05
-1.194217e-05
-1.343331e-05
-1.573713e-05
-1.493885e-05
-1.196247e-05
-1.060343e-05
-1.302108e-05
-1.559005e-05
-1.240704e-05
-9.416022e-06
-1.380322e-05
-1.717436e-05
-1.360278e-05
-9.639069e-06
-1.175235e-05
-1.401977e-05
-1.165780e-05
-1.111444e-05
-1.495806e-05
-1.663789e-05
-1.358980e-05
-1.127453e-05
-1.195797e-05
-1.275792e-05
-1.401943e-05
-1.584774e-05
-1.555075e-05
-1.195688e-05
-7.798621e-06
-9.068962e-06
-1.429697e-05
-1.547833e-05
-1.072644e-05
-9.992472e-06
-1.419580e-05
-1.573800e-05
-1.422556e-05
-1.222726e-05
-1.125219e-05
-1.198888e-05
-1.213594e-05
-1.121951e-05
-1.401666e-05
-1.660969e-05
-1.485943e-05
-1.307031e-05
-1.274211e-05
-1.102913e-05
-9.193866e-06
-1.054230e-05
-1.627606e-05
-1.795547e-05
-1.306980e-05
-1.041613e-05
-1.305010e-05
-1.496775e-05
-1.214591e-05
-1.239331e-05
-1.579543e-05
-1.463965e-05
-1.060212e-05
-1.128535e-05
-1.620545e-05
-1.450333e-05
-8.734832e-06
-1.038859e-05
-1.558039e-05
-1.491572e-05
-1.151062e-05
-1.267310e-05
-1.461003e-05
-1.330862e-05
-1.201637e-05
-1.477870e-05
-1.882611e-05
-1.740906e-05
-1.232107e-05
-1.007874e-05
-1.097661e-05
-1.065500e-05
-9.989127e-06
-1.192220e-05
-1.494871e-05
-1.542296e-05
-1.326318e-05
-1.334721e-05
-1.394841e-05
-1.067785e-05
-8.363659e-06
-9.673595e-06
-1.406504e-05
-1.684236e-05
-1.536720e-05
-1.370480e-05
-1.417616e-05
-1.252411e-05
-8.800511e-06
-9.864759e-06
-1.535066e-05
-1.770743e-05
-1.565015e-05
-1.440348e-05
-1.394335e-05
-1.058176e-05
-5.280056e-06
-7.474063e-06
-1.521484e-05
-1.777229e-05
-1.442628e-05
-1.250835e-05
-1.455365e-05
-1.324541e-05
-8.389391e-06
-9.353846e-06
-1.587133e-05
-1.957347e-05
-1.670714e-05
-1.091559e-05
-9.385256e-06
-8.284154e-06
-5.366975e-06
-8.246850e-06
-1.725244e-05
-2.167832e-05
-1.769885e-05
-1.298942e-05
-1.229683e-05
-1.152149e-05
-7.455695e-06
-8.989044e-06
-1.613561e-05
-1.588538e-05
-1.182636e-05
-1.412765e-05
-1.667295e-05
-1.071663e-05
-5.131786e-06
-7.413561e-06
-1.134024e-05
-1.325457e-05
-1.568511e-05
-1.696722e-05
-1.581417e-05
-1.109942e-05
-6.368306e-06
-1.145479e-05
-2.028363e-05
-1.974432e-05
-1.143233e-05
-8.971122e-06
-1.162581e-05
-1.053633e-05
-7.736073e-06
-1.133597e-05
-1.594216e-05
-1.425841e-05
-1.058189e-05
-1.086158e-05
-1.360483e-05
-1.056375e-05
-6.817773e-06
-1.032592e-05
-1.669331e-05
-1.482995e-05
-9.543562e-06
-1.230733e-05
-1.667701e-05
-1.219427e-05
-5.981691e-06
-8.466857e-06
-1.412396e-05
-1.367024e-05
-1.060508e-05
-1.164571e-05
-1.238580e-05
-8.895952e-06
-7.959646e-06
-1.305190e-05
-1.781135e-05
-1.585558e-05
-1.213797e-05
-1.099041e-05
-1.035202e-05
-8.350039e-06
-7.458773e-06
-1.187708e-05
-1.529074e-05
-1.251354e-05
-8.405471e-06
-8.686493e-06
-1.333867e-05
-1.296072e-05
-6.697849e-06
-5.070265e-06
-1.142887e-05
-1.592643e-05
-1.197986e-05
-6.882973e-06
-6.212081e-06
-8.072858e-06
-1.150683e-05
-1.558168e-05
-1.648232e-05
-1.274117e-05
-7.778767e-06
-9.364370e-06
-1.383539e-05
-1.237246e-05
-5.889827e-06
-7.432855e-06
-1.484037e-05
-1.679801e-05
-1.154415e-05
-6.255598e-06
-7.306813e-06
-9.677730e-06
-1.088904e-05
-1.311463e-05
-1.445685e-05
-1.103846e-05
-2.998438e-06
-2.925110e-06
-1.322482e-05
-1.848301e-05
-1.560488e-05
-1.313159e-05
-1.016569e-05
-4.019835e-06
-1.776781e-06
-7.494710e-06
-1.366243e-05
-1.249238e-05
-3.763820e-06
-4.065100e-06
-1.219883e-05
-1.293431e-05
-9.445242e-06
-9.272660e-06
-1.387059e-05
-1.533814e-05
-1.209665e-05
-1.068475e-05
-1.024194e-05
-7.945417e-06
-2.883149e-06
-6.566329e-06
-1.402614e-05
-1.404627e-05
-7.384868e-06
-5.731632e-06
-7.758449e-06
-5.708066e-06
-8.941783e-06
-1.476437e-05
-1.413038e-05
-9.051853e-06
-5.608233e-06
-9.240873e-06
-1.493526e-05
-1.325225e-05
-4.108823e-06
-3.440746e-06
-1.256820e-05
-1.192056e-05
-7.080050e-07
1.160832e-06
-7.036671e-06
-1.139900e-05
-1.237897e-05
-1.565413e-05
-1.688334e-05
-1.099734e-05
1.537808e-07
4.886639e-06
-1.497282e-06
-1.118830e-05
-1.659111e-05
-1.654012e-05
-1.343167e-05
-3.625382e-06
7.113400e-06
2.286597e-06
-1.058479e-05
-9.687686e-06
-1.113433e-06
-2.630783e-06
-9.635650e-06
-1.502525e-05
-1.402340e-05
-1.098269e-05
-7.424665e-06
-4.615120e-06
-4.283846e-06
-5.786187e-06
-9.924163e-06
-6.115156e-06
6.001606e-06
5.477739e-06
-7.353972e-06
-1.371574e-05
-1.157316e-05
-1.437645e-05
-1.382667e-05
-1.627105e-06
8.216581e-06
2.424412e-06
-1.068768e-05
-1.289407e-05
-6.829377e-06
-6.156995e-06
-1.065718e-05
-8.408903e-06
-1.157970e-06
-3.866469e-06
-1.040823e-05
-7.803655e-06
1.449304e-06
1.796005e-06
-5.746579e-06
-4.735795e-06
-2.443374e-06
-6.354109e-06
-1.177700e-05
-1.236316e-05
-6.072226e-06
-4.229396e-06
-4.445371e-06
-1.779919e-06
-1.508024e-07
-6.837448e-06
-1.104165e-05
-6.712833e-06
-3.271003e-06
-2.680754e-06
-5.340718e-06
-4.064271e-06
-2.007335e-06
-3.856343e-06
-6.082828e-06
-5.396065e-06
-1.551466e-06
-4.297817e-06
-8.268035e-06
-4.458801e-06
2.224987e-06
3.896509e-07
-6.152554e-06
-5.310817e-06
-3.880805e-06
-6.259656e-06
-6.751274e-06
-4.574667e-07
6.215247e-06
-1.182735e-06
-1.197094e-05
-1.013647e-05
-9.910932e-07
6.383624e-07
-2.145709e-06
-4.125282e-06
-4.780793e-06
-2.970501e-06
7.817875e-07
5.856907e-06
4.009143e-06
-7.324031e-06
-1.527123e-05
-9.978022e-06
1.578950e-07
1.269951e-06
-3.057884e-06
-3.359629e-06
-9.178863e-08
1.344288e-07
-1.027304e-06
1.083498e-06
1.514008e-06
-3.429923e-06
-5.231625e-06
-2.713000e-06
3.475898e-07
-3.467207e-06
-8.495146e-06
-4.387609e-06
3.321117e-06
3.471023e-06
-3.580907e-06
-3.315377e-06
6.300532e-07
8.156298e-07
-2.943249e-07
3.162739e-06
7.989058e-06
4.602581e-06
-5.546319e-06
-9.970813e-06
-2.029082e-06
2.484991e-06
-2.081646e-06
-1.476473e-06
3.954557e-06
3.584202e-06
-9.256430e-07
-7.081534e-07
2.445562e-06
-4.163715e-06
-1.250464e-05
-4.701568e-06
1.372632e-05
1.907050e-05
9.593190e-06
3.384744e-06
4.280169e-06
-1.231193e-06
-9.544334e-06
-3.685838e-06
2.476287e-06
-3.139944e-06
-6.412547e-06
2.236844e-06
1.037296e-05
4.833379e-06
-3.132575e-06
2.413694e-06
1.006117e-05
3.108412e-06
-5.229845e-06
-1.305763e-06
7.737856e-06
7.383723e-06
-4.301679e-07
-5.159063e-06
1.186763e-06
7.666858e-06
3.194197e-06
2.004702e-06
3.468745e-06
-2.316973e-06
-9.503812e-06
-4.126707e-06
6.578363e-06
8.191106e-06
5.894505e-06
9.003745e-06
1.290001e-05
4.634449e-06
-7.104031e-06
-4.792770e-06
7.705440e-06
7.681935e-06
-7.439881e-06
-7.166279e-06
5.304279e-06
9.193324e-06
7.075192e-06
2.953606e-06
5.301266e-06
6.094162e-06
2.898576e-07
2.308429e-06
8.972637e-06
4.249714e-06
-4.622666e-06
1.052769e-06
8.717739e-06
5.815414e-06
2.421561e-06
4.993545e-06
1.261840e-05
8.827788e-06
-1.165195e-06
1.579230e-06
1.144412e-05
6.316763e-06
-6.386778e-06
8.099626e-07
1.189010e-05
9.805058e-06
-4.166806e-07
6.098392e-07
1.616586e-05
1.599999e-05
4.207812e-06
1.106910e-06
6.400856e-06
2.032015e-06
-4.349133e-06
4.120218e-06
1.456727e-05
1.355647e-05
5.860730e-06
5.304687e-06
1.304533e-05
1.274787e-05
1.592877e-06
-3.206083e-06
5.706031e-06
9.029857e-06
6.571809e-06
1.527328e-05
2.133579e-05
8.943021e-06
-9.172091e-06
-2.911595e-06
2.111710e-05
2.798834e-05
1.190883e-05
-2.300978e-06
-9.164447e-07
-2.195758e-06
-1.081570e-06
1.364380e-05
2.411931e-05
1.075581e-05
-1.185732e-06
1.012103e-05
2.246732e-05
1.821837e-05
-1.603930e-06
-9.085724e-06
1.170042e-05
2.660048e-05
2.171094e-05
2.099303e-05
2.144256e-05
1.499539e-06
-1.885692e-05
-6.566959e-06
2.043281e-05
2.817278e-05
1.496807e-05
3.557839e-06
6.550089e-06
9.666569e-06
3.562011e-06
7.141225e-06
2.032915e-05
1.687874e-05
9.298019e-06
1.759871e-05
2.243755e-05
3.312089e-06
-1.845022e-05
-1.403769e-06
3.443157e-05
3.804230e-05
1.603204e-05
3.642256e-06
9.216497e-06
6.285192e-06
-2.114451e-06
4.307863e-06
1.790269e-05
1.809119e-05
1.020954e-05
1.561302e-05
1.749179e-05
4.562711e-06
-2.412950e-06
1.432509e-05
3.696319e-05
3.176752e-05
1.089364e-05
3.525354e-07
3.737854e-06
3.870998e-06
7.135598e-07
9.107206e-06
2.327656e-05
3.180225e-05
2.926360e-05
2.312681e-05
1.912533e-05
4.355184e-06
-1.010092e-05
-6.017775e-06
1.266824e-05
2.481667e-05
2.396856e-05
2.391254e-05
2.128371e-05
5.005299e-06
-1.927024e-06
1.704813e-05
3.759129e-05
3.112950e-05
1.208327e-05
6.825126e-06
7.162466e-06
-1.039410e-06
4.299019e-06
1.965900e-05
3.176441e-05
2.888384e-05
1.564413e-05
1.902383e-05
2.634499e-05
1.958436e-05
4.972748e-06
5.117772e-07
1.626847e-05
3.160161e-05
3.287851e-05
2.382736e-05
1.428910e-05
5.282382e-06
3.202654e-06
1.455557e-05
3.212529e-05
3.315169e-05
1.509027e-05
1.141658e-05
2.286559e-05
2.132057e-05
1.326521e-05
1.573803e-05
3.136831e-05
3.426079e-05
2.149875e-05
1.624601e-05
2.009255e-05
1.503223e-05
1.407958e-06
8.773333e-06
2.692102e-05
3.327135e-05
3.040954e-05
2.349058e-05
2.513815e-05
1.934060e-05
6.926678e-06
5.960154e-06
1.999271e-05
2.278672e-05
1.787025e-05
2.978779e-05
4.166878e-05
3.203362e-05
1.129800e-05
6.812850e-06
2.510165e-05
3.191825e-05
2.081119e-05
1.659764e-05
2.614779e-05
2.359270e-05
1.000104e-05
1.709759e-05
4.061160e-05
3.988051e-05
1.666919e-05
1.093465e-05
2.167370e-05
2.088380e-05
1.789986e-05
2.214857e-05
2.693318e-05
2.217913e-05
1.687326e-05
2.521876e-05
3.715272e-05
3.533276e-05
1.988806e-05
1.214482e-05
2.402550e-05
2.746585e-05
1.717812e-05
2.257926e-05
2.969895e-05
1.664809e-05
1.141897e-05
2.529248e-05
3.646567e-05
3.303874e-05
2.297978e-05
2.590197e-05
3.508198e-05
2.286710e-05
2.524644e-06
9.194543e-06
3.715996e-05
4.204194e-05
2.879246e-05
2.325836e-05
3.065269e-05
3.592428e-05
2.887681e-05
2.083113e-05
2.130863e-05
2.182662e-05
1.606818e-05
2.715788e-05
4.312591e-05
3.469136e-05
9.366943e-06
3.040115e-07
2.792801e-05
5.247315e-05
5.512902e-05
3.921291e-05
2.016598e-05
-1.702117e-06
-1.436555e-05
1.047842e-05
4.480882e-05
5.065317e-05
3.840038e-05
3.272678e-05
4.134171e-05
3.950112e-05
2.002272e-05
1.194376e-05
1.911860e-05
1.936740e-05
2.473372e-05
4.490688e-05
5.118578e-05
2.724077e-05
9.249306e-06
2.302641e-05
4.506884e-05
4.763391e-05
3.456061e-05
2.672493e-05
3.043011e-05
2.310348e-05
1.117746e-05
2.614168e-05
4.289520e-05
4.691502e-05
4.823577e-05
3.983103e-05
3.017100e-05
1.667358e-05
6.837135e-06
1.890486e-05
4.216498e-05
4.057470e-05
2.717935e-05
3.510456e-05
4.708432e-05
4.070166e-05
2.843625e-05
2.864244e-05
3.911503e-05
4.168603e-05
2.740244e-05
2.015053e-05
3.417261e-05
3.364568e-05
1.295332e-05
1.659018e-05
3.740043e-05
3.929895e-05
3.180841e-05
4.637727e-05
6.351587e-05
4.578179e-05
1.192760e-05
2.518956e-06
2.276281e-05
4.129899e-05
4.595361e-05
4.528749e-05
3.727202e-05
2.528485e-05
1.903688e-05
2.864311e-05
4.128417e-05
3.823024e-05
2.762721e-05
3.150392e-05
4.439789e-05
3.797975e-05
2.151251e-05
2.455402e-05
3.938188e-05
4.424179e-05
4.134709e-05
3.878147e-05
3.640520e-05
2.684418e-05
1.308192e-05
1.432319e-05
2.545735e-05
3.291108e-05
3.714845e-05
4.686856e-05
5.924585e-05
5.291373e-05
3.719223e-05
2.714253e-05
2.485137e-05
2.215246e-05
2.182519e-05
3.721416e-05
5.266632e-05
4.722024e-05
2.934764e-05
2.652861e-05
3.680088e-05
3.627788e-05
3.087765e-05
3.647851e-05
4.215380e-05
3.792791e-05
2.810313e-05
2.494406e-05
3.488796e-05
3.996635e-05
3.318369e-05
4.173271e-05
5.512880e-05
4.766563e-05
3.820073e-05
3.464330e-05
3.179792e-05
3.311723e-05
3.346585e-05
4.080500e-05
5.518267e-05
5.127145e-05
2.660273e-05
2.663340e-05
4.304315e-05
4.248108e-05
3.678820e-05
4.183167e-05
4.834611e-05
3.591482e-05
2.842265e-05
4.382391e-05
5.383750e-05
3.273359e-05
1.579483e-05
3.893545e-05
6.739282e-05
5.136976e-05
9.600984e-06
9.091919e-06
4.286212e-05
5.873145e-05
4.864841e-05
4.552212e-05
5.091578e-05
4.300379e-05
2.454148e-05
2.305919e-05
3.876735e-05
5.054436e-05
5.210000e-05
5.319435e-05
4.938699e-05
3.014298e-05
1.957656e-05
3.085174e-05
5.107601e-05
5.168003e-05
4.498983e-05
5.555416e-05
5.324650e-05
3.496942e-05
2.096340e-05
3.139244e-05
4.598054e-05
4.562112e-05
4.469627e-05
5.854018e-05
6.511120e-05
4.253703e-05
2.688626e-05
2.773994e-05
3.291521e-05
4.492303e-05
5.454334e-05
5.629220e-05
4.320451e-05
3.357453e-05
3.560329e-05
4.859792e-05
5.456028e-05
3.849276e-05
3.083291e-05
4.348183e-05
5.321038e-05
4.535480e-05
2.820370e-05
2.327794e-05
3.317767e-05
4.146580e-05
4.721056e-05
6.433258e-05
6.939186e-05
4.926523e-05
2.750023e-05
1.983611e-05
3.782696e-05
5.404768e-05
5.239211e-05
4.590002e-05
3.542106e-05
2.612660e-05
3.832277e-05
6.634177e-05
7.378514e-05
4.841932e-05
2.272369e-05
2.306080e-05
4.382190e-05
5.990835e-05
5.985715e-05
5.238987e-05
4.168280e-05
2.675252e-05
9.196755e-06
3.001672e-05
7.092615e-05
7.707368e-05
4.997448e-05
3.198529e-05
4.606934e-05
4.968750e-05
3.633854e-05
4.071683e-05
5.616885e-05
5.104043e-05
3.928259e-05
4.316244e-05
4.063796e-05
3.134939e-05
3.470759e-05
5.424456e-05
6.917902e-05
5.835661e-05
3.266753e-05
3.029846e-05
4.891803e-05
3.719966e-05
1.682875e-05
4.239151e-05
7.830069e-05
7.355514e-05
5.408969e-05
4.849493e-05
5.178270e-05
3.943215e-05
2.361766e-05
2.928572e-05
5.539526e-05
6.163497e-05
4.297396e-05
3.805835e-05
4.366955e-05
3.621624e-05
3.751960e-05
6.466775e-05
7.911765e-05
5.085836e-05
2.619873e-05
3.387565e-05
4.996733e-05
4.233593e-05
2.240975e-05
3.540228e-05
6.655401e-05
7.250932e-05
5.525393e-05
4.128301e-05
4.411896e-05
3.788708e-05
3.322814e-05
4.858856e-05
6.484672e-05
5.978234e-05
5.758746e-05
6.241326e-05
4.027813e-05
7.755043e-06
1.428120e-05
5.824606e-05
8.944879e-05
7.814053e-05
4.737552e-05
2.515568e-05
2.444317e-05
2.990748e-05
4.438979e-05
7.282586e-05
8.100774e-05
4.609829e-05
2.758354e-05
5.168844e-05
6.555209e-05
4.801110e-05
2.060107e-05
2.085852e-05
6.055601e-05
7.960740e-05
6.219011e-05
3.754784e-05
3.010484e-05
2.300326e-05
1.676590e-05
3.915410e-05
7.620393e-05
8.643050e-05
7.343931e-05
6.429744e-05
4.374017e-05
7.802860e-06
-3.207608e-06
3.535923e-05
8.599230e-05
9.156585e-05
6.711937e-05
4.647138e-05
3.770913e-05
2.799169e-05
2.154730e-05
3.562073e-05
6.219482e-05
7.539836e-05
7.091917e-05
6.126064e-05
5.358039e-05
2.351879e-05
4.542217e-06
3.749541e-05
7.527988e-05
7.547471e-05
6.112903e-05
5.469655e-05
5.134997e-05
2.336221e-05
5.626098e-07
2.843479e-05
7.323423e-05
7.760964e-05
6.665700e-05
7.103689e-05
6.539112e-05
3.304879e-05
2.087589e-05
3.648821e-05
5.395991e-05
6.848026e-05
7.488610e-05
7.897313e-05
6.823164e-05
2.051138e-05
-2.498044e-06
3.245784e-05
6.629131e-05
6.582969e-05
6.335841e-05
6.751304e-05
6.733960e-05
4.481732e-05
2.687657e-05
3.966479e-05
5.546602e-05
5.366299e-05
5.124011e-05
6.378641e-05
6.794512e-05
4.529984e-05
2.496186e-05
3.847053e-05
6.939805e-05
6.171410e-05
3.344095e-05
4.764826e-05
7.330906e-05
4.893360e-05
2.503104e-05
4.279650e-05
6.725557e-05
6.179882e-05
4.558264e-05
4.896340e-05
6.022833e-05
5.241171e-05
4.008448e-05
4.595619e-05
5.239252e-05
4.829557e-05
4.930991e-05
6.202655e-05
6.904003e-05
5.405824e-05
3.803923e-05
3.897620e-05
4.836174e-05
4.668254e-05
4.124617e-05
5.577103e-05
7.308981e-05
6.065503e-05
4.689911e-05
4.859130e-05
4.513664e-05
2.959507e-05
3.232764e-05
5.936898e-05
8.641272e-05
7.140599e-05
3.222788e-05
2.698160e-05
4.218557e-05
4.462219e-05
5.488358e-05
8.040137e-05
7.561127e-05
3.676698e-05
1.482713e-05
3.312391e-05
6.952528e-05
6.658385e-05
3.948579e-05
4.442250e-05
6.484445e-05
5.840715e-05
4.154515e-05
5.048843e-05
6.471335e-05
4.613813e-05
2.027944e-05
3.525090e-05
7.085557e-05
7.193375e-05
4.813254e-05
4.389829e-05
5.037271e-05
4.081382e-05
3.814222e-05
5.614350e-05
7.056092e-05
5.124434e-05
2.693417e-05
3.507447e-05
5.427467e-05
5.117209e-05
4.735153e-05
6.572002e-05
6.651140e-05
3.899463e-05
2.382690e-05
3.829309e-05
5.311544e-05
4.549298e-05
3.419598e-05
4.775727e-05
7.185754e-05
5.730638e-05
3.626624e-05
6.019648e-05
9.168911e-05
8.066024e-05
3.957662e-05
2.524085e-05
3.638504e-05
3.945967e-05
3.115065e-05
3.249575e-05
5.263679e-05
5.038765e-05
5.466798e-05
9.246950e-05
1.086556e-04
6.318155e-05
1.889736e-06
-1.462580e-07
3.595933e-05
5.995835e-05
6.769159e-05
7.638106e-05
7.167007e-05
3.566607e-05
1.376091e-05
3.506068e-05
6.564708e-05
6.972808e-05
4.810762e-05
3.983225e-05
4.504996e-05
3.211460e-05
3.248569e-05
6.789495e-05
8.315998e-05
5.702760e-05
4.435703e-05
5.919250e-05
6.293154e-05
4.269981e-05
1.680302e-05
1.283920e-05
3.096116e-05
4.690101e-05
5.663885e-05
7.379441e-05
8.042760e-05
4.946839e-05
2.243494e-05
2.963203e-05
5.522421e-05
6.458946e-05
5.034781e-05
4.703835e-05
5.108513e-05
3.209729e-05
-4.744572e-06
6.500702e-06
6.697663e-05
9.239669e-05
7.071341e-05
6.015778e-05
5.636177e-05
3.556038e-05
1.671686e-05
1.437902e-05
2.540800e-05
3.774717e-05
3.814048e-05
4.855863e-05
6.686305e-05
5.963343e-05
4.149752e-05
4.513589e-05
5.427774e-05
3.550713e-05
2.750346e-05
5.253301e-05
7.681861e-05
5.318187e-05
4.470265e-06
-2.588187e-06
3.988973e-05
7.373567e-05
7.422914e-05
7.729338e-05
6.054646e-05
1.174469e-05
-2.048802e-05
8.274191e-06
5.142916e-05
5.101265e-05
4.058552e-05
5.048728e-05
6.600526e-05
4.955112e-05
3.325902e-05
4.919996e-05
5.750897e-05
3.736029e-05
1.748048e-05
3.042192e-05
5.282528e-05
4.540434e-05
2.416711e-05
3.360821e-05
6.030823e-05
4.761952e-05
3.111836e-05
6.004538e-05
7.597208e-05
3.167800e-05
-1.172285e-06
2.368256e-05
4.465679e-05
4.177543e-05
4.527578e-05
6.953012e-05
7.511531e-05
3.033691e-05
-3.052390e-06
9.064224e-06
3.314892e-05
3.982921e-05
5.381004e-05
7.354305e-05
6.803736e-05
4.502906e-05
2.069754e-05
1.987193e-05
3.543597e-05
2.787394e-05
2.523228e-05
5.347896e-05
6.986880e-05
3.519418e-05
1.278101e-06
1.227512e-05
3.533452e-05
5.426483e-05
6.040771e-05
6.398292e-05
6.202142e-05
2.673774e-05
-1.837868e-05
-3.708435e-06
4.174632e-05
4.481780e-05
4.320434e-05
6.414473e-05
7.208561e-05
3.545469e-05
-1.431140e-05
-5.357722e-06
5.696298e-05
7.088713e-05
3.114776e-05
1.270881e-05
2.469139e-05
1.981133e-05
1.011492e-05
4.101602e-05
8.145909e-05
7.555324e-05
4.147467e-05
3.959283e-05
4.756609e-05
2.061825e-05
-1.411921e-05
-1.578265e-05
1.256373e-05
2.609648e-05
4.312956e-05
7.481069e-05
8.494118e-05
3.474042e-05
-6.603248e-06
2.393468e-05
7.136648e-05
7.547485e-05
3.469163e-05
7.099413e-06
9.014035e-06
8.138523e-06
8.548618e-06
3.952563e-05
7.314738e-05
5.922290e-05
2.793149e-05
2.298610e-05
2.780532e-05
9.601236e-06
1.810290e-06
1.670587e-05
3.891025e-05
4.583145e-05
3.610068e-05
4.257539e-05
6.178595e-05
4.030585e-05
4.791389e-06
1.197982e-05
3.216780e-05
2.775464e-05
1.081550e-05
1.794833e-05
3.428231e-05
2.415402e-05
3.302091e-06
1.276471e-05
5.335601e-05
7.455807e-05
6.023559e-05
3.244847e-05
-2.538136e-06
-3.187266e-05
-2.011779e-05
2.767767e-05
6.158381e-05
3.932592e-05
5.175133e-06
1.245653e-05
3.512591e-05
2.331574e-05
6.209214e-06
2.171939e-05
4.316607e-05
2.849605e-05
8.912152e-06
2.471966e-05
4.774551e-05
3.153267e-05
-2.242090e-06
-6.042821e-07
3.398907e-05
3.818108e-05
2.217142e-05
1.691987e-05
1.292263e-05
-7.928049e-06
-2.184637e-05
1.384734e-06
4.339811e-05
6.823323e-05
5.554325e-05
3.600768e-05
2.063479e-05
-1.811439e-05
-3.417184e-05
5.909678e-06
5.013377e-05
4.740732e-05
2.602519e-05
4.895150e-06
7.466212e-06
1.710577e-05
7.535778e-06
1.583426e-05
3.025828e-05
1.085827e-05
-1.065718e-05
1.628094e-06
3.403508e-05
2.851717e-05
7.689784e-06
2.007092e-05
3.198881e-05
1.950850e-06
-2.059076e-05
3.675652e-06
2.217758e-05
5.088041e-06
-6.624869e-06
2.081962e-05
5.482717e-05
4.154333e-05
2.138422e-05
1.744064e-05
1.571122e-05
-1.358977e-05
-2.668220e-05
8.723976e-06
1.941454e-05
-1.102089e-05
-1.852854e-05
1.942326e-05
4.962525e-05
4.137369e-05
2.916193e-05
1.170335e-05
-7.530422e-06
-1.543661e-05
6.569358e-06
4.022637e-05
4.337550e-05
-1.137533e-05
-5.795886e-05
-3.098134e-05
2.292114e-05
2.920654e-05
3.013732e-05
4.539942e-05
3.591961e-05
-2.016444e-06
-2.078015e-05
3.744439e-06
2.048601e-05
1.879079e-06
-1.941047e-05
3.770241e-06
4.409340e-05
2.847586e-05
-6.590841e-06
-1.439784e-05
5.025267e-06
1.479545e-05
6.391464e-06
3.468837e-06
4.791841e-06
-1.894075e-05
-3.951637e-05
-1.351506e-05
3.091033e-05
2.785087e-05
5.853378e-06
1.757428e-05
2.238538e-05
-1.057793e-05
-3.061269e-05
-2.157069e-05
3.325290e-06
1.350267e-05
3.812189e-06
1.112470e-05
1.792314e-05
-7.978987e-06
-2.963934e-05
6.411830e-06
3.514223e-05
-3.780284e-06
-3.189815e-05
-6.462838e-06
2.889600e-05
2.329701e-05
-5.337553e-06
-1.940795e-05
-1.753946e-05
-2.375910e-05
-1.333711e-05
1.052770e-05
1.166380e-05
-4.478634e-06
-1.660163e-05
-2.093070e-05
-1.372553e-05
3.566519e-06
1.934287e-05
3.245118e-05
3.910032e-05
-5.657019e-06
-8.304594e-05
-8.388514e-05
-1.969297e-05
2.216202e-05
2.783072e-05
1.784738e-05
-1.612004e-06
-2.992491e-05
-3.392269e-05
6.186666e-08
2.621867e-05
-9.438010e-06
-4.383994e-05
-1.736052e-05
4.845818e-07
-2.253128e-05
-4.053194e-05
-1.713895e-05
1.499530e-05
1.144564e-05
-1.018994e-05
5.129296e-06
1.244746e-05
-3.235810e-05
-5.233909e-05
-1.656248e-05
9.615581e-06
6.686731e-06
-9.048323e-06
-3.025938e-05
-3.565197e-05
-2.893291e-05
-2.698969e-05
-1.086136e-05
5.848408e-06
-1.582532e-05
-3.320129e-05
-5.840073e-06
7.288097e-06
-2.497950e-05
-3.862739e-05
-2.569288e-06
3.575783e-05
1.894929e-05
-2.803763e-05
-4.090800e-05
-4.057892e-05
-4.903227e-05
-4.694265e-05
-1.815549e-05
8.310662e-06
-3.214602e-06
-2.886644e-05
-1.069801e-05
2.358476e-05
-5.243865e-07
-3.883005e-05
-3.001661e-05
-1.121497e-05
-2.189219e-05
-4.271480e-05
-3.341258e-05
-2.326184e-05
-2.680398e-05
-2.277269e-05
3.973820e-06
2.000955e-05
-8.906086e-06
-3.334215e-05
-3.139085e-05
-3.422975e-05
-5.567417e-05
-5.702359e-05
-9.440699e-06
2.595336e-05
3.033337e-06
-3.897918e-05
-5.252799e-05
-2.843868e-05
-1.886445e-05
-3.495717e-05
-2.450947e-05
-5.656782e-06
-2.829591e-05
-6.421321e-05
-5.454779e-05
-2.668117e-05
-9.657053e-06
7.615057e-06
1.981535e-05
2.707075e-06
-5.785637e-05
-9.430184e-05
-7.445405e-05
-3.845068e-05
-2.704151e-05
-2.082066e-05
1.288171e-05
2.207974e-05
-2.675397e-05
-7.229594e-05
-6.522143e-05
-4.621507e-05
-3.495665e-05
-1.317492e-05
6.492534e-07
-2.023449e-05
-5.401742e-05
-7.958269e-05
-6.036020e-05
-1.270043e-05
-8.274065e-06
-3.537260e-05
-3.538711e-05
-1.499547e-05
-2.510844e-05
-4.393385e-05
-4.300182e-05
-3.234593e-05
-4.338219e-05
-6.323354e-05
-3.634711e-05
8.793109e-06
-1.510414e-05
-7.747880e-05
-7.797369e-05
-3.540224e-05
-2.135386e-05
-3.787646e-05
-2.672740e-05
-2.503107e-06
-1.819238e-05
-5.251176e-05
-4.786694e-05
-2.846609e-05
-6.826389e-05
-1.090687e-04
-7.174740e-05
-1.243061e-05
-1.499235e-05
-4.378587e-05
-3.156547e-05
-1.632040e-05
-4.293743e-05
-7.753933e-05
-6.644003e-05
-1.940329e-05
-1.673878e-05
-4.942584e-05
-5.319449e-05
-5.412238e-05
-6.766861e-05
-6.716891e-05
-3.427299e-05
-1.183616e-05
-3.410097e-05
-6.821042e-05
-5.872353e-05
-2.500853e-05
-5.482604e-05
-9.978238e-05
-7.733298e-05
-4.264628e-05
-3.017610e-05
-1.820294e-05
5.129973e-06
-1.441980e-05
-8.985052e-05
-1.235910e-04
-7.018175e-05
-3.006759e-06
-7.934935e-06
-4.617965e-05
-6.752943e-05
-7.445490e-05
-8.888745e-05
-8.962764e-05
-3.468875e-05
3.002361e-07
-3.152696e-05
-6.957333e-05
-5.701703e-05
-4.647983e-05
-7.893655e-05
-9.903986e-05
-8.265346e-05
-4.152601e-05
-1.859277e-05
-1.753283e-05
-2.825946e-05
-5.364437e-05
-9.851342e-05
-1.217569e-04
-8.058985e-05
-3.365369e-05
-3.477626e-05
-5.237256e-05
-4.257301e-05
-3.351934e-05
-7.563816e-05
-1.147688e-04
-8.055923e-05
-2.792689e-05
-3.034092e-05
-5.206687e-05
-3.865936e-05
-3.435759e-05
-8.755165e-05
-1.263625e-04
-9.861845e-05
-5.595397e-05
-5.314059e-05
-8.057679e-05
-8.091116e-05
-4.750381e-05
-5.136007e-05
-6.987928e-05
-5.622244e-05
-4.563941e-05
-6.074693e-05
-7.613671e-05
-6.670822e-05
-5.192283e-05
-6.581398e-05
-8.916408e-05
-9.670882e-05
-9.128822e-05
-9.510529e-05
-8.032972e-05
-3.877295e-05
-5.057804e-06
-4.727544e-05
-1.063078e-04
-8.739437e-05
-6.379638e-05
-8.639600e-05
-1.053321e-04
-7.480306e-05
-3.219310e-05
-6.065423e-05
-1.022189e-04
-1.075693e-04
-8.042081e-05
-7.072140e-05
-7.785228e-05
-6.727098e-05
-5.772566e-05
-6.517769e-05
-5.998324e-05
-3.999624e-05
-5.261253e-05
-1.099290e-04
-1.359508e-04
-9.713534e-05
-5.457257e-05
-6.262552e-05
-8.659148e-05
-8.532057e-05
-7.171088e-05
-7.484659e-05
-9.198788e-05
-9.591714e-05
-8.107865e-05
-9.996734e-05
-1.123956e-04
-7.417073e-05
-3.484595e-05
-3.854154e-05
-6.562144e-05
-8.702611e-05
-9.651092e-05
-1.010640e-04
-9.649821e-05
-7.034682e-05
-5.470531e-05
-1.094646e-04
-1.659659e-04
-1.313931e-04
-5.940103e-05
-3.742105e-05
-5.223403e-05
-5.728449e-05
-4.941215e-05
-8.590368e-05
-1.255302e-04
-1.025779e-04
-8.627318e-05
-1.295203e-04
-1.486983e-04
-8.959509e-05
-2.402050e-05
-3.078920e-05
-7.265559e-05
-1.096973e-04
-1.289568e-04
-1.270751e-04
-9.871843e-05
-4.181614e-05
-1.635256e-05
-7.151648e-05
-1.272779e-04
-1.167243e-04
-9.781541e-05
-1.064746e-04
-1.035767e-04
-8.584156e-05
-6.655300e-05
-7.861976e-05
-9.286636e-05
-8.558112e-05
-1.094299e-04
-1.541403e-04
-1.367355e-04
-6.440718e-05
-2.916198e-05
-6.494210e-05
-1.048261e-04
-1.009092e-04
-8.059939e-05
-1.106686e-04
-1.415262e-04
-1.233984e-04
-9.761359e-05
-9.120191e-05
-8.005234e-05
-6.956410e-05
-9.382915e-05
-1.469780e-04
-1.397198e-04
-8.144222e-05
-3.572254e-05
-5.623074e-05
-1.054074e-04
-1.179435e-04
-1.242181e-04
-1.300865e-04
-1.165295e-04
-9.299600e-05
-8.930499e-05
-1.205680e-04
-1.268596e-04
-9.310494e-05
-5.998595e-05
-8.047242e-05
-1.113124e-04
-1.112725e-04
-1.149084e-04
-1.272905e-04
-9.755887e-05
-4.651134e-05
-5.440342e-05
-1.279185e-04
-1.754891e-04
-1.429954e-04
-9.406939e-05
-9.120324e-05
-9.283676e-05
-9.725620e-05
-1.220168e-04
-1.523570e-04
-1.479447e-04
-9.730085e-05
-5.204031e-05
-7.658331e-05
-1.145523e-04
-1.026175e-04
-9.875339e-05
-1.390432e-04
-1.667532e-04
-1.424149e-04
-1.139624e-04
-1.104509e-04
-9.287765e-05
-5.734036e-05
-3.849082e-05
-9.572167e-05
-1.831190e-04
-2.016172e-04
-1.574517e-04
-9.864235e-05
-3.248430e-05
-1.322152e-05
-7.384223e-05
-1.473560e-04
-1.895403e-04
-1.750973e-04
-1.158818e-04
-8.881824e-05
-8.615951e-05
-8.835231e-05
-1.226395e-04
-1.747388e-04
-1.834124e-04
-1.388211e-04
-8.725386e-05
-7.723520e-05
-8.687315e-05
-7.370415e-05
-7.723880e-05
-1.224935e-04
-1.611305e-04
-1.671543e-04
-1.499849e-04
-1.411222e-04
-1.200973e-04
-8.372151e-05
-7.420888e-05
-1.147591e-04
-1.633622e-04
-1.529084e-04
-1.007247e-04
-9.734809e-05
-1.003885e-04
-7.408752e-05
-8.479405e-05
-1.520260e-04
-1.931147e-04
-1.768372e-04
-1.219140e-04
-6.907478e-05
-5.342877e-05
-5.993265e-05
-1.088986e-04
-1.822650e-04
-1.991240e-04
-1.375881e-04
-8.241931e-05
-1.029037e-04
-1.372242e-04
-1.219483e-04
-8.510991e-05
-8.414889e-05
-1.148379e-04
-1.458556e-04
-1.607339e-04
-1.694403e-04
-1.446381e-04
-7.780530e-05
-3.666930e-05
-9.619918e-05
-1.849150e-04
-1.976749e-04
-1.489034e-04
-1.028936e-04
-8.396479e-05
-7.846767e-05
-1.013758e-04
-1.507007e-04
-1.697239e-04
-1.385083e-04
-1.003536e-04
-1.112278e-04
-1.373598e-04
-1.215382e-04
-8.808881e-05
-9.735007e-05
-1.500929e-04
-1.820987e-04
-1.767333e-04
-1.598790e-04
-1.275649e-04
-8.200334e-05
-6.149123e-05
-1.133298e-04
-1.871913e-04
-1.726589e-04
-1.087797e-04
-9.976378e-05
-1.187188e-04
-1.164893e-04
-1.149017e-04
-1.525988e-04
-1.835873e-04
-1.701756e-04
-1.434021e-04
-1.367727e-04
-1.231386e-04
-8.753065e-05
-8.407242e-05
-1.317978e-04
-1.678244e-04
-1.470223e-04
-1.276739e-04
-1.465085e-04
-1.509197e-04
-1.052860e-04
-8.129739e-05
-1.436995e-04
-1.955679e-04
-1.583142e-04
-1.073921e-04
-1.135539e-04
-1.481536e-04
-1.485625e-04
-1.194956e-04
-1.093079e-04
-1.265378e-04
-1.465407e-04
-1.634236e-04
-1.668377e-04
-1.288047e-04
-7.466889e-05
-7.547242e-05
-1.437881e-04
-1.982383e-04
-1.928013e-04
-1.686376e-04
-1.444660e-04
-1.191543e-04
-8.984116e-05
-8.586350e-05
-1.382089e-04
-1.842729e-04
-1.680596e-04
-1.403453e-04
-1.566715e-04
-1.634219e-04
-1.151014e-04
-7.407065e-05
-1.075364e-04
-1.709485e-04
-1.890414e-04
-1.715519e-04
-1.475322e-04
-1.191762e-04
-8.393234e-05
-8.856731e-05
-1.581909e-04
-2.118824e-04
-1.972771e-04
-1.472736e-04
-1.250929e-04
-1.159583e-04
-7.830772e-05
-7.777558e-05
-1.464708e-04
-2.001634e-04
-1.862270e-04
-1.603747e-04
-1.558832e-04
-1.345139e-04
-8.145987e-05
-7.548764e-05
-1.462243e-04
-2.089419e-04
-1.917851e-04
-1.403930e-04
-1.377942e-04
-1.417137e-04
-9.278323e-05
-6.666239e-05
-1.344525e-04
-2.004906e-04
-1.895837e-04
-1.529916e-04
-1.420469e-04
-1.408182e-04
-1.150731e-04
-1.027951e-04
-1.445514e-04
-1.907450e-04
-1.750325e-04
-1.503103e-04
-1.555516e-04
-1.430036e-04
-1.022319e-04
-9.333573e-05
-1.411338e-04
-1.781505e-04
-1.723019e-04
-1.515586e-04
-1.494936e-04
-1.339322e-04
-9.424264e-05
-9.278154e-05
-1.533984e-04
-2.010799e-04
-1.763212e-04
-1.359164e-04
-1.244995e-04
-1.092456e-04
-9.643340e-05
-1.078075e-04
-1.496864e-04
-1.794548e-04
-1.685280e-04
-1.588432e-04
-1.660389e-04
-1.459114e-04
-8.898921e-05
-7.878299e-05
-1.387916e-04
-1.886367e-04
-1.876398e-04
-1.580254e-04
-1.498208e-04
-1.409284e-04
-8.776164e-05
-6.452976e-05
-1.176984e-04
-1.713403e-04
-1.740710e-04
-1.613177e-04
-1.682886e-04
-1.704102e-04
-1.430023e-04
-1.086739e-04
-1.157102e-04
-1.429650e-04
-1.538251e-04
-1.632455e-04
-1.828608e-04
-1.723108e-04
-1.186817e-04
-9.123308e-05
-1.223370e-04
-1.450399e-04
-1.260720e-04
-1.242747e-04
-1.725874e-04
-1.966350e-04
-1.611213e-04
-1.231619e-04
-1.245534e-04
-1.321536e-04
-1.210172e-04
-1.325103e-04
-1.743193e-04
-1.705802e-04
-1.194798e-04
-8.926331e-05
-1.140390e-04
-1.448167e-04
-1.393789e-04
-1.447365e-04
-1.758126e-04
-1.809667e-04
-1.379993e-04
-1.159976e-04
-1.447325e-04
-1.522295e-04
-1.332200e-04
-1.405160e-04
-1.704376e-04
-1.662177e-04
-1.147123e-04
-9.071284e-05
-1.326541e-04
-1.577269e-04
-1.373855e-04
-1.218068e-04
-1.447893e-04
-1.676634e-04
-1.558663e-04
-1.353707e-04
-1.426864e-04
-1.502788e-04
-1.216084e-04
-1.098941e-04
-1.446665e-04
-1.657338e-04
-1.405717e-04
-1.145585e-04
-1.320356e-04
-1.498963e-04
-1.445148e-04
-1.454117e-04
-1.668025e-04
-1.580064e-04
-1.153587e-04
-9.642978e-05
-1.306961e-04
-1.646404e-04
-1.490484e-04
-1.241435e-04
-1.405209e-04
-1.474836e-04
-9.973898e-05
-7.981581e-05
-1.327214e-04
-1.682912e-04
-1.476846e-04
-1.375557e-04
-1.669898e-04
-1.623792e-04
-1.173831e-04
-9.995063e-05
-1.380297e-04
-1.732049e-04
-1.714192e-04
-1.636423e-04
-1.625063e-04
-1.417417e-04
-8.729038e-05
-6.755701e-05
-1.203666e-04
-1.627039e-04
-1.383640e-04
-1.155604e-04
-1.389897e-04
-1.340730e-04
-9.389954e-05
-9.618519e-05
-1.434889e-04
-1.733042e-04
-1.755925e-04
-1.631071e-04
-1.525372e-04
-1.397131e-04
-1.033732e-04
-8.665413e-05
-1.178809e-04
-1.412680e-04
-1.306352e-04
-1.317197e-04
-1.579867e-04
-1.349420e-04
-8.654334e-05
-9.107342e-05
-1.304372e-04
-1.429786e-04
-1.301509e-04
-1.154567e-04
-1.248425e-04
-1.381545e-04
-1.237262e-04
-1.019027e-04
-1.130658e-04
-1.426194e-04
-1.405413e-04
-1.297499e-04
-1.500752e-04
-1.516081e-04
-1.096192e-04
-8.995113e-05
-1.257801e-04
-1.515545e-04
-1.528148e-04
-1.655579e-04
-1.844563e-04
-1.495307e-04
-7.449227e-05
-4.090991e-05
-7.477370e-05
-1.197815e-04
-1.232565e-04
-1.212883e-04
-1.435129e-04
-1.584225e-04
-1.470602e-04
-1.287653e-04
-1.480883e-04
-1.459512e-04
-1.049711e-04
-8.643518e-05
-1.053491e-04
-1.140024e-04
-8.814613e-05
-7.401035e-05
-1.059737e-04
-1.474869e-04
-1.529386e-04
-1.374694e-04
-1.388373e-04
-1.252232e-04
-7.570465e-05
-6.838522e-05
-1.377637e-04
-1.739559e-04
-1.435677e-04
-1.346732e-04
-1.607316e-04
-1.414868e-04
-6.378908e-05
-2.253255e-05
-8.163038e-05
-1.339902e-04
-1.067936e-04
-7.266408e-05
-1.008017e-04
-1.508871e-04
-1.367937e-04
-1.044920e-04
-1.317769e-04
-1.526905e-04
-1.119893e-04
-9.021751e-05
-1.271688e-04
-1.351248e-04
-9.384022e-05
-8.043652e-05
-1.092046e-04
-1.151816e-04
-9.494840e-05
-9.330652e-05
-1.205301e-04
-1.067048e-04
-5.803930e-05
-6.840235e-05
-1.325370e-04
-1.442229e-04
-9.536473e-05
-7.859485e-05
-1.201797e-04
-1.449184e-04
-1.152921e-04
-8.551472e-05
-8.846893e-05
-8.192855e-05
-5.724668e-05
-7.545106e-05
-1.409248e-04
-1.636939e-04
-1.096067e-04
-8.078595e-05
-1.197073e-04
-1.219188e-04
-7.218022e-05
-5.787581e-05
-9.900611e-05
-1.234707e-04
-9.427420e-05
-7.067444e-05
-9.944673e-05
-1.148252e-04
-5.438754e-05
7.700409e-06
-2.952179e-06
-5.888151e-05
-6.172136e-05
3.108131e-05
1.525461e-04
2.444871e-04
2.216263e-04
9.041067e-05
-3.909258e-05
-2.324795e-05
1.067500e-04
1.979417e-05
-2.352484e-04
-3.642587e-04
-1.442283e-04
3.519553e-04
4.796010e-04
2.305613e-04
-6.914640e-05
-1.401016e-04
-5.380357e-05
-5.922720e-05
-1.095809e-04
-1.683329e-04
1.424425e-04
7.932348e-04
1.102302e-03
1.077015e-03
4.616168e-04
-6.950515e-04
-1.274372e-03
-1.096493e-03
-9.237999e-04
-1.414960e-03
-2.319341e-03
-2.613669e-03
-2.025494e-03
-1.015412e-03
-7.360158e-04
-1.993132e-03
-2.799257e-03
-1.553969e-03
1.435720e-03
2.903404e-03
1.067299e-03
-1.272589e-03
-1.608995e-03
1.534682e-04
1.683750e-03
2.703509e-04
-2.837455e-03
-4.365582e-03
-3.718803e-03
-2.266130e-03
-9.555904e-04
-3.220185e-04
-1.486860e-03
-3.965459e-03
-3.657495e-03
6.677876e-04
4.435814e-03
4.611826e-03
1.231140e-03
-1.592408e-03
-1.148870e-03
7.149725e-04
1.852623e-03
-1.063690e-03
-4.172687e-03
-2.479862e-03
2.444773e-03
5.877164e-03
3.925600e-03
-5.511581e-04
-4.039141e-03
-5.039624e-03
-3.131029e-03
-1.550875e-03
-1.247525e-03
-2.666828e-03
-7.294619e-03
-1.411578e-02
-1.684914e-02
-9.256191e-03
1.390447e-03
3.631877e-03
-2.489117e-03
-8.066421e-03
-7.264468e-03
-3.725824e-03
-1.871572e-03
2.490763e-03
7.188769e-03
6.379139e-03
2.564033e-03
-1.211470e-03
-2.702412e-03
-5.482394e-04
2.956247e-04
-5.840514e-03
-1.253290e-02
-1.043297e-02
-4.760189e-03
-3.134089e-03
-5.722868e-03
-9.512333e-03
-1.259327e-02
-1.240135e-02
-6.412326e-03
1.409206e-03
5.593765e-03
4.480742e-03
2.660820e-03
5.491684e-03
7.231118e-03
3.827343e-03
1.989705e-03
1.422073e-03
-2.874691e-03
-8.516483e-03
-1.304309e-02
-6.877293e-03
1.126676e-02
2.555535e-02
1.962988e-02
1.466196e-03
-1.036745e-02
-1.888823e-02
-2.573162e-02
-2.202245e-02
-1.059874e-02
-3.422267e-03
-1.109044e-02
-2.619932e-02
-2.815242e-02
-1.170999e-02
1.382662e-02
2.967280e-02
2.622428e-02
1.770851e-02
1.236526e-02
1.236305e-02
1.378455e-02
1.083272e-02
5.952658e-03
-3.562100e-03
-9.814135e-03
-1.311226e-02
-1.792590e-02
-2.019972e-02
-2.681065e-02
-3.537879e-02
-3.432915e-02
-1.887263e-02
5.503747e-03
2.621198e-02
3.121701e-02
2.012418e-02
5.469711e-03
-2.679276e-04
5.368633e-03
5.676198e-03
-1.063635e-02
-3.409975e-02
-4.945396e-02
-5.465955e-02
-5.197587e-02
-3.299986e-02
-5.890037e-03
2.325507e-03
-1.268380e-02
-2.528719e-02
-1.438045e-02
7.836479e-03
1.333231e-02
2.284892e-04
-1.175317e-02
-7.599339e-03
1.064458e-02
2.407403e-02
1.120637e-03
-4.065374e-02
-5.357339e-02
-4.620569e-02
-3.841323e-02
-2.920693e-02
-2.378233e-02
-3.772080e-02
-5.623279e-02
-3.666131e-02
1.271889e-02
4.083602e-02
3.336557e-02
1.668940e-02
4.199511e-03
-5.586732e-03
-6.571212e-03
-9.116495e-03
-3.272434e-02
-6.181316e-02
-6.779574e-02
-5.806985e-02
-5.056792e-02
-4.107978e-02
-2.132218e-02
8.643147e-03
4.442150e-02
8.228538e-02
9.714400e-02
6.494130e-02
2.208310e-02
1.518293e-02
1.858444e-02
-1.508962e-02
-6.390099e-02
-7.638579e-02
-5.971251e-02
-3.930910e-02
-2.944005e-02
-3.797120e-02
-4.913727e-02
-5.376542e-02
-5.946761e-02
-7.179464e-02
-7.160401e-02
-4.084603e-02
1.061783e-02
4.590003e-02
3.945826e-02
2.508846e-02
3.108795e-02
2.911682e-02
5.631859e-03
-1.620514e-02
-2.095432e-02
-2.087729e-02
-2.900442e-02
-2.308291e-02
3.364017e-03
2.059362e-02
1.682224e-02
3.583233e-03
1.073487e-03
5.598233e-03
-2.641214e-03
-6.380479e-03
4.216595e-03
7.974443e-03
1.328949e-03
-5.923371e-03
-5.143111e-03
-1.026027e-02
-3.721714e-02
-4.844271e-02
-8.893479e-03
4.991450e-02
6.613556e-02
1.730657e-02
-4.837421e-02
-5.955387e-02
-3.387852e-03
6.574626e-02
9.556676e-02
6.766002e-02
1.177433e-02
-2.941881e-02
-5.090018e-02
-4.534022e-02
-1.007740e-02
1.365639e-02
-8.067094e-03
-3.950676e-02
-3.254001e-02
-8.857012e-03
-4.552575e-03
-1.268970e-02
-1.886059e-02
-2.955148e-02
-3.695380e-02
-1.780480e-02
1.814216e-02
4.584860e-02
4.558819e-02
3.521560e-03
-5.590099e-02
-9.322405e-02
-9.863804e-02
-7.558043e-02
-4.435935e-02
-2.172302e-02
-1.172772e-02
-2.992414e-02
-6.928081e-02
-8.720726e-02
-5.508736e-02
-3.605444e-03
-1.225407e-03
-5.513290e-02
-7.630988e-02
-2.054638e-02
4.468521e-02
5.425640e-02
1.415222e-02
-2.992473e-02
-5.130378e-02
-4.858428e-02
-3.264922e-02
-2.201784e-02
1.440103e-04
3.407397e-02
1.826431e-02
-7.232768e-02
-1.683348e-01
-1.897154e-01
-1.335678e-01
-5.958078e-02
-2.101945e-02
-1.340460e-02
7.554966e-03
5.027396e-02
8.773951e-02
9.414786e-02
5.209164e-02
-8.396149e-03
-3.755214e-02
-4.406282e-02
-6.556247e-02
-1.040944e-01
-1.149489e-01
-6.703455e-02
-1.080497e-02
1.179988e-02
1.864065e-02
2.522593e-02
1.940749e-02
-5.313999e-03
-2.048403e-02
-5.793951e-03
1.588850e-02
1.976681e-02
5.030183e-03
-3.605596e-03
3.401540e-02
1.079807e-01
1.630026e-01
1.777500e-01
1.745850e-01
1.654698e-01
1.244953e-01
6.590353e-02
8.171835e-02
1.805300e-01
2.714583e-01
3.122144e-01
3.304409e-01
3.376653e-01
3.261448e-01
3.287314e-01
3.734252e-01
4.147172e-01
4.031958e-01
3.725763e-01
3.674993e-01
3.782024e-01
3.869926e-01
3.837310e-01
3.590696e-01
3.048453e-01
2.423104e-01
2.170154e-01
2.300047e-01
2.403911e-01
2.374240e-01
2.312491e-01
2.324873e-01
2.396640e-01
2.484027e-01
2.656471e-01
2.830381e-01
2.901004e-01
2.998466e-01
3.144586e-01
3.130206e-01
2.859267e-01
2.443720e-01
2.021709e-01
1.609543e-01
1.195077e-01
8.234343e-02
4.193555e-02
-1.643005e-02
-7.423764e-02
-1.148423e-01
-1.598914e-01
-2.078023e-01
-2.310912e-01
-2.390556e-01
-2.665034e-01
-3.373241e-01
-4.500653e-01
-5.513658e-01
-5.650900e-01
-4.608278e-01
-2.944248e-01
-1.660282e-01
-1.224975e-01
-1.463133e-01
-2.050573e-01
-2.646519e-01
-3.065087e-01
-3.300906e-01
-3.259562e-01
-2.904652e-01
-2.502116e-01
-2.544543e-01
-3.200971e-01
-3.821567e-01
-3.684926e-01
-3.080152e-01
-2.508606e-01
-1.949123e-01
-1.577955e-01
-1.769851e-01
-2.365523e-01
-2.731784e-01
-2.432322e-01
-1.620589e-01
-1.016203e-01
-1.180575e-01
-2.004462e-01
-2.911057e-01
-3.296099e-01
-3.040425e-01
-2.680579e-01
-2.723787e-01
-2.891449e-01
-2.547973e-01
-1.775501e-01
-1.140267e-01
-1.053901e-01
-1.535259e-01
-2.169511e-01
-2.559331e-01
-2.450754e-01
-1.985068e-01
-1.689621e-01
-1.627528e-01
-1.354243e-01
-7.496484e-02
-1.419541e-02
2.384376e-02
5.334213e-02
9.966248e-02
1.533460e-01
1.848684e-01
1.923818e-01
2.001668e-01
2.128767e-01
2.121223e-01
2.029717e-01
2.084787e-01
2.230701e-01
2.213409e-01
1.986339e-01
1.694095e-01
1.578032e-01
1.670813e-01
1.717320e-01
1.721072e-01
1.904063e-01
2.192105e-01
2.483689e-01
2.899353e-01
3.349760e-01
3.675603e-01
3.956337e-01
4.166320e-01
4.117734e-01
3.728569e-01
3.171946e-01
2.670751e-01
2.075644e-01
1.414393e-01
1.130293e-01
9.060051e-02
5.808696e-03
-8.120171e-02
-9.027329e-02
-6.657527e-02
-8.845768e-02
-1.442333e-01
-1.554206e-01
-1.134678e-01
-8.815006e-02
-1.082939e-01
-1.538602e-01
-1.775610e-01
-1.550283e-01
-1.108283e-01
-8.572944e-02
-1.029467e-01
-1.290641e-01
-1.335131e-01
-1.326018e-01
-1.440868e-01
-1.606754e-01
-1.733137e-01
-1.880325e-01
-2.024206e-01
-1.820897e-01
-1.017928e-01
2.703333e-03
9.148857e-02
1.765253e-01
2.630547e-01
3.376321e-01
4.070612e-01
4.597010e-01
4.445516e-01
3.438104e-01
2.079105e-01
8.712655e-02
1.645632e-02
-1.196538e-02
-3.080223e-02
-3.397097e-02
7.104877e-03
8.408231e-02
1.562364e-01
2.034389e-01
2.381580e-01
2.770382e-01
3.020866e-01
2.746156e-01
1.981349e-01
1.155508e-01
5.405814e-02
1.910844e-02
1.271095e-02
2.989194e-02
5.930128e-02
9.822584e-02
1.521217e-01
2.060496e-01
2.408747e-01
2.591274e-01
2.597847e-01
2.374018e-01
2.052493e-01
1.707830e-01
1.159643e-01
4.394258e-02
-3.752566e-02
-1.218511e-01
-1.904544e-01
-2.248198e-01
-2.283908e-01
-2.257772e-01
-2.363243e-01
-2.585875e-01
-2.850454e-01
-3.224847e-01
-3.680297e-01
-3.813661e-01
-3.062543e-01
-1.595233e-01
-2.949572e-02
5.833256e-02
1.241012e-01
1.402307e-01
8.493766e-02
-3.196117e-03
-1.087937e-01
-2.286416e-01
-3.339576e-01
-4.105666e-01
-4.681248e-01
-5.034163e-01
-5.055957e-01
-4.709704e-01
-4.215223e-01
-3.944662e-01
-3.920074e-01
-3.914662e-01
-3.825201e-01
-3.409136e-01
-2.337297e-01
-7.860649e-02
6.749454e-02
1.755658e-01
2.581907e-01
3.377700e-01
4.072357e-01
4.397400e-01
4.464176e-01
4.517335e-01
4.385025e-01
3.867192e-01
3.184703e-01
2.559276e-01
2.011894e-01
1.640658e-01
1.495028e-01
1.340721e-01
9.504162e-02
4.569384e-02
8.808300e-03
-1.017410e-02
-2.894419e-02
-8.874610e-02
-2.216528e-01
-3.613625e-01
-3.977117e-01
-3.257302e-01
-2.333669e-01
-1.758020e-01
-1.425770e-01
-1.177426e-01
-1.060480e-01
-9.575175e-02
-6.381630e-02
-1.553655e-02
2.702161e-02
4.487093e-02
2.441685e-02
-3.764722e-02
-1.312285e-01
-2.326115e-01
-2.974935e-01
-3.129954e-01
-2.861042e-01
-2.199708e-01
-1.386843e-01
-7.994204e-02
-5.184957e-02
-2.394824e-02
2.242628e-02
7.317365e-02
1.111961e-01
1.555240e-01
2.076357e-01
2.341984e-01
2.299672e-01
2.163262e-01
2.041263e-01
1.978859e-01
2.028080e-01
2.224021e-01
2.524982e-01
2.829344e-01
3.049126e-01
2.845624e-01
1.988882e-01
1.070942e-01
6.977326e-02
5.176296e-02
4.011753e-03
-8.521547e-02
-1.976841e-01
-2.921296e-01
-3.426570e-01
-3.465739e-01
-3.210745e-01
-2.962330e-01
-2.831481e-01
-2.698981e-01
-2.489795e-01
-2.235295e-01
-1.912285e-01
-1.423700e-01
-8.419935e-02
-4.759450e-02
-5.503964e-02
-9.600780e-02
-1.288614e-01
-1.297269e-01
-1.256725e-01
-1.621023e-01
-2.247761e-01
-2.219460e-01
-1.326556e-01
-5.425599e-02
-2.871656e-02
-1.492482e-02
3.069507e-03
1.170729e-02
1.311625e-02
2.642684e-02
6.461461e-02
1.319845e-01
2.180218e-01
2.908105e-01
3.248580e-01
3.250710e-01
3.178106e-01
3.262072e-01
3.546442e-01
3.767816e-01
3.552331e-01
3.175563e-01
2.979663e-01
2.643683e-01
1.832582e-01
8.090087e-02
-2.216725e-02
-1.257524e-01
-2.178072e-01
-2.882891e-01
-3.403108e-01
-3.678503e-01
-3.541315e-01
-2.916380e-01
-2.031646e-01
-1.271982e-01
-8.545649e-02
-7.344911e-02
-9.397818e-02
-1.587261e-01
-2.470355e-01
-2.988584e-01
-2.631623e-01
-1.580368e-01
-5.871749e-02
-1.360278e-03
3.787523e-02
7.110636e-02
8.621293e-02
9.397344e-02
1.114826e-01
1.223510e-01
1.101442e-01
8.959524e-02
6.941039e-02
4.576780e-02
2.083222e-02
-1.058833e-02
-6.477534e-02
-1.296421e-01
-1.538122e-01
-1.121908e-01
-4.360572e-02
5.565450e-03
3.492219e-02
7.237372e-02
1.194131e-01
1.622649e-01
1.869687e-01
1.682847e-01
1.277692e-01
1.172013e-01
1.217542e-01
9.602013e-02
5.648212e-02
5.069184e-02
6.748395e-02
4.948519e-02
-2.498874e-02
-1.178869e-01
-1.868924e-01
-2.200614e-01
-1.978077e-01
-9.688516e-02
3.298040e-02
1.170312e-01
1.511241e-01
1.588529e-01
1.447038e-01
1.358501e-01
1.461641e-01
1.257063e-01
6.489583e-02
1.525231e-03
-6.403052e-02
-1.228210e-01
-1.503597e-01
-1.404591e-01
-1.100021e-01
-7.703869e-02
-3.874825e-02
2.882240e-03
3.173526e-02
4.836539e-02
6.018215e-02
7.579168e-02
8.659105e-02
6.278568e-02
8.389243e-03
-4.380417e-02
-8.444913e-02
-1.181123e-01
-1.329929e-01
-1.131815e-01
-6.565946e-02
-1.153466e-02
4.524162e-02
1.117346e-01
1.683290e-01
1.650300e-01
9.187656e-02
9.678441e-03
-2.955742e-02
-3.585201e-02
-3.161318e-02
-2.628412e-02
-2.504621e-02
-3.165286e-02
-4.892100e-02
-7.812873e-02
-1.279735e-01
-2.082167e-01
-2.918150e-01
-3.062855e-01
-2.044768e-01
-6.051760e-02
2.844615e-02
5.615813e-02
4.113773e-02
8.372062e-03
2.683506e-03
2.145797e-02
3.011436e-02
2.754812e-02
2.481127e-02
2.169286e-02
1.772208e-02
1.315049e-02
1.384461e-02
3.682151e-02
8.822723e-02
1.490960e-01
1.959701e-01
2.113749e-01
1.851532e-01
1.225631e-01
5.670141e-02
2.203162e-02
1.577592e-02
-2.781005e-03
-4.790161e-02
-6.598410e-02
-2.933578e-02
1.079528e-02
1.747373e-02
1.220790e-02
1.939354e-02
3.850224e-02
6.260884e-02
8.245949e-02
7.482530e-02
4.251969e-02
1.363197e-02
9.189456e-03
1.500459e-02
8.793201e-03
9.814798e-03
2.849376e-02
3.754210e-02
2.142000e-02
2.294471e-02
7.208385e-02
1.361930e-01
1.865332e-01
2.278420e-01
2.560447e-01
2.524892e-01
2.039274e-01
1.161686e-01
2.018113e-02
-5.912320e-02
-9.309019e-02
-4.774427e-02
5.693029e-02
1.512944e-01
2.135341e-01
2.657131e-01
3.051296e-01
3.284734e-01
3.582776e-01
4.033146e-01
4.358357e-01
4.314352e-01
4.042141e-01
3.746120e-01
3.259222e-01
2.513350e-01
1.818481e-01
1.555156e-01
1.809176e-01
2.235451e-01
2.557468e-01
2.808819e-01
3.074398e-01
3.218287e-01
3.070031e-01
2.782318e-01
2.639771e-01
2.636038e-01
2.573571e-01
2.399422e-01
2.237253e-01
2.252768e-01
2.556433e-01
3.017826e-01
3.369370e-01
3.603668e-01
3.785363e-01
3.547118e-01
2.453757e-01
9.174467e-02
-3.118597e-02
-1.147108e-01
-1.797846e-01
-1.823116e-01
-9.047789e-02
3.869550e-02
1.346188e-01
1.589193e-01
9.630057e-02
-4.194710e-02
-1.952577e-01
-3.120673e-01
-3.950045e-01
-4.686757e-01
-5.392236e-01
-5.890126e-01
-6.001655e-01
-5.835240e-01
-5.594864e-01
-5.343125e-01
-5.128394e-01
-4.984381e-01
-4.884214e-01
-4.879384e-01
-5.116666e-01
-5.640632e-01
-6.417331e-01
-7.449326e-01
-8.501401e-01
-9.064566e-01
-8.947355e-01
-8.389899e-01
-7.614349e-01
-6.707199e-01
-5.798426e-01
-4.898251e-01
-3.856856e-01
-2.751590e-01
-1.862075e-01
-1.223747e-01
-6.580609e-02
-1.791787e-02
9.207558e-03
2.154835e-02
3.485210e-02
5.932766e-02
1.032101e-01
1.735546e-01
2.715183e-01
3.843776e-01
4.830741e-01
5.377584e-01
5.273401e-01
4.704654e-01
4.394744e-01
4.618085e-01
4.941723e-01
5.153490e-01
5.300205e-01
5.400500e-01
5.293579e-01
4.802744e-01
4.013916e-01
3.256355e-01
2.795046e-01
2.460081e-01
1.676959e-01
1.830341e-02
-1.516651e-01
-2.669462e-01
-2.971316e-01
-2.785743e-01
-2.440826e-01
-2.008043e-01
-1.589111e-01
-1.316420e-01
-1.187619e-01
-1.159025e-01
-1.244881e-01
-1.448899e-01
-1.660210e-01
-1.810714e-01
-2.122606e-01
-2.621024e-01
-3.009970e-01
-3.143714e-01
-3.203873e-01
-3.325874e-01
-3.177985e-01
-2.331986e-01
-1.027046e-01
1.266880e-02
9.487485e-02
1.618899e-01
2.241422e-01
2.451445e-01
1.607040e-01
-3.002291e-03
-1.448178e-01
-2.287251e-01
-2.571120e-01
-2.221222e-01
-1.457163e-01
-7.082951e-02
-1.411244e-02
2.736797e-02
5.170858e-02
5.576355e-02
4.249011e-02
2.049237e-02
-4.551684e-03
-2.904915e-02
-4.664788e-02
-5.248290e-02
-4.636265e-02
-2.986599e-02
-7.035800e-03
1.652942e-02
3.706215e-02
5.334873e-02
6.366104e-02
6.623993e-02
6.141610e-02
4.846618e-02
2.269263e-02
-1.681516e-02
-5.010977e-02
-4.871628e-02
-1.181887e-03
8.197792e-02
1.717840e-01
2.420144e-01
2.875233e-01
3.223806e-01
3.424173e-01
3.068711e-01
2.219704e-01
1.505029e-01
1.142355e-01
9.138651e-02
6.272728e-02
2.627945e-02
-6.879354e-03
-2.721757e-02
-4.247174e-02
-5.856602e-02
-6.234347e-02
-3.678724e-02
1.648676e-02
7.588782e-02
1.225128e-01
1.423165e-01
1.259952e-01
7.665683e-02
1.302834e-02
-5.190671e-02
-1.141715e-01
-1.648849e-01
-1.944556e-01
-2.020004e-01
-1.985594e-01
-2.015610e-01
-2.155576e-01
-2.289723e-01
-2.342141e-01
-2.354782e-01
-2.406282e-01
-2.537440e-01
-2.742361e-01
-2.988618e-01
-3.261219e-01
-3.559667e-01
-3.794220e-01
-3.698910e-01
-3.071369e-01
-2.145931e-01
-1.406820e-01
-9.969419e-02
-6.285230e-02
-1.366901e-02
2.951336e-02
4.946584e-02
5.030337e-02
4.278590e-02
2.432204e-02
-1.555928e-02
-7.273877e-02
-1.219204e-01
-1.370003e-01
-1.137023e-01
-6.715795e-02
-1.592139e-02
3.129375e-02
7.471764e-02
1.159771e-01
1.547003e-01
1.812202e-01
1.677024e-01
1.103634e-01
5.914765e-02
4.675856e-02
6.509390e-02
9.610459e-02
1.202158e-01
1.330742e-01
1.437863e-01
1.579897e-01
1.739407e-01
1.867257e-01
1.951193e-01
2.010213e-01
2.084181e-01
2.231292e-01
2.424170e-01
2.496273e-01
2.379301e-01
2.172857e-01
1.886747e-01
1.427201e-01
8.179667e-02
2.052667e-02
-3.361363e-02
-7.779507e-02
-1.031193e-01
-1.006581e-01
-6.928003e-02
-1.036607e-02
7.108608e-02
1.552485e-01
2.238658e-01
2.721047e-01
3.021294e-01
3.120953e-01
2.886858e-01
2.301031e-01
1.611176e-01
1.000573e-01
4.122707e-02
-1.835144e-02
-6.531343e-02
-8.605180e-02
-8.506017e-02
-7.995704e-02
-8.040989e-02
-8.471744e-02
-9.120170e-02
-1.002422e-01
-1.124585e-01
-1.288770e-01
-1.363849e-01
-1.063041e-01
-3.868569e-02
2.540224e-02
5.865691e-02
6.510660e-02
5.122683e-02
1.957833e-02
-2.480742e-02
-7.423895e-02
-1.206152e-01
-1.607344e-01
-1.957268e-01
-2.238937e-01
-2.283363e-01
-1.845878e-01
-1.017892e-01
-1.948848e-02
4.151943e-02
8.556501e-02
1.192865e-01
1.468092e-01
1.726576e-01
1.932760e-01
1.817241e-01
1.120980e-01
8.677318e-03
-8.817320e-02
-1.721077e-01
-2.410125e-01
-2.850944e-01
-3.051105e-01
-2.992264e-01
-2.525491e-01
-1.628465e-01
-5.897561e-02
3.011553e-02
9.250064e-02
1.184885e-01
1.056417e-01
6.991988e-02
3.591532e-02
1.811351e-02
2.267457e-02
5.256789e-02
1.012852e-01
1.558318e-01
2.066433e-01
2.489500e-01
2.766792e-01
2.833981e-01
2.684362e-01
2.364486e-01
1.895949e-01
1.219099e-01
3.629254e-02
-4.631443e-02
-1.097058e-01
-1.504651e-01
-1.565042e-01
-1.083953e-01
-2.379513e-02
5.032638e-02
9.780997e-02
1.253569e-01
1.325449e-01
1.206078e-01
9.520470e-02
5.905000e-02
1.357690e-02
-3.654814e-02
-8.362316e-02
-1.196872e-01
-1.424310e-01
-1.562655e-01
-1.656521e-01
-1.727674e-01
-1.807378e-01
-1.930810e-01
-2.067885e-01
-2.133725e-01
-2.094794e-01
-2.007645e-01
-1.938946e-01
-1.890462e-01
-1.837307e-01
-1.766589e-01
-1.650366e-01
-1.460020e-01
-1.189406e-01
-8.174333e-02
-3.169663e-02
2.650650e-02
8.298048e-02
1.308799e-01
1.667397e-01
1.883718e-01
1.900713e-01
1.592752e-01
9.734513e-02
2.578641e-02
-3.972979e-02
-9.300904e-02
-1.283579e-01
-1.385263e-01
-1.187082e-01
-7.450536e-02
-1.739348e-02
4.429362e-02
1.025972e-01
1.513952e-01
1.885645e-01
2.134816e-01
2.240465e-01
2.161111e-01
1.855038e-01
1.368659e-01
8.559184e-02
4.381115e-02
1.293268e-02
-8.564680e-03
-1.540657e-02
-8.088735e-04
3.153005e-02
6.989810e-02
1.015383e-01
1.111006e-01
8.688562e-02
3.887988e-02
-9.139862e-03
-4.468045e-02
-6.829980e-02
-8.295823e-02
-9.234513e-02
-1.014836e-01
-1.087799e-01
-9.851841e-02
-5.606708e-02
6.159531e-03
5.986092e-02
9.272704e-02
1.078307e-01
1.082371e-01
9.419455e-02
6.780375e-02
3.451742e-02
-8.991088e-04
-3.505325e-02
-6.123580e-02
-7.177901e-02
-6.579705e-02
-4.675119e-02
-1.163912e-02
4.173474e-02
1.007208e-01
1.478804e-01
1.771529e-01
1.925292e-01
1.944053e-01
1.748235e-01
1.295302e-01
6.712731e-02
1.140174e-03
-5.958246e-02
-1.112030e-01
-1.503571e-01
-1.692731e-01
-1.630284e-01
-1.393485e-01
-1.116073e-01
-8.685670e-02
-6.209495e-02
-2.857558e-02
1.380010e-02
5.345239e-02
8.362866e-02
1.083268e-01
1.329343e-01
1.578257e-01
1.768344e-01
1.821778e-01
1.702842e-01
1.421625e-01
1.042294e-01
6.712068e-02
3.801295e-02
1.848882e-02
7.152730e-03
3.722692e-04
-5.037680e-03
-1.289115e-02
-2.721338e-02
-4.708761e-02
-6.715118e-02
-8.108939e-02
-8.364280e-02
-7.430824e-02
-6.094756e-02
-5.225529e-02
-4.953627e-02
-4.968567e-02
-4.954818e-02
-4.821510e-02
-4.483906e-02
-3.912252e-02
-3.564992e-02
-3.821521e-02
-4.708080e-02
-6.073992e-02
-7.306180e-02
-7.969406e-02
-8.652315e-02
-1.006039e-01
-1.193544e-01
-1.355466e-01
-1.433073e-01
-1.321492e-01
-9.327806e-02
-3.640594e-02
2.000692e-02
6.989014e-02
1.158003e-01
1.545641e-01
1.772960e-01
1.799309e-01
1.673277e-01
1.471612e-01
1.258431e-01
1.100659e-01
1.064847e-01
1.172487e-01
1.372224e-01
1.551281e-01
1.631100e-01
1.623600e-01
1.549609e-01
1.386212e-01
1.105760e-01
7.330644e-02
3.384267e-02
-2.726344e-03
-3.439941e-02
-5.707814e-02
-6.751191e-02
-6.717170e-02
-5.767505e-02
-4.346807e-02
-3.649411e-02
-4.543512e-02
-6.536393e-02
-8.924843e-02
-1.185341e-01
-1.521037e-01
-1.822833e-01
-2.048967e-01
-2.198834e-01
-2.268058e-01
-2.269056e-01
-2.239165e-01
-2.188799e-01
-2.081722e-01
-1.888301e-01
-1.639923e-01
-1.413557e-01
-1.243797e-01
-1.097766e-01
-9.533679e-02
-8.019060e-02
-6.238691e-02
-4.297335e-02
-2.480542e-02
-7.999623e-03
8.908538e-03
2.846623e-02
5.319108e-02
7.893997e-02
9.664905e-02
1.032527e-01
1.017498e-01
9.550654e-02
8.819895e-02
8.383229e-02
8.356700e-02
8.459693e-02
8.525591e-02
8.857745e-02
9.633996e-02
1.032171e-01
1.025687e-01
9.600079e-02
8.995979e-02
8.610713e-02
8.191685e-02
7.541256e-02
6.487293e-02
5.060716e-02
3.650796e-02
2.463355e-02
1.230796e-02
-3.417492e-03
-2.047027e-02
-3.174288e-02
-3.239998e-02
-2.374795e-02
-8.903856e-03
7.812669e-03
2.061744e-02
2.695759e-02
2.727634e-02
2.063148e-02
6.086618e-03
-1.392049e-02
-3.502877e-02
-5.372333e-02
-6.669143e-02
-7.148265e-02
-6.856689e-02
-5.882805e-02
-4.284065e-02
-2.432087e-02
-8.618651e-03
1.144141e-03
4.640289e-03
1.476155e-03
-1.093130e-02
-3.128908e-02
-4.946703e-02
-5.697793e-02
-5.723772e-02
-5.621007e-02
-5.358923e-02
-4.864148e-02
-4.424789e-02
-4.063038e-02
-3.368944e-02
-2.245384e-02
-1.300517e-02
-1.076135e-02
-1.242242e-02
-1.312128e-02
-1.500473e-02
-2.059533e-02
-2.888506e-02
-3.980641e-02
-5.480453e-02
-7.140587e-02
-8.284801e-02
-8.574143e-02
-8.386635e-02
-8.246940e-02
-8.078813e-02
-7.516043e-02
-6.630251e-02
-5.574201e-02
-4.184564e-02
-2.431174e-02
-5.410077e-03
1.419010e-02
3.442892e-02
5.354384e-02
6.972957e-02
8.112545e-02
8.676689e-02
8.573724e-02
7.478356e-02
5.410172e-02
2.872722e-02
2.744268e-03
-1.986037e-02
-3.365988e-02
-3.644858e-02
-3.000490e-02
-1.587911e-02
4.618031e-03
2.712969e-02
4.615143e-02
6.069953e-02
7.208823e-02
7.793995e-02
7.574730e-02
6.919253e-02
6.227773e-02
5.433984e-02
4.504034e-02
3.690355e-02
3.132157e-02
2.686871e-02
2.451882e-02
2.853610e-02
3.793740e-02
4.670347e-02
5.381414e-02
6.099445e-02
6.722645e-02
7.216119e-02
7.658389e-02
8.058188e-02
8.423467e-02
8.774922e-02
9.180935e-02
9.704833e-02
1.033942e-01
1.112804e-01
1.215340e-01
1.334668e-01
1.443550e-01
1.514616e-01
1.548895e-01
1.568767e-01
1.585780e-01
1.585530e-01
1.541055e-01
1.428152e-01
1.213255e-01
8.816881e-02
4.789360e-02
8.142901e-03
-2.441865e-02
-4.569542e-02
-5.393543e-02
-4.849836e-02
-3.162813e-02
-9.133365e-03
1.499966e-02
3.898407e-02
5.798991e-02
6.551175e-02
5.824706e-02
3.844287e-02
1.072903e-02
-2.102108e-02
-5.008369e-02
-6.945164e-02
-7.796263e-02
-7.910188e-02
-7.701770e-02
-7.419220e-02
-7.240043e-02
-7.353293e-02
-7.858138e-02
-8.732081e-02
-9.658351e-02
-9.995451e-02
-9.299847e-02
-7.741144e-02
-5.916250e-02
-4.418089e-02
-3.674091e-02
-3.912542e-02
-4.855686e-02
-5.919206e-02
-6.797760e-02
-7.247337e-02
-6.913764e-02
-5.783967e-02
-4.330209e-02
-3.037367e-02
-2.084315e-02
-1.598175e-02
-1.792451e-02
-2.488363e-02
-3.110525e-02
-3.319899e-02
-3.045232e-02
-2.231083e-02
-1.063926e-02
1.016161e-04
6.591958e-03
7.843266e-03
3.010133e-03
-8.390020e-03
-2.323126e-02
-3.632740e-02
-4.557083e-02
-5.082224e-02
-5.192354e-02
-5.083111e-02
-5.091431e-02
-5.289246e-02
-5.474770e-02
-5.530387e-02
-5.512421e-02
-5.290448e-02
-4.728826e-02
-4.228595e-02
-4.082476e-02
-4.201339e-02
-4.704487e-02
-5.679335e-02
-6.687104e-02
-7.085294e-02
-6.707171e-02
-5.903387e-02
-5.044613e-02
-4.408087e-02
-4.188938e-02
-4.298681e-02
-4.534859e-02
-4.848913e-02
-5.266610e-02
-5.763330e-02
-6.152506e-02
-6.411327e-02
-6.759995e-02
-6.910131e-02
-6.154670e-02
-4.419176e-02
-2.532453e-02
-1.070197e-02
2.007141e-04
6.131312e-03
5.003260e-03
-3.216854e-03
-1.797976e-02
-3.749637e-02
-5.721917e-02
-7.070380e-02
-7.413546e-02
-6.761144e-02
-5.330994e-02
-3.457130e-02
-1.652294e-02
-3.071109e-03
6.727521e-03
1.384795e-02
1.734525e-02
1.893384e-02
2.212626e-02
2.801259e-02
3.517938e-02
4.072411e-02
4.117378e-02
3.464624e-02
2.310565e-02
1.155584e-02
5.795058e-03
1.009476e-02
2.359852e-02
4.085745e-02
5.704972e-02
7.094038e-02
8.361335e-02
9.411071e-02
9.961942e-02
1.000362e-01
9.884467e-02
9.938200e-02
1.012887e-01
1.013776e-01
9.733702e-02
8.907458e-02
7.793013e-02
6.556389e-02
5.225808e-02
3.675262e-02
1.817236e-02
-2.071178e-03
-1.983467e-02
-3.048893e-02
-3.079416e-02
-2.153548e-02
-9.417284e-03
-1.919573e-03
-2.889768e-03
-1.084757e-02
-2.173560e-02
-3.497341e-02
-4.865622e-02
-5.495460e-02
-5.060392e-02
-4.287816e-02
-3.568682e-02
-2.911688e-02
-2.792579e-02
-3.140440e-02
-3.384831e-02
-3.218458e-02
-2.448747e-02
-8.459440e-03
1.709575e-02
4.615286e-02
6.772289e-02
7.873048e-02
8.172849e-02
7.369224e-02
5.578750e-02
4.031810e-02
3.558260e-02
4.016741e-02
5.100350e-02
6.569411e-02
7.887140e-02
8.596022e-02
8.944418e-02
9.270928e-02
9.262021e-02
8.533664e-02
7.269760e-02
5.946797e-02
4.689086e-02
3.308196e-02
1.922639e-02
8.474532e-03
1.239631e-03
-3.079023e-03
-4.362242e-03
-4.573961e-03
-7.779026e-03
-1.568154e-02
-2.682237e-02
-3.809706e-02
-4.466214e-02
-4.461390e-02
-4.317155e-02
-4.680671e-02
-5.626899e-02
-6.876034e-02
-8.256894e-02
-9.541432e-02
-1.005075e-01
-9.011267e-02
-6.562399e-02
-3.881326e-02
-1.953229e-02
-1.034110e-02
-9.441889e-03
-1.316022e-02
-1.721485e-02
-1.903976e-02
-1.942357e-02
-2.042041e-02
-2.394838e-02
-3.149957e-02
-4.104827e-02
-4.745081e-02
-4.709013e-02
-3.922095e-02
-2.533165e-02
-7.822155e-03
1.143665e-02
3.003944e-02
4.446502e-02
5.250929e-02
5.345136e-02
4.711420e-02
3.599228e-02
2.348402e-02
1.032002e-02
-2.334938e-03
-1.015350e-02
-8.996498e-03
7.105317e-04
1.452691e-02
2.826966e-02
3.940914e-02
4.566722e-02
4.550507e-02
3.886902e-02
2.649957e-02
1.015095e-02
-4.911629e-03
-1.182321e-02
-9.440952e-03
-3.964074e-03
-1.621843e-03
-3.512955e-03
-8.042353e-03
-1.394035e-02
-2.022655e-02
-2.626263e-02
-3.139148e-02
-3.311487e-02
-2.954866e-02
-2.298197e-02
-1.706831e-02
-1.340912e-02
-1.220434e-02
-1.254907e-02
-1.260002e-02
-1.098392e-02
-7.851448e-03
-5.328080e-03
-5.175401e-03
-4.955376e-03
-5.037277e-04
7.769566e-03
1.428352e-02
1.394087e-02
7.122870e-03
-3.025460e-03
-1.521754e-02
-2.763660e-02
-3.698641e-02
-4.258059e-02
-4.430305e-02
-3.924261e-02
-2.631650e-02
-1.044325e-02
2.020078e-03
9.083803e-03
1.145202e-02
9.770250e-03
6.728244e-03
5.996193e-03
6.484582e-03
4.219671e-03
-8.483194e-04
-6.169426e-03
-1.105317e-02
-1.602149e-02
-2.071020e-02
-2.503326e-02
-3.048618e-02
-3.698709e-02
-4.153920e-02
-4.228371e-02
-4.006898e-02
-3.544618e-02
-2.816877e-02
-1.885769e-02
-8.143526e-03
3.271439e-03
1.296870e-02
1.700816e-02
1.436124e-02
1.021094e-02
9.541331e-03
1.129655e-02
1.254054e-02
1.266846e-02
1.243580e-02
1.149330e-02
8.040719e-03
2.300018e-03
-3.927109e-03
-1.153249e-02
-2.201359e-02
-3.415468e-02
-4.546680e-02
-5.394709e-02
-5.815072e-02
-5.652634e-02
-4.850640e-02
-3.695207e-02
-2.666738e-02
-2.060445e-02
-1.877179e-02
-1.880016e-02
-1.628372e-02
-8.456232e-03
2.681735e-03
1.299494e-02
1.903333e-02
2.000866e-02
1.758376e-02
1.265310e-02
4.944907e-03
-4.501827e-03
-1.402790e-02
-2.300023e-02
-3.114027e-02
-3.811918e-02
-4.234460e-02
-4.139997e-02
-3.526842e-02
-2.539183e-02
-1.274429e-02
1.418425e-03
1.615940e-02
3.151418e-02
4.548321e-02
5.251475e-02
4.843038e-02
3.563326e-02
2.185067e-02
1.354549e-02
1.159352e-02
1.321426e-02
1.550596e-02
1.688076e-02
1.801876e-02
2.081573e-02
2.687142e-02
3.649481e-02
4.768333e-02
5.861040e-02
6.825493e-02
7.313033e-02
6.801109e-02
5.281344e-02
3.489899e-02
2.088668e-02
1.257634e-02
1.189478e-02
1.954332e-02
2.999091e-02
3.591115e-02
3.332046e-02
2.144296e-02
4.792126e-03
-7.257137e-03
-6.994887e-03
5.697407e-03
2.466509e-02
4.473016e-02
6.294185e-02
7.455450e-02
7.593028e-02
6.997154e-02
6.193264e-02
5.255378e-02
4.080377e-02
2.948710e-02
2.298952e-02
2.193042e-02
2.338916e-02
2.395154e-02
2.087032e-02
1.416788e-02
8.730864e-03
9.387815e-03
1.489374e-02
2.097502e-02
2.626145e-02
3.322473e-02
4.513213e-02
6.016725e-02
7.175376e-02
7.577316e-02
7.238784e-02
6.401927e-02
5.350513e-02
4.342937e-02
3.521789e-02
2.900275e-02
2.613383e-02
2.884949e-02
3.647004e-02
4.406331e-02
4.684215e-02
4.344831e-02
3.391916e-02
2.010641e-02
7.057464e-03
-1.770464e-03
-5.673936e-03
-4.744061e-03
-1.103332e-03
8.974134e-04
-7.428865e-04
-2.753070e-03
-1.601480e-03
1.187419e-03
3.567457e-03
7.935951e-03
1.617042e-02
2.569700e-02
3.154382e-02
3.034321e-02
2.298955e-02
1.411533e-02
8.015111e-03
4.141076e-03
-1.458348e-03
-1.017817e-02
-2.028313e-02
-3.087927e-02
-4.023704e-02
-4.504136e-02
-4.337298e-02
-3.626069e-02
-2.658765e-02
-1.657371e-02
-8.910500e-03
-7.126032e-03
-9.874346e-03
-1.170629e-02
-1.062641e-02
-8.130149e-03
-4.019466e-03
2.338868e-03
8.728909e-03
1.273075e-02
1.471153e-02
1.504102e-02
1.217597e-02
6.661660e-03
2.817515e-03
2.790847e-03
3.210380e-03
-3.557420e-04
-8.249837e-03
-1.740423e-02
-2.562669e-02
-3.153347e-02
-3.381537e-02
-3.337988e-02
-3.145226e-02
-2.825342e-02
-2.493592e-02
-2.339298e-02
-2.443803e-02
-2.646941e-02
-2.781524e-02
-2.993769e-02
-3.437126e-02
-3.919498e-02
-4.175222e-02
-4.198660e-02
-4.110122e-02
-4.026135e-02
-4.083064e-02
-4.325943e-02
-4.548128e-02
-4.403613e-02
-3.791408e-02
-2.956097e-02
-2.222861e-02
-1.754677e-02
-1.357069e-02
-5.727858e-03
7.849009e-03
2.356379e-02
3.643588e-02
4.361605e-02
4.282223e-02
3.280683e-02
1.641306e-02
-4.589164e-04
-1.380459e-02
-2.260523e-02
-2.620721e-02
-2.563709e-02
-2.361403e-02
-1.965315e-02
-1.124326e-02
5.438721e-04
1.101171e-02
1.624219e-02
1.511152e-02
8.062460e-03
-2.606608e-03
-1.259289e-02
-2.025806e-02
-2.829362e-02
-3.789688e-02
-4.639246e-02
-5.031809e-02
-4.673777e-02
-3.492097e-02
-1.771917e-02
1.060816e-03
1.871705e-02
3.191231e-02
3.594740e-02
2.765056e-02
9.396045e-03
-1.081817e-02
-2.646957e-02
-3.695533e-02
-4.164559e-02
-3.774206e-02
-2.550527e-02
-1.003608e-02
3.270175e-03
1.136916e-02
1.271692e-02
8.792771e-03
3.365040e-03
-1.209202e-03
-5.323332e-03
-1.020071e-02
-1.556188e-02
-2.030462e-02
-2.396704e-02
-2.651117e-02
-2.616036e-02
-2.016129e-02
-9.269339e-03
1.174057e-03
6.052795e-03
6.249766e-03
6.425325e-03
7.425891e-03
5.911854e-03
-2.191694e-04
-9.167705e-03
-1.587745e-02
-1.474508e-02
-4.243513e-03
9.730131e-03
1.891608e-02
2.171753e-02
2.425853e-02
2.890372e-02
2.989945e-02
2.653773e-02
2.298474e-02
1.602922e-02
3.282715e-03
-7.360444e-03
-1.077410e-02
-1.084589e-02
-1.016041e-02
-9.107307e-03
-1.128689e-02
-1.740133e-02
-2.174608e-02
-2.078656e-02
-1.800543e-02
-1.741366e-02
-1.654358e-02
-1.129252e-02
-4.267140e-03
-5.328404e-04
-2.453842e-03
-1.036753e-02
-2.078447e-02
-2.675070e-02
-2.588025e-02
-2.258755e-02
-2.035811e-02
-1.985066e-02
-2.150689e-02
-2.497800e-02
-2.894092e-02
-3.140196e-02
-3.117445e-02
-2.918573e-02
-2.625951e-02
-2.330945e-02
-2.154636e-02
-2.058714e-02
-1.969234e-02
-1.815968e-02
-1.604236e-02
-1.364546e-02
-1.079091e-02
-9.387702e-03
-1.081786e-02
-1.330131e-02
-1.404975e-02
-1.124578e-02
-6.593283e-03
-3.723970e-03
-3.113863e-03
-3.510535e-03
-3.225811e-03
1.362375e-04
6.271577e-03
1.146582e-02
1.322602e-02
1.356247e-02
1.433460e-02
1.460898e-02
1.273615e-02
7.788203e-03
-6.628180e-05
-1.071311e-02
-2.062237e-02
-2.224477e-02
-1.383517e-02
-1.389122e-03
9.889337e-03
1.850959e-02
2.402657e-02
2.600099e-02
2.574382e-02
2.481375e-02
2.037027e-02
1.080204e-02
1.267748e-03
-3.807350e-03
-5.081319e-03
-5.472583e-03
-7.791350e-03
-1.317125e-02
-2.011066e-02
-2.331017e-02
-1.919659e-02
-1.184004e-02
-8.014052e-03
-9.862639e-03
-1.499385e-02
-2.043831e-02
-2.430635e-02
-2.513504e-02
-2.245912e-02
-1.789475e-02
-1.263759e-02
-6.500463e-03
5.432219e-05
6.024433e-03
1.040195e-02
1.225453e-02
1.027088e-02
4.252547e-03
-2.683850e-03
-6.007426e-03
-3.479981e-03
3.555862e-03
1.317665e-02
2.433565e-02
3.348847e-02
3.532980e-02
2.984415e-02
2.305890e-02
1.901954e-02
1.854858e-02
2.330555e-02
3.335026e-02
4.377245e-02
4.952440e-02
5.075369e-02
4.889859e-02
4.253174e-02
3.085242e-02
1.540686e-02
-1.248992e-03
-1.427938e-02
-1.900837e-02
-1.479386e-02
-3.978690e-03
9.018287e-03
1.943788e-02
2.367663e-02
2.022849e-02
1.200658e-02
4.133519e-03
-6.667996e-04
-3.309613e-03
-4.781327e-03
-5.472555e-03
-7.784974e-03
-1.366279e-02
-2.173399e-02
-2.839840e-02
-3.112215e-02
-3.060003e-02
-2.654967e-02
-1.682187e-02
-5.159147e-03
1.569802e-03
3.423276e-03
4.358196e-03
3.954600e-03
-2.190820e-03
-1.508734e-02
-3.107299e-02
-4.653758e-02
-5.640429e-02
-5.427688e-02
-3.990881e-02
-2.046228e-02
-2.453494e-03
1.178698e-02
2.118456e-02
2.335679e-02
1.619309e-02
2.074025e-03
-1.324113e-02
-2.544781e-02
-3.159183e-02
-3.007458e-02
-2.325031e-02
-1.534521e-02
-9.117357e-03
-5.848616e-03
-5.738887e-03
-7.691877e-03
-1.054364e-02
-1.340547e-02
-1.464110e-02
-1.325634e-02
-1.078498e-02
-9.408294e-03
-9.138091e-03
-8.696032e-03
-7.765105e-03
-7.311830e-03
-7.229124e-03
-5.499112e-03
-7.116044e-04
7.098824e-03
1.674946e-02
2.588675e-02
3.251218e-02
3.505655e-02
3.133314e-02
2.136903e-02
9.235937e-03
2.793113e-04
-8.335814e-04
6.566091e-03
1.835685e-02
3.057762e-02
4.082744e-02
4.835655e-02
5.462054e-02
6.050905e-02
6.447496e-02
6.431214e-02
5.940175e-02
5.100314e-02
4.145377e-02
3.284025e-02
2.584860e-02
1.982292e-02
1.319655e-02
5.200413e-03
-2.273420e-03
-6.923856e-03
-9.998620e-03
-1.445190e-02
-2.012890e-02
-2.352040e-02
-1.943943e-02
-4.876178e-03
1.577099e-02
3.399573e-02
4.339381e-02
4.113377e-02
2.826102e-02
9.734738e-03
-7.197469e-03
-1.685786e-02
-1.742003e-02
-9.503115e-03
4.321781e-03
1.981302e-02
3.233873e-02
3.965297e-02
4.408216e-02
4.862305e-02
5.294537e-02
5.596957e-02
5.802896e-02
5.873336e-02
5.600902e-02
4.911338e-02
4.138402e-02
3.812012e-02
4.114321e-02
4.709581e-02
5.075670e-02
4.907562e-02
4.337931e-02
3.779065e-02
3.461592e-02
3.041007e-02
1.897020e-02
7.623428e-04
-1.498483e-02
-1.967962e-02
-1.120906e-02
3.695310e-03
1.419296e-02
1.521741e-02
7.108660e-03
-6.866899e-03
-1.658647e-02
-1.130574e-02
5.798676e-03
2.243662e-02
3.119831e-02
2.987762e-02
1.799968e-02
-1.381159e-03
-2.285230e-02
-4.183120e-02
-5.570520e-02
-6.223484e-02
-5.976275e-02
-4.820028e-02
-2.972490e-02
-1.088293e-02
3.233169e-04
1.064052e-03
-5.297995e-03
-1.416848e-02
-2.303595e-02
-2.918121e-02
-2.996670e-02
-2.672362e-02
-2.326241e-02
-2.056476e-02
-1.825656e-02
-1.770375e-02
-1.823736e-02
-1.667998e-02
-1.322807e-02
-1.228183e-02
-1.600826e-02
-2.154966e-02
-2.443624e-02
-2.245690e-02
-1.765264e-02
-1.418709e-02
-1.418781e-02
-1.783532e-02
-2.474190e-02
-3.295645e-02
-3.939962e-02
-4.108644e-02
-3.673668e-02
-2.860777e-02
-2.020423e-02
-1.382424e-02
-1.061210e-02
-9.812481e-03
-8.967772e-03
-6.727417e-03
-4.116761e-03
-2.613531e-03
-3.456689e-03
-7.300012e-03
-1.255120e-02
-1.592026e-02
-1.445811e-02
-7.500508e-03
2.611408e-03
1.166216e-02
1.495968e-02
9.047195e-03
-4.778472e-03
-2.048176e-02
-3.175195e-02
-3.457621e-02
-2.845929e-02
-1.700832e-02
-5.431110e-03
2.605269e-03
5.714754e-03
4.203050e-03
-1.138243e-03
-9.515466e-03
-1.924081e-02
-2.760635e-02
-3.292015e-02
-3.502756e-02
-3.316418e-02
-2.642391e-02
-1.594661e-02
-4.924472e-03
2.868811e-03
4.911510e-03
1.143944e-03
-6.713296e-03
-1.579633e-02
-2.298166e-02
-2.660810e-02
-2.678308e-02
-2.422067e-02
-1.986348e-02
-1.524413e-02
-1.194056e-02
-1.078252e-02
-1.045333e-02
-8.399904e-03
-4.327013e-03
3.338220e-04
5.472310e-03
1.141128e-02
1.659553e-02
1.913899e-02
1.929820e-02
1.868028e-02
1.728172e-02
1.374925e-02
7.965640e-03
1.362170e-03
-4.213431e-03
-7.261923e-03
-5.699684e-03
2.109414e-03
1.421235e-02
2.637754e-02
3.478527e-02
3.727111e-02
3.399615e-02
2.637832e-02
1.621988e-02
5.994333e-03
-1.675306e-03
-4.550585e-03
-2.028218e-03
3.329250e-03
7.548306e-03
7.607554e-03
2.609884e-03
-6.123068e-03
-1.598280e-02
-2.353229e-02
-2.583055e-02
-2.297393e-02
-1.689399e-02
-8.302542e-03
2.597634e-03
1.347868e-02
2.022180e-02
2.108334e-02
1.829206e-02
1.383809e-02
7.678530e-03
8.740730e-04
-3.337702e-03
-2.453496e-03
2.752586e-03
9.396849e-03
1.519671e-02
1.914808e-02
2.060672e-02
1.929432e-02
1.687806e-02
1.647926e-02
1.986154e-02
2.469268e-02
2.589586e-02
2.187905e-02
1.743698e-02
1.626142e-02
1.562431e-02
1.374176e-02
1.314264e-02
1.326215e-02
1.046375e-02
5.296024e-03
1.198289e-03
5.400638e-05
1.955326e-03
7.894587e-03
1.828650e-02
2.759429e-02
3.099828e-02
3.119422e-02
2.947403e-02
2.236431e-02
1.057977e-02
-1.431423e-03
-1.238401e-02
-2.096813e-02
-2.295531e-02
-1.635813e-02
-4.391868e-03
7.092067e-03
1.401095e-02
1.608643e-02
1.382156e-02
8.482948e-03
2.756233e-03
-3.286298e-03
-1.130029e-02
-2.055083e-02
-2.885989e-02
-3.492148e-02
-3.780736e-02
-3.745491e-02
-3.589745e-02
-3.378453e-02
-2.877395e-02
-1.962205e-02
-8.447688e-03
2.010506e-03
1.055961e-02
1.566957e-02
1.551671e-02
1.059869e-02
2.432074e-03
-7.757204e-03
-1.863755e-02
-2.812464e-02
-3.353745e-02
-3.440949e-02
-3.215744e-02
-2.732328e-02
-2.011260e-02
-1.199592e-02
-5.156638e-03
-1.116377e-03
4.788998e-05
-1.567865e-03
-5.570708e-03
-9.973872e-03
-1.288302e-02
-1.376033e-02
-1.292430e-02
-1.122456e-02
-9.097623e-03
-6.305704e-03
-3.896185e-03
-3.696601e-03
-5.836200e-03
-1.027721e-02
-1.651825e-02
-2.145976e-02
-2.124530e-02
-1.416563e-02
-2.450614e-03
9.146694e-03
1.690329e-02
1.943125e-02
1.719601e-02
1.165552e-02
4.703607e-03
-1.680246e-03
-6.062486e-03
-8.240575e-03
-9.355143e-03
-1.126326e-02
-1.415274e-02
-1.614366e-02
-1.557714e-02
-1.231372e-02
-7.846080e-03
-3.416856e-03
2.051674e-03
9.315091e-03
1.619932e-02
2.080294e-02
2.265577e-02
1.997105e-02
1.120472e-02
-9.118623e-04
-1.104691e-02
-1.585559e-02
-1.482150e-02
-9.304425e-03
-1.443455e-03
6.680449e-03
1.365900e-02
1.899994e-02
2.172315e-02
2.092343e-02
1.866008e-02
1.737553e-02
1.596767e-02
1.266094e-02
7.586498e-03
1.418222e-03
-5.380622e-03
-1.242372e-02
-1.859888e-02
-2.247733e-02
-2.317795e-02
-1.977924e-02
-1.230299e-02
-2.625048e-03
6.750534e-03
1.363389e-02
1.681700e-02
1.609147e-02
1.196746e-02
6.675570e-03
3.331276e-03
2.992421e-03
4.495245e-03
6.003840e-03
6.507622e-03
6.276340e-03
6.392943e-03
8.692135e-03
1.322411e-02
1.712773e-02
1.864471e-02
1.888950e-02
1.903725e-02
1.957342e-02
2.069678e-02
2.166463e-02
2.131705e-02
1.906846e-02
1.552271e-02
1.143746e-02
7.279588e-03
4.355584e-03
3.693945e-03
4.416891e-03
5.404370e-03
6.541220e-03
7.761772e-03
9.557357e-03
1.332212e-02
1.958397e-02
2.659381e-02
3.156195e-02
3.301444e-02
3.129836e-02
2.726686e-02
2.143190e-02
1.453843e-02
8.132879e-03
3.313915e-03
1.009911e-03
3.306280e-03
9.549791e-03
1.612913e-02
2.134663e-02
2.446237e-02
2.530395e-02
2.499190e-02
2.375864e-02
2.210225e-02
2.153953e-02
2.292433e-02
2.547325e-02
2.690703e-02
2.568063e-02
2.244153e-02
1.858562e-02
1.440050e-02
9.532042e-03
3.955164e-03
-1.675942e-03
-5.582341e-03
-5.843594e-03
-3.104288e-03
2.456568e-04
3.777421e-03
7.929533e-03
1.053814e-02
9.752816e-03
7.159415e-03
5.528146e-03
5.752321e-03
6.557963e-03
6.695095e-03
5.183245e-03
1.668149e-03
-2.503727e-03
-5.621647e-03
-6.844726e-03
-6.457177e-03
-5.394099e-03
-4.549320e-03
-4.899723e-03
-7.418699e-03
-1.205790e-02
-1.730016e-02
-2.071583e-02
-2.035924e-02
-1.644614e-02
-1.080399e-02
-5.349589e-03
-1.401613e-03
4.861916e-04
7.668268e-04
1.029600e-03
2.080836e-03
2.862567e-03
2.397332e-03
3.812356e-04
-3.411913e-03
-8.746846e-03
-1.464812e-02
-1.965205e-02
-2.265671e-02
-2.363374e-02
-2.254211e-02
-1.858793e-02
-1.175478e-02
-4.188377e-03
8.407748e-04
9.477944e-04
-3.875051e-03
-1.113180e-02
-1.829724e-02
-2.418185e-02
-2.848998e-02
-3.188537e-02
-3.349125e-02
-2.901420e-02
-1.557314e-02
2.849472e-03
1.909143e-02
2.944564e-02
3.344422e-02
3.044879e-02
2.016041e-02
4.857853e-03
-1.206041e-02
-2.943542e-02
-4.739123e-02
-6.468360e-02
-7.941486e-02
-8.904470e-02
-8.969780e-02
-7.820239e-02
-5.549598e-02
-2.705381e-02
8.302237e-04
2.353944e-02
3.795832e-02
4.192338e-02
3.431407e-02
1.667323e-02
-6.739110e-03
-3.041413e-02
-4.979353e-02
-6.415158e-02
-7.418725e-02
-7.900161e-02
-7.835831e-02
-7.322367e-02
-6.304356e-02
-4.728453e-02
-2.835654e-02
-9.618030e-03
6.809196e-03
1.889573e-02
2.474786e-02
2.437489e-02
1.917161e-02
1.023591e-02
-1.359830e-03
-1.299491e-02
-2.129395e-02
-2.539722e-02
-2.710255e-02
-2.733679e-02
-2.552741e-02
-2.227923e-02
-1.918721e-02
-1.671113e-02
-1.467779e-02
-1.351664e-02
-1.297867e-02
-1.223198e-02
-1.139397e-02
-1.003506e-02
-7.063597e-03
-2.888064e-03
9.510647e-04
3.022021e-03
2.793065e-03
8.844037e-04
-2.961763e-03
-9.500579e-03
-1.717006e-02
-2.256416e-02
-2.305049e-02
-1.880396e-02
-1.239950e-02
-5.783165e-03
9.556261e-04
8.200297e-03
1.538550e-02
2.084665e-02
2.323055e-02
2.251195e-02
1.957241e-02
1.577934e-02
1.261059e-02
1.203269e-02
1.557273e-02
2.211976e-02
2.863444e-02
3.187734e-02
2.982137e-02
2.333946e-02
1.583389e-02
9.915541e-03
5.869822e-03
3.761878e-03
3.859143e-03
5.642212e-03
8.603538e-03
1.269579e-02
1.780847e-02
2.315836e-02
2.722502e-02
2.890132e-02
2.885520e-02
2.883815e-02
2.934976e-02
2.929544e-02
2.744063e-02
2.404607e-02
2.024489e-02
1.652617e-02
1.380363e-02
1.394857e-02
1.824879e-02
2.587174e-02
3.452595e-02
4.204420e-02
4.635605e-02
4.614686e-02
4.248215e-02
3.759138e-02
3.303488e-02
2.950449e-02
2.649810e-02
2.288148e-02
1.850650e-02
1.451505e-02
1.209799e-02
1.095462e-02
1.007689e-02
9.858755e-03
1.158186e-02
1.546155e-02
2.024898e-02
2.432841e-02
2.707654e-02
2.803000e-02
2.566119e-02
1.936433e-02
1.129048e-02
4.382548e-03
-2.329900e-04
-2.623493e-03
-2.693593e-03
-5.118702e-04
3.136877e-03
6.982880e-03
9.983222e-03
1.114140e-02
9.177631e-03
4.233083e-03
-1.591146e-03
-5.902406e-03
-7.066907e-03
-5.455605e-03
-3.377928e-03
-2.683458e-03
-3.364534e-03
-4.096647e-03
-4.472718e-03
-4.863852e-03
-4.565074e-03
-3.700099e-03
-4.013342e-03
-6.560611e-03
-1.086416e-02
-1.522822e-02
-1.781928e-02
-1.817136e-02
-1.657935e-02
-1.381017e-02
-1.114036e-02
-8.434259e-03
-4.454833e-03
4.560206e-04
3.720716e-03
2.957301e-03
-1.558386e-03
-7.542724e-03
-1.307590e-02
-1.742876e-02
-2.025099e-02
-2.096756e-02
-1.896381e-02
-1.408123e-02
-7.237415e-03
-4.900810e-04
3.633682e-03
3.746679e-03
7.342672e-04
-3.451805e-03
-7.448790e-03
-1.034118e-02
-1.105556e-02
-8.751930e-03
-3.755878e-03
2.276682e-03
7.501273e-03
1.047714e-02
1.007463e-02
6.009796e-03
-6.051137e-04
-7.487522e-03
-1.258870e-02
-1.524700e-02
-1.574249e-02
-1.418936e-02
-1.066851e-02
-6.379978e-03
-3.354648e-03
-2.685465e-03
-4.487258e-03
-7.618921e-03
-9.743080e-03
-1.029881e-02
-1.049568e-02
-1.028988e-02
-8.502868e-03
-5.112310e-03
-2.102607e-03
-8.636547e-04
-5.153879e-04
1.926864e-04
1.918925e-03
4.983568e-03
8.427432e-03
1.030057e-02
9.483131e-03
5.853817e-03
-1.842042e-04
-6.718755e-03
-1.049053e-02
-9.309855e-03
-3.515402e-03
4.712613e-03
1.305424e-02
1.996639e-02
2.444338e-02
2.602393e-02
2.457150e-02
2.002714e-02
1.356168e-02
8.119364e-03
5.781162e-03
6.091764e-03
7.779313e-03
9.772070e-03
1.130147e-02
1.185743e-02
1.098875e-02
8.450469e-03
4.144017e-03
-1.274658e-03
-5.691798e-03
-6.411978e-03
-2.696300e-03
2.925575e-03
7.041027e-03
7.516638e-03
3.371057e-03
-4.758467e-03
-1.456137e-02
-2.305005e-02
-2.733252e-02
-2.620757e-02
-2.103302e-02
-1.432280e-02
-8.310520e-03
-4.641975e-03
-4.127840e-03
-6.406226e-03
-9.706544e-03
-1.176113e-02
-1.237874e-02
-1.349891e-02
-1.629842e-02
-2.022793e-02
-2.388217e-02
-2.600844e-02
-2.595177e-02
-2.333578e-02
-1.857277e-02
-1.316060e-02
-8.862788e-03
-6.442509e-03
-5.413116e-03
-5.475526e-03
-6.795317e-03
-9.212385e-03
-1.240271e-02
-1.570221e-02
-1.799002e-02
-1.862885e-02
-1.793192e-02
-1.687487e-02
-1.646107e-02
-1.669809e-02
-1.642441e-02
-1.450682e-02
-1.128059e-02
-7.970002e-03
-4.648834e-03
-7.641302e-04
2.958721e-03
5.294569e-03
6.034819e-03
5.522652e-03
3.589583e-03
-1.577731e-04
-5.569983e-03
-1.151713e-02
-1.615534e-02
-1.826755e-02
-1.782684e-02
-1.570693e-02
-1.362144e-02
-1.224148e-02
-1.018178e-02
-6.374025e-03
-1.195383e-03
4.013417e-03
7.570418e-03
8.541425e-03
6.485751e-03
1.742951e-03
-3.344468e-03
-6.539357e-03
-7.822971e-03
-7.519135e-03
-5.191998e-03
-8.411662e-04
4.092700e-03
7.486982e-03
8.195161e-03
6.505263e-03
4.128641e-03
3.571976e-03
5.178712e-03
6.656648e-03
6.682857e-03
6.288826e-03
6.059884e-03
5.149230e-03
4.182936e-03
4.962819e-03
7.276264e-03
9.285428e-03
9.630333e-03
8.023707e-03
4.982151e-03
2.256600e-03
2.299721e-03
5.782152e-03
1.093214e-02
1.576682e-02
1.914007e-02
2.102293e-02
2.151239e-02
1.993743e-02
1.617415e-02
1.142761e-02
8.071070e-03
7.645115e-03
9.483142e-03
1.234662e-02
1.485315e-02
1.553412e-02
1.366095e-02
9.746810e-03
5.423806e-03
1.859804e-03
-2.116945e-04
2.412488e-04
2.210847e-03
3.452986e-03
4.068956e-03
5.530725e-03
8.000151e-03
9.965614e-03
9.811851e-03
7.048713e-03
2.551654e-03
-1.943859e-03
-5.026166e-03
-6.323917e-03
-6.216380e-03
-5.063712e-03
-2.725414e-03
6.655773e-05
1.118637e-03
-7.456818e-04
-3.714335e-03
-4.559861e-03
-2.469218e-03
-7.945614e-05
-6.672106e-04
-5.011296e-03
-1.104781e-02
-1.617665e-02
-1.958017e-02
-2.175942e-02
-2.204450e-02
-1.869913e-02
-1.173457e-02
-3.859668e-03
1.813472e-03
3.976064e-03
4.288470e-03
4.199074e-03
3.573720e-03
1.877365e-03
-1.693990e-03
-6.714872e-03
-1.155917e-02
-1.481241e-02
-1.628509e-02
-1.588042e-02
-1.259791e-02
-6.637116e-03
-3.649730e-04
3.842154e-03
5.684771e-03
5.929916e-03
5.510688e-03
5.231554e-03
5.427722e-03
6.373415e-03
7.611175e-03
7.987231e-03
6.885471e-03
5.019143e-03
3.935033e-03
4.557292e-03
6.647247e-03
9.258705e-03
1.122553e-02
1.185315e-02
1.175264e-02
1.201576e-02
1.336738e-02
1.550930e-02
1.717930e-02
1.812045e-02
1.903039e-02
1.985387e-02
1.959761e-02
1.753607e-02
1.392728e-02
9.971086e-03
7.114633e-03
6.331534e-03
7.211613e-03
8.389162e-03
9.172641e-03
9.353248e-03
8.770904e-03
7.957365e-03
8.174576e-03
9.958432e-03
1.183717e-02
1.187221e-02
1.030363e-02
8.155691e-03
4.922528e-03
1.001074e-03
-1.389562e-03
-9.028179e-04
2.197143e-03
6.451855e-03
9.833965e-03
1.131589e-02
1.098408e-02
9.083231e-03
5.858581e-03
2.513576e-03
1.088681e-03
2.462381e-03
5.744308e-03
9.338056e-03
1.137969e-02
1.049563e-02
6.892065e-03
1.894508e-03
-2.881345e-03
-5.693830e-03
-5.949781e-03
-3.892634e-03
-8.974397e-05
3.840087e-03
6.239631e-03
6.256186e-03
3.395917e-03
-1.775667e-03
-7.257869e-03
-1.106207e-02
-1.229434e-02
-1.118360e-02
-8.831405e-03
-6.256000e-03
-4.063648e-03
-2.554578e-03
-2.166519e-03
-3.900998e-03
-7.637343e-03
-1.074755e-02
-1.050889e-02
-7.097525e-03
-3.288297e-03
-1.806370e-03
-3.409991e-03
-7.234781e-03
-1.163851e-02
-1.530116e-02
-1.833081e-02
-2.121656e-02
-2.321596e-02
-2.301259e-02
-2.018814e-02
-1.573723e-02
-1.139276e-02
-8.486977e-03
-7.683122e-03
-8.799679e-03
-1.012017e-02
-9.223418e-03
-5.249652e-03
3.256070e-04
5.180059e-03
7.616273e-03
6.912721e-03
3.627281e-03
-6.716287e-04
-4.627664e-03
-6.911281e-03
-6.207203e-03
-2.678306e-03
2.199173e-03
6.784174e-03
9.631495e-03
9.667748e-03
6.145295e-03
-9.100749e-06
-5.115439e-03
-6.692530e-03
-6.457556e-03
-6.222049e-03
-5.233814e-03
-3.024058e-03
-1.105809e-04
3.861816e-03
8.629429e-03
1.125663e-02
9.017162e-03
3.284497e-03
-3.100390e-03
-9.695486e-03
-1.551056e-02
-1.732166e-02
-1.406948e-02
-8.313243e-03
-2.383453e-03
3.019948e-03
6.836506e-03
8.427843e-03
8.978853e-03
9.414057e-03
8.743610e-03
6.668236e-03
4.839133e-03
2.995986e-03
-5.293594e-04
-4.345399e-03
-6.712243e-03
-8.306357e-03
-9.126147e-03
-7.945661e-03
-4.179648e-03
1.875478e-03
9.333301e-03
1.677216e-02
2.203045e-02
2.321720e-02
2.092175e-02
1.750976e-02
1.445063e-02
1.190772e-02
9.535172e-03
7.021677e-03
4.459009e-03
2.607967e-03
2.052807e-03
1.815776e-03
2.343953e-03
5.550138e-03
1.078481e-02
1.478593e-02
1.603555e-02
1.585447e-02
1.627788e-02
1.769738e-02
1.804132e-02
1.581358e-02
1.082884e-02
3.196708e-03
-4.309922e-03
-8.392976e-03
-1.082166e-02
-1.431945e-02
-1.661395e-02
-1.444277e-02
-9.119216e-03
-4.566492e-03
-1.995968e-03
-7.634593e-04
-1.068343e-03
-3.234453e-03
-6.526632e-03
-9.925928e-03
-1.313631e-02
-1.543162e-02
-1.634696e-02
-1.713519e-02
-1.901366e-02
-2.219644e-02
-2.592878e-02
-2.790605e-02
-2.625285e-02
-2.133826e-02
-1.509346e-02
-9.190762e-03
-4.019384e-03
-1.076674e-04
1.538239e-03
7.009318e-04
-2.515367e-03
-8.085451e-03
-1.411978e-02
-1.794733e-02
-1.967848e-02
-2.133871e-02
-2.323399e-02
-2.351129e-02
-2.083477e-02
-1.603445e-02
-1.078430e-02
-5.279296e-03
5.209402e-04
4.825552e-03
5.598931e-03
2.747966e-03
-1.196848e-03
-3.268345e-03
-2.705854e-03
-5.523633e-04
2.006316e-03
3.847449e-03
3.776097e-03
1.986846e-03
-3.678682e-05
-1.936508e-03
-4.729897e-03
-8.488182e-03
-1.148815e-02
-1.291718e-02
-1.385760e-02
-1.404982e-02
-1.091374e-02
-4.156562e-03
2.390397e-03
5.834672e-03
6.844120e-03
6.911659e-03
6.070716e-03
3.539716e-03
-7.820705e-04
-5.897002e-03
-1.011572e-02
-1.206065e-02
-1.163188e-02
-9.264388e-03
-4.870397e-03
1.381125e-03
7.970397e-03
1.235967e-02
1.319039e-02
1.109591e-02
7.154137e-03
3.170071e-03
7.327759e-04
-7.263487e-04
-2.406326e-03
-4.537605e-03
-6.080314e-03
-5.520066e-03
-2.524377e-03
2.233875e-03
7.813300e-03
1.278435e-02
1.652946e-02
1.945175e-02
2.113614e-02
2.095986e-02
1.926782e-02
1.667057e-02
1.389317e-02
1.179287e-02
1.116097e-02
1.213270e-02
1.365309e-02
1.476046e-02
1.516189e-02
1.457241e-02
1.328462e-02
1.256300e-02
1.316757e-02
1.398231e-02
1.326935e-02
1.067879e-02
7.011390e-03
2.969676e-03
-7.471701e-04
-3.103405e-03
-3.463848e-03
-1.975130e-03
4.538053e-04
2.651329e-03
3.666092e-03
3.051752e-03
1.279138e-03
-8.468410e-04
-2.882802e-03
-4.343631e-03
-4.558449e-03
-3.730774e-03
-2.858091e-03
-2.696045e-03
-3.715685e-03
-5.643506e-03
-7.287389e-03
-7.550341e-03
-6.128888e-03
-3.513851e-03
-7.636576e-04
1.397413e-03
3.209655e-03
4.977686e-03
6.381503e-03
6.688401e-03
5.152733e-03
2.233104e-03
-6.408596e-04
-2.850804e-03
-4.135842e-03
-3.973800e-03
-2.893223e-03
-1.895104e-03
-7.698363e-04
6.813034e-04
1.752484e-03
2.128925e-03
2.111596e-03
1.960372e-03
2.246851e-03
3.819703e-03
6.738537e-03
1.002260e-02
1.267068e-02
1.427330e-02
1.456700e-02
1.310626e-02
1.032484e-02
7.514192e-03
5.543901e-03
5.149926e-03
6.719220e-03
9.070445e-03
1.039249e-02
1.005836e-02
8.790840e-03
7.449005e-03
6.394096e-03
6.018382e-03
6.577141e-03
7.547277e-03
8.125145e-03
7.734279e-03
6.068125e-03
3.611377e-03
1.595870e-03
6.320053e-04
-3.412076e-05
-1.501673e-03
-3.669086e-03
-5.713319e-03
-7.030684e-03
-6.511277e-03
-3.221229e-03
1.670261e-03
5.547815e-03
6.885256e-03
5.883543e-03
3.327271e-03
-6.743256e-05
-3.541907e-03
-6.291275e-03
-8.041074e-03
-8.961684e-03
-9.100440e-03
-8.636556e-03
-8.078564e-03
-7.936354e-03
-8.532463e-03
-9.701250e-03
-1.063565e-02
-1.064599e-02
-1.021879e-02
-1.043846e-02
-1.155555e-02
-1.288803e-02
-1.370132e-02
-1.366054e-02
-1.263068e-02
-1.078581e-02
-8.427763e-03
-5.541701e-03
-2.029382e-03
1.657663e-03
4.261344e-03
4.609912e-03
2.844467e-03
-6.455338e-04
-5.633000e-03
-1.104869e-02
-1.522645e-02
-1.662381e-02
-1.488432e-02
-1.127191e-02
-7.810265e-03
-5.963946e-03
-6.135313e-03
-7.806950e-03
-9.922375e-03
-1.179368e-02
-1.296856e-02
-1.279999e-02
-1.107226e-02
-8.506533e-03
-6.093324e-03
-4.278485e-03
-2.957672e-03
-2.258543e-03
-2.075303e-03
-1.303410e-03
6.521013e-04
2.676347e-03
2.827897e-03
2.355280e-04
-4.168583e-03
-9.568329e-03
-1.578498e-02
-2.122028e-02
-2.328241e-02
-2.078794e-02
-1.420867e-02
-4.849655e-03
5.146409e-03
1.303634e-02
1.703257e-02
1.708412e-02
1.419196e-02
9.818968e-03
5.225483e-03
1.156199e-03
-1.890680e-03
-3.822091e-03
-4.703845e-03
-4.426425e-03
-2.917983e-03
-2.102940e-04
3.094490e-03
5.838346e-03
8.041060e-03
1.052031e-02
1.272667e-02
1.346279e-02
1.275151e-02
1.125201e-02
8.827361e-03
5.422805e-03
1.806467e-03
-1.653263e-03
-4.834802e-03
-6.838419e-03
-6.910851e-03
-5.681815e-03
-4.292390e-03
-2.961720e-03
-1.475816e-03
-3.111438e-04
4.991050e-05
-1.685635e-04
-7.726449e-04
-1.367461e-03
-1.423992e-03
-9.175517e-04
-2.479862e-04
1.943670e-04
9.775714e-04
2.335754e-03
3.352619e-03
3.721114e-03
3.913280e-03
4.230009e-03
4.954649e-03
6.140271e-03
6.751253e-03
5.723900e-03
3.414019e-03
1.209260e-03
3.294536e-04
1.314407e-03
3.775645e-03
6.613405e-03
8.994128e-03
1.060035e-02
1.163072e-02
1.244866e-02
1.285085e-02
1.241680e-02
1.115988e-02
9.547144e-03
8.163032e-03
7.140523e-03
5.962705e-03
4.090517e-03
1.548157e-03
-8.216930e-04
-2.058441e-03
-1.808472e-03
-2.185321e-04
2.020847e-03
4.170666e-03
5.994739e-03
7.079921e-03
6.785566e-03
4.980357e-03
2.343579e-03
-6.542225e-05
-1.819692e-03
-3.440332e-03
-4.991149e-03
-5.534517e-03
-4.728538e-03
-3.019759e-03
-9.784244e-04
6.120286e-04
1.309422e-03
1.114643e-03
3.419156e-04
-3.939658e-04
-7.981361e-04
-9.060703e-04
-6.844314e-04
-1.533567e-04
3.354614e-04
4.151193e-04
4.862894e-05
-6.005679e-04
-1.487759e-03
-2.346153e-03
-2.510179e-03
-1.782441e-03
-5.538224e-04
9.251893e-04
2.398840e-03
3.401643e-03
3.656062e-03
3.126074e-03
2.089787e-03
9.215322e-04
-1.959375e-04
-8.020837e-04
-4.193460e-04
8.355788e-04
2.587655e-03
4.554929e-03
6.307332e-03
7.255487e-03
7.182619e-03
6.353685e-03
5.220061e-03
4.259959e-03
3.649772e-03
3.319566e-03
3.231836e-03
3.175390e-03
3.012386e-03
2.926767e-03
2.861303e-03
2.616822e-03
2.180573e-03
1.623006e-03
1.243311e-03
1.459421e-03
2.373023e-03
3.649857e-03
4.612402e-03
4.478985e-03
3.144946e-03
1.350728e-03
-3.596105e-04
-1.929636e-03
-3.331941e-03
-4.423872e-03
-5.067150e-03
-5.257668e-03
-5.014993e-03
-4.309649e-03
-3.293476e-03
-2.249012e-03
-1.327190e-03
-6.760868e-04
-3.829388e-04
-2.071055e-04
1.496240e-04
6.168437e-04
8.822292e-04
8.216861e-04
5.415811e-04
2.216034e-04
-4.810937e-05
-3.449097e-04
-7.343421e-04
-1.220185e-03
-1.689001e-03
-1.867786e-03
-1.562041e-03
-8.243072e-04
1.005580e-04
9.216627e-04
1.435802e-03
1.522544e-03
1.112603e-03
4.184990e-04
-1.758061e-04
-5.408930e-04
-7.274229e-04
-8.780830e-04
-1.225729e-03
-1.800208e-03
-2.385864e-03
-2.821902e-03
-2.971146e-03
-2.790031e-03
-2.544034e-03
-2.428147e-03
-2.341574e-03
-2.252072e-03
-2.250884e-03
-2.321664e-03
-2.404268e-03
-2.427022e-03
-2.162710e-03
-1.505327e-03
-8.955147e-04
-1.129276e-03
-2.584040e-03
-4.802231e-03
-6.821867e-03
-7.724867e-03
-6.967222e-03
-4.876705e-03
-2.720016e-03
-1.601869e-03
-1.570799e-03
-1.978048e-03
-2.354481e-03
-2.573585e-03
-2.666011e-03
-2.963610e-03
-3.546282e-03
-3.856490e-03
-3.752571e-03
-3.617770e-03
-3.455387e-03
-3.168020e-03
-2.897237e-03
-2.743100e-03
-2.612539e-03
-2.379539e-03
-2.088552e-03
-1.784423e-03
-1.498440e-03
-1.421972e-03
-1.676006e-03
-2.120366e-03
-2.636980e-03
-3.208493e-03
-3.735339e-03
-3.916356e-03
-3.553302e-03
-2.850966e-03
-2.063327e-03
-1.365236e-03
-1.063469e-03
-1.297475e-03
-1.810177e-03
-2.250301e-03
-2.310296e-03
-1.894006e-03
-1.325171e-03
-9.670046e-04
-8.946916e-04
-9.901512e-04
-1.078534e-03
-1.048618e-03
-8.010979e-04
-2.475206e-04
5.131057e-04
1.206832e-03
1.575303e-03
1.508719e-03
1.109740e-03
5.732929e-04
8.115945e-05
-1.562009e-04
-6.952244e-05
2.220263e-04
5.568020e-04
8.259787e-04
1.058650e-03
1.287958e-03
1.457973e-03
1.574275e-03
1.709720e-03
1.919056e-03
2.214965e-03
2.552561e-03
2.816208e-03
2.870405e-03
2.622371e-03
2.112574e-03
1.535102e-03
1.118210e-03
1.004861e-03
1.160067e-03
1.444299e-03
1.745732e-03
1.945183e-03
2.005258e-03
2.055912e-03
2.193315e-03
2.355686e-03
2.417904e-03
2.311088e-03
2.093963e-03
1.843483e-03
1.558010e-03
1.257111e-03
1.025333e-03
9.355017e-04
1.002063e-03
1.163046e-03
1.306667e-03
1.369267e-03
1.378441e-03
1.387878e-03
1.386882e-03
1.331723e-03
1.219779e-03
1.087189e-03
9.561520e-04
8.449992e-04
7.975546e-04
7.869323e-04
7.211580e-04
5.630252e-04
3.453963e-04
1.411137e-04
1.924160e-05
-2.341386e-05
-5.027095e-05
-1.064064e-04
-1.718680e-04
-1.934797e-04
-1.545887e-04
-7.355212e-05
4.824915e-05
2.395063e-04
4.916769e-04
7.304094e-04
8.690031e-04
8.413032e-04
6.363542e-04
3.287045e-04
4.098812e-05
-1.345222e-04
-1.866070e-04
-1.639559e-04
-1.393683e-04
-1.619076e-04
-2.206363e-04
-2.861835e-04
-3.458249e-04
-3.730630e-04
-3.399929e-04
-2.544917e-04
-1.524801e-04
-6.001258e-05
3.019227e-05
1.257512e-04
1.921045e-04
1.936879e-04
1.568192e-04
1.352923e-04
1.478047e-04
1.861257e-04
2.304379e-04
2.450791e-04
2.161799e-04
1.724176e-04
1.412016e-04
1.145287e-04
7.167206e-05
2.319121e-05
-6.977004e-06
-1.884249e-05
-1.719329e-05
2.030152e-06
3.094031e-05
5.388110e-05
6.221845e-05
5.112642e-05
2.278311e-05
-9.306536e-06
-2.857612e-05
-2.227048e-05
9.770650e-06
5.077320e-05
8.444789e-05
1.078758e-04
1.188679e-04
1.092753e-04
7.814220e-05
3.759792e-05
2.868559e-06
-1.876424e-05
-2.893839e-05
-3.522454e-05
-4.627658e-05
-6.308186e-05
-7.465212e-05
-7.048197e-05
-5.268037e-05
-2.850093e-05
-1.368258e-06
2.458018e-05
4.252874e-05
4.960597e-05
4.937951e-05
4.715840e-05
4.425656e-05
3.839356e-05
2.848159e-05
1.516338e-05
2.074571e-07
-1.380590e-05
-2.503308e-05
-3.166461e-05
-3.263628e-05
-2.975257e-05
-2.632463e-05
-2.523869e-05
-2.771544e-05
-3.325628e-05
-4.070194e-05
-4.863379e-05
-5.573662e-05
-6.151601e-05
-6.627277e-05
-7.018911e-05
-7.266066e-05
-7.294384e-05
-7.109485e-05
-6.793712e-05
-6.435709e-05
-6.095834e-05
-5.815191e-05
-5.606129e-05
