   4.4780941e-05	
   4.4808364e-05	
   4.5195027e-05	
   4.4959392e-05	
   4.3923583e-05	
   4.4027257e-05	
   4.5004616e-05	
   4.5590468e-05	
   4.3902850e-05	
   4.0761855e-05	
   4.4678936e-05	
   4.3501656e-05	
   3.7797341e-05	
   4.2846361e-05	
   4.5885657e-05	
   4.2712395e-05	
   4.0194051e-05	
   3.9128735e-05	
   2.9174898e-05	
   4.2486744e-05	
   5.4595910e-05	
   4.6018867e-05	
   4.2265240e-05	
   4.3690114e-05	
   4.5581022e-05	
   3.7659240e-05	
   3.0261360e-05	
   6.1347728e-05	
   6.0671883e-05	
   2.6903746e-05	
   3.5716741e-05	
   4.4672440e-05	
   4.1917512e-05	
   4.1349000e-05	
   4.0840844e-05	
   4.4092948e-05	
   3.6274309e-05	
   7.8126384e-06	
  -4.2943439e-06	
   5.0903896e-06	
   2.6203699e-05	
   6.2315918e-05	
   1.1348857e-04	
   4.9389520e-05	
   4.2140986e-05	
   1.4952889e-04	
   1.3477299e-04	
   6.5842879e-06	
   1.7322660e-05	
   4.4695261e-05	
   3.7826570e-05	
   3.7144595e-05	
   3.0189108e-05	
   5.1193002e-05	
   9.3476178e-05	
   5.5847152e-05	
   1.0810299e-05	
  -1.1722734e-05	
  -1.3285579e-05	
  -1.0920782e-04	
   3.2344148e-05	
   1.8953945e-04	
   9.6697047e-05	
  -5.2221006e-05	
  -1.8843054e-04	
   7.6086990e-05	
   1.6084521e-04	
   3.8235481e-05	
   1.9581422e-05	
   5.5942024e-05	
  -2.5215249e-05	
  -1.4384619e-04	
   1.0191760e-04	
   1.7186381e-04	
   5.1793185e-05	
  -1.1052806e-05	
  -6.2061274e-05	
  -2.6029319e-05	
  -7.0271301e-05	
  -3.2333646e-07	
   2.4955643e-05	
   5.4767493e-05	
   1.4192521e-04	
   7.0743950e-05	
  -1.9727517e-05	
  -1.0104871e-04	
  -8.3567482e-06	
   5.2843492e-05	
  -1.3131081e-05	
  -1.1284995e-04	
  -1.1851843e-05	
   3.8077880e-05	
   1.9999796e-05	
   2.0600275e-05	
   2.1443892e-05	
   2.1659738e-05	
   1.9705139e-05	
   2.0931347e-05	
   2.0009602e-05	
   1.7882092e-05	
   1.6548585e-05	
   3.7496512e-05	
  -2.4303186e-05	
  -1.5075096e-04	
  -3.0793192e-05	
   5.2116204e-05	
  -6.8560596e-06	
  -2.0457796e-04	
  -2.4836788e-04	
   8.3168229e-05	
   4.0014856e-04	
   1.0655394e-04	
  -2.3980668e-05	
  -2.2963266e-06	
   6.6940279e-05	
   2.0228126e-04	
   8.7558950e-05	
  -6.0586569e-05	
  -1.9107722e-04	
  -3.9908467e-05	
   8.8862142e-05	
  -1.4571714e-04	
  -3.2046452e-04	
   3.7948092e-04	
   3.7579206e-04	
   5.3776819e-06	
   3.8677120e-05	
  -9.9034450e-05	
  -4.2826867e-04	
  -1.0393422e-04	
   6.5458789e-05	
  -5.0892090e-05	
   1.2543819e-04	
   4.6971322e-04	
   1.0736761e-04	
  -1.2584688e-05	
   3.0516800e-04	
   3.0724297e-04	
   7.7267816e-05	
  -1.3319179e-04	
  -1.2772113e-04	
   4.8862856e-04	
   4.0056445e-04	
   1.1848268e-05	
  -1.3908943e-05	
  -1.8686551e-05	
   8.9549315e-05	
   2.0018570e-04	
  -1.6057942e-04	
  -5.0607834e-04	
  -8.8626142e-04	
  -3.5763487e-04	
   3.0278086e-04	
   1.3763414e-05	
  -2.9279871e-04	
  -3.3546397e-05	
  -3.1209543e-05	
  -2.6821052e-04	
  -3.5852365e-05	
  -3.7712110e-05	
  -2.6264794e-04	
  -7.2675669e-05	
   5.8367585e-05	
  -7.9867356e-05	
  -2.0453754e-04	
  -1.9631442e-04	
  -5.2198545e-04	
  -1.3711635e-04	
   4.6989240e-04	
   6.1642079e-04	
   6.3091060e-05	
  -3.9994295e-05	
   8.2837534e-04	
   1.2306609e-03	
   2.3692423e-04	
  -2.3115445e-04	
   2.6927930e-04	
   1.1561534e-03	
   5.7892594e-04	
  -1.2179647e-04	
  -2.8556354e-04	
  -5.8414885e-05	
   6.3850331e-05	
  -8.0021110e-05	
  -2.7178179e-04	
  -3.9133520e-05	
  -3.8444229e-05	
  -2.7105603e-04	
  -6.3113716e-05	
   1.6374010e-06	
   3.5541411e-05	
   3.6828579e-04	
   2.7380301e-04	
  -2.3287713e-04	
  -9.5736822e-05	
   6.8032782e-05	
  -8.2604779e-05	
  -2.5639193e-04	
  -3.8509542e-05	
  -4.3505090e-04	
  -9.7095238e-04	
   2.0014505e-06	
   9.7453427e-04	
   4.3459548e-04	
   4.1063457e-05	
   2.8554702e-04	
   1.0560339e-05	
  -3.0737283e-04	
  -7.6208884e-06	
  -1.0105538e-04	
  -5.3977194e-04	
  -1.7346867e-04	
   1.3728456e-04	
   2.6892076e-04	
   3.1869499e-05	
   4.2223267e-05	
   3.1013928e-04	
  -2.6320413e-05	
  -2.2869556e-04	
   2.0362871e-04	
   1.0038425e-04	
  -9.6506123e-06	
  -4.7636919e-05	
  -2.8121613e-04	
  -4.4799284e-04	
  -6.1657419e-04	
  -4.8016230e-04	
  -2.1503653e-04	
   2.2390341e-04	
   9.3875372e-05	
  -3.3017315e-05	
   4.0923179e-06	
   6.7847463e-06	
  -9.0989977e-07	
  -4.2942082e-06	
   2.7734803e-05	
  -3.9094904e-05	
  -3.3300715e-04	
  -3.3094097e-04	
  -9.6581584e-05	
   1.6446687e-04	
   5.3252191e-04	
   1.7218395e-04	
  -1.2319601e-04	
  -2.9151115e-04	
   7.5790633e-06	
   3.0095812e-04	
   6.5299725e-05	
  -2.5597351e-05	
   8.7192501e-06	
  -2.5644893e-05	
   6.7088015e-05	
   2.9812753e-04	
   3.0567387e-06	
  -2.6644152e-04	
  -1.6352399e-04	
  -1.6429170e-04	
   2.0234646e-04	
   7.0113535e-05	
   4.4953386e-05	
   2.4032505e-04	
   1.4708163e-04	
   2.4690963e-04	
   6.9233019e-05	
  -6.4474197e-05	
   1.6509026e-04	
   6.3333255e-05	
  -7.3614772e-04	
  -2.3268202e-04	
   7.0718934e-05	
   3.3504230e-05	
   3.3424208e-04	
   3.4232762e-04	
   4.7850658e-05	
  -3.1106511e-05	
   8.0177578e-06	
   2.7451396e-05	
  -4.8924759e-05	
  -3.1515375e-04	
  -3.1764585e-04	
  -5.4969698e-04	
  -7.4218991e-04	
  -5.9331993e-06	
  -1.0387404e-04	
   2.9959693e-04	
   6.4251236e-04	
   1.1551156e-04	
  -8.4126743e-05	
   7.9676373e-05	
   2.7810494e-04	
   6.4096066e-05	
   3.9896992e-06	
  -6.2197328e-05	
  -2.7071094e-04	
  -7.4153678e-05	
   9.1162611e-05	
  -1.4011733e-04	
  -5.3900258e-04	
  -1.3202772e-04	
   3.3939154e-05	
   6.2383827e-05	
   2.6379407e-04	
   1.0424450e-04	
  -9.5877655e-05	
  -2.6658749e-04	
  -6.3035305e-05	
   3.9907753e-05	
  -2.6636405e-05	
   3.3945137e-05	
   3.3592163e-04	
   4.0672146e-04	
  -9.6580522e-05	
  -5.8939920e-04	
  -5.8790792e-05	
   3.0361890e-04	
   1.3144333e-04	
   2.7126896e-04	
  -1.9469351e-05	
  -2.2067599e-04	
   1.6845769e-04	
   1.9946761e-04	
   1.9563362e-04	
  -2.3610266e-04	
  -4.3473985e-04	
  -3.0528223e-04	
  -3.3822493e-05	
   3.6487641e-05	
  -6.1994309e-05	
   1.1549061e-04	
   6.1628273e-04	
   3.8455598e-04	
   7.9661741e-05	
   2.5285382e-04	
   8.1700368e-05	
  -3.0029560e-05	
  -2.3590755e-06	
   6.5486637e-05	
  -1.4277463e-04	
  -5.1443894e-04	
  -1.7891656e-04	
  -2.4730487e-04	
  -4.1303086e-04	
  -3.1223006e-04	
  -3.9242658e-05	
   2.3376172e-05	
   1.7284546e-05	
  -4.1699365e-05	
  -2.7976921e-04	
  -4.8391765e-04	
  -5.4380471e-04	
  -1.4492111e-04	
  -3.4320306e-04	
  -2.0051256e-04	
   5.0439312e-04	
   1.0671371e-04	
   1.0863422e-04	
   4.7607661e-04	
  -1.1840816e-04	
  -1.2822494e-04	
   3.6973683e-05	
   6.1774829e-07	
   3.0803528e-05	
  -6.4160317e-05	
  -2.6666094e-04	
  -1.0524373e-04	
   1.6564775e-04	
   1.2843563e-04	
  -4.7269301e-04	
  -1.5799693e-04	
   8.0510633e-05	
  -8.7360651e-05	
   1.7542907e-04	
   8.8470972e-04	
   4.8697609e-04	
  -1.4862489e-05	
  -4.4656911e-05	
   8.8746561e-05	
   2.4588173e-04	
   1.4396094e-04	
   2.1716354e-04	
   1.4829320e-04	
   2.1289513e-04	
   1.7465859e-04	
   1.7099982e-04	
  -1.6480033e-04	
  -1.6007296e-04	
  -2.2259284e-04	
  -1.2628183e-04	
   1.4273888e-04	
   6.0950363e-04	
   4.0903780e-04	
   1.1219169e-05	
   1.8289976e-05	
  -8.7209670e-05	
  -2.1968255e-04	
   2.7418138e-04	
   3.4097982e-04	
   1.0758485e-04	
   2.8359477e-04	
  -2.0118947e-05	
  -2.5809373e-04	
   2.9956424e-04	
   3.3887948e-04	
  -3.0032746e-04	
  -3.6349871e-04	
  -5.4181323e-05	
   1.1096537e-04	
   2.0444167e-04	
   2.1251411e-04	
   5.1446596e-04	
   1.4703467e-04	
  -5.3037926e-05	
   1.7451994e-05	
  -2.3565137e-05	
   6.2080508e-05	
   2.9340558e-04	
   9.2667583e-05	
  -5.1161260e-04	
  -8.4436316e-04	
  -2.1879890e-04	
  -2.5736673e-04	
  -2.8825825e-04	
  -1.7596042e-04	
  -5.3397171e-04	
  -1.0042909e-04	
   3.9737214e-04	
   3.4520499e-04	
   4.6816836e-05	
  -7.7599691e-05	
   1.1949777e-04	
   6.1772528e-04	
   4.1312815e-04	
   8.6504207e-06	
  -2.4898543e-05	
   7.0066335e-05	
  -1.3703393e-04	
  -5.0927909e-04	
  -2.0340793e-04	
  -2.0763115e-04	
  -7.3763688e-05	
   3.4440206e-05	
   9.0187577e-06	
  -5.9192753e-05	
   1.4431713e-04	
   5.5543450e-04	
   1.1911781e-04	
  -4.4994527e-05	
   4.1899523e-04	
   6.2077558e-04	
   1.1585913e-04	
  -5.4151185e-05	
  -1.7457994e-05	
   1.0904982e-04	
   1.9980090e-04	
  -1.9863247e-04	
  -6.5619505e-05	
  -4.2161890e-05	
  -2.4226928e-04	
  -7.7547122e-05	
  -3.7899653e-04	
  -6.1238047e-04	
  -7.5009709e-05	
  -5.5015181e-06	
  -3.0471181e-04	
   7.7690610e-07	
   3.0984617e-04	
   4.4555313e-05	
   4.3604339e-05	
   2.4938026e-04	
   1.4753575e-04	
   2.4203228e-04	
   7.9152866e-05	
  -1.5678518e-05	
  -1.9599074e-05	
   4.4557886e-05	
   3.4714739e-04	
   3.4952308e-04	
   1.8570108e-05	
   1.6963297e-05	
   3.5147468e-04	
   3.4578195e-04	
   4.4423271e-05	
  -2.2153220e-05	
   7.2792253e-06	
   4.8906227e-06	
   4.0245233e-05	
  -9.1327044e-05	
  -2.2856004e-04	
   2.7181058e-04	
   4.0451462e-04	
  -2.8241489e-05	
  -2.9586122e-04	
  -5.6964647e-05	
   3.5670869e-05	
   6.8068418e-07	
   3.9284826e-06	
   6.3661472e-06	
  -2.6297675e-05	
   1.0883830e-04	
   1.7492898e-04	
  -1.2768839e-04	
   1.7233104e-04	
   1.3623950e-04	
  -1.0206180e-04	
  -2.3325573e-04	
  -1.2211024e-04	
  -2.5969210e-04	
  -6.6942285e-05	
   4.6990078e-04	
   5.7269560e-04	
  -2.2793606e-04	
  -3.9327288e-04	
  -2.0857031e-05	
   3.8977323e-05	
  -3.3267250e-05	
   7.1591485e-05	
   2.7929514e-04	
   7.1126683e-05	
  -2.9916658e-05	
   4.0569556e-05	
  -5.5923197e-05	
  -2.9270148e-04	
  -2.4269196e-05	
   3.7356735e-04	
   3.3503941e-04	
   6.9289541e-05	
  -5.9820631e-05	
  -3.3184172e-04	
  -3.3489450e-04	
  -6.2208420e-06	
  -4.3108551e-05	
  -2.6920774e-04	
  -2.7511334e-05	
  -8.9836055e-05	
  -1.5908689e-04	
   5.4312078e-04	
   4.4507618e-04	
   1.1522954e-05	
  -1.8560969e-05	
   1.7480603e-05	
  -2.1035264e-05	
   7.2051095e-05	
   2.7208092e-04	
   7.5531033e-05	
   9.0528302e-06	
  -9.3989183e-05	
  -1.9597127e-04	
   2.3577320e-04	
   3.3201678e-05	
  -2.9614354e-04	
  -6.3041146e-05	
   3.3594394e-05	
  -4.7557410e-06	
   5.9725405e-05	
  -1.3020539e-04	
  -5.2966064e-04	
  -1.6052608e-04	
   1.0777565e-04	
   3.3343850e-04	
   3.2905038e-04	
   1.0510844e-04	
  -1.2310604e-04	
  -6.2646790e-04	
  -3.6080052e-04	
   3.2964746e-04	
   3.6842957e-04	
   6.6516777e-05	
  -1.0026165e-04	
  -2.5833144e-04	
   7.6147701e-06	
  -1.6250724e-04	
  -4.3070944e-04	
   4.7601194e-04	
   4.8251834e-04	
  -1.6249904e-05	
   1.2063299e-05	
   3.5353632e-04	
   3.7795093e-04	
  -2.6207045e-05	
  -2.9372165e-04	
  -5.5377866e-05	
   4.0264568e-05	
  -1.3490781e-06	
  -3.2342638e-05	
   1.4162130e-04	
   1.0471296e-04	
  -3.9492582e-04	
   1.0886096e-04	
   1.4114623e-04	
  -6.3648256e-05	
   1.0320062e-04	
   2.1116035e-04	
  -1.8812067e-04	
  -1.2942458e-04	
   1.1339546e-04	
   2.7702854e-04	
   6.3467421e-05	
  -3.7343767e-05	
   1.0837834e-04	
  -1.9671450e-04	
  -8.6526214e-04	
  -6.3012413e-05	
   6.4174005e-04	
   1.0419843e-04	
   7.3283723e-06	
   2.8509402e-04	
   8.4525347e-05	
  -3.1487840e-05	
   9.0671672e-06	
   3.9829755e-05	
  -9.1705647e-05	
  -1.8772738e-04	
   1.8326385e-04	
   1.1624434e-04	
   3.9063894e-04	
   5.8774709e-04	
   1.5794625e-04	
   2.9477031e-04	
   3.6180340e-04	
  -1.1408511e-05	
   1.1899822e-04	
   5.5989537e-04	
   1.2462104e-04	
  -4.2383924e-05	
   4.2436865e-04	
   5.9096111e-04	
   1.8961963e-04	
   2.2529357e-04	
   2.5915962e-05	
   1.1771963e-04	
   5.5321887e-04	
   1.5702809e-04	
  -1.0870166e-04	
   1.1660825e-04	
   6.2131543e-04	
   4.4563874e-04	
  -5.9357422e-05	
  -2.9563602e-04	
  -5.1149678e-07	
  -7.4759372e-05	
  -5.8148400e-04	
  -4.7417799e-04	
  -2.6655817e-04	
  -5.9261252e-05	
   4.6145546e-05	
   3.7487284e-04	
   6.4545292e-04	
   5.4307016e-04	
   1.0704588e-04	
  -8.3445529e-04	
  -4.3393739e-04	
  -1.0731392e-04	
  -5.0754715e-04	
  -1.7872711e-04	
   1.3705688e-04	
   2.7595515e-04	
   6.9170007e-05	
  -6.0455471e-05	
   1.3962409e-04	
   1.3793168e-04	
  -4.3730240e-04	
  -2.5063873e-04	
  -1.4578876e-04	
  -1.2274213e-04	
  -7.2091038e-04	
  -9.2216469e-04	
  -1.8708664e-04	
  -2.6101612e-04	
  -2.6422395e-04	
  -2.6228320e-04	
  -6.8373389e-04	
  -4.1644289e-04	
  -7.0980540e-04	
  -2.3936624e-04	
   1.2778043e-04	
   3.4031678e-04	
   3.4786465e-04	
   1.0989989e-05	
   4.1121159e-05	
   3.3415364e-04	
  -1.0918286e-06	
  -7.0329947e-04	
  -6.6817913e-04	
  -7.9724930e-05	
   5.3310488e-05	
   8.5492239e-05	
  -2.3470702e-04	
  -7.3209029e-04	
   6.6210567e-05	
   1.6139509e-04	
  -1.2530426e-06	
  -6.9857652e-05	
  -2.6036027e-04	
  -5.6644484e-05	
   4.4469622e-05	
  -5.3754658e-05	
   1.1514947e-04	
   6.1915013e-04	
   4.1103040e-04	
   1.0046609e-05	
   4.6926470e-05	
  -1.3210371e-04	
  -5.3872080e-04	
  -6.8960262e-05	
  -6.8007825e-05	
  -6.0410336e-04	
   3.3207041e-05	
   5.3650641e-04	
  -1.3453392e-04	
  -1.0394461e-04	
   6.2188301e-06	
  -3.2793339e-04	
  -3.4128945e-04	
  -3.8553090e-05	
   6.4267166e-05	
  -4.6135622e-05	
  -3.4111989e-04	
  -2.7262838e-04	
  -1.7001617e-04	
  -5.0968489e-04	
  -1.3905675e-04	
   6.9596223e-05	
   9.6555860e-06	
  -5.8150129e-05	
   1.4476352e-04	
   5.4617456e-04	
   1.7542795e-04	
  -1.2241491e-04	
  -2.5624727e-04	
  -5.7095102e-05	
   3.4095445e-05	
   6.0999510e-06	
   1.0263475e-05	
  -2.5135923e-05	
   6.6227382e-05	
   3.2558743e-04	
  -9.9329509e-06	
  -6.4364516e-04	
  -8.0683680e-04	
  -6.0364493e-04	
  -1.1372775e-04	
   1.1659397e-04	
   2.9906905e-04	
   4.3109866e-05	
  -4.2427000e-04	
  -1.9462861e-04	
   5.3604013e-04	
   1.3449127e-04	
  -4.0114318e-04	
  -3.2608669e-04	
  -2.7448175e-05	
   3.4033059e-05	
   4.5177574e-08	
   9.9913432e-06	
  -1.8922427e-05	
   8.0896080e-05	
   2.4377944e-04	
   1.5345782e-04	
   2.5581727e-04	
   2.5505948e-05	
   8.6534592e-05	
   6.2427487e-04	
   4.1989616e-04	
   1.0216257e-05	
  -2.9040602e-05	
   1.0846300e-04	
  -1.9884103e-04	
  -8.0444612e-04	
  -2.2789930e-04	
   1.8071193e-04	
   2.1381771e-04	
   1.4923578e-04	
   6.5665820e-04	
   6.9581060e-04	
   9.6364228e-05	
  -6.8697004e-05	
   2.8076041e-05	
   4.2290504e-04	
   6.1510450e-04	
   1.1635738e-04	
  -4.9780418e-05	
   2.0365478e-05	
   1.7749212e-05	
  -2.8952893e-05	
   7.1776745e-05	
   3.1508319e-04	
   1.3609005e-05	
  -3.5395492e-04	
   8.4340382e-05	
   5.8337572e-04	
   1.1498180e-04	
   1.2472051e-05	
   2.8586786e-04	
   7.9379249e-05	
   2.9233479e-06	
  -6.4265573e-05	
  -2.0806840e-04	
  -2.1416611e-04	
  -4.0736308e-04	
  -3.3752195e-04	
  -8.0586802e-04	
  -6.7903100e-05	
   6.3307885e-04	
   1.3736687e-04	
  -5.4513038e-05	
   1.3698071e-05	
  -1.4613220e-05	
   1.0456871e-04	
   2.0243838e-04	
  -1.9698059e-04	
  -3.4529838e-05	
  -1.0560617e-04	
  -5.0344199e-04	
  -1.7130544e-04	
  -3.0262268e-04	
  -2.6910543e-04	
   2.3617375e-04	
   1.0767742e-04	
  -5.6436202e-05	
   7.8904594e-05	
   2.8783250e-04	
   4.7729189e-05	
   4.4615381e-05	
   2.7190073e-04	
   1.2665766e-04	
  -1.1522665e-04	
  -5.8272129e-04	
  -8.4990385e-04	
  -9.4782202e-04	
  -4.1847302e-04	
  -1.3319516e-05	
   9.7234950e-05	
   2.7882002e-04	
   1.3417296e-05	
   1.2113638e-04	
   5.5574348e-04	
   1.5474272e-04	
  -1.1469181e-04	
   1.8858400e-04	
   4.5548684e-04	
  -5.8078998e-05	
   1.4514873e-04	
   1.4884373e-04	
  -9.9279831e-05	
  -2.7151198e-04	
   2.8530070e-05	
  -1.6741350e-04	
  -8.0880504e-04	
  -2.0399840e-04	
   9.3399950e-05	
   2.9727280e-05	
  -6.8904330e-05	
  -2.5564240e-04	
  -9.0053352e-05	
   1.0721911e-04	
   2.7492543e-04	
   7.6002266e-05	
  -2.1847022e-05	
   1.3660830e-05	
   8.0713416e-06	
   1.0864514e-05	
   9.1547055e-06	
   8.9955294e-07	
  -3.9625592e-06	
   1.0119125e-04	
  -1.9427042e-04	
  -8.3025626e-04	
  -1.6335094e-04	
   4.4580854e-04	
   3.4302635e-04	
  -1.9678966e-05	
   1.2586883e-04	
   5.5899585e-04	
   1.1378846e-04	
   4.8454334e-05	
   2.1571492e-04	
  -1.8859020e-04	
  -9.6268117e-05	
   7.0268882e-05	
  -6.0267910e-05	
  -2.6650731e-04	
  -6.0094568e-05	
   3.9597455e-05	
   2.8370244e-06	
   2.5833787e-06	
   3.7398253e-05	
  -6.4922007e-05	
  -2.3238118e-04	
  -1.2907082e-04	
  -2.2650961e-04	
  -9.5171012e-05	
   1.0267469e-04	
   2.7531784e-04	
   1.0996597e-04	
  -1.2127202e-04	
  -1.8595219e-04	
   2.0754967e-04	
   1.0622395e-04	
   2.0608818e-06	
  -5.6955508e-05	
  -2.5845699e-04	
  -6.5101898e-05	
   2.9154065e-05	
   6.8418406e-05	
  -1.3646682e-04	
  -5.2974418e-04	
  -1.2819331e-04	
   7.0730085e-05	
  -3.1963840e-05	
   1.0151752e-04	
   2.0733420e-04	
  -1.6255379e-04	
  -1.6571719e-04	
  -1.9749760e-04	
  -1.3147283e-04	
  -2.3516503e-04	
  -6.3575214e-05	
   3.6266279e-05	
   4.2431254e-06	
   9.4895069e-06	
   1.9926070e-05	
  -4.2041359e-05	
   1.1243459e-04	
   5.7860704e-04	
   5.7919150e-04	
   8.2530144e-05	
  -7.6235198e-04	
  -2.3087113e-04	
   1.6442557e-04	
  -1.0992402e-04	
  -6.4318378e-04	
  -3.0021890e-04	
   2.0286259e-04	
  -1.7136951e-04	
  -9.4814829e-05	
   3.5971480e-05	
  -3.3250424e-06	
   5.3505165e-05	
  -3.9620595e-05	
  -7.3777140e-04	
  -9.4504666e-04	
  -1.5256863e-04	
   1.4193783e-04	
  -8.5895976e-05	
  -6.4401863e-04	
  -7.7061847e-04	
  -2.7397281e-04	
   2.9332918e-04	
   3.2081592e-05	
  -3.2207404e-04	
  -1.3782253e-05	
   3.5044861e-04	
   4.1124835e-04	
   3.4567616e-04	
  -1.6821986e-05	
  -2.8311681e-04	
  -5.8239166e-05	
   4.2663732e-05	
   8.3918178e-06	
   2.7110872e-06	
  -2.4949112e-05	
   1.4688428e-04	
   1.1205882e-04	
  -4.2272945e-04	
   1.8106014e-04	
   4.2043412e-04	
   1.7760375e-05	
   1.3306630e-05	
   3.5823048e-04	
   3.7070432e-04	
  -3.9981362e-06	
   3.0317056e-05	
   7.5924858e-04	
   9.9624686e-04	
   9.2781630e-05	
  -3.7258718e-04	
  -9.7430771e-06	
   4.1687860e-04	
   2.7524432e-04	
  -2.2115690e-04	
  -1.1791156e-04	
   1.1949005e-04	
   2.8445222e-04	
   4.6168379e-05	
   1.3817717e-05	
   3.8734243e-04	
   2.8691665e-04	
  -2.4688285e-04	
  -4.9407532e-05	
   3.8623866e-04	
   3.4879437e-04	
   5.3215852e-05	
  -4.4306593e-05	
   5.4584098e-05	
   3.4852380e-04	
   3.7914775e-04	
  -3.2561363e-05	
  -2.6377856e-04	
  -5.9399961e-05	
  -3.6013329e-04	
  -6.6702863e-04	
   3.8141783e-05	
   6.0522967e-04	
   1.4360500e-04	
  -5.5100082e-05	
   1.0371203e-05	
   5.6615108e-06	
   9.9591115e-05	
  -2.0384081e-04	
  -8.0591758e-04	
  -1.7364131e-04	
   6.0006068e-05	
  -3.4028822e-04	
  -3.3788627e-04	
  -3.0941712e-05	
   3.4660801e-05	
   3.0977289e-05	
  -5.6413381e-05	
  -2.6129118e-04	
  -9.4279994e-05	
   1.4644945e-04	
   2.1264680e-04	
  -2.6336727e-04	
   7.4096153e-05	
   5.7400734e-04	
  -2.6202697e-04	
  -6.6180713e-04	
  -9.0974932e-05	
   4.7399396e-05	
   6.8476167e-05	
   2.4709035e-04	
   1.5473588e-04	
   2.3957947e-04	
   6.8335098e-05	
   1.0298538e-04	
  -2.6595483e-04	
  -1.0703597e-03	
  -2.7007710e-04	
   1.3249146e-04	
  -4.0879265e-07	
  -3.2429993e-05	
   8.5028794e-05	
   2.8626399e-04	
   4.7713760e-05	
   5.1067769e-05	
   2.8030493e-04	
   7.9656431e-05	
   8.0002053e-06	
  -5.6086604e-05	
  -2.5567107e-04	
  -6.5593014e-05	
   3.3027132e-05	
   5.8488806e-05	
  -1.1358715e-04	
  -5.4651623e-04	
  -4.8045057e-04	
  -6.8430855e-04	
  -6.1759253e-04	
  -1.4841049e-04	
  -1.9861465e-04	
  -9.2695608e-05	
   4.9182907e-05	
   3.9159928e-04	
   6.8924862e-04	
   3.5505758e-04	
   1.2539766e-04	
   1.8761923e-04	
  -1.8148252e-04	
  -8.7905162e-05	
   4.7024534e-05	
  -2.0865657e-05	
   7.4803681e-05	
   2.7603292e-04	
   1.1178712e-04	
  -9.2689413e-05	
  -2.5174887e-04	
  -5.6427683e-05	
   1.1124928e-05	
   7.7528596e-05	
   2.8067934e-04	
   4.4596041e-05	
   8.1840493e-05	
   2.1476413e-04	
  -1.8432597e-04	
  -1.1964887e-04	
   1.2091395e-04	
   2.5140036e-04	
   1.1502888e-04	
   3.2557581e-04	
   3.6330766e-04	
  -1.1657202e-05	
   1.1893421e-04	
   5.8651328e-04	
   8.6971369e-05	
  -3.3066273e-04	
  -6.3683715e-05	
   1.2444133e-04	
  -1.5655615e-04	
  -8.9648789e-04	
  -7.8866952e-04	
  -7.8564754e-04	
  -8.7641196e-04	
  -2.0970582e-04	
   1.7072966e-04	
   6.7899147e-04	
   6.8757125e-04	
   6.3417979e-05	
   3.2582378e-05	
   2.6061645e-04	
   1.6156259e-04	
   2.2453748e-04	
   1.3028469e-04	
   2.6490487e-04	
   4.9779114e-04	
   5.6237242e-04	
   1.9074234e-04	
   2.2178354e-04	
   1.2171370e-04	
  -8.7804036e-05	
  -2.6284164e-04	
  -3.4252946e-05	
  -4.3418666e-07	
  -3.0822143e-04	
  -4.0193083e-04	
  -2.7303200e-04	
  -1.0555613e-04	
  -2.1206028e-04	
  -1.0325726e-04	
  -3.0111665e-04	
  -3.2603642e-04	
  -5.7266786e-05	
   9.0269646e-05	
   2.9534385e-04	
   4.3489018e-04	
   6.7274986e-04	
   8.0902865e-04	
   6.0549104e-04	
   1.6939107e-04	
   2.2321777e-04	
   1.1828715e-04	
  -5.9938867e-05	
  -2.9982172e-04	
  -4.0919379e-04	
  -2.4107760e-04	
  -1.4925395e-04	
  -5.4724223e-04	
  -4.7593170e-04	
  -2.2927966e-04	
  -1.6312361e-04	
  -1.1942420e-04	
   5.1798259e-04	
   4.9534606e-04	
   3.2655491e-04	
   4.0848308e-04	
   2.7598041e-04	
   1.6791441e-04	
   5.3107800e-04	
   6.3486006e-04	
   3.6105640e-04	
  -2.7169223e-04	
   3.5599184e-04	
   2.1559786e-04	
  -2.9225461e-05	
  -2.7110305e-05	
  -3.2179284e-04	
  -3.2558218e-04	
  -6.7673590e-05	
   1.3787976e-04	
   2.1267464e-04	
  -1.9916182e-04	
  -9.5912052e-05	
   4.0297932e-04	
   1.1713087e-03	
   1.2744944e-03	
   1.7611872e-04	
  -5.6565070e-05	
   3.7303517e-04	
   3.6042870e-04	
   4.1249543e-05	
  -2.3647495e-05	
   7.6337032e-05	
  -1.3071946e-04	
  -5.0094977e-04	
  -1.9873666e-04	
  -1.9879914e-04	
  -6.7059223e-05	
   3.7708847e-05	
   1.1693405e-05	
  -1.2396885e-05	
   6.0770059e-05	
   3.0270086e-04	
   4.3045002e-04	
   7.0510723e-04	
   7.3530579e-04	
   3.4662813e-04	
   7.5433329e-05	
   2.9822647e-04	
   3.8645230e-04	
   4.8532415e-04	
   1.0780893e-04	
  -7.5567613e-04	
  -1.9642369e-04	
   6.1070251e-05	
  -3.5144371e-04	
  -2.4604977e-04	
  -2.3495139e-04	
  -7.6173897e-04	
  -2.6473660e-04	
   2.4869957e-04	
   4.8304238e-04	
   2.8627207e-04	
   4.5715702e-04	
   2.5918352e-04	
   1.5000673e-04	
  -1.4544007e-04	
  -1.7852869e-04	
  -1.7846928e-04	
   2.1968438e-04	
   5.2746926e-04	
   5.5017058e-04	
   1.8224162e-04	
   2.8177680e-04	
   1.0545029e-05	
  -7.1218959e-04	
  -6.1702613e-04	
  -1.2196215e-04	
  -6.5464630e-04	
  -1.0195224e-03	
  -4.0417112e-04	
  -2.3547348e-05	
   1.4432486e-04	
   5.5154451e-04	
   5.3519797e-04	
   6.4505054e-04	
   3.4059939e-04	
   1.3351482e-04	
   5.9421673e-04	
   4.9442684e-04	
  -1.4556032e-04	
  -4.9426595e-04	
   1.4439831e-04	
   2.3637082e-04	
  -2.6669339e-04	
  -7.3314049e-04	
   7.8330111e-05	
   1.7349782e-04	
  -3.6777856e-05	
   1.0172721e-06	
   7.5546904e-05	
  -1.2772774e-04	
  -5.2930977e-04	
  -1.2205778e-04	
   4.4589114e-05	
   4.7478864e-05	
   3.4695847e-04	
   3.1961344e-04	
   1.4984177e-04	
   1.8215306e-04	
  -1.5522664e-04	
  -1.6175157e-04	
  -1.9921220e-04	
  -1.0217655e-04	
  -3.0441947e-04	
  -3.0301810e-04	
  -9.8762637e-05	
  -2.3330795e-04	
  -6.2032305e-05	
   3.6500362e-05	
   1.0518721e-05	
   1.1503513e-05	
   1.3066299e-05	
  -2.1575144e-05	
   1.0938576e-04	
   2.1409773e-04	
  -1.8193039e-04	
  -1.1615708e-04	
   8.1852175e-05	
   3.5867433e-04	
   3.5567548e-04	
  -1.4349538e-05	
   1.1866304e-04	
   6.1816896e-04	
   1.2420078e-05	
  -5.8710363e-04	
  -1.2318522e-04	
   6.7201236e-05	
   2.1950336e-05	
   2.5035210e-05	
  -4.6432227e-04	
  -8.6232099e-04	
  -1.9992321e-04	
   1.6591567e-04	
   2.6742488e-04	
   1.0851044e-04	
  -1.1740617e-04	
  -1.8387173e-04	
   2.1564624e-04	
   1.1705116e-04	
  -5.7638345e-05	
   7.9903523e-05	
   3.1626053e-04	
   1.7222932e-05	
  -3.2075256e-04	
   1.3407821e-05	
   3.1136052e-04	
   1.0928800e-04	
  -9.7890027e-05	
  -2.5337898e-04	
  -1.8373662e-05	
  -5.8332480e-05	
  -2.2827572e-04	
   3.1415665e-04	
   3.1396136e-04	
  -2.4913653e-04	
  -2.0159633e-05	
   3.1886544e-04	
   7.7027332e-05	
   5.1944019e-06	
  -6.2947690e-05	
  -2.0565005e-04	
  -1.7748362e-04	
  -4.8186144e-04	
  -6.1666800e-04	
  -7.8282203e-04	
  -2.1235221e-04	
  -2.7080363e-04	
  -2.6383408e-04	
   1.8336067e-04	
   2.2361525e-04	
   5.6087896e-04	
   4.6362058e-04	
   3.7344251e-04	
   2.8880990e-04	
   1.2343968e-04	
   3.2247471e-04	
  -5.0286904e-05	
  -6.1745211e-04	
   4.7264906e-05	
   5.1564248e-04	
  -5.4981953e-05	
   1.4172231e-04	
   1.1856498e-04	
   1.4991989e-05	
  -6.2761486e-05	
  -2.5675024e-04	
  -2.5171878e-05	
  -5.8075848e-05	
  -1.8260919e-04	
   1.8616571e-04	
   1.2346836e-04	
   3.8709676e-04	
   6.1528622e-04	
   1.5287118e-04	
  -8.4289701e-05	
  -3.2214696e-04	
  -3.2694042e-04	
   1.9420127e-06	
  -3.3955007e-05	
  -2.6300672e-04	
  -6.2653988e-05	
   6.4664059e-05	
  -7.0108284e-05	
  -1.6491497e-04	
  -2.9124837e-04	
  -7.2600149e-04	
   1.1292163e-04	
   5.1163579e-04	
   2.7905112e-04	
   1.2391764e-04	
   2.7607959e-04	
   7.0221269e-06	
   1.2825143e-04	
   9.6150353e-04	
   7.9371638e-04	
  -5.9344560e-06	
  -3.0532665e-04	
  -7.3170325e-05	
   1.1535491e-04	
   2.7733882e-04	
   8.3964021e-05	
  -4.9200253e-05	
   8.7366964e-05	
   2.8609348e-04	
   8.2832283e-05	
  -5.1236526e-05	
   1.1947217e-04	
   1.8687147e-04	
  -1.1412877e-04	
   1.4944499e-04	
   1.8479331e-04	
   2.5698117e-04	
   8.8360524e-05	
  -7.4555586e-05	
   1.5413538e-04	
   5.5410009e-04	
   1.5375589e-04	
  -3.6280858e-05	
  -6.6631709e-05	
  -9.6658520e-05	
  -4.0337421e-04	
  -1.3763473e-03	
  -1.6559672e-04	
   6.3236377e-04	
  -1.6097076e-04	
  -6.7081761e-05	
   3.1695720e-04	
   1.2036236e-04	
  -6.2429729e-05	
  -3.8741235e-04	
  -1.3173125e-04	
   3.5611786e-04	
  -2.7649719e-04	
  -3.3953096e-04	
  -9.0364400e-04	
  -6.6395414e-04	
   2.2092119e-04	
   1.1834527e-04	
   2.8156853e-05	
  -6.8253265e-05	
  -6.9867977e-04	
  -5.7018001e-04	
   1.6803725e-04	
  -2.2980087e-04	
  -3.3203707e-04	
   3.1197454e-04	
   3.8615010e-04	
   4.8950117e-05	
  -4.6517512e-05	
   9.5214849e-05	
   2.5312776e-04	
   1.5021365e-04	
   2.5368448e-04	
   9.1307338e-05	
  -4.5942415e-05	
   8.1406430e-05	
   2.8372351e-04	
   1.1782654e-04	
  -1.2190149e-04	
  -1.9118956e-04	
   2.4615720e-04	
   7.3265197e-05	
  -3.9260907e-04	
  -2.5137387e-04	
   2.5117220e-04	
   4.7307351e-05	
   1.3830975e-04	
   4.7857862e-04	
  -5.6201028e-05	
  -2.5246879e-04	
  -4.9226243e-04	
  -1.5398351e-04	
   1.4204828e-04	
   2.8198985e-04	
   1.9559951e-05	
   1.2687325e-04	
   5.2987245e-04	
   2.1843853e-04	
   2.1247340e-04	
   1.4499398e-04	
  -1.2100658e-04	
  -5.9561975e-04	
  -3.9860406e-04	
   6.7256519e-06	
   3.8741217e-05	
  -1.9497565e-05	
   4.8033174e-05	
   3.5203265e-04	
   3.5308756e-04	
   8.9900247e-05	
  -1.4530750e-04	
  -1.1071875e-04	
   4.8338081e-04	
   1.8274760e-04	
  -5.0260165e-05	
   1.2812228e-05	
   7.8342855e-06	
   7.0572673e-05	
  -1.0099301e-04	
  -5.9656729e-04	
  -3.9544632e-04	
   8.7159048e-06	
   9.4468381e-07	
   7.0453198e-05	
   3.1307854e-04	
   1.9124095e-05	
  -3.1932918e-04	
   1.6533045e-05	
   3.1491126e-04	
   7.9124959e-05	
  -2.1594118e-05	
   1.7415950e-05	
   1.3840226e-05	
   1.5977176e-05	
   1.4848406e-05	
  -1.8659104e-05	
   7.7762354e-05	
   3.1406744e-04	
   1.1254250e-05	
  -2.8557817e-04	
  -5.6436462e-05	
   4.5136150e-05	
   1.3829305e-05	
   1.6010323e-05	
  -4.8164326e-05	
   1.5696820e-04	
   5.5457310e-04	
   1.2410662e-04	
   1.9547373e-05	
   2.9288992e-04	
   8.6541790e-05	
  -1.9371966e-05	
   4.7847885e-06	
   6.6929010e-05	
  -1.0999706e-04	
  -5.0493964e-04	
  -6.1094087e-04	
  -8.0544912e-04	
  -1.6710977e-04	
   9.3174570e-05	
  -6.9834937e-05	
   2.3655448e-04	
   3.4366267e-04	
  -6.5262909e-04	
  -2.5634609e-04	
   8.1213500e-05	
   7.6727612e-05	
   2.7438534e-04	
   8.2095373e-05	
  -1.3988517e-05	
   1.3302577e-05	
   2.0115082e-05	
   1.0456954e-05	
  -1.7200866e-05	
   1.1493011e-04	
   1.8493639e-04	
  -1.2010140e-04	
   1.8375603e-04	
   1.1753862e-04	
  -1.3249736e-05	
  -1.8739250e-05	
   8.6620201e-05	
   2.8168057e-04	
   8.4298138e-05	
  -1.9282746e-05	
   1.4154649e-05	
   1.6164667e-05	
   4.8549466e-05	
  -1.1987366e-04	
  -9.2285381e-05	
   3.9942103e-04	
  -1.0555755e-05	
  -2.7889766e-04	
  -8.3608605e-04	
  -8.6965292e-04	
  -6.3908387e-04	
   6.3186640e-05	
   6.0204544e-04	
   1.0825597e-04	
   5.0476323e-05	
   2.1107161e-04	
  -1.5689605e-04	
  -1.0164184e-04	
  -3.5962978e-04	
  -5.9504509e-04	
  -1.3143176e-04	
   1.3533650e-04	
   3.0472668e-04	
  -7.9936681e-07	
  -2.5502797e-04	
  -1.0701573e-04	
  -2.4153621e-04	
  -1.1518971e-04	
   5.8693418e-04	
   1.1972557e-03	
   1.6611839e-04	
  -3.3134943e-04	
   2.6991355e-04	
   4.6339975e-04	
   3.1718813e-04	
   4.7760860e-05	
  -1.1942397e-05	
   4.7596380e-05	
  -5.2861557e-05	
  -2.5516586e-04	
  -8.7106833e-05	
   1.1300494e-04	
   2.7972225e-04	
   7.9758265e-05	
  -1.6767847e-05	
   1.8026772e-05	
   1.3731129e-05	
   1.0744118e-05	
   1.8885363e-05	
   1.7935103e-05	
  -4.6151847e-05	
   1.5623530e-04	
   5.5151684e-04	
   1.1525615e-04	
   8.3511845e-05	
   1.4937113e-04	
  -4.5285562e-04	
  -1.5489990e-04	
   7.8130927e-05	
  -2.1515872e-05	
   7.8577026e-05	
   2.8963448e-04	
   5.7997584e-05	
   2.1853411e-05	
   3.5759829e-04	
   3.5077831e-04	
   5.3753956e-05	
   1.7160498e-05	
  -8.0301950e-05	
  -1.8828629e-04	
   2.3754615e-04	
   3.3103708e-05	
  -2.2614511e-04	
  -1.9001646e-04	
  -5.2268200e-04	
  -9.4646030e-05	
   4.4099621e-04	
   2.7670841e-04	
  -2.2363708e-04	
  -8.3432903e-05	
   7.4327787e-05	
  -7.3133096e-05	
  -1.8030713e-04	
  -2.1275258e-04	
  -8.7624558e-04	
  -7.7733621e-04	
  -4.0945227e-04	
  -2.0729945e-04	
   2.3208901e-04	
   1.0709403e-04	
  -4.5824916e-05	
   8.6091915e-05	
   2.5861623e-04	
   1.5076671e-04	
   2.5063106e-04	
   9.1429232e-05	
  -4.4079224e-06	
  -4.1484818e-05	
   1.2538214e-04	
   6.2243466e-04	
   4.2168681e-04	
   2.5341420e-05	
  -6.1818430e-06	
  -7.4592874e-06	
   8.1781434e-05	
   2.7711256e-04	
   1.1398546e-04	
  -8.5399196e-05	
  -2.5764858e-04	
  -5.7970798e-05	
   7.5335684e-05	
  -5.7014166e-05	
  -2.9034608e-04	
   1.2787265e-05	
   3.1722442e-04	
   8.2226884e-05	
  -5.0142218e-05	
   8.7537474e-05	
   2.8737891e-04	
   7.9278890e-05	
  -1.9972409e-05	
   4.3909942e-05	
  -5.6945431e-05	
  -2.2840528e-04	
  -1.2573974e-04	
  -2.2837342e-04	
  -6.1112672e-05	
   4.5840864e-05	
   1.7228378e-05	
  -4.8919885e-05	
   1.5330654e-04	
   5.5232024e-04	
   1.5394557e-04	
  -3.8132396e-05	
  -3.1307223e-06	
   2.7949509e-05	
   4.2251977e-04	
   6.2067410e-04	
   1.2539825e-04	
  -4.4144543e-05	
   2.1124472e-05	
   1.2473538e-05	
   4.3849709e-05	
  -5.5940950e-05	
  -2.6328785e-04	
  -6.8753408e-05	
   1.2828653e-04	
  -1.7588496e-04	
  -8.4350943e-04	
  -5.0520013e-04	
  -3.0617855e-04	
  -3.0834787e-04	
  -3.5070686e-05	
   4.2014567e-05	
  -1.9807710e-05	
   8.0080523e-05	
   2.8428047e-04	
   8.2256679e-05	
  -1.3256315e-05	
   1.8808817e-05	
  -1.6682350e-05	
   8.9965147e-05	
   2.9023504e-04	
   1.8309157e-05	
   1.1522222e-04	
   6.1826277e-04	
   1.4740129e-05	
  -5.8671453e-04	
  -1.1999615e-04	
   7.7216663e-05	
  -8.9601058e-07	
   4.1447695e-05	
  -5.0356624e-05	
  -2.9036408e-04	
   3.8394297e-06	
   3.7599538e-04	
  -6.0088019e-05	
  -5.6225796e-04	
  -1.2718140e-04	
   1.1107794e-04	
  -6.7899147e-05	
  -2.7157022e-04	
  -2.9136696e-05	
   3.7521239e-05	
  -4.3083570e-04	
  -5.1887509e-04	
   1.4852666e-04	
   1.5236013e-04	
   3.8569545e-04	
   6.2113371e-04	
   9.2098292e-05	
   8.2950696e-05	
   1.4684805e-04	
  -4.1603054e-04	
  -2.2110893e-04	
  -2.5399931e-04	
   7.7194656e-05	
   5.7538251e-04	
   1.7860964e-04	
  -1.2286744e-04	
  -2.2857532e-04	
  -8.9072005e-05	
  -2.6554289e-04	
  -4.3070944e-04	
  -2.3194068e-04	
   2.4707347e-04	
   1.1218584e-04	
  -6.0227967e-05	
   7.3765517e-05	
   3.7790916e-04	
  -1.2485822e-04	
  -8.2537047e-04	
  -2.1993176e-04	
   1.7799704e-04	
   2.4680408e-04	
   1.4887824e-04	
   2.1938778e-04	
   1.5358992e-04	
   3.1186598e-04	
  -5.1217399e-05	
  -5.5264208e-04	
  -1.2326782e-04	
   3.7095849e-05	
   1.3460531e-04	
   1.4102894e-04	
  -4.4261257e-04	
  -2.0857780e-04	
   1.5518139e-04	
   6.8851761e-04	
   6.9073837e-04	
   9.5435391e-05	
  -6.4812503e-05	
   9.0227461e-05	
   2.8307032e-04	
   1.0565791e-04	
  -4.7770312e-05	
  -3.4711010e-04	
  -2.8646931e-04	
   2.7824961e-04	
   5.1389655e-04	
   1.4695236e-04	
  -4.1705247e-04	
   1.2425996e-04	
   1.5271825e-04	
  -5.2692629e-05	
   8.0387972e-05	
   2.8719100e-04	
   8.4799048e-05	
  -1.8335047e-05	
   1.6212787e-05	
   1.6395823e-05	
   1.8039486e-05	
   8.9985443e-06	
  -2.2953732e-05	
   1.4577543e-04	
   1.4788621e-04	
  -4.8808098e-04	
  -8.5969785e-05	
   3.4883980e-04	
   7.5244057e-05	
  -2.5985883e-05	
   4.7932031e-05	
  -4.4974278e-05	
  -2.8779486e-04	
   4.9065527e-06	
   3.0564201e-04	
   1.6756702e-04	
  -2.3385606e-04	
  -7.6867619e-04	
  -2.3225751e-04	
  -2.3276586e-04	
  -3.3306066e-04	
  -8.8905743e-05	
   1.9076736e-04	
   4.9416736e-04	
   2.5611393e-04	
   5.6884290e-04	
   4.3526985e-04	
   3.2168033e-06	
   2.6465742e-05	
   3.6191007e-04	
   3.5880850e-04	
   5.1720486e-05	
  -4.5260204e-05	
   1.1783687e-04	
   2.0935253e-04	
  -1.6087294e-04	
  -1.2767476e-04	
  -2.9287281e-04	
  -3.2523508e-04	
  -2.5481581e-05	
   8.5946480e-06	
   7.9554066e-05	
   2.8118279e-04	
   8.3724481e-05	
  -2.3855252e-05	
   4.4379776e-05	
  -2.4765728e-05	
  -3.2536518e-04	
  -3.2978664e-04	
  -2.4341913e-05	
   4.0615641e-05	
   1.1565280e-05	
  -1.7904960e-05	
   8.9939482e-05	
   2.5274933e-04	
   1.5336749e-04	
   2.4744742e-04	
   1.0909147e-04	
  -6.1741612e-05	
  -2.6196437e-04	
  -4.6689385e-04	
  -5.6362417e-04	
  -1.0124925e-04	
   6.4573848e-05	
  -2.9901424e-06	
   6.8498528e-05	
  -1.3160882e-04	
  -4.9339039e-04	
  -1.8866159e-04	
  -2.1747807e-04	
  -5.7980687e-05	
   4.4619163e-04	
   6.4990211e-04	
   5.4518767e-05	
  -3.1750000e-04	
  -4.3133649e-05	
   4.8829621e-05	
   1.0205590e-05	
  -2.2772537e-05	
   1.1845507e-04	
   1.8524501e-04	
  -1.1032605e-04	
   1.5582443e-04	
   1.5882098e-04	
   3.2019595e-04	
   3.5335566e-04	
   6.0485207e-05	
  -4.5078856e-06	
  -4.4002330e-05	
   1.5828437e-04	
   5.5355464e-04	
   1.4661353e-04	
  -5.1936585e-05	
   8.1344421e-05	
  -1.2380920e-04	
  -5.3713547e-04	
  -7.5756590e-05	
  -4.1180566e-05	
  -5.4558474e-04	
  -5.4466157e-04	
  -5.0954017e-04	
  -1.7044268e-04	
  -1.7409083e-04	
  -1.6503498e-04	
  -1.5906076e-04	
   2.1871394e-04	
   8.5678207e-05	
   1.6309919e-05	
   3.5251928e-04	
   3.8561928e-04	
  -1.6762219e-05	
  -2.8192595e-04	
  -4.7214880e-05	
   1.7584997e-05	
   7.9365384e-05	
   2.7424752e-04	
   7.9550526e-05	
   4.9477199e-05	
  -1.4899170e-04	
  -4.7650542e-04	
   1.8810710e-04	
   4.4658239e-04	
   3.8124467e-04	
   3.8209834e-04	
  -8.1615998e-05	
  -5.5355104e-04	
  -9.2286620e-05	
   7.9935383e-06	
  -2.6693671e-04	
  -6.8084761e-05	
   7.1893093e-05	
  -2.7858862e-05	
  -3.3049458e-04	
  -3.2583895e-04	
  -2.4595000e-05	
   3.8699032e-05	
   7.3706399e-06	
   1.2771512e-05	
   2.0125048e-05	
  -1.5315539e-05	
   7.7272300e-05	
   2.7723056e-04	
   1.4343785e-04	
  -1.5656913e-04	
  -5.2327637e-04	
  -1.2196633e-04	
   6.8352621e-05	
   4.6246578e-06	
   4.0488880e-05	
  -6.2415156e-05	
  -2.6735396e-04	
   2.6347500e-05	
  -1.3908890e-04	
  -8.4059719e-04	
  -5.3629850e-04	
  -2.4105689e-04	
  -4.1492092e-05	
   7.0630080e-05	
  -5.0210469e-05	
  -3.4917935e-04	
   1.4811921e-04	
   8.8677649e-04	
   1.4852613e-04	
  -3.5128075e-04	
  -4.8578022e-05	
   7.9817678e-05	
  -6.6499077e-05	
  -2.2849732e-04	
  -1.2274838e-04	
  -2.5313407e-04	
   1.4137197e-05	
   2.8600586e-04	
   1.1858835e-04	
   3.2571511e-04	
   3.4102083e-04	
   1.1045095e-04	
   2.0546160e-04	
   6.3782245e-04	
   1.1362716e-03	
   2.6745945e-04	
  -9.7842119e-05	
  -1.9780458e-07	
   9.2656963e-05	
   2.8146516e-04	
   8.0104949e-05	
  -1.3928856e-05	
   1.6054372e-05	
   1.6147928e-05	
   1.3449180e-05	
   1.3532063e-05	
   1.1861979e-05	
   8.7165538e-06	
   4.4016401e-05	
  -5.2194120e-05	
  -2.5857747e-04	
  -8.7922567e-05	
   1.5246231e-04	
   1.8772296e-04	
  -1.8117614e-04	
   3.2495560e-04	
   6.6105842e-04	
   1.1582384e-04	
  -5.6427753e-05	
   8.2217149e-05	
  -8.5800573e-05	
  -6.3017369e-04	
  -3.2662695e-04	
   2.7441673e-04	
   1.0570670e-04	
  -2.2572403e-05	
   1.8854465e-05	
  -1.1413792e-05	
   8.0508981e-05	
   2.8688520e-04	
   8.7245129e-05	
  -4.6323006e-05	
   7.8302676e-05	
   3.1240895e-04	
   4.2953363e-05	
  -3.2823016e-04	
  -4.3109725e-04	
  -1.6325123e-04	
   1.0419612e-04	
  -4.3396565e-04	
  -1.9581911e-04	
   1.7938041e-04	
   2.1289418e-04	
  -2.2281144e-04	
  -1.4591030e-05	
   3.2356556e-04	
   5.0772733e-05	
   5.2127491e-05	
   2.8231447e-04	
   8.6764220e-05	
   8.9066518e-06	
  -5.2793206e-05	
  -2.5012401e-04	
  -5.0249285e-05	
  -1.3591311e-05	
   1.5352307e-04	
   5.1031667e-04	
   2.4694898e-04	
   2.1667072e-04	
  -3.1582169e-04	
  -6.5281140e-04	
  -2.4568456e-05	
   3.4467712e-04	
   7.8767950e-05	
  -5.6979327e-05	
   8.9086991e-05	
   3.1444746e-04	
   4.1612889e-06	
  -2.6374794e-04	
  -6.5111338e-05	
  -3.6881042e-04	
  -5.6716216e-04	
  -1.6530148e-04	
  -2.3255133e-04	
   7.8373476e-07	
   3.4064435e-04	
   1.4235502e-05	
  -3.1574092e-04	
   2.1371605e-05	
   2.8507856e-04	
   1.4109148e-04	
   2.8034092e-04	
   5.0743888e-05	
  -3.8257205e-04	
  -2.5534297e-04	
   2.4676461e-04	
   1.0862378e-04	
  -2.0132334e-05	
   1.2075984e-05	
   8.9300394e-06	
   3.7524437e-05	
   8.2384650e-06	
  -4.2557013e-04	
  -5.3134792e-04	
   1.6731999e-04	
   1.9676459e-04	
  -1.6618359e-04	
  -4.9563959e-04	
  -2.2045096e-04	
  -1.2752012e-04	
   2.0537387e-04	
   1.1057686e-04	
  -1.6335348e-05	
  -1.1489749e-05	
   8.8940258e-05	
   2.5276939e-04	
   1.5356550e-04	
   2.5671632e-04	
   7.7468711e-05	
  -2.3509170e-05	
   1.0605026e-04	
  -1.9367246e-04	
  -7.9773664e-04	
  -1.9680742e-04	
   1.0379917e-04	
   3.5957951e-06	
   5.9261547e-06	
   1.1917516e-05	
   1.3194548e-05	
   4.0027706e-05	
  -5.3962645e-05	
  -2.5598413e-04	
  -6.1993601e-05	
   3.6732427e-05	
   7.0288883e-05	
  -1.2896362e-04	
  -5.2890196e-04	
  -1.1977159e-04	
   7.3415883e-05	
  -2.3193838e-05	
   7.6787025e-05	
   3.1257274e-04	
  -2.5060504e-05	
  -1.3447056e-04	
   4.4562199e-06	
  -6.3178203e-04	
  -3.9918893e-04	
  -3.6875885e-04	
   1.3976079e-04	
   1.3442176e-04	
  -2.6127436e-05	
   1.2434108e-05	
   5.0649600e-05	
  -8.3584179e-05	
  -1.9665455e-04	
   2.0975350e-04	
   1.8025792e-04	
  -1.8455123e-04	
  -4.9330514e-04	
   2.1103285e-04	
   4.7372953e-04	
  -9.4971061e-05	
  -5.5854220e-04	
  -1.1757744e-04	
   7.3568516e-05	
   3.6110696e-07	
   3.9492865e-05	
  -4.9781026e-05	
  -2.8435239e-04	
   6.4960416e-06	
   3.0712108e-04	
   1.4065812e-04	
  -1.6000523e-04	
  -5.2429784e-04	
  -1.1957347e-04	
   7.7947319e-05	
  -2.9552717e-05	
   7.4534995e-05	
   3.2112839e-04	
   1.8530059e-05	
  -3.5264288e-04	
   1.1976894e-04	
   5.1879585e-04	
  -1.4745864e-04	
  -4.8895365e-05	
   2.9356565e-04	
   1.5519767e-04	
   2.4748052e-04	
   8.0286669e-05	
   2.0295611e-05	
  -5.5269412e-05	
  -2.5646061e-04	
  -6.2184230e-05	
   7.6970338e-05	
  -6.1980031e-05	
  -2.7012837e-04	
  -3.5934434e-05	
   6.3175371e-05	
  -4.7680502e-04	
  -8.3751975e-04	
  -2.2714475e-04	
  -1.9128036e-04	
  -6.1539714e-05	
   4.4512137e-04	
   6.2427723e-04	
   1.2908752e-04	
  -7.2777562e-05	
   6.5562924e-05	
   3.5751870e-04	
   3.4938396e-04	
   4.8183914e-05	
   1.8113041e-05	
  -5.2620206e-05	
  -2.5231869e-04	
  -5.2085153e-05	
   1.6388967e-05	
   5.0521039e-05	
   3.4881797e-04	
   3.5448893e-04	
   5.6435571e-05	
  -1.4590269e-05	
  -1.1050617e-05	
   1.1880010e-04	
   1.8215902e-04	
  -1.2117078e-04	
   1.9024509e-04	
   1.2310374e-04	
  -6.1983925e-05	
   7.0183096e-05	
   4.1857674e-04	
  -2.1399276e-04	
  -1.1240727e-03	
   2.1591640e-04	
   1.0455195e-03	
   1.0945143e-04	
  -3.5710812e-04	
  -3.3598931e-05	
   3.2483400e-05	
   4.8044910e-05	
   2.8834014e-04	
   5.2864271e-04	
   4.9413332e-04	
  -7.6046929e-05	
   1.6104670e-04	
   1.2399328e-04	
  -2.3120501e-05	
   7.2021241e-06	
   7.5225000e-05	
  -1.2654928e-04	
  -5.3534264e-04	
  -9.2136878e-05	
   4.3929577e-06	
  -2.7213697e-04	
  -7.1929673e-05	
   1.3548825e-04	
  -2.0272359e-04	
  -8.0066068e-04	
  -1.6291098e-04	
   3.5098988e-06	
  -2.0071747e-04	
   2.3073283e-04	
   3.7516006e-05	
  -2.2941059e-04	
  -1.9334648e-04	
  -4.8846324e-04	
  -1.6565241e-04	
   1.3256020e-04	
   3.3800758e-04	
  -6.1302062e-05	
  -5.5707493e-04	
  -1.2111774e-04	
   7.4740315e-05	
   6.7267139e-06	
   6.0328208e-06	
   1.3849719e-05	
   1.8381969e-05	
   1.4273227e-05	
  -1.6224050e-05	
   8.1230374e-05	
   2.9313554e-04	
   5.9975919e-05	
   1.5509047e-05	
   3.1600418e-04	
   5.4129739e-04	
   2.9913596e-05	
  -9.6922132e-04	
  -3.6593257e-04	
  -5.7086400e-04	
  -6.1040574e-04	
   1.9373854e-04	
   1.3597907e-04	
  -2.6195829e-05	
   1.4322622e-05	
   2.7018318e-05	
  -4.8561755e-05	
   1.5152533e-04	
   5.5639195e-04	
   1.4972047e-04	
  -5.6207931e-05	
   5.2316427e-05	
  -1.0922233e-05	
  -3.8808595e-04	
  -2.2190590e-04	
   6.1314570e-04	
   3.8021045e-04	
  -2.4945271e-04	
  -8.5610947e-05	
   1.7625684e-05	
   1.4221631e-04	
   1.3490261e-04	
  -4.6154609e-04	
  -1.2166532e-04	
   9.5159979e-06	
  -2.9434622e-04	
   5.3509608e-06	
   3.4248350e-04	
   2.4434732e-06	
  -2.6793871e-04	
  -6.2701483e-05	
  -3.6222891e-04	
  -6.0366676e-04	
  -9.8921524e-05	
   7.1452186e-05	
   7.3012972e-06	
  -1.8661623e-05	
   9.2572298e-05	
   2.2522595e-04	
   2.2342822e-04	
   4.9958250e-04	
   2.3221238e-04	
   1.6642124e-04	
   2.2705961e-04	
   5.3045578e-04	
   1.5546441e-04	
  -5.0314451e-05	
   1.5189491e-05	
   7.1376607e-05	
  -1.3254197e-04	
  -4.7025761e-04	
  -2.6674331e-04	
  -4.6436865e-04	
  -1.2198097e-04	
   1.8167970e-05	
   9.0199377e-05	
   6.5521152e-04	
   7.6292782e-04	
   3.9927495e-04	
  -7.5638472e-05	
  -2.0747680e-04	
   2.5192911e-04	
   4.1549369e-05	
  -2.9894433e-04	
  -2.8509107e-05	
   5.1337051e-06	
  -3.2816638e-04	
  -3.3145480e-04	
  -2.9269257e-05	
   3.3094575e-05	
   6.2943206e-05	
  -1.2917076e-04	
  -4.9306607e-04	
  -2.2567966e-04	
  -1.2941249e-04	
   2.0898703e-04	
   1.0750921e-04	
  -2.3861299e-05	
   8.8068592e-06	
   7.2677793e-05	
  -1.2970796e-04	
  -4.9846510e-04	
  -1.9652947e-04	
  -1.9799444e-04	
  -6.1045471e-05	
   4.0950685e-05	
  -1.9924684e-05	
   8.2152308e-05	
   2.8118232e-04	
   8.5429463e-05	
  -1.8793530e-05	
   1.5172234e-05	
   1.1969784e-05	
   3.9758832e-05	
  -6.1272503e-05	
  -2.2546962e-04	
  -1.3109517e-04	
  -2.2842883e-04	
  -3.1784716e-05	
  -3.5633841e-05	
  -2.4563222e-04	
  -7.1266159e-05	
  -3.0880352e-04	
  -7.4329439e-04	
  -6.4614499e-04	
  -5.4040372e-06	
  -1.1315693e-04	
  -4.3864866e-04	
   7.5835650e-05	
  -1.2265893e-04	
  -1.6187659e-04	
   2.3960779e-04	
   4.1678845e-04	
  -3.8588566e-04	
  -2.1929645e-04	
   1.5161513e-04	
   2.8068123e-04	
   7.8245918e-05	
  -2.2691306e-05	
   1.6169847e-05	
   4.5732464e-05	
  -5.2897306e-05	
  -2.8956852e-04	
   1.4165452e-05	
   3.1224753e-04	
   7.9556485e-05	
  -2.0399757e-05	
   1.6709656e-05	
   1.6465207e-05	
   1.0954554e-05	
   1.3660241e-05	
   1.0788640e-05	
   1.2386106e-05	
   1.8665452e-05	
   1.6890526e-05	
  -5.1070435e-05	
   1.8218752e-04	
   4.8373062e-04	
  -1.1676537e-04	
  -1.2115491e-04	
   4.7621596e-05	
   4.2969193e-05	
  -6.0004003e-05	
  -2.5859317e-04	
  -5.0025994e-05	
   1.3637579e-05	
   7.9475242e-05	
   2.4752123e-04	
   1.9040392e-04	
   1.5544677e-04	
  -1.4400413e-04	
   2.5540947e-04	
   3.8529637e-04	
   4.4017859e-05	
   8.2589734e-06	
  -2.6315156e-05	
  -2.9171948e-04	
  -4.0208417e-04	
  -2.9594848e-04	
  -2.9728778e-05	
   4.0679025e-05	
  -2.1959765e-05	
   8.5932143e-05	
   2.5196475e-04	
   1.5445816e-04	
   2.4945908e-04	
   8.9191067e-05	
  -1.5352402e-05	
   1.1954639e-05	
   5.1658719e-06	
   7.4372568e-05	
  -1.2763588e-04	
  -5.2308043e-04	
  -1.5622628e-04	
   1.4810670e-04	
   2.4362964e-04	
   1.4746183e-04	
   2.5528905e-04	
   9.2461378e-05	
  -4.8168609e-05	
   8.7720197e-05	
   2.8426825e-04	
   8.0980686e-05	
  -2.5010200e-05	
   5.0524975e-05	
  -5.0194457e-05	
  -2.8332219e-04	
  -1.9976704e-05	
   3.8436848e-04	
   3.4685953e-04	
   5.5387613e-05	
  -2.0116310e-05	
   5.4972690e-06	
   6.4591076e-05	
  -3.2368202e-05	
  -7.6921545e-04	
  -8.6837439e-04	
   1.2787819e-04	
   1.9509070e-04	
  -1.0171842e-04	
  -2.4793027e-04	
  -1.0224582e-04	
   1.2425713e-04	
   6.5038237e-04	
   7.9512825e-04	
   2.9548103e-04	
  -2.6529792e-04	
  -3.2655078e-05	
   3.8761991e-04	
   3.1167959e-04	
   1.8384194e-04	
   1.1211416e-04	
  -4.8513900e-04	
  -2.6125070e-05	
   2.0099967e-04	
  -4.7086348e-04	
  -1.0173801e-04	
  -6.4804833e-05	
  -5.2867646e-04	
  -1.3722910e-04	
   7.6138910e-05	
   7.5052012e-06	
  -8.9951341e-07	
   1.0716329e-05	
   7.5792757e-05	
  -1.5931682e-04	
  -4.5388375e-04	
   1.4949862e-04	
   8.5881698e-05	
   1.1503731e-04	
   5.1715235e-04	
   2.5572630e-04	
   1.5504433e-04	
  -1.8728600e-04	
  -8.3835696e-05	
   7.3380129e-05	
  -5.7000425e-05	
  -2.6442490e-04	
  -6.1792470e-05	
   6.8695883e-05	
  -3.3064821e-05	
  -3.3201412e-04	
  -2.9628785e-04	
  -1.2819083e-04	
  -1.2943042e-04	
   1.0875140e-04	
  -8.4428587e-05	
   1.4855386e-04	
   1.7189031e-04	
   2.7782103e-04	
   8.0649047e-05	
  -4.5612316e-04	
  -5.5679746e-04	
   2.7296734e-04	
   3.4103086e-04	
  -2.3075773e-04	
  -8.8925036e-05	
   5.2922304e-05	
   1.7072529e-05	
  -2.7439496e-05	
   8.0729936e-05	
   3.1388856e-04	
   8.9446714e-06	
  -2.9181341e-04	
  -2.4171769e-05	
  -2.4170512e-05	
  -2.6348521e-04	
  -6.1462837e-05	
   4.7454390e-05	
   9.4108422e-06	
  -2.5914499e-05	
   1.1469098e-04	
   2.1952726e-04	
  -2.1609440e-04	
  -4.6030390e-05	
   3.8302299e-04	
   3.4516764e-04	
   7.4602137e-05	
  -5.0383994e-05	
  -3.2687687e-04	
  -3.3834152e-04	
   2.7450234e-05	
  -3.9809642e-05	
  -7.0837524e-04	
  -5.6953443e-04	
   1.3479653e-04	
  -1.3731996e-04	
  -1.0466205e-04	
   7.2150156e-05	
  -5.6295682e-05	
  -2.6206579e-04	
  -5.7983052e-05	
   5.1451652e-05	
  -1.9062127e-05	
   4.7021271e-05	
   3.4831535e-04	
   3.8380479e-04	
  -1.9166380e-05	
  -2.8446998e-04	
  -5.4427022e-05	
   4.9589347e-05	
   1.0712984e-05	
  -2.5580778e-05	
   7.4604733e-05	
   3.4331705e-04	
  -5.7265011e-05	
  -5.5450708e-04	
  -1.5034728e-04	
   1.3830768e-04	
   2.5672045e-04	
   1.5294110e-04	
  -1.3383949e-04	
  -9.9458660e-04	
  -1.0296214e-03	
  -1.0032755e-04	
   5.0309223e-04	
   6.1161878e-04	
   9.3252922e-05	
  -2.8415905e-05	
   4.2241339e-04	
   6.1537059e-04	
   2.1254131e-04	
  -2.5146880e-04	
  -8.1922503e-04	
  -1.2451195e-04	
   3.7421546e-04	
   7.4134562e-05	
  -5.8363850e-05	
   8.2766085e-05	
   3.1758803e-04	
   9.6131060e-06	
  -2.8947559e-04	
  -5.4963185e-05	
   4.7467742e-05	
   1.1022103e-05	
  -2.1561945e-05	
   8.2393972e-05	
   2.8103541e-04	
   8.5673015e-05	
  -1.5920879e-05	
  -1.7278858e-05	
   8.4113704e-05	
   3.1235874e-04	
  -2.2857904e-05	
  -1.8798421e-04	
   1.4527895e-04	
  -1.5509076e-04	
  -9.3664683e-05	
   4.1467118e-05	
   1.6508023e-05	
   7.9193576e-06	
  -2.2326296e-05	
   1.1577641e-04	
   2.1300853e-04	
  -2.2164908e-04	
   7.0195958e-06	
   2.4476728e-04	
  -1.5331427e-04	
  -1.8888219e-04	
  -1.8510088e-04	
   2.8539533e-04	
   3.7111148e-04	
   3.9970293e-05	
   4.1901287e-05	
  -9.8295711e-05	
  -6.0301717e-04	
  -3.3744071e-04	
  -1.3466184e-04	
  -5.3487949e-04	
  -6.6615956e-05	
   3.3728064e-04	
   7.4146893e-05	
   4.7669782e-06	
  -5.5779880e-05	
  -2.4909493e-04	
  -5.6553111e-05	
   3.0781421e-06	
   7.9388866e-05	
   3.4316524e-04	
  -1.1788890e-04	
  -4.1511320e-04	
   4.2498969e-04	
   1.5153867e-04	
   8.2535513e-05	
   5.5206406e-04	
   1.8925701e-04	
  -1.5973406e-04	
  -1.2757818e-04	
   1.0457626e-04	
  -4.7442714e-04	
  -5.0643742e-04	
  -2.0810480e-04	
  -2.1074853e-04	
  -3.7447914e-04	
   6.6026959e-07	
  -4.2338890e-04	
  -1.2738778e-04	
   4.0971877e-04	
   3.4774252e-04	
   6.8159868e-05	
  -1.0114388e-04	
  -1.5656954e-04	
  -2.3101910e-04	
  -9.0169759e-04	
  -3.3011450e-04	
   5.7544889e-04	
   1.4496666e-04	
  -1.9406197e-05	
   3.5928770e-04	
   3.3649948e-04	
   1.2239839e-04	
   1.8946947e-04	
   2.5824507e-04	
   4.5378446e-04	
  -1.1666648e-04	
  -1.1912259e-04	
   5.0478654e-05	
   1.9979312e-05	
  -1.3687204e-05	
   1.9071591e-05	
   4.2155406e-04	
   6.1593050e-04	
   1.5307007e-04	
  -1.1849955e-04	
  -2.4751651e-04	
  -5.0261244e-05	
   3.7172342e-05	
  -2.9948134e-05	
   1.4069370e-04	
   1.3875921e-04	
  -4.6148101e-04	
  -1.2972891e-04	
   5.9150863e-06	
  -2.6380228e-04	
  -6.4151939e-05	
   4.0741842e-05	
   1.1646045e-05	
   5.5304010e-06	
   1.0437017e-05	
   1.6813065e-05	
   2.0176602e-05	
  -4.5353507e-05	
   1.2033605e-04	
   6.2239100e-04	
   4.1888519e-04	
   2.3553532e-05	
  -1.0679844e-05	
   1.1980965e-05	
   2.3452181e-06	
   9.9427095e-05	
  -1.9815805e-04	
  -7.9921990e-04	
  -1.9877566e-04	
   1.0175878e-04	
   2.1042881e-07	
   4.2630126e-06	
   1.0729616e-05	
   1.2652208e-05	
   1.4811142e-05	
   1.7973070e-05	
  -5.0027510e-05	
   1.5340454e-04	
   5.5346425e-04	
   1.2439289e-04	
   2.2602086e-05	
   2.5877435e-04	
   1.5704638e-04	
   2.5014885e-04	
   7.0751974e-05	
   1.1871431e-05	
   1.7698147e-06	
  -3.9843898e-04	
  -6.0674007e-04	
  -4.5000970e-05	
  -8.1379821e-05	
  -4.5344975e-04	
  -3.4934225e-04	
  -6.8010539e-04	
  -3.4753673e-04	
  -4.1584622e-04	
  -2.0491992e-04	
  -2.0942947e-04	
  -7.1120311e-05	
   6.8201817e-05	
  -3.2051207e-05	
  -3.6207598e-04	
  -2.3321384e-04	
   1.7016786e-04	
  -1.3566531e-04	
  -1.6206486e-04	
  -2.2195735e-04	
  -8.5061539e-05	
   7.6874286e-05	
   3.4838786e-04	
   3.5489810e-04	
   2.3616980e-05	
   4.4606171e-05	
   2.7572972e-04	
   1.7814141e-04	
  -2.2232215e-04	
  -8.5674254e-04	
  -5.8216763e-05	
   6.3678169e-04	
   1.7053030e-04	
  -1.2665158e-04	
  -2.5369569e-04	
  -5.4542432e-05	
   6.8093198e-05	
  -6.4139490e-05	
  -2.5970189e-04	
  -6.0574710e-05	
   3.9745026e-05	
   1.3449127e-05	
   1.7525419e-05	
  -5.8303116e-05	
   1.4789884e-04	
   6.1884687e-04	
  -1.3118249e-05	
  -5.8435842e-04	
   3.1457006e-04	
   6.1463604e-04	
  -1.2039552e-04	
  -2.1959694e-04	
  -1.8011408e-04	
   2.7955575e-04	
   4.0575716e-04	
  -2.1358856e-05	
  -2.9191619e-04	
  -5.8112640e-05	
   8.1404011e-05	
  -5.9999991e-05	
  -3.2975891e-04	
   1.0757387e-04	
   5.4746165e-04	
  -1.9707575e-04	
  -4.2461787e-04	
   8.9462880e-05	
   2.2620948e-04	
  -2.2117997e-04	
   3.8091869e-04	
   9.5338218e-04	
   1.4976932e-04	
  -4.1901015e-04	
  -3.1899489e-04	
  -2.6058784e-05	
   6.0560137e-05	
  -3.7702870e-05	
  -3.2962262e-04	
  -3.2681787e-04	
  -3.3901612e-05	
   3.1982596e-05	
   4.3586828e-05	
  -5.9702159e-05	
  -3.2979507e-04	
   1.3068671e-04	
   5.0431224e-04	
  -5.2603320e-04	
  -7.5538231e-04	
  -5.0944653e-05	
   4.8360937e-04	
   5.8045014e-04	
   1.8532071e-04	
   1.9145712e-04	
   1.8667393e-04	
   2.1476419e-04	
  -2.5756190e-04	
  -3.5853816e-04	
  -2.6435168e-05	
   4.0499948e-05	
   1.0539129e-05	
  -1.9660664e-05	
   5.4280112e-05	
   3.4545108e-04	
   3.4745183e-04	
   8.3590728e-05	
  -8.5690892e-05	
  -2.8904914e-04	
   4.6561838e-05	
   2.4362846e-04	
  -2.2709189e-04	
  -2.6756606e-05	
   3.4832367e-04	
   1.3225652e-05	
  -3.2514888e-04	
   1.5206347e-05	
   3.2171555e-04	
   4.7886329e-05	
   1.7376898e-05	
   3.5299446e-04	
   3.5610966e-04	
   4.9257755e-05	
  -2.2374535e-05	
   1.0088540e-05	
   7.2720686e-05	
  -1.3293538e-04	
  -5.2752879e-04	
  -1.2356647e-04	
   4.2591575e-05	
   4.4579344e-05	
   3.5153345e-04	
   3.2389472e-04	
   9.2138943e-05	
   3.2070984e-04	
   3.5900633e-04	
   5.0822783e-05	
  -2.0261762e-05	
   1.4580363e-05	
   4.5393143e-05	
  -8.9734103e-05	
  -1.8394867e-04	
   1.8391498e-04	
   1.4965427e-04	
   3.1646473e-04	
   3.5221484e-04	
   5.0820789e-05	
  -2.0475732e-05	
   3.7272235e-05	
  -3.1102169e-05	
  -2.9942240e-04	
  -3.8835293e-04	
  -3.4779521e-04	
   5.2690499e-05	
   6.5480088e-04	
   8.2453562e-04	
   6.2457636e-04	
   9.7118012e-05	
  -4.6775324e-06	
  -7.8527997e-05	
  -1.8902485e-04	
   2.1241298e-04	
   1.0533117e-04	
  -2.8728534e-05	
   3.2775532e-05	
   3.5680816e-07	
  -4.0534581e-04	
  -5.4715650e-04	
  -2.4676868e-04	
  -4.1153633e-04	
  -2.7263770e-04	
  -5.0238335e-04	
  -9.4216628e-05	
   4.0501742e-04	
   3.4262993e-04	
   4.8667283e-05	
  -1.3749425e-05	
  -9.9957033e-06	
   7.7599396e-05	
   2.7309590e-04	
   1.0740584e-04	
  -6.0191328e-05	
  -3.3499899e-04	
  -3.0796655e-04	
  -4.2953540e-05	
  -3.4285850e-04	
  -6.7387617e-04	
  -3.9672987e-04	
   7.4256043e-05	
   2.4130440e-04	
   2.1104896e-04	
   5.1664164e-04	
   1.5127234e-04	
  -1.8588381e-05	
  -5.3244928e-05	
  -2.5531577e-04	
  -6.3317443e-05	
   3.4280003e-05	
   3.7836027e-05	
  -6.3561880e-05	
  -2.5980886e-04	
  -5.9553479e-05	
   3.9108026e-05	
   6.7970950e-06	
   6.5386927e-06	
   8.8922027e-06	
   1.2521735e-05	
   1.5296216e-05	
  -1.7219710e-05	
   4.9886671e-05	
   3.4922242e-04	
   3.4860026e-04	
   5.1177202e-05	
  -1.0727988e-05	
  -1.1861584e-05	
   5.4514855e-05	
   3.4499371e-04	
   3.4254645e-04	
   7.4009364e-05	
  -3.2716131e-05	
  -4.0038574e-04	
  -5.3732510e-04	
  -2.4502016e-04	
  -4.7613448e-04	
  -1.0753535e-04	
  -1.1923924e-05	
  -2.7048108e-04	
  -3.8165106e-06	
  -1.0478925e-04	
  -5.3824437e-04	
  -7.6997950e-05	
  -7.2862522e-05	
  -5.0592801e-04	
  -2.0400412e-04	
  -2.0775593e-04	
  -6.8211552e-05	
   9.6939655e-05	
  -1.5753696e-04	
  -4.9273166e-04	
   2.1521583e-04	
   3.8240608e-04	
   1.0774102e-04	
   2.2722056e-04	
   1.6855126e-04	
  -1.5413066e-04	
  -9.2842046e-04	
  -8.6511700e-04	
   2.6667068e-04	
   1.0982738e-03	
  -6.3944377e-05	
  -4.5610168e-04	
  -1.5558719e-05	
   4.3630099e-05	
   3.7131792e-05	
  -9.1265035e-05	
  -2.1248909e-04	
   2.4723779e-04	
   4.5060489e-04	
   3.1414751e-04	
   5.1291302e-05	
  -1.6047434e-05	
   1.7872528e-05	
   7.3985941e-06	
   9.7607004e-06	
   9.7340678e-06	
   1.4329997e-05	
  -2.2025561e-05	
   8.2151541e-05	
   2.7060031e-04	
   8.3116545e-05	
   1.5939245e-05	
  -9.3092560e-05	
  -2.3661785e-04	
   4.0517011e-04	
   1.0244371e-04	
  -1.0623345e-03	
  -2.6253826e-04	
   5.1003429e-04	
   2.3168391e-04	
  -1.3203209e-04	
   1.1485884e-04	
  -1.4637576e-04	
  -1.2857481e-04	
   1.3351629e-04	
   1.9563456e-04	
  -1.0265906e-04	
  -2.9722672e-04	
  -7.5894827e-04	
  -2.6268629e-04	
   2.3788794e-04	
   5.3503702e-04	
   1.3926755e-04	
  -2.0859485e-05	
  -4.9242356e-05	
  -2.6124881e-04	
  -6.4154063e-05	
   6.4531014e-05	
  -5.6157120e-05	
  -2.6259266e-04	
  -1.0037764e-04	
   1.2643458e-04	
   2.9249952e-04	
  -3.7478582e-04	
  -9.6702534e-04	
  -4.3436065e-04	
  -2.5430233e-06	
   1.0051270e-04	
   2.6850516e-04	
   4.1142476e-05	
   7.4973955e-05	
   2.6765852e-04	
  -3.2919652e-04	
  -5.9624633e-04	
  -1.9390002e-04	
  -1.6213094e-04	
   2.6955719e-04	
   3.7256783e-04	
   4.8943527e-05	
  -2.1586572e-05	
   1.6059653e-05	
   1.4008287e-05	
   4.0265382e-06	
  -7.0605241e-06	
   6.7304191e-05	
  -6.9496926e-05	
  -6.8255920e-04	
  -6.8445133e-04	
   5.6322545e-05	
  -2.4194567e-04	
  -1.0400886e-03	
   3.2850586e-05	
   5.4301930e-04	
   3.0818202e-04	
   4.1302732e-05	
  -4.7407190e-05	
   1.1917068e-04	
   2.0791889e-04	
  -1.9403914e-04	
  -9.5327067e-05	
   7.2904943e-05	
  -6.3378567e-05	
  -2.6135749e-04	
  -5.8703277e-05	
   1.0742720e-05	
   7.3682091e-05	
   2.7680304e-04	
   7.8539797e-05	
  -2.0383208e-05	
   1.1261277e-05	
   1.0992485e-05	
   8.7916018e-06	
   8.0607334e-06	
   6.6681800e-06	
   4.4792015e-06	
   3.9454533e-05	
  -6.3179560e-05	
  -2.5896445e-04	
  -6.1858550e-05	
   3.3424656e-05	
   1.6183063e-06	
   6.6559906e-05	
  -1.6394106e-04	
  -4.3201257e-04	
   6.9958247e-05	
  -1.3162699e-04	
  -1.0219231e-04	
   3.6701924e-05	
   4.1227760e-05	
  -9.3472402e-05	
  -1.9121239e-04	
   2.1440630e-04	
   7.6884257e-05	
   4.4933781e-05	
   2.7993435e-04	
   8.0269028e-05	
  -2.3204063e-05	
   1.6010258e-05	
   1.9258863e-05	
  -5.3502185e-05	
   1.4461224e-04	
   5.5663084e-04	
   1.5307686e-04	
  -1.1029613e-04	
   1.4790551e-04	
   5.7419189e-04	
   9.8921642e-05	
  -3.0314796e-04	
  -5.6411098e-04	
  -7.3377828e-04	
  -5.2041540e-06	
  -4.0119935e-05	
   1.6757546e-04	
   1.0413370e-04	
  -2.0522513e-05	
   1.0467969e-05	
   8.8511328e-06	
   8.8638709e-06	
   8.0168256e-06	
   1.0619375e-05	
  -1.9521124e-06	
   9.5095197e-06	
   7.5535045e-05	
  -1.8946877e-04	
  -4.2432771e-04	
   5.1120951e-04	
   3.7208946e-04	
  -1.5618864e-04	
   1.1093398e-04	
  -1.5999449e-04	
  -1.0265410e-04	
   1.2605964e-04	
  -2.0100728e-04	
  -8.0519778e-04	
  -2.0226911e-04	
   1.0172355e-04	
  -7.9464327e-06	
  -7.9352168e-07	
   3.9588251e-05	
  -6.2620063e-05	
  -2.7365056e-04	
  -1.0176898e-06	
  -9.7302623e-05	
  -5.2944848e-04	
  -1.9190971e-04	
   2.1033901e-04	
   5.1566425e-04	
   2.1046657e-04	
   2.1039955e-04	
   8.9643125e-05	
   5.3797923e-05	
  -2.2478056e-04	
  -3.3141344e-04	
   7.4344897e-04	
   1.4348517e-04	
  -6.5960053e-04	
  -8.9602415e-05	
   4.4920930e-04	
   2.6579187e-04	
  -2.3907154e-04	
  -2.4953678e-05	
  -9.4105649e-05	
  -5.3437498e-04	
  -1.3984493e-04	
   7.2655196e-05	
   1.7255836e-05	
  -4.8373138e-05	
   5.8278755e-05	
   7.5966158e-04	
   9.5732102e-04	
   1.5691929e-04	
  -7.6550376e-05	
   2.7158561e-05	
   1.5077409e-05	
  -2.1296268e-05	
   8.3123920e-05	
   2.4777841e-04	
   1.0949084e-04	
   3.7852140e-04	
   2.1110194e-04	
  -4.8995429e-04	
  -1.5929280e-04	
   7.3586334e-05	
   1.8048548e-06	
   3.2948644e-06	
   1.4266542e-05	
  -1.6213572e-05	
   4.5294843e-05	
   3.4926407e-04	
   3.4577941e-04	
   4.9875727e-05	
  -1.8526413e-05	
   8.9017076e-06	
   2.5254419e-06	
   6.7429389e-05	
  -1.3320454e-04	
  -5.3304335e-04	
  -1.2882626e-04	
   7.0607542e-05	
  -2.9855770e-05	
   7.4381241e-05	
   2.8305486e-04	
   4.9490864e-05	
   4.3895676e-05	
   2.7910044e-04	
   1.0545566e-04	
  -9.1487229e-05	
  -2.2924031e-04	
  -1.5725146e-04	
  -1.6355443e-04	
   2.0936156e-04	
   7.3989953e-05	
   4.8880125e-05	
   2.5355675e-04	
   1.5466248e-04	
   1.8281722e-04	
   2.5694270e-04	
   4.2996280e-04	
  -8.1172731e-05	
   1.5834491e-04	
   5.9009263e-04	
   3.9016128e-04	
  -2.8428277e-04	
   3.5107059e-04	
   2.1531873e-04	
  -2.8772259e-05	
  -6.6755432e-05	
  -2.2720086e-04	
  -1.2929667e-04	
  -2.3405117e-04	
  -8.8704140e-05	
   1.0945190e-04	
   2.1626285e-04	
   2.2055374e-04	
   4.9313539e-04	
   1.9382810e-04	
   2.6169521e-04	
   4.2737865e-04	
   2.9123533e-04	
   1.2035251e-04	
   2.5090057e-04	
   8.4994928e-05	
  -2.3468471e-05	
   1.1718474e-05	
   9.1279549e-06	
   5.3876452e-06	
   1.7619394e-06	
   3.8869188e-05	
  -6.3518279e-05	
  -2.6175008e-04	
  -6.5453066e-05	
   3.9432455e-05	
   1.1160788e-05	
  -1.5667639e-05	
   1.9110348e-05	
   3.9576144e-04	
   6.7115332e-04	
   4.0769484e-04	
   3.3937048e-04	
   8.0578129e-04	
   9.3680790e-04	
   1.6449867e-04	
  -8.4836926e-05	
   1.1811723e-05	
   9.9680972e-05	
  -1.7539986e-04	
  -8.8114848e-04	
  -4.4016938e-04	
  -4.1172985e-05	
  -2.3273329e-04	
  -1.2636998e-04	
   1.5141489e-04	
   5.5199120e-04	
   5.8265609e-04	
   4.9064329e-04	
  -1.4038790e-04	
  -1.4965952e-04	
   1.1311598e-04	
   3.1029475e-04	
   4.8238878e-06	
  -3.2966846e-04	
   4.5147467e-05	
   2.4374298e-04	
  -2.1963476e-04	
  -5.5427627e-05	
   3.5388784e-04	
   4.1636595e-04	
   3.1095832e-04	
   4.6025682e-05	
   1.6587006e-05	
  -6.2435865e-05	
  -2.6303274e-04	
  -3.6499990e-05	
  -3.1393115e-05	
  -2.6476474e-04	
  -6.3529076e-05	
   3.1362795e-06	
   1.0487639e-04	
   1.9732633e-04	
  -1.7005328e-04	
  -1.3900105e-04	
  -2.4205783e-04	
  -4.7802337e-04	
  -5.4546350e-04	
  -1.7557179e-04	
  -2.1099686e-04	
  -7.7664001e-05	
   6.6901693e-05	
  -6.2376688e-05	
  -2.9604300e-04	
   6.5403447e-06	
   3.1696653e-04	
   4.9957418e-05	
  -8.6217939e-06	
   3.9250936e-04	
   6.6016457e-04	
   4.5489472e-04	
   2.9928381e-04	
   2.9656745e-05	
   1.2696700e-05	
   3.6137152e-04	
   3.9026352e-04	
  -4.4608797e-04	
  -1.2851882e-03	
  -8.4764592e-04	
  -2.5120902e-04	
  -1.0124394e-04	
  -2.5816005e-04	
   2.3159565e-05	
  -1.7991360e-04	
  -8.1795181e-04	
  -1.1290742e-04	
  -1.1664949e-04	
  -8.1664260e-04	
  -1.8015556e-04	
   3.4558725e-05	
  -3.0338868e-04	
  -6.6252575e-06	
   3.1603757e-04	
   9.1014875e-05	
  -1.1151336e-04	
   1.6175900e-04	
   9.5557639e-04	
   7.5391970e-04	
   8.7798726e-05	
  -1.1922478e-04	
  -2.6553328e-04	
   2.5314682e-05	
  -1.1797935e-04	
  -9.4668037e-04	
  -7.4420712e-04	
  -3.9266606e-05	
   2.9828241e-05	
   6.3129174e-05	
   2.4410312e-04	
   1.5155696e-04	
   2.3947858e-04	
   7.4033495e-05	
   3.8773071e-05	
  -1.3324206e-04	
  -5.3411850e-04	
  -9.8370582e-05	
  -3.3772137e-05	
  -2.0509084e-04	
   1.9840119e-04	
   1.4726978e-04	
  -1.1814738e-04	
  -2.5824825e-04	
   3.4737324e-04	
   6.7568924e-04	
   4.1445205e-05	
  -3.2086454e-04	
  -5.2549235e-05	
   1.5658907e-05	
   8.1443600e-05	
   2.2260612e-04	
   1.6000340e-04	
   6.2550679e-04	
   7.6109469e-04	
   3.6319710e-04	
  -2.2552862e-06	
   3.2889827e-05	
   3.2844504e-04	
   3.8491293e-04	
   3.8574200e-04	
   3.1842276e-04	
   5.3349263e-05	
  -1.9723128e-05	
   1.2583077e-05	
   4.2112176e-06	
   9.7604585e-06	
   8.6449160e-06	
  -7.8778393e-06	
  -1.1593889e-05	
   1.5917492e-04	
  -3.4093309e-04	
  -1.3715937e-03	
  -2.7076304e-04	
   3.9601514e-04	
   1.3021790e-04	
   2.4025431e-04	
   5.1568844e-05	
   2.4427086e-05	
   3.5690256e-04	
   3.2947541e-04	
   2.4652182e-05	
   4.5926597e-04	
   8.9188589e-04	
   1.8327495e-04	
  -6.2287952e-05	
  -2.6215022e-05	
  -2.6768955e-04	
  -4.7601725e-04	
  -5.7358183e-04	
  -1.0252418e-04	
   2.5192670e-05	
   8.1814002e-05	
   2.6296672e-04	
   3.5735297e-05	
   4.2917231e-04	
   1.4029451e-03	
   1.0008288e-03	
  -1.8372712e-04	
  -1.5242190e-04	
   1.7924619e-04	
  -2.7565419e-04	
  -1.0850200e-03	
  -2.4459677e-04	
   6.1289967e-05	
  -2.8276783e-04	
  -7.5838423e-05	
   4.5450951e-05	
   1.6948918e-05	
  -9.0954459e-05	
   2.1692029e-04	
   8.1686444e-04	
   2.1676565e-04	
  -8.9118261e-05	
   1.2623817e-05	
   4.6142395e-05	
  -6.1588212e-05	
  -2.9801213e-04	
   6.5209337e-06	
   3.0751189e-04	
   7.7589366e-05	
  -5.2942818e-05	
   5.1054747e-05	
   3.4333569e-04	
   3.3765659e-04	
   1.0514319e-04	
  -1.5893255e-04	
  -5.3256509e-04	
  -1.3417916e-04	
   9.3880623e-05	
  -7.1956223e-05	
  -2.7005681e-04	
  -5.3709494e-05	
   1.5278817e-05	
   1.6058880e-05	
   3.8107894e-04	
   6.8610923e-04	
   3.8404964e-04	
   4.2480974e-05	
  -9.9010909e-05	
  -1.7310163e-04	
  -2.4054035e-04	
  -8.1168365e-04	
  -6.0599844e-04	
  -9.9911485e-05	
   4.7444626e-04	
   1.8287286e-04	
   3.2329044e-04	
   6.4812739e-04	
   4.8204198e-04	
   3.1474512e-04	
  -4.3625485e-04	
  -9.3752534e-04	
   1.7499371e-05	
   8.5497077e-05	
  -1.0161257e-03	
  -3.1136719e-04	
   9.5153194e-05	
   1.0112541e-04	
   2.0429753e-04	
  -2.4628789e-04	
  -1.1638611e-05	
   7.1663819e-04	
   6.8536996e-04	
   8.0894369e-05	
  -4.7912036e-05	
   2.0481626e-05	
   3.7147763e-06	
   2.2005914e-06	
   3.5999818e-05	
  -7.1491303e-05	
  -2.7635152e-04	
   2.6623909e-05	
  -1.7514221e-04	
  -8.0911951e-04	
  -2.0636949e-04	
   1.0038118e-04	
  -2.5869636e-05	
   4.5402536e-05	
   2.8845649e-04	
   4.6012059e-04	
   6.5853971e-04	
   3.6158351e-04	
   6.3356855e-05	
   3.2646907e-04	
   3.2426382e-04	
   1.1657668e-04	
   2.4122935e-04	
   7.7325046e-05	
   3.4512268e-05	
  -1.4633398e-04	
  -4.8525046e-04	
  -1.9616928e-04	
  -6.3786257e-04	
  -1.0352246e-03	
  -7.6970928e-04	
  -7.5547553e-04	
  -5.4722217e-04	
   1.2758083e-04	
   2.0525646e-04	
   6.4557800e-04	
   6.8472863e-04	
   8.8331201e-05	
  -5.2976572e-05	
   3.6180045e-05	
  -3.5654998e-05	
  -2.7934701e-04	
  -4.7338839e-04	
  -5.7523938e-04	
  -1.1151472e-04	
   5.7884623e-05	
   3.0249937e-05	
  -1.0001456e-04	
  -1.9688483e-04	
   2.1253883e-04	
   1.1232391e-04	
  -8.5810839e-05	
   1.1620168e-04	
   6.2582480e-04	
   3.8665798e-04	
   5.4946824e-05	
   3.2087651e-04	
   3.5152873e-04	
   4.6046934e-05	
   6.7161588e-06	
  -9.4073494e-05	
  -1.5984038e-04	
   1.3876405e-04	
  -1.9298865e-04	
  -5.6317069e-05	
   3.8147347e-04	
   3.1117709e-04	
   1.0556722e-04	
   2.7490271e-04	
   4.8927656e-05	
  -3.9073818e-04	
  -2.8502039e-04	
   2.7945574e-04	
   4.1154783e-04	
   3.6988380e-04	
   3.4588915e-04	
  -1.0257882e-05	
  -2.7901253e-04	
  -1.5526540e-04	
   2.5241752e-04	
   8.1935365e-04	
   1.6085990e-04	
   3.1668144e-06	
   6.7040461e-04	
   6.9777235e-04	
   5.2315613e-04	
   4.8883052e-04	
  -1.4224080e-04	
  -1.1933098e-04	
   4.6399158e-05	
   4.1778030e-06	
  -3.0572756e-05	
   1.0261546e-04	
   2.0606322e-04	
  -2.0221117e-04	
  -6.4455376e-05	
  -3.1762048e-05	
  -2.5907862e-04	
  -9.5695404e-05	
   8.0481251e-05	
   3.1690635e-04	
   3.9306868e-04	
   3.3512696e-04	
   4.1776814e-04	
   6.1356696e-04	
   5.9161247e-04	
   2.2186590e-05	
  -1.1439321e-03	
  -2.2802869e-05	
   1.1967873e-03	
   3.1948305e-04	
  -1.7501524e-04	
  -7.3233573e-04	
  -9.3012379e-04	
  -1.5054110e-04	
   9.1908194e-05	
  -3.3780043e-05	
   4.5592232e-05	
   2.9558221e-04	
   4.6272868e-04	
   5.9177885e-04	
   5.2840264e-04	
   5.5965601e-04	
   1.2344576e-04	
  -4.9628062e-05	
   1.5250385e-05	
   4.3219299e-06	
  -1.6465655e-06	
   2.7354146e-05	
  -2.9777005e-05	
  -3.4136149e-04	
  -3.4257058e-04	
  -9.3123476e-06	
   1.9583976e-05	
  -4.4923025e-04	
  -4.7705134e-04	
   2.3849641e-05	
  -4.1300791e-04	
  -1.4990472e-04	
   2.3791715e-06	
  -2.6123507e-04	
  -1.3751738e-04	
   1.6051516e-04	
   6.3501877e-04	
  -6.9032419e-05	
  -8.6018047e-04	
  -2.3100872e-04	
   1.6912704e-04	
   2.6755096e-04	
   7.1390118e-05	
  -8.4389529e-05	
   1.5036598e-04	
   5.4441424e-04	
   1.4298355e-04	
  -5.6117714e-05	
   1.9124319e-05	
  -1.9500833e-05	
   4.3844458e-05	
   3.4279342e-04	
   3.4775013e-04	
   1.8830930e-05	
   5.3611884e-05	
   2.1875424e-04	
   2.1742214e-04	
   5.1999839e-04	
   1.1757372e-04	
  -1.0327041e-05	
   3.5118057e-04	
   3.4145158e-04	
   3.0624776e-05	
   6.8206891e-05	
  -1.9628285e-04	
  -8.1186065e-04	
  -2.2050105e-04	
   1.8058791e-04	
  -1.8677146e-04	
  -8.7331387e-04	
  -4.9613336e-04	
   3.6020651e-05	
   3.9660479e-04	
   7.3582971e-04	
   2.0707436e-04	
  -4.1904367e-04	
   4.1498323e-05	
  -1.2005037e-04	
  -1.2700818e-04	
   7.7703649e-05	
   2.8924414e-04	
   4.8736956e-04	
   5.1772730e-04	
   2.8906891e-04	
   4.1866760e-04	
  -1.1552808e-04	
  -1.2452275e-04	
   3.4624368e-05	
   2.5668988e-05	
  -3.6500964e-05	
  -3.0600108e-04	
  -4.3603850e-04	
  -2.3989005e-04	
   2.6614505e-04	
  -2.2421764e-06	
  -2.3420316e-04	
   1.9957971e-04	
   1.3574449e-04	
  -7.3798616e-05	
  -3.4069503e-04	
  -3.0143147e-04	
  -1.0056574e-04	
  -2.6489761e-04	
  -2.6149225e-05	
   3.3409665e-04	
   4.0706419e-04	
   3.6733595e-04	
  -8.9309244e-05	
  -5.5849902e-04	
  -1.3408399e-04	
   3.1979298e-05	
   1.3761644e-04	
   6.7683974e-05	
  -3.5352676e-04	
   4.4991789e-04	
   4.7103712e-04	
  -3.3489497e-05	
   1.3975649e-04	
   7.6515566e-05	
  -7.6898240e-04	
  -1.7352620e-04	
   4.2893513e-04	
  -1.0599108e-04	
  -4.7795935e-04	
   6.7116512e-05	
  -1.2516697e-04	
  -9.8074697e-05	
  -3.2804319e-05	
   1.4532508e-04	
   5.5520475e-04	
   1.1981921e-04	
  -8.3408359e-05	
   5.1779757e-04	
   8.5075109e-04	
  -1.6313807e-04	
  -4.3524672e-04	
   4.2077661e-05	
  -1.0070722e-04	
  -5.5636705e-04	
  -1.5477352e-04	
   1.8813548e-04	
  -2.8602763e-04	
  -1.0796534e-03	
  -2.7068934e-04	
   9.9444795e-05	
   2.8436537e-05	
   3.4040605e-04	
   3.1302639e-04	
   1.0564782e-04	
   2.6323983e-04	
   1.0115084e-04	
  -5.0689496e-04	
  -8.7055680e-04	
  -1.7249116e-04	
   6.0305729e-05	
   6.0578840e-05	
   2.7257752e-04	
   4.1085541e-05	
   4.1158890e-05	
   3.0061479e-04	
   3.3966595e-05	
  -3.6862775e-04	
  -3.0058636e-04	
  -1.3458573e-04	
  -1.6929720e-04	
   2.0213955e-04	
   7.5696292e-05	
   1.5878363e-05	
   3.2132232e-04	
   3.9295705e-04	
   3.3046514e-04	
   4.4590737e-04	
   5.5155890e-04	
   2.8152328e-04	
   1.6185417e-05	
  -7.9382789e-04	
  -6.6810774e-05	
   5.6066797e-04	
  -7.2350048e-05	
  -3.0350662e-04	
  -4.2620420e-04	
   1.1595388e-04	
   1.8043634e-04	
   2.5048792e-04	
   4.2316423e-04	
   7.2689534e-04	
   6.6201835e-04	
   5.6546054e-05	
   2.8950386e-05	
   2.5401494e-04	
   1.4209814e-04	
   2.3110908e-04	
   1.4170986e-04	
  -1.6274772e-04	
  -5.6550957e-04	
  -6.3497924e-05	
   3.5725190e-04	
  -4.4772433e-05	
  -1.3758204e-04	
  -4.6275328e-06	
  -7.3964996e-04	
  -1.1271513e-04	
   2.2503190e-04	
  -4.7543870e-04	
  -1.7409826e-04	
   6.7372867e-05	
   7.3129497e-07	
  -1.2348600e-05	
   3.1137622e-05	
  -3.5315707e-05	
  -3.3807885e-04	
  -3.3780120e-04	
  -3.6204489e-05	
   3.0352580e-05	
  -6.6461081e-06	
  -2.1229628e-06	
   3.2660719e-05	
  -6.4654442e-05	
  -2.6779410e-04	
  -7.1374129e-05	
   2.6320478e-05	
   5.7138361e-05	
  -1.4391233e-04	
  -5.0622094e-04	
  -2.0541357e-04	
  -2.1076481e-04	
  -7.7190526e-05	
   5.7307113e-05	
  -6.9477397e-05	
  -2.6875562e-04	
  -6.7516296e-05	
   3.3559731e-05	
  -2.6584716e-06	
   3.5480175e-06	
   6.1263653e-06	
  -2.6488711e-05	
   7.0362220e-05	
   2.7792092e-04	
   7.0268292e-05	
  -5.2020660e-05	
   8.6637960e-05	
   2.4139413e-04	
   6.8171432e-05	
   5.0128146e-04	
   3.3713302e-04	
  -9.6370718e-04	
  -3.3063128e-04	
   1.0154166e-04	
   6.4445169e-05	
   2.5947439e-04	
   7.3697785e-05	
  -2.3584041e-05	
   3.5796604e-06	
   7.1429825e-06	
  -1.5405667e-06	
  -1.4970082e-06	
   3.3196734e-05	
  -6.6084248e-05	
  -2.7203885e-04	
  -6.8393272e-05	
   6.1414929e-05	
  -7.4698602e-05	
  -2.6841254e-04	
  -3.0093451e-05	
  -9.6408478e-05	
  -1.3277915e-04	
   4.7151130e-04	
   1.7142662e-04	
  -6.0571229e-05	
   8.1327547e-06	
   1.1979478e-05	
  -2.7890633e-05	
   7.1098953e-05	
   2.6982606e-04	
   7.0105747e-05	
   2.0578268e-06	
  -6.7557891e-05	
  -2.6833442e-04	
  -2.9483262e-05	
  -6.5274001e-05	
  -2.3522911e-04	
   2.6236332e-04	
   4.3127543e-04	
  -1.0472636e-04	
  -5.3724857e-04	
  -2.0247933e-04	
  -2.0231124e-04	
  -7.6771036e-05	
   2.2575807e-05	
  -6.6829182e-06	
   5.9039412e-05	
  -1.4240541e-04	
  -5.0649978e-04	
  -2.0836676e-04	
  -2.0771457e-04	
  -7.5739303e-05	
   2.9911348e-05	
   7.5946393e-07	
  -2.3984503e-05	
   7.3075866e-05	
   2.4203765e-04	
   1.3908884e-04	
   2.7113456e-04	
  -1.1039455e-05	
  -2.4600953e-04	
  -1.2059748e-04	
  -6.8391207e-04	
  -1.0207490e-03	
  -4.1788856e-04	
  -1.6412915e-05	
   1.1234338e-04	
   1.8324562e-04	
  -1.3543780e-04	
  -2.3785667e-04	
  -5.0618773e-04	
  -1.3507566e-04	
   6.8661545e-05	
  -6.0357236e-05	
   1.1356355e-04	
   5.8019721e-04	
   4.7705565e-04	
   3.0037201e-04	
   3.5025338e-05	
  -4.0429431e-04	
  -6.4438974e-04	
  -4.4277240e-04	
  -2.7169842e-04	
  -1.0402679e-04	
   1.3261654e-04	
   6.0589755e-04	
   4.1687075e-04	
   2.0165911e-05	
  -8.3570196e-05	
   1.4286278e-04	
   5.7396687e-04	
   1.0211378e-04	
  -4.2538316e-04	
  -2.6345884e-04	
   2.2825129e-04	
   1.2333095e-04	
  -4.6517535e-05	
  -4.1761026e-04	
  -5.8406613e-04	
  -8.8741723e-05	
  -4.2258644e-04	
  -8.8299990e-04	
  -1.8389869e-04	
   5.6523522e-05	
   9.5039442e-05	
   1.9819227e-04	
  -2.5115828e-04	
   4.6767949e-05	
   5.4020772e-04	
   2.0450969e-04	
   2.6342910e-04	
  -6.2445010e-05	
  -5.1892429e-04	
  -2.5037972e-04	
  -1.4708458e-04	
   6.1026591e-04	
   1.0981192e-03	
   7.5935832e-04	
  -4.9881756e-05	
  -1.0497392e-03	
  -1.4094191e-03	
  -1.1702361e-03	
  -5.9812253e-04	
   6.0508453e-04	
   1.5539685e-03	
   1.7032533e-03	
   7.6928684e-04	
   3.6963659e-06	
   2.8640812e-05	
  -1.0767264e-04	
  -5.7382657e-04	
  -9.6835874e-05	
   7.3734719e-04	
   1.5017724e-03	
   1.7033217e-03	
   8.2220571e-04	
  -1.0827155e-04	
  -2.1394527e-04	
   5.5455369e-04	
   9.1152050e-04	
   8.0841859e-04	
   7.4628864e-04	
   1.4052154e-03	
   6.2004634e-04	
  -6.6033095e-05	
  -4.0346153e-04	
  -1.0401700e-03	
  -1.0506354e-03	
  -4.5049008e-04	
   1.4054726e-04	
   5.5523466e-04	
   5.0258035e-04	
   1.0066409e-03	
   1.4784185e-03	
   1.0443938e-03	
   9.1963772e-06	
  -2.9827196e-04	
   2.6220031e-04	
   4.5059740e-04	
   2.9008884e-04	
   5.9909072e-05	
   3.0705588e-04	
   8.0326022e-04	
   9.5873643e-04	
   4.6637624e-04	
   3.5173593e-04	
  -7.4731583e-05	
  -1.3669332e-03	
  -2.1840443e-03	
  -2.1208394e-03	
  -1.9392209e-03	
  -1.5394469e-03	
  -3.0880340e-04	
   5.9205202e-04	
   2.1179637e-03	
   2.7752485e-03	
   1.5218065e-03	
   8.0508804e-04	
   8.4594495e-04	
   3.1254477e-04	
  -3.1049458e-04	
  -1.5931805e-03	
  -1.7961925e-03	
  -1.6339985e-03	
  -1.9392043e-03	
  -7.9422083e-04	
   2.7859865e-04	
   1.2121491e-04	
  -6.2566963e-05	
  -3.3701762e-04	
  -1.1238963e-03	
  -2.0430101e-03	
  -2.7166945e-03	
  -3.0043868e-03	
  -1.9931274e-03	
  -9.7505465e-04	
  -4.5446968e-05	
   7.9666343e-04	
   9.2565631e-04	
   5.4413299e-04	
   9.7860409e-04	
   1.0779737e-03	
   3.8972326e-04	
   2.3522049e-05	
  -5.3811847e-05	
  -3.4070016e-04	
  -3.3253338e-04	
   3.0106160e-05	
  -5.4635988e-04	
  -1.4847303e-03	
  -1.0249970e-03	
  -8.7023879e-04	
  -8.5309811e-04	
  -9.5017081e-04	
  -1.2347089e-03	
  -1.6574032e-03	
  -1.1512487e-03	
  -3.5484700e-04	
   2.7022903e-05	
   3.1157593e-04	
   7.9336002e-04	
   1.4084681e-03	
   1.0020407e-03	
   1.7210801e-04	
   1.9864958e-04	
   8.8068179e-05	
  -3.2214773e-05	
   5.0402750e-05	
  -1.1793404e-04	
  -5.2788209e-04	
  -5.8323022e-04	
  -8.9274257e-04	
  -7.8732609e-04	
  -1.1491182e-03	
  -1.6920061e-03	
  -7.5872466e-04	
   3.7879257e-04	
  -1.1419031e-04	
  -1.2475674e-03	
  -8.5588645e-04	
  -3.2783852e-04	
  -3.3768514e-04	
  -5.1904200e-05	
   1.1713783e-03	
   2.8054176e-03	
   2.8871957e-03	
   1.4723533e-03	
   8.3100851e-07	
  -1.1152156e-03	
  -1.7807575e-03	
  -1.4144607e-03	
  -3.8922961e-04	
  -1.5864522e-05	
  -2.9815697e-04	
  -4.4880256e-04	
  -2.4343919e-04	
   2.2550248e-04	
   1.5308299e-04	
  -1.9325975e-04	
  -4.9257277e-04	
  -1.8668054e-04	
  -9.7728662e-04	
  -2.5740555e-03	
  -3.5687271e-03	
  -2.8512021e-03	
  -8.5026198e-04	
   1.6464741e-03	
   4.1409398e-03	
   4.3931500e-03	
   2.8973767e-03	
   1.0750697e-03	
  -8.0434110e-04	
  -1.9731417e-03	
  -2.0328952e-03	
  -2.3045477e-03	
  -2.3400267e-03	
  -2.3812217e-03	
  -2.2252841e-03	
  -2.5403978e-03	
  -2.8334561e-03	
  -1.4685755e-03	
   1.1184182e-03	
   2.8403945e-03	
   1.7580354e-03	
  -1.2412450e-03	
  -4.6485386e-03	
  -7.2322908e-03	
  -5.6165434e-03	
  -9.7025087e-04	
   4.2331367e-03	
   7.7021432e-03	
   7.7267462e-03	
   4.1421611e-03	
  -1.1640682e-04	
  -3.5189512e-03	
  -5.8209565e-03	
  -7.1818222e-03	
  -6.8684555e-03	
  -4.1903163e-03	
  -9.9425620e-04	
   2.3675632e-05	
  -1.4607698e-03	
  -5.9120773e-03	
  -8.6219414e-03	
  -7.3460841e-03	
  -4.1756271e-03	
  -1.1250875e-03	
  -8.3772035e-04	
  -2.6868028e-03	
  -3.6914265e-03	
  -4.4192888e-03	
  -4.7949902e-03	
  -3.5491568e-03	
  -1.1478645e-03	
   3.3399865e-03	
   7.8280787e-03	
   9.5270958e-03	
   5.7380232e-03	
   2.0041380e-04	
  -1.9751483e-03	
  -1.7343345e-03	
  -1.1032357e-03	
  -1.7027825e-03	
  -4.5619532e-03	
  -7.9990902e-03	
  -8.0815486e-03	
  -6.0752359e-03	
  -4.0430293e-03	
  -1.6180597e-03	
   1.5711977e-03	
   3.8217185e-03	
   4.8623670e-03	
   4.4203526e-03	
   4.3124610e-03	
   5.7183502e-03	
   8.3172654e-03	
   1.1199144e-02	
   1.2165824e-02	
   1.0062131e-02	
   7.4054853e-03	
   5.8196845e-03	
   4.2206747e-03	
   3.8033795e-03	
   3.7130246e-03	
   2.7325042e-03	
   5.6349142e-04	
  -1.9967665e-03	
  -4.9273378e-03	
  -6.1718543e-03	
  -4.9690892e-03	
  -3.3206557e-03	
  -3.6073733e-03	
  -4.6014413e-03	
  -4.0447957e-03	
  -2.3908423e-03	
  -9.4940204e-04	
   9.4369261e-04	
   6.7109786e-03	
   1.4924404e-02	
   2.0577430e-02	
   2.0518306e-02	
   1.6366287e-02	
   7.5723668e-03	
  -3.2076211e-03	
  -1.0102806e-02	
  -1.0298450e-02	
  -6.4561104e-03	
  -2.1417112e-03	
   2.9894108e-03	
   6.2014251e-03	
   6.1273506e-03	
   2.5984987e-03	
  -4.5895416e-03	
  -1.2259227e-02	
  -1.4612200e-02	
  -1.2619315e-02	
  -8.7715477e-03	
  -5.4071476e-03	
  -4.0416451e-03	
  -1.1083516e-03	
   2.4121837e-03	
   3.2487813e-03	
   2.6789204e-03	
   2.2999020e-03	
   1.2827102e-03	
   1.4564351e-04	
  -1.1655527e-03	
  -3.1470871e-03	
  -7.4316164e-03	
  -1.1163897e-02	
  -1.1553433e-02	
  -9.3429686e-03	
  -6.8300819e-03	
  -6.2186118e-03	
  -7.3825048e-03	
  -8.8383180e-03	
  -1.0663902e-02	
  -1.1927121e-02	
  -1.2997629e-02	
  -1.3990906e-02	
  -1.3749024e-02	
  -1.1757609e-02	
  -8.8645730e-03	
  -6.5294415e-03	
  -4.6894132e-03	
  -3.9971656e-03	
  -2.7027558e-03	
  -2.4635769e-03	
  -4.3286872e-03	
  -6.9052892e-03	
  -7.7492547e-03	
  -6.3362460e-03	
  -5.2378660e-03	
  -4.8023038e-03	
  -4.9129979e-03	
  -5.1865873e-03	
  -5.2647588e-03	
  -3.3936989e-03	
   8.8865210e-04	
   5.6951986e-03	
   6.0360422e-03	
   1.1614026e-03	
  -3.2103959e-03	
  -2.6020622e-03	
   3.2769054e-03	
   1.2675336e-02	
   2.1418328e-02	
   2.5432522e-02	
   2.3599493e-02	
   1.4877381e-02	
   2.0116416e-03	
  -8.8413034e-03	
  -1.1938296e-02	
  -8.3212184e-03	
  -2.5067354e-03	
   2.1906110e-03	
   2.9004624e-03	
  -2.6074867e-03	
  -1.2249533e-02	
  -1.8557128e-02	
  -1.7141187e-02	
  -1.1311574e-02	
  -5.6244517e-03	
  -3.0988712e-03	
  -1.7600432e-03	
  -2.4960233e-04	
   2.2237442e-03	
   7.0864428e-03	
   1.2907035e-02	
   2.1578589e-02	
   2.9471001e-02	
   2.9820889e-02	
   2.2437594e-02	
   1.2609215e-02	
   3.1259882e-03	
  -5.6035693e-03	
  -1.2425353e-02	
  -1.6789400e-02	
  -1.8372759e-02	
  -2.0917683e-02	
  -2.8152658e-02	
  -3.7050136e-02	
  -4.0183130e-02	
  -3.5177859e-02	
  -2.5436446e-02	
  -1.2564569e-02	
  -1.1186789e-04	
   6.5854148e-03	
   5.6829313e-03	
  -3.4265023e-04	
  -4.7019259e-03	
  -1.2935042e-03	
   9.4757953e-03	
   2.2167793e-02	
   3.3036684e-02	
   3.7856648e-02	
   3.4475759e-02	
   2.5353073e-02	
   1.6062142e-02	
   1.0468706e-02	
   9.9372461e-03	
   9.7450300e-03	
   3.3911536e-03	
  -6.3461816e-03	
  -1.5342012e-02	
  -2.1934153e-02	
  -2.1409218e-02	
  -1.2479999e-02	
  -2.2904909e-04	
   1.2513257e-02	
   2.4953631e-02	
   3.5931094e-02	
   4.2545626e-02	
   4.3816450e-02	
   4.2280320e-02	
   4.1000799e-02	
   3.8132656e-02	
   3.0990847e-02	
   2.0516477e-02	
   9.4235744e-03	
  -8.0748344e-04	
  -1.0051724e-02	
  -1.7267206e-02	
  -2.2641132e-02	
  -2.8593205e-02	
  -3.5520826e-02	
  -3.9315382e-02	
  -3.7403398e-02	
  -3.1026466e-02	
  -2.4052565e-02	
  -1.9527454e-02	
  -1.7325244e-02	
  -1.3506310e-02	
  -6.5619387e-03	
  -8.7556000e-04	
   3.4223570e-03	
   1.1790424e-02	
   2.3599086e-02	
   3.0663403e-02	
   2.6397615e-02	
   1.6014046e-02	
   5.5582755e-03	
  -4.9253625e-03	
  -1.3505843e-02	
  -1.5911905e-02	
  -1.0641134e-02	
  -3.9988365e-03	
   1.7374739e-04	
   2.6988807e-03	
   4.4384331e-03	
   7.1329171e-03	
   9.8368753e-03	
   9.2071211e-03	
   3.6788335e-03	
  -1.8522366e-03	
  -2.0402129e-03	
   2.1280869e-03	
   4.1384057e-03	
   3.0543504e-03	
   5.3612439e-03	
   1.2044006e-02	
   1.6145680e-02	
   1.3362934e-02	
   8.8508732e-03	
   3.6184328e-03	
  -3.9921489e-03	
  -1.2671666e-02	
  -1.8825791e-02	
  -2.2911883e-02	
  -3.0296783e-02	
  -3.8372904e-02	
  -3.9286832e-02	
  -3.2476827e-02	
  -2.3261535e-02	
  -1.6186314e-02	
  -1.1050010e-02	
  -4.6856644e-03	
  -6.0506447e-04	
  -2.6844086e-04	
  -3.0664690e-03	
  -7.0620286e-03	
  -6.5751724e-03	
   8.3321098e-04	
   1.1460036e-02	
   1.7206654e-02	
   1.4565649e-02	
   6.9866502e-03	
   2.7528214e-04	
  -3.1983151e-04	
   5.3825293e-03	
   1.5156758e-02	
   2.3314487e-02	
   2.6811647e-02	
   2.4235749e-02	
   1.7583564e-02	
   9.4472098e-03	
   5.9883112e-04	
  -9.2386035e-03	
  -1.9216035e-02	
  -2.8303563e-02	
  -3.5078084e-02	
  -3.8771496e-02	
  -3.7539210e-02	
  -3.0211729e-02	
  -1.6559365e-02	
   1.0790764e-03	
   1.7966344e-02	
   3.0294547e-02	
   3.7037946e-02	
   3.8974320e-02	
   3.8071201e-02	
   3.6740769e-02	
   3.8310340e-02	
   4.2291383e-02	
   4.4107084e-02	
   4.1555063e-02	
   3.4158681e-02	
   2.1704743e-02	
   2.6037054e-03	
  -1.8060879e-02	
  -3.2207882e-02	
  -3.8034179e-02	
  -4.0254632e-02	
  -4.0023323e-02	
  -3.5845485e-02	
  -3.0089339e-02	
  -2.8644889e-02	
  -3.2264970e-02	
  -3.5444775e-02	
  -3.1028631e-02	
  -2.0190307e-02	
  -9.7299850e-03	
  -3.5656556e-03	
  -5.2520986e-04	
   3.2330248e-03	
   7.5589384e-03	
   6.0441252e-03	
  -1.0991665e-03	
  -6.4394134e-03	
  -2.6344586e-03	
   3.8345905e-03	
   3.6176664e-03	
  -2.3792051e-03	
  -9.1059007e-03	
  -1.4794285e-02	
  -1.7945245e-02	
  -1.7286510e-02	
  -1.5094005e-02	
  -1.4582812e-02	
  -1.3846586e-02	
  -6.9639470e-03	
   5.5997685e-03	
   1.6949243e-02	
   2.1868675e-02	
   2.3946059e-02	
   2.5148355e-02	
   2.1294929e-02	
   7.9273403e-03	
  -5.9749241e-03	
  -7.8780812e-03	
   9.5288481e-04	
   1.0023073e-02	
   1.4576658e-02	
   1.6434957e-02	
   1.6307571e-02	
   1.4601503e-02	
   1.2410355e-02	
   1.1523815e-02	
   1.0570983e-02	
   1.0335213e-02	
   1.5000585e-02	
   2.1780723e-02	
   2.3767230e-02	
   1.9723240e-02	
   1.7991136e-02	
   2.0453796e-02	
   2.0217866e-02	
   1.1351895e-02	
  -5.8275132e-03	
  -2.7589161e-02	
  -5.2877529e-02	
  -7.6776287e-02	
  -9.1615082e-02	
  -9.4934304e-02	
  -9.1309639e-02	
  -8.3057663e-02	
  -6.8470326e-02	
  -4.6688287e-02	
  -2.4683901e-02	
  -9.2182957e-03	
  -1.5076046e-04	
   9.8604871e-03	
   2.5892109e-02	
   4.5403769e-02	
   5.9264084e-02	
   6.4631668e-02	
   6.4952038e-02	
   6.4594616e-02	
   6.1209963e-02	
   5.2135155e-02	
   4.4163618e-02	
   4.1566350e-02	
   4.1276878e-02	
   3.6965323e-02	
   2.9207360e-02	
   2.1857311e-02	
   1.4745587e-02	
   1.0669944e-02	
   9.6415499e-03	
   1.1013672e-02	
   1.3851182e-02	
   1.4484819e-02	
   1.3302199e-02	
   1.3280345e-02	
   1.6393221e-02	
   2.0242593e-02	
   2.0379833e-02	
   1.7488196e-02	
   1.2474164e-02	
   4.0185543e-03	
  -9.4844860e-03	
  -2.3896115e-02	
  -3.4511029e-02	
  -3.7861551e-02	
  -3.3447224e-02	
  -2.5570683e-02	
  -2.2634760e-02	
  -3.1923974e-02	
  -5.1547415e-02	
  -7.1571484e-02	
  -8.5765940e-02	
  -9.2502678e-02	
  -9.2755198e-02	
  -8.3580757e-02	
  -6.4988500e-02	
  -4.4334081e-02	
  -2.7783342e-02	
  -1.1960763e-02	
   3.9732211e-03	
   1.5770907e-02	
   2.0221784e-02	
   1.8025196e-02	
   1.0673808e-02	
  -1.1976003e-03	
  -1.7487860e-02	
  -3.7879505e-02	
  -5.3412789e-02	
  -5.3822308e-02	
  -3.9513327e-02	
  -1.6413399e-02	
   9.9563326e-03	
   3.4149873e-02	
   4.4589970e-02	
   3.2045484e-02	
   2.5588141e-05	
  -3.8221604e-02	
  -6.9608790e-02	
  -8.7852711e-02	
  -8.9695694e-02	
  -6.6228326e-02	
  -2.0353997e-02	
   2.1885531e-02	
   3.8368774e-02	
   3.2439805e-02	
   2.1711664e-02	
   1.5492928e-02	
   1.5577687e-02	
   1.8080939e-02	
   1.5896913e-02	
   1.0833533e-02	
   1.5543786e-02	
   2.9428864e-02	
   3.2137725e-02	
   1.9933339e-02	
   1.4951857e-02	
   2.1499335e-02	
   1.8301127e-02	
  -2.1578837e-03	
  -1.7036834e-02	
  -4.1756690e-03	
   3.4495683e-02	
   7.6032238e-02	
   1.0110600e-01	
   1.1281024e-01	
   1.2369256e-01	
   1.2220894e-01	
   8.7347907e-02	
   3.1833527e-02	
  -7.1946724e-03	
  -2.4579707e-02	
  -4.7109246e-02	
  -8.0983813e-02	
  -1.0571077e-01	
  -1.1227547e-01	
  -1.0775241e-01	
  -9.1134173e-02	
  -5.5671261e-02	
  -1.3225859e-02	
   7.4339823e-03	
   5.0469214e-03	
   1.1728274e-02	
   4.1814692e-02	
   7.2962055e-02	
   8.3699406e-02	
   8.4472660e-02	
   9.1853501e-02	
   1.0000311e-01	
   9.2658497e-02	
   7.0518688e-02	
   5.1522352e-02	
   4.4770693e-02	
   4.4908723e-02	
   4.1649669e-02	
   2.4770477e-02	
  -3.8368544e-03	
  -2.9314693e-02	
  -3.6932360e-02	
  -2.3376243e-02	
  -1.5936803e-03	
   1.4031622e-02	
   2.4495313e-02	
   3.9401002e-02	
   5.7983631e-02	
   6.3429661e-02	
   4.1791252e-02	
  -3.2016521e-03	
  -5.7880363e-02	
  -1.0452222e-01	
  -1.3610692e-01	
  -1.5622144e-01	
  -1.6127272e-01	
  -1.4500353e-01	
  -1.1078235e-01	
  -6.9431377e-02	
  -2.8735909e-02	
   3.6113434e-03	
   1.8231732e-02	
   1.3324342e-02	
   5.4012736e-04	
  -6.3661649e-03	
  -2.9849209e-03	
   6.6509874e-03	
   1.2660958e-02	
   1.0359084e-02	
   2.7392496e-03	
  -4.9240857e-03	
  -7.8292056e-03	
   2.8592904e-03	
   3.3210823e-02	
   7.7990035e-02	
   1.2161257e-01	
   1.4692723e-01	
   1.4461767e-01	
   1.2098044e-01	
   8.5700745e-02	
   4.4620378e-02	
   3.2669787e-03	
  -3.0034788e-02	
  -4.7306253e-02	
  -5.0006807e-02	
  -5.3971548e-02	
  -7.0117134e-02	
  -8.7740080e-02	
  -9.1112697e-02	
  -7.7581047e-02	
  -5.3893639e-02	
  -2.7077637e-02	
  -4.5614269e-03	
   7.3744572e-03	
   8.0021051e-03	
   5.4523753e-03	
   7.5171369e-03	
   1.4716665e-02	
   2.3157358e-02	
   2.7647925e-02	
   2.4836327e-02	
   1.8946646e-02	
   1.8767764e-02	
   2.4922461e-02	
   2.6192779e-02	
   2.0991551e-02	
   1.9923415e-02	
   2.6580916e-02	
   3.1575118e-02	
   2.6675464e-02	
   1.3434719e-02	
  -5.4192515e-03	
  -3.2902306e-02	
  -7.0124037e-02	
  -1.0981835e-01	
  -1.4156242e-01	
  -1.5604615e-01	
  -1.4657836e-01	
  -1.1562142e-01	
  -7.6523472e-02	
  -4.0325586e-02	
  -1.5756263e-02	
  -7.2749596e-03	
  -7.1826777e-03	
  -2.0023296e-03	
   2.9780793e-03	
  -5.3167626e-03	
  -1.5935068e-02	
  -4.7234881e-03	
   2.3907455e-02	
   3.7759646e-02	
   2.4425965e-02	
   5.2115237e-03	
  -3.6149400e-03	
  -1.0075412e-02	
  -2.3148290e-02	
  -3.3628732e-02	
  -2.8923004e-02	
  -8.4892445e-03	
   1.5835913e-02	
   3.6743271e-02	
   5.6235720e-02	
   7.6393318e-02	
   9.3767697e-02	
   1.0532674e-01	
   1.1411208e-01	
   1.2097449e-01	
   1.2286962e-01	
   1.1608970e-01	
   1.0008790e-01	
   7.7096244e-02	
   4.6730313e-02	
   1.1989254e-02	
  -2.1111681e-02	
  -4.3538106e-02	
  -5.2362701e-02	
  -5.3383696e-02	
  -5.4698593e-02	
  -6.0104008e-02	
  -6.0945289e-02	
  -5.1370439e-02	
  -3.9494789e-02	
  -3.4044204e-02	
  -3.4756741e-02	
  -3.4226083e-02	
  -2.9875919e-02	
  -2.4298147e-02	
  -1.6461661e-02	
  -1.3234709e-03	
   1.8673223e-02	
   3.3936015e-02	
   4.3867580e-02	
   5.7542824e-02	
   7.4617123e-02	
   8.4056533e-02	
   7.8245033e-02	
   6.1945634e-02	
   4.3022481e-02	
   2.3310369e-02	
   3.7534762e-03	
  -1.0840996e-02	
  -2.2653292e-02	
  -3.5370960e-02	
  -4.8823043e-02	
  -5.4497203e-02	
  -5.2713698e-02	
  -5.7525720e-02	
  -7.3167552e-02	
  -8.7932951e-02	
  -9.3975495e-02	
  -9.3691233e-02	
  -9.2133810e-02	
  -8.9817293e-02	
  -8.2523595e-02	
  -6.7310032e-02	
  -4.6962372e-02	
  -2.2824510e-02	
   2.5916918e-03	
   2.4589212e-02	
   3.6819369e-02	
   3.8658464e-02	
   4.0799727e-02	
   5.0639222e-02	
   6.4900944e-02	
   7.7625120e-02	
   8.5884353e-02	
   8.9638995e-02	
   8.6247911e-02	
   7.5102162e-02	
   6.0051793e-02	
   4.2176604e-02	
   2.1811309e-02	
   2.3400887e-03	
  -1.1507826e-02	
  -2.0405044e-02	
  -2.4654436e-02	
  -1.9431998e-02	
  -4.4341503e-03	
   1.6227820e-02	
   4.0768658e-02	
   6.8270198e-02	
   9.6316615e-02	
   1.2122990e-01	
   1.3650919e-01	
   1.3760251e-01	
   1.2346547e-01	
   9.6814634e-02	
   6.4960416e-02	
   3.4510339e-02	
   6.4006799e-03	
  -1.9081320e-02	
  -4.0417283e-02	
  -6.0840682e-02	
  -8.4647418e-02	
  -1.0378224e-01	
  -1.1024634e-01	
  -1.1077197e-01	
  -1.1233311e-01	
  -1.0923638e-01	
  -9.7015824e-02	
  -8.3870801e-02	
  -7.7958293e-02	
  -7.5063871e-02	
  -6.3168586e-02	
  -3.9261562e-02	
  -1.3504233e-02	
   3.2058411e-03	
   1.6442645e-02	
   3.3997411e-02	
   5.3571681e-02	
   6.5476017e-02	
   6.7223302e-02	
   6.8759721e-02	
   7.7607656e-02	
   8.7038629e-02	
   9.0774214e-02	
   9.1641868e-02	
   9.0603645e-02	
   8.1059274e-02	
   5.9290693e-02	
   3.0089640e-02	
   6.4196425e-04	
  -2.9223532e-02	
  -6.2218686e-02	
  -9.7373187e-02	
  -1.3045048e-01	
  -1.5623483e-01	
  -1.7093397e-01	
  -1.6767045e-01	
  -1.4536945e-01	
  -1.1142640e-01	
  -7.3285198e-02	
  -3.8072370e-02	
  -1.0708465e-02	
   3.6898258e-03	
   4.5356999e-03	
   6.2025815e-04	
  -6.3247882e-04	
   1.6567731e-03	
   3.0697924e-03	
  -1.2866531e-03	
  -1.3550742e-02	
  -2.7801555e-02	
  -3.4594562e-02	
  -2.6511272e-02	
  -4.4620721e-03	
   2.2056902e-02	
   4.5566007e-02	
   6.6093865e-02	
   8.8800959e-02	
   1.1461216e-01	
   1.3969796e-01	
   1.5799303e-01	
   1.6747091e-01	
   1.7121169e-01	
   1.6831426e-01	
   1.5175266e-01	
   1.1806124e-01	
   7.0123270e-02	
   1.8517669e-02	
  -2.5292238e-02	
  -5.9983530e-02	
  -9.2485096e-02	
  -1.2763600e-01	
  -1.6099324e-01	
  -1.8889169e-01	
  -2.1158232e-01	
  -2.2484281e-01	
  -2.2119242e-01	
  -2.1089344e-01	
  -2.0744252e-01	
  -2.0540478e-01	
  -1.9098099e-01	
  -1.6046153e-01	
  -1.1888878e-01	
  -6.9386950e-02	
  -1.0328339e-02	
   5.1845501e-02	
   1.0946105e-01	
   1.5784353e-01	
   1.9048799e-01	
   1.9957086e-01	
   1.8682397e-01	
   1.6344587e-01	
   1.3259394e-01	
   9.1119895e-02	
   4.4480307e-02	
   7.4329026e-03	
  -2.0204757e-02	
  -5.5241942e-02	
  -9.8709478e-02	
  -1.2685106e-01	
  -1.2880461e-01	
  -1.1933983e-01	
  -1.0961044e-01	
  -9.3503318e-02	
  -6.0605272e-02	
  -1.0909625e-02	
   3.6866958e-02	
   6.1130549e-02	
   6.0176814e-02	
   5.4212191e-02	
   5.5624616e-02	
   5.6807531e-02	
   4.0897667e-02	
   5.8653552e-03	
  -2.8116415e-02	
  -3.8778045e-02	
  -2.0893882e-02	
   1.2028725e-02	
   4.5852322e-02	
   7.7819112e-02	
   1.0702016e-01	
   1.2830205e-01	
   1.3984735e-01	
   1.4851120e-01	
   1.5714084e-01	
   1.6072762e-01	
   1.5695929e-01	
   1.4758154e-01	
   1.3666890e-01	
   1.2588240e-01	
   1.1267985e-01	
   9.8772785e-02	
   8.8546138e-02	
   8.1450975e-02	
   7.3258825e-02	
   6.2079682e-02	
   4.9856617e-02	
   3.4335905e-02	
   1.4549642e-02	
   2.9773672e-03	
   7.9325382e-03	
   1.0914298e-02	
  -8.6274520e-03	
  -4.0417030e-02	
  -6.1618479e-02	
  -7.6674217e-02	
  -1.0091537e-01	
  -1.2857652e-01	
  -1.4474983e-01	
  -1.5110685e-01	
  -1.5603990e-01	
  -1.5422494e-01	
  -1.3672878e-01	
  -1.1158086e-01	
  -9.3038044e-02	
  -7.9448869e-02	
  -6.5094523e-02	
  -5.8039616e-02	
  -6.2704846e-02	
  -6.9640060e-02	
  -6.8866865e-02	
  -6.2799423e-02	
  -5.7459817e-02	
  -5.3363706e-02	
  -4.7921664e-02	
  -3.5336681e-02	
  -9.9165902e-03	
   2.5853629e-02	
   5.9958514e-02	
   8.4091343e-02	
   9.9069142e-02	
   1.0564947e-01	
   1.0598559e-01	
   1.0659088e-01	
   1.0789926e-01	
   1.0105036e-01	
   8.2794995e-02	
   6.8283237e-02	
   7.0075893e-02	
   8.2671449e-02	
   8.7447853e-02	
   7.5235148e-02	
   5.4842305e-02	
   3.8268745e-02	
   2.4635839e-02	
   5.4841379e-03	
  -1.9169702e-02	
  -4.1181504e-02	
  -5.3185662e-02	
  -5.3258828e-02	
  -3.9129732e-02	
  -1.3728527e-02	
   1.1116845e-02	
   2.6226267e-02	
   3.4950255e-02	
   4.7299026e-02	
   6.4496499e-02	
   7.5261698e-02	
   7.3080645e-02	
   6.5711014e-02	
   5.9290457e-02	
   5.2288131e-02	
   4.0084305e-02	
   2.5291961e-02	
   1.2083808e-02	
   8.8544309e-04	
  -8.7835483e-03	
  -1.7971477e-02	
  -2.4801771e-02	
  -2.7767819e-02	
  -2.8397839e-02	
  -2.7881294e-02	
  -2.4033337e-02	
  -1.3900854e-02	
  -3.8334701e-03	
  -6.0233926e-03	
  -2.3431762e-02	
  -4.9734262e-02	
  -7.5783612e-02	
  -9.6862483e-02	
  -1.1342325e-01	
  -1.2518815e-01	
  -1.3433220e-01	
  -1.3852870e-01	
  -1.3325834e-01	
  -1.1930974e-01	
  -1.0005049e-01	
  -7.8389819e-02	
  -6.0333282e-02	
  -5.1404210e-02	
  -4.8386773e-02	
  -4.4724779e-02	
  -4.0522321e-02	
  -4.3259071e-02	
  -5.0219366e-02	
  -4.5611631e-02	
  -2.1916134e-02	
   6.1119929e-03	
   2.4725077e-02	
   3.5216457e-02	
   4.3161515e-02	
   4.5069740e-02	
   3.9157952e-02	
   3.2401537e-02	
   2.7033181e-02	
   2.0846635e-02	
   1.8140382e-02	
   2.5080617e-02	
   3.0168606e-02	
   1.8641380e-02	
  -5.0598831e-03	
  -2.0673063e-02	
  -1.6474818e-02	
  -3.0303928e-03	
   7.9330869e-03	
   2.2277303e-02	
   4.5367171e-02	
   7.3369509e-02	
   9.9438364e-02	
   1.1890583e-01	
   1.2772833e-01	
   1.2423925e-01	
   1.1414701e-01	
   1.0566198e-01	
   9.9851423e-02	
   8.9979897e-02	
   7.0600934e-02	
   4.1182401e-02	
   1.0649358e-02	
  -1.4343065e-02	
  -3.2330218e-02	
  -3.6686389e-02	
  -2.3002424e-02	
   1.3837583e-03	
   2.2287215e-02	
   3.1953999e-02	
   3.3409346e-02	
   3.0430176e-02	
   1.9753837e-02	
   2.5448482e-03	
  -1.2496471e-02	
  -1.9856468e-02	
  -2.2825182e-02	
  -2.5690270e-02	
  -2.8623284e-02	
  -3.0010090e-02	
  -2.4151036e-02	
  -1.0958507e-02	
  -4.8097868e-03	
  -1.6448592e-02	
  -4.1957590e-02	
  -7.1810021e-02	
  -1.0194321e-01	
  -1.3043514e-01	
  -1.3994830e-01	
  -1.2157516e-01	
  -9.1606527e-02	
  -6.8897309e-02	
  -5.1028215e-02	
  -3.0728221e-02	
  -1.0771205e-02	
   2.0832404e-03	
   4.0424818e-03	
  -3.5487338e-03	
  -1.7232602e-02	
  -3.0239034e-02	
  -3.5767830e-02	
  -3.8625843e-02	
  -4.3950622e-02	
  -4.6842749e-02	
  -4.0991949e-02	
  -3.2999497e-02	
  -3.5358257e-02	
  -4.1969125e-02	
  -3.8121617e-02	
  -1.9146273e-02	
   5.9477428e-03	
   3.2956621e-02	
   6.3569373e-02	
   9.5510734e-02	
   1.1644523e-01	
   1.1931104e-01	
   1.1906277e-01	
   1.3154445e-01	
   1.4580623e-01	
   1.4458805e-01	
   1.2913253e-01	
   1.1419373e-01	
   1.0547536e-01	
   9.7384928e-02	
   8.9032534e-02	
   8.7379649e-02	
   9.0254778e-02	
   8.3233778e-02	
   6.2007112e-02	
   3.6860704e-02	
   1.3813700e-02	
  -5.9732249e-03	
  -2.1743789e-02	
  -3.1787648e-02	
  -3.8557173e-02	
  -4.4290981e-02	
  -4.7900035e-02	
  -4.8409223e-02	
  -4.7604964e-02	
  -4.4371711e-02	
  -2.9851369e-02	
  -4.7139578e-03	
   1.8415151e-02	
   3.0400175e-02	
   2.9508254e-02	
   1.3438583e-02	
  -1.0546291e-02	
  -2.8953831e-02	
  -3.4660382e-02	
  -3.2587735e-02	
  -2.7544740e-02	
  -1.8773192e-02	
  -9.6343637e-03	
  -7.0647249e-03	
  -1.1782872e-02	
  -1.3660990e-02	
  -5.6533812e-03	
   6.2935064e-03	
   1.1881243e-02	
   1.1199758e-02	
   1.0973746e-02	
   1.1645969e-02	
   8.3062265e-03	
   2.5905372e-03	
  -9.8374476e-04	
  -4.2145063e-03	
  -1.0619133e-02	
  -1.7419414e-02	
  -2.1355268e-02	
  -2.3066168e-02	
  -2.4532967e-02	
  -2.2168536e-02	
  -1.4267598e-02	
  -2.6236692e-03	
   8.0362425e-03	
   1.4109885e-02	
   1.6343938e-02	
   1.7080600e-02	
   1.4110222e-02	
   8.8066232e-03	
  -5.9256178e-06	
  -1.1800283e-02	
  -2.3263482e-02	
  -3.3031062e-02	
  -4.4824188e-02	
  -6.5250460e-02	
  -8.8013309e-02	
  -1.0312887e-01	
  -1.0751700e-01	
  -1.0512785e-01	
  -9.5788565e-02	
  -7.5600594e-02	
  -4.6700541e-02	
  -2.0280501e-02	
  -6.4465996e-03	
   5.9559025e-04	
   1.1186188e-02	
   1.8451619e-02	
   1.3783527e-02	
   1.4709620e-03	
  -7.4886045e-03	
  -1.1644659e-02	
  -1.5055880e-02	
  -1.9308617e-02	
  -1.7906901e-02	
  -7.0710556e-03	
   8.5095051e-03	
   2.1151754e-02	
   2.2573388e-02	
   1.4508826e-02	
   8.9274670e-03	
   1.3918436e-02	
   2.5291707e-02	
   3.2723034e-02	
   3.5928805e-02	
   3.9097925e-02	
   3.9553494e-02	
   3.7134700e-02	
   3.8826384e-02	
   5.0669601e-02	
   6.9568257e-02	
   8.6771123e-02	
   1.0247120e-01	
   1.1950521e-01	
   1.3129465e-01	
   1.2976725e-01	
   1.1444472e-01	
   8.9312430e-02	
   5.9500615e-02	
   2.7920517e-02	
  -4.5018646e-03	
  -3.4625289e-02	
  -5.7875832e-02	
  -6.4776100e-02	
  -4.8817591e-02	
  -2.0852588e-02	
   3.5070821e-03	
   1.8741480e-02	
   2.9981871e-02	
   4.1168996e-02	
   4.7329180e-02	
   4.5065415e-02	
   3.7605627e-02	
   2.2129295e-02	
   3.2736227e-03	
  -1.0127852e-02	
  -1.4652780e-02	
  -1.2477615e-02	
  -6.6877680e-03	
   2.8905941e-03	
   1.1552755e-02	
   1.0960985e-02	
   4.8633393e-04	
  -8.9370604e-03	
  -8.7854304e-03	
  -2.2700521e-04	
   1.0389198e-02	
   1.6417665e-02	
   1.8146081e-02	
   2.0318981e-02	
   2.0168690e-02	
   1.3233718e-02	
   6.2185292e-03	
   9.0265575e-03	
   2.4083304e-02	
   4.1045976e-02	
   4.8958772e-02	
   4.1745055e-02	
   2.3213060e-02	
  -6.0207199e-05	
  -1.9498249e-02	
  -3.0982139e-02	
  -3.8985642e-02	
  -4.5913269e-02	
  -5.3181296e-02	
  -6.0179292e-02	
  -6.5935450e-02	
  -6.8072135e-02	
  -6.3637695e-02	
  -5.4444787e-02	
  -4.7973903e-02	
  -4.9199811e-02	
  -5.7724668e-02	
  -7.1239196e-02	
  -8.5077292e-02	
  -9.3461959e-02	
  -9.2091625e-02	
  -8.0006537e-02	
  -5.8617243e-02	
  -3.5064196e-02	
  -1.6724712e-02	
  -8.9409721e-03	
  -9.4524195e-03	
  -9.9673951e-03	
  -3.9930044e-03	
   6.4283037e-03	
   1.5155159e-02	
   1.9410563e-02	
   2.0919388e-02	
   2.3711439e-02	
   2.9968271e-02	
   3.8147252e-02	
   4.3792874e-02	
   4.5934114e-02	
   4.7339452e-02	
   4.7397113e-02	
   4.3012475e-02	
   3.1682811e-02	
   1.9240525e-02	
   1.3878676e-02	
   1.6329229e-02	
   2.1601346e-02	
   2.2510565e-02	
   1.8838564e-02	
   1.8775759e-02	
   2.5584571e-02	
   3.3670557e-02	
   3.9293900e-02	
   4.6976077e-02	
   5.7865395e-02	
   6.3375499e-02	
   5.6765021e-02	
   4.1339931e-02	
   2.4563659e-02	
   8.4795213e-03	
  -6.2085051e-03	
  -1.9518067e-02	
  -2.8737313e-02	
  -3.0850026e-02	
  -3.0457753e-02	
  -3.5243668e-02	
  -4.4602879e-02	
  -5.3615164e-02	
  -6.1012313e-02	
  -6.7965404e-02	
  -7.4474048e-02	
  -8.2981553e-02	
  -9.5713635e-02	
  -1.0842849e-01	
  -1.1478562e-01	
  -1.1211823e-01	
  -1.0182698e-01	
  -8.5114403e-02	
  -6.3919715e-02	
  -4.3636890e-02	
  -3.3618513e-02	
  -3.6313503e-02	
  -4.3102704e-02	
  -4.6225108e-02	
  -4.5296029e-02	
  -4.1514306e-02	
  -3.4186712e-02	
  -2.1873985e-02	
  -9.0124742e-03	
  -5.1658518e-03	
  -1.1654246e-02	
  -1.6579248e-02	
  -1.2228635e-02	
  -1.0948807e-02	
  -2.3627028e-02	
  -4.2180970e-02	
  -5.7045277e-02	
  -6.6537840e-02	
  -7.6044333e-02	
  -8.0939740e-02	
  -7.6925852e-02	
  -6.6106078e-02	
  -5.0149935e-02	
  -3.1610701e-02	
  -1.2721822e-02	
   5.1216101e-03	
   2.2008038e-02	
   3.6556435e-02	
   4.8390136e-02	
   6.0448037e-02	
   7.2054812e-02	
   7.8107445e-02	
   7.4150846e-02	
   6.2274264e-02	
   4.9765940e-02	
   4.0411259e-02	
   2.9286727e-02	
   1.2051493e-02	
  -4.8139634e-03	
  -1.1683392e-02	
  -4.8557018e-03	
   1.0859788e-02	
   3.1214133e-02	
   5.4948340e-02	
   7.8721222e-02	
   9.3974197e-02	
   9.6845609e-02	
   9.1909551e-02	
   8.5368988e-02	
   7.9007313e-02	
   7.4432925e-02	
   7.5789866e-02	
   8.2618172e-02	
   9.1326159e-02	
   9.7289938e-02	
   9.9383671e-02	
   9.8272642e-02	
   9.4072786e-02	
   8.5965360e-02	
   7.3458894e-02	
   5.9476543e-02	
   4.6509682e-02	
   3.2157224e-02	
   1.4411204e-02	
  -4.0435727e-03	
  -2.0455359e-02	
  -3.0902454e-02	
  -3.7334380e-02	
  -4.0741447e-02	
  -4.0368213e-02	
  -3.6167342e-02	
  -3.1650397e-02	
  -3.1054939e-02	
  -3.0880712e-02	
  -2.5637370e-02	
  -1.2810717e-02	
   2.2548478e-03	
   1.4639021e-02	
   2.4628217e-02	
   3.5527139e-02	
   4.7680018e-02	
   5.8511580e-02	
   6.5638739e-02	
   7.0884960e-02	
   7.5035315e-02	
   7.4054558e-02	
   6.3670853e-02	
   4.9061474e-02	
   4.0783780e-02	
   4.0538216e-02	
   4.0766976e-02	
   3.5914893e-02	
   2.6829743e-02	
   1.8450161e-02	
   1.5768517e-02	
   2.2067151e-02	
   3.2380274e-02	
   3.7399923e-02	
   3.0131607e-02	
   1.4733433e-02	
  -4.3019496e-03	
  -2.7072221e-02	
  -5.2255710e-02	
  -7.2271342e-02	
  -7.8984185e-02	
  -7.2877980e-02	
  -6.2988754e-02	
  -5.9543862e-02	
  -6.3123569e-02	
  -7.0178730e-02	
  -7.6365116e-02	
  -7.7784007e-02	
  -7.1749015e-02	
  -5.7720544e-02	
  -4.0677674e-02	
  -2.9271080e-02	
  -2.5754143e-02	
  -2.9010235e-02	
  -3.6518469e-02	
  -4.7060117e-02	
  -5.9489700e-02	
  -7.2722456e-02	
  -8.3996412e-02	
  -8.9822603e-02	
  -9.0935933e-02	
  -9.3571994e-02	
  -1.0013722e-01	
  -1.0763665e-01	
  -1.1200772e-01	
  -1.1165361e-01	
  -1.0696364e-01	
  -9.8237596e-02	
  -8.5898218e-02	
  -7.0735749e-02	
  -5.4732388e-02	
  -4.4918252e-02	
  -4.3341229e-02	
  -4.1194933e-02	
  -3.2190406e-02	
  -1.8624495e-02	
  -7.1663465e-03	
   2.6297167e-03	
   1.2547377e-02	
   1.7737671e-02	
   1.2585874e-02	
   8.6835551e-04	
  -6.1667921e-03	
  -6.1920913e-03	
  -2.0663594e-03	
   1.3292222e-03	
   3.3012612e-03	
   6.3497983e-03	
   1.4054154e-02	
   2.2130552e-02	
   2.4325671e-02	
   2.2767610e-02	
   2.4836764e-02	
   3.6464389e-02	
   5.3443852e-02	
   7.0044918e-02	
   8.4420740e-02	
   9.8607998e-02	
   1.1229140e-01	
   1.2291688e-01	
   1.2778786e-01	
   1.2471532e-01	
   1.1789115e-01	
   1.1329493e-01	
   1.0971935e-01	
   1.0842802e-01	
   1.0853894e-01	
   1.0751128e-01	
   1.0655217e-01	
   1.0595981e-01	
   1.0749688e-01	
   1.1106113e-01	
   1.0911814e-01	
   1.0065854e-01	
   8.7521485e-02	
   7.3170443e-02	
   5.9377836e-02	
   4.3924963e-02	
   2.5820276e-02	
   8.5728003e-03	
  -3.9799418e-03	
  -1.1589860e-02	
  -1.2782197e-02	
  -1.0629558e-02	
  -1.0695437e-02	
  -1.5575121e-02	
  -2.0082143e-02	
  -1.6399150e-02	
   2.2185575e-03	
   3.2271106e-02	
   6.3324995e-02	
   8.9832220e-02	
   1.0907147e-01	
   1.1475830e-01	
   1.0379481e-01	
   8.1673582e-02	
   5.5616344e-02	
   2.7991063e-02	
  -3.0697588e-03	
  -3.3957273e-02	
  -5.8585289e-02	
  -8.1471448e-02	
  -1.0734714e-01	
  -1.2789902e-01	
  -1.3683457e-01	
  -1.3617643e-01	
  -1.3105416e-01	
  -1.2422981e-01	
  -1.1637974e-01	
  -1.0787041e-01	
  -1.0037298e-01	
  -9.6257261e-02	
  -9.4867693e-02	
  -9.6472493e-02	
  -9.9783337e-02	
  -1.0288261e-01	
  -1.0671477e-01	
  -1.1300730e-01	
  -1.1760092e-01	
  -1.1123193e-01	
  -8.9369247e-02	
  -5.9431585e-02	
  -2.9188486e-02	
  -2.8905262e-03	
   2.0608918e-02	
   3.9457979e-02	
   4.9961849e-02	
   4.8524196e-02	
   3.8575787e-02	
   2.9679201e-02	
   2.5013192e-02	
   1.9133464e-02	
   8.7147956e-03	
  -5.2107107e-03	
  -1.8928539e-02	
  -2.7750272e-02	
  -3.2140769e-02	
  -3.3850731e-02	
  -3.1217207e-02	
  -2.3848567e-02	
  -1.5517330e-02	
  -7.5399994e-03	
   3.5835526e-03	
   2.0937177e-02	
   4.2470466e-02	
   6.1835835e-02	
   7.5382707e-02	
   8.4141493e-02	
   8.8067648e-02	
   8.4782882e-02	
   7.2667291e-02	
   5.9016402e-02	
   5.1541314e-02	
   4.8109196e-02	
   4.5538253e-02	
   4.3323269e-02	
   4.5341063e-02	
   5.3362874e-02	
   6.4308938e-02	
   7.4263005e-02	
   8.2916358e-02	
   8.9359453e-02	
   9.2287977e-02	
   9.2088144e-02	
   8.7376935e-02	
   8.3168347e-02	
   8.2037199e-02	
   7.9730535e-02	
   6.9967156e-02	
   5.0964731e-02	
   3.0152204e-02	
   1.3748263e-02	
   1.1579163e-03	
  -1.3590101e-02	
  -3.1919743e-02	
  -4.5570166e-02	
  -5.1348927e-02	
  -5.5780258e-02	
  -6.2938840e-02	
  -7.2522918e-02	
  -8.3046453e-02	
  -9.3308441e-02	
  -1.0521122e-01	
  -1.1886972e-01	
  -1.2945013e-01	
  -1.3345393e-01	
  -1.3242072e-01	
  -1.2679749e-01	
  -1.1697340e-01	
  -1.0491197e-01	
  -9.2804758e-02	
  -8.1078095e-02	
  -7.0599400e-02	
  -6.1886752e-02	
  -5.4814192e-02	
  -4.9286128e-02	
  -4.4313755e-02	
  -3.9620488e-02	
  -3.5295535e-02	
  -3.0973189e-02	
  -2.5924458e-02	
  -1.9851223e-02	
  -1.3219298e-02	
  -7.3605096e-03	
  -3.1330499e-03	
   2.0780290e-03	
   1.0162951e-02	
   1.9803698e-02	
   2.7204699e-02	
   3.2163927e-02	
   3.8609783e-02	
   4.4182752e-02	
   4.1387603e-02	
   2.9492212e-02	
   1.5996351e-02	
   6.4471247e-03	
  -1.6382188e-03	
  -9.1942060e-03	
  -1.0432852e-02	
  -2.9874620e-03	
   1.0887949e-02	
   2.9370814e-02	
   5.1415709e-02	
   7.4562784e-02	
   9.3909474e-02	
   1.0956294e-01	
   1.2374719e-01	
   1.3885857e-01	
   1.5167142e-01	
   1.5697941e-01	
   1.5222637e-01	
   1.4023917e-01	
   1.2557702e-01	
   1.0740006e-01	
   8.3373313e-02	
   5.5578189e-02	
   3.1680345e-02	
   1.5474620e-02	
   3.9978412e-03	
  -7.0370716e-03	
  -1.7067963e-02	
  -2.1979901e-02	
  -2.3549083e-02	
  -2.4124752e-02	
  -1.9300251e-02	
  -5.4675247e-03	
   1.3184889e-02	
   3.1909737e-02	
   4.9465169e-02	
   6.4295486e-02	
   7.6212601e-02	
   8.4620750e-02	
   9.1524930e-02	
   9.9367446e-02	
   1.0697408e-01	
   1.1219151e-01	
   1.1578172e-01	
   1.1960032e-01	
   1.1962126e-01	
   1.1364244e-01	
   1.0766361e-01	
   1.0264743e-01	
   9.1041130e-02	
   6.6508517e-02	
   3.2675858e-02	
  -2.7199425e-03	
  -3.8071550e-02	
  -7.2908070e-02	
  -1.0562357e-01	
  -1.3585901e-01	
  -1.6763723e-01	
  -1.9924973e-01	
  -2.2231206e-01	
  -2.3470814e-01	
  -2.4068071e-01	
  -2.4515704e-01	
  -2.4884601e-01	
  -2.5098311e-01	
  -2.5069194e-01	
  -2.4524247e-01	
  -2.2999126e-01	
  -2.0326001e-01	
  -1.6849250e-01	
  -1.2988242e-01	
  -9.3804277e-02	
  -6.6553416e-02	
  -4.6837988e-02	
  -2.9519889e-02	
  -1.2157216e-02	
   2.3154798e-03	
   1.0574511e-02	
   1.4728223e-02	
   1.6263144e-02	
   1.3521532e-02	
   5.5751460e-03	
  -4.4558570e-03	
  -1.3307450e-02	
  -1.7880746e-02	
  -1.8570521e-02	
  -1.8571212e-02	
  -1.7787562e-02	
  -1.5317887e-02	
  -1.0943202e-02	
  -5.7683368e-03	
   2.5838861e-03	
   1.7268002e-02	
   3.6343280e-02	
   5.4744637e-02	
   6.9073719e-02	
   7.9344262e-02	
   8.6680322e-02	
   8.9983024e-02	
   8.8449909e-02	
   7.9991256e-02	
   6.2212196e-02	
   4.0380160e-02	
   2.2224321e-02	
   1.1984688e-02	
   1.7564253e-03	
  -1.4900538e-02	
  -2.8119701e-02	
  -2.8640187e-02	
  -2.1526669e-02	
  -1.9288056e-02	
  -2.5361480e-02	
  -3.5044130e-02	
  -4.3783027e-02	
  -5.2898568e-02	
  -6.2611036e-02	
  -7.1687301e-02	
  -7.9969898e-02	
  -8.6091738e-02	
  -8.6323667e-02	
  -7.7973102e-02	
  -6.2040329e-02	
  -4.1690167e-02	
  -2.1439827e-02	
  -8.0232802e-05	
   2.5543720e-02	
   5.7011316e-02	
   9.0981304e-02	
   1.1998700e-01	
   1.4099130e-01	
   1.5721270e-01	
   1.7247913e-01	
   1.8233307e-01	
   1.8137338e-01	
   1.7027046e-01	
   1.4937101e-01	
   1.2132318e-01	
   9.3449746e-02	
   6.9692039e-02	
   4.5849348e-02	
   1.8161445e-02	
  -1.1267012e-02	
  -3.5846129e-02	
  -5.2862826e-02	
  -6.1873359e-02	
  -6.5030331e-02	
  -6.4189522e-02	
  -5.7910683e-02	
  -4.5814651e-02	
  -2.7638597e-02	
  -6.9653394e-03	
   1.1716722e-02	
   2.3466990e-02	
   2.9088080e-02	
   3.5027686e-02	
   4.7153349e-02	
   6.4350828e-02	
   8.1239283e-02	
   9.2955916e-02	
   9.7095061e-02	
   9.6846789e-02	
   9.1690012e-02	
   7.8356189e-02	
   5.6258748e-02	
   2.7928057e-02	
  -2.1424275e-05	
  -2.5590807e-02	
  -5.0169057e-02	
  -7.1151758e-02	
  -8.3625656e-02	
  -8.8813172e-02	
  -9.2831485e-02	
  -9.8811548e-02	
  -1.0228482e-01	
  -1.0165558e-01	
  -9.8915860e-02	
  -9.3783450e-02	
  -8.3077192e-02	
  -6.2705023e-02	
  -3.5148147e-02	
  -9.3313692e-03	
   8.9454561e-03	
   2.4256434e-02	
   4.1224386e-02	
   5.9725877e-02	
   7.3066308e-02	
   7.6965618e-02	
   7.7163386e-02	
   8.2575102e-02	
   9.1607235e-02	
   9.4504607e-02	
   8.7325133e-02	
   7.3974200e-02	
   6.1594525e-02	
   5.1019282e-02	
   3.9230115e-02	
   2.6809753e-02	
   1.4265840e-02	
  -1.7799032e-03	
  -2.1928902e-02	
  -4.1846753e-02	
  -5.4737415e-02	
  -5.5327852e-02	
  -4.6890663e-02	
  -4.0095191e-02	
  -3.9849137e-02	
  -4.1441057e-02	
  -4.1066254e-02	
  -4.0577852e-02	
  -4.4586117e-02	
  -5.3063585e-02	
  -5.8324238e-02	
  -5.7794376e-02	
  -5.4199323e-02	
  -4.8818459e-02	
  -4.2614732e-02	
  -3.6584455e-02	
  -3.3712287e-02	
  -3.3304904e-02	
  -3.1860832e-02	
  -2.7048290e-02	
  -2.2852564e-02	
  -2.2544124e-02	
  -2.4118333e-02	
  -2.7411937e-02	
  -3.3642319e-02	
  -4.0066865e-02	
  -4.4050993e-02	
  -5.0476553e-02	
  -6.1977966e-02	
  -7.2218006e-02	
  -7.4291266e-02	
  -6.9150006e-02	
  -6.0879327e-02	
  -5.2084498e-02	
  -4.4925285e-02	
  -3.9961231e-02	
  -3.4000980e-02	
  -2.4672083e-02	
  -1.0382661e-02	
   2.1060876e-03	
   1.1306341e-02	
   2.3986367e-02	
   4.3803169e-02	
   6.7052556e-02	
   8.5859691e-02	
   9.9302369e-02	
   1.0991110e-01	
   1.1807523e-01	
   1.1993402e-01	
   1.1298689e-01	
   1.0188793e-01	
   9.6733568e-02	
   1.0128978e-01	
   1.0856171e-01	
   1.1180624e-01	
   1.0782988e-01	
   9.5793226e-02	
   7.2317421e-02	
   3.7278861e-02	
   2.1072788e-03	
  -1.9247263e-02	
  -2.5855074e-02	
  -2.3983771e-02	
  -1.6656898e-02	
  -2.6770760e-03	
   1.5164475e-02	
   3.3438368e-02	
   5.1566796e-02	
   7.0829028e-02	
   9.1592485e-02	
   1.1192353e-01	
   1.2669548e-01	
   1.3259760e-01	
   1.2929826e-01	
   1.1589736e-01	
   9.4273445e-02	
   7.3516537e-02	
   6.3170887e-02	
   6.0355525e-02	
   5.2075972e-02	
   3.3048944e-02	
   8.7935429e-03	
  -1.4707255e-02	
  -3.1648756e-02	
  -4.0723670e-02	
  -4.6807408e-02	
  -5.5155171e-02	
  -6.6224255e-02	
  -7.5925743e-02	
  -8.1473926e-02	
  -8.2820129e-02	
  -7.9545098e-02	
  -7.2702986e-02	
  -6.7158874e-02	
  -6.7484082e-02	
  -7.4705446e-02	
  -8.9957241e-02	
  -1.1162186e-01	
  -1.3585434e-01	
  -1.5730598e-01	
  -1.7136184e-01	
  -1.8047062e-01	
  -1.9235965e-01	
  -2.1055212e-01	
  -2.3172221e-01	
  -2.5033777e-01	
  -2.6216857e-01	
  -2.6589819e-01	
  -2.5712271e-01	
  -2.3601564e-01	
  -2.0721738e-01	
  -1.7423892e-01	
  -1.3833742e-01	
  -9.7091285e-02	
  -5.1813741e-02	
  -5.3138846e-03	
   3.7376193e-02	
   7.1159074e-02	
   9.9164014e-02	
   1.2899229e-01	
   1.5900364e-01	
   1.8087559e-01	
   1.9459941e-01	
   2.1148733e-01	
   2.4336987e-01	
   2.8271773e-01	
   3.0918454e-01	
   3.2032386e-01	
   3.3004747e-01	
   3.4112685e-01	
   3.4318949e-01	
   3.3554492e-01	
   3.3150124e-01	
   3.4093888e-01	
   3.5588741e-01	
   3.6117328e-01	
   3.5431158e-01	
   3.4886110e-01	
   3.5116369e-01	
   3.5286991e-01	
   3.4195002e-01	
   3.1732513e-01	
   2.8792065e-01	
   2.5376219e-01	
   2.0194184e-01	
   1.2706110e-01	
   4.2688831e-02	
  -3.2096861e-02	
  -9.1145914e-02	
  -1.3899946e-01	
  -1.8007272e-01	
  -2.1421295e-01	
  -2.3946607e-01	
  -2.5647589e-01	
  -2.6782495e-01	
  -2.7621965e-01	
  -2.8531480e-01	
  -2.9583385e-01	
  -3.0482981e-01	
  -3.0991909e-01	
  -3.0902300e-01	
  -3.0249684e-01	
  -2.9068987e-01	
  -2.7168060e-01	
  -2.4548455e-01	
  -2.1688347e-01	
  -1.9052227e-01	
  -1.7019081e-01	
  -1.5855542e-01	
  -1.6138205e-01	
  -1.7781408e-01	
  -2.0385780e-01	
  -2.3714253e-01	
  -2.7945787e-01	
  -3.2526712e-01	
  -3.5948340e-01	
  -3.7214811e-01	
  -3.6803840e-01	
  -3.5413694e-01	
  -3.2956261e-01	
  -2.9187766e-01	
  -2.4598015e-01	
  -1.9482714e-01	
  -1.3495831e-01	
  -6.4233477e-02	
   1.2040313e-02	
   8.3021732e-02	
   1.3755396e-01	
   1.7254196e-01	
   1.8983333e-01	
   1.8856152e-01	
   1.6781364e-01	
   1.3370090e-01	
   9.6062797e-02	
   6.2610151e-02	
   3.9327241e-02	
   2.6678927e-02	
   1.5850197e-02	
  -2.7904280e-03	
  -2.5344500e-02	
  -3.6694259e-02	
  -3.3139627e-02	
  -2.6473583e-02	
  -2.6580580e-02	
  -3.0531420e-02	
  -3.3146200e-02	
  -3.6400681e-02	
  -4.2958490e-02	
  -4.6803449e-02	
  -3.6120892e-02	
  -8.5765291e-03	
   2.6003743e-02	
   6.1948938e-02	
   1.0004565e-01	
   1.4122871e-01	
   1.8158406e-01	
   2.1178605e-01	
   2.2776926e-01	
   2.3739706e-01	
   2.4547021e-01	
   2.4918278e-01	
   2.4837684e-01	
   2.4766572e-01	
   2.4682821e-01	
   2.3630898e-01	
   2.1183879e-01	
   1.8191576e-01	
   1.5779880e-01	
   1.3808242e-01	
   1.1711901e-01	
   9.3649638e-02	
   7.1009686e-02	
   5.0464010e-02	
   3.6406564e-02	
   3.2217729e-02	
   3.3883623e-02	
   3.8232661e-02	
   5.2382708e-02	
   7.8603163e-02	
   1.0217490e-01	
   1.0910079e-01	
   1.0286019e-01	
   9.0187577e-02	
   7.2859100e-02	
   5.0837604e-02	
   2.7135227e-02	
  -9.7092465e-04	
  -4.4800682e-02	
  -1.0585633e-01	
  -1.6777547e-01	
  -2.2222380e-01	
  -2.7493209e-01	
  -3.2736268e-01	
  -3.6840697e-01	
  -3.8981636e-01	
  -3.9607402e-01	
  -3.8712366e-01	
  -3.5821413e-01	
  -3.2105062e-01	
  -2.9414704e-01	
  -2.7611015e-01	
  -2.5209402e-01	
  -2.2247974e-01	
  -1.9539526e-01	
  -1.6755569e-01	
  -1.3083114e-01	
  -8.5164612e-02	
  -4.0465357e-02	
  -5.6883794e-04	
   3.8982114e-02	
   7.7176307e-02	
   1.0779093e-01	
   1.2859103e-01	
   1.3823629e-01	
   1.3564312e-01	
   1.2476270e-01	
   1.1193964e-01	
   9.8290106e-02	
   8.3800591e-02	
   7.3215873e-02	
   7.2475659e-02	
   8.0035270e-02	
   9.1578974e-02	
   1.0888533e-01	
   1.3160900e-01	
   1.5411520e-01	
   1.7301874e-01	
   1.8424685e-01	
   1.8044507e-01	
   1.6048962e-01	
   1.3333027e-01	
   1.1035130e-01	
   9.2651122e-02	
   7.4514227e-02	
   5.8283020e-02	
   4.9005164e-02	
   4.6256201e-02	
   5.1069904e-02	
   6.3480106e-02	
   8.0772593e-02	
   9.9696961e-02	
   1.1795888e-01	
   1.3058464e-01	
   1.3848816e-01	
   1.4755133e-01	
   1.5665916e-01	
   1.5917280e-01	
   1.4971816e-01	
   1.2934216e-01	
   1.0450263e-01	
   7.9016989e-02	
   5.3232095e-02	
   2.8110869e-02	
   5.5913321e-03	
  -7.5724789e-03	
  -9.3552052e-03	
  -5.1539173e-03	
  -2.8645078e-04	
   3.9417328e-03	
   5.5088607e-03	
  -2.3375358e-04	
  -1.4605957e-02	
  -3.0692225e-02	
  -4.2688984e-02	
  -5.1719400e-02	
  -6.2234616e-02	
  -7.3005420e-02	
  -8.1109011e-02	
  -8.5780690e-02	
  -8.4151110e-02	
  -7.3075807e-02	
  -5.5686955e-02	
  -3.7510023e-02	
  -2.1843021e-02	
  -1.2138725e-02	
  -6.3180858e-03	
   4.0384226e-04	
   7.2228803e-03	
   6.4777280e-03	
   1.1302005e-03	
   2.3145665e-03	
   1.1718214e-02	
   1.9470507e-02	
   1.8910261e-02	
   1.2692351e-02	
   4.2194735e-03	
  -8.4705769e-03	
  -2.0152435e-02	
  -2.4492570e-02	
  -2.2351660e-02	
  -1.9462489e-02	
  -2.0533505e-02	
  -2.6272753e-02	
  -3.5254795e-02	
  -4.6201466e-02	
  -5.6866265e-02	
  -6.3698701e-02	
  -6.7948530e-02	
  -7.7091111e-02	
  -9.3948591e-02	
  -1.1007182e-01	
  -1.1876051e-01	
  -1.1589276e-01	
  -9.9962815e-02	
  -6.9696464e-02	
  -2.2315482e-02	
   3.8012042e-02	
   1.0241910e-01	
   1.6405516e-01	
   2.1803320e-01	
   2.6264995e-01	
   2.9872963e-01	
   3.3047228e-01	
   3.6045962e-01	
   3.9067139e-01	
   4.2110253e-01	
   4.4473634e-01	
   4.4989541e-01	
   4.3615337e-01	
   4.1965249e-01	
   4.1062041e-01	
   3.9697318e-01	
   3.5892668e-01	
   2.9343131e-01	
   2.1015470e-01	
   1.1455027e-01	
   1.1784872e-02	
  -8.7189315e-02	
  -1.6958553e-01	
  -2.3480950e-01	
  -2.9375646e-01	
  -3.4399077e-01	
  -3.6821157e-01	
  -3.5297387e-01	
  -3.0496044e-01	
  -2.4470604e-01	
  -1.8965526e-01	
  -1.4506525e-01	
  -1.1178217e-01	
  -8.9941311e-02	
  -7.6362933e-02	
  -6.7688871e-02	
  -6.1317815e-02	
  -5.4272802e-02	
  -4.5018292e-02	
  -3.7486865e-02	
  -3.6508846e-02	
  -4.0420180e-02	
  -4.4586707e-02	
  -4.9380333e-02	
  -5.6154760e-02	
  -6.4702822e-02	
  -6.8233500e-02	
  -6.3984497e-02	
  -5.6520991e-02	
  -4.6751152e-02	
  -3.5900208e-02	
  -3.2910395e-02	
  -4.7022953e-02	
  -7.3071382e-02	
  -9.9220005e-02	
  -1.2603881e-01	
  -1.5921239e-01	
  -1.9831717e-01	
  -2.3562683e-01	
  -2.6031449e-01	
  -2.6217464e-01	
  -2.3901744e-01	
  -1.9998280e-01	
  -1.5849978e-01	
  -1.1975985e-01	
  -8.0475056e-02	
  -3.6709151e-02	
   1.3118036e-02	
   6.1819374e-02	
   9.6754690e-02	
   1.1636800e-01	
   1.3260586e-01	
   1.5409372e-01	
   1.7606343e-01	
   1.8898190e-01	
   1.9198441e-01	
   1.9397607e-01	
   2.0208981e-01	
   2.1042710e-01	
   2.0567500e-01	
   1.8870778e-01	
   1.6855934e-01	
   1.5319173e-01	
   1.4208846e-01	
   1.3744398e-01	
   1.4433152e-01	
   1.5774570e-01	
   1.6761711e-01	
   1.7091344e-01	
   1.7344555e-01	
   1.7906565e-01	
   1.8816245e-01	
   2.0004050e-01	
   2.1414681e-01	
   2.2618299e-01	
   2.3158887e-01	
   2.2845431e-01	
   2.1927580e-01	
   2.0825802e-01	
   1.9409909e-01	
   1.7735577e-01	
   1.5928348e-01	
   1.3850226e-01	
   1.1504044e-01	
   8.8408609e-02	
   5.9628940e-02	
   3.0266015e-02	
   3.6895137e-03	
  -2.0162967e-02	
  -4.7651149e-02	
  -8.2845440e-02	
  -1.2147339e-01	
  -1.5944479e-01	
  -1.9894122e-01	
  -2.4033821e-01	
  -2.8154546e-01	
  -3.1789448e-01	
  -3.4732716e-01	
  -3.7143167e-01	
  -3.9197423e-01	
  -4.1178189e-01	
  -4.3018900e-01	
  -4.4176887e-01	
  -4.3742913e-01	
  -4.1636052e-01	
  -3.8930755e-01	
  -3.6520929e-01	
  -3.4204200e-01	
  -3.1144814e-01	
  -2.7089337e-01	
  -2.2573294e-01	
  -1.8201122e-01	
  -1.4120452e-01	
  -1.0066025e-01	
  -5.7080712e-02	
  -7.7650136e-03	
   3.6978787e-02	
   6.8422536e-02	
   9.2325737e-02	
   1.1905598e-01	
   1.5168062e-01	
   1.8614235e-01	
   2.1457055e-01	
   2.3121180e-01	
   2.3481829e-01	
   2.2464179e-01	
   1.9888027e-01	
   1.5798300e-01	
   1.0826063e-01	
   6.3644598e-02	
   3.2692295e-02	
   5.4601119e-03	
  -3.2101345e-02	
  -7.6691032e-02	
  -1.1050328e-01	
  -1.3073999e-01	
  -1.4950830e-01	
  -1.6748301e-01	
  -1.6981185e-01	
  -1.5575410e-01	
  -1.4165399e-01	
  -1.3285850e-01	
  -1.1581322e-01	
  -7.9063481e-02	
  -3.0052942e-02	
   1.9851630e-02	
   7.3523027e-02	
   1.3328383e-01	
   1.9057490e-01	
   2.2919229e-01	
   2.4769463e-01	
   2.5781112e-01	
   2.6022764e-01	
   2.4617172e-01	
   2.1296262e-01	
   1.7244668e-01	
   1.4123686e-01	
   1.1316277e-01	
   7.2831252e-02	
   2.0023603e-02	
  -2.7082634e-02	
  -5.3844592e-02	
  -6.3251304e-02	
  -6.9767795e-02	
  -8.2142514e-02	
  -9.9681326e-02	
  -1.1682968e-01	
  -1.2839993e-01	
  -1.3391791e-01	
  -1.4105867e-01	
  -1.5465640e-01	
  -1.6725886e-01	
  -1.7037094e-01	
  -1.6411617e-01	
  -1.5608692e-01	
  -1.4435713e-01	
  -1.2237261e-01	
  -9.4545730e-02	
  -6.7996143e-02	
  -4.5715230e-02	
  -2.7197708e-02	
  -1.5669863e-02	
  -8.7240409e-03	
   6.3362165e-04	
   1.0405500e-02	
   1.5019907e-02	
   1.4914244e-02	
   1.3594550e-02	
   7.7148046e-03	
  -1.0706429e-02	
  -4.3095671e-02	
  -7.5273321e-02	
  -9.0412603e-02	
  -8.3655215e-02	
  -6.4930444e-02	
  -4.5870223e-02	
  -2.4408695e-02	
   3.5650667e-04	
   2.0323057e-02	
   3.1706753e-02	
   4.3052560e-02	
   6.0791948e-02	
   7.8331527e-02	
   8.9818945e-02	
   1.0094251e-01	
   1.1992995e-01	
   1.4432285e-01	
   1.5669651e-01	
   1.5090701e-01	
   1.4542208e-01	
   1.5377607e-01	
   1.6032589e-01	
   1.4231266e-01	
   1.0114010e-01	
   5.8161828e-02	
   3.0139300e-02	
   1.3808154e-02	
  -3.5776862e-03	
  -2.5670640e-02	
  -4.1859296e-02	
  -4.6981635e-02	
  -4.9941199e-02	
  -6.2708799e-02	
  -8.2253552e-02	
  -9.7363098e-02	
  -1.0605728e-01	
  -1.1484787e-01	
  -1.2827951e-01	
  -1.4099136e-01	
  -1.4852040e-01	
  -1.5211008e-01	
  -1.5712980e-01	
  -1.6281734e-01	
  -1.6421140e-01	
  -1.6138606e-01	
  -1.5683038e-01	
  -1.5730049e-01	
  -1.6536373e-01	
  -1.7541998e-01	
  -1.7765590e-01	
  -1.6879918e-01	
  -1.5579876e-01	
  -1.4340593e-01	
  -1.3103658e-01	
  -1.1384504e-01	
  -8.7513638e-02	
  -5.2051794e-02	
  -1.3670872e-02	
   2.1565774e-02	
   5.6270418e-02	
   9.4513575e-02	
   1.3855867e-01	
   1.8338864e-01	
   2.1979990e-01	
   2.4325346e-01	
   2.5811420e-01	
   2.6901528e-01	
   2.7688901e-01	
   2.7875730e-01	
   2.6903298e-01	
   2.4328744e-01	
   2.0492588e-01	
   1.6650290e-01	
   1.3674064e-01	
   1.1274345e-01	
   8.9245878e-02	
   6.7960153e-02	
   5.7897526e-02	
   6.3182392e-02	
   7.4581782e-02	
   8.3059079e-02	
   8.8735882e-02	
   9.6111354e-02	
   1.0303341e-01	
   1.0318781e-01	
   9.6497450e-02	
   9.1710190e-02	
   9.1342443e-02	
   8.4181141e-02	
   6.2953177e-02	
   3.6209161e-02	
   1.6800887e-02	
   6.2804143e-03	
  -2.1719133e-03	
  -1.1834615e-02	
  -1.6903866e-02	
  -1.4527381e-02	
  -6.8969466e-03	
  -2.9873210e-03	
  -8.9997656e-03	
  -2.0392170e-02	
  -3.0061013e-02	
  -3.6181827e-02	
  -4.0589610e-02	
  -4.6225715e-02	
  -5.3041395e-02	
  -6.1268373e-02	
  -6.7993665e-02	
  -6.7018395e-02	
  -5.5453652e-02	
  -3.5579201e-02	
  -1.3168924e-02	
   8.4602814e-03	
   3.1602070e-02	
   5.6537470e-02	
   7.9616665e-02	
   9.4721904e-02	
   9.6672267e-02	
   8.7385844e-02	
   7.3679377e-02	
   5.5851194e-02	
   2.8929612e-02	
  -1.1450024e-02	
  -6.0823690e-02	
  -1.0365085e-01	
  -1.3366120e-01	
  -1.5913769e-01	
  -1.7894051e-01	
  -1.8277870e-01	
  -1.6898314e-01	
  -1.4854802e-01	
  -1.2944553e-01	
  -1.0989883e-01	
  -8.8882143e-02	
  -6.7886344e-02	
  -4.6008159e-02	
  -1.8617214e-02	
   1.2103396e-02	
   3.6042339e-02	
   4.7077463e-02	
   4.7712327e-02	
   4.3766831e-02	
   3.7539322e-02	
   3.0158434e-02	
   2.2099382e-02	
   1.3116703e-02	
   2.7274756e-03	
  -8.1056442e-03	
  -2.0371756e-02	
  -3.5070686e-02	
  -5.2524349e-02	
  -6.9835055e-02	
  -8.3621939e-02	
  -9.2493769e-02	
  -9.6523764e-02	
  -9.8711012e-02	
  -1.0254129e-01	
  -1.0892674e-01	
  -1.1439510e-01	
  -1.1200005e-01	
  -1.0014943e-01	
  -8.4272886e-02	
  -7.0498215e-02	
  -6.1183767e-02	
  -5.2862867e-02	
  -4.1978766e-02	
  -3.6092808e-02	
  -4.0319349e-02	
  -4.8104057e-02	
  -5.0999871e-02	
  -4.6582376e-02	
  -3.6647154e-02	
  -2.6024127e-02	
  -1.7895963e-02	
  -1.4920958e-02	
  -1.6049410e-02	
  -1.8185322e-02	
  -1.6359030e-02	
  -7.5395628e-03	
   9.1267749e-03	
   2.8987290e-02	
   4.3692409e-02	
   5.0964082e-02	
   5.4904362e-02	
   6.0816492e-02	
   6.6549109e-02	
   6.6631945e-02	
   5.9428399e-02	
   4.6482719e-02	
   2.9412715e-02	
   1.0238176e-02	
  -7.7554733e-03	
  -2.2177693e-02	
  -3.1035906e-02	
  -3.6387607e-02	
  -4.1747273e-02	
  -4.8676746e-02	
  -5.6481709e-02	
  -6.3036367e-02	
  -6.7377941e-02	
  -6.8426843e-02	
  -6.4466114e-02	
  -5.6416437e-02	
  -5.0650798e-02	
  -5.3806454e-02	
  -6.4349589e-02	
  -7.5682545e-02	
  -8.0569397e-02	
  -7.7315429e-02	
  -6.4841295e-02	
  -4.4704164e-02	
  -2.2537953e-02	
  -5.6263191e-03	
   3.3433790e-03	
   1.3579670e-02	
   3.7289322e-02	
   7.6501347e-02	
   1.1980847e-01	
   1.5530411e-01	
   1.8230115e-01	
   2.0897033e-01	
   2.3183832e-01	
   2.4691966e-01	
   2.5238383e-01	
   2.4967207e-01	
   2.4083092e-01	
   2.2328060e-01	
   1.9403625e-01	
   1.5354632e-01	
   1.0601610e-01	
   5.8536201e-02	
   2.1797692e-02	
   3.3196663e-03	
   5.1317533e-03	
   2.1003392e-02	
   4.1953490e-02	
   6.4759993e-02	
   8.7082879e-02	
   1.0671596e-01	
   1.2116936e-01	
   1.2699136e-01	
   1.2287830e-01	
   1.1038959e-01	
   9.6721178e-02	
   8.7376994e-02	
   8.2462353e-02	
   7.8815799e-02	
   7.5466723e-02	
   6.7731941e-02	
   5.1103222e-02	
   2.5990326e-02	
  -2.3447792e-03	
  -2.6020345e-02	
  -3.9813566e-02	
  -4.6742142e-02	
  -4.9741248e-02	
  -4.7580137e-02	
  -3.6965848e-02	
  -1.9142786e-02	
  -3.2958202e-03	
   3.2269330e-03	
   2.1753518e-03	
   1.0242937e-04	
  -1.7706726e-04	
   8.0720437e-05	
   2.2020605e-03	
   8.4498620e-03	
   2.0777228e-02	
   3.9812286e-02	
   6.0438243e-02	
   7.9035751e-02	
   9.4159221e-02	
   1.0240583e-01	
   1.0149398e-01	
   9.0292833e-02	
   7.1817455e-02	
   5.1781444e-02	
   3.2646352e-02	
   1.6073677e-02	
   1.6604860e-03	
  -1.6615350e-02	
  -4.1666490e-02	
  -7.0285815e-02	
  -9.8350581e-02	
  -1.2189341e-01	
  -1.3968451e-01	
  -1.5308187e-01	
  -1.6263946e-01	
  -1.7342867e-01	
  -1.9027111e-01	
  -2.1449314e-01	
  -2.4179026e-01	
  -2.6421592e-01	
  -2.7373357e-01	
  -2.6956475e-01	
  -2.5890050e-01	
  -2.4818462e-01	
  -2.3600584e-01	
  -2.2247626e-01	
  -2.1006708e-01	
  -2.0016128e-01	
  -1.9187597e-01	
  -1.8625273e-01	
  -1.8519604e-01	
  -1.8462422e-01	
  -1.7820053e-01	
  -1.6793813e-01	
  -1.6132978e-01	
  -1.5951765e-01	
  -1.5703057e-01	
  -1.4969822e-01	
  -1.4060485e-01	
  -1.3674796e-01	
  -1.3913693e-01	
  -1.4169269e-01	
  -1.3637885e-01	
  -1.2076256e-01	
  -9.8708947e-02	
  -8.0906228e-02	
  -7.1799224e-02	
  -6.3172244e-02	
  -4.7714775e-02	
  -2.5670617e-02	
  -2.3877253e-03	
   2.4060330e-02	
   6.0414053e-02	
   1.0188256e-01	
   1.3707665e-01	
   1.6107631e-01	
   1.7723045e-01	
   1.8740093e-01	
   1.9069750e-01	
   1.8748277e-01	
   1.7650706e-01	
   1.5762145e-01	
   1.3232986e-01	
   1.0178586e-01	
   6.6231453e-02	
   3.1647907e-02	
   7.7692498e-03	
  -3.7610553e-03	
  -1.2606365e-02	
  -2.5697131e-02	
  -4.0730762e-02	
  -5.4619008e-02	
  -7.0628310e-02	
  -8.7002639e-02	
  -9.6615155e-02	
  -9.6786904e-02	
  -8.9713512e-02	
  -7.9034689e-02	
  -6.3819297e-02	
  -4.2306764e-02	
  -2.0088007e-02	
  -1.3483093e-03	
   1.7986752e-02	
   4.4139623e-02	
   7.1227809e-02	
   8.8744968e-02	
   9.1539739e-02	
   8.1247838e-02	
   6.3809444e-02	
   3.7550096e-02	
   1.7956815e-04	
  -3.7357703e-02	
  -5.7999047e-02	
  -5.4032772e-02	
  -3.8850503e-02	
  -2.6514919e-02	
  -1.3039177e-02	
   8.4189519e-03	
   2.9875317e-02	
   3.7685837e-02	
   3.9127372e-02	
   4.3768135e-02	
   4.6056250e-02	
   4.0256095e-02	
   3.2482480e-02	
   3.3943190e-02	
   4.4923544e-02	
   5.4333484e-02	
   5.5342991e-02	
   5.2809336e-02	
   5.2868024e-02	
   5.0647329e-02	
   4.0058463e-02	
   2.5077903e-02	
   1.5324990e-02	
   1.5685315e-02	
   1.9181921e-02	
   1.6515009e-02	
   6.2186531e-03	
  -6.7546209e-04	
   6.4034588e-03	
   1.9257193e-02	
   2.7294208e-02	
   3.6927929e-02	
   5.9803993e-02	
   9.1749838e-02	
   1.1794153e-01	
   1.3331274e-01	
   1.4535175e-01	
   1.5574006e-01	
   1.5541019e-01	
   1.4353207e-01	
   1.3059461e-01	
   1.2264654e-01	
   1.1560737e-01	
   1.0257032e-01	
   8.5410524e-02	
   7.0182329e-02	
   6.1995076e-02	
   5.8964411e-02	
   5.7663851e-02	
   5.5386032e-02	
   5.2745150e-02	
   4.8277133e-02	
   4.1185735e-02	
   3.0671362e-02	
   1.5859589e-02	
  -1.3871820e-03	
  -2.0467761e-02	
  -3.5941697e-02	
  -4.4260431e-02	
  -5.1247347e-02	
  -6.4849024e-02	
  -8.4539035e-02	
  -1.0407352e-01	
  -1.2069642e-01	
  -1.3501053e-01	
  -1.4626560e-01	
  -1.5191692e-01	
  -1.5087032e-01	
  -1.4726736e-01	
  -1.4677760e-01	
  -1.4819178e-01	
  -1.4431040e-01	
  -1.3528175e-01	
  -1.2631469e-01	
  -1.1559097e-01	
  -9.8647410e-02	
  -7.5630271e-02	
  -5.1311273e-02	
  -2.9247250e-02	
  -1.1032416e-02	
  -3.2051850e-04	
   3.9615267e-03	
   5.8189181e-03	
   6.0683093e-03	
   2.7683366e-03	
  -3.1058491e-03	
  -8.6030319e-03	
  -1.5688360e-02	
  -2.5457709e-02	
  -3.1427318e-02	
  -2.8167019e-02	
  -1.9808335e-02	
  -1.5694136e-02	
  -1.4861374e-02	
  -1.1327622e-02	
  -5.5281507e-03	
  -5.8756637e-03	
  -1.5009358e-02	
  -2.5983730e-02	
  -3.4083574e-02	
  -4.2694672e-02	
  -5.8217147e-02	
  -7.8935982e-02	
  -9.6199559e-02	
  -9.9932253e-02	
  -8.8039387e-02	
  -6.9771866e-02	
  -5.5290275e-02	
  -4.9373330e-02	
  -5.2573891e-02	
  -6.5300964e-02	
  -8.2198977e-02	
  -9.6204751e-02	
  -9.9016514e-02	
  -8.4140077e-02	
  -5.5246626e-02	
  -2.4878607e-02	
  -2.7693804e-03	
   7.1584051e-03	
   4.1932238e-03	
  -5.6267415e-03	
  -1.1991603e-02	
  -1.0986213e-02	
  -7.7863244e-03	
  -1.0420114e-02	
  -1.8627982e-02	
  -2.8478887e-02	
  -3.9993427e-02	
  -5.2355231e-02	
  -5.8221560e-02	
  -4.9558519e-02	
  -3.1597615e-02	
  -1.8603184e-02	
  -1.6599497e-02	
  -2.2023656e-02	
  -2.6924249e-02	
  -2.6278571e-02	
  -2.2796243e-02	
  -2.0208674e-02	
  -1.6037162e-02	
  -7.3026778e-03	
   2.7840885e-03	
   1.0901690e-02	
   1.6312763e-02	
   1.6530095e-02	
   1.2304792e-02	
   1.1278953e-02	
   1.5838951e-02	
   2.6059085e-02	
   3.9806663e-02	
   5.1613052e-02	
   5.8580982e-02	
   6.1254213e-02	
   6.3008696e-02	
   6.4202443e-02	
   5.9221368e-02	
   4.2929456e-02	
   1.9441450e-02	
  -3.2205646e-03	
  -2.0546066e-02	
  -3.2116390e-02	
  -3.7405445e-02	
  -3.4176641e-02	
  -2.2492358e-02	
  -4.7923423e-03	
   1.5558465e-02	
   3.4044617e-02	
   5.0988768e-02	
   6.7795484e-02	
   8.4967021e-02	
   9.9957564e-02	
   1.1007783e-01	
   1.1356184e-01	
   1.0705786e-01	
   9.1756210e-02	
   7.1751080e-02	
   5.0657919e-02	
   3.0339334e-02	
   1.2838760e-02	
  -5.4916929e-04	
  -9.8813318e-03	
  -1.6959816e-02	
  -2.0266246e-02	
  -1.8428526e-02	
  -1.3315734e-02	
  -5.1665745e-03	
   5.1130356e-04	
   3.8251323e-04	
  -4.4025234e-03	
  -1.5048682e-02	
  -3.1014996e-02	
  -5.3046965e-02	
  -7.7843892e-02	
  -1.0381316e-01	
  -1.3091681e-01	
  -1.5859389e-01	
  -1.8720063e-01	
  -2.1395896e-01	
  -2.3506290e-01	
  -2.4963337e-01	
  -2.6072094e-01	
  -2.6970877e-01	
  -2.7373162e-01	
  -2.6752482e-01	
  -2.4741432e-01	
  -2.1566117e-01	
  -1.7948189e-01	
  -1.4534857e-01	
  -1.1497247e-01	
  -8.8946689e-02	
  -6.7650875e-02	
  -5.3345481e-02	
  -5.0062774e-02	
  -5.8038023e-02	
  -7.1604996e-02	
  -8.3489779e-02	
  -9.1664229e-02	
  -9.7422629e-02	
  -1.0055093e-01	
  -1.0227202e-01	
  -1.0305548e-01	
  -1.0108818e-01	
  -9.5501766e-02	
  -8.9298978e-02	
  -8.4695444e-02	
  -7.9539257e-02	
  -6.9841781e-02	
  -5.6226162e-02	
  -4.3943188e-02	
  -3.6375305e-02	
  -3.1386791e-02	
  -2.3003864e-02	
  -7.1281853e-03	
   1.3135335e-02	
   3.2095929e-02	
   4.9432578e-02	
   6.5410232e-02	
   7.7435081e-02	
   8.5026316e-02	
   8.9580762e-02	
   9.2218475e-02	
   9.3338295e-02	
   9.1354538e-02	
   8.6257705e-02	
   8.4662050e-02	
   8.9750505e-02	
   9.1889609e-02	
   8.5492475e-02	
   7.8088447e-02	
   8.0178581e-02	
   8.9288948e-02	
   9.7107864e-02	
   1.0168284e-01	
   1.0624537e-01	
   1.0978083e-01	
   1.0893813e-01	
   1.0644686e-01	
   1.0659265e-01	
   1.0254306e-01	
   8.3422342e-02	
   5.0225107e-02	
   1.4298479e-02	
  -1.7840939e-02	
  -4.9177143e-02	
  -8.5329163e-02	
  -1.2234635e-01	
  -1.5098413e-01	
  -1.6731981e-01	
  -1.7519236e-01	
  -1.8277445e-01	
  -1.9426777e-01	
  -2.0842700e-01	
  -2.1930884e-01	
  -2.2428036e-01	
  -2.2699796e-01	
  -2.3021110e-01	
  -2.2839331e-01	
  -2.1622450e-01	
  -1.9920453e-01	
  -1.8287121e-01	
  -1.6572422e-01	
  -1.4354682e-01	
  -1.1514092e-01	
  -8.3919594e-02	
  -5.5172599e-02	
  -3.5934487e-02	
  -2.8157585e-02	
  -3.1404060e-02	
  -3.9399716e-02	
  -4.7858316e-02	
  -5.5404033e-02	
  -6.1447674e-02	
  -6.3558753e-02	
  -5.8259273e-02	
  -5.1392363e-02	
  -5.1751331e-02	
  -5.8384671e-02	
  -6.6073687e-02	
  -7.3394938e-02	
  -8.0227787e-02	
  -7.9535835e-02	
  -6.6864051e-02	
  -4.8927821e-02	
  -3.4096076e-02	
  -2.0051421e-02	
  -3.7893570e-03	
   1.1366486e-02	
   2.2304980e-02	
   3.0602633e-02	
   4.1996548e-02	
   5.3281962e-02	
   5.8248452e-02	
   5.8393669e-02	
   6.2336981e-02	
   7.5867864e-02	
   9.7674323e-02	
   1.2309819e-01	
   1.4723816e-01	
   1.6994997e-01	
   1.9489328e-01	
   2.2184319e-01	
   2.4360227e-01	
   2.5541377e-01	
   2.6214679e-01	
   2.6939188e-01	
   2.7649424e-01	
   2.7907077e-01	
   2.7624496e-01	
   2.7137091e-01	
   2.6749479e-01	
   2.6224196e-01	
   2.4777799e-01	
   2.2443995e-01	
   1.9936725e-01	
   1.7697345e-01	
   1.5656718e-01	
   1.3449947e-01	
   1.1549840e-01	
   1.1168045e-01	
   1.2868343e-01	
   1.6144878e-01	
   1.9764788e-01	
   2.3343102e-01	
   2.6402937e-01	
   2.8291999e-01	
   2.9113131e-01	
   2.9249232e-01	
   2.9032844e-01	
   2.8146747e-01	
   2.6029738e-01	
   2.2990583e-01	
   1.9898765e-01	
   1.7157761e-01	
   1.4675896e-01	
   1.2239916e-01	
   1.0282880e-01	
   9.3340301e-02	
   9.2222605e-02	
   9.3495235e-02	
   9.0711497e-02	
   8.6700618e-02	
   8.3495974e-02	
   8.0333692e-02	
   7.7004027e-02	
   7.3231272e-02	
   6.8233972e-02	
   6.1982863e-02	
   5.8773057e-02	
   6.0510164e-02	
   6.3127404e-02	
   6.5098299e-02	
   7.1145504e-02	
   8.2828802e-02	
   9.9395294e-02	
   1.1814526e-01	
   1.3320253e-01	
   1.3856593e-01	
   1.3408724e-01	
   1.2510596e-01	
   1.1663557e-01	
   1.1016799e-01	
   1.0217614e-01	
   9.2482677e-02	
   8.0812418e-02	
   6.9133781e-02	
   6.0203010e-02	
   5.0542562e-02	
   3.9167244e-02	
   2.8502050e-02	
   2.1570258e-02	
   1.8053109e-02	
   1.4691266e-02	
   9.2973852e-03	
   4.4967853e-03	
   2.7131575e-03	
   8.5493478e-04	
  -3.8399005e-03	
  -9.8377839e-03	
  -1.2395776e-02	
  -1.2156749e-02	
  -1.2752708e-02	
  -1.6042637e-02	
  -2.0328621e-02	
  -2.4037857e-02	
  -2.6261118e-02	
  -2.9325862e-02	
  -3.5851503e-02	
  -4.4405046e-02	
  -5.2973026e-02	
  -5.8889404e-02	
  -6.2856004e-02	
  -7.0110408e-02	
  -8.2572329e-02	
  -9.7838756e-02	
  -1.1139820e-01	
  -1.2053895e-01	
  -1.2504029e-01	
  -1.2774550e-01	
  -1.3167343e-01	
  -1.3687823e-01	
  -1.4109708e-01	
  -1.4500265e-01	
  -1.4691596e-01	
  -1.4518118e-01	
  -1.3941293e-01	
  -1.2768733e-01	
  -1.0935933e-01	
  -8.7207133e-02	
  -6.4466232e-02	
  -4.5129607e-02	
  -2.9861664e-02	
  -2.2247761e-02	
  -2.3926193e-02	
  -2.8827813e-02	
  -3.4612020e-02	
  -4.4284828e-02	
  -5.8818758e-02	
  -7.2991732e-02	
  -8.0245900e-02	
  -8.2597522e-02	
  -8.6850950e-02	
  -9.2739858e-02	
  -9.5235440e-02	
  -9.3454171e-02	
  -8.9895822e-02	
  -8.7040576e-02	
  -8.2436039e-02	
  -7.4610869e-02	
  -6.5194823e-02	
  -5.4026501e-02	
  -3.8874416e-02	
  -1.9423791e-02	
   2.4632836e-04	
   1.5596172e-02	
   2.6486669e-02	
   3.5756112e-02	
   4.6879736e-02	
   5.8449312e-02	
   6.8964510e-02	
   8.3454261e-02	
   1.0625316e-01	
   1.3751927e-01	
   1.7331185e-01	
   2.0751150e-01	
   2.3619234e-01	
   2.5899195e-01	
   2.7280343e-01	
   2.7561183e-01	
   2.6674118e-01	
   2.4747397e-01	
   2.1914105e-01	
   1.8681713e-01	
   1.5581109e-01	
   1.3129400e-01	
   1.1512163e-01	
   1.0107237e-01	
   8.4469415e-02	
   6.5681986e-02	
   4.4838366e-02	
   2.1860521e-02	
  -5.4464304e-03	
  -3.6979631e-02	
  -6.9951698e-02	
  -1.0265333e-01	
  -1.3274558e-01	
  -1.5904099e-01	
  -1.8232664e-01	
  -2.0259585e-01	
  -2.2133107e-01	
  -2.3744568e-01	
  -2.4873120e-01	
  -2.5383995e-01	
  -2.5562865e-01	
  -2.5696919e-01	
  -2.5870857e-01	
  -2.6441570e-01	
  -2.7010796e-01	
  -2.7165647e-01	
  -2.6806054e-01	
  -2.6033036e-01	
  -2.5205490e-01	
  -2.4560667e-01	
  -2.4463388e-01	
  -2.4790998e-01	
  -2.5378402e-01	
  -2.6146635e-01	
  -2.7126973e-01	
  -2.8109205e-01	
  -2.8614552e-01	
  -2.8455671e-01	
  -2.7864685e-01	
  -2.7465533e-01	
  -2.7265281e-01	
  -2.6858959e-01	
  -2.6003105e-01	
  -2.4819383e-01	
  -2.3432747e-01	
  -2.1800589e-01	
  -1.9975724e-01	
  -1.8117632e-01	
  -1.6606264e-01	
  -1.5598568e-01	
  -1.4748218e-01	
  -1.3772836e-01	
  -1.2847439e-01	
  -1.1974835e-01	
  -1.0813909e-01	
  -9.1274062e-02	
  -7.3829591e-02	
  -5.9102660e-02	
  -4.4564098e-02	
  -2.7079236e-02	
  -7.9333937e-03	
   1.0423489e-02	
   2.7683567e-02	
   4.4752509e-02	
   6.0429747e-02	
   7.1168632e-02	
   7.7898467e-02	
   8.5066082e-02	
   9.1251878e-02	
   9.2569820e-02	
   9.2319188e-02	
   9.4956606e-02	
   9.9335704e-02	
   1.0378407e-01	
   1.0766420e-01	
   1.0865175e-01	
   1.0557289e-01	
   1.0117827e-01	
   9.8227212e-02	
   9.7727659e-02	
   9.8513893e-02	
   9.7965075e-02	
   9.6887794e-02	
   9.6218852e-02	
   9.1997402e-02	
   7.9765699e-02	
   6.1701079e-02	
   4.4888634e-02	
   3.7232328e-02	
   3.9497709e-02	
   4.7191905e-02	
   5.5325380e-02	
   6.4392718e-02	
   7.3118582e-02	
   7.8336247e-02	
   8.0498125e-02	
   8.2365239e-02	
   8.1740547e-02	
   7.4863330e-02	
   6.1614290e-02	
   4.4956454e-02	
   2.7474618e-02	
   9.5267595e-03	
  -9.2182013e-03	
  -2.6679316e-02	
  -4.2231964e-02	
  -5.5401313e-02	
  -6.4394665e-02	
  -7.0363813e-02	
  -7.5243231e-02	
  -7.5926982e-02	
  -6.8128775e-02	
  -5.1468703e-02	
  -2.7784581e-02	
   6.8561422e-04	
   3.2214348e-02	
   6.2734228e-02	
   8.7009601e-02	
   1.0500897e-01	
   1.1810744e-01	
   1.2899017e-01	
   1.3898288e-01	
   1.4601444e-01	
   1.5040133e-01	
   1.5505412e-01	
   1.5808849e-01	
   1.5632410e-01	
   1.4838040e-01	
   1.3509496e-01	
   1.2149280e-01	
   1.1060925e-01	
   9.4965338e-02	
   7.4291384e-02	
   5.8745008e-02	
   5.2256979e-02	
   4.7997391e-02	
   4.1903234e-02	
   4.2489859e-02	
   5.7657024e-02	
   8.3840947e-02	
   1.0974861e-01	
   1.2831662e-01	
   1.4065718e-01	
   1.5066653e-01	
   1.6156312e-01	
   1.7250998e-01	
   1.8190856e-01	
   1.8782756e-01	
   1.8887139e-01	
   1.8555783e-01	
   1.7748516e-01	
   1.6319730e-01	
   1.3882287e-01	
   1.0674610e-01	
   7.4707452e-02	
   5.0048833e-02	
   3.0897486e-02	
   1.1083534e-02	
  -8.8995659e-03	
  -2.3037110e-02	
  -2.9306781e-02	
  -3.0052771e-02	
  -2.7662097e-02	
  -2.3515128e-02	
  -1.6709626e-02	
  -1.1445469e-02	
  -1.3763744e-02	
  -2.5284733e-02	
  -3.9835644e-02	
  -5.0025457e-02	
  -5.6803153e-02	
  -6.3501936e-02	
  -6.9624838e-02	
  -7.7638808e-02	
  -9.1096531e-02	
  -1.0807060e-01	
  -1.2035186e-01	
  -1.2651582e-01	
  -1.2857280e-01	
  -1.2480081e-01	
  -1.1533686e-01	
  -1.0564068e-01	
  -9.7429532e-02	
  -8.6874019e-02	
  -7.3072680e-02	
  -5.8049545e-02	
  -4.3183398e-02	
  -2.7042149e-02	
  -7.8912618e-03	
   1.3616421e-02	
   3.4250025e-02	
   5.0344122e-02	
   5.9166144e-02	
   6.0649640e-02	
   5.8432933e-02	
   5.9195231e-02	
   6.3498160e-02	
   6.7340004e-02	
   7.3267970e-02	
   8.4101786e-02	
   9.4844683e-02	
   9.8800161e-02	
   9.4836777e-02	
   8.9651385e-02	
   8.7246604e-02	
   8.4634025e-02	
   7.9949248e-02	
   7.7173652e-02	
   7.6158911e-02	
   7.5032011e-02	
   7.3566628e-02	
   7.4649278e-02	
   7.6515389e-02	
   7.3856554e-02	
   6.8776182e-02	
   6.8021277e-02	
   7.3651175e-02	
   7.7905547e-02	
   7.0545592e-02	
   5.4932239e-02	
   4.3338940e-02	
   4.2327745e-02	
   4.9306282e-02	
   5.2712565e-02	
   4.5949755e-02	
   3.5084191e-02	
   2.7593338e-02	
   2.4029372e-02	
   1.5715441e-02	
  -1.7462962e-03	
  -2.1914282e-02	
  -3.8480933e-02	
  -5.2437766e-02	
  -6.5083254e-02	
  -7.0875166e-02	
  -6.6698792e-02	
  -5.6523717e-02	
  -4.4453184e-02	
  -2.9988791e-02	
  -1.2074551e-02	
   4.3191617e-03	
   1.6247532e-02	
   2.5472465e-02	
   3.4327533e-02	
   4.2393199e-02	
   4.5392270e-02	
   4.2061961e-02	
   3.7510932e-02	
   3.9934764e-02	
   5.3281466e-02	
   7.4937375e-02	
   9.7486939e-02	
   1.1353860e-01	
   1.2081796e-01	
   1.2185589e-01	
   1.2134093e-01	
   1.1871697e-01	
   1.1066276e-01	
   9.6750088e-02	
   7.8572483e-02	
   5.9402970e-02	
   4.0977783e-02	
   2.4205464e-02	
   1.0355084e-02	
   1.0224010e-04	
  -4.9191126e-03	
  -1.5340631e-03	
   1.2783961e-02	
   3.2828951e-02	
   5.1769615e-02	
   6.6283019e-02	
   7.6786199e-02	
   8.3395438e-02	
   8.6453467e-02	
   9.1450177e-02	
   1.0380661e-01	
   1.2197513e-01	
   1.3888246e-01	
   1.5185597e-01	
   1.6245520e-01	
   1.6991758e-01	
   1.7328701e-01	
   1.7009145e-01	
   1.6206297e-01	
   1.5110000e-01	
   1.3708390e-01	
   1.1922419e-01	
   9.6746902e-02	
   7.4096389e-02	
   5.4328126e-02	
   3.9273851e-02	
   3.1040407e-02	
   2.9331284e-02	
   3.2954568e-02	
   4.1977603e-02	
   5.3067450e-02	
   6.0709938e-02	
   5.9875678e-02	
   5.1021908e-02	
   3.8948602e-02	
   2.9201554e-02	
   2.1858161e-02	
   1.2368819e-02	
  -1.6310172e-03	
  -1.6829626e-02	
  -2.4130251e-02	
  -1.9048740e-02	
  -6.2232669e-03	
   7.5221342e-03	
   2.1697722e-02	
   3.9249715e-02	
   5.8897765e-02	
   7.7241502e-02	
   9.2056815e-02	
   1.0054054e-01	
   1.0308474e-01	
   1.0310563e-01	
   1.0011763e-01	
   8.4920175e-02	
   5.8555642e-02	
   3.2179839e-02	
   1.1515301e-02	
  -6.5375835e-03	
  -2.7962442e-02	
  -4.7111665e-02	
  -5.6455531e-02	
  -5.8311606e-02	
  -5.7978391e-02	
  -5.5039560e-02	
  -4.9182099e-02	
  -3.9610270e-02	
  -2.9623747e-02	
  -2.4496210e-02	
  -2.5111055e-02	
  -3.0023655e-02	
  -3.8114277e-02	
  -4.6822636e-02	
  -5.4408449e-02	
  -6.0493231e-02	
  -6.4475200e-02	
  -6.5216358e-02	
  -6.1518946e-02	
  -5.3327952e-02	
  -4.2311773e-02	
  -2.8070784e-02	
  -1.0222718e-02	
   7.9786880e-03	
   2.6735065e-02	
   4.3995734e-02	
   5.9080240e-02	
   7.1295777e-02	
   7.7272477e-02	
   7.4823564e-02	
   6.3702772e-02	
   4.4305165e-02	
   2.1291849e-02	
  -3.0281284e-03	
  -2.6779256e-02	
  -5.0387935e-02	
  -7.3459602e-02	
  -9.4090899e-02	
  -1.1027189e-01	
  -1.2185990e-01	
  -1.2988844e-01	
  -1.3201929e-01	
  -1.3254869e-01	
  -1.3398699e-01	
  -1.3136315e-01	
  -1.1997225e-01	
  -1.0255486e-01	
  -8.5945772e-02	
  -7.2192046e-02	
  -5.5510457e-02	
  -3.2805310e-02	
  -5.7891691e-03	
   2.2689896e-02	
   4.9780625e-02	
   7.2505749e-02	
   9.1280552e-02	
   1.1225647e-01	
   1.3761526e-01	
   1.6277439e-01	
   1.8059959e-01	
   1.9056357e-01	
   2.0032353e-01	
   2.1241357e-01	
   2.1947876e-01	
   2.1661118e-01	
   2.0764950e-01	
   1.9674264e-01	
   1.8493987e-01	
   1.7111375e-01	
   1.5664512e-01	
   1.4363998e-01	
   1.3324336e-01	
   1.2643269e-01	
   1.2337891e-01	
   1.2403151e-01	
   1.2809602e-01	
   1.3213965e-01	
   1.3399980e-01	
   1.3426424e-01	
   1.3400174e-01	
   1.3388705e-01	
   1.3368910e-01	
   1.3307332e-01	
   1.3196813e-01	
   1.3094726e-01	
   1.2827450e-01	
   1.2299500e-01	
   1.1619307e-01	
   1.0887836e-01	
   9.8770425e-02	
   8.6072091e-02	
   7.2229688e-02	
   5.8579359e-02	
   4.5177622e-02	
   2.8415851e-02	
   9.1776683e-03	
  -9.2043127e-03	
  -2.6471902e-02	
  -4.2366384e-02	
  -5.6677919e-02	
  -6.8866688e-02	
  -8.2222931e-02	
  -9.8133638e-02	
  -1.1361087e-01	
  -1.2697821e-01	
  -1.3760676e-01	
  -1.4674828e-01	
  -1.5315143e-01	
  -1.5531868e-01	
  -1.5952656e-01	
  -1.7122561e-01	
  -1.8631575e-01	
  -1.9704378e-01	
  -2.0558603e-01	
  -2.1955918e-01	
  -2.3924577e-01	
  -2.5636597e-01	
  -2.6885645e-01	
  -2.8035372e-01	
  -2.9151363e-01	
  -3.0182730e-01	
  -3.1122305e-01	
  -3.1975723e-01	
  -3.2252362e-01	
  -3.1896845e-01	
  -3.1079070e-01	
  -2.9905454e-01	
  -2.8174264e-01	
  -2.5650610e-01	
  -2.2803323e-01	
  -2.0125673e-01	
  -1.7672530e-01	
  -1.5509832e-01	
  -1.3731023e-01	
  -1.2191211e-01	
  -1.0978980e-01	
  -1.0076209e-01	
  -9.4215389e-02	
  -8.8655052e-02	
  -8.0640551e-02	
  -6.9291547e-02	
  -5.3685587e-02	
  -3.7554220e-02	
  -2.4540224e-02	
  -1.1361188e-02	
   6.3596100e-03	
   2.7309006e-02	
   4.9788076e-02	
   7.3724571e-02	
   9.7645826e-02	
   1.1979325e-01	
   1.3840397e-01	
   1.5193208e-01	
   1.5784659e-01	
   1.5771402e-01	
   1.5572094e-01	
   1.4970141e-01	
   1.3956249e-01	
   1.2841391e-01	
   1.1564619e-01	
   1.0072515e-01	
   8.5787003e-02	
   7.4203297e-02	
   6.6137584e-02	
   6.1208075e-02	
   6.2796414e-02	
   7.1864478e-02	
   8.2911402e-02	
   9.0616684e-02	
   9.3373105e-02	
   9.2846117e-02	
   8.8964566e-02	
   8.0270916e-02	
   6.6956445e-02	
   5.2555595e-02	
   4.1522224e-02	
   3.4055136e-02	
   2.6724552e-02	
   1.9710230e-02	
   1.6628725e-02	
   2.0218675e-02	
   2.7199183e-02	
   3.1731817e-02	
   3.2212501e-02	
   2.7429861e-02	
   1.6331112e-02	
   3.0551238e-03	
  -1.1500959e-02	
  -2.9015758e-02	
  -4.4255345e-02	
  -5.3733046e-02	
  -6.0463082e-02	
  -6.8161461e-02	
  -7.6640056e-02	
  -8.2445774e-02	
  -8.5401438e-02	
  -8.8938252e-02	
  -9.4032725e-02	
  -9.6918533e-02	
  -9.2348865e-02	
  -8.1617650e-02	
  -7.3362724e-02	
  -7.2123429e-02	
  -7.6591499e-02	
  -8.3995114e-02	
  -9.4642903e-02	
  -1.0929148e-01	
  -1.2544244e-01	
  -1.3819145e-01	
  -1.4633682e-01	
  -1.5133860e-01	
  -1.5824349e-01	
  -1.6798722e-01	
  -1.7648941e-01	
  -1.8412661e-01	
  -1.9293313e-01	
  -2.0102456e-01	
  -2.0486086e-01	
  -2.0202001e-01	
  -1.9450990e-01	
  -1.8649033e-01	
  -1.7954762e-01	
  -1.7102997e-01	
  -1.5816065e-01	
  -1.4308822e-01	
  -1.2502059e-01	
  -1.0513765e-01	
  -8.6608991e-02	
  -6.9241633e-02	
  -5.1064760e-02	
  -3.4629578e-02	
  -2.3396603e-02	
  -1.8927772e-02	
  -1.5456041e-02	
  -9.4265067e-03	
  -3.6609836e-03	
  -3.4371494e-04	
   1.4992950e-03	
   2.0742488e-03	
  -5.3234921e-05	
  -3.5108546e-03	
  -5.7889679e-03	
  -7.6783308e-03	
  -9.9816790e-03	
  -1.1228101e-02	
  -1.1485194e-02	
  -1.1653951e-02	
  -1.1043980e-02	
  -7.2641980e-03	
  -3.9638141e-04	
   8.9937240e-03	
   2.1622013e-02	
   3.7115354e-02	
   5.2784975e-02	
   6.7093030e-02	
   8.1695353e-02	
   9.5766322e-02	
   1.0589527e-01	
   1.0900256e-01	
   1.0493646e-01	
   9.6678934e-02	
   8.7262003e-02	
   7.9541676e-02	
   7.2058529e-02	
   6.1019275e-02	
   4.6715970e-02	
   3.3904869e-02	
   2.4433617e-02	
   1.7424358e-02	
   8.9752393e-03	
   1.4784244e-03	
   1.2125456e-03	
   7.3510873e-03	
   1.3340938e-02	
   1.8454297e-02	
   2.5791425e-02	
   3.5824623e-02	
   4.6153989e-02	
   5.3640906e-02	
   5.8687483e-02	
   6.2167061e-02	
   6.7974018e-02	
   7.5647263e-02	
   8.0552936e-02	
   7.9695253e-02	
   7.3694127e-02	
   6.3493676e-02	
   4.9251583e-02	
   3.0219251e-02	
   9.0011757e-03	
  -8.5762459e-03	
  -1.9551455e-02	
  -2.5493570e-02	
  -2.8229535e-02	
  -2.7570240e-02	
  -2.2168707e-02	
  -1.3425916e-02	
  -4.2954791e-03	
   2.7047010e-03	
   1.0794121e-02	
   2.0786644e-02	
   2.8891397e-02	
   3.1972419e-02	
   2.9440150e-02	
   2.5452972e-02	
   2.3816058e-02	
   2.4341884e-02	
   2.9304327e-02	
   4.0572914e-02	
   5.7424045e-02	
   7.4495288e-02	
   8.9180919e-02	
   1.0121716e-01	
   1.0961356e-01	
   1.1723117e-01	
   1.2343207e-01	
   1.2735681e-01	
   1.3687558e-01	
   1.5369116e-01	
   1.6926156e-01	
   1.7727518e-01	
   1.8225519e-01	
   1.9202364e-01	
   2.0322096e-01	
   2.1078098e-01	
   2.1630326e-01	
   2.2570043e-01	
   2.3725464e-01	
   2.4462698e-01	
   2.4525256e-01	
   2.4349695e-01	
   2.4609407e-01	
   2.4909446e-01	
   2.4794903e-01	
   2.4322886e-01	
   2.3564600e-01	
   2.2610428e-01	
   2.1312747e-01	
   1.9623146e-01	
   1.7878611e-01	
   1.6314450e-01	
   1.4846660e-01	
   1.3383985e-01	
   1.1650683e-01	
   9.9949894e-02	
   8.3856110e-02	
   6.3314434e-02	
   4.0211721e-02	
   1.6896361e-02	
  -4.6127374e-03	
  -2.3442269e-02	
  -4.1442013e-02	
  -5.9077349e-02	
  -7.3471697e-02	
  -8.2307478e-02	
  -8.8826211e-02	
  -9.8255355e-02	
  -1.0831527e-01	
  -1.1564985e-01	
  -1.2309607e-01	
  -1.3527786e-01	
  -1.5136279e-01	
  -1.6534750e-01	
  -1.7729724e-01	
  -1.9036539e-01	
  -2.0429954e-01	
  -2.1678063e-01	
  -2.2387532e-01	
  -2.2484546e-01	
  -2.2290483e-01	
  -2.1854792e-01	
  -2.1067602e-01	
  -2.0096273e-01	
  -1.9267365e-01	
  -1.8695253e-01	
  -1.8212804e-01	
  -1.7754770e-01	
  -1.7694796e-01	
  -1.8280684e-01	
  -1.9240850e-01	
  -2.0267161e-01	
  -2.1212347e-01	
  -2.2153886e-01	
  -2.3011274e-01	
  -2.3363257e-01	
  -2.3016938e-01	
  -2.2296985e-01	
  -2.1493346e-01	
  -2.0563152e-01	
  -1.9455958e-01	
  -1.8167634e-01	
  -1.6771458e-01	
  -1.5427249e-01	
  -1.4028979e-01	
  -1.2655630e-01	
  -1.1577263e-01	
  -1.1164564e-01	
  -1.1227145e-01	
  -1.1278635e-01	
  -1.1196696e-01	
  -1.1062134e-01	
  -1.0838902e-01	
  -1.0227048e-01	
  -9.0338558e-02	
  -7.4690283e-02	
  -5.8650154e-02	
  -4.2792128e-02	
  -2.8863626e-02	
  -1.9620031e-02	
  -1.2423677e-02	
  -2.0985433e-03	
   7.6096725e-03	
   1.0341013e-02	
   8.0775248e-03	
   5.2162278e-03	
   5.2268796e-03	
   7.9704752e-03	
   1.2655335e-02	
   1.6831426e-02	
   1.7586785e-02	
   1.6679501e-02	
   1.6858282e-02	
   1.6228257e-02	
   1.2409081e-02	
   8.1810049e-03	
   8.4510243e-03	
   1.1257566e-02	
   1.2484848e-02	
   1.0815585e-02	
   9.1003016e-03	
   8.5041302e-03	
   5.8394902e-03	
  -1.0882226e-04	
  -7.2018704e-03	
  -1.1653161e-02	
  -1.4840305e-02	
  -2.0881392e-02	
  -2.7260867e-02	
  -3.2257878e-02	
  -3.5448061e-02	
  -3.8714502e-02	
  -4.4525914e-02	
  -5.3874747e-02	
  -6.2720894e-02	
  -6.7340181e-02	
  -6.6647462e-02	
  -6.1577120e-02	
  -5.4353726e-02	
  -4.7676655e-02	
  -4.2652841e-02	
  -3.8413077e-02	
  -3.5142512e-02	
  -3.1732011e-02	
  -2.9232683e-02	
  -2.8807234e-02	
  -2.8751744e-02	
  -2.7489115e-02	
  -2.5098335e-02	
  -2.1397141e-02	
  -1.6477721e-02	
  -1.0043269e-02	
  -4.1935631e-03	
  -1.3528263e-04	
   4.5577712e-03	
   8.9803251e-03	
   1.1219953e-02	
   1.0333608e-02	
   5.8557866e-03	
  -1.5270486e-03	
  -1.1899161e-02	
  -2.4731567e-02	
  -3.9839644e-02	
  -5.6723037e-02	
  -7.1759694e-02	
  -8.3866966e-02	
  -9.4054614e-02	
  -1.0298957e-01	
  -1.0942553e-01	
  -1.1245813e-01	
  -1.1264605e-01	
  -1.1026386e-01	
  -1.0618183e-01	
  -1.0129881e-01	
  -9.6033002e-02	
  -9.0190763e-02	
  -8.4472306e-02	
  -7.9406979e-02	
  -7.6191597e-02	
  -7.4339469e-02	
  -7.2694077e-02	
  -6.8753998e-02	
  -6.2345595e-02	
  -5.6257568e-02	
  -5.1030380e-02	
  -4.4801320e-02	
  -3.7264406e-02	
  -2.9797643e-02	
  -2.3958242e-02	
  -1.6988590e-02	
  -7.2571770e-03	
   4.7244669e-03	
   1.7647301e-02	
   2.9006211e-02	
   3.8335114e-02	
   4.7114167e-02	
   5.3187562e-02	
   5.4815980e-02	
   5.4361709e-02	
   5.4268525e-02	
   5.6660172e-02	
   6.3233014e-02	
   7.2835854e-02	
   8.3818704e-02	
   9.4324244e-02	
   1.0454139e-01	
   1.1530423e-01	
   1.2679596e-01	
   1.3896317e-01	
   1.4848648e-01	
   1.5784282e-01	
   1.6898367e-01	
   1.7960060e-01	
   1.8842913e-01	
   1.9455061e-01	
   2.0099949e-01	
   2.0876064e-01	
   2.1492638e-01	
   2.1906564e-01	
   2.2243047e-01	
   2.2400707e-01	
   2.2288831e-01	
   2.1898505e-01	
   2.1265193e-01	
   2.0583542e-01	
   2.0110811e-01	
   1.9742409e-01	
   1.9477351e-01	
   1.9507412e-01	
   2.0151096e-01	
   2.1441857e-01	
   2.2796927e-01	
   2.3886675e-01	
   2.4712380e-01	
   2.5448576e-01	
   2.6350320e-01	
   2.7038526e-01	
   2.7148791e-01	
   2.7012831e-01	
   2.7153747e-01	
   2.7512131e-01	
   2.7526881e-01	
   2.7003651e-01	
   2.6220939e-01	
   2.5233114e-01	
   2.4169934e-01	
   2.3148880e-01	
   2.2336090e-01	
   2.1592855e-01	
   2.0894201e-01	
   2.0374116e-01	
   2.0288566e-01	
   2.0463873e-01	
   2.0665641e-01	
   2.0739538e-01	
   2.0668910e-01	
   2.0503639e-01	
   2.0030170e-01	
   1.8999682e-01	
   1.7601741e-01	
   1.5873720e-01	
   1.3873142e-01	
   1.1905669e-01	
   1.0243863e-01	
   8.9874169e-02	
   7.9272695e-02	
   7.0860652e-02	
   6.6777085e-02	
   6.7176338e-02	
   6.9134961e-02	
   7.2831016e-02	
   7.9150978e-02	
   8.4988379e-02	
   8.6401488e-02	
   8.1757598e-02	
   7.1979823e-02	
   5.9123959e-02	
   4.4868839e-02	
   3.0444974e-02	
   1.7339545e-02	
   5.7603263e-03	
  -4.2736538e-03	
  -1.6122535e-02	
  -2.9036189e-02	
  -4.1351932e-02	
  -5.2991877e-02	
  -6.2497225e-02	
  -7.2035578e-02	
  -8.1588209e-02	
  -8.9617696e-02	
  -9.6083742e-02	
  -1.0164343e-01	
  -1.0992491e-01	
  -1.1855696e-01	
  -1.2540338e-01	
  -1.3016710e-01	
  -1.3388233e-01	
  -1.3878948e-01	
  -1.4380459e-01	
  -1.4934623e-01	
  -1.5618604e-01	
  -1.6277545e-01	
  -1.6666892e-01	
  -1.7057779e-01	
  -1.7467882e-01	
  -1.7690312e-01	
  -1.7550783e-01	
  -1.7138373e-01	
  -1.6757534e-01	
  -1.6216056e-01	
  -1.5378846e-01	
  -1.4219171e-01	
  -1.2859504e-01	
  -1.1636771e-01	
  -1.0730200e-01	
  -1.0040532e-01	
  -9.5575575e-02	
  -9.3857377e-02	
  -9.4516112e-02	
  -9.6311600e-02	
  -9.7870734e-02	
  -9.9472584e-02	
  -1.0139062e-01	
  -1.0655748e-01	
  -1.1454703e-01	
  -1.2161859e-01	
  -1.2582517e-01	
  -1.2778887e-01	
  -1.2676233e-01	
  -1.2244707e-01	
  -1.1670265e-01	
  -1.1127465e-01	
  -1.0555796e-01	
  -9.6822953e-02	
  -8.3218143e-02	
  -6.6247088e-02	
  -4.8403907e-02	
  -2.9673767e-02	
  -9.1839813e-03	
   1.0122099e-02	
   2.6630789e-02	
   4.0691049e-02	
   5.2204787e-02	
   6.0154335e-02	
   6.4334308e-02	
   6.7767518e-02	
   7.4650871e-02	
   8.2581179e-02	
   8.5165320e-02	
   8.1915777e-02	
   7.5747622e-02	
   6.9246176e-02	
   5.9021299e-02	
   4.3227707e-02	
   2.8540147e-02	
   1.7899497e-02	
   9.0459213e-03	
  -2.3014490e-03	
  -1.5242119e-02	
  -2.8080354e-02	
  -3.9569707e-02	
  -4.9405863e-02	
  -5.8032300e-02	
  -6.3939067e-02	
  -6.6786879e-02	
  -6.9492619e-02	
  -7.2317126e-02	
  -7.4253801e-02	
  -7.6684601e-02	
  -8.1044524e-02	
  -8.7205894e-02	
  -9.2797560e-02	
  -9.5571032e-02	
  -9.5713163e-02	
  -9.3322070e-02	
  -8.9277620e-02	
  -8.4690134e-02	
  -7.9564686e-02	
  -7.2429403e-02	
  -6.3265759e-02	
  -5.5575652e-02	
  -5.3436312e-02	
  -5.4062626e-02	
  -5.2820930e-02	
  -5.2217755e-02	
  -5.3201687e-02	
  -5.4137769e-02	
  -5.4971816e-02	
  -5.6376016e-02	
  -5.8900025e-02	
  -6.1281294e-02	
  -6.4526530e-02	
  -6.9439165e-02	
  -7.4213268e-02	
  -7.7139019e-02	
  -7.6561468e-02	
  -7.2238184e-02	
  -6.6394057e-02	
  -6.0400542e-02	
  -5.5254243e-02	
  -4.9159709e-02	
  -4.1949348e-02	
  -3.5127827e-02	
  -3.0925829e-02	
  -2.7631087e-02	
  -2.3601038e-02	
  -2.0026972e-02	
  -1.7691722e-02	
  -1.8811106e-02	
  -2.3733794e-02	
  -2.9426462e-02	
  -3.4438843e-02	
  -3.8404793e-02	
  -3.8162120e-02	
  -3.3931767e-02	
  -2.9886474e-02	
  -2.8384086e-02	
  -2.9020312e-02	
  -2.8905292e-02	
  -2.5064008e-02	
  -2.0056702e-02	
  -1.6008075e-02	
  -1.2040012e-02	
  -5.9819923e-03	
   1.5642269e-03	
   9.6908149e-03	
   1.6168773e-02	
   2.0039934e-02	
   2.4414436e-02	
   3.0668589e-02	
   3.3994738e-02	
   3.2655350e-02	
   2.7820028e-02	
   2.0507196e-02	
   8.8480943e-03	
  -8.0531342e-03	
  -2.7970030e-02	
  -4.9230916e-02	
  -6.8405249e-02	
  -8.4997819e-02	
  -1.0137297e-01	
  -1.1645904e-01	
  -1.2644992e-01	
  -1.3304217e-01	
  -1.3813233e-01	
  -1.3911769e-01	
  -1.3528505e-01	
  -1.2976389e-01	
  -1.2746372e-01	
  -1.2856554e-01	
  -1.2925932e-01	
  -1.2681602e-01	
  -1.2203377e-01	
  -1.1736994e-01	
  -1.1409467e-01	
  -1.0797661e-01	
  -9.3910182e-02	
  -7.8434069e-02	
  -6.9482825e-02	
  -6.8668271e-02	
  -6.9831987e-02	
  -6.6211098e-02	
  -6.1471982e-02	
  -5.9838331e-02	
  -6.1941091e-02	
  -6.5502272e-02	
  -6.8500062e-02	
  -7.0899533e-02	
  -7.2809658e-02	
  -7.4434695e-02	
  -7.5478287e-02	
  -7.4400357e-02	
  -6.8017914e-02	
  -5.8543405e-02	
  -5.0283582e-02	
  -4.2194906e-02	
  -3.2440088e-02	
  -2.1128649e-02	
  -1.1017164e-02	
  -4.5825424e-03	
   1.0818995e-03	
   7.8936454e-03	
   1.3661485e-02	
   1.5793498e-02	
   1.4474795e-02	
   1.1110803e-02	
   5.3822697e-03	
  -2.5503187e-03	
  -1.0382619e-02	
  -1.5960338e-02	
  -1.8949231e-02	
  -1.9673532e-02	
  -1.8501185e-02	
  -1.4598824e-02	
  -9.6031114e-03	
  -4.4719894e-03	
   1.2181972e-03	
   8.8609858e-03	
   1.8098539e-02	
   2.7985069e-02	
   3.7156359e-02	
   4.4918134e-02	
   5.0881866e-02	
   5.4942965e-02	
   5.7744740e-02	
   6.2446013e-02	
   7.1962949e-02	
   8.6117816e-02	
   1.0022507e-01	
   1.1412877e-01	
   1.2962400e-01	
   1.4588611e-01	
   1.6012748e-01	
   1.7104230e-01	
   1.8165103e-01	
   1.9245257e-01	
   1.9888865e-01	
   1.9901125e-01	
   1.9456583e-01	
   1.8827337e-01	
   1.7973565e-01	
   1.6757168e-01	
   1.5383589e-01	
   1.4172130e-01	
   1.3074512e-01	
   1.2401287e-01	
   1.2178249e-01	
   1.2349278e-01	
   1.2889057e-01	
   1.3755260e-01	
   1.4914675e-01	
   1.6187057e-01	
   1.7412912e-01	
   1.8632737e-01	
   1.9782352e-01	
   2.0847839e-01	
   2.1668806e-01	
   2.2185687e-01	
   2.2661505e-01	
   2.3163890e-01	
   2.3544174e-01	
   2.3779448e-01	
   2.3626886e-01	
   2.3095933e-01	
   2.2195133e-01	
   2.0833820e-01	
   1.9279336e-01	
   1.7780865e-01	
   1.6430822e-01	
   1.5055998e-01	
   1.3909162e-01	
   1.3181951e-01	
   1.2433943e-01	
   1.1333316e-01	
   1.0108169e-01	
   8.7077805e-02	
   6.9968572e-02	
   4.9971885e-02	
   2.7325980e-02	
   4.4040733e-03	
  -1.6188957e-02	
  -3.4805687e-02	
  -5.0146578e-02	
  -5.8474912e-02	
  -6.1947050e-02	
  -6.4128044e-02	
  -6.5465220e-02	
  -6.5283500e-02	
  -6.4069988e-02	
  -6.2616169e-02	
  -6.3088877e-02	
  -6.7799496e-02	
  -7.4998794e-02	
  -8.2796411e-02	
  -9.3004591e-02	
  -1.0504272e-01	
  -1.1827099e-01	
  -1.3189279e-01	
  -1.4735557e-01	
  -1.6349065e-01	
  -1.7514150e-01	
  -1.8120434e-01	
  -1.8434090e-01	
  -1.8323837e-01	
  -1.7878912e-01	
  -1.7149506e-01	
  -1.6255084e-01	
  -1.5164699e-01	
  -1.3933865e-01	
  -1.3058104e-01	
  -1.2535913e-01	
  -1.2199749e-01	
  -1.2120022e-01	
  -1.2405759e-01	
  -1.2935284e-01	
  -1.3762423e-01	
  -1.4832665e-01	
  -1.5807239e-01	
  -1.6498925e-01	
  -1.6958464e-01	
  -1.7258692e-01	
  -1.7444996e-01	
  -1.7640670e-01	
  -1.7981731e-01	
  -1.8162761e-01	
  -1.8109295e-01	
  -1.7968226e-01	
  -1.7915433e-01	
  -1.7870516e-01	
  -1.7598644e-01	
  -1.7236360e-01	
  -1.6755947e-01	
  -1.6051705e-01	
  -1.5095693e-01	
  -1.4045605e-01	
  -1.2930068e-01	
  -1.1593889e-01	
  -1.0041127e-01	
  -8.6266142e-02	
  -7.6198736e-02	
  -6.7736956e-02	
  -5.9518728e-02	
  -5.2048207e-02	
  -4.6327060e-02	
  -4.3421569e-02	
  -4.0788435e-02	
  -3.7021019e-02	
  -3.2891686e-02	
  -2.9817172e-02	
  -2.7362495e-02	
  -2.5027765e-02	
  -2.1344501e-02	
  -1.4667229e-02	
  -7.4085179e-03	
  -1.1391814e-04	
   7.9136405e-03	
   1.8146966e-02	
   2.9284697e-02	
   3.7606305e-02	
   4.3142682e-02	
   4.6078292e-02	
   4.6094529e-02	
   4.2888168e-02	
   3.5859757e-02	
   2.6079227e-02	
   1.6461242e-02	
   7.2452118e-03	
  -1.9241092e-03	
  -9.9257588e-03	
  -1.5631625e-02	
  -2.1152786e-02	
  -2.7859417e-02	
  -3.4522145e-02	
  -3.8105587e-02	
  -3.9685518e-02	
  -4.4065206e-02	
  -5.1654695e-02	
  -5.9148975e-02	
  -6.7115981e-02	
  -7.5739480e-02	
  -8.3106987e-02	
  -8.8776120e-02	
  -9.0797519e-02	
  -9.0069518e-02	
  -8.8974124e-02	
  -8.7793593e-02	
  -8.6524857e-02	
  -8.6370041e-02	
  -8.7622198e-02	
  -8.9480934e-02	
  -9.1364391e-02	
  -9.3438890e-02	
  -9.3077928e-02	
  -8.9122332e-02	
  -8.3061321e-02	
  -7.7983191e-02	
  -7.3947355e-02	
  -7.0442401e-02	
  -6.6902342e-02	
  -6.1998557e-02	
  -5.4206339e-02	
  -4.7870340e-02	
  -4.6132849e-02	
  -4.6805479e-02	
  -4.5685635e-02	
  -4.1526814e-02	
  -3.6306305e-02	
  -3.0668076e-02	
  -2.4144287e-02	
  -1.5406770e-02	
  -4.4742697e-03	
   7.2864646e-03	
   1.9778948e-02	
   3.1699803e-02	
   4.1250824e-02	
   4.9557262e-02	
   5.8870507e-02	
   6.7029428e-02	
   7.2028616e-02	
   7.3768349e-02	
   7.4104413e-02	
   7.6929451e-02	
   8.2542003e-02	
   8.6226671e-02	
   8.6988538e-02	
   8.6635128e-02	
   8.6477480e-02	
   8.5683458e-02	
   8.4583226e-02	
   8.2815350e-02	
   8.2219332e-02	
   8.1456698e-02	
   8.0291153e-02	
   7.9542443e-02	
   7.9289687e-02	
   7.9063422e-02	
   7.8319196e-02	
   7.7626654e-02	
   7.6004685e-02	
   7.3864991e-02	
   7.1284449e-02	
   6.6828120e-02	
   6.1764268e-02	
   5.9668175e-02	
   6.0105601e-02	
   6.1999560e-02	
   6.5781401e-02	
   7.1780757e-02	
   7.9496541e-02	
   8.6034980e-02	
   9.0414668e-02	
   9.4347726e-02	
   9.8974624e-02	
   1.0443100e-01	
   1.1096348e-01	
   1.1763225e-01	
   1.2288184e-01	
   1.2668386e-01	
   1.2863923e-01	
   1.2836335e-01	
   1.2696700e-01	
   1.2696835e-01	
   1.2749782e-01	
   1.2783034e-01	
   1.2858844e-01	
   1.2983623e-01	
   1.3138922e-01	
   1.3242686e-01	
   1.3145082e-01	
   1.3196282e-01	
   1.3395460e-01	
   1.3657125e-01	
   1.3955217e-01	
   1.4241662e-01	
   1.4599338e-01	
   1.5002538e-01	
   1.5458330e-01	
   1.5900884e-01	
   1.6444114e-01	
   1.7002372e-01	
   1.7457339e-01	
   1.7797633e-01	
   1.8066561e-01	
   1.8230982e-01	
   1.8281020e-01	
   1.8231277e-01	
   1.8208916e-01	
   1.8234198e-01	
   1.8176567e-01	
   1.7745513e-01	
   1.7015222e-01	
   1.6355579e-01	
   1.5953116e-01	
   1.5845612e-01	
   1.5712514e-01	
   1.5709694e-01	
   1.5932614e-01	
   1.6118287e-01	
   1.6102935e-01	
   1.5841553e-01	
   1.5524847e-01	
   1.5110107e-01	
   1.4675666e-01	
   1.4168166e-01	
   1.3479447e-01	
   1.2557719e-01	
   1.1538901e-01	
   1.0374247e-01	
   9.1927605e-02	
   8.1233029e-02	
   7.1319318e-02	
   6.4237666e-02	
   6.0598251e-02	
   5.8583826e-02	
   5.8130275e-02	
   5.8083954e-02	
   5.8633103e-02	
   5.9472649e-02	
   5.9675727e-02	
   5.9078116e-02	
   5.9184965e-02	
   5.9135346e-02	
   5.6488848e-02	
   5.1860245e-02	
   4.5015242e-02	
   3.6428789e-02	
   2.4223660e-02	
   1.0849958e-02	
  -4.9633443e-04	
  -9.5237800e-03	
  -1.7235983e-02	
  -2.4910561e-02	
  -3.1173523e-02	
  -3.7722199e-02	
  -4.5847856e-02	
  -5.5267542e-02	
  -6.5464748e-02	
  -7.6448601e-02	
  -8.6227792e-02	
  -9.5780069e-02	
  -1.0611227e-01	
  -1.1766842e-01	
  -1.2968578e-01	
  -1.3857979e-01	
  -1.4418986e-01	
  -1.4668639e-01	
  -1.4806392e-01	
  -1.4853238e-01	
  -1.4754572e-01	
  -1.4637776e-01	
  -1.4414750e-01	
  -1.4149303e-01	
  -1.3940054e-01	
  -1.3792312e-01	
  -1.3645815e-01	
  -1.3545120e-01	
  -1.3679646e-01	
  -1.4126576e-01	
  -1.4720943e-01	
  -1.5088690e-01	
  -1.5099728e-01	
  -1.4786096e-01	
  -1.4170248e-01	
  -1.3380138e-01	
  -1.2475562e-01	
  -1.1584048e-01	
  -1.0744561e-01	
  -9.9959039e-02	
  -9.3846993e-02	
  -8.9790330e-02	
  -8.7081050e-02	
  -8.5748535e-02	
  -8.5332113e-02	
  -8.7207369e-02	
  -9.0663530e-02	
  -9.5585015e-02	
  -1.0062468e-01	
  -1.0541548e-01	
  -1.0890102e-01	
  -1.0931898e-01	
  -1.0594724e-01	
  -1.0161818e-01	
  -9.7585233e-02	
  -9.1343505e-02	
  -8.2967629e-02	
  -7.6027813e-02	
  -7.0481577e-02	
  -6.4434667e-02	
  -6.0705867e-02	
  -6.2094196e-02	
  -6.6451523e-02	
  -7.1813797e-02	
  -7.7701761e-02	
  -8.5453594e-02	
  -9.4517233e-02	
  -1.0518355e-01	
  -1.1544400e-01	
  -1.2364565e-01	
  -1.3217876e-01	
  -1.4111508e-01	
  -1.4768815e-01	
  -1.5049773e-01	
  -1.5057042e-01	
  -1.5017659e-01	
  -1.5052422e-01	
  -1.5229051e-01	
  -1.5707735e-01	
  -1.6571430e-01	
  -1.7521348e-01	
  -1.8272530e-01	
  -1.8972235e-01	
  -1.9671467e-01	
  -2.0188555e-01	
  -2.0397091e-01	
  -2.0513751e-01	
  -2.0723072e-01	
  -2.0984843e-01	
  -2.0955319e-01	
  -2.0541399e-01	
  -1.9902216e-01	
  -1.9088193e-01	
  -1.8270607e-01	
  -1.7485789e-01	
  -1.6575779e-01	
  -1.5628498e-01	
  -1.4729297e-01	
  -1.3860268e-01	
  -1.3049414e-01	
  -1.2336499e-01	
  -1.1715665e-01	
  -1.1306913e-01	
  -1.0986089e-01	
  -1.0469190e-01	
  -9.7756274e-02	
  -9.2410107e-02	
  -8.9832574e-02	
  -8.8852997e-02	
  -8.6407152e-02	
  -8.2974355e-02	
  -8.1177923e-02	
  -8.1381886e-02	
  -8.2068528e-02	
  -8.0547272e-02	
  -8.0378709e-02	
  -8.2635223e-02	
  -8.5075404e-02	
  -8.8725616e-02	
  -9.2364736e-02	
  -9.1966899e-02	
  -8.7406317e-02	
  -8.0860444e-02	
  -7.3591113e-02	
  -6.4710079e-02	
  -5.4529765e-02	
  -4.2382621e-02	
  -2.8530494e-02	
  -1.3607182e-02	
   1.1262475e-04	
   1.4068656e-02	
   2.9063199e-02	
   4.3287509e-02	
   5.5700767e-02	
   6.6037697e-02	
   7.4714355e-02	
   8.1522365e-02	
   8.7408972e-02	
   9.1868251e-02	
   9.4249019e-02	
   9.4842382e-02	
   9.4211141e-02	
   9.2199595e-02	
   9.1125205e-02	
   9.3330507e-02	
   9.7370178e-02	
   1.0140312e-01	
   1.0643559e-01	
   1.1136268e-01	
   1.1437758e-01	
   1.1434076e-01	
   1.1136834e-01	
   1.0607746e-01	
   1.0111084e-01	
   9.5725376e-02	
   8.8282231e-02	
   7.9204314e-02	
   6.8371560e-02	
   5.5508775e-02	
   4.0631583e-02	
   2.3814158e-02	
   6.3290834e-03	
  -9.4590747e-03	
  -2.2613638e-02	
  -3.5514301e-02	
  -4.6876297e-02	
  -5.5007216e-02	
  -6.1024408e-02	
  -6.6857974e-02	
  -7.1750195e-02	
  -7.5205353e-02	
  -7.7842417e-02	
  -8.1026116e-02	
  -8.4968201e-02	
  -8.8994007e-02	
  -9.2873139e-02	
  -9.6553028e-02	
  -1.0049983e-01	
  -1.0469078e-01	
  -1.0962111e-01	
  -1.1592656e-01	
  -1.2129037e-01	
  -1.2462428e-01	
  -1.2836665e-01	
  -1.3226927e-01	
  -1.3283059e-01	
  -1.2999989e-01	
  -1.2636762e-01	
  -1.2670386e-01	
  -1.2804575e-01	
  -1.2552551e-01	
  -1.1979112e-01	
  -1.1276511e-01	
  -1.0703591e-01	
  -1.0254159e-01	
  -9.6895818e-02	
  -9.0458564e-02	
  -8.4544994e-02	
  -7.8657384e-02	
  -7.1124205e-02	
  -6.0673417e-02	
  -4.9593577e-02	
  -4.0072452e-02	
  -3.3031882e-02	
  -2.7624656e-02	
  -2.2231790e-02	
  -1.7087444e-02	
  -1.5228726e-02	
  -1.1246975e-02	
  -1.2796634e-03	
   9.7790907e-03	
   1.4949107e-02	
   1.5441686e-02	
   1.5019795e-02	
   1.6050767e-02	
   1.8469047e-02	
   1.9900140e-02	
   2.2355560e-02	
   2.6955908e-02	
   3.0978375e-02	
   3.2271938e-02	
   3.2300541e-02	
   3.3224782e-02	
   3.3589402e-02	
   3.4242520e-02	
   3.5888921e-02	
   3.8257110e-02	
   4.2380851e-02	
   4.8056757e-02	
   5.3112278e-02	
   5.5103180e-02	
   5.7313355e-02	
   6.3818353e-02	
   7.2440436e-02	
   7.9878743e-02	
   8.7656418e-02	
   9.5170658e-02	
   1.0113426e-01	
   1.0401901e-01	
   1.0417677e-01	
   1.0317330e-01	
   1.0141876e-01	
   9.9061649e-02	
   9.5386834e-02	
   9.1576850e-02	
   8.6199590e-02	
   7.9810185e-02	
   7.4623967e-02	
   7.2414122e-02	
   7.0780176e-02	
   6.6751007e-02	
   6.2145585e-02	
   5.9624338e-02	
   5.9547579e-02	
   5.8789577e-02	
   5.6916315e-02	
   5.3930767e-02	
   4.9003866e-02	
   4.2520734e-02	
   3.4457929e-02	
   2.4604074e-02	
   1.3963471e-02	
   3.1715409e-03	
  -5.2478978e-03	
  -9.5405714e-03	
  -1.2425583e-02	
  -1.6855515e-02	
  -2.3451373e-02	
  -2.9421477e-02	
  -3.4825440e-02	
  -3.8951328e-02	
  -4.1328556e-02	
  -4.2671390e-02	
  -4.3094697e-02	
  -4.0654770e-02	
  -3.6579027e-02	
  -3.2919215e-02	
  -2.8305291e-02	
  -2.2445606e-02	
  -1.6155527e-02	
  -1.1620882e-02	
  -8.0879501e-03	
  -5.8082149e-03	
  -3.7591254e-03	
  -2.0328544e-03	
  -3.8912624e-03	
  -8.2771454e-03	
  -1.2592335e-02	
  -1.6657258e-02	
  -2.1177035e-02	
  -2.5225769e-02	
  -2.7880185e-02	
  -2.7803762e-02	
  -2.5114388e-02	
  -2.3413808e-02	
  -2.0711260e-02	
  -1.3824225e-02	
  -5.4359060e-03	
   2.2454981e-03	
   9.6057133e-03	
   1.7008325e-02	
   2.4828964e-02	
   3.2232632e-02	
   3.9884590e-02	
   4.9134256e-02	
   5.7187520e-02	
   6.4681051e-02	
   7.3915554e-02	
   8.3068047e-02	
   9.0433253e-02	
   9.5019500e-02	
   9.8778980e-02	
   1.0197023e-01	
   1.0664049e-01	
   1.1338272e-01	
   1.1914183e-01	
   1.2245845e-01	
   1.2535258e-01	
   1.2952872e-01	
   1.3515921e-01	
   1.4241202e-01	
   1.5112077e-01	
   1.6136931e-01	
   1.7174404e-01	
   1.8225979e-01	
   1.9170846e-01	
   2.0206397e-01	
   2.1339291e-01	
   2.2302802e-01	
   2.3067944e-01	
   2.3707504e-01	
   2.4305192e-01	
   2.4647887e-01	
   2.4659976e-01	
   2.4535162e-01	
   2.4204012e-01	
   2.3813674e-01	
   2.3462630e-01	
   2.3016254e-01	
   2.2548927e-01	
   2.2096326e-01	
   2.1613966e-01	
   2.1248685e-01	
   2.1018602e-01	
   2.0858695e-01	
   2.0847337e-01	
   2.0954304e-01	
   2.1103132e-01	
   2.1285052e-01	
   2.1382939e-01	
   2.1220052e-01	
   2.0755215e-01	
   2.0131066e-01	
   1.9508574e-01	
   1.8727686e-01	
   1.7941475e-01	
   1.7119664e-01	
   1.6306060e-01	
   1.5449138e-01	
   1.4441660e-01	
   1.3244527e-01	
   1.1930307e-01	
   1.0643641e-01	
   9.4186243e-02	
   8.2895826e-02	
   7.2323557e-02	
   6.3535743e-02	
   5.4694581e-02	
   4.6336222e-02	
   3.9314349e-02	
   3.1470099e-02	
   2.4169309e-02	
   1.7474343e-02	
   9.5550972e-03	
   1.5866392e-04	
  -1.1015583e-02	
  -2.2405445e-02	
  -3.3517617e-02	
  -4.3843584e-02	
  -5.3070140e-02	
  -6.2185528e-02	
  -7.1405989e-02	
  -8.1651457e-02	
  -9.2993617e-02	
  -1.0451478e-01	
  -1.1311657e-01	
  -1.1854203e-01	
  -1.2429506e-01	
  -1.2771217e-01	
  -1.2614507e-01	
  -1.2048355e-01	
  -1.1561852e-01	
  -1.1219452e-01	
  -1.0851138e-01	
  -1.0664150e-01	
  -1.0751133e-01	
  -1.1045927e-01	
  -1.1530712e-01	
  -1.2120335e-01	
  -1.3001464e-01	
  -1.4026896e-01	
  -1.4898214e-01	
  -1.5606196e-01	
  -1.6145468e-01	
  -1.6788155e-01	
  -1.7586844e-01	
  -1.8399652e-01	
  -1.9162291e-01	
  -1.9645737e-01	
  -2.0017797e-01	
  -2.0385562e-01	
  -2.0660331e-01	
  -2.0796308e-01	
  -2.0730712e-01	
  -2.0169616e-01	
  -1.9049861e-01	
  -1.7581032e-01	
  -1.5908064e-01	
  -1.4052054e-01	
  -1.2134424e-01	
  -1.0262348e-01	
  -8.5058943e-02	
  -6.9066167e-02	
  -5.4792332e-02	
  -4.3614369e-02	
  -3.5190444e-02	
  -2.7278721e-02	
  -1.7570495e-02	
  -5.8584670e-03	
   3.4306524e-03	
   1.2633228e-02	
   2.4358126e-02	
   3.6868953e-02	
   4.7669038e-02	
   5.5358856e-02	
   6.1612815e-02	
   6.7287671e-02	
   7.3619787e-02	
   7.8448052e-02	
   8.2311254e-02	
   8.6938624e-02	
   9.0426999e-02	
   9.2981345e-02	
   9.5271312e-02	
   9.6670261e-02	
   9.7435255e-02	
   9.7592549e-02	
   9.9172392e-02	
   1.0208782e-01	
   1.0304344e-01	
   1.0260472e-01	
   1.0342122e-01	
   1.0576783e-01	
   1.0766751e-01	
   1.0918806e-01	
   1.1118349e-01	
   1.1306849e-01	
   1.1529532e-01	
   1.1801021e-01	
   1.2004370e-01	
   1.2113154e-01	
   1.2265557e-01	
   1.2735675e-01	
   1.3324731e-01	
   1.3719111e-01	
   1.3829157e-01	
   1.3716816e-01	
   1.3469924e-01	
   1.3105605e-01	
   1.2533051e-01	
   1.1661344e-01	
   1.0558852e-01	
   9.4199282e-02	
   8.3432195e-02	
   7.2432884e-02	
   5.8853031e-02	
   4.5079021e-02	
   3.2180618e-02	
   1.9285796e-02	
   7.8391176e-03	
  -2.9560345e-03	
  -1.3546211e-02	
  -2.3188292e-02	
  -3.2349057e-02	
  -4.0359617e-02	
  -4.7132994e-02	
  -5.3747938e-02	
  -6.0497066e-02	
  -6.5412179e-02	
  -6.8599064e-02	
  -7.3022589e-02	
  -7.8165029e-02	
  -8.1778720e-02	
  -8.2369664e-02	
  -8.0509217e-02	
  -7.7894927e-02	
  -7.4801616e-02	
  -7.2595016e-02	
  -7.0585063e-02	
  -6.9984266e-02	
  -7.2245382e-02	
  -7.5807094e-02	
  -7.8635200e-02	
  -7.9472646e-02	
  -7.9765345e-02	
  -7.9026311e-02	
  -7.6552736e-02	
  -7.2198300e-02	
  -6.7864278e-02	
  -6.5417902e-02	
  -6.5744467e-02	
  -6.5955569e-02	
  -6.4474551e-02	
  -6.1977789e-02	
  -5.9270397e-02	
  -5.7575180e-02	
  -5.6926716e-02	
  -5.4540998e-02	
  -5.1970516e-02	
  -4.9481512e-02	
  -4.5495702e-02	
  -4.2931037e-02	
  -4.3406949e-02	
  -4.5565081e-02	
  -4.8142619e-02	
  -4.8665365e-02	
  -4.6765028e-02	
  -4.3743314e-02	
  -3.9438922e-02	
  -3.2464780e-02	
  -2.5633170e-02	
  -2.1638563e-02	
  -1.8610046e-02	
  -1.4790675e-02	
  -1.2466871e-02	
  -1.1591128e-02	
  -8.4628715e-03	
  -4.3451376e-03	
  -9.3010845e-04	
   1.1801080e-03	
   1.6710511e-03	
   2.4340721e-03	
   2.3886516e-03	
   1.6159593e-03	
   2.4478964e-03	
   3.5036253e-03	
   3.7666585e-03	
   4.7940072e-03	
   7.8420440e-03	
   1.3435539e-02	
   1.8110386e-02	
   2.0519421e-02	
   2.0807890e-02	
   1.9853046e-02	
   1.9119811e-02	
   1.7547438e-02	
   1.3674607e-02	
   9.8301670e-03	
   8.4862296e-03	
   8.7746157e-03	
   9.2413942e-03	
   8.3172949e-03	
   6.8679068e-03	
   6.4077776e-03	
   7.5858070e-03	
   1.1215676e-02	
   1.6394336e-02	
   2.1821321e-02	
   2.7471415e-02	
   3.2307503e-02	
   3.6446743e-02	
   3.9504064e-02	
   4.2973482e-02	
   4.6990467e-02	
   5.1372946e-02	
   5.3743124e-02	
   5.2408821e-02	
   4.8779560e-02	
   4.5993438e-02	
   4.3293905e-02	
   3.8695433e-02	
   3.3628584e-02	
   3.2495967e-02	
   3.3593131e-02	
   3.1864342e-02	
   2.8005359e-02	
   2.3819150e-02	
   2.0092562e-02	
   1.6923601e-02	
   1.5211469e-02	
   1.4616147e-02	
   1.3422996e-02	
   1.2193123e-02	
   1.1840852e-02	
   1.3048647e-02	
   1.5113965e-02	
   1.5230644e-02	
   1.4112582e-02	
   1.4747457e-02	
   1.4861050e-02	
   1.5609353e-02	
   1.7804489e-02	
   1.8856359e-02	
   1.8253137e-02	
   1.6339018e-02	
   1.3832125e-02	
   1.1359559e-02	
   1.0326540e-02	
   9.0200616e-03	
   6.0761681e-03	
   2.5899631e-03	
  -5.3620174e-05	
  -2.1941003e-03	
  -3.9234440e-03	
  -4.6498579e-03	
  -5.2337779e-03	
  -5.8490801e-03	
  -5.6652036e-03	
  -6.6704102e-03	
  -8.8191430e-03	
  -1.1308489e-02	
  -1.3918690e-02	
  -1.8224138e-02	
  -2.3123404e-02	
  -2.7340541e-02	
  -3.0265661e-02	
  -3.1731923e-02	
  -3.1280419e-02	
  -2.8480285e-02	
  -2.4509987e-02	
  -2.0549051e-02	
  -1.6809790e-02	
  -1.4286661e-02	
  -1.4153315e-02	
  -1.5293750e-02	
  -1.8356705e-02	
  -2.1925586e-02	
  -2.3415542e-02	
  -2.2759763e-02	
  -2.0832664e-02	
  -1.7998817e-02	
  -1.5572460e-02	
  -1.4367444e-02	
  -1.2888762e-02	
  -1.1039112e-02	
  -9.7532900e-03	
  -8.9861366e-03	
  -9.9247263e-03	
  -9.6873870e-03	
  -7.6481641e-03	
  -6.9210186e-03	
  -7.6918241e-03	
  -8.6050969e-03	
  -9.7979058e-03	
  -9.5752693e-03	
  -8.5522742e-03	
  -6.8548973e-03	
  -4.7458868e-03	
  -2.4736470e-03	
   7.3646514e-04	
   4.5483053e-03	
   9.1462862e-03	
   1.5743855e-02	
   2.2709265e-02	
   2.7735983e-02	
   2.9834860e-02	
   3.0211800e-02	
   3.1884001e-02	
   3.4640924e-02	
   3.5115803e-02	
   3.4121346e-02	
   3.2831954e-02	
   3.1540940e-02	
   3.0807458e-02	
   3.1490695e-02	
   3.2503082e-02	
   3.4560920e-02	
   3.8092194e-02	
   4.2599628e-02	
   4.7042193e-02	
   4.9110090e-02	
   4.8054845e-02	
   4.5193888e-02	
   4.3810061e-02	
   4.4032078e-02	
   4.4438316e-02	
   4.4935055e-02	
   4.6570482e-02	
   4.7261885e-02	
   4.6808553e-02	
   4.5762282e-02	
   4.3747963e-02	
   4.2030526e-02	
   4.2300180e-02	
   4.1806840e-02	
   3.9259562e-02	
   3.6006620e-02	
   3.2711783e-02	
   2.8984499e-02	
   2.3382178e-02	
   1.6321595e-02	
   1.1793203e-02	
   9.3296523e-03	
   9.1566879e-03	
   9.7673733e-03	
   1.1207953e-02	
   1.4322462e-02	
   1.8373101e-02	
   2.3167884e-02	
   2.7414356e-02	
   3.0643485e-02	
   3.4542087e-02	
   3.7084167e-02	
   3.7766337e-02	
   3.7081034e-02	
   3.8025807e-02	
   3.9143674e-02	
   4.0097149e-02	
   4.4314652e-02	
   5.1307014e-02	
   5.8555647e-02	
   6.4956522e-02	
   6.8310672e-02	
   6.7697780e-02	
   6.3739647e-02	
   5.9942466e-02	
   5.5353694e-02	
   5.0378619e-02	
   4.6745352e-02	
   4.3561694e-02	
   4.2998250e-02	
   4.4037506e-02	
   4.5622995e-02	
   4.7956769e-02	
   5.1922159e-02	
   5.5954951e-02	
   5.8526100e-02	
   6.1527914e-02	
   6.4031461e-02	
   6.4112291e-02	
   6.2404359e-02	
   5.9540912e-02	
   5.6050071e-02	
   5.4243686e-02	
   5.3275330e-02	
   5.2644060e-02	
   5.2870053e-02	
   5.2965421e-02	
   5.1818703e-02	
   4.9005624e-02	
   4.5281509e-02	
   4.1934964e-02	
   3.9414991e-02	
   3.6446619e-02	
   3.3941308e-02	
   3.1485439e-02	
   2.7480896e-02	
   2.3479091e-02	
   1.9225705e-02	
   1.3848173e-02	
   1.0061718e-02	
   8.5309634e-03	
   8.4007445e-03	
   9.6428892e-03	
   1.0444935e-02	
   9.4425960e-03	
   6.2233023e-03	
   2.2082260e-03	
  -8.0828702e-04	
  -5.4126978e-03	
  -1.1057839e-02	
  -1.7520310e-02	
  -2.3393370e-02	
  -2.8592250e-02	
  -3.3385067e-02	
  -3.5953827e-02	
  -3.7332226e-02	
  -3.8633519e-02	
  -3.7643192e-02	
  -3.4468095e-02	
  -2.9599692e-02	
  -2.3753943e-02	
  -1.7279035e-02	
  -1.0802216e-02	
  -5.8399215e-03	
  -2.7768722e-03	
  -8.2428664e-04	
   6.1818902e-05	
   6.4914219e-04	
   2.2412076e-03	
   5.9592832e-03	
   1.1787185e-02	
   1.8413121e-02	
   2.3554010e-02	
   2.9914068e-02	
   3.8487859e-02	
   4.6006861e-02	
   5.1262457e-02	
   5.6032111e-02	
   6.0676780e-02	
   6.3911809e-02	
   6.4110226e-02	
   6.4241088e-02	
   6.6493590e-02	
   6.7676127e-02	
   6.5970083e-02	
   6.2272022e-02	
   5.7169820e-02	
   5.1617330e-02	
   4.6417265e-02	
   3.9453813e-02	
   3.0524966e-02	
   2.1996994e-02	
   1.3999491e-02	
   7.3194574e-03	
   7.5081925e-04	
  -4.1453406e-03	
  -6.7448859e-03	
  -9.5571799e-03	
  -1.1920980e-02	
  -1.3784589e-02	
  -1.5648169e-02	
  -1.7861849e-02	
  -2.1220371e-02	
  -2.2495915e-02	
  -2.0742341e-02	
  -1.9807515e-02	
  -1.9289307e-02	
  -1.7063998e-02	
  -1.4408319e-02	
  -1.1081451e-02	
  -5.9225262e-03	
   6.4653203e-04	
   6.7516473e-03	
   1.0544663e-02	
   1.4736129e-02	
   1.8303570e-02	
   1.9947210e-02	
   1.7712414e-02	
   1.3326714e-02	
   9.3746044e-03	
   5.0125409e-03	
  -2.1813132e-03	
  -1.2242512e-02	
  -2.2337058e-02	
  -3.0487454e-02	
  -3.8062617e-02	
  -4.6288839e-02	
  -5.1498150e-02	
  -5.2977658e-02	
  -5.3714869e-02	
  -5.4677808e-02	
  -5.4315860e-02	
  -5.3150669e-02	
  -5.2330976e-02	
  -5.0971156e-02	
  -5.0294249e-02	
  -5.0555536e-02	
  -5.1321368e-02	
  -5.2366276e-02	
  -5.5082925e-02	
  -5.8266683e-02	
  -6.0209618e-02	
  -6.1913184e-02	
  -6.4508889e-02	
  -6.7979210e-02	
  -7.1787011e-02	
  -7.5842671e-02	
  -7.9769888e-02	
  -8.4011516e-02	
  -8.8580417e-02	
  -9.3672058e-02	
  -9.7338731e-02	
  -1.0206186e-01	
  -1.0890863e-01	
  -1.1494793e-01	
  -1.2038118e-01	
  -1.2554816e-01	
  -1.2929419e-01	
  -1.3304258e-01	
  -1.3733495e-01	
  -1.4030648e-01	
  -1.4240771e-01	
  -1.4421995e-01	
  -1.4684026e-01	
  -1.4908940e-01	
  -1.5020238e-01	
  -1.5086577e-01	
  -1.5127984e-01	
  -1.5123151e-01	
  -1.5049873e-01	
  -1.5025512e-01	
  -1.5149595e-01	
  -1.5324064e-01	
  -1.5382492e-01	
  -1.5234219e-01	
  -1.5057715e-01	
  -1.4747268e-01	
  -1.4364594e-01	
  -1.3897249e-01	
  -1.3327610e-01	
  -1.2785235e-01	
  -1.2316993e-01	
  -1.1841005e-01	
  -1.1321593e-01	
  -1.0789047e-01	
  -1.0204357e-01	
  -9.6749380e-02	
  -9.2727114e-02	
  -8.9851395e-02	
  -8.6896675e-02	
  -8.4977287e-02	
  -8.4303094e-02	
  -8.3088933e-02	
  -8.0395524e-02	
  -7.7155657e-02	
  -7.2475482e-02	
  -6.6192513e-02	
  -6.1843859e-02	
  -5.8598948e-02	
  -5.5318359e-02	
  -5.2686038e-02	
  -5.0004341e-02	
  -4.7213175e-02	
  -4.3501078e-02	
  -4.0856875e-02	
  -3.9078355e-02	
  -3.6921763e-02	
  -3.2879190e-02	
  -2.7774911e-02	
  -2.1469522e-02	
  -1.3493973e-02	
  -5.6078173e-03	
   1.5808696e-03	
   8.5387455e-03	
   1.6671229e-02	
   2.4661906e-02	
   3.2275047e-02	
   3.8990728e-02	
   4.4881530e-02	
   4.9805647e-02	
   5.3315916e-02	
   5.3023011e-02	
   4.9715477e-02	
   4.7917741e-02	
   4.7053468e-02	
   4.6234978e-02	
   4.4451827e-02	
   4.2404769e-02	
   3.9632937e-02	
   3.5971091e-02	
   3.2785580e-02	
   3.1750343e-02	
   3.2589358e-02	
   3.4398363e-02	
   3.7686557e-02	
   4.0745052e-02	
   4.2732178e-02	
   4.4844378e-02	
   4.7726982e-02	
   4.8646108e-02	
   4.7220326e-02	
   4.5259732e-02	
   4.4070776e-02	
   4.3853750e-02	
   4.2367328e-02	
   3.9892390e-02	
   3.7870631e-02	
   3.4382386e-02	
   3.0205280e-02	
   2.5836401e-02	
   2.1431142e-02	
   1.6695147e-02	
   9.8877569e-03	
   2.0524430e-03	
  -6.0404908e-03	
  -1.4140135e-02	
  -2.1888941e-02	
  -2.7865169e-02	
  -3.1046868e-02	
  -3.2486804e-02	
  -3.4184417e-02	
  -3.3692210e-02	
  -3.2371984e-02	
  -3.1711780e-02	
  -3.0611802e-02	
  -2.7666723e-02	
  -2.3505984e-02	
  -2.0175162e-02	
  -1.7156398e-02	
  -1.4231473e-02	
  -1.3190689e-02	
  -1.4132854e-02	
  -1.7214896e-02	
  -2.2084632e-02	
  -2.7255298e-02	
  -3.0311209e-02	
  -3.1006412e-02	
  -2.9815680e-02	
  -2.7421011e-02	
  -2.5592489e-02	
  -2.4114067e-02	
  -2.0872459e-02	
  -1.5506911e-02	
  -1.0409093e-02	
  -7.7198963e-03	
  -6.2983975e-03	
  -3.2737118e-03	
  -5.5856250e-04	
   2.6123395e-04	
   1.2509906e-03	
   2.1827522e-03	
   3.7330232e-03	
   6.2177740e-03	
   9.2412585e-03	
   1.4308190e-02	
   1.9391459e-02	
   2.3054498e-02	
   2.7129410e-02	
   3.1849663e-02	
   3.5056750e-02	
   3.7061523e-02	
   3.8109693e-02	
   3.8587410e-02	
   3.9616347e-02	
   4.0957098e-02	
   4.2560789e-02	
   4.5767096e-02	
   4.9519249e-02	
   5.1766948e-02	
   5.1867649e-02	
   4.9267879e-02	
   4.6669897e-02	
   4.3887026e-02	
   4.0830195e-02	
   3.8379754e-02	
   3.5726665e-02	
   3.3483096e-02	
   3.1606902e-02	
   2.9718282e-02	
   2.7363168e-02	
   2.4613767e-02	
   2.3247416e-02	
   2.1335621e-02	
   1.9772440e-02	
   1.7970137e-02	
   1.6688598e-02	
   1.5185031e-02	
   1.4865080e-02	
   1.6703850e-02	
   1.9693864e-02	
   2.3882846e-02	
   2.7943686e-02	
   3.2496533e-02	
   3.8129824e-02	
   4.4779891e-02	
   4.8601852e-02	
   4.9847719e-02	
   5.1027011e-02	
   5.1085622e-02	
   4.9810591e-02	
   4.8166509e-02	
   4.5381213e-02	
   4.1772484e-02	
   3.8882847e-02	
   3.7506023e-02	
   3.6576920e-02	
   3.5133686e-02	
   3.3964276e-02	
   3.3029870e-02	
   3.2885573e-02	
   3.2527290e-02	
   3.2799056e-02	
   3.3029964e-02	
   3.1334871e-02	
   2.8919924e-02	
   2.6817311e-02	
   2.3972974e-02	
   1.9972403e-02	
   1.4120328e-02	
   8.3646483e-03	
   3.7406755e-03	
  -1.4759003e-04	
  -2.2113047e-03	
  -4.1815324e-03	
  -5.7584791e-03	
  -4.6305224e-03	
  -3.4664748e-03	
  -2.9105125e-03	
  -2.5558464e-03	
  -2.4409757e-03	
  -3.0073657e-03	
  -4.9570950e-03	
  -7.2052275e-03	
  -9.8065847e-03	
  -1.3233045e-02	
  -1.6980147e-02	
  -2.1268409e-02	
  -2.5517341e-02	
  -2.8485064e-02	
  -2.9932983e-02	
  -2.9423996e-02	
  -2.7133309e-02	
  -2.4782006e-02	
  -2.2701253e-02	
  -2.0914739e-02	
  -1.9445432e-02	
  -1.7936183e-02	
  -1.7105587e-02	
  -1.7771160e-02	
  -1.9292752e-02	
  -2.2300024e-02	
  -2.5000406e-02	
  -2.7011699e-02	
  -2.9960159e-02	
  -3.1406974e-02	
  -3.2191698e-02	
  -3.3623864e-02	
  -3.5132795e-02	
  -3.7719243e-02	
  -4.0366685e-02	
  -4.2068080e-02	
  -4.3399049e-02	
  -4.4753022e-02	
  -4.5994506e-02	
  -4.9478810e-02	
  -5.5345080e-02	
  -6.2404831e-02	
  -6.8542837e-02	
  -7.4697835e-02	
  -7.9274996e-02	
  -7.9439783e-02	
  -7.8144379e-02	
  -7.5947750e-02	
  -7.0507006e-02	
  -6.2817713e-02	
  -5.6417493e-02	
  -5.1954604e-02	
  -4.8537796e-02	
  -4.5088254e-02	
  -4.2391754e-02	
  -4.1942345e-02	
  -4.3813052e-02	
  -4.5022522e-02	
  -4.5077257e-02	
  -4.5304790e-02	
  -4.5205605e-02	
  -4.2481493e-02	
  -3.6462460e-02	
  -3.0643951e-02	
  -2.4313652e-02	
  -1.8239927e-02	
  -1.4552415e-02	
  -1.4983982e-02	
  -1.8869899e-02	
  -2.4728086e-02	
  -3.0342650e-02	
  -3.4878139e-02	
  -3.7866519e-02	
  -3.9219094e-02	
  -3.9223153e-02	
  -3.9038530e-02	
  -3.8721865e-02	
  -3.6841323e-02	
  -3.4858946e-02	
  -3.4038935e-02	
  -3.2845666e-02	
  -2.9039664e-02	
  -2.4838758e-02	
  -2.0707519e-02	
  -1.6772856e-02	
  -1.4766927e-02	
  -1.2029994e-02	
  -7.0893692e-03	
  -3.4931924e-03	
  -1.8194219e-03	
  -7.5335330e-04	
   7.8629831e-04	
   3.1250182e-03	
   5.8467914e-03	
   9.3533762e-03	
   1.2520243e-02	
   1.4489904e-02	
   1.6123195e-02	
   1.7392592e-02	
   1.7468378e-02	
   1.6001490e-02	
   1.5042852e-02	
   1.5097014e-02	
   1.6283333e-02	
   1.8642171e-02	
   2.1262874e-02	
   2.4860594e-02	
   3.0574626e-02	
   3.8214625e-02	
   4.6380130e-02	
   5.3339853e-02	
   5.8702563e-02	
   6.2209777e-02	
   6.4218137e-02	
   6.5803349e-02	
   6.6624393e-02	
   6.7392160e-02	
   6.9060385e-02	
   7.1339791e-02	
   7.3844695e-02	
   7.5187358e-02	
   7.4559775e-02	
   7.3879741e-02	
   7.4814714e-02	
   7.7055888e-02	
   8.0482490e-02	
   8.3544000e-02	
   8.4629423e-02	
   8.5873438e-02	
   8.5292288e-02	
   8.1948935e-02	
   7.6439574e-02	
   6.7956731e-02	
   5.7695528e-02	
   4.6412061e-02	
   3.5309683e-02	
   2.3716407e-02	
   1.3036068e-02	
   3.4800519e-03	
  -4.4137227e-03	
  -1.2060526e-02	
  -1.8417269e-02	
  -2.1348944e-02	
  -2.5153022e-02	
  -2.9766403e-02	
  -2.9885323e-02	
  -2.7566423e-02	
  -2.4947277e-02	
  -2.2272919e-02	
  -1.8711496e-02	
  -1.4836836e-02	
  -1.2206970e-02	
  -1.0765972e-02	
  -1.0570133e-02	
  -1.1374327e-02	
  -1.2020471e-02	
  -1.3199126e-02	
  -1.5261235e-02	
  -1.7624480e-02	
  -1.7805463e-02	
  -1.6576640e-02	
  -1.7310600e-02	
  -1.8906302e-02	
  -2.1964691e-02	
  -2.5832507e-02	
  -2.8952492e-02	
  -3.1176432e-02	
  -3.2207705e-02	
  -3.2661940e-02	
  -3.2113570e-02	
  -3.1275245e-02	
  -3.1417913e-02	
  -3.2720798e-02	
  -3.3461915e-02	
  -3.3220717e-02	
  -3.3058402e-02	
  -3.3153740e-02	
  -3.3901807e-02	
  -3.4867383e-02	
  -3.4952320e-02	
  -3.4613259e-02	
  -3.4187698e-02	
  -3.2731088e-02	
  -2.9994172e-02	
  -2.6204225e-02	
  -2.0545546e-02	
  -1.3768382e-02	
  -7.0244751e-03	
  -9.8965774e-04	
   3.8307089e-03	
   9.2804109e-03	
   1.3995608e-02	
   1.6916734e-02	
   2.0259408e-02	
   2.4802697e-02	
   2.7607357e-02	
   2.7884610e-02	
   2.8392824e-02	
   2.9432522e-02	
   3.0778329e-02	
   3.2974858e-02	
   3.5296018e-02	
   3.9058909e-02	
   4.4378797e-02	
   4.8846071e-02	
   5.2465650e-02	
   5.3975230e-02	
   5.3746150e-02	
   5.3590514e-02	
   5.3345629e-02	
   5.2420226e-02	
   5.1421893e-02	
   5.0815337e-02	
   4.8779460e-02	
   4.7190855e-02	
   4.6367829e-02	
   4.3948740e-02	
   3.9667387e-02	
   3.4089250e-02	
   2.7564753e-02	
   2.0584345e-02	
   1.3639225e-02	
   8.7854127e-03	
   4.4159040e-03	
  -1.0703845e-04	
  -3.3868661e-03	
  -4.6625204e-03	
  -4.6702901e-03	
  -2.7959770e-03	
  -1.3749177e-03	
   7.7663293e-05	
   2.4280665e-03	
   3.6360491e-03	
   2.8586769e-03	
   1.0719645e-03	
   4.3932604e-05	
  -5.5191650e-05	
  -1.0620561e-03	
  -3.9390353e-03	
  -8.0661732e-03	
  -1.1614203e-02	
  -1.3924324e-02	
  -1.8000074e-02	
  -2.2133266e-02	
  -2.3666800e-02	
  -2.4239271e-02	
  -2.5421306e-02	
  -2.8723619e-02	
  -3.2040670e-02	
  -3.3802994e-02	
  -3.5869144e-02	
  -3.8943227e-02	
  -4.0994262e-02	
  -4.2257411e-02	
  -4.1970293e-02	
  -4.0516834e-02	
  -3.7962187e-02	
  -3.4541001e-02	
  -2.8717955e-02	
  -2.0641823e-02	
  -1.3636764e-02	
  -8.6789177e-03	
  -4.3072254e-03	
   1.1278186e-03	
   6.7296580e-03	
   1.0540916e-02	
   1.2864449e-02	
   1.4494088e-02	
   1.5824313e-02	
   1.5717812e-02	
   1.4949650e-02	
   1.6437388e-02	
   2.0154748e-02	
   2.6044376e-02	
   3.3691679e-02	
   4.1488334e-02	
   4.9729124e-02	
   5.7533915e-02	
   6.3024862e-02	
   6.6678319e-02	
   6.9086345e-02	
   6.8768394e-02	
   6.4893687e-02	
   5.8167020e-02	
   5.0623204e-02	
   4.4878822e-02	
   3.9952747e-02	
   3.5750507e-02	
   3.3408307e-02	
   3.2744912e-02	
   3.4660948e-02	
   3.9527717e-02	
   4.5069109e-02	
   4.9583960e-02	
   5.3432471e-02	
   5.7531679e-02	
   5.9814554e-02	
   5.8575737e-02	
   5.4951644e-02	
   5.0581296e-02	
   4.3980553e-02	
   3.5726252e-02	
   2.6885734e-02	
   1.7369158e-02	
   8.2332022e-03	
   6.4598982e-05	
  -7.0030817e-03	
  -1.1999143e-02	
  -1.3610108e-02	
  -1.3029861e-02	
  -1.0394290e-02	
  -6.2448078e-03	
   6.4325871e-04	
   8.2144815e-03	
   1.4092557e-02	
   1.8791305e-02	
   2.1786139e-02	
   2.2174076e-02	
   2.1057283e-02	
   1.8852329e-02	
   1.7223156e-02	
   1.7269819e-02	
   1.9823894e-02	
   2.4931777e-02	
   3.0025053e-02	
   3.3328935e-02	
   3.6694826e-02	
   3.9137314e-02	
   3.9001690e-02	
   3.7445707e-02	
   3.4785716e-02	
   3.1553442e-02	
   2.8653161e-02	
   2.4429227e-02	
   2.0373143e-02	
   1.8888331e-02	
   1.8108793e-02	
   1.7230631e-02	
   1.6555949e-02	
   1.7050292e-02	
   1.8468788e-02	
   2.0055864e-02	
   2.2959944e-02	
   2.4752476e-02	
   2.4212786e-02	
   2.3816430e-02	
   2.3650758e-02	
   2.1984379e-02	
   1.9887773e-02	
   1.8302254e-02	
   1.5447758e-02	
   1.0859870e-02	
   5.7638658e-03	
  -4.4077980e-05	
  -7.2105670e-03	
  -1.4329501e-02	
  -1.9918306e-02	
  -2.4004728e-02	
  -2.6805435e-02	
  -2.8941954e-02	
  -3.0220425e-02	
  -3.0287721e-02	
  -2.7494909e-02	
  -2.5302528e-02	
  -2.5477339e-02	
  -2.4807972e-02	
  -2.2768271e-02	
  -2.2319706e-02	
  -2.4436154e-02	
  -2.7486065e-02	
  -2.9374029e-02	
  -2.9242813e-02	
  -2.9635328e-02	
  -3.0796442e-02	
  -3.0335292e-02	
  -2.9224706e-02	
  -2.8665722e-02	
  -2.8627567e-02	
  -2.9045128e-02	
  -2.8138958e-02	
  -2.6229488e-02	
  -2.5379800e-02	
  -2.6059297e-02	
  -2.6820179e-02	
  -2.8756217e-02	
  -3.1671820e-02	
  -3.4260256e-02	
  -3.5631764e-02	
  -3.5233638e-02	
  -3.4327162e-02	
  -3.4161271e-02	
  -3.3080521e-02	
  -3.0321575e-02	
  -2.7370690e-02	
  -2.4430850e-02	
  -2.0971072e-02	
  -1.7188222e-02	
  -1.3101847e-02	
  -8.8674345e-03	
  -4.0155211e-03	
   2.2985863e-04	
   3.8789709e-03	
   7.2884942e-03	
   8.0122354e-03	
   7.6269123e-03	
   7.8510297e-03	
   7.5291139e-03	
   6.9099974e-03	
   7.5460705e-03	
   9.2901695e-03	
   1.1612522e-02	
   1.4733262e-02	
   1.7547025e-02	
   2.0028512e-02	
   2.3079709e-02	
   2.6608286e-02	
   3.1866803e-02	
   3.6356402e-02	
   3.9333477e-02	
   4.2485222e-02	
   4.5597885e-02	
   4.8835138e-02	
   5.3415042e-02	
   5.8520059e-02	
   6.4385579e-02	
   6.9761777e-02	
   7.4434813e-02	
   7.8522156e-02	
   8.0278704e-02	
   8.0724449e-02	
   7.9819389e-02	
   7.8670659e-02	
   7.6551084e-02	
   7.2465747e-02	
   6.6144546e-02	
   6.0069257e-02	
   5.3836993e-02	
   4.7862936e-02	
   4.4319826e-02	
   4.2005516e-02	
   4.1984837e-02	
   4.4360407e-02	
   4.8674280e-02	
   5.3059715e-02	
   5.6835272e-02	
   6.1733529e-02	
   6.5597557e-02	
   6.7320416e-02	
   6.7418533e-02	
   6.5736207e-02	
   6.2116734e-02	
   5.7824702e-02	
   5.2364123e-02	
   4.5561169e-02	
   3.8254343e-02	
   3.3609380e-02	
   3.1383209e-02	
   2.9204215e-02	
   2.7631352e-02	
   2.6382593e-02	
   2.6664230e-02	
   2.5395730e-02	
   2.1828909e-02	
   1.7088412e-02	
   1.2074273e-02	
   6.2123873e-03	
   8.7782737e-06	
  -6.8692638e-03	
  -1.5225186e-02	
  -2.3176480e-02	
  -2.9001102e-02	
  -3.4591930e-02	
  -3.9059180e-02	
  -4.1230586e-02	
  -4.3896920e-02	
  -4.7484150e-02	
  -5.0821314e-02	
  -5.3644098e-02	
  -5.5507265e-02	
  -5.5656812e-02	
  -5.4637829e-02	
  -5.3792501e-02	
  -5.1926219e-02	
  -5.0491309e-02	
  -5.0675442e-02	
  -5.0828807e-02	
  -5.0082728e-02	
  -4.8135174e-02	
  -4.5920526e-02	
  -4.4851027e-02	
  -4.3689488e-02	
  -4.2038479e-02	
  -4.0437349e-02	
  -4.0214376e-02	
  -4.1908125e-02	
  -4.5271255e-02	
  -4.8314604e-02	
  -5.0357686e-02	
  -5.1943807e-02	
  -5.3250810e-02	
  -5.2505776e-02	
  -4.8835645e-02	
  -4.1831985e-02	
  -3.0906389e-02	
  -1.9157070e-02	
  -8.3012233e-03	
   1.5076718e-03	
   1.1915369e-02	
   1.9950207e-02	
   2.5158910e-02	
   2.9178887e-02	
   3.3135592e-02	
   3.6737329e-02	
   3.8467793e-02	
   3.8251069e-02	
   3.7738931e-02	
   3.7884266e-02	
   3.8774257e-02	
   3.9779458e-02	
   4.0134833e-02	
   3.8315113e-02	
   3.4906784e-02	
   2.9762043e-02	
   2.3626739e-02	
   1.8483455e-02	
   1.3875089e-02	
   1.0011722e-02	
   5.6726170e-03	
   1.5758829e-03	
  -4.6977204e-05	
  -7.4373158e-04	
  -2.5597634e-03	
  -4.2245652e-03	
  -3.6704809e-03	
  -1.7836721e-03	
  -1.4595326e-05	
   1.4536290e-03	
   3.1931903e-03	
   5.1909238e-03	
   5.8913553e-03	
   4.0656328e-03	
   2.6625603e-03	
   1.5503831e-03	
  -2.3943598e-03	
  -6.8396989e-03	
  -9.0370654e-03	
  -9.2854495e-03	
  -9.2234051e-03	
  -8.6728407e-03	
  -5.7213999e-03	
  -1.9626804e-03	
   2.4690857e-03	
   6.4337966e-03	
   9.3734598e-03	
   1.3051107e-02	
   1.7512699e-02	
   2.0640944e-02	
   2.2188455e-02	
   2.3168391e-02	
   2.4541793e-02	
   2.4197912e-02	
   2.2215300e-02	
   2.3495381e-02	
   2.5914293e-02	
   2.5200930e-02	
   2.4274506e-02	
   2.4259773e-02	
   2.4420796e-02	
   2.2947490e-02	
   2.0440538e-02	
   1.8034501e-02	
   1.4275221e-02	
   1.1063751e-02	
   9.0376849e-03	
   7.8622751e-03	
   7.6549786e-03	
   8.5639326e-03	
   9.7038893e-03	
   1.1316277e-02	
   1.3419951e-02	
   1.5391719e-02	
   1.8908078e-02	
   2.3095190e-02	
   2.7783017e-02	
   3.2982522e-02	
   3.8384297e-02	
   4.4047477e-02	
   4.8491009e-02	
   5.2006600e-02	
   5.4492270e-02	
   5.7297431e-02	
   5.9945416e-02	
   6.1445786e-02	
   6.2892761e-02	
   6.2966334e-02	
   6.1754356e-02	
   5.9981760e-02	
   5.6184797e-02	
   5.1248155e-02	
   4.6390644e-02	
   4.0540776e-02	
   3.5256866e-02	
   3.2458059e-02	
   2.8991627e-02	
   2.4029420e-02	
   1.8071464e-02	
   1.1830243e-02	
   5.1051314e-03	
  -2.9669360e-03	
  -1.2885494e-02	
  -2.3816341e-02	
  -3.5255715e-02	
  -4.6847357e-02	
  -5.7963217e-02	
  -6.7694240e-02	
  -7.5961379e-02	
  -8.3981249e-02	
  -9.2078409e-02	
  -9.8822522e-02	
  -1.0313106e-01	
  -1.0501386e-01	
  -1.0647288e-01	
  -1.0660958e-01	
  -1.0480931e-01	
  -1.0259894e-01	
  -1.0195129e-01	
  -1.0372147e-01	
  -1.0617162e-01	
  -1.0771347e-01	
  -1.0911908e-01	
  -1.1126592e-01	
  -1.1377908e-01	
  -1.1635992e-01	
  -1.1908808e-01	
  -1.2230204e-01	
  -1.2571443e-01	
  -1.2816741e-01	
  -1.3120296e-01	
  -1.3407951e-01	
  -1.3679899e-01	
  -1.3907486e-01	
  -1.3989402e-01	
  -1.3963377e-01	
  -1.3952591e-01	
  -1.3760098e-01	
  -1.3434300e-01	
  -1.3187869e-01	
  -1.2981617e-01	
  -1.2724872e-01	
  -1.2575638e-01	
  -1.2399210e-01	
  -1.1982859e-01	
  -1.1538229e-01	
  -1.1178453e-01	
  -1.1012993e-01	
  -1.0945833e-01	
  -1.0880532e-01	
  -1.0801909e-01	
  -1.0656403e-01	
  -1.0478494e-01	
  -1.0387233e-01	
  -1.0270549e-01	
  -9.9319715e-02	
  -9.5567256e-02	
  -9.1665173e-02	
  -8.7333865e-02	
  -8.1479590e-02	
  -7.4955842e-02	
  -6.7872479e-02	
  -6.0020759e-02	
  -5.2431725e-02	
  -4.3575783e-02	
  -3.4232526e-02	
  -2.7122353e-02	
  -2.1755105e-02	
  -1.6048578e-02	
  -1.1348272e-02	
  -8.8493451e-03	
  -8.4410474e-03	
  -7.7075299e-03	
  -6.0583029e-03	
  -3.2533037e-03	
   3.5003402e-04	
   3.9226640e-03	
   7.3318002e-03	
   1.0239432e-02	
   1.2368837e-02	
   1.5925215e-02	
   2.0283616e-02	
   2.3933020e-02	
   2.9219260e-02	
   3.5127184e-02	
   3.8570513e-02	
   4.0837806e-02	
   4.2997200e-02	
   4.3713820e-02	
   4.4236961e-02	
   4.5376741e-02	
   4.6851109e-02	
   4.7809358e-02	
   4.7962581e-02	
   4.8592801e-02	
   4.9703948e-02	
   5.0376401e-02	
   5.0773884e-02	
   5.2301754e-02	
   5.4635369e-02	
   5.5440300e-02	
   5.4888325e-02	
   5.3794424e-02	
   5.1686024e-02	
   4.9953347e-02	
   4.8593816e-02	
   4.8014489e-02	
   4.8446788e-02	
   4.8753677e-02	
   4.9257596e-02	
   4.9337340e-02	
   4.8671354e-02	
   4.7071510e-02	
   4.4428422e-02	
   4.1932687e-02	
   4.0581858e-02	
   4.0859789e-02	
   4.0004360e-02	
   3.7900892e-02	
   3.5885069e-02	
   3.3955940e-02	
   3.2691210e-02	
   3.2103717e-02	
   3.2715943e-02	
   3.4954143e-02	
   3.8609122e-02	
   4.1589737e-02	
   4.2275223e-02	
   4.2514002e-02	
   4.1963154e-02	
   3.9447241e-02	
   3.5878691e-02	
   3.0676767e-02	
   2.4043745e-02	
   1.7072848e-02	
   1.0282284e-02	
   2.9529600e-03	
  -3.5973852e-03	
  -8.9383820e-03	
  -1.4976495e-02	
  -2.1754173e-02	
  -2.5938742e-02	
  -2.8305297e-02	
  -3.0330295e-02	
  -3.0767066e-02	
  -3.1361898e-02	
  -3.2289845e-02	
  -3.2446130e-02	
  -3.3277469e-02	
  -3.5037982e-02	
  -3.6539060e-02	
  -3.9678344e-02	
  -4.3294088e-02	
  -4.5021112e-02	
  -4.5426047e-02	
  -4.3357365e-02	
  -4.0713174e-02	
  -3.8488567e-02	
  -3.5580711e-02	
  -3.2961919e-02	
  -3.1842819e-02	
  -3.0761597e-02	
  -2.9436976e-02	
  -2.7447095e-02	
  -2.4742081e-02	
  -2.1764711e-02	
  -1.9271784e-02	
  -1.7037224e-02	
  -1.5886830e-02	
  -1.4582263e-02	
  -1.1739242e-02	
  -8.5138947e-03	
  -4.3742399e-03	
   1.0388419e-04	
   2.9726059e-03	
   4.3119778e-03	
   6.9437041e-03	
   9.7838225e-03	
   1.3403602e-02	
   1.8612872e-02	
   2.4201965e-02	
   2.9818529e-02	
   3.5052767e-02	
   3.9069847e-02	
   4.1194313e-02	
   4.3199576e-02	
   4.5257561e-02	
   4.7293645e-02	
   5.0407087e-02	
   5.2850094e-02	
   5.2983121e-02	
   5.2586924e-02	
   5.3316624e-02	
   5.4636342e-02	
   5.6250842e-02	
   5.9491116e-02	
   6.3507010e-02	
   6.6853195e-02	
   7.0534441e-02	
   7.2555073e-02	
   7.2976569e-02	
   7.5499940e-02	
   7.9657611e-02	
   8.3332308e-02	
   8.6807172e-02	
   9.1061721e-02	
   9.3529101e-02	
   9.5342702e-02	
   9.6848264e-02	
   9.7612019e-02	
   9.8006375e-02	
   9.7417496e-02	
   9.5650741e-02	
   9.3462195e-02	
   8.9026575e-02	
   8.2025163e-02	
   7.3954376e-02	
   6.6150859e-02	
   5.8648572e-02	
   5.3502150e-02	
   5.1662831e-02	
   4.9737195e-02	
   4.7251802e-02	
   4.5605897e-02	
   4.5164677e-02	
   4.5947831e-02	
   4.6539637e-02	
   4.6836371e-02	
   4.6306132e-02	
   4.4874899e-02	
   4.3387072e-02	
   4.0404893e-02	
   3.6379512e-02	
   3.2064406e-02	
   2.6899003e-02	
   2.1055595e-02	
   1.5372710e-02	
   8.6111208e-03	
   1.2283953e-03	
  -5.5528593e-03	
  -1.2549471e-02	
  -1.9007234e-02	
  -2.4655091e-02	
  -2.9725356e-02	
  -3.2854162e-02	
  -3.4560271e-02	
  -3.5654178e-02	
  -3.6290233e-02	
  -3.7303629e-02	
  -3.8919651e-02	
  -4.0347215e-02	
  -4.2881342e-02	
  -4.5255354e-02	
  -4.7746830e-02	
  -4.9763821e-02	
  -5.1111948e-02	
  -5.1531456e-02	
  -5.0322781e-02	
  -4.7667127e-02	
  -4.4553567e-02	
  -4.0696985e-02	
  -3.6819316e-02	
  -3.3393758e-02	
  -2.9549997e-02	
  -2.5963127e-02	
  -2.3077974e-02	
  -1.9284982e-02	
  -1.4257279e-02	
  -9.9390456e-03	
  -5.8274530e-03	
  -1.7234166e-03	
   1.6206391e-03	
   4.2425844e-03	
   6.8912767e-03	
   8.1817719e-03	
   8.8451089e-03	
   8.6602088e-03	
   8.3867025e-03	
   8.1627857e-03	
   6.1431095e-03	
   2.9620885e-03	
  -4.6695031e-04	
  -4.5948917e-03	
  -9.1035053e-03	
  -1.3501584e-02	
  -1.7934891e-02	
  -2.3044456e-02	
  -2.7730177e-02	
  -3.2863336e-02	
  -3.7170755e-02	
  -4.1537658e-02	
  -4.6228559e-02	
  -4.9830674e-02	
  -5.3735495e-02	
  -5.6679288e-02	
  -5.6688150e-02	
  -5.6180833e-02	
  -5.6138423e-02	
  -5.5352142e-02	
  -5.4693684e-02	
  -5.5020072e-02	
  -5.5079704e-02	
  -5.7206795e-02	
  -5.9521737e-02	
  -6.0517421e-02	
  -6.2382883e-02	
  -6.3448364e-02	
  -6.4206160e-02	
  -6.5346748e-02	
  -6.5754733e-02	
  -6.5375481e-02	
  -6.3412728e-02	
  -6.1674116e-02	
  -6.1445668e-02	
  -6.1350737e-02	
  -6.1068009e-02	
  -6.1325013e-02	
  -6.3797585e-02	
  -6.6790832e-02	
  -6.8191020e-02	
  -7.0259029e-02	
  -7.3320303e-02	
  -7.5435335e-02	
  -7.6145164e-02	
  -7.5461472e-02	
  -7.4425255e-02	
  -7.2044251e-02	
  -6.8744617e-02	
  -6.6764872e-02	
  -6.6411993e-02	
  -6.5730779e-02	
  -6.5032160e-02	
  -6.4516736e-02	
  -6.4607183e-02	
  -6.3388125e-02	
  -5.9778446e-02	
  -5.7774635e-02	
  -5.6993251e-02	
  -5.5730491e-02	
  -5.3709529e-02	
  -5.2269581e-02	
  -5.0996190e-02	
  -4.8429625e-02	
  -4.5166211e-02	
  -4.2008820e-02	
  -4.0146314e-02	
  -3.8233776e-02	
  -3.6432518e-02	
  -3.4829529e-02	
  -3.2460402e-02	
  -2.9926535e-02	
  -2.7307483e-02	
  -2.4108084e-02	
  -2.1379370e-02	
  -1.9319538e-02	
  -1.6204598e-02	
  -1.3405337e-02	
  -1.2949922e-02	
  -1.3276003e-02	
  -1.2573573e-02	
  -1.2047717e-02	
  -1.2451826e-02	
  -1.1857088e-02	
  -1.1376858e-02	
  -1.2352358e-02	
  -1.2753045e-02	
  -1.2629646e-02	
  -1.1344432e-02	
  -8.8620301e-03	
  -7.0769025e-03	
  -4.7150735e-03	
  -1.0515305e-03	
   2.4710498e-03	
   4.3321204e-03	
   5.0742738e-03	
   5.7275766e-03	
   6.1282946e-03	
   6.1297696e-03	
   5.7456513e-03	
   5.0630018e-03	
   4.2768492e-03	
   3.6799338e-03	
   3.4849253e-03	
   3.7354139e-03	
   5.2435123e-03	
   8.1221642e-03	
   1.2343431e-02	
   1.6868395e-02	
   2.1654151e-02	
   2.5116571e-02	
   2.7913555e-02	
   2.9893388e-02	
   3.2597217e-02	
   3.6425874e-02	
   3.9556532e-02	
   4.2949876e-02	
   4.6330570e-02	
   5.0180680e-02	
   5.4212333e-02	
   5.8958334e-02	
   6.3012767e-02	
   6.5549413e-02	
   6.7072380e-02	
   6.6432348e-02	
   6.2475631e-02	
   5.7144834e-02	
   5.1569227e-02	
   4.6385747e-02	
   4.2189106e-02	
   3.9909972e-02	
   3.9719296e-02	
   4.0552818e-02	
   4.1139455e-02	
   4.2468342e-02	
   4.4719003e-02	
   4.6259499e-02	
   4.6718129e-02	
   4.7687033e-02	
   4.7964180e-02	
   4.7616233e-02	
   4.6964089e-02	
   4.6323614e-02	
   4.7443228e-02	
   4.8512903e-02	
   4.9131141e-02	
   5.1081445e-02	
   5.2909955e-02	
   5.2887287e-02	
   5.2394319e-02	
   5.2350322e-02	
   5.0996042e-02	
   4.8350294e-02	
   4.5332420e-02	
   4.3285793e-02	
   4.0154031e-02	
   3.5584723e-02	
   2.9512048e-02	
   2.2715248e-02	
   1.6954978e-02	
   1.2162443e-02	
   7.6594980e-03	
   3.8177779e-03	
   9.7926430e-04	
  -1.4247768e-03	
  -4.7525291e-03	
  -6.6257236e-03	
  -7.1315129e-03	
  -7.3318415e-03	
  -6.9913820e-03	
  -5.9195998e-03	
  -6.1552104e-03	
  -6.6617018e-03	
  -5.5390333e-03	
  -4.7113064e-03	
  -4.1570863e-03	
  -2.7412999e-03	
  -1.2021580e-03	
   1.4262967e-04	
   1.5271890e-04	
   2.3746491e-04	
   1.5935776e-03	
   3.8238372e-03	
   5.0520467e-03	
   6.2387898e-03	
   8.4904363e-03	
   1.0223514e-02	
   1.0666368e-02	
   9.8270990e-03	
   9.3095923e-03	
   9.4291735e-03	
   9.5679120e-03	
   1.0287954e-02	
   1.3162227e-02	
   1.6654473e-02	
   1.9402280e-02	
   2.0898974e-02	
   2.1943422e-02	
   2.3840248e-02	
   2.6552525e-02	
   2.8854971e-02	
   3.0991927e-02	
   3.3066633e-02	
   3.4643290e-02	
   3.5930900e-02	
   3.7190709e-02	
   3.9098958e-02	
   4.1987734e-02	
   4.5875291e-02	
   4.9110231e-02	
   5.2528998e-02	
   5.6528750e-02	
   6.0200355e-02	
   6.2216503e-02	
   6.2271727e-02	
   6.3191773e-02	
   6.6088791e-02	
   6.7753181e-02	
   6.7707810e-02	
   6.7695656e-02	
   6.8476580e-02	
   6.8968050e-02	
   6.8709276e-02	
   6.8758305e-02	
   6.8858015e-02	
   6.9822311e-02	
   6.9394502e-02	
   6.8349199e-02	
   6.6565216e-02	
   6.3803957e-02	
   6.1241233e-02	
   5.8236711e-02	
   5.4101596e-02	
   5.0050355e-02	
   4.6414934e-02	
   4.2833782e-02	
   4.0148308e-02	
   3.8182092e-02	
   3.6440725e-02	
   3.6730538e-02	
   3.7297045e-02	
   3.8804530e-02	
   4.1468274e-02	
   4.4256313e-02	
   4.6049447e-02	
   4.7341818e-02	
   4.8719398e-02	
   4.9590385e-02	
   5.0962713e-02	
   5.1580815e-02	
   5.1073710e-02	
   5.0145274e-02	
   4.9211310e-02	
   4.8085130e-02	
   4.7215517e-02	
   4.7575275e-02	
   5.0489551e-02	
   5.2271274e-02	
   5.2617941e-02	
   5.3725707e-02	
   5.4520248e-02	
   5.3547851e-02	
   5.2390047e-02	
   5.1221304e-02	
   5.0798227e-02	
   5.1024929e-02	
   5.1279124e-02	
   5.1756163e-02	
   5.1158393e-02	
   4.9349588e-02	
   4.6850803e-02	
   4.3441405e-02	
   3.9412195e-02	
   3.6001033e-02	
   3.1790309e-02	
   2.7447396e-02	
   2.5558841e-02	
   2.3184563e-02	
   2.0616854e-02	
   1.8859267e-02	
   1.7906488e-02	
   1.8892042e-02	
   1.9911497e-02	
   2.0104982e-02	
   1.9513648e-02	
   1.8660390e-02	
   1.8011142e-02	
   1.8479077e-02	
   1.9274397e-02	
   1.8458646e-02	
   1.6971621e-02	
   1.4690068e-02	
   1.0056060e-02	
   4.4561078e-03	
  -1.6611698e-04	
  -4.4790534e-03	
  -9.2501498e-03	
  -1.4540739e-02	
  -1.7790648e-02	
  -1.9295537e-02	
  -2.1081101e-02	
  -2.3984562e-02	
  -2.5224825e-02	
  -2.4145827e-02	
  -2.2716664e-02	
  -2.1924081e-02	
  -2.1536841e-02	
  -2.2209045e-02	
  -2.3440665e-02	
  -2.2908325e-02	
  -2.2648973e-02	
  -2.2970806e-02	
  -2.2776944e-02	
  -2.2601897e-02	
  -2.3126897e-02	
  -2.5136083e-02	
  -2.8135607e-02	
  -3.1321590e-02	
  -3.3452268e-02	
  -3.4252609e-02	
  -3.4898978e-02	
  -3.6043354e-02	
  -3.7430054e-02	
  -3.8486414e-02	
  -3.9712605e-02	
  -4.1708870e-02	
  -4.3132127e-02	
  -4.4183837e-02	
  -4.5359578e-02	
  -4.5771840e-02	
  -4.6842525e-02	
  -4.7409338e-02	
  -4.8033080e-02	
  -4.8929892e-02	
  -4.9300058e-02	
  -4.7471253e-02	
  -4.6043523e-02	
  -4.4485493e-02	
  -4.1635327e-02	
  -3.9094492e-02	
  -3.6103746e-02	
  -3.2323770e-02	
  -2.8156139e-02	
  -2.4510630e-02	
  -2.0756076e-02	
  -1.6690085e-02	
  -1.4058078e-02	
  -1.2084380e-02	
  -9.8911199e-03	
  -8.9531615e-03	
  -8.2168651e-03	
  -6.5738921e-03	
  -4.9557233e-03	
  -3.6983135e-03	
  -2.4512435e-03	
  -3.1054426e-04	
   1.2849793e-03	
   8.4627889e-04	
   8.2280338e-06	
  -1.1836185e-03	
  -3.5049971e-03	
  -5.7827322e-03	
  -7.6266409e-03	
  -8.8652456e-03	
  -9.5271961e-03	
  -1.0654485e-02	
  -1.1648435e-02	
  -1.2124718e-02	
  -1.1641738e-02	
  -1.0675684e-02	
  -9.4900438e-03	
  -8.5573541e-03	
  -7.2008084e-03	
  -5.8433458e-03	
  -5.2668869e-03	
  -5.1958875e-03	
  -5.6387869e-03	
  -5.4304969e-03	
  -5.1164181e-03	
  -5.2631227e-03	
  -5.5379312e-03	
  -6.3873931e-03	
  -6.9240866e-03	
  -6.6841985e-03	
  -6.3629789e-03	
  -6.6447334e-03	
  -5.4222811e-03	
  -3.7369644e-03	
  -3.4125063e-03	
  -3.7878142e-03	
  -4.8357621e-03	
  -5.9909367e-03	
  -7.3801625e-03	
  -7.9421139e-03	
  -9.1336425e-03	
  -1.1419285e-02	
  -1.1827642e-02	
  -1.0563142e-02	
  -1.0423642e-02	
  -1.1046128e-02	
  -1.1336242e-02	
  -1.1733454e-02	
  -1.1605424e-02	
  -1.1506682e-02	
  -1.1500250e-02	
  -1.1222543e-02	
  -1.0665589e-02	
  -1.0308291e-02	
  -1.0559395e-02	
  -9.9050970e-03	
  -9.2127674e-03	
  -8.8483126e-03	
  -8.0372927e-03	
  -5.5214772e-03	
  -3.7285292e-03	
  -2.9391086e-03	
  -1.6950570e-03	
  -2.1154361e-03	
  -3.1135515e-03	
  -3.3549695e-03	
  -4.6914906e-03	
  -6.7568275e-03	
  -7.6358154e-03	
  -7.1359969e-03	
  -5.8611975e-03	
  -4.1746996e-03	
  -1.9790459e-03	
   2.0644967e-04	
   2.6318549e-03	
   4.9933671e-03	
   7.5595048e-03	
   9.3779910e-03	
   1.1536441e-02	
   1.3245907e-02	
   1.4963657e-02	
   1.5500598e-02	
   1.5194618e-02	
   1.5437680e-02	
   1.5802241e-02	
   1.6320433e-02	
   1.6838063e-02	
   1.5816596e-02	
   1.3798259e-02	
   1.2167369e-02	
   1.0048561e-02	
   7.6756699e-03	
   6.0265609e-03	
   4.6967752e-03	
   4.3663381e-03	
   5.7346301e-03	
   7.8938873e-03	
   1.0506879e-02	
   1.3967023e-02	
   1.8120281e-02	
   2.2504724e-02	
   2.6526412e-02	
   3.0392121e-02	
   3.2873909e-02	
   3.4950355e-02	
   3.6687056e-02	
   3.6356597e-02	
   3.3922870e-02	
   3.0517372e-02	
   2.6722398e-02	
   2.3065767e-02	
   1.8942646e-02	
   1.4932310e-02	
   1.3288015e-02	
   1.2501026e-02	
   1.0926511e-02	
   9.6776756e-03	
   8.9727259e-03	
   8.6769176e-03	
   8.7307138e-03	
   7.6794577e-03	
   5.6277604e-03	
   5.7758085e-03	
   6.2653280e-03	
   4.4992828e-03	
   3.2595388e-03	
   3.4395755e-03	
   4.1333553e-03	
   5.7069219e-03	
   6.7372985e-03	
   7.0264988e-03	
   7.8211639e-03	
   7.4899497e-03	
   5.9861223e-03	
   4.3962593e-03	
   2.0570498e-03	
  -1.3907138e-04	
  -3.2286423e-03	
  -6.8093080e-03	
  -8.9858239e-03	
  -9.7986669e-03	
  -1.0302946e-02	
  -1.1010887e-02	
  -1.1667622e-02	
  -1.0560386e-02	
  -8.9846321e-03	
  -7.9208149e-03	
  -6.4604528e-03	
  -3.9782089e-03	
  -1.0610082e-03	
   1.3918082e-03	
   3.3077412e-03	
   5.0208870e-03	
   5.7126945e-03	
   5.1302323e-03	
   4.2521689e-03	
   3.2411815e-03	
   2.6311174e-03	
   1.9809120e-03	
   5.1309828e-04	
  -8.3368947e-05	
   4.5299675e-04	
   9.0020489e-04	
   6.3636102e-04	
   4.2166568e-04	
  -1.5259506e-04	
   6.9045576e-04	
   2.0659753e-03	
   2.2601938e-03	
   2.1179737e-03	
   1.8202061e-03	
   1.0532173e-03	
  -3.1575532e-04	
  -1.8513586e-03	
  -3.1897294e-03	
  -3.6312565e-03	
  -3.2534830e-03	
  -2.0522353e-03	
  -6.1599186e-04	
   7.6070588e-04	
   2.4631527e-03	
   2.4403810e-03	
   2.7615947e-03	
   4.1002209e-03	
   5.0414627e-03	
   6.0028311e-03	
   8.0238053e-03	
   7.2451233e-03	
   5.9541502e-03	
   5.5125252e-03	
   5.2093230e-03	
   5.3084802e-03	
   6.9646845e-03	
   8.7916077e-03	
   1.0732224e-02	
   1.2640420e-02	
   1.4031557e-02	
   1.4403587e-02	
   1.3691658e-02	
   1.2573437e-02	
   1.1639249e-02	
   1.0594778e-02	
   8.8472683e-03	
   7.5240104e-03	
   4.8727964e-03	
   6.0292218e-04	
  -2.6631745e-03	
  -5.7326152e-03	
  -8.9989691e-03	
  -1.1176895e-02	
  -1.1437109e-02	
  -1.0940234e-02	
  -1.1428896e-02	
  -1.1909958e-02	
  -1.2188273e-02	
  -1.3804614e-02	
  -1.7542376e-02	
  -2.1580855e-02	
  -2.5740668e-02	
  -3.0307439e-02	
  -3.4599571e-02	
  -3.9189452e-02	
  -4.2486543e-02	
  -4.5530719e-02	
  -4.6838867e-02	
  -4.6195560e-02	
  -4.4484501e-02	
  -4.1936669e-02	
  -3.9862790e-02	
  -3.7864991e-02	
  -3.5935071e-02	
  -3.4722940e-02	
  -3.3988773e-02	
  -3.2287190e-02	
  -3.0045107e-02	
  -2.7465397e-02	
  -2.6657203e-02	
  -2.8069321e-02	
  -2.9472618e-02	
  -2.9996633e-02	
  -3.0473978e-02	
  -3.1505611e-02	
  -3.3587154e-02	
  -3.6357033e-02	
  -3.9637545e-02	
  -4.1224675e-02	
  -4.2854107e-02	
  -4.5325346e-02	
  -4.6787637e-02	
  -4.6925396e-02	
  -4.6288910e-02	
  -4.5174170e-02	
  -4.4534634e-02	
  -4.3684780e-02	
  -4.2286132e-02	
  -4.1723726e-02	
  -4.3578834e-02	
  -4.5744659e-02	
  -4.7139024e-02	
  -4.6795649e-02	
  -4.7325523e-02	
  -4.8656551e-02	
  -5.0547501e-02	
  -5.2274437e-02	
  -5.3305951e-02	
  -5.5867501e-02	
  -5.8852223e-02	
  -6.2657882e-02	
  -6.6546513e-02	
  -6.9160154e-02	
  -7.1377374e-02	
  -7.3721562e-02	
  -7.5611037e-02	
  -7.8307455e-02	
  -8.1875185e-02	
  -8.4088098e-02	
  -8.5556136e-02	
  -8.6951958e-02	
  -8.8432327e-02	
  -8.8958725e-02	
  -8.9505714e-02	
  -8.9729383e-02	
  -8.7666920e-02	
  -8.6128672e-02	
  -8.5558496e-02	
  -8.3254546e-02	
  -7.9579436e-02	
  -7.5998549e-02	
  -7.2692307e-02	
  -6.9202693e-02	
  -6.5829604e-02	
  -6.3058079e-02	
  -6.1637300e-02	
  -6.0671765e-02	
  -5.9308334e-02	
  -5.8481272e-02	
  -5.7357375e-02	
  -5.6919153e-02	
  -5.7527720e-02	
  -5.8412277e-02	
  -5.9782930e-02	
  -6.1099869e-02	
  -6.2468610e-02	
  -6.4726658e-02	
  -6.6185020e-02	
  -6.6819565e-02	
  -6.7837610e-02	
  -6.8229842e-02	
  -6.8325658e-02	
  -6.7726159e-02	
  -6.6609761e-02	
  -6.5241256e-02	
  -6.2908042e-02	
  -5.9104076e-02	
  -5.5585375e-02	
  -5.2280938e-02	
  -4.8245244e-02	
  -4.5060312e-02	
  -4.2036940e-02	
  -3.9692864e-02	
  -3.8145571e-02	
  -3.7473012e-02	
  -3.5910191e-02	
  -3.4719895e-02	
  -3.4476632e-02	
  -3.4230927e-02	
  -3.2356314e-02	
  -3.0776412e-02	
  -2.9607380e-02	
  -2.8804484e-02	
  -2.8082973e-02	
  -2.6943034e-02	
  -2.6424100e-02	
  -2.7253900e-02	
  -2.7735581e-02	
  -2.7471621e-02	
  -2.6840953e-02	
  -2.5703521e-02	
  -2.5214051e-02	
  -2.4304554e-02	
  -2.2584339e-02	
  -2.1767177e-02	
  -2.0623426e-02	
  -1.9051259e-02	
  -1.7627784e-02	
  -1.7037566e-02	
  -1.7026763e-02	
  -1.6967285e-02	
  -1.7199757e-02	
  -1.6141775e-02	
  -1.6532036e-02	
  -1.7852692e-02	
  -1.8158265e-02	
  -1.8683860e-02	
  -1.9369623e-02	
  -1.9927002e-02	
  -2.0480523e-02	
  -1.9696035e-02	
  -1.8552993e-02	
  -1.9676388e-02	
  -2.1991861e-02	
  -2.4184967e-02	
  -2.5794086e-02	
  -2.7157092e-02	
  -2.9474825e-02	
  -3.1246907e-02	
  -3.1809815e-02	
  -3.2377560e-02	
  -3.2321174e-02	
  -3.1439678e-02	
  -3.0961330e-02	
  -2.9762408e-02	
  -2.7205626e-02	
  -2.4620317e-02	
  -2.2221017e-02	
  -2.0277462e-02	
  -1.7825310e-02	
  -1.6065057e-02	
  -1.5356544e-02	
  -1.4360187e-02	
  -1.2366878e-02	
  -1.1838462e-02	
  -1.1051691e-02	
  -9.9823221e-03	
  -8.2766793e-03	
  -6.1512633e-03	
  -4.7224933e-03	
  -3.4554300e-03	
  -1.9961452e-03	
  -1.2711839e-03	
  -4.5867066e-04	
   3.7794704e-04	
   1.5129228e-03	
   3.0894188e-03	
   5.2089731e-03	
   8.8797360e-03	
   1.2746413e-02	
   1.5558318e-02	
   1.8417192e-02	
   2.3761577e-02	
   2.9000182e-02	
   3.3847055e-02	
   3.8017110e-02	
   4.1312172e-02	
   4.4378962e-02	
   4.5576910e-02	
   4.5653816e-02	
   4.4585445e-02	
   4.3058218e-02	
   4.1511108e-02	
   3.8398557e-02	
   3.4413508e-02	
   2.9301347e-02	
   2.3252584e-02	
   1.7075727e-02	
   1.2170066e-02	
   7.6043330e-03	
   2.7272467e-03	
  -4.1492918e-04	
  -3.0512293e-04	
   1.6838093e-04	
   1.0539430e-03	
   2.8030115e-03	
   5.2329708e-03	
   7.6470077e-03	
   8.9109234e-03	
   1.0945485e-02	
   1.3540063e-02	
   1.5643036e-02	
   1.5931971e-02	
   1.6618495e-02	
   1.8988306e-02	
   2.1329881e-02	
   2.2608540e-02	
   2.2744984e-02	
   2.2695394e-02	
   2.2264795e-02	
   2.0934982e-02	
   1.9478183e-02	
   1.7869595e-02	
   1.6086562e-02	
   1.4807324e-02	
   1.3636310e-02	
   1.3870015e-02	
   1.3642322e-02	
   1.2834075e-02	
   1.2299984e-02	
   1.1066005e-02	
   1.0634626e-02	
   1.0563720e-02	
   1.0311247e-02	
   9.8650950e-03	
   9.9975972e-03	
   1.0063896e-02	
   1.0191300e-02	
   1.0691862e-02	
   1.0481710e-02	
   1.0123857e-02	
   1.0011439e-02	
   9.4665382e-03	
   8.4609599e-03	
   7.8024314e-03	
   8.8560534e-03	
   9.9958980e-03	
   1.2168337e-02	
   1.6618772e-02	
   2.0033686e-02	
   2.1453857e-02	
   2.0948788e-02	
   2.0238623e-02	
   1.9619836e-02	
   1.8244322e-02	
   1.7058581e-02	
   1.5987826e-02	
   1.6570775e-02	
   1.8207276e-02	
   1.9736774e-02	
   2.1204724e-02	
   2.2065770e-02	
   2.4073516e-02	
   2.5837776e-02	
   2.8370103e-02	
   3.0890695e-02	
   3.2555522e-02	
   3.4090719e-02	
   3.4986469e-02	
   3.5981233e-02	
   3.7879569e-02	
   4.0215244e-02	
   4.1904685e-02	
   4.3109282e-02	
   4.3600363e-02	
   4.4022048e-02	
   4.4126023e-02	
   4.2987937e-02	
   4.1769215e-02	
   3.9864023e-02	
   3.6845707e-02	
   3.4503519e-02	
   3.3229596e-02	
   3.2179668e-02	
   3.1300373e-02	
   3.1431465e-02	
   2.9951798e-02	
   2.7805904e-02	
   2.7270166e-02	
   2.7836348e-02	
   2.8303740e-02	
   2.7884073e-02	
   2.7621228e-02	
   2.7390443e-02	
   2.7453963e-02	
   2.7557679e-02	
   2.7189283e-02	
   2.7631234e-02	
   2.8411544e-02	
   2.9684888e-02	
   3.1501770e-02	
   3.2168310e-02	
   3.2073132e-02	
   3.1169700e-02	
   3.0068011e-02	
   3.0934361e-02	
   3.2269454e-02	
   3.2980864e-02	
   3.4747023e-02	
   3.7588163e-02	
   4.1676874e-02	
   4.6147841e-02	
   5.0431855e-02	
   5.3891892e-02	
   5.6743781e-02	
   5.9597198e-02	
   6.0583678e-02	
   6.0123419e-02	
   5.9741040e-02	
   6.0263249e-02	
   6.1053377e-02	
   6.0898148e-02	
   6.1761082e-02	
   6.3467480e-02	
   6.3171359e-02	
   6.2676349e-02	
   6.3298681e-02	
   6.4159845e-02	
   6.5141723e-02	
   6.6302017e-02	
   6.7642320e-02	
   6.8864210e-02	
   6.9756290e-02	
   6.9973941e-02	
   7.0118196e-02	
   7.0291538e-02	
   7.0949152e-02	
   7.1553843e-02	
   7.1829314e-02	
   7.2264262e-02	
   7.1641104e-02	
   7.0725837e-02	
   7.0788790e-02	
   7.0990747e-02	
   7.2108797e-02	
   7.4023347e-02	
   7.5432031e-02	
   7.6875702e-02	
   7.8748008e-02	
   8.1110663e-02	
   8.2354678e-02	
   8.2997542e-02	
   8.2949575e-02	
   8.3103801e-02	
   8.3631674e-02	
   8.3829619e-02	
   8.2826265e-02	
   8.1475991e-02	
   8.0202063e-02	
   7.7486647e-02	
   7.3417063e-02	
   6.9185760e-02	
   6.5911968e-02	
   6.3282810e-02	
   6.1351032e-02	
   6.1130667e-02	
   6.1615706e-02	
   6.1915721e-02	
   6.1984928e-02	
   6.2226120e-02	
   6.3092417e-02	
   6.5177064e-02	
   6.7597008e-02	
   7.0021082e-02	
   7.2981053e-02	
   7.4989413e-02	
   7.5839957e-02	
   7.7257668e-02	
   8.0591994e-02	
   8.3057486e-02	
   8.4081844e-02	
   8.6724159e-02	
   9.0014117e-02	
   9.1148805e-02	
   8.9516039e-02	
   8.7451275e-02	
   8.6482200e-02	
   8.3708315e-02	
   7.9539021e-02	
   7.5311022e-02	
   7.1195536e-02	
   6.7491103e-02	
   6.5046438e-02	
   6.3453202e-02	
   6.3015422e-02	
   6.3359451e-02	
   6.3386827e-02	
   6.3050881e-02	
   6.2922910e-02	
   6.3906381e-02	
   6.6109795e-02	
   6.7398060e-02	
   6.7737487e-02	
   6.7974903e-02	
   6.8162700e-02	
   6.8389496e-02	
   6.7566446e-02	
   6.6568874e-02	
   6.6635721e-02	
   6.6134398e-02	
   6.6528872e-02	
   6.7767046e-02	
   6.8286600e-02	
   6.7877789e-02	
   6.7580488e-02	
   6.6330691e-02	
   6.3614862e-02	
   6.0413758e-02	
   5.6898568e-02	
   5.1430052e-02	
   4.5982399e-02	
   4.0273778e-02	
   3.4035124e-02	
   2.8201534e-02	
   2.2923359e-02	
   1.9684188e-02	
   1.6939083e-02	
   1.3705700e-02	
   1.0804204e-02	
   8.6464264e-03	
   6.8429557e-03	
   5.0105113e-03	
   3.6730019e-03	
   3.1866750e-03	
   2.5558175e-03	
   1.3618345e-03	
   2.0665570e-04	
  -1.0113874e-03	
  -3.3471609e-03	
  -4.7902714e-03	
  -5.7721452e-03	
  -7.1286042e-03	
  -8.7330325e-03	
  -1.0696594e-02	
  -1.2707196e-02	
  -1.5001694e-02	
  -1.7107776e-02	
  -1.8449524e-02	
  -1.8650956e-02	
  -1.9631731e-02	
  -2.0507244e-02	
  -2.1774269e-02	
  -2.4242522e-02	
  -2.6556189e-02	
  -2.8525344e-02	
  -2.9410757e-02	
  -3.0440460e-02	
  -3.1091979e-02	
  -3.1168449e-02	
  -3.1521576e-02	
  -3.3314214e-02	
  -3.5081607e-02	
  -3.5840736e-02	
  -3.5785813e-02	
  -3.6682631e-02	
  -3.7834729e-02	
  -3.7693578e-02	
  -3.7228186e-02	
  -3.8574572e-02	
  -3.9664296e-02	
  -3.9302189e-02	
  -4.0375676e-02	
  -4.1902449e-02	
  -4.4290657e-02	
  -4.7515567e-02	
  -5.0021345e-02	
  -5.1545126e-02	
  -5.2903324e-02	
  -5.4045469e-02	
  -5.4303924e-02	
  -5.3785167e-02	
  -5.3451487e-02	
  -5.3899828e-02	
  -5.5658594e-02	
  -5.6474706e-02	
  -5.6762384e-02	
  -5.7802861e-02	
  -5.7210477e-02	
  -5.6009184e-02	
  -5.6365910e-02	
  -5.6284024e-02	
  -5.4241939e-02	
  -5.0965492e-02	
  -4.8382331e-02	
  -4.6699721e-02	
  -4.5889498e-02	
  -4.4388337e-02	
  -4.3168388e-02	
  -4.3695524e-02	
  -4.5093694e-02	
  -4.6120217e-02	
  -4.7182813e-02	
  -4.6587733e-02	
  -4.6567201e-02	
  -4.7702025e-02	
  -4.7245165e-02	
  -4.6165087e-02	
  -4.5596740e-02	
  -4.4800346e-02	
  -4.3432891e-02	
  -4.1142682e-02	
  -3.9206356e-02	
  -3.8241871e-02	
  -3.7641304e-02	
  -3.7327872e-02	
  -3.7972394e-02	
  -3.7897010e-02	
  -3.7423724e-02	
  -3.7515191e-02	
  -3.7675123e-02	
  -3.7239986e-02	
  -3.7005703e-02	
  -3.6688513e-02	
  -3.6886511e-02	
  -3.7999422e-02	
  -3.8599251e-02	
  -3.9652596e-02	
  -4.1718646e-02	
  -4.3538855e-02	
  -4.5150346e-02	
  -4.6963711e-02	
  -4.8476813e-02	
  -5.0244760e-02	
  -5.1214218e-02	
  -5.1815133e-02	
  -5.2642461e-02	
  -5.2860047e-02	
  -5.1133200e-02	
  -4.8348276e-02	
  -4.5606422e-02	
  -4.2218730e-02	
  -3.8190594e-02	
  -3.2962852e-02	
  -2.7258991e-02	
  -2.3216943e-02	
  -1.9820761e-02	
  -1.7804961e-02	
  -1.7735146e-02	
  -1.8326592e-02	
  -1.9823150e-02	
  -2.1185030e-02	
  -2.3246490e-02	
  -2.4459559e-02	
  -2.4982169e-02	
  -2.6182005e-02	
  -2.7006695e-02	
  -2.7434729e-02	
  -2.8046682e-02	
  -2.8028446e-02	
  -2.7553159e-02	
  -2.7058969e-02	
  -2.6314094e-02	
  -2.6268517e-02	
  -2.5133510e-02	
  -2.3598519e-02	
  -2.1314045e-02	
  -1.8354434e-02	
  -1.5139294e-02	
  -1.1773350e-02	
  -9.2504684e-03	
  -7.6090117e-03	
  -4.9169975e-03	
  -2.4245625e-03	
  -1.5519543e-05	
   2.9371651e-03	
   5.5871088e-03	
   7.4881561e-03	
   8.7080637e-03	
   7.4078807e-03	
   4.9504752e-03	
   2.5224919e-03	
   7.9079057e-04	
  -4.4175070e-04	
  -2.4900313e-03	
  -4.6453579e-03	
  -5.8576758e-03	
  -5.9406628e-03	
  -5.6263208e-03	
  -6.3255906e-03	
  -6.5053341e-03	
  -6.1477528e-03	
  -6.5256832e-03	
  -7.0466532e-03	
  -7.0538984e-03	
  -7.3577897e-03	
  -7.3526744e-03	
  -7.4753118e-03	
  -7.2338130e-03	
  -6.5014342e-03	
  -5.6423700e-03	
  -5.6502430e-03	
  -6.8690219e-03	
  -7.5263291e-03	
  -8.3859768e-03	
  -8.7942804e-03	
  -9.3101351e-03	
  -9.3757726e-03	
  -7.8696206e-03	
  -5.1401325e-03	
  -2.0696085e-03	
   1.4191518e-03	
   4.6322405e-03	
   7.2574307e-03	
   1.0103797e-02	
   1.2496035e-02	
   1.3850014e-02	
   1.4904362e-02	
   1.5783326e-02	
   1.6603827e-02	
   1.6069570e-02	
   1.6136512e-02	
   1.6917100e-02	
   1.7275731e-02	
   1.7690147e-02	
   1.9025577e-02	
   2.0969668e-02	
   2.2269574e-02	
   2.1563898e-02	
   2.0274666e-02	
   2.0479508e-02	
   2.0860677e-02	
   2.0165191e-02	
   1.9518604e-02	
   1.9739146e-02	
   1.9813162e-02	
   1.9820661e-02	
   2.0557907e-02	
   2.1566152e-02	
   2.1910234e-02	
   2.2528808e-02	
   2.3886787e-02	
   2.4253248e-02	
   2.4906549e-02	
   2.5739157e-02	
   2.5114518e-02	
   2.3087974e-02	
   1.9394386e-02	
   1.5699322e-02	
   1.0693726e-02	
   5.3354142e-03	
   1.8835632e-03	
  -1.6817331e-03	
  -5.3148805e-03	
  -9.2170685e-03	
  -1.3510127e-02	
  -1.5464891e-02	
  -1.6019869e-02	
  -1.7436701e-02	
  -1.8881729e-02	
  -2.0105837e-02	
  -2.0432213e-02	
  -2.1079372e-02	
  -2.3614036e-02	
  -2.5971021e-02	
  -2.7687915e-02	
  -3.0021896e-02	
  -3.2949122e-02	
  -3.4992074e-02	
  -3.7606488e-02	
  -4.0687037e-02	
  -4.2625866e-02	
  -4.4143788e-02	
  -4.3908915e-02	
  -4.4618190e-02	
  -4.5203186e-02	
  -4.3648702e-02	
  -4.2721788e-02	
  -4.2369464e-02	
  -4.0802530e-02	
  -4.1181900e-02	
  -4.2084907e-02	
  -4.3032511e-02	
  -4.5551103e-02	
  -4.8419294e-02	
  -5.0962808e-02	
  -5.3024828e-02	
  -5.6280141e-02	
  -5.9520262e-02	
  -6.0731296e-02	
  -6.2160453e-02	
  -6.4213181e-02	
  -6.5756385e-02	
  -6.5988137e-02	
  -6.6298654e-02	
  -6.6513650e-02	
  -6.5553956e-02	
  -6.4941595e-02	
  -6.5056232e-02	
  -6.3689910e-02	
  -6.1803798e-02	
  -6.0932545e-02	
  -5.9679680e-02	
  -5.8443453e-02	
  -5.7154946e-02	
  -5.6336215e-02	
  -5.4777063e-02	
  -5.3434996e-02	
  -5.2714665e-02	
  -5.0921915e-02	
  -4.9018445e-02	
  -4.6546062e-02	
  -4.3616989e-02	
  -4.2110766e-02	
  -4.0207125e-02	
  -3.8801049e-02	
  -3.7856176e-02	
  -3.6641879e-02	
  -3.5749174e-02	
  -3.6348372e-02	
  -3.7044118e-02	
  -3.6411673e-02	
  -3.5590458e-02	
  -3.6174062e-02	
  -3.7553276e-02	
  -3.7716134e-02	
  -3.7570999e-02	
  -3.7308473e-02	
  -3.7272265e-02	
  -3.6164947e-02	
  -3.4004101e-02	
  -3.1947344e-02	
  -3.1160236e-02	
  -2.9485663e-02	
  -2.7563773e-02	
  -2.7518585e-02	
  -2.7880651e-02	
  -2.7672800e-02	
  -2.5826217e-02	
  -2.3635306e-02	
  -2.2831248e-02	
  -2.1702961e-02	
  -2.0529375e-02	
  -2.0130192e-02	
  -2.0538785e-02	
  -2.1999312e-02	
  -2.4053934e-02	
  -2.6007076e-02	
  -2.8045621e-02	
  -3.0207888e-02	
  -3.3214115e-02	
  -3.7104274e-02	
  -3.9066573e-02	
  -3.8406003e-02	
  -3.8029164e-02	
  -3.7866955e-02	
  -3.7390052e-02	
  -3.7173741e-02	
  -3.7760519e-02	
  -3.8183473e-02	
  -3.8102265e-02	
  -3.8720898e-02	
  -4.0090996e-02	
  -4.0132018e-02	
  -3.9588027e-02	
  -3.8453539e-02	
  -3.6497052e-02	
  -3.4757761e-02	
  -3.3714352e-02	
  -3.3636531e-02	
  -3.2863201e-02	
  -3.2132627e-02	
  -3.1468287e-02	
  -3.0133554e-02	
  -2.9387469e-02	
  -2.8064501e-02	
  -2.6432561e-02	
  -2.5391317e-02	
  -2.3929692e-02	
  -2.2175008e-02	
  -2.0296531e-02	
  -1.9352891e-02	
  -1.9157566e-02	
  -1.9364030e-02	
  -1.9893602e-02	
  -2.1176799e-02	
  -2.2715867e-02	
  -2.4166801e-02	
  -2.5079578e-02	
  -2.5726165e-02	
  -2.7280792e-02	
  -2.8452131e-02	
  -2.8774394e-02	
  -2.9669601e-02	
  -3.1166956e-02	
  -3.1376713e-02	
  -3.1393251e-02	
  -3.2359925e-02	
  -3.2723913e-02	
  -3.1811118e-02	
  -3.0101552e-02	
  -2.7506307e-02	
  -2.4742972e-02	
  -2.1680494e-02	
  -1.8643516e-02	
  -1.5973218e-02	
  -1.3535609e-02	
  -1.0525352e-02	
  -7.9734901e-03	
  -5.9671656e-03	
  -4.0863406e-03	
  -3.6470354e-03	
  -3.3886709e-03	
  -2.3714507e-03	
  -3.1764296e-03	
  -5.3249087e-03	
  -7.3516773e-03	
  -9.1795091e-03	
  -1.0609746e-02	
  -1.2516891e-02	
  -1.3702337e-02	
  -1.3662064e-02	
  -1.3691634e-02	
  -1.4887446e-02	
  -1.5557049e-02	
  -1.4030401e-02	
  -1.2316592e-02	
  -1.0244164e-02	
  -8.6417359e-03	
  -6.7249911e-03	
  -3.7021084e-03	
  -1.1057674e-03	
   1.5563026e-03	
   5.3205999e-03	
   8.6236111e-03	
   1.0892598e-02	
   1.2831934e-02	
   1.4566203e-02	
   1.6075453e-02	
   1.6226552e-02	
   1.6251473e-02	
   1.7647879e-02	
   1.8991186e-02	
   1.8876383e-02	
   1.7813675e-02	
   1.6420851e-02	
   1.5675905e-02	
   1.4470316e-02	
   1.3310394e-02	
   1.3033495e-02	
   1.2811750e-02	
   1.2020589e-02	
   1.2245426e-02	
   1.3129140e-02	
   1.4403682e-02	
   1.6859799e-02	
   1.9072977e-02	
   2.2881191e-02	
   2.6998719e-02	
   3.0352774e-02	
   3.2999137e-02	
   3.4355576e-02	
   3.4735200e-02	
   3.4497695e-02	
   3.4192176e-02	
   3.3187500e-02	
   3.2744540e-02	
   3.1655406e-02	
   3.0671180e-02	
   2.9832860e-02	
   2.9624343e-02	
   2.8927594e-02	
   2.8897622e-02	
   2.9303117e-02	
   2.8666961e-02	
   2.8686756e-02	
   2.9197832e-02	
   2.9929904e-02	
   3.0505979e-02	
   3.0767768e-02	
   3.1129881e-02	
   3.1188491e-02	
   3.1131739e-02	
   3.0054612e-02	
   2.8599306e-02	
   2.7719398e-02	
   2.7268679e-02	
   2.5616998e-02	
   2.5317602e-02	
   2.5696229e-02	
   2.5486431e-02	
   2.4192378e-02	
   2.2248280e-02	
   2.0303098e-02	
   1.8183924e-02	
   1.5278062e-02	
   1.2888880e-02	
   1.1182217e-02	
   9.7053407e-03	
   8.3608723e-03	
   6.6777439e-03	
   4.8788422e-03	
   4.1680438e-03	
   3.3922805e-03	
   1.8844045e-03	
   1.1243978e-03	
   2.8735106e-03	
   3.8248113e-03	
   3.4703470e-03	
   2.6334219e-03	
   2.0594634e-03	
   1.5143459e-03	
   1.0505859e-03	
   6.8274328e-04	
   8.1879256e-04	
   1.7133612e-03	
   2.1519731e-03	
   2.6470285e-03	
   3.7557654e-03	
   4.9145372e-03	
   6.6310218e-03	
   8.0601965e-03	
   9.6930392e-03	
   1.1095894e-02	
   1.1991791e-02	
   1.3230166e-02	
   1.4467555e-02	
   1.5809139e-02	
   1.7274250e-02	
   1.9172764e-02	
   2.1091001e-02	
   2.2141561e-02	
   2.2911240e-02	
   2.3097208e-02	
   2.3441266e-02	
   2.4079404e-02	
   2.4115400e-02	
   2.4183899e-02	
   2.5180681e-02	
   2.6253254e-02	
   2.6720469e-02	
   2.6926231e-02	
   2.7067560e-02	
   2.7729652e-02	
   2.8381921e-02	
   2.8538300e-02	
   2.8744605e-02	
   2.8829052e-02	
   2.9179164e-02	
   3.0209593e-02	
   3.1793997e-02	
   3.3301866e-02	
   3.4424535e-02	
   3.6577168e-02	
   3.8935150e-02	
   4.1132175e-02	
   4.2691863e-02	
   4.3325500e-02	
   4.5074537e-02	
   4.7307079e-02	
   4.8536509e-02	
   4.9810774e-02	
   5.0228865e-02	
   4.9995556e-02	
   4.8852926e-02	
   4.8169240e-02	
   4.9079168e-02	
   4.8718636e-02	
   4.7532565e-02	
   4.7190477e-02	
   4.7478675e-02	
   4.7581565e-02	
   4.7528058e-02	
   4.7166034e-02	
   4.6411176e-02	
   4.6226217e-02	
   4.6984119e-02	
   4.7720746e-02	
   4.8839055e-02	
   4.9760500e-02	
   5.0786640e-02	
   5.2127462e-02	
   5.3785220e-02	
   5.5747118e-02	
   5.6109183e-02	
   5.4907129e-02	
   5.3495630e-02	
   5.1200961e-02	
   4.8679449e-02	
   4.6274125e-02	
   4.4171984e-02	
   4.3712321e-02	
   4.3723932e-02	
   4.3924408e-02	
   4.3387933e-02	
   4.3167775e-02	
   4.5442001e-02	
   4.7746670e-02	
   4.8815874e-02	
   4.8360034e-02	
   4.7842174e-02	
   4.7584226e-02	
   4.6409111e-02	
   4.3559594e-02	
   4.0734615e-02	
   3.9989716e-02	
   4.0284303e-02	
   3.9589047e-02	
   3.8635601e-02	
   3.9133349e-02	
   4.0785467e-02	
   4.3182779e-02	
   4.5289887e-02	
   4.7385172e-02	
   5.0132147e-02	
   5.2464747e-02	
   5.5011158e-02	
   5.6042979e-02	
   5.5721500e-02	
   5.6287687e-02	
   5.6708835e-02	
   5.7150834e-02	
   5.7656647e-02	
   5.8754436e-02	
   6.0001997e-02	
   6.0638017e-02	
   6.1502131e-02	
   6.1972007e-02	
   6.1508503e-02	
   6.0663741e-02	
   5.9909131e-02	
   5.8861728e-02	
   5.9109858e-02	
   5.9479316e-02	
   5.9103486e-02	
   6.0196284e-02	
   6.0920155e-02	
   6.1744562e-02	
   6.2781900e-02	
   6.2064283e-02	
   6.1262296e-02	
   6.1100872e-02	
   6.0556302e-02	
   6.0204072e-02	
   5.9650947e-02	
   5.8033674e-02	
   5.6965208e-02	
   5.6804864e-02	
   5.5810230e-02	
   5.4508289e-02	
   5.3803487e-02	
   5.3190766e-02	
   5.2682563e-02	
   5.1008922e-02	
   4.9093068e-02	
   4.7775403e-02	
   4.7781280e-02	
   4.6708937e-02	
   4.4527418e-02	
   4.3402017e-02	
   4.1782313e-02	
   3.9379456e-02	
   3.6563993e-02	
   3.2880098e-02	
   2.9861487e-02	
   2.7729398e-02	
   2.5234843e-02	
   2.1836933e-02	
   1.8933885e-02	
   1.7920583e-02	
   1.6027297e-02	
   1.3288853e-02	
   1.2379463e-02	
   1.1193822e-02	
   9.4119691e-03	
   8.6697255e-03	
   8.5138534e-03	
   8.4395429e-03	
   9.5888688e-03	
   1.1667079e-02	
   1.3855944e-02	
   1.5343351e-02	
   1.6722341e-02	
   1.7449091e-02	
   1.8238086e-02	
   1.9160173e-02	
   2.0222864e-02	
   1.9932601e-02	
   1.7992068e-02	
   1.6580274e-02	
   1.5049449e-02	
   1.4182898e-02	
   1.3508345e-02	
   1.3147731e-02	
   1.2801979e-02	
   1.2746443e-02	
   1.2781984e-02	
   1.4000594e-02	
   1.5362278e-02	
   1.6424101e-02	
   1.8158784e-02	
   1.9240177e-02	
   1.9666264e-02	
   1.9616621e-02	
   1.9258379e-02	
   1.7813652e-02	
   1.6068674e-02	
   1.4145103e-02	
   1.2237874e-02	
   9.5681126e-03	
   6.7758432e-03	
   5.4572268e-03	
   4.1376387e-03	
   3.6421833e-03	
   3.3660456e-03	
   2.7906504e-03	
   3.8751589e-03	
   4.4930123e-03	
   3.9682798e-03	
   3.9622931e-03	
   2.7469586e-03	
   1.3659149e-03	
  -1.9949434e-05	
  -1.7433013e-03	
  -3.6542895e-03	
  -6.0741090e-03	
  -8.7175273e-03	
  -1.1021076e-02	
  -1.2786970e-02	
  -1.4621156e-02	
  -1.5531455e-02	
  -1.6191240e-02	
  -1.7735819e-02	
  -1.9251606e-02	
  -1.9662889e-02	
  -2.0352534e-02	
  -2.1356413e-02	
  -2.2998424e-02	
  -2.4840422e-02	
  -2.6676897e-02	
  -2.8788743e-02	
  -3.0968528e-02	
  -3.3119178e-02	
  -3.5362983e-02	
  -3.7279303e-02	
  -3.8779697e-02	
  -4.0780534e-02	
  -4.2377558e-02	
  -4.4108459e-02	
  -4.5454279e-02	
  -4.7226863e-02	
  -4.9503012e-02	
  -5.1780967e-02	
  -5.4466133e-02	
  -5.5931316e-02	
  -5.7700000e-02	
  -5.9949074e-02	
  -6.1044173e-02	
  -6.1750167e-02	
  -6.2550738e-02	
  -6.3430428e-02	
  -6.3275317e-02	
  -6.3627429e-02	
  -6.3716283e-02	
  -6.2716233e-02	
  -6.1230023e-02	
  -5.8930185e-02	
  -5.6362564e-02	
  -5.4964648e-02	
  -5.3684784e-02	
  -5.2586381e-02	
  -5.2597662e-02	
  -5.3268563e-02	
  -5.3593983e-02	
  -5.4195282e-02	
  -5.5597382e-02	
  -5.6343914e-02	
  -5.7153518e-02	
  -5.8050678e-02	
  -5.8670131e-02	
  -5.8240735e-02	
  -5.7528841e-02	
  -5.7204070e-02	
  -5.6260955e-02	
  -5.6200344e-02	
  -5.5232543e-02	
  -5.4068414e-02	
  -5.3162475e-02	
  -5.1590715e-02	
  -5.0401499e-02	
  -4.9679794e-02	
  -4.8939190e-02	
  -4.8698222e-02	
  -4.9297704e-02	
  -4.9266168e-02	
  -4.8713899e-02	
  -4.9307049e-02	
  -5.0390059e-02	
  -5.0748927e-02	
  -5.1261731e-02	
  -5.2733492e-02	
  -5.4615150e-02	
  -5.7023465e-02	
  -5.8876956e-02	
  -6.0750294e-02	
  -6.2379225e-02	
  -6.3606543e-02	
  -6.5028325e-02	
  -6.7132383e-02	
  -6.8501183e-02	
  -6.9967687e-02	
  -7.1435371e-02	
  -7.1854743e-02	
  -7.3034448e-02	
  -7.4534110e-02	
  -7.5234381e-02	
  -7.5725143e-02	
  -7.6583593e-02	
  -7.7141910e-02	
  -7.8104200e-02	
  -7.9943171e-02	
  -8.2214317e-02	
  -8.3298147e-02	
  -8.2710566e-02	
  -8.3139850e-02	
  -8.3341925e-02	
  -8.2428841e-02	
  -8.2174433e-02	
  -8.1221642e-02	
  -7.9841337e-02	
  -7.8119953e-02	
  -7.6894110e-02	
  -7.5681542e-02	
  -7.2678855e-02	
  -6.9612212e-02	
  -6.6866470e-02	
  -6.4560042e-02	
  -6.1810406e-02	
  -5.9623925e-02	
  -5.7680382e-02	
  -5.6192314e-02	
  -5.5042522e-02	
  -5.3736716e-02	
  -5.2798227e-02	
  -5.3146781e-02	
  -5.5231174e-02	
  -5.7098129e-02	
  -5.8506152e-02	
  -5.9597198e-02	
  -6.1121640e-02	
  -6.1942153e-02	
  -6.1925456e-02	
  -6.2444774e-02	
  -6.2755704e-02	
  -6.1129723e-02	
  -5.8856394e-02	
  -5.5970297e-02	
  -5.3125571e-02	
  -5.0993488e-02	
  -4.9855767e-02	
  -4.8012996e-02	
  -4.6028124e-02	
  -4.4715864e-02	
  -4.3589088e-02	
  -4.0850107e-02	
  -3.7103253e-02	
  -3.4535379e-02	
  -3.1632272e-02	
  -2.9358530e-02	
  -2.7415843e-02	
  -2.5985925e-02	
  -2.5108837e-02	
  -2.4163680e-02	
  -2.4237153e-02	
  -2.4989468e-02	
  -2.5409447e-02	
  -2.6913835e-02	
  -2.8856021e-02	
  -3.0107122e-02	
  -3.1274791e-02	
  -3.2407963e-02	
  -3.1245556e-02	
  -2.9714093e-02	
  -2.8971525e-02	
  -2.8648187e-02	
  -2.7470028e-02	
  -2.6261738e-02	
  -2.5571556e-02	
  -2.4846806e-02	
  -2.3755353e-02	
  -2.2706398e-02	
  -2.2334320e-02	
  -2.2306248e-02	
  -2.1944141e-02	
  -2.1374809e-02	
  -2.0303711e-02	
  -1.8242529e-02	
  -1.6766602e-02	
  -1.5190411e-02	
  -1.3335280e-02	
  -1.1442301e-02	
  -9.8663517e-03	
  -8.8853941e-03	
  -7.1907312e-03	
  -5.5621200e-03	
  -4.4776622e-03	
  -2.3146320e-03	
   8.0699551e-05	
   1.7823180e-03	
   2.1154444e-03	
   1.8480057e-03	
   2.8735148e-03	
   5.0534102e-03	
   6.7602377e-03	
   7.6622238e-03	
   8.9632033e-03	
   1.0048143e-02	
   1.0134442e-02	
   9.7070163e-03	
   9.2809537e-03	
   9.8939578e-03	
   1.1747343e-02	
   1.2552103e-02	
   1.3183916e-02	
   1.5240833e-02	
   1.7075119e-02	
   1.9014066e-02	
   2.1301850e-02	
   2.3678476e-02	
   2.6035396e-02	
   2.8703518e-02	
   3.1063624e-02	
   3.3028938e-02	
   3.4627017e-02	
   3.6459551e-02	
   3.7525646e-02	
   3.7814062e-02	
   4.0047589e-02	
   4.2650191e-02	
   4.4923804e-02	
   4.6856703e-02	
   4.8975682e-02	
   5.1108473e-02	
   5.2590594e-02	
   5.3635696e-02	
   5.4796828e-02	
   5.6048425e-02	
   5.7080624e-02	
   5.8129809e-02	
   5.8500813e-02	
   5.8984867e-02	
   5.9042244e-02	
   5.8362363e-02	
   5.7667562e-02	
   5.6726854e-02	
   5.5682589e-02	
   5.5649390e-02	
   5.5141146e-02	
   5.4390519e-02	
   5.4740383e-02	
   5.6118877e-02	
   5.7723364e-02	
   5.8944251e-02	
   5.9430582e-02	
   6.1346548e-02	
   6.5312056e-02	
   6.9093543e-02	
   7.1591072e-02	
   7.2830544e-02	
   7.6027931e-02	
   7.9370222e-02	
   8.1664024e-02	
   8.2926211e-02	
   8.3400099e-02	
   8.3664006e-02	
   8.5328278e-02	
   8.7795717e-02	
   9.0078958e-02	
   9.2919631e-02	
   9.5789214e-02	
   9.6770266e-02	
   9.5958544e-02	
   9.5228537e-02	
   9.4581897e-02	
   9.3386144e-02	
   9.0198905e-02	
   8.6662091e-02	
   8.3734747e-02	
   8.0384078e-02	
   7.5490441e-02	
   7.1610129e-02	
   6.8676295e-02	
   6.5681396e-02	
   6.3289713e-02	
   6.0882218e-02	
   5.8680067e-02	
   5.7663208e-02	
   5.7927197e-02	
   5.8361449e-02	
   5.8682309e-02	
   5.9418192e-02	
   6.0893841e-02	
   6.2260517e-02	
   6.2254322e-02	
   6.1712171e-02	
   6.1787337e-02	
   6.1675945e-02	
   6.1546971e-02	
   6.1209432e-02	
   6.0494116e-02	
   5.9828183e-02	
   5.8980282e-02	
   5.7313786e-02	
   5.5421237e-02	
   5.3705871e-02	
   5.1771397e-02	
   4.9081894e-02	
   4.5967944e-02	
   4.2636397e-02	
   3.9807961e-02	
   3.7263993e-02	
   3.5157298e-02	
   3.2411184e-02	
   2.9743629e-02	
   2.7275328e-02	
   2.4708150e-02	
   2.3986421e-02	
   2.1892623e-02	
   1.9310558e-02	
   1.7405956e-02	
   1.5709948e-02	
   1.3388363e-02	
   1.1557233e-02	
   1.0414391e-02	
   8.5665876e-03	
   6.9394207e-03	
   7.6043743e-03	
   8.8277511e-03	
   8.4045854e-03	
   8.3379095e-03	
   9.1653314e-03	
   9.9197467e-03	
   1.1124704e-02	
   1.0987251e-02	
   9.6018311e-03	
   9.6343460e-03	
   9.2716258e-03	
   7.2928012e-03	
   5.8147362e-03	
   4.8908256e-03	
   3.3266890e-03	
   2.5913650e-03	
   2.6875721e-03	
   2.3866155e-03	
   2.3164468e-03	
   1.9512946e-03	
   1.7257972e-03	
   1.0698718e-03	
   7.3767582e-05	
  -4.7501130e-04	
  -2.4076136e-04	
   1.3525225e-03	
   3.2985726e-03	
   4.9662229e-03	
   6.5804175e-03	
   8.5642394e-03	
   1.0104700e-02	
   1.1169898e-02	
   1.2258583e-02	
   1.3250975e-02	
   1.4153952e-02	
   1.5040156e-02	
   1.4783424e-02	
   1.3677793e-02	
   1.3024327e-02	
   1.2847327e-02	
   1.2356116e-02	
   1.1824627e-02	
   1.0796717e-02	
   9.3880033e-03	
   8.2936772e-03	
   7.1320616e-03	
   5.5141530e-03	
   3.8324170e-03	
   2.2511332e-03	
   1.7801256e-03	
   1.7939499e-03	
   1.0506496e-03	
   2.1422953e-05	
   7.3002824e-05	
   5.6080592e-04	
   1.4042277e-04	
  -6.4575559e-05	
   2.1512533e-05	
  -5.0881930e-05	
  -2.5840714e-04	
  -8.2970756e-04	
  -2.8187781e-03	
  -5.4301848e-03	
  -7.5467667e-03	
  -8.9676401e-03	
  -1.0573030e-02	
  -1.2442085e-02	
  -1.3387318e-02	
  -1.4499622e-02	
  -1.5714638e-02	
  -1.5451864e-02	
  -1.5746510e-02	
  -1.7650682e-02	
  -1.8667039e-02	
  -1.9592649e-02	
  -2.0687253e-02	
  -2.2563913e-02	
  -2.4931884e-02	
  -2.7691361e-02	
  -3.0245176e-02	
  -3.2092908e-02	
  -3.3423689e-02	
  -3.4587440e-02	
  -3.6521448e-02	
  -3.7836263e-02	
  -3.7144842e-02	
  -3.6730013e-02	
  -3.6235110e-02	
  -3.6699676e-02	
  -3.6962503e-02	
  -3.5820635e-02	
  -3.4494073e-02	
  -3.2344142e-02	
  -2.9692092e-02	
  -2.7587090e-02	
  -2.5234070e-02	
  -2.3503128e-02	
  -2.2912567e-02	
  -2.2065941e-02	
  -2.0871816e-02	
  -1.8984117e-02	
  -1.6798321e-02	
  -1.4830081e-02	
  -1.2117326e-02	
  -1.0363698e-02	
  -8.9661002e-03	
  -7.2639502e-03	
  -6.4192413e-03	
  -6.9806912e-03	
  -8.0404905e-03	
  -8.5754199e-03	
  -9.8081895e-03	
  -1.1050199e-02	
  -1.2395269e-02	
  -1.3112414e-02	
  -1.3985242e-02	
  -1.5085338e-02	
  -1.6338640e-02	
  -1.7497701e-02	
  -1.7326017e-02	
  -1.7422352e-02	
  -1.8443978e-02	
  -1.9452831e-02	
  -2.0861627e-02	
  -2.1237605e-02	
  -2.1686087e-02	
  -2.1801580e-02	
  -2.2241189e-02	
  -2.2305522e-02	
  -2.1733152e-02	
  -2.1013629e-02	
  -2.0480163e-02	
  -2.0951466e-02	
  -2.0384559e-02	
  -1.9267394e-02	
  -1.8566740e-02	
  -1.8884006e-02	
  -1.9252443e-02	
  -2.0016198e-02	
  -2.1105380e-02	
  -2.2011950e-02	
  -2.2289940e-02	
  -2.3949020e-02	
  -2.5527660e-02	
  -2.6521184e-02	
  -2.7067129e-02	
  -2.5798488e-02	
  -2.4728605e-02	
  -2.3881383e-02	
  -2.1796972e-02	
  -1.8156495e-02	
  -1.5456619e-02	
  -1.3955949e-02	
  -1.2762774e-02	
  -1.1718061e-02	
  -1.0187082e-02	
  -9.3694596e-03	
  -9.2883464e-03	
  -9.0604058e-03	
  -9.0589190e-03	
  -8.8011480e-03	
  -8.5655669e-03	
  -9.8478139e-03	
  -1.0971115e-02	
  -1.1675498e-02	
  -1.2954960e-02	
  -1.5051992e-02	
  -1.5852492e-02	
  -1.7095061e-02	
  -1.8380022e-02	
  -1.9892021e-02	
  -2.2251472e-02	
  -2.4146187e-02	
  -2.5230424e-02	
  -2.5908434e-02	
  -2.6267591e-02	
  -2.6408530e-02	
  -2.5692288e-02	
  -2.3709534e-02	
  -2.2043061e-02	
  -2.0027579e-02	
  -1.8240281e-02	
  -1.6223200e-02	
  -1.4477048e-02	
  -1.3595040e-02	
  -1.3011648e-02	
  -1.3327498e-02	
  -1.4754779e-02	
  -1.6572534e-02	
  -1.8356428e-02	
  -2.0513262e-02	
  -2.3856213e-02	
  -2.7943515e-02	
  -3.1449885e-02	
  -3.4556583e-02	
  -3.6314170e-02	
  -3.6370438e-02	
  -3.6878162e-02	
  -3.8307526e-02	
  -3.8749920e-02	
  -3.8702372e-02	
  -3.8673232e-02	
  -3.9591631e-02	
  -3.9877799e-02	
  -3.8297278e-02	
  -3.6283419e-02	
  -3.4627129e-02	
  -3.3802988e-02	
  -3.3581726e-02	
  -3.3328976e-02	
  -3.2968457e-02	
  -3.3695702e-02	
  -3.4652594e-02	
  -3.5647647e-02	
  -3.6660913e-02	
  -3.7934675e-02	
  -3.9900302e-02	
  -4.1323081e-02	
  -4.2767106e-02	
  -4.4686335e-02	
  -4.4867889e-02	
  -4.4663177e-02	
  -4.4060876e-02	
  -4.2862102e-02	
  -4.2182734e-02	
  -3.9685229e-02	
  -3.6933103e-02	
  -3.4976032e-02	
  -3.2278168e-02	
  -3.0930024e-02	
  -3.0875255e-02	
  -3.0750198e-02	
  -3.0522081e-02	
  -2.9473320e-02	
  -2.8692449e-02	
  -2.8476568e-02	
  -2.6920555e-02	
  -2.5452742e-02	
  -2.3763395e-02	
  -2.1641967e-02	
  -2.0175139e-02	
  -1.9405985e-02	
  -1.9134508e-02	
  -1.9739589e-02	
  -2.1388857e-02	
  -2.3206907e-02	
  -2.3954915e-02	
  -2.4712646e-02	
  -2.5372171e-02	
  -2.5313696e-02	
  -2.4755940e-02	
  -2.5465155e-02	
  -2.5118023e-02	
  -2.2462268e-02	
  -1.9782057e-02	
  -1.7202795e-02	
  -1.4529942e-02	
  -1.2831355e-02	
  -1.2419376e-02	
  -1.3100525e-02	
  -1.3930466e-02	
  -1.5288056e-02	
  -1.6304361e-02	
  -1.7643667e-02	
  -1.9436099e-02	
  -2.0494523e-02	
  -2.0970370e-02	
  -2.1815439e-02	
  -2.3329632e-02	
  -2.4486227e-02	
  -2.3347150e-02	
  -2.2526259e-02	
  -2.2779729e-02	
  -2.3328028e-02	
  -2.3506633e-02	
  -2.3600684e-02	
  -2.4416938e-02	
  -2.5946023e-02	
  -2.6202207e-02	
  -2.6509556e-02	
  -2.6709831e-02	
  -2.6238380e-02	
  -2.5273865e-02	
  -2.4084195e-02	
  -2.2338191e-02	
  -2.0160902e-02	
  -1.8076898e-02	
  -1.5707080e-02	
  -1.2745864e-02	
  -1.0406591e-02	
  -8.1827926e-03	
  -5.9612597e-03	
  -4.5073074e-03	
  -2.5641648e-03	
  -8.6228677e-04	
   6.0642265e-04	
   3.0119996e-03	
   4.8023605e-03	
   6.4204803e-03	
   8.3427888e-03	
   1.0046207e-02	
   1.0681826e-02	
   1.1841672e-02	
   1.4681902e-02	
   1.7012573e-02	
   1.9410734e-02	
   2.0799288e-02	
   2.2551411e-02	
   2.4161267e-02	
   2.4828256e-02	
   2.4875462e-02	
   2.4806385e-02	
   2.4860865e-02	
   2.5256372e-02	
   2.5424380e-02	
   2.5037641e-02	
   2.5038202e-02	
   2.4901310e-02	
   2.5290161e-02	
   2.5782640e-02	
   2.4890301e-02	
   2.4262753e-02	
   2.4546165e-02	
   2.4873621e-02	
   2.5897389e-02	
   2.6205133e-02	
   2.7255221e-02	
   2.8428430e-02	
   2.8855496e-02	
   2.9141681e-02	
   2.9178981e-02	
   2.8772878e-02	
   2.8133466e-02	
   2.7705456e-02	
   2.6978370e-02	
   2.5987518e-02	
   2.5465397e-02	
   2.5718106e-02	
   2.6476687e-02	
   2.6374263e-02	
   2.5990055e-02	
   2.5015428e-02	
   2.2852812e-02	
   2.1270385e-02	
   1.9171230e-02	
   1.6232092e-02	
   1.4798557e-02	
   1.3146516e-02	
   1.1422146e-02	
   1.0135486e-02	
   9.4064821e-03	
   8.4207219e-03	
   7.5217094e-03	
   8.4300321e-03	
   8.5780218e-03	
   8.5551947e-03	
   1.0148153e-02	
   1.1338602e-02	
   1.2519883e-02	
   1.4108534e-02	
   1.5730202e-02	
   1.7106861e-02	
   1.8453165e-02	
   1.9750840e-02	
   2.2091960e-02	
   2.3834366e-02	
   2.5616042e-02	
   2.8379413e-02	
   3.1012719e-02	
   3.3042342e-02	
   3.5091418e-02	
   3.7594676e-02	
   3.9474570e-02	
   4.1180720e-02	
   4.2695444e-02	
   4.4881489e-02	
   4.6502142e-02	
   4.7141631e-02	
   4.7549239e-02	
   4.8328794e-02	
   4.8742655e-02	
   4.8901590e-02	
   5.0587461e-02	
   5.1536583e-02	
   5.0756078e-02	
   4.9764111e-02	
   4.9225541e-02	
   4.8372283e-02	
   4.7007973e-02	
   4.5601631e-02	
   4.5078266e-02	
   4.4999170e-02	
   4.5703778e-02	
   4.6117686e-02	
   4.7188831e-02	
   4.7793817e-02	
   4.8118571e-02	
   4.7158434e-02	
   4.5446726e-02	
   4.4652061e-02	
   4.3791635e-02	
   4.2367947e-02	
   4.1496570e-02	
   4.0932241e-02	
   4.1649516e-02	
   4.2415224e-02	
   4.3467554e-02	
   4.5382245e-02	
   4.6460099e-02	
   4.7506847e-02	
   4.8293872e-02	
   4.9695157e-02	
   4.9918337e-02	
   4.9642169e-02	
   4.8517234e-02	
   4.6232713e-02	
   4.3872831e-02	
   4.0600443e-02	
   3.6885720e-02	
   3.4157613e-02	
   3.0827789e-02	
   2.6871792e-02	
   2.4326237e-02	
   2.1678771e-02	
   1.7945611e-02	
   1.4081017e-02	
   1.1888400e-02	
   1.1171744e-02	
   9.9928418e-03	
   8.0085656e-03	
   6.8756122e-03	
   5.9475422e-03	
   4.1711201e-03	
   2.7217479e-03	
   1.1317492e-03	
  -2.9252814e-04	
  -1.6208049e-03	
  -3.0451517e-03	
  -3.3358199e-03	
  -4.0388656e-03	
  -5.5402221e-03	
  -6.8172612e-03	
  -7.9177823e-03	
  -7.8125912e-03	
  -9.0031286e-03	
  -1.0973888e-02	
  -1.2413399e-02	
  -1.5165513e-02	
  -1.7804489e-02	
  -1.8531664e-02	
  -1.9796907e-02	
  -2.1895826e-02	
  -2.3126401e-02	
  -2.3312818e-02	
  -2.3184516e-02	
  -2.3291513e-02	
  -2.2378399e-02	
  -2.0525504e-02	
  -1.8377633e-02	
  -1.5813776e-02	
  -1.2664002e-02	
  -9.2748649e-03	
  -6.2367248e-03	
  -4.2415218e-03	
  -2.5384597e-03	
  -1.1147814e-03	
  -3.5385793e-04	
   8.2488195e-05	
  -1.8380937e-04	
  -1.2801342e-03	
  -1.4595573e-03	
  -1.9146155e-03	
  -3.8728727e-03	
  -5.3905096e-03	
  -5.8282649e-03	
  -6.1030780e-03	
  -6.0764985e-03	
  -5.8478074e-03	
  -6.0438007e-03	
  -6.2120097e-03	
  -6.0126546e-03	
  -5.5102926e-03	
  -5.7172209e-03	
  -6.1172262e-03	
  -6.1395636e-03	
  -6.1168368e-03	
  -6.1753825e-03	
  -5.9926300e-03	
  -5.9101067e-03	
  -7.1895807e-03	
  -8.1178100e-03	
  -7.8015759e-03	
  -7.7982306e-03	
  -6.7779082e-03	
  -4.8888055e-03	
  -3.3973297e-03	
  -1.1880594e-03	
   1.0633281e-03	
   3.2949518e-03	
   6.1144296e-03	
   8.5702397e-03	
   1.0142501e-02	
   1.1907168e-02	
   1.3564973e-02	
   1.4545081e-02	
   1.5710443e-02	
   1.7039985e-02	
   1.8599726e-02	
   1.9954715e-02	
   2.1044020e-02	
   2.1824236e-02	
   2.3214866e-02	
   2.4252575e-02	
   2.4767167e-02	
   2.4534802e-02	
   2.3710495e-02	
   2.2757244e-02	
   2.1875111e-02	
   2.0626235e-02	
   1.8965108e-02	
   1.7031731e-02	
   1.5747932e-02	
   1.4901199e-02	
   1.3792755e-02	
   1.2538940e-02	
   1.2774255e-02	
   1.2581768e-02	
   1.2033380e-02	
   1.2464216e-02	
   1.2643175e-02	
   1.2615480e-02	
   1.2965781e-02	
   1.3266091e-02	
   1.3403189e-02	
   1.3951358e-02	
   1.4878437e-02	
   1.6025002e-02	
   1.7149790e-02	
   1.8510884e-02	
   1.8863226e-02	
   1.8973562e-02	
   1.9600018e-02	
   1.9962042e-02	
   1.8554662e-02	
   1.6350800e-02	
   1.4351083e-02	
   1.2567844e-02	
   9.7313656e-03	
   7.9699678e-03	
   7.1568180e-03	
   6.4768548e-03	
   4.6459308e-03	
   3.4088819e-03	
   2.1919562e-03	
   1.1200236e-03	
   1.0570393e-03	
   1.4031286e-03	
   2.1915686e-03	
   4.3400748e-03	
   7.4940325e-03	
   1.0509340e-02	
   1.3236597e-02	
   1.5624669e-02	
   1.7431119e-02	
   1.8225354e-02	
   1.9266126e-02	
   1.9933976e-02	
   2.0041893e-02	
   1.9555509e-02	
   1.9019388e-02	
   1.7979406e-02	
   1.6647747e-02	
   1.5424193e-02	
   1.3639402e-02	
   1.2307359e-02	
   1.3047555e-02	
   1.4075589e-02	
   1.4146961e-02	
   1.5058080e-02	
   1.5002260e-02	
   1.5093722e-02	
   1.5028150e-02	
   1.3755225e-02	
   1.2612235e-02	
   1.1831423e-02	
   1.0814824e-02	
   1.0082186e-02	
   1.0171069e-02	
   1.0178951e-02	
   1.0069040e-02	
   1.1646299e-02	
   1.2572458e-02	
   1.3229275e-02	
   1.4747327e-02	
   1.5470302e-02	
   1.6313252e-02	
   1.6342268e-02	
   1.6108988e-02	
   1.6321813e-02	
   1.6760797e-02	
   1.6720647e-02	
   1.6798456e-02	
   1.6662632e-02	
   1.6086374e-02	
   1.4930357e-02	
   1.3449469e-02	
   1.1745767e-02	
   1.1055727e-02	
   9.6804899e-03	
   6.9193725e-03	
   4.2958602e-03	
   1.7569038e-03	
  -1.3724810e-03	
  -5.1124928e-03	
  -9.3476060e-03	
  -1.2905619e-02	
  -1.5596255e-02	
  -1.8258883e-02	
  -2.0636188e-02	
  -2.2557399e-02	
  -2.3959056e-02	
  -2.5296179e-02	
  -2.6638429e-02	
  -2.8466161e-02	
  -2.8747467e-02	
  -2.8157355e-02	
  -2.7714707e-02	
  -2.8451794e-02	
  -2.8756429e-02	
  -2.8992311e-02	
  -2.8459653e-02	
  -2.8193829e-02	
  -2.9135834e-02	
  -2.9041204e-02	
  -2.7923614e-02	
  -2.8355412e-02	
  -2.9518520e-02	
  -3.0297651e-02	
  -3.1265723e-02	
  -3.2917628e-02	
  -3.4708514e-02	
  -3.5516401e-02	
  -3.6598644e-02	
  -3.7477325e-02	
  -3.8245900e-02	
  -3.9126711e-02	
  -3.9749987e-02	
  -4.0615801e-02	
  -4.1054324e-02	
  -4.1454427e-02	
  -4.2828655e-02	
  -4.4689025e-02	
  -4.6047099e-02	
  -4.6806411e-02	
  -4.8409305e-02	
  -5.0542144e-02	
  -5.1325038e-02	
  -5.2135816e-02	
  -5.3322170e-02	
  -5.4390035e-02	
  -5.5029943e-02	
  -5.5592974e-02	
  -5.6411894e-02	
  -5.6232989e-02	
  -5.5483022e-02	
  -5.4697938e-02	
  -5.3687227e-02	
  -5.2884090e-02	
  -5.2721344e-02	
  -5.2403458e-02	
  -5.0484524e-02	
  -4.9069952e-02	
  -4.9193492e-02	
  -4.9077775e-02	
  -4.8565018e-02	
  -4.7938668e-02	
  -4.7499903e-02	
  -4.7212325e-02	
  -4.7149384e-02	
  -4.7186725e-02	
  -4.7219800e-02	
  -4.6715286e-02	
  -4.5499472e-02	
  -4.4570264e-02	
  -4.3607030e-02	
  -4.2522533e-02	
  -4.1357159e-02	
  -4.0348891e-02	
  -4.0456542e-02	
  -4.0843753e-02	
  -4.0094878e-02	
  -4.0462454e-02	
  -4.1784030e-02	
  -4.2566040e-02	
  -4.4306823e-02	
  -4.5208915e-02	
  -4.5694981e-02	
  -4.5690113e-02	
  -4.4749488e-02	
  -4.3454503e-02	
  -4.2266214e-02	
  -4.2039978e-02	
  -4.1833968e-02	
  -4.1024918e-02	
  -3.9596440e-02	
  -3.8286363e-02	
  -3.7280861e-02	
  -3.6144503e-02	
  -3.6385784e-02	
  -3.7312715e-02	
  -3.7662137e-02	
  -3.7944422e-02	
  -3.7697531e-02	
  -3.7263320e-02	
  -3.5684911e-02	
  -3.4409484e-02	
  -3.3865723e-02	
  -3.2747850e-02	
  -3.2949494e-02	
  -3.3169240e-02	
  -3.2804395e-02	
  -3.2711636e-02	
  -3.3272094e-02	
  -3.3988732e-02	
  -3.4087380e-02	
  -3.4794306e-02	
  -3.4977690e-02	
  -3.4185102e-02	
  -3.3218263e-02	
  -3.2308311e-02	
  -3.1000488e-02	
  -3.0354031e-02	
  -3.0113358e-02	
  -2.8509691e-02	
  -2.6676956e-02	
  -2.5941285e-02	
  -2.5441833e-02	
  -2.4748600e-02	
  -2.4159898e-02	
  -2.2653811e-02	
  -2.1403642e-02	
  -1.9469723e-02	
  -1.7779473e-02	
  -1.7166357e-02	
  -1.5842810e-02	
  -1.4520502e-02	
  -1.4646585e-02	
  -1.5230714e-02	
  -1.5413797e-02	
  -1.4767694e-02	
  -1.4519009e-02	
  -1.4958754e-02	
  -1.4587473e-02	
  -1.3518829e-02	
  -1.1998983e-02	
  -1.1189604e-02	
  -9.9655425e-03	
  -6.9472146e-03	
  -3.9465023e-03	
  -1.7663656e-03	
   2.4177327e-04	
   3.0958793e-03	
   6.5678033e-03	
   8.5152222e-03	
   9.8466339e-03	
   1.1446266e-02	
   1.3389254e-02	
   1.3843253e-02	
   1.4387209e-02	
   1.5807032e-02	
   1.6895004e-02	
   1.7731984e-02	
   1.8601573e-02	
   1.8873764e-02	
   1.8486387e-02	
   1.7954774e-02	
   1.8410171e-02	
   1.8224321e-02	
   1.7891367e-02	
   1.7278162e-02	
   1.6665028e-02	
   1.6386123e-02	
   1.6008122e-02	
   1.6487544e-02	
   1.6862908e-02	
   1.7054192e-02	
   1.7873991e-02	
   1.8447093e-02	
   1.8656774e-02	
   1.8780963e-02	
   1.9379240e-02	
   2.0585826e-02	
   2.2264565e-02	
   2.3812270e-02	
   2.5122047e-02	
   2.6433257e-02	
   2.7532669e-02	
   2.7514845e-02	
   2.7646208e-02	
   2.8126238e-02	
   2.8391502e-02	
   2.8148145e-02	
   2.7672245e-02	
   2.6998795e-02	
   2.6754482e-02	
   2.7124400e-02	
   2.8010616e-02	
   3.0464479e-02	
   3.2236225e-02	
   3.4238036e-02	
   3.8563727e-02	
   4.1457206e-02	
   4.3356634e-02	
   4.6284644e-02	
   4.8740661e-02	
   4.9889952e-02	
   5.0243769e-02	
   5.1330490e-02	
   5.2295629e-02	
   5.2931101e-02	
   5.3178169e-02	
   5.3526812e-02	
   5.4456575e-02	
   5.4519629e-02	
   5.5212648e-02	
   5.5779131e-02	
   5.5242030e-02	
   5.6103489e-02	
   5.6403906e-02	
   5.6865274e-02	
   5.7478573e-02	
   5.7846426e-02	
   5.8452474e-02	
   5.8111318e-02	
   5.7977347e-02	
   5.7917810e-02	
   5.6844323e-02	
   5.6020589e-02	
   5.5910801e-02	
   5.4563926e-02	
   5.3171219e-02	
   5.2678469e-02	
   5.2847999e-02	
   5.2219578e-02	
   5.0857044e-02	
   4.9513402e-02	
   4.8492601e-02	
   4.8390968e-02	
   4.7609702e-02	
   4.6912941e-02	
   4.6242961e-02	
   4.4463226e-02	
   4.3126664e-02	
   4.2174522e-02	
   4.0608443e-02	
   3.8273235e-02	
   3.5936705e-02	
   3.3464446e-02	
   3.1422963e-02	
   3.0171314e-02	
   2.8397591e-02	
   2.6786348e-02	
   2.6516813e-02	
   2.6332756e-02	
   2.5911514e-02	
   2.5621800e-02	
   2.5036526e-02	
   2.4047486e-02	
   2.3069366e-02	
   2.1136095e-02	
   2.0058985e-02	
   1.9113080e-02	
   1.6833337e-02	
   1.4185040e-02	
   1.2853386e-02	
   1.1903793e-02	
   1.0824518e-02	
   1.0020572e-02	
   9.8275533e-03	
   1.0257758e-02	
   1.0693573e-02	
   1.1232951e-02	
   1.1026970e-02	
   1.1762470e-02	
   1.2989965e-02	
   1.3718238e-02	
   1.3529302e-02	
   1.3231900e-02	
   1.3721247e-02	
   1.3248568e-02	
   1.2355279e-02	
   1.0988142e-02	
   9.9805049e-03	
   8.6350453e-03	
   6.9006577e-03	
   5.6721739e-03	
   4.7708185e-03	
   3.9045297e-03	
   2.0802739e-03	
   2.1318163e-04	
  -9.7358496e-04	
  -3.0886240e-03	
  -5.1066801e-03	
  -6.4100078e-03	
  -7.7701348e-03	
  -9.0215720e-03	
  -9.4080456e-03	
  -1.0476636e-02	
  -1.0992349e-02	
  -1.1825942e-02	
  -1.3361323e-02	
  -1.4688852e-02	
  -1.5631779e-02	
  -1.6394466e-02	
  -1.6734205e-02	
  -1.7503707e-02	
  -1.8537670e-02	
  -1.9225669e-02	
  -1.9011700e-02	
  -1.8759976e-02	
  -1.8375827e-02	
  -1.8735580e-02	
  -1.8642979e-02	
  -1.8954316e-02	
  -1.9090323e-02	
  -1.9156032e-02	
  -2.0132487e-02	
  -2.1211338e-02	
  -2.2099742e-02	
  -2.2836752e-02	
  -2.3315543e-02	
  -2.4267302e-02	
  -2.4244374e-02	
  -2.3775100e-02	
  -2.3325910e-02	
  -2.2482027e-02	
  -2.1086783e-02	
  -1.8438550e-02	
  -1.6323825e-02	
  -1.4859203e-02	
  -1.2937166e-02	
  -1.1603501e-02	
  -9.8959756e-03	
  -8.6252336e-03	
  -7.4927050e-03	
  -5.8348038e-03	
  -4.7132740e-03	
  -3.8244007e-03	
  -2.7500372e-03	
  -1.9244856e-03	
  -5.4669607e-04	
   4.3253744e-04	
   1.4205212e-03	
   2.9306161e-03	
   4.1494505e-03	
   4.9065149e-03	
   5.9779567e-03	
   5.6822676e-03	
   4.9011147e-03	
   5.5852916e-03	
   5.7222725e-03	
   5.6362258e-03	
   6.4892094e-03	
   7.5102870e-03	
   9.9428688e-03	
   1.1800761e-02	
   1.2768703e-02	
   1.4980660e-02	
   1.7750392e-02	
   2.0032547e-02	
   2.1351982e-02	
   2.2673700e-02	
   2.3283642e-02	
   2.2859107e-02	
   2.2523887e-02	
   2.1739695e-02	
   2.0696138e-02	
   2.0052607e-02	
   2.0280336e-02	
   1.9245983e-02	
   1.7164056e-02	
   1.4850754e-02	
   1.2960512e-02	
   1.0621723e-02	
   8.2445420e-03	
   7.1999175e-03	
   5.6917754e-03	
   4.4516379e-03	
   3.3943319e-03	
   2.8315298e-03	
   1.7003127e-03	
   1.4410921e-04	
  -7.5702782e-05	
  -6.0040229e-05	
  -5.8352245e-04	
  -1.2569419e-03	
  -2.3895030e-03	
  -3.2695198e-03	
  -4.7945235e-03	
  -7.0431073e-03	
  -8.4280084e-03	
  -9.6068225e-03	
  -1.1279378e-02	
  -1.3653745e-02	
  -1.5036292e-02	
  -1.5290269e-02	
  -1.6078721e-02	
  -1.7014343e-02	
  -1.7910229e-02	
  -1.8911695e-02	
  -1.9919456e-02	
  -2.0385881e-02	
  -2.1902918e-02	
  -2.3345332e-02	
  -2.3504880e-02	
  -2.3384225e-02	
  -2.2990436e-02	
  -2.2470421e-02	
  -2.2139042e-02	
  -2.1477086e-02	
  -2.1022001e-02	
  -2.0347891e-02	
  -2.0483667e-02	
  -2.0766490e-02	
  -2.1159459e-02	
  -2.2373974e-02	
  -2.2963189e-02	
  -2.3958637e-02	
  -2.4919181e-02	
  -2.5975470e-02	
  -2.6872954e-02	
  -2.7201850e-02	
  -2.7587668e-02	
  -2.7046066e-02	
  -2.6344798e-02	
  -2.6272989e-02	
  -2.5846118e-02	
  -2.5349586e-02	
  -2.6219098e-02	
  -2.7362200e-02	
  -2.8114969e-02	
  -2.9186214e-02	
  -3.0637880e-02	
  -3.1523075e-02	
  -3.2404588e-02	
  -3.4144380e-02	
  -3.4939204e-02	
  -3.6175036e-02	
  -3.6814029e-02	
  -3.6651189e-02	
  -3.7250635e-02	
  -3.9120103e-02	
  -4.0358472e-02	
  -4.1126286e-02	
  -4.2445178e-02	
  -4.3553894e-02	
  -4.4381965e-02	
  -4.5294335e-02	
  -4.5779817e-02	
  -4.6114294e-02	
  -4.6409642e-02	
  -4.6505741e-02	
  -4.6814116e-02	
  -4.7146322e-02	
  -4.7555339e-02	
  -4.8676316e-02	
  -4.9978056e-02	
  -5.0409494e-02	
  -5.1294989e-02	
  -5.3078577e-02	
  -5.3875124e-02	
  -5.3836538e-02	
  -5.3073303e-02	
  -5.2556404e-02	
  -5.1431675e-02	
  -4.9062954e-02	
  -4.6757937e-02	
  -4.4770758e-02	
  -4.2299006e-02	
  -3.9084963e-02	
  -3.7084721e-02	
  -3.5091926e-02	
  -3.2367789e-02	
  -3.0700249e-02	
  -2.8991857e-02	
  -2.7640827e-02	
  -2.6699282e-02	
  -2.6283285e-02	
  -2.6263590e-02	
  -2.6383077e-02	
  -2.6161503e-02	
  -2.4979933e-02	
  -2.3679792e-02	
  -2.2080184e-02	
  -1.9644398e-02	
  -1.6412832e-02	
  -1.3536110e-02	
  -1.0167411e-02	
  -6.4315428e-03	
  -3.0020734e-03	
   1.6831644e-04	
   3.4660972e-03	
   5.7002602e-03	
   8.1719307e-03	
   1.1908342e-02	
   1.4651494e-02	
   1.7158250e-02	
   1.9081338e-02	
   2.0597573e-02	
   2.2179475e-02	
   2.3617364e-02	
   2.4903971e-02	
   2.5521323e-02	
   2.6753550e-02	
   2.7472388e-02	
   2.8083221e-02	
   2.8798885e-02	
   2.8695488e-02	
   2.8657173e-02	
   2.9653199e-02	
   3.0088401e-02	
   2.9978230e-02	
   3.0267844e-02	
   3.1597409e-02	
   3.1720388e-02	
   3.1755889e-02	
   3.1452393e-02	
   3.1767470e-02	
   3.2119995e-02	
   3.1662356e-02	
   3.2551976e-02	
   3.3101962e-02	
   3.3371674e-02	
   3.3813295e-02	
   3.3522030e-02	
   3.4258840e-02	
   3.4449132e-02	
   3.3540580e-02	
   3.2417485e-02	
   3.2813074e-02	
   3.2511437e-02	
   3.1810770e-02	
   3.1036838e-02	
   2.9802169e-02	
   3.0478161e-02	
   3.1649187e-02	
   3.2120161e-02	
   3.2731448e-02	
   3.3473172e-02	
   3.4203226e-02	
   3.5331277e-02	
   3.6651048e-02	
   3.7492358e-02	
   3.8158575e-02	
   3.8547650e-02	
   3.8051448e-02	
   3.7283404e-02	
   3.7265143e-02	
   3.6779857e-02	
   3.6446867e-02	
   3.6589257e-02	
   3.6080595e-02	
   3.5702351e-02	
   3.5432173e-02	
   3.5242588e-02	
   3.6049826e-02	
   3.6202984e-02	
   3.6676571e-02	
   3.7398100e-02	
   3.7863563e-02	
   3.8840762e-02	
   4.0396415e-02	
   4.1999109e-02	
   4.3344964e-02	
   4.5304643e-02	
   4.7114922e-02	
   4.8710530e-02	
   5.0742690e-02	
   5.1729052e-02	
   5.1351848e-02	
   5.0897147e-02	
   4.9859696e-02	
   4.9240267e-02	
   4.8978290e-02	
   4.9029673e-02	
   4.9199504e-02	
   4.9156706e-02	
   4.9458626e-02	
   4.9906424e-02	
   5.1367140e-02	
   5.2562693e-02	
   5.3357889e-02	
   5.4694617e-02	
   5.5793627e-02	
   5.6200409e-02	
   5.6485202e-02	
   5.7006431e-02	
   5.7066287e-02	
   5.5968480e-02	
   5.5390528e-02	
   5.5097852e-02	
   5.3973041e-02	
   5.2276118e-02	
   5.0741994e-02	
   4.8916044e-02	
   4.6904392e-02	
   4.5660271e-02	
   4.4624272e-02	
   4.3723213e-02	
   4.2556216e-02	
   4.0671739e-02	
   3.9688604e-02	
   3.8302830e-02	
   3.7055581e-02	
   3.6375713e-02	
   3.5590204e-02	
   3.4667043e-02	
   3.4077657e-02	
   3.3591503e-02	
   3.3468617e-02	
   3.2614840e-02	
   3.0939081e-02	
   2.9068804e-02	
   2.5972260e-02	
   2.3930972e-02	
   2.1175312e-02	
   1.7460855e-02	
   1.4984637e-02	
   1.2999936e-02	
   1.1170004e-02	
   9.6635746e-03	
   8.4111875e-03	
   6.9777825e-03	
   4.8566700e-03	
   3.6497247e-03	
   1.7834272e-03	
  -9.0950270e-04	
  -1.1778789e-03	
  -1.5551067e-03	
  -1.9136479e-03	
  -1.7565940e-03	
  -1.1031596e-03	
  -3.9329730e-04	
   6.7843038e-05	
   2.5431944e-04	
  -2.8191297e-04	
  -1.1069562e-03	
  -2.5804446e-03	
  -4.6192410e-03	
  -6.4802591e-03	
  -9.0982130e-03	
  -1.2896314e-02	
  -1.6194243e-02	
  -1.8784385e-02	
  -2.1633837e-02	
  -2.3995524e-02	
  -2.5413111e-02	
  -2.6828822e-02	
  -2.7511263e-02	
  -2.7634479e-02	
  -2.7105001e-02	
  -2.6204343e-02	
  -2.5247811e-02	
  -2.4950020e-02	
  -2.4312366e-02	
  -2.2052518e-02	
  -2.0693406e-02	
  -2.0536378e-02	
  -1.9837529e-02	
  -1.9914553e-02	
  -1.9155648e-02	
  -1.8106799e-02	
  -1.7821670e-02	
  -1.7897833e-02	
  -1.8480452e-02	
  -1.8542673e-02	
  -1.9399289e-02	
  -2.0891829e-02	
  -2.1928141e-02	
  -2.2816014e-02	
  -2.3978273e-02	
  -2.4962676e-02	
  -2.6625909e-02	
  -2.8825028e-02	
  -3.0844592e-02	
  -3.3477113e-02	
  -3.6623377e-02	
  -3.8215179e-02	
  -4.0899213e-02	
  -4.3856930e-02	
  -4.6310746e-02	
  -4.9137902e-02	
  -5.1227405e-02	
  -5.3371158e-02	
  -5.5308571e-02	
  -5.5932879e-02	
  -5.6553860e-02	
  -5.7167212e-02	
  -5.6989127e-02	
  -5.6547329e-02	
  -5.5379046e-02	
  -5.3354036e-02	
  -5.1959088e-02	
  -5.0566788e-02	
  -4.8082074e-02	
  -4.6755211e-02	
  -4.6853110e-02	
  -4.7059645e-02	
  -4.7402972e-02	
  -4.8393045e-02	
  -4.8398154e-02	
  -4.7887651e-02	
  -4.7100774e-02	
  -4.6190652e-02	
  -4.6096541e-02	
  -4.5637143e-02	
  -4.4098706e-02	
  -4.2688966e-02	
  -4.1935224e-02	
  -4.2401955e-02	
  -4.2910228e-02	
  -4.3112002e-02	
  -4.4176386e-02	
  -4.6183241e-02	
  -4.6980933e-02	
  -4.7906938e-02	
  -4.9268452e-02	
  -4.9738528e-02	
  -4.9705164e-02	
  -4.9715943e-02	
  -4.9288246e-02	
  -4.7983980e-02	
  -4.6342358e-02	
  -4.4823911e-02	
  -4.3787588e-02	
  -4.2182764e-02	
  -4.0825504e-02	
  -3.9733998e-02	
  -3.8044026e-02	
  -3.7369084e-02	
  -3.6719199e-02	
  -3.5281428e-02	
  -3.4363736e-02	
  -3.4013276e-02	
  -3.2509802e-02	
  -3.1128660e-02	
  -2.9851156e-02	
  -2.8246002e-02	
  -2.8447062e-02	
  -2.7458252e-02	
  -2.6054725e-02	
  -2.6170022e-02	
  -2.6339152e-02	
  -2.6278517e-02	
  -2.6705925e-02	
  -2.7686128e-02	
  -2.8414194e-02	
  -2.9344541e-02	
  -3.0408742e-02	
  -3.0015389e-02	
  -2.9531052e-02	
  -2.9519340e-02	
  -2.8787127e-02	
  -2.7065377e-02	
  -2.5207656e-02	
  -2.3344329e-02	
  -2.1756315e-02	
  -2.0716871e-02	
  -1.9284132e-02	
  -1.7806070e-02	
  -1.6389474e-02	
  -1.5813115e-02	
  -1.4288850e-02	
  -1.1324230e-02	
  -9.3232626e-03	
  -7.8855447e-03	
  -5.8107761e-03	
  -3.6169826e-03	
  -1.7657957e-03	
  -4.2227751e-04	
   6.5833970e-05	
  -1.3563451e-04	
  -5.3745431e-04	
  -5.5959889e-04	
  -1.3436058e-03	
  -2.1433644e-03	
  -3.0272835e-03	
  -4.4570942e-03	
  -5.7341014e-03	
  -6.8447965e-03	
  -6.7443549e-03	
  -7.9130505e-03	
  -9.5444418e-03	
  -9.9890717e-03	
  -1.0552728e-02	
  -1.1060942e-02	
  -1.1680808e-02	
  -1.0928063e-02	
  -9.3717783e-03	
  -7.4581900e-03	
  -5.5948892e-03	
  -4.4958950e-03	
  -3.0465063e-03	
  -1.6822458e-03	
  -8.1448202e-04	
  -1.0862803e-03	
  -1.7069007e-03	
  -1.9558164e-03	
  -2.4580297e-03	
  -2.3925674e-03	
  -2.8923971e-03	
  -4.5939424e-03	
  -4.7200407e-03	
  -4.7456809e-03	
  -4.9675734e-03	
  -5.5147925e-03	
  -5.2024566e-03	
  -5.0602135e-03	
  -4.8987193e-03	
  -4.1733308e-03	
  -4.1475378e-03	
  -4.4698276e-03	
  -5.6426072e-03	
  -7.6903845e-03	
  -1.0395234e-02	
  -1.2192893e-02	
  -1.3087356e-02	
  -1.4358688e-02	
  -1.5067981e-02	
  -1.4912055e-02	
  -1.4645906e-02	
  -1.3722232e-02	
  -1.2708423e-02	
  -1.1380929e-02	
  -8.7300589e-03	
  -6.5106264e-03	
  -5.3843253e-03	
  -3.9605467e-03	
  -2.0987858e-03	
  -1.6803407e-03	
  -2.6283880e-03	
  -1.9023311e-03	
  -1.1475211e-03	
  -2.1411755e-03	
  -2.8043007e-03	
  -1.9298416e-03	
  -9.8733786e-04	
  -4.7339181e-04	
   8.7432277e-05	
   1.7849241e-03	
   3.8283135e-03	
   5.9537077e-03	
   9.1689127e-03	
   1.2364565e-02	
   1.5388545e-02	
   1.8063328e-02	
   2.0460409e-02	
   2.2383857e-02	
   2.3658386e-02	
   2.4274919e-02	
   2.4631751e-02	
   2.4674030e-02	
   2.5478944e-02	
   2.5844218e-02	
   2.5711297e-02	
   2.6519084e-02	
   2.7423454e-02	
   2.8039213e-02	
   2.8830604e-02	
   3.0570408e-02	
   3.3206286e-02	
   3.5461803e-02	
   3.6629643e-02	
   3.7834611e-02	
   3.9224061e-02	
   4.1866087e-02	
   4.3690120e-02	
   4.4611641e-02	
   4.5364581e-02	
   4.6127097e-02	
   4.6692193e-02	
   4.6981299e-02	
   4.7375602e-02	
   4.6838731e-02	
   4.6505405e-02	
   4.7163815e-02	
   4.7022257e-02	
   4.5918786e-02	
   4.6017557e-02	
   4.6318599e-02	
   4.6332393e-02	
   4.6945533e-02	
   4.6532893e-02	
   4.5787912e-02	
   4.5189900e-02	
   4.4183212e-02	
   4.2920093e-02	
   4.0531938e-02	
   3.8818779e-02	
   3.7417452e-02	
   3.5304945e-02	
   3.3100729e-02	
   3.1444239e-02	
   2.9592329e-02	
   2.7370773e-02	
   2.6710846e-02	
   2.5689733e-02	
   2.4441547e-02	
   2.3800116e-02	
   2.3343332e-02	
   2.2339784e-02	
   2.1266644e-02	
   2.0474404e-02	
   1.9475605e-02	
   1.8305293e-02	
   1.7360254e-02	
   1.6817254e-02	
   1.5938732e-02	
   1.4658963e-02	
   1.3022043e-02	
   1.1867478e-02	
   1.1136799e-02	
   1.0397375e-02	
   1.0208062e-02	
   1.0290031e-02	
   9.0292774e-03	
   7.6264049e-03	
   7.1538975e-03	
   6.0283191e-03	
   4.1122091e-03	
   2.7438505e-03	
   1.1527007e-03	
  -8.1127832e-04	
  -2.4349784e-03	
  -2.9320215e-03	
  -3.2976540e-03	
  -3.8423201e-03	
  -3.7947974e-03	
  -3.0350178e-03	
  -1.2575850e-03	
  -2.8816904e-04	
  -4.7467140e-05	
   4.0995519e-04	
   1.0241379e-03	
   6.8970823e-04	
  -2.5975824e-04	
  -9.0733386e-04	
  -1.2202758e-03	
  -9.3837435e-04	
  -1.3455841e-03	
  -1.4273062e-03	
  -7.8376190e-04	
  -4.0141281e-04	
   1.6487184e-04	
   8.4399913e-04	
   4.6857694e-04	
   1.1422188e-03	
   3.0649857e-03	
   4.0955824e-03	
   4.6092676e-03	
   4.9714043e-03	
   5.9968957e-03	
   7.1741286e-03	
   6.8237099e-03	
   7.3817555e-03	
   8.2401347e-03	
   9.1690248e-03	
   1.0583361e-02	
   1.1311108e-02	
   1.2165186e-02	
   1.2986655e-02	
   1.3240969e-02	
   1.3138315e-02	
   1.2672132e-02	
   1.1453139e-02	
   1.1302955e-02	
   1.1229511e-02	
   1.0891140e-02	
   9.8112398e-03	
   8.2204346e-03	
   8.4682818e-03	
   8.2657643e-03	
   6.5315891e-03	
   5.0000352e-03	
   4.3831891e-03	
   3.7826346e-03	
   2.7441596e-03	
   2.3147995e-03	
   1.5252072e-03	
   7.3094392e-04	
  -8.5109624e-05	
  -1.3947146e-03	
  -2.1603877e-03	
  -2.2248145e-03	
  -2.0846842e-03	
  -1.9402091e-03	
  -1.9578932e-03	
  -2.1034981e-03	
  -2.9300775e-03	
  -3.1207802e-03	
  -3.5735037e-03	
  -3.0925216e-03	
  -1.2999181e-03	
  -6.0927589e-04	
  -3.7796568e-04	
  -4.6525300e-05	
   4.0988698e-05	
  -7.8225563e-05	
   6.4594203e-05	
   1.0169547e-03	
   1.8898862e-03	
   1.5317686e-03	
   7.8148096e-04	
   1.3416305e-03	
   1.0169334e-03	
   1.3009718e-03	
   2.1997424e-03	
   2.8280677e-03	
   3.2544435e-03	
   4.3775109e-03	
   5.9197768e-03	
   7.1725592e-03	
   8.1694645e-03	
   8.0486797e-03	
   8.9559286e-03	
   9.2297771e-03	
   9.2662273e-03	
   8.9843489e-03	
   8.3363401e-03	
   7.8182788e-03	
   7.3313341e-03	
   7.0133241e-03	
   6.6420725e-03	
   7.1245568e-03	
   7.4934956e-03	
   7.6629023e-03	
   8.9449015e-03	
   1.0378678e-02	
   1.1321250e-02	
   1.1936255e-02	
   1.2653582e-02	
   1.4656426e-02	
   1.5889042e-02	
   1.6963851e-02	
   1.7101286e-02	
   1.7544028e-02	
   1.8807271e-02	
   2.0023261e-02	
   2.0641416e-02	
   2.1557396e-02	
   2.2274435e-02	
   2.2369608e-02	
   2.2685895e-02	
   2.2966865e-02	
   2.2771109e-02	
   2.2601472e-02	
   2.2347194e-02	
   2.2369526e-02	
   2.2526761e-02	
   2.2892891e-02	
   2.4267508e-02	
   2.5379133e-02	
   2.6098933e-02	
   2.6485124e-02	
   2.7137551e-02	
   2.7566777e-02	
   2.8265626e-02	
   2.8596079e-02	
   2.8634429e-02	
   2.8572107e-02	
   2.9171494e-02	
   2.8971431e-02	
   2.7589427e-02	
   2.7611711e-02	
   2.8034705e-02	
   2.7853127e-02	
   2.7545383e-02	
   2.7162674e-02	
   2.7296834e-02	
   2.6565446e-02	
   2.4930497e-02	
   2.4187109e-02	
   2.3127764e-02	
   2.0846145e-02	
   1.9580324e-02	
   1.8055068e-02	
   1.5878688e-02	
   1.3598361e-02	
   1.1216909e-02	
   9.3615418e-03	
   7.7889263e-03	
   6.6826940e-03	
   6.3289064e-03	
   4.6201885e-03	
   2.6926473e-03	
   2.7699167e-03	
   2.8012822e-03	
   1.9293195e-03	
   1.3953524e-03	
   2.2759232e-04	
  -1.6274029e-03	
  -2.6039892e-03	
  -4.0711274e-03	
  -6.2967455e-03	
  -7.7098604e-03	
  -9.0308291e-03	
  -9.5585959e-03	
  -8.8681130e-03	
  -8.5160541e-03	
  -7.6078435e-03	
  -6.0885876e-03	
  -5.1995650e-03	
  -4.8172727e-03	
  -3.8038173e-03	
  -3.5444622e-03	
  -3.5840842e-03	
  -3.2545492e-03	
  -3.6955665e-03	
  -5.2496908e-03	
  -7.0224691e-03	
  -8.9278033e-03	
  -9.6442875e-03	
  -9.9573651e-03	
  -1.1312412e-02	
  -1.1986428e-02	
  -1.2299311e-02	
  -1.2487533e-02	
  -1.1998618e-02	
  -1.1536152e-02	
  -1.0327856e-02	
  -8.4425401e-03	
  -7.8202612e-03	
  -8.0700672e-03	
  -7.6706844e-03	
  -6.4869084e-03	
  -6.5081189e-03	
  -6.7405022e-03	
  -7.8045141e-03	
  -9.0152059e-03	
  -1.0188793e-02	
  -1.1395242e-02	
  -1.1990771e-02	
  -1.2948288e-02	
  -1.4058402e-02	
  -1.4361060e-02	
  -1.4150106e-02	
  -1.4319719e-02	
  -1.4506601e-02	
  -1.4624784e-02	
  -1.5011140e-02	
  -1.5949612e-02	
  -1.6034749e-02	
  -1.6550692e-02	
  -1.7511395e-02	
  -1.8645475e-02	
  -2.0238074e-02	
  -2.0721803e-02	
  -2.1603475e-02	
  -2.2602941e-02	
  -2.2425133e-02	
  -2.1923191e-02	
  -2.1654540e-02	
  -2.1592201e-02	
  -2.1247989e-02	
  -2.0912196e-02	
  -2.1257629e-02	
  -2.1992569e-02	
  -2.2227170e-02	
  -2.2189664e-02	
  -2.2458250e-02	
  -2.1774274e-02	
  -2.1216288e-02	
  -2.0848588e-02	
  -2.0263102e-02	
  -1.9710926e-02	
  -1.9209875e-02	
  -1.9316470e-02	
  -2.0001165e-02	
  -2.1025116e-02	
  -2.1521595e-02	
  -2.2362882e-02	
  -2.3832478e-02	
  -2.6251059e-02	
  -2.6933907e-02	
  -2.7250047e-02	
  -2.8105753e-02	
  -2.9672044e-02	
  -3.1040284e-02	
  -3.1390153e-02	
  -3.2349092e-02	
  -3.2769119e-02	
  -3.3683041e-02	
  -3.3466204e-02	
  -3.2245435e-02	
  -3.1435147e-02	
  -3.0572461e-02	
  -2.9904829e-02	
  -2.8460579e-02	
  -2.7406757e-02	
  -2.6196625e-02	
  -2.5795532e-02	
  -2.5572931e-02	
  -2.5701073e-02	
  -2.6505573e-02	
  -2.6734157e-02	
  -2.7055683e-02	
  -2.7269712e-02	
  -2.6420631e-02	
  -2.5099509e-02	
  -2.3855181e-02	
  -2.3432782e-02	
  -2.2613089e-02	
  -2.0231560e-02	
  -1.8008145e-02	
  -1.7296352e-02	
  -1.7327804e-02	
  -1.6465047e-02	
  -1.4875387e-02	
  -1.4818139e-02	
  -1.5660730e-02	
  -1.6070792e-02	
  -1.7170611e-02	
  -1.8052112e-02	
  -1.8330079e-02	
  -1.8858371e-02	
  -1.9650646e-02	
  -1.9579144e-02	
  -1.9401590e-02	
  -1.9132957e-02	
  -1.8317571e-02	
  -1.7318016e-02	
  -1.7387270e-02	
  -1.7837582e-02	
  -1.7095763e-02	
  -1.6475490e-02	
  -1.6638655e-02	
  -1.7611878e-02	
  -1.8760106e-02	
  -1.9804383e-02	
  -2.0897635e-02	
  -2.2343394e-02	
  -2.4127153e-02	
  -2.5618083e-02	
  -2.6192147e-02	
  -2.6063510e-02	
  -2.6299268e-02	
  -2.5680842e-02	
  -2.4618889e-02	
  -2.4723100e-02	
  -2.3324352e-02	
  -2.2729697e-02	
  -2.3212447e-02	
  -2.2900850e-02	
  -2.2928527e-02	
  -2.3481770e-02	
  -2.4805016e-02	
  -2.6776584e-02	
  -2.8567936e-02	
  -2.9896545e-02	
  -3.1719580e-02	
  -3.2248733e-02	
  -3.2765349e-02	
  -3.3441749e-02	
  -3.3171800e-02	
  -3.2753596e-02	
  -3.3241461e-02	
  -3.4049248e-02	
  -3.4009494e-02	
  -3.4492851e-02	
  -3.5729633e-02	
  -3.7036713e-02	
  -3.7817696e-02	
  -3.9027857e-02	
  -4.0838455e-02	
  -4.2030420e-02	
  -4.3045633e-02	
  -4.2882516e-02	
  -4.2665691e-02	
  -4.2945646e-02	
  -4.2439278e-02	
  -4.1903128e-02	
  -4.0486449e-02	
  -3.8845871e-02	
  -3.7143179e-02	
  -3.5172673e-02	
  -3.3745316e-02	
  -3.3251303e-02	
  -3.1792038e-02	
  -3.0714881e-02	
  -3.0486728e-02	
  -2.9186686e-02	
  -2.7848572e-02	
  -2.7659920e-02	
  -2.6978517e-02	
  -2.5677183e-02	
  -2.5148396e-02	
  -2.4899977e-02	
  -2.4083428e-02	
  -2.2765976e-02	
  -2.1898517e-02	
  -2.1729269e-02	
  -2.1840136e-02	
  -2.1353109e-02	
  -2.0904261e-02	
  -2.0089783e-02	
  -1.8447860e-02	
  -1.7310222e-02	
  -1.6481219e-02	
  -1.4950535e-02	
  -1.2698440e-02	
  -1.0394219e-02	
  -9.9550995e-03	
  -8.9094661e-03	
  -6.7047600e-03	
  -5.6530561e-03	
  -4.6483852e-03	
  -3.3985404e-03	
  -2.7237604e-03	
  -1.9760374e-03	
  -1.2879789e-03	
  -4.9999756e-04	
  -3.4355116e-04	
   8.8214676e-05	
   1.2561554e-03	
   2.3023470e-03	
   3.8984221e-03	
   5.3285042e-03	
   6.5665584e-03	
   8.6038992e-03	
   1.0392425e-02	
   1.1146386e-02	
   1.2014052e-02	
   1.3076359e-02	
   1.3144693e-02	
   1.3646558e-02	
   1.3883131e-02	
   1.3553651e-02	
   1.4134760e-02	
   1.5041206e-02	
   1.6199984e-02	
   1.7297591e-02	
   1.9826230e-02	
   2.2193806e-02	
   2.4304448e-02	
   2.6041131e-02	
   2.7995901e-02	
   2.9917673e-02	
   3.1352500e-02	
   3.1889358e-02	
   3.2229936e-02	
   3.3777317e-02	
   3.4092306e-02	
   3.2490568e-02	
   3.2111198e-02	
   3.2972728e-02	
   3.2447835e-02	
   3.1390743e-02	
   3.1203891e-02	
   3.1440498e-02	
   3.1886031e-02	
   3.2214254e-02	
   3.2644942e-02	
   3.1988467e-02	
   3.1159316e-02	
   3.1119467e-02	
   2.9929207e-02	
   2.8522246e-02	
   2.7980868e-02	
   2.7021794e-02	
   2.5596814e-02	
   2.4400359e-02	
   2.3851641e-02	
   2.4370623e-02	
   2.5303271e-02	
   2.6200396e-02	
   2.6276936e-02	
   2.6352214e-02	
   2.7239380e-02	
   2.8250457e-02	
   2.8894872e-02	
   2.9099479e-02	
   3.0381330e-02	
   3.1019250e-02	
   3.1024236e-02	
   3.1183264e-02	
   3.1477403e-02	
   3.2258415e-02	
   3.2513047e-02	
   3.2257477e-02	
   3.1892550e-02	
   3.1448693e-02	
   2.9653264e-02	
   2.8066855e-02	
   2.7319260e-02	
   2.6298070e-02	
   2.4846953e-02	
   2.3333243e-02	
   2.2465265e-02	
   2.2090054e-02	
   2.1136101e-02	
   2.0253485e-02	
   1.9305083e-02	
   1.9246921e-02	
   1.9289047e-02	
   1.8744548e-02	
   1.8038560e-02	
   1.9123576e-02	
   1.9545809e-02	
   1.9484679e-02	
   1.9996197e-02	
   2.0820793e-02	
   2.1475050e-02	
   2.1394875e-02	
   2.3420923e-02	
   2.4901275e-02	
   2.5629435e-02	
   2.7319974e-02	
   2.9116553e-02	
   3.0271260e-02	
   3.1388460e-02	
   3.2212767e-02	
   3.2596615e-02	
   3.4126432e-02	
   3.5544444e-02	
   3.6163141e-02	
   3.7009260e-02	
   3.6953895e-02	
   3.6638758e-02	
   3.7507751e-02	
   3.7646396e-02	
   3.7332209e-02	
   3.6726060e-02	
   3.6466519e-02	
   3.6539762e-02	
   3.6150492e-02	
   3.6675739e-02	
   3.7736972e-02	
   3.8645431e-02	
   3.9461713e-02	
   3.9718145e-02	
   4.0223681e-02	
   4.1126664e-02	
   4.2092641e-02	
   4.2038173e-02	
   4.1537994e-02	
   4.2069867e-02	
   4.2047754e-02	
   4.0777638e-02	
   3.9930386e-02	
   3.9587985e-02	
   3.8875956e-02	
   3.7851078e-02	
   3.6967966e-02	
   3.6523372e-02	
   3.6594903e-02	
   3.5606889e-02	
   3.4415025e-02	
   3.3896586e-02	
   3.2659698e-02	
   3.1888886e-02	
   3.0996871e-02	
   2.9930659e-02	
   2.9014808e-02	
   2.8643615e-02	
   2.9319785e-02	
   2.9322009e-02	
   2.8596368e-02	
   2.8004486e-02	
   2.8140434e-02	
   2.7182179e-02	
   2.6234533e-02	
   2.5522963e-02	
   2.4166158e-02	
   2.2263349e-02	
   2.0190838e-02	
   1.8739851e-02	
   1.7518964e-02	
   1.6031586e-02	
   1.4547878e-02	
   1.2651990e-02	
   1.2426763e-02	
   1.3317622e-02	
   1.2540049e-02	
   1.2082805e-02	
   1.1903008e-02	
   1.1542618e-02	
   1.1049992e-02	
   1.0640030e-02	
   1.0162892e-02	
   8.4813385e-03	
   7.4784329e-03	
   7.1430297e-03	
   6.5856449e-03	
   5.6537965e-03	
   3.8933115e-03	
   3.1461986e-03	
   3.5837432e-03	
   2.3932671e-03	
   1.3858309e-03	
   9.9236820e-04	
   8.6216405e-05	
  -1.1572832e-03	
  -2.8827707e-03	
  -4.2923597e-03	
  -5.1106496e-03	
  -6.0372635e-03	
  -7.4280882e-03	
  -8.2971405e-03	
  -7.6249063e-03	
  -7.5618058e-03	
  -7.5184998e-03	
  -7.6894228e-03	
  -7.0703358e-03	
  -5.8706097e-03	
  -4.6749594e-03	
  -3.9995168e-03	
  -2.0153804e-03	
  -2.8732723e-04	
   2.5529536e-04	
   8.7461423e-04	
   2.3370089e-03	
   3.3355733e-03	
   4.2513689e-03	
   5.8025178e-03	
   7.8852497e-03	
   9.6640643e-03	
   1.1245353e-02	
   1.3270882e-02	
   1.4674498e-02	
   1.5623359e-02	
   1.7158840e-02	
   1.8026217e-02	
   1.8011850e-02	
   1.7947245e-02	
   1.8434580e-02	
   1.9323603e-02	
   1.9591735e-02	
   1.9171826e-02	
   1.8716411e-02	
   1.9463687e-02	
   1.9223716e-02	
   1.9125823e-02	
   1.9643065e-02	
   1.9592124e-02	
   1.9626804e-02	
   2.0006658e-02	
   2.0662461e-02	
   2.0264565e-02	
   2.0166466e-02	
   2.0836806e-02	
   2.0858695e-02	
   2.0203783e-02	
   1.9758528e-02	
   1.9477115e-02	
   1.8964771e-02	
   1.8528856e-02	
   1.8571831e-02	
   1.7655160e-02	
   1.6610081e-02	
   1.6903937e-02	
   1.7534363e-02	
   1.7801097e-02	
   1.8199630e-02	
   1.8066720e-02	
   1.8013024e-02	
   1.7950833e-02	
   1.6878307e-02	
   1.5275088e-02	
   1.3438159e-02	
   1.0589438e-02	
   8.3449895e-03	
   5.7698230e-03	
   2.2641368e-03	
   2.9846424e-04	
  -1.9559456e-03	
  -3.6310482e-03	
  -4.7880553e-03	
  -6.3722596e-03	
  -7.6840538e-03	
  -8.5756441e-03	
  -8.6648816e-03	
  -8.7142233e-03	
  -8.9513679e-03	
  -8.3086927e-03	
  -7.2115464e-03	
  -6.8851938e-03	
  -7.2108089e-03	
  -6.7500130e-03	
  -5.5898854e-03	
  -4.9388334e-03	
  -3.5738831e-03	
  -1.9652422e-03	
  -1.2975717e-03	
  -4.7463606e-04	
   4.3797682e-04	
   9.3820384e-04	
   8.7691110e-04	
   9.0840471e-04	
   4.5333582e-04	
  -4.4742733e-05	
  -7.4936490e-04	
  -1.7853890e-03	
  -2.5553177e-03	
  -2.8511898e-03	
  -2.9710872e-03	
  -3.1500413e-03	
  -3.0008067e-03	
  -2.7752326e-03	
  -2.3177436e-03	
  -1.6554037e-03	
  -4.7707394e-04	
   4.4430599e-06	
   8.8461237e-06	
   7.1104853e-04	
   1.7789845e-03	
   2.1322883e-03	
   1.7946561e-03	
   1.8276637e-03	
   2.1169477e-03	
   1.3914418e-03	
   5.1221635e-05	
  -3.8329816e-04	
  -4.0190045e-04	
  -1.0929278e-03	
  -2.1177855e-03	
  -2.9598695e-03	
  -3.9483302e-03	
  -4.6512497e-03	
  -5.1554176e-03	
  -5.9859689e-03	
  -7.0281154e-03	
  -8.5013513e-03	
  -9.4535110e-03	
  -1.0452003e-02	
  -1.1876080e-02	
  -1.3328672e-02	
  -1.5163236e-02	
  -1.7641708e-02	
  -2.0204273e-02	
  -2.2219636e-02	
  -2.4385774e-02	
  -2.7078628e-02	
  -2.8718521e-02	
  -3.0403585e-02	
  -3.2321970e-02	
  -3.3892821e-02	
  -3.4182152e-02	
  -3.5066927e-02	
  -3.6186600e-02	
  -3.7314786e-02	
  -3.8340560e-02	
  -3.9470528e-02	
  -4.0128585e-02	
  -4.0538163e-02	
  -4.0916553e-02	
  -4.1555541e-02	
  -4.1599478e-02	
  -4.2069714e-02	
  -4.2841652e-02	
  -4.3671186e-02	
  -4.4567284e-02	
  -4.4734030e-02	
  -4.4633288e-02	
  -4.4673207e-02	
  -4.5018752e-02	
  -4.5440585e-02	
  -4.5262393e-02	
  -4.4776428e-02	
  -4.5732428e-02	
  -4.7166358e-02	
  -4.7114308e-02	
  -4.6605374e-02	
  -4.7479784e-02	
  -4.8247775e-02	
  -4.7834220e-02	
  -4.7869691e-02	
  -4.8135303e-02	
  -4.6482218e-02	
  -4.6418398e-02	
  -4.6971570e-02	
  -4.5994158e-02	
  -4.5620092e-02	
  -4.5742322e-02	
  -4.6186858e-02	
  -4.7084213e-02	
  -4.7981131e-02	
  -4.9322761e-02	
  -5.0798917e-02	
  -5.1804744e-02	
  -5.2723651e-02	
  -5.3861979e-02	
  -5.4181264e-02	
  -5.3910159e-02	
  -5.3017695e-02	
  -5.2214510e-02	
  -5.1496587e-02	
  -5.0431796e-02	
  -4.9332077e-02	
  -4.8700553e-02	
  -4.8140796e-02	
  -4.6946731e-02	
  -4.6035139e-02	
  -4.5426342e-02	
  -4.4977464e-02	
  -4.4734597e-02	
  -4.4615830e-02	
  -4.3953254e-02	
  -4.3197098e-02	
  -4.3376045e-02	
  -4.3693034e-02	
  -4.2711180e-02	
  -4.2475899e-02	
  -4.2722042e-02	
  -4.2738096e-02	
  -4.3348368e-02	
  -4.3775316e-02	
  -4.4546009e-02	
  -4.5103606e-02	
  -4.5293067e-02	
  -4.5524129e-02	
  -4.5980977e-02	
  -4.5781103e-02	
  -4.5777705e-02	
  -4.6519205e-02	
  -4.6242867e-02	
  -4.4948625e-02	
  -4.5226839e-02	
  -4.5413368e-02	
  -4.4284291e-02	
  -4.3296330e-02	
  -4.3535168e-02	
  -4.3939312e-02	
  -4.3965414e-02	
  -4.4304758e-02	
  -4.5064212e-02	
  -4.5619349e-02	
  -4.6263080e-02	
  -4.8217886e-02	
  -4.9612705e-02	
  -4.9501637e-02	
  -4.9571257e-02	
  -5.0171122e-02	
  -5.1118296e-02	
  -5.1084761e-02	
  -5.0154637e-02	
  -5.0056231e-02	
  -5.0367521e-02	
  -5.0134518e-02	
  -4.9676460e-02	
  -4.9021542e-02	
  -4.8155776e-02	
  -4.7774194e-02	
  -4.8002612e-02	
  -4.7023543e-02	
  -4.6009463e-02	
  -4.5425062e-02	
  -4.5041208e-02	
  -4.4231303e-02	
  -4.2980379e-02	
  -4.2032491e-02	
  -4.0839771e-02	
  -3.9068561e-02	
  -3.6988599e-02	
  -3.5810711e-02	
  -3.4371447e-02	
  -3.2680135e-02	
  -3.1085259e-02	
  -3.0118656e-02	
  -2.9758579e-02	
  -2.9326363e-02	
  -2.7113822e-02	
  -2.4894018e-02	
  -2.3788635e-02	
  -2.1822837e-02	
  -1.8613237e-02	
  -1.6074149e-02	
  -1.3307143e-02	
  -1.0625841e-02	
  -8.8223821e-03	
  -6.6363082e-03	
  -4.6034774e-03	
  -2.9998332e-03	
  -1.6537181e-03	
  -2.2641008e-04	
   9.1556259e-04	
   2.7265080e-03	
   4.3376369e-03	
   5.8342982e-03	
   7.3307028e-03	
   8.6256466e-03	
   9.9848060e-03	
   1.0110966e-02	
   1.1240037e-02	
   1.2387439e-02	
   1.2854560e-02	
   1.2581107e-02	
   1.2774019e-02	
   1.3330690e-02	
   1.2957674e-02	
   1.3393791e-02	
   1.3454089e-02	
   1.3275266e-02	
   1.2891122e-02	
   1.2386785e-02	
   1.1983407e-02	
   1.1413125e-02	
   1.2041965e-02	
   1.2670262e-02	
   1.3279360e-02	
   1.4411659e-02	
   1.5871112e-02	
   1.6728471e-02	
   1.7552506e-02	
   1.9915568e-02	
   2.1700200e-02	
   2.2640943e-02	
   2.3433537e-02	
   2.4021543e-02	
   2.4251932e-02	
   2.4320650e-02	
   2.3853747e-02	
   2.3746149e-02	
   2.3705681e-02	
   2.3034326e-02	
   2.2770035e-02	
   2.3224205e-02	
   2.3579993e-02	
   2.4281533e-02	
   2.5032054e-02	
   2.6089712e-02	
   2.6740664e-02	
   2.7731239e-02	
   2.8672779e-02	
   2.8930562e-02	
   2.9454375e-02	
   2.9842312e-02	
   3.0253206e-02	
   3.1836595e-02	
   3.3428356e-02	
   3.4346313e-02	
   3.7073393e-02	
   3.8955847e-02	
   4.0431119e-02	
   4.3103022e-02	
   4.5285946e-02	
   4.7062707e-02	
   4.8934836e-02	
   5.0080533e-02	
   5.2225543e-02	
   5.4250482e-02	
   5.6013107e-02	
   5.6909341e-02	
   5.8004770e-02	
   6.0499662e-02	
   6.2861904e-02	
   6.4322449e-02	
   6.5949138e-02	
   6.7650993e-02	
   6.9934175e-02	
   7.1041192e-02	
   7.2071155e-02	
   7.3628165e-02	
   7.4758428e-02	
   7.5719420e-02	
   7.5853232e-02	
   7.6104218e-02	
   7.6132656e-02	
   7.6314081e-02	
   7.5409965e-02	
   7.3775429e-02	
   7.3553884e-02	
   7.2756027e-02	
   7.1833680e-02	
   7.1406756e-02	
   6.9941137e-02	
   6.9262637e-02	
   6.9577815e-02	
   6.8975602e-02	
   6.8764087e-02	
   6.8182996e-02	
   6.6928656e-02	
   6.6722038e-02	
   6.5613428e-02	
   6.3721770e-02	
   6.2294619e-02	
   6.1181643e-02	
   5.9777089e-02	
   5.8272554e-02	
   5.7411000e-02	
   5.6609456e-02	
   5.4618807e-02	
   5.3167820e-02	
   5.1783999e-02	
   5.0540391e-02	
   5.0333083e-02	
   4.9587695e-02	
   4.8445679e-02	
   4.8392089e-02	
   4.8402160e-02	
   4.8476058e-02	
   4.8318463e-02	
   4.8277305e-02	
   4.7660436e-02	
   4.6833740e-02	
   4.7041839e-02	
   4.6554050e-02	
   4.6389216e-02	
   4.5654353e-02	
   4.5564915e-02	
   4.5442178e-02	
   4.4516780e-02	
   4.3759427e-02	
   4.4047860e-02	
   4.4167430e-02	
   4.3970788e-02	
   4.3558125e-02	
   4.3986099e-02	
   4.3315216e-02	
   4.2529064e-02	
   4.2709469e-02	
   4.2984344e-02	
   4.3079652e-02	
   4.2164627e-02	
   4.1067870e-02	
   4.0285477e-02	
   3.9194532e-02	
   3.8281147e-02	
   3.8012579e-02	
   3.7210197e-02	
   3.5863374e-02	
   3.4313226e-02	
   3.3438238e-02	
   3.2344791e-02	
   3.0654624e-02	
   2.9527588e-02	
   2.8723973e-02	
   2.7395269e-02	
   2.5999099e-02	
   2.4233294e-02	
   2.2243566e-02	
   2.1798116e-02	
   2.0818315e-02	
   1.9188275e-02	
   1.9099698e-02	
   1.9222560e-02	
   1.8233985e-02	
   1.7875537e-02	
   1.7225068e-02	
   1.5963477e-02	
   1.4988366e-02	
   1.3739023e-02	
   1.2541801e-02	
   1.1601140e-02	
   1.0288249e-02	
   8.0246313e-03	
   6.0713183e-03	
   4.3174159e-03	
   2.0631728e-03	
   1.5413821e-04	
  -5.1999231e-04	
  -1.4496884e-03	
  -2.3752533e-03	
  -3.1213336e-03	
  -4.9188607e-03	
  -6.0865639e-03	
  -6.6963584e-03	
  -7.7194420e-03	
  -8.0319001e-03	
  -8.7240763e-03	
  -9.6068343e-03	
  -9.0750378e-03	
  -8.3273072e-03	
  -8.2697291e-03	
  -7.9076343e-03	
  -6.8953890e-03	
  -6.1526557e-03	
  -5.6817879e-03	
  -5.2124311e-03	
  -4.8833085e-03	
  -4.0979719e-03	
  -3.9273043e-03	
  -4.3512671e-03	
  -4.6818984e-03	
  -5.0214605e-03	
  -6.2550384e-03	
  -8.1753999e-03	
  -9.0125863e-03	
  -9.8582864e-03	
  -1.1802572e-02	
  -1.2964796e-02	
  -1.3025961e-02	
  -1.3358591e-02	
  -1.3617985e-02	
  -1.3042540e-02	
  -1.2580452e-02	
  -1.2694853e-02	
  -1.2486931e-02	
  -1.1277726e-02	
  -1.0467237e-02	
  -1.0007657e-02	
  -9.0933632e-03	
  -8.6512172e-03	
  -8.5897628e-03	
  -8.4487823e-03	
  -8.0333397e-03	
  -7.5645375e-03	
  -8.3058666e-03	
  -8.6151564e-03	
  -8.6972962e-03	
  -8.6318298e-03	
  -9.4454162e-03	
  -9.9218884e-03	
  -1.0732218e-02	
  -1.1957624e-02	
  -1.2886721e-02	
  -1.3456679e-02	
  -1.4314356e-02	
  -1.5192140e-02	
  -1.6245556e-02	
  -1.7194453e-02	
  -1.7777910e-02	
  -1.8729314e-02	
  -1.8931501e-02	
  -1.8660048e-02	
  -1.9582395e-02	
  -1.9936956e-02	
  -1.9785857e-02	
  -1.9838939e-02	
  -2.0170242e-02	
  -2.0520867e-02	
  -2.0961437e-02	
  -2.1538245e-02	
  -2.1709805e-02	
  -2.1539838e-02	
  -2.0961756e-02	
  -2.0506441e-02	
  -2.0210934e-02	
  -1.9773201e-02	
  -1.9168988e-02	
  -1.8657434e-02	
  -1.8120888e-02	
  -1.7544588e-02	
  -1.6703272e-02	
  -1.6075022e-02	
  -1.5706101e-02	
  -1.5589104e-02	
  -1.5383430e-02	
  -1.6468629e-02	
  -1.7329539e-02	
  -1.6792905e-02	
  -1.6958677e-02	
  -1.8602529e-02	
  -1.8812528e-02	
  -1.9180404e-02	
  -1.9597334e-02	
  -2.0518265e-02	
  -2.1590389e-02	
  -2.1998711e-02	
  -2.2355295e-02	
  -2.3064292e-02	
  -2.3718507e-02	
  -2.4275580e-02	
  -2.5044202e-02	
  -2.5408079e-02	
  -2.5819108e-02	
  -2.5552109e-02	
  -2.5462070e-02	
  -2.5556110e-02	
  -2.4169698e-02	
  -2.3174616e-02	
  -2.1665225e-02	
  -2.0318438e-02	
  -1.9593163e-02	
  -1.8256234e-02	
  -1.7093380e-02	
  -1.6030772e-02	
  -1.5721618e-02	
  -1.5643667e-02	
  -1.5316117e-02	
  -1.4624295e-02	
  -1.4605120e-02	
  -1.4549323e-02	
  -1.4323117e-02	
  -1.3765927e-02	
  -1.3312052e-02	
  -1.2965852e-02	
  -1.2678799e-02	
  -1.2505557e-02	
  -1.2414467e-02	
  -1.2840099e-02	
  -1.3033678e-02	
  -1.3739330e-02	
  -1.5079179e-02	
  -1.5866038e-02	
  -1.6284106e-02	
  -1.6839762e-02	
  -1.7396716e-02	
  -1.8333135e-02	
  -1.9073738e-02	
  -1.9555090e-02	
  -2.0080668e-02	
  -2.0183859e-02	
  -2.0736429e-02	
  -2.1241038e-02	
  -2.0608317e-02	
  -2.1316830e-02	
  -2.2066726e-02	
  -2.3228312e-02	
  -2.4483230e-02	
  -2.4984134e-02	
  -2.6576208e-02	
  -2.7370324e-02	
  -2.7859936e-02	
  -2.7892433e-02	
  -2.8383631e-02	
  -2.9272048e-02	
  -2.9409299e-02	
  -2.8594002e-02	
  -2.8393449e-02	
  -2.8871485e-02	
  -2.9093649e-02	
  -2.8988730e-02	
  -2.8941370e-02	
  -2.8776241e-02	
  -2.8858469e-02	
  -2.8012634e-02	
  -2.7536958e-02	
  -2.7606826e-02	
  -2.7806199e-02	
  -2.7721120e-02	
  -2.8542477e-02	
  -2.8992559e-02	
  -2.9470901e-02	
  -3.0304058e-02	
  -3.1291765e-02	
  -3.2503124e-02	
  -3.3797436e-02	
  -3.4612132e-02	
  -3.5287634e-02	
  -3.6503772e-02	
  -3.7531074e-02	
  -3.8264320e-02	
  -3.9918810e-02	
  -4.0276905e-02	
  -4.0565952e-02	
  -4.1147255e-02	
  -4.1347702e-02	
  -4.0821599e-02	
  -3.9800008e-02	
  -3.8833959e-02	
  -3.8213504e-02	
  -3.6340613e-02	
  -3.4298240e-02	
  -3.2343924e-02	
  -3.1143156e-02	
  -2.9542333e-02	
  -2.8723678e-02	
  -2.8799788e-02	
  -2.7330989e-02	
  -2.6512311e-02	
  -2.6393697e-02	
  -2.5824341e-02	
  -2.4631963e-02	
  -2.4068855e-02	
  -2.3803703e-02	
  -2.3410687e-02	
  -2.3095550e-02	
  -2.3030792e-02	
  -2.3043595e-02	
  -2.3543997e-02	
  -2.4278270e-02	
  -2.4419711e-02	
  -2.4644890e-02	
  -2.3831546e-02	
  -2.3213662e-02	
  -2.3194139e-02	
  -2.2126805e-02	
  -2.1620096e-02	
  -2.1917261e-02	
  -2.1700660e-02	
  -2.0801235e-02	
  -1.9946732e-02	
  -2.0083358e-02	
  -2.0244186e-02	
  -1.9769797e-02	
  -1.8806834e-02	
  -1.7941505e-02	
  -1.7404941e-02	
  -1.7187402e-02	
  -1.6685890e-02	
  -1.6143645e-02	
  -1.5546712e-02	
  -1.5120479e-02	
  -1.4829674e-02	
  -1.4268359e-02	
  -1.3978274e-02	
  -1.4455997e-02	
  -1.3975200e-02	
  -1.3517266e-02	
  -1.3075610e-02	
  -1.2972790e-02	
  -1.2928877e-02	
  -1.2650686e-02	
  -1.3044074e-02	
  -1.3578921e-02	
  -1.3415107e-02	
  -1.4047363e-02	
  -1.5930997e-02	
  -1.7113959e-02	
  -1.6794226e-02	
  -1.7175980e-02	
  -1.8054277e-02	
  -1.8767210e-02	
  -1.9034332e-02	
  -1.8845721e-02	
  -1.8615609e-02	
  -1.7816879e-02	
  -1.6410071e-02	
  -1.4182497e-02	
  -1.2626183e-02	
  -1.1401886e-02	
  -9.9631412e-03	
  -9.0980891e-03	
  -8.2790629e-03	
  -7.5965863e-03	
  -5.6394230e-03	
  -4.3203051e-03	
  -3.4750794e-03	
  -2.0258293e-03	
  -8.8075731e-04	
   1.4979180e-04	
   4.6465704e-04	
   1.0512101e-03	
   1.7106820e-03	
   1.8677907e-03	
   2.1167831e-03	
   2.0954039e-03	
   1.8650089e-03	
   2.0829531e-03	
   2.1944029e-03	
   2.0331807e-03	
   2.3180840e-03	
   3.4830207e-03	
   3.4674731e-03	
   3.1519576e-03	
   4.4061926e-03	
   4.7634842e-03	
   4.3231046e-03	
   4.2515430e-03	
   4.3623963e-03	
   4.2693079e-03	
   3.5310544e-03	
   3.3658727e-03	
   4.5360109e-03	
   5.4221277e-03	
   6.0903812e-03	
   7.6767791e-03	
   9.3835547e-03	
   1.0529966e-02	
   1.2468281e-02	
   1.3647538e-02	
   1.5713759e-02	
   1.7566601e-02	
   1.8068561e-02	
   1.8715266e-02	
   1.9353741e-02	
   1.9127529e-02	
   1.8371862e-02	
   1.7158964e-02	
   1.5924289e-02	
   1.6233667e-02	
   1.6712576e-02	
   1.6029828e-02	
   1.5729099e-02	
   1.5178883e-02	
   1.3436076e-02	
   1.2304987e-02	
   1.3172558e-02	
   1.2645151e-02	
   1.1503608e-02	
   1.0728808e-02	
   1.1760476e-02	
   1.2050343e-02	
   1.1112638e-02	
   1.1611973e-02	
   1.1940851e-02	
   1.2284296e-02	
   1.3223971e-02	
   1.4067506e-02	
   1.5097180e-02	
   1.6578493e-02	
   1.7923887e-02	
   1.8764537e-02	
   1.9763165e-02	
   2.0911282e-02	
   2.1458978e-02	
   2.1457043e-02	
   2.1338731e-02	
   1.9967972e-02	
   1.8617308e-02	
   1.7693575e-02	
   1.6816510e-02	
   1.5908087e-02	
   1.5492043e-02	
   1.4568427e-02	
   1.2860041e-02	
   1.1968345e-02	
   1.0939597e-02	
   1.0425849e-02	
   9.9053920e-03	
   9.2517664e-03	
   9.4223177e-03	
   9.2257946e-03	
   9.1325510e-03	
   8.8794056e-03	
   8.2909101e-03	
   7.1768662e-03	
   7.2892140e-03	
   7.3027840e-03	
   7.1195713e-03	
   7.3383610e-03	
   7.2195468e-03	
   6.5432888e-03	
   6.8064642e-03	
   5.9014514e-03	
   5.0859510e-03	
   4.9148906e-03	
   3.5629227e-03	
   2.2887433e-03	
   2.3841475e-03	
   2.1420959e-03	
   1.4671760e-03	
   1.8303198e-03	
   2.6741974e-03	
   3.4883461e-03	
   5.1434890e-03	
   6.2736175e-03	
   7.0531550e-03	
   7.6723600e-03	
   8.1796302e-03	
   7.8683816e-03	
   7.6888800e-03	
   8.5135289e-03	
   8.5694373e-03	
   8.4652374e-03	
   9.5075373e-03	
   1.0107803e-02	
   1.0613622e-02	
   1.0770391e-02	
   9.7078836e-03	
   9.9759324e-03	
   9.4252087e-03	
   7.9962700e-03	
   9.0217903e-03	
   9.4328079e-03	
   8.3053533e-03	
   7.1241497e-03	
   6.5173229e-03	
   6.7953309e-03	
   7.5045345e-03	
   8.7528565e-03	
   1.0264077e-02	
   1.0893247e-02	
   1.1826869e-02	
   1.3685209e-02	
   1.5801492e-02	
   1.7284262e-02	
   1.8003649e-02	
   1.8271144e-02	
   1.8822988e-02	
   2.0090137e-02	
   2.0446727e-02	
   1.9894546e-02	
   2.0118127e-02	
   2.0434910e-02	
   2.0263969e-02	
   2.0383167e-02	
   2.0665682e-02	
   2.0687512e-02	
   1.9902458e-02	
   1.9790748e-02	
   2.0138824e-02	
   1.9252544e-02	
   1.8412720e-02	
   1.8881044e-02	
   1.8452746e-02	
   1.9155648e-02	
   1.9908140e-02	
   2.0061375e-02	
   2.0261520e-02	
   2.0754224e-02	
   2.0585147e-02	
   1.9753867e-02	
   1.8691094e-02	
   1.8045121e-02	
   1.7947027e-02	
   1.7244054e-02	
   1.6231643e-02	
   1.6174467e-02	
   1.6919064e-02	
   1.7549609e-02	
   1.8459631e-02	
   2.0454928e-02	
   2.1941781e-02	
   2.1913438e-02	
   2.2053533e-02	
   2.3643571e-02	
   2.5276060e-02	
   2.5778959e-02	
   2.5392880e-02	
   2.4957201e-02	
   2.3953121e-02	
   2.3218878e-02	
   2.2494175e-02	
   2.1364148e-02	
   1.9634952e-02	
   1.8932469e-02	
   1.8805961e-02	
   1.8215277e-02	
   1.7099616e-02	
   1.6291233e-02	
   1.5778665e-02	
   1.5864203e-02	
   1.5020226e-02	
   1.4179081e-02	
   1.3441132e-02	
   1.3273643e-02	
   1.2864985e-02	
   1.1999503e-02	
   1.1751720e-02	
   1.1593323e-02	
   1.1373802e-02	
   1.1382640e-02	
   1.1541981e-02	
   1.0737422e-02	
   1.0568033e-02	
   1.0526904e-02	
   1.0752780e-02	
   1.1183521e-02	
   1.1054169e-02	
   1.0532232e-02	
   1.0724471e-02	
   1.1148829e-02	
   1.1153773e-02	
   1.0816942e-02	
   9.9459309e-03	
   8.8447667e-03	
   7.9915677e-03	
   6.6801511e-03	
   6.3818471e-03	
   6.4467176e-03	
   6.1019688e-03	
   6.5490354e-03	
   8.1191198e-03	
   9.8648472e-03	
   1.1693004e-02	
   1.3149295e-02	
   1.4506548e-02	
   1.5679704e-02	
   1.7878906e-02	
   1.9791279e-02	
   2.0520442e-02	
   2.0890767e-02	
   2.1191036e-02	
   2.0887292e-02	
   2.0140954e-02	
   1.9392775e-02	
   1.8877085e-02	
   1.7624993e-02	
   1.5565174e-02	
   1.5418830e-02	
   1.5416222e-02	
   1.5216743e-02	
   1.4568487e-02	
   1.4660945e-02	
   1.5126048e-02	
   1.5416954e-02	
   1.6303671e-02	
   1.7867654e-02	
   1.8746843e-02	
   1.9444618e-02	
   2.0880177e-02	
   2.2216397e-02	
   2.2838806e-02	
   2.3143576e-02	
   2.3301348e-02	
   2.4267190e-02	
   2.4179616e-02	
   2.3045489e-02	
   2.1903732e-02	
   2.0922273e-02	
   2.0084762e-02	
   1.9109952e-02	
   1.8350292e-02	
   1.7592183e-02	
   1.6549052e-02	
   1.5912465e-02	
   1.5646629e-02	
   1.5316571e-02	
   1.5663314e-02	
   1.5554093e-02	
   1.5047254e-02	
   1.4813691e-02	
   1.5048587e-02	
   1.5114295e-02	
   1.5131571e-02	
   1.5475151e-02	
   1.5723152e-02	
   1.6346929e-02	
   1.8237555e-02	
   1.9777880e-02	
   2.0604316e-02	
   2.1462648e-02	
   2.2058938e-02	
   2.2602522e-02	
   2.2312998e-02	
   2.1274786e-02	
   2.0036465e-02	
   1.8916143e-02	
   1.7685580e-02	
   1.5441362e-02	
   1.3693505e-02	
   1.2182845e-02	
   1.1245400e-02	
   9.4852412e-03	
   7.8717505e-03	
   7.1657211e-03	
   6.8678478e-03	
   6.7426262e-03	
   6.8781433e-03	
   8.0137104e-03	
   8.6436947e-03	
   8.3391957e-03	
   9.7436376e-03	
   1.0558811e-02	
   1.0394148e-02	
   1.0411606e-02	
   1.1203115e-02	
   1.2143970e-02	
   1.1922885e-02	
   1.1079286e-02	
   1.0568705e-02	
   1.0212711e-02	
   9.1565935e-03	
   8.9095664e-03	
   9.0355550e-03	
   8.1347017e-03	
   6.6500788e-03	
   6.3053713e-03	
   6.1973895e-03	
   5.7164492e-03	
   4.5878400e-03	
   3.7658172e-03	
   4.0706897e-03	
   4.1427753e-03	
   4.1961378e-03	
   3.5613857e-03	
   2.9694907e-03	
   3.4861065e-03	
   3.9502612e-03	
   4.0490367e-03	
   3.7425281e-03	
   3.0434182e-03	
   3.5722111e-03	
   3.7438780e-03	
   2.7659820e-03	
   2.6871768e-03	
   2.2331512e-03	
   5.6620683e-04	
  -1.2221933e-03	
  -2.0915294e-03	
  -3.4078701e-03	
  -4.4552015e-03	
  -5.4058726e-03	
  -6.0487803e-03	
  -6.3536333e-03	
  -6.5520857e-03	
  -6.0980807e-03	
  -6.6408217e-03	
  -6.9468370e-03	
  -6.8800018e-03	
  -6.8015082e-03	
  -6.8739897e-03	
  -8.0413578e-03	
  -9.5844792e-03	
  -9.8176354e-03	
  -1.0201501e-02	
  -1.1259837e-02	
  -1.2337083e-02	
  -1.3588231e-02	
  -1.2949255e-02	
  -1.2947031e-02	
  -1.3130456e-02	
  -1.2536786e-02	
  -1.3195332e-02	
  -1.3667468e-02	
  -1.3513071e-02	
  -1.3477872e-02	
  -1.3194748e-02	
  -1.3571440e-02	
  -1.3737424e-02	
  -1.3719335e-02	
  -1.4071701e-02	
  -1.4375427e-02	
  -1.4443731e-02	
  -1.4882844e-02	
  -1.4948128e-02	
  -1.3837943e-02	
  -1.3765054e-02	
  -1.4225997e-02	
  -1.3491388e-02	
  -1.3362403e-02	
  -1.3917770e-02	
  -1.4219136e-02	
  -1.5077078e-02	
  -1.5818791e-02	
  -1.6328339e-02	
  -1.7234962e-02	
  -1.7642823e-02	
  -1.7769136e-02	
  -1.8229083e-02	
  -1.8592611e-02	
  -1.8848807e-02	
  -1.8630660e-02	
  -1.9304723e-02	
  -1.9906612e-02	
  -2.0111537e-02	
  -2.0626453e-02	
  -2.1988462e-02	
  -2.2897322e-02	
  -2.3374596e-02	
  -2.4879356e-02	
  -2.6253413e-02	
  -2.8237323e-02	
  -3.0059886e-02	
  -3.1990685e-02	
  -3.3874230e-02	
  -3.5734542e-02	
  -3.7398891e-02	
  -3.8157713e-02	
  -3.9106404e-02	
  -4.0456194e-02	
  -4.0458312e-02	
  -4.0900694e-02	
  -4.1355950e-02	
  -4.0106448e-02	
  -3.9695589e-02	
  -3.8587859e-02	
  -3.7242788e-02	
  -3.6993507e-02	
  -3.6360420e-02	
  -3.5860943e-02	
  -3.6105310e-02	
  -3.6003069e-02	
  -3.6030456e-02	
  -3.5665122e-02	
  -3.6106254e-02	
  -3.6202565e-02	
  -3.6327433e-02	
  -3.6385111e-02	
  -3.6073025e-02	
  -3.5613379e-02	
  -3.5002777e-02	
  -3.4566513e-02	
  -3.3885942e-02	
  -3.2725943e-02	
  -3.1857782e-02	
  -3.1861381e-02	
  -3.1925879e-02	
  -3.2274906e-02	
  -3.1766863e-02	
  -3.1002807e-02	
  -3.0960598e-02	
  -3.1386531e-02	
  -3.1659123e-02	
  -3.1394968e-02	
  -3.0969979e-02	
  -3.0297007e-02	
  -2.9094906e-02	
  -2.7916110e-02	
  -2.7227656e-02	
  -2.5673767e-02	
  -2.3755217e-02	
  -2.2407203e-02	
  -2.1488691e-02	
  -2.0753687e-02	
  -2.0353442e-02	
  -1.9185561e-02	
  -1.8434562e-02	
  -1.8693861e-02	
  -1.8645345e-02	
  -1.9042504e-02	
  -2.0178466e-02	
  -1.9753318e-02	
  -1.9284575e-02	
  -1.9284569e-02	
  -1.9215132e-02	
  -1.8690256e-02	
  -1.8816557e-02	
  -1.8628023e-02	
  -1.8562674e-02	
  -1.8475301e-02	
  -1.9163342e-02	
  -2.0003496e-02	
  -2.0044277e-02	
  -2.0732270e-02	
  -2.1740603e-02	
  -2.3015611e-02	
  -2.3786470e-02	
  -2.3833109e-02	
  -2.3695639e-02	
  -2.3912511e-02	
  -2.4786260e-02	
  -2.4849290e-02	
  -2.4234734e-02	
  -2.4059527e-02	
  -2.3876834e-02	
  -2.3314558e-02	
  -2.2449671e-02	
  -2.2338385e-02	
  -2.2236787e-02	
  -2.1815492e-02	
  -2.2107961e-02	
  -2.2664101e-02	
  -2.3059306e-02	
  -2.1927132e-02	
  -2.1502137e-02	
  -2.1226052e-02	
  -2.0342616e-02	
  -1.9215291e-02	
  -1.8003708e-02	
  -1.7654635e-02	
  -1.6929307e-02	
  -1.6658680e-02	
  -1.6131821e-02	
  -1.5562306e-02	
  -1.5148692e-02	
  -1.5838420e-02	
  -1.6227655e-02	
  -1.6670432e-02	
  -1.5989531e-02	
  -1.5201905e-02	
  -1.4605721e-02	
  -1.3544388e-02	
  -1.3200400e-02	
  -1.2739675e-02	
  -1.1755974e-02	
  -1.0635759e-02	
  -1.0368442e-02	
  -9.3552229e-03	
  -7.3417063e-03	
  -5.6051274e-03	
  -4.5797476e-03	
  -4.1032512e-03	
  -2.3583356e-03	
  -2.2704805e-04	
   1.1683617e-03	
   2.1699805e-03	
   3.8358378e-03	
   4.7228645e-03	
   6.1541602e-03	
   7.0106750e-03	
   7.3967238e-03	
   7.7064384e-03	
   8.0656481e-03	
   8.0616066e-03	
   8.5731838e-03	
   8.8969699e-03	
   8.7669398e-03	
   9.2225614e-03	
   9.4057741e-03	
   9.2979929e-03	
   9.3711706e-03	
   1.0074285e-02	
   1.0725008e-02	
   1.0835757e-02	
   1.1087799e-02	
   1.1645284e-02	
   1.1559015e-02	
   1.0806540e-02	
   1.1557581e-02	
   1.1993626e-02	
   1.2232482e-02	
   1.2862885e-02	
   1.3740687e-02	
   1.5433049e-02	
   1.7232283e-02	
   1.8784166e-02	
   2.0361354e-02	
   2.2161291e-02	
   2.4228993e-02	
   2.5353657e-02	
   2.6890784e-02	
   2.9237468e-02	
   3.1220381e-02	
   3.1689573e-02	
   3.2037354e-02	
   3.3892450e-02	
   3.5866336e-02	
   3.6063585e-02	
   3.5956500e-02	
   3.7162879e-02	
   3.8709682e-02	
   3.8994888e-02	
   3.9178791e-02	
   3.9636973e-02	
   3.9497969e-02	
   3.8598809e-02	
   3.8125464e-02	
   3.7772302e-02	
   3.6695911e-02	
   3.5337590e-02	
   3.4104041e-02	
   3.2435380e-02	
   3.0616398e-02	
   2.8662949e-02	
   2.6814969e-02	
   2.5740131e-02	
   2.4177356e-02	
   2.2669983e-02	
   2.1938908e-02	
   2.1533608e-02	
   2.1342878e-02	
   2.1436635e-02	
   2.1327155e-02	
   2.1950100e-02	
   2.2915541e-02	
   2.3527212e-02	
   2.4393992e-02	
   2.4732877e-02	
   2.5100470e-02	
   2.5908517e-02	
   2.5474442e-02	
   2.5758037e-02	
   2.6643096e-02	
   2.7464453e-02	
   2.7435885e-02	
   2.6611189e-02	
   2.7065088e-02	
   2.7151222e-02	
   2.6859821e-02	
   2.6780029e-02	
   2.6871302e-02	
   2.5843056e-02	
   2.5074799e-02	
   2.5646397e-02	
   2.4916856e-02	
   2.3810488e-02	
   2.3306776e-02	
   2.1965789e-02	
   1.9736432e-02	
   1.8150583e-02	
   1.7375323e-02	
   1.6022854e-02	
   1.5383819e-02	
   1.5098967e-02	
   1.4389221e-02	
   1.3678365e-02	
   1.3286057e-02	
   1.2940647e-02	
   1.2592341e-02	
   1.2558746e-02	
   1.2996337e-02	
   1.3576331e-02	
   1.3752221e-02	
   1.3948155e-02	
   1.4063157e-02	
   1.4040525e-02	
   1.3233865e-02	
   1.1580302e-02	
   1.0484548e-02	
   1.0050739e-02	
   8.9786318e-03	
   7.6427656e-03	
   7.1623227e-03	
   6.8123996e-03	
   6.1544139e-03	
   5.7431845e-03	
   5.4005715e-03	
   4.5734564e-03	
   3.7875021e-03	
   3.6783863e-03	
   3.3993464e-03	
   4.2919627e-03	
   5.1997909e-03	
   4.8770220e-03	
   4.7777451e-03	
   4.8441460e-03	
   5.1874812e-03	
   4.7403786e-03	
   4.1684580e-03	
   4.3990607e-03	
   5.2304438e-03	
   4.9491548e-03	
   4.4080664e-03	
   4.8054426e-03	
   4.6888757e-03	
   4.1963774e-03	
   3.9685341e-03	
   3.6918695e-03	
   3.0312058e-03	
   2.8943064e-03	
   2.6246687e-03	
   2.6807045e-03	
   2.0267780e-03	
   6.9935296e-04	
  -1.7151607e-04	
  -1.1900294e-03	
  -2.6148399e-03	
  -4.0997000e-03	
  -5.4798173e-03	
  -6.6920514e-03	
  -7.5342646e-03	
  -7.7895930e-03	
  -8.4679455e-03	
  -8.1671163e-03	
  -6.1176569e-03	
  -5.4799524e-03	
  -5.7917568e-03	
  -5.3172735e-03	
  -4.3517114e-03	
  -2.7419477e-03	
  -1.1584390e-03	
  -2.2427570e-04	
  -1.5519089e-04	
   2.7793083e-04	
   1.1921062e-03	
   9.1004019e-04	
  -1.8239024e-04	
  -3.5813714e-04	
  -5.4503781e-04	
  -2.2778944e-03	
  -3.3592842e-03	
  -4.7452302e-03	
  -5.8574262e-03	
  -6.8032723e-03	
  -9.0367763e-03	
  -1.1378899e-02	
  -1.3116709e-02	
  -1.4043145e-02	
  -1.5198093e-02	
  -1.7050976e-02	
  -1.7293266e-02	
  -1.7346348e-02	
  -1.7274645e-02	
  -1.6882579e-02	
  -1.6868796e-02	
  -1.5643295e-02	
  -1.3800395e-02	
  -1.2779429e-02	
  -1.2232895e-02	
  -1.1379525e-02	
  -1.1310094e-02	
  -1.1493589e-02	
  -1.1088395e-02	
  -1.1142050e-02	
  -1.1360255e-02	
  -1.1550294e-02	
  -1.1367471e-02	
  -1.0747865e-02	
  -9.9952077e-03	
  -1.0109237e-02	
  -9.7653319e-03	
  -8.8472329e-03	
  -9.0467119e-03	
  -9.8592127e-03	
  -1.0075654e-02	
  -9.8916568e-03	
  -1.0909413e-02	
  -1.2181624e-02	
  -1.2360541e-02	
  -1.3062211e-02	
  -1.4724465e-02	
  -1.5423261e-02	
  -1.5387277e-02	
  -1.5447958e-02	
  -1.5178228e-02	
  -1.6204922e-02	
  -1.6413889e-02	
  -1.5269418e-02	
  -1.3392847e-02	
  -1.3010533e-02	
  -1.3870640e-02	
  -1.3688602e-02	
  -1.3362013e-02	
  -1.3513484e-02	
  -1.2974578e-02	
  -1.2153740e-02	
  -1.1889963e-02	
  -1.2072031e-02	
  -1.1944379e-02	
  -1.1662176e-02	
  -1.1195256e-02	
  -1.1455894e-02	
  -1.1582432e-02	
  -1.1417155e-02	
  -1.2085059e-02	
  -1.2123709e-02	
  -1.2519576e-02	
  -1.2717839e-02	
  -1.2950872e-02	
  -1.2568758e-02	
  -1.2379386e-02	
  -1.2483338e-02	
  -1.1929623e-02	
  -1.0819202e-02	
  -1.0439130e-02	
  -1.0411264e-02	
  -1.0887966e-02	
  -1.1251235e-02	
  -1.1871614e-02	
  -1.2795867e-02	
  -1.2481674e-02	
  -1.3115830e-02	
  -1.4657494e-02	
  -1.4515204e-02	
  -1.3353039e-02	
  -1.2683224e-02	
  -1.2229591e-02	
  -1.0877087e-02	
  -9.0918056e-03	
  -7.9994678e-03	
  -7.6412906e-03	
  -7.3741032e-03	
  -6.3275907e-03	
  -5.1746204e-03	
  -5.5474697e-03	
  -4.8477262e-03	
  -3.9243797e-03	
  -3.7826688e-03	
  -2.8049184e-03	
  -2.7904681e-03	
  -2.9719250e-03	
  -1.6549683e-03	
  -1.3050434e-03	
  -5.9836856e-04	
   4.7022304e-04	
   1.3871791e-03	
   2.4838652e-03	
   3.1888013e-03	
   3.8751111e-03	
   4.2536215e-03	
   4.9260097e-03	
   5.6288484e-03	
   6.7871004e-03	
   7.5344121e-03	
   8.0448388e-03	
   9.1648771e-03	
   1.0116276e-02	
   1.1088903e-02	
   1.1200153e-02	
   1.0666858e-02	
   1.1095670e-02	
   1.0839091e-02	
   1.0640697e-02	
   1.1000491e-02	
   1.1366952e-02	
   1.1706886e-02	
   1.2037398e-02	
   1.2373268e-02	
   1.2732041e-02	
   1.3120491e-02	
   1.2863652e-02	
   1.2308787e-02	
   1.2677301e-02	
   1.2612277e-02	
   1.2867375e-02	
   1.2292255e-02	
   1.0994780e-02	
   1.0398142e-02	
   1.0356695e-02	
   1.0348222e-02	
   9.1635142e-03	
   8.5170866e-03	
   8.9608433e-03	
   8.4320971e-03	
   7.4028303e-03	
   6.9097378e-03	
   6.3488366e-03	
   5.5171885e-03	
   4.5911263e-03	
   4.1975214e-03	
   3.7115419e-03	
   2.9946064e-03	
   2.8698420e-03	
   2.7282526e-03	
   2.8476810e-03	
   2.2539540e-03	
   2.4078313e-03	
   3.0482970e-03	
   2.8441316e-03	
   2.3435036e-03	
   2.1747188e-03	
   2.3314151e-03	
   1.7054747e-03	
   1.1295509e-03	
   1.6393976e-03	
   2.0238935e-03	
   2.2131584e-03	
   2.5664929e-03	
   2.1587941e-03	
   2.0865745e-03	
   2.2600180e-03	
   1.8575129e-03	
   1.6088598e-03	
   1.0118954e-03	
   3.8777384e-04	
   2.3895714e-04	
   3.4734315e-05	
  -6.7027835e-05	
   2.5536333e-05	
   2.5227497e-04	
   3.8960727e-04	
   6.2588852e-04	
   6.3792216e-04	
   7.2361848e-04	
   1.3259914e-03	
   1.6162743e-03	
   1.8144087e-03	
   2.9674227e-03	
   4.0923686e-03	
   4.8070315e-03	
   5.3905562e-03	
   5.7931982e-03	
   6.4983190e-03	
   7.4056446e-03	
   7.8223911e-03	
   8.2609853e-03	
   8.5323027e-03	
   8.4577562e-03	
   9.6117490e-03	
   9.7504403e-03	
   9.3436943e-03	
   1.0226736e-02	
   1.0572747e-02	
   1.0408485e-02	
   1.0053045e-02	
   9.7697569e-03	
   1.0002170e-02	
   1.0455832e-02	
   1.0601698e-02	
   1.0108500e-02	
   9.9293283e-03	
   1.0053388e-02	
   9.8828835e-03	
   9.0089401e-03	
   8.2270013e-03	
   7.5378400e-03	
   6.5635671e-03	
   5.4653441e-03	
   4.5049845e-03	
   4.1448249e-03	
   4.0754575e-03	
   3.8503949e-03	
   3.7047964e-03	
   3.4958993e-03	
   3.3796020e-03	
   3.0688514e-03	
   2.8477772e-03	
   2.5145930e-03	
   1.6542615e-03	
   1.1358780e-03	
  -1.6672397e-04	
  -1.4162702e-03	
  -1.8600045e-03	
  -2.1994875e-03	
  -3.4388303e-03	
  -4.5780743e-03	
  -5.4542190e-03	
  -5.5230785e-03	
  -5.8852872e-03	
  -6.3941722e-03	
  -6.6428985e-03	
  -6.2955596e-03	
  -5.6412160e-03	
  -5.7203639e-03	
  -6.1310322e-03	
  -6.0812952e-03	
  -6.9291429e-03	
  -8.2273022e-03	
  -8.6233397e-03	
  -8.6073094e-03	
  -8.8528261e-03	
  -9.3378592e-03	
  -9.7086152e-03	
  -9.7134414e-03	
  -1.0458446e-02	
  -1.0733988e-02	
  -1.0374584e-02	
  -1.0587869e-02	
  -1.0297777e-02	
  -9.6769086e-03	
  -8.4816512e-03	
  -7.1121963e-03	
  -5.7533714e-03	
  -4.0461280e-03	
  -2.5597221e-03	
  -1.6639923e-03	
  -1.2950760e-04	
   1.4824423e-03	
   2.2225807e-03	
   2.9088912e-03	
   3.7366352e-03	
   3.9053150e-03	
   3.8404374e-03	
   3.3653759e-03	
   2.6908165e-03	
   2.6239902e-03	
   1.9986002e-03	
   9.7761584e-04	
   6.9717822e-05	
  -1.2390625e-05	
  -7.2705582e-04	
  -1.7429591e-03	
  -2.6190489e-03	
  -3.1823680e-03	
  -2.6499732e-03	
  -2.6868258e-03	
  -2.6809989e-03	
  -2.2750376e-03	
  -2.2250511e-03	
  -1.9328654e-03	
  -1.9973654e-03	
  -1.7751301e-03	
  -1.1566685e-03	
  -3.6131016e-04	
   7.4309025e-04	
   1.9106707e-03	
   3.7260022e-03	
   5.7846538e-03	
   7.2056169e-03	
   8.1294566e-03	
   9.8057705e-03	
   1.1227193e-02	
   1.1774919e-02	
   1.2165735e-02	
   1.3090124e-02	
   1.3575918e-02	
   1.3151672e-02	
   1.3277047e-02	
   1.3562236e-02	
   1.3663722e-02	
   1.4232517e-02	
   1.4389233e-02	
   1.3637349e-02	
   1.3475677e-02	
   1.3356414e-02	
   1.2625569e-02	
   1.1999107e-02	
   1.0900976e-02	
   9.4305541e-03	
   7.9833195e-03	
   6.7958973e-03	
   5.3773674e-03	
   3.9315694e-03	
   2.4239064e-03	
   1.0354394e-03	
   2.2766011e-04	
  -7.5718004e-06	
  -3.4269336e-04	
  -7.5104404e-04	
  -1.1640966e-03	
  -8.6532645e-04	
  -8.4575202e-04	
  -8.9751272e-05	
   5.2549695e-04	
   1.0300975e-03	
   1.7807510e-03	
   2.1387459e-03	
   2.2557582e-03	
   3.3630496e-03	
   4.0595434e-03	
   4.0306540e-03	
   3.7409127e-03	
   4.0342867e-03	
   3.9041504e-03	
   3.5372813e-03	
   3.5095808e-03	
   3.4727937e-03	
   3.5281705e-03	
   4.1648324e-03	
   4.6000011e-03	
   4.2368384e-03	
   4.3449447e-03	
   4.3568609e-03	
   3.7792680e-03	
   3.4557663e-03	
   3.3221278e-03	
   2.8847212e-03	
   2.6547215e-03	
   2.5754910e-03	
   2.6184507e-03	
   2.1960089e-03	
   2.1292197e-03	
   2.2987639e-03	
   2.2657316e-03	
   2.5238554e-03	
   2.5569302e-03	
   2.8831619e-03	
   3.0610227e-03	
   3.2747136e-03	
   3.6026356e-03	
   3.8849819e-03	
   4.2299277e-03	
   4.7477347e-03	
   5.4692481e-03	
   6.6153219e-03	
   7.5041333e-03	
   7.9252576e-03	
   8.3195664e-03	
   8.5393768e-03	
   8.8861670e-03	
   9.0601757e-03	
   9.5682424e-03	
   9.8491768e-03	
   8.8989995e-03	
   7.3606335e-03	
   6.7422840e-03	
   7.0231417e-03	
   6.5290875e-03	
   5.3545550e-03	
   5.2559566e-03	
   4.8118429e-03	
   3.9335247e-03	
   3.4020261e-03	
   3.1136277e-03	
   2.9333272e-03	
   2.2799494e-03	
   2.3098925e-03	
   2.1633565e-03	
   2.3596377e-03	
   3.0796838e-03	
   4.1604635e-03	
   4.0640067e-03	
   4.2221881e-03	
   5.2511074e-03	
   5.0501080e-03	
   5.2741959e-03	
   5.8565194e-03	
   5.3650618e-03	
   5.3102207e-03	
   5.5562560e-03	
   5.1789681e-03	
   4.1618995e-03	
   3.9977332e-03	
   3.1548468e-03	
   2.3826590e-03	
   2.5325172e-03	
   7.0077368e-04	
  -9.1602397e-04	
  -1.5270044e-03	
  -2.8525780e-03	
  -4.2210706e-03	
  -5.5941186e-03	
  -6.1789992e-03	
  -6.9916888e-03	
  -8.0112442e-03	
  -8.5865355e-03	
  -9.5153312e-03	
  -1.0161623e-02	
  -1.0863570e-02	
  -1.2132471e-02	
  -1.2805572e-02	
  -1.3124945e-02	
  -1.3852994e-02	
  -1.4825927e-02	
  -1.6257721e-02	
  -1.7631678e-02	
  -1.8241001e-02	
  -1.8837892e-02	
  -1.9841676e-02	
  -2.0531693e-02	
  -2.0963379e-02	
  -2.1266113e-02	
  -2.1854031e-02	
  -2.2466103e-02	
  -2.2814144e-02	
  -2.3431077e-02	
  -2.3236879e-02	
  -2.3265411e-02	
  -2.3058528e-02	
  -2.2883451e-02	
  -2.4034860e-02	
  -2.4374292e-02	
  -2.4066454e-02	
  -2.4275261e-02	
  -2.5007805e-02	
  -2.5044196e-02	
  -2.5253145e-02	
  -2.5713120e-02	
  -2.6047674e-02	
  -2.5500921e-02	
  -2.4545835e-02	
  -2.3960307e-02	
  -2.3106978e-02	
  -2.1662770e-02	
  -2.0705289e-02	
  -1.9371983e-02	
  -1.7847069e-02	
  -1.6997345e-02	
  -1.6204315e-02	
  -1.4614489e-02	
  -1.3412653e-02	
  -1.2628053e-02	
  -1.1382009e-02	
  -1.0630803e-02	
  -1.0439372e-02	
  -9.8696321e-03	
  -8.8472447e-03	
  -8.6321602e-03	
  -8.0523613e-03	
  -7.7643882e-03	
  -7.6890157e-03	
  -7.0301273e-03	
  -7.1321206e-03	
  -7.0572496e-03	
  -7.0237199e-03	
  -7.5086999e-03	
  -7.7071110e-03	
  -7.9634129e-03	
  -8.6607103e-03	
  -8.4093408e-03	
  -8.2132307e-03	
  -8.5630771e-03	
  -8.3854812e-03	
  -7.1703290e-03	
  -6.0788467e-03	
  -5.4592983e-03	
  -4.8835645e-03	
  -3.4304299e-03	
  -2.1660310e-03	
  -1.6207583e-03	
  -1.3875408e-03	
  -9.7360797e-04	
  -2.8710185e-04	
  -2.1823044e-04	
  -1.1869638e-04	
   5.5005659e-04	
   6.4969148e-04	
   3.7331949e-04	
   6.4278612e-04	
   1.1771001e-03	
   1.1853489e-03	
   9.1623401e-04	
   1.2504478e-03	
   1.9289796e-03	
   2.0526348e-03	
   2.3600584e-03	
   2.7270685e-03	
   2.0662538e-03	
   1.4531027e-03	
   1.7574855e-03	
   2.1880799e-03	
   2.1042090e-03	
   2.2017579e-03	
   2.2797405e-03	
   2.2975119e-03	
   2.2060366e-03	
   1.7363269e-03	
   1.4792533e-03	
   1.3237388e-03	
   7.8703581e-04	
   1.6362317e-04	
  -8.7114090e-04	
  -1.2508608e-03	
  -1.7086135e-03	
  -2.6702403e-03	
  -2.6172654e-03	
  -3.3397505e-03	
  -4.9889586e-03	
  -4.5060725e-03	
  -4.0602478e-03	
  -5.2210622e-03	
  -5.6592328e-03	
  -5.5473511e-03	
  -5.5580437e-03	
  -6.3815462e-03	
  -6.9824435e-03	
  -7.2170806e-03	
  -8.0849942e-03	
  -9.1129984e-03	
  -9.4259757e-03	
  -1.0253321e-02	
  -1.0975074e-02	
  -1.1088914e-02	
  -1.1816095e-02	
  -1.2375763e-02	
  -1.1788672e-02	
  -1.1699712e-02	
  -1.1951488e-02	
  -1.1433097e-02	
  -1.1572720e-02	
  -1.1469647e-02	
  -1.0472848e-02	
  -1.0587609e-02	
  -1.0448859e-02	
  -1.0204540e-02	
  -1.0275346e-02	
  -1.0365445e-02	
  -1.0278709e-02	
  -1.0167918e-02	
  -1.0071276e-02	
  -1.0542244e-02	
  -1.0430634e-02	
  -1.0668008e-02	
  -1.0936942e-02	
  -1.0623174e-02	
  -1.0661784e-02	
  -1.1564395e-02	
  -1.2015521e-02	
  -1.1586503e-02	
  -1.1360409e-02	
  -1.1535385e-02	
  -1.1716391e-02	
  -1.1191828e-02	
  -1.0963893e-02	
  -1.0704405e-02	
  -9.8926539e-03	
  -9.1488527e-03	
  -8.7177810e-03	
  -8.0414581e-03	
  -7.4331799e-03	
  -6.9086758e-03	
  -6.0921158e-03	
  -5.0418485e-03	
  -4.3724894e-03	
  -3.8433562e-03	
  -2.5505865e-03	
  -1.6968294e-03	
  -1.0610064e-03	
   2.9881559e-04	
   1.4362535e-03	
   1.7973194e-03	
   2.1219132e-03	
   2.8580756e-03	
   2.9331667e-03	
   3.5384412e-03	
   3.5882001e-03	
   3.3386053e-03	
   4.2585811e-03	
   4.9236810e-03	
   5.2176237e-03	
   5.5129966e-03	
   5.4680232e-03	
   5.8038748e-03	
   6.3779826e-03	
   6.7929414e-03	
   6.8418996e-03	
   6.7890651e-03	
   6.5300079e-03	
   6.0614122e-03	
   5.6680716e-03	
   6.0062354e-03	
   6.8477052e-03	
   6.8928284e-03	
   7.5690156e-03	
   7.6768440e-03	
   7.9631592e-03	
   8.4888846e-03	
   9.2407688e-03	
   9.5309131e-03	
   9.5830750e-03	
   9.8782284e-03	
   9.7704295e-03	
   9.3927528e-03	
   8.7077451e-03	
   7.8758569e-03	
   7.2998281e-03	
   7.0158611e-03	
   6.3221863e-03	
   5.8633846e-03	
   5.2065246e-03	
   4.2374260e-03	
   3.5074314e-03	
   3.2287709e-03	
   3.2734846e-03	
   3.5489822e-03	
   3.2787380e-03	
   2.8361595e-03	
   3.6615654e-03	
   3.9125354e-03	
   3.7894750e-03	
   3.8390232e-03	
   4.5134593e-03	
   4.9609837e-03	
   5.0265009e-03	
   4.8557106e-03	
   5.1394835e-03	
   5.6565282e-03	
   5.3505277e-03	
   5.0255581e-03	
   5.0211065e-03	
   4.7526134e-03	
   4.1076473e-03	
   3.5635204e-03	
   3.1304285e-03	
   2.8697411e-03	
   2.9142672e-03	
   3.0598315e-03	
   2.9112630e-03	
   2.8505484e-03	
   3.0941358e-03	
   3.5951449e-03	
   3.9318037e-03	
   3.8637572e-03	
   4.1461430e-03	
   4.7450827e-03	
   5.5375606e-03	
   6.0291274e-03	
   6.5270048e-03	
   7.2662925e-03	
   7.9449164e-03	
   8.7210791e-03	
   9.3641850e-03	
   1.0235055e-02	
   1.0062320e-02	
   9.9881985e-03	
   1.0435100e-02	
   1.0474642e-02	
   1.0610578e-02	
   1.0548769e-02	
   1.0640780e-02	
   1.0616761e-02	
   1.0158036e-02	
   9.6182921e-03	
   9.4926044e-03	
   9.6656396e-03	
   9.5065579e-03	
   9.5896122e-03	
   9.6049640e-03	
   1.0072669e-02	
   1.0534592e-02	
   1.0541742e-02	
   1.0126790e-02	
   9.7065974e-03	
   9.7643879e-03	
   9.1714202e-03	
   8.4020956e-03	
   8.0468802e-03	
   8.3079552e-03	
   7.8916158e-03	
   7.5872879e-03	
   7.6418865e-03	
   7.3801802e-03	
   7.4193090e-03	
   7.6637460e-03	
   8.1026411e-03	
   8.6741623e-03	
   8.8272732e-03	
   8.9601589e-03	
   9.5475216e-03	
   9.7089279e-03	
   9.8089270e-03	
   9.9701445e-03	
   9.9485210e-03	
   1.0175559e-02	
   1.0662321e-02	
   1.0750933e-02	
   1.0577880e-02	
   1.0462199e-02	
   1.0702417e-02	
   1.0774863e-02	
   1.0648420e-02	
   1.0443071e-02	
   1.0394166e-02	
   1.0291535e-02	
   9.9286852e-03	
   9.5742781e-03	
   8.9853755e-03	
   8.1954894e-03	
   7.7377556e-03	
   7.8713670e-03	
   7.4032315e-03	
   6.6328449e-03	
   6.2855591e-03	
   6.3256909e-03	
   6.2378694e-03	
   6.3138260e-03	
   6.3691090e-03	
   6.0012086e-03	
   5.5364922e-03	
   5.9917332e-03	
   6.6141891e-03	
   6.6202366e-03	
   6.3643418e-03	
   6.1016443e-03	
   5.9315827e-03	
   6.0354227e-03	
   6.2573689e-03	
   6.6733779e-03	
   6.9033186e-03	
   6.6780271e-03	
   6.8500062e-03	
   7.1812381e-03	
   7.4041165e-03	
   7.3375055e-03	
   7.3054862e-03	
   7.2523154e-03	
   7.5508908e-03	
   7.3781388e-03	
   6.6407686e-03	
   6.6910661e-03	
   6.6822338e-03	
   6.2978606e-03	
   5.7928442e-03	
   5.6703519e-03	
   5.4859480e-03	
   4.8398514e-03	
   4.0356561e-03	
   3.6430529e-03	
   3.5268507e-03	
   3.2596580e-03	
   3.0744375e-03	
   2.8421881e-03	
   2.6334361e-03	
   2.2092255e-03	
   2.0639050e-03	
   2.1200222e-03	
   2.2737361e-03	
   2.4826645e-03	
   2.5880397e-03	
   2.7081407e-03	
   3.1114494e-03	
   3.2147147e-03	
   3.1695166e-03	
   3.0425828e-03	
   3.0782642e-03	
   3.6996251e-03	
   3.9466758e-03	
   4.3951254e-03	
   4.8597356e-03	
   5.0264348e-03	
   5.5769962e-03	
   6.0167197e-03	
   6.3624833e-03	
   6.8685676e-03	
   7.2121659e-03	
   7.2005370e-03	
   6.9371374e-03	
   6.5126265e-03	
   6.3616986e-03	
   6.5949197e-03	
   6.4281208e-03	
   6.0266022e-03	
   5.9540145e-03	
   6.1184180e-03	
   6.2791045e-03	
   6.2498523e-03	
   5.7450524e-03	
   5.1709559e-03	
   5.2632584e-03	
   5.2291859e-03	
   5.1236031e-03	
   4.8821143e-03	
   4.3643964e-03	
   3.9234375e-03	
   3.4973389e-03	
   3.2185173e-03	
   3.2670690e-03	
   2.8497732e-03	
   2.5038644e-03	
   3.0647503e-03	
   3.3407523e-03	
   3.4492114e-03	
   3.5989268e-03	
   4.1857644e-03	
   4.6911514e-03	
   4.9598728e-03	
   5.2961326e-03	
   5.1942190e-03	
   5.1530801e-03	
   5.3994015e-03	
   5.4438161e-03	
   5.3648558e-03	
   5.1468857e-03	
   4.7680921e-03	
   4.4016460e-03	
   3.9342964e-03	
   3.2900388e-03	
   3.0763886e-03	
   2.9270992e-03	
   2.3928412e-03	
   2.2229690e-03	
   2.0644501e-03	
   1.7208223e-03	
   1.6833260e-03	
   1.8152111e-03	
   1.6830800e-03	
   1.1747142e-03	
   7.3664627e-04	
   7.0920006e-04	
  -2.5821391e-05	
  -7.2644930e-04	
  -1.1848498e-03	
  -1.7500893e-03	
  -2.3300646e-03	
  -2.8382977e-03	
  -3.4936148e-03	
  -3.8101315e-03	
  -4.0311602e-03	
  -4.2912081e-03	
  -4.4661472e-03	
  -4.4635677e-03	
  -4.8347745e-03	
  -4.9499702e-03	
  -4.7819435e-03	
  -5.0316917e-03	
  -5.0458340e-03	
  -4.8573768e-03	
  -4.7122096e-03	
  -4.7558903e-03	
  -4.5480657e-03	
  -4.5854747e-03	
  -4.4445426e-03	
  -4.3001436e-03	
  -4.1917541e-03	
  -4.1572285e-03	
  -4.1145857e-03	
  -3.9935867e-03	
  -4.1092391e-03	
  -4.2142603e-03	
  -4.3498482e-03	
  -4.7075764e-03	
  -5.0677271e-03	
  -5.7513094e-03	
  -5.7500710e-03	
  -5.8618512e-03	
  -6.1766982e-03	
  -6.3858768e-03	
  -6.5693963e-03	
  -6.4275249e-03	
  -6.4688308e-03	
  -6.7452163e-03	
  -6.5410055e-03	
  -6.4998530e-03	
  -6.6493472e-03	
  -6.3386060e-03	
  -6.0084951e-03	
  -5.5295101e-03	
  -5.3277030e-03	
  -5.5665001e-03	
  -5.0490908e-03	
  -4.2535655e-03	
  -4.0469675e-03	
  -4.0102288e-03	
  -3.7585006e-03	
  -3.5343012e-03	
  -3.2086672e-03	
  -2.9516060e-03	
  -3.1902893e-03	
  -3.5019651e-03	
  -3.4532971e-03	
  -3.3707113e-03	
  -3.7112375e-03	
  -4.0342235e-03	
  -4.3420826e-03	
  -4.8607244e-03	
  -5.3068730e-03	
  -5.7344737e-03	
  -6.2758182e-03	
  -6.6687228e-03	
  -6.8202584e-03	
  -7.0332838e-03	
  -7.2842462e-03	
  -7.6204872e-03	
  -7.7949561e-03	
  -7.6496332e-03	
  -7.9339011e-03	
  -7.9750595e-03	
  -8.0590224e-03	
  -7.7144447e-03	
  -7.6301632e-03	
  -7.8448052e-03	
  -7.2806472e-03	
  -7.1868195e-03	
  -7.4449386e-03	
  -7.4311208e-03	
  -7.5527493e-03	
  -7.8223380e-03	
  -7.7313187e-03	
  -7.6618226e-03	
  -7.6759177e-03	
  -7.6072948e-03	
  -7.8701221e-03	
  -8.1432331e-03	
  -8.2146703e-03	
  -8.1409498e-03	
  -8.1405191e-03	
  -8.2567786e-03	
  -8.2043040e-03	
  -7.9829065e-03	
  -7.4051490e-03	
  -6.9918304e-03	
  -6.6993910e-03	
  -6.3730974e-03	
  -6.2844027e-03	
  -6.1502721e-03	
  -5.6271285e-03	
  -5.5487771e-03	
  -5.3151271e-03	
  -5.0537559e-03	
  -4.9070170e-03	
  -4.7580497e-03	
  -4.5461400e-03	
  -4.2986385e-03	
  -4.4072611e-03	
  -4.5432962e-03	
  -4.2164970e-03	
  -4.0575268e-03	
  -4.0338884e-03	
  -3.6607022e-03	
  -3.5018223e-03	
  -3.4168281e-03	
  -3.2287012e-03	
  -2.9682959e-03	
  -2.8342497e-03	
  -2.7512320e-03	
  -2.5665071e-03	
  -2.5801166e-03	
  -2.7637907e-03	
  -3.0304831e-03	
  -3.0893633e-03	
  -2.9571962e-03	
  -2.8151018e-03	
  -3.0486793e-03	
  -3.1794009e-03	
  -3.1837374e-03	
  -3.4573705e-03	
  -3.8536735e-03	
  -4.1003855e-03	
  -4.0209491e-03	
  -4.0560978e-03	
  -4.2860208e-03	
  -4.4413530e-03	
  -4.4603298e-03	
  -4.6118465e-03	
  -4.6991423e-03	
  -4.5317882e-03	
  -4.4066563e-03	
  -4.5509455e-03	
  -4.6676292e-03	
  -4.5676903e-03	
  -4.3890442e-03	
  -4.3483006e-03	
  -4.1593024e-03	
  -4.1146169e-03	
  -4.2403713e-03	
  -4.1562349e-03	
  -4.0883779e-03	
  -4.0037907e-03	
  -3.8666688e-03	
  -3.7369851e-03	
  -3.3797560e-03	
  -3.3729480e-03	
  -3.2121258e-03	
  -2.8510399e-03	
  -2.5342300e-03	
  -2.2925300e-03	
  -2.2259750e-03	
  -2.0392872e-03	
  -1.9599151e-03	
  -1.8608641e-03	
  -1.9524540e-03	
  -1.9648044e-03	
  -1.8479390e-03	
  -1.7734916e-03	
  -1.7178092e-03	
  -1.7122774e-03	
  -1.5485606e-03	
  -1.5063514e-03	
  -1.5504480e-03	
  -1.4974572e-03	
  -1.4812192e-03	
  -1.4767258e-03	
  -1.5167514e-03	
  -1.3172847e-03	
  -1.2146542e-03	
  -1.1288942e-03	
  -8.7479123e-04	
  -6.2260222e-04	
  -5.1989974e-04	
  -2.7089136e-04	
  -5.0317855e-05	
   9.0463402e-05	
   3.5729362e-04	
   5.8314904e-04	
   6.6262192e-04	
   7.1053995e-04	
   8.4950265e-04	
   9.0232712e-04	
   9.7925073e-04	
   1.0661583e-03	
   1.1082460e-03	
   1.1307586e-03	
   1.1360403e-03	
   1.3222809e-03	
   1.3753702e-03	
   1.3756641e-03	
   1.4276702e-03	
   1.3764334e-03	
   1.3495247e-03	
   1.3534476e-03	
   1.3575381e-03	
   1.3502616e-03	
   1.2601574e-03	
   1.0769760e-03	
   9.1149454e-04	
   8.0717074e-04	
   6.4976641e-04	
   4.6178934e-04	
   4.0216860e-04	
   5.7106731e-04	
   7.4477706e-04	
   7.6302517e-04	
   7.7719461e-04	
   7.3581968e-04	
   5.4228198e-04	
   5.0570056e-04	
   6.2275208e-04	
   6.9034189e-04	
   6.3374201e-04	
   6.2291787e-04	
   7.3756431e-04	
   8.4199136e-04	
   9.6362989e-04	
   1.3252503e-03	
   1.5035129e-03	
   1.7067142e-03	
   2.1060481e-03	
   2.5224524e-03	
   2.7905242e-03	
   2.9043057e-03	
   3.1780545e-03	
   3.4523673e-03	
   3.5833845e-03	
   3.6816224e-03	
   3.6975725e-03	
   3.9698315e-03	
   4.2159117e-03	
   4.2508910e-03	
   4.2138313e-03	
   4.2709445e-03	
   4.4505960e-03	
   4.5609808e-03	
   4.6378803e-03	
   4.7694550e-03	
   4.7644589e-03	
   4.8038225e-03	
   4.9571004e-03	
   4.9306040e-03	
   4.7449222e-03	
   4.6226518e-03	
   4.5810562e-03	
   4.5521627e-03	
   4.4916258e-03	
   4.4099167e-03	
   4.4014673e-03	
   4.4845157e-03	
   4.6646627e-03	
   4.7592362e-03	
   4.7778342e-03	
   4.7461010e-03	
   4.8407453e-03	
   4.8289417e-03	
   4.6933816e-03	
   4.7028605e-03	
   4.7431439e-03	
   4.5202767e-03	
   4.3787965e-03	
   4.2021782e-03	
   4.2064823e-03	
   4.2146733e-03	
   4.0577114e-03	
   3.8884186e-03	
   3.9193995e-03	
   3.8173720e-03	
   3.6466578e-03	
   3.7239939e-03	
   3.6581705e-03	
   3.4448082e-03	
   3.3037174e-03	
   3.1856082e-03	
   3.1227349e-03	
   3.0335352e-03	
   2.9604141e-03	
   2.9501021e-03	
   2.8894743e-03	
   2.9190704e-03	
   2.9695703e-03	
   2.8651551e-03	
   2.8106603e-03	
   2.7525724e-03	
   2.6697512e-03	
   2.7373162e-03	
   2.7063731e-03	
   2.5933692e-03	
   2.3698760e-03	
   2.1118596e-03	
   2.0084615e-03	
   1.8845414e-03	
   1.8226333e-03	
   1.6832853e-03	
   1.4729604e-03	
   1.4165210e-03	
   1.3761892e-03	
   1.2031044e-03	
   9.7727954e-04	
   9.6688315e-04	
   9.0140023e-04	
   7.2802519e-04	
   6.3896764e-04	
   4.7454337e-04	
   4.6050538e-04	
   5.7336943e-04	
   5.5756994e-04	
   5.8060372e-04	
   6.6759149e-04	
   7.2463269e-04	
   8.1281232e-04	
   8.8516815e-04	
   9.0086569e-04	
   9.6357738e-04	
   1.0101313e-03	
   9.9119705e-04	
   9.4294154e-04	
   8.2987394e-04	
   7.0996175e-04	
   7.4419650e-04	
   6.0790237e-04	
   4.7844457e-04	
   5.2365710e-04	
   5.3387672e-04	
   4.3847213e-04	
   4.1531622e-04	
   3.5654585e-04	
   3.3363131e-04	
   3.6528050e-04	
   3.7579206e-04	
   3.4878027e-04	
   2.1316635e-04	
   8.0149789e-05	
   6.3636515e-05	
   6.4420330e-05	
   1.9100495e-05	
  -3.6290015e-05	
  -6.7979033e-05	
  -9.0968678e-05	
  -1.6394719e-04	
  -1.6774379e-04	
  -8.1351796e-05	
  -1.0806511e-04	
  -2.7567343e-04	
  -3.1526980e-04	
  -2.9371085e-04	
  -2.9593303e-04	
  -3.5595467e-04	
  -4.1671476e-04	
  -4.8341733e-04	
  -6.6520612e-04	
  -5.6976099e-04	
  -5.2009792e-04	
  -5.8594405e-04	
  -5.6805460e-04	
  -5.4753652e-04	
  -5.4951036e-04	
  -5.3505643e-04	
  -5.2113957e-04	
  -5.0359515e-04	
  -4.1750831e-04	
  -3.8748557e-04	
  -2.8201145e-04	
  -1.8509669e-04	
  -1.7070677e-04	
  -1.3108384e-04	
  -1.4956052e-05	
   1.4484406e-05	
   5.8349330e-05	
   9.2408396e-05	
   2.1344135e-04	
   3.7973255e-04	
   4.3174542e-04	
   4.5161998e-04	
   5.6819679e-04	
   6.5897631e-04	
   7.6711446e-04	
   8.6811774e-04	
   9.5752162e-04	
   1.1232172e-03	
   1.1956568e-03	
   1.2362648e-03	
   1.2941231e-03	
   1.2853233e-03	
   1.2535476e-03	
   1.2348364e-03	
   1.1941228e-03	
   1.1476757e-03	
   1.1252220e-03	
   1.0454706e-03	
   1.0992609e-03	
   1.1519650e-03	
   1.1015796e-03	
   1.0403081e-03	
   1.0281222e-03	
   1.0456605e-03	
   1.0251179e-03	
   9.5291785e-04	
   8.2081331e-04	
   8.0142119e-04	
   7.5519056e-04	
   7.0924254e-04	
   6.9344116e-04	
   6.2454627e-04	
   5.7513702e-04	
   5.3095062e-04	
   5.1826461e-04	
   4.8799643e-04	
   4.7418530e-04	
   4.6236642e-04	
   4.2818265e-04	
   4.5538902e-04	
   4.4061377e-04	
   3.7128954e-04	
   3.1629080e-04	
   3.3662940e-04	
   2.7422752e-04	
   1.7994298e-04	
   1.0839633e-04	
   1.2949184e-05	
  -8.0209202e-05	
  -1.7992847e-04	
  -2.7957309e-04	
  -3.9054271e-04	
  -5.1927104e-04	
  -5.9797621e-04	
  -6.8068477e-04	
  -7.5656880e-04	
  -7.5653930e-04	
  -8.2976715e-04	
  -8.8311200e-04	
  -8.8690570e-04	
  -9.0825662e-04	
  -9.1946721e-04	
  -9.4994838e-04	
  -9.5682896e-04	
  -9.5399814e-04	
  -9.9804990e-04	
  -1.0043741e-03	
  -1.0058715e-03	
  -1.0090658e-03	
  -1.0570204e-03	
  -1.0618283e-03	
  -1.0321767e-03	
  -1.0202817e-03	
  -9.9364142e-04	
  -9.4871410e-04	
  -9.1861289e-04	
  -9.2043304e-04	
  -9.1648712e-04	
  -8.7237105e-04	
  -8.7106125e-04	
  -8.9060323e-04	
  -8.7708633e-04	
  -8.4407583e-04	
  -8.4830318e-04	
  -8.5925240e-04	
  -8.6358064e-04	
  -8.7737956e-04	
  -8.6000052e-04	
  -8.8016259e-04	
  -9.3769290e-04	
  -9.0902067e-04	
  -8.8874591e-04	
  -9.5113133e-04	
  -9.8018057e-04	
  -9.7716331e-04	
  -1.0230706e-03	
  -1.0801738e-03	
  -1.1167703e-03	
  -1.1473960e-03	
  -1.1890004e-03	
  -1.2217189e-03	
  -1.2083471e-03	
  -1.2078657e-03	
  -1.2226653e-03	
  -1.2337691e-03	
  -1.2198858e-03	
  -1.2535276e-03	
  -1.3050086e-03	
  -1.3253683e-03	
  -1.3555988e-03	
  -1.3779509e-03	
  -1.3913935e-03	
  -1.4184674e-03	
  -1.4282401e-03	
  -1.4169151e-03	
  -1.4133167e-03	
  -1.4201341e-03	
  -1.4126990e-03	
  -1.3984328e-03	
  -1.3505873e-03	
  -1.3235842e-03	
  -1.3119865e-03	
  -1.2667082e-03	
  -1.2247609e-03	
  -1.2222806e-03	
  -1.2153587e-03	
  -1.1986700e-03	
  -1.1938178e-03	
  -1.1801021e-03	
  -1.1649414e-03	
  -1.1468019e-03	
  -1.1398363e-03	
  -1.1303096e-03	
  -1.1060571e-03	
  -1.0973145e-03	
  -1.0459721e-03	
  -1.0053163e-03	
  -9.9456182e-04	
  -9.5934059e-04	
  -9.2921519e-04	
  -8.8330847e-04	
  -8.2545130e-04	
  -7.9022535e-04	
  -7.5518879e-04	
  -7.0428949e-04	
  -6.8575995e-04	
  -6.7145658e-04	
  -6.4969266e-04	
  -6.2472799e-04	
  -6.1089131e-04	
  -5.9779508e-04	
  -5.9643041e-04	
  -5.7375565e-04	
  -5.3064989e-04	
  -5.0179547e-04	
  -4.6928317e-04	
  -4.3673057e-04	
  -4.1389208e-04	
  -3.9592735e-04	
  -3.6922247e-04	
  -3.6246685e-04	
  -3.6207757e-04	
  -3.5412714e-04	
  -3.5236051e-04	
  -3.4673356e-04	
  -3.3660444e-04	
  -3.4330336e-04	
  -3.3702434e-04	
  -3.1193023e-04	
  -2.8685009e-04	
  -2.6367779e-04	
  -2.4151963e-04	
  -2.1564329e-04	
  -1.9474372e-04	
  -1.8294956e-04	
  -1.5416535e-04	
  -1.3698118e-04	
  -1.2624832e-04	
  -1.1999036e-04	
  -1.0728654e-04	
  -9.7343392e-05	
  -8.8979375e-05	
  -8.0670523e-05	
  -7.4876369e-05	
  -6.7259882e-05	
  -5.0146661e-05	
  -4.5690603e-05	
  -2.6629910e-05	
  -6.2902555e-06	
   7.4607624e-06	
   1.6336858e-05	
   1.7403855e-05	
   2.5684222e-05	
   4.2268756e-05	
   3.5465543e-05	
   2.8685776e-05	
   3.1799796e-05	
   3.5699915e-05	
   3.5766962e-05	
   3.1540763e-05	
   3.4837093e-05	
   4.2649973e-05	
   5.4961078e-05	
   5.4849338e-05	
   5.8153197e-05	
   7.5393150e-05	
   8.9965147e-05	
   1.0907124e-04	
   1.2507286e-04	
   1.3004467e-04	
   1.4455507e-04	
   1.5797415e-04	
   1.6286295e-04	
   1.6964294e-04	
   1.7652157e-04	
   1.8070756e-04	
   1.8724919e-04	
   1.8708210e-04	
   1.8258494e-04	
   1.9185773e-04	
   1.9562559e-04	
   1.9460129e-04	
   2.0367467e-04	
   2.0449536e-04	
   1.9591292e-04	
   2.0664408e-04	
   2.0943885e-04	
   2.0429889e-04	
   2.0707914e-04	
   2.1573810e-04	
   2.1329556e-04	
   2.0867757e-04	
   2.1667201e-04	
   2.1918506e-04	
   2.1615576e-04	
   2.2388158e-04	
   2.2930444e-04	
   2.3286279e-04	
   2.3836437e-04	
   2.4515456e-04	
   2.4853024e-04	
   2.5148650e-04	
   2.5651194e-04	
   2.5546522e-04	
   2.5716997e-04	
   2.5673348e-04	
   2.5470294e-04	
   2.5053365e-04	
   2.4263597e-04	
   2.3255865e-04	
   2.2985781e-04	
   2.2490080e-04	
   2.1674476e-04	
   2.1094919e-04	
   1.9979436e-04	
   1.8871286e-04	
   1.7569634e-04	
   1.6419275e-04	
   1.5861088e-04	
   1.4974094e-04	
   1.4021138e-04	
   1.3415626e-04	
   1.2815260e-04	
   1.2219142e-04	
   1.1680702e-04	
   1.1500038e-04	
   1.1282310e-04	
   1.1070613e-04	
   1.0862484e-04	
   1.0416668e-04	
   1.0198244e-04	
   1.0060650e-04	
   9.9058522e-05	
   9.5885207e-05	
   9.0144271e-05	
   8.4854685e-05	
   8.2899543e-05	
   7.4746274e-05	
   7.1320616e-05	
   6.7833480e-05	
   6.2168005e-05	
   5.8613202e-05	
   5.4949685e-05	
   5.2347001e-05	
   5.0903507e-05	
   4.8944229e-05	
   4.5735791e-05	
   4.2369304e-05	
   4.0866427e-05	
   3.8166764e-05	
   3.8634516e-05	
   3.9416714e-05	
   3.7271799e-05	
   3.4544783e-05	
   3.3270035e-05	
   3.2325351e-05	
   3.0685865e-05	
   2.6839920e-05	
   2.4969980e-05	
   2.4381496e-05	
   2.2497662e-05	
   2.0884460e-05	
   1.9739247e-05	
   1.9611323e-05	
   2.1285772e-05	
   2.1841623e-05	
   2.1455061e-05	
   2.4044376e-05	
   2.4639686e-05	
   2.4974423e-05	
   2.4851384e-05	
   2.5706035e-05	
   2.5483546e-05	
   2.4756589e-05	
   2.5775070e-05	
   2.6451328e-05	
   2.5512721e-05	
   2.6189427e-05	
   2.6445830e-05	
   2.6847513e-05	
   2.6301262e-05	
   2.5410598e-05	
   2.5078794e-05	
   2.4259661e-05	
   2.2766360e-05	
   2.1761855e-05	
   2.0826605e-05	
   1.8324297e-05	
   1.6831827e-05	
   1.5955582e-05	
   1.5706018e-05	
   1.4658574e-05	
   1.3885868e-05	
   1.3169927e-05	
   1.2784858e-05	
   1.3564802e-05	
   1.3428831e-05	
   1.3769125e-05	
   1.3596125e-05	
   1.3040623e-05	
   1.2202356e-05	
   1.1558784e-05	
   1.0738555e-05	
   9.9242012e-06	
   1.0124111e-05	
   9.7546411e-06	
   9.3541373e-06	
   8.7807163e-06	
   8.5891374e-06	
   8.3599342e-06	
   8.0699374e-06	
   7.9394117e-06	
   7.4233800e-06	
   6.2933471e-06	
   5.4136884e-06	
   5.8272093e-06	
   5.2914728e-06	
   4.5349453e-06	
   4.3165987e-06	
   3.7363284e-06	
   3.4414535e-06	
   2.7091284e-06	
   1.8959331e-06	
   1.1559486e-06	
   4.0857117e-07	
   4.3308578e-08	
  -3.6511371e-07	
  -9.4675058e-07	
  -1.6226251e-06	
  -2.1723865e-06	
  -2.2782366e-06	
  -2.4997427e-06	
  -2.7093538e-06	
  -2.9237544e-06	
  -3.0335552e-06	
  -3.0662424e-06	
  -3.5823337e-06	
  -4.0933073e-06	
  -3.8630156e-06	
  -4.0515105e-06	
  -4.4910523e-06	
  -4.8234376e-06	
  -5.1175267e-06	
  -5.5163920e-06	
  -5.8060189e-06	
  -6.1216217e-06	
  -6.5942884e-06	
  -7.0621053e-06	
  -7.2492356e-06	
  -7.6100383e-06	
  -8.0370567e-06	
  -8.4833327e-06	
  -8.9164871e-06	
  -9.3661615e-06	
  -9.6818882e-06	
  -9.9825758e-06	
  -1.0295978e-05	
  -1.0640768e-05	
  -1.0938883e-05	
  -1.1161396e-05	
  -1.1371831e-05	
  -1.1553132e-05	
  -1.1737926e-05	
  -1.1946013e-05	
  -1.2034271e-05	
  -1.2190645e-05	
  -1.2436144e-05	
  -1.2582275e-05	
  -1.2715202e-05	
  -1.2954282e-05	
  -1.3149265e-05	
  -1.3211168e-05	
  -1.3324973e-05	
  -1.3444206e-05	
  -1.3500551e-05	
  -1.3569522e-05	
  -1.3625720e-05	
  -1.3676312e-05	
  -1.3707494e-05	
  -1.3679244e-05	
  -1.3729040e-05	
  -1.3754924e-05	
  -1.3740433e-05	
  -1.3746628e-05	
  -1.3809410e-05	
  -1.3875756e-05	
  -1.3906548e-05	
  -1.3955972e-05	
  -1.3970675e-05	
  -1.4004576e-05	
  -1.4074657e-05	
  -1.4109909e-05	
  -1.4138908e-05	
  -1.4188025e-05	
  -1.4226316e-05	
  -1.4270059e-05	
  -1.4303346e-05	
  -1.4339484e-05	
  -1.4376689e-05	
  -1.4416697e-05	
  -1.4459602e-05	
  -1.4493610e-05	
  -1.4527139e-05	
  -1.4560232e-05	
  -1.4591573e-05	
  -1.4625593e-05	
  -1.4656455e-05	
  -1.4684363e-05	
  -1.4715916e-05	
  -1.4744560e-05	
  -1.4768591e-05	
  -1.4795819e-05	
  -1.4827337e-05	
  -1.4856342e-05	
  -1.4883841e-05	
  -1.4913117e-05	
  -1.4943597e-05	
  -1.4973846e-05	
  -1.5003912e-05	
  -1.5033395e-05	
  -1.5063184e-05	
  -1.5091817e-05	
  -1.5120502e-05	
  -1.5149613e-05	
  -1.5178417e-05	
  -1.5206660e-05	
  -1.5235293e-05	
  -1.5263914e-05	
  -1.5292540e-05	
  -1.5321197e-05	
  -1.5349617e-05	
  -1.5377961e-05	
  -1.5406192e-05	
  -1.5434359e-05	
  -1.5462425e-05	
  -1.5490350e-05	
  -1.5518139e-05	
  -1.5545798e-05	
  -1.5573339e-05	
  -1.5600768e-05	
  -1.5628097e-05	
  -1.5655326e-05	
  -1.5682460e-05	
  -1.5709499e-05	
  -1.5736451e-05	
  -1.5763307e-05	
  -1.5790070e-05	
  -1.5816738e-05	
