   1.4626158e-04	
   1.4985722e-04	
   1.5384895e-04	
   1.5789244e-04	
   1.6045385e-04	
   1.6124521e-04	
   1.6252352e-04	
   1.6089018e-04	
   1.5422571e-04	
   1.4922617e-04	
   1.4561494e-04	
   1.4269086e-04	
   1.4945107e-04	
   1.6841035e-04	
   1.7991988e-04	
   1.8090393e-04	
   1.7741996e-04	
   1.7697861e-04	
   1.9886940e-04	
   2.4479807e-04	
   2.7251657e-04	
   2.8095469e-04	
   2.8751397e-04	
   2.9631597e-04	
   3.0478429e-04	
   3.1605845e-04	
   3.3450842e-04	
   3.4800486e-04	
   3.1031185e-04	
   2.2318373e-04	
   1.8917898e-04	
   1.9640748e-04	
   1.4438993e-04	
   1.6577486e-05	
  -5.5462604e-05	
  -6.0058223e-05	
  -6.0241792e-05	
  -1.1145449e-04	
  -2.1548406e-04	
  -2.8169466e-04	
  -2.7290971e-04	
  -1.9646535e-04	
  -7.2617834e-05	
   9.6220879e-05	
   1.7469324e-04	
   2.8062915e-04	
   5.0353263e-04	
   6.2465564e-04	
   6.3298690e-04	
   6.4089509e-04	
   6.7788542e-04	
   6.8448032e-04	
   5.4557270e-04	
   4.0336966e-04	
   5.7913302e-04	
   7.5462824e-04	
   7.8780956e-04	
   7.8356189e-04	
   7.9331966e-04	
   8.1722323e-04	
   8.3945316e-04	
   8.5880057e-04	
   8.7700961e-04	
   8.9462236e-04	
   9.1433283e-04	
   9.3967342e-04	
   9.6847588e-04	
   9.7370563e-04	
   9.5680241e-04	
   1.0058215e-03	
   1.2970109e-03	
   1.5834775e-03	
   1.3349345e-03	
   1.1280384e-03	
   1.1294209e-03	
   9.0469811e-04	
   3.8341002e-04	
   1.0700559e-04	
  -1.9870532e-04	
  -8.1407867e-04	
  -1.1432205e-03	
  -1.1513803e-03	
  -1.1392851e-03	
  -1.2248019e-03	
  -1.2972360e-03	
  -9.7142620e-04	
  -2.2995445e-04	
   1.4481765e-04	
   1.0717190e-04	
  -2.3053966e-05	
  -3.9168704e-05	
   3.9036257e-04	
   1.1814557e-03	
   1.5494992e-03	
   1.9687310e-03	
   3.0541690e-03	
   3.9931081e-03	
   4.3245891e-03	
   4.3866397e-03	
   4.1873992e-03	
   3.3609843e-03	
   2.2956995e-03	
   1.4269680e-03	
  -3.0510217e-05	
  -1.7912716e-03	
  -2.8769849e-03	
  -3.1224493e-03	
  -3.0171851e-03	
  -2.9235340e-03	
  -3.2486821e-03	
  -4.4942857e-03	
  -6.0450107e-03	
  -6.6744863e-03	
  -6.7024470e-03	
  -6.8016384e-03	
  -6.9507984e-03	
  -6.5108916e-03	
  -5.3498370e-03	
  -4.4868074e-03	
  -3.6746007e-03	
  -2.8893879e-03	
  -2.0605003e-03	
  -7.2488879e-04	
   5.7880013e-04	
   1.8208476e-03	
   2.3553276e-03	
   3.3843997e-03	
   5.6306036e-03	
   7.1043416e-03	
   7.5249457e-03	
   7.4728245e-03	
   7.9627405e-03	
   8.0651558e-03	
   7.4074517e-03	
   7.0272598e-03	
   7.0544747e-03	
   7.2555628e-03	
   7.7712563e-03	
   8.2558568e-03	
   7.9584826e-03	
   7.7334714e-03	
   7.4120147e-03	
   5.9178586e-03	
   3.8067429e-03	
   2.0845025e-03	
   3.4722821e-04	
  -4.4653317e-04	
  -3.8402530e-04	
  -1.2374066e-04	
  -6.3301436e-05	
  -1.0845698e-03	
  -3.0892928e-03	
  -3.9890028e-03	
  -3.9068869e-03	
  -4.2973335e-03	
  -5.4502284e-03	
  -6.0831245e-03	
  -5.6049040e-03	
  -4.5046354e-03	
  -4.0295744e-03	
  -4.1370746e-03	
  -4.2543585e-03	
  -4.2550500e-03	
  -4.2909501e-03	
  -4.5002894e-03	
  -4.5668521e-03	
  -3.5160232e-03	
  -1.4278060e-03	
  -4.0576673e-04	
   6.5433746e-04	
   2.8357313e-03	
   3.9909555e-03	
   4.0056579e-03	
   3.8425684e-03	
   3.7979323e-03	
   3.9003848e-03	
   4.1342982e-03	
   4.1713611e-03	
   2.9744304e-03	
   6.7915497e-04	
  -4.0075021e-04	
  -1.5821957e-03	
  -4.1886365e-03	
  -5.5475282e-03	
  -4.3420578e-03	
  -1.5194851e-03	
  -4.1218129e-05	
  -8.5683131e-05	
  -1.5243582e-03	
  -4.2114818e-03	
  -6.1157295e-03	
  -7.4416093e-03	
  -8.0738647e-03	
  -8.1312133e-03	
  -7.4354056e-03	
  -6.0068732e-03	
  -5.4010497e-03	
  -5.7100007e-03	
  -5.9484601e-03	
  -4.5887820e-03	
  -1.6779466e-03	
  -2.6952687e-04	
  -3.6357411e-04	
  -6.1752715e-04	
  -6.8748963e-04	
  -5.9372629e-04	
  -3.9488618e-04	
  -4.0303778e-04	
  -1.7472569e-03	
  -4.4041049e-03	
  -6.4826089e-03	
  -1.0125418e-02	
  -1.5330380e-02	
  -1.7843665e-02	
  -1.7911001e-02	
  -1.6102083e-02	
  -1.2383717e-02	
  -9.6833486e-03	
  -8.4285095e-03	
  -5.7779702e-03	
  -2.0252657e-03	
   8.5233990e-04	
   3.6735226e-03	
   6.3746814e-03	
   1.0309699e-02	
   1.4182862e-02	
   1.6569991e-02	
   1.7178781e-02	
   1.7054995e-02	
   1.7019631e-02	
   1.7084261e-02	
   1.7232034e-02	
   1.7431648e-02	
   1.7029672e-02	
   1.4927465e-02	
   1.0844952e-02	
   5.0717146e-03	
   4.8563920e-04	
  -8.3509362e-04	
  -2.1931680e-03	
  -5.3362905e-03	
  -6.8725436e-03	
  -7.3923493e-03	
  -9.5989782e-03	
  -1.3762224e-02	
  -1.8169414e-02	
  -2.0100219e-02	
  -2.0122650e-02	
  -1.7621444e-02	
  -1.1877445e-02	
  -6.3183600e-03	
  -6.3552262e-04	
   5.7728208e-03	
   1.1709809e-02	
   1.5297839e-02	
   1.5953537e-02	
   1.3389469e-02	
   8.3123885e-03	
   4.1566655e-03	
  -1.0034647e-03	
  -5.9642880e-03	
  -7.5924508e-03	
  -7.3181184e-03	
  -7.0361586e-03	
  -7.0763301e-03	
  -7.1804200e-03	
  -7.2134624e-03	
  -7.1791623e-03	
  -7.0968803e-03	
  -7.1319091e-03	
  -7.4380871e-03	
  -7.5569982e-03	
  -5.7744616e-03	
  -2.0869420e-03	
  -3.2073285e-04	
  -4.1490719e-04	
  -6.2288335e-04	
  -6.6025572e-04	
  -8.8695146e-04	
  -1.0013497e-03	
   7.9613133e-04	
   4.6100949e-03	
   6.4063034e-03	
   5.9826008e-03	
   5.4916881e-03	
   7.2963173e-03	
   1.1402753e-02	
   1.3343037e-02	
   1.1449986e-02	
   7.4715193e-03	
   5.5490571e-03	
   5.4814266e-03	
   5.9867163e-03	
   7.9158703e-03	
   9.7569183e-03	
   7.8015460e-03	
   5.9148279e-03	
   5.7781126e-03	
   6.0506483e-03	
   6.0515771e-03	
   5.9319712e-03	
   6.2262130e-03	
   6.6604957e-03	
   4.9788049e-03	
  -5.7347138e-04	
  -6.0888671e-03	
  -7.6747532e-03	
  -7.7011410e-03	
  -9.0601208e-03	
  -1.2737450e-02	
  -1.8404412e-02	
  -2.0932226e-02	
  -2.0589870e-02	
  -2.0205180e-02	
  -2.0601827e-02	
  -2.0899933e-02	
  -1.8298789e-02	
  -1.2731894e-02	
  -9.3279986e-03	
  -7.7685172e-03	
  -5.7982187e-03	
  -2.2893718e-03	
   1.2101968e-03	
   4.8734131e-03	
   6.6975416e-03	
   6.6733269e-03	
   4.6504698e-03	
   9.0093860e-04	
  -8.2283199e-04	
  -6.3397712e-04	
  -3.4254425e-04	
  -5.0762741e-04	
  -7.2547627e-04	
   6.5211125e-04	
   4.2210144e-03	
   8.5948229e-03	
   1.4030430e-02	
   1.7317669e-02	
   1.8951276e-02	
   1.9523827e-02	
   1.9613059e-02	
   1.9566999e-02	
   1.8594418e-02	
   1.6927799e-02	
   1.6434584e-02	
   1.5713447e-02	
   1.2039188e-02	
   7.2921307e-03	
   6.4132461e-03	
   8.7536817e-03	
   1.0125862e-02	
   8.5755135e-03	
   4.7108830e-03	
   1.0021711e-03	
  -2.5778699e-03	
  -3.7879216e-03	
  -3.3755759e-03	
  -4.7598448e-03	
  -9.3296461e-03	
  -1.3963990e-02	
  -1.6612400e-02	
  -1.7135108e-02	
  -1.6894492e-02	
  -1.6853219e-02	
  -1.6895448e-02	
  -1.6818431e-02	
  -1.6735698e-02	
  -1.7489390e-02	
  -1.9290320e-02	
  -2.1040035e-02	
  -2.2814947e-02	
  -2.3733675e-02	
  -2.3872546e-02	
  -2.2895829e-02	
  -2.0081804e-02	
  -1.7413152e-02	
  -1.6736386e-02	
  -1.6406200e-02	
  -1.4122564e-02	
  -9.6352478e-03	
  -3.4803571e-03	
   1.6401203e-03	
   4.8419302e-03	
   8.8525307e-03	
   1.2710083e-02	
   1.6185141e-02	
   2.1198297e-02	
   2.7245149e-02	
   3.0711830e-02	
   3.3340918e-02	
   3.5065787e-02	
   3.3538718e-02	
   2.9350600e-02	
   2.3145093e-02	
   1.5554808e-02	
   7.8637355e-03	
   1.3211098e-03	
  -5.3645496e-03	
  -1.1090843e-02	
  -1.6304381e-02	
  -2.0455911e-02	
  -2.2911281e-02	
  -2.3570073e-02	
  -2.3600373e-02	
  -2.3556659e-02	
  -2.2454065e-02	
  -2.0501286e-02	
  -2.0734572e-02	
  -2.3001608e-02	
  -2.2606259e-02	
  -1.7395877e-02	
  -1.0249228e-02	
  -3.2998443e-03	
   3.3300634e-03	
   9.7362936e-03	
   1.5457871e-02	
   2.1301984e-02	
   2.8403657e-02	
   3.3630759e-02	
   3.5360649e-02	
   3.4061839e-02	
   3.2133417e-02	
   3.0190448e-02	
   2.8753892e-02	
   2.8030262e-02	
   2.7557791e-02	
   2.4441673e-02	
   1.9660007e-02	
   1.2599888e-02	
   2.8755980e-03	
  -5.8923488e-03	
  -1.0006646e-02	
  -1.1099738e-02	
  -1.2342888e-02	
  -1.3911445e-02	
  -1.6520758e-02	
  -1.9836321e-02	
  -2.3327753e-02	
  -2.6918512e-02	
  -2.9602111e-02	
  -2.9623312e-02	
  -2.7054346e-02	
  -2.3495073e-02	
  -1.8585750e-02	
  -1.2050518e-02	
  -5.3727500e-03	
   3.4110282e-03	
   1.2708832e-02	
   1.8672151e-02	
   2.1912770e-02	
   2.5337121e-02	
   2.6123933e-02	
   2.3308796e-02	
   2.0144055e-02	
   1.9273889e-02	
   2.0616112e-02	
   2.2126527e-02	
   2.0532444e-02	
   1.5964944e-02	
   1.0216440e-02	
   6.4850158e-03	
   6.5642163e-03	
   1.0215199e-02	
   1.5595881e-02	
   2.0837825e-02	
   2.6026328e-02	
   2.9477040e-02	
   3.0330510e-02	
   2.9335887e-02	
   2.6142419e-02	
   2.1369889e-02	
   1.4251279e-02	
   2.2441492e-03	
  -1.2302890e-02	
  -2.7296778e-02	
  -3.8395784e-02	
  -4.5434644e-02	
  -4.7223344e-02	
  -4.3994064e-02	
  -3.9717952e-02	
  -4.0727901e-02	
  -4.3978402e-02	
  -4.6414693e-02	
  -4.4966282e-02	
  -3.8860757e-02	
  -3.0935831e-02	
  -2.0391365e-02	
  -1.0990126e-02	
  -5.1498338e-03	
  -7.1408960e-04	
   2.8552645e-03	
   7.7197148e-03	
   1.6194562e-02	
   2.5754684e-02	
   3.4290833e-02	
   4.1926706e-02	
   4.7641738e-02	
   5.1697093e-02	
   5.3745026e-02	
   5.6121043e-02	
   5.9710850e-02	
   6.2940808e-02	
   6.2762901e-02	
   5.6789822e-02	
   4.5219854e-02	
   3.1040020e-02	
   1.9858169e-02	
   1.2456894e-02	
   7.1237290e-03	
   4.0266827e-03	
   1.7675155e-03	
  -1.5246240e-03	
  -4.2029830e-03	
  -6.9780913e-03	
  -8.5757983e-03	
  -7.4523963e-03	
  -6.4011607e-03	
  -6.9630092e-03	
  -8.6731862e-03	
  -1.1115979e-02	
  -1.5707670e-02	
  -2.0506178e-02	
  -2.2617527e-02	
  -1.9138320e-02	
  -1.1640626e-02	
  -4.3455935e-03	
   1.6443300e-03	
   3.7050259e-03	
   4.2901976e-03	
   5.9186756e-03	
   6.9273701e-03	
   6.3462224e-03	
   4.4425001e-03	
   1.7917265e-03	
  -1.7799005e-03	
  -3.6403685e-03	
  -3.9341255e-03	
  -2.3094755e-03	
   3.0294630e-03	
   1.0285646e-02	
   1.6007902e-02	
   1.7670670e-02	
   1.5472889e-02	
   1.0587977e-02	
   6.6804289e-03	
   4.7085541e-03	
   8.5714557e-04	
  -8.7200597e-03	
  -1.8441881e-02	
  -2.5016610e-02	
  -3.1361432e-02	
  -3.7940914e-02	
  -4.5090187e-02	
  -4.9491288e-02	
  -5.0402690e-02	
  -4.8682705e-02	
  -4.3585535e-02	
  -3.5452044e-02	
  -2.4096222e-02	
  -9.4583882e-03	
   1.0271029e-02	
   3.3942985e-02	
   5.4975020e-02	
   6.6590279e-02	
   7.0136456e-02	
   7.0223782e-02	
   6.8128762e-02	
   6.3657623e-02	
   6.0353662e-02	
   5.9137058e-02	
   5.6348343e-02	
   4.9753572e-02	
   4.0130583e-02	
   2.9713760e-02	
   1.9816879e-02	
   1.0981837e-02	
   2.1196470e-03	
  -9.3459080e-03	
  -2.1926266e-02	
  -3.4794858e-02	
  -4.8603447e-02	
  -5.9002984e-02	
  -6.3499243e-02	
  -6.3109596e-02	
  -5.8050428e-02	
  -5.0360348e-02	
  -4.6602839e-02	
  -4.9369587e-02	
  -5.5215913e-02	
  -6.0281658e-02	
  -6.3349439e-02	
  -6.1121327e-02	
  -5.0817558e-02	
  -3.5917321e-02	
  -1.9367562e-02	
  -4.0362832e-03	
   7.7150264e-03	
   1.6072485e-02	
   2.0153011e-02	
   2.0122772e-02	
   1.6580415e-02	
   1.0208958e-02	
   2.8522738e-03	
  -2.5409186e-03	
  -2.6375790e-03	
   1.7019759e-03	
   7.9833314e-03	
   1.7518747e-02	
   2.7724495e-02	
   3.4537795e-02	
   4.0450226e-02	
   4.5391015e-02	
   4.6794034e-02	
   4.6320282e-02	
   4.7008554e-02	
   4.9491559e-02	
   4.9832186e-02	
   4.3479191e-02	
   2.8570632e-02	
   8.2548771e-03	
  -9.8731547e-03	
  -2.4000451e-02	
  -3.5386074e-02	
  -4.3170633e-02	
  -4.6979773e-02	
  -4.5155139e-02	
  -3.6017157e-02	
  -2.4290753e-02	
  -1.5746221e-02	
  -1.0172637e-02	
  -5.0419470e-03	
   7.0205883e-04	
   6.3951977e-03	
   1.4840681e-02	
   2.3740004e-02	
   3.3040432e-02	
   4.4020506e-02	
   5.5430466e-02	
   6.3405306e-02	
   6.6193547e-02	
   6.3563958e-02	
   5.5642273e-02	
   4.3319861e-02	
   3.0335561e-02	
   2.0056467e-02	
   1.2075322e-02	
   5.6945423e-03	
   1.0795306e-03	
  -4.8186647e-03	
  -1.0726635e-02	
  -1.6112595e-02	
  -1.9988359e-02	
  -2.2089077e-02	
  -2.4340739e-02	
  -2.9530693e-02	
  -3.5071109e-02	
  -3.7466280e-02	
  -3.6381175e-02	
  -2.9395670e-02	
  -1.5098670e-02	
   1.2471163e-03	
   1.0968576e-02	
   1.3374882e-02	
   1.0417423e-02	
   2.7285347e-03	
  -9.4345870e-03	
  -2.3438694e-02	
  -3.5721244e-02	
  -4.3380338e-02	
  -4.5948297e-02	
  -4.3447935e-02	
  -3.5855996e-02	
  -2.3371941e-02	
  -8.9435590e-03	
   2.3826649e-03	
   6.1086037e-03	
   4.8286787e-03	
   3.8750480e-03	
   1.3237974e-03	
  -5.7705122e-03	
  -1.2147451e-02	
  -1.3864697e-02	
  -1.3421441e-02	
  -1.2655921e-02	
  -1.0674344e-02	
  -5.7248320e-03	
   3.9205316e-03	
   1.5105406e-02	
   2.3517033e-02	
   3.1145625e-02	
   3.9034223e-02	
   4.2673490e-02	
   3.9939861e-02	
   3.4043804e-02	
   2.8471240e-02	
   2.4340461e-02	
   2.3123743e-02	
   2.2585109e-02	
   2.0187101e-02	
   1.7293610e-02	
   1.5257397e-02	
   1.4425270e-02	
   1.6078912e-02	
   1.7622088e-02	
   1.4569796e-02	
   4.7557157e-03	
  -6.6127204e-03	
  -1.6232273e-02	
  -2.4628682e-02	
  -3.1933095e-02	
  -3.5537031e-02	
  -3.8133093e-02	
  -4.5455188e-02	
  -5.6180877e-02	
  -6.6988400e-02	
  -7.4555287e-02	
  -7.6959407e-02	
  -7.7175893e-02	
  -7.4842183e-02	
  -6.5596161e-02	
  -5.1566307e-02	
  -3.7860435e-02	
  -2.4733854e-02	
  -1.2091723e-02	
   2.7728925e-03	
   2.0303588e-02	
   3.8998763e-02	
   5.7246930e-02	
   7.4700447e-02	
   9.1199916e-02	
   1.0785685e-01	
   1.2268139e-01	
   1.3609579e-01	
   1.4931892e-01	
   1.6043050e-01	
   1.6719978e-01	
   1.6927121e-01	
   1.6053111e-01	
   1.3556074e-01	
   1.0118092e-01	
   6.7520664e-02	
   3.8291948e-02	
   1.4773661e-02	
  -5.8566284e-03	
  -2.3660959e-02	
  -3.8334391e-02	
  -5.1973480e-02	
  -6.7810814e-02	
  -8.3677574e-02	
  -9.8783074e-02	
  -1.1331689e-01	
  -1.2812617e-01	
  -1.4385214e-01	
  -1.6084208e-01	
  -1.7633604e-01	
  -1.8874852e-01	
  -1.9551950e-01	
  -1.9383295e-01	
  -1.8495199e-01	
  -1.7299262e-01	
  -1.5692602e-01	
  -1.3931103e-01	
  -1.2142905e-01	
  -1.0380770e-01	
  -8.9119812e-02	
  -7.6738854e-02	
  -6.4545498e-02	
  -5.2134234e-02	
  -4.1800937e-02	
  -3.0323530e-02	
  -1.5651271e-02	
   1.1583894e-03	
   1.7956644e-02	
   3.6542437e-02	
   5.4910203e-02	
   6.9808270e-02	
   8.3014964e-02	
   9.6178368e-02	
   1.0775518e-01	
   1.1661871e-01	
   1.2574591e-01	
   1.3538046e-01	
   1.4204700e-01	
   1.4239824e-01	
   1.3532161e-01	
   1.2256928e-01	
   1.0834745e-01	
   9.7219200e-02	
   9.1672211e-02	
   8.8659212e-02	
   8.6182851e-02	
   8.4505683e-02	
   7.9445565e-02	
   6.3933739e-02	
   4.1166770e-02	
   1.3846526e-02	
  -1.8716383e-02	
  -5.0362145e-02	
  -7.5414584e-02	
  -9.0773420e-02	
  -9.6025242e-02	
  -8.8984924e-02	
  -6.9728978e-02	
  -4.3779646e-02	
  -1.7755962e-02	
   6.1415376e-03	
   2.6533140e-02	
   3.7059378e-02	
   3.9923860e-02	
   3.9398546e-02	
   3.6007088e-02	
   2.9172669e-02	
   1.9786359e-02	
   1.0532842e-02	
   1.6418014e-03	
  -9.5381176e-03	
  -2.2667567e-02	
  -3.8554843e-02	
  -5.8100769e-02	
  -7.7510791e-02	
  -9.5425076e-02	
  -1.1055854e-01	
  -1.2228978e-01	
  -1.2871444e-01	
  -1.3033018e-01	
  -1.2973367e-01	
  -1.2507629e-01	
  -1.1329641e-01	
  -9.6191013e-02	
  -7.7297593e-02	
  -5.8749785e-02	
  -4.0419004e-02	
  -2.4545512e-02	
  -1.1510759e-02	
   6.3163531e-04	
   1.1111634e-02	
   2.2751222e-02	
   3.5133282e-02	
   4.6740439e-02	
   5.9078072e-02	
   7.2258494e-02	
   8.5771441e-02	
   9.8837213e-02	
   1.0954243e-01	
   1.1428080e-01	
   1.0988387e-01	
   9.8169383e-02	
   8.2756680e-02	
   6.8403556e-02	
   5.8432006e-02	
   5.1920460e-02	
   4.4927670e-02	
   4.2745086e-02	
   4.5866666e-02	
   4.7801644e-02	
   4.4057050e-02	
   3.5639680e-02	
   2.2625846e-02	
   5.4844098e-03	
  -1.2048630e-02	
  -2.5732385e-02	
  -3.4879913e-02	
  -3.7894945e-02	
  -3.7182978e-02	
  -3.3104899e-02	
  -2.3650477e-02	
  -1.0202327e-02	
   2.0641327e-03	
   7.0897070e-03	
   2.0300988e-03	
  -1.3827996e-02	
  -3.5877387e-02	
  -5.7932354e-02	
  -7.6295476e-02	
  -8.6378420e-02	
  -8.6162308e-02	
  -7.8126652e-02	
  -6.5758576e-02	
  -4.9283312e-02	
  -3.2280214e-02	
  -1.9711945e-02	
  -9.2407264e-03	
   1.0462526e-03	
   9.4515437e-03	
   1.8094905e-02	
   2.6727645e-02	
   3.0032230e-02	
   2.9740399e-02	
   2.9014149e-02	
   2.8473220e-02	
   2.9791334e-02	
   3.5903727e-02	
   4.5905787e-02	
   5.5002038e-02	
   5.9152585e-02	
   5.8922946e-02	
   5.6878437e-02	
   5.3419552e-02	
   4.7300467e-02	
   4.2200618e-02	
   3.8745124e-02	
   3.5607882e-02	
   3.2695896e-02	
   3.0289260e-02	
   2.6196567e-02	
   1.8587756e-02	
   1.1661746e-02	
   2.9860639e-03	
  -1.1757713e-02	
  -3.2299540e-02	
  -5.1769944e-02	
  -6.3026914e-02	
  -5.9259607e-02	
  -4.1779648e-02	
  -1.9672306e-02	
   8.6396286e-04	
   1.8190706e-02	
   3.4390635e-02	
   4.5700048e-02	
   4.8808000e-02	
   4.2980657e-02	
   2.7989864e-02	
   4.0245910e-03	
  -2.6027200e-02	
  -5.8658221e-02	
  -8.6263533e-02	
  -1.0589323e-01	
  -1.1485679e-01	
  -1.0415134e-01	
  -7.1837659e-02	
  -2.6362664e-02	
   1.6798108e-02	
   4.9369146e-02	
   6.7332078e-02	
   6.9932310e-02	
   6.1801598e-02	
   4.5298434e-02	
   2.2238990e-02	
  -4.0554807e-03	
  -2.9609860e-02	
  -5.2590867e-02	
  -7.2175236e-02	
  -8.3623706e-02	
  -8.7186834e-02	
  -8.7719403e-02	
  -8.8643449e-02	
  -9.1612919e-02	
  -9.9510636e-02	
  -1.1092995e-01	
  -1.2185297e-01	
  -1.2823502e-01	
  -1.2941328e-01	
  -1.2327616e-01	
  -1.0961199e-01	
  -9.1798319e-02	
  -7.2719568e-02	
  -5.0364111e-02	
  -2.4621739e-02	
   2.1902495e-03	
   2.9227933e-02	
   5.6083550e-02	
   7.9684120e-02	
   9.7111330e-02	
   1.1097267e-01	
   1.2055742e-01	
   1.2662420e-01	
   1.3270131e-01	
   1.3974258e-01	
   1.5064282e-01	
   1.6368557e-01	
   1.7637628e-01	
   1.8630003e-01	
   1.8725563e-01	
   1.7880226e-01	
   1.6449287e-01	
   1.4386550e-01	
   1.1547540e-01	
   8.1348881e-02	
   4.5622145e-02	
   1.4507220e-02	
  -5.7956152e-03	
  -1.2400115e-02	
  -1.0958836e-02	
  -6.9319364e-03	
  -4.6123594e-03	
  -8.7353995e-03	
  -1.9785447e-02	
  -3.4006853e-02	
  -5.1536170e-02	
  -7.3712669e-02	
  -9.7692647e-02	
  -1.1821415e-01	
  -1.3283525e-01	
  -1.4452790e-01	
  -1.5224517e-01	
  -1.5435809e-01	
  -1.4596615e-01	
  -1.2521507e-01	
  -9.0871357e-02	
  -5.0237461e-02	
  -1.6001200e-02	
   3.0830989e-03	
   9.2095079e-03	
   7.7279355e-03	
   3.3283484e-03	
   1.0650712e-03	
   2.5206308e-03	
   8.9506780e-03	
   1.8887012e-02	
   2.7310226e-02	
   3.0234824e-02	
   2.7246474e-02	
   1.6843398e-02	
  -2.7513009e-04	
  -2.1965793e-02	
  -4.2184753e-02	
  -6.0598216e-02	
  -7.7298136e-02	
  -9.1510880e-02	
  -1.0161586e-01	
  -1.0649678e-01	
  -1.0873452e-01	
  -1.0551938e-01	
  -9.5165063e-02	
  -7.8670306e-02	
  -6.4265789e-02	
  -5.7430973e-02	
  -5.7443889e-02	
  -6.0409325e-02	
  -6.2716390e-02	
  -6.1289234e-02	
  -5.3407552e-02	
  -4.3377152e-02	
  -3.1583057e-02	
  -1.6872437e-02	
   7.1927393e-04	
   1.9196929e-02	
   3.8137737e-02	
   5.5563863e-02	
   6.7202411e-02	
   6.8833136e-02	
   6.1195297e-02	
   4.8095456e-02	
   3.5538726e-02	
   2.8611475e-02	
   2.7311447e-02	
   2.9474389e-02	
   3.4784858e-02	
   4.0835635e-02	
   4.6544768e-02	
   5.2924511e-02	
   5.9415310e-02	
   6.7779287e-02	
   7.5911016e-02	
   7.8506162e-02	
   7.3803419e-02	
   7.0535018e-02	
   7.4628545e-02	
   8.8034368e-02	
   1.0909688e-01	
   1.3137613e-01	
   1.4948727e-01	
   1.6762380e-01	
   1.8621755e-01	
   2.0021384e-01	
   2.0501167e-01	
   1.9420649e-01	
   1.5858657e-01	
   9.8329764e-02	
   3.1944146e-02	
  -1.9605889e-02	
  -4.9408165e-02	
  -6.5983774e-02	
  -7.5309053e-02	
  -7.7490959e-02	
  -7.9766836e-02	
  -8.9400402e-02	
  -1.0470320e-01	
  -1.2347926e-01	
  -1.4436173e-01	
  -1.6715643e-01	
  -1.9006194e-01	
  -2.0976784e-01	
  -2.2423748e-01	
  -2.3258732e-01	
  -2.3280374e-01	
  -2.2506000e-01	
  -2.0902937e-01	
  -1.8036142e-01	
  -1.4042085e-01	
  -9.7666714e-02	
  -6.2144327e-02	
  -3.7851418e-02	
  -1.9342821e-02	
  -1.3778367e-03	
   1.6362977e-02	
   3.9029579e-02	
   6.6667028e-02	
   9.4057686e-02	
   1.2123359e-01	
   1.5185115e-01	
   1.8500755e-01	
   2.1490159e-01	
   2.3948214e-01	
   2.5664609e-01	
   2.6618697e-01	
   2.7001855e-01	
   2.7015141e-01	
   2.6570749e-01	
   2.5367272e-01	
   2.3349096e-01	
   2.0603267e-01	
   1.7483817e-01	
   1.4594116e-01	
   1.2184338e-01	
   1.0194625e-01	
   7.8178417e-02	
   4.2999167e-02	
   1.9213133e-03	
  -3.9011544e-02	
  -7.7296271e-02	
  -1.1107840e-01	
  -1.4136293e-01	
  -1.6973984e-01	
  -1.9687913e-01	
  -2.2491304e-01	
  -2.5269677e-01	
  -2.7257000e-01	
  -2.7993834e-01	
  -2.7753927e-01	
  -2.6897640e-01	
  -2.5403985e-01	
  -2.3254105e-01	
  -2.0482760e-01	
  -1.7355054e-01	
  -1.3982852e-01	
  -1.0632789e-01	
  -7.6528775e-02	
  -4.8479543e-02	
  -2.2009707e-02	
   1.7623891e-03	
   2.1577431e-02	
   3.3996649e-02	
   3.5621747e-02	
   2.6314692e-02	
   8.6748066e-03	
  -9.8811008e-03	
  -2.7628595e-02	
  -5.0001449e-02	
  -7.5635171e-02	
  -1.0073239e-01	
  -1.2004346e-01	
  -1.3284590e-01	
  -1.4252746e-01	
  -1.4902986e-01	
  -1.5266489e-01	
  -1.5231599e-01	
  -1.4936981e-01	
  -1.4534391e-01	
  -1.4369942e-01	
  -1.4446644e-01	
  -1.4430640e-01	
  -1.3782442e-01	
  -1.2019801e-01	
  -9.2087147e-02	
  -6.0717680e-02	
  -3.2960614e-02	
  -1.1395329e-02	
   8.6588973e-03	
   3.1051827e-02	
   5.3771739e-02	
   7.4289104e-02	
   9.4269798e-02	
   1.1714637e-01	
   1.4412934e-01	
   1.7304319e-01	
   1.9940844e-01	
   2.2131164e-01	
   2.3871160e-01	
   2.4916951e-01	
   2.5429326e-01	
   2.5800320e-01	
   2.6118143e-01	
   2.6478419e-01	
   2.6659065e-01	
   2.6676608e-01	
   2.6515678e-01	
   2.6020148e-01	
   2.5233062e-01	
   2.4102086e-01	
   2.2459974e-01	
   2.0080997e-01	
   1.7359695e-01	
   1.4668259e-01	
   1.2096564e-01	
   9.6152502e-02	
   7.2414739e-02	
   5.2314107e-02	
   3.6518131e-02	
   2.6321567e-02	
   1.7865273e-02	
   9.2470115e-03	
  -6.5025624e-04	
  -1.3673321e-02	
  -2.6539110e-02	
  -3.6933745e-02	
  -4.3225110e-02	
  -4.7222530e-02	
  -4.9475355e-02	
  -5.1000584e-02	
  -5.1448945e-02	
  -5.2692906e-02	
  -5.7439143e-02	
  -6.5571414e-02	
  -7.7385123e-02	
  -9.2602155e-02	
  -1.1054858e-01	
  -1.2761184e-01	
  -1.4161142e-01	
  -1.5190509e-01	
  -1.5567982e-01	
  -1.5155965e-01	
  -1.4610792e-01	
  -1.4348124e-01	
  -1.3942541e-01	
  -1.3353085e-01	
  -1.3084424e-01	
  -1.3034814e-01	
  -1.3021892e-01	
  -1.3485345e-01	
  -1.4703620e-01	
  -1.6017943e-01	
  -1.7334487e-01	
  -1.8414100e-01	
  -1.9103501e-01	
  -1.9438124e-01	
  -1.9300128e-01	
  -1.8626033e-01	
  -1.7509818e-01	
  -1.5930922e-01	
  -1.4401249e-01	
  -1.3154163e-01	
  -1.2145458e-01	
  -1.1274221e-01	
  -1.0745303e-01	
  -1.1048196e-01	
  -1.1713142e-01	
  -1.2200339e-01	
  -1.2422801e-01	
  -1.2250440e-01	
  -1.1337987e-01	
  -9.2145556e-02	
  -6.0836737e-02	
  -2.6344971e-02	
   3.8055462e-03	
   2.9383649e-02	
   5.3600205e-02	
   7.3173964e-02	
   8.4392626e-02	
   8.7640111e-02	
   8.3268841e-02	
   7.1136065e-02	
   5.3225610e-02	
   3.2226343e-02	
   1.0695145e-02	
  -1.2919748e-02	
  -3.7966102e-02	
  -5.8725309e-02	
  -7.0595835e-02	
  -7.3345057e-02	
  -7.0521255e-02	
  -6.2656455e-02	
  -5.1148591e-02	
  -3.7841553e-02	
  -2.7612581e-02	
  -2.3483998e-02	
  -1.9553266e-02	
  -1.1734983e-02	
   1.2893014e-03	
   1.6983361e-02	
   3.1496131e-02	
   4.3885448e-02	
   5.3795774e-02	
   6.1610402e-02	
   6.6875547e-02	
   6.6638620e-02	
   6.1575689e-02	
   5.6706801e-02	
   5.4654156e-02	
   5.4846505e-02	
   5.1907036e-02	
   4.2032203e-02	
   3.1599570e-02	
   2.6441525e-02	
   2.7983108e-02	
   3.7726056e-02	
   5.3859540e-02	
   7.0988736e-02	
   8.3267384e-02	
   8.7586481e-02	
   8.6424084e-02	
   8.4947840e-02	
   8.7023266e-02	
   9.0037146e-02	
   8.9984330e-02	
   8.8309873e-02	
   8.9472372e-02	
   9.5157876e-02	
   1.0487579e-01	
   1.1642667e-01	
   1.3007562e-01	
   1.4362925e-01	
   1.5790512e-01	
   1.6683082e-01	
   1.6726738e-01	
   1.5904788e-01	
   1.4154545e-01	
   1.1554584e-01	
   8.1222603e-02	
   4.3596654e-02	
   8.7530919e-03	
  -1.9515030e-02	
  -4.1956708e-02	
  -5.8616592e-02	
  -6.7357978e-02	
  -6.6780661e-02	
  -5.7485959e-02	
  -3.8322797e-02	
  -1.2471576e-02	
   1.3309523e-02	
   3.5933288e-02	
   5.6053955e-02	
   7.1326108e-02	
   8.0226045e-02	
   8.0549044e-02	
   7.1149998e-02	
   5.2806742e-02	
   2.8907001e-02	
   6.9086641e-03	
  -8.6270652e-03	
  -1.4997631e-02	
  -1.2807512e-02	
  -5.5252152e-03	
   5.0693992e-03	
   1.7222258e-02	
   2.7455549e-02	
   3.3745155e-02	
   3.5568795e-02	
   3.0713542e-02	
   1.2825451e-02	
  -1.8282155e-02	
  -5.1052146e-02	
  -7.4793570e-02	
  -8.9015874e-02	
  -9.8658221e-02	
  -1.0381377e-01	
  -9.8813720e-02	
  -7.8776922e-02	
  -4.0453480e-02	
   1.3318527e-02	
   7.0536883e-02	
   1.2077129e-01	
   1.5937275e-01	
   1.8657458e-01	
   2.0734342e-01	
   2.2520428e-01	
   2.3927261e-01	
   2.5026800e-01	
   2.5934388e-01	
   2.6468917e-01	
   2.6654275e-01	
   2.7032463e-01	
   2.7798746e-01	
   2.8583565e-01	
   2.9275274e-01	
   2.9943701e-01	
   3.0472344e-01	
   3.0655753e-01	
   3.0543412e-01	
   3.0154148e-01	
   2.9702421e-01	
   2.9491288e-01	
   2.9355939e-01	
   2.9028719e-01	
   2.8409298e-01	
   2.7982606e-01	
   2.7748286e-01	
   2.7350418e-01	
   2.6934374e-01	
   2.6546836e-01	
   2.5955952e-01	
   2.4691194e-01	
   2.1963803e-01	
   1.7033286e-01	
   1.0413107e-01	
   3.8819907e-02	
  -1.7225671e-02	
  -6.3072747e-02	
  -1.0425399e-01	
  -1.4442624e-01	
  -1.8456448e-01	
  -2.2340693e-01	
  -2.5785896e-01	
  -2.8555587e-01	
  -3.0469049e-01	
  -3.1585413e-01	
  -3.1706155e-01	
  -3.0646997e-01	
  -2.8345953e-01	
  -2.5019254e-01	
  -2.1177320e-01	
  -1.7241167e-01	
  -1.3342626e-01	
  -9.6503537e-02	
  -5.9065360e-02	
  -2.1566170e-02	
   1.3717340e-02	
   4.4645249e-02	
   7.1198068e-02	
   9.2678227e-02	
   1.0818704e-01	
   1.1974633e-01	
   1.2778778e-01	
   1.3243923e-01	
   1.3426783e-01	
   1.3715645e-01	
   1.4306047e-01	
   1.5082913e-01	
   1.5916823e-01	
   1.6677566e-01	
   1.7530893e-01	
   1.8387726e-01	
   1.8788950e-01	
   1.9017473e-01	
   1.9266621e-01	
   1.9346445e-01	
   1.9015361e-01	
   1.7957461e-01	
   1.6002119e-01	
   1.3419254e-01	
   1.0681758e-01	
   8.0729935e-02	
   5.7614847e-02	
   3.7427532e-02	
   1.8713719e-02	
  -3.8675934e-04	
  -2.0793236e-02	
  -3.8433684e-02	
  -5.2177456e-02	
  -6.4110629e-02	
  -7.6401210e-02	
  -9.0032501e-02	
  -1.0178495e-01	
  -1.1110254e-01	
  -1.1863254e-01	
  -1.2376381e-01	
  -1.2445883e-01	
  -1.2162771e-01	
  -1.1791318e-01	
  -1.1425463e-01	
  -1.1131641e-01	
  -1.1106559e-01	
  -1.1539699e-01	
  -1.2358377e-01	
  -1.3158861e-01	
  -1.3744426e-01	
  -1.4112190e-01	
  -1.4466164e-01	
  -1.5017320e-01	
  -1.5857261e-01	
  -1.7045323e-01	
  -1.8317546e-01	
  -1.9563531e-01	
  -2.0934989e-01	
  -2.2321221e-01	
  -2.3913999e-01	
  -2.5852604e-01	
  -2.7631948e-01	
  -2.9158468e-01	
  -3.0571020e-01	
  -3.1528746e-01	
  -3.1862824e-01	
  -3.1536184e-01	
  -2.9962529e-01	
  -2.6976156e-01	
  -2.3125824e-01	
  -1.9093578e-01	
  -1.4957626e-01	
  -1.0548588e-01	
  -6.1081596e-02	
  -1.9016256e-02	
   1.8923339e-02	
   5.2619987e-02	
   8.2872720e-02	
   1.1273804e-01	
   1.4032932e-01	
   1.6467328e-01	
   1.8545320e-01	
   2.0099178e-01	
   2.1264477e-01	
   2.2087175e-01	
   2.2482216e-01	
   2.2126455e-01	
   2.0698689e-01	
   1.7290468e-01	
   1.1097935e-01	
   2.6063981e-02	
  -6.2653370e-02	
  -1.3121819e-01	
  -1.7304397e-01	
  -1.9907422e-01	
  -2.2394726e-01	
  -2.4832421e-01	
  -2.6434413e-01	
  -2.6931899e-01	
  -2.6390638e-01	
  -2.5105384e-01	
  -2.3171033e-01	
  -2.0696726e-01	
  -1.8607249e-01	
  -1.7577147e-01	
  -1.7109635e-01	
  -1.6619322e-01	
  -1.5927295e-01	
  -1.5239721e-01	
  -1.4504901e-01	
  -1.3798398e-01	
  -1.2957641e-01	
  -1.1780955e-01	
  -1.0613853e-01	
  -9.6208912e-02	
  -8.4346658e-02	
  -7.2140285e-02	
  -6.4331318e-02	
  -6.1578842e-02	
  -6.1045493e-02	
  -5.8341154e-02	
  -5.0809693e-02	
  -3.8697799e-02	
  -2.5027373e-02	
  -1.1428883e-02	
   2.0164937e-03	
   1.3830644e-02	
   2.2173604e-02	
   2.7512698e-02	
   2.9424688e-02	
   2.6161345e-02	
   1.5667448e-02	
   2.0160567e-03	
  -1.1525441e-02	
  -2.6302922e-02	
  -4.3025507e-02	
  -5.9377986e-02	
  -7.5914779e-02	
  -9.3403653e-02	
  -1.1317878e-01	
  -1.3012088e-01	
  -1.4153403e-01	
  -1.5018670e-01	
  -1.5816476e-01	
  -1.6577269e-01	
  -1.7153634e-01	
  -1.7662395e-01	
  -1.8081284e-01	
  -1.8293782e-01	
  -1.8158406e-01	
  -1.7597524e-01	
  -1.6422736e-01	
  -1.4750297e-01	
  -1.2735318e-01	
  -1.0391970e-01	
  -7.7949965e-02	
  -5.1338024e-02	
  -2.4951424e-02	
   2.1764688e-03	
   3.1215228e-02	
   6.1290183e-02	
   9.1317752e-02	
   1.2040772e-01	
   1.4788567e-01	
   1.7340592e-01	
   1.9520996e-01	
   2.1125477e-01	
   2.2139215e-01	
   2.3257492e-01	
   2.4515287e-01	
   2.4563655e-01	
   2.0809356e-01	
   1.2113263e-01	
   1.7886111e-02	
  -5.9284591e-02	
  -1.0244865e-01	
  -1.3439509e-01	
  -1.7030950e-01	
  -2.0263844e-01	
  -2.2774267e-01	
  -2.5105462e-01	
  -2.7381505e-01	
  -2.9114357e-01	
  -2.9923632e-01	
  -2.8976540e-01	
  -2.5513174e-01	
  -1.9734224e-01	
  -1.3082617e-01	
  -7.1106504e-02	
  -2.5155692e-02	
   9.8901928e-03	
   4.0999880e-02	
   7.0295582e-02	
   9.9820177e-02	
   1.3228289e-01	
   1.6573842e-01	
   1.9949543e-01	
   2.3037538e-01	
   2.5713045e-01	
   2.7970873e-01	
   2.9753094e-01	
   3.1069723e-01	
   3.2062145e-01	
   3.3037587e-01	
   3.2951434e-01	
   2.9206572e-01	
   2.0091503e-01	
   8.5557803e-02	
  -1.1831690e-03	
  -4.4819868e-02	
  -7.2395518e-02	
  -1.0422860e-01	
  -1.3617986e-01	
  -1.5955808e-01	
  -1.8054954e-01	
  -2.0290235e-01	
  -2.2277066e-01	
  -2.3616001e-01	
  -2.4321653e-01	
  -2.4714907e-01	
  -2.4877600e-01	
  -2.4549773e-01	
  -2.3807217e-01	
  -2.2908508e-01	
  -2.1581872e-01	
  -1.9716643e-01	
  -1.7665514e-01	
  -1.5729692e-01	
  -1.3989038e-01	
  -1.2290035e-01	
  -1.0618850e-01	
  -8.8839052e-02	
  -6.4732219e-02	
  -3.3434394e-02	
   9.4667479e-06	
   3.0185658e-02	
   5.8116702e-02	
   8.4007454e-02	
   1.0855729e-01	
   1.3455334e-01	
   1.6154181e-01	
   1.8579495e-01	
   2.0471996e-01	
   2.2203452e-01	
   2.3863383e-01	
   2.5030990e-01	
   2.5846038e-01	
   2.6581444e-01	
   2.7067628e-01	
   2.7297311e-01	
   2.7426419e-01	
   2.7679587e-01	
   2.7967076e-01	
   2.8086764e-01	
   2.7948597e-01	
   2.7446732e-01	
   2.6564094e-01	
   2.5199775e-01	
   2.3332455e-01	
   2.0682451e-01	
   1.7389100e-01	
   1.4285894e-01	
   1.2101351e-01	
   1.0638278e-01	
   9.6528860e-02	
   9.4263323e-02	
   9.8828331e-02	
   1.0700755e-01	
   1.1547472e-01	
   1.2461823e-01	
   1.3457141e-01	
   1.4459052e-01	
   1.5389725e-01	
   1.6239161e-01	
   1.7003711e-01	
   1.7457588e-01	
   1.7685908e-01	
   1.8014440e-01	
   1.8539693e-01	
   1.8760752e-01	
   1.8829419e-01	
   1.9226778e-01	
   1.9828951e-01	
   2.0177992e-01	
   2.0586134e-01	
   2.1173462e-01	
   2.1538996e-01	
   2.1746653e-01	
   2.1737775e-01	
   2.1323347e-01	
   2.0603789e-01	
   1.9891272e-01	
   1.9257414e-01	
   1.9003787e-01	
   1.9117654e-01	
   1.9517844e-01	
   1.9967853e-01	
   2.0121915e-01	
   2.0131274e-01	
   2.0159438e-01	
   1.9951418e-01	
   1.9133075e-01	
   1.7890637e-01	
   1.6346994e-01	
   1.4207876e-01	
   1.1411713e-01	
   8.2505549e-02	
   5.4452451e-02	
   3.6631187e-02	
   3.1839816e-02	
   3.4921271e-02	
   3.9122058e-02	
   4.2269605e-02	
   4.4503547e-02	
   4.7593668e-02	
   5.2671922e-02	
   5.6926304e-02	
   6.2219314e-02	
   6.7875563e-02	
   7.1238308e-02	
   7.4291579e-02	
   7.9308847e-02	
   8.3469665e-02	
   8.7790593e-02	
   9.1960157e-02	
   9.5512708e-02	
   9.7493925e-02	
   9.6592355e-02	
   9.3649462e-02	
   8.8439439e-02	
   8.4051626e-02	
   8.0048172e-02	
   6.8702587e-02	
   4.9370468e-02	
   2.8055816e-02	
   1.0995496e-02	
   8.5002182e-04	
  -7.4868794e-03	
  -1.6201752e-02	
  -2.5307584e-02	
  -3.6199064e-02	
  -4.7821916e-02	
  -6.0262030e-02	
  -7.3221424e-02	
  -8.7170663e-02	
  -1.0385868e-01	
  -1.2251962e-01	
  -1.4028769e-01	
  -1.5616066e-01	
  -1.6993962e-01	
  -1.8253635e-01	
  -1.9539899e-01	
  -2.1129256e-01	
  -2.3098952e-01	
  -2.4882932e-01	
  -2.6310143e-01	
  -2.7546916e-01	
  -2.8486621e-01	
  -2.8894319e-01	
  -2.8634015e-01	
  -2.7422710e-01	
  -2.4959438e-01	
  -2.1590161e-01	
  -1.7946897e-01	
  -1.4626501e-01	
  -1.2043212e-01	
  -1.0265730e-01	
  -9.0649109e-02	
  -8.2792614e-02	
  -7.7949728e-02	
  -7.6083499e-02	
  -7.5944848e-02	
  -7.9373494e-02	
  -8.8085421e-02	
  -9.6698089e-02	
  -1.0436081e-01	
  -1.1264472e-01	
  -1.2010299e-01	
  -1.2585328e-01	
  -1.3058544e-01	
  -1.3629336e-01	
  -1.4267991e-01	
  -1.4921349e-01	
  -1.5762158e-01	
  -1.6875657e-01	
  -1.7843950e-01	
  -1.8463906e-01	
  -1.8855282e-01	
  -1.8800235e-01	
  -1.8452248e-01	
  -1.8221667e-01	
  -1.7606653e-01	
  -1.5678113e-01	
  -1.1830364e-01	
  -6.4264908e-02	
  -1.0632613e-02	
   2.8249043e-02	
   4.9782421e-02	
   6.2318404e-02	
   7.2933375e-02	
   8.1191890e-02	
   8.1583028e-02	
   7.3609579e-02	
   6.0849585e-02	
   4.4739084e-02	
   2.6112933e-02	
   4.4172683e-03	
  -1.3479335e-02	
  -2.4354421e-02	
  -3.1120570e-02	
  -3.5437399e-02	
  -3.8192045e-02	
  -4.3058593e-02	
  -5.1246189e-02	
  -6.1455479e-02	
  -7.2225204e-02	
  -8.5594991e-02	
  -1.0018969e-01	
  -1.1524308e-01	
  -1.3214888e-01	
  -1.5109640e-01	
  -1.6608213e-01	
  -1.7581760e-01	
  -1.8444966e-01	
  -1.9372633e-01	
  -2.0039890e-01	
  -2.0514243e-01	
  -2.0956258e-01	
  -2.1542019e-01	
  -2.2305563e-01	
  -2.3084402e-01	
  -2.3731298e-01	
  -2.4383002e-01	
  -2.4984856e-01	
  -2.5530517e-01	
  -2.5626183e-01	
  -2.4639001e-01	
  -2.2432823e-01	
  -1.9884320e-01	
  -1.7569936e-01	
  -1.5652905e-01	
  -1.4169702e-01	
  -1.3114100e-01	
  -1.2584680e-01	
  -1.2213350e-01	
  -1.1741089e-01	
  -1.1299585e-01	
  -1.0864364e-01	
  -1.0459289e-01	
  -1.0251479e-01	
  -9.9549960e-02	
  -9.3687701e-02	
  -8.5781170e-02	
  -7.7856266e-02	
  -7.2150014e-02	
  -6.7515545e-02	
  -6.3048101e-02	
  -5.7077972e-02	
  -4.8725487e-02	
  -3.9543130e-02	
  -3.1544248e-02	
  -2.0698187e-02	
  -7.3045042e-03	
   5.5667868e-03	
   1.7183052e-02	
   2.8589962e-02	
   3.8722953e-02	
   4.7590956e-02	
   5.4630087e-02	
   5.5186013e-02	
   4.9439828e-02	
   4.1198636e-02	
   2.8108110e-02	
   1.0226511e-03	
  -3.8508502e-02	
  -7.6093669e-02	
  -1.0352168e-01	
  -1.2320402e-01	
  -1.4005104e-01	
  -1.5509901e-01	
  -1.6599267e-01	
  -1.7328758e-01	
  -1.7879606e-01	
  -1.8217101e-01	
  -1.8338486e-01	
  -1.8210049e-01	
  -1.7553108e-01	
  -1.6251101e-01	
  -1.4454787e-01	
  -1.2087191e-01	
  -8.7311857e-02	
  -4.6640400e-02	
  -4.2124682e-03	
   3.6057633e-02	
   7.3406348e-02	
   1.0725509e-01	
   1.3601775e-01	
   1.6229961e-01	
   1.8711661e-01	
   2.0894794e-01	
   2.2811510e-01	
   2.4309449e-01	
   2.5312791e-01	
   2.5993259e-01	
   2.6127693e-01	
   2.5741240e-01	
   2.5137220e-01	
   2.4593165e-01	
   2.3901344e-01	
   2.2552063e-01	
   2.0840639e-01	
   1.9154347e-01	
   1.7560031e-01	
   1.5900968e-01	
   1.4282670e-01	
   1.3209867e-01	
   1.2304188e-01	
   1.1552113e-01	
   1.0939625e-01	
   1.0090406e-01	
   8.6672706e-02	
   6.8111134e-02	
   4.7678384e-02	
   2.7463899e-02	
   6.5457646e-03	
  -1.1821449e-02	
  -2.6082663e-02	
  -3.8925133e-02	
  -4.6749795e-02	
  -4.6552022e-02	
  -3.7785109e-02	
  -1.9728776e-02	
   9.8792838e-03	
   4.9194324e-02	
   9.1247986e-02	
   1.2963041e-01	
   1.6228330e-01	
   1.8666852e-01	
   2.0232256e-01	
   2.1509442e-01	
   2.2838196e-01	
   2.3959401e-01	
   2.4560523e-01	
   2.4827818e-01	
   2.4744010e-01	
   2.4049216e-01	
   2.2889765e-01	
   2.1770414e-01	
   2.0884129e-01	
   2.0038178e-01	
   1.8894053e-01	
   1.7435428e-01	
   1.5670943e-01	
   1.3371774e-01	
   9.9861298e-02	
   5.4964274e-02	
   3.4713634e-03	
  -4.6615076e-02	
  -8.9991991e-02	
  -1.2616122e-01	
  -1.5641850e-01	
  -1.8185296e-01	
  -2.0246229e-01	
  -2.1975770e-01	
  -2.3437751e-01	
  -2.4557902e-01	
  -2.5522154e-01	
  -2.6302529e-01	
  -2.6115750e-01	
  -2.3602617e-01	
  -1.8093996e-01	
  -1.0349802e-01	
  -2.5154780e-02	
   3.6957475e-02	
   8.1964030e-02	
   1.1661519e-01	
   1.4731876e-01	
   1.7524907e-01	
   2.0185450e-01	
   2.2728167e-01	
   2.4944095e-01	
   2.6547049e-01	
   2.7233012e-01	
   2.7418554e-01	
   2.7446976e-01	
   2.7367199e-01	
   2.7183518e-01	
   2.7002475e-01	
   2.6849661e-01	
   2.6799835e-01	
   2.6640156e-01	
   2.6191910e-01	
   2.5804507e-01	
   2.5693373e-01	
   2.5822664e-01	
   2.6111851e-01	
   2.6151897e-01	
   2.5351857e-01	
   2.3429802e-01	
   2.0956322e-01	
   1.8717099e-01	
   1.6887312e-01	
   1.5447549e-01	
   1.4297884e-01	
   1.3389737e-01	
   1.2630272e-01	
   1.2209573e-01	
   1.2117331e-01	
   1.2279034e-01	
   1.2807088e-01	
   1.3611019e-01	
   1.4434742e-01	
   1.4873022e-01	
   1.4814585e-01	
   1.4328428e-01	
   1.3353583e-01	
   1.1596214e-01	
   9.2989056e-02	
   6.7553615e-02	
   4.0785293e-02	
   1.5167338e-02	
  -1.0452512e-02	
  -3.6140858e-02	
  -6.1157295e-02	
  -8.5918974e-02	
  -1.0897087e-01	
  -1.3139843e-01	
  -1.5487859e-01	
  -1.7582581e-01	
  -1.9315274e-01	
  -2.0850639e-01	
  -2.2250414e-01	
  -2.3598170e-01	
  -2.4786812e-01	
  -2.5622776e-01	
  -2.6131330e-01	
  -2.6297254e-01	
  -2.6083847e-01	
  -2.5343037e-01	
  -2.4092608e-01	
  -2.2305559e-01	
  -2.0213533e-01	
  -1.7970495e-01	
  -1.5575453e-01	
  -1.2967804e-01	
  -1.0267052e-01	
  -7.7718191e-02	
  -5.6557540e-02	
  -3.6518368e-02	
  -1.6090798e-02	
   2.5284047e-04	
   7.6060345e-03	
   9.7345376e-03	
   8.6728675e-03	
   2.5070304e-03	
  -9.0056197e-03	
  -2.5845831e-02	
  -4.8791287e-02	
  -7.3320649e-02	
  -9.7654882e-02	
  -1.2173063e-01	
  -1.4403222e-01	
  -1.6505446e-01	
  -1.8410622e-01	
  -2.0028645e-01	
  -2.1184822e-01	
  -2.2006700e-01	
  -2.2308258e-01	
  -2.2325967e-01	
  -2.2165651e-01	
  -2.1507706e-01	
  -2.0393118e-01	
  -1.9172955e-01	
  -1.7910634e-01	
  -1.6710381e-01	
  -1.5549927e-01	
  -1.3972109e-01	
  -1.1669922e-01	
  -8.6197055e-02	
  -5.0960548e-02	
  -1.6099341e-02	
   1.4214914e-02	
   3.7339799e-02	
   5.5401516e-02	
   6.7745794e-02	
   7.3692091e-02	
   7.4740720e-02	
   6.9310991e-02	
   5.7655764e-02	
   4.3568890e-02	
   3.3419905e-02	
   2.6890141e-02	
   2.0126905e-02	
   1.6554180e-02	
   1.8436912e-02	
   2.3245474e-02	
   2.7919284e-02	
   3.0288830e-02	
   3.1829205e-02	
   3.2619156e-02	
   3.2662931e-02	
   3.1681943e-02	
   2.9792513e-02	
   2.8953671e-02	
   2.9068464e-02	
   2.9085336e-02	
   2.8811702e-02	
   2.9453025e-02	
   3.2762767e-02	
   3.7939761e-02	
   4.3153581e-02	
   4.9095573e-02	
   5.4802503e-02	
   5.9011391e-02	
   6.3241603e-02	
   6.7525647e-02	
   6.8299686e-02	
   6.4636452e-02	
   5.3973648e-02	
   2.8293238e-02	
  -1.0435393e-02	
  -4.9057402e-02	
  -7.7420854e-02	
  -9.7095634e-02	
  -1.1372402e-01	
  -1.2937538e-01	
  -1.4255262e-01	
  -1.5380264e-01	
  -1.6615143e-01	
  -1.7969519e-01	
  -1.9236663e-01	
  -2.0234110e-01	
  -2.1066935e-01	
  -2.1834641e-01	
  -2.2249095e-01	
  -2.2290253e-01	
  -2.2236837e-01	
  -2.2269605e-01	
  -2.2352979e-01	
  -2.2083230e-01	
  -2.1010006e-01	
  -1.9391732e-01	
  -1.7488139e-01	
  -1.5281517e-01	
  -1.3186673e-01	
  -1.1527342e-01	
  -9.9691798e-02	
  -8.4919737e-02	
  -7.3243187e-02	
  -6.2736933e-02	
  -5.2283326e-02	
  -4.2519211e-02	
  -3.0930384e-02	
  -1.7818684e-02	
  -4.3259722e-03	
   1.0559152e-02	
   2.6464167e-02	
   4.0773632e-02	
   5.5184522e-02	
   6.7580125e-02	
   7.5826537e-02	
   8.2352151e-02	
   8.8053792e-02	
   9.1292395e-02	
   9.2577544e-02	
   9.4692260e-02	
   9.8163721e-02	
   1.0272086e-01	
   1.0704430e-01	
   1.0855244e-01	
   1.0920814e-01	
   1.1080815e-01	
   1.1169341e-01	
   1.1128672e-01	
   1.0990980e-01	
   1.0605964e-01	
   9.6049379e-02	
   8.2517177e-02	
   6.7244888e-02	
   4.9532849e-02	
   3.1780664e-02	
   1.5645338e-02	
   2.4198715e-03	
  -7.8976559e-03	
  -1.6639323e-02	
  -2.6092159e-02	
  -3.8360833e-02	
  -5.1872322e-02	
  -6.8277685e-02	
  -8.5147613e-02	
  -9.7006443e-02	
  -1.0612320e-01	
  -1.1439467e-01	
  -1.1754652e-01	
  -1.1727620e-01	
  -1.1690422e-01	
  -1.1638575e-01	
  -1.1475591e-01	
  -1.1136387e-01	
  -1.0621484e-01	
  -1.0243671e-01	
  -9.6978374e-02	
  -8.7384640e-02	
  -7.4039566e-02	
  -5.7254863e-02	
  -3.7201453e-02	
  -1.4740829e-02	
   8.5884565e-03	
   3.2895123e-02	
   5.8044495e-02	
   8.1209111e-02	
   1.0166912e-01	
   1.2171419e-01	
   1.4198432e-01	
   1.5886310e-01	
   1.6930636e-01	
   1.7785337e-01	
   1.8605713e-01	
   1.9291826e-01	
   1.9885160e-01	
   2.0173805e-01	
   2.0354967e-01	
   2.0467274e-01	
   2.0146723e-01	
   1.8563932e-01	
   1.5195665e-01	
   1.0765386e-01	
   6.3689591e-02	
   2.6016853e-02	
  -6.9431336e-03	
  -3.3099051e-02	
  -5.2657209e-02	
  -6.9744809e-02	
  -8.3871922e-02	
  -9.4884676e-02	
  -1.0242468e-01	
  -1.0490213e-01	
  -1.0351504e-01	
  -9.7705631e-02	
  -8.6033013e-02	
  -6.8917954e-02	
  -5.0184780e-02	
  -3.1289632e-02	
  -1.3698651e-02	
   3.9925149e-04	
   9.9490737e-03	
   1.8635884e-02	
   2.7484405e-02	
   3.5946102e-02	
   4.5265789e-02	
   5.4260137e-02	
   6.1428800e-02	
   6.9333839e-02	
   8.0299981e-02	
   9.2786402e-02	
   1.0534486e-01	
   1.1747231e-01	
   1.3265002e-01	
   1.4835606e-01	
   1.6324287e-01	
   1.7806172e-01	
   1.9493822e-01	
   2.1192219e-01	
   2.2444966e-01	
   2.3434975e-01	
   2.4322606e-01	
   2.4956672e-01	
   2.5357719e-01	
   2.5857445e-01	
   2.6464560e-01	
   2.6715081e-01	
   2.6729357e-01	
   2.6735689e-01	
   2.6502528e-01	
   2.5743179e-01	
   2.4797389e-01	
   2.3875055e-01	
   2.2747273e-01	
   2.1445025e-01	
   1.9936637e-01	
   1.8090969e-01	
   1.6161974e-01	
   1.4321526e-01	
   1.2471942e-01	
   1.0725685e-01	
   9.2472691e-02	
   8.0384222e-02	
   6.7771660e-02	
   5.4943798e-02	
   4.5693573e-02	
   4.0658779e-02	
   3.5587203e-02	
   2.6887107e-02	
   1.3915025e-02	
  -1.2076906e-04	
  -1.4234939e-02	
  -2.3770419e-02	
  -2.6143199e-02	
  -2.3290873e-02	
  -1.6184599e-02	
  -7.0238800e-03	
   4.1709068e-03	
   1.6075780e-02	
   2.7165043e-02	
   3.5241084e-02	
   4.1554450e-02	
   4.8022299e-02	
   5.4833148e-02	
   6.0931114e-02	
   6.5073389e-02	
   6.7417710e-02	
   6.8191681e-02	
   6.8329721e-02	
   6.6936974e-02	
   6.2114055e-02	
   5.4075551e-02	
   4.2354050e-02	
   2.6920505e-02	
   8.5691776e-03	
  -7.5856030e-03	
  -1.8130310e-02	
  -2.5853550e-02	
  -3.4511522e-02	
  -4.3481699e-02	
  -5.2618936e-02	
  -6.4483529e-02	
  -7.7288576e-02	
  -8.8045589e-02	
  -9.6921049e-02	
  -1.0594804e-01	
  -1.1678553e-01	
  -1.2593280e-01	
  -1.3338175e-01	
  -1.4276219e-01	
  -1.5100372e-01	
  -1.5595461e-01	
  -1.5971243e-01	
  -1.6571873e-01	
  -1.7085224e-01	
  -1.7347898e-01	
  -1.7489288e-01	
  -1.7649825e-01	
  -1.7721483e-01	
  -1.7715357e-01	
  -1.7789035e-01	
  -1.7971800e-01	
  -1.8124018e-01	
  -1.8272941e-01	
  -1.8519526e-01	
  -1.9039813e-01	
  -1.9555869e-01	
  -1.9882092e-01	
  -2.0300666e-01	
  -2.0732264e-01	
  -2.1011105e-01	
  -2.1019505e-01	
  -2.0783222e-01	
  -2.0357509e-01	
  -1.9585539e-01	
  -1.8567318e-01	
  -1.7671531e-01	
  -1.6707530e-01	
  -1.5407062e-01	
  -1.3854062e-01	
  -1.2237019e-01	
  -1.0722034e-01	
  -9.5852216e-02	
  -8.5060795e-02	
  -7.5163012e-02	
  -6.7731353e-02	
  -6.2093003e-02	
  -5.7154891e-02	
  -5.2463098e-02	
  -5.0657482e-02	
  -5.3276799e-02	
  -5.9671492e-02	
  -6.5640265e-02	
  -7.1471133e-02	
  -7.8049631e-02	
  -8.4834038e-02	
  -9.0785827e-02	
  -9.5544167e-02	
  -1.0028698e-01	
  -1.0519773e-01	
  -1.1139262e-01	
  -1.1752001e-01	
  -1.2089913e-01	
  -1.2148994e-01	
  -1.2136658e-01	
  -1.2081923e-01	
  -1.1841114e-01	
  -1.1326770e-01	
  -1.0623389e-01	
  -1.0045740e-01	
  -9.4880134e-02	
  -8.7937820e-02	
  -7.8876961e-02	
  -6.7097999e-02	
  -5.2576561e-02	
  -3.8255811e-02	
  -2.5103672e-02	
  -1.2277763e-02	
   1.5289222e-03	
   1.7567644e-02	
   3.5191285e-02	
   5.2532220e-02	
   6.8137475e-02	
   8.5579228e-02	
   1.0436949e-01	
   1.1947021e-01	
   1.3175635e-01	
   1.4126784e-01	
   1.5054275e-01	
   1.5899117e-01	
   1.6394694e-01	
   1.6643646e-01	
   1.6744373e-01	
   1.6609119e-01	
   1.5947536e-01	
   1.4819704e-01	
   1.3586171e-01	
   1.2322487e-01	
   1.1258170e-01	
   1.0445136e-01	
   9.5066177e-02	
   8.6850817e-02	
   8.1891959e-02	
   7.8265337e-02	
   7.2433689e-02	
   6.6067947e-02	
   5.9425310e-02	
   5.1336974e-02	
   3.9246437e-02	
   2.7301629e-02	
   1.7355830e-02	
   8.4933365e-03	
  -5.7562268e-04	
  -1.0279605e-02	
  -1.7097150e-02	
  -2.0506141e-02	
  -2.0161127e-02	
  -1.8414731e-02	
  -1.4962324e-02	
  -9.7471145e-03	
  -4.5639909e-03	
  -2.1716411e-04	
   2.1577482e-03	
   3.3985835e-03	
   2.6413670e-03	
  -1.4900304e-03	
  -1.0314902e-02	
  -1.9006960e-02	
  -2.6595309e-02	
  -3.3944612e-02	
  -4.0295438e-02	
  -4.6923465e-02	
  -5.3525490e-02	
  -6.1329744e-02	
  -6.8566750e-02	
  -7.4160962e-02	
  -8.0569147e-02	
  -9.0167152e-02	
  -9.8947523e-02	
  -1.0432908e-01	
  -1.0592750e-01	
  -1.0439766e-01	
  -9.8590726e-02	
  -8.8291058e-02	
  -7.5119722e-02	
  -6.2163413e-02	
  -5.2254443e-02	
  -4.5164936e-02	
  -3.8745903e-02	
  -3.2064790e-02	
  -2.6179658e-02	
  -2.1584384e-02	
  -1.6766659e-02	
  -1.0245309e-02	
  -1.5900815e-03	
   5.8871316e-03	
   1.3384523e-02	
   2.0775849e-02	
   2.7774053e-02	
   3.3746070e-02	
   3.6821671e-02	
   3.7395599e-02	
   3.8249912e-02	
   3.9899181e-02	
   3.9487568e-02	
   3.8348053e-02	
   4.2149294e-02	
   4.9860629e-02	
   5.6915829e-02	
   6.7099558e-02	
   7.7736327e-02	
   8.5396575e-02	
   9.4492182e-02	
   1.0383536e-01	
   1.0915420e-01	
   1.1265885e-01	
   1.1263661e-01	
   1.0777356e-01	
   9.9379104e-02	
   8.7308365e-02	
   7.2806691e-02	
   5.8185994e-02	
   4.6327435e-02	
   3.7120195e-02	
   3.0860719e-02	
   2.7817150e-02	
   2.5581354e-02	
   2.2130130e-02	
   2.0152543e-02	
   1.9968737e-02	
   2.1753128e-02	
   2.6196676e-02	
   3.1213201e-02	
   3.6282560e-02	
   4.1310370e-02	
   4.7196088e-02	
   5.2151862e-02	
   5.5329207e-02	
   5.9569894e-02	
   6.3832175e-02	
   6.6427762e-02	
   6.7503138e-02	
   6.8989415e-02	
   7.2515626e-02	
   7.8019019e-02	
   8.0458938e-02	
   8.0855873e-02	
   8.2847057e-02	
   8.7028046e-02	
   9.3170082e-02	
   9.9944929e-02	
   1.0660957e-01	
   1.1320658e-01	
   1.1988342e-01	
   1.2644812e-01	
   1.3276955e-01	
   1.3937490e-01	
   1.4789289e-01	
   1.5751821e-01	
   1.6404281e-01	
   1.6859650e-01	
   1.7331789e-01	
   1.7979197e-01	
   1.8539957e-01	
   1.8536089e-01	
   1.8039451e-01	
   1.7557051e-01	
   1.7302448e-01	
   1.7248737e-01	
   1.7247744e-01	
   1.7307642e-01	
   1.7569695e-01	
   1.8024027e-01	
   1.8471805e-01	
   1.8623643e-01	
   1.8627755e-01	
   1.8650855e-01	
   1.8448244e-01	
   1.7697814e-01	
   1.6540217e-01	
   1.5074279e-01	
   1.3203023e-01	
   1.0591170e-01	
   7.4267815e-02	
   4.3576958e-02	
   1.6765486e-02	
  -6.3134513e-03	
  -2.5836716e-02	
  -4.1416918e-02	
  -5.4633240e-02	
  -6.7396827e-02	
  -7.5868505e-02	
  -7.9233894e-02	
  -7.8959439e-02	
  -7.5519437e-02	
  -6.8895885e-02	
  -5.9609828e-02	
  -4.8531613e-02	
  -3.6381378e-02	
  -2.5431183e-02	
  -1.7262731e-02	
  -1.1769304e-02	
  -5.9562402e-03	
  -5.8213690e-04	
   1.4792475e-03	
  -1.5447220e-04	
  -6.2340134e-03	
  -1.5523183e-02	
  -2.6423182e-02	
  -3.9188671e-02	
  -5.2946986e-02	
  -6.5494563e-02	
  -7.4419687e-02	
  -8.1526279e-02	
  -9.0646837e-02	
  -9.8874706e-02	
  -1.0564630e-01	
  -1.1304945e-01	
  -1.2119745e-01	
  -1.2773496e-01	
  -1.3434034e-01	
  -1.4378739e-01	
  -1.5165094e-01	
  -1.5595878e-01	
  -1.5811709e-01	
  -1.5857593e-01	
  -1.5839880e-01	
  -1.5851640e-01	
  -1.5900870e-01	
  -1.5788267e-01	
  -1.5213184e-01	
  -1.4179492e-01	
  -1.2938921e-01	
  -1.1745004e-01	
  -1.0744744e-01	
  -1.0051316e-01	
  -9.3879033e-02	
  -8.7108694e-02	
  -8.0830652e-02	
  -7.8514061e-02	
  -7.8931980e-02	
  -7.9304677e-02	
  -7.8975508e-02	
  -7.8621321e-02	
  -8.0402156e-02	
  -8.4995639e-02	
  -8.8494594e-02	
  -8.9796930e-02	
  -9.1946055e-02	
  -9.6291899e-02	
  -1.0185492e-01	
  -1.0534055e-01	
  -1.0593750e-01	
  -1.0568372e-01	
  -1.0573217e-01	
  -1.0514624e-01	
  -1.0271280e-01	
  -9.8643644e-02	
  -9.3415077e-02	
  -8.7281449e-02	
  -8.0791836e-02	
  -7.8135025e-02	
  -8.0035358e-02	
  -8.5011505e-02	
  -8.9574580e-02	
  -9.2029483e-02	
  -9.2508320e-02	
  -9.2552899e-02	
  -9.2850575e-02	
  -9.1420774e-02	
  -8.6254414e-02	
  -7.9358612e-02	
  -7.2636615e-02	
  -6.5843021e-02	
  -5.8650322e-02	
  -5.3244357e-02	
  -5.3513998e-02	
  -5.8354680e-02	
  -6.2214568e-02	
  -6.3848752e-02	
  -6.5288891e-02	
  -6.6011199e-02	
  -6.6011097e-02	
  -6.5938483e-02	
  -6.6055269e-02	
  -6.6132120e-02	
  -6.5287230e-02	
  -6.3452833e-02	
  -6.2423731e-02	
  -6.2274503e-02	
  -6.3159395e-02	
  -6.5870649e-02	
  -6.9354281e-02	
  -7.2002719e-02	
  -7.3600697e-02	
  -7.5231558e-02	
  -7.6017970e-02	
  -7.6091703e-02	
  -7.6023360e-02	
  -7.5300307e-02	
  -7.3666497e-02	
  -7.1832642e-02	
  -6.9057385e-02	
  -6.6759745e-02	
  -6.6347046e-02	
  -6.4836835e-02	
  -5.9446735e-02	
  -5.3894118e-02	
  -5.2165761e-02	
  -5.2587816e-02	
  -5.2896882e-02	
  -5.2850948e-02	
  -5.2792911e-02	
  -5.2851456e-02	
  -5.2278851e-02	
  -5.0663753e-02	
  -4.7578650e-02	
  -4.2190177e-02	
  -3.6205031e-02	
  -2.9344230e-02	
  -2.4961146e-02	
  -2.0040697e-02	
  -1.1776246e-02	
  -2.1072993e-03	
   5.3063195e-03	
   1.1994322e-02	
   1.8586533e-02	
   2.4759950e-02	
   2.7718857e-02	
   2.9012071e-02	
   3.1266580e-02	
   3.5833114e-02	
   3.9547604e-02	
   4.0430869e-02	
   3.9472753e-02	
   3.7030123e-02	
   3.3050720e-02	
   2.6255581e-02	
   1.6892756e-02	
   7.4729058e-03	
  -9.6709344e-04	
  -9.3361041e-03	
  -1.6008577e-02	
  -2.0236520e-02	
  -2.2904637e-02	
  -2.3175054e-02	
  -1.9704924e-02	
  -1.1932386e-02	
  -2.3521939e-03	
   5.8219453e-03	
   1.5485073e-02	
   2.6228261e-02	
   3.8352019e-02	
   5.1224392e-02	
   6.0252979e-02	
   6.6566786e-02	
   7.2908120e-02	
   7.9688832e-02	
   8.5676690e-02	
   8.9805507e-02	
   9.3060924e-02	
   9.5632849e-02	
   9.6559167e-02	
   9.5704988e-02	
   9.3023973e-02	
   8.9561054e-02	
   8.6057591e-02	
   8.2673489e-02	
   8.0117124e-02	
   7.9126160e-02	
   7.9115244e-02	
   8.0874111e-02	
   8.5113611e-02	
   8.9270192e-02	
   9.3610545e-02	
   9.9533790e-02	
   1.0472564e-01	
   1.0723862e-01	
   1.0938293e-01	
   1.1143652e-01	
   1.1378884e-01	
   1.1909538e-01	
   1.2600915e-01	
   1.3124965e-01	
   1.3432102e-01	
   1.3817511e-01	
   1.4211816e-01	
   1.4645451e-01	
   1.5243386e-01	
   1.5827924e-01	
   1.6237069e-01	
   1.6646639e-01	
   1.7160041e-01	
   1.7521988e-01	
   1.7622834e-01	
   1.7531029e-01	
   1.7182673e-01	
   1.6597847e-01	
   1.5930464e-01	
   1.5172870e-01	
   1.4240898e-01	
   1.3314598e-01	
   1.2564645e-01	
   1.1891110e-01	
   1.1232029e-01	
   1.0753829e-01	
   1.0466300e-01	
   9.9676238e-02	
   9.2197898e-02	
   8.4726236e-02	
   7.7745446e-02	
   6.6903108e-02	
   5.2449741e-02	
   3.7822230e-02	
   2.5530975e-02	
   1.3434245e-02	
   3.9567639e-04	
  -1.3197582e-02	
  -2.6957439e-02	
  -3.9378071e-02	
  -4.8194715e-02	
  -5.5238965e-02	
  -6.4647639e-02	
  -7.3356108e-02	
  -7.8625355e-02	
  -7.9936709e-02	
  -7.9631778e-02	
  -7.8674781e-02	
  -7.6337308e-02	
  -7.3194507e-02	
  -6.8950261e-02	
  -6.2248672e-02	
  -5.4585034e-02	
  -4.7908124e-02	
  -4.0377171e-02	
  -3.2977459e-02	
  -2.6368932e-02	
  -1.9891140e-02	
  -1.3056826e-02	
  -6.0227215e-03	
  -8.8950447e-04	
   4.3305284e-04	
   1.5844365e-04	
   8.4538667e-04	
   1.8053120e-03	
   1.0322479e-03	
   3.3856828e-04	
   3.9651983e-05	
  -1.7554162e-03	
  -3.5869895e-03	
  -1.6561004e-03	
   1.4142144e-04	
   1.2350516e-04	
   5.5595458e-04	
   3.0540849e-03	
   7.1356924e-03	
   1.1533041e-02	
   1.6589518e-02	
   2.3594790e-02	
   2.7714104e-02	
   3.0122696e-02	
   3.2896452e-02	
   3.6062820e-02	
   4.0484261e-02	
   4.6710064e-02	
   5.1913274e-02	
   5.3459690e-02	
   5.3539219e-02	
   5.3572543e-02	
   5.0992516e-02	
   4.4623248e-02	
   4.0082818e-02	
   3.9183146e-02	
   3.9490313e-02	
   4.0506398e-02	
   4.3094968e-02	
   4.5810663e-02	
   4.6919702e-02	
   4.6840342e-02	
   4.5035438e-02	
   4.1472785e-02	
   3.8859841e-02	
   3.6404193e-02	
   3.4121808e-02	
   3.2343532e-02	
   2.9653184e-02	
   2.7414191e-02	
   2.6965826e-02	
   2.4813908e-02	
   1.7555576e-02	
   8.2634843e-03	
  -2.6972230e-03	
  -1.7954369e-02	
  -3.3192578e-02	
  -4.6716471e-02	
  -5.9008205e-02	
  -6.9782336e-02	
  -7.9131346e-02	
  -8.6426219e-02	
  -9.1189712e-02	
  -9.4319733e-02	
  -9.8613880e-02	
  -1.0192303e-01	
  -1.0269978e-01	
  -1.0331693e-01	
  -1.0501328e-01	
  -1.0595815e-01	
  -1.0592489e-01	
  -1.0578444e-01	
  -1.0586346e-01	
  -1.0593082e-01	
  -1.0517255e-01	
  -1.0347372e-01	
  -1.0182814e-01	
  -9.9272828e-02	
  -9.6001681e-02	
  -9.2688431e-02	
  -8.9223410e-02	
  -8.5027844e-02	
  -8.0988863e-02	
  -7.8188621e-02	
  -7.3257798e-02	
  -6.4767848e-02	
  -5.4947120e-02	
  -4.7602414e-02	
  -4.1283386e-02	
  -3.4897135e-02	
  -2.6347578e-02	
  -1.7865788e-02	
  -1.1915436e-02	
  -6.1149769e-03	
  -1.1555825e-03	
   1.1721549e-03	
   2.6923821e-03	
   4.3806224e-03	
   6.3032541e-03	
   6.2240705e-03	
   3.7903658e-03	
   1.4135459e-03	
  -1.7447845e-03	
  -9.2879762e-03	
  -1.8679544e-02	
  -2.7263461e-02	
  -3.6370157e-02	
  -4.5463697e-02	
  -5.3154658e-02	
  -5.9965269e-02	
  -6.5069152e-02	
  -6.6673605e-02	
  -6.5767864e-02	
  -6.3136072e-02	
  -5.8924844e-02	
  -5.2906577e-02	
  -4.6238820e-02	
  -4.0251707e-02	
  -3.4433145e-02	
  -2.8354065e-02	
  -2.4964777e-02	
  -2.3365653e-02	
  -2.3574569e-02	
  -2.5133874e-02	
  -2.7256275e-02	
  -3.2222706e-02	
  -4.0654406e-02	
  -5.1241104e-02	
  -6.0684560e-02	
  -6.8880901e-02	
  -7.5138299e-02	
  -8.0771869e-02	
  -8.8310619e-02	
  -9.5323308e-02	
  -1.0056679e-01	
  -1.0440949e-01	
  -1.0559084e-01	
  -1.0710224e-01	
  -1.1146635e-01	
  -1.1528512e-01	
  -1.1642952e-01	
  -1.1538428e-01	
  -1.1178427e-01	
  -1.0664008e-01	
  -1.0177973e-01	
  -9.6144536e-02	
  -8.8770472e-02	
  -7.9410208e-02	
  -6.9337162e-02	
  -5.9469346e-02	
  -4.9473558e-02	
  -3.8557623e-02	
  -2.7628531e-02	
  -1.8866716e-02	
  -1.0086338e-02	
   7.6235235e-04	
   1.3691624e-02	
   2.5472877e-02	
   3.4222016e-02	
   4.3181278e-02	
   5.3984326e-02	
   6.4430509e-02	
   7.1945462e-02	
   7.8457821e-02	
   8.3133343e-02	
   8.6619958e-02	
   9.0014467e-02	
   9.1789132e-02	
   9.0724299e-02	
   8.8909632e-02	
   8.7178088e-02	
   8.5617298e-02	
   8.2984827e-02	
   8.0319541e-02	
   7.9387393e-02	
   7.9530451e-02	
   7.9960913e-02	
   8.0221570e-02	
   7.8590302e-02	
   7.4007056e-02	
   6.9428895e-02	
   6.6775440e-02	
   6.6299078e-02	
   6.6621772e-02	
   6.6512919e-02	
   6.6034861e-02	
   6.6792424e-02	
   7.1151388e-02	
   7.7300272e-02	
   8.1308777e-02	
   8.6152511e-02	
   9.2943732e-02	
   1.0001575e-01	
   1.0507183e-01	
   1.0730116e-01	
   1.0966328e-01	
   1.1218015e-01	
   1.1315874e-01	
   1.1314098e-01	
   1.1240131e-01	
   1.1017642e-01	
   1.0602869e-01	
   9.9013900e-02	
   9.0440793e-02	
   8.3675472e-02	
   7.8080209e-02	
   7.1490591e-02	
   6.5646706e-02	
   6.0404681e-02	
   5.6254677e-02	
   5.3686481e-02	
   5.3045262e-02	
   5.3473657e-02	
   5.3757603e-02	
   5.2127352e-02	
   4.7834425e-02	
   4.3509226e-02	
   3.9081988e-02	
   3.3568370e-02	
   2.8988537e-02	
   2.4228628e-02	
   1.4034878e-02	
   2.0107517e-03	
  -7.3937120e-03	
  -1.6372785e-02	
  -2.5441286e-02	
  -3.3085542e-02	
  -3.9002560e-02	
  -4.3076289e-02	
  -4.5523395e-02	
  -4.6151290e-02	
  -4.5854089e-02	
  -4.5704421e-02	
  -4.6622331e-02	
  -4.8525816e-02	
  -4.9421691e-02	
  -4.9348671e-02	
  -4.9167882e-02	
  -4.9176391e-02	
  -4.9295888e-02	
  -4.9313381e-02	
  -4.8583107e-02	
  -4.7012045e-02	
  -4.4828852e-02	
  -4.0427072e-02	
  -3.4158420e-02	
  -2.7747950e-02	
  -2.5494515e-02	
  -2.6023976e-02	
  -2.5654405e-02	
  -2.2962351e-02	
  -1.9414120e-02	
  -1.6283655e-02	
  -1.3006050e-02	
  -7.8167400e-03	
  -1.5511918e-03	
   1.5197512e-03	
   3.3279332e-03	
   7.1563917e-03	
   1.5122844e-02	
   2.4881305e-02	
   3.0869347e-02	
   3.4822216e-02	
   3.8786990e-02	
   4.0724172e-02	
   4.0918588e-02	
   3.8995272e-02	
   3.3892583e-02	
   2.8672328e-02	
   2.4378775e-02	
   1.8540534e-02	
   1.4422128e-02	
   1.1978680e-02	
   8.6804645e-03	
   6.1854686e-03	
   4.4866142e-03	
   3.8146314e-03	
   3.0300959e-03	
   1.4990187e-03	
   6.8153746e-04	
  -9.3130622e-04	
  -4.2966589e-03	
  -6.9070742e-03	
  -9.6070803e-03	
  -1.2156804e-02	
  -1.2943328e-02	
  -1.2563086e-02	
  -1.2328542e-02	
  -1.3980235e-02	
  -1.7548440e-02	
  -2.0206248e-02	
  -2.2838369e-02	
  -2.5257273e-02	
  -2.6051940e-02	
  -2.6080104e-02	
  -2.6101451e-02	
  -2.5275660e-02	
  -2.2684171e-02	
  -1.9996223e-02	
  -1.8281514e-02	
  -1.6577110e-02	
  -1.5661397e-02	
  -1.5723308e-02	
  -1.6839662e-02	
  -1.8076755e-02	
  -1.6601847e-02	
  -1.2925423e-02	
  -7.5696632e-03	
  -1.8032115e-03	
   1.8322526e-03	
   7.5943153e-03	
   1.7133738e-02	
   2.6744625e-02	
   3.3174940e-02	
   3.7875114e-02	
   4.4643113e-02	
   5.1658040e-02	
   5.4226813e-02	
   5.4716566e-02	
   5.5473960e-02	
   5.4922034e-02	
   5.2694431e-02	
   4.7384776e-02	
   4.0364221e-02	
   3.4057974e-02	
   2.9833027e-02	
   2.7752472e-02	
   2.7513162e-02	
   2.6137622e-02	
   2.1005311e-02	
   1.4224633e-02	
   7.5894506e-03	
  -3.9887452e-04	
  -1.1308101e-02	
  -2.3340401e-02	
  -3.5372616e-02	
  -4.5281078e-02	
  -5.2591748e-02	
  -5.9069225e-02	
  -6.4951451e-02	
  -6.9205494e-02	
  -7.1745689e-02	
  -7.2436367e-02	
  -7.1619072e-02	
  -6.9241123e-02	
  -6.5739253e-02	
  -6.0426682e-02	
  -5.4313258e-02	
  -5.1262122e-02	
  -4.9045435e-02	
  -4.5007674e-02	
  -3.9599777e-02	
  -3.5411635e-02	
  -3.3020529e-02	
  -3.0668971e-02	
  -2.7124492e-02	
  -2.5387951e-02	
  -2.5464612e-02	
  -2.5727029e-02	
  -2.5757837e-02	
  -2.5677952e-02	
  -2.5658734e-02	
  -2.5664297e-02	
  -2.5675148e-02	
  -2.5669212e-02	
  -2.5670280e-02	
  -2.5653611e-02	
  -2.5635617e-02	
  -2.5640526e-02	
  -2.5723764e-02	
  -2.5726439e-02	
  -2.5445137e-02	
  -2.5215484e-02	
  -2.6892941e-02	
  -3.1324675e-02	
  -3.5509911e-02	
  -3.8799092e-02	
  -4.3029134e-02	
  -4.8322077e-02	
  -5.1598817e-02	
  -5.2120538e-02	
  -5.3428468e-02	
  -5.7026716e-02	
  -5.9879740e-02	
  -6.1075664e-02	
  -5.9916691e-02	
  -5.7110516e-02	
  -5.3362668e-02	
  -5.1718993e-02	
  -5.1874322e-02	
  -5.2123555e-02	
  -5.2127962e-02	
  -5.2045212e-02	
  -5.2035619e-02	
  -5.2051043e-02	
  -5.2049518e-02	
  -5.2019686e-02	
  -5.2023550e-02	
  -5.2108266e-02	
  -5.2129149e-02	
  -5.1833270e-02	
  -5.1561663e-02	
  -5.3242696e-02	
  -5.7826552e-02	
  -6.1678474e-02	
  -6.2741374e-02	
  -6.1517347e-02	
  -5.7859164e-02	
  -5.3709465e-02	
  -5.0805455e-02	
  -4.5809816e-02	
  -3.7473975e-02	
  -2.8038293e-02	
  -2.0459667e-02	
  -1.1371809e-02	
  -1.5886201e-03	
   5.8657746e-03	
   1.4982976e-02	
   2.5780987e-02	
   3.4966291e-02	
   4.4025557e-02	
   5.3948155e-02	
   6.4056152e-02	
   7.3175964e-02	
   8.1231282e-02	
   8.9740588e-02	
   9.8298915e-02	
   1.0514671e-01	
   1.0805381e-01	
   1.1017459e-01	
   1.1346483e-01	
   1.1718193e-01	
   1.1978334e-01	
   1.2023252e-01	
   1.2057949e-01	
   1.2313463e-01	
   1.2774405e-01	
   1.3228353e-01	
   1.3383744e-01	
   1.3382137e-01	
   1.3386174e-01	
   1.3231601e-01	
   1.2731742e-01	
   1.2130332e-01	
   1.1539757e-01	
   1.0786543e-01	
   1.0036692e-01	
   9.3631325e-02	
   8.7141509e-02	
   8.0667864e-02	
   7.4067398e-02	
   6.7098202e-02	
   6.0134735e-02	
   5.5281849e-02	
   5.4034566e-02	
   5.2562289e-02	
   4.8806644e-02	
   4.6883497e-02	
   4.8641449e-02	
   5.2448555e-02	
   5.4854438e-02	
   5.7347138e-02	
   6.1557417e-02	
   6.5996384e-02	
   6.7734946e-02	
   6.8387724e-02	
   6.9200782e-02	
   6.8501425e-02	
   6.6925685e-02	
   6.3616062e-02	
   5.8694935e-02	
   5.2893051e-02	
   4.4568601e-02	
   3.5203353e-02	
   2.5830369e-02	
   1.6005651e-02	
   7.9900842e-03	
  -3.8450024e-04	
  -1.1307264e-02	
  -2.0690557e-02	
  -2.7248684e-02	
  -3.3850109e-02	
  -3.9554588e-02	
  -4.3783070e-02	
  -4.6131425e-02	
  -4.8637889e-02	
  -5.0913156e-02	
  -5.1561730e-02	
  -5.3087671e-02	
  -5.7327951e-02	
  -6.1557179e-02	
  -6.5036031e-02	
  -6.9240852e-02	
  -7.3596934e-02	
  -7.5276611e-02	
  -7.5192200e-02	
  -7.4921644e-02	
  -7.4040244e-02	
  -7.2445487e-02	
  -7.1632632e-02	
  -7.0618988e-02	
  -6.8720182e-02	
  -6.8662314e-02	
  -7.1297938e-02	
  -7.4142114e-02	
  -7.5903456e-02	
  -7.7531843e-02	
  -7.8255370e-02	
  -7.8191604e-02	
  -7.8091159e-02	
  -7.8188350e-02	
  -7.8315509e-02	
  -7.7565031e-02	
  -7.5640629e-02	
  -7.3760061e-02	
  -7.2696957e-02	
  -7.3756806e-02	
  -7.5637138e-02	
  -7.7547809e-02	
  -7.8252963e-02	
  -7.8125296e-02	
  -7.8156755e-02	
  -7.8319340e-02	
  -7.7529131e-02	
  -7.4943408e-02	
  -7.2215136e-02	
  -7.0349551e-02	
  -6.8626313e-02	
  -6.8677061e-02	
  -7.0504711e-02	
  -7.2256019e-02	
  -7.4002073e-02	
  -7.5597848e-02	
  -7.7405158e-02	
  -7.8311746e-02	
  -7.8242895e-02	
  -7.7335968e-02	
  -7.5728769e-02	
  -7.4264628e-02	
  -7.1040535e-02	
  -6.5756067e-02	
  -5.9806041e-02	
  -5.4006632e-02	
  -4.9453490e-02	
  -4.2602638e-02	
  -3.4108892e-02	
  -2.6412229e-02	
  -2.0979334e-02	
  -1.5147042e-02	
  -7.5622052e-03	
  -7.2532304e-04	
   3.0474517e-03	
   7.7816840e-03	
   1.4596550e-02	
   2.1646228e-02	
   2.6751422e-02	
   2.9634997e-02	
   3.2920775e-02	
   3.6285984e-02	
   3.9796430e-02	
   4.1291590e-02	
   4.2143090e-02	
   4.3952638e-02	
   4.4205837e-02	
   4.1702695e-02	
   3.7428210e-02	
   3.2227693e-02	
   2.6464828e-02	
   1.9627717e-02	
   1.3665995e-02	
   7.9931183e-03	
   3.3155698e-03	
  -8.2849600e-04	
  -7.3445943e-03	
  -1.1983192e-02	
  -1.1005974e-02	
  -5.2651412e-03	
   9.4750636e-05	
   3.0862357e-03	
   7.7553776e-03	
   1.4572990e-02	
   2.1711431e-02	
   2.7591318e-02	
   3.1454013e-02	
   3.5159249e-02	
   4.0150618e-02	
   4.6221701e-02	
   5.3164590e-02	
   5.8004459e-02	
   6.1824278e-02	
   6.6798730e-02	
   7.2734721e-02	
   7.8774888e-02	
   8.2646878e-02	
   8.7359893e-02	
   9.3286834e-02	
   9.9593454e-02	
   1.0563908e-01	
   1.0776942e-01	
   1.0832748e-01	
   1.1073598e-01	
   1.1349612e-01	
   1.1442284e-01	
   1.1430192e-01	
   1.1427649e-01	
   1.1371836e-01	
   1.1137750e-01	
   1.0708932e-01	
   1.0099122e-01	
   9.4451197e-02	
   8.8162137e-02	
   8.0163364e-02	
   6.8284329e-02	
   5.4463842e-02	
   4.1674931e-02	
   3.1172904e-02	
   2.2078755e-02	
   1.2970306e-02	
   4.4633757e-03	
  -3.0700596e-04	
  -4.4358828e-03	
  -8.4516632e-03	
  -1.1082913e-02	
  -1.1867644e-02	
  -1.1885913e-02	
  -1.1193417e-02	
  -8.5339182e-03	
  -4.0926385e-03	
   2.9955867e-04	
   2.5008074e-03	
   4.7907683e-03	
   8.8499204e-03	
   1.4013504e-02	
   1.8411904e-02	
   2.2684856e-02	
   2.6752660e-02	
   2.8287099e-02	
   2.9697648e-02	
   3.2883664e-02	
   3.6073939e-02	
   4.0510602e-02	
   4.6318045e-02	
   5.2424248e-02	
   5.6489773e-02	
   6.0666355e-02	
   6.4615705e-02	
   6.7819899e-02	
   7.1147320e-02	
   7.5523810e-02	
   7.9995593e-02	
   8.1530992e-02	
   8.1261249e-02	
   8.1298065e-02	
   8.1648591e-02	
   8.0020204e-02	
   7.4803876e-02	
   6.9534358e-02	
   6.6126798e-02	
   6.1444360e-02	
   5.6640934e-02	
   5.2408010e-02	
   4.5618552e-02	
   3.8959677e-02	
   3.3992818e-02	
   2.8384619e-02	
   2.1796747e-02	
   1.5030999e-02	
   8.3640928e-03	
   1.6940244e-03	
  -4.9011840e-03	
  -1.0801974e-02	
  -1.5887306e-02	
  -2.0795840e-02	
  -2.3883208e-02	
  -2.6159064e-02	
  -3.0441576e-02	
  -3.4880693e-02	
  -3.7620220e-02	
  -3.8201639e-02	
  -3.7857317e-02	
  -3.7707309e-02	
  -3.8504705e-02	
  -4.0296150e-02	
  -4.2042644e-02	
  -4.4003115e-02	
  -4.5005233e-02	
  -4.4119155e-02	
  -4.1083003e-02	
  -3.8134347e-02	
  -3.8163569e-02	
  -4.1034797e-02	
  -4.3884974e-02	
  -4.5439085e-02	
  -4.6993027e-02	
  -4.8634737e-02	
  -5.0479744e-02	
  -5.1253817e-02	
  -5.1193475e-02	
  -5.1174321e-02	
  -5.1190356e-02	
  -5.0448760e-02	
  -4.8788304e-02	
  -4.7162561e-02	
  -4.4536125e-02	
  -4.1139650e-02	
  -3.8383919e-02	
  -3.6783907e-02	
  -3.5532319e-02	
  -3.4907372e-02	
  -3.2344797e-02	
  -2.7010611e-02	
  -2.3607177e-02	
  -2.1203789e-02	
  -1.8160986e-02	
  -1.4616243e-02	
  -1.1102969e-02	
  -8.6585482e-03	
  -7.8039359e-03	
  -7.0044824e-03	
  -6.7424930e-03	
  -9.2534321e-03	
  -1.2756760e-02	
  -1.7912313e-02	
  -2.2878168e-02	
  -2.7020724e-02	
  -3.2967591e-02	
  -3.7955864e-02	
  -4.1399629e-02	
  -4.4559787e-02	
  -4.7156358e-02	
  -4.8709622e-02	
  -4.9479152e-02	
  -4.9421420e-02	
  -5.0362891e-02	
  -5.0324075e-02	
  -4.8683248e-02	
  -4.7734217e-02	
  -4.6841630e-02	
  -4.5144596e-02	
  -4.4269874e-02	
  -4.4296452e-02	
  -4.4427679e-02	
  -4.4402390e-02	
  -4.4339641e-02	
  -4.4457748e-02	
  -4.4643724e-02	
  -4.3888296e-02	
  -4.1269826e-02	
  -3.7887182e-02	
  -3.4624341e-02	
  -3.0633450e-02	
  -2.4833316e-02	
  -1.8003188e-02	
  -1.1033830e-02	
  -4.3791240e-03	
   6.4480749e-04	
   3.9054868e-03	
   7.2896560e-03	
   8.7991654e-03	
   8.7137916e-03	
   8.6858716e-03	
   8.8642195e-03	
   7.9906029e-03	
   5.1781131e-03	
   2.7195302e-03	
   2.2557613e-03	
   8.0085292e-04	
  -4.4760204e-03	
  -1.0008375e-02	
  -1.2501310e-02	
  -1.3738622e-02	
  -1.5106301e-02	
  -1.7831542e-02	
  -2.1107659e-02	
  -2.3488144e-02	
  -2.6464967e-02	
  -3.2484309e-02	
  -3.9303829e-02	
  -4.6179224e-02	
  -5.1812319e-02	
  -5.7686172e-02	
  -6.3654708e-02	
  -6.7942244e-02	
  -7.0380197e-02	
  -7.1098741e-02	
  -7.1088741e-02	
  -7.0147880e-02	
  -6.7590769e-02	
  -6.5036336e-02	
  -6.3265129e-02	
  -6.0715476e-02	
  -5.8403768e-02	
  -5.7649391e-02	
  -5.6010122e-02	
  -5.2434859e-02	
  -5.0609378e-02	
  -5.0648939e-02	
  -5.0953429e-02	
  -5.1094894e-02	
  -5.1044789e-02	
  -5.0249665e-02	
  -4.8575174e-02	
  -4.6946788e-02	
  -4.4379575e-02	
  -4.1089207e-02	
  -3.7808195e-02	
  -3.4392262e-02	
  -3.0140527e-02	
  -2.5866347e-02	
  -2.3556710e-02	
  -2.1229160e-02	
  -1.7889996e-02	
  -1.4265452e-02	
  -1.1616944e-02	
  -1.0912644e-02	
  -1.1109688e-02	
  -1.1279757e-02	
  -1.1271587e-02	
  -1.1068818e-02	
  -1.0857780e-02	
  -1.1714538e-02	
  -1.4493965e-02	
  -1.7259877e-02	
  -1.8057394e-02	
  -1.7827922e-02	
  -1.7787937e-02	
  -1.7980048e-02	
  -1.7276565e-02	
  -1.4742459e-02	
  -1.1373457e-02	
  -7.8454499e-03	
  -3.6055599e-03	
   6.2061713e-04	
   2.9613176e-03	
   5.3484640e-03	
   8.6203666e-03	
   1.2003787e-02	
   1.5168602e-02	
   1.8524323e-02	
   2.2987831e-02	
   2.7454379e-02	
   2.8775351e-02	
   2.8320192e-02	
   2.9820088e-02	
   3.4319513e-02	
   3.7869317e-02	
   3.9498551e-02	
   4.1857245e-02	
   4.4454223e-02	
   4.5481155e-02	
   4.5396609e-02	
   4.4454256e-02	
   4.2698576e-02	
   4.1044832e-02	
   3.9166229e-02	
   3.7587676e-02	
   3.6737159e-02	
   3.6925338e-02	
   3.6064108e-02	
   3.5207320e-02	
   3.4973681e-02	
   3.5017920e-02	
   3.5982070e-02	
   3.7821044e-02	
   3.8662272e-02	
   3.8593387e-02	
   3.9020900e-02	
   4.0498059e-02	
   4.3174498e-02	
   4.8577412e-02	
   5.3720482e-02	
   5.5944628e-02	
   5.8268981e-02	
   6.2503159e-02	
   6.6954059e-02	
   6.8618549e-02	
   6.9384079e-02	
   7.0926902e-02	
   7.0920020e-02	
   6.9395910e-02	
   6.8644483e-02	
   6.6941042e-02	
   6.2002795e-02	
   5.6922066e-02	
   5.2774401e-02	
   4.6033861e-02	
   3.9096599e-02	
   3.4065568e-02	
   3.0238108e-02	
   2.7139669e-02	
   2.2019562e-02	
   1.6850188e-02	
   1.3640282e-02	
   1.0289938e-02	
   6.9776777e-03	
   3.5827046e-03	
   2.2683388e-03	
   8.0788378e-04	
  -3.5389329e-03	
  -8.1069036e-03	
  -1.0791648e-02	
  -1.1298548e-02	
  -1.1138652e-02	
  -1.1286117e-02	
  -1.0762911e-02	
  -8.1259046e-03	
  -3.6355140e-03	
   7.9726088e-04	
   3.0421114e-03	
   5.2146065e-03	
   9.0134235e-03	
   1.4392577e-02	
   2.0655002e-02	
   2.6726702e-02	
   2.8926436e-02	
   2.9505150e-02	
   3.1738380e-02	
   3.4270324e-02	
   3.6044412e-02	
   3.8776786e-02	
   4.1520313e-02	
   4.1540823e-02	
   3.8762548e-02	
   3.5942814e-02	
   3.3841621e-02	
   3.0751188e-02	
   2.5879131e-02	
   1.7752338e-02	
   1.0731306e-02	
   5.7603185e-03	
   3.0515095e-03	
   7.8713936e-04	
  -4.3579603e-03	
  -9.7558573e-03	
  -1.2504442e-02	
  -1.3990432e-02	
  -1.3751932e-02	
  -1.2119945e-02	
  -1.0624826e-02	
  -7.9444650e-03	
  -3.5226337e-03	
   7.8251743e-04	
   2.1769729e-03	
   3.5176471e-03	
   7.6756550e-03	
   1.2144170e-02	
   1.5699263e-02	
   1.8719960e-02	
   2.1118415e-02	
   2.3674597e-02	
   2.7258146e-02	
   2.8937420e-02	
   2.8836876e-02	
   2.8574934e-02	
   2.8555790e-02	
   2.8641001e-02	
   2.8654870e-02	
   2.8599393e-02	
   2.8564543e-02	
   2.8702432e-02	
   2.8875003e-02	
   2.8102690e-02	
   2.5500272e-02	
   2.2198415e-02	
   1.8918281e-02	
   1.4663767e-02	
   8.7443897e-03	
   3.6088177e-03	
   3.0960033e-04	
  -3.7894979e-03	
  -7.1227595e-03	
  -8.8934514e-03	
  -1.0480368e-02	
  -1.1103881e-02	
  -1.1072577e-02	
  -1.1758425e-02	
  -1.3395768e-02	
  -1.5013618e-02	
  -1.7671195e-02	
  -2.1187558e-02	
  -2.3882621e-02	
  -2.4617855e-02	
  -2.4408556e-02	
  -2.4282421e-02	
  -2.4315806e-02	
  -2.4361574e-02	
  -2.4358876e-02	
  -2.4348760e-02	
  -2.4345573e-02	
  -2.4348221e-02	
  -2.4346149e-02	
  -2.4351360e-02	
  -2.4364401e-02	
  -2.4363374e-02	
  -2.4311968e-02	
  -2.4284940e-02	
  -2.4447616e-02	
  -2.4652941e-02	
  -2.3800336e-02	
  -2.1039510e-02	
  -1.8312990e-02	
  -1.7482545e-02	
  -1.7535192e-02	
  -1.7574041e-02	
  -1.8415195e-02	
  -2.0866084e-02	
  -2.3348886e-02	
  -2.5792503e-02	
  -3.0179011e-02	
  -3.4619595e-02	
  -3.7274948e-02	
  -3.7736260e-02	
  -3.7507536e-02	
  -3.8306898e-02	
  -4.0002169e-02	
  -4.0846652e-02	
  -4.1886772e-02	
  -4.3863651e-02	
  -4.3378271e-02	
  -3.8952049e-02	
  -3.2771849e-02	
  -2.5977143e-02	
  -2.0387989e-02	
  -1.3694522e-02	
  -5.3728279e-03	
   1.9855847e-03	
   8.7068184e-03	
   1.7086373e-02	
   2.5840139e-02	
   3.0665845e-02	
   3.3808548e-02	
   3.6738718e-02	
   4.0332389e-02	
   4.2834074e-02	
   4.4496225e-02	
   4.5746016e-02	
   4.7413523e-02	
   5.0042638e-02	
   5.3717059e-02	
   5.5396193e-02	
   5.5271408e-02	
   5.5024955e-02	
   5.4989021e-02	
   5.4998614e-02	
   5.5028039e-02	
   5.5268051e-02	
   5.5345682e-02	
   5.3705567e-02	
   5.0147050e-02	
   4.7519325e-02	
   4.4963706e-02	
   4.2521448e-02	
   4.0942657e-02	
   3.9419225e-02	
   3.7874165e-02	
   3.5156232e-02	
   3.1875126e-02	
   2.9545776e-02	
   2.7238586e-02	
   2.2144466e-02	
   1.6103103e-02	
   1.1681401e-02	
   7.7450482e-03	
   3.8355138e-03	
   6.6551192e-04	
  -4.3322912e-03	
  -1.0338039e-02	
  -1.5673919e-02	
  -2.0558041e-02	
  -2.3524451e-02	
  -2.5912716e-02	
  -3.0905799e-02	
  -3.6056854e-02	
  -3.9394275e-02	
  -4.3572043e-02	
  -4.7761066e-02	
  -5.0556528e-02	
  -5.1417418e-02	
  -5.0606022e-02	
  -4.7438982e-02	
  -4.2150311e-02	
  -3.5142096e-02	
  -2.7233273e-02	
  -2.3142635e-02	
  -2.0749058e-02	
  -1.8536083e-02	
  -1.7675599e-02	
  -1.7598392e-02	
  -1.7710523e-02	
  -1.8567420e-02	
  -2.0271586e-02	
  -2.1248347e-02	
  -2.2126886e-02	
  -2.2963487e-02	
  -2.2092267e-02	
  -2.1211444e-02	
  -2.0352760e-02	
  -1.8786017e-02	
  -1.7183303e-02	
  -1.4665130e-02	
  -1.1413811e-02	
  -7.9490890e-03	
  -3.7977628e-03	
   4.8996246e-04	
   3.7096736e-03	
   7.1557917e-03	
   1.0169546e-02	
   1.3381723e-02	
   1.6641174e-02	
   2.2053614e-02	
   2.7381349e-02	
   2.9041469e-02	
   2.8601193e-02	
   2.8250348e-02	
   2.8609803e-02	
   2.9028878e-02	
   2.7318962e-02	
   2.2057086e-02	
   1.6806650e-02	
   1.3435265e-02	
   8.7257346e-03	
   3.8016104e-03	
  -4.2741018e-04	
  -6.4096561e-03	
  -1.1496799e-02	
  -1.5026782e-02	
  -1.7415566e-02	
  -1.8088776e-02	
  -1.7868046e-02	
  -1.7695075e-02	
  -1.8436376e-02	
  -2.0286726e-02	
  -2.2196889e-02	
  -2.4044877e-02	
  -2.4027005e-02	
  -2.2240346e-02	
  -2.0433835e-02	
  -1.7972865e-02	
  -1.4985197e-02	
  -1.1537295e-02	
  -6.2438410e-03	
  -7.1609411e-05	
   2.4228811e-03	
   2.9643624e-03	
   4.2343778e-03	
   5.2339396e-03	
   6.4146190e-03	
   7.3274680e-03	
   5.4142199e-03	
   2.5242147e-03	
   1.5215018e-03	
   1.9832575e-03	
   2.4561008e-03	
   8.2953978e-04	
  -3.8079565e-03	
  -8.3528312e-03	
  -1.0964128e-02	
  -1.1617259e-02	
  -1.1541916e-02	
  -1.0766898e-02	
  -8.3297724e-03	
  -4.8851731e-03	
  -6.6878327e-04	
   4.2264893e-03	
   9.0746334e-03	
   1.5178691e-02	
   2.2154067e-02	
   2.7323376e-02	
   2.8855734e-02	
   2.9341569e-02	
   3.0046170e-02	
   2.9404202e-02	
   2.8752719e-02	
   2.7039284e-02	
   2.2748066e-02	
   1.8426016e-02	
   1.4850024e-02	
   1.1503894e-02	
   9.1454335e-03	
   8.5778797e-03	
   7.7976509e-03	
   5.1597088e-03	
   2.6892107e-03	
   2.0025283e-03	
   3.7109889e-04	
  -3.4943442e-03	
  -5.3915407e-03	
  -3.5010123e-03	
   3.7057412e-04	
   2.0056128e-03	
   2.6538852e-03	
   5.0724028e-03	
   7.8004137e-03	
   8.8055860e-03	
   8.7620652e-03	
   8.0154753e-03	
   5.6461230e-03	
   1.3757627e-03	
  -4.7946499e-03	
  -1.0878446e-02	
  -1.5097304e-02	
  -1.8207029e-02	
  -2.0599393e-02	
  -2.2349182e-02	
  -2.4109256e-02	
  -2.4580687e-02	
  -2.4270129e-02	
  -2.5900641e-02	
  -3.0537079e-02	
  -3.4246017e-02	
  -3.5024870e-02	
  -3.4633121e-02	
  -3.4485148e-02	
  -3.4688345e-02	
  -3.4733737e-02	
  -3.3858842e-02	
  -3.2267732e-02	
  -3.1448227e-02	
  -2.9714482e-02	
  -2.6245519e-02	
  -2.4540457e-02	
  -2.3851803e-02	
  -2.2281745e-02	
  -2.0523474e-02	
  -1.8840166e-02	
  -1.8154104e-02	
  -1.7198646e-02	
  -1.5242243e-02	
  -1.5151771e-02	
  -1.7897485e-02	
  -2.1341006e-02	
  -2.3769032e-02	
  -2.6804632e-02	
  -3.2809006e-02	
  -3.8867706e-02	
  -4.4181056e-02	
  -4.8264922e-02	
  -5.0819897e-02	
  -5.1632412e-02	
  -5.0822880e-02	
  -4.8266786e-02	
  -4.4176310e-02	
  -3.8501450e-02	
  -3.1156239e-02	
  -2.1531083e-02	
  -1.0275073e-02	
  -8.3357524e-04	
   3.7957322e-03	
   7.7420854e-03	
   1.1805865e-02	
   1.4532862e-02	
   1.5227233e-02	
   1.5000648e-02	
   1.4922000e-02	
   1.4970610e-02	
   1.4864414e-02	
   1.4717027e-02	
   1.5537851e-02	
   1.8071846e-02	
   2.0707879e-02	
   2.3095484e-02	
   2.6520933e-02	
   2.9799141e-02	
   3.3288359e-02	
   3.5707378e-02	
   3.8176722e-02	
   4.0516026e-02	
   4.2191228e-02	
   4.4780951e-02	
   4.7362266e-02	
   4.8333366e-02	
   4.8350417e-02	
   4.7504443e-02	
   4.4920110e-02	
   4.1360339e-02	
   3.7890132e-02	
   3.5381769e-02	
   3.3840153e-02	
   3.2149936e-02	
   3.1201146e-02	
   3.1120929e-02	
   3.2123159e-02	
   3.4165810e-02	
   3.5160029e-02	
   3.4190082e-02	
   3.1522461e-02	
   2.9107679e-02	
   2.6851071e-02	
   2.1848418e-02	
   1.5049746e-02	
   8.2848074e-03	
   1.6602200e-03	
  -5.7845333e-03	
  -1.3605290e-02	
  -1.9638578e-02	
  -2.3869776e-02	
  -2.5219793e-02	
  -2.4997748e-02	
  -2.4812413e-02	
  -2.4842123e-02	
  -2.4908398e-02	
  -2.4909920e-02	
  -2.4896987e-02	
  -2.4892689e-02	
  -2.4903513e-02	
  -2.4913700e-02	
  -2.4908859e-02	
  -2.4886021e-02	
  -2.4890031e-02	
  -2.4984290e-02	
  -2.5040652e-02	
  -2.4761692e-02	
  -2.4388535e-02	
  -2.5974665e-02	
  -3.1290551e-02	
  -3.7460076e-02	
  -4.1828396e-02	
  -4.5708116e-02	
  -4.9679704e-02	
  -5.2934308e-02	
  -5.7388903e-02	
  -6.1693390e-02	
  -6.4189480e-02	
  -6.4702286e-02	
  -6.5396931e-02	
  -6.7339401e-02	
  -6.8370944e-02	
  -6.7400421e-02	
  -6.5252957e-02	
  -6.4430984e-02	
  -6.5453374e-02	
  -6.6534038e-02	
  -6.5672300e-02	
  -6.4911991e-02	
  -6.4230296e-02	
  -6.1625285e-02	
  -5.7235472e-02	
  -5.3024482e-02	
  -5.0883086e-02	
  -4.7067438e-02	
  -4.0096174e-02	
  -3.2942878e-02	
  -2.6843976e-02	
  -2.4010268e-02	
  -2.1898630e-02	
  -1.8133564e-02	
  -1.2752410e-02	
  -6.5655927e-03	
  -5.7663866e-04	
   2.3259529e-03	
   4.6979569e-03	
   8.8809017e-03	
   1.3330585e-02	
   1.5019639e-02	
   1.5634792e-02	
   1.7060863e-02	
   1.7912624e-02	
   1.8845017e-02	
   2.0566669e-02	
   2.1435333e-02	
   2.1408264e-02	
   2.1276267e-02	
   2.1240245e-02	
   2.1247384e-02	
   2.1293126e-02	
   2.1408206e-02	
   2.1326158e-02	
   2.0451504e-02	
   1.9458468e-02	
   2.0127274e-02	
   2.0955722e-02	
   2.2844308e-02	
   2.6456818e-02	
   2.8235822e-02	
   2.8091574e-02	
   2.7671139e-02	
   2.7733509e-02	
   2.8769435e-02	
   2.9748484e-02	
   2.8757726e-02	
   2.7787142e-02	
   2.7732834e-02	
   2.7867929e-02	
   2.7808268e-02	
   2.7698497e-02	
   2.8442239e-02	
   3.0266425e-02	
   3.2048274e-02	
   3.3772356e-02	
   3.4555185e-02	
   3.4797706e-02	
   3.4755772e-02	
   3.2866128e-02	
   2.9276009e-02	
   2.8267023e-02	
   2.9137369e-02	
   2.9340470e-02	
   3.1177562e-02	
   3.3660066e-02	
   3.4511590e-02	
   3.5118298e-02	
   3.6856453e-02	
   3.8748615e-02	
   3.9852060e-02	
   3.8748853e-02	
   3.6832892e-02	
   3.5070296e-02	
   3.4518539e-02	
   3.3773756e-02	
   3.1124034e-02	
   2.8390216e-02	
   2.7490076e-02	
   2.7538451e-02	
   2.7656149e-02	
   2.8566171e-02	
   3.0359586e-02	
   3.1108972e-02	
   3.1035982e-02	
   3.1790176e-02	
   3.3532785e-02	
   3.4391584e-02	
   3.5086161e-02	
   3.6759024e-02	
   3.8577759e-02	
   4.0371476e-02	
   4.0958827e-02	
   4.0970591e-02	
   4.1921045e-02	
   4.2957131e-02	
   4.1269385e-02	
   3.8500061e-02	
   3.6602711e-02	
   3.4930628e-02	
   3.4228186e-02	
   3.4233373e-02	
   3.4321614e-02	
   3.4427382e-02	
   3.4465486e-02	
   3.3720594e-02	
   3.1927352e-02	
   3.0108966e-02	
   2.8214539e-02	
   2.7487337e-02	
   2.7841019e-02	
   2.8049507e-02	
   2.6266147e-02	
   2.2578119e-02	
   2.0747136e-02	
   2.0567584e-02	
   2.0744061e-02	
   2.2573990e-02	
   2.6244855e-02	
   2.8016360e-02	
   2.7820716e-02	
   2.7508348e-02	
   2.7770087e-02	
   2.8130762e-02	
   2.6475598e-02	
   2.1817233e-02	
   1.7466656e-02	
   1.5181244e-02	
   1.3234007e-02	
   8.2798207e-03	
   1.2539020e-03	
  -5.7312493e-03	
  -1.1538316e-02	
  -1.6232947e-02	
  -2.1175604e-02	
  -2.6194496e-02	
  -3.1329088e-02	
  -3.5400990e-02	
  -3.8711190e-02	
  -4.2047696e-02	
  -4.4775595e-02	
  -4.5763203e-02	
  -4.4837055e-02	
  -4.1929825e-02	
  -3.8456058e-02	
  -3.6155231e-02	
  -3.4688717e-02	
  -3.1226792e-02	
  -2.6669025e-02	
  -2.4899970e-02	
  -2.5246333e-02	
  -2.5634363e-02	
  -2.4830702e-02	
  -2.2911535e-02	
  -2.1237509e-02	
  -1.9639273e-02	
  -1.8096403e-02	
  -1.5505674e-02	
  -1.2371239e-02	
  -9.7583184e-03	
  -6.3584976e-03	
  -1.2738454e-03	
   1.1798597e-03	
   2.8487943e-03	
   6.1937876e-03	
   7.9306169e-03	
   7.8484805e-03	
   7.6146790e-03	
   7.8597014e-03	
   7.9611709e-03	
   6.1635624e-03	
   2.6809490e-03	
   1.1024456e-03	
  -3.9358917e-04	
  -4.5450205e-03	
  -8.9229614e-03	
  -1.2429886e-02	
  -1.5568131e-02	
  -1.8654573e-02	
  -2.1922906e-02	
  -2.6212287e-02	
  -3.1454654e-02	
  -3.5543981e-02	
  -3.8064649e-02	
  -4.0512093e-02	
  -4.3305453e-02	
  -4.3222161e-02	
  -4.1354373e-02	
  -3.9291829e-02	
  -3.8473381e-02	
  -3.8567149e-02	
  -3.8781905e-02	
  -3.9026189e-02	
  -3.8427582e-02	
  -3.5691140e-02	
  -3.1119366e-02	
  -2.6849658e-02	
  -2.5489007e-02	
  -2.4040273e-02	
  -1.9805170e-02	
  -1.6141051e-02	
  -1.4430511e-02	
  -1.3043008e-02	
  -1.2232144e-02	
  -1.1293887e-02	
  -1.0489894e-02	
  -1.1438931e-02	
  -1.2081089e-02	
  -1.2100181e-02	
  -1.3799144e-02	
  -1.7332989e-02	
  -1.8960097e-02	
  -1.9688157e-02	
  -2.2141893e-02	
  -2.4917317e-02	
  -2.5931954e-02	
  -2.5689156e-02	
  -2.5154281e-02	
  -2.5156495e-02	
  -2.7283723e-02	
  -3.0854519e-02	
  -3.0762979e-02	
  -2.8696042e-02	
  -3.0207368e-02	
  -3.2052355e-02	
  -3.3162502e-02	
  -3.4716448e-02	
  -3.5664698e-02	
  -3.5970612e-02	
  -3.5059550e-02	
  -3.1539940e-02	
  -2.7098572e-02	
  -2.4506788e-02	
  -2.2127591e-02	
  -1.9824269e-02	
  -1.8200083e-02	
  -1.5785599e-02	
  -1.2638673e-02	
  -9.1359686e-03	
  -4.6878547e-03	
  -2.4222791e-04	
   1.2102934e-03	
   8.0155635e-04	
   1.3784825e-03	
   4.0527653e-03	
   6.8190528e-03	
   8.4066339e-03	
   1.0024810e-02	
   1.1706436e-02	
   1.3467399e-02	
   1.4024786e-02	
   1.4499138e-02	
   1.7076081e-02	
   2.1667188e-02	
   2.6117780e-02	
   2.7510240e-02	
   2.8074665e-02	
   3.0562759e-02	
   3.3316879e-02	
   3.4230457e-02	
   3.4177133e-02	
   3.4128689e-02	
   3.3291973e-02	
   3.0831867e-02	
   2.8267162e-02	
   2.5836899e-02	
   2.1724229e-02	
   1.7436099e-02	
   1.3061914e-02	
   8.8004909e-03	
   6.4772459e-03	
   4.8714537e-03	
   3.3159865e-03	
   1.4927767e-03	
   6.9849797e-04	
   7.5718125e-04	
   7.7279287e-04	
   7.1061485e-04	
   1.4224759e-03	
   3.2246114e-03	
   5.0279361e-03	
   6.8384978e-03	
   7.5896134e-03	
   7.5307799e-03	
   7.4186387e-03	
   7.3650665e-03	
   7.3663039e-03	
   7.5297799e-03	
   7.7298949e-03	
   6.8827136e-03	
   4.1129480e-03	
   1.3443028e-03	
   5.0247326e-04	
   7.0915512e-04	
   8.6054472e-04	
   8.2689287e-04	
   7.9155144e-04	
   8.2028949e-04	
   7.7951321e-04	
   6.4420746e-04	
   7.2974225e-04	
   1.6857131e-03	
   2.6524533e-03	
   1.6835282e-03	
   7.2375449e-04	
   6.3171226e-04	
   7.6522572e-04	
   8.1167516e-04	
   7.8732038e-04	
   7.8823195e-04	
   7.8157806e-04	
   7.0209680e-04	
   6.7725691e-04	
   9.5014649e-04	
   1.2147970e-03	
  -4.1354949e-04	
  -4.9747877e-03	
  -9.4057415e-03	
  -1.2041707e-02	
  -1.3474525e-02	
  -1.4964992e-02	
  -1.5727468e-02	
  -1.6617956e-02	
  -1.8376258e-02	
  -1.9271208e-02	
  -1.9241708e-02	
  -1.9057499e-02	
  -1.9010439e-02	
  -1.9200350e-02	
  -1.9401492e-02	
  -1.8600984e-02	
  -1.5898503e-02	
  -1.3043211e-02	
  -1.1458854e-02	
  -1.0845617e-02	
  -1.0484236e-02	
  -7.7903522e-03	
  -4.1896671e-03	
  -4.1797547e-04	
   9.8015273e-04	
   6.7786508e-04	
   1.2651260e-03	
   3.7318510e-03	
   6.4507429e-03	
   9.1072452e-03	
   1.2640781e-02	
   1.4264988e-02	
   1.4095715e-02	
   1.3821722e-02	
   1.4066371e-02	
   1.4409954e-02	
   1.2830909e-02	
   8.2543619e-03	
   3.6764821e-03	
   9.9250081e-04	
   3.8676747e-04	
   7.2446605e-04	
   1.0752487e-03	
   8.4437815e-04	
  -1.1118600e-03	
  -3.0382658e-03	
  -1.0934974e-03	
   8.2629962e-04	
   1.0028871e-03	
   7.2594138e-04	
   6.1579994e-04	
   6.7428795e-04	
   7.1655210e-04	
   7.3295122e-04	
   7.1109623e-04	
   6.2376780e-04	
   5.9318796e-04	
   8.6710640e-04	
   1.1586044e-03	
  -4.3640453e-04	
  -5.0672534e-03	
  -9.6731752e-03	
  -1.2163367e-02	
  -1.2490424e-02	
  -1.3083854e-02	
  -1.5813333e-02	
  -1.8699067e-02	
  -1.9503687e-02	
  -1.8586699e-02	
  -1.7551189e-02	
  -1.6889573e-02	
  -1.4291548e-02	
  -1.1770500e-02	
  -9.2707652e-03	
  -6.8562140e-03	
  -4.2429003e-03	
  -6.6542649e-04	
   8.9331483e-04	
   7.6906150e-04	
   1.2770401e-03	
   2.9143647e-03	
   4.6439474e-03	
   7.3049245e-03	
   1.0591289e-02	
   1.3147651e-02	
   1.5398190e-02	
   1.8795862e-02	
   2.2202100e-02	
   2.5868663e-02	
   2.7654739e-02	
   2.7610821e-02	
   2.5781177e-02	
   2.2228342e-02	
   1.9503470e-02	
   1.6829252e-02	
   1.5256119e-02	
   1.6226235e-02	
   1.7160027e-02	
   1.7850116e-02	
   1.9482008e-02	
   2.2154752e-02	
   2.5710696e-02	
   2.7214632e-02	
   2.7919176e-02	
   3.0301840e-02	
   3.2960997e-02	
   3.4679870e-02	
   3.6397413e-02	
   3.7931930e-02	
   3.8912590e-02	
   3.8827229e-02	
   3.8973338e-02	
   3.7968509e-02	
   3.6252321e-02	
   3.4448977e-02	
   3.3717486e-02	
   3.3059626e-02	
   3.1379196e-02	
   2.9592771e-02	
   2.7726705e-02	
   2.6903447e-02	
   2.7000865e-02	
   2.7361443e-02	
   2.7447786e-02	
   2.5774512e-02	
   2.2242580e-02	
   1.9600919e-02	
   1.6945613e-02	
   1.4482656e-02	
   1.3704312e-02	
   1.3817365e-02	
   1.3809690e-02	
   1.3735731e-02	
   1.4597445e-02	
   1.6459996e-02	
   1.7369394e-02	
   1.7311533e-02	
   1.7166004e-02	
   1.7161563e-02	
   1.7192897e-02	
   1.7158566e-02	
   1.7158668e-02	
   1.7311791e-02	
   1.7384923e-02	
   1.6470742e-02	
   1.4532537e-02	
   1.3652093e-02	
   1.3958508e-02	
   1.4197178e-02	
   1.2567900e-02	
   8.9942056e-03	
   6.3380186e-03	
   3.7054531e-03	
   1.2575873e-03	
   4.2120818e-04	
   4.6444051e-04	
   6.1600198e-04	
   8.8470423e-04	
   9.8494382e-04	
  -7.3667480e-04	
  -4.4896211e-03	
  -6.5974451e-03	
  -6.5940076e-03	
  -4.4570194e-03	
  -6.8214563e-04	
   8.9407318e-04	
   6.3138004e-04	
   1.1664729e-03	
   3.6257508e-03	
   6.3564364e-03	
   9.0147050e-03	
   1.2526975e-02	
   1.4156637e-02	
   1.4072927e-02	
   1.3825803e-02	
   1.3803361e-02	
   1.3874270e-02	
   1.3901959e-02	
   1.3883701e-02	
   1.3832393e-02	
   1.3815559e-02	
   1.3968576e-02	
   1.4112624e-02	
   1.3287105e-02	
   1.0736330e-02	
   8.0640540e-03	
   5.6797518e-03	
   2.3968731e-03	
  -8.2112851e-04	
  -5.1786250e-03	
  -9.4800740e-03	
  -1.2963828e-02	
  -1.5295100e-02	
  -1.6033198e-02	
  -1.6861172e-02	
  -1.7861096e-02	
  -1.6942922e-02	
  -1.5129394e-02	
  -1.3294885e-02	
  -1.2570893e-02	
  -1.1848111e-02	
  -1.0182455e-02	
  -8.6803662e-03	
  -6.9380113e-03	
  -4.3699168e-03	
  -7.2156760e-04	
   8.9234868e-04	
   7.8327815e-04	
   7.6758719e-04	
   8.8881902e-04	
  -6.4528548e-04	
  -4.3191719e-03	
  -7.1845728e-03	
  -9.0044773e-03	
  -8.7021537e-03	
  -6.7483781e-03	
  -5.7814009e-03	
  -5.8489806e-03	
  -6.0241317e-03	
  -6.0324745e-03	
  -5.9878553e-03	
  -5.9754445e-03	
  -5.9820957e-03	
  -5.9811940e-03	
  -5.9884621e-03	
  -6.0155550e-03	
  -6.0046290e-03	
  -5.8881215e-03	
  -5.8598082e-03	
  -6.6480578e-03	
  -8.3619774e-03	
  -9.9379782e-03	
  -1.2379934e-02	
  -1.5795502e-02	
  -2.0013014e-02	
  -2.4223333e-02	
  -2.7492039e-02	
  -3.1792386e-02	
  -3.5797146e-02	
  -3.8365715e-02	
  -4.0827601e-02	
  -4.4292113e-02	
  -4.5856293e-02	
  -4.5833647e-02	
  -4.6536666e-02	
  -4.7579735e-02	
  -4.6759965e-02	
  -4.5067372e-02	
  -4.3149547e-02	
  -4.1451733e-02	
  -3.9717477e-02	
  -3.9023544e-02	
  -3.9065411e-02	
  -3.8443820e-02	
  -3.6943576e-02	
  -3.5225592e-02	
  -3.1611167e-02	
  -2.7126305e-02	
  -2.5399931e-02	
  -2.5623400e-02	
  -2.5926886e-02	
  -2.5918157e-02	
  -2.5819640e-02	
  -2.5789523e-02	
  -2.5829264e-02	
  -2.5923255e-02	
  -2.5895162e-02	
  -2.5588978e-02	
  -2.5466755e-02	
  -2.7280794e-02	
  -3.1033660e-02	
  -3.2814868e-02	
  -3.2612461e-02	
  -3.2336132e-02	
  -3.2611692e-02	
  -3.2813013e-02	
  -3.1030616e-02	
  -2.7276954e-02	
  -2.5462934e-02	
  -2.5584266e-02	
  -2.5886447e-02	
  -2.5910078e-02	
  -2.5823403e-02	
  -2.5799914e-02	
  -2.5818538e-02	
  -2.5842509e-02	
  -2.5841417e-02	
  -2.5792707e-02	
  -2.5756328e-02	
  -2.5883013e-02	
  -2.6096681e-02	
  -2.5369153e-02	
  -2.2665506e-02	
  -1.9113196e-02	
  -1.6462003e-02	
  -1.4974630e-02	
  -1.3391741e-02	
  -1.1871611e-02	
  -1.0094498e-02	
  -8.3811072e-03	
  -6.5055422e-03	
  -5.7515215e-03	
  -6.1007525e-03	
  -6.3167429e-03	
  -4.5396914e-03	
  -8.4767391e-04	
   9.8579708e-04	
   1.1488656e-03	
   9.4817961e-04	
  -8.5562176e-04	
  -4.4233364e-03	
  -6.2243383e-03	
  -6.4179209e-03	
  -6.2615503e-03	
  -4.4469173e-03	
  -7.6653460e-04	
   1.0954585e-03	
   9.5434670e-04	
   3.7170706e-04	
   2.8264973e-04	
   2.1947843e-03	
   5.7792686e-03	
   7.3472724e-03	
   8.0935741e-03	
   1.0619897e-02	
   1.3295227e-02	
   1.3986082e-02	
   1.4323937e-02	
   1.6800030e-02	
   2.1441394e-02	
   2.6107539e-02	
   2.7544469e-02	
   2.7036477e-02	
   2.7603370e-02	
   3.0422189e-02	
   3.3307848e-02	
   3.4098688e-02	
   3.3743592e-02	
   3.3681369e-02	
   3.4658004e-02	
   3.5597339e-02	
   3.4653631e-02	
   3.3980546e-02	
   3.4007158e-02	
   3.2345024e-02	
   2.8650171e-02	
   2.6821612e-02	
   2.6967548e-02	
   2.7293687e-02	
   2.7169186e-02	
   2.6915630e-02	
   2.7728769e-02	
   3.0393465e-02	
   3.3109215e-02	
   3.4754958e-02	
   3.6370496e-02	
   3.7836265e-02	
   3.9487059e-02	
   4.1214569e-02	
   4.3887177e-02	
   4.6247329e-02	
   4.6976552e-02	
   4.8599277e-02	
   5.2109521e-02	
   5.3945477e-02	
   5.4102298e-02	
   5.3947477e-02	
   5.2353058e-02	
   4.8790609e-02	
   4.5384913e-02	
   4.1963861e-02	
   3.9550588e-02	
   3.6892014e-02	
   3.4504708e-02	
   3.3912984e-02	
   3.3207518e-02	
   3.0487395e-02	
   2.7630080e-02	
   2.7502324e-02	
   2.9507265e-02	
   3.1476713e-02	
   3.3267758e-02	
   3.4008480e-02	
   3.3921221e-02	
   3.3685867e-02	
   3.3633780e-02	
   3.4555592e-02	
   3.6395989e-02	
   3.7316578e-02	
   3.7377259e-02	
   3.7216878e-02	
   3.6354021e-02	
   3.4822385e-02	
   3.3949867e-02	
   3.2154374e-02	
   2.8878474e-02	
   2.7464570e-02	
   2.5836458e-02	
   2.0741210e-02	
   1.5401323e-02	
   1.2814678e-02	
   1.0584987e-02	
   8.2042102e-03	
   6.4234601e-03	
   4.7027029e-03	
   3.9469567e-03	
   3.8489280e-03	
   3.8902013e-03	
   4.8055928e-03	
   6.6844020e-03	
   7.5682937e-03	
   7.3646970e-03	
   7.1674702e-03	
   8.0633625e-03	
   9.9635490e-03	
   1.0832569e-02	
   1.0779536e-02	
   1.0775973e-02	
   1.0822361e-02	
   9.9590708e-03	
   8.1051646e-03	
   7.2294089e-03	
   7.2829574e-03	
   7.3280681e-03	
   7.2717297e-03	
   7.9742156e-03	
   9.7732954e-03	
   1.1600902e-02	
   1.3447306e-02	
   1.4141151e-02	
   1.3936724e-02	
   1.3934419e-02	
   1.4889721e-02	
   1.5837988e-02	
   1.4848153e-02	
   1.4059761e-02	
   1.4171485e-02	
   1.3416983e-02	
   1.0668550e-02	
   8.0426530e-03	
   7.4073093e-03	
   6.7564802e-03	
   4.0717968e-03	
   1.3037747e-03	
   7.1741044e-04	
   1.0277026e-03	
  -6.4384202e-04	
  -4.3812496e-03	
  -6.0574486e-03	
  -5.9100718e-03	
  -6.6269110e-03	
  -8.4421611e-03	
  -8.5514987e-03	
  -6.9431404e-03	
  -5.9947167e-03	
  -4.2259198e-03	
  -6.8269990e-04	
   1.0922488e-03	
   1.0187147e-03	
   7.4630816e-04	
   7.3380788e-04	
   8.0297371e-04	
   7.4415348e-04	
   7.0899138e-04	
   9.6229116e-04	
   1.2093371e-03	
  -3.7314442e-04	
  -4.8362893e-03	
  -9.3401619e-03	
  -1.2775266e-02	
  -1.5124621e-02	
  -1.6585392e-02	
  -1.8245990e-02	
  -1.9797193e-02	
  -2.1570973e-02	
  -2.3253166e-02	
  -2.5048110e-02	
  -2.5831088e-02	
  -2.5770692e-02	
  -2.5660886e-02	
  -2.5643306e-02	
  -2.5657612e-02	
  -2.5674348e-02	
  -2.5754281e-02	
  -2.5759027e-02	
  -2.5461856e-02	
  -2.5237858e-02	
  -2.6962196e-02	
  -3.1438111e-02	
  -3.5057041e-02	
  -3.6787738e-02	
  -3.8296966e-02	
  -3.8858248e-02	
  -3.8762243e-02	
  -3.9593336e-02	
  -4.1636387e-02	
  -4.2605520e-02	
  -4.1503940e-02	
  -3.9416242e-02	
  -3.9400038e-02	
  -4.1380713e-02	
  -4.2465784e-02	
  -4.2367983e-02	
  -4.2069493e-02	
  -4.2121869e-02	
  -4.2986556e-02	
  -4.3942977e-02	
  -4.3863549e-02	
  -4.4658945e-02	
  -4.5403185e-02	
  -4.6222413e-02	
  -4.7919684e-02	
  -4.9694620e-02	
  -5.1611157e-02	
  -5.2350075e-02	
  -5.1980362e-02	
  -5.1746791e-02	
  -5.3545592e-02	
  -5.7316391e-02	
  -5.9123431e-02	
  -5.8999153e-02	
  -5.8689578e-02	
  -5.8659713e-02	
  -5.8752802e-02	
  -5.8813110e-02	
  -5.8786363e-02	
  -5.8625643e-02	
  -5.8564148e-02	
  -5.9458600e-02	
  -6.1336558e-02	
  -6.2275656e-02	
  -6.2208500e-02	
  -6.1911977e-02	
  -6.1834753e-02	
  -6.2753409e-02	
  -6.4646927e-02	
  -6.5628400e-02	
  -6.5558803e-02	
  -6.4685302e-02	
  -6.3136241e-02	
  -6.1467175e-02	
  -5.7948219e-02	
  -5.3595222e-02	
  -5.1253308e-02	
  -4.9075504e-02	
  -4.5205209e-02	
  -3.9161110e-02	
  -3.2181667e-02	
  -2.5405799e-02	
  -1.9656067e-02	
  -1.4871588e-02	
  -9.8090803e-03	
  -4.8523240e-03	
  -5.5937848e-04	
   2.4909462e-03	
   5.8739378e-03	
   9.1001872e-03	
   1.2614309e-02	
   1.4999353e-02	
   1.7333046e-02	
   1.9803773e-02	
   2.2464232e-02	
   2.5907119e-02	
   2.7347255e-02	
   2.8089221e-02	
   3.0597621e-02	
   3.3356329e-02	
   3.4274561e-02	
   3.4079873e-02	
   3.3870707e-02	
   3.3894284e-02	
   3.4056347e-02	
   3.4132351e-02	
   3.3367767e-02	
   3.1553801e-02	
   2.9756122e-02	
   2.7948784e-02	
   2.7197987e-02	
   2.7269367e-02	
   2.7379440e-02	
   2.7377698e-02	
   2.7338001e-02	
   2.7338821e-02	
   2.7378789e-02	
   2.7382335e-02	
   2.7272442e-02	
   2.7202055e-02	
   2.7952845e-02	
   2.9763888e-02	
   3.1564541e-02	
   3.3375174e-02	
   3.4126791e-02	
   3.4057804e-02	
   3.3947663e-02	
   3.3943562e-02	
   3.3981563e-02	
   3.4001564e-02	
   3.3992615e-02	
   3.3934714e-02	
   3.3903695e-02	
   3.4079060e-02	
   3.4301579e-02	
   3.3437929e-02	
   3.0589706e-02	
   2.7859684e-02	
   2.7314555e-02	
   2.7587898e-02	
   2.5914567e-02	
   2.2321418e-02	
   2.0691401e-02	
   1.9944967e-02	
   1.7409396e-02	
   1.4705244e-02	
   1.4074097e-02	
   1.4329408e-02	
   1.2675061e-02	
   9.0823253e-03	
   7.4346666e-03	
   6.7074506e-03	
   4.2500905e-03	
   1.5105735e-03	
   5.8246743e-04	
   7.7056395e-04	
   9.4656258e-04	
   9.2962343e-04	
   8.7673604e-04	
   8.7565531e-04	
   8.8459609e-04	
   8.7640958e-04	
   8.7580108e-04	
   9.2609783e-04	
   9.5712175e-04	
   7.9203621e-04	
   5.8311966e-04	
   1.4347877e-03	
   4.2263876e-03	
   6.9585106e-03	
   7.7117856e-03	
   7.5727210e-03	
   8.1805480e-03	
   9.1314294e-03	
   9.2650192e-03	
   1.0235003e-02	
   1.0131012e-02	
   8.3370575e-03	
   7.3438519e-03	
   7.3615138e-03	
   7.5353395e-03	
   7.5575067e-03	
   7.5154164e-03	
   7.4992122e-03	
   7.5102908e-03	
   7.5199353e-03	
   7.5154537e-03	
   7.4990495e-03	
   7.5010055e-03	
   7.5528149e-03	
   7.5838131e-03	
   7.4225745e-03	
   7.2142420e-03	
   8.0556977e-03	
   1.0825870e-02	
   1.3594717e-02	
   1.4434962e-02	
   1.4225389e-02	
   1.4070375e-02	
   1.4107004e-02	
   1.4147267e-02	
   1.4113929e-02	
   1.4119445e-02	
   1.4253397e-02	
   1.4272792e-02	
   1.3390737e-02	
   1.1679909e-02	
   1.0829321e-02	
   9.9487415e-03	
   8.2349338e-03	
   7.4878422e-03	
   7.5722023e-03	
   6.8543698e-03	
   4.9965074e-03	
   3.9148873e-03	
   3.8910623e-03	
   4.9320059e-03	
   6.8368435e-03	
   7.7784635e-03	
   7.6850114e-03	
   7.2445181e-03	
   7.1212713e-03	
   8.9627668e-03	
   1.2707723e-02	
   1.4500569e-02	
   1.4377092e-02	
   1.4081524e-02	
   1.4059432e-02	
   1.4139951e-02	
   1.4155677e-02	
   1.4151660e-02	
   1.4154796e-02	
   1.4137097e-02	
   1.4061378e-02	
   1.4091006e-02	
   1.4384858e-02	
   1.4469191e-02	
   1.2671017e-02	
   9.0417470e-03	
   7.3096163e-03	
   6.6731777e-03	
   5.1680075e-03	
   3.4022210e-03	
   1.5068340e-03	
   6.8434845e-04	
   7.4955578e-04	
   1.0315594e-03	
   1.2203349e-03	
   3.0731723e-04	
  -2.4081536e-03	
  -5.0253631e-03	
  -5.9559554e-03	
  -6.7444525e-03	
  -7.5525098e-03	
  -6.5033896e-03	
  -5.5167775e-03	
  -6.1836617e-03	
  -8.1501058e-03	
  -1.0000008e-02	
  -1.1671953e-02	
  -1.2336780e-02	
  -1.3015671e-02	
  -1.4729997e-02	
  -1.6535356e-02	
  -1.8375217e-02	
  -1.9092205e-02	
  -1.9015642e-02	
  -1.9016059e-02	
  -1.9101684e-02	
  -1.8379373e-02	
  -1.6519941e-02	
  -1.4691752e-02	
  -1.3056392e-02	
  -1.2498276e-02	
  -1.1649193e-02	
  -9.0001720e-03	
  -6.5194582e-03	
  -5.7762719e-03	
  -4.2500972e-03	
  -6.5941907e-04	
   1.4107797e-03	
   1.4377587e-03	
  -4.8779930e-04	
  -4.0496499e-03	
  -6.6583634e-03	
  -9.3206762e-03	
  -1.1681594e-02	
  -1.2304476e-02	
  -1.2899313e-02	
  -1.5438365e-02	
  -1.8993672e-02	
  -2.1761739e-02	
  -2.3330282e-02	
  -2.4679783e-02	
  -2.5381194e-02	
  -2.7146476e-02	
  -3.0628226e-02	
  -3.2371412e-02	
  -3.3212491e-02	
  -3.4739567e-02	
  -3.5480079e-02	
  -3.5590932e-02	
  -3.6393345e-02	
  -3.7331121e-02	
  -3.6470773e-02	
  -3.5604729e-02	
  -3.4864862e-02	
  -3.3224309e-02	
  -3.0712068e-02	
  -2.7176135e-02	
  -2.4728880e-02	
  -2.2251628e-02	
  -1.9222561e-02	
  -1.6241927e-02	
  -1.1879641e-02	
  -5.7801195e-03	
  -5.6476214e-04	
   1.8928655e-03	
   4.1422240e-03	
   6.4410712e-03	
   8.2171125e-03	
   1.0896538e-02	
   1.3502797e-02	
   1.4298291e-02	
   1.4201652e-02	
   1.4313394e-02	
   1.4340141e-02	
   1.2689479e-02	
   9.8818975e-03	
   9.0236139e-03	
   8.3437833e-03	
   7.9062733e-03	
   7.0104047e-03	
   4.3303996e-03	
   1.6328769e-03	
   7.7843790e-04	
   9.1788996e-04	
   1.1213062e-03	
   1.3961627e-03	
   1.4645685e-03	
  -2.8958753e-04	
  -3.8833162e-03	
  -5.6783924e-03	
  -5.8474449e-03	
  -5.6287899e-03	
  -3.7147823e-03	
  -8.7918667e-05	
   1.4358037e-03	
   1.2336122e-03	
   2.6461262e-03	
   6.2548687e-03	
   8.8587616e-03	
   1.0560528e-02	
   1.2073604e-02	
   1.3810131e-02	
   1.4476666e-02	
   1.4350918e-02	
   1.5116780e-02	
   1.6966174e-02	
   1.7859469e-02	
   1.7635695e-02	
   1.7404399e-02	
   1.8247831e-02	
   2.0099229e-02	
   2.0944620e-02	
   2.0829591e-02	
   2.0658199e-02	
   2.0685926e-02	
   2.0648853e-02	
   2.0327349e-02	
   2.0208919e-02	
   2.1934185e-02	
   2.5354180e-02	
   2.6854163e-02	
   2.7532451e-02	
   2.9838811e-02	
   3.2243222e-02	
   3.2992819e-02	
   3.3686630e-02	
   3.5266746e-02	
   3.5320613e-02	
   3.3514140e-02	
   3.1559591e-02	
   2.9088712e-02	
   2.6762714e-02	
   2.4294303e-02	
   1.9933295e-02	
   1.5774979e-02	
   1.3342528e-02	
   1.1863505e-02	
   9.3462232e-03	
   6.8890699e-03	
   6.1971065e-03	
   5.5149029e-03	
   3.0009572e-03	
   3.1861366e-04	
  -5.4984105e-04	
  -3.7807958e-04	
  -2.3360876e-04	
  -2.7965913e-04	
  -3.5153859e-04	
  -3.7711716e-04	
  -3.8452431e-04	
  -4.0144244e-04	
  -4.2401035e-04	
  -4.4826987e-04	
  -4.7194868e-04	
  -4.9608107e-04	
  -5.0559443e-04	
  -5.1189000e-04	
  -5.5136045e-04	
  -6.5166716e-04	
  -6.5204074e-04	
  -3.9080632e-04	
  -2.9738975e-04	
  -1.9948163e-03	
  -5.4906305e-03	
  -7.1311159e-03	
  -6.8844730e-03	
  -6.5831393e-03	
  -7.3661649e-03	
  -9.0070808e-03	
  -9.7852486e-03	
  -1.0510939e-02	
  -1.1990047e-02	
  -1.2734579e-02	
  -1.2821350e-02	
  -1.2835557e-02	
  -1.2020140e-02	
  -9.5225337e-03	
  -6.9889155e-03	
  -6.1322456e-03	
  -6.3196177e-03	
  -6.7145832e-03	
  -6.7798644e-03	
  -5.1112928e-03	
  -1.7629536e-03	
  -1.4982847e-04	
  -2.7676740e-04	
  -6.5079118e-04	
  -7.4508946e-04	
  -2.0494499e-05	
   1.5740417e-03	
   3.1119037e-03	
   4.6476798e-03	
   5.2723314e-03	
   5.1943987e-03	
   5.0326008e-03	
   4.8566496e-03	
   4.8183392e-03	
   5.5457180e-03	
   6.9769726e-03	
   7.6305815e-03	
   8.2566671e-03	
   9.6614729e-03	
   1.0429742e-02	
   1.0381367e-02	
   9.5243067e-03	
   7.8804143e-03	
   6.3042474e-03	
   4.7060217e-03	
   3.9753242e-03	
   3.9761920e-03	
   4.1008525e-03	
   4.1052086e-03	
   3.3875490e-03	
   1.8174004e-03	
   2.7344255e-04	
  -1.2647293e-03	
  -1.9163470e-03	
  -1.8656557e-03	
  -1.7847818e-03	
  -1.8190611e-03	
  -1.9316945e-03	
  -1.9232992e-03	
  -1.6970377e-03	
  -1.6538366e-03	
  -3.1567534e-03	
  -6.0725477e-03	
  -7.3926611e-03	
  -7.9704222e-03	
  -9.7952152e-03	
  -1.1797224e-02	
  -1.3186073e-02	
  -1.5164121e-02	
  -1.7014807e-02	
  -1.7540118e-02	
  -1.8030898e-02	
  -1.9287283e-02	
  -1.9840748e-02	
  -1.9586725e-02	
  -1.9396709e-02	
  -1.9953930e-02	
  -2.0598735e-02	
  -1.9814587e-02	
  -1.8960084e-02	
  -1.8041082e-02	
  -1.6566469e-02	
  -1.5784820e-02	
  -1.5681245e-02	
  -1.5653908e-02	
  -1.5530766e-02	
  -1.5368999e-02	
  -1.5240064e-02	
  -1.5139418e-02	
  -1.4995902e-02	
  -1.4754443e-02	
  -1.4607679e-02	
  -1.5137282e-02	
  -1.6276719e-02	
  -1.6735664e-02	
  -1.7184405e-02	
  -1.8294779e-02	
  -1.8827541e-02	
  -1.8607822e-02	
  -1.8098566e-02	
  -1.7809260e-02	
  -1.8952605e-02	
  -2.1455608e-02	
  -2.2517055e-02	
  -2.2177427e-02	
  -2.1719388e-02	
  -2.1472114e-02	
  -2.1310313e-02	
  -2.1038679e-02	
  -2.0684519e-02	
  -2.0490997e-02	
  -2.0914558e-02	
  -2.1331531e-02	
  -2.0403352e-02	
  -1.9489805e-02	
  -1.9161487e-02	
  -1.8944445e-02	
  -1.8741635e-02	
  -1.8671723e-02	
  -1.8487423e-02	
  -1.7001742e-02	
  -1.4209670e-02	
  -1.2786670e-02	
  -1.2759024e-02	
  -1.2788778e-02	
  -1.1991820e-02	
  -1.0491199e-02	
  -9.6938575e-03	
  -9.5712751e-03	
  -9.4875116e-03	
  -9.2636937e-03	
  -9.0289091e-03	
  -9.2398518e-03	
  -1.0072829e-02	
  -1.1476496e-02	
  -1.4165986e-02	
  -1.6715331e-02	
  -1.8004293e-02	
  -1.8012741e-02	
  -1.8095440e-02	
  -1.8900952e-02	
  -1.9251024e-02	
  -1.8903698e-02	
  -1.7869463e-02	
  -1.6411692e-02	
  -1.5702633e-02	
  -1.5097619e-02	
  -1.3250890e-02	
  -1.0167685e-02	
  -7.1253393e-03	
  -6.0076495e-03	
  -6.0003068e-03	
  -5.4776874e-03	
  -4.1841956e-03	
  -2.9564702e-03	
  -1.7233794e-03	
  -6.1210959e-04	
   5.2103147e-04	
   1.1181030e-03	
   1.6873328e-03	
   2.6925733e-03	
   3.6600745e-03	
   5.2732603e-03	
   7.7616491e-03	
   1.0263279e-02	
   1.1691096e-02	
   1.3094163e-02	
   1.4357379e-02	
   1.4674944e-02	
   1.5034758e-02	
   1.6405196e-02	
   1.7779787e-02	
   1.8118831e-02	
   1.8297820e-02	
   1.9051871e-02	
   1.9907700e-02	
   2.0796175e-02	
   2.1021583e-02	
   2.0652348e-02	
   2.0366354e-02	
   2.1139996e-02	
   2.2913159e-02	
   2.3632090e-02	
   2.3342584e-02	
   2.2963318e-02	
   2.2729279e-02	
   2.2548822e-02	
   2.2334645e-02	
   2.2102217e-02	
   2.1866995e-02	
   2.1638895e-02	
   2.1418220e-02	
   2.1211145e-02	
   2.0971252e-02	
   2.0664420e-02	
   2.0409407e-02	
   2.0626940e-02	
   2.1265494e-02	
   2.1363105e-02	
   2.1044211e-02	
   2.1130392e-02	
   2.1714709e-02	
   2.1857472e-02	
   2.1541552e-02	
   2.1190198e-02	
   2.0884058e-02	
   2.0554638e-02	
   2.0234574e-02	
   2.0282919e-02	
   2.0774252e-02	
   2.1176760e-02	
   2.1570102e-02	
   2.1893847e-02	
   2.2551019e-02	
   2.3241403e-02	
   2.3941729e-02	
   2.4993863e-02	
   2.5215773e-02	
   2.4707500e-02	
   2.4136736e-02	
   2.3662932e-02	
   2.3226639e-02	
   2.2766650e-02	
   2.2295566e-02	
   2.1825803e-02	
   2.1369167e-02	
   2.0912544e-02	
   2.0443039e-02	
   1.9949879e-02	
   1.9505043e-02	
   1.9159436e-02	
   1.8733001e-02	
   1.7597229e-02	
   1.5841867e-02	
   1.4895074e-02	
   1.4526750e-02	
   1.3575723e-02	
   1.2228164e-02	
   1.1917189e-02	
   1.1922772e-02	
   1.1342184e-02	
   1.0315662e-02	
   9.6547200e-03	
   9.4029210e-03	
   9.1467658e-03	
   8.5262161e-03	
   7.6074956e-03	
   7.0672178e-03	
   6.8114287e-03	
   6.2934943e-03	
   5.4509098e-03	
   4.9022315e-03	
   4.6534462e-03	
   4.4298723e-03	
   4.1830397e-03	
   3.9571470e-03	
   3.7101686e-03	
   3.2018787e-03	
   2.4642002e-03	
   2.0306185e-03	
   1.7993717e-03	
   1.3577984e-03	
   8.9957142e-04	
   9.7667324e-04	
   1.0320753e-03	
   6.1833193e-04	
  -1.0316156e-04	
  -5.2941698e-04	
  -6.1808853e-04	
  -6.9240614e-04	
  -1.2577344e-03	
  -2.4946786e-03	
  -3.6221065e-03	
  -4.2821599e-03	
  -4.8150102e-03	
  -5.6359903e-03	
  -6.4347387e-03	
  -7.1814404e-03	
  -7.4660343e-03	
  -7.7322408e-03	
  -8.3977317e-03	
  -9.0351873e-03	
  -9.6547336e-03	
  -1.0012673e-02	
  -1.0378061e-02	
  -1.0715353e-02	
  -1.0866764e-02	
  -1.1017239e-02	
  -1.1149554e-02	
  -1.1299490e-02	
  -1.1255081e-02	
  -1.1055722e-02	
  -1.0849661e-02	
  -1.0665418e-02	
  -1.0490324e-02	
  -1.0308248e-02	
  -1.0125171e-02	
  -9.9487856e-03	
  -9.7870792e-03	
  -9.6107178e-03	
  -9.3913780e-03	
  -9.1921308e-03	
  -9.2825828e-03	
  -9.6704632e-03	
  -9.7399209e-03	
  -9.2775147e-03	
  -8.5493122e-03	
  -8.1406952e-03	
  -8.0094140e-03	
  -7.8928082e-03	
  -7.7364682e-03	
  -7.5685208e-03	
  -7.4131673e-03	
  -7.2634818e-03	
  -7.1149320e-03	
  -6.9654669e-03	
  -6.8182968e-03	
  -6.6727607e-03	
  -6.5295604e-03	
  -6.3874583e-03	
  -6.2474073e-03	
  -6.1086613e-03	
  -5.9720579e-03	
  -5.8367495e-03	
  -5.7034852e-03	
  -5.5714887e-03	
  -5.4418043e-03	
  -5.3135335e-03	
  -5.1871136e-03	
  -5.0608666e-03	
  -4.9375282e-03	
  -4.8184782e-03	
  -4.7034962e-03	
  -4.5775814e-03	
  -4.4418119e-03	
  -4.3397932e-03	
  -4.3598146e-03	
  -4.3777816e-03	
  -4.1317456e-03	
  -3.8884487e-03	
  -3.7528520e-03	
  -3.6631493e-03	
  -3.6752109e-03	
  -3.7769143e-03	
  -3.7615270e-03	
  -3.6881708e-03	
  -3.6546200e-03	
  -3.5723752e-03	
  -3.4491589e-03	
  -3.3677209e-03	
  -3.3389595e-03	
  -3.2619353e-03	
  -3.1380644e-03	
  -3.0114224e-03	
  -2.8934284e-03	
  -2.7795196e-03	
  -2.6694602e-03	
  -2.5655635e-03	
  -2.4578486e-03	
  -2.3165016e-03	
  -2.1532555e-03	
  -2.0386253e-03	
  -1.9231626e-03	
  -1.7185547e-03	
  -1.4887605e-03	
  -1.3654269e-03	
  -1.3157997e-03	
  -1.2673118e-03	
  -1.1859596e-03	
  -1.0761358e-03	
  -9.7570404e-04	
  -8.8215665e-04	
  -8.2051119e-04	
  -7.8160043e-04	
  -7.4473249e-04	
  -7.0574986e-04	
  -6.6604516e-04	
  -6.2845447e-04	
  -5.9594810e-04	
  -5.6483807e-04	
  -5.1469726e-04	
  -4.3178362e-04	
  -3.5560286e-04	
  -3.1979914e-04	
  -3.0308580e-04	
  -2.7282689e-04	
  -2.2494691e-04	
  -1.8038088e-04	
  -1.4201395e-04	
  -1.2234273e-04	
  -1.1015130e-04	
  -8.1032662e-05	
  -5.0199222e-05	
  -4.4115324e-05	
  -1.8061876e-05	
   4.0000949e-06	
   9.3548372e-06	
   1.1140381e-05	
   1.4064259e-05	
   1.8532082e-05	
   2.2680409e-05	
   2.6397744e-05	
   2.9547911e-05	
   3.3636699e-05	
   3.9409326e-05	
   4.3871855e-05	
   3.6751261e-05	
   1.9968883e-05	
   1.7262619e-05	
   2.6774539e-05	
   3.5208845e-05	
   3.6871640e-05	
   3.9285591e-05	
   5.8434447e-05	
   8.3016930e-05	
   9.3295919e-05	
   9.5401109e-05	
   1.0330964e-04	
   1.1707704e-04	
   1.2366971e-04	
   1.2655023e-04	
   1.3344549e-04	
   1.4004341e-04	
   1.4135368e-04	
   1.4026908e-04	
   1.4131883e-04	
   1.4449614e-04	
   1.4563325e-04	
   1.4484724e-04	
   1.4431827e-04	
   1.4548460e-04	
   1.4788712e-04	
   1.4891263e-04	
   1.4905237e-04	
   1.4927607e-04	
   1.4895199e-04	
   1.4772430e-04	
   1.4776179e-04	
   1.4964430e-04	
   1.5113830e-04	
   1.5279669e-04	
   1.5502741e-04	
   1.5746675e-04	
   1.5996291e-04	
   1.6249321e-04	
   1.6510358e-04	
   1.6776744e-04	
   1.7046744e-04	
   1.7322456e-04	
   1.7618911e-04	
   1.7933307e-04	
   1.8239471e-04	
   1.8536828e-04	
   1.8813998e-04	
   1.9085500e-04	
   1.9377230e-04	
   1.9682025e-04	
   1.9965097e-04	
   2.0234663e-04	
   2.0511809e-04	
   2.0798921e-04	
   2.1083654e-04	
   2.1360492e-04	
   2.1637045e-04	
   2.1916275e-04	
   2.2194977e-04	
   2.2472263e-04	
   2.2747253e-04	
   2.3020700e-04	
   2.3293256e-04	
   2.3563992e-04	
   2.3831669e-04	
   2.4096093e-04	
   2.4357157e-04	
   2.4614397e-04	
   2.4867409e-04	
   2.5115846e-04	
   2.5359359e-04	
   2.5597673e-04	
   2.5830600e-04	
   2.6058005e-04	
   2.6279826e-04	
