   5.4345565e-06	
   5.4671214e-06	
   5.4881926e-06	
   5.5118047e-06	
   5.5371415e-06	
   5.5568990e-06	
   5.5699498e-06	
   5.5893740e-06	
   5.6050890e-06	
   5.6214257e-06	
   5.6334576e-06	
   5.6390116e-06	
   5.6478916e-06	
   5.6457584e-06	
   5.6150727e-06	
   5.5478426e-06	
   5.4049754e-06	
   5.1767326e-06	
   4.8371490e-06	
   4.4066431e-06	
   3.9151155e-06	
   3.4279359e-06	
   2.9776603e-06	
   2.6247718e-06	
   2.3433308e-06	
   2.1306976e-06	
   1.9742429e-06	
   1.8909669e-06	
   1.9016639e-06	
   2.0792086e-06	
   2.3756685e-06	
   2.6907732e-06	
   2.8830500e-06	
   2.9615041e-06	
   2.9015837e-06	
   2.7345546e-06	
   2.4741595e-06	
   2.1312736e-06	
   1.7790249e-06	
   1.4980357e-06	
   1.2825217e-06	
   1.1334470e-06	
   9.9433965e-07	
   9.3408264e-07	
   9.9028978e-07	
   1.0872326e-06	
   1.0212181e-06	
   7.7781668e-07	
   4.0703782e-07	
   5.8245156e-08	
  -1.0940970e-07	
   5.1958496e-08	
   4.9663036e-07	
   1.1294257e-06	
   1.8692233e-06	
   2.8037871e-06	
   3.9707066e-06	
   5.5395255e-06	
   7.6084955e-06	
   9.9878250e-06	
   1.2347917e-05	
   1.4427191e-05	
   1.6141232e-05	
   1.7581358e-05	
   1.8699324e-05	
   1.9640263e-05	
   2.0293961e-05	
   2.0588016e-05	
   2.1016769e-05	
   2.2213536e-05	
   2.4249189e-05	
   2.6362327e-05	
   2.7730516e-05	
   2.7973900e-05	
   2.6859112e-05	
   2.4392295e-05	
   2.1219075e-05	
   1.8247932e-05	
   1.6219207e-05	
   1.5504054e-05	
   1.5763043e-05	
   1.5966615e-05	
   1.5298570e-05	
   1.3627037e-05	
   1.1346324e-05	
   9.0744108e-06	
   7.2369795e-06	
   5.9109305e-06	
   4.9859794e-06	
   4.2061946e-06	
   3.2527564e-06	
   1.8415793e-06	
  -1.8238005e-07	
  -2.7808409e-06	
  -5.5149379e-06	
  -7.8893523e-06	
  -1.0383506e-05	
  -1.3795870e-05	
  -1.8262499e-05	
  -2.3379623e-05	
  -2.7909039e-05	
  -3.0902682e-05	
  -3.2058459e-05	
  -3.1655098e-05	
  -3.0164816e-05	
  -2.7777028e-05	
  -2.5011491e-05	
  -2.2612550e-05	
  -2.0414020e-05	
  -1.8520655e-05	
  -1.6907766e-05	
  -1.4557796e-05	
  -1.0767357e-05	
  -6.1126265e-06	
  -9.2146325e-07	
   4.6920768e-06	
   9.7635667e-06	
   1.3324224e-05	
   1.5232475e-05	
   1.5491447e-05	
   1.4693892e-05	
   1.3085914e-05	
   1.0602283e-05	
   7.7875974e-06	
   5.0770104e-06	
   2.5684282e-06	
   1.9434935e-07	
  -2.1020013e-06	
  -4.2316025e-06	
  -5.7718877e-06	
  -6.3267369e-06	
  -6.2855903e-06	
  -5.9968429e-06	
  -5.1634392e-06	
  -3.4465431e-06	
  -1.4530925e-06	
   1.8460238e-07	
   1.2229387e-06	
   1.6265972e-06	
   1.6139549e-06	
   1.4881671e-06	
   1.7109777e-06	
   2.6756742e-06	
   4.7248409e-06	
   7.9766986e-06	
   1.2191397e-05	
   1.6571236e-05	
   2.0092220e-05	
   2.2484199e-05	
   2.3511111e-05	
   2.3454877e-05	
   2.2011973e-05	
   1.8204566e-05	
   1.2481905e-05	
   6.7825886e-06	
   2.9064669e-06	
   1.9917994e-06	
   4.7454546e-06	
   1.1151298e-05	
   2.0510352e-05	
   3.0956661e-05	
   3.9830858e-05	
   4.5306245e-05	
   4.6794941e-05	
   4.4033784e-05	
   3.6321263e-05	
   2.5542917e-05	
   1.5129402e-05	
   7.3276485e-06	
   3.0734576e-06	
   2.3271714e-06	
   4.2610063e-06	
   7.4966825e-06	
   1.0144730e-05	
   1.0556792e-05	
   9.0106521e-06	
   6.1073863e-06	
   2.0989163e-06	
  -2.9404533e-06	
  -8.9005777e-06	
  -1.5413718e-05	
  -2.1473137e-05	
  -2.5995134e-05	
  -2.9211623e-05	
  -3.0703440e-05	
  -2.9103803e-05	
  -2.4745043e-05	
  -1.9639242e-05	
  -1.4914507e-05	
  -1.0181879e-05	
  -3.9877615e-06	
   5.7223064e-06	
   2.0929710e-05	
   4.2583045e-05	
   6.9380669e-05	
   9.8223171e-05	
   1.2761393e-04	
   1.5571857e-04	
   1.8087007e-04	
   2.0104050e-04	
   2.1345171e-04	
   2.1669724e-04	
   2.1137473e-04	
   1.9869048e-04	
   1.7977913e-04	
   1.5949507e-04	
   1.4310057e-04	
   1.3370932e-04	
   1.3123708e-04	
   1.3401357e-04	
   1.3824147e-04	
   1.4040717e-04	
   1.3880650e-04	
   1.3358064e-04	
   1.2621490e-04	
   1.1621425e-04	
   1.0186830e-04	
   8.3236123e-05	
   6.1878109e-05	
   4.2011292e-05	
   2.5688988e-05	
   1.1423310e-05	
  -3.2568880e-06	
  -1.8380188e-05	
  -3.3072470e-05	
  -4.5931413e-05	
  -5.5217141e-05	
  -6.2144827e-05	
  -7.0136198e-05	
  -8.1269890e-05	
  -9.8314022e-05	
  -1.2352264e-04	
  -1.5574700e-04	
  -1.9425940e-04	
  -2.3671006e-04	
  -2.7942380e-04	
  -3.1808490e-04	
  -3.4944781e-04	
  -3.7109815e-04	
  -3.7954372e-04	
  -3.7233852e-04	
  -3.5347881e-04	
  -3.2805834e-04	
  -2.9993418e-04	
  -2.7361649e-04	
  -2.5269230e-04	
  -2.3514061e-04	
  -2.2116092e-04	
  -2.1453301e-04	
  -2.1552272e-04	
  -2.2347793e-04	
  -2.3718932e-04	
  -2.5124474e-04	
  -2.6073117e-04	
  -2.6533611e-04	
  -2.6725230e-04	
  -2.7077104e-04	
  -2.7697934e-04	
  -2.8692901e-04	
  -2.9627173e-04	
  -2.9804879e-04	
  -2.8984129e-04	
  -2.7349320e-04	
  -2.5239156e-04	
  -2.3276542e-04	
  -2.1598743e-04	
  -1.9825935e-04	
  -1.7582551e-04	
  -1.4440246e-04	
  -1.0488499e-04	
  -6.3969074e-05	
  -2.5544649e-05	
   1.0102744e-05	
   4.3965703e-05	
   7.5896645e-05	
   1.0439258e-04	
   1.2826769e-04	
   1.4427877e-04	
   1.5525288e-04	
   1.6872684e-04	
   1.8606146e-04	
   2.0346209e-04	
   2.1655974e-04	
   2.2760542e-04	
   2.3672665e-04	
   2.3957210e-04	
   2.3339182e-04	
   2.1897765e-04	
   1.9926810e-04	
   1.7608629e-04	
   1.5363015e-04	
   1.3535027e-04	
   1.2342362e-04	
   1.1772161e-04	
   1.1433261e-04	
   1.1451489e-04	
   1.2279600e-04	
   1.4230669e-04	
   1.7024671e-04	
   2.0081558e-04	
   2.2847323e-04	
   2.5065241e-04	
   2.6431077e-04	
   2.6935738e-04	
   2.6818679e-04	
   2.6041238e-04	
   2.4753948e-04	
   2.3490564e-04	
   2.3178617e-04	
   2.4729119e-04	
   2.7796268e-04	
   3.1423773e-04	
   3.5088737e-04	
   3.8027739e-04	
   3.9867672e-04	
   4.0274113e-04	
   3.8860932e-04	
   3.5919282e-04	
   3.2479819e-04	
   2.9450824e-04	
   2.7033117e-04	
   2.5371126e-04	
   2.4710386e-04	
   2.4755786e-04	
   2.4803515e-04	
   2.4354484e-04	
   2.2897209e-04	
   2.0515720e-04	
   1.7981157e-04	
   1.6101354e-04	
   1.5289387e-04	
   1.5392746e-04	
   1.6503465e-04	
   1.8227621e-04	
   1.9644291e-04	
   1.9566782e-04	
   1.8120913e-04	
   1.5963134e-04	
   1.3759857e-04	
   1.2312615e-04	
   1.2321447e-04	
   1.3641841e-04	
   1.5283031e-04	
   1.6268537e-04	
   1.5864008e-04	
   1.3850585e-04	
   1.1158504e-04	
   9.0917476e-05	
   8.3064227e-05	
   8.6209105e-05	
   9.3054176e-05	
   9.9646549e-05	
   1.0546359e-04	
   1.0722194e-04	
   1.0517421e-04	
   1.0287255e-04	
   1.0114836e-04	
   1.0128831e-04	
   1.0159869e-04	
   1.0322354e-04	
   1.1031297e-04	
   1.2067498e-04	
   1.2588467e-04	
   1.2019034e-04	
   1.0369928e-04	
   7.9890721e-05	
   5.0300149e-05	
   1.9439845e-05	
  -1.0586727e-05	
  -3.8322651e-05	
  -5.7919712e-05	
  -7.0195055e-05	
  -8.0471502e-05	
  -1.0005366e-04	
  -1.3809114e-04	
  -1.9626832e-04	
  -2.6606242e-04	
  -3.3165747e-04	
  -3.8299048e-04	
  -4.1212201e-04	
  -4.1739762e-04	
  -4.0516999e-04	
  -3.8630350e-04	
  -3.6359482e-04	
  -3.2569721e-04	
  -2.6872715e-04	
  -2.0847332e-04	
  -1.6285841e-04	
  -1.3878077e-04	
  -1.3153994e-04	
  -1.3023609e-04	
  -1.2610861e-04	
  -1.1015399e-04	
  -8.1230707e-05	
  -4.7780521e-05	
  -1.8245228e-05	
   3.5294130e-07	
   4.6671762e-06	
   1.1822611e-06	
  -1.6133560e-06	
   2.4913230e-06	
   1.7157229e-05	
   4.2297030e-05	
   7.3573407e-05	
   1.0110710e-04	
   1.1214256e-04	
   1.0096625e-04	
   7.2409983e-05	
   3.8625816e-05	
   9.4034086e-06	
  -1.0393972e-05	
  -1.9299746e-05	
  -1.8584373e-05	
  -1.1325074e-05	
  -1.7807945e-06	
   4.6289112e-06	
   4.7934395e-06	
   5.4106037e-06	
   1.4699946e-05	
   3.7858032e-05	
   7.6220234e-05	
   1.2520100e-04	
   1.7551595e-04	
   2.2231207e-04	
   2.6549371e-04	
   3.0775696e-04	
   3.4745556e-04	
   3.7572229e-04	
   3.9796184e-04	
   4.1951978e-04	
   4.3915278e-04	
   4.6033203e-04	
   4.8862858e-04	
   5.2265369e-04	
   5.5656940e-04	
   5.7794923e-04	
   5.8633892e-04	
   5.9290082e-04	
   5.9795127e-04	
   5.9992808e-04	
   6.0271814e-04	
   6.0244559e-04	
   6.0014001e-04	
   5.9776181e-04	
   5.9390500e-04	
   5.8510084e-04	
   5.6589856e-04	
   5.3430182e-04	
   4.9844868e-04	
   4.5720889e-04	
   4.0308623e-04	
   3.4296247e-04	
   2.8384917e-04	
   2.2831408e-04	
   1.7840894e-04	
   1.3804293e-04	
   1.1572805e-04	
   1.2205277e-04	
   1.5809604e-04	
   2.1096492e-04	
   2.5786448e-04	
   2.7735622e-04	
   2.5728049e-04	
   2.0324860e-04	
   1.3115955e-04	
   6.0579954e-05	
   4.5537668e-06	
  -3.2211401e-05	
  -5.0356473e-05	
  -5.4075049e-05	
  -4.9043987e-05	
  -4.1437227e-05	
  -3.6807517e-05	
  -3.9603928e-05	
  -5.2475322e-05	
  -7.5854455e-05	
  -1.0708689e-04	
  -1.3982089e-04	
  -1.6295849e-04	
  -1.6413154e-04	
  -1.4293333e-04	
  -1.1115996e-04	
  -7.9328461e-05	
  -5.3583117e-05	
  -3.6695236e-05	
  -2.9056384e-05	
  -2.9392114e-05	
  -3.5413347e-05	
  -4.4110051e-05	
  -5.2121977e-05	
  -5.5740111e-05	
  -5.1363948e-05	
  -3.5906447e-05	
  -7.7258151e-06	
   3.2287644e-05	
   7.9023557e-05	
   1.2205808e-04	
   1.4345254e-04	
   1.2584276e-04	
   7.6319892e-05	
   1.7832447e-05	
  -3.3212880e-05	
  -7.8182660e-05	
  -1.2361267e-04	
  -1.7325498e-04	
  -2.2578016e-04	
  -2.7134776e-04	
  -2.9400154e-04	
  -2.8456935e-04	
  -2.4458635e-04	
  -1.8645795e-04	
  -1.3037359e-04	
  -9.0951054e-05	
  -7.4638326e-05	
  -8.1126196e-05	
  -1.0459291e-04	
  -1.3367509e-04	
  -1.5655019e-04	
  -1.7088037e-04	
  -1.7371389e-04	
  -1.5578801e-04	
  -1.1188660e-04	
  -6.2694954e-05	
  -3.0020493e-05	
  -1.7492615e-05	
  -2.2832658e-05	
  -4.2816086e-05	
  -7.2887944e-05	
  -1.0702741e-04	
  -1.3626776e-04	
  -1.5277974e-04	
  -1.5937121e-04	
  -1.5835919e-04	
  -1.4575836e-04	
  -1.1706107e-04	
  -7.8539435e-05	
  -3.7847190e-05	
  -4.9733748e-07	
   2.8120200e-05	
   4.1091538e-05	
   3.3653080e-05	
   1.3551554e-05	
  -1.0054059e-05	
  -3.1502466e-05	
  -4.7451270e-05	
  -5.6388262e-05	
  -5.7750977e-05	
  -5.1421277e-05	
  -3.7392546e-05	
  -1.5857447e-05	
   1.2271642e-05	
   4.4578208e-05	
   7.5469125e-05	
   9.9082901e-05	
   1.2338318e-04	
   1.6737332e-04	
   2.4072407e-04	
   3.4002748e-04	
   4.5608919e-04	
   5.6142867e-04	
   6.2777381e-04	
   6.4999785e-04	
   6.2528523e-04	
   5.5791852e-04	
   4.6588616e-04	
   3.7730931e-04	
   3.1285120e-04	
   2.6712477e-04	
   2.1865935e-04	
   1.6328627e-04	
   1.0636662e-04	
   5.0011046e-05	
   3.8468943e-06	
  -2.3545376e-05	
  -2.8225700e-05	
  -9.1951471e-06	
   3.0490554e-05	
   8.7873334e-05	
   1.6877488e-04	
   2.7285561e-04	
   3.8262210e-04	
   4.7024723e-04	
   5.2124731e-04	
   5.2926935e-04	
   5.0512373e-04	
   4.7101717e-04	
   4.2995981e-04	
   3.7952101e-04	
   3.3062781e-04	
   2.9760377e-04	
   2.8897805e-04	
   2.9773539e-04	
   3.1392057e-04	
   3.3179800e-04	
   3.4372571e-04	
   3.3392285e-04	
   3.0381248e-04	
   2.6003304e-04	
   2.0335588e-04	
   1.5007988e-04	
   1.1002678e-04	
   7.7161540e-05	
   3.9205453e-05	
  -7.4004089e-06	
  -6.5825134e-05	
  -1.4063160e-04	
  -2.3270644e-04	
  -3.3430562e-04	
  -4.2917843e-04	
  -5.0553967e-04	
  -5.5687153e-04	
  -5.7828878e-04	
  -5.6405574e-04	
  -5.1221921e-04	
  -4.3835547e-04	
  -3.5943212e-04	
  -2.7859643e-04	
  -2.0238013e-04	
  -1.4505410e-04	
  -1.1376357e-04	
  -1.0685053e-04	
  -1.1569259e-04	
  -1.3168765e-04	
  -1.5886777e-04	
  -2.0055087e-04	
  -2.5136181e-04	
  -3.0134236e-04	
  -3.4644967e-04	
  -3.7310021e-04	
  -3.6201262e-04	
  -3.1949553e-04	
  -2.6488423e-04	
  -2.0698834e-04	
  -1.4699709e-04	
  -9.4247323e-05	
  -5.5762096e-05	
  -3.4011751e-05	
  -2.3476152e-05	
  -5.8099525e-06	
   2.2530572e-05	
   5.5613272e-05	
   8.3110714e-05	
   9.3574850e-05	
   9.2749435e-05	
   1.0180849e-04	
   1.3692667e-04	
   2.0098290e-04	
   2.8640826e-04	
   3.8998719e-04	
   5.0851371e-04	
   6.1952138e-04	
   6.9579258e-04	
   7.2432311e-04	
   7.1432034e-04	
   7.0059711e-04	
   7.1047243e-04	
   7.4318356e-04	
   7.6854504e-04	
   7.7138926e-04	
   7.5029260e-04	
   7.1197106e-04	
   6.6706759e-04	
   6.1983690e-04	
   5.7107589e-04	
   5.0716705e-04	
   4.3669206e-04	
   3.7382954e-04	
   3.2872330e-04	
   3.0625392e-04	
   2.9436567e-04	
   2.8130911e-04	
   2.5792567e-04	
   2.0712641e-04	
   1.2038037e-04	
   8.1310626e-06	
  -1.0283285e-04	
  -1.8393407e-04	
  -2.1292327e-04	
  -1.9036925e-04	
  -1.3811753e-04	
  -7.9027814e-05	
  -3.1378666e-05	
  -1.0594684e-05	
  -2.3781424e-05	
  -5.7341586e-05	
  -9.0279807e-05	
  -1.0688402e-04	
  -1.0936525e-04	
  -1.0431840e-04	
  -9.5973235e-05	
  -8.6807966e-05	
  -7.7440840e-05	
  -6.7259035e-05	
  -5.5157639e-05	
  -4.0568927e-05	
  -2.4526283e-05	
  -1.0512952e-05	
  -5.0214119e-06	
  -1.7127735e-05	
  -5.7393123e-05	
  -1.3484054e-04	
  -2.5334467e-04	
  -4.0522587e-04	
  -5.7154077e-04	
  -7.2770574e-04	
  -8.3503691e-04	
  -8.6792851e-04	
  -8.2228844e-04	
  -7.1349010e-04	
  -5.7149738e-04	
  -4.2486525e-04	
  -2.9349777e-04	
  -1.8193463e-04	
  -9.3854427e-05	
  -2.5894308e-05	
   3.2541764e-05	
   9.1505225e-05	
   1.6103438e-04	
   2.5884235e-04	
   3.8974511e-04	
   5.3885586e-04	
   6.8476863e-04	
   8.0464059e-04	
   8.8725710e-04	
   9.3355976e-04	
   9.5134013e-04	
   9.5201170e-04	
   9.4771265e-04	
   9.4977067e-04	
   9.6692685e-04	
   1.0043642e-03	
   1.0611237e-03	
   1.1341014e-03	
   1.2284600e-03	
   1.3395034e-03	
   1.4463261e-03	
   1.5337500e-03	
   1.6060709e-03	
   1.6680664e-03	
   1.7133103e-03	
   1.7274877e-03	
   1.7053470e-03	
   1.6567420e-03	
   1.6000030e-03	
   1.5450900e-03	
   1.4837202e-03	
   1.3865103e-03	
   1.2428229e-03	
   1.0742790e-03	
   9.1546321e-04	
   7.8957257e-04	
   6.9646031e-04	
   6.2921762e-04	
   5.6697235e-04	
   4.8252862e-04	
   3.6342080e-04	
   2.1199794e-04	
   5.4165384e-05	
  -8.6664827e-05	
  -1.9587796e-04	
  -2.5996989e-04	
  -2.6832698e-04	
  -2.3009906e-04	
  -1.7258896e-04	
  -1.1998135e-04	
  -8.7941472e-05	
  -8.4563585e-05	
  -1.1107434e-04	
  -1.6196723e-04	
  -2.2508652e-04	
  -2.8032430e-04	
  -3.0487466e-04	
  -2.9195413e-04	
  -2.5651030e-04	
  -2.2759055e-04	
  -2.2749373e-04	
  -2.6441739e-04	
  -3.3134309e-04	
  -4.0915818e-04	
  -4.8549629e-04	
  -5.5053047e-04	
  -5.8638476e-04	
  -5.9268669e-04	
  -5.7718076e-04	
  -5.4751557e-04	
  -5.1176431e-04	
  -4.7913905e-04	
  -4.5517627e-04	
  -4.2918963e-04	
  -3.9097919e-04	
  -3.3937763e-04	
  -2.8488341e-04	
  -2.4580148e-04	
  -2.3067350e-04	
  -2.3293642e-04	
  -2.3967618e-04	
  -2.4550891e-04	
  -2.4580801e-04	
  -2.4444705e-04	
  -2.4029179e-04	
  -2.2686595e-04	
  -2.0821024e-04	
  -1.8424428e-04	
  -1.5218022e-04	
  -1.2170293e-04	
  -1.0215139e-04	
  -9.6582717e-05	
  -1.0356513e-04	
  -1.1700764e-04	
  -1.2753819e-04	
  -1.2189550e-04	
  -9.0847132e-05	
  -4.3617089e-05	
   3.5644738e-06	
   3.9279334e-05	
   6.7684267e-05	
   9.3456222e-05	
   1.1214975e-04	
   1.1665869e-04	
   1.0970635e-04	
   9.1020744e-05	
   5.0808111e-05	
  -2.0217163e-05	
  -1.1444610e-04	
  -2.1685312e-04	
  -3.0851807e-04	
  -3.6105722e-04	
  -3.4724175e-04	
  -2.7388512e-04	
  -1.6893714e-04	
  -5.5752023e-05	
   4.7516091e-05	
   1.3048675e-04	
   1.9917373e-04	
   2.5804586e-04	
   2.9797289e-04	
   3.0610465e-04	
   2.9732525e-04	
   2.9781978e-04	
   3.2103312e-04	
   3.8061840e-04	
   4.8627260e-04	
   6.2434756e-04	
   7.7193657e-04	
   9.1752940e-04	
   1.0530762e-03	
   1.1529896e-03	
   1.1885528e-03	
   1.1519545e-03	
   1.0537641e-03	
   9.1023032e-04	
   7.5498480e-04	
   6.2432150e-04	
   5.3631066e-04	
   4.9118931e-04	
   4.7747384e-04	
   4.7557799e-04	
   4.6808495e-04	
   4.5507121e-04	
   4.4798455e-04	
   4.7096161e-04	
   5.2641034e-04	
   5.8622062e-04	
   6.1803248e-04	
   6.0933976e-04	
   5.7258236e-04	
   5.3834981e-04	
   5.2877572e-04	
   5.3657562e-04	
   5.4601213e-04	
   5.5404716e-04	
   5.5494202e-04	
   5.4202885e-04	
   5.1616745e-04	
   4.6545732e-04	
   3.8950834e-04	
   2.9540588e-04	
   1.9493350e-04	
   1.0385859e-04	
   2.7022152e-05	
  -4.3191163e-05	
  -1.1371733e-04	
  -1.7842144e-04	
  -2.4103649e-04	
  -3.0386591e-04	
  -3.5631298e-04	
  -3.7978122e-04	
  -3.6537670e-04	
  -3.2070093e-04	
  -2.6293772e-04	
  -2.0684920e-04	
  -1.7393154e-04	
  -1.8007423e-04	
  -2.2917675e-04	
  -3.1268281e-04	
  -4.1293958e-04	
  -5.1956053e-04	
  -6.3031591e-04	
  -7.4375628e-04	
  -8.5863759e-04	
  -9.8059608e-04	
  -1.1009304e-03	
  -1.1892873e-03	
  -1.2165530e-03	
  -1.1719244e-03	
  -1.0538802e-03	
  -8.8702344e-04	
  -7.2030797e-04	
  -5.9211291e-04	
  -5.1804646e-04	
  -4.8395330e-04	
  -4.6561998e-04	
  -4.4077918e-04	
  -3.9314481e-04	
  -3.1688015e-04	
  -2.2068894e-04	
  -1.2593606e-04	
  -4.9715022e-05	
  -3.1069023e-06	
   1.1611196e-05	
   1.2157736e-05	
   1.9323545e-05	
   4.7700382e-05	
   1.0364846e-04	
   1.8245162e-04	
   2.6525833e-04	
   3.2288534e-04	
   3.3338028e-04	
   2.9379810e-04	
   2.2798058e-04	
   1.5296225e-04	
   7.4886825e-05	
   7.0370645e-06	
  -4.1571223e-05	
  -6.9347540e-05	
  -7.8936726e-05	
  -7.5296305e-05	
  -6.4177156e-05	
  -5.1286064e-05	
  -4.1913579e-05	
  -4.0701845e-05	
  -5.1305312e-05	
  -7.5953067e-05	
  -1.1450574e-04	
  -1.6313309e-04	
  -2.1299313e-04	
  -2.4832699e-04	
  -2.5112930e-04	
  -2.2101696e-04	
  -1.7512754e-04	
  -1.2821851e-04	
  -8.8023743e-05	
  -5.7405239e-05	
  -3.6127340e-05	
  -2.2842062e-05	
  -1.6516488e-05	
  -1.7520753e-05	
  -2.7853442e-05	
  -5.0731378e-05	
  -8.9346140e-05	
  -1.4483327e-04	
  -2.1393823e-04	
  -2.8612909e-04	
  -3.4102364e-04	
  -3.5147961e-04	
  -3.0952503e-04	
  -2.4027970e-04	
  -1.6813141e-04	
  -1.0615542e-04	
  -5.9677030e-05	
  -2.8539387e-05	
  -1.0010660e-05	
  -8.4790057e-07	
   1.0336055e-06	
  -4.2471712e-06	
  -1.8598065e-05	
  -4.5932696e-05	
  -8.5256973e-05	
  -1.1498172e-04	
  -1.1326430e-04	
  -7.8360145e-05	
  -1.5296258e-05	
   6.9189001e-05	
   1.6233096e-04	
   2.4924799e-04	
   3.2217733e-04	
   3.6951619e-04	
   3.8461223e-04	
   3.7697295e-04	
   3.7582229e-04	
   4.0047485e-04	
   4.5877843e-04	
   5.3687251e-04	
   6.1590901e-04	
   6.8902618e-04	
   7.4941809e-04	
   7.9453708e-04	
   8.1538928e-04	
   8.0857567e-04	
   7.7601765e-04	
   7.1058608e-04	
   6.1341014e-04	
   4.9782612e-04	
   3.7389874e-04	
   2.4842682e-04	
   1.3219191e-04	
   4.0361140e-05	
  -2.1449428e-05	
  -5.7770013e-05	
  -7.8217562e-05	
  -9.3814558e-05	
  -1.1413188e-04	
  -1.4462632e-04	
  -1.8519928e-04	
  -2.2750901e-04	
  -2.6058566e-04	
  -2.8242979e-04	
  -2.9190503e-04	
  -2.9406567e-04	
  -2.9291958e-04	
  -2.9676291e-04	
  -3.1082087e-04	
  -3.4289065e-04	
  -3.8897060e-04	
  -4.2953791e-04	
  -4.5617800e-04	
  -4.8230713e-04	
  -5.1349488e-04	
  -5.4696679e-04	
  -5.6276431e-04	
  -5.4297559e-04	
  -4.9268049e-04	
  -4.2694181e-04	
  -3.5980876e-04	
  -2.9425677e-04	
  -2.3266403e-04	
  -1.7360719e-04	
  -1.2288930e-04	
  -8.3958923e-05	
  -5.4352306e-05	
  -2.9627320e-05	
  -5.4567544e-06	
   2.0042088e-05	
   4.4842761e-05	
   6.2188234e-05	
   5.9682732e-05	
   2.6174450e-05	
  -3.3561134e-05	
  -1.0563671e-04	
  -1.5661580e-04	
  -1.5866818e-04	
  -1.2323367e-04	
  -7.1778319e-05	
  -2.2557427e-05	
   7.1206370e-06	
   7.3161321e-06	
  -1.1582282e-05	
  -3.3503953e-05	
  -4.4393068e-05	
  -3.2551837e-05	
   9.3836780e-06	
   8.2462833e-05	
   1.7870274e-04	
   2.7775426e-04	
   3.4961203e-04	
   3.7264832e-04	
   3.3700964e-04	
   2.5078036e-04	
   1.4883117e-04	
   6.0579039e-05	
   7.0535564e-08	
  -2.9666136e-05	
  -3.4142030e-05	
  -2.4269295e-05	
  -1.4421815e-05	
  -2.0567599e-05	
  -5.3845774e-05	
  -9.7408296e-05	
  -1.1894899e-04	
  -1.1867464e-04	
  -1.0693566e-04	
  -9.0461018e-05	
  -7.4142456e-05	
  -6.0610509e-05	
  -5.1173130e-05	
  -4.6034960e-05	
  -4.4904183e-05	
  -4.7178449e-05	
  -5.2088064e-05	
  -5.8679481e-05	
  -6.5643254e-05	
  -7.1151680e-05	
  -7.2836138e-05	
  -6.7881777e-05	
  -5.3485126e-05	
  -2.7656153e-05	
   9.6651263e-06	
   5.5116740e-05	
   1.0048258e-04	
   1.3088365e-04	
   1.2948592e-04	
   9.7449309e-05	
   5.3776149e-05	
   1.5139770e-05	
  -9.2931953e-06	
  -1.6417002e-05	
  -8.5367186e-06	
   7.7740843e-06	
   2.1360130e-05	
   2.3369893e-05	
   2.0932986e-05	
   2.3065209e-05	
   3.3238583e-05	
   4.9997532e-05	
   6.5162270e-05	
   7.0266387e-05	
   6.9768458e-05	
   6.7285734e-05	
   5.8111903e-05	
   3.6927469e-05	
   1.1785919e-05	
  -8.8655448e-06	
  -2.2182212e-05	
  -2.9050224e-05	
  -3.3544190e-05	
  -4.1315331e-05	
  -5.8701826e-05	
  -9.0709876e-05	
  -1.4028356e-04	
  -1.9968134e-04	
  -2.4074702e-04	
  -2.4851163e-04	
  -2.2641014e-04	
  -1.8131575e-04	
  -1.3232157e-04	
  -9.7540323e-05	
  -8.8075459e-05	
  -1.0910725e-04	
  -1.5916949e-04	
  -2.2963787e-04	
  -3.0176671e-04	
  -3.5726356e-04	
  -4.0396067e-04	
  -4.4434457e-04	
  -4.6642465e-04	
  -4.6226930e-04	
  -4.3897034e-04	
  -4.2530128e-04	
  -4.3629663e-04	
  -4.6546769e-04	
  -5.0524440e-04	
  -5.5078970e-04	
  -5.9849915e-04	
  -6.4368039e-04	
  -6.7940119e-04	
  -6.9396103e-04	
  -6.7715983e-04	
  -6.3308971e-04	
  -5.7406219e-04	
  -5.2253784e-04	
  -4.8547504e-04	
  -4.6306122e-04	
  -4.5753226e-04	
  -4.7351956e-04	
  -5.1255917e-04	
  -5.5850667e-04	
  -5.9105130e-04	
  -5.9720886e-04	
  -5.8545509e-04	
  -5.6392641e-04	
  -5.2689841e-04	
  -4.8323271e-04	
  -4.5067027e-04	
  -4.4219169e-04	
  -4.5516835e-04	
  -4.7778912e-04	
  -4.9012590e-04	
  -4.8459007e-04	
  -4.5214553e-04	
  -4.0395192e-04	
  -3.6059757e-04	
  -3.2529917e-04	
  -2.8723449e-04	
  -2.4427458e-04	
  -2.0587109e-04	
  -1.7515941e-04	
  -1.4547445e-04	
  -1.0962825e-04	
  -7.6244638e-05	
  -5.7299053e-05	
  -6.2448580e-05	
  -9.9146218e-05	
  -1.7090725e-04	
  -2.7366379e-04	
  -3.9756519e-04	
  -5.3529399e-04	
  -6.6671073e-04	
  -7.7280447e-04	
  -8.4980582e-04	
  -8.9056758e-04	
  -8.7317937e-04	
  -7.8021433e-04	
  -6.4170227e-04	
  -4.9597676e-04	
  -3.7435692e-04	
  -3.0218289e-04	
  -2.8172570e-04	
  -2.9708489e-04	
  -3.3193525e-04	
  -3.5697982e-04	
  -3.3764870e-04	
  -2.7160691e-04	
  -1.7662355e-04	
  -6.7103135e-05	
   4.7588428e-05	
   1.5725665e-04	
   2.5232514e-04	
   3.3171009e-04	
   3.8945720e-04	
   4.2365020e-04	
   4.3807932e-04	
   4.4483828e-04	
   4.7005131e-04	
   5.1696925e-04	
   5.5796794e-04	
   5.6108366e-04	
   5.1672766e-04	
   4.3880008e-04	
   3.4624395e-04	
   2.6022022e-04	
   2.0203421e-04	
   1.7526578e-04	
   1.6938738e-04	
   1.7608033e-04	
   1.8262573e-04	
   1.8666138e-04	
   1.9749112e-04	
   2.1433464e-04	
   2.2704120e-04	
   2.2992308e-04	
   2.1343692e-04	
   1.7873305e-04	
   1.3838109e-04	
   1.0250376e-04	
   8.7940900e-05	
   1.0451064e-04	
   1.4876761e-04	
   2.0342385e-04	
   2.4267923e-04	
   2.5110405e-04	
   2.2979367e-04	
   1.8890462e-04	
   1.3476660e-04	
   7.9009309e-05	
   2.7392858e-05	
  -2.4031410e-05	
  -8.4101817e-05	
  -1.6233553e-04	
  -2.6355962e-04	
  -3.8202021e-04	
  -5.0183988e-04	
  -6.0604995e-04	
  -6.6244223e-04	
  -6.4720175e-04	
  -5.7755822e-04	
  -4.8281236e-04	
  -3.9256441e-04	
  -3.3445406e-04	
  -3.1488479e-04	
  -3.2281173e-04	
  -3.4531020e-04	
  -3.6171188e-04	
  -3.5769992e-04	
  -3.3402931e-04	
  -2.9949349e-04	
  -2.5910624e-04	
  -2.2259394e-04	
  -1.9320628e-04	
  -1.6185914e-04	
  -1.1726605e-04	
  -6.1823150e-05	
  -1.2523393e-06	
   5.9770838e-05	
   1.1253619e-04	
   1.4897995e-04	
   1.7155529e-04	
   1.8402182e-04	
   1.9579601e-04	
   2.1340465e-04	
   2.4602533e-04	
   2.9059195e-04	
   3.2922535e-04	
   3.4949234e-04	
   3.4859756e-04	
   3.3260348e-04	
   3.1507376e-04	
   3.1658268e-04	
   3.5716258e-04	
   4.3430225e-04	
   5.2005097e-04	
   5.8603565e-04	
   6.2073961e-04	
   6.1949948e-04	
   5.9161037e-04	
   5.4543500e-04	
   4.8986274e-04	
   4.4280199e-04	
   4.1121211e-04	
   4.0758610e-04	
   4.2894763e-04	
   4.6904599e-04	
   5.3920832e-04	
   6.4375964e-04	
   7.5664527e-04	
   8.3806308e-04	
   8.5897828e-04	
   8.0405790e-04	
   6.7912210e-04	
   5.2111291e-04	
   3.6855180e-04	
   2.4840999e-04	
   1.6320768e-04	
   9.6813765e-05	
   4.1873064e-05	
   4.6440715e-06	
  -1.1331431e-05	
  -8.3950427e-06	
   7.3253478e-06	
   2.6821301e-05	
   3.7793578e-05	
   3.1018075e-05	
   1.3903224e-05	
  -3.8018548e-06	
  -1.6911451e-05	
  -2.4061140e-05	
  -2.7854063e-05	
  -3.4100281e-05	
  -5.0970579e-05	
  -8.7284113e-05	
  -1.5023494e-04	
  -2.4211689e-04	
  -3.5577303e-04	
  -4.7520266e-04	
  -5.9010260e-04	
  -6.9446234e-04	
  -7.8623480e-04	
  -8.7432562e-04	
  -9.5917026e-04	
  -1.0192402e-03	
  -1.0269429e-03	
  -9.9453328e-04	
  -9.4589074e-04	
  -8.8339350e-04	
  -7.9266157e-04	
  -6.6680435e-04	
  -5.1866804e-04	
  -3.8091007e-04	
  -2.8614755e-04	
  -2.4658678e-04	
  -2.5233494e-04	
  -2.8182603e-04	
  -3.1736381e-04	
  -3.3825777e-04	
  -3.3428241e-04	
  -3.1282285e-04	
  -2.9157537e-04	
  -2.7891890e-04	
  -2.6749765e-04	
  -2.4163796e-04	
  -1.9883729e-04	
  -1.5171314e-04	
  -1.0920006e-04	
  -7.3129196e-05	
  -4.0779428e-05	
  -7.4180283e-06	
   3.1460742e-05	
   7.7386559e-05	
   1.2726156e-04	
   1.6959196e-04	
   1.9541635e-04	
   2.2362491e-04	
   2.6997169e-04	
   3.3585604e-04	
   4.2670137e-04	
   5.4490632e-04	
   6.7659463e-04	
   8.1242398e-04	
   9.3941765e-04	
   1.0466685e-03	
   1.1262999e-03	
   1.1668173e-03	
   1.1557356e-03	
   1.0977702e-03	
   1.0149689e-03	
   9.2704745e-04	
   8.4891937e-04	
   7.8830337e-04	
   7.3543154e-04	
   6.8244884e-04	
   6.2756670e-04	
   5.6536645e-04	
   4.9927932e-04	
   4.3223352e-04	
   3.6401002e-04	
   2.9681831e-04	
   2.3284353e-04	
   1.6442444e-04	
   9.2575250e-05	
   3.1377620e-05	
  -9.4154185e-06	
  -2.7385097e-05	
  -2.4946270e-05	
  -8.1994692e-06	
   1.4038135e-05	
   2.9654208e-05	
   2.9339222e-05	
   2.0083633e-05	
   1.0459185e-05	
   3.5479761e-06	
  -2.5504894e-06	
  -1.4719497e-05	
  -4.3335722e-05	
  -1.0030015e-04	
  -1.9540745e-04	
  -3.3157569e-04	
  -4.9764124e-04	
  -6.7255260e-04	
  -8.5138099e-04	
  -1.0259477e-03	
  -1.1815446e-03	
  -1.3152409e-03	
  -1.4112752e-03	
  -1.4608548e-03	
  -1.4702495e-03	
  -1.4545615e-03	
  -1.4366880e-03	
  -1.4377689e-03	
  -1.4632642e-03	
  -1.5080464e-03	
  -1.5545443e-03	
  -1.5979515e-03	
  -1.6377582e-03	
  -1.6680101e-03	
  -1.6778713e-03	
  -1.6498310e-03	
  -1.5682290e-03	
  -1.4357746e-03	
  -1.2652405e-03	
  -1.0737112e-03	
  -8.7196286e-04	
  -6.6847773e-04	
  -4.7537088e-04	
  -2.9975738e-04	
  -1.4408824e-04	
   2.3182718e-06	
   1.5702242e-04	
   3.3343249e-04	
   5.2759156e-04	
   7.2054964e-04	
   8.9929804e-04	
   1.0522944e-03	
   1.1782774e-03	
   1.2694162e-03	
   1.3381782e-03	
   1.3905798e-03	
   1.4135015e-03	
   1.3949638e-03	
   1.3288284e-03	
   1.2172573e-03	
   1.0736311e-03	
   9.2837099e-04	
   8.2231540e-04	
   7.7133133e-04	
   7.6553080e-04	
   7.8831088e-04	
   8.1100951e-04	
   8.0969798e-04	
   7.7360627e-04	
   7.0755060e-04	
   6.2757259e-04	
   5.4946624e-04	
   4.9853618e-04	
   4.9709336e-04	
   5.5719318e-04	
   6.7946647e-04	
   8.4890385e-04	
   1.0293416e-03	
   1.1684709e-03	
   1.2386423e-03	
   1.2517584e-03	
   1.2194746e-03	
   1.1457314e-03	
   1.0422518e-03	
   9.1733740e-04	
   7.7445554e-04	
   6.2048862e-04	
   4.6673821e-04	
   3.2432351e-04	
   2.1457614e-04	
   1.4261331e-04	
   9.7430845e-05	
   7.3057088e-05	
   5.7351308e-05	
   3.5538691e-05	
   7.1172775e-06	
  -2.6614976e-05	
  -6.6918738e-05	
  -1.1532919e-04	
  -1.7062449e-04	
  -2.3213633e-04	
  -3.1003565e-04	
  -4.0650211e-04	
  -5.0991609e-04	
  -6.1090538e-04	
  -7.0216763e-04	
  -7.7448144e-04	
  -8.1086809e-04	
  -7.9753653e-04	
  -7.4895305e-04	
  -6.8633188e-04	
  -6.3760159e-04	
  -6.2667944e-04	
  -6.5883084e-04	
  -7.1500817e-04	
  -7.7778833e-04	
  -8.3048132e-04	
  -8.6173402e-04	
  -8.5820294e-04	
  -8.1640155e-04	
  -7.5081173e-04	
  -6.8697837e-04	
  -6.4362933e-04	
  -6.2706613e-04	
  -6.3418032e-04	
  -6.5207679e-04	
  -6.6714398e-04	
  -6.7270702e-04	
  -6.4851287e-04	
  -5.8959066e-04	
  -5.1560404e-04	
  -4.5090606e-04	
  -4.1603666e-04	
  -4.0795449e-04	
  -4.0928693e-04	
  -4.1748782e-04	
  -4.2393199e-04	
  -4.2122527e-04	
  -4.1169700e-04	
  -4.0025296e-04	
  -3.8107086e-04	
  -3.5290740e-04	
  -3.2010836e-04	
  -2.8005183e-04	
  -2.3296445e-04	
  -1.7689880e-04	
  -1.1822750e-04	
  -6.1248170e-05	
  -4.9895865e-06	
   5.2568558e-05	
   1.1034459e-04	
   1.6654815e-04	
   2.2870902e-04	
   2.9547614e-04	
   3.5140763e-04	
   3.9115950e-04	
   4.3016202e-04	
   4.6743078e-04	
   4.7733200e-04	
   4.3625954e-04	
   3.5017993e-04	
   2.5075895e-04	
   1.5708336e-04	
   7.4075879e-05	
   1.1497813e-05	
  -2.6447654e-05	
  -4.3816380e-05	
  -4.9305280e-05	
  -5.3769515e-05	
  -6.7964335e-05	
  -1.0030423e-04	
  -1.5465116e-04	
  -2.2766465e-04	
  -3.0590049e-04	
  -3.6828130e-04	
  -4.0457570e-04	
  -4.1159275e-04	
  -3.8411892e-04	
  -3.3684689e-04	
  -2.7712893e-04	
  -2.0014891e-04	
  -1.0880030e-04	
  -2.6192734e-06	
   1.1448980e-04	
   2.2615826e-04	
   3.3892240e-04	
   4.5316245e-04	
   5.4921224e-04	
   6.0350368e-04	
   5.9624317e-04	
   5.2999141e-04	
   4.3054250e-04	
   3.2206263e-04	
   2.1082031e-04	
   1.0496620e-04	
   2.0319141e-05	
  -3.5046146e-05	
  -6.1792945e-05	
  -6.5193152e-05	
  -5.2431547e-05	
  -3.0756349e-05	
  -6.8845281e-06	
   1.3294249e-05	
   2.3510703e-05	
   2.2536103e-05	
   2.6871841e-05	
   5.4324626e-05	
   1.1515484e-04	
   2.0837683e-04	
   3.2389475e-04	
   4.5136905e-04	
   5.6658778e-04	
   6.4603384e-04	
   6.8397067e-04	
   6.7283528e-04	
   6.0829081e-04	
   5.1732554e-04	
   4.3076031e-04	
   3.7245617e-04	
   3.5709975e-04	
   3.7207626e-04	
   3.8002428e-04	
   3.4889626e-04	
   2.7511037e-04	
   1.7297663e-04	
   6.6161992e-05	
  -2.7898140e-05	
  -1.0001412e-04	
  -1.4515549e-04	
  -1.5883117e-04	
  -1.4106412e-04	
  -1.0892865e-04	
  -8.1438348e-05	
  -7.2508603e-05	
  -9.0950401e-05	
  -1.3953510e-04	
  -2.1351658e-04	
  -2.9937086e-04	
  -3.7143655e-04	
  -4.0249685e-04	
  -3.9556207e-04	
  -3.7484507e-04	
  -3.7086244e-04	
  -4.0034389e-04	
  -4.5727237e-04	
  -5.2408875e-04	
  -6.0291757e-04	
  -7.0273847e-04	
  -8.3283019e-04	
  -1.0091821e-03	
  -1.2358939e-03	
  -1.5063209e-03	
  -1.8017987e-03	
  -2.0957472e-03	
  -2.3506389e-03	
  -2.5287228e-03	
  -2.6124792e-03	
  -2.6146467e-03	
  -2.5572786e-03	
  -2.4630810e-03	
  -2.3501446e-03	
  -2.2214091e-03	
  -2.0795232e-03	
  -1.9202743e-03	
  -1.7425148e-03	
  -1.5663843e-03	
  -1.4099173e-03	
  -1.2796467e-03	
  -1.1676580e-03	
  -1.0678827e-03	
  -9.7112133e-04	
  -8.6577490e-04	
  -7.4689731e-04	
  -6.1721425e-04	
  -4.7524408e-04	
  -3.1727934e-04	
  -1.4687250e-04	
   2.2282981e-05	
   1.7792749e-04	
   3.0555588e-04	
   3.9215412e-04	
   4.5286081e-04	
   5.1529187e-04	
   6.0602209e-04	
   7.3755860e-04	
   8.9236253e-04	
   1.0503671e-03	
   1.1929711e-03	
   1.3012735e-03	
   1.3690011e-03	
   1.4039451e-03	
   1.4150268e-03	
   1.4032032e-03	
   1.3804824e-03	
   1.3500467e-03	
   1.3065815e-03	
   1.2398898e-03	
   1.1584349e-03	
   1.0722635e-03	
   1.0035072e-03	
   9.8563207e-04	
   1.0226773e-03	
   1.0905561e-03	
   1.1767758e-03	
   1.2840773e-03	
   1.4044696e-03	
   1.5144459e-03	
   1.5947611e-03	
   1.6520001e-03	
   1.7051060e-03	
   1.7516725e-03	
   1.7917022e-03	
   1.8313169e-03	
   1.8584528e-03	
   1.8424837e-03	
   1.7612567e-03	
   1.6256478e-03	
   1.4569381e-03	
   1.2594578e-03	
   1.0530795e-03	
   8.6338109e-04	
   6.9185455e-04	
   5.3011535e-04	
   3.6436247e-04	
   1.9538392e-04	
   3.0476306e-05	
  -1.3172581e-04	
  -2.9617966e-04	
  -4.5974159e-04	
  -6.0906443e-04	
  -7.2441723e-04	
  -7.7742436e-04	
  -7.7374679e-04	
  -7.4221386e-04	
  -7.0487843e-04	
  -6.7127040e-04	
  -6.4468939e-04	
  -6.3850797e-04	
  -6.5650288e-04	
  -6.7408930e-04	
  -6.5926369e-04	
  -6.0757161e-04	
  -5.5636001e-04	
  -5.4545052e-04	
  -5.8318130e-04	
  -6.4736686e-04	
  -7.0862274e-04	
  -7.5752199e-04	
  -7.9309417e-04	
  -8.0175225e-04	
  -7.8389222e-04	
  -7.3271526e-04	
  -6.6250399e-04	
  -5.9270311e-04	
  -5.2859009e-04	
  -4.6053310e-04	
  -3.9404482e-04	
  -3.4783971e-04	
  -3.4148451e-04	
  -3.8473666e-04	
  -4.8300362e-04	
  -6.2759007e-04	
  -8.0252783e-04	
  -9.9009697e-04	
  -1.1803027e-03	
  -1.3661792e-03	
  -1.5373301e-03	
  -1.6888558e-03	
  -1.8165734e-03	
  -1.9071983e-03	
  -1.9378480e-03	
  -1.8924906e-03	
  -1.7684782e-03	
  -1.5741507e-03	
  -1.3165914e-03	
  -1.0074452e-03	
  -6.7170652e-04	
  -3.4415880e-04	
  -6.9260448e-05	
   1.2901835e-04	
   2.5734977e-04	
   3.3173305e-04	
   3.7417808e-04	
   3.9735882e-04	
   4.1209929e-04	
   4.3116783e-04	
   4.5998187e-04	
   4.8145132e-04	
   4.7626794e-04	
   4.4459931e-04	
   3.9256711e-04	
   3.2888204e-04	
   2.6171574e-04	
   1.8769832e-04	
   1.1015129e-04	
   4.3478003e-05	
  -3.9821805e-06	
  -3.2300863e-05	
  -4.6591802e-05	
  -5.4608231e-05	
  -6.4477640e-05	
  -8.2867411e-05	
  -1.1330524e-04	
  -1.5455344e-04	
  -1.9922790e-04	
  -2.3210594e-04	
  -2.3498227e-04	
  -2.0669937e-04	
  -1.6317263e-04	
  -1.1730560e-04	
  -7.4494583e-05	
  -3.4587638e-05	
   5.6661197e-06	
   5.0267151e-05	
   1.0012768e-04	
   1.5619038e-04	
   2.2932585e-04	
   3.2183444e-04	
   4.2087796e-04	
   5.2103105e-04	
   6.3174942e-04	
   7.4281117e-04	
   8.3213411e-04	
   8.8814027e-04	
   9.1031856e-04	
   9.0617718e-04	
   8.8823423e-04	
   8.7328885e-04	
   8.7480602e-04	
   8.8844828e-04	
   9.0562162e-04	
   9.1991667e-04	
   9.2592162e-04	
   9.1977533e-04	
   8.9869265e-04	
   8.6272341e-04	
   8.0963041e-04	
   7.2405065e-04	
   5.9540223e-04	
   4.3128286e-04	
   2.5244491e-04	
   6.1625526e-05	
  -1.5149868e-04	
  -3.8224914e-04	
  -6.1825584e-04	
  -8.5091449e-04	
  -1.0723852e-03	
  -1.2802905e-03	
  -1.4755396e-03	
  -1.6634863e-03	
  -1.8263439e-03	
  -1.9266135e-03	
  -1.9483162e-03	
  -1.8832340e-03	
  -1.7517411e-03	
  -1.5921541e-03	
  -1.4381496e-03	
  -1.3132785e-03	
  -1.2233211e-03	
  -1.1762815e-03	
  -1.1882530e-03	
  -1.2580575e-03	
  -1.3541170e-03	
  -1.4475467e-03	
  -1.5220449e-03	
  -1.5693492e-03	
  -1.5864710e-03	
  -1.5725142e-03	
  -1.5278733e-03	
  -1.4537935e-03	
  -1.3553809e-03	
  -1.2385565e-03	
  -1.1021093e-03	
  -9.5244961e-04	
  -7.9847796e-04	
  -6.4799563e-04	
  -4.9721999e-04	
  -3.4103868e-04	
  -1.9177188e-04	
  -5.4409512e-05	
   7.6071377e-05	
   2.0459428e-04	
   3.2750769e-04	
   4.2975760e-04	
   5.0495723e-04	
   5.6355189e-04	
   5.9862587e-04	
   5.9765372e-04	
   5.6119902e-04	
   4.9557153e-04	
   4.1605668e-04	
   3.2294278e-04	
   2.1327908e-04	
   9.4423468e-05	
  -1.6821205e-05	
  -1.0785103e-04	
  -1.7013633e-04	
  -2.0009670e-04	
  -2.0925029e-04	
  -2.0739839e-04	
  -1.9402132e-04	
  -1.6497820e-04	
  -1.2714113e-04	
  -8.6026097e-05	
  -4.1682597e-05	
   7.8958279e-06	
   6.3663663e-05	
   1.2256479e-04	
   1.7387582e-04	
   2.0341110e-04	
   2.0549887e-04	
   1.7401201e-04	
   1.1643941e-04	
   5.5513442e-05	
   9.6144397e-06	
  -1.1187140e-05	
  -3.4321990e-06	
   3.0628734e-05	
   8.3531305e-05	
   1.4169934e-04	
   1.8999270e-04	
   2.3025086e-04	
   2.7799471e-04	
   3.4364049e-04	
   4.4238753e-04	
   5.8788379e-04	
   7.6973345e-04	
   9.6426098e-04	
   1.1572928e-03	
   1.3525443e-03	
   1.5455622e-03	
   1.7107114e-03	
   1.8236633e-03	
   1.8923191e-03	
   1.9353063e-03	
   1.9495564e-03	
   1.9093584e-03	
   1.7878378e-03	
   1.5737315e-03	
   1.2944540e-03	
   1.0000987e-03	
   7.3090511e-04	
   5.0652791e-04	
   3.1377539e-04	
   1.4304502e-04	
  -1.0278693e-05	
  -1.6075929e-04	
  -3.2407498e-04	
  -5.1166382e-04	
  -7.3151909e-04	
  -9.6806412e-04	
  -1.1884213e-03	
  -1.3643590e-03	
  -1.4857455e-03	
  -1.5587371e-03	
  -1.5897929e-03	
  -1.5749628e-03	
  -1.5177327e-03	
  -1.4160399e-03	
  -1.2792537e-03	
  -1.1145073e-03	
  -9.3416189e-04	
  -7.5370105e-04	
  -5.8799792e-04	
  -4.4297732e-04	
  -3.1845843e-04	
  -2.1856033e-04	
  -1.5271143e-04	
  -1.2186111e-04	
  -1.1688492e-04	
  -1.2159877e-04	
  -1.2080170e-04	
  -1.1542494e-04	
  -1.0870128e-04	
  -1.0007629e-04	
  -8.6096359e-05	
  -6.1328996e-05	
  -1.9907586e-05	
   4.2169202e-05	
   1.2395777e-04	
   2.1625279e-04	
   2.9786423e-04	
   3.3783024e-04	
   3.1962037e-04	
   2.6026262e-04	
   1.8983689e-04	
   1.2605460e-04	
   7.1526422e-05	
   1.6731466e-05	
  -4.9555968e-05	
  -1.2194722e-04	
  -1.8853901e-04	
  -2.3359354e-04	
  -2.4000960e-04	
  -2.0838778e-04	
  -1.5632919e-04	
  -9.8313041e-05	
  -4.1504107e-05	
   1.1692013e-05	
   5.9942914e-05	
   1.0583753e-04	
   1.6564087e-04	
   2.5113052e-04	
   3.5751765e-04	
   4.6569964e-04	
   5.5625110e-04	
   6.1749767e-04	
   6.5408424e-04	
   6.7440899e-04	
   7.0113657e-04	
   7.6168436e-04	
   8.4934912e-04	
   9.3376973e-04	
   9.9117705e-04	
   1.0210065e-03	
   1.0292117e-03	
   1.0201560e-03	
   9.9558068e-04	
   9.5995784e-04	
   9.3501156e-04	
   9.3900016e-04	
   9.6596851e-04	
   1.0004377e-03	
   1.0238448e-03	
   1.0144125e-03	
   9.5471515e-04	
   8.4974127e-04	
   7.0910837e-04	
   5.4020694e-04	
   3.7079994e-04	
   2.1601766e-04	
   8.0700082e-05	
  -3.7528004e-05	
  -1.3402166e-04	
  -2.0225807e-04	
  -2.4071810e-04	
  -2.6661341e-04	
  -3.1150413e-04	
  -3.9458853e-04	
  -5.1786321e-04	
  -6.7494314e-04	
  -8.3462187e-04	
  -9.6182469e-04	
  -1.0446750e-03	
  -1.0729735e-03	
  -1.0550959e-03	
  -1.0093161e-03	
  -9.4937769e-04	
  -8.7277659e-04	
  -7.7809021e-04	
  -6.7017186e-04	
  -5.5106152e-04	
  -4.3568568e-04	
  -3.3788579e-04	
  -2.5610605e-04	
  -1.9377492e-04	
  -1.6424429e-04	
  -1.7263872e-04	
  -2.1256445e-04	
  -2.6565891e-04	
  -3.0872077e-04	
  -3.2551200e-04	
  -3.0552238e-04	
  -2.6483717e-04	
  -2.1978934e-04	
  -1.7346593e-04	
  -1.2579651e-04	
  -8.8172682e-05	
  -7.1924325e-05	
  -8.2007355e-05	
  -1.1871418e-04	
  -1.7562771e-04	
  -2.4496765e-04	
  -3.2845459e-04	
  -4.2090304e-04	
  -4.9888381e-04	
  -5.3072892e-04	
  -5.1345084e-04	
  -4.7779647e-04	
  -4.5819280e-04	
  -4.7218319e-04	
  -5.2641050e-04	
  -6.0653598e-04	
  -6.9406135e-04	
  -7.8428928e-04	
  -8.6698324e-04	
  -9.2273369e-04	
  -9.4013661e-04	
  -9.1941585e-04	
  -8.7098491e-04	
  -8.1048279e-04	
  -7.3931841e-04	
  -6.4912153e-04	
  -5.3983569e-04	
  -4.1809419e-04	
  -3.0508406e-04	
  -2.0885453e-04	
  -1.2426112e-04	
  -5.4264478e-05	
  -6.7723246e-07	
   3.7654574e-05	
   6.0226495e-05	
   6.8511700e-05	
   7.7687713e-05	
   1.0068259e-04	
   1.4016182e-04	
   1.8749652e-04	
   2.2683245e-04	
   2.5492900e-04	
   2.7906343e-04	
   3.0178117e-04	
   3.2730482e-04	
   3.5155396e-04	
   3.7924388e-04	
   4.4171481e-04	
   5.7016175e-04	
   7.6844879e-04	
   1.0184346e-03	
   1.2815143e-03	
   1.5126044e-03	
   1.6805437e-03	
   1.7834554e-03	
   1.8379567e-03	
   1.8575435e-03	
   1.8546586e-03	
   1.8296527e-03	
   1.7831156e-03	
   1.7227572e-03	
   1.6653369e-03	
   1.6274812e-03	
   1.5943240e-03	
   1.5382974e-03	
   1.4451864e-03	
   1.3097964e-03	
   1.1582086e-03	
   1.0353498e-03	
   9.4256473e-04	
   8.5998237e-04	
   7.7253731e-04	
   6.8964718e-04	
   6.2400483e-04	
   5.6229412e-04	
   4.9311726e-04	
   4.0549883e-04	
   2.8752656e-04	
   1.3549275e-04	
  -4.4764794e-05	
  -2.4728572e-04	
  -4.6305599e-04	
  -6.6608147e-04	
  -8.2367816e-04	
  -9.2708421e-04	
  -9.6069886e-04	
  -9.3064960e-04	
  -8.6247014e-04	
  -7.8547254e-04	
  -7.1559649e-04	
  -6.5079336e-04	
  -5.8128504e-04	
  -5.1422143e-04	
  -4.7124903e-04	
  -4.5754361e-04	
  -4.6689981e-04	
  -4.7675561e-04	
  -4.6449179e-04	
  -4.1585570e-04	
  -3.3382914e-04	
  -2.4972275e-04	
  -1.9149500e-04	
  -1.7349755e-04	
  -1.9842422e-04	
  -2.6204409e-04	
  -3.7158083e-04	
  -5.3985865e-04	
  -7.6278257e-04	
  -1.0239559e-03	
  -1.2879515e-03	
  -1.5056272e-03	
  -1.6569528e-03	
  -1.7372786e-03	
  -1.7480940e-03	
  -1.7062457e-03	
  -1.6272230e-03	
  -1.5192687e-03	
  -1.3879229e-03	
  -1.2405990e-03	
  -1.0953601e-03	
  -9.7480518e-04	
  -8.8628814e-04	
  -8.4406476e-04	
  -8.4675432e-04	
  -8.7303803e-04	
  -9.0492963e-04	
  -9.3393558e-04	
  -9.5426826e-04	
  -9.4805906e-04	
  -8.9979151e-04	
  -8.0378094e-04	
  -6.6703066e-04	
  -5.0853724e-04	
  -3.4068344e-04	
  -1.5163577e-04	
   8.1462204e-05	
   3.6478740e-04	
   6.8503244e-04	
   1.0111290e-03	
   1.3156829e-03	
   1.5750788e-03	
   1.7777830e-03	
   1.9295048e-03	
   2.0301707e-03	
   2.0842969e-03	
   2.1077187e-03	
   2.0937741e-03	
   2.0265775e-03	
   1.9041476e-03	
   1.7289354e-03	
   1.5096428e-03	
   1.2671735e-03	
   1.0197353e-03	
   7.7762803e-04	
   5.5969582e-04	
   3.7385610e-04	
   2.1726742e-04	
   9.0115182e-05	
  -1.0505419e-06	
  -5.4981853e-05	
  -7.6325390e-05	
  -7.1052701e-05	
  -4.5201121e-05	
  -4.1642653e-06	
   4.5748070e-05	
   9.6185737e-05	
   1.3372558e-04	
   1.4515467e-04	
   1.2919286e-04	
   8.8883636e-05	
   3.8921725e-05	
  -6.4221396e-06	
  -3.9185501e-05	
  -5.5069476e-05	
  -5.3006650e-05	
  -3.3868253e-05	
  -1.0479398e-06	
   3.9557751e-05	
   7.7341076e-05	
   1.0226855e-04	
   1.1702528e-04	
   1.2221462e-04	
   1.0843044e-04	
   6.4081893e-05	
  -9.3579670e-06	
  -1.0793068e-04	
  -2.2783654e-04	
  -3.5862207e-04	
  -4.8313458e-04	
  -5.9076208e-04	
  -6.7596930e-04	
  -7.3766481e-04	
  -7.8742043e-04	
  -8.3072560e-04	
  -8.5645048e-04	
  -8.4211131e-04	
  -7.7355210e-04	
  -6.5419404e-04	
  -5.0238915e-04	
  -3.3827860e-04	
  -1.7933706e-04	
  -2.9734601e-05	
   1.1619333e-04	
   2.6352735e-04	
   4.0710048e-04	
   5.2857245e-04	
   6.0899327e-04	
   6.3442313e-04	
   6.1229346e-04	
   5.6835610e-04	
   5.2640879e-04	
   4.9536426e-04	
   4.6392822e-04	
   4.3036227e-04	
   3.9781723e-04	
   3.6900932e-04	
   3.5029520e-04	
   3.4635620e-04	
   3.4831047e-04	
   3.4818007e-04	
   3.4732557e-04	
   3.4851954e-04	
   3.4819764e-04	
   3.6365806e-04	
   4.1680309e-04	
   5.1024632e-04	
   6.3163896e-04	
   7.4682093e-04	
   8.2939307e-04	
   8.6841381e-04	
   8.6526673e-04	
   8.2504010e-04	
   7.4415816e-04	
   6.1917423e-04	
   4.5210002e-04	
   2.7139024e-04	
   9.9451449e-05	
  -4.4795987e-05	
  -1.4825241e-04	
  -2.1006206e-04	
  -2.4700966e-04	
  -2.7493161e-04	
  -2.9687100e-04	
  -3.0718824e-04	
  -3.0960264e-04	
  -3.1676879e-04	
  -3.2838155e-04	
  -3.3177659e-04	
  -3.2202455e-04	
  -3.0891317e-04	
  -3.1013745e-04	
  -3.3174873e-04	
  -3.6050893e-04	
  -3.7611592e-04	
  -3.8469434e-04	
  -4.0292054e-04	
  -4.3566378e-04	
  -4.8270566e-04	
  -5.2889279e-04	
  -5.5653166e-04	
  -5.5058357e-04	
  -5.0426220e-04	
  -4.3449522e-04	
  -3.6380405e-04	
  -2.9592255e-04	
  -2.2003068e-04	
  -1.3539414e-04	
  -5.5891656e-05	
   6.8533931e-06	
   4.4763405e-05	
   5.6324772e-05	
   5.7600641e-05	
   6.5971794e-05	
   9.0360282e-05	
   1.3590141e-04	
   2.1461716e-04	
   3.2811790e-04	
   4.5678764e-04	
   5.6227942e-04	
   6.0966787e-04	
   5.9089811e-04	
   5.2837792e-04	
   4.6793152e-04	
   4.5169879e-04	
   4.9126766e-04	
   5.6567168e-04	
   6.5257360e-04	
   7.5916147e-04	
   8.8820809e-04	
   1.0255597e-03	
   1.1541097e-03	
   1.2590697e-03	
   1.3349371e-03	
   1.3717397e-03	
   1.3645632e-03	
   1.3176739e-03	
   1.2436399e-03	
   1.1593304e-03	
   1.0688868e-03	
   9.6325362e-04	
   8.2686037e-04	
   6.5184549e-04	
   4.6166652e-04	
   2.9451224e-04	
   1.6500034e-04	
   6.7977031e-05	
   1.0865839e-06	
  -4.2674778e-05	
  -7.5632411e-05	
  -1.1018658e-04	
  -1.5514242e-04	
  -2.1249884e-04	
  -2.7410203e-04	
  -3.2565988e-04	
  -3.5870932e-04	
  -3.5999487e-04	
  -3.3097953e-04	
  -3.0155682e-04	
  -2.9493520e-04	
  -3.1486298e-04	
  -3.4686144e-04	
  -3.6288272e-04	
  -3.4946758e-04	
  -3.2110780e-04	
  -2.9295128e-04	
  -2.8222456e-04	
  -2.9625556e-04	
  -3.2377244e-04	
  -3.4866758e-04	
  -3.7605342e-04	
  -4.0863121e-04	
  -4.5181734e-04	
  -5.1212730e-04	
  -5.7891435e-04	
  -6.3647527e-04	
  -6.6731955e-04	
  -6.5653859e-04	
  -6.0610640e-04	
  -5.2080057e-04	
  -4.1122380e-04	
  -3.0580457e-04	
  -2.2116827e-04	
  -1.5405818e-04	
  -9.3924363e-05	
  -4.1412578e-05	
   1.4120227e-06	
   3.4254285e-05	
   5.5766900e-05	
   6.1677953e-05	
   5.0319389e-05	
   3.6270854e-05	
   3.6036195e-05	
   5.9901165e-05	
   1.1687250e-04	
   2.2498432e-04	
   3.9109537e-04	
   6.0274551e-04	
   8.3879429e-04	
   1.0705061e-03	
   1.2694816e-03	
   1.4089524e-03	
   1.4741662e-03	
   1.4617878e-03	
   1.3757594e-03	
   1.2271675e-03	
   1.0377003e-03	
   8.3993482e-04	
   6.5974833e-04	
   4.9926037e-04	
   3.4811046e-04	
   2.0908656e-04	
   8.8260020e-05	
  -2.1507827e-05	
  -1.3610526e-04	
  -2.7058689e-04	
  -4.2923865e-04	
  -6.0199893e-04	
  -7.7555318e-04	
  -9.3003685e-04	
  -1.0371096e-03	
  -1.0737406e-03	
  -1.0306463e-03	
  -9.2527292e-04	
  -7.8285014e-04	
  -6.1988674e-04	
  -4.5880187e-04	
  -3.2116017e-04	
  -2.2298406e-04	
  -1.6175399e-04	
  -1.2305139e-04	
  -1.0069460e-04	
  -8.6861479e-05	
  -6.9263789e-05	
  -3.5101269e-05	
   2.6173959e-05	
   1.1909899e-04	
   2.3881825e-04	
   3.6624370e-04	
   4.7037844e-04	
   5.2397543e-04	
   5.1267739e-04	
   4.5204994e-04	
   3.8703169e-04	
   3.6243395e-04	
   4.0208835e-04	
   5.1375934e-04	
   6.7808810e-04	
   8.5678300e-04	
   1.0000031e-03	
   1.0663917e-03	
   1.0460868e-03	
   9.5832058e-04	
   8.2517327e-04	
   6.5424527e-04	
   4.5921201e-04	
   2.6802273e-04	
   1.0540860e-04	
  -2.3632093e-05	
  -1.2915185e-04	
  -2.2686538e-04	
  -3.2775556e-04	
  -4.3672359e-04	
  -5.5655535e-04	
  -6.7968763e-04	
  -8.0141597e-04	
  -8.9816241e-04	
  -9.4903945e-04	
  -9.4559825e-04	
  -8.8926528e-04	
  -7.8627492e-04	
  -6.3723312e-04	
  -4.5132436e-04	
  -2.4177906e-04	
  -2.3753785e-05	
   1.9332491e-04	
   3.9891708e-04	
   5.7475305e-04	
   7.0352752e-04	
   7.7114800e-04	
   7.7966702e-04	
   7.4259695e-04	
   6.6782422e-04	
   5.7339911e-04	
   4.8396000e-04	
   4.0024789e-04	
   3.1290765e-04	
   2.1541537e-04	
   1.1055170e-04	
   1.1140056e-05	
  -7.3566226e-05	
  -1.3849898e-04	
  -1.7670444e-04	
  -1.8234051e-04	
  -1.6217466e-04	
  -1.2115032e-04	
  -5.6586498e-05	
   3.7600816e-05	
   1.6661571e-04	
   3.2639844e-04	
   5.0769540e-04	
   7.1394190e-04	
   9.2677784e-04	
   1.1145710e-03	
   1.2629341e-03	
   1.3574986e-03	
   1.3690641e-03	
   1.2702790e-03	
   1.0840757e-03	
   8.6012535e-04	
   6.4193782e-04	
   4.5147395e-04	
   2.9393887e-04	
   1.6375352e-04	
   4.0750996e-05	
  -8.4106637e-05	
  -2.0011304e-04	
  -2.8786962e-04	
  -3.3264702e-04	
  -3.4611617e-04	
  -3.4223215e-04	
  -3.3456624e-04	
  -3.2970068e-04	
  -3.3239359e-04	
  -3.3959340e-04	
  -3.4692761e-04	
  -3.4283150e-04	
  -3.2224261e-04	
  -2.9006547e-04	
  -2.4012970e-04	
  -1.6544716e-04	
  -8.8438698e-05	
  -3.6246556e-05	
  -2.3304353e-05	
  -4.0647482e-05	
  -7.0850166e-05	
  -9.5303213e-05	
  -1.0004190e-04	
  -9.0339285e-05	
  -7.6076246e-05	
  -6.5039295e-05	
  -6.3089083e-05	
  -7.3470155e-05	
  -9.6545870e-05	
  -1.2901705e-04	
  -1.6374200e-04	
  -1.8838558e-04	
  -1.9193176e-04	
  -1.7756555e-04	
  -1.5495075e-04	
  -1.4664415e-04	
  -1.7365735e-04	
  -2.4517721e-04	
  -3.6204309e-04	
  -5.2444227e-04	
  -7.1688008e-04	
  -9.1412741e-04	
  -1.0786630e-03	
  -1.1650093e-03	
  -1.1538352e-03	
  -1.0618508e-03	
  -9.2710954e-04	
  -7.7775434e-04	
  -6.3765796e-04	
  -5.1966666e-04	
  -4.2491770e-04	
  -3.5164709e-04	
  -2.9477090e-04	
  -2.3829055e-04	
  -1.7474037e-04	
  -1.1059173e-04	
  -4.9392544e-05	
   1.0180114e-05	
   7.0033771e-05	
   1.3471954e-04	
   2.2155136e-04	
   3.3986873e-04	
   4.8506630e-04	
   6.4987154e-04	
   8.2968392e-04	
   1.0176274e-03	
   1.1861132e-03	
   1.3309208e-03	
   1.4536587e-03	
   1.5512020e-03	
   1.6088977e-03	
   1.6225146e-03	
   1.5878240e-03	
   1.5005128e-03	
   1.3669554e-03	
   1.1874940e-03	
   9.8531099e-04	
   8.0344956e-04	
   6.7276298e-04	
   5.8842186e-04	
   5.3882841e-04	
   5.1173261e-04	
   5.0511965e-04	
   5.1752211e-04	
   5.4188726e-04	
   5.6764188e-04	
   5.7912808e-04	
   5.6265883e-04	
   5.2051830e-04	
   4.5810808e-04	
   3.7930908e-04	
   2.8980085e-04	
   2.0074237e-04	
   1.2668018e-04	
   6.9864799e-05	
   1.7899326e-05	
  -4.4986267e-05	
  -1.1974442e-04	
  -2.0155374e-04	
  -2.8709772e-04	
  -3.8868636e-04	
  -5.2700193e-04	
  -7.0764120e-04	
  -9.2539711e-04	
  -1.1640395e-03	
  -1.4105987e-03	
  -1.6552837e-03	
  -1.8615615e-03	
  -2.0034850e-03	
  -2.0681448e-03	
  -2.0392908e-03	
  -1.9285604e-03	
  -1.7823149e-03	
  -1.6500418e-03	
  -1.5488392e-03	
  -1.4768174e-03	
  -1.4262034e-03	
  -1.3875724e-03	
  -1.3560288e-03	
  -1.3282239e-03	
  -1.2920847e-03	
  -1.2428106e-03	
  -1.1930537e-03	
  -1.1616515e-03	
  -1.1420492e-03	
  -1.1131699e-03	
  -1.0495868e-03	
  -9.3179013e-04	
  -7.6638187e-04	
  -5.7864009e-04	
  -4.0787075e-04	
  -2.8886081e-04	
  -2.3260202e-04	
  -2.2583089e-04	
  -2.4256444e-04	
  -2.6091614e-04	
  -2.5740990e-04	
  -2.2257556e-04	
  -1.6359861e-04	
  -8.5498641e-05	
   1.1229224e-05	
   1.2633279e-04	
   2.5396273e-04	
   3.8231809e-04	
   5.0647129e-04	
   6.2687217e-04	
   7.4055462e-04	
   8.3954675e-04	
   9.2423043e-04	
   9.9708069e-04	
   1.0425770e-03	
   1.0447273e-03	
   1.0061502e-03	
   9.3375093e-04	
   8.3491109e-04	
   7.2136770e-04	
   6.1486538e-04	
   5.4023782e-04	
   4.9569547e-04	
   4.7148482e-04	
   4.7396891e-04	
   5.1087941e-04	
   5.8978699e-04	
   7.2906899e-04	
   9.3066349e-04	
   1.1565068e-03	
   1.3611563e-03	
   1.5082179e-03	
   1.5596947e-03	
   1.5050986e-03	
   1.3658091e-03	
   1.1751426e-03	
   9.7195957e-04	
   7.8150503e-04	
   6.0465680e-04	
   4.4303100e-04	
   3.1045632e-04	
   2.1628776e-04	
   1.4839808e-04	
   8.1081711e-05	
   3.1607156e-06	
  -7.6978516e-05	
  -1.4611694e-04	
  -1.9513105e-04	
  -2.2827103e-04	
  -2.5308462e-04	
  -2.8455440e-04	
  -3.2985901e-04	
  -3.7786291e-04	
  -4.1028180e-04	
  -4.3347267e-04	
  -4.6315371e-04	
  -4.9431605e-04	
  -5.0726198e-04	
  -5.0166553e-04	
  -4.8166611e-04	
  -4.4098588e-04	
  -3.9368705e-04	
  -3.6011522e-04	
  -3.4782190e-04	
  -3.6030362e-04	
  -3.9052690e-04	
  -4.2815359e-04	
  -4.5247355e-04	
  -4.4603862e-04	
  -4.0129496e-04	
  -3.2738089e-04	
  -2.5955289e-04	
  -2.2572999e-04	
  -2.3519673e-04	
  -2.8013427e-04	
  -3.3585685e-04	
  -3.6615317e-04	
  -3.5107299e-04	
  -3.0083280e-04	
  -2.2884064e-04	
  -1.5482959e-04	
  -9.4108678e-05	
  -5.2811583e-05	
  -3.1410929e-05	
  -2.6177309e-05	
  -3.1386583e-05	
  -4.0243516e-05	
  -4.5989232e-05	
  -4.2365576e-05	
  -2.4466617e-05	
   1.0622503e-05	
   6.2367354e-05	
   1.2555035e-04	
   1.8751915e-04	
   2.3223070e-04	
   2.5711415e-04	
   2.7717517e-04	
   3.1414998e-04	
   3.7973114e-04	
   4.7863814e-04	
   5.9678116e-04	
   7.0952381e-04	
   7.8917600e-04	
   8.2658423e-04	
   8.4214644e-04	
   8.4739975e-04	
   8.3725016e-04	
   8.0994749e-04	
   7.7367122e-04	
   7.4037398e-04	
   7.1268127e-04	
   6.9900935e-04	
   7.1449044e-04	
   7.5948157e-04	
   8.1850165e-04	
   8.7981178e-04	
   9.3310469e-04	
   9.5397495e-04	
   9.1726224e-04	
   8.1111842e-04	
   6.5376667e-04	
   4.7843218e-04	
   3.1288330e-04	
   1.7609928e-04	
   6.5417582e-05	
  -3.4158321e-05	
  -1.2790127e-04	
  -2.1653515e-04	
  -3.0256819e-04	
  -3.9540316e-04	
  -4.9818332e-04	
  -6.0726017e-04	
  -7.0582811e-04	
  -7.8515792e-04	
  -8.3918073e-04	
  -8.6813195e-04	
  -8.6220869e-04	
  -8.0722696e-04	
  -7.1430212e-04	
  -6.0015652e-04	
  -4.9182975e-04	
  -4.1765432e-04	
  -3.9825139e-04	
  -4.2859795e-04	
  -4.8626565e-04	
  -5.6009051e-04	
  -6.2632323e-04	
  -6.6027195e-04	
  -6.6147572e-04	
  -6.5182981e-04	
  -6.4639667e-04	
  -6.3949449e-04	
  -6.2748059e-04	
  -5.8724032e-04	
  -4.9847784e-04	
  -3.8340699e-04	
  -2.7554534e-04	
  -1.9206085e-04	
  -1.3278440e-04	
  -9.1033081e-05	
  -7.1229794e-05	
  -7.7143738e-05	
  -1.0663370e-04	
  -1.5233929e-04	
  -2.0097081e-04	
  -2.3216076e-04	
  -2.2352515e-04	
  -1.7105210e-04	
  -9.0111750e-05	
   3.4110559e-06	
   9.5281726e-05	
   1.7420221e-04	
   2.4702738e-04	
   3.3311214e-04	
   4.3680742e-04	
   5.4193759e-04	
   6.2579561e-04	
   6.6750893e-04	
   6.5798982e-04	
   5.9167165e-04	
   4.7528191e-04	
   3.1816660e-04	
   1.3217622e-04	
  -6.5341168e-05	
  -2.6231166e-04	
  -4.4683282e-04	
  -6.0107000e-04	
  -7.1750100e-04	
  -8.0823326e-04	
  -8.8790906e-04	
  -9.7328556e-04	
  -1.0631605e-03	
  -1.1316553e-03	
  -1.1518001e-03	
  -1.1192965e-03	
  -1.0529594e-03	
  -9.6885497e-04	
  -8.6409842e-04	
  -7.3530588e-04	
  -5.9286569e-04	
  -4.5363410e-04	
  -3.2166891e-04	
  -2.1156811e-04	
  -1.2898477e-04	
  -6.4152115e-05	
  -5.3878421e-07	
   7.9275503e-05	
   1.8659496e-04	
   3.1959896e-04	
   4.6336032e-04	
   5.9673541e-04	
   6.8467607e-04	
   7.0726971e-04	
   6.6959253e-04	
   5.9337999e-04	
   4.9686966e-04	
   3.9728096e-04	
   3.2257701e-04	
   2.8040911e-04	
   2.5536920e-04	
   2.3473015e-04	
   2.1119001e-04	
   1.7182719e-04	
   1.1565305e-04	
   5.6938920e-05	
   7.0111680e-06	
  -2.9115331e-05	
  -5.0466065e-05	
  -5.8594611e-05	
  -5.6502004e-05	
  -4.8057468e-05	
  -3.7881112e-05	
  -3.1276419e-05	
  -3.4306704e-05	
  -5.3158146e-05	
  -9.3197968e-05	
  -1.5608899e-04	
  -2.4276444e-04	
  -3.6279923e-04	
  -5.1376931e-04	
  -6.7405082e-04	
  -8.1589860e-04	
  -9.1053751e-04	
  -9.4217911e-04	
  -9.1031039e-04	
  -8.2758178e-04	
  -7.1523129e-04	
  -5.8474103e-04	
  -4.4441074e-04	
  -3.1322571e-04	
  -2.0058224e-04	
  -1.1457126e-04	
  -5.6336733e-05	
  -1.7665256e-05	
   6.2976533e-06	
   6.9785411e-06	
  -1.1548744e-05	
  -4.0363419e-05	
  -7.2855607e-05	
  -1.0244788e-04	
  -1.2231266e-04	
  -1.2321455e-04	
  -9.9367053e-05	
  -6.2067016e-05	
  -2.5658677e-05	
  -2.1717478e-06	
   3.3611829e-06	
   5.7702038e-06	
   2.3336674e-05	
   6.9070977e-05	
   1.4795502e-04	
   2.5371625e-04	
   3.6453935e-04	
   4.4611370e-04	
   4.6742253e-04	
   4.1776429e-04	
   3.3322088e-04	
   2.6279303e-04	
   2.3479240e-04	
   2.5369656e-04	
   2.9899210e-04	
   3.3953948e-04	
   3.6059994e-04	
   3.4865083e-04	
   3.1293535e-04	
   2.7371330e-04	
   2.3520441e-04	
   1.8841344e-04	
   1.3384919e-04	
   8.4485480e-05	
   4.7776526e-05	
   2.2891458e-05	
   2.8994178e-06	
  -1.6773672e-05	
  -2.3218307e-05	
  -2.8393977e-07	
   6.3628181e-05	
   1.7306977e-04	
   3.2127634e-04	
   4.8377715e-04	
   6.2400156e-04	
   7.2698041e-04	
   7.9852657e-04	
   8.4309089e-04	
   8.7366303e-04	
   9.0518126e-04	
   9.4290787e-04	
   9.9961094e-04	
   1.0707823e-03	
   1.1370949e-03	
   1.1764106e-03	
   1.1741908e-03	
   1.1170555e-03	
   1.0017123e-03	
   8.2721005e-04	
   5.9483311e-04	
   3.2086090e-04	
   3.6145150e-05	
  -2.3788311e-04	
  -4.9298189e-04	
  -7.2935878e-04	
  -9.3935555e-04	
  -1.1196405e-03	
  -1.2575027e-03	
  -1.3387607e-03	
  -1.3680020e-03	
  -1.3616457e-03	
  -1.3304183e-03	
  -1.2921296e-03	
  -1.2709089e-03	
  -1.2818763e-03	
  -1.3387762e-03	
  -1.4373685e-03	
  -1.5524667e-03	
  -1.6543245e-03	
  -1.7176257e-03	
  -1.7320375e-03	
  -1.6875682e-03	
  -1.5682078e-03	
  -1.3638050e-03	
  -1.0905136e-03	
  -7.8875819e-04	
  -5.1121487e-04	
  -2.7709625e-04	
  -7.5372605e-05	
   1.0425443e-04	
   2.7156859e-04	
   4.2830236e-04	
   5.6166716e-04	
   6.6097498e-04	
   7.3025780e-04	
   7.6727272e-04	
   7.6013206e-04	
   7.0603751e-04	
   6.1933004e-04	
   5.2061944e-04	
   4.1294097e-04	
   3.0961833e-04	
   2.2578914e-04	
   1.6310204e-04	
   1.2282026e-04	
   1.0228914e-04	
   1.0522854e-04	
   1.3018315e-04	
   1.6392770e-04	
   1.8817454e-04	
   1.9895813e-04	
   2.0623882e-04	
   2.1153829e-04	
   2.0808059e-04	
   1.9431487e-04	
   1.6551693e-04	
   1.2799122e-04	
   1.0005783e-04	
   9.1803431e-05	
   9.9877678e-05	
   1.0948993e-04	
   9.5479522e-05	
   3.2209277e-05	
  -8.8127829e-05	
  -2.6304451e-04	
  -4.7929918e-04	
  -7.0227572e-04	
  -8.8009283e-04	
  -9.7456417e-04	
  -9.7405191e-04	
  -8.9632661e-04	
  -7.5945983e-04	
  -5.9219730e-04	
  -4.3300453e-04	
  -3.0172937e-04	
  -2.0843157e-04	
  -1.5312010e-04	
  -1.3893085e-04	
  -1.6223071e-04	
  -2.1396821e-04	
  -2.9468847e-04	
  -3.9742973e-04	
  -5.0408271e-04	
  -6.0123022e-04	
  -6.8132604e-04	
  -7.3646594e-04	
  -7.6012454e-04	
  -7.6218314e-04	
  -7.7214172e-04	
  -8.2219285e-04	
  -9.0934224e-04	
  -1.0056494e-03	
  -1.0827072e-03	
  -1.1139052e-03	
  -1.0797088e-03	
  -9.8260508e-04	
  -8.3525995e-04	
  -6.6003894e-04	
  -4.8393631e-04	
  -3.1267244e-04	
  -1.4862374e-04	
  -1.9641007e-06	
   1.2114419e-04	
   2.1464134e-04	
   2.7204172e-04	
   2.9434631e-04	
   2.7870354e-04	
   2.2977806e-04	
   1.6688565e-04	
   1.1760364e-04	
   9.9644506e-05	
   1.1550958e-04	
   1.5487411e-04	
   1.9356969e-04	
   2.0643891e-04	
   2.0100970e-04	
   2.0284035e-04	
   2.2655631e-04	
   2.6997046e-04	
   3.1164604e-04	
   3.2269278e-04	
   3.0083435e-04	
   2.5660892e-04	
   1.9261380e-04	
   1.2098013e-04	
   6.4690902e-05	
   4.0442799e-05	
   4.7213621e-05	
   6.1597004e-05	
   6.6356560e-05	
   5.1253082e-05	
   2.0771980e-05	
  -1.7328423e-05	
  -5.8097630e-05	
  -9.6557145e-05	
  -1.2727504e-04	
  -1.4190890e-04	
  -1.3500876e-04	
  -1.1720273e-04	
  -1.0078749e-04	
  -9.3036692e-05	
  -9.6727163e-05	
  -1.1008895e-04	
  -1.2614447e-04	
  -1.3872170e-04	
  -1.5592943e-04	
  -1.8506055e-04	
  -2.2496136e-04	
  -2.6520032e-04	
  -2.9000477e-04	
  -2.9833703e-04	
  -3.0139204e-04	
  -3.0790941e-04	
  -3.2965476e-04	
  -3.7289195e-04	
  -4.4209586e-04	
  -5.3002221e-04	
  -6.2546734e-04	
  -7.2224091e-04	
  -8.2592654e-04	
  -9.3549850e-04	
  -1.0291390e-03	
  -1.0741589e-03	
  -1.0561939e-03	
  -9.7817204e-04	
  -8.6091048e-04	
  -7.2046704e-04	
  -5.7339723e-04	
  -4.3251277e-04	
  -2.9973197e-04	
  -1.6894245e-04	
  -5.5057540e-05	
   2.4879554e-05	
   6.5589871e-05	
   8.0662590e-05	
   8.5574214e-05	
   8.8217617e-05	
   8.7847598e-05	
   8.0468136e-05	
   7.3104466e-05	
   6.9975323e-05	
   6.6084499e-05	
   5.4696124e-05	
   4.1991635e-05	
   3.3585939e-05	
   2.8898213e-05	
   2.2508219e-05	
   5.6344389e-06	
  -3.3132855e-05	
  -9.8749074e-05	
  -1.7436618e-04	
  -2.3117219e-04	
  -2.4667322e-04	
  -2.2919938e-04	
  -1.9633662e-04	
  -1.6888640e-04	
  -1.4433825e-04	
  -1.1121674e-04	
  -7.2729258e-05	
  -3.3506028e-05	
   3.9590219e-06	
   3.6861480e-05	
   6.0384854e-05	
   6.5777936e-05	
   4.5910743e-05	
   9.4217747e-06	
  -3.3180976e-05	
  -7.4619086e-05	
  -1.0937253e-04	
  -1.3142450e-04	
  -1.3912889e-04	
  -1.4727258e-04	
  -1.7118519e-04	
  -2.1770338e-04	
  -2.8308454e-04	
  -3.5492719e-04	
  -4.2989674e-04	
  -5.0800831e-04	
  -5.8105440e-04	
  -6.5023649e-04	
  -7.0038689e-04	
  -7.1090920e-04	
  -6.7552289e-04	
  -5.9399936e-04	
  -4.8230084e-04	
  -3.6269890e-04	
  -2.5625491e-04	
  -1.6822643e-04	
  -9.4006389e-05	
  -3.9077290e-05	
  -9.1009715e-06	
  -6.5540050e-06	
  -3.2818759e-05	
  -8.7850948e-05	
  -1.6864195e-04	
  -2.6639886e-04	
  -3.6262471e-04	
  -4.3128948e-04	
  -4.5553069e-04	
  -4.3130222e-04	
  -3.6541085e-04	
  -2.7627231e-04	
  -1.8925470e-04	
  -1.1909197e-04	
  -6.7215113e-05	
  -2.6136982e-05	
   1.6315090e-05	
   7.2464199e-05	
   1.4928453e-04	
   2.4918083e-04	
   3.7848685e-04	
   5.2582455e-04	
   6.6163201e-04	
   7.6629134e-04	
   8.2202292e-04	
   8.2211360e-04	
   7.7416150e-04	
   6.9964759e-04	
   6.2167956e-04	
   5.3954468e-04	
   4.5442529e-04	
   3.6711691e-04	
   2.7583587e-04	
   1.8349085e-04	
   9.7346857e-05	
   1.5503964e-05	
  -7.2722469e-05	
  -1.7943510e-04	
  -3.1110184e-04	
  -4.6176570e-04	
  -6.0519259e-04	
  -7.0080871e-04	
  -7.2844880e-04	
  -6.9700598e-04	
  -6.3499765e-04	
  -5.6982580e-04	
  -5.2221455e-04	
  -5.0214961e-04	
  -4.9624073e-04	
  -4.8523362e-04	
  -4.5205901e-04	
  -3.9178990e-04	
  -3.2195699e-04	
  -2.5800909e-04	
  -2.1704839e-04	
  -2.0749275e-04	
  -2.2283299e-04	
  -2.4917577e-04	
  -2.8461600e-04	
  -3.3838825e-04	
  -4.0724337e-04	
  -4.7320648e-04	
  -5.2102729e-04	
  -5.4206708e-04	
  -5.3188367e-04	
  -4.9026315e-04	
  -4.2121914e-04	
  -3.3584231e-04	
  -2.4824169e-04	
  -1.6580280e-04	
  -1.0067148e-04	
  -6.0175506e-05	
  -4.3041513e-05	
  -4.2972370e-05	
  -4.9967998e-05	
  -5.2293196e-05	
  -3.7404147e-05	
   5.8634374e-06	
   8.5434262e-05	
   2.0143919e-04	
   3.4805099e-04	
   5.2066814e-04	
   6.9981499e-04	
   8.6210003e-04	
   9.9712154e-04	
   1.1091617e-03	
   1.2214697e-03	
   1.3522134e-03	
   1.4988323e-03	
   1.6353815e-03	
   1.7325294e-03	
   1.7711915e-03	
   1.7377851e-03	
   1.6457043e-03	
   1.5091028e-03	
   1.3409380e-03	
   1.1693165e-03	
   1.0100122e-03	
   8.6899061e-04	
   7.6594616e-04	
   7.2002725e-04	
   7.3451846e-04	
   8.0800941e-04	
   9.2053678e-04	
   1.0311104e-03	
   1.1016967e-03	
   1.1204575e-03	
   1.0985946e-03	
   1.0482788e-03	
   9.7654866e-04	
   8.8721298e-04	
   7.8442654e-04	
   6.7162269e-04	
   5.4275516e-04	
   4.0483298e-04	
   2.7874953e-04	
   1.7271421e-04	
   9.1190926e-05	
   2.8980305e-05	
  -3.0686692e-05	
  -1.0249592e-04	
  -1.8147057e-04	
  -2.5045339e-04	
  -2.9629175e-04	
  -3.3228215e-04	
  -3.7338003e-04	
  -4.3314440e-04	
  -5.0772179e-04	
  -5.7089484e-04	
  -5.9957114e-04	
  -5.9186707e-04	
  -5.5238653e-04	
  -4.8661680e-04	
  -4.0317291e-04	
  -3.1694232e-04	
  -2.4588122e-04	
  -2.0046035e-04	
  -1.9426030e-04	
  -2.3215970e-04	
  -3.0332449e-04	
  -3.8711462e-04	
  -4.7017982e-04	
  -5.4996412e-04	
  -6.2355556e-04	
  -6.7495834e-04	
  -7.0671587e-04	
  -7.3530278e-04	
  -7.5966343e-04	
  -7.8021743e-04	
  -7.9630866e-04	
  -8.1059644e-04	
  -8.2080068e-04	
  -8.3149276e-04	
  -8.5437775e-04	
  -8.8542457e-04	
  -9.0509548e-04	
  -8.9773185e-04	
  -8.5957959e-04	
  -7.9182831e-04	
  -6.9724814e-04	
  -5.9886982e-04	
  -5.0317862e-04	
  -4.0586942e-04	
  -3.0572058e-04	
  -2.0926180e-04	
  -1.3121543e-04	
  -7.8759813e-05	
  -5.0298719e-05	
  -3.9044389e-05	
  -3.5942485e-05	
  -3.1623014e-05	
  -1.8228610e-05	
   9.3101643e-06	
   5.1581262e-05	
   1.0366194e-04	
   1.5278995e-04	
   1.8363537e-04	
   1.9075471e-04	
   1.6945846e-04	
   1.2934777e-04	
   9.4732702e-05	
   8.3735474e-05	
   1.0239869e-04	
   1.4506219e-04	
   1.9329705e-04	
   2.2178715e-04	
   2.1769929e-04	
   1.8712045e-04	
   1.4850053e-04	
   1.1355638e-04	
   8.1410128e-05	
   4.7122714e-05	
   1.6925977e-05	
  -3.9912378e-06	
  -1.6600582e-05	
  -2.5694241e-05	
  -3.8545349e-05	
  -6.2979613e-05	
  -1.0518417e-04	
  -1.6725820e-04	
  -2.4370318e-04	
  -3.2422416e-04	
  -4.0468289e-04	
  -4.6841608e-04	
  -4.8930326e-04	
  -4.6458983e-04	
  -4.0541444e-04	
  -3.3060469e-04	
  -2.6259581e-04	
  -2.0959089e-04	
  -1.6242115e-04	
  -1.0523426e-04	
  -3.4332791e-05	
   5.1182182e-05	
   1.4941770e-04	
   2.5605352e-04	
   3.7156678e-04	
   4.8770864e-04	
   5.8855855e-04	
   6.4408514e-04	
   6.4070447e-04	
   5.8572282e-04	
   4.9180606e-04	
   3.8777606e-04	
   3.0038811e-04	
   2.3799668e-04	
   2.0246869e-04	
   1.8538735e-04	
   1.7960470e-04	
   1.6761874e-04	
   1.3055717e-04	
   7.9507221e-05	
   2.9299499e-05	
  -1.2363816e-05	
  -4.1728030e-05	
  -5.8015505e-05	
  -6.1845094e-05	
  -5.4731402e-05	
  -3.8716658e-05	
  -1.6768549e-05	
   6.8611905e-06	
   2.5763899e-05	
   3.1276133e-05	
   1.1833354e-05	
  -3.9969160e-05	
  -1.1123112e-04	
  -1.8674324e-04	
  -2.6684445e-04	
  -3.4798734e-04	
  -4.1889445e-04	
  -4.7600046e-04	
  -5.2629490e-04	
  -5.7531465e-04	
  -6.1625493e-04	
  -6.5411569e-04	
  -6.9571823e-04	
  -7.3853034e-04	
  -7.7619984e-04	
  -8.0886333e-04	
  -8.3429589e-04	
  -8.5296761e-04	
  -8.5942844e-04	
  -8.5485896e-04	
  -8.4709093e-04	
  -8.3481877e-04	
  -8.2252782e-04	
  -8.2066996e-04	
  -8.2526232e-04	
  -8.1837419e-04	
  -7.9045109e-04	
  -7.4207693e-04	
  -6.6618523e-04	
  -5.5145654e-04	
  -4.0881324e-04	
  -2.7061303e-04	
  -1.5652862e-04	
  -6.7863795e-05	
   4.5990458e-06	
   7.4651708e-05	
   1.5373228e-04	
   2.4494836e-04	
   3.4208362e-04	
   4.4517431e-04	
   5.5283114e-04	
   6.4933240e-04	
   7.2656218e-04	
   7.7897837e-04	
   8.0593798e-04	
   8.0261745e-04	
   7.7067961e-04	
   7.2593881e-04	
   6.8991835e-04	
   6.7731596e-04	
   7.0294402e-04	
   7.6848041e-04	
   8.5286957e-04	
   9.2450494e-04	
   9.7293752e-04	
   9.9399243e-04	
   9.6584841e-04	
   8.7743757e-04	
   7.6339181e-04	
   6.7247736e-04	
   6.2947072e-04	
   6.2569961e-04	
   6.4926001e-04	
   6.7992807e-04	
   6.8927692e-04	
   6.6457664e-04	
   6.0937783e-04	
   5.3180491e-04	
   4.5460838e-04	
   4.0298337e-04	
   3.9952509e-04	
   4.5821862e-04	
   5.6851059e-04	
   7.0594454e-04	
   8.4025672e-04	
   9.4960727e-04	
   1.0216863e-03	
   1.0487339e-03	
   1.0247459e-03	
   9.4498877e-04	
   8.0721299e-04	
   6.2245808e-04	
   4.3031218e-04	
   2.6545817e-04	
   1.4012122e-04	
   6.1165007e-05	
   2.3726652e-05	
   1.0131405e-05	
   1.6907259e-06	
  -4.5044078e-06	
  -7.6430742e-06	
  -8.9799820e-06	
  -1.0770225e-05	
  -1.6409837e-05	
  -3.0110993e-05	
  -5.6103014e-05	
  -9.7764181e-05	
  -1.5521047e-04	
  -2.2378684e-04	
  -2.8937527e-04	
  -3.3895149e-04	
  -3.8447652e-04	
  -4.3313623e-04	
  -4.6895726e-04	
  -4.7250599e-04	
  -4.5961119e-04	
  -4.4603249e-04	
  -4.3939984e-04	
  -4.4012999e-04	
  -4.6089429e-04	
  -5.0443312e-04	
  -5.6897498e-04	
  -6.4615370e-04	
  -7.1517982e-04	
  -7.8304254e-04	
  -8.5209669e-04	
  -8.9471631e-04	
  -8.9256025e-04	
  -8.6110983e-04	
  -8.2782117e-04	
  -8.0580081e-04	
  -7.8892600e-04	
  -7.5962095e-04	
  -7.1201468e-04	
  -6.5400008e-04	
  -5.9577339e-04	
  -5.6073169e-04	
  -5.6729890e-04	
  -6.0806058e-04	
  -6.7052505e-04	
  -7.5527540e-04	
  -8.5769640e-04	
  -9.6273973e-04	
  -1.0604848e-03	
  -1.1451170e-03	
  -1.2159272e-03	
  -1.2800470e-03	
  -1.3198455e-03	
  -1.3046763e-03	
  -1.2180302e-03	
  -1.0658190e-03	
  -8.7470308e-04	
  -6.7953452e-04	
  -5.1320206e-04	
  -3.8137078e-04	
  -2.8009677e-04	
  -2.0469649e-04	
  -1.4296479e-04	
  -9.0111669e-05	
  -4.0692801e-05	
   1.3317558e-05	
   7.7378977e-05	
   1.5123021e-04	
   2.2452443e-04	
   2.8005265e-04	
   3.1036841e-04	
   3.2219800e-04	
   3.2690392e-04	
   3.2518806e-04	
   3.1929202e-04	
   3.1935999e-04	
   3.3585375e-04	
   3.5983384e-04	
   3.6210355e-04	
   3.2257660e-04	
   2.4561830e-04	
   1.3481676e-04	
   4.8654180e-06	
  -1.1223423e-04	
  -1.8906213e-04	
  -2.2418750e-04	
  -2.3731530e-04	
  -2.4531740e-04	
  -2.5286942e-04	
  -2.5747208e-04	
  -2.6239352e-04	
  -2.6211411e-04	
  -2.4203674e-04	
  -2.0084907e-04	
  -1.5176943e-04	
  -1.0431015e-04	
  -6.0665869e-05	
  -1.8970863e-05	
   2.4017733e-05	
   6.9832740e-05	
   1.1573410e-04	
   1.5177254e-04	
   1.6456112e-04	
   1.5631367e-04	
   1.4363228e-04	
   1.3654848e-04	
   1.3205759e-04	
   1.2137883e-04	
   1.0503270e-04	
   7.9502973e-05	
   3.8729370e-05	
  -9.2572227e-06	
  -5.5044632e-05	
  -9.2159234e-05	
  -1.1518385e-04	
  -1.1804204e-04	
  -9.9410191e-05	
  -7.5894708e-05	
  -6.7166060e-05	
  -8.8033792e-05	
  -1.4744383e-04	
  -2.4522214e-04	
  -3.6943408e-04	
  -4.9100229e-04	
  -5.7266831e-04	
  -5.9885961e-04	
  -5.7125400e-04	
  -5.1468508e-04	
  -4.5707408e-04	
  -4.0869967e-04	
  -3.7888988e-04	
  -3.7701029e-04	
  -3.9862321e-04	
  -4.4005377e-04	
  -5.0328148e-04	
  -5.9385802e-04	
  -7.1085422e-04	
  -8.2877134e-04	
  -9.1111431e-04	
  -9.4593240e-04	
  -9.6804533e-04	
  -1.0066665e-03	
  -1.0611294e-03	
  -1.1118496e-03	
  -1.1511367e-03	
  -1.1726899e-03	
  -1.1694922e-03	
  -1.1471301e-03	
  -1.1158856e-03	
  -1.0926558e-03	
  -1.0739841e-03	
  -1.0458376e-03	
  -9.9240500e-04	
  -9.0597702e-04	
  -7.9888303e-04	
  -6.8065626e-04	
  -5.6521964e-04	
  -4.6351784e-04	
  -3.8318289e-04	
  -3.2831464e-04	
  -2.9053353e-04	
  -2.6139302e-04	
  -2.2797233e-04	
  -1.8978289e-04	
  -1.6143062e-04	
  -1.5322933e-04	
  -1.6609471e-04	
  -1.9239827e-04	
  -2.1545687e-04	
  -2.1544797e-04	
  -1.8984359e-04	
  -1.5372844e-04	
  -1.1957669e-04	
  -9.2355886e-05	
  -7.1026140e-05	
  -5.0165981e-05	
  -2.1888092e-05	
   2.1765117e-05	
   8.6116947e-05	
   1.7070104e-04	
   2.6548848e-04	
   3.5261736e-04	
   4.2297552e-04	
   4.7651198e-04	
   5.2462348e-04	
   5.9174705e-04	
   6.8799954e-04	
   8.2415610e-04	
   9.9729229e-04	
   1.1806745e-03	
   1.3428808e-03	
   1.4651596e-03	
   1.5399323e-03	
   1.5638222e-03	
   1.5392305e-03	
   1.4869915e-03	
   1.4240212e-03	
   1.3513106e-03	
   1.2784187e-03	
   1.2062114e-03	
   1.1317158e-03	
   1.0473025e-03	
   9.5338181e-04	
   8.5114488e-04	
   7.4269998e-04	
   6.3175154e-04	
   5.1655895e-04	
   4.0447685e-04	
   3.0572042e-04	
   2.2611120e-04	
   1.6037375e-04	
   1.0435116e-04	
   5.2793968e-05	
   1.0294020e-05	
  -1.8722723e-05	
  -3.4644779e-05	
  -4.0026219e-05	
  -3.8894698e-05	
  -3.5542400e-05	
  -3.4243289e-05	
  -3.8585129e-05	
  -5.1026242e-05	
  -7.2152750e-05	
  -9.9988055e-05	
  -1.2905299e-04	
  -1.5004352e-04	
  -1.4900985e-04	
  -1.1423188e-04	
  -5.1535518e-05	
   2.7806146e-05	
   1.1112867e-04	
   1.8046836e-04	
   2.1561104e-04	
   2.1245342e-04	
   1.8042309e-04	
   1.2781115e-04	
   6.9861940e-05	
   1.6536276e-05	
  -3.2461845e-05	
  -8.3547155e-05	
  -1.4660844e-04	
  -2.2905387e-04	
  -3.3729159e-04	
  -4.8280223e-04	
  -6.6627437e-04	
  -8.8035590e-04	
  -1.1116927e-03	
  -1.3475263e-03	
  -1.5700371e-03	
  -1.7476284e-03	
  -1.8577869e-03	
  -1.9103315e-03	
  -1.9185170e-03	
  -1.8943297e-03	
  -1.8396422e-03	
  -1.7593368e-03	
  -1.6652380e-03	
  -1.5591416e-03	
  -1.4342942e-03	
  -1.2828346e-03	
  -1.1070154e-03	
  -9.1620913e-04	
  -7.1120536e-04	
  -5.1153097e-04	
  -3.3915467e-04	
  -2.1512288e-04	
  -1.6262205e-04	
  -1.9128642e-04	
  -2.9360545e-04	
  -4.4443542e-04	
  -6.0294812e-04	
  -7.3485130e-04	
  -8.2573536e-04	
  -8.6802083e-04	
  -8.6242683e-04	
  -8.1421959e-04	
  -7.5274826e-04	
  -7.0360097e-04	
  -6.7689283e-04	
  -6.6340898e-04	
  -6.3386880e-04	
  -5.9150490e-04	
  -5.5889499e-04	
  -5.4478540e-04	
  -5.6259412e-04	
  -6.0241650e-04	
  -6.3092621e-04	
  -6.2714783e-04	
  -5.8016134e-04	
  -5.0449415e-04	
  -4.3605839e-04	
  -3.9262397e-04	
  -3.6959487e-04	
  -3.6329866e-04	
  -3.7203868e-04	
  -3.8267994e-04	
  -3.8656559e-04	
  -3.8041105e-04	
  -3.5278354e-04	
  -2.9957062e-04	
  -2.3241387e-04	
  -1.7381226e-04	
  -1.3911721e-04	
  -1.3204615e-04	
  -1.4684864e-04	
  -1.6876499e-04	
  -1.8135872e-04	
  -1.8159549e-04	
  -1.6583311e-04	
  -1.3059418e-04	
  -8.8265820e-05	
  -5.3691426e-05	
  -3.8534393e-05	
  -5.2132296e-05	
  -1.0067507e-04	
  -1.8572502e-04	
  -3.0141001e-04	
  -4.3025957e-04	
  -5.4389741e-04	
  -6.2356455e-04	
  -6.8046353e-04	
  -7.4912789e-04	
  -8.5431239e-04	
  -9.8284038e-04	
  -1.1041967e-03	
  -1.2039271e-03	
  -1.2755110e-03	
  -1.3225906e-03	
  -1.3414446e-03	
  -1.3178668e-03	
  -1.2484307e-03	
  -1.1422730e-03	
  -1.0048692e-03	
  -8.3850834e-04	
  -6.5019197e-04	
  -4.6162109e-04	
  -3.0631136e-04	
  -1.9898558e-04	
  -1.3120987e-04	
  -8.6270380e-05	
  -5.8698059e-05	
  -4.4863880e-05	
  -3.9278623e-05	
  -3.7297120e-05	
  -3.5680155e-05	
  -3.3336460e-05	
  -3.0945035e-05	
  -3.0794103e-05	
  -3.6025443e-05	
  -4.9910220e-05	
  -7.4668947e-05	
  -1.1035954e-04	
  -1.5335964e-04	
  -1.9523677e-04	
  -2.2120014e-04	
  -2.1512068e-04	
  -1.7974874e-04	
  -1.3671016e-04	
  -1.0599554e-04	
  -1.0040080e-04	
  -1.2555354e-04	
  -1.7940773e-04	
  -2.5028934e-04	
  -3.2091670e-04	
  -3.8580211e-04	
  -4.4900286e-04	
  -4.9894566e-04	
  -5.1310680e-04	
  -4.8949191e-04	
  -4.4442766e-04	
  -4.1267528e-04	
  -4.1414139e-04	
  -4.4075475e-04	
  -4.6385175e-04	
  -4.6067174e-04	
  -4.3558306e-04	
  -4.0599426e-04	
  -3.9133483e-04	
  -3.9266556e-04	
  -3.9974241e-04	
  -4.2036439e-04	
  -4.5065066e-04	
  -4.7426286e-04	
  -4.9625070e-04	
  -5.3351407e-04	
  -5.9834899e-04	
  -6.8769839e-04	
  -8.0661871e-04	
  -9.5436875e-04	
  -1.1166805e-03	
  -1.2783109e-03	
  -1.4264526e-03	
  -1.5610795e-03	
  -1.6921827e-03	
  -1.8283447e-03	
  -1.9742650e-03	
  -2.1331372e-03	
  -2.2956368e-03	
  -2.4568007e-03	
  -2.6055903e-03	
  -2.7288070e-03	
  -2.8111271e-03	
  -2.8339786e-03	
  -2.7943361e-03	
  -2.7024432e-03	
  -2.5703817e-03	
  -2.4228396e-03	
  -2.2899080e-03	
  -2.1988517e-03	
  -2.1623114e-03	
  -2.1680901e-03	
  -2.1836384e-03	
  -2.1990397e-03	
  -2.2140169e-03	
  -2.2373038e-03	
  -2.2742551e-03	
  -2.3169417e-03	
  -2.3503195e-03	
  -2.3689005e-03	
  -2.3826710e-03	
  -2.4066745e-03	
  -2.4466805e-03	
  -2.5024718e-03	
  -2.5646145e-03	
  -2.6373397e-03	
  -2.7277963e-03	
  -2.8321297e-03	
  -2.9384451e-03	
  -3.0330831e-03	
  -3.0946244e-03	
  -3.1165266e-03	
  -3.0974423e-03	
  -3.0327212e-03	
  -2.9174196e-03	
  -2.7505318e-03	
  -2.5371641e-03	
  -2.2786089e-03	
  -1.9801343e-03	
  -1.6612976e-03	
  -1.3464332e-03	
  -1.0572544e-03	
  -8.1244572e-04	
  -6.1060701e-04	
  -4.4771159e-04	
  -3.1686585e-04	
  -2.1316118e-04	
  -1.3718860e-04	
  -8.1800981e-05	
  -3.1732811e-05	
   3.0713759e-05	
   1.2143022e-04	
   2.4830231e-04	
   4.1093654e-04	
   6.1226748e-04	
   8.5452318e-04	
   1.1317558e-03	
   1.4368407e-03	
   1.7493825e-03	
   2.0368521e-03	
   2.2958525e-03	
   2.5525841e-03	
   2.8352253e-03	
   3.1422302e-03	
   3.4425218e-03	
   3.6988343e-03	
   3.8915303e-03	
   4.0043311e-03	
   4.0326229e-03	
   4.0047551e-03	
   3.9692842e-03	
   3.9576542e-03	
   3.9892958e-03	
   4.0760628e-03	
   4.2175844e-03	
   4.3963211e-03	
   4.5829092e-03	
   4.7634866e-03	
   4.9229904e-03	
   5.0362911e-03	
   5.0875195e-03	
   5.0907711e-03	
   5.0841649e-03	
   5.1063922e-03	
   5.1792996e-03	
   5.2962809e-03	
   5.4494219e-03	
   5.6408899e-03	
   5.8853943e-03	
   6.1830094e-03	
   6.5089712e-03	
   6.8387990e-03	
   7.1419681e-03	
   7.3772959e-03	
   7.5193298e-03	
   7.5588472e-03	
   7.5007136e-03	
   7.3748466e-03	
   7.2208527e-03	
   7.0840150e-03	
   7.0117554e-03	
   7.0360816e-03	
   7.1615303e-03	
   7.3499804e-03	
   7.5366747e-03	
   7.6592876e-03	
   7.6791954e-03	
   7.5861579e-03	
   7.3930608e-03	
   7.1165455e-03	
   6.7598376e-03	
   6.3309837e-03	
   5.8634587e-03	
   5.3925007e-03	
   4.9626868e-03	
   4.6007206e-03	
   4.3140361e-03	
   4.0949135e-03	
   3.9283688e-03	
   3.7830221e-03	
   3.6135281e-03	
   3.3974463e-03	
   3.1284049e-03	
   2.8264581e-03	
   2.5140675e-03	
   2.2058346e-03	
   1.9290261e-03	
   1.6990561e-03	
   1.5079900e-03	
   1.3535353e-03	
   1.2501857e-03	
   1.2113210e-03	
   1.2275711e-03	
   1.2716172e-03	
   1.3131682e-03	
   1.3137344e-03	
   1.2351994e-03	
   1.0449904e-03	
   7.4529877e-04	
   3.5962216e-04	
  -7.6474623e-05	
  -5.3290459e-04	
  -9.8156014e-04	
  -1.3903469e-03	
  -1.7183454e-03	
  -1.9401225e-03	
  -2.0602060e-03	
  -2.1040160e-03	
  -2.1064907e-03	
  -2.1103322e-03	
  -2.1741179e-03	
  -2.3452385e-03	
  -2.6304157e-03	
  -3.0046768e-03	
  -3.4329915e-03	
  -3.9032878e-03	
  -4.4259431e-03	
  -5.0022075e-03	
  -5.6241545e-03	
  -6.2634227e-03	
  -6.8837193e-03	
  -7.4626961e-03	
  -7.9834626e-03	
  -8.4234089e-03	
  -8.7800294e-03	
  -9.0668617e-03	
  -9.3002868e-03	
  -9.4720611e-03	
  -9.5539817e-03	
  -9.5171921e-03	
  -9.3362348e-03	
  -8.9953089e-03	
  -8.5023556e-03	
  -7.8995019e-03	
  -7.2376126e-03	
  -6.5584111e-03	
  -5.9023430e-03	
  -5.2823666e-03	
  -4.6852458e-03	
  -4.1075672e-03	
  -3.5764052e-03	
  -3.1125894e-03	
  -2.7058632e-03	
  -2.3291878e-03	
  -1.9482435e-03	
  -1.5382901e-03	
  -1.0857064e-03	
  -5.9122997e-04	
  -7.5021368e-05	
   4.5272078e-04	
   9.8593436e-04	
   1.5096289e-03	
   1.9886973e-03	
   2.3841653e-03	
   2.6721774e-03	
   2.8663432e-03	
   3.0097520e-03	
   3.1562581e-03	
   3.3545080e-03	
   3.6318640e-03	
   3.9826985e-03	
   4.3832418e-03	
   4.8110025e-03	
   5.2270900e-03	
   5.5931534e-03	
   5.8883870e-03	
   6.1151739e-03	
   6.2806744e-03	
   6.3743173e-03	
   6.3921957e-03	
   6.3438637e-03	
   6.2489193e-03	
   6.1388351e-03	
   6.0528352e-03	
   6.0211356e-03	
   6.0595231e-03	
   6.1759865e-03	
   6.3794971e-03	
   6.6640362e-03	
   7.0093469e-03	
   7.3778499e-03	
   7.7218036e-03	
   7.9976898e-03	
   8.1749837e-03	
   8.2282766e-03	
   8.1341509e-03	
   7.8898638e-03	
   7.5184605e-03	
   7.0547149e-03	
   6.5326135e-03	
   5.9789465e-03	
   5.4125384e-03	
   4.8407871e-03	
   4.2509883e-03	
   3.6321720e-03	
   2.9891955e-03	
   2.3506422e-03	
   1.7692233e-03	
   1.3000864e-03	
   9.6780676e-04	
   7.4861767e-04	
   6.0169983e-04	
   4.9490674e-04	
   4.1200820e-04	
   3.4324016e-04	
   2.8698882e-04	
   2.4908696e-04	
   2.3093820e-04	
   2.4513529e-04	
   3.1357980e-04	
   4.4835375e-04	
   6.5822700e-04	
   9.4366523e-04	
   1.2872007e-03	
   1.6623409e-03	
   2.0398023e-03	
   2.3784046e-03	
   2.6320415e-03	
   2.7593350e-03	
   2.7241149e-03	
   2.5103175e-03	
   2.1318700e-03	
   1.6315057e-03	
   1.0541457e-03	
   4.3558813e-04	
  -2.0077816e-04	
  -8.5885573e-04	
  -1.5522992e-03	
  -2.2631366e-03	
  -2.9562279e-03	
  -3.5850761e-03	
  -4.1074046e-03	
  -4.5003407e-03	
  -4.7470845e-03	
  -4.8342797e-03	
  -4.7458909e-03	
  -4.4609483e-03	
  -3.9635480e-03	
  -3.2633790e-03	
  -2.4210610e-03	
  -1.5483653e-03	
  -7.6673187e-04	
  -1.5968363e-04	
   2.4296951e-04	
   4.4788585e-04	
   4.8393974e-04	
   3.7638831e-04	
   1.5259526e-04	
  -1.5588744e-04	
  -5.2420640e-04	
  -9.2799599e-04	
  -1.3520427e-03	
  -1.8097677e-03	
  -2.3173560e-03	
  -2.8522524e-03	
  -3.3610882e-03	
  -3.7725767e-03	
  -4.0295143e-03	
  -4.1075116e-03	
  -3.9849167e-03	
  -3.6618349e-03	
  -3.1538863e-03	
  -2.4789545e-03	
  -1.6491382e-03	
  -6.6807977e-04	
   4.4742980e-04	
   1.6689986e-03	
   2.9508692e-03	
   4.2486476e-03	
   5.5303621e-03	
   6.7829391e-03	
   7.9812967e-03	
   9.0864371e-03	
   1.0027572e-02	
   1.0752398e-02	
   1.1263620e-02	
   1.1587331e-02	
   1.1745445e-02	
   1.1752128e-02	
   1.1616032e-02	
   1.1353310e-02	
   1.0983168e-02	
   1.0538230e-02	
   1.0076151e-02	
   9.6565642e-03	
   9.3342904e-03	
   9.1616011e-03	
   9.1682188e-03	
   9.3740864e-03	
   9.7910179e-03	
   1.0405394e-02	
   1.1157973e-02	
   1.1941444e-02	
   1.2627372e-02	
   1.3109010e-02	
   1.3302329e-02	
   1.3124509e-02	
   1.2525934e-02	
   1.1513483e-02	
   1.0154395e-02	
   8.5627564e-03	
   6.8613948e-03	
   5.1661778e-03	
   3.5778260e-03	
   2.1625287e-03	
   9.4574858e-04	
  -9.2409563e-05	
  -1.0163063e-03	
  -1.9054866e-03	
  -2.8325202e-03	
  -3.8378158e-03	
  -4.9203376e-03	
  -6.0366610e-03	
  -7.1065217e-03	
  -8.0428625e-03	
  -8.7786078e-03	
  -9.2726967e-03	
  -9.5337037e-03	
  -9.6072337e-03	
  -9.5462610e-03	
  -9.3878610e-03	
  -9.1587497e-03	
  -8.8760759e-03	
  -8.5626257e-03	
  -8.2318551e-03	
  -7.8959243e-03	
  -7.5834144e-03	
  -7.3310709e-03	
  -7.1802666e-03	
  -7.1885575e-03	
  -7.3963386e-03	
  -7.8133730e-03	
  -8.4169791e-03	
  -9.1253753e-03	
  -9.8143841e-03	
  -1.0352820e-02	
  -1.0632250e-02	
  -1.0585763e-02	
  -1.0203341e-02	
  -9.5428133e-03	
  -8.7215322e-03	
  -7.8580384e-03	
  -7.0531880e-03	
  -6.3752218e-03	
  -5.8515435e-03	
  -5.4874679e-03	
  -5.2630315e-03	
  -5.1508966e-03	
  -5.1382249e-03	
  -5.2389929e-03	
  -5.4890905e-03	
  -5.9232982e-03	
  -6.5678826e-03	
  -7.4261403e-03	
  -8.4841528e-03	
  -9.7186235e-03	
  -1.1090252e-02	
  -1.2541440e-02	
  -1.4014843e-02	
  -1.5439494e-02	
  -1.6716621e-02	
  -1.7747021e-02	
  -1.8448840e-02	
  -1.8742380e-02	
  -1.8557313e-02	
  -1.7880870e-02	
  -1.6751882e-02	
  -1.5220890e-02	
  -1.3349723e-02	
  -1.1220752e-02	
  -8.9204308e-03	
  -6.5472934e-03	
  -4.2055835e-03	
  -1.9894048e-03	
   3.0985779e-05	
   1.8188217e-03	
   3.3467286e-03	
   4.5837965e-03	
   5.5049199e-03	
   6.0957383e-03	
   6.3577543e-03	
   6.2840625e-03	
   5.8713444e-03	
   5.1295231e-03	
   4.1048033e-03	
   2.8689078e-03	
   1.5226870e-03	
   1.9130831e-04	
  -9.8330689e-04	
  -1.8806498e-03	
  -2.4212481e-03	
  -2.5529314e-03	
  -2.2732853e-03	
  -1.6206584e-03	
  -6.5646432e-04	
   5.7795658e-04	
   2.0337360e-03	
   3.6209244e-03	
   5.2331873e-03	
   6.7690558e-03	
   8.1243542e-03	
   9.2069119e-03	
   9.9347690e-03	
   1.0239575e-02	
   1.0084689e-02	
   9.4886298e-03	
   8.5406974e-03	
   7.3659650e-03	
   6.0964654e-03	
   4.8515960e-03	
   3.7291761e-03	
   2.8046246e-03	
   2.1565769e-03	
   1.8531513e-03	
   1.9334746e-03	
   2.3840705e-03	
   3.1407866e-03	
   4.0860033e-03	
   5.0636443e-03	
   5.9081216e-03	
   6.4798549e-03	
   6.6681498e-03	
   6.3871647e-03	
   5.6154706e-03	
   4.4161293e-03	
   2.9255928e-03	
   1.3377362e-03	
  -1.4041534e-04	
  -1.3330442e-03	
  -2.1231918e-03	
  -2.4659723e-03	
  -2.3642501e-03	
  -1.8615713e-03	
  -1.0334396e-03	
   4.5882516e-05	
   1.3201258e-03	
   2.7319320e-03	
   4.2214325e-03	
   5.7609358e-03	
   7.3371077e-03	
   8.9204717e-03	
   1.0470116e-02	
   1.1925863e-02	
   1.3186658e-02	
   1.4122948e-02	
   1.4615746e-02	
   1.4563523e-02	
   1.3898632e-02	
   1.2623908e-02	
   1.0826794e-02	
   8.6640562e-03	
   6.3365049e-03	
   4.0753790e-03	
   2.1229010e-03	
   6.6807708e-04	
  -2.1794962e-04	
  -5.7716499e-04	
  -5.3238563e-04	
  -2.4616480e-04	
   1.2132997e-04	
   4.2351924e-04	
   5.3816533e-04	
   3.9665530e-04	
  -1.7982113e-05	
  -6.6354714e-04	
  -1.4620664e-03	
  -2.3195398e-03	
  -3.1500987e-03	
  -3.9017477e-03	
  -4.5701763e-03	
  -5.1974452e-03	
  -5.8684816e-03	
  -6.6824334e-03	
  -7.7384867e-03	
  -9.1115271e-03	
  -1.0828199e-02	
  -1.2853126e-02	
  -1.5116297e-02	
  -1.7517779e-02	
  -1.9914824e-02	
  -2.2152555e-02	
  -2.4095609e-02	
  -2.5652191e-02	
  -2.6789185e-02	
  -2.7522630e-02	
  -2.7896931e-02	
  -2.7995232e-02	
  -2.7916196e-02	
  -2.7734838e-02	
  -2.7494182e-02	
  -2.7213616e-02	
  -2.6904251e-02	
  -2.6589183e-02	
  -2.6311322e-02	
  -2.6111508e-02	
  -2.6024105e-02	
  -2.6065029e-02	
  -2.6232743e-02	
  -2.6517541e-02	
  -2.6875779e-02	
  -2.7214989e-02	
  -2.7413005e-02	
  -2.7356265e-02	
  -2.6952054e-02	
  -2.6144564e-02	
  -2.4930412e-02	
  -2.3340448e-02	
  -2.1437974e-02	
  -1.9318055e-02	
  -1.7096493e-02	
  -1.4893992e-02	
  -1.2797300e-02	
  -1.0858126e-02	
  -9.1137249e-03	
  -7.5922094e-03	
  -6.3179819e-03	
  -5.3077091e-03	
  -4.5343002e-03	
  -3.9146539e-03	
  -3.3344123e-03	
  -2.6489624e-03	
  -1.7462223e-03	
  -6.0884229e-04	
   7.2259050e-04	
   2.1962463e-03	
   3.7392219e-03	
   5.2356800e-03	
   6.5676800e-03	
   7.6366011e-03	
   8.3644869e-03	
   8.7186400e-03	
   8.7191874e-03	
   8.4096179e-03	
   7.8570751e-03	
   7.1370988e-03	
   6.3060349e-03	
   5.4035833e-03	
   4.4644655e-03	
   3.5195845e-03	
   2.5816939e-03	
   1.6253202e-03	
   6.4349469e-04	
  -3.1076760e-04	
  -1.1354037e-03	
  -1.7296584e-03	
  -2.0214157e-03	
  -1.9690158e-03	
  -1.5530598e-03	
  -7.7620711e-04	
   3.3741896e-04	
   1.7397713e-03	
   3.3785662e-03	
   5.2019575e-03	
   7.1521111e-03	
   9.2000164e-03	
   1.1340834e-02	
   1.3572993e-02	
   1.5865405e-02	
   1.8147057e-02	
   2.0332777e-02	
   2.2330334e-02	
   2.4056663e-02	
   2.5453684e-02	
   2.6498145e-02	
   2.7202415e-02	
   2.7629012e-02	
   2.7846881e-02	
   2.7911980e-02	
   2.7872290e-02	
   2.7755067e-02	
   2.7553407e-02	
   2.7243633e-02	
   2.6791840e-02	
   2.6163216e-02	
   2.5321436e-02	
   2.4259050e-02	
   2.3019522e-02	
   2.1678637e-02	
   2.0327924e-02	
   1.9074180e-02	
   1.8024556e-02	
   1.7257042e-02	
   1.6800461e-02	
   1.6654390e-02	
   1.6797920e-02	
   1.7188814e-02	
   1.7744660e-02	
   1.8359248e-02	
   1.8938174e-02	
   1.9380016e-02	
   1.9588637e-02	
   1.9493154e-02	
   1.9065030e-02	
   1.8320931e-02	
   1.7292794e-02	
   1.6020055e-02	
   1.4566587e-02	
   1.2991436e-02	
   1.1355124e-02	
   9.7013031e-03	
   8.0644207e-03	
   6.4727381e-03	
   4.9702318e-03	
   3.6194824e-03	
   2.4814913e-03	
   1.6127261e-03	
   1.0474765e-03	
   7.7808417e-04	
   7.4097210e-04	
   8.2946905e-04	
   9.1666828e-04	
   8.8588290e-04	
   6.5154377e-04	
   1.9204590e-04	
  -4.4642244e-04	
  -1.1878330e-03	
  -1.9341813e-03	
  -2.6048950e-03	
  -3.1620972e-03	
  -3.5922420e-03	
  -3.9065672e-03	
  -4.1559172e-03	
  -4.4218017e-03	
  -4.7935343e-03	
  -5.3229527e-03	
  -6.0362730e-03	
  -6.9314059e-03	
  -7.9901342e-03	
  -9.1486435e-03	
  -1.0287917e-02	
  -1.1295017e-02	
  -1.2086723e-02	
  -1.2622854e-02	
  -1.2906705e-02	
  -1.2969132e-02	
  -1.2899809e-02	
  -1.2803452e-02	
  -1.2781851e-02	
  -1.2926059e-02	
  -1.3325335e-02	
  -1.4021182e-02	
  -1.4978306e-02	
  -1.6099263e-02	
  -1.7259060e-02	
  -1.8367140e-02	
  -1.9372451e-02	
  -2.0274786e-02	
  -2.1115937e-02	
  -2.1935143e-02	
  -2.2750738e-02	
  -2.3536193e-02	
  -2.4207775e-02	
  -2.4654707e-02	
  -2.4774373e-02	
  -2.4492647e-02	
  -2.3729953e-02	
  -2.2397099e-02	
  -2.0431479e-02	
  -1.7808917e-02	
  -1.4540835e-02	
  -1.0667504e-02	
  -6.2696155e-03	
  -1.4842897e-03	
   3.5054668e-03	
   8.4916447e-03	
   1.3259044e-02	
   1.7602575e-02	
   2.1352949e-02	
   2.4397581e-02	
   2.6690442e-02	
   2.8228012e-02	
   2.9025298e-02	
   2.9113623e-02	
   2.8555751e-02	
   2.7424656e-02	
   2.5795983e-02	
   2.3751554e-02	
   2.1384117e-02	
   1.8794252e-02	
   1.6089696e-02	
   1.3391071e-02	
   1.0806345e-02	
   8.4054839e-03	
   6.1899923e-03	
   4.1514139e-03	
   2.2917732e-03	
   6.1621506e-04	
  -8.7842369e-04	
  -2.1811817e-03	
  -3.2712549e-03	
  -4.1557252e-03	
  -4.8334308e-03	
  -5.2852866e-03	
  -5.5070604e-03	
  -5.4862400e-03	
  -5.2301824e-03	
  -4.7688674e-03	
  -4.1492023e-03	
  -3.4167087e-03	
  -2.6119645e-03	
  -1.7778843e-03	
  -9.4873145e-04	
  -1.4477902e-04	
   6.1995185e-04	
   1.3369078e-03	
   1.9990315e-03	
   2.6004015e-03	
   3.1183738e-03	
   3.5354000e-03	
   3.8742442e-03	
   4.1730579e-03	
   4.4742188e-03	
   4.8128187e-03	
   5.2192640e-03	
   5.7187680e-03	
   6.3196045e-03	
   7.0235439e-03	
   7.8247064e-03	
   8.6927329e-03	
   9.5738184e-03	
   1.0423588e-02	
   1.1185490e-02	
   1.1772496e-02	
   1.2087981e-02	
   1.2050252e-02	
   1.1601277e-02	
   1.0729947e-02	
   9.4784173e-03	
   7.9292432e-03	
   6.1879417e-03	
   4.3685619e-03	
   2.5771399e-03	
   9.0957182e-04	
  -5.6467257e-04	
  -1.8116730e-03	
  -2.8005183e-03	
  -3.5132585e-03	
  -3.9770400e-03	
  -4.2415356e-03	
  -4.3607751e-03	
  -4.3756249e-03	
  -4.3009919e-03	
  -4.1244889e-03	
  -3.8194211e-03	
  -3.3755915e-03	
  -2.7999652e-03	
  -2.1207147e-03	
  -1.3897448e-03	
  -6.4212385e-04	
   1.0532364e-04	
   8.6568830e-04	
   1.6632698e-03	
   2.5287653e-03	
   3.5053287e-03	
   4.6397120e-03	
   5.9487943e-03	
   7.3851424e-03	
   8.8414351e-03	
   1.0171601e-02	
   1.1232688e-02	
   1.1906215e-02	
   1.2115326e-02	
   1.1878959e-02	
   1.1267149e-02	
   1.0388817e-02	
   9.3887761e-03	
   8.3799118e-03	
   7.4375562e-03	
   6.6196420e-03	
   5.9632299e-03	
   5.4855194e-03	
   5.2044542e-03	
   5.1274748e-03	
   5.2406620e-03	
   5.5191242e-03	
   5.9486342e-03	
   6.5410809e-03	
   7.3294157e-03	
   8.3358102e-03	
   9.5472986e-03	
   1.0913363e-02	
   1.2360205e-02	
   1.3804122e-02	
   1.5161821e-02	
   1.6354289e-02	
   1.7306960e-02	
   1.7981614e-02	
   1.8378832e-02	
   1.8503441e-02	
   1.8334599e-02	
   1.7825649e-02	
   1.6925364e-02	
   1.5584234e-02	
   1.3787259e-02	
   1.1569529e-02	
   9.0094512e-03	
   6.1868469e-03	
   3.1899340e-03	
   1.2719072e-04	
  -2.8945240e-03	
  -5.7768117e-03	
  -8.4281883e-03	
  -1.0750658e-02	
  -1.2637626e-02	
  -1.3994025e-02	
  -1.4766719e-02	
  -1.4945201e-02	
  -1.4566947e-02	
  -1.3709889e-02	
  -1.2484528e-02	
  -1.1036020e-02	
  -9.5211464e-03	
  -8.0774886e-03	
  -6.8299958e-03	
  -5.8821484e-03	
  -5.3190515e-03	
  -5.2326808e-03	
  -5.6711450e-03	
  -6.6481594e-03	
  -8.1411182e-03	
  -1.0085301e-02	
  -1.2381537e-02	
  -1.4899555e-02	
  -1.7487207e-02	
  -2.0013020e-02	
  -2.2375081e-02	
  -2.4477965e-02	
  -2.6213935e-02	
  -2.7470236e-02	
  -2.8154253e-02	
  -2.8196712e-02	
  -2.7586634e-02	
  -2.6357931e-02	
  -2.4589388e-02	
  -2.2383488e-02	
  -1.9862806e-02	
  -1.7176273e-02	
  -1.4493237e-02	
  -1.1997473e-02	
  -9.8555364e-03	
  -8.1895100e-03	
  -7.0820272e-03	
  -6.5670419e-03	
  -6.6251412e-03	
  -7.1941678e-03	
  -8.1831945e-03	
  -9.4644303e-03	
  -1.0871770e-02	
  -1.2212998e-02	
  -1.3299477e-02	
  -1.3968086e-02	
  -1.4116167e-02	
  -1.3693688e-02	
  -1.2687994e-02	
  -1.1125122e-02	
  -9.0819027e-03	
  -6.6814497e-03	
  -4.0535308e-03	
  -1.3032220e-03	
   1.4853035e-03	
   4.2445568e-03	
   6.9084605e-03	
   9.4295281e-03	
   1.1781475e-02	
   1.3953077e-02	
   1.5949384e-02	
   1.7780510e-02	
   1.9453906e-02	
   2.0960127e-02	
   2.2289745e-02	
   2.3445081e-02	
   2.4425628e-02	
   2.5237522e-02	
   2.5880722e-02	
   2.6373414e-02	
   2.6741374e-02	
   2.7000241e-02	
   2.7144841e-02	
   2.7150920e-02	
   2.6988541e-02	
   2.6653587e-02	
   2.6142333e-02	
   2.5428676e-02	
   2.4505948e-02	
   2.3402107e-02	
   2.2166011e-02	
   2.0871793e-02	
   1.9593196e-02	
   1.8402296e-02	
   1.7370294e-02	
   1.6526758e-02	
   1.5846344e-02	
   1.5302974e-02	
   1.4891500e-02	
   1.4610452e-02	
   1.4456259e-02	
   1.4427787e-02	
   1.4507208e-02	
   1.4639962e-02	
   1.4751826e-02	
   1.4765241e-02	
   1.4591146e-02	
   1.4144639e-02	
   1.3352672e-02	
   1.2173888e-02	
   1.0599325e-02	
   8.6416623e-03	
   6.3419290e-03	
   3.7836545e-03	
   1.0903094e-03	
  -1.5771237e-03	
  -4.0603478e-03	
  -6.2246723e-03	
  -7.9755916e-03	
  -9.2856217e-03	
  -1.0206364e-02	
  -1.0852489e-02	
  -1.1377117e-02	
  -1.1932971e-02	
  -1.2655363e-02	
  -1.3630803e-02	
  -1.4888469e-02	
  -1.6397500e-02	
  -1.8059458e-02	
  -1.9726588e-02	
  -2.1250023e-02	
  -2.2502067e-02	
  -2.3380530e-02	
  -2.3800346e-02	
  -2.3720990e-02	
  -2.3162849e-02	
  -2.2210300e-02	
  -2.0997480e-02	
  -1.9680705e-02	
  -1.8432304e-02	
  -1.7405687e-02	
  -1.6713328e-02	
  -1.6397010e-02	
  -1.6410099e-02	
  -1.6640877e-02	
  -1.6953167e-02	
  -1.7224215e-02	
  -1.7362737e-02	
  -1.7298513e-02	
  -1.6997710e-02	
  -1.6472362e-02	
  -1.5771801e-02	
  -1.4972358e-02	
  -1.4160211e-02	
  -1.3433375e-02	
  -1.2903706e-02	
  -1.2673753e-02	
  -1.2800421e-02	
  -1.3291552e-02	
  -1.4144786e-02	
  -1.5328178e-02	
  -1.6780167e-02	
  -1.8432133e-02	
  -2.0216297e-02	
  -2.2068600e-02	
  -2.3929399e-02	
  -2.5717093e-02	
  -2.7336983e-02	
  -2.8715246e-02	
  -2.9813776e-02	
  -3.0640065e-02	
  -3.1209196e-02	
  -3.1536829e-02	
  -3.1650580e-02	
  -3.1574182e-02	
  -3.1316688e-02	
  -3.0869749e-02	
  -3.0205479e-02	
  -2.9297898e-02	
  -2.8131606e-02	
  -2.6696676e-02	
  -2.5024571e-02	
  -2.3168241e-02	
  -2.1164164e-02	
  -1.9035144e-02	
  -1.6798974e-02	
  -1.4472191e-02	
  -1.2069410e-02	
  -9.6207959e-03	
  -7.1935526e-03	
  -4.8901184e-03	
  -2.8296043e-03	
  -1.1081200e-03	
   2.1395604e-04	
   1.1065342e-03	
   1.5657070e-03	
   1.6388783e-03	
   1.4165456e-03	
   9.9887891e-04	
   5.1494595e-04	
   1.0608573e-04	
  -9.6833373e-05	
   1.6398366e-05	
   5.3305181e-04	
   1.5034736e-03	
   2.9297056e-03	
   4.7960629e-03	
   7.0757282e-03	
   9.7385338e-03	
   1.2715045e-02	
   1.5904947e-02	
   1.9214092e-02	
   2.2568890e-02	
   2.5893614e-02	
   2.9111998e-02	
   3.2162913e-02	
   3.5008662e-02	
   3.7622286e-02	
   4.0002346e-02	
   4.2172421e-02	
   4.4169504e-02	
   4.6004110e-02	
   4.7642162e-02	
   4.9043832e-02	
   5.0171390e-02	
   5.0971911e-02	
   5.1383916e-02	
   5.1364047e-02	
   5.0896853e-02	
   5.0019681e-02	
   4.8783421e-02	
   4.7218825e-02	
   4.5356376e-02	
   4.3233115e-02	
   4.0885956e-02	
   3.8352619e-02	
   3.5659967e-02	
   3.2812746e-02	
   2.9822257e-02	
   2.6726039e-02	
   2.3566675e-02	
   2.0366013e-02	
   1.7122694e-02	
   1.3856075e-02	
   1.0607805e-02	
   7.4240382e-03	
   4.3476083e-03	
   1.4364224e-03	
  -1.2636073e-03	
  -3.7595783e-03	
  -6.0874662e-03	
  -8.2787345e-03	
  -1.0354388e-02	
  -1.2313857e-02	
  -1.4128789e-02	
  -1.5755020e-02	
  -1.7159459e-02	
  -1.8316127e-02	
  -1.9227057e-02	
  -1.9921753e-02	
  -2.0442876e-02	
  -2.0850453e-02	
  -2.1220521e-02	
  -2.1639503e-02	
  -2.2201714e-02	
  -2.2993787e-02	
  -2.4059220e-02	
  -2.5371968e-02	
  -2.6834496e-02	
  -2.8297955e-02	
  -2.9606855e-02	
  -3.0636667e-02	
  -3.1301206e-02	
  -3.1541461e-02	
  -3.1293649e-02	
  -3.0519190e-02	
  -2.9239115e-02	
  -2.7509133e-02	
  -2.5402875e-02	
  -2.3010691e-02	
  -2.0433374e-02	
  -1.7804546e-02	
  -1.5272826e-02	
  -1.2980063e-02	
  -1.1064958e-02	
  -9.6554776e-03	
  -8.8612800e-03	
  -8.7465406e-03	
  -9.3178850e-03	
  -1.0507094e-02	
  -1.2161470e-02	
  -1.4050382e-02	
  -1.5895961e-02	
  -1.7408710e-02	
  -1.8320866e-02	
  -1.8415629e-02	
  -1.7548948e-02	
  -1.5665158e-02	
  -1.2813787e-02	
  -9.1352365e-03	
  -4.8271407e-03	
  -1.3578654e-04	
   4.6835285e-03	
   9.3918562e-03	
   1.3786434e-02	
   1.7715003e-02	
   2.1092064e-02	
   2.3869374e-02	
   2.6027153e-02	
   2.7574975e-02	
   2.8543455e-02	
   2.8991065e-02	
   2.8990984e-02	
   2.8583946e-02	
   2.7780369e-02	
   2.6611585e-02	
   2.5109719e-02	
   2.3283822e-02	
   2.1147914e-02	
   1.8729129e-02	
   1.6094737e-02	
   1.3333432e-02	
   1.0559031e-02	
   7.9068026e-03	
   5.5235221e-03	
   3.5438674e-03	
   2.0609095e-03	
   1.1015390e-03	
   6.3617821e-04	
   5.8639995e-04	
   8.3813661e-04	
   1.2736809e-03	
   1.7767895e-03	
   2.2297915e-03	
   2.5486152e-03	
   2.7013631e-03	
   2.6762044e-03	
   2.4915575e-03	
   2.1942594e-03	
   1.8637584e-03	
   1.5890274e-03	
   1.4582020e-03	
   1.5538842e-03	
   1.9530744e-03	
   2.6865958e-03	
   3.7360283e-03	
   5.0682358e-03	
   6.6477141e-03	
   8.4395692e-03	
   1.0393702e-02	
   1.2451096e-02	
   1.4544397e-02	
   1.6590386e-02	
   1.8522820e-02	
   2.0298422e-02	
   2.1881033e-02	
   2.3243389e-02	
   2.4367662e-02	
   2.5240512e-02	
   2.5832462e-02	
   2.6095119e-02	
   2.5978647e-02	
   2.5484893e-02	
   2.4676333e-02	
   2.3621831e-02	
   2.2364672e-02	
   2.0948885e-02	
   1.9418203e-02	
   1.7806842e-02	
   1.6136567e-02	
   1.4406316e-02	
   1.2603067e-02	
   1.0723566e-02	
   8.7923089e-03	
   6.8665860e-03	
   5.0417740e-03	
   3.4221654e-03	
   2.0912193e-03	
   1.0886133e-03	
   4.1227193e-04	
   2.3161394e-05	
  -1.4657650e-04	
  -1.8635198e-04	
  -1.9767658e-04	
  -2.9325529e-04	
  -5.6978511e-04	
  -1.0845781e-03	
  -1.8502207e-03	
  -2.8685662e-03	
  -4.1219219e-03	
  -5.5433532e-03	
  -7.0493497e-03	
  -8.5841863e-03	
  -1.0117924e-02	
  -1.1619390e-02	
  -1.3081346e-02	
  -1.4523474e-02	
  -1.5965201e-02	
  -1.7416528e-02	
  -1.8870224e-02	
  -2.0277866e-02	
  -2.1537174e-02	
  -2.2529927e-02	
  -2.3172408e-02	
  -2.3432009e-02	
  -2.3330595e-02	
  -2.2938786e-02	
  -2.2347703e-02	
  -2.1665386e-02	
  -2.0968207e-02	
  -2.0303439e-02	
  -1.9697429e-02	
  -1.9148021e-02	
  -1.8648074e-02	
  -1.8191600e-02	
  -1.7758394e-02	
  -1.7310424e-02	
  -1.6802561e-02	
  -1.6199427e-02	
  -1.5480949e-02	
  -1.4673949e-02	
  -1.3830789e-02	
  -1.3011240e-02	
  -1.2280392e-02	
  -1.1686981e-02	
  -1.1274453e-02	
  -1.1067384e-02	
  -1.1068683e-02	
  -1.1279665e-02	
  -1.1692005e-02	
  -1.2288309e-02	
  -1.3031240e-02	
  -1.3855193e-02	
  -1.4670599e-02	
  -1.5398800e-02	
  -1.5991100e-02	
  -1.6430654e-02	
  -1.6732691e-02	
  -1.6921949e-02	
  -1.7047914e-02	
  -1.7141232e-02	
  -1.7198414e-02	
  -1.7202981e-02	
  -1.7100652e-02	
  -1.6819269e-02	
  -1.6305972e-02	
  -1.5532886e-02	
  -1.4498482e-02	
  -1.3221102e-02	
  -1.1741638e-02	
  -1.0125628e-02	
  -8.4428372e-03	
  -6.7552967e-03	
  -5.1096994e-03	
  -3.5585072e-03	
  -2.1655998e-03	
  -9.8366392e-04	
  -3.8397652e-05	
   6.7944457e-04	
   1.2006493e-03	
   1.5713647e-03	
   1.8318259e-03	
   2.0060977e-03	
   2.0955846e-03	
   2.0873198e-03	
   1.9634691e-03	
   1.7240432e-03	
   1.3989074e-03	
   1.0226838e-03	
   6.0165972e-04	
   1.4846393e-04	
  -3.2342489e-04	
  -8.0375406e-04	
  -1.2648149e-03	
  -1.6647870e-03	
  -1.9664005e-03	
  -2.1323994e-03	
  -2.1291870e-03	
  -1.9257809e-03	
  -1.4969646e-03	
  -8.3249277e-04	
   6.0577576e-05	
   1.1543434e-03	
   2.4091647e-03	
   3.7921970e-03	
   5.2680977e-03	
   6.7943264e-03	
   8.3513005e-03	
   9.9257003e-03	
   1.1482494e-02	
   1.2974434e-02	
   1.4344731e-02	
   1.5530647e-02	
   1.6470695e-02	
   1.7105251e-02	
   1.7381977e-02	
   1.7260007e-02	
   1.6731408e-02	
   1.5839105e-02	
   1.4648573e-02	
   1.3246773e-02	
   1.1752578e-02	
   1.0309249e-02	
   9.0370984e-03	
   7.9980705e-03	
   7.1815975e-03	
   6.5572583e-03	
   6.0880626e-03	
   5.7245090e-03	
   5.4258179e-03	
   5.1640299e-03	
   4.9149388e-03	
   4.6525470e-03	
   4.3548151e-03	
   4.0028490e-03	
   3.5875900e-03	
   3.1131736e-03	
   2.6021180e-03	
   2.0827536e-03	
   1.5918207e-03	
   1.1577544e-03	
   7.8847812e-04	
   4.7281105e-04	
   1.9320375e-04	
  -7.5623946e-05	
  -3.7575023e-04	
  -7.6156426e-04	
  -1.2576236e-03	
  -1.8418938e-03	
  -2.4747780e-03	
  -3.0963066e-03	
  -3.6383665e-03	
  -4.0326981e-03	
  -4.2223369e-03	
  -4.1905507e-03	
  -3.9568094e-03	
  -3.5578422e-03	
  -3.0406747e-03	
  -2.4432213e-03	
  -1.8042546e-03	
  -1.1708345e-03	
  -6.0170253e-04	
  -1.5763876e-04	
   1.3445418e-04	
   2.7419623e-04	
   2.7440530e-04	
   1.7143176e-04	
   2.1130520e-05	
  -1.2069067e-04	
  -1.9945593e-04	
  -1.6405842e-04	
   2.0016288e-05	
   3.7906455e-04	
   9.3560552e-04	
   1.7220154e-03	
   2.7602231e-03	
   4.0387300e-03	
   5.5169469e-03	
   7.1491340e-03	
   8.8759942e-03	
   1.0615183e-02	
   1.2267623e-02	
   1.3751719e-02	
   1.5013502e-02	
   1.6032440e-02	
   1.6826466e-02	
   1.7428260e-02	
   1.7866932e-02	
   1.8185178e-02	
   1.8451422e-02	
   1.8732421e-02	
   1.9084638e-02	
   1.9546995e-02	
   2.0141419e-02	
   2.0887798e-02	
   2.1835248e-02	
   2.3054629e-02	
   2.4599069e-02	
   2.6475645e-02	
   2.8659592e-02	
   3.1074358e-02	
   3.3603439e-02	
   3.6126711e-02	
   3.8529173e-02	
   4.0688659e-02	
   4.2493404e-02	
   4.3873112e-02	
   4.4786919e-02	
   4.5231612e-02	
   4.5224610e-02	
   4.4774026e-02	
   4.3877083e-02	
   4.2533657e-02	
   4.0752524e-02	
   3.8560480e-02	
   3.5995696e-02	
   3.3091539e-02	
   2.9881816e-02	
   2.6419827e-02	
   2.2780574e-02	
   1.9018322e-02	
   1.5170775e-02	
   1.1289641e-02	
   7.4388218e-03	
   3.6621085e-03	
  -1.1554210e-05	
  -3.5311745e-03	
  -6.8349517e-03	
  -9.8568272e-03	
  -1.2549602e-02	
  -1.4904768e-02	
  -1.6952260e-02	
  -1.8741686e-02	
  -2.0359370e-02	
  -2.1914620e-02	
  -2.3496724e-02	
  -2.5164360e-02	
  -2.6958116e-02	
  -2.8906743e-02	
  -3.1002993e-02	
  -3.3218550e-02	
  -3.5505309e-02	
  -3.7804657e-02	
  -4.0084569e-02	
  -4.2320870e-02	
  -4.4467839e-02	
  -4.6452324e-02	
  -4.8177109e-02	
  -4.9529114e-02	
  -5.0412233e-02	
  -5.0732971e-02	
  -5.0424921e-02	
  -4.9444317e-02	
  -4.7775807e-02	
  -4.5444391e-02	
  -4.2517391e-02	
  -3.9108262e-02	
  -3.5387612e-02	
  -3.1540122e-02	
  -2.7735769e-02	
  -2.4097145e-02	
  -2.0696481e-02	
  -1.7562297e-02	
  -1.4681163e-02	
  -1.2014606e-02	
  -9.5218409e-03	
  -7.1667747e-03	
  -4.9348369e-03	
  -2.8137219e-03	
  -7.8520261e-04	
   1.1510255e-03	
   2.9767027e-03	
   4.6782752e-03	
   6.2411472e-03	
   7.6480841e-03	
   8.8931430e-03	
   9.9771958e-03	
   1.0917252e-02	
   1.1766075e-02	
   1.2601522e-02	
   1.3486766e-02	
   1.4457844e-02	
   1.5525745e-02	
   1.6666710e-02	
   1.7811009e-02	
   1.8878607e-02	
   1.9804783e-02	
   2.0522027e-02	
   2.0947790e-02	
   2.1001230e-02	
   2.0618212e-02	
   1.9762887e-02	
   1.8445466e-02	
   1.6725624e-02	
   1.4714979e-02	
   1.2554586e-02	
   1.0380018e-02	
   8.3124521e-03	
   6.4512232e-03	
   4.8558297e-03	
   3.5525374e-03	
   2.5424133e-03	
   1.7976508e-03	
   1.2696196e-03	
   9.0610692e-04	
   6.6130864e-04	
   4.9149102e-04	
   3.5481771e-04	
   2.3174033e-04	
   1.1322403e-04	
  -2.0450221e-05	
  -1.9882340e-04	
  -4.5255705e-04	
  -8.0619264e-04	
  -1.2855315e-03	
  -1.9175513e-03	
  -2.7056311e-03	
  -3.6295331e-03	
  -4.6788414e-03	
  -5.8269813e-03	
  -7.0165406e-03	
  -8.1483176e-03	
  -9.0768455e-03	
  -9.6707555e-03	
  -9.8449562e-03	
  -9.5585487e-03	
  -8.7952256e-03	
  -7.5781276e-03	
  -5.9915169e-03	
  -4.1519458e-03	
  -2.1826735e-03	
  -1.8438154e-04	
   1.7628785e-03	
   3.5931023e-03	
   5.2423900e-03	
   6.6549544e-03	
   7.8021596e-03	
   8.6804208e-03	
   9.2856462e-03	
   9.6118743e-03	
   9.6703878e-03	
   9.4900841e-03	
   9.1023359e-03	
   8.5488511e-03	
   7.8682811e-03	
   7.0971385e-03	
   6.2394699e-03	
   5.2595086e-03	
   4.1201743e-03	
   2.7957348e-03	
   1.2675788e-03	
  -4.6058400e-04	
  -2.3531079e-03	
  -4.3358917e-03	
  -6.3111559e-03	
  -8.1882681e-03	
  -9.9024567e-03	
  -1.1422551e-02	
  -1.2747218e-02	
  -1.3895373e-02	
  -1.4893730e-02	
  -1.5780829e-02	
  -1.6601285e-02	
  -1.7384894e-02	
  -1.8150080e-02	
  -1.8903542e-02	
  -1.9621791e-02	
  -2.0284925e-02	
  -2.0908452e-02	
  -2.1503326e-02	
  -2.2070299e-02	
  -2.2620361e-02	
  -2.3159164e-02	
  -2.3715133e-02	
  -2.4310243e-02	
  -2.4942340e-02	
  -2.5596626e-02	
  -2.6241435e-02	
  -2.6813295e-02	
  -2.7206999e-02	
  -2.7310553e-02	
  -2.7017945e-02	
  -2.6255047e-02	
  -2.5002202e-02	
  -2.3293315e-02	
  -2.1210652e-02	
  -1.8847594e-02	
  -1.6296846e-02	
  -1.3649129e-02	
  -1.0972228e-02	
  -8.3064880e-03	
  -5.6745070e-03	
  -3.0860729e-03	
  -5.2586744e-04	
   2.0600001e-03	
   4.7420240e-03	
   7.5503243e-03	
   1.0461971e-02	
   1.3435924e-02	
   1.6399976e-02	
   1.9274762e-02	
   2.2007096e-02	
   2.4564698e-02	
   2.6932054e-02	
   2.9122521e-02	
   3.1170078e-02	
   3.3124693e-02	
   3.5026980e-02	
   3.6901913e-02	
   3.8779036e-02	
   4.0687041e-02	
   4.2616950e-02	
   4.4509155e-02	
   4.6254537e-02	
   4.7750349e-02	
   4.8940931e-02	
   4.9781379e-02	
   5.0209544e-02	
   5.0167787e-02	
   4.9618534e-02	
   4.8540405e-02	
   4.6919934e-02	
   4.4763789e-02	
   4.2094471e-02	
   3.8945377e-02	
   3.5353289e-02	
   3.1359099e-02	
   2.7022422e-02	
   2.2429583e-02	
   1.7672788e-02	
   1.2842366e-02	
   8.0334017e-03	
   3.3330177e-03	
  -1.1947024e-03	
  -5.5241929e-03	
  -9.6614090e-03	
  -1.3623540e-02	
  -1.7421063e-02	
  -2.1048183e-02	
  -2.4471871e-02	
  -2.7639502e-02	
  -3.0479631e-02	
  -3.2939397e-02	
  -3.5000778e-02	
  -3.6667450e-02	
  -3.7961619e-02	
  -3.8926472e-02	
  -3.9601485e-02	
  -4.0029103e-02	
  -4.0256294e-02	
  -4.0354686e-02	
  -4.0418330e-02	
  -4.0516656e-02	
  -4.0672090e-02	
  -4.0867574e-02	
  -4.1080623e-02	
  -4.1289358e-02	
  -4.1474400e-02	
  -4.1651591e-02	
  -4.1857336e-02	
  -4.2106464e-02	
  -4.2400731e-02	
  -4.2734999e-02	
  -4.3105925e-02	
  -4.3493167e-02	
  -4.3861789e-02	
  -4.4139030e-02	
  -4.4223671e-02	
  -4.4021945e-02	
  -4.3446083e-02	
  -4.2433673e-02	
  -4.0982869e-02	
  -3.9155060e-02	
  -3.7052731e-02	
  -3.4812337e-02	
  -3.2576862e-02	
  -3.0469843e-02	
  -2.8586005e-02	
  -2.6981302e-02	
  -2.5695369e-02	
  -2.4742461e-02	
  -2.4103583e-02	
  -2.3747862e-02	
  -2.3639258e-02	
  -2.3716922e-02	
  -2.3895608e-02	
  -2.4074580e-02	
  -2.4153551e-02	
  -2.4040617e-02	
  -2.3672943e-02	
  -2.3022039e-02	
  -2.2065144e-02	
  -2.0774137e-02	
  -1.9142857e-02	
  -1.7172474e-02	
  -1.4868174e-02	
  -1.2245752e-02	
  -9.3446744e-03	
  -6.2415540e-03	
  -3.0466559e-03	
   1.4745077e-04	
   3.2586094e-03	
   6.2102262e-03	
   8.9446222e-03	
   1.1423253e-02	
   1.3647062e-02	
   1.5641735e-02	
   1.7442313e-02	
   1.9101411e-02	
   2.0677690e-02	
   2.2229067e-02	
   2.3790975e-02	
   2.5375481e-02	
   2.6951343e-02	
   2.8448512e-02	
   2.9797477e-02	
   3.0926359e-02	
   3.1761692e-02	
   3.2265609e-02	
   3.2438527e-02	
   3.2317783e-02	
   3.1987968e-02	
   3.1569501e-02	
   3.1179057e-02	
   3.0891293e-02	
   3.0700564e-02	
   3.0566584e-02	
   3.0454100e-02	
   3.0311574e-02	
   3.0084432e-02	
   2.9733914e-02	
   2.9218208e-02	
   2.8528276e-02	
   2.7691030e-02	
   2.6757796e-02	
   2.5777355e-02	
   2.4777633e-02	
   2.3776081e-02	
   2.2804365e-02	
   2.1885633e-02	
   2.1043371e-02	
   2.0316780e-02	
   1.9736694e-02	
   1.9327156e-02	
   1.9093935e-02	
   1.8997211e-02	
   1.8983142e-02	
   1.8994711e-02	
   1.8980879e-02	
   1.8893011e-02	
   1.8693565e-02	
   1.8345098e-02	
   1.7789824e-02	
   1.6952448e-02	
   1.5762871e-02	
   1.4168667e-02	
   1.2139452e-02	
   9.6674139e-03	
   6.7848647e-03	
   3.5693790e-03	
   1.2780192e-04	
  -3.4187863e-03	
  -6.9316388e-03	
  -1.0268146e-02	
  -1.3335384e-02	
  -1.6104418e-02	
  -1.8585190e-02	
  -2.0801980e-02	
  -2.2783646e-02	
  -2.4541700e-02	
  -2.6056074e-02	
  -2.7305251e-02	
  -2.8299034e-02	
  -2.9069040e-02	
  -2.9657500e-02	
  -3.0137586e-02	
  -3.0615506e-02	
  -3.1213795e-02	
  -3.2041351e-02	
  -3.3167953e-02	
  -3.4607793e-02	
  -3.6333403e-02	
  -3.8301205e-02	
  -4.0451533e-02	
  -4.2709508e-02	
  -4.4987729e-02	
  -4.7191603e-02	
  -4.9200892e-02	
  -5.0888879e-02	
  -5.2152599e-02	
  -5.2922923e-02	
  -5.3172697e-02	
  -5.2913969e-02	
  -5.2197370e-02	
  -5.1102124e-02	
  -4.9726027e-02	
  -4.8166129e-02	
  -4.6513616e-02	
  -4.4830154e-02	
  -4.3127330e-02	
  -4.1381565e-02	
  -3.9568029e-02	
  -3.7668177e-02	
  -3.5690114e-02	
  -3.3676364e-02	
  -3.1665891e-02	
  -2.9678170e-02	
  -2.7712615e-02	
  -2.5746971e-02	
  -2.3738875e-02	
  -2.1635238e-02	
  -1.9401201e-02	
  -1.7031950e-02	
  -1.4544087e-02	
  -1.1972522e-02	
  -9.3809574e-03	
  -6.8406944e-03	
  -4.3980115e-03	
  -2.0604626e-03	
   1.7018804e-04	
   2.2884276e-03	
   4.2731183e-03	
   6.0777766e-03	
   7.6402237e-03	
   8.9069994e-03	
   9.8320721e-03	
   1.0398351e-02	
   1.0604750e-02	
   1.0448825e-02	
   9.9492299e-03	
   9.1405143e-03	
   8.0721912e-03	
   6.8081868e-03	
   5.4009631e-03	
   3.9076407e-03	
   2.4018640e-03	
   9.7665896e-04	
  -2.8797453e-04	
  -1.3228554e-03	
  -2.0568457e-03	
  -2.4229352e-03	
  -2.3745035e-03	
  -1.9060014e-03	
  -1.0639734e-03	
   8.7294898e-05	
   1.4703157e-03	
   2.9871848e-03	
   4.5186979e-03	
   5.9608753e-03	
   7.2731963e-03	
   8.4626576e-03	
   9.5513264e-03	
   1.0580706e-02	
   1.1575150e-02	
   1.2540435e-02	
   1.3468653e-02	
   1.4338464e-02	
   1.5129451e-02	
   1.5841320e-02	
   1.6475826e-02	
   1.7039262e-02	
   1.7541309e-02	
   1.7996655e-02	
   1.8438268e-02	
   1.8902169e-02	
   1.9427214e-02	
   2.0060544e-02	
   2.0822152e-02	
   2.1707183e-02	
   2.2701783e-02	
   2.3784635e-02	
   2.4916057e-02	
   2.6049947e-02	
   2.7142374e-02	
   2.8165666e-02	
   2.9105756e-02	
   2.9934243e-02	
   3.0599542e-02	
   3.1074391e-02	
   3.1373151e-02	
   3.1508005e-02	
   3.1475432e-02	
   3.1273077e-02	
   3.0886881e-02	
   3.0318952e-02	
   2.9582434e-02	
   2.8685703e-02	
   2.7617860e-02	
   2.6377474e-02	
   2.4993484e-02	
   2.3526250e-02	
   2.2043894e-02	
   2.0608057e-02	
   1.9268912e-02	
   1.8062367e-02	
   1.7016688e-02	
   1.6147980e-02	
   1.5474552e-02	
   1.5010569e-02	
   1.4747839e-02	
   1.4645199e-02	
   1.4621285e-02	
   1.4566849e-02	
   1.4370450e-02	
   1.3918077e-02	
   1.3106535e-02	
   1.1850642e-02	
   1.0093537e-02	
   7.8357759e-03	
   5.1345811e-03	
   2.0767192e-03	
  -1.2537780e-03	
  -4.7646141e-03	
  -8.3446338e-03	
  -1.1880111e-02	
  -1.5241176e-02	
  -1.8290547e-02	
  -2.0909849e-02	
  -2.2999416e-02	
  -2.4491201e-02	
  -2.5361919e-02	
  -2.5646635e-02	
  -2.5422450e-02	
  -2.4783670e-02	
  -2.3845125e-02	
  -2.2744177e-02	
  -2.1589094e-02	
  -2.0422859e-02	
  -1.9233013e-02	
  -1.7986778e-02	
  -1.6658303e-02	
  -1.5240302e-02	
  -1.3729889e-02	
  -1.2141993e-02	
  -1.0502666e-02	
  -8.8248827e-03	
  -7.1300097e-03	
  -5.4297068e-03	
  -3.7165420e-03	
  -1.9653826e-03	
  -1.5726621e-04	
   1.7199394e-03	
   3.6741348e-03	
   5.6974459e-03	
   7.7793081e-03	
   9.9078080e-03	
   1.2054549e-02	
   1.4151837e-02	
   1.6100782e-02	
   1.7784954e-02	
   1.9098167e-02	
   1.9950307e-02	
   2.0263406e-02	
   1.9985724e-02	
   1.9104703e-02	
   1.7647805e-02	
   1.5693034e-02	
   1.3364756e-02	
   1.0818788e-02	
   8.2152781e-03	
   5.6933421e-03	
   3.3667532e-03	
   1.2966068e-03	
  -4.9422176e-04	
  -2.0147204e-03	
  -3.2731299e-03	
  -4.2682678e-03	
  -5.0159601e-03	
  -5.5453687e-03	
  -5.8717986e-03	
  -6.0102450e-03	
  -5.9825348e-03	
  -5.8027327e-03	
  -5.4950497e-03	
  -5.1123187e-03	
  -4.7451907e-03	
  -4.5064061e-03	
  -4.4890653e-03	
  -4.7449056e-03	
  -5.2919157e-03	
  -6.1061845e-03	
  -7.1203960e-03	
  -8.2365283e-03	
  -9.3411940e-03	
  -1.0329780e-02	
  -1.1116519e-02	
  -1.1637021e-02	
  -1.1841214e-02	
  -1.1695118e-02	
  -1.1189771e-02	
  -1.0329110e-02	
  -9.1297054e-03	
  -7.6289042e-03	
  -5.8815716e-03	
  -3.9628953e-03	
  -1.9466798e-03	
   9.7782318e-05	
   2.1148862e-03	
   4.0496933e-03	
   5.8426211e-03	
   7.4318307e-03	
   8.7557236e-03	
   9.7865816e-03	
   1.0522127e-02	
   1.0969303e-02	
   1.1158847e-02	
   1.1143447e-02	
   1.0998601e-02	
   1.0774972e-02	
   1.0497339e-02	
   1.0166290e-02	
   9.7656990e-03	
   9.2700905e-03	
   8.6705922e-03	
   7.9992127e-03	
   7.3149883e-03	
   6.6771972e-03	
   6.1317198e-03	
   5.7204298e-03	
   5.4702112e-03	
   5.3951624e-03	
   5.4845496e-03	
   5.6865063e-03	
   5.9277688e-03	
   6.1340262e-03	
   6.2288072e-03	
   6.1347517e-03	
   5.7915243e-03	
   5.1521964e-03	
   4.2050769e-03	
   2.9899512e-03	
   1.5635811e-03	
  -1.8137923e-05	
  -1.7161150e-03	
  -3.4944038e-03	
  -5.3010065e-03	
  -7.0674511e-03	
  -8.7305519e-03	
  -1.0238154e-02	
  -1.1553034e-02	
  -1.2641604e-02	
  -1.3473286e-02	
  -1.4023879e-02	
  -1.4279085e-02	
  -1.4239722e-02	
  -1.3929294e-02	
  -1.3388604e-02	
  -1.2651596e-02	
  -1.1754538e-02	
  -1.0728828e-02	
  -9.6009265e-03	
  -8.4023058e-03	
  -7.1503284e-03	
  -5.8750658e-03	
  -4.6501222e-03	
  -3.5570513e-03	
  -2.6472009e-03	
  -1.9500581e-03	
  -1.4765053e-03	
  -1.2228447e-03	
  -1.1705257e-03	
  -1.2785021e-03	
  -1.4858085e-03	
  -1.7235636e-03	
  -1.9449077e-03	
  -2.1065283e-03	
  -2.1720966e-03	
  -2.1542713e-03	
  -2.0828345e-03	
  -1.9761253e-03	
  -1.8596587e-03	
  -1.7757234e-03	
  -1.7864056e-03	
  -1.9727699e-03	
  -2.4200275e-03	
  -3.1876726e-03	
  -4.3172404e-03	
  -5.8167916e-03	
  -7.6447286e-03	
  -9.7500698e-03	
  -1.2089615e-02	
  -1.4623941e-02	
  -1.7342557e-02	
  -2.0217956e-02	
  -2.3212661e-02	
  -2.6315080e-02	
  -2.9508798e-02	
  -3.2756839e-02	
  -3.6010018e-02	
  -3.9209676e-02	
  -4.2307119e-02	
  -4.5254839e-02	
  -4.8031201e-02	
  -5.0622129e-02	
  -5.2988594e-02	
  -5.5077687e-02	
  -5.6836598e-02	
  -5.8224134e-02	
  -5.9241250e-02	
  -5.9920439e-02	
  -6.0305589e-02	
  -6.0459168e-02	
  -6.0466154e-02	
  -6.0429037e-02	
  -6.0473229e-02	
  -6.0722381e-02	
  -6.1284012e-02	
  -6.2240686e-02	
  -6.3630795e-02	
  -6.5452901e-02	
  -6.7660558e-02	
  -7.0164442e-02	
  -7.2842004e-02	
  -7.5561626e-02	
  -7.8196295e-02	
  -8.0638407e-02	
  -8.2805564e-02	
  -8.4640791e-02	
  -8.6103303e-02	
  -8.7151187e-02	
  -8.7744329e-02	
  -8.7855360e-02	
  -8.7461729e-02	
  -8.6573977e-02	
  -8.5233035e-02	
  -8.3486044e-02	
  -8.1386550e-02	
  -7.8988181e-02	
  -7.6341550e-02	
  -7.3494044e-02	
  -7.0491119e-02	
  -6.7380555e-02	
  -6.4223439e-02	
  -6.1086461e-02	
  -5.8034402e-02	
  -5.5113872e-02	
  -5.2357331e-02	
  -4.9803258e-02	
  -4.7453288e-02	
  -4.5266351e-02	
  -4.3172241e-02	
  -4.1081236e-02	
  -3.8909935e-02	
  -3.6586649e-02	
  -3.4067299e-02	
  -3.1352530e-02	
  -2.8483937e-02	
  -2.5551209e-02	
  -2.2658899e-02	
  -1.9933942e-02	
  -1.7498196e-02	
  -1.5444478e-02	
  -1.3843150e-02	
  -1.2746556e-02	
  -1.2185114e-02	
  -1.2154435e-02	
  -1.2614039e-02	
  -1.3502551e-02	
  -1.4760690e-02	
  -1.6324722e-02	
  -1.8119826e-02	
  -2.0081729e-02	
  -2.2165757e-02	
  -2.4330039e-02	
  -2.6523497e-02	
  -2.8683105e-02	
  -3.0743833e-02	
  -3.2643055e-02	
  -3.4345365e-02	
  -3.5863841e-02	
  -3.7229628e-02	
  -3.8455953e-02	
  -3.9522767e-02	
  -4.0405315e-02	
  -4.1090672e-02	
  -4.1600333e-02	
  -4.1990083e-02	
  -4.2332732e-02	
  -4.2678626e-02	
  -4.3055704e-02	
  -4.3490977e-02	
  -4.4002591e-02	
  -4.4602734e-02	
  -4.5313900e-02	
  -4.6139642e-02	
  -4.7052149e-02	
  -4.8040196e-02	
  -4.9107264e-02	
  -5.0283997e-02	
  -5.1587921e-02	
  -5.2985677e-02	
  -5.4422625e-02	
  -5.5850823e-02	
  -5.7223113e-02	
  -5.8487943e-02	
  -5.9588794e-02	
  -6.0490933e-02	
  -6.1178161e-02	
  -6.1625738e-02	
  -6.1819122e-02	
  -6.1750576e-02	
  -6.1427281e-02	
  -6.0874948e-02	
  -6.0130783e-02	
  -5.9239346e-02	
  -5.8257419e-02	
  -5.7244102e-02	
  -5.6246079e-02	
  -5.5271349e-02	
  -5.4282036e-02	
  -5.3202166e-02	
  -5.1947001e-02	
  -5.0437773e-02	
  -4.8602358e-02	
  -4.6392928e-02	
  -4.3804370e-02	
  -4.0833219e-02	
  -3.7516027e-02	
  -3.3917673e-02	
  -3.0101981e-02	
  -2.6145838e-02	
  -2.2151991e-02	
  -1.8223651e-02	
  -1.4461243e-02	
  -1.0965063e-02	
  -7.8155748e-03	
  -5.0822408e-03	
  -2.8338487e-03	
  -1.1264085e-03	
  -7.2192252e-06	
   5.0381449e-04	
   4.2114716e-04	
  -2.3293389e-04	
  -1.4161469e-03	
  -3.0558333e-03	
  -5.0595985e-03	
  -7.3000894e-03	
  -9.6429121e-03	
  -1.1967620e-02	
  -1.4170007e-02	
  -1.6168839e-02	
  -1.7913403e-02	
  -1.9397663e-02	
  -2.0662175e-02	
  -2.1792045e-02	
  -2.2882070e-02	
  -2.4007038e-02	
  -2.5213993e-02	
  -2.6526054e-02	
  -2.7939268e-02	
  -2.9435039e-02	
  -3.0997920e-02	
  -3.2593619e-02	
  -3.4198060e-02	
  -3.5798579e-02	
  -3.7368428e-02	
  -3.8855156e-02	
  -4.0187568e-02	
  -4.1301842e-02	
  -4.2159790e-02	
  -4.2748667e-02	
  -4.3081848e-02	
  -4.3175378e-02	
  -4.3052093e-02	
  -4.2749582e-02	
  -4.2310959e-02	
  -4.1783251e-02	
  -4.1219880e-02	
  -4.0659181e-02	
  -4.0097600e-02	
  -3.9501117e-02	
  -3.8831552e-02	
  -3.8069300e-02	
  -3.7219203e-02	
  -3.6306924e-02	
  -3.5363731e-02	
  -3.4424916e-02	
  -3.3530472e-02	
  -3.2710057e-02	
  -3.1974455e-02	
  -3.1296247e-02	
  -3.0610155e-02	
  -2.9833686e-02	
  -2.8885893e-02	
  -2.7701030e-02	
  -2.6216639e-02	
  -2.4382425e-02	
  -2.2158821e-02	
  -1.9522640e-02	
  -1.6478114e-02	
  -1.3037539e-02	
  -9.2182192e-03	
  -5.0293131e-03	
  -4.6266718e-04	
   4.5150574e-03	
   9.9406351e-03	
   1.5852153e-02	
   2.2253021e-02	
   2.9116352e-02	
   3.6365520e-02	
   4.3890367e-02	
   5.1553885e-02	
   5.9215882e-02	
   6.6761474e-02	
   7.4088599e-02	
   8.1084292e-02	
   8.7661486e-02	
   9.3764884e-02	
   9.9332576e-02	
   1.0431546e-01	
   1.0870667e-01	
   1.1252974e-01	
   1.1585705e-01	
   1.1879131e-01	
   1.2144582e-01	
   1.2393432e-01	
   1.2637928e-01	
   1.2888935e-01	
   1.3157148e-01	
   1.3452501e-01	
   1.3783141e-01	
   1.4154288e-01	
   1.4566791e-01	
   1.5016648e-01	
   1.5498719e-01	
   1.6006215e-01	
   1.6531627e-01	
   1.7067473e-01	
   1.7607567e-01	
   1.8146681e-01	
   1.8682282e-01	
   1.9213732e-01	
   1.9742919e-01	
   2.0269419e-01	
   2.0791065e-01	
   2.1303692e-01	
   2.1802552e-01	
   2.2283561e-01	
   2.2742478e-01	
   2.3174924e-01	
   2.3577264e-01	
   2.3946964e-01	
   2.4283446e-01	
   2.4588309e-01	
   2.4864692e-01	
   2.5116851e-01	
   2.5347229e-01	
   2.5554992e-01	
   2.5737444e-01	
   2.5891473e-01	
   2.6013533e-01	
   2.6100936e-01	
   2.6151819e-01	
   2.6164588e-01	
   2.6136279e-01	
   2.6063280e-01	
   2.5940281e-01	
   2.5760280e-01	
   2.5516503e-01	
   2.5202342e-01	
   2.4813565e-01	
   2.4347311e-01	
   2.3802347e-01	
   2.3179311e-01	
   2.2480139e-01	
   2.1709994e-01	
   2.0876989e-01	
   1.9992276e-01	
   1.9072064e-01	
   1.8137139e-01	
   1.7208961e-01	
   1.6305776e-01	
   1.5439078e-01	
   1.4615052e-01	
   1.3837937e-01	
   1.3109419e-01	
   1.2428441e-01	
   1.1791720e-01	
   1.1192745e-01	
   1.0623222e-01	
   1.0075040e-01	
   9.5423476e-02	
   9.0200395e-02	
   8.5040876e-02	
   7.9892175e-02	
   7.4706268e-02	
   6.9433905e-02	
   6.4032555e-02	
   5.8452682e-02	
   5.2653224e-02	
   4.6627906e-02	
   4.0374612e-02	
   3.3884086e-02	
   2.7175797e-02	
   2.0289280e-02	
   1.3257549e-02	
   6.0812782e-03	
  -1.2556498e-03	
  -8.7730767e-03	
  -1.6464944e-02	
  -2.4295848e-02	
  -3.2199686e-02	
  -4.0072796e-02	
  -4.7777662e-02	
  -5.5180057e-02	
  -6.2145791e-02	
  -6.8534045e-02	
  -7.4208559e-02	
  -7.9068582e-02	
  -8.3040370e-02	
  -8.6109022e-02	
  -8.8330282e-02	
  -8.9790669e-02	
  -9.0584467e-02	
  -9.0836674e-02	
  -9.0671885e-02	
  -9.0207421e-02	
  -8.9551452e-02	
  -8.8793276e-02	
  -8.7978155e-02	
  -8.7106579e-02	
  -8.6157552e-02	
  -8.5086792e-02	
  -8.3843645e-02	
  -8.2386688e-02	
  -8.0678660e-02	
  -7.8689935e-02	
  -7.6408683e-02	
  -7.3844504e-02	
  -7.1012790e-02	
  -6.7918689e-02	
  -6.4573670e-02	
  -6.1015652e-02	
  -5.7294935e-02	
  -5.3482201e-02	
  -4.9657930e-02	
  -4.5893055e-02	
  -4.2239161e-02	
  -3.8729722e-02	
  -3.5375593e-02	
  -3.2182079e-02	
  -2.9150094e-02	
  -2.6268119e-02	
  -2.3515008e-02	
  -2.0872463e-02	
  -1.8355049e-02	
  -1.6007514e-02	
  -1.3901925e-02	
  -1.2143202e-02	
  -1.0837734e-02	
  -1.0061543e-02	
  -9.8627096e-03	
  -1.0230523e-02	
  -1.1118733e-02	
  -1.2489855e-02	
  -1.4331487e-02	
  -1.6667429e-02	
  -1.9549233e-02	
  -2.3017692e-02	
  -2.7079923e-02	
  -3.1685507e-02	
  -3.6718995e-02	
  -4.2019585e-02	
  -4.7400592e-02	
  -5.2690560e-02	
  -5.7751720e-02	
  -6.2474805e-02	
  -6.6771621e-02	
  -7.0561569e-02	
  -7.3762012e-02	
  -7.6310128e-02	
  -7.8155544e-02	
  -7.9238559e-02	
  -7.9499288e-02	
  -7.8900893e-02	
  -7.7432376e-02	
  -7.5121606e-02	
  -7.2055683e-02	
  -6.8383946e-02	
  -6.4313268e-02	
  -6.0054337e-02	
  -5.5810463e-02	
  -5.1757857e-02	
  -4.8022688e-02	
  -4.4675921e-02	
  -4.1748594e-02	
  -3.9249571e-02	
  -3.7173574e-02	
  -3.5497286e-02	
  -3.4177496e-02	
  -3.3167136e-02	
  -3.2405553e-02	
  -3.1805181e-02	
  -3.1260659e-02	
  -3.0675229e-02	
  -2.9979145e-02	
  -2.9132480e-02	
  -2.8116671e-02	
  -2.6923990e-02	
  -2.5561569e-02	
  -2.4055094e-02	
  -2.2446781e-02	
  -2.0791694e-02	
  -1.9163634e-02	
  -1.7651154e-02	
  -1.6346070e-02	
  -1.5348628e-02	
  -1.4754023e-02	
  -1.4619406e-02	
  -1.4960978e-02	
  -1.5758688e-02	
  -1.6963559e-02	
  -1.8491872e-02	
  -2.0245423e-02	
  -2.2134295e-02	
  -2.4073542e-02	
  -2.5956842e-02	
  -2.7648138e-02	
  -2.8999611e-02	
  -2.9866636e-02	
  -3.0127561e-02	
  -2.9685417e-02	
  -2.8463921e-02	
  -2.6392172e-02	
  -2.3387499e-02	
  -1.9387949e-02	
  -1.4350507e-02	
  -8.2346982e-03	
  -1.0387150e-03	
   7.1772943e-03	
   1.6299150e-02	
   2.6134212e-02	
   3.6427971e-02	
   4.6920784e-02	
   5.7429928e-02	
   6.7868353e-02	
   7.8226949e-02	
   8.8548993e-02	
   9.8931592e-02	
   1.0947604e-01	
   1.2027253e-01	
   1.3137335e-01	
   1.4278497e-01	
   1.5448710e-01	
   1.6643516e-01	
   1.7857006e-01	
   1.9084875e-01	
   2.0323945e-01	
   2.1572910e-01	
   2.2827960e-01	
   2.4077627e-01	
   2.5305153e-01	
   2.6494117e-01	
   2.7630768e-01	
   2.8702068e-01	
   2.9699241e-01	
   3.0620359e-01	
   3.1466902e-01	
   3.2244735e-01	
   3.2962854e-01	
   3.3633088e-01	
   3.4264441e-01	
   3.4860630e-01	
   3.5422792e-01	
   3.5951783e-01	
   3.6446542e-01	
   3.6905205e-01	
   3.7327758e-01	
   3.7716143e-01	
   3.8071988e-01	
   3.8393069e-01	
   3.8674386e-01	
   3.8910622e-01	
   3.9099095e-01	
   3.9237953e-01	
   3.9322275e-01	
   3.9344898e-01	
   3.9300682e-01	
   3.9185591e-01	
   3.8997036e-01	
   3.8731086e-01	
   3.8384008e-01	
   3.7952697e-01	
   3.7434638e-01	
   3.6829886e-01	
   3.6141768e-01	
   3.5374956e-01	
   3.4535815e-01	
   3.3632630e-01	
   3.2673399e-01	
   3.1663791e-01	
   3.0609420e-01	
   2.9513529e-01	
   2.8376518e-01	
   2.7194082e-01	
   2.5961499e-01	
   2.4672313e-01	
   2.3316747e-01	
   2.1880159e-01	
   2.0348406e-01	
   1.8708891e-01	
   1.6959204e-01	
   1.5106175e-01	
   1.3160097e-01	
   1.1124934e-01	
   8.9992387e-02	
   6.7818328e-02	
   4.4747809e-02	
   2.0815787e-02	
  -3.8941872e-03	
  -2.9280071e-02	
  -5.5208465e-02	
  -8.1527785e-02	
  -1.0810119e-01	
  -1.3482935e-01	
  -1.6161919e-01	
  -1.8837732e-01	
  -2.1502059e-01	
  -2.4152228e-01	
  -2.6787747e-01	
  -2.9410391e-01	
  -3.2014431e-01	
  -3.4590154e-01	
  -3.7125967e-01	
  -3.9616158e-01	
  -4.2058784e-01	
  -4.4451892e-01	
  -4.6789933e-01	
  -4.9063995e-01	
  -5.1262992e-01	
  -5.3376554e-01	
  -5.5390607e-01	
  -5.7292305e-01	
  -5.9071012e-01	
  -6.0720412e-01	
  -6.2235106e-01	
  -6.3608099e-01	
  -6.4831646e-01	
  -6.5898329e-01	
  -6.6798672e-01	
  -6.7525132e-01	
  -6.8069613e-01	
  -6.8420327e-01	
  -6.8562436e-01	
  -6.8478342e-01	
  -6.8150529e-01	
  -6.7562518e-01	
  -6.6699708e-01	
  -6.5555704e-01	
  -6.4134484e-01	
  -6.2449895e-01	
  -6.0525966e-01	
  -5.8395214e-01	
  -5.6096388e-01	
  -5.3673305e-01	
  -5.1172403e-01	
  -4.8638396e-01	
  -4.6109070e-01	
  -4.3611141e-01	
  -4.1160885e-01	
  -3.8766013e-01	
  -3.6431019e-01	
  -3.4158623e-01	
  -3.1951334e-01	
  -2.9811194e-01	
  -2.7742836e-01	
  -2.5750851e-01	
  -2.3837936e-01	
  -2.1999637e-01	
  -2.0229255e-01	
  -1.8519397e-01	
  -1.6864972e-01	
  -1.5260114e-01	
  -1.3698132e-01	
  -1.2170449e-01	
  -1.0670249e-01	
  -9.1907598e-02	
  -7.7262603e-02	
  -6.2752218e-02	
  -4.8386474e-02	
  -3.4161319e-02	
  -2.0071623e-02	
  -6.0933208e-03	
   7.7968246e-03	
   2.1640696e-02	
   3.5467285e-02	
   4.9320991e-02	
   6.3256895e-02	
   7.7329655e-02	
   9.1574099e-02	
   1.0600175e-01	
   1.2057539e-01	
   1.3522959e-01	
   1.4988004e-01	
   1.6443244e-01	
   1.7878779e-01	
   1.9291069e-01	
   2.0682543e-01	
   2.2056157e-01	
   2.3409052e-01	
   2.4730214e-01	
   2.6001025e-01	
   2.7201075e-01	
   2.8312318e-01	
   2.9320292e-01	
   3.0211590e-01	
   3.0974455e-01	
   3.1596511e-01	
   3.2063778e-01	
   3.2358617e-01	
   3.2458454e-01	
   3.2340708e-01	
   3.1990150e-01	
   3.1398560e-01	
   3.0568088e-01	
   2.9510873e-01	
   2.8248118e-01	
   2.6810394e-01	
   2.5234287e-01	
   2.3560777e-01	
   2.1827585e-01	
   2.0068870e-01	
   1.8317557e-01	
   1.6604577e-01	
   1.4954744e-01	
   1.3382721e-01	
   1.1887064e-01	
   1.0452812e-01	
   9.0594434e-02	
   7.6898466e-02	
   6.3353546e-02	
   4.9977867e-02	
   3.6870826e-02	
   2.4144556e-02	
   1.1889695e-02	
   2.0297148e-04	
  -1.0830250e-02	
  -2.1111403e-02	
  -3.0553210e-02	
  -3.9125950e-02	
  -4.6882181e-02	
  -5.3914622e-02	
  -6.0340499e-02	
  -6.6272148e-02	
  -7.1812625e-02	
  -7.7075265e-02	
  -8.2193223e-02	
  -8.7285012e-02	
  -9.2456867e-02	
  -9.7795554e-02	
  -1.0336619e-01	
  -1.0917457e-01	
  -1.1516465e-01	
  -1.2124778e-01	
  -1.2732357e-01	
  -1.3329862e-01	
  -1.3909025e-01	
  -1.4460328e-01	
  -1.4971558e-01	
  -1.5428163e-01	
  -1.5815878e-01	
  -1.6123438e-01	
  -1.6343015e-01	
  -1.6468310e-01	
  -1.6494487e-01	
  -1.6416986e-01	
  -1.6230146e-01	
  -1.5928183e-01	
  -1.5504528e-01	
  -1.4952750e-01	
  -1.4272345e-01	
  -1.3467779e-01	
  -1.2545983e-01	
  -1.1515443e-01	
  -1.0387126e-01	
  -9.1770505e-02	
  -7.9070453e-02	
  -6.6038396e-02	
  -5.2977850e-02	
  -4.0209562e-02	
  -2.8046736e-02	
  -1.6782651e-02	
  -6.6832585e-03	
   2.0122661e-03	
   9.1153589e-03	
   1.4489822e-02	
   1.8055978e-02	
   1.9795787e-02	
   1.9766196e-02	
   1.8118960e-02	
   1.5078405e-02	
   1.0919050e-02	
   5.9770903e-03	
   6.0100979e-04	
  -4.9033170e-03	
  -1.0287190e-02	
  -1.5335025e-02	
  -1.9881401e-02	
  -2.3808246e-02	
  -2.7024105e-02	
  -2.9470791e-02	
  -3.1116883e-02	
  -3.1942747e-02	
  -3.1920958e-02	
  -3.1041613e-02	
  -2.9331534e-02	
  -2.6825223e-02	
  -2.3583448e-02	
  -1.9706334e-02	
  -1.5334837e-02	
  -1.0620837e-02	
  -5.7204199e-03	
  -8.0734322e-04	
   3.9346655e-03	
   8.3447971e-03	
   1.2294486e-02	
   1.5713786e-02	
   1.8587649e-02	
   2.0910412e-02	
   2.2661930e-02	
   2.3827397e-02	
   2.4397564e-02	
   2.4379868e-02	
   2.3806032e-02	
   2.2754128e-02	
   2.1341821e-02	
   1.9688425e-02	
   1.7908542e-02	
   1.6096795e-02	
   1.4319739e-02	
   1.2643100e-02	
   1.1134860e-02	
   9.8636165e-03	
   8.8840171e-03	
   8.2407277e-03	
   7.9715956e-03	
   8.1097405e-03	
   8.6718831e-03	
   9.6481409e-03	
   1.1002866e-02	
   1.2698835e-02	
   1.4700542e-02	
   1.6949523e-02	
   1.9357418e-02	
   2.1830951e-02	
   2.4287809e-02	
   2.6635597e-02	
   2.8786072e-02	
   3.0671446e-02	
   3.2236492e-02	
   3.3422318e-02	
   3.4170183e-02	
   3.4452555e-02	
   3.4275193e-02	
   3.3669330e-02	
   3.2665613e-02	
   3.1298853e-02	
   2.9599207e-02	
   2.7596896e-02	
   2.5318430e-02	
   2.2784194e-02	
   2.0017047e-02	
   1.7087923e-02	
   1.4131322e-02	
   1.1311128e-02	
   8.7787794e-03	
   6.6494870e-03	
   4.9944043e-03	
   3.8449507e-03	
   3.2015166e-03	
   3.0472842e-03	
   3.3541853e-03	
   4.0842761e-03	
   5.2066127e-03	
   6.6769881e-03	
   8.4267831e-03	
   1.0385925e-02	
   1.2469716e-02	
   1.4571514e-02	
   1.6589030e-02	
   1.8416446e-02	
   1.9941344e-02	
   2.1059155e-02	
   2.1682142e-02	
   2.1766089e-02	
   2.1317940e-02	
   2.0357263e-02	
   1.8899547e-02	
   1.6962440e-02	
   1.4590166e-02	
   1.1876084e-02	
   8.9619998e-03	
   6.0262663e-03	
   3.2364499e-03	
   7.4776260e-04	
  -1.2967383e-03	
  -2.7843801e-03	
  -3.6304277e-03	
  -3.7890009e-03	
  -3.2508553e-03	
  -2.0475139e-03	
  -2.4309116e-04	
   2.1034310e-03	
   4.9360346e-03	
   8.1918793e-03	
   1.1808232e-02	
   1.5736000e-02	
   1.9932692e-02	
   2.4365750e-02	
   2.8985730e-02	
   3.3706291e-02	
   3.8438257e-02	
   4.3100345e-02	
   4.7653543e-02	
   5.2089257e-02	
   5.6395655e-02	
   6.0563548e-02	
   6.4591799e-02	
   6.8494412e-02	
   7.2317588e-02	
   7.6155609e-02	
   8.0139783e-02	
   8.4413992e-02	
   8.9139357e-02	
   9.4470200e-02	
   1.0053267e-01	
   1.0740429e-01	
   1.1510435e-01	
   1.2360826e-01	
   1.3284330e-01	
   1.4273178e-01	
   1.5315850e-01	
   1.6395205e-01	
   1.7490107e-01	
   1.8581039e-01	
   1.9655239e-01	
   2.0706988e-01	
   2.1735476e-01	
   2.2737715e-01	
   2.3705108e-01	
   2.4625123e-01	
   2.5484215e-01	
   2.6271624e-01	
   2.6980494e-01	
   2.7607574e-01	
   2.8150577e-01	
   2.8605923e-01	
   2.8969170e-01	
   2.9236165e-01	
   2.9403258e-01	
   2.9467589e-01	
   2.9426428e-01	
   2.9275161e-01	
   2.9007324e-01	
   2.8615490e-01	
   2.8090788e-01	
   2.7419394e-01	
   2.6583848e-01	
   2.5566912e-01	
   2.4355040e-01	
   2.2939906e-01	
   2.1320473e-01	
   1.9504952e-01	
   1.7513392e-01	
   1.5379755e-01	
   1.3146723e-01	
   1.0853494e-01	
   8.5264408e-02	
   6.1781368e-02	
   3.8137315e-02	
   1.4323342e-02	
  -9.6495298e-03	
  -3.3744878e-02	
  -5.7872505e-02	
  -8.1902044e-02	
  -1.0566130e-01	
  -1.2899139e-01	
  -1.5175277e-01	
  -1.7381618e-01	
  -1.9507109e-01	
  -2.1544519e-01	
  -2.3487876e-01	
  -2.5332613e-01	
  -2.7072733e-01	
  -2.8702068e-01	
  -3.0215969e-01	
  -3.1614240e-01	
  -3.2900002e-01	
  -3.4078206e-01	
  -3.5154775e-01	
  -3.6136817e-01	
  -3.7031391e-01	
  -3.7845254e-01	
  -3.8585399e-01	
  -3.9259154e-01	
  -3.9872950e-01	
  -4.0431688e-01	
  -4.0936872e-01	
  -4.1387823e-01	
  -4.1784019e-01	
  -4.2123728e-01	
  -4.2404481e-01	
  -4.2623789e-01	
  -4.2781094e-01	
  -4.2878113e-01	
  -4.2917525e-01	
  -4.2902459e-01	
  -4.2835629e-01	
  -4.2717115e-01	
  -4.2543085e-01	
  -4.2303157e-01	
  -4.1983653e-01	
  -4.1569875e-01	
  -4.1045337e-01	
  -4.0393150e-01	
  -3.9600480e-01	
  -3.8660881e-01	
  -3.7573634e-01	
  -3.6345936e-01	
  -3.4994888e-01	
  -3.3544762e-01	
  -3.2023230e-01	
  -3.0458945e-01	
  -2.8879161e-01	
  -2.7304769e-01	
  -2.5748964e-01	
  -2.4216820e-01	
  -2.2707804e-01	
  -2.1216877e-01	
  -1.9737127e-01	
  -1.8258128e-01	
  -1.6767348e-01	
  -1.5252320e-01	
  -1.3704570e-01	
  -1.2118675e-01	
  -1.0494022e-01	
  -8.8314841e-02	
  -7.1341902e-02	
  -5.4063946e-02	
  -3.6540921e-02	
  -1.8829587e-02	
  -9.9130450e-04	
   1.6925266e-02	
   3.4861782e-02	
   5.2722750e-02	
   7.0360841e-02	
   8.7629541e-02	
   1.0437314e-01	
   1.2040783e-01	
   1.3550452e-01	
   1.4942260e-01	
   1.6195889e-01	
   1.7301830e-01	
   1.8261143e-01	
   1.9086141e-01	
   1.9799439e-01	
   2.0430392e-01	
   2.1006157e-01	
   2.1547435e-01	
   2.2066647e-01	
   2.2569462e-01	
   2.3056582e-01	
   2.3530376e-01	
   2.3997161e-01	
   2.4463758e-01	
   2.4935175e-01	
   2.5415988e-01	
   2.5907993e-01	
   2.6410317e-01	
   2.6918026e-01	
   2.7424141e-01	
   2.7923099e-01	
   2.8411731e-01	
   2.8886661e-01	
   2.9344687e-01	
   2.9782281e-01	
   3.0194081e-01	
   3.0571903e-01	
   3.0905443e-01	
   3.1182905e-01	
   3.1392686e-01	
   3.1527948e-01	
   3.1586225e-01	
   3.1567761e-01	
   3.1476861e-01	
   3.1321035e-01	
   3.1111148e-01	
   3.0859389e-01	
   3.0578349e-01	
   3.0279597e-01	
   2.9970967e-01	
   2.9658334e-01	
   2.9348111e-01	
   2.9046776e-01	
   2.8760050e-01	
   2.8492270e-01	
   2.8248510e-01	
   2.8033631e-01	
   2.7848630e-01	
   2.7689919e-01	
   2.7551732e-01	
   2.7426878e-01	
   2.7307857e-01	
   2.7187538e-01	
   2.7060118e-01	
   2.6921931e-01	
   2.6768907e-01	
   2.6598056e-01	
   2.6408822e-01	
   2.6202007e-01	
   2.5976817e-01	
   2.5727036e-01	
   2.5440931e-01	
   2.5104956e-01	
   2.4705933e-01	
   2.4232514e-01	
   2.3674593e-01	
   2.3023942e-01	
   2.2273912e-01	
   2.1418823e-01	
   2.0453579e-01	
   1.9375841e-01	
   1.8189329e-01	
   1.6908215e-01	
   1.5553956e-01	
   1.4147932e-01	
   1.2702888e-01	
   1.1224232e-01	
   9.7131578e-02	
   8.1721324e-02	
   6.6064368e-02	
   5.0259601e-02	
   3.4416043e-02	
   1.8661260e-02	
   3.1250389e-03	
  -1.2096306e-02	
  -2.6948974e-02	
  -4.1404424e-02	
  -5.5438703e-02	
  -6.9024384e-02	
  -8.2146327e-02	
  -9.4789075e-02	
  -1.0692659e-01	
  -1.1851974e-01	
  -1.2949156e-01	
  -1.3972244e-01	
  -1.4907848e-01	
  -1.5743786e-01	
  -1.6470213e-01	
  -1.7078364e-01	
  -1.7564299e-01	
  -1.7928591e-01	
  -1.8175587e-01	
  -1.8312344e-01	
  -1.8345637e-01	
  -1.8282385e-01	
  -1.8132122e-01	
  -1.7906867e-01	
  -1.7616097e-01	
  -1.7265751e-01	
  -1.6861777e-01	
  -1.6413791e-01	
  -1.5933020e-01	
  -1.5427329e-01	
  -1.4901165e-01	
  -1.4356373e-01	
  -1.3792766e-01	
  -1.3207475e-01	
  -1.2597380e-01	
  -1.1959736e-01	
  -1.1291659e-01	
  -1.0591882e-01	
  -9.8606835e-02	
  -9.1005385e-02	
  -8.3179179e-02	
  -7.5238453e-02	
  -6.7325857e-02	
  -5.9602454e-02	
  -5.2227648e-02	
  -4.5334619e-02	
  -3.9015337e-02	
  -3.3328469e-02	
  -2.8297547e-02	
  -2.3909056e-02	
  -2.0086035e-02	
  -1.6721065e-02	
  -1.3739317e-02	
  -1.1098798e-02	
  -8.7809689e-03	
  -6.7756441e-03	
  -5.0729858e-03	
  -3.6694109e-03	
  -2.5415350e-03	
  -1.6585852e-03	
  -1.0048716e-03	
  -5.5764547e-04	
  -2.7181590e-04	
  -1.0150825e-04	
  -1.6761409e-05	
   2.0168519e-06	
  -3.7643201e-05	
  -1.4337255e-04	
  -3.3421705e-04	
  -6.3833901e-04	
  -1.0976926e-03	
  -1.7569078e-03	
  -2.6555302e-03	
  -3.8211368e-03	
  -5.2674482e-03	
  -6.9938558e-03	
  -9.0080296e-03	
  -1.1333048e-02	
  -1.3987318e-02	
  -1.6969850e-02	
  -2.0237155e-02	
  -2.3710949e-02	
  -2.7269197e-02	
  -3.0747346e-02	
  -3.3989823e-02	
  -3.6841439e-02	
  -3.9164447e-02	
  -4.0867312e-02	
  -4.1886855e-02	
  -4.2191972e-02	
  -4.1780375e-02	
  -4.0667147e-02	
  -3.8885197e-02	
  -3.6478454e-02	
  -3.3511485e-02	
  -3.0049146e-02	
  -2.6134580e-02	
  -2.1766694e-02	
  -1.6902831e-02	
  -1.1508654e-02	
  -5.5852824e-03	
   8.4038336e-04	
   7.7212268e-03	
   1.4987293e-02	
   2.2546659e-02	
   3.0274245e-02	
   3.8009463e-02	
   4.5557203e-02	
   5.2708632e-02	
   5.9265025e-02	
   6.5086468e-02	
   7.0102595e-02	
   7.4301926e-02	
   7.7722002e-02	
   8.0432277e-02	
   8.2504418e-02	
   8.4005656e-02	
   8.5029438e-02	
   8.5704199e-02	
   8.6181653e-02	
   8.6627490e-02	
   8.7228802e-02	
   8.8175052e-02	
   8.9598511e-02	
   9.1553265e-02	
   9.4015376e-02	
   9.6892033e-02	
   1.0005243e-01	
   1.0335344e-01	
   1.0665412e-01	
   1.0979875e-01	
   1.1262206e-01	
   1.1494945e-01	
   1.1659954e-01	
   1.1741916e-01	
   1.1730339e-01	
   1.1617715e-01	
   1.1400925e-01	
   1.1080015e-01	
   1.0656556e-01	
   1.0134084e-01	
   9.5196840e-02	
   8.8237307e-02	
   8.0589811e-02	
   7.2404158e-02	
   6.3827422e-02	
   5.4962033e-02	
   4.5870391e-02	
   3.6567294e-02	
   2.7064424e-02	
   1.7370057e-02	
   7.4885869e-03	
  -2.5660843e-03	
  -1.2788869e-02	
  -2.3169180e-02	
  -3.3671193e-02	
  -4.4251383e-02	
  -5.4833396e-02	
  -6.5315196e-02	
  -7.5581462e-02	
  -8.5515472e-02	
  -9.4997982e-02	
  -1.0393833e-01	
  -1.1227859e-01	
  -1.1997792e-01	
  -1.2700012e-01	
  -1.3334878e-01	
  -1.3906508e-01	
  -1.4421357e-01	
  -1.4888346e-01	
  -1.5319020e-01	
  -1.5723957e-01	
  -1.6111591e-01	
  -1.6487085e-01	
  -1.6852096e-01	
  -1.7203046e-01	
  -1.7530998e-01	
  -1.7824154e-01	
  -1.8070145e-01	
  -1.8257172e-01	
  -1.8374444e-01	
  -1.8410441e-01	
  -1.8350327e-01	
  -1.8178119e-01	
  -1.7881205e-01	
  -1.7450229e-01	
  -1.6880364e-01	
  -1.6172074e-01	
  -1.5331683e-01	
  -1.4370940e-01	
  -1.3301798e-01	
  -1.2136396e-01	
  -1.0889082e-01	
  -9.5762531e-02	
  -8.2171164e-02	
  -6.8337761e-02	
  -5.4482315e-02	
  -4.0798219e-02	
  -2.7413357e-02	
  -1.4390973e-02	
  -1.7295604e-03	
   1.0617904e-02	
   2.2696513e-02	
   3.4509957e-02	
   4.6058865e-02	
   5.7339740e-02	
   6.8363276e-02	
   7.9157954e-02	
   8.9763463e-02	
   1.0019998e-01	
   1.1043577e-01	
   1.2038421e-01	
   1.2993699e-01	
   1.3897162e-01	
   1.4735477e-01	
   1.5494062e-01	
   1.6158038e-01	
   1.6711702e-01	
   1.7136779e-01	
   1.7413007e-01	
   1.7521545e-01	
   1.7450254e-01	
   1.7196731e-01	
   1.6768427e-01	
   1.6182066e-01	
   1.5457460e-01	
   1.4611179e-01	
   1.3655158e-01	
   1.2599472e-01	
   1.1454912e-01	
   1.0234110e-01	
   8.9509049e-02	
   7.6199441e-02	
   6.2558572e-02	
   4.8697538e-02	
   3.4699771e-02	
   2.0634912e-02	
   6.5762258e-03	
  -7.4138926e-03	
  -2.1294991e-02	
  -3.5025795e-02	
  -4.8560544e-02	
  -6.1853338e-02	
  -7.4853712e-02	
  -8.7481991e-02	
  -9.9618934e-02	
  -1.1113790e-01	
  -1.2193055e-01	
  -1.3193210e-01	
  -1.4109345e-01	
  -1.4938690e-01	
  -1.5682454e-01	
  -1.6343971e-01	
  -1.6927921e-01	
  -1.7438130e-01	
  -1.7876548e-01	
  -1.8243937e-01	
  -1.8538326e-01	
  -1.8755657e-01	
  -1.8890127e-01	
  -1.8933501e-01	
  -1.8874465e-01	
  -1.8699815e-01	
  -1.8397132e-01	
  -1.7957047e-01	
  -1.7374592e-01	
  -1.6653132e-01	
  -1.5805584e-01	
  -1.4854106e-01	
  -1.3828599e-01	
  -1.2760813e-01	
  -1.1678974e-01	
  -1.0605036e-01	
  -9.5528951e-02	
  -8.5274784e-02	
  -7.5304238e-02	
  -6.5630991e-02	
  -5.6230474e-02	
  -4.7037721e-02	
  -3.7984626e-02	
  -2.9017119e-02	
  -2.0102089e-02	
  -1.1196380e-02	
  -2.2271910e-03	
   6.8989498e-03	
   1.6276544e-02	
   2.5993721e-02	
   3.6107201e-02	
   4.6656288e-02	
   5.7641776e-02	
   6.9027701e-02	
   8.0729584e-02	
   9.2634810e-02	
   1.0460370e-01	
   1.1648083e-01	
   1.2807831e-01	
   1.3919017e-01	
   1.4965283e-01	
   1.5937905e-01	
   1.6836515e-01	
   1.7666587e-01	
   1.8436185e-01	
   1.9154124e-01	
   1.9827830e-01	
   2.0459600e-01	
   2.1044793e-01	
   2.1575352e-01	
   2.2043910e-01	
   2.2445653e-01	
   2.2777445e-01	
   2.3035781e-01	
   2.3216632e-01	
   2.3314778e-01	
   2.3322997e-01	
   2.3233176e-01	
   2.3035519e-01	
   2.2720549e-01	
   2.2281706e-01	
   2.1713352e-01	
   2.1012014e-01	
   2.0176804e-01	
   1.9211485e-01	
   1.8125055e-01	
   1.6933117e-01	
   1.5654782e-01	
   1.4309534e-01	
   1.2910446e-01	
   1.1463981e-01	
   9.9744916e-02	
   8.4482375e-02	
   6.8938272e-02	
   5.3227158e-02	
   3.7461084e-02	
   2.1753074e-02	
   6.1516440e-03	
  -9.3381466e-03	
  -2.4732469e-02	
  -4.0034168e-02	
  -5.5230499e-02	
  -7.0286706e-02	
  -8.5146269e-02	
  -9.9739442e-02	
  -1.1399879e-01	
  -1.2784040e-01	
  -1.4119803e-01	
  -1.5403244e-01	
  -1.6632151e-01	
  -1.7804472e-01	
  -1.8920813e-01	
  -1.9982701e-01	
  -2.0992643e-01	
  -2.1953395e-01	
  -2.2868034e-01	
  -2.3739095e-01	
  -2.4565711e-01	
  -2.5341248e-01	
  -2.6054563e-01	
  -2.6691823e-01	
  -2.7239148e-01	
  -2.7682297e-01	
  -2.8007749e-01	
  -2.8204351e-01	
  -2.8264932e-01	
  -2.8185838e-01	
  -2.7967936e-01	
  -2.7617059e-01	
  -2.7145283e-01	
  -2.6568538e-01	
  -2.5903287e-01	
  -2.5164548e-01	
  -2.4365334e-01	
  -2.3516185e-01	
  -2.2625835e-01	
  -2.1702567e-01	
  -2.0752887e-01	
  -1.9787356e-01	
  -1.8820347e-01	
  -1.7867308e-01	
  -1.6942031e-01	
  -1.6056060e-01	
  -1.5217818e-01	
  -1.4430189e-01	
  -1.3689374e-01	
  -1.2988862e-01	
  -1.2317737e-01	
  -1.1661719e-01	
  -1.1009140e-01	
  -1.0350957e-01	
  -9.6794892e-02	
  -8.9879396e-02	
  -8.2682524e-02	
  -7.5138403e-02	
  -6.7249419e-02	
  -5.9067294e-02	
  -5.0639768e-02	
  -4.2010075e-02	
  -3.3247276e-02	
  -2.4440008e-02	
  -1.5677062e-02	
  -6.9947071e-03	
   1.6330564e-03	
   1.0245850e-02	
   1.8867300e-02	
   2.7511797e-02	
   3.6219554e-02	
   4.5043636e-02	
   5.4026699e-02	
   6.3156151e-02	
   7.2384321e-02	
   8.1654281e-02	
   9.0886920e-02	
   9.9975391e-02	
   1.0878543e-01	
   1.1715559e-01	
   1.2493670e-01	
   1.3198823e-01	
   1.3819269e-01	
   1.4345736e-01	
   1.4771066e-01	
   1.5089296e-01	
   1.5297949e-01	
   1.5400744e-01	
   1.5406863e-01	
   1.5329935e-01	
   1.5183970e-01	
   1.4982497e-01	
   1.4740330e-01	
   1.4472248e-01	
   1.4191192e-01	
   1.3908069e-01	
   1.3629292e-01	
   1.3360091e-01	
   1.3105709e-01	
   1.2870291e-01	
   1.2653786e-01	
   1.2451587e-01	
   1.2255384e-01	
   1.2055971e-01	
   1.1842252e-01	
   1.1602911e-01	
   1.1324747e-01	
   1.0996461e-01	
   1.0608541e-01	
   1.0153831e-01	
   9.6271522e-02	
   9.0242634e-02	
   8.3424932e-02	
   7.5835680e-02	
   6.7526619e-02	
   5.8557168e-02	
   4.8963251e-02	
   3.8778333e-02	
   2.8071957e-02	
   1.6974180e-02	
   5.6197043e-03	
  -5.8833747e-03	
  -1.7454339e-02	
  -2.8994971e-02	
  -4.0385192e-02	
  -5.1494987e-02	
  -6.2187908e-02	
  -7.2335407e-02	
  -8.1854331e-02	
  -9.0715432e-02	
  -9.8931592e-02	
  -1.0654652e-01	
  -1.1362852e-01	
  -1.2026934e-01	
  -1.2656923e-01	
  -1.3259771e-01	
  -1.3839539e-01	
  -1.4399560e-01	
  -1.4944343e-01	
  -1.5475459e-01	
  -1.5990724e-01	
  -1.6485638e-01	
  -1.6954842e-01	
  -1.7391994e-01	
  -1.7792389e-01	
  -1.8150684e-01	
  -1.8460826e-01	
  -1.8718761e-01	
  -1.8924171e-01	
  -1.9078396e-01	
  -1.9183765e-01	
  -1.9244721e-01	
  -1.9267213e-01	
  -1.9257507e-01	
  -1.9221093e-01	
  -1.9158454e-01	
  -1.9063935e-01	
  -1.8928550e-01	
  -1.8741032e-01	
  -1.8489584e-01	
  -1.8166011e-01	
  -1.7766997e-01	
  -1.7291070e-01	
  -1.6737740e-01	
  -1.6106224e-01	
  -1.5395956e-01	
  -1.4607952e-01	
  -1.3745437e-01	
  -1.2811835e-01	
  -1.1813689e-01	
  -1.0761303e-01	
  -9.6661067e-02	
  -8.5396435e-02	
  -7.3921261e-02	
  -6.2350197e-02	
  -5.0822188e-02	
  -3.9496247e-02	
  -2.8543741e-02	
  -1.8116820e-02	
  -8.3312921e-03	
   7.3508635e-04	
   9.0277928e-03	
   1.6489323e-02	
   2.3068281e-02	
   2.8749674e-02	
   3.3576682e-02	
   3.7630897e-02	
   4.0999838e-02	
   4.3771755e-02	
   4.6033522e-02	
   4.7883406e-02	
   4.9428663e-02	
   5.0780186e-02	
   5.2051348e-02	
   5.3342510e-02	
   5.4720936e-02	
   5.6221863e-02	
   5.7841435e-02	
   5.9557258e-02	
   6.1337451e-02	
   6.3164214e-02	
   6.5040185e-02	
   6.6964065e-02	
   6.8932896e-02	
   7.0968926e-02	
   7.3121884e-02	
   7.5452434e-02	
   7.8000943e-02	
   8.0792656e-02	
   8.3814886e-02	
   8.7012297e-02	
   9.0290918e-02	
   9.3523706e-02	
   9.6539171e-02	
   9.9155695e-02	
   1.0119656e-01	
   1.0249240e-01	
   1.0292190e-01	
   1.0242370e-01	
   1.0099966e-01	
   9.8709286e-02	
   9.5644801e-02	
   9.1929330e-02	
   8.7711649e-02	
   8.3146907e-02	
   7.8394590e-02	
   7.3615965e-02	
   6.8975168e-02	
   6.4618899e-02	
   6.0652315e-02	
   5.7123006e-02	
   5.4033480e-02	
   5.1372502e-02	
   4.9099649e-02	
   4.7147697e-02	
   4.5444277e-02	
   4.3913015e-02	
   4.2468363e-02	
   4.1014724e-02	
   3.9458682e-02	
   3.7719583e-02	
   3.5726903e-02	
   3.3417261e-02	
   3.0730017e-02	
   2.7629085e-02	
   2.4096802e-02	
   2.0118821e-02	
   1.5691253e-02	
   1.0795797e-02	
   5.4286341e-03	
  -3.9159709e-04	
  -6.6232098e-03	
  -1.3193619e-02	
  -2.0010634e-02	
  -2.6983002e-02	
  -3.4012257e-02	
  -4.0989241e-02	
  -4.7784663e-02	
  -5.4284642e-02	
  -6.0389682e-02	
  -6.6017685e-02	
  -7.1103200e-02	
  -7.5563186e-02	
  -7.9300144e-02	
  -8.2223615e-02	
  -8.4262521e-02	
  -8.5370781e-02	
  -8.5554197e-02	
  -8.4900761e-02	
  -8.3572074e-02	
  -8.1787501e-02	
  -7.9815132e-02	
  -7.7951245e-02	
  -7.6489656e-02	
  -7.5692738e-02	
  -7.5768180e-02	
  -7.6863483e-02	
  -7.9045853e-02	
  -8.2279416e-02	
  -8.6426263e-02	
  -9.1248361e-02	
  -9.6467438e-02	
  -1.0184787e-01	
  -1.0720339e-01	
  -1.1235727e-01	
  -1.1714979e-01	
  -1.2148561e-01	
  -1.2533932e-01	
  -1.2872301e-01	
  -1.3166747e-01	
  -1.3420908e-01	
  -1.3639774e-01	
  -1.3830102e-01	
  -1.4000324e-01	
  -1.4159108e-01	
  -1.4314567e-01	
  -1.4472853e-01	
  -1.4639864e-01	
  -1.4819416e-01	
  -1.5011591e-01	
  -1.5213300e-01	
  -1.5419078e-01	
  -1.5620623e-01	
  -1.5806711e-01	
  -1.5966484e-01	
  -1.6090423e-01	
  -1.6169786e-01	
  -1.6196780e-01	
  -1.6165758e-01	
  -1.6075210e-01	
  -1.5928861e-01	
  -1.5733998e-01	
  -1.5496897e-01	
  -1.5223733e-01	
  -1.4918853e-01	
  -1.4585574e-01	
  -1.4224150e-01	
  -1.3830078e-01	
  -1.3392950e-01	
  -1.2899262e-01	
  -1.2333563e-01	
  -1.1682561e-01	
  -1.0937416e-01	
  -1.0094950e-01	
  -9.1554082e-02	
  -8.1221401e-02	
  -7.0002186e-02	
  -5.7981828e-02	
  -4.5312977e-02	
  -3.2171826e-02	
  -1.8704872e-02	
  -5.0172509e-03	
   8.8199807e-03	
   2.2749929e-02	
   3.6724869e-02	
   5.0664090e-02	
   6.4497387e-02	
   7.8166222e-02	
   9.1630962e-02	
   1.0485811e-01	
   1.1781426e-01	
   1.3044075e-01	
   1.4269853e-01	
   1.5457199e-01	
   1.6603335e-01	
   1.7703001e-01	
   1.8752519e-01	
   1.9753589e-01	
   2.0713671e-01	
   2.1640933e-01	
   2.2537411e-01	
   2.3395146e-01	
   2.4202489e-01	
   2.4946801e-01	
   2.5619225e-01	
   2.6216239e-01	
   2.6738204e-01	
   2.7183943e-01	
   2.7548121e-01	
   2.7825517e-01	
   2.8016270e-01	
   2.8124343e-01	
   2.8154155e-01	
   2.8111205e-01	
   2.8003288e-01	
   2.7840092e-01	
   2.7632795e-01	
   2.7391453e-01	
   2.7124400e-01	
   2.6841857e-01	
   2.6554289e-01	
   2.6271313e-01	
   2.5999416e-01	
   2.5741848e-01	
   2.5497818e-01	
   2.5263307e-01	
   2.5032292e-01	
   2.4796514e-01	
   2.4547386e-01	
   2.4276747e-01	
   2.3977839e-01	
   2.3641978e-01	
   2.3261575e-01	
   2.2830983e-01	
   2.2345742e-01	
   2.1801768e-01	
   2.1196142e-01	
   2.0528318e-01	
   1.9801139e-01	
   1.9023673e-01	
   1.8210571e-01	
   1.7381209e-01	
   1.6554185e-01	
   1.5744252e-01	
   1.4959638e-01	
   1.4200702e-01	
   1.3463008e-01	
   1.2745028e-01	
   1.2047408e-01	
   1.1373073e-01	
   1.0726091e-01	
   1.0108520e-01	
   9.5194634e-02	
   8.9556926e-02	
   8.4137029e-02	
   7.8891889e-02	
   7.3741391e-02	
   6.8586382e-02	
   6.3312590e-02	
   5.7803265e-02	
   5.1971878e-02	
   4.5775881e-02	
   3.9190812e-02	
   3.2211630e-02	
   2.4841743e-02	
   1.7106240e-02	
   9.0367390e-03	
   7.0823720e-04	
  -7.7937266e-03	
  -1.6386218e-02	
  -2.4984881e-02	
  -3.3513128e-02	
  -4.1910785e-02	
  -5.0127607e-02	
  -5.8138774e-02	
  -6.5949604e-02	
  -7.3588048e-02	
  -8.1072732e-02	
  -8.8433551e-02	
  -9.5696762e-02	
  -1.0288497e-01	
  -1.1000039e-01	
  -1.1706017e-01	
  -1.2411692e-01	
  -1.3124541e-01	
  -1.3851908e-01	
  -1.4599447e-01	
  -1.5369028e-01	
  -1.6159696e-01	
  -1.6966582e-01	
  -1.7780649e-01	
  -1.8586905e-01	
  -1.9365980e-01	
  -2.0096803e-01	
  -2.0761906e-01	
  -2.1346895e-01	
  -2.1840502e-01	
  -2.2233054e-01	
  -2.2519061e-01	
  -2.2694585e-01	
  -2.2756955e-01	
  -2.2705124e-01	
  -2.2538734e-01	
  -2.2261567e-01	
  -2.1883190e-01	
  -2.1416675e-01	
  -2.0875085e-01	
  -2.0270424e-01	
  -1.9613735e-01	
  -1.8916450e-01	
  -1.8188462e-01	
  -1.7436488e-01	
  -1.6667552e-01	
  -1.5890920e-01	
  -1.5114059e-01	
  -1.4344861e-01	
  -1.3592454e-01	
  -1.2864278e-01	
  -1.2164558e-01	
  -1.1494496e-01	
  -1.0853559e-01	
  -1.0240744e-01	
  -9.6567031e-02	
  -9.1021970e-02	
  -8.5775033e-02	
  -8.0816643e-02	
  -7.6118599e-02	
  -7.1622485e-02	
  -6.7248446e-02	
  -6.2926075e-02	
  -5.8599292e-02	
  -5.4237967e-02	
  -4.9813029e-02	
  -4.5291098e-02	
  -4.0650252e-02	
  -3.5884544e-02	
  -3.0991318e-02	
  -2.5980281e-02	
  -2.0869922e-02	
  -1.5690755e-02	
  -1.0492976e-02	
  -5.3420942e-03	
  -2.7605409e-04	
   4.6720790e-03	
   9.4347568e-03	
   1.3890944e-02	
   1.7899097e-02	
   2.1312548e-02	
   2.3992627e-02	
   2.5819202e-02	
   2.6705001e-02	
   2.6622403e-02	
   2.5596700e-02	
   2.3682248e-02	
   2.0963673e-02	
   1.7562355e-02	
   1.3628679e-02	
   9.3427381e-03	
   4.9056332e-03	
   5.0449472e-04	
  -3.7291744e-03	
  -7.6976016e-03	
  -1.1314780e-02	
  -1.4502567e-02	
  -1.7192221e-02	
  -1.9345866e-02	
  -2.0932096e-02	
  -2.1916556e-02	
  -2.2269990e-02	
  -2.1972619e-02	
  -2.1040577e-02	
  -1.9501823e-02	
  -1.7397754e-02	
  -1.4800837e-02	
  -1.1828820e-02	
  -8.6259514e-03	
  -5.3215303e-03	
  -2.0170603e-03	
   1.1975937e-03	
   4.2410037e-03	
   7.0468489e-03	
   9.5741371e-03	
   1.1816001e-02	
   1.3813828e-02	
   1.5622952e-02	
   1.7297614e-02	
   1.8873027e-02	
   2.0380269e-02	
   2.1857642e-02	
   2.3364059e-02	
   2.4969897e-02	
   2.6713670e-02	
   2.8600237e-02	
   3.0594518e-02	
   3.2632875e-02	
   3.4647998e-02	
   3.6578953e-02	
   3.8375438e-02	
   3.9996129e-02	
   4.1385078e-02	
   4.2484645e-02	
   4.3247568e-02	
   4.3648601e-02	
   4.3708577e-02	
   4.3485642e-02	
   4.3056611e-02	
   4.2503044e-02	
   4.1909396e-02	
   4.1337022e-02	
   4.0801454e-02	
   4.0295641e-02	
   3.9805980e-02	
   3.9294808e-02	
   3.8720155e-02	
   3.8023621e-02	
   3.7144807e-02	
   3.6031252e-02	
   3.4653782e-02	
   3.2999905e-02	
   3.1082193e-02	
   2.8975469e-02	
   2.6803344e-02	
   2.4712559e-02	
   2.2830248e-02	
   2.1243454e-02	
   1.9989792e-02	
   1.9063478e-02	
   1.8447501e-02	
   1.8115676e-02	
   1.8020912e-02	
   1.8106861e-02	
   1.8302279e-02	
   1.8489184e-02	
   1.8522656e-02	
   1.8245097e-02	
   1.7501014e-02	
   1.6127261e-02	
   1.3963053e-02	
   1.0870438e-02	
   6.7599029e-03	
   1.5855870e-03	
  -4.6225795e-03	
  -1.1778084e-02	
  -1.9740248e-02	
  -2.8315194e-02	
  -3.7272774e-02	
  -4.6382324e-02	
  -5.5430558e-02	
  -6.4237499e-02	
  -7.2668473e-02	
  -8.0620384e-02	
  -8.8031587e-02	
  -9.4884174e-02	
  -1.0117352e-01	
  -1.0689187e-01	
  -1.1204722e-01	
  -1.1667471e-01	
  -1.2082221e-01	
  -1.2452820e-01	
  -1.2779677e-01	
  -1.3060815e-01	
  -1.3291177e-01	
  -1.3466366e-01	
  -1.3582339e-01	
  -1.3632772e-01	
  -1.3610321e-01	
  -1.3508008e-01	
  -1.3320891e-01	
  -1.3047531e-01	
  -1.2690935e-01	
  -1.2256536e-01	
  -1.1752635e-01	
  -1.1187941e-01	
  -1.0571800e-01	
  -9.9149813e-02	
  -9.2279170e-02	
  -8.5206809e-02	
  -7.8025126e-02	
  -7.0849872e-02	
  -6.3823966e-02	
  -5.7056053e-02	
  -5.0609040e-02	
  -4.4505487e-02	
  -3.8735972e-02	
  -3.3268934e-02	
  -2.8072847e-02	
  -2.3118363e-02	
  -1.8373905e-02	
  -1.3805086e-02	
  -9.3926732e-03	
  -5.1320925e-03	
  -1.0316455e-03	
   2.9082675e-03	
   6.7076280e-03	
   1.0393220e-02	
   1.3979973e-02	
   1.7485916e-02	
   2.0939784e-02	
   2.4366102e-02	
   2.7775034e-02	
   3.1161818e-02	
   3.4490733e-02	
   3.7702173e-02	
   4.0733635e-02	
   4.3560046e-02	
   4.6195762e-02	
   4.8677293e-02	
   5.1027377e-02	
   5.3244192e-02	
   5.5296047e-02	
   5.7160049e-02	
   5.8846745e-02	
   6.0396758e-02	
   6.1877260e-02	
   6.3360082e-02	
   6.4910756e-02	
   6.6595663e-02	
   6.8452721e-02	
   7.0474575e-02	
   7.2609396e-02	
   7.4771293e-02	
   7.6859389e-02	
   7.8768081e-02	
   8.0399017e-02	
   8.1688619e-02	
   8.2600007e-02	
   8.3129505e-02	
   8.3318640e-02	
   8.3261859e-02	
   8.3068312e-02	
   8.2832934e-02	
   8.2650661e-02	
   8.2614631e-02	
   8.2774927e-02	
   8.3135796e-02	
   8.3683104e-02	
   8.4379678e-02	
   8.5158443e-02	
   8.5917272e-02	
   8.6514826e-02	
   8.6797917e-02	
   8.6653471e-02	
   8.6020378e-02	
   8.4835646e-02	
   8.3016432e-02	
   8.0493250e-02	
   7.7242546e-02	
   7.3299704e-02	
   6.8720386e-02	
   6.3581750e-02	
   5.7989304e-02	
   5.2076136e-02	
   4.6004453e-02	
   3.9956055e-02	
   3.4066890e-02	
   2.8411167e-02	
   2.3018223e-02	
   1.7894343e-02	
   1.3035178e-02	
   8.4211540e-03	
   4.0649827e-03	
   5.1735773e-06	
  -3.7385373e-03	
  -7.1571594e-03	
  -1.0250523e-02	
  -1.3014238e-02	
  -1.5428849e-02	
  -1.7461243e-02	
  -1.9082644e-02	
  -2.0276935e-02	
  -2.1083576e-02	
  -2.1586970e-02	
  -2.1900036e-02	
  -2.2134074e-02	
  -2.2363627e-02	
  -2.2616839e-02	
  -2.2894489e-02	
  -2.3180913e-02	
  -2.3454346e-02	
  -2.3666791e-02	
  -2.3767167e-02	
  -2.3688727e-02	
  -2.3369386e-02	
  -2.2762813e-02	
  -2.1867373e-02	
  -2.0725631e-02	
  -1.9373358e-02	
  -1.7824089e-02	
  -1.6060145e-02	
  -1.4035169e-02	
  -1.1694546e-02	
  -8.9996635e-03	
  -5.9107524e-03	
  -2.3845477e-03	
   1.5971059e-03	
   6.0096608e-03	
   1.0786246e-02	
   1.5817185e-02	
   2.0954972e-02	
   2.6030453e-02	
   3.0865427e-02	
   3.5328526e-02	
   3.9346745e-02	
   4.2883366e-02	
   4.5927524e-02	
   4.8473966e-02	
   5.0537725e-02	
   5.2171022e-02	
   5.3457233e-02	
   5.4491106e-02	
   5.5356554e-02	
   5.6115130e-02	
   5.6803289e-02	
   5.7424871e-02	
   5.7966101e-02	
   5.8417216e-02	
   5.8772276e-02	
   5.9014835e-02	
   5.9118888e-02	
   5.9043111e-02	
   5.8736099e-02	
   5.8160661e-02	
   5.7305532e-02	
   5.6193325e-02	
   5.4849197e-02	
   5.3307306e-02	
   5.1610217e-02	
   4.9805545e-02	
   4.7954199e-02	
   4.6125581e-02	
   4.4352185e-02	
   4.2636027e-02	
   4.0974421e-02	
   3.9341410e-02	
   3.7693896e-02	
   3.5995165e-02	
   3.4199628e-02	
   3.2273355e-02	
   3.0190511e-02	
   2.7911449e-02	
   2.5390849e-02	
   2.2615647e-02	
   1.9605263e-02	
   1.6383334e-02	
   1.2969793e-02	
   9.3909983e-03	
   5.6712251e-03	
   1.8252940e-03	
  -2.1147735e-03	
  -6.0753452e-03	
  -9.9600143e-03	
  -1.3696008e-02	
  -1.7254354e-02	
  -2.0633400e-02	
  -2.3835133e-02	
  -2.6857723e-02	
  -2.9686871e-02	
  -3.2304915e-02	
  -3.4725882e-02	
  -3.6968743e-02	
  -3.9063605e-02	
  -4.1039217e-02	
  -4.2906781e-02	
  -4.4688029e-02	
  -4.6407781e-02	
  -4.8081692e-02	
  -4.9742024e-02	
  -5.1426130e-02	
  -5.3141667e-02	
  -5.4854140e-02	
  -5.6497682e-02	
  -5.7987024e-02	
  -5.9259257e-02	
  -6.0288807e-02	
  -6.1081485e-02	
  -6.1667585e-02	
  -6.2086894e-02	
  -6.2384527e-02	
  -6.2625403e-02	
  -6.2878624e-02	
  -6.3206314e-02	
  -6.3674578e-02	
  -6.4323913e-02	
  -6.5161632e-02	
  -6.6172841e-02	
  -6.7320637e-02	
  -6.8558318e-02	
  -6.9824652e-02	
  -7.1073943e-02	
  -7.2295766e-02	
  -7.3496928e-02	
  -7.4669511e-02	
  -7.5795092e-02	
  -7.6852061e-02	
  -7.7797640e-02	
  -7.8581315e-02	
  -7.9151679e-02	
  -7.9456641e-02	
  -7.9456020e-02	
  -7.9125412e-02	
  -7.8470285e-02	
  -7.7520400e-02	
  -7.6306264e-02	
  -7.4851138e-02	
  -7.3171950e-02	
  -7.1273217e-02	
  -6.9133445e-02	
  -6.6721040e-02	
  -6.4000618e-02	
  -6.0911884e-02	
  -5.7377722e-02	
  -5.3357592e-02	
  -4.8820219e-02	
  -4.3755906e-02	
  -3.8186392e-02	
  -3.2172766e-02	
  -2.5809545e-02	
  -1.9202466e-02	
  -1.2449658e-02	
  -5.6524717e-03	
   1.0741344e-03	
   7.6340562e-03	
   1.3935365e-02	
   1.9872708e-02	
   2.5368642e-02	
   3.0376093e-02	
   3.4886831e-02	
   3.8912999e-02	
   4.2469874e-02	
   4.5558959e-02	
   4.8195933e-02	
   5.0398263e-02	
   5.2192689e-02	
   5.3608125e-02	
   5.4677627e-02	
   5.5472102e-02	
   5.6086200e-02	
   5.6617708e-02	
   5.7170335e-02	
   5.7832726e-02	
   5.8688558e-02	
   5.9817211e-02	
   6.1262320e-02	
   6.3032514e-02	
   6.5105782e-02	
   6.7424780e-02	
   6.9915265e-02	
   7.2483848e-02	
   7.5028721e-02	
   7.7463332e-02	
   7.9726594e-02	
   8.1782027e-02	
   8.3606061e-02	
   8.5178868e-02	
   8.6487457e-02	
   8.7508053e-02	
   8.8182568e-02	
   8.8445806e-02	
   8.8236654e-02	
   8.7503314e-02	
   8.6201098e-02	
   8.4298714e-02	
   8.1773939e-02	
   7.8603006e-02	
   7.4757444e-02	
   7.0240676e-02	
   6.5078045e-02	
   5.9306659e-02	
   5.2965636e-02	
   4.6110328e-02	
   3.8818954e-02	
   3.1180740e-02	
   2.3311722e-02	
   1.5340637e-02	
   7.3704405e-03	
  -5.2520363e-04	
  -8.2829584e-03	
  -1.5821736e-02	
  -2.3051173e-02	
  -2.9922707e-02	
  -3.6434050e-02	
  -4.2602947e-02	
  -4.8456049e-02	
  -5.4007810e-02	
  -5.9244289e-02	
  -6.4133511e-02	
  -6.8648907e-02	
  -7.2781808e-02	
  -7.6504378e-02	
  -7.9762942e-02	
  -8.2496003e-02	
  -8.4615138e-02	
  -8.6040149e-02	
  -8.6713030e-02	
  -8.6629778e-02	
  -8.5825033e-02	
  -8.4345691e-02	
  -8.2260870e-02	
  -7.9670368e-02	
  -7.6680042e-02	
  -7.3369811e-02	
  -6.9788410e-02	
  -6.5958534e-02	
  -6.1865323e-02	
  -5.7471032e-02	
  -5.2774425e-02	
  -4.7793364e-02	
  -4.2562514e-02	
  -3.7138737e-02	
  -3.1596086e-02	
  -2.5982201e-02	
  -2.0332320e-02	
  -1.4692577e-02	
  -9.1002280e-03	
  -3.5501591e-03	
   1.9917643e-03	
   7.5858597e-03	
   1.3290008e-02	
   1.9133127e-02	
   2.5092178e-02	
   3.1124122e-02	
   3.7169873e-02	
   4.3166734e-02	
   4.9051242e-02	
   5.4789147e-02	
   6.0361275e-02	
   6.5783173e-02	
   7.1085936e-02	
   7.6305643e-02	
   8.1468331e-02	
   8.6598732e-02	
   9.1728920e-02	
   9.6892442e-02	
   1.0210735e-01	
   1.0737324e-01	
   1.1267133e-01	
   1.1796933e-01	
   1.2323367e-01	
   1.2842023e-01	
   1.3348326e-01	
   1.3836794e-01	
   1.4301136e-01	
   1.4735028e-01	
   1.5134418e-01	
   1.5496840e-01	
   1.5819244e-01	
   1.6098119e-01	
   1.6328513e-01	
   1.6507844e-01	
   1.6635901e-01	
   1.6712854e-01	
   1.6738475e-01	
   1.6714995e-01	
   1.6647061e-01	
   1.6537289e-01	
   1.6387361e-01	
   1.6198479e-01	
   1.5970079e-01	
   1.5700444e-01	
   1.5387721e-01	
   1.5032008e-01	
   1.4635093e-01	
   1.4199901e-01	
   1.3729775e-01	
   1.3225269e-01	
   1.2683361e-01	
   1.2100154e-01	
   1.1474610e-01	
   1.0810626e-01	
   1.0115841e-01	
   9.3980735e-02	
   8.6662540e-02	
   7.9310700e-02	
   7.2033673e-02	
   6.4920626e-02	
   5.8069541e-02	
   5.1547161e-02	
   4.5394105e-02	
   3.9651829e-02	
   3.4380545e-02	
   2.9653546e-02	
   2.5506740e-02	
   2.1921924e-02	
   1.8869236e-02	
   1.6310874e-02	
   1.4216535e-02	
   1.2547241e-02	
   1.1239485e-02	
   1.0206961e-02	
   9.3510634e-03	
   8.5802157e-03	
   7.8174522e-03	
   7.0018559e-03	
   6.1118855e-03	
   5.1489570e-03	
   4.1353738e-03	
   3.0913981e-03	
   2.0261584e-03	
   9.3484735e-04	
  -1.9623523e-04	
  -1.3848395e-03	
  -2.6399844e-03	
  -3.9618250e-03	
  -5.3625609e-03	
  -6.8571995e-03	
  -8.4389237e-03	
  -1.0082728e-02	
  -1.1765919e-02	
  -1.3481047e-02	
  -1.5215334e-02	
  -1.6950920e-02	
  -1.8667339e-02	
  -2.0359983e-02	
  -2.2015315e-02	
  -2.3597918e-02	
  -2.5068509e-02	
  -2.6395031e-02	
  -2.7530106e-02	
  -2.8423871e-02	
  -2.9025453e-02	
  -2.9323976e-02	
  -2.9353348e-02	
  -2.9180258e-02	
  -2.8880640e-02	
  -2.8511478e-02	
  -2.8118607e-02	
  -2.7729772e-02	
  -2.7377564e-02	
  -2.7103403e-02	
  -2.6943173e-02	
  -2.6910705e-02	
  -2.6991262e-02	
  -2.7172922e-02	
  -2.7432818e-02	
  -2.7728580e-02	
  -2.8000191e-02	
  -2.8156614e-02	
  -2.8107692e-02	
  -2.7798172e-02	
  -2.7216835e-02	
  -2.6386388e-02	
  -2.5353169e-02	
  -2.4200774e-02	
  -2.3010470e-02	
  -2.1837863e-02	
  -2.0735346e-02	
  -1.9766588e-02	
  -1.9008297e-02	
  -1.8544356e-02	
  -1.8443857e-02	
  -1.8739774e-02	
  -1.9446512e-02	
  -2.0571366e-02	
  -2.2105610e-02	
  -2.4010421e-02	
  -2.6209066e-02	
  -2.8619289e-02	
  -3.1150388e-02	
  -3.3715866e-02	
  -3.6222733e-02	
  -3.8571624e-02	
  -4.0675407e-02	
  -4.2458354e-02	
  -4.3866103e-02	
  -4.4853341e-02	
  -4.5376605e-02	
  -4.5417153e-02	
  -4.4957713e-02	
  -4.3986749e-02	
  -4.2505095e-02	
  -4.0522685e-02	
  -3.8066808e-02	
  -3.5187291e-02	
  -3.1931742e-02	
  -2.8362727e-02	
  -2.4558693e-02	
  -2.0611578e-02	
  -1.6630738e-02	
  -1.2711221e-02	
  -8.9090991e-03	
  -5.2563174e-03	
  -1.7793655e-03	
   1.5073895e-03	
   4.5893839e-03	
   7.4206623e-03	
   9.9307085e-03	
   1.2040889e-02	
   1.3663173e-02	
   1.4695518e-02	
   1.5065055e-02	
   1.4762773e-02	
   1.3827905e-02	
   1.2319690e-02	
   1.0322599e-02	
   7.9452572e-03	
   5.3106740e-03	
   2.5384247e-03	
  -2.7519215e-04	
  -3.0507139e-03	
  -5.7192361e-03	
  -8.2411035e-03	
  -1.0577674e-02	
  -1.2676588e-02	
  -1.4499013e-02	
  -1.5998984e-02	
  -1.7144238e-02	
  -1.7945193e-02	
  -1.8448710e-02	
  -1.8712789e-02	
  -1.8785502e-02	
  -1.8716277e-02	
  -1.8537795e-02	
  -1.8261265e-02	
  -1.7882831e-02	
  -1.7383595e-02	
  -1.6746556e-02	
  -1.5966173e-02	
  -1.5060513e-02	
  -1.4071224e-02	
  -1.3028282e-02	
  -1.1950913e-02	
  -1.0837864e-02	
  -9.6807964e-03	
  -8.5108687e-03	
  -7.3944391e-03	
  -6.4153781e-03	
  -5.6651695e-03	
  -5.2223212e-03	
  -5.1437168e-03	
  -5.4550412e-03	
  -6.1869678e-03	
  -7.3894782e-03	
  -9.1170092e-03	
  -1.1396268e-02	
  -1.4179288e-02	
  -1.7367010e-02	
  -2.0850976e-02	
  -2.4520539e-02	
  -2.8267742e-02	
  -3.1985240e-02	
  -3.5564476e-02	
  -3.8915148e-02	
  -4.1985491e-02	
  -4.4752515e-02	
  -4.7208662e-02	
  -4.9352691e-02	
  -5.1200704e-02	
  -5.2781778e-02	
  -5.4134240e-02	
  -5.5287697e-02	
  -5.6227182e-02	
  -5.6903372e-02	
  -5.7268440e-02	
  -5.7289952e-02	
  -5.6930823e-02	
  -5.6161430e-02	
  -5.4967237e-02	
  -5.3356399e-02	
  -5.1350754e-02	
  -4.8985065e-02	
  -4.6303687e-02	
  -4.3348043e-02	
  -4.0143989e-02	
  -3.6712459e-02	
  -3.3067119e-02	
  -2.9227660e-02	
  -2.5205390e-02	
  -2.1009041e-02	
  -1.6672772e-02	
  -1.2236495e-02	
  -7.7181010e-03	
  -3.1003818e-03	
   1.6530810e-03	
   6.5673638e-03	
   1.1632193e-02	
   1.6808860e-02	
   2.2049319e-02	
   2.7318086e-02	
   3.2580824e-02	
   3.7805883e-02	
   4.2978555e-02	
   4.8087599e-02	
   5.3119118e-02	
   5.8050432e-02	
   6.2870658e-02	
   6.7582493e-02	
   7.2188421e-02	
   7.6678653e-02	
   8.1052446e-02	
   8.5327317e-02	
   8.9518608e-02	
   9.3643151e-02	
   9.7696942e-02	
   1.0164812e-01	
   1.0546972e-01	
   1.0913249e-01	
   1.1260539e-01	
   1.1584529e-01	
   1.1878240e-01	
   1.2133520e-01	
   1.2344200e-01	
   1.2506317e-01	
   1.2616343e-01	
   1.2672797e-01	
   1.2677642e-01	
   1.2634930e-01	
   1.2550149e-01	
   1.2427264e-01	
   1.2269853e-01	
   1.2082319e-01	
   1.1871868e-01	
   1.1645101e-01	
   1.1405998e-01	
   1.1155841e-01	
   1.0893894e-01	
   1.0618083e-01	
   1.0324021e-01	
   1.0006257e-01	
   9.6597260e-02	
   9.2825252e-02	
   8.8745154e-02	
   8.4362766e-02	
   7.9688726e-02	
   7.4739691e-02	
   6.9543293e-02	
   6.4137368e-02	
   5.8560223e-02	
   5.2867090e-02	
   4.7137485e-02	
   4.1481672e-02	
   3.6012314e-02	
   3.0804568e-02	
   2.5893769e-02	
   2.1323994e-02	
   1.7149541e-02	
   1.3411333e-02	
   1.0118047e-02	
   7.2519028e-03	
   4.7655871e-03	
   2.6022488e-03	
   6.9346241e-04	
  -1.0602667e-03	
  -2.7672681e-03	
  -4.4947239e-03	
  -6.2576979e-03	
  -8.0459680e-03	
  -9.8470559e-03	
  -1.1639031e-02	
  -1.3399241e-02	
  -1.5094018e-02	
  -1.6682119e-02	
  -1.8138699e-02	
  -1.9452476e-02	
  -2.0633743e-02	
  -2.1707862e-02	
  -2.2696742e-02	
  -2.3612918e-02	
  -2.4455588e-02	
  -2.5222702e-02	
  -2.5934194e-02	
  -2.6614592e-02	
  -2.7247546e-02	
  -2.7802657e-02	
  -2.8265667e-02	
  -2.8655425e-02	
  -2.9002413e-02	
  -2.9320790e-02	
  -2.9587965e-02	
  -2.9759217e-02	
  -2.9792820e-02	
  -2.9644902e-02	
  -2.9279899e-02	
  -2.8674208e-02	
  -2.7831742e-02	
  -2.6789773e-02	
  -2.5592925e-02	
  -2.4295292e-02	
  -2.2987275e-02	
  -2.1800403e-02	
  -2.0852495e-02	
  -2.0241093e-02	
  -2.0046271e-02	
  -2.0311911e-02	
  -2.1077644e-02	
  -2.2380424e-02	
  -2.4239753e-02	
  -2.6659511e-02	
  -2.9620376e-02	
  -3.3093851e-02	
  -3.7028139e-02	
  -4.1352823e-02	
  -4.5985450e-02	
  -5.0798486e-02	
  -5.5648198e-02	
  -6.0417665e-02	
  -6.5008494e-02	
  -6.9321796e-02	
  -7.3241011e-02	
  -7.6657991e-02	
  -7.9488822e-02	
  -8.1676601e-02	
  -8.3184326e-02	
  -8.3999120e-02	
  -8.4117095e-02	
  -8.3548054e-02	
  -8.2338322e-02	
  -8.0585514e-02	
  -7.8396951e-02	
  -7.5852821e-02	
  -7.3015731e-02	
  -6.9930273e-02	
  -6.6653515e-02	
  -6.3261413e-02	
  -5.9825846e-02	
  -5.6420411e-02	
  -5.3121838e-02	
  -5.0000179e-02	
  -4.7110499e-02	
  -4.4491279e-02	
  -4.2168785e-02	
  -4.0176718e-02	
  -3.8550120e-02	
  -3.7294326e-02	
  -3.6373796e-02	
  -3.5738521e-02	
  -3.5335708e-02	
  -3.5115649e-02	
  -3.5025182e-02	
  -3.4984700e-02	
  -3.4915737e-02	
  -3.4768342e-02	
  -3.4516085e-02	
  -3.4146409e-02	
  -3.3644705e-02	
  -3.3010697e-02	
  -3.2257872e-02	
  -3.1413266e-02	
  -3.0484427e-02	
  -2.9479942e-02	
  -2.8432703e-02	
  -2.7374083e-02	
  -2.6315480e-02	
  -2.5261779e-02	
  -2.4227367e-02	
  -2.3237081e-02	
  -2.2279034e-02	
  -2.1306175e-02	
  -2.0246061e-02	
  -1.9018085e-02	
  -1.7576374e-02	
  -1.5895552e-02	
  -1.3965839e-02	
  -1.1800282e-02	
  -9.4369873e-03	
  -6.9333504e-03	
  -4.3471206e-03	
  -1.7404976e-03	
   8.2799682e-04	
   3.3059145e-03	
   5.6331006e-03	
   7.7316460e-03	
   9.5147983e-03	
   1.0864899e-02	
   1.1665183e-02	
   1.1836157e-02	
   1.1324249e-02	
   1.0112638e-02	
   8.2343061e-03	
   5.7765209e-03	
   2.8813882e-03	
  -2.6944595e-04	
  -3.5105199e-03	
  -6.6899114e-03	
  -9.6785742e-03	
  -1.2354993e-02	
  -1.4632789e-02	
  -1.6467223e-02	
  -1.7841401e-02	
  -1.8764513e-02	
  -1.9255326e-02	
  -1.9343864e-02	
  -1.9087440e-02	
  -1.8571194e-02	
  -1.7904416e-02	
  -1.7192082e-02	
  -1.6511047e-02	
  -1.5906198e-02	
  -1.5385336e-02	
  -1.4946059e-02	
  -1.4604872e-02	
  -1.4392305e-02	
  -1.4315025e-02	
  -1.4322819e-02	
  -1.4334020e-02	
  -1.4262467e-02	
  -1.4024426e-02	
  -1.3574038e-02	
  -1.2890651e-02	
  -1.1971918e-02	
  -1.0834776e-02	
  -9.5007051e-03	
  -8.0105772e-03	
  -6.4237818e-03	
  -4.8065499e-03	
  -3.2195478e-03	
  -1.7350253e-03	
  -4.3927198e-04	
   5.9526326e-04	
   1.3206887e-03	
   1.6997726e-03	
   1.7074990e-03	
   1.3197001e-03	
   5.1331040e-04	
  -7.1472140e-04	
  -2.3276959e-03	
  -4.2582865e-03	
  -6.4547232e-03	
  -8.8742377e-03	
  -1.1500411e-02	
  -1.4328889e-02	
  -1.7335294e-02	
  -2.0477729e-02	
  -2.3722069e-02	
  -2.7050380e-02	
  -3.0428291e-02	
  -3.3788497e-02	
  -3.7055198e-02	
  -4.0162135e-02	
  -4.3058923e-02	
  -4.5686215e-02	
  -4.7965702e-02	
  -4.9837507e-02	
  -5.1277959e-02	
  -5.2283792e-02	
  -5.2848462e-02	
  -5.2970824e-02	
  -5.2677472e-02	
  -5.2006168e-02	
  -5.1024469e-02	
  -4.9797335e-02	
  -4.8386384e-02	
  -4.6869068e-02	
  -4.5343296e-02	
  -4.3908603e-02	
  -4.2639328e-02	
  -4.1548494e-02	
  -4.0610701e-02	
  -3.9800547e-02	
  -3.9091579e-02	
  -3.8436557e-02	
  -3.7774624e-02	
  -3.7048899e-02	
  -3.6221989e-02	
  -3.5282170e-02	
  -3.4223052e-02	
  -3.3047625e-02	
  -3.1756880e-02	
  -3.0347816e-02	
  -2.8812894e-02	
  -2.7149784e-02	
  -2.5356371e-02	
  -2.3457140e-02	
  -2.1513783e-02	
  -1.9593890e-02	
  -1.7741155e-02	
  -1.5981852e-02	
  -1.4324306e-02	
  -1.2771426e-02	
  -1.1325033e-02	
  -9.9796550e-03	
  -8.7316957e-03	
  -7.5865484e-03	
  -6.5545140e-03	
  -5.6263195e-03	
  -4.7877507e-03	
  -4.0367472e-03	
  -3.3615751e-03	
  -2.7462442e-03	
  -2.1739782e-03	
  -1.6164778e-03	
  -1.0337705e-03	
  -3.8364580e-04	
   3.7499802e-04	
   1.2867758e-03	
   2.3784398e-03	
   3.6251221e-03	
   4.9830521e-03	
   6.4090023e-03	
   7.8547287e-03	
   9.2717082e-03	
   1.0615812e-02	
   1.1842366e-02	
   1.2935308e-02	
   1.3918265e-02	
   1.4832831e-02	
   1.5721776e-02	
   1.6610231e-02	
   1.7509593e-02	
   1.8438350e-02	
   1.9419199e-02	
   2.0490728e-02	
   2.1691481e-02	
   2.3047905e-02	
   2.4570237e-02	
   2.6273666e-02	
   2.8182007e-02	
   3.0304368e-02	
   3.2613365e-02	
   3.5074807e-02	
   3.7627360e-02	
   4.0211817e-02	
   4.2791069e-02	
   4.5359807e-02	
   4.7918112e-02	
   5.0443900e-02	
   5.2907997e-02	
   5.5292330e-02	
   5.7576090e-02	
   5.9733509e-02	
   6.1728794e-02	
   6.3530190e-02	
   6.5119859e-02	
   6.6504936e-02	
   6.7712511e-02	
   6.8777266e-02	
   6.9746056e-02	
   7.0678972e-02	
   7.1645312e-02	
   7.2723833e-02	
   7.3995951e-02	
   7.5540711e-02	
   7.7426706e-02	
   7.9695556e-02	
   8.2363649e-02	
   8.5403134e-02	
   8.8744174e-02	
   9.2292323e-02	
   9.5952402e-02	
   9.9626614e-02	
   1.0322337e-01	
   1.0665870e-01	
   1.0985178e-01	
   1.1273268e-01	
   1.1525149e-01	
   1.1735935e-01	
   1.1899425e-01	
   1.2011109e-01	
   1.2068740e-01	
   1.2071534e-01	
   1.2020407e-01	
   1.1918919e-01	
   1.1771663e-01	
   1.1583238e-01	
   1.1357730e-01	
   1.1098773e-01	
   1.0811247e-01	
   1.0498728e-01	
   1.0163611e-01	
   9.8064102e-02	
   9.4278859e-02	
   9.0310690e-02	
   8.6194807e-02	
   8.1955067e-02	
   7.7602296e-02	
   7.3156974e-02	
   6.8658531e-02	
   6.4153446e-02	
   5.9698631e-02	
   5.5347714e-02	
   5.1138203e-02	
   4.7108923e-02	
   4.3292953e-02	
   3.9687875e-02	
   3.6248877e-02	
   3.2902101e-02	
   2.9592818e-02	
   2.6284859e-02	
   2.2942038e-02	
   1.9524396e-02	
   1.5982048e-02	
   1.2285278e-02	
   8.4325184e-03	
   4.4226040e-03	
   2.7115495e-04	
  -4.0206049e-03	
  -8.4600595e-03	
  -1.3035554e-02	
  -1.7731947e-02	
  -2.2540352e-02	
  -2.7417752e-02	
  -3.2306476e-02	
  -3.7147299e-02	
  -4.1891422e-02	
  -4.6498346e-02	
  -5.0916739e-02	
  -5.5091266e-02	
  -5.8979818e-02	
  -6.2558548e-02	
  -6.5816123e-02	
  -6.8742380e-02	
  -7.1339435e-02	
  -7.3622819e-02	
  -7.5614290e-02	
  -7.7325390e-02	
  -7.8756807e-02	
  -7.9914643e-02	
  -8.0828212e-02	
  -8.1533495e-02	
  -8.2071326e-02	
  -8.2442653e-02	
  -8.2600742e-02	
  -8.2490774e-02	
  -8.2093386e-02	
  -8.1413813e-02	
  -8.0458552e-02	
  -7.9234760e-02	
  -7.7753906e-02	
  -7.6038721e-02	
  -7.4120716e-02	
  -7.2024008e-02	
  -6.9764039e-02	
  -6.7365049e-02	
  -6.4860176e-02	
  -6.2290319e-02	
  -5.9661008e-02	
  -5.6928985e-02	
  -5.4043954e-02	
  -5.0970873e-02	
  -4.7710463e-02	
  -4.4261727e-02	
  -4.0622465e-02	
  -3.6815973e-02	
  -3.2904544e-02	
  -2.8987168e-02	
  -2.5151721e-02	
  -2.1457549e-02	
  -1.7948559e-02	
  -1.4665175e-02	
  -1.1645926e-02	
  -8.9204717e-03	
  -6.5192572e-03	
  -4.4958775e-03	
  -2.9104465e-03	
  -1.8125733e-03	
  -1.2286422e-03	
  -1.1703582e-03	
  -1.6239370e-03	
  -2.5452320e-03	
  -3.8667948e-03	
  -5.4998626e-03	
  -7.3405742e-03	
  -9.2975172e-03	
  -1.1276937e-02	
  -1.3185449e-02	
  -1.4960577e-02	
  -1.6578850e-02	
  -1.8044352e-02	
  -1.9377614e-02	
  -2.0608147e-02	
  -2.1759063e-02	
  -2.2855003e-02	
  -2.3933721e-02	
  -2.5043207e-02	
  -2.6231092e-02	
  -2.7534624e-02	
  -2.8971817e-02	
  -3.0548708e-02	
  -3.2265029e-02	
  -3.4112127e-02	
  -3.6073246e-02	
  -3.8152103e-02	
  -4.0374539e-02	
  -4.2767368e-02	
  -4.5353206e-02	
  -4.8139356e-02	
  -5.1126536e-02	
  -5.4313743e-02	
  -5.7672528e-02	
  -6.1140228e-02	
  -6.4642723e-02	
  -6.8099058e-02	
  -7.1401993e-02	
  -7.4426919e-02	
  -7.7058582e-02	
  -7.9182733e-02	
  -8.0678072e-02	
  -8.1424916e-02	
  -8.1328273e-02	
  -8.0329213e-02	
  -7.8425783e-02	
  -7.5654723e-02	
  -7.2070462e-02	
  -6.7767773e-02	
  -6.2889702e-02	
  -5.7608590e-02	
  -5.2110049e-02	
  -4.6565283e-02	
  -4.1114308e-02	
  -3.5893735e-02	
  -3.1040085e-02	
  -2.6668326e-02	
  -2.2858361e-02	
  -1.9646562e-02	
  -1.7035447e-02	
  -1.4982301e-02	
  -1.3393963e-02	
  -1.2153300e-02	
  -1.1144754e-02	
  -1.0267190e-02	
  -9.4309905e-03	
  -8.5692189e-03	
  -7.6328331e-03	
  -6.5690599e-03	
  -5.3343294e-03	
  -3.9059520e-03	
  -2.2906343e-03	
  -5.2429611e-04	
   1.3378138e-03	
   3.2447874e-03	
   5.1361416e-03	
   6.9611325e-03	
   8.6899061e-03	
   1.0304429e-02	
   1.1803191e-02	
   1.3189346e-02	
   1.4454168e-02	
   1.5582559e-02	
   1.6540770e-02	
   1.7296625e-02	
   1.7818451e-02	
   1.8080177e-02	
   1.8070806e-02	
   1.7797765e-02	
   1.7275106e-02	
   1.6520965e-02	
   1.5551464e-02	
   1.4397100e-02	
   1.3091894e-02	
   1.1674334e-02	
   1.0194028e-02	
   8.6883211e-03	
   7.1792274e-03	
   5.6922915e-03	
   4.2620145e-03	
   2.9213404e-03	
   1.6813451e-03	
   5.3389504e-04	
  -5.5167010e-04	
  -1.6164043e-03	
  -2.6870517e-03	
  -3.7884094e-03	
  -4.9617725e-03	
  -6.2529659e-03	
  -7.6825500e-03	
  -9.2441181e-03	
  -1.0915234e-02	
  -1.2673541e-02	
  -1.4499544e-02	
  -1.6375229e-02	
  -1.8256208e-02	
  -2.0076860e-02	
  -2.1778875e-02	
  -2.3306355e-02	
  -2.4610393e-02	
  -2.5678294e-02	
  -2.6518913e-02	
  -2.7157243e-02	
  -2.7607035e-02	
  -2.7879275e-02	
  -2.7996940e-02	
  -2.7979676e-02	
  -2.7855852e-02	
  -2.7641422e-02	
  -2.7348307e-02	
  -2.6985387e-02	
  -2.6563783e-02	
  -2.6100233e-02	
  -2.5623497e-02	
  -2.5154834e-02	
  -2.4697379e-02	
  -2.4233519e-02	
  -2.3723809e-02	
  -2.3113224e-02	
  -2.2358765e-02	
  -2.1434567e-02	
  -2.0311935e-02	
  -1.8970789e-02	
  -1.7411275e-02	
  -1.5642666e-02	
  -1.3668516e-02	
  -1.1495893e-02	
  -9.1559229e-03	
  -6.6911597e-03	
  -4.1495193e-03	
  -1.5924082e-03	
   9.2566754e-04	
   3.3769380e-03	
   5.7435598e-03	
   8.0088827e-03	
   1.0143602e-02	
   1.2115334e-02	
   1.3901655e-02	
   1.5473637e-02	
   1.6792455e-02	
   1.7843574e-02	
   1.8642110e-02	
   1.9238381e-02	
   1.9686555e-02	
   2.0033869e-02	
   2.0340694e-02	
   2.0680263e-02	
   2.1104703e-02	
   2.1647216e-02	
   2.2344713e-02	
   2.3241477e-02	
   2.4371568e-02	
   2.5751677e-02	
   2.7397139e-02	
   2.9308151e-02	
   3.1479320e-02	
   3.3878449e-02	
   3.6453903e-02	
   3.9161620e-02	
   4.1945793e-02	
   4.4730317e-02	
   4.7429750e-02	
   4.9975531e-02	
   5.2339316e-02	
   5.4496776e-02	
   5.6401448e-02	
   5.8003961e-02	
   5.9278669e-02	
   6.0224599e-02	
   6.0847799e-02	
   6.1139231e-02	
   6.1081412e-02	
   6.0693737e-02	
   6.0028062e-02	
   5.9158774e-02	
   5.8175898e-02	
   5.7161119e-02	
   5.6192623e-02	
   5.5345533e-02	
   5.4676410e-02	
   5.4201038e-02	
   5.3913266e-02	
   5.3791206e-02	
   5.3793576e-02	
   5.3866019e-02	
   5.3954084e-02	
   5.4015841e-02	
   5.4012859e-02	
   5.3914500e-02	
   5.3688926e-02	
   5.3295010e-02	
   5.2681966e-02	
   5.1810357e-02	
   5.0677816e-02	
   4.9298924e-02	
   4.7708470e-02	
   4.5949624e-02	
   4.4021545e-02	
   4.1923415e-02	
   3.9671943e-02	
   3.7284375e-02	
   3.4785662e-02	
   3.2205298e-02	
   2.9572728e-02	
   2.6900027e-02	
   2.4193993e-02	
   2.1479126e-02	
   1.8792250e-02	
   1.6166126e-02	
   1.3629300e-02	
   1.1189844e-02	
   8.8386818e-03	
   6.5650035e-03	
   4.3615561e-03	
   2.2286159e-03	
   1.5725673e-04	
  -1.8963044e-03	
  -3.9770245e-03	
  -6.1329584e-03	
  -8.4028123e-03	
  -1.0796099e-02	
  -1.3304061e-02	
  -1.5906402e-02	
  -1.8574903e-02	
  -2.1278128e-02	
  -2.4011981e-02	
  -2.6774446e-02	
  -2.9554379e-02	
  -3.2329613e-02	
  -3.5072356e-02	
  -3.7761724e-02	
  -4.0378452e-02	
  -4.2914281e-02	
  -4.5370126e-02	
  -4.7741134e-02	
  -4.9995841e-02	
  -5.2128979e-02	
  -5.4160507e-02	
  -5.6105727e-02	
  -5.7962008e-02	
  -5.9718680e-02	
  -6.1371839e-02	
  -6.2906843e-02	
  -6.4301454e-02	
  -6.5533212e-02	
  -6.6581056e-02	
  -6.7420270e-02	
  -6.8027660e-02	
  -6.8403235e-02	
  -6.8555794e-02	
  -6.8498677e-02	
  -6.8250946e-02	
  -6.7853901e-02	
  -6.7355776e-02	
  -6.6788835e-02	
  -6.6179909e-02	
  -6.5552951e-02	
  -6.4920250e-02	
  -6.4298627e-02	
  -6.3702650e-02	
  -6.3145620e-02	
  -6.2639178e-02	
  -6.2177123e-02	
  -6.1731098e-02	
  -6.1258791e-02	
  -6.0725363e-02	
  -6.0112466e-02	
  -5.9422297e-02	
  -5.8679285e-02	
  -5.7913257e-02	
  -5.7145915e-02	
  -5.6393564e-02	
  -5.5662774e-02	
  -5.4961110e-02	
  -5.4307706e-02	
  -5.3722015e-02	
  -5.3208489e-02	
  -5.2771468e-02	
  -5.2451890e-02	
  -5.2312747e-02	
  -5.2421179e-02	
  -5.2844973e-02	
  -5.3637447e-02	
  -5.4814393e-02	
  -5.6364332e-02	
  -5.8270785e-02	
  -6.0481366e-02	
  -6.2911794e-02	
  -6.5480638e-02	
  -6.8105970e-02	
  -7.0707232e-02	
  -7.3223388e-02	
  -7.5610057e-02	
  -7.7818833e-02	
  -7.9806194e-02	
  -8.1560726e-02	
  -8.3087756e-02	
  -8.4389727e-02	
  -8.5462122e-02	
  -8.6304775e-02	
  -8.6935418e-02	
  -8.7378477e-02	
  -8.7652744e-02	
  -8.7769656e-02	
  -8.7724640e-02	
  -8.7519491e-02	
  -8.7171040e-02	
  -8.6683455e-02	
  -8.6072584e-02	
  -8.5344964e-02	
  -8.4488748e-02	
  -8.3491844e-02	
  -8.2356623e-02	
  -8.1101989e-02	
  -7.9736765e-02	
  -7.8231083e-02	
  -7.6537287e-02	
  -7.4633628e-02	
  -7.2508897e-02	
  -7.0169867e-02	
  -6.7635149e-02	
  -6.4943355e-02	
  -6.2155963e-02	
  -5.9345859e-02	
  -5.6545436e-02	
  -5.3753992e-02	
  -5.0961078e-02	
  -4.8142346e-02	
  -4.5275477e-02	
  -4.2335159e-02	
  -3.9294448e-02	
  -3.6115175e-02	
  -3.2758914e-02	
  -2.9236165e-02	
  -2.5582762e-02	
  -2.1836180e-02	
  -1.8026092e-02	
  -1.4175702e-02	
  -1.0316962e-02	
  -6.4741997e-03	
  -2.6442197e-03	
   1.1944932e-03	
   5.0535870e-03	
   8.9242626e-03	
   1.2793305e-02	
   1.6660133e-02	
   2.0526447e-02	
   2.4373340e-02	
   2.8168804e-02	
   3.1868163e-02	
   3.5424434e-02	
   3.8808954e-02	
   4.2005573e-02	
   4.5010523e-02	
   4.7842662e-02	
   5.0523141e-02	
   5.3078611e-02	
   5.5543165e-02	
   5.7938682e-02	
   6.0271430e-02	
   6.2553515e-02	
   6.4790469e-02	
   6.6970005e-02	
   6.9072963e-02	
   7.1089784e-02	
   7.3018811e-02	
   7.4853949e-02	
   7.6558987e-02	
   7.8101344e-02	
   7.9458340e-02	
   8.0607728e-02	
   8.1517907e-02	
   8.2153680e-02	
   8.2471411e-02	
   8.2427293e-02	
   8.1986685e-02	
   8.1152504e-02	
   7.9934904e-02	
   7.8339630e-02	
   7.6397596e-02	
   7.4167521e-02	
   7.1713164e-02	
   6.9100790e-02	
   6.6391397e-02	
   6.3622862e-02	
   6.0816508e-02	
   5.7988152e-02	
   5.5148905e-02	
   5.2316203e-02	
   4.9504530e-02	
   4.6706942e-02	
   4.3919837e-02	
   4.1143728e-02	
   3.8376304e-02	
   3.5620865e-02	
   3.2872485e-02	
   3.0102790e-02	
   2.7303037e-02	
   2.4489787e-02	
   2.1691677e-02	
   1.8942545e-02	
   1.6285653e-02	
   1.3765894e-02	
   1.1423408e-02	
   9.2773700e-03	
   7.3343495e-03	
   5.5974672e-03	
   4.0625513e-03	
   2.7146149e-03	
   1.5399102e-03	
   5.0970416e-04	
  -4.1842737e-04	
  -1.2896827e-03	
  -2.1324092e-03	
  -2.9673759e-03	
  -3.8243174e-03	
  -4.7240950e-03	
  -5.6942098e-03	
  -6.7753540e-03	
  -7.9974251e-03	
  -9.3780571e-03	
  -1.0939222e-02	
  -1.2677699e-02	
  -1.4559773e-02	
  -1.6543417e-02	
  -1.8559233e-02	
  -2.0537362e-02	
  -2.2446086e-02	
  -2.4260684e-02	
  -2.5937609e-02	
  -2.7423790e-02	
  -2.8674739e-02	
  -2.9657484e-02	
  -3.0348838e-02	
  -3.0749764e-02	
  -3.0890664e-02	
  -3.0828319e-02	
  -3.0588946e-02	
  -3.0176524e-02	
  -2.9603619e-02	
  -2.8877935e-02	
  -2.7997079e-02	
  -2.6952405e-02	
  -2.5764504e-02	
  -2.4491895e-02	
  -2.3207302e-02	
  -2.1960535e-02	
  -2.0781604e-02	
  -1.9685443e-02	
  -1.8668973e-02	
  -1.7723581e-02	
  -1.6832104e-02	
  -1.5973486e-02	
  -1.5115154e-02	
  -1.4212908e-02	
  -1.3215114e-02	
  -1.2102384e-02	
  -1.0870822e-02	
  -9.5250599e-03	
  -8.0892894e-03	
  -6.5968804e-03	
  -5.0903095e-03	
  -3.6199734e-03	
  -2.2129474e-03	
  -8.7365078e-04	
   4.0814452e-04	
   1.6474037e-03	
   2.8665858e-03	
   4.1029601e-03	
   5.3931028e-03	
   6.7544674e-03	
   8.1687966e-03	
   9.5925604e-03	
   1.0991338e-02	
   1.2363302e-02	
   1.3704007e-02	
   1.4990014e-02	
   1.6196445e-02	
   1.7300539e-02	
   1.8280882e-02	
   1.9105455e-02	
   1.9747364e-02	
   2.0199892e-02	
   2.0465989e-02	
   2.0541708e-02	
   2.0424093e-02	
   2.0128454e-02	
   1.9672919e-02	
   1.9071541e-02	
   1.8344379e-02	
   1.7509977e-02	
   1.6592518e-02	
   1.5632102e-02	
   1.4661555e-02	
   1.3704758e-02	
   1.2786932e-02	
   1.1924671e-02	
   1.1131935e-02	
   1.0431080e-02	
   9.8633959e-03	
   9.4511785e-03	
   9.1998285e-03	
   9.0989045e-03	
   9.1173850e-03	
   9.2229741e-03	
   9.3705978e-03	
   9.5019878e-03	
   9.5688592e-03	
   9.5568983e-03	
   9.4816445e-03	
   9.3692580e-03	
   9.2502619e-03	
   9.1634230e-03	
   9.1519196e-03	
   9.2447717e-03	
   9.4557129e-03	
   9.7918430e-03	
   1.0244771e-02	
   1.0828110e-02	
   1.1566686e-02	
   1.2477159e-02	
   1.3584986e-02	
   1.4920234e-02	
   1.6518392e-02	
   1.8406479e-02	
   2.0589135e-02	
   2.3049310e-02	
   2.5739977e-02	
   2.8591168e-02	
   3.1523030e-02	
   3.4443748e-02	
   3.7260666e-02	
   3.9913179e-02	
   4.2386426e-02	
   4.4694467e-02	
   4.6835179e-02	
   4.8787065e-02	
   5.0523117e-02	
   5.2020220e-02	
   5.3263114e-02	
   5.4232648e-02	
   5.4910603e-02	
   5.5286970e-02	
   5.5354405e-02	
   5.5119591e-02	
   5.4613198e-02	
   5.3868854e-02	
   5.2935914e-02	
   5.1879729e-02	
   5.0744368e-02	
   4.9561516e-02	
   4.8364807e-02	
   4.7193163e-02	
   4.6082811e-02	
   4.5063653e-02	
   4.4151571e-02	
   4.3361989e-02	
   4.2710293e-02	
   4.2196334e-02	
   4.1795179e-02	
   4.1474980e-02	
   4.1200624e-02	
   4.0932803e-02	
   4.0638283e-02	
   4.0291744e-02	
   3.9884249e-02	
   3.9426990e-02	
   3.8956366e-02	
   3.8514524e-02	
   3.8129447e-02	
   3.7801806e-02	
   3.7530357e-02	
   3.7320495e-02	
   3.7188721e-02	
   3.7154930e-02	
   3.7242618e-02	
   3.7472743e-02	
   3.7840630e-02	
   3.8321589e-02	
   3.8880180e-02	
   3.9481648e-02	
   4.0098491e-02	
   4.0685660e-02	
   4.1204031e-02	
   4.1631077e-02	
   4.1959028e-02	
   4.2194186e-02	
   4.2338174e-02	
   4.2383534e-02	
   4.2337765e-02	
   4.2205305e-02	
   4.1969045e-02	
   4.1617040e-02	
   4.1153458e-02	
   4.0583797e-02	
   3.9921635e-02	
   3.9187119e-02	
   3.8424392e-02	
   3.7695122e-02	
   3.7057339e-02	
   3.6556534e-02	
   3.6237929e-02	
   3.6134350e-02	
   3.6270568e-02	
   3.6666993e-02	
   3.7334563e-02	
   3.8267177e-02	
   3.9417938e-02	
   4.0700734e-02	
   4.2020638e-02	
   4.3309440e-02	
   4.4521819e-02	
   4.5625512e-02	
   4.6597088e-02	
   4.7386302e-02	
   4.7933954e-02	
   4.8208523e-02	
   4.8210672e-02	
   4.7953545e-02	
   4.7442414e-02	
   4.6676811e-02	
   4.5665218e-02	
   4.4446941e-02	
   4.3078972e-02	
   4.1606068e-02	
   4.0044038e-02	
   3.8411092e-02	
   3.6740229e-02	
   3.5064504e-02	
   3.3423225e-02	
   3.1862632e-02	
   3.0423536e-02	
   2.9128468e-02	
   2.7969015e-02	
   2.6932813e-02	
   2.6009914e-02	
   2.5166378e-02	
   2.4372670e-02	
   2.3605303e-02	
   2.2836580e-02	
   2.2027366e-02	
   2.1136909e-02	
   2.0119450e-02	
   1.8928999e-02	
   1.7544495e-02	
   1.5981623e-02	
   1.4261054e-02	
   1.2405540e-02	
   1.0481628e-02	
   8.5488592e-03	
   6.6479241e-03	
   4.8439276e-03	
   3.1925206e-03	
   1.7191976e-03	
   4.2877663e-04	
  -6.7401757e-04	
  -1.5789963e-03	
  -2.2564756e-03	
  -2.6748547e-03	
  -2.8121042e-03	
  -2.6788989e-03	
  -2.3230186e-03	
  -1.8246976e-03	
  -1.2662029e-03	
  -7.2566430e-04	
  -2.8756774e-04	
  -2.4880624e-05	
   1.2302092e-05	
  -2.1234157e-04	
  -7.1878663e-04	
  -1.5103650e-03	
  -2.5865125e-03	
  -3.9324914e-03	
  -5.5012883e-03	
  -7.2388700e-03	
  -9.0895825e-03	
  -1.0999255e-02	
  -1.2936100e-02	
  -1.4880822e-02	
  -1.6808051e-02	
  -1.8706236e-02	
  -2.0577542e-02	
  -2.2429085e-02	
  -2.4276248e-02	
  -2.6121949e-02	
  -2.7961613e-02	
  -2.9782550e-02	
  -3.1553635e-02	
  -3.3208681e-02	
  -3.4680196e-02	
  -3.5946358e-02	
  -3.7012910e-02	
  -3.7889494e-02	
  -3.8609868e-02	
  -3.9222904e-02	
  -3.9774967e-02	
  -4.0314481e-02	
  -4.0855245e-02	
  -4.1353354e-02	
  -4.1775784e-02	
  -4.2132192e-02	
  -4.2458215e-02	
  -4.2771788e-02	
  -4.3081660e-02	
  -4.3398730e-02	
  -4.3724034e-02	
  -4.4047591e-02	
  -4.4338860e-02	
  -4.4553959e-02	
  -4.4652457e-02	
  -4.4608094e-02	
  -4.4390290e-02	
  -4.3966332e-02	
  -4.3306033e-02	
  -4.2379759e-02	
  -4.1192715e-02	
  -3.9779828e-02	
  -3.8195281e-02	
  -3.6489205e-02	
  -3.4701111e-02	
  -3.2870157e-02	
  -3.1043091e-02	
  -2.9266590e-02	
  -2.7572386e-02	
  -2.5969579e-02	
  -2.4445743e-02	
  -2.2970216e-02	
  -2.1528073e-02	
  -2.0120945e-02	
  -1.8771760e-02	
  -1.7504200e-02	
  -1.6330801e-02	
  -1.5257982e-02	
  -1.4277214e-02	
  -1.3370556e-02	
  -1.2532682e-02	
  -1.1771851e-02	
  -1.1103741e-02	
  -1.0560370e-02	
  -1.0183611e-02	
  -9.9886175e-03	
  -9.9603901e-03	
  -1.0052915e-02	
  -1.0207859e-02	
  -1.0365418e-02	
  -1.0485566e-02	
  -1.0555656e-02	
  -1.0549079e-02	
  -1.0416505e-02	
  -1.0110301e-02	
  -9.6019069e-03	
  -8.8910515e-03	
  -7.9922829e-03	
  -6.9294713e-03	
  -5.7131781e-03	
  -4.3443673e-03	
  -2.8426543e-03	
  -1.2496334e-03	
   3.8133973e-04	
   2.0025079e-03	
   3.5739649e-03	
   5.0646328e-03	
   6.4660926e-03	
   7.7721937e-03	
   8.9720734e-03	
   1.0083169e-02	
   1.1139730e-02	
   1.2193676e-02	
   1.3299347e-02	
   1.4469356e-02	
   1.5679219e-02	
   1.6896843e-02	
   1.8110169e-02	
   1.9311739e-02	
   2.0497762e-02	
   2.1661472e-02	
   2.2773066e-02	
   2.3763589e-02	
   2.4556961e-02	
   2.5089833e-02	
   2.5324958e-02	
   2.5247547e-02	
   2.4844186e-02	
   2.4117489e-02	
   2.3091386e-02	
   2.1817503e-02	
   2.0366266e-02	
   1.8793255e-02	
   1.7130325e-02	
   1.5417068e-02	
   1.3714285e-02	
   1.2073855e-02	
   1.0551122e-02	
   9.1704655e-03	
   7.9318617e-03	
   6.8326552e-03	
   5.8628108e-03	
   5.0082713e-03	
   4.2510234e-03	
   3.5612572e-03	
   2.9033639e-03	
   2.2671154e-03	
   1.6306193e-03	
   9.5799541e-04	
   2.2704250e-04	
  -5.7921550e-04	
  -1.4763525e-03	
  -2.4564347e-03	
  -3.4981791e-03	
  -4.5635194e-03	
  -5.6182721e-03	
  -6.6572926e-03	
  -7.7001972e-03	
  -8.7643675e-03	
  -9.8542047e-03	
  -1.0946852e-02	
  -1.1984581e-02	
  -1.2925708e-02	
  -1.3757438e-02	
  -1.4474095e-02	
  -1.5051697e-02	
  -1.5428596e-02	
  -1.5547575e-02	
  -1.5395287e-02	
  -1.5002587e-02	
  -1.4418857e-02	
  -1.3686515e-02	
  -1.2848763e-02	
  -1.1944973e-02	
  -1.1015431e-02	
  -1.0091314e-02	
  -9.1806944e-03	
  -8.2869454e-03	
  -7.3846154e-03	
  -6.4310032e-03	
  -5.3994108e-03	
  -4.3059952e-03	
  -3.2050787e-03	
  -2.1501937e-03	
  -1.1778076e-03	
  -2.8736570e-04	
   5.5483540e-04	
   1.3731107e-03	
   2.1572395e-03	
   2.8742117e-03	
   3.5039553e-03	
   4.0537465e-03	
   4.5287862e-03	
   4.9144658e-03	
   5.2136920e-03	
   5.4530510e-03	
   5.6522748e-03	
   5.8205155e-03	
   5.9549488e-03	
   6.0499340e-03	
   6.0955218e-03	
   6.0793428e-03	
   6.0002988e-03	
   5.8571318e-03	
   5.6482788e-03	
   5.3820455e-03	
   5.0834516e-03	
   4.7822883e-03	
   4.5032231e-03	
   4.2706371e-03	
   4.0985908e-03	
   3.9780539e-03	
   3.8899445e-03	
   3.8291965e-03	
   3.7972354e-03	
   3.8002526e-03	
   3.8445144e-03	
   3.9216719e-03	
   4.0186171e-03	
   4.1269448e-03	
   4.2430723e-03	
   4.3409538e-03	
   4.3928260e-03	
   4.3852140e-03	
   4.3223287e-03	
   4.1997272e-03	
   4.0091669e-03	
   3.7341949e-03	
   3.3554582e-03	
   2.8701390e-03	
   2.3028869e-03	
   1.6819081e-03	
   1.0136347e-03	
   2.8501217e-04	
  -5.3058292e-04	
  -1.4685649e-03	
  -2.5464885e-03	
  -3.7672989e-03	
  -5.1044591e-03	
  -6.5181306e-03	
  -7.9768293e-03	
  -9.4454759e-03	
  -1.0912792e-02	
  -1.2387379e-02	
  -1.3890503e-02	
  -1.5448882e-02	
  -1.7075251e-02	
  -1.8771147e-02	
  -2.0508342e-02	
  -2.2244974e-02	
  -2.3958166e-02	
  -2.5650238e-02	
  -2.7339434e-02	
  -2.9025412e-02	
  -3.0694755e-02	
  -3.2316329e-02	
  -3.3856905e-02	
  -3.5281344e-02	
  -3.6579835e-02	
  -3.7754240e-02	
  -3.8790400e-02	
  -3.9676706e-02	
  -4.0401353e-02	
  -4.0968269e-02	
  -4.1395347e-02	
  -4.1707368e-02	
  -4.1939020e-02	
  -4.2130876e-02	
  -4.2301458e-02	
  -4.2457889e-02	
  -4.2623740e-02	
  -4.2817205e-02	
  -4.3032983e-02	
  -4.3230803e-02	
  -4.3336646e-02	
  -4.3288418e-02	
  -4.3075206e-02	
  -4.2699786e-02	
  -4.2140223e-02	
  -4.1356728e-02	
  -4.0305347e-02	
  -3.8953416e-02	
  -3.7287406e-02	
  -3.5310765e-02	
  -3.3050477e-02	
  -3.0554076e-02	
  -2.7872854e-02	
  -2.5042088e-02	
  -2.2106860e-02	
  -1.9133609e-02	
  -1.6188308e-02	
  -1.3322786e-02	
  -1.0574643e-02	
  -7.9807746e-03	
  -5.5811623e-03	
  -3.3796194e-03	
  -1.3414633e-03	
   5.8222467e-04	
   2.4460220e-03	
   4.2823553e-03	
   6.1116837e-03	
   7.9529108e-03	
   9.8085180e-03	
   1.1678141e-02	
   1.3573434e-02	
   1.5491856e-02	
   1.7414943e-02	
   1.9330318e-02	
   2.1214279e-02	
   2.3019645e-02	
   2.4693335e-02	
   2.6181386e-02	
   2.7441257e-02	
   2.8449402e-02	
   2.9186892e-02	
   2.9628668e-02	
   2.9776962e-02	
   2.9685246e-02	
   2.9434811e-02	
   2.9115478e-02	
   2.8792371e-02	
   2.8507189e-02	
   2.8294793e-02	
   2.8192268e-02	
   2.8223347e-02	
   2.8383740e-02	
   2.8654616e-02	
   2.9001074e-02	
   2.9370047e-02	
   2.9713620e-02	
   2.9987429e-02	
   3.0158379e-02	
   3.0211238e-02	
   3.0119408e-02	
   2.9830688e-02	
   2.9314867e-02	
   2.8587304e-02	
   2.7690385e-02	
   2.6681030e-02	
   2.5640123e-02	
   2.4672722e-02	
   2.3894358e-02	
   2.3404052e-02	
   2.3280521e-02	
   2.3580213e-02	
   2.4334950e-02	
   2.5536667e-02	
   2.7136296e-02	
   2.9077177e-02	
   3.1302832e-02	
   3.3744837e-02	
   3.6343216e-02	
   3.9060394e-02	
   4.1855016e-02	
   4.4694295e-02	
   4.7554433e-02	
   5.0414693e-02	
   5.3246799e-02	
   5.6010064e-02	
   5.8650714e-02	
   6.1132768e-02	
   6.3457264e-02	
   6.5640966e-02	
   6.7692241e-02	
   6.9603212e-02	
   7.1358937e-02	
   7.2934881e-02	
   7.4320366e-02	
   7.5519060e-02	
   7.6533880e-02	
   7.7365790e-02	
   7.7997389e-02	
   7.8390578e-02	
   7.8493504e-02	
   7.8258714e-02	
   7.7638432e-02	
   7.6604918e-02	
   7.5147415e-02	
   7.3262490e-02	
   7.0937871e-02	
   6.8161419e-02	
   6.4923534e-02	
   6.1234101e-02	
   5.7130089e-02	
   5.2670601e-02	
   4.7927589e-02	
   4.2969257e-02	
   3.7858032e-02	
   3.2660449e-02	
   2.7462793e-02	
   2.2362262e-02	
   1.7442207e-02	
   1.2771091e-02	
   8.3893890e-03	
   4.3073564e-03	
   5.2414570e-04	
  -2.9956522e-03	
  -6.3270416e-03	
  -9.5339325e-03	
  -1.2666237e-02	
  -1.5762332e-02	
  -1.8844897e-02	
  -2.1915608e-02	
  -2.4980502e-02	
  -2.8055878e-02	
  -3.1144955e-02	
  -3.4244816e-02	
  -3.7329653e-02	
  -4.0369767e-02	
  -4.3342659e-02	
  -4.6228924e-02	
  -4.9004640e-02	
  -5.1618942e-02	
  -5.4034918e-02	
  -5.6232558e-02	
  -5.8196470e-02	
  -5.9913968e-02	
  -6.1363971e-02	
  -6.2522159e-02	
  -6.3367500e-02	
  -6.3879678e-02	
  -6.4041811e-02	
  -6.3833623e-02	
  -6.3268317e-02	
  -6.2399135e-02	
  -6.1294673e-02	
  -6.0047082e-02	
  -5.8746834e-02	
  -5.7472486e-02	
  -5.6286823e-02	
  -5.5246994e-02	
  -5.4430860e-02	
  -5.3915374e-02	
  -5.3760741e-02	
  -5.3991527e-02	
  -5.4579097e-02	
  -5.5468328e-02	
  -5.6575820e-02	
  -5.7832636e-02	
  -5.9164885e-02	
  -6.0481971e-02	
  -6.1705428e-02	
  -6.2771793e-02	
  -6.3643320e-02	
  -6.4305792e-02	
  -6.4749203e-02	
  -6.4967121e-02	
  -6.4991590e-02	
  -6.4884816e-02	
  -6.4702209e-02	
  -6.4466586e-02	
  -6.4170374e-02	
  -6.3791940e-02	
  -6.3311569e-02	
  -6.2715044e-02	
  -6.1991109e-02	
  -6.1122695e-02	
  -6.0099762e-02	
  -5.8940651e-02	
  -5.7693239e-02	
  -5.6414716e-02	
  -5.5162059e-02	
  -5.4005890e-02	
  -5.3004705e-02	
  -5.2197664e-02	
  -5.1596091e-02	
  -5.1168538e-02	
  -5.0887090e-02	
  -5.0747636e-02	
  -5.0736550e-02	
  -5.0839663e-02	
  -5.1037524e-02	
  -5.1321824e-02	
  -5.1703428e-02	
  -5.2191831e-02	
  -5.2802277e-02	
  -5.3547945e-02	
  -5.4442184e-02	
  -5.5499831e-02	
  -5.6746590e-02	
  -5.8198301e-02	
  -5.9839654e-02	
  -6.1626661e-02	
  -6.3502575e-02	
  -6.5412974e-02	
  -6.7307017e-02	
  -6.9117661e-02	
  -7.0742175e-02	
  -7.2053134e-02	
  -7.2923721e-02	
  -7.3236795e-02	
  -7.2866335e-02	
  -7.1709773e-02	
  -6.9708572e-02	
  -6.6828035e-02	
  -6.3052310e-02	
  -5.8411252e-02	
  -5.2989076e-02	
  -4.6916674e-02	
  -4.0367692e-02	
  -3.3538961e-02	
  -2.6623260e-02	
  -1.9780983e-02	
  -1.3135285e-02	
  -6.7736865e-03	
  -7.5573374e-04	
   4.8692865e-03	
   1.0067695e-02	
   1.4797782e-02	
   1.9017391e-02	
   2.2690647e-02	
   2.5798074e-02	
   2.8350480e-02	
   3.0363021e-02	
   3.1857240e-02	
   3.2870745e-02	
   3.3453789e-02	
   3.3676037e-02	
   3.3629534e-02	
   3.3410529e-02	
   3.3122553e-02	
   3.2865516e-02	
   3.2725156e-02	
   3.2794266e-02	
   3.3153100e-02	
   3.3847272e-02	
   3.4894331e-02	
   3.6272414e-02	
   3.7937812e-02	
   3.9853097e-02	
   4.1969380e-02	
   4.4229815e-02	
   4.6577252e-02	
   4.8936110e-02	
   5.1231439e-02	
   5.3394635e-02	
   5.5338580e-02	
   5.6959516e-02	
   5.8142916e-02	
   5.8791688e-02	
   5.8836222e-02	
   5.8271487e-02	
   5.7136013e-02	
   5.5490493e-02	
   5.3415542e-02	
   5.1024411e-02	
   4.8423459e-02	
   4.5707310e-02	
   4.2938424e-02	
   4.0154635e-02	
   3.7379613e-02	
   3.4640588e-02	
   3.1948238e-02	
   2.9280904e-02	
   2.6591716e-02	
   2.3811628e-02	
   2.0885992e-02	
   1.7794889e-02	
   1.4534046e-02	
   1.1097932e-02	
   7.4943010e-03	
   3.7684917e-03	
   2.5977945e-06	
  -3.7141980e-03	
  -7.2914390e-03	
  -1.0642258e-02	
  -1.3669783e-02	
  -1.6271413e-02	
  -1.8345841e-02	
  -1.9794366e-02	
  -2.0537264e-02	
  -2.0558522e-02	
  -1.9904179e-02	
  -1.8650329e-02	
  -1.6880593e-02	
  -1.4688541e-02	
  -1.2180628e-02	
  -9.4652963e-03	
  -6.6597796e-03	
  -3.8759362e-03	
  -1.2025766e-03	
   1.3113953e-03	
   3.6575129e-03	
   5.8271169e-03	
   7.8036400e-03	
   9.5676337e-03	
   1.1088937e-02	
   1.2338718e-02	
   1.3270368e-02	
   1.3842660e-02	
   1.4043070e-02	
   1.3906541e-02	
   1.3508000e-02	
   1.2933502e-02	
   1.2252917e-02	
   1.1533712e-02	
   1.0846320e-02	
   1.0259576e-02	
   9.8493026e-03	
   9.6726754e-03	
   9.7673657e-03	
   1.0143954e-02	
   1.0787472e-02	
   1.1685183e-02	
   1.2832129e-02	
   1.4240236e-02	
   1.5942186e-02	
   1.7954000e-02	
   2.0264852e-02	
   2.2863990e-02	
   2.5723016e-02	
   2.8803866e-02	
   3.2068418e-02	
   3.5479500e-02	
   3.9001685e-02	
   4.2592342e-02	
   4.6205607e-02	
   4.9771591e-02	
   5.3189609e-02	
   5.6348874e-02	
   5.9146347e-02	
   6.1497191e-02	
   6.3314869e-02	
   6.4515067e-02	
   6.5036092e-02	
   6.4855805e-02	
   6.3999499e-02	
   6.2534520e-02	
   6.0548695e-02	
   5.8139534e-02	
   5.5385190e-02	
   5.2357282e-02	
   4.9126757e-02	
   4.5772923e-02	
   4.2375927e-02	
   3.9002044e-02	
   3.5691732e-02	
   3.2437523e-02	
   2.9207219e-02	
   2.5980804e-02	
   2.2761154e-02	
   1.9579928e-02	
   1.6488457e-02	
   1.3538703e-02	
   1.0780176e-02	
   8.2545023e-03	
   6.0069312e-03	
   4.0915948e-03	
   2.5404868e-03	
   1.3385900e-03	
   4.0812794e-04	
  -3.7961668e-04	
  -1.1700404e-03	
  -2.0927855e-03	
  -3.2464753e-03	
  -4.7244675e-03	
  -6.5928657e-03	
  -8.8822197e-03	
  -1.1588638e-02	
  -1.4676335e-02	
  -1.8108135e-02	
  -2.1850330e-02	
  -2.5857192e-02	
  -3.0074040e-02	
  -3.4416337e-02	
  -3.8771740e-02	
  -4.3042754e-02	
  -4.7145344e-02	
  -5.0998807e-02	
  -5.4528181e-02	
  -5.7645968e-02	
  -6.0274322e-02	
  -6.2338080e-02	
  -6.3766156e-02	
  -6.4483874e-02	
  -6.4435761e-02	
  -6.3602780e-02	
  -6.1986264e-02	
  -5.9598933e-02	
  -5.6465729e-02	
  -5.2628321e-02	
  -4.8165385e-02	
  -4.3183548e-02	
  -3.7793497e-02	
  -3.2111801e-02	
  -2.6234842e-02	
  -2.0222572e-02	
  -1.4125415e-02	
  -8.0250266e-03	
  -2.0144843e-03	
   3.8045762e-03	
   9.3221824e-03	
   1.4419797e-02	
   1.8966304e-02	
   2.2844072e-02	
   2.5946319e-02	
   2.8177570e-02	
   2.9456118e-02	
   2.9710238e-02	
   2.8900950e-02	
   2.7049203e-02	
   2.4222522e-02	
   2.0529625e-02	
   1.6094737e-02	
   1.1056698e-02	
   5.5776574e-03	
  -1.7662102e-04	
  -6.0460100e-03	
  -1.1870103e-02	
  -1.7496210e-02	
  -2.2787552e-02	
  -2.7619094e-02	
  -3.1865843e-02	
  -3.5412195e-02	
  -3.8164415e-02	
  -4.0058842e-02	
  -4.1059912e-02	
  -4.1141604e-02	
  -4.0309538e-02	
  -3.8595203e-02	
  -3.6056195e-02	
  -3.2774535e-02	
  -2.8869741e-02	
  -2.4480367e-02	
  -1.9717413e-02	
  -1.4681180e-02	
  -9.5125434e-03	
  -4.3817034e-03	
   5.3870741e-04	
   5.0991674e-03	
   9.1780064e-03	
   1.2664374e-02	
   1.5451570e-02	
   1.7452296e-02	
   1.8625443e-02	
   1.8968420e-02	
   1.8504952e-02	
   1.7303366e-02	
   1.5497093e-02	
   1.3240588e-02	
   1.0697349e-02	
   8.0449287e-03	
   5.4609211e-03	
   3.1052503e-03	
   1.1154460e-03	
  -4.3957884e-04	
  -1.5620958e-03	
  -2.2819047e-03	
  -2.6479354e-03	
  -2.7167546e-03	
  -2.5445841e-03	
  -2.1804186e-03	
  -1.6641824e-03	
  -1.0258285e-03	
  -2.9787003e-04	
   4.9734466e-04	
   1.3596277e-03	
   2.2999375e-03	
   3.3449655e-03	
   4.5421671e-03	
   5.9195572e-03	
   7.4795958e-03	
   9.2031700e-03	
   1.1044443e-02	
   1.2923780e-02	
   1.4745265e-02	
   1.6419323e-02	
   1.7855192e-02	
   1.8984613e-02	
   1.9758671e-02	
   2.0142498e-02	
   2.0121640e-02	
   1.9690403e-02	
   1.8854317e-02	
   1.7646416e-02	
   1.6126060e-02	
   1.4381872e-02	
   1.2524806e-02	
   1.0668999e-02	
   8.9045810e-03	
   7.2792502e-03	
   5.8312991e-03	
   4.5879264e-03	
   3.5516289e-03	
   2.6928867e-03	
   1.9485932e-03	
   1.2343236e-03	
   4.7060238e-04	
  -4.2565275e-04	
  -1.5334289e-03	
  -2.9100388e-03	
  -4.5699638e-03	
  -6.4969066e-03	
  -8.6411067e-03	
  -1.0907653e-02	
  -1.3176584e-02	
  -1.5328930e-02	
  -1.7264999e-02	
  -1.8908852e-02	
  -2.0204475e-02	
  -2.1095398e-02	
  -2.1526316e-02	
  -2.1459592e-02	
  -2.0887332e-02	
  -1.9807699e-02	
  -1.8236282e-02	
  -1.6211960e-02	
  -1.3777120e-02	
  -1.0978176e-02	
  -7.8786954e-03	
  -4.5550438e-03	
  -1.0922359e-03	
   2.4327997e-03	
   5.9654284e-03	
   9.4510315e-03	
   1.2856876e-02	
   1.6164770e-02	
   1.9361699e-02	
   2.2431045e-02	
   2.5357433e-02	
   2.8134367e-02	
   3.0769217e-02	
   3.3246949e-02	
   3.5555979e-02	
   3.7709207e-02	
   3.9718030e-02	
   4.1593405e-02	
   4.3341825e-02	
   4.4949698e-02	
   4.6385404e-02	
   4.7605765e-02	
   4.8570511e-02	
   4.9223539e-02	
   4.9493827e-02	
   4.9319880e-02	
   4.8664180e-02	
   4.7509972e-02	
   4.5861592e-02	
   4.3736780e-02	
   4.1169006e-02	
   3.8215093e-02	
   3.4955329e-02	
   3.1486412e-02	
   2.7904635e-02	
   2.4298863e-02	
   2.0749700e-02	
   1.7334109e-02	
   1.4123160e-02	
   1.1176658e-02	
   8.5278705e-03	
   6.1894833e-03	
   4.1721445e-03	
   2.4766440e-03	
   1.1033201e-03	
   5.4710740e-05	
  -6.6135668e-04	
  -1.0415345e-03	
  -1.0949132e-03	
  -8.5837288e-04	
  -3.8054324e-04	
   2.9834340e-04	
   1.1412747e-03	
   2.0900862e-03	
   3.0710131e-03	
   4.0167053e-03	
   4.8564841e-03	
   5.5175090e-03	
   5.9403425e-03	
   6.0865593e-03	
   5.9113733e-03	
   5.3775618e-03	
   4.4828218e-03	
   3.2467752e-03	
   1.7012113e-03	
  -1.0994990e-04	
  -2.1470580e-03	
  -4.3699492e-03	
  -6.7383595e-03	
  -9.2247388e-03	
  -1.1818142e-02	
  -1.4502428e-02	
  -1.7242940e-02	
  -1.9985969e-02	
  -2.2690941e-02	
  -2.5346298e-02	
  -2.7954014e-02	
  -3.0494713e-02	
  -3.2920639e-02	
  -3.5172920e-02	
  -3.7196262e-02	
  -3.8945263e-02	
  -4.0373256e-02	
  -4.1439768e-02	
  -4.2119888e-02	
  -4.2402169e-02	
  -4.2285395e-02	
  -4.1787949e-02	
  -4.0948228e-02	
  -3.9813586e-02	
  -3.8461117e-02	
  -3.6979830e-02	
  -3.5439148e-02	
  -3.3896872e-02	
  -3.2402923e-02	
  -3.0998385e-02	
  -2.9712852e-02	
  -2.8557827e-02	
  -2.7518766e-02	
  -2.6570008e-02	
  -2.5689364e-02	
  -2.4832870e-02	
  -2.3946229e-02	
  -2.2996638e-02	
  -2.1988607e-02	
  -2.0948681e-02	
  -1.9910502e-02	
  -1.8901540e-02	
  -1.7955258e-02	
  -1.7115423e-02	
  -1.6427517e-02	
  -1.5925642e-02	
  -1.5620844e-02	
  -1.5520998e-02	
  -1.5642829e-02	
  -1.5996141e-02	
  -1.6572780e-02	
  -1.7350482e-02	
  -1.8285220e-02	
  -1.9314370e-02	
  -2.0385457e-02	
  -2.1431119e-02	
  -2.2356707e-02	
  -2.3053510e-02	
  -2.3432843e-02	
  -2.3448701e-02	
  -2.3087766e-02	
  -2.2368668e-02	
  -2.1349158e-02	
  -2.0100390e-02	
  -1.8663769e-02	
  -1.7069851e-02	
  -1.5355858e-02	
  -1.3550599e-02	
  -1.1657250e-02	
  -9.6719728e-03	
  -7.5983304e-03	
  -5.4356293e-03	
  -3.1778808e-03	
  -8.2872804e-04	
   1.5942922e-03	
   4.0805907e-03	
   6.6386340e-03	
   9.2845596e-03	
   1.2022384e-02	
   1.4838795e-02	
   1.7681530e-02	
   2.0468040e-02	
   2.3124458e-02	
   2.5612190e-02	
   2.7932772e-02	
   3.0081246e-02	
   3.2056016e-02	
   3.3867509e-02	
   3.5559345e-02	
   3.7207765e-02	
   3.8899993e-02	
   4.0734942e-02	
   4.2779623e-02	
   4.5057166e-02	
   4.7562072e-02	
   5.0256701e-02	
   5.3094714e-02	
   5.6028814e-02	
   5.8990227e-02	
   6.1895389e-02	
   6.4641465e-02	
   6.7102187e-02	
   6.9140455e-02	
   7.0640304e-02	
   7.1491716e-02	
   7.1605352e-02	
   7.0930551e-02	
   6.9452418e-02	
   6.7173666e-02	
   6.4100243e-02	
   6.0281021e-02	
   5.5845896e-02	
   5.0956323e-02	
   4.5764320e-02	
   4.0420642e-02	
   3.5094014e-02	
   2.9932339e-02	
   2.5038689e-02	
   2.0497084e-02	
   1.6371169e-02	
   1.2703043e-02	
   9.5041120e-03	
   6.7730877e-03	
   4.4780995e-03	
   2.5803311e-03	
   1.0199747e-03	
  -3.0939251e-04	
  -1.5309747e-03	
  -2.7620638e-03	
  -4.1085468e-03	
  -5.6557201e-03	
  -7.4629559e-03	
  -9.5669801e-03	
  -1.1984165e-02	
  -1.4712797e-02	
  -1.7732152e-02	
  -2.1004768e-02	
  -2.4490694e-02	
  -2.8146099e-02	
  -3.1917625e-02	
  -3.5742165e-02	
  -3.9555406e-02	
  -4.3299660e-02	
  -4.6910098e-02	
  -5.0301236e-02	
  -5.3374618e-02	
  -5.6064689e-02	
  -5.8341717e-02	
  -6.0178022e-02	
  -6.1536546e-02	
  -6.2383162e-02	
  -6.2676580e-02	
  -6.2396962e-02	
  -6.1535476e-02	
  -6.0101821e-02	
  -5.8139566e-02	
  -5.5704923e-02	
  -5.2869124e-02	
  -4.9744009e-02	
  -4.6457226e-02	
  -4.3118490e-02	
  -3.9806830e-02	
  -3.6581510e-02	
  -3.3500881e-02	
  -3.0632614e-02	
  -2.8049399e-02	
  -2.5801612e-02	
  -2.3900853e-02	
  -2.2301200e-02	
  -2.0931646e-02	
  -1.9716073e-02	
  -1.8573171e-02	
  -1.7411112e-02	
  -1.6145889e-02	
  -1.4726262e-02	
  -1.3113079e-02	
  -1.1275164e-02	
  -9.1991667e-03	
  -6.8612019e-03	
  -4.2551059e-03	
  -1.3931370e-03	
   1.7130676e-03	
   5.0612594e-03	
   8.6428224e-03	
   1.2411072e-02	
   1.6296813e-02	
   2.0235521e-02	
   2.4147015e-02	
   2.7960224e-02	
   3.1629632e-02	
   3.5095183e-02	
   3.8287439e-02	
   4.1155329e-02	
   4.3666640e-02	
   4.5812033e-02	
   4.7602358e-02	
   4.9059183e-02	
   5.0198302e-02	
   5.1031577e-02	
   5.1583337e-02	
   5.1899990e-02	
   5.2043995e-02	
   5.2074706e-02	
   5.2041789e-02	
   5.1992793e-02	
   5.1964591e-02	
   5.1989828e-02	
   5.2089951e-02	
   5.2277681e-02	
   5.2543827e-02	
   5.2857800e-02	
   5.3174461e-02	
   5.3450019e-02	
   5.3632847e-02	
   5.3677398e-02	
   5.3536744e-02	
   5.3176986e-02	
   5.2583509e-02	
   5.1748674e-02	
   5.0699940e-02	
   4.9475069e-02	
   4.8094502e-02	
   4.6558191e-02	
   4.4856029e-02	
   4.2995998e-02	
   4.0985352e-02	
   3.8807802e-02	
   3.6418192e-02	
   3.3770090e-02	
   3.0852224e-02	
   2.7686937e-02	
   2.4300170e-02	
   2.0730787e-02	
   1.7037015e-02	
   1.3281708e-02	
   9.5096267e-03	
   5.7658043e-03	
   2.1137130e-03	
  -1.3814212e-03	
  -4.6700921e-03	
  -7.7287399e-03	
  -1.0560003e-02	
  -1.3167532e-02	
  -1.5543458e-02	
  -1.7691931e-02	
  -1.9612232e-02	
  -2.1324787e-02	
  -2.2875273e-02	
  -2.4304631e-02	
  -2.5641888e-02	
  -2.6927895e-02	
  -2.8218763e-02	
  -2.9575898e-02	
  -3.1051343e-02	
  -3.2658652e-02	
  -3.4375904e-02	
  -3.6160861e-02	
  -3.7964838e-02	
  -3.9705644e-02	
  -4.1285706e-02	
  -4.2629214e-02	
  -4.3689459e-02	
  -4.4412447e-02	
  -4.4746216e-02	
  -4.4666460e-02	
  -4.4189896e-02	
  -4.3372814e-02	
  -4.2297242e-02	
  -4.1079928e-02	
  -3.9838203e-02	
  -3.8679925e-02	
  -3.7703896e-02	
  -3.6979618e-02	
  -3.6546338e-02	
  -3.6432947e-02	
  -3.6638251e-02	
  -3.7119692e-02	
  -3.7821250e-02	
  -3.8666453e-02	
  -3.9560586e-02	
  -4.0416271e-02	
  -4.1166939e-02	
  -4.1788970e-02	
  -4.2249407e-02	
  -4.2509523e-02	
  -4.2562914e-02	
  -4.2405691e-02	
  -4.2011071e-02	
  -4.1348419e-02	
  -4.0384980e-02	
  -3.9083090e-02	
  -3.7444066e-02	
  -3.5513863e-02	
  -3.3330504e-02	
  -3.0903458e-02	
  -2.8234442e-02	
  -2.5346428e-02	
  -2.2268062e-02	
  -1.9039213e-02	
  -1.5717274e-02	
  -1.2361880e-02	
  -9.0213794e-03	
  -5.7338449e-03	
  -2.5503300e-03	
   4.8249054e-04	
   3.3303077e-03	
   5.9771794e-03	
   8.3998548e-03	
   1.0574153e-02	
   1.2480034e-02	
   1.4104230e-02	
   1.5455164e-02	
   1.6547191e-02	
   1.7403056e-02	
   1.8061378e-02	
   1.8553228e-02	
   1.8924596e-02	
   1.9237000e-02	
   1.9551954e-02	
   1.9911540e-02	
   2.0307180e-02	
   2.0723442e-02	
   2.1153682e-02	
   2.1605777e-02	
   2.2075945e-02	
   2.2538081e-02	
   2.2956613e-02	
   2.3304696e-02	
   2.3559298e-02	
   2.3700230e-02	
   2.3708597e-02	
   2.3579290e-02	
   2.3320946e-02	
   2.2943370e-02	
   2.2460327e-02	
   2.1893124e-02	
   2.1274345e-02	
   2.0621194e-02	
   1.9948534e-02	
   1.9277728e-02	
   1.8624381e-02	
   1.7996182e-02	
   1.7382386e-02	
   1.6756907e-02	
   1.6089353e-02	
   1.5349690e-02	
   1.4508793e-02	
   1.3558997e-02	
   1.2496914e-02	
   1.1314412e-02	
   1.0003969e-02	
   8.5655342e-03	
   6.9997276e-03	
   5.3105131e-03	
   3.5221679e-03	
   1.6703737e-03	
  -2.1798614e-04	
  -2.1301396e-03	
  -4.0580120e-03	
  -5.9990210e-03	
  -7.9626119e-03	
  -9.9723020e-03	
  -1.2064884e-02	
  -1.4289845e-02	
  -1.6711171e-02	
  -1.9375702e-02	
  -2.2299370e-02	
  -2.5458995e-02	
  -2.8797240e-02	
  -3.2247349e-02	
  -3.5762157e-02	
  -3.9298746e-02	
  -4.2793839e-02	
  -4.6164168e-02	
  -4.9325868e-02	
  -5.2193065e-02	
  -5.4693893e-02	
  -5.6777587e-02	
  -5.8403792e-02	
  -5.9553491e-02	
  -6.0228398e-02	
  -6.0444903e-02	
  -6.0246454e-02	
  -5.9711213e-02	
  -5.8925716e-02	
  -5.7939875e-02	
  -5.6776402e-02	
  -5.5471465e-02	
  -5.4069542e-02	
  -5.2617047e-02	
  -5.1167811e-02	
  -4.9770774e-02	
  -4.8469996e-02	
  -4.7289284e-02	
  -4.6230198e-02	
  -4.5272037e-02	
  -4.4390265e-02	
  -4.3563273e-02	
  -4.2771658e-02	
  -4.2003914e-02	
  -4.1228957e-02	
  -4.0384359e-02	
  -3.9398019e-02	
  -3.8232283e-02	
  -3.6883449e-02	
  -3.5354335e-02	
  -3.3651356e-02	
  -3.1774225e-02	
  -2.9716096e-02	
  -2.7471429e-02	
  -2.5060764e-02	
  -2.2542296e-02	
  -1.9985830e-02	
  -1.7464127e-02	
  -1.5048731e-02	
  -1.2806973e-02	
  -1.0782513e-02	
  -8.9757499e-03	
  -7.3725827e-03	
  -5.9563401e-03	
  -4.7064568e-03	
  -3.6059790e-03	
  -2.6399149e-03	
  -1.7704823e-03	
  -9.5129601e-04	
  -1.4492877e-04	
   6.9470417e-04	
   1.6091648e-03	
   2.6174425e-03	
   3.7143843e-03	
   4.8719973e-03	
   6.0486186e-03	
   7.2242555e-03	
   8.4037519e-03	
   9.5992598e-03	
   1.0802521e-02	
   1.1992931e-02	
   1.3156486e-02	
   1.4293930e-02	
   1.5394829e-02	
   1.6429355e-02	
   1.7368742e-02	
   1.8210971e-02	
   1.8976100e-02	
   1.9674218e-02	
   2.0300612e-02	
   2.0829186e-02	
   2.1219663e-02	
   2.1448979e-02	
   2.1501103e-02	
   2.1383120e-02	
   2.1121158e-02	
   2.0770150e-02	
   2.0384689e-02	
   2.0010748e-02	
   1.9707274e-02	
   1.9531341e-02	
   1.9527052e-02	
   1.9699986e-02	
   2.0034989e-02	
   2.0535189e-02	
   2.1203936e-02	
   2.2011540e-02	
   2.2914170e-02	
   2.3856907e-02	
   2.4776898e-02	
   2.5612836e-02	
   2.6313609e-02	
   2.6847306e-02	
   2.7195267e-02	
   2.7344990e-02	
   2.7280038e-02	
   2.6992610e-02	
   2.6489379e-02	
   2.5784929e-02	
   2.4902315e-02	
   2.3885967e-02	
   2.2817176e-02	
   2.1802952e-02	
   2.0930748e-02	
   2.0255938e-02	
   1.9814946e-02	
   1.9633425e-02	
   1.9725346e-02	
   2.0100177e-02	
   2.0749676e-02	
   2.1624201e-02	
   2.2661505e-02	
   2.3808671e-02	
   2.5018011e-02	
   2.6229001e-02	
   2.7385865e-02	
   2.8469844e-02	
   2.9480800e-02	
   3.0425301e-02	
   3.1312963e-02	
   3.2164154e-02	
   3.3021171e-02	
   3.3918997e-02	
   3.4877730e-02	
   3.5907420e-02	
   3.7014798e-02	
   3.8213762e-02	
   3.9509156e-02	
   4.0895327e-02	
   4.2355968e-02	
   4.3872312e-02	
   4.5399407e-02	
   4.6875007e-02	
   4.8235974e-02	
   4.9437977e-02	
   5.0448688e-02	
   5.1236586e-02	
   5.1773208e-02	
   5.2041519e-02	
   5.2040588e-02	
   5.1786493e-02	
   5.1294912e-02	
   5.0588109e-02	
   4.9704148e-02	
   4.8670806e-02	
   4.7502561e-02	
   4.6187518e-02	
   4.4694361e-02	
   4.2990712e-02	
   4.1055239e-02	
   3.8883628e-02	
   3.6475839e-02	
   3.3838343e-02	
   3.0988303e-02	
   2.7963818e-02	
   2.4834496e-02	
   2.1689741e-02	
   1.8644014e-02	
   1.5802283e-02	
   1.3250049e-02	
   1.1055750e-02	
   9.2636771e-03	
   7.9046964e-03	
   6.9889611e-03	
   6.5236421e-03	
   6.5034785e-03	
   6.9017823e-03	
   7.6776292e-03	
   8.7772353e-03	
   1.0140735e-02	
   1.1725314e-02	
   1.3490688e-02	
   1.5393089e-02	
   1.7375866e-02	
   1.9396691e-02	
   2.1422385e-02	
   2.3418529e-02	
   2.5348961e-02	
   2.7174335e-02	
   2.8858809e-02	
   3.0369598e-02	
   3.1659608e-02	
   3.2683758e-02	
   3.3416648e-02	
   3.3858098e-02	
   3.4038132e-02	
   3.3998074e-02	
   3.3769943e-02	
   3.3362097e-02	
   3.2789037e-02	
   3.2092340e-02	
   3.1323870e-02	
   3.0530081e-02	
   2.9755091e-02	
   2.9041409e-02	
   2.8452638e-02	
   2.8053239e-02	
   2.7867323e-02	
   2.7881980e-02	
   2.8058868e-02	
   2.8339728e-02	
   2.8659020e-02	
   2.8942315e-02	
   2.9108019e-02	
   2.9045608e-02	
   2.8637272e-02	
   2.7792477e-02	
   2.6457957e-02	
   2.4611692e-02	
   2.2261967e-02	
   1.9455482e-02	
   1.6270914e-02	
   1.2803052e-02	
   9.1572546e-03	
   5.4241970e-03	
   1.6804097e-03	
  -2.0084736e-03	
  -5.5800700e-03	
  -8.9450716e-03	
  -1.2013176e-02	
  -1.4717814e-02	
  -1.7019703e-02	
  -1.8918272e-02	
  -2.0442778e-02	
  -2.1649307e-02	
  -2.2618596e-02	
  -2.3447606e-02	
  -2.4212759e-02	
  -2.4975943e-02	
  -2.5780231e-02	
  -2.6648988e-02	
  -2.7589739e-02	
  -2.8627002e-02	
  -2.9771194e-02	
  -3.0998099e-02	
  -3.2277023e-02	
  -3.3575775e-02	
  -3.4856251e-02	
  -3.6102617e-02	
  -3.7313901e-02	
  -3.8503478e-02	
  -3.9701069e-02	
  -4.0916504e-02	
  -4.2163050e-02	
  -4.3433411e-02	
  -4.4733716e-02	
  -4.6072542e-02	
  -4.7434685e-02	
  -4.8795742e-02	
  -5.0137991e-02	
  -5.1428459e-02	
  -5.2618411e-02	
  -5.3658616e-02	
  -5.4502021e-02	
  -5.5126961e-02	
  -5.5547593e-02	
  -5.5806231e-02	
  -5.5939500e-02	
  -5.5958438e-02	
  -5.5878625e-02	
  -5.5709964e-02	
  -5.5481253e-02	
  -5.5238113e-02	
  -5.5020595e-02	
  -5.4851967e-02	
  -5.4743142e-02	
  -5.4709653e-02	
  -5.4783829e-02	
  -5.4980138e-02	
  -5.5281570e-02	
  -5.5654710e-02	
  -5.6059076e-02	
  -5.6436791e-02	
  -5.6730348e-02	
  -5.6915856e-02	
  -5.6971142e-02	
  -5.6865496e-02	
  -5.6553443e-02	
  -5.5993111e-02	
  -5.5152279e-02	
  -5.4021625e-02	
  -5.2642227e-02	
  -5.1075539e-02	
  -4.9391081e-02	
  -4.7676223e-02	
  -4.6020327e-02	
  -4.4485593e-02	
  -4.3092199e-02	
  -4.1835547e-02	
  -4.0713904e-02	
  -3.9724239e-02	
  -3.8823881e-02	
  -3.7953318e-02	
  -3.7043417e-02	
  -3.5996317e-02	
  -3.4710882e-02	
  -3.3107789e-02	
  -3.1116009e-02	
  -2.8678865e-02	
  -2.5775639e-02	
  -2.2407034e-02	
  -1.8604945e-02	
  -1.4425311e-02	
  -9.9375713e-03	
  -5.2171144e-03	
  -3.2736880e-04	
   4.6822850e-03	
   9.7705684e-03	
   1.4879343e-02	
   1.9919163e-02	
   2.4815721e-02	
   2.9506927e-02	
   3.3946579e-02	
   3.8112707e-02	
   4.1990589e-02	
   4.5563412e-02	
   4.8835383e-02	
   5.1820913e-02	
   5.4515681e-02	
   5.6909034e-02	
   5.8998503e-02	
   6.0774694e-02	
   6.2216445e-02	
   6.3306217e-02	
   6.4050374e-02	
   6.4457019e-02	
   6.4525966e-02	
   6.4261780e-02	
   6.3662070e-02	
   6.2715134e-02	
   6.1401349e-02	
   5.9719718e-02	
   5.7675012e-02	
   5.5277084e-02	
   5.2543280e-02	
   4.9496564e-02	
   4.6166129e-02	
   4.2569385e-02	
   3.8700089e-02	
   3.4538855e-02	
   3.0073705e-02	
   2.5315080e-02	
   2.0301919e-02	
   1.5095562e-02	
   9.7294978e-03	
   4.2281825e-03	
  -1.3741376e-03	
  -7.0303912e-03	
  -1.2653320e-02	
  -1.8137310e-02	
  -2.3389084e-02	
  -2.8323290e-02	
  -3.2838988e-02	
  -3.6816193e-02	
  -4.0132355e-02	
  -4.2690546e-02	
  -4.4448681e-02	
  -4.5424122e-02	
  -4.5655349e-02	
  -4.5199291e-02	
  -4.4131587e-02	
  -4.2549099e-02	
  -4.0554793e-02	
  -3.8248165e-02	
  -3.5727631e-02	
  -3.3091261e-02	
  -3.0426346e-02	
  -2.7822012e-02	
  -2.5356004e-02	
  -2.3077701e-02	
  -2.1019318e-02	
  -1.9194957e-02	
  -1.7600108e-02	
  -1.6211731e-02	
  -1.4993698e-02	
  -1.3908273e-02	
  -1.2944662e-02	
  -1.2105873e-02	
  -1.1393302e-02	
  -1.0821786e-02	
  -1.0408776e-02	
  -1.0188684e-02	
  -1.0181683e-02	
  -1.0377706e-02	
  -1.0730110e-02	
  -1.1185506e-02	
  -1.1698982e-02	
  -1.2225514e-02	
  -1.2738705e-02	
  -1.3224150e-02	
  -1.3651343e-02	
  -1.3997980e-02	
  -1.4247794e-02	
  -1.4394462e-02	
  -1.4446112e-02	
  -1.4407713e-02	
  -1.4285866e-02	
  -1.4084051e-02	
  -1.3824841e-02	
  -1.3556653e-02	
  -1.3325719e-02	
  -1.3177834e-02	
  -1.3162671e-02	
  -1.3317631e-02	
  -1.3663786e-02	
  -1.4213251e-02	
  -1.4955904e-02	
  -1.5855682e-02	
  -1.6862218e-02	
  -1.7921336e-02	
  -1.8971099e-02	
  -1.9930568e-02	
  -2.0710125e-02	
  -2.1215186e-02	
  -2.1375424e-02	
  -2.1157694e-02	
  -2.0556529e-02	
  -1.9582444e-02	
  -1.8258545e-02	
  -1.6621742e-02	
  -1.4725159e-02	
  -1.2620991e-02	
  -1.0354209e-02	
  -7.9749298e-03	
  -5.5124755e-03	
  -2.9689894e-03	
  -3.4232945e-04	
   2.3644413e-03	
   5.1457029e-03	
   7.9596102e-03	
   1.0722545e-02	
   1.3353742e-02	
   1.5782414e-02	
   1.7944915e-02	
   1.9783018e-02	
   2.1235856e-02	
   2.2278193e-02	
   2.2910028e-02	
   2.3138420e-02	
   2.2995715e-02	
   2.2518391e-02	
   2.1746056e-02	
   2.0729978e-02	
   1.9512672e-02	
   1.8133160e-02	
   1.6626555e-02	
   1.5028184e-02	
   1.3361169e-02	
   1.1635395e-02	
   9.8680446e-03	
   8.0997159e-03	
   6.3575174e-03	
   4.6529408e-03	
   2.9946244e-03	
   1.3808771e-03	
  -1.8746506e-04	
  -1.6852398e-03	
  -3.0741774e-03	
  -4.3124414e-03	
  -5.3697570e-03	
  -6.2560345e-03	
  -7.0001655e-03	
  -7.6287449e-03	
  -8.1603120e-03	
  -8.5947175e-03	
  -8.9341238e-03	
  -9.1631452e-03	
  -9.2577048e-03	
  -9.2243630e-03	
  -9.1083980e-03	
  -8.9939037e-03	
  -8.9985605e-03	
  -9.2429253e-03	
  -9.8175540e-03	
  -1.0777300e-02	
  -1.2136633e-02	
  -1.3869515e-02	
  -1.5927088e-02	
  -1.8266984e-02	
  -2.0838761e-02	
  -2.3570720e-02	
  -2.6383945e-02	
  -2.9186443e-02	
  -3.1868907e-02	
  -3.4330863e-02	
  -3.6485586e-02	
  -3.8260952e-02	
  -3.9587972e-02	
  -4.0379359e-02	
  -4.0562081e-02	
  -4.0117290e-02	
  -3.9077437e-02	
  -3.7498911e-02	
  -3.5455570e-02	
  -3.3035763e-02	
  -3.0344777e-02	
  -2.7502540e-02	
  -2.4614633e-02	
  -2.1760542e-02	
  -1.8983175e-02	
  -1.6310310e-02	
  -1.3761965e-02	
  -1.1355736e-02	
  -9.1075238e-03	
  -7.0110528e-03	
  -5.0454546e-03	
  -3.1838188e-03	
  -1.3953772e-03	
   3.5628226e-04	
   2.1021206e-03	
   3.8699746e-03	
   5.6779833e-03	
   7.5435497e-03	
   9.4878128e-03	
   1.1523589e-02	
   1.3650052e-02	
   1.5857365e-02	
   1.8142572e-02	
   2.0516243e-02	
   2.2966532e-02	
   2.5441666e-02	
   2.7876228e-02	
   3.0218453e-02	
   3.2422441e-02	
   3.4452424e-02	
   3.6277186e-02	
   3.7869911e-02	
   3.9220959e-02	
   4.0346074e-02	
   4.1259080e-02	
   4.1976480e-02	
   4.2521500e-02	
   4.2914755e-02	
   4.3175223e-02	
   4.3341172e-02	
   4.3460748e-02	
   4.3585316e-02	
   4.3764035e-02	
   4.4011937e-02	
   4.4323279e-02	
   4.4683928e-02	
   4.5091006e-02	
   4.5545217e-02	
   4.6028285e-02	
   4.6515250e-02	
   4.7003293e-02	
   4.7484628e-02	
   4.7933243e-02	
   4.8309455e-02	
   4.8564825e-02	
   4.8655062e-02	
   4.8552774e-02	
   4.8251178e-02	
   4.7758577e-02	
   4.7077027e-02	
   4.6215231e-02	
   4.5199683e-02	
   4.4064053e-02	
   4.2827565e-02	
   4.1504360e-02	
   4.0126383e-02	
   3.8729436e-02	
   3.7356614e-02	
   3.6056620e-02	
   3.4870573e-02	
   3.3823195e-02	
   3.2925590e-02	
   3.2184506e-02	
   3.1608676e-02	
   3.1184375e-02	
   3.0875304e-02	
   3.0642361e-02	
   3.0445897e-02	
   3.0252603e-02	
   3.0029766e-02	
   2.9754200e-02	
   2.9414868e-02	
   2.8990689e-02	
   2.8455105e-02	
   2.7779577e-02	
   2.6943304e-02	
   2.5955428e-02	
   2.4835444e-02	
   2.3605810e-02	
   2.2292008e-02	
   2.0916426e-02	
   1.9504282e-02	
   1.8088421e-02	
   1.6714112e-02	
   1.5417713e-02	
   1.4221772e-02	
   1.3154868e-02	
   1.2232582e-02	
   1.1467976e-02	
   1.0870438e-02	
   1.0435549e-02	
   1.0138586e-02	
   9.9195238e-03	
   9.6949223e-03	
   9.3860800e-03	
   8.9545161e-03	
   8.3928694e-03	
   7.6867486e-03	
   6.8216322e-03	
   5.7831247e-03	
   4.5628862e-03	
   3.1548480e-03	
   1.5783590e-03	
  -1.2217712e-04	
  -1.8967889e-03	
  -3.6867297e-03	
  -5.4239919e-03	
  -7.0598179e-03	
  -8.5652483e-03	
  -9.9246872e-03	
  -1.1129329e-02	
  -1.2170963e-02	
  -1.3066330e-02	
  -1.3856034e-02	
  -1.4577837e-02	
  -1.5242410e-02	
  -1.5828019e-02	
  -1.6309755e-02	
  -1.6669235e-02	
  -1.6884669e-02	
  -1.6910062e-02	
  -1.6699733e-02	
  -1.6225122e-02	
  -1.5478196e-02	
  -1.4457436e-02	
  -1.3171094e-02	
  -1.1637176e-02	
  -9.8787882e-03	
  -7.9323682e-03	
  -5.8203864e-03	
  -3.5472694e-03	
  -1.1215719e-03	
   1.4443326e-03	
   4.1380682e-03	
   6.9402410e-03	
   9.8175459e-03	
   1.2729260e-02	
   1.5637225e-02	
   1.8506447e-02	
   2.1292531e-02	
   2.3951973e-02	
   2.6465759e-02	
   2.8821513e-02	
   3.0998777e-02	
   3.2965705e-02	
   3.4702100e-02	
   3.6194759e-02	
   3.7441190e-02	
   3.8449826e-02	
   3.9232985e-02	
   3.9819706e-02	
   4.0233876e-02	
   4.0459221e-02	
   4.0475397e-02	
   4.0280600e-02	
   3.9876798e-02	
   3.9278582e-02	
   3.8526583e-02	
   3.7669591e-02	
   3.6748660e-02	
   3.5802942e-02	
   3.4866423e-02	
   3.3949879e-02	
   3.3007927e-02	
   3.1974945e-02	
   3.0801325e-02	
   2.9468496e-02	
   2.7990551e-02	
   2.6389370e-02	
   2.4684021e-02	
   2.2889856e-02	
   2.1007390e-02	
   1.9029981e-02	
   1.6941998e-02	
   1.4724995e-02	
   1.2384617e-02	
   9.9525306e-03	
   7.4436453e-03	
   4.8612668e-03	
   2.1955290e-03	
  -5.8747325e-04	
  -3.5303126e-03	
  -6.6500156e-03	
  -9.9472364e-03	
  -1.3400949e-02	
  -1.6962677e-02	
  -2.0575516e-02	
  -2.4183568e-02	
  -2.7732575e-02	
  -3.1189016e-02	
  -3.4536191e-02	
  -3.7758194e-02	
  -4.0833578e-02	
  -4.3739598e-02	
  -4.6472202e-02	
  -4.9017933e-02	
  -5.1342772e-02	
  -5.3420092e-02	
  -5.5220483e-02	
  -5.6737701e-02	
  -5.7981632e-02	
  -5.8956003e-02	
  -5.9661425e-02	
  -6.0103880e-02	
  -6.0299077e-02	
  -6.0260833e-02	
  -6.0005962e-02	
  -5.9555811e-02	
  -5.8923274e-02	
  -5.8109501e-02	
  -5.7105539e-02	
  -5.5895235e-02	
  -5.4470795e-02	
  -5.2829540e-02	
  -5.0963692e-02	
  -4.8858128e-02	
  -4.6518338e-02	
  -4.3964004e-02	
  -4.1218818e-02	
  -3.8307186e-02	
  -3.5250919e-02	
  -3.2077814e-02	
  -2.8812314e-02	
  -2.5485866e-02	
  -2.2163993e-02	
  -1.8914988e-02	
  -1.5787978e-02	
  -1.2838812e-02	
  -1.0113586e-02	
  -7.6468675e-03	
  -5.4560224e-03	
  -3.5305201e-03	
  -1.8280449e-03	
  -2.9525506e-04	
   1.1167932e-03	
   2.4584216e-03	
   3.7656184e-03	
   5.0536728e-03	
   6.3075684e-03	
   7.4909488e-03	
   8.5650195e-03	
   9.5063996e-03	
   1.0303857e-02	
   1.0937065e-02	
   1.1364217e-02	
   1.1537584e-02	
   1.1412477e-02	
   1.0947988e-02	
   1.0113921e-02	
   8.9007248e-03	
   7.3303201e-03	
   5.4569873e-03	
   3.3688832e-03	
   1.1520019e-03	
  -1.1102801e-03	
  -3.3435161e-03	
  -5.4781427e-03	
  -7.4452818e-03	
  -9.1925409e-03	
  -1.0695429e-02	
  -1.1961452e-02	
  -1.3007571e-02	
  -1.3844996e-02	
  -1.4493719e-02	
  -1.4987849e-02	
  -1.5371978e-02	
  -1.5709080e-02	
  -1.6054720e-02	
  -1.6414437e-02	
  -1.6748083e-02	
  -1.6997456e-02	
  -1.7095823e-02	
  -1.7001394e-02	
  -1.6697070e-02	
  -1.6166731e-02	
  -1.5412623e-02	
  -1.4451455e-02	
  -1.3309747e-02	
  -1.2012425e-02	
  -1.0597054e-02	
  -9.1100402e-03	
  -7.6031270e-03	
  -6.1366398e-03	
  -4.7467896e-03	
  -3.4531665e-03	
  -2.2841490e-03	
  -1.2743558e-03	
  -4.2062632e-04	
   3.1406910e-04	
   9.8515331e-04	
   1.6368897e-03	
   2.2995168e-03	
   2.9810557e-03	
   3.6674795e-03	
   4.3466777e-03	
   4.9960931e-03	
   5.5937294e-03	
   6.1310580e-03	
   6.5990675e-03	
   6.9940004e-03	
   7.3057897e-03	
   7.5131508e-03	
   7.5781309e-03	
   7.4633081e-03	
   7.1520490e-03	
   6.6442901e-03	
   5.9643623e-03	
   5.1600576e-03	
   4.2814182e-03	
   3.3700408e-03	
   2.4589543e-03	
   1.5633377e-03	
   6.9456797e-04	
  -1.6051534e-04	
  -1.0176805e-03	
  -1.8873925e-03	
  -2.7759397e-03	
  -3.6697385e-03	
  -4.5424416e-03	
  -5.3761705e-03	
  -6.1559193e-03	
  -6.8678131e-03	
  -7.4929513e-03	
  -8.0160110e-03	
  -8.4117340e-03	
  -8.6199954e-03	
  -8.5802729e-03	
  -8.2577376e-03	
  -7.6717624e-03	
  -6.8636064e-03	
  -5.8866402e-03	
  -4.8104331e-03	
  -3.7040215e-03	
  -2.6423512e-03	
  -1.6917186e-03	
  -9.0757916e-04	
  -3.4152569e-04	
  -1.5775281e-05	
   7.8752542e-05	
  -3.5620375e-05	
  -3.3396607e-04	
  -7.8545922e-04	
  -1.3504585e-03	
  -2.0016132e-03	
  -2.7273772e-03	
  -3.5213386e-03	
  -4.3715194e-03	
  -5.2668738e-03	
  -6.1935790e-03	
  -7.1070740e-03	
  -7.9542377e-03	
  -8.7035582e-03	
  -9.3436042e-03	
  -9.8826363e-03	
  -1.0325254e-02	
  -1.0668958e-02	
  -1.0928633e-02	
  -1.1138619e-02	
  -1.1324584e-02	
  -1.1507747e-02	
  -1.1716850e-02	
  -1.1985300e-02	
  -1.2349143e-02	
  -1.2818354e-02	
  -1.3379952e-02	
  -1.4014385e-02	
  -1.4698288e-02	
  -1.5439380e-02	
  -1.6243455e-02	
  -1.7090292e-02	
  -1.7950054e-02	
  -1.8803606e-02	
  -1.9619593e-02	
  -2.0361315e-02	
  -2.1015879e-02	
  -2.1597542e-02	
  -2.2148004e-02	
  -2.2712935e-02	
  -2.3318651e-02	
  -2.3956809e-02	
  -2.4608775e-02	
  -2.5256722e-02	
  -2.5887119e-02	
  -2.6476045e-02	
  -2.6990306e-02	
  -2.7377335e-02	
  -2.7588628e-02	
  -2.7605368e-02	
  -2.7417515e-02	
  -2.7016801e-02	
  -2.6402948e-02	
  -2.5582623e-02	
  -2.4564502e-02	
  -2.3339280e-02	
  -2.1898026e-02	
  -2.0247384e-02	
  -1.8418922e-02	
  -1.6483678e-02	
  -1.4523474e-02	
  -1.2585272e-02	
  -1.0669530e-02	
  -8.7733218e-03	
  -6.8923713e-03	
  -5.0322372e-03	
  -3.2245626e-03	
  -1.4935381e-03	
   1.7066117e-04	
   1.7941810e-03	
   3.4188100e-03	
   5.0890595e-03	
   6.8280661e-03	
   8.6569075e-03	
   1.0587103e-02	
   1.2596187e-02	
   1.4619635e-02	
   1.6590370e-02	
   1.8455050e-02	
   2.0175586e-02	
   2.1714569e-02	
   2.3032194e-02	
   2.4099588e-02	
   2.4899366e-02	
   2.5435163e-02	
   2.5724299e-02	
   2.5791955e-02	
   2.5676774e-02	
   2.5421617e-02	
   2.5057194e-02	
   2.4608873e-02	
   2.4112489e-02	
   2.3608244e-02	
   2.3118379e-02	
   2.2642150e-02	
   2.2156934e-02	
   2.1633498e-02	
   2.1072718e-02	
   2.0501724e-02	
   1.9956467e-02	
   1.9450907e-02	
   1.8984670e-02	
   1.8556725e-02	
   1.8176126e-02	
   1.7843868e-02	
   1.7545639e-02	
   1.7263169e-02	
   1.6980193e-02	
   1.6709570e-02	
   1.6482330e-02	
   1.6314501e-02	
   1.6200391e-02	
   1.6103299e-02	
   1.5963714e-02	
   1.5732887e-02	
   1.5378636e-02	
   1.4871606e-02	
   1.4199468e-02	
   1.3348685e-02	
   1.2316422e-02	
   1.1115620e-02	
   9.7674883e-03	
   8.2949683e-03	
   6.7243528e-03	
   5.0753797e-03	
   3.3779854e-03	
   1.6821450e-03	
   4.0327463e-05	
  -1.5077988e-03	
  -2.9352898e-03	
  -4.2188017e-03	
  -5.3300018e-03	
  -6.2590893e-03	
  -7.0076402e-03	
  -7.5586626e-03	
  -7.8956367e-03	
  -8.0195789e-03	
  -7.9665735e-03	
  -7.7837967e-03	
  -7.5010053e-03	
  -7.1406266e-03	
  -6.7407802e-03	
  -6.3358211e-03	
  -5.9402657e-03	
  -5.5499660e-03	
  -5.1555829e-03	
  -4.7508248e-03	
  -4.3405511e-03	
  -3.9222283e-03	
  -3.4790916e-03	
  -3.0041948e-03	
  -2.5095078e-03	
  -1.9962415e-03	
  -1.4553335e-03	
  -8.6284514e-04	
  -1.9872177e-04	
   5.4345704e-04	
   1.3644946e-03	
   2.2547672e-03	
   3.1939169e-03	
   4.1397341e-03	
   5.0349234e-03	
   5.8424177e-03	
   6.5623254e-03	
   7.1897920e-03	
   7.7079432e-03	
   8.0924062e-03	
   8.3311941e-03	
   8.4263092e-03	
   8.3706797e-03	
   8.1562875e-03	
   7.7867992e-03	
   7.2778409e-03	
   6.6474658e-03	
   5.9364911e-03	
   5.1872376e-03	
   4.4344334e-03	
   3.6997919e-03	
   3.0002773e-03	
   2.3568546e-03	
   1.7858117e-03	
   1.3009630e-03	
   9.1802940e-04	
   6.4682478e-04	
   4.6906535e-04	
   3.5211785e-04	
   2.7769536e-04	
   2.3754880e-04	
   2.2736130e-04	
   2.3041524e-04	
   2.1957071e-04	
   1.7919988e-04	
   1.1283285e-04	
   3.7954397e-05	
  -3.1971016e-05	
  -9.1603674e-05	
  -1.4053871e-04	
  -1.8096419e-04	
  -2.1423137e-04	
  -2.4339116e-04	
  -2.8986229e-04	
  -3.8808105e-04	
  -5.5875275e-04	
  -7.9333396e-04	
  -1.0567838e-03	
  -1.3150334e-03	
  -1.5410033e-03	
  -1.7195097e-03	
  -1.8480287e-03	
  -1.9375392e-03	
  -1.9960821e-03	
  -2.0281004e-03	
  -2.0232188e-03	
  -1.9678932e-03	
  -1.8550990e-03	
  -1.6830943e-03	
  -1.4443964e-03	
  -1.1374764e-03	
  -7.9661634e-04	
  -4.8106864e-04	
  -2.3792429e-04	
  -8.4296753e-05	
  -1.4021174e-05	
  -6.5120480e-06	
  -3.3090436e-05	
  -5.9915283e-05	
  -5.0922082e-05	
   3.0372555e-05	
   2.1417810e-04	
   5.2871918e-04	
   1.0118145e-03	
   1.6718001e-03	
   2.4886662e-03	
   3.4190355e-03	
   4.4110876e-03	
   5.4288130e-03	
   6.4413849e-03	
   7.4187783e-03	
   8.3327954e-03	
   9.1603266e-03	
   9.8834451e-03	
   1.0481383e-02	
   1.0937375e-02	
   1.1238881e-02	
   1.1386227e-02	
   1.1412828e-02	
   1.1357362e-02	
   1.1236993e-02	
   1.1063299e-02	
   1.0848959e-02	
   1.0591956e-02	
   1.0270237e-02	
   9.8767538e-03	
   9.4299120e-03	
   8.9389359e-03	
   8.4089480e-03	
   7.8478594e-03	
   7.2671840e-03	
   6.6851973e-03	
   6.1300646e-03	
   5.6359372e-03	
   5.2224233e-03	
   4.8911968e-03	
   4.6411940e-03	
   4.4569858e-03	
   4.2930327e-03	
   4.1117657e-03	
   3.8905940e-03	
   3.6226564e-03	
   3.3065477e-03	
   2.9309303e-03	
   2.4694470e-03	
   1.9010364e-03	
   1.2290719e-03	
   4.6591901e-04	
  -3.8355887e-04	
  -1.3103863e-03	
  -2.2926695e-03	
  -3.3105044e-03	
  -4.3354448e-03	
  -5.3313270e-03	
  -6.2764832e-03	
  -7.1708278e-03	
  -8.0319540e-03	
  -8.8788864e-03	
  -9.7259111e-03	
  -1.0569725e-02	
  -1.1392983e-02	
  -1.2174811e-02	
  -1.2905700e-02	
  -1.3589300e-02	
  -1.4226552e-02	
  -1.4831540e-02	
  -1.5414037e-02	
  -1.5970528e-02	
  -1.6499813e-02	
  -1.7004123e-02	
  -1.7486782e-02	
  -1.7950536e-02	
  -1.8397410e-02	
  -1.8830151e-02	
  -1.9248814e-02	
  -1.9635100e-02	
  -1.9953754e-02	
  -2.0163658e-02	
  -2.0233716e-02	
  -2.0157964e-02	
  -1.9957464e-02	
  -1.9670811e-02	
  -1.9316396e-02	
  -1.8882488e-02	
  -1.8358701e-02	
  -1.7745779e-02	
  -1.7051468e-02	
  -1.6279232e-02	
  -1.5435540e-02	
  -1.4542257e-02	
  -1.3630942e-02	
  -1.2733966e-02	
  -1.1875887e-02	
  -1.1071134e-02	
  -1.0333865e-02	
  -9.6704368e-03	
  -9.0746478e-03	
  -8.5475275e-03	
  -8.0899577e-03	
  -7.6988778e-03	
  -7.3657166e-03	
  -7.0769651e-03	
  -6.8258005e-03	
  -6.6065480e-03	
  -6.4065423e-03	
  -6.2162785e-03	
  -6.0438678e-03	
  -5.9196250e-03	
  -5.8840005e-03	
  -5.9776606e-03	
  -6.2245555e-03	
  -6.6351086e-03	
  -7.2004579e-03	
  -7.8909054e-03	
  -8.6597997e-03	
  -9.4602391e-03	
  -1.0258334e-02	
  -1.1022090e-02	
  -1.1706826e-02	
  -1.2241005e-02	
  -1.2546408e-02	
  -1.2604333e-02	
  -1.2428245e-02	
  -1.2044467e-02	
  -1.1496293e-02	
  -1.0830936e-02	
  -1.0077385e-02	
  -9.2475903e-03	
  -8.3572564e-03	
  -7.4533276e-03	
  -6.5879220e-03	
  -5.7872628e-03	
  -5.0543721e-03	
  -4.3685913e-03	
  -3.6956374e-03	
  -2.9995452e-03	
  -2.2320889e-03	
  -1.3327827e-03	
  -2.6161043e-04	
   9.9587643e-04	
   2.4369051e-03	
   4.0212528e-03	
   5.6951215e-03	
   7.4096720e-03	
   9.1126628e-03	
   1.0771058e-02	
   1.2372713e-02	
   1.3907072e-02	
   1.5338472e-02	
   1.6603074e-02	
   1.7639896e-02	
   1.8402802e-02	
   1.8855772e-02	
   1.8992382e-02	
   1.8833893e-02	
   1.8426267e-02	
   1.7808843e-02	
   1.7004572e-02	
   1.6049058e-02	
   1.5007334e-02	
   1.3967064e-02	
   1.3014540e-02	
   1.2224640e-02	
   1.1656842e-02	
   1.1363808e-02	
   1.1379258e-02	
   1.1680379e-02	
   1.2224330e-02	
   1.2979949e-02	
   1.3905250e-02	
   1.4963551e-02	
   1.6111036e-02	
   1.7281029e-02	
   1.8413080e-02	
   1.9458080e-02	
   2.0371911e-02	
   2.1114695e-02	
   2.1659601e-02	
   2.1997112e-02	
   2.2126378e-02	
   2.2059801e-02	
   2.1799676e-02	
   2.1362336e-02	
   2.0787609e-02	
   2.0142449e-02	
   1.9502656e-02	
   1.8920078e-02	
   1.8416544e-02	
   1.8006680e-02	
   1.7690820e-02	
   1.7484298e-02	
   1.7394093e-02	
   1.7406389e-02	
   1.7491169e-02	
   1.7631448e-02	
   1.7819726e-02	
   1.8067734e-02	
   1.8414812e-02	
   1.8891295e-02	
   1.9500475e-02	
   2.0225252e-02	
   2.1028060e-02	
   2.1885469e-02	
   2.2782437e-02	
   2.3721105e-02	
   2.4713580e-02	
   2.5768376e-02	
   2.6868712e-02	
   2.7966351e-02	
   2.9004676e-02	
   2.9935550e-02	
   3.0707166e-02	
   3.1267105e-02	
   3.1571241e-02	
   3.1574329e-02	
   3.1261778e-02	
   3.0663056e-02	
   2.9814822e-02	
   2.8758425e-02	
   2.7519101e-02	
   2.6105331e-02	
   2.4539771e-02	
   2.2862037e-02	
   2.1126680e-02	
   1.9378472e-02	
   1.7626440e-02	
   1.5868330e-02	
   1.4110840e-02	
   1.2359968e-02	
   1.0619750e-02	
   8.9160436e-03	
   7.2843671e-03	
   5.7381104e-03	
   4.2783692e-03	
   2.8864724e-03	
   1.5448906e-03	
   2.3994195e-04	
  -1.0802529e-03	
  -2.4648833e-03	
  -3.9305412e-03	
  -5.4816231e-03	
  -7.1096337e-03	
  -8.7767042e-03	
  -1.0431807e-02	
  -1.2026452e-02	
  -1.3501726e-02	
  -1.4807398e-02	
  -1.5934842e-02	
  -1.6908158e-02	
  -1.7735452e-02	
  -1.8435907e-02	
  -1.9019466e-02	
  -1.9464183e-02	
  -1.9719259e-02	
  -1.9736089e-02	
  -1.9482983e-02	
  -1.8948942e-02	
  -1.8172515e-02	
  -1.7200522e-02	
  -1.6082392e-02	
  -1.4885119e-02	
  -1.3672887e-02	
  -1.2487837e-02	
  -1.1353563e-02	
  -1.0286185e-02	
  -9.2959731e-03	
  -8.3779837e-03	
  -7.5277171e-03	
  -6.7368325e-03	
  -5.9769955e-03	
  -5.2229053e-03	
  -4.4516541e-03	
  -3.6338395e-03	
  -2.7426829e-03	
  -1.7499380e-03	
  -6.2929768e-04	
   6.3319306e-04	
   2.0558375e-03	
   3.6402938e-03	
   5.3625993e-03	
   7.1699275e-03	
   8.9826045e-03	
   1.0726769e-02	
   1.2360319e-02	
   1.3867644e-02	
   1.5210653e-02	
   1.6351928e-02	
   1.7274125e-02	
   1.7974719e-02	
   1.8471120e-02	
   1.8798941e-02	
   1.8974327e-02	
   1.8996508e-02	
   1.8883329e-02	
   1.8674243e-02	
   1.8408538e-02	
   1.8110847e-02	
   1.7795584e-02	
   1.7465548e-02	
   1.7127817e-02	
   1.6802986e-02	
   1.6506407e-02	
   1.6248913e-02	
   1.6034859e-02	
   1.5870691e-02	
   1.5765142e-02	
   1.5702577e-02	
   1.5659611e-02	
   1.5604430e-02	
   1.5475451e-02	
   1.5213136e-02	
   1.4767144e-02	
   1.4111861e-02	
   1.3259861e-02	
   1.2235751e-02	
   1.1071567e-02	
   9.7902009e-03	
   8.4072895e-03	
   6.9407483e-03	
   5.4087083e-03	
   3.8270053e-03	
   2.2113968e-03	
   5.8424650e-04	
  -1.0305066e-03	
  -2.6268944e-03	
  -4.1864681e-03	
  -5.6799065e-03	
  -7.0775640e-03	
  -8.3654019e-03	
  -9.5329848e-03	
  -1.0562086e-02	
  -1.1438531e-02	
  -1.2156682e-02	
  -1.2734007e-02	
  -1.3223815e-02	
  -1.3662920e-02	
  -1.4070872e-02	
  -1.4458294e-02	
  -1.4838436e-02	
  -1.5241576e-02	
  -1.5688108e-02	
  -1.6179762e-02	
  -1.6717479e-02	
  -1.7328317e-02	
  -1.8033118e-02	
  -1.8830069e-02	
  -1.9702551e-02	
  -2.0618114e-02	
  -2.1547958e-02	
  -2.2459118e-02	
  -2.3322629e-02	
  -2.4128543e-02	
  -2.4860730e-02	
  -2.5497696e-02	
  -2.6020216e-02	
  -2.6394443e-02	
  -2.6594142e-02	
  -2.6623800e-02	
  -2.6503635e-02	
  -2.6266885e-02	
  -2.5929938e-02	
  -2.5499469e-02	
  -2.4995747e-02	
  -2.4424648e-02	
  -2.3785558e-02	
  -2.3084482e-02	
  -2.2336412e-02	
  -2.1558514e-02	
  -2.0773393e-02	
  -2.0000372e-02	
  -1.9247090e-02	
  -1.8516463e-02	
  -1.7804170e-02	
  -1.7109304e-02	
  -1.6448873e-02	
  -1.5863566e-02	
  -1.5397190e-02	
  -1.5078242e-02	
  -1.4921484e-02	
  -1.4912480e-02	
  -1.5025512e-02	
  -1.5232483e-02	
  -1.5502747e-02	
  -1.5812610e-02	
  -1.6135619e-02	
  -1.6429821e-02	
  -1.6646963e-02	
  -1.6742748e-02	
  -1.6679480e-02	
  -1.6436218e-02	
  -1.6002669e-02	
  -1.5375523e-02	
  -1.4554348e-02	
  -1.3568834e-02	
  -1.2470353e-02	
  -1.1319429e-02	
  -1.0145972e-02	
  -8.9721224e-03	
  -7.8080927e-03	
  -6.6490565e-03	
  -5.5099910e-03	
  -4.4076978e-03	
  -3.3566282e-03	
  -2.3695100e-03	
  -1.4459601e-03	
  -5.8156772e-04	
   2.4921343e-04	
   1.0919850e-03	
   1.9708695e-03	
   2.8689633e-03	
   3.7518282e-03	
   4.5822474e-03	
   5.3326873e-03	
   5.9870365e-03	
   6.5259207e-03	
   6.9477664e-03	
   7.2528317e-03	
   7.4339778e-03	
   7.5120952e-03	
   7.5203910e-03	
   7.4890403e-03	
   7.4423479e-03	
   7.3971752e-03	
   7.3698416e-03	
   7.3911947e-03	
   7.4862355e-03	
   7.6449639e-03	
   7.8241680e-03	
   7.9889610e-03	
   8.1306312e-03	
   8.2505317e-03	
   8.3585554e-03	
   8.4583275e-03	
   8.5465471e-03	
   8.6054447e-03	
   8.6321034e-03	
   8.6407636e-03	
   8.6451754e-03	
   8.6637703e-03	
   8.7098001e-03	
   8.7945230e-03	
   8.9158965e-03	
   9.0656036e-03	
   9.2302209e-03	
   9.3815538e-03	
   9.4832866e-03	
   9.5178948e-03	
   9.4813504e-03	
   9.3881960e-03	
   9.2539711e-03	
   9.0772377e-03	
   8.8641722e-03	
   8.6311475e-03	
   8.3850589e-03	
   8.1322677e-03	
   7.8688571e-03	
   7.5961899e-03	
   7.3322621e-03	
   7.1199908e-03	
   6.9879456e-03	
   6.9335130e-03	
   6.9254713e-03	
   6.9357385e-03	
   6.9364681e-03	
   6.8951777e-03	
   6.7802920e-03	
   6.5667984e-03	
   6.2414740e-03	
   5.7974271e-03	
   5.2448794e-03	
   4.6055221e-03	
   3.9000492e-03	
   3.1622565e-03	
   2.4294533e-03	
   1.7265359e-03	
   1.0736597e-03	
   4.9063252e-04	
  -1.3600411e-05	
  -4.4357773e-04	
  -8.0821627e-04	
  -1.1108700e-03	
  -1.3637536e-03	
  -1.5854285e-03	
  -1.8013625e-03	
  -2.0334705e-03	
  -2.2898157e-03	
  -2.5695336e-03	
  -2.8590441e-03	
  -3.1411142e-03	
  -3.4113631e-03	
  -3.6802484e-03	
  -3.9477138e-03	
  -4.2044070e-03	
  -4.4494972e-03	
  -4.6867099e-03	
  -4.8937328e-03	
  -5.0566230e-03	
  -5.1783388e-03	
  -5.2664547e-03	
  -5.3328507e-03	
  -5.3998455e-03	
  -5.4860398e-03	
  -5.6126707e-03	
  -5.8021257e-03	
  -6.0658263e-03	
  -6.3967113e-03	
  -6.7776678e-03	
  -7.1937103e-03	
  -7.6346844e-03	
  -8.0763252e-03	
  -8.4657948e-03	
  -8.7519818e-03	
  -8.9098834e-03	
  -8.9294015e-03	
  -8.8268353e-03	
  -8.6149137e-03	
  -8.2937265e-03	
  -7.8656838e-03	
  -7.3425547e-03	
  -6.7322581e-03	
  -6.0547462e-03	
  -5.3421400e-03	
  -4.6141709e-03	
  -3.8924388e-03	
  -3.2005117e-03	
  -2.5634903e-03	
  -1.9988542e-03	
  -1.5172556e-03	
  -1.1260433e-03	
  -8.2752705e-04	
  -6.1225081e-04	
  -4.5358549e-04	
  -3.1861979e-04	
  -1.8223218e-04	
  -3.2704379e-05	
   1.3853150e-04	
   3.3136711e-04	
   5.3857620e-04	
   7.6804920e-04	
   1.0221226e-03	
   1.2818926e-03	
   1.5215555e-03	
   1.7185546e-03	
   1.8615271e-03	
   1.9594830e-03	
   2.0041925e-03	
   1.9991590e-03	
   1.9557779e-03	
   1.8892283e-03	
   1.8346429e-03	
   1.8250146e-03	
   1.8715615e-03	
   1.9696391e-03	
   2.0945739e-03	
   2.2259982e-03	
   2.3345938e-03	
   2.3843622e-03	
   2.3574453e-03	
   2.2387393e-03	
   2.0331102e-03	
   1.7525475e-03	
   1.4210146e-03	
   1.0576196e-03	
   6.7479772e-04	
   2.8242914e-04	
  -1.0811173e-04	
  -4.9758307e-04	
  -8.9223344e-04	
  -1.2953241e-03	
  -1.7008845e-03	
  -2.1012733e-03	
  -2.4678408e-03	
  -2.7673980e-03	
  -2.9874201e-03	
  -3.1584174e-03	
  -3.3225830e-03	
  -3.5040705e-03	
  -3.7285298e-03	
  -4.0269767e-03	
  -4.4254513e-03	
  -4.9024395e-03	
  -5.4122165e-03	
  -5.9332836e-03	
  -6.4627143e-03	
  -7.0099621e-03	
  -7.5960052e-03	
  -8.2410463e-03	
  -8.9484621e-03	
  -9.7263115e-03	
  -1.0590305e-02	
  -1.1555803e-02	
  -1.2610460e-02	
  -1.3724644e-02	
  -1.4856851e-02	
  -1.5956271e-02	
  -1.6978935e-02	
  -1.7897586e-02	
  -1.8715820e-02	
  -1.9447582e-02	
  -2.0078126e-02	
  -2.0583106e-02	
  -2.0967937e-02	
  -2.1230333e-02	
  -2.1367148e-02	
  -2.1390555e-02	
  -2.1321339e-02	
  -2.1180545e-02	
  -2.0965446e-02	
  -2.0640034e-02	
  -2.0167375e-02	
  -1.9535704e-02	
  -1.8759545e-02	
  -1.7862185e-02	
  -1.6866287e-02	
  -1.5805625e-02	
  -1.4721850e-02	
  -1.3644635e-02	
  -1.2588385e-02	
  -1.1562658e-02	
  -1.0589546e-02	
  -9.6901756e-03	
  -8.8769338e-03	
  -8.1466085e-03	
  -7.4825615e-03	
  -6.8796220e-03	
  -6.3430230e-03	
  -5.8829025e-03	
  -5.4981404e-03	
  -5.1737824e-03	
  -4.9023824e-03	
  -4.6990613e-03	
  -4.5913733e-03	
  -4.6028669e-03	
  -4.7509367e-03	
  -5.0432487e-03	
  -5.4710634e-03	
  -6.0228015e-03	
  -6.6962341e-03	
  -7.4676439e-03	
  -8.2902869e-03	
  -9.0999993e-03	
  -9.8458059e-03	
  -1.0506318e-02	
  -1.1081535e-02	
  -1.1574447e-02	
  -1.1977890e-02	
  -1.2295597e-02	
  -1.2520958e-02	
  -1.2635387e-02	
  -1.2630689e-02	
  -1.2520950e-02	
  -1.2335662e-02	
  -1.2124836e-02	
  -1.1933077e-02	
  -1.1795119e-02	
  -1.1739963e-02	
  -1.1775617e-02	
  -1.1894041e-02	
  -1.2083855e-02	
  -1.2324723e-02	
  -1.2606220e-02	
  -1.2913355e-02	
  -1.3235768e-02	
  -1.3589610e-02	
  -1.3991656e-02	
  -1.4453106e-02	
  -1.4983772e-02	
  -1.5585362e-02	
  -1.6234836e-02	
  -1.6893575e-02	
  -1.7513261e-02	
  -1.8055390e-02	
  -1.8512861e-02	
  -1.8901622e-02	
  -1.9218675e-02	
  -1.9449837e-02	
  -1.9596742e-02	
  -1.9632731e-02	
  -1.9516586e-02	
  -1.9215088e-02	
  -1.8727233e-02	
  -1.8078895e-02	
  -1.7305196e-02	
  -1.6458792e-02	
  -1.5581906e-02	
  -1.4690845e-02	
  -1.3792708e-02	
  -1.2896933e-02	
  -1.2000897e-02	
  -1.1097131e-02	
  -1.0182010e-02	
  -9.2580479e-03	
  -8.3040125e-03	
  -7.2799733e-03	
  -6.1499422e-03	
  -4.9134584e-03	
  -3.5949299e-03	
  -2.2447149e-03	
  -9.0261915e-04	
   4.1024372e-04	
   1.6842349e-03	
   2.9010534e-03	
   4.0519867e-03	
   5.1366105e-03	
   6.1516448e-03	
   7.0910420e-03	
   7.9655760e-03	
   8.7986080e-03	
   9.5969150e-03	
   1.0367681e-02	
   1.1130220e-02	
   1.1907922e-02	
   1.2717030e-02	
   1.3531031e-02	
   1.4318129e-02	
   1.5062049e-02	
   1.5758631e-02	
   1.6407909e-02	
   1.6988134e-02	
   1.7488138e-02	
   1.7908240e-02	
   1.8265792e-02	
   1.8578784e-02	
   1.8851205e-02	
   1.9092228e-02	
   1.9309991e-02	
   1.9494895e-02	
   1.9620876e-02	
   1.9670574e-02	
   1.9629070e-02	
   1.9495540e-02	
   1.9293169e-02	
   1.9067138e-02	
   1.8867651e-02	
   1.8719586e-02	
   1.8599103e-02	
   1.8471741e-02	
   1.8318014e-02	
   1.8130505e-02	
   1.7893877e-02	
   1.7600108e-02	
   1.7253185e-02	
   1.6868713e-02	
   1.6456488e-02	
   1.6025896e-02	
   1.5586751e-02	
   1.5149067e-02	
   1.4738811e-02	
   1.4396431e-02	
   1.4167711e-02	
   1.4083266e-02	
   1.4130709e-02	
   1.4274902e-02	
   1.4491456e-02	
   1.4779832e-02	
   1.5136265e-02	
   1.5540860e-02	
   1.5983045e-02	
   1.6461398e-02	
   1.6951835e-02	
   1.7424502e-02	
   1.7866736e-02	
   1.8271331e-02	
   1.8629553e-02	
   1.8918411e-02	
   1.9112007e-02	
   1.9211469e-02	
   1.9243365e-02	
   1.9249672e-02	
   1.9274966e-02	
   1.9340098e-02	
   1.9437770e-02	
   1.9548253e-02	
   1.9646603e-02	
   1.9718475e-02	
   1.9755673e-02	
   1.9738638e-02	
   1.9650525e-02	
   1.9480287e-02	
   1.9208977e-02	
   1.8816646e-02	
   1.8295718e-02	
   1.7649994e-02	
   1.6894906e-02	
   1.6059671e-02	
   1.5167948e-02	
   1.4216903e-02	
   1.3204329e-02	
   1.2138594e-02	
   1.1033283e-02	
   9.8913455e-03	
   8.7074798e-03	
   7.4780419e-03	
   6.2160285e-03	
   4.9458059e-03	
   3.6724060e-03	
   2.4078706e-03	
   1.1620191e-03	
  -5.5428834e-05	
  -1.2242124e-03	
  -2.3224410e-03	
  -3.3290863e-03	
  -4.2396009e-03	
  -5.0712963e-03	
  -5.8561122e-03	
  -6.6003624e-03	
  -7.2838785e-03	
  -7.9188779e-03	
  -8.5347251e-03	
  -9.1442888e-03	
  -9.7511891e-03	
  -1.0346995e-02	
  -1.0912808e-02	
  -1.1428474e-02	
  -1.1864621e-02	
  -1.2196282e-02	
  -1.2423000e-02	
  -1.2578001e-02	
  -1.2689170e-02	
  -1.2764252e-02	
  -1.2781891e-02	
  -1.2714522e-02	
  -1.2523368e-02	
  -1.2165571e-02	
  -1.1628206e-02	
  -1.0920864e-02	
  -1.0045203e-02	
  -9.0109544e-03	
  -7.8398813e-03	
  -6.5652625e-03	
  -5.2335411e-03	
  -3.8908252e-03	
  -2.5730059e-03	
  -1.3127360e-03	
  -1.3067073e-04	
   9.7340566e-04	
   2.0188029e-03	
   3.0451183e-03	
   4.0899249e-03	
   5.1680569e-03	
   6.2530827e-03	
   7.2937642e-03	
   8.2417571e-03	
   9.0592636e-03	
   9.7343834e-03	
   1.0296243e-02	
   1.0773607e-02	
   1.1180784e-02	
   1.1531849e-02	
   1.1828828e-02	
   1.2069794e-02	
   1.2275833e-02	
   1.2479585e-02	
   1.2689954e-02	
   1.2879270e-02	
   1.3006003e-02	
   1.3052874e-02	
   1.3033397e-02	
   1.2981542e-02	
   1.2924679e-02	
   1.2862211e-02	
   1.2789792e-02	
   1.2715682e-02	
   1.2637928e-02	
   1.2549496e-02	
   1.2440688e-02	
   1.2299551e-02	
   1.2093438e-02	
   1.1830070e-02	
   1.1544864e-02	
   1.1259535e-02	
   1.0988331e-02	
   1.0746859e-02	
   1.0547666e-02	
   1.0401464e-02	
   1.0309208e-02	
   1.0265613e-02	
   1.0260678e-02	
   1.0270246e-02	
   1.0273914e-02	
   1.0263268e-02	
   1.0243301e-02	
   1.0226855e-02	
   1.0220613e-02	
   1.0239052e-02	
   1.0303122e-02	
   1.0421791e-02	
   1.0601351e-02	
   1.0842072e-02	
   1.1138512e-02	
   1.1498262e-02	
   1.1920365e-02	
   1.2392101e-02	
   1.2895593e-02	
   1.3412730e-02	
   1.3919474e-02	
   1.4387035e-02	
   1.4819408e-02	
   1.5218962e-02	
   1.5596530e-02	
   1.5991223e-02	
   1.6432966e-02	
   1.6913828e-02	
   1.7398350e-02	
   1.7868125e-02	
   1.8330400e-02	
   1.8799709e-02	
   1.9287001e-02	
   1.9786474e-02	
   2.0289795e-02	
   2.0791882e-02	
   2.1290513e-02	
   2.1779521e-02	
   2.2235431e-02	
   2.2633310e-02	
   2.2958427e-02	
   2.3207367e-02	
   2.3374615e-02	
   2.3442058e-02	
   2.3397336e-02	
   2.3249279e-02	
   2.3017831e-02	
   2.2722192e-02	
   2.2362172e-02	
   2.1936434e-02	
   2.1459886e-02	
   2.0982227e-02	
   2.0550352e-02	
   2.0168862e-02	
   1.9802854e-02	
   1.9419069e-02	
   1.9006835e-02	
   1.8563204e-02	
   1.8096199e-02	
   1.7605745e-02	
   1.7074769e-02	
   1.6475295e-02	
   1.5788002e-02	
   1.4989401e-02	
   1.4048503e-02	
   1.2950569e-02	
   1.1696393e-02	
   1.0308506e-02	
   8.8145803e-03	
   7.2494943e-03	
   5.6597798e-03	
   4.0951382e-03	
   2.5914415e-03	
   1.1644497e-03	
  -1.8291012e-04	
  -1.4461488e-03	
  -2.6206337e-03	
  -3.7113884e-03	
  -4.7248180e-03	
  -5.6689841e-03	
  -6.5648172e-03	
  -7.4352384e-03	
  -8.2962755e-03	
  -9.1522954e-03	
  -1.0018193e-02	
  -1.0921909e-02	
  -1.1876713e-02	
  -1.2887432e-02	
  -1.3950357e-02	
  -1.5078250e-02	
  -1.6285236e-02	
  -1.7569046e-02	
  -1.8896418e-02	
  -2.0197858e-02	
  -2.1398496e-02	
  -2.2436797e-02	
  -2.3264982e-02	
  -2.3838099e-02	
  -2.4103118e-02	
  -2.4040053e-02	
  -2.3658555e-02	
  -2.2994792e-02	
  -2.2079564e-02	
  -2.0951957e-02	
  -1.9676685e-02	
  -1.8325081e-02	
  -1.6954539e-02	
  -1.5601105e-02	
  -1.4289673e-02	
  -1.3031469e-02	
  -1.1818804e-02	
  -1.0646335e-02	
  -9.5349537e-03	
  -8.5098883e-03	
  -7.5877020e-03	
  -6.7648425e-03	
  -6.0317051e-03	
  -5.3899753e-03	
  -4.8392879e-03	
  -4.3735260e-03	
  -4.0059299e-03	
  -3.7388240e-03	
  -3.5473511e-03	
  -3.4005452e-03	
  -3.2896701e-03	
  -3.2192651e-03	
  -3.1866881e-03	
  -3.1874136e-03	
  -3.2306803e-03	
  -3.3234000e-03	
  -3.4663790e-03	
  -3.6617809e-03	
  -3.9021668e-03	
  -4.1868824e-03	
  -4.5062803e-03	
  -4.8448729e-03	
  -5.1952809e-03	
  -5.5695470e-03	
  -6.0002661e-03	
  -6.5261993e-03	
  -7.1786024e-03	
  -7.9640408e-03	
  -8.8648993e-03	
  -9.8495559e-03	
  -1.0900422e-02	
  -1.2003609e-02	
  -1.3158561e-02	
  -1.4357958e-02	
  -1.5595133e-02	
  -1.6849931e-02	
  -1.8090529e-02	
  -1.9286453e-02	
  -2.0398897e-02	
  -2.1379109e-02	
  -2.2179303e-02	
  -2.2752208e-02	
  -2.3077023e-02	
  -2.3163805e-02	
  -2.3044890e-02	
  -2.2774259e-02	
  -2.2403415e-02	
  -2.1988060e-02	
  -2.1579944e-02	
  -2.1243225e-02	
  -2.1036059e-02	
  -2.0993763e-02	
  -2.1134769e-02	
  -2.1461650e-02	
  -2.1958934e-02	
  -2.2600050e-02	
  -2.3350734e-02	
  -2.4168143e-02	
  -2.5015086e-02	
  -2.5861171e-02	
  -2.6660736e-02	
  -2.7366951e-02	
  -2.7934529e-02	
  -2.8329050e-02	
  -2.8526454e-02	
  -2.8500522e-02	
  -2.8238788e-02	
  -2.7764340e-02	
  -2.7124090e-02	
  -2.6360971e-02	
  -2.5513603e-02	
  -2.4617109e-02	
  -2.3683229e-02	
  -2.2712616e-02	
  -2.1719741e-02	
  -2.0729561e-02	
  -1.9763361e-02	
  -1.8844407e-02	
  -1.7981198e-02	
  -1.7160162e-02	
  -1.6365327e-02	
  -1.5592306e-02	
  -1.4842374e-02	
  -1.4106796e-02	
  -1.3359298e-02	
  -1.2561694e-02	
  -1.1665200e-02	
  -1.0628345e-02	
  -9.4421752e-03	
  -8.1327440e-03	
  -6.7446839e-03	
  -5.3241145e-03	
  -3.9061587e-03	
  -2.5120299e-03	
  -1.1561784e-03	
   1.6884931e-04	
   1.4793313e-03	
   2.7773376e-03	
   4.0352921e-03	
   5.2100907e-03	
   6.2825372e-03	
   7.2671987e-03	
   8.1773040e-03	
   9.0315592e-03	
   9.8569253e-03	
   1.0668672e-02	
   1.1452216e-02	
   1.2177638e-02	
   1.2823428e-02	
   1.3369347e-02	
   1.3817463e-02	
   1.4176584e-02	
   1.4444053e-02	
   1.4624896e-02	
   1.4725714e-02	
   1.4748026e-02	
   1.4701964e-02	
   1.4608426e-02	
   1.4500214e-02	
   1.4411561e-02	
   1.4348669e-02	
   1.4295874e-02	
   1.4220735e-02	
   1.4108340e-02	
   1.3956133e-02	
   1.3755404e-02	
   1.3498090e-02	
   1.3184485e-02	
   1.2819188e-02	
   1.2419225e-02	
   1.2001869e-02	
   1.1573655e-02	
   1.1166062e-02	
   1.0799531e-02	
   1.0455419e-02	
   1.0104836e-02	
   9.7208131e-03	
   9.2922149e-03	
   8.8261654e-03	
   8.3379343e-03	
   7.8341060e-03	
   7.3317188e-03	
   6.8706481e-03	
   6.4813304e-03	
   6.1872268e-03	
   6.0012898e-03	
   5.9228881e-03	
   5.9576114e-03	
   6.1081371e-03	
   6.3652977e-03	
   6.7056590e-03	
   7.1030756e-03	
   7.5353487e-03	
   7.9720858e-03	
   8.3809494e-03	
   8.7486811e-03	
   9.0661428e-03	
   9.3172559e-03	
   9.4934420e-03	
   9.5758936e-03	
   9.5453460e-03	
   9.3993644e-03	
   9.1388640e-03	
   8.7776764e-03	
   8.3595930e-03	
   7.9169334e-03	
   7.4557982e-03	
   6.9732257e-03	
   6.4608548e-03	
   5.9113414e-03	
   5.3351832e-03	
   4.7487520e-03	
   4.1731813e-03	
   3.6250339e-03	
   3.0928295e-03	
   2.5616349e-03	
   2.0167114e-03	
   1.4522183e-03	
   8.6912787e-04	
   2.8033182e-04	
  -3.1778048e-04	
  -9.4546835e-04	
  -1.6156869e-03	
  -2.3383341e-03	
  -3.1141099e-03	
  -3.9188867e-03	
  -4.7058179e-03	
  -5.4501171e-03	
  -6.1449871e-03	
  -6.7714177e-03	
  -7.3077063e-03	
  -7.7424549e-03	
  -8.0630318e-03	
  -8.2695515e-03	
  -8.3578283e-03	
  -8.3052870e-03	
  -8.1073917e-03	
  -7.7677835e-03	
  -7.2983117e-03	
  -6.6950348e-03	
  -5.9570338e-03	
  -5.0933022e-03	
  -4.1390919e-03	
  -3.1307285e-03	
  -2.0867544e-03	
  -1.0294756e-03	
   3.4055983e-05	
   1.1021199e-03	
   2.1591627e-03	
   3.1664060e-03	
   4.0933587e-03	
   4.9343597e-03	
   5.6996812e-03	
   6.3925822e-03	
   7.0245374e-03	
   7.6144212e-03	
   8.1808171e-03	
   8.7551191e-03	
   9.3707776e-03	
   1.0042401e-02	
   1.0761630e-02	
   1.1493891e-02	
   1.2206805e-02	
   1.2857799e-02	
   1.3424535e-02	
   1.3899400e-02	
   1.4271773e-02	
   1.4518874e-02	
   1.4627944e-02	
   1.4614177e-02	
   1.4510132e-02	
   1.4344061e-02	
   1.4130603e-02	
   1.3866238e-02	
   1.3550223e-02	
   1.3187409e-02	
   1.2795723e-02	
   1.2395442e-02	
   1.1986387e-02	
   1.1555109e-02	
   1.1078308e-02	
   1.0519161e-02	
   9.8380035e-03	
   9.0128009e-03	
   8.0407212e-03	
   6.9389673e-03	
   5.7289715e-03	
   4.4263704e-03	
   3.0351779e-03	
   1.5530435e-03	
  -2.5464362e-05	
  -1.7104034e-03	
  -3.4993850e-03	
  -5.3601695e-03	
  -7.2382025e-03	
  -9.0633078e-03	
  -1.0809792e-02	
  -1.2472583e-02	
  -1.4034532e-02	
  -1.5472673e-02	
  -1.6785347e-02	
  -1.7989147e-02	
  -1.9106869e-02	
  -2.0145537e-02	
  -2.1099099e-02	
  -2.1954685e-02	
  -2.2693899e-02	
  -2.3311698e-02	
  -2.3834472e-02	
  -2.4282948e-02	
  -2.4661496e-02	
  -2.4977128e-02	
  -2.5225545e-02	
  -2.5385187e-02	
  -2.5444297e-02	
  -2.5405358e-02	
  -2.5281599e-02	
  -2.5098093e-02	
  -2.4898794e-02	
  -2.4728948e-02	
  -2.4581577e-02	
  -2.4444109e-02	
  -2.4321583e-02	
  -2.4223307e-02	
  -2.4158690e-02	
  -2.4122840e-02	
  -2.4095127e-02	
  -2.4044269e-02	
  -2.3932528e-02	
  -2.3729324e-02	
  -2.3428831e-02	
  -2.3029580e-02	
  -2.2534960e-02	
  -2.1951818e-02	
  -2.1289500e-02	
  -2.0551831e-02	
  -1.9719782e-02	
  -1.8791458e-02	
  -1.7784914e-02	
  -1.6719063e-02	
  -1.5621350e-02	
  -1.4523253e-02	
  -1.3465467e-02	
  -1.2473850e-02	
  -1.1569047e-02	
  -1.0771377e-02	
  -1.0093626e-02	
  -9.5334096e-03	
  -9.0855220e-03	
  -8.7594492e-03	
  -8.5667107e-03	
  -8.5159668e-03	
  -8.5834755e-03	
  -8.7177903e-03	
  -8.8731429e-03	
  -9.0041488e-03	
  -9.0652441e-03	
  -9.0124495e-03	
  -8.8362063e-03	
  -8.5303297e-03	
  -8.0906946e-03	
  -7.5005796e-03	
  -6.7459478e-03	
  -5.8374233e-03	
  -4.7844811e-03	
  -3.5909985e-03	
  -2.2687044e-03	
  -8.1761357e-04	
   7.6368854e-04	
   2.4460759e-03	
   4.1535831e-03	
   5.7919491e-03	
   7.2690680e-03	
   8.5348804e-03	
   9.5897744e-03	
   1.0446276e-02	
   1.1109746e-02	
   1.1613034e-02	
   1.2018650e-02	
   1.2398269e-02	
   1.2791271e-02	
   1.3203398e-02	
   1.3627462e-02	
   1.4048879e-02	
   1.4480712e-02	
   1.4955463e-02	
   1.5499789e-02	
   1.6128250e-02	
   1.6839032e-02	
   1.7605419e-02	
   1.8377271e-02	
   1.9108911e-02	
   1.9763696e-02	
   2.0327842e-02	
   2.0821016e-02	
   2.1268307e-02	
   2.1671007e-02	
   2.2002120e-02	
   2.2220562e-02	
   2.2299329e-02	
   2.2226943e-02	
   2.2004122e-02	
   2.1644356e-02	
   2.1161101e-02	
   2.0564168e-02	
   1.9877185e-02	
   1.9142016e-02	
   1.8399387e-02	
   1.7675223e-02	
   1.6980626e-02	
   1.6311756e-02	
   1.5670852e-02	
   1.5057384e-02	
   1.4457975e-02	
   1.3858150e-02	
   1.3222295e-02	
   1.2516783e-02	
   1.1742618e-02	
   1.0915651e-02	
   1.0022237e-02	
   9.0383975e-03	
   7.9355774e-03	
   6.6949196e-03	
   5.3361783e-03	
   3.8859527e-03	
   2.3653719e-03	
   7.8144057e-04	
  -8.6602980e-04	
  -2.5826318e-03	
  -4.3630235e-03	
  -6.1812847e-03	
  -7.9804756e-03	
  -9.7085662e-03	
  -1.1329208e-02	
  -1.2828608e-02	
  -1.4208561e-02	
  -1.5472264e-02	
  -1.6626056e-02	
  -1.7652290e-02	
  -1.8541088e-02	
  -1.9294247e-02	
  -1.9938844e-02	
  -2.0515875e-02	
  -2.1045732e-02	
  -2.1527329e-02	
  -2.1976050e-02	
  -2.2423537e-02	
  -2.2877520e-02	
  -2.3319280e-02	
  -2.3728572e-02	
  -2.4095634e-02	
  -2.4420972e-02	
  -2.4705426e-02	
  -2.4942602e-02	
  -2.5099874e-02	
  -2.5144817e-02	
  -2.5070699e-02	
  -2.4892601e-02	
  -2.4625042e-02	
  -2.4264704e-02	
  -2.3802699e-02	
  -2.3235472e-02	
  -2.2555850e-02	
  -2.1766645e-02	
  -2.0874244e-02	
  -1.9880641e-02	
  -1.8798173e-02	
  -1.7653850e-02	
  -1.6486741e-02	
  -1.5332206e-02	
  -1.4224550e-02	
  -1.3191135e-02	
  -1.2225318e-02	
  -1.1296831e-02	
  -1.0374225e-02	
  -9.4572897e-03	
  -8.5673970e-03	
  -7.7280185e-03	
  -6.9423897e-03	
  -6.2080439e-03	
  -5.5427372e-03	
  -4.9626835e-03	
  -4.4731093e-03	
  -4.0595766e-03	
  -3.7031563e-03	
  -3.3834356e-03	
  -3.0784331e-03	
  -2.7755157e-03	
  -2.4730688e-03	
  -2.1861114e-03	
  -1.9378709e-03	
  -1.7474119e-03	
  -1.6314191e-03	
  -1.5871377e-03	
  -1.5808247e-03	
  -1.5676808e-03	
  -1.5105946e-03	
  -1.3980904e-03	
  -1.2366431e-03	
  -1.0442044e-03	
  -8.3794134e-04	
  -6.3715681e-04	
  -4.6089919e-04	
  -3.0399385e-04	
  -1.5060521e-04	
   2.7274467e-05	
   2.6292302e-04	
   5.7843330e-04	
   9.7279291e-04	
   1.4271895e-03	
   1.9135472e-03	
   2.3997643e-03	
   2.8587819e-03	
   3.2915868e-03	
   3.7230976e-03	
   4.1562440e-03	
   4.5554163e-03	
   4.8820464e-03	
   5.0962352e-03	
   5.1667758e-03	
   5.0813740e-03	
   4.8371147e-03	
   4.4542415e-03	
   3.9708390e-03	
   3.4304245e-03	
   2.8769372e-03	
   2.3518154e-03	
   1.8941459e-03	
   1.5325662e-03	
   1.2677953e-03	
   1.0847244e-03	
   9.7330517e-04	
   9.3631059e-04	
   9.7714916e-04	
   1.1020660e-03	
   1.3310425e-03	
   1.6729464e-03	
   2.1097023e-03	
   2.6018059e-03	
   3.1006743e-03	
   3.5789518e-03	
   4.0461925e-03	
   4.5136783e-03	
   4.9826640e-03	
   5.4396277e-03	
   5.8452167e-03	
   6.1550501e-03	
   6.3365376e-03	
   6.3855258e-03	
   6.3300082e-03	
   6.1964662e-03	
   6.0184730e-03	
   5.8409323e-03	
   5.7060040e-03	
   5.6474839e-03	
   5.6759498e-03	
   5.7814065e-03	
   5.9537315e-03	
   6.1840127e-03	
   6.4565206e-03	
   6.7421463e-03	
   7.0173021e-03	
   7.2878606e-03	
   7.5623219e-03	
   7.8377833e-03	
   8.1219457e-03	
   8.4238664e-03	
   8.7398412e-03	
   9.0525152e-03	
   9.3306629e-03	
   9.5513264e-03	
   9.6981985e-03	
   9.7492038e-03	
   9.6775529e-03	
   9.4706640e-03	
   9.1429980e-03	
   8.7342856e-03	
   8.2860303e-03	
   7.8445244e-03	
   7.4469019e-03	
   7.0844644e-03	
   6.7321682e-03	
   6.3741932e-03	
   6.0101273e-03	
   5.6543622e-03	
   5.3071903e-03	
   4.9677219e-03	
   4.6246808e-03	
   4.2665268e-03	
   3.9003809e-03	
   3.5478625e-03	
   3.2349009e-03	
   2.9851227e-03	
   2.8260022e-03	
   2.7748555e-03	
   2.8276795e-03	
   2.9753743e-03	
   3.2143615e-03	
   3.5502661e-03	
   3.9764142e-03	
   4.4663846e-03	
   4.9749990e-03	
   5.4774294e-03	
   5.9718321e-03	
   6.4496431e-03	
   6.9251134e-03	
   7.4334712e-03	
   7.9930321e-03	
   8.6094561e-03	
   9.2767572e-03	
   9.9752840e-03	
   1.0683378e-02	
   1.1379151e-02	
   1.2050056e-02	
   1.2688124e-02	
   1.3284796e-02	
   1.3848444e-02	
   1.4410761e-02	
   1.4984434e-02	
   1.5551276e-02	
   1.6084884e-02	
   1.6575018e-02	
   1.7026174e-02	
   1.7439192e-02	
   1.7807177e-02	
   1.8129148e-02	
   1.8423685e-02	
   1.8711718e-02	
   1.9015536e-02	
   1.9323749e-02	
   1.9605410e-02	
   1.9832454e-02	
   1.9995560e-02	
   2.0111190e-02	
   2.0195856e-02	
   2.0250799e-02	
   2.0262687e-02	
   2.0220113e-02	
   2.0120333e-02	
   1.9964988e-02	
   1.9752560e-02	
   1.9496079e-02	
   1.9210301e-02	
   1.8880053e-02	
   1.8474421e-02	
   1.7985209e-02	
   1.7427329e-02	
   1.6817430e-02	
   1.6163953e-02	
   1.5460009e-02	
   1.4700207e-02	
   1.3887603e-02	
   1.3044998e-02	
   1.2180784e-02	
   1.1286242e-02	
   1.0341578e-02	
   9.3375910e-03	
   8.2945026e-03	
   7.2409256e-03	
   6.1949638e-03	
   5.1745487e-03	
   4.1897917e-03	
   3.2579403e-03	
   2.3991638e-03	
   1.6240097e-03	
   9.4400428e-04	
   3.4270985e-04	
  -2.1018657e-04	
  -7.4017349e-04	
  -1.2635461e-03	
  -1.7809685e-03	
  -2.2833336e-03	
  -2.7633481e-03	
  -3.2104219e-03	
  -3.6187226e-03	
  -3.9856994e-03	
  -4.3183254e-03	
  -4.6093245e-03	
  -4.8346155e-03	
  -4.9712710e-03	
  -5.0084902e-03	
  -4.9538337e-03	
  -4.8361621e-03	
  -4.6737139e-03	
  -4.4662097e-03	
  -4.2073588e-03	
  -3.8916096e-03	
  -3.5134325e-03	
  -3.0753171e-03	
  -2.5938288e-03	
  -2.1073249e-03	
  -1.6537567e-03	
  -1.2383522e-03	
  -8.4520039e-04	
  -4.8061234e-04	
  -1.5206551e-04	
   1.3411292e-04	
   3.6963506e-04	
   5.4066380e-04	
   6.3399159e-04	
   6.3555786e-04	
   5.3195033e-04	
   3.3301876e-04	
   7.7392000e-05	
  -1.8497942e-04	
  -4.0846577e-04	
  -5.5149673e-04	
  -5.9321202e-04	
  -5.4579971e-04	
  -4.3617767e-04	
  -2.9282538e-04	
  -1.2938927e-04	
   5.5195303e-05	
   2.6650581e-04	
   5.0212068e-04	
   7.4973345e-04	
   1.0065832e-03	
   1.2593295e-03	
   1.4944556e-03	
   1.7154974e-03	
   1.9110823e-03	
   2.0677665e-03	
   2.1721947e-03	
   2.2002276e-03	
   2.1201175e-03	
   1.9125545e-03	
   1.5801344e-03	
   1.1264796e-03	
   5.4554685e-04	
  -1.4061779e-04	
  -8.9832418e-04	
  -1.6991607e-03	
  -2.5380718e-03	
  -3.4066996e-03	
  -4.2772842e-03	
  -5.1209634e-03	
  -5.9099893e-03	
  -6.6313676e-03	
  -7.2672959e-03	
  -7.8010077e-03	
  -8.2358012e-03	
  -8.5906161e-03	
  -8.8821217e-03	
  -9.1196726e-03	
  -9.2974600e-03	
  -9.4056553e-03	
  -9.4464971e-03	
  -9.4328287e-03	
  -9.3863414e-03	
  -9.3248540e-03	
  -9.2370183e-03	
  -9.1157510e-03	
  -8.9719754e-03	
  -8.8201359e-03	
  -8.6806250e-03	
  -8.5801503e-03	
  -8.5370372e-03	
  -8.5578871e-03	
  -8.6400283e-03	
  -8.7639672e-03	
  -8.8778733e-03	
  -8.9153818e-03	
  -8.8291474e-03	
  -8.6134513e-03	
  -8.2919454e-03	
  -7.8960297e-03	
  -7.4570384e-03	
  -7.0084531e-03	
  -6.5704063e-03	
  -6.1573377e-03	
  -5.7790944e-03	
  -5.4403434e-03	
  -5.1532022e-03	
  -4.9329480e-03	
  -4.7831347e-03	
  -4.6903954e-03	
  -4.6438403e-03	
  -4.6275844e-03	
  -4.6250509e-03	
  -4.6353042e-03	
  -4.6588780e-03	
  -4.6901772e-03	
  -4.7173564e-03	
  -4.7210753e-03	
  -4.6764639e-03	
  -4.5545667e-03	
  -4.3408713e-03	
  -4.0718218e-03	
  -3.8048090e-03	
  -3.5755572e-03	
  -3.3998859e-03	
  -3.2789748e-03	
  -3.1956563e-03	
  -3.1380382e-03	
  -3.1017536e-03	
  -3.0603938e-03	
  -2.9870647e-03	
  -2.8746390e-03	
  -2.7138363e-03	
  -2.5090233e-03	
  -2.2894211e-03	
  -2.0860633e-03	
  -1.9019907e-03	
  -1.7383677e-03	
  -1.6188112e-03	
  -1.5632748e-03	
  -1.5743247e-03	
  -1.6334469e-03	
  -1.7292606e-03	
  -1.8479339e-03	
  -1.9621440e-03	
  -2.0333186e-03	
  -2.0335105e-03	
  -1.9641914e-03	
  -1.8348480e-03	
  -1.6462542e-03	
  -1.4063691e-03	
  -1.1212966e-03	
  -7.8357784e-04	
  -3.8563438e-04	
   6.2818403e-05	
   5.4183211e-04	
   1.0397109e-03	
   1.5410172e-03	
   2.0224860e-03	
   2.4551561e-03	
   2.8156467e-03	
   3.0990910e-03	
   3.3075796e-03	
   3.4719036e-03	
   3.6196580e-03	
   3.7681053e-03	
   3.9190861e-03	
   4.0598356e-03	
   4.1944527e-03	
   4.3416050e-03	
   4.5033645e-03	
   4.6648633e-03	
   4.8131594e-03	
   4.9197452e-03	
   4.9809026e-03	
   5.0250222e-03	
   5.0837359e-03	
   5.1809581e-03	
   5.3254045e-03	
   5.5097483e-03	
   5.7214036e-03	
   5.9451791e-03	
   6.1710379e-03	
   6.3941672e-03	
   6.6207319e-03	
   6.8592616e-03	
   7.1099744e-03	
   7.3742779e-03	
   7.6640556e-03	
   7.9818661e-03	
   8.2998213e-03	
   8.5960083e-03	
   8.8549238e-03	
   9.0565594e-03	
   9.1832025e-03	
   9.2215280e-03	
   9.1754165e-03	
   9.0702850e-03	
   8.9401777e-03	
   8.8018433e-03	
   8.6880842e-03	
   8.6466705e-03	
   8.6871120e-03	
   8.7914265e-03	
   8.9344097e-03	
   9.0723030e-03	
   9.1587579e-03	
   9.1734476e-03	
   9.1385943e-03	
   9.0894763e-03	
   9.0320984e-03	
   8.9533886e-03	
   8.8303484e-03	
   8.6429531e-03	
   8.3917910e-03	
   8.0771986e-03	
   7.6971171e-03	
   7.2489363e-03	
   6.7409869e-03	
   6.1953085e-03	
   5.6393556e-03	
   5.0876118e-03	
   4.5373525e-03	
   3.9798962e-03	
   3.4182504e-03	
   2.8643914e-03	
   2.3448251e-03	
   1.8685051e-03	
   1.4271299e-03	
   1.0291300e-03	
   6.8614993e-04	
   4.0422570e-04	
   1.9323243e-04	
   5.7042009e-05	
  -1.9669782e-05	
  -6.7093265e-05	
  -1.2180073e-04	
  -2.1974800e-04	
  -3.8856839e-04	
  -6.3881328e-04	
  -9.5843250e-04	
  -1.3244158e-03	
  -1.7182711e-03	
  -2.1308340e-03	
  -2.5567803e-03	
  -3.0093672e-03	
  -3.5034161e-03	
  -4.0371017e-03	
  -4.5994698e-03	
  -5.1668232e-03	
  -5.7336104e-03	
  -6.3148316e-03	
  -6.9193078e-03	
  -7.5372033e-03	
  -8.1450970e-03	
  -8.7401434e-03	
  -9.3332446e-03	
  -9.9063293e-03	
  -1.0429013e-02	
  -1.0890332e-02	
  -1.1275499e-02	
  -1.1576710e-02	
  -1.1801606e-02	
  -1.1957677e-02	
  -1.2042490e-02	
  -1.2054402e-02	
  -1.1986542e-02	
  -1.1819784e-02	
  -1.1551759e-02	
  -1.1180694e-02	
  -1.0711221e-02	
  -1.0165825e-02	
  -9.5722253e-03	
  -8.9703822e-03	
  -8.3951815e-03	
  -7.8517728e-03	
  -7.3217563e-03	
  -6.7814864e-03	
  -6.2002963e-03	
  -5.5601613e-03	
  -4.8654670e-03	
  -4.1244807e-03	
  -3.3422294e-03	
  -2.5367482e-03	
  -1.7154296e-03	
  -8.6631085e-04	
   1.0409838e-05	
   9.0668372e-04	
   1.8282001e-03	
   2.7796538e-03	
   3.7474058e-03	
   4.7187428e-03	
   5.6832129e-03	
   6.6225407e-03	
   7.5205928e-03	
   8.3633921e-03	
   9.1456614e-03	
   9.8614760e-03	
   1.0526228e-02	
   1.1146462e-02	
   1.1720404e-02	
   1.2251773e-02	
   1.2734742e-02	
   1.3167385e-02	
   1.3552339e-02	
   1.3885863e-02	
   1.4179738e-02	
   1.4458408e-02	
   1.4715110e-02	
   1.4928869e-02	
   1.5082743e-02	
   1.5157646e-02	
   1.5129508e-02	
   1.4994050e-02	
   1.4775004e-02	
   1.4482730e-02	
   1.4120301e-02	
   1.3690020e-02	
   1.3189950e-02	
   1.2590664e-02	
   1.1859964e-02	
   1.0973601e-02	
   9.9405697e-03	
   8.8033711e-03	
   7.6104702e-03	
   6.3943199e-03	
   5.1809704e-03	
   4.0082445e-03	
   2.9019954e-03	
   1.8724349e-03	
   9.2159969e-04	
   4.5451189e-05	
  -7.6730663e-04	
  -1.5350311e-03	
  -2.2710157e-03	
  -2.9911718e-03	
  -3.7164006e-03	
  -4.4483787e-03	
  -5.1749924e-03	
  -5.8891852e-03	
  -6.6026419e-03	
  -7.3255717e-03	
  -8.0311811e-03	
  -8.6978800e-03	
  -9.3370845e-03	
  -9.9787154e-03	
  -1.0646115e-02	
  -1.1350548e-02	
  -1.2076992e-02	
  -1.2804196e-02	
  -1.3509912e-02	
  -1.4177818e-02	
  -1.4791711e-02	
  -1.5333325e-02	
  -1.5784971e-02	
  -1.6107302e-02	
  -1.6273839e-02	
  -1.6291168e-02	
  -1.6193038e-02	
  -1.6024556e-02	
  -1.5804154e-02	
  -1.5525909e-02	
  -1.5195113e-02	
  -1.4838861e-02	
  -1.4485051e-02	
  -1.4165399e-02	
  -1.3904074e-02	
  -1.3695338e-02	
  -1.3530362e-02	
  -1.3405671e-02	
  -1.3300654e-02	
  -1.3195318e-02	
  -1.3085358e-02	
  -1.2982204e-02	
  -1.2893003e-02	
  -1.2799678e-02	
  -1.2665657e-02	
  -1.2465892e-02	
  -1.2191078e-02	
  -1.1828387e-02	
  -1.1376439e-02	
  -1.0835234e-02	
  -1.0216806e-02	
  -9.5464489e-03	
  -8.8480446e-03	
  -8.1399262e-03	
  -7.4329614e-03	
  -6.7446569e-03	
  -6.0779481e-03	
  -5.4269176e-03	
  -4.8042133e-03	
  -4.2292855e-03	
  -3.7097053e-03	
  -3.2395030e-03	
  -2.8070960e-03	
  -2.4142056e-03	
  -2.0711154e-03	
  -1.7745477e-03	
  -1.5121436e-03	
  -1.2617854e-03	
  -1.0041690e-03	
  -7.3463390e-04	
  -4.5451867e-04	
  -1.5668205e-04	
   1.8099385e-04	
   5.8006404e-04	
   1.0433817e-03	
   1.5558678e-03	
   2.0890804e-03	
   2.6037332e-03	
   3.0585057e-03	
   3.4330168e-03	
   3.7388616e-03	
   4.0128491e-03	
   4.2847246e-03	
   4.5688813e-03	
   4.8564049e-03	
   5.1221014e-03	
   5.3406841e-03	
   5.4989468e-03	
   5.5900316e-03	
   5.6064313e-03	
   5.5344013e-03	
   5.3683142e-03	
   5.1360811e-03	
   4.8654703e-03	
   4.5897916e-03	
   4.3432210e-03	
   4.3806118e-03	
   4.2103997e-03	
   4.0421835e-03	
   3.8625538e-03	
   3.6657213e-03	
   3.4480300e-03	
   3.2232880e-03	
   3.0024039e-03	
   2.7924129e-03	
   2.6107701e-03	
   2.4826914e-03	
   2.4112987e-03	
   2.3714585e-03	
   2.3305775e-03	
   2.2813173e-03	
   2.2186836e-03	
   2.1313594e-03	
   2.0085079e-03	
   1.8458816e-03	
   1.6483302e-03	
   1.4189689e-03	
   1.1649677e-03	
   9.0511672e-04	
   6.5752716e-04	
   4.2856111e-04	
   2.1671031e-04	
   7.9307228e-06	
  -2.1405898e-04	
  -4.5845661e-04	
  -7.2534771e-04	
  -9.8807245e-04	
  -1.2183333e-03	
  -1.4051844e-03	
  -1.5475099e-03	
  -1.6422509e-03	
  -1.6868485e-03	
  -1.7065839e-03	
  -1.7338635e-03	
  -1.7767479e-03	
  -1.8148356e-03	
  -1.8254010e-03	
  -1.7953068e-03	
  -1.7019368e-03	
  -1.5325196e-03	
  -1.2720902e-03	
  -9.1605553e-04	
  -4.7503664e-04	
   2.1949056e-05	
   5.5366611e-04	
   1.1223995e-03	
   1.7237197e-03	
   2.3434166e-03	
   2.9500342e-03	
   3.5224089e-03	
   4.0503878e-03	
   4.5154103e-03	
   4.9047035e-03	
   5.2143195e-03	
   5.4370018e-03	
   5.5634726e-03	
   5.5824621e-03	
   5.4928185e-03	
   5.3151259e-03	
   5.1017214e-03	
   4.9085286e-03	
   4.7839329e-03	
   4.7502006e-03	
   4.7885555e-03	
   4.8630765e-03	
   4.9492267e-03	
   5.0319798e-03	
   5.0901984e-03	
   5.1075654e-03	
   5.0787547e-03	
   5.0006258e-03	
   4.8676362e-03	
   4.6967165e-03	
   4.5070908e-03	
   4.3081268e-03	
   4.0976578e-03	
   3.8798341e-03	
   3.6652352e-03	
   3.4646682e-03	
   3.2634191e-03	
   3.0291844e-03	
   2.7439836e-03	
   2.4006818e-03	
   1.9977603e-03	
   1.5440508e-03	
   1.0445165e-03	
   5.1111120e-04	
  -3.8734722e-05	
  -5.8994524e-04	
  -1.1054884e-03	
  -1.5601587e-03	
  -1.9615639e-03	
  -2.3171452e-03	
  -2.6266150e-03	
  -2.8908769e-03	
  -3.1167006e-03	
  -3.3054562e-03	
  -3.4441550e-03	
  -3.5211458e-03	
  -3.5441460e-03	
  -3.5348861e-03	
  -3.5099047e-03	
  -3.4946170e-03	
  -3.5127315e-03	
  -3.5643553e-03	
  -3.6507147e-03	
  -3.7496011e-03	
  -3.8388150e-03	
  -3.8798252e-03	
  -3.8273615e-03	
  -3.6603308e-03	
  -3.3800417e-03	
  -2.9813980e-03	
  -2.4644789e-03	
  -1.8607616e-03	
  -1.2028160e-03	
  -5.0845856e-04	
   2.2283209e-04	
   9.9541156e-04	
   1.8285065e-03	
   2.7268772e-03	
   3.6683088e-03	
   4.6372667e-03	
   5.6200025e-03	
   6.5991574e-03	
   7.5554567e-03	
   8.4693978e-03	
   9.3182935e-03	
   1.0074378e-02	
   1.0737006e-02	
   1.1312729e-02	
   1.1802096e-02	
   1.2212385e-02	
   1.2562127e-02	
   1.2870691e-02	
   1.3132188e-02	
   1.3334535e-02	
   1.3475778e-02	
   1.3561930e-02	
   1.3612323e-02	
   1.3637005e-02	
   1.3638990e-02	
   1.3637993e-02	
   1.3647323e-02	
   1.3672691e-02	
   1.3703860e-02	
   1.3731760e-02	
   1.3768035e-02	
   1.3821647e-02	
   1.3876443e-02	
   1.3907799e-02	
   1.3911320e-02	
   1.3919106e-02	
   1.3969507e-02	
   1.4062196e-02	
   1.4167352e-02	
   1.4251977e-02	
   1.4300351e-02	
   1.4308995e-02	
   1.4269869e-02	
   1.4177180e-02	
   1.4023102e-02	
   1.3804849e-02	
   1.3507216e-02	
   1.3125089e-02	
   1.2676147e-02	
   1.2184084e-02	
   1.1679325e-02	
   1.1188946e-02	
   1.0739972e-02	
   1.0345001e-02	
   9.9890505e-03	
   9.6447340e-03	
   9.3093474e-03	
   8.9880294e-03	
   8.6955761e-03	
   8.4250919e-03	
   8.1471812e-03	
   7.8262505e-03	
   7.4205594e-03	
   6.9023003e-03	
   6.2748509e-03	
   5.5556588e-03	
   4.7628821e-03	
   3.9366524e-03	
   3.1276026e-03	
   2.3689822e-03	
   1.6752610e-03	
   1.0445655e-03	
   4.8458027e-04	
   1.7238659e-05	
  -3.5796961e-04	
  -6.6784930e-04	
  -9.5040548e-04	
  -1.2438343e-03	
  -1.5578654e-03	
  -1.8777193e-03	
  -2.1977692e-03	
  -2.5256689e-03	
  -2.8619052e-03	
  -3.2112700e-03	
  -3.5806986e-03	
  -3.9740253e-03	
  -4.3861487e-03	
  -4.8209021e-03	
  -5.2949239e-03	
  -5.8178137e-03	
  -6.3862578e-03	
  -6.9809031e-03	
  -7.5674519e-03	
  -8.1174416e-03	
  -8.6220869e-03	
  -9.0803668e-03	
  -9.5033522e-03	
  -9.9007818e-03	
  -1.0270098e-02	
  -1.0588083e-02	
  -1.0831451e-02	
  -1.0994704e-02	
  -1.1093242e-02	
  -1.1137622e-02	
  -1.1125677e-02	
  -1.1056943e-02	
  -1.0944344e-02	
  -1.0817464e-02	
  -1.0680584e-02	
  -1.0522355e-02	
  -1.0324609e-02	
  -1.0067180e-02	
  -9.7556990e-03	
  -9.3995850e-03	
  -9.0131032e-03	
  -8.5931080e-03	
  -8.1369818e-03	
  -7.6524975e-03	
  -7.1482484e-03	
  -6.6164173e-03	
  -6.0339993e-03	
  -5.3946706e-03	
  -4.7281163e-03	
  -4.0714394e-03	
  -3.4414998e-03	
  -2.8281125e-03	
  -2.2175267e-03	
  -1.6101183e-03	
  -1.0235131e-03	
  -4.7765047e-04	
   2.4918647e-05	
   4.8780807e-04	
   8.8792622e-04	
   1.1908968e-03	
   1.3851353e-03	
   1.4865846e-03	
   1.5174893e-03	
   1.5097163e-03	
   1.4989679e-03	
   1.5060962e-03	
   1.5481921e-03	
   1.6355490e-03	
   1.7548474e-03	
   1.8794864e-03	
   1.9707216e-03	
   1.9912904e-03	
   1.9490148e-03	
   1.8692053e-03	
   1.7652437e-03	
   1.6365736e-03	
   1.4803313e-03	
   1.3104762e-03	
   1.1532535e-03	
   1.0367836e-03	
   9.6686803e-04	
   9.4031063e-04	
   9.5034584e-04	
   9.7522104e-04	
   9.9470976e-04	
   9.9045809e-04	
   9.4029265e-04	
   8.4651821e-04	
   7.2690867e-04	
   5.9353416e-04	
   4.5436499e-04	
   3.1897559e-04	
   2.0682216e-04	
   1.4126437e-04	
   1.2410426e-04	
   1.4515827e-04	
   1.9678164e-04	
   2.8339459e-04	
   4.1231237e-04	
   5.8772545e-04	
   7.8344810e-04	
   9.6422994e-04	
   1.1075938e-03	
   1.1985161e-03	
   1.2274371e-03	
   1.2029263e-03	
   1.1474307e-03	
   1.0825691e-03	
   1.0321063e-03	
   9.9199568e-04	
   9.3448052e-04	
   8.4516444e-04	
   7.2212416e-04	
   5.7114681e-04	
   4.0077273e-04	
   2.4331657e-04	
   1.5053821e-04	
   1.4785470e-04	
   2.3885820e-04	
   4.0976227e-04	
   6.3030251e-04	
   8.6349792e-04	
   1.0729122e-03	
   1.2415189e-03	
   1.3590632e-03	
   1.4232467e-03	
   1.4381202e-03	
   1.4069573e-03	
   1.3312909e-03	
   1.2047735e-03	
   1.0119681e-03	
   7.5589690e-04	
   4.4557644e-04	
   9.3604752e-05	
  -2.8713898e-04	
  -6.9242351e-04	
  -1.1254543e-03	
  -1.5818092e-03	
  -2.0490229e-03	
  -2.5300292e-03	
  -3.0519795e-03	
  -3.6305519e-03	
  -4.2516386e-03	
  -4.8747277e-03	
  -5.4660854e-03	
  -6.0133422e-03	
  -6.5101321e-03	
  -6.9570271e-03	
  -7.3504289e-03	
  -7.6941555e-03	
  -8.0001016e-03	
  -8.2799192e-03	
  -8.5523642e-03	
  -8.8216065e-03	
  -9.0734795e-03	
  -9.2986528e-03	
  -9.5221105e-03	
  -9.7674066e-03	
  -1.0027695e-02	
  -1.0262533e-02	
  -1.0429013e-02	
  -1.0517012e-02	
  -1.0542110e-02	
  -1.0525640e-02	
  -1.0495337e-02	
  -1.0470427e-02	
  -1.0452404e-02	
  -1.0431791e-02	
  -1.0399307e-02	
  -1.0341823e-02	
  -1.0250286e-02	
  -1.0118112e-02	
  -9.9514930e-03	
  -9.7655193e-03	
  -9.5743086e-03	
  -9.3714965e-03	
  -9.1468787e-03	
  -8.9000549e-03	
  -8.6296605e-03	
  -8.3259490e-03	
  -7.9826742e-03	
  -7.6062112e-03	
  -7.1957520e-03	
  -6.7395555e-03	
  -6.2308595e-03	
  -5.6746777e-03	
  -5.0856877e-03	
  -4.4768120e-03	
  -3.8617319e-03	
  -3.2593504e-03	
  -2.6814831e-03	
  -2.1200750e-03	
  -1.5594136e-03	
  -9.9192052e-04	
  -4.1586035e-04	
   1.3651367e-04	
   6.3859269e-04	
   1.0749833e-03	
   1.4436390e-03	
   1.7456765e-03	
   1.9838819e-03	
   2.1661562e-03	
   2.2990552e-03	
   2.3969391e-03	
   2.4935461e-03	
   2.6317065e-03	
   2.8351624e-03	
   3.1021294e-03	
   3.4268362e-03	
   3.7971595e-03	
   4.2027134e-03	
   4.6458754e-03	
   5.1192272e-03	
   5.6108823e-03	
   6.1072082e-03	
   6.5923068e-03	
   7.0602191e-03	
   7.5137300e-03	
   7.9585914e-03	
   8.3987437e-03	
   8.8278647e-03	
   9.2149348e-03	
   9.5230500e-03	
   9.7294814e-03	
   9.8278237e-03	
   9.8357486e-03	
   9.7716223e-03	
   9.6674385e-03	
   9.5505094e-03	
   9.4161619e-03	
   9.2523779e-03	
   9.0425887e-03	
   8.7662548e-03	
   8.4038989e-03	
   7.9578226e-03	
   7.4420595e-03	
   6.8770705e-03	
   6.2881050e-03	
   5.6987629e-03	
   5.1442487e-03	
   4.6615879e-03	
   4.2672564e-03	
   3.9441043e-03	
   3.6578977e-03	
   3.3820197e-03	
   3.1124277e-03	
   2.8657721e-03	
   2.6578995e-03	
   2.4740206e-03	
   2.2998624e-03	
   2.1394093e-03	
   2.0029441e-03	
   1.8908092e-03	
   1.7852185e-03	
   1.6758108e-03	
   1.5782316e-03	
   1.5114467e-03	
   1.4919351e-03	
   1.5358750e-03	
   1.6585525e-03	
   1.8640623e-03	
   2.1352687e-03	
   2.4653694e-03	
   2.8550670e-03	
   3.2997895e-03	
   3.7968057e-03	
   4.3342103e-03	
   4.9003954e-03	
   5.4905055e-03	
   6.0885471e-03	
   6.6659267e-03	
   7.1854594e-03	
   7.6229540e-03	
   7.9711904e-03	
   8.2296900e-03	
   8.4007371e-03	
   8.5075762e-03	
   8.5660408e-03	
   8.5842435e-03	
   8.5721764e-03	
   8.5312856e-03	
   8.4589729e-03	
   8.3495603e-03	
   8.2143794e-03	
   8.0656462e-03	
   7.9071139e-03	
   7.7321280e-03	
   7.5384729e-03	
   7.3266526e-03	
   7.1055266e-03	
   6.8934432e-03	
   6.6976892e-03	
   6.5108977e-03	
   6.3123961e-03	
   6.0861565e-03	
   5.8228816e-03	
   5.5245981e-03	
   5.1948970e-03	
   4.8253793e-03	
   4.4124618e-03	
   3.9537089e-03	
   3.4533618e-03	
   2.9147227e-03	
   2.3406225e-03	
   1.7374150e-03	
   1.1055448e-03	
   4.3291261e-04	
  -2.9288674e-04	
  -1.0695592e-03	
  -1.8828443e-03	
  -2.7221672e-03	
  -3.5821553e-03	
  -4.4580643e-03	
  -5.3389953e-03	
  -6.2051951e-03	
  -7.0406993e-03	
  -7.8429672e-03	
  -8.6015231e-03	
  -9.2850661e-03	
  -9.8692701e-03	
  -1.0347632e-02	
  -1.0725159e-02	
  -1.1024704e-02	
  -1.1282280e-02	
  -1.1525631e-02	
  -1.1761181e-02	
  -1.1989736e-02	
  -1.2212786e-02	
  -1.2424356e-02	
  -1.2615076e-02	
  -1.2777954e-02	
  -1.2899319e-02	
  -1.2956950e-02	
  -1.2942661e-02	
  -1.2860912e-02	
  -1.2716172e-02	
  -1.2520615e-02	
  -1.2284845e-02	
  -1.2005578e-02	
  -1.1678574e-02	
  -1.1319012e-02	
  -1.0945063e-02	
  -1.0552593e-02	
  -1.0120637e-02	
  -9.6325199e-03	
  -9.0696314e-03	
  -8.4300021e-03	
  -7.7201900e-03	
  -6.9558939e-03	
  -6.1575966e-03	
  -5.3377118e-03	
  -4.5079576e-03	
  -3.6718790e-03	
  -2.8254801e-03	
  -1.9643164e-03	
  -1.0879899e-03	
  -1.9026255e-04	
   7.4333372e-04	
   1.7164614e-03	
   2.7166900e-03	
   3.7133516e-03	
   4.6746281e-03	
   5.5748837e-03	
   6.3932170e-03	
   7.1273797e-03	
   7.7763980e-03	
   8.3230976e-03	
   8.7497187e-03	
   9.0478665e-03	
   9.2223777e-03	
   9.2966267e-03	
   9.3009404e-03	
   9.2754664e-03	
   9.2529989e-03	
   9.2637833e-03	
   9.3168883e-03	
   9.4041439e-03	
   9.5161464e-03	
   9.6348401e-03	
   9.7223000e-03	
   9.7432560e-03	
   9.6847834e-03	
   9.5529114e-03	
   9.3598543e-03	
   9.1192314e-03	
   8.8398093e-03	
   8.5319310e-03	
   8.2132765e-03	
   7.8914169e-03	
   7.5589347e-03	
   7.2083600e-03	
   6.8441119e-03	
   6.4695942e-03	
   6.0866843e-03	
   5.7007368e-03	
   5.3010890e-03	
   4.8718413e-03	
   4.4097060e-03	
   3.9137927e-03	
   3.3743783e-03	
   2.7786047e-03	
   2.1189908e-03	
   1.3957530e-03	
   6.2346577e-04	
  -1.7794930e-04	
  -9.8858879e-04	
  -1.7964564e-03	
  -2.5944276e-03	
  -3.3758636e-03	
  -4.1409996e-03	
  -4.8881494e-03	
  -5.6022834e-03	
  -6.2688230e-03	
  -6.8711309e-03	
  -7.3951106e-03	
  -7.8295022e-03	
  -8.1748203e-03	
  -8.4340707e-03	
  -8.6169807e-03	
  -8.7425128e-03	
  -8.8212961e-03	
  -8.8402586e-03	
  -8.7790653e-03	
  -8.6195788e-03	
  -8.3452383e-03	
  -7.9453642e-03	
  -7.4284655e-03	
  -6.8158617e-03	
  -6.1546987e-03	
  -5.4957270e-03	
  -4.8770096e-03	
  -4.3214823e-03	
  -3.8293411e-03	
  -3.3887420e-03	
  -3.0100216e-03	
  -2.7058468e-03	
  -2.4808009e-03	
  -2.3311624e-03	
  -2.2453946e-03	
  -2.2204459e-03	
  -2.2536054e-03	
  -2.3308226e-03	
  -2.4384819e-03	
  -2.5728049e-03	
  -2.7232081e-03	
  -2.8682419e-03	
  -2.9971612e-03	
  -3.1171450e-03	
  -3.2375790e-03	
  -3.3695016e-03	
  -3.5191777e-03	
  -3.6815572e-03	
  -3.8467269e-03	
  -4.0063785e-03	
  -4.1503396e-03	
  -4.2737989e-03	
  -4.3804043e-03	
  -4.4686134e-03	
  -4.5329946e-03	
  -4.5665055e-03	
  -4.5676354e-03	
  -4.5452806e-03	
  -4.5206375e-03	
  -4.5074119e-03	
  -4.5153400e-03	
  -4.5488558e-03	
  -4.5958047e-03	
  -4.6377716e-03	
  -4.6653216e-03	
  -4.6710700e-03	
  -4.6348990e-03	
  -4.5509563e-03	
  -4.4247740e-03	
  -4.2638977e-03	
  -4.0861830e-03	
  -3.9024512e-03	
  -3.7094529e-03	
  -3.5102005e-03	
  -3.3210576e-03	
  -3.1574958e-03	
  -3.0330970e-03	
  -2.9556625e-03	
  -2.9300128e-03	
  -2.9577606e-03	
  -3.0298600e-03	
  -3.1325422e-03	
  -3.2546992e-03	
  -3.3980729e-03	
  -3.5518430e-03	
  -3.6866831e-03	
  -3.7843154e-03	
  -3.8358640e-03	
  -3.8309563e-03	
  -3.7708831e-03	
  -3.6629386e-03	
  -3.5176842e-03	
  -3.3505309e-03	
  -3.1716553e-03	
  -2.9834128e-03	
  -2.7907846e-03	
  -2.5966548e-03	
  -2.4066606e-03	
  -2.2133086e-03	
  -2.0095046e-03	
  -1.7986043e-03	
  -1.5830078e-03	
  -1.3671229e-03	
  -1.1555158e-03	
  -9.5056725e-04	
  -7.5902519e-04	
  -5.8874458e-04	
  -4.4528518e-04	
  -3.3500145e-04	
  -2.6257293e-04	
  -2.3041197e-04	
  -2.3536430e-04	
  -2.7918246e-04	
  -3.6837149e-04	
  -5.0254471e-04	
  -6.7728369e-04	
  -8.8222683e-04	
  -1.1090759e-03	
  -1.3608197e-03	
  -1.6384567e-03	
  -1.9427288e-03	
  -2.2658384e-03	
  -2.5893116e-03	
  -2.8940787e-03	
  -3.1620392e-03	
  -3.3758726e-03	
  -3.5207406e-03	
  -3.5893049e-03	
  -3.5862313e-03	
  -3.5257210e-03	
  -3.4252194e-03	
  -3.2956383e-03	
  -3.1416158e-03	
  -2.9688301e-03	
  -2.7880100e-03	
  -2.6136418e-03	
  -2.4625483e-03	
  -2.3417589e-03	
  -2.2458129e-03	
  -2.1611938e-03	
  -2.0843427e-03	
  -2.0121999e-03	
  -1.9399011e-03	
  -1.8631481e-03	
  -1.7716433e-03	
  -1.6518073e-03	
  -1.4932170e-03	
  -1.2964221e-03	
  -1.0785119e-03	
  -8.6567849e-04	
  -6.7561031e-04	
  -5.0851444e-04	
  -3.4777631e-04	
  -1.8010479e-04	
  -3.5021465e-06	
   1.8213969e-04	
   3.7639492e-04	
   5.8629873e-04	
   8.2054986e-04	
   1.0739743e-03	
   1.3271013e-03	
   1.5700085e-03	
   1.7956418e-03	
   2.0044597e-03	
   2.2065454e-03	
   2.4117195e-03	
   2.6253241e-03	
   2.8395619e-03	
   3.0362588e-03	
   3.2012585e-03	
   3.3286459e-03	
   3.4161393e-03	
   3.4660196e-03	
   3.4844119e-03	
   3.4822550e-03	
   3.4675735e-03	
   3.4467800e-03	
   3.4168215e-03	
   3.3648880e-03	
   3.2815001e-03	
   3.1627769e-03	
   3.0088264e-03	
   2.8277645e-03	
   2.6200487e-03	
   2.3864464e-03	
   2.1307638e-03	
   1.8568555e-03	
   1.5676490e-03	
   1.2687111e-03	
   9.7312135e-04	
   6.8906213e-04	
   4.2251049e-04	
   1.7227246e-04	
  -6.9003077e-05	
  -3.0325275e-04	
  -5.2705168e-04	
  -7.3926490e-04	
  -9.3521255e-04	
  -1.1061012e-03	
  -1.2427068e-03	
  -1.3411831e-03	
  -1.4038111e-03	
  -1.4293325e-03	
  -1.4120097e-03	
  -1.3428931e-03	
  -1.2309731e-03	
  -1.0927726e-03	
  -9.4125998e-04	
  -7.8735810e-04	
  -6.3853321e-04	
  -4.9908332e-04	
  -3.6088508e-04	
  -2.0781335e-04	
  -2.7400579e-05	
   1.8079548e-04	
   4.0521876e-04	
   6.2791761e-04	
   8.3622810e-04	
   1.0249600e-03	
   1.1890928e-03	
   1.3243644e-03	
   1.4316585e-03	
   1.5196747e-03	
   1.5988453e-03	
   1.6767103e-03	
   1.7601276e-03	
   1.8543367e-03	
   1.9648531e-03	
   2.0958493e-03	
   2.2506005e-03	
   2.4276412e-03	
   2.6217473e-03	
   2.8267906e-03	
   3.0371264e-03	
   3.2480137e-03	
   3.4555178e-03	
   3.6554868e-03	
   3.8458902e-03	
   4.0294473e-03	
   4.2008686e-03	
   4.3508273e-03	
   4.4710938e-03	
   4.5548101e-03	
   4.5927680e-03	
   4.5785955e-03	
   4.5133237e-03	
   4.4003841e-03	
   4.2498992e-03	
   4.0764452e-03	
   3.8961766e-03	
   3.7167503e-03	
   3.5380618e-03	
   3.3529304e-03	
   3.1554991e-03	
   2.9442654e-03	
   2.7112325e-03	
   2.4505114e-03	
   2.1586970e-03	
   1.8418758e-03	
   1.5192197e-03	
   1.2120816e-03	
   9.2859811e-04	
   6.6500638e-04	
   4.1826650e-04	
   1.8858517e-04	
  -2.6842094e-05	
  -2.3484126e-04	
  -4.4487913e-04	
  -6.6597044e-04	
  -8.9937729e-04	
  -1.1456611e-03	
  -1.4108201e-03	
  -1.6968984e-03	
  -1.9979457e-03	
  -2.3031483e-03	
  -2.5984211e-03	
  -2.8765402e-03	
  -3.1360226e-03	
  -3.3749281e-03	
  -3.5887468e-03	
  -3.7746846e-03	
  -3.9318035e-03	
  -4.0598985e-03	
  -4.1604589e-03	
  -4.2365739e-03	
  -4.2890253e-03	
  -4.3191081e-03	
  -4.3339089e-03	
  -4.3389081e-03	
  -4.3268443e-03	
  -4.2925319e-03	
  -4.2322920e-03	
  -4.1422946e-03	
  -4.0215019e-03	
  -3.8757655e-03	
  -3.7184382e-03	
  -3.5615432e-03	
  -3.4138868e-03	
  -3.2735891e-03	
  -3.1336607e-03	
  -2.9954088e-03	
  -2.8662272e-03	
  -2.7469779e-03	
  -2.6300488e-03	
  -2.5095315e-03	
  -2.3816106e-03	
  -2.2395833e-03	
  -2.0756114e-03	
  -1.8895919e-03	
  -1.6892357e-03	
  -1.4935479e-03	
  -1.3170636e-03	
  -1.1668451e-03	
  -1.0388302e-03	
  -9.2498534e-04	
  -8.2505235e-04	
  -7.4149948e-04	
  -6.7934988e-04	
  -6.4225073e-04	
  -6.2686980e-04	
  -6.2573327e-04	
  -6.3587625e-04	
  -6.5922594e-04	
  -6.9495401e-04	
  -7.3808221e-04	
  -7.8637377e-04	
  -8.4580660e-04	
  -9.2832769e-04	
  -1.0439855e-03	
  -1.1914842e-03	
  -1.3636906e-03	
  -1.5509299e-03	
  -1.7429821e-03	
  -1.9330016e-03	
  -2.1112685e-03	
  -2.2654740e-03	
  -2.3933721e-03	
  -2.5017194e-03	
  -2.5952610e-03	
  -2.6788123e-03	
  -2.7532794e-03	
  -2.8121614e-03	
  -2.8507320e-03	
  -2.8711071e-03	
  -2.8797747e-03	
  -2.8842477e-03	
  -2.8887118e-03	
  -2.8876873e-03	
  -2.8714968e-03	
  -2.8339238e-03	
  -2.7758515e-03	
  -2.7101361e-03	
  -2.6541740e-03	
  -2.6182162e-03	
  -2.6071156e-03	
  -2.6161999e-03	
  -2.6329075e-03	
  -2.6481421e-03	
  -2.6587500e-03	
  -2.6634470e-03	
  -2.6587950e-03	
  -2.6473970e-03	
  -2.6380056e-03	
  -2.6369925e-03	
  -2.6467851e-03	
  -2.6675753e-03	
  -2.6942732e-03	
  -2.7237579e-03	
  -2.7535849e-03	
  -2.7764250e-03	
  -2.7868115e-03	
  -2.7835893e-03	
  -2.7710475e-03	
  -2.7527516e-03	
  -2.7298380e-03	
  -2.7040919e-03	
  -2.6732314e-03	
  -2.6309508e-03	
  -2.5731652e-03	
  -2.5009685e-03	
  -2.4192424e-03	
  -2.3280619e-03	
  -2.2263250e-03	
  -2.1218184e-03	
  -2.0208863e-03	
  -1.9225995e-03	
  -1.8243324e-03	
  -1.7287058e-03	
  -1.6393563e-03	
  -1.5608140e-03	
  -1.4958110e-03	
  -1.4438089e-03	
  -1.4059418e-03	
  -1.3835356e-03	
  -1.3771948e-03	
  -1.3885928e-03	
  -1.4225057e-03	
  -1.4808991e-03	
  -1.5590909e-03	
  -1.6478302e-03	
  -1.7371528e-03	
  -1.8216020e-03	
  -1.8977832e-03	
  -1.9640688e-03	
  -2.0201747e-03	
  -2.0652780e-03	
  -2.1017072e-03	
  -2.1327483e-03	
  -2.1574494e-03	
  -2.1698294e-03	
  -2.1650892e-03	
  -2.1403341e-03	
  -2.0929751e-03	
  -2.0208421e-03	
  -1.9234288e-03	
  -1.8032138e-03	
  -1.6636383e-03	
  -1.5073201e-03	
  -1.3355997e-03	
  -1.1494447e-03	
  -9.5143572e-04	
  -7.4630507e-04	
  -5.3459292e-04	
  -3.1198583e-04	
  -7.7492393e-05	
   1.6698606e-04	
   4.2206024e-04	
   6.8544225e-04	
   9.5577235e-04	
   1.2308089e-03	
   1.5019565e-03	
   1.7593711e-03	
   1.9953158e-03	
   2.2035299e-03	
   2.3814300e-03	
   2.5292057e-03	
   2.6460865e-03	
   2.7325170e-03	
   2.7955305e-03	
   2.8444125e-03	
   2.8841072e-03	
   2.9125053e-03	
   2.9269744e-03	
   2.9302334e-03	
   2.9259507e-03	
   2.9165241e-03	
   2.9054211e-03	
   2.8966555e-03	
   2.8932911e-03	
   2.8957862e-03	
   2.9013982e-03	
   2.9072970e-03	
   2.9123525e-03	
   2.9133166e-03	
   2.9068108e-03	
   2.8912838e-03	
   2.8644192e-03	
   2.8238862e-03	
   2.7662117e-03	
   2.6902013e-03	
   2.5989293e-03	
   2.4983394e-03	
   2.3984767e-03	
   2.3100634e-03	
   2.2364076e-03	
   2.1748654e-03	
   2.1228225e-03	
   2.0766596e-03	
   2.0307989e-03	
   1.9811196e-03	
   1.9247188e-03	
   1.8597159e-03	
   1.7846548e-03	
   1.6981582e-03	
   1.5971133e-03	
   1.4813517e-03	
   1.3547543e-03	
   1.2216348e-03	
   1.0841590e-03	
   9.4384660e-04	
   8.0324090e-04	
   6.6589283e-04	
   5.3635290e-04	
   4.1794624e-04	
   3.1464402e-04	
   2.2801146e-04	
   1.5677666e-04	
   9.7915898e-05	
   4.6849689e-05	
  -2.0280906e-06	
  -5.2182476e-05	
  -1.0230008e-04	
  -1.4784179e-04	
  -1.8595467e-04	
  -2.1633931e-04	
  -2.3849848e-04	
  -2.5436797e-04	
  -2.6829161e-04	
  -2.8404435e-04	
  -3.0224874e-04	
  -3.2346795e-04	
  -3.4831831e-04	
  -3.7614517e-04	
  -4.0670137e-04	
  -4.4114814e-04	
  -4.8115949e-04	
  -5.2767154e-04	
  -5.7758027e-04	
  -6.2566636e-04	
  -6.6706784e-04	
  -7.0056239e-04	
  -7.2851882e-04	
  -7.5247342e-04	
  -7.7275406e-04	
  -7.8986694e-04	
  -8.0521927e-04	
  -8.1950084e-04	
  -8.3129178e-04	
  -8.3852632e-04	
  -8.3933106e-04	
  -8.3034651e-04	
  -8.1071931e-04	
  -7.8394761e-04	
  -7.5279687e-04	
  -7.1653073e-04	
  -6.7369452e-04	
  -6.2335507e-04	
  -5.6477935e-04	
  -4.9755921e-04	
  -4.2086178e-04	
  -3.3622360e-04	
  -2.4720418e-04	
  -1.5775461e-04	
  -6.9844203e-05	
   1.5719603e-05	
   1.0057564e-04	
   1.8630942e-04	
   2.7247563e-04	
   3.5765646e-04	
   4.4088179e-04	
   5.2236308e-04	
   6.0265180e-04	
   6.8256837e-04	
   7.6234515e-04	
   8.4151490e-04	
   9.1796159e-04	
   9.8899239e-04	
   1.0539619e-03	
   1.1133365e-03	
   1.1675837e-03	
   1.2168945e-03	
   1.2599088e-03	
   1.2953796e-03	
   1.3217328e-03	
   1.3374813e-03	
   1.3417665e-03	
   1.3366006e-03	
   1.3240220e-03	
   1.3056575e-03	
   1.2830478e-03	
   1.2572739e-03	
   1.2299477e-03	
   1.2036518e-03	
   1.1784269e-03	
   1.1526195e-03	
   1.1244526e-03	
   1.0927669e-03	
   1.0581073e-03	
   1.0226209e-03	
   9.8782408e-04	
   9.5475682e-04	
   9.2431540e-04	
   8.9512399e-04	
   8.6440234e-04	
   8.3051890e-04	
   7.9274760e-04	
   7.5077472e-04	
   7.0508734e-04	
   6.5581382e-04	
   6.0362934e-04	
   5.4976984e-04	
   4.9485355e-04	
   4.3854526e-04	
   3.7945974e-04	
   3.1686953e-04	
   2.5066018e-04	
   1.8099834e-04	
   1.0945398e-04	
   3.8713847e-05	
  -2.8884104e-05	
  -9.1687662e-05	
  -1.4872006e-04	
  -1.9930078e-04	
  -2.4246191e-04	
  -2.7763923e-04	
  -3.0379287e-04	
  -3.2092446e-04	
  -3.2992813e-04	
  -3.3017650e-04	
  -3.2019439e-04	
  -2.9962078e-04	
  -2.6914864e-04	
  -2.3113600e-04	
  -1.8833141e-04	
  -1.4299657e-04	
  -9.7103881e-05	
  -5.1831232e-05	
  -6.5501341e-06	
   3.9194684e-05	
   8.5269310e-05	
   1.3088683e-04	
   1.7514258e-04	
   2.1761898e-04	
   2.5808621e-04	
   2.9673620e-04	
   3.3364965e-04	
   3.6829706e-04	
   4.0026439e-04	
   4.2966757e-04	
   4.5614172e-04	
   4.7919607e-04	
   4.9829565e-04	
   5.1277061e-04	
   5.2196398e-04	
   5.2562675e-04	
   5.2423263e-04	
   5.1858405e-04	
   5.0939566e-04	
   4.9723053e-04	
   4.8237453e-04	
   4.6434710e-04	
   4.4229717e-04	
   4.1597571e-04	
   3.8628250e-04	
   3.5449213e-04	
   3.2203828e-04	
   2.9053231e-04	
   2.6095838e-04	
   2.3303863e-04	
   2.0552477e-04	
   1.7707135e-04	
   1.4744072e-04	
   1.1726940e-04	
   8.7629868e-05	
   6.0200849e-05	
   3.6852672e-05	
   1.8840641e-05	
   6.4278750e-06	
  -4.3589262e-07	
  -1.7694619e-06	
   2.6931874e-06	
   1.3145767e-05	
   2.9481151e-05	
   5.0982924e-05	
   7.6060666e-05	
   1.0317697e-04	
   1.3146862e-04	
   1.5989041e-04	
   1.8700019e-04	
   2.1187857e-04	
   2.3401339e-04	
   2.5305104e-04	
   2.6893647e-04	
   2.8141385e-04	
   2.9066458e-04	
   2.9764944e-04	
   3.0281868e-04	
   3.0641013e-04	
   3.0842845e-04	
   3.0848090e-04	
   3.0641054e-04	
   3.0280904e-04	
   2.9838180e-04	
   2.9343462e-04	
   2.8843442e-04	
   2.8417531e-04	
   2.8118150e-04	
   2.7915468e-04	
   2.7728049e-04	
   2.7544550e-04	
   2.7423822e-04	
   2.7386208e-04	
   2.7396510e-04	
   2.7418079e-04	
   2.7403732e-04	
   2.7275096e-04	
   2.6990747e-04	
   2.6533840e-04	
   2.5902585e-04	
   2.5135136e-04	
   2.4303201e-04	
   2.3458325e-04	
   2.2616496e-04	
   2.1737796e-04	
   2.0783753e-04	
   1.9752323e-04	
   1.8684406e-04	
   1.7604495e-04	
   1.6540149e-04	
   1.5532837e-04	
   1.4599365e-04	
   1.3743991e-04	
   1.2992122e-04	
   1.2367370e-04	
   1.1877374e-04	
   1.1512813e-04	
   1.1249036e-04	
   1.1071330e-04	
   1.0964532e-04	
   1.0912432e-04	
   1.0929614e-04	
   1.1024884e-04	
   1.1198668e-04	
   1.1450998e-04	
   1.1756883e-04	
   1.2076322e-04	
   1.2392852e-04	
   1.2717234e-04	
   1.3045309e-04	
   1.3340483e-04	
   1.3582094e-04	
   1.3759032e-04	
   1.3865078e-04	
   1.3910887e-04	
   1.3925120e-04	
   1.3940332e-04	
   1.3991019e-04	
   1.4096101e-04	
   1.4240089e-04	
   1.4387738e-04	
   1.4493858e-04	
   1.4515059e-04	
   1.4457305e-04	
   1.4362272e-04	
   1.4295956e-04	
   1.4317206e-04	
   1.4451455e-04	
   1.4691441e-04	
   1.5021901e-04	
   1.5424355e-04	
   1.5890446e-04	
   1.6415213e-04	
   1.6999482e-04	
   1.7632568e-04	
   1.8304738e-04	
   1.9025814e-04	
   1.9781351e-04	
   2.0555777e-04	
   2.1355579e-04	
   2.2158788e-04	
   2.2940273e-04	
   2.3674462e-04	
   2.4340440e-04	
   2.4930306e-04	
   2.5455269e-04	
   2.5935469e-04	
   2.6403871e-04	
   2.6887952e-04	
   2.7385873e-04	
   2.7872658e-04	
   2.8332678e-04	
   2.8761251e-04	
   2.9150397e-04	
   2.9496102e-04	
   2.9805279e-04	
   3.0100821e-04	
   3.0403863e-04	
   3.0710287e-04	
   3.0994872e-04	
   3.1232488e-04	
   3.1396076e-04	
   3.1465677e-04	
   3.1436461e-04	
   3.1320267e-04	
   3.1136025e-04	
   3.0896350e-04	
   3.0612443e-04	
   3.0293862e-04	
   2.9956130e-04	
   2.9614150e-04	
   2.9289997e-04	
   2.9005118e-04	
   2.8777861e-04	
   2.8610989e-04	
   2.8497050e-04	
   2.8426935e-04	
   2.8381485e-04	
   2.8344777e-04	
   2.8308307e-04	
   2.8266059e-04	
   2.8213404e-04	
   2.8150985e-04	
   2.8082030e-04	
   2.8010118e-04	
   2.7940330e-04	
   2.7871792e-04	
   2.7799405e-04	
   2.7715728e-04	
   2.7615458e-04	
   2.7495604e-04	
   2.7353732e-04	
   2.7187914e-04	
   2.6997683e-04	
   2.6786513e-04	
   2.6562843e-04	
   2.6336542e-04	
   2.6113730e-04	
   2.5897822e-04	
   2.5694887e-04	
   2.5506332e-04	
   2.5334516e-04	
   2.5182048e-04	
   2.5044351e-04	
   2.4914072e-04	
   2.4789430e-04	
   2.4673710e-04	
   2.4575703e-04	
   2.4508399e-04	
   2.4477459e-04	
   2.4476405e-04	
   2.4494183e-04	
   2.4520703e-04	
   2.4548015e-04	
   2.4571275e-04	
   2.4587689e-04	
   2.4596953e-04	
   2.4602011e-04	
   2.4604592e-04	
   2.4602231e-04	
   2.4588236e-04	
   2.4555115e-04	
   2.4498284e-04	
   2.4417328e-04	
   2.4317343e-04	
   2.4204181e-04	
   2.4083036e-04	
   2.3958378e-04	
   2.3834504e-04	
   2.3715182e-04	
   2.3601831e-04	
   2.3493301e-04	
   2.3387826e-04	
   2.3284451e-04	
   2.3182342e-04	
   2.3081051e-04	
   2.2979334e-04	
   2.2875616e-04	
   2.2769128e-04	
   2.2659797e-04	
   2.2547591e-04	
   2.2434117e-04	
   2.2320914e-04	
   2.2208585e-04	
   2.2097489e-04	
   2.1986034e-04	
   2.1872087e-04	
   2.1754136e-04	
   2.1631832e-04	
   2.1506038e-04	
   2.1378349e-04	
   2.1251485e-04	
   2.1126648e-04	
   2.1004147e-04	
   2.0883312e-04	
   2.0763328e-04	
   2.0644193e-04	
   2.0525270e-04	
   2.0405049e-04	
   2.0282180e-04	
   2.0156542e-04	
   2.0028796e-04	
   1.9899375e-04	
   1.9768238e-04	
   1.9635206e-04	
   1.9499617e-04	
   1.9360939e-04	
   1.9218969e-04	
   1.9074801e-04	
   1.8930299e-04	
   1.8787667e-04	
   1.8648523e-04	
   1.8513604e-04	
   1.8383391e-04	
   1.8257809e-04	
   1.8136485e-04	
   1.8019442e-04	
   1.7906892e-04	
   1.7799236e-04	
   1.7696710e-04	
   1.7599389e-04	
   1.7506937e-04	
   1.7418963e-04	
   1.7334845e-04	
   1.7253880e-04	
   1.7175391e-04	
   1.7098977e-04	
   1.7024540e-04	
   1.6951884e-04	
   1.6880952e-04	
   1.6811703e-04	
   1.6743786e-04	
   1.6676759e-04	
   1.6610353e-04	
   1.6544520e-04	
   1.6479274e-04	
   1.6414764e-04	
   1.6351087e-04	
   1.6288268e-04	
   1.6226086e-04	
   1.6164345e-04	
   1.6102915e-04	
   1.6041648e-04	
   1.5980406e-04	
   1.5919000e-04	
   1.5857325e-04	
   1.5795339e-04	
   1.5733043e-04	
   1.5670444e-04	
   1.5607486e-04	
   1.5544103e-04	
   1.5480263e-04	
   1.5416047e-04	
   1.5351495e-04	
   1.5286617e-04	
   1.5221331e-04	
   1.5155579e-04	
   1.5089394e-04	
   1.5022882e-04	
   1.4956100e-04	
   1.4889041e-04	
   1.4821614e-04	
   1.4753794e-04	
   1.4685575e-04	
   1.4616963e-04	
   1.4548009e-04	
   1.4478760e-04	
   1.4409282e-04	
   1.4339584e-04	
   1.4269665e-04	
   1.4199534e-04	
   1.4129198e-04	
   1.4058658e-04	
   1.3987931e-04	
   1.3917023e-04	
   1.3845952e-04	
   1.3774718e-04	
   1.3703329e-04	
   1.3631817e-04	
   1.3560190e-04	
   1.3488466e-04	
   1.3416660e-04	
   1.3344796e-04	
   1.3272868e-04	
   1.3200890e-04	
   1.3128871e-04	
   1.3056812e-04	
   1.2984720e-04	
   1.2912587e-04	
   1.2840405e-04	
   1.2768166e-04	
   1.2695878e-04	
   1.2623532e-04	
   1.2551122e-04	
   1.2478646e-04	
   1.2406104e-04	
   1.2333497e-04	
   1.2260809e-04	
   1.2188055e-04	
   1.2115228e-04	
   1.2042319e-04	
   1.1969336e-04	
   1.1896272e-04	
   1.1823142e-04	
   1.1749931e-04	
   1.1676646e-04	
   1.1603287e-04	
