   1.3091505e-04	
   1.3129393e-04	
   1.3169512e-04	
   1.3205280e-04	
   1.3240476e-04	
   1.3272700e-04	
   1.3303749e-04	
   1.3335763e-04	
   1.3356492e-04	
   1.3388665e-04	
   1.3412370e-04	
   1.3431485e-04	
   1.3471471e-04	
   1.3481750e-04	
   1.3507193e-04	
   1.3526856e-04	
   1.3525585e-04	
   1.3554628e-04	
   1.3561333e-04	
   1.3600370e-04	
   1.3589218e-04	
   1.3550849e-04	
   1.3656210e-04	
   1.3601172e-04	
   1.3530292e-04	
   1.3587011e-04	
   1.3629747e-04	
   1.3626349e-04	
   1.3570395e-04	
   1.3643048e-04	
   1.3597381e-04	
   1.3614645e-04	
   1.3651809e-04	
   1.3427096e-04	
   1.3542494e-04	
   1.3676358e-04	
   1.3483255e-04	
   1.3444000e-04	
   1.3492639e-04	
   1.3510496e-04	
   1.3390041e-04	
   1.3286088e-04	
   1.3444623e-04	
   1.3374253e-04	
   1.3164296e-04	
   1.3439904e-04	
   1.3540692e-04	
   1.3316255e-04	
   1.3051051e-04	
   1.2800209e-04	
   1.3114654e-04	
   1.3026167e-04	
   1.3272629e-04	
   1.3421917e-04	
   1.2734671e-04	
   1.2979305e-04	
   1.2872164e-04	
   1.2601651e-04	
   1.3041103e-04	
   1.3143546e-04	
   1.2959843e-04	
   1.2193311e-04	
   1.2162404e-04	
   1.2833628e-04	
   1.2591498e-04	
   1.2207723e-04	
   1.2478479e-04	
   1.2068897e-04	
   1.2059747e-04	
   1.2298392e-04	
   1.1769158e-04	
   1.1944701e-04	
   1.1541590e-04	
   1.1705639e-04	
   1.2108465e-04	
   1.1759540e-04	
   1.2309757e-04	
   1.1530317e-04	
   1.0838995e-04	
   1.1854325e-04	
   1.2173773e-04	
   1.1348132e-04	
   1.0464576e-04	
   1.1590187e-04	
   1.1989716e-04	
   1.0168423e-04	
   9.5564080e-05	
   1.0466060e-04	
   1.0791147e-04	
   1.0372762e-04	
   1.0709039e-04	
   1.0913466e-04	
   1.0734775e-04	
   9.6915975e-05	
   8.9383155e-05	
   9.3679736e-05	
   9.4096022e-05	
   1.0709603e-04	
   1.0316436e-04	
   9.4110819e-05	
   1.0440996e-04	
   9.8675588e-05	
   9.4985860e-05	
   9.5502132e-05	
   1.0020137e-04	
   8.9650383e-05	
   7.8311464e-05	
   9.2306898e-05	
   8.4348262e-05	
   8.5725990e-05	
   9.0637615e-05	
   7.2002590e-05	
   8.7544959e-05	
   9.5922055e-05	
   7.0748047e-05	
   7.2005391e-05	
   7.7741939e-05	
   7.4229276e-05	
   7.9666035e-05	
   6.7342224e-05	
   7.6450904e-05	
   8.8585193e-05	
   7.4503568e-05	
   8.2101428e-05	
   7.8298297e-05	
   6.1219193e-05	
   5.3282794e-05	
   5.3811982e-05	
   7.0561869e-05	
   7.6377545e-05	
   5.6295111e-05	
   5.2074356e-05	
   7.1084453e-05	
   5.1017903e-05	
   4.7973651e-05	
   6.2359121e-05	
   4.3755320e-05	
   5.0868008e-05	
   5.9606257e-05	
   5.6292729e-05	
   5.3157269e-05	
   6.9985489e-05	
   7.2041506e-05	
   2.4124494e-05	
   3.2157150e-05	
   5.9373932e-05	
   3.5850665e-05	
   2.6004211e-05	
   4.7903720e-05	
   5.0750258e-05	
   3.5047728e-05	
   3.3193714e-05	
   1.9191007e-05	
   1.7614767e-05	
   2.4899850e-05	
   3.3318082e-05	
   4.9341054e-05	
   4.4880660e-05	
   4.7354677e-05	
   1.6345940e-05	
   5.5266455e-06	
   2.9794689e-05	
   3.6925029e-05	
   4.6960628e-05	
   2.1985295e-05	
   1.8305298e-05	
   2.1251668e-05	
  -1.4152941e-05	
  -6.7017647e-06	
   1.0805994e-05	
   2.9844903e-05	
   3.1391344e-05	
   1.4761290e-05	
   1.3227046e-05	
  -1.1795889e-06	
  -1.8780577e-05	
  -3.6632379e-06	
   1.6576760e-05	
   1.3255018e-05	
   2.8509117e-05	
   1.8937172e-05	
  -2.1225045e-05	
  -2.3297013e-05	
  -6.6387220e-06	
   6.2132398e-08	
  -1.7953689e-05	
  -7.7435043e-06	
  -3.3033942e-06	
  -2.4622252e-05	
  -5.5861854e-06	
   8.8983589e-06	
  -1.9940209e-05	
  -4.8091443e-05	
  -2.8552978e-05	
  -7.6016895e-06	
   3.5071036e-06	
   2.6520545e-06	
  -1.7307884e-05	
  -4.0786045e-05	
  -2.8857545e-05	
   4.8075225e-06	
  -1.5087998e-05	
  -4.8900357e-05	
  -4.6782685e-05	
  -2.4969911e-05	
  -9.5212333e-06	
   6.4298557e-06	
   8.3328760e-06	
  -2.5335310e-05	
  -5.7799619e-05	
  -7.1541578e-05	
  -2.9001693e-05	
  -9.3934507e-06	
  -1.2746693e-05	
  -1.5267274e-05	
  -7.0355921e-05	
  -4.7701784e-05	
  -2.8130393e-05	
  -7.3514789e-05	
  -5.4982591e-05	
  -4.7671562e-05	
  -3.8099571e-05	
  -2.1584019e-05	
  -2.1050656e-05	
  -2.3617184e-05	
  -8.8579467e-05	
  -8.6656458e-05	
  -4.4139922e-05	
  -5.9429902e-06	
   2.7529409e-05	
  -4.4630612e-05	
  -3.2252349e-05	
  -2.9292403e-05	
  -7.7605796e-05	
  -3.0978105e-05	
  -4.6007755e-05	
  -9.6153710e-05	
  -7.0962104e-05	
  -5.9828298e-05	
  -5.2611361e-05	
  -3.4795549e-05	
  -6.1647183e-05	
  -8.2559347e-05	
  -9.8727671e-05	
  -7.9513925e-05	
  -4.1758702e-05	
  -7.3115599e-05	
  -7.7915827e-05	
  -3.5229387e-05	
  -3.9539870e-05	
  -4.7814644e-05	
  -3.6950142e-05	
  -8.1080965e-05	
  -1.1804182e-04	
  -7.8416382e-05	
  -1.8299580e-05	
  -1.9126852e-05	
  -4.6929989e-05	
  -7.3428973e-05	
  -1.2526411e-04	
  -6.5470044e-05	
  -7.9704951e-07	
  -2.4206576e-05	
  -5.1304777e-05	
  -1.0746308e-04	
  -1.0082703e-04	
  -1.0139510e-04	
  -1.0880293e-04	
  -6.1352034e-05	
  -8.0727922e-05	
  -8.2096705e-05	
  -4.8671084e-05	
  -5.7511032e-05	
  -9.0983218e-05	
  -9.5764803e-05	
  -7.9116198e-05	
  -5.4066168e-05	
  -4.6277867e-05	
  -6.2733942e-05	
  -5.4964868e-05	
  -6.3554476e-05	
  -7.1633663e-05	
  -4.7325291e-05	
  -5.4952913e-05	
  -8.1542813e-05	
  -8.9002023e-05	
  -6.4862063e-05	
  -8.1134636e-05	
  -7.2793404e-05	
  -4.8062309e-05	
  -8.5330854e-05	
  -1.0347452e-04	
  -7.6964835e-05	
  -4.3918508e-05	
  -6.8850828e-05	
  -6.8510242e-05	
  -7.4304600e-05	
  -1.2741898e-04	
  -6.9618151e-05	
  -3.9025504e-05	
  -5.5274230e-05	
  -5.6823965e-05	
  -1.1908193e-04	
  -1.1981820e-04	
  -7.7333971e-05	
  -5.0734792e-05	
  -1.3191415e-05	
  -7.2760257e-05	
  -1.3984386e-04	
  -9.4589680e-05	
  -6.7535173e-05	
  -3.3867539e-05	
  -3.0191350e-05	
  -7.9802721e-05	
  -8.1489769e-05	
  -8.8599949e-05	
  -5.4916756e-05	
  -3.4099604e-05	
  -7.5297015e-05	
  -9.8532256e-05	
  -1.0045577e-04	
  -6.8635433e-05	
  -1.0960712e-04	
  -1.0132420e-04	
  -6.4135454e-05	
  -9.1922213e-05	
  -5.1060665e-05	
  -4.1557117e-05	
  -8.4376310e-05	
  -8.8567219e-05	
  -8.4598142e-05	
  -9.2653504e-05	
  -4.1610968e-05	
   9.1568710e-06	
  -2.4086071e-05	
  -8.9120526e-05	
  -1.2188521e-04	
  -8.4869424e-05	
  -6.2501241e-05	
  -2.8600684e-05	
  -3.3694424e-05	
  -1.0874186e-04	
  -1.3626737e-04	
  -1.3468102e-04	
  -5.4188600e-05	
  -2.9834487e-05	
  -6.9486899e-05	
  -4.3453106e-05	
  -1.2552515e-04	
  -1.3116572e-04	
  -7.6431133e-05	
  -7.0056967e-05	
  -2.5837483e-05	
  -4.4808848e-05	
  -6.3399857e-05	
  -8.8426312e-05	
  -9.6706265e-05	
  -5.4898657e-05	
  -3.2600025e-05	
  -3.3668291e-05	
  -6.2616191e-05	
  -7.1699456e-05	
  -9.7478269e-05	
  -1.0942830e-04	
  -5.0851665e-05	
  -4.5879847e-05	
  -9.2998897e-05	
  -1.2725793e-04	
  -1.3990857e-04	
  -1.1014960e-04	
  -6.7805368e-05	
  -5.4612620e-05	
  -7.2315672e-05	
  -1.0158386e-04	
  -7.6409857e-05	
  -4.2135821e-05	
  -7.2450352e-05	
  -8.0022965e-05	
  -1.2990842e-05	
  -3.4018236e-05	
  -6.3030304e-05	
  -1.3474648e-05	
  -6.3570652e-05	
  -1.1918564e-04	
  -7.7277248e-05	
  -3.3803092e-05	
  -3.4612281e-05	
  -1.0680055e-04	
  -1.5789858e-04	
  -1.1993218e-04	
  -7.7077319e-05	
  -7.7440477e-05	
  -8.9904025e-05	
  -9.9052791e-05	
  -1.2007564e-04	
  -8.5747350e-05	
  -4.4221265e-05	
  -6.8758743e-05	
  -1.7879185e-05	
   6.3759045e-06	
  -8.5272794e-05	
  -9.2008572e-05	
  -4.7460640e-05	
  -2.3337299e-05	
  -1.0413362e-04	
  -1.3292860e-04	
  -4.5363743e-05	
  -1.0375554e-04	
  -1.7654197e-04	
  -1.0016939e-04	
  -6.6316912e-05	
  -1.2995210e-04	
  -9.5880338e-05	
  -1.5781820e-05	
  -6.1927411e-05	
  -1.0469868e-04	
  -1.0152668e-04	
  -1.0864225e-04	
  -5.0374309e-05	
  -7.1082739e-06	
  -1.5819553e-05	
  -5.8986613e-05	
  -1.0540117e-04	
  -7.1811355e-05	
  -2.9318997e-05	
  -4.6340483e-05	
  -5.4987189e-05	
  -5.0769946e-05	
  -1.3701246e-04	
  -1.9480004e-04	
  -8.2441388e-05	
  -2.4879837e-05	
  -5.6129834e-05	
  -1.5440540e-04	
  -1.7422227e-04	
  -7.4610074e-05	
  -8.9725874e-05	
  -4.7509922e-05	
   1.9042910e-05	
  -8.9703970e-05	
  -1.4697118e-04	
  -9.0819403e-05	
  -1.8623413e-05	
  -2.7962883e-05	
  -6.9271462e-05	
  -4.1172507e-05	
  -8.7485853e-05	
  -1.1679589e-04	
  -5.4675738e-05	
  -6.5954046e-05	
  -8.3991791e-05	
  -1.0145876e-04	
  -1.1744893e-04	
  -9.7812711e-05	
  -1.4803825e-04	
  -1.4825545e-04	
  -6.3884445e-05	
  -5.4697724e-05	
  -9.8218965e-05	
  -1.0194146e-04	
  -6.0045700e-05	
  -7.2917550e-05	
  -8.1150060e-05	
   3.4566276e-06	
   1.5965079e-05	
  -9.4451196e-05	
  -1.5471685e-04	
  -1.3788938e-04	
  -9.0529102e-05	
  -4.4942900e-05	
  -3.9349166e-05	
  -5.3650760e-05	
  -1.6009258e-04	
  -1.8444237e-04	
  -8.0794635e-05	
  -8.6677316e-05	
  -6.7066721e-05	
  -7.5935636e-05	
  -1.5145494e-04	
  -1.1485779e-04	
  -4.5824002e-05	
  -1.6521274e-05	
  -5.5146573e-05	
  -1.3183164e-04	
  -1.3204929e-04	
  -7.2929589e-05	
  -4.2817370e-05	
  -3.4631701e-05	
  -7.7950312e-05	
  -1.4095027e-04	
  -1.3408997e-04	
  -1.0320207e-04	
  -2.7169022e-05	
  -1.9280622e-05	
  -1.2934759e-04	
  -1.6882013e-04	
  -1.1293499e-04	
  -6.6897305e-05	
  -8.3469793e-05	
  -1.0541312e-04	
  -1.2695609e-04	
  -1.1391737e-04	
  -3.7635487e-05	
  -3.8289360e-05	
  -1.0118480e-04	
  -8.5474312e-05	
  -1.1557161e-04	
  -1.3127035e-04	
  -4.4330488e-05	
  -7.2410683e-05	
  -1.1592014e-04	
  -1.0833582e-04	
  -8.1150520e-05	
  -3.2578598e-05	
  -8.1766568e-05	
  -1.0871043e-04	
  -1.3054650e-04	
  -1.3764126e-04	
  -6.7707097e-05	
  -8.2876233e-05	
  -1.1850643e-04	
  -1.3552806e-04	
  -9.6409694e-05	
  -5.6042556e-05	
  -1.1361487e-04	
  -7.6891016e-05	
  -5.1541281e-05	
  -1.2752143e-04	
  -1.3299519e-04	
  -9.4421978e-05	
  -7.3179971e-05	
  -8.6778723e-05	
  -1.2885226e-04	
  -1.2115366e-04	
  -9.5657419e-05	
  -7.4081053e-05	
  -7.9584399e-05	
  -1.3829944e-04	
  -1.4355821e-04	
  -1.3537498e-04	
  -1.1755891e-04	
  -5.0829803e-05	
  -6.3063744e-05	
  -1.0143380e-04	
  -1.1992575e-04	
  -1.3979320e-04	
  -8.1717871e-05	
  -7.7316666e-05	
  -1.1941809e-04	
  -1.0833227e-04	
  -9.8489912e-05	
  -6.9912465e-05	
  -1.0416957e-04	
  -1.4610116e-04	
  -9.6445182e-05	
  -9.5925190e-05	
  -1.1305512e-04	
  -9.7146753e-05	
  -1.0901256e-04	
  -1.0604555e-04	
  -1.0120850e-04	
  -1.0201888e-04	
  -1.1481728e-04	
  -9.7685262e-05	
  -7.3186868e-05	
  -1.0646945e-04	
  -1.2033572e-04	
  -1.1593573e-04	
  -1.0321870e-04	
  -9.9956215e-05	
  -1.0733939e-04	
  -1.0505531e-04	
  -1.5909970e-04	
  -1.6015005e-04	
  -1.2235909e-04	
  -7.4111316e-05	
  -4.6997537e-05	
  -1.4284398e-04	
  -1.3576318e-04	
  -8.5356812e-05	
  -1.1368630e-04	
  -1.0757380e-04	
  -9.7282603e-05	
  -6.0488195e-05	
  -9.0396764e-05	
  -1.3630010e-04	
  -1.3041462e-04	
  -1.4487052e-04	
  -7.9208534e-05	
  -7.4298288e-05	
  -9.9229647e-05	
  -9.7585068e-05	
  -1.4598115e-04	
  -1.1029883e-04	
  -1.2252867e-04	
  -1.2134619e-04	
  -8.2142476e-05	
  -1.6398951e-04	
  -1.3261276e-04	
  -9.4137404e-05	
  -1.0108427e-04	
  -9.5919254e-05	
  -1.9554918e-04	
  -1.3745424e-04	
  -6.0080687e-06	
  -4.3146044e-05	
  -1.2582611e-04	
  -1.6751016e-04	
  -1.3898801e-04	
  -8.2717686e-05	
  -5.4304136e-05	
  -9.1682155e-05	
  -1.3126617e-04	
  -1.7376716e-04	
  -1.5235452e-04	
  -5.9629999e-05	
  -4.6233977e-05	
  -1.1555706e-04	
  -1.6155876e-04	
  -1.3750465e-04	
  -1.3255733e-04	
  -9.4308031e-05	
  -9.1649050e-05	
  -1.7928517e-04	
  -1.6447418e-04	
  -1.0794524e-04	
  -7.9168531e-05	
  -7.8868909e-05	
  -9.6443928e-05	
  -1.3520557e-04	
  -1.2182648e-04	
  -3.3633990e-05	
  -3.7276120e-05	
  -1.2709336e-04	
  -2.3476702e-04	
  -2.4601841e-04	
  -9.9176436e-05	
  -2.9606681e-05	
  -5.5927689e-05	
  -1.5058019e-04	
  -2.3891768e-04	
  -1.5968992e-04	
  -4.7939751e-05	
  -3.1827791e-05	
  -1.2144547e-04	
  -1.7634496e-04	
  -1.4829348e-04	
  -1.2951793e-04	
  -7.6002683e-05	
  -7.1084955e-05	
  -9.6640430e-05	
  -1.3654910e-04	
  -1.7321703e-04	
  -8.1107299e-05	
  -6.8594845e-05	
  -1.4385616e-04	
  -1.3803953e-04	
  -1.7027222e-04	
  -1.6275340e-04	
  -1.4248730e-04	
  -1.3610302e-04	
  -9.7012617e-05	
  -1.3646270e-04	
  -1.0490889e-04	
  -1.0457612e-04	
  -1.2478725e-04	
  -8.4931037e-05	
  -1.0783087e-04	
  -1.0195066e-04	
  -1.0492582e-04	
  -7.5518137e-05	
  -7.6557327e-05	
  -1.9073557e-04	
  -2.0438390e-04	
  -9.7752059e-05	
  -6.4410665e-05	
  -1.1034611e-04	
  -1.2884837e-04	
  -1.9688247e-04	
  -2.0441554e-04	
  -1.2205646e-04	
  -1.0604673e-04	
  -7.9544230e-05	
  -1.5457565e-04	
  -1.9747854e-04	
  -1.5250187e-04	
  -1.1142764e-04	
  -3.3923317e-05	
  -6.9588807e-05	
  -1.2286985e-04	
  -1.6913772e-04	
  -1.6910040e-04	
  -1.1061877e-04	
  -8.3752027e-05	
  -9.4081726e-05	
  -1.6524008e-04	
  -1.8355864e-04	
  -1.3619698e-04	
  -8.9805294e-05	
  -1.0711292e-04	
  -1.4940612e-04	
  -1.4607591e-04	
  -1.3271839e-04	
  -1.1210881e-04	
  -1.1203265e-04	
  -1.3343325e-04	
  -1.5970518e-04	
  -1.5046980e-04	
  -9.1747363e-05	
  -1.2598976e-04	
  -1.8060359e-04	
  -1.2670111e-04	
  -1.1322508e-04	
  -1.3043435e-04	
  -1.2699095e-04	
  -1.4773851e-04	
  -1.3539718e-04	
  -1.2307069e-04	
  -1.5675109e-04	
  -1.5736630e-04	
  -1.3613554e-04	
  -1.2759237e-04	
  -1.1532499e-04	
  -9.3317748e-05	
  -1.1634754e-04	
  -1.7398740e-04	
  -1.2934128e-04	
  -1.0708207e-04	
  -9.3881504e-05	
  -1.1765856e-04	
  -1.9965749e-04	
  -1.2611875e-04	
  -1.0778356e-04	
  -1.4132166e-04	
  -1.4796828e-04	
  -1.9659853e-04	
  -1.1753153e-04	
  -7.9051784e-05	
  -1.7634454e-04	
  -2.0306323e-04	
  -1.5998808e-04	
  -1.1767235e-04	
  -1.0935540e-04	
  -1.3055519e-04	
  -1.4800456e-04	
  -1.6069905e-04	
  -1.5252252e-04	
  -1.0545500e-04	
  -5.9059053e-05	
  -8.4571056e-05	
  -1.3133464e-04	
  -1.4491596e-04	
  -1.3991463e-04	
  -1.1504723e-04	
  -1.5808639e-04	
  -1.8651106e-04	
  -1.3336461e-04	
  -1.7449280e-04	
  -1.6167224e-04	
  -1.0384988e-04	
  -1.5691348e-04	
  -1.3754946e-04	
  -1.1142459e-04	
  -1.4519130e-04	
  -1.7191178e-04	
  -1.7504444e-04	
  -1.1208737e-04	
  -9.4970645e-05	
  -1.2851347e-04	
  -1.3405227e-04	
  -1.4138679e-04	
  -1.2109172e-04	
  -1.3369425e-04	
  -1.5475171e-04	
  -1.1705818e-04	
  -9.9576378e-05	
  -1.3436234e-04	
  -1.5465273e-04	
  -1.6489147e-04	
  -2.2302060e-04	
  -1.6842127e-04	
  -7.0798750e-05	
  -8.2398710e-05	
  -1.5656437e-04	
  -2.2300935e-04	
  -1.6909739e-04	
  -1.1315883e-04	
  -9.5497659e-05	
  -1.2697582e-04	
  -2.2753374e-04	
  -1.8161348e-04	
  -7.9685179e-05	
  -8.2812112e-05	
  -1.1372355e-04	
  -1.9034734e-04	
  -2.0220729e-04	
  -8.4239540e-05	
  -7.0938822e-05	
  -1.2556473e-04	
  -1.4869698e-04	
  -2.1535017e-04	
  -1.6029602e-04	
  -5.9321097e-05	
  -8.2621755e-05	
  -1.2782369e-04	
  -1.9831120e-04	
  -1.8217000e-04	
  -1.5279267e-04	
  -1.8569441e-04	
  -1.4838243e-04	
  -1.1813825e-04	
  -1.4786767e-04	
  -1.6507083e-04	
  -1.6528021e-04	
  -1.4326260e-04	
  -1.0588417e-04	
  -1.2210783e-04	
  -1.1768468e-04	
  -1.3192034e-04	
  -1.6336100e-04	
  -9.3760033e-05	
  -1.1300195e-04	
  -1.5633681e-04	
  -1.5673407e-04	
  -1.6847310e-04	
  -1.5699461e-04	
  -1.3408403e-04	
  -1.1431510e-04	
  -1.6844079e-04	
  -1.8163826e-04	
  -1.4371442e-04	
  -1.3402301e-04	
  -1.3986564e-04	
  -1.5075425e-04	
  -1.1408742e-04	
  -1.3438253e-04	
  -1.5120138e-04	
  -1.3953400e-04	
  -1.7209549e-04	
  -1.4323710e-04	
  -1.2184357e-04	
  -1.3787086e-04	
  -1.3931338e-04	
  -1.6765152e-04	
  -1.3845272e-04	
  -1.2154621e-04	
  -1.6755651e-04	
  -1.5103389e-04	
  -1.2538432e-04	
  -1.5035665e-04	
  -1.6813477e-04	
  -1.4571087e-04	
  -9.9816728e-05	
  -1.2038266e-04	
  -1.2872724e-04	
  -9.9490437e-05	
  -1.3273527e-04	
  -1.6275235e-04	
  -1.6306502e-04	
  -1.3638918e-04	
  -8.6379533e-05	
  -1.1919956e-04	
  -1.8824910e-04	
  -2.0430762e-04	
  -1.5401214e-04	
  -1.1455156e-04	
  -1.1090154e-04	
  -1.6616022e-04	
  -1.8207043e-04	
  -1.5003450e-04	
  -1.5992141e-04	
  -9.8215412e-05	
  -1.0133591e-04	
  -1.3461030e-04	
  -1.3673495e-04	
  -1.5464081e-04	
  -1.0250468e-04	
  -1.2959818e-04	
  -1.3889659e-04	
  -1.5677429e-04	
  -2.0117893e-04	
  -1.2262578e-04	
  -9.9496080e-05	
  -1.0821464e-04	
  -1.1323336e-04	
  -1.5423059e-04	
  -1.4242911e-04	
  -1.5901978e-04	
  -1.7083388e-04	
  -1.1636639e-04	
  -1.4974336e-04	
  -1.8735400e-04	
  -1.2878053e-04	
  -1.0604965e-04	
  -1.1517852e-04	
  -1.4470311e-04	
  -1.6115919e-04	
  -1.3606531e-04	
  -1.2678170e-04	
  -1.0966008e-04	
  -1.1840824e-04	
  -1.7725415e-04	
  -1.6874798e-04	
  -1.1794923e-04	
  -9.0989446e-05	
  -7.0899822e-05	
  -1.2073019e-04	
  -1.6772054e-04	
  -1.9381402e-04	
  -1.7478273e-04	
  -9.1571218e-05	
  -1.1501149e-04	
  -1.4972764e-04	
  -1.7152722e-04	
  -1.6060225e-04	
  -9.0987732e-05	
  -1.3052242e-04	
  -1.2309352e-04	
  -1.3205481e-04	
  -1.7624590e-04	
  -1.0214591e-04	
  -1.0422353e-04	
  -1.0844454e-04	
  -1.0130163e-04	
  -1.6249821e-04	
  -1.3033558e-04	
  -1.1195959e-04	
  -1.2407753e-04	
  -1.5114901e-04	
  -1.9530569e-04	
  -1.2036226e-04	
  -1.0658862e-04	
  -1.4384341e-04	
  -1.1967202e-04	
  -1.4781061e-04	
  -1.4364787e-04	
  -1.2297531e-04	
  -1.3356889e-04	
  -1.0996230e-04	
  -1.3773363e-04	
  -1.1684404e-04	
  -7.8591524e-05	
  -1.1581526e-04	
  -1.2030654e-04	
  -1.1583374e-04	
  -1.4072555e-04	
  -1.1932291e-04	
  -9.3688764e-05	
  -1.2254080e-04	
  -1.5721511e-04	
  -1.5582994e-04	
  -1.0086135e-04	
  -1.1346012e-04	
  -1.4162103e-04	
  -1.1808421e-04	
  -1.4939893e-04	
  -1.2503091e-04	
  -1.2901566e-04	
  -1.4839823e-04	
  -9.0807114e-05	
  -1.0973206e-04	
  -1.1464820e-04	
  -1.1452907e-04	
  -1.5589728e-04	
  -1.3919166e-04	
  -1.2596940e-04	
  -1.2915172e-04	
  -1.0858478e-04	
  -1.2860560e-04	
  -1.3303377e-04	
  -1.1575139e-04	
  -9.7703195e-05	
  -7.7193857e-05	
  -7.5009473e-05	
  -9.8489703e-05	
  -1.5069255e-04	
  -8.8696925e-05	
  -9.1855082e-05	
  -1.4159457e-04	
  -1.0913884e-04	
  -1.1929879e-04	
  -1.3789168e-04	
  -1.5745082e-04	
  -1.1914593e-04	
  -1.0233493e-04	
  -1.4325048e-04	
  -1.0552205e-04	
  -1.0078640e-04	
  -1.4634866e-04	
  -1.2149157e-04	
  -1.0768035e-04	
  -9.8597798e-05	
  -8.6415230e-05	
  -1.1444635e-04	
  -1.1523813e-04	
  -1.1854196e-04	
  -8.3712442e-05	
  -4.1841967e-05	
  -9.5438345e-05	
  -1.3433416e-04	
  -1.4661689e-04	
  -1.1976469e-04	
  -7.8231584e-05	
  -1.2744996e-04	
  -1.3648185e-04	
  -9.3041951e-05	
  -1.0574259e-04	
  -1.4750443e-04	
  -1.2173585e-04	
  -8.7534759e-05	
  -8.6216262e-05	
  -6.9640639e-05	
  -9.8501449e-05	
  -1.2775643e-04	
  -1.1501951e-04	
  -1.1391758e-04	
  -1.0108991e-04	
  -7.9165814e-05	
  -7.4375534e-05	
  -1.0398703e-04	
  -1.5026314e-04	
  -1.2394085e-04	
  -5.5997286e-05	
  -5.4656259e-05	
  -8.0414297e-05	
  -1.0953761e-04	
  -1.0892553e-04	
  -7.4577136e-05	
  -8.6988350e-05	
  -1.0297714e-04	
  -6.4765296e-05	
  -9.4136902e-05	
  -1.4394691e-04	
  -9.3459324e-05	
  -6.2314479e-05	
  -7.4913960e-05	
  -8.7218333e-05	
  -9.9386982e-05	
  -1.0760887e-04	
  -1.0255964e-04	
  -8.5429210e-05	
  -7.5835107e-05	
  -7.6044608e-05	
  -8.7518917e-05	
  -7.4874083e-05	
  -8.2742682e-05	
  -8.5948533e-05	
  -6.5229067e-05	
  -7.6149568e-05	
  -7.2668213e-05	
  -7.0964320e-05	
  -7.5724462e-05	
  -1.0855456e-04	
  -1.1681114e-04	
  -1.0387919e-04	
  -8.1030429e-05	
  -4.8055245e-05	
  -5.8322202e-05	
  -5.9682291e-05	
  -9.6357611e-05	
  -7.4422685e-05	
  -4.1283189e-05	
  -9.3845974e-05	
  -9.1251365e-05	
  -1.0642539e-04	
  -1.1025456e-04	
  -8.9694106e-05	
  -4.8069958e-05	
  -1.2520722e-07	
  -1.0246781e-04	
  -1.1273911e-04	
  -8.6355623e-05	
  -8.8431202e-05	
  -5.2471540e-05	
  -4.8302199e-05	
  -4.3875370e-06	
  -5.2346976e-05	
  -6.9978718e-05	
  -4.0012519e-05	
  -1.6382745e-05	
   1.9850252e-05	
   1.0831939e-05	
   5.5038478e-05	
   8.3975239e-05	
   1.4252554e-04	
   1.3449718e-04	
   1.6253182e-04	
   3.6477539e-04	
   4.9594530e-04	
   5.8004690e-04	
   6.3216606e-04	
   7.4010829e-04	
   9.8627518e-04	
   1.2699216e-03	
   1.5804843e-03	
   1.7176393e-03	
   1.5698964e-03	
   1.2786524e-03	
   1.1029327e-03	
   1.0850348e-03	
   4.5673021e-04	
  -7.7294386e-04	
  -1.8173683e-03	
  -2.9047798e-03	
  -3.0293689e-03	
  -1.1250541e-03	
   4.8516926e-04	
   6.3667837e-04	
   1.3854510e-03	
   2.8977503e-03	
   3.8844757e-03	
   4.0774596e-03	
   2.5566326e-03	
   1.2896278e-06	
  -2.1597726e-03	
  -3.0772821e-03	
  -5.6664582e-04	
   2.2318136e-03	
   1.0965319e-03	
   3.7601683e-04	
   2.9020490e-03	
   4.0744278e-03	
   2.2474079e-03	
   1.4275636e-03	
   1.3351254e-03	
  -2.4595617e-03	
  -6.7735730e-03	
  -4.8267212e-03	
  -1.2791414e-03	
  -3.3790439e-03	
  -4.6138965e-03	
   1.6811993e-03	
   8.1513177e-03	
   6.8909892e-03	
   2.2851872e-03	
   8.9678514e-04	
   1.8297035e-03	
   5.0546316e-03	
   8.8015041e-03	
   6.8092827e-03	
   7.4830485e-04	
  -2.3361222e-03	
   1.4266357e-03	
   7.7444365e-03	
   7.5493141e-03	
   2.6918226e-03	
   3.4740076e-04	
  -5.6048073e-04	
  -4.1086324e-03	
  -8.4798030e-03	
  -9.9027669e-03	
  -9.0206197e-03	
  -6.1137349e-03	
  -3.0594787e-03	
  -2.1941200e-04	
   1.8939158e-03	
  -2.9296278e-03	
  -7.4934902e-03	
  -2.2695477e-03	
   3.4370648e-03	
   3.2659180e-03	
  -3.4909671e-04	
  -5.3761781e-03	
  -4.8340906e-03	
   4.4543961e-03	
   1.7024099e-02	
   2.2314621e-02	
   1.6499768e-02	
   1.5603773e-02	
   2.1142708e-02	
   1.7639399e-02	
   9.4108269e-03	
   1.8072623e-03	
  -8.2521017e-03	
  -1.6978182e-02	
  -1.8147131e-02	
  -1.2655577e-02	
  -9.7024572e-03	
  -6.1287954e-03	
   1.1067975e-03	
   4.2933282e-03	
   6.5254022e-03	
   5.7294466e-03	
   1.0189431e-03	
  -4.6489584e-03	
  -1.4199004e-02	
  -1.8397091e-02	
  -1.1748613e-02	
   1.5781490e-04	
   7.5239415e-03	
   1.3656081e-02	
   2.5562740e-02	
   2.8264019e-02	
   2.3739027e-02	
   1.8282187e-02	
   1.1486038e-02	
   1.1916194e-02	
   1.1428952e-02	
   1.2416113e-02	
   1.5496999e-02	
   9.9192988e-03	
   6.5174184e-03	
   3.5837188e-03	
  -2.0780331e-03	
  -1.9870061e-04	
  -1.1311222e-03	
  -1.4212222e-02	
  -2.4794477e-02	
  -2.2706186e-02	
  -1.4196952e-02	
  -5.2481948e-03	
  -3.9490441e-04	
   1.1500672e-03	
  -9.6393015e-04	
  -3.9132178e-03	
   1.0329963e-02	
   2.5402115e-02	
   1.4328342e-02	
  -5.2858859e-03	
  -1.5644833e-02	
  -1.1195281e-02	
   2.7500834e-04	
   1.4179935e-03	
   2.4444226e-03	
   1.2115943e-02	
   2.4696426e-02	
   3.6914307e-02	
   3.3841802e-02	
   1.7169016e-02	
  -2.9519653e-03	
  -2.4561149e-02	
  -2.8057619e-02	
  -2.2198249e-02	
  -2.2000218e-02	
  -1.0454953e-02	
   8.9020415e-03	
   2.2947661e-02	
   2.3747299e-02	
   2.0176409e-02	
   2.2783612e-02	
   1.3396975e-02	
   5.7217637e-03	
   1.1976131e-02	
   5.8721936e-03	
  -1.1094205e-02	
  -2.3465475e-02	
  -2.2642111e-02	
  -1.1756931e-02	
  -3.2702640e-03	
   2.3107604e-03	
  -5.5924680e-03	
  -2.2754691e-02	
  -2.1001896e-02	
  -5.5998582e-03	
  -1.3401381e-03	
  -1.1505266e-02	
  -2.4215488e-02	
  -2.3834945e-02	
   1.4819141e-03	
   3.3411894e-02	
   4.1843096e-02	
   3.1988800e-02	
   2.3886100e-02	
   2.3865919e-02	
   2.2662012e-02	
   9.5210410e-03	
  -1.2894184e-02	
  -2.9084411e-02	
  -1.8607847e-02	
   1.3165963e-02	
   4.0274116e-02	
   5.3426795e-02	
   5.3099878e-02	
   4.2784975e-02	
   3.1648285e-02	
   8.5191326e-03	
  -3.0061624e-02	
  -5.7416396e-02	
  -6.3612034e-02	
  -6.0579946e-02	
  -5.3049007e-02	
  -3.1107046e-02	
   2.6034394e-04	
   2.3536869e-02	
   3.9661951e-02	
   4.7297202e-02	
   2.9793811e-02	
  -6.6296723e-04	
  -2.5772580e-03	
   1.6506799e-02	
   1.9286758e-02	
   1.4083716e-02	
   2.4776060e-02	
   3.5307348e-02	
   2.6515980e-02	
   2.1679043e-02	
   2.3379242e-02	
   9.6843912e-03	
  -2.3618981e-03	
   3.1780360e-03	
   3.3287723e-03	
  -1.1677520e-02	
  -2.0629550e-02	
  -2.6827963e-02	
  -4.2404261e-02	
  -4.8670833e-02	
  -4.7099613e-02	
  -5.4957762e-02	
  -5.1226820e-02	
  -2.9199557e-02	
  -1.6809377e-02	
  -1.5957221e-02	
  -7.8218668e-03	
   1.0153692e-02	
   8.9623547e-03	
  -1.0975510e-02	
  -4.8974385e-03	
   2.3208451e-02	
   4.5418417e-02	
   5.9052114e-02	
   6.0506420e-02	
   4.3296147e-02	
   1.3512418e-02	
  -5.7056791e-03	
  -2.2940262e-02	
  -5.2419332e-02	
  -6.8797575e-02	
  -8.4363686e-02	
  -8.9705601e-02	
  -4.7160516e-02	
   3.8623601e-03	
   3.8380492e-02	
   4.6776039e-02	
   2.0788808e-02	
  -1.2733266e-03	
  -1.2883926e-02	
  -2.5675800e-02	
  -3.0508261e-02	
  -2.8718594e-02	
  -3.6212535e-02	
  -3.3133100e-02	
   9.1656616e-03	
   6.1607641e-02	
   9.6188195e-02	
   1.0054927e-01	
   8.1848496e-02	
   5.8022831e-02	
   1.6320116e-02	
  -2.4215605e-02	
  -3.5089428e-02	
  -3.7251265e-02	
  -4.5714194e-02	
  -4.3056466e-02	
  -2.5770360e-02	
  -1.7919083e-02	
  -2.3722499e-02	
  -2.0099242e-02	
   1.5238980e-03	
   1.5915438e-02	
   1.4811634e-02	
   1.0080847e-02	
  -6.9912506e-03	
  -2.2024750e-02	
  -2.0564597e-02	
  -3.1146087e-03	
   3.1533573e-02	
   5.1816659e-02	
   5.1750699e-02	
   5.2838210e-02	
   4.8455605e-02	
   3.4704379e-02	
   2.3185290e-02	
   8.1732000e-03	
  -1.3687673e-02	
  -2.5162814e-02	
  -3.7850719e-02	
  -5.6487935e-02	
  -5.6531992e-02	
  -3.2456216e-02	
  -8.3672857e-03	
  -1.3455023e-02	
  -3.7460136e-02	
  -5.8233168e-02	
  -6.5060195e-02	
  -5.8733013e-02	
  -5.6322658e-02	
  -5.5447198e-02	
  -5.0080831e-02	
  -4.9746431e-02	
  -4.3768738e-02	
  -2.1215072e-02	
  -4.7718420e-03	
   7.3599266e-04	
   9.6505750e-03	
   2.0322153e-02	
   3.2293464e-02	
   3.8995893e-02	
   4.9439870e-02	
   7.0454694e-02	
   7.1234891e-02	
   5.3697618e-02	
   4.6963136e-02	
   5.0554132e-02	
   4.6951516e-02	
   3.2040114e-02	
   2.3185565e-02	
   2.0512518e-02	
   1.4562351e-02	
   7.7173584e-03	
  -4.8193352e-03	
  -2.4848106e-02	
  -4.1924271e-02	
  -4.0767247e-02	
  -1.5751820e-02	
   2.0478685e-02	
   2.9600252e-02	
   2.7127723e-03	
  -1.4565778e-02	
  -2.4253698e-02	
  -3.9191634e-02	
  -4.3022775e-02	
  -5.3046624e-02	
  -5.6557239e-02	
  -4.3225255e-02	
  -2.8117510e-02	
   2.1150900e-02	
   7.1541536e-02	
   7.4153869e-02	
   6.2758813e-02	
   3.9045012e-02	
   4.6740802e-03	
  -1.2148589e-02	
  -6.5166325e-03	
   7.2294939e-03	
   2.9783173e-03	
  -1.2174915e-02	
  -2.0677570e-02	
  -3.5851793e-02	
  -5.6723687e-02	
  -7.2681631e-02	
  -8.8622813e-02	
  -1.0071860e-01	
  -1.0608873e-01	
  -7.8209723e-02	
  -9.0945807e-03	
   3.8662237e-02	
   5.7759073e-02	
   7.8902182e-02	
   9.7029964e-02	
   1.0933338e-01	
   1.0895580e-01	
   9.8760233e-02	
   8.0006830e-02	
   4.7395014e-02	
   1.5004766e-02	
   3.3357729e-03	
   1.2285221e-02	
   5.1432016e-03	
  -1.9368799e-02	
  -2.8249974e-02	
  -2.7021179e-02	
  -1.5708766e-02	
  -1.0151021e-03	
   1.4454962e-02	
   4.1160464e-02	
   3.8174239e-02	
   1.2652011e-02	
   2.6775337e-03	
  -5.9067120e-03	
  -1.8635719e-02	
  -3.8553691e-02	
  -4.9814021e-02	
  -3.8115000e-02	
  -1.4108896e-02	
   1.6202704e-02	
   2.4741178e-02	
   1.2203715e-02	
  -8.1042885e-03	
  -2.9593581e-02	
  -1.8971018e-02	
   8.3486889e-03	
   3.4016769e-02	
   4.9495505e-02	
   4.8764841e-02	
   5.8951376e-02	
   4.9184012e-02	
   1.6565348e-02	
  -1.6818305e-02	
  -6.2604236e-02	
  -7.6340469e-02	
  -6.0203829e-02	
  -4.6960879e-02	
  -1.8834792e-02	
   2.5246836e-02	
   6.4103978e-02	
   6.4162958e-02	
   3.5691912e-02	
   7.2675486e-03	
  -3.6090525e-02	
  -7.5789503e-02	
  -9.3356622e-02	
  -1.0905641e-01	
  -1.1738999e-01	
  -1.1318943e-01	
  -8.0404139e-02	
  -4.6358917e-03	
   5.8120267e-02	
   7.6216615e-02	
   7.1134362e-02	
   5.0617835e-02	
   3.9337366e-02	
   2.6715964e-02	
  -4.0618632e-03	
  -7.1963591e-03	
   5.2668711e-03	
   1.6473489e-02	
   4.8528797e-02	
   8.3777107e-02	
   1.1379858e-01	
   1.2251308e-01	
   1.0178262e-01	
   8.0809474e-02	
   4.8480518e-02	
  -2.0497061e-02	
  -9.7768361e-02	
  -1.4641792e-01	
  -1.6310013e-01	
  -1.4183810e-01	
  -8.4342911e-02	
  -2.3900283e-02	
   1.8419404e-02	
   3.7012855e-02	
   2.1835676e-02	
  -1.3031137e-02	
  -3.7806875e-02	
  -4.3293807e-02	
  -4.0950147e-02	
  -3.9123968e-02	
  -2.2204110e-02	
   9.3963390e-03	
   4.1832437e-02	
   8.4756397e-02	
   1.1986125e-01	
   1.2311789e-01	
   1.0799582e-01	
   8.1824336e-02	
   3.9363909e-02	
  -9.0624406e-03	
  -3.6373992e-02	
  -3.9919736e-02	
  -2.2443925e-02	
   2.2643666e-02	
   7.1305659e-02	
   1.0146277e-01	
   9.8172358e-02	
   6.4638768e-02	
   4.0445421e-02	
   2.5605539e-02	
  -1.4291035e-02	
  -7.9436009e-02	
  -1.2513014e-01	
  -1.2608774e-01	
  -1.3437584e-01	
  -1.4997664e-01	
  -1.1764330e-01	
  -8.6238040e-02	
  -8.8997216e-02	
  -9.2804193e-02	
  -9.8117265e-02	
  -9.2397855e-02	
  -7.4018395e-02	
  -5.2995461e-02	
  -2.6012483e-02	
  -2.1083824e-02	
  -3.4123618e-02	
  -2.1091812e-02	
   2.6383729e-02	
   8.8816347e-02	
   1.4755191e-01	
   2.0191352e-01	
   2.3343294e-01	
   2.2397126e-01	
   2.0087387e-01	
   1.6078838e-01	
   1.1455277e-01	
   9.2113866e-02	
   6.5858115e-02	
   3.9788057e-02	
   2.7296295e-02	
   1.8186670e-02	
   1.1805942e-02	
  -1.0293024e-02	
  -5.0453311e-02	
  -1.0585340e-01	
  -1.6992034e-01	
  -2.2547321e-01	
  -2.6388741e-01	
  -2.6451972e-01	
  -2.2237554e-01	
  -1.5681554e-01	
  -1.0047867e-01	
  -5.6060195e-02	
  -3.7341365e-02	
  -3.3994360e-02	
  -1.2148877e-02	
  -1.5823148e-02	
   1.7750190e-02	
   9.5234319e-02	
   1.4224686e-01	
   2.0304530e-01	
   2.4836172e-01	
   2.6366061e-01	
   2.6529979e-01	
   2.4450693e-01	
   2.1408777e-01	
   1.5479974e-01	
   8.5636120e-02	
   2.9717693e-02	
  -2.6304414e-02	
  -7.5037145e-02	
  -1.1423560e-01	
  -1.4799917e-01	
  -1.7421508e-01	
  -1.7877108e-01	
  -1.5982080e-01	
  -1.5687770e-01	
  -1.6390236e-01	
  -1.6965797e-01	
  -1.7593687e-01	
  -1.6683091e-01	
  -1.6173281e-01	
  -1.4043784e-01	
  -9.8013434e-02	
  -6.3887956e-02	
  -2.0065639e-02	
   5.0957001e-02	
   1.2682567e-01	
   1.6136777e-01	
   1.6550605e-01	
   1.6051493e-01	
   1.4643543e-01	
   1.4142729e-01	
   1.4593642e-01	
   1.5996455e-01	
   1.6910545e-01	
   1.6232357e-01	
   1.4932908e-01	
   1.2676682e-01	
   1.0434973e-01	
   7.8708188e-02	
   3.3887774e-02	
  -1.0121485e-02	
  -4.5573955e-02	
  -9.0581269e-02	
  -1.3227852e-01	
  -1.5684798e-01	
  -1.6763706e-01	
  -1.6089251e-01	
  -1.4477819e-01	
  -1.1544667e-01	
  -6.5414534e-02	
  -2.3829440e-02	
  -7.9535368e-03	
   5.7516884e-04	
   1.2453742e-02	
   3.3452682e-02	
   5.8248551e-02	
   6.4085168e-02	
   6.3916464e-02	
   7.2398394e-02	
   7.0769950e-02	
   5.7142606e-02	
   4.5780572e-02	
   3.6223985e-02	
   1.7973243e-02	
  -9.9869020e-03	
  -3.4952098e-02	
  -4.7348825e-02	
  -4.9176571e-02	
  -3.8142893e-02	
  -2.5444425e-02	
  -2.7610171e-02	
  -2.5010052e-02	
  -5.7735581e-03	
   6.1108799e-03	
  -4.9515486e-03	
  -2.3604134e-02	
  -2.9586094e-02	
  -3.2481785e-02	
  -5.0122756e-02	
  -6.9289436e-02	
  -6.7247756e-02	
  -5.0795402e-02	
  -3.0496875e-02	
   2.1184633e-03	
   3.4619926e-02	
   5.0002205e-02	
   5.9083548e-02	
   6.5497967e-02	
   6.2825985e-02	
   4.8773369e-02	
   2.5271908e-02	
   1.1545219e-03	
  -1.8907131e-02	
  -3.1276587e-02	
  -3.4488277e-02	
  -3.1139562e-02	
  -1.5229604e-02	
   4.6234228e-03	
   6.1194113e-03	
  -5.9702438e-03	
  -9.4029267e-03	
   2.4715383e-03	
   2.5373143e-02	
   4.5586453e-02	
   4.6412003e-02	
   4.1586252e-02	
   4.1588605e-02	
   3.8700981e-02	
   3.6174347e-02	
   3.6501382e-02	
   4.0995329e-02	
   3.3484199e-02	
   6.7558330e-03	
  -2.0493215e-02	
  -4.6379483e-02	
  -7.6563890e-02	
  -1.0382639e-01	
  -1.1512861e-01	
  -1.2116010e-01	
  -1.2425924e-01	
  -1.1553503e-01	
  -1.0517461e-01	
  -9.0339916e-02	
  -7.6740620e-02	
  -7.2047818e-02	
  -7.0997425e-02	
  -6.1690028e-02	
  -3.5643654e-02	
   1.3530434e-03	
   5.1763866e-02	
   1.0240883e-01	
   1.3352797e-01	
   1.3288095e-01	
   1.0897766e-01	
   8.9925051e-02	
   8.4815251e-02	
   9.2949699e-02	
   8.7927136e-02	
   7.1652139e-02	
   7.2002548e-02	
   5.3515913e-02	
   1.3654246e-02	
  -8.1466737e-03	
  -2.1609568e-02	
  -2.4345102e-02	
  -2.1521077e-02	
  -2.5766310e-02	
  -2.8395217e-02	
  -5.1932863e-02	
  -8.2291994e-02	
  -1.2121561e-01	
  -1.5877053e-01	
  -1.5307244e-01	
  -1.4707598e-01	
  -1.1766148e-01	
  -4.7875839e-02	
   1.0718109e-02	
   6.3083849e-02	
   9.5496573e-02	
   9.5732659e-02	
   8.0538735e-02	
   6.4819176e-02	
   5.7961468e-02	
   6.4531216e-02	
   8.1198214e-02	
   7.6560922e-02	
   4.3496160e-02	
   1.7148931e-03	
  -4.6911429e-02	
  -9.9857107e-02	
  -1.4624629e-01	
  -1.6996494e-01	
  -1.6365231e-01	
  -1.2508533e-01	
  -5.2708170e-02	
   5.0829929e-02	
   1.4834996e-01	
   1.9278770e-01	
   2.1127513e-01	
   1.8879664e-01	
   1.2198624e-01	
   8.8209286e-02	
   7.6047827e-02	
   6.7651837e-02	
   8.6816928e-02	
   1.3121049e-01	
   1.8131281e-01	
   2.0990263e-01	
   2.0759447e-01	
   1.7525419e-01	
   1.1197852e-01	
   1.1364584e-02	
  -1.1742105e-01	
  -2.3319898e-01	
  -3.0173744e-01	
  -3.2189110e-01	
  -3.1789477e-01	
  -3.0478750e-01	
  -2.8503988e-01	
  -2.7507334e-01	
  -2.5649588e-01	
  -2.6401854e-01	
  -2.7581333e-01	
  -2.6646380e-01	
  -2.9042958e-01	
  -1.9745735e-01	
  -1.1621357e-01	
  -9.4688286e-02	
   8.2637722e-02	
   1.6727102e-01	
   1.6321755e-01	
   2.2457953e-01	
   2.6505790e-01	
   2.9123531e-01	
   2.9016720e-01	
   2.9161929e-01	
   2.6286315e-01	
   1.9287172e-01	
   1.3596378e-01	
   4.9418719e-02	
  -5.1086079e-02	
  -1.1050098e-01	
  -1.0721771e-01	
  -6.6920170e-02	
  -3.7630053e-02	
  -2.9644146e-02	
  -5.0854340e-02	
  -1.0630304e-01	
  -1.7408705e-01	
  -2.1239934e-01	
  -2.1440144e-01	
  -1.5021035e-01	
  -3.6598596e-02	
   4.4783057e-02	
   1.2851999e-01	
   1.7212078e-01	
   1.4859340e-01	
   1.1740751e-01	
   1.9054835e-02	
  -1.0152401e-01	
  -1.3603655e-01	
  -8.6558228e-02	
  -1.4166927e-02	
   2.5329788e-02	
   5.4294814e-02	
   6.8071007e-02	
   8.1050534e-02	
   1.2170396e-01	
   1.0852835e-01	
   1.1109805e-01	
   1.6877945e-01	
   1.4585103e-01	
   8.7101461e-02	
   3.9893903e-02	
  -3.7653733e-03	
  -2.3399209e-02	
  -4.7024289e-02	
  -7.7487544e-02	
  -1.0658904e-01	
  -1.2423090e-01	
  -1.1835056e-01	
  -6.8500252e-02	
   1.5598213e-02	
   1.2185636e-01	
   2.0265606e-01	
   2.0601966e-01	
   1.5230804e-01	
  -1.6116747e-02	
  -1.6057391e-01	
  -1.7004633e-01	
  -1.9115658e-01	
  -1.6976117e-01	
  -1.4838273e-01	
  -1.7039523e-01	
  -1.0448027e-01	
  -2.5211315e-02	
   3.4841880e-02	
   8.7290480e-02	
   8.3730123e-02	
   5.8088791e-02	
   5.5458234e-03	
  -5.4599871e-02	
  -7.7179478e-02	
  -8.0182975e-02	
  -2.9718103e-02	
   4.3465730e-02	
   6.0407563e-02	
   8.9713125e-02	
   9.8124037e-02	
   3.0824724e-02	
   2.3985488e-02	
   7.2969884e-02	
   1.5828711e-01	
   3.0700984e-01	
   4.0681846e-01	
   4.2514905e-01	
   3.5721887e-01	
   1.6913204e-01	
  -6.7250682e-02	
  -2.4151538e-01	
  -3.3423690e-01	
  -3.5824765e-01	
  -3.5206802e-01	
  -2.8761970e-01	
  -1.6836584e-01	
  -1.0518665e-01	
  -5.9887278e-02	
  -8.6522990e-02	
  -9.0070097e-02	
  -1.2964780e-01	
  -1.5699612e-01	
   6.2387754e-02	
  -1.4396351e-02	
  -1.4668983e-01	
   3.1257785e-02	
   1.1039338e-01	
   1.5705288e-01	
   1.8567564e-01	
   1.2660973e-01	
   6.3857567e-02	
   9.5769318e-02	
   5.6981760e-02	
  -3.0613768e-02	
   6.9863141e-02	
   1.6825332e-01	
   1.8932620e-01	
   1.3931117e-01	
   3.1526400e-02	
  -7.9342377e-02	
  -1.9156242e-01	
  -2.3154458e-01	
  -1.8982258e-01	
  -6.4330534e-02	
   8.2375469e-02	
   2.5072789e-01	
   3.3020152e-01	
   1.5370132e-01	
   3.2793500e-02	
   5.3754257e-02	
   5.2981458e-02	
   9.3377605e-02	
   1.0650912e-01	
   7.3404562e-02	
   4.0593255e-02	
  -2.6672241e-02	
  -8.1423976e-02	
  -1.0628992e-01	
  -1.3600796e-01	
  -1.5582325e-01	
  -1.3286673e-01	
  -7.8816993e-02	
  -1.2135526e-02	
   2.7362184e-02	
   4.2718221e-02	
   7.4635656e-02	
   3.0802905e-02	
   7.7898313e-02	
   2.0248597e-01	
   1.0959475e-01	
   1.1718969e-02	
  -2.5222601e-02	
  -9.3241254e-02	
  -1.3609833e-01	
  -1.1210133e-01	
  -2.4860746e-03	
   7.7494483e-02	
   9.9675528e-02	
   4.3795825e-02	
   4.4103473e-02	
   1.1710688e-01	
   1.1770006e-01	
   1.3334702e-01	
   7.5826914e-02	
  -6.6430316e-02	
  -2.1572420e-01	
  -3.9376913e-01	
  -4.7059819e-01	
  -4.1234989e-01	
  -2.6852759e-01	
  -6.1171040e-02	
   1.2577808e-01	
   2.0290874e-01	
   2.1907589e-01	
   1.9449118e-01	
   8.6570851e-02	
   6.0136531e-02	
   1.5259353e-01	
   2.2680630e-01	
   2.3920564e-01	
   1.5286064e-01	
   1.7164514e-02	
  -3.8826457e-02	
  -3.0363411e-02	
  -6.9958277e-02	
  -1.4177979e-01	
  -2.0293265e-01	
  -2.6595526e-01	
  -2.9317763e-01	
  -2.9823690e-01	
  -2.7251552e-01	
  -1.9526251e-01	
  -1.2044887e-01	
   3.4019603e-02	
   2.4698224e-01	
   2.9558373e-01	
   1.5268503e-01	
   8.8374563e-02	
   1.4426284e-01	
   1.8851662e-01	
   2.5799002e-01	
   1.6723173e-01	
   1.7771680e-02	
   2.9717823e-02	
   5.0947219e-02	
   9.1825404e-02	
   1.4314949e-01	
   1.7571708e-01	
   2.1068182e-01	
   2.0937946e-01	
   1.7959796e-01	
   1.1911800e-01	
   2.5119388e-02	
  -4.6416810e-02	
  -9.0979288e-02	
  -8.6289328e-02	
  -1.3110123e-02	
  -5.4606726e-02	
  -8.6149967e-02	
  -1.8124396e-02	
  -4.0882256e-02	
  -3.8134132e-02	
  -6.6284601e-02	
  -1.7290566e-01	
  -2.0149000e-01	
  -1.7008499e-01	
  -9.6419475e-02	
  -4.7030267e-02	
  -3.9681325e-02	
  -4.7512012e-02	
  -8.6607426e-02	
  -1.4624767e-01	
  -2.1403335e-01	
  -1.8080456e-01	
  -1.0505937e-01	
  -4.6859472e-02	
   6.2737704e-02	
   1.3147112e-01	
   1.4982612e-01	
   1.9686136e-02	
  -1.3077209e-01	
  -5.0079660e-02	
   1.2382761e-02	
  -3.7019677e-03	
  -1.3579006e-02	
  -5.0453352e-02	
  -5.3376134e-02	
   7.0913198e-03	
   8.7117261e-02	
   1.0373251e-01	
   7.3623928e-02	
   1.7315821e-02	
  -7.0499086e-02	
  -1.4085317e-01	
  -1.4619182e-01	
  -5.9584312e-02	
  -2.5253612e-03	
  -4.2480671e-02	
  -7.4863675e-02	
  -7.6984607e-02	
  -4.2800441e-02	
   2.5326118e-02	
   9.3179599e-02	
   1.7383751e-01	
   2.4427276e-01	
   2.8200980e-01	
   2.9504948e-01	
   2.7886870e-01	
   2.5417690e-01	
   2.0568785e-01	
   1.8655871e-01	
   2.3964358e-01	
   2.5197358e-01	
   2.4257970e-01	
   2.4672546e-01	
   2.2379026e-01	
   1.7724776e-01	
   1.2546709e-01	
   7.5913607e-02	
  -4.1045723e-03	
  -7.9304256e-02	
  -1.5353813e-01	
  -2.4562629e-01	
  -3.2747178e-01	
  -4.2139040e-01	
  -4.9989707e-01	
  -5.6417167e-01	
  -6.2400085e-01	
  -6.7065508e-01	
  -6.6009599e-01	
  -5.9215385e-01	
  -5.1368522e-01	
  -4.0445659e-01	
  -3.2919774e-01	
  -1.3403362e-01	
  -2.5974533e-02	
   8.1190732e-02	
   4.7911954e-01	
   5.3220972e-01	
   6.1286533e-01	
   8.1208120e-01	
   7.0252215e-01	
   6.3465692e-01	
   4.7314172e-01	
   2.7622949e-01	
   5.8817700e-02	
  -3.6399841e-02	
   2.6579642e-01	
   4.3367040e-01	
   2.1797613e-01	
   3.1727646e-02	
  -2.3554450e-02	
  -6.3524672e-02	
  -5.3288354e-02	
  -6.1613911e-02	
  -2.9920014e-02	
  -6.6524951e-02	
  -2.1099060e-01	
  -3.2489188e-01	
  -5.0177723e-01	
  -6.2674962e-01	
  -8.3068597e-01	
  -7.2215770e-01	
  -3.7959738e-01	
  -7.5685463e-01	
  -6.5554982e-01	
  -4.6230800e-02	
  -1.1369909e-01	
  -2.6186145e-02	
   2.7296081e-01	
   4.8966694e-01	
   6.0814068e-01	
   5.5899809e-01	
   5.5124920e-01	
   4.4056698e-01	
   3.3569948e-01	
   2.8816222e-01	
   2.4569935e-01	
   2.3170802e-01	
   1.3817617e-01	
   6.3807324e-02	
   6.2654647e-02	
   4.9460393e-02	
   9.0622985e-02	
   1.5841138e-01	
   1.7651977e-01	
   1.5305588e-01	
   6.5682221e-02	
   6.6380281e-02	
  -3.8639352e-03	
  -1.7232873e-01	
  -1.0542545e-01	
  -4.4973205e-02	
  -1.2763245e-01	
  -2.1172147e-01	
  -3.0225367e-01	
  -3.5518058e-01	
  -3.6999596e-01	
  -3.6892805e-01	
  -3.5513230e-01	
  -3.3170143e-01	
  -3.0505389e-01	
  -2.6638404e-01	
  -2.2469615e-01	
  -1.9129799e-01	
  -1.3393765e-01	
  -7.0652116e-02	
   2.4191967e-02	
   1.3148913e-01	
   2.9608344e-01	
   5.8852435e-01	
   5.6220875e-01	
   2.7461885e-01	
   2.9494812e-01	
   3.7419306e-01	
   3.2577102e-01	
   3.1339914e-01	
   2.8416405e-01	
   2.4706074e-01	
   2.1396408e-01	
   2.0966625e-01	
   2.6267187e-01	
   2.8889593e-01	
   2.6624907e-01	
   1.8665088e-01	
   4.5670596e-02	
  -1.2068768e-01	
  -3.3484885e-01	
  -4.7272540e-01	
  -4.8119491e-01	
  -4.7234251e-01	
  -4.3129156e-01	
  -3.6088941e-01	
  -2.4884334e-01	
  -1.7232000e-01	
  -1.3436209e-01	
  -1.1454145e-01	
  -1.3385865e-01	
  -1.0549233e-01	
  -1.7660379e-01	
  -7.3867790e-02	
   5.7532517e-02	
  -1.8524920e-01	
  -1.9650531e-01	
  -4.7268109e-03	
   1.2789533e-01	
   2.5644012e-01	
   2.7587678e-01	
   2.8976437e-01	
   2.7577349e-01	
   2.5183233e-01	
   2.1418257e-01	
   1.5806210e-01	
   1.4133282e-01	
   5.8644021e-02	
  -6.6822400e-02	
  -1.5512578e-01	
  -2.1922733e-01	
  -2.3629862e-01	
  -2.0977037e-01	
  -9.3169149e-02	
   4.2953471e-02	
   1.1082066e-01	
   1.8978659e-01	
   1.3501584e-01	
   1.1444744e-01	
   4.9504325e-02	
  -7.2645558e-03	
   2.4030519e-01	
  -9.6623333e-03	
  -3.0414315e-01	
  -1.0668267e-01	
  -8.4767223e-02	
  -1.6070411e-02	
   8.1196667e-02	
   8.2980273e-02	
   5.9612192e-02	
  -5.3571632e-02	
  -1.6474726e-01	
  -2.2463696e-01	
  -1.4950426e-01	
  -6.1502472e-02	
   2.9277418e-02	
   1.2480251e-01	
   1.5407752e-01	
   1.8086722e-01	
   1.1946774e-01	
   8.5329224e-02	
   5.2169660e-02	
   1.0412706e-01	
   2.8429346e-01	
   8.2780762e-02	
  -5.8924331e-02	
   6.3075239e-02	
   4.3608310e-02	
   1.0081642e-01	
   7.7986720e-02	
   2.0255891e-02	
   7.0067710e-02	
   6.1871733e-02	
   1.1749666e-01	
   1.1965860e-01	
   3.4329282e-02	
  -2.3567571e-02	
  -6.4693526e-02	
  -4.7717668e-02	
  -2.1317883e-01	
  -3.7681843e-01	
  -3.2625201e-01	
  -3.9665287e-01	
  -4.3641457e-01	
  -4.5540097e-01	
  -5.3193259e-01	
  -4.4410661e-01	
  -3.2099867e-01	
  -1.3124310e-01	
   9.1876442e-02	
   2.0733231e-01	
   3.6208088e-01	
   3.7433359e-01	
   3.2604982e-01	
   3.0090265e-01	
   1.9202280e-01	
   4.3423470e-01	
   3.6122431e-01	
  -8.3953921e-02	
   4.9833458e-02	
   1.5940618e-01	
   1.3730945e-01	
   2.0670995e-01	
   1.2333738e-01	
   1.0153834e-01	
   8.6834609e-02	
   6.0157766e-02	
   7.5633923e-02	
  -2.7360692e-03	
  -9.6417134e-02	
  -1.2018946e-01	
  -1.6408122e-01	
  -2.2831369e-01	
  -2.6516114e-01	
  -3.0730783e-01	
  -3.3413365e-01	
  -3.1371703e-01	
  -2.5593964e-01	
  -1.8486627e-01	
  -1.3013414e-01	
  -7.3895001e-02	
   9.7281725e-03	
   9.7705410e-02	
   1.8103488e-01	
   2.4955741e-01	
   2.7152582e-01	
   2.5233402e-01	
   2.4049584e-01	
   2.4149708e-01	
   1.8299158e-01	
   1.3325242e-01	
   1.6002741e-01	
   1.6509976e-01	
   1.7338368e-01	
   2.3405714e-01	
   2.7434732e-01	
   2.3875144e-01	
   1.6040286e-01	
   9.3703980e-02	
   2.2156144e-02	
  -8.1368800e-02	
  -1.9358161e-01	
  -3.0128629e-01	
  -4.1348125e-01	
  -4.4401256e-01	
  -3.6250954e-01	
  -2.3402202e-01	
  -7.3368238e-02	
   3.2924338e-02	
   6.3204233e-02	
   4.2645990e-02	
  -4.2372326e-02	
  -1.1902149e-01	
  -2.0539546e-01	
  -2.5423408e-01	
  -2.4386158e-01	
  -1.8591185e-01	
  -1.3435114e-02	
   7.7312737e-02	
   1.4274140e-01	
   2.7685256e-01	
   3.2281551e-01	
   3.3927701e-01	
   3.1509128e-01	
   2.4105588e-01	
   1.7018778e-01	
   1.2456158e-01	
   8.6258062e-02	
   4.8632126e-02	
   7.2823208e-02	
   8.6064653e-02	
   8.6542762e-02	
   1.2171454e-01	
   1.4932126e-01	
   1.6183505e-01	
   1.4392810e-01	
   1.0204968e-01	
   5.9171704e-02	
   3.8075515e-03	
  -5.9129235e-02	
  -1.0777837e-01	
  -1.2463293e-01	
  -1.1084553e-01	
  -8.9829287e-02	
  -6.3386565e-02	
  -3.2313640e-02	
  -6.9563351e-03	
   1.0717073e-02	
   1.4545631e-02	
   1.8665167e-02	
   1.9415920e-02	
  -1.5782447e-03	
  -2.9260326e-02	
  -5.3511817e-02	
  -7.3776875e-02	
  -8.9461321e-02	
  -1.0707392e-01	
  -1.2738345e-01	
  -1.4639886e-01	
  -1.6453103e-01	
  -1.7627056e-01	
  -1.8364383e-01	
  -1.9211004e-01	
  -1.9269344e-01	
  -1.8167024e-01	
  -1.6067126e-01	
  -1.3371820e-01	
  -1.0755587e-01	
  -9.9131166e-02	
  -9.1107907e-02	
  -6.3405208e-02	
  -4.1260128e-02	
  -3.7228551e-02	
  -6.6425132e-02	
  -9.3275697e-02	
  -1.1591579e-01	
  -1.3614243e-01	
  -1.2609885e-01	
  -1.2170304e-01	
  -2.4106628e-02	
   3.8065216e-02	
  -3.8943538e-02	
   1.2329491e-02	
   7.1495514e-02	
   4.7439781e-02	
   8.3703622e-02	
   1.1185580e-01	
   1.5042817e-01	
   1.8631995e-01	
   1.8552976e-01	
   1.9059320e-01	
   1.7005448e-01	
   1.4344477e-01	
   1.2457453e-01	
   1.0556427e-01	
   1.0724668e-01	
   1.3391917e-01	
   1.4399126e-01	
   1.1411831e-01	
   1.0586000e-01	
   7.8048500e-02	
   1.2995089e-03	
  -6.1382297e-02	
  -1.2266666e-01	
  -1.7671987e-01	
  -2.1955082e-01	
  -2.3304202e-01	
  -2.2848770e-01	
  -1.8764425e-01	
  -1.1807016e-01	
  -1.1976812e-01	
  -9.6339428e-02	
  -1.5333001e-01	
  -1.8149522e-01	
  -1.8210396e-01	
  -2.7264710e-01	
  -3.3232037e-02	
  -1.1490682e-01	
  -4.6679816e-01	
  -2.9755844e-01	
  -1.2713809e-01	
  -1.1545198e-03	
   1.2549706e-01	
   1.5204311e-01	
   1.9843208e-01	
   1.6587640e-01	
   1.1823122e-01	
   7.1738247e-02	
   1.7046851e-02	
  -1.1498030e-02	
  -6.9262057e-03	
   6.0618318e-04	
   6.2202747e-04	
   8.3475227e-03	
  -1.2909792e-03	
  -1.5089842e-02	
  -1.7760757e-02	
  -2.0671396e-02	
  -1.6073162e-02	
  -1.8219738e-02	
  -2.7123268e-02	
  -7.8413958e-03	
  -3.2242162e-02	
  -1.8626899e-02	
   7.6243618e-02	
   9.0966539e-02	
   8.2302068e-02	
   8.4311394e-02	
   7.8351717e-02	
   8.8826338e-02	
   1.0245957e-01	
   1.1254633e-01	
   6.5496504e-02	
   7.2099733e-03	
  -2.1539005e-02	
  -4.6508728e-02	
  -2.1866370e-02	
   4.7263135e-02	
   9.4337291e-02	
   1.1831005e-01	
   1.4642293e-01	
   1.6009341e-01	
   1.5040221e-01	
   1.2885347e-01	
   1.0086599e-01	
   7.2873577e-02	
   4.4495682e-02	
   1.2603302e-02	
  -2.0831076e-02	
  -3.9962464e-02	
  -3.2473346e-02	
   3.4845003e-03	
   5.0693452e-02	
   6.4850485e-02	
   6.0917732e-02	
   4.3807403e-02	
   3.9732016e-03	
  -3.3681215e-02	
  -9.2494998e-02	
  -9.2281860e-02	
  -7.4833871e-02	
  -1.2673906e-01	
  -9.4733346e-02	
  -2.6803510e-02	
   1.1906437e-05	
   2.6279263e-02	
   2.7280778e-02	
   3.7982632e-02	
   5.2152021e-02	
   5.5058375e-02	
   6.9911043e-02	
   8.5346111e-02	
   9.2798550e-02	
   8.9250649e-02	
   7.6475566e-02	
   6.5884533e-02	
   5.3815619e-02	
   3.5742394e-02	
   2.5203699e-02	
   2.1733479e-02	
   1.5810950e-02	
   1.0363900e-02	
  -9.0665579e-04	
  -1.9441920e-02	
  -4.2085369e-02	
  -5.9774042e-02	
  -3.4899727e-02	
  -6.5938580e-02	
  -1.6163036e-01	
  -1.2947027e-01	
  -6.1079748e-02	
  -6.4710204e-02	
  -5.3241872e-02	
  -7.1131478e-03	
   5.9172582e-02	
   9.1551781e-02	
   9.4048119e-02	
   9.5033930e-02	
   8.2921711e-02	
   6.0719809e-02	
   3.6996737e-02	
   3.3977740e-02	
   2.6320423e-02	
   3.7150084e-03	
  -7.1374503e-03	
  -8.2689763e-03	
  -2.5035533e-03	
   3.1701994e-03	
   6.4297053e-03	
   6.9312927e-03	
  -9.0292347e-03	
  -3.6073985e-02	
  -6.5169419e-02	
  -8.7463490e-02	
  -1.0253034e-01	
  -1.0408789e-01	
  -7.5165053e-02	
  -4.8320884e-02	
  -8.6458242e-03	
   7.0136011e-03	
  -4.9456506e-02	
  -6.3614668e-02	
  -4.3406834e-02	
  -2.2616458e-02	
   4.1082039e-02	
   1.0145759e-01	
   1.3788633e-01	
   1.4712843e-01	
   1.3516172e-01	
   1.1820760e-01	
   9.1875313e-02	
   7.7164221e-02	
   7.2534537e-02	
   5.3010426e-02	
   3.6830018e-02	
   3.8839586e-02	
   4.4606494e-02	
   5.6830193e-02	
   6.5540435e-02	
   6.7195715e-02	
   6.7328054e-02	
   5.1430887e-02	
   5.0715104e-02	
   6.7409439e-02	
   7.2687023e-02	
   1.0284305e-01	
   1.2323342e-01	
   9.4417088e-02	
   7.8162865e-02	
   5.3686123e-02	
   2.2811602e-02	
   3.1211483e-02	
   3.2557640e-02	
   3.9801454e-02	
   3.9860388e-02	
   1.3545265e-02	
   1.1027902e-02	
   6.6857344e-03	
   6.4423289e-03	
   1.9420828e-02	
   1.4224628e-02	
   7.9257732e-04	
  -1.9017846e-02	
  -4.7521584e-02	
  -8.3897073e-02	
  -1.2635714e-01	
  -1.6720234e-01	
  -2.0054348e-01	
  -2.1459974e-01	
  -2.1056900e-01	
  -2.0349264e-01	
  -1.8838014e-01	
  -1.6972175e-01	
  -1.5677642e-01	
  -1.4341856e-01	
  -1.2757193e-01	
  -1.0325403e-01	
  -8.0404599e-02	
  -4.1177138e-02	
   1.1420349e-02	
   8.5119012e-02	
   1.3039694e-01	
   4.4970028e-02	
   1.4930379e-02	
   7.8780585e-02	
   1.0257118e-01	
   1.5892088e-01	
   2.0687167e-01	
   1.9351623e-01	
   1.4043161e-01	
   9.8959535e-02	
   7.6066386e-02	
   2.1601249e-02	
  -4.7873958e-03	
  -1.3970174e-02	
  -4.3064868e-02	
  -7.3243757e-02	
  -1.1563983e-01	
  -1.6086755e-01	
  -1.9707505e-01	
  -2.2440159e-01	
  -2.3002507e-01	
  -2.1029659e-01	
  -1.5768139e-01	
  -8.1237422e-02	
  -2.7639556e-02	
   3.1984583e-03	
   1.8451185e-02	
   1.5560443e-02	
   4.1185469e-03	
  -1.6919624e-02	
  -2.2478075e-02	
  -2.9609649e-03	
   3.4967970e-02	
   8.9579783e-02	
   1.4530403e-01	
   1.7255726e-01	
   1.6924139e-01	
   1.6691279e-01	
   1.5850522e-01	
   1.4312491e-01	
   1.5083743e-01	
   1.7492673e-01	
   1.7581410e-01	
   1.4851494e-01	
   9.9904341e-02	
   1.8723687e-02	
  -5.9488548e-02	
  -1.0849470e-01	
  -1.3697923e-01	
  -1.3717280e-01	
  -1.1728319e-01	
  -9.3155689e-02	
  -8.0735404e-02	
  -9.0817439e-02	
  -1.0772433e-01	
  -1.2311759e-01	
  -1.3722125e-01	
  -1.4075268e-01	
  -1.2928765e-01	
  -1.0802148e-01	
  -9.0301836e-02	
  -8.3351290e-02	
  -7.9171541e-02	
  -7.9220196e-02	
  -9.0614960e-02	
  -1.0331112e-01	
  -1.1023015e-01	
  -1.0437422e-01	
  -8.8849160e-02	
  -6.5542149e-02	
  -3.1428383e-02	
  -1.4882330e-02	
  -2.0681027e-03	
   6.2392728e-03	
   2.6473825e-02	
   7.7062020e-02	
   5.6558201e-02	
   3.8531052e-02	
   1.0125147e-01	
   1.2965612e-01	
   1.3023593e-01	
   1.3239151e-01	
   1.2157735e-01	
   1.0932481e-01	
   9.1354485e-02	
   7.1169265e-02	
   4.8063312e-02	
   1.9468755e-02	
  -6.7230368e-03	
  -2.5291654e-02	
  -3.8308057e-02	
  -4.6297304e-02	
  -4.9869866e-02	
  -5.4258741e-02	
  -5.9751679e-02	
  -5.8419722e-02	
  -4.7206245e-02	
  -2.9291676e-02	
  -2.5281718e-02	
  -2.6974359e-02	
  -1.9134548e-02	
  -1.2794023e-02	
   2.7772267e-02	
   4.5260580e-02	
   3.6862814e-02	
   9.0061611e-02	
   1.0679465e-01	
   8.1382677e-02	
   6.9291233e-02	
   3.8044525e-02	
   2.4991234e-02	
   3.6096653e-02	
   5.9078657e-02	
   8.4437630e-02	
   9.1406819e-02	
   9.7348563e-02	
   8.9403679e-02	
   5.9825665e-02	
   3.2082507e-02	
  -2.2086886e-03	
  -3.5440803e-02	
  -4.9335871e-02	
  -5.0562409e-02	
  -4.8781603e-02	
  -5.4147386e-02	
  -5.8135900e-02	
  -6.3064789e-02	
  -8.3712442e-02	
  -1.0426605e-01	
  -1.1413891e-01	
  -1.1817458e-01	
  -1.1061814e-01	
  -9.3205389e-02	
  -7.4708471e-02	
  -5.5140637e-02	
  -2.3411628e-02	
   2.9465932e-03	
  -1.1648122e-02	
  -1.6650804e-02	
   1.3328519e-02	
   2.4105228e-02	
   2.0400900e-02	
   1.8206391e-02	
   2.0622185e-02	
   2.2596708e-02	
   1.7371282e-02	
   2.5220782e-02	
   4.0858580e-02	
   5.1683317e-02	
   5.3773694e-02	
   6.8176218e-02	
   1.0641055e-01	
   1.3033955e-01	
   1.3737227e-01	
   1.3933767e-01	
   1.2647794e-01	
   1.0541881e-01	
   8.6623603e-02	
   7.7967241e-02	
   7.5342870e-02	
   6.0497349e-02	
   4.2849682e-02	
   2.8991025e-02	
   2.3300996e-02	
   2.9908749e-02	
   2.5171993e-02	
   5.0971129e-02	
   1.0212831e-01	
   1.1092750e-01	
   1.1010709e-01	
   1.1008293e-01	
   9.1543672e-02	
   6.0706892e-02	
   1.6134064e-02	
  -2.5448434e-02	
  -5.7531096e-02	
  -8.6023857e-02	
  -1.0696419e-01	
  -1.1681750e-01	
  -1.2565837e-01	
  -1.4167433e-01	
  -1.6345815e-01	
  -1.8934033e-01	
  -2.1158801e-01	
  -2.2454947e-01	
  -2.2919412e-01	
  -2.2087112e-01	
  -1.8730559e-01	
  -1.3928792e-01	
  -1.0058083e-01	
  -7.3259474e-02	
  -5.8059030e-02	
  -6.0462948e-02	
  -7.0005720e-02	
  -8.0977593e-02	
  -7.5213206e-02	
  -1.6295751e-02	
   6.1436302e-02	
   1.1905426e-01	
   1.6912635e-01	
   2.1005486e-01	
   2.4684990e-01	
   2.7104993e-01	
   2.6969222e-01	
   2.4570316e-01	
   1.9753280e-01	
   1.4002833e-01	
   9.2384019e-02	
   5.6815563e-02	
   3.2562789e-02	
   2.0121567e-02	
   1.1161653e-02	
   1.2002540e-02	
   2.5808967e-03	
  -8.3267314e-03	
  -1.4363082e-02	
  -4.1582343e-02	
  -1.8770741e-02	
  -2.5739512e-02	
  -8.2952643e-02	
  -3.9115897e-02	
   6.3267101e-03	
   5.5427511e-03	
   1.2391531e-02	
   1.1399487e-02	
   2.1905733e-02	
   2.8286415e-02	
   2.5249328e-02	
   2.3363140e-02	
   2.9288307e-02	
   4.1191885e-02	
   4.7099320e-02	
   4.7912539e-02	
   2.9677432e-02	
   5.4655966e-03	
  -5.6643096e-03	
  -1.6439305e-02	
  -3.0999716e-02	
  -4.6076600e-02	
  -6.3947061e-02	
  -8.7401626e-02	
  -1.1112660e-01	
  -1.2917329e-01	
  -1.4244132e-01	
  -1.5101533e-01	
  -1.5062969e-01	
  -1.4472050e-01	
  -1.4257838e-01	
  -1.3335517e-01	
  -1.1563464e-01	
  -1.0103282e-01	
  -8.2967984e-02	
  -5.6764776e-02	
  -2.1672790e-02	
   1.3622085e-02	
   4.2797223e-02	
   7.3671455e-02	
   1.0187596e-01	
   1.2689147e-01	
   1.4785914e-01	
   1.5388921e-01	
   1.4510276e-01	
   1.2699630e-01	
   1.0937258e-01	
   9.8296378e-02	
   8.8606344e-02	
   7.8442758e-02	
   6.8997755e-02	
   5.5455517e-02	
   3.5981695e-02	
   1.2748294e-02	
  -1.6433436e-02	
  -5.1697989e-02	
  -9.3659755e-02	
  -1.3587964e-01	
  -1.6634941e-01	
  -1.8382252e-01	
  -1.8498105e-01	
  -1.7282549e-01	
  -1.5888034e-01	
  -1.4409367e-01	
  -1.3033165e-01	
  -1.2058359e-01	
  -1.0923970e-01	
  -9.2573624e-02	
  -7.5513121e-02	
  -5.4208539e-02	
  -2.2921753e-02	
   6.7683187e-03	
   3.0612276e-02	
   5.0162466e-02	
   6.6580670e-02	
   8.7718011e-02	
   1.0163879e-01	
   9.4704003e-02	
   7.7099473e-02	
   5.4501264e-02	
   1.9855180e-02	
  -1.9601023e-02	
  -4.8020174e-02	
  -6.7759932e-02	
  -8.3180328e-02	
  -9.4123861e-02	
  -1.0381026e-01	
  -1.0851660e-01	
  -1.0861136e-01	
  -1.1153327e-01	
  -1.1940333e-01	
  -1.3095388e-01	
  -1.3710630e-01	
  -1.3231146e-01	
  -1.1952710e-01	
  -1.0035302e-01	
  -8.4920838e-02	
  -7.0395046e-02	
  -5.0729609e-02	
  -3.6498172e-02	
  -2.1728129e-02	
  -5.1395023e-03	
   4.9661953e-03	
   1.3626658e-02	
   2.0420065e-02	
   2.8897987e-02	
   4.3462679e-02	
   5.6229527e-02	
   6.6953986e-02	
   7.8575013e-02	
   8.8748799e-02	
   9.5308974e-02	
   9.9835496e-02	
   1.0875729e-01	
   1.1858769e-01	
   1.1887431e-01	
   1.0620389e-01	
   8.3340715e-02	
   5.7841711e-02	
   3.9715192e-02	
   3.6131866e-02	
   4.5941084e-02	
   6.0524937e-02	
   7.2270403e-02	
   8.0793172e-02	
   7.7885689e-02	
   6.0835720e-02	
   4.1245686e-02	
   2.4579729e-02	
   1.8032081e-02	
   1.9288886e-02	
   2.8404275e-02	
   4.8456650e-02	
   7.4212598e-02	
   1.0133490e-01	
   1.1556337e-01	
   1.1167706e-01	
   8.8379370e-02	
   6.4854247e-02	
   6.4415263e-02	
   7.0374020e-02	
   7.6683145e-02	
   8.7631694e-02	
   9.6002436e-02	
   9.5026615e-02	
   8.4419238e-02	
   6.4185823e-02	
   3.6235149e-02	
   1.7931218e-02	
   1.0690091e-02	
   7.4450273e-03	
   3.7459906e-03	
  -1.5302909e-03	
  -8.2417478e-03	
  -1.5524478e-02	
  -1.2853032e-02	
  -2.3537112e-02	
  -2.0410313e-02	
   2.0970592e-03	
  -2.2678030e-02	
  -4.1274750e-02	
  -2.1249281e-02	
   5.7668659e-04	
   2.1382715e-02	
   3.1113211e-02	
   4.0512050e-02	
   4.9020323e-02	
   5.0752515e-02	
   5.6024331e-02	
   6.4419359e-02	
   7.5720616e-02	
   8.5766787e-02	
   9.1007044e-02	
   9.1783980e-02	
   9.1219471e-02	
   8.8608225e-02	
   8.0417557e-02	
   7.4189106e-02	
   7.1711119e-02	
   7.2231821e-02	
   7.3856963e-02	
   7.3621964e-02	
   6.6424213e-02	
   4.9021284e-02	
   4.5419629e-02	
   2.8111211e-02	
  -1.5821392e-02	
  -2.6301643e-02	
  -2.0389329e-02	
  -2.6998633e-02	
  -3.7152170e-02	
  -5.3051473e-02	
  -6.8102650e-02	
  -8.6852040e-02	
  -1.0823253e-01	
  -1.2648254e-01	
  -1.3855977e-01	
  -1.4194452e-01	
  -1.4149158e-01	
  -1.3477833e-01	
  -1.2667055e-01	
  -1.2271151e-01	
  -1.1825947e-01	
  -1.1236241e-01	
  -1.0861429e-01	
  -1.0961356e-01	
  -1.1057634e-01	
  -1.0841123e-01	
  -9.5925900e-02	
  -7.8483471e-02	
  -6.1695504e-02	
  -4.1049840e-02	
  -4.9232207e-02	
  -7.1544880e-02	
  -7.3350222e-02	
  -8.1111312e-02	
  -8.9027396e-02	
  -8.6933675e-02	
  -8.6042917e-02	
  -8.2307962e-02	
  -7.3651182e-02	
  -6.7950958e-02	
  -7.2490145e-02	
  -8.2387173e-02	
  -9.5856262e-02	
  -1.0536927e-01	
  -1.0810859e-01	
  -1.0501510e-01	
  -9.8539863e-02	
  -9.4161690e-02	
  -8.7687873e-02	
  -8.4639357e-02	
  -7.0741568e-02	
  -5.0805267e-02	
  -1.5114475e-02	
   3.3860784e-02	
   7.4099947e-02	
   1.4462633e-01	
   1.5623833e-01	
   1.2943976e-01	
   1.6258708e-01	
   1.5398351e-01	
   1.1861151e-01	
   8.7078847e-02	
   4.5165109e-02	
   2.2766395e-02	
   2.2209581e-03	
  -1.7508845e-02	
  -2.7917618e-02	
  -2.3665664e-02	
  -2.6315629e-02	
  -4.5895857e-02	
  -6.7997314e-02	
  -9.3627945e-02	
  -1.1296488e-01	
  -1.2337985e-01	
  -1.2288832e-01	
  -1.1199829e-01	
  -9.6216118e-02	
  -7.3303699e-02	
  -4.8656120e-02	
  -2.5260070e-02	
  -3.4406512e-04	
   2.7081969e-02	
   5.3916817e-02	
   7.8381604e-02	
   1.0196266e-01	
   1.1735755e-01	
   1.2127827e-01	
   1.1186336e-01	
   9.3258308e-02	
   8.4235485e-02	
   9.0836082e-02	
   1.0527501e-01	
   1.1289896e-01	
   1.0471117e-01	
   8.3724648e-02	
   5.1633952e-02	
   1.2535005e-02	
  -2.3934718e-02	
  -4.7642929e-02	
  -5.6467871e-02	
  -5.2455990e-02	
  -3.5088625e-02	
  -9.6507631e-03	
   1.0263167e-02	
   1.5907830e-02	
   1.1275195e-02	
   6.9593823e-03	
   9.8131436e-03	
   1.8849158e-02	
   3.6774566e-02	
   6.4766801e-02	
   9.6353013e-02	
   1.2714808e-01	
   1.5030858e-01	
   1.6298263e-01	
   1.6617979e-01	
   1.5577464e-01	
   1.3648452e-01	
   1.1837639e-01	
   1.0608226e-01	
   1.0108933e-01	
   1.0128596e-01	
   1.0468944e-01	
   1.0891270e-01	
   1.0893155e-01	
   9.9810040e-02	
   8.5440370e-02	
   6.4111126e-02	
   3.6797079e-02	
   2.3182539e-02	
   1.6970984e-02	
   5.9547402e-03	
  -2.8159485e-03	
  -6.9927429e-03	
  -6.4992605e-03	
  -6.4838321e-03	
  -7.3574646e-03	
  -7.8414668e-03	
  -1.2176344e-02	
  -2.0545883e-02	
  -2.9422439e-02	
  -3.7697230e-02	
  -4.3508450e-02	
  -4.3797580e-02	
  -4.1970377e-02	
  -3.8030263e-02	
  -3.1549027e-02	
  -2.1601312e-02	
  -1.1347810e-02	
  -1.2637570e-03	
   1.1165273e-02	
   2.0515887e-02	
   2.9787700e-02	
   2.8223092e-02	
   3.2982503e-02	
   3.9179529e-02	
   2.5019357e-03	
  -2.5854383e-02	
  -2.4776055e-02	
  -2.5309168e-02	
  -2.0596168e-02	
  -2.0452702e-02	
  -2.5144803e-02	
  -3.4147507e-02	
  -4.4029863e-02	
  -5.1495510e-02	
  -6.6697919e-02	
  -8.0732395e-02	
  -8.8727606e-02	
  -9.8154718e-02	
  -1.0934458e-01	
  -1.1036249e-01	
  -1.0067660e-01	
  -8.8040247e-02	
  -7.4035700e-02	
  -6.6256344e-02	
  -6.2879615e-02	
  -6.1654080e-02	
  -6.6127725e-02	
  -6.5818447e-02	
  -5.5256883e-02	
  -4.0480466e-02	
  -2.1467351e-02	
   3.1523620e-03	
   2.4947452e-02	
   3.5839098e-02	
   3.6314933e-02	
   2.0096278e-02	
  -9.7697593e-03	
  -3.7576265e-02	
  -5.5959834e-02	
  -5.9712303e-02	
  -5.5660504e-02	
  -5.1658154e-02	
  -4.7464485e-02	
  -4.7981384e-02	
  -5.3295125e-02	
  -5.9320763e-02	
  -6.3357138e-02	
  -6.4791379e-02	
  -6.3101238e-02	
  -5.8913881e-02	
  -5.2712224e-02	
  -4.4260891e-02	
  -3.4231771e-02	
  -1.8536440e-02	
  -1.6532912e-03	
   1.5815565e-02	
   3.5226131e-02	
   4.2172605e-02	
   3.8085234e-02	
   2.8839521e-02	
   1.7094988e-02	
   1.2355457e-02	
   1.2610989e-02	
   1.7033876e-02	
   2.4285900e-02	
   2.7213556e-02	
   2.4753166e-02	
   1.4878785e-02	
  -1.2135752e-03	
  -1.6638741e-02	
  -2.9361428e-02	
  -3.6138541e-02	
  -3.2111784e-02	
  -2.1220104e-02	
  -1.2105522e-02	
  -6.9844331e-03	
  -2.5261161e-03	
  -2.8353078e-04	
   9.7886906e-04	
   2.2921945e-03	
   2.5500437e-03	
   7.3821266e-03	
   1.4946347e-02	
   2.2641455e-02	
   2.4340934e-02	
   1.6105674e-02	
   6.1041083e-03	
  -1.0028673e-02	
  -2.7804156e-02	
  -3.7178253e-02	
  -4.5649320e-02	
  -5.4791022e-02	
  -5.9411009e-02	
  -5.8469589e-02	
  -5.2257315e-02	
  -3.7600964e-02	
  -1.6588259e-02	
   4.3878630e-03	
   2.5764279e-02	
   4.2697404e-02	
   5.0881343e-02	
   5.7459701e-02	
   6.5223382e-02	
   7.4058481e-02	
   8.6598857e-02	
   9.7090992e-02	
   9.9859071e-02	
   9.6924586e-02	
   8.8885443e-02	
   7.9389319e-02	
   7.3919371e-02	
   7.1717472e-02	
   6.9876726e-02	
   6.3726859e-02	
   4.7756876e-02	
   2.1558124e-02	
  -8.5992925e-03	
  -3.2806960e-02	
  -4.9353929e-02	
  -6.3210671e-02	
  -7.1385037e-02	
  -7.4758339e-02	
  -8.0076929e-02	
  -8.5740285e-02	
  -9.0152610e-02	
  -9.0568854e-02	
  -8.2326856e-02	
  -6.8257937e-02	
  -5.0929538e-02	
  -3.2414454e-02	
  -1.7117267e-02	
  -3.6996846e-03	
   6.6920462e-03	
   8.3526474e-03	
   3.9886467e-03	
  -2.3387493e-03	
  -1.0931444e-02	
  -1.9015443e-02	
  -2.2541081e-02	
  -2.0448652e-02	
  -1.4269274e-02	
  -5.4565553e-03	
   4.0576539e-03	
   1.0132638e-02	
   7.4105214e-03	
  -3.3882064e-03	
  -1.4651460e-02	
  -2.2930251e-02	
  -2.5935027e-02	
  -2.2318796e-02	
  -1.0664597e-02	
   3.9283038e-03	
   1.1440635e-02	
   1.9317498e-02	
   2.8246375e-02	
   4.0289436e-02	
   6.6097797e-02	
   9.1962801e-02	
   1.0535928e-01	
   1.0776914e-01	
   1.0381155e-01	
   9.4087829e-02	
   8.0687878e-02	
   6.7925376e-02	
   5.2410930e-02	
   4.0612821e-02	
   4.0423342e-02	
   4.8924935e-02	
   5.3251570e-02	
   4.5266265e-02	
   3.3338852e-02	
   2.2362160e-02	
   1.5129125e-02	
   1.7962906e-02	
   2.8639232e-02	
   3.4862220e-02	
   3.4148318e-02	
   3.0823094e-02	
   2.4846142e-02	
   2.2360095e-02	
   2.5380793e-02	
   3.2759362e-02	
   4.6967859e-02	
   6.6669328e-02	
   9.0108051e-02	
   1.0841064e-01	
   1.2228774e-01	
   1.3470694e-01	
   1.3351664e-01	
   1.3709794e-01	
   1.4778871e-01	
   1.4513976e-01	
   1.4299303e-01	
   1.3792871e-01	
   1.2630568e-01	
   1.1619556e-01	
   1.0035394e-01	
   7.8287220e-02	
   5.1238816e-02	
   2.3784572e-02	
   1.4332012e-03	
  -1.3896113e-02	
  -2.4728796e-02	
  -3.5730807e-02	
  -4.3977696e-02	
  -5.2514678e-02	
  -6.7153205e-02	
  -8.4849611e-02	
  -1.0266686e-01	
  -1.2002268e-01	
  -1.3134860e-01	
  -1.3103794e-01	
  -1.1937390e-01	
  -9.9756202e-02	
  -7.8551354e-02	
  -5.9938316e-02	
  -4.6624598e-02	
  -4.0893467e-02	
  -4.0066358e-02	
  -4.2675083e-02	
  -4.5879011e-02	
  -4.7175773e-02	
  -5.2392329e-02	
  -5.6582403e-02	
  -5.0169405e-02	
  -4.1073340e-02	
  -3.4073521e-02	
  -2.5298250e-02	
  -1.4028945e-02	
  -2.6626274e-03	
   4.0702804e-03	
   9.0839885e-03	
   1.2954748e-02	
   1.0888419e-02	
   8.9373040e-03	
   1.0445523e-02	
   1.4259857e-02	
   2.2348408e-02	
   3.1769187e-02	
   3.9829544e-02	
   4.5840263e-02	
   4.8879248e-02	
   5.1901513e-02	
   5.6535211e-02	
   6.2902939e-02	
   6.9132184e-02	
   6.7989038e-02	
   6.6022264e-02	
   6.3727486e-02	
   4.8887608e-02	
   3.4687726e-02	
   2.9055611e-02	
   2.4699277e-02	
   2.1462653e-02	
   1.6172855e-02	
   9.3836820e-03	
   3.0638117e-03	
  -1.3531437e-03	
  -8.2693191e-04	
   2.5007640e-03	
   5.9383254e-03	
   7.7228175e-03	
   7.0329336e-03	
   1.9886074e-03	
  -8.6508611e-03	
  -2.0378641e-02	
  -2.9676805e-02	
  -3.4569106e-02	
  -3.2974942e-02	
  -2.5988979e-02	
  -1.5968407e-02	
  -5.4683429e-03	
   1.6035579e-03	
   1.5983940e-03	
  -5.9613739e-03	
  -1.7468199e-02	
  -2.7414614e-02	
  -3.4277250e-02	
  -3.6117499e-02	
  -3.2006239e-02	
  -2.7891698e-02	
  -2.3084602e-02	
  -1.4792936e-02	
  -4.2400791e-03	
   8.7796636e-03	
   1.9024396e-02	
   1.8881532e-02	
   6.8203263e-03	
  -9.7450723e-03	
  -2.4441747e-02	
  -3.6695313e-02	
  -4.5564383e-02	
  -5.2212923e-02	
  -5.6757796e-02	
  -5.9671130e-02	
  -6.0643733e-02	
  -5.6751484e-02	
  -5.0348852e-02	
  -4.4633413e-02	
  -4.1338612e-02	
  -4.1583129e-02	
  -4.6719609e-02	
  -5.8060660e-02	
  -7.0729237e-02	
  -8.0379561e-02	
  -8.4286272e-02	
  -8.1607478e-02	
  -7.7958129e-02	
  -7.2025204e-02	
  -6.1547950e-02	
  -5.1587888e-02	
  -4.0998782e-02	
  -2.8120026e-02	
  -1.5373317e-02	
  -3.2518958e-03	
   6.4392482e-03	
   1.2867378e-02	
   1.8364738e-02	
   2.3676222e-02	
   2.8569171e-02	
   3.3592879e-02	
   3.8745457e-02	
   4.3890376e-02	
   4.8066531e-02	
   4.7959355e-02	
   4.2151454e-02	
   3.3187357e-02	
   2.2591525e-02	
   1.2015243e-02	
   4.3495241e-03	
  -3.0572813e-05	
  -1.7973732e-03	
  -2.9548098e-03	
  -6.4798820e-03	
  -1.3868705e-02	
  -2.6366215e-02	
  -4.2135654e-02	
  -5.4741907e-02	
  -6.0716590e-02	
  -5.9482863e-02	
  -4.9062416e-02	
  -3.4738943e-02	
  -2.3183555e-02	
  -1.4525350e-02	
  -1.1525510e-02	
  -1.3669879e-02	
  -1.5516683e-02	
  -1.4464585e-02	
  -9.4236470e-03	
  -2.4716871e-03	
   5.0054748e-03	
   1.2280088e-02	
   1.6495154e-02	
   1.8173808e-02	
   1.5589820e-02	
   9.2179910e-03	
   2.6775028e-03	
  -6.7054724e-03	
  -1.6535035e-02	
  -2.3991775e-02	
  -3.1190483e-02	
  -3.5982100e-02	
  -3.5949634e-02	
  -3.0904274e-02	
  -2.3678622e-02	
  -1.5608943e-02	
  -7.2358642e-03	
  -4.3407962e-03	
  -1.0412714e-02	
  -2.3618463e-02	
  -3.7527898e-02	
  -4.7545995e-02	
  -5.3253033e-02	
  -4.9043898e-02	
  -3.6295542e-02	
  -2.4352864e-02	
  -1.5560142e-02	
  -1.1688827e-02	
  -1.3184017e-02	
  -2.0094150e-02	
  -3.3688380e-02	
  -4.9849802e-02	
  -6.5689160e-02	
  -7.9090783e-02	
  -8.8465436e-02	
  -9.3998043e-02	
  -9.4675370e-02	
  -9.2888462e-02	
  -9.0294228e-02	
  -8.6102608e-02	
  -8.0500530e-02	
  -7.4290471e-02	
  -6.9214823e-02	
  -6.5717333e-02	
  -6.3699313e-02	
  -6.1147088e-02	
  -5.3924383e-02	
  -3.9195475e-02	
  -1.9242998e-02	
  -1.0203301e-04	
   1.5949676e-02	
   2.6575240e-02	
   3.0732213e-02	
   3.2132049e-02	
   3.3303582e-02	
   3.5294511e-02	
   3.8404774e-02	
   4.2807840e-02	
   4.7724774e-02	
   5.3775533e-02	
   6.1220740e-02	
   6.4913059e-02	
   6.3809581e-02	
   6.0801235e-02	
   5.6093761e-02	
   4.9117006e-02	
   3.9617028e-02	
   3.1098736e-02	
   2.5591519e-02	
   2.1178885e-02	
   1.7215556e-02	
   1.1609323e-02	
   2.7383050e-03	
  -9.1831716e-03	
  -2.2557466e-02	
  -3.2986470e-02	
  -3.7686466e-02	
  -3.5441915e-02	
  -2.5622305e-02	
  -1.1006157e-02	
   2.3665910e-03	
   1.1660741e-02	
   1.9998942e-02	
   2.7313738e-02	
   3.1152817e-02	
   3.3409599e-02	
   3.5683289e-02	
   3.7398560e-02	
   3.9644972e-02	
   4.3044929e-02	
   4.4111122e-02	
   4.0473786e-02	
   3.5468278e-02	
   3.2443705e-02	
   3.0635801e-02	
   2.8895387e-02	
   2.8080571e-02	
   2.6236874e-02	
   2.1305188e-02	
   1.6407098e-02	
   1.2975606e-02	
   1.0128662e-02	
   6.8420790e-03	
   5.4100444e-03	
   1.0980672e-02	
   2.0062683e-02	
   2.8371106e-02	
   3.7075150e-02	
   4.3918675e-02	
   4.7157506e-02	
   4.7776021e-02	
   4.5702532e-02	
   4.4096241e-02	
   4.5853095e-02	
   5.0235156e-02	
   5.6903761e-02	
   6.1731285e-02	
   6.4776833e-02	
   6.5728201e-02	
   6.4387759e-02	
   6.4063474e-02	
   6.0257375e-02	
   5.9881259e-02	
   5.6531574e-02	
   4.1968997e-02	
   3.3414991e-02	
   2.8620443e-02	
   2.6828908e-02	
   3.3459157e-02	
   4.4119106e-02	
   5.9048059e-02	
   7.3373421e-02	
   8.3503358e-02	
   9.2481497e-02	
   1.0021772e-01	
   1.0309084e-01	
   1.0405295e-01	
   1.0480175e-01	
   1.0327167e-01	
   1.0327150e-01	
   1.0453064e-01	
   1.0501130e-01	
   1.0235946e-01	
   9.4094935e-02	
   8.5122147e-02	
   7.6536427e-02	
   6.5731587e-02	
   5.4782077e-02	
   4.5627124e-02	
   3.6317520e-02	
   2.5147277e-02	
   1.5310930e-02	
   8.5290685e-03	
   3.7997032e-03	
  -2.9335750e-04	
  -6.7529530e-03	
  -1.4570318e-02	
  -2.1156602e-02	
  -2.5324371e-02	
  -2.5622029e-02	
  -2.4152241e-02	
  -2.4054587e-02	
  -2.8006535e-02	
  -3.7196620e-02	
  -4.7407261e-02	
  -5.4477271e-02	
  -5.6939208e-02	
  -5.2743491e-02	
  -4.1608280e-02	
  -2.7404494e-02	
  -1.3527308e-02	
  -2.6019957e-03	
   3.7970940e-03	
   8.0780423e-03	
   9.1305537e-03	
   5.8819163e-03	
   8.7362251e-04	
  -7.0974895e-03	
  -1.6732222e-02	
  -2.4196812e-02	
  -2.9119071e-02	
  -3.2762936e-02	
  -3.5283869e-02	
  -3.6432964e-02	
  -3.8526295e-02	
  -4.6074384e-02	
  -6.0625591e-02	
  -7.5938771e-02	
  -8.8305342e-02	
  -9.8777413e-02	
  -1.0503036e-01	
  -1.0737342e-01	
  -1.0777307e-01	
  -1.0692281e-01	
  -1.0727147e-01	
  -1.0771233e-01	
  -1.0340522e-01	
  -9.3863405e-02	
  -8.2315988e-02	
  -6.9612048e-02	
  -5.5958705e-02	
  -4.5102409e-02	
  -3.9080450e-02	
  -3.5320185e-02	
  -3.1975102e-02	
  -2.7508521e-02	
  -2.2002325e-02	
  -1.9483770e-02	
  -2.1172143e-02	
  -2.5308930e-02	
  -3.0311822e-02	
  -3.5753584e-02	
  -4.3743073e-02	
  -5.4513888e-02	
  -6.7438155e-02	
  -8.0456640e-02	
  -9.2574753e-02	
  -1.0054986e-01	
  -9.7994206e-02	
  -8.5665881e-02	
  -6.5070144e-02	
  -4.8078151e-02	
  -3.2067234e-02	
  -1.8055510e-02	
  -3.0242129e-02	
  -4.0395967e-02	
  -3.2180399e-02	
  -2.7388075e-02	
  -2.0742201e-02	
  -1.2773261e-02	
  -6.4489918e-03	
  -2.4456658e-03	
  -3.6564926e-03	
  -6.2285637e-03	
  -1.0194506e-02	
  -1.6358572e-02	
  -2.1556841e-02	
  -2.5134670e-02	
  -3.0930968e-02	
  -3.6761307e-02	
  -3.8726224e-02	
  -3.8453183e-02	
  -3.5460842e-02	
  -2.8219866e-02	
  -2.1131079e-02	
  -1.5259299e-02	
  -1.0361677e-02	
  -9.2564512e-03	
  -1.0021090e-02	
  -1.1389505e-02	
  -8.4491301e-03	
   1.1307285e-03	
   1.1084553e-02	
   1.7644156e-02	
   1.8568346e-02	
   1.4574318e-02	
   1.1097469e-02	
   1.2388136e-02	
   1.6782040e-02	
   2.1821527e-02	
   2.6496259e-02	
   3.0034959e-02	
   3.2747311e-02	
   3.5052113e-02	
   3.7458619e-02	
   3.9415636e-02	
   4.2967181e-02	
   4.6860935e-02	
   4.7341426e-02	
   4.8080408e-02	
   4.9756881e-02	
   5.0847443e-02	
   5.4476101e-02	
   5.9546942e-02	
   6.0702754e-02	
   5.5716516e-02	
   4.7207624e-02	
   3.8457434e-02	
   3.0629205e-02	
   2.4937525e-02	
   2.2263006e-02	
   2.1128328e-02	
   1.9699253e-02	
   1.7236727e-02	
   1.4450431e-02	
   1.3332674e-02	
   1.2351277e-02	
   1.0717077e-02	
   1.0201148e-02	
   9.3906333e-03	
   8.5438113e-03	
   9.7249205e-03	
   1.5282511e-02	
   2.2316999e-02	
   2.5694874e-02	
   2.7785564e-02	
   2.5669275e-02	
   1.7048080e-02	
   7.7226879e-03	
  -1.5801203e-03	
  -1.1428283e-02	
  -2.0985953e-02	
  -3.0527669e-02	
  -3.7024225e-02	
  -3.8296863e-02	
  -3.8031525e-02	
  -3.7751687e-02	
  -3.7161964e-02	
  -3.7629129e-02	
  -3.7718334e-02	
  -3.6637516e-02	
  -3.4177097e-02	
  -2.9401873e-02	
  -2.2922848e-02	
  -1.5807962e-02	
  -9.0353501e-03	
  -1.6201588e-03	
   6.0391553e-03	
   1.2817163e-02	
   2.0256280e-02	
   2.7739579e-02	
   3.4027725e-02	
   3.8875697e-02	
   4.1453378e-02	
   4.1525274e-02	
   3.9119433e-02	
   3.4851201e-02	
   2.9066320e-02	
   2.2212303e-02	
   1.6992937e-02	
   1.5610047e-02	
   1.8292662e-02	
   2.5097652e-02	
   3.3841163e-02	
   4.1834067e-02	
   4.8410085e-02	
   5.1294745e-02	
   5.0436716e-02	
   4.7804403e-02	
   4.4977260e-02	
   4.3484874e-02	
   4.2987245e-02	
   4.7017978e-02	
   5.0820900e-02	
   5.0349354e-02	
   5.4968839e-02	
   5.9885481e-02	
   5.9872523e-02	
   5.9480522e-02	
   5.5904532e-02	
   4.8462126e-02	
   3.8588702e-02	
   2.5464915e-02	
   1.0813915e-02	
  -2.8852137e-03	
  -1.5490654e-02	
  -2.5533509e-02	
  -2.9709500e-02	
  -2.6496493e-02	
  -1.4890669e-02	
   2.6685270e-03	
   1.8440425e-02	
   2.9267758e-02	
   3.6596076e-02	
   4.0136310e-02	
   3.7514789e-02	
   3.1230021e-02	
   3.6957332e-02	
   5.3291322e-02	
   6.4472947e-02	
   7.4735892e-02	
   8.3689285e-02	
   8.5441206e-02	
   8.2619706e-02	
   7.5353236e-02	
   6.5959480e-02	
   5.5721824e-02	
   4.4804124e-02	
   3.4251041e-02	
   2.3939876e-02	
   1.8211884e-02	
   1.8046439e-02	
   2.0315983e-02	
   2.5720564e-02	
   3.3698048e-02	
   4.2665176e-02	
   4.9671609e-02	
   5.3536395e-02	
   5.6895443e-02	
   5.8400661e-02	
   5.6940838e-02	
   5.2913617e-02	
   4.8112761e-02	
   4.4445271e-02	
   3.8848598e-02	
   3.2401792e-02	
   2.8066606e-02	
   2.3623195e-02	
   1.7376891e-02	
   1.0795410e-02	
   3.7472822e-03	
  -8.5224139e-03	
  -2.5384166e-02	
  -4.1181272e-02	
  -5.4927917e-02	
  -6.6438049e-02	
  -7.3553286e-02	
  -7.6594027e-02	
  -7.8323335e-02	
  -7.9515095e-02	
  -7.8120772e-02	
  -7.4049829e-02	
  -7.0207614e-02	
  -6.5207582e-02	
  -5.5894709e-02	
  -4.4161324e-02	
  -3.5320862e-02	
  -3.2450523e-02	
  -3.3443950e-02	
  -3.8267039e-02	
  -4.7011666e-02	
  -5.6793827e-02	
  -6.5588129e-02	
  -7.0596563e-02	
  -7.2274792e-02	
  -7.3215919e-02	
  -7.4165573e-02	
  -7.6316601e-02	
  -7.9282854e-02	
  -8.1599661e-02	
  -8.2846848e-02	
  -8.2702721e-02	
  -8.0608667e-02	
  -7.6416252e-02	
  -7.0642836e-02	
  -6.4242922e-02	
  -5.8635953e-02	
  -5.5090101e-02	
  -5.4658474e-02	
  -5.7730858e-02	
  -6.2672872e-02	
  -6.6778635e-02	
  -6.9285256e-02	
  -7.0128863e-02	
  -7.0183412e-02	
  -7.0626450e-02	
  -6.9954724e-02	
  -6.8651024e-02	
  -6.7767748e-02	
  -6.6933755e-02	
  -6.5738609e-02	
  -6.2862895e-02	
  -5.8910119e-02	
  -5.4227851e-02	
  -4.8528462e-02	
  -4.3098642e-02	
  -3.7922682e-02	
  -3.2480774e-02	
  -2.8246977e-02	
  -2.6062835e-02	
  -2.4463605e-02	
  -2.2351906e-02	
  -1.8597597e-02	
  -1.2786541e-02	
  -7.6997439e-03	
  -5.5399212e-03	
  -6.5135937e-03	
  -1.1267449e-02	
  -1.9394632e-02	
  -2.7933151e-02	
  -3.4963179e-02	
  -4.1142365e-02	
  -4.5578929e-02	
  -4.6519345e-02	
  -4.4443934e-02	
  -4.0121851e-02	
  -3.4209170e-02	
  -2.7358510e-02	
  -1.9695826e-02	
  -1.1636221e-02	
  -3.2059020e-03	
   5.2389905e-03	
   1.2915234e-02	
   1.8662279e-02	
   2.1654732e-02	
   2.3923515e-02	
   2.5758656e-02	
   2.5630502e-02	
   2.5013601e-02	
   2.5262695e-02	
   2.6432619e-02	
   2.8000842e-02	
   2.9450754e-02	
   3.1080716e-02	
   3.2523861e-02	
   3.3755908e-02	
   3.5730176e-02	
   3.8270475e-02	
   4.0597928e-02	
   4.1788279e-02	
   4.1470315e-02	
   4.1686722e-02	
   4.3745623e-02	
   4.6932246e-02	
   5.0283226e-02	
   5.3081360e-02	
   5.6011958e-02	
   5.9333679e-02	
   6.3069805e-02	
   6.7936704e-02	
   7.4035449e-02	
   8.0158063e-02	
   8.3387865e-02	
   8.3581023e-02	
   8.1307730e-02	
   7.5882382e-02	
   6.9728252e-02	
   6.3951910e-02	
   5.8760141e-02	
   5.5379733e-02	
   5.2894096e-02	
   5.0437218e-02	
   4.7007569e-02	
   4.1492252e-02	
   3.4318256e-02	
   2.6687595e-02	
   1.9880481e-02	
   1.4090107e-02	
   1.0017420e-02	
   9.2738776e-03	
   1.1233236e-02	
   1.5145160e-02	
   1.9257828e-02	
   2.1090750e-02	
   2.0881533e-02	
   1.8151842e-02	
   1.4025075e-02	
   9.8081401e-03	
   6.7574758e-03	
   7.6634782e-03	
   1.0492176e-02	
   1.3940304e-02	
   1.6283859e-02	
   1.3861189e-02	
   7.3658037e-03	
  -2.0091237e-03	
  -1.2400346e-02	
  -2.1582469e-02	
  -2.8788475e-02	
  -3.4054197e-02	
  -3.8499313e-02	
  -4.3150098e-02	
  -4.8299315e-02	
  -5.3024721e-02	
  -5.5792634e-02	
  -5.4235834e-02	
  -4.7064961e-02	
  -3.6603499e-02	
  -2.6323663e-02	
  -1.8490752e-02	
  -1.3393084e-02	
  -1.1681273e-02	
  -1.2766238e-02	
  -1.3017068e-02	
  -1.1795325e-02	
  -7.9532108e-03	
  -5.5104188e-04	
   6.0765998e-03	
   1.1614640e-02	
   1.6391348e-02	
   1.7056904e-02	
   1.4722533e-02	
   1.0388169e-02	
   2.5054866e-03	
  -7.4359399e-03	
  -1.7072763e-02	
  -2.6121460e-02	
  -3.3271023e-02	
  -3.6558405e-02	
  -3.7443550e-02	
  -3.4672812e-02	
  -2.7002152e-02	
  -1.9826363e-02	
  -1.4794404e-02	
  -9.8366686e-03	
  -3.6652113e-03	
   3.9765519e-03	
   1.0918733e-02	
   1.9535498e-02	
   2.9790877e-02	
   3.7369998e-02	
   4.4002944e-02	
   4.7619521e-02	
   4.6209649e-02	
   4.3436846e-02	
   3.9567993e-02	
   3.5983584e-02	
   3.2658144e-02	
   2.8047553e-02	
   2.2577810e-02	
   1.5225253e-02	
   7.3600604e-03	
   4.4322546e-04	
  -5.9003584e-03	
  -1.1018133e-02	
  -1.5555038e-02	
  -2.1509093e-02	
  -2.9301771e-02	
  -3.8285715e-02	
  -4.6996074e-02	
  -5.1628601e-02	
  -4.9110904e-02	
  -3.9251421e-02	
  -2.4704022e-02	
  -9.2009366e-03	
   5.2418203e-03	
   1.6994580e-02	
   2.5676106e-02	
   3.1828133e-02	
   3.5478051e-02	
   3.6676704e-02	
   3.6091683e-02	
   3.6861957e-02	
   3.9848717e-02	
   4.3622438e-02	
   4.9281448e-02	
   5.5351811e-02	
   5.8030020e-02	
   5.6375367e-02	
   5.1292696e-02	
   4.3008522e-02	
   3.1778400e-02	
   2.0097310e-02	
   8.8598444e-03	
  -1.4668753e-03	
  -8.9535976e-03	
  -1.3831478e-02	
  -1.5000106e-02	
  -1.1317300e-02	
  -2.9212189e-03	
   7.3557466e-03	
   1.3008085e-02	
   1.4281334e-02	
   1.3287785e-02	
   9.2223256e-03	
   4.6351769e-03	
   3.0432248e-03	
   6.4833054e-03	
   1.5189154e-02	
   2.7830695e-02	
   3.8516978e-02	
   4.2960452e-02	
   4.2991300e-02	
   3.8734091e-02	
   3.1963290e-02	
   2.4824364e-02	
   1.6947124e-02	
   9.6926091e-03	
   4.2383403e-03	
   1.4423174e-03	
   6.9962039e-04	
   3.7217993e-04	
   7.3090644e-04	
   2.3951555e-03	
   4.3036486e-03	
   3.9183404e-03	
   2.3629690e-04	
  -4.6319040e-03	
  -9.1834600e-03	
  -1.4203945e-02	
  -1.9495846e-02	
  -2.4911722e-02	
  -3.0275631e-02	
  -3.4566936e-02	
  -3.9316629e-02	
  -4.4069406e-02	
  -4.6681446e-02	
  -4.8355118e-02	
  -4.9571498e-02	
  -5.0417070e-02	
  -5.1401000e-02	
  -5.1873173e-02	
  -5.0728982e-02	
  -4.6683996e-02	
  -4.1389695e-02	
  -3.6104102e-02	
  -3.0070715e-02	
  -2.5027487e-02	
  -2.1803703e-02	
  -1.9917800e-02	
  -1.7989399e-02	
  -1.6805531e-02	
  -1.8901091e-02	
  -2.2279668e-02	
  -2.6357709e-02	
  -3.0150645e-02	
  -3.1423881e-02	
  -3.1002634e-02	
  -2.8973252e-02	
  -2.7015006e-02	
  -2.7107501e-02	
  -2.9880763e-02	
  -3.5080566e-02	
  -4.0792085e-02	
  -4.5626999e-02	
  -4.7409560e-02	
  -4.4768678e-02	
  -3.7545617e-02	
  -2.5389236e-02	
  -1.0236552e-02	
   4.6103435e-03	
   1.6987850e-02	
   2.5772233e-02	
   3.0562626e-02	
   3.2102304e-02	
   3.1973706e-02	
   3.1633839e-02	
   3.2272844e-02	
   3.3310194e-02	
   3.2645148e-02	
   3.1605277e-02	
   3.0977441e-02	
   2.8316724e-02	
   2.4017992e-02	
   1.8838102e-02	
   1.3615961e-02	
   9.7958175e-03	
   6.4727091e-03	
   3.3282180e-03	
   1.3076348e-03	
   1.6737092e-03	
   3.7357166e-03	
   5.3049550e-03	
   4.6106069e-03	
   8.1137604e-04	
  -4.2134233e-03	
  -8.6189217e-03	
  -1.1096763e-02	
  -1.1517911e-02	
  -1.1281619e-02	
  -1.1321530e-02	
  -1.1145356e-02	
  -8.5105929e-03	
  -4.2572715e-03	
   2.8142954e-05	
   3.6335900e-03	
   3.9873367e-03	
   1.0359862e-03	
  -2.9692400e-03	
  -4.6974129e-03	
  -2.8548217e-03	
  -1.9999465e-04	
   2.1299098e-03	
   4.2731680e-03	
   6.4138004e-03	
   8.1144166e-03	
   8.0706646e-03	
   6.3057975e-03	
   2.6079831e-03	
  -3.5971203e-03	
  -1.1218414e-02	
  -1.7475803e-02	
  -2.0580903e-02	
  -2.0724461e-02	
  -1.9792614e-02	
  -1.8080231e-02	
  -1.4385416e-02	
  -1.1573647e-02	
  -1.1633233e-02	
  -1.2556636e-02	
  -1.2093889e-02	
  -9.6324045e-03	
  -6.4070998e-03	
  -2.5518031e-03	
   2.7182544e-03	
   7.5452093e-03	
   8.7742046e-03	
   7.4776731e-03	
   4.6270343e-03	
  -3.9059793e-04	
  -4.5691873e-03	
  -7.0762927e-03	
  -8.6819185e-03	
  -9.1630867e-03	
  -9.8289356e-03	
  -1.0635876e-02	
  -1.1221870e-02	
  -1.1154627e-02	
  -1.0015706e-02	
  -8.1850210e-03	
  -5.0402691e-03	
  -1.3229570e-03	
   2.5175342e-03	
   7.7899232e-03	
   1.4601630e-02	
   2.3132413e-02	
   3.3904666e-02	
   4.6062513e-02	
   5.6569152e-02	
   6.3100904e-02	
   6.4985917e-02	
   6.0057906e-02	
   4.9965672e-02	
   3.9384721e-02	
   2.9889826e-02	
   2.2975249e-02	
   1.9826601e-02	
   2.1084798e-02	
   2.4575733e-02	
   2.6658899e-02	
   2.7039701e-02	
   2.4120255e-02	
   1.9236594e-02	
   1.5698617e-02	
   1.2582611e-02	
   1.1206279e-02	
   1.1487271e-02	
   1.1891335e-02	
   1.3968557e-02	
   1.8392849e-02	
   2.5483056e-02	
   3.2698723e-02	
   3.6503041e-02	
   3.6189821e-02	
   3.1408863e-02	
   2.3519426e-02	
   1.4373252e-02	
   5.9603122e-03	
  -2.3842988e-04	
  -4.4973958e-03	
  -6.4159489e-03	
  -7.2796038e-03	
  -8.3374614e-03	
  -9.5891457e-03	
  -1.1899708e-02	
  -1.3194224e-02	
  -1.3186780e-02	
  -1.4520986e-02	
  -1.7300723e-02	
  -2.1126869e-02	
  -2.4492647e-02	
  -2.6141080e-02	
  -2.6108125e-02	
  -2.4145996e-02	
  -2.1618496e-02	
  -1.9464868e-02	
  -1.6206951e-02	
  -1.2625916e-02	
  -1.0899241e-02	
  -1.0828829e-02	
  -1.2168599e-02	
  -1.1998983e-02	
  -8.6485454e-03	
  -5.3650133e-03	
  -3.6903657e-03	
  -4.6140136e-03	
  -7.7687599e-03	
  -1.1454793e-02	
  -1.5369191e-02	
  -1.7796162e-02	
  -1.8703134e-02	
  -1.9724977e-02	
  -2.0430996e-02	
  -2.0837296e-02	
  -2.2043581e-02	
  -2.5261533e-02	
  -3.0314016e-02	
  -3.5803050e-02	
  -4.1353371e-02	
  -4.6079693e-02	
  -4.9087872e-02	
  -5.0488172e-02	
  -4.9782421e-02	
  -4.6075638e-02	
  -3.9945526e-02	
  -3.3398823e-02	
  -2.6631315e-02	
  -1.8759702e-02	
  -1.1938151e-02	
  -9.3463964e-03	
  -9.9303299e-03	
  -1.0310300e-02	
  -9.8863186e-03	
  -9.6959280e-03	
  -9.6955225e-03	
  -8.9881286e-03	
  -8.2612809e-03	
  -8.3277764e-03	
  -7.3485236e-03	
  -5.9527547e-03	
  -6.1851293e-03	
  -7.2512843e-03	
  -9.5977273e-03	
  -1.3065363e-02	
  -1.5806448e-02	
  -1.7620644e-02	
  -1.8255891e-02	
  -1.7855689e-02	
  -1.5775675e-02	
  -1.1953366e-02	
  -9.6769759e-03	
  -9.0226345e-03	
  -7.0646013e-03	
  -2.4672274e-03	
   6.0470054e-03	
   1.7382777e-02	
   2.8642794e-02	
   3.9166918e-02	
   4.7518867e-02	
   5.2961311e-02	
   5.7317163e-02	
   6.0522345e-02	
   6.2512694e-02	
   6.3754739e-02	
   6.2991555e-02	
   6.0032031e-02	
   5.5234269e-02	
   4.9842362e-02	
   4.5571112e-02	
   4.1676891e-02	
   3.8471107e-02	
   3.6177315e-02	
   3.3650722e-02	
   3.2251267e-02	
   3.2425389e-02	
   3.0798370e-02	
   2.6288016e-02	
   2.0904907e-02	
   1.5179758e-02	
   1.1533168e-02	
   1.2738266e-02	
   1.7632971e-02	
   2.4310939e-02	
   3.0624486e-02	
   3.3505868e-02	
   3.2222445e-02	
   2.9984030e-02	
   2.8621292e-02	
   2.7669911e-02	
   2.8328955e-02	
   2.9991885e-02	
   2.9835076e-02	
   2.6562717e-02	
   2.1737572e-02	
   1.6976915e-02	
   1.2119676e-02	
   8.1906598e-03	
   5.4657387e-03	
   3.7808459e-03	
   3.0189423e-03	
   6.5561921e-04	
  -4.6387550e-03	
  -1.2224920e-02	
  -2.0553846e-02	
  -2.7486342e-02	
  -3.2487382e-02	
  -3.5968766e-02	
  -3.7450058e-02	
  -3.6968986e-02	
  -3.5668776e-02	
  -3.4008860e-02	
  -3.2358864e-02	
  -3.1313864e-02	
  -3.1353754e-02	
  -3.2469228e-02	
  -3.3543179e-02	
  -3.3135541e-02	
  -3.0341090e-02	
  -2.5181737e-02	
  -1.8883209e-02	
  -1.3063871e-02	
  -1.1174879e-02	
  -1.6379648e-02	
  -2.5234593e-02	
  -3.4171341e-02	
  -4.2392348e-02	
  -4.7463816e-02	
  -4.9347157e-02	
  -4.9440204e-02	
  -4.7629303e-02	
  -4.4071746e-02	
  -4.2220174e-02	
  -4.3761381e-02	
  -4.5648735e-02	
  -4.8291916e-02	
  -5.1660954e-02	
  -5.3097286e-02	
  -5.1435611e-02	
  -4.4807050e-02	
  -3.5106374e-02	
  -2.6282377e-02	
  -1.8708886e-02	
  -1.2577068e-02	
  -8.0167175e-03	
  -4.8064566e-03	
  -2.8709256e-03	
  -1.6946422e-03	
  -2.5842883e-03	
  -6.2189706e-03	
  -1.1046340e-02	
  -1.5536533e-02	
  -1.7197189e-02	
  -1.5722468e-02	
  -1.3669578e-02	
  -1.2728965e-02	
  -1.3750081e-02	
  -1.5982732e-02	
  -1.9199262e-02	
  -2.3279724e-02	
  -2.5854884e-02	
  -2.6358683e-02	
  -2.6176393e-02	
  -2.4407438e-02	
  -2.0253316e-02	
  -1.4858813e-02	
  -8.7229243e-03	
  -2.8892808e-03	
   2.7632450e-03	
   8.9794426e-03	
   1.4048662e-02	
   1.6483324e-02	
   1.5987957e-02	
   1.3233349e-02	
   8.9624049e-03	
   5.3264068e-03	
   3.8255874e-03	
   3.5092504e-03	
   4.4243712e-03	
   5.6870279e-03	
   5.7711713e-03	
   5.1190872e-03	
   4.6305037e-03	
   3.6652284e-03	
   3.3928002e-03	
   5.3761864e-03	
   7.4032231e-03	
   9.6661497e-03	
   1.2849387e-02	
   1.5583387e-02	
   1.8179928e-02	
   2.0072230e-02	
   2.1002803e-02	
   2.2475588e-02	
   2.5315480e-02	
   2.9400887e-02	
   3.3443875e-02	
   3.6834135e-02	
   3.9889343e-02	
   4.1346457e-02	
   3.9712082e-02	
   3.5220066e-02	
   3.0028522e-02	
   2.5604552e-02	
   2.1819830e-02	
   1.9040004e-02	
   1.6767903e-02	
   1.4421702e-02	
   1.1593619e-02	
   8.0023759e-03	
   5.2370133e-03	
   3.4753431e-03	
   2.7604954e-03	
   4.8094871e-03	
   8.6195655e-03	
   1.2056675e-02	
   1.5274347e-02	
   1.8250800e-02	
   2.0155070e-02	
   2.2669983e-02	
   2.6300995e-02	
   2.9253554e-02	
   3.2674985e-02	
   3.5589038e-02	
   3.6087416e-02	
   3.6167559e-02	
   3.5929315e-02	
   3.5803832e-02	
   3.7244289e-02	
   3.8847043e-02	
   3.9948766e-02	
   4.0852373e-02	
   4.1321950e-02	
   4.1090504e-02	
   3.9805546e-02	
   3.5859718e-02	
   2.8083627e-02	
   1.8757382e-02	
   8.7519544e-03	
  -1.0326109e-03	
  -7.0313034e-03	
  -9.3376059e-03	
  -7.9346683e-03	
  -3.2914160e-03	
   1.2482680e-03	
   4.6578576e-03	
   5.5941233e-03	
   5.1150242e-03	
   4.5297072e-03	
   3.0944519e-03	
   3.7068583e-03	
   6.9456050e-03	
   1.1782576e-02	
   1.7951445e-02	
   2.3938526e-02	
   2.9162828e-02	
   3.2490764e-02	
   3.4024970e-02	
   3.5146757e-02	
   3.6436220e-02	
   3.7432928e-02	
   3.6115267e-02	
   3.2744030e-02	
   2.8831730e-02	
   2.4104927e-02	
   1.8258161e-02	
   1.1631331e-02	
   5.6345940e-03	
   4.1112005e-04	
  -4.6344872e-03	
  -8.8184373e-03	
  -1.2311851e-02	
  -1.4921145e-02	
  -1.6170468e-02	
  -1.6921146e-02	
  -1.7693927e-02	
  -1.7950174e-02	
  -1.6348089e-02	
  -1.2374994e-02	
  -7.3784900e-03	
  -2.0423927e-03	
   3.5025315e-03	
   8.0068903e-03	
   1.0472417e-02	
   1.0142498e-02	
   7.5116439e-03	
   5.2544815e-03	
   4.2196222e-03	
   3.5825927e-03	
   3.0546219e-03	
   1.4941368e-03	
  -1.7960933e-03	
  -6.3823668e-03	
  -1.2190180e-02	
  -1.8439874e-02	
  -2.3928502e-02	
  -2.7273827e-02	
  -2.6809425e-02	
  -2.3565473e-02	
  -1.8865163e-02	
  -1.3181438e-02	
  -8.8637527e-03	
  -6.2846133e-03	
  -4.1435178e-03	
  -2.5949691e-03	
  -1.6319201e-03	
  -1.5581255e-03	
  -2.6066112e-03	
  -3.3553554e-03	
  -2.4900762e-03	
  -3.7334840e-04	
   2.0063080e-03	
   4.7919938e-03	
   6.7743797e-03	
   6.9398241e-03	
   6.3716283e-03	
   4.4142556e-03	
   2.5435300e-03	
   1.9098136e-03	
   1.4919151e-03	
   3.1335420e-03	
   6.8919213e-03	
   1.1200143e-02	
   1.5303327e-02	
   1.8888952e-02	
   2.1699555e-02	
   2.3113385e-02	
   2.4001121e-02	
   2.5081994e-02	
   2.7268702e-02	
   3.0653311e-02	
   3.3580527e-02	
   3.4506427e-02	
   3.2325771e-02	
   2.8039172e-02	
   2.1999658e-02	
   1.4226772e-02	
   6.1109176e-03	
  -7.7090193e-04	
  -4.7846454e-03	
  -6.7788565e-03	
  -7.4654257e-03	
  -7.1814574e-03	
  -6.6002409e-03	
  -5.7387095e-03	
  -5.8345443e-03	
  -6.4590865e-03	
  -6.5250093e-03	
  -6.2403429e-03	
  -5.6399946e-03	
  -5.3475743e-03	
  -5.8583620e-03	
  -7.2914332e-03	
  -9.5252461e-03	
  -1.1452092e-02	
  -1.2482843e-02	
  -1.3770525e-02	
  -1.5170441e-02	
  -1.5339977e-02	
  -1.4235717e-02	
  -1.1411897e-02	
  -7.0703989e-03	
  -2.6723338e-03	
   8.1027962e-04	
   1.7523463e-03	
  -6.0479751e-04	
  -5.0425137e-03	
  -9.8451624e-03	
  -1.3458012e-02	
  -1.5802975e-02	
  -1.7204587e-02	
  -1.7893025e-02	
  -1.8674426e-02	
  -2.0050298e-02	
  -2.2971608e-02	
  -2.7107476e-02	
  -3.0865793e-02	
  -3.3963942e-02	
  -3.6112667e-02	
  -3.7540593e-02	
  -3.9400086e-02	
  -4.1448596e-02	
  -4.1883182e-02	
  -4.0922355e-02	
  -3.9797976e-02	
  -3.7264111e-02	
  -3.4123480e-02	
  -3.2074043e-02	
  -3.0496193e-02	
  -3.0369903e-02	
  -3.1750624e-02	
  -3.3827904e-02	
  -3.6827760e-02	
  -3.9471163e-02	
  -4.2288057e-02	
  -4.6456269e-02	
  -5.0968579e-02	
  -5.5235649e-02	
  -5.8760810e-02	
  -6.0834508e-02	
  -6.0846421e-02	
  -5.8928888e-02	
  -5.6583657e-02	
  -5.4140447e-02	
  -5.1383402e-02	
  -4.9447477e-02	
  -4.8026612e-02	
  -4.5931428e-02	
  -4.3623650e-02	
  -4.0813144e-02	
  -3.7271664e-02	
  -3.4283883e-02	
  -3.1759385e-02	
  -2.9313914e-02	
  -2.6941517e-02	
  -2.4995832e-02	
  -2.3657324e-02	
  -2.1521670e-02	
  -1.8682556e-02	
  -1.5309505e-02	
  -1.1727324e-02	
  -8.9045913e-03	
  -4.9573588e-03	
   2.5198428e-04	
   4.4695695e-03	
   7.1382069e-03	
   8.5188985e-03	
   8.5152201e-03	
   7.0695546e-03	
   5.0574447e-03	
   2.7343424e-03	
  -6.1297819e-04	
  -4.4022172e-03	
  -6.8976521e-03	
  -7.6513312e-03	
  -6.2094611e-03	
  -2.3062285e-03	
   1.5784416e-03	
   3.3779780e-03	
   2.3285346e-03	
  -1.1320514e-03	
  -5.2709549e-03	
  -9.1217799e-03	
  -1.1689353e-02	
  -1.2872845e-02	
  -1.3095990e-02	
  -1.2694012e-02	
  -1.2816762e-02	
  -1.3566792e-02	
  -1.4657609e-02	
  -1.5636348e-02	
  -1.5277214e-02	
  -1.3572690e-02	
  -1.0964094e-02	
  -7.5840415e-03	
  -3.9463129e-03	
   1.4550680e-04	
   4.1920969e-03	
   6.8186208e-03	
   8.8920429e-03	
   1.0976279e-02	
   1.1686034e-02	
   1.1581054e-02	
   1.2945544e-02	
   1.5823294e-02	
   1.8280273e-02	
   1.9047528e-02	
   1.7638158e-02	
   1.5055131e-02	
   1.2684126e-02	
   1.2011046e-02	
   1.4895405e-02	
   2.0046724e-02	
   2.5352887e-02	
   2.8764574e-02	
   2.8829176e-02	
   2.7126578e-02	
   2.3911703e-02	
   2.0367894e-02	
   1.9142059e-02	
   2.0250194e-02	
   2.4448051e-02	
   3.2556712e-02	
   4.1721713e-02	
   4.9011545e-02	
   5.3984533e-02	
   5.6331686e-02	
   5.6392255e-02	
   5.3859300e-02	
   4.9587006e-02	
   4.6634086e-02	
   4.4793047e-02	
   4.2907198e-02	
   4.1464087e-02	
   4.2028312e-02	
   4.5448513e-02	
   4.8823821e-02	
   5.0227758e-02	
   5.1222598e-02	
   5.2180319e-02	
   5.1965217e-02	
   5.0827379e-02	
   5.0027578e-02	
   5.0341412e-02	
   5.0589579e-02	
   4.8285186e-02	
   4.4463830e-02	
   4.0901133e-02	
   3.6949097e-02	
   3.4510786e-02	
   3.4588129e-02	
   3.5182136e-02	
   3.5090707e-02	
   3.3625283e-02	
   3.1733933e-02	
   3.0973428e-02	
   3.1284754e-02	
   3.3179364e-02	
   3.5597950e-02	
   3.5290975e-02	
   3.3989110e-02	
   3.4424357e-02	
   3.6009726e-02	
   3.8683413e-02	
   4.0214334e-02	
   3.8703540e-02	
   3.5555682e-02	
   3.1907219e-02	
   2.8288639e-02	
   2.4045738e-02	
   1.8928252e-02	
   1.3000845e-02	
   6.2677386e-03	
   1.5054981e-03	
  -2.9870063e-04	
  -2.1577319e-04	
   2.9904389e-04	
  -9.1892368e-04	
  -2.5163621e-03	
  -3.5016387e-03	
  -4.7601338e-03	
  -6.1587702e-03	
  -8.0090681e-03	
  -1.0854064e-02	
  -1.3579884e-02	
  -1.4510356e-02	
  -1.4354513e-02	
  -1.3152947e-02	
  -1.1379891e-02	
  -1.1591558e-02	
  -1.3537110e-02	
  -1.5787572e-02	
  -1.7515650e-02	
  -1.7882767e-02	
  -1.7561944e-02	
  -1.7278285e-02	
  -1.7114759e-02	
  -1.7547724e-02	
  -1.8792277e-02	
  -2.0788244e-02	
  -2.3347152e-02	
  -2.6015300e-02	
  -2.7950360e-02	
  -2.7836957e-02	
  -2.5546095e-02	
  -2.1508040e-02	
  -1.6364905e-02	
  -1.2205266e-02	
  -1.0347770e-02	
  -1.0200525e-02	
  -9.7976776e-03	
  -8.0884923e-03	
  -6.0879276e-03	
  -3.8445002e-03	
  -1.8100299e-03	
  -1.1358795e-03	
  -1.2742592e-03	
  -1.5462200e-03	
  -8.1183835e-04	
   1.1151985e-03	
   2.1653257e-03	
   1.4908739e-03	
  -7.2370179e-04	
  -4.2229035e-03	
  -8.3837257e-03	
  -1.2611750e-02	
  -1.5827817e-02	
  -1.7338310e-02	
  -1.6611897e-02	
  -1.3938519e-02	
  -1.0967877e-02	
  -7.5934549e-03	
  -3.3730794e-03	
   9.8774403e-04	
   5.4192404e-03	
   9.2936908e-03	
   1.2442272e-02	
   1.4672176e-02	
   1.5080826e-02	
   1.4248663e-02	
   1.1898357e-02	
   9.1430812e-03	
   8.4538368e-03	
   8.6412429e-03	
   8.6127312e-03	
   7.9006138e-03	
   6.2506675e-03	
   4.6796229e-03	
   2.8367532e-03	
   7.0220907e-04	
  -9.3022263e-04	
  -1.3343580e-03	
  -1.1324657e-03	
  -9.1502332e-04	
   1.0125653e-03	
   4.3280347e-03	
   7.5572101e-03	
   1.0024631e-02	
   1.0978862e-02	
   1.0515091e-02	
   7.8238105e-03	
   2.4013285e-03	
  -4.0795939e-03	
  -9.9911196e-03	
  -1.4803871e-02	
  -1.8340858e-02	
  -2.0413841e-02	
  -2.1004784e-02	
  -2.0209017e-02	
  -1.8155149e-02	
  -1.4660886e-02	
  -1.0463129e-02	
  -7.8676294e-03	
  -8.3342178e-03	
  -1.1791362e-02	
  -1.6839113e-02	
  -2.1874914e-02	
  -2.5789329e-02	
  -2.7507920e-02	
  -2.7312450e-02	
  -2.5354012e-02	
  -2.2089269e-02	
  -1.9568900e-02	
  -1.8333279e-02	
  -1.8131586e-02	
  -1.9109238e-02	
  -2.0755343e-02	
  -2.2764096e-02	
  -2.5315765e-02	
  -2.8381021e-02	
  -3.1793235e-02	
  -3.4704554e-02	
  -3.6195736e-02	
  -3.6972121e-02	
  -3.7458681e-02	
  -3.7096605e-02	
  -3.6028243e-02	
  -3.4512638e-02	
  -3.2641833e-02	
  -3.0448587e-02	
  -2.8614788e-02	
  -2.8451676e-02	
  -2.9865210e-02	
  -3.1926330e-02	
  -3.4339181e-02	
  -3.6399143e-02	
  -3.7507115e-02	
  -3.8460937e-02	
  -3.9686316e-02	
  -4.1135994e-02	
  -4.3177394e-02	
  -4.5895815e-02	
  -4.9288972e-02	
  -5.2151686e-02	
  -5.2617756e-02	
  -5.0670921e-02	
  -4.7447305e-02	
  -4.3181824e-02	
  -3.7627553e-02	
  -3.1424613e-02	
  -2.6469252e-02	
  -2.3583109e-02	
  -2.1800531e-02	
  -2.1466394e-02	
  -2.2418218e-02	
  -2.3246723e-02	
  -2.3043784e-02	
  -2.1424456e-02	
  -1.8470964e-02	
  -1.4102150e-02	
  -9.9844609e-03	
  -7.4163232e-03	
  -6.4186910e-03	
  -7.8434899e-03	
  -1.0563562e-02	
  -1.3317041e-02	
  -1.6556608e-02	
  -2.0226744e-02	
  -2.3491642e-02	
  -2.5805543e-02	
  -2.7772597e-02	
  -2.8924697e-02	
  -2.8405102e-02	
  -2.7307731e-02	
  -2.5481029e-02	
  -2.2837886e-02	
  -2.1039604e-02	
  -1.9317832e-02	
  -1.6848242e-02	
  -1.4445102e-02	
  -1.2243479e-02	
  -1.0701644e-02	
  -1.0255233e-02	
  -1.0859209e-02	
  -1.1547480e-02	
  -1.1535074e-02	
  -1.1504041e-02	
  -1.1121530e-02	
  -1.0234337e-02	
  -9.9391120e-03	
  -1.1361449e-02	
  -1.4920117e-02	
  -1.9259835e-02	
  -2.3867863e-02	
  -2.8978431e-02	
  -3.2677840e-02	
  -3.2685849e-02	
  -2.9199001e-02	
  -2.3891923e-02	
  -1.6612311e-02	
  -8.5862007e-03	
  -2.5726299e-03	
   1.8507301e-03	
   5.1324339e-03	
   7.5705150e-03	
   1.0529825e-02	
   1.3675422e-02	
   1.7085905e-02	
   2.1610822e-02	
   2.6377631e-02	
   3.0692214e-02	
   3.4483612e-02	
   3.6747103e-02	
   3.6375008e-02	
   3.3164204e-02	
   2.7029080e-02	
   1.8302205e-02	
   9.7246655e-03	
   3.5824866e-03	
  -1.9905866e-05	
  -6.3539051e-04	
   1.7645883e-03	
   6.9517914e-03	
   1.3672822e-02	
   1.9623215e-02	
   2.3859202e-02	
   2.5446293e-02	
   2.5068844e-02	
   2.5543892e-02	
   2.8197064e-02	
   3.3090431e-02	
   3.9532843e-02	
   4.6233726e-02	
   5.2619178e-02	
   5.8273547e-02	
   6.2002860e-02	
   6.2983864e-02	
   6.1557606e-02	
   5.8772932e-02	
   5.5588608e-02	
   5.2398265e-02	
   4.9790363e-02	
   4.7286166e-02	
   4.3895936e-02	
   4.0002725e-02	
   3.5669248e-02	
   3.1103840e-02	
   2.7086973e-02	
   2.4101103e-02	
   2.2005635e-02	
   2.0779085e-02	
   2.0413883e-02	
   1.9681718e-02	
   1.9104109e-02	
   1.9353045e-02	
   2.0248898e-02	
   2.2435034e-02	
   2.5318319e-02	
   2.8988112e-02	
   3.3235084e-02	
   3.7091543e-02	
   4.0634708e-02	
   4.3384011e-02	
   4.4696029e-02	
   4.4575645e-02	
   4.3589876e-02	
   4.1129616e-02	
   3.6673861e-02	
   3.1405477e-02	
   2.6186417e-02	
   2.1316596e-02	
   1.6636534e-02	
   1.3258467e-02	
   1.1617052e-02	
   1.0297789e-02	
   9.5799121e-03	
   9.2077124e-03	
   8.1498421e-03	
   6.2035840e-03	
   3.7892373e-03	
   1.8972050e-03	
   1.0569201e-03	
   2.2970580e-03	
   5.7175043e-03	
   1.0214332e-02	
   1.4658257e-02	
   1.7506204e-02	
   1.9203167e-02	
   2.0609862e-02	
   2.1958602e-02	
   2.3618517e-02	
   2.4402832e-02	
   2.3968818e-02	
   2.2401870e-02	
   1.9420878e-02	
   1.5900231e-02	
   1.2880068e-02	
   1.1242336e-02	
   1.0915907e-02	
   1.2526603e-02	
   1.6243183e-02	
   1.9840830e-02	
   2.2377128e-02	
   2.3571170e-02	
   2.3667310e-02	
   2.3699881e-02	
   2.3919900e-02	
   2.4606527e-02	
   2.4721761e-02	
   2.3322724e-02	
   2.0724979e-02	
   1.6992331e-02	
   1.3344052e-02	
   1.0375128e-02	
   8.5941636e-03	
   9.5847233e-03	
   1.2079782e-02	
   1.5324691e-02	
   1.9118371e-02	
   2.1338407e-02	
   2.3242664e-02	
   2.4714894e-02	
   2.3485656e-02	
   2.1581653e-02	
   2.0103723e-02	
   1.9439115e-02	
   2.1034943e-02	
   2.4033307e-02	
   2.6751770e-02	
   2.7768367e-02	
   2.6371603e-02	
   2.2755431e-02	
   1.8161431e-02	
   1.2997091e-02	
   6.6112845e-03	
   4.9554903e-04	
  -4.2194926e-03	
  -7.4650996e-03	
  -8.8805772e-03	
  -8.9056865e-03	
  -7.8897960e-03	
  -6.7932775e-03	
  -6.4278619e-03	
  -6.3937949e-03	
  -6.7042644e-03	
  -7.7882387e-03	
  -9.8021920e-03	
  -1.2021784e-02	
  -1.3175126e-02	
  -1.2763981e-02	
  -1.0710192e-02	
  -7.6312128e-03	
  -5.0843514e-03	
  -3.2417923e-03	
  -2.0942841e-03	
  -2.2836197e-03	
  -3.5605474e-03	
  -5.9506355e-03	
  -8.9852068e-03	
  -1.1624246e-02	
  -1.2869580e-02	
  -1.1804358e-02	
  -8.8845858e-03	
  -5.1631611e-03	
  -1.6892450e-03	
   7.4677706e-04	
   2.2617704e-03	
   2.8133135e-03	
   2.4111548e-03	
   1.3574466e-03	
  -3.9356309e-04	
  -2.0390466e-03	
  -2.6266593e-03	
  -2.3047308e-03	
  -1.6621310e-03	
  -7.4752110e-04	
   1.5438784e-03	
   5.4269692e-03	
   9.8559593e-03	
   1.3540019e-02	
   1.5221386e-02	
   1.5525026e-02	
   1.5147869e-02	
   1.3450734e-02	
   1.0749163e-02	
   8.1394423e-03	
   6.6400429e-03	
   6.2773484e-03	
   6.0915809e-03	
   5.9270310e-03	
   6.2709238e-03	
   7.4827476e-03	
   9.1219262e-03	
   1.0481563e-02	
   1.1730886e-02	
   1.2422906e-02	
   1.2366538e-02	
   1.2475331e-02	
   1.3186073e-02	
   1.4277973e-02	
   1.4650950e-02	
   1.3771353e-02	
   1.2026675e-02	
   9.5853043e-03	
   7.4282529e-03	
   6.5119008e-03	
   6.4888815e-03	
   6.2329276e-03	
   4.5487011e-03	
   1.9245932e-03	
  -4.1235976e-04	
  -2.3496486e-03	
  -3.8489967e-03	
  -4.6214205e-03	
  -4.2879067e-03	
  -3.2238405e-03	
  -2.2240434e-03	
  -8.2738878e-04	
   9.9718623e-04	
   2.2567022e-03	
   2.6403242e-03	
   2.5690552e-03	
   2.7074863e-03	
   3.0838890e-03	
   3.6912794e-03	
   4.6596926e-03	
   5.0492937e-03	
   4.4371745e-03	
   3.6468084e-03	
   2.4231276e-03	
   1.3750724e-04	
  -2.4407580e-03	
  -4.8766639e-03	
  -7.3892744e-03	
  -1.0383597e-02	
  -1.4131560e-02	
  -1.7574087e-02	
  -1.9946659e-02	
  -2.1458105e-02	
  -2.2584402e-02	
  -2.3843732e-02	
  -2.5326143e-02	
  -2.7616177e-02	
  -3.1244509e-02	
  -3.5526016e-02	
  -3.8973722e-02	
  -4.0632672e-02	
  -4.0459854e-02	
  -3.8698687e-02	
  -3.6608386e-02	
  -3.5245689e-02	
  -3.4740732e-02	
  -3.5325611e-02	
  -3.6665372e-02	
  -3.7971714e-02	
  -3.8417707e-02	
  -3.8264518e-02	
  -3.7785286e-02	
  -3.6832856e-02	
  -3.5986155e-02	
  -3.5161274e-02	
  -3.4702343e-02	
  -3.4740866e-02	
  -3.5073067e-02	
  -3.5477370e-02	
  -3.5555824e-02	
  -3.6886519e-02	
  -3.9115504e-02	
  -4.1098688e-02	
  -4.3376612e-02	
  -4.5457040e-02	
  -4.7639376e-02	
  -5.1654434e-02	
  -5.4409137e-02	
  -5.7322723e-02	
  -5.9775212e-02	
  -6.0269915e-02	
  -5.8305733e-02	
  -5.4569524e-02	
  -4.9876387e-02	
  -4.5567518e-02	
  -4.2407061e-02	
  -4.0407600e-02	
  -3.9255442e-02	
  -3.8356587e-02	
  -3.8089836e-02	
  -3.8739525e-02	
  -3.9212634e-02	
  -3.8884550e-02	
  -3.7528688e-02	
  -3.4479052e-02	
  -3.0732430e-02	
  -2.7313428e-02	
  -2.4252368e-02	
  -2.1857061e-02	
  -2.0258830e-02	
  -1.9805016e-02	
  -1.9764938e-02	
  -1.9856296e-02	
  -2.0312973e-02	
  -1.9894108e-02	
  -1.8888760e-02	
  -1.7639149e-02	
  -1.5500067e-02	
  -1.2461884e-02	
  -8.8395463e-03	
  -5.9092409e-03	
  -4.4543961e-03	
  -4.2209473e-03	
  -4.5381382e-03	
  -4.4027731e-03	
  -2.8853470e-03	
   8.3009157e-04	
   5.9516136e-03	
   1.0493819e-02	
   1.2519815e-02	
   1.0594005e-02	
   5.2896019e-03	
  -1.3644017e-03	
  -6.5374155e-03	
  -7.8336795e-03	
  -5.8697065e-03	
  -2.1995156e-03	
   2.6229132e-03	
   7.4554898e-03	
   1.1355388e-02	
   1.4841679e-02	
   1.7612493e-02	
   1.8790041e-02	
   1.9435132e-02	
   2.0210609e-02	
   2.0798990e-02	
   2.1110149e-02	
   2.0783687e-02	
   2.0664812e-02	
   2.0381847e-02	
   1.8772355e-02	
   1.7721260e-02	
   1.7803427e-02	
   1.8258411e-02	
   1.9081637e-02	
   1.9905703e-02	
   2.0744583e-02	
   2.0737143e-02	
   2.0549800e-02	
   2.1845441e-02	
   2.3874392e-02	
   2.6038537e-02	
   2.7837308e-02	
   2.9392364e-02	
   3.1810619e-02	
   3.4112896e-02	
   3.4551190e-02	
   3.3113973e-02	
   3.0905854e-02	
   2.8238730e-02	
   2.5253248e-02	
   2.2803522e-02	
   2.1385536e-02	
   2.0513872e-02	
   1.9640177e-02	
   1.9819495e-02	
   2.0871141e-02	
   2.1513478e-02	
   2.1925187e-02	
   2.1890585e-02	
   2.1905031e-02	
   2.2748801e-02	
   2.4547552e-02	
   2.7090864e-02	
   2.9570474e-02	
   3.1416320e-02	
   3.1554795e-02	
   2.9672089e-02	
   2.6930636e-02	
   2.4340190e-02	
   2.2457088e-02	
   2.1684235e-02	
   2.2058316e-02	
   2.2731772e-02	
   2.2841685e-02	
   2.2249672e-02	
   2.0929519e-02	
   1.8796892e-02	
   1.6945624e-02	
   1.6540289e-02	
   1.7065322e-02	
   1.7978786e-02	
   1.8922864e-02	
   1.9658657e-02	
   2.0054950e-02	
   1.9839513e-02	
   1.9334490e-02	
   1.8223145e-02	
   1.6602471e-02	
   1.5685174e-02	
   1.4610680e-02	
   1.2481455e-02	
   9.8583377e-03	
   6.2155889e-03	
   1.8522813e-03	
  -1.9998303e-03	
  -5.8883869e-03	
  -1.0308428e-02	
  -1.4490426e-02	
  -1.8196919e-02	
  -2.1235754e-02	
  -2.2960840e-02	
  -2.2815840e-02	
  -2.0922522e-02	
  -1.8504998e-02	
  -1.6156260e-02	
  -1.3820179e-02	
  -1.1653527e-02	
  -1.0737906e-02	
  -1.1363037e-02	
  -1.2440930e-02	
  -1.3824455e-02	
  -1.4238380e-02	
  -1.3000469e-02	
  -1.1190537e-02	
  -9.0783539e-03	
  -7.3636218e-03	
  -7.1853824e-03	
  -8.6439808e-03	
  -1.1184852e-02	
  -1.4544945e-02	
  -1.8186896e-02	
  -2.1181230e-02	
  -2.3289209e-02	
  -2.4845728e-02	
  -2.5953068e-02	
  -2.6848846e-02	
  -2.8453486e-02	
  -3.1212231e-02	
  -3.4369469e-02	
  -3.6798237e-02	
  -3.8224850e-02	
  -3.8516000e-02	
  -3.7581498e-02	
  -3.5835780e-02	
  -3.3538798e-02	
  -3.1331746e-02	
  -2.9462550e-02	
  -2.7615596e-02	
  -2.5447363e-02	
  -2.2709572e-02	
  -1.9825518e-02	
  -1.6792824e-02	
  -1.3575436e-02	
  -1.0928957e-02	
  -9.2711146e-03	
  -8.6655371e-03	
  -8.4255466e-03	
  -8.1194619e-03	
  -8.3020276e-03	
  -8.8122635e-03	
  -9.0164314e-03	
  -8.8618508e-03	
  -8.9049299e-03	
  -9.2172302e-03	
  -9.8798020e-03	
  -1.1371665e-02	
  -1.2946467e-02	
  -1.4199669e-02	
  -1.5175139e-02	
  -1.5801094e-02	
  -1.6378874e-02	
  -1.6282931e-02	
  -1.5781147e-02	
  -1.4278901e-02	
  -1.0168732e-02	
  -5.3358829e-03	
  -1.1526375e-03	
   3.0233585e-03	
   5.7366027e-03	
   6.0495175e-03	
   5.6640756e-03	
   5.1712828e-03	
   4.8281550e-03	
   5.4598742e-03	
   6.0119561e-03	
   6.7766578e-03	
   8.3224636e-03	
   8.5669978e-03	
   7.0395965e-03	
   5.2137056e-03	
   3.9634580e-03	
   4.0733272e-03	
   5.2631049e-03	
   5.8870618e-03	
   5.7403731e-03	
   4.9168629e-03	
   3.5208286e-03	
   2.8328784e-03	
   2.7330178e-03	
   2.8244695e-03	
   3.5755962e-03	
   5.2035148e-03	
   7.7042876e-03	
   1.0342043e-02	
   1.2166488e-02	
   1.3068703e-02	
   1.3510391e-02	
   1.3423585e-02	
   1.2762405e-02	
   1.2218186e-02	
   1.2413601e-02	
   1.3618724e-02	
   1.5270154e-02	
   1.6049996e-02	
   1.5386756e-02	
   1.4010152e-02	
   1.2577938e-02	
   1.1122666e-02	
   9.9845445e-03	
   9.1759193e-03	
   8.6537871e-03	
   8.7842909e-03	
   9.6342814e-03	
   1.0946291e-02	
   1.2020572e-02	
   1.2504595e-02	
   1.2426087e-02	
   1.1956710e-02	
   1.1352972e-02	
   1.0766831e-02	
   1.0397190e-02	
   1.0046760e-02	
   9.8872299e-03	
   9.8706980e-03	
   9.6518206e-03	
   9.8750452e-03	
   1.0534892e-02	
   1.0909842e-02	
   1.0759040e-02	
   9.9510292e-03	
   8.5269826e-03	
   6.5750606e-03	
   4.4816915e-03	
   2.6712737e-03	
   1.2879880e-03	
   6.3070097e-04	
   6.2612471e-04	
   1.0721541e-03	
   1.5791923e-03	
   1.4520956e-03	
   7.5849026e-04	
  -3.0848914e-04	
  -1.6632663e-03	
  -2.9271537e-03	
  -3.8778023e-03	
  -4.2718388e-03	
  -4.1335970e-03	
  -3.5858598e-03	
  -2.9110134e-03	
  -2.6411292e-03	
  -2.8403422e-03	
  -3.5298311e-03	
  -4.7242151e-03	
  -6.0855282e-03	
  -7.1975044e-03	
  -7.8937210e-03	
  -8.3090542e-03	
  -8.3703121e-03	
  -7.8282747e-03	
  -6.6956745e-03	
  -5.2167445e-03	
  -3.7429601e-03	
  -2.6771926e-03	
  -2.2386709e-03	
  -2.3784334e-03	
  -2.8392257e-03	
  -3.5393072e-03	
  -4.3141153e-03	
  -4.8926733e-03	
  -5.4225384e-03	
  -5.7254380e-03	
  -5.5737917e-03	
  -5.0267092e-03	
  -4.0804232e-03	
  -2.9669719e-03	
  -2.1502300e-03	
  -2.1320763e-03	
  -2.2563255e-03	
  -1.8406321e-03	
  -1.6212101e-03	
  -1.6351433e-03	
  -1.6658136e-03	
  -1.8924336e-03	
  -1.7809968e-03	
  -1.0158466e-03	
   1.2653968e-04	
   1.3788675e-03	
   2.5423521e-03	
   3.5253297e-03	
   4.1885147e-03	
   4.5998768e-03	
   5.1317108e-03	
   5.6976284e-03	
   6.3027587e-03	
   6.8932840e-03	
   7.2412439e-03	
   7.7104823e-03	
   8.3374614e-03	
   8.8761339e-03	
   9.2605726e-03	
   9.6744386e-03	
   1.0195668e-02	
   1.0352811e-02	
   1.0095419e-02	
   9.7637192e-03	
   9.5315077e-03	
   9.3761998e-03	
   9.5010188e-03	
   9.9937906e-03	
   1.0223093e-02	
   1.0078933e-02	
   9.7373476e-03	
   9.0403577e-03	
   8.0319160e-03	
   6.8835404e-03	
   5.9950020e-03	
   5.7100388e-03	
   6.0598798e-03	
   6.6775542e-03	
   7.1615606e-03	
   7.5690855e-03	
   7.7846481e-03	
   7.8631945e-03	
   8.0005702e-03	
   8.0728883e-03	
   8.4420534e-03	
   9.1972206e-03	
   9.9675946e-03	
   1.0778519e-02	
   1.1493625e-02	
   1.1989874e-02	
   1.2161555e-02	
   1.2078913e-02	
   1.2009140e-02	
   1.1689692e-02	
   1.1071867e-02	
   1.0317649e-02	
   9.3888234e-03	
   8.4708076e-03	
   7.6741958e-03	
   6.9930689e-03	
   6.4530798e-03	
   5.8676750e-03	
   5.0748669e-03	
   4.0941804e-03	
   3.0657403e-03	
   2.2597778e-03	
   1.8318244e-03	
   1.7894012e-03	
   2.1018612e-03	
   2.5671880e-03	
   2.9714868e-03	
   3.1906003e-03	
   3.1282142e-03	
   2.8926653e-03	
   2.5080966e-03	
   1.9455400e-03	
   1.5588436e-03	
   1.4989284e-03	
   1.5555573e-03	
   1.5984976e-03	
   1.5434253e-03	
   1.2870755e-03	
   7.6304395e-04	
   1.0546796e-04	
  -6.1363696e-04	
  -1.3049977e-03	
  -1.7779342e-03	
  -2.1901373e-03	
  -2.5880457e-03	
  -2.8228238e-03	
  -2.9816045e-03	
  -3.1602986e-03	
  -3.3253442e-03	
  -3.3701179e-03	
  -3.2494689e-03	
  -3.0452387e-03	
  -2.8050279e-03	
  -2.5497419e-03	
  -2.3124579e-03	
  -2.1442585e-03	
  -2.0833308e-03	
  -2.1247826e-03	
  -2.2882787e-03	
  -2.4337419e-03	
  -2.4837610e-03	
  -2.5472887e-03	
  -2.5460313e-03	
  -2.4831403e-03	
  -2.4248636e-03	
  -2.3612473e-03	
  -2.3408104e-03	
  -2.3437281e-03	
  -2.3413338e-03	
  -2.3330448e-03	
  -2.3632140e-03	
  -2.4283656e-03	
  -2.4721268e-03	
  -2.5072969e-03	
  -2.4806921e-03	
  -2.3706034e-03	
  -2.2106624e-03	
  -2.0149067e-03	
  -1.8252764e-03	
  -1.6919361e-03	
  -1.6369453e-03	
  -1.5957451e-03	
  -1.5563093e-03	
  -1.5224672e-03	
  -1.4403891e-03	
  -1.3419250e-03	
  -1.2677919e-03	
  -1.2325742e-03	
  -1.2179325e-03	
  -1.1983446e-03	
  -1.2054376e-03	
  -1.2077048e-03	
  -1.1690716e-03	
  -1.0826075e-03	
  -9.7467150e-04	
  -8.9597882e-04	
  -7.9467903e-04	
  -7.1101884e-04	
  -7.1743179e-04	
  -7.4621527e-04	
  -7.7829928e-04	
  -8.2918409e-04	
  -8.6802131e-04	
  -8.5481502e-04	
  -8.0190708e-04	
  -7.3203629e-04	
  -6.5658897e-04	
  -6.3527974e-04	
  -6.9397029e-04	
  -8.1686772e-04	
  -9.6652384e-04	
  -1.1149962e-03	
  -1.2629832e-03	
  -1.3832180e-03	
  -1.4754727e-03	
  -1.5584917e-03	
  -1.6235634e-03	
  -1.6581132e-03	
  -1.6606354e-03	
  -1.6442444e-03	
  -1.6153079e-03	
  -1.5813383e-03	
  -1.5437062e-03	
  -1.5050621e-03	
  -1.4762222e-03	
  -1.4428336e-03	
  -1.4025547e-03	
  -1.3672521e-03	
  -1.3329105e-03	
  -1.3007119e-03	
  -1.2690150e-03	
  -1.2384170e-03	
  -1.2163403e-03	
  -1.1987404e-03	
  -1.1876036e-03	
  -1.1878548e-03	
  -1.1982041e-03	
  -1.2253695e-03	
  -1.2633022e-03	
  -1.2975840e-03	
  -1.3218991e-03	
  -1.3287229e-03	
  -1.3168191e-03	
  -1.2924986e-03	
  -1.2623391e-03	
  -1.2299374e-03	
  -1.1976131e-03	
  -1.1665021e-03	
  -1.1381413e-03	
  -1.1170912e-03	
  -1.1022969e-03	
  -1.0874650e-03	
  -1.0675394e-03	
  -1.0439688e-03	
  -1.0145972e-03	
  -9.7376444e-04	
  -9.3294256e-04	
  -8.9690594e-04	
  -8.6160208e-04	
  -8.3762268e-04	
  -8.2860767e-04	
  -8.3682095e-04	
  -8.6027493e-04	
  -8.8118914e-04	
  -8.8959512e-04	
  -8.8086854e-04	
  -8.5567526e-04	
  -8.2038018e-04	
  -7.8667349e-04	
  -7.6998317e-04	
  -7.7358131e-04	
  -7.9437389e-04	
  -8.1959225e-04	
  -8.3297870e-04	
  -8.2250738e-04	
  -7.8288265e-04	
  -7.3044288e-04	
  -6.8268596e-04	
  -6.5037372e-04	
  -6.3708634e-04	
  -6.3407256e-04	
  -6.3466194e-04	
  -6.3257152e-04	
  -6.2277904e-04	
  -6.0610669e-04	
  -5.8686071e-04	
  -5.6858032e-04	
  -5.5227581e-04	
  -5.3920077e-04	
  -5.2887325e-04	
  -5.2115111e-04	
  -5.1464453e-04	
  -5.0627449e-04	
  -4.9597623e-04	
  -4.8365860e-04	
  -4.6956323e-04	
  -4.5585910e-04	
  -4.4324511e-04	
  -4.3124391e-04	
  -4.1954827e-04	
  -4.0758156e-04	
  -3.9509255e-04	
  -3.8210822e-04	
  -3.6860766e-04	
  -3.5491042e-04	
  -3.4131811e-04	
  -3.2774080e-04	
  -3.1423514e-04	
  -3.0112616e-04	
  -2.8858298e-04	
  -2.7661840e-04	
  -2.6516595e-04	
  -2.5405944e-04	
  -2.4317798e-04	
  -2.3244692e-04	
  -2.2179991e-04	
  -2.1126025e-04	
  -2.0081903e-04	
  -1.9044414e-04	
  -1.8018538e-04	
  -1.7004328e-04	
  -1.5999213e-04	
  -1.5004954e-04	
  -1.4020640e-04	
  -1.3045671e-04	
  -1.2081266e-04	
  -1.1127081e-04	
  -1.0183111e-04	
  -9.2494162e-05	
  -8.3255443e-05	
  -7.4113448e-05	
  -6.5066214e-05	
  -5.6109770e-05	
  -4.7239643e-05	
  -3.8451670e-05	
  -2.9742247e-05	
  -2.1109117e-05	
  -1.2551227e-05	
  -4.0682402e-06	
   4.3398599e-06	
