1000 0 0 -3.2967e-05 -3.2967e-05 0 -1.64835e-05 -3.2967e-05 -1.64835e-05 -1.64835e-05
2000 0 0 -3.2967e-05 -3.2967e-05 0 -1.64835e-05 -3.2967e-05 -1.64835e-05 -1.64835e-05
3000 0 0 -3.2967e-05 -3.2967e-05 0 -1.64835e-05 -3.2967e-05 -1.64835e-05 -1.64835e-05
4000 0 0 -3.2967e-05 -3.2967e-05 0 -1.64835e-05 -3.2967e-05 -1.64835e-05 -1.64835e-05
5000 0 0 -3.2967e-05 -3.2967e-05 0 -1.64835e-05 -3.2967e-05 -1.64835e-05 -1.64835e-05
6000 0 0 -3.2967e-05 -3.2967e-05 0 -1.64835e-05 -3.2967e-05 -1.64835e-05 -1.64835e-05
7000 0 0 -3.2967e-05 -3.2967e-05 0 -1.64835e-05 -3.2967e-05 -1.64835e-05 -1.64835e-05
8000 0 0 -3.2967e-05 -3.2967e-05 0 -1.64835e-05 -3.2967e-05 -1.64835e-05 -1.64835e-05
9000 0 0 -3.2967e-05 -3.2967e-05 0 -1.64835e-05 -3.2967e-05 -1.64835e-05 -1.64835e-05
10000 0 0 -3.2967e-05 -3.2967e-05 0 -1.64835e-05 -3.2967e-05 -1.64835e-05 -1.64835e-05
11000 0 0 -3.2967e-05 -3.2967e-05 0 -1.64835e-05 -3.2967e-05 -1.64835e-05 -1.64835e-05
12000 0 0 -3.2967e-05 -3.2967e-05 0 -1.64835e-05 -3.2967e-05 -1.64835e-05 -1.64835e-05
13000 0 0 -3.2967e-05 -3.2967e-05 0 -1.64835e-05 -3.2967e-05 -1.64835e-05 -1.64835e-05
14000 0 0 -3.2967e-05 -3.2967e-05 0 -1.64835e-05 -3.2967e-05 -1.64835e-05 -1.64835e-05
15000 0 0 -3.2967e-05 -3.2967e-05 0 -1.64835e-05 -3.2967e-05 -1.64835e-05 -1.64835e-05
16000 0 0 -3.2967e-05 -3.2967e-05 0 -1.64835e-05 -3.2967e-05 -1.64835e-05 -1.64835e-05
17000 0 0 -3.2967e-05 -3.2967e-05 0 -1.64835e-05 -3.2967e-05 -1.64835e-05 -1.64835e-05
18000 0 0 -3.2967e-05 -3.2967e-05 0 -1.64835e-05 -3.2967e-05 -1.64835e-05 -1.64835e-05
19000 0 0 -3.2967e-05 -3.2967e-05 0 -1.64835e-05 -3.2967e-05 -1.64835e-05 -1.64835e-05
20000 0 0 -3.2967e-05 -3.2967e-05 0 -1.64835e-05 -3.2967e-05 -1.64835e-05 -1.64835e-05
21000 0 0 -3.2967e-05 -3.2967e-05 0 -1.64835e-05 -3.2967e-05 -1.64835e-05 -1.64835e-05
22000 0 0 -3.2967e-05 -3.2967e-05 0 -1.64835e-05 -3.2967e-05 -1.64835e-05 -1.64835e-05
23000 0 0 -3.2967e-05 -3.2967e-05 0 -1.64835e-05 -3.2967e-05 -1.64835e-05 -1.64835e-05
24000 0 0 -3.2967e-05 -3.2967e-05 0 -1.64835e-05 -3.2967e-05 -1.64835e-05 -1.64835e-05
25000 0 0 -3.2967e-05 -3.2967e-05 0 -1.64835e-05 -3.2967e-05 -1.64835e-05 -1.64835e-05
26000 0 0 -3.2967e-05 -3.2967e-05 0 -1.64835e-05 -3.2967e-05 -1.64835e-05 -1.64835e-05
27000 0 0 -3.2967e-05 -3.2967e-05 0 -1.64835e-05 -3.2967e-05 -1.64835e-05 -1.64835e-05
28000 0 0 -3.2967e-05 -3.2967e-05 0 -1.64835e-05 -3.2967e-05 -1.64835e-05 -1.64835e-05
29000 0 0 -3.2967e-05 -3.2967e-05 0 -1.64835e-05 -3.2967e-05 -1.64835e-05 -1.64835e-05
30000 0 0 -3.2967e-05 -3.2967e-05 0 -1.64835e-05 -3.2967e-05 -1.64835e-05 -1.64835e-05
31000 0 0 -3.2967e-05 -3.2967e-05 0 -1.64835e-05 -3.2967e-05 -1.64835e-05 -1.64835e-05
32000 0 0 -3.2967e-05 -3.2967e-05 0 -1.64835e-05 -3.2967e-05 -1.64835e-05 -1.64835e-05
33000 0 0 -3.2967e-05 -3.2967e-05 0 -1.64835e-05 -3.2967e-05 -1.64835e-05 -1.64835e-05
34000 0 0 -3.2967e-05 -3.2967e-05 0 -1.64835e-05 -3.2967e-05 -1.64835e-05 -1.64835e-05
35000 0 0 -3.2967e-05 -3.2967e-05 0 -1.64835e-05 -3.2967e-05 -1.64835e-05 -1.64835e-05
36000 0 0 -3.2967e-05 -3.2967e-05 0 -1.64835e-05 -3.2967e-05 -1.64835e-05 -1.64835e-05
37000 0 0 -3.2967e-05 -3.2967e-05 0 -1.64835e-05 -3.2967e-05 -1.64835e-05 -1.64835e-05
38000 0 0 -3.2967e-05 -3.2967e-05 0 -1.64835e-05 -3.2967e-05 -1.64835e-05 -1.64835e-05
39000 0 0 -3.2967e-05 -3.2967e-05 0 -1.64835e-05 -3.2967e-05 -1.64835e-05 -1.64835e-05
40000 0 0 -3.2967e-05 -3.2967e-05 0 -1.64835e-05 -3.2967e-05 -1.64835e-05 -1.64835e-05
41000 0 0 -3.2967e-05 -3.2967e-05 0 -1.64835e-05 -3.2967e-05 -1.64835e-05 -1.64835e-05
42000 0 0 -3.2967e-05 -3.2967e-05 0 -1.64835e-05 -3.2967e-05 -1.64835e-05 -1.64835e-05
43000 0 0 -3.2967e-05 -3.2967e-05 0 -1.64835e-05 -3.2967e-05 -1.64835e-05 -1.64835e-05
44000 0 0 -3.2967e-05 -3.2967e-05 0 -1.64835e-05 -3.2967e-05 -1.64835e-05 -1.64835e-05
45000 0 0 -3.2967e-05 -3.2967e-05 0 -1.64835e-05 -3.2967e-05 -1.64835e-05 -1.64835e-05
46000 0 0 -3.2967e-05 -3.2967e-05 0 -1.64835e-05 -3.2967e-05 -1.64835e-05 -1.64835e-05
47000 0 0 -3.2967e-05 -3.2967e-05 0 -1.64835e-05 -3.2967e-05 -1.64835e-05 -1.64835e-05
48000 0 0 -3.2967e-05 -3.2967e-05 0 -1.64835e-05 -3.2967e-05 -1.64835e-05 -1.64835e-05
49000 0 0 -3.2967e-05 -3.2967e-05 0 -1.64835e-05 -3.2967e-05 -1.64835e-05 -1.64835e-05
50000 0 0 -3.2967e-05 -3.2967e-05 0 -1.64835e-05 -3.2967e-05 -1.64835e-05 -1.64835e-05
51000 0 0 -3.2967e-05 -3.2967e-05 0 -1.64835e-05 -3.2967e-05 -1.64835e-05 -1.64835e-05
52000 0 0 -3.2967e-05 -3.2967e-05 0 -1.64835e-05 -3.2967e-05 -1.64835e-05 -1.64835e-05
53000 0 0 -3.2967e-05 -3.2967e-05 0 -1.64835e-05 -3.2967e-05 -1.64835e-05 -1.64835e-05
54000 0 0 -3.2967e-05 -3.2967e-05 0 -1.64835e-05 -3.2967e-05 -1.64835e-05 -1.64835e-05
55000 0 0 -3.2967e-05 -3.2967e-05 0 -1.64835e-05 -3.2967e-05 -1.64835e-05 -1.64835e-05
56000 0 0 -3.2967e-05 -3.2967e-05 0 -1.64835e-05 -3.2967e-05 -1.64835e-05 -1.64835e-05
57000 0 0 -3.2967e-05 -3.2967e-05 0 -1.64835e-05 -3.2967e-05 -1.64835e-05 -1.64835e-05
58000 0 0 -3.2967e-05 -3.2967e-05 0 -1.64835e-05 -3.2967e-05 -1.64835e-05 -1.64835e-05
59000 0 0 -3.2967e-05 -3.2967e-05 0 -1.64835e-05 -3.2967e-05 -1.64835e-05 -1.64835e-05
60000 0 0 -3.2967e-05 -3.2967e-05 0 -1.64835e-05 -3.2967e-05 -1.64835e-05 -1.64835e-05
61000 0 0 -3.2967e-05 -3.2967e-05 0 -1.64835e-05 -3.2967e-05 -1.64835e-05 -1.64835e-05
62000 0 0 -3.2967e-05 -3.2967e-05 0 -1.64835e-05 -3.2967e-05 -1.64835e-05 -1.64835e-05
63000 0 0 -3.2967e-05 -3.2967e-05 0 -1.64835e-05 -3.2967e-05 -1.64835e-05 -1.64835e-05
64000 0 0 -3.2967e-05 -3.2967e-05 0 -1.64835e-05 -3.2967e-05 -1.64835e-05 -1.64835e-05
65000 0 0 -3.2967e-05 -3.2967e-05 0 -1.64835e-05 -3.2967e-05 -1.64835e-05 -1.64835e-05
66000 0 0 -3.2967e-05 -3.2967e-05 0 -1.64835e-05 -3.2967e-05 -1.64835e-05 -1.64835e-05
67000 0 0 -3.2967e-05 -3.2967e-05 0 -1.64835e-05 -3.2967e-05 -1.64835e-05 -1.64835e-05
68000 0 0 -3.2967e-05 -3.2967e-05 0 -1.64835e-05 -3.2967e-05 -1.64835e-05 -1.64835e-05
69000 0 0 -3.2967e-05 -3.2967e-05 0 -1.64835e-05 -3.2967e-05 -1.64835e-05 -1.64835e-05
70000 0 0 -3.2967e-05 -3.2967e-05 0 -1.64835e-05 -3.2967e-05 -1.64835e-05 -1.64835e-05
71000 0 0 -3.2967e-05 -3.2967e-05 0 -1.64835e-05 -3.2967e-05 -1.64835e-05 -1.64835e-05
72000 0 0 -3.2967e-05 -3.2967e-05 0 -1.64835e-05 -3.2967e-05 -1.64835e-05 -1.64835e-05
73000 0 0 -3.2967e-05 -3.2967e-05 0 -1.64835e-05 -3.2967e-05 -1.64835e-05 -1.64835e-05
74000 0 0 -3.2967e-05 -3.2967e-05 0 -1.64835e-05 -3.2967e-05 -1.64835e-05 -1.64835e-05
75000 0 0 -3.2967e-05 -3.2967e-05 0 -1.64835e-05 -3.2967e-05 -1.64835e-05 -1.64835e-05
76000 0 0 -3.2967e-05 -3.2967e-05 0 -1.64835e-05 -3.2967e-05 -1.64835e-05 -1.64835e-05
77000 0 0 -3.2967e-05 -3.2967e-05 0 -1.64835e-05 -3.2967e-05 -1.64835e-05 -1.64835e-05
78000 0 0 -3.2967e-05 -3.2967e-05 0 -1.64835e-05 -3.2967e-05 -1.64835e-05 -1.64835e-05
79000 0 0 -3.2967e-05 -3.2967e-05 0 -1.64835e-05 -3.2967e-05 -1.64835e-05 -1.64835e-05
80000 0 0 -3.2967e-05 -3.2967e-05 0 -1.64835e-05 -3.2967e-05 -1.64835e-05 -1.64835e-05
81000 0 0 -3.2967e-05 -3.2967e-05 0 -1.64835e-05 -3.2967e-05 -1.64835e-05 -1.64835e-05
82000 0 0 -3.2967e-05 -3.2967e-05 0 -1.64835e-05 -3.2967e-05 -1.64835e-05 -1.64835e-05
83000 0 0 -3.2967e-05 -3.2967e-05 0 -1.64835e-05 -3.2967e-05 -1.64835e-05 -1.64835e-05
84000 0 0 -3.2967e-05 -3.2967e-05 0 -1.64835e-05 -3.2967e-05 -1.64835e-05 -1.64835e-05
85000 0 0 -3.2967e-05 -3.2967e-05 0 -1.64835e-05 -3.2967e-05 -1.64835e-05 -1.64835e-05
86000 0 0 -3.2967e-05 -3.2967e-05 0 -1.64835e-05 -3.2967e-05 -1.64835e-05 -1.64835e-05
87000 0 0 -3.2967e-05 -3.2967e-05 0 -1.64835e-05 -3.2967e-05 -1.64835e-05 -1.64835e-05
88000 0 0 -3.2967e-05 -3.2967e-05 0 -1.64835e-05 -3.2967e-05 -1.64835e-05 -1.64835e-05
89000 0 0 -3.2967e-05 -3.2967e-05 0 -1.64835e-05 -3.2967e-05 -1.64835e-05 -1.64835e-05
90000 0 0 -3.2967e-05 -3.2967e-05 0 -1.64835e-05 -3.2967e-05 -1.64835e-05 -1.64835e-05
91000 0 0 -3.2967e-05 -3.2967e-05 0 -1.64835e-05 -3.2967e-05 -1.64835e-05 -1.64835e-05
92000 0 0 -3.2967e-05 -3.2967e-05 0 -1.64835e-05 -3.2967e-05 -1.64835e-05 -1.64835e-05
93000 0 0 -3.2967e-05 -3.2967e-05 0 -1.64835e-05 -3.2967e-05 -1.64835e-05 -1.64835e-05
94000 0 0 -3.2967e-05 -3.2967e-05 0 -1.64835e-05 -3.2967e-05 -1.64835e-05 -1.64835e-05
95000 0 0 -3.2967e-05 -3.2967e-05 0 -1.64835e-05 -3.2967e-05 -1.64835e-05 -1.64835e-05
96000 0 0 -3.2967e-05 -3.2967e-05 0 -1.64835e-05 -3.2967e-05 -1.64835e-05 -1.64835e-05
97000 0 0 -3.2967e-05 -3.2967e-05 0 -1.64835e-05 -3.2967e-05 -1.64835e-05 -1.64835e-05
98000 0 0 -3.2967e-05 -3.2967e-05 0 -1.64835e-05 -3.2967e-05 -1.64835e-05 -1.64835e-05
99000 0 0 -3.2967e-05 -3.2967e-05 0 -1.64835e-05 -3.2967e-05 -1.64835e-05 -1.64835e-05
100000 0 0 -3.2967e-05 -3.2967e-05 0 -1.64835e-05 -3.2967e-05 -1.64835e-05 -1.64835e-05
101000 0 0 -3.2967e-05 -3.2967e-05 0 -1.64835e-05 -3.2967e-05 -1.64835e-05 -1.64835e-05
102000 0 0 -3.2967e-05 -3.2967e-05 0 -1.64835e-05 -3.2967e-05 -1.64835e-05 -1.64835e-05
103000 0 0 -3.2967e-05 -3.2967e-05 0 -1.64835e-05 -3.2967e-05 -1.64835e-05 -1.64835e-05
104000 0 0 -3.2967e-05 -3.2967e-05 0 -1.64835e-05 -3.2967e-05 -1.64835e-05 -1.64835e-05
105000 0 0 -3.2967e-05 -3.2967e-05 0 -1.64835e-05 -3.2967e-05 -1.64835e-05 -1.64835e-05
106000 0 0 -3.2967e-05 -3.2967e-05 0 -1.64835e-05 -3.2967e-05 -1.64835e-05 -1.64835e-05
107000 0 0 -3.2967e-05 -3.2967e-05 0 -1.64835e-05 -3.2967e-05 -1.64835e-05 -1.64835e-05
108000 0 0 -3.2967e-05 -3.2967e-05 0 -1.64835e-05 -3.2967e-05 -1.64835e-05 -1.64835e-05
109000 0 0 -3.2967e-05 -3.2967e-05 0 -1.64835e-05 -3.2967e-05 -1.64835e-05 -1.64835e-05
110000 0 0 -3.2967e-05 -3.2967e-05 0 -1.64835e-05 -3.2967e-05 -1.64835e-05 -1.64835e-05
111000 0 0 -3.2967e-05 -3.2967e-05 0 -1.64835e-05 -3.2967e-05 -1.64835e-05 -1.64835e-05
112000 0 0 -3.2967e-05 -3.2967e-05 0 -1.64835e-05 -3.2967e-05 -1.64835e-05 -1.64835e-05
113000 0 0 -3.2967e-05 -3.2967e-05 0 -1.64835e-05 -3.2967e-05 -1.64835e-05 -1.64835e-05
114000 0 0 -3.2967e-05 -3.2967e-05 0 -1.64835e-05 -3.2967e-05 -1.64835e-05 -1.64835e-05
115000 0 0 -3.2967e-05 -3.2967e-05 0 -1.64835e-05 -3.2967e-05 -1.64835e-05 -1.64835e-05
116000 0 0 -3.2967e-05 -3.2967e-05 0 -1.64835e-05 -3.2967e-05 -1.64835e-05 -1.64835e-05
117000 0 0 -3.2967e-05 -3.2967e-05 0 -1.64835e-05 -3.2967e-05 -1.64835e-05 -1.64835e-05
118000 0 0 -3.2967e-05 -3.2967e-05 0 -1.64835e-05 -3.2967e-05 -1.64835e-05 -1.64835e-05
119000 0 0 -3.2967e-05 -3.2967e-05 0 -1.64835e-05 -3.2967e-05 -1.64835e-05 -1.64835e-05
120000 0 0 -3.2967e-05 -3.2967e-05 0 -1.64835e-05 -3.2967e-05 -1.64835e-05 -1.64835e-05
121000 0 0 -3.2967e-05 -3.2967e-05 0 -1.64835e-05 -3.2967e-05 -1.64835e-05 -1.64835e-05
122000 0 0 -3.2967e-05 -3.2967e-05 0 -1.64835e-05 -3.2967e-05 -1.64835e-05 -1.64835e-05
123000 0 0 -3.2967e-05 -3.2967e-05 0 -1.64835e-05 -3.2967e-05 -1.64835e-05 -1.64835e-05
124000 0 0 -3.2967e-05 -3.2967e-05 0 -1.64835e-05 -3.2967e-05 -1.64835e-05 -1.64835e-05
125000 0 0 -3.2967e-05 -3.2967e-05 0 -1.64835e-05 -3.2967e-05 -1.64835e-05 -1.64835e-05
126000 0 0 -3.2967e-05 -3.2967e-05 0 -1.64835e-05 -3.2967e-05 -1.64835e-05 -1.64835e-05
127000 0 0 -3.2967e-05 -3.2967e-05 0 -1.64835e-05 -3.2967e-05 -1.64835e-05 -1.64835e-05
128000 0 0 -3.2967e-05 -3.2967e-05 0 -1.64835e-05 -3.2967e-05 -1.64835e-05 -1.64835e-05
129000 0 0 -3.2967e-05 -3.2967e-05 0 -1.64835e-05 -3.2967e-05 -1.64835e-05 -1.64835e-05
130000 0 0 -3.2967e-05 -3.2967e-05 0 -1.64835e-05 -3.2967e-05 -1.64835e-05 -1.64835e-05
131000 0 0 -3.2967e-05 -3.2967e-05 0 -1.64835e-05 -3.2967e-05 -1.64835e-05 -1.64835e-05
132000 0 0 -3.2967e-05 -3.2967e-05 0 -1.64835e-05 -3.2967e-05 -1.64835e-05 -1.64835e-05
133000 0 0 -3.2967e-05 -3.2967e-05 0 -1.64835e-05 -3.2967e-05 -1.64835e-05 -1.64835e-05
134000 0 0 -3.2967e-05 -3.2967e-05 0 -1.64835e-05 -3.2967e-05 -1.64835e-05 -1.64835e-05
135000 0 0 -3.2967e-05 -3.2967e-05 0 -1.64835e-05 -3.2967e-05 -1.64835e-05 -1.64835e-05
136000 0 0 -3.2967e-05 -3.2967e-05 0 -1.64835e-05 -3.2967e-05 -1.64835e-05 -1.64835e-05
137000 0 0 -3.2967e-05 -3.2967e-05 0 -1.64835e-05 -3.2967e-05 -1.64835e-05 -1.64835e-05
138000 0 0 -3.2967e-05 -3.2967e-05 0 -1.64835e-05 -3.2967e-05 -1.64835e-05 -1.64835e-05
139000 0 0 -3.2967e-05 -3.2967e-05 0 -1.64835e-05 -3.2967e-05 -1.64835e-05 -1.64835e-05
140000 0 0 -3.2967e-05 -3.2967e-05 0 -1.64835e-05 -3.2967e-05 -1.64835e-05 -1.64835e-05
141000 0 0 -3.2967e-05 -3.2967e-05 0 -1.64835e-05 -3.2967e-05 -1.64835e-05 -1.64835e-05
142000 0 0 -3.2967e-05 -3.2967e-05 0 -1.64835e-05 -3.2967e-05 -1.64835e-05 -1.64835e-05
143000 0 0 -3.2967e-05 -3.2967e-05 0 -1.64835e-05 -3.2967e-05 -1.64835e-05 -1.64835e-05
144000 0 0 -3.2967e-05 -3.2967e-05 0 -1.64835e-05 -3.2967e-05 -1.64835e-05 -1.64835e-05
145000 0 0 -3.2967e-05 -3.2967e-05 0 -1.64835e-05 -3.2967e-05 -1.64835e-05 -1.64835e-05
146000 0 0 -3.2967e-05 -3.2967e-05 0 -1.64835e-05 -3.2967e-05 -1.64835e-05 -1.64835e-05
147000 0 0 -3.2967e-05 -3.2967e-05 0 -1.64835e-05 -3.2967e-05 -1.64835e-05 -1.64835e-05
148000 0 0 -3.2967e-05 -3.2967e-05 0 -1.64835e-05 -3.2967e-05 -1.64835e-05 -1.64835e-05
149000 0 0 -3.2967e-05 -3.2967e-05 0 -1.64835e-05 -3.2967e-05 -1.64835e-05 -1.64835e-05
150000 0 0 -3.2967e-05 -3.2967e-05 0 -1.64835e-05 -3.2967e-05 -1.64835e-05 -1.64835e-05
151000 0 0 -3.2967e-05 -3.2967e-05 0 -1.64835e-05 -3.2967e-05 -1.64835e-05 -1.64835e-05
152000 0 0 -3.2967e-05 -3.2967e-05 0 -1.64835e-05 -3.2967e-05 -1.64835e-05 -1.64835e-05
153000 0 0 -3.2967e-05 -3.2967e-05 0 -1.64835e-05 -3.2967e-05 -1.64835e-05 -1.64835e-05
154000 0 0 -3.2967e-05 -3.2967e-05 0 -1.64835e-05 -3.2967e-05 -1.64835e-05 -1.64835e-05
155000 0 0 -3.2967e-05 -3.2967e-05 0 -1.64835e-05 -3.2967e-05 -1.64835e-05 -1.64835e-05
156000 0 0 -3.2967e-05 -3.2967e-05 0 -1.64835e-05 -3.2967e-05 -1.64835e-05 -1.64835e-05
157000 0 0 -3.2967e-05 -3.2967e-05 0 -1.64835e-05 -3.2967e-05 -1.64835e-05 -1.64835e-05
158000 0 0 -3.2967e-05 -3.2967e-05 0 -1.64835e-05 -3.2967e-05 -1.64835e-05 -1.64835e-05
159000 0 0 -3.2967e-05 -3.2967e-05 0 -1.64835e-05 -3.2967e-05 -1.64835e-05 -1.64835e-05
160000 0 0 -3.2967e-05 -3.2967e-05 0 -1.64835e-05 -3.2967e-05 -1.64835e-05 -1.64835e-05
161000 0 0 -3.2967e-05 -3.2967e-05 0 -1.64835e-05 -3.2967e-05 -1.64835e-05 -1.64835e-05
162000 0 0 -3.2967e-05 -3.2967e-05 0 -1.64835e-05 -3.2967e-05 -1.64835e-05 -1.64835e-05
163000 0 0 -3.2967e-05 -3.2967e-05 0 -1.64835e-05 -3.2967e-05 -1.64835e-05 -1.64835e-05
164000 0 0 -3.2967e-05 -3.2967e-05 0 -1.64835e-05 -3.2967e-05 -1.64835e-05 -1.64835e-05
165000 0 0 -3.2967e-05 -3.2967e-05 0 -1.64835e-05 -3.2967e-05 -1.64835e-05 -1.64835e-05
166000 0 0 -3.2967e-05 -3.2967e-05 0 -1.64835e-05 -3.2967e-05 -1.64835e-05 -1.64835e-05
167000 0 0 -3.2967e-05 -3.2967e-05 0 -1.64835e-05 -3.2967e-05 -1.64835e-05 -1.64835e-05
168000 0 0 -3.2967e-05 -3.2967e-05 0 -1.64835e-05 -3.2967e-05 -1.64835e-05 -1.64835e-05
169000 0 0 -3.2967e-05 -3.2967e-05 0 -1.64835e-05 -3.2967e-05 -1.64835e-05 -1.64835e-05
170000 0 0 -3.2967e-05 -3.2967e-05 0 -1.64835e-05 -3.2967e-05 -1.64835e-05 -1.64835e-05
171000 0 0 -3.2967e-05 -3.2967e-05 0 -1.64835e-05 -3.2967e-05 -1.64835e-05 -1.64835e-05
172000 0 0 -3.2967e-05 -3.2967e-05 0 -1.64835e-05 -3.2967e-05 -1.64835e-05 -1.64835e-05
173000 0 0 -3.2967e-05 -3.2967e-05 0 -1.64835e-05 -3.2967e-05 -1.64835e-05 -1.64835e-05
174000 0 0 -3.2967e-05 -3.2967e-05 0 -1.64835e-05 -3.2967e-05 -1.64835e-05 -1.64835e-05
175000 0 0 -3.2967e-05 -3.2967e-05 0 -1.64835e-05 -3.2967e-05 -1.64835e-05 -1.64835e-05
176000 0 0 -3.2967e-05 -3.2967e-05 0 -1.64835e-05 -3.2967e-05 -1.64835e-05 -1.64835e-05
177000 0 0 -3.2967e-05 -3.2967e-05 0 -1.64835e-05 -3.2967e-05 -1.64835e-05 -1.64835e-05
178000 0 0 -3.2967e-05 -3.2967e-05 0 -1.64835e-05 -3.2967e-05 -1.64835e-05 -1.64835e-05
179000 0 0 -3.2967e-05 -3.2967e-05 0 -1.64835e-05 -3.2967e-05 -1.64835e-05 -1.64835e-05
180000 0 0 -3.2967e-05 -3.2967e-05 0 -1.64835e-05 -3.2967e-05 -1.64835e-05 -1.64835e-05
181000 0 0 -3.2967e-05 -3.2967e-05 0 -1.64835e-05 -3.2967e-05 -1.64835e-05 -1.64835e-05
182000 0 0 -3.2967e-05 -3.2967e-05 0 -1.64835e-05 -3.2967e-05 -1.64835e-05 -1.64835e-05
183000 0 0 -3.2967e-05 -3.2967e-05 0 -1.64835e-05 -3.2967e-05 -1.64835e-05 -1.64835e-05
184000 0 0 -3.2967e-05 -3.2967e-05 0 -1.64835e-05 -3.2967e-05 -1.64835e-05 -1.64835e-05
185000 0 0 -3.2967e-05 -3.2967e-05 0 -1.64835e-05 -3.2967e-05 -1.64835e-05 -1.64835e-05
186000 0 0 -3.2967e-05 -3.2967e-05 0 -1.64835e-05 -3.2967e-05 -1.64835e-05 -1.64835e-05
187000 0 0 -3.2967e-05 -3.2967e-05 0 -1.64835e-05 -3.2967e-05 -1.64835e-05 -1.64835e-05
188000 0 0 -3.2967e-05 -3.2967e-05 0 -1.64835e-05 -3.2967e-05 -1.64835e-05 -1.64835e-05
189000 0 0 -3.2967e-05 -3.2967e-05 0 -1.64835e-05 -3.2967e-05 -1.64835e-05 -1.64835e-05
190000 0 0 -3.2967e-05 -3.2967e-05 0 -1.64835e-05 -3.2967e-05 -1.64835e-05 -1.64835e-05
191000 0 0 -3.2967e-05 -3.2967e-05 0 -1.64835e-05 -3.2967e-05 -1.64835e-05 -1.64835e-05
192000 0 0 -3.2967e-05 -3.2967e-05 0 -1.64835e-05 -3.2967e-05 -1.64835e-05 -1.64835e-05
193000 0 0 -3.2967e-05 -3.2967e-05 0 -1.64835e-05 -3.2967e-05 -1.64835e-05 -1.64835e-05
194000 0 0 -3.2967e-05 -3.2967e-05 0 -1.64835e-05 -3.2967e-05 -1.64835e-05 -1.64835e-05
195000 0 0 -3.2967e-05 -3.2967e-05 0 -1.64835e-05 -3.2967e-05 -1.64835e-05 -1.64835e-05
196000 0 0 -3.2967e-05 -3.2967e-05 0 -1.64835e-05 -3.2967e-05 -1.64835e-05 -1.64835e-05
197000 0 0 -3.2967e-05 -3.2967e-05 0 -1.64835e-05 -3.2967e-05 -1.64835e-05 -1.64835e-05
198000 0 0 -3.2967e-05 -3.2967e-05 0 -1.64835e-05 -3.2967e-05 -1.64835e-05 -1.64835e-05
199000 0 0 -3.2967e-05 -3.2967e-05 0 -1.64835e-05 -3.2967e-05 -1.64835e-05 -1.64835e-05
200000 0 0 -3.2967e-05 -3.2967e-05 0 -1.64835e-05 -3.2967e-05 -1.64835e-05 -1.64835e-05
200100 0 0 -3.2967e-05 -3.2967e-05 0 -1.64835e-05 -3.2967e-05 -1.64835e-05 -1.64835e-05
200200 0 0 -3.2967e-05 -3.2967e-05 0 -1.64835e-05 -3.2967e-05 -1.64835e-05 -1.64835e-05
200300 0 0 -3.2967e-05 -3.2967e-05 0 -1.64835e-05 -3.2967e-05 -1.64835e-05 -1.64835e-05
200400 0 0 -3.2967e-05 -3.2967e-05 0 -1.64835e-05 -3.2967e-05 -1.64835e-05 -1.64835e-05
200500 0 0 -3.2967e-05 -3.2967e-05 0 -1.64835e-05 -3.2967e-05 -1.64835e-05 -1.64835e-05
200600 0 0 -3.2967e-05 -3.2967e-05 0 -1.64835e-05 -3.2967e-05 -1.64835e-05 -1.64835e-05
200700 0 0 -3.2967e-05 -3.2967e-05 0 -1.64835e-05 -3.2967e-05 -1.64835e-05 -1.64835e-05
200800 0 0 -3.2967e-05 -3.2967e-05 0 -1.64835e-05 -3.2967e-05 -1.64835e-05 -1.64835e-05
200900 0 0 -3.2967e-05 -3.2967e-05 0 -1.64835e-05 -3.2967e-05 -1.64835e-05 -1.64835e-05
201000 0 0 -3.2967e-05 -3.2967e-05 0 -1.64835e-05 -3.2967e-05 -1.64835e-05 -1.64835e-05
201100 0 0 -3.2967e-05 -3.2967e-05 0 -1.64835e-05 -3.2967e-05 -1.64835e-05 -1.64835e-05
201200 0 0 -3.2967e-05 -3.2967e-05 0 -1.64835e-05 -3.2967e-05 -1.64835e-05 -1.64835e-05
201300 0 0 -3.2967e-05 -3.2967e-05 0 -1.64835e-05 -3.2967e-05 -1.64835e-05 -1.64835e-05
201400 0 0 -3.2967e-05 -3.2967e-05 0 -1.64835e-05 -3.2967e-05 -1.64835e-05 -1.64835e-05
201500 0 0 -3.2967e-05 -3.2967e-05 0 -1.64835e-05 -3.2967e-05 -1.64835e-05 -1.64835e-05
201600 0 0 -3.2967e-05 -3.2967e-05 0 -1.64835e-05 -3.2967e-05 -1.64835e-05 -1.64835e-05
201700 0 0 -3.2967e-05 -3.2967e-05 0 -1.64835e-05 -3.2967e-05 -1.64835e-05 -1.64835e-05
201800 0 0 -3.2967e-05 -3.2967e-05 0 -1.64835e-05 -3.2967e-05 -1.64835e-05 -1.64835e-05
201900 0 0 -3.2967e-05 -3.2967e-05 0 -1.64835e-05 -3.2967e-05 -1.64835e-05 -1.64835e-05
202000 0 0 -3.2967e-05 -3.2967e-05 0 -1.64835e-05 -3.2967e-05 -1.64835e-05 -1.64835e-05
202100 0 0 -3.2967e-05 -3.2967e-05 0 -1.64835e-05 -3.2967e-05 -1.64835e-05 -1.64835e-05
202200 0 0 -3.2967e-05 -3.2967e-05 0 -1.64835e-05 -3.2967e-05 -1.64835e-05 -1.64835e-05
202300 0 0 -3.2967e-05 -3.2967e-05 0 -1.64835e-05 -3.2967e-05 -1.64835e-05 -1.64835e-05
202400 0 0 -3.2967e-05 -3.2967e-05 0 -1.64835e-05 -3.2967e-05 -1.64835e-05 -1.64835e-05
202500 0 0 -3.2967e-05 -3.2967e-05 0 -1.64835e-05 -3.2967e-05 -1.64835e-05 -1.64835e-05
202600 0 0 -3.2967e-05 -3.2967e-05 0 -1.64835e-05 -3.2967e-05 -1.64835e-05 -1.64835e-05
202700 0 0 -3.2967e-05 -3.2967e-05 0 -1.64835e-05 -3.2967e-05 -1.64835e-05 -1.64835e-05
202800 0 0 -3.2967e-05 -3.2967e-05 0 -1.64835e-05 -3.2967e-05 -1.64835e-05 -1.64835e-05
202900 0 0 -3.2967e-05 -3.2967e-05 0 -1.64835e-05 -3.2967e-05 -1.64835e-05 -1.64835e-05
203000 0 0 -3.2967e-05 -3.2967e-05 0 -1.64835e-05 -3.2967e-05 -1.64835e-05 -1.64835e-05
203100 0 0 -3.2967e-05 -3.2967e-05 0 -1.64835e-05 -3.2967e-05 -1.64835e-05 -1.64835e-05
203200 0 0 -3.2967e-05 -3.2967e-05 0 -1.64835e-05 -3.2967e-05 -1.64835e-05 -1.64835e-05
203300 0 0 -3.2967e-05 -3.2967e-05 0 -1.64835e-05 -3.2967e-05 -1.64835e-05 -1.64835e-05
203400 0 0 -3.2967e-05 -3.2967e-05 0 -1.64835e-05 -3.2967e-05 -1.64835e-05 -1.64835e-05
203500 0 0 -3.2967e-05 -3.2967e-05 0 -1.64835e-05 -3.2967e-05 -1.64835e-05 -1.64835e-05
203600 0 0 -3.2967e-05 -3.2967e-05 0 -1.64835e-05 -3.2967e-05 -1.64835e-05 -1.64835e-05
203700 0 0 -3.2967e-05 -3.2967e-05 0 -1.64835e-05 -3.2967e-05 -1.64835e-05 -1.64835e-05
203800 0 0 -3.2967e-05 -3.2967e-05 0 -1.64835e-05 -3.2967e-05 -1.64835e-05 -1.64835e-05
203900 0 0 -3.2967e-05 -3.2967e-05 0 -1.64835e-05 -3.2967e-05 -1.64835e-05 -1.64835e-05
204000 0 0 -3.2967e-05 -3.2967e-05 0 -1.64835e-05 -3.2967e-05 -1.64835e-05 -1.64835e-05
204100 0 0 -3.2967e-05 -3.2967e-05 0 -1.64835e-05 -3.2967e-05 -1.64835e-05 -1.64835e-05
204200 0 0 -3.2967e-05 -3.2967e-05 0 -1.64835e-05 -3.2967e-05 -1.64835e-05 -1.64835e-05
204300 0 0 -3.2967e-05 -3.2967e-05 0 -1.64835e-05 -3.2967e-05 -1.64835e-05 -1.64835e-05
204400 0 0 -3.2967e-05 -3.2967e-05 0 -1.64835e-05 -3.2967e-05 -1.64835e-05 -1.64835e-05
204500 0 0 -3.2967e-05 -3.2967e-05 0 -1.64835e-05 -3.2967e-05 -1.64835e-05 -1.64835e-05
204600 0 0 -3.2967e-05 -3.2967e-05 0 -1.64835e-05 -3.2967e-05 -1.64835e-05 -1.64835e-05
204700 0 0 -3.2967e-05 -3.2967e-05 0 -1.64835e-05 -3.2967e-05 -1.64835e-05 -1.64835e-05
204800 0 0 -3.2967e-05 -3.2967e-05 0 -1.64835e-05 -3.2967e-05 -1.64835e-05 -1.64835e-05
204900 0 0 -3.2967e-05 -3.2967e-05 0 -1.64835e-05 -3.2967e-05 -1.64835e-05 -1.64835e-05
205000 0 0 -3.2967e-05 -3.2967e-05 0 -1.64835e-05 -3.2967e-05 -1.64835e-05 -1.64835e-05
205100 0 0 -3.2967e-05 -3.2967e-05 0 -1.64835e-05 -3.2967e-05 -1.64835e-05 -1.64835e-05
205200 0 0 -3.2967e-05 -3.2967e-05 0 -1.64835e-05 -3.2967e-05 -1.64835e-05 -1.64835e-05
205300 0 0 -3.2967e-05 -3.2967e-05 0 -1.64835e-05 -3.2967e-05 -1.64835e-05 -1.64835e-05
205400 0 0 -3.2967e-05 -3.2967e-05 0 -1.64835e-05 -3.2967e-05 -1.64835e-05 -1.64835e-05
205500 0 0 -3.2967e-05 -3.2967e-05 0 -1.64835e-05 -3.2967e-05 -1.64835e-05 -1.64835e-05
205600 0 0 -3.2967e-05 -3.2967e-05 0 -1.64835e-05 -3.2967e-05 -1.64835e-05 -1.64835e-05
205700 0 0 -3.2967e-05 -3.2967e-05 0 -1.64835e-05 -3.2967e-05 -1.64835e-05 -1.64835e-05
205800 0 0 -3.2967e-05 -3.2967e-05 0 -1.64835e-05 -3.2967e-05 -1.64835e-05 -1.64835e-05
205900 0 0 -3.2967e-05 -3.2967e-05 0 -1.64835e-05 -3.2967e-05 -1.64835e-05 -1.64835e-05
206000 0 0 -3.2967e-05 -3.2967e-05 0 -1.64835e-05 -3.2967e-05 -1.64835e-05 -1.64835e-05
206100 0 0 -3.2967e-05 -3.2967e-05 0 -1.64835e-05 -3.2967e-05 -1.64835e-05 -1.64835e-05
206200 0 0 -3.2967e-05 -3.2967e-05 0 -1.64835e-05 -3.2967e-05 -1.64835e-05 -1.64835e-05
206300 0 0 -3.2967e-05 -3.2967e-05 0 -1.64835e-05 -3.2967e-05 -1.64835e-05 -1.64835e-05
206400 0 0 -3.2967e-05 -3.2967e-05 0 -1.64835e-05 -3.2967e-05 -1.64835e-05 -1.64835e-05
206500 0 0 -3.2967e-05 -3.2967e-05 0 -1.64835e-05 -3.2967e-05 -1.64835e-05 -1.64835e-05
206600 0 0 -3.2967e-05 -3.2967e-05 0 -1.64835e-05 -3.2967e-05 -1.64835e-05 -1.64835e-05
206700 0 0 -3.2967e-05 -3.2967e-05 0 -1.64835e-05 -3.2967e-05 -1.64835e-05 -1.64835e-05
206800 0 0 -3.2967e-05 -3.2967e-05 0 -1.64835e-05 -3.2967e-05 -1.64835e-05 -1.64835e-05
206900 0 0 -3.2967e-05 -3.2967e-05 0 -1.64835e-05 -3.2967e-05 -1.64835e-05 -1.64835e-05
207000 0 0 -3.2967e-05 -3.2967e-05 0 -1.64835e-05 -3.2967e-05 -1.64835e-05 -1.64835e-05
207100 0 0 -3.2967e-05 -3.2967e-05 0 -1.64835e-05 -3.2967e-05 -1.64835e-05 -1.64835e-05
207200 0 0 -3.2967e-05 -3.2967e-05 0 -1.64835e-05 -3.2967e-05 -1.64835e-05 -1.64835e-05
207300 0 0 -3.2967e-05 -3.2967e-05 0 -1.64835e-05 -3.2967e-05 -1.64835e-05 -1.64835e-05
207400 0 0 -3.2967e-05 -3.2967e-05 0 -1.64835e-05 -3.2967e-05 -1.64835e-05 -1.64835e-05
207500 0 0 -3.2967e-05 -3.2967e-05 0 -1.64835e-05 -3.2967e-05 -1.64835e-05 -1.64835e-05
207600 0 0 -3.2967e-05 -3.2967e-05 0 -1.64835e-05 -3.2967e-05 -1.64835e-05 -1.64835e-05
207700 0 0 -3.2967e-05 -3.2967e-05 0 -1.64835e-05 -3.2967e-05 -1.64835e-05 -1.64835e-05
207800 0 0 -3.2967e-05 -3.2967e-05 0 -1.64835e-05 -3.2967e-05 -1.64835e-05 -1.64835e-05
207900 0 0 -3.2967e-05 -3.2967e-05 0 -1.64835e-05 -3.2967e-05 -1.64835e-05 -1.64835e-05
208000 0 0 -3.2967e-05 -3.2967e-05 0 -1.64835e-05 -3.2967e-05 -1.64835e-05 -1.64835e-05
208100 0 0 -3.2967e-05 -3.2967e-05 0 -1.64835e-05 -3.2967e-05 -1.64835e-05 -1.64835e-05
208200 0 0 -3.2967e-05 -3.2967e-05 0 -1.64835e-05 -3.2967e-05 -1.64835e-05 -1.64835e-05
208300 0 0 -3.2967e-05 -3.2967e-05 0 -1.64835e-05 -3.2967e-05 -1.64835e-05 -1.64835e-05
208400 0 0 -3.2967e-05 -3.2967e-05 0 -1.64835e-05 -3.2967e-05 -1.64835e-05 -1.64835e-05
208500 0 0 -3.2967e-05 -3.2967e-05 0 -1.64835e-05 -3.2967e-05 -1.64835e-05 -1.64835e-05
208600 0 0 -3.2967e-05 -3.2967e-05 0 -1.64835e-05 -3.2967e-05 -1.64835e-05 -1.64835e-05
208700 0 0 -3.2967e-05 -3.2967e-05 0 -1.64835e-05 -3.2967e-05 -1.64835e-05 -1.64835e-05
208800 0 0 -3.2967e-05 -3.2967e-05 0 -1.64835e-05 -3.2967e-05 -1.64835e-05 -1.64835e-05
208900 0 0 -3.2967e-05 -3.2967e-05 0 -1.64835e-05 -3.2967e-05 -1.64835e-05 -1.64835e-05
209000 0 0 -3.2967e-05 -3.2967e-05 0 -1.64835e-05 -3.2967e-05 -1.64835e-05 -1.64835e-05
209100 0 0 -3.2967e-05 -3.2967e-05 0 -1.64835e-05 -3.2967e-05 -1.64835e-05 -1.64835e-05
209200 0 0 -3.2967e-05 -3.2967e-05 0 -1.64835e-05 -3.2967e-05 -1.64835e-05 -1.64835e-05
209300 0 0 -3.2967e-05 -3.2967e-05 0 -1.64835e-05 -3.2967e-05 -1.64835e-05 -1.64835e-05
209400 0 0 -3.2967e-05 -3.2967e-05 0 -1.64835e-05 -3.2967e-05 -1.64835e-05 -1.64835e-05
209500 0 0 -3.2967e-05 -3.2967e-05 0 -1.64835e-05 -3.2967e-05 -1.64835e-05 -1.64835e-05
209600 0 0 -3.2967e-05 -3.2967e-05 0 -1.64835e-05 -3.2967e-05 -1.64835e-05 -1.64835e-05
209700 0 0 -3.2967e-05 -3.2967e-05 0 -1.64835e-05 -3.2967e-05 -1.64835e-05 -1.64835e-05
209800 0 0 -3.2967e-05 -3.2967e-05 0 -1.64835e-05 -3.2967e-05 -1.64835e-05 -1.64835e-05
209900 0 0 -3.2967e-05 -3.2967e-05 0 -1.64835e-05 -3.2967e-05 -1.64835e-05 -1.64835e-05
210000 0 0 -3.2967e-05 -3.2967e-05 0 -1.64835e-05 -3.2967e-05 -1.64835e-05 -1.64835e-05
211000 0 0 -3.2967e-05 -3.2967e-05 0 -1.64835e-05 -3.2967e-05 -1.64835e-05 -1.64835e-05
212000 0 0 -3.2967e-05 -3.2967e-05 0 -1.64835e-05 -3.2967e-05 -1.64835e-05 -1.64835e-05
213000 0 0 -3.2967e-05 -3.2967e-05 0 -1.64835e-05 -3.2967e-05 -1.64835e-05 -1.64835e-05
214000 0 0 -3.2967e-05 -3.2967e-05 0 -1.64835e-05 -3.2967e-05 -1.64835e-05 -1.64835e-05
215000 0 0 -3.2967e-05 -3.2967e-05 0 -1.64835e-05 -3.2967e-05 -1.64835e-05 -1.64835e-05
216000 0 0 -3.2967e-05 -3.2967e-05 0 -1.64835e-05 -3.2967e-05 -1.64835e-05 -1.64835e-05
217000 0 0 -3.2967e-05 -3.2967e-05 0 -1.64835e-05 -3.2967e-05 -1.64835e-05 -1.64835e-05
218000 0 0 -3.2967e-05 -3.2967e-05 0 -1.64835e-05 -3.2967e-05 -1.64835e-05 -1.64835e-05
219000 0 0 -3.2967e-05 -3.2967e-05 0 -1.64835e-05 -3.2967e-05 -1.64835e-05 -1.64835e-05
220000 0 0 -3.2967e-05 -3.2967e-05 0 -1.64835e-05 -3.2967e-05 -1.64835e-05 -1.64835e-05
221000 0 0 -3.2967e-05 -3.2967e-05 0 -1.64835e-05 -3.2967e-05 -1.64835e-05 -1.64835e-05
222000 0 0 -3.2967e-05 -3.2967e-05 0 -1.64835e-05 -3.2967e-05 -1.64835e-05 -1.64835e-05
223000 0 0 -3.2967e-05 -3.2967e-05 0 -1.64835e-05 -3.2967e-05 -1.64835e-05 -1.64835e-05
224000 0 0 -3.2967e-05 -3.2967e-05 0 -1.64835e-05 -3.2967e-05 -1.64835e-05 -1.64835e-05
225000 0 0 -3.2967e-05 -3.2967e-05 0 -1.64835e-05 -3.2967e-05 -1.64835e-05 -1.64835e-05
226000 0 0 -3.2967e-05 -3.2967e-05 0 -1.64835e-05 -3.2967e-05 -1.64835e-05 -1.64835e-05
227000 0 0 -3.2967e-05 -3.2967e-05 0 -1.64835e-05 -3.2967e-05 -1.64835e-05 -1.64835e-05
228000 0 0 -3.2967e-05 -3.2967e-05 0 -1.64835e-05 -3.2967e-05 -1.64835e-05 -1.64835e-05
229000 0 0 -3.2967e-05 -3.2967e-05 0 -1.64835e-05 -3.2967e-05 -1.64835e-05 -1.64835e-05
230000 0 0 -3.2967e-05 -3.2967e-05 0 -1.64835e-05 -3.2967e-05 -1.64835e-05 -1.64835e-05
231000 0 0 -3.2967e-05 -3.2967e-05 0 -1.64835e-05 -3.2967e-05 -1.64835e-05 -1.64835e-05
232000 0 0 -3.2967e-05 -3.2967e-05 0 -1.64835e-05 -3.2967e-05 -1.64835e-05 -1.64835e-05
233000 0 0 -3.2967e-05 -3.2967e-05 0 -1.64835e-05 -3.2967e-05 -1.64835e-05 -1.64835e-05
234000 0 0 -3.2967e-05 -3.2967e-05 0 -1.64835e-05 -3.2967e-05 -1.64835e-05 -1.64835e-05
235000 0 0 -3.2967e-05 -3.2967e-05 0 -1.64835e-05 -3.2967e-05 -1.64835e-05 -1.64835e-05
236000 0 0 -3.2967e-05 -3.2967e-05 0 -1.64835e-05 -3.2967e-05 -1.64835e-05 -1.64835e-05
237000 0 0 -3.2967e-05 -3.2967e-05 0 -1.64835e-05 -3.2967e-05 -1.64835e-05 -1.64835e-05
238000 0 0 -3.2967e-05 -3.2967e-05 0 -1.64835e-05 -3.2967e-05 -1.64835e-05 -1.64835e-05
239000 0 0 -3.2967e-05 -3.2967e-05 0 -1.64835e-05 -3.2967e-05 -1.64835e-05 -1.64835e-05
240000 0 0 -3.2967e-05 -3.2967e-05 0 -1.64835e-05 -3.2967e-05 -1.64835e-05 -1.64835e-05
241000 0 0 -3.2967e-05 -3.2967e-05 0 -1.64835e-05 -3.2967e-05 -1.64835e-05 -1.64835e-05
242000 0 0 -3.2967e-05 -3.2967e-05 0 -1.64835e-05 -3.2967e-05 -1.64835e-05 -1.64835e-05
243000 0 0 -3.2967e-05 -3.2967e-05 0 -1.64835e-05 -3.2967e-05 -1.64835e-05 -1.64835e-05
244000 0 0 -3.2967e-05 -3.2967e-05 0 -1.64835e-05 -3.2967e-05 -1.64835e-05 -1.64835e-05
245000 0 0 -3.2967e-05 -3.2967e-05 0 -1.64835e-05 -3.2967e-05 -1.64835e-05 -1.64835e-05
246000 0 0 -3.2967e-05 -3.2967e-05 0 -1.64835e-05 -3.2967e-05 -1.64835e-05 -1.64835e-05
247000 0 0 -3.2967e-05 -3.2967e-05 0 -1.64835e-05 -3.2967e-05 -1.64835e-05 -1.64835e-05
248000 0 0 -3.2967e-05 -3.2967e-05 0 -1.64835e-05 -3.2967e-05 -1.64835e-05 -1.64835e-05
249000 0 0 -3.2967e-05 -3.2967e-05 0 -1.64835e-05 -3.2967e-05 -1.64835e-05 -1.64835e-05
250000 0 0 -3.2967e-05 -3.2967e-05 0 -1.64835e-05 -3.2967e-05 -1.64835e-05 -1.64835e-05
251000 0 0 -3.2967e-05 -3.2967e-05 0 -1.64835e-05 -3.2967e-05 -1.64835e-05 -1.64835e-05
252000 0 0 -3.2967e-05 -3.2967e-05 0 -1.64835e-05 -3.2967e-05 -1.64835e-05 -1.64835e-05
253000 0 0 -3.2967e-05 -3.2967e-05 0 -1.64835e-05 -3.2967e-05 -1.64835e-05 -1.64835e-05
254000 0 0 -3.2967e-05 -3.2967e-05 0 -1.64835e-05 -3.2967e-05 -1.64835e-05 -1.64835e-05
255000 0 0 -3.2967e-05 -3.2967e-05 0 -1.64835e-05 -3.2967e-05 -1.64835e-05 -1.64835e-05
256000 0 0 -3.2967e-05 -3.2967e-05 0 -1.64835e-05 -3.2967e-05 -1.64835e-05 -1.64835e-05
257000 0 0 -3.2967e-05 -3.2967e-05 0 -1.64835e-05 -3.2967e-05 -1.64835e-05 -1.64835e-05
258000 0 0 -3.2967e-05 -3.2967e-05 0 -1.64835e-05 -3.2967e-05 -1.64835e-05 -1.64835e-05
259000 0 0 -3.2967e-05 -3.2967e-05 0 -1.64835e-05 -3.2967e-05 -1.64835e-05 -1.64835e-05
260000 0 0 -3.2967e-05 -3.2967e-05 0 -1.64835e-05 -3.2967e-05 -1.64835e-05 -1.64835e-05
261000 0 0 -3.2967e-05 -3.2967e-05 0 -1.64835e-05 -3.2967e-05 -1.64835e-05 -1.64835e-05
262000 0 0 -3.2967e-05 -3.2967e-05 0 -1.64835e-05 -3.2967e-05 -1.64835e-05 -1.64835e-05
263000 0 0 -3.2967e-05 -3.2967e-05 0 -1.64835e-05 -3.2967e-05 -1.64835e-05 -1.64835e-05
264000 0 0 -3.2967e-05 -3.2967e-05 0 -1.64835e-05 -3.2967e-05 -1.64835e-05 -1.64835e-05
265000 0 0 -3.2967e-05 -3.2967e-05 0 -1.64835e-05 -3.2967e-05 -1.64835e-05 -1.64835e-05
266000 0 0 -3.2967e-05 -3.2967e-05 0 -1.64835e-05 -3.2967e-05 -1.64835e-05 -1.64835e-05
267000 0 0 -3.2967e-05 -3.2967e-05 0 -1.64835e-05 -3.2967e-05 -1.64835e-05 -1.64835e-05
268000 0 0 -3.2967e-05 -3.2967e-05 0 -1.64835e-05 -3.2967e-05 -1.64835e-05 -1.64835e-05
269000 0 0 -3.2967e-05 -3.2967e-05 0 -1.64835e-05 -3.2967e-05 -1.64835e-05 -1.64835e-05
270000 0 0 -3.2967e-05 -3.2967e-05 0 -1.64835e-05 -3.2967e-05 -1.64835e-05 -1.64835e-05
271000 0 0 -3.2967e-05 -3.2967e-05 0 -1.64835e-05 -3.2967e-05 -1.64835e-05 -1.64835e-05
272000 0 0 -3.2967e-05 -3.2967e-05 0 -1.64835e-05 -3.2967e-05 -1.64835e-05 -1.64835e-05
273000 0 0 -3.2967e-05 -3.2967e-05 0 -1.64835e-05 -3.2967e-05 -1.64835e-05 -1.64835e-05
274000 0 0 -3.2967e-05 -3.2967e-05 0 -1.64835e-05 -3.2967e-05 -1.64835e-05 -1.64835e-05
275000 0 0 -3.2967e-05 -3.2967e-05 0 -1.64835e-05 -3.2967e-05 -1.64835e-05 -1.64835e-05
276000 0 0 -3.2967e-05 -3.2967e-05 0 -1.64835e-05 -3.2967e-05 -1.64835e-05 -1.64835e-05
277000 0 0 -3.2967e-05 -3.2967e-05 0 -1.64835e-05 -3.2967e-05 -1.64835e-05 -1.64835e-05
278000 0 0 -3.2967e-05 -3.2967e-05 0 -1.64835e-05 -3.2967e-05 -1.64835e-05 -1.64835e-05
279000 0 0 -3.2967e-05 -3.2967e-05 0 -1.64835e-05 -3.2967e-05 -1.64835e-05 -1.64835e-05
280000 0 0 -3.2967e-05 -3.2967e-05 0 -1.64835e-05 -3.2967e-05 -1.64835e-05 -1.64835e-05
281000 0 0 -3.2967e-05 -3.2967e-05 0 -1.64835e-05 -3.2967e-05 -1.64835e-05 -1.64835e-05
282000 0 0 -3.2967e-05 -3.2967e-05 0 -1.64835e-05 -3.2967e-05 -1.64835e-05 -1.64835e-05
283000 0 0 -3.2967e-05 -3.2967e-05 0 -1.64835e-05 -3.2967e-05 -1.64835e-05 -1.64835e-05
284000 0 0 -3.2967e-05 -3.2967e-05 0 -1.64835e-05 -3.2967e-05 -1.64835e-05 -1.64835e-05
285000 0 0 -3.2967e-05 -3.2967e-05 0 -1.64835e-05 -3.2967e-05 -1.64835e-05 -1.64835e-05
286000 0 0 -3.2967e-05 -3.2967e-05 0 -1.64835e-05 -3.2967e-05 -1.64835e-05 -1.64835e-05
287000 0 0 -3.2967e-05 -3.2967e-05 0 -1.64835e-05 -3.2967e-05 -1.64835e-05 -1.64835e-05
288000 0 0 -3.2967e-05 -3.2967e-05 0 -1.64835e-05 -3.2967e-05 -1.64835e-05 -1.64835e-05
289000 0 0 -3.2967e-05 -3.2967e-05 0 -1.64835e-05 -3.2967e-05 -1.64835e-05 -1.64835e-05
290000 0 0 -3.2967e-05 -3.2967e-05 0 -1.64835e-05 -3.2967e-05 -1.64835e-05 -1.64835e-05
291000 0 0 -3.2967e-05 -3.2967e-05 0 -1.64835e-05 -3.2967e-05 -1.64835e-05 -1.64835e-05
292000 0 0 -3.2967e-05 -3.2967e-05 0 -1.64835e-05 -3.2967e-05 -1.64835e-05 -1.64835e-05
293000 0 0 -3.2967e-05 -3.2967e-05 0 -1.64835e-05 -3.2967e-05 -1.64835e-05 -1.64835e-05
294000 0 0 -3.2967e-05 -3.2967e-05 0 -1.64835e-05 -3.2967e-05 -1.64835e-05 -1.64835e-05
295000 0 0 -3.2967e-05 -3.2967e-05 0 -1.64835e-05 -3.2967e-05 -1.64835e-05 -1.64835e-05
296000 0 0 -3.2967e-05 -3.2967e-05 0 -1.64835e-05 -3.2967e-05 -1.64835e-05 -1.64835e-05
297000 0 0 -3.2967e-05 -3.2967e-05 0 -1.64835e-05 -3.2967e-05 -1.64835e-05 -1.64835e-05
298000 0 0 -3.2967e-05 -3.2967e-05 0 -1.64835e-05 -3.2967e-05 -1.64835e-05 -1.64835e-05
299000 0 0 -3.2967e-05 -3.2967e-05 0 -1.64835e-05 -3.2967e-05 -1.64835e-05 -1.64835e-05
300000 0 0 -3.2967e-05 -3.2967e-05 0 -1.64835e-05 -3.2967e-05 -1.64835e-05 -1.64835e-05
301000 0 0 -3.2967e-05 -3.2967e-05 0 -1.64835e-05 -3.2967e-05 -1.64835e-05 -1.64835e-05
302000 0 0 -3.2967e-05 -3.2967e-05 0 -1.64835e-05 -3.2967e-05 -1.64835e-05 -1.64835e-05
303000 0 0 -3.2967e-05 -3.2967e-05 0 -1.64835e-05 -3.2967e-05 -1.64835e-05 -1.64835e-05
304000 0 0 -3.2967e-05 -3.2967e-05 0 -1.64835e-05 -3.2967e-05 -1.64835e-05 -1.64835e-05
305000 0 0 -3.2967e-05 -3.2967e-05 0 -1.64835e-05 -3.2967e-05 -1.64835e-05 -1.64835e-05
306000 0 0 -3.2967e-05 -3.2967e-05 0 -1.64835e-05 -3.2967e-05 -1.64835e-05 -1.64835e-05
307000 0 0 -3.2967e-05 -3.2967e-05 0 -1.64835e-05 -3.2967e-05 -1.64835e-05 -1.64835e-05
308000 0 0 -3.2967e-05 -3.2967e-05 0 -1.64835e-05 -3.2967e-05 -1.64835e-05 -1.64835e-05
309000 0 0 -3.2967e-05 -3.2967e-05 0 -1.64835e-05 -3.2967e-05 -1.64835e-05 -1.64835e-05
310000 0 0 -3.2967e-05 -3.2967e-05 0 -1.64835e-05 -3.2967e-05 -1.64835e-05 -1.64835e-05
311000 0 0 -3.2967e-05 -3.2967e-05 0 -1.64835e-05 -3.2967e-05 -1.64835e-05 -1.64835e-05
312000 0 0 -3.2967e-05 -3.2967e-05 0 -1.64835e-05 -3.2967e-05 -1.64835e-05 -1.64835e-05
313000 0 0 -3.2967e-05 -3.2967e-05 0 -1.64835e-05 -3.2967e-05 -1.64835e-05 -1.64835e-05
314000 0 0 -3.2967e-05 -3.2967e-05 0 -1.64835e-05 -3.2967e-05 -1.64835e-05 -1.64835e-05
315000 0 0 -3.2967e-05 -3.2967e-05 0 -1.64835e-05 -3.2967e-05 -1.64835e-05 -1.64835e-05
316000 0 0 -3.2967e-05 -3.2967e-05 0 -1.64835e-05 -3.2967e-05 -1.64835e-05 -1.64835e-05
317000 0 0 -3.2967e-05 -3.2967e-05 0 -1.64835e-05 -3.2967e-05 -1.64835e-05 -1.64835e-05
318000 0 0 -3.2967e-05 -3.2967e-05 0 -1.64835e-05 -3.2967e-05 -1.64835e-05 -1.64835e-05
319000 0 0 -3.2967e-05 -3.2967e-05 0 -1.64835e-05 -3.2967e-05 -1.64835e-05 -1.64835e-05
320000 0 0 -3.2967e-05 -3.2967e-05 0 -1.64835e-05 -3.2967e-05 -1.64835e-05 -1.64835e-05
321000 0 0 -3.2967e-05 -3.2967e-05 0 -1.64835e-05 -3.2967e-05 -1.64835e-05 -1.64835e-05
322000 0 0 -3.2967e-05 -3.2967e-05 0 -1.64835e-05 -3.2967e-05 -1.64835e-05 -1.64835e-05
323000 0 0 -3.2967e-05 -3.2967e-05 0 -1.64835e-05 -3.2967e-05 -1.64835e-05 -1.64835e-05
324000 0 0 -3.2967e-05 -3.2967e-05 0 -1.64835e-05 -3.2967e-05 -1.64835e-05 -1.64835e-05
325000 0 0 -3.2967e-05 -3.2967e-05 0 -1.64835e-05 -3.2967e-05 -1.64835e-05 -1.64835e-05
326000 0 0 -3.2967e-05 -3.2967e-05 0 -1.64835e-05 -3.2967e-05 -1.64835e-05 -1.64835e-05
327000 0 0 -3.2967e-05 -3.2967e-05 0 -1.64835e-05 -3.2967e-05 -1.64835e-05 -1.64835e-05
328000 0 0 -3.2967e-05 -3.2967e-05 0 -1.64835e-05 -3.2967e-05 -1.64835e-05 -1.64835e-05
329000 0 0 -3.2967e-05 -3.2967e-05 0 -1.64835e-05 -3.2967e-05 -1.64835e-05 -1.64835e-05
330000 0 0 -3.2967e-05 -3.2967e-05 0 -1.64835e-05 -3.2967e-05 -1.64835e-05 -1.64835e-05
331000 0 0 -3.2967e-05 -3.2967e-05 0 -1.64835e-05 -3.2967e-05 -1.64835e-05 -1.64835e-05
332000 0 0 -3.2967e-05 -3.2967e-05 0 -1.64835e-05 -3.2967e-05 -1.64835e-05 -1.64835e-05
333000 0 0 -3.2967e-05 -3.2967e-05 0 -1.64835e-05 -3.2967e-05 -1.64835e-05 -1.64835e-05
334000 0 0 -3.2967e-05 -3.2967e-05 0 -1.64835e-05 -3.2967e-05 -1.64835e-05 -1.64835e-05
335000 0 0 -3.2967e-05 -3.2967e-05 0 -1.64835e-05 -3.2967e-05 -1.64835e-05 -1.64835e-05
336000 0 0 -3.2967e-05 -3.2967e-05 0 -1.64835e-05 -3.2967e-05 -1.64835e-05 -1.64835e-05
337000 0 0 -3.2967e-05 -3.2967e-05 0 -1.64835e-05 -3.2967e-05 -1.64835e-05 -1.64835e-05
338000 0 0 -3.2967e-05 -3.2967e-05 0 -1.64835e-05 -3.2967e-05 -1.64835e-05 -1.64835e-05
339000 0 0 -3.2967e-05 -3.2967e-05 0 -1.64835e-05 -3.2967e-05 -1.64835e-05 -1.64835e-05
340000 0 0 -3.2967e-05 -3.2967e-05 0 -1.64835e-05 -3.2967e-05 -1.64835e-05 -1.64835e-05
341000 0 0 -3.2967e-05 -3.2967e-05 0 -1.64835e-05 -3.2967e-05 -1.64835e-05 -1.64835e-05
342000 0 0 -3.2967e-05 -3.2967e-05 0 -1.64835e-05 -3.2967e-05 -1.64835e-05 -1.64835e-05
343000 0 0 -3.2967e-05 -3.2967e-05 0 -1.64835e-05 -3.2967e-05 -1.64835e-05 -1.64835e-05
344000 0 0 -3.2967e-05 -3.2967e-05 0 -1.64835e-05 -3.2967e-05 -1.64835e-05 -1.64835e-05
345000 0 0 -3.2967e-05 -3.2967e-05 0 -1.64835e-05 -3.2967e-05 -1.64835e-05 -1.64835e-05
346000 0 0 -3.2967e-05 -3.2967e-05 0 -1.64835e-05 -3.2967e-05 -1.64835e-05 -1.64835e-05
347000 0 0 -3.2967e-05 -3.2967e-05 0 -1.64835e-05 -3.2967e-05 -1.64835e-05 -1.64835e-05
348000 0 0 -3.2967e-05 -3.2967e-05 0 -1.64835e-05 -3.2967e-05 -1.64835e-05 -1.64835e-05
349000 0 0 -3.2967e-05 -3.2967e-05 0 -1.64835e-05 -3.2967e-05 -1.64835e-05 -1.64835e-05
350000 0 0 -3.2967e-05 -3.2967e-05 0 -1.64835e-05 -3.2967e-05 -1.64835e-05 -1.64835e-05
351000 0 0 -3.2967e-05 -3.2967e-05 0 -1.64835e-05 -3.2967e-05 -1.64835e-05 -1.64835e-05
352000 0 0 -3.2967e-05 -3.2967e-05 0 -1.64835e-05 -3.2967e-05 -1.64835e-05 -1.64835e-05
353000 0 0 -3.2967e-05 -3.2967e-05 0 -1.64835e-05 -3.2967e-05 -1.64835e-05 -1.64835e-05
354000 0 0 -3.2967e-05 -3.2967e-05 0 -1.64835e-05 -3.2967e-05 -1.64835e-05 -1.64835e-05
355000 0 0 -3.2967e-05 -3.2967e-05 0 -1.64835e-05 -3.2967e-05 -1.64835e-05 -1.64835e-05
356000 0 0 -3.2967e-05 -3.2967e-05 0 -1.64835e-05 -3.2967e-05 -1.64835e-05 -1.64835e-05
357000 0 0 -3.2967e-05 -3.2967e-05 0 -1.64835e-05 -3.2967e-05 -1.64835e-05 -1.64835e-05
358000 0 0 -3.2967e-05 -3.2967e-05 0 -1.64835e-05 -3.2967e-05 -1.64835e-05 -1.64835e-05
359000 0 0 -3.2967e-05 -3.2967e-05 0 -1.64835e-05 -3.2967e-05 -1.64835e-05 -1.64835e-05
360000 0 0 -3.2967e-05 -3.2967e-05 0 -1.64835e-05 -3.2967e-05 -1.64835e-05 -1.64835e-05
361000 0 0 -3.2967e-05 -3.2967e-05 0 -1.64835e-05 -3.2967e-05 -1.64835e-05 -1.64835e-05
362000 0 0 -3.2967e-05 -3.2967e-05 0 -1.64835e-05 -3.2967e-05 -1.64835e-05 -1.64835e-05
363000 0 0 -3.2967e-05 -3.2967e-05 0 -1.64835e-05 -3.2967e-05 -1.64835e-05 -1.64835e-05
364000 0 0 -3.2967e-05 -3.2967e-05 0 -1.64835e-05 -3.2967e-05 -1.64835e-05 -1.64835e-05
365000 0 0 -3.2967e-05 -3.2967e-05 0 -1.64835e-05 -3.2967e-05 -1.64835e-05 -1.64835e-05
366000 0 0 -3.2967e-05 -3.2967e-05 0 -1.64835e-05 -3.2967e-05 -1.64835e-05 -1.64835e-05
367000 0 0 -3.2967e-05 -3.2967e-05 0 -1.64835e-05 -3.2967e-05 -1.64835e-05 -1.64835e-05
368000 0 0 -3.2967e-05 -3.2967e-05 0 -1.64835e-05 -3.2967e-05 -1.64835e-05 -1.64835e-05
369000 0 0 -3.2967e-05 -3.2967e-05 0 -1.64835e-05 -3.2967e-05 -1.64835e-05 -1.64835e-05
370000 0 0 -3.2967e-05 -3.2967e-05 0 -1.64835e-05 -3.2967e-05 -1.64835e-05 -1.64835e-05
371000 0 0 -3.2967e-05 -3.2967e-05 0 -1.64835e-05 -3.2967e-05 -1.64835e-05 -1.64835e-05
372000 0 0 -3.2967e-05 -3.2967e-05 0 -1.64835e-05 -3.2967e-05 -1.64835e-05 -1.64835e-05
373000 0 0 -3.2967e-05 -3.2967e-05 0 -1.64835e-05 -3.2967e-05 -1.64835e-05 -1.64835e-05
374000 0 0 -3.2967e-05 -3.2967e-05 0 -1.64835e-05 -3.2967e-05 -1.64835e-05 -1.64835e-05
375000 0 0 -3.2967e-05 -3.2967e-05 0 -1.64835e-05 -3.2967e-05 -1.64835e-05 -1.64835e-05
376000 0 0 -3.2967e-05 -3.2967e-05 0 -1.64835e-05 -3.2967e-05 -1.64835e-05 -1.64835e-05
377000 0 0 -3.2967e-05 -3.2967e-05 0 -1.64835e-05 -3.2967e-05 -1.64835e-05 -1.64835e-05
378000 0 0 -3.2967e-05 -3.2967e-05 0 -1.64835e-05 -3.2967e-05 -1.64835e-05 -1.64835e-05
379000 0 0 -3.2967e-05 -3.2967e-05 0 -1.64835e-05 -3.2967e-05 -1.64835e-05 -1.64835e-05
380000 0 0 -3.2967e-05 -3.2967e-05 0 -1.64835e-05 -3.2967e-05 -1.64835e-05 -1.64835e-05
381000 0 0 -3.2967e-05 -3.2967e-05 0 -1.64835e-05 -3.2967e-05 -1.64835e-05 -1.64835e-05
382000 0 0 -3.2967e-05 -3.2967e-05 0 -1.64835e-05 -3.2967e-05 -1.64835e-05 -1.64835e-05
383000 0 0 -3.2967e-05 -3.2967e-05 0 -1.64835e-05 -3.2967e-05 -1.64835e-05 -1.64835e-05
384000 0 0 -3.2967e-05 -3.2967e-05 0 -1.64835e-05 -3.2967e-05 -1.64835e-05 -1.64835e-05
385000 0 0 -3.2967e-05 -3.2967e-05 0 -1.64835e-05 -3.2967e-05 -1.64835e-05 -1.64835e-05
386000 0 0 -3.2967e-05 -3.2967e-05 0 -1.64835e-05 -3.2967e-05 -1.64835e-05 -1.64835e-05
387000 0 0 -3.2967e-05 -3.2967e-05 0 -1.64835e-05 -3.2967e-05 -1.64835e-05 -1.64835e-05
388000 0 0 -3.2967e-05 -3.2967e-05 0 -1.64835e-05 -3.2967e-05 -1.64835e-05 -1.64835e-05
389000 0 0 -3.2967e-05 -3.2967e-05 0 -1.64835e-05 -3.2967e-05 -1.64835e-05 -1.64835e-05
390000 0 0 -3.2967e-05 -3.2967e-05 0 -1.64835e-05 -3.2967e-05 -1.64835e-05 -1.64835e-05
391000 0 0 -3.2967e-05 -3.2967e-05 0 -1.64835e-05 -3.2967e-05 -1.64835e-05 -1.64835e-05
392000 0 0 -3.2967e-05 -3.2967e-05 0 -1.64835e-05 -3.2967e-05 -1.64835e-05 -1.64835e-05
393000 0 0 -3.2967e-05 -3.2967e-05 0 -1.64835e-05 -3.2967e-05 -1.64835e-05 -1.64835e-05
394000 0 0 -3.2967e-05 -3.2967e-05 0 -1.64835e-05 -3.2967e-05 -1.64835e-05 -1.64835e-05
395000 0 0 -3.2967e-05 -3.2967e-05 0 -1.64835e-05 -3.2967e-05 -1.64835e-05 -1.64835e-05
396000 0 0 -3.2967e-05 -3.2967e-05 0 -1.64835e-05 -3.2967e-05 -1.64835e-05 -1.64835e-05
397000 0 0 -3.2967e-05 -3.2967e-05 0 -1.64835e-05 -3.2967e-05 -1.64835e-05 -1.64835e-05
398000 0 0 -3.2967e-05 -3.2967e-05 0 -1.64835e-05 -3.2967e-05 -1.64835e-05 -1.64835e-05
399000 0 0 -3.2967e-05 -3.2967e-05 0 -1.64835e-05 -3.2967e-05 -1.64835e-05 -1.64835e-05
400000 0 0 -3.2967e-05 -3.2967e-05 0 -1.64835e-05 -3.2967e-05 -1.64835e-05 -1.64835e-05
401000 0 0 -3.2967e-05 -3.2967e-05 0 -1.64835e-05 -3.2967e-05 -1.64835e-05 -1.64835e-05
402000 0 0 -3.2967e-05 -3.2967e-05 0 -1.64835e-05 -3.2967e-05 -1.64835e-05 -1.64835e-05
403000 0 0 -3.2967e-05 -3.2967e-05 0 -1.64835e-05 -3.2967e-05 -1.64835e-05 -1.64835e-05
404000 0 0 -3.2967e-05 -3.2967e-05 0 -1.64835e-05 -3.2967e-05 -1.64835e-05 -1.64835e-05
405000 0 0 -3.2967e-05 -3.2967e-05 0 -1.64835e-05 -3.2967e-05 -1.64835e-05 -1.64835e-05
406000 0 0 -3.2967e-05 -3.2967e-05 0 -1.64835e-05 -3.2967e-05 -1.64835e-05 -1.64835e-05
407000 0 0 -3.2967e-05 -3.2967e-05 0 -1.64835e-05 -3.2967e-05 -1.64835e-05 -1.64835e-05
408000 0 0 -3.2967e-05 -3.2967e-05 0 -1.64835e-05 -3.2967e-05 -1.64835e-05 -1.64835e-05
409000 0 0 -3.2967e-05 -3.2967e-05 0 -1.64835e-05 -3.2967e-05 -1.64835e-05 -1.64835e-05
410000 0 0 -3.2967e-05 -3.2967e-05 0 -1.64835e-05 -3.2967e-05 -1.64835e-05 -1.64835e-05
0.005 -1.45613e-19 -1.89317e-19 -3.41223e-05 -3.41223e-05 -6.65574e-19 -1.70688e-05 -3.41223e-05 -1.70688e-05 -1.70618e-05
0.01 -1.38523e-19 -1.96293e-19 -3.40435e-05 -3.40435e-05 -6.65219e-19 -1.70417e-05 -3.40435e-05 -1.70417e-05 -1.70126e-05
0.015 -1.30868e-19 -2.0247e-19 -3.4028e-05 -3.4028e-05 -6.6665e-19 -1.7015e-05 -3.4028e-05 -1.7015e-05 -1.70115e-05
0.02 -1.25389e-19 -2.07951e-19 -3.41064e-05 -3.41064e-05 -6.66646e-19 -1.70532e-05 -3.41064e-05 -1.70532e-05 -1.70515e-05
0.025 -1.20091e-19 -2.1325e-19 -3.42418e-05 -3.42418e-05 -6.66657e-19 -1.71226e-05 -3.42418e-05 -1.71226e-05 -1.71207e-05
0.03 -1.15181e-19 -2.18138e-19 -3.44137e-05 -3.44137e-05 -6.66642e-19 -1.72083e-05 -3.44137e-05 -1.72083e-05 -1.72079e-05
0.035 -1.1e-19 -2.23361e-19 -3.46066e-05 -3.46066e-05 -6.66653e-19 -1.73039e-05 -3.46066e-05 -1.73039e-05 -1.73017e-05
0.04 -1.05397e-19 -2.27884e-19 -3.48461e-05 -3.48461e-05 -6.66527e-19 -1.74229e-05 -3.48461e-05 -1.74229e-05 -1.74227e-05
0.045 -1.01746e-19 -2.31642e-19 -3.54682e-05 -3.54682e-05 -6.66702e-19 -1.77361e-05 -3.54682e-05 -1.77361e-05 -1.77324e-05
0.05 -9.84444e-20 -2.35029e-19 -3.63626e-05 -3.63626e-05 -6.66751e-19 -1.81795e-05 -3.63626e-05 -1.81795e-05 -1.81732e-05
0.055 -9.52621e-20 -2.38086e-19 -3.70346e-05 -3.70346e-05 -6.6661e-19 -1.85217e-05 -3.70346e-05 -1.85217e-05 -1.85203e-05
0.06 -9.24217e-20 -2.41046e-19 -3.78965e-05 -3.78965e-05 -6.66782e-19 -1.89484e-05 -3.78965e-05 -1.89484e-05 -1.89411e-05
0.065 -8.94865e-20 -2.43956e-19 -3.85685e-05 -3.85685e-05 -6.66666e-19 -1.92907e-05 -3.85685e-05 -1.92907e-05 -1.92808e-05
0.07 -8.69267e-20 -2.46453e-19 -3.93478e-05 -3.93478e-05 -6.66577e-19 -1.96756e-05 -3.93478e-05 -1.96756e-05 -1.96707e-05
0.075 -8.4334e-20 -2.49031e-19 -4.00286e-05 -4.00286e-05 -6.66476e-19 -2.00165e-05 -4.00286e-05 -2.00165e-05 -2.00061e-05
0.08 -8.19074e-20 -2.51538e-19 -4.07585e-05 -4.07585e-05 -6.66506e-19 -2.03824e-05 -4.07585e-05 -2.03824e-05 -2.03674e-05
0.085 -7.96869e-20 -2.5381e-19 -4.14394e-05 -4.14394e-05 -6.6669e-19 -2.07213e-05 -4.14394e-05 -2.07213e-05 -2.07137e-05
0.09 -7.75143e-20 -2.55933e-19 -4.20915e-05 -4.20915e-05 -6.66562e-19 -2.105e-05 -4.20915e-05 -2.105e-05 -2.10359e-05
0.095 -7.54321e-20 -2.58078e-19 -4.27431e-05 -4.27431e-05 -6.66549e-19 -2.13771e-05 -4.27431e-05 -2.13771e-05 -2.13582e-05
0.1 -7.34445e-20 -2.60107e-19 -4.33658e-05 -4.33658e-05 -6.66651e-19 -2.16894e-05 -4.33658e-05 -2.16894e-05 -2.16729e-05
0.105 -7.14988e-20 -2.62024e-19 -4.39724e-05 -4.39724e-05 -6.66749e-19 -2.1989e-05 -4.39724e-05 -2.1989e-05 -2.19807e-05
0.11 -6.97953e-20 -2.63646e-19 -4.4556e-05 -4.4556e-05 -6.66941e-19 -2.22778e-05 -4.4556e-05 -2.22778e-05 -2.2284e-05
0.115 -6.81786e-20 -2.65196e-19 -4.51093e-05 -4.51093e-05 -6.66868e-19 -2.25552e-05 -4.51093e-05 -2.25552e-05 -2.25575e-05
0.12 -6.6356e-20 -2.66976e-19 -4.5632e-05 -4.5632e-05 -6.6646e-19 -2.28223e-05 -4.5632e-05 -2.28223e-05 -2.28083e-05
0.125 -6.47814e-20 -2.68529e-19 -4.61751e-05 -4.61751e-05 -6.66585e-19 -2.3086e-05 -4.61751e-05 -2.3086e-05 -2.309e-05
0.13 -6.34425e-20 -2.69691e-19 -4.66649e-05 -4.66649e-05 -6.66657e-19 -2.33267e-05 -4.66649e-05 -2.33267e-05 -2.33456e-05
0.135 -6.19094e-20 -2.7136e-19 -4.71685e-05 -4.71685e-05 -6.66657e-19 -2.35866e-05 -4.71685e-05 -2.35866e-05 -2.35836e-05
0.14 -6.07831e-20 -2.7246e-19 -4.76386e-05 -4.76386e-05 -6.6681e-19 -2.38129e-05 -4.76386e-05 -2.38129e-05 -2.38309e-05
0.145 -5.9344e-20 -2.7401e-19 -4.80906e-05 -4.80906e-05 -6.66649e-19 -2.40514e-05 -4.80906e-05 -2.40514e-05 -2.40398e-05
0.15 -5.81994e-20 -2.75148e-19 -4.85336e-05 -4.85336e-05 -6.6669e-19 -2.42644e-05 -4.85336e-05 -2.42644e-05 -2.42694e-05
0.155 -5.69064e-20 -2.76454e-19 -4.89544e-05 -4.89544e-05 -6.66665e-19 -2.44795e-05 -4.89544e-05 -2.44795e-05 -2.44749e-05
0.16 -5.59316e-20 -2.77424e-19 -4.93718e-05 -4.93718e-05 -6.66831e-19 -2.46825e-05 -4.93718e-05 -2.46825e-05 -2.46908e-05
0.165 -5.46047e-20 -2.78793e-19 -4.97576e-05 -4.97576e-05 -6.66713e-19 -2.48827e-05 -4.97576e-05 -2.48827e-05 -2.48749e-05
0.17 -5.37241e-20 -2.79554e-19 -5.01432e-05 -5.01432e-05 -6.66877e-19 -2.5063e-05 -5.01432e-05 -2.5063e-05 -2.50831e-05
0.175 -5.27663e-20 -2.80503e-19 -5.05036e-05 -5.05036e-05 -6.66802e-19 -2.52501e-05 -5.05036e-05 -2.52501e-05 -2.52561e-05
0.18 -5.17231e-20 -2.81649e-19 -5.08591e-05 -5.08591e-05 -6.66691e-19 -2.54325e-05 -5.08591e-05 -2.54325e-05 -2.54274e-05
0.185 -5.09096e-20 -2.82398e-19 -5.1196e-05 -5.1196e-05 -6.66682e-19 -2.55947e-05 -5.1196e-05 -2.55947e-05 -2.56013e-05
0.19 -5.00272e-20 -2.83307e-19 -5.15195e-05 -5.15195e-05 -6.66521e-19 -2.57646e-05 -5.15195e-05 -2.57646e-05 -2.5755e-05
0.195 -4.91016e-20 -2.84314e-19 -5.18381e-05 -5.18381e-05 -6.66453e-19 -2.59269e-05 -5.18381e-05 -2.59269e-05 -2.59108e-05
0.2 -4.82905e-20 -2.8508e-19 -5.21443e-05 -5.21443e-05 -6.6652e-19 -2.60743e-05 -5.21443e-05 -2.60743e-05 -2.60691e-05
0.205 -4.75949e-20 -2.85738e-19 -5.24383e-05 -5.24383e-05 -6.66552e-19 -2.62214e-05 -5.24383e-05 -2.62214e-05 -2.6217e-05
0.21 -4.66557e-20 -2.86759e-19 -5.27259e-05 -5.27259e-05 -6.66505e-19 -2.63702e-05 -5.27259e-05 -2.63702e-05 -2.63546e-05
0.215 -4.60354e-20 -2.87217e-19 -5.29946e-05 -5.29946e-05 -6.66592e-19 -2.64917e-05 -5.29946e-05 -2.64917e-05 -2.65017e-05
0.22 -4.53056e-20 -2.87963e-19 -5.32608e-05 -5.32608e-05 -6.66565e-19 -2.66326e-05 -5.32608e-05 -2.66326e-05 -2.66292e-05
0.225 -4.47597e-20 -2.88507e-19 -5.35163e-05 -5.35163e-05 -6.66568e-19 -2.67564e-05 -5.35163e-05 -2.67564e-05 -2.67591e-05
0.23 -4.39109e-20 -2.89436e-19 -5.37602e-05 -5.37602e-05 -6.66449e-19 -2.68877e-05 -5.37602e-05 -2.68877e-05 -2.68734e-05
0.235 -4.34304e-20 -2.89802e-19 -5.39994e-05 -5.39994e-05 -6.66585e-19 -2.69934e-05 -5.39994e-05 -2.69934e-05 -2.70045e-05
0.24 -4.27898e-20 -2.90478e-19 -5.42286e-05 -5.42286e-05 -6.66565e-19 -2.71163e-05 -5.42286e-05 -2.71163e-05 -2.71131e-05
0.245 -4.22846e-20 -2.91012e-19 -5.44529e-05 -5.44529e-05 -6.66612e-19 -2.72257e-05 -5.44529e-05 -2.72257e-05 -2.72272e-05
0.25 -4.17184e-20 -2.91619e-19 -5.46655e-05 -5.46655e-05 -6.6659e-19 -2.73361e-05 -5.46655e-05 -2.73361e-05 -2.73304e-05
0.255 -4.12035e-20 -2.92163e-19 -5.48746e-05 -5.48746e-05 -6.66614e-19 -2.74395e-05 -5.48746e-05 -2.74395e-05 -2.74351e-05
0.26 -4.06795e-20 -2.92692e-19 -5.50722e-05 -5.50722e-05 -6.66621e-19 -2.75389e-05 -5.50722e-05 -2.75389e-05 -2.75336e-05
0.265 -4.01929e-20 -2.93192e-19 -5.52658e-05 -5.52658e-05 -6.66656e-19 -2.76358e-05 -5.52658e-05 -2.76358e-05 -2.76307e-05
0.27 -3.97809e-20 -2.93597e-19 -5.54502e-05 -5.54502e-05 -6.6666e-19 -2.77271e-05 -5.54502e-05 -2.77271e-05 -2.77231e-05
0.275 -3.93078e-20 -2.94098e-19 -5.56248e-05 -5.56248e-05 -6.66549e-19 -2.78198e-05 -5.56248e-05 -2.78198e-05 -2.78066e-05
0.28 -3.88877e-20 -2.94548e-19 -5.57989e-05 -5.57989e-05 -6.66527e-19 -2.79071e-05 -5.57989e-05 -2.79071e-05 -2.78929e-05
0.285 -3.83824e-20 -2.95072e-19 -5.59647e-05 -5.59647e-05 -6.66519e-19 -2.79912e-05 -5.59647e-05 -2.79912e-05 -2.79747e-05
0.29 -3.79678e-20 -2.95426e-19 -5.61255e-05 -5.61255e-05 -6.66586e-19 -2.80657e-05 -5.61255e-05 -2.80657e-05 -2.80593e-05
0.295 -3.75472e-20 -2.95808e-19 -5.62805e-05 -5.62805e-05 -6.66628e-19 -2.8142e-05 -5.62805e-05 -2.8142e-05 -2.81379e-05
0.3 -3.72686e-20 -2.96056e-19 -5.64302e-05 -5.64302e-05 -6.66665e-19 -2.82148e-05 -5.64302e-05 -2.82148e-05 -2.82146e-05
0.305 -3.68918e-20 -2.96499e-19 -5.6573e-05 -5.6573e-05 -6.66571e-19 -2.82941e-05 -5.6573e-05 -2.82941e-05 -2.82808e-05
0.31 -3.65619e-20 -2.96867e-19 -5.6713e-05 -5.6713e-05 -6.66537e-19 -2.83645e-05 -5.6713e-05 -2.83645e-05 -2.83502e-05
0.315 -3.62539e-20 -2.97197e-19 -5.68475e-05 -5.68475e-05 -6.66518e-19 -2.84334e-05 -5.68475e-05 -2.84334e-05 -2.84161e-05
0.32 -3.59265e-20 -2.97562e-19 -5.69775e-05 -5.69775e-05 -6.66477e-19 -2.85011e-05 -5.69775e-05 -2.85011e-05 -2.84788e-05
0.325 -3.5501e-20 -2.98008e-19 -5.7103e-05 -5.7103e-05 -6.66462e-19 -2.85646e-05 -5.7103e-05 -2.85646e-05 -2.85408e-05
0.33 -3.51835e-20 -2.98237e-19 -5.72242e-05 -5.72242e-05 -6.66555e-19 -2.86167e-05 -5.72242e-05 -2.86167e-05 -2.86068e-05
0.335 -3.48925e-20 -2.98477e-19 -5.73413e-05 -5.73413e-05 -6.66612e-19 -2.86738e-05 -5.73413e-05 -2.86738e-05 -2.86667e-05
0.34 -3.45978e-20 -2.98766e-19 -5.74543e-05 -5.74543e-05 -6.66622e-19 -2.87307e-05 -5.74543e-05 -2.87307e-05 -2.87233e-05
0.345 -3.43163e-20 -2.99036e-19 -5.75635e-05 -5.75635e-05 -6.6663e-19 -2.87842e-05 -5.75635e-05 -2.87842e-05 -2.87787e-05
0.35 -3.40424e-20 -2.993e-19 -5.76689e-05 -5.76689e-05 -6.66644e-19 -2.88364e-05 -5.76689e-05 -2.88364e-05 -2.88321e-05
0.355 -3.37789e-20 -2.99552e-19 -5.77707e-05 -5.77707e-05 -6.66658e-19 -2.88866e-05 -5.77707e-05 -2.88866e-05 -2.88837e-05
0.36 -3.35989e-20 -2.99722e-19 -5.78691e-05 -5.78691e-05 -6.66672e-19 -2.89351e-05 -5.78691e-05 -2.89351e-05 -2.89336e-05
0.365 -3.3357e-20 -3.00014e-19 -5.79636e-05 -5.79636e-05 -6.66611e-19 -2.89878e-05 -5.79636e-05 -2.89878e-05 -2.89776e-05
0.37 -3.31406e-20 -3.00257e-19 -5.80556e-05 -5.80556e-05 -6.66588e-19 -2.90343e-05 -5.80556e-05 -2.90343e-05 -2.90233e-05
0.375 -3.29153e-20 -3.00498e-19 -5.81443e-05 -5.81443e-05 -6.66575e-19 -2.90798e-05 -5.81443e-05 -2.90798e-05 -2.90669e-05
0.38 -3.26992e-20 -3.00719e-19 -5.823e-05 -5.823e-05 -6.66572e-19 -2.91228e-05 -5.823e-05 -2.91228e-05 -2.91097e-05
0.385 -3.24051e-20 -3.01003e-19 -5.83114e-05 -5.83114e-05 -6.66551e-19 -2.91634e-05 -5.83114e-05 -2.91634e-05 -2.91503e-05
0.39 -3.21957e-20 -3.01143e-19 -5.8392e-05 -5.8392e-05 -6.66622e-19 -2.91972e-05 -5.8392e-05 -2.91972e-05 -2.91946e-05
0.395 -3.19737e-20 -3.01324e-19 -5.84692e-05 -5.84692e-05 -6.66666e-19 -2.92343e-05 -5.84692e-05 -2.92343e-05 -2.92344e-05
0.4 -3.17767e-20 -3.01493e-19 -5.85445e-05 -5.85445e-05 -6.66707e-19 -2.92695e-05 -5.85445e-05 -2.92695e-05 -2.92737e-05
0.405 -3.15815e-20 -3.01666e-19 -5.86166e-05 -5.86166e-05 -6.66732e-19 -2.93042e-05 -5.86166e-05 -2.93042e-05 -2.93109e-05
0.41 -3.13975e-20 -3.01831e-19 -5.86866e-05 -5.86866e-05 -6.66753e-19 -2.93378e-05 -5.86866e-05 -2.93378e-05 -2.9347e-05
0.415 -3.1219e-20 -3.01993e-19 -5.87541e-05 -5.87541e-05 -6.66771e-19 -2.93704e-05 -5.87541e-05 -2.93704e-05 -2.93817e-05
0.42 -3.10854e-20 -3.02111e-19 -5.88195e-05 -5.88195e-05 -6.66787e-19 -2.94019e-05 -5.88195e-05 -2.94019e-05 -2.94154e-05
0.425 -3.09594e-20 -3.02254e-19 -5.88823e-05 -5.88823e-05 -6.66765e-19 -2.94354e-05 -5.88823e-05 -2.94354e-05 -2.94458e-05
0.43 -3.08133e-20 -3.02437e-19 -5.89439e-05 -5.89439e-05 -6.66731e-19 -2.94686e-05 -5.89439e-05 -2.94686e-05 -2.94751e-05
0.435 -3.06695e-20 -3.02598e-19 -5.90028e-05 -5.90028e-05 -6.66716e-19 -2.94986e-05 -5.90028e-05 -2.94986e-05 -2.95044e-05
0.44 -3.0525e-20 -3.0275e-19 -5.906e-05 -5.906e-05 -6.6671e-19 -2.95275e-05 -5.906e-05 -2.95275e-05 -2.95328e-05
0.445 -3.03847e-20 -3.02893e-19 -5.91156e-05 -5.91156e-05 -6.66715e-19 -2.95551e-05 -5.91156e-05 -2.95551e-05 -2.95608e-05
0.45 -3.02453e-20 -3.0303e-19 -5.9169e-05 -5.9169e-05 -6.66719e-19 -2.95814e-05 -5.9169e-05 -2.95814e-05 -2.95876e-05
0.455 -3.01106e-20 -3.0316e-19 -5.92208e-05 -5.92208e-05 -6.66724e-19 -2.96068e-05 -5.92208e-05 -2.96068e-05 -2.96138e-05
0.46 -2.99792e-20 -3.03286e-19 -5.92709e-05 -5.92709e-05 -6.66731e-19 -2.96313e-05 -5.92709e-05 -2.96313e-05 -2.96392e-05
0.465 -2.98894e-20 -3.03369e-19 -5.93193e-05 -5.93193e-05 -6.66738e-19 -2.96549e-05 -5.93193e-05 -2.96549e-05 -2.96637e-05
0.47 -2.97693e-20 -3.03515e-19 -5.93662e-05 -5.93662e-05 -6.66713e-19 -2.9681e-05 -5.93662e-05 -2.9681e-05 -2.96857e-05
0.475 -2.96605e-20 -3.03636e-19 -5.94116e-05 -5.94116e-05 -6.66704e-19 -2.97038e-05 -5.94116e-05 -2.97038e-05 -2.97084e-05
0.48 -2.95472e-20 -3.03756e-19 -5.94556e-05 -5.94556e-05 -6.66698e-19 -2.97262e-05 -5.94556e-05 -2.97262e-05 -2.97301e-05
0.485 -2.95121e-20 -3.03792e-19 -5.94981e-05 -5.94981e-05 -6.66697e-19 -2.97473e-05 -5.94981e-05 -2.97473e-05 -2.97514e-05
0.49 -2.94117e-20 -3.03956e-19 -5.95394e-05 -5.95394e-05 -6.66635e-19 -2.97742e-05 -5.95394e-05 -2.97742e-05 -2.97685e-05
0.495 -2.93274e-20 -3.04073e-19 -5.95792e-05 -5.95792e-05 -6.66602e-19 -2.97951e-05 -5.95792e-05 -2.97951e-05 -2.97877e-05
0.5 -2.92303e-20 -3.04192e-19 -5.96179e-05 -5.96179e-05 -6.6658e-19 -2.98161e-05 -5.96179e-05 -2.98161e-05 -2.98059e-05
0.505 -2.90992e-20 -3.04333e-19 -5.96553e-05 -5.96553e-05 -6.66567e-19 -2.98353e-05 -5.96553e-05 -2.98353e-05 -2.98241e-05
0.51 -2.89257e-20 -3.04482e-19 -5.96916e-05 -5.96916e-05 -6.66593e-19 -2.98509e-05 -5.96916e-05 -2.98509e-05 -2.98435e-05
0.515 -2.88161e-20 -3.04512e-19 -5.97267e-05 -5.97267e-05 -6.66672e-19 -2.98616e-05 -5.97267e-05 -2.98616e-05 -2.98647e-05
0.52 -2.87019e-20 -3.0458e-19 -5.97608e-05 -5.97608e-05 -6.66718e-19 -2.98765e-05 -5.97608e-05 -2.98765e-05 -2.98829e-05
0.525 -2.86055e-20 -3.04644e-19 -5.97938e-05 -5.97938e-05 -6.66751e-19 -2.98905e-05 -5.97938e-05 -2.98905e-05 -2.99008e-05
0.53 -2.85502e-20 -3.04678e-19 -5.98258e-05 -5.98258e-05 -6.66773e-19 -2.99051e-05 -5.98258e-05 -2.99051e-05 -2.99177e-05
0.535 -2.84668e-20 -3.04777e-19 -5.98568e-05 -5.98568e-05 -6.66757e-19 -2.99225e-05 -5.98568e-05 -2.99225e-05 -2.99322e-05
0.54 -2.83937e-20 -3.04855e-19 -5.98868e-05 -5.98868e-05 -6.66752e-19 -2.99372e-05 -5.98868e-05 -2.99372e-05 -2.99475e-05
0.545 -2.83158e-20 -3.04935e-19 -5.9916e-05 -5.9916e-05 -6.66751e-19 -2.99519e-05 -5.9916e-05 -2.99519e-05 -2.9962e-05
0.55 -2.8241e-20 -3.05007e-19 -5.99443e-05 -5.99443e-05 -6.66753e-19 -2.99656e-05 -5.99443e-05 -2.99656e-05 -2.99764e-05
0.555 -2.81668e-20 -3.05078e-19 -5.99717e-05 -5.99717e-05 -6.66757e-19 -2.9979e-05 -5.99717e-05 -2.9979e-05 -2.99904e-05
0.56 -2.80945e-20 -3.05146e-19 -5.99984e-05 -5.99984e-05 -6.66761e-19 -2.99918e-05 -5.99984e-05 -2.99918e-05 -3.0004e-05
0.565 -2.80232e-20 -3.05211e-19 -6.0024e-05 -6.0024e-05 -6.66764e-19 -3.00041e-05 -6.0024e-05 -3.00041e-05 -3.00171e-05
0.57 -2.79537e-20 -3.05273e-19 -6.00489e-05 -6.00489e-05 -6.66766e-19 -3.0016e-05 -6.00489e-05 -3.0016e-05 -3.00298e-05
0.575 -2.78871e-20 -3.05334e-19 -6.00733e-05 -6.00733e-05 -6.66772e-19 -3.00276e-05 -6.00733e-05 -3.00276e-05 -3.00423e-05
0.58 -2.78215e-20 -3.05394e-19 -6.00969e-05 -6.00969e-05 -6.66778e-19 -3.00389e-05 -6.00969e-05 -3.00389e-05 -3.00545e-05
0.585 -2.77578e-20 -3.05452e-19 -6.01199e-05 -6.01199e-05 -6.66784e-19 -3.00498e-05 -6.01199e-05 -3.00498e-05 -3.00663e-05
0.59 -2.76957e-20 -3.05508e-19 -6.01422e-05 -6.01422e-05 -6.6679e-19 -3.00603e-05 -6.01422e-05 -3.00603e-05 -3.00778e-05
0.595 -2.76352e-20 -3.05563e-19 -6.01638e-05 -6.01638e-05 -6.66796e-19 -3.00705e-05 -6.01638e-05 -3.00705e-05 -3.00889e-05
0.6 -2.75762e-20 -3.05616e-19 -6.01849e-05 -6.01849e-05 -6.66802e-19 -3.00805e-05 -6.01849e-05 -3.00805e-05 -3.00998e-05
0.605 -2.75186e-20 -3.05667e-19 -6.02053e-05 -6.02053e-05 -6.66809e-19 -3.00901e-05 -6.02053e-05 -3.00901e-05 -3.01104e-05
0.61 -2.74625e-20 -3.05718e-19 -6.02252e-05 -6.02252e-05 -6.66815e-19 -3.00994e-05 -6.02252e-05 -3.00994e-05 -3.01206e-05
0.615 -2.74077e-20 -3.05766e-19 -6.02445e-05 -6.02445e-05 -6.66821e-19 -3.01084e-05 -6.02445e-05 -3.01084e-05 -3.01307e-05
0.62 -2.73543e-20 -3.05814e-19 -6.02633e-05 -6.02633e-05 -6.66827e-19 -3.01172e-05 -6.02633e-05 -3.01172e-05 -3.01404e-05
0.625 -2.73021e-20 -3.0586e-19 -6.02816e-05 -6.02816e-05 -6.66834e-19 -3.01257e-05 -6.02816e-05 -3.01257e-05 -3.01499e-05
0.63 -2.72511e-20 -3.05905e-19 -6.02994e-05 -6.02994e-05 -6.6684e-19 -3.01339e-05 -6.02994e-05 -3.01339e-05 -3.01592e-05
0.635 -2.72769e-20 -3.05873e-19 -6.03167e-05 -6.03167e-05 -6.66846e-19 -3.01419e-05 -6.03167e-05 -3.01419e-05 -3.01682e-05
0.64 -2.72732e-20 -3.05935e-19 -6.03336e-05 -6.03336e-05 -6.66787e-19 -3.01562e-05 -6.03336e-05 -3.01562e-05 -3.01735e-05
0.645 -2.72504e-20 -3.06018e-19 -6.03498e-05 -6.03498e-05 -6.66723e-19 -3.01683e-05 -6.03498e-05 -3.01683e-05 -3.01795e-05
0.65 -2.72208e-20 -3.06085e-19 -6.03658e-05 -6.03658e-05 -6.66686e-19 -3.01785e-05 -6.03658e-05 -3.01785e-05 -3.01863e-05
0.655 -2.71849e-20 -3.06144e-19 -6.03814e-05 -6.03814e-05 -6.66664e-19 -3.01878e-05 -6.03814e-05 -3.01878e-05 -3.01932e-05
0.66 -2.71468e-20 -3.06196e-19 -6.03965e-05 -6.03965e-05 -6.66649e-19 -3.01964e-05 -6.03965e-05 -3.01964e-05 -3.02002e-05
0.665 -2.71074e-20 -3.06245e-19 -6.04113e-05 -6.04113e-05 -6.6664e-19 -3.02045e-05 -6.04113e-05 -3.02045e-05 -3.02071e-05
0.67 -2.70679e-20 -3.06292e-19 -6.04257e-05 -6.04257e-05 -6.66633e-19 -3.02123e-05 -6.04257e-05 -3.02123e-05 -3.0214e-05
0.675 -2.70284e-20 -3.06336e-19 -6.04398e-05 -6.04398e-05 -6.66629e-19 -3.02198e-05 -6.04398e-05 -3.02198e-05 -3.02207e-05
0.68 -2.69895e-20 -3.06379e-19 -6.04535e-05 -6.04535e-05 -6.66625e-19 -3.0227e-05 -6.04535e-05 -3.0227e-05 -3.02273e-05
0.685 -2.69511e-20 -3.06421e-19 -6.04668e-05 -6.04668e-05 -6.66622e-19 -3.02341e-05 -6.04668e-05 -3.02341e-05 -3.02337e-05
0.69 -2.69134e-20 -3.06461e-19 -6.04799e-05 -6.04799e-05 -6.66619e-19 -3.02409e-05 -6.04799e-05 -3.02409e-05 -3.024e-05
0.695 -2.68764e-20 -3.06501e-19 -6.04926e-05 -6.04926e-05 -6.66617e-19 -3.02476e-05 -6.04926e-05 -3.02476e-05 -3.02461e-05
0.7 -2.68401e-20 -3.06539e-19 -6.05051e-05 -6.05051e-05 -6.66615e-19 -3.02542e-05 -6.05051e-05 -3.02542e-05 -3.02521e-05
0.705 -2.68045e-20 -3.06577e-19 -6.05172e-05 -6.05172e-05 -6.66612e-19 -3.02605e-05 -6.05172e-05 -3.02605e-05 -3.0258e-05
0.71 -2.67695e-20 -3.06614e-19 -6.05291e-05 -6.05291e-05 -6.66611e-19 -3.02668e-05 -6.05291e-05 -3.02668e-05 -3.02637e-05
0.715 -2.67352e-20 -3.06651e-19 -6.05407e-05 -6.05407e-05 -6.66609e-19 -3.02728e-05 -6.05407e-05 -3.02728e-05 -3.02693e-05
0.72 -2.67015e-20 -3.06686e-19 -6.0552e-05 -6.0552e-05 -6.66607e-19 -3.02788e-05 -6.0552e-05 -3.02788e-05 -3.02748e-05
0.725 -2.66685e-20 -3.06721e-19 -6.05631e-05 -6.05631e-05 -6.66605e-19 -3.02846e-05 -6.05631e-05 -3.02846e-05 -3.02802e-05
0.73 -2.6636e-20 -3.06755e-19 -6.05739e-05 -6.05739e-05 -6.66604e-19 -3.02903e-05 -6.05739e-05 -3.02903e-05 -3.02854e-05
0.735 -2.66041e-20 -3.06789e-19 -6.05845e-05 -6.05845e-05 -6.66602e-19 -3.02958e-05 -6.05845e-05 -3.02958e-05 -3.02906e-05
0.74 -2.65727e-20 -3.06822e-19 -6.05949e-05 -6.05949e-05 -6.66601e-19 -3.03012e-05 -6.05949e-05 -3.03012e-05 -3.02956e-05
0.745 -2.65419e-20 -3.06854e-19 -6.0605e-05 -6.0605e-05 -6.666e-19 -3.03066e-05 -6.0605e-05 -3.03066e-05 -3.03005e-05
0.75 -2.65116e-20 -3.06885e-19 -6.0615e-05 -6.0615e-05 -6.66598e-19 -3.03118e-05 -6.0615e-05 -3.03118e-05 -3.03054e-05
0.755 -2.64818e-20 -3.06917e-19 -6.06247e-05 -6.06247e-05 -6.66597e-19 -3.03169e-05 -6.06247e-05 -3.03169e-05 -3.03101e-05
0.76 -2.64525e-20 -3.06947e-19 -6.06343e-05 -6.06343e-05 -6.66596e-19 -3.03218e-05 -6.06343e-05 -3.03218e-05 -3.03148e-05
0.765 -2.64236e-20 -3.06977e-19 -6.06437e-05 -6.06437e-05 -6.66595e-19 -3.03267e-05 -6.06437e-05 -3.03267e-05 -3.03193e-05
0.77 -2.63952e-20 -3.07007e-19 -6.06528e-05 -6.06528e-05 -6.66594e-19 -3.03315e-05 -6.06528e-05 -3.03315e-05 -3.03238e-05
0.775 -2.63672e-20 -3.07035e-19 -6.06618e-05 -6.06618e-05 -6.66593e-19 -3.03362e-05 -6.06618e-05 -3.03362e-05 -3.03282e-05
0.78 -2.63396e-20 -3.07064e-19 -6.06707e-05 -6.06707e-05 -6.66593e-19 -3.03408e-05 -6.06707e-05 -3.03408e-05 -3.03325e-05
0.785 -2.63124e-20 -3.07092e-19 -6.06793e-05 -6.06793e-05 -6.66592e-19 -3.03453e-05 -6.06793e-05 -3.03453e-05 -3.03367e-05
0.79 -2.62856e-20 -3.07119e-19 -6.06878e-05 -6.06878e-05 -6.66591e-19 -3.03498e-05 -6.06878e-05 -3.03498e-05 -3.03408e-05
0.795 -2.62592e-20 -3.07147e-19 -6.06962e-05 -6.06962e-05 -6.66591e-19 -3.03541e-05 -6.06962e-05 -3.03541e-05 -3.03449e-05
0.8 -2.62331e-20 -3.07173e-19 -6.07044e-05 -6.07044e-05 -6.6659e-19 -3.03584e-05 -6.07044e-05 -3.03584e-05 -3.03489e-05
0.805 -2.62074e-20 -3.072e-19 -6.07125e-05 -6.07125e-05 -6.6659e-19 -3.03625e-05 -6.07125e-05 -3.03625e-05 -3.03529e-05
0.81 -2.6182e-20 -3.07225e-19 -6.07204e-05 -6.07204e-05 -6.66589e-19 -3.03667e-05 -6.07204e-05 -3.03667e-05 -3.03568e-05
0.815 -2.61569e-20 -3.07251e-19 -6.07282e-05 -6.07282e-05 -6.66589e-19 -3.03707e-05 -6.07282e-05 -3.03707e-05 -3.03606e-05
0.82 -2.61322e-20 -3.07276e-19 -6.07359e-05 -6.07359e-05 -6.66589e-19 -3.03747e-05 -6.07359e-05 -3.03747e-05 -3.03643e-05
0.825 -2.61077e-20 -3.07301e-19 -6.07434e-05 -6.07434e-05 -6.66588e-19 -3.03785e-05 -6.07434e-05 -3.03785e-05 -3.0368e-05
0.83 -2.60835e-20 -3.07325e-19 -6.07508e-05 -6.07508e-05 -6.66588e-19 -3.03824e-05 -6.07508e-05 -3.03824e-05 -3.03717e-05
0.835 -2.60596e-20 -3.07349e-19 -6.07582e-05 -6.07582e-05 -6.66588e-19 -3.03861e-05 -6.07582e-05 -3.03861e-05 -3.03753e-05
0.84 -2.6036e-20 -3.07373e-19 -6.07654e-05 -6.07654e-05 -6.66588e-19 -3.03898e-05 -6.07654e-05 -3.03898e-05 -3.03788e-05
0.845 -2.60126e-20 -3.07397e-19 -6.07724e-05 -6.07724e-05 -6.66588e-19 -3.03935e-05 -6.07724e-05 -3.03935e-05 -3.03823e-05
0.85 -2.59895e-20 -3.0742e-19 -6.07794e-05 -6.07794e-05 -6.66588e-19 -3.03971e-05 -6.07794e-05 -3.03971e-05 -3.03858e-05
0.855 -2.59666e-20 -3.07443e-19 -6.07863e-05 -6.07863e-05 -6.66588e-19 -3.04006e-05 -6.07863e-05 -3.04006e-05 -3.03892e-05
0.86 -2.59439e-20 -3.07465e-19 -6.07931e-05 -6.07931e-05 -6.66588e-19 -3.04041e-05 -6.07931e-05 -3.04041e-05 -3.03925e-05
0.865 -2.59215e-20 -3.07488e-19 -6.07998e-05 -6.07998e-05 -6.66588e-19 -3.04075e-05 -6.07998e-05 -3.04075e-05 -3.03958e-05
0.87 -2.58993e-20 -3.0751e-19 -6.08064e-05 -6.08064e-05 -6.66588e-19 -3.04109e-05 -6.08064e-05 -3.04109e-05 -3.03991e-05
0.875 -2.58773e-20 -3.07531e-19 -6.0813e-05 -6.0813e-05 -6.66589e-19 -3.04142e-05 -6.0813e-05 -3.04142e-05 -3.04023e-05
0.88 -2.58555e-20 -3.07553e-19 -6.08194e-05 -6.08194e-05 -6.66589e-19 -3.04174e-05 -6.08194e-05 -3.04174e-05 -3.04055e-05
0.885 -2.58338e-20 -3.07574e-19 -6.08258e-05 -6.08258e-05 -6.66589e-19 -3.04207e-05 -6.08258e-05 -3.04207e-05 -3.04087e-05
0.89 -2.58124e-20 -3.07595e-19 -6.08321e-05 -6.08321e-05 -6.6659e-19 -3.04238e-05 -6.08321e-05 -3.04238e-05 -3.04118e-05
0.895 -2.57912e-20 -3.07616e-19 -6.08383e-05 -6.08383e-05 -6.6659e-19 -3.0427e-05 -6.08383e-05 -3.0427e-05 -3.04149e-05
0.9 -2.57702e-20 -3.07637e-19 -6.08444e-05 -6.08444e-05 -6.66591e-19 -3.04301e-05 -6.08444e-05 -3.04301e-05 -3.0418e-05
0.905 -2.57492e-20 -3.07658e-19 -6.08505e-05 -6.08505e-05 -6.66592e-19 -3.04331e-05 -6.08505e-05 -3.04331e-05 -3.0421e-05
0.91 -2.57285e-20 -3.07678e-19 -6.08565e-05 -6.08565e-05 -6.66592e-19 -3.04361e-05 -6.08565e-05 -3.04361e-05 -3.0424e-05
0.915 -2.57078e-20 -3.07698e-19 -6.08624e-05 -6.08624e-05 -6.66593e-19 -3.04391e-05 -6.08624e-05 -3.04391e-05 -3.04269e-05
0.92 -2.56874e-20 -3.07718e-19 -6.08683e-05 -6.08683e-05 -6.66593e-19 -3.04421e-05 -6.08683e-05 -3.04421e-05 -3.04299e-05
0.925 -2.56671e-20 -3.07737e-19 -6.08741e-05 -6.08741e-05 -6.66594e-19 -3.0445e-05 -6.08741e-05 -3.0445e-05 -3.04328e-05
0.93 -2.56469e-20 -3.07757e-19 -6.08799e-05 -6.08799e-05 -6.66595e-19 -3.04478e-05 -6.08799e-05 -3.04478e-05 -3.04357e-05
0.935 -2.5664e-20 -3.07738e-19 -6.08855e-05 -6.08855e-05 -6.66595e-19 -3.04506e-05 -6.08855e-05 -3.04506e-05 -3.04385e-05
0.94 -2.56483e-20 -3.07786e-19 -6.08912e-05 -6.08912e-05 -6.66564e-19 -3.04567e-05 -6.08912e-05 -3.04567e-05 -3.04397e-05
0.945 -2.56392e-20 -3.07811e-19 -6.08968e-05 -6.08968e-05 -6.66547e-19 -3.04602e-05 -6.08968e-05 -3.04602e-05 -3.04421e-05
0.95 -2.56595e-20 -3.07803e-19 -6.09023e-05 -6.09023e-05 -6.66535e-19 -3.0464e-05 -6.09023e-05 -3.0464e-05 -3.04443e-05
0.955 -2.56103e-20 -3.07891e-19 -6.09078e-05 -6.09078e-05 -6.66496e-19 -3.04706e-05 -6.09078e-05 -3.04706e-05 -3.04452e-05
0.96 -2.56359e-20 -3.07856e-19 -6.09132e-05 -6.09132e-05 -6.66505e-19 -3.04712e-05 -6.09132e-05 -3.04712e-05 -3.04489e-05
0.965 -2.56143e-20 -3.07909e-19 -6.09187e-05 -6.09187e-05 -6.66475e-19 -3.0478e-05 -6.09187e-05 -3.0478e-05 -3.04495e-05
0.97 -2.56069e-20 -3.07932e-19 -6.0924e-05 -6.0924e-05 -6.66459e-19 -3.04812e-05 -6.0924e-05 -3.04812e-05 -3.04519e-05
0.975 -2.55896e-20 -3.07962e-19 -6.09293e-05 -6.09293e-05 -6.66446e-19 -3.04853e-05 -6.09293e-05 -3.04853e-05 -3.04538e-05
0.98 -2.55742e-20 -3.07986e-19 -6.09346e-05 -6.09346e-05 -6.66437e-19 -3.04886e-05 -6.09346e-05 -3.04886e-05 -3.04561e-05
0.985 -2.55568e-20 -3.08011e-19 -6.09398e-05 -6.09398e-05 -6.66429e-19 -3.04921e-05 -6.09398e-05 -3.04921e-05 -3.04582e-05
0.99 -2.55396e-20 -3.08034e-19 -6.0945e-05 -6.0945e-05 -6.66423e-19 -3.04954e-05 -6.0945e-05 -3.04954e-05 -3.04605e-05
0.995 -2.5522e-20 -3.08057e-19 -6.09502e-05 -6.09502e-05 -6.66418e-19 -3.04986e-05 -6.09502e-05 -3.04986e-05 -3.04627e-05
1 -2.55044e-20 -3.0808e-19 -6.09553e-05 -6.09553e-05 -6.66413e-19 -3.05018e-05 -6.09553e-05 -3.05018e-05 -3.04649e-05
1.005 -2.54867e-20 -3.08102e-19 -6.09604e-05 -6.09604e-05 -6.66409e-19 -3.0505e-05 -6.09604e-05 -3.0505e-05 -3.04671e-05
1.01 -2.5469e-20 -3.08124e-19 -6.09655e-05 -6.09655e-05 -6.66404e-19 -3.05081e-05 -6.09655e-05 -3.05081e-05 -3.04693e-05
1.015 -2.54514e-20 -3.08146e-19 -6.09705e-05 -6.09705e-05 -6.664e-19 -3.05112e-05 -6.09705e-05 -3.05112e-05 -3.04715e-05
1.02 -2.54339e-20 -3.08168e-19 -6.09755e-05 -6.09755e-05 -6.66396e-19 -3.05142e-05 -6.09755e-05 -3.05142e-05 -3.04737e-05
1.025 -2.54164e-20 -3.08189e-19 -6.09804e-05 -6.09804e-05 -6.66392e-19 -3.05173e-05 -6.09804e-05 -3.05173e-05 -3.04759e-05
1.03 -2.53989e-20 -3.0821e-19 -6.09854e-05 -6.09854e-05 -6.66388e-19 -3.05203e-05 -6.09854e-05 -3.05203e-05 -3.04781e-05
1.035 -2.53813e-20 -3.08231e-19 -6.09903e-05 -6.09903e-05 -6.66384e-19 -3.05233e-05 -6.09903e-05 -3.05233e-05 -3.04802e-05
1.04 -2.5364e-20 -3.08252e-19 -6.09952e-05 -6.09952e-05 -6.66381e-19 -3.05263e-05 -6.09952e-05 -3.05263e-05 -3.04824e-05
1.045 -2.53467e-20 -3.08273e-19 -6.1e-05 -6.1e-05 -6.66377e-19 -3.05292e-05 -6.1e-05 -3.05292e-05 -3.04845e-05
1.05 -2.53294e-20 -3.08294e-19 -6.10048e-05 -6.10048e-05 -6.66374e-19 -3.05321e-05 -6.10048e-05 -3.05321e-05 -3.04867e-05
1.055 -2.53122e-20 -3.08314e-19 -6.10097e-05 -6.10097e-05 -6.6637e-19 -3.0535e-05 -6.10097e-05 -3.0535e-05 -3.04888e-05
1.06 -2.52951e-20 -3.08335e-19 -6.10145e-05 -6.10145e-05 -6.66368e-19 -3.05379e-05 -6.10145e-05 -3.05379e-05 -3.04909e-05
1.065 -2.5278e-20 -3.08355e-19 -6.10192e-05 -6.10192e-05 -6.66364e-19 -3.05408e-05 -6.10192e-05 -3.05408e-05 -3.0493e-05
1.07 -2.52607e-20 -3.08375e-19 -6.1024e-05 -6.1024e-05 -6.66361e-19 -3.05436e-05 -6.1024e-05 -3.05436e-05 -3.04952e-05
1.075 -2.52437e-20 -3.08395e-19 -6.10287e-05 -6.10287e-05 -6.66358e-19 -3.05465e-05 -6.10287e-05 -3.05465e-05 -3.04973e-05
1.08 -2.52267e-20 -3.08415e-19 -6.10334e-05 -6.10334e-05 -6.66355e-19 -3.05493e-05 -6.10334e-05 -3.05493e-05 -3.04994e-05
1.085 -2.52097e-20 -3.08435e-19 -6.10381e-05 -6.10381e-05 -6.66352e-19 -3.0552e-05 -6.10381e-05 -3.0552e-05 -3.05015e-05
1.09 -2.51928e-20 -3.08455e-19 -6.10428e-05 -6.10428e-05 -6.66349e-19 -3.05548e-05 -6.10428e-05 -3.05548e-05 -3.05036e-05
1.095 -2.51759e-20 -3.08474e-19 -6.10474e-05 -6.10474e-05 -6.66347e-19 -3.05576e-05 -6.10474e-05 -3.05576e-05 -3.05057e-05
1.1 -2.5159e-20 -3.08494e-19 -6.1052e-05 -6.1052e-05 -6.66344e-19 -3.05603e-05 -6.1052e-05 -3.05603e-05 -3.05077e-05
1.105 -2.51421e-20 -3.08513e-19 -6.10567e-05 -6.10567e-05 -6.66342e-19 -3.0563e-05 -6.10567e-05 -3.0563e-05 -3.05098e-05
1.11 -2.51253e-20 -3.08532e-19 -6.10613e-05 -6.10613e-05 -6.66339e-19 -3.05657e-05 -6.10613e-05 -3.05657e-05 -3.05119e-05
1.115 -2.51085e-20 -3.08552e-19 -6.10659e-05 -6.10659e-05 -6.66337e-19 -3.05684e-05 -6.10659e-05 -3.05684e-05 -3.0514e-05
1.12 -2.50917e-20 -3.08571e-19 -6.10704e-05 -6.10704e-05 -6.66334e-19 -3.05711e-05 -6.10704e-05 -3.05711e-05 -3.05161e-05
1.125 -2.5075e-20 -3.0859e-19 -6.1075e-05 -6.1075e-05 -6.66332e-19 -3.05738e-05 -6.1075e-05 -3.05738e-05 -3.05181e-05
1.13 -2.50583e-20 -3.08609e-19 -6.10795e-05 -6.10795e-05 -6.6633e-19 -3.05764e-05 -6.10795e-05 -3.05764e-05 -3.05202e-05
1.135 -2.50416e-20 -3.08627e-19 -6.10841e-05 -6.10841e-05 -6.66328e-19 -3.0579e-05 -6.10841e-05 -3.0579e-05 -3.05223e-05
1.14 -2.50249e-20 -3.08646e-19 -6.10886e-05 -6.10886e-05 -6.66326e-19 -3.05817e-05 -6.10886e-05 -3.05817e-05 -3.05243e-05
1.145 -2.50082e-20 -3.08665e-19 -6.10931e-05 -6.10931e-05 -6.66324e-19 -3.05843e-05 -6.10931e-05 -3.05843e-05 -3.05264e-05
1.15 -2.49916e-20 -3.08683e-19 -6.10976e-05 -6.10976e-05 -6.66322e-19 -3.05868e-05 -6.10976e-05 -3.05868e-05 -3.05285e-05
1.155 -2.49749e-20 -3.08702e-19 -6.11021e-05 -6.11021e-05 -6.6632e-19 -3.05894e-05 -6.11021e-05 -3.05894e-05 -3.05305e-05
1.16 -2.49583e-20 -3.0872e-19 -6.11066e-05 -6.11066e-05 -6.66318e-19 -3.0592e-05 -6.11066e-05 -3.0592e-05 -3.05326e-05
1.165 -2.49417e-20 -3.08739e-19 -6.1111e-05 -6.1111e-05 -6.66317e-19 -3.05945e-05 -6.1111e-05 -3.05945e-05 -3.05346e-05
1.17 -2.49251e-20 -3.08757e-19 -6.11155e-05 -6.11155e-05 -6.66315e-19 -3.0597e-05 -6.11155e-05 -3.0597e-05 -3.05367e-05
1.175 -2.49086e-20 -3.08775e-19 -6.11199e-05 -6.11199e-05 -6.66313e-19 -3.05996e-05 -6.11199e-05 -3.05996e-05 -3.05388e-05
1.18 -2.4892e-20 -3.08793e-19 -6.11244e-05 -6.11244e-05 -6.66312e-19 -3.06021e-05 -6.11244e-05 -3.06021e-05 -3.05408e-05
1.185 -2.48755e-20 -3.08811e-19 -6.11288e-05 -6.11288e-05 -6.6631e-19 -3.06046e-05 -6.11288e-05 -3.06046e-05 -3.05429e-05
1.19 -2.48589e-20 -3.08829e-19 -6.11332e-05 -6.11332e-05 -6.66309e-19 -3.06071e-05 -6.11332e-05 -3.06071e-05 -3.05449e-05
1.195 -2.48424e-20 -3.08847e-19 -6.11376e-05 -6.11376e-05 -6.66308e-19 -3.06095e-05 -6.11376e-05 -3.06095e-05 -3.0547e-05
1.2 -2.48259e-20 -3.08865e-19 -6.1142e-05 -6.1142e-05 -6.66306e-19 -3.0612e-05 -6.1142e-05 -3.0612e-05 -3.05491e-05
1.205 -2.48094e-20 -3.08883e-19 -6.11464e-05 -6.11464e-05 -6.66305e-19 -3.06144e-05 -6.11464e-05 -3.06144e-05 -3.05511e-05
1.21 -2.47929e-20 -3.089e-19 -6.11508e-05 -6.11508e-05 -6.66304e-19 -3.06169e-05 -6.11508e-05 -3.06169e-05 -3.05532e-05
1.215 -2.47764e-20 -3.08918e-19 -6.11552e-05 -6.11552e-05 -6.66303e-19 -3.06193e-05 -6.11552e-05 -3.06193e-05 -3.05552e-05
1.22 -2.47599e-20 -3.08935e-19 -6.11596e-05 -6.11596e-05 -6.66302e-19 -3.06217e-05 -6.11596e-05 -3.06217e-05 -3.05573e-05
1.225 -2.47434e-20 -3.08953e-19 -6.11639e-05 -6.11639e-05 -6.66301e-19 -3.06241e-05 -6.11639e-05 -3.06241e-05 -3.05594e-05
1.23 -2.47269e-20 -3.0897e-19 -6.11683e-05 -6.11683e-05 -6.663e-19 -3.06265e-05 -6.11683e-05 -3.06265e-05 -3.05614e-05
1.235 -2.47106e-20 -3.08988e-19 -6.11727e-05 -6.11727e-05 -6.66299e-19 -3.06289e-05 -6.11727e-05 -3.06289e-05 -3.05635e-05
1.24 -2.4694e-20 -3.09005e-19 -6.1177e-05 -6.1177e-05 -6.66298e-19 -3.06313e-05 -6.1177e-05 -3.06313e-05 -3.05655e-05
1.245 -2.46776e-20 -3.09023e-19 -6.11814e-05 -6.11814e-05 -6.66298e-19 -3.06337e-05 -6.11814e-05 -3.06337e-05 -3.05676e-05
1.25 -2.46611e-20 -3.0904e-19 -6.11857e-05 -6.11857e-05 -6.66297e-19 -3.0636e-05 -6.11857e-05 -3.0636e-05 -3.05697e-05
1.255 -2.46447e-20 -3.09057e-19 -6.11901e-05 -6.11901e-05 -6.66296e-19 -3.06384e-05 -6.11901e-05 -3.06384e-05 -3.05717e-05
1.26 -2.46282e-20 -3.09074e-19 -6.11944e-05 -6.11944e-05 -6.66295e-19 -3.06407e-05 -6.11944e-05 -3.06407e-05 -3.05738e-05
1.265 -2.46118e-20 -3.09091e-19 -6.11987e-05 -6.11987e-05 -6.66295e-19 -3.0643e-05 -6.11987e-05 -3.0643e-05 -3.05759e-05
1.27 -2.45953e-20 -3.09108e-19 -6.1203e-05 -6.1203e-05 -6.66294e-19 -3.06453e-05 -6.1203e-05 -3.06453e-05 -3.05779e-05
1.275 -2.45789e-20 -3.09125e-19 -6.12074e-05 -6.12074e-05 -6.66294e-19 -3.06477e-05 -6.12074e-05 -3.06477e-05 -3.058e-05
1.28 -2.45624e-20 -3.09142e-19 -6.12117e-05 -6.12117e-05 -6.66293e-19 -3.065e-05 -6.12117e-05 -3.065e-05 -3.05821e-05
1.285 -2.4546e-20 -3.09159e-19 -6.1216e-05 -6.1216e-05 -6.66293e-19 -3.06522e-05 -6.1216e-05 -3.06522e-05 -3.05842e-05
1.29 -2.45295e-20 -3.09176e-19 -6.12203e-05 -6.12203e-05 -6.66293e-19 -3.06545e-05 -6.12203e-05 -3.06545e-05 -3.05862e-05
1.295 -2.45131e-20 -3.09192e-19 -6.12246e-05 -6.12246e-05 -6.66292e-19 -3.06568e-05 -6.12246e-05 -3.06568e-05 -3.05883e-05
1.3 -2.44966e-20 -3.09209e-19 -6.12289e-05 -6.12289e-05 -6.66292e-19 -3.06591e-05 -6.12289e-05 -3.06591e-05 -3.05904e-05
1.305 -2.44802e-20 -3.09226e-19 -6.12332e-05 -6.12332e-05 -6.66292e-19 -3.06613e-05 -6.12332e-05 -3.06613e-05 -3.05925e-05
1.31 -2.44637e-20 -3.09242e-19 -6.12375e-05 -6.12375e-05 -6.66292e-19 -3.06636e-05 -6.12375e-05 -3.06636e-05 -3.05946e-05
1.315 -2.44473e-20 -3.09259e-19 -6.12418e-05 -6.12418e-05 -6.66291e-19 -3.06658e-05 -6.12418e-05 -3.06658e-05 -3.05967e-05
1.32 -2.44308e-20 -3.09276e-19 -6.12461e-05 -6.12461e-05 -6.66291e-19 -3.06681e-05 -6.12461e-05 -3.06681e-05 -3.05987e-05
1.325 -2.44144e-20 -3.09292e-19 -6.12504e-05 -6.12504e-05 -6.66291e-19 -3.06703e-05 -6.12504e-05 -3.06703e-05 -3.06008e-05
1.33 -2.43979e-20 -3.09309e-19 -6.12547e-05 -6.12547e-05 -6.66291e-19 -3.06725e-05 -6.12547e-05 -3.06725e-05 -3.06029e-05
1.335 -2.43815e-20 -3.09325e-19 -6.12589e-05 -6.12589e-05 -6.66291e-19 -3.06747e-05 -6.12589e-05 -3.06747e-05 -3.0605e-05
1.34 -2.4365e-20 -3.09341e-19 -6.12632e-05 -6.12632e-05 -6.66291e-19 -3.0677e-05 -6.12632e-05 -3.0677e-05 -3.06071e-05
1.345 -2.43486e-20 -3.09358e-19 -6.12675e-05 -6.12675e-05 -6.66292e-19 -3.06792e-05 -6.12675e-05 -3.06792e-05 -3.06092e-05
1.35 -2.43321e-20 -3.09374e-19 -6.12718e-05 -6.12718e-05 -6.66292e-19 -3.06814e-05 -6.12718e-05 -3.06814e-05 -3.06113e-05
1.355 -2.43156e-20 -3.0939e-19 -6.1276e-05 -6.1276e-05 -6.66292e-19 -3.06835e-05 -6.1276e-05 -3.06835e-05 -3.06134e-05
1.36 -2.42991e-20 -3.09407e-19 -6.12803e-05 -6.12803e-05 -6.66292e-19 -3.06857e-05 -6.12803e-05 -3.06857e-05 -3.06155e-05
1.365 -2.42827e-20 -3.09423e-19 -6.12846e-05 -6.12846e-05 -6.66292e-19 -3.06879e-05 -6.12846e-05 -3.06879e-05 -3.06176e-05
1.37 -2.42662e-20 -3.09439e-19 -6.12889e-05 -6.12889e-05 -6.66293e-19 -3.06901e-05 -6.12889e-05 -3.06901e-05 -3.06197e-05
1.375 -2.42497e-20 -3.09455e-19 -6.12931e-05 -6.12931e-05 -6.66293e-19 -3.06922e-05 -6.12931e-05 -3.06922e-05 -3.06218e-05
1.38 -2.42332e-20 -3.09471e-19 -6.12974e-05 -6.12974e-05 -6.66294e-19 -3.06944e-05 -6.12974e-05 -3.06944e-05 -3.0624e-05
1.385 -2.42167e-20 -3.09487e-19 -6.13017e-05 -6.13017e-05 -6.66294e-19 -3.06965e-05 -6.13017e-05 -3.06965e-05 -3.06261e-05
1.39 -2.42002e-20 -3.09503e-19 -6.13059e-05 -6.13059e-05 -6.66294e-19 -3.06987e-05 -6.13059e-05 -3.06987e-05 -3.06282e-05
1.395 -2.41837e-20 -3.09519e-19 -6.13102e-05 -6.13102e-05 -6.66295e-19 -3.07008e-05 -6.13102e-05 -3.07008e-05 -3.06303e-05
1.4 -2.41672e-20 -3.09535e-19 -6.13145e-05 -6.13145e-05 -6.66296e-19 -3.07029e-05 -6.13145e-05 -3.07029e-05 -3.06324e-05
1.405 -2.41507e-20 -3.09551e-19 -6.13187e-05 -6.13187e-05 -6.66296e-19 -3.07051e-05 -6.13187e-05 -3.07051e-05 -3.06346e-05
1.41 -2.41342e-20 -3.09567e-19 -6.1323e-05 -6.1323e-05 -6.66297e-19 -3.07072e-05 -6.1323e-05 -3.07072e-05 -3.06367e-05
1.415 -2.41176e-20 -3.09583e-19 -6.13272e-05 -6.13272e-05 -6.66297e-19 -3.07093e-05 -6.13272e-05 -3.07093e-05 -3.06388e-05
1.42 -2.41011e-20 -3.09599e-19 -6.13315e-05 -6.13315e-05 -6.66298e-19 -3.07114e-05 -6.13315e-05 -3.07114e-05 -3.0641e-05
1.425 -2.40846e-20 -3.09615e-19 -6.13358e-05 -6.13358e-05 -6.66299e-19 -3.07135e-05 -6.13358e-05 -3.07135e-05 -3.06431e-05
1.43 -2.4068e-20 -3.0963e-19 -6.134e-05 -6.134e-05 -6.663e-19 -3.07156e-05 -6.134e-05 -3.07156e-05 -3.06452e-05
1.435 -2.40515e-20 -3.09646e-19 -6.13443e-05 -6.13443e-05 -6.663e-19 -3.07177e-05 -6.13443e-05 -3.07177e-05 -3.06474e-05
1.44 -2.40349e-20 -3.09662e-19 -6.13485e-05 -6.13485e-05 -6.66301e-19 -3.07198e-05 -6.13485e-05 -3.07198e-05 -3.06495e-05
1.445 -2.40184e-20 -3.09677e-19 -6.13528e-05 -6.13528e-05 -6.66302e-19 -3.07219e-05 -6.13528e-05 -3.07219e-05 -3.06517e-05
1.45 -2.40018e-20 -3.09693e-19 -6.13571e-05 -6.13571e-05 -6.66303e-19 -3.0724e-05 -6.13571e-05 -3.0724e-05 -3.06538e-05
1.455 -2.39852e-20 -3.09709e-19 -6.13613e-05 -6.13613e-05 -6.66304e-19 -3.0726e-05 -6.13613e-05 -3.0726e-05 -3.0656e-05
1.46 -2.39687e-20 -3.09724e-19 -6.13656e-05 -6.13656e-05 -6.66305e-19 -3.07281e-05 -6.13656e-05 -3.07281e-05 -3.06581e-05
1.465 -2.39521e-20 -3.0974e-19 -6.13698e-05 -6.13698e-05 -6.66306e-19 -3.07302e-05 -6.13698e-05 -3.07302e-05 -3.06603e-05
1.47 -2.39355e-20 -3.09756e-19 -6.13741e-05 -6.13741e-05 -6.66307e-19 -3.07322e-05 -6.13741e-05 -3.07322e-05 -3.06624e-05
1.475 -2.39189e-20 -3.09771e-19 -6.13783e-05 -6.13783e-05 -6.66308e-19 -3.07343e-05 -6.13783e-05 -3.07343e-05 -3.06646e-05
1.48 -2.39023e-20 -3.09787e-19 -6.13826e-05 -6.13826e-05 -6.66309e-19 -3.07363e-05 -6.13826e-05 -3.07363e-05 -3.06667e-05
1.485 -2.38857e-20 -3.09802e-19 -6.13869e-05 -6.13869e-05 -6.6631e-19 -3.07384e-05 -6.13869e-05 -3.07384e-05 -3.06689e-05
1.49 -2.3869e-20 -3.09818e-19 -6.13911e-05 -6.13911e-05 -6.66311e-19 -3.07404e-05 -6.13911e-05 -3.07404e-05 -3.06711e-05
1.495 -2.38524e-20 -3.09833e-19 -6.13954e-05 -6.13954e-05 -6.66313e-19 -3.07425e-05 -6.13954e-05 -3.07425e-05 -3.06732e-05
1.5 -2.38358e-20 -3.09848e-19 -6.13996e-05 -6.13996e-05 -6.66314e-19 -3.07445e-05 -6.13996e-05 -3.07445e-05 -3.06754e-05
1.505 -2.38191e-20 -3.09864e-19 -6.14039e-05 -6.14039e-05 -6.66315e-19 -3.07465e-05 -6.14039e-05 -3.07465e-05 -3.06776e-05
1.51 -2.38025e-20 -3.09879e-19 -6.14081e-05 -6.14081e-05 -6.66316e-19 -3.07485e-05 -6.14081e-05 -3.07485e-05 -3.06798e-05
1.515 -2.37858e-20 -3.09894e-19 -6.14124e-05 -6.14124e-05 -6.66318e-19 -3.07506e-05 -6.14124e-05 -3.07506e-05 -3.06819e-05
1.52 -2.37692e-20 -3.0991e-19 -6.14167e-05 -6.14167e-05 -6.66319e-19 -3.07526e-05 -6.14167e-05 -3.07526e-05 -3.06841e-05
1.525 -2.37525e-20 -3.09925e-19 -6.14209e-05 -6.14209e-05 -6.6632e-19 -3.07546e-05 -6.14209e-05 -3.07546e-05 -3.06863e-05
1.53 -2.37358e-20 -3.0994e-19 -6.14252e-05 -6.14252e-05 -6.66322e-19 -3.07566e-05 -6.14252e-05 -3.07566e-05 -3.06885e-05
1.535 -2.37192e-20 -3.09956e-19 -6.14294e-05 -6.14294e-05 -6.66323e-19 -3.07586e-05 -6.14294e-05 -3.07586e-05 -3.06907e-05
1.54 -2.37025e-20 -3.09971e-19 -6.14337e-05 -6.14337e-05 -6.66325e-19 -3.07606e-05 -6.14337e-05 -3.07606e-05 -3.06929e-05
1.545 -2.36858e-20 -3.09986e-19 -6.1438e-05 -6.1438e-05 -6.66326e-19 -3.07626e-05 -6.1438e-05 -3.07626e-05 -3.06951e-05
1.55 -2.36691e-20 -3.10001e-19 -6.14422e-05 -6.14422e-05 -6.66328e-19 -3.07646e-05 -6.14422e-05 -3.07646e-05 -3.06973e-05
1.555 -2.36524e-20 -3.10016e-19 -6.14465e-05 -6.14465e-05 -6.66329e-19 -3.07666e-05 -6.14465e-05 -3.07666e-05 -3.06995e-05
1.56 -2.36356e-20 -3.10032e-19 -6.14508e-05 -6.14508e-05 -6.66331e-19 -3.07686e-05 -6.14508e-05 -3.07686e-05 -3.07017e-05
1.565 -2.36189e-20 -3.10047e-19 -6.1455e-05 -6.1455e-05 -6.66332e-19 -3.07705e-05 -6.1455e-05 -3.07705e-05 -3.07039e-05
1.57 -2.36022e-20 -3.10062e-19 -6.14593e-05 -6.14593e-05 -6.66334e-19 -3.07725e-05 -6.14593e-05 -3.07725e-05 -3.07061e-05
1.575 -2.35854e-20 -3.10077e-19 -6.14635e-05 -6.14635e-05 -6.66336e-19 -3.07745e-05 -6.14635e-05 -3.07745e-05 -3.07083e-05
1.58 -2.35687e-20 -3.10092e-19 -6.14678e-05 -6.14678e-05 -6.66337e-19 -3.07765e-05 -6.14678e-05 -3.07765e-05 -3.07105e-05
1.585 -2.35519e-20 -3.10107e-19 -6.14721e-05 -6.14721e-05 -6.66339e-19 -3.07784e-05 -6.14721e-05 -3.07784e-05 -3.07127e-05
1.59 -2.35352e-20 -3.10122e-19 -6.14763e-05 -6.14763e-05 -6.66341e-19 -3.07804e-05 -6.14763e-05 -3.07804e-05 -3.07149e-05
1.595 -2.35184e-20 -3.10137e-19 -6.14806e-05 -6.14806e-05 -6.66342e-19 -3.07823e-05 -6.14806e-05 -3.07823e-05 -3.07172e-05
1.6 -2.35016e-20 -3.10152e-19 -6.14849e-05 -6.14849e-05 -6.66344e-19 -3.07843e-05 -6.14849e-05 -3.07843e-05 -3.07194e-05
1.605 -2.34848e-20 -3.10167e-19 -6.14892e-05 -6.14892e-05 -6.66346e-19 -3.07863e-05 -6.14892e-05 -3.07863e-05 -3.07216e-05
1.61 -2.3468e-20 -3.10182e-19 -6.14934e-05 -6.14934e-05 -6.66348e-19 -3.07882e-05 -6.14934e-05 -3.07882e-05 -3.07238e-05
1.615 -2.34512e-20 -3.10197e-19 -6.14977e-05 -6.14977e-05 -6.6635e-19 -3.07902e-05 -6.14977e-05 -3.07902e-05 -3.07261e-05
1.62 -2.34344e-20 -3.10212e-19 -6.1502e-05 -6.1502e-05 -6.66351e-19 -3.07921e-05 -6.1502e-05 -3.07921e-05 -3.07283e-05
1.625 -2.34176e-20 -3.10227e-19 -6.15062e-05 -6.15062e-05 -6.66353e-19 -3.0794e-05 -6.15062e-05 -3.0794e-05 -3.07305e-05
1.63 -2.34008e-20 -3.10242e-19 -6.15105e-05 -6.15105e-05 -6.66355e-19 -3.0796e-05 -6.15105e-05 -3.0796e-05 -3.07328e-05
1.635 -2.33839e-20 -3.10257e-19 -6.15148e-05 -6.15148e-05 -6.66357e-19 -3.07979e-05 -6.15148e-05 -3.07979e-05 -3.0735e-05
1.64 -2.33671e-20 -3.10272e-19 -6.15191e-05 -6.15191e-05 -6.66359e-19 -3.07999e-05 -6.15191e-05 -3.07999e-05 -3.07372e-05
1.645 -2.33502e-20 -3.10287e-19 -6.15233e-05 -6.15233e-05 -6.66361e-19 -3.08018e-05 -6.15233e-05 -3.08018e-05 -3.07395e-05
1.65 -2.33334e-20 -3.10301e-19 -6.15276e-05 -6.15276e-05 -6.66363e-19 -3.08037e-05 -6.15276e-05 -3.08037e-05 -3.07417e-05
1.655 -2.33165e-20 -3.10316e-19 -6.15319e-05 -6.15319e-05 -6.66365e-19 -3.08056e-05 -6.15319e-05 -3.08056e-05 -3.0744e-05
1.66 -2.33371e-20 -3.10294e-19 -6.15362e-05 -6.15362e-05 -6.66367e-19 -3.08076e-05 -6.15362e-05 -3.08076e-05 -3.07462e-05
1.665 -2.33242e-20 -3.10337e-19 -6.15405e-05 -6.15405e-05 -6.66338e-19 -3.08128e-05 -6.15405e-05 -3.08128e-05 -3.07468e-05
1.67 -2.33182e-20 -3.10358e-19 -6.15448e-05 -6.15448e-05 -6.66322e-19 -3.08154e-05 -6.15448e-05 -3.08154e-05 -3.07487e-05
1.675 -2.33042e-20 -3.10383e-19 -6.1549e-05 -6.1549e-05 -6.66311e-19 -3.08184e-05 -6.1549e-05 -3.08184e-05 -3.07504e-05
1.68 -2.32907e-20 -3.10402e-19 -6.15533e-05 -6.15533e-05 -6.66305e-19 -3.08209e-05 -6.15533e-05 -3.08209e-05 -3.07524e-05
1.685 -2.32754e-20 -3.10422e-19 -6.15576e-05 -6.15576e-05 -6.66301e-19 -3.08234e-05 -6.15576e-05 -3.08234e-05 -3.07543e-05
1.69 -2.32598e-20 -3.1044e-19 -6.15619e-05 -6.15619e-05 -6.66298e-19 -3.08257e-05 -6.15619e-05 -3.08257e-05 -3.07563e-05
1.695 -2.32437e-20 -3.10458e-19 -6.15662e-05 -6.15662e-05 -6.66297e-19 -3.0828e-05 -6.15662e-05 -3.0828e-05 -3.07584e-05
1.7 -2.32275e-20 -3.10475e-19 -6.15705e-05 -6.15705e-05 -6.66295e-19 -3.08303e-05 -6.15705e-05 -3.08303e-05 -3.07604e-05
1.705 -2.32112e-20 -3.10493e-19 -6.15748e-05 -6.15748e-05 -6.66294e-19 -3.08326e-05 -6.15748e-05 -3.08326e-05 -3.07625e-05
1.71 -2.31947e-20 -3.1051e-19 -6.15791e-05 -6.15791e-05 -6.66293e-19 -3.08349e-05 -6.15791e-05 -3.08349e-05 -3.07646e-05
1.715 -2.31783e-20 -3.10527e-19 -6.15834e-05 -6.15834e-05 -6.66293e-19 -3.08371e-05 -6.15834e-05 -3.08371e-05 -3.07667e-05
1.72 -2.31618e-20 -3.10544e-19 -6.15877e-05 -6.15877e-05 -6.66292e-19 -3.08393e-05 -6.15877e-05 -3.08393e-05 -3.07688e-05
1.725 -2.31452e-20 -3.10561e-19 -6.1592e-05 -6.1592e-05 -6.66292e-19 -3.08416e-05 -6.1592e-05 -3.08416e-05 -3.07709e-05
1.73 -2.31287e-20 -3.10578e-19 -6.15963e-05 -6.15963e-05 -6.66291e-19 -3.08438e-05 -6.15963e-05 -3.08438e-05 -3.0773e-05
1.735 -2.31121e-20 -3.10595e-19 -6.16006e-05 -6.16006e-05 -6.66291e-19 -3.0846e-05 -6.16006e-05 -3.0846e-05 -3.07751e-05
1.74 -2.30955e-20 -3.10612e-19 -6.16049e-05 -6.16049e-05 -6.66291e-19 -3.08483e-05 -6.16049e-05 -3.08483e-05 -3.07772e-05
1.745 -2.3079e-20 -3.10629e-19 -6.16092e-05 -6.16092e-05 -6.66291e-19 -3.08505e-05 -6.16092e-05 -3.08505e-05 -3.07793e-05
1.75 -2.30624e-20 -3.10645e-19 -6.16135e-05 -6.16135e-05 -6.6629e-19 -3.08527e-05 -6.16135e-05 -3.08527e-05 -3.07814e-05
1.755 -2.30458e-20 -3.10662e-19 -6.16178e-05 -6.16178e-05 -6.6629e-19 -3.08549e-05 -6.16178e-05 -3.08549e-05 -3.07835e-05
1.76 -2.30291e-20 -3.10679e-19 -6.16221e-05 -6.16221e-05 -6.6629e-19 -3.08571e-05 -6.16221e-05 -3.08571e-05 -3.07856e-05
1.765 -2.30125e-20 -3.10695e-19 -6.16264e-05 -6.16264e-05 -6.6629e-19 -3.08593e-05 -6.16264e-05 -3.08593e-05 -3.07878e-05
1.77 -2.29958e-20 -3.10712e-19 -6.16307e-05 -6.16307e-05 -6.6629e-19 -3.08615e-05 -6.16307e-05 -3.08615e-05 -3.07899e-05
1.775 -2.29792e-20 -3.10729e-19 -6.1635e-05 -6.1635e-05 -6.6629e-19 -3.08637e-05 -6.1635e-05 -3.08637e-05 -3.0792e-05
1.78 -2.29625e-20 -3.10745e-19 -6.16393e-05 -6.16393e-05 -6.6629e-19 -3.08659e-05 -6.16393e-05 -3.08659e-05 -3.07941e-05
1.785 -2.29458e-20 -3.10762e-19 -6.16436e-05 -6.16436e-05 -6.66291e-19 -3.0868e-05 -6.16436e-05 -3.0868e-05 -3.07963e-05
1.79 -2.29292e-20 -3.10778e-19 -6.16479e-05 -6.16479e-05 -6.66291e-19 -3.08702e-05 -6.16479e-05 -3.08702e-05 -3.07984e-05
1.795 -2.29124e-20 -3.10795e-19 -6.16523e-05 -6.16523e-05 -6.66291e-19 -3.08724e-05 -6.16523e-05 -3.08724e-05 -3.08006e-05
1.8 -2.28957e-20 -3.10811e-19 -6.16566e-05 -6.16566e-05 -6.66291e-19 -3.08745e-05 -6.16566e-05 -3.08745e-05 -3.08027e-05
1.805 -2.2879e-20 -3.10827e-19 -6.16609e-05 -6.16609e-05 -6.66292e-19 -3.08767e-05 -6.16609e-05 -3.08767e-05 -3.08049e-05
1.81 -2.28623e-20 -3.10844e-19 -6.16652e-05 -6.16652e-05 -6.66292e-19 -3.08789e-05 -6.16652e-05 -3.08789e-05 -3.0807e-05
1.815 -2.28455e-20 -3.1086e-19 -6.16695e-05 -6.16695e-05 -6.66293e-19 -3.0881e-05 -6.16695e-05 -3.0881e-05 -3.08092e-05
1.82 -2.28288e-20 -3.10876e-19 -6.16739e-05 -6.16739e-05 -6.66293e-19 -3.08832e-05 -6.16739e-05 -3.08832e-05 -3.08113e-05
1.825 -2.2812e-20 -3.10893e-19 -6.16782e-05 -6.16782e-05 -6.66294e-19 -3.08853e-05 -6.16782e-05 -3.08853e-05 -3.08135e-05
1.83 -2.27952e-20 -3.10909e-19 -6.16825e-05 -6.16825e-05 -6.66294e-19 -3.08875e-05 -6.16825e-05 -3.08875e-05 -3.08157e-05
1.835 -2.27784e-20 -3.10925e-19 -6.16869e-05 -6.16869e-05 -6.66295e-19 -3.08896e-05 -6.16869e-05 -3.08896e-05 -3.08178e-05
1.84 -2.27616e-20 -3.10941e-19 -6.16912e-05 -6.16912e-05 -6.66295e-19 -3.08917e-05 -6.16912e-05 -3.08917e-05 -3.082e-05
1.845 -2.27447e-20 -3.10957e-19 -6.16955e-05 -6.16955e-05 -6.66296e-19 -3.08939e-05 -6.16955e-05 -3.08939e-05 -3.08222e-05
1.85 -2.27279e-20 -3.10973e-19 -6.16999e-05 -6.16999e-05 -6.66297e-19 -3.0896e-05 -6.16999e-05 -3.0896e-05 -3.08244e-05
1.855 -2.27111e-20 -3.10989e-19 -6.17042e-05 -6.17042e-05 -6.66297e-19 -3.08981e-05 -6.17042e-05 -3.08981e-05 -3.08266e-05
1.86 -2.26942e-20 -3.11006e-19 -6.17085e-05 -6.17085e-05 -6.66298e-19 -3.09002e-05 -6.17085e-05 -3.09002e-05 -3.08287e-05
1.865 -2.26774e-20 -3.11022e-19 -6.17129e-05 -6.17129e-05 -6.66299e-19 -3.09023e-05 -6.17129e-05 -3.09023e-05 -3.08309e-05
1.87 -2.26605e-20 -3.11038e-19 -6.17172e-05 -6.17172e-05 -6.663e-19 -3.09045e-05 -6.17172e-05 -3.09045e-05 -3.08331e-05
1.875 -2.26436e-20 -3.11054e-19 -6.17216e-05 -6.17216e-05 -6.66301e-19 -3.09066e-05 -6.17216e-05 -3.09066e-05 -3.08353e-05
1.88 -2.26267e-20 -3.1107e-19 -6.17259e-05 -6.17259e-05 -6.66302e-19 -3.09087e-05 -6.17259e-05 -3.09087e-05 -3.08375e-05
1.885 -2.26098e-20 -3.11085e-19 -6.17303e-05 -6.17303e-05 -6.66303e-19 -3.09108e-05 -6.17303e-05 -3.09108e-05 -3.08397e-05
1.89 -2.25928e-20 -3.11101e-19 -6.17346e-05 -6.17346e-05 -6.66304e-19 -3.09129e-05 -6.17346e-05 -3.09129e-05 -3.08419e-05
1.895 -2.25759e-20 -3.11117e-19 -6.1739e-05 -6.1739e-05 -6.66305e-19 -3.0915e-05 -6.1739e-05 -3.0915e-05 -3.08442e-05
1.9 -2.2559e-20 -3.11133e-19 -6.17433e-05 -6.17433e-05 -6.66306e-19 -3.0917e-05 -6.17433e-05 -3.0917e-05 -3.08464e-05
1.905 -2.2542e-20 -3.11149e-19 -6.17477e-05 -6.17477e-05 -6.66307e-19 -3.09191e-05 -6.17477e-05 -3.09191e-05 -3.08486e-05
1.91 -2.2525e-20 -3.11165e-19 -6.1752e-05 -6.1752e-05 -6.66308e-19 -3.09212e-05 -6.1752e-05 -3.09212e-05 -3.08508e-05
1.915 -2.25081e-20 -3.11181e-19 -6.17564e-05 -6.17564e-05 -6.66309e-19 -3.09233e-05 -6.17564e-05 -3.09233e-05 -3.0853e-05
1.92 -2.24911e-20 -3.11196e-19 -6.17607e-05 -6.17607e-05 -6.6631e-19 -3.09254e-05 -6.17607e-05 -3.09254e-05 -3.08553e-05
1.925 -2.24741e-20 -3.11212e-19 -6.17651e-05 -6.17651e-05 -6.66312e-19 -3.09274e-05 -6.17651e-05 -3.09274e-05 -3.08575e-05
1.93 -2.24571e-20 -3.11228e-19 -6.17695e-05 -6.17695e-05 -6.66313e-19 -3.09295e-05 -6.17695e-05 -3.09295e-05 -3.08597e-05
1.935 -2.24401e-20 -3.11244e-19 -6.17738e-05 -6.17738e-05 -6.66314e-19 -3.09316e-05 -6.17738e-05 -3.09316e-05 -3.0862e-05
1.94 -2.2423e-20 -3.11259e-19 -6.17782e-05 -6.17782e-05 -6.66316e-19 -3.09336e-05 -6.17782e-05 -3.09336e-05 -3.08642e-05
1.945 -2.2406e-20 -3.11275e-19 -6.17826e-05 -6.17826e-05 -6.66317e-19 -3.09357e-05 -6.17826e-05 -3.09357e-05 -3.08664e-05
1.95 -2.2389e-20 -3.11291e-19 -6.17869e-05 -6.17869e-05 -6.66318e-19 -3.09378e-05 -6.17869e-05 -3.09378e-05 -3.08687e-05
1.955 -2.23719e-20 -3.11306e-19 -6.17913e-05 -6.17913e-05 -6.6632e-19 -3.09398e-05 -6.17913e-05 -3.09398e-05 -3.08709e-05
1.96 -2.23548e-20 -3.11322e-19 -6.17957e-05 -6.17957e-05 -6.66321e-19 -3.09419e-05 -6.17957e-05 -3.09419e-05 -3.08732e-05
1.965 -2.23377e-20 -3.11337e-19 -6.18001e-05 -6.18001e-05 -6.66323e-19 -3.09439e-05 -6.18001e-05 -3.09439e-05 -3.08754e-05
1.97 -2.23206e-20 -3.11353e-19 -6.18044e-05 -6.18044e-05 -6.66324e-19 -3.0946e-05 -6.18044e-05 -3.0946e-05 -3.08777e-05
1.975 -2.23035e-20 -3.11369e-19 -6.18088e-05 -6.18088e-05 -6.66326e-19 -3.0948e-05 -6.18088e-05 -3.0948e-05 -3.088e-05
1.98 -2.22864e-20 -3.11384e-19 -6.18132e-05 -6.18132e-05 -6.66327e-19 -3.095e-05 -6.18132e-05 -3.095e-05 -3.08822e-05
1.985 -2.22693e-20 -3.114e-19 -6.18176e-05 -6.18176e-05 -6.66329e-19 -3.09521e-05 -6.18176e-05 -3.09521e-05 -3.08845e-05
1.99 -2.22522e-20 -3.11415e-19 -6.1822e-05 -6.1822e-05 -6.66331e-19 -3.09541e-05 -6.1822e-05 -3.09541e-05 -3.08868e-05
1.995 -2.2235e-20 -3.11431e-19 -6.18264e-05 -6.18264e-05 -6.66332e-19 -3.09562e-05 -6.18264e-05 -3.09562e-05 -3.08891e-05
2 -2.22178e-20 -3.11446e-19 -6.18308e-05 -6.18308e-05 -6.66334e-19 -3.09582e-05 -6.18308e-05 -3.09582e-05 -3.08913e-05
2.005 -2.22007e-20 -3.11462e-19 -6.18352e-05 -6.18352e-05 -6.66336e-19 -3.09602e-05 -6.18352e-05 -3.09602e-05 -3.08936e-05
2.01 -2.21835e-20 -3.11477e-19 -6.18395e-05 -6.18395e-05 -6.66337e-19 -3.09622e-05 -6.18395e-05 -3.09622e-05 -3.08959e-05
2.015 -2.21663e-20 -3.11493e-19 -6.18439e-05 -6.18439e-05 -6.66339e-19 -3.09642e-05 -6.18439e-05 -3.09642e-05 -3.08982e-05
2.02 -2.21491e-20 -3.11508e-19 -6.18483e-05 -6.18483e-05 -6.66341e-19 -3.09663e-05 -6.18483e-05 -3.09663e-05 -3.09005e-05
2.025 -2.21319e-20 -3.11523e-19 -6.18527e-05 -6.18527e-05 -6.66343e-19 -3.09683e-05 -6.18527e-05 -3.09683e-05 -3.09028e-05
2.03 -2.21146e-20 -3.11539e-19 -6.18572e-05 -6.18572e-05 -6.66345e-19 -3.09703e-05 -6.18572e-05 -3.09703e-05 -3.09051e-05
2.035 -2.20974e-20 -3.11554e-19 -6.18616e-05 -6.18616e-05 -6.66346e-19 -3.09723e-05 -6.18616e-05 -3.09723e-05 -3.09074e-05
2.04 -2.20802e-20 -3.1157e-19 -6.1866e-05 -6.1866e-05 -6.66348e-19 -3.09743e-05 -6.1866e-05 -3.09743e-05 -3.09097e-05
2.045 -2.20629e-20 -3.11585e-19 -6.18704e-05 -6.18704e-05 -6.6635e-19 -3.09763e-05 -6.18704e-05 -3.09763e-05 -3.0912e-05
2.05 -2.20456e-20 -3.116e-19 -6.18748e-05 -6.18748e-05 -6.66352e-19 -3.09783e-05 -6.18748e-05 -3.09783e-05 -3.09143e-05
2.055 -2.20283e-20 -3.11616e-19 -6.18792e-05 -6.18792e-05 -6.66354e-19 -3.09803e-05 -6.18792e-05 -3.09803e-05 -3.09166e-05
2.06 -2.2011e-20 -3.11631e-19 -6.18836e-05 -6.18836e-05 -6.66356e-19 -3.09823e-05 -6.18836e-05 -3.09823e-05 -3.09189e-05
2.065 -2.19937e-20 -3.11646e-19 -6.1888e-05 -6.1888e-05 -6.66358e-19 -3.09843e-05 -6.1888e-05 -3.09843e-05 -3.09212e-05
2.07 -2.19764e-20 -3.11661e-19 -6.18925e-05 -6.18925e-05 -6.6636e-19 -3.09863e-05 -6.18925e-05 -3.09863e-05 -3.09235e-05
2.075 -2.19591e-20 -3.11677e-19 -6.18969e-05 -6.18969e-05 -6.66362e-19 -3.09883e-05 -6.18969e-05 -3.09883e-05 -3.09259e-05
2.08 -2.19418e-20 -3.11692e-19 -6.19013e-05 -6.19013e-05 -6.66364e-19 -3.09903e-05 -6.19013e-05 -3.09903e-05 -3.09282e-05
2.085 -2.19244e-20 -3.11707e-19 -6.19058e-05 -6.19058e-05 -6.66366e-19 -3.09923e-05 -6.19058e-05 -3.09923e-05 -3.09305e-05
2.09 -2.1907e-20 -3.11722e-19 -6.19102e-05 -6.19102e-05 -6.66369e-19 -3.09943e-05 -6.19102e-05 -3.09943e-05 -3.09329e-05
2.095 -2.18897e-20 -3.11738e-19 -6.19146e-05 -6.19146e-05 -6.66371e-19 -3.09963e-05 -6.19146e-05 -3.09963e-05 -3.09352e-05
2.1 -2.18723e-20 -3.11753e-19 -6.19191e-05 -6.19191e-05 -6.66373e-19 -3.09982e-05 -6.19191e-05 -3.09982e-05 -3.09375e-05
2.105 -2.18549e-20 -3.11768e-19 -6.19235e-05 -6.19235e-05 -6.66375e-19 -3.10002e-05 -6.19235e-05 -3.10002e-05 -3.09399e-05
2.11 -2.18375e-20 -3.11783e-19 -6.19279e-05 -6.19279e-05 -6.66377e-19 -3.10022e-05 -6.19279e-05 -3.10022e-05 -3.09422e-05
2.115 -2.182e-20 -3.11798e-19 -6.19324e-05 -6.19324e-05 -6.6638e-19 -3.10042e-05 -6.19324e-05 -3.10042e-05 -3.09446e-05
2.12 -2.18026e-20 -3.11814e-19 -6.19368e-05 -6.19368e-05 -6.66382e-19 -3.10061e-05 -6.19368e-05 -3.10061e-05 -3.09469e-05
2.125 -2.17852e-20 -3.11829e-19 -6.19413e-05 -6.19413e-05 -6.66384e-19 -3.10081e-05 -6.19413e-05 -3.10081e-05 -3.09493e-05
2.13 -2.17677e-20 -3.11844e-19 -6.19457e-05 -6.19457e-05 -6.66386e-19 -3.10101e-05 -6.19457e-05 -3.10101e-05 -3.09516e-05
2.135 -2.17503e-20 -3.11859e-19 -6.19502e-05 -6.19502e-05 -6.66389e-19 -3.10121e-05 -6.19502e-05 -3.10121e-05 -3.0954e-05
2.14 -2.17328e-20 -3.11874e-19 -6.19547e-05 -6.19547e-05 -6.66391e-19 -3.1014e-05 -6.19547e-05 -3.1014e-05 -3.09564e-05
2.145 -2.17153e-20 -3.11889e-19 -6.19591e-05 -6.19591e-05 -6.66394e-19 -3.1016e-05 -6.19591e-05 -3.1016e-05 -3.09587e-05
2.15 -2.16978e-20 -3.11904e-19 -6.19636e-05 -6.19636e-05 -6.66396e-19 -3.10179e-05 -6.19636e-05 -3.10179e-05 -3.09611e-05
2.155 -2.16803e-20 -3.11919e-19 -6.1968e-05 -6.1968e-05 -6.66398e-19 -3.10199e-05 -6.1968e-05 -3.10199e-05 -3.09635e-05
2.16 -2.16627e-20 -3.11935e-19 -6.19725e-05 -6.19725e-05 -6.66401e-19 -3.10219e-05 -6.19725e-05 -3.10219e-05 -3.09658e-05
2.165 -2.16452e-20 -3.1195e-19 -6.1977e-05 -6.1977e-05 -6.66403e-19 -3.10238e-05 -6.1977e-05 -3.10238e-05 -3.09682e-05
2.17 -2.16277e-20 -3.11965e-19 -6.19815e-05 -6.19815e-05 -6.66406e-19 -3.10258e-05 -6.19815e-05 -3.10258e-05 -3.09706e-05
2.175 -2.16101e-20 -3.1198e-19 -6.19859e-05 -6.19859e-05 -6.66408e-19 -3.10277e-05 -6.19859e-05 -3.10277e-05 -3.0973e-05
2.18 -2.15925e-20 -3.11995e-19 -6.19904e-05 -6.19904e-05 -6.66411e-19 -3.10297e-05 -6.19904e-05 -3.10297e-05 -3.09754e-05
2.185 -2.15749e-20 -3.1201e-19 -6.19949e-05 -6.19949e-05 -6.66413e-19 -3.10317e-05 -6.19949e-05 -3.10317e-05 -3.09778e-05
2.19 -2.15573e-20 -3.12025e-19 -6.19994e-05 -6.19994e-05 -6.66416e-19 -3.10336e-05 -6.19994e-05 -3.10336e-05 -3.09801e-05
2.195 -2.15397e-20 -3.1204e-19 -6.20039e-05 -6.20039e-05 -6.66418e-19 -3.10356e-05 -6.20039e-05 -3.10356e-05 -3.09825e-05
2.2 -2.15221e-20 -3.12055e-19 -6.20084e-05 -6.20084e-05 -6.66421e-19 -3.10375e-05 -6.20084e-05 -3.10375e-05 -3.09849e-05
2.205 -2.15045e-20 -3.1207e-19 -6.20129e-05 -6.20129e-05 -6.66424e-19 -3.10395e-05 -6.20129e-05 -3.10395e-05 -3.09873e-05
2.21 -2.14868e-20 -3.12085e-19 -6.20174e-05 -6.20174e-05 -6.66426e-19 -3.10414e-05 -6.20174e-05 -3.10414e-05 -3.09897e-05
2.215 -2.14692e-20 -3.121e-19 -6.20219e-05 -6.20219e-05 -6.66429e-19 -3.10434e-05 -6.20219e-05 -3.10434e-05 -3.09922e-05
2.22 -2.14515e-20 -3.12115e-19 -6.20264e-05 -6.20264e-05 -6.66432e-19 -3.10453e-05 -6.20264e-05 -3.10453e-05 -3.09946e-05
2.225 -2.14338e-20 -3.1213e-19 -6.20309e-05 -6.20309e-05 -6.66434e-19 -3.10472e-05 -6.20309e-05 -3.10472e-05 -3.0997e-05
2.23 -2.14161e-20 -3.12145e-19 -6.20354e-05 -6.20354e-05 -6.66437e-19 -3.10492e-05 -6.20354e-05 -3.10492e-05 -3.09994e-05
2.235 -2.13984e-20 -3.1216e-19 -6.20399e-05 -6.20399e-05 -6.6644e-19 -3.10511e-05 -6.20399e-05 -3.10511e-05 -3.10018e-05
2.24 -2.13807e-20 -3.12175e-19 -6.20444e-05 -6.20444e-05 -6.66442e-19 -3.10531e-05 -6.20444e-05 -3.10531e-05 -3.10042e-05
2.245 -2.13629e-20 -3.1219e-19 -6.20489e-05 -6.20489e-05 -6.66445e-19 -3.1055e-05 -6.20489e-05 -3.1055e-05 -3.10067e-05
2.25 -2.13452e-20 -3.12205e-19 -6.20535e-05 -6.20535e-05 -6.66448e-19 -3.1057e-05 -6.20535e-05 -3.1057e-05 -3.10091e-05
2.255 -2.13274e-20 -3.1222e-19 -6.2058e-05 -6.2058e-05 -6.66451e-19 -3.10589e-05 -6.2058e-05 -3.10589e-05 -3.10115e-05
2.26 -2.13097e-20 -3.12235e-19 -6.20625e-05 -6.20625e-05 -6.66454e-19 -3.10608e-05 -6.20625e-05 -3.10608e-05 -3.1014e-05
2.265 -2.12919e-20 -3.1225e-19 -6.20671e-05 -6.20671e-05 -6.66456e-19 -3.10628e-05 -6.20671e-05 -3.10628e-05 -3.10164e-05
2.27 -2.12741e-20 -3.12265e-19 -6.20716e-05 -6.20716e-05 -6.66459e-19 -3.10647e-05 -6.20716e-05 -3.10647e-05 -3.10189e-05
2.275 -2.12562e-20 -3.1228e-19 -6.20762e-05 -6.20762e-05 -6.66462e-19 -3.10667e-05 -6.20762e-05 -3.10667e-05 -3.10213e-05
2.28 -2.12384e-20 -3.12295e-19 -6.20807e-05 -6.20807e-05 -6.66465e-19 -3.10686e-05 -6.20807e-05 -3.10686e-05 -3.10237e-05
2.285 -2.12206e-20 -3.1231e-19 -6.20853e-05 -6.20853e-05 -6.66468e-19 -3.10705e-05 -6.20853e-05 -3.10705e-05 -3.10262e-05
2.29 -2.12027e-20 -3.12325e-19 -6.20898e-05 -6.20898e-05 -6.66471e-19 -3.10725e-05 -6.20898e-05 -3.10725e-05 -3.10287e-05
2.295 -2.11848e-20 -3.12339e-19 -6.20944e-05 -6.20944e-05 -6.66474e-19 -3.10744e-05 -6.20944e-05 -3.10744e-05 -3.10311e-05
2.3 -2.1167e-20 -3.12354e-19 -6.20989e-05 -6.20989e-05 -6.66477e-19 -3.10763e-05 -6.20989e-05 -3.10763e-05 -3.10336e-05
2.305 -2.11491e-20 -3.12369e-19 -6.21035e-05 -6.21035e-05 -6.6648e-19 -3.10783e-05 -6.21035e-05 -3.10783e-05 -3.1036e-05
2.31 -2.11312e-20 -3.12384e-19 -6.21081e-05 -6.21081e-05 -6.66483e-19 -3.10802e-05 -6.21081e-05 -3.10802e-05 -3.10385e-05
2.315 -2.11132e-20 -3.12399e-19 -6.21126e-05 -6.21126e-05 -6.66486e-19 -3.10821e-05 -6.21126e-05 -3.10821e-05 -3.1041e-05
2.32 -2.10953e-20 -3.12414e-19 -6.21172e-05 -6.21172e-05 -6.66489e-19 -3.10841e-05 -6.21172e-05 -3.10841e-05 -3.10435e-05
2.325 -2.10773e-20 -3.12429e-19 -6.21218e-05 -6.21218e-05 -6.66492e-19 -3.1086e-05 -6.21218e-05 -3.1086e-05 -3.10459e-05
2.33 -2.10593e-20 -3.12444e-19 -6.21264e-05 -6.21264e-05 -6.66495e-19 -3.10879e-05 -6.21264e-05 -3.10879e-05 -3.10484e-05
2.335 -2.10414e-20 -3.12459e-19 -6.2131e-05 -6.2131e-05 -6.66498e-19 -3.10899e-05 -6.2131e-05 -3.10899e-05 -3.10509e-05
2.34 -2.10234e-20 -3.12474e-19 -6.21356e-05 -6.21356e-05 -6.66501e-19 -3.10918e-05 -6.21356e-05 -3.10918e-05 -3.10534e-05
2.345 -2.10053e-20 -3.12489e-19 -6.21402e-05 -6.21402e-05 -6.66504e-19 -3.10938e-05 -6.21402e-05 -3.10938e-05 -3.10559e-05
2.35 -2.09873e-20 -3.12504e-19 -6.21448e-05 -6.21448e-05 -6.66507e-19 -3.10957e-05 -6.21448e-05 -3.10957e-05 -3.10584e-05
2.355 -2.09692e-20 -3.12519e-19 -6.21494e-05 -6.21494e-05 -6.6651e-19 -3.10976e-05 -6.21494e-05 -3.10976e-05 -3.10609e-05
2.36 -2.09512e-20 -3.12534e-19 -6.2154e-05 -6.2154e-05 -6.66513e-19 -3.10996e-05 -6.2154e-05 -3.10996e-05 -3.10634e-05
2.365 -2.09331e-20 -3.12549e-19 -6.21586e-05 -6.21586e-05 -6.66516e-19 -3.11015e-05 -6.21586e-05 -3.11015e-05 -3.10659e-05
2.37 -2.0915e-20 -3.12564e-19 -6.21633e-05 -6.21633e-05 -6.6652e-19 -3.11034e-05 -6.21633e-05 -3.11034e-05 -3.10684e-05
2.375 -2.08969e-20 -3.12578e-19 -6.21679e-05 -6.21679e-05 -6.66523e-19 -3.11054e-05 -6.21679e-05 -3.11054e-05 -3.10709e-05
2.38 -2.08787e-20 -3.12593e-19 -6.21725e-05 -6.21725e-05 -6.66526e-19 -3.11073e-05 -6.21725e-05 -3.11073e-05 -3.10734e-05
2.385 -2.08606e-20 -3.12608e-19 -6.21772e-05 -6.21772e-05 -6.66529e-19 -3.11092e-05 -6.21772e-05 -3.11092e-05 -3.1076e-05
2.39 -2.08424e-20 -3.12623e-19 -6.21818e-05 -6.21818e-05 -6.66532e-19 -3.11112e-05 -6.21818e-05 -3.11112e-05 -3.10785e-05
2.395 -2.08242e-20 -3.12638e-19 -6.21865e-05 -6.21865e-05 -6.66536e-19 -3.11131e-05 -6.21865e-05 -3.11131e-05 -3.1081e-05
2.4 -2.0806e-20 -3.12653e-19 -6.21912e-05 -6.21912e-05 -6.66539e-19 -3.11151e-05 -6.21912e-05 -3.11151e-05 -3.10836e-05
2.405 -2.07878e-20 -3.12668e-19 -6.21958e-05 -6.21958e-05 -6.66542e-19 -3.1117e-05 -6.21958e-05 -3.1117e-05 -3.10861e-05
2.41 -2.07695e-20 -3.12683e-19 -6.22005e-05 -6.22005e-05 -6.66545e-19 -3.1119e-05 -6.22005e-05 -3.1119e-05 -3.10886e-05
2.415 -2.07512e-20 -3.12698e-19 -6.22052e-05 -6.22052e-05 -6.66549e-19 -3.11209e-05 -6.22052e-05 -3.11209e-05 -3.10912e-05
2.42 -2.0733e-20 -3.12713e-19 -6.22099e-05 -6.22099e-05 -6.66552e-19 -3.11229e-05 -6.22099e-05 -3.11229e-05 -3.10937e-05
2.425 -2.07146e-20 -3.12728e-19 -6.22146e-05 -6.22146e-05 -6.66555e-19 -3.11248e-05 -6.22146e-05 -3.11248e-05 -3.10963e-05
2.43 -2.06963e-20 -3.12743e-19 -6.22193e-05 -6.22193e-05 -6.66559e-19 -3.11268e-05 -6.22193e-05 -3.11268e-05 -3.10989e-05
2.435 -2.06779e-20 -3.12758e-19 -6.2224e-05 -6.2224e-05 -6.66562e-19 -3.11287e-05 -6.2224e-05 -3.11287e-05 -3.11014e-05
2.44 -2.06596e-20 -3.12773e-19 -6.22287e-05 -6.22287e-05 -6.66565e-19 -3.11307e-05 -6.22287e-05 -3.11307e-05 -3.1104e-05
2.445 -2.06412e-20 -3.12788e-19 -6.22334e-05 -6.22334e-05 -6.66569e-19 -3.11326e-05 -6.22334e-05 -3.11326e-05 -3.11066e-05
2.45 -2.06226e-20 -3.12803e-19 -6.22381e-05 -6.22381e-05 -6.66572e-19 -3.11346e-05 -6.22381e-05 -3.11346e-05 -3.11092e-05
2.455 -2.06042e-20 -3.12818e-19 -6.22429e-05 -6.22429e-05 -6.66575e-19 -3.11365e-05 -6.22429e-05 -3.11365e-05 -3.11117e-05
2.46 -2.06236e-20 -3.12795e-19 -6.22477e-05 -6.22477e-05 -6.66578e-19 -3.11385e-05 -6.22477e-05 -3.11385e-05 -3.11143e-05
2.465 -2.06091e-20 -3.12839e-19 -6.22524e-05 -6.22524e-05 -6.6655e-19 -3.11438e-05 -6.22524e-05 -3.11438e-05 -3.11153e-05
2.47 -2.06016e-20 -3.12861e-19 -6.22572e-05 -6.22572e-05 -6.66535e-19 -3.11464e-05 -6.22572e-05 -3.11464e-05 -3.11175e-05
2.475 -2.0586e-20 -3.12886e-19 -6.2262e-05 -6.2262e-05 -6.66525e-19 -3.11496e-05 -6.2262e-05 -3.11496e-05 -3.11195e-05
2.48 -2.0571e-20 -3.12906e-19 -6.22668e-05 -6.22668e-05 -6.6652e-19 -3.11521e-05 -6.22668e-05 -3.11521e-05 -3.11219e-05
2.485 -2.06286e-20 -3.12851e-19 -6.22716e-05 -6.22716e-05 -6.66518e-19 -3.11547e-05 -6.22716e-05 -3.11547e-05 -3.11242e-05
2.49 -2.05445e-20 -3.13002e-19 -6.22765e-05 -6.22765e-05 -6.66452e-19 -3.11637e-05 -6.22765e-05 -3.11637e-05 -3.11233e-05
2.495 -2.06154e-20 -3.12901e-19 -6.22813e-05 -6.22813e-05 -6.6648e-19 -3.11609e-05 -6.22813e-05 -3.11609e-05 -3.11283e-05
2.5 -2.05177e-20 -3.13055e-19 -6.22862e-05 -6.22862e-05 -6.66426e-19 -3.11708e-05 -6.22862e-05 -3.11708e-05 -3.1127e-05
2.505 -2.05931e-20 -3.12942e-19 -6.2291e-05 -6.2291e-05 -6.66462e-19 -3.11671e-05 -6.2291e-05 -3.11671e-05 -3.11325e-05
2.51 -2.04967e-20 -3.13093e-19 -6.22958e-05 -6.22958e-05 -6.66409e-19 -3.11771e-05 -6.22958e-05 -3.11771e-05 -3.11311e-05
2.515 -2.05752e-20 -3.12974e-19 -6.23003e-05 -6.23003e-05 -6.66448e-19 -3.11729e-05 -6.23003e-05 -3.11729e-05 -3.11366e-05
2.52 -2.04769e-20 -3.13123e-19 -6.23047e-05 -6.23047e-05 -6.66399e-19 -3.11827e-05 -6.23047e-05 -3.11827e-05 -3.11351e-05
2.525 -2.05556e-20 -3.13002e-19 -6.23089e-05 -6.23089e-05 -6.6644e-19 -3.11781e-05 -6.23089e-05 -3.11781e-05 -3.11406e-05
2.53 -2.05321e-20 -3.13075e-19 -6.23132e-05 -6.23132e-05 -6.66392e-19 -3.11877e-05 -6.23132e-05 -3.11877e-05 -3.1139e-05
2.535 -2.05443e-20 -3.13084e-19 -6.23171e-05 -6.23171e-05 -6.6637e-19 -3.11895e-05 -6.23171e-05 -3.11895e-05 -3.11411e-05
2.54 -2.05352e-20 -3.13112e-19 -6.2321e-05 -6.2321e-05 -6.66351e-19 -3.11938e-05 -6.2321e-05 -3.11938e-05 -3.1142e-05
2.545 -2.0532e-20 -3.13127e-19 -6.23248e-05 -6.23248e-05 -6.66339e-19 -3.11963e-05 -6.23248e-05 -3.11963e-05 -3.11435e-05
2.55 -2.05244e-20 -3.13144e-19 -6.23284e-05 -6.23284e-05 -6.6633e-19 -3.11993e-05 -6.23284e-05 -3.11993e-05 -3.11449e-05
2.555 -2.05178e-20 -3.13158e-19 -6.23319e-05 -6.23319e-05 -6.66322e-19 -3.12018e-05 -6.23319e-05 -3.12018e-05 -3.11463e-05
2.56 -2.05105e-20 -3.13172e-19 -6.23354e-05 -6.23354e-05 -6.66316e-19 -3.12043e-05 -6.23354e-05 -3.12043e-05 -3.11476e-05
2.565 -2.05034e-20 -3.13185e-19 -6.23387e-05 -6.23387e-05 -6.6631e-19 -3.12066e-05 -6.23387e-05 -3.12066e-05 -3.1149e-05
2.57 -2.04963e-20 -3.13198e-19 -6.23419e-05 -6.23419e-05 -6.66304e-19 -3.12089e-05 -6.23419e-05 -3.12089e-05 -3.11502e-05
2.575 -2.04894e-20 -3.1321e-19 -6.2345e-05 -6.2345e-05 -6.66299e-19 -3.12111e-05 -6.2345e-05 -3.12111e-05 -3.11515e-05
2.58 -2.04826e-20 -3.13222e-19 -6.2348e-05 -6.2348e-05 -6.66294e-19 -3.12133e-05 -6.2348e-05 -3.12133e-05 -3.11527e-05
2.585 -2.04761e-20 -3.13233e-19 -6.23509e-05 -6.23509e-05 -6.6629e-19 -3.12154e-05 -6.23509e-05 -3.12154e-05 -3.11538e-05
2.59 -2.04698e-20 -3.13244e-19 -6.23537e-05 -6.23537e-05 -6.66285e-19 -3.12175e-05 -6.23537e-05 -3.12175e-05 -3.1155e-05
2.595 -2.04637e-20 -3.13255e-19 -6.23564e-05 -6.23564e-05 -6.6628e-19 -3.12195e-05 -6.23564e-05 -3.12195e-05 -3.1156e-05
2.6 -2.04578e-20 -3.13265e-19 -6.23591e-05 -6.23591e-05 -6.66276e-19 -3.12215e-05 -6.23591e-05 -3.12215e-05 -3.11571e-05
2.605 -2.04521e-20 -3.13276e-19 -6.23616e-05 -6.23616e-05 -6.66271e-19 -3.12234e-05 -6.23616e-05 -3.12234e-05 -3.11581e-05
2.61 -2.04466e-20 -3.13286e-19 -6.23641e-05 -6.23641e-05 -6.66267e-19 -3.12252e-05 -6.23641e-05 -3.12252e-05 -3.1159e-05
2.615 -2.04413e-20 -3.13295e-19 -6.23665e-05 -6.23665e-05 -6.66262e-19 -3.12271e-05 -6.23665e-05 -3.12271e-05 -3.11599e-05
2.62 -2.04362e-20 -3.13305e-19 -6.23688e-05 -6.23688e-05 -6.66258e-19 -3.12288e-05 -6.23688e-05 -3.12288e-05 -3.11608e-05
2.625 -2.04312e-20 -3.13314e-19 -6.2371e-05 -6.2371e-05 -6.66254e-19 -3.12306e-05 -6.2371e-05 -3.12306e-05 -3.11617e-05
2.63 -2.04265e-20 -3.13323e-19 -6.23732e-05 -6.23732e-05 -6.6625e-19 -3.12323e-05 -6.23732e-05 -3.12323e-05 -3.11625e-05
2.635 -2.04219e-20 -3.13332e-19 -6.23753e-05 -6.23753e-05 -6.66245e-19 -3.12339e-05 -6.23753e-05 -3.12339e-05 -3.11632e-05
2.64 -2.04174e-20 -3.1334e-19 -6.23774e-05 -6.23774e-05 -6.66241e-19 -3.12355e-05 -6.23774e-05 -3.12355e-05 -3.1164e-05
2.645 -2.04131e-20 -3.13349e-19 -6.23793e-05 -6.23793e-05 -6.66237e-19 -3.12371e-05 -6.23793e-05 -3.12371e-05 -3.11647e-05
2.65 -2.0409e-20 -3.13357e-19 -6.23813e-05 -6.23813e-05 -6.66233e-19 -3.12387e-05 -6.23813e-05 -3.12387e-05 -3.11654e-05
2.655 -2.0405e-20 -3.13365e-19 -6.23831e-05 -6.23831e-05 -6.66229e-19 -3.12402e-05 -6.23831e-05 -3.12402e-05 -3.11661e-05
2.66 -2.04011e-20 -3.13373e-19 -6.23849e-05 -6.23849e-05 -6.66225e-19 -3.12416e-05 -6.23849e-05 -3.12416e-05 -3.11667e-05
2.665 -2.03974e-20 -3.13381e-19 -6.23866e-05 -6.23866e-05 -6.66221e-19 -3.12431e-05 -6.23866e-05 -3.12431e-05 -3.11673e-05
2.67 -2.03939e-20 -3.13388e-19 -6.23883e-05 -6.23883e-05 -6.66217e-19 -3.12445e-05 -6.23883e-05 -3.12445e-05 -3.11679e-05
2.675 -2.03904e-20 -3.13395e-19 -6.239e-05 -6.239e-05 -6.66214e-19 -3.12459e-05 -6.239e-05 -3.12459e-05 -3.11684e-05
2.68 -2.03871e-20 -3.13402e-19 -6.23915e-05 -6.23915e-05 -6.6621e-19 -3.12472e-05 -6.23915e-05 -3.12472e-05 -3.1169e-05
2.685 -2.03839e-20 -3.13409e-19 -6.23931e-05 -6.23931e-05 -6.66206e-19 -3.12485e-05 -6.23931e-05 -3.12485e-05 -3.11695e-05
2.69 -2.03808e-20 -3.13416e-19 -6.23945e-05 -6.23945e-05 -6.66203e-19 -3.12498e-05 -6.23945e-05 -3.12498e-05 -3.117e-05
2.695 -2.03778e-20 -3.13423e-19 -6.2396e-05 -6.2396e-05 -6.66199e-19 -3.12511e-05 -6.2396e-05 -3.12511e-05 -3.11704e-05
2.7 -2.03749e-20 -3.13429e-19 -6.23974e-05 -6.23974e-05 -6.66195e-19 -3.12523e-05 -6.23974e-05 -3.12523e-05 -3.11709e-05
2.705 -2.03721e-20 -3.13436e-19 -6.23987e-05 -6.23987e-05 -6.66192e-19 -3.12535e-05 -6.23987e-05 -3.12535e-05 -3.11713e-05
2.71 -2.03695e-20 -3.13442e-19 -6.24e-05 -6.24e-05 -6.66188e-19 -3.12547e-05 -6.24e-05 -3.12547e-05 -3.11717e-05
2.715 -2.03669e-20 -3.13448e-19 -6.24013e-05 -6.24013e-05 -6.66185e-19 -3.12559e-05 -6.24013e-05 -3.12559e-05 -3.11721e-05
2.72 -2.03644e-20 -3.13454e-19 -6.24025e-05 -6.24025e-05 -6.66181e-19 -3.1257e-05 -6.24025e-05 -3.1257e-05 -3.11725e-05
2.725 -2.03621e-20 -3.1346e-19 -6.24037e-05 -6.24037e-05 -6.66178e-19 -3.12581e-05 -6.24037e-05 -3.12581e-05 -3.11728e-05
2.73 -2.03598e-20 -3.13465e-19 -6.24048e-05 -6.24048e-05 -6.66174e-19 -3.12592e-05 -6.24048e-05 -3.12592e-05 -3.11732e-05
2.735 -2.03576e-20 -3.13471e-19 -6.24059e-05 -6.24059e-05 -6.66171e-19 -3.12603e-05 -6.24059e-05 -3.12603e-05 -3.11735e-05
2.74 -2.03555e-20 -3.13476e-19 -6.2407e-05 -6.2407e-05 -6.66168e-19 -3.12613e-05 -6.2407e-05 -3.12613e-05 -3.11738e-05
2.745 -2.03534e-20 -3.13482e-19 -6.2408e-05 -6.2408e-05 -6.66164e-19 -3.12623e-05 -6.2408e-05 -3.12623e-05 -3.11741e-05
2.75 -2.03515e-20 -3.13487e-19 -6.2409e-05 -6.2409e-05 -6.66161e-19 -3.12633e-05 -6.2409e-05 -3.12633e-05 -3.11743e-05
2.755 -2.03496e-20 -3.13492e-19 -6.241e-05 -6.241e-05 -6.66158e-19 -3.12643e-05 -6.241e-05 -3.12643e-05 -3.11746e-05
2.76 -2.03478e-20 -3.13497e-19 -6.24109e-05 -6.24109e-05 -6.66155e-19 -3.12652e-05 -6.24109e-05 -3.12652e-05 -3.11748e-05
2.765 -2.0346e-20 -3.13502e-19 -6.24118e-05 -6.24118e-05 -6.66152e-19 -3.12662e-05 -6.24118e-05 -3.12662e-05 -3.11751e-05
2.77 -2.03444e-20 -3.13507e-19 -6.24127e-05 -6.24127e-05 -6.66149e-19 -3.12671e-05 -6.24127e-05 -3.12671e-05 -3.11753e-05
2.775 -2.03428e-20 -3.13511e-19 -6.24136e-05 -6.24136e-05 -6.66146e-19 -3.1268e-05 -6.24136e-05 -3.1268e-05 -3.11755e-05
2.78 -2.03412e-20 -3.13516e-19 -6.24144e-05 -6.24144e-05 -6.66142e-19 -3.12689e-05 -6.24144e-05 -3.12689e-05 -3.11757e-05
2.785 -2.03398e-20 -3.1352e-19 -6.24152e-05 -6.24152e-05 -6.66139e-19 -3.12698e-05 -6.24152e-05 -3.12698e-05 -3.11759e-05
2.79 -2.03383e-20 -3.13525e-19 -6.2416e-05 -6.2416e-05 -6.66136e-19 -3.12706e-05 -6.2416e-05 -3.12706e-05 -3.11761e-05
2.795 -2.0337e-20 -3.13529e-19 -6.24167e-05 -6.24167e-05 -6.66133e-19 -3.12714e-05 -6.24167e-05 -3.12714e-05 -3.11762e-05
2.8 -2.03357e-20 -3.13533e-19 -6.24175e-05 -6.24175e-05 -6.66131e-19 -3.12723e-05 -6.24175e-05 -3.12723e-05 -3.11764e-05
2.805 -2.03344e-20 -3.13538e-19 -6.24182e-05 -6.24182e-05 -6.66128e-19 -3.12731e-05 -6.24182e-05 -3.12731e-05 -3.11765e-05
2.81 -2.03332e-20 -3.13542e-19 -6.24189e-05 -6.24189e-05 -6.66125e-19 -3.12738e-05 -6.24189e-05 -3.12738e-05 -3.11766e-05
2.815 -2.03321e-20 -3.13546e-19 -6.24195e-05 -6.24195e-05 -6.66122e-19 -3.12746e-05 -6.24195e-05 -3.12746e-05 -3.11768e-05
2.82 -2.0331e-20 -3.1355e-19 -6.24202e-05 -6.24202e-05 -6.66119e-19 -3.12754e-05 -6.24202e-05 -3.12754e-05 -3.11769e-05
2.825 -2.03299e-20 -3.13554e-19 -6.24208e-05 -6.24208e-05 -6.66116e-19 -3.12761e-05 -6.24208e-05 -3.12761e-05 -3.1177e-05
2.83 -2.03289e-20 -3.13557e-19 -6.24214e-05 -6.24214e-05 -6.66114e-19 -3.12768e-05 -6.24214e-05 -3.12768e-05 -3.11771e-05
2.835 -2.03279e-20 -3.13561e-19 -6.2422e-05 -6.2422e-05 -6.66111e-19 -3.12776e-05 -6.2422e-05 -3.12776e-05 -3.11772e-05
2.84 -2.0327e-20 -3.13565e-19 -6.24225e-05 -6.24225e-05 -6.66108e-19 -3.12783e-05 -6.24225e-05 -3.12783e-05 -3.11773e-05
2.845 -2.03261e-20 -3.13568e-19 -6.24231e-05 -6.24231e-05 -6.66105e-19 -3.1279e-05 -6.24231e-05 -3.1279e-05 -3.11773e-05
2.85 -2.03253e-20 -3.13572e-19 -6.24236e-05 -6.24236e-05 -6.66103e-19 -3.12796e-05 -6.24236e-05 -3.12796e-05 -3.11774e-05
2.855 -2.03245e-20 -3.13575e-19 -6.24241e-05 -6.24241e-05 -6.661e-19 -3.12803e-05 -6.24241e-05 -3.12803e-05 -3.11775e-05
2.86 -2.03237e-20 -3.13579e-19 -6.24246e-05 -6.24246e-05 -6.66097e-19 -3.1281e-05 -6.24246e-05 -3.1281e-05 -3.11775e-05
2.865 -2.0323e-20 -3.13582e-19 -6.24251e-05 -6.24251e-05 -6.66095e-19 -3.12816e-05 -6.24251e-05 -3.12816e-05 -3.11776e-05
2.87 -2.03223e-20 -3.13585e-19 -6.24256e-05 -6.24256e-05 -6.66092e-19 -3.12822e-05 -6.24256e-05 -3.12822e-05 -3.11776e-05
2.875 -2.03216e-20 -3.13588e-19 -6.2426e-05 -6.2426e-05 -6.6609e-19 -3.12828e-05 -6.2426e-05 -3.12828e-05 -3.11777e-05
2.88 -2.0321e-20 -3.13592e-19 -6.24264e-05 -6.24264e-05 -6.66087e-19 -3.12835e-05 -6.24264e-05 -3.12835e-05 -3.11777e-05
2.885 -2.03204e-20 -3.13595e-19 -6.24269e-05 -6.24269e-05 -6.66085e-19 -3.12841e-05 -6.24269e-05 -3.12841e-05 -3.11777e-05
2.89 -2.03198e-20 -3.13598e-19 -6.24273e-05 -6.24273e-05 -6.66082e-19 -3.12846e-05 -6.24273e-05 -3.12846e-05 -3.11777e-05
2.895 -2.03192e-20 -3.13601e-19 -6.24277e-05 -6.24277e-05 -6.6608e-19 -3.12852e-05 -6.24277e-05 -3.12852e-05 -3.11778e-05
2.9 -2.03187e-20 -3.13604e-19 -6.24281e-05 -6.24281e-05 -6.66077e-19 -3.12858e-05 -6.24281e-05 -3.12858e-05 -3.11778e-05
2.905 -2.03182e-20 -3.13607e-19 -6.24284e-05 -6.24284e-05 -6.66075e-19 -3.12864e-05 -6.24284e-05 -3.12864e-05 -3.11778e-05
2.91 -2.03178e-20 -3.13609e-19 -6.24288e-05 -6.24288e-05 -6.66073e-19 -3.12869e-05 -6.24288e-05 -3.12869e-05 -3.11778e-05
2.915 -2.03173e-20 -3.13612e-19 -6.24291e-05 -6.24291e-05 -6.6607e-19 -3.12874e-05 -6.24291e-05 -3.12874e-05 -3.11778e-05
2.92 -2.03169e-20 -3.13615e-19 -6.24295e-05 -6.24295e-05 -6.66068e-19 -3.1288e-05 -6.24295e-05 -3.1288e-05 -3.11778e-05
2.925 -2.03165e-20 -3.13618e-19 -6.24298e-05 -6.24298e-05 -6.66066e-19 -3.12885e-05 -6.24298e-05 -3.12885e-05 -3.11778e-05
2.93 -2.03161e-20 -3.1362e-19 -6.24301e-05 -6.24301e-05 -6.66063e-19 -3.1289e-05 -6.24301e-05 -3.1289e-05 -3.11777e-05
2.935 -2.03158e-20 -3.13623e-19 -6.24304e-05 -6.24304e-05 -6.66061e-19 -3.12895e-05 -6.24304e-05 -3.12895e-05 -3.11777e-05
2.94 -2.03155e-20 -3.13626e-19 -6.24307e-05 -6.24307e-05 -6.66059e-19 -3.129e-05 -6.24307e-05 -3.129e-05 -3.11777e-05
2.945 -2.03152e-20 -3.13628e-19 -6.2431e-05 -6.2431e-05 -6.66057e-19 -3.12905e-05 -6.2431e-05 -3.12905e-05 -3.11777e-05
2.95 -2.03149e-20 -3.13631e-19 -6.24313e-05 -6.24313e-05 -6.66054e-19 -3.1291e-05 -6.24313e-05 -3.1291e-05 -3.11777e-05
2.955 -2.03146e-20 -3.13633e-19 -6.24315e-05 -6.24315e-05 -6.66052e-19 -3.12915e-05 -6.24315e-05 -3.12915e-05 -3.11776e-05
2.96 -2.03144e-20 -3.13636e-19 -6.24318e-05 -6.24318e-05 -6.6605e-19 -3.12919e-05 -6.24318e-05 -3.12919e-05 -3.11776e-05
2.965 -2.03141e-20 -3.13638e-19 -6.24321e-05 -6.24321e-05 -6.66048e-19 -3.12924e-05 -6.24321e-05 -3.12924e-05 -3.11776e-05
2.97 -2.03139e-20 -3.1364e-19 -6.24323e-05 -6.24323e-05 -6.66046e-19 -3.12929e-05 -6.24323e-05 -3.12929e-05 -3.11775e-05
2.975 -2.03137e-20 -3.13643e-19 -6.24325e-05 -6.24325e-05 -6.66044e-19 -3.12933e-05 -6.24325e-05 -3.12933e-05 -3.11775e-05
2.98 -2.03135e-20 -3.13645e-19 -6.24328e-05 -6.24328e-05 -6.66041e-19 -3.12938e-05 -6.24328e-05 -3.12938e-05 -3.11774e-05
2.985 -2.03133e-20 -3.13647e-19 -6.2433e-05 -6.2433e-05 -6.66039e-19 -3.12942e-05 -6.2433e-05 -3.12942e-05 -3.11774e-05
2.99 -2.03132e-20 -3.13649e-19 -6.24332e-05 -6.24332e-05 -6.66037e-19 -3.12946e-05 -6.24332e-05 -3.12946e-05 -3.11773e-05
2.995 -2.0313e-20 -3.13652e-19 -6.24334e-05 -6.24334e-05 -6.66035e-19 -3.1295e-05 -6.24334e-05 -3.1295e-05 -3.11773e-05
3 -2.03129e-20 -3.13654e-19 -6.24336e-05 -6.24336e-05 -6.66033e-19 -3.12955e-05 -6.24336e-05 -3.12955e-05 -3.11772e-05
3.005 -2.03128e-20 -3.13656e-19 -6.24338e-05 -6.24338e-05 -6.66031e-19 -3.12959e-05 -6.24338e-05 -3.12959e-05 -3.11772e-05
3.01 -2.03127e-20 -3.13658e-19 -6.2434e-05 -6.2434e-05 -6.66029e-19 -3.12963e-05 -6.2434e-05 -3.12963e-05 -3.11771e-05
3.015 -2.03126e-20 -3.1366e-19 -6.24342e-05 -6.24342e-05 -6.66027e-19 -3.12967e-05 -6.24342e-05 -3.12967e-05 -3.11771e-05
3.02 -2.03125e-20 -3.13662e-19 -6.24344e-05 -6.24344e-05 -6.66025e-19 -3.12971e-05 -6.24344e-05 -3.12971e-05 -3.1177e-05
3.025 -2.03124e-20 -3.13664e-19 -6.24345e-05 -6.24345e-05 -6.66023e-19 -3.12974e-05 -6.24345e-05 -3.12974e-05 -3.1177e-05
3.03 -2.03124e-20 -3.13666e-19 -6.24347e-05 -6.24347e-05 -6.66021e-19 -3.12978e-05 -6.24347e-05 -3.12978e-05 -3.11769e-05
3.035 -2.03123e-20 -3.13668e-19 -6.24349e-05 -6.24349e-05 -6.6602e-19 -3.12982e-05 -6.24349e-05 -3.12982e-05 -3.11768e-05
3.04 -2.03123e-20 -3.1367e-19 -6.2435e-05 -6.2435e-05 -6.66018e-19 -3.12986e-05 -6.2435e-05 -3.12986e-05 -3.11768e-05
3.045 -2.03123e-20 -3.13672e-19 -6.24352e-05 -6.24352e-05 -6.66016e-19 -3.12989e-05 -6.24352e-05 -3.12989e-05 -3.11767e-05
3.05 -2.03122e-20 -3.13674e-19 -6.24353e-05 -6.24353e-05 -6.66014e-19 -3.12993e-05 -6.24353e-05 -3.12993e-05 -3.11766e-05
3.055 -2.03122e-20 -3.13676e-19 -6.24354e-05 -6.24354e-05 -6.66012e-19 -3.12997e-05 -6.24354e-05 -3.12997e-05 -3.11766e-05
3.06 -2.03122e-20 -3.13677e-19 -6.24356e-05 -6.24356e-05 -6.6601e-19 -3.13e-05 -6.24356e-05 -3.13e-05 -3.11765e-05
3.065 -2.03122e-20 -3.13679e-19 -6.24357e-05 -6.24357e-05 -6.66009e-19 -3.13004e-05 -6.24357e-05 -3.13004e-05 -3.11764e-05
3.07 -2.03122e-20 -3.13681e-19 -6.24358e-05 -6.24358e-05 -6.66007e-19 -3.13007e-05 -6.24358e-05 -3.13007e-05 -3.11764e-05
3.075 -2.03123e-20 -3.13683e-19 -6.2436e-05 -6.2436e-05 -6.66005e-19 -3.1301e-05 -6.2436e-05 -3.1301e-05 -3.11763e-05
3.08 -2.03123e-20 -3.13684e-19 -6.24361e-05 -6.24361e-05 -6.66003e-19 -3.13014e-05 -6.24361e-05 -3.13014e-05 -3.11762e-05
3.085 -2.03123e-20 -3.13686e-19 -6.24362e-05 -6.24362e-05 -6.66001e-19 -3.13017e-05 -6.24362e-05 -3.13017e-05 -3.11761e-05
3.09 -2.03124e-20 -3.13688e-19 -6.24363e-05 -6.24363e-05 -6.66e-19 -3.1302e-05 -6.24363e-05 -3.1302e-05 -3.11761e-05
3.095 -2.03124e-20 -3.13689e-19 -6.24364e-05 -6.24364e-05 -6.65998e-19 -3.13023e-05 -6.24364e-05 -3.13023e-05 -3.1176e-05
3.1 -2.03125e-20 -3.13691e-19 -6.24365e-05 -6.24365e-05 -6.65996e-19 -3.13027e-05 -6.24365e-05 -3.13027e-05 -3.11759e-05
3.105 -2.03125e-20 -3.13693e-19 -6.24366e-05 -6.24366e-05 -6.65995e-19 -3.1303e-05 -6.24366e-05 -3.1303e-05 -3.11758e-05
3.11 -2.03126e-20 -3.13694e-19 -6.24367e-05 -6.24367e-05 -6.65993e-19 -3.13033e-05 -6.24367e-05 -3.13033e-05 -3.11758e-05
3.115 -2.03127e-20 -3.13696e-19 -6.24368e-05 -6.24368e-05 -6.65991e-19 -3.13036e-05 -6.24368e-05 -3.13036e-05 -3.11757e-05
3.12 -2.03127e-20 -3.13698e-19 -6.24369e-05 -6.24369e-05 -6.6599e-19 -3.13039e-05 -6.24369e-05 -3.13039e-05 -3.11756e-05
3.125 -2.03128e-20 -3.13699e-19 -6.2437e-05 -6.2437e-05 -6.65988e-19 -3.13042e-05 -6.2437e-05 -3.13042e-05 -3.11755e-05
3.13 -2.03129e-20 -3.13701e-19 -6.24371e-05 -6.24371e-05 -6.65987e-19 -3.13045e-05 -6.24371e-05 -3.13045e-05 -3.11755e-05
3.135 -2.0313e-20 -3.13702e-19 -6.24372e-05 -6.24372e-05 -6.65985e-19 -3.13048e-05 -6.24372e-05 -3.13048e-05 -3.11754e-05
3.14 -2.03131e-20 -3.13704e-19 -6.24373e-05 -6.24373e-05 -6.65983e-19 -3.13051e-05 -6.24373e-05 -3.13051e-05 -3.11753e-05
3.145 -2.03132e-20 -3.13705e-19 -6.24373e-05 -6.24373e-05 -6.65982e-19 -3.13053e-05 -6.24373e-05 -3.13053e-05 -3.11752e-05
3.15 -2.03133e-20 -3.13706e-19 -6.24374e-05 -6.24374e-05 -6.6598e-19 -3.13056e-05 -6.24374e-05 -3.13056e-05 -3.11751e-05
3.155 -2.03134e-20 -3.13708e-19 -6.24375e-05 -6.24375e-05 -6.65979e-19 -3.13059e-05 -6.24375e-05 -3.13059e-05 -3.11751e-05
3.16 -2.03135e-20 -3.13709e-19 -6.24376e-05 -6.24376e-05 -6.65977e-19 -3.13062e-05 -6.24376e-05 -3.13062e-05 -3.1175e-05
3.165 -2.03136e-20 -3.13711e-19 -6.24376e-05 -6.24376e-05 -6.65976e-19 -3.13064e-05 -6.24376e-05 -3.13064e-05 -3.11749e-05
3.17 -2.03137e-20 -3.13712e-19 -6.24377e-05 -6.24377e-05 -6.65974e-19 -3.13067e-05 -6.24377e-05 -3.13067e-05 -3.11748e-05
3.175 -2.03138e-20 -3.13714e-19 -6.24378e-05 -6.24378e-05 -6.65973e-19 -3.1307e-05 -6.24378e-05 -3.1307e-05 -3.11747e-05
3.18 -2.03139e-20 -3.13715e-19 -6.24378e-05 -6.24378e-05 -6.65971e-19 -3.13072e-05 -6.24378e-05 -3.13072e-05 -3.11747e-05
3.185 -2.0314e-20 -3.13716e-19 -6.24379e-05 -6.24379e-05 -6.6597e-19 -3.13075e-05 -6.24379e-05 -3.13075e-05 -3.11746e-05
3.19 -2.03142e-20 -3.13718e-19 -6.2438e-05 -6.2438e-05 -6.65968e-19 -3.13077e-05 -6.2438e-05 -3.13077e-05 -3.11745e-05
3.195 -2.03143e-20 -3.13719e-19 -6.2438e-05 -6.2438e-05 -6.65967e-19 -3.1308e-05 -6.2438e-05 -3.1308e-05 -3.11744e-05
3.2 -2.03144e-20 -3.1372e-19 -6.24381e-05 -6.24381e-05 -6.65965e-19 -3.13082e-05 -6.24381e-05 -3.13082e-05 -3.11743e-05
3.205 -2.03146e-20 -3.13721e-19 -6.24381e-05 -6.24381e-05 -6.65964e-19 -3.13085e-05 -6.24381e-05 -3.13085e-05 -3.11743e-05
3.21 -2.03147e-20 -3.13723e-19 -6.24382e-05 -6.24382e-05 -6.65963e-19 -3.13087e-05 -6.24382e-05 -3.13087e-05 -3.11742e-05
3.215 -2.03148e-20 -3.13724e-19 -6.24382e-05 -6.24382e-05 -6.65961e-19 -3.1309e-05 -6.24382e-05 -3.1309e-05 -3.11741e-05
3.22 -2.0315e-20 -3.13725e-19 -6.24383e-05 -6.24383e-05 -6.6596e-19 -3.13092e-05 -6.24383e-05 -3.13092e-05 -3.1174e-05
3.225 -2.03151e-20 -3.13726e-19 -6.24383e-05 -6.24383e-05 -6.65959e-19 -3.13094e-05 -6.24383e-05 -3.13094e-05 -3.11739e-05
3.23 -2.03152e-20 -3.13728e-19 -6.24384e-05 -6.24384e-05 -6.65957e-19 -3.13097e-05 -6.24384e-05 -3.13097e-05 -3.11739e-05
3.235 -2.03154e-20 -3.13729e-19 -6.24384e-05 -6.24384e-05 -6.65956e-19 -3.13099e-05 -6.24384e-05 -3.13099e-05 -3.11738e-05
3.24 -2.03155e-20 -3.1373e-19 -6.24384e-05 -6.24384e-05 -6.65954e-19 -3.13101e-05 -6.24384e-05 -3.13101e-05 -3.11737e-05
3.245 -2.03157e-20 -3.13731e-19 -6.24385e-05 -6.24385e-05 -6.65953e-19 -3.13104e-05 -6.24385e-05 -3.13104e-05 -3.11736e-05
3.25 -2.03158e-20 -3.13732e-19 -6.24385e-05 -6.24385e-05 -6.65952e-19 -3.13106e-05 -6.24385e-05 -3.13106e-05 -3.11735e-05
3.255 -2.03159e-20 -3.13733e-19 -6.24386e-05 -6.24386e-05 -6.65951e-19 -3.13108e-05 -6.24386e-05 -3.13108e-05 -3.11735e-05
3.26 -2.03161e-20 -3.13735e-19 -6.24386e-05 -6.24386e-05 -6.65949e-19 -3.1311e-05 -6.24386e-05 -3.1311e-05 -3.11734e-05
3.265 -2.03162e-20 -3.13736e-19 -6.24386e-05 -6.24386e-05 -6.65948e-19 -3.13112e-05 -6.24386e-05 -3.13112e-05 -3.11733e-05
3.27 -2.03164e-20 -3.13737e-19 -6.24387e-05 -6.24387e-05 -6.65947e-19 -3.13114e-05 -6.24387e-05 -3.13114e-05 -3.11732e-05
3.275 -2.03165e-20 -3.13738e-19 -6.24387e-05 -6.24387e-05 -6.65946e-19 -3.13117e-05 -6.24387e-05 -3.13117e-05 -3.11731e-05
3.28 -2.03167e-20 -3.13739e-19 -6.24387e-05 -6.24387e-05 -6.65944e-19 -3.13119e-05 -6.24387e-05 -3.13119e-05 -3.11731e-05
3.285 -2.03168e-20 -3.1374e-19 -6.24388e-05 -6.24388e-05 -6.65943e-19 -3.13121e-05 -6.24388e-05 -3.13121e-05 -3.1173e-05
3.29 -2.0317e-20 -3.13741e-19 -6.24388e-05 -6.24388e-05 -6.65942e-19 -3.13123e-05 -6.24388e-05 -3.13123e-05 -3.11729e-05
3.295 -2.03171e-20 -3.13742e-19 -6.24388e-05 -6.24388e-05 -6.65941e-19 -3.13125e-05 -6.24388e-05 -3.13125e-05 -3.11728e-05
3.3 -2.03173e-20 -3.13743e-19 -6.24389e-05 -6.24389e-05 -6.65939e-19 -3.13127e-05 -6.24389e-05 -3.13127e-05 -3.11728e-05
3.305 -2.03174e-20 -3.13744e-19 -6.24389e-05 -6.24389e-05 -6.65938e-19 -3.13129e-05 -6.24389e-05 -3.13129e-05 -3.11727e-05
3.31 -2.03176e-20 -3.13745e-19 -6.24389e-05 -6.24389e-05 -6.65937e-19 -3.13131e-05 -6.24389e-05 -3.13131e-05 -3.11726e-05
3.315 -2.03178e-20 -3.13746e-19 -6.24389e-05 -6.24389e-05 -6.65936e-19 -3.13133e-05 -6.24389e-05 -3.13133e-05 -3.11725e-05
3.32 -2.03179e-20 -3.13747e-19 -6.2439e-05 -6.2439e-05 -6.65935e-19 -3.13135e-05 -6.2439e-05 -3.13135e-05 -3.11724e-05
3.325 -2.03181e-20 -3.13748e-19 -6.2439e-05 -6.2439e-05 -6.65934e-19 -3.13136e-05 -6.2439e-05 -3.13136e-05 -3.11724e-05
3.33 -2.03182e-20 -3.13749e-19 -6.2439e-05 -6.2439e-05 -6.65932e-19 -3.13138e-05 -6.2439e-05 -3.13138e-05 -3.11723e-05
3.335 -2.03184e-20 -3.1375e-19 -6.2439e-05 -6.2439e-05 -6.65931e-19 -3.1314e-05 -6.2439e-05 -3.1314e-05 -3.11722e-05
3.34 -2.03185e-20 -3.13751e-19 -6.24391e-05 -6.24391e-05 -6.6593e-19 -3.13142e-05 -6.24391e-05 -3.13142e-05 -3.11722e-05
3.345 -2.03187e-20 -3.13752e-19 -6.24391e-05 -6.24391e-05 -6.65929e-19 -3.13144e-05 -6.24391e-05 -3.13144e-05 -3.11721e-05
3.35 -2.03188e-20 -3.13753e-19 -6.24391e-05 -6.24391e-05 -6.65928e-19 -3.13146e-05 -6.24391e-05 -3.13146e-05 -3.1172e-05
3.355 -2.0319e-20 -3.13754e-19 -6.24391e-05 -6.24391e-05 -6.65927e-19 -3.13147e-05 -6.24391e-05 -3.13147e-05 -3.11719e-05
3.36 -2.03191e-20 -3.13755e-19 -6.24392e-05 -6.24392e-05 -6.65926e-19 -3.13149e-05 -6.24392e-05 -3.13149e-05 -3.11719e-05
3.365 -2.03193e-20 -3.13756e-19 -6.24392e-05 -6.24392e-05 -6.65925e-19 -3.13151e-05 -6.24392e-05 -3.13151e-05 -3.11718e-05
3.37 -2.03194e-20 -3.13757e-19 -6.24392e-05 -6.24392e-05 -6.65924e-19 -3.13153e-05 -6.24392e-05 -3.13153e-05 -3.11717e-05
3.375 -2.03196e-20 -3.13758e-19 -6.24392e-05 -6.24392e-05 -6.65923e-19 -3.13154e-05 -6.24392e-05 -3.13154e-05 -3.11716e-05
3.38 -2.03197e-20 -3.13759e-19 -6.24392e-05 -6.24392e-05 -6.65922e-19 -3.13156e-05 -6.24392e-05 -3.13156e-05 -3.11716e-05
3.385 -2.03199e-20 -3.13759e-19 -6.24392e-05 -6.24392e-05 -6.65921e-19 -3.13158e-05 -6.24392e-05 -3.13158e-05 -3.11715e-05
3.39 -2.03201e-20 -3.1376e-19 -6.24393e-05 -6.24393e-05 -6.6592e-19 -3.13159e-05 -6.24393e-05 -3.13159e-05 -3.11714e-05
3.395 -2.03202e-20 -3.13761e-19 -6.24393e-05 -6.24393e-05 -6.65919e-19 -3.13161e-05 -6.24393e-05 -3.13161e-05 -3.11714e-05
3.4 -2.03204e-20 -3.13762e-19 -6.24393e-05 -6.24393e-05 -6.65918e-19 -3.13163e-05 -6.24393e-05 -3.13163e-05 -3.11713e-05
3.405 -2.03205e-20 -3.13763e-19 -6.24393e-05 -6.24393e-05 -6.65917e-19 -3.13164e-05 -6.24393e-05 -3.13164e-05 -3.11712e-05
3.41 -2.03207e-20 -3.13764e-19 -6.24393e-05 -6.24393e-05 -6.65916e-19 -3.13166e-05 -6.24393e-05 -3.13166e-05 -3.11712e-05
3.415 -2.03208e-20 -3.13765e-19 -6.24393e-05 -6.24393e-05 -6.65915e-19 -3.13167e-05 -6.24393e-05 -3.13167e-05 -3.11711e-05
3.42 -2.0321e-20 -3.13765e-19 -6.24393e-05 -6.24393e-05 -6.65914e-19 -3.13169e-05 -6.24393e-05 -3.13169e-05 -3.1171e-05
3.425 -2.03211e-20 -3.13766e-19 -6.24394e-05 -6.24394e-05 -6.65913e-19 -3.13171e-05 -6.24394e-05 -3.13171e-05 -3.1171e-05
3.43 -2.03213e-20 -3.13767e-19 -6.24394e-05 -6.24394e-05 -6.65912e-19 -3.13172e-05 -6.24394e-05 -3.13172e-05 -3.11709e-05
3.435 -2.03214e-20 -3.13768e-19 -6.24394e-05 -6.24394e-05 -6.65911e-19 -3.13174e-05 -6.24394e-05 -3.13174e-05 -3.11708e-05
3.44 -2.03216e-20 -3.13769e-19 -6.24394e-05 -6.24394e-05 -6.6591e-19 -3.13175e-05 -6.24394e-05 -3.13175e-05 -3.11708e-05
3.445 -2.03217e-20 -3.13769e-19 -6.24394e-05 -6.24394e-05 -6.65909e-19 -3.13177e-05 -6.24394e-05 -3.13177e-05 -3.11707e-05
3.45 -2.03218e-20 -3.1377e-19 -6.24394e-05 -6.24394e-05 -6.65908e-19 -3.13178e-05 -6.24394e-05 -3.13178e-05 -3.11706e-05
3.455 -2.0322e-20 -3.13771e-19 -6.24394e-05 -6.24394e-05 -6.65907e-19 -3.1318e-05 -6.24394e-05 -3.1318e-05 -3.11706e-05
3.46 -2.03221e-20 -3.13772e-19 -6.24394e-05 -6.24394e-05 -6.65906e-19 -3.13181e-05 -6.24394e-05 -3.13181e-05 -3.11705e-05
3.465 -2.03223e-20 -3.13772e-19 -6.24394e-05 -6.24394e-05 -6.65905e-19 -3.13183e-05 -6.24394e-05 -3.13183e-05 -3.11704e-05
3.47 -2.03224e-20 -3.13773e-19 -6.24395e-05 -6.24395e-05 -6.65904e-19 -3.13184e-05 -6.24395e-05 -3.13184e-05 -3.11704e-05
3.475 -2.03226e-20 -3.13774e-19 -6.24395e-05 -6.24395e-05 -6.65904e-19 -3.13185e-05 -6.24395e-05 -3.13185e-05 -3.11703e-05
3.48 -2.03227e-20 -3.13775e-19 -6.24395e-05 -6.24395e-05 -6.65903e-19 -3.13187e-05 -6.24395e-05 -3.13187e-05 -3.11702e-05
3.485 -2.03229e-20 -3.13775e-19 -6.24395e-05 -6.24395e-05 -6.65902e-19 -3.13188e-05 -6.24395e-05 -3.13188e-05 -3.11702e-05
3.49 -2.0323e-20 -3.13776e-19 -6.24395e-05 -6.24395e-05 -6.65901e-19 -3.13189e-05 -6.24395e-05 -3.13189e-05 -3.11701e-05
3.495 -2.03231e-20 -3.13777e-19 -6.24395e-05 -6.24395e-05 -6.659e-19 -3.13191e-05 -6.24395e-05 -3.13191e-05 -3.11701e-05
3.5 -2.03233e-20 -3.13777e-19 -6.24395e-05 -6.24395e-05 -6.65899e-19 -3.13192e-05 -6.24395e-05 -3.13192e-05 -3.117e-05
3.505 -2.03234e-20 -3.13778e-19 -6.24395e-05 -6.24395e-05 -6.65898e-19 -3.13194e-05 -6.24395e-05 -3.13194e-05 -3.11699e-05
3.51 -2.03235e-20 -3.13779e-19 -6.24395e-05 -6.24395e-05 -6.65898e-19 -3.13195e-05 -6.24395e-05 -3.13195e-05 -3.11699e-05
3.515 -2.03237e-20 -3.1378e-19 -6.24395e-05 -6.24395e-05 -6.65897e-19 -3.13196e-05 -6.24395e-05 -3.13196e-05 -3.11698e-05
3.52 -2.03238e-20 -3.1378e-19 -6.24395e-05 -6.24395e-05 -6.65896e-19 -3.13197e-05 -6.24395e-05 -3.13197e-05 -3.11698e-05
3.525 -2.0324e-20 -3.13781e-19 -6.24395e-05 -6.24395e-05 -6.65895e-19 -3.13199e-05 -6.24395e-05 -3.13199e-05 -3.11697e-05
3.53 -2.03241e-20 -3.13782e-19 -6.24396e-05 -6.24396e-05 -6.65894e-19 -3.132e-05 -6.24396e-05 -3.132e-05 -3.11696e-05
3.535 -2.03242e-20 -3.13782e-19 -6.24396e-05 -6.24396e-05 -6.65894e-19 -3.13201e-05 -6.24396e-05 -3.13201e-05 -3.11696e-05
3.54 -2.03244e-20 -3.13783e-19 -6.24396e-05 -6.24396e-05 -6.65893e-19 -3.13202e-05 -6.24396e-05 -3.13202e-05 -3.11695e-05
3.545 -2.03245e-20 -3.13784e-19 -6.24396e-05 -6.24396e-05 -6.65892e-19 -3.13204e-05 -6.24396e-05 -3.13204e-05 -3.11695e-05
3.55 -2.03246e-20 -3.13784e-19 -6.24396e-05 -6.24396e-05 -6.65891e-19 -3.13205e-05 -6.24396e-05 -3.13205e-05 -3.11694e-05
3.555 -2.03248e-20 -3.13785e-19 -6.24396e-05 -6.24396e-05 -6.6589e-19 -3.13206e-05 -6.24396e-05 -3.13206e-05 -3.11694e-05
3.56 -2.03249e-20 -3.13785e-19 -6.24396e-05 -6.24396e-05 -6.6589e-19 -3.13207e-05 -6.24396e-05 -3.13207e-05 -3.11693e-05
3.565 -2.0325e-20 -3.13786e-19 -6.24396e-05 -6.24396e-05 -6.65889e-19 -3.13209e-05 -6.24396e-05 -3.13209e-05 -3.11692e-05
3.57 -2.03251e-20 -3.13787e-19 -6.24396e-05 -6.24396e-05 -6.65888e-19 -3.1321e-05 -6.24396e-05 -3.1321e-05 -3.11692e-05
3.575 -2.03253e-20 -3.13787e-19 -6.24396e-05 -6.24396e-05 -6.65887e-19 -3.13211e-05 -6.24396e-05 -3.13211e-05 -3.11691e-05
3.58 -2.03254e-20 -3.13788e-19 -6.24396e-05 -6.24396e-05 -6.65887e-19 -3.13212e-05 -6.24396e-05 -3.13212e-05 -3.11691e-05
3.585 -2.03255e-20 -3.13789e-19 -6.24396e-05 -6.24396e-05 -6.65886e-19 -3.13213e-05 -6.24396e-05 -3.13213e-05 -3.1169e-05
3.59 -2.03257e-20 -3.13789e-19 -6.24396e-05 -6.24396e-05 -6.65885e-19 -3.13214e-05 -6.24396e-05 -3.13214e-05 -3.1169e-05
3.595 -2.03258e-20 -3.1379e-19 -6.24396e-05 -6.24396e-05 -6.65884e-19 -3.13215e-05 -6.24396e-05 -3.13215e-05 -3.11689e-05
3.6 -2.03259e-20 -3.1379e-19 -6.24396e-05 -6.24396e-05 -6.65884e-19 -3.13217e-05 -6.24396e-05 -3.13217e-05 -3.11689e-05
3.605 -2.0326e-20 -3.13791e-19 -6.24396e-05 -6.24396e-05 -6.65883e-19 -3.13218e-05 -6.24396e-05 -3.13218e-05 -3.11688e-05
3.61 -2.03261e-20 -3.13791e-19 -6.24396e-05 -6.24396e-05 -6.65882e-19 -3.13219e-05 -6.24396e-05 -3.13219e-05 -3.11688e-05
3.615 -2.03263e-20 -3.13792e-19 -6.24396e-05 -6.24396e-05 -6.65882e-19 -3.1322e-05 -6.24396e-05 -3.1322e-05 -3.11687e-05
3.62 -2.03264e-20 -3.13793e-19 -6.24396e-05 -6.24396e-05 -6.65881e-19 -3.13221e-05 -6.24396e-05 -3.13221e-05 -3.11687e-05
3.625 -2.03265e-20 -3.13793e-19 -6.24396e-05 -6.24396e-05 -6.6588e-19 -3.13222e-05 -6.24396e-05 -3.13222e-05 -3.11686e-05
3.63 -2.03266e-20 -3.13794e-19 -6.24396e-05 -6.24396e-05 -6.6588e-19 -3.13223e-05 -6.24396e-05 -3.13223e-05 -3.11686e-05
3.635 -2.03267e-20 -3.13794e-19 -6.24397e-05 -6.24397e-05 -6.65879e-19 -3.13224e-05 -6.24397e-05 -3.13224e-05 -3.11685e-05
3.64 -2.03269e-20 -3.13795e-19 -6.24397e-05 -6.24397e-05 -6.65878e-19 -3.13225e-05 -6.24397e-05 -3.13225e-05 -3.11685e-05
3.645 -2.0327e-20 -3.13795e-19 -6.24397e-05 -6.24397e-05 -6.65878e-19 -3.13226e-05 -6.24397e-05 -3.13226e-05 -3.11684e-05
3.65 -2.03271e-20 -3.13796e-19 -6.24397e-05 -6.24397e-05 -6.65877e-19 -3.13227e-05 -6.24397e-05 -3.13227e-05 -3.11684e-05
3.655 -2.03272e-20 -3.13796e-19 -6.24397e-05 -6.24397e-05 -6.65876e-19 -3.13228e-05 -6.24397e-05 -3.13228e-05 -3.11683e-05
3.66 -2.03273e-20 -3.13797e-19 -6.24397e-05 -6.24397e-05 -6.65876e-19 -3.13229e-05 -6.24397e-05 -3.13229e-05 -3.11683e-05
3.665 -2.03274e-20 -3.13797e-19 -6.24397e-05 -6.24397e-05 -6.65875e-19 -3.1323e-05 -6.24397e-05 -3.1323e-05 -3.11682e-05
3.67 -2.03276e-20 -3.13798e-19 -6.24397e-05 -6.24397e-05 -6.65874e-19 -3.13231e-05 -6.24397e-05 -3.13231e-05 -3.11682e-05
3.675 -2.03277e-20 -3.13799e-19 -6.24397e-05 -6.24397e-05 -6.65874e-19 -3.13232e-05 -6.24397e-05 -3.13232e-05 -3.11681e-05
3.68 -2.03278e-20 -3.13799e-19 -6.24397e-05 -6.24397e-05 -6.65873e-19 -3.13233e-05 -6.24397e-05 -3.13233e-05 -3.11681e-05
3.685 -2.03279e-20 -3.138e-19 -6.24397e-05 -6.24397e-05 -6.65873e-19 -3.13234e-05 -6.24397e-05 -3.13234e-05 -3.1168e-05
3.69 -2.0328e-20 -3.138e-19 -6.24397e-05 -6.24397e-05 -6.65872e-19 -3.13235e-05 -6.24397e-05 -3.13235e-05 -3.1168e-05
3.695 -2.03281e-20 -3.13801e-19 -6.24397e-05 -6.24397e-05 -6.65871e-19 -3.13236e-05 -6.24397e-05 -3.13236e-05 -3.11679e-05
3.7 -2.03282e-20 -3.13801e-19 -6.24397e-05 -6.24397e-05 -6.65871e-19 -3.13237e-05 -6.24397e-05 -3.13237e-05 -3.11679e-05
3.705 -2.03283e-20 -3.13801e-19 -6.24397e-05 -6.24397e-05 -6.6587e-19 -3.13238e-05 -6.24397e-05 -3.13238e-05 -3.11679e-05
3.71 -2.03284e-20 -3.13802e-19 -6.24397e-05 -6.24397e-05 -6.6587e-19 -3.13239e-05 -6.24397e-05 -3.13239e-05 -3.11678e-05
3.715 -2.03285e-20 -3.13802e-19 -6.24397e-05 -6.24397e-05 -6.65869e-19 -3.1324e-05 -6.24397e-05 -3.1324e-05 -3.11678e-05
3.72 -2.03286e-20 -3.13803e-19 -6.24397e-05 -6.24397e-05 -6.65868e-19 -3.13241e-05 -6.24397e-05 -3.13241e-05 -3.11677e-05
3.725 -2.03287e-20 -3.13803e-19 -6.24397e-05 -6.24397e-05 -6.65868e-19 -3.13241e-05 -6.24397e-05 -3.13241e-05 -3.11677e-05
3.73 -2.03288e-20 -3.13804e-19 -6.24397e-05 -6.24397e-05 -6.65867e-19 -3.13242e-05 -6.24397e-05 -3.13242e-05 -3.11676e-05
3.735 -2.03289e-20 -3.13804e-19 -6.24397e-05 -6.24397e-05 -6.65867e-19 -3.13243e-05 -6.24397e-05 -3.13243e-05 -3.11676e-05
3.74 -2.0329e-20 -3.13805e-19 -6.24397e-05 -6.24397e-05 -6.65866e-19 -3.13244e-05 -6.24397e-05 -3.13244e-05 -3.11676e-05
3.745 -2.03291e-20 -3.13805e-19 -6.24397e-05 -6.24397e-05 -6.65866e-19 -3.13245e-05 -6.24397e-05 -3.13245e-05 -3.11675e-05
3.75 -2.03292e-20 -3.13806e-19 -6.24397e-05 -6.24397e-05 -6.65865e-19 -3.13246e-05 -6.24397e-05 -3.13246e-05 -3.11675e-05
3.755 -2.03293e-20 -3.13806e-19 -6.24397e-05 -6.24397e-05 -6.65865e-19 -3.13247e-05 -6.24397e-05 -3.13247e-05 -3.11674e-05
3.76 -2.03294e-20 -3.13807e-19 -6.24397e-05 -6.24397e-05 -6.65864e-19 -3.13247e-05 -6.24397e-05 -3.13247e-05 -3.11674e-05
3.765 -2.03295e-20 -3.13807e-19 -6.24397e-05 -6.24397e-05 -6.65863e-19 -3.13248e-05 -6.24397e-05 -3.13248e-05 -3.11673e-05
3.77 -2.03296e-20 -3.13807e-19 -6.24397e-05 -6.24397e-05 -6.65863e-19 -3.13249e-05 -6.24397e-05 -3.13249e-05 -3.11673e-05
3.775 -2.03297e-20 -3.13808e-19 -6.24397e-05 -6.24397e-05 -6.65862e-19 -3.1325e-05 -6.24397e-05 -3.1325e-05 -3.11673e-05
3.78 -2.03298e-20 -3.13808e-19 -6.24397e-05 -6.24397e-05 -6.65862e-19 -3.13251e-05 -6.24397e-05 -3.13251e-05 -3.11672e-05
3.785 -2.03299e-20 -3.13809e-19 -6.24397e-05 -6.24397e-05 -6.65861e-19 -3.13252e-05 -6.24397e-05 -3.13252e-05 -3.11672e-05
3.79 -2.033e-20 -3.13809e-19 -6.24397e-05 -6.24397e-05 -6.65861e-19 -3.13252e-05 -6.24397e-05 -3.13252e-05 -3.11671e-05
3.795 -2.03301e-20 -3.1381e-19 -6.24397e-05 -6.24397e-05 -6.6586e-19 -3.13253e-05 -6.24397e-05 -3.13253e-05 -3.11671e-05
3.8 -2.03302e-20 -3.1381e-19 -6.24397e-05 -6.24397e-05 -6.6586e-19 -3.13254e-05 -6.24397e-05 -3.13254e-05 -3.11671e-05
3.805 -2.03303e-20 -3.1381e-19 -6.24397e-05 -6.24397e-05 -6.65859e-19 -3.13255e-05 -6.24397e-05 -3.13255e-05 -3.1167e-05
3.81 -2.03304e-20 -3.13811e-19 -6.24397e-05 -6.24397e-05 -6.65859e-19 -3.13255e-05 -6.24397e-05 -3.13255e-05 -3.1167e-05
3.815 -2.03305e-20 -3.13811e-19 -6.24397e-05 -6.24397e-05 -6.65858e-19 -3.13256e-05 -6.24397e-05 -3.13256e-05 -3.1167e-05
3.82 -2.03306e-20 -3.13812e-19 -6.24397e-05 -6.24397e-05 -6.65858e-19 -3.13257e-05 -6.24397e-05 -3.13257e-05 -3.11669e-05
3.825 -2.03306e-20 -3.13812e-19 -6.24397e-05 -6.24397e-05 -6.65857e-19 -3.13258e-05 -6.24397e-05 -3.13258e-05 -3.11669e-05
3.83 -2.03307e-20 -3.13812e-19 -6.24397e-05 -6.24397e-05 -6.65857e-19 -3.13258e-05 -6.24397e-05 -3.13258e-05 -3.11669e-05
3.835 -2.03308e-20 -3.13813e-19 -6.24397e-05 -6.24397e-05 -6.65856e-19 -3.13259e-05 -6.24397e-05 -3.13259e-05 -3.11668e-05
3.84 -2.03309e-20 -3.13813e-19 -6.24397e-05 -6.24397e-05 -6.65856e-19 -3.1326e-05 -6.24397e-05 -3.1326e-05 -3.11668e-05
3.845 -2.0331e-20 -3.13813e-19 -6.24397e-05 -6.24397e-05 -6.65856e-19 -3.13261e-05 -6.24397e-05 -3.13261e-05 -3.11667e-05
3.85 -2.03311e-20 -3.13814e-19 -6.24397e-05 -6.24397e-05 -6.65855e-19 -3.13261e-05 -6.24397e-05 -3.13261e-05 -3.11667e-05
3.855 -2.03312e-20 -3.13814e-19 -6.24397e-05 -6.24397e-05 -6.65855e-19 -3.13262e-05 -6.24397e-05 -3.13262e-05 -3.11667e-05
3.86 -2.03313e-20 -3.13815e-19 -6.24397e-05 -6.24397e-05 -6.65854e-19 -3.13263e-05 -6.24397e-05 -3.13263e-05 -3.11666e-05
3.865 -2.03313e-20 -3.13815e-19 -6.24397e-05 -6.24397e-05 -6.65854e-19 -3.13263e-05 -6.24397e-05 -3.13263e-05 -3.11666e-05
3.87 -2.03314e-20 -3.13815e-19 -6.24397e-05 -6.24397e-05 -6.65853e-19 -3.13264e-05 -6.24397e-05 -3.13264e-05 -3.11666e-05
3.875 -2.03315e-20 -3.13816e-19 -6.24397e-05 -6.24397e-05 -6.65853e-19 -3.13265e-05 -6.24397e-05 -3.13265e-05 -3.11665e-05
3.88 -2.03316e-20 -3.13816e-19 -6.24397e-05 -6.24397e-05 -6.65852e-19 -3.13266e-05 -6.24397e-05 -3.13266e-05 -3.11665e-05
3.885 -2.03317e-20 -3.13816e-19 -6.24397e-05 -6.24397e-05 -6.65852e-19 -3.13266e-05 -6.24397e-05 -3.13266e-05 -3.11665e-05
3.89 -2.03317e-20 -3.13817e-19 -6.24397e-05 -6.24397e-05 -6.65852e-19 -3.13267e-05 -6.24397e-05 -3.13267e-05 -3.11664e-05
3.895 -2.03318e-20 -3.13817e-19 -6.24397e-05 -6.24397e-05 -6.65851e-19 -3.13268e-05 -6.24397e-05 -3.13268e-05 -3.11664e-05
3.9 -2.03319e-20 -3.13817e-19 -6.24397e-05 -6.24397e-05 -6.65851e-19 -3.13268e-05 -6.24397e-05 -3.13268e-05 -3.11664e-05
3.905 -2.0332e-20 -3.13818e-19 -6.24397e-05 -6.24397e-05 -6.6585e-19 -3.13269e-05 -6.24397e-05 -3.13269e-05 -3.11663e-05
3.91 -2.03321e-20 -3.13818e-19 -6.24397e-05 -6.24397e-05 -6.6585e-19 -3.13269e-05 -6.24397e-05 -3.13269e-05 -3.11663e-05
3.915 -2.03321e-20 -3.13818e-19 -6.24397e-05 -6.24397e-05 -6.65849e-19 -3.1327e-05 -6.24397e-05 -3.1327e-05 -3.11663e-05
3.92 -2.03322e-20 -3.13819e-19 -6.24397e-05 -6.24397e-05 -6.65849e-19 -3.13271e-05 -6.24397e-05 -3.13271e-05 -3.11662e-05
3.925 -2.03323e-20 -3.13819e-19 -6.24397e-05 -6.24397e-05 -6.65849e-19 -3.13271e-05 -6.24397e-05 -3.13271e-05 -3.11662e-05
3.93 -2.03324e-20 -3.13819e-19 -6.24397e-05 -6.24397e-05 -6.65848e-19 -3.13272e-05 -6.24397e-05 -3.13272e-05 -3.11662e-05
3.935 -2.03324e-20 -3.1382e-19 -6.24397e-05 -6.24397e-05 -6.65848e-19 -3.13273e-05 -6.24397e-05 -3.13273e-05 -3.11662e-05
3.94 -2.03325e-20 -3.1382e-19 -6.24397e-05 -6.24397e-05 -6.65847e-19 -3.13273e-05 -6.24397e-05 -3.13273e-05 -3.11661e-05
3.945 -2.03326e-20 -3.1382e-19 -6.24397e-05 -6.24397e-05 -6.65847e-19 -3.13274e-05 -6.24397e-05 -3.13274e-05 -3.11661e-05
3.95 -2.03326e-20 -3.13821e-19 -6.24397e-05 -6.24397e-05 -6.65847e-19 -3.13274e-05 -6.24397e-05 -3.13274e-05 -3.11661e-05
3.955 -2.03327e-20 -3.13821e-19 -6.24397e-05 -6.24397e-05 -6.65846e-19 -3.13275e-05 -6.24397e-05 -3.13275e-05 -3.1166e-05
3.96 -2.03328e-20 -3.13821e-19 -6.24397e-05 -6.24397e-05 -6.65846e-19 -3.13276e-05 -6.24397e-05 -3.13276e-05 -3.1166e-05
3.965 -2.03329e-20 -3.13822e-19 -6.24397e-05 -6.24397e-05 -6.65845e-19 -3.13276e-05 -6.24397e-05 -3.13276e-05 -3.1166e-05
3.97 -2.03329e-20 -3.13822e-19 -6.24397e-05 -6.24397e-05 -6.65845e-19 -3.13277e-05 -6.24397e-05 -3.13277e-05 -3.11659e-05
3.975 -2.0333e-20 -3.13822e-19 -6.24397e-05 -6.24397e-05 -6.65845e-19 -3.13277e-05 -6.24397e-05 -3.13277e-05 -3.11659e-05
3.98 -2.03331e-20 -3.13823e-19 -6.24397e-05 -6.24397e-05 -6.65844e-19 -3.13278e-05 -6.24397e-05 -3.13278e-05 -3.11659e-05
3.985 -2.03331e-20 -3.13823e-19 -6.24397e-05 -6.24397e-05 -6.65844e-19 -3.13278e-05 -6.24397e-05 -3.13278e-05 -3.11659e-05
3.99 -2.03332e-20 -3.13823e-19 -6.24397e-05 -6.24397e-05 -6.65844e-19 -3.13279e-05 -6.24397e-05 -3.13279e-05 -3.11658e-05
3.995 -2.03333e-20 -3.13823e-19 -6.24397e-05 -6.24397e-05 -6.65843e-19 -3.1328e-05 -6.24397e-05 -3.1328e-05 -3.11658e-05
4 -2.03333e-20 -3.13824e-19 -6.24397e-05 -6.24397e-05 -6.65843e-19 -3.1328e-05 -6.24397e-05 -3.1328e-05 -3.11658e-05
4.005 -2.03334e-20 -3.13824e-19 -6.24397e-05 -6.24397e-05 -6.65843e-19 -3.13281e-05 -6.24397e-05 -3.13281e-05 -3.11658e-05
4.01 -2.03335e-20 -3.13824e-19 -6.24397e-05 -6.24397e-05 -6.65842e-19 -3.13281e-05 -6.24397e-05 -3.13281e-05 -3.11657e-05
4.015 -2.03335e-20 -3.13825e-19 -6.24397e-05 -6.24397e-05 -6.65842e-19 -3.13282e-05 -6.24397e-05 -3.13282e-05 -3.11657e-05
4.02 -2.03336e-20 -3.13825e-19 -6.24397e-05 -6.24397e-05 -6.65842e-19 -3.13282e-05 -6.24397e-05 -3.13282e-05 -3.11657e-05
4.025 -2.03337e-20 -3.13825e-19 -6.24397e-05 -6.24397e-05 -6.65841e-19 -3.13283e-05 -6.24397e-05 -3.13283e-05 -3.11656e-05
4.03 -2.03337e-20 -3.13825e-19 -6.24397e-05 -6.24397e-05 -6.65841e-19 -3.13283e-05 -6.24397e-05 -3.13283e-05 -3.11656e-05
4.035 -2.03338e-20 -3.13826e-19 -6.24397e-05 -6.24397e-05 -6.65841e-19 -3.13284e-05 -6.24397e-05 -3.13284e-05 -3.11656e-05
4.04 -2.03339e-20 -3.13826e-19 -6.24397e-05 -6.24397e-05 -6.6584e-19 -3.13284e-05 -6.24397e-05 -3.13284e-05 -3.11656e-05
4.045 -2.03339e-20 -3.13826e-19 -6.24397e-05 -6.24397e-05 -6.6584e-19 -3.13285e-05 -6.24397e-05 -3.13285e-05 -3.11655e-05
4.05 -2.0334e-20 -3.13827e-19 -6.24397e-05 -6.24397e-05 -6.6584e-19 -3.13285e-05 -6.24397e-05 -3.13285e-05 -3.11655e-05
4.055 -2.0334e-20 -3.13827e-19 -6.24397e-05 -6.24397e-05 -6.65839e-19 -3.13286e-05 -6.24397e-05 -3.13286e-05 -3.11655e-05
4.06 -2.03341e-20 -3.13827e-19 -6.24397e-05 -6.24397e-05 -6.65839e-19 -3.13286e-05 -6.24397e-05 -3.13286e-05 -3.11655e-05
4.065 -2.03342e-20 -3.13827e-19 -6.24397e-05 -6.24397e-05 -6.65839e-19 -3.13287e-05 -6.24397e-05 -3.13287e-05 -3.11654e-05
4.07 -2.03342e-20 -3.13828e-19 -6.24397e-05 -6.24397e-05 -6.65838e-19 -3.13287e-05 -6.24397e-05 -3.13287e-05 -3.11654e-05
4.075 -2.03343e-20 -3.13828e-19 -6.24397e-05 -6.24397e-05 -6.65838e-19 -3.13288e-05 -6.24397e-05 -3.13288e-05 -3.11654e-05
4.08 -2.03343e-20 -3.13828e-19 -6.24397e-05 -6.24397e-05 -6.65838e-19 -3.13288e-05 -6.24397e-05 -3.13288e-05 -3.11654e-05
4.085 -2.03344e-20 -3.13828e-19 -6.24397e-05 -6.24397e-05 -6.65837e-19 -3.13289e-05 -6.24397e-05 -3.13289e-05 -3.11654e-05
4.09 -2.03344e-20 -3.13829e-19 -6.24397e-05 -6.24397e-05 -6.65837e-19 -3.13289e-05 -6.24397e-05 -3.13289e-05 -3.11653e-05
4.095 -2.03345e-20 -3.13829e-19 -6.24397e-05 -6.24397e-05 -6.65837e-19 -3.1329e-05 -6.24397e-05 -3.1329e-05 -3.11653e-05
4.1 -2.03346e-20 -3.13829e-19 -6.24397e-05 -6.24397e-05 -6.65836e-19 -3.1329e-05 -6.24397e-05 -3.1329e-05 -3.11653e-05
4.105 -2.03346e-20 -3.13829e-19 -6.24397e-05 -6.24397e-05 -6.65836e-19 -3.13291e-05 -6.24397e-05 -3.13291e-05 -3.11653e-05
4.11 -2.03347e-20 -3.1383e-19 -6.24397e-05 -6.24397e-05 -6.65836e-19 -3.13291e-05 -6.24397e-05 -3.13291e-05 -3.11652e-05
4.115 -2.03347e-20 -3.1383e-19 -6.24397e-05 -6.24397e-05 -6.65836e-19 -3.13292e-05 -6.24397e-05 -3.13292e-05 -3.11652e-05
4.12 -2.03348e-20 -3.1383e-19 -6.24397e-05 -6.24397e-05 -6.65835e-19 -3.13292e-05 -6.24397e-05 -3.13292e-05 -3.11652e-05
4.125 -2.03348e-20 -3.1383e-19 -6.24397e-05 -6.24397e-05 -6.65835e-19 -3.13292e-05 -6.24397e-05 -3.13292e-05 -3.11652e-05
4.13 -2.03349e-20 -3.1383e-19 -6.24397e-05 -6.24397e-05 -6.65835e-19 -3.13293e-05 -6.24397e-05 -3.13293e-05 -3.11651e-05
4.135 -2.03349e-20 -3.13831e-19 -6.24397e-05 -6.24397e-05 -6.65834e-19 -3.13293e-05 -6.24397e-05 -3.13293e-05 -3.11651e-05
4.14 -2.0335e-20 -3.13831e-19 -6.24397e-05 -6.24397e-05 -6.65834e-19 -3.13294e-05 -6.24397e-05 -3.13294e-05 -3.11651e-05
4.145 -2.0335e-20 -3.13831e-19 -6.24397e-05 -6.24397e-05 -6.65834e-19 -3.13294e-05 -6.24397e-05 -3.13294e-05 -3.11651e-05
4.15 -2.03351e-20 -3.13831e-19 -6.24397e-05 -6.24397e-05 -6.65834e-19 -3.13295e-05 -6.24397e-05 -3.13295e-05 -3.11651e-05
4.155 -2.03352e-20 -3.13832e-19 -6.24397e-05 -6.24397e-05 -6.65833e-19 -3.13295e-05 -6.24397e-05 -3.13295e-05 -3.1165e-05
4.16 -2.03352e-20 -3.13832e-19 -6.24397e-05 -6.24397e-05 -6.65833e-19 -3.13295e-05 -6.24397e-05 -3.13295e-05 -3.1165e-05
4.165 -2.03353e-20 -3.13832e-19 -6.24397e-05 -6.24397e-05 -6.65833e-19 -3.13296e-05 -6.24397e-05 -3.13296e-05 -3.1165e-05
4.17 -2.03353e-20 -3.13832e-19 -6.24397e-05 -6.24397e-05 -6.65832e-19 -3.13296e-05 -6.24397e-05 -3.13296e-05 -3.1165e-05
4.175 -2.03354e-20 -3.13832e-19 -6.24397e-05 -6.24397e-05 -6.65832e-19 -3.13297e-05 -6.24397e-05 -3.13297e-05 -3.1165e-05
4.18 -2.03354e-20 -3.13833e-19 -6.24397e-05 -6.24397e-05 -6.65832e-19 -3.13297e-05 -6.24397e-05 -3.13297e-05 -3.11649e-05
4.185 -2.03355e-20 -3.13833e-19 -6.24397e-05 -6.24397e-05 -6.65832e-19 -3.13297e-05 -6.24397e-05 -3.13297e-05 -3.11649e-05
4.19 -2.03355e-20 -3.13833e-19 -6.24397e-05 -6.24397e-05 -6.65831e-19 -3.13298e-05 -6.24397e-05 -3.13298e-05 -3.11649e-05
4.195 -2.03355e-20 -3.13833e-19 -6.24397e-05 -6.24397e-05 -6.65831e-19 -3.13298e-05 -6.24397e-05 -3.13298e-05 -3.11649e-05
4.2 -2.03356e-20 -3.13833e-19 -6.24397e-05 -6.24397e-05 -6.65831e-19 -3.13299e-05 -6.24397e-05 -3.13299e-05 -3.11649e-05
4.205 -2.03356e-20 -3.13834e-19 -6.24397e-05 -6.24397e-05 -6.65831e-19 -3.13299e-05 -6.24397e-05 -3.13299e-05 -3.11648e-05
4.21 -2.03357e-20 -3.13834e-19 -6.24397e-05 -6.24397e-05 -6.6583e-19 -3.13299e-05 -6.24397e-05 -3.13299e-05 -3.11648e-05
4.215 -2.03357e-20 -3.13834e-19 -6.24397e-05 -6.24397e-05 -6.6583e-19 -3.133e-05 -6.24397e-05 -3.133e-05 -3.11648e-05
4.22 -2.03358e-20 -3.13834e-19 -6.24397e-05 -6.24397e-05 -6.6583e-19 -3.133e-05 -6.24397e-05 -3.133e-05 -3.11648e-05
4.225 -2.03358e-20 -3.13834e-19 -6.24397e-05 -6.24397e-05 -6.6583e-19 -3.13301e-05 -6.24397e-05 -3.13301e-05 -3.11648e-05
4.23 -2.03359e-20 -3.13835e-19 -6.24397e-05 -6.24397e-05 -6.65829e-19 -3.13301e-05 -6.24397e-05 -3.13301e-05 -3.11647e-05
4.235 -2.03359e-20 -3.13835e-19 -6.24397e-05 -6.24397e-05 -6.65829e-19 -3.13301e-05 -6.24397e-05 -3.13301e-05 -3.11647e-05
4.24 -2.0336e-20 -3.13835e-19 -6.24397e-05 -6.24397e-05 -6.65829e-19 -3.13302e-05 -6.24397e-05 -3.13302e-05 -3.11647e-05
4.245 -2.0336e-20 -3.13835e-19 -6.24397e-05 -6.24397e-05 -6.65829e-19 -3.13302e-05 -6.24397e-05 -3.13302e-05 -3.11647e-05
4.25 -2.0336e-20 -3.13835e-19 -6.24397e-05 -6.24397e-05 -6.65829e-19 -3.13302e-05 -6.24397e-05 -3.13302e-05 -3.11647e-05
4.255 -2.03361e-20 -3.13836e-19 -6.24397e-05 -6.24397e-05 -6.65828e-19 -3.13303e-05 -6.24397e-05 -3.13303e-05 -3.11647e-05
4.26 -2.03361e-20 -3.13836e-19 -6.24397e-05 -6.24397e-05 -6.65828e-19 -3.13303e-05 -6.24397e-05 -3.13303e-05 -3.11646e-05
4.265 -2.03362e-20 -3.13836e-19 -6.24397e-05 -6.24397e-05 -6.65828e-19 -3.13303e-05 -6.24397e-05 -3.13303e-05 -3.11646e-05
4.27 -2.03362e-20 -3.13836e-19 -6.24397e-05 -6.24397e-05 -6.65828e-19 -3.13304e-05 -6.24397e-05 -3.13304e-05 -3.11646e-05
4.275 -2.03363e-20 -3.13836e-19 -6.24397e-05 -6.24397e-05 -6.65827e-19 -3.13304e-05 -6.24397e-05 -3.13304e-05 -3.11646e-05
4.28 -2.03363e-20 -3.13837e-19 -6.24397e-05 -6.24397e-05 -6.65827e-19 -3.13304e-05 -6.24397e-05 -3.13304e-05 -3.11646e-05
4.285 -2.03363e-20 -3.13837e-19 -6.24397e-05 -6.24397e-05 -6.65827e-19 -3.13305e-05 -6.24397e-05 -3.13305e-05 -3.11646e-05
4.29 -2.03364e-20 -3.13837e-19 -6.24397e-05 -6.24397e-05 -6.65827e-19 -3.13305e-05 -6.24397e-05 -3.13305e-05 -3.11645e-05
4.295 -2.03364e-20 -3.13837e-19 -6.24397e-05 -6.24397e-05 -6.65827e-19 -3.13305e-05 -6.24397e-05 -3.13305e-05 -3.11645e-05
4.3 -2.03365e-20 -3.13837e-19 -6.24397e-05 -6.24397e-05 -6.65826e-19 -3.13306e-05 -6.24397e-05 -3.13306e-05 -3.11645e-05
4.305 -2.03365e-20 -3.13837e-19 -6.24397e-05 -6.24397e-05 -6.65826e-19 -3.13306e-05 -6.24397e-05 -3.13306e-05 -3.11645e-05
4.31 -2.03365e-20 -3.13838e-19 -6.24397e-05 -6.24397e-05 -6.65826e-19 -3.13306e-05 -6.24397e-05 -3.13306e-05 -3.11645e-05
4.315 -2.03366e-20 -3.13838e-19 -6.24397e-05 -6.24397e-05 -6.65826e-19 -3.13307e-05 -6.24397e-05 -3.13307e-05 -3.11645e-05
4.32 -2.03366e-20 -3.13838e-19 -6.24397e-05 -6.24397e-05 -6.65825e-19 -3.13307e-05 -6.24397e-05 -3.13307e-05 -3.11644e-05
4.325 -2.03367e-20 -3.13838e-19 -6.24397e-05 -6.24397e-05 -6.65825e-19 -3.13307e-05 -6.24397e-05 -3.13307e-05 -3.11644e-05
4.33 -2.03367e-20 -3.13838e-19 -6.24397e-05 -6.24397e-05 -6.65825e-19 -3.13308e-05 -6.24397e-05 -3.13308e-05 -3.11644e-05
4.335 -2.03367e-20 -3.13838e-19 -6.24397e-05 -6.24397e-05 -6.65825e-19 -3.13308e-05 -6.24397e-05 -3.13308e-05 -3.11644e-05
4.34 -2.03368e-20 -3.13839e-19 -6.24397e-05 -6.24397e-05 -6.65825e-19 -3.13308e-05 -6.24397e-05 -3.13308e-05 -3.11644e-05
4.345 -2.03368e-20 -3.13839e-19 -6.24397e-05 -6.24397e-05 -6.65824e-19 -3.13309e-05 -6.24397e-05 -3.13309e-05 -3.11644e-05
4.35 -2.03368e-20 -3.13839e-19 -6.24397e-05 -6.24397e-05 -6.65824e-19 -3.13309e-05 -6.24397e-05 -3.13309e-05 -3.11644e-05
4.355 -2.03369e-20 -3.13839e-19 -6.24397e-05 -6.24397e-05 -6.65824e-19 -3.13309e-05 -6.24397e-05 -3.13309e-05 -3.11643e-05
4.36 -2.03369e-20 -3.13839e-19 -6.24397e-05 -6.24397e-05 -6.65824e-19 -3.13309e-05 -6.24397e-05 -3.13309e-05 -3.11643e-05
4.365 -2.0337e-20 -3.13839e-19 -6.24397e-05 -6.24397e-05 -6.65824e-19 -3.1331e-05 -6.24397e-05 -3.1331e-05 -3.11643e-05
4.37 -2.0337e-20 -3.13839e-19 -6.24397e-05 -6.24397e-05 -6.65824e-19 -3.1331e-05 -6.24397e-05 -3.1331e-05 -3.11643e-05
4.375 -2.0337e-20 -3.1384e-19 -6.24397e-05 -6.24397e-05 -6.65823e-19 -3.1331e-05 -6.24397e-05 -3.1331e-05 -3.11643e-05
4.38 -2.03371e-20 -3.1384e-19 -6.24397e-05 -6.24397e-05 -6.65823e-19 -3.13311e-05 -6.24397e-05 -3.13311e-05 -3.11643e-05
4.385 -2.03371e-20 -3.1384e-19 -6.24397e-05 -6.24397e-05 -6.65823e-19 -3.13311e-05 -6.24397e-05 -3.13311e-05 -3.11643e-05
4.39 -2.03371e-20 -3.1384e-19 -6.24397e-05 -6.24397e-05 -6.65823e-19 -3.13311e-05 -6.24397e-05 -3.13311e-05 -3.11642e-05
4.395 -2.03372e-20 -3.1384e-19 -6.24397e-05 -6.24397e-05 -6.65823e-19 -3.13311e-05 -6.24397e-05 -3.13311e-05 -3.11642e-05
4.4 -2.03372e-20 -3.1384e-19 -6.24397e-05 -6.24397e-05 -6.65822e-19 -3.13312e-05 -6.24397e-05 -3.13312e-05 -3.11642e-05
4.405 -2.03372e-20 -3.13841e-19 -6.24397e-05 -6.24397e-05 -6.65822e-19 -3.13312e-05 -6.24397e-05 -3.13312e-05 -3.11642e-05
4.41 -2.03373e-20 -3.13841e-19 -6.24397e-05 -6.24397e-05 -6.65822e-19 -3.13312e-05 -6.24397e-05 -3.13312e-05 -3.11642e-05
4.415 -2.03373e-20 -3.13841e-19 -6.24397e-05 -6.24397e-05 -6.65822e-19 -3.13312e-05 -6.24397e-05 -3.13312e-05 -3.11642e-05
4.42 -2.03373e-20 -3.13841e-19 -6.24397e-05 -6.24397e-05 -6.65822e-19 -3.13313e-05 -6.24397e-05 -3.13313e-05 -3.11642e-05
4.425 -2.03374e-20 -3.13841e-19 -6.24397e-05 -6.24397e-05 -6.65822e-19 -3.13313e-05 -6.24397e-05 -3.13313e-05 -3.11641e-05
4.43 -2.03374e-20 -3.13841e-19 -6.24397e-05 -6.24397e-05 -6.65821e-19 -3.13313e-05 -6.24397e-05 -3.13313e-05 -3.11641e-05
4.435 -2.03374e-20 -3.13841e-19 -6.24397e-05 -6.24397e-05 -6.65821e-19 -3.13314e-05 -6.24397e-05 -3.13314e-05 -3.11641e-05
4.44 -2.03375e-20 -3.13841e-19 -6.24397e-05 -6.24397e-05 -6.65821e-19 -3.13314e-05 -6.24397e-05 -3.13314e-05 -3.11641e-05
4.445 -2.03375e-20 -3.13842e-19 -6.24397e-05 -6.24397e-05 -6.65821e-19 -3.13314e-05 -6.24397e-05 -3.13314e-05 -3.11641e-05
4.45 -2.03375e-20 -3.13842e-19 -6.24397e-05 -6.24397e-05 -6.65821e-19 -3.13314e-05 -6.24397e-05 -3.13314e-05 -3.11641e-05
4.455 -2.03375e-20 -3.13842e-19 -6.24397e-05 -6.24397e-05 -6.65821e-19 -3.13315e-05 -6.24397e-05 -3.13315e-05 -3.11641e-05
4.46 -2.03376e-20 -3.13842e-19 -6.24397e-05 -6.24397e-05 -6.6582e-19 -3.13315e-05 -6.24397e-05 -3.13315e-05 -3.11641e-05
4.465 -2.03376e-20 -3.13842e-19 -6.24397e-05 -6.24397e-05 -6.6582e-19 -3.13315e-05 -6.24397e-05 -3.13315e-05 -3.1164e-05
4.47 -2.03376e-20 -3.13842e-19 -6.24397e-05 -6.24397e-05 -6.6582e-19 -3.13315e-05 -6.24397e-05 -3.13315e-05 -3.1164e-05
4.475 -2.03377e-20 -3.13842e-19 -6.24397e-05 -6.24397e-05 -6.6582e-19 -3.13316e-05 -6.24397e-05 -3.13316e-05 -3.1164e-05
4.48 -2.03377e-20 -3.13843e-19 -6.24397e-05 -6.24397e-05 -6.6582e-19 -3.13316e-05 -6.24397e-05 -3.13316e-05 -3.1164e-05
4.485 -2.03377e-20 -3.13843e-19 -6.24397e-05 -6.24397e-05 -6.6582e-19 -3.13316e-05 -6.24397e-05 -3.13316e-05 -3.1164e-05
4.49 -2.03378e-20 -3.13843e-19 -6.24397e-05 -6.24397e-05 -6.65819e-19 -3.13316e-05 -6.24397e-05 -3.13316e-05 -3.1164e-05
4.495 -2.03378e-20 -3.13843e-19 -6.24397e-05 -6.24397e-05 -6.65819e-19 -3.13316e-05 -6.24397e-05 -3.13316e-05 -3.1164e-05
4.5 -2.03378e-20 -3.13843e-19 -6.24397e-05 -6.24397e-05 -6.65819e-19 -3.13317e-05 -6.24397e-05 -3.13317e-05 -3.1164e-05
4.505 -2.03378e-20 -3.13843e-19 -6.24397e-05 -6.24397e-05 -6.65819e-19 -3.13317e-05 -6.24397e-05 -3.13317e-05 -3.11639e-05
4.51 -2.03379e-20 -3.13843e-19 -6.24397e-05 -6.24397e-05 -6.65819e-19 -3.13317e-05 -6.24397e-05 -3.13317e-05 -3.11639e-05
4.515 -2.03379e-20 -3.13843e-19 -6.24397e-05 -6.24397e-05 -6.65819e-19 -3.13317e-05 -6.24397e-05 -3.13317e-05 -3.11639e-05
4.52 -2.03379e-20 -3.13843e-19 -6.24397e-05 -6.24397e-05 -6.65819e-19 -3.13318e-05 -6.24397e-05 -3.13318e-05 -3.11639e-05
4.525 -2.0338e-20 -3.13844e-19 -6.24397e-05 -6.24397e-05 -6.65818e-19 -3.13318e-05 -6.24397e-05 -3.13318e-05 -3.11639e-05
4.53 -2.0338e-20 -3.13844e-19 -6.24397e-05 -6.24397e-05 -6.65818e-19 -3.13318e-05 -6.24397e-05 -3.13318e-05 -3.11639e-05
4.535 -2.0338e-20 -3.13844e-19 -6.24397e-05 -6.24397e-05 -6.65818e-19 -3.13318e-05 -6.24397e-05 -3.13318e-05 -3.11639e-05
4.54 -2.0338e-20 -3.13844e-19 -6.24397e-05 -6.24397e-05 -6.65818e-19 -3.13318e-05 -6.24397e-05 -3.13318e-05 -3.11639e-05
4.545 -2.03381e-20 -3.13844e-19 -6.24397e-05 -6.24397e-05 -6.65818e-19 -3.13319e-05 -6.24397e-05 -3.13319e-05 -3.11639e-05
4.55 -2.03381e-20 -3.13844e-19 -6.24397e-05 -6.24397e-05 -6.65818e-19 -3.13319e-05 -6.24397e-05 -3.13319e-05 -3.11638e-05
4.555 -2.03381e-20 -3.13844e-19 -6.24397e-05 -6.24397e-05 -6.65818e-19 -3.13319e-05 -6.24397e-05 -3.13319e-05 -3.11638e-05
4.56 -2.03381e-20 -3.13844e-19 -6.24397e-05 -6.24397e-05 -6.65817e-19 -3.13319e-05 -6.24397e-05 -3.13319e-05 -3.11638e-05
4.565 -2.03382e-20 -3.13844e-19 -6.24397e-05 -6.24397e-05 -6.65817e-19 -3.1332e-05 -6.24397e-05 -3.1332e-05 -3.11638e-05
4.57 -2.03382e-20 -3.13845e-19 -6.24397e-05 -6.24397e-05 -6.65817e-19 -3.1332e-05 -6.24397e-05 -3.1332e-05 -3.11638e-05
4.575 -2.03382e-20 -3.13845e-19 -6.24397e-05 -6.24397e-05 -6.65817e-19 -3.1332e-05 -6.24397e-05 -3.1332e-05 -3.11638e-05
4.58 -2.03382e-20 -3.13845e-19 -6.24397e-05 -6.24397e-05 -6.65817e-19 -3.1332e-05 -6.24397e-05 -3.1332e-05 -3.11638e-05
4.585 -2.03383e-20 -3.13845e-19 -6.24397e-05 -6.24397e-05 -6.65817e-19 -3.1332e-05 -6.24397e-05 -3.1332e-05 -3.11638e-05
4.59 -2.03383e-20 -3.13845e-19 -6.24397e-05 -6.24397e-05 -6.65817e-19 -3.13321e-05 -6.24397e-05 -3.13321e-05 -3.11638e-05
4.595 -2.03383e-20 -3.13845e-19 -6.24397e-05 -6.24397e-05 -6.65817e-19 -3.13321e-05 -6.24397e-05 -3.13321e-05 -3.11638e-05
4.6 -2.03383e-20 -3.13845e-19 -6.24397e-05 -6.24397e-05 -6.65816e-19 -3.13321e-05 -6.24397e-05 -3.13321e-05 -3.11637e-05
4.605 -2.03384e-20 -3.13845e-19 -6.24397e-05 -6.24397e-05 -6.65816e-19 -3.13321e-05 -6.24397e-05 -3.13321e-05 -3.11637e-05
4.61 -2.03384e-20 -3.13845e-19 -6.24397e-05 -6.24397e-05 -6.65816e-19 -3.13321e-05 -6.24397e-05 -3.13321e-05 -3.11637e-05
4.615 -2.03384e-20 -3.13846e-19 -6.24397e-05 -6.24397e-05 -6.65816e-19 -3.13321e-05 -6.24397e-05 -3.13321e-05 -3.11637e-05
4.62 -2.03384e-20 -3.13846e-19 -6.24397e-05 -6.24397e-05 -6.65816e-19 -3.13322e-05 -6.24397e-05 -3.13322e-05 -3.11637e-05
4.625 -2.03385e-20 -3.13846e-19 -6.24397e-05 -6.24397e-05 -6.65816e-19 -3.13322e-05 -6.24397e-05 -3.13322e-05 -3.11637e-05
4.63 -2.03385e-20 -3.13846e-19 -6.24397e-05 -6.24397e-05 -6.65816e-19 -3.13322e-05 -6.24397e-05 -3.13322e-05 -3.11637e-05
4.635 -2.03385e-20 -3.13846e-19 -6.24397e-05 -6.24397e-05 -6.65816e-19 -3.13322e-05 -6.24397e-05 -3.13322e-05 -3.11637e-05
4.64 -2.03385e-20 -3.13846e-19 -6.24397e-05 -6.24397e-05 -6.65815e-19 -3.13322e-05 -6.24397e-05 -3.13322e-05 -3.11637e-05
4.645 -2.03385e-20 -3.13846e-19 -6.24397e-05 -6.24397e-05 -6.65815e-19 -3.13323e-05 -6.24397e-05 -3.13323e-05 -3.11637e-05
4.65 -2.03386e-20 -3.13846e-19 -6.24397e-05 -6.24397e-05 -6.65815e-19 -3.13323e-05 -6.24397e-05 -3.13323e-05 -3.11637e-05
4.655 -2.03386e-20 -3.13846e-19 -6.24397e-05 -6.24397e-05 -6.65815e-19 -3.13323e-05 -6.24397e-05 -3.13323e-05 -3.11636e-05
4.66 -2.03386e-20 -3.13846e-19 -6.24397e-05 -6.24397e-05 -6.65815e-19 -3.13323e-05 -6.24397e-05 -3.13323e-05 -3.11636e-05
4.665 -2.03386e-20 -3.13846e-19 -6.24397e-05 -6.24397e-05 -6.65815e-19 -3.13323e-05 -6.24397e-05 -3.13323e-05 -3.11636e-05
4.67 -2.03386e-20 -3.13847e-19 -6.24397e-05 -6.24397e-05 -6.65815e-19 -3.13323e-05 -6.24397e-05 -3.13323e-05 -3.11636e-05
4.675 -2.03387e-20 -3.13847e-19 -6.24397e-05 -6.24397e-05 -6.65815e-19 -3.13324e-05 -6.24397e-05 -3.13324e-05 -3.11636e-05
4.68 -2.03387e-20 -3.13847e-19 -6.24397e-05 -6.24397e-05 -6.65815e-19 -3.13324e-05 -6.24397e-05 -3.13324e-05 -3.11636e-05
4.685 -2.03387e-20 -3.13847e-19 -6.24397e-05 -6.24397e-05 -6.65814e-19 -3.13324e-05 -6.24397e-05 -3.13324e-05 -3.11636e-05
4.69 -2.03387e-20 -3.13847e-19 -6.24397e-05 -6.24397e-05 -6.65814e-19 -3.13324e-05 -6.24397e-05 -3.13324e-05 -3.11636e-05
4.695 -2.03388e-20 -3.13847e-19 -6.24397e-05 -6.24397e-05 -6.65814e-19 -3.13324e-05 -6.24397e-05 -3.13324e-05 -3.11636e-05
4.7 -2.03388e-20 -3.13847e-19 -6.24397e-05 -6.24397e-05 -6.65814e-19 -3.13324e-05 -6.24397e-05 -3.13324e-05 -3.11636e-05
4.705 -2.03388e-20 -3.13847e-19 -6.24397e-05 -6.24397e-05 -6.65814e-19 -3.13325e-05 -6.24397e-05 -3.13325e-05 -3.11636e-05
4.71 -2.03388e-20 -3.13847e-19 -6.24397e-05 -6.24397e-05 -6.65814e-19 -3.13325e-05 -6.24397e-05 -3.13325e-05 -3.11636e-05
4.715 -2.03388e-20 -3.13847e-19 -6.24397e-05 -6.24397e-05 -6.65814e-19 -3.13325e-05 -6.24397e-05 -3.13325e-05 -3.11635e-05
4.72 -2.03388e-20 -3.13847e-19 -6.24397e-05 -6.24397e-05 -6.65814e-19 -3.13325e-05 -6.24397e-05 -3.13325e-05 -3.11635e-05
4.725 -2.03389e-20 -3.13848e-19 -6.24397e-05 -6.24397e-05 -6.65814e-19 -3.13325e-05 -6.24397e-05 -3.13325e-05 -3.11635e-05
4.73 -2.03389e-20 -3.13848e-19 -6.24397e-05 -6.24397e-05 -6.65814e-19 -3.13325e-05 -6.24397e-05 -3.13325e-05 -3.11635e-05
4.735 -2.03389e-20 -3.13848e-19 -6.24397e-05 -6.24397e-05 -6.65813e-19 -3.13326e-05 -6.24397e-05 -3.13326e-05 -3.11635e-05
4.74 -2.03389e-20 -3.13848e-19 -6.24397e-05 -6.24397e-05 -6.65813e-19 -3.13326e-05 -6.24397e-05 -3.13326e-05 -3.11635e-05
4.745 -2.03389e-20 -3.13848e-19 -6.24397e-05 -6.24397e-05 -6.65813e-19 -3.13326e-05 -6.24397e-05 -3.13326e-05 -3.11635e-05
4.75 -2.0339e-20 -3.13848e-19 -6.24397e-05 -6.24397e-05 -6.65813e-19 -3.13326e-05 -6.24397e-05 -3.13326e-05 -3.11635e-05
4.755 -2.0339e-20 -3.13848e-19 -6.24397e-05 -6.24397e-05 -6.65813e-19 -3.13326e-05 -6.24397e-05 -3.13326e-05 -3.11635e-05
4.76 -2.0339e-20 -3.13848e-19 -6.24397e-05 -6.24397e-05 -6.65813e-19 -3.13326e-05 -6.24397e-05 -3.13326e-05 -3.11635e-05
4.765 -2.0339e-20 -3.13848e-19 -6.24397e-05 -6.24397e-05 -6.65813e-19 -3.13326e-05 -6.24397e-05 -3.13326e-05 -3.11635e-05
4.77 -2.0339e-20 -3.13848e-19 -6.24397e-05 -6.24397e-05 -6.65813e-19 -3.13327e-05 -6.24397e-05 -3.13327e-05 -3.11635e-05
4.775 -2.03391e-20 -3.13848e-19 -6.24397e-05 -6.24397e-05 -6.65813e-19 -3.13327e-05 -6.24397e-05 -3.13327e-05 -3.11635e-05
4.78 -2.03391e-20 -3.13848e-19 -6.24397e-05 -6.24397e-05 -6.65813e-19 -3.13327e-05 -6.24397e-05 -3.13327e-05 -3.11634e-05
4.785 -2.03391e-20 -3.13848e-19 -6.24397e-05 -6.24397e-05 -6.65812e-19 -3.13327e-05 -6.24397e-05 -3.13327e-05 -3.11634e-05
4.79 -2.03391e-20 -3.13849e-19 -6.24397e-05 -6.24397e-05 -6.65812e-19 -3.13327e-05 -6.24397e-05 -3.13327e-05 -3.11634e-05
4.795 -2.03391e-20 -3.13849e-19 -6.24397e-05 -6.24397e-05 -6.65812e-19 -3.13327e-05 -6.24397e-05 -3.13327e-05 -3.11634e-05
4.8 -2.03391e-20 -3.13849e-19 -6.24397e-05 -6.24397e-05 -6.65812e-19 -3.13327e-05 -6.24397e-05 -3.13327e-05 -3.11634e-05
4.805 -2.03392e-20 -3.13849e-19 -6.24397e-05 -6.24397e-05 -6.65812e-19 -3.13328e-05 -6.24397e-05 -3.13328e-05 -3.11634e-05
4.81 -2.03392e-20 -3.13849e-19 -6.24397e-05 -6.24397e-05 -6.65812e-19 -3.13328e-05 -6.24397e-05 -3.13328e-05 -3.11634e-05
4.815 -2.03392e-20 -3.13849e-19 -6.24397e-05 -6.24397e-05 -6.65812e-19 -3.13328e-05 -6.24397e-05 -3.13328e-05 -3.11634e-05
4.82 -2.03392e-20 -3.13849e-19 -6.24397e-05 -6.24397e-05 -6.65812e-19 -3.13328e-05 -6.24397e-05 -3.13328e-05 -3.11634e-05
4.825 -2.03392e-20 -3.13849e-19 -6.24397e-05 -6.24397e-05 -6.65812e-19 -3.13328e-05 -6.24397e-05 -3.13328e-05 -3.11634e-05
4.83 -2.03392e-20 -3.13849e-19 -6.24397e-05 -6.24397e-05 -6.65812e-19 -3.13328e-05 -6.24397e-05 -3.13328e-05 -3.11634e-05
4.835 -2.03393e-20 -3.13849e-19 -6.24397e-05 -6.24397e-05 -6.65812e-19 -3.13328e-05 -6.24397e-05 -3.13328e-05 -3.11634e-05
4.84 -2.03393e-20 -3.13849e-19 -6.24397e-05 -6.24397e-05 -6.65811e-19 -3.13329e-05 -6.24397e-05 -3.13329e-05 -3.11634e-05
4.845 -2.03393e-20 -3.13849e-19 -6.24397e-05 -6.24397e-05 -6.65811e-19 -3.13329e-05 -6.24397e-05 -3.13329e-05 -3.11634e-05
4.85 -2.03393e-20 -3.13849e-19 -6.24397e-05 -6.24397e-05 -6.65811e-19 -3.13329e-05 -6.24397e-05 -3.13329e-05 -3.11634e-05
4.855 -2.03393e-20 -3.13849e-19 -6.24397e-05 -6.24397e-05 -6.65811e-19 -3.13329e-05 -6.24397e-05 -3.13329e-05 -3.11633e-05
4.86 -2.03393e-20 -3.13849e-19 -6.24397e-05 -6.24397e-05 -6.65811e-19 -3.13329e-05 -6.24397e-05 -3.13329e-05 -3.11633e-05
4.865 -2.03393e-20 -3.1385e-19 -6.24397e-05 -6.24397e-05 -6.65811e-19 -3.13329e-05 -6.24397e-05 -3.13329e-05 -3.11633e-05
4.87 -2.03394e-20 -3.1385e-19 -6.24397e-05 -6.24397e-05 -6.65811e-19 -3.13329e-05 -6.24397e-05 -3.13329e-05 -3.11633e-05
4.875 -2.03394e-20 -3.1385e-19 -6.24397e-05 -6.24397e-05 -6.65811e-19 -3.13329e-05 -6.24397e-05 -3.13329e-05 -3.11633e-05
4.88 -2.03394e-20 -3.1385e-19 -6.24397e-05 -6.24397e-05 -6.65811e-19 -3.13329e-05 -6.24397e-05 -3.13329e-05 -3.11633e-05
4.885 -2.03394e-20 -3.1385e-19 -6.24397e-05 -6.24397e-05 -6.65811e-19 -3.1333e-05 -6.24397e-05 -3.1333e-05 -3.11633e-05
4.89 -2.03394e-20 -3.1385e-19 -6.24397e-05 -6.24397e-05 -6.65811e-19 -3.1333e-05 -6.24397e-05 -3.1333e-05 -3.11633e-05
4.895 -2.03394e-20 -3.1385e-19 -6.24397e-05 -6.24397e-05 -6.65811e-19 -3.1333e-05 -6.24397e-05 -3.1333e-05 -3.11633e-05
4.9 -2.03394e-20 -3.1385e-19 -6.24397e-05 -6.24397e-05 -6.65811e-19 -3.1333e-05 -6.24397e-05 -3.1333e-05 -3.11633e-05
4.905 -2.03395e-20 -3.1385e-19 -6.24397e-05 -6.24397e-05 -6.6581e-19 -3.1333e-05 -6.24397e-05 -3.1333e-05 -3.11633e-05
4.91 -2.03395e-20 -3.1385e-19 -6.24397e-05 -6.24397e-05 -6.6581e-19 -3.1333e-05 -6.24397e-05 -3.1333e-05 -3.11633e-05
4.915 -2.03395e-20 -3.1385e-19 -6.24397e-05 -6.24397e-05 -6.6581e-19 -3.1333e-05 -6.24397e-05 -3.1333e-05 -3.11633e-05
4.92 -2.03395e-20 -3.1385e-19 -6.24397e-05 -6.24397e-05 -6.6581e-19 -3.1333e-05 -6.24397e-05 -3.1333e-05 -3.11633e-05
4.925 -2.03395e-20 -3.1385e-19 -6.24397e-05 -6.24397e-05 -6.6581e-19 -3.13331e-05 -6.24397e-05 -3.13331e-05 -3.11633e-05
4.93 -2.03395e-20 -3.1385e-19 -6.24397e-05 -6.24397e-05 -6.6581e-19 -3.13331e-05 -6.24397e-05 -3.13331e-05 -3.11633e-05
4.935 -2.03395e-20 -3.1385e-19 -6.24397e-05 -6.24397e-05 -6.6581e-19 -3.13331e-05 -6.24397e-05 -3.13331e-05 -3.11633e-05
4.94 -2.03396e-20 -3.1385e-19 -6.24397e-05 -6.24397e-05 -6.6581e-19 -3.13331e-05 -6.24397e-05 -3.13331e-05 -3.11632e-05
4.945 -2.03396e-20 -3.13851e-19 -6.24397e-05 -6.24397e-05 -6.6581e-19 -3.13331e-05 -6.24397e-05 -3.13331e-05 -3.11632e-05
4.95 -2.03396e-20 -3.13851e-19 -6.24397e-05 -6.24397e-05 -6.6581e-19 -3.13331e-05 -6.24397e-05 -3.13331e-05 -3.11632e-05
4.955 -2.03396e-20 -3.13851e-19 -6.24397e-05 -6.24397e-05 -6.6581e-19 -3.13331e-05 -6.24397e-05 -3.13331e-05 -3.11632e-05
4.96 -2.03396e-20 -3.13851e-19 -6.24397e-05 -6.24397e-05 -6.6581e-19 -3.13331e-05 -6.24397e-05 -3.13331e-05 -3.11632e-05
4.965 -2.03396e-20 -3.13851e-19 -6.24397e-05 -6.24397e-05 -6.6581e-19 -3.13331e-05 -6.24397e-05 -3.13331e-05 -3.11632e-05
4.97 -2.03396e-20 -3.13851e-19 -6.24397e-05 -6.24397e-05 -6.6581e-19 -3.13331e-05 -6.24397e-05 -3.13331e-05 -3.11632e-05
4.975 -2.03396e-20 -3.13851e-19 -6.24397e-05 -6.24397e-05 -6.65809e-19 -3.13332e-05 -6.24397e-05 -3.13332e-05 -3.11632e-05
4.98 -2.03397e-20 -3.13851e-19 -6.24397e-05 -6.24397e-05 -6.65809e-19 -3.13332e-05 -6.24397e-05 -3.13332e-05 -3.11632e-05
4.985 -2.03397e-20 -3.13851e-19 -6.24397e-05 -6.24397e-05 -6.65809e-19 -3.13332e-05 -6.24397e-05 -3.13332e-05 -3.11632e-05
4.99 -2.03397e-20 -3.13851e-19 -6.24397e-05 -6.24397e-05 -6.65809e-19 -3.13332e-05 -6.24397e-05 -3.13332e-05 -3.11632e-05
4.995 -2.03397e-20 -3.13851e-19 -6.24397e-05 -6.24397e-05 -6.65809e-19 -3.13332e-05 -6.24397e-05 -3.13332e-05 -3.11632e-05
5 -2.03397e-20 -3.13851e-19 -6.24397e-05 -6.24397e-05 -6.65809e-19 -3.13332e-05 -6.24397e-05 -3.13332e-05 -3.11632e-05
5.005 -2.03397e-20 -3.13851e-19 -6.24397e-05 -6.24397e-05 -6.65809e-19 -3.13332e-05 -6.24397e-05 -3.13332e-05 -3.11632e-05
5.01 -2.03397e-20 -3.13851e-19 -6.24397e-05 -6.24397e-05 -6.65809e-19 -3.13332e-05 -6.24397e-05 -3.13332e-05 -3.11632e-05
5.015 -2.03397e-20 -3.13851e-19 -6.24397e-05 -6.24397e-05 -6.65809e-19 -3.13332e-05 -6.24397e-05 -3.13332e-05 -3.11632e-05
5.02 -2.03398e-20 -3.13851e-19 -6.24397e-05 -6.24397e-05 -6.65809e-19 -3.13332e-05 -6.24397e-05 -3.13332e-05 -3.11632e-05
5.025 -2.03398e-20 -3.13851e-19 -6.24397e-05 -6.24397e-05 -6.65809e-19 -3.13333e-05 -6.24397e-05 -3.13333e-05 -3.11632e-05
5.03 -2.03398e-20 -3.13851e-19 -6.24397e-05 -6.24397e-05 -6.65809e-19 -3.13333e-05 -6.24397e-05 -3.13333e-05 -3.11632e-05
5.035 -2.03398e-20 -3.13851e-19 -6.24397e-05 -6.24397e-05 -6.65809e-19 -3.13333e-05 -6.24397e-05 -3.13333e-05 -3.11632e-05
5.04 -2.03398e-20 -3.13852e-19 -6.24397e-05 -6.24397e-05 -6.65809e-19 -3.13333e-05 -6.24397e-05 -3.13333e-05 -3.11632e-05
5.045 -2.03398e-20 -3.13852e-19 -6.24397e-05 -6.24397e-05 -6.65809e-19 -3.13333e-05 -6.24397e-05 -3.13333e-05 -3.11631e-05
5.05 -2.03398e-20 -3.13852e-19 -6.24397e-05 -6.24397e-05 -6.65809e-19 -3.13333e-05 -6.24397e-05 -3.13333e-05 -3.11631e-05
5.055 -2.03398e-20 -3.13852e-19 -6.24397e-05 -6.24397e-05 -6.65809e-19 -3.13333e-05 -6.24397e-05 -3.13333e-05 -3.11631e-05
5.06 -2.03398e-20 -3.13852e-19 -6.24397e-05 -6.24397e-05 -6.65808e-19 -3.13333e-05 -6.24397e-05 -3.13333e-05 -3.11631e-05
5.065 -2.03399e-20 -3.13852e-19 -6.24397e-05 -6.24397e-05 -6.65808e-19 -3.13333e-05 -6.24397e-05 -3.13333e-05 -3.11631e-05
5.07 -2.03399e-20 -3.13852e-19 -6.24397e-05 -6.24397e-05 -6.65808e-19 -3.13333e-05 -6.24397e-05 -3.13333e-05 -3.11631e-05
5.075 -2.03399e-20 -3.13852e-19 -6.24397e-05 -6.24397e-05 -6.65808e-19 -3.13333e-05 -6.24397e-05 -3.13333e-05 -3.11631e-05
5.08 -2.03399e-20 -3.13852e-19 -6.24397e-05 -6.24397e-05 -6.65808e-19 -3.13334e-05 -6.24397e-05 -3.13334e-05 -3.11631e-05
5.085 -2.03399e-20 -3.13852e-19 -6.24397e-05 -6.24397e-05 -6.65808e-19 -3.13334e-05 -6.24397e-05 -3.13334e-05 -3.11631e-05
5.09 -2.03399e-20 -3.13852e-19 -6.24397e-05 -6.24397e-05 -6.65808e-19 -3.13334e-05 -6.24397e-05 -3.13334e-05 -3.11631e-05
5.095 -2.03399e-20 -3.13852e-19 -6.24397e-05 -6.24397e-05 -6.65808e-19 -3.13334e-05 -6.24397e-05 -3.13334e-05 -3.11631e-05
5.1 -2.03399e-20 -3.13852e-19 -6.24397e-05 -6.24397e-05 -6.65808e-19 -3.13334e-05 -6.24397e-05 -3.13334e-05 -3.11631e-05
5.105 -2.03399e-20 -3.13852e-19 -6.24397e-05 -6.24397e-05 -6.65808e-19 -3.13334e-05 -6.24397e-05 -3.13334e-05 -3.11631e-05
5.11 -2.03399e-20 -3.13852e-19 -6.24397e-05 -6.24397e-05 -6.65808e-19 -3.13334e-05 -6.24397e-05 -3.13334e-05 -3.11631e-05
5.115 -2.034e-20 -3.13852e-19 -6.24397e-05 -6.24397e-05 -6.65808e-19 -3.13334e-05 -6.24397e-05 -3.13334e-05 -3.11631e-05
5.12 -2.034e-20 -3.13852e-19 -6.24397e-05 -6.24397e-05 -6.65808e-19 -3.13334e-05 -6.24397e-05 -3.13334e-05 -3.11631e-05
5.125 -2.034e-20 -3.13852e-19 -6.24397e-05 -6.24397e-05 -6.65808e-19 -3.13334e-05 -6.24397e-05 -3.13334e-05 -3.11631e-05
5.13 -2.034e-20 -3.13852e-19 -6.24397e-05 -6.24397e-05 -6.65808e-19 -3.13334e-05 -6.24397e-05 -3.13334e-05 -3.11631e-05
5.135 -2.034e-20 -3.13852e-19 -6.24397e-05 -6.24397e-05 -6.65808e-19 -3.13334e-05 -6.24397e-05 -3.13334e-05 -3.11631e-05
5.14 -2.034e-20 -3.13852e-19 -6.24397e-05 -6.24397e-05 -6.65808e-19 -3.13334e-05 -6.24397e-05 -3.13334e-05 -3.11631e-05
5.145 -2.034e-20 -3.13852e-19 -6.24397e-05 -6.24397e-05 -6.65808e-19 -3.13335e-05 -6.24397e-05 -3.13335e-05 -3.11631e-05
5.15 -2.034e-20 -3.13852e-19 -6.24397e-05 -6.24397e-05 -6.65808e-19 -3.13335e-05 -6.24397e-05 -3.13335e-05 -3.11631e-05
5.155 -2.034e-20 -3.13853e-19 -6.24397e-05 -6.24397e-05 -6.65807e-19 -3.13335e-05 -6.24397e-05 -3.13335e-05 -3.11631e-05
5.16 -2.034e-20 -3.13853e-19 -6.24397e-05 -6.24397e-05 -6.65807e-19 -3.13335e-05 -6.24397e-05 -3.13335e-05 -3.11631e-05
5.165 -2.03401e-20 -3.13853e-19 -6.24397e-05 -6.24397e-05 -6.65807e-19 -3.13335e-05 -6.24397e-05 -3.13335e-05 -3.1163e-05
5.17 -2.03401e-20 -3.13853e-19 -6.24397e-05 -6.24397e-05 -6.65807e-19 -3.13335e-05 -6.24397e-05 -3.13335e-05 -3.1163e-05
5.175 -2.03401e-20 -3.13853e-19 -6.24397e-05 -6.24397e-05 -6.65807e-19 -3.13335e-05 -6.24397e-05 -3.13335e-05 -3.1163e-05
5.18 -2.03401e-20 -3.13853e-19 -6.24397e-05 -6.24397e-05 -6.65807e-19 -3.13335e-05 -6.24397e-05 -3.13335e-05 -3.1163e-05
5.185 -2.03401e-20 -3.13853e-19 -6.24397e-05 -6.24397e-05 -6.65807e-19 -3.13335e-05 -6.24397e-05 -3.13335e-05 -3.1163e-05
5.19 -2.03401e-20 -3.13853e-19 -6.24397e-05 -6.24397e-05 -6.65807e-19 -3.13335e-05 -6.24397e-05 -3.13335e-05 -3.1163e-05
5.195 -2.03401e-20 -3.13853e-19 -6.24397e-05 -6.24397e-05 -6.65807e-19 -3.13335e-05 -6.24397e-05 -3.13335e-05 -3.1163e-05
5.2 -2.03401e-20 -3.13853e-19 -6.24397e-05 -6.24397e-05 -6.65807e-19 -3.13335e-05 -6.24397e-05 -3.13335e-05 -3.1163e-05
5.205 -2.03401e-20 -3.13853e-19 -6.24397e-05 -6.24397e-05 -6.65807e-19 -3.13335e-05 -6.24397e-05 -3.13335e-05 -3.1163e-05
5.21 -2.03401e-20 -3.13853e-19 -6.24397e-05 -6.24397e-05 -6.65807e-19 -3.13335e-05 -6.24397e-05 -3.13335e-05 -3.1163e-05
5.215 -2.03401e-20 -3.13853e-19 -6.24397e-05 -6.24397e-05 -6.65807e-19 -3.13336e-05 -6.24397e-05 -3.13336e-05 -3.1163e-05
5.22 -2.03401e-20 -3.13853e-19 -6.24397e-05 -6.24397e-05 -6.65807e-19 -3.13336e-05 -6.24397e-05 -3.13336e-05 -3.1163e-05
5.225 -2.03402e-20 -3.13853e-19 -6.24397e-05 -6.24397e-05 -6.65807e-19 -3.13336e-05 -6.24397e-05 -3.13336e-05 -3.1163e-05
5.23 -2.03402e-20 -3.13853e-19 -6.24397e-05 -6.24397e-05 -6.65807e-19 -3.13336e-05 -6.24397e-05 -3.13336e-05 -3.1163e-05
5.235 -2.03402e-20 -3.13853e-19 -6.24397e-05 -6.24397e-05 -6.65807e-19 -3.13336e-05 -6.24397e-05 -3.13336e-05 -3.1163e-05
5.24 -2.03402e-20 -3.13853e-19 -6.24397e-05 -6.24397e-05 -6.65807e-19 -3.13336e-05 -6.24397e-05 -3.13336e-05 -3.1163e-05
5.245 -2.03402e-20 -3.13853e-19 -6.24397e-05 -6.24397e-05 -6.65807e-19 -3.13336e-05 -6.24397e-05 -3.13336e-05 -3.1163e-05
5.25 -2.03402e-20 -3.13853e-19 -6.24397e-05 -6.24397e-05 -6.65807e-19 -3.13336e-05 -6.24397e-05 -3.13336e-05 -3.1163e-05
5.255 -2.03402e-20 -3.13853e-19 -6.24397e-05 -6.24397e-05 -6.65807e-19 -3.13336e-05 -6.24397e-05 -3.13336e-05 -3.1163e-05
5.26 -2.03402e-20 -3.13853e-19 -6.24397e-05 -6.24397e-05 -6.65807e-19 -3.13336e-05 -6.24397e-05 -3.13336e-05 -3.1163e-05
5.265 -2.03402e-20 -3.13853e-19 -6.24397e-05 -6.24397e-05 -6.65806e-19 -3.13336e-05 -6.24397e-05 -3.13336e-05 -3.1163e-05
5.27 -2.03402e-20 -3.13853e-19 -6.24397e-05 -6.24397e-05 -6.65806e-19 -3.13336e-05 -6.24397e-05 -3.13336e-05 -3.1163e-05
5.275 -2.03402e-20 -3.13853e-19 -6.24397e-05 -6.24397e-05 -6.65806e-19 -3.13336e-05 -6.24397e-05 -3.13336e-05 -3.1163e-05
5.28 -2.03402e-20 -3.13853e-19 -6.24397e-05 -6.24397e-05 -6.65806e-19 -3.13336e-05 -6.24397e-05 -3.13336e-05 -3.1163e-05
5.285 -2.03402e-20 -3.13853e-19 -6.24397e-05 -6.24397e-05 -6.65806e-19 -3.13336e-05 -6.24397e-05 -3.13336e-05 -3.1163e-05
5.29 -2.03403e-20 -3.13853e-19 -6.24397e-05 -6.24397e-05 -6.65806e-19 -3.13336e-05 -6.24397e-05 -3.13336e-05 -3.1163e-05
5.295 -2.03403e-20 -3.13853e-19 -6.24397e-05 -6.24397e-05 -6.65806e-19 -3.13337e-05 -6.24397e-05 -3.13337e-05 -3.1163e-05
5.3 -2.03403e-20 -3.13854e-19 -6.24397e-05 -6.24397e-05 -6.65806e-19 -3.13337e-05 -6.24397e-05 -3.13337e-05 -3.1163e-05
5.305 -2.03403e-20 -3.13854e-19 -6.24397e-05 -6.24397e-05 -6.65806e-19 -3.13337e-05 -6.24397e-05 -3.13337e-05 -3.1163e-05
5.31 -2.03403e-20 -3.13854e-19 -6.24397e-05 -6.24397e-05 -6.65806e-19 -3.13337e-05 -6.24397e-05 -3.13337e-05 -3.1163e-05
5.315 -2.03403e-20 -3.13854e-19 -6.24397e-05 -6.24397e-05 -6.65806e-19 -3.13337e-05 -6.24397e-05 -3.13337e-05 -3.1163e-05
5.32 -2.03403e-20 -3.13854e-19 -6.24397e-05 -6.24397e-05 -6.65806e-19 -3.13337e-05 -6.24397e-05 -3.13337e-05 -3.11629e-05
5.325 -2.03403e-20 -3.13854e-19 -6.24397e-05 -6.24397e-05 -6.65806e-19 -3.13337e-05 -6.24397e-05 -3.13337e-05 -3.11629e-05
5.33 -2.03403e-20 -3.13854e-19 -6.24397e-05 -6.24397e-05 -6.65806e-19 -3.13337e-05 -6.24397e-05 -3.13337e-05 -3.11629e-05
5.335 -2.03403e-20 -3.13854e-19 -6.24397e-05 -6.24397e-05 -6.65806e-19 -3.13337e-05 -6.24397e-05 -3.13337e-05 -3.11629e-05
5.34 -2.03403e-20 -3.13854e-19 -6.24397e-05 -6.24397e-05 -6.65806e-19 -3.13337e-05 -6.24397e-05 -3.13337e-05 -3.11629e-05
5.345 -2.03403e-20 -3.13854e-19 -6.24397e-05 -6.24397e-05 -6.65806e-19 -3.13337e-05 -6.24397e-05 -3.13337e-05 -3.11629e-05
5.35 -2.03403e-20 -3.13854e-19 -6.24397e-05 -6.24397e-05 -6.65806e-19 -3.13337e-05 -6.24397e-05 -3.13337e-05 -3.11629e-05
5.355 -2.03403e-20 -3.13854e-19 -6.24397e-05 -6.24397e-05 -6.65806e-19 -3.13337e-05 -6.24397e-05 -3.13337e-05 -3.11629e-05
5.36 -2.03403e-20 -3.13854e-19 -6.24397e-05 -6.24397e-05 -6.65806e-19 -3.13337e-05 -6.24397e-05 -3.13337e-05 -3.11629e-05
5.365 -2.03404e-20 -3.13854e-19 -6.24397e-05 -6.24397e-05 -6.65806e-19 -3.13337e-05 -6.24397e-05 -3.13337e-05 -3.11629e-05
5.37 -2.03404e-20 -3.13854e-19 -6.24397e-05 -6.24397e-05 -6.65806e-19 -3.13337e-05 -6.24397e-05 -3.13337e-05 -3.11629e-05
5.375 -2.03404e-20 -3.13854e-19 -6.24397e-05 -6.24397e-05 -6.65806e-19 -3.13337e-05 -6.24397e-05 -3.13337e-05 -3.11629e-05
5.38 -2.03404e-20 -3.13854e-19 -6.24397e-05 -6.24397e-05 -6.65806e-19 -3.13337e-05 -6.24397e-05 -3.13337e-05 -3.11629e-05
5.385 -2.03404e-20 -3.13854e-19 -6.24397e-05 -6.24397e-05 -6.65806e-19 -3.13338e-05 -6.24397e-05 -3.13338e-05 -3.11629e-05
5.39 -2.03404e-20 -3.13854e-19 -6.24397e-05 -6.24397e-05 -6.65806e-19 -3.13338e-05 -6.24397e-05 -3.13338e-05 -3.11629e-05
5.395 -2.03404e-20 -3.13854e-19 -6.24397e-05 -6.24397e-05 -6.65806e-19 -3.13338e-05 -6.24397e-05 -3.13338e-05 -3.11629e-05
5.4 -2.03404e-20 -3.13854e-19 -6.24397e-05 -6.24397e-05 -6.65806e-19 -3.13338e-05 -6.24397e-05 -3.13338e-05 -3.11629e-05
5.405 -2.03404e-20 -3.13854e-19 -6.24397e-05 -6.24397e-05 -6.65806e-19 -3.13338e-05 -6.24397e-05 -3.13338e-05 -3.11629e-05
5.41 -2.03404e-20 -3.13854e-19 -6.24397e-05 -6.24397e-05 -6.65805e-19 -3.13338e-05 -6.24397e-05 -3.13338e-05 -3.11629e-05
5.415 -2.03404e-20 -3.13854e-19 -6.24397e-05 -6.24397e-05 -6.65805e-19 -3.13338e-05 -6.24397e-05 -3.13338e-05 -3.11629e-05
5.42 -2.03404e-20 -3.13854e-19 -6.24397e-05 -6.24397e-05 -6.65805e-19 -3.13338e-05 -6.24397e-05 -3.13338e-05 -3.11629e-05
5.425 -2.03404e-20 -3.13854e-19 -6.24397e-05 -6.24397e-05 -6.65805e-19 -3.13338e-05 -6.24397e-05 -3.13338e-05 -3.11629e-05
5.43 -2.03404e-20 -3.13854e-19 -6.24397e-05 -6.24397e-05 -6.65805e-19 -3.13338e-05 -6.24397e-05 -3.13338e-05 -3.11629e-05
5.435 -2.03404e-20 -3.13854e-19 -6.24397e-05 -6.24397e-05 -6.65805e-19 -3.13338e-05 -6.24397e-05 -3.13338e-05 -3.11629e-05
5.44 -2.03404e-20 -3.13854e-19 -6.24397e-05 -6.24397e-05 -6.65805e-19 -3.13338e-05 -6.24397e-05 -3.13338e-05 -3.11629e-05
5.445 -2.03404e-20 -3.13854e-19 -6.24397e-05 -6.24397e-05 -6.65805e-19 -3.13338e-05 -6.24397e-05 -3.13338e-05 -3.11629e-05
5.45 -2.03405e-20 -3.13854e-19 -6.24397e-05 -6.24397e-05 -6.65805e-19 -3.13338e-05 -6.24397e-05 -3.13338e-05 -3.11629e-05
5.455 -2.03405e-20 -3.13854e-19 -6.24397e-05 -6.24397e-05 -6.65805e-19 -3.13338e-05 -6.24397e-05 -3.13338e-05 -3.11629e-05
5.46 -2.03405e-20 -3.13854e-19 -6.24397e-05 -6.24397e-05 -6.65805e-19 -3.13338e-05 -6.24397e-05 -3.13338e-05 -3.11629e-05
5.465 -2.03405e-20 -3.13854e-19 -6.24397e-05 -6.24397e-05 -6.65805e-19 -3.13338e-05 -6.24397e-05 -3.13338e-05 -3.11629e-05
5.47 -2.03405e-20 -3.13854e-19 -6.24397e-05 -6.24397e-05 -6.65805e-19 -3.13338e-05 -6.24397e-05 -3.13338e-05 -3.11629e-05
5.475 -2.03405e-20 -3.13854e-19 -6.24397e-05 -6.24397e-05 -6.65805e-19 -3.13338e-05 -6.24397e-05 -3.13338e-05 -3.11629e-05
5.48 -2.03405e-20 -3.13854e-19 -6.24397e-05 -6.24397e-05 -6.65805e-19 -3.13338e-05 -6.24397e-05 -3.13338e-05 -3.11629e-05
5.485 -2.03405e-20 -3.13854e-19 -6.24397e-05 -6.24397e-05 -6.65805e-19 -3.13338e-05 -6.24397e-05 -3.13338e-05 -3.11629e-05
5.49 -2.03405e-20 -3.13854e-19 -6.24397e-05 -6.24397e-05 -6.65805e-19 -3.13338e-05 -6.24397e-05 -3.13338e-05 -3.11629e-05
5.495 -2.03405e-20 -3.13855e-19 -6.24397e-05 -6.24397e-05 -6.65805e-19 -3.13339e-05 -6.24397e-05 -3.13339e-05 -3.11629e-05
5.5 -2.03405e-20 -3.13855e-19 -6.24397e-05 -6.24397e-05 -6.65805e-19 -3.13339e-05 -6.24397e-05 -3.13339e-05 -3.11629e-05
5.505 -2.03405e-20 -3.13855e-19 -6.24397e-05 -6.24397e-05 -6.65805e-19 -3.13339e-05 -6.24397e-05 -3.13339e-05 -3.11629e-05
5.51 -2.03405e-20 -3.13855e-19 -6.24397e-05 -6.24397e-05 -6.65805e-19 -3.13339e-05 -6.24397e-05 -3.13339e-05 -3.11629e-05
5.515 -2.03405e-20 -3.13855e-19 -6.24397e-05 -6.24397e-05 -6.65805e-19 -3.13339e-05 -6.24397e-05 -3.13339e-05 -3.11629e-05
5.52 -2.03405e-20 -3.13855e-19 -6.24397e-05 -6.24397e-05 -6.65805e-19 -3.13339e-05 -6.24397e-05 -3.13339e-05 -3.11629e-05
5.525 -2.03405e-20 -3.13855e-19 -6.24397e-05 -6.24397e-05 -6.65805e-19 -3.13339e-05 -6.24397e-05 -3.13339e-05 -3.11629e-05
5.53 -2.03405e-20 -3.13855e-19 -6.24397e-05 -6.24397e-05 -6.65805e-19 -3.13339e-05 -6.24397e-05 -3.13339e-05 -3.11629e-05
5.535 -2.03405e-20 -3.13855e-19 -6.24397e-05 -6.24397e-05 -6.65805e-19 -3.13339e-05 -6.24397e-05 -3.13339e-05 -3.11628e-05
5.54 -2.03405e-20 -3.13855e-19 -6.24397e-05 -6.24397e-05 -6.65805e-19 -3.13339e-05 -6.24397e-05 -3.13339e-05 -3.11628e-05
5.545 -2.03406e-20 -3.13855e-19 -6.24397e-05 -6.24397e-05 -6.65805e-19 -3.13339e-05 -6.24397e-05 -3.13339e-05 -3.11628e-05
5.55 -2.03406e-20 -3.13855e-19 -6.24397e-05 -6.24397e-05 -6.65805e-19 -3.13339e-05 -6.24397e-05 -3.13339e-05 -3.11628e-05
5.555 -2.03406e-20 -3.13855e-19 -6.24397e-05 -6.24397e-05 -6.65805e-19 -3.13339e-05 -6.24397e-05 -3.13339e-05 -3.11628e-05
5.56 -2.03406e-20 -3.13855e-19 -6.24397e-05 -6.24397e-05 -6.65805e-19 -3.13339e-05 -6.24397e-05 -3.13339e-05 -3.11628e-05
5.565 -2.03406e-20 -3.13855e-19 -6.24397e-05 -6.24397e-05 -6.65805e-19 -3.13339e-05 -6.24397e-05 -3.13339e-05 -3.11628e-05
5.57 -2.03406e-20 -3.13855e-19 -6.24397e-05 -6.24397e-05 -6.65805e-19 -3.13339e-05 -6.24397e-05 -3.13339e-05 -3.11628e-05
5.575 -2.03406e-20 -3.13855e-19 -6.24397e-05 -6.24397e-05 -6.65805e-19 -3.13339e-05 -6.24397e-05 -3.13339e-05 -3.11628e-05
5.58 -2.03406e-20 -3.13855e-19 -6.24397e-05 -6.24397e-05 -6.65805e-19 -3.13339e-05 -6.24397e-05 -3.13339e-05 -3.11628e-05
5.585 -2.03406e-20 -3.13855e-19 -6.24397e-05 -6.24397e-05 -6.65805e-19 -3.13339e-05 -6.24397e-05 -3.13339e-05 -3.11628e-05
5.59 -2.03406e-20 -3.13855e-19 -6.24397e-05 -6.24397e-05 -6.65805e-19 -3.13339e-05 -6.24397e-05 -3.13339e-05 -3.11628e-05
5.595 -2.03406e-20 -3.13855e-19 -6.24397e-05 -6.24397e-05 -6.65804e-19 -3.13339e-05 -6.24397e-05 -3.13339e-05 -3.11628e-05
5.6 -2.03406e-20 -3.13855e-19 -6.24397e-05 -6.24397e-05 -6.65804e-19 -3.13339e-05 -6.24397e-05 -3.13339e-05 -3.11628e-05
5.605 -2.03406e-20 -3.13855e-19 -6.24397e-05 -6.24397e-05 -6.65804e-19 -3.13339e-05 -6.24397e-05 -3.13339e-05 -3.11628e-05
5.61 -2.03406e-20 -3.13855e-19 -6.24397e-05 -6.24397e-05 -6.65804e-19 -3.13339e-05 -6.24397e-05 -3.13339e-05 -3.11628e-05
5.615 -2.03406e-20 -3.13855e-19 -6.24397e-05 -6.24397e-05 -6.65804e-19 -3.13339e-05 -6.24397e-05 -3.13339e-05 -3.11628e-05
5.62 -2.03406e-20 -3.13855e-19 -6.24397e-05 -6.24397e-05 -6.65804e-19 -3.13339e-05 -6.24397e-05 -3.13339e-05 -3.11628e-05
5.625 -2.03406e-20 -3.13855e-19 -6.24397e-05 -6.24397e-05 -6.65804e-19 -3.13339e-05 -6.24397e-05 -3.13339e-05 -3.11628e-05
5.63 -2.03406e-20 -3.13855e-19 -6.24397e-05 -6.24397e-05 -6.65804e-19 -3.1334e-05 -6.24397e-05 -3.1334e-05 -3.11628e-05
5.635 -2.03406e-20 -3.13855e-19 -6.24397e-05 -6.24397e-05 -6.65804e-19 -3.1334e-05 -6.24397e-05 -3.1334e-05 -3.11628e-05
5.64 -2.03406e-20 -3.13855e-19 -6.24397e-05 -6.24397e-05 -6.65804e-19 -3.1334e-05 -6.24397e-05 -3.1334e-05 -3.11628e-05
5.645 -2.03406e-20 -3.13855e-19 -6.24397e-05 -6.24397e-05 -6.65804e-19 -3.1334e-05 -6.24397e-05 -3.1334e-05 -3.11628e-05
5.65 -2.03406e-20 -3.13855e-19 -6.24397e-05 -6.24397e-05 -6.65804e-19 -3.1334e-05 -6.24397e-05 -3.1334e-05 -3.11628e-05
5.655 -2.03406e-20 -3.13855e-19 -6.24397e-05 -6.24397e-05 -6.65804e-19 -3.1334e-05 -6.24397e-05 -3.1334e-05 -3.11628e-05
5.66 -2.03406e-20 -3.13855e-19 -6.24397e-05 -6.24397e-05 -6.65804e-19 -3.1334e-05 -6.24397e-05 -3.1334e-05 -3.11628e-05
5.665 -2.03407e-20 -3.13855e-19 -6.24397e-05 -6.24397e-05 -6.65804e-19 -3.1334e-05 -6.24397e-05 -3.1334e-05 -3.11628e-05
5.67 -2.03407e-20 -3.13855e-19 -6.24397e-05 -6.24397e-05 -6.65804e-19 -3.1334e-05 -6.24397e-05 -3.1334e-05 -3.11628e-05
5.675 -2.03407e-20 -3.13855e-19 -6.24397e-05 -6.24397e-05 -6.65804e-19 -3.1334e-05 -6.24397e-05 -3.1334e-05 -3.11628e-05
5.68 -2.03407e-20 -3.13855e-19 -6.24397e-05 -6.24397e-05 -6.65804e-19 -3.1334e-05 -6.24397e-05 -3.1334e-05 -3.11628e-05
5.685 -2.03407e-20 -3.13855e-19 -6.24397e-05 -6.24397e-05 -6.65804e-19 -3.1334e-05 -6.24397e-05 -3.1334e-05 -3.11628e-05
5.69 -2.03407e-20 -3.13855e-19 -6.24397e-05 -6.24397e-05 -6.65804e-19 -3.1334e-05 -6.24397e-05 -3.1334e-05 -3.11628e-05
5.695 -2.03407e-20 -3.13855e-19 -6.24397e-05 -6.24397e-05 -6.65804e-19 -3.1334e-05 -6.24397e-05 -3.1334e-05 -3.11628e-05
5.7 -2.03407e-20 -3.13855e-19 -6.24397e-05 -6.24397e-05 -6.65804e-19 -3.1334e-05 -6.24397e-05 -3.1334e-05 -3.11628e-05
5.705 -2.03407e-20 -3.13855e-19 -6.24397e-05 -6.24397e-05 -6.65804e-19 -3.1334e-05 -6.24397e-05 -3.1334e-05 -3.11628e-05
5.71 -2.03407e-20 -3.13855e-19 -6.24397e-05 -6.24397e-05 -6.65804e-19 -3.1334e-05 -6.24397e-05 -3.1334e-05 -3.11628e-05
5.715 -2.03407e-20 -3.13855e-19 -6.24397e-05 -6.24397e-05 -6.65804e-19 -3.1334e-05 -6.24397e-05 -3.1334e-05 -3.11628e-05
5.72 -2.03407e-20 -3.13855e-19 -6.24397e-05 -6.24397e-05 -6.65804e-19 -3.1334e-05 -6.24397e-05 -3.1334e-05 -3.11628e-05
5.725 -2.03407e-20 -3.13855e-19 -6.24397e-05 -6.24397e-05 -6.65804e-19 -3.1334e-05 -6.24397e-05 -3.1334e-05 -3.11628e-05
5.73 -2.03407e-20 -3.13855e-19 -6.24397e-05 -6.24397e-05 -6.65804e-19 -3.1334e-05 -6.24397e-05 -3.1334e-05 -3.11628e-05
5.735 -2.03407e-20 -3.13855e-19 -6.24397e-05 -6.24397e-05 -6.65804e-19 -3.1334e-05 -6.24397e-05 -3.1334e-05 -3.11628e-05
5.74 -2.03407e-20 -3.13855e-19 -6.24397e-05 -6.24397e-05 -6.65804e-19 -3.1334e-05 -6.24397e-05 -3.1334e-05 -3.11628e-05
5.745 -2.03407e-20 -3.13855e-19 -6.24397e-05 -6.24397e-05 -6.65804e-19 -3.1334e-05 -6.24397e-05 -3.1334e-05 -3.11628e-05
5.75 -2.03407e-20 -3.13855e-19 -6.24397e-05 -6.24397e-05 -6.65804e-19 -3.1334e-05 -6.24397e-05 -3.1334e-05 -3.11628e-05
5.755 -2.03407e-20 -3.13855e-19 -6.24397e-05 -6.24397e-05 -6.65804e-19 -3.1334e-05 -6.24397e-05 -3.1334e-05 -3.11628e-05
5.76 -2.03407e-20 -3.13855e-19 -6.24397e-05 -6.24397e-05 -6.65804e-19 -3.1334e-05 -6.24397e-05 -3.1334e-05 -3.11628e-05
5.765 -2.03407e-20 -3.13855e-19 -6.24397e-05 -6.24397e-05 -6.65804e-19 -3.1334e-05 -6.24397e-05 -3.1334e-05 -3.11628e-05
5.77 -2.03407e-20 -3.13855e-19 -6.24397e-05 -6.24397e-05 -6.65804e-19 -3.1334e-05 -6.24397e-05 -3.1334e-05 -3.11628e-05
5.775 -2.03407e-20 -3.13855e-19 -6.24397e-05 -6.24397e-05 -6.65804e-19 -3.1334e-05 -6.24397e-05 -3.1334e-05 -3.11628e-05
5.78 -2.03407e-20 -3.13855e-19 -6.24397e-05 -6.24397e-05 -6.65804e-19 -3.1334e-05 -6.24397e-05 -3.1334e-05 -3.11628e-05
5.785 -2.03407e-20 -3.13856e-19 -6.24397e-05 -6.24397e-05 -6.65804e-19 -3.1334e-05 -6.24397e-05 -3.1334e-05 -3.11628e-05
5.79 -2.03407e-20 -3.13856e-19 -6.24397e-05 -6.24397e-05 -6.65804e-19 -3.1334e-05 -6.24397e-05 -3.1334e-05 -3.11628e-05
5.795 -2.03407e-20 -3.13856e-19 -6.24397e-05 -6.24397e-05 -6.65804e-19 -3.1334e-05 -6.24397e-05 -3.1334e-05 -3.11628e-05
5.8 -2.03407e-20 -3.13856e-19 -6.24397e-05 -6.24397e-05 -6.65804e-19 -3.1334e-05 -6.24397e-05 -3.1334e-05 -3.11628e-05
5.805 -2.03407e-20 -3.13856e-19 -6.24397e-05 -6.24397e-05 -6.65804e-19 -3.13341e-05 -6.24397e-05 -3.13341e-05 -3.11628e-05
5.81 -2.03407e-20 -3.13856e-19 -6.24397e-05 -6.24397e-05 -6.65804e-19 -3.13341e-05 -6.24397e-05 -3.13341e-05 -3.11628e-05
5.815 -2.03408e-20 -3.13856e-19 -6.24397e-05 -6.24397e-05 -6.65804e-19 -3.13341e-05 -6.24397e-05 -3.13341e-05 -3.11628e-05
5.82 -2.03408e-20 -3.13856e-19 -6.24397e-05 -6.24397e-05 -6.65804e-19 -3.13341e-05 -6.24397e-05 -3.13341e-05 -3.11628e-05
5.825 -2.03408e-20 -3.13856e-19 -6.24397e-05 -6.24397e-05 -6.65804e-19 -3.13341e-05 -6.24397e-05 -3.13341e-05 -3.11628e-05
5.83 -2.03408e-20 -3.13856e-19 -6.24397e-05 -6.24397e-05 -6.65804e-19 -3.13341e-05 -6.24397e-05 -3.13341e-05 -3.11628e-05
5.835 -2.03408e-20 -3.13856e-19 -6.24397e-05 -6.24397e-05 -6.65804e-19 -3.13341e-05 -6.24397e-05 -3.13341e-05 -3.11628e-05
5.84 -2.03408e-20 -3.13856e-19 -6.24397e-05 -6.24397e-05 -6.65804e-19 -3.13341e-05 -6.24397e-05 -3.13341e-05 -3.11628e-05
5.845 -2.03408e-20 -3.13856e-19 -6.24397e-05 -6.24397e-05 -6.65804e-19 -3.13341e-05 -6.24397e-05 -3.13341e-05 -3.11628e-05
5.85 -2.03408e-20 -3.13856e-19 -6.24397e-05 -6.24397e-05 -6.65804e-19 -3.13341e-05 -6.24397e-05 -3.13341e-05 -3.11628e-05
5.855 -2.03408e-20 -3.13856e-19 -6.24397e-05 -6.24397e-05 -6.65804e-19 -3.13341e-05 -6.24397e-05 -3.13341e-05 -3.11628e-05
5.86 -2.03408e-20 -3.13856e-19 -6.24397e-05 -6.24397e-05 -6.65804e-19 -3.13341e-05 -6.24397e-05 -3.13341e-05 -3.11628e-05
5.865 -2.03408e-20 -3.13856e-19 -6.24397e-05 -6.24397e-05 -6.65804e-19 -3.13341e-05 -6.24397e-05 -3.13341e-05 -3.11628e-05
5.87 -2.03408e-20 -3.13856e-19 -6.24397e-05 -6.24397e-05 -6.65804e-19 -3.13341e-05 -6.24397e-05 -3.13341e-05 -3.11628e-05
5.875 -2.03408e-20 -3.13856e-19 -6.24397e-05 -6.24397e-05 -6.65803e-19 -3.13341e-05 -6.24397e-05 -3.13341e-05 -3.11628e-05
5.88 -2.03408e-20 -3.13856e-19 -6.24397e-05 -6.24397e-05 -6.65803e-19 -3.13341e-05 -6.24397e-05 -3.13341e-05 -3.11627e-05
5.885 -2.03408e-20 -3.13856e-19 -6.24397e-05 -6.24397e-05 -6.65803e-19 -3.13341e-05 -6.24397e-05 -3.13341e-05 -3.11627e-05
5.89 -2.03408e-20 -3.13856e-19 -6.24397e-05 -6.24397e-05 -6.65803e-19 -3.13341e-05 -6.24397e-05 -3.13341e-05 -3.11627e-05
5.895 -2.03408e-20 -3.13856e-19 -6.24397e-05 -6.24397e-05 -6.65803e-19 -3.13341e-05 -6.24397e-05 -3.13341e-05 -3.11627e-05
5.9 -2.03408e-20 -3.13856e-19 -6.24397e-05 -6.24397e-05 -6.65803e-19 -3.13341e-05 -6.24397e-05 -3.13341e-05 -3.11627e-05
5.905 -2.03408e-20 -3.13856e-19 -6.24397e-05 -6.24397e-05 -6.65803e-19 -3.13341e-05 -6.24397e-05 -3.13341e-05 -3.11627e-05
5.91 -2.03408e-20 -3.13856e-19 -6.24397e-05 -6.24397e-05 -6.65803e-19 -3.13341e-05 -6.24397e-05 -3.13341e-05 -3.11627e-05
5.915 -2.03408e-20 -3.13856e-19 -6.24397e-05 -6.24397e-05 -6.65803e-19 -3.13341e-05 -6.24397e-05 -3.13341e-05 -3.11627e-05
5.92 -2.03408e-20 -3.13856e-19 -6.24397e-05 -6.24397e-05 -6.65803e-19 -3.13341e-05 -6.24397e-05 -3.13341e-05 -3.11627e-05
5.925 -2.03408e-20 -3.13856e-19 -6.24397e-05 -6.24397e-05 -6.65803e-19 -3.13341e-05 -6.24397e-05 -3.13341e-05 -3.11627e-05
5.93 -2.03408e-20 -3.13856e-19 -6.24397e-05 -6.24397e-05 -6.65803e-19 -3.13341e-05 -6.24397e-05 -3.13341e-05 -3.11627e-05
5.935 -2.03408e-20 -3.13856e-19 -6.24397e-05 -6.24397e-05 -6.65803e-19 -3.13341e-05 -6.24397e-05 -3.13341e-05 -3.11627e-05
5.94 -2.03408e-20 -3.13856e-19 -6.24397e-05 -6.24397e-05 -6.65803e-19 -3.13341e-05 -6.24397e-05 -3.13341e-05 -3.11627e-05
5.945 -2.03408e-20 -3.13856e-19 -6.24397e-05 -6.24397e-05 -6.65803e-19 -3.13341e-05 -6.24397e-05 -3.13341e-05 -3.11627e-05
5.95 -2.03408e-20 -3.13856e-19 -6.24397e-05 -6.24397e-05 -6.65803e-19 -3.13341e-05 -6.24397e-05 -3.13341e-05 -3.11627e-05
5.955 -2.03408e-20 -3.13856e-19 -6.24397e-05 -6.24397e-05 -6.65803e-19 -3.13341e-05 -6.24397e-05 -3.13341e-05 -3.11627e-05
5.96 -2.03408e-20 -3.13856e-19 -6.24397e-05 -6.24397e-05 -6.65803e-19 -3.13341e-05 -6.24397e-05 -3.13341e-05 -3.11627e-05
5.965 -2.03408e-20 -3.13856e-19 -6.24397e-05 -6.24397e-05 -6.65803e-19 -3.13341e-05 -6.24397e-05 -3.13341e-05 -3.11627e-05
5.97 -2.03408e-20 -3.13856e-19 -6.24397e-05 -6.24397e-05 -6.65803e-19 -3.13341e-05 -6.24397e-05 -3.13341e-05 -3.11627e-05
5.975 -2.03408e-20 -3.13856e-19 -6.24397e-05 -6.24397e-05 -6.65803e-19 -3.13341e-05 -6.24397e-05 -3.13341e-05 -3.11627e-05
5.98 -2.03408e-20 -3.13856e-19 -6.24397e-05 -6.24397e-05 -6.65803e-19 -3.13341e-05 -6.24397e-05 -3.13341e-05 -3.11627e-05
5.985 -2.03408e-20 -3.13856e-19 -6.24397e-05 -6.24397e-05 -6.65803e-19 -3.13341e-05 -6.24397e-05 -3.13341e-05 -3.11627e-05
5.99 -2.03408e-20 -3.13856e-19 -6.24397e-05 -6.24397e-05 -6.65803e-19 -3.13341e-05 -6.24397e-05 -3.13341e-05 -3.11627e-05
5.995 -2.03408e-20 -3.13856e-19 -6.24397e-05 -6.24397e-05 -6.65803e-19 -3.13341e-05 -6.24397e-05 -3.13341e-05 -3.11627e-05
6 -2.03408e-20 -3.13856e-19 -6.24397e-05 -6.24397e-05 -6.65803e-19 -3.13341e-05 -6.24397e-05 -3.13341e-05 -3.11627e-05
6.005 -2.03408e-20 -3.13856e-19 -6.24397e-05 -6.24397e-05 -6.65803e-19 -3.13341e-05 -6.24397e-05 -3.13341e-05 -3.11627e-05
6.01 -2.03408e-20 -3.13856e-19 -6.24397e-05 -6.24397e-05 -6.65803e-19 -3.13341e-05 -6.24397e-05 -3.13341e-05 -3.11627e-05
6.015 -2.03409e-20 -3.13856e-19 -6.24397e-05 -6.24397e-05 -6.65803e-19 -3.13341e-05 -6.24397e-05 -3.13341e-05 -3.11627e-05
6.02 -2.03409e-20 -3.13856e-19 -6.24397e-05 -6.24397e-05 -6.65803e-19 -3.13341e-05 -6.24397e-05 -3.13341e-05 -3.11627e-05
6.025 -2.03409e-20 -3.13856e-19 -6.24397e-05 -6.24397e-05 -6.65803e-19 -3.13341e-05 -6.24397e-05 -3.13341e-05 -3.11627e-05
6.03 -2.03409e-20 -3.13856e-19 -6.24397e-05 -6.24397e-05 -6.65803e-19 -3.13341e-05 -6.24397e-05 -3.13341e-05 -3.11627e-05
6.035 -2.03409e-20 -3.13856e-19 -6.24397e-05 -6.24397e-05 -6.65803e-19 -3.13341e-05 -6.24397e-05 -3.13341e-05 -3.11627e-05
6.04 -2.03409e-20 -3.13856e-19 -6.24397e-05 -6.24397e-05 -6.65803e-19 -3.13341e-05 -6.24397e-05 -3.13341e-05 -3.11627e-05
6.045 -2.03409e-20 -3.13856e-19 -6.24397e-05 -6.24397e-05 -6.65803e-19 -3.13341e-05 -6.24397e-05 -3.13341e-05 -3.11627e-05
6.05 -2.03409e-20 -3.13856e-19 -6.24397e-05 -6.24397e-05 -6.65803e-19 -3.13341e-05 -6.24397e-05 -3.13341e-05 -3.11627e-05
6.055 -2.03409e-20 -3.13856e-19 -6.24397e-05 -6.24397e-05 -6.65803e-19 -3.13341e-05 -6.24397e-05 -3.13341e-05 -3.11627e-05
6.06 -2.03409e-20 -3.13856e-19 -6.24397e-05 -6.24397e-05 -6.65803e-19 -3.13341e-05 -6.24397e-05 -3.13341e-05 -3.11627e-05
6.065 -2.03409e-20 -3.13856e-19 -6.24397e-05 -6.24397e-05 -6.65803e-19 -3.13342e-05 -6.24397e-05 -3.13342e-05 -3.11627e-05
6.07 -2.03409e-20 -3.13856e-19 -6.24397e-05 -6.24397e-05 -6.65803e-19 -3.13342e-05 -6.24397e-05 -3.13342e-05 -3.11627e-05
6.075 -2.03409e-20 -3.13856e-19 -6.24397e-05 -6.24397e-05 -6.65803e-19 -3.13342e-05 -6.24397e-05 -3.13342e-05 -3.11627e-05
6.08 -2.03409e-20 -3.13856e-19 -6.24397e-05 -6.24397e-05 -6.65803e-19 -3.13342e-05 -6.24397e-05 -3.13342e-05 -3.11627e-05
6.085 -2.03409e-20 -3.13856e-19 -6.24397e-05 -6.24397e-05 -6.65803e-19 -3.13342e-05 -6.24397e-05 -3.13342e-05 -3.11627e-05
6.09 -2.03409e-20 -3.13856e-19 -6.24397e-05 -6.24397e-05 -6.65803e-19 -3.13342e-05 -6.24397e-05 -3.13342e-05 -3.11627e-05
6.095 -2.03409e-20 -3.13856e-19 -6.24397e-05 -6.24397e-05 -6.65803e-19 -3.13342e-05 -6.24397e-05 -3.13342e-05 -3.11627e-05
6.1 -2.03409e-20 -3.13856e-19 -6.24397e-05 -6.24397e-05 -6.65803e-19 -3.13342e-05 -6.24397e-05 -3.13342e-05 -3.11627e-05
6.105 -2.03409e-20 -3.13856e-19 -6.24397e-05 -6.24397e-05 -6.65803e-19 -3.13342e-05 -6.24397e-05 -3.13342e-05 -3.11627e-05
6.11 -2.03409e-20 -3.13856e-19 -6.24397e-05 -6.24397e-05 -6.65803e-19 -3.13342e-05 -6.24397e-05 -3.13342e-05 -3.11627e-05
6.115 -2.03409e-20 -3.13856e-19 -6.24397e-05 -6.24397e-05 -6.65803e-19 -3.13342e-05 -6.24397e-05 -3.13342e-05 -3.11627e-05
6.12 -2.03409e-20 -3.13856e-19 -6.24397e-05 -6.24397e-05 -6.65803e-19 -3.13342e-05 -6.24397e-05 -3.13342e-05 -3.11627e-05
6.125 -2.03409e-20 -3.13856e-19 -6.24397e-05 -6.24397e-05 -6.65803e-19 -3.13342e-05 -6.24397e-05 -3.13342e-05 -3.11627e-05
6.13 -2.03409e-20 -3.13856e-19 -6.24397e-05 -6.24397e-05 -6.65803e-19 -3.13342e-05 -6.24397e-05 -3.13342e-05 -3.11627e-05
6.135 -2.03409e-20 -3.13856e-19 -6.24397e-05 -6.24397e-05 -6.65803e-19 -3.13342e-05 -6.24397e-05 -3.13342e-05 -3.11627e-05
6.14 -2.03409e-20 -3.13856e-19 -6.24397e-05 -6.24397e-05 -6.65803e-19 -3.13342e-05 -6.24397e-05 -3.13342e-05 -3.11627e-05
6.145 -2.03409e-20 -3.13856e-19 -6.24397e-05 -6.24397e-05 -6.65803e-19 -3.13342e-05 -6.24397e-05 -3.13342e-05 -3.11627e-05
6.15 -2.03409e-20 -3.13856e-19 -6.24397e-05 -6.24397e-05 -6.65803e-19 -3.13342e-05 -6.24397e-05 -3.13342e-05 -3.11627e-05
6.155 -2.03409e-20 -3.13856e-19 -6.24397e-05 -6.24397e-05 -6.65803e-19 -3.13342e-05 -6.24397e-05 -3.13342e-05 -3.11627e-05
6.16 -2.03409e-20 -3.13856e-19 -6.24397e-05 -6.24397e-05 -6.65803e-19 -3.13342e-05 -6.24397e-05 -3.13342e-05 -3.11627e-05
6.165 -2.03409e-20 -3.13856e-19 -6.24397e-05 -6.24397e-05 -6.65803e-19 -3.13342e-05 -6.24397e-05 -3.13342e-05 -3.11627e-05
6.17 -2.03409e-20 -3.13856e-19 -6.24397e-05 -6.24397e-05 -6.65803e-19 -3.13342e-05 -6.24397e-05 -3.13342e-05 -3.11627e-05
6.175 -2.03409e-20 -3.13856e-19 -6.24397e-05 -6.24397e-05 -6.65803e-19 -3.13342e-05 -6.24397e-05 -3.13342e-05 -3.11627e-05
6.18 -2.03409e-20 -3.13856e-19 -6.24397e-05 -6.24397e-05 -6.65803e-19 -3.13342e-05 -6.24397e-05 -3.13342e-05 -3.11627e-05
6.185 -2.03409e-20 -3.13856e-19 -6.24397e-05 -6.24397e-05 -6.65803e-19 -3.13342e-05 -6.24397e-05 -3.13342e-05 -3.11627e-05
6.19 -2.03409e-20 -3.13856e-19 -6.24397e-05 -6.24397e-05 -6.65803e-19 -3.13342e-05 -6.24397e-05 -3.13342e-05 -3.11627e-05
6.195 -2.03409e-20 -3.13856e-19 -6.24397e-05 -6.24397e-05 -6.65803e-19 -3.13342e-05 -6.24397e-05 -3.13342e-05 -3.11627e-05
6.2 -2.03409e-20 -3.13856e-19 -6.24397e-05 -6.24397e-05 -6.65803e-19 -3.13342e-05 -6.24397e-05 -3.13342e-05 -3.11627e-05
6.205 -2.03409e-20 -3.13856e-19 -6.24397e-05 -6.24397e-05 -6.65803e-19 -3.13342e-05 -6.24397e-05 -3.13342e-05 -3.11627e-05
6.21 -2.03409e-20 -3.13856e-19 -6.24397e-05 -6.24397e-05 -6.65803e-19 -3.13342e-05 -6.24397e-05 -3.13342e-05 -3.11627e-05
6.215 -2.03409e-20 -3.13856e-19 -6.24397e-05 -6.24397e-05 -6.65803e-19 -3.13342e-05 -6.24397e-05 -3.13342e-05 -3.11627e-05
6.22 -2.03409e-20 -3.13856e-19 -6.24397e-05 -6.24397e-05 -6.65803e-19 -3.13342e-05 -6.24397e-05 -3.13342e-05 -3.11627e-05
6.225 -2.03409e-20 -3.13856e-19 -6.24397e-05 -6.24397e-05 -6.65803e-19 -3.13342e-05 -6.24397e-05 -3.13342e-05 -3.11627e-05
6.23 -2.03409e-20 -3.13856e-19 -6.24397e-05 -6.24397e-05 -6.65803e-19 -3.13342e-05 -6.24397e-05 -3.13342e-05 -3.11627e-05
6.235 -2.03409e-20 -3.13856e-19 -6.24397e-05 -6.24397e-05 -6.65803e-19 -3.13342e-05 -6.24397e-05 -3.13342e-05 -3.11627e-05
6.24 -2.03409e-20 -3.13856e-19 -6.24397e-05 -6.24397e-05 -6.65803e-19 -3.13342e-05 -6.24397e-05 -3.13342e-05 -3.11627e-05
6.245 -2.03409e-20 -3.13856e-19 -6.24397e-05 -6.24397e-05 -6.65803e-19 -3.13342e-05 -6.24397e-05 -3.13342e-05 -3.11627e-05
6.25 -2.03409e-20 -3.13856e-19 -6.24397e-05 -6.24397e-05 -6.65803e-19 -3.13342e-05 -6.24397e-05 -3.13342e-05 -3.11627e-05
6.255 -2.03409e-20 -3.13856e-19 -6.24397e-05 -6.24397e-05 -6.65803e-19 -3.13342e-05 -6.24397e-05 -3.13342e-05 -3.11627e-05
6.26 -2.03409e-20 -3.13856e-19 -6.24397e-05 -6.24397e-05 -6.65803e-19 -3.13342e-05 -6.24397e-05 -3.13342e-05 -3.11627e-05
6.265 -2.03409e-20 -3.13856e-19 -6.24397e-05 -6.24397e-05 -6.65803e-19 -3.13342e-05 -6.24397e-05 -3.13342e-05 -3.11627e-05
6.27 -2.03409e-20 -3.13856e-19 -6.24397e-05 -6.24397e-05 -6.65803e-19 -3.13342e-05 -6.24397e-05 -3.13342e-05 -3.11627e-05
6.275 -2.03409e-20 -3.13856e-19 -6.24397e-05 -6.24397e-05 -6.65803e-19 -3.13342e-05 -6.24397e-05 -3.13342e-05 -3.11627e-05
6.28 -2.03409e-20 -3.13856e-19 -6.24397e-05 -6.24397e-05 -6.65803e-19 -3.13342e-05 -6.24397e-05 -3.13342e-05 -3.11627e-05
6.285 -2.03409e-20 -3.13856e-19 -6.24397e-05 -6.24397e-05 -6.65803e-19 -3.13342e-05 -6.24397e-05 -3.13342e-05 -3.11627e-05
6.29 -2.03409e-20 -3.13856e-19 -6.24397e-05 -6.24397e-05 -6.65803e-19 -3.13342e-05 -6.24397e-05 -3.13342e-05 -3.11627e-05
6.295 -2.03409e-20 -3.13856e-19 -6.24397e-05 -6.24397e-05 -6.65803e-19 -3.13342e-05 -6.24397e-05 -3.13342e-05 -3.11627e-05
6.3 -2.03409e-20 -3.13856e-19 -6.24397e-05 -6.24397e-05 -6.65803e-19 -3.13342e-05 -6.24397e-05 -3.13342e-05 -3.11627e-05
6.305 -2.03409e-20 -3.13856e-19 -6.24397e-05 -6.24397e-05 -6.65803e-19 -3.13342e-05 -6.24397e-05 -3.13342e-05 -3.11627e-05
6.31 -2.03409e-20 -3.13856e-19 -6.24397e-05 -6.24397e-05 -6.65803e-19 -3.13342e-05 -6.24397e-05 -3.13342e-05 -3.11627e-05
6.315 -2.03409e-20 -3.13856e-19 -6.24397e-05 -6.24397e-05 -6.65803e-19 -3.13342e-05 -6.24397e-05 -3.13342e-05 -3.11627e-05
6.32 -2.03409e-20 -3.13856e-19 -6.24397e-05 -6.24397e-05 -6.65803e-19 -3.13342e-05 -6.24397e-05 -3.13342e-05 -3.11627e-05
6.325 -2.0341e-20 -3.13856e-19 -6.24397e-05 -6.24397e-05 -6.65803e-19 -3.13342e-05 -6.24397e-05 -3.13342e-05 -3.11627e-05
6.33 -2.0341e-20 -3.13856e-19 -6.24397e-05 -6.24397e-05 -6.65803e-19 -3.13342e-05 -6.24397e-05 -3.13342e-05 -3.11627e-05
6.335 -2.0341e-20 -3.13856e-19 -6.24397e-05 -6.24397e-05 -6.65803e-19 -3.13342e-05 -6.24397e-05 -3.13342e-05 -3.11627e-05
6.34 -2.0341e-20 -3.13856e-19 -6.24397e-05 -6.24397e-05 -6.65803e-19 -3.13342e-05 -6.24397e-05 -3.13342e-05 -3.11627e-05
6.345 -2.0341e-20 -3.13856e-19 -6.24397e-05 -6.24397e-05 -6.65803e-19 -3.13342e-05 -6.24397e-05 -3.13342e-05 -3.11627e-05
6.35 -2.0341e-20 -3.13856e-19 -6.24397e-05 -6.24397e-05 -6.65803e-19 -3.13342e-05 -6.24397e-05 -3.13342e-05 -3.11627e-05
6.355 -2.0341e-20 -3.13856e-19 -6.24397e-05 -6.24397e-05 -6.65803e-19 -3.13342e-05 -6.24397e-05 -3.13342e-05 -3.11627e-05
6.36 -2.0341e-20 -3.13856e-19 -6.24397e-05 -6.24397e-05 -6.65803e-19 -3.13342e-05 -6.24397e-05 -3.13342e-05 -3.11627e-05
6.365 -2.0341e-20 -3.13856e-19 -6.24397e-05 -6.24397e-05 -6.65803e-19 -3.13342e-05 -6.24397e-05 -3.13342e-05 -3.11627e-05
6.37 -2.0341e-20 -3.13856e-19 -6.24397e-05 -6.24397e-05 -6.65803e-19 -3.13342e-05 -6.24397e-05 -3.13342e-05 -3.11627e-05
6.375 -2.0341e-20 -3.13856e-19 -6.24397e-05 -6.24397e-05 -6.65803e-19 -3.13342e-05 -6.24397e-05 -3.13342e-05 -3.11627e-05
6.38 -2.0341e-20 -3.13856e-19 -6.24397e-05 -6.24397e-05 -6.65803e-19 -3.13342e-05 -6.24397e-05 -3.13342e-05 -3.11627e-05
6.385 -2.0341e-20 -3.13856e-19 -6.24397e-05 -6.24397e-05 -6.65803e-19 -3.13342e-05 -6.24397e-05 -3.13342e-05 -3.11627e-05
6.39 -2.0341e-20 -3.13856e-19 -6.24397e-05 -6.24397e-05 -6.65803e-19 -3.13342e-05 -6.24397e-05 -3.13342e-05 -3.11627e-05
6.395 -2.0341e-20 -3.13856e-19 -6.24397e-05 -6.24397e-05 -6.65803e-19 -3.13342e-05 -6.24397e-05 -3.13342e-05 -3.11627e-05
6.4 -2.0341e-20 -3.13856e-19 -6.24397e-05 -6.24397e-05 -6.65803e-19 -3.13342e-05 -6.24397e-05 -3.13342e-05 -3.11627e-05
6.405 -2.0341e-20 -3.13857e-19 -6.24397e-05 -6.24397e-05 -6.65803e-19 -3.13342e-05 -6.24397e-05 -3.13342e-05 -3.11627e-05
6.41 -2.0341e-20 -3.13857e-19 -6.24397e-05 -6.24397e-05 -6.65803e-19 -3.13342e-05 -6.24397e-05 -3.13342e-05 -3.11627e-05
6.415 -2.0341e-20 -3.13857e-19 -6.24397e-05 -6.24397e-05 -6.65803e-19 -3.13342e-05 -6.24397e-05 -3.13342e-05 -3.11627e-05
6.42 -2.0341e-20 -3.13857e-19 -6.24397e-05 -6.24397e-05 -6.65803e-19 -3.13342e-05 -6.24397e-05 -3.13342e-05 -3.11627e-05
6.425 -2.0341e-20 -3.13857e-19 -6.24397e-05 -6.24397e-05 -6.65803e-19 -3.13342e-05 -6.24397e-05 -3.13342e-05 -3.11627e-05
6.43 -2.0341e-20 -3.13857e-19 -6.24397e-05 -6.24397e-05 -6.65803e-19 -3.13342e-05 -6.24397e-05 -3.13342e-05 -3.11627e-05
6.435 -2.0341e-20 -3.13857e-19 -6.24397e-05 -6.24397e-05 -6.65802e-19 -3.13342e-05 -6.24397e-05 -3.13342e-05 -3.11627e-05
6.44 -2.0341e-20 -3.13857e-19 -6.24397e-05 -6.24397e-05 -6.65802e-19 -3.13342e-05 -6.24397e-05 -3.13342e-05 -3.11627e-05
6.445 -2.0341e-20 -3.13857e-19 -6.24397e-05 -6.24397e-05 -6.65802e-19 -3.13342e-05 -6.24397e-05 -3.13342e-05 -3.11627e-05
6.45 -2.0341e-20 -3.13857e-19 -6.24397e-05 -6.24397e-05 -6.65802e-19 -3.13342e-05 -6.24397e-05 -3.13342e-05 -3.11627e-05
6.455 -2.0341e-20 -3.13857e-19 -6.24397e-05 -6.24397e-05 -6.65802e-19 -3.13342e-05 -6.24397e-05 -3.13342e-05 -3.11627e-05
6.46 -2.0341e-20 -3.13857e-19 -6.24397e-05 -6.24397e-05 -6.65802e-19 -3.13342e-05 -6.24397e-05 -3.13342e-05 -3.11627e-05
6.465 -2.0341e-20 -3.13857e-19 -6.24397e-05 -6.24397e-05 -6.65802e-19 -3.13342e-05 -6.24397e-05 -3.13342e-05 -3.11627e-05
6.47 -2.0341e-20 -3.13857e-19 -6.24397e-05 -6.24397e-05 -6.65802e-19 -3.13342e-05 -6.24397e-05 -3.13342e-05 -3.11627e-05
6.475 -2.0341e-20 -3.13857e-19 -6.24397e-05 -6.24397e-05 -6.65802e-19 -3.13342e-05 -6.24397e-05 -3.13342e-05 -3.11627e-05
6.48 -2.0341e-20 -3.13857e-19 -6.24397e-05 -6.24397e-05 -6.65802e-19 -3.13342e-05 -6.24397e-05 -3.13342e-05 -3.11627e-05
6.485 -2.0341e-20 -3.13857e-19 -6.24397e-05 -6.24397e-05 -6.65802e-19 -3.13342e-05 -6.24397e-05 -3.13342e-05 -3.11627e-05
6.49 -2.0341e-20 -3.13857e-19 -6.24397e-05 -6.24397e-05 -6.65802e-19 -3.13342e-05 -6.24397e-05 -3.13342e-05 -3.11627e-05
6.495 -2.0341e-20 -3.13857e-19 -6.24397e-05 -6.24397e-05 -6.65802e-19 -3.13342e-05 -6.24397e-05 -3.13342e-05 -3.11627e-05
6.5 -2.0341e-20 -3.13857e-19 -6.24397e-05 -6.24397e-05 -6.65802e-19 -3.13342e-05 -6.24397e-05 -3.13342e-05 -3.11627e-05
6.505 -2.0341e-20 -3.13857e-19 -6.24397e-05 -6.24397e-05 -6.65802e-19 -3.13342e-05 -6.24397e-05 -3.13342e-05 -3.11627e-05
6.51 -2.0341e-20 -3.13857e-19 -6.24397e-05 -6.24397e-05 -6.65802e-19 -3.13342e-05 -6.24397e-05 -3.13342e-05 -3.11627e-05
6.515 -2.0341e-20 -3.13857e-19 -6.24397e-05 -6.24397e-05 -6.65802e-19 -3.13342e-05 -6.24397e-05 -3.13342e-05 -3.11627e-05
6.52 -2.0341e-20 -3.13857e-19 -6.24397e-05 -6.24397e-05 -6.65802e-19 -3.13342e-05 -6.24397e-05 -3.13342e-05 -3.11627e-05
6.525 -2.0341e-20 -3.13857e-19 -6.24397e-05 -6.24397e-05 -6.65802e-19 -3.13342e-05 -6.24397e-05 -3.13342e-05 -3.11627e-05
6.53 -2.0341e-20 -3.13857e-19 -6.24397e-05 -6.24397e-05 -6.65802e-19 -3.13342e-05 -6.24397e-05 -3.13342e-05 -3.11627e-05
6.535 -2.0341e-20 -3.13857e-19 -6.24397e-05 -6.24397e-05 -6.65802e-19 -3.13343e-05 -6.24397e-05 -3.13343e-05 -3.11627e-05
6.54 -2.0341e-20 -3.13857e-19 -6.24397e-05 -6.24397e-05 -6.65802e-19 -3.13343e-05 -6.24397e-05 -3.13343e-05 -3.11627e-05
6.545 -2.0341e-20 -3.13857e-19 -6.24397e-05 -6.24397e-05 -6.65802e-19 -3.13343e-05 -6.24397e-05 -3.13343e-05 -3.11627e-05
6.55 -2.0341e-20 -3.13857e-19 -6.24397e-05 -6.24397e-05 -6.65802e-19 -3.13343e-05 -6.24397e-05 -3.13343e-05 -3.11627e-05
6.555 -2.0341e-20 -3.13857e-19 -6.24397e-05 -6.24397e-05 -6.65802e-19 -3.13343e-05 -6.24397e-05 -3.13343e-05 -3.11627e-05
6.56 -2.0341e-20 -3.13857e-19 -6.24397e-05 -6.24397e-05 -6.65802e-19 -3.13343e-05 -6.24397e-05 -3.13343e-05 -3.11627e-05
6.565 -2.0341e-20 -3.13857e-19 -6.24397e-05 -6.24397e-05 -6.65802e-19 -3.13343e-05 -6.24397e-05 -3.13343e-05 -3.11627e-05
6.57 -2.0341e-20 -3.13857e-19 -6.24397e-05 -6.24397e-05 -6.65802e-19 -3.13343e-05 -6.24397e-05 -3.13343e-05 -3.11627e-05
6.575 -2.0341e-20 -3.13857e-19 -6.24397e-05 -6.24397e-05 -6.65802e-19 -3.13343e-05 -6.24397e-05 -3.13343e-05 -3.11627e-05
6.58 -2.0341e-20 -3.13857e-19 -6.24397e-05 -6.24397e-05 -6.65802e-19 -3.13343e-05 -6.24397e-05 -3.13343e-05 -3.11627e-05
6.585 -2.0341e-20 -3.13857e-19 -6.24397e-05 -6.24397e-05 -6.65802e-19 -3.13343e-05 -6.24397e-05 -3.13343e-05 -3.11627e-05
6.59 -2.0341e-20 -3.13857e-19 -6.24397e-05 -6.24397e-05 -6.65802e-19 -3.13343e-05 -6.24397e-05 -3.13343e-05 -3.11627e-05
6.595 -2.0341e-20 -3.13857e-19 -6.24397e-05 -6.24397e-05 -6.65802e-19 -3.13343e-05 -6.24397e-05 -3.13343e-05 -3.11627e-05
6.6 -2.0341e-20 -3.13857e-19 -6.24397e-05 -6.24397e-05 -6.65802e-19 -3.13343e-05 -6.24397e-05 -3.13343e-05 -3.11627e-05
6.605 -2.0341e-20 -3.13857e-19 -6.24397e-05 -6.24397e-05 -6.65802e-19 -3.13343e-05 -6.24397e-05 -3.13343e-05 -3.11627e-05
6.61 -2.0341e-20 -3.13857e-19 -6.24397e-05 -6.24397e-05 -6.65802e-19 -3.13343e-05 -6.24397e-05 -3.13343e-05 -3.11627e-05
6.615 -2.0341e-20 -3.13857e-19 -6.24397e-05 -6.24397e-05 -6.65802e-19 -3.13343e-05 -6.24397e-05 -3.13343e-05 -3.11627e-05
6.62 -2.0341e-20 -3.13857e-19 -6.24397e-05 -6.24397e-05 -6.65802e-19 -3.13343e-05 -6.24397e-05 -3.13343e-05 -3.11627e-05
6.625 -2.0341e-20 -3.13857e-19 -6.24397e-05 -6.24397e-05 -6.65802e-19 -3.13343e-05 -6.24397e-05 -3.13343e-05 -3.11627e-05
6.63 -2.0341e-20 -3.13857e-19 -6.24397e-05 -6.24397e-05 -6.65802e-19 -3.13343e-05 -6.24397e-05 -3.13343e-05 -3.11627e-05
6.635 -2.0341e-20 -3.13857e-19 -6.24397e-05 -6.24397e-05 -6.65802e-19 -3.13343e-05 -6.24397e-05 -3.13343e-05 -3.11627e-05
6.64 -2.0341e-20 -3.13857e-19 -6.24397e-05 -6.24397e-05 -6.65802e-19 -3.13343e-05 -6.24397e-05 -3.13343e-05 -3.11627e-05
6.645 -2.0341e-20 -3.13857e-19 -6.24397e-05 -6.24397e-05 -6.65802e-19 -3.13343e-05 -6.24397e-05 -3.13343e-05 -3.11627e-05
6.65 -2.0341e-20 -3.13857e-19 -6.24397e-05 -6.24397e-05 -6.65802e-19 -3.13343e-05 -6.24397e-05 -3.13343e-05 -3.11627e-05
6.655 -2.0341e-20 -3.13857e-19 -6.24397e-05 -6.24397e-05 -6.65802e-19 -3.13343e-05 -6.24397e-05 -3.13343e-05 -3.11627e-05
6.66 -2.0341e-20 -3.13857e-19 -6.24397e-05 -6.24397e-05 -6.65802e-19 -3.13343e-05 -6.24397e-05 -3.13343e-05 -3.11627e-05
6.665 -2.0341e-20 -3.13857e-19 -6.24397e-05 -6.24397e-05 -6.65802e-19 -3.13343e-05 -6.24397e-05 -3.13343e-05 -3.11627e-05
6.67 -2.0341e-20 -3.13857e-19 -6.24397e-05 -6.24397e-05 -6.65802e-19 -3.13343e-05 -6.24397e-05 -3.13343e-05 -3.11627e-05
6.675 -2.0341e-20 -3.13857e-19 -6.24397e-05 -6.24397e-05 -6.65802e-19 -3.13343e-05 -6.24397e-05 -3.13343e-05 -3.11627e-05
6.68 -2.0341e-20 -3.13857e-19 -6.24397e-05 -6.24397e-05 -6.65802e-19 -3.13343e-05 -6.24397e-05 -3.13343e-05 -3.11627e-05
6.685 -2.0341e-20 -3.13857e-19 -6.24397e-05 -6.24397e-05 -6.65802e-19 -3.13343e-05 -6.24397e-05 -3.13343e-05 -3.11627e-05
6.69 -2.0341e-20 -3.13857e-19 -6.24397e-05 -6.24397e-05 -6.65802e-19 -3.13343e-05 -6.24397e-05 -3.13343e-05 -3.11627e-05
6.695 -2.0341e-20 -3.13857e-19 -6.24397e-05 -6.24397e-05 -6.65802e-19 -3.13343e-05 -6.24397e-05 -3.13343e-05 -3.11627e-05
6.7 -2.0341e-20 -3.13857e-19 -6.24397e-05 -6.24397e-05 -6.65802e-19 -3.13343e-05 -6.24397e-05 -3.13343e-05 -3.11627e-05
6.705 -2.0341e-20 -3.13857e-19 -6.24397e-05 -6.24397e-05 -6.65802e-19 -3.13343e-05 -6.24397e-05 -3.13343e-05 -3.11627e-05
6.71 -2.0341e-20 -3.13857e-19 -6.24397e-05 -6.24397e-05 -6.65802e-19 -3.13343e-05 -6.24397e-05 -3.13343e-05 -3.11627e-05
6.715 -2.0341e-20 -3.13857e-19 -6.24397e-05 -6.24397e-05 -6.65802e-19 -3.13343e-05 -6.24397e-05 -3.13343e-05 -3.11627e-05
6.72 -2.0341e-20 -3.13857e-19 -6.24397e-05 -6.24397e-05 -6.65802e-19 -3.13343e-05 -6.24397e-05 -3.13343e-05 -3.11627e-05
6.725 -2.0341e-20 -3.13857e-19 -6.24397e-05 -6.24397e-05 -6.65802e-19 -3.13343e-05 -6.24397e-05 -3.13343e-05 -3.11627e-05
6.73 -2.0341e-20 -3.13857e-19 -6.24397e-05 -6.24397e-05 -6.65802e-19 -3.13343e-05 -6.24397e-05 -3.13343e-05 -3.11627e-05
6.735 -2.0341e-20 -3.13857e-19 -6.24397e-05 -6.24397e-05 -6.65802e-19 -3.13343e-05 -6.24397e-05 -3.13343e-05 -3.11627e-05
6.74 -2.0341e-20 -3.13857e-19 -6.24397e-05 -6.24397e-05 -6.65802e-19 -3.13343e-05 -6.24397e-05 -3.13343e-05 -3.11627e-05
6.745 -2.0341e-20 -3.13857e-19 -6.24397e-05 -6.24397e-05 -6.65802e-19 -3.13343e-05 -6.24397e-05 -3.13343e-05 -3.11627e-05
6.75 -2.0341e-20 -3.13857e-19 -6.24397e-05 -6.24397e-05 -6.65802e-19 -3.13343e-05 -6.24397e-05 -3.13343e-05 -3.11627e-05
6.755 -2.0341e-20 -3.13857e-19 -6.24397e-05 -6.24397e-05 -6.65802e-19 -3.13343e-05 -6.24397e-05 -3.13343e-05 -3.11627e-05
6.76 -2.0341e-20 -3.13857e-19 -6.24397e-05 -6.24397e-05 -6.65802e-19 -3.13343e-05 -6.24397e-05 -3.13343e-05 -3.11627e-05
6.765 -2.0341e-20 -3.13857e-19 -6.24397e-05 -6.24397e-05 -6.65802e-19 -3.13343e-05 -6.24397e-05 -3.13343e-05 -3.11627e-05
6.77 -2.0341e-20 -3.13857e-19 -6.24397e-05 -6.24397e-05 -6.65802e-19 -3.13343e-05 -6.24397e-05 -3.13343e-05 -3.11627e-05
6.775 -2.0341e-20 -3.13857e-19 -6.24397e-05 -6.24397e-05 -6.65802e-19 -3.13343e-05 -6.24397e-05 -3.13343e-05 -3.11627e-05
6.78 -2.0341e-20 -3.13857e-19 -6.24397e-05 -6.24397e-05 -6.65802e-19 -3.13343e-05 -6.24397e-05 -3.13343e-05 -3.11627e-05
6.785 -2.0341e-20 -3.13857e-19 -6.24397e-05 -6.24397e-05 -6.65802e-19 -3.13343e-05 -6.24397e-05 -3.13343e-05 -3.11627e-05
6.79 -2.0341e-20 -3.13857e-19 -6.24397e-05 -6.24397e-05 -6.65802e-19 -3.13343e-05 -6.24397e-05 -3.13343e-05 -3.11627e-05
6.795 -2.0341e-20 -3.13857e-19 -6.24397e-05 -6.24397e-05 -6.65802e-19 -3.13343e-05 -6.24397e-05 -3.13343e-05 -3.11627e-05
6.8 -2.0341e-20 -3.13857e-19 -6.24397e-05 -6.24397e-05 -6.65802e-19 -3.13343e-05 -6.24397e-05 -3.13343e-05 -3.11627e-05
6.805 -2.0341e-20 -3.13857e-19 -6.24397e-05 -6.24397e-05 -6.65802e-19 -3.13343e-05 -6.24397e-05 -3.13343e-05 -3.11627e-05
6.81 -2.0341e-20 -3.13857e-19 -6.24397e-05 -6.24397e-05 -6.65802e-19 -3.13343e-05 -6.24397e-05 -3.13343e-05 -3.11627e-05
6.815 -2.0341e-20 -3.13857e-19 -6.24397e-05 -6.24397e-05 -6.65802e-19 -3.13343e-05 -6.24397e-05 -3.13343e-05 -3.11627e-05
6.82 -2.0341e-20 -3.13857e-19 -6.24397e-05 -6.24397e-05 -6.65802e-19 -3.13343e-05 -6.24397e-05 -3.13343e-05 -3.11627e-05
6.825 -2.0341e-20 -3.13857e-19 -6.24397e-05 -6.24397e-05 -6.65802e-19 -3.13343e-05 -6.24397e-05 -3.13343e-05 -3.11627e-05
6.83 -2.0341e-20 -3.13857e-19 -6.24397e-05 -6.24397e-05 -6.65802e-19 -3.13343e-05 -6.24397e-05 -3.13343e-05 -3.11627e-05
6.835 -2.0341e-20 -3.13857e-19 -6.24397e-05 -6.24397e-05 -6.65802e-19 -3.13343e-05 -6.24397e-05 -3.13343e-05 -3.11627e-05
6.84 -2.0341e-20 -3.13857e-19 -6.24397e-05 -6.24397e-05 -6.65802e-19 -3.13343e-05 -6.24397e-05 -3.13343e-05 -3.11627e-05
6.845 -2.0341e-20 -3.13857e-19 -6.24397e-05 -6.24397e-05 -6.65802e-19 -3.13343e-05 -6.24397e-05 -3.13343e-05 -3.11626e-05
6.85 -2.0341e-20 -3.13857e-19 -6.24397e-05 -6.24397e-05 -6.65802e-19 -3.13343e-05 -6.24397e-05 -3.13343e-05 -3.11626e-05
6.855 -2.0341e-20 -3.13857e-19 -6.24397e-05 -6.24397e-05 -6.65802e-19 -3.13343e-05 -6.24397e-05 -3.13343e-05 -3.11626e-05
6.86 -2.0341e-20 -3.13857e-19 -6.24397e-05 -6.24397e-05 -6.65802e-19 -3.13343e-05 -6.24397e-05 -3.13343e-05 -3.11626e-05
6.865 -2.0341e-20 -3.13857e-19 -6.24397e-05 -6.24397e-05 -6.65802e-19 -3.13343e-05 -6.24397e-05 -3.13343e-05 -3.11626e-05
6.87 -2.0341e-20 -3.13857e-19 -6.24397e-05 -6.24397e-05 -6.65802e-19 -3.13343e-05 -6.24397e-05 -3.13343e-05 -3.11626e-05
6.875 -2.0341e-20 -3.13857e-19 -6.24397e-05 -6.24397e-05 -6.65802e-19 -3.13343e-05 -6.24397e-05 -3.13343e-05 -3.11626e-05
6.88 -2.0341e-20 -3.13857e-19 -6.24397e-05 -6.24397e-05 -6.65802e-19 -3.13343e-05 -6.24397e-05 -3.13343e-05 -3.11626e-05
6.885 -2.0341e-20 -3.13857e-19 -6.24397e-05 -6.24397e-05 -6.65802e-19 -3.13343e-05 -6.24397e-05 -3.13343e-05 -3.11626e-05
6.89 -2.0341e-20 -3.13857e-19 -6.24397e-05 -6.24397e-05 -6.65802e-19 -3.13343e-05 -6.24397e-05 -3.13343e-05 -3.11626e-05
6.895 -2.0341e-20 -3.13857e-19 -6.24397e-05 -6.24397e-05 -6.65802e-19 -3.13343e-05 -6.24397e-05 -3.13343e-05 -3.11626e-05
6.9 -2.0341e-20 -3.13857e-19 -6.24397e-05 -6.24397e-05 -6.65802e-19 -3.13343e-05 -6.24397e-05 -3.13343e-05 -3.11626e-05
6.905 -2.0341e-20 -3.13857e-19 -6.24397e-05 -6.24397e-05 -6.65802e-19 -3.13343e-05 -6.24397e-05 -3.13343e-05 -3.11626e-05
6.91 -2.0341e-20 -3.13857e-19 -6.24397e-05 -6.24397e-05 -6.65802e-19 -3.13343e-05 -6.24397e-05 -3.13343e-05 -3.11626e-05
6.915 -2.0341e-20 -3.13857e-19 -6.24397e-05 -6.24397e-05 -6.65802e-19 -3.13343e-05 -6.24397e-05 -3.13343e-05 -3.11626e-05
6.92 -2.0341e-20 -3.13857e-19 -6.24397e-05 -6.24397e-05 -6.65802e-19 -3.13343e-05 -6.24397e-05 -3.13343e-05 -3.11626e-05
6.925 -2.0341e-20 -3.13857e-19 -6.24397e-05 -6.24397e-05 -6.65802e-19 -3.13343e-05 -6.24397e-05 -3.13343e-05 -3.11626e-05
6.93 -2.0341e-20 -3.13857e-19 -6.24397e-05 -6.24397e-05 -6.65802e-19 -3.13343e-05 -6.24397e-05 -3.13343e-05 -3.11626e-05
6.935 -2.0341e-20 -3.13857e-19 -6.24397e-05 -6.24397e-05 -6.65802e-19 -3.13343e-05 -6.24397e-05 -3.13343e-05 -3.11626e-05
6.94 -2.0341e-20 -3.13857e-19 -6.24397e-05 -6.24397e-05 -6.65802e-19 -3.13343e-05 -6.24397e-05 -3.13343e-05 -3.11626e-05
6.945 -2.0341e-20 -3.13857e-19 -6.24397e-05 -6.24397e-05 -6.65802e-19 -3.13343e-05 -6.24397e-05 -3.13343e-05 -3.11626e-05
6.95 -2.0341e-20 -3.13857e-19 -6.24397e-05 -6.24397e-05 -6.65802e-19 -3.13343e-05 -6.24397e-05 -3.13343e-05 -3.11626e-05
6.955 -2.0341e-20 -3.13857e-19 -6.24397e-05 -6.24397e-05 -6.65802e-19 -3.13343e-05 -6.24397e-05 -3.13343e-05 -3.11626e-05
6.96 -2.0341e-20 -3.13857e-19 -6.24397e-05 -6.24397e-05 -6.65802e-19 -3.13343e-05 -6.24397e-05 -3.13343e-05 -3.11626e-05
6.965 -2.0341e-20 -3.13857e-19 -6.24397e-05 -6.24397e-05 -6.65802e-19 -3.13343e-05 -6.24397e-05 -3.13343e-05 -3.11626e-05
6.97 -2.0341e-20 -3.13857e-19 -6.24397e-05 -6.24397e-05 -6.65802e-19 -3.13343e-05 -6.24397e-05 -3.13343e-05 -3.11626e-05
6.975 -2.0341e-20 -3.13857e-19 -6.24397e-05 -6.24397e-05 -6.65802e-19 -3.13343e-05 -6.24397e-05 -3.13343e-05 -3.11626e-05
6.98 -2.0341e-20 -3.13857e-19 -6.24397e-05 -6.24397e-05 -6.65802e-19 -3.13343e-05 -6.24397e-05 -3.13343e-05 -3.11626e-05
6.985 -2.0341e-20 -3.13857e-19 -6.24397e-05 -6.24397e-05 -6.65802e-19 -3.13343e-05 -6.24397e-05 -3.13343e-05 -3.11626e-05
6.99 -2.0341e-20 -3.13857e-19 -6.24397e-05 -6.24397e-05 -6.65802e-19 -3.13343e-05 -6.24397e-05 -3.13343e-05 -3.11626e-05
6.995 -2.0341e-20 -3.13857e-19 -6.24397e-05 -6.24397e-05 -6.65802e-19 -3.13343e-05 -6.24397e-05 -3.13343e-05 -3.11626e-05
7 -2.0341e-20 -3.13857e-19 -6.24397e-05 -6.24397e-05 -6.65802e-19 -3.13343e-05 -6.24397e-05 -3.13343e-05 -3.11626e-05
7.005 -2.0341e-20 -3.13857e-19 -6.24397e-05 -6.24397e-05 -6.65802e-19 -3.13343e-05 -6.24397e-05 -3.13343e-05 -3.11626e-05
7.01 -2.0341e-20 -3.13857e-19 -6.24397e-05 -6.24397e-05 -6.65802e-19 -3.13343e-05 -6.24397e-05 -3.13343e-05 -3.11626e-05
7.015 -2.0341e-20 -3.13857e-19 -6.24397e-05 -6.24397e-05 -6.65802e-19 -3.13343e-05 -6.24397e-05 -3.13343e-05 -3.11626e-05
7.02 -2.0341e-20 -3.13857e-19 -6.24397e-05 -6.24397e-05 -6.65802e-19 -3.13343e-05 -6.24397e-05 -3.13343e-05 -3.11626e-05
7.025 -2.0341e-20 -3.13857e-19 -6.24397e-05 -6.24397e-05 -6.65802e-19 -3.13343e-05 -6.24397e-05 -3.13343e-05 -3.11626e-05
7.03 -2.0341e-20 -3.13857e-19 -6.24397e-05 -6.24397e-05 -6.65802e-19 -3.13343e-05 -6.24397e-05 -3.13343e-05 -3.11626e-05
7.035 -2.0341e-20 -3.13857e-19 -6.24397e-05 -6.24397e-05 -6.65802e-19 -3.13343e-05 -6.24397e-05 -3.13343e-05 -3.11626e-05
7.04 -2.0341e-20 -3.13857e-19 -6.24397e-05 -6.24397e-05 -6.65802e-19 -3.13343e-05 -6.24397e-05 -3.13343e-05 -3.11626e-05
7.045 -2.0341e-20 -3.13857e-19 -6.24397e-05 -6.24397e-05 -6.65802e-19 -3.13343e-05 -6.24397e-05 -3.13343e-05 -3.11626e-05
7.05 -2.03411e-20 -3.13857e-19 -6.24397e-05 -6.24397e-05 -6.65802e-19 -3.13343e-05 -6.24397e-05 -3.13343e-05 -3.11626e-05
7.055 -2.03411e-20 -3.13857e-19 -6.24397e-05 -6.24397e-05 -6.65802e-19 -3.13343e-05 -6.24397e-05 -3.13343e-05 -3.11626e-05
7.06 -2.03411e-20 -3.13857e-19 -6.24397e-05 -6.24397e-05 -6.65802e-19 -3.13343e-05 -6.24397e-05 -3.13343e-05 -3.11626e-05
7.065 -2.03411e-20 -3.13857e-19 -6.24397e-05 -6.24397e-05 -6.65802e-19 -3.13343e-05 -6.24397e-05 -3.13343e-05 -3.11626e-05
7.07 -2.03411e-20 -3.13857e-19 -6.24397e-05 -6.24397e-05 -6.65802e-19 -3.13343e-05 -6.24397e-05 -3.13343e-05 -3.11626e-05
7.075 -2.03411e-20 -3.13857e-19 -6.24397e-05 -6.24397e-05 -6.65802e-19 -3.13343e-05 -6.24397e-05 -3.13343e-05 -3.11626e-05
7.08 -2.03411e-20 -3.13857e-19 -6.24397e-05 -6.24397e-05 -6.65802e-19 -3.13343e-05 -6.24397e-05 -3.13343e-05 -3.11626e-05
7.085 -2.03411e-20 -3.13857e-19 -6.24397e-05 -6.24397e-05 -6.65802e-19 -3.13343e-05 -6.24397e-05 -3.13343e-05 -3.11626e-05
7.09 -2.03411e-20 -3.13857e-19 -6.24397e-05 -6.24397e-05 -6.65802e-19 -3.13343e-05 -6.24397e-05 -3.13343e-05 -3.11626e-05
7.095 -2.03411e-20 -3.13857e-19 -6.24397e-05 -6.24397e-05 -6.65802e-19 -3.13343e-05 -6.24397e-05 -3.13343e-05 -3.11626e-05
7.1 -2.03411e-20 -3.13857e-19 -6.24397e-05 -6.24397e-05 -6.65802e-19 -3.13343e-05 -6.24397e-05 -3.13343e-05 -3.11626e-05
7.105 -2.03411e-20 -3.13857e-19 -6.24397e-05 -6.24397e-05 -6.65802e-19 -3.13343e-05 -6.24397e-05 -3.13343e-05 -3.11626e-05
7.11 -2.03411e-20 -3.13857e-19 -6.24397e-05 -6.24397e-05 -6.65802e-19 -3.13343e-05 -6.24397e-05 -3.13343e-05 -3.11626e-05
7.115 -2.03411e-20 -3.13857e-19 -6.24397e-05 -6.24397e-05 -6.65802e-19 -3.13343e-05 -6.24397e-05 -3.13343e-05 -3.11626e-05
7.12 -2.03411e-20 -3.13857e-19 -6.24397e-05 -6.24397e-05 -6.65802e-19 -3.13343e-05 -6.24397e-05 -3.13343e-05 -3.11626e-05
7.125 -2.03411e-20 -3.13857e-19 -6.24397e-05 -6.24397e-05 -6.65802e-19 -3.13343e-05 -6.24397e-05 -3.13343e-05 -3.11626e-05
7.13 -2.03411e-20 -3.13857e-19 -6.24397e-05 -6.24397e-05 -6.65802e-19 -3.13343e-05 -6.24397e-05 -3.13343e-05 -3.11626e-05
7.135 -2.03411e-20 -3.13857e-19 -6.24397e-05 -6.24397e-05 -6.65802e-19 -3.13343e-05 -6.24397e-05 -3.13343e-05 -3.11626e-05
7.14 -2.03411e-20 -3.13857e-19 -6.24397e-05 -6.24397e-05 -6.65802e-19 -3.13343e-05 -6.24397e-05 -3.13343e-05 -3.11626e-05
7.145 -2.03411e-20 -3.13857e-19 -6.24397e-05 -6.24397e-05 -6.65802e-19 -3.13343e-05 -6.24397e-05 -3.13343e-05 -3.11626e-05
7.15 -2.03411e-20 -3.13857e-19 -6.24397e-05 -6.24397e-05 -6.65802e-19 -3.13343e-05 -6.24397e-05 -3.13343e-05 -3.11626e-05
7.155 -2.03411e-20 -3.13857e-19 -6.24397e-05 -6.24397e-05 -6.65802e-19 -3.13343e-05 -6.24397e-05 -3.13343e-05 -3.11626e-05
7.16 -2.03411e-20 -3.13857e-19 -6.24397e-05 -6.24397e-05 -6.65802e-19 -3.13343e-05 -6.24397e-05 -3.13343e-05 -3.11626e-05
7.165 -2.03411e-20 -3.13857e-19 -6.24397e-05 -6.24397e-05 -6.65802e-19 -3.13343e-05 -6.24397e-05 -3.13343e-05 -3.11626e-05
7.17 -2.03411e-20 -3.13857e-19 -6.24397e-05 -6.24397e-05 -6.65802e-19 -3.13343e-05 -6.24397e-05 -3.13343e-05 -3.11626e-05
7.175 -2.03411e-20 -3.13857e-19 -6.24397e-05 -6.24397e-05 -6.65802e-19 -3.13343e-05 -6.24397e-05 -3.13343e-05 -3.11626e-05
7.18 -2.03411e-20 -3.13857e-19 -6.24397e-05 -6.24397e-05 -6.65802e-19 -3.13343e-05 -6.24397e-05 -3.13343e-05 -3.11626e-05
7.185 -2.03411e-20 -3.13857e-19 -6.24397e-05 -6.24397e-05 -6.65802e-19 -3.13343e-05 -6.24397e-05 -3.13343e-05 -3.11626e-05
7.19 -2.03411e-20 -3.13857e-19 -6.24397e-05 -6.24397e-05 -6.65802e-19 -3.13343e-05 -6.24397e-05 -3.13343e-05 -3.11626e-05
7.195 -2.03411e-20 -3.13857e-19 -6.24397e-05 -6.24397e-05 -6.65802e-19 -3.13343e-05 -6.24397e-05 -3.13343e-05 -3.11626e-05
7.2 -2.03411e-20 -3.13857e-19 -6.24397e-05 -6.24397e-05 -6.65802e-19 -3.13343e-05 -6.24397e-05 -3.13343e-05 -3.11626e-05
7.205 -2.03411e-20 -3.13857e-19 -6.24397e-05 -6.24397e-05 -6.65802e-19 -3.13343e-05 -6.24397e-05 -3.13343e-05 -3.11626e-05
7.21 -2.03411e-20 -3.13857e-19 -6.24397e-05 -6.24397e-05 -6.65802e-19 -3.13343e-05 -6.24397e-05 -3.13343e-05 -3.11626e-05
7.215 -2.03411e-20 -3.13857e-19 -6.24397e-05 -6.24397e-05 -6.65802e-19 -3.13343e-05 -6.24397e-05 -3.13343e-05 -3.11626e-05
7.22 -2.03411e-20 -3.13857e-19 -6.24397e-05 -6.24397e-05 -6.65802e-19 -3.13343e-05 -6.24397e-05 -3.13343e-05 -3.11626e-05
7.225 -2.03411e-20 -3.13857e-19 -6.24397e-05 -6.24397e-05 -6.65802e-19 -3.13343e-05 -6.24397e-05 -3.13343e-05 -3.11626e-05
7.23 -2.03411e-20 -3.13857e-19 -6.24397e-05 -6.24397e-05 -6.65802e-19 -3.13343e-05 -6.24397e-05 -3.13343e-05 -3.11626e-05
7.235 -2.03411e-20 -3.13857e-19 -6.24397e-05 -6.24397e-05 -6.65802e-19 -3.13343e-05 -6.24397e-05 -3.13343e-05 -3.11626e-05
7.24 -2.03411e-20 -3.13857e-19 -6.24397e-05 -6.24397e-05 -6.65802e-19 -3.13343e-05 -6.24397e-05 -3.13343e-05 -3.11626e-05
7.245 -2.03411e-20 -3.13857e-19 -6.24397e-05 -6.24397e-05 -6.65802e-19 -3.13343e-05 -6.24397e-05 -3.13343e-05 -3.11626e-05
7.25 -2.03411e-20 -3.13857e-19 -6.24397e-05 -6.24397e-05 -6.65802e-19 -3.13343e-05 -6.24397e-05 -3.13343e-05 -3.11626e-05
7.255 -2.03411e-20 -3.13857e-19 -6.24397e-05 -6.24397e-05 -6.65802e-19 -3.13343e-05 -6.24397e-05 -3.13343e-05 -3.11626e-05
7.26 -2.03411e-20 -3.13857e-19 -6.24397e-05 -6.24397e-05 -6.65802e-19 -3.13343e-05 -6.24397e-05 -3.13343e-05 -3.11626e-05
7.265 -2.03411e-20 -3.13857e-19 -6.24397e-05 -6.24397e-05 -6.65802e-19 -3.13343e-05 -6.24397e-05 -3.13343e-05 -3.11626e-05
7.27 -2.03411e-20 -3.13857e-19 -6.24397e-05 -6.24397e-05 -6.65802e-19 -3.13343e-05 -6.24397e-05 -3.13343e-05 -3.11626e-05
7.275 -2.03411e-20 -3.13857e-19 -6.24397e-05 -6.24397e-05 -6.65802e-19 -3.13343e-05 -6.24397e-05 -3.13343e-05 -3.11626e-05
7.28 -2.03411e-20 -3.13857e-19 -6.24397e-05 -6.24397e-05 -6.65802e-19 -3.13343e-05 -6.24397e-05 -3.13343e-05 -3.11626e-05
7.285 -2.03411e-20 -3.13857e-19 -6.24397e-05 -6.24397e-05 -6.65802e-19 -3.13343e-05 -6.24397e-05 -3.13343e-05 -3.11626e-05
7.29 -2.03411e-20 -3.13857e-19 -6.24397e-05 -6.24397e-05 -6.65802e-19 -3.13343e-05 -6.24397e-05 -3.13343e-05 -3.11626e-05
7.295 -2.03411e-20 -3.13857e-19 -6.24397e-05 -6.24397e-05 -6.65802e-19 -3.13343e-05 -6.24397e-05 -3.13343e-05 -3.11626e-05
7.3 -2.03411e-20 -3.13857e-19 -6.24397e-05 -6.24397e-05 -6.65802e-19 -3.13343e-05 -6.24397e-05 -3.13343e-05 -3.11626e-05
7.305 -2.03411e-20 -3.13857e-19 -6.24397e-05 -6.24397e-05 -6.65802e-19 -3.13343e-05 -6.24397e-05 -3.13343e-05 -3.11626e-05
7.31 -2.03411e-20 -3.13857e-19 -6.24397e-05 -6.24397e-05 -6.65802e-19 -3.13343e-05 -6.24397e-05 -3.13343e-05 -3.11626e-05
7.315 -2.03411e-20 -3.13857e-19 -6.24397e-05 -6.24397e-05 -6.65802e-19 -3.13343e-05 -6.24397e-05 -3.13343e-05 -3.11626e-05
7.32 -2.03411e-20 -3.13857e-19 -6.24397e-05 -6.24397e-05 -6.65802e-19 -3.13343e-05 -6.24397e-05 -3.13343e-05 -3.11626e-05
7.325 -2.03411e-20 -3.13857e-19 -6.24397e-05 -6.24397e-05 -6.65802e-19 -3.13343e-05 -6.24397e-05 -3.13343e-05 -3.11626e-05
7.33 -2.03411e-20 -3.13857e-19 -6.24397e-05 -6.24397e-05 -6.65802e-19 -3.13343e-05 -6.24397e-05 -3.13343e-05 -3.11626e-05
7.335 -2.03411e-20 -3.13857e-19 -6.24397e-05 -6.24397e-05 -6.65802e-19 -3.13343e-05 -6.24397e-05 -3.13343e-05 -3.11626e-05
7.34 -2.03411e-20 -3.13857e-19 -6.24397e-05 -6.24397e-05 -6.65802e-19 -3.13343e-05 -6.24397e-05 -3.13343e-05 -3.11626e-05
7.345 -2.03411e-20 -3.13857e-19 -6.24397e-05 -6.24397e-05 -6.65802e-19 -3.13343e-05 -6.24397e-05 -3.13343e-05 -3.11626e-05
7.35 -2.03411e-20 -3.13857e-19 -6.24397e-05 -6.24397e-05 -6.65802e-19 -3.13343e-05 -6.24397e-05 -3.13343e-05 -3.11626e-05
7.355 -2.03411e-20 -3.13857e-19 -6.24397e-05 -6.24397e-05 -6.65802e-19 -3.13343e-05 -6.24397e-05 -3.13343e-05 -3.11626e-05
7.36 -2.03411e-20 -3.13857e-19 -6.24397e-05 -6.24397e-05 -6.65802e-19 -3.13343e-05 -6.24397e-05 -3.13343e-05 -3.11626e-05
7.365 -2.03411e-20 -3.13857e-19 -6.24397e-05 -6.24397e-05 -6.65802e-19 -3.13343e-05 -6.24397e-05 -3.13343e-05 -3.11626e-05
7.37 -2.03411e-20 -3.13857e-19 -6.24397e-05 -6.24397e-05 -6.65802e-19 -3.13343e-05 -6.24397e-05 -3.13343e-05 -3.11626e-05
7.375 -2.03411e-20 -3.13857e-19 -6.24397e-05 -6.24397e-05 -6.65802e-19 -3.13343e-05 -6.24397e-05 -3.13343e-05 -3.11626e-05
7.38 -2.03411e-20 -3.13857e-19 -6.24397e-05 -6.24397e-05 -6.65802e-19 -3.13343e-05 -6.24397e-05 -3.13343e-05 -3.11626e-05
7.385 -2.03411e-20 -3.13857e-19 -6.24397e-05 -6.24397e-05 -6.65802e-19 -3.13343e-05 -6.24397e-05 -3.13343e-05 -3.11626e-05
7.39 -2.03411e-20 -3.13857e-19 -6.24397e-05 -6.24397e-05 -6.65802e-19 -3.13343e-05 -6.24397e-05 -3.13343e-05 -3.11626e-05
7.395 -2.03411e-20 -3.13857e-19 -6.24397e-05 -6.24397e-05 -6.65802e-19 -3.13343e-05 -6.24397e-05 -3.13343e-05 -3.11626e-05
7.4 -2.03411e-20 -3.13857e-19 -6.24397e-05 -6.24397e-05 -6.65802e-19 -3.13343e-05 -6.24397e-05 -3.13343e-05 -3.11626e-05
7.405 -2.03411e-20 -3.13857e-19 -6.24397e-05 -6.24397e-05 -6.65802e-19 -3.13343e-05 -6.24397e-05 -3.13343e-05 -3.11626e-05
7.41 -2.03411e-20 -3.13857e-19 -6.24397e-05 -6.24397e-05 -6.65802e-19 -3.13343e-05 -6.24397e-05 -3.13343e-05 -3.11626e-05
7.415 -2.03411e-20 -3.13857e-19 -6.24397e-05 -6.24397e-05 -6.65802e-19 -3.13343e-05 -6.24397e-05 -3.13343e-05 -3.11626e-05
7.42 -2.03411e-20 -3.13857e-19 -6.24397e-05 -6.24397e-05 -6.65802e-19 -3.13343e-05 -6.24397e-05 -3.13343e-05 -3.11626e-05
7.425 -2.03411e-20 -3.13857e-19 -6.24397e-05 -6.24397e-05 -6.65802e-19 -3.13343e-05 -6.24397e-05 -3.13343e-05 -3.11626e-05
7.43 -2.03411e-20 -3.13857e-19 -6.24397e-05 -6.24397e-05 -6.65802e-19 -3.13343e-05 -6.24397e-05 -3.13343e-05 -3.11626e-05
7.435 -2.03411e-20 -3.13857e-19 -6.24397e-05 -6.24397e-05 -6.65802e-19 -3.13343e-05 -6.24397e-05 -3.13343e-05 -3.11626e-05
7.44 -2.03411e-20 -3.13857e-19 -6.24397e-05 -6.24397e-05 -6.65802e-19 -3.13343e-05 -6.24397e-05 -3.13343e-05 -3.11626e-05
7.445 -2.03411e-20 -3.13857e-19 -6.24397e-05 -6.24397e-05 -6.65802e-19 -3.13343e-05 -6.24397e-05 -3.13343e-05 -3.11626e-05
7.45 -2.03411e-20 -3.13857e-19 -6.24397e-05 -6.24397e-05 -6.65802e-19 -3.13343e-05 -6.24397e-05 -3.13343e-05 -3.11626e-05
7.455 -2.03411e-20 -3.13857e-19 -6.24397e-05 -6.24397e-05 -6.65802e-19 -3.13343e-05 -6.24397e-05 -3.13343e-05 -3.11626e-05
7.46 -2.03411e-20 -3.13857e-19 -6.24397e-05 -6.24397e-05 -6.65802e-19 -3.13343e-05 -6.24397e-05 -3.13343e-05 -3.11626e-05
7.465 -2.03411e-20 -3.13857e-19 -6.24397e-05 -6.24397e-05 -6.65802e-19 -3.13343e-05 -6.24397e-05 -3.13343e-05 -3.11626e-05
7.47 -2.03411e-20 -3.13857e-19 -6.24397e-05 -6.24397e-05 -6.65802e-19 -3.13343e-05 -6.24397e-05 -3.13343e-05 -3.11626e-05
7.475 -2.03411e-20 -3.13857e-19 -6.24397e-05 -6.24397e-05 -6.65802e-19 -3.13343e-05 -6.24397e-05 -3.13343e-05 -3.11626e-05
7.48 -2.03411e-20 -3.13857e-19 -6.24397e-05 -6.24397e-05 -6.65802e-19 -3.13343e-05 -6.24397e-05 -3.13343e-05 -3.11626e-05
7.485 -2.03411e-20 -3.13857e-19 -6.24397e-05 -6.24397e-05 -6.65802e-19 -3.13343e-05 -6.24397e-05 -3.13343e-05 -3.11626e-05
7.49 -2.03411e-20 -3.13857e-19 -6.24397e-05 -6.24397e-05 -6.65802e-19 -3.13343e-05 -6.24397e-05 -3.13343e-05 -3.11626e-05
7.495 -2.03411e-20 -3.13857e-19 -6.24397e-05 -6.24397e-05 -6.65802e-19 -3.13343e-05 -6.24397e-05 -3.13343e-05 -3.11626e-05
7.5 -2.03411e-20 -3.13857e-19 -6.24397e-05 -6.24397e-05 -6.65802e-19 -3.13343e-05 -6.24397e-05 -3.13343e-05 -3.11626e-05
7.505 -2.03411e-20 -3.13857e-19 -6.24397e-05 -6.24397e-05 -6.65802e-19 -3.13343e-05 -6.24397e-05 -3.13343e-05 -3.11626e-05
7.51 -2.03411e-20 -3.13857e-19 -6.24397e-05 -6.24397e-05 -6.65802e-19 -3.13343e-05 -6.24397e-05 -3.13343e-05 -3.11626e-05
7.515 -2.03411e-20 -3.13857e-19 -6.24397e-05 -6.24397e-05 -6.65802e-19 -3.13343e-05 -6.24397e-05 -3.13343e-05 -3.11626e-05
7.52 -2.03411e-20 -3.13857e-19 -6.24397e-05 -6.24397e-05 -6.65802e-19 -3.13343e-05 -6.24397e-05 -3.13343e-05 -3.11626e-05
7.525 -2.03411e-20 -3.13857e-19 -6.24397e-05 -6.24397e-05 -6.65802e-19 -3.13343e-05 -6.24397e-05 -3.13343e-05 -3.11626e-05
7.53 -2.03411e-20 -3.13857e-19 -6.24397e-05 -6.24397e-05 -6.65802e-19 -3.13343e-05 -6.24397e-05 -3.13343e-05 -3.11626e-05
7.535 -2.03411e-20 -3.13857e-19 -6.24397e-05 -6.24397e-05 -6.65802e-19 -3.13343e-05 -6.24397e-05 -3.13343e-05 -3.11626e-05
7.54 -2.03411e-20 -3.13857e-19 -6.24397e-05 -6.24397e-05 -6.65802e-19 -3.13343e-05 -6.24397e-05 -3.13343e-05 -3.11626e-05
7.545 -2.03411e-20 -3.13857e-19 -6.24397e-05 -6.24397e-05 -6.65802e-19 -3.13343e-05 -6.24397e-05 -3.13343e-05 -3.11626e-05
7.55 -2.03411e-20 -3.13857e-19 -6.24397e-05 -6.24397e-05 -6.65802e-19 -3.13343e-05 -6.24397e-05 -3.13343e-05 -3.11626e-05
7.555 -2.03411e-20 -3.13857e-19 -6.24397e-05 -6.24397e-05 -6.65802e-19 -3.13343e-05 -6.24397e-05 -3.13343e-05 -3.11626e-05
7.56 -2.03411e-20 -3.13857e-19 -6.24397e-05 -6.24397e-05 -6.65802e-19 -3.13343e-05 -6.24397e-05 -3.13343e-05 -3.11626e-05
7.565 -2.03411e-20 -3.13857e-19 -6.24397e-05 -6.24397e-05 -6.65802e-19 -3.13343e-05 -6.24397e-05 -3.13343e-05 -3.11626e-05
7.57 -2.03411e-20 -3.13857e-19 -6.24397e-05 -6.24397e-05 -6.65802e-19 -3.13343e-05 -6.24397e-05 -3.13343e-05 -3.11626e-05
7.575 -2.03411e-20 -3.13857e-19 -6.24397e-05 -6.24397e-05 -6.65802e-19 -3.13343e-05 -6.24397e-05 -3.13343e-05 -3.11626e-05
7.58 -2.03411e-20 -3.13857e-19 -6.24397e-05 -6.24397e-05 -6.65802e-19 -3.13343e-05 -6.24397e-05 -3.13343e-05 -3.11626e-05
7.585 -2.03411e-20 -3.13857e-19 -6.24397e-05 -6.24397e-05 -6.65802e-19 -3.13343e-05 -6.24397e-05 -3.13343e-05 -3.11626e-05
7.59 -2.03411e-20 -3.13857e-19 -6.24397e-05 -6.24397e-05 -6.65802e-19 -3.13343e-05 -6.24397e-05 -3.13343e-05 -3.11626e-05
7.595 -2.03411e-20 -3.13857e-19 -6.24397e-05 -6.24397e-05 -6.65802e-19 -3.13343e-05 -6.24397e-05 -3.13343e-05 -3.11626e-05
7.6 -2.03411e-20 -3.13857e-19 -6.24397e-05 -6.24397e-05 -6.65802e-19 -3.13343e-05 -6.24397e-05 -3.13343e-05 -3.11626e-05
7.605 -2.03411e-20 -3.13857e-19 -6.24397e-05 -6.24397e-05 -6.65802e-19 -3.13343e-05 -6.24397e-05 -3.13343e-05 -3.11626e-05
7.61 -2.03411e-20 -3.13857e-19 -6.24397e-05 -6.24397e-05 -6.65802e-19 -3.13343e-05 -6.24397e-05 -3.13343e-05 -3.11626e-05
7.615 -2.03411e-20 -3.13857e-19 -6.24397e-05 -6.24397e-05 -6.65802e-19 -3.13343e-05 -6.24397e-05 -3.13343e-05 -3.11626e-05
7.62 -2.03411e-20 -3.13857e-19 -6.24397e-05 -6.24397e-05 -6.65802e-19 -3.13343e-05 -6.24397e-05 -3.13343e-05 -3.11626e-05
7.625 -2.03411e-20 -3.13857e-19 -6.24397e-05 -6.24397e-05 -6.65802e-19 -3.13343e-05 -6.24397e-05 -3.13343e-05 -3.11626e-05
7.63 -2.03411e-20 -3.13857e-19 -6.24397e-05 -6.24397e-05 -6.65802e-19 -3.13343e-05 -6.24397e-05 -3.13343e-05 -3.11626e-05
7.635 -2.03411e-20 -3.13857e-19 -6.24397e-05 -6.24397e-05 -6.65802e-19 -3.13343e-05 -6.24397e-05 -3.13343e-05 -3.11626e-05
7.64 -2.03411e-20 -3.13857e-19 -6.24397e-05 -6.24397e-05 -6.65802e-19 -3.13343e-05 -6.24397e-05 -3.13343e-05 -3.11626e-05
7.645 -2.03411e-20 -3.13857e-19 -6.24397e-05 -6.24397e-05 -6.65802e-19 -3.13343e-05 -6.24397e-05 -3.13343e-05 -3.11626e-05
7.65 -2.03411e-20 -3.13857e-19 -6.24397e-05 -6.24397e-05 -6.65802e-19 -3.13343e-05 -6.24397e-05 -3.13343e-05 -3.11626e-05
7.655 -2.03411e-20 -3.13857e-19 -6.24397e-05 -6.24397e-05 -6.65802e-19 -3.13343e-05 -6.24397e-05 -3.13343e-05 -3.11626e-05
7.66 -2.03411e-20 -3.13857e-19 -6.24397e-05 -6.24397e-05 -6.65802e-19 -3.13343e-05 -6.24397e-05 -3.13343e-05 -3.11626e-05
7.665 -2.03411e-20 -3.13857e-19 -6.24397e-05 -6.24397e-05 -6.65802e-19 -3.13343e-05 -6.24397e-05 -3.13343e-05 -3.11626e-05
7.67 -2.03411e-20 -3.13857e-19 -6.24397e-05 -6.24397e-05 -6.65802e-19 -3.13343e-05 -6.24397e-05 -3.13343e-05 -3.11626e-05
7.675 -2.03411e-20 -3.13857e-19 -6.24397e-05 -6.24397e-05 -6.65802e-19 -3.13343e-05 -6.24397e-05 -3.13343e-05 -3.11626e-05
7.68 -2.03411e-20 -3.13857e-19 -6.24397e-05 -6.24397e-05 -6.65802e-19 -3.13343e-05 -6.24397e-05 -3.13343e-05 -3.11626e-05
7.685 -2.03411e-20 -3.13857e-19 -6.24397e-05 -6.24397e-05 -6.65802e-19 -3.13343e-05 -6.24397e-05 -3.13343e-05 -3.11626e-05
7.69 -2.03411e-20 -3.13857e-19 -6.24397e-05 -6.24397e-05 -6.65802e-19 -3.13343e-05 -6.24397e-05 -3.13343e-05 -3.11626e-05
7.695 -2.03411e-20 -3.13857e-19 -6.24397e-05 -6.24397e-05 -6.65802e-19 -3.13343e-05 -6.24397e-05 -3.13343e-05 -3.11626e-05
7.7 -2.03411e-20 -3.13857e-19 -6.24397e-05 -6.24397e-05 -6.65802e-19 -3.13343e-05 -6.24397e-05 -3.13343e-05 -3.11626e-05
7.705 -2.03411e-20 -3.13857e-19 -6.24397e-05 -6.24397e-05 -6.65802e-19 -3.13343e-05 -6.24397e-05 -3.13343e-05 -3.11626e-05
7.71 -2.03411e-20 -3.13857e-19 -6.24397e-05 -6.24397e-05 -6.65802e-19 -3.13343e-05 -6.24397e-05 -3.13343e-05 -3.11626e-05
7.715 -2.03411e-20 -3.13857e-19 -6.24397e-05 -6.24397e-05 -6.65802e-19 -3.13343e-05 -6.24397e-05 -3.13343e-05 -3.11626e-05
7.72 -2.03411e-20 -3.13857e-19 -6.24397e-05 -6.24397e-05 -6.65802e-19 -3.13343e-05 -6.24397e-05 -3.13343e-05 -3.11626e-05
7.725 -2.03411e-20 -3.13857e-19 -6.24397e-05 -6.24397e-05 -6.65802e-19 -3.13343e-05 -6.24397e-05 -3.13343e-05 -3.11626e-05
7.73 -2.03411e-20 -3.13857e-19 -6.24397e-05 -6.24397e-05 -6.65802e-19 -3.13343e-05 -6.24397e-05 -3.13343e-05 -3.11626e-05
7.735 -2.03411e-20 -3.13857e-19 -6.24397e-05 -6.24397e-05 -6.65802e-19 -3.13343e-05 -6.24397e-05 -3.13343e-05 -3.11626e-05
7.74 -2.03411e-20 -3.13857e-19 -6.24397e-05 -6.24397e-05 -6.65802e-19 -3.13343e-05 -6.24397e-05 -3.13343e-05 -3.11626e-05
7.745 -2.03411e-20 -3.13857e-19 -6.24397e-05 -6.24397e-05 -6.65802e-19 -3.13343e-05 -6.24397e-05 -3.13343e-05 -3.11626e-05
7.75 -2.03411e-20 -3.13857e-19 -6.24397e-05 -6.24397e-05 -6.65802e-19 -3.13343e-05 -6.24397e-05 -3.13343e-05 -3.11626e-05
7.755 -2.03411e-20 -3.13857e-19 -6.24397e-05 -6.24397e-05 -6.65802e-19 -3.13343e-05 -6.24397e-05 -3.13343e-05 -3.11626e-05
7.76 -2.03411e-20 -3.13857e-19 -6.24397e-05 -6.24397e-05 -6.65802e-19 -3.13343e-05 -6.24397e-05 -3.13343e-05 -3.11626e-05
7.765 -2.03411e-20 -3.13857e-19 -6.24397e-05 -6.24397e-05 -6.65802e-19 -3.13343e-05 -6.24397e-05 -3.13343e-05 -3.11626e-05
7.77 -2.03411e-20 -3.13857e-19 -6.24397e-05 -6.24397e-05 -6.65802e-19 -3.13343e-05 -6.24397e-05 -3.13343e-05 -3.11626e-05
7.775 -2.03411e-20 -3.13857e-19 -6.24397e-05 -6.24397e-05 -6.65802e-19 -3.13343e-05 -6.24397e-05 -3.13343e-05 -3.11626e-05
7.78 -2.03411e-20 -3.13857e-19 -6.24397e-05 -6.24397e-05 -6.65802e-19 -3.13343e-05 -6.24397e-05 -3.13343e-05 -3.11626e-05
7.785 -2.03411e-20 -3.13857e-19 -6.24397e-05 -6.24397e-05 -6.65802e-19 -3.13343e-05 -6.24397e-05 -3.13343e-05 -3.11626e-05
7.79 -2.03411e-20 -3.13857e-19 -6.24397e-05 -6.24397e-05 -6.65802e-19 -3.13343e-05 -6.24397e-05 -3.13343e-05 -3.11626e-05
7.795 -2.03411e-20 -3.13857e-19 -6.24397e-05 -6.24397e-05 -6.65802e-19 -3.13343e-05 -6.24397e-05 -3.13343e-05 -3.11626e-05
7.8 -2.03411e-20 -3.13857e-19 -6.24397e-05 -6.24397e-05 -6.65802e-19 -3.13343e-05 -6.24397e-05 -3.13343e-05 -3.11626e-05
7.805 -2.03411e-20 -3.13857e-19 -6.24397e-05 -6.24397e-05 -6.65802e-19 -3.13343e-05 -6.24397e-05 -3.13343e-05 -3.11626e-05
7.81 -2.03411e-20 -3.13857e-19 -6.24397e-05 -6.24397e-05 -6.65802e-19 -3.13343e-05 -6.24397e-05 -3.13343e-05 -3.11626e-05
7.815 -2.03411e-20 -3.13857e-19 -6.24397e-05 -6.24397e-05 -6.65802e-19 -3.13343e-05 -6.24397e-05 -3.13343e-05 -3.11626e-05
7.82 -2.03411e-20 -3.13857e-19 -6.24397e-05 -6.24397e-05 -6.65802e-19 -3.13343e-05 -6.24397e-05 -3.13343e-05 -3.11626e-05
7.825 -2.03411e-20 -3.13857e-19 -6.24397e-05 -6.24397e-05 -6.65802e-19 -3.13343e-05 -6.24397e-05 -3.13343e-05 -3.11626e-05
7.83 -2.03411e-20 -3.13857e-19 -6.24397e-05 -6.24397e-05 -6.65802e-19 -3.13343e-05 -6.24397e-05 -3.13343e-05 -3.11626e-05
7.835 -2.03411e-20 -3.13857e-19 -6.24397e-05 -6.24397e-05 -6.65802e-19 -3.13343e-05 -6.24397e-05 -3.13343e-05 -3.11626e-05
7.84 -2.03411e-20 -3.13857e-19 -6.24397e-05 -6.24397e-05 -6.65802e-19 -3.13343e-05 -6.24397e-05 -3.13343e-05 -3.11626e-05
7.845 -2.03411e-20 -3.13857e-19 -6.24397e-05 -6.24397e-05 -6.65802e-19 -3.13343e-05 -6.24397e-05 -3.13343e-05 -3.11626e-05
7.85 -2.03411e-20 -3.13857e-19 -6.24397e-05 -6.24397e-05 -6.65802e-19 -3.13343e-05 -6.24397e-05 -3.13343e-05 -3.11626e-05
7.855 -2.03411e-20 -3.13857e-19 -6.24397e-05 -6.24397e-05 -6.65802e-19 -3.13343e-05 -6.24397e-05 -3.13343e-05 -3.11626e-05
7.86 -2.03411e-20 -3.13857e-19 -6.24397e-05 -6.24397e-05 -6.65802e-19 -3.13343e-05 -6.24397e-05 -3.13343e-05 -3.11626e-05
7.865 -2.03411e-20 -3.13857e-19 -6.24397e-05 -6.24397e-05 -6.65802e-19 -3.13343e-05 -6.24397e-05 -3.13343e-05 -3.11626e-05
7.87 -2.03411e-20 -3.13857e-19 -6.24397e-05 -6.24397e-05 -6.65802e-19 -3.13343e-05 -6.24397e-05 -3.13343e-05 -3.11626e-05
7.875 -2.03411e-20 -3.13857e-19 -6.24397e-05 -6.24397e-05 -6.65802e-19 -3.13343e-05 -6.24397e-05 -3.13343e-05 -3.11626e-05
7.88 -2.03411e-20 -3.13857e-19 -6.24397e-05 -6.24397e-05 -6.65802e-19 -3.13343e-05 -6.24397e-05 -3.13343e-05 -3.11626e-05
7.885 -2.03411e-20 -3.13857e-19 -6.24397e-05 -6.24397e-05 -6.65802e-19 -3.13343e-05 -6.24397e-05 -3.13343e-05 -3.11626e-05
7.89 -2.03411e-20 -3.13857e-19 -6.24397e-05 -6.24397e-05 -6.65802e-19 -3.13343e-05 -6.24397e-05 -3.13343e-05 -3.11626e-05
7.895 -2.03411e-20 -3.13857e-19 -6.24397e-05 -6.24397e-05 -6.65802e-19 -3.13343e-05 -6.24397e-05 -3.13343e-05 -3.11626e-05
7.9 -2.03411e-20 -3.13857e-19 -6.24397e-05 -6.24397e-05 -6.65802e-19 -3.13343e-05 -6.24397e-05 -3.13343e-05 -3.11626e-05
7.905 -2.03411e-20 -3.13857e-19 -6.24397e-05 -6.24397e-05 -6.65802e-19 -3.13343e-05 -6.24397e-05 -3.13343e-05 -3.11626e-05
7.91 -2.03411e-20 -3.13857e-19 -6.24397e-05 -6.24397e-05 -6.65802e-19 -3.13343e-05 -6.24397e-05 -3.13343e-05 -3.11626e-05
7.915 -2.03411e-20 -3.13857e-19 -6.24397e-05 -6.24397e-05 -6.65802e-19 -3.13343e-05 -6.24397e-05 -3.13343e-05 -3.11626e-05
7.92 -2.03411e-20 -3.13857e-19 -6.24397e-05 -6.24397e-05 -6.65802e-19 -3.13343e-05 -6.24397e-05 -3.13343e-05 -3.11626e-05
7.925 -2.03411e-20 -3.13857e-19 -6.24397e-05 -6.24397e-05 -6.65802e-19 -3.13343e-05 -6.24397e-05 -3.13343e-05 -3.11626e-05
7.93 -2.03411e-20 -3.13857e-19 -6.24397e-05 -6.24397e-05 -6.65802e-19 -3.13343e-05 -6.24397e-05 -3.13343e-05 -3.11626e-05
7.935 -2.03411e-20 -3.13857e-19 -6.24397e-05 -6.24397e-05 -6.65802e-19 -3.13343e-05 -6.24397e-05 -3.13343e-05 -3.11626e-05
7.94 -2.03411e-20 -3.13857e-19 -6.24397e-05 -6.24397e-05 -6.65802e-19 -3.13343e-05 -6.24397e-05 -3.13343e-05 -3.11626e-05
7.945 -2.03411e-20 -3.13857e-19 -6.24397e-05 -6.24397e-05 -6.65802e-19 -3.13343e-05 -6.24397e-05 -3.13343e-05 -3.11626e-05
7.95 -2.03411e-20 -3.13857e-19 -6.24397e-05 -6.24397e-05 -6.65802e-19 -3.13343e-05 -6.24397e-05 -3.13343e-05 -3.11626e-05
7.955 -2.03411e-20 -3.13857e-19 -6.24397e-05 -6.24397e-05 -6.65802e-19 -3.13343e-05 -6.24397e-05 -3.13343e-05 -3.11626e-05
7.96 -2.03411e-20 -3.13857e-19 -6.24397e-05 -6.24397e-05 -6.65802e-19 -3.13343e-05 -6.24397e-05 -3.13343e-05 -3.11626e-05
7.965 -2.03411e-20 -3.13857e-19 -6.24397e-05 -6.24397e-05 -6.65802e-19 -3.13343e-05 -6.24397e-05 -3.13343e-05 -3.11626e-05
7.97 -2.03411e-20 -3.13857e-19 -6.24397e-05 -6.24397e-05 -6.65802e-19 -3.13343e-05 -6.24397e-05 -3.13343e-05 -3.11626e-05
7.975 -2.03411e-20 -3.13857e-19 -6.24397e-05 -6.24397e-05 -6.65802e-19 -3.13343e-05 -6.24397e-05 -3.13343e-05 -3.11626e-05
7.98 -2.03411e-20 -3.13857e-19 -6.24397e-05 -6.24397e-05 -6.65802e-19 -3.13343e-05 -6.24397e-05 -3.13343e-05 -3.11626e-05
7.985 -2.03411e-20 -3.13857e-19 -6.24397e-05 -6.24397e-05 -6.65802e-19 -3.13343e-05 -6.24397e-05 -3.13343e-05 -3.11626e-05
7.99 -2.03411e-20 -3.13857e-19 -6.24397e-05 -6.24397e-05 -6.65802e-19 -3.13343e-05 -6.24397e-05 -3.13343e-05 -3.11626e-05
7.995 -2.03411e-20 -3.13857e-19 -6.24397e-05 -6.24397e-05 -6.65802e-19 -3.13343e-05 -6.24397e-05 -3.13343e-05 -3.11626e-05
8 -2.03411e-20 -3.13857e-19 -6.24397e-05 -6.24397e-05 -6.65802e-19 -3.13343e-05 -6.24397e-05 -3.13343e-05 -3.11626e-05
8.005 -2.03411e-20 -3.13857e-19 -6.24397e-05 -6.24397e-05 -6.65802e-19 -3.13343e-05 -6.24397e-05 -3.13343e-05 -3.11626e-05
8.01 -2.03411e-20 -3.13857e-19 -6.24397e-05 -6.24397e-05 -6.65802e-19 -3.13343e-05 -6.24397e-05 -3.13343e-05 -3.11626e-05
8.015 -2.03411e-20 -3.13857e-19 -6.24397e-05 -6.24397e-05 -6.65802e-19 -3.13343e-05 -6.24397e-05 -3.13343e-05 -3.11626e-05
8.02 -2.03411e-20 -3.13857e-19 -6.24397e-05 -6.24397e-05 -6.65802e-19 -3.13343e-05 -6.24397e-05 -3.13343e-05 -3.11626e-05
8.025 -2.03411e-20 -3.13857e-19 -6.24397e-05 -6.24397e-05 -6.65802e-19 -3.13343e-05 -6.24397e-05 -3.13343e-05 -3.11626e-05
8.03 -2.03411e-20 -3.13857e-19 -6.24397e-05 -6.24397e-05 -6.65802e-19 -3.13343e-05 -6.24397e-05 -3.13343e-05 -3.11626e-05
8.035 -2.03411e-20 -3.13857e-19 -6.24397e-05 -6.24397e-05 -6.65802e-19 -3.13343e-05 -6.24397e-05 -3.13343e-05 -3.11626e-05
8.04 -2.03411e-20 -3.13857e-19 -6.24397e-05 -6.24397e-05 -6.65802e-19 -3.13343e-05 -6.24397e-05 -3.13343e-05 -3.11626e-05
8.045 -2.03411e-20 -3.13857e-19 -6.24397e-05 -6.24397e-05 -6.65802e-19 -3.13343e-05 -6.24397e-05 -3.13343e-05 -3.11626e-05
8.05 -2.03411e-20 -3.13857e-19 -6.24397e-05 -6.24397e-05 -6.65802e-19 -3.13343e-05 -6.24397e-05 -3.13343e-05 -3.11626e-05
8.055 -2.03411e-20 -3.13857e-19 -6.24397e-05 -6.24397e-05 -6.65802e-19 -3.13343e-05 -6.24397e-05 -3.13343e-05 -3.11626e-05
8.06 -2.03411e-20 -3.13857e-19 -6.24397e-05 -6.24397e-05 -6.65802e-19 -3.13343e-05 -6.24397e-05 -3.13343e-05 -3.11626e-05
8.065 -2.03411e-20 -3.13857e-19 -6.24397e-05 -6.24397e-05 -6.65802e-19 -3.13343e-05 -6.24397e-05 -3.13343e-05 -3.11626e-05
8.07 -2.03411e-20 -3.13857e-19 -6.24397e-05 -6.24397e-05 -6.65802e-19 -3.13343e-05 -6.24397e-05 -3.13343e-05 -3.11626e-05
8.075 -2.03411e-20 -3.13857e-19 -6.24397e-05 -6.24397e-05 -6.65802e-19 -3.13343e-05 -6.24397e-05 -3.13343e-05 -3.11626e-05
8.08 -2.03411e-20 -3.13857e-19 -6.24397e-05 -6.24397e-05 -6.65802e-19 -3.13343e-05 -6.24397e-05 -3.13343e-05 -3.11626e-05
8.085 -2.03411e-20 -3.13857e-19 -6.24397e-05 -6.24397e-05 -6.65802e-19 -3.13343e-05 -6.24397e-05 -3.13343e-05 -3.11626e-05
8.09 -2.03411e-20 -3.13857e-19 -6.24397e-05 -6.24397e-05 -6.65802e-19 -3.13343e-05 -6.24397e-05 -3.13343e-05 -3.11626e-05
8.095 -2.03411e-20 -3.13857e-19 -6.24397e-05 -6.24397e-05 -6.65802e-19 -3.13343e-05 -6.24397e-05 -3.13343e-05 -3.11626e-05
8.1 -2.03411e-20 -3.13857e-19 -6.24397e-05 -6.24397e-05 -6.65802e-19 -3.13343e-05 -6.24397e-05 -3.13343e-05 -3.11626e-05
8.105 -2.03411e-20 -3.13857e-19 -6.24397e-05 -6.24397e-05 -6.65802e-19 -3.13343e-05 -6.24397e-05 -3.13343e-05 -3.11626e-05
8.11 -2.03411e-20 -3.13857e-19 -6.24397e-05 -6.24397e-05 -6.65802e-19 -3.13343e-05 -6.24397e-05 -3.13343e-05 -3.11626e-05
8.115 -2.03411e-20 -3.13857e-19 -6.24397e-05 -6.24397e-05 -6.65802e-19 -3.13343e-05 -6.24397e-05 -3.13343e-05 -3.11626e-05
8.12 -2.03411e-20 -3.13857e-19 -6.24397e-05 -6.24397e-05 -6.65802e-19 -3.13343e-05 -6.24397e-05 -3.13343e-05 -3.11626e-05
8.125 -2.03411e-20 -3.13857e-19 -6.24397e-05 -6.24397e-05 -6.65802e-19 -3.13343e-05 -6.24397e-05 -3.13343e-05 -3.11626e-05
8.13 -2.03411e-20 -3.13857e-19 -6.24397e-05 -6.24397e-05 -6.65802e-19 -3.13343e-05 -6.24397e-05 -3.13343e-05 -3.11626e-05
8.135 -2.03411e-20 -3.13857e-19 -6.24397e-05 -6.24397e-05 -6.65802e-19 -3.13343e-05 -6.24397e-05 -3.13343e-05 -3.11626e-05
8.14 -2.03411e-20 -3.13857e-19 -6.24397e-05 -6.24397e-05 -6.65802e-19 -3.13343e-05 -6.24397e-05 -3.13343e-05 -3.11626e-05
8.145 -2.03411e-20 -3.13857e-19 -6.24397e-05 -6.24397e-05 -6.65802e-19 -3.13343e-05 -6.24397e-05 -3.13343e-05 -3.11626e-05
8.15 -2.03411e-20 -3.13857e-19 -6.24397e-05 -6.24397e-05 -6.65802e-19 -3.13343e-05 -6.24397e-05 -3.13343e-05 -3.11626e-05
8.155 -2.03411e-20 -3.13857e-19 -6.24397e-05 -6.24397e-05 -6.65802e-19 -3.13343e-05 -6.24397e-05 -3.13343e-05 -3.11626e-05
8.16 -2.03411e-20 -3.13857e-19 -6.24397e-05 -6.24397e-05 -6.65802e-19 -3.13343e-05 -6.24397e-05 -3.13343e-05 -3.11626e-05
8.165 -2.03411e-20 -3.13857e-19 -6.24397e-05 -6.24397e-05 -6.65802e-19 -3.13343e-05 -6.24397e-05 -3.13343e-05 -3.11626e-05
8.17 -2.03411e-20 -3.13857e-19 -6.24397e-05 -6.24397e-05 -6.65802e-19 -3.13343e-05 -6.24397e-05 -3.13343e-05 -3.11626e-05
8.175 -2.03411e-20 -3.13857e-19 -6.24397e-05 -6.24397e-05 -6.65802e-19 -3.13343e-05 -6.24397e-05 -3.13343e-05 -3.11626e-05
8.18 -2.03411e-20 -3.13857e-19 -6.24397e-05 -6.24397e-05 -6.65802e-19 -3.13343e-05 -6.24397e-05 -3.13343e-05 -3.11626e-05
8.185 -2.03411e-20 -3.13857e-19 -6.24397e-05 -6.24397e-05 -6.65802e-19 -3.13343e-05 -6.24397e-05 -3.13343e-05 -3.11626e-05
8.19 -2.03411e-20 -3.13857e-19 -6.24397e-05 -6.24397e-05 -6.65802e-19 -3.13343e-05 -6.24397e-05 -3.13343e-05 -3.11626e-05
8.195 -2.03411e-20 -3.13857e-19 -6.24397e-05 -6.24397e-05 -6.65802e-19 -3.13343e-05 -6.24397e-05 -3.13343e-05 -3.11626e-05
8.2 -2.03411e-20 -3.13857e-19 -6.24397e-05 -6.24397e-05 -6.65802e-19 -3.13343e-05 -6.24397e-05 -3.13343e-05 -3.11626e-05
8.205 -2.03411e-20 -3.13857e-19 -6.24397e-05 -6.24397e-05 -6.65802e-19 -3.13343e-05 -6.24397e-05 -3.13343e-05 -3.11626e-05
8.21 -2.03411e-20 -3.13857e-19 -6.24397e-05 -6.24397e-05 -6.65802e-19 -3.13343e-05 -6.24397e-05 -3.13343e-05 -3.11626e-05
8.215 -2.03411e-20 -3.13857e-19 -6.24397e-05 -6.24397e-05 -6.65802e-19 -3.13343e-05 -6.24397e-05 -3.13343e-05 -3.11626e-05
8.22 -2.03411e-20 -3.13857e-19 -6.24397e-05 -6.24397e-05 -6.65802e-19 -3.13343e-05 -6.24397e-05 -3.13343e-05 -3.11626e-05
8.225 -2.03411e-20 -3.13857e-19 -6.24397e-05 -6.24397e-05 -6.65802e-19 -3.13343e-05 -6.24397e-05 -3.13343e-05 -3.11626e-05
8.23 -2.03411e-20 -3.13857e-19 -6.24397e-05 -6.24397e-05 -6.65802e-19 -3.13343e-05 -6.24397e-05 -3.13343e-05 -3.11626e-05
8.235 -2.03411e-20 -3.13857e-19 -6.24397e-05 -6.24397e-05 -6.65802e-19 -3.13343e-05 -6.24397e-05 -3.13343e-05 -3.11626e-05
8.24 -2.03411e-20 -3.13857e-19 -6.24397e-05 -6.24397e-05 -6.65802e-19 -3.13343e-05 -6.24397e-05 -3.13343e-05 -3.11626e-05
8.245 -2.03411e-20 -3.13857e-19 -6.24397e-05 -6.24397e-05 -6.65802e-19 -3.13343e-05 -6.24397e-05 -3.13343e-05 -3.11626e-05
8.25 -2.03411e-20 -3.13857e-19 -6.24397e-05 -6.24397e-05 -6.65802e-19 -3.13343e-05 -6.24397e-05 -3.13343e-05 -3.11626e-05
8.255 -2.03411e-20 -3.13857e-19 -6.24397e-05 -6.24397e-05 -6.65802e-19 -3.13343e-05 -6.24397e-05 -3.13343e-05 -3.11626e-05
8.26 -2.03411e-20 -3.13857e-19 -6.24397e-05 -6.24397e-05 -6.65802e-19 -3.13343e-05 -6.24397e-05 -3.13343e-05 -3.11626e-05
8.265 -2.03411e-20 -3.13857e-19 -6.24397e-05 -6.24397e-05 -6.65802e-19 -3.13343e-05 -6.24397e-05 -3.13343e-05 -3.11626e-05
8.27 -2.03411e-20 -3.13857e-19 -6.24397e-05 -6.24397e-05 -6.65802e-19 -3.13343e-05 -6.24397e-05 -3.13343e-05 -3.11626e-05
8.275 -2.03411e-20 -3.13857e-19 -6.24397e-05 -6.24397e-05 -6.65802e-19 -3.13343e-05 -6.24397e-05 -3.13343e-05 -3.11626e-05
8.28 -2.03411e-20 -3.13857e-19 -6.24397e-05 -6.24397e-05 -6.65802e-19 -3.13343e-05 -6.24397e-05 -3.13343e-05 -3.11626e-05
8.285 -2.03411e-20 -3.13857e-19 -6.24397e-05 -6.24397e-05 -6.65802e-19 -3.13343e-05 -6.24397e-05 -3.13343e-05 -3.11626e-05
8.29 -2.03411e-20 -3.13857e-19 -6.24397e-05 -6.24397e-05 -6.65802e-19 -3.13343e-05 -6.24397e-05 -3.13343e-05 -3.11626e-05
8.295 -2.03411e-20 -3.13857e-19 -6.24397e-05 -6.24397e-05 -6.65802e-19 -3.13343e-05 -6.24397e-05 -3.13343e-05 -3.11626e-05
8.3 -2.03411e-20 -3.13857e-19 -6.24397e-05 -6.24397e-05 -6.65802e-19 -3.13343e-05 -6.24397e-05 -3.13343e-05 -3.11626e-05
8.305 -2.03411e-20 -3.13857e-19 -6.24397e-05 -6.24397e-05 -6.65802e-19 -3.13343e-05 -6.24397e-05 -3.13343e-05 -3.11626e-05
8.31 -2.03411e-20 -3.13857e-19 -6.24397e-05 -6.24397e-05 -6.65802e-19 -3.13343e-05 -6.24397e-05 -3.13343e-05 -3.11626e-05
8.315 -2.03411e-20 -3.13857e-19 -6.24397e-05 -6.24397e-05 -6.65802e-19 -3.13343e-05 -6.24397e-05 -3.13343e-05 -3.11626e-05
8.32 -2.03411e-20 -3.13857e-19 -6.24397e-05 -6.24397e-05 -6.65802e-19 -3.13343e-05 -6.24397e-05 -3.13343e-05 -3.11626e-05
8.325 -2.03411e-20 -3.13857e-19 -6.24397e-05 -6.24397e-05 -6.65802e-19 -3.13343e-05 -6.24397e-05 -3.13343e-05 -3.11626e-05
8.33 -2.03411e-20 -3.13857e-19 -6.24397e-05 -6.24397e-05 -6.65802e-19 -3.13343e-05 -6.24397e-05 -3.13343e-05 -3.11626e-05
8.335 -2.03411e-20 -3.13857e-19 -6.24397e-05 -6.24397e-05 -6.65802e-19 -3.13343e-05 -6.24397e-05 -3.13343e-05 -3.11626e-05
8.34 -2.03411e-20 -3.13857e-19 -6.24397e-05 -6.24397e-05 -6.65802e-19 -3.13343e-05 -6.24397e-05 -3.13343e-05 -3.11626e-05
8.345 -2.03411e-20 -3.13857e-19 -6.24397e-05 -6.24397e-05 -6.65802e-19 -3.13343e-05 -6.24397e-05 -3.13343e-05 -3.11626e-05
8.35 -2.03411e-20 -3.13857e-19 -6.24397e-05 -6.24397e-05 -6.65802e-19 -3.13343e-05 -6.24397e-05 -3.13343e-05 -3.11626e-05
8.355 -2.03411e-20 -3.13857e-19 -6.24397e-05 -6.24397e-05 -6.65802e-19 -3.13343e-05 -6.24397e-05 -3.13343e-05 -3.11626e-05
8.36 -2.03411e-20 -3.13857e-19 -6.24397e-05 -6.24397e-05 -6.65802e-19 -3.13343e-05 -6.24397e-05 -3.13343e-05 -3.11626e-05
8.365 -2.03411e-20 -3.13857e-19 -6.24397e-05 -6.24397e-05 -6.65802e-19 -3.13343e-05 -6.24397e-05 -3.13343e-05 -3.11626e-05
8.37 -2.03411e-20 -3.13857e-19 -6.24397e-05 -6.24397e-05 -6.65802e-19 -3.13343e-05 -6.24397e-05 -3.13343e-05 -3.11626e-05
8.375 -2.03411e-20 -3.13857e-19 -6.24397e-05 -6.24397e-05 -6.65802e-19 -3.13343e-05 -6.24397e-05 -3.13343e-05 -3.11626e-05
8.38 -2.03411e-20 -3.13857e-19 -6.24397e-05 -6.24397e-05 -6.65802e-19 -3.13343e-05 -6.24397e-05 -3.13343e-05 -3.11626e-05
8.385 -2.03411e-20 -3.13857e-19 -6.24397e-05 -6.24397e-05 -6.65802e-19 -3.13343e-05 -6.24397e-05 -3.13343e-05 -3.11626e-05
8.39 -2.03411e-20 -3.13857e-19 -6.24397e-05 -6.24397e-05 -6.65802e-19 -3.13343e-05 -6.24397e-05 -3.13343e-05 -3.11626e-05
8.395 -2.03411e-20 -3.13857e-19 -6.24397e-05 -6.24397e-05 -6.65802e-19 -3.13343e-05 -6.24397e-05 -3.13343e-05 -3.11626e-05
8.4 -2.03411e-20 -3.13857e-19 -6.24397e-05 -6.24397e-05 -6.65802e-19 -3.13343e-05 -6.24397e-05 -3.13343e-05 -3.11626e-05
8.405 -2.03411e-20 -3.13857e-19 -6.24397e-05 -6.24397e-05 -6.65802e-19 -3.13343e-05 -6.24397e-05 -3.13343e-05 -3.11626e-05
8.41 -2.03411e-20 -3.13857e-19 -6.24397e-05 -6.24397e-05 -6.65802e-19 -3.13343e-05 -6.24397e-05 -3.13343e-05 -3.11626e-05
8.415 -2.03411e-20 -3.13857e-19 -6.24397e-05 -6.24397e-05 -6.65802e-19 -3.13343e-05 -6.24397e-05 -3.13343e-05 -3.11626e-05
8.42 -2.03411e-20 -3.13857e-19 -6.24397e-05 -6.24397e-05 -6.65802e-19 -3.13343e-05 -6.24397e-05 -3.13343e-05 -3.11626e-05
8.425 -2.03411e-20 -3.13857e-19 -6.24397e-05 -6.24397e-05 -6.65802e-19 -3.13343e-05 -6.24397e-05 -3.13343e-05 -3.11626e-05
8.43 -2.03411e-20 -3.13857e-19 -6.24397e-05 -6.24397e-05 -6.65802e-19 -3.13343e-05 -6.24397e-05 -3.13343e-05 -3.11626e-05
8.435 -2.03411e-20 -3.13857e-19 -6.24397e-05 -6.24397e-05 -6.65802e-19 -3.13343e-05 -6.24397e-05 -3.13343e-05 -3.11626e-05
8.44 -2.03411e-20 -3.13857e-19 -6.24397e-05 -6.24397e-05 -6.65802e-19 -3.13343e-05 -6.24397e-05 -3.13343e-05 -3.11626e-05
8.445 -2.03411e-20 -3.13857e-19 -6.24397e-05 -6.24397e-05 -6.65802e-19 -3.13343e-05 -6.24397e-05 -3.13343e-05 -3.11626e-05
8.45 -2.03411e-20 -3.13857e-19 -6.24397e-05 -6.24397e-05 -6.65802e-19 -3.13343e-05 -6.24397e-05 -3.13343e-05 -3.11626e-05
8.455 -2.03411e-20 -3.13857e-19 -6.24397e-05 -6.24397e-05 -6.65802e-19 -3.13343e-05 -6.24397e-05 -3.13343e-05 -3.11626e-05
8.46 -2.03411e-20 -3.13857e-19 -6.24397e-05 -6.24397e-05 -6.65802e-19 -3.13343e-05 -6.24397e-05 -3.13343e-05 -3.11626e-05
8.465 -2.03411e-20 -3.13857e-19 -6.24397e-05 -6.24397e-05 -6.65802e-19 -3.13343e-05 -6.24397e-05 -3.13343e-05 -3.11626e-05
8.47 -2.03411e-20 -3.13857e-19 -6.24397e-05 -6.24397e-05 -6.65802e-19 -3.13343e-05 -6.24397e-05 -3.13343e-05 -3.11626e-05
8.475 -2.03411e-20 -3.13857e-19 -6.24397e-05 -6.24397e-05 -6.65802e-19 -3.13343e-05 -6.24397e-05 -3.13343e-05 -3.11626e-05
8.48 -2.03411e-20 -3.13857e-19 -6.24397e-05 -6.24397e-05 -6.65802e-19 -3.13343e-05 -6.24397e-05 -3.13343e-05 -3.11626e-05
8.485 -2.03411e-20 -3.13857e-19 -6.24397e-05 -6.24397e-05 -6.65802e-19 -3.13343e-05 -6.24397e-05 -3.13343e-05 -3.11626e-05
8.49 -2.03411e-20 -3.13857e-19 -6.24397e-05 -6.24397e-05 -6.65802e-19 -3.13343e-05 -6.24397e-05 -3.13343e-05 -3.11626e-05
8.495 -2.03411e-20 -3.13857e-19 -6.24397e-05 -6.24397e-05 -6.65802e-19 -3.13343e-05 -6.24397e-05 -3.13343e-05 -3.11626e-05
8.5 -2.03411e-20 -3.13857e-19 -6.24397e-05 -6.24397e-05 -6.65802e-19 -3.13343e-05 -6.24397e-05 -3.13343e-05 -3.11626e-05
8.505 -2.03411e-20 -3.13857e-19 -6.24397e-05 -6.24397e-05 -6.65802e-19 -3.13343e-05 -6.24397e-05 -3.13343e-05 -3.11626e-05
8.51 -2.03411e-20 -3.13857e-19 -6.24397e-05 -6.24397e-05 -6.65802e-19 -3.13343e-05 -6.24397e-05 -3.13343e-05 -3.11626e-05
8.515 -2.03411e-20 -3.13857e-19 -6.24397e-05 -6.24397e-05 -6.65802e-19 -3.13343e-05 -6.24397e-05 -3.13343e-05 -3.11626e-05
8.52 -2.03411e-20 -3.13857e-19 -6.24397e-05 -6.24397e-05 -6.65802e-19 -3.13343e-05 -6.24397e-05 -3.13343e-05 -3.11626e-05
8.525 -2.03411e-20 -3.13857e-19 -6.24397e-05 -6.24397e-05 -6.65802e-19 -3.13343e-05 -6.24397e-05 -3.13343e-05 -3.11626e-05
8.53 -2.03411e-20 -3.13857e-19 -6.24397e-05 -6.24397e-05 -6.65802e-19 -3.13343e-05 -6.24397e-05 -3.13343e-05 -3.11626e-05
8.535 -2.03411e-20 -3.13857e-19 -6.24397e-05 -6.24397e-05 -6.65802e-19 -3.13343e-05 -6.24397e-05 -3.13343e-05 -3.11626e-05
8.54 -2.03411e-20 -3.13857e-19 -6.24397e-05 -6.24397e-05 -6.65802e-19 -3.13343e-05 -6.24397e-05 -3.13343e-05 -3.11626e-05
8.545 -2.03411e-20 -3.13857e-19 -6.24397e-05 -6.24397e-05 -6.65802e-19 -3.13343e-05 -6.24397e-05 -3.13343e-05 -3.11626e-05
8.55 -2.03411e-20 -3.13857e-19 -6.24397e-05 -6.24397e-05 -6.65802e-19 -3.13343e-05 -6.24397e-05 -3.13343e-05 -3.11626e-05
8.555 -2.03411e-20 -3.13857e-19 -6.24397e-05 -6.24397e-05 -6.65802e-19 -3.13343e-05 -6.24397e-05 -3.13343e-05 -3.11626e-05
8.56 -2.03411e-20 -3.13857e-19 -6.24397e-05 -6.24397e-05 -6.65802e-19 -3.13343e-05 -6.24397e-05 -3.13343e-05 -3.11626e-05
8.565 -2.03411e-20 -3.13857e-19 -6.24397e-05 -6.24397e-05 -6.65802e-19 -3.13343e-05 -6.24397e-05 -3.13343e-05 -3.11626e-05
8.57 -2.03411e-20 -3.13857e-19 -6.24397e-05 -6.24397e-05 -6.65802e-19 -3.13343e-05 -6.24397e-05 -3.13343e-05 -3.11626e-05
8.575 -2.03411e-20 -3.13857e-19 -6.24397e-05 -6.24397e-05 -6.65802e-19 -3.13343e-05 -6.24397e-05 -3.13343e-05 -3.11626e-05
8.58 -2.03411e-20 -3.13857e-19 -6.24397e-05 -6.24397e-05 -6.65802e-19 -3.13343e-05 -6.24397e-05 -3.13343e-05 -3.11626e-05
8.585 -2.03411e-20 -3.13857e-19 -6.24397e-05 -6.24397e-05 -6.65802e-19 -3.13343e-05 -6.24397e-05 -3.13343e-05 -3.11626e-05
8.59 -2.03411e-20 -3.13857e-19 -6.24397e-05 -6.24397e-05 -6.65802e-19 -3.13343e-05 -6.24397e-05 -3.13343e-05 -3.11626e-05
8.595 -2.03411e-20 -3.13857e-19 -6.24397e-05 -6.24397e-05 -6.65802e-19 -3.13343e-05 -6.24397e-05 -3.13343e-05 -3.11626e-05
8.6 -2.03411e-20 -3.13857e-19 -6.24397e-05 -6.24397e-05 -6.65802e-19 -3.13343e-05 -6.24397e-05 -3.13343e-05 -3.11626e-05
8.605 -2.03411e-20 -3.13857e-19 -6.24397e-05 -6.24397e-05 -6.65802e-19 -3.13343e-05 -6.24397e-05 -3.13343e-05 -3.11626e-05
8.61 -2.03411e-20 -3.13857e-19 -6.24397e-05 -6.24397e-05 -6.65802e-19 -3.13343e-05 -6.24397e-05 -3.13343e-05 -3.11626e-05
8.615 -2.03411e-20 -3.13857e-19 -6.24397e-05 -6.24397e-05 -6.65802e-19 -3.13343e-05 -6.24397e-05 -3.13343e-05 -3.11626e-05
8.62 -2.03411e-20 -3.13857e-19 -6.24397e-05 -6.24397e-05 -6.65802e-19 -3.13343e-05 -6.24397e-05 -3.13343e-05 -3.11626e-05
8.625 -2.03411e-20 -3.13857e-19 -6.24397e-05 -6.24397e-05 -6.65802e-19 -3.13343e-05 -6.24397e-05 -3.13343e-05 -3.11626e-05
8.63 -2.03411e-20 -3.13857e-19 -6.24397e-05 -6.24397e-05 -6.65802e-19 -3.13343e-05 -6.24397e-05 -3.13343e-05 -3.11626e-05
8.635 -2.03411e-20 -3.13857e-19 -6.24397e-05 -6.24397e-05 -6.65802e-19 -3.13343e-05 -6.24397e-05 -3.13343e-05 -3.11626e-05
8.64 -2.03411e-20 -3.13857e-19 -6.24397e-05 -6.24397e-05 -6.65802e-19 -3.13343e-05 -6.24397e-05 -3.13343e-05 -3.11626e-05
8.645 -2.03411e-20 -3.13857e-19 -6.24397e-05 -6.24397e-05 -6.65802e-19 -3.13343e-05 -6.24397e-05 -3.13343e-05 -3.11626e-05
8.65 -2.03411e-20 -3.13857e-19 -6.24397e-05 -6.24397e-05 -6.65802e-19 -3.13343e-05 -6.24397e-05 -3.13343e-05 -3.11626e-05
8.655 -2.03411e-20 -3.13857e-19 -6.24397e-05 -6.24397e-05 -6.65802e-19 -3.13343e-05 -6.24397e-05 -3.13343e-05 -3.11626e-05
8.66 -2.03411e-20 -3.13857e-19 -6.24397e-05 -6.24397e-05 -6.65802e-19 -3.13343e-05 -6.24397e-05 -3.13343e-05 -3.11626e-05
8.665 -2.03411e-20 -3.13857e-19 -6.24397e-05 -6.24397e-05 -6.65802e-19 -3.13343e-05 -6.24397e-05 -3.13343e-05 -3.11626e-05
8.67 -2.03411e-20 -3.13857e-19 -6.24397e-05 -6.24397e-05 -6.65802e-19 -3.13343e-05 -6.24397e-05 -3.13343e-05 -3.11626e-05
8.675 -2.03411e-20 -3.13857e-19 -6.24397e-05 -6.24397e-05 -6.65802e-19 -3.13343e-05 -6.24397e-05 -3.13343e-05 -3.11626e-05
8.68 -2.03411e-20 -3.13857e-19 -6.24397e-05 -6.24397e-05 -6.65802e-19 -3.13343e-05 -6.24397e-05 -3.13343e-05 -3.11626e-05
8.685 -2.03411e-20 -3.13857e-19 -6.24397e-05 -6.24397e-05 -6.65802e-19 -3.13343e-05 -6.24397e-05 -3.13343e-05 -3.11626e-05
8.69 -2.03411e-20 -3.13857e-19 -6.24397e-05 -6.24397e-05 -6.65802e-19 -3.13343e-05 -6.24397e-05 -3.13343e-05 -3.11626e-05
8.695 -2.03411e-20 -3.13857e-19 -6.24397e-05 -6.24397e-05 -6.65802e-19 -3.13343e-05 -6.24397e-05 -3.13343e-05 -3.11626e-05
8.7 -2.03411e-20 -3.13857e-19 -6.24397e-05 -6.24397e-05 -6.65802e-19 -3.13343e-05 -6.24397e-05 -3.13343e-05 -3.11626e-05
8.705 -2.03411e-20 -3.13857e-19 -6.24397e-05 -6.24397e-05 -6.65802e-19 -3.13343e-05 -6.24397e-05 -3.13343e-05 -3.11626e-05
8.71 -2.03411e-20 -3.13857e-19 -6.24397e-05 -6.24397e-05 -6.65802e-19 -3.13343e-05 -6.24397e-05 -3.13343e-05 -3.11626e-05
8.715 -2.03411e-20 -3.13857e-19 -6.24397e-05 -6.24397e-05 -6.65802e-19 -3.13343e-05 -6.24397e-05 -3.13343e-05 -3.11626e-05
8.72 -2.03411e-20 -3.13857e-19 -6.24397e-05 -6.24397e-05 -6.65802e-19 -3.13343e-05 -6.24397e-05 -3.13343e-05 -3.11626e-05
8.725 -2.03411e-20 -3.13857e-19 -6.24397e-05 -6.24397e-05 -6.65802e-19 -3.13343e-05 -6.24397e-05 -3.13343e-05 -3.11626e-05
8.73 -2.03411e-20 -3.13857e-19 -6.24397e-05 -6.24397e-05 -6.65802e-19 -3.13343e-05 -6.24397e-05 -3.13343e-05 -3.11626e-05
8.735 -2.03411e-20 -3.13857e-19 -6.24397e-05 -6.24397e-05 -6.65802e-19 -3.13343e-05 -6.24397e-05 -3.13343e-05 -3.11626e-05
8.74 -2.03411e-20 -3.13857e-19 -6.24397e-05 -6.24397e-05 -6.65802e-19 -3.13343e-05 -6.24397e-05 -3.13343e-05 -3.11626e-05
8.745 -2.03411e-20 -3.13857e-19 -6.24397e-05 -6.24397e-05 -6.65802e-19 -3.13343e-05 -6.24397e-05 -3.13343e-05 -3.11626e-05
8.75 -2.03411e-20 -3.13857e-19 -6.24397e-05 -6.24397e-05 -6.65802e-19 -3.13343e-05 -6.24397e-05 -3.13343e-05 -3.11626e-05
8.755 -2.03411e-20 -3.13857e-19 -6.24397e-05 -6.24397e-05 -6.65802e-19 -3.13343e-05 -6.24397e-05 -3.13343e-05 -3.11626e-05
8.76 -2.03411e-20 -3.13857e-19 -6.24397e-05 -6.24397e-05 -6.65802e-19 -3.13343e-05 -6.24397e-05 -3.13343e-05 -3.11626e-05
8.765 -2.03411e-20 -3.13857e-19 -6.24397e-05 -6.24397e-05 -6.65802e-19 -3.13343e-05 -6.24397e-05 -3.13343e-05 -3.11626e-05
8.77 -2.03411e-20 -3.13857e-19 -6.24397e-05 -6.24397e-05 -6.65802e-19 -3.13343e-05 -6.24397e-05 -3.13343e-05 -3.11626e-05
8.775 -2.03411e-20 -3.13857e-19 -6.24397e-05 -6.24397e-05 -6.65802e-19 -3.13343e-05 -6.24397e-05 -3.13343e-05 -3.11626e-05
8.78 -2.03411e-20 -3.13857e-19 -6.24397e-05 -6.24397e-05 -6.65802e-19 -3.13343e-05 -6.24397e-05 -3.13343e-05 -3.11626e-05
8.785 -2.03411e-20 -3.13857e-19 -6.24397e-05 -6.24397e-05 -6.65802e-19 -3.13343e-05 -6.24397e-05 -3.13343e-05 -3.11626e-05
8.79 -2.03411e-20 -3.13857e-19 -6.24397e-05 -6.24397e-05 -6.65802e-19 -3.13343e-05 -6.24397e-05 -3.13343e-05 -3.11626e-05
8.795 -2.03411e-20 -3.13857e-19 -6.24397e-05 -6.24397e-05 -6.65802e-19 -3.13343e-05 -6.24397e-05 -3.13343e-05 -3.11626e-05
8.8 -2.03411e-20 -3.13857e-19 -6.24397e-05 -6.24397e-05 -6.65802e-19 -3.13343e-05 -6.24397e-05 -3.13343e-05 -3.11626e-05
8.805 -2.03411e-20 -3.13857e-19 -6.24397e-05 -6.24397e-05 -6.65802e-19 -3.13343e-05 -6.24397e-05 -3.13343e-05 -3.11626e-05
8.81 -2.03411e-20 -3.13857e-19 -6.24397e-05 -6.24397e-05 -6.65802e-19 -3.13343e-05 -6.24397e-05 -3.13343e-05 -3.11626e-05
8.815 -2.03411e-20 -3.13857e-19 -6.24397e-05 -6.24397e-05 -6.65802e-19 -3.13343e-05 -6.24397e-05 -3.13343e-05 -3.11626e-05
8.82 -2.03411e-20 -3.13857e-19 -6.24397e-05 -6.24397e-05 -6.65802e-19 -3.13343e-05 -6.24397e-05 -3.13343e-05 -3.11626e-05
8.825 -2.03411e-20 -3.13857e-19 -6.24397e-05 -6.24397e-05 -6.65802e-19 -3.13343e-05 -6.24397e-05 -3.13343e-05 -3.11626e-05
8.83 -2.03411e-20 -3.13857e-19 -6.24397e-05 -6.24397e-05 -6.65802e-19 -3.13343e-05 -6.24397e-05 -3.13343e-05 -3.11626e-05
8.835 -2.03411e-20 -3.13857e-19 -6.24397e-05 -6.24397e-05 -6.65802e-19 -3.13343e-05 -6.24397e-05 -3.13343e-05 -3.11626e-05
8.84 -2.03411e-20 -3.13857e-19 -6.24397e-05 -6.24397e-05 -6.65802e-19 -3.13343e-05 -6.24397e-05 -3.13343e-05 -3.11626e-05
8.845 -2.03411e-20 -3.13857e-19 -6.24397e-05 -6.24397e-05 -6.65802e-19 -3.13343e-05 -6.24397e-05 -3.13343e-05 -3.11626e-05
8.85 -2.03411e-20 -3.13857e-19 -6.24397e-05 -6.24397e-05 -6.65802e-19 -3.13343e-05 -6.24397e-05 -3.13343e-05 -3.11626e-05
8.855 -2.03411e-20 -3.13857e-19 -6.24397e-05 -6.24397e-05 -6.65802e-19 -3.13343e-05 -6.24397e-05 -3.13343e-05 -3.11626e-05
8.86 -2.03411e-20 -3.13857e-19 -6.24397e-05 -6.24397e-05 -6.65802e-19 -3.13343e-05 -6.24397e-05 -3.13343e-05 -3.11626e-05
8.865 -2.03411e-20 -3.13857e-19 -6.24397e-05 -6.24397e-05 -6.65802e-19 -3.13343e-05 -6.24397e-05 -3.13343e-05 -3.11626e-05
8.87 -2.03411e-20 -3.13857e-19 -6.24397e-05 -6.24397e-05 -6.65802e-19 -3.13343e-05 -6.24397e-05 -3.13343e-05 -3.11626e-05
8.875 -2.03411e-20 -3.13857e-19 -6.24397e-05 -6.24397e-05 -6.65802e-19 -3.13343e-05 -6.24397e-05 -3.13343e-05 -3.11626e-05
8.88 -2.03411e-20 -3.13857e-19 -6.24397e-05 -6.24397e-05 -6.65802e-19 -3.13343e-05 -6.24397e-05 -3.13343e-05 -3.11626e-05
8.885 -2.03411e-20 -3.13857e-19 -6.24397e-05 -6.24397e-05 -6.65802e-19 -3.13343e-05 -6.24397e-05 -3.13343e-05 -3.11626e-05
8.89 -2.03411e-20 -3.13857e-19 -6.24397e-05 -6.24397e-05 -6.65802e-19 -3.13343e-05 -6.24397e-05 -3.13343e-05 -3.11626e-05
8.895 -2.03411e-20 -3.13857e-19 -6.24397e-05 -6.24397e-05 -6.65802e-19 -3.13343e-05 -6.24397e-05 -3.13343e-05 -3.11626e-05
8.9 -2.03411e-20 -3.13857e-19 -6.24397e-05 -6.24397e-05 -6.65802e-19 -3.13343e-05 -6.24397e-05 -3.13343e-05 -3.11626e-05
8.905 -2.03411e-20 -3.13857e-19 -6.24397e-05 -6.24397e-05 -6.65802e-19 -3.13343e-05 -6.24397e-05 -3.13343e-05 -3.11626e-05
8.91 -2.03411e-20 -3.13857e-19 -6.24397e-05 -6.24397e-05 -6.65802e-19 -3.13343e-05 -6.24397e-05 -3.13343e-05 -3.11626e-05
8.915 -2.03411e-20 -3.13857e-19 -6.24397e-05 -6.24397e-05 -6.65802e-19 -3.13343e-05 -6.24397e-05 -3.13343e-05 -3.11626e-05
8.92 -2.03411e-20 -3.13857e-19 -6.24397e-05 -6.24397e-05 -6.65802e-19 -3.13343e-05 -6.24397e-05 -3.13343e-05 -3.11626e-05
8.925 -2.03411e-20 -3.13857e-19 -6.24397e-05 -6.24397e-05 -6.65802e-19 -3.13343e-05 -6.24397e-05 -3.13343e-05 -3.11626e-05
8.93 -2.03411e-20 -3.13857e-19 -6.24397e-05 -6.24397e-05 -6.65802e-19 -3.13343e-05 -6.24397e-05 -3.13343e-05 -3.11626e-05
8.935 -2.03411e-20 -3.13857e-19 -6.24397e-05 -6.24397e-05 -6.65802e-19 -3.13343e-05 -6.24397e-05 -3.13343e-05 -3.11626e-05
8.94 -2.03411e-20 -3.13857e-19 -6.24397e-05 -6.24397e-05 -6.65802e-19 -3.13343e-05 -6.24397e-05 -3.13343e-05 -3.11626e-05
8.945 -2.03411e-20 -3.13857e-19 -6.24397e-05 -6.24397e-05 -6.65802e-19 -3.13343e-05 -6.24397e-05 -3.13343e-05 -3.11626e-05
8.95 -2.03411e-20 -3.13857e-19 -6.24397e-05 -6.24397e-05 -6.65802e-19 -3.13343e-05 -6.24397e-05 -3.13343e-05 -3.11626e-05
8.955 -2.03411e-20 -3.13857e-19 -6.24397e-05 -6.24397e-05 -6.65802e-19 -3.13343e-05 -6.24397e-05 -3.13343e-05 -3.11626e-05
8.96 -2.03411e-20 -3.13857e-19 -6.24397e-05 -6.24397e-05 -6.65802e-19 -3.13343e-05 -6.24397e-05 -3.13343e-05 -3.11626e-05
8.965 -2.03411e-20 -3.13857e-19 -6.24397e-05 -6.24397e-05 -6.65802e-19 -3.13343e-05 -6.24397e-05 -3.13343e-05 -3.11626e-05
8.97 -2.03411e-20 -3.13857e-19 -6.24397e-05 -6.24397e-05 -6.65802e-19 -3.13343e-05 -6.24397e-05 -3.13343e-05 -3.11626e-05
8.975 -2.03411e-20 -3.13857e-19 -6.24397e-05 -6.24397e-05 -6.65802e-19 -3.13343e-05 -6.24397e-05 -3.13343e-05 -3.11626e-05
8.98 -2.03411e-20 -3.13857e-19 -6.24397e-05 -6.24397e-05 -6.65802e-19 -3.13343e-05 -6.24397e-05 -3.13343e-05 -3.11626e-05
8.985 -2.03411e-20 -3.13857e-19 -6.24397e-05 -6.24397e-05 -6.65802e-19 -3.13343e-05 -6.24397e-05 -3.13343e-05 -3.11626e-05
8.99 -2.03411e-20 -3.13857e-19 -6.24397e-05 -6.24397e-05 -6.65802e-19 -3.13343e-05 -6.24397e-05 -3.13343e-05 -3.11626e-05
8.995 -2.03411e-20 -3.13857e-19 -6.24397e-05 -6.24397e-05 -6.65802e-19 -3.13343e-05 -6.24397e-05 -3.13343e-05 -3.11626e-05
9 -2.03411e-20 -3.13857e-19 -6.24397e-05 -6.24397e-05 -6.65802e-19 -3.13343e-05 -6.24397e-05 -3.13343e-05 -3.11626e-05
9.005 -2.03411e-20 -3.13857e-19 -6.24397e-05 -6.24397e-05 -6.65802e-19 -3.13343e-05 -6.24397e-05 -3.13343e-05 -3.11626e-05
9.01 -2.03411e-20 -3.13857e-19 -6.24397e-05 -6.24397e-05 -6.65802e-19 -3.13343e-05 -6.24397e-05 -3.13343e-05 -3.11626e-05
9.015 -2.03411e-20 -3.13857e-19 -6.24397e-05 -6.24397e-05 -6.65802e-19 -3.13343e-05 -6.24397e-05 -3.13343e-05 -3.11626e-05
9.02 -2.03411e-20 -3.13857e-19 -6.24397e-05 -6.24397e-05 -6.65802e-19 -3.13343e-05 -6.24397e-05 -3.13343e-05 -3.11626e-05
9.025 -2.03411e-20 -3.13857e-19 -6.24397e-05 -6.24397e-05 -6.65802e-19 -3.13343e-05 -6.24397e-05 -3.13343e-05 -3.11626e-05
9.03 -2.03411e-20 -3.13857e-19 -6.24397e-05 -6.24397e-05 -6.65802e-19 -3.13343e-05 -6.24397e-05 -3.13343e-05 -3.11626e-05
9.035 -2.03411e-20 -3.13857e-19 -6.24397e-05 -6.24397e-05 -6.65802e-19 -3.13343e-05 -6.24397e-05 -3.13343e-05 -3.11626e-05
9.04 -2.03411e-20 -3.13857e-19 -6.24397e-05 -6.24397e-05 -6.65802e-19 -3.13343e-05 -6.24397e-05 -3.13343e-05 -3.11626e-05
9.045 -2.03411e-20 -3.13857e-19 -6.24397e-05 -6.24397e-05 -6.65802e-19 -3.13343e-05 -6.24397e-05 -3.13343e-05 -3.11626e-05
9.05 -2.03411e-20 -3.13857e-19 -6.24397e-05 -6.24397e-05 -6.65802e-19 -3.13343e-05 -6.24397e-05 -3.13343e-05 -3.11626e-05
9.055 -2.03411e-20 -3.13857e-19 -6.24397e-05 -6.24397e-05 -6.65802e-19 -3.13343e-05 -6.24397e-05 -3.13343e-05 -3.11626e-05
9.06 -2.03411e-20 -3.13857e-19 -6.24397e-05 -6.24397e-05 -6.65802e-19 -3.13343e-05 -6.24397e-05 -3.13343e-05 -3.11626e-05
9.065 -2.03411e-20 -3.13857e-19 -6.24397e-05 -6.24397e-05 -6.65802e-19 -3.13343e-05 -6.24397e-05 -3.13343e-05 -3.11626e-05
9.07 -2.03411e-20 -3.13857e-19 -6.24397e-05 -6.24397e-05 -6.65802e-19 -3.13343e-05 -6.24397e-05 -3.13343e-05 -3.11626e-05
9.075 -2.03411e-20 -3.13857e-19 -6.24397e-05 -6.24397e-05 -6.65802e-19 -3.13343e-05 -6.24397e-05 -3.13343e-05 -3.11626e-05
9.08 -2.03411e-20 -3.13857e-19 -6.24397e-05 -6.24397e-05 -6.65802e-19 -3.13343e-05 -6.24397e-05 -3.13343e-05 -3.11626e-05
9.085 -2.03411e-20 -3.13857e-19 -6.24397e-05 -6.24397e-05 -6.65802e-19 -3.13343e-05 -6.24397e-05 -3.13343e-05 -3.11626e-05
9.09 -2.03411e-20 -3.13857e-19 -6.24397e-05 -6.24397e-05 -6.65802e-19 -3.13343e-05 -6.24397e-05 -3.13343e-05 -3.11626e-05
9.095 -2.03411e-20 -3.13857e-19 -6.24397e-05 -6.24397e-05 -6.65802e-19 -3.13343e-05 -6.24397e-05 -3.13343e-05 -3.11626e-05
9.1 -2.03411e-20 -3.13857e-19 -6.24397e-05 -6.24397e-05 -6.65802e-19 -3.13343e-05 -6.24397e-05 -3.13343e-05 -3.11626e-05
9.105 -2.03411e-20 -3.13857e-19 -6.24397e-05 -6.24397e-05 -6.65802e-19 -3.13343e-05 -6.24397e-05 -3.13343e-05 -3.11626e-05
9.11 -2.03411e-20 -3.13857e-19 -6.24397e-05 -6.24397e-05 -6.65802e-19 -3.13343e-05 -6.24397e-05 -3.13343e-05 -3.11626e-05
9.115 -2.03411e-20 -3.13857e-19 -6.24397e-05 -6.24397e-05 -6.65802e-19 -3.13343e-05 -6.24397e-05 -3.13343e-05 -3.11626e-05
9.12 -2.03411e-20 -3.13857e-19 -6.24397e-05 -6.24397e-05 -6.65802e-19 -3.13343e-05 -6.24397e-05 -3.13343e-05 -3.11626e-05
9.125 -2.03411e-20 -3.13857e-19 -6.24397e-05 -6.24397e-05 -6.65802e-19 -3.13343e-05 -6.24397e-05 -3.13343e-05 -3.11626e-05
9.13 -2.03411e-20 -3.13857e-19 -6.24397e-05 -6.24397e-05 -6.65802e-19 -3.13343e-05 -6.24397e-05 -3.13343e-05 -3.11626e-05
9.135 -2.03411e-20 -3.13857e-19 -6.24397e-05 -6.24397e-05 -6.65802e-19 -3.13343e-05 -6.24397e-05 -3.13343e-05 -3.11626e-05
9.14 -2.03411e-20 -3.13857e-19 -6.24397e-05 -6.24397e-05 -6.65802e-19 -3.13343e-05 -6.24397e-05 -3.13343e-05 -3.11626e-05
9.145 -2.03411e-20 -3.13857e-19 -6.24397e-05 -6.24397e-05 -6.65802e-19 -3.13343e-05 -6.24397e-05 -3.13343e-05 -3.11626e-05
9.15 -2.03411e-20 -3.13857e-19 -6.24397e-05 -6.24397e-05 -6.65802e-19 -3.13343e-05 -6.24397e-05 -3.13343e-05 -3.11626e-05
9.155 -2.03411e-20 -3.13857e-19 -6.24397e-05 -6.24397e-05 -6.65802e-19 -3.13343e-05 -6.24397e-05 -3.13343e-05 -3.11626e-05
9.16 -2.03411e-20 -3.13857e-19 -6.24397e-05 -6.24397e-05 -6.65802e-19 -3.13343e-05 -6.24397e-05 -3.13343e-05 -3.11626e-05
9.165 -2.03411e-20 -3.13857e-19 -6.24397e-05 -6.24397e-05 -6.65802e-19 -3.13343e-05 -6.24397e-05 -3.13343e-05 -3.11626e-05
9.17 -2.03411e-20 -3.13857e-19 -6.24397e-05 -6.24397e-05 -6.65802e-19 -3.13343e-05 -6.24397e-05 -3.13343e-05 -3.11626e-05
9.175 -2.03411e-20 -3.13857e-19 -6.24397e-05 -6.24397e-05 -6.65802e-19 -3.13343e-05 -6.24397e-05 -3.13343e-05 -3.11626e-05
9.18 -2.03411e-20 -3.13857e-19 -6.24397e-05 -6.24397e-05 -6.65802e-19 -3.13343e-05 -6.24397e-05 -3.13343e-05 -3.11626e-05
9.185 -2.03411e-20 -3.13857e-19 -6.24397e-05 -6.24397e-05 -6.65802e-19 -3.13343e-05 -6.24397e-05 -3.13343e-05 -3.11626e-05
9.19 -2.03411e-20 -3.13857e-19 -6.24397e-05 -6.24397e-05 -6.65802e-19 -3.13343e-05 -6.24397e-05 -3.13343e-05 -3.11626e-05
9.195 -2.03411e-20 -3.13857e-19 -6.24397e-05 -6.24397e-05 -6.65802e-19 -3.13343e-05 -6.24397e-05 -3.13343e-05 -3.11626e-05
9.2 -2.03411e-20 -3.13857e-19 -6.24397e-05 -6.24397e-05 -6.65802e-19 -3.13343e-05 -6.24397e-05 -3.13343e-05 -3.11626e-05
9.205 -2.03411e-20 -3.13857e-19 -6.24397e-05 -6.24397e-05 -6.65802e-19 -3.13343e-05 -6.24397e-05 -3.13343e-05 -3.11626e-05
9.21 -2.03411e-20 -3.13857e-19 -6.24397e-05 -6.24397e-05 -6.65802e-19 -3.13343e-05 -6.24397e-05 -3.13343e-05 -3.11626e-05
9.215 -2.03411e-20 -3.13857e-19 -6.24397e-05 -6.24397e-05 -6.65802e-19 -3.13343e-05 -6.24397e-05 -3.13343e-05 -3.11626e-05
9.22 -2.03411e-20 -3.13857e-19 -6.24397e-05 -6.24397e-05 -6.65802e-19 -3.13343e-05 -6.24397e-05 -3.13343e-05 -3.11626e-05
9.225 -2.03411e-20 -3.13857e-19 -6.24397e-05 -6.24397e-05 -6.65802e-19 -3.13343e-05 -6.24397e-05 -3.13343e-05 -3.11626e-05
9.23 -2.03411e-20 -3.13857e-19 -6.24397e-05 -6.24397e-05 -6.65802e-19 -3.13343e-05 -6.24397e-05 -3.13343e-05 -3.11626e-05
9.235 -2.03411e-20 -3.13857e-19 -6.24397e-05 -6.24397e-05 -6.65802e-19 -3.13343e-05 -6.24397e-05 -3.13343e-05 -3.11626e-05
9.24 -2.03411e-20 -3.13857e-19 -6.24397e-05 -6.24397e-05 -6.65802e-19 -3.13343e-05 -6.24397e-05 -3.13343e-05 -3.11626e-05
9.245 -2.03411e-20 -3.13857e-19 -6.24397e-05 -6.24397e-05 -6.65802e-19 -3.13343e-05 -6.24397e-05 -3.13343e-05 -3.11626e-05
9.25 -2.03411e-20 -3.13857e-19 -6.24397e-05 -6.24397e-05 -6.65802e-19 -3.13343e-05 -6.24397e-05 -3.13343e-05 -3.11626e-05
9.255 -2.03411e-20 -3.13857e-19 -6.24397e-05 -6.24397e-05 -6.65802e-19 -3.13343e-05 -6.24397e-05 -3.13343e-05 -3.11626e-05
9.26 -2.03411e-20 -3.13857e-19 -6.24397e-05 -6.24397e-05 -6.65802e-19 -3.13343e-05 -6.24397e-05 -3.13343e-05 -3.11626e-05
9.265 -2.03411e-20 -3.13857e-19 -6.24397e-05 -6.24397e-05 -6.65802e-19 -3.13343e-05 -6.24397e-05 -3.13343e-05 -3.11626e-05
9.27 -2.03411e-20 -3.13857e-19 -6.24397e-05 -6.24397e-05 -6.65802e-19 -3.13343e-05 -6.24397e-05 -3.13343e-05 -3.11626e-05
9.275 -2.03411e-20 -3.13857e-19 -6.24397e-05 -6.24397e-05 -6.65802e-19 -3.13343e-05 -6.24397e-05 -3.13343e-05 -3.11626e-05
9.28 -2.03411e-20 -3.13857e-19 -6.24397e-05 -6.24397e-05 -6.65802e-19 -3.13343e-05 -6.24397e-05 -3.13343e-05 -3.11626e-05
9.285 -2.03411e-20 -3.13857e-19 -6.24397e-05 -6.24397e-05 -6.65802e-19 -3.13343e-05 -6.24397e-05 -3.13343e-05 -3.11626e-05
9.29 -2.03411e-20 -3.13857e-19 -6.24397e-05 -6.24397e-05 -6.65802e-19 -3.13343e-05 -6.24397e-05 -3.13343e-05 -3.11626e-05
9.295 -2.03411e-20 -3.13857e-19 -6.24397e-05 -6.24397e-05 -6.65802e-19 -3.13343e-05 -6.24397e-05 -3.13343e-05 -3.11626e-05
9.3 -2.03411e-20 -3.13857e-19 -6.24397e-05 -6.24397e-05 -6.65802e-19 -3.13343e-05 -6.24397e-05 -3.13343e-05 -3.11626e-05
9.305 -2.03411e-20 -3.13857e-19 -6.24397e-05 -6.24397e-05 -6.65802e-19 -3.13343e-05 -6.24397e-05 -3.13343e-05 -3.11626e-05
9.31 -2.03411e-20 -3.13857e-19 -6.24397e-05 -6.24397e-05 -6.65802e-19 -3.13343e-05 -6.24397e-05 -3.13343e-05 -3.11626e-05
9.315 -2.03411e-20 -3.13857e-19 -6.24397e-05 -6.24397e-05 -6.65802e-19 -3.13343e-05 -6.24397e-05 -3.13343e-05 -3.11626e-05
9.32 -2.03411e-20 -3.13857e-19 -6.24397e-05 -6.24397e-05 -6.65802e-19 -3.13343e-05 -6.24397e-05 -3.13343e-05 -3.11626e-05
9.325 -2.03411e-20 -3.13857e-19 -6.24397e-05 -6.24397e-05 -6.65802e-19 -3.13343e-05 -6.24397e-05 -3.13343e-05 -3.11626e-05
9.33 -2.03411e-20 -3.13857e-19 -6.24397e-05 -6.24397e-05 -6.65802e-19 -3.13343e-05 -6.24397e-05 -3.13343e-05 -3.11626e-05
9.335 -2.03411e-20 -3.13857e-19 -6.24397e-05 -6.24397e-05 -6.65802e-19 -3.13343e-05 -6.24397e-05 -3.13343e-05 -3.11626e-05
9.34 -2.03411e-20 -3.13857e-19 -6.24397e-05 -6.24397e-05 -6.65802e-19 -3.13343e-05 -6.24397e-05 -3.13343e-05 -3.11626e-05
9.345 -2.03411e-20 -3.13857e-19 -6.24397e-05 -6.24397e-05 -6.65802e-19 -3.13343e-05 -6.24397e-05 -3.13343e-05 -3.11626e-05
9.35 -2.03411e-20 -3.13857e-19 -6.24397e-05 -6.24397e-05 -6.65802e-19 -3.13343e-05 -6.24397e-05 -3.13343e-05 -3.11626e-05
9.355 -2.03411e-20 -3.13857e-19 -6.24397e-05 -6.24397e-05 -6.65802e-19 -3.13343e-05 -6.24397e-05 -3.13343e-05 -3.11626e-05
9.36 -2.03411e-20 -3.13857e-19 -6.24397e-05 -6.24397e-05 -6.65802e-19 -3.13343e-05 -6.24397e-05 -3.13343e-05 -3.11626e-05
9.365 -2.03411e-20 -3.13857e-19 -6.24397e-05 -6.24397e-05 -6.65802e-19 -3.13343e-05 -6.24397e-05 -3.13343e-05 -3.11626e-05
9.37 -2.03411e-20 -3.13857e-19 -6.24397e-05 -6.24397e-05 -6.65802e-19 -3.13343e-05 -6.24397e-05 -3.13343e-05 -3.11626e-05
9.375 -2.03411e-20 -3.13857e-19 -6.24397e-05 -6.24397e-05 -6.65802e-19 -3.13343e-05 -6.24397e-05 -3.13343e-05 -3.11626e-05
9.38 -2.03411e-20 -3.13857e-19 -6.24397e-05 -6.24397e-05 -6.65802e-19 -3.13343e-05 -6.24397e-05 -3.13343e-05 -3.11626e-05
9.385 -2.03411e-20 -3.13857e-19 -6.24397e-05 -6.24397e-05 -6.65802e-19 -3.13343e-05 -6.24397e-05 -3.13343e-05 -3.11626e-05
9.39 -2.03411e-20 -3.13857e-19 -6.24397e-05 -6.24397e-05 -6.65802e-19 -3.13343e-05 -6.24397e-05 -3.13343e-05 -3.11626e-05
9.395 -2.03411e-20 -3.13857e-19 -6.24397e-05 -6.24397e-05 -6.65802e-19 -3.13343e-05 -6.24397e-05 -3.13343e-05 -3.11626e-05
9.4 -2.03411e-20 -3.13857e-19 -6.24397e-05 -6.24397e-05 -6.65802e-19 -3.13343e-05 -6.24397e-05 -3.13343e-05 -3.11626e-05
9.405 -2.03411e-20 -3.13857e-19 -6.24397e-05 -6.24397e-05 -6.65802e-19 -3.13343e-05 -6.24397e-05 -3.13343e-05 -3.11626e-05
9.41 -2.03411e-20 -3.13857e-19 -6.24397e-05 -6.24397e-05 -6.65802e-19 -3.13343e-05 -6.24397e-05 -3.13343e-05 -3.11626e-05
9.415 -2.03411e-20 -3.13857e-19 -6.24397e-05 -6.24397e-05 -6.65802e-19 -3.13343e-05 -6.24397e-05 -3.13343e-05 -3.11626e-05
9.42 -2.03411e-20 -3.13857e-19 -6.24397e-05 -6.24397e-05 -6.65802e-19 -3.13343e-05 -6.24397e-05 -3.13343e-05 -3.11626e-05
9.425 -2.03411e-20 -3.13857e-19 -6.24397e-05 -6.24397e-05 -6.65802e-19 -3.13343e-05 -6.24397e-05 -3.13343e-05 -3.11626e-05
9.43 -2.03411e-20 -3.13857e-19 -6.24397e-05 -6.24397e-05 -6.65802e-19 -3.13343e-05 -6.24397e-05 -3.13343e-05 -3.11626e-05
9.435 -2.03411e-20 -3.13857e-19 -6.24397e-05 -6.24397e-05 -6.65802e-19 -3.13343e-05 -6.24397e-05 -3.13343e-05 -3.11626e-05
9.44 -2.03411e-20 -3.13857e-19 -6.24397e-05 -6.24397e-05 -6.65802e-19 -3.13343e-05 -6.24397e-05 -3.13343e-05 -3.11626e-05
9.445 -2.03411e-20 -3.13857e-19 -6.24397e-05 -6.24397e-05 -6.65802e-19 -3.13343e-05 -6.24397e-05 -3.13343e-05 -3.11626e-05
9.45 -2.03411e-20 -3.13857e-19 -6.24397e-05 -6.24397e-05 -6.65802e-19 -3.13343e-05 -6.24397e-05 -3.13343e-05 -3.11626e-05
9.455 -2.03411e-20 -3.13857e-19 -6.24397e-05 -6.24397e-05 -6.65802e-19 -3.13343e-05 -6.24397e-05 -3.13343e-05 -3.11626e-05
9.46 -2.03411e-20 -3.13857e-19 -6.24397e-05 -6.24397e-05 -6.65802e-19 -3.13343e-05 -6.24397e-05 -3.13343e-05 -3.11626e-05
9.465 -2.03411e-20 -3.13857e-19 -6.24397e-05 -6.24397e-05 -6.65802e-19 -3.13343e-05 -6.24397e-05 -3.13343e-05 -3.11626e-05
9.47 -2.03411e-20 -3.13857e-19 -6.24397e-05 -6.24397e-05 -6.65802e-19 -3.13343e-05 -6.24397e-05 -3.13343e-05 -3.11626e-05
9.475 -2.03411e-20 -3.13857e-19 -6.24397e-05 -6.24397e-05 -6.65802e-19 -3.13343e-05 -6.24397e-05 -3.13343e-05 -3.11626e-05
9.48 -2.03411e-20 -3.13857e-19 -6.24397e-05 -6.24397e-05 -6.65802e-19 -3.13343e-05 -6.24397e-05 -3.13343e-05 -3.11626e-05
9.485 -2.03411e-20 -3.13857e-19 -6.24397e-05 -6.24397e-05 -6.65802e-19 -3.13343e-05 -6.24397e-05 -3.13343e-05 -3.11626e-05
9.49 -2.03411e-20 -3.13857e-19 -6.24397e-05 -6.24397e-05 -6.65802e-19 -3.13343e-05 -6.24397e-05 -3.13343e-05 -3.11626e-05
9.495 -2.03411e-20 -3.13857e-19 -6.24397e-05 -6.24397e-05 -6.65802e-19 -3.13343e-05 -6.24397e-05 -3.13343e-05 -3.11626e-05
9.5 -2.03411e-20 -3.13857e-19 -6.24397e-05 -6.24397e-05 -6.65802e-19 -3.13343e-05 -6.24397e-05 -3.13343e-05 -3.11626e-05
9.505 -2.03411e-20 -3.13857e-19 -6.24397e-05 -6.24397e-05 -6.65802e-19 -3.13343e-05 -6.24397e-05 -3.13343e-05 -3.11626e-05
9.51 -2.03411e-20 -3.13857e-19 -6.24397e-05 -6.24397e-05 -6.65802e-19 -3.13343e-05 -6.24397e-05 -3.13343e-05 -3.11626e-05
9.515 -2.03411e-20 -3.13857e-19 -6.24397e-05 -6.24397e-05 -6.65802e-19 -3.13343e-05 -6.24397e-05 -3.13343e-05 -3.11626e-05
9.52 -2.03411e-20 -3.13857e-19 -6.24397e-05 -6.24397e-05 -6.65802e-19 -3.13343e-05 -6.24397e-05 -3.13343e-05 -3.11626e-05
9.525 -2.03411e-20 -3.13857e-19 -6.24397e-05 -6.24397e-05 -6.65802e-19 -3.13343e-05 -6.24397e-05 -3.13343e-05 -3.11626e-05
9.53 -2.03411e-20 -3.13857e-19 -6.24397e-05 -6.24397e-05 -6.65802e-19 -3.13343e-05 -6.24397e-05 -3.13343e-05 -3.11626e-05
9.535 -2.03411e-20 -3.13857e-19 -6.24397e-05 -6.24397e-05 -6.65802e-19 -3.13343e-05 -6.24397e-05 -3.13343e-05 -3.11626e-05
9.54 -2.03411e-20 -3.13857e-19 -6.24397e-05 -6.24397e-05 -6.65802e-19 -3.13343e-05 -6.24397e-05 -3.13343e-05 -3.11626e-05
9.545 -2.03411e-20 -3.13857e-19 -6.24397e-05 -6.24397e-05 -6.65802e-19 -3.13343e-05 -6.24397e-05 -3.13343e-05 -3.11626e-05
9.55 -2.03411e-20 -3.13857e-19 -6.24397e-05 -6.24397e-05 -6.65802e-19 -3.13343e-05 -6.24397e-05 -3.13343e-05 -3.11626e-05
9.555 -2.03411e-20 -3.13857e-19 -6.24397e-05 -6.24397e-05 -6.65802e-19 -3.13343e-05 -6.24397e-05 -3.13343e-05 -3.11626e-05
9.56 -2.03411e-20 -3.13857e-19 -6.24397e-05 -6.24397e-05 -6.65802e-19 -3.13343e-05 -6.24397e-05 -3.13343e-05 -3.11626e-05
9.565 -2.03411e-20 -3.13857e-19 -6.24397e-05 -6.24397e-05 -6.65802e-19 -3.13343e-05 -6.24397e-05 -3.13343e-05 -3.11626e-05
9.57 -2.03411e-20 -3.13857e-19 -6.24397e-05 -6.24397e-05 -6.65802e-19 -3.13343e-05 -6.24397e-05 -3.13343e-05 -3.11626e-05
9.575 -2.03411e-20 -3.13857e-19 -6.24397e-05 -6.24397e-05 -6.65802e-19 -3.13343e-05 -6.24397e-05 -3.13343e-05 -3.11626e-05
9.58 -2.03411e-20 -3.13857e-19 -6.24397e-05 -6.24397e-05 -6.65802e-19 -3.13343e-05 -6.24397e-05 -3.13343e-05 -3.11626e-05
9.585 -2.03411e-20 -3.13857e-19 -6.24397e-05 -6.24397e-05 -6.65802e-19 -3.13343e-05 -6.24397e-05 -3.13343e-05 -3.11626e-05
9.59 -2.03411e-20 -3.13857e-19 -6.24397e-05 -6.24397e-05 -6.65802e-19 -3.13343e-05 -6.24397e-05 -3.13343e-05 -3.11626e-05
9.595 -2.03411e-20 -3.13857e-19 -6.24397e-05 -6.24397e-05 -6.65802e-19 -3.13343e-05 -6.24397e-05 -3.13343e-05 -3.11626e-05
9.6 -2.03411e-20 -3.13857e-19 -6.24397e-05 -6.24397e-05 -6.65802e-19 -3.13343e-05 -6.24397e-05 -3.13343e-05 -3.11626e-05
9.605 -2.03411e-20 -3.13857e-19 -6.24397e-05 -6.24397e-05 -6.65802e-19 -3.13343e-05 -6.24397e-05 -3.13343e-05 -3.11626e-05
9.61 -2.03411e-20 -3.13857e-19 -6.24397e-05 -6.24397e-05 -6.65802e-19 -3.13343e-05 -6.24397e-05 -3.13343e-05 -3.11626e-05
9.615 -2.03411e-20 -3.13857e-19 -6.24397e-05 -6.24397e-05 -6.65802e-19 -3.13343e-05 -6.24397e-05 -3.13343e-05 -3.11626e-05
9.62 -2.03411e-20 -3.13857e-19 -6.24397e-05 -6.24397e-05 -6.65802e-19 -3.13343e-05 -6.24397e-05 -3.13343e-05 -3.11626e-05
9.625 -2.03411e-20 -3.13857e-19 -6.24397e-05 -6.24397e-05 -6.65802e-19 -3.13343e-05 -6.24397e-05 -3.13343e-05 -3.11626e-05
9.63 -2.03411e-20 -3.13857e-19 -6.24397e-05 -6.24397e-05 -6.65802e-19 -3.13343e-05 -6.24397e-05 -3.13343e-05 -3.11626e-05
9.635 -2.03411e-20 -3.13857e-19 -6.24397e-05 -6.24397e-05 -6.65802e-19 -3.13343e-05 -6.24397e-05 -3.13343e-05 -3.11626e-05
9.64 -2.03411e-20 -3.13857e-19 -6.24397e-05 -6.24397e-05 -6.65802e-19 -3.13343e-05 -6.24397e-05 -3.13343e-05 -3.11626e-05
9.645 -2.03411e-20 -3.13857e-19 -6.24397e-05 -6.24397e-05 -6.65802e-19 -3.13343e-05 -6.24397e-05 -3.13343e-05 -3.11626e-05
9.65 -2.03411e-20 -3.13857e-19 -6.24397e-05 -6.24397e-05 -6.65802e-19 -3.13343e-05 -6.24397e-05 -3.13343e-05 -3.11626e-05
9.655 -2.03411e-20 -3.13857e-19 -6.24397e-05 -6.24397e-05 -6.65802e-19 -3.13343e-05 -6.24397e-05 -3.13343e-05 -3.11626e-05
9.66 -2.03411e-20 -3.13857e-19 -6.24397e-05 -6.24397e-05 -6.65802e-19 -3.13343e-05 -6.24397e-05 -3.13343e-05 -3.11626e-05
9.665 -2.03411e-20 -3.13857e-19 -6.24397e-05 -6.24397e-05 -6.65802e-19 -3.13343e-05 -6.24397e-05 -3.13343e-05 -3.11626e-05
9.67 -2.03411e-20 -3.13857e-19 -6.24397e-05 -6.24397e-05 -6.65802e-19 -3.13343e-05 -6.24397e-05 -3.13343e-05 -3.11626e-05
9.675 -2.03411e-20 -3.13857e-19 -6.24397e-05 -6.24397e-05 -6.65802e-19 -3.13343e-05 -6.24397e-05 -3.13343e-05 -3.11626e-05
9.68 -2.03411e-20 -3.13857e-19 -6.24397e-05 -6.24397e-05 -6.65802e-19 -3.13343e-05 -6.24397e-05 -3.13343e-05 -3.11626e-05
9.685 -2.03411e-20 -3.13857e-19 -6.24397e-05 -6.24397e-05 -6.65802e-19 -3.13343e-05 -6.24397e-05 -3.13343e-05 -3.11626e-05
9.69 -2.03411e-20 -3.13857e-19 -6.24397e-05 -6.24397e-05 -6.65802e-19 -3.13343e-05 -6.24397e-05 -3.13343e-05 -3.11626e-05
9.695 -2.03411e-20 -3.13857e-19 -6.24397e-05 -6.24397e-05 -6.65802e-19 -3.13343e-05 -6.24397e-05 -3.13343e-05 -3.11626e-05
9.7 -2.03411e-20 -3.13857e-19 -6.24397e-05 -6.24397e-05 -6.65802e-19 -3.13343e-05 -6.24397e-05 -3.13343e-05 -3.11626e-05
9.705 -2.03411e-20 -3.13857e-19 -6.24397e-05 -6.24397e-05 -6.65802e-19 -3.13343e-05 -6.24397e-05 -3.13343e-05 -3.11626e-05
9.71 -2.03411e-20 -3.13857e-19 -6.24397e-05 -6.24397e-05 -6.65802e-19 -3.13343e-05 -6.24397e-05 -3.13343e-05 -3.11626e-05
9.715 -2.03411e-20 -3.13857e-19 -6.24397e-05 -6.24397e-05 -6.65802e-19 -3.13343e-05 -6.24397e-05 -3.13343e-05 -3.11626e-05
9.72 -2.03411e-20 -3.13857e-19 -6.24397e-05 -6.24397e-05 -6.65802e-19 -3.13343e-05 -6.24397e-05 -3.13343e-05 -3.11626e-05
9.725 -2.03411e-20 -3.13857e-19 -6.24397e-05 -6.24397e-05 -6.65802e-19 -3.13343e-05 -6.24397e-05 -3.13343e-05 -3.11626e-05
9.73 -2.03411e-20 -3.13857e-19 -6.24397e-05 -6.24397e-05 -6.65802e-19 -3.13343e-05 -6.24397e-05 -3.13343e-05 -3.11626e-05
9.735 -2.03411e-20 -3.13857e-19 -6.24397e-05 -6.24397e-05 -6.65802e-19 -3.13343e-05 -6.24397e-05 -3.13343e-05 -3.11626e-05
9.74 -2.03411e-20 -3.13857e-19 -6.24397e-05 -6.24397e-05 -6.65802e-19 -3.13343e-05 -6.24397e-05 -3.13343e-05 -3.11626e-05
9.745 -2.03411e-20 -3.13857e-19 -6.24397e-05 -6.24397e-05 -6.65802e-19 -3.13343e-05 -6.24397e-05 -3.13343e-05 -3.11626e-05
9.75 -2.03411e-20 -3.13857e-19 -6.24397e-05 -6.24397e-05 -6.65802e-19 -3.13343e-05 -6.24397e-05 -3.13343e-05 -3.11626e-05
9.755 -2.03411e-20 -3.13857e-19 -6.24397e-05 -6.24397e-05 -6.65802e-19 -3.13343e-05 -6.24397e-05 -3.13343e-05 -3.11626e-05
9.76 -2.03411e-20 -3.13857e-19 -6.24397e-05 -6.24397e-05 -6.65802e-19 -3.13343e-05 -6.24397e-05 -3.13343e-05 -3.11626e-05
9.765 -2.03411e-20 -3.13857e-19 -6.24397e-05 -6.24397e-05 -6.65802e-19 -3.13343e-05 -6.24397e-05 -3.13343e-05 -3.11626e-05
9.77 -2.03411e-20 -3.13857e-19 -6.24397e-05 -6.24397e-05 -6.65802e-19 -3.13343e-05 -6.24397e-05 -3.13343e-05 -3.11626e-05
9.775 -2.03411e-20 -3.13857e-19 -6.24397e-05 -6.24397e-05 -6.65802e-19 -3.13343e-05 -6.24397e-05 -3.13343e-05 -3.11626e-05
9.78 -2.03411e-20 -3.13857e-19 -6.24397e-05 -6.24397e-05 -6.65802e-19 -3.13343e-05 -6.24397e-05 -3.13343e-05 -3.11626e-05
9.785 -2.03411e-20 -3.13857e-19 -6.24397e-05 -6.24397e-05 -6.65802e-19 -3.13343e-05 -6.24397e-05 -3.13343e-05 -3.11626e-05
9.79 -2.03411e-20 -3.13857e-19 -6.24397e-05 -6.24397e-05 -6.65802e-19 -3.13343e-05 -6.24397e-05 -3.13343e-05 -3.11626e-05
9.795 -2.03411e-20 -3.13857e-19 -6.24397e-05 -6.24397e-05 -6.65802e-19 -3.13343e-05 -6.24397e-05 -3.13343e-05 -3.11626e-05
9.8 -2.03411e-20 -3.13857e-19 -6.24397e-05 -6.24397e-05 -6.65802e-19 -3.13343e-05 -6.24397e-05 -3.13343e-05 -3.11626e-05
9.805 -2.03411e-20 -3.13857e-19 -6.24397e-05 -6.24397e-05 -6.65802e-19 -3.13343e-05 -6.24397e-05 -3.13343e-05 -3.11626e-05
9.81 -2.03411e-20 -3.13857e-19 -6.24397e-05 -6.24397e-05 -6.65802e-19 -3.13343e-05 -6.24397e-05 -3.13343e-05 -3.11626e-05
9.815 -2.03411e-20 -3.13857e-19 -6.24397e-05 -6.24397e-05 -6.65802e-19 -3.13343e-05 -6.24397e-05 -3.13343e-05 -3.11626e-05
9.82 -2.03411e-20 -3.13857e-19 -6.24397e-05 -6.24397e-05 -6.65802e-19 -3.13343e-05 -6.24397e-05 -3.13343e-05 -3.11626e-05
9.825 -2.03411e-20 -3.13857e-19 -6.24397e-05 -6.24397e-05 -6.65802e-19 -3.13343e-05 -6.24397e-05 -3.13343e-05 -3.11626e-05
9.83 -2.03411e-20 -3.13857e-19 -6.24397e-05 -6.24397e-05 -6.65802e-19 -3.13343e-05 -6.24397e-05 -3.13343e-05 -3.11626e-05
9.835 -2.03411e-20 -3.13857e-19 -6.24397e-05 -6.24397e-05 -6.65802e-19 -3.13343e-05 -6.24397e-05 -3.13343e-05 -3.11626e-05
9.84 -2.03411e-20 -3.13857e-19 -6.24397e-05 -6.24397e-05 -6.65802e-19 -3.13343e-05 -6.24397e-05 -3.13343e-05 -3.11626e-05
9.845 -2.03411e-20 -3.13857e-19 -6.24397e-05 -6.24397e-05 -6.65802e-19 -3.13343e-05 -6.24397e-05 -3.13343e-05 -3.11626e-05
9.85 -2.03411e-20 -3.13857e-19 -6.24397e-05 -6.24397e-05 -6.65802e-19 -3.13343e-05 -6.24397e-05 -3.13343e-05 -3.11626e-05
9.855 -2.03411e-20 -3.13857e-19 -6.24397e-05 -6.24397e-05 -6.65802e-19 -3.13343e-05 -6.24397e-05 -3.13343e-05 -3.11626e-05
9.86 -2.03411e-20 -3.13857e-19 -6.24397e-05 -6.24397e-05 -6.65802e-19 -3.13343e-05 -6.24397e-05 -3.13343e-05 -3.11626e-05
9.865 -2.03411e-20 -3.13857e-19 -6.24397e-05 -6.24397e-05 -6.65802e-19 -3.13343e-05 -6.24397e-05 -3.13343e-05 -3.11626e-05
9.87 -2.03411e-20 -3.13857e-19 -6.24397e-05 -6.24397e-05 -6.65802e-19 -3.13343e-05 -6.24397e-05 -3.13343e-05 -3.11626e-05
9.875 -2.03411e-20 -3.13857e-19 -6.24397e-05 -6.24397e-05 -6.65802e-19 -3.13343e-05 -6.24397e-05 -3.13343e-05 -3.11626e-05
9.88 -2.03411e-20 -3.13857e-19 -6.24397e-05 -6.24397e-05 -6.65802e-19 -3.13343e-05 -6.24397e-05 -3.13343e-05 -3.11626e-05
9.885 -2.03411e-20 -3.13857e-19 -6.24397e-05 -6.24397e-05 -6.65802e-19 -3.13343e-05 -6.24397e-05 -3.13343e-05 -3.11626e-05
9.89 -2.03411e-20 -3.13857e-19 -6.24397e-05 -6.24397e-05 -6.65802e-19 -3.13343e-05 -6.24397e-05 -3.13343e-05 -3.11626e-05
9.895 -2.03411e-20 -3.13857e-19 -6.24397e-05 -6.24397e-05 -6.65802e-19 -3.13343e-05 -6.24397e-05 -3.13343e-05 -3.11626e-05
9.9 -2.03411e-20 -3.13857e-19 -6.24397e-05 -6.24397e-05 -6.65802e-19 -3.13343e-05 -6.24397e-05 -3.13343e-05 -3.11626e-05
9.905 -2.03411e-20 -3.13857e-19 -6.24397e-05 -6.24397e-05 -6.65802e-19 -3.13343e-05 -6.24397e-05 -3.13343e-05 -3.11626e-05
9.91 -2.03411e-20 -3.13857e-19 -6.24397e-05 -6.24397e-05 -6.65802e-19 -3.13343e-05 -6.24397e-05 -3.13343e-05 -3.11626e-05
9.915 -2.03411e-20 -3.13857e-19 -6.24397e-05 -6.24397e-05 -6.65802e-19 -3.13343e-05 -6.24397e-05 -3.13343e-05 -3.11626e-05
9.92 -2.03411e-20 -3.13857e-19 -6.24397e-05 -6.24397e-05 -6.65802e-19 -3.13343e-05 -6.24397e-05 -3.13343e-05 -3.11626e-05
9.925 -2.03411e-20 -3.13857e-19 -6.24397e-05 -6.24397e-05 -6.65802e-19 -3.13343e-05 -6.24397e-05 -3.13343e-05 -3.11626e-05
9.93 -2.03411e-20 -3.13857e-19 -6.24397e-05 -6.24397e-05 -6.65802e-19 -3.13343e-05 -6.24397e-05 -3.13343e-05 -3.11626e-05
9.935 -2.03411e-20 -3.13857e-19 -6.24397e-05 -6.24397e-05 -6.65802e-19 -3.13343e-05 -6.24397e-05 -3.13343e-05 -3.11626e-05
9.94 -2.03411e-20 -3.13857e-19 -6.24397e-05 -6.24397e-05 -6.65802e-19 -3.13343e-05 -6.24397e-05 -3.13343e-05 -3.11626e-05
9.945 -2.03411e-20 -3.13857e-19 -6.24397e-05 -6.24397e-05 -6.65802e-19 -3.13343e-05 -6.24397e-05 -3.13343e-05 -3.11626e-05
9.95 -2.03411e-20 -3.13857e-19 -6.24397e-05 -6.24397e-05 -6.65802e-19 -3.13343e-05 -6.24397e-05 -3.13343e-05 -3.11626e-05
9.955 -2.03411e-20 -3.13857e-19 -6.24397e-05 -6.24397e-05 -6.65802e-19 -3.13343e-05 -6.24397e-05 -3.13343e-05 -3.11626e-05
9.96 -2.03411e-20 -3.13857e-19 -6.24397e-05 -6.24397e-05 -6.65802e-19 -3.13343e-05 -6.24397e-05 -3.13343e-05 -3.11626e-05
9.965 -2.03411e-20 -3.13857e-19 -6.24397e-05 -6.24397e-05 -6.65802e-19 -3.13343e-05 -6.24397e-05 -3.13343e-05 -3.11626e-05
9.97 -2.03411e-20 -3.13857e-19 -6.24397e-05 -6.24397e-05 -6.65802e-19 -3.13343e-05 -6.24397e-05 -3.13343e-05 -3.11626e-05
9.975 -2.03411e-20 -3.13857e-19 -6.24397e-05 -6.24397e-05 -6.65802e-19 -3.13343e-05 -6.24397e-05 -3.13343e-05 -3.11626e-05
9.98 -2.03411e-20 -3.13857e-19 -6.24397e-05 -6.24397e-05 -6.65802e-19 -3.13343e-05 -6.24397e-05 -3.13343e-05 -3.11626e-05
9.985 -2.03411e-20 -3.13857e-19 -6.24397e-05 -6.24397e-05 -6.65802e-19 -3.13343e-05 -6.24397e-05 -3.13343e-05 -3.11626e-05
9.99 -2.03411e-20 -3.13857e-19 -6.24397e-05 -6.24397e-05 -6.65802e-19 -3.13343e-05 -6.24397e-05 -3.13343e-05 -3.11626e-05
9.995 -2.03411e-20 -3.13857e-19 -6.24397e-05 -6.24397e-05 -6.65802e-19 -3.13343e-05 -6.24397e-05 -3.13343e-05 -3.11626e-05
10 -2.03411e-20 -3.13857e-19 -6.24397e-05 -6.24397e-05 -6.65802e-19 -3.13343e-05 -6.24397e-05 -3.13343e-05 -3.11626e-05
10.005 -2.03411e-20 -3.13857e-19 -6.24397e-05 -6.24397e-05 -6.65802e-19 -3.13343e-05 -6.24397e-05 -3.13343e-05 -3.11626e-05
10.01 -2.03411e-20 -3.13857e-19 -6.24397e-05 -6.24397e-05 -6.65802e-19 -3.13343e-05 -6.24397e-05 -3.13343e-05 -3.11626e-05
10.015 -2.03411e-20 -3.13857e-19 -6.24397e-05 -6.24397e-05 -6.65802e-19 -3.13343e-05 -6.24397e-05 -3.13343e-05 -3.11626e-05
10.02 -2.03411e-20 -3.13857e-19 -6.24397e-05 -6.24397e-05 -6.65802e-19 -3.13343e-05 -6.24397e-05 -3.13343e-05 -3.11626e-05
10.025 -2.03411e-20 -3.13857e-19 -6.24397e-05 -6.24397e-05 -6.65802e-19 -3.13343e-05 -6.24397e-05 -3.13343e-05 -3.11626e-05
10.03 -2.03411e-20 -3.13857e-19 -6.24397e-05 -6.24397e-05 -6.65802e-19 -3.13343e-05 -6.24397e-05 -3.13343e-05 -3.11626e-05
10.035 -2.03411e-20 -3.13857e-19 -6.24397e-05 -6.24397e-05 -6.65802e-19 -3.13343e-05 -6.24397e-05 -3.13343e-05 -3.11626e-05
10.04 -2.03411e-20 -3.13857e-19 -6.24397e-05 -6.24397e-05 -6.65802e-19 -3.13343e-05 -6.24397e-05 -3.13343e-05 -3.11626e-05
10.045 -2.03411e-20 -3.13857e-19 -6.24397e-05 -6.24397e-05 -6.65802e-19 -3.13343e-05 -6.24397e-05 -3.13343e-05 -3.11626e-05
10.05 -2.03411e-20 -3.13857e-19 -6.24397e-05 -6.24397e-05 -6.65802e-19 -3.13343e-05 -6.24397e-05 -3.13343e-05 -3.11626e-05
10.055 -2.03411e-20 -3.13857e-19 -6.24397e-05 -6.24397e-05 -6.65802e-19 -3.13343e-05 -6.24397e-05 -3.13343e-05 -3.11626e-05
10.06 -2.03411e-20 -3.13857e-19 -6.24397e-05 -6.24397e-05 -6.65802e-19 -3.13343e-05 -6.24397e-05 -3.13343e-05 -3.11626e-05
10.065 -2.03411e-20 -3.13857e-19 -6.24397e-05 -6.24397e-05 -6.65802e-19 -3.13343e-05 -6.24397e-05 -3.13343e-05 -3.11626e-05
10.07 -2.03411e-20 -3.13857e-19 -6.24397e-05 -6.24397e-05 -6.65802e-19 -3.13343e-05 -6.24397e-05 -3.13343e-05 -3.11626e-05
10.075 -2.03411e-20 -3.13857e-19 -6.24397e-05 -6.24397e-05 -6.65802e-19 -3.13343e-05 -6.24397e-05 -3.13343e-05 -3.11626e-05
10.08 -2.03411e-20 -3.13857e-19 -6.24397e-05 -6.24397e-05 -6.65802e-19 -3.13343e-05 -6.24397e-05 -3.13343e-05 -3.11626e-05
10.085 -2.03411e-20 -3.13857e-19 -6.24397e-05 -6.24397e-05 -6.65802e-19 -3.13343e-05 -6.24397e-05 -3.13343e-05 -3.11626e-05
10.09 -2.03411e-20 -3.13857e-19 -6.24397e-05 -6.24397e-05 -6.65802e-19 -3.13343e-05 -6.24397e-05 -3.13343e-05 -3.11626e-05
10.095 -2.03411e-20 -3.13857e-19 -6.24397e-05 -6.24397e-05 -6.65802e-19 -3.13343e-05 -6.24397e-05 -3.13343e-05 -3.11626e-05
10.1 -2.03411e-20 -3.13857e-19 -6.24397e-05 -6.24397e-05 -6.65802e-19 -3.13343e-05 -6.24397e-05 -3.13343e-05 -3.11626e-05
10.105 -2.03411e-20 -3.13857e-19 -6.24397e-05 -6.24397e-05 -6.65802e-19 -3.13343e-05 -6.24397e-05 -3.13343e-05 -3.11626e-05
10.11 -2.03411e-20 -3.13857e-19 -6.24397e-05 -6.24397e-05 -6.65802e-19 -3.13343e-05 -6.24397e-05 -3.13343e-05 -3.11626e-05
10.115 -2.03411e-20 -3.13857e-19 -6.24397e-05 -6.24397e-05 -6.65802e-19 -3.13343e-05 -6.24397e-05 -3.13343e-05 -3.11626e-05
10.12 -2.03411e-20 -3.13857e-19 -6.24397e-05 -6.24397e-05 -6.65802e-19 -3.13343e-05 -6.24397e-05 -3.13343e-05 -3.11626e-05
10.125 -2.03411e-20 -3.13857e-19 -6.24397e-05 -6.24397e-05 -6.65802e-19 -3.13343e-05 -6.24397e-05 -3.13343e-05 -3.11626e-05
10.13 -2.03411e-20 -3.13857e-19 -6.24397e-05 -6.24397e-05 -6.65802e-19 -3.13343e-05 -6.24397e-05 -3.13343e-05 -3.11626e-05
10.135 -2.03411e-20 -3.13857e-19 -6.24397e-05 -6.24397e-05 -6.65802e-19 -3.13343e-05 -6.24397e-05 -3.13343e-05 -3.11626e-05
10.14 -2.03411e-20 -3.13857e-19 -6.24397e-05 -6.24397e-05 -6.65802e-19 -3.13343e-05 -6.24397e-05 -3.13343e-05 -3.11626e-05
10.145 -2.03411e-20 -3.13857e-19 -6.24397e-05 -6.24397e-05 -6.65802e-19 -3.13343e-05 -6.24397e-05 -3.13343e-05 -3.11626e-05
10.15 -2.03411e-20 -3.13857e-19 -6.24397e-05 -6.24397e-05 -6.65802e-19 -3.13343e-05 -6.24397e-05 -3.13343e-05 -3.11626e-05
10.155 -2.03411e-20 -3.13857e-19 -6.24397e-05 -6.24397e-05 -6.65802e-19 -3.13343e-05 -6.24397e-05 -3.13343e-05 -3.11626e-05
10.16 -2.03411e-20 -3.13857e-19 -6.24397e-05 -6.24397e-05 -6.65802e-19 -3.13343e-05 -6.24397e-05 -3.13343e-05 -3.11626e-05
10.165 -2.03411e-20 -3.13857e-19 -6.24397e-05 -6.24397e-05 -6.65802e-19 -3.13343e-05 -6.24397e-05 -3.13343e-05 -3.11626e-05
10.17 -2.03411e-20 -3.13857e-19 -6.24397e-05 -6.24397e-05 -6.65802e-19 -3.13343e-05 -6.24397e-05 -3.13343e-05 -3.11626e-05
10.175 -2.03411e-20 -3.13857e-19 -6.24397e-05 -6.24397e-05 -6.65802e-19 -3.13343e-05 -6.24397e-05 -3.13343e-05 -3.11626e-05
10.18 -2.03411e-20 -3.13857e-19 -6.24397e-05 -6.24397e-05 -6.65802e-19 -3.13343e-05 -6.24397e-05 -3.13343e-05 -3.11626e-05
10.185 -2.03411e-20 -3.13857e-19 -6.24397e-05 -6.24397e-05 -6.65802e-19 -3.13343e-05 -6.24397e-05 -3.13343e-05 -3.11626e-05
10.19 -2.03411e-20 -3.13857e-19 -6.24397e-05 -6.24397e-05 -6.65802e-19 -3.13343e-05 -6.24397e-05 -3.13343e-05 -3.11626e-05
10.195 -2.03411e-20 -3.13857e-19 -6.24397e-05 -6.24397e-05 -6.65802e-19 -3.13343e-05 -6.24397e-05 -3.13343e-05 -3.11626e-05
10.2 -2.03411e-20 -3.13857e-19 -6.24397e-05 -6.24397e-05 -6.65802e-19 -3.13343e-05 -6.24397e-05 -3.13343e-05 -3.11626e-05
10.205 -2.03411e-20 -3.13857e-19 -6.24397e-05 -6.24397e-05 -6.65802e-19 -3.13343e-05 -6.24397e-05 -3.13343e-05 -3.11626e-05
10.21 -2.03411e-20 -3.13857e-19 -6.24397e-05 -6.24397e-05 -6.65802e-19 -3.13343e-05 -6.24397e-05 -3.13343e-05 -3.11626e-05
10.215 -2.03411e-20 -3.13857e-19 -6.24397e-05 -6.24397e-05 -6.65802e-19 -3.13343e-05 -6.24397e-05 -3.13343e-05 -3.11626e-05
10.22 -2.03411e-20 -3.13857e-19 -6.24397e-05 -6.24397e-05 -6.65802e-19 -3.13343e-05 -6.24397e-05 -3.13343e-05 -3.11626e-05
10.225 -2.03411e-20 -3.13857e-19 -6.24397e-05 -6.24397e-05 -6.65802e-19 -3.13343e-05 -6.24397e-05 -3.13343e-05 -3.11626e-05
10.23 -2.03411e-20 -3.13857e-19 -6.24397e-05 -6.24397e-05 -6.65802e-19 -3.13343e-05 -6.24397e-05 -3.13343e-05 -3.11626e-05
10.235 -2.03411e-20 -3.13857e-19 -6.24397e-05 -6.24397e-05 -6.65802e-19 -3.13343e-05 -6.24397e-05 -3.13343e-05 -3.11626e-05
10.24 -2.03411e-20 -3.13857e-19 -6.24397e-05 -6.24397e-05 -6.65802e-19 -3.13343e-05 -6.24397e-05 -3.13343e-05 -3.11626e-05
10.245 -2.03411e-20 -3.13857e-19 -6.24397e-05 -6.24397e-05 -6.65802e-19 -3.13343e-05 -6.24397e-05 -3.13343e-05 -3.11626e-05
10.25 -2.03411e-20 -3.13857e-19 -6.24397e-05 -6.24397e-05 -6.65802e-19 -3.13343e-05 -6.24397e-05 -3.13343e-05 -3.11626e-05
10.255 -2.03411e-20 -3.13857e-19 -6.24397e-05 -6.24397e-05 -6.65802e-19 -3.13343e-05 -6.24397e-05 -3.13343e-05 -3.11626e-05
10.26 -2.03411e-20 -3.13857e-19 -6.24397e-05 -6.24397e-05 -6.65802e-19 -3.13343e-05 -6.24397e-05 -3.13343e-05 -3.11626e-05
10.265 -2.03411e-20 -3.13857e-19 -6.24397e-05 -6.24397e-05 -6.65802e-19 -3.13343e-05 -6.24397e-05 -3.13343e-05 -3.11626e-05
10.27 -2.03411e-20 -3.13857e-19 -6.24397e-05 -6.24397e-05 -6.65802e-19 -3.13343e-05 -6.24397e-05 -3.13343e-05 -3.11626e-05
10.275 -2.03411e-20 -3.13857e-19 -6.24397e-05 -6.24397e-05 -6.65802e-19 -3.13343e-05 -6.24397e-05 -3.13343e-05 -3.11626e-05
10.28 -2.03411e-20 -3.13857e-19 -6.24397e-05 -6.24397e-05 -6.65802e-19 -3.13343e-05 -6.24397e-05 -3.13343e-05 -3.11626e-05
10.285 -2.03411e-20 -3.13857e-19 -6.24397e-05 -6.24397e-05 -6.65802e-19 -3.13343e-05 -6.24397e-05 -3.13343e-05 -3.11626e-05
10.29 -2.03411e-20 -3.13857e-19 -6.24397e-05 -6.24397e-05 -6.65802e-19 -3.13343e-05 -6.24397e-05 -3.13343e-05 -3.11626e-05
10.295 -2.03411e-20 -3.13857e-19 -6.24397e-05 -6.24397e-05 -6.65802e-19 -3.13343e-05 -6.24397e-05 -3.13343e-05 -3.11626e-05
10.3 -2.03411e-20 -3.13857e-19 -6.24397e-05 -6.24397e-05 -6.65802e-19 -3.13343e-05 -6.24397e-05 -3.13343e-05 -3.11626e-05
10.305 -2.03411e-20 -3.13857e-19 -6.24397e-05 -6.24397e-05 -6.65802e-19 -3.13343e-05 -6.24397e-05 -3.13343e-05 -3.11626e-05
10.31 -2.03411e-20 -3.13857e-19 -6.24397e-05 -6.24397e-05 -6.65802e-19 -3.13343e-05 -6.24397e-05 -3.13343e-05 -3.11626e-05
10.315 -2.03411e-20 -3.13857e-19 -6.24397e-05 -6.24397e-05 -6.65802e-19 -3.13343e-05 -6.24397e-05 -3.13343e-05 -3.11626e-05
10.32 -2.03411e-20 -3.13857e-19 -6.24397e-05 -6.24397e-05 -6.65802e-19 -3.13343e-05 -6.24397e-05 -3.13343e-05 -3.11626e-05
10.325 -2.03411e-20 -3.13857e-19 -6.24397e-05 -6.24397e-05 -6.65802e-19 -3.13343e-05 -6.24397e-05 -3.13343e-05 -3.11626e-05
10.33 -2.03411e-20 -3.13857e-19 -6.24397e-05 -6.24397e-05 -6.65802e-19 -3.13343e-05 -6.24397e-05 -3.13343e-05 -3.11626e-05
10.335 -2.03411e-20 -3.13857e-19 -6.24397e-05 -6.24397e-05 -6.65802e-19 -3.13343e-05 -6.24397e-05 -3.13343e-05 -3.11626e-05
10.34 -2.03411e-20 -3.13857e-19 -6.24397e-05 -6.24397e-05 -6.65802e-19 -3.13343e-05 -6.24397e-05 -3.13343e-05 -3.11626e-05
10.345 -2.03411e-20 -3.13857e-19 -6.24397e-05 -6.24397e-05 -6.65802e-19 -3.13343e-05 -6.24397e-05 -3.13343e-05 -3.11626e-05
10.35 -2.03411e-20 -3.13857e-19 -6.24397e-05 -6.24397e-05 -6.65802e-19 -3.13343e-05 -6.24397e-05 -3.13343e-05 -3.11626e-05
10.355 -2.03411e-20 -3.13857e-19 -6.24397e-05 -6.24397e-05 -6.65802e-19 -3.13343e-05 -6.24397e-05 -3.13343e-05 -3.11626e-05
10.36 -2.03411e-20 -3.13857e-19 -6.24397e-05 -6.24397e-05 -6.65802e-19 -3.13343e-05 -6.24397e-05 -3.13343e-05 -3.11626e-05
10.365 -2.03411e-20 -3.13857e-19 -6.24397e-05 -6.24397e-05 -6.65802e-19 -3.13343e-05 -6.24397e-05 -3.13343e-05 -3.11626e-05
10.37 -2.03411e-20 -3.13857e-19 -6.24397e-05 -6.24397e-05 -6.65802e-19 -3.13343e-05 -6.24397e-05 -3.13343e-05 -3.11626e-05
10.375 -2.03411e-20 -3.13857e-19 -6.24397e-05 -6.24397e-05 -6.65802e-19 -3.13343e-05 -6.24397e-05 -3.13343e-05 -3.11626e-05
10.38 -2.03411e-20 -3.13857e-19 -6.24397e-05 -6.24397e-05 -6.65802e-19 -3.13343e-05 -6.24397e-05 -3.13343e-05 -3.11626e-05
10.385 -2.03411e-20 -3.13857e-19 -6.24397e-05 -6.24397e-05 -6.65802e-19 -3.13343e-05 -6.24397e-05 -3.13343e-05 -3.11626e-05
10.39 -2.03411e-20 -3.13857e-19 -6.24397e-05 -6.24397e-05 -6.65802e-19 -3.13343e-05 -6.24397e-05 -3.13343e-05 -3.11626e-05
10.395 -2.03411e-20 -3.13857e-19 -6.24397e-05 -6.24397e-05 -6.65802e-19 -3.13343e-05 -6.24397e-05 -3.13343e-05 -3.11626e-05
10.4 -2.03411e-20 -3.13857e-19 -6.24397e-05 -6.24397e-05 -6.65802e-19 -3.13343e-05 -6.24397e-05 -3.13343e-05 -3.11626e-05
10.405 -2.03411e-20 -3.13857e-19 -6.24397e-05 -6.24397e-05 -6.65802e-19 -3.13343e-05 -6.24397e-05 -3.13343e-05 -3.11626e-05
10.41 -2.03411e-20 -3.13857e-19 -6.24397e-05 -6.24397e-05 -6.65802e-19 -3.13343e-05 -6.24397e-05 -3.13343e-05 -3.11626e-05
10.415 -2.03411e-20 -3.13857e-19 -6.24397e-05 -6.24397e-05 -6.65802e-19 -3.13343e-05 -6.24397e-05 -3.13343e-05 -3.11626e-05
10.42 -2.03411e-20 -3.13857e-19 -6.24397e-05 -6.24397e-05 -6.65802e-19 -3.13343e-05 -6.24397e-05 -3.13343e-05 -3.11626e-05
10.425 -2.03411e-20 -3.13857e-19 -6.24397e-05 -6.24397e-05 -6.65802e-19 -3.13343e-05 -6.24397e-05 -3.13343e-05 -3.11626e-05
10.43 -2.03411e-20 -3.13857e-19 -6.24397e-05 -6.24397e-05 -6.65802e-19 -3.13343e-05 -6.24397e-05 -3.13343e-05 -3.11626e-05
10.435 -2.03411e-20 -3.13857e-19 -6.24397e-05 -6.24397e-05 -6.65802e-19 -3.13343e-05 -6.24397e-05 -3.13343e-05 -3.11626e-05
10.44 -2.03411e-20 -3.13857e-19 -6.24397e-05 -6.24397e-05 -6.65802e-19 -3.13343e-05 -6.24397e-05 -3.13343e-05 -3.11626e-05
10.445 -2.03411e-20 -3.13857e-19 -6.24397e-05 -6.24397e-05 -6.65802e-19 -3.13343e-05 -6.24397e-05 -3.13343e-05 -3.11626e-05
10.45 -2.03411e-20 -3.13857e-19 -6.24397e-05 -6.24397e-05 -6.65802e-19 -3.13343e-05 -6.24397e-05 -3.13343e-05 -3.11626e-05
10.455 -2.03411e-20 -3.13857e-19 -6.24397e-05 -6.24397e-05 -6.65802e-19 -3.13343e-05 -6.24397e-05 -3.13343e-05 -3.11626e-05
10.46 -2.03411e-20 -3.13857e-19 -6.24397e-05 -6.24397e-05 -6.65802e-19 -3.13343e-05 -6.24397e-05 -3.13343e-05 -3.11626e-05
10.465 -2.03411e-20 -3.13857e-19 -6.24397e-05 -6.24397e-05 -6.65802e-19 -3.13343e-05 -6.24397e-05 -3.13343e-05 -3.11626e-05
10.47 -2.03411e-20 -3.13857e-19 -6.24397e-05 -6.24397e-05 -6.65802e-19 -3.13343e-05 -6.24397e-05 -3.13343e-05 -3.11626e-05
10.475 -2.03411e-20 -3.13857e-19 -6.24397e-05 -6.24397e-05 -6.65802e-19 -3.13343e-05 -6.24397e-05 -3.13343e-05 -3.11626e-05
10.48 -2.03411e-20 -3.13857e-19 -6.24397e-05 -6.24397e-05 -6.65802e-19 -3.13343e-05 -6.24397e-05 -3.13343e-05 -3.11626e-05
10.485 -2.03411e-20 -3.13857e-19 -6.24397e-05 -6.24397e-05 -6.65802e-19 -3.13343e-05 -6.24397e-05 -3.13343e-05 -3.11626e-05
10.49 -2.03411e-20 -3.13857e-19 -6.24397e-05 -6.24397e-05 -6.65802e-19 -3.13343e-05 -6.24397e-05 -3.13343e-05 -3.11626e-05
10.495 -2.03411e-20 -3.13857e-19 -6.24397e-05 -6.24397e-05 -6.65802e-19 -3.13343e-05 -6.24397e-05 -3.13343e-05 -3.11626e-05
10.5 -2.03411e-20 -3.13857e-19 -6.24397e-05 -6.24397e-05 -6.65802e-19 -3.13343e-05 -6.24397e-05 -3.13343e-05 -3.11626e-05
10.505 -2.03411e-20 -3.13857e-19 -6.24397e-05 -6.24397e-05 -6.65802e-19 -3.13343e-05 -6.24397e-05 -3.13343e-05 -3.11626e-05
10.51 -2.03411e-20 -3.13857e-19 -6.24397e-05 -6.24397e-05 -6.65802e-19 -3.13343e-05 -6.24397e-05 -3.13343e-05 -3.11626e-05
10.515 -2.03411e-20 -3.13857e-19 -6.24397e-05 -6.24397e-05 -6.65802e-19 -3.13343e-05 -6.24397e-05 -3.13343e-05 -3.11626e-05
10.52 -2.03411e-20 -3.13857e-19 -6.24397e-05 -6.24397e-05 -6.65802e-19 -3.13343e-05 -6.24397e-05 -3.13343e-05 -3.11626e-05
10.525 -2.03411e-20 -3.13857e-19 -6.24397e-05 -6.24397e-05 -6.65802e-19 -3.13343e-05 -6.24397e-05 -3.13343e-05 -3.11626e-05
10.53 -2.03411e-20 -3.13857e-19 -6.24397e-05 -6.24397e-05 -6.65802e-19 -3.13343e-05 -6.24397e-05 -3.13343e-05 -3.11626e-05
10.535 -2.03411e-20 -3.13857e-19 -6.24397e-05 -6.24397e-05 -6.65802e-19 -3.13343e-05 -6.24397e-05 -3.13343e-05 -3.11626e-05
10.54 -2.03411e-20 -3.13857e-19 -6.24397e-05 -6.24397e-05 -6.65802e-19 -3.13343e-05 -6.24397e-05 -3.13343e-05 -3.11626e-05
10.545 -2.03411e-20 -3.13857e-19 -6.24397e-05 -6.24397e-05 -6.65802e-19 -3.13343e-05 -6.24397e-05 -3.13343e-05 -3.11626e-05
10.55 -2.03411e-20 -3.13857e-19 -6.24397e-05 -6.24397e-05 -6.65802e-19 -3.13343e-05 -6.24397e-05 -3.13343e-05 -3.11626e-05
10.555 -2.03411e-20 -3.13857e-19 -6.24397e-05 -6.24397e-05 -6.65802e-19 -3.13343e-05 -6.24397e-05 -3.13343e-05 -3.11626e-05
10.56 -2.03411e-20 -3.13857e-19 -6.24397e-05 -6.24397e-05 -6.65802e-19 -3.13343e-05 -6.24397e-05 -3.13343e-05 -3.11626e-05
10.565 -2.03411e-20 -3.13857e-19 -6.24397e-05 -6.24397e-05 -6.65802e-19 -3.13343e-05 -6.24397e-05 -3.13343e-05 -3.11626e-05
10.57 -2.03411e-20 -3.13857e-19 -6.24397e-05 -6.24397e-05 -6.65802e-19 -3.13343e-05 -6.24397e-05 -3.13343e-05 -3.11626e-05
10.575 -2.03411e-20 -3.13857e-19 -6.24397e-05 -6.24397e-05 -6.65802e-19 -3.13343e-05 -6.24397e-05 -3.13343e-05 -3.11626e-05
10.58 -2.03411e-20 -3.13857e-19 -6.24397e-05 -6.24397e-05 -6.65802e-19 -3.13343e-05 -6.24397e-05 -3.13343e-05 -3.11626e-05
10.585 -2.03411e-20 -3.13857e-19 -6.24397e-05 -6.24397e-05 -6.65802e-19 -3.13343e-05 -6.24397e-05 -3.13343e-05 -3.11626e-05
10.59 -2.03411e-20 -3.13857e-19 -6.24397e-05 -6.24397e-05 -6.65802e-19 -3.13343e-05 -6.24397e-05 -3.13343e-05 -3.11626e-05
10.595 -2.03411e-20 -3.13857e-19 -6.24397e-05 -6.24397e-05 -6.65802e-19 -3.13343e-05 -6.24397e-05 -3.13343e-05 -3.11626e-05
10.6 -2.03411e-20 -3.13857e-19 -6.24397e-05 -6.24397e-05 -6.65802e-19 -3.13343e-05 -6.24397e-05 -3.13343e-05 -3.11626e-05
10.605 -2.03411e-20 -3.13857e-19 -6.24397e-05 -6.24397e-05 -6.65802e-19 -3.13343e-05 -6.24397e-05 -3.13343e-05 -3.11626e-05
10.61 -2.03411e-20 -3.13857e-19 -6.24397e-05 -6.24397e-05 -6.65802e-19 -3.13343e-05 -6.24397e-05 -3.13343e-05 -3.11626e-05
10.615 -2.03411e-20 -3.13857e-19 -6.24397e-05 -6.24397e-05 -6.65802e-19 -3.13343e-05 -6.24397e-05 -3.13343e-05 -3.11626e-05
10.62 -2.03411e-20 -3.13857e-19 -6.24397e-05 -6.24397e-05 -6.65802e-19 -3.13343e-05 -6.24397e-05 -3.13343e-05 -3.11626e-05
10.625 -2.03411e-20 -3.13857e-19 -6.24397e-05 -6.24397e-05 -6.65802e-19 -3.13343e-05 -6.24397e-05 -3.13343e-05 -3.11626e-05
10.63 -2.03411e-20 -3.13857e-19 -6.24397e-05 -6.24397e-05 -6.65802e-19 -3.13343e-05 -6.24397e-05 -3.13343e-05 -3.11626e-05
10.635 -2.03411e-20 -3.13857e-19 -6.24397e-05 -6.24397e-05 -6.65802e-19 -3.13343e-05 -6.24397e-05 -3.13343e-05 -3.11626e-05
10.64 -2.03411e-20 -3.13857e-19 -6.24397e-05 -6.24397e-05 -6.65802e-19 -3.13343e-05 -6.24397e-05 -3.13343e-05 -3.11626e-05
10.645 -2.03411e-20 -3.13857e-19 -6.24397e-05 -6.24397e-05 -6.65802e-19 -3.13343e-05 -6.24397e-05 -3.13343e-05 -3.11626e-05
10.65 -2.03411e-20 -3.13857e-19 -6.24397e-05 -6.24397e-05 -6.65802e-19 -3.13343e-05 -6.24397e-05 -3.13343e-05 -3.11626e-05
10.655 -2.03411e-20 -3.13857e-19 -6.24397e-05 -6.24397e-05 -6.65802e-19 -3.13343e-05 -6.24397e-05 -3.13343e-05 -3.11626e-05
10.66 -2.03411e-20 -3.13857e-19 -6.24397e-05 -6.24397e-05 -6.65802e-19 -3.13343e-05 -6.24397e-05 -3.13343e-05 -3.11626e-05
10.665 -2.03411e-20 -3.13857e-19 -6.24397e-05 -6.24397e-05 -6.65802e-19 -3.13343e-05 -6.24397e-05 -3.13343e-05 -3.11626e-05
10.67 -2.03411e-20 -3.13857e-19 -6.24397e-05 -6.24397e-05 -6.65802e-19 -3.13343e-05 -6.24397e-05 -3.13343e-05 -3.11626e-05
10.675 -2.03411e-20 -3.13857e-19 -6.24397e-05 -6.24397e-05 -6.65802e-19 -3.13343e-05 -6.24397e-05 -3.13343e-05 -3.11626e-05
10.68 -2.03411e-20 -3.13857e-19 -6.24397e-05 -6.24397e-05 -6.65802e-19 -3.13343e-05 -6.24397e-05 -3.13343e-05 -3.11626e-05
10.685 -2.03411e-20 -3.13857e-19 -6.24397e-05 -6.24397e-05 -6.65802e-19 -3.13343e-05 -6.24397e-05 -3.13343e-05 -3.11626e-05
10.69 -2.03411e-20 -3.13857e-19 -6.24397e-05 -6.24397e-05 -6.65802e-19 -3.13343e-05 -6.24397e-05 -3.13343e-05 -3.11626e-05
10.695 -2.03411e-20 -3.13857e-19 -6.24397e-05 -6.24397e-05 -6.65802e-19 -3.13343e-05 -6.24397e-05 -3.13343e-05 -3.11626e-05
10.7 -2.03411e-20 -3.13857e-19 -6.24397e-05 -6.24397e-05 -6.65802e-19 -3.13343e-05 -6.24397e-05 -3.13343e-05 -3.11626e-05
10.705 -2.03411e-20 -3.13857e-19 -6.24397e-05 -6.24397e-05 -6.65802e-19 -3.13343e-05 -6.24397e-05 -3.13343e-05 -3.11626e-05
10.71 -2.03411e-20 -3.13857e-19 -6.24397e-05 -6.24397e-05 -6.65802e-19 -3.13343e-05 -6.24397e-05 -3.13343e-05 -3.11626e-05
10.715 -2.03411e-20 -3.13857e-19 -6.24397e-05 -6.24397e-05 -6.65802e-19 -3.13343e-05 -6.24397e-05 -3.13343e-05 -3.11626e-05
10.72 -2.03411e-20 -3.13857e-19 -6.24397e-05 -6.24397e-05 -6.65802e-19 -3.13343e-05 -6.24397e-05 -3.13343e-05 -3.11626e-05
10.725 -2.03411e-20 -3.13857e-19 -6.24397e-05 -6.24397e-05 -6.65802e-19 -3.13343e-05 -6.24397e-05 -3.13343e-05 -3.11626e-05
10.73 -2.03411e-20 -3.13857e-19 -6.24397e-05 -6.24397e-05 -6.65802e-19 -3.13343e-05 -6.24397e-05 -3.13343e-05 -3.11626e-05
10.735 -2.03411e-20 -3.13857e-19 -6.24397e-05 -6.24397e-05 -6.65802e-19 -3.13343e-05 -6.24397e-05 -3.13343e-05 -3.11626e-05
10.74 -2.03411e-20 -3.13857e-19 -6.24397e-05 -6.24397e-05 -6.65802e-19 -3.13343e-05 -6.24397e-05 -3.13343e-05 -3.11626e-05
10.745 -2.03411e-20 -3.13857e-19 -6.24397e-05 -6.24397e-05 -6.65802e-19 -3.13343e-05 -6.24397e-05 -3.13343e-05 -3.11626e-05
10.75 -2.03411e-20 -3.13857e-19 -6.24397e-05 -6.24397e-05 -6.65802e-19 -3.13343e-05 -6.24397e-05 -3.13343e-05 -3.11626e-05
10.755 -2.03411e-20 -3.13857e-19 -6.24397e-05 -6.24397e-05 -6.65802e-19 -3.13343e-05 -6.24397e-05 -3.13343e-05 -3.11626e-05
10.76 -2.03411e-20 -3.13857e-19 -6.24397e-05 -6.24397e-05 -6.65802e-19 -3.13343e-05 -6.24397e-05 -3.13343e-05 -3.11626e-05
10.765 -2.03411e-20 -3.13857e-19 -6.24397e-05 -6.24397e-05 -6.65802e-19 -3.13343e-05 -6.24397e-05 -3.13343e-05 -3.11626e-05
10.77 -2.03411e-20 -3.13857e-19 -6.24397e-05 -6.24397e-05 -6.65802e-19 -3.13343e-05 -6.24397e-05 -3.13343e-05 -3.11626e-05
10.775 -2.03411e-20 -3.13857e-19 -6.24397e-05 -6.24397e-05 -6.65802e-19 -3.13343e-05 -6.24397e-05 -3.13343e-05 -3.11626e-05
10.78 -2.03411e-20 -3.13857e-19 -6.24397e-05 -6.24397e-05 -6.65802e-19 -3.13343e-05 -6.24397e-05 -3.13343e-05 -3.11626e-05
10.785 -2.03411e-20 -3.13857e-19 -6.24397e-05 -6.24397e-05 -6.65802e-19 -3.13343e-05 -6.24397e-05 -3.13343e-05 -3.11626e-05
10.79 -2.03411e-20 -3.13857e-19 -6.24397e-05 -6.24397e-05 -6.65802e-19 -3.13343e-05 -6.24397e-05 -3.13343e-05 -3.11626e-05
10.795 -2.03411e-20 -3.13857e-19 -6.24397e-05 -6.24397e-05 -6.65802e-19 -3.13343e-05 -6.24397e-05 -3.13343e-05 -3.11626e-05
10.8 -2.03411e-20 -3.13857e-19 -6.24397e-05 -6.24397e-05 -6.65802e-19 -3.13343e-05 -6.24397e-05 -3.13343e-05 -3.11626e-05
10.805 -2.03411e-20 -3.13857e-19 -6.24397e-05 -6.24397e-05 -6.65802e-19 -3.13343e-05 -6.24397e-05 -3.13343e-05 -3.11626e-05
10.81 -2.03411e-20 -3.13857e-19 -6.24397e-05 -6.24397e-05 -6.65802e-19 -3.13343e-05 -6.24397e-05 -3.13343e-05 -3.11626e-05
10.815 -2.03411e-20 -3.13857e-19 -6.24397e-05 -6.24397e-05 -6.65802e-19 -3.13343e-05 -6.24397e-05 -3.13343e-05 -3.11626e-05
10.82 -2.03411e-20 -3.13857e-19 -6.24397e-05 -6.24397e-05 -6.65802e-19 -3.13343e-05 -6.24397e-05 -3.13343e-05 -3.11626e-05
10.825 -2.03411e-20 -3.13857e-19 -6.24397e-05 -6.24397e-05 -6.65802e-19 -3.13343e-05 -6.24397e-05 -3.13343e-05 -3.11626e-05
10.83 -2.03411e-20 -3.13857e-19 -6.24397e-05 -6.24397e-05 -6.65802e-19 -3.13343e-05 -6.24397e-05 -3.13343e-05 -3.11626e-05
10.835 -2.03411e-20 -3.13857e-19 -6.24397e-05 -6.24397e-05 -6.65802e-19 -3.13343e-05 -6.24397e-05 -3.13343e-05 -3.11626e-05
10.84 -2.03411e-20 -3.13857e-19 -6.24397e-05 -6.24397e-05 -6.65802e-19 -3.13343e-05 -6.24397e-05 -3.13343e-05 -3.11626e-05
10.845 -2.03411e-20 -3.13857e-19 -6.24397e-05 -6.24397e-05 -6.65802e-19 -3.13343e-05 -6.24397e-05 -3.13343e-05 -3.11626e-05
10.85 -2.03411e-20 -3.13857e-19 -6.24397e-05 -6.24397e-05 -6.65802e-19 -3.13343e-05 -6.24397e-05 -3.13343e-05 -3.11626e-05
10.855 -2.03411e-20 -3.13857e-19 -6.24397e-05 -6.24397e-05 -6.65802e-19 -3.13343e-05 -6.24397e-05 -3.13343e-05 -3.11626e-05
10.86 -2.03411e-20 -3.13857e-19 -6.24397e-05 -6.24397e-05 -6.65802e-19 -3.13343e-05 -6.24397e-05 -3.13343e-05 -3.11626e-05
10.865 -2.03411e-20 -3.13857e-19 -6.24397e-05 -6.24397e-05 -6.65802e-19 -3.13343e-05 -6.24397e-05 -3.13343e-05 -3.11626e-05
10.87 -2.03411e-20 -3.13857e-19 -6.24397e-05 -6.24397e-05 -6.65802e-19 -3.13343e-05 -6.24397e-05 -3.13343e-05 -3.11626e-05
10.875 -2.03411e-20 -3.13857e-19 -6.24397e-05 -6.24397e-05 -6.65802e-19 -3.13343e-05 -6.24397e-05 -3.13343e-05 -3.11626e-05
10.88 -2.03411e-20 -3.13857e-19 -6.24397e-05 -6.24397e-05 -6.65802e-19 -3.13343e-05 -6.24397e-05 -3.13343e-05 -3.11626e-05
10.885 -2.03411e-20 -3.13857e-19 -6.24397e-05 -6.24397e-05 -6.65802e-19 -3.13343e-05 -6.24397e-05 -3.13343e-05 -3.11626e-05
10.89 -2.03411e-20 -3.13857e-19 -6.24397e-05 -6.24397e-05 -6.65802e-19 -3.13343e-05 -6.24397e-05 -3.13343e-05 -3.11626e-05
10.895 -2.03411e-20 -3.13857e-19 -6.24397e-05 -6.24397e-05 -6.65802e-19 -3.13343e-05 -6.24397e-05 -3.13343e-05 -3.11626e-05
10.9 -2.03411e-20 -3.13857e-19 -6.24397e-05 -6.24397e-05 -6.65802e-19 -3.13343e-05 -6.24397e-05 -3.13343e-05 -3.11626e-05
10.905 -2.03411e-20 -3.13857e-19 -6.24397e-05 -6.24397e-05 -6.65802e-19 -3.13343e-05 -6.24397e-05 -3.13343e-05 -3.11626e-05
10.91 -2.03411e-20 -3.13857e-19 -6.24397e-05 -6.24397e-05 -6.65802e-19 -3.13343e-05 -6.24397e-05 -3.13343e-05 -3.11626e-05
10.915 -2.03411e-20 -3.13857e-19 -6.24397e-05 -6.24397e-05 -6.65802e-19 -3.13343e-05 -6.24397e-05 -3.13343e-05 -3.11626e-05
10.92 -2.03411e-20 -3.13857e-19 -6.24397e-05 -6.24397e-05 -6.65802e-19 -3.13343e-05 -6.24397e-05 -3.13343e-05 -3.11626e-05
10.925 -2.03411e-20 -3.13857e-19 -6.24397e-05 -6.24397e-05 -6.65802e-19 -3.13343e-05 -6.24397e-05 -3.13343e-05 -3.11626e-05
10.93 -2.03411e-20 -3.13857e-19 -6.24397e-05 -6.24397e-05 -6.65802e-19 -3.13343e-05 -6.24397e-05 -3.13343e-05 -3.11626e-05
10.935 -2.03411e-20 -3.13857e-19 -6.24397e-05 -6.24397e-05 -6.65802e-19 -3.13343e-05 -6.24397e-05 -3.13343e-05 -3.11626e-05
10.94 -2.03411e-20 -3.13857e-19 -6.24397e-05 -6.24397e-05 -6.65802e-19 -3.13343e-05 -6.24397e-05 -3.13343e-05 -3.11626e-05
10.945 -2.03411e-20 -3.13857e-19 -6.24397e-05 -6.24397e-05 -6.65802e-19 -3.13343e-05 -6.24397e-05 -3.13343e-05 -3.11626e-05
10.95 -2.03411e-20 -3.13857e-19 -6.24397e-05 -6.24397e-05 -6.65802e-19 -3.13343e-05 -6.24397e-05 -3.13343e-05 -3.11626e-05
10.955 -2.03411e-20 -3.13857e-19 -6.24397e-05 -6.24397e-05 -6.65802e-19 -3.13343e-05 -6.24397e-05 -3.13343e-05 -3.11626e-05
10.96 -2.03411e-20 -3.13857e-19 -6.24397e-05 -6.24397e-05 -6.65802e-19 -3.13343e-05 -6.24397e-05 -3.13343e-05 -3.11626e-05
10.965 -2.03411e-20 -3.13857e-19 -6.24397e-05 -6.24397e-05 -6.65802e-19 -3.13343e-05 -6.24397e-05 -3.13343e-05 -3.11626e-05
10.97 -2.03411e-20 -3.13857e-19 -6.24397e-05 -6.24397e-05 -6.65802e-19 -3.13343e-05 -6.24397e-05 -3.13343e-05 -3.11626e-05
10.975 -2.03411e-20 -3.13857e-19 -6.24397e-05 -6.24397e-05 -6.65802e-19 -3.13343e-05 -6.24397e-05 -3.13343e-05 -3.11626e-05
10.98 -2.03411e-20 -3.13857e-19 -6.24397e-05 -6.24397e-05 -6.65802e-19 -3.13343e-05 -6.24397e-05 -3.13343e-05 -3.11626e-05
10.985 -2.03411e-20 -3.13857e-19 -6.24397e-05 -6.24397e-05 -6.65802e-19 -3.13343e-05 -6.24397e-05 -3.13343e-05 -3.11626e-05
10.99 -2.03411e-20 -3.13857e-19 -6.24397e-05 -6.24397e-05 -6.65802e-19 -3.13343e-05 -6.24397e-05 -3.13343e-05 -3.11626e-05
10.995 -2.03411e-20 -3.13857e-19 -6.24397e-05 -6.24397e-05 -6.65802e-19 -3.13343e-05 -6.24397e-05 -3.13343e-05 -3.11626e-05
11 -2.03411e-20 -3.13857e-19 -6.24397e-05 -6.24397e-05 -6.65802e-19 -3.13343e-05 -6.24397e-05 -3.13343e-05 -3.11626e-05
11.005 -2.03411e-20 -3.13857e-19 -6.24397e-05 -6.24397e-05 -6.65802e-19 -3.13343e-05 -6.24397e-05 -3.13343e-05 -3.11626e-05
11.01 -2.03411e-20 -3.13857e-19 -6.24397e-05 -6.24397e-05 -6.65802e-19 -3.13343e-05 -6.24397e-05 -3.13343e-05 -3.11626e-05
11.015 -2.03411e-20 -3.13857e-19 -6.24397e-05 -6.24397e-05 -6.65802e-19 -3.13343e-05 -6.24397e-05 -3.13343e-05 -3.11626e-05
11.02 -2.03411e-20 -3.13857e-19 -6.24397e-05 -6.24397e-05 -6.65802e-19 -3.13343e-05 -6.24397e-05 -3.13343e-05 -3.11626e-05
11.025 -2.03411e-20 -3.13857e-19 -6.24397e-05 -6.24397e-05 -6.65802e-19 -3.13343e-05 -6.24397e-05 -3.13343e-05 -3.11626e-05
11.03 -2.03411e-20 -3.13857e-19 -6.24397e-05 -6.24397e-05 -6.65802e-19 -3.13343e-05 -6.24397e-05 -3.13343e-05 -3.11626e-05
11.035 -2.03411e-20 -3.13857e-19 -6.24397e-05 -6.24397e-05 -6.65802e-19 -3.13343e-05 -6.24397e-05 -3.13343e-05 -3.11626e-05
11.04 -2.03411e-20 -3.13857e-19 -6.24397e-05 -6.24397e-05 -6.65802e-19 -3.13343e-05 -6.24397e-05 -3.13343e-05 -3.11626e-05
11.045 -2.03411e-20 -3.13857e-19 -6.24397e-05 -6.24397e-05 -6.65802e-19 -3.13343e-05 -6.24397e-05 -3.13343e-05 -3.11626e-05
11.05 -2.03411e-20 -3.13857e-19 -6.24397e-05 -6.24397e-05 -6.65802e-19 -3.13343e-05 -6.24397e-05 -3.13343e-05 -3.11626e-05
11.055 -2.03411e-20 -3.13857e-19 -6.24397e-05 -6.24397e-05 -6.65802e-19 -3.13343e-05 -6.24397e-05 -3.13343e-05 -3.11626e-05
11.06 -2.03411e-20 -3.13857e-19 -6.24397e-05 -6.24397e-05 -6.65802e-19 -3.13343e-05 -6.24397e-05 -3.13343e-05 -3.11626e-05
11.065 -2.03411e-20 -3.13857e-19 -6.24397e-05 -6.24397e-05 -6.65802e-19 -3.13343e-05 -6.24397e-05 -3.13343e-05 -3.11626e-05
11.07 -2.03411e-20 -3.13857e-19 -6.24397e-05 -6.24397e-05 -6.65802e-19 -3.13343e-05 -6.24397e-05 -3.13343e-05 -3.11626e-05
11.075 -2.03411e-20 -3.13857e-19 -6.24397e-05 -6.24397e-05 -6.65802e-19 -3.13343e-05 -6.24397e-05 -3.13343e-05 -3.11626e-05
11.08 -2.03411e-20 -3.13857e-19 -6.24397e-05 -6.24397e-05 -6.65802e-19 -3.13343e-05 -6.24397e-05 -3.13343e-05 -3.11626e-05
11.085 -2.03411e-20 -3.13857e-19 -6.24397e-05 -6.24397e-05 -6.65802e-19 -3.13343e-05 -6.24397e-05 -3.13343e-05 -3.11626e-05
11.09 -2.03411e-20 -3.13857e-19 -6.24397e-05 -6.24397e-05 -6.65802e-19 -3.13343e-05 -6.24397e-05 -3.13343e-05 -3.11626e-05
11.095 -2.03411e-20 -3.13857e-19 -6.24397e-05 -6.24397e-05 -6.65802e-19 -3.13343e-05 -6.24397e-05 -3.13343e-05 -3.11626e-05
11.1 -2.03411e-20 -3.13857e-19 -6.24397e-05 -6.24397e-05 -6.65802e-19 -3.13343e-05 -6.24397e-05 -3.13343e-05 -3.11626e-05
11.105 -2.03411e-20 -3.13857e-19 -6.24397e-05 -6.24397e-05 -6.65802e-19 -3.13343e-05 -6.24397e-05 -3.13343e-05 -3.11626e-05
11.11 -2.03411e-20 -3.13857e-19 -6.24397e-05 -6.24397e-05 -6.65802e-19 -3.13343e-05 -6.24397e-05 -3.13343e-05 -3.11626e-05
11.115 -2.03411e-20 -3.13857e-19 -6.24397e-05 -6.24397e-05 -6.65802e-19 -3.13343e-05 -6.24397e-05 -3.13343e-05 -3.11626e-05
11.12 -2.03411e-20 -3.13857e-19 -6.24397e-05 -6.24397e-05 -6.65802e-19 -3.13343e-05 -6.24397e-05 -3.13343e-05 -3.11626e-05
11.125 -2.03411e-20 -3.13857e-19 -6.24397e-05 -6.24397e-05 -6.65802e-19 -3.13343e-05 -6.24397e-05 -3.13343e-05 -3.11626e-05
11.13 -2.03411e-20 -3.13857e-19 -6.24397e-05 -6.24397e-05 -6.65802e-19 -3.13343e-05 -6.24397e-05 -3.13343e-05 -3.11626e-05
11.135 -2.03411e-20 -3.13857e-19 -6.24397e-05 -6.24397e-05 -6.65802e-19 -3.13343e-05 -6.24397e-05 -3.13343e-05 -3.11626e-05
11.14 -2.03411e-20 -3.13857e-19 -6.24397e-05 -6.24397e-05 -6.65802e-19 -3.13343e-05 -6.24397e-05 -3.13343e-05 -3.11626e-05
11.145 -2.03411e-20 -3.13857e-19 -6.24397e-05 -6.24397e-05 -6.65802e-19 -3.13343e-05 -6.24397e-05 -3.13343e-05 -3.11626e-05
11.15 -2.03411e-20 -3.13857e-19 -6.24397e-05 -6.24397e-05 -6.65802e-19 -3.13343e-05 -6.24397e-05 -3.13343e-05 -3.11626e-05
11.155 -2.03411e-20 -3.13857e-19 -6.24397e-05 -6.24397e-05 -6.65802e-19 -3.13343e-05 -6.24397e-05 -3.13343e-05 -3.11626e-05
11.16 -2.03411e-20 -3.13857e-19 -6.24397e-05 -6.24397e-05 -6.65802e-19 -3.13343e-05 -6.24397e-05 -3.13343e-05 -3.11626e-05
11.165 -2.03411e-20 -3.13857e-19 -6.24397e-05 -6.24397e-05 -6.65802e-19 -3.13343e-05 -6.24397e-05 -3.13343e-05 -3.11626e-05
11.17 -2.03411e-20 -3.13857e-19 -6.24397e-05 -6.24397e-05 -6.65802e-19 -3.13343e-05 -6.24397e-05 -3.13343e-05 -3.11626e-05
11.175 -2.03411e-20 -3.13857e-19 -6.24397e-05 -6.24397e-05 -6.65802e-19 -3.13343e-05 -6.24397e-05 -3.13343e-05 -3.11626e-05
11.18 -2.03411e-20 -3.13857e-19 -6.24397e-05 -6.24397e-05 -6.65802e-19 -3.13343e-05 -6.24397e-05 -3.13343e-05 -3.11626e-05
11.185 -2.03411e-20 -3.13857e-19 -6.24397e-05 -6.24397e-05 -6.65802e-19 -3.13343e-05 -6.24397e-05 -3.13343e-05 -3.11626e-05
11.19 -2.03411e-20 -3.13857e-19 -6.24397e-05 -6.24397e-05 -6.65802e-19 -3.13343e-05 -6.24397e-05 -3.13343e-05 -3.11626e-05
11.195 -2.03411e-20 -3.13857e-19 -6.24397e-05 -6.24397e-05 -6.65802e-19 -3.13343e-05 -6.24397e-05 -3.13343e-05 -3.11626e-05
11.2 -2.03411e-20 -3.13857e-19 -6.24397e-05 -6.24397e-05 -6.65802e-19 -3.13343e-05 -6.24397e-05 -3.13343e-05 -3.11626e-05
11.205 -2.03411e-20 -3.13857e-19 -6.24397e-05 -6.24397e-05 -6.65802e-19 -3.13343e-05 -6.24397e-05 -3.13343e-05 -3.11626e-05
11.21 -2.03411e-20 -3.13857e-19 -6.24397e-05 -6.24397e-05 -6.65802e-19 -3.13343e-05 -6.24397e-05 -3.13343e-05 -3.11626e-05
11.215 -2.03411e-20 -3.13857e-19 -6.24397e-05 -6.24397e-05 -6.65802e-19 -3.13343e-05 -6.24397e-05 -3.13343e-05 -3.11626e-05
11.22 -2.03411e-20 -3.13857e-19 -6.24397e-05 -6.24397e-05 -6.65802e-19 -3.13343e-05 -6.24397e-05 -3.13343e-05 -3.11626e-05
11.225 -2.03411e-20 -3.13857e-19 -6.24397e-05 -6.24397e-05 -6.65802e-19 -3.13343e-05 -6.24397e-05 -3.13343e-05 -3.11626e-05
11.23 -2.03411e-20 -3.13857e-19 -6.24397e-05 -6.24397e-05 -6.65802e-19 -3.13343e-05 -6.24397e-05 -3.13343e-05 -3.11626e-05
11.235 -2.03411e-20 -3.13857e-19 -6.24397e-05 -6.24397e-05 -6.65802e-19 -3.13343e-05 -6.24397e-05 -3.13343e-05 -3.11626e-05
11.24 -2.03411e-20 -3.13857e-19 -6.24397e-05 -6.24397e-05 -6.65802e-19 -3.13343e-05 -6.24397e-05 -3.13343e-05 -3.11626e-05
11.245 -2.03411e-20 -3.13857e-19 -6.24397e-05 -6.24397e-05 -6.65802e-19 -3.13343e-05 -6.24397e-05 -3.13343e-05 -3.11626e-05
11.25 -2.03411e-20 -3.13857e-19 -6.24397e-05 -6.24397e-05 -6.65802e-19 -3.13343e-05 -6.24397e-05 -3.13343e-05 -3.11626e-05
11.255 -2.03411e-20 -3.13857e-19 -6.24397e-05 -6.24397e-05 -6.65802e-19 -3.13343e-05 -6.24397e-05 -3.13343e-05 -3.11626e-05
11.26 -2.03411e-20 -3.13857e-19 -6.24397e-05 -6.24397e-05 -6.65802e-19 -3.13343e-05 -6.24397e-05 -3.13343e-05 -3.11626e-05
11.265 -2.03411e-20 -3.13857e-19 -6.24397e-05 -6.24397e-05 -6.65802e-19 -3.13343e-05 -6.24397e-05 -3.13343e-05 -3.11626e-05
11.27 -2.03411e-20 -3.13857e-19 -6.24397e-05 -6.24397e-05 -6.65802e-19 -3.13343e-05 -6.24397e-05 -3.13343e-05 -3.11626e-05
11.275 -2.03411e-20 -3.13857e-19 -6.24397e-05 -6.24397e-05 -6.65802e-19 -3.13343e-05 -6.24397e-05 -3.13343e-05 -3.11626e-05
11.28 -2.03411e-20 -3.13857e-19 -6.24397e-05 -6.24397e-05 -6.65802e-19 -3.13343e-05 -6.24397e-05 -3.13343e-05 -3.11626e-05
11.285 -2.03411e-20 -3.13857e-19 -6.24397e-05 -6.24397e-05 -6.65802e-19 -3.13343e-05 -6.24397e-05 -3.13343e-05 -3.11626e-05
11.29 -2.03411e-20 -3.13857e-19 -6.24397e-05 -6.24397e-05 -6.65802e-19 -3.13343e-05 -6.24397e-05 -3.13343e-05 -3.11626e-05
11.295 -2.03411e-20 -3.13857e-19 -6.24397e-05 -6.24397e-05 -6.65802e-19 -3.13343e-05 -6.24397e-05 -3.13343e-05 -3.11626e-05
11.3 -2.03411e-20 -3.13857e-19 -6.24397e-05 -6.24397e-05 -6.65802e-19 -3.13343e-05 -6.24397e-05 -3.13343e-05 -3.11626e-05
11.305 -2.03411e-20 -3.13857e-19 -6.24397e-05 -6.24397e-05 -6.65802e-19 -3.13343e-05 -6.24397e-05 -3.13343e-05 -3.11626e-05
11.31 -2.03411e-20 -3.13857e-19 -6.24397e-05 -6.24397e-05 -6.65802e-19 -3.13343e-05 -6.24397e-05 -3.13343e-05 -3.11626e-05
11.315 -2.03411e-20 -3.13857e-19 -6.24397e-05 -6.24397e-05 -6.65802e-19 -3.13343e-05 -6.24397e-05 -3.13343e-05 -3.11626e-05
11.32 -2.03411e-20 -3.13857e-19 -6.24397e-05 -6.24397e-05 -6.65802e-19 -3.13343e-05 -6.24397e-05 -3.13343e-05 -3.11626e-05
11.325 -2.03411e-20 -3.13857e-19 -6.24397e-05 -6.24397e-05 -6.65802e-19 -3.13343e-05 -6.24397e-05 -3.13343e-05 -3.11626e-05
11.33 -2.03411e-20 -3.13857e-19 -6.24397e-05 -6.24397e-05 -6.65802e-19 -3.13343e-05 -6.24397e-05 -3.13343e-05 -3.11626e-05
11.335 -2.03411e-20 -3.13857e-19 -6.24397e-05 -6.24397e-05 -6.65802e-19 -3.13343e-05 -6.24397e-05 -3.13343e-05 -3.11626e-05
11.34 -2.03411e-20 -3.13857e-19 -6.24397e-05 -6.24397e-05 -6.65802e-19 -3.13343e-05 -6.24397e-05 -3.13343e-05 -3.11626e-05
11.345 -2.03411e-20 -3.13857e-19 -6.24397e-05 -6.24397e-05 -6.65802e-19 -3.13343e-05 -6.24397e-05 -3.13343e-05 -3.11626e-05
11.35 -2.03411e-20 -3.13857e-19 -6.24397e-05 -6.24397e-05 -6.65802e-19 -3.13343e-05 -6.24397e-05 -3.13343e-05 -3.11626e-05
11.355 -2.03411e-20 -3.13857e-19 -6.24397e-05 -6.24397e-05 -6.65802e-19 -3.13343e-05 -6.24397e-05 -3.13343e-05 -3.11626e-05
11.36 -2.03411e-20 -3.13857e-19 -6.24397e-05 -6.24397e-05 -6.65802e-19 -3.13343e-05 -6.24397e-05 -3.13343e-05 -3.11626e-05
11.365 -2.03411e-20 -3.13857e-19 -6.24397e-05 -6.24397e-05 -6.65802e-19 -3.13343e-05 -6.24397e-05 -3.13343e-05 -3.11626e-05
11.37 -2.03411e-20 -3.13857e-19 -6.24397e-05 -6.24397e-05 -6.65802e-19 -3.13343e-05 -6.24397e-05 -3.13343e-05 -3.11626e-05
11.375 -2.03411e-20 -3.13857e-19 -6.24397e-05 -6.24397e-05 -6.65802e-19 -3.13343e-05 -6.24397e-05 -3.13343e-05 -3.11626e-05
11.38 -2.03411e-20 -3.13857e-19 -6.24397e-05 -6.24397e-05 -6.65802e-19 -3.13343e-05 -6.24397e-05 -3.13343e-05 -3.11626e-05
11.385 -2.03411e-20 -3.13857e-19 -6.24397e-05 -6.24397e-05 -6.65802e-19 -3.13343e-05 -6.24397e-05 -3.13343e-05 -3.11626e-05
11.39 -2.03411e-20 -3.13857e-19 -6.24397e-05 -6.24397e-05 -6.65802e-19 -3.13343e-05 -6.24397e-05 -3.13343e-05 -3.11626e-05
11.395 -2.03411e-20 -3.13857e-19 -6.24397e-05 -6.24397e-05 -6.65802e-19 -3.13343e-05 -6.24397e-05 -3.13343e-05 -3.11626e-05
11.4 -2.03411e-20 -3.13857e-19 -6.24397e-05 -6.24397e-05 -6.65802e-19 -3.13343e-05 -6.24397e-05 -3.13343e-05 -3.11626e-05
11.405 -2.03411e-20 -3.13857e-19 -6.24397e-05 -6.24397e-05 -6.65802e-19 -3.13343e-05 -6.24397e-05 -3.13343e-05 -3.11626e-05
11.41 -2.03411e-20 -3.13857e-19 -6.24397e-05 -6.24397e-05 -6.65802e-19 -3.13343e-05 -6.24397e-05 -3.13343e-05 -3.11626e-05
11.415 -2.03411e-20 -3.13857e-19 -6.24397e-05 -6.24397e-05 -6.65802e-19 -3.13343e-05 -6.24397e-05 -3.13343e-05 -3.11626e-05
11.42 -2.03411e-20 -3.13857e-19 -6.24397e-05 -6.24397e-05 -6.65802e-19 -3.13343e-05 -6.24397e-05 -3.13343e-05 -3.11626e-05
11.425 -2.03411e-20 -3.13857e-19 -6.24397e-05 -6.24397e-05 -6.65802e-19 -3.13343e-05 -6.24397e-05 -3.13343e-05 -3.11626e-05
11.43 -2.03411e-20 -3.13857e-19 -6.24397e-05 -6.24397e-05 -6.65802e-19 -3.13343e-05 -6.24397e-05 -3.13343e-05 -3.11626e-05
11.435 -2.03411e-20 -3.13857e-19 -6.24397e-05 -6.24397e-05 -6.65802e-19 -3.13343e-05 -6.24397e-05 -3.13343e-05 -3.11626e-05
11.44 -2.03411e-20 -3.13857e-19 -6.24397e-05 -6.24397e-05 -6.65802e-19 -3.13343e-05 -6.24397e-05 -3.13343e-05 -3.11626e-05
11.445 -2.03411e-20 -3.13857e-19 -6.24397e-05 -6.24397e-05 -6.65802e-19 -3.13343e-05 -6.24397e-05 -3.13343e-05 -3.11626e-05
11.45 -2.03411e-20 -3.13857e-19 -6.24397e-05 -6.24397e-05 -6.65802e-19 -3.13343e-05 -6.24397e-05 -3.13343e-05 -3.11626e-05
11.455 -2.03411e-20 -3.13857e-19 -6.24397e-05 -6.24397e-05 -6.65802e-19 -3.13343e-05 -6.24397e-05 -3.13343e-05 -3.11626e-05
11.46 -2.03411e-20 -3.13857e-19 -6.24397e-05 -6.24397e-05 -6.65802e-19 -3.13343e-05 -6.24397e-05 -3.13343e-05 -3.11626e-05
11.465 -2.03411e-20 -3.13857e-19 -6.24397e-05 -6.24397e-05 -6.65802e-19 -3.13343e-05 -6.24397e-05 -3.13343e-05 -3.11626e-05
11.47 -2.03411e-20 -3.13857e-19 -6.24397e-05 -6.24397e-05 -6.65802e-19 -3.13343e-05 -6.24397e-05 -3.13343e-05 -3.11626e-05
11.475 -2.03411e-20 -3.13857e-19 -6.24397e-05 -6.24397e-05 -6.65802e-19 -3.13343e-05 -6.24397e-05 -3.13343e-05 -3.11626e-05
11.48 -2.03411e-20 -3.13857e-19 -6.24397e-05 -6.24397e-05 -6.65802e-19 -3.13343e-05 -6.24397e-05 -3.13343e-05 -3.11626e-05
11.485 -2.03411e-20 -3.13857e-19 -6.24397e-05 -6.24397e-05 -6.65802e-19 -3.13343e-05 -6.24397e-05 -3.13343e-05 -3.11626e-05
11.49 -2.03411e-20 -3.13857e-19 -6.24397e-05 -6.24397e-05 -6.65802e-19 -3.13343e-05 -6.24397e-05 -3.13343e-05 -3.11626e-05
11.495 -2.03411e-20 -3.13857e-19 -6.24397e-05 -6.24397e-05 -6.65802e-19 -3.13343e-05 -6.24397e-05 -3.13343e-05 -3.11626e-05
11.5 -2.03411e-20 -3.13857e-19 -6.24397e-05 -6.24397e-05 -6.65802e-19 -3.13343e-05 -6.24397e-05 -3.13343e-05 -3.11626e-05
11.505 -2.03411e-20 -3.13857e-19 -6.24397e-05 -6.24397e-05 -6.65802e-19 -3.13343e-05 -6.24397e-05 -3.13343e-05 -3.11626e-05
11.51 -2.03411e-20 -3.13857e-19 -6.24397e-05 -6.24397e-05 -6.65802e-19 -3.13343e-05 -6.24397e-05 -3.13343e-05 -3.11626e-05
11.515 -2.03411e-20 -3.13857e-19 -6.24397e-05 -6.24397e-05 -6.65802e-19 -3.13343e-05 -6.24397e-05 -3.13343e-05 -3.11626e-05
11.52 -2.03411e-20 -3.13857e-19 -6.24397e-05 -6.24397e-05 -6.65802e-19 -3.13343e-05 -6.24397e-05 -3.13343e-05 -3.11626e-05
11.525 -2.03411e-20 -3.13857e-19 -6.24397e-05 -6.24397e-05 -6.65802e-19 -3.13343e-05 -6.24397e-05 -3.13343e-05 -3.11626e-05
11.53 -2.03411e-20 -3.13857e-19 -6.24397e-05 -6.24397e-05 -6.65802e-19 -3.13343e-05 -6.24397e-05 -3.13343e-05 -3.11626e-05
11.535 -2.03411e-20 -3.13857e-19 -6.24397e-05 -6.24397e-05 -6.65802e-19 -3.13343e-05 -6.24397e-05 -3.13343e-05 -3.11626e-05
11.54 -2.03411e-20 -3.13857e-19 -6.24397e-05 -6.24397e-05 -6.65802e-19 -3.13343e-05 -6.24397e-05 -3.13343e-05 -3.11626e-05
11.545 -2.03411e-20 -3.13857e-19 -6.24397e-05 -6.24397e-05 -6.65802e-19 -3.13343e-05 -6.24397e-05 -3.13343e-05 -3.11626e-05
11.55 -2.03411e-20 -3.13857e-19 -6.24397e-05 -6.24397e-05 -6.65802e-19 -3.13343e-05 -6.24397e-05 -3.13343e-05 -3.11626e-05
11.555 -2.03411e-20 -3.13857e-19 -6.24397e-05 -6.24397e-05 -6.65802e-19 -3.13343e-05 -6.24397e-05 -3.13343e-05 -3.11626e-05
11.56 -2.03411e-20 -3.13857e-19 -6.24397e-05 -6.24397e-05 -6.65802e-19 -3.13343e-05 -6.24397e-05 -3.13343e-05 -3.11626e-05
11.565 -2.03411e-20 -3.13857e-19 -6.24397e-05 -6.24397e-05 -6.65802e-19 -3.13343e-05 -6.24397e-05 -3.13343e-05 -3.11626e-05
11.57 -2.03411e-20 -3.13857e-19 -6.24397e-05 -6.24397e-05 -6.65802e-19 -3.13343e-05 -6.24397e-05 -3.13343e-05 -3.11626e-05
11.575 -2.03411e-20 -3.13857e-19 -6.24397e-05 -6.24397e-05 -6.65802e-19 -3.13343e-05 -6.24397e-05 -3.13343e-05 -3.11626e-05
11.58 -2.03411e-20 -3.13857e-19 -6.24397e-05 -6.24397e-05 -6.65802e-19 -3.13343e-05 -6.24397e-05 -3.13343e-05 -3.11626e-05
11.585 -2.03411e-20 -3.13857e-19 -6.24397e-05 -6.24397e-05 -6.65802e-19 -3.13343e-05 -6.24397e-05 -3.13343e-05 -3.11626e-05
11.59 -2.03411e-20 -3.13857e-19 -6.24397e-05 -6.24397e-05 -6.65802e-19 -3.13343e-05 -6.24397e-05 -3.13343e-05 -3.11626e-05
11.595 -2.03411e-20 -3.13857e-19 -6.24397e-05 -6.24397e-05 -6.65802e-19 -3.13343e-05 -6.24397e-05 -3.13343e-05 -3.11626e-05
11.6 -2.03411e-20 -3.13857e-19 -6.24397e-05 -6.24397e-05 -6.65802e-19 -3.13343e-05 -6.24397e-05 -3.13343e-05 -3.11626e-05
11.605 -2.03411e-20 -3.13857e-19 -6.24397e-05 -6.24397e-05 -6.65802e-19 -3.13343e-05 -6.24397e-05 -3.13343e-05 -3.11626e-05
11.61 -2.03411e-20 -3.13857e-19 -6.24397e-05 -6.24397e-05 -6.65802e-19 -3.13343e-05 -6.24397e-05 -3.13343e-05 -3.11626e-05
11.615 -2.03411e-20 -3.13857e-19 -6.24397e-05 -6.24397e-05 -6.65802e-19 -3.13343e-05 -6.24397e-05 -3.13343e-05 -3.11626e-05
11.62 -2.03411e-20 -3.13857e-19 -6.24397e-05 -6.24397e-05 -6.65802e-19 -3.13343e-05 -6.24397e-05 -3.13343e-05 -3.11626e-05
11.625 -2.03411e-20 -3.13857e-19 -6.24397e-05 -6.24397e-05 -6.65802e-19 -3.13343e-05 -6.24397e-05 -3.13343e-05 -3.11626e-05
11.63 -2.03411e-20 -3.13857e-19 -6.24397e-05 -6.24397e-05 -6.65802e-19 -3.13343e-05 -6.24397e-05 -3.13343e-05 -3.11626e-05
11.635 -2.03411e-20 -3.13857e-19 -6.24397e-05 -6.24397e-05 -6.65802e-19 -3.13343e-05 -6.24397e-05 -3.13343e-05 -3.11626e-05
11.64 -2.03411e-20 -3.13857e-19 -6.24397e-05 -6.24397e-05 -6.65802e-19 -3.13343e-05 -6.24397e-05 -3.13343e-05 -3.11626e-05
11.645 -2.03411e-20 -3.13857e-19 -6.24397e-05 -6.24397e-05 -6.65802e-19 -3.13343e-05 -6.24397e-05 -3.13343e-05 -3.11626e-05
11.65 -2.03411e-20 -3.13857e-19 -6.24397e-05 -6.24397e-05 -6.65802e-19 -3.13343e-05 -6.24397e-05 -3.13343e-05 -3.11626e-05
11.655 -2.03411e-20 -3.13857e-19 -6.24397e-05 -6.24397e-05 -6.65802e-19 -3.13343e-05 -6.24397e-05 -3.13343e-05 -3.11626e-05
11.66 -2.03411e-20 -3.13857e-19 -6.24397e-05 -6.24397e-05 -6.65802e-19 -3.13343e-05 -6.24397e-05 -3.13343e-05 -3.11626e-05
11.665 -2.03411e-20 -3.13857e-19 -6.24397e-05 -6.24397e-05 -6.65802e-19 -3.13343e-05 -6.24397e-05 -3.13343e-05 -3.11626e-05
11.67 -2.03411e-20 -3.13857e-19 -6.24397e-05 -6.24397e-05 -6.65802e-19 -3.13343e-05 -6.24397e-05 -3.13343e-05 -3.11626e-05
11.675 -2.03411e-20 -3.13857e-19 -6.24397e-05 -6.24397e-05 -6.65802e-19 -3.13343e-05 -6.24397e-05 -3.13343e-05 -3.11626e-05
11.68 -2.03411e-20 -3.13857e-19 -6.24397e-05 -6.24397e-05 -6.65802e-19 -3.13343e-05 -6.24397e-05 -3.13343e-05 -3.11626e-05
11.685 -2.03411e-20 -3.13857e-19 -6.24397e-05 -6.24397e-05 -6.65802e-19 -3.13343e-05 -6.24397e-05 -3.13343e-05 -3.11626e-05
11.69 -2.03411e-20 -3.13857e-19 -6.24397e-05 -6.24397e-05 -6.65802e-19 -3.13343e-05 -6.24397e-05 -3.13343e-05 -3.11626e-05
11.695 -2.03411e-20 -3.13857e-19 -6.24397e-05 -6.24397e-05 -6.65802e-19 -3.13343e-05 -6.24397e-05 -3.13343e-05 -3.11626e-05
11.7 -2.03411e-20 -3.13857e-19 -6.24397e-05 -6.24397e-05 -6.65802e-19 -3.13343e-05 -6.24397e-05 -3.13343e-05 -3.11626e-05
11.705 -2.03411e-20 -3.13857e-19 -6.24397e-05 -6.24397e-05 -6.65802e-19 -3.13343e-05 -6.24397e-05 -3.13343e-05 -3.11626e-05
11.71 -2.03411e-20 -3.13857e-19 -6.24397e-05 -6.24397e-05 -6.65802e-19 -3.13343e-05 -6.24397e-05 -3.13343e-05 -3.11626e-05
11.715 -2.03411e-20 -3.13857e-19 -6.24397e-05 -6.24397e-05 -6.65802e-19 -3.13343e-05 -6.24397e-05 -3.13343e-05 -3.11626e-05
11.72 -2.03411e-20 -3.13857e-19 -6.24397e-05 -6.24397e-05 -6.65802e-19 -3.13343e-05 -6.24397e-05 -3.13343e-05 -3.11626e-05
11.725 -2.03411e-20 -3.13857e-19 -6.24397e-05 -6.24397e-05 -6.65802e-19 -3.13343e-05 -6.24397e-05 -3.13343e-05 -3.11626e-05
11.73 -2.03411e-20 -3.13857e-19 -6.24397e-05 -6.24397e-05 -6.65802e-19 -3.13343e-05 -6.24397e-05 -3.13343e-05 -3.11626e-05
11.735 -2.03411e-20 -3.13857e-19 -6.24397e-05 -6.24397e-05 -6.65802e-19 -3.13343e-05 -6.24397e-05 -3.13343e-05 -3.11626e-05
11.74 -2.03411e-20 -3.13857e-19 -6.24397e-05 -6.24397e-05 -6.65802e-19 -3.13343e-05 -6.24397e-05 -3.13343e-05 -3.11626e-05
11.745 -2.03411e-20 -3.13857e-19 -6.24397e-05 -6.24397e-05 -6.65802e-19 -3.13343e-05 -6.24397e-05 -3.13343e-05 -3.11626e-05
11.75 -2.03411e-20 -3.13857e-19 -6.24397e-05 -6.24397e-05 -6.65802e-19 -3.13343e-05 -6.24397e-05 -3.13343e-05 -3.11626e-05
11.755 -2.03411e-20 -3.13857e-19 -6.24397e-05 -6.24397e-05 -6.65802e-19 -3.13343e-05 -6.24397e-05 -3.13343e-05 -3.11626e-05
11.76 -2.03411e-20 -3.13857e-19 -6.24397e-05 -6.24397e-05 -6.65802e-19 -3.13343e-05 -6.24397e-05 -3.13343e-05 -3.11626e-05
11.765 -2.03411e-20 -3.13857e-19 -6.24397e-05 -6.24397e-05 -6.65802e-19 -3.13343e-05 -6.24397e-05 -3.13343e-05 -3.11626e-05
11.77 -2.03411e-20 -3.13857e-19 -6.24397e-05 -6.24397e-05 -6.65802e-19 -3.13343e-05 -6.24397e-05 -3.13343e-05 -3.11626e-05
11.775 -2.03411e-20 -3.13857e-19 -6.24397e-05 -6.24397e-05 -6.65802e-19 -3.13343e-05 -6.24397e-05 -3.13343e-05 -3.11626e-05
11.78 -2.03411e-20 -3.13857e-19 -6.24397e-05 -6.24397e-05 -6.65802e-19 -3.13343e-05 -6.24397e-05 -3.13343e-05 -3.11626e-05
11.785 -2.03411e-20 -3.13857e-19 -6.24397e-05 -6.24397e-05 -6.65802e-19 -3.13343e-05 -6.24397e-05 -3.13343e-05 -3.11626e-05
11.79 -2.03411e-20 -3.13857e-19 -6.24397e-05 -6.24397e-05 -6.65802e-19 -3.13343e-05 -6.24397e-05 -3.13343e-05 -3.11626e-05
11.795 -2.03411e-20 -3.13857e-19 -6.24397e-05 -6.24397e-05 -6.65802e-19 -3.13343e-05 -6.24397e-05 -3.13343e-05 -3.11626e-05
11.8 -2.03411e-20 -3.13857e-19 -6.24397e-05 -6.24397e-05 -6.65802e-19 -3.13343e-05 -6.24397e-05 -3.13343e-05 -3.11626e-05
11.805 -2.03411e-20 -3.13857e-19 -6.24397e-05 -6.24397e-05 -6.65802e-19 -3.13343e-05 -6.24397e-05 -3.13343e-05 -3.11626e-05
11.81 -2.03411e-20 -3.13857e-19 -6.24397e-05 -6.24397e-05 -6.65802e-19 -3.13343e-05 -6.24397e-05 -3.13343e-05 -3.11626e-05
11.815 -2.03411e-20 -3.13857e-19 -6.24397e-05 -6.24397e-05 -6.65802e-19 -3.13343e-05 -6.24397e-05 -3.13343e-05 -3.11626e-05
11.82 -2.03411e-20 -3.13857e-19 -6.24397e-05 -6.24397e-05 -6.65802e-19 -3.13343e-05 -6.24397e-05 -3.13343e-05 -3.11626e-05
11.825 -2.03411e-20 -3.13857e-19 -6.24397e-05 -6.24397e-05 -6.65802e-19 -3.13343e-05 -6.24397e-05 -3.13343e-05 -3.11626e-05
11.83 -2.03411e-20 -3.13857e-19 -6.24397e-05 -6.24397e-05 -6.65802e-19 -3.13343e-05 -6.24397e-05 -3.13343e-05 -3.11626e-05
11.835 -2.03411e-20 -3.13857e-19 -6.24397e-05 -6.24397e-05 -6.65802e-19 -3.13343e-05 -6.24397e-05 -3.13343e-05 -3.11626e-05
11.84 -2.03411e-20 -3.13857e-19 -6.24397e-05 -6.24397e-05 -6.65802e-19 -3.13343e-05 -6.24397e-05 -3.13343e-05 -3.11626e-05
11.845 -2.03411e-20 -3.13857e-19 -6.24397e-05 -6.24397e-05 -6.65802e-19 -3.13343e-05 -6.24397e-05 -3.13343e-05 -3.11626e-05
11.85 -2.03411e-20 -3.13857e-19 -6.24397e-05 -6.24397e-05 -6.65802e-19 -3.13343e-05 -6.24397e-05 -3.13343e-05 -3.11626e-05
11.855 -2.03411e-20 -3.13857e-19 -6.24397e-05 -6.24397e-05 -6.65802e-19 -3.13343e-05 -6.24397e-05 -3.13343e-05 -3.11626e-05
11.86 -2.03411e-20 -3.13857e-19 -6.24397e-05 -6.24397e-05 -6.65802e-19 -3.13343e-05 -6.24397e-05 -3.13343e-05 -3.11626e-05
11.865 -2.03411e-20 -3.13857e-19 -6.24397e-05 -6.24397e-05 -6.65802e-19 -3.13343e-05 -6.24397e-05 -3.13343e-05 -3.11626e-05
11.87 -2.03411e-20 -3.13857e-19 -6.24397e-05 -6.24397e-05 -6.65802e-19 -3.13343e-05 -6.24397e-05 -3.13343e-05 -3.11626e-05
11.875 -2.03411e-20 -3.13857e-19 -6.24397e-05 -6.24397e-05 -6.65802e-19 -3.13343e-05 -6.24397e-05 -3.13343e-05 -3.11626e-05
11.88 -2.03411e-20 -3.13857e-19 -6.24397e-05 -6.24397e-05 -6.65802e-19 -3.13343e-05 -6.24397e-05 -3.13343e-05 -3.11626e-05
11.885 -2.03411e-20 -3.13857e-19 -6.24397e-05 -6.24397e-05 -6.65802e-19 -3.13343e-05 -6.24397e-05 -3.13343e-05 -3.11626e-05
11.89 -2.03411e-20 -3.13857e-19 -6.24397e-05 -6.24397e-05 -6.65802e-19 -3.13343e-05 -6.24397e-05 -3.13343e-05 -3.11626e-05
11.895 -2.03411e-20 -3.13857e-19 -6.24397e-05 -6.24397e-05 -6.65802e-19 -3.13343e-05 -6.24397e-05 -3.13343e-05 -3.11626e-05
11.9 -2.03411e-20 -3.13857e-19 -6.24397e-05 -6.24397e-05 -6.65802e-19 -3.13343e-05 -6.24397e-05 -3.13343e-05 -3.11626e-05
11.905 -2.03411e-20 -3.13857e-19 -6.24397e-05 -6.24397e-05 -6.65802e-19 -3.13343e-05 -6.24397e-05 -3.13343e-05 -3.11626e-05
11.91 -2.03411e-20 -3.13857e-19 -6.24397e-05 -6.24397e-05 -6.65802e-19 -3.13343e-05 -6.24397e-05 -3.13343e-05 -3.11626e-05
11.915 -2.03411e-20 -3.13857e-19 -6.24397e-05 -6.24397e-05 -6.65802e-19 -3.13343e-05 -6.24397e-05 -3.13343e-05 -3.11626e-05
11.92 -2.03411e-20 -3.13857e-19 -6.24397e-05 -6.24397e-05 -6.65802e-19 -3.13343e-05 -6.24397e-05 -3.13343e-05 -3.11626e-05
11.925 -2.03411e-20 -3.13857e-19 -6.24397e-05 -6.24397e-05 -6.65802e-19 -3.13343e-05 -6.24397e-05 -3.13343e-05 -3.11626e-05
11.93 -2.03411e-20 -3.13857e-19 -6.24397e-05 -6.24397e-05 -6.65802e-19 -3.13343e-05 -6.24397e-05 -3.13343e-05 -3.11626e-05
11.935 -2.03411e-20 -3.13857e-19 -6.24397e-05 -6.24397e-05 -6.65802e-19 -3.13343e-05 -6.24397e-05 -3.13343e-05 -3.11626e-05
11.94 -2.03411e-20 -3.13857e-19 -6.24397e-05 -6.24397e-05 -6.65802e-19 -3.13343e-05 -6.24397e-05 -3.13343e-05 -3.11626e-05
11.945 -2.03411e-20 -3.13857e-19 -6.24397e-05 -6.24397e-05 -6.65802e-19 -3.13343e-05 -6.24397e-05 -3.13343e-05 -3.11626e-05
11.95 -2.03411e-20 -3.13857e-19 -6.24397e-05 -6.24397e-05 -6.65802e-19 -3.13343e-05 -6.24397e-05 -3.13343e-05 -3.11626e-05
11.955 -2.03411e-20 -3.13857e-19 -6.24397e-05 -6.24397e-05 -6.65802e-19 -3.13343e-05 -6.24397e-05 -3.13343e-05 -3.11626e-05
11.96 -2.03411e-20 -3.13857e-19 -6.24397e-05 -6.24397e-05 -6.65802e-19 -3.13343e-05 -6.24397e-05 -3.13343e-05 -3.11626e-05
11.965 -2.03411e-20 -3.13857e-19 -6.24397e-05 -6.24397e-05 -6.65802e-19 -3.13343e-05 -6.24397e-05 -3.13343e-05 -3.11626e-05
11.97 -2.03411e-20 -3.13857e-19 -6.24397e-05 -6.24397e-05 -6.65802e-19 -3.13343e-05 -6.24397e-05 -3.13343e-05 -3.11626e-05
11.975 -2.03411e-20 -3.13857e-19 -6.24397e-05 -6.24397e-05 -6.65802e-19 -3.13343e-05 -6.24397e-05 -3.13343e-05 -3.11626e-05
11.98 -2.03411e-20 -3.13857e-19 -6.24397e-05 -6.24397e-05 -6.65802e-19 -3.13343e-05 -6.24397e-05 -3.13343e-05 -3.11626e-05
11.985 -2.03411e-20 -3.13857e-19 -6.24397e-05 -6.24397e-05 -6.65802e-19 -3.13343e-05 -6.24397e-05 -3.13343e-05 -3.11626e-05
11.99 -2.03411e-20 -3.13857e-19 -6.24397e-05 -6.24397e-05 -6.65802e-19 -3.13343e-05 -6.24397e-05 -3.13343e-05 -3.11626e-05
11.995 -2.03411e-20 -3.13857e-19 -6.24397e-05 -6.24397e-05 -6.65802e-19 -3.13343e-05 -6.24397e-05 -3.13343e-05 -3.11626e-05
12 -2.03411e-20 -3.13857e-19 -6.24397e-05 -6.24397e-05 -6.65802e-19 -3.13343e-05 -6.24397e-05 -3.13343e-05 -3.11626e-05
12.005 -2.03411e-20 -3.13857e-19 -6.24397e-05 -6.24397e-05 -6.65802e-19 -3.13343e-05 -6.24397e-05 -3.13343e-05 -3.11626e-05
12.01 -2.03411e-20 -3.13857e-19 -6.24397e-05 -6.24397e-05 -6.65802e-19 -3.13343e-05 -6.24397e-05 -3.13343e-05 -3.11626e-05
12.015 -2.03411e-20 -3.13857e-19 -6.24397e-05 -6.24397e-05 -6.65802e-19 -3.13343e-05 -6.24397e-05 -3.13343e-05 -3.11626e-05
12.02 -2.03411e-20 -3.13857e-19 -6.24397e-05 -6.24397e-05 -6.65802e-19 -3.13343e-05 -6.24397e-05 -3.13343e-05 -3.11626e-05
12.025 -2.03411e-20 -3.13857e-19 -6.24397e-05 -6.24397e-05 -6.65802e-19 -3.13343e-05 -6.24397e-05 -3.13343e-05 -3.11626e-05
12.03 -2.03411e-20 -3.13857e-19 -6.24397e-05 -6.24397e-05 -6.65802e-19 -3.13343e-05 -6.24397e-05 -3.13343e-05 -3.11626e-05
12.035 -2.03411e-20 -3.13857e-19 -6.24397e-05 -6.24397e-05 -6.65802e-19 -3.13343e-05 -6.24397e-05 -3.13343e-05 -3.11626e-05
12.04 -2.03411e-20 -3.13857e-19 -6.24397e-05 -6.24397e-05 -6.65802e-19 -3.13343e-05 -6.24397e-05 -3.13343e-05 -3.11626e-05
12.045 -2.03411e-20 -3.13857e-19 -6.24397e-05 -6.24397e-05 -6.65802e-19 -3.13343e-05 -6.24397e-05 -3.13343e-05 -3.11626e-05
12.05 -2.03411e-20 -3.13857e-19 -6.24397e-05 -6.24397e-05 -6.65802e-19 -3.13343e-05 -6.24397e-05 -3.13343e-05 -3.11626e-05
12.055 -2.03411e-20 -3.13857e-19 -6.24397e-05 -6.24397e-05 -6.65802e-19 -3.13343e-05 -6.24397e-05 -3.13343e-05 -3.11626e-05
12.06 -2.03411e-20 -3.13857e-19 -6.24397e-05 -6.24397e-05 -6.65802e-19 -3.13343e-05 -6.24397e-05 -3.13343e-05 -3.11626e-05
12.065 -2.03411e-20 -3.13857e-19 -6.24397e-05 -6.24397e-05 -6.65802e-19 -3.13343e-05 -6.24397e-05 -3.13343e-05 -3.11626e-05
12.07 -2.03411e-20 -3.13857e-19 -6.24397e-05 -6.24397e-05 -6.65802e-19 -3.13343e-05 -6.24397e-05 -3.13343e-05 -3.11626e-05
12.075 -2.03411e-20 -3.13857e-19 -6.24397e-05 -6.24397e-05 -6.65802e-19 -3.13343e-05 -6.24397e-05 -3.13343e-05 -3.11626e-05
12.08 -2.03411e-20 -3.13857e-19 -6.24397e-05 -6.24397e-05 -6.65802e-19 -3.13343e-05 -6.24397e-05 -3.13343e-05 -3.11626e-05
12.085 -2.03411e-20 -3.13857e-19 -6.24397e-05 -6.24397e-05 -6.65802e-19 -3.13343e-05 -6.24397e-05 -3.13343e-05 -3.11626e-05
12.09 -2.03411e-20 -3.13857e-19 -6.24397e-05 -6.24397e-05 -6.65802e-19 -3.13343e-05 -6.24397e-05 -3.13343e-05 -3.11626e-05
12.095 -2.03411e-20 -3.13857e-19 -6.24397e-05 -6.24397e-05 -6.65802e-19 -3.13343e-05 -6.24397e-05 -3.13343e-05 -3.11626e-05
12.1 -2.03411e-20 -3.13857e-19 -6.24397e-05 -6.24397e-05 -6.65802e-19 -3.13343e-05 -6.24397e-05 -3.13343e-05 -3.11626e-05
12.105 -2.03411e-20 -3.13857e-19 -6.24397e-05 -6.24397e-05 -6.65802e-19 -3.13343e-05 -6.24397e-05 -3.13343e-05 -3.11626e-05
12.11 -2.03411e-20 -3.13857e-19 -6.24397e-05 -6.24397e-05 -6.65802e-19 -3.13343e-05 -6.24397e-05 -3.13343e-05 -3.11626e-05
12.115 -2.03411e-20 -3.13857e-19 -6.24397e-05 -6.24397e-05 -6.65802e-19 -3.13343e-05 -6.24397e-05 -3.13343e-05 -3.11626e-05
12.12 -2.03411e-20 -3.13857e-19 -6.24397e-05 -6.24397e-05 -6.65802e-19 -3.13343e-05 -6.24397e-05 -3.13343e-05 -3.11626e-05
12.125 -2.03411e-20 -3.13857e-19 -6.24397e-05 -6.24397e-05 -6.65802e-19 -3.13343e-05 -6.24397e-05 -3.13343e-05 -3.11626e-05
12.13 -2.03411e-20 -3.13857e-19 -6.24397e-05 -6.24397e-05 -6.65802e-19 -3.13343e-05 -6.24397e-05 -3.13343e-05 -3.11626e-05
12.135 -2.03411e-20 -3.13857e-19 -6.24397e-05 -6.24397e-05 -6.65802e-19 -3.13343e-05 -6.24397e-05 -3.13343e-05 -3.11626e-05
12.14 -2.03411e-20 -3.13857e-19 -6.24397e-05 -6.24397e-05 -6.65802e-19 -3.13343e-05 -6.24397e-05 -3.13343e-05 -3.11626e-05
12.145 -2.03411e-20 -3.13857e-19 -6.24397e-05 -6.24397e-05 -6.65802e-19 -3.13343e-05 -6.24397e-05 -3.13343e-05 -3.11626e-05
12.15 -2.03411e-20 -3.13857e-19 -6.24397e-05 -6.24397e-05 -6.65802e-19 -3.13343e-05 -6.24397e-05 -3.13343e-05 -3.11626e-05
12.155 -2.03411e-20 -3.13857e-19 -6.24397e-05 -6.24397e-05 -6.65802e-19 -3.13343e-05 -6.24397e-05 -3.13343e-05 -3.11626e-05
12.16 -2.03411e-20 -3.13857e-19 -6.24397e-05 -6.24397e-05 -6.65802e-19 -3.13343e-05 -6.24397e-05 -3.13343e-05 -3.11626e-05
12.165 -2.03411e-20 -3.13857e-19 -6.24397e-05 -6.24397e-05 -6.65802e-19 -3.13343e-05 -6.24397e-05 -3.13343e-05 -3.11626e-05
12.17 -2.03411e-20 -3.13857e-19 -6.24397e-05 -6.24397e-05 -6.65802e-19 -3.13343e-05 -6.24397e-05 -3.13343e-05 -3.11626e-05
12.175 -2.03411e-20 -3.13857e-19 -6.24397e-05 -6.24397e-05 -6.65802e-19 -3.13343e-05 -6.24397e-05 -3.13343e-05 -3.11626e-05
12.18 -2.03411e-20 -3.13857e-19 -6.24397e-05 -6.24397e-05 -6.65802e-19 -3.13343e-05 -6.24397e-05 -3.13343e-05 -3.11626e-05
12.185 -2.03411e-20 -3.13857e-19 -6.24397e-05 -6.24397e-05 -6.65802e-19 -3.13343e-05 -6.24397e-05 -3.13343e-05 -3.11626e-05
12.19 -2.03411e-20 -3.13857e-19 -6.24397e-05 -6.24397e-05 -6.65802e-19 -3.13343e-05 -6.24397e-05 -3.13343e-05 -3.11626e-05
12.195 -2.03411e-20 -3.13857e-19 -6.24397e-05 -6.24397e-05 -6.65802e-19 -3.13343e-05 -6.24397e-05 -3.13343e-05 -3.11626e-05
12.2 -2.03411e-20 -3.13857e-19 -6.24397e-05 -6.24397e-05 -6.65802e-19 -3.13343e-05 -6.24397e-05 -3.13343e-05 -3.11626e-05
12.205 -2.03411e-20 -3.13857e-19 -6.24397e-05 -6.24397e-05 -6.65802e-19 -3.13343e-05 -6.24397e-05 -3.13343e-05 -3.11626e-05
12.21 -2.03411e-20 -3.13857e-19 -6.24397e-05 -6.24397e-05 -6.65802e-19 -3.13343e-05 -6.24397e-05 -3.13343e-05 -3.11626e-05
12.215 -2.03411e-20 -3.13857e-19 -6.24397e-05 -6.24397e-05 -6.65802e-19 -3.13343e-05 -6.24397e-05 -3.13343e-05 -3.11626e-05
12.22 -2.03411e-20 -3.13857e-19 -6.24397e-05 -6.24397e-05 -6.65802e-19 -3.13343e-05 -6.24397e-05 -3.13343e-05 -3.11626e-05
12.225 -2.03411e-20 -3.13857e-19 -6.24397e-05 -6.24397e-05 -6.65802e-19 -3.13343e-05 -6.24397e-05 -3.13343e-05 -3.11626e-05
12.23 -2.03411e-20 -3.13857e-19 -6.24397e-05 -6.24397e-05 -6.65802e-19 -3.13343e-05 -6.24397e-05 -3.13343e-05 -3.11626e-05
12.235 -2.03411e-20 -3.13857e-19 -6.24397e-05 -6.24397e-05 -6.65802e-19 -3.13343e-05 -6.24397e-05 -3.13343e-05 -3.11626e-05
12.24 -2.03411e-20 -3.13857e-19 -6.24397e-05 -6.24397e-05 -6.65802e-19 -3.13343e-05 -6.24397e-05 -3.13343e-05 -3.11626e-05
12.245 -2.03411e-20 -3.13857e-19 -6.24397e-05 -6.24397e-05 -6.65802e-19 -3.13343e-05 -6.24397e-05 -3.13343e-05 -3.11626e-05
12.25 -2.03411e-20 -3.13857e-19 -6.24397e-05 -6.24397e-05 -6.65802e-19 -3.13343e-05 -6.24397e-05 -3.13343e-05 -3.11626e-05
12.255 -2.03411e-20 -3.13857e-19 -6.24397e-05 -6.24397e-05 -6.65802e-19 -3.13343e-05 -6.24397e-05 -3.13343e-05 -3.11626e-05
12.26 -2.03411e-20 -3.13857e-19 -6.24397e-05 -6.24397e-05 -6.65802e-19 -3.13343e-05 -6.24397e-05 -3.13343e-05 -3.11626e-05
12.265 -2.03411e-20 -3.13857e-19 -6.24397e-05 -6.24397e-05 -6.65802e-19 -3.13343e-05 -6.24397e-05 -3.13343e-05 -3.11626e-05
12.27 -2.03411e-20 -3.13857e-19 -6.24397e-05 -6.24397e-05 -6.65802e-19 -3.13343e-05 -6.24397e-05 -3.13343e-05 -3.11626e-05
12.275 -2.03411e-20 -3.13857e-19 -6.24397e-05 -6.24397e-05 -6.65802e-19 -3.13343e-05 -6.24397e-05 -3.13343e-05 -3.11626e-05
12.28 -2.03411e-20 -3.13857e-19 -6.24397e-05 -6.24397e-05 -6.65802e-19 -3.13343e-05 -6.24397e-05 -3.13343e-05 -3.11626e-05
12.285 -2.03411e-20 -3.13857e-19 -6.24397e-05 -6.24397e-05 -6.65802e-19 -3.13343e-05 -6.24397e-05 -3.13343e-05 -3.11626e-05
12.29 -2.03411e-20 -3.13857e-19 -6.24397e-05 -6.24397e-05 -6.65802e-19 -3.13343e-05 -6.24397e-05 -3.13343e-05 -3.11626e-05
12.295 -2.03411e-20 -3.13857e-19 -6.24397e-05 -6.24397e-05 -6.65802e-19 -3.13343e-05 -6.24397e-05 -3.13343e-05 -3.11626e-05
12.3 -2.03411e-20 -3.13857e-19 -6.24397e-05 -6.24397e-05 -6.65802e-19 -3.13343e-05 -6.24397e-05 -3.13343e-05 -3.11626e-05
12.305 -2.03411e-20 -3.13857e-19 -6.24397e-05 -6.24397e-05 -6.65802e-19 -3.13343e-05 -6.24397e-05 -3.13343e-05 -3.11626e-05
12.31 -2.03411e-20 -3.13857e-19 -6.24397e-05 -6.24397e-05 -6.65802e-19 -3.13343e-05 -6.24397e-05 -3.13343e-05 -3.11626e-05
12.315 -2.03411e-20 -3.13857e-19 -6.24397e-05 -6.24397e-05 -6.65802e-19 -3.13343e-05 -6.24397e-05 -3.13343e-05 -3.11626e-05
12.32 -2.03411e-20 -3.13857e-19 -6.24397e-05 -6.24397e-05 -6.65802e-19 -3.13343e-05 -6.24397e-05 -3.13343e-05 -3.11626e-05
12.325 -2.03411e-20 -3.13857e-19 -6.24397e-05 -6.24397e-05 -6.65802e-19 -3.13343e-05 -6.24397e-05 -3.13343e-05 -3.11626e-05
12.33 -2.03411e-20 -3.13857e-19 -6.24397e-05 -6.24397e-05 -6.65802e-19 -3.13343e-05 -6.24397e-05 -3.13343e-05 -3.11626e-05
12.335 -2.03411e-20 -3.13857e-19 -6.24397e-05 -6.24397e-05 -6.65802e-19 -3.13343e-05 -6.24397e-05 -3.13343e-05 -3.11626e-05
12.34 -2.03411e-20 -3.13857e-19 -6.24397e-05 -6.24397e-05 -6.65802e-19 -3.13343e-05 -6.24397e-05 -3.13343e-05 -3.11626e-05
12.345 -2.03411e-20 -3.13857e-19 -6.24397e-05 -6.24397e-05 -6.65802e-19 -3.13343e-05 -6.24397e-05 -3.13343e-05 -3.11626e-05
12.35 -2.03411e-20 -3.13857e-19 -6.24397e-05 -6.24397e-05 -6.65802e-19 -3.13343e-05 -6.24397e-05 -3.13343e-05 -3.11626e-05
12.355 -2.03411e-20 -3.13857e-19 -6.24397e-05 -6.24397e-05 -6.65802e-19 -3.13343e-05 -6.24397e-05 -3.13343e-05 -3.11626e-05
12.36 -2.03411e-20 -3.13857e-19 -6.24397e-05 -6.24397e-05 -6.65802e-19 -3.13343e-05 -6.24397e-05 -3.13343e-05 -3.11626e-05
12.365 -2.03411e-20 -3.13857e-19 -6.24397e-05 -6.24397e-05 -6.65802e-19 -3.13343e-05 -6.24397e-05 -3.13343e-05 -3.11626e-05
12.37 -2.03411e-20 -3.13857e-19 -6.24397e-05 -6.24397e-05 -6.65802e-19 -3.13343e-05 -6.24397e-05 -3.13343e-05 -3.11626e-05
12.375 -2.03411e-20 -3.13857e-19 -6.24397e-05 -6.24397e-05 -6.65802e-19 -3.13343e-05 -6.24397e-05 -3.13343e-05 -3.11626e-05
12.38 -2.03411e-20 -3.13857e-19 -6.24397e-05 -6.24397e-05 -6.65802e-19 -3.13343e-05 -6.24397e-05 -3.13343e-05 -3.11626e-05
12.385 -2.03411e-20 -3.13857e-19 -6.24397e-05 -6.24397e-05 -6.65802e-19 -3.13343e-05 -6.24397e-05 -3.13343e-05 -3.11626e-05
12.39 -2.03411e-20 -3.13857e-19 -6.24397e-05 -6.24397e-05 -6.65802e-19 -3.13343e-05 -6.24397e-05 -3.13343e-05 -3.11626e-05
12.395 -2.03411e-20 -3.13857e-19 -6.24397e-05 -6.24397e-05 -6.65802e-19 -3.13343e-05 -6.24397e-05 -3.13343e-05 -3.11626e-05
12.4 -2.03411e-20 -3.13857e-19 -6.24397e-05 -6.24397e-05 -6.65802e-19 -3.13343e-05 -6.24397e-05 -3.13343e-05 -3.11626e-05
12.405 -2.03411e-20 -3.13857e-19 -6.24397e-05 -6.24397e-05 -6.65802e-19 -3.13343e-05 -6.24397e-05 -3.13343e-05 -3.11626e-05
12.41 -2.03411e-20 -3.13857e-19 -6.24397e-05 -6.24397e-05 -6.65802e-19 -3.13343e-05 -6.24397e-05 -3.13343e-05 -3.11626e-05
12.415 -2.03411e-20 -3.13857e-19 -6.24397e-05 -6.24397e-05 -6.65802e-19 -3.13343e-05 -6.24397e-05 -3.13343e-05 -3.11626e-05
12.42 -2.03411e-20 -3.13857e-19 -6.24397e-05 -6.24397e-05 -6.65802e-19 -3.13343e-05 -6.24397e-05 -3.13343e-05 -3.11626e-05
12.425 -2.03411e-20 -3.13857e-19 -6.24397e-05 -6.24397e-05 -6.65802e-19 -3.13343e-05 -6.24397e-05 -3.13343e-05 -3.11626e-05
12.43 -2.03411e-20 -3.13857e-19 -6.24397e-05 -6.24397e-05 -6.65802e-19 -3.13343e-05 -6.24397e-05 -3.13343e-05 -3.11626e-05
12.435 -2.03411e-20 -3.13857e-19 -6.24397e-05 -6.24397e-05 -6.65802e-19 -3.13343e-05 -6.24397e-05 -3.13343e-05 -3.11626e-05
12.44 -2.03411e-20 -3.13857e-19 -6.24397e-05 -6.24397e-05 -6.65802e-19 -3.13343e-05 -6.24397e-05 -3.13343e-05 -3.11626e-05
12.445 -2.03411e-20 -3.13857e-19 -6.24397e-05 -6.24397e-05 -6.65802e-19 -3.13343e-05 -6.24397e-05 -3.13343e-05 -3.11626e-05
12.45 -2.03411e-20 -3.13857e-19 -6.24397e-05 -6.24397e-05 -6.65802e-19 -3.13343e-05 -6.24397e-05 -3.13343e-05 -3.11626e-05
12.455 -2.03411e-20 -3.13857e-19 -6.24397e-05 -6.24397e-05 -6.65802e-19 -3.13343e-05 -6.24397e-05 -3.13343e-05 -3.11626e-05
12.46 -2.03411e-20 -3.13857e-19 -6.24397e-05 -6.24397e-05 -6.65802e-19 -3.13343e-05 -6.24397e-05 -3.13343e-05 -3.11626e-05
12.465 -2.03411e-20 -3.13857e-19 -6.24397e-05 -6.24397e-05 -6.65802e-19 -3.13343e-05 -6.24397e-05 -3.13343e-05 -3.11626e-05
12.47 -2.03411e-20 -3.13857e-19 -6.24397e-05 -6.24397e-05 -6.65802e-19 -3.13343e-05 -6.24397e-05 -3.13343e-05 -3.11626e-05
12.475 -2.03411e-20 -3.13857e-19 -6.24397e-05 -6.24397e-05 -6.65802e-19 -3.13343e-05 -6.24397e-05 -3.13343e-05 -3.11626e-05
12.48 -2.03411e-20 -3.13857e-19 -6.24397e-05 -6.24397e-05 -6.65802e-19 -3.13343e-05 -6.24397e-05 -3.13343e-05 -3.11626e-05
12.485 -2.03411e-20 -3.13857e-19 -6.24397e-05 -6.24397e-05 -6.65802e-19 -3.13343e-05 -6.24397e-05 -3.13343e-05 -3.11626e-05
12.49 -2.03411e-20 -3.13857e-19 -6.24397e-05 -6.24397e-05 -6.65802e-19 -3.13343e-05 -6.24397e-05 -3.13343e-05 -3.11626e-05
12.495 -2.03411e-20 -3.13857e-19 -6.24397e-05 -6.24397e-05 -6.65802e-19 -3.13343e-05 -6.24397e-05 -3.13343e-05 -3.11626e-05
12.5 -2.03411e-20 -3.13857e-19 -6.24397e-05 -6.24397e-05 -6.65802e-19 -3.13343e-05 -6.24397e-05 -3.13343e-05 -3.11626e-05
12.505 -2.03411e-20 -3.13857e-19 -6.24397e-05 -6.24397e-05 -6.65802e-19 -3.13343e-05 -6.24397e-05 -3.13343e-05 -3.11626e-05
12.51 -2.03411e-20 -3.13857e-19 -6.24397e-05 -6.24397e-05 -6.65802e-19 -3.13343e-05 -6.24397e-05 -3.13343e-05 -3.11626e-05
12.515 -2.03411e-20 -3.13857e-19 -6.24397e-05 -6.24397e-05 -6.65802e-19 -3.13343e-05 -6.24397e-05 -3.13343e-05 -3.11626e-05
12.52 -2.03411e-20 -3.13857e-19 -6.24397e-05 -6.24397e-05 -6.65802e-19 -3.13343e-05 -6.24397e-05 -3.13343e-05 -3.11626e-05
12.525 -2.03411e-20 -3.13857e-19 -6.24397e-05 -6.24397e-05 -6.65802e-19 -3.13343e-05 -6.24397e-05 -3.13343e-05 -3.11626e-05
12.53 -2.03411e-20 -3.13857e-19 -6.24397e-05 -6.24397e-05 -6.65802e-19 -3.13343e-05 -6.24397e-05 -3.13343e-05 -3.11626e-05
12.535 -2.03411e-20 -3.13857e-19 -6.24397e-05 -6.24397e-05 -6.65802e-19 -3.13343e-05 -6.24397e-05 -3.13343e-05 -3.11626e-05
12.54 -2.03411e-20 -3.13857e-19 -6.24397e-05 -6.24397e-05 -6.65802e-19 -3.13343e-05 -6.24397e-05 -3.13343e-05 -3.11626e-05
12.545 -2.03411e-20 -3.13857e-19 -6.24397e-05 -6.24397e-05 -6.65802e-19 -3.13343e-05 -6.24397e-05 -3.13343e-05 -3.11626e-05
12.55 -2.03411e-20 -3.13857e-19 -6.24397e-05 -6.24397e-05 -6.65802e-19 -3.13343e-05 -6.24397e-05 -3.13343e-05 -3.11626e-05
12.555 -2.03411e-20 -3.13857e-19 -6.24397e-05 -6.24397e-05 -6.65802e-19 -3.13343e-05 -6.24397e-05 -3.13343e-05 -3.11626e-05
12.56 -2.03411e-20 -3.13857e-19 -6.24397e-05 -6.24397e-05 -6.65802e-19 -3.13343e-05 -6.24397e-05 -3.13343e-05 -3.11626e-05
12.565 -2.03411e-20 -3.13857e-19 -6.24397e-05 -6.24397e-05 -6.65802e-19 -3.13343e-05 -6.24397e-05 -3.13343e-05 -3.11626e-05
12.57 -2.03411e-20 -3.13857e-19 -6.24397e-05 -6.24397e-05 -6.65802e-19 -3.13343e-05 -6.24397e-05 -3.13343e-05 -3.11626e-05
12.575 -2.03411e-20 -3.13857e-19 -6.24397e-05 -6.24397e-05 -6.65802e-19 -3.13343e-05 -6.24397e-05 -3.13343e-05 -3.11626e-05
12.58 -2.03411e-20 -3.13857e-19 -6.24397e-05 -6.24397e-05 -6.65802e-19 -3.13343e-05 -6.24397e-05 -3.13343e-05 -3.11626e-05
12.585 -2.03411e-20 -3.13857e-19 -6.24397e-05 -6.24397e-05 -6.65802e-19 -3.13343e-05 -6.24397e-05 -3.13343e-05 -3.11626e-05
12.59 -2.03411e-20 -3.13857e-19 -6.24397e-05 -6.24397e-05 -6.65802e-19 -3.13343e-05 -6.24397e-05 -3.13343e-05 -3.11626e-05
12.595 -2.03411e-20 -3.13857e-19 -6.24397e-05 -6.24397e-05 -6.65802e-19 -3.13343e-05 -6.24397e-05 -3.13343e-05 -3.11626e-05
12.6 -2.03411e-20 -3.13857e-19 -6.24397e-05 -6.24397e-05 -6.65802e-19 -3.13343e-05 -6.24397e-05 -3.13343e-05 -3.11626e-05
12.605 -2.03411e-20 -3.13857e-19 -6.24397e-05 -6.24397e-05 -6.65802e-19 -3.13343e-05 -6.24397e-05 -3.13343e-05 -3.11626e-05
12.61 -2.03411e-20 -3.13857e-19 -6.24397e-05 -6.24397e-05 -6.65802e-19 -3.13343e-05 -6.24397e-05 -3.13343e-05 -3.11626e-05
12.615 -2.03411e-20 -3.13857e-19 -6.24397e-05 -6.24397e-05 -6.65802e-19 -3.13343e-05 -6.24397e-05 -3.13343e-05 -3.11626e-05
12.62 -2.03411e-20 -3.13857e-19 -6.24397e-05 -6.24397e-05 -6.65802e-19 -3.13343e-05 -6.24397e-05 -3.13343e-05 -3.11626e-05
12.625 -2.03411e-20 -3.13857e-19 -6.24397e-05 -6.24397e-05 -6.65802e-19 -3.13343e-05 -6.24397e-05 -3.13343e-05 -3.11626e-05
12.63 -2.03411e-20 -3.13857e-19 -6.24397e-05 -6.24397e-05 -6.65802e-19 -3.13343e-05 -6.24397e-05 -3.13343e-05 -3.11626e-05
12.635 -2.03411e-20 -3.13857e-19 -6.24397e-05 -6.24397e-05 -6.65802e-19 -3.13343e-05 -6.24397e-05 -3.13343e-05 -3.11626e-05
12.64 -2.03411e-20 -3.13857e-19 -6.24397e-05 -6.24397e-05 -6.65802e-19 -3.13343e-05 -6.24397e-05 -3.13343e-05 -3.11626e-05
12.645 -2.03411e-20 -3.13857e-19 -6.24397e-05 -6.24397e-05 -6.65802e-19 -3.13343e-05 -6.24397e-05 -3.13343e-05 -3.11626e-05
12.65 -2.03411e-20 -3.13857e-19 -6.24397e-05 -6.24397e-05 -6.65802e-19 -3.13343e-05 -6.24397e-05 -3.13343e-05 -3.11626e-05
12.655 -2.03411e-20 -3.13857e-19 -6.24397e-05 -6.24397e-05 -6.65802e-19 -3.13343e-05 -6.24397e-05 -3.13343e-05 -3.11626e-05
12.66 -2.03411e-20 -3.13857e-19 -6.24397e-05 -6.24397e-05 -6.65802e-19 -3.13343e-05 -6.24397e-05 -3.13343e-05 -3.11626e-05
12.665 -2.03411e-20 -3.13857e-19 -6.24397e-05 -6.24397e-05 -6.65802e-19 -3.13343e-05 -6.24397e-05 -3.13343e-05 -3.11626e-05
12.67 -2.03411e-20 -3.13857e-19 -6.24397e-05 -6.24397e-05 -6.65802e-19 -3.13343e-05 -6.24397e-05 -3.13343e-05 -3.11626e-05
12.675 -2.03411e-20 -3.13857e-19 -6.24397e-05 -6.24397e-05 -6.65802e-19 -3.13343e-05 -6.24397e-05 -3.13343e-05 -3.11626e-05
12.68 -2.03411e-20 -3.13857e-19 -6.24397e-05 -6.24397e-05 -6.65802e-19 -3.13343e-05 -6.24397e-05 -3.13343e-05 -3.11626e-05
12.685 -2.03411e-20 -3.13857e-19 -6.24397e-05 -6.24397e-05 -6.65802e-19 -3.13343e-05 -6.24397e-05 -3.13343e-05 -3.11626e-05
12.69 -2.03411e-20 -3.13857e-19 -6.24397e-05 -6.24397e-05 -6.65802e-19 -3.13343e-05 -6.24397e-05 -3.13343e-05 -3.11626e-05
12.695 -2.03411e-20 -3.13857e-19 -6.24397e-05 -6.24397e-05 -6.65802e-19 -3.13343e-05 -6.24397e-05 -3.13343e-05 -3.11626e-05
12.7 -2.03411e-20 -3.13857e-19 -6.24397e-05 -6.24397e-05 -6.65802e-19 -3.13343e-05 -6.24397e-05 -3.13343e-05 -3.11626e-05
12.705 -2.03411e-20 -3.13857e-19 -6.24397e-05 -6.24397e-05 -6.65802e-19 -3.13343e-05 -6.24397e-05 -3.13343e-05 -3.11626e-05
12.71 -2.03411e-20 -3.13857e-19 -6.24397e-05 -6.24397e-05 -6.65802e-19 -3.13343e-05 -6.24397e-05 -3.13343e-05 -3.11626e-05
12.715 -2.03411e-20 -3.13857e-19 -6.24397e-05 -6.24397e-05 -6.65802e-19 -3.13343e-05 -6.24397e-05 -3.13343e-05 -3.11626e-05
12.72 -2.03411e-20 -3.13857e-19 -6.24397e-05 -6.24397e-05 -6.65802e-19 -3.13343e-05 -6.24397e-05 -3.13343e-05 -3.11626e-05
12.725 -2.03411e-20 -3.13857e-19 -6.24397e-05 -6.24397e-05 -6.65802e-19 -3.13343e-05 -6.24397e-05 -3.13343e-05 -3.11626e-05
12.73 -2.03411e-20 -3.13857e-19 -6.24397e-05 -6.24397e-05 -6.65802e-19 -3.13343e-05 -6.24397e-05 -3.13343e-05 -3.11626e-05
12.735 -2.03411e-20 -3.13857e-19 -6.24397e-05 -6.24397e-05 -6.65802e-19 -3.13343e-05 -6.24397e-05 -3.13343e-05 -3.11626e-05
12.74 -2.03411e-20 -3.13857e-19 -6.24397e-05 -6.24397e-05 -6.65802e-19 -3.13343e-05 -6.24397e-05 -3.13343e-05 -3.11626e-05
12.745 -2.03411e-20 -3.13857e-19 -6.24397e-05 -6.24397e-05 -6.65802e-19 -3.13343e-05 -6.24397e-05 -3.13343e-05 -3.11626e-05
12.75 -2.03411e-20 -3.13857e-19 -6.24397e-05 -6.24397e-05 -6.65802e-19 -3.13343e-05 -6.24397e-05 -3.13343e-05 -3.11626e-05
12.755 -2.03411e-20 -3.13857e-19 -6.24397e-05 -6.24397e-05 -6.65802e-19 -3.13343e-05 -6.24397e-05 -3.13343e-05 -3.11626e-05
12.76 -2.03411e-20 -3.13857e-19 -6.24397e-05 -6.24397e-05 -6.65802e-19 -3.13343e-05 -6.24397e-05 -3.13343e-05 -3.11626e-05
12.765 -2.03411e-20 -3.13857e-19 -6.24397e-05 -6.24397e-05 -6.65802e-19 -3.13343e-05 -6.24397e-05 -3.13343e-05 -3.11626e-05
12.77 -2.03411e-20 -3.13857e-19 -6.24397e-05 -6.24397e-05 -6.65802e-19 -3.13343e-05 -6.24397e-05 -3.13343e-05 -3.11626e-05
12.775 -2.03411e-20 -3.13857e-19 -6.24397e-05 -6.24397e-05 -6.65802e-19 -3.13343e-05 -6.24397e-05 -3.13343e-05 -3.11626e-05
12.78 -2.03411e-20 -3.13857e-19 -6.24397e-05 -6.24397e-05 -6.65802e-19 -3.13343e-05 -6.24397e-05 -3.13343e-05 -3.11626e-05
12.785 -2.03411e-20 -3.13857e-19 -6.24397e-05 -6.24397e-05 -6.65802e-19 -3.13343e-05 -6.24397e-05 -3.13343e-05 -3.11626e-05
12.79 -2.03411e-20 -3.13857e-19 -6.24397e-05 -6.24397e-05 -6.65802e-19 -3.13343e-05 -6.24397e-05 -3.13343e-05 -3.11626e-05
12.795 -2.03411e-20 -3.13857e-19 -6.24397e-05 -6.24397e-05 -6.65802e-19 -3.13343e-05 -6.24397e-05 -3.13343e-05 -3.11626e-05
12.8 -2.03411e-20 -3.13857e-19 -6.24397e-05 -6.24397e-05 -6.65802e-19 -3.13343e-05 -6.24397e-05 -3.13343e-05 -3.11626e-05
12.805 -2.03411e-20 -3.13857e-19 -6.24397e-05 -6.24397e-05 -6.65802e-19 -3.13343e-05 -6.24397e-05 -3.13343e-05 -3.11626e-05
12.81 -2.03411e-20 -3.13857e-19 -6.24397e-05 -6.24397e-05 -6.65802e-19 -3.13343e-05 -6.24397e-05 -3.13343e-05 -3.11626e-05
12.815 -2.03411e-20 -3.13857e-19 -6.24397e-05 -6.24397e-05 -6.65802e-19 -3.13343e-05 -6.24397e-05 -3.13343e-05 -3.11626e-05
12.82 -2.03411e-20 -3.13857e-19 -6.24397e-05 -6.24397e-05 -6.65802e-19 -3.13343e-05 -6.24397e-05 -3.13343e-05 -3.11626e-05
12.825 -2.03411e-20 -3.13857e-19 -6.24397e-05 -6.24397e-05 -6.65802e-19 -3.13343e-05 -6.24397e-05 -3.13343e-05 -3.11626e-05
12.83 -2.03411e-20 -3.13857e-19 -6.24397e-05 -6.24397e-05 -6.65802e-19 -3.13343e-05 -6.24397e-05 -3.13343e-05 -3.11626e-05
12.835 -2.03411e-20 -3.13857e-19 -6.24397e-05 -6.24397e-05 -6.65802e-19 -3.13343e-05 -6.24397e-05 -3.13343e-05 -3.11626e-05
12.84 -2.03411e-20 -3.13857e-19 -6.24397e-05 -6.24397e-05 -6.65802e-19 -3.13343e-05 -6.24397e-05 -3.13343e-05 -3.11626e-05
12.845 -2.03411e-20 -3.13857e-19 -6.24397e-05 -6.24397e-05 -6.65802e-19 -3.13343e-05 -6.24397e-05 -3.13343e-05 -3.11626e-05
12.85 -2.03411e-20 -3.13857e-19 -6.24397e-05 -6.24397e-05 -6.65802e-19 -3.13343e-05 -6.24397e-05 -3.13343e-05 -3.11626e-05
12.855 -2.03411e-20 -3.13857e-19 -6.24397e-05 -6.24397e-05 -6.65802e-19 -3.13343e-05 -6.24397e-05 -3.13343e-05 -3.11626e-05
12.86 -2.03411e-20 -3.13857e-19 -6.24397e-05 -6.24397e-05 -6.65802e-19 -3.13343e-05 -6.24397e-05 -3.13343e-05 -3.11626e-05
12.865 -2.03411e-20 -3.13857e-19 -6.24397e-05 -6.24397e-05 -6.65802e-19 -3.13343e-05 -6.24397e-05 -3.13343e-05 -3.11626e-05
12.87 -2.03411e-20 -3.13857e-19 -6.24397e-05 -6.24397e-05 -6.65802e-19 -3.13343e-05 -6.24397e-05 -3.13343e-05 -3.11626e-05
12.875 -2.03411e-20 -3.13857e-19 -6.24397e-05 -6.24397e-05 -6.65802e-19 -3.13343e-05 -6.24397e-05 -3.13343e-05 -3.11626e-05
12.88 -2.03411e-20 -3.13857e-19 -6.24397e-05 -6.24397e-05 -6.65802e-19 -3.13343e-05 -6.24397e-05 -3.13343e-05 -3.11626e-05
12.885 -2.03411e-20 -3.13857e-19 -6.24397e-05 -6.24397e-05 -6.65802e-19 -3.13343e-05 -6.24397e-05 -3.13343e-05 -3.11626e-05
12.89 -2.03411e-20 -3.13857e-19 -6.24397e-05 -6.24397e-05 -6.65802e-19 -3.13343e-05 -6.24397e-05 -3.13343e-05 -3.11626e-05
12.895 -2.03411e-20 -3.13857e-19 -6.24397e-05 -6.24397e-05 -6.65802e-19 -3.13343e-05 -6.24397e-05 -3.13343e-05 -3.11626e-05
12.9 -2.03411e-20 -3.13857e-19 -6.24397e-05 -6.24397e-05 -6.65802e-19 -3.13343e-05 -6.24397e-05 -3.13343e-05 -3.11626e-05
12.905 -2.03411e-20 -3.13857e-19 -6.24397e-05 -6.24397e-05 -6.65802e-19 -3.13343e-05 -6.24397e-05 -3.13343e-05 -3.11626e-05
12.91 -2.03411e-20 -3.13857e-19 -6.24397e-05 -6.24397e-05 -6.65802e-19 -3.13343e-05 -6.24397e-05 -3.13343e-05 -3.11626e-05
12.915 -2.03411e-20 -3.13857e-19 -6.24397e-05 -6.24397e-05 -6.65802e-19 -3.13343e-05 -6.24397e-05 -3.13343e-05 -3.11626e-05
12.92 -2.03411e-20 -3.13857e-19 -6.24397e-05 -6.24397e-05 -6.65802e-19 -3.13343e-05 -6.24397e-05 -3.13343e-05 -3.11626e-05
12.925 -2.03411e-20 -3.13857e-19 -6.24397e-05 -6.24397e-05 -6.65802e-19 -3.13343e-05 -6.24397e-05 -3.13343e-05 -3.11626e-05
12.93 -2.03411e-20 -3.13857e-19 -6.24397e-05 -6.24397e-05 -6.65802e-19 -3.13343e-05 -6.24397e-05 -3.13343e-05 -3.11626e-05
12.935 -2.03411e-20 -3.13857e-19 -6.24397e-05 -6.24397e-05 -6.65802e-19 -3.13343e-05 -6.24397e-05 -3.13343e-05 -3.11626e-05
12.94 -2.03411e-20 -3.13857e-19 -6.24397e-05 -6.24397e-05 -6.65802e-19 -3.13343e-05 -6.24397e-05 -3.13343e-05 -3.11626e-05
12.945 -2.03411e-20 -3.13857e-19 -6.24397e-05 -6.24397e-05 -6.65802e-19 -3.13343e-05 -6.24397e-05 -3.13343e-05 -3.11626e-05
12.95 -2.03411e-20 -3.13857e-19 -6.24397e-05 -6.24397e-05 -6.65802e-19 -3.13343e-05 -6.24397e-05 -3.13343e-05 -3.11626e-05
12.955 -2.03411e-20 -3.13857e-19 -6.24397e-05 -6.24397e-05 -6.65802e-19 -3.13343e-05 -6.24397e-05 -3.13343e-05 -3.11626e-05
12.96 -2.03411e-20 -3.13857e-19 -6.24397e-05 -6.24397e-05 -6.65802e-19 -3.13343e-05 -6.24397e-05 -3.13343e-05 -3.11626e-05
12.965 -2.03411e-20 -3.13857e-19 -6.24397e-05 -6.24397e-05 -6.65802e-19 -3.13343e-05 -6.24397e-05 -3.13343e-05 -3.11626e-05
12.97 -2.03411e-20 -3.13857e-19 -6.24397e-05 -6.24397e-05 -6.65802e-19 -3.13343e-05 -6.24397e-05 -3.13343e-05 -3.11626e-05
12.975 -2.03411e-20 -3.13857e-19 -6.24397e-05 -6.24397e-05 -6.65802e-19 -3.13343e-05 -6.24397e-05 -3.13343e-05 -3.11626e-05
12.98 -2.03411e-20 -3.13857e-19 -6.24397e-05 -6.24397e-05 -6.65802e-19 -3.13343e-05 -6.24397e-05 -3.13343e-05 -3.11626e-05
12.985 -2.03411e-20 -3.13857e-19 -6.24397e-05 -6.24397e-05 -6.65802e-19 -3.13343e-05 -6.24397e-05 -3.13343e-05 -3.11626e-05
12.99 -2.03411e-20 -3.13857e-19 -6.24397e-05 -6.24397e-05 -6.65802e-19 -3.13343e-05 -6.24397e-05 -3.13343e-05 -3.11626e-05
12.995 -2.03411e-20 -3.13857e-19 -6.24397e-05 -6.24397e-05 -6.65802e-19 -3.13343e-05 -6.24397e-05 -3.13343e-05 -3.11626e-05
13 -2.03411e-20 -3.13857e-19 -6.24397e-05 -6.24397e-05 -6.65802e-19 -3.13343e-05 -6.24397e-05 -3.13343e-05 -3.11626e-05
13.005 -2.03411e-20 -3.13857e-19 -6.24397e-05 -6.24397e-05 -6.65802e-19 -3.13343e-05 -6.24397e-05 -3.13343e-05 -3.11626e-05
13.01 -2.03411e-20 -3.13857e-19 -6.24397e-05 -6.24397e-05 -6.65802e-19 -3.13343e-05 -6.24397e-05 -3.13343e-05 -3.11626e-05
13.015 -2.03411e-20 -3.13857e-19 -6.24397e-05 -6.24397e-05 -6.65802e-19 -3.13343e-05 -6.24397e-05 -3.13343e-05 -3.11626e-05
13.02 -2.03411e-20 -3.13857e-19 -6.24397e-05 -6.24397e-05 -6.65802e-19 -3.13343e-05 -6.24397e-05 -3.13343e-05 -3.11626e-05
13.025 -2.03411e-20 -3.13857e-19 -6.24397e-05 -6.24397e-05 -6.65802e-19 -3.13343e-05 -6.24397e-05 -3.13343e-05 -3.11626e-05
13.03 -2.03411e-20 -3.13857e-19 -6.24397e-05 -6.24397e-05 -6.65802e-19 -3.13343e-05 -6.24397e-05 -3.13343e-05 -3.11626e-05
13.035 -2.03411e-20 -3.13857e-19 -6.24397e-05 -6.24397e-05 -6.65802e-19 -3.13343e-05 -6.24397e-05 -3.13343e-05 -3.11626e-05
13.04 -2.03411e-20 -3.13857e-19 -6.24397e-05 -6.24397e-05 -6.65802e-19 -3.13343e-05 -6.24397e-05 -3.13343e-05 -3.11626e-05
13.045 -2.03411e-20 -3.13857e-19 -6.24397e-05 -6.24397e-05 -6.65802e-19 -3.13343e-05 -6.24397e-05 -3.13343e-05 -3.11626e-05
13.05 -2.03411e-20 -3.13857e-19 -6.24397e-05 -6.24397e-05 -6.65802e-19 -3.13343e-05 -6.24397e-05 -3.13343e-05 -3.11626e-05
13.055 -2.03411e-20 -3.13857e-19 -6.24397e-05 -6.24397e-05 -6.65802e-19 -3.13343e-05 -6.24397e-05 -3.13343e-05 -3.11626e-05
13.06 -2.03411e-20 -3.13857e-19 -6.24397e-05 -6.24397e-05 -6.65802e-19 -3.13343e-05 -6.24397e-05 -3.13343e-05 -3.11626e-05
13.065 -2.03411e-20 -3.13857e-19 -6.24397e-05 -6.24397e-05 -6.65802e-19 -3.13343e-05 -6.24397e-05 -3.13343e-05 -3.11626e-05
13.07 -2.03411e-20 -3.13857e-19 -6.24397e-05 -6.24397e-05 -6.65802e-19 -3.13343e-05 -6.24397e-05 -3.13343e-05 -3.11626e-05
13.075 -2.03411e-20 -3.13857e-19 -6.24397e-05 -6.24397e-05 -6.65802e-19 -3.13343e-05 -6.24397e-05 -3.13343e-05 -3.11626e-05
13.08 -2.03411e-20 -3.13857e-19 -6.24397e-05 -6.24397e-05 -6.65802e-19 -3.13343e-05 -6.24397e-05 -3.13343e-05 -3.11626e-05
13.085 -2.03411e-20 -3.13857e-19 -6.24397e-05 -6.24397e-05 -6.65802e-19 -3.13343e-05 -6.24397e-05 -3.13343e-05 -3.11626e-05
13.09 -2.03411e-20 -3.13857e-19 -6.24397e-05 -6.24397e-05 -6.65802e-19 -3.13343e-05 -6.24397e-05 -3.13343e-05 -3.11626e-05
13.095 -2.03411e-20 -3.13857e-19 -6.24397e-05 -6.24397e-05 -6.65802e-19 -3.13343e-05 -6.24397e-05 -3.13343e-05 -3.11626e-05
13.1 -2.03411e-20 -3.13857e-19 -6.24397e-05 -6.24397e-05 -6.65802e-19 -3.13343e-05 -6.24397e-05 -3.13343e-05 -3.11626e-05
13.105 -2.03411e-20 -3.13857e-19 -6.24397e-05 -6.24397e-05 -6.65802e-19 -3.13343e-05 -6.24397e-05 -3.13343e-05 -3.11626e-05
13.11 -2.03411e-20 -3.13857e-19 -6.24397e-05 -6.24397e-05 -6.65802e-19 -3.13343e-05 -6.24397e-05 -3.13343e-05 -3.11626e-05
13.115 -2.03411e-20 -3.13857e-19 -6.24397e-05 -6.24397e-05 -6.65802e-19 -3.13343e-05 -6.24397e-05 -3.13343e-05 -3.11626e-05
13.12 -2.03411e-20 -3.13857e-19 -6.24397e-05 -6.24397e-05 -6.65802e-19 -3.13343e-05 -6.24397e-05 -3.13343e-05 -3.11626e-05
13.125 -2.03411e-20 -3.13857e-19 -6.24397e-05 -6.24397e-05 -6.65802e-19 -3.13343e-05 -6.24397e-05 -3.13343e-05 -3.11626e-05
13.13 -2.03411e-20 -3.13857e-19 -6.24397e-05 -6.24397e-05 -6.65802e-19 -3.13343e-05 -6.24397e-05 -3.13343e-05 -3.11626e-05
13.135 -2.03411e-20 -3.13857e-19 -6.24397e-05 -6.24397e-05 -6.65802e-19 -3.13343e-05 -6.24397e-05 -3.13343e-05 -3.11626e-05
13.14 -2.03411e-20 -3.13857e-19 -6.24397e-05 -6.24397e-05 -6.65802e-19 -3.13343e-05 -6.24397e-05 -3.13343e-05 -3.11626e-05
13.145 -2.03411e-20 -3.13857e-19 -6.24397e-05 -6.24397e-05 -6.65802e-19 -3.13343e-05 -6.24397e-05 -3.13343e-05 -3.11626e-05
13.15 -2.03411e-20 -3.13857e-19 -6.24397e-05 -6.24397e-05 -6.65802e-19 -3.13343e-05 -6.24397e-05 -3.13343e-05 -3.11626e-05
13.155 -2.03411e-20 -3.13857e-19 -6.24397e-05 -6.24397e-05 -6.65802e-19 -3.13343e-05 -6.24397e-05 -3.13343e-05 -3.11626e-05
13.16 -2.03411e-20 -3.13857e-19 -6.24397e-05 -6.24397e-05 -6.65802e-19 -3.13343e-05 -6.24397e-05 -3.13343e-05 -3.11626e-05
13.165 -2.03411e-20 -3.13857e-19 -6.24397e-05 -6.24397e-05 -6.65802e-19 -3.13343e-05 -6.24397e-05 -3.13343e-05 -3.11626e-05
13.17 -2.03411e-20 -3.13857e-19 -6.24397e-05 -6.24397e-05 -6.65802e-19 -3.13343e-05 -6.24397e-05 -3.13343e-05 -3.11626e-05
13.175 -2.03411e-20 -3.13857e-19 -6.24397e-05 -6.24397e-05 -6.65802e-19 -3.13343e-05 -6.24397e-05 -3.13343e-05 -3.11626e-05
13.18 -2.03411e-20 -3.13857e-19 -6.24397e-05 -6.24397e-05 -6.65802e-19 -3.13343e-05 -6.24397e-05 -3.13343e-05 -3.11626e-05
13.185 -2.03411e-20 -3.13857e-19 -6.24397e-05 -6.24397e-05 -6.65802e-19 -3.13343e-05 -6.24397e-05 -3.13343e-05 -3.11626e-05
13.19 -2.03411e-20 -3.13857e-19 -6.24397e-05 -6.24397e-05 -6.65802e-19 -3.13343e-05 -6.24397e-05 -3.13343e-05 -3.11626e-05
13.195 -2.03411e-20 -3.13857e-19 -6.24397e-05 -6.24397e-05 -6.65802e-19 -3.13343e-05 -6.24397e-05 -3.13343e-05 -3.11626e-05
13.2 -2.03411e-20 -3.13857e-19 -6.24397e-05 -6.24397e-05 -6.65802e-19 -3.13343e-05 -6.24397e-05 -3.13343e-05 -3.11626e-05
13.205 -2.03411e-20 -3.13857e-19 -6.24397e-05 -6.24397e-05 -6.65802e-19 -3.13343e-05 -6.24397e-05 -3.13343e-05 -3.11626e-05
13.21 -2.03411e-20 -3.13857e-19 -6.24397e-05 -6.24397e-05 -6.65802e-19 -3.13343e-05 -6.24397e-05 -3.13343e-05 -3.11626e-05
13.215 -2.03411e-20 -3.13857e-19 -6.24397e-05 -6.24397e-05 -6.65802e-19 -3.13343e-05 -6.24397e-05 -3.13343e-05 -3.11626e-05
13.22 -2.03411e-20 -3.13857e-19 -6.24397e-05 -6.24397e-05 -6.65802e-19 -3.13343e-05 -6.24397e-05 -3.13343e-05 -3.11626e-05
13.225 -2.03411e-20 -3.13857e-19 -6.24397e-05 -6.24397e-05 -6.65802e-19 -3.13343e-05 -6.24397e-05 -3.13343e-05 -3.11626e-05
13.23 -2.03411e-20 -3.13857e-19 -6.24397e-05 -6.24397e-05 -6.65802e-19 -3.13343e-05 -6.24397e-05 -3.13343e-05 -3.11626e-05
13.235 -2.03411e-20 -3.13857e-19 -6.24397e-05 -6.24397e-05 -6.65802e-19 -3.13343e-05 -6.24397e-05 -3.13343e-05 -3.11626e-05
13.24 -2.03411e-20 -3.13857e-19 -6.24397e-05 -6.24397e-05 -6.65802e-19 -3.13343e-05 -6.24397e-05 -3.13343e-05 -3.11626e-05
13.245 -2.03411e-20 -3.13857e-19 -6.24397e-05 -6.24397e-05 -6.65802e-19 -3.13343e-05 -6.24397e-05 -3.13343e-05 -3.11626e-05
13.25 -2.03411e-20 -3.13857e-19 -6.24397e-05 -6.24397e-05 -6.65802e-19 -3.13343e-05 -6.24397e-05 -3.13343e-05 -3.11626e-05
13.255 -2.03411e-20 -3.13857e-19 -6.24397e-05 -6.24397e-05 -6.65802e-19 -3.13343e-05 -6.24397e-05 -3.13343e-05 -3.11626e-05
13.26 -2.03411e-20 -3.13857e-19 -6.24397e-05 -6.24397e-05 -6.65802e-19 -3.13343e-05 -6.24397e-05 -3.13343e-05 -3.11626e-05
13.265 -2.03411e-20 -3.13857e-19 -6.24397e-05 -6.24397e-05 -6.65802e-19 -3.13343e-05 -6.24397e-05 -3.13343e-05 -3.11626e-05
13.27 -2.03411e-20 -3.13857e-19 -6.24397e-05 -6.24397e-05 -6.65802e-19 -3.13343e-05 -6.24397e-05 -3.13343e-05 -3.11626e-05
13.275 -2.03411e-20 -3.13857e-19 -6.24397e-05 -6.24397e-05 -6.65802e-19 -3.13343e-05 -6.24397e-05 -3.13343e-05 -3.11626e-05
13.28 -2.03411e-20 -3.13857e-19 -6.24397e-05 -6.24397e-05 -6.65802e-19 -3.13343e-05 -6.24397e-05 -3.13343e-05 -3.11626e-05
13.285 -2.03411e-20 -3.13857e-19 -6.24397e-05 -6.24397e-05 -6.65802e-19 -3.13343e-05 -6.24397e-05 -3.13343e-05 -3.11626e-05
13.29 -2.03411e-20 -3.13857e-19 -6.24397e-05 -6.24397e-05 -6.65802e-19 -3.13343e-05 -6.24397e-05 -3.13343e-05 -3.11626e-05
13.295 -2.03411e-20 -3.13857e-19 -6.24397e-05 -6.24397e-05 -6.65802e-19 -3.13343e-05 -6.24397e-05 -3.13343e-05 -3.11626e-05
13.3 -2.03411e-20 -3.13857e-19 -6.24397e-05 -6.24397e-05 -6.65802e-19 -3.13343e-05 -6.24397e-05 -3.13343e-05 -3.11626e-05
13.305 -2.03411e-20 -3.13857e-19 -6.24397e-05 -6.24397e-05 -6.65802e-19 -3.13343e-05 -6.24397e-05 -3.13343e-05 -3.11626e-05
13.31 -2.03411e-20 -3.13857e-19 -6.24397e-05 -6.24397e-05 -6.65802e-19 -3.13343e-05 -6.24397e-05 -3.13343e-05 -3.11626e-05
13.315 -2.03411e-20 -3.13857e-19 -6.24397e-05 -6.24397e-05 -6.65802e-19 -3.13343e-05 -6.24397e-05 -3.13343e-05 -3.11626e-05
13.32 -2.03411e-20 -3.13857e-19 -6.24397e-05 -6.24397e-05 -6.65802e-19 -3.13343e-05 -6.24397e-05 -3.13343e-05 -3.11626e-05
13.325 -2.03411e-20 -3.13857e-19 -6.24397e-05 -6.24397e-05 -6.65802e-19 -3.13343e-05 -6.24397e-05 -3.13343e-05 -3.11626e-05
13.33 -2.03411e-20 -3.13857e-19 -6.24397e-05 -6.24397e-05 -6.65802e-19 -3.13343e-05 -6.24397e-05 -3.13343e-05 -3.11626e-05
13.335 -2.03411e-20 -3.13857e-19 -6.24397e-05 -6.24397e-05 -6.65802e-19 -3.13343e-05 -6.24397e-05 -3.13343e-05 -3.11626e-05
13.34 -2.03411e-20 -3.13857e-19 -6.24397e-05 -6.24397e-05 -6.65802e-19 -3.13343e-05 -6.24397e-05 -3.13343e-05 -3.11626e-05
13.345 -2.03411e-20 -3.13857e-19 -6.24397e-05 -6.24397e-05 -6.65802e-19 -3.13343e-05 -6.24397e-05 -3.13343e-05 -3.11626e-05
13.35 -2.03411e-20 -3.13857e-19 -6.24397e-05 -6.24397e-05 -6.65802e-19 -3.13343e-05 -6.24397e-05 -3.13343e-05 -3.11626e-05
13.355 -2.03411e-20 -3.13857e-19 -6.24397e-05 -6.24397e-05 -6.65802e-19 -3.13343e-05 -6.24397e-05 -3.13343e-05 -3.11626e-05
13.36 -2.03411e-20 -3.13857e-19 -6.24397e-05 -6.24397e-05 -6.65802e-19 -3.13343e-05 -6.24397e-05 -3.13343e-05 -3.11626e-05
13.365 -2.03411e-20 -3.13857e-19 -6.24397e-05 -6.24397e-05 -6.65802e-19 -3.13343e-05 -6.24397e-05 -3.13343e-05 -3.11626e-05
13.37 -2.03411e-20 -3.13857e-19 -6.24397e-05 -6.24397e-05 -6.65802e-19 -3.13343e-05 -6.24397e-05 -3.13343e-05 -3.11626e-05
13.375 -2.03411e-20 -3.13857e-19 -6.24397e-05 -6.24397e-05 -6.65802e-19 -3.13343e-05 -6.24397e-05 -3.13343e-05 -3.11626e-05
13.38 -2.03411e-20 -3.13857e-19 -6.24397e-05 -6.24397e-05 -6.65802e-19 -3.13343e-05 -6.24397e-05 -3.13343e-05 -3.11626e-05
13.385 -2.03411e-20 -3.13857e-19 -6.24397e-05 -6.24397e-05 -6.65802e-19 -3.13343e-05 -6.24397e-05 -3.13343e-05 -3.11626e-05
13.39 -2.03411e-20 -3.13857e-19 -6.24397e-05 -6.24397e-05 -6.65802e-19 -3.13343e-05 -6.24397e-05 -3.13343e-05 -3.11626e-05
13.395 -2.03411e-20 -3.13857e-19 -6.24397e-05 -6.24397e-05 -6.65802e-19 -3.13343e-05 -6.24397e-05 -3.13343e-05 -3.11626e-05
13.4 -2.03411e-20 -3.13857e-19 -6.24397e-05 -6.24397e-05 -6.65802e-19 -3.13343e-05 -6.24397e-05 -3.13343e-05 -3.11626e-05
13.405 -2.03411e-20 -3.13857e-19 -6.24397e-05 -6.24397e-05 -6.65802e-19 -3.13343e-05 -6.24397e-05 -3.13343e-05 -3.11626e-05
13.41 -2.03411e-20 -3.13857e-19 -6.24397e-05 -6.24397e-05 -6.65802e-19 -3.13343e-05 -6.24397e-05 -3.13343e-05 -3.11626e-05
13.415 -2.03411e-20 -3.13857e-19 -6.24397e-05 -6.24397e-05 -6.65802e-19 -3.13343e-05 -6.24397e-05 -3.13343e-05 -3.11626e-05
13.42 -2.03411e-20 -3.13857e-19 -6.24397e-05 -6.24397e-05 -6.65802e-19 -3.13343e-05 -6.24397e-05 -3.13343e-05 -3.11626e-05
13.425 -2.03411e-20 -3.13857e-19 -6.24397e-05 -6.24397e-05 -6.65802e-19 -3.13343e-05 -6.24397e-05 -3.13343e-05 -3.11626e-05
13.43 -2.03411e-20 -3.13857e-19 -6.24397e-05 -6.24397e-05 -6.65802e-19 -3.13343e-05 -6.24397e-05 -3.13343e-05 -3.11626e-05
13.435 -2.03411e-20 -3.13857e-19 -6.24397e-05 -6.24397e-05 -6.65802e-19 -3.13343e-05 -6.24397e-05 -3.13343e-05 -3.11626e-05
13.44 -2.03411e-20 -3.13857e-19 -6.24397e-05 -6.24397e-05 -6.65802e-19 -3.13343e-05 -6.24397e-05 -3.13343e-05 -3.11626e-05
13.445 -2.03411e-20 -3.13857e-19 -6.24397e-05 -6.24397e-05 -6.65802e-19 -3.13343e-05 -6.24397e-05 -3.13343e-05 -3.11626e-05
13.45 -2.03411e-20 -3.13857e-19 -6.24397e-05 -6.24397e-05 -6.65802e-19 -3.13343e-05 -6.24397e-05 -3.13343e-05 -3.11626e-05
13.455 -2.03411e-20 -3.13857e-19 -6.24397e-05 -6.24397e-05 -6.65802e-19 -3.13343e-05 -6.24397e-05 -3.13343e-05 -3.11626e-05
13.46 -2.03411e-20 -3.13857e-19 -6.24397e-05 -6.24397e-05 -6.65802e-19 -3.13343e-05 -6.24397e-05 -3.13343e-05 -3.11626e-05
13.465 -2.03411e-20 -3.13857e-19 -6.24397e-05 -6.24397e-05 -6.65802e-19 -3.13343e-05 -6.24397e-05 -3.13343e-05 -3.11626e-05
13.47 -2.03411e-20 -3.13857e-19 -6.24397e-05 -6.24397e-05 -6.65802e-19 -3.13343e-05 -6.24397e-05 -3.13343e-05 -3.11626e-05
13.475 -2.03411e-20 -3.13857e-19 -6.24397e-05 -6.24397e-05 -6.65802e-19 -3.13343e-05 -6.24397e-05 -3.13343e-05 -3.11626e-05
13.48 -2.03411e-20 -3.13857e-19 -6.24397e-05 -6.24397e-05 -6.65802e-19 -3.13343e-05 -6.24397e-05 -3.13343e-05 -3.11626e-05
13.485 -2.03411e-20 -3.13857e-19 -6.24397e-05 -6.24397e-05 -6.65802e-19 -3.13343e-05 -6.24397e-05 -3.13343e-05 -3.11626e-05
13.49 -2.03411e-20 -3.13857e-19 -6.24397e-05 -6.24397e-05 -6.65802e-19 -3.13343e-05 -6.24397e-05 -3.13343e-05 -3.11626e-05
13.495 -2.03411e-20 -3.13857e-19 -6.24397e-05 -6.24397e-05 -6.65802e-19 -3.13343e-05 -6.24397e-05 -3.13343e-05 -3.11626e-05
13.5 -2.03411e-20 -3.13857e-19 -6.24397e-05 -6.24397e-05 -6.65802e-19 -3.13343e-05 -6.24397e-05 -3.13343e-05 -3.11626e-05
13.505 -2.03411e-20 -3.13857e-19 -6.24397e-05 -6.24397e-05 -6.65802e-19 -3.13343e-05 -6.24397e-05 -3.13343e-05 -3.11626e-05
13.51 -2.03411e-20 -3.13857e-19 -6.24397e-05 -6.24397e-05 -6.65802e-19 -3.13343e-05 -6.24397e-05 -3.13343e-05 -3.11626e-05
13.515 -2.03411e-20 -3.13857e-19 -6.24397e-05 -6.24397e-05 -6.65802e-19 -3.13343e-05 -6.24397e-05 -3.13343e-05 -3.11626e-05
13.52 -2.03411e-20 -3.13857e-19 -6.24397e-05 -6.24397e-05 -6.65802e-19 -3.13343e-05 -6.24397e-05 -3.13343e-05 -3.11626e-05
13.525 -2.03411e-20 -3.13857e-19 -6.24397e-05 -6.24397e-05 -6.65802e-19 -3.13343e-05 -6.24397e-05 -3.13343e-05 -3.11626e-05
13.53 -2.03411e-20 -3.13857e-19 -6.24397e-05 -6.24397e-05 -6.65802e-19 -3.13343e-05 -6.24397e-05 -3.13343e-05 -3.11626e-05
13.535 -2.03411e-20 -3.13857e-19 -6.24397e-05 -6.24397e-05 -6.65802e-19 -3.13343e-05 -6.24397e-05 -3.13343e-05 -3.11626e-05
13.54 -2.03411e-20 -3.13857e-19 -6.24397e-05 -6.24397e-05 -6.65802e-19 -3.13343e-05 -6.24397e-05 -3.13343e-05 -3.11626e-05
13.545 -2.03411e-20 -3.13857e-19 -6.24397e-05 -6.24397e-05 -6.65802e-19 -3.13343e-05 -6.24397e-05 -3.13343e-05 -3.11626e-05
13.55 -2.03411e-20 -3.13857e-19 -6.24397e-05 -6.24397e-05 -6.65802e-19 -3.13343e-05 -6.24397e-05 -3.13343e-05 -3.11626e-05
13.555 -2.03411e-20 -3.13857e-19 -6.24397e-05 -6.24397e-05 -6.65802e-19 -3.13343e-05 -6.24397e-05 -3.13343e-05 -3.11626e-05
13.56 -2.03411e-20 -3.13857e-19 -6.24397e-05 -6.24397e-05 -6.65802e-19 -3.13343e-05 -6.24397e-05 -3.13343e-05 -3.11626e-05
13.565 -2.03411e-20 -3.13857e-19 -6.24397e-05 -6.24397e-05 -6.65802e-19 -3.13343e-05 -6.24397e-05 -3.13343e-05 -3.11626e-05
13.57 -2.03411e-20 -3.13857e-19 -6.24397e-05 -6.24397e-05 -6.65802e-19 -3.13343e-05 -6.24397e-05 -3.13343e-05 -3.11626e-05
13.575 -2.03411e-20 -3.13857e-19 -6.24397e-05 -6.24397e-05 -6.65802e-19 -3.13343e-05 -6.24397e-05 -3.13343e-05 -3.11626e-05
13.58 -2.03411e-20 -3.13857e-19 -6.24397e-05 -6.24397e-05 -6.65802e-19 -3.13343e-05 -6.24397e-05 -3.13343e-05 -3.11626e-05
13.585 -2.03411e-20 -3.13857e-19 -6.24397e-05 -6.24397e-05 -6.65802e-19 -3.13343e-05 -6.24397e-05 -3.13343e-05 -3.11626e-05
13.59 -2.03411e-20 -3.13857e-19 -6.24397e-05 -6.24397e-05 -6.65802e-19 -3.13343e-05 -6.24397e-05 -3.13343e-05 -3.11626e-05
13.595 -2.03411e-20 -3.13857e-19 -6.24397e-05 -6.24397e-05 -6.65802e-19 -3.13343e-05 -6.24397e-05 -3.13343e-05 -3.11626e-05
13.6 -2.03411e-20 -3.13857e-19 -6.24397e-05 -6.24397e-05 -6.65802e-19 -3.13343e-05 -6.24397e-05 -3.13343e-05 -3.11626e-05
13.605 -2.03411e-20 -3.13857e-19 -6.24397e-05 -6.24397e-05 -6.65802e-19 -3.13343e-05 -6.24397e-05 -3.13343e-05 -3.11626e-05
13.61 -2.03411e-20 -3.13857e-19 -6.24397e-05 -6.24397e-05 -6.65802e-19 -3.13343e-05 -6.24397e-05 -3.13343e-05 -3.11626e-05
13.615 -2.03411e-20 -3.13857e-19 -6.24397e-05 -6.24397e-05 -6.65802e-19 -3.13343e-05 -6.24397e-05 -3.13343e-05 -3.11626e-05
13.62 -2.03411e-20 -3.13857e-19 -6.24397e-05 -6.24397e-05 -6.65802e-19 -3.13343e-05 -6.24397e-05 -3.13343e-05 -3.11626e-05
13.625 -2.03411e-20 -3.13857e-19 -6.24397e-05 -6.24397e-05 -6.65802e-19 -3.13343e-05 -6.24397e-05 -3.13343e-05 -3.11626e-05
13.63 -2.03411e-20 -3.13857e-19 -6.24397e-05 -6.24397e-05 -6.65802e-19 -3.13343e-05 -6.24397e-05 -3.13343e-05 -3.11626e-05
13.635 -2.03411e-20 -3.13857e-19 -6.24397e-05 -6.24397e-05 -6.65802e-19 -3.13343e-05 -6.24397e-05 -3.13343e-05 -3.11626e-05
13.64 -2.03411e-20 -3.13857e-19 -6.24397e-05 -6.24397e-05 -6.65802e-19 -3.13343e-05 -6.24397e-05 -3.13343e-05 -3.11626e-05
13.645 -2.03411e-20 -3.13857e-19 -6.24397e-05 -6.24397e-05 -6.65802e-19 -3.13343e-05 -6.24397e-05 -3.13343e-05 -3.11626e-05
13.65 -2.03411e-20 -3.13857e-19 -6.24397e-05 -6.24397e-05 -6.65802e-19 -3.13343e-05 -6.24397e-05 -3.13343e-05 -3.11626e-05
13.655 -2.03411e-20 -3.13857e-19 -6.24397e-05 -6.24397e-05 -6.65802e-19 -3.13343e-05 -6.24397e-05 -3.13343e-05 -3.11626e-05
13.66 -2.03411e-20 -3.13857e-19 -6.24397e-05 -6.24397e-05 -6.65802e-19 -3.13343e-05 -6.24397e-05 -3.13343e-05 -3.11626e-05
13.665 -2.03411e-20 -3.13857e-19 -6.24397e-05 -6.24397e-05 -6.65802e-19 -3.13343e-05 -6.24397e-05 -3.13343e-05 -3.11626e-05
13.67 -2.03411e-20 -3.13857e-19 -6.24397e-05 -6.24397e-05 -6.65802e-19 -3.13343e-05 -6.24397e-05 -3.13343e-05 -3.11626e-05
13.675 -2.03411e-20 -3.13857e-19 -6.24397e-05 -6.24397e-05 -6.65802e-19 -3.13343e-05 -6.24397e-05 -3.13343e-05 -3.11626e-05
13.68 -2.03411e-20 -3.13857e-19 -6.24397e-05 -6.24397e-05 -6.65802e-19 -3.13343e-05 -6.24397e-05 -3.13343e-05 -3.11626e-05
13.685 -2.03411e-20 -3.13857e-19 -6.24397e-05 -6.24397e-05 -6.65802e-19 -3.13343e-05 -6.24397e-05 -3.13343e-05 -3.11626e-05
13.69 -2.03411e-20 -3.13857e-19 -6.24397e-05 -6.24397e-05 -6.65802e-19 -3.13343e-05 -6.24397e-05 -3.13343e-05 -3.11626e-05
13.695 -2.03411e-20 -3.13857e-19 -6.24397e-05 -6.24397e-05 -6.65802e-19 -3.13343e-05 -6.24397e-05 -3.13343e-05 -3.11626e-05
13.7 -2.03411e-20 -3.13857e-19 -6.24397e-05 -6.24397e-05 -6.65802e-19 -3.13343e-05 -6.24397e-05 -3.13343e-05 -3.11626e-05
13.705 -2.03411e-20 -3.13857e-19 -6.24397e-05 -6.24397e-05 -6.65802e-19 -3.13343e-05 -6.24397e-05 -3.13343e-05 -3.11626e-05
13.71 -2.03411e-20 -3.13857e-19 -6.24397e-05 -6.24397e-05 -6.65802e-19 -3.13343e-05 -6.24397e-05 -3.13343e-05 -3.11626e-05
13.715 -2.03411e-20 -3.13857e-19 -6.24397e-05 -6.24397e-05 -6.65802e-19 -3.13343e-05 -6.24397e-05 -3.13343e-05 -3.11626e-05
13.72 -2.03411e-20 -3.13857e-19 -6.24397e-05 -6.24397e-05 -6.65802e-19 -3.13343e-05 -6.24397e-05 -3.13343e-05 -3.11626e-05
13.725 -2.03411e-20 -3.13857e-19 -6.24397e-05 -6.24397e-05 -6.65802e-19 -3.13343e-05 -6.24397e-05 -3.13343e-05 -3.11626e-05
13.73 -2.03411e-20 -3.13857e-19 -6.24397e-05 -6.24397e-05 -6.65802e-19 -3.13343e-05 -6.24397e-05 -3.13343e-05 -3.11626e-05
13.735 -2.03411e-20 -3.13857e-19 -6.24397e-05 -6.24397e-05 -6.65802e-19 -3.13343e-05 -6.24397e-05 -3.13343e-05 -3.11626e-05
13.74 -2.03411e-20 -3.13857e-19 -6.24397e-05 -6.24397e-05 -6.65802e-19 -3.13343e-05 -6.24397e-05 -3.13343e-05 -3.11626e-05
13.745 -2.03411e-20 -3.13857e-19 -6.24397e-05 -6.24397e-05 -6.65802e-19 -3.13343e-05 -6.24397e-05 -3.13343e-05 -3.11626e-05
13.75 -2.03411e-20 -3.13857e-19 -6.24397e-05 -6.24397e-05 -6.65802e-19 -3.13343e-05 -6.24397e-05 -3.13343e-05 -3.11626e-05
13.755 -2.03411e-20 -3.13857e-19 -6.24397e-05 -6.24397e-05 -6.65802e-19 -3.13343e-05 -6.24397e-05 -3.13343e-05 -3.11626e-05
13.76 -2.03411e-20 -3.13857e-19 -6.24397e-05 -6.24397e-05 -6.65802e-19 -3.13343e-05 -6.24397e-05 -3.13343e-05 -3.11626e-05
13.765 -2.03411e-20 -3.13857e-19 -6.24397e-05 -6.24397e-05 -6.65802e-19 -3.13343e-05 -6.24397e-05 -3.13343e-05 -3.11626e-05
13.77 -2.03411e-20 -3.13857e-19 -6.24397e-05 -6.24397e-05 -6.65802e-19 -3.13343e-05 -6.24397e-05 -3.13343e-05 -3.11626e-05
13.775 -2.03411e-20 -3.13857e-19 -6.24397e-05 -6.24397e-05 -6.65802e-19 -3.13343e-05 -6.24397e-05 -3.13343e-05 -3.11626e-05
13.78 -2.03411e-20 -3.13857e-19 -6.24397e-05 -6.24397e-05 -6.65802e-19 -3.13343e-05 -6.24397e-05 -3.13343e-05 -3.11626e-05
13.785 -2.03411e-20 -3.13857e-19 -6.24397e-05 -6.24397e-05 -6.65802e-19 -3.13343e-05 -6.24397e-05 -3.13343e-05 -3.11626e-05
13.79 -2.03411e-20 -3.13857e-19 -6.24397e-05 -6.24397e-05 -6.65802e-19 -3.13343e-05 -6.24397e-05 -3.13343e-05 -3.11626e-05
13.795 -2.03411e-20 -3.13857e-19 -6.24397e-05 -6.24397e-05 -6.65802e-19 -3.13343e-05 -6.24397e-05 -3.13343e-05 -3.11626e-05
13.8 -2.03411e-20 -3.13857e-19 -6.24397e-05 -6.24397e-05 -6.65802e-19 -3.13343e-05 -6.24397e-05 -3.13343e-05 -3.11626e-05
13.805 -2.03411e-20 -3.13857e-19 -6.24397e-05 -6.24397e-05 -6.65802e-19 -3.13343e-05 -6.24397e-05 -3.13343e-05 -3.11626e-05
13.81 -2.03411e-20 -3.13857e-19 -6.24397e-05 -6.24397e-05 -6.65802e-19 -3.13343e-05 -6.24397e-05 -3.13343e-05 -3.11626e-05
13.815 -2.03411e-20 -3.13857e-19 -6.24397e-05 -6.24397e-05 -6.65802e-19 -3.13343e-05 -6.24397e-05 -3.13343e-05 -3.11626e-05
13.82 -2.03411e-20 -3.13857e-19 -6.24397e-05 -6.24397e-05 -6.65802e-19 -3.13343e-05 -6.24397e-05 -3.13343e-05 -3.11626e-05
13.825 -2.03411e-20 -3.13857e-19 -6.24397e-05 -6.24397e-05 -6.65802e-19 -3.13343e-05 -6.24397e-05 -3.13343e-05 -3.11626e-05
13.83 -2.03411e-20 -3.13857e-19 -6.24397e-05 -6.24397e-05 -6.65802e-19 -3.13343e-05 -6.24397e-05 -3.13343e-05 -3.11626e-05
13.835 -2.03411e-20 -3.13857e-19 -6.24397e-05 -6.24397e-05 -6.65802e-19 -3.13343e-05 -6.24397e-05 -3.13343e-05 -3.11626e-05
13.84 -2.03411e-20 -3.13857e-19 -6.24397e-05 -6.24397e-05 -6.65802e-19 -3.13343e-05 -6.24397e-05 -3.13343e-05 -3.11626e-05
13.845 -2.03411e-20 -3.13857e-19 -6.24397e-05 -6.24397e-05 -6.65802e-19 -3.13343e-05 -6.24397e-05 -3.13343e-05 -3.11626e-05
13.85 -2.03411e-20 -3.13857e-19 -6.24397e-05 -6.24397e-05 -6.65802e-19 -3.13343e-05 -6.24397e-05 -3.13343e-05 -3.11626e-05
13.855 -2.03411e-20 -3.13857e-19 -6.24397e-05 -6.24397e-05 -6.65802e-19 -3.13343e-05 -6.24397e-05 -3.13343e-05 -3.11626e-05
13.86 -2.03411e-20 -3.13857e-19 -6.24397e-05 -6.24397e-05 -6.65802e-19 -3.13343e-05 -6.24397e-05 -3.13343e-05 -3.11626e-05
13.865 -2.03411e-20 -3.13857e-19 -6.24397e-05 -6.24397e-05 -6.65802e-19 -3.13343e-05 -6.24397e-05 -3.13343e-05 -3.11626e-05
13.87 -2.03411e-20 -3.13857e-19 -6.24397e-05 -6.24397e-05 -6.65802e-19 -3.13343e-05 -6.24397e-05 -3.13343e-05 -3.11626e-05
13.875 -2.03411e-20 -3.13857e-19 -6.24397e-05 -6.24397e-05 -6.65802e-19 -3.13343e-05 -6.24397e-05 -3.13343e-05 -3.11626e-05
13.88 -2.03411e-20 -3.13857e-19 -6.24397e-05 -6.24397e-05 -6.65802e-19 -3.13343e-05 -6.24397e-05 -3.13343e-05 -3.11626e-05
13.885 -2.03411e-20 -3.13857e-19 -6.24397e-05 -6.24397e-05 -6.65802e-19 -3.13343e-05 -6.24397e-05 -3.13343e-05 -3.11626e-05
13.89 -2.03411e-20 -3.13857e-19 -6.24397e-05 -6.24397e-05 -6.65802e-19 -3.13343e-05 -6.24397e-05 -3.13343e-05 -3.11626e-05
13.895 -2.03411e-20 -3.13857e-19 -6.24397e-05 -6.24397e-05 -6.65802e-19 -3.13343e-05 -6.24397e-05 -3.13343e-05 -3.11626e-05
13.9 -2.03411e-20 -3.13857e-19 -6.24397e-05 -6.24397e-05 -6.65802e-19 -3.13343e-05 -6.24397e-05 -3.13343e-05 -3.11626e-05
13.905 -2.03411e-20 -3.13857e-19 -6.24397e-05 -6.24397e-05 -6.65802e-19 -3.13343e-05 -6.24397e-05 -3.13343e-05 -3.11626e-05
13.91 -2.03411e-20 -3.13857e-19 -6.24397e-05 -6.24397e-05 -6.65802e-19 -3.13343e-05 -6.24397e-05 -3.13343e-05 -3.11626e-05
13.915 -2.03411e-20 -3.13857e-19 -6.24397e-05 -6.24397e-05 -6.65802e-19 -3.13343e-05 -6.24397e-05 -3.13343e-05 -3.11626e-05
13.92 -2.03411e-20 -3.13857e-19 -6.24397e-05 -6.24397e-05 -6.65802e-19 -3.13343e-05 -6.24397e-05 -3.13343e-05 -3.11626e-05
13.925 -2.03411e-20 -3.13857e-19 -6.24397e-05 -6.24397e-05 -6.65802e-19 -3.13343e-05 -6.24397e-05 -3.13343e-05 -3.11626e-05
13.93 -2.03411e-20 -3.13857e-19 -6.24397e-05 -6.24397e-05 -6.65802e-19 -3.13343e-05 -6.24397e-05 -3.13343e-05 -3.11626e-05
13.935 -2.03411e-20 -3.13857e-19 -6.24397e-05 -6.24397e-05 -6.65802e-19 -3.13343e-05 -6.24397e-05 -3.13343e-05 -3.11626e-05
13.94 -2.03411e-20 -3.13857e-19 -6.24397e-05 -6.24397e-05 -6.65802e-19 -3.13343e-05 -6.24397e-05 -3.13343e-05 -3.11626e-05
13.945 -2.03411e-20 -3.13857e-19 -6.24397e-05 -6.24397e-05 -6.65802e-19 -3.13343e-05 -6.24397e-05 -3.13343e-05 -3.11626e-05
13.95 -2.03411e-20 -3.13857e-19 -6.24397e-05 -6.24397e-05 -6.65802e-19 -3.13343e-05 -6.24397e-05 -3.13343e-05 -3.11626e-05
13.955 -2.03411e-20 -3.13857e-19 -6.24397e-05 -6.24397e-05 -6.65802e-19 -3.13343e-05 -6.24397e-05 -3.13343e-05 -3.11626e-05
13.96 -2.03411e-20 -3.13857e-19 -6.24397e-05 -6.24397e-05 -6.65802e-19 -3.13343e-05 -6.24397e-05 -3.13343e-05 -3.11626e-05
13.965 -2.03411e-20 -3.13857e-19 -6.24397e-05 -6.24397e-05 -6.65802e-19 -3.13343e-05 -6.24397e-05 -3.13343e-05 -3.11626e-05
13.97 -2.03411e-20 -3.13857e-19 -6.24397e-05 -6.24397e-05 -6.65802e-19 -3.13343e-05 -6.24397e-05 -3.13343e-05 -3.11626e-05
13.975 -2.03411e-20 -3.13857e-19 -6.24397e-05 -6.24397e-05 -6.65802e-19 -3.13343e-05 -6.24397e-05 -3.13343e-05 -3.11626e-05
13.98 -2.03411e-20 -3.13857e-19 -6.24397e-05 -6.24397e-05 -6.65802e-19 -3.13343e-05 -6.24397e-05 -3.13343e-05 -3.11626e-05
13.985 -2.03411e-20 -3.13857e-19 -6.24397e-05 -6.24397e-05 -6.65802e-19 -3.13343e-05 -6.24397e-05 -3.13343e-05 -3.11626e-05
13.99 -2.03411e-20 -3.13857e-19 -6.24397e-05 -6.24397e-05 -6.65802e-19 -3.13343e-05 -6.24397e-05 -3.13343e-05 -3.11626e-05
13.995 -2.03411e-20 -3.13857e-19 -6.24397e-05 -6.24397e-05 -6.65802e-19 -3.13343e-05 -6.24397e-05 -3.13343e-05 -3.11626e-05
14 -2.03411e-20 -3.13857e-19 -6.24397e-05 -6.24397e-05 -6.65802e-19 -3.13343e-05 -6.24397e-05 -3.13343e-05 -3.11626e-05
14.005 -2.03411e-20 -3.13857e-19 -6.24397e-05 -6.24397e-05 -6.65802e-19 -3.13343e-05 -6.24397e-05 -3.13343e-05 -3.11626e-05
14.01 -2.03411e-20 -3.13857e-19 -6.24397e-05 -6.24397e-05 -6.65802e-19 -3.13343e-05 -6.24397e-05 -3.13343e-05 -3.11626e-05
14.015 -2.03411e-20 -3.13857e-19 -6.24397e-05 -6.24397e-05 -6.65802e-19 -3.13343e-05 -6.24397e-05 -3.13343e-05 -3.11626e-05
14.02 -2.03411e-20 -3.13857e-19 -6.24397e-05 -6.24397e-05 -6.65802e-19 -3.13343e-05 -6.24397e-05 -3.13343e-05 -3.11626e-05
14.025 -2.03411e-20 -3.13857e-19 -6.24397e-05 -6.24397e-05 -6.65802e-19 -3.13343e-05 -6.24397e-05 -3.13343e-05 -3.11626e-05
14.03 -2.03411e-20 -3.13857e-19 -6.24397e-05 -6.24397e-05 -6.65802e-19 -3.13343e-05 -6.24397e-05 -3.13343e-05 -3.11626e-05
14.035 -2.03411e-20 -3.13857e-19 -6.24397e-05 -6.24397e-05 -6.65802e-19 -3.13343e-05 -6.24397e-05 -3.13343e-05 -3.11626e-05
14.04 -2.03411e-20 -3.13857e-19 -6.24397e-05 -6.24397e-05 -6.65802e-19 -3.13343e-05 -6.24397e-05 -3.13343e-05 -3.11626e-05
14.045 -2.03411e-20 -3.13857e-19 -6.24397e-05 -6.24397e-05 -6.65802e-19 -3.13343e-05 -6.24397e-05 -3.13343e-05 -3.11626e-05
14.05 -2.03411e-20 -3.13857e-19 -6.24397e-05 -6.24397e-05 -6.65802e-19 -3.13343e-05 -6.24397e-05 -3.13343e-05 -3.11626e-05
14.055 -2.03411e-20 -3.13857e-19 -6.24397e-05 -6.24397e-05 -6.65802e-19 -3.13343e-05 -6.24397e-05 -3.13343e-05 -3.11626e-05
14.06 -2.03411e-20 -3.13857e-19 -6.24397e-05 -6.24397e-05 -6.65802e-19 -3.13343e-05 -6.24397e-05 -3.13343e-05 -3.11626e-05
14.065 -2.03411e-20 -3.13857e-19 -6.24397e-05 -6.24397e-05 -6.65802e-19 -3.13343e-05 -6.24397e-05 -3.13343e-05 -3.11626e-05
14.07 -2.03411e-20 -3.13857e-19 -6.24397e-05 -6.24397e-05 -6.65802e-19 -3.13343e-05 -6.24397e-05 -3.13343e-05 -3.11626e-05
14.075 -2.03411e-20 -3.13857e-19 -6.24397e-05 -6.24397e-05 -6.65802e-19 -3.13343e-05 -6.24397e-05 -3.13343e-05 -3.11626e-05
14.08 -2.03411e-20 -3.13857e-19 -6.24397e-05 -6.24397e-05 -6.65802e-19 -3.13343e-05 -6.24397e-05 -3.13343e-05 -3.11626e-05
14.085 -2.03411e-20 -3.13857e-19 -6.24397e-05 -6.24397e-05 -6.65802e-19 -3.13343e-05 -6.24397e-05 -3.13343e-05 -3.11626e-05
14.09 -2.03411e-20 -3.13857e-19 -6.24397e-05 -6.24397e-05 -6.65802e-19 -3.13343e-05 -6.24397e-05 -3.13343e-05 -3.11626e-05
14.095 -2.03411e-20 -3.13857e-19 -6.24397e-05 -6.24397e-05 -6.65802e-19 -3.13343e-05 -6.24397e-05 -3.13343e-05 -3.11626e-05
14.1 -2.03411e-20 -3.13857e-19 -6.24397e-05 -6.24397e-05 -6.65802e-19 -3.13343e-05 -6.24397e-05 -3.13343e-05 -3.11626e-05
14.105 -2.03411e-20 -3.13857e-19 -6.24397e-05 -6.24397e-05 -6.65802e-19 -3.13343e-05 -6.24397e-05 -3.13343e-05 -3.11626e-05
14.11 -2.03411e-20 -3.13857e-19 -6.24397e-05 -6.24397e-05 -6.65802e-19 -3.13343e-05 -6.24397e-05 -3.13343e-05 -3.11626e-05
14.115 -2.03411e-20 -3.13857e-19 -6.24397e-05 -6.24397e-05 -6.65802e-19 -3.13343e-05 -6.24397e-05 -3.13343e-05 -3.11626e-05
14.12 -2.03411e-20 -3.13857e-19 -6.24397e-05 -6.24397e-05 -6.65802e-19 -3.13343e-05 -6.24397e-05 -3.13343e-05 -3.11626e-05
14.125 -2.03411e-20 -3.13857e-19 -6.24397e-05 -6.24397e-05 -6.65802e-19 -3.13343e-05 -6.24397e-05 -3.13343e-05 -3.11626e-05
14.13 -2.03411e-20 -3.13857e-19 -6.24397e-05 -6.24397e-05 -6.65802e-19 -3.13343e-05 -6.24397e-05 -3.13343e-05 -3.11626e-05
14.135 -2.03411e-20 -3.13857e-19 -6.24397e-05 -6.24397e-05 -6.65802e-19 -3.13343e-05 -6.24397e-05 -3.13343e-05 -3.11626e-05
14.14 -2.03411e-20 -3.13857e-19 -6.24397e-05 -6.24397e-05 -6.65802e-19 -3.13343e-05 -6.24397e-05 -3.13343e-05 -3.11626e-05
14.145 -2.03411e-20 -3.13857e-19 -6.24397e-05 -6.24397e-05 -6.65802e-19 -3.13343e-05 -6.24397e-05 -3.13343e-05 -3.11626e-05
14.15 -2.03411e-20 -3.13857e-19 -6.24397e-05 -6.24397e-05 -6.65802e-19 -3.13343e-05 -6.24397e-05 -3.13343e-05 -3.11626e-05
14.155 -2.03411e-20 -3.13857e-19 -6.24397e-05 -6.24397e-05 -6.65802e-19 -3.13343e-05 -6.24397e-05 -3.13343e-05 -3.11626e-05
14.16 -2.03411e-20 -3.13857e-19 -6.24397e-05 -6.24397e-05 -6.65802e-19 -3.13343e-05 -6.24397e-05 -3.13343e-05 -3.11626e-05
14.165 -2.03411e-20 -3.13857e-19 -6.24397e-05 -6.24397e-05 -6.65802e-19 -3.13343e-05 -6.24397e-05 -3.13343e-05 -3.11626e-05
14.17 -2.03411e-20 -3.13857e-19 -6.24397e-05 -6.24397e-05 -6.65802e-19 -3.13343e-05 -6.24397e-05 -3.13343e-05 -3.11626e-05
14.175 -2.03411e-20 -3.13857e-19 -6.24397e-05 -6.24397e-05 -6.65802e-19 -3.13343e-05 -6.24397e-05 -3.13343e-05 -3.11626e-05
14.18 -2.03411e-20 -3.13857e-19 -6.24397e-05 -6.24397e-05 -6.65802e-19 -3.13343e-05 -6.24397e-05 -3.13343e-05 -3.11626e-05
14.185 -2.03411e-20 -3.13857e-19 -6.24397e-05 -6.24397e-05 -6.65802e-19 -3.13343e-05 -6.24397e-05 -3.13343e-05 -3.11626e-05
14.19 -2.03411e-20 -3.13857e-19 -6.24397e-05 -6.24397e-05 -6.65802e-19 -3.13343e-05 -6.24397e-05 -3.13343e-05 -3.11626e-05
14.195 -2.03411e-20 -3.13857e-19 -6.24397e-05 -6.24397e-05 -6.65802e-19 -3.13343e-05 -6.24397e-05 -3.13343e-05 -3.11626e-05
14.2 -2.03411e-20 -3.13857e-19 -6.24397e-05 -6.24397e-05 -6.65802e-19 -3.13343e-05 -6.24397e-05 -3.13343e-05 -3.11626e-05
14.205 -2.03411e-20 -3.13857e-19 -6.24397e-05 -6.24397e-05 -6.65802e-19 -3.13343e-05 -6.24397e-05 -3.13343e-05 -3.11626e-05
14.21 -2.03411e-20 -3.13857e-19 -6.24397e-05 -6.24397e-05 -6.65802e-19 -3.13343e-05 -6.24397e-05 -3.13343e-05 -3.11626e-05
14.215 -2.03411e-20 -3.13857e-19 -6.24397e-05 -6.24397e-05 -6.65802e-19 -3.13343e-05 -6.24397e-05 -3.13343e-05 -3.11626e-05
14.22 -2.03411e-20 -3.13857e-19 -6.24397e-05 -6.24397e-05 -6.65802e-19 -3.13343e-05 -6.24397e-05 -3.13343e-05 -3.11626e-05
14.225 -2.03411e-20 -3.13857e-19 -6.24397e-05 -6.24397e-05 -6.65802e-19 -3.13343e-05 -6.24397e-05 -3.13343e-05 -3.11626e-05
14.23 -2.03411e-20 -3.13857e-19 -6.24397e-05 -6.24397e-05 -6.65802e-19 -3.13343e-05 -6.24397e-05 -3.13343e-05 -3.11626e-05
14.235 -2.03411e-20 -3.13857e-19 -6.24397e-05 -6.24397e-05 -6.65802e-19 -3.13343e-05 -6.24397e-05 -3.13343e-05 -3.11626e-05
14.24 -2.03411e-20 -3.13857e-19 -6.24397e-05 -6.24397e-05 -6.65802e-19 -3.13343e-05 -6.24397e-05 -3.13343e-05 -3.11626e-05
14.245 -2.03411e-20 -3.13857e-19 -6.24397e-05 -6.24397e-05 -6.65802e-19 -3.13343e-05 -6.24397e-05 -3.13343e-05 -3.11626e-05
14.25 -2.03411e-20 -3.13857e-19 -6.24397e-05 -6.24397e-05 -6.65802e-19 -3.13343e-05 -6.24397e-05 -3.13343e-05 -3.11626e-05
14.255 -2.03411e-20 -3.13857e-19 -6.24397e-05 -6.24397e-05 -6.65802e-19 -3.13343e-05 -6.24397e-05 -3.13343e-05 -3.11626e-05
14.26 -2.03411e-20 -3.13857e-19 -6.24397e-05 -6.24397e-05 -6.65802e-19 -3.13343e-05 -6.24397e-05 -3.13343e-05 -3.11626e-05
14.265 -2.03411e-20 -3.13857e-19 -6.24397e-05 -6.24397e-05 -6.65802e-19 -3.13343e-05 -6.24397e-05 -3.13343e-05 -3.11626e-05
14.27 -2.03411e-20 -3.13857e-19 -6.24397e-05 -6.24397e-05 -6.65802e-19 -3.13343e-05 -6.24397e-05 -3.13343e-05 -3.11626e-05
14.275 -2.03411e-20 -3.13857e-19 -6.24397e-05 -6.24397e-05 -6.65802e-19 -3.13343e-05 -6.24397e-05 -3.13343e-05 -3.11626e-05
14.28 -2.03411e-20 -3.13857e-19 -6.24397e-05 -6.24397e-05 -6.65802e-19 -3.13343e-05 -6.24397e-05 -3.13343e-05 -3.11626e-05
14.285 -2.03411e-20 -3.13857e-19 -6.24397e-05 -6.24397e-05 -6.65802e-19 -3.13343e-05 -6.24397e-05 -3.13343e-05 -3.11626e-05
14.29 -2.03411e-20 -3.13857e-19 -6.24397e-05 -6.24397e-05 -6.65802e-19 -3.13343e-05 -6.24397e-05 -3.13343e-05 -3.11626e-05
14.295 -2.03411e-20 -3.13857e-19 -6.24397e-05 -6.24397e-05 -6.65802e-19 -3.13343e-05 -6.24397e-05 -3.13343e-05 -3.11626e-05
14.3 -2.03411e-20 -3.13857e-19 -6.24397e-05 -6.24397e-05 -6.65802e-19 -3.13343e-05 -6.24397e-05 -3.13343e-05 -3.11626e-05
14.305 -2.03411e-20 -3.13857e-19 -6.24397e-05 -6.24397e-05 -6.65802e-19 -3.13343e-05 -6.24397e-05 -3.13343e-05 -3.11626e-05
14.31 -2.03411e-20 -3.13857e-19 -6.24397e-05 -6.24397e-05 -6.65802e-19 -3.13343e-05 -6.24397e-05 -3.13343e-05 -3.11626e-05
14.315 -2.03411e-20 -3.13857e-19 -6.24397e-05 -6.24397e-05 -6.65802e-19 -3.13343e-05 -6.24397e-05 -3.13343e-05 -3.11626e-05
14.32 -2.03411e-20 -3.13857e-19 -6.24397e-05 -6.24397e-05 -6.65802e-19 -3.13343e-05 -6.24397e-05 -3.13343e-05 -3.11626e-05
14.325 -2.03411e-20 -3.13857e-19 -6.24397e-05 -6.24397e-05 -6.65802e-19 -3.13343e-05 -6.24397e-05 -3.13343e-05 -3.11626e-05
14.33 -2.03411e-20 -3.13857e-19 -6.24397e-05 -6.24397e-05 -6.65802e-19 -3.13343e-05 -6.24397e-05 -3.13343e-05 -3.11626e-05
14.335 -2.03411e-20 -3.13857e-19 -6.24397e-05 -6.24397e-05 -6.65802e-19 -3.13343e-05 -6.24397e-05 -3.13343e-05 -3.11626e-05
14.34 -2.03411e-20 -3.13857e-19 -6.24397e-05 -6.24397e-05 -6.65802e-19 -3.13343e-05 -6.24397e-05 -3.13343e-05 -3.11626e-05
14.345 -2.03411e-20 -3.13857e-19 -6.24397e-05 -6.24397e-05 -6.65802e-19 -3.13343e-05 -6.24397e-05 -3.13343e-05 -3.11626e-05
14.35 -2.03411e-20 -3.13857e-19 -6.24397e-05 -6.24397e-05 -6.65802e-19 -3.13343e-05 -6.24397e-05 -3.13343e-05 -3.11626e-05
14.355 -2.03411e-20 -3.13857e-19 -6.24397e-05 -6.24397e-05 -6.65802e-19 -3.13343e-05 -6.24397e-05 -3.13343e-05 -3.11626e-05
14.36 -2.03411e-20 -3.13857e-19 -6.24397e-05 -6.24397e-05 -6.65802e-19 -3.13343e-05 -6.24397e-05 -3.13343e-05 -3.11626e-05
14.365 -2.03411e-20 -3.13857e-19 -6.24397e-05 -6.24397e-05 -6.65802e-19 -3.13343e-05 -6.24397e-05 -3.13343e-05 -3.11626e-05
14.37 -2.03411e-20 -3.13857e-19 -6.24397e-05 -6.24397e-05 -6.65802e-19 -3.13343e-05 -6.24397e-05 -3.13343e-05 -3.11626e-05
14.375 -2.03411e-20 -3.13857e-19 -6.24397e-05 -6.24397e-05 -6.65802e-19 -3.13343e-05 -6.24397e-05 -3.13343e-05 -3.11626e-05
14.38 -2.03411e-20 -3.13857e-19 -6.24397e-05 -6.24397e-05 -6.65802e-19 -3.13343e-05 -6.24397e-05 -3.13343e-05 -3.11626e-05
14.385 -2.03411e-20 -3.13857e-19 -6.24397e-05 -6.24397e-05 -6.65802e-19 -3.13343e-05 -6.24397e-05 -3.13343e-05 -3.11626e-05
14.39 -2.03411e-20 -3.13857e-19 -6.24397e-05 -6.24397e-05 -6.65802e-19 -3.13343e-05 -6.24397e-05 -3.13343e-05 -3.11626e-05
14.395 -2.03411e-20 -3.13857e-19 -6.24397e-05 -6.24397e-05 -6.65802e-19 -3.13343e-05 -6.24397e-05 -3.13343e-05 -3.11626e-05
14.4 -2.03411e-20 -3.13857e-19 -6.24397e-05 -6.24397e-05 -6.65802e-19 -3.13343e-05 -6.24397e-05 -3.13343e-05 -3.11626e-05
14.405 -2.03411e-20 -3.13857e-19 -6.24397e-05 -6.24397e-05 -6.65802e-19 -3.13343e-05 -6.24397e-05 -3.13343e-05 -3.11626e-05
14.41 -2.03411e-20 -3.13857e-19 -6.24397e-05 -6.24397e-05 -6.65802e-19 -3.13343e-05 -6.24397e-05 -3.13343e-05 -3.11626e-05
14.415 -2.03411e-20 -3.13857e-19 -6.24397e-05 -6.24397e-05 -6.65802e-19 -3.13343e-05 -6.24397e-05 -3.13343e-05 -3.11626e-05
14.42 -2.03411e-20 -3.13857e-19 -6.24397e-05 -6.24397e-05 -6.65802e-19 -3.13343e-05 -6.24397e-05 -3.13343e-05 -3.11626e-05
14.425 -2.03411e-20 -3.13857e-19 -6.24397e-05 -6.24397e-05 -6.65802e-19 -3.13343e-05 -6.24397e-05 -3.13343e-05 -3.11626e-05
14.43 -2.03411e-20 -3.13857e-19 -6.24397e-05 -6.24397e-05 -6.65802e-19 -3.13343e-05 -6.24397e-05 -3.13343e-05 -3.11626e-05
14.435 -2.03411e-20 -3.13857e-19 -6.24397e-05 -6.24397e-05 -6.65802e-19 -3.13343e-05 -6.24397e-05 -3.13343e-05 -3.11626e-05
14.44 -2.03411e-20 -3.13857e-19 -6.24397e-05 -6.24397e-05 -6.65802e-19 -3.13343e-05 -6.24397e-05 -3.13343e-05 -3.11626e-05
14.445 -2.03411e-20 -3.13857e-19 -6.24397e-05 -6.24397e-05 -6.65802e-19 -3.13343e-05 -6.24397e-05 -3.13343e-05 -3.11626e-05
14.45 -2.03411e-20 -3.13857e-19 -6.24397e-05 -6.24397e-05 -6.65802e-19 -3.13343e-05 -6.24397e-05 -3.13343e-05 -3.11626e-05
14.455 -2.03411e-20 -3.13857e-19 -6.24397e-05 -6.24397e-05 -6.65802e-19 -3.13343e-05 -6.24397e-05 -3.13343e-05 -3.11626e-05
14.46 -2.03411e-20 -3.13857e-19 -6.24397e-05 -6.24397e-05 -6.65802e-19 -3.13343e-05 -6.24397e-05 -3.13343e-05 -3.11626e-05
14.465 -2.03411e-20 -3.13857e-19 -6.24397e-05 -6.24397e-05 -6.65802e-19 -3.13343e-05 -6.24397e-05 -3.13343e-05 -3.11626e-05
14.47 -2.03411e-20 -3.13857e-19 -6.24397e-05 -6.24397e-05 -6.65802e-19 -3.13343e-05 -6.24397e-05 -3.13343e-05 -3.11626e-05
14.475 -2.03411e-20 -3.13857e-19 -6.24397e-05 -6.24397e-05 -6.65802e-19 -3.13343e-05 -6.24397e-05 -3.13343e-05 -3.11626e-05
14.48 -2.03411e-20 -3.13857e-19 -6.24397e-05 -6.24397e-05 -6.65802e-19 -3.13343e-05 -6.24397e-05 -3.13343e-05 -3.11626e-05
14.485 -2.03411e-20 -3.13857e-19 -6.24397e-05 -6.24397e-05 -6.65802e-19 -3.13343e-05 -6.24397e-05 -3.13343e-05 -3.11626e-05
14.49 -2.03411e-20 -3.13857e-19 -6.24397e-05 -6.24397e-05 -6.65802e-19 -3.13343e-05 -6.24397e-05 -3.13343e-05 -3.11626e-05
14.495 -2.03411e-20 -3.13857e-19 -6.24397e-05 -6.24397e-05 -6.65802e-19 -3.13343e-05 -6.24397e-05 -3.13343e-05 -3.11626e-05
14.5 -2.03411e-20 -3.13857e-19 -6.24397e-05 -6.24397e-05 -6.65802e-19 -3.13343e-05 -6.24397e-05 -3.13343e-05 -3.11626e-05
14.505 -2.03411e-20 -3.13857e-19 -6.24397e-05 -6.24397e-05 -6.65802e-19 -3.13343e-05 -6.24397e-05 -3.13343e-05 -3.11626e-05
14.51 -2.03411e-20 -3.13857e-19 -6.24397e-05 -6.24397e-05 -6.65802e-19 -3.13343e-05 -6.24397e-05 -3.13343e-05 -3.11626e-05
14.515 -2.03411e-20 -3.13857e-19 -6.24397e-05 -6.24397e-05 -6.65802e-19 -3.13343e-05 -6.24397e-05 -3.13343e-05 -3.11626e-05
14.52 -2.03411e-20 -3.13857e-19 -6.24397e-05 -6.24397e-05 -6.65802e-19 -3.13343e-05 -6.24397e-05 -3.13343e-05 -3.11626e-05
14.525 -2.03411e-20 -3.13857e-19 -6.24397e-05 -6.24397e-05 -6.65802e-19 -3.13343e-05 -6.24397e-05 -3.13343e-05 -3.11626e-05
14.53 -2.03411e-20 -3.13857e-19 -6.24397e-05 -6.24397e-05 -6.65802e-19 -3.13343e-05 -6.24397e-05 -3.13343e-05 -3.11626e-05
14.535 -2.03411e-20 -3.13857e-19 -6.24397e-05 -6.24397e-05 -6.65802e-19 -3.13343e-05 -6.24397e-05 -3.13343e-05 -3.11626e-05
14.54 -2.03411e-20 -3.13857e-19 -6.24397e-05 -6.24397e-05 -6.65802e-19 -3.13343e-05 -6.24397e-05 -3.13343e-05 -3.11626e-05
14.545 -2.03411e-20 -3.13857e-19 -6.24397e-05 -6.24397e-05 -6.65802e-19 -3.13343e-05 -6.24397e-05 -3.13343e-05 -3.11626e-05
14.55 -2.03411e-20 -3.13857e-19 -6.24397e-05 -6.24397e-05 -6.65802e-19 -3.13343e-05 -6.24397e-05 -3.13343e-05 -3.11626e-05
14.555 -2.03411e-20 -3.13857e-19 -6.24397e-05 -6.24397e-05 -6.65802e-19 -3.13343e-05 -6.24397e-05 -3.13343e-05 -3.11626e-05
14.56 -2.03411e-20 -3.13857e-19 -6.24397e-05 -6.24397e-05 -6.65802e-19 -3.13343e-05 -6.24397e-05 -3.13343e-05 -3.11626e-05
14.565 -2.03411e-20 -3.13857e-19 -6.24397e-05 -6.24397e-05 -6.65802e-19 -3.13343e-05 -6.24397e-05 -3.13343e-05 -3.11626e-05
14.57 -2.03411e-20 -3.13857e-19 -6.24397e-05 -6.24397e-05 -6.65802e-19 -3.13343e-05 -6.24397e-05 -3.13343e-05 -3.11626e-05
14.575 -2.03411e-20 -3.13857e-19 -6.24397e-05 -6.24397e-05 -6.65802e-19 -3.13343e-05 -6.24397e-05 -3.13343e-05 -3.11626e-05
14.58 -2.03411e-20 -3.13857e-19 -6.24397e-05 -6.24397e-05 -6.65802e-19 -3.13343e-05 -6.24397e-05 -3.13343e-05 -3.11626e-05
14.585 -2.03411e-20 -3.13857e-19 -6.24397e-05 -6.24397e-05 -6.65802e-19 -3.13343e-05 -6.24397e-05 -3.13343e-05 -3.11626e-05
14.59 -2.03411e-20 -3.13857e-19 -6.24397e-05 -6.24397e-05 -6.65802e-19 -3.13343e-05 -6.24397e-05 -3.13343e-05 -3.11626e-05
14.595 -2.03411e-20 -3.13857e-19 -6.24397e-05 -6.24397e-05 -6.65802e-19 -3.13343e-05 -6.24397e-05 -3.13343e-05 -3.11626e-05
14.6 -2.03411e-20 -3.13857e-19 -6.24397e-05 -6.24397e-05 -6.65802e-19 -3.13343e-05 -6.24397e-05 -3.13343e-05 -3.11626e-05
14.605 -2.03411e-20 -3.13857e-19 -6.24397e-05 -6.24397e-05 -6.65802e-19 -3.13343e-05 -6.24397e-05 -3.13343e-05 -3.11626e-05
14.61 -2.03411e-20 -3.13857e-19 -6.24397e-05 -6.24397e-05 -6.65802e-19 -3.13343e-05 -6.24397e-05 -3.13343e-05 -3.11626e-05
14.615 -2.03411e-20 -3.13857e-19 -6.24397e-05 -6.24397e-05 -6.65802e-19 -3.13343e-05 -6.24397e-05 -3.13343e-05 -3.11626e-05
14.62 -2.03411e-20 -3.13857e-19 -6.24397e-05 -6.24397e-05 -6.65802e-19 -3.13343e-05 -6.24397e-05 -3.13343e-05 -3.11626e-05
14.625 -2.03411e-20 -3.13857e-19 -6.24397e-05 -6.24397e-05 -6.65802e-19 -3.13343e-05 -6.24397e-05 -3.13343e-05 -3.11626e-05
14.63 -2.03411e-20 -3.13857e-19 -6.24397e-05 -6.24397e-05 -6.65802e-19 -3.13343e-05 -6.24397e-05 -3.13343e-05 -3.11626e-05
14.635 -2.03411e-20 -3.13857e-19 -6.24397e-05 -6.24397e-05 -6.65802e-19 -3.13343e-05 -6.24397e-05 -3.13343e-05 -3.11626e-05
14.64 -2.03411e-20 -3.13857e-19 -6.24397e-05 -6.24397e-05 -6.65802e-19 -3.13343e-05 -6.24397e-05 -3.13343e-05 -3.11626e-05
14.645 -2.03411e-20 -3.13857e-19 -6.24397e-05 -6.24397e-05 -6.65802e-19 -3.13343e-05 -6.24397e-05 -3.13343e-05 -3.11626e-05
14.65 -2.03411e-20 -3.13857e-19 -6.24397e-05 -6.24397e-05 -6.65802e-19 -3.13343e-05 -6.24397e-05 -3.13343e-05 -3.11626e-05
14.655 -2.03411e-20 -3.13857e-19 -6.24397e-05 -6.24397e-05 -6.65802e-19 -3.13343e-05 -6.24397e-05 -3.13343e-05 -3.11626e-05
14.66 -2.03411e-20 -3.13857e-19 -6.24397e-05 -6.24397e-05 -6.65802e-19 -3.13343e-05 -6.24397e-05 -3.13343e-05 -3.11626e-05
14.665 -2.03411e-20 -3.13857e-19 -6.24397e-05 -6.24397e-05 -6.65802e-19 -3.13343e-05 -6.24397e-05 -3.13343e-05 -3.11626e-05
14.67 -2.03411e-20 -3.13857e-19 -6.24397e-05 -6.24397e-05 -6.65802e-19 -3.13343e-05 -6.24397e-05 -3.13343e-05 -3.11626e-05
14.675 -2.03411e-20 -3.13857e-19 -6.24397e-05 -6.24397e-05 -6.65802e-19 -3.13343e-05 -6.24397e-05 -3.13343e-05 -3.11626e-05
14.68 -2.03411e-20 -3.13857e-19 -6.24397e-05 -6.24397e-05 -6.65802e-19 -3.13343e-05 -6.24397e-05 -3.13343e-05 -3.11626e-05
14.685 -2.03411e-20 -3.13857e-19 -6.24397e-05 -6.24397e-05 -6.65802e-19 -3.13343e-05 -6.24397e-05 -3.13343e-05 -3.11626e-05
14.69 -2.03411e-20 -3.13857e-19 -6.24397e-05 -6.24397e-05 -6.65802e-19 -3.13343e-05 -6.24397e-05 -3.13343e-05 -3.11626e-05
14.695 -2.03411e-20 -3.13857e-19 -6.24397e-05 -6.24397e-05 -6.65802e-19 -3.13343e-05 -6.24397e-05 -3.13343e-05 -3.11626e-05
14.7 -2.03411e-20 -3.13857e-19 -6.24397e-05 -6.24397e-05 -6.65802e-19 -3.13343e-05 -6.24397e-05 -3.13343e-05 -3.11626e-05
14.705 -2.03411e-20 -3.13857e-19 -6.24397e-05 -6.24397e-05 -6.65802e-19 -3.13343e-05 -6.24397e-05 -3.13343e-05 -3.11626e-05
14.71 -2.03411e-20 -3.13857e-19 -6.24397e-05 -6.24397e-05 -6.65802e-19 -3.13343e-05 -6.24397e-05 -3.13343e-05 -3.11626e-05
14.715 -2.03411e-20 -3.13857e-19 -6.24397e-05 -6.24397e-05 -6.65802e-19 -3.13343e-05 -6.24397e-05 -3.13343e-05 -3.11626e-05
14.72 -2.03411e-20 -3.13857e-19 -6.24397e-05 -6.24397e-05 -6.65802e-19 -3.13343e-05 -6.24397e-05 -3.13343e-05 -3.11626e-05
14.725 -2.03411e-20 -3.13857e-19 -6.24397e-05 -6.24397e-05 -6.65802e-19 -3.13343e-05 -6.24397e-05 -3.13343e-05 -3.11626e-05
14.73 -2.03411e-20 -3.13857e-19 -6.24397e-05 -6.24397e-05 -6.65802e-19 -3.13343e-05 -6.24397e-05 -3.13343e-05 -3.11626e-05
14.735 -2.03411e-20 -3.13857e-19 -6.24397e-05 -6.24397e-05 -6.65802e-19 -3.13343e-05 -6.24397e-05 -3.13343e-05 -3.11626e-05
14.74 -2.03411e-20 -3.13857e-19 -6.24397e-05 -6.24397e-05 -6.65802e-19 -3.13343e-05 -6.24397e-05 -3.13343e-05 -3.11626e-05
14.745 -2.03411e-20 -3.13857e-19 -6.24397e-05 -6.24397e-05 -6.65802e-19 -3.13343e-05 -6.24397e-05 -3.13343e-05 -3.11626e-05
14.75 -2.03411e-20 -3.13857e-19 -6.24397e-05 -6.24397e-05 -6.65802e-19 -3.13343e-05 -6.24397e-05 -3.13343e-05 -3.11626e-05
14.755 -2.03411e-20 -3.13857e-19 -6.24397e-05 -6.24397e-05 -6.65802e-19 -3.13343e-05 -6.24397e-05 -3.13343e-05 -3.11626e-05
14.76 -2.03411e-20 -3.13857e-19 -6.24397e-05 -6.24397e-05 -6.65802e-19 -3.13343e-05 -6.24397e-05 -3.13343e-05 -3.11626e-05
14.765 -2.03411e-20 -3.13857e-19 -6.24397e-05 -6.24397e-05 -6.65802e-19 -3.13343e-05 -6.24397e-05 -3.13343e-05 -3.11626e-05
14.77 -2.03411e-20 -3.13857e-19 -6.24397e-05 -6.24397e-05 -6.65802e-19 -3.13343e-05 -6.24397e-05 -3.13343e-05 -3.11626e-05
14.775 -2.03411e-20 -3.13857e-19 -6.24397e-05 -6.24397e-05 -6.65802e-19 -3.13343e-05 -6.24397e-05 -3.13343e-05 -3.11626e-05
14.78 -2.03411e-20 -3.13857e-19 -6.24397e-05 -6.24397e-05 -6.65802e-19 -3.13343e-05 -6.24397e-05 -3.13343e-05 -3.11626e-05
14.785 -2.03411e-20 -3.13857e-19 -6.24397e-05 -6.24397e-05 -6.65802e-19 -3.13343e-05 -6.24397e-05 -3.13343e-05 -3.11626e-05
14.79 -2.03411e-20 -3.13857e-19 -6.24397e-05 -6.24397e-05 -6.65802e-19 -3.13343e-05 -6.24397e-05 -3.13343e-05 -3.11626e-05
14.795 -2.03411e-20 -3.13857e-19 -6.24397e-05 -6.24397e-05 -6.65802e-19 -3.13343e-05 -6.24397e-05 -3.13343e-05 -3.11626e-05
14.8 -2.03411e-20 -3.13857e-19 -6.24397e-05 -6.24397e-05 -6.65802e-19 -3.13343e-05 -6.24397e-05 -3.13343e-05 -3.11626e-05
14.805 -2.03411e-20 -3.13857e-19 -6.24397e-05 -6.24397e-05 -6.65802e-19 -3.13343e-05 -6.24397e-05 -3.13343e-05 -3.11626e-05
14.81 -2.03411e-20 -3.13857e-19 -6.24397e-05 -6.24397e-05 -6.65802e-19 -3.13343e-05 -6.24397e-05 -3.13343e-05 -3.11626e-05
14.815 -2.03411e-20 -3.13857e-19 -6.24397e-05 -6.24397e-05 -6.65802e-19 -3.13343e-05 -6.24397e-05 -3.13343e-05 -3.11626e-05
14.82 -2.03411e-20 -3.13857e-19 -6.24397e-05 -6.24397e-05 -6.65802e-19 -3.13343e-05 -6.24397e-05 -3.13343e-05 -3.11626e-05
14.825 -2.03411e-20 -3.13857e-19 -6.24397e-05 -6.24397e-05 -6.65802e-19 -3.13343e-05 -6.24397e-05 -3.13343e-05 -3.11626e-05
14.83 -2.03411e-20 -3.13857e-19 -6.24397e-05 -6.24397e-05 -6.65802e-19 -3.13343e-05 -6.24397e-05 -3.13343e-05 -3.11626e-05
14.835 -2.03411e-20 -3.13857e-19 -6.24397e-05 -6.24397e-05 -6.65802e-19 -3.13343e-05 -6.24397e-05 -3.13343e-05 -3.11626e-05
14.84 -2.03411e-20 -3.13857e-19 -6.24397e-05 -6.24397e-05 -6.65802e-19 -3.13343e-05 -6.24397e-05 -3.13343e-05 -3.11626e-05
14.845 -2.03411e-20 -3.13857e-19 -6.24397e-05 -6.24397e-05 -6.65802e-19 -3.13343e-05 -6.24397e-05 -3.13343e-05 -3.11626e-05
14.85 -2.03411e-20 -3.13857e-19 -6.24397e-05 -6.24397e-05 -6.65802e-19 -3.13343e-05 -6.24397e-05 -3.13343e-05 -3.11626e-05
14.855 -2.03411e-20 -3.13857e-19 -6.24397e-05 -6.24397e-05 -6.65802e-19 -3.13343e-05 -6.24397e-05 -3.13343e-05 -3.11626e-05
14.86 -2.03411e-20 -3.13857e-19 -6.24397e-05 -6.24397e-05 -6.65802e-19 -3.13343e-05 -6.24397e-05 -3.13343e-05 -3.11626e-05
14.865 -2.03411e-20 -3.13857e-19 -6.24397e-05 -6.24397e-05 -6.65802e-19 -3.13343e-05 -6.24397e-05 -3.13343e-05 -3.11626e-05
14.87 -2.03411e-20 -3.13857e-19 -6.24397e-05 -6.24397e-05 -6.65802e-19 -3.13343e-05 -6.24397e-05 -3.13343e-05 -3.11626e-05
14.875 -2.03411e-20 -3.13857e-19 -6.24397e-05 -6.24397e-05 -6.65802e-19 -3.13343e-05 -6.24397e-05 -3.13343e-05 -3.11626e-05
14.88 -2.03411e-20 -3.13857e-19 -6.24397e-05 -6.24397e-05 -6.65802e-19 -3.13343e-05 -6.24397e-05 -3.13343e-05 -3.11626e-05
14.885 -2.03411e-20 -3.13857e-19 -6.24397e-05 -6.24397e-05 -6.65802e-19 -3.13343e-05 -6.24397e-05 -3.13343e-05 -3.11626e-05
14.89 -2.03411e-20 -3.13857e-19 -6.24397e-05 -6.24397e-05 -6.65802e-19 -3.13343e-05 -6.24397e-05 -3.13343e-05 -3.11626e-05
14.895 -2.03411e-20 -3.13857e-19 -6.24397e-05 -6.24397e-05 -6.65802e-19 -3.13343e-05 -6.24397e-05 -3.13343e-05 -3.11626e-05
14.9 -2.03411e-20 -3.13857e-19 -6.24397e-05 -6.24397e-05 -6.65802e-19 -3.13343e-05 -6.24397e-05 -3.13343e-05 -3.11626e-05
14.905 -2.03411e-20 -3.13857e-19 -6.24397e-05 -6.24397e-05 -6.65802e-19 -3.13343e-05 -6.24397e-05 -3.13343e-05 -3.11626e-05
14.91 -2.03411e-20 -3.13857e-19 -6.24397e-05 -6.24397e-05 -6.65802e-19 -3.13343e-05 -6.24397e-05 -3.13343e-05 -3.11626e-05
14.915 -2.03411e-20 -3.13857e-19 -6.24397e-05 -6.24397e-05 -6.65802e-19 -3.13343e-05 -6.24397e-05 -3.13343e-05 -3.11626e-05
14.92 -2.03411e-20 -3.13857e-19 -6.24397e-05 -6.24397e-05 -6.65802e-19 -3.13343e-05 -6.24397e-05 -3.13343e-05 -3.11626e-05
14.925 -2.03411e-20 -3.13857e-19 -6.24397e-05 -6.24397e-05 -6.65802e-19 -3.13343e-05 -6.24397e-05 -3.13343e-05 -3.11626e-05
14.93 -2.03411e-20 -3.13857e-19 -6.24397e-05 -6.24397e-05 -6.65802e-19 -3.13343e-05 -6.24397e-05 -3.13343e-05 -3.11626e-05
14.935 -2.03411e-20 -3.13857e-19 -6.24397e-05 -6.24397e-05 -6.65802e-19 -3.13343e-05 -6.24397e-05 -3.13343e-05 -3.11626e-05
14.94 -2.03411e-20 -3.13857e-19 -6.24397e-05 -6.24397e-05 -6.65802e-19 -3.13343e-05 -6.24397e-05 -3.13343e-05 -3.11626e-05
14.945 -2.03411e-20 -3.13857e-19 -6.24397e-05 -6.24397e-05 -6.65802e-19 -3.13343e-05 -6.24397e-05 -3.13343e-05 -3.11626e-05
14.95 -2.03411e-20 -3.13857e-19 -6.24397e-05 -6.24397e-05 -6.65802e-19 -3.13343e-05 -6.24397e-05 -3.13343e-05 -3.11626e-05
14.955 -2.03411e-20 -3.13857e-19 -6.24397e-05 -6.24397e-05 -6.65802e-19 -3.13343e-05 -6.24397e-05 -3.13343e-05 -3.11626e-05
14.96 -2.03411e-20 -3.13857e-19 -6.24397e-05 -6.24397e-05 -6.65802e-19 -3.13343e-05 -6.24397e-05 -3.13343e-05 -3.11626e-05
14.965 -2.03411e-20 -3.13857e-19 -6.24397e-05 -6.24397e-05 -6.65802e-19 -3.13343e-05 -6.24397e-05 -3.13343e-05 -3.11626e-05
14.97 -2.03411e-20 -3.13857e-19 -6.24397e-05 -6.24397e-05 -6.65802e-19 -3.13343e-05 -6.24397e-05 -3.13343e-05 -3.11626e-05
14.975 -2.03411e-20 -3.13857e-19 -6.24397e-05 -6.24397e-05 -6.65802e-19 -3.13343e-05 -6.24397e-05 -3.13343e-05 -3.11626e-05
14.98 -2.03411e-20 -3.13857e-19 -6.24397e-05 -6.24397e-05 -6.65802e-19 -3.13343e-05 -6.24397e-05 -3.13343e-05 -3.11626e-05
14.985 -2.03411e-20 -3.13857e-19 -6.24397e-05 -6.24397e-05 -6.65802e-19 -3.13343e-05 -6.24397e-05 -3.13343e-05 -3.11626e-05
14.99 -2.03411e-20 -3.13857e-19 -6.24397e-05 -6.24397e-05 -6.65802e-19 -3.13343e-05 -6.24397e-05 -3.13343e-05 -3.11626e-05
14.995 -2.03411e-20 -3.13857e-19 -6.24397e-05 -6.24397e-05 -6.65802e-19 -3.13343e-05 -6.24397e-05 -3.13343e-05 -3.11626e-05
15 -2.03411e-20 -3.13857e-19 -6.24397e-05 -6.24397e-05 -6.65802e-19 -3.13343e-05 -6.24397e-05 -3.13343e-05 -3.11626e-05
