1000 0 0 3e-05 3e-05 0 1.5e-05 3e-05 1.5e-05 1.5e-05
2000 0 0 3e-05 3e-05 0 1.5e-05 3e-05 1.5e-05 1.5e-05
3000 0 0 3e-05 3e-05 0 1.5e-05 3e-05 1.5e-05 1.5e-05
4000 0 0 3e-05 3e-05 0 1.5e-05 3e-05 1.5e-05 1.5e-05
5000 0 0 3e-05 3e-05 0 1.5e-05 3e-05 1.5e-05 1.5e-05
6000 0 0 3e-05 3e-05 0 1.5e-05 3e-05 1.5e-05 1.5e-05
7000 0 0 3e-05 3e-05 0 1.5e-05 3e-05 1.5e-05 1.5e-05
8000 0 0 3e-05 3e-05 0 1.5e-05 3e-05 1.5e-05 1.5e-05
9000 0 0 3e-05 3e-05 0 1.5e-05 3e-05 1.5e-05 1.5e-05
10000 0 0 3e-05 3e-05 0 1.5e-05 3e-05 1.5e-05 1.5e-05
11000 0 0 3e-05 3e-05 0 1.5e-05 3e-05 1.5e-05 1.5e-05
12000 0 0 3e-05 3e-05 0 1.5e-05 3e-05 1.5e-05 1.5e-05
13000 0 0 3e-05 3e-05 0 1.5e-05 3e-05 1.5e-05 1.5e-05
14000 0 0 3e-05 3e-05 0 1.5e-05 3e-05 1.5e-05 1.5e-05
15000 0 0 3e-05 3e-05 0 1.5e-05 3e-05 1.5e-05 1.5e-05
16000 0 0 3e-05 3e-05 0 1.5e-05 3e-05 1.5e-05 1.5e-05
17000 0 0 3e-05 3e-05 0 1.5e-05 3e-05 1.5e-05 1.5e-05
18000 0 0 3e-05 3e-05 0 1.5e-05 3e-05 1.5e-05 1.5e-05
19000 0 0 3e-05 3e-05 0 1.5e-05 3e-05 1.5e-05 1.5e-05
20000 0 0 3e-05 3e-05 0 1.5e-05 3e-05 1.5e-05 1.5e-05
21000 0 0 3e-05 3e-05 0 1.5e-05 3e-05 1.5e-05 1.5e-05
22000 0 0 3e-05 3e-05 0 1.5e-05 3e-05 1.5e-05 1.5e-05
23000 0 0 3e-05 3e-05 0 1.5e-05 3e-05 1.5e-05 1.5e-05
24000 0 0 3e-05 3e-05 0 1.5e-05 3e-05 1.5e-05 1.5e-05
25000 0 0 3e-05 3e-05 0 1.5e-05 3e-05 1.5e-05 1.5e-05
26000 0 0 3e-05 3e-05 0 1.5e-05 3e-05 1.5e-05 1.5e-05
27000 0 0 3e-05 3e-05 0 1.5e-05 3e-05 1.5e-05 1.5e-05
28000 0 0 3e-05 3e-05 0 1.5e-05 3e-05 1.5e-05 1.5e-05
29000 0 0 3e-05 3e-05 0 1.5e-05 3e-05 1.5e-05 1.5e-05
30000 0 0 3e-05 3e-05 0 1.5e-05 3e-05 1.5e-05 1.5e-05
31000 0 0 3e-05 3e-05 0 1.5e-05 3e-05 1.5e-05 1.5e-05
32000 0 0 3e-05 3e-05 0 1.5e-05 3e-05 1.5e-05 1.5e-05
33000 0 0 3e-05 3e-05 0 1.5e-05 3e-05 1.5e-05 1.5e-05
34000 0 0 3e-05 3e-05 0 1.5e-05 3e-05 1.5e-05 1.5e-05
35000 0 0 3e-05 3e-05 0 1.5e-05 3e-05 1.5e-05 1.5e-05
36000 0 0 3e-05 3e-05 0 1.5e-05 3e-05 1.5e-05 1.5e-05
37000 0 0 3e-05 3e-05 0 1.5e-05 3e-05 1.5e-05 1.5e-05
38000 0 0 3e-05 3e-05 0 1.5e-05 3e-05 1.5e-05 1.5e-05
39000 0 0 3e-05 3e-05 0 1.5e-05 3e-05 1.5e-05 1.5e-05
40000 0 0 3e-05 3e-05 0 1.5e-05 3e-05 1.5e-05 1.5e-05
41000 0 0 3e-05 3e-05 0 1.5e-05 3e-05 1.5e-05 1.5e-05
42000 0 0 3e-05 3e-05 0 1.5e-05 3e-05 1.5e-05 1.5e-05
43000 0 0 3e-05 3e-05 0 1.5e-05 3e-05 1.5e-05 1.5e-05
44000 0 0 3e-05 3e-05 0 1.5e-05 3e-05 1.5e-05 1.5e-05
45000 0 0 3e-05 3e-05 0 1.5e-05 3e-05 1.5e-05 1.5e-05
46000 0 0 3e-05 3e-05 0 1.5e-05 3e-05 1.5e-05 1.5e-05
47000 0 0 3e-05 3e-05 0 1.5e-05 3e-05 1.5e-05 1.5e-05
48000 0 0 3e-05 3e-05 0 1.5e-05 3e-05 1.5e-05 1.5e-05
49000 0 0 3e-05 3e-05 0 1.5e-05 3e-05 1.5e-05 1.5e-05
50000 0 0 3e-05 3e-05 0 1.5e-05 3e-05 1.5e-05 1.5e-05
51000 0 0 3e-05 3e-05 0 1.5e-05 3e-05 1.5e-05 1.5e-05
52000 0 0 3e-05 3e-05 0 1.5e-05 3e-05 1.5e-05 1.5e-05
53000 0 0 3e-05 3e-05 0 1.5e-05 3e-05 1.5e-05 1.5e-05
54000 0 0 3e-05 3e-05 0 1.5e-05 3e-05 1.5e-05 1.5e-05
55000 0 0 3e-05 3e-05 0 1.5e-05 3e-05 1.5e-05 1.5e-05
56000 0 0 3e-05 3e-05 0 1.5e-05 3e-05 1.5e-05 1.5e-05
57000 0 0 3e-05 3e-05 0 1.5e-05 3e-05 1.5e-05 1.5e-05
58000 0 0 3e-05 3e-05 0 1.5e-05 3e-05 1.5e-05 1.5e-05
59000 0 0 3e-05 3e-05 0 1.5e-05 3e-05 1.5e-05 1.5e-05
60000 0 0 3e-05 3e-05 0 1.5e-05 3e-05 1.5e-05 1.5e-05
61000 0 0 3e-05 3e-05 0 1.5e-05 3e-05 1.5e-05 1.5e-05
62000 0 0 3e-05 3e-05 0 1.5e-05 3e-05 1.5e-05 1.5e-05
63000 0 0 3e-05 3e-05 0 1.5e-05 3e-05 1.5e-05 1.5e-05
64000 0 0 3e-05 3e-05 0 1.5e-05 3e-05 1.5e-05 1.5e-05
65000 0 0 3e-05 3e-05 0 1.5e-05 3e-05 1.5e-05 1.5e-05
66000 0 0 3e-05 3e-05 0 1.5e-05 3e-05 1.5e-05 1.5e-05
67000 0 0 3e-05 3e-05 0 1.5e-05 3e-05 1.5e-05 1.5e-05
68000 0 0 3e-05 3e-05 0 1.5e-05 3e-05 1.5e-05 1.5e-05
69000 0 0 3e-05 3e-05 0 1.5e-05 3e-05 1.5e-05 1.5e-05
70000 0 0 3e-05 3e-05 0 1.5e-05 3e-05 1.5e-05 1.5e-05
71000 0 0 3e-05 3e-05 0 1.5e-05 3e-05 1.5e-05 1.5e-05
72000 0 0 3e-05 3e-05 0 1.5e-05 3e-05 1.5e-05 1.5e-05
73000 0 0 3e-05 3e-05 0 1.5e-05 3e-05 1.5e-05 1.5e-05
74000 0 0 3e-05 3e-05 0 1.5e-05 3e-05 1.5e-05 1.5e-05
75000 0 0 3e-05 3e-05 0 1.5e-05 3e-05 1.5e-05 1.5e-05
76000 0 0 3e-05 3e-05 0 1.5e-05 3e-05 1.5e-05 1.5e-05
77000 0 0 3e-05 3e-05 0 1.5e-05 3e-05 1.5e-05 1.5e-05
78000 0 0 3e-05 3e-05 0 1.5e-05 3e-05 1.5e-05 1.5e-05
79000 0 0 3e-05 3e-05 0 1.5e-05 3e-05 1.5e-05 1.5e-05
80000 0 0 3e-05 3e-05 0 1.5e-05 3e-05 1.5e-05 1.5e-05
81000 0 0 3e-05 3e-05 0 1.5e-05 3e-05 1.5e-05 1.5e-05
82000 0 0 3e-05 3e-05 0 1.5e-05 3e-05 1.5e-05 1.5e-05
83000 0 0 3e-05 3e-05 0 1.5e-05 3e-05 1.5e-05 1.5e-05
84000 0 0 3e-05 3e-05 0 1.5e-05 3e-05 1.5e-05 1.5e-05
85000 0 0 3e-05 3e-05 0 1.5e-05 3e-05 1.5e-05 1.5e-05
86000 0 0 3e-05 3e-05 0 1.5e-05 3e-05 1.5e-05 1.5e-05
87000 0 0 3e-05 3e-05 0 1.5e-05 3e-05 1.5e-05 1.5e-05
88000 0 0 3e-05 3e-05 0 1.5e-05 3e-05 1.5e-05 1.5e-05
89000 0 0 3e-05 3e-05 0 1.5e-05 3e-05 1.5e-05 1.5e-05
90000 0 0 3e-05 3e-05 0 1.5e-05 3e-05 1.5e-05 1.5e-05
91000 0 0 3e-05 3e-05 0 1.5e-05 3e-05 1.5e-05 1.5e-05
92000 0 0 3e-05 3e-05 0 1.5e-05 3e-05 1.5e-05 1.5e-05
93000 0 0 3e-05 3e-05 0 1.5e-05 3e-05 1.5e-05 1.5e-05
94000 0 0 3e-05 3e-05 0 1.5e-05 3e-05 1.5e-05 1.5e-05
95000 0 0 3e-05 3e-05 0 1.5e-05 3e-05 1.5e-05 1.5e-05
96000 0 0 3e-05 3e-05 0 1.5e-05 3e-05 1.5e-05 1.5e-05
97000 0 0 3e-05 3e-05 0 1.5e-05 3e-05 1.5e-05 1.5e-05
98000 0 0 3e-05 3e-05 0 1.5e-05 3e-05 1.5e-05 1.5e-05
99000 0 0 3e-05 3e-05 0 1.5e-05 3e-05 1.5e-05 1.5e-05
100000 0 0 3e-05 3e-05 0 1.5e-05 3e-05 1.5e-05 1.5e-05
101000 0 0 3e-05 3e-05 0 1.5e-05 3e-05 1.5e-05 1.5e-05
102000 0 0 3e-05 3e-05 0 1.5e-05 3e-05 1.5e-05 1.5e-05
103000 0 0 3e-05 3e-05 0 1.5e-05 3e-05 1.5e-05 1.5e-05
104000 0 0 3e-05 3e-05 0 1.5e-05 3e-05 1.5e-05 1.5e-05
105000 0 0 3e-05 3e-05 0 1.5e-05 3e-05 1.5e-05 1.5e-05
106000 0 0 3e-05 3e-05 0 1.5e-05 3e-05 1.5e-05 1.5e-05
107000 0 0 3e-05 3e-05 0 1.5e-05 3e-05 1.5e-05 1.5e-05
108000 0 0 3e-05 3e-05 0 1.5e-05 3e-05 1.5e-05 1.5e-05
109000 0 0 3e-05 3e-05 0 1.5e-05 3e-05 1.5e-05 1.5e-05
110000 0 0 3e-05 3e-05 0 1.5e-05 3e-05 1.5e-05 1.5e-05
111000 0 0 3e-05 3e-05 0 1.5e-05 3e-05 1.5e-05 1.5e-05
112000 0 0 3e-05 3e-05 0 1.5e-05 3e-05 1.5e-05 1.5e-05
113000 0 0 3e-05 3e-05 0 1.5e-05 3e-05 1.5e-05 1.5e-05
114000 0 0 3e-05 3e-05 0 1.5e-05 3e-05 1.5e-05 1.5e-05
115000 0 0 3e-05 3e-05 0 1.5e-05 3e-05 1.5e-05 1.5e-05
116000 0 0 3e-05 3e-05 0 1.5e-05 3e-05 1.5e-05 1.5e-05
117000 0 0 3e-05 3e-05 0 1.5e-05 3e-05 1.5e-05 1.5e-05
118000 0 0 3e-05 3e-05 0 1.5e-05 3e-05 1.5e-05 1.5e-05
119000 0 0 3e-05 3e-05 0 1.5e-05 3e-05 1.5e-05 1.5e-05
120000 0 0 3e-05 3e-05 0 1.5e-05 3e-05 1.5e-05 1.5e-05
121000 0 0 3e-05 3e-05 0 1.5e-05 3e-05 1.5e-05 1.5e-05
122000 0 0 3e-05 3e-05 0 1.5e-05 3e-05 1.5e-05 1.5e-05
123000 0 0 3e-05 3e-05 0 1.5e-05 3e-05 1.5e-05 1.5e-05
124000 0 0 3e-05 3e-05 0 1.5e-05 3e-05 1.5e-05 1.5e-05
125000 0 0 3e-05 3e-05 0 1.5e-05 3e-05 1.5e-05 1.5e-05
126000 0 0 3e-05 3e-05 0 1.5e-05 3e-05 1.5e-05 1.5e-05
127000 0 0 3e-05 3e-05 0 1.5e-05 3e-05 1.5e-05 1.5e-05
128000 0 0 3e-05 3e-05 0 1.5e-05 3e-05 1.5e-05 1.5e-05
129000 0 0 3e-05 3e-05 0 1.5e-05 3e-05 1.5e-05 1.5e-05
130000 0 0 3e-05 3e-05 0 1.5e-05 3e-05 1.5e-05 1.5e-05
131000 0 0 3e-05 3e-05 0 1.5e-05 3e-05 1.5e-05 1.5e-05
132000 0 0 3e-05 3e-05 0 1.5e-05 3e-05 1.5e-05 1.5e-05
133000 0 0 3e-05 3e-05 0 1.5e-05 3e-05 1.5e-05 1.5e-05
134000 0 0 3e-05 3e-05 0 1.5e-05 3e-05 1.5e-05 1.5e-05
135000 0 0 3e-05 3e-05 0 1.5e-05 3e-05 1.5e-05 1.5e-05
136000 0 0 3e-05 3e-05 0 1.5e-05 3e-05 1.5e-05 1.5e-05
137000 0 0 3e-05 3e-05 0 1.5e-05 3e-05 1.5e-05 1.5e-05
138000 0 0 3e-05 3e-05 0 1.5e-05 3e-05 1.5e-05 1.5e-05
139000 0 0 3e-05 3e-05 0 1.5e-05 3e-05 1.5e-05 1.5e-05
140000 0 0 3e-05 3e-05 0 1.5e-05 3e-05 1.5e-05 1.5e-05
141000 0 0 3e-05 3e-05 0 1.5e-05 3e-05 1.5e-05 1.5e-05
142000 0 0 3e-05 3e-05 0 1.5e-05 3e-05 1.5e-05 1.5e-05
143000 0 0 3e-05 3e-05 0 1.5e-05 3e-05 1.5e-05 1.5e-05
144000 0 0 3e-05 3e-05 0 1.5e-05 3e-05 1.5e-05 1.5e-05
145000 0 0 3e-05 3e-05 0 1.5e-05 3e-05 1.5e-05 1.5e-05
146000 0 0 3e-05 3e-05 0 1.5e-05 3e-05 1.5e-05 1.5e-05
147000 0 0 3e-05 3e-05 0 1.5e-05 3e-05 1.5e-05 1.5e-05
148000 0 0 3e-05 3e-05 0 1.5e-05 3e-05 1.5e-05 1.5e-05
149000 0 0 3e-05 3e-05 0 1.5e-05 3e-05 1.5e-05 1.5e-05
150000 0 0 3e-05 3e-05 0 1.5e-05 3e-05 1.5e-05 1.5e-05
151000 0 0 3e-05 3e-05 0 1.5e-05 3e-05 1.5e-05 1.5e-05
152000 0 0 3e-05 3e-05 0 1.5e-05 3e-05 1.5e-05 1.5e-05
153000 0 0 3e-05 3e-05 0 1.5e-05 3e-05 1.5e-05 1.5e-05
154000 0 0 3e-05 3e-05 0 1.5e-05 3e-05 1.5e-05 1.5e-05
155000 0 0 3e-05 3e-05 0 1.5e-05 3e-05 1.5e-05 1.5e-05
156000 0 0 3e-05 3e-05 0 1.5e-05 3e-05 1.5e-05 1.5e-05
157000 0 0 3e-05 3e-05 0 1.5e-05 3e-05 1.5e-05 1.5e-05
158000 0 0 3e-05 3e-05 0 1.5e-05 3e-05 1.5e-05 1.5e-05
159000 0 0 3e-05 3e-05 0 1.5e-05 3e-05 1.5e-05 1.5e-05
160000 0 0 3e-05 3e-05 0 1.5e-05 3e-05 1.5e-05 1.5e-05
161000 0 0 3e-05 3e-05 0 1.5e-05 3e-05 1.5e-05 1.5e-05
162000 0 0 3e-05 3e-05 0 1.5e-05 3e-05 1.5e-05 1.5e-05
163000 0 0 3e-05 3e-05 0 1.5e-05 3e-05 1.5e-05 1.5e-05
164000 0 0 3e-05 3e-05 0 1.5e-05 3e-05 1.5e-05 1.5e-05
165000 0 0 3e-05 3e-05 0 1.5e-05 3e-05 1.5e-05 1.5e-05
166000 0 0 3e-05 3e-05 0 1.5e-05 3e-05 1.5e-05 1.5e-05
167000 0 0 3e-05 3e-05 0 1.5e-05 3e-05 1.5e-05 1.5e-05
168000 0 0 3e-05 3e-05 0 1.5e-05 3e-05 1.5e-05 1.5e-05
169000 0 0 3e-05 3e-05 0 1.5e-05 3e-05 1.5e-05 1.5e-05
170000 0 0 3e-05 3e-05 0 1.5e-05 3e-05 1.5e-05 1.5e-05
171000 0 0 3e-05 3e-05 0 1.5e-05 3e-05 1.5e-05 1.5e-05
172000 0 0 3e-05 3e-05 0 1.5e-05 3e-05 1.5e-05 1.5e-05
173000 0 0 3e-05 3e-05 0 1.5e-05 3e-05 1.5e-05 1.5e-05
174000 0 0 3e-05 3e-05 0 1.5e-05 3e-05 1.5e-05 1.5e-05
175000 0 0 3e-05 3e-05 0 1.5e-05 3e-05 1.5e-05 1.5e-05
176000 0 0 3e-05 3e-05 0 1.5e-05 3e-05 1.5e-05 1.5e-05
177000 0 0 3e-05 3e-05 0 1.5e-05 3e-05 1.5e-05 1.5e-05
178000 0 0 3e-05 3e-05 0 1.5e-05 3e-05 1.5e-05 1.5e-05
179000 0 0 3e-05 3e-05 0 1.5e-05 3e-05 1.5e-05 1.5e-05
180000 0 0 3e-05 3e-05 0 1.5e-05 3e-05 1.5e-05 1.5e-05
181000 0 0 3e-05 3e-05 0 1.5e-05 3e-05 1.5e-05 1.5e-05
182000 0 0 3e-05 3e-05 0 1.5e-05 3e-05 1.5e-05 1.5e-05
183000 0 0 3e-05 3e-05 0 1.5e-05 3e-05 1.5e-05 1.5e-05
184000 0 0 3e-05 3e-05 0 1.5e-05 3e-05 1.5e-05 1.5e-05
185000 0 0 3e-05 3e-05 0 1.5e-05 3e-05 1.5e-05 1.5e-05
186000 0 0 3e-05 3e-05 0 1.5e-05 3e-05 1.5e-05 1.5e-05
187000 0 0 3e-05 3e-05 0 1.5e-05 3e-05 1.5e-05 1.5e-05
188000 0 0 3e-05 3e-05 0 1.5e-05 3e-05 1.5e-05 1.5e-05
189000 0 0 3e-05 3e-05 0 1.5e-05 3e-05 1.5e-05 1.5e-05
190000 0 0 3e-05 3e-05 0 1.5e-05 3e-05 1.5e-05 1.5e-05
191000 0 0 3e-05 3e-05 0 1.5e-05 3e-05 1.5e-05 1.5e-05
192000 0 0 3e-05 3e-05 0 1.5e-05 3e-05 1.5e-05 1.5e-05
193000 0 0 3e-05 3e-05 0 1.5e-05 3e-05 1.5e-05 1.5e-05
194000 0 0 3e-05 3e-05 0 1.5e-05 3e-05 1.5e-05 1.5e-05
195000 0 0 3e-05 3e-05 0 1.5e-05 3e-05 1.5e-05 1.5e-05
196000 0 0 3e-05 3e-05 0 1.5e-05 3e-05 1.5e-05 1.5e-05
197000 0 0 3e-05 3e-05 0 1.5e-05 3e-05 1.5e-05 1.5e-05
198000 0 0 3e-05 3e-05 0 1.5e-05 3e-05 1.5e-05 1.5e-05
199000 0 0 3e-05 3e-05 0 1.5e-05 3e-05 1.5e-05 1.5e-05
200000 0 0 3e-05 3e-05 0 1.5e-05 3e-05 1.5e-05 1.5e-05
200100 0 0 3e-05 3e-05 0 1.5e-05 3e-05 1.5e-05 1.5e-05
200200 0 0 3e-05 3e-05 0 1.5e-05 3e-05 1.5e-05 1.5e-05
200300 0 0 3e-05 3e-05 0 1.5e-05 3e-05 1.5e-05 1.5e-05
200400 0 0 3e-05 3e-05 0 1.5e-05 3e-05 1.5e-05 1.5e-05
200500 0 0 3e-05 3e-05 0 1.5e-05 3e-05 1.5e-05 1.5e-05
200600 0 0 3e-05 3e-05 0 1.5e-05 3e-05 1.5e-05 1.5e-05
200700 0 0 3e-05 3e-05 0 1.5e-05 3e-05 1.5e-05 1.5e-05
200800 0 0 3e-05 3e-05 0 1.5e-05 3e-05 1.5e-05 1.5e-05
200900 0 0 3e-05 3e-05 0 1.5e-05 3e-05 1.5e-05 1.5e-05
201000 0 0 3e-05 3e-05 0 1.5e-05 3e-05 1.5e-05 1.5e-05
201100 0 0 3e-05 3e-05 0 1.5e-05 3e-05 1.5e-05 1.5e-05
201200 0 0 3e-05 3e-05 0 1.5e-05 3e-05 1.5e-05 1.5e-05
201300 0 0 3e-05 3e-05 0 1.5e-05 3e-05 1.5e-05 1.5e-05
201400 0 0 3e-05 3e-05 0 1.5e-05 3e-05 1.5e-05 1.5e-05
201500 0 0 3e-05 3e-05 0 1.5e-05 3e-05 1.5e-05 1.5e-05
201600 0 0 3e-05 3e-05 0 1.5e-05 3e-05 1.5e-05 1.5e-05
201700 0 0 3e-05 3e-05 0 1.5e-05 3e-05 1.5e-05 1.5e-05
201800 0 0 3e-05 3e-05 0 1.5e-05 3e-05 1.5e-05 1.5e-05
201900 0 0 3e-05 3e-05 0 1.5e-05 3e-05 1.5e-05 1.5e-05
202000 0 0 3e-05 3e-05 0 1.5e-05 3e-05 1.5e-05 1.5e-05
202100 0 0 3e-05 3e-05 0 1.5e-05 3e-05 1.5e-05 1.5e-05
202200 0 0 3e-05 3e-05 0 1.5e-05 3e-05 1.5e-05 1.5e-05
202300 0 0 3e-05 3e-05 0 1.5e-05 3e-05 1.5e-05 1.5e-05
202400 0 0 3e-05 3e-05 0 1.5e-05 3e-05 1.5e-05 1.5e-05
202500 0 0 3e-05 3e-05 0 1.5e-05 3e-05 1.5e-05 1.5e-05
202600 0 0 3e-05 3e-05 0 1.5e-05 3e-05 1.5e-05 1.5e-05
202700 0 0 3e-05 3e-05 0 1.5e-05 3e-05 1.5e-05 1.5e-05
202800 0 0 3e-05 3e-05 0 1.5e-05 3e-05 1.5e-05 1.5e-05
202900 0 0 3e-05 3e-05 0 1.5e-05 3e-05 1.5e-05 1.5e-05
203000 0 0 3e-05 3e-05 0 1.5e-05 3e-05 1.5e-05 1.5e-05
203100 0 0 3e-05 3e-05 0 1.5e-05 3e-05 1.5e-05 1.5e-05
203200 0 0 3e-05 3e-05 0 1.5e-05 3e-05 1.5e-05 1.5e-05
203300 0 0 3e-05 3e-05 0 1.5e-05 3e-05 1.5e-05 1.5e-05
203400 0 0 3e-05 3e-05 0 1.5e-05 3e-05 1.5e-05 1.5e-05
203500 0 0 3e-05 3e-05 0 1.5e-05 3e-05 1.5e-05 1.5e-05
203600 0 0 3e-05 3e-05 0 1.5e-05 3e-05 1.5e-05 1.5e-05
203700 0 0 3e-05 3e-05 0 1.5e-05 3e-05 1.5e-05 1.5e-05
203800 0 0 3e-05 3e-05 0 1.5e-05 3e-05 1.5e-05 1.5e-05
203900 0 0 3e-05 3e-05 0 1.5e-05 3e-05 1.5e-05 1.5e-05
204000 0 0 3e-05 3e-05 0 1.5e-05 3e-05 1.5e-05 1.5e-05
204100 0 0 3e-05 3e-05 0 1.5e-05 3e-05 1.5e-05 1.5e-05
204200 0 0 3e-05 3e-05 0 1.5e-05 3e-05 1.5e-05 1.5e-05
204300 0 0 3e-05 3e-05 0 1.5e-05 3e-05 1.5e-05 1.5e-05
204400 0 0 3e-05 3e-05 0 1.5e-05 3e-05 1.5e-05 1.5e-05
204500 0 0 3e-05 3e-05 0 1.5e-05 3e-05 1.5e-05 1.5e-05
204600 0 0 3e-05 3e-05 0 1.5e-05 3e-05 1.5e-05 1.5e-05
204700 0 0 3e-05 3e-05 0 1.5e-05 3e-05 1.5e-05 1.5e-05
204800 0 0 3e-05 3e-05 0 1.5e-05 3e-05 1.5e-05 1.5e-05
204900 0 0 3e-05 3e-05 0 1.5e-05 3e-05 1.5e-05 1.5e-05
205000 0 0 3e-05 3e-05 0 1.5e-05 3e-05 1.5e-05 1.5e-05
205100 0 0 3e-05 3e-05 0 1.5e-05 3e-05 1.5e-05 1.5e-05
205200 0 0 3e-05 3e-05 0 1.5e-05 3e-05 1.5e-05 1.5e-05
205300 0 0 3e-05 3e-05 0 1.5e-05 3e-05 1.5e-05 1.5e-05
205400 0 0 3e-05 3e-05 0 1.5e-05 3e-05 1.5e-05 1.5e-05
205500 0 0 3e-05 3e-05 0 1.5e-05 3e-05 1.5e-05 1.5e-05
205600 0 0 3e-05 3e-05 0 1.5e-05 3e-05 1.5e-05 1.5e-05
205700 0 0 3e-05 3e-05 0 1.5e-05 3e-05 1.5e-05 1.5e-05
205800 0 0 3e-05 3e-05 0 1.5e-05 3e-05 1.5e-05 1.5e-05
205900 0 0 3e-05 3e-05 0 1.5e-05 3e-05 1.5e-05 1.5e-05
206000 0 0 3e-05 3e-05 0 1.5e-05 3e-05 1.5e-05 1.5e-05
206100 0 0 3e-05 3e-05 0 1.5e-05 3e-05 1.5e-05 1.5e-05
206200 0 0 3e-05 3e-05 0 1.5e-05 3e-05 1.5e-05 1.5e-05
206300 0 0 3e-05 3e-05 0 1.5e-05 3e-05 1.5e-05 1.5e-05
206400 0 0 3e-05 3e-05 0 1.5e-05 3e-05 1.5e-05 1.5e-05
206500 0 0 3e-05 3e-05 0 1.5e-05 3e-05 1.5e-05 1.5e-05
206600 0 0 3e-05 3e-05 0 1.5e-05 3e-05 1.5e-05 1.5e-05
206700 0 0 3e-05 3e-05 0 1.5e-05 3e-05 1.5e-05 1.5e-05
206800 0 0 3e-05 3e-05 0 1.5e-05 3e-05 1.5e-05 1.5e-05
206900 0 0 3e-05 3e-05 0 1.5e-05 3e-05 1.5e-05 1.5e-05
207000 0 0 3e-05 3e-05 0 1.5e-05 3e-05 1.5e-05 1.5e-05
207100 0 0 3e-05 3e-05 0 1.5e-05 3e-05 1.5e-05 1.5e-05
207200 0 0 3e-05 3e-05 0 1.5e-05 3e-05 1.5e-05 1.5e-05
207300 0 0 3e-05 3e-05 0 1.5e-05 3e-05 1.5e-05 1.5e-05
207400 0 0 3e-05 3e-05 0 1.5e-05 3e-05 1.5e-05 1.5e-05
207500 0 0 3e-05 3e-05 0 1.5e-05 3e-05 1.5e-05 1.5e-05
207600 0 0 3e-05 3e-05 0 1.5e-05 3e-05 1.5e-05 1.5e-05
207700 0 0 3e-05 3e-05 0 1.5e-05 3e-05 1.5e-05 1.5e-05
207800 0 0 3e-05 3e-05 0 1.5e-05 3e-05 1.5e-05 1.5e-05
207900 0 0 3e-05 3e-05 0 1.5e-05 3e-05 1.5e-05 1.5e-05
208000 0 0 3e-05 3e-05 0 1.5e-05 3e-05 1.5e-05 1.5e-05
208100 0 0 3e-05 3e-05 0 1.5e-05 3e-05 1.5e-05 1.5e-05
208200 0 0 3e-05 3e-05 0 1.5e-05 3e-05 1.5e-05 1.5e-05
208300 0 0 3e-05 3e-05 0 1.5e-05 3e-05 1.5e-05 1.5e-05
208400 0 0 3e-05 3e-05 0 1.5e-05 3e-05 1.5e-05 1.5e-05
208500 0 0 3e-05 3e-05 0 1.5e-05 3e-05 1.5e-05 1.5e-05
208600 0 0 3e-05 3e-05 0 1.5e-05 3e-05 1.5e-05 1.5e-05
208700 0 0 3e-05 3e-05 0 1.5e-05 3e-05 1.5e-05 1.5e-05
208800 0 0 3e-05 3e-05 0 1.5e-05 3e-05 1.5e-05 1.5e-05
208900 0 0 3e-05 3e-05 0 1.5e-05 3e-05 1.5e-05 1.5e-05
209000 0 0 3e-05 3e-05 0 1.5e-05 3e-05 1.5e-05 1.5e-05
209100 0 0 3e-05 3e-05 0 1.5e-05 3e-05 1.5e-05 1.5e-05
209200 0 0 3e-05 3e-05 0 1.5e-05 3e-05 1.5e-05 1.5e-05
209300 0 0 3e-05 3e-05 0 1.5e-05 3e-05 1.5e-05 1.5e-05
209400 0 0 3e-05 3e-05 0 1.5e-05 3e-05 1.5e-05 1.5e-05
209500 0 0 3e-05 3e-05 0 1.5e-05 3e-05 1.5e-05 1.5e-05
209600 0 0 3e-05 3e-05 0 1.5e-05 3e-05 1.5e-05 1.5e-05
209700 0 0 3e-05 3e-05 0 1.5e-05 3e-05 1.5e-05 1.5e-05
209800 0 0 3e-05 3e-05 0 1.5e-05 3e-05 1.5e-05 1.5e-05
209900 0 0 3e-05 3e-05 0 1.5e-05 3e-05 1.5e-05 1.5e-05
210000 0 0 3e-05 3e-05 0 1.5e-05 3e-05 1.5e-05 1.5e-05
211000 0 0 3e-05 3e-05 0 1.5e-05 3e-05 1.5e-05 1.5e-05
212000 0 0 3e-05 3e-05 0 1.5e-05 3e-05 1.5e-05 1.5e-05
213000 0 0 3e-05 3e-05 0 1.5e-05 3e-05 1.5e-05 1.5e-05
214000 0 0 3e-05 3e-05 0 1.5e-05 3e-05 1.5e-05 1.5e-05
215000 0 0 3e-05 3e-05 0 1.5e-05 3e-05 1.5e-05 1.5e-05
216000 0 0 3e-05 3e-05 0 1.5e-05 3e-05 1.5e-05 1.5e-05
217000 0 0 3e-05 3e-05 0 1.5e-05 3e-05 1.5e-05 1.5e-05
218000 0 0 3e-05 3e-05 0 1.5e-05 3e-05 1.5e-05 1.5e-05
219000 0 0 3e-05 3e-05 0 1.5e-05 3e-05 1.5e-05 1.5e-05
220000 0 0 3e-05 3e-05 0 1.5e-05 3e-05 1.5e-05 1.5e-05
221000 0 0 3e-05 3e-05 0 1.5e-05 3e-05 1.5e-05 1.5e-05
222000 0 0 3e-05 3e-05 0 1.5e-05 3e-05 1.5e-05 1.5e-05
223000 0 0 3e-05 3e-05 0 1.5e-05 3e-05 1.5e-05 1.5e-05
224000 0 0 3e-05 3e-05 0 1.5e-05 3e-05 1.5e-05 1.5e-05
225000 0 0 3e-05 3e-05 0 1.5e-05 3e-05 1.5e-05 1.5e-05
226000 0 0 3e-05 3e-05 0 1.5e-05 3e-05 1.5e-05 1.5e-05
227000 0 0 3e-05 3e-05 0 1.5e-05 3e-05 1.5e-05 1.5e-05
228000 0 0 3e-05 3e-05 0 1.5e-05 3e-05 1.5e-05 1.5e-05
229000 0 0 3e-05 3e-05 0 1.5e-05 3e-05 1.5e-05 1.5e-05
230000 0 0 3e-05 3e-05 0 1.5e-05 3e-05 1.5e-05 1.5e-05
231000 0 0 3e-05 3e-05 0 1.5e-05 3e-05 1.5e-05 1.5e-05
232000 0 0 3e-05 3e-05 0 1.5e-05 3e-05 1.5e-05 1.5e-05
233000 0 0 3e-05 3e-05 0 1.5e-05 3e-05 1.5e-05 1.5e-05
234000 0 0 3e-05 3e-05 0 1.5e-05 3e-05 1.5e-05 1.5e-05
235000 0 0 3e-05 3e-05 0 1.5e-05 3e-05 1.5e-05 1.5e-05
236000 0 0 3e-05 3e-05 0 1.5e-05 3e-05 1.5e-05 1.5e-05
237000 0 0 3e-05 3e-05 0 1.5e-05 3e-05 1.5e-05 1.5e-05
238000 0 0 3e-05 3e-05 0 1.5e-05 3e-05 1.5e-05 1.5e-05
239000 0 0 3e-05 3e-05 0 1.5e-05 3e-05 1.5e-05 1.5e-05
240000 0 0 3e-05 3e-05 0 1.5e-05 3e-05 1.5e-05 1.5e-05
241000 0 0 3e-05 3e-05 0 1.5e-05 3e-05 1.5e-05 1.5e-05
242000 0 0 3e-05 3e-05 0 1.5e-05 3e-05 1.5e-05 1.5e-05
243000 0 0 3e-05 3e-05 0 1.5e-05 3e-05 1.5e-05 1.5e-05
244000 0 0 3e-05 3e-05 0 1.5e-05 3e-05 1.5e-05 1.5e-05
245000 0 0 3e-05 3e-05 0 1.5e-05 3e-05 1.5e-05 1.5e-05
246000 0 0 3e-05 3e-05 0 1.5e-05 3e-05 1.5e-05 1.5e-05
247000 0 0 3e-05 3e-05 0 1.5e-05 3e-05 1.5e-05 1.5e-05
248000 0 0 3e-05 3e-05 0 1.5e-05 3e-05 1.5e-05 1.5e-05
249000 0 0 3e-05 3e-05 0 1.5e-05 3e-05 1.5e-05 1.5e-05
250000 0 0 3e-05 3e-05 0 1.5e-05 3e-05 1.5e-05 1.5e-05
251000 0 0 3e-05 3e-05 0 1.5e-05 3e-05 1.5e-05 1.5e-05
252000 0 0 3e-05 3e-05 0 1.5e-05 3e-05 1.5e-05 1.5e-05
253000 0 0 3e-05 3e-05 0 1.5e-05 3e-05 1.5e-05 1.5e-05
254000 0 0 3e-05 3e-05 0 1.5e-05 3e-05 1.5e-05 1.5e-05
255000 0 0 3e-05 3e-05 0 1.5e-05 3e-05 1.5e-05 1.5e-05
256000 0 0 3e-05 3e-05 0 1.5e-05 3e-05 1.5e-05 1.5e-05
257000 0 0 3e-05 3e-05 0 1.5e-05 3e-05 1.5e-05 1.5e-05
258000 0 0 3e-05 3e-05 0 1.5e-05 3e-05 1.5e-05 1.5e-05
259000 0 0 3e-05 3e-05 0 1.5e-05 3e-05 1.5e-05 1.5e-05
260000 0 0 3e-05 3e-05 0 1.5e-05 3e-05 1.5e-05 1.5e-05
261000 0 0 3e-05 3e-05 0 1.5e-05 3e-05 1.5e-05 1.5e-05
262000 0 0 3e-05 3e-05 0 1.5e-05 3e-05 1.5e-05 1.5e-05
263000 0 0 3e-05 3e-05 0 1.5e-05 3e-05 1.5e-05 1.5e-05
264000 0 0 3e-05 3e-05 0 1.5e-05 3e-05 1.5e-05 1.5e-05
265000 0 0 3e-05 3e-05 0 1.5e-05 3e-05 1.5e-05 1.5e-05
266000 0 0 3e-05 3e-05 0 1.5e-05 3e-05 1.5e-05 1.5e-05
267000 0 0 3e-05 3e-05 0 1.5e-05 3e-05 1.5e-05 1.5e-05
268000 0 0 3e-05 3e-05 0 1.5e-05 3e-05 1.5e-05 1.5e-05
269000 0 0 3e-05 3e-05 0 1.5e-05 3e-05 1.5e-05 1.5e-05
270000 0 0 3e-05 3e-05 0 1.5e-05 3e-05 1.5e-05 1.5e-05
271000 0 0 3e-05 3e-05 0 1.5e-05 3e-05 1.5e-05 1.5e-05
272000 0 0 3e-05 3e-05 0 1.5e-05 3e-05 1.5e-05 1.5e-05
273000 0 0 3e-05 3e-05 0 1.5e-05 3e-05 1.5e-05 1.5e-05
274000 0 0 3e-05 3e-05 0 1.5e-05 3e-05 1.5e-05 1.5e-05
275000 0 0 3e-05 3e-05 0 1.5e-05 3e-05 1.5e-05 1.5e-05
276000 0 0 3e-05 3e-05 0 1.5e-05 3e-05 1.5e-05 1.5e-05
277000 0 0 3e-05 3e-05 0 1.5e-05 3e-05 1.5e-05 1.5e-05
278000 0 0 3e-05 3e-05 0 1.5e-05 3e-05 1.5e-05 1.5e-05
279000 0 0 3e-05 3e-05 0 1.5e-05 3e-05 1.5e-05 1.5e-05
280000 0 0 3e-05 3e-05 0 1.5e-05 3e-05 1.5e-05 1.5e-05
281000 0 0 3e-05 3e-05 0 1.5e-05 3e-05 1.5e-05 1.5e-05
282000 0 0 3e-05 3e-05 0 1.5e-05 3e-05 1.5e-05 1.5e-05
283000 0 0 3e-05 3e-05 0 1.5e-05 3e-05 1.5e-05 1.5e-05
284000 0 0 3e-05 3e-05 0 1.5e-05 3e-05 1.5e-05 1.5e-05
285000 0 0 3e-05 3e-05 0 1.5e-05 3e-05 1.5e-05 1.5e-05
286000 0 0 3e-05 3e-05 0 1.5e-05 3e-05 1.5e-05 1.5e-05
287000 0 0 3e-05 3e-05 0 1.5e-05 3e-05 1.5e-05 1.5e-05
288000 0 0 3e-05 3e-05 0 1.5e-05 3e-05 1.5e-05 1.5e-05
289000 0 0 3e-05 3e-05 0 1.5e-05 3e-05 1.5e-05 1.5e-05
290000 0 0 3e-05 3e-05 0 1.5e-05 3e-05 1.5e-05 1.5e-05
291000 0 0 3e-05 3e-05 0 1.5e-05 3e-05 1.5e-05 1.5e-05
292000 0 0 3e-05 3e-05 0 1.5e-05 3e-05 1.5e-05 1.5e-05
293000 0 0 3e-05 3e-05 0 1.5e-05 3e-05 1.5e-05 1.5e-05
294000 0 0 3e-05 3e-05 0 1.5e-05 3e-05 1.5e-05 1.5e-05
295000 0 0 3e-05 3e-05 0 1.5e-05 3e-05 1.5e-05 1.5e-05
296000 0 0 3e-05 3e-05 0 1.5e-05 3e-05 1.5e-05 1.5e-05
297000 0 0 3e-05 3e-05 0 1.5e-05 3e-05 1.5e-05 1.5e-05
298000 0 0 3e-05 3e-05 0 1.5e-05 3e-05 1.5e-05 1.5e-05
299000 0 0 3e-05 3e-05 0 1.5e-05 3e-05 1.5e-05 1.5e-05
300000 0 0 3e-05 3e-05 0 1.5e-05 3e-05 1.5e-05 1.5e-05
301000 0 0 3e-05 3e-05 0 1.5e-05 3e-05 1.5e-05 1.5e-05
302000 0 0 3e-05 3e-05 0 1.5e-05 3e-05 1.5e-05 1.5e-05
303000 0 0 3e-05 3e-05 0 1.5e-05 3e-05 1.5e-05 1.5e-05
304000 0 0 3e-05 3e-05 0 1.5e-05 3e-05 1.5e-05 1.5e-05
305000 0 0 3e-05 3e-05 0 1.5e-05 3e-05 1.5e-05 1.5e-05
306000 0 0 3e-05 3e-05 0 1.5e-05 3e-05 1.5e-05 1.5e-05
307000 0 0 3e-05 3e-05 0 1.5e-05 3e-05 1.5e-05 1.5e-05
308000 0 0 3e-05 3e-05 0 1.5e-05 3e-05 1.5e-05 1.5e-05
309000 0 0 3e-05 3e-05 0 1.5e-05 3e-05 1.5e-05 1.5e-05
310000 0 0 3e-05 3e-05 0 1.5e-05 3e-05 1.5e-05 1.5e-05
311000 0 0 3e-05 3e-05 0 1.5e-05 3e-05 1.5e-05 1.5e-05
312000 0 0 3e-05 3e-05 0 1.5e-05 3e-05 1.5e-05 1.5e-05
313000 0 0 3e-05 3e-05 0 1.5e-05 3e-05 1.5e-05 1.5e-05
314000 0 0 3e-05 3e-05 0 1.5e-05 3e-05 1.5e-05 1.5e-05
315000 0 0 3e-05 3e-05 0 1.5e-05 3e-05 1.5e-05 1.5e-05
316000 0 0 3e-05 3e-05 0 1.5e-05 3e-05 1.5e-05 1.5e-05
317000 0 0 3e-05 3e-05 0 1.5e-05 3e-05 1.5e-05 1.5e-05
318000 0 0 3e-05 3e-05 0 1.5e-05 3e-05 1.5e-05 1.5e-05
319000 0 0 3e-05 3e-05 0 1.5e-05 3e-05 1.5e-05 1.5e-05
320000 0 0 3e-05 3e-05 0 1.5e-05 3e-05 1.5e-05 1.5e-05
321000 0 0 3e-05 3e-05 0 1.5e-05 3e-05 1.5e-05 1.5e-05
322000 0 0 3e-05 3e-05 0 1.5e-05 3e-05 1.5e-05 1.5e-05
323000 0 0 3e-05 3e-05 0 1.5e-05 3e-05 1.5e-05 1.5e-05
324000 0 0 3e-05 3e-05 0 1.5e-05 3e-05 1.5e-05 1.5e-05
325000 0 0 3e-05 3e-05 0 1.5e-05 3e-05 1.5e-05 1.5e-05
326000 0 0 3e-05 3e-05 0 1.5e-05 3e-05 1.5e-05 1.5e-05
327000 0 0 3e-05 3e-05 0 1.5e-05 3e-05 1.5e-05 1.5e-05
328000 0 0 3e-05 3e-05 0 1.5e-05 3e-05 1.5e-05 1.5e-05
329000 0 0 3e-05 3e-05 0 1.5e-05 3e-05 1.5e-05 1.5e-05
330000 0 0 3e-05 3e-05 0 1.5e-05 3e-05 1.5e-05 1.5e-05
331000 0 0 3e-05 3e-05 0 1.5e-05 3e-05 1.5e-05 1.5e-05
332000 0 0 3e-05 3e-05 0 1.5e-05 3e-05 1.5e-05 1.5e-05
333000 0 0 3e-05 3e-05 0 1.5e-05 3e-05 1.5e-05 1.5e-05
334000 0 0 3e-05 3e-05 0 1.5e-05 3e-05 1.5e-05 1.5e-05
335000 0 0 3e-05 3e-05 0 1.5e-05 3e-05 1.5e-05 1.5e-05
336000 0 0 3e-05 3e-05 0 1.5e-05 3e-05 1.5e-05 1.5e-05
337000 0 0 3e-05 3e-05 0 1.5e-05 3e-05 1.5e-05 1.5e-05
338000 0 0 3e-05 3e-05 0 1.5e-05 3e-05 1.5e-05 1.5e-05
339000 0 0 3e-05 3e-05 0 1.5e-05 3e-05 1.5e-05 1.5e-05
340000 0 0 3e-05 3e-05 0 1.5e-05 3e-05 1.5e-05 1.5e-05
341000 0 0 3e-05 3e-05 0 1.5e-05 3e-05 1.5e-05 1.5e-05
342000 0 0 3e-05 3e-05 0 1.5e-05 3e-05 1.5e-05 1.5e-05
343000 0 0 3e-05 3e-05 0 1.5e-05 3e-05 1.5e-05 1.5e-05
344000 0 0 3e-05 3e-05 0 1.5e-05 3e-05 1.5e-05 1.5e-05
345000 0 0 3e-05 3e-05 0 1.5e-05 3e-05 1.5e-05 1.5e-05
346000 0 0 3e-05 3e-05 0 1.5e-05 3e-05 1.5e-05 1.5e-05
347000 0 0 3e-05 3e-05 0 1.5e-05 3e-05 1.5e-05 1.5e-05
348000 0 0 3e-05 3e-05 0 1.5e-05 3e-05 1.5e-05 1.5e-05
349000 0 0 3e-05 3e-05 0 1.5e-05 3e-05 1.5e-05 1.5e-05
350000 0 0 3e-05 3e-05 0 1.5e-05 3e-05 1.5e-05 1.5e-05
351000 0 0 3e-05 3e-05 0 1.5e-05 3e-05 1.5e-05 1.5e-05
352000 0 0 3e-05 3e-05 0 1.5e-05 3e-05 1.5e-05 1.5e-05
353000 0 0 3e-05 3e-05 0 1.5e-05 3e-05 1.5e-05 1.5e-05
354000 0 0 3e-05 3e-05 0 1.5e-05 3e-05 1.5e-05 1.5e-05
355000 0 0 3e-05 3e-05 0 1.5e-05 3e-05 1.5e-05 1.5e-05
356000 0 0 3e-05 3e-05 0 1.5e-05 3e-05 1.5e-05 1.5e-05
357000 0 0 3e-05 3e-05 0 1.5e-05 3e-05 1.5e-05 1.5e-05
358000 0 0 3e-05 3e-05 0 1.5e-05 3e-05 1.5e-05 1.5e-05
359000 0 0 3e-05 3e-05 0 1.5e-05 3e-05 1.5e-05 1.5e-05
360000 0 0 3e-05 3e-05 0 1.5e-05 3e-05 1.5e-05 1.5e-05
361000 0 0 3e-05 3e-05 0 1.5e-05 3e-05 1.5e-05 1.5e-05
362000 0 0 3e-05 3e-05 0 1.5e-05 3e-05 1.5e-05 1.5e-05
363000 0 0 3e-05 3e-05 0 1.5e-05 3e-05 1.5e-05 1.5e-05
364000 0 0 3e-05 3e-05 0 1.5e-05 3e-05 1.5e-05 1.5e-05
365000 0 0 3e-05 3e-05 0 1.5e-05 3e-05 1.5e-05 1.5e-05
366000 0 0 3e-05 3e-05 0 1.5e-05 3e-05 1.5e-05 1.5e-05
367000 0 0 3e-05 3e-05 0 1.5e-05 3e-05 1.5e-05 1.5e-05
368000 0 0 3e-05 3e-05 0 1.5e-05 3e-05 1.5e-05 1.5e-05
369000 0 0 3e-05 3e-05 0 1.5e-05 3e-05 1.5e-05 1.5e-05
370000 0 0 3e-05 3e-05 0 1.5e-05 3e-05 1.5e-05 1.5e-05
371000 0 0 3e-05 3e-05 0 1.5e-05 3e-05 1.5e-05 1.5e-05
372000 0 0 3e-05 3e-05 0 1.5e-05 3e-05 1.5e-05 1.5e-05
373000 0 0 3e-05 3e-05 0 1.5e-05 3e-05 1.5e-05 1.5e-05
374000 0 0 3e-05 3e-05 0 1.5e-05 3e-05 1.5e-05 1.5e-05
375000 0 0 3e-05 3e-05 0 1.5e-05 3e-05 1.5e-05 1.5e-05
376000 0 0 3e-05 3e-05 0 1.5e-05 3e-05 1.5e-05 1.5e-05
377000 0 0 3e-05 3e-05 0 1.5e-05 3e-05 1.5e-05 1.5e-05
378000 0 0 3e-05 3e-05 0 1.5e-05 3e-05 1.5e-05 1.5e-05
379000 0 0 3e-05 3e-05 0 1.5e-05 3e-05 1.5e-05 1.5e-05
380000 0 0 3e-05 3e-05 0 1.5e-05 3e-05 1.5e-05 1.5e-05
381000 0 0 3e-05 3e-05 0 1.5e-05 3e-05 1.5e-05 1.5e-05
382000 0 0 3e-05 3e-05 0 1.5e-05 3e-05 1.5e-05 1.5e-05
383000 0 0 3e-05 3e-05 0 1.5e-05 3e-05 1.5e-05 1.5e-05
384000 0 0 3e-05 3e-05 0 1.5e-05 3e-05 1.5e-05 1.5e-05
385000 0 0 3e-05 3e-05 0 1.5e-05 3e-05 1.5e-05 1.5e-05
386000 0 0 3e-05 3e-05 0 1.5e-05 3e-05 1.5e-05 1.5e-05
387000 0 0 3e-05 3e-05 0 1.5e-05 3e-05 1.5e-05 1.5e-05
388000 0 0 3e-05 3e-05 0 1.5e-05 3e-05 1.5e-05 1.5e-05
389000 0 0 3e-05 3e-05 0 1.5e-05 3e-05 1.5e-05 1.5e-05
390000 0 0 3e-05 3e-05 0 1.5e-05 3e-05 1.5e-05 1.5e-05
391000 0 0 3e-05 3e-05 0 1.5e-05 3e-05 1.5e-05 1.5e-05
392000 0 0 3e-05 3e-05 0 1.5e-05 3e-05 1.5e-05 1.5e-05
393000 0 0 3e-05 3e-05 0 1.5e-05 3e-05 1.5e-05 1.5e-05
394000 0 0 3e-05 3e-05 0 1.5e-05 3e-05 1.5e-05 1.5e-05
395000 0 0 3e-05 3e-05 0 1.5e-05 3e-05 1.5e-05 1.5e-05
396000 0 0 3e-05 3e-05 0 1.5e-05 3e-05 1.5e-05 1.5e-05
397000 0 0 3e-05 3e-05 0 1.5e-05 3e-05 1.5e-05 1.5e-05
398000 0 0 3e-05 3e-05 0 1.5e-05 3e-05 1.5e-05 1.5e-05
399000 0 0 3e-05 3e-05 0 1.5e-05 3e-05 1.5e-05 1.5e-05
400000 0 0 3e-05 3e-05 0 1.5e-05 3e-05 1.5e-05 1.5e-05
401000 0 0 3e-05 3e-05 0 1.5e-05 3e-05 1.5e-05 1.5e-05
402000 0 0 3e-05 3e-05 0 1.5e-05 3e-05 1.5e-05 1.5e-05
403000 0 0 3e-05 3e-05 0 1.5e-05 3e-05 1.5e-05 1.5e-05
404000 0 0 3e-05 3e-05 0 1.5e-05 3e-05 1.5e-05 1.5e-05
405000 0 0 3e-05 3e-05 0 1.5e-05 3e-05 1.5e-05 1.5e-05
406000 0 0 3e-05 3e-05 0 1.5e-05 3e-05 1.5e-05 1.5e-05
407000 0 0 3e-05 3e-05 0 1.5e-05 3e-05 1.5e-05 1.5e-05
408000 0 0 3e-05 3e-05 0 1.5e-05 3e-05 1.5e-05 1.5e-05
409000 0 0 3e-05 3e-05 0 1.5e-05 3e-05 1.5e-05 1.5e-05
410000 0 0 3e-05 3e-05 0 1.5e-05 3e-05 1.5e-05 1.5e-05
0.005 -3.85153e-20 8.20826e-20 5e-06 5e-06 8.72067e-20 2.5041e-06 5e-06 2.5041e-06 2.50722e-06
0.01 -3.20344e-20 8.9466e-20 1e-05 1e-05 1.16995e-19 4.83655e-06 1e-05 4.83655e-06 4.8394e-06
0.015 -2.42786e-20 9.61044e-20 1.5e-05 1.5e-05 1.43624e-19 7.43042e-06 1.5e-05 7.43042e-06 7.43165e-06
0.02 -1.91617e-20 1.01718e-19 2e-05 2e-05 1.65128e-19 1.00039e-05 2e-05 1.00039e-05 1.00026e-05
0.025 -1.43143e-20 1.07405e-19 2.5e-05 2.5e-05 1.86382e-19 1.25378e-05 2.5e-05 1.25378e-05 1.25267e-05
0.03 -9.86452e-21 1.12915e-19 3e-05 3e-05 2.06037e-19 1.49916e-05 3e-05 1.49916e-05 1.49946e-05
0.035 -5.29965e-21 1.1866e-19 3.5e-05 3.5e-05 2.2679e-19 1.75085e-05 3.5e-05 1.75085e-05 1.75051e-05
0.04 -1.44394e-21 1.23988e-19 4e-05 4e-05 2.45079e-19 1.99953e-05 4e-05 1.99953e-05 1.99965e-05
0.045 1.03308e-21 1.28946e-19 4.5e-05 4.5e-05 2.59868e-19 2.24766e-05 4.5e-05 2.24766e-05 2.24828e-05
0.05 1.90685e-21 1.34603e-19 5e-05 5e-05 2.73021e-19 2.49946e-05 5e-05 2.49946e-05 2.49928e-05
0.055 2.49831e-21 1.40398e-19 5.5e-05 5.5e-05 2.85723e-19 2.7487e-05 5.5e-05 2.7487e-05 2.74918e-05
0.06 2.78866e-21 1.45837e-19 6e-05 6e-05 2.97177e-19 2.99781e-05 6e-05 2.99781e-05 2.99818e-05
0.065 3.12684e-21 1.51306e-19 6.5e-05 6.5e-05 3.0882e-19 3.24898e-05 6.5e-05 3.24898e-05 3.2491e-05
0.07 3.17806e-21 1.56393e-19 7e-05 7e-05 3.19001e-19 3.49715e-05 7e-05 3.49715e-05 3.49794e-05
0.075 3.25601e-21 1.61455e-19 7.5e-05 7.5e-05 3.2922e-19 3.74522e-05 7.5e-05 3.74522e-05 3.74626e-05
0.08 3.26155e-21 1.66272e-19 8e-05 8e-05 3.38927e-19 3.99647e-05 8e-05 3.99647e-05 3.99693e-05
0.085 3.11581e-21 1.71003e-19 8.5e-05 8.5e-05 3.48036e-19 4.246e-05 8.5e-05 4.246e-05 4.24695e-05
0.09 2.90073e-21 1.7551e-19 9e-05 9e-05 3.56582e-19 4.49435e-05 9e-05 4.49435e-05 4.49549e-05
0.095 2.69025e-21 1.79869e-19 9.5e-05 9.5e-05 3.64901e-19 4.74491e-05 9.5e-05 4.74491e-05 4.74568e-05
0.1 2.43706e-21 1.84115e-19 0.0001 0.0001 3.72954e-19 4.99715e-05 0.0001 4.99715e-05 4.99752e-05
0.105 2.12382e-21 1.88236e-19 0.000105 0.000105 3.8075e-19 5.25168e-05 0.000105 5.25168e-05 5.25111e-05
0.11 1.71252e-21 1.92141e-19 0.00011 0.00011 3.87734e-19 5.50254e-05 0.00011 5.50254e-05 5.50254e-05
0.115 1.24868e-21 1.95871e-19 0.000115 0.000115 3.9413e-19 5.74818e-05 0.000115 5.74818e-05 5.74913e-05
0.12 9.56252e-22 1.99518e-19 0.00012 0.00012 4.00994e-19 6.00032e-05 0.00012 6.00032e-05 5.99981e-05
0.125 5.9684e-22 2.03014e-19 0.000125 0.000125 4.07396e-19 6.2557e-05 0.000125 6.2557e-05 6.25461e-05
0.13 4.96292e-23 2.06346e-19 0.00013 0.00013 4.12798e-19 6.50235e-05 0.00013 6.50235e-05 6.50302e-05
0.135 -3.45391e-22 2.09629e-19 0.000135 0.000135 4.18837e-19 6.75499e-05 0.000135 6.75499e-05 6.75372e-05
0.14 -8.14736e-22 2.127e-19 0.00014 0.00014 4.23663e-19 7.00008e-05 0.00014 7.00008e-05 7.00128e-05
0.145 -1.22102e-21 2.15766e-19 0.000145 0.000145 4.29196e-19 7.25067e-05 0.000145 7.25067e-05 7.25009e-05
0.15 -1.62274e-21 2.18642e-19 0.00015 0.00015 4.33944e-19 7.4996e-05 0.00015 7.4996e-05 7.50011e-05
0.155 -2.04593e-21 2.21486e-19 0.000155 0.000155 4.38987e-19 7.75191e-05 0.000155 7.75191e-05 7.75126e-05
0.16 -2.52355e-21 2.24132e-19 0.00016 0.00016 4.4312e-19 7.99937e-05 0.00016 7.99937e-05 8.00013e-05
0.165 -2.8844e-21 2.2685e-19 0.000165 0.000165 4.48192e-19 8.25465e-05 0.000165 8.25465e-05 8.25311e-05
0.17 -3.35312e-21 2.29281e-19 0.00017 0.00017 4.51914e-19 8.50432e-05 0.00017 8.50432e-05 8.5045e-05
0.175 -3.87804e-21 2.31683e-19 0.000175 0.000175 4.55633e-19 8.75043e-05 0.000175 8.75043e-05 8.75093e-05
0.18 -4.21729e-21 2.34059e-19 0.00018 0.00018 4.5977e-19 9.00155e-05 0.00018 9.00155e-05 9.00105e-05
0.185 -4.65235e-21 2.36263e-19 0.000185 0.000185 4.63085e-19 9.2485e-05 0.000185 9.2485e-05 9.24936e-05
0.19 -5.08659e-21 2.3841e-19 0.00019 0.00019 4.66486e-19 9.49524e-05 0.00019 9.49524e-05 9.49599e-05
0.195 -5.39986e-21 2.40543e-19 0.000195 0.000195 4.70187e-19 9.74669e-05 0.000195 9.74669e-05 9.74657e-05
0.2 -5.77657e-21 2.42562e-19 0.0002 0.0002 4.7347e-19 9.9979e-05 0.0002 9.9979e-05 9.998e-05
0.205 -6.22684e-21 2.44459e-19 0.000205 0.000205 4.7627e-19 0.000102452 0.000205 0.000102452 0.000102461
0.21 -6.52692e-21 2.46437e-19 0.00021 0.00021 4.79917e-19 0.000105001 0.00021 0.000105001 0.00010499
0.215 -6.91794e-21 2.48189e-19 0.000215 0.000215 4.82465e-19 0.000107499 0.000215 0.000107499 0.000107503
0.22 -7.33292e-21 2.49925e-19 0.00022 0.00022 4.8527e-19 0.000110004 0.00022 0.000110004 0.000110001
0.225 -7.7134e-21 2.51585e-19 0.000225 0.000225 4.87567e-19 0.000112467 0.000225 0.000112467 0.000112477
0.23 -7.97903e-21 2.53307e-19 0.00023 0.00023 4.90794e-19 0.000115011 0.00023 0.000115011 0.000115
0.235 -8.3337e-21 2.54809e-19 0.000235 0.000235 4.92867e-19 0.000117502 0.000235 0.000117502 0.000117508
0.24 -8.70463e-21 2.5633e-19 0.00024 0.00024 4.95329e-19 0.000120005 0.00024 0.000120005 0.000120003
0.245 -9.01576e-21 2.57791e-19 0.000245 0.000245 4.97481e-19 0.000122491 0.000245 0.000122491 0.000122496
0.25 -9.32879e-21 2.5922e-19 0.00025 0.00025 4.99737e-19 0.000124986 0.00025 0.000124986 0.000124987
0.255 -9.61935e-21 2.60592e-19 0.000255 0.000255 5.01854e-19 0.000127481 0.000255 0.000127481 0.000127483
0.26 -9.90657e-21 2.61917e-19 0.00026 0.00026 5.03949e-19 0.000129981 0.00026 0.000129981 0.000129982
0.265 -1.01887e-20 2.63185e-19 0.000265 0.000265 5.05929e-19 0.000132482 0.000265 0.000132482 0.000132483
0.27 -1.04975e-20 2.64389e-19 0.00027 0.00027 5.07611e-19 0.000134959 0.00027 0.000134959 0.000134966
0.275 -1.07666e-20 2.65583e-19 0.000275 0.000275 5.09444e-19 0.000137443 0.000275 0.000137443 0.000137448
0.28 -1.10141e-20 2.66727e-19 0.00028 0.00028 5.11164e-19 0.000139929 0.00028 0.000139929 0.000139935
0.285 -1.12282e-20 2.67871e-19 0.000285 0.000285 5.13145e-19 0.000142446 0.000285 0.000142446 0.000142445
0.29 -1.14659e-20 2.68923e-19 0.00029 0.00029 5.14804e-19 0.000144961 0.00029 0.000144961 0.000144961
0.295 -1.17203e-20 2.69939e-19 0.000295 0.000295 5.16435e-19 0.000147477 0.000295 0.000147477 0.000147475
0.3 -1.20046e-20 2.7088e-19 0.0003 0.0003 5.17605e-19 0.000149953 0.0003 0.000149953 0.000149961
0.305 -1.2242e-20 2.71861e-19 0.000305 0.000305 5.19084e-19 0.000152438 0.000305 0.000152438 0.000152443
0.31 -1.24419e-20 2.72805e-19 0.00031 0.00031 5.20463e-19 0.000154923 0.00031 0.000154923 0.00015493
0.315 -1.26658e-20 2.73693e-19 0.000315 0.000315 5.21718e-19 0.0001574 0.000315 0.0001574 0.000157409
0.32 -1.28665e-20 2.74571e-19 0.00032 0.00032 5.23033e-19 0.000159881 0.00032 0.000159881 0.000159889
0.325 -1.30054e-20 2.75462e-19 0.000325 0.000325 5.24687e-19 0.000162405 0.000325 0.000162405 0.000162403
0.33 -1.31866e-20 2.76246e-19 0.00033 0.00033 5.25944e-19 0.000164923 0.00033 0.000164923 0.000164924
0.335 -1.34084e-20 2.76986e-19 0.000335 0.000335 5.27061e-19 0.000167431 0.000335 0.000167431 0.000167433
0.34 -1.35964e-20 2.7774e-19 0.00034 0.00034 5.28228e-19 0.00016994 0.00034 0.00016994 0.000169941
0.345 -1.37739e-20 2.78471e-19 0.000345 0.000345 5.29347e-19 0.00017245 0.000345 0.00017245 0.00017245
0.35 -1.39474e-20 2.79173e-19 0.00035 0.00035 5.30434e-19 0.000174961 0.00035 0.000174961 0.000174961
0.355 -1.41153e-20 2.79853e-19 0.000355 0.000355 5.31483e-19 0.000177473 0.000355 0.000177473 0.000177472
0.36 -1.43103e-20 2.80478e-19 0.00036 0.00036 5.32242e-19 0.000179959 0.00036 0.000179959 0.000179964
0.365 -1.44733e-20 2.81131e-19 0.000365 0.000365 5.33207e-19 0.000182451 0.000365 0.000182451 0.000182454
0.37 -1.46121e-20 2.81761e-19 0.00037 0.00037 5.34115e-19 0.000184942 0.00037 0.000184942 0.000184947
0.375 -1.47557e-20 2.82361e-19 0.000375 0.000375 5.3502e-19 0.000187437 0.000375 0.000187437 0.000187441
0.38 -1.48922e-20 2.82939e-19 0.00038 0.00038 5.35891e-19 0.000189933 0.00038 0.000189933 0.000189936
0.385 -1.49941e-20 2.83527e-19 0.000385 0.000385 5.36997e-19 0.000192456 0.000385 0.000192456 0.000192453
0.39 -1.51193e-20 2.84038e-19 0.00039 0.00039 5.37819e-19 0.000194976 0.00039 0.000194976 0.000194974
0.395 -1.52591e-20 2.84538e-19 0.000395 0.000395 5.38653e-19 0.000197498 0.000395 0.000197498 0.000197495
0.4 -1.53857e-20 2.8503e-19 0.0004 0.0004 5.39433e-19 0.00020002 0.0004 0.00020002 0.000200016
0.405 -1.55107e-20 2.85509e-19 0.000405 0.000405 5.40196e-19 0.000202542 0.000405 0.000202542 0.000202537
0.41 -1.56306e-20 2.85974e-19 0.00041 0.00041 5.40923e-19 0.000205064 0.00041 0.000205064 0.000205058
0.415 -1.57469e-20 2.86424e-19 0.000415 0.000415 5.41628e-19 0.000207586 0.000415 0.000207586 0.00020758
0.42 -1.58754e-20 2.86843e-19 0.00042 0.00042 5.42179e-19 0.000210095 0.00042 0.000210095 0.000210092
0.425 -1.60033e-20 2.87259e-19 0.000425 0.000425 5.42703e-19 0.000212595 0.000425 0.000212595 0.000212593
0.43 -1.61062e-20 2.87688e-19 0.00043 0.00043 5.43313e-19 0.000215096 0.00043 0.000215096 0.000215094
0.435 -1.6199e-20 2.88097e-19 0.000435 0.000435 5.43913e-19 0.000217598 0.000435 0.000217598 0.000217596
0.44 -1.62933e-20 2.88486e-19 0.00044 0.00044 5.44498e-19 0.000220102 0.00044 0.000220102 0.000220099
0.445 -1.63836e-20 2.88861e-19 0.000445 0.000445 5.45068e-19 0.000222606 0.000445 0.000222606 0.000222603
0.45 -1.64713e-20 2.89222e-19 0.00045 0.00045 5.45625e-19 0.000225111 0.00045 0.000225111 0.000225108
0.455 -1.65567e-20 2.8957e-19 0.000455 0.000455 5.46162e-19 0.000227617 0.000455 0.000227617 0.000227614
0.46 -1.66394e-20 2.89906e-19 0.00046 0.00046 5.46685e-19 0.000230124 0.00046 0.000230124 0.000230121
0.465 -1.67356e-20 2.90215e-19 0.000465 0.000465 5.47063e-19 0.000232618 0.000465 0.000232618 0.000232618
0.47 -1.68169e-20 2.9054e-19 0.00047 0.00047 5.47547e-19 0.000235116 0.00047 0.000235116 0.000235115
0.475 -1.68859e-20 2.90855e-19 0.000475 0.000475 5.48006e-19 0.000237614 0.000475 0.000237614 0.000237613
0.48 -1.69579e-20 2.91156e-19 0.00048 0.00048 5.48461e-19 0.000240113 0.00048 0.000240113 0.000240111
0.485 -1.70575e-20 2.91413e-19 0.000485 0.000485 5.4865e-19 0.000242586 0.000485 0.000242586 0.000242592
0.49 -1.71317e-20 2.91713e-19 0.00049 0.00049 5.49066e-19 0.000245066 0.00049 0.000245066 0.000245069
0.495 -1.71848e-20 2.92006e-19 0.000495 0.000495 5.4945e-19 0.000247545 0.000495 0.000247545 0.00024755
0.5 -1.72458e-20 2.92276e-19 0.0005 0.0005 5.49844e-19 0.000250026 0.0005 0.000250026 0.00025003
0.505 -1.72861e-20 2.92553e-19 0.000505 0.000505 5.50353e-19 0.000252521 0.000505 0.000252521 0.000252522
0.51 -1.73059e-20 2.92823e-19 0.00051 0.00051 5.50993e-19 0.00025504 0.00051 0.00025504 0.000255036
0.515 -1.73576e-20 2.93031e-19 0.000515 0.000515 5.5139e-19 0.000257557 0.000515 0.000257557 0.000257554
0.52 -1.7422e-20 2.93235e-19 0.00052 0.00052 5.51787e-19 0.000260075 0.00052 0.000260075 0.00026007
0.525 -1.74766e-20 2.93446e-19 0.000525 0.000525 5.52151e-19 0.000262593 0.000525 0.000262593 0.000262588
0.53 -1.75479e-20 2.93637e-19 0.00053 0.00053 5.52376e-19 0.000265098 0.00053 0.000265098 0.000265095
0.535 -1.76038e-20 2.93853e-19 0.000535 0.000535 5.52707e-19 0.000267606 0.000535 0.000267606 0.000267602
0.54 -1.76489e-20 2.94064e-19 0.00054 0.00054 5.53018e-19 0.000270113 0.00054 0.000270113 0.00027011
0.545 -1.76969e-20 2.94265e-19 0.000545 0.000545 5.5333e-19 0.000272621 0.000545 0.000272621 0.000272617
0.55 -1.77418e-20 2.94459e-19 0.00055 0.00055 5.53631e-19 0.000275129 0.00055 0.000275129 0.000275126
0.555 -1.77861e-20 2.94645e-19 0.000555 0.000555 5.53927e-19 0.000277638 0.000555 0.000277638 0.000277634
0.56 -1.78287e-20 2.94826e-19 0.00056 0.00056 5.54215e-19 0.000280148 0.00056 0.000280148 0.000280144
0.565 -1.78701e-20 2.95002e-19 0.000565 0.000565 5.54496e-19 0.000282658 0.000565 0.000282658 0.000282653
0.57 -1.79102e-20 2.95171e-19 0.00057 0.00057 5.54768e-19 0.000285168 0.00057 0.000285168 0.000285163
0.575 -1.79493e-20 2.95335e-19 0.000575 0.000575 5.55032e-19 0.000287678 0.000575 0.000287678 0.000287673
0.58 -1.79867e-20 2.95496e-19 0.00058 0.00058 5.55292e-19 0.000290189 0.00058 0.000290189 0.000290184
0.585 -1.80232e-20 2.95651e-19 0.000585 0.000585 5.55544e-19 0.0002927 0.000585 0.0002927 0.000292695
0.59 -1.80584e-20 2.95803e-19 0.00059 0.00059 5.55791e-19 0.000295212 0.00059 0.000295212 0.000295206
0.595 -1.80925e-20 2.95949e-19 0.000595 0.000595 5.56031e-19 0.000297724 0.000595 0.000297724 0.000297718
0.6 -1.81256e-20 2.96092e-19 0.0006 0.0006 5.56265e-19 0.000300236 0.0006 0.000300236 0.00030023
0.605 -1.81576e-20 2.96231e-19 0.000605 0.000605 5.56493e-19 0.000302749 0.000605 0.000302749 0.000302742
0.61 -1.81886e-20 2.96366e-19 0.00061 0.00061 5.56716e-19 0.000305261 0.00061 0.000305261 0.000305255
0.615 -1.82186e-20 2.96497e-19 0.000615 0.000615 5.56933e-19 0.000307775 0.000615 0.000307775 0.000307768
0.62 -1.82477e-20 2.96625e-19 0.00062 0.00062 5.57145e-19 0.000310288 0.00062 0.000310288 0.000310281
0.625 -1.82759e-20 2.96749e-19 0.000625 0.000625 5.57352e-19 0.000312802 0.000625 0.000312802 0.000312794
0.63 -1.83032e-20 2.9687e-19 0.00063 0.00063 5.57554e-19 0.000315316 0.00063 0.000315316 0.000315308
0.635 -1.83617e-20 2.96956e-19 0.000635 0.000635 5.57495e-19 0.000317804 0.000635 0.000317804 0.000317803
0.64 -1.84118e-20 2.97077e-19 0.00064 0.00064 5.57547e-19 0.000320285 0.00064 0.000320285 0.000320285
0.645 -1.84308e-20 2.97224e-19 0.000645 0.000645 5.57693e-19 0.000322767 0.000645 0.000322767 0.000322767
0.65 -1.84498e-20 2.97356e-19 0.00065 0.00065 5.57847e-19 0.000325249 0.00065 0.000325249 0.00032525
0.655 -1.84694e-20 2.97477e-19 0.000655 0.000655 5.58009e-19 0.000327732 0.000655 0.000327732 0.000327733
0.66 -1.84886e-20 2.97591e-19 0.00066 0.00066 5.58171e-19 0.000330215 0.00066 0.000330215 0.000330217
0.665 -1.85076e-20 2.977e-19 0.000665 0.000665 5.58332e-19 0.000332699 0.000665 0.000332699 0.000332701
0.67 -1.85262e-20 2.97805e-19 0.00067 0.00067 5.58492e-19 0.000335184 0.00067 0.000335184 0.000335185
0.675 -1.85442e-20 2.97906e-19 0.000675 0.000675 5.58649e-19 0.000337669 0.000675 0.000337669 0.000337671
0.68 -1.85618e-20 2.98004e-19 0.00068 0.00068 5.58803e-19 0.000340154 0.00068 0.000340154 0.000340156
0.685 -1.85789e-20 2.98101e-19 0.000685 0.000685 5.58955e-19 0.00034264 0.000685 0.00034264 0.000342642
0.69 -1.85955e-20 2.98194e-19 0.00069 0.00069 5.59103e-19 0.000345126 0.00069 0.000345126 0.000345128
0.695 -1.86116e-20 2.98286e-19 0.000695 0.000695 5.59249e-19 0.000347613 0.000695 0.000347613 0.000347615
0.7 -1.86272e-20 2.98375e-19 0.0007 0.0007 5.59392e-19 0.0003501 0.0007 0.0003501 0.000350102
0.705 -1.86423e-20 2.98463e-19 0.000705 0.000705 5.59532e-19 0.000352587 0.000705 0.000352587 0.00035259
0.71 -1.8657e-20 2.98548e-19 0.00071 0.00071 5.59669e-19 0.000355075 0.00071 0.000355075 0.000355078
0.715 -1.86712e-20 2.98632e-19 0.000715 0.000715 5.59804e-19 0.000357563 0.000715 0.000357563 0.000357566
0.72 -1.8685e-20 2.98714e-19 0.00072 0.00072 5.59936e-19 0.000360052 0.00072 0.000360052 0.000360054
0.725 -1.86984e-20 2.98794e-19 0.000725 0.000725 5.60066e-19 0.000362541 0.000725 0.000362541 0.000362543
0.73 -1.87114e-20 2.98873e-19 0.00073 0.00073 5.60194e-19 0.00036503 0.00073 0.00036503 0.000365032
0.735 -1.8724e-20 2.9895e-19 0.000735 0.000735 5.60319e-19 0.000367519 0.000735 0.000367519 0.000367522
0.74 -1.87362e-20 2.99026e-19 0.00074 0.00074 5.60442e-19 0.000370009 0.00074 0.000370009 0.000370012
0.745 -1.87481e-20 2.991e-19 0.000745 0.000745 5.60563e-19 0.000372499 0.000745 0.000372499 0.000372502
0.75 -1.87596e-20 2.99172e-19 0.00075 0.00075 5.60682e-19 0.000374989 0.00075 0.000374989 0.000374992
0.755 -1.87707e-20 2.99243e-19 0.000755 0.000755 5.608e-19 0.00037748 0.000755 0.00037748 0.000377483
0.76 -1.87816e-20 2.99313e-19 0.00076 0.00076 5.60915e-19 0.000379971 0.00076 0.000379971 0.000379974
0.765 -1.87921e-20 2.99382e-19 0.000765 0.000765 5.61028e-19 0.000382462 0.000765 0.000382462 0.000382465
0.77 -1.88024e-20 2.99449e-19 0.00077 0.00077 5.6114e-19 0.000384953 0.00077 0.000384953 0.000384957
0.775 -1.88123e-20 2.99516e-19 0.000775 0.000775 5.6125e-19 0.000387445 0.000775 0.000387445 0.000387448
0.78 -1.88219e-20 2.99581e-19 0.00078 0.00078 5.61358e-19 0.000389937 0.00078 0.000389937 0.00038994
0.785 -1.88313e-20 2.99644e-19 0.000785 0.000785 5.61465e-19 0.000392429 0.000785 0.000392429 0.000392432
0.79 -1.88404e-20 2.99707e-19 0.00079 0.00079 5.6157e-19 0.000394922 0.00079 0.000394922 0.000394925
0.795 -1.88493e-20 2.99769e-19 0.000795 0.000795 5.61674e-19 0.000397414 0.000795 0.000397414 0.000397418
0.8 -1.88579e-20 2.9983e-19 0.0008 0.0008 5.61777e-19 0.000399907 0.0008 0.000399907 0.000399911
0.805 -1.88663e-20 2.9989e-19 0.000805 0.000805 5.61878e-19 0.0004024 0.000805 0.0004024 0.000402404
0.81 -1.88744e-20 2.99948e-19 0.00081 0.00081 5.61977e-19 0.000404894 0.00081 0.000404894 0.000404897
0.815 -1.88823e-20 3.00006e-19 0.000815 0.000815 5.62076e-19 0.000407387 0.000815 0.000407387 0.000407391
0.82 -1.889e-20 3.00063e-19 0.00082 0.00082 5.62173e-19 0.000409881 0.00082 0.000409881 0.000409884
0.825 -1.88975e-20 3.0012e-19 0.000825 0.000825 5.62269e-19 0.000412375 0.000825 0.000412375 0.000412379
0.83 -1.89048e-20 3.00175e-19 0.00083 0.00083 5.62365e-19 0.000414869 0.00083 0.000414869 0.000414873
0.835 -1.89119e-20 3.00229e-19 0.000835 0.000835 5.62458e-19 0.000417364 0.000835 0.000417364 0.000417367
0.84 -1.89188e-20 3.00283e-19 0.00084 0.00084 5.62551e-19 0.000419859 0.00084 0.000419859 0.000419862
0.845 -1.89256e-20 3.00336e-19 0.000845 0.000845 5.62643e-19 0.000422353 0.000845 0.000422353 0.000422357
0.85 -1.89321e-20 3.00389e-19 0.00085 0.00085 5.62734e-19 0.000424848 0.00085 0.000424848 0.000424852
0.855 -1.89385e-20 3.0044e-19 0.000855 0.000855 5.62824e-19 0.000427344 0.000855 0.000427344 0.000427347
0.86 -1.89448e-20 3.00491e-19 0.00086 0.00086 5.62913e-19 0.000429839 0.00086 0.000429839 0.000429842
0.865 -1.89509e-20 3.00542e-19 0.000865 0.000865 5.63002e-19 0.000432335 0.000865 0.000432335 0.000432338
0.87 -1.89568e-20 3.00591e-19 0.00087 0.00087 5.63089e-19 0.00043483 0.00087 0.00043483 0.000434834
0.875 -1.89626e-20 3.0064e-19 0.000875 0.000875 5.63176e-19 0.000437326 0.000875 0.000437326 0.000437329
0.88 -1.89682e-20 3.00689e-19 0.00088 0.00088 5.63261e-19 0.000439822 0.00088 0.000439822 0.000439826
0.885 -1.89737e-20 3.00737e-19 0.000885 0.000885 5.63346e-19 0.000442319 0.000885 0.000442319 0.000442322
0.89 -1.89791e-20 3.00784e-19 0.00089 0.00089 5.63431e-19 0.000444815 0.00089 0.000444815 0.000444818
0.895 -1.89844e-20 3.00831e-19 0.000895 0.000895 5.63514e-19 0.000447312 0.000895 0.000447312 0.000447315
0.9 -1.89896e-20 3.00877e-19 0.0009 0.0009 5.63597e-19 0.000449809 0.0009 0.000449809 0.000449812
0.905 -1.89946e-20 3.00923e-19 0.000905 0.000905 5.6368e-19 0.000452306 0.000905 0.000452306 0.000452309
0.91 -1.89995e-20 3.00969e-19 0.00091 0.00091 5.63762e-19 0.000454803 0.00091 0.000454803 0.000454806
0.915 -1.90043e-20 3.01014e-19 0.000915 0.000915 5.63843e-19 0.0004573 0.000915 0.0004573 0.000457303
0.92 -1.9009e-20 3.01058e-19 0.00092 0.00092 5.63923e-19 0.000459798 0.00092 0.000459798 0.000459801
0.925 -1.90136e-20 3.01102e-19 0.000925 0.000925 5.64003e-19 0.000462295 0.000925 0.000462295 0.000462298
0.93 -1.90181e-20 3.01146e-19 0.00093 0.00093 5.64083e-19 0.000464793 0.00093 0.000464793 0.000464796
0.935 -1.90384e-20 3.01173e-19 0.000935 0.000935 5.64035e-19 0.000467278 0.000935 0.000467278 0.000467284
0.94 -1.90473e-20 3.01227e-19 0.00094 0.00094 5.64106e-19 0.000469766 0.00094 0.000469766 0.000469771
0.945 -1.90469e-20 3.01283e-19 0.000945 0.000945 5.64166e-19 0.000472253 0.000945 0.000472253 0.000472259
0.95 -1.90669e-20 3.01315e-19 0.00095 0.00095 5.64112e-19 0.000474728 0.00095 0.000474728 0.000474737
0.955 -1.90582e-20 3.01389e-19 0.000955 0.000955 5.64301e-19 0.000477218 0.000955 0.000477218 0.000477224
0.96 -1.90685e-20 3.01419e-19 0.00096 0.00096 5.64238e-19 0.000479693 0.00096 0.000479693 0.000479703
0.965 -1.90807e-20 3.01467e-19 0.000965 0.000965 5.64315e-19 0.000482171 0.000965 0.000482171 0.00048218
0.97 -1.90779e-20 3.01523e-19 0.00097 0.00097 5.6437e-19 0.000484648 0.00097 0.000484648 0.000484658
0.975 -1.9082e-20 3.01569e-19 0.000975 0.000975 5.6444e-19 0.000487126 0.000975 0.000487126 0.000487136
0.98 -1.90835e-20 3.01616e-19 0.00098 0.00098 5.64506e-19 0.000489604 0.00098 0.000489604 0.000489614
0.985 -1.90862e-20 3.0166e-19 0.000985 0.000985 5.64575e-19 0.000492082 0.000985 0.000492082 0.000492093
0.99 -1.90884e-20 3.01704e-19 0.00099 0.00099 5.64644e-19 0.000494561 0.00099 0.000494561 0.000494571
0.995 -1.90908e-20 3.01747e-19 0.000995 0.000995 5.64713e-19 0.00049704 0.000995 0.00049704 0.00049705
1 -1.90931e-20 3.0179e-19 0.001 0.001 5.64782e-19 0.000499519 0.001 0.000499519 0.000499529
1.005 -1.90954e-20 3.01832e-19 0.001005 0.001005 5.64851e-19 0.000501998 0.001005 0.000501998 0.000502009
1.01 -1.90976e-20 3.01874e-19 0.00101 0.00101 5.6492e-19 0.000504477 0.00101 0.000504477 0.000504488
1.015 -1.90998e-20 3.01916e-19 0.001015 0.001015 5.64988e-19 0.000506957 0.001015 0.000506957 0.000506968
1.02 -1.9102e-20 3.01957e-19 0.00102 0.00102 5.65056e-19 0.000509437 0.00102 0.000509437 0.000509448
1.025 -1.91041e-20 3.01998e-19 0.001025 0.001025 5.65124e-19 0.000511917 0.001025 0.000511917 0.000511928
1.03 -1.91062e-20 3.02039e-19 0.00103 0.00103 5.65192e-19 0.000514397 0.00103 0.000514397 0.000514409
1.035 -1.91082e-20 3.0208e-19 0.001035 0.001035 5.6526e-19 0.000516877 0.001035 0.000516877 0.000516889
1.04 -1.91102e-20 3.0212e-19 0.00104 0.00104 5.65327e-19 0.000519358 0.00104 0.000519358 0.00051937
1.045 -1.91122e-20 3.0216e-19 0.001045 0.001045 5.65394e-19 0.000521839 0.001045 0.000521839 0.000521851
1.05 -1.91141e-20 3.022e-19 0.00105 0.00105 5.65461e-19 0.00052432 0.00105 0.00052432 0.000524332
1.055 -1.9116e-20 3.0224e-19 0.001055 0.001055 5.65528e-19 0.000526801 0.001055 0.000526801 0.000526814
1.06 -1.91179e-20 3.02279e-19 0.00106 0.00106 5.65595e-19 0.000529283 0.00106 0.000529283 0.000529295
1.065 -1.91197e-20 3.02319e-19 0.001065 0.001065 5.65662e-19 0.000531764 0.001065 0.000531764 0.000531777
1.07 -1.91215e-20 3.02358e-19 0.00107 0.00107 5.65728e-19 0.000534246 0.00107 0.000534246 0.000534259
1.075 -1.91233e-20 3.02397e-19 0.001075 0.001075 5.65794e-19 0.000536728 0.001075 0.000536728 0.000536741
1.08 -1.9125e-20 3.02436e-19 0.00108 0.00108 5.65861e-19 0.000539211 0.00108 0.000539211 0.000539224
1.085 -1.91268e-20 3.02475e-19 0.001085 0.001085 5.65927e-19 0.000541693 0.001085 0.000541693 0.000541706
1.09 -1.91285e-20 3.02513e-19 0.00109 0.00109 5.65993e-19 0.000544176 0.00109 0.000544176 0.000544189
1.095 -1.91302e-20 3.02551e-19 0.001095 0.001095 5.66058e-19 0.000546659 0.001095 0.000546659 0.000546672
1.1 -1.91319e-20 3.0259e-19 0.0011 0.0011 5.66124e-19 0.000549142 0.0011 0.000549142 0.000549155
1.105 -1.91335e-20 3.02628e-19 0.001105 0.001105 5.6619e-19 0.000551625 0.001105 0.000551625 0.000551639
1.11 -1.91352e-20 3.02666e-19 0.00111 0.00111 5.66255e-19 0.000554109 0.00111 0.000554109 0.000554122
1.115 -1.91368e-20 3.02703e-19 0.001115 0.001115 5.66321e-19 0.000556592 0.001115 0.000556592 0.000556606
1.12 -1.91384e-20 3.02741e-19 0.00112 0.00112 5.66386e-19 0.000559076 0.00112 0.000559076 0.00055909
1.125 -1.914e-20 3.02779e-19 0.001125 0.001125 5.66451e-19 0.00056156 0.001125 0.00056156 0.000561574
1.13 -1.91416e-20 3.02816e-19 0.00113 0.00113 5.66516e-19 0.000564044 0.00113 0.000564044 0.000564058
1.135 -1.91431e-20 3.02853e-19 0.001135 0.001135 5.66581e-19 0.000566529 0.001135 0.000566529 0.000566543
1.14 -1.91447e-20 3.0289e-19 0.00114 0.00114 5.66647e-19 0.000569013 0.00114 0.000569013 0.000569027
1.145 -1.91462e-20 3.02927e-19 0.001145 0.001145 5.66711e-19 0.000571498 0.001145 0.000571498 0.000571512
1.15 -1.91478e-20 3.02964e-19 0.00115 0.00115 5.66776e-19 0.000573983 0.00115 0.000573983 0.000573997
1.155 -1.91493e-20 3.03001e-19 0.001155 0.001155 5.66841e-19 0.000576468 0.001155 0.000576468 0.000576482
1.16 -1.91508e-20 3.03038e-19 0.00116 0.00116 5.66906e-19 0.000578953 0.00116 0.000578953 0.000578968
1.165 -1.91523e-20 3.03074e-19 0.001165 0.001165 5.66971e-19 0.000581439 0.001165 0.000581439 0.000581453
1.17 -1.91539e-20 3.03111e-19 0.00117 0.00117 5.67036e-19 0.000583924 0.00117 0.000583924 0.000583939
1.175 -1.91554e-20 3.03147e-19 0.001175 0.001175 5.671e-19 0.00058641 0.001175 0.00058641 0.000586425
1.18 -1.91569e-20 3.03183e-19 0.00118 0.00118 5.67165e-19 0.000588896 0.00118 0.000588896 0.000588911
1.185 -1.91583e-20 3.03219e-19 0.001185 0.001185 5.6723e-19 0.000591382 0.001185 0.000591382 0.000591397
1.19 -1.91598e-20 3.03255e-19 0.00119 0.00119 5.67294e-19 0.000593869 0.00119 0.000593869 0.000593883
1.195 -1.91613e-20 3.03291e-19 0.001195 0.001195 5.67359e-19 0.000596355 0.001195 0.000596355 0.00059637
1.2 -1.91628e-20 3.03327e-19 0.0012 0.0012 5.67423e-19 0.000598842 0.0012 0.000598842 0.000598857
1.205 -1.91643e-20 3.03363e-19 0.001205 0.001205 5.67488e-19 0.000601329 0.001205 0.000601329 0.000601344
1.21 -1.91658e-20 3.03399e-19 0.00121 0.00121 5.67552e-19 0.000603816 0.00121 0.000603816 0.000603831
1.215 -1.91673e-20 3.03434e-19 0.001215 0.001215 5.67617e-19 0.000606303 0.001215 0.000606303 0.000606318
1.22 -1.91687e-20 3.0347e-19 0.00122 0.00122 5.67681e-19 0.000608791 0.00122 0.000608791 0.000608806
1.225 -1.91702e-20 3.03506e-19 0.001225 0.001225 5.67746e-19 0.000611278 0.001225 0.000611278 0.000611293
1.23 -1.91717e-20 3.03541e-19 0.00123 0.00123 5.6781e-19 0.000613766 0.00123 0.000613766 0.000613781
1.235 -1.91732e-20 3.03576e-19 0.001235 0.001235 5.67875e-19 0.000616254 0.001235 0.000616254 0.000616269
1.24 -1.91746e-20 3.03612e-19 0.00124 0.00124 5.67939e-19 0.000618742 0.00124 0.000618742 0.000618757
1.245 -1.91761e-20 3.03647e-19 0.001245 0.001245 5.68004e-19 0.000621231 0.001245 0.000621231 0.000621246
1.25 -1.91776e-20 3.03682e-19 0.00125 0.00125 5.68068e-19 0.000623719 0.00125 0.000623719 0.000623734
1.255 -1.91791e-20 3.03717e-19 0.001255 0.001255 5.68133e-19 0.000626208 0.001255 0.000626208 0.000626223
1.26 -1.91806e-20 3.03752e-19 0.00126 0.00126 5.68197e-19 0.000628696 0.00126 0.000628696 0.000628712
1.265 -1.91821e-20 3.03787e-19 0.001265 0.001265 5.68262e-19 0.000631185 0.001265 0.000631185 0.000631201
1.27 -1.91835e-20 3.03822e-19 0.00127 0.00127 5.68326e-19 0.000633675 0.00127 0.000633675 0.00063369
1.275 -1.9185e-20 3.03857e-19 0.001275 0.001275 5.6839e-19 0.000636164 0.001275 0.000636164 0.000636179
1.28 -1.91865e-20 3.03891e-19 0.00128 0.00128 5.68455e-19 0.000638653 0.00128 0.000638653 0.000638668
1.285 -1.9188e-20 3.03926e-19 0.001285 0.001285 5.68519e-19 0.000641143 0.001285 0.000641143 0.000641158
1.29 -1.91896e-20 3.03961e-19 0.00129 0.00129 5.68584e-19 0.000643633 0.00129 0.000643633 0.000643648
1.295 -1.91911e-20 3.03996e-19 0.001295 0.001295 5.68648e-19 0.000646123 0.001295 0.000646123 0.000646138
1.3 -1.91926e-20 3.0403e-19 0.0013 0.0013 5.68713e-19 0.000648613 0.0013 0.000648613 0.000648628
1.305 -1.91941e-20 3.04065e-19 0.001305 0.001305 5.68777e-19 0.000651103 0.001305 0.000651103 0.000651118
1.31 -1.91956e-20 3.04099e-19 0.00131 0.00131 5.68842e-19 0.000653594 0.00131 0.000653594 0.000653609
1.315 -1.91972e-20 3.04133e-19 0.001315 0.001315 5.68906e-19 0.000656084 0.001315 0.000656084 0.000656099
1.32 -1.91987e-20 3.04168e-19 0.00132 0.00132 5.68971e-19 0.000658575 0.00132 0.000658575 0.00065859
1.325 -1.92002e-20 3.04202e-19 0.001325 0.001325 5.69036e-19 0.000661066 0.001325 0.000661066 0.000661081
1.33 -1.92018e-20 3.04236e-19 0.00133 0.00133 5.691e-19 0.000663557 0.00133 0.000663557 0.000663572
1.335 -1.92034e-20 3.04271e-19 0.001335 0.001335 5.69165e-19 0.000666048 0.001335 0.000666048 0.000666063
1.34 -1.92049e-20 3.04305e-19 0.00134 0.00134 5.6923e-19 0.00066854 0.00134 0.00066854 0.000668555
1.345 -1.92065e-20 3.04339e-19 0.001345 0.001345 5.69294e-19 0.000671031 0.001345 0.000671031 0.000671046
1.35 -1.92081e-20 3.04373e-19 0.00135 0.00135 5.69359e-19 0.000673523 0.00135 0.000673523 0.000673538
1.355 -1.92096e-20 3.04407e-19 0.001355 0.001355 5.69424e-19 0.000676015 0.001355 0.000676015 0.00067603
1.36 -1.92112e-20 3.04441e-19 0.00136 0.00136 5.69488e-19 0.000678507 0.00136 0.000678507 0.000678522
1.365 -1.92128e-20 3.04475e-19 0.001365 0.001365 5.69553e-19 0.000680999 0.001365 0.000680999 0.000681014
1.37 -1.92144e-20 3.04509e-19 0.00137 0.00137 5.69618e-19 0.000683492 0.00137 0.000683492 0.000683507
1.375 -1.9216e-20 3.04543e-19 0.001375 0.001375 5.69683e-19 0.000685984 0.001375 0.000685984 0.000685999
1.38 -1.92176e-20 3.04577e-19 0.00138 0.00138 5.69748e-19 0.000688477 0.00138 0.000688477 0.000688492
1.385 -1.92193e-20 3.04611e-19 0.001385 0.001385 5.69813e-19 0.00069097 0.001385 0.00069097 0.000690985
1.39 -1.92209e-20 3.04645e-19 0.00139 0.00139 5.69877e-19 0.000693463 0.00139 0.000693463 0.000693478
1.395 -1.92225e-20 3.04679e-19 0.001395 0.001395 5.69942e-19 0.000695956 0.001395 0.000695956 0.000695971
1.4 -1.92242e-20 3.04713e-19 0.0014 0.0014 5.70007e-19 0.000698449 0.0014 0.000698449 0.000698464
1.405 -1.92258e-20 3.04746e-19 0.001405 0.001405 5.70072e-19 0.000700942 0.001405 0.000700942 0.000700957
1.41 -1.92275e-20 3.0478e-19 0.00141 0.00141 5.70137e-19 0.000703436 0.00141 0.000703436 0.000703451
1.415 -1.92292e-20 3.04814e-19 0.001415 0.001415 5.70202e-19 0.00070593 0.001415 0.00070593 0.000705945
1.42 -1.92308e-20 3.04847e-19 0.00142 0.00142 5.70267e-19 0.000708424 0.00142 0.000708424 0.000708438
1.425 -1.92325e-20 3.04881e-19 0.001425 0.001425 5.70333e-19 0.000710918 0.001425 0.000710918 0.000710933
1.43 -1.92342e-20 3.04915e-19 0.00143 0.00143 5.70398e-19 0.000713412 0.00143 0.000713412 0.000713427
1.435 -1.92359e-20 3.04948e-19 0.001435 0.001435 5.70463e-19 0.000715906 0.001435 0.000715906 0.000715921
1.44 -1.92376e-20 3.04982e-19 0.00144 0.00144 5.70528e-19 0.000718401 0.00144 0.000718401 0.000718415
1.445 -1.92393e-20 3.05016e-19 0.001445 0.001445 5.70593e-19 0.000720895 0.001445 0.000720895 0.00072091
1.45 -1.92411e-20 3.05049e-19 0.00145 0.00145 5.70659e-19 0.00072339 0.00145 0.00072339 0.000723405
1.455 -1.92428e-20 3.05083e-19 0.001455 0.001455 5.70724e-19 0.000725885 0.001455 0.000725885 0.0007259
1.46 -1.92445e-20 3.05116e-19 0.00146 0.00146 5.70789e-19 0.00072838 0.00146 0.00072838 0.000728395
1.465 -1.92463e-20 3.0515e-19 0.001465 0.001465 5.70855e-19 0.000730876 0.001465 0.000730876 0.00073089
1.47 -1.9248e-20 3.05183e-19 0.00147 0.00147 5.7092e-19 0.000733371 0.00147 0.000733371 0.000733385
1.475 -1.92498e-20 3.05216e-19 0.001475 0.001475 5.70986e-19 0.000735866 0.001475 0.000735866 0.000735881
1.48 -1.92516e-20 3.0525e-19 0.00148 0.00148 5.71051e-19 0.000738362 0.00148 0.000738362 0.000738376
1.485 -1.92534e-20 3.05283e-19 0.001485 0.001485 5.71117e-19 0.000740858 0.001485 0.000740858 0.000740872
1.49 -1.92551e-20 3.05317e-19 0.00149 0.00149 5.71182e-19 0.000743354 0.00149 0.000743354 0.000743368
1.495 -1.9257e-20 3.0535e-19 0.001495 0.001495 5.71248e-19 0.00074585 0.001495 0.00074585 0.000745864
1.5 -1.92588e-20 3.05383e-19 0.0015 0.0015 5.71313e-19 0.000748346 0.0015 0.000748346 0.00074836
1.505 -1.92606e-20 3.05417e-19 0.001505 0.001505 5.71379e-19 0.000750843 0.001505 0.000750843 0.000750857
1.51 -1.92624e-20 3.0545e-19 0.00151 0.00151 5.71445e-19 0.000753339 0.00151 0.000753339 0.000753353
1.515 -1.92642e-20 3.05483e-19 0.001515 0.001515 5.7151e-19 0.000755836 0.001515 0.000755836 0.00075585
1.52 -1.92661e-20 3.05516e-19 0.00152 0.00152 5.71576e-19 0.000758333 0.00152 0.000758333 0.000758347
1.525 -1.92679e-20 3.0555e-19 0.001525 0.001525 5.71642e-19 0.00076083 0.001525 0.00076083 0.000760844
1.53 -1.92698e-20 3.05583e-19 0.00153 0.00153 5.71708e-19 0.000763327 0.00153 0.000763327 0.000763341
1.535 -1.92717e-20 3.05616e-19 0.001535 0.001535 5.71774e-19 0.000765824 0.001535 0.000765824 0.000765838
1.54 -1.92735e-20 3.05649e-19 0.00154 0.00154 5.7184e-19 0.000768322 0.00154 0.000768322 0.000768335
1.545 -1.92754e-20 3.05683e-19 0.001545 0.001545 5.71906e-19 0.000770819 0.001545 0.000770819 0.000770833
1.55 -1.92773e-20 3.05716e-19 0.00155 0.00155 5.71972e-19 0.000773317 0.00155 0.000773317 0.00077333
1.555 -1.92792e-20 3.05749e-19 0.001555 0.001555 5.72038e-19 0.000775815 0.001555 0.000775815 0.000775828
1.56 -1.92811e-20 3.05782e-19 0.00156 0.00156 5.72104e-19 0.000778313 0.00156 0.000778313 0.000778326
1.565 -1.92831e-20 3.05815e-19 0.001565 0.001565 5.7217e-19 0.000780811 0.001565 0.000780811 0.000780824
1.57 -1.9285e-20 3.05848e-19 0.00157 0.00157 5.72236e-19 0.000783309 0.00157 0.000783309 0.000783322
1.575 -1.92869e-20 3.05882e-19 0.001575 0.001575 5.72302e-19 0.000785807 0.001575 0.000785807 0.00078582
1.58 -1.92889e-20 3.05915e-19 0.00158 0.00158 5.72368e-19 0.000788306 0.00158 0.000788306 0.000788319
1.585 -1.92908e-20 3.05948e-19 0.001585 0.001585 5.72434e-19 0.000790804 0.001585 0.000790804 0.000790817
1.59 -1.92928e-20 3.05981e-19 0.00159 0.00159 5.72501e-19 0.000793303 0.00159 0.000793303 0.000793316
1.595 -1.92948e-20 3.06014e-19 0.001595 0.001595 5.72567e-19 0.000795802 0.001595 0.000795802 0.000795815
1.6 -1.92968e-20 3.06047e-19 0.0016 0.0016 5.72633e-19 0.000798301 0.0016 0.000798301 0.000798314
1.605 -1.92987e-20 3.0608e-19 0.001605 0.001605 5.727e-19 0.0008008 0.001605 0.0008008 0.000800813
1.61 -1.93007e-20 3.06113e-19 0.00161 0.00161 5.72766e-19 0.0008033 0.00161 0.0008033 0.000803312
1.615 -1.93028e-20 3.06146e-19 0.001615 0.001615 5.72833e-19 0.000805799 0.001615 0.000805799 0.000805812
1.62 -1.93048e-20 3.06179e-19 0.00162 0.00162 5.72899e-19 0.000808299 0.00162 0.000808299 0.000808311
1.625 -1.93068e-20 3.06212e-19 0.001625 0.001625 5.72966e-19 0.000810798 0.001625 0.000810798 0.000810811
1.63 -1.93088e-20 3.06245e-19 0.00163 0.00163 5.73032e-19 0.000813298 0.00163 0.000813298 0.000813311
1.635 -1.93109e-20 3.06278e-19 0.001635 0.001635 5.73099e-19 0.000815798 0.001635 0.000815798 0.00081581
1.64 -1.93129e-20 3.06311e-19 0.00164 0.00164 5.73166e-19 0.000818298 0.00164 0.000818298 0.000818311
1.645 -1.9315e-20 3.06344e-19 0.001645 0.001645 5.73232e-19 0.000820799 0.001645 0.000820799 0.000820811
1.65 -1.93171e-20 3.06377e-19 0.00165 0.00165 5.73299e-19 0.000823299 0.00165 0.000823299 0.000823311
1.655 -1.93191e-20 3.0641e-19 0.001655 0.001655 5.73366e-19 0.000825799 0.001655 0.000825799 0.000825811
1.66 -1.93371e-20 3.06428e-19 0.00166 0.00166 5.73306e-19 0.000828287 0.00166 0.000828287 0.000828302
1.665 -1.93437e-20 3.06472e-19 0.001665 0.001665 5.73365e-19 0.000830778 0.001665 0.000830778 0.000830792
1.67 -1.93412e-20 3.06518e-19 0.00167 0.00167 5.73415e-19 0.000833268 0.00167 0.000833268 0.000833282
1.675 -1.93435e-20 3.06557e-19 0.001675 0.001675 5.73475e-19 0.000835758 0.001675 0.000835758 0.000835773
1.68 -1.93441e-20 3.06595e-19 0.00168 0.00168 5.73536e-19 0.000838248 0.00168 0.000838248 0.000838263
1.685 -1.93457e-20 3.06631e-19 0.001685 0.001685 5.73599e-19 0.000840739 0.001685 0.000840739 0.000840754
1.69 -1.93471e-20 3.06667e-19 0.00169 0.00169 5.73662e-19 0.00084323 0.00169 0.00084323 0.000843245
1.695 -1.93486e-20 3.06703e-19 0.001695 0.001695 5.73726e-19 0.000845721 0.001695 0.000845721 0.000845736
1.7 -1.93502e-20 3.06738e-19 0.0017 0.0017 5.73791e-19 0.000848212 0.0017 0.000848212 0.000848227
1.705 -1.93517e-20 3.06772e-19 0.001705 0.001705 5.73855e-19 0.000850703 0.001705 0.000850703 0.000850718
1.71 -1.93533e-20 3.06807e-19 0.00171 0.00171 5.7392e-19 0.000853194 0.00171 0.000853194 0.000853209
1.715 -1.93549e-20 3.06842e-19 0.001715 0.001715 5.73985e-19 0.000855686 0.001715 0.000855686 0.000855701
1.72 -1.93565e-20 3.06877e-19 0.00172 0.00172 5.7405e-19 0.000858178 0.00172 0.000858178 0.000858193
1.725 -1.93582e-20 3.06911e-19 0.001725 0.001725 5.74115e-19 0.00086067 0.001725 0.00086067 0.000860685
1.73 -1.93598e-20 3.06946e-19 0.00173 0.00173 5.7418e-19 0.000863162 0.00173 0.000863162 0.000863177
1.735 -1.93614e-20 3.0698e-19 0.001735 0.001735 5.74245e-19 0.000865654 0.001735 0.000865654 0.000865669
1.74 -1.93631e-20 3.07015e-19 0.00174 0.00174 5.7431e-19 0.000868146 0.00174 0.000868146 0.000868161
1.745 -1.93647e-20 3.07049e-19 0.001745 0.001745 5.74375e-19 0.000870639 0.001745 0.000870639 0.000870654
1.75 -1.93664e-20 3.07084e-19 0.00175 0.00175 5.74441e-19 0.000873131 0.00175 0.000873131 0.000873147
1.755 -1.9368e-20 3.07118e-19 0.001755 0.001755 5.74506e-19 0.000875624 0.001755 0.000875624 0.000875639
1.76 -1.93697e-20 3.07153e-19 0.00176 0.00176 5.74571e-19 0.000878117 0.00176 0.000878117 0.000878132
1.765 -1.93714e-20 3.07187e-19 0.001765 0.001765 5.74637e-19 0.00088061 0.001765 0.00088061 0.000880626
1.77 -1.93731e-20 3.07222e-19 0.00177 0.00177 5.74702e-19 0.000883104 0.00177 0.000883104 0.000883119
1.775 -1.93748e-20 3.07256e-19 0.001775 0.001775 5.74768e-19 0.000885597 0.001775 0.000885597 0.000885612
1.78 -1.93765e-20 3.07291e-19 0.00178 0.00178 5.74833e-19 0.000888091 0.00178 0.000888091 0.000888106
1.785 -1.93782e-20 3.07325e-19 0.001785 0.001785 5.74899e-19 0.000890585 0.001785 0.000890585 0.0008906
1.79 -1.93799e-20 3.0736e-19 0.00179 0.00179 5.74965e-19 0.000893079 0.00179 0.000893079 0.000893094
1.795 -1.93817e-20 3.07394e-19 0.001795 0.001795 5.7503e-19 0.000895573 0.001795 0.000895573 0.000895588
1.8 -1.93834e-20 3.07428e-19 0.0018 0.0018 5.75096e-19 0.000898067 0.0018 0.000898067 0.000898082
1.805 -1.93852e-20 3.07463e-19 0.001805 0.001805 5.75162e-19 0.000900561 0.001805 0.000900561 0.000900576
1.81 -1.93869e-20 3.07497e-19 0.00181 0.00181 5.75228e-19 0.000903056 0.00181 0.000903056 0.000903071
1.815 -1.93887e-20 3.07531e-19 0.001815 0.001815 5.75294e-19 0.00090555 0.001815 0.00090555 0.000905565
1.82 -1.93905e-20 3.07566e-19 0.00182 0.00182 5.7536e-19 0.000908045 0.00182 0.000908045 0.00090806
1.825 -1.93923e-20 3.076e-19 0.001825 0.001825 5.75426e-19 0.00091054 0.001825 0.00091054 0.000910555
1.83 -1.93941e-20 3.07634e-19 0.00183 0.00183 5.75492e-19 0.000913035 0.00183 0.000913035 0.00091305
1.835 -1.93959e-20 3.07669e-19 0.001835 0.001835 5.75558e-19 0.000915531 0.001835 0.000915531 0.000915546
1.84 -1.93977e-20 3.07703e-19 0.00184 0.00184 5.75624e-19 0.000918026 0.00184 0.000918026 0.000918041
1.845 -1.93996e-20 3.07737e-19 0.001845 0.001845 5.75691e-19 0.000920522 0.001845 0.000920522 0.000920537
1.85 -1.94014e-20 3.07771e-19 0.00185 0.00185 5.75757e-19 0.000923018 0.00185 0.000923018 0.000923032
1.855 -1.94033e-20 3.07806e-19 0.001855 0.001855 5.75823e-19 0.000925513 0.001855 0.000925513 0.000925528
1.86 -1.94052e-20 3.0784e-19 0.00186 0.00186 5.7589e-19 0.000928009 0.00186 0.000928009 0.000928024
1.865 -1.9407e-20 3.07874e-19 0.001865 0.001865 5.75956e-19 0.000930506 0.001865 0.000930506 0.00093052
1.87 -1.94089e-20 3.07908e-19 0.00187 0.00187 5.76023e-19 0.000933002 0.00187 0.000933002 0.000933017
1.875 -1.94108e-20 3.07943e-19 0.001875 0.001875 5.76089e-19 0.000935498 0.001875 0.000935498 0.000935513
1.88 -1.94127e-20 3.07977e-19 0.00188 0.00188 5.76156e-19 0.000937995 0.00188 0.000937995 0.00093801
1.885 -1.94147e-20 3.08011e-19 0.001885 0.001885 5.76223e-19 0.000940492 0.001885 0.000940492 0.000940506
1.89 -1.94166e-20 3.08045e-19 0.00189 0.00189 5.76289e-19 0.000942989 0.00189 0.000942989 0.000943003
1.895 -1.94185e-20 3.08079e-19 0.001895 0.001895 5.76356e-19 0.000945486 0.001895 0.000945486 0.0009455
1.9 -1.94205e-20 3.08113e-19 0.0019 0.0019 5.76423e-19 0.000947983 0.0019 0.000947983 0.000947997
1.905 -1.94224e-20 3.08148e-19 0.001905 0.001905 5.7649e-19 0.00095048 0.001905 0.00095048 0.000950495
1.91 -1.94244e-20 3.08182e-19 0.00191 0.00191 5.76557e-19 0.000952978 0.00191 0.000952978 0.000952992
1.915 -1.94264e-20 3.08216e-19 0.001915 0.001915 5.76624e-19 0.000955476 0.001915 0.000955476 0.00095549
1.92 -1.94284e-20 3.0825e-19 0.00192 0.00192 5.76691e-19 0.000957973 0.00192 0.000957973 0.000957987
1.925 -1.94304e-20 3.08284e-19 0.001925 0.001925 5.76758e-19 0.000960471 0.001925 0.000960471 0.000960485
1.93 -1.94324e-20 3.08318e-19 0.00193 0.00193 5.76825e-19 0.000962969 0.00193 0.000962969 0.000962983
1.935 -1.94344e-20 3.08352e-19 0.001935 0.001935 5.76892e-19 0.000965467 0.001935 0.000965467 0.000965481
1.94 -1.94365e-20 3.08387e-19 0.00194 0.00194 5.76959e-19 0.000967966 0.00194 0.000967966 0.00096798
1.945 -1.94385e-20 3.08421e-19 0.001945 0.001945 5.77027e-19 0.000970464 0.001945 0.000970464 0.000970478
1.95 -1.94406e-20 3.08455e-19 0.00195 0.00195 5.77094e-19 0.000972963 0.00195 0.000972963 0.000972977
1.955 -1.94427e-20 3.08489e-19 0.001955 0.001955 5.77161e-19 0.000975462 0.001955 0.000975462 0.000975475
1.96 -1.94447e-20 3.08523e-19 0.00196 0.00196 5.77229e-19 0.000977961 0.00196 0.000977961 0.000977974
1.965 -1.94468e-20 3.08557e-19 0.001965 0.001965 5.77296e-19 0.00098046 0.001965 0.00098046 0.000980473
1.97 -1.94489e-20 3.08591e-19 0.00197 0.00197 5.77364e-19 0.000982959 0.00197 0.000982959 0.000982972
1.975 -1.9451e-20 3.08625e-19 0.001975 0.001975 5.77431e-19 0.000985458 0.001975 0.000985458 0.000985472
1.98 -1.94532e-20 3.08659e-19 0.00198 0.00198 5.77499e-19 0.000987957 0.00198 0.000987957 0.000987971
1.985 -1.94553e-20 3.08693e-19 0.001985 0.001985 5.77567e-19 0.000990457 0.001985 0.000990457 0.00099047
1.99 -1.94574e-20 3.08728e-19 0.00199 0.00199 5.77634e-19 0.000992957 0.00199 0.000992957 0.00099297
1.995 -1.94596e-20 3.08762e-19 0.001995 0.001995 5.77702e-19 0.000995457 0.001995 0.000995457 0.00099547
2 -1.94618e-20 3.08796e-19 0.002 0.002 5.7777e-19 0.000997957 0.002 0.000997957 0.00099797
2.005 -1.94639e-20 3.0883e-19 0.002005 0.002005 5.77838e-19 0.00100046 0.002005 0.00100046 0.00100047
2.01 -1.94661e-20 3.08864e-19 0.00201 0.00201 5.77906e-19 0.00100296 0.00201 0.00100296 0.00100297
2.015 -1.94683e-20 3.08898e-19 0.002015 0.002015 5.77974e-19 0.00100546 0.002015 0.00100546 0.00100547
2.02 -1.94705e-20 3.08932e-19 0.00202 0.00202 5.78042e-19 0.00100796 0.00202 0.00100796 0.00100797
2.025 -1.94728e-20 3.08966e-19 0.002025 0.002025 5.7811e-19 0.00101046 0.002025 0.00101046 0.00101047
2.03 -1.9475e-20 3.09e-19 0.00203 0.00203 5.78178e-19 0.00101296 0.00203 0.00101296 0.00101297
2.035 -1.94772e-20 3.09034e-19 0.002035 0.002035 5.78246e-19 0.00101546 0.002035 0.00101546 0.00101547
2.04 -1.94795e-20 3.09068e-19 0.00204 0.00204 5.78314e-19 0.00101796 0.00204 0.00101796 0.00101797
2.045 -1.94817e-20 3.09102e-19 0.002045 0.002045 5.78383e-19 0.00102046 0.002045 0.00102046 0.00102047
2.05 -1.9484e-20 3.09137e-19 0.00205 0.00205 5.78451e-19 0.00102296 0.00205 0.00102296 0.00102298
2.055 -1.94863e-20 3.09171e-19 0.002055 0.002055 5.78519e-19 0.00102547 0.002055 0.00102547 0.00102548
2.06 -1.94886e-20 3.09205e-19 0.00206 0.00206 5.78588e-19 0.00102797 0.00206 0.00102797 0.00102798
2.065 -1.94909e-20 3.09239e-19 0.002065 0.002065 5.78656e-19 0.00103047 0.002065 0.00103047 0.00103048
2.07 -1.94932e-20 3.09273e-19 0.00207 0.00207 5.78725e-19 0.00103297 0.00207 0.00103297 0.00103298
2.075 -1.94955e-20 3.09307e-19 0.002075 0.002075 5.78793e-19 0.00103547 0.002075 0.00103547 0.00103548
2.08 -1.94979e-20 3.09341e-19 0.00208 0.00208 5.78862e-19 0.00103797 0.00208 0.00103797 0.00103799
2.085 -1.95002e-20 3.09375e-19 0.002085 0.002085 5.78931e-19 0.00104048 0.002085 0.00104048 0.00104049
2.09 -1.95026e-20 3.09409e-19 0.00209 0.00209 5.78999e-19 0.00104298 0.00209 0.00104298 0.00104299
2.095 -1.9505e-20 3.09443e-19 0.002095 0.002095 5.79068e-19 0.00104548 0.002095 0.00104548 0.00104549
2.1 -1.95073e-20 3.09477e-19 0.0021 0.0021 5.79137e-19 0.00104798 0.0021 0.00104798 0.001048
2.105 -1.95097e-20 3.09512e-19 0.002105 0.002105 5.79206e-19 0.00105049 0.002105 0.00105049 0.0010505
2.11 -1.95121e-20 3.09546e-19 0.00211 0.00211 5.79275e-19 0.00105299 0.00211 0.00105299 0.001053
2.115 -1.95146e-20 3.0958e-19 0.002115 0.002115 5.79344e-19 0.00105549 0.002115 0.00105549 0.0010555
2.12 -1.9517e-20 3.09614e-19 0.00212 0.00212 5.79413e-19 0.001058 0.00212 0.001058 0.00105801
2.125 -1.95194e-20 3.09648e-19 0.002125 0.002125 5.79482e-19 0.0010605 0.002125 0.0010605 0.00106051
2.13 -1.95219e-20 3.09682e-19 0.00213 0.00213 5.79551e-19 0.001063 0.00213 0.001063 0.00106301
2.135 -1.95243e-20 3.09716e-19 0.002135 0.002135 5.7962e-19 0.00106551 0.002135 0.00106551 0.00106552
2.14 -1.95268e-20 3.0975e-19 0.00214 0.00214 5.79689e-19 0.00106801 0.00214 0.00106801 0.00106802
2.145 -1.95293e-20 3.09785e-19 0.002145 0.002145 5.79759e-19 0.00107051 0.002145 0.00107051 0.00107052
2.15 -1.95318e-20 3.09819e-19 0.00215 0.00215 5.79828e-19 0.00107302 0.00215 0.00107302 0.00107303
2.155 -1.95343e-20 3.09853e-19 0.002155 0.002155 5.79897e-19 0.00107552 0.002155 0.00107552 0.00107553
2.16 -1.95368e-20 3.09887e-19 0.00216 0.00216 5.79967e-19 0.00107802 0.00216 0.00107802 0.00107803
2.165 -1.95393e-20 3.09921e-19 0.002165 0.002165 5.80036e-19 0.00108053 0.002165 0.00108053 0.00108054
2.17 -1.95418e-20 3.09955e-19 0.00217 0.00217 5.80106e-19 0.00108303 0.00217 0.00108303 0.00108304
2.175 -1.95444e-20 3.0999e-19 0.002175 0.002175 5.80176e-19 0.00108554 0.002175 0.00108554 0.00108555
2.18 -1.95469e-20 3.10024e-19 0.00218 0.00218 5.80245e-19 0.00108804 0.00218 0.00108804 0.00108805
2.185 -1.95495e-20 3.10058e-19 0.002185 0.002185 5.80315e-19 0.00109055 0.002185 0.00109055 0.00109056
2.19 -1.95521e-20 3.10092e-19 0.00219 0.00219 5.80385e-19 0.00109305 0.00219 0.00109305 0.00109306
2.195 -1.95547e-20 3.10126e-19 0.002195 0.002195 5.80454e-19 0.00109556 0.002195 0.00109556 0.00109557
2.2 -1.95573e-20 3.10161e-19 0.0022 0.0022 5.80524e-19 0.00109806 0.0022 0.00109806 0.00109807
2.205 -1.95599e-20 3.10195e-19 0.002205 0.002205 5.80594e-19 0.00110057 0.002205 0.00110057 0.00110058
2.21 -1.95625e-20 3.10229e-19 0.00221 0.00221 5.80664e-19 0.00110307 0.00221 0.00110307 0.00110308
2.215 -1.95652e-20 3.10263e-19 0.002215 0.002215 5.80734e-19 0.00110558 0.002215 0.00110558 0.00110559
2.22 -1.95678e-20 3.10298e-19 0.00222 0.00222 5.80804e-19 0.00110808 0.00222 0.00110808 0.00110809
2.225 -1.95705e-20 3.10332e-19 0.002225 0.002225 5.80874e-19 0.00111059 0.002225 0.00111059 0.0011106
2.23 -1.95731e-20 3.10366e-19 0.00223 0.00223 5.80945e-19 0.00111309 0.00223 0.00111309 0.0011131
2.235 -1.95758e-20 3.10401e-19 0.002235 0.002235 5.81015e-19 0.0011156 0.002235 0.0011156 0.00111561
2.24 -1.95785e-20 3.10435e-19 0.00224 0.00224 5.81085e-19 0.00111811 0.00224 0.00111811 0.00111811
2.245 -1.95812e-20 3.10469e-19 0.002245 0.002245 5.81155e-19 0.00112061 0.002245 0.00112061 0.00112062
2.25 -1.95839e-20 3.10504e-19 0.00225 0.00225 5.81226e-19 0.00112312 0.00225 0.00112312 0.00112313
2.255 -1.95866e-20 3.10538e-19 0.002255 0.002255 5.81296e-19 0.00112562 0.002255 0.00112562 0.00112563
2.26 -1.95894e-20 3.10572e-19 0.00226 0.00226 5.81367e-19 0.00112813 0.00226 0.00112813 0.00112814
2.265 -1.95921e-20 3.10607e-19 0.002265 0.002265 5.81437e-19 0.00113064 0.002265 0.00113064 0.00113065
2.27 -1.95949e-20 3.10641e-19 0.00227 0.00227 5.81508e-19 0.00113314 0.00227 0.00113314 0.00113315
2.275 -1.95977e-20 3.10676e-19 0.002275 0.002275 5.81579e-19 0.00113565 0.002275 0.00113565 0.00113566
2.28 -1.96004e-20 3.1071e-19 0.00228 0.00228 5.81649e-19 0.00113816 0.00228 0.00113816 0.00113817
2.285 -1.96032e-20 3.10745e-19 0.002285 0.002285 5.8172e-19 0.00114066 0.002285 0.00114066 0.00114067
2.29 -1.96061e-20 3.10779e-19 0.00229 0.00229 5.81791e-19 0.00114317 0.00229 0.00114317 0.00114318
2.295 -1.96089e-20 3.10814e-19 0.002295 0.002295 5.81862e-19 0.00114568 0.002295 0.00114568 0.00114569
2.3 -1.96117e-20 3.10848e-19 0.0023 0.0023 5.81933e-19 0.00114819 0.0023 0.00114819 0.00114819
2.305 -1.96146e-20 3.10883e-19 0.002305 0.002305 5.82004e-19 0.00115069 0.002305 0.00115069 0.0011507
2.31 -1.96174e-20 3.10917e-19 0.00231 0.00231 5.82075e-19 0.0011532 0.00231 0.0011532 0.00115321
2.315 -1.96203e-20 3.10952e-19 0.002315 0.002315 5.82146e-19 0.00115571 0.002315 0.00115571 0.00115572
2.32 -1.96232e-20 3.10986e-19 0.00232 0.00232 5.82217e-19 0.00115822 0.00232 0.00115822 0.00115822
2.325 -1.96261e-20 3.11021e-19 0.002325 0.002325 5.82289e-19 0.00116072 0.002325 0.00116072 0.00116073
2.33 -1.9629e-20 3.11056e-19 0.00233 0.00233 5.8236e-19 0.00116323 0.00233 0.00116323 0.00116324
2.335 -1.96319e-20 3.1109e-19 0.002335 0.002335 5.82431e-19 0.00116574 0.002335 0.00116574 0.00116575
2.34 -1.96348e-20 3.11125e-19 0.00234 0.00234 5.82503e-19 0.00116825 0.00234 0.00116825 0.00116825
2.345 -1.96378e-20 3.1116e-19 0.002345 0.002345 5.82574e-19 0.00117076 0.002345 0.00117076 0.00117076
2.35 -1.96407e-20 3.11194e-19 0.00235 0.00235 5.82646e-19 0.00117327 0.00235 0.00117327 0.00117327
2.355 -1.96437e-20 3.11229e-19 0.002355 0.002355 5.82717e-19 0.00117577 0.002355 0.00117577 0.00117578
2.36 -1.96467e-20 3.11264e-19 0.00236 0.00236 5.82789e-19 0.00117828 0.00236 0.00117828 0.00117829
2.365 -1.96497e-20 3.11299e-19 0.002365 0.002365 5.82861e-19 0.00118079 0.002365 0.00118079 0.0011808
2.37 -1.96527e-20 3.11334e-19 0.00237 0.00237 5.82933e-19 0.0011833 0.00237 0.0011833 0.00118331
2.375 -1.96557e-20 3.11368e-19 0.002375 0.002375 5.83005e-19 0.00118581 0.002375 0.00118581 0.00118581
2.38 -1.96588e-20 3.11403e-19 0.00238 0.00238 5.83077e-19 0.00118832 0.00238 0.00118832 0.00118832
2.385 -1.96618e-20 3.11438e-19 0.002385 0.002385 5.83149e-19 0.00119083 0.002385 0.00119083 0.00119083
2.39 -1.96649e-20 3.11473e-19 0.00239 0.00239 5.83221e-19 0.00119334 0.00239 0.00119334 0.00119334
2.395 -1.9668e-20 3.11508e-19 0.002395 0.002395 5.83293e-19 0.00119585 0.002395 0.00119585 0.00119585
2.4 -1.96711e-20 3.11543e-19 0.0024 0.0024 5.83366e-19 0.00119836 0.0024 0.00119836 0.00119836
2.405 -1.96742e-20 3.11578e-19 0.002405 0.002405 5.83438e-19 0.00120087 0.002405 0.00120087 0.00120087
2.41 -1.96774e-20 3.11613e-19 0.00241 0.00241 5.8351e-19 0.00120337 0.00241 0.00120337 0.00120338
2.415 -1.96805e-20 3.11648e-19 0.002415 0.002415 5.83583e-19 0.00120588 0.002415 0.00120588 0.00120589
2.42 -1.96837e-20 3.11684e-19 0.00242 0.00242 5.83656e-19 0.00120839 0.00242 0.00120839 0.0012084
2.425 -1.96869e-20 3.11719e-19 0.002425 0.002425 5.83728e-19 0.0012109 0.002425 0.0012109 0.00121091
2.43 -1.96901e-20 3.11754e-19 0.00243 0.00243 5.83801e-19 0.00121341 0.00243 0.00121341 0.00121342
2.435 -1.96933e-20 3.11789e-19 0.002435 0.002435 5.83874e-19 0.00121592 0.002435 0.00121592 0.00121593
2.44 -1.96965e-20 3.11825e-19 0.00244 0.00244 5.83947e-19 0.00121844 0.00244 0.00121844 0.00121844
2.445 -1.96998e-20 3.1186e-19 0.002445 0.002445 5.8402e-19 0.00122095 0.002445 0.00122095 0.00122095
2.45 -1.9703e-20 3.11895e-19 0.00245 0.00245 5.84093e-19 0.00122346 0.00245 0.00122346 0.00122346
2.455 -1.97064e-20 3.11931e-19 0.002455 0.002455 5.84166e-19 0.00122597 0.002455 0.00122597 0.00122597
2.46 -1.97257e-20 3.1195e-19 0.00246 0.00246 5.84112e-19 0.00122847 0.00246 0.00122847 0.00122847
2.465 -1.97336e-20 3.11998e-19 0.002465 0.002465 5.84178e-19 0.00123097 0.002465 0.00123097 0.00123097
2.47 -1.97322e-20 3.12047e-19 0.00247 0.00247 5.84234e-19 0.00123347 0.00247 0.00123347 0.00123347
2.475 -1.97357e-20 3.12088e-19 0.002475 0.002475 5.84302e-19 0.00123597 0.002475 0.00123597 0.00123597
2.48 -1.97376e-20 3.12129e-19 0.00248 0.00248 5.84369e-19 0.00123847 0.00248 0.00123847 0.00123847
2.485 -1.97722e-20 3.12137e-19 0.002485 0.002485 5.84187e-19 0.00124094 0.002485 0.00124094 0.00124095
2.49 -1.97519e-20 3.1223e-19 0.00249 0.00249 5.84495e-19 0.00124345 0.00249 0.00124345 0.00124345
2.495 -1.97683e-20 3.12241e-19 0.002495 0.002495 5.84293e-19 0.00124592 0.002495 0.00124592 0.00124594
2.5 -1.97592e-20 3.12317e-19 0.0025 0.0025 5.84617e-19 0.00124843 0.0025 0.00124843 0.00124843
2.505 -1.97765e-20 3.12323e-19 0.002505 0.002505 5.844e-19 0.0012509 0.002505 0.0012509 0.00125091
2.51 -1.97744e-20 3.12393e-19 0.00251 0.00251 5.84709e-19 0.0012534 0.00251 0.0012534 0.00125341
2.515 -1.97931e-20 3.12396e-19 0.002515 0.002515 5.84481e-19 0.00125588 0.002515 0.00125588 0.00125589
2.52 -1.97909e-20 3.12462e-19 0.00252 0.00252 5.84793e-19 0.00125838 0.00252 0.00125838 0.00125839
2.525 -1.98089e-20 3.12462e-19 0.002525 0.002525 5.84562e-19 0.00126085 0.002525 0.00126085 0.00126087
2.53 -1.98382e-20 3.12493e-19 0.00253 0.00253 5.8462e-19 0.00126333 0.00253 0.00126333 0.00126334
2.535 -1.98329e-20 3.12545e-19 0.002535 0.002535 5.84625e-19 0.00126581 0.002535 0.00126581 0.00126582
2.54 -1.98434e-20 3.12578e-19 0.00254 0.00254 5.8466e-19 0.00126829 0.00254 0.00126829 0.0012683
2.545 -1.98473e-20 3.12613e-19 0.002545 0.002545 5.84686e-19 0.00127076 0.002545 0.00127076 0.00127078
2.55 -1.98541e-20 3.12644e-19 0.00255 0.00255 5.84717e-19 0.00127324 0.00255 0.00127324 0.00127326
2.555 -1.98595e-20 3.12673e-19 0.002555 0.002555 5.84746e-19 0.00127572 0.002555 0.00127572 0.00127573
2.56 -1.98653e-20 3.12701e-19 0.00256 0.00256 5.84776e-19 0.0012782 0.00256 0.0012782 0.00127821
2.565 -1.98707e-20 3.12728e-19 0.002565 0.002565 5.84804e-19 0.00128068 0.002565 0.00128068 0.00128069
2.57 -1.98761e-20 3.12753e-19 0.00257 0.00257 5.84832e-19 0.00128315 0.00257 0.00128315 0.00128317
2.575 -1.98812e-20 3.12778e-19 0.002575 0.002575 5.84859e-19 0.00128563 0.002575 0.00128563 0.00128565
2.58 -1.98862e-20 3.12802e-19 0.00258 0.00258 5.84885e-19 0.00128811 0.00258 0.00128811 0.00128812
2.585 -1.9891e-20 3.12826e-19 0.002585 0.002585 5.84911e-19 0.00129059 0.002585 0.00129059 0.0012906
2.59 -1.98957e-20 3.12849e-19 0.00259 0.00259 5.84935e-19 0.00129306 0.00259 0.00129306 0.00129308
2.595 -1.99001e-20 3.12871e-19 0.002595 0.002595 5.84958e-19 0.00129554 0.002595 0.00129554 0.00129556
2.6 -1.99044e-20 3.12892e-19 0.0026 0.0026 5.84981e-19 0.00129802 0.0026 0.00129802 0.00129803
2.605 -1.99086e-20 3.12913e-19 0.002605 0.002605 5.85003e-19 0.0013005 0.002605 0.0013005 0.00130051
2.61 -1.99126e-20 3.12933e-19 0.00261 0.00261 5.85024e-19 0.00130297 0.00261 0.00130297 0.00130299
2.615 -1.99164e-20 3.12953e-19 0.002615 0.002615 5.85044e-19 0.00130545 0.002615 0.00130545 0.00130547
2.62 -1.99202e-20 3.12972e-19 0.00262 0.00262 5.85064e-19 0.00130793 0.00262 0.00130793 0.00130794
2.625 -1.99237e-20 3.12991e-19 0.002625 0.002625 5.85083e-19 0.00131041 0.002625 0.00131041 0.00131042
2.63 -1.99272e-20 3.13009e-19 0.00263 0.00263 5.85101e-19 0.00131288 0.00263 0.00131288 0.0013129
2.635 -1.99305e-20 3.13027e-19 0.002635 0.002635 5.85118e-19 0.00131536 0.002635 0.00131536 0.00131538
2.64 -1.99337e-20 3.13044e-19 0.00264 0.00264 5.85135e-19 0.00131784 0.00264 0.00131784 0.00131786
2.645 -1.99368e-20 3.1306e-19 0.002645 0.002645 5.85152e-19 0.00132032 0.002645 0.00132032 0.00132033
2.65 -1.99397e-20 3.13077e-19 0.00265 0.00265 5.85167e-19 0.00132279 0.00265 0.00132279 0.00132281
2.655 -1.99426e-20 3.13092e-19 0.002655 0.002655 5.85182e-19 0.00132527 0.002655 0.00132527 0.00132529
2.66 -1.99453e-20 3.13108e-19 0.00266 0.00266 5.85197e-19 0.00132775 0.00266 0.00132775 0.00132777
2.665 -1.9948e-20 3.13123e-19 0.002665 0.002665 5.85211e-19 0.00133023 0.002665 0.00133023 0.00133024
2.67 -1.99505e-20 3.13137e-19 0.00267 0.00267 5.85224e-19 0.0013327 0.00267 0.0013327 0.00133272
2.675 -1.99529e-20 3.13151e-19 0.002675 0.002675 5.85237e-19 0.00133518 0.002675 0.00133518 0.0013352
2.68 -1.99553e-20 3.13165e-19 0.00268 0.00268 5.85249e-19 0.00133766 0.00268 0.00133766 0.00133768
2.685 -1.99575e-20 3.13178e-19 0.002685 0.002685 5.85261e-19 0.00134014 0.002685 0.00134014 0.00134015
2.69 -1.99597e-20 3.13191e-19 0.00269 0.00269 5.85273e-19 0.00134261 0.00269 0.00134261 0.00134263
2.695 -1.99618e-20 3.13204e-19 0.002695 0.002695 5.85284e-19 0.00134509 0.002695 0.00134509 0.00134511
2.7 -1.99638e-20 3.13216e-19 0.0027 0.0027 5.85295e-19 0.00134757 0.0027 0.00134757 0.00134759
2.705 -1.99657e-20 3.13228e-19 0.002705 0.002705 5.85305e-19 0.00135004 0.002705 0.00135004 0.00135006
2.71 -1.99675e-20 3.1324e-19 0.00271 0.00271 5.85315e-19 0.00135252 0.00271 0.00135252 0.00135254
2.715 -1.99693e-20 3.13251e-19 0.002715 0.002715 5.85324e-19 0.001355 0.002715 0.001355 0.00135502
2.72 -1.9971e-20 3.13262e-19 0.00272 0.00272 5.85333e-19 0.00135748 0.00272 0.00135748 0.0013575
2.725 -1.99726e-20 3.13273e-19 0.002725 0.002725 5.85342e-19 0.00135995 0.002725 0.00135995 0.00135997
2.73 -1.99741e-20 3.13283e-19 0.00273 0.00273 5.8535e-19 0.00136243 0.00273 0.00136243 0.00136245
2.735 -1.99756e-20 3.13294e-19 0.002735 0.002735 5.85358e-19 0.00136491 0.002735 0.00136491 0.00136493
2.74 -1.9977e-20 3.13303e-19 0.00274 0.00274 5.85366e-19 0.00136739 0.00274 0.00136739 0.00136741
2.745 -1.99784e-20 3.13313e-19 0.002745 0.002745 5.85373e-19 0.00136986 0.002745 0.00136986 0.00136988
2.75 -1.99797e-20 3.13323e-19 0.00275 0.00275 5.8538e-19 0.00137234 0.00275 0.00137234 0.00137236
2.755 -1.99809e-20 3.13332e-19 0.002755 0.002755 5.85387e-19 0.00137482 0.002755 0.00137482 0.00137484
2.76 -1.99821e-20 3.13341e-19 0.00276 0.00276 5.85393e-19 0.00137729 0.00276 0.00137729 0.00137731
2.765 -1.99833e-20 3.13349e-19 0.002765 0.002765 5.854e-19 0.00137977 0.002765 0.00137977 0.00137979
2.77 -1.99843e-20 3.13358e-19 0.00277 0.00277 5.85405e-19 0.00138225 0.00277 0.00138225 0.00138227
2.775 -1.99854e-20 3.13366e-19 0.002775 0.002775 5.85411e-19 0.00138473 0.002775 0.00138473 0.00138475
2.78 -1.99864e-20 3.13374e-19 0.00278 0.00278 5.85417e-19 0.0013872 0.00278 0.0013872 0.00138722
2.785 -1.99873e-20 3.13382e-19 0.002785 0.002785 5.85422e-19 0.00138968 0.002785 0.00138968 0.0013897
2.79 -1.99882e-20 3.1339e-19 0.00279 0.00279 5.85427e-19 0.00139216 0.00279 0.00139216 0.00139218
2.795 -1.9989e-20 3.13397e-19 0.002795 0.002795 5.85431e-19 0.00139463 0.002795 0.00139463 0.00139466
2.8 -1.99898e-20 3.13405e-19 0.0028 0.0028 5.85436e-19 0.00139711 0.0028 0.00139711 0.00139713
2.805 -1.99906e-20 3.13412e-19 0.002805 0.002805 5.8544e-19 0.00139959 0.002805 0.00139959 0.00139961
2.81 -1.99913e-20 3.13419e-19 0.00281 0.00281 5.85444e-19 0.00140207 0.00281 0.00140207 0.00140209
2.815 -1.9992e-20 3.13425e-19 0.002815 0.002815 5.85448e-19 0.00140454 0.002815 0.00140454 0.00140456
2.82 -1.99927e-20 3.13432e-19 0.00282 0.00282 5.85452e-19 0.00140702 0.00282 0.00140702 0.00140704
2.825 -1.99933e-20 3.13438e-19 0.002825 0.002825 5.85455e-19 0.0014095 0.002825 0.0014095 0.00140952
2.83 -1.99939e-20 3.13445e-19 0.00283 0.00283 5.85459e-19 0.00141197 0.00283 0.00141197 0.001412
2.835 -1.99944e-20 3.13451e-19 0.002835 0.002835 5.85462e-19 0.00141445 0.002835 0.00141445 0.00141447
2.84 -1.9995e-20 3.13457e-19 0.00284 0.00284 5.85465e-19 0.00141693 0.00284 0.00141693 0.00141695
2.845 -1.99955e-20 3.13463e-19 0.002845 0.002845 5.85468e-19 0.0014194 0.002845 0.0014194 0.00141943
2.85 -1.99959e-20 3.13468e-19 0.00285 0.00285 5.85471e-19 0.00142188 0.00285 0.00142188 0.0014219
2.855 -1.99964e-20 3.13474e-19 0.002855 0.002855 5.85473e-19 0.00142436 0.002855 0.00142436 0.00142438
2.86 -1.99968e-20 3.1348e-19 0.00286 0.00286 5.85476e-19 0.00142684 0.00286 0.00142684 0.00142686
2.865 -1.99971e-20 3.13485e-19 0.002865 0.002865 5.85478e-19 0.00142931 0.002865 0.00142931 0.00142933
2.87 -1.99975e-20 3.1349e-19 0.00287 0.00287 5.8548e-19 0.00143179 0.00287 0.00143179 0.00143181
2.875 -1.99978e-20 3.13495e-19 0.002875 0.002875 5.85482e-19 0.00143427 0.002875 0.00143427 0.00143429
2.88 -1.99981e-20 3.135e-19 0.00288 0.00288 5.85484e-19 0.00143674 0.00288 0.00143674 0.00143677
2.885 -1.99984e-20 3.13505e-19 0.002885 0.002885 5.85486e-19 0.00143922 0.002885 0.00143922 0.00143924
2.89 -1.99987e-20 3.1351e-19 0.00289 0.00289 5.85488e-19 0.0014417 0.00289 0.0014417 0.00144172
2.895 -1.99989e-20 3.13514e-19 0.002895 0.002895 5.85489e-19 0.00144417 0.002895 0.00144417 0.0014442
2.9 -1.99991e-20 3.13519e-19 0.0029 0.0029 5.85491e-19 0.00144665 0.0029 0.00144665 0.00144667
2.905 -1.99993e-20 3.13523e-19 0.002905 0.002905 5.85492e-19 0.00144913 0.002905 0.00144913 0.00144915
2.91 -1.99995e-20 3.13528e-19 0.00291 0.00291 5.85493e-19 0.0014516 0.00291 0.0014516 0.00145163
2.915 -1.99997e-20 3.13532e-19 0.002915 0.002915 5.85494e-19 0.00145408 0.002915 0.00145408 0.0014541
2.92 -1.99998e-20 3.13536e-19 0.00292 0.00292 5.85496e-19 0.00145656 0.00292 0.00145656 0.00145658
2.925 -1.99999e-20 3.1354e-19 0.002925 0.002925 5.85497e-19 0.00145903 0.002925 0.00145903 0.00145906
2.93 -2e-20 3.13544e-19 0.00293 0.00293 5.85498e-19 0.00146151 0.00293 0.00146151 0.00146154
2.935 -2.00001e-20 3.13548e-19 0.002935 0.002935 5.85498e-19 0.00146399 0.002935 0.00146399 0.00146401
2.94 -2.00002e-20 3.13552e-19 0.00294 0.00294 5.85499e-19 0.00146646 0.00294 0.00146646 0.00146649
2.945 -2.00003e-20 3.13555e-19 0.002945 0.002945 5.855e-19 0.00146894 0.002945 0.00146894 0.00146897
2.95 -2.00003e-20 3.13559e-19 0.00295 0.00295 5.855e-19 0.00147142 0.00295 0.00147142 0.00147144
2.955 -2.00004e-20 3.13562e-19 0.002955 0.002955 5.85501e-19 0.0014739 0.002955 0.0014739 0.00147392
2.96 -2.00004e-20 3.13566e-19 0.00296 0.00296 5.85501e-19 0.00147637 0.00296 0.00147637 0.0014764
2.965 -2.00004e-20 3.13569e-19 0.002965 0.002965 5.85502e-19 0.00147885 0.002965 0.00147885 0.00147887
2.97 -2.00004e-20 3.13573e-19 0.00297 0.00297 5.85502e-19 0.00148133 0.00297 0.00148133 0.00148135
2.975 -2.00004e-20 3.13576e-19 0.002975 0.002975 5.85502e-19 0.0014838 0.002975 0.0014838 0.00148383
2.98 -2.00004e-20 3.13579e-19 0.00298 0.00298 5.85503e-19 0.00148628 0.00298 0.00148628 0.0014863
2.985 -2.00003e-20 3.13582e-19 0.002985 0.002985 5.85503e-19 0.00148876 0.002985 0.00148876 0.00148878
2.99 -2.00003e-20 3.13585e-19 0.00299 0.00299 5.85503e-19 0.00149123 0.00299 0.00149123 0.00149126
2.995 -2.00002e-20 3.13588e-19 0.002995 0.002995 5.85503e-19 0.00149371 0.002995 0.00149371 0.00149373
3 -2.00002e-20 3.13591e-19 0.003 0.003 5.85503e-19 0.00149619 0.003 0.00149619 0.00149621
3.005 -2.00001e-20 3.13594e-19 0.003005 0.003005 5.85503e-19 0.00149866 0.003005 0.00149866 0.00149869
3.01 -2e-20 3.13597e-19 0.00301 0.00301 5.85503e-19 0.00150114 0.00301 0.00150114 0.00150116
3.015 -1.99999e-20 3.136e-19 0.003015 0.003015 5.85503e-19 0.00150362 0.003015 0.00150362 0.00150364
3.02 -1.99998e-20 3.13603e-19 0.00302 0.00302 5.85503e-19 0.00150609 0.00302 0.00150609 0.00150612
3.025 -1.99997e-20 3.13605e-19 0.003025 0.003025 5.85503e-19 0.00150857 0.003025 0.00150857 0.00150859
3.03 -1.99996e-20 3.13608e-19 0.00303 0.00303 5.85502e-19 0.00151105 0.00303 0.00151105 0.00151107
3.035 -1.99995e-20 3.1361e-19 0.003035 0.003035 5.85502e-19 0.00151352 0.003035 0.00151352 0.00151355
3.04 -1.99994e-20 3.13613e-19 0.00304 0.00304 5.85502e-19 0.001516 0.00304 0.001516 0.00151603
3.045 -1.99993e-20 3.13615e-19 0.003045 0.003045 5.85501e-19 0.00151848 0.003045 0.00151848 0.0015185
3.05 -1.99991e-20 3.13618e-19 0.00305 0.00305 5.85501e-19 0.00152095 0.00305 0.00152095 0.00152098
3.055 -1.9999e-20 3.1362e-19 0.003055 0.003055 5.85501e-19 0.00152343 0.003055 0.00152343 0.00152346
3.06 -1.99988e-20 3.13623e-19 0.00306 0.00306 5.855e-19 0.00152591 0.00306 0.00152591 0.00152593
3.065 -1.99987e-20 3.13625e-19 0.003065 0.003065 5.855e-19 0.00152838 0.003065 0.00152838 0.00152841
3.07 -1.99985e-20 3.13627e-19 0.00307 0.00307 5.85499e-19 0.00153086 0.00307 0.00153086 0.00153089
3.075 -1.99984e-20 3.13629e-19 0.003075 0.003075 5.85499e-19 0.00153334 0.003075 0.00153334 0.00153336
3.08 -1.99982e-20 3.13632e-19 0.00308 0.00308 5.85498e-19 0.00153581 0.00308 0.00153581 0.00153584
3.085 -1.9998e-20 3.13634e-19 0.003085 0.003085 5.85498e-19 0.00153829 0.003085 0.00153829 0.00153832
3.09 -1.99978e-20 3.13636e-19 0.00309 0.00309 5.85497e-19 0.00154077 0.00309 0.00154077 0.00154079
3.095 -1.99977e-20 3.13638e-19 0.003095 0.003095 5.85497e-19 0.00154324 0.003095 0.00154324 0.00154327
3.1 -1.99975e-20 3.1364e-19 0.0031 0.0031 5.85496e-19 0.00154572 0.0031 0.00154572 0.00154575
3.105 -1.99973e-20 3.13642e-19 0.003105 0.003105 5.85495e-19 0.0015482 0.003105 0.0015482 0.00154822
3.11 -1.99971e-20 3.13644e-19 0.00311 0.00311 5.85495e-19 0.00155067 0.00311 0.00155067 0.0015507
3.115 -1.99969e-20 3.13646e-19 0.003115 0.003115 5.85494e-19 0.00155315 0.003115 0.00155315 0.00155318
3.12 -1.99967e-20 3.13648e-19 0.00312 0.00312 5.85493e-19 0.00155563 0.00312 0.00155563 0.00155565
3.125 -1.99965e-20 3.1365e-19 0.003125 0.003125 5.85493e-19 0.0015581 0.003125 0.0015581 0.00155813
3.13 -1.99963e-20 3.13651e-19 0.00313 0.00313 5.85492e-19 0.00156058 0.00313 0.00156058 0.00156061
3.135 -1.99961e-20 3.13653e-19 0.003135 0.003135 5.85491e-19 0.00156306 0.003135 0.00156306 0.00156308
3.14 -1.99959e-20 3.13655e-19 0.00314 0.00314 5.8549e-19 0.00156553 0.00314 0.00156553 0.00156556
3.145 -1.99957e-20 3.13657e-19 0.003145 0.003145 5.8549e-19 0.00156801 0.003145 0.00156801 0.00156804
3.15 -1.99955e-20 3.13658e-19 0.00315 0.00315 5.85489e-19 0.00157049 0.00315 0.00157049 0.00157051
3.155 -1.99953e-20 3.1366e-19 0.003155 0.003155 5.85488e-19 0.00157296 0.003155 0.00157296 0.00157299
3.16 -1.9995e-20 3.13662e-19 0.00316 0.00316 5.85487e-19 0.00157544 0.00316 0.00157544 0.00157547
3.165 -1.99948e-20 3.13663e-19 0.003165 0.003165 5.85487e-19 0.00157791 0.003165 0.00157791 0.00157794
3.17 -1.99946e-20 3.13665e-19 0.00317 0.00317 5.85486e-19 0.00158039 0.00317 0.00158039 0.00158042
3.175 -1.99944e-20 3.13667e-19 0.003175 0.003175 5.85485e-19 0.00158287 0.003175 0.00158287 0.0015829
3.18 -1.99942e-20 3.13668e-19 0.00318 0.00318 5.85484e-19 0.00158534 0.00318 0.00158534 0.00158537
3.185 -1.9994e-20 3.1367e-19 0.003185 0.003185 5.85483e-19 0.00158782 0.003185 0.00158782 0.00158785
3.19 -1.99937e-20 3.13671e-19 0.00319 0.00319 5.85482e-19 0.0015903 0.00319 0.0015903 0.00159033
3.195 -1.99935e-20 3.13673e-19 0.003195 0.003195 5.85482e-19 0.00159277 0.003195 0.00159277 0.0015928
3.2 -1.99933e-20 3.13674e-19 0.0032 0.0032 5.85481e-19 0.00159525 0.0032 0.00159525 0.00159528
3.205 -1.99931e-20 3.13676e-19 0.003205 0.003205 5.8548e-19 0.00159773 0.003205 0.00159773 0.00159776
3.21 -1.99928e-20 3.13677e-19 0.00321 0.00321 5.85479e-19 0.0016002 0.00321 0.0016002 0.00160023
3.215 -1.99926e-20 3.13678e-19 0.003215 0.003215 5.85478e-19 0.00160268 0.003215 0.00160268 0.00160271
3.22 -1.99924e-20 3.1368e-19 0.00322 0.00322 5.85477e-19 0.00160516 0.00322 0.00160516 0.00160518
3.225 -1.99922e-20 3.13681e-19 0.003225 0.003225 5.85476e-19 0.00160763 0.003225 0.00160763 0.00160766
3.23 -1.99919e-20 3.13682e-19 0.00323 0.00323 5.85476e-19 0.00161011 0.00323 0.00161011 0.00161014
3.235 -1.99917e-20 3.13684e-19 0.003235 0.003235 5.85475e-19 0.00161259 0.003235 0.00161259 0.00161261
3.24 -1.99915e-20 3.13685e-19 0.00324 0.00324 5.85474e-19 0.00161506 0.00324 0.00161506 0.00161509
3.245 -1.99912e-20 3.13686e-19 0.003245 0.003245 5.85473e-19 0.00161754 0.003245 0.00161754 0.00161757
3.25 -1.9991e-20 3.13688e-19 0.00325 0.00325 5.85472e-19 0.00162002 0.00325 0.00162002 0.00162004
3.255 -1.99908e-20 3.13689e-19 0.003255 0.003255 5.85471e-19 0.00162249 0.003255 0.00162249 0.00162252
3.26 -1.99906e-20 3.1369e-19 0.00326 0.00326 5.8547e-19 0.00162497 0.00326 0.00162497 0.001625
3.265 -1.99903e-20 3.13691e-19 0.003265 0.003265 5.85469e-19 0.00162745 0.003265 0.00162745 0.00162747
3.27 -1.99901e-20 3.13693e-19 0.00327 0.00327 5.85468e-19 0.00162992 0.00327 0.00162992 0.00162995
3.275 -1.99899e-20 3.13694e-19 0.003275 0.003275 5.85468e-19 0.0016324 0.003275 0.0016324 0.00163243
3.28 -1.99896e-20 3.13695e-19 0.00328 0.00328 5.85467e-19 0.00163488 0.00328 0.00163488 0.0016349
3.285 -1.99894e-20 3.13696e-19 0.003285 0.003285 5.85466e-19 0.00163735 0.003285 0.00163735 0.00163738
3.29 -1.99892e-20 3.13697e-19 0.00329 0.00329 5.85465e-19 0.00163983 0.00329 0.00163983 0.00163986
3.295 -1.9989e-20 3.13698e-19 0.003295 0.003295 5.85464e-19 0.00164231 0.003295 0.00164231 0.00164233
3.3 -1.99887e-20 3.13699e-19 0.0033 0.0033 5.85463e-19 0.00164478 0.0033 0.00164478 0.00164481
3.305 -1.99885e-20 3.13701e-19 0.003305 0.003305 5.85462e-19 0.00164726 0.003305 0.00164726 0.00164729
3.31 -1.99883e-20 3.13702e-19 0.00331 0.00331 5.85461e-19 0.00164973 0.00331 0.00164973 0.00164976
3.315 -1.99881e-20 3.13703e-19 0.003315 0.003315 5.8546e-19 0.00165221 0.003315 0.00165221 0.00165224
3.32 -1.99878e-20 3.13704e-19 0.00332 0.00332 5.8546e-19 0.00165469 0.00332 0.00165469 0.00165472
3.325 -1.99876e-20 3.13705e-19 0.003325 0.003325 5.85459e-19 0.00165716 0.003325 0.00165716 0.00165719
3.33 -1.99874e-20 3.13706e-19 0.00333 0.00333 5.85458e-19 0.00165964 0.00333 0.00165964 0.00165967
3.335 -1.99872e-20 3.13707e-19 0.003335 0.003335 5.85457e-19 0.00166212 0.003335 0.00166212 0.00166215
3.34 -1.99869e-20 3.13708e-19 0.00334 0.00334 5.85456e-19 0.00166459 0.00334 0.00166459 0.00166462
3.345 -1.99867e-20 3.13709e-19 0.003345 0.003345 5.85455e-19 0.00166707 0.003345 0.00166707 0.0016671
3.35 -1.99865e-20 3.1371e-19 0.00335 0.00335 5.85454e-19 0.00166955 0.00335 0.00166955 0.00166958
3.355 -1.99863e-20 3.13711e-19 0.003355 0.003355 5.85453e-19 0.00167202 0.003355 0.00167202 0.00167205
3.36 -1.99861e-20 3.13712e-19 0.00336 0.00336 5.85453e-19 0.0016745 0.00336 0.0016745 0.00167453
3.365 -1.99858e-20 3.13713e-19 0.003365 0.003365 5.85452e-19 0.00167698 0.003365 0.00167698 0.00167701
3.37 -1.99856e-20 3.13714e-19 0.00337 0.00337 5.85451e-19 0.00167945 0.00337 0.00167945 0.00167948
3.375 -1.99854e-20 3.13714e-19 0.003375 0.003375 5.8545e-19 0.00168193 0.003375 0.00168193 0.00168196
3.38 -1.99852e-20 3.13715e-19 0.00338 0.00338 5.85449e-19 0.00168441 0.00338 0.00168441 0.00168444
3.385 -1.9985e-20 3.13716e-19 0.003385 0.003385 5.85448e-19 0.00168688 0.003385 0.00168688 0.00168691
3.39 -1.99848e-20 3.13717e-19 0.00339 0.00339 5.85447e-19 0.00168936 0.00339 0.00168936 0.00168939
3.395 -1.99846e-20 3.13718e-19 0.003395 0.003395 5.85447e-19 0.00169184 0.003395 0.00169184 0.00169186
3.4 -1.99844e-20 3.13719e-19 0.0034 0.0034 5.85446e-19 0.00169431 0.0034 0.00169431 0.00169434
3.405 -1.99841e-20 3.1372e-19 0.003405 0.003405 5.85445e-19 0.00169679 0.003405 0.00169679 0.00169682
3.41 -1.99839e-20 3.13721e-19 0.00341 0.00341 5.85444e-19 0.00169926 0.00341 0.00169926 0.00169929
3.415 -1.99837e-20 3.13721e-19 0.003415 0.003415 5.85443e-19 0.00170174 0.003415 0.00170174 0.00170177
3.42 -1.99835e-20 3.13722e-19 0.00342 0.00342 5.85442e-19 0.00170422 0.00342 0.00170422 0.00170425
3.425 -1.99833e-20 3.13723e-19 0.003425 0.003425 5.85442e-19 0.00170669 0.003425 0.00170669 0.00170672
3.43 -1.99831e-20 3.13724e-19 0.00343 0.00343 5.85441e-19 0.00170917 0.00343 0.00170917 0.0017092
3.435 -1.99829e-20 3.13725e-19 0.003435 0.003435 5.8544e-19 0.00171165 0.003435 0.00171165 0.00171168
3.44 -1.99827e-20 3.13725e-19 0.00344 0.00344 5.85439e-19 0.00171412 0.00344 0.00171412 0.00171415
3.445 -1.99825e-20 3.13726e-19 0.003445 0.003445 5.85438e-19 0.0017166 0.003445 0.0017166 0.00171663
3.45 -1.99823e-20 3.13727e-19 0.00345 0.00345 5.85437e-19 0.00171908 0.00345 0.00171908 0.00171911
3.455 -1.99821e-20 3.13728e-19 0.003455 0.003455 5.85437e-19 0.00172155 0.003455 0.00172155 0.00172158
3.46 -1.99819e-20 3.13728e-19 0.00346 0.00346 5.85436e-19 0.00172403 0.00346 0.00172403 0.00172406
3.465 -1.99817e-20 3.13729e-19 0.003465 0.003465 5.85435e-19 0.00172651 0.003465 0.00172651 0.00172654
3.47 -1.99815e-20 3.1373e-19 0.00347 0.00347 5.85434e-19 0.00172898 0.00347 0.00172898 0.00172901
3.475 -1.99813e-20 3.13731e-19 0.003475 0.003475 5.85434e-19 0.00173146 0.003475 0.00173146 0.00173149
3.48 -1.99811e-20 3.13731e-19 0.00348 0.00348 5.85433e-19 0.00173394 0.00348 0.00173394 0.00173397
3.485 -1.99809e-20 3.13732e-19 0.003485 0.003485 5.85432e-19 0.00173641 0.003485 0.00173641 0.00173644
3.49 -1.99808e-20 3.13733e-19 0.00349 0.00349 5.85431e-19 0.00173889 0.00349 0.00173889 0.00173892
3.495 -1.99806e-20 3.13734e-19 0.003495 0.003495 5.8543e-19 0.00174137 0.003495 0.00174137 0.0017414
3.5 -1.99804e-20 3.13734e-19 0.0035 0.0035 5.8543e-19 0.00174384 0.0035 0.00174384 0.00174387
3.505 -1.99802e-20 3.13735e-19 0.003505 0.003505 5.85429e-19 0.00174632 0.003505 0.00174632 0.00174635
3.51 -1.998e-20 3.13736e-19 0.00351 0.00351 5.85428e-19 0.00174879 0.00351 0.00174879 0.00174882
3.515 -1.99798e-20 3.13736e-19 0.003515 0.003515 5.85427e-19 0.00175127 0.003515 0.00175127 0.0017513
3.52 -1.99796e-20 3.13737e-19 0.00352 0.00352 5.85427e-19 0.00175375 0.00352 0.00175375 0.00175378
3.525 -1.99795e-20 3.13738e-19 0.003525 0.003525 5.85426e-19 0.00175622 0.003525 0.00175622 0.00175625
3.53 -1.99793e-20 3.13738e-19 0.00353 0.00353 5.85425e-19 0.0017587 0.00353 0.0017587 0.00175873
3.535 -1.99791e-20 3.13739e-19 0.003535 0.003535 5.85425e-19 0.00176118 0.003535 0.00176118 0.00176121
3.54 -1.99789e-20 3.13739e-19 0.00354 0.00354 5.85424e-19 0.00176365 0.00354 0.00176365 0.00176368
3.545 -1.99787e-20 3.1374e-19 0.003545 0.003545 5.85423e-19 0.00176613 0.003545 0.00176613 0.00176616
3.55 -1.99786e-20 3.13741e-19 0.00355 0.00355 5.85422e-19 0.00176861 0.00355 0.00176861 0.00176864
3.555 -1.99784e-20 3.13741e-19 0.003555 0.003555 5.85422e-19 0.00177108 0.003555 0.00177108 0.00177111
3.56 -1.99782e-20 3.13742e-19 0.00356 0.00356 5.85421e-19 0.00177356 0.00356 0.00177356 0.00177359
3.565 -1.9978e-20 3.13743e-19 0.003565 0.003565 5.8542e-19 0.00177604 0.003565 0.00177604 0.00177607
3.57 -1.99779e-20 3.13743e-19 0.00357 0.00357 5.8542e-19 0.00177851 0.00357 0.00177851 0.00177854
3.575 -1.99777e-20 3.13744e-19 0.003575 0.003575 5.85419e-19 0.00178099 0.003575 0.00178099 0.00178102
3.58 -1.99775e-20 3.13744e-19 0.00358 0.00358 5.85418e-19 0.00178347 0.00358 0.00178347 0.0017835
3.585 -1.99774e-20 3.13745e-19 0.003585 0.003585 5.85418e-19 0.00178594 0.003585 0.00178594 0.00178597
3.59 -1.99772e-20 3.13746e-19 0.00359 0.00359 5.85417e-19 0.00178842 0.00359 0.00178842 0.00178845
3.595 -1.9977e-20 3.13746e-19 0.003595 0.003595 5.85416e-19 0.0017909 0.003595 0.0017909 0.00179093
3.6 -1.99769e-20 3.13747e-19 0.0036 0.0036 5.85416e-19 0.00179337 0.0036 0.00179337 0.0017934
3.605 -1.99767e-20 3.13747e-19 0.003605 0.003605 5.85415e-19 0.00179585 0.003605 0.00179585 0.00179588
3.61 -1.99765e-20 3.13748e-19 0.00361 0.00361 5.85414e-19 0.00179832 0.00361 0.00179832 0.00179836
3.615 -1.99764e-20 3.13748e-19 0.003615 0.003615 5.85414e-19 0.0018008 0.003615 0.0018008 0.00180083
3.62 -1.99762e-20 3.13749e-19 0.00362 0.00362 5.85413e-19 0.00180328 0.00362 0.00180328 0.00180331
3.625 -1.99761e-20 3.13749e-19 0.003625 0.003625 5.85412e-19 0.00180575 0.003625 0.00180575 0.00180578
3.63 -1.99759e-20 3.1375e-19 0.00363 0.00363 5.85412e-19 0.00180823 0.00363 0.00180823 0.00180826
3.635 -1.99758e-20 3.1375e-19 0.003635 0.003635 5.85411e-19 0.00181071 0.003635 0.00181071 0.00181074
3.64 -1.99756e-20 3.13751e-19 0.00364 0.00364 5.8541e-19 0.00181318 0.00364 0.00181318 0.00181321
3.645 -1.99755e-20 3.13751e-19 0.003645 0.003645 5.8541e-19 0.00181566 0.003645 0.00181566 0.00181569
3.65 -1.99753e-20 3.13752e-19 0.00365 0.00365 5.85409e-19 0.00181814 0.00365 0.00181814 0.00181817
3.655 -1.99751e-20 3.13752e-19 0.003655 0.003655 5.85409e-19 0.00182061 0.003655 0.00182061 0.00182064
3.66 -1.9975e-20 3.13753e-19 0.00366 0.00366 5.85408e-19 0.00182309 0.00366 0.00182309 0.00182312
3.665 -1.99749e-20 3.13753e-19 0.003665 0.003665 5.85407e-19 0.00182557 0.003665 0.00182557 0.0018256
3.67 -1.99747e-20 3.13754e-19 0.00367 0.00367 5.85407e-19 0.00182804 0.00367 0.00182804 0.00182807
3.675 -1.99746e-20 3.13754e-19 0.003675 0.003675 5.85406e-19 0.00183052 0.003675 0.00183052 0.00183055
3.68 -1.99744e-20 3.13755e-19 0.00368 0.00368 5.85406e-19 0.001833 0.00368 0.001833 0.00183303
3.685 -1.99743e-20 3.13755e-19 0.003685 0.003685 5.85405e-19 0.00183547 0.003685 0.00183547 0.0018355
3.69 -1.99741e-20 3.13756e-19 0.00369 0.00369 5.85404e-19 0.00183795 0.00369 0.00183795 0.00183798
3.695 -1.9974e-20 3.13756e-19 0.003695 0.003695 5.85404e-19 0.00184042 0.003695 0.00184042 0.00184046
3.7 -1.99738e-20 3.13757e-19 0.0037 0.0037 5.85403e-19 0.0018429 0.0037 0.0018429 0.00184293
3.705 -1.99737e-20 3.13757e-19 0.003705 0.003705 5.85403e-19 0.00184538 0.003705 0.00184538 0.00184541
3.71 -1.99736e-20 3.13758e-19 0.00371 0.00371 5.85402e-19 0.00184785 0.00371 0.00184785 0.00184789
3.715 -1.99734e-20 3.13758e-19 0.003715 0.003715 5.85402e-19 0.00185033 0.003715 0.00185033 0.00185036
3.72 -1.99733e-20 3.13759e-19 0.00372 0.00372 5.85401e-19 0.00185281 0.00372 0.00185281 0.00185284
3.725 -1.99732e-20 3.13759e-19 0.003725 0.003725 5.85401e-19 0.00185528 0.003725 0.00185528 0.00185532
3.73 -1.9973e-20 3.13759e-19 0.00373 0.00373 5.854e-19 0.00185776 0.00373 0.00185776 0.00185779
3.735 -1.99729e-20 3.1376e-19 0.003735 0.003735 5.85399e-19 0.00186024 0.003735 0.00186024 0.00186027
3.74 -1.99728e-20 3.1376e-19 0.00374 0.00374 5.85399e-19 0.00186271 0.00374 0.00186271 0.00186274
3.745 -1.99726e-20 3.13761e-19 0.003745 0.003745 5.85398e-19 0.00186519 0.003745 0.00186519 0.00186522
3.75 -1.99725e-20 3.13761e-19 0.00375 0.00375 5.85398e-19 0.00186767 0.00375 0.00186767 0.0018677
3.755 -1.99724e-20 3.13762e-19 0.003755 0.003755 5.85397e-19 0.00187014 0.003755 0.00187014 0.00187017
3.76 -1.99722e-20 3.13762e-19 0.00376 0.00376 5.85397e-19 0.00187262 0.00376 0.00187262 0.00187265
3.765 -1.99721e-20 3.13762e-19 0.003765 0.003765 5.85396e-19 0.0018751 0.003765 0.0018751 0.00187513
3.77 -1.9972e-20 3.13763e-19 0.00377 0.00377 5.85396e-19 0.00187757 0.00377 0.00187757 0.0018776
3.775 -1.99719e-20 3.13763e-19 0.003775 0.003775 5.85395e-19 0.00188005 0.003775 0.00188005 0.00188008
3.78 -1.99717e-20 3.13764e-19 0.00378 0.00378 5.85395e-19 0.00188252 0.00378 0.00188252 0.00188256
3.785 -1.99716e-20 3.13764e-19 0.003785 0.003785 5.85394e-19 0.001885 0.003785 0.001885 0.00188503
3.79 -1.99715e-20 3.13764e-19 0.00379 0.00379 5.85394e-19 0.00188748 0.00379 0.00188748 0.00188751
3.795 -1.99714e-20 3.13765e-19 0.003795 0.003795 5.85393e-19 0.00188995 0.003795 0.00188995 0.00188999
3.8 -1.99712e-20 3.13765e-19 0.0038 0.0038 5.85393e-19 0.00189243 0.0038 0.00189243 0.00189246
3.805 -1.99711e-20 3.13766e-19 0.003805 0.003805 5.85392e-19 0.00189491 0.003805 0.00189491 0.00189494
3.81 -1.9971e-20 3.13766e-19 0.00381 0.00381 5.85392e-19 0.00189738 0.00381 0.00189738 0.00189742
3.815 -1.99709e-20 3.13766e-19 0.003815 0.003815 5.85391e-19 0.00189986 0.003815 0.00189986 0.00189989
3.82 -1.99708e-20 3.13767e-19 0.00382 0.00382 5.85391e-19 0.00190234 0.00382 0.00190234 0.00190237
3.825 -1.99707e-20 3.13767e-19 0.003825 0.003825 5.8539e-19 0.00190481 0.003825 0.00190481 0.00190485
3.83 -1.99705e-20 3.13767e-19 0.00383 0.00383 5.8539e-19 0.00190729 0.00383 0.00190729 0.00190732
3.835 -1.99704e-20 3.13768e-19 0.003835 0.003835 5.8539e-19 0.00190977 0.003835 0.00190977 0.0019098
3.84 -1.99703e-20 3.13768e-19 0.00384 0.00384 5.85389e-19 0.00191224 0.00384 0.00191224 0.00191227
3.845 -1.99702e-20 3.13769e-19 0.003845 0.003845 5.85389e-19 0.00191472 0.003845 0.00191472 0.00191475
3.85 -1.99701e-20 3.13769e-19 0.00385 0.00385 5.85388e-19 0.0019172 0.00385 0.0019172 0.00191723
3.855 -1.997e-20 3.13769e-19 0.003855 0.003855 5.85388e-19 0.00191967 0.003855 0.00191967 0.0019197
3.86 -1.99699e-20 3.1377e-19 0.00386 0.00386 5.85387e-19 0.00192215 0.00386 0.00192215 0.00192218
3.865 -1.99698e-20 3.1377e-19 0.003865 0.003865 5.85387e-19 0.00192463 0.003865 0.00192463 0.00192466
3.87 -1.99697e-20 3.1377e-19 0.00387 0.00387 5.85386e-19 0.0019271 0.00387 0.0019271 0.00192713
3.875 -1.99696e-20 3.13771e-19 0.003875 0.003875 5.85386e-19 0.00192958 0.003875 0.00192958 0.00192961
3.88 -1.99695e-20 3.13771e-19 0.00388 0.00388 5.85386e-19 0.00193205 0.00388 0.00193205 0.00193209
3.885 -1.99693e-20 3.13771e-19 0.003885 0.003885 5.85385e-19 0.00193453 0.003885 0.00193453 0.00193456
3.89 -1.99692e-20 3.13772e-19 0.00389 0.00389 5.85385e-19 0.00193701 0.00389 0.00193701 0.00193704
3.895 -1.99691e-20 3.13772e-19 0.003895 0.003895 5.85384e-19 0.00193948 0.003895 0.00193948 0.00193952
3.9 -1.9969e-20 3.13772e-19 0.0039 0.0039 5.85384e-19 0.00194196 0.0039 0.00194196 0.00194199
3.905 -1.99689e-20 3.13773e-19 0.003905 0.003905 5.85383e-19 0.00194444 0.003905 0.00194444 0.00194447
3.91 -1.99688e-20 3.13773e-19 0.00391 0.00391 5.85383e-19 0.00194691 0.00391 0.00194691 0.00194695
3.915 -1.99687e-20 3.13773e-19 0.003915 0.003915 5.85383e-19 0.00194939 0.003915 0.00194939 0.00194942
3.92 -1.99686e-20 3.13773e-19 0.00392 0.00392 5.85382e-19 0.00195187 0.00392 0.00195187 0.0019519
3.925 -1.99685e-20 3.13774e-19 0.003925 0.003925 5.85382e-19 0.00195434 0.003925 0.00195434 0.00195438
3.93 -1.99684e-20 3.13774e-19 0.00393 0.00393 5.85381e-19 0.00195682 0.00393 0.00195682 0.00195685
3.935 -1.99683e-20 3.13774e-19 0.003935 0.003935 5.85381e-19 0.0019593 0.003935 0.0019593 0.00195933
3.94 -1.99683e-20 3.13775e-19 0.00394 0.00394 5.85381e-19 0.00196177 0.00394 0.00196177 0.0019618
3.945 -1.99682e-20 3.13775e-19 0.003945 0.003945 5.8538e-19 0.00196425 0.003945 0.00196425 0.00196428
3.95 -1.99681e-20 3.13775e-19 0.00395 0.00395 5.8538e-19 0.00196673 0.00395 0.00196673 0.00196676
3.955 -1.9968e-20 3.13776e-19 0.003955 0.003955 5.8538e-19 0.0019692 0.003955 0.0019692 0.00196923
3.96 -1.99679e-20 3.13776e-19 0.00396 0.00396 5.85379e-19 0.00197168 0.00396 0.00197168 0.00197171
3.965 -1.99678e-20 3.13776e-19 0.003965 0.003965 5.85379e-19 0.00197415 0.003965 0.00197415 0.00197419
3.97 -1.99677e-20 3.13776e-19 0.00397 0.00397 5.85378e-19 0.00197663 0.00397 0.00197663 0.00197666
3.975 -1.99676e-20 3.13777e-19 0.003975 0.003975 5.85378e-19 0.00197911 0.003975 0.00197911 0.00197914
3.98 -1.99675e-20 3.13777e-19 0.00398 0.00398 5.85378e-19 0.00198158 0.00398 0.00198158 0.00198162
3.985 -1.99674e-20 3.13777e-19 0.003985 0.003985 5.85377e-19 0.00198406 0.003985 0.00198406 0.00198409
3.99 -1.99673e-20 3.13778e-19 0.00399 0.00399 5.85377e-19 0.00198654 0.00399 0.00198654 0.00198657
3.995 -1.99673e-20 3.13778e-19 0.003995 0.003995 5.85377e-19 0.00198901 0.003995 0.00198901 0.00198905
4 -1.99672e-20 3.13778e-19 0.004 0.004 5.85376e-19 0.00199149 0.004 0.00199149 0.00199152
4.005 -1.99671e-20 3.13778e-19 0.004005 0.004005 5.85376e-19 0.00199397 0.004005 0.00199397 0.001994
4.01 -1.9967e-20 3.13779e-19 0.00401 0.00401 5.85376e-19 0.00199644 0.00401 0.00199644 0.00199648
4.015 -1.99669e-20 3.13779e-19 0.004015 0.004015 5.85375e-19 0.00199892 0.004015 0.00199892 0.00199895
4.02 -1.99668e-20 3.13779e-19 0.00402 0.00402 5.85375e-19 0.0020014 0.00402 0.0020014 0.00200143
4.025 -1.99667e-20 3.13779e-19 0.004025 0.004025 5.85375e-19 0.00200387 0.004025 0.00200387 0.00200391
4.03 -1.99667e-20 3.1378e-19 0.00403 0.00403 5.85374e-19 0.00200635 0.00403 0.00200635 0.00200638
4.035 -1.99666e-20 3.1378e-19 0.004035 0.004035 5.85374e-19 0.00200883 0.004035 0.00200883 0.00200886
4.04 -1.99665e-20 3.1378e-19 0.00404 0.00404 5.85374e-19 0.0020113 0.00404 0.0020113 0.00201133
4.045 -1.99664e-20 3.1378e-19 0.004045 0.004045 5.85373e-19 0.00201378 0.004045 0.00201378 0.00201381
4.05 -1.99663e-20 3.13781e-19 0.00405 0.00405 5.85373e-19 0.00201626 0.00405 0.00201626 0.00201629
4.055 -1.99663e-20 3.13781e-19 0.004055 0.004055 5.85373e-19 0.00201873 0.004055 0.00201873 0.00201876
4.06 -1.99662e-20 3.13781e-19 0.00406 0.00406 5.85372e-19 0.00202121 0.00406 0.00202121 0.00202124
4.065 -1.99661e-20 3.13781e-19 0.004065 0.004065 5.85372e-19 0.00202368 0.004065 0.00202368 0.00202372
4.07 -1.9966e-20 3.13782e-19 0.00407 0.00407 5.85372e-19 0.00202616 0.00407 0.00202616 0.00202619
4.075 -1.9966e-20 3.13782e-19 0.004075 0.004075 5.85371e-19 0.00202864 0.004075 0.00202864 0.00202867
4.08 -1.99659e-20 3.13782e-19 0.00408 0.00408 5.85371e-19 0.00203111 0.00408 0.00203111 0.00203115
4.085 -1.99658e-20 3.13782e-19 0.004085 0.004085 5.85371e-19 0.00203359 0.004085 0.00203359 0.00203362
4.09 -1.99657e-20 3.13782e-19 0.00409 0.00409 5.8537e-19 0.00203607 0.00409 0.00203607 0.0020361
4.095 -1.99657e-20 3.13783e-19 0.004095 0.004095 5.8537e-19 0.00203854 0.004095 0.00203854 0.00203858
4.1 -1.99656e-20 3.13783e-19 0.0041 0.0041 5.8537e-19 0.00204102 0.0041 0.00204102 0.00204105
4.105 -1.99655e-20 3.13783e-19 0.004105 0.004105 5.8537e-19 0.0020435 0.004105 0.0020435 0.00204353
4.11 -1.99654e-20 3.13783e-19 0.00411 0.00411 5.85369e-19 0.00204597 0.00411 0.00204597 0.00204601
4.115 -1.99654e-20 3.13784e-19 0.004115 0.004115 5.85369e-19 0.00204845 0.004115 0.00204845 0.00204848
4.12 -1.99653e-20 3.13784e-19 0.00412 0.00412 5.85369e-19 0.00205093 0.00412 0.00205093 0.00205096
4.125 -1.99652e-20 3.13784e-19 0.004125 0.004125 5.85368e-19 0.0020534 0.004125 0.0020534 0.00205343
4.13 -1.99652e-20 3.13784e-19 0.00413 0.00413 5.85368e-19 0.00205588 0.00413 0.00205588 0.00205591
4.135 -1.99651e-20 3.13784e-19 0.004135 0.004135 5.85368e-19 0.00205836 0.004135 0.00205836 0.00205839
4.14 -1.9965e-20 3.13785e-19 0.00414 0.00414 5.85368e-19 0.00206083 0.00414 0.00206083 0.00206086
4.145 -1.9965e-20 3.13785e-19 0.004145 0.004145 5.85367e-19 0.00206331 0.004145 0.00206331 0.00206334
4.15 -1.99649e-20 3.13785e-19 0.00415 0.00415 5.85367e-19 0.00206578 0.00415 0.00206578 0.00206582
4.155 -1.99648e-20 3.13785e-19 0.004155 0.004155 5.85367e-19 0.00206826 0.004155 0.00206826 0.00206829
4.16 -1.99648e-20 3.13785e-19 0.00416 0.00416 5.85367e-19 0.00207074 0.00416 0.00207074 0.00207077
4.165 -1.99647e-20 3.13786e-19 0.004165 0.004165 5.85366e-19 0.00207321 0.004165 0.00207321 0.00207325
4.17 -1.99646e-20 3.13786e-19 0.00417 0.00417 5.85366e-19 0.00207569 0.00417 0.00207569 0.00207572
4.175 -1.99646e-20 3.13786e-19 0.004175 0.004175 5.85366e-19 0.00207817 0.004175 0.00207817 0.0020782
4.18 -1.99645e-20 3.13786e-19 0.00418 0.00418 5.85365e-19 0.00208064 0.00418 0.00208064 0.00208068
4.185 -1.99644e-20 3.13786e-19 0.004185 0.004185 5.85365e-19 0.00208312 0.004185 0.00208312 0.00208315
4.19 -1.99644e-20 3.13787e-19 0.00419 0.00419 5.85365e-19 0.0020856 0.00419 0.0020856 0.00208563
4.195 -1.99643e-20 3.13787e-19 0.004195 0.004195 5.85365e-19 0.00208807 0.004195 0.00208807 0.00208811
4.2 -1.99643e-20 3.13787e-19 0.0042 0.0042 5.85364e-19 0.00209055 0.0042 0.00209055 0.00209058
4.205 -1.99642e-20 3.13787e-19 0.004205 0.004205 5.85364e-19 0.00209303 0.004205 0.00209303 0.00209306
4.21 -1.99641e-20 3.13787e-19 0.00421 0.00421 5.85364e-19 0.0020955 0.00421 0.0020955 0.00209554
4.215 -1.99641e-20 3.13788e-19 0.004215 0.004215 5.85364e-19 0.00209798 0.004215 0.00209798 0.00209801
4.22 -1.9964e-20 3.13788e-19 0.00422 0.00422 5.85363e-19 0.00210046 0.00422 0.00210046 0.00210049
4.225 -1.9964e-20 3.13788e-19 0.004225 0.004225 5.85363e-19 0.00210293 0.004225 0.00210293 0.00210296
4.23 -1.99639e-20 3.13788e-19 0.00423 0.00423 5.85363e-19 0.00210541 0.00423 0.00210541 0.00210544
4.235 -1.99638e-20 3.13788e-19 0.004235 0.004235 5.85363e-19 0.00210789 0.004235 0.00210789 0.00210792
4.24 -1.99638e-20 3.13789e-19 0.00424 0.00424 5.85363e-19 0.00211036 0.00424 0.00211036 0.00211039
4.245 -1.99637e-20 3.13789e-19 0.004245 0.004245 5.85362e-19 0.00211284 0.004245 0.00211284 0.00211287
4.25 -1.99637e-20 3.13789e-19 0.00425 0.00425 5.85362e-19 0.00211531 0.00425 0.00211531 0.00211535
4.255 -1.99636e-20 3.13789e-19 0.004255 0.004255 5.85362e-19 0.00211779 0.004255 0.00211779 0.00211782
4.26 -1.99636e-20 3.13789e-19 0.00426 0.00426 5.85362e-19 0.00212027 0.00426 0.00212027 0.0021203
4.265 -1.99635e-20 3.13789e-19 0.004265 0.004265 5.85361e-19 0.00212274 0.004265 0.00212274 0.00212278
4.27 -1.99634e-20 3.1379e-19 0.00427 0.00427 5.85361e-19 0.00212522 0.00427 0.00212522 0.00212525
4.275 -1.99634e-20 3.1379e-19 0.004275 0.004275 5.85361e-19 0.0021277 0.004275 0.0021277 0.00212773
4.28 -1.99633e-20 3.1379e-19 0.00428 0.00428 5.85361e-19 0.00213017 0.00428 0.00213017 0.00213021
4.285 -1.99633e-20 3.1379e-19 0.004285 0.004285 5.85361e-19 0.00213265 0.004285 0.00213265 0.00213268
4.29 -1.99632e-20 3.1379e-19 0.00429 0.00429 5.8536e-19 0.00213513 0.00429 0.00213513 0.00213516
4.295 -1.99632e-20 3.1379e-19 0.004295 0.004295 5.8536e-19 0.0021376 0.004295 0.0021376 0.00213764
4.3 -1.99631e-20 3.13791e-19 0.0043 0.0043 5.8536e-19 0.00214008 0.0043 0.00214008 0.00214011
4.305 -1.99631e-20 3.13791e-19 0.004305 0.004305 5.8536e-19 0.00214256 0.004305 0.00214256 0.00214259
4.31 -1.9963e-20 3.13791e-19 0.00431 0.00431 5.8536e-19 0.00214503 0.00431 0.00214503 0.00214507
4.315 -1.9963e-20 3.13791e-19 0.004315 0.004315 5.85359e-19 0.00214751 0.004315 0.00214751 0.00214754
4.32 -1.99629e-20 3.13791e-19 0.00432 0.00432 5.85359e-19 0.00214999 0.00432 0.00214999 0.00215002
4.325 -1.99629e-20 3.13791e-19 0.004325 0.004325 5.85359e-19 0.00215246 0.004325 0.00215246 0.00215249
4.33 -1.99628e-20 3.13791e-19 0.00433 0.00433 5.85359e-19 0.00215494 0.00433 0.00215494 0.00215497
4.335 -1.99628e-20 3.13792e-19 0.004335 0.004335 5.85358e-19 0.00215741 0.004335 0.00215741 0.00215745
4.34 -1.99627e-20 3.13792e-19 0.00434 0.00434 5.85358e-19 0.00215989 0.00434 0.00215989 0.00215992
4.345 -1.99627e-20 3.13792e-19 0.004345 0.004345 5.85358e-19 0.00216237 0.004345 0.00216237 0.0021624
4.35 -1.99626e-20 3.13792e-19 0.00435 0.00435 5.85358e-19 0.00216484 0.00435 0.00216484 0.00216488
4.355 -1.99626e-20 3.13792e-19 0.004355 0.004355 5.85358e-19 0.00216732 0.004355 0.00216732 0.00216735
4.36 -1.99625e-20 3.13792e-19 0.00436 0.00436 5.85358e-19 0.0021698 0.00436 0.0021698 0.00216983
4.365 -1.99625e-20 3.13792e-19 0.004365 0.004365 5.85357e-19 0.00217227 0.004365 0.00217227 0.00217231
4.37 -1.99625e-20 3.13793e-19 0.00437 0.00437 5.85357e-19 0.00217475 0.00437 0.00217475 0.00217478
4.375 -1.99624e-20 3.13793e-19 0.004375 0.004375 5.85357e-19 0.00217723 0.004375 0.00217723 0.00217726
4.38 -1.99624e-20 3.13793e-19 0.00438 0.00438 5.85357e-19 0.0021797 0.00438 0.0021797 0.00217974
4.385 -1.99623e-20 3.13793e-19 0.004385 0.004385 5.85357e-19 0.00218218 0.004385 0.00218218 0.00218221
4.39 -1.99623e-20 3.13793e-19 0.00439 0.00439 5.85356e-19 0.00218466 0.00439 0.00218466 0.00218469
4.395 -1.99622e-20 3.13793e-19 0.004395 0.004395 5.85356e-19 0.00218713 0.004395 0.00218713 0.00218717
4.4 -1.99622e-20 3.13793e-19 0.0044 0.0044 5.85356e-19 0.00218961 0.0044 0.00218961 0.00218964
4.405 -1.99621e-20 3.13794e-19 0.004405 0.004405 5.85356e-19 0.00219209 0.004405 0.00219209 0.00219212
4.41 -1.99621e-20 3.13794e-19 0.00441 0.00441 5.85356e-19 0.00219456 0.00441 0.00219456 0.0021946
4.415 -1.99621e-20 3.13794e-19 0.004415 0.004415 5.85356e-19 0.00219704 0.004415 0.00219704 0.00219707
4.42 -1.9962e-20 3.13794e-19 0.00442 0.00442 5.85355e-19 0.00219952 0.00442 0.00219952 0.00219955
4.425 -1.9962e-20 3.13794e-19 0.004425 0.004425 5.85355e-19 0.00220199 0.004425 0.00220199 0.00220202
4.43 -1.99619e-20 3.13794e-19 0.00443 0.00443 5.85355e-19 0.00220447 0.00443 0.00220447 0.0022045
4.435 -1.99619e-20 3.13794e-19 0.004435 0.004435 5.85355e-19 0.00220694 0.004435 0.00220694 0.00220698
4.44 -1.99618e-20 3.13794e-19 0.00444 0.00444 5.85355e-19 0.00220942 0.00444 0.00220942 0.00220945
4.445 -1.99618e-20 3.13795e-19 0.004445 0.004445 5.85355e-19 0.0022119 0.004445 0.0022119 0.00221193
4.45 -1.99618e-20 3.13795e-19 0.00445 0.00445 5.85354e-19 0.00221437 0.00445 0.00221437 0.00221441
4.455 -1.99617e-20 3.13795e-19 0.004455 0.004455 5.85354e-19 0.00221685 0.004455 0.00221685 0.00221688
4.46 -1.99617e-20 3.13795e-19 0.00446 0.00446 5.85354e-19 0.00221933 0.00446 0.00221933 0.00221936
4.465 -1.99617e-20 3.13795e-19 0.004465 0.004465 5.85354e-19 0.0022218 0.004465 0.0022218 0.00222184
4.47 -1.99616e-20 3.13795e-19 0.00447 0.00447 5.85354e-19 0.00222428 0.00447 0.00222428 0.00222431
4.475 -1.99616e-20 3.13795e-19 0.004475 0.004475 5.85354e-19 0.00222676 0.004475 0.00222676 0.00222679
4.48 -1.99615e-20 3.13795e-19 0.00448 0.00448 5.85353e-19 0.00222923 0.00448 0.00222923 0.00222927
4.485 -1.99615e-20 3.13796e-19 0.004485 0.004485 5.85353e-19 0.00223171 0.004485 0.00223171 0.00223174
4.49 -1.99615e-20 3.13796e-19 0.00449 0.00449 5.85353e-19 0.00223419 0.00449 0.00223419 0.00223422
4.495 -1.99614e-20 3.13796e-19 0.004495 0.004495 5.85353e-19 0.00223666 0.004495 0.00223666 0.0022367
4.5 -1.99614e-20 3.13796e-19 0.0045 0.0045 5.85353e-19 0.00223914 0.0045 0.00223914 0.00223917
4.505 -1.99614e-20 3.13796e-19 0.004505 0.004505 5.85353e-19 0.00224162 0.004505 0.00224162 0.00224165
4.51 -1.99613e-20 3.13796e-19 0.00451 0.00451 5.85353e-19 0.00224409 0.00451 0.00224409 0.00224413
4.515 -1.99613e-20 3.13796e-19 0.004515 0.004515 5.85352e-19 0.00224657 0.004515 0.00224657 0.0022466
4.52 -1.99612e-20 3.13796e-19 0.00452 0.00452 5.85352e-19 0.00224904 0.00452 0.00224904 0.00224908
4.525 -1.99612e-20 3.13796e-19 0.004525 0.004525 5.85352e-19 0.00225152 0.004525 0.00225152 0.00225155
4.53 -1.99612e-20 3.13796e-19 0.00453 0.00453 5.85352e-19 0.002254 0.00453 0.002254 0.00225403
4.535 -1.99611e-20 3.13797e-19 0.004535 0.004535 5.85352e-19 0.00225647 0.004535 0.00225647 0.00225651
4.54 -1.99611e-20 3.13797e-19 0.00454 0.00454 5.85352e-19 0.00225895 0.00454 0.00225895 0.00225898
4.545 -1.99611e-20 3.13797e-19 0.004545 0.004545 5.85352e-19 0.00226143 0.004545 0.00226143 0.00226146
4.55 -1.9961e-20 3.13797e-19 0.00455 0.00455 5.85351e-19 0.0022639 0.00455 0.0022639 0.00226394
4.555 -1.9961e-20 3.13797e-19 0.004555 0.004555 5.85351e-19 0.00226638 0.004555 0.00226638 0.00226641
4.56 -1.9961e-20 3.13797e-19 0.00456 0.00456 5.85351e-19 0.00226886 0.00456 0.00226886 0.00226889
4.565 -1.99609e-20 3.13797e-19 0.004565 0.004565 5.85351e-19 0.00227133 0.004565 0.00227133 0.00227137
4.57 -1.99609e-20 3.13797e-19 0.00457 0.00457 5.85351e-19 0.00227381 0.00457 0.00227381 0.00227384
4.575 -1.99609e-20 3.13797e-19 0.004575 0.004575 5.85351e-19 0.00227629 0.004575 0.00227629 0.00227632
4.58 -1.99608e-20 3.13798e-19 0.00458 0.00458 5.85351e-19 0.00227876 0.00458 0.00227876 0.0022788
4.585 -1.99608e-20 3.13798e-19 0.004585 0.004585 5.85351e-19 0.00228124 0.004585 0.00228124 0.00228127
4.59 -1.99608e-20 3.13798e-19 0.00459 0.00459 5.8535e-19 0.00228372 0.00459 0.00228372 0.00228375
4.595 -1.99607e-20 3.13798e-19 0.004595 0.004595 5.8535e-19 0.00228619 0.004595 0.00228619 0.00228623
4.6 -1.99607e-20 3.13798e-19 0.0046 0.0046 5.8535e-19 0.00228867 0.0046 0.00228867 0.0022887
4.605 -1.99607e-20 3.13798e-19 0.004605 0.004605 5.8535e-19 0.00229115 0.004605 0.00229115 0.00229118
4.61 -1.99607e-20 3.13798e-19 0.00461 0.00461 5.8535e-19 0.00229362 0.00461 0.00229362 0.00229365
4.615 -1.99606e-20 3.13798e-19 0.004615 0.004615 5.8535e-19 0.0022961 0.004615 0.0022961 0.00229613
4.62 -1.99606e-20 3.13798e-19 0.00462 0.00462 5.8535e-19 0.00229857 0.00462 0.00229857 0.00229861
4.625 -1.99606e-20 3.13798e-19 0.004625 0.004625 5.8535e-19 0.00230105 0.004625 0.00230105 0.00230108
4.63 -1.99605e-20 3.13798e-19 0.00463 0.00463 5.85349e-19 0.00230353 0.00463 0.00230353 0.00230356
4.635 -1.99605e-20 3.13799e-19 0.004635 0.004635 5.85349e-19 0.002306 0.004635 0.002306 0.00230604
4.64 -1.99605e-20 3.13799e-19 0.00464 0.00464 5.85349e-19 0.00230848 0.00464 0.00230848 0.00230851
4.645 -1.99605e-20 3.13799e-19 0.004645 0.004645 5.85349e-19 0.00231096 0.004645 0.00231096 0.00231099
4.65 -1.99604e-20 3.13799e-19 0.00465 0.00465 5.85349e-19 0.00231343 0.00465 0.00231343 0.00231347
4.655 -1.99604e-20 3.13799e-19 0.004655 0.004655 5.85349e-19 0.00231591 0.004655 0.00231591 0.00231594
4.66 -1.99604e-20 3.13799e-19 0.00466 0.00466 5.85349e-19 0.00231839 0.00466 0.00231839 0.00231842
4.665 -1.99603e-20 3.13799e-19 0.004665 0.004665 5.85349e-19 0.00232086 0.004665 0.00232086 0.0023209
4.67 -1.99603e-20 3.13799e-19 0.00467 0.00467 5.85348e-19 0.00232334 0.00467 0.00232334 0.00232337
4.675 -1.99603e-20 3.13799e-19 0.004675 0.004675 5.85348e-19 0.00232582 0.004675 0.00232582 0.00232585
4.68 -1.99603e-20 3.13799e-19 0.00468 0.00468 5.85348e-19 0.00232829 0.00468 0.00232829 0.00232833
4.685 -1.99602e-20 3.13799e-19 0.004685 0.004685 5.85348e-19 0.00233077 0.004685 0.00233077 0.0023308
4.69 -1.99602e-20 3.13799e-19 0.00469 0.00469 5.85348e-19 0.00233325 0.00469 0.00233325 0.00233328
4.695 -1.99602e-20 3.138e-19 0.004695 0.004695 5.85348e-19 0.00233572 0.004695 0.00233572 0.00233576
4.7 -1.99602e-20 3.138e-19 0.0047 0.0047 5.85348e-19 0.0023382 0.0047 0.0023382 0.00233823
4.705 -1.99601e-20 3.138e-19 0.004705 0.004705 5.85348e-19 0.00234067 0.004705 0.00234067 0.00234071
4.71 -1.99601e-20 3.138e-19 0.00471 0.00471 5.85348e-19 0.00234315 0.00471 0.00234315 0.00234318
4.715 -1.99601e-20 3.138e-19 0.004715 0.004715 5.85348e-19 0.00234563 0.004715 0.00234563 0.00234566
4.72 -1.99601e-20 3.138e-19 0.00472 0.00472 5.85347e-19 0.0023481 0.00472 0.0023481 0.00234814
4.725 -1.996e-20 3.138e-19 0.004725 0.004725 5.85347e-19 0.00235058 0.004725 0.00235058 0.00235061
4.73 -1.996e-20 3.138e-19 0.00473 0.00473 5.85347e-19 0.00235306 0.00473 0.00235306 0.00235309
4.735 -1.996e-20 3.138e-19 0.004735 0.004735 5.85347e-19 0.00235553 0.004735 0.00235553 0.00235557
4.74 -1.996e-20 3.138e-19 0.00474 0.00474 5.85347e-19 0.00235801 0.00474 0.00235801 0.00235804
4.745 -1.99599e-20 3.138e-19 0.004745 0.004745 5.85347e-19 0.00236049 0.004745 0.00236049 0.00236052
4.75 -1.99599e-20 3.138e-19 0.00475 0.00475 5.85347e-19 0.00236296 0.00475 0.00236296 0.002363
4.755 -1.99599e-20 3.138e-19 0.004755 0.004755 5.85347e-19 0.00236544 0.004755 0.00236544 0.00236547
4.76 -1.99599e-20 3.13801e-19 0.00476 0.00476 5.85347e-19 0.00236792 0.00476 0.00236792 0.00236795
4.765 -1.99598e-20 3.13801e-19 0.004765 0.004765 5.85347e-19 0.00237039 0.004765 0.00237039 0.00237043
4.77 -1.99598e-20 3.13801e-19 0.00477 0.00477 5.85346e-19 0.00237287 0.00477 0.00237287 0.0023729
4.775 -1.99598e-20 3.13801e-19 0.004775 0.004775 5.85346e-19 0.00237535 0.004775 0.00237535 0.00237538
4.78 -1.99598e-20 3.13801e-19 0.00478 0.00478 5.85346e-19 0.00237782 0.00478 0.00237782 0.00237786
4.785 -1.99597e-20 3.13801e-19 0.004785 0.004785 5.85346e-19 0.0023803 0.004785 0.0023803 0.00238033
4.79 -1.99597e-20 3.13801e-19 0.00479 0.00479 5.85346e-19 0.00238278 0.00479 0.00238278 0.00238281
4.795 -1.99597e-20 3.13801e-19 0.004795 0.004795 5.85346e-19 0.00238525 0.004795 0.00238525 0.00238529
4.8 -1.99597e-20 3.13801e-19 0.0048 0.0048 5.85346e-19 0.00238773 0.0048 0.00238773 0.00238776
4.805 -1.99597e-20 3.13801e-19 0.004805 0.004805 5.85346e-19 0.0023902 0.004805 0.0023902 0.00239024
4.81 -1.99596e-20 3.13801e-19 0.00481 0.00481 5.85346e-19 0.00239268 0.00481 0.00239268 0.00239271
4.815 -1.99596e-20 3.13801e-19 0.004815 0.004815 5.85346e-19 0.00239516 0.004815 0.00239516 0.00239519
4.82 -1.99596e-20 3.13801e-19 0.00482 0.00482 5.85346e-19 0.00239763 0.00482 0.00239763 0.00239767
4.825 -1.99596e-20 3.13801e-19 0.004825 0.004825 5.85345e-19 0.00240011 0.004825 0.00240011 0.00240014
4.83 -1.99596e-20 3.13801e-19 0.00483 0.00483 5.85345e-19 0.00240259 0.00483 0.00240259 0.00240262
4.835 -1.99595e-20 3.13802e-19 0.004835 0.004835 5.85345e-19 0.00240506 0.004835 0.00240506 0.0024051
4.84 -1.99595e-20 3.13802e-19 0.00484 0.00484 5.85345e-19 0.00240754 0.00484 0.00240754 0.00240757
4.845 -1.99595e-20 3.13802e-19 0.004845 0.004845 5.85345e-19 0.00241002 0.004845 0.00241002 0.00241005
4.85 -1.99595e-20 3.13802e-19 0.00485 0.00485 5.85345e-19 0.00241249 0.00485 0.00241249 0.00241253
4.855 -1.99594e-20 3.13802e-19 0.004855 0.004855 5.85345e-19 0.00241497 0.004855 0.00241497 0.002415
4.86 -1.99594e-20 3.13802e-19 0.00486 0.00486 5.85345e-19 0.00241745 0.00486 0.00241745 0.00241748
4.865 -1.99594e-20 3.13802e-19 0.004865 0.004865 5.85345e-19 0.00241992 0.004865 0.00241992 0.00241996
4.87 -1.99594e-20 3.13802e-19 0.00487 0.00487 5.85345e-19 0.0024224 0.00487 0.0024224 0.00242243
4.875 -1.99594e-20 3.13802e-19 0.004875 0.004875 5.85345e-19 0.00242488 0.004875 0.00242488 0.00242491
4.88 -1.99594e-20 3.13802e-19 0.00488 0.00488 5.85345e-19 0.00242735 0.00488 0.00242735 0.00242739
4.885 -1.99593e-20 3.13802e-19 0.004885 0.004885 5.85345e-19 0.00242983 0.004885 0.00242983 0.00242986
4.89 -1.99593e-20 3.13802e-19 0.00489 0.00489 5.85344e-19 0.00243231 0.00489 0.00243231 0.00243234
4.895 -1.99593e-20 3.13802e-19 0.004895 0.004895 5.85344e-19 0.00243478 0.004895 0.00243478 0.00243482
4.9 -1.99593e-20 3.13802e-19 0.0049 0.0049 5.85344e-19 0.00243726 0.0049 0.00243726 0.00243729
4.905 -1.99593e-20 3.13802e-19 0.004905 0.004905 5.85344e-19 0.00243973 0.004905 0.00243973 0.00243977
4.91 -1.99592e-20 3.13802e-19 0.00491 0.00491 5.85344e-19 0.00244221 0.00491 0.00244221 0.00244224
4.915 -1.99592e-20 3.13802e-19 0.004915 0.004915 5.85344e-19 0.00244469 0.004915 0.00244469 0.00244472
4.92 -1.99592e-20 3.13803e-19 0.00492 0.00492 5.85344e-19 0.00244716 0.00492 0.00244716 0.0024472
4.925 -1.99592e-20 3.13803e-19 0.004925 0.004925 5.85344e-19 0.00244964 0.004925 0.00244964 0.00244967
4.93 -1.99592e-20 3.13803e-19 0.00493 0.00493 5.85344e-19 0.00245212 0.00493 0.00245212 0.00245215
4.935 -1.99592e-20 3.13803e-19 0.004935 0.004935 5.85344e-19 0.00245459 0.004935 0.00245459 0.00245463
4.94 -1.99591e-20 3.13803e-19 0.00494 0.00494 5.85344e-19 0.00245707 0.00494 0.00245707 0.0024571
4.945 -1.99591e-20 3.13803e-19 0.004945 0.004945 5.85344e-19 0.00245955 0.004945 0.00245955 0.00245958
4.95 -1.99591e-20 3.13803e-19 0.00495 0.00495 5.85344e-19 0.00246202 0.00495 0.00246202 0.00246206
4.955 -1.99591e-20 3.13803e-19 0.004955 0.004955 5.85344e-19 0.0024645 0.004955 0.0024645 0.00246453
4.96 -1.99591e-20 3.13803e-19 0.00496 0.00496 5.85343e-19 0.00246698 0.00496 0.00246698 0.00246701
4.965 -1.99591e-20 3.13803e-19 0.004965 0.004965 5.85343e-19 0.00246945 0.004965 0.00246945 0.00246949
4.97 -1.9959e-20 3.13803e-19 0.00497 0.00497 5.85343e-19 0.00247193 0.00497 0.00247193 0.00247196
4.975 -1.9959e-20 3.13803e-19 0.004975 0.004975 5.85343e-19 0.00247441 0.004975 0.00247441 0.00247444
4.98 -1.9959e-20 3.13803e-19 0.00498 0.00498 5.85343e-19 0.00247688 0.00498 0.00247688 0.00247692
4.985 -1.9959e-20 3.13803e-19 0.004985 0.004985 5.85343e-19 0.00247936 0.004985 0.00247936 0.00247939
4.99 -1.9959e-20 3.13803e-19 0.00499 0.00499 5.85343e-19 0.00248183 0.00499 0.00248183 0.00248187
4.995 -1.9959e-20 3.13803e-19 0.004995 0.004995 5.85343e-19 0.00248431 0.004995 0.00248431 0.00248434
5 -1.99589e-20 3.13803e-19 0.005 0.005 5.85343e-19 0.00248679 0.005 0.00248679 0.00248682
5.005 -1.99589e-20 3.13803e-19 0.005005 0.005005 5.85343e-19 0.00248926 0.005005 0.00248926 0.0024893
5.01 -1.99589e-20 3.13803e-19 0.00501 0.00501 5.85343e-19 0.00249174 0.00501 0.00249174 0.00249177
5.015 -1.99589e-20 3.13803e-19 0.005015 0.005015 5.85343e-19 0.00249422 0.005015 0.00249422 0.00249425
5.02 -1.99589e-20 3.13803e-19 0.00502 0.00502 5.85343e-19 0.00249669 0.00502 0.00249669 0.00249673
5.025 -1.99589e-20 3.13804e-19 0.005025 0.005025 5.85343e-19 0.00249917 0.005025 0.00249917 0.0024992
5.03 -1.99589e-20 3.13804e-19 0.00503 0.00503 5.85343e-19 0.00250165 0.00503 0.00250165 0.00250168
5.035 -1.99588e-20 3.13804e-19 0.005035 0.005035 5.85343e-19 0.00250412 0.005035 0.00250412 0.00250416
5.04 -1.99588e-20 3.13804e-19 0.00504 0.00504 5.85342e-19 0.0025066 0.00504 0.0025066 0.00250663
5.045 -1.99588e-20 3.13804e-19 0.005045 0.005045 5.85342e-19 0.00250908 0.005045 0.00250908 0.00250911
5.05 -1.99588e-20 3.13804e-19 0.00505 0.00505 5.85342e-19 0.00251155 0.00505 0.00251155 0.00251159
5.055 -1.99588e-20 3.13804e-19 0.005055 0.005055 5.85342e-19 0.00251403 0.005055 0.00251403 0.00251406
5.06 -1.99588e-20 3.13804e-19 0.00506 0.00506 5.85342e-19 0.00251651 0.00506 0.00251651 0.00251654
5.065 -1.99588e-20 3.13804e-19 0.005065 0.005065 5.85342e-19 0.00251898 0.005065 0.00251898 0.00251902
5.07 -1.99587e-20 3.13804e-19 0.00507 0.00507 5.85342e-19 0.00252146 0.00507 0.00252146 0.00252149
5.075 -1.99587e-20 3.13804e-19 0.005075 0.005075 5.85342e-19 0.00252394 0.005075 0.00252394 0.00252397
5.08 -1.99587e-20 3.13804e-19 0.00508 0.00508 5.85342e-19 0.00252641 0.00508 0.00252641 0.00252645
5.085 -1.99587e-20 3.13804e-19 0.005085 0.005085 5.85342e-19 0.00252889 0.005085 0.00252889 0.00252892
5.09 -1.99587e-20 3.13804e-19 0.00509 0.00509 5.85342e-19 0.00253136 0.00509 0.00253136 0.0025314
5.095 -1.99587e-20 3.13804e-19 0.005095 0.005095 5.85342e-19 0.00253384 0.005095 0.00253384 0.00253387
5.1 -1.99587e-20 3.13804e-19 0.0051 0.0051 5.85342e-19 0.00253632 0.0051 0.00253632 0.00253635
5.105 -1.99586e-20 3.13804e-19 0.005105 0.005105 5.85342e-19 0.00253879 0.005105 0.00253879 0.00253883
5.11 -1.99586e-20 3.13804e-19 0.00511 0.00511 5.85342e-19 0.00254127 0.00511 0.00254127 0.0025413
5.115 -1.99586e-20 3.13804e-19 0.005115 0.005115 5.85342e-19 0.00254375 0.005115 0.00254375 0.00254378
5.12 -1.99586e-20 3.13804e-19 0.00512 0.00512 5.85342e-19 0.00254622 0.00512 0.00254622 0.00254626
5.125 -1.99586e-20 3.13804e-19 0.005125 0.005125 5.85342e-19 0.0025487 0.005125 0.0025487 0.00254873
5.13 -1.99586e-20 3.13804e-19 0.00513 0.00513 5.85341e-19 0.00255118 0.00513 0.00255118 0.00255121
5.135 -1.99586e-20 3.13804e-19 0.005135 0.005135 5.85341e-19 0.00255365 0.005135 0.00255365 0.00255369
5.14 -1.99586e-20 3.13804e-19 0.00514 0.00514 5.85341e-19 0.00255613 0.00514 0.00255613 0.00255616
5.145 -1.99585e-20 3.13805e-19 0.005145 0.005145 5.85341e-19 0.00255861 0.005145 0.00255861 0.00255864
5.15 -1.99585e-20 3.13805e-19 0.00515 0.00515 5.85341e-19 0.00256108 0.00515 0.00256108 0.00256112
5.155 -1.99585e-20 3.13805e-19 0.005155 0.005155 5.85341e-19 0.00256356 0.005155 0.00256356 0.00256359
5.16 -1.99585e-20 3.13805e-19 0.00516 0.00516 5.85341e-19 0.00256604 0.00516 0.00256604 0.00256607
5.165 -1.99585e-20 3.13805e-19 0.005165 0.005165 5.85341e-19 0.00256851 0.005165 0.00256851 0.00256855
5.17 -1.99585e-20 3.13805e-19 0.00517 0.00517 5.85341e-19 0.00257099 0.00517 0.00257099 0.00257102
5.175 -1.99585e-20 3.13805e-19 0.005175 0.005175 5.85341e-19 0.00257347 0.005175 0.00257347 0.0025735
5.18 -1.99585e-20 3.13805e-19 0.00518 0.00518 5.85341e-19 0.00257594 0.00518 0.00257594 0.00257598
5.185 -1.99585e-20 3.13805e-19 0.005185 0.005185 5.85341e-19 0.00257842 0.005185 0.00257842 0.00257845
5.19 -1.99584e-20 3.13805e-19 0.00519 0.00519 5.85341e-19 0.00258089 0.00519 0.00258089 0.00258093
5.195 -1.99584e-20 3.13805e-19 0.005195 0.005195 5.85341e-19 0.00258337 0.005195 0.00258337 0.0025834
5.2 -1.99584e-20 3.13805e-19 0.0052 0.0052 5.85341e-19 0.00258585 0.0052 0.00258585 0.00258588
5.205 -1.99584e-20 3.13805e-19 0.005205 0.005205 5.85341e-19 0.00258832 0.005205 0.00258832 0.00258836
5.21 -1.99584e-20 3.13805e-19 0.00521 0.00521 5.85341e-19 0.0025908 0.00521 0.0025908 0.00259083
5.215 -1.99584e-20 3.13805e-19 0.005215 0.005215 5.85341e-19 0.00259328 0.005215 0.00259328 0.00259331
5.22 -1.99584e-20 3.13805e-19 0.00522 0.00522 5.85341e-19 0.00259575 0.00522 0.00259575 0.00259579
5.225 -1.99584e-20 3.13805e-19 0.005225 0.005225 5.85341e-19 0.00259823 0.005225 0.00259823 0.00259826
5.23 -1.99584e-20 3.13805e-19 0.00523 0.00523 5.85341e-19 0.00260071 0.00523 0.00260071 0.00260074
5.235 -1.99583e-20 3.13805e-19 0.005235 0.005235 5.85341e-19 0.00260318 0.005235 0.00260318 0.00260322
5.24 -1.99583e-20 3.13805e-19 0.00524 0.00524 5.8534e-19 0.00260566 0.00524 0.00260566 0.00260569
5.245 -1.99583e-20 3.13805e-19 0.005245 0.005245 5.8534e-19 0.00260814 0.005245 0.00260814 0.00260817
5.25 -1.99583e-20 3.13805e-19 0.00525 0.00525 5.8534e-19 0.00261061 0.00525 0.00261061 0.00261065
5.255 -1.99583e-20 3.13805e-19 0.005255 0.005255 5.8534e-19 0.00261309 0.005255 0.00261309 0.00261312
5.26 -1.99583e-20 3.13805e-19 0.00526 0.00526 5.8534e-19 0.00261557 0.00526 0.00261557 0.0026156
5.265 -1.99583e-20 3.13805e-19 0.005265 0.005265 5.8534e-19 0.00261804 0.005265 0.00261804 0.00261808
5.27 -1.99583e-20 3.13805e-19 0.00527 0.00527 5.8534e-19 0.00262052 0.00527 0.00262052 0.00262055
5.275 -1.99583e-20 3.13805e-19 0.005275 0.005275 5.8534e-19 0.00262299 0.005275 0.00262299 0.00262303
5.28 -1.99583e-20 3.13805e-19 0.00528 0.00528 5.8534e-19 0.00262547 0.00528 0.00262547 0.00262551
5.285 -1.99582e-20 3.13805e-19 0.005285 0.005285 5.8534e-19 0.00262795 0.005285 0.00262795 0.00262798
5.29 -1.99582e-20 3.13805e-19 0.00529 0.00529 5.8534e-19 0.00263042 0.00529 0.00263042 0.00263046
5.295 -1.99582e-20 3.13805e-19 0.005295 0.005295 5.8534e-19 0.0026329 0.005295 0.0026329 0.00263293
5.3 -1.99582e-20 3.13806e-19 0.0053 0.0053 5.8534e-19 0.00263538 0.0053 0.00263538 0.00263541
5.305 -1.99582e-20 3.13806e-19 0.005305 0.005305 5.8534e-19 0.00263785 0.005305 0.00263785 0.00263789
5.31 -1.99582e-20 3.13806e-19 0.00531 0.00531 5.8534e-19 0.00264033 0.00531 0.00264033 0.00264036
5.315 -1.99582e-20 3.13806e-19 0.005315 0.005315 5.8534e-19 0.00264281 0.005315 0.00264281 0.00264284
5.32 -1.99582e-20 3.13806e-19 0.00532 0.00532 5.8534e-19 0.00264528 0.00532 0.00264528 0.00264532
5.325 -1.99582e-20 3.13806e-19 0.005325 0.005325 5.8534e-19 0.00264776 0.005325 0.00264776 0.00264779
5.33 -1.99582e-20 3.13806e-19 0.00533 0.00533 5.8534e-19 0.00265024 0.00533 0.00265024 0.00265027
5.335 -1.99582e-20 3.13806e-19 0.005335 0.005335 5.8534e-19 0.00265271 0.005335 0.00265271 0.00265275
5.34 -1.99581e-20 3.13806e-19 0.00534 0.00534 5.8534e-19 0.00265519 0.00534 0.00265519 0.00265522
5.345 -1.99581e-20 3.13806e-19 0.005345 0.005345 5.8534e-19 0.00265767 0.005345 0.00265767 0.0026577
5.35 -1.99581e-20 3.13806e-19 0.00535 0.00535 5.8534e-19 0.00266014 0.00535 0.00266014 0.00266018
5.355 -1.99581e-20 3.13806e-19 0.005355 0.005355 5.8534e-19 0.00266262 0.005355 0.00266262 0.00266265
5.36 -1.99581e-20 3.13806e-19 0.00536 0.00536 5.8534e-19 0.0026651 0.00536 0.0026651 0.00266513
5.365 -1.99581e-20 3.13806e-19 0.005365 0.005365 5.8534e-19 0.00266757 0.005365 0.00266757 0.00266761
5.37 -1.99581e-20 3.13806e-19 0.00537 0.00537 5.8534e-19 0.00267005 0.00537 0.00267005 0.00267008
5.375 -1.99581e-20 3.13806e-19 0.005375 0.005375 5.85339e-19 0.00267252 0.005375 0.00267252 0.00267256
5.38 -1.99581e-20 3.13806e-19 0.00538 0.00538 5.85339e-19 0.002675 0.00538 0.002675 0.00267503
5.385 -1.99581e-20 3.13806e-19 0.005385 0.005385 5.85339e-19 0.00267748 0.005385 0.00267748 0.00267751
5.39 -1.99581e-20 3.13806e-19 0.00539 0.00539 5.85339e-19 0.00267995 0.00539 0.00267995 0.00267999
5.395 -1.99581e-20 3.13806e-19 0.005395 0.005395 5.85339e-19 0.00268243 0.005395 0.00268243 0.00268246
5.4 -1.99581e-20 3.13806e-19 0.0054 0.0054 5.85339e-19 0.00268491 0.0054 0.00268491 0.00268494
5.405 -1.9958e-20 3.13806e-19 0.005405 0.005405 5.85339e-19 0.00268738 0.005405 0.00268738 0.00268742
5.41 -1.9958e-20 3.13806e-19 0.00541 0.00541 5.85339e-19 0.00268986 0.00541 0.00268986 0.00268989
5.415 -1.9958e-20 3.13806e-19 0.005415 0.005415 5.85339e-19 0.00269234 0.005415 0.00269234 0.00269237
5.42 -1.9958e-20 3.13806e-19 0.00542 0.00542 5.85339e-19 0.00269481 0.00542 0.00269481 0.00269485
5.425 -1.9958e-20 3.13806e-19 0.005425 0.005425 5.85339e-19 0.00269729 0.005425 0.00269729 0.00269732
5.43 -1.9958e-20 3.13806e-19 0.00543 0.00543 5.85339e-19 0.00269977 0.00543 0.00269977 0.0026998
5.435 -1.9958e-20 3.13806e-19 0.005435 0.005435 5.85339e-19 0.00270224 0.005435 0.00270224 0.00270228
5.44 -1.9958e-20 3.13806e-19 0.00544 0.00544 5.85339e-19 0.00270472 0.00544 0.00270472 0.00270475
5.445 -1.9958e-20 3.13806e-19 0.005445 0.005445 5.85339e-19 0.0027072 0.005445 0.0027072 0.00270723
5.45 -1.9958e-20 3.13806e-19 0.00545 0.00545 5.85339e-19 0.00270967 0.00545 0.00270967 0.00270971
5.455 -1.9958e-20 3.13806e-19 0.005455 0.005455 5.85339e-19 0.00271215 0.005455 0.00271215 0.00271218
5.46 -1.9958e-20 3.13806e-19 0.00546 0.00546 5.85339e-19 0.00271462 0.00546 0.00271462 0.00271466
5.465 -1.9958e-20 3.13806e-19 0.005465 0.005465 5.85339e-19 0.0027171 0.005465 0.0027171 0.00271714
5.47 -1.9958e-20 3.13806e-19 0.00547 0.00547 5.85339e-19 0.00271958 0.00547 0.00271958 0.00271961
5.475 -1.99579e-20 3.13806e-19 0.005475 0.005475 5.85339e-19 0.00272205 0.005475 0.00272205 0.00272209
5.48 -1.99579e-20 3.13806e-19 0.00548 0.00548 5.85339e-19 0.00272453 0.00548 0.00272453 0.00272456
5.485 -1.99579e-20 3.13806e-19 0.005485 0.005485 5.85339e-19 0.00272701 0.005485 0.00272701 0.00272704
5.49 -1.99579e-20 3.13806e-19 0.00549 0.00549 5.85339e-19 0.00272948 0.00549 0.00272948 0.00272952
5.495 -1.99579e-20 3.13806e-19 0.005495 0.005495 5.85339e-19 0.00273196 0.005495 0.00273196 0.00273199
5.5 -1.99579e-20 3.13806e-19 0.0055 0.0055 5.85339e-19 0.00273444 0.0055 0.00273444 0.00273447
5.505 -1.99579e-20 3.13806e-19 0.005505 0.005505 5.85339e-19 0.00273691 0.005505 0.00273691 0.00273695
5.51 -1.99579e-20 3.13807e-19 0.00551 0.00551 5.85339e-19 0.00273939 0.00551 0.00273939 0.00273942
5.515 -1.99579e-20 3.13807e-19 0.005515 0.005515 5.85339e-19 0.00274187 0.005515 0.00274187 0.0027419
5.52 -1.99579e-20 3.13807e-19 0.00552 0.00552 5.85339e-19 0.00274434 0.00552 0.00274434 0.00274438
5.525 -1.99579e-20 3.13807e-19 0.005525 0.005525 5.85339e-19 0.00274682 0.005525 0.00274682 0.00274685
5.53 -1.99579e-20 3.13807e-19 0.00553 0.00553 5.85339e-19 0.0027493 0.00553 0.0027493 0.00274933
5.535 -1.99579e-20 3.13807e-19 0.005535 0.005535 5.85339e-19 0.00275177 0.005535 0.00275177 0.00275181
5.54 -1.99579e-20 3.13807e-19 0.00554 0.00554 5.85339e-19 0.00275425 0.00554 0.00275425 0.00275428
5.545 -1.99579e-20 3.13807e-19 0.005545 0.005545 5.85339e-19 0.00275673 0.005545 0.00275673 0.00275676
5.55 -1.99578e-20 3.13807e-19 0.00555 0.00555 5.85339e-19 0.0027592 0.00555 0.0027592 0.00275924
5.555 -1.99578e-20 3.13807e-19 0.005555 0.005555 5.85338e-19 0.00276168 0.005555 0.00276168 0.00276171
5.56 -1.99578e-20 3.13807e-19 0.00556 0.00556 5.85338e-19 0.00276415 0.00556 0.00276415 0.00276419
5.565 -1.99578e-20 3.13807e-19 0.005565 0.005565 5.85338e-19 0.00276663 0.005565 0.00276663 0.00276667
5.57 -1.99578e-20 3.13807e-19 0.00557 0.00557 5.85338e-19 0.00276911 0.00557 0.00276911 0.00276914
5.575 -1.99578e-20 3.13807e-19 0.005575 0.005575 5.85338e-19 0.00277158 0.005575 0.00277158 0.00277162
5.58 -1.99578e-20 3.13807e-19 0.00558 0.00558 5.85338e-19 0.00277406 0.00558 0.00277406 0.00277409
5.585 -1.99578e-20 3.13807e-19 0.005585 0.005585 5.85338e-19 0.00277654 0.005585 0.00277654 0.00277657
5.59 -1.99578e-20 3.13807e-19 0.00559 0.00559 5.85338e-19 0.00277901 0.00559 0.00277901 0.00277905
5.595 -1.99578e-20 3.13807e-19 0.005595 0.005595 5.85338e-19 0.00278149 0.005595 0.00278149 0.00278152
5.6 -1.99578e-20 3.13807e-19 0.0056 0.0056 5.85338e-19 0.00278397 0.0056 0.00278397 0.002784
5.605 -1.99578e-20 3.13807e-19 0.005605 0.005605 5.85338e-19 0.00278644 0.005605 0.00278644 0.00278648
5.61 -1.99578e-20 3.13807e-19 0.00561 0.00561 5.85338e-19 0.00278892 0.00561 0.00278892 0.00278895
5.615 -1.99578e-20 3.13807e-19 0.005615 0.005615 5.85338e-19 0.0027914 0.005615 0.0027914 0.00279143
5.62 -1.99578e-20 3.13807e-19 0.00562 0.00562 5.85338e-19 0.00279387 0.00562 0.00279387 0.00279391
5.625 -1.99578e-20 3.13807e-19 0.005625 0.005625 5.85338e-19 0.00279635 0.005625 0.00279635 0.00279638
5.63 -1.99578e-20 3.13807e-19 0.00563 0.00563 5.85338e-19 0.00279883 0.00563 0.00279883 0.00279886
5.635 -1.99578e-20 3.13807e-19 0.005635 0.005635 5.85338e-19 0.0028013 0.005635 0.0028013 0.00280134
5.64 -1.99577e-20 3.13807e-19 0.00564 0.00564 5.85338e-19 0.00280378 0.00564 0.00280378 0.00280381
5.645 -1.99577e-20 3.13807e-19 0.005645 0.005645 5.85338e-19 0.00280626 0.005645 0.00280626 0.00280629
5.65 -1.99577e-20 3.13807e-19 0.00565 0.00565 5.85338e-19 0.00280873 0.00565 0.00280873 0.00280877
5.655 -1.99577e-20 3.13807e-19 0.005655 0.005655 5.85338e-19 0.00281121 0.005655 0.00281121 0.00281124
5.66 -1.99577e-20 3.13807e-19 0.00566 0.00566 5.85338e-19 0.00281368 0.00566 0.00281368 0.00281372
5.665 -1.99577e-20 3.13807e-19 0.005665 0.005665 5.85338e-19 0.00281616 0.005665 0.00281616 0.00281619
5.67 -1.99577e-20 3.13807e-19 0.00567 0.00567 5.85338e-19 0.00281864 0.00567 0.00281864 0.00281867
5.675 -1.99577e-20 3.13807e-19 0.005675 0.005675 5.85338e-19 0.00282111 0.005675 0.00282111 0.00282115
5.68 -1.99577e-20 3.13807e-19 0.00568 0.00568 5.85338e-19 0.00282359 0.00568 0.00282359 0.00282362
5.685 -1.99577e-20 3.13807e-19 0.005685 0.005685 5.85338e-19 0.00282607 0.005685 0.00282607 0.0028261
5.69 -1.99577e-20 3.13807e-19 0.00569 0.00569 5.85338e-19 0.00282854 0.00569 0.00282854 0.00282858
5.695 -1.99577e-20 3.13807e-19 0.005695 0.005695 5.85338e-19 0.00283102 0.005695 0.00283102 0.00283105
5.7 -1.99577e-20 3.13807e-19 0.0057 0.0057 5.85338e-19 0.0028335 0.0057 0.0028335 0.00283353
5.705 -1.99577e-20 3.13807e-19 0.005705 0.005705 5.85338e-19 0.00283597 0.005705 0.00283597 0.00283601
5.71 -1.99577e-20 3.13807e-19 0.00571 0.00571 5.85338e-19 0.00283845 0.00571 0.00283845 0.00283848
5.715 -1.99577e-20 3.13807e-19 0.005715 0.005715 5.85338e-19 0.00284093 0.005715 0.00284093 0.00284096
5.72 -1.99577e-20 3.13807e-19 0.00572 0.00572 5.85338e-19 0.0028434 0.00572 0.0028434 0.00284344
5.725 -1.99577e-20 3.13807e-19 0.005725 0.005725 5.85338e-19 0.00284588 0.005725 0.00284588 0.00284591
5.73 -1.99577e-20 3.13807e-19 0.00573 0.00573 5.85338e-19 0.00284836 0.00573 0.00284836 0.00284839
5.735 -1.99577e-20 3.13807e-19 0.005735 0.005735 5.85338e-19 0.00285083 0.005735 0.00285083 0.00285087
5.74 -1.99577e-20 3.13807e-19 0.00574 0.00574 5.85338e-19 0.00285331 0.00574 0.00285331 0.00285334
5.745 -1.99577e-20 3.13807e-19 0.005745 0.005745 5.85338e-19 0.00285579 0.005745 0.00285579 0.00285582
5.75 -1.99576e-20 3.13807e-19 0.00575 0.00575 5.85338e-19 0.00285826 0.00575 0.00285826 0.0028583
5.755 -1.99576e-20 3.13807e-19 0.005755 0.005755 5.85338e-19 0.00286074 0.005755 0.00286074 0.00286077
5.76 -1.99576e-20 3.13807e-19 0.00576 0.00576 5.85338e-19 0.00286321 0.00576 0.00286321 0.00286325
5.765 -1.99576e-20 3.13807e-19 0.005765 0.005765 5.85338e-19 0.00286569 0.005765 0.00286569 0.00286572
5.77 -1.99576e-20 3.13807e-19 0.00577 0.00577 5.85338e-19 0.00286817 0.00577 0.00286817 0.0028682
5.775 -1.99576e-20 3.13807e-19 0.005775 0.005775 5.85338e-19 0.00287064 0.005775 0.00287064 0.00287068
5.78 -1.99576e-20 3.13807e-19 0.00578 0.00578 5.85338e-19 0.00287312 0.00578 0.00287312 0.00287315
5.785 -1.99576e-20 3.13807e-19 0.005785 0.005785 5.85338e-19 0.0028756 0.005785 0.0028756 0.00287563
5.79 -1.99576e-20 3.13807e-19 0.00579 0.00579 5.85338e-19 0.00287807 0.00579 0.00287807 0.00287811
5.795 -1.99576e-20 3.13807e-19 0.005795 0.005795 5.85338e-19 0.00288055 0.005795 0.00288055 0.00288058
5.8 -1.99576e-20 3.13807e-19 0.0058 0.0058 5.85338e-19 0.00288303 0.0058 0.00288303 0.00288306
5.805 -1.99576e-20 3.13807e-19 0.005805 0.005805 5.85338e-19 0.0028855 0.005805 0.0028855 0.00288554
5.81 -1.99576e-20 3.13807e-19 0.00581 0.00581 5.85338e-19 0.00288798 0.00581 0.00288798 0.00288801
5.815 -1.99576e-20 3.13807e-19 0.005815 0.005815 5.85337e-19 0.00289046 0.005815 0.00289046 0.00289049
5.82 -1.99576e-20 3.13807e-19 0.00582 0.00582 5.85337e-19 0.00289293 0.00582 0.00289293 0.00289297
5.825 -1.99576e-20 3.13807e-19 0.005825 0.005825 5.85337e-19 0.00289541 0.005825 0.00289541 0.00289544
5.83 -1.99576e-20 3.13807e-19 0.00583 0.00583 5.85337e-19 0.00289789 0.00583 0.00289789 0.00289792
5.835 -1.99576e-20 3.13807e-19 0.005835 0.005835 5.85337e-19 0.00290036 0.005835 0.00290036 0.0029004
5.84 -1.99576e-20 3.13807e-19 0.00584 0.00584 5.85337e-19 0.00290284 0.00584 0.00290284 0.00290287
5.845 -1.99576e-20 3.13807e-19 0.005845 0.005845 5.85337e-19 0.00290531 0.005845 0.00290531 0.00290535
5.85 -1.99576e-20 3.13808e-19 0.00585 0.00585 5.85337e-19 0.00290779 0.00585 0.00290779 0.00290783
5.855 -1.99576e-20 3.13808e-19 0.005855 0.005855 5.85337e-19 0.00291027 0.005855 0.00291027 0.0029103
5.86 -1.99576e-20 3.13808e-19 0.00586 0.00586 5.85337e-19 0.00291274 0.00586 0.00291274 0.00291278
5.865 -1.99576e-20 3.13808e-19 0.005865 0.005865 5.85337e-19 0.00291522 0.005865 0.00291522 0.00291525
5.87 -1.99576e-20 3.13808e-19 0.00587 0.00587 5.85337e-19 0.0029177 0.00587 0.0029177 0.00291773
5.875 -1.99576e-20 3.13808e-19 0.005875 0.005875 5.85337e-19 0.00292017 0.005875 0.00292017 0.00292021
5.88 -1.99575e-20 3.13808e-19 0.00588 0.00588 5.85337e-19 0.00292265 0.00588 0.00292265 0.00292268
5.885 -1.99575e-20 3.13808e-19 0.005885 0.005885 5.85337e-19 0.00292513 0.005885 0.00292513 0.00292516
5.89 -1.99575e-20 3.13808e-19 0.00589 0.00589 5.85337e-19 0.0029276 0.00589 0.0029276 0.00292764
5.895 -1.99575e-20 3.13808e-19 0.005895 0.005895 5.85337e-19 0.00293008 0.005895 0.00293008 0.00293011
5.9 -1.99575e-20 3.13808e-19 0.0059 0.0059 5.85337e-19 0.00293256 0.0059 0.00293256 0.00293259
5.905 -1.99575e-20 3.13808e-19 0.005905 0.005905 5.85337e-19 0.00293503 0.005905 0.00293503 0.00293507
5.91 -1.99575e-20 3.13808e-19 0.00591 0.00591 5.85337e-19 0.00293751 0.00591 0.00293751 0.00293754
5.915 -1.99575e-20 3.13808e-19 0.005915 0.005915 5.85337e-19 0.00293999 0.005915 0.00293999 0.00294002
5.92 -1.99575e-20 3.13808e-19 0.00592 0.00592 5.85337e-19 0.00294246 0.00592 0.00294246 0.0029425
5.925 -1.99575e-20 3.13808e-19 0.005925 0.005925 5.85337e-19 0.00294494 0.005925 0.00294494 0.00294497
5.93 -1.99575e-20 3.13808e-19 0.00593 0.00593 5.85337e-19 0.00294742 0.00593 0.00294742 0.00294745
5.935 -1.99575e-20 3.13808e-19 0.005935 0.005935 5.85337e-19 0.00294989 0.005935 0.00294989 0.00294993
5.94 -1.99575e-20 3.13808e-19 0.00594 0.00594 5.85337e-19 0.00295237 0.00594 0.00295237 0.0029524
5.945 -1.99575e-20 3.13808e-19 0.005945 0.005945 5.85337e-19 0.00295484 0.005945 0.00295484 0.00295488
5.95 -1.99575e-20 3.13808e-19 0.00595 0.00595 5.85337e-19 0.00295732 0.00595 0.00295732 0.00295735
5.955 -1.99575e-20 3.13808e-19 0.005955 0.005955 5.85337e-19 0.0029598 0.005955 0.0029598 0.00295983
5.96 -1.99575e-20 3.13808e-19 0.00596 0.00596 5.85337e-19 0.00296227 0.00596 0.00296227 0.00296231
5.965 -1.99575e-20 3.13808e-19 0.005965 0.005965 5.85337e-19 0.00296475 0.005965 0.00296475 0.00296478
5.97 -1.99575e-20 3.13808e-19 0.00597 0.00597 5.85337e-19 0.00296723 0.00597 0.00296723 0.00296726
5.975 -1.99575e-20 3.13808e-19 0.005975 0.005975 5.85337e-19 0.0029697 0.005975 0.0029697 0.00296974
5.98 -1.99575e-20 3.13808e-19 0.00598 0.00598 5.85337e-19 0.00297218 0.00598 0.00297218 0.00297221
5.985 -1.99575e-20 3.13808e-19 0.005985 0.005985 5.85337e-19 0.00297466 0.005985 0.00297466 0.00297469
5.99 -1.99575e-20 3.13808e-19 0.00599 0.00599 5.85337e-19 0.00297713 0.00599 0.00297713 0.00297717
5.995 -1.99575e-20 3.13808e-19 0.005995 0.005995 5.85337e-19 0.00297961 0.005995 0.00297961 0.00297964
6 -1.99575e-20 3.13808e-19 0.006 0.006 5.85337e-19 0.00298209 0.006 0.00298209 0.00298212
6.005 -1.99575e-20 3.13808e-19 0.006005 0.006005 5.85337e-19 0.00298456 0.006005 0.00298456 0.0029846
6.01 -1.99575e-20 3.13808e-19 0.00601 0.00601 5.85337e-19 0.00298704 0.00601 0.00298704 0.00298707
6.015 -1.99575e-20 3.13808e-19 0.006015 0.006015 5.85337e-19 0.00298952 0.006015 0.00298952 0.00298955
6.02 -1.99575e-20 3.13808e-19 0.00602 0.00602 5.85337e-19 0.00299199 0.00602 0.00299199 0.00299203
6.025 -1.99575e-20 3.13808e-19 0.006025 0.006025 5.85337e-19 0.00299447 0.006025 0.00299447 0.0029945
6.03 -1.99575e-20 3.13808e-19 0.00603 0.00603 5.85337e-19 0.00299695 0.00603 0.00299695 0.00299698
6.035 -1.99575e-20 3.13808e-19 0.006035 0.006035 5.85337e-19 0.00299942 0.006035 0.00299942 0.00299946
6.04 -1.99575e-20 3.13808e-19 0.00604 0.00604 5.85337e-19 0.0030019 0.00604 0.0030019 0.00300193
6.045 -1.99575e-20 3.13808e-19 0.006045 0.006045 5.85337e-19 0.00300437 0.006045 0.00300437 0.00300441
6.05 -1.99574e-20 3.13808e-19 0.00605 0.00605 5.85337e-19 0.00300685 0.00605 0.00300685 0.00300688
6.055 -1.99574e-20 3.13808e-19 0.006055 0.006055 5.85337e-19 0.00300933 0.006055 0.00300933 0.00300936
6.06 -1.99574e-20 3.13808e-19 0.00606 0.00606 5.85337e-19 0.0030118 0.00606 0.0030118 0.00301184
6.065 -1.99574e-20 3.13808e-19 0.006065 0.006065 5.85337e-19 0.00301428 0.006065 0.00301428 0.00301431
6.07 -1.99574e-20 3.13808e-19 0.00607 0.00607 5.85337e-19 0.00301676 0.00607 0.00301676 0.00301679
6.075 -1.99574e-20 3.13808e-19 0.006075 0.006075 5.85337e-19 0.00301923 0.006075 0.00301923 0.00301927
6.08 -1.99574e-20 3.13808e-19 0.00608 0.00608 5.85337e-19 0.00302171 0.00608 0.00302171 0.00302174
6.085 -1.99574e-20 3.13808e-19 0.006085 0.006085 5.85337e-19 0.00302419 0.006085 0.00302419 0.00302422
6.09 -1.99574e-20 3.13808e-19 0.00609 0.00609 5.85337e-19 0.00302666 0.00609 0.00302666 0.0030267
6.095 -1.99574e-20 3.13808e-19 0.006095 0.006095 5.85337e-19 0.00302914 0.006095 0.00302914 0.00302917
6.1 -1.99574e-20 3.13808e-19 0.0061 0.0061 5.85337e-19 0.00303162 0.0061 0.00303162 0.00303165
6.105 -1.99574e-20 3.13808e-19 0.006105 0.006105 5.85337e-19 0.00303409 0.006105 0.00303409 0.00303413
6.11 -1.99574e-20 3.13808e-19 0.00611 0.00611 5.85337e-19 0.00303657 0.00611 0.00303657 0.0030366
6.115 -1.99574e-20 3.13808e-19 0.006115 0.006115 5.85337e-19 0.00303905 0.006115 0.00303905 0.00303908
6.12 -1.99574e-20 3.13808e-19 0.00612 0.00612 5.85337e-19 0.00304152 0.00612 0.00304152 0.00304156
6.125 -1.99574e-20 3.13808e-19 0.006125 0.006125 5.85337e-19 0.003044 0.006125 0.003044 0.00304403
6.13 -1.99574e-20 3.13808e-19 0.00613 0.00613 5.85337e-19 0.00304647 0.00613 0.00304647 0.00304651
6.135 -1.99574e-20 3.13808e-19 0.006135 0.006135 5.85337e-19 0.00304895 0.006135 0.00304895 0.00304899
6.14 -1.99574e-20 3.13808e-19 0.00614 0.00614 5.85337e-19 0.00305143 0.00614 0.00305143 0.00305146
6.145 -1.99574e-20 3.13808e-19 0.006145 0.006145 5.85337e-19 0.0030539 0.006145 0.0030539 0.00305394
6.15 -1.99574e-20 3.13808e-19 0.00615 0.00615 5.85337e-19 0.00305638 0.00615 0.00305638 0.00305641
6.155 -1.99574e-20 3.13808e-19 0.006155 0.006155 5.85337e-19 0.00305886 0.006155 0.00305886 0.00305889
6.16 -1.99574e-20 3.13808e-19 0.00616 0.00616 5.85337e-19 0.00306133 0.00616 0.00306133 0.00306137
6.165 -1.99574e-20 3.13808e-19 0.006165 0.006165 5.85337e-19 0.00306381 0.006165 0.00306381 0.00306384
6.17 -1.99574e-20 3.13808e-19 0.00617 0.00617 5.85337e-19 0.00306629 0.00617 0.00306629 0.00306632
6.175 -1.99574e-20 3.13808e-19 0.006175 0.006175 5.85337e-19 0.00306876 0.006175 0.00306876 0.0030688
6.18 -1.99574e-20 3.13808e-19 0.00618 0.00618 5.85337e-19 0.00307124 0.00618 0.00307124 0.00307127
6.185 -1.99574e-20 3.13808e-19 0.006185 0.006185 5.85337e-19 0.00307372 0.006185 0.00307372 0.00307375
6.19 -1.99574e-20 3.13808e-19 0.00619 0.00619 5.85337e-19 0.00307619 0.00619 0.00307619 0.00307623
6.195 -1.99574e-20 3.13808e-19 0.006195 0.006195 5.85337e-19 0.00307867 0.006195 0.00307867 0.0030787
6.2 -1.99574e-20 3.13808e-19 0.0062 0.0062 5.85337e-19 0.00308115 0.0062 0.00308115 0.00308118
6.205 -1.99574e-20 3.13808e-19 0.006205 0.006205 5.85337e-19 0.00308362 0.006205 0.00308362 0.00308366
6.21 -1.99574e-20 3.13808e-19 0.00621 0.00621 5.85337e-19 0.0030861 0.00621 0.0030861 0.00308613
6.215 -1.99574e-20 3.13808e-19 0.006215 0.006215 5.85337e-19 0.00308858 0.006215 0.00308858 0.00308861
6.22 -1.99574e-20 3.13808e-19 0.00622 0.00622 5.85337e-19 0.00309105 0.00622 0.00309105 0.00309109
6.225 -1.99574e-20 3.13808e-19 0.006225 0.006225 5.85337e-19 0.00309353 0.006225 0.00309353 0.00309356
6.23 -1.99574e-20 3.13808e-19 0.00623 0.00623 5.85337e-19 0.003096 0.00623 0.003096 0.00309604
6.235 -1.99574e-20 3.13808e-19 0.006235 0.006235 5.85337e-19 0.00309848 0.006235 0.00309848 0.00309852
6.24 -1.99574e-20 3.13808e-19 0.00624 0.00624 5.85337e-19 0.00310096 0.00624 0.00310096 0.00310099
6.245 -1.99574e-20 3.13808e-19 0.006245 0.006245 5.85337e-19 0.00310343 0.006245 0.00310343 0.00310347
6.25 -1.99574e-20 3.13808e-19 0.00625 0.00625 5.85337e-19 0.00310591 0.00625 0.00310591 0.00310594
6.255 -1.99574e-20 3.13808e-19 0.006255 0.006255 5.85337e-19 0.00310839 0.006255 0.00310839 0.00310842
6.26 -1.99574e-20 3.13808e-19 0.00626 0.00626 5.85337e-19 0.00311086 0.00626 0.00311086 0.0031109
6.265 -1.99574e-20 3.13808e-19 0.006265 0.006265 5.85337e-19 0.00311334 0.006265 0.00311334 0.00311337
6.27 -1.99574e-20 3.13808e-19 0.00627 0.00627 5.85337e-19 0.00311582 0.00627 0.00311582 0.00311585
6.275 -1.99574e-20 3.13808e-19 0.006275 0.006275 5.85337e-19 0.00311829 0.006275 0.00311829 0.00311833
6.28 -1.99574e-20 3.13808e-19 0.00628 0.00628 5.85337e-19 0.00312077 0.00628 0.00312077 0.0031208
6.285 -1.99574e-20 3.13808e-19 0.006285 0.006285 5.85337e-19 0.00312325 0.006285 0.00312325 0.00312328
6.29 -1.99574e-20 3.13808e-19 0.00629 0.00629 5.85336e-19 0.00312572 0.00629 0.00312572 0.00312576
6.295 -1.99573e-20 3.13808e-19 0.006295 0.006295 5.85336e-19 0.0031282 0.006295 0.0031282 0.00312823
6.3 -1.99573e-20 3.13808e-19 0.0063 0.0063 5.85336e-19 0.00313068 0.0063 0.00313068 0.00313071
6.305 -1.99573e-20 3.13808e-19 0.006305 0.006305 5.85336e-19 0.00313315 0.006305 0.00313315 0.00313319
6.31 -1.99573e-20 3.13808e-19 0.00631 0.00631 5.85336e-19 0.00313563 0.00631 0.00313563 0.00313566
6.315 -1.99573e-20 3.13808e-19 0.006315 0.006315 5.85336e-19 0.00313811 0.006315 0.00313811 0.00313814
6.32 -1.99573e-20 3.13808e-19 0.00632 0.00632 5.85336e-19 0.00314058 0.00632 0.00314058 0.00314062
6.325 -1.99573e-20 3.13808e-19 0.006325 0.006325 5.85336e-19 0.00314306 0.006325 0.00314306 0.00314309
6.33 -1.99573e-20 3.13808e-19 0.00633 0.00633 5.85336e-19 0.00314553 0.00633 0.00314553 0.00314557
6.335 -1.99573e-20 3.13808e-19 0.006335 0.006335 5.85336e-19 0.00314801 0.006335 0.00314801 0.00314804
6.34 -1.99573e-20 3.13808e-19 0.00634 0.00634 5.85336e-19 0.00315049 0.00634 0.00315049 0.00315052
6.345 -1.99573e-20 3.13808e-19 0.006345 0.006345 5.85336e-19 0.00315296 0.006345 0.00315296 0.003153
6.35 -1.99573e-20 3.13808e-19 0.00635 0.00635 5.85336e-19 0.00315544 0.00635 0.00315544 0.00315547
6.355 -1.99573e-20 3.13808e-19 0.006355 0.006355 5.85336e-19 0.00315792 0.006355 0.00315792 0.00315795
6.36 -1.99573e-20 3.13808e-19 0.00636 0.00636 5.85336e-19 0.00316039 0.00636 0.00316039 0.00316043
6.365 -1.99573e-20 3.13808e-19 0.006365 0.006365 5.85336e-19 0.00316287 0.006365 0.00316287 0.0031629
6.37 -1.99573e-20 3.13808e-19 0.00637 0.00637 5.85336e-19 0.00316535 0.00637 0.00316535 0.00316538
6.375 -1.99573e-20 3.13808e-19 0.006375 0.006375 5.85336e-19 0.00316782 0.006375 0.00316782 0.00316786
6.38 -1.99573e-20 3.13808e-19 0.00638 0.00638 5.85336e-19 0.0031703 0.00638 0.0031703 0.00317033
6.385 -1.99573e-20 3.13808e-19 0.006385 0.006385 5.85336e-19 0.00317278 0.006385 0.00317278 0.00317281
6.39 -1.99573e-20 3.13808e-19 0.00639 0.00639 5.85336e-19 0.00317525 0.00639 0.00317525 0.00317529
6.395 -1.99573e-20 3.13808e-19 0.006395 0.006395 5.85336e-19 0.00317773 0.006395 0.00317773 0.00317776
6.4 -1.99573e-20 3.13808e-19 0.0064 0.0064 5.85336e-19 0.00318021 0.0064 0.00318021 0.00318024
6.405 -1.99573e-20 3.13808e-19 0.006405 0.006405 5.85336e-19 0.00318268 0.006405 0.00318268 0.00318272
6.41 -1.99573e-20 3.13808e-19 0.00641 0.00641 5.85336e-19 0.00318516 0.00641 0.00318516 0.00318519
6.415 -1.99573e-20 3.13808e-19 0.006415 0.006415 5.85336e-19 0.00318763 0.006415 0.00318763 0.00318767
6.42 -1.99573e-20 3.13808e-19 0.00642 0.00642 5.85336e-19 0.00319011 0.00642 0.00319011 0.00319015
6.425 -1.99573e-20 3.13808e-19 0.006425 0.006425 5.85336e-19 0.00319259 0.006425 0.00319259 0.00319262
6.43 -1.99573e-20 3.13808e-19 0.00643 0.00643 5.85336e-19 0.00319506 0.00643 0.00319506 0.0031951
6.435 -1.99573e-20 3.13808e-19 0.006435 0.006435 5.85336e-19 0.00319754 0.006435 0.00319754 0.00319757
6.44 -1.99573e-20 3.13808e-19 0.00644 0.00644 5.85336e-19 0.00320002 0.00644 0.00320002 0.00320005
6.445 -1.99573e-20 3.13808e-19 0.006445 0.006445 5.85336e-19 0.00320249 0.006445 0.00320249 0.00320253
6.45 -1.99573e-20 3.13808e-19 0.00645 0.00645 5.85336e-19 0.00320497 0.00645 0.00320497 0.003205
6.455 -1.99573e-20 3.13808e-19 0.006455 0.006455 5.85336e-19 0.00320745 0.006455 0.00320745 0.00320748
6.46 -1.99573e-20 3.13808e-19 0.00646 0.00646 5.85336e-19 0.00320992 0.00646 0.00320992 0.00320996
6.465 -1.99573e-20 3.13808e-19 0.006465 0.006465 5.85336e-19 0.0032124 0.006465 0.0032124 0.00321243
6.47 -1.99573e-20 3.13808e-19 0.00647 0.00647 5.85336e-19 0.00321488 0.00647 0.00321488 0.00321491
6.475 -1.99573e-20 3.13808e-19 0.006475 0.006475 5.85336e-19 0.00321735 0.006475 0.00321735 0.00321739
6.48 -1.99573e-20 3.13808e-19 0.00648 0.00648 5.85336e-19 0.00321983 0.00648 0.00321983 0.00321986
6.485 -1.99573e-20 3.13808e-19 0.006485 0.006485 5.85336e-19 0.00322231 0.006485 0.00322231 0.00322234
6.49 -1.99573e-20 3.13808e-19 0.00649 0.00649 5.85336e-19 0.00322478 0.00649 0.00322478 0.00322482
6.495 -1.99573e-20 3.13808e-19 0.006495 0.006495 5.85336e-19 0.00322726 0.006495 0.00322726 0.00322729
6.5 -1.99573e-20 3.13808e-19 0.0065 0.0065 5.85336e-19 0.00322974 0.0065 0.00322974 0.00322977
6.505 -1.99573e-20 3.13808e-19 0.006505 0.006505 5.85336e-19 0.00323221 0.006505 0.00323221 0.00323225
6.51 -1.99573e-20 3.13808e-19 0.00651 0.00651 5.85336e-19 0.00323469 0.00651 0.00323469 0.00323472
6.515 -1.99573e-20 3.13808e-19 0.006515 0.006515 5.85336e-19 0.00323716 0.006515 0.00323716 0.0032372
6.52 -1.99573e-20 3.13808e-19 0.00652 0.00652 5.85336e-19 0.00323964 0.00652 0.00323964 0.00323968
6.525 -1.99573e-20 3.13808e-19 0.006525 0.006525 5.85336e-19 0.00324212 0.006525 0.00324212 0.00324215
6.53 -1.99573e-20 3.13808e-19 0.00653 0.00653 5.85336e-19 0.00324459 0.00653 0.00324459 0.00324463
6.535 -1.99573e-20 3.13808e-19 0.006535 0.006535 5.85336e-19 0.00324707 0.006535 0.00324707 0.0032471
6.54 -1.99573e-20 3.13808e-19 0.00654 0.00654 5.85336e-19 0.00324955 0.00654 0.00324955 0.00324958
6.545 -1.99573e-20 3.13808e-19 0.006545 0.006545 5.85336e-19 0.00325202 0.006545 0.00325202 0.00325206
6.55 -1.99573e-20 3.13808e-19 0.00655 0.00655 5.85336e-19 0.0032545 0.00655 0.0032545 0.00325453
6.555 -1.99573e-20 3.13808e-19 0.006555 0.006555 5.85336e-19 0.00325698 0.006555 0.00325698 0.00325701
6.56 -1.99573e-20 3.13808e-19 0.00656 0.00656 5.85336e-19 0.00325945 0.00656 0.00325945 0.00325949
6.565 -1.99573e-20 3.13808e-19 0.006565 0.006565 5.85336e-19 0.00326193 0.006565 0.00326193 0.00326196
6.57 -1.99573e-20 3.13808e-19 0.00657 0.00657 5.85336e-19 0.00326441 0.00657 0.00326441 0.00326444
6.575 -1.99573e-20 3.13808e-19 0.006575 0.006575 5.85336e-19 0.00326688 0.006575 0.00326688 0.00326692
6.58 -1.99573e-20 3.13808e-19 0.00658 0.00658 5.85336e-19 0.00326936 0.00658 0.00326936 0.00326939
6.585 -1.99573e-20 3.13808e-19 0.006585 0.006585 5.85336e-19 0.00327184 0.006585 0.00327184 0.00327187
6.59 -1.99573e-20 3.13808e-19 0.00659 0.00659 5.85336e-19 0.00327431 0.00659 0.00327431 0.00327435
6.595 -1.99573e-20 3.13808e-19 0.006595 0.006595 5.85336e-19 0.00327679 0.006595 0.00327679 0.00327682
6.6 -1.99573e-20 3.13808e-19 0.0066 0.0066 5.85336e-19 0.00327927 0.0066 0.00327927 0.0032793
6.605 -1.99573e-20 3.13808e-19 0.006605 0.006605 5.85336e-19 0.00328174 0.006605 0.00328174 0.00328178
6.61 -1.99573e-20 3.13808e-19 0.00661 0.00661 5.85336e-19 0.00328422 0.00661 0.00328422 0.00328425
6.615 -1.99573e-20 3.13808e-19 0.006615 0.006615 5.85336e-19 0.00328669 0.006615 0.00328669 0.00328673
6.62 -1.99573e-20 3.13808e-19 0.00662 0.00662 5.85336e-19 0.00328917 0.00662 0.00328917 0.0032892
6.625 -1.99573e-20 3.13808e-19 0.006625 0.006625 5.85336e-19 0.00329165 0.006625 0.00329165 0.00329168
6.63 -1.99573e-20 3.13808e-19 0.00663 0.00663 5.85336e-19 0.00329412 0.00663 0.00329412 0.00329416
6.635 -1.99573e-20 3.13808e-19 0.006635 0.006635 5.85336e-19 0.0032966 0.006635 0.0032966 0.00329663
6.64 -1.99573e-20 3.13808e-19 0.00664 0.00664 5.85336e-19 0.00329908 0.00664 0.00329908 0.00329911
6.645 -1.99573e-20 3.13808e-19 0.006645 0.006645 5.85336e-19 0.00330155 0.006645 0.00330155 0.00330159
6.65 -1.99573e-20 3.13808e-19 0.00665 0.00665 5.85336e-19 0.00330403 0.00665 0.00330403 0.00330406
6.655 -1.99573e-20 3.13808e-19 0.006655 0.006655 5.85336e-19 0.00330651 0.006655 0.00330651 0.00330654
6.66 -1.99573e-20 3.13808e-19 0.00666 0.00666 5.85336e-19 0.00330898 0.00666 0.00330898 0.00330902
6.665 -1.99573e-20 3.13808e-19 0.006665 0.006665 5.85336e-19 0.00331146 0.006665 0.00331146 0.00331149
6.67 -1.99573e-20 3.13808e-19 0.00667 0.00667 5.85336e-19 0.00331394 0.00667 0.00331394 0.00331397
6.675 -1.99573e-20 3.13808e-19 0.006675 0.006675 5.85336e-19 0.00331641 0.006675 0.00331641 0.00331645
6.68 -1.99573e-20 3.13808e-19 0.00668 0.00668 5.85336e-19 0.00331889 0.00668 0.00331889 0.00331892
6.685 -1.99573e-20 3.13808e-19 0.006685 0.006685 5.85336e-19 0.00332137 0.006685 0.00332137 0.0033214
6.69 -1.99573e-20 3.13808e-19 0.00669 0.00669 5.85336e-19 0.00332384 0.00669 0.00332384 0.00332388
6.695 -1.99573e-20 3.13808e-19 0.006695 0.006695 5.85336e-19 0.00332632 0.006695 0.00332632 0.00332635
6.7 -1.99573e-20 3.13808e-19 0.0067 0.0067 5.85336e-19 0.00332879 0.0067 0.00332879 0.00332883
6.705 -1.99573e-20 3.13808e-19 0.006705 0.006705 5.85336e-19 0.00333127 0.006705 0.00333127 0.00333131
6.71 -1.99573e-20 3.13808e-19 0.00671 0.00671 5.85336e-19 0.00333375 0.00671 0.00333375 0.00333378
6.715 -1.99573e-20 3.13808e-19 0.006715 0.006715 5.85336e-19 0.00333622 0.006715 0.00333622 0.00333626
6.72 -1.99573e-20 3.13808e-19 0.00672 0.00672 5.85336e-19 0.0033387 0.00672 0.0033387 0.00333873
6.725 -1.99572e-20 3.13808e-19 0.006725 0.006725 5.85336e-19 0.00334118 0.006725 0.00334118 0.00334121
6.73 -1.99572e-20 3.13808e-19 0.00673 0.00673 5.85336e-19 0.00334365 0.00673 0.00334365 0.00334369
6.735 -1.99572e-20 3.13808e-19 0.006735 0.006735 5.85336e-19 0.00334613 0.006735 0.00334613 0.00334616
6.74 -1.99572e-20 3.13808e-19 0.00674 0.00674 5.85336e-19 0.00334861 0.00674 0.00334861 0.00334864
6.745 -1.99572e-20 3.13808e-19 0.006745 0.006745 5.85336e-19 0.00335108 0.006745 0.00335108 0.00335112
6.75 -1.99572e-20 3.13808e-19 0.00675 0.00675 5.85336e-19 0.00335356 0.00675 0.00335356 0.00335359
6.755 -1.99572e-20 3.13808e-19 0.006755 0.006755 5.85336e-19 0.00335604 0.006755 0.00335604 0.00335607
6.76 -1.99572e-20 3.13808e-19 0.00676 0.00676 5.85336e-19 0.00335851 0.00676 0.00335851 0.00335855
6.765 -1.99572e-20 3.13808e-19 0.006765 0.006765 5.85336e-19 0.00336099 0.006765 0.00336099 0.00336102
6.77 -1.99572e-20 3.13808e-19 0.00677 0.00677 5.85336e-19 0.00336347 0.00677 0.00336347 0.0033635
6.775 -1.99572e-20 3.13809e-19 0.006775 0.006775 5.85336e-19 0.00336594 0.006775 0.00336594 0.00336598
6.78 -1.99572e-20 3.13809e-19 0.00678 0.00678 5.85336e-19 0.00336842 0.00678 0.00336842 0.00336845
6.785 -1.99572e-20 3.13809e-19 0.006785 0.006785 5.85336e-19 0.0033709 0.006785 0.0033709 0.00337093
6.79 -1.99572e-20 3.13809e-19 0.00679 0.00679 5.85336e-19 0.00337337 0.00679 0.00337337 0.00337341
6.795 -1.99572e-20 3.13809e-19 0.006795 0.006795 5.85336e-19 0.00337585 0.006795 0.00337585 0.00337588
6.8 -1.99572e-20 3.13809e-19 0.0068 0.0068 5.85336e-19 0.00337832 0.0068 0.00337832 0.00337836
6.805 -1.99572e-20 3.13809e-19 0.006805 0.006805 5.85336e-19 0.0033808 0.006805 0.0033808 0.00338084
6.81 -1.99572e-20 3.13809e-19 0.00681 0.00681 5.85336e-19 0.00338328 0.00681 0.00338328 0.00338331
6.815 -1.99572e-20 3.13809e-19 0.006815 0.006815 5.85336e-19 0.00338575 0.006815 0.00338575 0.00338579
6.82 -1.99572e-20 3.13809e-19 0.00682 0.00682 5.85336e-19 0.00338823 0.00682 0.00338823 0.00338826
6.825 -1.99572e-20 3.13809e-19 0.006825 0.006825 5.85336e-19 0.00339071 0.006825 0.00339071 0.00339074
6.83 -1.99572e-20 3.13809e-19 0.00683 0.00683 5.85336e-19 0.00339318 0.00683 0.00339318 0.00339322
6.835 -1.99572e-20 3.13809e-19 0.006835 0.006835 5.85336e-19 0.00339566 0.006835 0.00339566 0.00339569
6.84 -1.99572e-20 3.13809e-19 0.00684 0.00684 5.85336e-19 0.00339814 0.00684 0.00339814 0.00339817
6.845 -1.99572e-20 3.13809e-19 0.006845 0.006845 5.85336e-19 0.00340061 0.006845 0.00340061 0.00340065
6.85 -1.99572e-20 3.13809e-19 0.00685 0.00685 5.85336e-19 0.00340309 0.00685 0.00340309 0.00340312
6.855 -1.99572e-20 3.13809e-19 0.006855 0.006855 5.85336e-19 0.00340557 0.006855 0.00340557 0.0034056
6.86 -1.99572e-20 3.13809e-19 0.00686 0.00686 5.85336e-19 0.00340804 0.00686 0.00340804 0.00340808
6.865 -1.99572e-20 3.13809e-19 0.006865 0.006865 5.85336e-19 0.00341052 0.006865 0.00341052 0.00341055
6.87 -1.99572e-20 3.13809e-19 0.00687 0.00687 5.85336e-19 0.003413 0.00687 0.003413 0.00341303
6.875 -1.99572e-20 3.13809e-19 0.006875 0.006875 5.85336e-19 0.00341547 0.006875 0.00341547 0.00341551
6.88 -1.99572e-20 3.13809e-19 0.00688 0.00688 5.85336e-19 0.00341795 0.00688 0.00341795 0.00341798
6.885 -1.99572e-20 3.13809e-19 0.006885 0.006885 5.85336e-19 0.00342043 0.006885 0.00342043 0.00342046
6.89 -1.99572e-20 3.13809e-19 0.00689 0.00689 5.85336e-19 0.0034229 0.00689 0.0034229 0.00342294
6.895 -1.99572e-20 3.13809e-19 0.006895 0.006895 5.85336e-19 0.00342538 0.006895 0.00342538 0.00342541
6.9 -1.99572e-20 3.13809e-19 0.0069 0.0069 5.85336e-19 0.00342785 0.0069 0.00342785 0.00342789
6.905 -1.99572e-20 3.13809e-19 0.006905 0.006905 5.85336e-19 0.00343033 0.006905 0.00343033 0.00343036
6.91 -1.99572e-20 3.13809e-19 0.00691 0.00691 5.85336e-19 0.00343281 0.00691 0.00343281 0.00343284
6.915 -1.99572e-20 3.13809e-19 0.006915 0.006915 5.85336e-19 0.00343528 0.006915 0.00343528 0.00343532
6.92 -1.99572e-20 3.13809e-19 0.00692 0.00692 5.85336e-19 0.00343776 0.00692 0.00343776 0.00343779
6.925 -1.99572e-20 3.13809e-19 0.006925 0.006925 5.85336e-19 0.00344024 0.006925 0.00344024 0.00344027
6.93 -1.99572e-20 3.13809e-19 0.00693 0.00693 5.85336e-19 0.00344271 0.00693 0.00344271 0.00344275
6.935 -1.99572e-20 3.13809e-19 0.006935 0.006935 5.85336e-19 0.00344519 0.006935 0.00344519 0.00344522
6.94 -1.99572e-20 3.13809e-19 0.00694 0.00694 5.85336e-19 0.00344767 0.00694 0.00344767 0.0034477
6.945 -1.99572e-20 3.13809e-19 0.006945 0.006945 5.85336e-19 0.00345014 0.006945 0.00345014 0.00345018
6.95 -1.99572e-20 3.13809e-19 0.00695 0.00695 5.85336e-19 0.00345262 0.00695 0.00345262 0.00345265
6.955 -1.99572e-20 3.13809e-19 0.006955 0.006955 5.85336e-19 0.0034551 0.006955 0.0034551 0.00345513
6.96 -1.99572e-20 3.13809e-19 0.00696 0.00696 5.85336e-19 0.00345757 0.00696 0.00345757 0.00345761
6.965 -1.99572e-20 3.13809e-19 0.006965 0.006965 5.85336e-19 0.00346005 0.006965 0.00346005 0.00346008
6.97 -1.99572e-20 3.13809e-19 0.00697 0.00697 5.85336e-19 0.00346253 0.00697 0.00346253 0.00346256
6.975 -1.99572e-20 3.13809e-19 0.006975 0.006975 5.85336e-19 0.003465 0.006975 0.003465 0.00346504
6.98 -1.99572e-20 3.13809e-19 0.00698 0.00698 5.85336e-19 0.00346748 0.00698 0.00346748 0.00346751
6.985 -1.99572e-20 3.13809e-19 0.006985 0.006985 5.85336e-19 0.00346995 0.006985 0.00346995 0.00346999
6.99 -1.99572e-20 3.13809e-19 0.00699 0.00699 5.85336e-19 0.00347243 0.00699 0.00347243 0.00347247
6.995 -1.99572e-20 3.13809e-19 0.006995 0.006995 5.85336e-19 0.00347491 0.006995 0.00347491 0.00347494
7 -1.99572e-20 3.13809e-19 0.007 0.007 5.85336e-19 0.00347738 0.007 0.00347738 0.00347742
7.005 -1.99572e-20 3.13809e-19 0.007005 0.007005 5.85336e-19 0.00347986 0.007005 0.00347986 0.00347989
7.01 -1.99572e-20 3.13809e-19 0.00701 0.00701 5.85336e-19 0.00348234 0.00701 0.00348234 0.00348237
7.015 -1.99572e-20 3.13809e-19 0.007015 0.007015 5.85336e-19 0.00348481 0.007015 0.00348481 0.00348485
7.02 -1.99572e-20 3.13809e-19 0.00702 0.00702 5.85336e-19 0.00348729 0.00702 0.00348729 0.00348732
7.025 -1.99572e-20 3.13809e-19 0.007025 0.007025 5.85336e-19 0.00348977 0.007025 0.00348977 0.0034898
7.03 -1.99572e-20 3.13809e-19 0.00703 0.00703 5.85336e-19 0.00349224 0.00703 0.00349224 0.00349228
7.035 -1.99572e-20 3.13809e-19 0.007035 0.007035 5.85336e-19 0.00349472 0.007035 0.00349472 0.00349475
7.04 -1.99572e-20 3.13809e-19 0.00704 0.00704 5.85336e-19 0.0034972 0.00704 0.0034972 0.00349723
7.045 -1.99572e-20 3.13809e-19 0.007045 0.007045 5.85336e-19 0.00349967 0.007045 0.00349967 0.00349971
7.05 -1.99572e-20 3.13809e-19 0.00705 0.00705 5.85336e-19 0.00350215 0.00705 0.00350215 0.00350218
7.055 -1.99572e-20 3.13809e-19 0.007055 0.007055 5.85336e-19 0.00350463 0.007055 0.00350463 0.00350466
7.06 -1.99572e-20 3.13809e-19 0.00706 0.00706 5.85336e-19 0.0035071 0.00706 0.0035071 0.00350714
7.065 -1.99572e-20 3.13809e-19 0.007065 0.007065 5.85336e-19 0.00350958 0.007065 0.00350958 0.00350961
7.07 -1.99572e-20 3.13809e-19 0.00707 0.00707 5.85336e-19 0.00351206 0.00707 0.00351206 0.00351209
7.075 -1.99572e-20 3.13809e-19 0.007075 0.007075 5.85336e-19 0.00351453 0.007075 0.00351453 0.00351457
7.08 -1.99572e-20 3.13809e-19 0.00708 0.00708 5.85336e-19 0.00351701 0.00708 0.00351701 0.00351704
7.085 -1.99572e-20 3.13809e-19 0.007085 0.007085 5.85336e-19 0.00351948 0.007085 0.00351948 0.00351952
7.09 -1.99572e-20 3.13809e-19 0.00709 0.00709 5.85336e-19 0.00352196 0.00709 0.00352196 0.003522
7.095 -1.99572e-20 3.13809e-19 0.007095 0.007095 5.85336e-19 0.00352444 0.007095 0.00352444 0.00352447
7.1 -1.99572e-20 3.13809e-19 0.0071 0.0071 5.85336e-19 0.00352691 0.0071 0.00352691 0.00352695
7.105 -1.99572e-20 3.13809e-19 0.007105 0.007105 5.85336e-19 0.00352939 0.007105 0.00352939 0.00352942
7.11 -1.99572e-20 3.13809e-19 0.00711 0.00711 5.85336e-19 0.00353187 0.00711 0.00353187 0.0035319
7.115 -1.99572e-20 3.13809e-19 0.007115 0.007115 5.85336e-19 0.00353434 0.007115 0.00353434 0.00353438
7.12 -1.99572e-20 3.13809e-19 0.00712 0.00712 5.85336e-19 0.00353682 0.00712 0.00353682 0.00353685
7.125 -1.99572e-20 3.13809e-19 0.007125 0.007125 5.85336e-19 0.0035393 0.007125 0.0035393 0.00353933
7.13 -1.99572e-20 3.13809e-19 0.00713 0.00713 5.85336e-19 0.00354177 0.00713 0.00354177 0.00354181
7.135 -1.99572e-20 3.13809e-19 0.007135 0.007135 5.85336e-19 0.00354425 0.007135 0.00354425 0.00354428
7.14 -1.99572e-20 3.13809e-19 0.00714 0.00714 5.85336e-19 0.00354673 0.00714 0.00354673 0.00354676
7.145 -1.99572e-20 3.13809e-19 0.007145 0.007145 5.85336e-19 0.0035492 0.007145 0.0035492 0.00354924
7.15 -1.99572e-20 3.13809e-19 0.00715 0.00715 5.85336e-19 0.00355168 0.00715 0.00355168 0.00355171
7.155 -1.99572e-20 3.13809e-19 0.007155 0.007155 5.85336e-19 0.00355416 0.007155 0.00355416 0.00355419
7.16 -1.99572e-20 3.13809e-19 0.00716 0.00716 5.85336e-19 0.00355663 0.00716 0.00355663 0.00355667
7.165 -1.99572e-20 3.13809e-19 0.007165 0.007165 5.85336e-19 0.00355911 0.007165 0.00355911 0.00355914
7.17 -1.99572e-20 3.13809e-19 0.00717 0.00717 5.85336e-19 0.00356159 0.00717 0.00356159 0.00356162
7.175 -1.99572e-20 3.13809e-19 0.007175 0.007175 5.85336e-19 0.00356406 0.007175 0.00356406 0.0035641
7.18 -1.99572e-20 3.13809e-19 0.00718 0.00718 5.85336e-19 0.00356654 0.00718 0.00356654 0.00356657
7.185 -1.99572e-20 3.13809e-19 0.007185 0.007185 5.85336e-19 0.00356901 0.007185 0.00356901 0.00356905
7.19 -1.99572e-20 3.13809e-19 0.00719 0.00719 5.85336e-19 0.00357149 0.00719 0.00357149 0.00357152
7.195 -1.99572e-20 3.13809e-19 0.007195 0.007195 5.85336e-19 0.00357397 0.007195 0.00357397 0.003574
7.2 -1.99572e-20 3.13809e-19 0.0072 0.0072 5.85336e-19 0.00357644 0.0072 0.00357644 0.00357648
7.205 -1.99572e-20 3.13809e-19 0.007205 0.007205 5.85336e-19 0.00357892 0.007205 0.00357892 0.00357895
7.21 -1.99572e-20 3.13809e-19 0.00721 0.00721 5.85336e-19 0.0035814 0.00721 0.0035814 0.00358143
7.215 -1.99572e-20 3.13809e-19 0.007215 0.007215 5.85336e-19 0.00358387 0.007215 0.00358387 0.00358391
7.22 -1.99572e-20 3.13809e-19 0.00722 0.00722 5.85336e-19 0.00358635 0.00722 0.00358635 0.00358638
7.225 -1.99572e-20 3.13809e-19 0.007225 0.007225 5.85336e-19 0.00358883 0.007225 0.00358883 0.00358886
7.23 -1.99572e-20 3.13809e-19 0.00723 0.00723 5.85336e-19 0.0035913 0.00723 0.0035913 0.00359134
7.235 -1.99572e-20 3.13809e-19 0.007235 0.007235 5.85336e-19 0.00359378 0.007235 0.00359378 0.00359381
7.24 -1.99572e-20 3.13809e-19 0.00724 0.00724 5.85336e-19 0.00359626 0.00724 0.00359626 0.00359629
7.245 -1.99572e-20 3.13809e-19 0.007245 0.007245 5.85336e-19 0.00359873 0.007245 0.00359873 0.00359877
7.25 -1.99572e-20 3.13809e-19 0.00725 0.00725 5.85336e-19 0.00360121 0.00725 0.00360121 0.00360124
7.255 -1.99572e-20 3.13809e-19 0.007255 0.007255 5.85336e-19 0.00360369 0.007255 0.00360369 0.00360372
7.26 -1.99572e-20 3.13809e-19 0.00726 0.00726 5.85336e-19 0.00360616 0.00726 0.00360616 0.0036062
7.265 -1.99572e-20 3.13809e-19 0.007265 0.007265 5.85336e-19 0.00360864 0.007265 0.00360864 0.00360867
7.27 -1.99572e-20 3.13809e-19 0.00727 0.00727 5.85336e-19 0.00361111 0.00727 0.00361111 0.00361115
7.275 -1.99572e-20 3.13809e-19 0.007275 0.007275 5.85336e-19 0.00361359 0.007275 0.00361359 0.00361363
7.28 -1.99572e-20 3.13809e-19 0.00728 0.00728 5.85336e-19 0.00361607 0.00728 0.00361607 0.0036161
7.285 -1.99572e-20 3.13809e-19 0.007285 0.007285 5.85336e-19 0.00361854 0.007285 0.00361854 0.00361858
7.29 -1.99572e-20 3.13809e-19 0.00729 0.00729 5.85336e-19 0.00362102 0.00729 0.00362102 0.00362105
7.295 -1.99572e-20 3.13809e-19 0.007295 0.007295 5.85336e-19 0.0036235 0.007295 0.0036235 0.00362353
7.3 -1.99572e-20 3.13809e-19 0.0073 0.0073 5.85336e-19 0.00362597 0.0073 0.00362597 0.00362601
7.305 -1.99572e-20 3.13809e-19 0.007305 0.007305 5.85336e-19 0.00362845 0.007305 0.00362845 0.00362848
7.31 -1.99572e-20 3.13809e-19 0.00731 0.00731 5.85336e-19 0.00363093 0.00731 0.00363093 0.00363096
7.315 -1.99572e-20 3.13809e-19 0.007315 0.007315 5.85336e-19 0.0036334 0.007315 0.0036334 0.00363344
7.32 -1.99572e-20 3.13809e-19 0.00732 0.00732 5.85336e-19 0.00363588 0.00732 0.00363588 0.00363591
7.325 -1.99572e-20 3.13809e-19 0.007325 0.007325 5.85336e-19 0.00363836 0.007325 0.00363836 0.00363839
7.33 -1.99572e-20 3.13809e-19 0.00733 0.00733 5.85336e-19 0.00364083 0.00733 0.00364083 0.00364087
7.335 -1.99572e-20 3.13809e-19 0.007335 0.007335 5.85336e-19 0.00364331 0.007335 0.00364331 0.00364334
7.34 -1.99572e-20 3.13809e-19 0.00734 0.00734 5.85336e-19 0.00364579 0.00734 0.00364579 0.00364582
7.345 -1.99572e-20 3.13809e-19 0.007345 0.007345 5.85336e-19 0.00364826 0.007345 0.00364826 0.0036483
7.35 -1.99572e-20 3.13809e-19 0.00735 0.00735 5.85336e-19 0.00365074 0.00735 0.00365074 0.00365077
7.355 -1.99572e-20 3.13809e-19 0.007355 0.007355 5.85336e-19 0.00365322 0.007355 0.00365322 0.00365325
7.36 -1.99572e-20 3.13809e-19 0.00736 0.00736 5.85336e-19 0.00365569 0.00736 0.00365569 0.00365573
7.365 -1.99572e-20 3.13809e-19 0.007365 0.007365 5.85336e-19 0.00365817 0.007365 0.00365817 0.0036582
7.37 -1.99572e-20 3.13809e-19 0.00737 0.00737 5.85336e-19 0.00366064 0.00737 0.00366064 0.00366068
7.375 -1.99572e-20 3.13809e-19 0.007375 0.007375 5.85336e-19 0.00366312 0.007375 0.00366312 0.00366316
7.38 -1.99572e-20 3.13809e-19 0.00738 0.00738 5.85336e-19 0.0036656 0.00738 0.0036656 0.00366563
7.385 -1.99572e-20 3.13809e-19 0.007385 0.007385 5.85336e-19 0.00366807 0.007385 0.00366807 0.00366811
7.39 -1.99572e-20 3.13809e-19 0.00739 0.00739 5.85336e-19 0.00367055 0.00739 0.00367055 0.00367058
7.395 -1.99572e-20 3.13809e-19 0.007395 0.007395 5.85336e-19 0.00367303 0.007395 0.00367303 0.00367306
7.4 -1.99572e-20 3.13809e-19 0.0074 0.0074 5.85336e-19 0.0036755 0.0074 0.0036755 0.00367554
7.405 -1.99572e-20 3.13809e-19 0.007405 0.007405 5.85336e-19 0.00367798 0.007405 0.00367798 0.00367801
7.41 -1.99572e-20 3.13809e-19 0.00741 0.00741 5.85336e-19 0.00368046 0.00741 0.00368046 0.00368049
7.415 -1.99572e-20 3.13809e-19 0.007415 0.007415 5.85336e-19 0.00368293 0.007415 0.00368293 0.00368297
7.42 -1.99572e-20 3.13809e-19 0.00742 0.00742 5.85336e-19 0.00368541 0.00742 0.00368541 0.00368544
7.425 -1.99572e-20 3.13809e-19 0.007425 0.007425 5.85336e-19 0.00368789 0.007425 0.00368789 0.00368792
7.43 -1.99572e-20 3.13809e-19 0.00743 0.00743 5.85336e-19 0.00369036 0.00743 0.00369036 0.0036904
7.435 -1.99572e-20 3.13809e-19 0.007435 0.007435 5.85336e-19 0.00369284 0.007435 0.00369284 0.00369287
7.44 -1.99572e-20 3.13809e-19 0.00744 0.00744 5.85336e-19 0.00369532 0.00744 0.00369532 0.00369535
7.445 -1.99572e-20 3.13809e-19 0.007445 0.007445 5.85336e-19 0.00369779 0.007445 0.00369779 0.00369783
7.45 -1.99572e-20 3.13809e-19 0.00745 0.00745 5.85336e-19 0.00370027 0.00745 0.00370027 0.0037003
7.455 -1.99572e-20 3.13809e-19 0.007455 0.007455 5.85336e-19 0.00370275 0.007455 0.00370275 0.00370278
7.46 -1.99572e-20 3.13809e-19 0.00746 0.00746 5.85336e-19 0.00370522 0.00746 0.00370522 0.00370526
7.465 -1.99572e-20 3.13809e-19 0.007465 0.007465 5.85336e-19 0.0037077 0.007465 0.0037077 0.00370773
7.47 -1.99572e-20 3.13809e-19 0.00747 0.00747 5.85336e-19 0.00371017 0.00747 0.00371017 0.00371021
7.475 -1.99572e-20 3.13809e-19 0.007475 0.007475 5.85336e-19 0.00371265 0.007475 0.00371265 0.00371269
7.48 -1.99572e-20 3.13809e-19 0.00748 0.00748 5.85336e-19 0.00371513 0.00748 0.00371513 0.00371516
7.485 -1.99572e-20 3.13809e-19 0.007485 0.007485 5.85336e-19 0.0037176 0.007485 0.0037176 0.00371764
7.49 -1.99572e-20 3.13809e-19 0.00749 0.00749 5.85336e-19 0.00372008 0.00749 0.00372008 0.00372011
7.495 -1.99572e-20 3.13809e-19 0.007495 0.007495 5.85336e-19 0.00372256 0.007495 0.00372256 0.00372259
7.5 -1.99572e-20 3.13809e-19 0.0075 0.0075 5.85336e-19 0.00372503 0.0075 0.00372503 0.00372507
7.505 -1.99572e-20 3.13809e-19 0.007505 0.007505 5.85336e-19 0.00372751 0.007505 0.00372751 0.00372754
7.51 -1.99572e-20 3.13809e-19 0.00751 0.00751 5.85336e-19 0.00372999 0.00751 0.00372999 0.00373002
7.515 -1.99572e-20 3.13809e-19 0.007515 0.007515 5.85336e-19 0.00373246 0.007515 0.00373246 0.0037325
7.52 -1.99572e-20 3.13809e-19 0.00752 0.00752 5.85336e-19 0.00373494 0.00752 0.00373494 0.00373497
7.525 -1.99572e-20 3.13809e-19 0.007525 0.007525 5.85336e-19 0.00373742 0.007525 0.00373742 0.00373745
7.53 -1.99572e-20 3.13809e-19 0.00753 0.00753 5.85336e-19 0.00373989 0.00753 0.00373989 0.00373993
7.535 -1.99572e-20 3.13809e-19 0.007535 0.007535 5.85336e-19 0.00374237 0.007535 0.00374237 0.0037424
7.54 -1.99572e-20 3.13809e-19 0.00754 0.00754 5.85336e-19 0.00374485 0.00754 0.00374485 0.00374488
7.545 -1.99572e-20 3.13809e-19 0.007545 0.007545 5.85336e-19 0.00374732 0.007545 0.00374732 0.00374736
7.55 -1.99572e-20 3.13809e-19 0.00755 0.00755 5.85336e-19 0.0037498 0.00755 0.0037498 0.00374983
7.555 -1.99572e-20 3.13809e-19 0.007555 0.007555 5.85336e-19 0.00375228 0.007555 0.00375228 0.00375231
7.56 -1.99572e-20 3.13809e-19 0.00756 0.00756 5.85336e-19 0.00375475 0.00756 0.00375475 0.00375479
7.565 -1.99572e-20 3.13809e-19 0.007565 0.007565 5.85336e-19 0.00375723 0.007565 0.00375723 0.00375726
7.57 -1.99572e-20 3.13809e-19 0.00757 0.00757 5.85336e-19 0.0037597 0.00757 0.0037597 0.00375974
7.575 -1.99572e-20 3.13809e-19 0.007575 0.007575 5.85336e-19 0.00376218 0.007575 0.00376218 0.00376221
7.58 -1.99572e-20 3.13809e-19 0.00758 0.00758 5.85336e-19 0.00376466 0.00758 0.00376466 0.00376469
7.585 -1.99572e-20 3.13809e-19 0.007585 0.007585 5.85336e-19 0.00376713 0.007585 0.00376713 0.00376717
7.59 -1.99572e-20 3.13809e-19 0.00759 0.00759 5.85336e-19 0.00376961 0.00759 0.00376961 0.00376964
7.595 -1.99572e-20 3.13809e-19 0.007595 0.007595 5.85336e-19 0.00377209 0.007595 0.00377209 0.00377212
7.6 -1.99572e-20 3.13809e-19 0.0076 0.0076 5.85336e-19 0.00377456 0.0076 0.00377456 0.0037746
7.605 -1.99572e-20 3.13809e-19 0.007605 0.007605 5.85336e-19 0.00377704 0.007605 0.00377704 0.00377707
7.61 -1.99572e-20 3.13809e-19 0.00761 0.00761 5.85336e-19 0.00377952 0.00761 0.00377952 0.00377955
7.615 -1.99572e-20 3.13809e-19 0.007615 0.007615 5.85336e-19 0.00378199 0.007615 0.00378199 0.00378203
7.62 -1.99572e-20 3.13809e-19 0.00762 0.00762 5.85336e-19 0.00378447 0.00762 0.00378447 0.0037845
7.625 -1.99572e-20 3.13809e-19 0.007625 0.007625 5.85336e-19 0.00378695 0.007625 0.00378695 0.00378698
7.63 -1.99572e-20 3.13809e-19 0.00763 0.00763 5.85336e-19 0.00378942 0.00763 0.00378942 0.00378946
7.635 -1.99572e-20 3.13809e-19 0.007635 0.007635 5.85336e-19 0.0037919 0.007635 0.0037919 0.00379193
7.64 -1.99572e-20 3.13809e-19 0.00764 0.00764 5.85336e-19 0.00379438 0.00764 0.00379438 0.00379441
7.645 -1.99572e-20 3.13809e-19 0.007645 0.007645 5.85336e-19 0.00379685 0.007645 0.00379685 0.00379689
7.65 -1.99572e-20 3.13809e-19 0.00765 0.00765 5.85336e-19 0.00379933 0.00765 0.00379933 0.00379936
7.655 -1.99572e-20 3.13809e-19 0.007655 0.007655 5.85336e-19 0.0038018 0.007655 0.0038018 0.00380184
7.66 -1.99572e-20 3.13809e-19 0.00766 0.00766 5.85336e-19 0.00380428 0.00766 0.00380428 0.00380432
7.665 -1.99572e-20 3.13809e-19 0.007665 0.007665 5.85336e-19 0.00380676 0.007665 0.00380676 0.00380679
7.67 -1.99572e-20 3.13809e-19 0.00767 0.00767 5.85336e-19 0.00380923 0.00767 0.00380923 0.00380927
7.675 -1.99572e-20 3.13809e-19 0.007675 0.007675 5.85336e-19 0.00381171 0.007675 0.00381171 0.00381174
7.68 -1.99572e-20 3.13809e-19 0.00768 0.00768 5.85336e-19 0.00381419 0.00768 0.00381419 0.00381422
7.685 -1.99572e-20 3.13809e-19 0.007685 0.007685 5.85336e-19 0.00381666 0.007685 0.00381666 0.0038167
7.69 -1.99572e-20 3.13809e-19 0.00769 0.00769 5.85336e-19 0.00381914 0.00769 0.00381914 0.00381917
7.695 -1.99572e-20 3.13809e-19 0.007695 0.007695 5.85336e-19 0.00382162 0.007695 0.00382162 0.00382165
7.7 -1.99572e-20 3.13809e-19 0.0077 0.0077 5.85336e-19 0.00382409 0.0077 0.00382409 0.00382413
7.705 -1.99572e-20 3.13809e-19 0.007705 0.007705 5.85336e-19 0.00382657 0.007705 0.00382657 0.0038266
7.71 -1.99572e-20 3.13809e-19 0.00771 0.00771 5.85336e-19 0.00382905 0.00771 0.00382905 0.00382908
7.715 -1.99572e-20 3.13809e-19 0.007715 0.007715 5.85336e-19 0.00383152 0.007715 0.00383152 0.00383156
7.72 -1.99572e-20 3.13809e-19 0.00772 0.00772 5.85336e-19 0.003834 0.00772 0.003834 0.00383403
7.725 -1.99572e-20 3.13809e-19 0.007725 0.007725 5.85336e-19 0.00383648 0.007725 0.00383648 0.00383651
7.73 -1.99572e-20 3.13809e-19 0.00773 0.00773 5.85336e-19 0.00383895 0.00773 0.00383895 0.00383899
7.735 -1.99572e-20 3.13809e-19 0.007735 0.007735 5.85336e-19 0.00384143 0.007735 0.00384143 0.00384146
7.74 -1.99572e-20 3.13809e-19 0.00774 0.00774 5.85336e-19 0.00384391 0.00774 0.00384391 0.00384394
7.745 -1.99572e-20 3.13809e-19 0.007745 0.007745 5.85336e-19 0.00384638 0.007745 0.00384638 0.00384642
7.75 -1.99572e-20 3.13809e-19 0.00775 0.00775 5.85336e-19 0.00384886 0.00775 0.00384886 0.00384889
7.755 -1.99572e-20 3.13809e-19 0.007755 0.007755 5.85336e-19 0.00385133 0.007755 0.00385133 0.00385137
7.76 -1.99572e-20 3.13809e-19 0.00776 0.00776 5.85336e-19 0.00385381 0.00776 0.00385381 0.00385385
7.765 -1.99572e-20 3.13809e-19 0.007765 0.007765 5.85336e-19 0.00385629 0.007765 0.00385629 0.00385632
7.77 -1.99572e-20 3.13809e-19 0.00777 0.00777 5.85336e-19 0.00385876 0.00777 0.00385876 0.0038588
7.775 -1.99572e-20 3.13809e-19 0.007775 0.007775 5.85336e-19 0.00386124 0.007775 0.00386124 0.00386127
7.78 -1.99572e-20 3.13809e-19 0.00778 0.00778 5.85336e-19 0.00386372 0.00778 0.00386372 0.00386375
7.785 -1.99572e-20 3.13809e-19 0.007785 0.007785 5.85336e-19 0.00386619 0.007785 0.00386619 0.00386623
7.79 -1.99572e-20 3.13809e-19 0.00779 0.00779 5.85336e-19 0.00386867 0.00779 0.00386867 0.0038687
7.795 -1.99572e-20 3.13809e-19 0.007795 0.007795 5.85336e-19 0.00387115 0.007795 0.00387115 0.00387118
7.8 -1.99572e-20 3.13809e-19 0.0078 0.0078 5.85336e-19 0.00387362 0.0078 0.00387362 0.00387366
7.805 -1.99572e-20 3.13809e-19 0.007805 0.007805 5.85336e-19 0.0038761 0.007805 0.0038761 0.00387613
7.81 -1.99572e-20 3.13809e-19 0.00781 0.00781 5.85336e-19 0.00387858 0.00781 0.00387858 0.00387861
7.815 -1.99572e-20 3.13809e-19 0.007815 0.007815 5.85336e-19 0.00388105 0.007815 0.00388105 0.00388109
7.82 -1.99572e-20 3.13809e-19 0.00782 0.00782 5.85336e-19 0.00388353 0.00782 0.00388353 0.00388356
7.825 -1.99572e-20 3.13809e-19 0.007825 0.007825 5.85336e-19 0.00388601 0.007825 0.00388601 0.00388604
7.83 -1.99572e-20 3.13809e-19 0.00783 0.00783 5.85336e-19 0.00388848 0.00783 0.00388848 0.00388852
7.835 -1.99572e-20 3.13809e-19 0.007835 0.007835 5.85336e-19 0.00389096 0.007835 0.00389096 0.00389099
7.84 -1.99572e-20 3.13809e-19 0.00784 0.00784 5.85336e-19 0.00389344 0.00784 0.00389344 0.00389347
7.845 -1.99572e-20 3.13809e-19 0.007845 0.007845 5.85336e-19 0.00389591 0.007845 0.00389591 0.00389595
7.85 -1.99572e-20 3.13809e-19 0.00785 0.00785 5.85336e-19 0.00389839 0.00785 0.00389839 0.00389842
7.855 -1.99572e-20 3.13809e-19 0.007855 0.007855 5.85336e-19 0.00390086 0.007855 0.00390086 0.0039009
7.86 -1.99572e-20 3.13809e-19 0.00786 0.00786 5.85336e-19 0.00390334 0.00786 0.00390334 0.00390337
7.865 -1.99572e-20 3.13809e-19 0.007865 0.007865 5.85336e-19 0.00390582 0.007865 0.00390582 0.00390585
7.87 -1.99572e-20 3.13809e-19 0.00787 0.00787 5.85336e-19 0.00390829 0.00787 0.00390829 0.00390833
7.875 -1.99572e-20 3.13809e-19 0.007875 0.007875 5.85336e-19 0.00391077 0.007875 0.00391077 0.0039108
7.88 -1.99572e-20 3.13809e-19 0.00788 0.00788 5.85336e-19 0.00391325 0.00788 0.00391325 0.00391328
7.885 -1.99572e-20 3.13809e-19 0.007885 0.007885 5.85336e-19 0.00391572 0.007885 0.00391572 0.00391576
7.89 -1.99572e-20 3.13809e-19 0.00789 0.00789 5.85336e-19 0.0039182 0.00789 0.0039182 0.00391823
7.895 -1.99572e-20 3.13809e-19 0.007895 0.007895 5.85336e-19 0.00392068 0.007895 0.00392068 0.00392071
7.9 -1.99572e-20 3.13809e-19 0.0079 0.0079 5.85336e-19 0.00392315 0.0079 0.00392315 0.00392319
7.905 -1.99572e-20 3.13809e-19 0.007905 0.007905 5.85336e-19 0.00392563 0.007905 0.00392563 0.00392566
7.91 -1.99572e-20 3.13809e-19 0.00791 0.00791 5.85336e-19 0.00392811 0.00791 0.00392811 0.00392814
7.915 -1.99572e-20 3.13809e-19 0.007915 0.007915 5.85336e-19 0.00393058 0.007915 0.00393058 0.00393062
7.92 -1.99572e-20 3.13809e-19 0.00792 0.00792 5.85336e-19 0.00393306 0.00792 0.00393306 0.00393309
7.925 -1.99572e-20 3.13809e-19 0.007925 0.007925 5.85336e-19 0.00393554 0.007925 0.00393554 0.00393557
7.93 -1.99572e-20 3.13809e-19 0.00793 0.00793 5.85336e-19 0.00393801 0.00793 0.00393801 0.00393805
7.935 -1.99572e-20 3.13809e-19 0.007935 0.007935 5.85336e-19 0.00394049 0.007935 0.00394049 0.00394052
7.94 -1.99572e-20 3.13809e-19 0.00794 0.00794 5.85336e-19 0.00394296 0.00794 0.00394296 0.003943
7.945 -1.99572e-20 3.13809e-19 0.007945 0.007945 5.85336e-19 0.00394544 0.007945 0.00394544 0.00394548
7.95 -1.99572e-20 3.13809e-19 0.00795 0.00795 5.85336e-19 0.00394792 0.00795 0.00394792 0.00394795
7.955 -1.99572e-20 3.13809e-19 0.007955 0.007955 5.85336e-19 0.00395039 0.007955 0.00395039 0.00395043
7.96 -1.99572e-20 3.13809e-19 0.00796 0.00796 5.85336e-19 0.00395287 0.00796 0.00395287 0.0039529
7.965 -1.99572e-20 3.13809e-19 0.007965 0.007965 5.85336e-19 0.00395535 0.007965 0.00395535 0.00395538
7.97 -1.99572e-20 3.13809e-19 0.00797 0.00797 5.85336e-19 0.00395782 0.00797 0.00395782 0.00395786
7.975 -1.99572e-20 3.13809e-19 0.007975 0.007975 5.85336e-19 0.0039603 0.007975 0.0039603 0.00396033
7.98 -1.99572e-20 3.13809e-19 0.00798 0.00798 5.85336e-19 0.00396278 0.00798 0.00396278 0.00396281
7.985 -1.99572e-20 3.13809e-19 0.007985 0.007985 5.85336e-19 0.00396525 0.007985 0.00396525 0.00396529
7.99 -1.99572e-20 3.13809e-19 0.00799 0.00799 5.85336e-19 0.00396773 0.00799 0.00396773 0.00396776
7.995 -1.99572e-20 3.13809e-19 0.007995 0.007995 5.85336e-19 0.00397021 0.007995 0.00397021 0.00397024
8 -1.99572e-20 3.13809e-19 0.008 0.008 5.85336e-19 0.00397268 0.008 0.00397268 0.00397272
8.005 -1.99572e-20 3.13809e-19 0.008005 0.008005 5.85336e-19 0.00397516 0.008005 0.00397516 0.00397519
8.01 -1.99572e-20 3.13809e-19 0.00801 0.00801 5.85336e-19 0.00397764 0.00801 0.00397764 0.00397767
8.015 -1.99572e-20 3.13809e-19 0.008015 0.008015 5.85336e-19 0.00398011 0.008015 0.00398011 0.00398015
8.02 -1.99572e-20 3.13809e-19 0.00802 0.00802 5.85336e-19 0.00398259 0.00802 0.00398259 0.00398262
8.025 -1.99572e-20 3.13809e-19 0.008025 0.008025 5.85336e-19 0.00398507 0.008025 0.00398507 0.0039851
8.03 -1.99572e-20 3.13809e-19 0.00803 0.00803 5.85336e-19 0.00398754 0.00803 0.00398754 0.00398758
8.035 -1.99572e-20 3.13809e-19 0.008035 0.008035 5.85336e-19 0.00399002 0.008035 0.00399002 0.00399005
8.04 -1.99572e-20 3.13809e-19 0.00804 0.00804 5.85336e-19 0.00399249 0.00804 0.00399249 0.00399253
8.045 -1.99572e-20 3.13809e-19 0.008045 0.008045 5.85336e-19 0.00399497 0.008045 0.00399497 0.00399501
8.05 -1.99572e-20 3.13809e-19 0.00805 0.00805 5.85336e-19 0.00399745 0.00805 0.00399745 0.00399748
8.055 -1.99572e-20 3.13809e-19 0.008055 0.008055 5.85336e-19 0.00399992 0.008055 0.00399992 0.00399996
8.06 -1.99572e-20 3.13809e-19 0.00806 0.00806 5.85336e-19 0.0040024 0.00806 0.0040024 0.00400243
8.065 -1.99572e-20 3.13809e-19 0.008065 0.008065 5.85336e-19 0.00400488 0.008065 0.00400488 0.00400491
8.07 -1.99572e-20 3.13809e-19 0.00807 0.00807 5.85336e-19 0.00400735 0.00807 0.00400735 0.00400739
8.075 -1.99572e-20 3.13809e-19 0.008075 0.008075 5.85336e-19 0.00400983 0.008075 0.00400983 0.00400986
8.08 -1.99572e-20 3.13809e-19 0.00808 0.00808 5.85336e-19 0.00401231 0.00808 0.00401231 0.00401234
8.085 -1.99572e-20 3.13809e-19 0.008085 0.008085 5.85336e-19 0.00401478 0.008085 0.00401478 0.00401482
8.09 -1.99572e-20 3.13809e-19 0.00809 0.00809 5.85336e-19 0.00401726 0.00809 0.00401726 0.00401729
8.095 -1.99572e-20 3.13809e-19 0.008095 0.008095 5.85336e-19 0.00401974 0.008095 0.00401974 0.00401977
8.1 -1.99572e-20 3.13809e-19 0.0081 0.0081 5.85336e-19 0.00402221 0.0081 0.00402221 0.00402225
8.105 -1.99572e-20 3.13809e-19 0.008105 0.008105 5.85336e-19 0.00402469 0.008105 0.00402469 0.00402472
8.11 -1.99572e-20 3.13809e-19 0.00811 0.00811 5.85336e-19 0.00402717 0.00811 0.00402717 0.0040272
8.115 -1.99572e-20 3.13809e-19 0.008115 0.008115 5.85336e-19 0.00402964 0.008115 0.00402964 0.00402968
8.12 -1.99572e-20 3.13809e-19 0.00812 0.00812 5.85336e-19 0.00403212 0.00812 0.00403212 0.00403215
8.125 -1.99572e-20 3.13809e-19 0.008125 0.008125 5.85336e-19 0.0040346 0.008125 0.0040346 0.00403463
8.13 -1.99572e-20 3.13809e-19 0.00813 0.00813 5.85336e-19 0.00403707 0.00813 0.00403707 0.00403711
8.135 -1.99572e-20 3.13809e-19 0.008135 0.008135 5.85336e-19 0.00403955 0.008135 0.00403955 0.00403958
8.14 -1.99572e-20 3.13809e-19 0.00814 0.00814 5.85336e-19 0.00404202 0.00814 0.00404202 0.00404206
8.145 -1.99572e-20 3.13809e-19 0.008145 0.008145 5.85336e-19 0.0040445 0.008145 0.0040445 0.00404453
8.15 -1.99572e-20 3.13809e-19 0.00815 0.00815 5.85336e-19 0.00404698 0.00815 0.00404698 0.00404701
8.155 -1.99572e-20 3.13809e-19 0.008155 0.008155 5.85336e-19 0.00404945 0.008155 0.00404945 0.00404949
8.16 -1.99572e-20 3.13809e-19 0.00816 0.00816 5.85336e-19 0.00405193 0.00816 0.00405193 0.00405196
8.165 -1.99572e-20 3.13809e-19 0.008165 0.008165 5.85336e-19 0.00405441 0.008165 0.00405441 0.00405444
8.17 -1.99572e-20 3.13809e-19 0.00817 0.00817 5.85336e-19 0.00405688 0.00817 0.00405688 0.00405692
8.175 -1.99572e-20 3.13809e-19 0.008175 0.008175 5.85336e-19 0.00405936 0.008175 0.00405936 0.00405939
8.18 -1.99572e-20 3.13809e-19 0.00818 0.00818 5.85336e-19 0.00406184 0.00818 0.00406184 0.00406187
8.185 -1.99572e-20 3.13809e-19 0.008185 0.008185 5.85336e-19 0.00406431 0.008185 0.00406431 0.00406435
8.19 -1.99572e-20 3.13809e-19 0.00819 0.00819 5.85336e-19 0.00406679 0.00819 0.00406679 0.00406682
8.195 -1.99572e-20 3.13809e-19 0.008195 0.008195 5.85336e-19 0.00406927 0.008195 0.00406927 0.0040693
8.2 -1.99572e-20 3.13809e-19 0.0082 0.0082 5.85336e-19 0.00407174 0.0082 0.00407174 0.00407178
8.205 -1.99572e-20 3.13809e-19 0.008205 0.008205 5.85336e-19 0.00407422 0.008205 0.00407422 0.00407425
8.21 -1.99572e-20 3.13809e-19 0.00821 0.00821 5.85336e-19 0.0040767 0.00821 0.0040767 0.00407673
8.215 -1.99572e-20 3.13809e-19 0.008215 0.008215 5.85336e-19 0.00407917 0.008215 0.00407917 0.00407921
8.22 -1.99572e-20 3.13809e-19 0.00822 0.00822 5.85336e-19 0.00408165 0.00822 0.00408165 0.00408168
8.225 -1.99572e-20 3.13809e-19 0.008225 0.008225 5.85336e-19 0.00408412 0.008225 0.00408412 0.00408416
8.23 -1.99572e-20 3.13809e-19 0.00823 0.00823 5.85336e-19 0.0040866 0.00823 0.0040866 0.00408664
8.235 -1.99572e-20 3.13809e-19 0.008235 0.008235 5.85336e-19 0.00408908 0.008235 0.00408908 0.00408911
8.24 -1.99572e-20 3.13809e-19 0.00824 0.00824 5.85336e-19 0.00409155 0.00824 0.00409155 0.00409159
8.245 -1.99572e-20 3.13809e-19 0.008245 0.008245 5.85336e-19 0.00409403 0.008245 0.00409403 0.00409406
8.25 -1.99572e-20 3.13809e-19 0.00825 0.00825 5.85336e-19 0.00409651 0.00825 0.00409651 0.00409654
8.255 -1.99572e-20 3.13809e-19 0.008255 0.008255 5.85336e-19 0.00409898 0.008255 0.00409898 0.00409902
8.26 -1.99572e-20 3.13809e-19 0.00826 0.00826 5.85336e-19 0.00410146 0.00826 0.00410146 0.00410149
8.265 -1.99572e-20 3.13809e-19 0.008265 0.008265 5.85336e-19 0.00410394 0.008265 0.00410394 0.00410397
8.27 -1.99572e-20 3.13809e-19 0.00827 0.00827 5.85336e-19 0.00410641 0.00827 0.00410641 0.00410645
8.275 -1.99572e-20 3.13809e-19 0.008275 0.008275 5.85336e-19 0.00410889 0.008275 0.00410889 0.00410892
8.28 -1.99572e-20 3.13809e-19 0.00828 0.00828 5.85336e-19 0.00411137 0.00828 0.00411137 0.0041114
8.285 -1.99572e-20 3.13809e-19 0.008285 0.008285 5.85336e-19 0.00411384 0.008285 0.00411384 0.00411388
8.29 -1.99572e-20 3.13809e-19 0.00829 0.00829 5.85336e-19 0.00411632 0.00829 0.00411632 0.00411635
8.295 -1.99572e-20 3.13809e-19 0.008295 0.008295 5.85336e-19 0.0041188 0.008295 0.0041188 0.00411883
8.3 -1.99572e-20 3.13809e-19 0.0083 0.0083 5.85336e-19 0.00412127 0.0083 0.00412127 0.00412131
8.305 -1.99572e-20 3.13809e-19 0.008305 0.008305 5.85336e-19 0.00412375 0.008305 0.00412375 0.00412378
8.31 -1.99572e-20 3.13809e-19 0.00831 0.00831 5.85336e-19 0.00412623 0.00831 0.00412623 0.00412626
8.315 -1.99572e-20 3.13809e-19 0.008315 0.008315 5.85336e-19 0.0041287 0.008315 0.0041287 0.00412874
8.32 -1.99572e-20 3.13809e-19 0.00832 0.00832 5.85336e-19 0.00413118 0.00832 0.00413118 0.00413121
8.325 -1.99572e-20 3.13809e-19 0.008325 0.008325 5.85336e-19 0.00413365 0.008325 0.00413365 0.00413369
8.33 -1.99572e-20 3.13809e-19 0.00833 0.00833 5.85336e-19 0.00413613 0.00833 0.00413613 0.00413617
8.335 -1.99572e-20 3.13809e-19 0.008335 0.008335 5.85336e-19 0.00413861 0.008335 0.00413861 0.00413864
8.34 -1.99572e-20 3.13809e-19 0.00834 0.00834 5.85336e-19 0.00414108 0.00834 0.00414108 0.00414112
8.345 -1.99572e-20 3.13809e-19 0.008345 0.008345 5.85336e-19 0.00414356 0.008345 0.00414356 0.00414359
8.35 -1.99572e-20 3.13809e-19 0.00835 0.00835 5.85336e-19 0.00414604 0.00835 0.00414604 0.00414607
8.355 -1.99572e-20 3.13809e-19 0.008355 0.008355 5.85336e-19 0.00414851 0.008355 0.00414851 0.00414855
8.36 -1.99572e-20 3.13809e-19 0.00836 0.00836 5.85336e-19 0.00415099 0.00836 0.00415099 0.00415102
8.365 -1.99572e-20 3.13809e-19 0.008365 0.008365 5.85336e-19 0.00415347 0.008365 0.00415347 0.0041535
8.37 -1.99572e-20 3.13809e-19 0.00837 0.00837 5.85336e-19 0.00415594 0.00837 0.00415594 0.00415598
8.375 -1.99572e-20 3.13809e-19 0.008375 0.008375 5.85336e-19 0.00415842 0.008375 0.00415842 0.00415845
8.38 -1.99572e-20 3.13809e-19 0.00838 0.00838 5.85336e-19 0.0041609 0.00838 0.0041609 0.00416093
8.385 -1.99572e-20 3.13809e-19 0.008385 0.008385 5.85336e-19 0.00416337 0.008385 0.00416337 0.00416341
8.39 -1.99572e-20 3.13809e-19 0.00839 0.00839 5.85336e-19 0.00416585 0.00839 0.00416585 0.00416588
8.395 -1.99572e-20 3.13809e-19 0.008395 0.008395 5.85336e-19 0.00416833 0.008395 0.00416833 0.00416836
8.4 -1.99572e-20 3.13809e-19 0.0084 0.0084 5.85336e-19 0.0041708 0.0084 0.0041708 0.00417084
8.405 -1.99572e-20 3.13809e-19 0.008405 0.008405 5.85336e-19 0.00417328 0.008405 0.00417328 0.00417331
8.41 -1.99572e-20 3.13809e-19 0.00841 0.00841 5.85336e-19 0.00417576 0.00841 0.00417576 0.00417579
8.415 -1.99572e-20 3.13809e-19 0.008415 0.008415 5.85336e-19 0.00417823 0.008415 0.00417823 0.00417827
8.42 -1.99572e-20 3.13809e-19 0.00842 0.00842 5.85336e-19 0.00418071 0.00842 0.00418071 0.00418074
8.425 -1.99572e-20 3.13809e-19 0.008425 0.008425 5.85336e-19 0.00418318 0.008425 0.00418318 0.00418322
8.43 -1.99572e-20 3.13809e-19 0.00843 0.00843 5.85336e-19 0.00418566 0.00843 0.00418566 0.00418569
8.435 -1.99572e-20 3.13809e-19 0.008435 0.008435 5.85336e-19 0.00418814 0.008435 0.00418814 0.00418817
8.44 -1.99572e-20 3.13809e-19 0.00844 0.00844 5.85336e-19 0.00419061 0.00844 0.00419061 0.00419065
8.445 -1.99572e-20 3.13809e-19 0.008445 0.008445 5.85336e-19 0.00419309 0.008445 0.00419309 0.00419312
8.45 -1.99572e-20 3.13809e-19 0.00845 0.00845 5.85336e-19 0.00419557 0.00845 0.00419557 0.0041956
8.455 -1.99572e-20 3.13809e-19 0.008455 0.008455 5.85336e-19 0.00419804 0.008455 0.00419804 0.00419808
8.46 -1.99572e-20 3.13809e-19 0.00846 0.00846 5.85336e-19 0.00420052 0.00846 0.00420052 0.00420055
8.465 -1.99572e-20 3.13809e-19 0.008465 0.008465 5.85336e-19 0.004203 0.008465 0.004203 0.00420303
8.47 -1.99572e-20 3.13809e-19 0.00847 0.00847 5.85336e-19 0.00420547 0.00847 0.00420547 0.00420551
8.475 -1.99572e-20 3.13809e-19 0.008475 0.008475 5.85336e-19 0.00420795 0.008475 0.00420795 0.00420798
8.48 -1.99572e-20 3.13809e-19 0.00848 0.00848 5.85336e-19 0.00421043 0.00848 0.00421043 0.00421046
8.485 -1.99572e-20 3.13809e-19 0.008485 0.008485 5.85336e-19 0.0042129 0.008485 0.0042129 0.00421294
8.49 -1.99572e-20 3.13809e-19 0.00849 0.00849 5.85336e-19 0.00421538 0.00849 0.00421538 0.00421541
8.495 -1.99572e-20 3.13809e-19 0.008495 0.008495 5.85336e-19 0.00421786 0.008495 0.00421786 0.00421789
8.5 -1.99572e-20 3.13809e-19 0.0085 0.0085 5.85336e-19 0.00422033 0.0085 0.00422033 0.00422037
8.505 -1.99572e-20 3.13809e-19 0.008505 0.008505 5.85336e-19 0.00422281 0.008505 0.00422281 0.00422284
8.51 -1.99572e-20 3.13809e-19 0.00851 0.00851 5.85336e-19 0.00422528 0.00851 0.00422528 0.00422532
8.515 -1.99572e-20 3.13809e-19 0.008515 0.008515 5.85336e-19 0.00422776 0.008515 0.00422776 0.0042278
8.52 -1.99572e-20 3.13809e-19 0.00852 0.00852 5.85336e-19 0.00423024 0.00852 0.00423024 0.00423027
8.525 -1.99572e-20 3.13809e-19 0.008525 0.008525 5.85336e-19 0.00423271 0.008525 0.00423271 0.00423275
8.53 -1.99572e-20 3.13809e-19 0.00853 0.00853 5.85336e-19 0.00423519 0.00853 0.00423519 0.00423522
8.535 -1.99572e-20 3.13809e-19 0.008535 0.008535 5.85336e-19 0.00423767 0.008535 0.00423767 0.0042377
8.54 -1.99572e-20 3.13809e-19 0.00854 0.00854 5.85336e-19 0.00424014 0.00854 0.00424014 0.00424018
8.545 -1.99572e-20 3.13809e-19 0.008545 0.008545 5.85336e-19 0.00424262 0.008545 0.00424262 0.00424265
8.55 -1.99572e-20 3.13809e-19 0.00855 0.00855 5.85336e-19 0.0042451 0.00855 0.0042451 0.00424513
8.555 -1.99572e-20 3.13809e-19 0.008555 0.008555 5.85336e-19 0.00424757 0.008555 0.00424757 0.00424761
8.56 -1.99572e-20 3.13809e-19 0.00856 0.00856 5.85336e-19 0.00425005 0.00856 0.00425005 0.00425008
8.565 -1.99572e-20 3.13809e-19 0.008565 0.008565 5.85336e-19 0.00425253 0.008565 0.00425253 0.00425256
8.57 -1.99572e-20 3.13809e-19 0.00857 0.00857 5.85336e-19 0.004255 0.00857 0.004255 0.00425504
8.575 -1.99572e-20 3.13809e-19 0.008575 0.008575 5.85336e-19 0.00425748 0.008575 0.00425748 0.00425751
8.58 -1.99572e-20 3.13809e-19 0.00858 0.00858 5.85336e-19 0.00425996 0.00858 0.00425996 0.00425999
8.585 -1.99572e-20 3.13809e-19 0.008585 0.008585 5.85336e-19 0.00426243 0.008585 0.00426243 0.00426247
8.59 -1.99572e-20 3.13809e-19 0.00859 0.00859 5.85336e-19 0.00426491 0.00859 0.00426491 0.00426494
8.595 -1.99572e-20 3.13809e-19 0.008595 0.008595 5.85336e-19 0.00426739 0.008595 0.00426739 0.00426742
8.6 -1.99572e-20 3.13809e-19 0.0086 0.0086 5.85336e-19 0.00426986 0.0086 0.00426986 0.0042699
8.605 -1.99572e-20 3.13809e-19 0.008605 0.008605 5.85336e-19 0.00427234 0.008605 0.00427234 0.00427237
8.61 -1.99572e-20 3.13809e-19 0.00861 0.00861 5.85336e-19 0.00427481 0.00861 0.00427481 0.00427485
8.615 -1.99572e-20 3.13809e-19 0.008615 0.008615 5.85336e-19 0.00427729 0.008615 0.00427729 0.00427733
8.62 -1.99572e-20 3.13809e-19 0.00862 0.00862 5.85336e-19 0.00427977 0.00862 0.00427977 0.0042798
8.625 -1.99572e-20 3.13809e-19 0.008625 0.008625 5.85336e-19 0.00428224 0.008625 0.00428224 0.00428228
8.63 -1.99572e-20 3.13809e-19 0.00863 0.00863 5.85336e-19 0.00428472 0.00863 0.00428472 0.00428475
8.635 -1.99572e-20 3.13809e-19 0.008635 0.008635 5.85336e-19 0.0042872 0.008635 0.0042872 0.00428723
8.64 -1.99572e-20 3.13809e-19 0.00864 0.00864 5.85336e-19 0.00428967 0.00864 0.00428967 0.00428971
8.645 -1.99572e-20 3.13809e-19 0.008645 0.008645 5.85336e-19 0.00429215 0.008645 0.00429215 0.00429218
8.65 -1.99572e-20 3.13809e-19 0.00865 0.00865 5.85336e-19 0.00429463 0.00865 0.00429463 0.00429466
8.655 -1.99572e-20 3.13809e-19 0.008655 0.008655 5.85336e-19 0.0042971 0.008655 0.0042971 0.00429714
8.66 -1.99572e-20 3.13809e-19 0.00866 0.00866 5.85336e-19 0.00429958 0.00866 0.00429958 0.00429961
8.665 -1.99572e-20 3.13809e-19 0.008665 0.008665 5.85336e-19 0.00430206 0.008665 0.00430206 0.00430209
8.67 -1.99572e-20 3.13809e-19 0.00867 0.00867 5.85336e-19 0.00430453 0.00867 0.00430453 0.00430457
8.675 -1.99572e-20 3.13809e-19 0.008675 0.008675 5.85336e-19 0.00430701 0.008675 0.00430701 0.00430704
8.68 -1.99572e-20 3.13809e-19 0.00868 0.00868 5.85336e-19 0.00430949 0.00868 0.00430949 0.00430952
8.685 -1.99572e-20 3.13809e-19 0.008685 0.008685 5.85336e-19 0.00431196 0.008685 0.00431196 0.004312
8.69 -1.99572e-20 3.13809e-19 0.00869 0.00869 5.85336e-19 0.00431444 0.00869 0.00431444 0.00431447
8.695 -1.99572e-20 3.13809e-19 0.008695 0.008695 5.85336e-19 0.00431692 0.008695 0.00431692 0.00431695
8.7 -1.99572e-20 3.13809e-19 0.0087 0.0087 5.85336e-19 0.00431939 0.0087 0.00431939 0.00431943
8.705 -1.99572e-20 3.13809e-19 0.008705 0.008705 5.85336e-19 0.00432187 0.008705 0.00432187 0.0043219
8.71 -1.99572e-20 3.13809e-19 0.00871 0.00871 5.85336e-19 0.00432434 0.00871 0.00432434 0.00432438
8.715 -1.99572e-20 3.13809e-19 0.008715 0.008715 5.85336e-19 0.00432682 0.008715 0.00432682 0.00432686
8.72 -1.99572e-20 3.13809e-19 0.00872 0.00872 5.85336e-19 0.0043293 0.00872 0.0043293 0.00432933
8.725 -1.99572e-20 3.13809e-19 0.008725 0.008725 5.85336e-19 0.00433177 0.008725 0.00433177 0.00433181
8.73 -1.99572e-20 3.13809e-19 0.00873 0.00873 5.85336e-19 0.00433425 0.00873 0.00433425 0.00433428
8.735 -1.99572e-20 3.13809e-19 0.008735 0.008735 5.85336e-19 0.00433673 0.008735 0.00433673 0.00433676
8.74 -1.99572e-20 3.13809e-19 0.00874 0.00874 5.85336e-19 0.0043392 0.00874 0.0043392 0.00433924
8.745 -1.99572e-20 3.13809e-19 0.008745 0.008745 5.85336e-19 0.00434168 0.008745 0.00434168 0.00434171
8.75 -1.99572e-20 3.13809e-19 0.00875 0.00875 5.85336e-19 0.00434416 0.00875 0.00434416 0.00434419
8.755 -1.99572e-20 3.13809e-19 0.008755 0.008755 5.85336e-19 0.00434663 0.008755 0.00434663 0.00434667
8.76 -1.99572e-20 3.13809e-19 0.00876 0.00876 5.85336e-19 0.00434911 0.00876 0.00434911 0.00434914
8.765 -1.99572e-20 3.13809e-19 0.008765 0.008765 5.85336e-19 0.00435159 0.008765 0.00435159 0.00435162
8.77 -1.99572e-20 3.13809e-19 0.00877 0.00877 5.85336e-19 0.00435406 0.00877 0.00435406 0.0043541
8.775 -1.99572e-20 3.13809e-19 0.008775 0.008775 5.85336e-19 0.00435654 0.008775 0.00435654 0.00435657
8.78 -1.99572e-20 3.13809e-19 0.00878 0.00878 5.85336e-19 0.00435902 0.00878 0.00435902 0.00435905
8.785 -1.99572e-20 3.13809e-19 0.008785 0.008785 5.85336e-19 0.00436149 0.008785 0.00436149 0.00436153
8.79 -1.99572e-20 3.13809e-19 0.00879 0.00879 5.85336e-19 0.00436397 0.00879 0.00436397 0.004364
8.795 -1.99572e-20 3.13809e-19 0.008795 0.008795 5.85336e-19 0.00436645 0.008795 0.00436645 0.00436648
8.8 -1.99572e-20 3.13809e-19 0.0088 0.0088 5.85336e-19 0.00436892 0.0088 0.00436892 0.00436896
8.805 -1.99572e-20 3.13809e-19 0.008805 0.008805 5.85336e-19 0.0043714 0.008805 0.0043714 0.00437143
8.81 -1.99572e-20 3.13809e-19 0.00881 0.00881 5.85336e-19 0.00437387 0.00881 0.00437387 0.00437391
8.815 -1.99572e-20 3.13809e-19 0.008815 0.008815 5.85336e-19 0.00437635 0.008815 0.00437635 0.00437638
8.82 -1.99572e-20 3.13809e-19 0.00882 0.00882 5.85336e-19 0.00437883 0.00882 0.00437883 0.00437886
8.825 -1.99572e-20 3.13809e-19 0.008825 0.008825 5.85336e-19 0.0043813 0.008825 0.0043813 0.00438134
8.83 -1.99572e-20 3.13809e-19 0.00883 0.00883 5.85336e-19 0.00438378 0.00883 0.00438378 0.00438381
8.835 -1.99572e-20 3.13809e-19 0.008835 0.008835 5.85336e-19 0.00438626 0.008835 0.00438626 0.00438629
8.84 -1.99572e-20 3.13809e-19 0.00884 0.00884 5.85336e-19 0.00438873 0.00884 0.00438873 0.00438877
8.845 -1.99572e-20 3.13809e-19 0.008845 0.008845 5.85336e-19 0.00439121 0.008845 0.00439121 0.00439124
8.85 -1.99572e-20 3.13809e-19 0.00885 0.00885 5.85336e-19 0.00439369 0.00885 0.00439369 0.00439372
8.855 -1.99572e-20 3.13809e-19 0.008855 0.008855 5.85336e-19 0.00439616 0.008855 0.00439616 0.0043962
8.86 -1.99572e-20 3.13809e-19 0.00886 0.00886 5.85336e-19 0.00439864 0.00886 0.00439864 0.00439867
8.865 -1.99572e-20 3.13809e-19 0.008865 0.008865 5.85336e-19 0.00440112 0.008865 0.00440112 0.00440115
8.87 -1.99572e-20 3.13809e-19 0.00887 0.00887 5.85336e-19 0.00440359 0.00887 0.00440359 0.00440363
8.875 -1.99572e-20 3.13809e-19 0.008875 0.008875 5.85336e-19 0.00440607 0.008875 0.00440607 0.0044061
8.88 -1.99572e-20 3.13809e-19 0.00888 0.00888 5.85336e-19 0.00440855 0.00888 0.00440855 0.00440858
8.885 -1.99572e-20 3.13809e-19 0.008885 0.008885 5.85336e-19 0.00441102 0.008885 0.00441102 0.00441106
8.89 -1.99572e-20 3.13809e-19 0.00889 0.00889 5.85336e-19 0.0044135 0.00889 0.0044135 0.00441353
8.895 -1.99572e-20 3.13809e-19 0.008895 0.008895 5.85336e-19 0.00441597 0.008895 0.00441597 0.00441601
8.9 -1.99572e-20 3.13809e-19 0.0089 0.0089 5.85336e-19 0.00441845 0.0089 0.00441845 0.00441849
8.905 -1.99572e-20 3.13809e-19 0.008905 0.008905 5.85336e-19 0.00442093 0.008905 0.00442093 0.00442096
8.91 -1.99572e-20 3.13809e-19 0.00891 0.00891 5.85336e-19 0.0044234 0.00891 0.0044234 0.00442344
8.915 -1.99572e-20 3.13809e-19 0.008915 0.008915 5.85336e-19 0.00442588 0.008915 0.00442588 0.00442591
8.92 -1.99572e-20 3.13809e-19 0.00892 0.00892 5.85336e-19 0.00442836 0.00892 0.00442836 0.00442839
8.925 -1.99572e-20 3.13809e-19 0.008925 0.008925 5.85336e-19 0.00443083 0.008925 0.00443083 0.00443087
8.93 -1.99572e-20 3.13809e-19 0.00893 0.00893 5.85336e-19 0.00443331 0.00893 0.00443331 0.00443334
8.935 -1.99572e-20 3.13809e-19 0.008935 0.008935 5.85336e-19 0.00443579 0.008935 0.00443579 0.00443582
8.94 -1.99572e-20 3.13809e-19 0.00894 0.00894 5.85336e-19 0.00443826 0.00894 0.00443826 0.0044383
8.945 -1.99572e-20 3.13809e-19 0.008945 0.008945 5.85336e-19 0.00444074 0.008945 0.00444074 0.00444077
8.95 -1.99572e-20 3.13809e-19 0.00895 0.00895 5.85336e-19 0.00444322 0.00895 0.00444322 0.00444325
8.955 -1.99572e-20 3.13809e-19 0.008955 0.008955 5.85336e-19 0.00444569 0.008955 0.00444569 0.00444573
8.96 -1.99572e-20 3.13809e-19 0.00896 0.00896 5.85336e-19 0.00444817 0.00896 0.00444817 0.0044482
8.965 -1.99572e-20 3.13809e-19 0.008965 0.008965 5.85336e-19 0.00445065 0.008965 0.00445065 0.00445068
8.97 -1.99572e-20 3.13809e-19 0.00897 0.00897 5.85336e-19 0.00445312 0.00897 0.00445312 0.00445316
8.975 -1.99572e-20 3.13809e-19 0.008975 0.008975 5.85336e-19 0.0044556 0.008975 0.0044556 0.00445563
8.98 -1.99572e-20 3.13809e-19 0.00898 0.00898 5.85336e-19 0.00445808 0.00898 0.00445808 0.00445811
8.985 -1.99572e-20 3.13809e-19 0.008985 0.008985 5.85336e-19 0.00446055 0.008985 0.00446055 0.00446059
8.99 -1.99572e-20 3.13809e-19 0.00899 0.00899 5.85336e-19 0.00446303 0.00899 0.00446303 0.00446306
8.995 -1.99572e-20 3.13809e-19 0.008995 0.008995 5.85336e-19 0.0044655 0.008995 0.0044655 0.00446554
9 -1.99572e-20 3.13809e-19 0.009 0.009 5.85336e-19 0.00446798 0.009 0.00446798 0.00446802
9.005 -1.99572e-20 3.13809e-19 0.009005 0.009005 5.85336e-19 0.00447046 0.009005 0.00447046 0.00447049
9.01 -1.99572e-20 3.13809e-19 0.00901 0.00901 5.85336e-19 0.00447293 0.00901 0.00447293 0.00447297
9.015 -1.99572e-20 3.13809e-19 0.009015 0.009015 5.85336e-19 0.00447541 0.009015 0.00447541 0.00447544
9.02 -1.99572e-20 3.13809e-19 0.00902 0.00902 5.85336e-19 0.00447789 0.00902 0.00447789 0.00447792
9.025 -1.99572e-20 3.13809e-19 0.009025 0.009025 5.85336e-19 0.00448036 0.009025 0.00448036 0.0044804
9.03 -1.99572e-20 3.13809e-19 0.00903 0.00903 5.85336e-19 0.00448284 0.00903 0.00448284 0.00448287
9.035 -1.99572e-20 3.13809e-19 0.009035 0.009035 5.85336e-19 0.00448532 0.009035 0.00448532 0.00448535
9.04 -1.99572e-20 3.13809e-19 0.00904 0.00904 5.85336e-19 0.00448779 0.00904 0.00448779 0.00448783
9.045 -1.99572e-20 3.13809e-19 0.009045 0.009045 5.85336e-19 0.00449027 0.009045 0.00449027 0.0044903
9.05 -1.99572e-20 3.13809e-19 0.00905 0.00905 5.85336e-19 0.00449275 0.00905 0.00449275 0.00449278
9.055 -1.99572e-20 3.13809e-19 0.009055 0.009055 5.85336e-19 0.00449522 0.009055 0.00449522 0.00449526
9.06 -1.99572e-20 3.13809e-19 0.00906 0.00906 5.85336e-19 0.0044977 0.00906 0.0044977 0.00449773
9.065 -1.99572e-20 3.13809e-19 0.009065 0.009065 5.85336e-19 0.00450018 0.009065 0.00450018 0.00450021
9.07 -1.99572e-20 3.13809e-19 0.00907 0.00907 5.85336e-19 0.00450265 0.00907 0.00450265 0.00450269
9.075 -1.99572e-20 3.13809e-19 0.009075 0.009075 5.85336e-19 0.00450513 0.009075 0.00450513 0.00450516
9.08 -1.99572e-20 3.13809e-19 0.00908 0.00908 5.85336e-19 0.00450761 0.00908 0.00450761 0.00450764
9.085 -1.99572e-20 3.13809e-19 0.009085 0.009085 5.85336e-19 0.00451008 0.009085 0.00451008 0.00451012
9.09 -1.99572e-20 3.13809e-19 0.00909 0.00909 5.85336e-19 0.00451256 0.00909 0.00451256 0.00451259
9.095 -1.99572e-20 3.13809e-19 0.009095 0.009095 5.85336e-19 0.00451503 0.009095 0.00451503 0.00451507
9.1 -1.99572e-20 3.13809e-19 0.0091 0.0091 5.85336e-19 0.00451751 0.0091 0.00451751 0.00451754
9.105 -1.99572e-20 3.13809e-19 0.009105 0.009105 5.85336e-19 0.00451999 0.009105 0.00451999 0.00452002
9.11 -1.99572e-20 3.13809e-19 0.00911 0.00911 5.85336e-19 0.00452246 0.00911 0.00452246 0.0045225
9.115 -1.99572e-20 3.13809e-19 0.009115 0.009115 5.85336e-19 0.00452494 0.009115 0.00452494 0.00452497
9.12 -1.99572e-20 3.13809e-19 0.00912 0.00912 5.85336e-19 0.00452742 0.00912 0.00452742 0.00452745
9.125 -1.99572e-20 3.13809e-19 0.009125 0.009125 5.85336e-19 0.00452989 0.009125 0.00452989 0.00452993
9.13 -1.99572e-20 3.13809e-19 0.00913 0.00913 5.85336e-19 0.00453237 0.00913 0.00453237 0.0045324
9.135 -1.99572e-20 3.13809e-19 0.009135 0.009135 5.85336e-19 0.00453485 0.009135 0.00453485 0.00453488
9.14 -1.99572e-20 3.13809e-19 0.00914 0.00914 5.85336e-19 0.00453732 0.00914 0.00453732 0.00453736
9.145 -1.99572e-20 3.13809e-19 0.009145 0.009145 5.85336e-19 0.0045398 0.009145 0.0045398 0.00453983
9.15 -1.99572e-20 3.13809e-19 0.00915 0.00915 5.85336e-19 0.00454228 0.00915 0.00454228 0.00454231
9.155 -1.99572e-20 3.13809e-19 0.009155 0.009155 5.85336e-19 0.00454475 0.009155 0.00454475 0.00454479
9.16 -1.99572e-20 3.13809e-19 0.00916 0.00916 5.85336e-19 0.00454723 0.00916 0.00454723 0.00454726
9.165 -1.99572e-20 3.13809e-19 0.009165 0.009165 5.85336e-19 0.00454971 0.009165 0.00454971 0.00454974
9.17 -1.99572e-20 3.13809e-19 0.00917 0.00917 5.85336e-19 0.00455218 0.00917 0.00455218 0.00455222
9.175 -1.99572e-20 3.13809e-19 0.009175 0.009175 5.85336e-19 0.00455466 0.009175 0.00455466 0.00455469
9.18 -1.99572e-20 3.13809e-19 0.00918 0.00918 5.85336e-19 0.00455713 0.00918 0.00455713 0.00455717
9.185 -1.99572e-20 3.13809e-19 0.009185 0.009185 5.85336e-19 0.00455961 0.009185 0.00455961 0.00455965
9.19 -1.99572e-20 3.13809e-19 0.00919 0.00919 5.85336e-19 0.00456209 0.00919 0.00456209 0.00456212
9.195 -1.99572e-20 3.13809e-19 0.009195 0.009195 5.85336e-19 0.00456456 0.009195 0.00456456 0.0045646
9.2 -1.99572e-20 3.13809e-19 0.0092 0.0092 5.85336e-19 0.00456704 0.0092 0.00456704 0.00456707
9.205 -1.99572e-20 3.13809e-19 0.009205 0.009205 5.85336e-19 0.00456952 0.009205 0.00456952 0.00456955
9.21 -1.99572e-20 3.13809e-19 0.00921 0.00921 5.85336e-19 0.00457199 0.00921 0.00457199 0.00457203
9.215 -1.99572e-20 3.13809e-19 0.009215 0.009215 5.85336e-19 0.00457447 0.009215 0.00457447 0.0045745
9.22 -1.99572e-20 3.13809e-19 0.00922 0.00922 5.85336e-19 0.00457695 0.00922 0.00457695 0.00457698
9.225 -1.99572e-20 3.13809e-19 0.009225 0.009225 5.85336e-19 0.00457942 0.009225 0.00457942 0.00457946
9.23 -1.99572e-20 3.13809e-19 0.00923 0.00923 5.85336e-19 0.0045819 0.00923 0.0045819 0.00458193
9.235 -1.99572e-20 3.13809e-19 0.009235 0.009235 5.85336e-19 0.00458438 0.009235 0.00458438 0.00458441
9.24 -1.99572e-20 3.13809e-19 0.00924 0.00924 5.85336e-19 0.00458685 0.00924 0.00458685 0.00458689
9.245 -1.99572e-20 3.13809e-19 0.009245 0.009245 5.85336e-19 0.00458933 0.009245 0.00458933 0.00458936
9.25 -1.99572e-20 3.13809e-19 0.00925 0.00925 5.85336e-19 0.00459181 0.00925 0.00459181 0.00459184
9.255 -1.99572e-20 3.13809e-19 0.009255 0.009255 5.85336e-19 0.00459428 0.009255 0.00459428 0.00459432
9.26 -1.99572e-20 3.13809e-19 0.00926 0.00926 5.85336e-19 0.00459676 0.00926 0.00459676 0.00459679
9.265 -1.99572e-20 3.13809e-19 0.009265 0.009265 5.85336e-19 0.00459924 0.009265 0.00459924 0.00459927
9.27 -1.99572e-20 3.13809e-19 0.00927 0.00927 5.85336e-19 0.00460171 0.00927 0.00460171 0.00460175
9.275 -1.99572e-20 3.13809e-19 0.009275 0.009275 5.85336e-19 0.00460419 0.009275 0.00460419 0.00460422
9.28 -1.99572e-20 3.13809e-19 0.00928 0.00928 5.85336e-19 0.00460666 0.00928 0.00460666 0.0046067
9.285 -1.99572e-20 3.13809e-19 0.009285 0.009285 5.85336e-19 0.00460914 0.009285 0.00460914 0.00460918
9.29 -1.99572e-20 3.13809e-19 0.00929 0.00929 5.85336e-19 0.00461162 0.00929 0.00461162 0.00461165
9.295 -1.99572e-20 3.13809e-19 0.009295 0.009295 5.85336e-19 0.00461409 0.009295 0.00461409 0.00461413
9.3 -1.99572e-20 3.13809e-19 0.0093 0.0093 5.85336e-19 0.00461657 0.0093 0.00461657 0.0046166
9.305 -1.99572e-20 3.13809e-19 0.009305 0.009305 5.85336e-19 0.00461905 0.009305 0.00461905 0.00461908
9.31 -1.99572e-20 3.13809e-19 0.00931 0.00931 5.85336e-19 0.00462152 0.00931 0.00462152 0.00462156
9.315 -1.99572e-20 3.13809e-19 0.009315 0.009315 5.85336e-19 0.004624 0.009315 0.004624 0.00462403
9.32 -1.99572e-20 3.13809e-19 0.00932 0.00932 5.85336e-19 0.00462648 0.00932 0.00462648 0.00462651
9.325 -1.99572e-20 3.13809e-19 0.009325 0.009325 5.85336e-19 0.00462895 0.009325 0.00462895 0.00462899
9.33 -1.99572e-20 3.13809e-19 0.00933 0.00933 5.85336e-19 0.00463143 0.00933 0.00463143 0.00463146
9.335 -1.99572e-20 3.13809e-19 0.009335 0.009335 5.85336e-19 0.00463391 0.009335 0.00463391 0.00463394
9.34 -1.99572e-20 3.13809e-19 0.00934 0.00934 5.85336e-19 0.00463638 0.00934 0.00463638 0.00463642
9.345 -1.99572e-20 3.13809e-19 0.009345 0.009345 5.85336e-19 0.00463886 0.009345 0.00463886 0.00463889
9.35 -1.99572e-20 3.13809e-19 0.00935 0.00935 5.85336e-19 0.00464134 0.00935 0.00464134 0.00464137
9.355 -1.99572e-20 3.13809e-19 0.009355 0.009355 5.85336e-19 0.00464381 0.009355 0.00464381 0.00464385
9.36 -1.99572e-20 3.13809e-19 0.00936 0.00936 5.85336e-19 0.00464629 0.00936 0.00464629 0.00464632
9.365 -1.99572e-20 3.13809e-19 0.009365 0.009365 5.85336e-19 0.00464877 0.009365 0.00464877 0.0046488
9.37 -1.99572e-20 3.13809e-19 0.00937 0.00937 5.85336e-19 0.00465124 0.00937 0.00465124 0.00465128
9.375 -1.99572e-20 3.13809e-19 0.009375 0.009375 5.85336e-19 0.00465372 0.009375 0.00465372 0.00465375
9.38 -1.99572e-20 3.13809e-19 0.00938 0.00938 5.85336e-19 0.00465619 0.00938 0.00465619 0.00465623
9.385 -1.99572e-20 3.13809e-19 0.009385 0.009385 5.85336e-19 0.00465867 0.009385 0.00465867 0.0046587
9.39 -1.99572e-20 3.13809e-19 0.00939 0.00939 5.85336e-19 0.00466115 0.00939 0.00466115 0.00466118
9.395 -1.99572e-20 3.13809e-19 0.009395 0.009395 5.85336e-19 0.00466362 0.009395 0.00466362 0.00466366
9.4 -1.99572e-20 3.13809e-19 0.0094 0.0094 5.85336e-19 0.0046661 0.0094 0.0046661 0.00466613
9.405 -1.99572e-20 3.13809e-19 0.009405 0.009405 5.85336e-19 0.00466858 0.009405 0.00466858 0.00466861
9.41 -1.99572e-20 3.13809e-19 0.00941 0.00941 5.85336e-19 0.00467105 0.00941 0.00467105 0.00467109
9.415 -1.99572e-20 3.13809e-19 0.009415 0.009415 5.85336e-19 0.00467353 0.009415 0.00467353 0.00467356
9.42 -1.99572e-20 3.13809e-19 0.00942 0.00942 5.85336e-19 0.00467601 0.00942 0.00467601 0.00467604
9.425 -1.99572e-20 3.13809e-19 0.009425 0.009425 5.85336e-19 0.00467848 0.009425 0.00467848 0.00467852
9.43 -1.99572e-20 3.13809e-19 0.00943 0.00943 5.85336e-19 0.00468096 0.00943 0.00468096 0.00468099
9.435 -1.99572e-20 3.13809e-19 0.009435 0.009435 5.85336e-19 0.00468344 0.009435 0.00468344 0.00468347
9.44 -1.99572e-20 3.13809e-19 0.00944 0.00944 5.85336e-19 0.00468591 0.00944 0.00468591 0.00468595
9.445 -1.99572e-20 3.13809e-19 0.009445 0.009445 5.85336e-19 0.00468839 0.009445 0.00468839 0.00468842
9.45 -1.99572e-20 3.13809e-19 0.00945 0.00945 5.85336e-19 0.00469087 0.00945 0.00469087 0.0046909
9.455 -1.99572e-20 3.13809e-19 0.009455 0.009455 5.85336e-19 0.00469334 0.009455 0.00469334 0.00469338
9.46 -1.99572e-20 3.13809e-19 0.00946 0.00946 5.85336e-19 0.00469582 0.00946 0.00469582 0.00469585
9.465 -1.99572e-20 3.13809e-19 0.009465 0.009465 5.85336e-19 0.00469829 0.009465 0.00469829 0.00469833
9.47 -1.99572e-20 3.13809e-19 0.00947 0.00947 5.85336e-19 0.00470077 0.00947 0.00470077 0.00470081
9.475 -1.99572e-20 3.13809e-19 0.009475 0.009475 5.85336e-19 0.00470325 0.009475 0.00470325 0.00470328
9.48 -1.99572e-20 3.13809e-19 0.00948 0.00948 5.85336e-19 0.00470572 0.00948 0.00470572 0.00470576
9.485 -1.99572e-20 3.13809e-19 0.009485 0.009485 5.85336e-19 0.0047082 0.009485 0.0047082 0.00470823
9.49 -1.99572e-20 3.13809e-19 0.00949 0.00949 5.85336e-19 0.00471068 0.00949 0.00471068 0.00471071
9.495 -1.99572e-20 3.13809e-19 0.009495 0.009495 5.85336e-19 0.00471315 0.009495 0.00471315 0.00471319
9.5 -1.99572e-20 3.13809e-19 0.0095 0.0095 5.85336e-19 0.00471563 0.0095 0.00471563 0.00471566
9.505 -1.99572e-20 3.13809e-19 0.009505 0.009505 5.85336e-19 0.00471811 0.009505 0.00471811 0.00471814
9.51 -1.99572e-20 3.13809e-19 0.00951 0.00951 5.85336e-19 0.00472058 0.00951 0.00472058 0.00472062
9.515 -1.99572e-20 3.13809e-19 0.009515 0.009515 5.85336e-19 0.00472306 0.009515 0.00472306 0.00472309
9.52 -1.99572e-20 3.13809e-19 0.00952 0.00952 5.85336e-19 0.00472554 0.00952 0.00472554 0.00472557
9.525 -1.99572e-20 3.13809e-19 0.009525 0.009525 5.85336e-19 0.00472801 0.009525 0.00472801 0.00472805
9.53 -1.99572e-20 3.13809e-19 0.00953 0.00953 5.85336e-19 0.00473049 0.00953 0.00473049 0.00473052
9.535 -1.99572e-20 3.13809e-19 0.009535 0.009535 5.85336e-19 0.00473297 0.009535 0.00473297 0.004733
9.54 -1.99572e-20 3.13809e-19 0.00954 0.00954 5.85336e-19 0.00473544 0.00954 0.00473544 0.00473548
9.545 -1.99572e-20 3.13809e-19 0.009545 0.009545 5.85336e-19 0.00473792 0.009545 0.00473792 0.00473795
9.55 -1.99572e-20 3.13809e-19 0.00955 0.00955 5.85336e-19 0.0047404 0.00955 0.0047404 0.00474043
9.555 -1.99572e-20 3.13809e-19 0.009555 0.009555 5.85336e-19 0.00474287 0.009555 0.00474287 0.00474291
9.56 -1.99572e-20 3.13809e-19 0.00956 0.00956 5.85336e-19 0.00474535 0.00956 0.00474535 0.00474538
9.565 -1.99572e-20 3.13809e-19 0.009565 0.009565 5.85336e-19 0.00474782 0.009565 0.00474782 0.00474786
9.57 -1.99572e-20 3.13809e-19 0.00957 0.00957 5.85336e-19 0.0047503 0.00957 0.0047503 0.00475034
9.575 -1.99572e-20 3.13809e-19 0.009575 0.009575 5.85336e-19 0.00475278 0.009575 0.00475278 0.00475281
9.58 -1.99572e-20 3.13809e-19 0.00958 0.00958 5.85336e-19 0.00475525 0.00958 0.00475525 0.00475529
9.585 -1.99572e-20 3.13809e-19 0.009585 0.009585 5.85336e-19 0.00475773 0.009585 0.00475773 0.00475776
9.59 -1.99572e-20 3.13809e-19 0.00959 0.00959 5.85336e-19 0.00476021 0.00959 0.00476021 0.00476024
9.595 -1.99572e-20 3.13809e-19 0.009595 0.009595 5.85336e-19 0.00476268 0.009595 0.00476268 0.00476272
9.6 -1.99572e-20 3.13809e-19 0.0096 0.0096 5.85336e-19 0.00476516 0.0096 0.00476516 0.00476519
9.605 -1.99572e-20 3.13809e-19 0.009605 0.009605 5.85336e-19 0.00476764 0.009605 0.00476764 0.00476767
9.61 -1.99572e-20 3.13809e-19 0.00961 0.00961 5.85336e-19 0.00477011 0.00961 0.00477011 0.00477015
9.615 -1.99572e-20 3.13809e-19 0.009615 0.009615 5.85336e-19 0.00477259 0.009615 0.00477259 0.00477262
9.62 -1.99572e-20 3.13809e-19 0.00962 0.00962 5.85336e-19 0.00477507 0.00962 0.00477507 0.0047751
9.625 -1.99572e-20 3.13809e-19 0.009625 0.009625 5.85336e-19 0.00477754 0.009625 0.00477754 0.00477758
9.63 -1.99572e-20 3.13809e-19 0.00963 0.00963 5.85336e-19 0.00478002 0.00963 0.00478002 0.00478005
9.635 -1.99572e-20 3.13809e-19 0.009635 0.009635 5.85336e-19 0.0047825 0.009635 0.0047825 0.00478253
9.64 -1.99572e-20 3.13809e-19 0.00964 0.00964 5.85336e-19 0.00478497 0.00964 0.00478497 0.00478501
9.645 -1.99572e-20 3.13809e-19 0.009645 0.009645 5.85336e-19 0.00478745 0.009645 0.00478745 0.00478748
9.65 -1.99572e-20 3.13809e-19 0.00965 0.00965 5.85336e-19 0.00478993 0.00965 0.00478993 0.00478996
9.655 -1.99572e-20 3.13809e-19 0.009655 0.009655 5.85336e-19 0.0047924 0.009655 0.0047924 0.00479244
9.66 -1.99572e-20 3.13809e-19 0.00966 0.00966 5.85336e-19 0.00479488 0.00966 0.00479488 0.00479491
9.665 -1.99572e-20 3.13809e-19 0.009665 0.009665 5.85336e-19 0.00479735 0.009665 0.00479735 0.00479739
9.67 -1.99572e-20 3.13809e-19 0.00967 0.00967 5.85336e-19 0.00479983 0.00967 0.00479983 0.00479986
9.675 -1.99572e-20 3.13809e-19 0.009675 0.009675 5.85336e-19 0.00480231 0.009675 0.00480231 0.00480234
9.68 -1.99572e-20 3.13809e-19 0.00968 0.00968 5.85336e-19 0.00480478 0.00968 0.00480478 0.00480482
9.685 -1.99572e-20 3.13809e-19 0.009685 0.009685 5.85336e-19 0.00480726 0.009685 0.00480726 0.00480729
9.69 -1.99572e-20 3.13809e-19 0.00969 0.00969 5.85336e-19 0.00480974 0.00969 0.00480974 0.00480977
9.695 -1.99572e-20 3.13809e-19 0.009695 0.009695 5.85336e-19 0.00481221 0.009695 0.00481221 0.00481225
9.7 -1.99572e-20 3.13809e-19 0.0097 0.0097 5.85336e-19 0.00481469 0.0097 0.00481469 0.00481472
9.705 -1.99572e-20 3.13809e-19 0.009705 0.009705 5.85336e-19 0.00481717 0.009705 0.00481717 0.0048172
9.71 -1.99572e-20 3.13809e-19 0.00971 0.00971 5.85336e-19 0.00481964 0.00971 0.00481964 0.00481968
9.715 -1.99572e-20 3.13809e-19 0.009715 0.009715 5.85336e-19 0.00482212 0.009715 0.00482212 0.00482215
9.72 -1.99572e-20 3.13809e-19 0.00972 0.00972 5.85336e-19 0.0048246 0.00972 0.0048246 0.00482463
9.725 -1.99572e-20 3.13809e-19 0.009725 0.009725 5.85336e-19 0.00482707 0.009725 0.00482707 0.00482711
9.73 -1.99572e-20 3.13809e-19 0.00973 0.00973 5.85336e-19 0.00482955 0.00973 0.00482955 0.00482958
9.735 -1.99572e-20 3.13809e-19 0.009735 0.009735 5.85336e-19 0.00483203 0.009735 0.00483203 0.00483206
9.74 -1.99572e-20 3.13809e-19 0.00974 0.00974 5.85336e-19 0.0048345 0.00974 0.0048345 0.00483454
9.745 -1.99572e-20 3.13809e-19 0.009745 0.009745 5.85336e-19 0.00483698 0.009745 0.00483698 0.00483701
9.75 -1.99572e-20 3.13809e-19 0.00975 0.00975 5.85336e-19 0.00483945 0.00975 0.00483945 0.00483949
9.755 -1.99572e-20 3.13809e-19 0.009755 0.009755 5.85336e-19 0.00484193 0.009755 0.00484193 0.00484197
9.76 -1.99572e-20 3.13809e-19 0.00976 0.00976 5.85336e-19 0.00484441 0.00976 0.00484441 0.00484444
9.765 -1.99572e-20 3.13809e-19 0.009765 0.009765 5.85336e-19 0.00484688 0.009765 0.00484688 0.00484692
9.77 -1.99572e-20 3.13809e-19 0.00977 0.00977 5.85336e-19 0.00484936 0.00977 0.00484936 0.00484939
9.775 -1.99572e-20 3.13809e-19 0.009775 0.009775 5.85336e-19 0.00485184 0.009775 0.00485184 0.00485187
9.78 -1.99572e-20 3.13809e-19 0.00978 0.00978 5.85336e-19 0.00485431 0.00978 0.00485431 0.00485435
9.785 -1.99572e-20 3.13809e-19 0.009785 0.009785 5.85336e-19 0.00485679 0.009785 0.00485679 0.00485682
9.79 -1.99572e-20 3.13809e-19 0.00979 0.00979 5.85336e-19 0.00485927 0.00979 0.00485927 0.0048593
9.795 -1.99572e-20 3.13809e-19 0.009795 0.009795 5.85336e-19 0.00486174 0.009795 0.00486174 0.00486178
9.8 -1.99572e-20 3.13809e-19 0.0098 0.0098 5.85336e-19 0.00486422 0.0098 0.00486422 0.00486425
9.805 -1.99572e-20 3.13809e-19 0.009805 0.009805 5.85336e-19 0.0048667 0.009805 0.0048667 0.00486673
9.81 -1.99572e-20 3.13809e-19 0.00981 0.00981 5.85336e-19 0.00486917 0.00981 0.00486917 0.00486921
9.815 -1.99572e-20 3.13809e-19 0.009815 0.009815 5.85336e-19 0.00487165 0.009815 0.00487165 0.00487168
9.82 -1.99572e-20 3.13809e-19 0.00982 0.00982 5.85336e-19 0.00487413 0.00982 0.00487413 0.00487416
9.825 -1.99572e-20 3.13809e-19 0.009825 0.009825 5.85336e-19 0.0048766 0.009825 0.0048766 0.00487664
9.83 -1.99572e-20 3.13809e-19 0.00983 0.00983 5.85336e-19 0.00487908 0.00983 0.00487908 0.00487911
9.835 -1.99572e-20 3.13809e-19 0.009835 0.009835 5.85336e-19 0.00488156 0.009835 0.00488156 0.00488159
9.84 -1.99572e-20 3.13809e-19 0.00984 0.00984 5.85336e-19 0.00488403 0.00984 0.00488403 0.00488407
9.845 -1.99572e-20 3.13809e-19 0.009845 0.009845 5.85336e-19 0.00488651 0.009845 0.00488651 0.00488654
9.85 -1.99572e-20 3.13809e-19 0.00985 0.00985 5.85336e-19 0.00488898 0.00985 0.00488898 0.00488902
9.855 -1.99572e-20 3.13809e-19 0.009855 0.009855 5.85336e-19 0.00489146 0.009855 0.00489146 0.0048915
9.86 -1.99572e-20 3.13809e-19 0.00986 0.00986 5.85336e-19 0.00489394 0.00986 0.00489394 0.00489397
9.865 -1.99572e-20 3.13809e-19 0.009865 0.009865 5.85336e-19 0.00489641 0.009865 0.00489641 0.00489645
9.87 -1.99572e-20 3.13809e-19 0.00987 0.00987 5.85336e-19 0.00489889 0.00987 0.00489889 0.00489892
9.875 -1.99572e-20 3.13809e-19 0.009875 0.009875 5.85336e-19 0.00490137 0.009875 0.00490137 0.0049014
9.88 -1.99572e-20 3.13809e-19 0.00988 0.00988 5.85336e-19 0.00490384 0.00988 0.00490384 0.00490388
9.885 -1.99572e-20 3.13809e-19 0.009885 0.009885 5.85336e-19 0.00490632 0.009885 0.00490632 0.00490635
9.89 -1.99572e-20 3.13809e-19 0.00989 0.00989 5.85336e-19 0.0049088 0.00989 0.0049088 0.00490883
9.895 -1.99572e-20 3.13809e-19 0.009895 0.009895 5.85336e-19 0.00491127 0.009895 0.00491127 0.00491131
9.9 -1.99572e-20 3.13809e-19 0.0099 0.0099 5.85336e-19 0.00491375 0.0099 0.00491375 0.00491378
9.905 -1.99572e-20 3.13809e-19 0.009905 0.009905 5.85336e-19 0.00491623 0.009905 0.00491623 0.00491626
9.91 -1.99572e-20 3.13809e-19 0.00991 0.00991 5.85336e-19 0.0049187 0.00991 0.0049187 0.00491874
9.915 -1.99572e-20 3.13809e-19 0.009915 0.009915 5.85336e-19 0.00492118 0.009915 0.00492118 0.00492121
9.92 -1.99572e-20 3.13809e-19 0.00992 0.00992 5.85336e-19 0.00492366 0.00992 0.00492366 0.00492369
9.925 -1.99572e-20 3.13809e-19 0.009925 0.009925 5.85336e-19 0.00492613 0.009925 0.00492613 0.00492617
9.93 -1.99572e-20 3.13809e-19 0.00993 0.00993 5.85336e-19 0.00492861 0.00993 0.00492861 0.00492864
9.935 -1.99572e-20 3.13809e-19 0.009935 0.009935 5.85336e-19 0.00493109 0.009935 0.00493109 0.00493112
9.94 -1.99572e-20 3.13809e-19 0.00994 0.00994 5.85336e-19 0.00493356 0.00994 0.00493356 0.0049336
9.945 -1.99572e-20 3.13809e-19 0.009945 0.009945 5.85336e-19 0.00493604 0.009945 0.00493604 0.00493607
9.95 -1.99572e-20 3.13809e-19 0.00995 0.00995 5.85336e-19 0.00493851 0.00995 0.00493851 0.00493855
9.955 -1.99572e-20 3.13809e-19 0.009955 0.009955 5.85336e-19 0.00494099 0.009955 0.00494099 0.00494103
9.96 -1.99572e-20 3.13809e-19 0.00996 0.00996 5.85336e-19 0.00494347 0.00996 0.00494347 0.0049435
9.965 -1.99572e-20 3.13809e-19 0.009965 0.009965 5.85336e-19 0.00494594 0.009965 0.00494594 0.00494598
9.97 -1.99572e-20 3.13809e-19 0.00997 0.00997 5.85336e-19 0.00494842 0.00997 0.00494842 0.00494845
9.975 -1.99572e-20 3.13809e-19 0.009975 0.009975 5.85336e-19 0.0049509 0.009975 0.0049509 0.00495093
9.98 -1.99572e-20 3.13809e-19 0.00998 0.00998 5.85336e-19 0.00495337 0.00998 0.00495337 0.00495341
9.985 -1.99572e-20 3.13809e-19 0.009985 0.009985 5.85336e-19 0.00495585 0.009985 0.00495585 0.00495588
9.99 -1.99572e-20 3.13809e-19 0.00999 0.00999 5.85336e-19 0.00495833 0.00999 0.00495833 0.00495836
9.995 -1.99572e-20 3.13809e-19 0.009995 0.009995 5.85336e-19 0.0049608 0.009995 0.0049608 0.00496084
10 -1.99572e-20 3.13809e-19 0.01 0.01 5.85336e-19 0.00496328 0.01 0.00496328 0.00496331
10.005 -1.99572e-20 3.13809e-19 0.010005 0.010005 5.85336e-19 0.00496576 0.010005 0.00496576 0.00496579
10.01 -1.99572e-20 3.13809e-19 0.01001 0.01001 5.85336e-19 0.00496823 0.01001 0.00496823 0.00496827
10.015 -1.99572e-20 3.13809e-19 0.010015 0.010015 5.85336e-19 0.00497071 0.010015 0.00497071 0.00497074
10.02 -1.99572e-20 3.13809e-19 0.01002 0.01002 5.85336e-19 0.00497319 0.01002 0.00497319 0.00497322
10.025 -1.99572e-20 3.13809e-19 0.010025 0.010025 5.85336e-19 0.00497566 0.010025 0.00497566 0.0049757
10.03 -1.99572e-20 3.13809e-19 0.01003 0.01003 5.85336e-19 0.00497814 0.01003 0.00497814 0.00497817
10.035 -1.99572e-20 3.13809e-19 0.010035 0.010035 5.85336e-19 0.00498062 0.010035 0.00498062 0.00498065
10.04 -1.99572e-20 3.13809e-19 0.01004 0.01004 5.85336e-19 0.00498309 0.01004 0.00498309 0.00498313
10.045 -1.99572e-20 3.13809e-19 0.010045 0.010045 5.85336e-19 0.00498557 0.010045 0.00498557 0.0049856
10.05 -1.99572e-20 3.13809e-19 0.01005 0.01005 5.85336e-19 0.00498804 0.01005 0.00498804 0.00498808
10.055 -1.99572e-20 3.13809e-19 0.010055 0.010055 5.85336e-19 0.00499052 0.010055 0.00499052 0.00499055
10.06 -1.99572e-20 3.13809e-19 0.01006 0.01006 5.85336e-19 0.004993 0.01006 0.004993 0.00499303
10.065 -1.99572e-20 3.13809e-19 0.010065 0.010065 5.85336e-19 0.00499547 0.010065 0.00499547 0.00499551
10.07 -1.99572e-20 3.13809e-19 0.01007 0.01007 5.85336e-19 0.00499795 0.01007 0.00499795 0.00499798
10.075 -1.99572e-20 3.13809e-19 0.010075 0.010075 5.85336e-19 0.00500043 0.010075 0.00500043 0.00500046
10.08 -1.99572e-20 3.13809e-19 0.01008 0.01008 5.85336e-19 0.0050029 0.01008 0.0050029 0.00500294
10.085 -1.99572e-20 3.13809e-19 0.010085 0.010085 5.85336e-19 0.00500538 0.010085 0.00500538 0.00500541
10.09 -1.99572e-20 3.13809e-19 0.01009 0.01009 5.85336e-19 0.00500786 0.01009 0.00500786 0.00500789
10.095 -1.99572e-20 3.13809e-19 0.010095 0.010095 5.85336e-19 0.00501033 0.010095 0.00501033 0.00501037
10.1 -1.99572e-20 3.13809e-19 0.0101 0.0101 5.85336e-19 0.00501281 0.0101 0.00501281 0.00501284
10.105 -1.99572e-20 3.13809e-19 0.010105 0.010105 5.85336e-19 0.00501529 0.010105 0.00501529 0.00501532
10.11 -1.99572e-20 3.13809e-19 0.01011 0.01011 5.85336e-19 0.00501776 0.01011 0.00501776 0.0050178
10.115 -1.99572e-20 3.13809e-19 0.010115 0.010115 5.85336e-19 0.00502024 0.010115 0.00502024 0.00502027
10.12 -1.99572e-20 3.13809e-19 0.01012 0.01012 5.85336e-19 0.00502272 0.01012 0.00502272 0.00502275
10.125 -1.99572e-20 3.13809e-19 0.010125 0.010125 5.85336e-19 0.00502519 0.010125 0.00502519 0.00502523
10.13 -1.99572e-20 3.13809e-19 0.01013 0.01013 5.85336e-19 0.00502767 0.01013 0.00502767 0.0050277
10.135 -1.99572e-20 3.13809e-19 0.010135 0.010135 5.85336e-19 0.00503014 0.010135 0.00503014 0.00503018
10.14 -1.99572e-20 3.13809e-19 0.01014 0.01014 5.85336e-19 0.00503262 0.01014 0.00503262 0.00503266
10.145 -1.99572e-20 3.13809e-19 0.010145 0.010145 5.85336e-19 0.0050351 0.010145 0.0050351 0.00503513
10.15 -1.99572e-20 3.13809e-19 0.01015 0.01015 5.85336e-19 0.00503757 0.01015 0.00503757 0.00503761
10.155 -1.99572e-20 3.13809e-19 0.010155 0.010155 5.85336e-19 0.00504005 0.010155 0.00504005 0.00504008
10.16 -1.99572e-20 3.13809e-19 0.01016 0.01016 5.85336e-19 0.00504253 0.01016 0.00504253 0.00504256
10.165 -1.99572e-20 3.13809e-19 0.010165 0.010165 5.85336e-19 0.005045 0.010165 0.005045 0.00504504
10.17 -1.99572e-20 3.13809e-19 0.01017 0.01017 5.85336e-19 0.00504748 0.01017 0.00504748 0.00504751
10.175 -1.99572e-20 3.13809e-19 0.010175 0.010175 5.85336e-19 0.00504996 0.010175 0.00504996 0.00504999
10.18 -1.99572e-20 3.13809e-19 0.01018 0.01018 5.85336e-19 0.00505243 0.01018 0.00505243 0.00505247
10.185 -1.99572e-20 3.13809e-19 0.010185 0.010185 5.85336e-19 0.00505491 0.010185 0.00505491 0.00505494
10.19 -1.99572e-20 3.13809e-19 0.01019 0.01019 5.85336e-19 0.00505739 0.01019 0.00505739 0.00505742
10.195 -1.99572e-20 3.13809e-19 0.010195 0.010195 5.85336e-19 0.00505986 0.010195 0.00505986 0.0050599
10.2 -1.99572e-20 3.13809e-19 0.0102 0.0102 5.85336e-19 0.00506234 0.0102 0.00506234 0.00506237
10.205 -1.99572e-20 3.13809e-19 0.010205 0.010205 5.85336e-19 0.00506482 0.010205 0.00506482 0.00506485
10.21 -1.99572e-20 3.13809e-19 0.01021 0.01021 5.85336e-19 0.00506729 0.01021 0.00506729 0.00506733
10.215 -1.99572e-20 3.13809e-19 0.010215 0.010215 5.85336e-19 0.00506977 0.010215 0.00506977 0.0050698
10.22 -1.99572e-20 3.13809e-19 0.01022 0.01022 5.85336e-19 0.00507225 0.01022 0.00507225 0.00507228
10.225 -1.99572e-20 3.13809e-19 0.010225 0.010225 5.85336e-19 0.00507472 0.010225 0.00507472 0.00507476
10.23 -1.99572e-20 3.13809e-19 0.01023 0.01023 5.85336e-19 0.0050772 0.01023 0.0050772 0.00507723
10.235 -1.99572e-20 3.13809e-19 0.010235 0.010235 5.85336e-19 0.00507967 0.010235 0.00507967 0.00507971
10.24 -1.99572e-20 3.13809e-19 0.01024 0.01024 5.85336e-19 0.00508215 0.01024 0.00508215 0.00508219
10.245 -1.99572e-20 3.13809e-19 0.010245 0.010245 5.85336e-19 0.00508463 0.010245 0.00508463 0.00508466
10.25 -1.99572e-20 3.13809e-19 0.01025 0.01025 5.85336e-19 0.0050871 0.01025 0.0050871 0.00508714
10.255 -1.99572e-20 3.13809e-19 0.010255 0.010255 5.85336e-19 0.00508958 0.010255 0.00508958 0.00508961
10.26 -1.99572e-20 3.13809e-19 0.01026 0.01026 5.85336e-19 0.00509206 0.01026 0.00509206 0.00509209
10.265 -1.99572e-20 3.13809e-19 0.010265 0.010265 5.85336e-19 0.00509453 0.010265 0.00509453 0.00509457
10.27 -1.99572e-20 3.13809e-19 0.01027 0.01027 5.85336e-19 0.00509701 0.01027 0.00509701 0.00509704
10.275 -1.99572e-20 3.13809e-19 0.010275 0.010275 5.85336e-19 0.00509949 0.010275 0.00509949 0.00509952
10.28 -1.99572e-20 3.13809e-19 0.01028 0.01028 5.85336e-19 0.00510196 0.01028 0.00510196 0.005102
10.285 -1.99572e-20 3.13809e-19 0.010285 0.010285 5.85336e-19 0.00510444 0.010285 0.00510444 0.00510447
10.29 -1.99572e-20 3.13809e-19 0.01029 0.01029 5.85336e-19 0.00510692 0.01029 0.00510692 0.00510695
10.295 -1.99572e-20 3.13809e-19 0.010295 0.010295 5.85336e-19 0.00510939 0.010295 0.00510939 0.00510943
10.3 -1.99572e-20 3.13809e-19 0.0103 0.0103 5.85336e-19 0.00511187 0.0103 0.00511187 0.0051119
10.305 -1.99572e-20 3.13809e-19 0.010305 0.010305 5.85336e-19 0.00511435 0.010305 0.00511435 0.00511438
10.31 -1.99572e-20 3.13809e-19 0.01031 0.01031 5.85336e-19 0.00511682 0.01031 0.00511682 0.00511686
10.315 -1.99572e-20 3.13809e-19 0.010315 0.010315 5.85336e-19 0.0051193 0.010315 0.0051193 0.00511933
10.32 -1.99572e-20 3.13809e-19 0.01032 0.01032 5.85336e-19 0.00512178 0.01032 0.00512178 0.00512181
10.325 -1.99572e-20 3.13809e-19 0.010325 0.010325 5.85336e-19 0.00512425 0.010325 0.00512425 0.00512429
10.33 -1.99572e-20 3.13809e-19 0.01033 0.01033 5.85336e-19 0.00512673 0.01033 0.00512673 0.00512676
10.335 -1.99572e-20 3.13809e-19 0.010335 0.010335 5.85336e-19 0.0051292 0.010335 0.0051292 0.00512924
10.34 -1.99572e-20 3.13809e-19 0.01034 0.01034 5.85336e-19 0.00513168 0.01034 0.00513168 0.00513171
10.345 -1.99572e-20 3.13809e-19 0.010345 0.010345 5.85336e-19 0.00513416 0.010345 0.00513416 0.00513419
10.35 -1.99572e-20 3.13809e-19 0.01035 0.01035 5.85336e-19 0.00513663 0.01035 0.00513663 0.00513667
10.355 -1.99572e-20 3.13809e-19 0.010355 0.010355 5.85336e-19 0.00513911 0.010355 0.00513911 0.00513914
10.36 -1.99572e-20 3.13809e-19 0.01036 0.01036 5.85336e-19 0.00514159 0.01036 0.00514159 0.00514162
10.365 -1.99572e-20 3.13809e-19 0.010365 0.010365 5.85336e-19 0.00514406 0.010365 0.00514406 0.0051441
10.37 -1.99572e-20 3.13809e-19 0.01037 0.01037 5.85336e-19 0.00514654 0.01037 0.00514654 0.00514657
10.375 -1.99572e-20 3.13809e-19 0.010375 0.010375 5.85336e-19 0.00514902 0.010375 0.00514902 0.00514905
10.38 -1.99572e-20 3.13809e-19 0.01038 0.01038 5.85336e-19 0.00515149 0.01038 0.00515149 0.00515153
10.385 -1.99572e-20 3.13809e-19 0.010385 0.010385 5.85336e-19 0.00515397 0.010385 0.00515397 0.005154
10.39 -1.99572e-20 3.13809e-19 0.01039 0.01039 5.85336e-19 0.00515645 0.01039 0.00515645 0.00515648
10.395 -1.99572e-20 3.13809e-19 0.010395 0.010395 5.85336e-19 0.00515892 0.010395 0.00515892 0.00515896
10.4 -1.99572e-20 3.13809e-19 0.0104 0.0104 5.85336e-19 0.0051614 0.0104 0.0051614 0.00516143
10.405 -1.99572e-20 3.13809e-19 0.010405 0.010405 5.85336e-19 0.00516388 0.010405 0.00516388 0.00516391
10.41 -1.99572e-20 3.13809e-19 0.01041 0.01041 5.85336e-19 0.00516635 0.01041 0.00516635 0.00516639
10.415 -1.99572e-20 3.13809e-19 0.010415 0.010415 5.85336e-19 0.00516883 0.010415 0.00516883 0.00516886
10.42 -1.99572e-20 3.13809e-19 0.01042 0.01042 5.85336e-19 0.0051713 0.01042 0.0051713 0.00517134
10.425 -1.99572e-20 3.13809e-19 0.010425 0.010425 5.85336e-19 0.00517378 0.010425 0.00517378 0.00517382
10.43 -1.99572e-20 3.13809e-19 0.01043 0.01043 5.85336e-19 0.00517626 0.01043 0.00517626 0.00517629
10.435 -1.99572e-20 3.13809e-19 0.010435 0.010435 5.85336e-19 0.00517873 0.010435 0.00517873 0.00517877
10.44 -1.99572e-20 3.13809e-19 0.01044 0.01044 5.85336e-19 0.00518121 0.01044 0.00518121 0.00518124
10.445 -1.99572e-20 3.13809e-19 0.010445 0.010445 5.85336e-19 0.00518369 0.010445 0.00518369 0.00518372
10.45 -1.99572e-20 3.13809e-19 0.01045 0.01045 5.85336e-19 0.00518616 0.01045 0.00518616 0.0051862
10.455 -1.99572e-20 3.13809e-19 0.010455 0.010455 5.85336e-19 0.00518864 0.010455 0.00518864 0.00518867
10.46 -1.99572e-20 3.13809e-19 0.01046 0.01046 5.85336e-19 0.00519112 0.01046 0.00519112 0.00519115
10.465 -1.99572e-20 3.13809e-19 0.010465 0.010465 5.85336e-19 0.00519359 0.010465 0.00519359 0.00519363
10.47 -1.99572e-20 3.13809e-19 0.01047 0.01047 5.85336e-19 0.00519607 0.01047 0.00519607 0.0051961
10.475 -1.99572e-20 3.13809e-19 0.010475 0.010475 5.85336e-19 0.00519855 0.010475 0.00519855 0.00519858
10.48 -1.99572e-20 3.13809e-19 0.01048 0.01048 5.85336e-19 0.00520102 0.01048 0.00520102 0.00520106
10.485 -1.99572e-20 3.13809e-19 0.010485 0.010485 5.85336e-19 0.0052035 0.010485 0.0052035 0.00520353
10.49 -1.99572e-20 3.13809e-19 0.01049 0.01049 5.85336e-19 0.00520598 0.01049 0.00520598 0.00520601
10.495 -1.99572e-20 3.13809e-19 0.010495 0.010495 5.85336e-19 0.00520845 0.010495 0.00520845 0.00520849
10.5 -1.99572e-20 3.13809e-19 0.0105 0.0105 5.85336e-19 0.00521093 0.0105 0.00521093 0.00521096
10.505 -1.99572e-20 3.13809e-19 0.010505 0.010505 5.85336e-19 0.00521341 0.010505 0.00521341 0.00521344
10.51 -1.99572e-20 3.13809e-19 0.01051 0.01051 5.85336e-19 0.00521588 0.01051 0.00521588 0.00521592
10.515 -1.99572e-20 3.13809e-19 0.010515 0.010515 5.85336e-19 0.00521836 0.010515 0.00521836 0.00521839
10.52 -1.99572e-20 3.13809e-19 0.01052 0.01052 5.85336e-19 0.00522083 0.01052 0.00522083 0.00522087
10.525 -1.99572e-20 3.13809e-19 0.010525 0.010525 5.85336e-19 0.00522331 0.010525 0.00522331 0.00522335
10.53 -1.99572e-20 3.13809e-19 0.01053 0.01053 5.85336e-19 0.00522579 0.01053 0.00522579 0.00522582
10.535 -1.99572e-20 3.13809e-19 0.010535 0.010535 5.85336e-19 0.00522826 0.010535 0.00522826 0.0052283
10.54 -1.99572e-20 3.13809e-19 0.01054 0.01054 5.85336e-19 0.00523074 0.01054 0.00523074 0.00523077
10.545 -1.99572e-20 3.13809e-19 0.010545 0.010545 5.85336e-19 0.00523322 0.010545 0.00523322 0.00523325
10.55 -1.99572e-20 3.13809e-19 0.01055 0.01055 5.85336e-19 0.00523569 0.01055 0.00523569 0.00523573
10.555 -1.99572e-20 3.13809e-19 0.010555 0.010555 5.85336e-19 0.00523817 0.010555 0.00523817 0.0052382
10.56 -1.99572e-20 3.13809e-19 0.01056 0.01056 5.85336e-19 0.00524065 0.01056 0.00524065 0.00524068
10.565 -1.99572e-20 3.13809e-19 0.010565 0.010565 5.85336e-19 0.00524312 0.010565 0.00524312 0.00524316
10.57 -1.99572e-20 3.13809e-19 0.01057 0.01057 5.85336e-19 0.0052456 0.01057 0.0052456 0.00524563
10.575 -1.99572e-20 3.13809e-19 0.010575 0.010575 5.85336e-19 0.00524808 0.010575 0.00524808 0.00524811
10.58 -1.99572e-20 3.13809e-19 0.01058 0.01058 5.85336e-19 0.00525055 0.01058 0.00525055 0.00525059
10.585 -1.99572e-20 3.13809e-19 0.010585 0.010585 5.85336e-19 0.00525303 0.010585 0.00525303 0.00525306
10.59 -1.99572e-20 3.13809e-19 0.01059 0.01059 5.85336e-19 0.00525551 0.01059 0.00525551 0.00525554
10.595 -1.99572e-20 3.13809e-19 0.010595 0.010595 5.85336e-19 0.00525798 0.010595 0.00525798 0.00525802
10.6 -1.99572e-20 3.13809e-19 0.0106 0.0106 5.85336e-19 0.00526046 0.0106 0.00526046 0.00526049
10.605 -1.99572e-20 3.13809e-19 0.010605 0.010605 5.85336e-19 0.00526294 0.010605 0.00526294 0.00526297
10.61 -1.99572e-20 3.13809e-19 0.01061 0.01061 5.85336e-19 0.00526541 0.01061 0.00526541 0.00526545
10.615 -1.99572e-20 3.13809e-19 0.010615 0.010615 5.85336e-19 0.00526789 0.010615 0.00526789 0.00526792
10.62 -1.99572e-20 3.13809e-19 0.01062 0.01062 5.85336e-19 0.00527036 0.01062 0.00527036 0.0052704
10.625 -1.99572e-20 3.13809e-19 0.010625 0.010625 5.85336e-19 0.00527284 0.010625 0.00527284 0.00527287
10.63 -1.99572e-20 3.13809e-19 0.01063 0.01063 5.85336e-19 0.00527532 0.01063 0.00527532 0.00527535
10.635 -1.99572e-20 3.13809e-19 0.010635 0.010635 5.85336e-19 0.00527779 0.010635 0.00527779 0.00527783
10.64 -1.99572e-20 3.13809e-19 0.01064 0.01064 5.85336e-19 0.00528027 0.01064 0.00528027 0.0052803
10.645 -1.99572e-20 3.13809e-19 0.010645 0.010645 5.85336e-19 0.00528275 0.010645 0.00528275 0.00528278
10.65 -1.99572e-20 3.13809e-19 0.01065 0.01065 5.85336e-19 0.00528522 0.01065 0.00528522 0.00528526
10.655 -1.99572e-20 3.13809e-19 0.010655 0.010655 5.85336e-19 0.0052877 0.010655 0.0052877 0.00528773
10.66 -1.99572e-20 3.13809e-19 0.01066 0.01066 5.85336e-19 0.00529018 0.01066 0.00529018 0.00529021
10.665 -1.99572e-20 3.13809e-19 0.010665 0.010665 5.85336e-19 0.00529265 0.010665 0.00529265 0.00529269
10.67 -1.99572e-20 3.13809e-19 0.01067 0.01067 5.85336e-19 0.00529513 0.01067 0.00529513 0.00529516
10.675 -1.99572e-20 3.13809e-19 0.010675 0.010675 5.85336e-19 0.00529761 0.010675 0.00529761 0.00529764
10.68 -1.99572e-20 3.13809e-19 0.01068 0.01068 5.85336e-19 0.00530008 0.01068 0.00530008 0.00530012
10.685 -1.99572e-20 3.13809e-19 0.010685 0.010685 5.85336e-19 0.00530256 0.010685 0.00530256 0.00530259
10.69 -1.99572e-20 3.13809e-19 0.01069 0.01069 5.85336e-19 0.00530504 0.01069 0.00530504 0.00530507
10.695 -1.99572e-20 3.13809e-19 0.010695 0.010695 5.85336e-19 0.00530751 0.010695 0.00530751 0.00530755
10.7 -1.99572e-20 3.13809e-19 0.0107 0.0107 5.85336e-19 0.00530999 0.0107 0.00530999 0.00531002
10.705 -1.99572e-20 3.13809e-19 0.010705 0.010705 5.85336e-19 0.00531246 0.010705 0.00531246 0.0053125
10.71 -1.99572e-20 3.13809e-19 0.01071 0.01071 5.85336e-19 0.00531494 0.01071 0.00531494 0.00531498
10.715 -1.99572e-20 3.13809e-19 0.010715 0.010715 5.85336e-19 0.00531742 0.010715 0.00531742 0.00531745
10.72 -1.99572e-20 3.13809e-19 0.01072 0.01072 5.85336e-19 0.00531989 0.01072 0.00531989 0.00531993
10.725 -1.99572e-20 3.13809e-19 0.010725 0.010725 5.85336e-19 0.00532237 0.010725 0.00532237 0.0053224
10.73 -1.99572e-20 3.13809e-19 0.01073 0.01073 5.85336e-19 0.00532485 0.01073 0.00532485 0.00532488
10.735 -1.99572e-20 3.13809e-19 0.010735 0.010735 5.85336e-19 0.00532732 0.010735 0.00532732 0.00532736
10.74 -1.99572e-20 3.13809e-19 0.01074 0.01074 5.85336e-19 0.0053298 0.01074 0.0053298 0.00532983
10.745 -1.99572e-20 3.13809e-19 0.010745 0.010745 5.85336e-19 0.00533228 0.010745 0.00533228 0.00533231
10.75 -1.99572e-20 3.13809e-19 0.01075 0.01075 5.85336e-19 0.00533475 0.01075 0.00533475 0.00533479
10.755 -1.99572e-20 3.13809e-19 0.010755 0.010755 5.85336e-19 0.00533723 0.010755 0.00533723 0.00533726
10.76 -1.99572e-20 3.13809e-19 0.01076 0.01076 5.85336e-19 0.00533971 0.01076 0.00533971 0.00533974
10.765 -1.99572e-20 3.13809e-19 0.010765 0.010765 5.85336e-19 0.00534218 0.010765 0.00534218 0.00534222
10.77 -1.99572e-20 3.13809e-19 0.01077 0.01077 5.85336e-19 0.00534466 0.01077 0.00534466 0.00534469
10.775 -1.99572e-20 3.13809e-19 0.010775 0.010775 5.85336e-19 0.00534714 0.010775 0.00534714 0.00534717
10.78 -1.99572e-20 3.13809e-19 0.01078 0.01078 5.85336e-19 0.00534961 0.01078 0.00534961 0.00534965
10.785 -1.99572e-20 3.13809e-19 0.010785 0.010785 5.85336e-19 0.00535209 0.010785 0.00535209 0.00535212
10.79 -1.99572e-20 3.13809e-19 0.01079 0.01079 5.85336e-19 0.00535457 0.01079 0.00535457 0.0053546
10.795 -1.99572e-20 3.13809e-19 0.010795 0.010795 5.85336e-19 0.00535704 0.010795 0.00535704 0.00535708
10.8 -1.99572e-20 3.13809e-19 0.0108 0.0108 5.85336e-19 0.00535952 0.0108 0.00535952 0.00535955
10.805 -1.99572e-20 3.13809e-19 0.010805 0.010805 5.85336e-19 0.00536199 0.010805 0.00536199 0.00536203
10.81 -1.99572e-20 3.13809e-19 0.01081 0.01081 5.85336e-19 0.00536447 0.01081 0.00536447 0.00536451
10.815 -1.99572e-20 3.13809e-19 0.010815 0.010815 5.85336e-19 0.00536695 0.010815 0.00536695 0.00536698
10.82 -1.99572e-20 3.13809e-19 0.01082 0.01082 5.85336e-19 0.00536942 0.01082 0.00536942 0.00536946
10.825 -1.99572e-20 3.13809e-19 0.010825 0.010825 5.85336e-19 0.0053719 0.010825 0.0053719 0.00537193
10.83 -1.99572e-20 3.13809e-19 0.01083 0.01083 5.85336e-19 0.00537438 0.01083 0.00537438 0.00537441
10.835 -1.99572e-20 3.13809e-19 0.010835 0.010835 5.85336e-19 0.00537685 0.010835 0.00537685 0.00537689
10.84 -1.99572e-20 3.13809e-19 0.01084 0.01084 5.85336e-19 0.00537933 0.01084 0.00537933 0.00537936
10.845 -1.99572e-20 3.13809e-19 0.010845 0.010845 5.85336e-19 0.00538181 0.010845 0.00538181 0.00538184
10.85 -1.99572e-20 3.13809e-19 0.01085 0.01085 5.85336e-19 0.00538428 0.01085 0.00538428 0.00538432
10.855 -1.99572e-20 3.13809e-19 0.010855 0.010855 5.85336e-19 0.00538676 0.010855 0.00538676 0.00538679
10.86 -1.99572e-20 3.13809e-19 0.01086 0.01086 5.85336e-19 0.00538924 0.01086 0.00538924 0.00538927
10.865 -1.99572e-20 3.13809e-19 0.010865 0.010865 5.85336e-19 0.00539171 0.010865 0.00539171 0.00539175
10.87 -1.99572e-20 3.13809e-19 0.01087 0.01087 5.85336e-19 0.00539419 0.01087 0.00539419 0.00539422
10.875 -1.99572e-20 3.13809e-19 0.010875 0.010875 5.85336e-19 0.00539667 0.010875 0.00539667 0.0053967
10.88 -1.99572e-20 3.13809e-19 0.01088 0.01088 5.85336e-19 0.00539914 0.01088 0.00539914 0.00539918
10.885 -1.99572e-20 3.13809e-19 0.010885 0.010885 5.85336e-19 0.00540162 0.010885 0.00540162 0.00540165
10.89 -1.99572e-20 3.13809e-19 0.01089 0.01089 5.85336e-19 0.0054041 0.01089 0.0054041 0.00540413
10.895 -1.99572e-20 3.13809e-19 0.010895 0.010895 5.85336e-19 0.00540657 0.010895 0.00540657 0.00540661
10.9 -1.99572e-20 3.13809e-19 0.0109 0.0109 5.85336e-19 0.00540905 0.0109 0.00540905 0.00540908
10.905 -1.99572e-20 3.13809e-19 0.010905 0.010905 5.85336e-19 0.00541152 0.010905 0.00541152 0.00541156
10.91 -1.99572e-20 3.13809e-19 0.01091 0.01091 5.85336e-19 0.005414 0.01091 0.005414 0.00541403
10.915 -1.99572e-20 3.13809e-19 0.010915 0.010915 5.85336e-19 0.00541648 0.010915 0.00541648 0.00541651
10.92 -1.99572e-20 3.13809e-19 0.01092 0.01092 5.85336e-19 0.00541895 0.01092 0.00541895 0.00541899
10.925 -1.99572e-20 3.13809e-19 0.010925 0.010925 5.85336e-19 0.00542143 0.010925 0.00542143 0.00542146
10.93 -1.99572e-20 3.13809e-19 0.01093 0.01093 5.85336e-19 0.00542391 0.01093 0.00542391 0.00542394
10.935 -1.99572e-20 3.13809e-19 0.010935 0.010935 5.85336e-19 0.00542638 0.010935 0.00542638 0.00542642
10.94 -1.99572e-20 3.13809e-19 0.01094 0.01094 5.85336e-19 0.00542886 0.01094 0.00542886 0.00542889
10.945 -1.99572e-20 3.13809e-19 0.010945 0.010945 5.85336e-19 0.00543134 0.010945 0.00543134 0.00543137
10.95 -1.99572e-20 3.13809e-19 0.01095 0.01095 5.85336e-19 0.00543381 0.01095 0.00543381 0.00543385
10.955 -1.99572e-20 3.13809e-19 0.010955 0.010955 5.85336e-19 0.00543629 0.010955 0.00543629 0.00543632
10.96 -1.99572e-20 3.13809e-19 0.01096 0.01096 5.85336e-19 0.00543877 0.01096 0.00543877 0.0054388
10.965 -1.99572e-20 3.13809e-19 0.010965 0.010965 5.85336e-19 0.00544124 0.010965 0.00544124 0.00544128
10.97 -1.99572e-20 3.13809e-19 0.01097 0.01097 5.85336e-19 0.00544372 0.01097 0.00544372 0.00544375
10.975 -1.99572e-20 3.13809e-19 0.010975 0.010975 5.85336e-19 0.0054462 0.010975 0.0054462 0.00544623
10.98 -1.99572e-20 3.13809e-19 0.01098 0.01098 5.85336e-19 0.00544867 0.01098 0.00544867 0.00544871
10.985 -1.99572e-20 3.13809e-19 0.010985 0.010985 5.85336e-19 0.00545115 0.010985 0.00545115 0.00545118
10.99 -1.99572e-20 3.13809e-19 0.01099 0.01099 5.85336e-19 0.00545362 0.01099 0.00545362 0.00545366
10.995 -1.99572e-20 3.13809e-19 0.010995 0.010995 5.85336e-19 0.0054561 0.010995 0.0054561 0.00545614
11 -1.99572e-20 3.13809e-19 0.011 0.011 5.85336e-19 0.00545858 0.011 0.00545858 0.00545861
11.005 -1.99572e-20 3.13809e-19 0.011005 0.011005 5.85336e-19 0.00546105 0.011005 0.00546105 0.00546109
11.01 -1.99572e-20 3.13809e-19 0.01101 0.01101 5.85336e-19 0.00546353 0.01101 0.00546353 0.00546356
11.015 -1.99572e-20 3.13809e-19 0.011015 0.011015 5.85336e-19 0.00546601 0.011015 0.00546601 0.00546604
11.02 -1.99572e-20 3.13809e-19 0.01102 0.01102 5.85336e-19 0.00546848 0.01102 0.00546848 0.00546852
11.025 -1.99572e-20 3.13809e-19 0.011025 0.011025 5.85336e-19 0.00547096 0.011025 0.00547096 0.00547099
11.03 -1.99572e-20 3.13809e-19 0.01103 0.01103 5.85336e-19 0.00547344 0.01103 0.00547344 0.00547347
11.035 -1.99572e-20 3.13809e-19 0.011035 0.011035 5.85336e-19 0.00547591 0.011035 0.00547591 0.00547595
11.04 -1.99572e-20 3.13809e-19 0.01104 0.01104 5.85336e-19 0.00547839 0.01104 0.00547839 0.00547842
11.045 -1.99572e-20 3.13809e-19 0.011045 0.011045 5.85336e-19 0.00548087 0.011045 0.00548087 0.0054809
11.05 -1.99572e-20 3.13809e-19 0.01105 0.01105 5.85336e-19 0.00548334 0.01105 0.00548334 0.00548338
11.055 -1.99572e-20 3.13809e-19 0.011055 0.011055 5.85336e-19 0.00548582 0.011055 0.00548582 0.00548585
11.06 -1.99572e-20 3.13809e-19 0.01106 0.01106 5.85336e-19 0.0054883 0.01106 0.0054883 0.00548833
11.065 -1.99572e-20 3.13809e-19 0.011065 0.011065 5.85336e-19 0.00549077 0.011065 0.00549077 0.00549081
11.07 -1.99572e-20 3.13809e-19 0.01107 0.01107 5.85336e-19 0.00549325 0.01107 0.00549325 0.00549328
11.075 -1.99572e-20 3.13809e-19 0.011075 0.011075 5.85336e-19 0.00549573 0.011075 0.00549573 0.00549576
11.08 -1.99572e-20 3.13809e-19 0.01108 0.01108 5.85336e-19 0.0054982 0.01108 0.0054982 0.00549824
11.085 -1.99572e-20 3.13809e-19 0.011085 0.011085 5.85336e-19 0.00550068 0.011085 0.00550068 0.00550071
11.09 -1.99572e-20 3.13809e-19 0.01109 0.01109 5.85336e-19 0.00550315 0.01109 0.00550315 0.00550319
11.095 -1.99572e-20 3.13809e-19 0.011095 0.011095 5.85336e-19 0.00550563 0.011095 0.00550563 0.00550567
11.1 -1.99572e-20 3.13809e-19 0.0111 0.0111 5.85336e-19 0.00550811 0.0111 0.00550811 0.00550814
11.105 -1.99572e-20 3.13809e-19 0.011105 0.011105 5.85336e-19 0.00551058 0.011105 0.00551058 0.00551062
11.11 -1.99572e-20 3.13809e-19 0.01111 0.01111 5.85336e-19 0.00551306 0.01111 0.00551306 0.00551309
11.115 -1.99572e-20 3.13809e-19 0.011115 0.011115 5.85336e-19 0.00551554 0.011115 0.00551554 0.00551557
11.12 -1.99572e-20 3.13809e-19 0.01112 0.01112 5.85336e-19 0.00551801 0.01112 0.00551801 0.00551805
11.125 -1.99572e-20 3.13809e-19 0.011125 0.011125 5.85336e-19 0.00552049 0.011125 0.00552049 0.00552052
11.13 -1.99572e-20 3.13809e-19 0.01113 0.01113 5.85336e-19 0.00552297 0.01113 0.00552297 0.005523
11.135 -1.99572e-20 3.13809e-19 0.011135 0.011135 5.85336e-19 0.00552544 0.011135 0.00552544 0.00552548
11.14 -1.99572e-20 3.13809e-19 0.01114 0.01114 5.85336e-19 0.00552792 0.01114 0.00552792 0.00552795
11.145 -1.99572e-20 3.13809e-19 0.011145 0.011145 5.85336e-19 0.0055304 0.011145 0.0055304 0.00553043
11.15 -1.99572e-20 3.13809e-19 0.01115 0.01115 5.85336e-19 0.00553287 0.01115 0.00553287 0.00553291
11.155 -1.99572e-20 3.13809e-19 0.011155 0.011155 5.85336e-19 0.00553535 0.011155 0.00553535 0.00553538
11.16 -1.99572e-20 3.13809e-19 0.01116 0.01116 5.85336e-19 0.00553783 0.01116 0.00553783 0.00553786
11.165 -1.99572e-20 3.13809e-19 0.011165 0.011165 5.85336e-19 0.0055403 0.011165 0.0055403 0.00554034
11.17 -1.99572e-20 3.13809e-19 0.01117 0.01117 5.85336e-19 0.00554278 0.01117 0.00554278 0.00554281
11.175 -1.99572e-20 3.13809e-19 0.011175 0.011175 5.85336e-19 0.00554526 0.011175 0.00554526 0.00554529
11.18 -1.99572e-20 3.13809e-19 0.01118 0.01118 5.85336e-19 0.00554773 0.01118 0.00554773 0.00554777
11.185 -1.99572e-20 3.13809e-19 0.011185 0.011185 5.85336e-19 0.00555021 0.011185 0.00555021 0.00555024
11.19 -1.99572e-20 3.13809e-19 0.01119 0.01119 5.85336e-19 0.00555268 0.01119 0.00555268 0.00555272
11.195 -1.99572e-20 3.13809e-19 0.011195 0.011195 5.85336e-19 0.00555516 0.011195 0.00555516 0.0055552
11.2 -1.99572e-20 3.13809e-19 0.0112 0.0112 5.85336e-19 0.00555764 0.0112 0.00555764 0.00555767
11.205 -1.99572e-20 3.13809e-19 0.011205 0.011205 5.85336e-19 0.00556011 0.011205 0.00556011 0.00556015
11.21 -1.99572e-20 3.13809e-19 0.01121 0.01121 5.85336e-19 0.00556259 0.01121 0.00556259 0.00556262
11.215 -1.99572e-20 3.13809e-19 0.011215 0.011215 5.85336e-19 0.00556507 0.011215 0.00556507 0.0055651
11.22 -1.99572e-20 3.13809e-19 0.01122 0.01122 5.85336e-19 0.00556754 0.01122 0.00556754 0.00556758
11.225 -1.99572e-20 3.13809e-19 0.011225 0.011225 5.85336e-19 0.00557002 0.011225 0.00557002 0.00557005
11.23 -1.99572e-20 3.13809e-19 0.01123 0.01123 5.85336e-19 0.0055725 0.01123 0.0055725 0.00557253
11.235 -1.99572e-20 3.13809e-19 0.011235 0.011235 5.85336e-19 0.00557497 0.011235 0.00557497 0.00557501
11.24 -1.99572e-20 3.13809e-19 0.01124 0.01124 5.85336e-19 0.00557745 0.01124 0.00557745 0.00557748
11.245 -1.99572e-20 3.13809e-19 0.011245 0.011245 5.85336e-19 0.00557993 0.011245 0.00557993 0.00557996
11.25 -1.99572e-20 3.13809e-19 0.01125 0.01125 5.85336e-19 0.0055824 0.01125 0.0055824 0.00558244
11.255 -1.99572e-20 3.13809e-19 0.011255 0.011255 5.85336e-19 0.00558488 0.011255 0.00558488 0.00558491
11.26 -1.99572e-20 3.13809e-19 0.01126 0.01126 5.85336e-19 0.00558736 0.01126 0.00558736 0.00558739
11.265 -1.99572e-20 3.13809e-19 0.011265 0.011265 5.85336e-19 0.00558983 0.011265 0.00558983 0.00558987
11.27 -1.99572e-20 3.13809e-19 0.01127 0.01127 5.85336e-19 0.00559231 0.01127 0.00559231 0.00559234
11.275 -1.99572e-20 3.13809e-19 0.011275 0.011275 5.85336e-19 0.00559479 0.011275 0.00559479 0.00559482
11.28 -1.99572e-20 3.13809e-19 0.01128 0.01128 5.85336e-19 0.00559726 0.01128 0.00559726 0.0055973
11.285 -1.99572e-20 3.13809e-19 0.011285 0.011285 5.85336e-19 0.00559974 0.011285 0.00559974 0.00559977
11.29 -1.99572e-20 3.13809e-19 0.01129 0.01129 5.85336e-19 0.00560221 0.01129 0.00560221 0.00560225
11.295 -1.99572e-20 3.13809e-19 0.011295 0.011295 5.85336e-19 0.00560469 0.011295 0.00560469 0.00560472
11.3 -1.99572e-20 3.13809e-19 0.0113 0.0113 5.85336e-19 0.00560717 0.0113 0.00560717 0.0056072
11.305 -1.99572e-20 3.13809e-19 0.011305 0.011305 5.85336e-19 0.00560964 0.011305 0.00560964 0.00560968
11.31 -1.99572e-20 3.13809e-19 0.01131 0.01131 5.85336e-19 0.00561212 0.01131 0.00561212 0.00561215
11.315 -1.99572e-20 3.13809e-19 0.011315 0.011315 5.85336e-19 0.0056146 0.011315 0.0056146 0.00561463
11.32 -1.99572e-20 3.13809e-19 0.01132 0.01132 5.85336e-19 0.00561707 0.01132 0.00561707 0.00561711
11.325 -1.99572e-20 3.13809e-19 0.011325 0.011325 5.85336e-19 0.00561955 0.011325 0.00561955 0.00561958
11.33 -1.99572e-20 3.13809e-19 0.01133 0.01133 5.85336e-19 0.00562203 0.01133 0.00562203 0.00562206
11.335 -1.99572e-20 3.13809e-19 0.011335 0.011335 5.85336e-19 0.0056245 0.011335 0.0056245 0.00562454
11.34 -1.99572e-20 3.13809e-19 0.01134 0.01134 5.85336e-19 0.00562698 0.01134 0.00562698 0.00562701
11.345 -1.99572e-20 3.13809e-19 0.011345 0.011345 5.85336e-19 0.00562946 0.011345 0.00562946 0.00562949
11.35 -1.99572e-20 3.13809e-19 0.01135 0.01135 5.85336e-19 0.00563193 0.01135 0.00563193 0.00563197
11.355 -1.99572e-20 3.13809e-19 0.011355 0.011355 5.85336e-19 0.00563441 0.011355 0.00563441 0.00563444
11.36 -1.99572e-20 3.13809e-19 0.01136 0.01136 5.85336e-19 0.00563689 0.01136 0.00563689 0.00563692
11.365 -1.99572e-20 3.13809e-19 0.011365 0.011365 5.85336e-19 0.00563936 0.011365 0.00563936 0.0056394
11.37 -1.99572e-20 3.13809e-19 0.01137 0.01137 5.85336e-19 0.00564184 0.01137 0.00564184 0.00564187
11.375 -1.99572e-20 3.13809e-19 0.011375 0.011375 5.85336e-19 0.00564431 0.011375 0.00564431 0.00564435
11.38 -1.99572e-20 3.13809e-19 0.01138 0.01138 5.85336e-19 0.00564679 0.01138 0.00564679 0.00564683
11.385 -1.99572e-20 3.13809e-19 0.011385 0.011385 5.85336e-19 0.00564927 0.011385 0.00564927 0.0056493
11.39 -1.99572e-20 3.13809e-19 0.01139 0.01139 5.85336e-19 0.00565174 0.01139 0.00565174 0.00565178
11.395 -1.99572e-20 3.13809e-19 0.011395 0.011395 5.85336e-19 0.00565422 0.011395 0.00565422 0.00565425
11.4 -1.99572e-20 3.13809e-19 0.0114 0.0114 5.85336e-19 0.0056567 0.0114 0.0056567 0.00565673
11.405 -1.99572e-20 3.13809e-19 0.011405 0.011405 5.85336e-19 0.00565917 0.011405 0.00565917 0.00565921
11.41 -1.99572e-20 3.13809e-19 0.01141 0.01141 5.85336e-19 0.00566165 0.01141 0.00566165 0.00566168
11.415 -1.99572e-20 3.13809e-19 0.011415 0.011415 5.85336e-19 0.00566413 0.011415 0.00566413 0.00566416
11.42 -1.99572e-20 3.13809e-19 0.01142 0.01142 5.85336e-19 0.0056666 0.01142 0.0056666 0.00566664
11.425 -1.99572e-20 3.13809e-19 0.011425 0.011425 5.85336e-19 0.00566908 0.011425 0.00566908 0.00566911
11.43 -1.99572e-20 3.13809e-19 0.01143 0.01143 5.85336e-19 0.00567156 0.01143 0.00567156 0.00567159
11.435 -1.99572e-20 3.13809e-19 0.011435 0.011435 5.85336e-19 0.00567403 0.011435 0.00567403 0.00567407
11.44 -1.99572e-20 3.13809e-19 0.01144 0.01144 5.85336e-19 0.00567651 0.01144 0.00567651 0.00567654
11.445 -1.99572e-20 3.13809e-19 0.011445 0.011445 5.85336e-19 0.00567899 0.011445 0.00567899 0.00567902
11.45 -1.99572e-20 3.13809e-19 0.01145 0.01145 5.85336e-19 0.00568146 0.01145 0.00568146 0.0056815
11.455 -1.99572e-20 3.13809e-19 0.011455 0.011455 5.85336e-19 0.00568394 0.011455 0.00568394 0.00568397
11.46 -1.99572e-20 3.13809e-19 0.01146 0.01146 5.85336e-19 0.00568642 0.01146 0.00568642 0.00568645
11.465 -1.99572e-20 3.13809e-19 0.011465 0.011465 5.85336e-19 0.00568889 0.011465 0.00568889 0.00568893
11.47 -1.99572e-20 3.13809e-19 0.01147 0.01147 5.85336e-19 0.00569137 0.01147 0.00569137 0.0056914
11.475 -1.99572e-20 3.13809e-19 0.011475 0.011475 5.85336e-19 0.00569384 0.011475 0.00569384 0.00569388
11.48 -1.99572e-20 3.13809e-19 0.01148 0.01148 5.85336e-19 0.00569632 0.01148 0.00569632 0.00569636
11.485 -1.99572e-20 3.13809e-19 0.011485 0.011485 5.85336e-19 0.0056988 0.011485 0.0056988 0.00569883
11.49 -1.99572e-20 3.13809e-19 0.01149 0.01149 5.85336e-19 0.00570127 0.01149 0.00570127 0.00570131
11.495 -1.99572e-20 3.13809e-19 0.011495 0.011495 5.85336e-19 0.00570375 0.011495 0.00570375 0.00570378
11.5 -1.99572e-20 3.13809e-19 0.0115 0.0115 5.85336e-19 0.00570623 0.0115 0.00570623 0.00570626
11.505 -1.99572e-20 3.13809e-19 0.011505 0.011505 5.85336e-19 0.0057087 0.011505 0.0057087 0.00570874
11.51 -1.99572e-20 3.13809e-19 0.01151 0.01151 5.85336e-19 0.00571118 0.01151 0.00571118 0.00571121
11.515 -1.99572e-20 3.13809e-19 0.011515 0.011515 5.85336e-19 0.00571366 0.011515 0.00571366 0.00571369
11.52 -1.99572e-20 3.13809e-19 0.01152 0.01152 5.85336e-19 0.00571613 0.01152 0.00571613 0.00571617
11.525 -1.99572e-20 3.13809e-19 0.011525 0.011525 5.85336e-19 0.00571861 0.011525 0.00571861 0.00571864
11.53 -1.99572e-20 3.13809e-19 0.01153 0.01153 5.85336e-19 0.00572109 0.01153 0.00572109 0.00572112
11.535 -1.99572e-20 3.13809e-19 0.011535 0.011535 5.85336e-19 0.00572356 0.011535 0.00572356 0.0057236
11.54 -1.99572e-20 3.13809e-19 0.01154 0.01154 5.85336e-19 0.00572604 0.01154 0.00572604 0.00572607
11.545 -1.99572e-20 3.13809e-19 0.011545 0.011545 5.85336e-19 0.00572852 0.011545 0.00572852 0.00572855
11.55 -1.99572e-20 3.13809e-19 0.01155 0.01155 5.85336e-19 0.00573099 0.01155 0.00573099 0.00573103
11.555 -1.99572e-20 3.13809e-19 0.011555 0.011555 5.85336e-19 0.00573347 0.011555 0.00573347 0.0057335
11.56 -1.99572e-20 3.13809e-19 0.01156 0.01156 5.85336e-19 0.00573595 0.01156 0.00573595 0.00573598
11.565 -1.99572e-20 3.13809e-19 0.011565 0.011565 5.85336e-19 0.00573842 0.011565 0.00573842 0.00573846
11.57 -1.99572e-20 3.13809e-19 0.01157 0.01157 5.85336e-19 0.0057409 0.01157 0.0057409 0.00574093
11.575 -1.99572e-20 3.13809e-19 0.011575 0.011575 5.85336e-19 0.00574337 0.011575 0.00574337 0.00574341
11.58 -1.99572e-20 3.13809e-19 0.01158 0.01158 5.85336e-19 0.00574585 0.01158 0.00574585 0.00574588
11.585 -1.99572e-20 3.13809e-19 0.011585 0.011585 5.85336e-19 0.00574833 0.011585 0.00574833 0.00574836
11.59 -1.99572e-20 3.13809e-19 0.01159 0.01159 5.85336e-19 0.0057508 0.01159 0.0057508 0.00575084
11.595 -1.99572e-20 3.13809e-19 0.011595 0.011595 5.85336e-19 0.00575328 0.011595 0.00575328 0.00575331
11.6 -1.99572e-20 3.13809e-19 0.0116 0.0116 5.85336e-19 0.00575576 0.0116 0.00575576 0.00575579
11.605 -1.99572e-20 3.13809e-19 0.011605 0.011605 5.85336e-19 0.00575823 0.011605 0.00575823 0.00575827
11.61 -1.99572e-20 3.13809e-19 0.01161 0.01161 5.85336e-19 0.00576071 0.01161 0.00576071 0.00576074
11.615 -1.99572e-20 3.13809e-19 0.011615 0.011615 5.85336e-19 0.00576319 0.011615 0.00576319 0.00576322
11.62 -1.99572e-20 3.13809e-19 0.01162 0.01162 5.85336e-19 0.00576566 0.01162 0.00576566 0.0057657
11.625 -1.99572e-20 3.13809e-19 0.011625 0.011625 5.85336e-19 0.00576814 0.011625 0.00576814 0.00576817
11.63 -1.99572e-20 3.13809e-19 0.01163 0.01163 5.85336e-19 0.00577062 0.01163 0.00577062 0.00577065
11.635 -1.99572e-20 3.13809e-19 0.011635 0.011635 5.85336e-19 0.00577309 0.011635 0.00577309 0.00577313
11.64 -1.99572e-20 3.13809e-19 0.01164 0.01164 5.85336e-19 0.00577557 0.01164 0.00577557 0.0057756
11.645 -1.99572e-20 3.13809e-19 0.011645 0.011645 5.85336e-19 0.00577805 0.011645 0.00577805 0.00577808
11.65 -1.99572e-20 3.13809e-19 0.01165 0.01165 5.85336e-19 0.00578052 0.01165 0.00578052 0.00578056
11.655 -1.99572e-20 3.13809e-19 0.011655 0.011655 5.85336e-19 0.005783 0.011655 0.005783 0.00578303
11.66 -1.99572e-20 3.13809e-19 0.01166 0.01166 5.85336e-19 0.00578547 0.01166 0.00578547 0.00578551
11.665 -1.99572e-20 3.13809e-19 0.011665 0.011665 5.85336e-19 0.00578795 0.011665 0.00578795 0.00578799
11.67 -1.99572e-20 3.13809e-19 0.01167 0.01167 5.85336e-19 0.00579043 0.01167 0.00579043 0.00579046
11.675 -1.99572e-20 3.13809e-19 0.011675 0.011675 5.85336e-19 0.0057929 0.011675 0.0057929 0.00579294
11.68 -1.99572e-20 3.13809e-19 0.01168 0.01168 5.85336e-19 0.00579538 0.01168 0.00579538 0.00579541
11.685 -1.99572e-20 3.13809e-19 0.011685 0.011685 5.85336e-19 0.00579786 0.011685 0.00579786 0.00579789
11.69 -1.99572e-20 3.13809e-19 0.01169 0.01169 5.85336e-19 0.00580033 0.01169 0.00580033 0.00580037
11.695 -1.99572e-20 3.13809e-19 0.011695 0.011695 5.85336e-19 0.00580281 0.011695 0.00580281 0.00580284
11.7 -1.99572e-20 3.13809e-19 0.0117 0.0117 5.85336e-19 0.00580529 0.0117 0.00580529 0.00580532
11.705 -1.99572e-20 3.13809e-19 0.011705 0.011705 5.85336e-19 0.00580776 0.011705 0.00580776 0.0058078
11.71 -1.99572e-20 3.13809e-19 0.01171 0.01171 5.85336e-19 0.00581024 0.01171 0.00581024 0.00581027
11.715 -1.99572e-20 3.13809e-19 0.011715 0.011715 5.85336e-19 0.00581272 0.011715 0.00581272 0.00581275
11.72 -1.99572e-20 3.13809e-19 0.01172 0.01172 5.85336e-19 0.00581519 0.01172 0.00581519 0.00581523
11.725 -1.99572e-20 3.13809e-19 0.011725 0.011725 5.85336e-19 0.00581767 0.011725 0.00581767 0.0058177
11.73 -1.99572e-20 3.13809e-19 0.01173 0.01173 5.85336e-19 0.00582015 0.01173 0.00582015 0.00582018
11.735 -1.99572e-20 3.13809e-19 0.011735 0.011735 5.85336e-19 0.00582262 0.011735 0.00582262 0.00582266
11.74 -1.99572e-20 3.13809e-19 0.01174 0.01174 5.85336e-19 0.0058251 0.01174 0.0058251 0.00582513
11.745 -1.99572e-20 3.13809e-19 0.011745 0.011745 5.85336e-19 0.00582758 0.011745 0.00582758 0.00582761
11.75 -1.99572e-20 3.13809e-19 0.01175 0.01175 5.85336e-19 0.00583005 0.01175 0.00583005 0.00583009
11.755 -1.99572e-20 3.13809e-19 0.011755 0.011755 5.85336e-19 0.00583253 0.011755 0.00583253 0.00583256
11.76 -1.99572e-20 3.13809e-19 0.01176 0.01176 5.85336e-19 0.005835 0.01176 0.005835 0.00583504
11.765 -1.99572e-20 3.13809e-19 0.011765 0.011765 5.85336e-19 0.00583748 0.011765 0.00583748 0.00583752
11.77 -1.99572e-20 3.13809e-19 0.01177 0.01177 5.85336e-19 0.00583996 0.01177 0.00583996 0.00583999
11.775 -1.99572e-20 3.13809e-19 0.011775 0.011775 5.85336e-19 0.00584243 0.011775 0.00584243 0.00584247
11.78 -1.99572e-20 3.13809e-19 0.01178 0.01178 5.85336e-19 0.00584491 0.01178 0.00584491 0.00584494
11.785 -1.99572e-20 3.13809e-19 0.011785 0.011785 5.85336e-19 0.00584739 0.011785 0.00584739 0.00584742
11.79 -1.99572e-20 3.13809e-19 0.01179 0.01179 5.85336e-19 0.00584986 0.01179 0.00584986 0.0058499
11.795 -1.99572e-20 3.13809e-19 0.011795 0.011795 5.85336e-19 0.00585234 0.011795 0.00585234 0.00585237
11.8 -1.99572e-20 3.13809e-19 0.0118 0.0118 5.85336e-19 0.00585482 0.0118 0.00585482 0.00585485
11.805 -1.99572e-20 3.13809e-19 0.011805 0.011805 5.85336e-19 0.00585729 0.011805 0.00585729 0.00585733
11.81 -1.99572e-20 3.13809e-19 0.01181 0.01181 5.85336e-19 0.00585977 0.01181 0.00585977 0.0058598
11.815 -1.99572e-20 3.13809e-19 0.011815 0.011815 5.85336e-19 0.00586225 0.011815 0.00586225 0.00586228
11.82 -1.99572e-20 3.13809e-19 0.01182 0.01182 5.85336e-19 0.00586472 0.01182 0.00586472 0.00586476
11.825 -1.99572e-20 3.13809e-19 0.011825 0.011825 5.85336e-19 0.0058672 0.011825 0.0058672 0.00586723
11.83 -1.99572e-20 3.13809e-19 0.01183 0.01183 5.85336e-19 0.00586968 0.01183 0.00586968 0.00586971
11.835 -1.99572e-20 3.13809e-19 0.011835 0.011835 5.85336e-19 0.00587215 0.011835 0.00587215 0.00587219
11.84 -1.99572e-20 3.13809e-19 0.01184 0.01184 5.85336e-19 0.00587463 0.01184 0.00587463 0.00587466
11.845 -1.99572e-20 3.13809e-19 0.011845 0.011845 5.85336e-19 0.00587711 0.011845 0.00587711 0.00587714
11.85 -1.99572e-20 3.13809e-19 0.01185 0.01185 5.85336e-19 0.00587958 0.01185 0.00587958 0.00587962
11.855 -1.99572e-20 3.13809e-19 0.011855 0.011855 5.85336e-19 0.00588206 0.011855 0.00588206 0.00588209
11.86 -1.99572e-20 3.13809e-19 0.01186 0.01186 5.85336e-19 0.00588453 0.01186 0.00588453 0.00588457
11.865 -1.99572e-20 3.13809e-19 0.011865 0.011865 5.85336e-19 0.00588701 0.011865 0.00588701 0.00588704
11.87 -1.99572e-20 3.13809e-19 0.01187 0.01187 5.85336e-19 0.00588949 0.01187 0.00588949 0.00588952
11.875 -1.99572e-20 3.13809e-19 0.011875 0.011875 5.85336e-19 0.00589196 0.011875 0.00589196 0.005892
11.88 -1.99572e-20 3.13809e-19 0.01188 0.01188 5.85336e-19 0.00589444 0.01188 0.00589444 0.00589447
11.885 -1.99572e-20 3.13809e-19 0.011885 0.011885 5.85336e-19 0.00589692 0.011885 0.00589692 0.00589695
11.89 -1.99572e-20 3.13809e-19 0.01189 0.01189 5.85336e-19 0.00589939 0.01189 0.00589939 0.00589943
11.895 -1.99572e-20 3.13809e-19 0.011895 0.011895 5.85336e-19 0.00590187 0.011895 0.00590187 0.0059019
11.9 -1.99572e-20 3.13809e-19 0.0119 0.0119 5.85336e-19 0.00590435 0.0119 0.00590435 0.00590438
11.905 -1.99572e-20 3.13809e-19 0.011905 0.011905 5.85336e-19 0.00590682 0.011905 0.00590682 0.00590686
11.91 -1.99572e-20 3.13809e-19 0.01191 0.01191 5.85336e-19 0.0059093 0.01191 0.0059093 0.00590933
11.915 -1.99572e-20 3.13809e-19 0.011915 0.011915 5.85336e-19 0.00591178 0.011915 0.00591178 0.00591181
11.92 -1.99572e-20 3.13809e-19 0.01192 0.01192 5.85336e-19 0.00591425 0.01192 0.00591425 0.00591429
11.925 -1.99572e-20 3.13809e-19 0.011925 0.011925 5.85336e-19 0.00591673 0.011925 0.00591673 0.00591676
11.93 -1.99572e-20 3.13809e-19 0.01193 0.01193 5.85336e-19 0.00591921 0.01193 0.00591921 0.00591924
11.935 -1.99572e-20 3.13809e-19 0.011935 0.011935 5.85336e-19 0.00592168 0.011935 0.00592168 0.00592172
11.94 -1.99572e-20 3.13809e-19 0.01194 0.01194 5.85336e-19 0.00592416 0.01194 0.00592416 0.00592419
11.945 -1.99572e-20 3.13809e-19 0.011945 0.011945 5.85336e-19 0.00592663 0.011945 0.00592663 0.00592667
11.95 -1.99572e-20 3.13809e-19 0.01195 0.01195 5.85336e-19 0.00592911 0.01195 0.00592911 0.00592915
11.955 -1.99572e-20 3.13809e-19 0.011955 0.011955 5.85336e-19 0.00593159 0.011955 0.00593159 0.00593162
11.96 -1.99572e-20 3.13809e-19 0.01196 0.01196 5.85336e-19 0.00593406 0.01196 0.00593406 0.0059341
11.965 -1.99572e-20 3.13809e-19 0.011965 0.011965 5.85336e-19 0.00593654 0.011965 0.00593654 0.00593657
11.97 -1.99572e-20 3.13809e-19 0.01197 0.01197 5.85336e-19 0.00593902 0.01197 0.00593902 0.00593905
11.975 -1.99572e-20 3.13809e-19 0.011975 0.011975 5.85336e-19 0.00594149 0.011975 0.00594149 0.00594153
11.98 -1.99572e-20 3.13809e-19 0.01198 0.01198 5.85336e-19 0.00594397 0.01198 0.00594397 0.005944
11.985 -1.99572e-20 3.13809e-19 0.011985 0.011985 5.85336e-19 0.00594645 0.011985 0.00594645 0.00594648
11.99 -1.99572e-20 3.13809e-19 0.01199 0.01199 5.85336e-19 0.00594892 0.01199 0.00594892 0.00594896
11.995 -1.99572e-20 3.13809e-19 0.011995 0.011995 5.85336e-19 0.0059514 0.011995 0.0059514 0.00595143
12 -1.99572e-20 3.13809e-19 0.012 0.012 5.85336e-19 0.00595388 0.012 0.00595388 0.00595391
12.005 -1.99572e-20 3.13809e-19 0.012005 0.012005 5.85336e-19 0.00595635 0.012005 0.00595635 0.00595639
12.01 -1.99572e-20 3.13809e-19 0.01201 0.01201 5.85336e-19 0.00595883 0.01201 0.00595883 0.00595886
12.015 -1.99572e-20 3.13809e-19 0.012015 0.012015 5.85336e-19 0.00596131 0.012015 0.00596131 0.00596134
12.02 -1.99572e-20 3.13809e-19 0.01202 0.01202 5.85336e-19 0.00596378 0.01202 0.00596378 0.00596382
12.025 -1.99572e-20 3.13809e-19 0.012025 0.012025 5.85336e-19 0.00596626 0.012025 0.00596626 0.00596629
12.03 -1.99572e-20 3.13809e-19 0.01203 0.01203 5.85336e-19 0.00596874 0.01203 0.00596874 0.00596877
12.035 -1.99572e-20 3.13809e-19 0.012035 0.012035 5.85336e-19 0.00597121 0.012035 0.00597121 0.00597125
12.04 -1.99572e-20 3.13809e-19 0.01204 0.01204 5.85336e-19 0.00597369 0.01204 0.00597369 0.00597372
12.045 -1.99572e-20 3.13809e-19 0.012045 0.012045 5.85336e-19 0.00597616 0.012045 0.00597616 0.0059762
12.05 -1.99572e-20 3.13809e-19 0.01205 0.01205 5.85336e-19 0.00597864 0.01205 0.00597864 0.00597868
12.055 -1.99572e-20 3.13809e-19 0.012055 0.012055 5.85336e-19 0.00598112 0.012055 0.00598112 0.00598115
12.06 -1.99572e-20 3.13809e-19 0.01206 0.01206 5.85336e-19 0.00598359 0.01206 0.00598359 0.00598363
12.065 -1.99572e-20 3.13809e-19 0.012065 0.012065 5.85336e-19 0.00598607 0.012065 0.00598607 0.0059861
12.07 -1.99572e-20 3.13809e-19 0.01207 0.01207 5.85336e-19 0.00598855 0.01207 0.00598855 0.00598858
12.075 -1.99572e-20 3.13809e-19 0.012075 0.012075 5.85336e-19 0.00599102 0.012075 0.00599102 0.00599106
12.08 -1.99572e-20 3.13809e-19 0.01208 0.01208 5.85336e-19 0.0059935 0.01208 0.0059935 0.00599353
12.085 -1.99572e-20 3.13809e-19 0.012085 0.012085 5.85336e-19 0.00599598 0.012085 0.00599598 0.00599601
12.09 -1.99572e-20 3.13809e-19 0.01209 0.01209 5.85336e-19 0.00599845 0.01209 0.00599845 0.00599849
12.095 -1.99572e-20 3.13809e-19 0.012095 0.012095 5.85336e-19 0.00600093 0.012095 0.00600093 0.00600096
12.1 -1.99572e-20 3.13809e-19 0.0121 0.0121 5.85336e-19 0.00600341 0.0121 0.00600341 0.00600344
12.105 -1.99572e-20 3.13809e-19 0.012105 0.012105 5.85336e-19 0.00600588 0.012105 0.00600588 0.00600592
12.11 -1.99572e-20 3.13809e-19 0.01211 0.01211 5.85336e-19 0.00600836 0.01211 0.00600836 0.00600839
12.115 -1.99572e-20 3.13809e-19 0.012115 0.012115 5.85336e-19 0.00601084 0.012115 0.00601084 0.00601087
12.12 -1.99572e-20 3.13809e-19 0.01212 0.01212 5.85336e-19 0.00601331 0.01212 0.00601331 0.00601335
12.125 -1.99572e-20 3.13809e-19 0.012125 0.012125 5.85336e-19 0.00601579 0.012125 0.00601579 0.00601582
12.13 -1.99572e-20 3.13809e-19 0.01213 0.01213 5.85336e-19 0.00601827 0.01213 0.00601827 0.0060183
12.135 -1.99572e-20 3.13809e-19 0.012135 0.012135 5.85336e-19 0.00602074 0.012135 0.00602074 0.00602078
12.14 -1.99572e-20 3.13809e-19 0.01214 0.01214 5.85336e-19 0.00602322 0.01214 0.00602322 0.00602325
12.145 -1.99572e-20 3.13809e-19 0.012145 0.012145 5.85336e-19 0.00602569 0.012145 0.00602569 0.00602573
12.15 -1.99572e-20 3.13809e-19 0.01215 0.01215 5.85336e-19 0.00602817 0.01215 0.00602817 0.0060282
12.155 -1.99572e-20 3.13809e-19 0.012155 0.012155 5.85336e-19 0.00603065 0.012155 0.00603065 0.00603068
12.16 -1.99572e-20 3.13809e-19 0.01216 0.01216 5.85336e-19 0.00603312 0.01216 0.00603312 0.00603316
12.165 -1.99572e-20 3.13809e-19 0.012165 0.012165 5.85336e-19 0.0060356 0.012165 0.0060356 0.00603563
12.17 -1.99572e-20 3.13809e-19 0.01217 0.01217 5.85336e-19 0.00603808 0.01217 0.00603808 0.00603811
12.175 -1.99572e-20 3.13809e-19 0.012175 0.012175 5.85336e-19 0.00604055 0.012175 0.00604055 0.00604059
12.18 -1.99572e-20 3.13809e-19 0.01218 0.01218 5.85336e-19 0.00604303 0.01218 0.00604303 0.00604306
12.185 -1.99572e-20 3.13809e-19 0.012185 0.012185 5.85336e-19 0.00604551 0.012185 0.00604551 0.00604554
12.19 -1.99572e-20 3.13809e-19 0.01219 0.01219 5.85336e-19 0.00604798 0.01219 0.00604798 0.00604802
12.195 -1.99572e-20 3.13809e-19 0.012195 0.012195 5.85336e-19 0.00605046 0.012195 0.00605046 0.00605049
12.2 -1.99572e-20 3.13809e-19 0.0122 0.0122 5.85336e-19 0.00605294 0.0122 0.00605294 0.00605297
12.205 -1.99572e-20 3.13809e-19 0.012205 0.012205 5.85336e-19 0.00605541 0.012205 0.00605541 0.00605545
12.21 -1.99572e-20 3.13809e-19 0.01221 0.01221 5.85336e-19 0.00605789 0.01221 0.00605789 0.00605792
12.215 -1.99572e-20 3.13809e-19 0.012215 0.012215 5.85336e-19 0.00606037 0.012215 0.00606037 0.0060604
12.22 -1.99572e-20 3.13809e-19 0.01222 0.01222 5.85336e-19 0.00606284 0.01222 0.00606284 0.00606288
12.225 -1.99572e-20 3.13809e-19 0.012225 0.012225 5.85336e-19 0.00606532 0.012225 0.00606532 0.00606535
12.23 -1.99572e-20 3.13809e-19 0.01223 0.01223 5.85336e-19 0.00606779 0.01223 0.00606779 0.00606783
12.235 -1.99572e-20 3.13809e-19 0.012235 0.012235 5.85336e-19 0.00607027 0.012235 0.00607027 0.00607031
12.24 -1.99572e-20 3.13809e-19 0.01224 0.01224 5.85336e-19 0.00607275 0.01224 0.00607275 0.00607278
12.245 -1.99572e-20 3.13809e-19 0.012245 0.012245 5.85336e-19 0.00607522 0.012245 0.00607522 0.00607526
12.25 -1.99572e-20 3.13809e-19 0.01225 0.01225 5.85336e-19 0.0060777 0.01225 0.0060777 0.00607773
12.255 -1.99572e-20 3.13809e-19 0.012255 0.012255 5.85336e-19 0.00608018 0.012255 0.00608018 0.00608021
12.26 -1.99572e-20 3.13809e-19 0.01226 0.01226 5.85336e-19 0.00608265 0.01226 0.00608265 0.00608269
12.265 -1.99572e-20 3.13809e-19 0.012265 0.012265 5.85336e-19 0.00608513 0.012265 0.00608513 0.00608516
12.27 -1.99572e-20 3.13809e-19 0.01227 0.01227 5.85336e-19 0.00608761 0.01227 0.00608761 0.00608764
12.275 -1.99572e-20 3.13809e-19 0.012275 0.012275 5.85336e-19 0.00609008 0.012275 0.00609008 0.00609012
12.28 -1.99572e-20 3.13809e-19 0.01228 0.01228 5.85336e-19 0.00609256 0.01228 0.00609256 0.00609259
12.285 -1.99572e-20 3.13809e-19 0.012285 0.012285 5.85336e-19 0.00609504 0.012285 0.00609504 0.00609507
12.29 -1.99572e-20 3.13809e-19 0.01229 0.01229 5.85336e-19 0.00609751 0.01229 0.00609751 0.00609755
12.295 -1.99572e-20 3.13809e-19 0.012295 0.012295 5.85336e-19 0.00609999 0.012295 0.00609999 0.00610002
12.3 -1.99572e-20 3.13809e-19 0.0123 0.0123 5.85336e-19 0.00610247 0.0123 0.00610247 0.0061025
12.305 -1.99572e-20 3.13809e-19 0.012305 0.012305 5.85336e-19 0.00610494 0.012305 0.00610494 0.00610498
12.31 -1.99572e-20 3.13809e-19 0.01231 0.01231 5.85336e-19 0.00610742 0.01231 0.00610742 0.00610745
12.315 -1.99572e-20 3.13809e-19 0.012315 0.012315 5.85336e-19 0.0061099 0.012315 0.0061099 0.00610993
12.32 -1.99572e-20 3.13809e-19 0.01232 0.01232 5.85336e-19 0.00611237 0.01232 0.00611237 0.00611241
12.325 -1.99572e-20 3.13809e-19 0.012325 0.012325 5.85336e-19 0.00611485 0.012325 0.00611485 0.00611488
12.33 -1.99572e-20 3.13809e-19 0.01233 0.01233 5.85336e-19 0.00611732 0.01233 0.00611732 0.00611736
12.335 -1.99572e-20 3.13809e-19 0.012335 0.012335 5.85336e-19 0.0061198 0.012335 0.0061198 0.00611984
12.34 -1.99572e-20 3.13809e-19 0.01234 0.01234 5.85336e-19 0.00612228 0.01234 0.00612228 0.00612231
12.345 -1.99572e-20 3.13809e-19 0.012345 0.012345 5.85336e-19 0.00612475 0.012345 0.00612475 0.00612479
12.35 -1.99572e-20 3.13809e-19 0.01235 0.01235 5.85336e-19 0.00612723 0.01235 0.00612723 0.00612726
12.355 -1.99572e-20 3.13809e-19 0.012355 0.012355 5.85336e-19 0.00612971 0.012355 0.00612971 0.00612974
12.36 -1.99572e-20 3.13809e-19 0.01236 0.01236 5.85336e-19 0.00613218 0.01236 0.00613218 0.00613222
12.365 -1.99572e-20 3.13809e-19 0.012365 0.012365 5.85336e-19 0.00613466 0.012365 0.00613466 0.00613469
12.37 -1.99572e-20 3.13809e-19 0.01237 0.01237 5.85336e-19 0.00613714 0.01237 0.00613714 0.00613717
12.375 -1.99572e-20 3.13809e-19 0.012375 0.012375 5.85336e-19 0.00613961 0.012375 0.00613961 0.00613965
12.38 -1.99572e-20 3.13809e-19 0.01238 0.01238 5.85336e-19 0.00614209 0.01238 0.00614209 0.00614212
12.385 -1.99572e-20 3.13809e-19 0.012385 0.012385 5.85336e-19 0.00614457 0.012385 0.00614457 0.0061446
12.39 -1.99572e-20 3.13809e-19 0.01239 0.01239 5.85336e-19 0.00614704 0.01239 0.00614704 0.00614708
12.395 -1.99572e-20 3.13809e-19 0.012395 0.012395 5.85336e-19 0.00614952 0.012395 0.00614952 0.00614955
12.4 -1.99572e-20 3.13809e-19 0.0124 0.0124 5.85336e-19 0.006152 0.0124 0.006152 0.00615203
12.405 -1.99572e-20 3.13809e-19 0.012405 0.012405 5.85336e-19 0.00615447 0.012405 0.00615447 0.00615451
12.41 -1.99572e-20 3.13809e-19 0.01241 0.01241 5.85336e-19 0.00615695 0.01241 0.00615695 0.00615698
12.415 -1.99572e-20 3.13809e-19 0.012415 0.012415 5.85336e-19 0.00615943 0.012415 0.00615943 0.00615946
12.42 -1.99572e-20 3.13809e-19 0.01242 0.01242 5.85336e-19 0.0061619 0.01242 0.0061619 0.00616194
12.425 -1.99572e-20 3.13809e-19 0.012425 0.012425 5.85336e-19 0.00616438 0.012425 0.00616438 0.00616441
12.43 -1.99572e-20 3.13809e-19 0.01243 0.01243 5.85336e-19 0.00616685 0.01243 0.00616685 0.00616689
12.435 -1.99572e-20 3.13809e-19 0.012435 0.012435 5.85336e-19 0.00616933 0.012435 0.00616933 0.00616937
12.44 -1.99572e-20 3.13809e-19 0.01244 0.01244 5.85336e-19 0.00617181 0.01244 0.00617181 0.00617184
12.445 -1.99572e-20 3.13809e-19 0.012445 0.012445 5.85336e-19 0.00617428 0.012445 0.00617428 0.00617432
12.45 -1.99572e-20 3.13809e-19 0.01245 0.01245 5.85336e-19 0.00617676 0.01245 0.00617676 0.00617679
12.455 -1.99572e-20 3.13809e-19 0.012455 0.012455 5.85336e-19 0.00617924 0.012455 0.00617924 0.00617927
12.46 -1.99572e-20 3.13809e-19 0.01246 0.01246 5.85336e-19 0.00618171 0.01246 0.00618171 0.00618175
12.465 -1.99572e-20 3.13809e-19 0.012465 0.012465 5.85336e-19 0.00618419 0.012465 0.00618419 0.00618422
12.47 -1.99572e-20 3.13809e-19 0.01247 0.01247 5.85336e-19 0.00618667 0.01247 0.00618667 0.0061867
12.475 -1.99572e-20 3.13809e-19 0.012475 0.012475 5.85336e-19 0.00618914 0.012475 0.00618914 0.00618918
12.48 -1.99572e-20 3.13809e-19 0.01248 0.01248 5.85336e-19 0.00619162 0.01248 0.00619162 0.00619165
12.485 -1.99572e-20 3.13809e-19 0.012485 0.012485 5.85336e-19 0.0061941 0.012485 0.0061941 0.00619413
12.49 -1.99572e-20 3.13809e-19 0.01249 0.01249 5.85336e-19 0.00619657 0.01249 0.00619657 0.00619661
12.495 -1.99572e-20 3.13809e-19 0.012495 0.012495 5.85336e-19 0.00619905 0.012495 0.00619905 0.00619908
12.5 -1.99572e-20 3.13809e-19 0.0125 0.0125 5.85336e-19 0.00620153 0.0125 0.00620153 0.00620156
12.505 -1.99572e-20 3.13809e-19 0.012505 0.012505 5.85336e-19 0.006204 0.012505 0.006204 0.00620404
12.51 -1.99572e-20 3.13809e-19 0.01251 0.01251 5.85336e-19 0.00620648 0.01251 0.00620648 0.00620651
12.515 -1.99572e-20 3.13809e-19 0.012515 0.012515 5.85336e-19 0.00620896 0.012515 0.00620896 0.00620899
12.52 -1.99572e-20 3.13809e-19 0.01252 0.01252 5.85336e-19 0.00621143 0.01252 0.00621143 0.00621147
12.525 -1.99572e-20 3.13809e-19 0.012525 0.012525 5.85336e-19 0.00621391 0.012525 0.00621391 0.00621394
12.53 -1.99572e-20 3.13809e-19 0.01253 0.01253 5.85336e-19 0.00621638 0.01253 0.00621638 0.00621642
12.535 -1.99572e-20 3.13809e-19 0.012535 0.012535 5.85336e-19 0.00621886 0.012535 0.00621886 0.00621889
12.54 -1.99572e-20 3.13809e-19 0.01254 0.01254 5.85336e-19 0.00622134 0.01254 0.00622134 0.00622137
12.545 -1.99572e-20 3.13809e-19 0.012545 0.012545 5.85336e-19 0.00622381 0.012545 0.00622381 0.00622385
12.55 -1.99572e-20 3.13809e-19 0.01255 0.01255 5.85336e-19 0.00622629 0.01255 0.00622629 0.00622632
12.555 -1.99572e-20 3.13809e-19 0.012555 0.012555 5.85336e-19 0.00622877 0.012555 0.00622877 0.0062288
12.56 -1.99572e-20 3.13809e-19 0.01256 0.01256 5.85336e-19 0.00623124 0.01256 0.00623124 0.00623128
12.565 -1.99572e-20 3.13809e-19 0.012565 0.012565 5.85336e-19 0.00623372 0.012565 0.00623372 0.00623375
12.57 -1.99572e-20 3.13809e-19 0.01257 0.01257 5.85336e-19 0.0062362 0.01257 0.0062362 0.00623623
12.575 -1.99572e-20 3.13809e-19 0.012575 0.012575 5.85336e-19 0.00623867 0.012575 0.00623867 0.00623871
12.58 -1.99572e-20 3.13809e-19 0.01258 0.01258 5.85336e-19 0.00624115 0.01258 0.00624115 0.00624118
12.585 -1.99572e-20 3.13809e-19 0.012585 0.012585 5.85336e-19 0.00624363 0.012585 0.00624363 0.00624366
12.59 -1.99572e-20 3.13809e-19 0.01259 0.01259 5.85336e-19 0.0062461 0.01259 0.0062461 0.00624614
12.595 -1.99572e-20 3.13809e-19 0.012595 0.012595 5.85336e-19 0.00624858 0.012595 0.00624858 0.00624861
12.6 -1.99572e-20 3.13809e-19 0.0126 0.0126 5.85336e-19 0.00625106 0.0126 0.00625106 0.00625109
12.605 -1.99572e-20 3.13809e-19 0.012605 0.012605 5.85336e-19 0.00625353 0.012605 0.00625353 0.00625357
12.61 -1.99572e-20 3.13809e-19 0.01261 0.01261 5.85336e-19 0.00625601 0.01261 0.00625601 0.00625604
12.615 -1.99572e-20 3.13809e-19 0.012615 0.012615 5.85336e-19 0.00625848 0.012615 0.00625848 0.00625852
12.62 -1.99572e-20 3.13809e-19 0.01262 0.01262 5.85336e-19 0.00626096 0.01262 0.00626096 0.006261
12.625 -1.99572e-20 3.13809e-19 0.012625 0.012625 5.85336e-19 0.00626344 0.012625 0.00626344 0.00626347
12.63 -1.99572e-20 3.13809e-19 0.01263 0.01263 5.85336e-19 0.00626591 0.01263 0.00626591 0.00626595
12.635 -1.99572e-20 3.13809e-19 0.012635 0.012635 5.85336e-19 0.00626839 0.012635 0.00626839 0.00626842
12.64 -1.99572e-20 3.13809e-19 0.01264 0.01264 5.85336e-19 0.00627087 0.01264 0.00627087 0.0062709
12.645 -1.99572e-20 3.13809e-19 0.012645 0.012645 5.85336e-19 0.00627334 0.012645 0.00627334 0.00627338
12.65 -1.99572e-20 3.13809e-19 0.01265 0.01265 5.85336e-19 0.00627582 0.01265 0.00627582 0.00627585
12.655 -1.99572e-20 3.13809e-19 0.012655 0.012655 5.85336e-19 0.0062783 0.012655 0.0062783 0.00627833
12.66 -1.99572e-20 3.13809e-19 0.01266 0.01266 5.85336e-19 0.00628077 0.01266 0.00628077 0.00628081
12.665 -1.99572e-20 3.13809e-19 0.012665 0.012665 5.85336e-19 0.00628325 0.012665 0.00628325 0.00628328
12.67 -1.99572e-20 3.13809e-19 0.01267 0.01267 5.85336e-19 0.00628573 0.01267 0.00628573 0.00628576
12.675 -1.99572e-20 3.13809e-19 0.012675 0.012675 5.85336e-19 0.0062882 0.012675 0.0062882 0.00628824
12.68 -1.99572e-20 3.13809e-19 0.01268 0.01268 5.85336e-19 0.00629068 0.01268 0.00629068 0.00629071
12.685 -1.99572e-20 3.13809e-19 0.012685 0.012685 5.85336e-19 0.00629316 0.012685 0.00629316 0.00629319
12.69 -1.99572e-20 3.13809e-19 0.01269 0.01269 5.85336e-19 0.00629563 0.01269 0.00629563 0.00629567
12.695 -1.99572e-20 3.13809e-19 0.012695 0.012695 5.85336e-19 0.00629811 0.012695 0.00629811 0.00629814
12.7 -1.99572e-20 3.13809e-19 0.0127 0.0127 5.85336e-19 0.00630059 0.0127 0.00630059 0.00630062
12.705 -1.99572e-20 3.13809e-19 0.012705 0.012705 5.85336e-19 0.00630306 0.012705 0.00630306 0.0063031
12.71 -1.99572e-20 3.13809e-19 0.01271 0.01271 5.85336e-19 0.00630554 0.01271 0.00630554 0.00630557
12.715 -1.99572e-20 3.13809e-19 0.012715 0.012715 5.85336e-19 0.00630801 0.012715 0.00630801 0.00630805
12.72 -1.99572e-20 3.13809e-19 0.01272 0.01272 5.85336e-19 0.00631049 0.01272 0.00631049 0.00631053
12.725 -1.99572e-20 3.13809e-19 0.012725 0.012725 5.85336e-19 0.00631297 0.012725 0.00631297 0.006313
12.73 -1.99572e-20 3.13809e-19 0.01273 0.01273 5.85336e-19 0.00631544 0.01273 0.00631544 0.00631548
12.735 -1.99572e-20 3.13809e-19 0.012735 0.012735 5.85336e-19 0.00631792 0.012735 0.00631792 0.00631795
12.74 -1.99572e-20 3.13809e-19 0.01274 0.01274 5.85336e-19 0.0063204 0.01274 0.0063204 0.00632043
12.745 -1.99572e-20 3.13809e-19 0.012745 0.012745 5.85336e-19 0.00632287 0.012745 0.00632287 0.00632291
12.75 -1.99572e-20 3.13809e-19 0.01275 0.01275 5.85336e-19 0.00632535 0.01275 0.00632535 0.00632538
12.755 -1.99572e-20 3.13809e-19 0.012755 0.012755 5.85336e-19 0.00632783 0.012755 0.00632783 0.00632786
12.76 -1.99572e-20 3.13809e-19 0.01276 0.01276 5.85336e-19 0.0063303 0.01276 0.0063303 0.00633034
12.765 -1.99572e-20 3.13809e-19 0.012765 0.012765 5.85336e-19 0.00633278 0.012765 0.00633278 0.00633281
12.77 -1.99572e-20 3.13809e-19 0.01277 0.01277 5.85336e-19 0.00633526 0.01277 0.00633526 0.00633529
12.775 -1.99572e-20 3.13809e-19 0.012775 0.012775 5.85336e-19 0.00633773 0.012775 0.00633773 0.00633777
12.78 -1.99572e-20 3.13809e-19 0.01278 0.01278 5.85336e-19 0.00634021 0.01278 0.00634021 0.00634024
12.785 -1.99572e-20 3.13809e-19 0.012785 0.012785 5.85336e-19 0.00634269 0.012785 0.00634269 0.00634272
12.79 -1.99572e-20 3.13809e-19 0.01279 0.01279 5.85336e-19 0.00634516 0.01279 0.00634516 0.0063452
12.795 -1.99572e-20 3.13809e-19 0.012795 0.012795 5.85336e-19 0.00634764 0.012795 0.00634764 0.00634767
12.8 -1.99572e-20 3.13809e-19 0.0128 0.0128 5.85336e-19 0.00635012 0.0128 0.00635012 0.00635015
12.805 -1.99572e-20 3.13809e-19 0.012805 0.012805 5.85336e-19 0.00635259 0.012805 0.00635259 0.00635263
12.81 -1.99572e-20 3.13809e-19 0.01281 0.01281 5.85336e-19 0.00635507 0.01281 0.00635507 0.0063551
12.815 -1.99572e-20 3.13809e-19 0.012815 0.012815 5.85336e-19 0.00635754 0.012815 0.00635754 0.00635758
12.82 -1.99572e-20 3.13809e-19 0.01282 0.01282 5.85336e-19 0.00636002 0.01282 0.00636002 0.00636005
12.825 -1.99572e-20 3.13809e-19 0.012825 0.012825 5.85336e-19 0.0063625 0.012825 0.0063625 0.00636253
12.83 -1.99572e-20 3.13809e-19 0.01283 0.01283 5.85336e-19 0.00636497 0.01283 0.00636497 0.00636501
12.835 -1.99572e-20 3.13809e-19 0.012835 0.012835 5.85336e-19 0.00636745 0.012835 0.00636745 0.00636748
12.84 -1.99572e-20 3.13809e-19 0.01284 0.01284 5.85336e-19 0.00636993 0.01284 0.00636993 0.00636996
12.845 -1.99572e-20 3.13809e-19 0.012845 0.012845 5.85336e-19 0.0063724 0.012845 0.0063724 0.00637244
12.85 -1.99572e-20 3.13809e-19 0.01285 0.01285 5.85336e-19 0.00637488 0.01285 0.00637488 0.00637491
12.855 -1.99572e-20 3.13809e-19 0.012855 0.012855 5.85336e-19 0.00637736 0.012855 0.00637736 0.00637739
12.86 -1.99572e-20 3.13809e-19 0.01286 0.01286 5.85336e-19 0.00637983 0.01286 0.00637983 0.00637987
12.865 -1.99572e-20 3.13809e-19 0.012865 0.012865 5.85336e-19 0.00638231 0.012865 0.00638231 0.00638234
12.87 -1.99572e-20 3.13809e-19 0.01287 0.01287 5.85336e-19 0.00638479 0.01287 0.00638479 0.00638482
12.875 -1.99572e-20 3.13809e-19 0.012875 0.012875 5.85336e-19 0.00638726 0.012875 0.00638726 0.0063873
12.88 -1.99572e-20 3.13809e-19 0.01288 0.01288 5.85336e-19 0.00638974 0.01288 0.00638974 0.00638977
12.885 -1.99572e-20 3.13809e-19 0.012885 0.012885 5.85336e-19 0.00639222 0.012885 0.00639222 0.00639225
12.89 -1.99572e-20 3.13809e-19 0.01289 0.01289 5.85336e-19 0.00639469 0.01289 0.00639469 0.00639473
12.895 -1.99572e-20 3.13809e-19 0.012895 0.012895 5.85336e-19 0.00639717 0.012895 0.00639717 0.0063972
12.9 -1.99572e-20 3.13809e-19 0.0129 0.0129 5.85336e-19 0.00639964 0.0129 0.00639964 0.00639968
12.905 -1.99572e-20 3.13809e-19 0.012905 0.012905 5.85336e-19 0.00640212 0.012905 0.00640212 0.00640216
12.91 -1.99572e-20 3.13809e-19 0.01291 0.01291 5.85336e-19 0.0064046 0.01291 0.0064046 0.00640463
12.915 -1.99572e-20 3.13809e-19 0.012915 0.012915 5.85336e-19 0.00640707 0.012915 0.00640707 0.00640711
12.92 -1.99572e-20 3.13809e-19 0.01292 0.01292 5.85336e-19 0.00640955 0.01292 0.00640955 0.00640958
12.925 -1.99572e-20 3.13809e-19 0.012925 0.012925 5.85336e-19 0.00641203 0.012925 0.00641203 0.00641206
12.93 -1.99572e-20 3.13809e-19 0.01293 0.01293 5.85336e-19 0.0064145 0.01293 0.0064145 0.00641454
12.935 -1.99572e-20 3.13809e-19 0.012935 0.012935 5.85336e-19 0.00641698 0.012935 0.00641698 0.00641701
12.94 -1.99572e-20 3.13809e-19 0.01294 0.01294 5.85336e-19 0.00641946 0.01294 0.00641946 0.00641949
12.945 -1.99572e-20 3.13809e-19 0.012945 0.012945 5.85336e-19 0.00642193 0.012945 0.00642193 0.00642197
12.95 -1.99572e-20 3.13809e-19 0.01295 0.01295 5.85336e-19 0.00642441 0.01295 0.00642441 0.00642444
12.955 -1.99572e-20 3.13809e-19 0.012955 0.012955 5.85336e-19 0.00642689 0.012955 0.00642689 0.00642692
12.96 -1.99572e-20 3.13809e-19 0.01296 0.01296 5.85336e-19 0.00642936 0.01296 0.00642936 0.0064294
12.965 -1.99572e-20 3.13809e-19 0.012965 0.012965 5.85336e-19 0.00643184 0.012965 0.00643184 0.00643187
12.97 -1.99572e-20 3.13809e-19 0.01297 0.01297 5.85336e-19 0.00643432 0.01297 0.00643432 0.00643435
12.975 -1.99572e-20 3.13809e-19 0.012975 0.012975 5.85336e-19 0.00643679 0.012975 0.00643679 0.00643683
12.98 -1.99572e-20 3.13809e-19 0.01298 0.01298 5.85336e-19 0.00643927 0.01298 0.00643927 0.0064393
12.985 -1.99572e-20 3.13809e-19 0.012985 0.012985 5.85336e-19 0.00644175 0.012985 0.00644175 0.00644178
12.99 -1.99572e-20 3.13809e-19 0.01299 0.01299 5.85336e-19 0.00644422 0.01299 0.00644422 0.00644426
12.995 -1.99572e-20 3.13809e-19 0.012995 0.012995 5.85336e-19 0.0064467 0.012995 0.0064467 0.00644673
13 -1.99572e-20 3.13809e-19 0.013 0.013 5.85336e-19 0.00644917 0.013 0.00644917 0.00644921
13.005 -1.99572e-20 3.13809e-19 0.013005 0.013005 5.85336e-19 0.00645165 0.013005 0.00645165 0.00645169
13.01 -1.99572e-20 3.13809e-19 0.01301 0.01301 5.85336e-19 0.00645413 0.01301 0.00645413 0.00645416
13.015 -1.99572e-20 3.13809e-19 0.013015 0.013015 5.85336e-19 0.0064566 0.013015 0.0064566 0.00645664
13.02 -1.99572e-20 3.13809e-19 0.01302 0.01302 5.85336e-19 0.00645908 0.01302 0.00645908 0.00645911
13.025 -1.99572e-20 3.13809e-19 0.013025 0.013025 5.85336e-19 0.00646156 0.013025 0.00646156 0.00646159
13.03 -1.99572e-20 3.13809e-19 0.01303 0.01303 5.85336e-19 0.00646403 0.01303 0.00646403 0.00646407
13.035 -1.99572e-20 3.13809e-19 0.013035 0.013035 5.85336e-19 0.00646651 0.013035 0.00646651 0.00646654
13.04 -1.99572e-20 3.13809e-19 0.01304 0.01304 5.85336e-19 0.00646899 0.01304 0.00646899 0.00646902
13.045 -1.99572e-20 3.13809e-19 0.013045 0.013045 5.85336e-19 0.00647146 0.013045 0.00647146 0.0064715
13.05 -1.99572e-20 3.13809e-19 0.01305 0.01305 5.85336e-19 0.00647394 0.01305 0.00647394 0.00647397
13.055 -1.99572e-20 3.13809e-19 0.013055 0.013055 5.85336e-19 0.00647642 0.013055 0.00647642 0.00647645
13.06 -1.99572e-20 3.13809e-19 0.01306 0.01306 5.85336e-19 0.00647889 0.01306 0.00647889 0.00647893
13.065 -1.99572e-20 3.13809e-19 0.013065 0.013065 5.85336e-19 0.00648137 0.013065 0.00648137 0.0064814
13.07 -1.99572e-20 3.13809e-19 0.01307 0.01307 5.85336e-19 0.00648385 0.01307 0.00648385 0.00648388
13.075 -1.99572e-20 3.13809e-19 0.013075 0.013075 5.85336e-19 0.00648632 0.013075 0.00648632 0.00648636
13.08 -1.99572e-20 3.13809e-19 0.01308 0.01308 5.85336e-19 0.0064888 0.01308 0.0064888 0.00648883
13.085 -1.99572e-20 3.13809e-19 0.013085 0.013085 5.85336e-19 0.00649128 0.013085 0.00649128 0.00649131
13.09 -1.99572e-20 3.13809e-19 0.01309 0.01309 5.85336e-19 0.00649375 0.01309 0.00649375 0.00649379
13.095 -1.99572e-20 3.13809e-19 0.013095 0.013095 5.85336e-19 0.00649623 0.013095 0.00649623 0.00649626
13.1 -1.99572e-20 3.13809e-19 0.0131 0.0131 5.85336e-19 0.0064987 0.0131 0.0064987 0.00649874
13.105 -1.99572e-20 3.13809e-19 0.013105 0.013105 5.85336e-19 0.00650118 0.013105 0.00650118 0.00650121
13.11 -1.99572e-20 3.13809e-19 0.01311 0.01311 5.85336e-19 0.00650366 0.01311 0.00650366 0.00650369
13.115 -1.99572e-20 3.13809e-19 0.013115 0.013115 5.85336e-19 0.00650613 0.013115 0.00650613 0.00650617
13.12 -1.99572e-20 3.13809e-19 0.01312 0.01312 5.85336e-19 0.00650861 0.01312 0.00650861 0.00650864
13.125 -1.99572e-20 3.13809e-19 0.013125 0.013125 5.85336e-19 0.00651109 0.013125 0.00651109 0.00651112
13.13 -1.99572e-20 3.13809e-19 0.01313 0.01313 5.85336e-19 0.00651356 0.01313 0.00651356 0.0065136
13.135 -1.99572e-20 3.13809e-19 0.013135 0.013135 5.85336e-19 0.00651604 0.013135 0.00651604 0.00651607
13.14 -1.99572e-20 3.13809e-19 0.01314 0.01314 5.85336e-19 0.00651852 0.01314 0.00651852 0.00651855
13.145 -1.99572e-20 3.13809e-19 0.013145 0.013145 5.85336e-19 0.00652099 0.013145 0.00652099 0.00652103
13.15 -1.99572e-20 3.13809e-19 0.01315 0.01315 5.85336e-19 0.00652347 0.01315 0.00652347 0.0065235
13.155 -1.99572e-20 3.13809e-19 0.013155 0.013155 5.85336e-19 0.00652595 0.013155 0.00652595 0.00652598
13.16 -1.99572e-20 3.13809e-19 0.01316 0.01316 5.85336e-19 0.00652842 0.01316 0.00652842 0.00652846
13.165 -1.99572e-20 3.13809e-19 0.013165 0.013165 5.85336e-19 0.0065309 0.013165 0.0065309 0.00653093
13.17 -1.99572e-20 3.13809e-19 0.01317 0.01317 5.85336e-19 0.00653338 0.01317 0.00653338 0.00653341
13.175 -1.99572e-20 3.13809e-19 0.013175 0.013175 5.85336e-19 0.00653585 0.013175 0.00653585 0.00653589
13.18 -1.99572e-20 3.13809e-19 0.01318 0.01318 5.85336e-19 0.00653833 0.01318 0.00653833 0.00653836
13.185 -1.99572e-20 3.13809e-19 0.013185 0.013185 5.85336e-19 0.0065408 0.013185 0.0065408 0.00654084
13.19 -1.99572e-20 3.13809e-19 0.01319 0.01319 5.85336e-19 0.00654328 0.01319 0.00654328 0.00654332
13.195 -1.99572e-20 3.13809e-19 0.013195 0.013195 5.85336e-19 0.00654576 0.013195 0.00654576 0.00654579
13.2 -1.99572e-20 3.13809e-19 0.0132 0.0132 5.85336e-19 0.00654823 0.0132 0.00654823 0.00654827
13.205 -1.99572e-20 3.13809e-19 0.013205 0.013205 5.85336e-19 0.00655071 0.013205 0.00655071 0.00655074
13.21 -1.99572e-20 3.13809e-19 0.01321 0.01321 5.85336e-19 0.00655319 0.01321 0.00655319 0.00655322
13.215 -1.99572e-20 3.13809e-19 0.013215 0.013215 5.85336e-19 0.00655566 0.013215 0.00655566 0.0065557
13.22 -1.99572e-20 3.13809e-19 0.01322 0.01322 5.85336e-19 0.00655814 0.01322 0.00655814 0.00655817
13.225 -1.99572e-20 3.13809e-19 0.013225 0.013225 5.85336e-19 0.00656062 0.013225 0.00656062 0.00656065
13.23 -1.99572e-20 3.13809e-19 0.01323 0.01323 5.85336e-19 0.00656309 0.01323 0.00656309 0.00656313
13.235 -1.99572e-20 3.13809e-19 0.013235 0.013235 5.85336e-19 0.00656557 0.013235 0.00656557 0.0065656
13.24 -1.99572e-20 3.13809e-19 0.01324 0.01324 5.85336e-19 0.00656805 0.01324 0.00656805 0.00656808
13.245 -1.99572e-20 3.13809e-19 0.013245 0.013245 5.85336e-19 0.00657052 0.013245 0.00657052 0.00657056
13.25 -1.99572e-20 3.13809e-19 0.01325 0.01325 5.85336e-19 0.006573 0.01325 0.006573 0.00657303
13.255 -1.99572e-20 3.13809e-19 0.013255 0.013255 5.85336e-19 0.00657548 0.013255 0.00657548 0.00657551
13.26 -1.99572e-20 3.13809e-19 0.01326 0.01326 5.85336e-19 0.00657795 0.01326 0.00657795 0.00657799
13.265 -1.99572e-20 3.13809e-19 0.013265 0.013265 5.85336e-19 0.00658043 0.013265 0.00658043 0.00658046
13.27 -1.99572e-20 3.13809e-19 0.01327 0.01327 5.85336e-19 0.00658291 0.01327 0.00658291 0.00658294
13.275 -1.99572e-20 3.13809e-19 0.013275 0.013275 5.85336e-19 0.00658538 0.013275 0.00658538 0.00658542
13.28 -1.99572e-20 3.13809e-19 0.01328 0.01328 5.85336e-19 0.00658786 0.01328 0.00658786 0.00658789
13.285 -1.99572e-20 3.13809e-19 0.013285 0.013285 5.85336e-19 0.00659033 0.013285 0.00659033 0.00659037
13.29 -1.99572e-20 3.13809e-19 0.01329 0.01329 5.85336e-19 0.00659281 0.01329 0.00659281 0.00659285
13.295 -1.99572e-20 3.13809e-19 0.013295 0.013295 5.85336e-19 0.00659529 0.013295 0.00659529 0.00659532
13.3 -1.99572e-20 3.13809e-19 0.0133 0.0133 5.85336e-19 0.00659776 0.0133 0.00659776 0.0065978
13.305 -1.99572e-20 3.13809e-19 0.013305 0.013305 5.85336e-19 0.00660024 0.013305 0.00660024 0.00660027
13.31 -1.99572e-20 3.13809e-19 0.01331 0.01331 5.85336e-19 0.00660272 0.01331 0.00660272 0.00660275
13.315 -1.99572e-20 3.13809e-19 0.013315 0.013315 5.85336e-19 0.00660519 0.013315 0.00660519 0.00660523
13.32 -1.99572e-20 3.13809e-19 0.01332 0.01332 5.85336e-19 0.00660767 0.01332 0.00660767 0.0066077
13.325 -1.99572e-20 3.13809e-19 0.013325 0.013325 5.85336e-19 0.00661015 0.013325 0.00661015 0.00661018
13.33 -1.99572e-20 3.13809e-19 0.01333 0.01333 5.85336e-19 0.00661262 0.01333 0.00661262 0.00661266
13.335 -1.99572e-20 3.13809e-19 0.013335 0.013335 5.85336e-19 0.0066151 0.013335 0.0066151 0.00661513
13.34 -1.99572e-20 3.13809e-19 0.01334 0.01334 5.85336e-19 0.00661758 0.01334 0.00661758 0.00661761
13.345 -1.99572e-20 3.13809e-19 0.013345 0.013345 5.85336e-19 0.00662005 0.013345 0.00662005 0.00662009
13.35 -1.99572e-20 3.13809e-19 0.01335 0.01335 5.85336e-19 0.00662253 0.01335 0.00662253 0.00662256
13.355 -1.99572e-20 3.13809e-19 0.013355 0.013355 5.85336e-19 0.00662501 0.013355 0.00662501 0.00662504
13.36 -1.99572e-20 3.13809e-19 0.01336 0.01336 5.85336e-19 0.00662748 0.01336 0.00662748 0.00662752
13.365 -1.99572e-20 3.13809e-19 0.013365 0.013365 5.85336e-19 0.00662996 0.013365 0.00662996 0.00662999
13.37 -1.99572e-20 3.13809e-19 0.01337 0.01337 5.85336e-19 0.00663244 0.01337 0.00663244 0.00663247
13.375 -1.99572e-20 3.13809e-19 0.013375 0.013375 5.85336e-19 0.00663491 0.013375 0.00663491 0.00663495
13.38 -1.99572e-20 3.13809e-19 0.01338 0.01338 5.85336e-19 0.00663739 0.01338 0.00663739 0.00663742
13.385 -1.99572e-20 3.13809e-19 0.013385 0.013385 5.85336e-19 0.00663986 0.013385 0.00663986 0.0066399
13.39 -1.99572e-20 3.13809e-19 0.01339 0.01339 5.85336e-19 0.00664234 0.01339 0.00664234 0.00664237
13.395 -1.99572e-20 3.13809e-19 0.013395 0.013395 5.85336e-19 0.00664482 0.013395 0.00664482 0.00664485
13.4 -1.99572e-20 3.13809e-19 0.0134 0.0134 5.85336e-19 0.00664729 0.0134 0.00664729 0.00664733
13.405 -1.99572e-20 3.13809e-19 0.013405 0.013405 5.85336e-19 0.00664977 0.013405 0.00664977 0.0066498
13.41 -1.99572e-20 3.13809e-19 0.01341 0.01341 5.85336e-19 0.00665225 0.01341 0.00665225 0.00665228
13.415 -1.99572e-20 3.13809e-19 0.013415 0.013415 5.85336e-19 0.00665472 0.013415 0.00665472 0.00665476
13.42 -1.99572e-20 3.13809e-19 0.01342 0.01342 5.85336e-19 0.0066572 0.01342 0.0066572 0.00665723
13.425 -1.99572e-20 3.13809e-19 0.013425 0.013425 5.85336e-19 0.00665968 0.013425 0.00665968 0.00665971
13.43 -1.99572e-20 3.13809e-19 0.01343 0.01343 5.85336e-19 0.00666215 0.01343 0.00666215 0.00666219
13.435 -1.99572e-20 3.13809e-19 0.013435 0.013435 5.85336e-19 0.00666463 0.013435 0.00666463 0.00666466
13.44 -1.99572e-20 3.13809e-19 0.01344 0.01344 5.85336e-19 0.00666711 0.01344 0.00666711 0.00666714
13.445 -1.99572e-20 3.13809e-19 0.013445 0.013445 5.85336e-19 0.00666958 0.013445 0.00666958 0.00666962
13.45 -1.99572e-20 3.13809e-19 0.01345 0.01345 5.85336e-19 0.00667206 0.01345 0.00667206 0.00667209
13.455 -1.99572e-20 3.13809e-19 0.013455 0.013455 5.85336e-19 0.00667454 0.013455 0.00667454 0.00667457
13.46 -1.99572e-20 3.13809e-19 0.01346 0.01346 5.85336e-19 0.00667701 0.01346 0.00667701 0.00667705
13.465 -1.99572e-20 3.13809e-19 0.013465 0.013465 5.85336e-19 0.00667949 0.013465 0.00667949 0.00667952
13.47 -1.99572e-20 3.13809e-19 0.01347 0.01347 5.85336e-19 0.00668196 0.01347 0.00668196 0.006682
13.475 -1.99572e-20 3.13809e-19 0.013475 0.013475 5.85336e-19 0.00668444 0.013475 0.00668444 0.00668448
13.48 -1.99572e-20 3.13809e-19 0.01348 0.01348 5.85336e-19 0.00668692 0.01348 0.00668692 0.00668695
13.485 -1.99572e-20 3.13809e-19 0.013485 0.013485 5.85336e-19 0.00668939 0.013485 0.00668939 0.00668943
13.49 -1.99572e-20 3.13809e-19 0.01349 0.01349 5.85336e-19 0.00669187 0.01349 0.00669187 0.0066919
13.495 -1.99572e-20 3.13809e-19 0.013495 0.013495 5.85336e-19 0.00669435 0.013495 0.00669435 0.00669438
13.5 -1.99572e-20 3.13809e-19 0.0135 0.0135 5.85336e-19 0.00669682 0.0135 0.00669682 0.00669686
13.505 -1.99572e-20 3.13809e-19 0.013505 0.013505 5.85336e-19 0.0066993 0.013505 0.0066993 0.00669933
13.51 -1.99572e-20 3.13809e-19 0.01351 0.01351 5.85336e-19 0.00670178 0.01351 0.00670178 0.00670181
13.515 -1.99572e-20 3.13809e-19 0.013515 0.013515 5.85336e-19 0.00670425 0.013515 0.00670425 0.00670429
13.52 -1.99572e-20 3.13809e-19 0.01352 0.01352 5.85336e-19 0.00670673 0.01352 0.00670673 0.00670676
13.525 -1.99572e-20 3.13809e-19 0.013525 0.013525 5.85336e-19 0.00670921 0.013525 0.00670921 0.00670924
13.53 -1.99572e-20 3.13809e-19 0.01353 0.01353 5.85336e-19 0.00671168 0.01353 0.00671168 0.00671172
13.535 -1.99572e-20 3.13809e-19 0.013535 0.013535 5.85336e-19 0.00671416 0.013535 0.00671416 0.00671419
13.54 -1.99572e-20 3.13809e-19 0.01354 0.01354 5.85336e-19 0.00671664 0.01354 0.00671664 0.00671667
13.545 -1.99572e-20 3.13809e-19 0.013545 0.013545 5.85336e-19 0.00671911 0.013545 0.00671911 0.00671915
13.55 -1.99572e-20 3.13809e-19 0.01355 0.01355 5.85336e-19 0.00672159 0.01355 0.00672159 0.00672162
13.555 -1.99572e-20 3.13809e-19 0.013555 0.013555 5.85336e-19 0.00672407 0.013555 0.00672407 0.0067241
13.56 -1.99572e-20 3.13809e-19 0.01356 0.01356 5.85336e-19 0.00672654 0.01356 0.00672654 0.00672658
13.565 -1.99572e-20 3.13809e-19 0.013565 0.013565 5.85336e-19 0.00672902 0.013565 0.00672902 0.00672905
13.57 -1.99572e-20 3.13809e-19 0.01357 0.01357 5.85336e-19 0.00673149 0.01357 0.00673149 0.00673153
13.575 -1.99572e-20 3.13809e-19 0.013575 0.013575 5.85336e-19 0.00673397 0.013575 0.00673397 0.00673401
13.58 -1.99572e-20 3.13809e-19 0.01358 0.01358 5.85336e-19 0.00673645 0.01358 0.00673645 0.00673648
13.585 -1.99572e-20 3.13809e-19 0.013585 0.013585 5.85336e-19 0.00673892 0.013585 0.00673892 0.00673896
13.59 -1.99572e-20 3.13809e-19 0.01359 0.01359 5.85336e-19 0.0067414 0.01359 0.0067414 0.00674143
13.595 -1.99572e-20 3.13809e-19 0.013595 0.013595 5.85336e-19 0.00674388 0.013595 0.00674388 0.00674391
13.6 -1.99572e-20 3.13809e-19 0.0136 0.0136 5.85336e-19 0.00674635 0.0136 0.00674635 0.00674639
13.605 -1.99572e-20 3.13809e-19 0.013605 0.013605 5.85336e-19 0.00674883 0.013605 0.00674883 0.00674886
13.61 -1.99572e-20 3.13809e-19 0.01361 0.01361 5.85336e-19 0.00675131 0.01361 0.00675131 0.00675134
13.615 -1.99572e-20 3.13809e-19 0.013615 0.013615 5.85336e-19 0.00675378 0.013615 0.00675378 0.00675382
13.62 -1.99572e-20 3.13809e-19 0.01362 0.01362 5.85336e-19 0.00675626 0.01362 0.00675626 0.00675629
13.625 -1.99572e-20 3.13809e-19 0.013625 0.013625 5.85336e-19 0.00675874 0.013625 0.00675874 0.00675877
13.63 -1.99572e-20 3.13809e-19 0.01363 0.01363 5.85336e-19 0.00676121 0.01363 0.00676121 0.00676125
13.635 -1.99572e-20 3.13809e-19 0.013635 0.013635 5.85336e-19 0.00676369 0.013635 0.00676369 0.00676372
13.64 -1.99572e-20 3.13809e-19 0.01364 0.01364 5.85336e-19 0.00676617 0.01364 0.00676617 0.0067662
13.645 -1.99572e-20 3.13809e-19 0.013645 0.013645 5.85336e-19 0.00676864 0.013645 0.00676864 0.00676868
13.65 -1.99572e-20 3.13809e-19 0.01365 0.01365 5.85336e-19 0.00677112 0.01365 0.00677112 0.00677115
13.655 -1.99572e-20 3.13809e-19 0.013655 0.013655 5.85336e-19 0.0067736 0.013655 0.0067736 0.00677363
13.66 -1.99572e-20 3.13809e-19 0.01366 0.01366 5.85336e-19 0.00677607 0.01366 0.00677607 0.00677611
13.665 -1.99572e-20 3.13809e-19 0.013665 0.013665 5.85336e-19 0.00677855 0.013665 0.00677855 0.00677858
13.67 -1.99572e-20 3.13809e-19 0.01367 0.01367 5.85336e-19 0.00678102 0.01367 0.00678102 0.00678106
13.675 -1.99572e-20 3.13809e-19 0.013675 0.013675 5.85336e-19 0.0067835 0.013675 0.0067835 0.00678354
13.68 -1.99572e-20 3.13809e-19 0.01368 0.01368 5.85336e-19 0.00678598 0.01368 0.00678598 0.00678601
13.685 -1.99572e-20 3.13809e-19 0.013685 0.013685 5.85336e-19 0.00678845 0.013685 0.00678845 0.00678849
13.69 -1.99572e-20 3.13809e-19 0.01369 0.01369 5.85336e-19 0.00679093 0.01369 0.00679093 0.00679096
13.695 -1.99572e-20 3.13809e-19 0.013695 0.013695 5.85336e-19 0.00679341 0.013695 0.00679341 0.00679344
13.7 -1.99572e-20 3.13809e-19 0.0137 0.0137 5.85336e-19 0.00679588 0.0137 0.00679588 0.00679592
13.705 -1.99572e-20 3.13809e-19 0.013705 0.013705 5.85336e-19 0.00679836 0.013705 0.00679836 0.00679839
13.71 -1.99572e-20 3.13809e-19 0.01371 0.01371 5.85336e-19 0.00680084 0.01371 0.00680084 0.00680087
13.715 -1.99572e-20 3.13809e-19 0.013715 0.013715 5.85336e-19 0.00680331 0.013715 0.00680331 0.00680335
13.72 -1.99572e-20 3.13809e-19 0.01372 0.01372 5.85336e-19 0.00680579 0.01372 0.00680579 0.00680582
13.725 -1.99572e-20 3.13809e-19 0.013725 0.013725 5.85336e-19 0.00680827 0.013725 0.00680827 0.0068083
13.73 -1.99572e-20 3.13809e-19 0.01373 0.01373 5.85336e-19 0.00681074 0.01373 0.00681074 0.00681078
13.735 -1.99572e-20 3.13809e-19 0.013735 0.013735 5.85336e-19 0.00681322 0.013735 0.00681322 0.00681325
13.74 -1.99572e-20 3.13809e-19 0.01374 0.01374 5.85336e-19 0.0068157 0.01374 0.0068157 0.00681573
13.745 -1.99572e-20 3.13809e-19 0.013745 0.013745 5.85336e-19 0.00681817 0.013745 0.00681817 0.00681821
13.75 -1.99572e-20 3.13809e-19 0.01375 0.01375 5.85336e-19 0.00682065 0.01375 0.00682065 0.00682068
13.755 -1.99572e-20 3.13809e-19 0.013755 0.013755 5.85336e-19 0.00682313 0.013755 0.00682313 0.00682316
13.76 -1.99572e-20 3.13809e-19 0.01376 0.01376 5.85336e-19 0.0068256 0.01376 0.0068256 0.00682564
13.765 -1.99572e-20 3.13809e-19 0.013765 0.013765 5.85336e-19 0.00682808 0.013765 0.00682808 0.00682811
13.77 -1.99572e-20 3.13809e-19 0.01377 0.01377 5.85336e-19 0.00683055 0.01377 0.00683055 0.00683059
13.775 -1.99572e-20 3.13809e-19 0.013775 0.013775 5.85336e-19 0.00683303 0.013775 0.00683303 0.00683306
13.78 -1.99572e-20 3.13809e-19 0.01378 0.01378 5.85336e-19 0.00683551 0.01378 0.00683551 0.00683554
13.785 -1.99572e-20 3.13809e-19 0.013785 0.013785 5.85336e-19 0.00683798 0.013785 0.00683798 0.00683802
13.79 -1.99572e-20 3.13809e-19 0.01379 0.01379 5.85336e-19 0.00684046 0.01379 0.00684046 0.00684049
13.795 -1.99572e-20 3.13809e-19 0.013795 0.013795 5.85336e-19 0.00684294 0.013795 0.00684294 0.00684297
13.8 -1.99572e-20 3.13809e-19 0.0138 0.0138 5.85336e-19 0.00684541 0.0138 0.00684541 0.00684545
13.805 -1.99572e-20 3.13809e-19 0.013805 0.013805 5.85336e-19 0.00684789 0.013805 0.00684789 0.00684792
13.81 -1.99572e-20 3.13809e-19 0.01381 0.01381 5.85336e-19 0.00685037 0.01381 0.00685037 0.0068504
13.815 -1.99572e-20 3.13809e-19 0.013815 0.013815 5.85336e-19 0.00685284 0.013815 0.00685284 0.00685288
13.82 -1.99572e-20 3.13809e-19 0.01382 0.01382 5.85336e-19 0.00685532 0.01382 0.00685532 0.00685535
13.825 -1.99572e-20 3.13809e-19 0.013825 0.013825 5.85336e-19 0.0068578 0.013825 0.0068578 0.00685783
13.83 -1.99572e-20 3.13809e-19 0.01383 0.01383 5.85336e-19 0.00686027 0.01383 0.00686027 0.00686031
13.835 -1.99572e-20 3.13809e-19 0.013835 0.013835 5.85336e-19 0.00686275 0.013835 0.00686275 0.00686278
13.84 -1.99572e-20 3.13809e-19 0.01384 0.01384 5.85336e-19 0.00686523 0.01384 0.00686523 0.00686526
13.845 -1.99572e-20 3.13809e-19 0.013845 0.013845 5.85336e-19 0.0068677 0.013845 0.0068677 0.00686774
13.85 -1.99572e-20 3.13809e-19 0.01385 0.01385 5.85336e-19 0.00687018 0.01385 0.00687018 0.00687021
13.855 -1.99572e-20 3.13809e-19 0.013855 0.013855 5.85336e-19 0.00687265 0.013855 0.00687265 0.00687269
13.86 -1.99572e-20 3.13809e-19 0.01386 0.01386 5.85336e-19 0.00687513 0.01386 0.00687513 0.00687517
13.865 -1.99572e-20 3.13809e-19 0.013865 0.013865 5.85336e-19 0.00687761 0.013865 0.00687761 0.00687764
13.87 -1.99572e-20 3.13809e-19 0.01387 0.01387 5.85336e-19 0.00688008 0.01387 0.00688008 0.00688012
13.875 -1.99572e-20 3.13809e-19 0.013875 0.013875 5.85336e-19 0.00688256 0.013875 0.00688256 0.00688259
13.88 -1.99572e-20 3.13809e-19 0.01388 0.01388 5.85336e-19 0.00688504 0.01388 0.00688504 0.00688507
13.885 -1.99572e-20 3.13809e-19 0.013885 0.013885 5.85336e-19 0.00688751 0.013885 0.00688751 0.00688755
13.89 -1.99572e-20 3.13809e-19 0.01389 0.01389 5.85336e-19 0.00688999 0.01389 0.00688999 0.00689002
13.895 -1.99572e-20 3.13809e-19 0.013895 0.013895 5.85336e-19 0.00689247 0.013895 0.00689247 0.0068925
13.9 -1.99572e-20 3.13809e-19 0.0139 0.0139 5.85336e-19 0.00689494 0.0139 0.00689494 0.00689498
13.905 -1.99572e-20 3.13809e-19 0.013905 0.013905 5.85336e-19 0.00689742 0.013905 0.00689742 0.00689745
13.91 -1.99572e-20 3.13809e-19 0.01391 0.01391 5.85336e-19 0.0068999 0.01391 0.0068999 0.00689993
13.915 -1.99572e-20 3.13809e-19 0.013915 0.013915 5.85336e-19 0.00690237 0.013915 0.00690237 0.00690241
13.92 -1.99572e-20 3.13809e-19 0.01392 0.01392 5.85336e-19 0.00690485 0.01392 0.00690485 0.00690488
13.925 -1.99572e-20 3.13809e-19 0.013925 0.013925 5.85336e-19 0.00690733 0.013925 0.00690733 0.00690736
13.93 -1.99572e-20 3.13809e-19 0.01393 0.01393 5.85336e-19 0.0069098 0.01393 0.0069098 0.00690984
13.935 -1.99572e-20 3.13809e-19 0.013935 0.013935 5.85336e-19 0.00691228 0.013935 0.00691228 0.00691231
13.94 -1.99572e-20 3.13809e-19 0.01394 0.01394 5.85336e-19 0.00691476 0.01394 0.00691476 0.00691479
13.945 -1.99572e-20 3.13809e-19 0.013945 0.013945 5.85336e-19 0.00691723 0.013945 0.00691723 0.00691727
13.95 -1.99572e-20 3.13809e-19 0.01395 0.01395 5.85336e-19 0.00691971 0.01395 0.00691971 0.00691974
13.955 -1.99572e-20 3.13809e-19 0.013955 0.013955 5.85336e-19 0.00692218 0.013955 0.00692218 0.00692222
13.96 -1.99572e-20 3.13809e-19 0.01396 0.01396 5.85336e-19 0.00692466 0.01396 0.00692466 0.0069247
13.965 -1.99572e-20 3.13809e-19 0.013965 0.013965 5.85336e-19 0.00692714 0.013965 0.00692714 0.00692717
13.97 -1.99572e-20 3.13809e-19 0.01397 0.01397 5.85336e-19 0.00692961 0.01397 0.00692961 0.00692965
13.975 -1.99572e-20 3.13809e-19 0.013975 0.013975 5.85336e-19 0.00693209 0.013975 0.00693209 0.00693212
13.98 -1.99572e-20 3.13809e-19 0.01398 0.01398 5.85336e-19 0.00693457 0.01398 0.00693457 0.0069346
13.985 -1.99572e-20 3.13809e-19 0.013985 0.013985 5.85336e-19 0.00693704 0.013985 0.00693704 0.00693708
13.99 -1.99572e-20 3.13809e-19 0.01399 0.01399 5.85336e-19 0.00693952 0.01399 0.00693952 0.00693955
13.995 -1.99572e-20 3.13809e-19 0.013995 0.013995 5.85336e-19 0.006942 0.013995 0.006942 0.00694203
14 -1.99572e-20 3.13809e-19 0.014 0.014 5.85336e-19 0.00694447 0.014 0.00694447 0.00694451
14.005 -1.99572e-20 3.13809e-19 0.014005 0.014005 5.85336e-19 0.00694695 0.014005 0.00694695 0.00694698
14.01 -1.99572e-20 3.13809e-19 0.01401 0.01401 5.85336e-19 0.00694943 0.01401 0.00694943 0.00694946
14.015 -1.99572e-20 3.13809e-19 0.014015 0.014015 5.85336e-19 0.0069519 0.014015 0.0069519 0.00695194
14.02 -1.99572e-20 3.13809e-19 0.01402 0.01402 5.85336e-19 0.00695438 0.01402 0.00695438 0.00695441
14.025 -1.99572e-20 3.13809e-19 0.014025 0.014025 5.85336e-19 0.00695686 0.014025 0.00695686 0.00695689
14.03 -1.99572e-20 3.13809e-19 0.01403 0.01403 5.85336e-19 0.00695933 0.01403 0.00695933 0.00695937
14.035 -1.99572e-20 3.13809e-19 0.014035 0.014035 5.85336e-19 0.00696181 0.014035 0.00696181 0.00696184
14.04 -1.99572e-20 3.13809e-19 0.01404 0.01404 5.85336e-19 0.00696429 0.01404 0.00696429 0.00696432
14.045 -1.99572e-20 3.13809e-19 0.014045 0.014045 5.85336e-19 0.00696676 0.014045 0.00696676 0.0069668
14.05 -1.99572e-20 3.13809e-19 0.01405 0.01405 5.85336e-19 0.00696924 0.01405 0.00696924 0.00696927
14.055 -1.99572e-20 3.13809e-19 0.014055 0.014055 5.85336e-19 0.00697171 0.014055 0.00697171 0.00697175
14.06 -1.99572e-20 3.13809e-19 0.01406 0.01406 5.85336e-19 0.00697419 0.01406 0.00697419 0.00697422
14.065 -1.99572e-20 3.13809e-19 0.014065 0.014065 5.85336e-19 0.00697667 0.014065 0.00697667 0.0069767
14.07 -1.99572e-20 3.13809e-19 0.01407 0.01407 5.85336e-19 0.00697914 0.01407 0.00697914 0.00697918
14.075 -1.99572e-20 3.13809e-19 0.014075 0.014075 5.85336e-19 0.00698162 0.014075 0.00698162 0.00698165
14.08 -1.99572e-20 3.13809e-19 0.01408 0.01408 5.85336e-19 0.0069841 0.01408 0.0069841 0.00698413
14.085 -1.99572e-20 3.13809e-19 0.014085 0.014085 5.85336e-19 0.00698657 0.014085 0.00698657 0.00698661
14.09 -1.99572e-20 3.13809e-19 0.01409 0.01409 5.85336e-19 0.00698905 0.01409 0.00698905 0.00698908
14.095 -1.99572e-20 3.13809e-19 0.014095 0.014095 5.85336e-19 0.00699153 0.014095 0.00699153 0.00699156
14.1 -1.99572e-20 3.13809e-19 0.0141 0.0141 5.85336e-19 0.006994 0.0141 0.006994 0.00699404
14.105 -1.99572e-20 3.13809e-19 0.014105 0.014105 5.85336e-19 0.00699648 0.014105 0.00699648 0.00699651
14.11 -1.99572e-20 3.13809e-19 0.01411 0.01411 5.85336e-19 0.00699896 0.01411 0.00699896 0.00699899
14.115 -1.99572e-20 3.13809e-19 0.014115 0.014115 5.85336e-19 0.00700143 0.014115 0.00700143 0.00700147
14.12 -1.99572e-20 3.13809e-19 0.01412 0.01412 5.85336e-19 0.00700391 0.01412 0.00700391 0.00700394
14.125 -1.99572e-20 3.13809e-19 0.014125 0.014125 5.85336e-19 0.00700639 0.014125 0.00700639 0.00700642
14.13 -1.99572e-20 3.13809e-19 0.01413 0.01413 5.85336e-19 0.00700886 0.01413 0.00700886 0.0070089
14.135 -1.99572e-20 3.13809e-19 0.014135 0.014135 5.85336e-19 0.00701134 0.014135 0.00701134 0.00701137
14.14 -1.99572e-20 3.13809e-19 0.01414 0.01414 5.85336e-19 0.00701381 0.01414 0.00701381 0.00701385
14.145 -1.99572e-20 3.13809e-19 0.014145 0.014145 5.85336e-19 0.00701629 0.014145 0.00701629 0.00701633
14.15 -1.99572e-20 3.13809e-19 0.01415 0.01415 5.85336e-19 0.00701877 0.01415 0.00701877 0.0070188
14.155 -1.99572e-20 3.13809e-19 0.014155 0.014155 5.85336e-19 0.00702124 0.014155 0.00702124 0.00702128
14.16 -1.99572e-20 3.13809e-19 0.01416 0.01416 5.85336e-19 0.00702372 0.01416 0.00702372 0.00702375
14.165 -1.99572e-20 3.13809e-19 0.014165 0.014165 5.85336e-19 0.0070262 0.014165 0.0070262 0.00702623
14.17 -1.99572e-20 3.13809e-19 0.01417 0.01417 5.85336e-19 0.00702867 0.01417 0.00702867 0.00702871
14.175 -1.99572e-20 3.13809e-19 0.014175 0.014175 5.85336e-19 0.00703115 0.014175 0.00703115 0.00703118
14.18 -1.99572e-20 3.13809e-19 0.01418 0.01418 5.85336e-19 0.00703363 0.01418 0.00703363 0.00703366
14.185 -1.99572e-20 3.13809e-19 0.014185 0.014185 5.85336e-19 0.0070361 0.014185 0.0070361 0.00703614
14.19 -1.99572e-20 3.13809e-19 0.01419 0.01419 5.85336e-19 0.00703858 0.01419 0.00703858 0.00703861
14.195 -1.99572e-20 3.13809e-19 0.014195 0.014195 5.85336e-19 0.00704106 0.014195 0.00704106 0.00704109
14.2 -1.99572e-20 3.13809e-19 0.0142 0.0142 5.85336e-19 0.00704353 0.0142 0.00704353 0.00704357
14.205 -1.99572e-20 3.13809e-19 0.014205 0.014205 5.85336e-19 0.00704601 0.014205 0.00704601 0.00704604
14.21 -1.99572e-20 3.13809e-19 0.01421 0.01421 5.85336e-19 0.00704849 0.01421 0.00704849 0.00704852
14.215 -1.99572e-20 3.13809e-19 0.014215 0.014215 5.85336e-19 0.00705096 0.014215 0.00705096 0.007051
14.22 -1.99572e-20 3.13809e-19 0.01422 0.01422 5.85336e-19 0.00705344 0.01422 0.00705344 0.00705347
14.225 -1.99572e-20 3.13809e-19 0.014225 0.014225 5.85336e-19 0.00705592 0.014225 0.00705592 0.00705595
14.23 -1.99572e-20 3.13809e-19 0.01423 0.01423 5.85336e-19 0.00705839 0.01423 0.00705839 0.00705843
14.235 -1.99572e-20 3.13809e-19 0.014235 0.014235 5.85336e-19 0.00706087 0.014235 0.00706087 0.0070609
14.24 -1.99572e-20 3.13809e-19 0.01424 0.01424 5.85336e-19 0.00706334 0.01424 0.00706334 0.00706338
14.245 -1.99572e-20 3.13809e-19 0.014245 0.014245 5.85336e-19 0.00706582 0.014245 0.00706582 0.00706586
14.25 -1.99572e-20 3.13809e-19 0.01425 0.01425 5.85336e-19 0.0070683 0.01425 0.0070683 0.00706833
14.255 -1.99572e-20 3.13809e-19 0.014255 0.014255 5.85336e-19 0.00707077 0.014255 0.00707077 0.00707081
14.26 -1.99572e-20 3.13809e-19 0.01426 0.01426 5.85336e-19 0.00707325 0.01426 0.00707325 0.00707328
14.265 -1.99572e-20 3.13809e-19 0.014265 0.014265 5.85336e-19 0.00707573 0.014265 0.00707573 0.00707576
14.27 -1.99572e-20 3.13809e-19 0.01427 0.01427 5.85336e-19 0.0070782 0.01427 0.0070782 0.00707824
14.275 -1.99572e-20 3.13809e-19 0.014275 0.014275 5.85336e-19 0.00708068 0.014275 0.00708068 0.00708071
14.28 -1.99572e-20 3.13809e-19 0.01428 0.01428 5.85336e-19 0.00708316 0.01428 0.00708316 0.00708319
14.285 -1.99572e-20 3.13809e-19 0.014285 0.014285 5.85336e-19 0.00708563 0.014285 0.00708563 0.00708567
14.29 -1.99572e-20 3.13809e-19 0.01429 0.01429 5.85336e-19 0.00708811 0.01429 0.00708811 0.00708814
14.295 -1.99572e-20 3.13809e-19 0.014295 0.014295 5.85336e-19 0.00709059 0.014295 0.00709059 0.00709062
14.3 -1.99572e-20 3.13809e-19 0.0143 0.0143 5.85336e-19 0.00709306 0.0143 0.00709306 0.0070931
14.305 -1.99572e-20 3.13809e-19 0.014305 0.014305 5.85336e-19 0.00709554 0.014305 0.00709554 0.00709557
14.31 -1.99572e-20 3.13809e-19 0.01431 0.01431 5.85336e-19 0.00709802 0.01431 0.00709802 0.00709805
14.315 -1.99572e-20 3.13809e-19 0.014315 0.014315 5.85336e-19 0.00710049 0.014315 0.00710049 0.00710053
14.32 -1.99572e-20 3.13809e-19 0.01432 0.01432 5.85336e-19 0.00710297 0.01432 0.00710297 0.007103
14.325 -1.99572e-20 3.13809e-19 0.014325 0.014325 5.85336e-19 0.00710545 0.014325 0.00710545 0.00710548
14.33 -1.99572e-20 3.13809e-19 0.01433 0.01433 5.85336e-19 0.00710792 0.01433 0.00710792 0.00710796
14.335 -1.99572e-20 3.13809e-19 0.014335 0.014335 5.85336e-19 0.0071104 0.014335 0.0071104 0.00711043
14.34 -1.99572e-20 3.13809e-19 0.01434 0.01434 5.85336e-19 0.00711287 0.01434 0.00711287 0.00711291
14.345 -1.99572e-20 3.13809e-19 0.014345 0.014345 5.85336e-19 0.00711535 0.014345 0.00711535 0.00711538
14.35 -1.99572e-20 3.13809e-19 0.01435 0.01435 5.85336e-19 0.00711783 0.01435 0.00711783 0.00711786
14.355 -1.99572e-20 3.13809e-19 0.014355 0.014355 5.85336e-19 0.0071203 0.014355 0.0071203 0.00712034
14.36 -1.99572e-20 3.13809e-19 0.01436 0.01436 5.85336e-19 0.00712278 0.01436 0.00712278 0.00712281
14.365 -1.99572e-20 3.13809e-19 0.014365 0.014365 5.85336e-19 0.00712526 0.014365 0.00712526 0.00712529
14.37 -1.99572e-20 3.13809e-19 0.01437 0.01437 5.85336e-19 0.00712773 0.01437 0.00712773 0.00712777
14.375 -1.99572e-20 3.13809e-19 0.014375 0.014375 5.85336e-19 0.00713021 0.014375 0.00713021 0.00713024
14.38 -1.99572e-20 3.13809e-19 0.01438 0.01438 5.85336e-19 0.00713269 0.01438 0.00713269 0.00713272
14.385 -1.99572e-20 3.13809e-19 0.014385 0.014385 5.85336e-19 0.00713516 0.014385 0.00713516 0.0071352
14.39 -1.99572e-20 3.13809e-19 0.01439 0.01439 5.85336e-19 0.00713764 0.01439 0.00713764 0.00713767
14.395 -1.99572e-20 3.13809e-19 0.014395 0.014395 5.85336e-19 0.00714012 0.014395 0.00714012 0.00714015
14.4 -1.99572e-20 3.13809e-19 0.0144 0.0144 5.85336e-19 0.00714259 0.0144 0.00714259 0.00714263
14.405 -1.99572e-20 3.13809e-19 0.014405 0.014405 5.85336e-19 0.00714507 0.014405 0.00714507 0.0071451
14.41 -1.99572e-20 3.13809e-19 0.01441 0.01441 5.85336e-19 0.00714755 0.01441 0.00714755 0.00714758
14.415 -1.99572e-20 3.13809e-19 0.014415 0.014415 5.85336e-19 0.00715002 0.014415 0.00715002 0.00715006
14.42 -1.99572e-20 3.13809e-19 0.01442 0.01442 5.85336e-19 0.0071525 0.01442 0.0071525 0.00715253
14.425 -1.99572e-20 3.13809e-19 0.014425 0.014425 5.85336e-19 0.00715497 0.014425 0.00715497 0.00715501
14.43 -1.99572e-20 3.13809e-19 0.01443 0.01443 5.85336e-19 0.00715745 0.01443 0.00715745 0.00715749
14.435 -1.99572e-20 3.13809e-19 0.014435 0.014435 5.85336e-19 0.00715993 0.014435 0.00715993 0.00715996
14.44 -1.99572e-20 3.13809e-19 0.01444 0.01444 5.85336e-19 0.0071624 0.01444 0.0071624 0.00716244
14.445 -1.99572e-20 3.13809e-19 0.014445 0.014445 5.85336e-19 0.00716488 0.014445 0.00716488 0.00716491
14.45 -1.99572e-20 3.13809e-19 0.01445 0.01445 5.85336e-19 0.00716736 0.01445 0.00716736 0.00716739
14.455 -1.99572e-20 3.13809e-19 0.014455 0.014455 5.85336e-19 0.00716983 0.014455 0.00716983 0.00716987
14.46 -1.99572e-20 3.13809e-19 0.01446 0.01446 5.85336e-19 0.00717231 0.01446 0.00717231 0.00717234
14.465 -1.99572e-20 3.13809e-19 0.014465 0.014465 5.85336e-19 0.00717479 0.014465 0.00717479 0.00717482
14.47 -1.99572e-20 3.13809e-19 0.01447 0.01447 5.85336e-19 0.00717726 0.01447 0.00717726 0.0071773
14.475 -1.99572e-20 3.13809e-19 0.014475 0.014475 5.85336e-19 0.00717974 0.014475 0.00717974 0.00717977
14.48 -1.99572e-20 3.13809e-19 0.01448 0.01448 5.85336e-19 0.00718222 0.01448 0.00718222 0.00718225
14.485 -1.99572e-20 3.13809e-19 0.014485 0.014485 5.85336e-19 0.00718469 0.014485 0.00718469 0.00718473
14.49 -1.99572e-20 3.13809e-19 0.01449 0.01449 5.85336e-19 0.00718717 0.01449 0.00718717 0.0071872
14.495 -1.99572e-20 3.13809e-19 0.014495 0.014495 5.85336e-19 0.00718965 0.014495 0.00718965 0.00718968
14.5 -1.99572e-20 3.13809e-19 0.0145 0.0145 5.85336e-19 0.00719212 0.0145 0.00719212 0.00719216
14.505 -1.99572e-20 3.13809e-19 0.014505 0.014505 5.85336e-19 0.0071946 0.014505 0.0071946 0.00719463
14.51 -1.99572e-20 3.13809e-19 0.01451 0.01451 5.85336e-19 0.00719708 0.01451 0.00719708 0.00719711
14.515 -1.99572e-20 3.13809e-19 0.014515 0.014515 5.85336e-19 0.00719955 0.014515 0.00719955 0.00719959
14.52 -1.99572e-20 3.13809e-19 0.01452 0.01452 5.85336e-19 0.00720203 0.01452 0.00720203 0.00720206
14.525 -1.99572e-20 3.13809e-19 0.014525 0.014525 5.85336e-19 0.0072045 0.014525 0.0072045 0.00720454
14.53 -1.99572e-20 3.13809e-19 0.01453 0.01453 5.85336e-19 0.00720698 0.01453 0.00720698 0.00720702
14.535 -1.99572e-20 3.13809e-19 0.014535 0.014535 5.85336e-19 0.00720946 0.014535 0.00720946 0.00720949
14.54 -1.99572e-20 3.13809e-19 0.01454 0.01454 5.85336e-19 0.00721193 0.01454 0.00721193 0.00721197
14.545 -1.99572e-20 3.13809e-19 0.014545 0.014545 5.85336e-19 0.00721441 0.014545 0.00721441 0.00721444
14.55 -1.99572e-20 3.13809e-19 0.01455 0.01455 5.85336e-19 0.00721689 0.01455 0.00721689 0.00721692
14.555 -1.99572e-20 3.13809e-19 0.014555 0.014555 5.85336e-19 0.00721936 0.014555 0.00721936 0.0072194
14.56 -1.99572e-20 3.13809e-19 0.01456 0.01456 5.85336e-19 0.00722184 0.01456 0.00722184 0.00722187
14.565 -1.99572e-20 3.13809e-19 0.014565 0.014565 5.85336e-19 0.00722432 0.014565 0.00722432 0.00722435
14.57 -1.99572e-20 3.13809e-19 0.01457 0.01457 5.85336e-19 0.00722679 0.01457 0.00722679 0.00722683
14.575 -1.99572e-20 3.13809e-19 0.014575 0.014575 5.85336e-19 0.00722927 0.014575 0.00722927 0.0072293
14.58 -1.99572e-20 3.13809e-19 0.01458 0.01458 5.85336e-19 0.00723175 0.01458 0.00723175 0.00723178
14.585 -1.99572e-20 3.13809e-19 0.014585 0.014585 5.85336e-19 0.00723422 0.014585 0.00723422 0.00723426
14.59 -1.99572e-20 3.13809e-19 0.01459 0.01459 5.85336e-19 0.0072367 0.01459 0.0072367 0.00723673
14.595 -1.99572e-20 3.13809e-19 0.014595 0.014595 5.85336e-19 0.00723918 0.014595 0.00723918 0.00723921
14.6 -1.99572e-20 3.13809e-19 0.0146 0.0146 5.85336e-19 0.00724165 0.0146 0.00724165 0.00724169
14.605 -1.99572e-20 3.13809e-19 0.014605 0.014605 5.85336e-19 0.00724413 0.014605 0.00724413 0.00724416
14.61 -1.99572e-20 3.13809e-19 0.01461 0.01461 5.85336e-19 0.00724661 0.01461 0.00724661 0.00724664
14.615 -1.99572e-20 3.13809e-19 0.014615 0.014615 5.85336e-19 0.00724908 0.014615 0.00724908 0.00724912
14.62 -1.99572e-20 3.13809e-19 0.01462 0.01462 5.85336e-19 0.00725156 0.01462 0.00725156 0.00725159
14.625 -1.99572e-20 3.13809e-19 0.014625 0.014625 5.85336e-19 0.00725403 0.014625 0.00725403 0.00725407
14.63 -1.99572e-20 3.13809e-19 0.01463 0.01463 5.85336e-19 0.00725651 0.01463 0.00725651 0.00725654
14.635 -1.99572e-20 3.13809e-19 0.014635 0.014635 5.85336e-19 0.00725899 0.014635 0.00725899 0.00725902
14.64 -1.99572e-20 3.13809e-19 0.01464 0.01464 5.85336e-19 0.00726146 0.01464 0.00726146 0.0072615
14.645 -1.99572e-20 3.13809e-19 0.014645 0.014645 5.85336e-19 0.00726394 0.014645 0.00726394 0.00726397
14.65 -1.99572e-20 3.13809e-19 0.01465 0.01465 5.85336e-19 0.00726642 0.01465 0.00726642 0.00726645
14.655 -1.99572e-20 3.13809e-19 0.014655 0.014655 5.85336e-19 0.00726889 0.014655 0.00726889 0.00726893
14.66 -1.99572e-20 3.13809e-19 0.01466 0.01466 5.85336e-19 0.00727137 0.01466 0.00727137 0.0072714
14.665 -1.99572e-20 3.13809e-19 0.014665 0.014665 5.85336e-19 0.00727385 0.014665 0.00727385 0.00727388
14.67 -1.99572e-20 3.13809e-19 0.01467 0.01467 5.85336e-19 0.00727632 0.01467 0.00727632 0.00727636
14.675 -1.99572e-20 3.13809e-19 0.014675 0.014675 5.85336e-19 0.0072788 0.014675 0.0072788 0.00727883
14.68 -1.99572e-20 3.13809e-19 0.01468 0.01468 5.85336e-19 0.00728128 0.01468 0.00728128 0.00728131
14.685 -1.99572e-20 3.13809e-19 0.014685 0.014685 5.85336e-19 0.00728375 0.014685 0.00728375 0.00728379
14.69 -1.99572e-20 3.13809e-19 0.01469 0.01469 5.85336e-19 0.00728623 0.01469 0.00728623 0.00728626
14.695 -1.99572e-20 3.13809e-19 0.014695 0.014695 5.85336e-19 0.00728871 0.014695 0.00728871 0.00728874
14.7 -1.99572e-20 3.13809e-19 0.0147 0.0147 5.85336e-19 0.00729118 0.0147 0.00729118 0.00729122
14.705 -1.99572e-20 3.13809e-19 0.014705 0.014705 5.85336e-19 0.00729366 0.014705 0.00729366 0.00729369
14.71 -1.99572e-20 3.13809e-19 0.01471 0.01471 5.85336e-19 0.00729613 0.01471 0.00729613 0.00729617
14.715 -1.99572e-20 3.13809e-19 0.014715 0.014715 5.85336e-19 0.00729861 0.014715 0.00729861 0.00729865
14.72 -1.99572e-20 3.13809e-19 0.01472 0.01472 5.85336e-19 0.00730109 0.01472 0.00730109 0.00730112
14.725 -1.99572e-20 3.13809e-19 0.014725 0.014725 5.85336e-19 0.00730356 0.014725 0.00730356 0.0073036
14.73 -1.99572e-20 3.13809e-19 0.01473 0.01473 5.85336e-19 0.00730604 0.01473 0.00730604 0.00730607
14.735 -1.99572e-20 3.13809e-19 0.014735 0.014735 5.85336e-19 0.00730852 0.014735 0.00730852 0.00730855
14.74 -1.99572e-20 3.13809e-19 0.01474 0.01474 5.85336e-19 0.00731099 0.01474 0.00731099 0.00731103
14.745 -1.99572e-20 3.13809e-19 0.014745 0.014745 5.85336e-19 0.00731347 0.014745 0.00731347 0.0073135
14.75 -1.99572e-20 3.13809e-19 0.01475 0.01475 5.85336e-19 0.00731595 0.01475 0.00731595 0.00731598
14.755 -1.99572e-20 3.13809e-19 0.014755 0.014755 5.85336e-19 0.00731842 0.014755 0.00731842 0.00731846
14.76 -1.99572e-20 3.13809e-19 0.01476 0.01476 5.85336e-19 0.0073209 0.01476 0.0073209 0.00732093
14.765 -1.99572e-20 3.13809e-19 0.014765 0.014765 5.85336e-19 0.00732338 0.014765 0.00732338 0.00732341
14.77 -1.99572e-20 3.13809e-19 0.01477 0.01477 5.85336e-19 0.00732585 0.01477 0.00732585 0.00732589
14.775 -1.99572e-20 3.13809e-19 0.014775 0.014775 5.85336e-19 0.00732833 0.014775 0.00732833 0.00732836
14.78 -1.99572e-20 3.13809e-19 0.01478 0.01478 5.85336e-19 0.00733081 0.01478 0.00733081 0.00733084
14.785 -1.99572e-20 3.13809e-19 0.014785 0.014785 5.85336e-19 0.00733328 0.014785 0.00733328 0.00733332
14.79 -1.99572e-20 3.13809e-19 0.01479 0.01479 5.85336e-19 0.00733576 0.01479 0.00733576 0.00733579
14.795 -1.99572e-20 3.13809e-19 0.014795 0.014795 5.85336e-19 0.00733824 0.014795 0.00733824 0.00733827
14.8 -1.99572e-20 3.13809e-19 0.0148 0.0148 5.85336e-19 0.00734071 0.0148 0.00734071 0.00734075
14.805 -1.99572e-20 3.13809e-19 0.014805 0.014805 5.85336e-19 0.00734319 0.014805 0.00734319 0.00734322
14.81 -1.99572e-20 3.13809e-19 0.01481 0.01481 5.85336e-19 0.00734566 0.01481 0.00734566 0.0073457
14.815 -1.99572e-20 3.13809e-19 0.014815 0.014815 5.85336e-19 0.00734814 0.014815 0.00734814 0.00734818
14.82 -1.99572e-20 3.13809e-19 0.01482 0.01482 5.85336e-19 0.00735062 0.01482 0.00735062 0.00735065
14.825 -1.99572e-20 3.13809e-19 0.014825 0.014825 5.85336e-19 0.00735309 0.014825 0.00735309 0.00735313
14.83 -1.99572e-20 3.13809e-19 0.01483 0.01483 5.85336e-19 0.00735557 0.01483 0.00735557 0.0073556
14.835 -1.99572e-20 3.13809e-19 0.014835 0.014835 5.85336e-19 0.00735805 0.014835 0.00735805 0.00735808
14.84 -1.99572e-20 3.13809e-19 0.01484 0.01484 5.85336e-19 0.00736052 0.01484 0.00736052 0.00736056
14.845 -1.99572e-20 3.13809e-19 0.014845 0.014845 5.85336e-19 0.007363 0.014845 0.007363 0.00736303
14.85 -1.99572e-20 3.13809e-19 0.01485 0.01485 5.85336e-19 0.00736548 0.01485 0.00736548 0.00736551
14.855 -1.99572e-20 3.13809e-19 0.014855 0.014855 5.85336e-19 0.00736795 0.014855 0.00736795 0.00736799
14.86 -1.99572e-20 3.13809e-19 0.01486 0.01486 5.85336e-19 0.00737043 0.01486 0.00737043 0.00737046
14.865 -1.99572e-20 3.13809e-19 0.014865 0.014865 5.85336e-19 0.00737291 0.014865 0.00737291 0.00737294
14.87 -1.99572e-20 3.13809e-19 0.01487 0.01487 5.85336e-19 0.00737538 0.01487 0.00737538 0.00737542
14.875 -1.99572e-20 3.13809e-19 0.014875 0.014875 5.85336e-19 0.00737786 0.014875 0.00737786 0.00737789
14.88 -1.99572e-20 3.13809e-19 0.01488 0.01488 5.85336e-19 0.00738034 0.01488 0.00738034 0.00738037
14.885 -1.99572e-20 3.13809e-19 0.014885 0.014885 5.85336e-19 0.00738281 0.014885 0.00738281 0.00738285
14.89 -1.99572e-20 3.13809e-19 0.01489 0.01489 5.85336e-19 0.00738529 0.01489 0.00738529 0.00738532
14.895 -1.99572e-20 3.13809e-19 0.014895 0.014895 5.85336e-19 0.00738777 0.014895 0.00738777 0.0073878
14.9 -1.99572e-20 3.13809e-19 0.0149 0.0149 5.85336e-19 0.00739024 0.0149 0.00739024 0.00739028
14.905 -1.99572e-20 3.13809e-19 0.014905 0.014905 5.85336e-19 0.00739272 0.014905 0.00739272 0.00739275
14.91 -1.99572e-20 3.13809e-19 0.01491 0.01491 5.85336e-19 0.00739519 0.01491 0.00739519 0.00739523
14.915 -1.99572e-20 3.13809e-19 0.014915 0.014915 5.85336e-19 0.00739767 0.014915 0.00739767 0.00739771
14.92 -1.99572e-20 3.13809e-19 0.01492 0.01492 5.85336e-19 0.00740015 0.01492 0.00740015 0.00740018
14.925 -1.99572e-20 3.13809e-19 0.014925 0.014925 5.85336e-19 0.00740262 0.014925 0.00740262 0.00740266
14.93 -1.99572e-20 3.13809e-19 0.01493 0.01493 5.85336e-19 0.0074051 0.01493 0.0074051 0.00740513
14.935 -1.99572e-20 3.13809e-19 0.014935 0.014935 5.85336e-19 0.00740758 0.014935 0.00740758 0.00740761
14.94 -1.99572e-20 3.13809e-19 0.01494 0.01494 5.85336e-19 0.00741005 0.01494 0.00741005 0.00741009
14.945 -1.99572e-20 3.13809e-19 0.014945 0.014945 5.85336e-19 0.00741253 0.014945 0.00741253 0.00741256
14.95 -1.99572e-20 3.13809e-19 0.01495 0.01495 5.85336e-19 0.00741501 0.01495 0.00741501 0.00741504
14.955 -1.99572e-20 3.13809e-19 0.014955 0.014955 5.85336e-19 0.00741748 0.014955 0.00741748 0.00741752
14.96 -1.99572e-20 3.13809e-19 0.01496 0.01496 5.85336e-19 0.00741996 0.01496 0.00741996 0.00741999
14.965 -1.99572e-20 3.13809e-19 0.014965 0.014965 5.85336e-19 0.00742244 0.014965 0.00742244 0.00742247
14.97 -1.99572e-20 3.13809e-19 0.01497 0.01497 5.85336e-19 0.00742491 0.01497 0.00742491 0.00742495
14.975 -1.99572e-20 3.13809e-19 0.014975 0.014975 5.85336e-19 0.00742739 0.014975 0.00742739 0.00742742
14.98 -1.99572e-20 3.13809e-19 0.01498 0.01498 5.85336e-19 0.00742987 0.01498 0.00742987 0.0074299
14.985 -1.99572e-20 3.13809e-19 0.014985 0.014985 5.85336e-19 0.00743234 0.014985 0.00743234 0.00743238
14.99 -1.99572e-20 3.13809e-19 0.01499 0.01499 5.85336e-19 0.00743482 0.01499 0.00743482 0.00743485
14.995 -1.99572e-20 3.13809e-19 0.014995 0.014995 5.85336e-19 0.0074373 0.014995 0.0074373 0.00743733
15 -1.99572e-20 3.13809e-19 0.015 0.015 5.85336e-19 0.00743977 0.015 0.00743977 0.00743981
