1000 2.47253e-10 2.47253e-10 0 0
2000 -8.24175e-11 -8.24175e-11 0 0
3000 -3.06071e-17 -3.06071e-17 0 0
4000 4.37243e-18 4.37243e-18 0 0
5000 2.55291e-24 2.55291e-24 0 0
6000 -2.94236e-25 -2.94236e-25 0 0
7000 1.57269e-26 1.57269e-26 0 0
8000 -3.43132e-27 -3.43132e-27 0 0
9000 -3.43132e-27 -3.43132e-27 0 0
10000 -3.43132e-27 -3.43132e-27 0 0
11000 -3.43132e-27 -3.43132e-27 0 0
12000 -3.43132e-27 -3.43132e-27 0 0
13000 -3.43132e-27 -3.43132e-27 0 0
14000 -3.43132e-27 -3.43132e-27 0 0
15000 -3.43132e-27 -3.43132e-27 0 0
16000 -3.43132e-27 -3.43132e-27 0 0
17000 -3.43132e-27 -3.43132e-27 0 0
18000 -3.43132e-27 -3.43132e-27 0 0
19000 -3.43132e-27 -3.43132e-27 0 0
20000 -3.43132e-27 -3.43132e-27 0 0
21000 -3.43132e-27 -3.43132e-27 0 0
22000 -3.43132e-27 -3.43132e-27 0 0
23000 -3.43132e-27 -3.43132e-27 0 0
24000 -3.43132e-27 -3.43132e-27 0 0
25000 -3.43132e-27 -3.43132e-27 0 0
26000 -3.43132e-27 -3.43132e-27 0 0
27000 -3.43132e-27 -3.43132e-27 0 0
28000 -3.43132e-27 -3.43132e-27 0 0
29000 -3.43132e-27 -3.43132e-27 0 0
30000 -3.43132e-27 -3.43132e-27 0 0
31000 -3.43132e-27 -3.43132e-27 0 0
32000 -3.43132e-27 -3.43132e-27 0 0
33000 -3.43132e-27 -3.43132e-27 0 0
34000 -3.43132e-27 -3.43132e-27 0 0
35000 -3.43132e-27 -3.43132e-27 0 0
36000 -3.43132e-27 -3.43132e-27 0 0
37000 -3.43132e-27 -3.43132e-27 0 0
38000 -3.43132e-27 -3.43132e-27 0 0
39000 -3.43132e-27 -3.43132e-27 0 0
40000 -3.43132e-27 -3.43132e-27 0 0
41000 -3.43132e-27 -3.43132e-27 0 0
42000 -3.43132e-27 -3.43132e-27 0 0
43000 -3.43132e-27 -3.43132e-27 0 0
44000 -3.43132e-27 -3.43132e-27 0 0
45000 -3.43132e-27 -3.43132e-27 0 0
46000 -3.43132e-27 -3.43132e-27 0 0
47000 -3.43132e-27 -3.43132e-27 0 0
48000 -3.43132e-27 -3.43132e-27 0 0
49000 -3.43132e-27 -3.43132e-27 0 0
50000 -3.43132e-27 -3.43132e-27 0 0
51000 -3.43132e-27 -3.43132e-27 0 0
52000 -3.43132e-27 -3.43132e-27 0 0
53000 -3.43132e-27 -3.43132e-27 0 0
54000 -3.43132e-27 -3.43132e-27 0 0
55000 -3.43132e-27 -3.43132e-27 0 0
56000 -3.43132e-27 -3.43132e-27 0 0
57000 -3.43132e-27 -3.43132e-27 0 0
58000 -3.43132e-27 -3.43132e-27 0 0
59000 -3.43132e-27 -3.43132e-27 0 0
60000 -3.43132e-27 -3.43132e-27 0 0
61000 -3.43132e-27 -3.43132e-27 0 0
62000 -3.43132e-27 -3.43132e-27 0 0
63000 -3.43132e-27 -3.43132e-27 0 0
64000 -3.43132e-27 -3.43132e-27 0 0
65000 -3.43132e-27 -3.43132e-27 0 0
66000 -3.43132e-27 -3.43132e-27 0 0
67000 -3.43132e-27 -3.43132e-27 0 0
68000 -3.43132e-27 -3.43132e-27 0 0
69000 -3.43132e-27 -3.43132e-27 0 0
70000 -3.43132e-27 -3.43132e-27 0 0
71000 -3.43132e-27 -3.43132e-27 0 0
72000 -3.43132e-27 -3.43132e-27 0 0
73000 -3.43132e-27 -3.43132e-27 0 0
74000 -3.43132e-27 -3.43132e-27 0 0
75000 -3.43132e-27 -3.43132e-27 0 0
76000 -3.43132e-27 -3.43132e-27 0 0
77000 -3.43132e-27 -3.43132e-27 0 0
78000 -3.43132e-27 -3.43132e-27 0 0
79000 -3.43132e-27 -3.43132e-27 0 0
80000 -3.43132e-27 -3.43132e-27 0 0
81000 -3.43132e-27 -3.43132e-27 0 0
82000 -3.43132e-27 -3.43132e-27 0 0
83000 -3.43132e-27 -3.43132e-27 0 0
84000 -3.43132e-27 -3.43132e-27 0 0
85000 -3.43132e-27 -3.43132e-27 0 0
86000 -3.43132e-27 -3.43132e-27 0 0
87000 -3.43132e-27 -3.43132e-27 0 0
88000 -3.43132e-27 -3.43132e-27 0 0
89000 -3.43132e-27 -3.43132e-27 0 0
90000 -3.43132e-27 -3.43132e-27 0 0
91000 -3.43132e-27 -3.43132e-27 0 0
92000 -3.43132e-27 -3.43132e-27 0 0
93000 -3.43132e-27 -3.43132e-27 0 0
94000 -3.43132e-27 -3.43132e-27 0 0
95000 -3.43132e-27 -3.43132e-27 0 0
96000 -3.43132e-27 -3.43132e-27 0 0
97000 -3.43132e-27 -3.43132e-27 0 0
98000 -3.43132e-27 -3.43132e-27 0 0
99000 -3.43132e-27 -3.43132e-27 0 0
100000 -3.43132e-27 -3.43132e-27 0 0
101000 -3.43132e-27 -3.43132e-27 0 0
102000 -3.43132e-27 -3.43132e-27 0 0
103000 -3.43132e-27 -3.43132e-27 0 0
104000 -3.43132e-27 -3.43132e-27 0 0
105000 -3.43132e-27 -3.43132e-27 0 0
106000 -3.43132e-27 -3.43132e-27 0 0
107000 -3.43132e-27 -3.43132e-27 0 0
108000 -3.43132e-27 -3.43132e-27 0 0
109000 -3.43132e-27 -3.43132e-27 0 0
110000 -3.43132e-27 -3.43132e-27 0 0
111000 -3.43132e-27 -3.43132e-27 0 0
112000 -3.43132e-27 -3.43132e-27 0 0
113000 -3.43132e-27 -3.43132e-27 0 0
114000 -3.43132e-27 -3.43132e-27 0 0
115000 -3.43132e-27 -3.43132e-27 0 0
116000 -3.43132e-27 -3.43132e-27 0 0
117000 -3.43132e-27 -3.43132e-27 0 0
118000 -3.43132e-27 -3.43132e-27 0 0
119000 -3.43132e-27 -3.43132e-27 0 0
120000 -3.43132e-27 -3.43132e-27 0 0
121000 -3.43132e-27 -3.43132e-27 0 0
122000 -3.43132e-27 -3.43132e-27 0 0
123000 -3.43132e-27 -3.43132e-27 0 0
124000 -3.43132e-27 -3.43132e-27 0 0
125000 -3.43132e-27 -3.43132e-27 0 0
126000 -3.43132e-27 -3.43132e-27 0 0
127000 -3.43132e-27 -3.43132e-27 0 0
128000 -3.43132e-27 -3.43132e-27 0 0
129000 -3.43132e-27 -3.43132e-27 0 0
130000 -3.43132e-27 -3.43132e-27 0 0
131000 -3.43132e-27 -3.43132e-27 0 0
132000 -3.43132e-27 -3.43132e-27 0 0
133000 -3.43132e-27 -3.43132e-27 0 0
134000 -3.43132e-27 -3.43132e-27 0 0
135000 -3.43132e-27 -3.43132e-27 0 0
136000 -3.43132e-27 -3.43132e-27 0 0
137000 -3.43132e-27 -3.43132e-27 0 0
138000 -3.43132e-27 -3.43132e-27 0 0
139000 -3.43132e-27 -3.43132e-27 0 0
140000 -3.43132e-27 -3.43132e-27 0 0
141000 -3.43132e-27 -3.43132e-27 0 0
142000 -3.43132e-27 -3.43132e-27 0 0
143000 -3.43132e-27 -3.43132e-27 0 0
144000 -3.43132e-27 -3.43132e-27 0 0
145000 -3.43132e-27 -3.43132e-27 0 0
146000 -3.43132e-27 -3.43132e-27 0 0
147000 -3.43132e-27 -3.43132e-27 0 0
148000 -3.43132e-27 -3.43132e-27 0 0
149000 -3.43132e-27 -3.43132e-27 0 0
150000 -3.43132e-27 -3.43132e-27 0 0
151000 -3.43132e-27 -3.43132e-27 0 0
152000 -3.43132e-27 -3.43132e-27 0 0
153000 -3.43132e-27 -3.43132e-27 0 0
154000 -3.43132e-27 -3.43132e-27 0 0
155000 -3.43132e-27 -3.43132e-27 0 0
156000 -3.43132e-27 -3.43132e-27 0 0
157000 -3.43132e-27 -3.43132e-27 0 0
158000 -3.43132e-27 -3.43132e-27 0 0
159000 -3.43132e-27 -3.43132e-27 0 0
160000 -3.43132e-27 -3.43132e-27 0 0
161000 -3.43132e-27 -3.43132e-27 0 0
162000 -3.43132e-27 -3.43132e-27 0 0
163000 -3.43132e-27 -3.43132e-27 0 0
164000 -3.43132e-27 -3.43132e-27 0 0
165000 -3.43132e-27 -3.43132e-27 0 0
166000 -3.43132e-27 -3.43132e-27 0 0
167000 -3.43132e-27 -3.43132e-27 0 0
168000 -3.43132e-27 -3.43132e-27 0 0
169000 -3.43132e-27 -3.43132e-27 0 0
170000 -3.43132e-27 -3.43132e-27 0 0
171000 -3.43132e-27 -3.43132e-27 0 0
172000 -3.43132e-27 -3.43132e-27 0 0
173000 -3.43132e-27 -3.43132e-27 0 0
174000 -3.43132e-27 -3.43132e-27 0 0
175000 -3.43132e-27 -3.43132e-27 0 0
176000 -3.43132e-27 -3.43132e-27 0 0
177000 -3.43132e-27 -3.43132e-27 0 0
178000 -3.43132e-27 -3.43132e-27 0 0
179000 -3.43132e-27 -3.43132e-27 0 0
180000 -3.43132e-27 -3.43132e-27 0 0
181000 -3.43132e-27 -3.43132e-27 0 0
182000 -3.43132e-27 -3.43132e-27 0 0
183000 -3.43132e-27 -3.43132e-27 0 0
184000 -3.43132e-27 -3.43132e-27 0 0
185000 -3.43132e-27 -3.43132e-27 0 0
186000 -3.43132e-27 -3.43132e-27 0 0
187000 -3.43132e-27 -3.43132e-27 0 0
188000 -3.43132e-27 -3.43132e-27 0 0
189000 -3.43132e-27 -3.43132e-27 0 0
190000 -3.43132e-27 -3.43132e-27 0 0
191000 -3.43132e-27 -3.43132e-27 0 0
192000 -3.43132e-27 -3.43132e-27 0 0
193000 -3.43132e-27 -3.43132e-27 0 0
194000 -3.43132e-27 -3.43132e-27 0 0
195000 -3.43132e-27 -3.43132e-27 0 0
196000 -3.43132e-27 -3.43132e-27 0 0
197000 -3.43132e-27 -3.43132e-27 0 0
198000 -3.43132e-27 -3.43132e-27 0 0
199000 -3.43132e-27 -3.43132e-27 0 0
200000 -3.43132e-27 -3.43132e-27 0 0
200100 -9.0424e-25 -9.0424e-25 0 0
200200 -3.02765e-23 -3.02765e-23 0 0
200300 -1.07262e-25 -1.07262e-25 0 0
200400 3.20215e-23 3.20215e-23 0 0
200500 -2.41972e-23 -2.41972e-23 0 0
200600 7.95634e-24 7.95634e-24 0 0
200700 -1.88489e-24 -1.88489e-24 0 0
200800 1.17849e-24 1.17849e-24 0 0
200900 -5.26846e-25 -5.26846e-25 0 0
201000 3.83092e-26 3.83092e-26 0 0
201100 4.34169e-25 4.34169e-25 0 0
201200 -9.64694e-25 -9.64694e-25 0 0
201300 3.6123e-25 3.6123e-25 0 0
201400 7.57089e-25 7.57089e-25 0 0
201500 -1.85355e-25 -1.85355e-25 0 0
201600 -5.61865e-25 -5.61865e-25 0 0
201700 1.02157e-25 1.02157e-25 0 0
201800 -5.10785e-26 -5.10785e-26 0 0
201900 5.61865e-25 5.61865e-25 0 0
202000 -1.19455e-24 -1.19455e-24 0 0
202100 9.71273e-25 9.71273e-25 0 0
202200 -9.59672e-26 -9.59672e-26 0 0
202300 2.29854e-25 2.29854e-25 0 0
202400 -3.37812e-25 -3.37812e-25 0 0
202500 1.97734e-25 1.97734e-25 0 0
202600 3.44781e-25 3.44781e-25 0 0
202700 -6.07143e-25 -6.07143e-25 0 0
202800 3.13051e-25 3.13051e-25 0 0
202900 -5.39226e-25 -5.39226e-25 0 0
203000 3.92569e-25 3.92569e-25 0 0
203100 -1.53236e-25 -1.53236e-25 0 0
203200 -5.10786e-26 -5.10786e-26 0 0
203300 -5.10786e-26 -5.10786e-26 0 0
203400 -5.10786e-26 -5.10786e-26 0 0
203500 -5.10786e-26 -5.10786e-26 0 0
203600 -5.10786e-26 -5.10786e-26 0 0
203700 -5.10786e-26 -5.10786e-26 0 0
203800 -5.10786e-26 -5.10786e-26 0 0
203900 -5.10786e-26 -5.10786e-26 0 0
204000 -5.10786e-26 -5.10786e-26 0 0
204100 -5.10786e-26 -5.10786e-26 0 0
204200 -5.10786e-26 -5.10786e-26 0 0
204300 -5.10786e-26 -5.10786e-26 0 0
204400 -5.10786e-26 -5.10786e-26 0 0
204500 -5.10786e-26 -5.10786e-26 0 0
204600 -5.10786e-26 -5.10786e-26 0 0
204700 -5.10786e-26 -5.10786e-26 0 0
204800 -5.10786e-26 -5.10786e-26 0 0
204900 -5.10786e-26 -5.10786e-26 0 0
205000 -5.10786e-26 -5.10786e-26 0 0
205100 -5.10786e-26 -5.10786e-26 0 0
205200 -5.10786e-26 -5.10786e-26 0 0
205300 -5.10786e-26 -5.10786e-26 0 0
205400 -5.10786e-26 -5.10786e-26 0 0
205500 -5.10786e-26 -5.10786e-26 0 0
205600 -5.10786e-26 -5.10786e-26 0 0
205700 -5.10786e-26 -5.10786e-26 0 0
205800 -5.10786e-26 -5.10786e-26 0 0
205900 -5.10786e-26 -5.10786e-26 0 0
206000 -5.10786e-26 -5.10786e-26 0 0
206100 -5.10786e-26 -5.10786e-26 0 0
206200 -5.10786e-26 -5.10786e-26 0 0
206300 -5.10786e-26 -5.10786e-26 0 0
206400 -5.10786e-26 -5.10786e-26 0 0
206500 -5.10786e-26 -5.10786e-26 0 0
206600 -5.10786e-26 -5.10786e-26 0 0
206700 -5.10786e-26 -5.10786e-26 0 0
206800 -5.10786e-26 -5.10786e-26 0 0
206900 -5.10786e-26 -5.10786e-26 0 0
207000 -5.10786e-26 -5.10786e-26 0 0
207100 -5.10786e-26 -5.10786e-26 0 0
207200 -5.10786e-26 -5.10786e-26 0 0
207300 -5.10786e-26 -5.10786e-26 0 0
207400 -5.10786e-26 -5.10786e-26 0 0
207500 -5.10786e-26 -5.10786e-26 0 0
207600 -5.10786e-26 -5.10786e-26 0 0
207700 -5.10786e-26 -5.10786e-26 0 0
207800 -5.10786e-26 -5.10786e-26 0 0
207900 -5.10786e-26 -5.10786e-26 0 0
208000 -5.10786e-26 -5.10786e-26 0 0
208100 -5.10786e-26 -5.10786e-26 0 0
208200 -5.10786e-26 -5.10786e-26 0 0
208300 -5.10786e-26 -5.10786e-26 0 0
208400 -5.10786e-26 -5.10786e-26 0 0
208500 -5.10786e-26 -5.10786e-26 0 0
208600 -5.10786e-26 -5.10786e-26 0 0
208700 -5.10786e-26 -5.10786e-26 0 0
208800 -5.10786e-26 -5.10786e-26 0 0
208900 -5.10786e-26 -5.10786e-26 0 0
209000 -5.10786e-26 -5.10786e-26 0 0
209100 -5.10786e-26 -5.10786e-26 0 0
209200 -5.10786e-26 -5.10786e-26 0 0
209300 -5.10786e-26 -5.10786e-26 0 0
209400 -5.10786e-26 -5.10786e-26 0 0
209500 -5.10786e-26 -5.10786e-26 0 0
209600 -5.10786e-26 -5.10786e-26 0 0
209700 -5.10786e-26 -5.10786e-26 0 0
209800 -5.10786e-26 -5.10786e-26 0 0
209900 -5.10786e-26 -5.10786e-26 0 0
210000 -5.10786e-26 -5.10786e-26 0 0
211000 1.78775e-26 1.78775e-26 0 0
212000 -5.10788e-27 -5.10788e-27 0 0
213000 -5.10788e-27 -5.10788e-27 0 0
214000 -5.10788e-27 -5.10788e-27 0 0
215000 -5.10788e-27 -5.10788e-27 0 0
216000 -5.10788e-27 -5.10788e-27 0 0
217000 -5.10788e-27 -5.10788e-27 0 0
218000 -5.10788e-27 -5.10788e-27 0 0
219000 -5.10788e-27 -5.10788e-27 0 0
220000 -5.10788e-27 -5.10788e-27 0 0
221000 -5.10788e-27 -5.10788e-27 0 0
222000 -5.10788e-27 -5.10788e-27 0 0
223000 -5.10788e-27 -5.10788e-27 0 0
224000 -5.10788e-27 -5.10788e-27 0 0
225000 -5.10788e-27 -5.10788e-27 0 0
226000 -5.10788e-27 -5.10788e-27 0 0
227000 -5.10788e-27 -5.10788e-27 0 0
228000 -5.10788e-27 -5.10788e-27 0 0
229000 -5.10788e-27 -5.10788e-27 0 0
230000 -5.10788e-27 -5.10788e-27 0 0
231000 -5.10788e-27 -5.10788e-27 0 0
232000 -5.10788e-27 -5.10788e-27 0 0
233000 -5.10788e-27 -5.10788e-27 0 0
234000 -5.10788e-27 -5.10788e-27 0 0
235000 -5.10788e-27 -5.10788e-27 0 0
236000 -5.10788e-27 -5.10788e-27 0 0
237000 -5.10788e-27 -5.10788e-27 0 0
238000 -5.10788e-27 -5.10788e-27 0 0
239000 -5.10788e-27 -5.10788e-27 0 0
240000 -5.10788e-27 -5.10788e-27 0 0
241000 -5.10788e-27 -5.10788e-27 0 0
242000 -5.10788e-27 -5.10788e-27 0 0
243000 -5.10788e-27 -5.10788e-27 0 0
244000 -5.10788e-27 -5.10788e-27 0 0
245000 -5.10788e-27 -5.10788e-27 0 0
246000 -5.10788e-27 -5.10788e-27 0 0
247000 -5.10788e-27 -5.10788e-27 0 0
248000 -5.10788e-27 -5.10788e-27 0 0
249000 -5.10788e-27 -5.10788e-27 0 0
250000 -5.10788e-27 -5.10788e-27 0 0
251000 -5.10788e-27 -5.10788e-27 0 0
252000 -5.10788e-27 -5.10788e-27 0 0
253000 -5.10788e-27 -5.10788e-27 0 0
254000 -5.10788e-27 -5.10788e-27 0 0
255000 -5.10788e-27 -5.10788e-27 0 0
256000 -5.10788e-27 -5.10788e-27 0 0
257000 -5.10788e-27 -5.10788e-27 0 0
258000 -5.10788e-27 -5.10788e-27 0 0
259000 -5.10788e-27 -5.10788e-27 0 0
260000 -5.10788e-27 -5.10788e-27 0 0
261000 -5.10788e-27 -5.10788e-27 0 0
262000 -5.10788e-27 -5.10788e-27 0 0
263000 -5.10788e-27 -5.10788e-27 0 0
264000 -5.10788e-27 -5.10788e-27 0 0
265000 -5.10788e-27 -5.10788e-27 0 0
266000 -5.10788e-27 -5.10788e-27 0 0
267000 -5.10788e-27 -5.10788e-27 0 0
268000 -5.10788e-27 -5.10788e-27 0 0
269000 -5.10788e-27 -5.10788e-27 0 0
270000 -5.10788e-27 -5.10788e-27 0 0
271000 -5.10788e-27 -5.10788e-27 0 0
272000 -5.10788e-27 -5.10788e-27 0 0
273000 -5.10788e-27 -5.10788e-27 0 0
274000 -5.10788e-27 -5.10788e-27 0 0
275000 -5.10788e-27 -5.10788e-27 0 0
276000 -5.10788e-27 -5.10788e-27 0 0
277000 -5.10788e-27 -5.10788e-27 0 0
278000 -5.10788e-27 -5.10788e-27 0 0
279000 -5.10788e-27 -5.10788e-27 0 0
280000 -5.10788e-27 -5.10788e-27 0 0
281000 -5.10788e-27 -5.10788e-27 0 0
282000 -5.10788e-27 -5.10788e-27 0 0
283000 -5.10788e-27 -5.10788e-27 0 0
284000 -5.10788e-27 -5.10788e-27 0 0
285000 -5.10788e-27 -5.10788e-27 0 0
286000 -5.10788e-27 -5.10788e-27 0 0
287000 -5.10788e-27 -5.10788e-27 0 0
288000 -5.10788e-27 -5.10788e-27 0 0
289000 -5.10788e-27 -5.10788e-27 0 0
290000 -5.10788e-27 -5.10788e-27 0 0
291000 -5.10788e-27 -5.10788e-27 0 0
292000 -5.10788e-27 -5.10788e-27 0 0
293000 -5.10788e-27 -5.10788e-27 0 0
294000 -5.10788e-27 -5.10788e-27 0 0
295000 -5.10788e-27 -5.10788e-27 0 0
296000 -5.10788e-27 -5.10788e-27 0 0
297000 -5.10788e-27 -5.10788e-27 0 0
298000 -5.10788e-27 -5.10788e-27 0 0
299000 -5.10788e-27 -5.10788e-27 0 0
300000 -5.10788e-27 -5.10788e-27 0 0
301000 -5.10788e-27 -5.10788e-27 0 0
302000 -5.10788e-27 -5.10788e-27 0 0
303000 -5.10788e-27 -5.10788e-27 0 0
304000 -5.10788e-27 -5.10788e-27 0 0
305000 -5.10788e-27 -5.10788e-27 0 0
306000 -5.10788e-27 -5.10788e-27 0 0
307000 -5.10788e-27 -5.10788e-27 0 0
308000 -5.10788e-27 -5.10788e-27 0 0
309000 -5.10788e-27 -5.10788e-27 0 0
310000 -5.10788e-27 -5.10788e-27 0 0
311000 -5.10788e-27 -5.10788e-27 0 0
312000 -5.10788e-27 -5.10788e-27 0 0
313000 -5.10788e-27 -5.10788e-27 0 0
314000 -5.10788e-27 -5.10788e-27 0 0
315000 -5.10788e-27 -5.10788e-27 0 0
316000 -5.10788e-27 -5.10788e-27 0 0
317000 -5.10788e-27 -5.10788e-27 0 0
318000 -5.10788e-27 -5.10788e-27 0 0
319000 -5.10788e-27 -5.10788e-27 0 0
320000 -5.10788e-27 -5.10788e-27 0 0
321000 -5.10788e-27 -5.10788e-27 0 0
322000 -5.10788e-27 -5.10788e-27 0 0
323000 -5.10788e-27 -5.10788e-27 0 0
324000 -5.10788e-27 -5.10788e-27 0 0
325000 -5.10788e-27 -5.10788e-27 0 0
326000 -5.10788e-27 -5.10788e-27 0 0
327000 -5.10788e-27 -5.10788e-27 0 0
328000 -5.10788e-27 -5.10788e-27 0 0
329000 -5.10788e-27 -5.10788e-27 0 0
330000 -5.10788e-27 -5.10788e-27 0 0
331000 -5.10788e-27 -5.10788e-27 0 0
332000 -5.10788e-27 -5.10788e-27 0 0
333000 -5.10788e-27 -5.10788e-27 0 0
334000 -5.10788e-27 -5.10788e-27 0 0
335000 -5.10788e-27 -5.10788e-27 0 0
336000 -5.10788e-27 -5.10788e-27 0 0
337000 -5.10788e-27 -5.10788e-27 0 0
338000 -5.10788e-27 -5.10788e-27 0 0
339000 -5.10788e-27 -5.10788e-27 0 0
340000 -5.10788e-27 -5.10788e-27 0 0
341000 -5.10788e-27 -5.10788e-27 0 0
342000 -5.10788e-27 -5.10788e-27 0 0
343000 -5.10788e-27 -5.10788e-27 0 0
344000 -5.10788e-27 -5.10788e-27 0 0
345000 -5.10788e-27 -5.10788e-27 0 0
346000 -5.10788e-27 -5.10788e-27 0 0
347000 -5.10788e-27 -5.10788e-27 0 0
348000 -5.10788e-27 -5.10788e-27 0 0
349000 -5.10788e-27 -5.10788e-27 0 0
350000 -5.10788e-27 -5.10788e-27 0 0
351000 -5.10788e-27 -5.10788e-27 0 0
352000 -5.10788e-27 -5.10788e-27 0 0
353000 -5.10788e-27 -5.10788e-27 0 0
354000 -5.10788e-27 -5.10788e-27 0 0
355000 -5.10788e-27 -5.10788e-27 0 0
356000 -5.10788e-27 -5.10788e-27 0 0
357000 -5.10788e-27 -5.10788e-27 0 0
358000 -5.10788e-27 -5.10788e-27 0 0
359000 -5.10788e-27 -5.10788e-27 0 0
360000 -5.10788e-27 -5.10788e-27 0 0
361000 -5.10788e-27 -5.10788e-27 0 0
362000 -5.10788e-27 -5.10788e-27 0 0
363000 -5.10788e-27 -5.10788e-27 0 0
364000 -5.10788e-27 -5.10788e-27 0 0
365000 -5.10788e-27 -5.10788e-27 0 0
366000 -5.10788e-27 -5.10788e-27 0 0
367000 -5.10788e-27 -5.10788e-27 0 0
368000 -5.10788e-27 -5.10788e-27 0 0
369000 -5.10788e-27 -5.10788e-27 0 0
370000 -5.10788e-27 -5.10788e-27 0 0
371000 -5.10788e-27 -5.10788e-27 0 0
372000 -5.10788e-27 -5.10788e-27 0 0
373000 -5.10788e-27 -5.10788e-27 0 0
374000 -5.10788e-27 -5.10788e-27 0 0
375000 -5.10788e-27 -5.10788e-27 0 0
376000 -5.10788e-27 -5.10788e-27 0 0
377000 -5.10788e-27 -5.10788e-27 0 0
378000 -5.10788e-27 -5.10788e-27 0 0
379000 -5.10788e-27 -5.10788e-27 0 0
380000 -5.10788e-27 -5.10788e-27 0 0
381000 -5.10788e-27 -5.10788e-27 0 0
382000 -5.10788e-27 -5.10788e-27 0 0
383000 -5.10788e-27 -5.10788e-27 0 0
384000 -5.10788e-27 -5.10788e-27 0 0
385000 -5.10788e-27 -5.10788e-27 0 0
386000 -5.10788e-27 -5.10788e-27 0 0
387000 -5.10788e-27 -5.10788e-27 0 0
388000 -5.10788e-27 -5.10788e-27 0 0
389000 -5.10788e-27 -5.10788e-27 0 0
390000 -5.10788e-27 -5.10788e-27 0 0
391000 -5.10788e-27 -5.10788e-27 0 0
392000 -5.10788e-27 -5.10788e-27 0 0
393000 -5.10788e-27 -5.10788e-27 0 0
394000 -5.10788e-27 -5.10788e-27 0 0
395000 -5.10788e-27 -5.10788e-27 0 0
396000 -5.10788e-27 -5.10788e-27 0 0
397000 -5.10788e-27 -5.10788e-27 0 0
398000 -5.10788e-27 -5.10788e-27 0 0
399000 -5.10788e-27 -5.10788e-27 0 0
400000 -5.10788e-27 -5.10788e-27 0 0
401000 -5.10788e-27 -5.10788e-27 0 0
402000 -5.10788e-27 -5.10788e-27 0 0
403000 -5.10788e-27 -5.10788e-27 0 0
404000 -5.10788e-27 -5.10788e-27 0 0
405000 -5.10788e-27 -5.10788e-27 0 0
406000 -5.10788e-27 -5.10788e-27 0 0
407000 -5.10788e-27 -5.10788e-27 0 0
408000 -5.10788e-27 -5.10788e-27 0 0
409000 -5.10788e-27 -5.10788e-27 0 0
410000 -5.10788e-27 -5.10788e-27 0 0
0.005 1.61176e-06 1.61176e-06 1.95629e-06 1.95629e-06
0.01 -1.2134e-06 -1.2134e-06 -1.38478e-06 -1.38478e-06
0.015 2.44508e-07 2.44508e-07 2.55176e-07 2.55176e-07
0.02 1.11126e-07 1.11126e-07 1.3608e-07 1.3608e-07
0.025 1.12055e-07 1.12055e-07 1.40584e-07 1.40584e-07
0.03 1.23503e-07 1.23503e-07 1.57779e-07 1.57779e-07
0.035 1.26209e-07 1.26209e-07 1.65394e-07 1.65394e-07
0.04 1.78934e-07 1.78934e-07 2.24377e-07 2.24377e-07
0.045 6.70465e-07 6.70465e-07 8.27892e-07 8.27892e-07
0.05 6.90401e-07 6.90401e-07 8.86623e-07 8.86623e-07
0.055 1.92423e-07 1.92423e-07 2.63044e-07 2.63044e-07
0.06 7.02347e-07 7.02347e-07 8.93983e-07 8.93983e-07
0.065 2.29767e-07 2.29767e-07 3.10454e-07 3.10454e-07
0.07 5.86132e-07 5.86132e-07 7.40773e-07 7.40773e-07
0.075 3.15479e-07 3.15479e-07 4.24367e-07 4.24367e-07
0.08 4.96668e-07 4.96668e-07 6.31273e-07 6.31273e-07
0.085 3.67455e-07 3.67455e-07 4.73631e-07 4.73631e-07
0.09 3.78762e-07 3.78762e-07 4.93082e-07 4.93082e-07
0.095 3.98176e-07 3.98176e-07 5.1308e-07 5.1308e-07
0.1 3.55986e-07 3.55986e-07 4.55913e-07 4.55913e-07
0.105 3.59737e-07 3.59737e-07 4.6256e-07 4.6256e-07
0.11 3.4055e-07 3.4055e-07 4.31031e-07 4.31031e-07
0.115 3.12708e-07 3.12708e-07 4.11659e-07 4.11659e-07
0.12 2.95302e-07 2.95302e-07 3.88349e-07 3.88349e-07
0.125 3.5301e-07 3.5301e-07 4.41341e-07 4.41341e-07
0.13 2.52996e-07 2.52996e-07 3.26083e-07 3.26083e-07
0.135 3.20203e-07 3.20203e-07 4.22083e-07 4.22083e-07
0.14 2.59905e-07 2.59905e-07 3.26153e-07 3.26153e-07
0.145 2.60327e-07 2.60327e-07 3.49865e-07 3.49865e-07
0.15 2.66889e-07 2.66889e-07 3.34992e-07 3.34992e-07
0.155 2.3727e-07 2.3727e-07 3.11626e-07 3.11626e-07
0.16 2.55473e-07 2.55473e-07 3.22699e-07 3.22699e-07
0.165 2.06956e-07 2.06956e-07 2.76498e-07 2.76498e-07
0.17 2.42286e-07 2.42286e-07 2.99054e-07 2.99054e-07
0.175 1.95745e-07 1.95745e-07 2.6232e-07 2.6232e-07
0.18 2.14724e-07 2.14724e-07 2.7821e-07 2.7821e-07
0.185 1.91516e-07 1.91516e-07 2.44025e-07 2.44025e-07
0.19 1.86657e-07 1.86657e-07 2.45927e-07 2.45927e-07
0.195 1.91236e-07 1.91236e-07 2.46273e-07 2.46273e-07
0.2 1.77469e-07 1.77469e-07 2.26411e-07 2.26411e-07
0.205 1.70265e-07 1.70265e-07 2.19798e-07 2.19798e-07
0.21 1.69854e-07 1.69854e-07 2.22925e-07 2.22925e-07
0.215 1.51459e-07 1.51459e-07 1.886e-07 1.886e-07
0.22 1.60744e-07 1.60744e-07 2.10861e-07 2.10861e-07
0.225 1.47079e-07 1.47079e-07 1.8934e-07 1.8934e-07
0.23 1.39196e-07 1.39196e-07 1.82907e-07 1.82907e-07
0.235 1.44953e-07 1.44953e-07 1.80649e-07 1.80649e-07
0.24 1.30399e-07 1.30399e-07 1.72575e-07 1.72575e-07
0.245 1.34147e-07 1.34147e-07 1.71295e-07 1.71295e-07
0.25 1.19735e-07 1.19735e-07 1.56318e-07 1.56318e-07
0.255 1.25824e-07 1.25824e-07 1.61903e-07 1.61903e-07
0.26 1.11267e-07 1.11267e-07 1.43967e-07 1.43967e-07
0.265 1.15966e-07 1.15966e-07 1.48831e-07 1.48831e-07
0.27 1.05036e-07 1.05036e-07 1.3638e-07 1.3638e-07
0.275 9.9115e-08 9.9115e-08 1.29282e-07 1.29282e-07
0.28 1.06551e-07 1.06551e-07 1.36832e-07 1.36832e-07
0.285 9.39609e-08 9.39609e-08 1.21976e-07 1.21976e-07
0.29 9.51707e-08 9.51707e-08 1.21247e-07 1.21247e-07
0.295 9.0109e-08 9.0109e-08 1.16349e-07 1.16349e-07
0.3 8.75353e-08 8.75353e-08 1.12362e-07 1.12362e-07
0.305 8.13809e-08 8.13809e-08 1.06834e-07 1.06834e-07
0.31 8.38561e-08 8.38561e-08 1.07754e-07 1.07754e-07
0.315 7.72883e-08 7.72883e-08 1.00306e-07 1.00306e-07
0.32 7.59463e-08 7.59463e-08 9.87422e-08 9.87422e-08
0.325 7.31364e-08 7.31364e-08 9.43593e-08 9.43593e-08
0.33 7.12057e-08 7.12057e-08 9.04752e-08 9.04752e-08
0.335 6.83132e-08 6.83132e-08 8.80598e-08 8.80598e-08
0.34 6.59522e-08 6.59522e-08 8.51364e-08 8.51364e-08
0.345 6.37406e-08 6.37406e-08 8.21479e-08 8.21479e-08
0.35 6.16388e-08 6.16388e-08 7.92025e-08 7.92025e-08
0.355 5.95026e-08 5.95026e-08 7.66128e-08 7.66128e-08
0.36 5.74924e-08 5.74924e-08 7.39685e-08 7.39685e-08
0.365 5.44824e-08 5.44824e-08 7.10196e-08 7.10196e-08
0.37 5.44776e-08 5.44776e-08 7.0095e-08 7.0095e-08
0.375 5.13712e-08 5.13712e-08 6.64588e-08 6.64588e-08
0.38 5.01818e-08 5.01818e-08 6.47476e-08 6.47476e-08
0.385 4.62935e-08 4.62935e-08 5.99739e-08 5.99739e-08
0.39 4.91208e-08 4.91208e-08 6.23293e-08 6.23293e-08
0.395 4.42822e-08 4.42822e-08 5.71969e-08 5.71969e-08
0.4 4.4695e-08 4.4695e-08 5.7271e-08 5.7271e-08
0.405 4.15839e-08 4.15839e-08 5.35236e-08 5.35236e-08
0.41 4.1223e-08 4.1223e-08 5.2907e-08 5.2907e-08
0.415 3.94515e-08 3.94515e-08 5.07063e-08 5.07063e-08
0.42 3.82742e-08 3.82742e-08 4.91758e-08 4.91758e-08
0.425 3.63886e-08 3.63886e-08 4.70769e-08 4.70769e-08
0.43 3.66069e-08 3.66069e-08 4.74338e-08 4.74338e-08
0.435 3.3882e-08 3.3882e-08 4.36454e-08 4.36454e-08
0.44 3.368e-08 3.368e-08 4.34724e-08 4.34724e-08
0.445 3.26985e-08 3.26985e-08 4.21471e-08 4.21471e-08
0.45 3.08261e-08 3.08261e-08 3.98224e-08 3.98224e-08
0.455 3.04811e-08 3.04811e-08 3.92763e-08 3.92763e-08
0.46 2.92229e-08 2.92229e-08 3.76958e-08 3.76958e-08
0.465 2.83751e-08 2.83751e-08 3.65824e-08 3.65824e-08
0.47 2.73624e-08 2.73624e-08 3.54898e-08 3.54898e-08
0.475 2.6606e-08 2.6606e-08 3.42443e-08 3.42443e-08
0.48 2.56682e-08 2.56682e-08 3.32325e-08 3.32325e-08
0.485 2.48978e-08 2.48978e-08 3.2129e-08 3.2129e-08
0.49 2.40448e-08 2.40448e-08 3.13894e-08 3.13894e-08
0.495 2.32373e-08 2.32373e-08 3.00895e-08 3.00895e-08
0.5 2.26292e-08 2.26292e-08 2.93566e-08 2.93566e-08
0.505 2.18339e-08 2.18339e-08 2.83295e-08 2.83295e-08
0.51 2.12974e-08 2.12974e-08 2.7371e-08 2.7371e-08
0.515 2.06482e-08 2.06482e-08 2.64108e-08 2.64108e-08
0.52 1.99291e-08 1.99291e-08 2.56889e-08 2.56889e-08
0.525 1.93865e-08 1.93865e-08 2.49061e-08 2.49061e-08
0.53 1.87524e-08 1.87524e-08 2.41251e-08 2.41251e-08
0.535 1.81533e-08 1.81533e-08 2.34824e-08 2.34824e-08
0.54 1.76497e-08 1.76497e-08 2.27169e-08 2.27169e-08
0.545 1.70899e-08 1.70899e-08 2.20381e-08 2.20381e-08
0.55 1.65951e-08 1.65951e-08 2.13834e-08 2.13834e-08
0.555 1.60941e-08 1.60941e-08 2.07424e-08 2.07424e-08
0.56 1.56215e-08 1.56215e-08 2.01302e-08 2.01302e-08
0.565 1.49503e-08 1.49503e-08 1.92804e-08 1.92804e-08
0.57 1.4533e-08 1.4533e-08 1.87287e-08 1.87287e-08
0.575 1.46083e-08 1.46083e-08 1.87876e-08 1.87876e-08
0.58 1.37264e-08 1.37264e-08 1.77105e-08 1.77105e-08
0.585 1.35279e-08 1.35279e-08 1.74219e-08 1.74219e-08
0.59 1.30832e-08 1.30832e-08 1.68586e-08 1.68586e-08
0.595 1.27301e-08 1.27301e-08 1.64003e-08 1.64003e-08
0.6 1.23674e-08 1.23674e-08 1.59336e-08 1.59336e-08
0.605 1.20237e-08 1.20237e-08 1.54902e-08 1.54902e-08
0.61 1.16902e-08 1.16902e-08 1.50605e-08 1.50605e-08
0.615 1.1369e-08 1.1369e-08 1.46464e-08 1.46464e-08
0.62 1.10589e-08 1.10589e-08 1.42466e-08 1.42466e-08
0.625 1.07596e-08 1.07596e-08 1.38609e-08 1.38609e-08
0.63 1.04708e-08 1.04708e-08 1.34888e-08 1.34888e-08
0.635 1.01923e-08 1.01923e-08 1.31298e-08 1.31298e-08
0.64 9.8701e-09 9.8701e-09 1.28775e-08 1.28775e-08
0.645 9.38354e-09 9.38354e-09 1.21878e-08 1.21878e-08
0.65 9.65009e-09 9.65009e-09 1.24765e-08 1.24765e-08
0.655 9.03653e-09 9.03653e-09 1.17332e-08 1.17332e-08
0.66 8.94978e-09 8.94978e-09 1.15926e-08 1.15926e-08
0.665 8.68446e-09 8.68446e-09 1.12537e-08 1.12537e-08
0.67 8.47998e-09 8.47998e-09 1.09843e-08 1.09843e-08
0.675 8.26857e-09 8.26857e-09 1.07087e-08 1.07087e-08
0.68 8.06832e-09 8.06832e-09 1.04471e-08 1.04471e-08
0.685 7.87403e-09 7.87403e-09 1.01935e-08 1.01935e-08
0.69 7.68677e-09 7.68677e-09 9.94918e-09 9.94918e-09
0.695 7.50597e-09 7.50597e-09 9.71335e-09 9.71335e-09
0.7 7.33149e-09 7.33149e-09 9.48585e-09 9.48585e-09
0.705 7.16308e-09 7.16308e-09 9.26634e-09 9.26634e-09
0.71 7.00054e-09 7.00054e-09 9.05455e-09 9.05455e-09
0.715 6.84367e-09 6.84367e-09 8.8502e-09 8.8502e-09
0.72 6.69226e-09 6.69226e-09 8.65304e-09 8.65304e-09
0.725 6.54613e-09 6.54613e-09 8.4628e-09 8.4628e-09
0.73 6.4051e-09 6.4051e-09 8.27925e-09 8.27925e-09
0.735 6.26898e-09 6.26898e-09 8.10214e-09 8.10214e-09
0.74 6.13761e-09 6.13761e-09 7.93125e-09 7.93125e-09
0.745 6.01082e-09 6.01082e-09 7.76636e-09 7.76636e-09
0.75 5.88845e-09 5.88845e-09 7.60726e-09 7.60726e-09
0.755 5.77034e-09 5.77034e-09 7.45375e-09 7.45375e-09
0.76 5.65636e-09 5.65636e-09 7.30562e-09 7.30562e-09
0.765 5.54636e-09 5.54636e-09 7.16269e-09 7.16269e-09
0.77 5.44019e-09 5.44019e-09 7.02478e-09 7.02478e-09
0.775 5.33773e-09 5.33773e-09 6.8917e-09 6.8917e-09
0.78 5.23884e-09 5.23884e-09 6.76329e-09 6.76329e-09
0.785 5.1434e-09 5.1434e-09 6.63939e-09 6.63939e-09
0.79 5.0513e-09 5.0513e-09 6.51984e-09 6.51984e-09
0.795 4.96241e-09 4.96241e-09 6.40448e-09 6.40448e-09
0.8 4.87663e-09 4.87663e-09 6.29316e-09 6.29316e-09
0.805 4.79384e-09 4.79384e-09 6.18576e-09 6.18576e-09
0.81 4.71395e-09 4.71395e-09 6.08212e-09 6.08212e-09
0.815 4.63685e-09 4.63685e-09 5.98211e-09 5.98211e-09
0.82 4.56244e-09 4.56244e-09 5.88562e-09 5.88562e-09
0.825 4.49063e-09 4.49063e-09 5.79251e-09 5.79251e-09
0.83 4.42134e-09 4.42134e-09 5.70267e-09 5.70267e-09
0.835 4.35447e-09 4.35447e-09 5.61598e-09 5.61598e-09
0.84 4.28993e-09 4.28993e-09 5.53233e-09 5.53233e-09
0.845 4.22766e-09 4.22766e-09 5.45162e-09 5.45162e-09
0.85 4.16757e-09 4.16757e-09 5.37375e-09 5.37375e-09
0.855 4.10958e-09 4.10958e-09 5.2986e-09 5.2986e-09
0.86 4.05362e-09 4.05362e-09 5.2261e-09 5.2261e-09
0.865 3.99962e-09 3.99962e-09 5.15614e-09 5.15614e-09
0.87 3.94751e-09 3.94751e-09 5.08865e-09 5.08865e-09
0.875 3.89723e-09 3.89723e-09 5.02352e-09 5.02352e-09
0.88 3.84872e-09 3.84872e-09 4.96068e-09 4.96068e-09
0.885 3.80191e-09 3.80191e-09 4.90006e-09 4.90006e-09
0.89 3.75674e-09 3.75674e-09 4.84156e-09 4.84156e-09
0.895 3.71315e-09 3.71315e-09 4.78512e-09 4.78512e-09
0.9 3.72028e-09 3.72028e-09 4.79047e-09 4.79047e-09
0.905 3.58113e-09 3.58113e-09 4.6207e-09 4.6207e-09
0.91 3.61318e-09 3.61318e-09 4.65197e-09 4.65197e-09
0.915 3.54732e-09 3.54732e-09 4.57157e-09 4.57157e-09
0.92 3.51919e-09 3.51919e-09 4.53366e-09 4.53366e-09
0.925 3.48167e-09 3.48167e-09 4.4855e-09 4.4855e-09
0.93 3.4484e-09 3.4484e-09 4.44232e-09 4.44232e-09
0.935 3.32518e-09 3.32518e-09 4.28993e-09 4.28993e-09
0.94 3.48282e-09 3.48282e-09 4.49152e-09 4.49152e-09
0.945 3.28269e-09 3.28269e-09 4.25269e-09 4.25269e-09
0.95 3.35374e-09 3.35374e-09 4.31946e-09 4.31946e-09
0.955 3.28681e-09 3.28681e-09 4.26371e-09 4.26371e-09
0.96 3.22821e-09 3.22821e-09 4.16744e-09 4.16744e-09
0.965 3.29983e-09 3.29983e-09 4.25772e-09 4.25772e-09
0.97 3.14401e-09 3.14401e-09 4.08935e-09 4.08935e-09
0.975 3.2287e-09 3.2287e-09 4.1597e-09 4.1597e-09
0.98 3.1394e-09 3.1394e-09 4.06941e-09 4.06941e-09
0.985 3.15038e-09 3.15038e-09 4.06962e-09 4.06962e-09
0.99 3.11262e-09 3.11262e-09 4.02711e-09 4.02711e-09
0.995 3.09871e-09 3.09871e-09 4.00574e-09 4.00574e-09
1 3.07516e-09 3.07516e-09 3.97638e-09 3.97638e-09
1.005 3.0569e-09 3.0569e-09 3.9519e-09 3.9519e-09
1.01 3.03736e-09 3.03736e-09 3.92663e-09 3.92663e-09
1.015 3.01935e-09 3.01935e-09 3.90298e-09 3.90298e-09
1.02 3.00162e-09 3.00162e-09 3.87987e-09 3.87987e-09
1.025 2.98468e-09 2.98468e-09 3.85772e-09 3.85772e-09
1.03 2.96828e-09 2.96828e-09 3.83631e-09 3.83631e-09
1.035 2.91015e-09 2.91015e-09 3.76902e-09 3.76902e-09
1.04 2.97838e-09 2.97838e-09 3.83988e-09 3.83988e-09
1.045 2.90523e-09 2.90523e-09 3.75842e-09 3.75842e-09
1.05 2.913e-09 2.913e-09 3.76282e-09 3.76282e-09
1.055 2.89337e-09 2.89337e-09 3.73884e-09 3.73884e-09
1.06 2.91973e-09 2.91973e-09 3.76941e-09 3.76941e-09
1.065 2.83142e-09 2.83142e-09 3.66297e-09 3.66297e-09
1.07 2.83205e-09 2.83205e-09 3.66367e-09 3.66367e-09
1.075 2.88008e-09 2.88008e-09 3.71285e-09 3.71285e-09
1.08 2.81828e-09 2.81828e-09 3.64441e-09 3.64441e-09
1.085 2.82691e-09 2.82691e-09 3.65052e-09 3.65052e-09
1.09 2.81103e-09 2.81103e-09 3.63126e-09 3.63126e-09
1.095 2.80231e-09 2.80231e-09 3.61946e-09 3.61946e-09
1.1 2.79221e-09 2.79221e-09 3.60637e-09 3.60637e-09
1.105 2.78292e-09 2.78292e-09 3.59419e-09 3.59419e-09
1.11 2.77386e-09 2.77386e-09 3.58235e-09 3.58235e-09
1.115 2.76517e-09 2.76517e-09 3.57098e-09 3.57098e-09
1.12 2.75679e-09 2.75679e-09 3.56003e-09 3.56003e-09
1.125 2.74873e-09 2.74873e-09 3.54948e-09 3.54948e-09
1.13 2.74097e-09 2.74097e-09 3.53933e-09 3.53933e-09
1.135 2.7335e-09 2.7335e-09 3.52956e-09 3.52956e-09
1.14 2.72631e-09 2.72631e-09 3.52015e-09 3.52015e-09
1.145 2.7194e-09 2.7194e-09 3.5111e-09 3.5111e-09
1.15 2.71275e-09 2.71275e-09 3.50239e-09 3.50239e-09
1.155 2.70635e-09 2.70635e-09 3.49401e-09 3.49401e-09
1.16 2.7002e-09 2.7002e-09 3.48594e-09 3.48594e-09
1.165 2.69428e-09 2.69428e-09 3.47819e-09 3.47819e-09
1.17 2.6886e-09 2.6886e-09 3.47073e-09 3.47073e-09
1.175 2.68313e-09 2.68313e-09 3.46356e-09 3.46356e-09
1.18 2.67788e-09 2.67788e-09 3.45667e-09 3.45667e-09
1.185 2.67284e-09 2.67284e-09 3.45004e-09 3.45004e-09
1.19 2.66799e-09 2.66799e-09 3.44368e-09 3.44368e-09
1.195 2.66333e-09 2.66333e-09 3.43756e-09 3.43756e-09
1.2 2.65887e-09 2.65887e-09 3.43168e-09 3.43168e-09
1.205 2.65458e-09 2.65458e-09 3.42604e-09 3.42604e-09
1.21 2.65046e-09 2.65046e-09 3.42062e-09 3.42062e-09
1.215 2.64651e-09 2.64651e-09 3.41541e-09 3.41541e-09
1.22 2.64272e-09 2.64272e-09 3.41042e-09 3.41042e-09
1.225 2.63909e-09 2.63909e-09 3.40563e-09 3.40563e-09
1.23 2.63561e-09 2.63561e-09 3.40103e-09 3.40103e-09
1.235 2.66679e-09 2.66679e-09 3.43861e-09 3.43861e-09
1.24 2.59519e-09 2.59519e-09 3.35298e-09 3.35298e-09
1.245 2.64078e-09 2.64078e-09 3.40497e-09 3.40497e-09
1.25 2.61918e-09 2.61918e-09 3.38013e-09 3.38013e-09
1.255 2.62166e-09 2.62166e-09 3.38232e-09 3.38232e-09
1.26 2.61755e-09 2.61755e-09 3.37716e-09 3.37716e-09
1.265 2.61537e-09 2.61537e-09 3.37417e-09 3.37417e-09
1.27 2.61282e-09 2.61282e-09 3.37079e-09 3.37079e-09
1.275 2.6105e-09 2.6105e-09 3.3677e-09 3.3677e-09
1.28 2.60826e-09 2.60826e-09 3.36471e-09 3.36471e-09
1.285 2.60613e-09 2.60613e-09 3.36187e-09 3.36187e-09
1.29 2.6041e-09 2.6041e-09 3.35915e-09 3.35915e-09
1.295 2.60217e-09 2.60217e-09 3.35656e-09 3.35656e-09
1.3 2.60033e-09 2.60033e-09 3.35408e-09 3.35408e-09
1.305 2.59858e-09 2.59858e-09 3.35173e-09 3.35173e-09
1.31 2.59692e-09 2.59692e-09 3.34948e-09 3.34948e-09
1.315 2.59534e-09 2.59534e-09 3.34735e-09 3.34735e-09
1.32 2.59385e-09 2.59385e-09 3.34532e-09 3.34532e-09
1.325 2.59243e-09 2.59243e-09 3.34339e-09 3.34339e-09
1.33 2.59109e-09 2.59109e-09 3.34157e-09 3.34157e-09
1.335 2.58982e-09 2.58982e-09 3.33983e-09 3.33983e-09
1.34 2.58863e-09 2.58863e-09 3.33819e-09 3.33819e-09
1.345 2.5875e-09 2.5875e-09 3.33664e-09 3.33664e-09
1.35 2.58644e-09 2.58644e-09 3.33517e-09 3.33517e-09
1.355 2.58544e-09 2.58544e-09 3.33379e-09 3.33379e-09
1.36 2.58451e-09 2.58451e-09 3.33248e-09 3.33248e-09
1.365 2.58363e-09 2.58363e-09 3.33126e-09 3.33126e-09
1.37 2.58282e-09 2.58282e-09 3.33011e-09 3.33011e-09
1.375 2.58206e-09 2.58206e-09 3.32903e-09 3.32903e-09
1.38 2.58135e-09 2.58135e-09 3.32802e-09 3.32802e-09
1.385 2.5807e-09 2.5807e-09 3.32708e-09 3.32708e-09
1.39 2.5801e-09 2.5801e-09 3.32621e-09 3.32621e-09
1.395 2.57955e-09 2.57955e-09 3.3254e-09 3.3254e-09
1.4 2.57904e-09 2.57904e-09 3.32465e-09 3.32465e-09
1.405 2.57859e-09 2.57859e-09 3.32396e-09 3.32396e-09
1.41 2.57817e-09 2.57817e-09 3.32333e-09 3.32333e-09
1.415 2.5778e-09 2.5778e-09 3.32276e-09 3.32276e-09
1.42 2.57747e-09 2.57747e-09 3.32223e-09 3.32223e-09
1.425 2.57719e-09 2.57719e-09 3.32177e-09 3.32177e-09
1.43 2.57694e-09 2.57694e-09 3.32135e-09 3.32135e-09
1.435 2.57673e-09 2.57673e-09 3.32098e-09 3.32098e-09
1.44 2.57655e-09 2.57655e-09 3.32066e-09 3.32066e-09
1.445 2.57641e-09 2.57641e-09 3.32038e-09 3.32038e-09
1.45 2.57631e-09 2.57631e-09 3.32015e-09 3.32015e-09
1.455 2.57624e-09 2.57624e-09 3.31996e-09 3.31996e-09
1.46 2.5762e-09 2.5762e-09 3.31981e-09 3.31981e-09
1.465 2.57619e-09 2.57619e-09 3.31971e-09 3.31971e-09
1.47 2.57622e-09 2.57622e-09 3.31964e-09 3.31964e-09
1.475 2.57627e-09 2.57627e-09 3.31961e-09 3.31961e-09
1.48 2.57635e-09 2.57635e-09 3.31962e-09 3.31962e-09
1.485 2.57646e-09 2.57646e-09 3.31966e-09 3.31966e-09
1.49 2.5766e-09 2.5766e-09 3.31974e-09 3.31974e-09
1.495 2.57676e-09 2.57676e-09 3.31985e-09 3.31985e-09
1.5 2.57695e-09 2.57695e-09 3.32e-09 3.32e-09
1.505 2.57716e-09 2.57716e-09 3.32017e-09 3.32017e-09
1.51 2.57739e-09 2.57739e-09 3.32038e-09 3.32038e-09
1.515 2.57765e-09 2.57765e-09 3.32062e-09 3.32062e-09
1.52 2.57793e-09 2.57793e-09 3.32088e-09 3.32088e-09
1.525 2.57824e-09 2.57824e-09 3.32118e-09 3.32118e-09
1.53 2.57856e-09 2.57856e-09 3.3215e-09 3.3215e-09
1.535 2.57891e-09 2.57891e-09 3.32185e-09 3.32185e-09
1.54 2.57927e-09 2.57927e-09 3.32222e-09 3.32222e-09
1.545 2.57966e-09 2.57966e-09 3.32262e-09 3.32262e-09
1.55 2.58006e-09 2.58006e-09 3.32304e-09 3.32304e-09
1.555 2.58048e-09 2.58048e-09 3.32349e-09 3.32349e-09
1.56 2.58092e-09 2.58092e-09 3.32396e-09 3.32396e-09
1.565 2.58137e-09 2.58137e-09 3.32445e-09 3.32445e-09
1.57 2.58185e-09 2.58185e-09 3.32496e-09 3.32496e-09
1.575 2.58234e-09 2.58234e-09 3.3255e-09 3.3255e-09
1.58 2.58284e-09 2.58284e-09 3.32606e-09 3.32606e-09
1.585 2.58337e-09 2.58337e-09 3.32663e-09 3.32663e-09
1.59 2.5839e-09 2.5839e-09 3.32723e-09 3.32723e-09
1.595 2.58445e-09 2.58445e-09 3.32785e-09 3.32785e-09
1.6 2.58502e-09 2.58502e-09 3.32848e-09 3.32848e-09
1.605 2.5856e-09 2.5856e-09 3.32913e-09 3.32913e-09
1.61 2.58619e-09 2.58619e-09 3.3298e-09 3.3298e-09
1.615 2.5868e-09 2.5868e-09 3.33049e-09 3.33049e-09
1.62 2.58742e-09 2.58742e-09 3.3312e-09 3.3312e-09
1.625 2.58806e-09 2.58806e-09 3.33192e-09 3.33192e-09
1.63 2.5887e-09 2.5887e-09 3.33266e-09 3.33266e-09
1.635 2.58936e-09 2.58936e-09 3.33341e-09 3.33341e-09
1.64 2.59003e-09 2.59003e-09 3.33418e-09 3.33418e-09
1.645 2.59071e-09 2.59071e-09 3.33497e-09 3.33497e-09
1.65 2.59141e-09 2.59141e-09 3.33577e-09 3.33577e-09
1.655 2.59211e-09 2.59211e-09 3.33658e-09 3.33658e-09
1.66 2.59275e-09 2.59275e-09 3.33731e-09 3.33731e-09
1.665 2.60104e-09 2.60104e-09 3.35968e-09 3.35968e-09
1.67 2.56742e-09 2.56742e-09 3.31959e-09 3.31959e-09
1.675 2.61134e-09 2.61134e-09 3.36176e-09 3.36176e-09
1.68 2.5821e-09 2.5821e-09 3.33533e-09 3.33533e-09
1.685 2.59936e-09 2.59936e-09 3.35092e-09 3.35092e-09
1.69 2.59212e-09 2.59212e-09 3.34477e-09 3.34477e-09
1.695 2.59669e-09 2.59669e-09 3.34897e-09 3.34897e-09
1.7 2.59581e-09 2.59581e-09 3.34845e-09 3.34845e-09
1.705 2.59738e-09 2.59738e-09 3.35004e-09 3.35004e-09
1.71 2.59788e-09 2.59788e-09 3.35072e-09 3.35072e-09
1.715 2.59886e-09 2.59886e-09 3.35181e-09 3.35181e-09
1.72 2.59964e-09 2.59964e-09 3.35273e-09 3.35273e-09
1.725 2.60052e-09 2.60052e-09 3.35375e-09 3.35375e-09
1.73 2.60137e-09 2.60137e-09 3.35474e-09 3.35474e-09
1.735 2.60224e-09 2.60224e-09 3.35575e-09 3.35575e-09
1.74 2.60312e-09 2.60312e-09 3.35678e-09 3.35678e-09
1.745 2.604e-09 2.604e-09 3.35781e-09 3.35781e-09
1.75 2.6049e-09 2.6049e-09 3.35886e-09 3.35886e-09
1.755 2.6058e-09 2.6058e-09 3.35991e-09 3.35991e-09
1.76 2.60671e-09 2.60671e-09 3.36098e-09 3.36098e-09
1.765 2.60763e-09 2.60763e-09 3.36206e-09 3.36206e-09
1.77 2.60856e-09 2.60856e-09 3.36315e-09 3.36315e-09
1.775 2.6095e-09 2.6095e-09 3.36425e-09 3.36425e-09
1.78 2.61044e-09 2.61044e-09 3.36536e-09 3.36536e-09
1.785 2.61139e-09 2.61139e-09 3.36648e-09 3.36648e-09
1.79 2.61235e-09 2.61235e-09 3.36761e-09 3.36761e-09
1.795 2.61332e-09 2.61332e-09 3.36875e-09 3.36875e-09
1.8 2.6143e-09 2.6143e-09 3.3699e-09 3.3699e-09
1.805 2.61528e-09 2.61528e-09 3.37107e-09 3.37107e-09
1.81 2.61627e-09 2.61627e-09 3.37224e-09 3.37224e-09
1.815 2.61727e-09 2.61727e-09 3.37342e-09 3.37342e-09
1.82 2.61828e-09 2.61828e-09 3.37462e-09 3.37462e-09
1.825 2.6193e-09 2.6193e-09 3.37582e-09 3.37582e-09
1.83 2.62032e-09 2.62032e-09 3.37703e-09 3.37703e-09
1.835 2.62035e-09 2.62035e-09 3.38049e-09 3.38049e-09
1.84 2.62315e-09 2.62315e-09 3.37776e-09 3.37776e-09
1.845 2.62318e-09 2.62318e-09 3.3814e-09 3.3814e-09
1.85 2.62456e-09 2.62456e-09 3.38182e-09 3.38182e-09
1.855 2.62553e-09 2.62553e-09 3.38335e-09 3.38335e-09
1.86 2.62663e-09 2.62663e-09 3.38454e-09 3.38454e-09
1.865 2.6277e-09 2.6277e-09 3.38585e-09 3.38585e-09
1.87 2.62879e-09 2.62879e-09 3.38713e-09 3.38713e-09
1.875 2.62988e-09 2.62988e-09 3.38844e-09 3.38844e-09
1.88 2.63015e-09 2.63015e-09 3.39213e-09 3.39213e-09
1.885 2.63268e-09 2.63268e-09 3.3892e-09 3.3892e-09
1.89 2.63304e-09 2.63304e-09 3.39316e-09 3.39316e-09
1.895 2.63438e-09 2.63438e-09 3.39357e-09 3.39357e-09
1.9 2.63546e-09 2.63546e-09 3.39523e-09 3.39523e-09
1.905 2.63662e-09 2.63662e-09 3.3965e-09 3.3965e-09
1.91 2.63777e-09 2.63777e-09 3.39791e-09 3.39791e-09
1.915 2.63892e-09 2.63892e-09 3.39929e-09 3.39929e-09
1.92 2.64009e-09 2.64009e-09 3.40069e-09 3.40069e-09
1.925 2.64127e-09 2.64127e-09 3.4021e-09 3.4021e-09
1.93 2.64245e-09 2.64245e-09 3.40353e-09 3.40353e-09
1.935 2.64365e-09 2.64365e-09 3.40496e-09 3.40496e-09
1.94 2.64485e-09 2.64485e-09 3.40641e-09 3.40641e-09
1.945 2.64606e-09 2.64606e-09 3.40786e-09 3.40786e-09
1.95 2.64728e-09 2.64728e-09 3.40933e-09 3.40933e-09
1.955 2.64851e-09 2.64851e-09 3.41081e-09 3.41081e-09
1.96 2.64974e-09 2.64974e-09 3.41231e-09 3.41231e-09
1.965 2.65099e-09 2.65099e-09 3.41381e-09 3.41381e-09
1.97 2.65224e-09 2.65224e-09 3.41533e-09 3.41533e-09
1.975 2.65351e-09 2.65351e-09 3.41685e-09 3.41685e-09
1.98 2.65478e-09 2.65478e-09 3.4184e-09 3.4184e-09
1.985 2.65606e-09 2.65606e-09 3.41995e-09 3.41995e-09
1.99 2.65736e-09 2.65736e-09 3.42151e-09 3.42151e-09
1.995 2.65866e-09 2.65866e-09 3.42309e-09 3.42309e-09
2 2.65997e-09 2.65997e-09 3.42469e-09 3.42469e-09
2.005 2.6613e-09 2.6613e-09 3.42629e-09 3.42629e-09
2.01 2.66263e-09 2.66263e-09 3.42791e-09 3.42791e-09
2.015 2.66397e-09 2.66397e-09 3.42954e-09 3.42954e-09
2.02 2.66533e-09 2.66533e-09 3.43119e-09 3.43119e-09
2.025 2.66669e-09 2.66669e-09 3.43285e-09 3.43285e-09
2.03 2.66807e-09 2.66807e-09 3.43452e-09 3.43452e-09
2.035 2.66945e-09 2.66945e-09 3.43621e-09 3.43621e-09
2.04 2.67085e-09 2.67085e-09 3.43791e-09 3.43791e-09
2.045 2.67226e-09 2.67226e-09 3.43963e-09 3.43963e-09
2.05 2.67368e-09 2.67368e-09 3.44136e-09 3.44136e-09
2.055 2.67511e-09 2.67511e-09 3.44311e-09 3.44311e-09
2.06 2.67655e-09 2.67655e-09 3.44487e-09 3.44487e-09
2.065 2.67801e-09 2.67801e-09 3.44665e-09 3.44665e-09
2.07 2.67948e-09 2.67948e-09 3.44845e-09 3.44845e-09
2.075 2.68096e-09 2.68096e-09 3.45026e-09 3.45026e-09
2.08 2.68245e-09 2.68245e-09 3.45209e-09 3.45209e-09
2.085 2.68396e-09 2.68396e-09 3.45393e-09 3.45393e-09
2.09 2.68548e-09 2.68548e-09 3.4558e-09 3.4558e-09
2.095 2.68701e-09 2.68701e-09 3.45768e-09 3.45768e-09
2.1 2.68856e-09 2.68856e-09 3.45957e-09 3.45957e-09
2.105 2.69012e-09 2.69012e-09 3.46149e-09 3.46149e-09
2.11 2.69169e-09 2.69169e-09 3.46343e-09 3.46343e-09
2.115 2.69329e-09 2.69329e-09 3.46538e-09 3.46538e-09
2.12 2.69489e-09 2.69489e-09 3.46736e-09 3.46736e-09
2.125 2.69651e-09 2.69651e-09 3.46935e-09 3.46935e-09
2.13 2.69815e-09 2.69815e-09 3.47136e-09 3.47136e-09
2.135 2.6998e-09 2.6998e-09 3.4734e-09 3.4734e-09
2.14 2.70147e-09 2.70147e-09 3.47546e-09 3.47546e-09
2.145 2.70315e-09 2.70315e-09 3.47753e-09 3.47753e-09
2.15 2.70485e-09 2.70485e-09 3.47963e-09 3.47963e-09
2.155 2.70657e-09 2.70657e-09 3.48176e-09 3.48176e-09
2.16 2.70831e-09 2.70831e-09 3.4839e-09 3.4839e-09
2.165 2.71007e-09 2.71007e-09 3.48607e-09 3.48607e-09
2.17 2.71184e-09 2.71184e-09 3.48827e-09 3.48827e-09
2.175 2.71363e-09 2.71363e-09 3.49049e-09 3.49049e-09
2.18 2.71545e-09 2.71545e-09 3.49273e-09 3.49273e-09
2.185 2.71728e-09 2.71728e-09 3.495e-09 3.495e-09
2.19 2.71913e-09 2.71913e-09 3.4973e-09 3.4973e-09
2.195 2.72101e-09 2.72101e-09 3.49963e-09 3.49963e-09
2.2 2.7229e-09 2.7229e-09 3.50198e-09 3.50198e-09
2.205 2.72482e-09 2.72482e-09 3.50436e-09 3.50436e-09
2.21 2.72677e-09 2.72677e-09 3.50677e-09 3.50677e-09
2.215 2.72873e-09 2.72873e-09 3.50922e-09 3.50922e-09
2.22 2.73072e-09 2.73072e-09 3.51169e-09 3.51169e-09
2.225 2.73274e-09 2.73274e-09 3.5142e-09 3.5142e-09
2.23 2.73478e-09 2.73478e-09 3.51674e-09 3.51674e-09
2.235 2.73684e-09 2.73684e-09 3.51931e-09 3.51931e-09
2.24 2.73894e-09 2.73894e-09 3.52192e-09 3.52192e-09
2.245 2.74106e-09 2.74106e-09 3.52457e-09 3.52457e-09
2.25 2.74321e-09 2.74321e-09 3.52725e-09 3.52725e-09
2.255 2.74539e-09 2.74539e-09 3.52997e-09 3.52997e-09
2.26 2.7476e-09 2.7476e-09 3.53274e-09 3.53274e-09
2.265 2.74985e-09 2.74985e-09 3.53554e-09 3.53554e-09
2.27 2.75212e-09 2.75212e-09 3.53839e-09 3.53839e-09
2.275 2.75443e-09 2.75443e-09 3.54128e-09 3.54128e-09
2.28 2.75678e-09 2.75678e-09 3.54422e-09 3.54422e-09
2.285 2.75916e-09 2.75916e-09 3.5472e-09 3.5472e-09
2.29 2.76158e-09 2.76158e-09 3.55023e-09 3.55023e-09
2.295 2.76404e-09 2.76404e-09 3.55332e-09 3.55332e-09
2.3 2.76654e-09 2.76654e-09 3.55646e-09 3.55646e-09
2.305 2.76909e-09 2.76909e-09 3.55965e-09 3.55965e-09
2.31 2.77167e-09 2.77167e-09 3.5629e-09 3.5629e-09
2.315 2.77431e-09 2.77431e-09 3.56621e-09 3.56621e-09
2.32 2.77699e-09 2.77699e-09 3.56958e-09 3.56958e-09
2.325 2.77972e-09 2.77972e-09 3.57301e-09 3.57301e-09
2.33 2.7825e-09 2.7825e-09 3.57652e-09 3.57652e-09
2.335 2.78534e-09 2.78534e-09 3.58009e-09 3.58009e-09
2.34 2.78823e-09 2.78823e-09 3.58374e-09 3.58374e-09
2.345 2.79119e-09 2.79119e-09 3.58746e-09 3.58746e-09
2.35 2.7942e-09 2.7942e-09 3.59127e-09 3.59127e-09
2.355 2.79728e-09 2.79728e-09 3.59516e-09 3.59516e-09
2.36 2.80044e-09 2.80044e-09 3.59914e-09 3.59914e-09
2.365 2.80366e-09 2.80366e-09 3.60322e-09 3.60322e-09
2.37 2.80696e-09 2.80696e-09 3.6074e-09 3.6074e-09
2.375 2.81034e-09 2.81034e-09 3.61168e-09 3.61168e-09
2.38 2.81381e-09 2.81381e-09 3.61607e-09 3.61607e-09
2.385 2.81737e-09 2.81737e-09 3.62059e-09 3.62059e-09
2.39 2.82103e-09 2.82103e-09 3.62523e-09 3.62523e-09
2.395 2.82479e-09 2.82479e-09 3.63e-09 3.63e-09
2.4 2.82866e-09 2.82866e-09 3.63492e-09 3.63492e-09
2.405 2.83265e-09 2.83265e-09 3.64e-09 3.64e-09
2.41 2.83677e-09 2.83677e-09 3.64524e-09 3.64524e-09
2.415 2.84103e-09 2.84103e-09 3.65066e-09 3.65066e-09
2.42 2.84543e-09 2.84543e-09 3.65627e-09 3.65627e-09
2.425 2.85e-09 2.85e-09 3.6621e-09 3.6621e-09
2.43 2.85475e-09 2.85475e-09 3.66817e-09 3.66817e-09
2.435 2.85969e-09 2.85969e-09 3.67448e-09 3.67448e-09
2.44 2.86485e-09 2.86485e-09 3.68109e-09 3.68109e-09
2.445 2.87025e-09 2.87025e-09 3.68801e-09 3.68801e-09
2.45 2.8386e-09 2.8386e-09 3.6499e-09 3.6499e-09
2.455 2.91858e-09 2.91858e-09 3.74559e-09 3.74559e-09
2.46 2.872e-09 2.872e-09 3.69285e-09 3.69285e-09
2.465 2.90744e-09 2.90744e-09 3.74883e-09 3.74883e-09
2.47 2.87285e-09 2.87285e-09 3.70732e-09 3.70732e-09
2.475 2.92667e-09 2.92667e-09 3.76246e-09 3.76246e-09
2.48 2.90387e-09 2.90387e-09 3.74476e-09 3.74476e-09
2.485 2.93049e-09 2.93049e-09 3.77257e-09 3.77257e-09
2.49 2.95081e-09 2.95081e-09 3.82946e-09 3.82946e-09
2.495 2.87405e-09 2.87405e-09 3.70876e-09 3.70876e-09
2.5 3.06872e-09 3.06872e-09 3.94717e-09 3.94717e-09
2.505 2.76904e-09 2.76904e-09 3.55439e-09 3.55439e-09
2.51 2.93161e-09 2.93161e-09 3.71037e-09 3.71037e-09
2.515 2.51556e-09 2.51556e-09 3.25065e-09 3.25065e-09
2.52 2.75168e-09 2.75168e-09 3.48818e-09 3.48818e-09
2.525 2.35475e-09 2.35475e-09 3.04367e-09 3.04367e-09
2.53 2.59346e-09 2.59346e-09 3.28191e-09 3.28191e-09
2.535 2.21172e-09 2.21172e-09 2.88389e-09 2.88389e-09
2.54 2.36829e-09 2.36829e-09 3.00029e-09 3.00029e-09
2.545 2.15987e-09 2.15987e-09 2.78555e-09 2.78555e-09
2.55 2.16018e-09 2.16018e-09 2.75745e-09 2.75745e-09
2.555 2.05921e-09 2.05921e-09 2.64144e-09 2.64144e-09
2.56 2.0092e-09 2.0092e-09 2.57054e-09 2.57054e-09
2.565 1.93893e-09 1.93893e-09 2.48312e-09 2.48312e-09
2.57 1.88066e-09 1.88066e-09 2.40682e-09 2.40682e-09
2.575 1.81989e-09 1.81989e-09 2.32926e-09 2.32926e-09
2.58 1.76296e-09 1.76296e-09 2.25578e-09 2.25578e-09
2.585 1.70698e-09 1.70698e-09 2.18393e-09 2.18393e-09
2.59 1.65314e-09 1.65314e-09 2.11467e-09 2.11467e-09
2.595 1.60084e-09 1.60084e-09 2.04747e-09 2.04747e-09
2.6 1.55027e-09 1.55027e-09 1.98247e-09 1.98247e-09
2.605 1.50126e-09 1.50126e-09 1.91951e-09 1.91951e-09
2.61 1.45382e-09 1.45382e-09 1.85856e-09 1.85856e-09
2.615 1.40787e-09 1.40787e-09 1.79954e-09 1.79954e-09
2.62 1.36338e-09 1.36338e-09 1.74239e-09 1.74239e-09
2.625 1.32029e-09 1.32029e-09 1.68706e-09 1.68706e-09
2.63 1.27856e-09 1.27856e-09 1.63349e-09 1.63349e-09
2.635 1.23816e-09 1.23816e-09 1.58163e-09 1.58163e-09
2.64 1.19903e-09 1.19903e-09 1.5314e-09 1.5314e-09
2.645 1.16114e-09 1.16114e-09 1.48278e-09 1.48278e-09
2.65 1.12444e-09 1.12444e-09 1.4357e-09 1.4357e-09
2.655 1.08891e-09 1.08891e-09 1.39011e-09 1.39011e-09
2.66 1.0545e-09 1.0545e-09 1.34597e-09 1.34597e-09
2.665 1.02118e-09 1.02118e-09 1.30324e-09 1.30324e-09
2.67 9.88906e-10 9.88906e-10 1.26186e-09 1.26186e-09
2.675 9.57656e-10 9.57656e-10 1.22179e-09 1.22179e-09
2.68 9.27395e-10 9.27395e-10 1.183e-09 1.183e-09
2.685 8.98089e-10 8.98089e-10 1.14544e-09 1.14544e-09
2.69 8.6971e-10 8.6971e-10 1.10907e-09 1.10907e-09
2.695 8.42228e-10 8.42228e-10 1.07386e-09 1.07386e-09
2.7 8.15615e-10 8.15615e-10 1.03976e-09 1.03976e-09
2.705 7.87105e-10 7.87105e-10 1.00536e-09 1.00536e-09
2.71 7.67484e-10 7.67484e-10 9.76293e-10 9.76293e-10
2.715 7.39626e-10 7.39626e-10 9.43144e-10 9.43144e-10
2.72 7.17618e-10 7.17618e-10 9.14046e-10 9.14046e-10
2.725 6.94548e-10 6.94548e-10 8.84797e-10 8.84797e-10
2.73 6.72712e-10 6.72712e-10 8.56761e-10 8.56761e-10
2.735 6.51426e-10 6.51426e-10 8.29546e-10 8.29546e-10
2.74 6.30852e-10 6.30852e-10 8.03212e-10 8.03212e-10
2.745 6.10916e-10 6.10916e-10 7.77709e-10 7.77709e-10
2.75 5.91614e-10 5.91614e-10 7.53018e-10 7.53018e-10
2.755 5.72921e-10 5.72921e-10 7.2911e-10 7.2911e-10
2.76 5.54819e-10 5.54819e-10 7.05961e-10 7.05961e-10
2.765 5.37289e-10 5.37289e-10 6.83547e-10 6.83547e-10
2.77 5.20312e-10 5.20312e-10 6.61845e-10 6.61845e-10
2.775 5.03873e-10 5.03873e-10 6.40831e-10 6.40831e-10
2.78 4.87952e-10 4.87952e-10 6.20485e-10 6.20485e-10
2.785 4.72535e-10 4.72535e-10 6.00785e-10 6.00785e-10
2.79 4.57605e-10 4.57605e-10 5.8171e-10 5.8171e-10
2.795 4.43146e-10 4.43146e-10 5.63241e-10 5.63241e-10
2.8 4.29145e-10 4.29145e-10 5.45358e-10 5.45358e-10
2.805 4.15585e-10 4.15585e-10 5.28043e-10 5.28043e-10
2.81 4.02454e-10 4.02454e-10 5.11277e-10 5.11277e-10
2.815 3.89739e-10 3.89739e-10 4.95044e-10 4.95044e-10
2.82 3.77424e-10 3.77424e-10 4.79326e-10 4.79326e-10
2.825 3.65499e-10 3.65499e-10 4.64107e-10 4.64107e-10
2.83 3.53951e-10 3.53951e-10 4.49371e-10 4.49371e-10
2.835 3.42767e-10 3.42767e-10 4.35103e-10 4.35103e-10
2.84 3.31937e-10 3.31937e-10 4.21288e-10 4.21288e-10
2.845 3.21449e-10 3.21449e-10 4.07911e-10 4.07911e-10
2.85 3.11292e-10 3.11292e-10 3.94959e-10 3.94959e-10
2.855 3.01457e-10 3.01457e-10 3.82418e-10 3.82418e-10
2.86 2.91932e-10 2.91932e-10 3.70276e-10 3.70276e-10
2.865 2.82707e-10 2.82707e-10 3.58518e-10 3.58518e-10
2.87 2.73775e-10 2.73775e-10 3.47134e-10 3.47134e-10
2.875 2.65124e-10 2.65124e-10 3.36112e-10 3.36112e-10
2.88 2.56747e-10 2.56747e-10 3.25439e-10 3.25439e-10
2.885 2.48634e-10 2.48634e-10 3.15105e-10 3.15105e-10
2.89 2.40778e-10 2.40778e-10 3.05099e-10 3.05099e-10
2.895 2.3317e-10 2.3317e-10 2.95411e-10 2.95411e-10
2.9 2.25802e-10 2.25802e-10 2.8603e-10 2.8603e-10
2.905 2.18667e-10 2.18667e-10 2.76947e-10 2.76947e-10
2.91 2.11757e-10 2.11757e-10 2.68152e-10 2.68152e-10
2.915 2.05066e-10 2.05066e-10 2.59637e-10 2.59637e-10
2.92 1.98586e-10 1.98586e-10 2.51391e-10 2.51391e-10
2.925 1.9231e-10 1.9231e-10 2.43408e-10 2.43408e-10
2.93 1.86233e-10 1.86233e-10 2.35678e-10 2.35678e-10
2.935 1.80348e-10 1.80348e-10 2.28193e-10 2.28193e-10
2.94 1.74649e-10 1.74649e-10 2.20946e-10 2.20946e-10
2.945 1.6913e-10 1.6913e-10 2.13929e-10 2.13929e-10
2.95 1.63785e-10 1.63785e-10 2.07135e-10 2.07135e-10
2.955 1.58609e-10 1.58609e-10 2.00556e-10 2.00556e-10
2.96 1.53596e-10 1.53596e-10 1.94186e-10 1.94186e-10
2.965 1.48742e-10 1.48742e-10 1.88019e-10 1.88019e-10
2.97 1.44041e-10 1.44041e-10 1.82047e-10 1.82047e-10
2.975 1.39489e-10 1.39489e-10 1.76264e-10 1.76264e-10
2.98 1.35081e-10 1.35081e-10 1.70666e-10 1.70666e-10
2.985 1.30811e-10 1.30811e-10 1.65245e-10 1.65245e-10
2.99 1.26677e-10 1.26677e-10 1.59996e-10 1.59996e-10
2.995 1.22673e-10 1.22673e-10 1.54913e-10 1.54913e-10
3 1.18796e-10 1.18796e-10 1.49992e-10 1.49992e-10
3.005 1.15041e-10 1.15041e-10 1.45228e-10 1.45228e-10
3.01 1.11405e-10 1.11405e-10 1.40614e-10 1.40614e-10
3.015 1.07883e-10 1.07883e-10 1.36147e-10 1.36147e-10
3.02 1.04473e-10 1.04473e-10 1.31822e-10 1.31822e-10
3.025 1.0117e-10 1.0117e-10 1.27634e-10 1.27634e-10
3.03 9.79723e-11 9.79723e-11 1.23579e-10 1.23579e-10
3.035 9.48752e-11 9.48752e-11 1.19653e-10 1.19653e-10
3.04 9.18759e-11 9.18759e-11 1.15851e-10 1.15851e-10
3.045 8.89713e-11 8.89713e-11 1.1217e-10 1.1217e-10
3.05 8.61585e-11 8.61585e-11 1.08606e-10 1.08606e-10
3.055 8.34345e-11 8.34345e-11 1.05155e-10 1.05155e-10
3.06 8.07966e-11 8.07966e-11 1.01813e-10 1.01813e-10
3.065 7.8242e-11 7.8242e-11 9.85779e-11 9.85779e-11
3.07 7.57681e-11 7.57681e-11 9.54452e-11 9.54452e-11
3.075 7.33724e-11 7.33724e-11 9.2412e-11 9.2412e-11
3.08 7.10523e-11 7.10523e-11 8.94751e-11 8.94751e-11
3.085 6.88055e-11 6.88055e-11 8.66314e-11 8.66314e-11
3.09 6.66297e-11 6.66297e-11 8.3878e-11 8.3878e-11
3.095 6.45226e-11 6.45226e-11 8.1212e-11 8.1212e-11
3.1 6.24821e-11 6.24821e-11 7.86306e-11 7.86306e-11
3.105 6.0506e-11 6.0506e-11 7.61312e-11 7.61312e-11
3.11 5.85923e-11 5.85923e-11 7.37111e-11 7.37111e-11
3.115 5.67391e-11 5.67391e-11 7.13679e-11 7.13679e-11
3.12 5.49445e-11 5.49445e-11 6.9099e-11 6.9099e-11
3.125 5.32065e-11 5.32065e-11 6.69022e-11 6.69022e-11
3.13 5.15234e-11 5.15234e-11 6.47751e-11 6.47751e-11
3.135 4.98935e-11 4.98935e-11 6.27156e-11 6.27156e-11
3.14 4.83151e-11 4.83151e-11 6.07214e-11 6.07214e-11
3.145 4.67866e-11 4.67866e-11 5.87906e-11 5.87906e-11
3.15 4.53063e-11 4.53063e-11 5.6921e-11 5.6921e-11
3.155 4.38728e-11 4.38728e-11 5.51108e-11 5.51108e-11
3.16 4.24846e-11 4.24846e-11 5.33581e-11 5.33581e-11
3.165 4.11402e-11 4.11402e-11 5.1661e-11 5.1661e-11
3.17 3.98383e-11 3.98383e-11 5.00178e-11 5.00178e-11
3.175 3.85776e-11 3.85776e-11 4.84268e-11 4.84268e-11
3.18 3.73566e-11 3.73566e-11 4.68863e-11 4.68863e-11
3.185 3.61743e-11 3.61743e-11 4.53947e-11 4.53947e-11
3.19 3.50293e-11 3.50293e-11 4.39505e-11 4.39505e-11
3.195 3.39204e-11 3.39204e-11 4.25521e-11 4.25521e-11
3.2 3.28466e-11 3.28466e-11 4.11982e-11 4.11982e-11
3.205 3.18067e-11 3.18067e-11 3.98872e-11 3.98872e-11
3.21 3.07997e-11 3.07997e-11 3.86178e-11 3.86178e-11
3.215 2.98245e-11 2.98245e-11 3.73888e-11 3.73888e-11
3.22 2.88801e-11 2.88801e-11 3.61988e-11 3.61988e-11
3.225 2.79656e-11 2.79656e-11 3.50466e-11 3.50466e-11
3.23 2.70799e-11 2.70799e-11 3.39309e-11 3.39309e-11
3.235 2.62222e-11 2.62222e-11 3.28507e-11 3.28507e-11
3.24 2.53916e-11 2.53916e-11 3.18048e-11 3.18048e-11
3.245 2.45873e-11 2.45873e-11 3.07921e-11 3.07921e-11
3.25 2.38084e-11 2.38084e-11 2.98116e-11 2.98116e-11
3.255 2.30541e-11 2.30541e-11 2.88622e-11 2.88622e-11
3.26 2.23236e-11 2.23236e-11 2.7943e-11 2.7943e-11
3.265 2.16162e-11 2.16162e-11 2.70529e-11 2.70529e-11
3.27 2.09312e-11 2.09312e-11 2.61912e-11 2.61912e-11
3.275 2.02678e-11 2.02678e-11 2.53568e-11 2.53568e-11
3.28 1.96254e-11 1.96254e-11 2.45489e-11 2.45489e-11
3.285 1.90032e-11 1.90032e-11 2.37666e-11 2.37666e-11
3.29 1.84008e-11 1.84008e-11 2.30092e-11 2.30092e-11
3.295 1.78173e-11 1.78173e-11 2.22759e-11 2.22759e-11
3.3 1.72524e-11 1.72524e-11 2.15658e-11 2.15658e-11
3.305 1.67052e-11 1.67052e-11 2.08784e-11 2.08784e-11
3.31 1.61754e-11 1.61754e-11 2.02127e-11 2.02127e-11
3.315 1.56623e-11 1.56623e-11 1.95682e-11 1.95682e-11
3.32 1.51654e-11 1.51654e-11 1.89442e-11 1.89442e-11
3.325 1.46843e-11 1.46843e-11 1.834e-11 1.834e-11
3.33 1.42183e-11 1.42183e-11 1.7755e-11 1.7755e-11
3.335 1.37671e-11 1.37671e-11 1.71885e-11 1.71885e-11
3.34 1.33301e-11 1.33301e-11 1.66401e-11 1.66401e-11
3.345 1.2907e-11 1.2907e-11 1.61091e-11 1.61091e-11
3.35 1.24972e-11 1.24972e-11 1.5595e-11 1.5595e-11
3.355 1.21004e-11 1.21004e-11 1.50972e-11 1.50972e-11
3.36 1.17161e-11 1.17161e-11 1.46152e-11 1.46152e-11
3.365 1.13439e-11 1.13439e-11 1.41486e-11 1.41486e-11
3.37 1.09836e-11 1.09836e-11 1.36967e-11 1.36967e-11
3.375 1.06346e-11 1.06346e-11 1.32593e-11 1.32593e-11
3.38 1.02967e-11 1.02967e-11 1.28357e-11 1.28357e-11
3.385 9.96943e-12 9.96943e-12 1.24256e-11 1.24256e-11
3.39 9.65253e-12 9.65253e-12 1.20285e-11 1.20285e-11
3.395 9.34565e-12 9.34565e-12 1.16441e-11 1.16441e-11
3.4 9.04848e-12 9.04848e-12 1.12718e-11 1.12718e-11
3.405 8.7607e-12 8.7607e-12 1.09114e-11 1.09114e-11
3.41 8.48202e-12 8.48202e-12 1.05625e-11 1.05625e-11
3.415 8.21216e-12 8.21216e-12 1.02247e-11 1.02247e-11
3.42 7.95083e-12 7.95083e-12 9.89754e-12 9.89754e-12
3.425 7.69777e-12 7.69777e-12 9.58083e-12 9.58083e-12
3.43 7.45272e-12 7.45272e-12 9.2742e-12 9.2742e-12
3.435 7.21541e-12 7.21541e-12 8.97731e-12 8.97731e-12
3.44 6.98562e-12 6.98562e-12 8.68986e-12 8.68986e-12
3.445 6.76309e-12 6.76309e-12 8.41155e-12 8.41155e-12
3.45 6.5476e-12 6.5476e-12 8.14209e-12 8.14209e-12
3.455 6.33894e-12 6.33894e-12 7.88121e-12 7.88121e-12
3.46 6.13687e-12 6.13687e-12 7.62862e-12 7.62862e-12
3.465 5.9412e-12 5.9412e-12 7.38406e-12 7.38406e-12
3.47 5.75172e-12 5.75172e-12 7.14728e-12 7.14728e-12
3.475 5.56824e-12 5.56824e-12 6.91804e-12 6.91804e-12
3.48 5.39056e-12 5.39056e-12 6.69609e-12 6.69609e-12
3.485 5.21851e-12 5.21851e-12 6.4812e-12 6.4812e-12
3.49 5.05191e-12 5.05191e-12 6.27315e-12 6.27315e-12
3.495 4.89057e-12 4.89057e-12 6.07171e-12 6.07171e-12
3.5 4.73435e-12 4.73435e-12 5.87669e-12 5.87669e-12
3.505 4.58307e-12 4.58307e-12 5.68787e-12 5.68787e-12
3.51 4.43658e-12 4.43658e-12 5.50507e-12 5.50507e-12
3.515 4.29473e-12 4.29473e-12 5.32808e-12 5.32808e-12
3.52 4.15738e-12 4.15738e-12 5.15672e-12 5.15672e-12
3.525 4.02437e-12 4.02437e-12 4.99082e-12 4.99082e-12
3.53 3.89557e-12 3.89557e-12 4.8302e-12 4.8302e-12
3.535 3.77086e-12 3.77086e-12 4.6747e-12 4.6747e-12
3.54 3.65009e-12 3.65009e-12 4.52415e-12 4.52415e-12
3.545 3.53315e-12 3.53315e-12 4.37839e-12 4.37839e-12
3.55 3.41992e-12 3.41992e-12 4.23727e-12 4.23727e-12
3.555 3.31027e-12 3.31027e-12 4.10065e-12 4.10065e-12
3.56 3.2041e-12 3.2041e-12 3.96838e-12 3.96838e-12
3.565 3.1013e-12 3.1013e-12 3.84033e-12 3.84033e-12
3.57 3.00175e-12 3.00175e-12 3.71635e-12 3.71635e-12
3.575 2.90536e-12 2.90536e-12 3.59633e-12 3.59633e-12
3.58 2.81202e-12 2.81202e-12 3.48013e-12 3.48013e-12
3.585 2.72164e-12 2.72164e-12 3.36763e-12 3.36763e-12
3.59 2.63413e-12 2.63413e-12 3.25872e-12 3.25872e-12
3.595 2.54939e-12 2.54939e-12 3.15328e-12 3.15328e-12
3.6 2.46735e-12 2.46735e-12 3.0512e-12 3.0512e-12
3.605 2.3879e-12 2.3879e-12 2.95238e-12 2.95238e-12
3.61 2.31097e-12 2.31097e-12 2.85671e-12 2.85671e-12
3.615 2.23649e-12 2.23649e-12 2.76409e-12 2.76409e-12
3.62 2.16436e-12 2.16436e-12 2.67442e-12 2.67442e-12
3.625 2.09453e-12 2.09453e-12 2.58762e-12 2.58762e-12
3.63 2.02692e-12 2.02692e-12 2.50358e-12 2.50358e-12
3.635 1.96144e-12 1.96144e-12 2.42223e-12 2.42223e-12
3.64 1.89805e-12 1.89805e-12 2.34347e-12 2.34347e-12
3.645 1.83667e-12 1.83667e-12 2.26723e-12 2.26723e-12
3.65 1.77724e-12 1.77724e-12 2.19342e-12 2.19342e-12
3.655 1.7197e-12 1.7197e-12 2.12197e-12 2.12197e-12
3.66 1.66399e-12 1.66399e-12 2.0528e-12 2.0528e-12
3.665 1.61004e-12 1.61004e-12 1.98584e-12 1.98584e-12
3.67 1.55781e-12 1.55781e-12 1.92101e-12 1.92101e-12
3.675 1.50724e-12 1.50724e-12 1.85826e-12 1.85826e-12
3.68 1.45828e-12 1.45828e-12 1.79752e-12 1.79752e-12
3.685 1.41088e-12 1.41088e-12 1.73871e-12 1.73871e-12
3.69 1.36498e-12 1.36498e-12 1.68179e-12 1.68179e-12
3.695 1.32054e-12 1.32054e-12 1.62669e-12 1.62669e-12
3.7 1.27751e-12 1.27751e-12 1.57335e-12 1.57335e-12
3.705 1.23586e-12 1.23586e-12 1.52171e-12 1.52171e-12
3.71 1.19553e-12 1.19553e-12 1.47173e-12 1.47173e-12
3.715 1.15648e-12 1.15648e-12 1.42335e-12 1.42335e-12
3.72 1.11868e-12 1.11868e-12 1.37651e-12 1.37651e-12
3.725 1.08208e-12 1.08208e-12 1.33118e-12 1.33118e-12
3.73 1.04665e-12 1.04665e-12 1.28729e-12 1.28729e-12
3.735 1.01234e-12 1.01234e-12 1.24482e-12 1.24482e-12
3.74 9.79129e-13 9.79129e-13 1.2037e-12 1.2037e-12
3.745 9.46975e-13 9.46975e-13 1.1639e-12 1.1639e-12
3.75 9.15848e-13 9.15848e-13 1.12538e-12 1.12538e-12
3.755 8.85711e-13 8.85711e-13 1.08809e-12 1.08809e-12
3.76 8.56538e-13 8.56538e-13 1.052e-12 1.052e-12
3.765 8.28293e-13 8.28293e-13 1.01706e-12 1.01706e-12
3.77 8.00951e-13 8.00951e-13 9.83248e-13 9.83248e-13
3.775 7.74481e-13 7.74481e-13 9.50519e-13 9.50519e-13
3.78 7.48857e-13 7.48857e-13 9.18842e-13 9.18842e-13
3.785 7.24051e-13 7.24051e-13 8.88182e-13 8.88182e-13
3.79 7.00037e-13 7.00037e-13 8.58507e-13 8.58507e-13
3.795 6.76791e-13 6.76791e-13 8.29786e-13 8.29786e-13
3.8 6.54288e-13 6.54288e-13 8.01988e-13 8.01988e-13
3.805 6.32505e-13 6.32505e-13 7.75084e-13 7.75084e-13
3.81 6.11419e-13 6.11419e-13 7.49045e-13 7.49045e-13
3.815 5.91007e-13 5.91007e-13 7.23845e-13 7.23845e-13
3.82 5.71248e-13 5.71248e-13 6.99455e-13 6.99455e-13
3.825 5.52123e-13 5.52123e-13 6.75852e-13 6.75852e-13
3.83 5.3361e-13 5.3361e-13 6.53007e-13 6.53007e-13
3.835 5.15691e-13 5.15691e-13 6.30901e-13 6.30901e-13
3.84 4.98345e-13 4.98345e-13 6.09505e-13 6.09505e-13
3.845 4.81556e-13 4.81556e-13 5.88801e-13 5.88801e-13
3.85 4.65306e-13 4.65306e-13 5.68765e-13 5.68765e-13
3.855 4.49576e-13 4.49576e-13 5.49374e-13 5.49374e-13
3.86 4.34353e-13 4.34353e-13 5.30612e-13 5.30612e-13
3.865 4.19618e-13 4.19618e-13 5.12454e-13 5.12454e-13
3.87 4.05357e-13 4.05357e-13 4.94884e-13 4.94884e-13
3.875 3.91554e-13 3.91554e-13 4.77882e-13 4.77882e-13
3.88 3.78195e-13 3.78195e-13 4.61429e-13 4.61429e-13
3.885 3.65266e-13 3.65266e-13 4.4551e-13 4.4551e-13
3.89 3.52754e-13 3.52754e-13 4.30106e-13 4.30106e-13
3.895 3.40644e-13 3.40644e-13 4.15201e-13 4.15201e-13
3.9 3.28925e-13 3.28925e-13 4.0078e-13 4.0078e-13
3.905 3.17582e-13 3.17582e-13 3.86825e-13 3.86825e-13
3.91 3.06607e-13 3.06607e-13 3.73325e-13 3.73325e-13
3.915 2.95986e-13 2.95986e-13 3.60263e-13 3.60263e-13
3.92 2.85708e-13 2.85708e-13 3.47625e-13 3.47625e-13
3.925 2.75761e-13 2.75761e-13 3.35398e-13 3.35398e-13
3.93 2.66137e-13 2.66137e-13 3.23568e-13 3.23568e-13
3.935 2.56824e-13 2.56824e-13 3.12125e-13 3.12125e-13
3.94 2.47812e-13 2.47812e-13 3.01053e-13 3.01053e-13
3.945 2.39093e-13 2.39093e-13 2.90343e-13 2.90343e-13
3.95 2.30655e-13 2.30655e-13 2.79981e-13 2.79981e-13
3.955 2.22492e-13 2.22492e-13 2.69959e-13 2.69959e-13
3.96 2.14593e-13 2.14593e-13 2.60263e-13 2.60263e-13
3.965 2.06952e-13 2.06952e-13 2.50886e-13 2.50886e-13
3.97 1.99558e-13 1.99558e-13 2.41813e-13 2.41813e-13
3.975 1.92406e-13 1.92406e-13 2.33039e-13 2.33039e-13
3.98 1.85484e-13 1.85484e-13 2.24551e-13 2.24551e-13
3.985 1.78791e-13 1.78791e-13 2.16344e-13 2.16344e-13
3.99 1.72314e-13 1.72314e-13 2.08403e-13 2.08403e-13
3.995 1.6605e-13 1.6605e-13 2.00726e-13 2.00726e-13
4 1.59988e-13 1.59988e-13 1.93298e-13 1.93298e-13
4.005 1.54127e-13 1.54127e-13 1.86117e-13 1.86117e-13
4.01 1.48456e-13 1.48456e-13 1.79172e-13 1.79172e-13
4.015 1.42971e-13 1.42971e-13 1.72455e-13 1.72455e-13
4.02 1.37666e-13 1.37666e-13 1.65961e-13 1.65961e-13
4.025 1.32536e-13 1.32536e-13 1.59682e-13 1.59682e-13
4.03 1.27571e-13 1.27571e-13 1.53608e-13 1.53608e-13
4.035 1.22773e-13 1.22773e-13 1.47738e-13 1.47738e-13
4.04 1.18132e-13 1.18132e-13 1.42061e-13 1.42061e-13
4.045 1.13643e-13 1.13643e-13 1.36572e-13 1.36572e-13
4.05 1.09302e-13 1.09302e-13 1.31266e-13 1.31266e-13
4.055 1.05105e-13 1.05105e-13 1.26137e-13 1.26137e-13
4.06 1.01046e-13 1.01046e-13 1.21178e-13 1.21178e-13
4.065 9.71218e-14 9.71218e-14 1.16384e-13 1.16384e-13
4.07 9.33278e-14 9.33278e-14 1.11751e-13 1.11751e-13
4.075 8.96585e-14 8.96585e-14 1.07271e-13 1.07271e-13
4.08 8.61123e-14 8.61123e-14 1.02943e-13 1.02943e-13
4.085 8.26836e-14 8.26836e-14 9.8759e-14 9.8759e-14
4.09 7.9369e-14 7.9369e-14 9.47155e-14 9.47155e-14
4.095 7.61648e-14 7.61648e-14 9.08078e-14 9.08078e-14
4.1 7.30678e-14 7.30678e-14 8.70319e-14 8.70319e-14
4.105 7.00741e-14 7.00741e-14 8.33828e-14 8.33828e-14
4.11 6.71814e-14 6.71814e-14 7.98581e-14 7.98581e-14
4.115 6.4385e-14 6.4385e-14 7.64516e-14 7.64516e-14
4.12 6.16816e-14 6.16816e-14 7.31593e-14 7.31593e-14
4.125 5.90715e-14 5.90715e-14 6.99816e-14 6.99816e-14
4.13 5.6547e-14 5.6547e-14 6.69092e-14 6.69092e-14
4.135 5.41084e-14 5.41084e-14 6.39419e-14 6.39419e-14
4.14 5.17539e-14 5.17539e-14 6.1078e-14 6.1078e-14
4.145 4.9477e-14 4.9477e-14 5.83096e-14 5.83096e-14
4.15 4.72773e-14 4.72773e-14 5.56354e-14 5.56354e-14
4.155 4.51544e-14 4.51544e-14 5.30558e-14 5.30558e-14
4.16 4.31023e-14 4.31023e-14 5.05629e-14 5.05629e-14
4.165 4.11197e-14 4.11197e-14 4.81553e-14 4.81553e-14
4.17 3.92073e-14 3.92073e-14 4.58338e-14 4.58338e-14
4.175 3.73576e-14 3.73576e-14 4.3589e-14 4.3589e-14
4.18 3.55731e-14 3.55731e-14 4.14241e-14 4.14241e-14
4.185 3.38496e-14 3.38496e-14 3.93342e-14 3.93342e-14
4.19 3.21852e-14 3.21852e-14 3.73164e-14 3.73164e-14
4.195 3.05793e-14 3.05793e-14 3.53704e-14 3.53704e-14
4.2 2.9027e-14 2.9027e-14 3.349e-14 3.349e-14
4.205 2.75318e-14 2.75318e-14 3.16794e-14 3.16794e-14
4.21 2.6086e-14 2.6086e-14 2.99295e-14 2.99295e-14
4.215 2.46912e-14 2.46912e-14 2.82419e-14 2.82419e-14
4.22 2.33461e-14 2.33461e-14 2.6615e-14 2.6615e-14
4.225 2.20474e-14 2.20474e-14 2.50451e-14 2.50451e-14
4.23 2.07948e-14 2.07948e-14 2.35312e-14 2.35312e-14
4.235 1.95866e-14 1.95866e-14 2.20721e-14 2.20721e-14
4.24 1.84204e-14 1.84204e-14 2.06639e-14 2.06639e-14
4.245 1.72972e-14 1.72972e-14 1.93084e-14 1.93084e-14
4.25 1.62122e-14 1.62122e-14 1.79997e-14 1.79997e-14
4.255 1.51664e-14 1.51664e-14 1.67388e-14 1.67388e-14
4.26 1.4159e-14 1.4159e-14 1.55247e-14 1.55247e-14
4.265 1.31871e-14 1.31871e-14 1.4354e-14 1.4354e-14
4.27 1.22507e-14 1.22507e-14 1.32268e-14 1.32268e-14
4.275 1.13477e-14 1.13477e-14 1.21402e-14 1.21402e-14
4.28 1.04783e-14 1.04783e-14 1.10947e-14 1.10947e-14
4.285 9.63962e-15 9.63962e-15 1.00865e-14 1.00865e-14
4.29 8.83301e-15 8.83301e-15 9.11765e-15 9.11765e-15
4.295 8.05543e-15 8.05543e-15 8.18387e-15 8.18387e-15
4.3 7.30576e-15 7.30576e-15 7.28461e-15 7.28461e-15
4.305 6.58593e-15 6.58593e-15 6.42122e-15 6.42122e-15
4.31 5.89102e-15 5.89102e-15 5.58859e-15 5.58859e-15
4.315 5.22293e-15 5.22293e-15 4.78834e-15 4.78834e-15
4.32 4.58064e-15 4.58064e-15 4.01965e-15 4.01965e-15
4.325 3.9606e-15 3.9606e-15 3.27812e-15 3.27812e-15
4.33 3.36685e-15 3.36685e-15 2.56839e-15 2.56839e-15
4.335 2.79428e-15 2.79428e-15 1.88461e-15 1.88461e-15
4.34 2.24315e-15 2.24315e-15 1.22682e-15 1.22682e-15
4.345 1.71485e-15 1.71485e-15 5.96904e-16 5.96904e-16
4.35 1.20609e-15 1.20609e-15 -9.3581e-18 -9.3581e-18
4.355 7.18116e-16 7.18116e-16 -5.90108e-16 -5.90108e-16
4.36 2.47239e-16 2.47239e-16 -1.15063e-15 -1.15063e-15
4.365 -2.02074e-16 -2.02074e-16 -1.68431e-15 -1.68431e-15
4.37 -6.35072e-16 -6.35072e-16 -2.1986e-15 -2.1986e-15
4.375 -1.05085e-15 -1.05085e-15 -2.69167e-15 -2.69167e-15
4.38 -1.44941e-15 -1.44941e-15 -3.16419e-15 -3.16419e-15
4.385 -1.83149e-15 -1.83149e-15 -3.61638e-15 -3.61638e-15
4.39 -2.1993e-15 -2.1993e-15 -4.0515e-15 -4.0515e-15
4.395 -2.54991e-15 -2.54991e-15 -4.46552e-15 -4.46552e-15
4.4 -2.88686e-15 -2.88686e-15 -4.86314e-15 -4.86314e-15
4.405 -3.20958e-15 -3.20958e-15 -5.24357e-15 -5.24357e-15
4.41 -3.51914e-15 -3.51914e-15 -5.60788e-15 -5.60788e-15
4.415 -3.81356e-15 -3.81356e-15 -5.95399e-15 -5.95399e-15
4.42 -4.09788e-15 -4.09788e-15 -6.28764e-15 -6.28764e-15
4.425 -4.36831e-15 -4.36831e-15 -6.6048e-15 -6.6048e-15
4.43 -4.6271e-15 -4.6271e-15 -6.90755e-15 -6.90755e-15
4.435 -4.87362e-15 -4.87362e-15 -7.19572e-15 -7.19572e-15
4.44 -5.11074e-15 -5.11074e-15 -7.4723e-15 -7.4723e-15
4.445 -5.33516e-15 -5.33516e-15 -7.73368e-15 -7.73368e-15
4.45 -5.55018e-15 -5.55018e-15 -7.9837e-15 -7.9837e-15
4.455 -5.75539e-15 -5.75539e-15 -8.2217e-15 -8.2217e-15
4.46 -5.95012e-15 -5.95012e-15 -8.44729e-15 -8.44729e-15
4.465 -6.13659e-15 -6.13659e-15 -8.66257e-15 -8.66257e-15
4.47 -6.31261e-15 -6.31261e-15 -8.86568e-15 -8.86568e-15
4.475 -6.48117e-15 -6.48117e-15 -9.05926e-15 -9.05926e-15
4.48 -6.6412e-15 -6.6412e-15 -9.24309e-15 -9.24309e-15
4.485 -6.79229e-15 -6.79229e-15 -9.41572e-15 -9.41572e-15
4.49 -6.93568e-15 -6.93568e-15 -9.57934e-15 -9.57934e-15
4.495 -7.07184e-15 -7.07184e-15 -9.73418e-15 -9.73418e-15
4.5 -7.20138e-15 -7.20138e-15 -9.88087e-15 -9.88087e-15
4.505 -7.32261e-15 -7.32261e-15 -1.00178e-14 -1.00178e-14
4.51 -7.43703e-15 -7.43703e-15 -1.01466e-14 -1.01466e-14
4.515 -7.5466e-15 -7.5466e-15 -1.02692e-14 -1.02692e-14
4.52 -7.64719e-15 -7.64719e-15 -1.03812e-14 -1.03812e-14
4.525 -7.74417e-15 -7.74417e-15 -1.04889e-14 -1.04889e-14
4.53 -7.83391e-15 -7.83391e-15 -1.05879e-14 -1.05879e-14
4.535 -7.91831e-15 -7.91831e-15 -1.06805e-14 -1.06805e-14
4.54 -7.99666e-15 -7.99666e-15 -1.07659e-14 -1.07659e-14
4.545 -8.07138e-15 -8.07138e-15 -1.08467e-14 -1.08467e-14
4.55 -8.13822e-15 -8.13822e-15 -1.09183e-14 -1.09183e-14
4.555 -8.2035e-15 -8.2035e-15 -1.0988e-14 -1.0988e-14
4.56 -8.26092e-15 -8.26092e-15 -1.10483e-14 -1.10483e-14
4.565 -8.31616e-15 -8.31616e-15 -1.11057e-14 -1.11057e-14
4.57 -8.36612e-15 -8.36612e-15 -1.11573e-14 -1.11573e-14
4.575 -8.41119e-15 -8.41119e-15 -1.12026e-14 -1.12026e-14
4.58 -8.45326e-15 -8.45326e-15 -1.12445e-14 -1.12445e-14
4.585 -8.49002e-15 -8.49002e-15 -1.12801e-14 -1.12801e-14
4.59 -8.52524e-15 -8.52524e-15 -1.13138e-14 -1.13138e-14
4.595 -8.55405e-15 -8.55405e-15 -1.13398e-14 -1.13398e-14
4.6 -8.58226e-15 -8.58226e-15 -1.13653e-14 -1.13653e-14
4.605 -8.60459e-15 -8.60459e-15 -1.13835e-14 -1.13835e-14
4.61 -8.62518e-15 -8.62518e-15 -1.13999e-14 -1.13999e-14
4.615 -8.64161e-15 -8.64161e-15 -1.14112e-14 -1.14112e-14
4.62 -8.65676e-15 -8.65676e-15 -1.14211e-14 -1.14211e-14
4.625 -8.66695e-15 -8.66695e-15 -1.1425e-14 -1.1425e-14
4.63 -8.67483e-15 -8.67483e-15 -1.14261e-14 -1.14261e-14
4.635 -8.68242e-15 -8.68242e-15 -1.14272e-14 -1.14272e-14
4.64 -8.68354e-15 -8.68354e-15 -1.14202e-14 -1.14202e-14
4.645 -8.68515e-15 -8.68515e-15 -1.1414e-14 -1.1414e-14
4.65 -8.68299e-15 -8.68299e-15 -1.14032e-14 -1.14032e-14
4.655 -8.68027e-15 -8.68027e-15 -1.13921e-14 -1.13921e-14
4.66 -8.67287e-15 -8.67287e-15 -1.13751e-14 -1.13751e-14
4.665 -8.66579e-15 -8.66579e-15 -1.13588e-14 -1.13588e-14
4.67 -8.65381e-15 -8.65381e-15 -1.13362e-14 -1.13362e-14
4.675 -8.64363e-15 -8.64363e-15 -1.13164e-14 -1.13164e-14
4.68 -8.62839e-15 -8.62839e-15 -1.12901e-14 -1.12901e-14
4.685 -8.61284e-15 -8.61284e-15 -1.12638e-14 -1.12638e-14
4.69 -8.59587e-15 -8.59587e-15 -1.12355e-14 -1.12355e-14
4.695 -8.57687e-15 -8.57687e-15 -1.12053e-14 -1.12053e-14
4.7 -8.55498e-15 -8.55498e-15 -1.11713e-14 -1.11713e-14
4.705 -8.53455e-15 -8.53455e-15 -1.11392e-14 -1.11392e-14
4.71 -8.51018e-15 -8.51018e-15 -1.11025e-14 -1.11025e-14
4.715 -8.48563e-15 -8.48563e-15 -1.10655e-14 -1.10655e-14
4.72 -8.45798e-15 -8.45798e-15 -1.1025e-14 -1.1025e-14
4.725 -8.43333e-15 -8.43333e-15 -1.09879e-14 -1.09879e-14
4.73 -8.40191e-15 -8.40191e-15 -1.09431e-14 -1.09431e-14
4.735 -8.3745e-15 -8.3745e-15 -1.09027e-14 -1.09027e-14
4.74 -8.34322e-15 -8.34322e-15 -1.08581e-14 -1.08581e-14
4.745 -8.30926e-15 -8.30926e-15 -1.08101e-14 -1.08101e-14
4.75 -8.28006e-15 -8.28006e-15 -1.07681e-14 -1.07681e-14
4.755 -8.24374e-15 -8.24374e-15 -1.07173e-14 -1.07173e-14
4.76 -8.20994e-15 -8.20994e-15 -1.06698e-14 -1.06698e-14
4.765 -8.17518e-15 -8.17518e-15 -1.06211e-14 -1.06211e-14
4.77 -8.13813e-15 -8.13813e-15 -1.05698e-14 -1.05698e-14
4.775 -8.10135e-15 -8.10135e-15 -1.05187e-14 -1.05187e-14
4.78 -8.06335e-15 -8.06335e-15 -1.04664e-14 -1.04664e-14
4.785 -8.02626e-15 -8.02626e-15 -1.04151e-14 -1.04151e-14
4.79 -7.9862e-15 -7.9862e-15 -1.03604e-14 -1.03604e-14
4.795 -7.94736e-15 -7.94736e-15 -1.03071e-14 -1.03071e-14
4.8 -7.90646e-15 -7.90646e-15 -1.02515e-14 -1.02515e-14
4.805 -7.86665e-15 -7.86665e-15 -1.01971e-14 -1.01971e-14
4.81 -7.82441e-15 -7.82441e-15 -1.014e-14 -1.014e-14
4.815 -7.7842e-15 -7.7842e-15 -1.00852e-14 -1.00852e-14
4.82 -7.74088e-15 -7.74088e-15 -1.00268e-14 -1.00268e-14
4.825 -7.69891e-15 -7.69891e-15 -9.97031e-15 -9.97031e-15
4.83 -7.65582e-15 -7.65582e-15 -9.91209e-15 -9.91209e-15
4.835 -7.61321e-15 -7.61321e-15 -9.85485e-15 -9.85485e-15
4.84 -7.56847e-15 -7.56847e-15 -9.79507e-15 -9.79507e-15
4.845 -7.52622e-15 -7.52622e-15 -9.73807e-15 -9.73807e-15
4.85 -7.4801e-15 -7.4801e-15 -9.67668e-15 -9.67668e-15
4.855 -7.43758e-15 -7.43758e-15 -9.61974e-15 -9.61974e-15
4.86 -7.39172e-15 -7.39172e-15 -9.55859e-15 -9.55859e-15
4.865 -7.34694e-15 -7.34694e-15 -9.49888e-15 -9.49888e-15
4.87 -7.30297e-15 -7.30297e-15 -9.4404e-15 -9.4404e-15
4.875 -7.25673e-15 -7.25673e-15 -9.3789e-15 -9.3789e-15
4.88 -7.21083e-15 -7.21083e-15 -9.31822e-15 -9.31822e-15
4.885 -7.16735e-15 -7.16735e-15 -9.26013e-15 -9.26013e-15
4.89 -7.11915e-15 -7.11915e-15 -9.19661e-15 -9.19661e-15
4.895 -7.07603e-15 -7.07603e-15 -9.13946e-15 -9.13946e-15
4.9 -7.02795e-15 -7.02795e-15 -9.07589e-15 -9.07589e-15
4.905 -6.98392e-15 -6.98392e-15 -9.01768e-15 -9.01768e-15
4.91 -6.93582e-15 -6.93582e-15 -8.9543e-15 -8.9543e-15
4.915 -6.89252e-15 -6.89252e-15 -8.89711e-15 -8.89711e-15
4.92 -6.84446e-15 -6.84446e-15 -8.83375e-15 -8.83375e-15
4.925 -6.79948e-15 -6.79948e-15 -8.77471e-15 -8.77471e-15
4.93 -6.75218e-15 -6.75218e-15 -8.71229e-15 -8.71229e-15
4.935 -6.70778e-15 -6.70778e-15 -8.65398e-15 -8.65398e-15
4.94 -6.66103e-15 -6.66103e-15 -8.59278e-15 -8.59278e-15
4.945 -6.61453e-15 -6.61453e-15 -8.53138e-15 -8.53138e-15
4.95 -6.56859e-15 -6.56859e-15 -8.47148e-15 -8.47148e-15
4.955 -6.52423e-15 -6.52423e-15 -8.41284e-15 -8.41284e-15
4.96 -6.47657e-15 -6.47657e-15 -8.35097e-15 -8.35097e-15
4.965 -6.4323e-15 -6.4323e-15 -8.29248e-15 -8.29248e-15
4.97 -6.38576e-15 -6.38576e-15 -8.2318e-15 -8.2318e-15
4.975 -6.34113e-15 -6.34113e-15 -8.1734e-15 -8.1734e-15
4.98 -6.29466e-15 -6.29466e-15 -8.11267e-15 -8.11267e-15
4.985 -6.24959e-15 -6.24959e-15 -8.05382e-15 -8.05382e-15
4.99 -6.20434e-15 -6.20434e-15 -7.99452e-15 -7.99452e-15
4.995 -6.16016e-15 -6.16016e-15 -7.93702e-15 -7.93702e-15
5 -6.11423e-15 -6.11423e-15 -7.87701e-15 -7.87701e-15
5.005 -6.06937e-15 -6.06937e-15 -7.81871e-15 -7.81871e-15
5.01 -6.02526e-15 -6.02526e-15 -7.76072e-15 -7.76072e-15
5.015 -5.98067e-15 -5.98067e-15 -7.70304e-15 -7.70304e-15
5.02 -5.93552e-15 -5.93552e-15 -7.64408e-15 -7.64408e-15
5.025 -5.89235e-15 -5.89235e-15 -7.58786e-15 -7.58786e-15
5.03 -5.8482e-15 -5.8482e-15 -7.53041e-15 -7.53041e-15
5.035 -5.80377e-15 -5.80377e-15 -7.47264e-15 -7.47264e-15
5.04 -5.76039e-15 -5.76039e-15 -7.41612e-15 -7.41612e-15
5.045 -5.71724e-15 -5.71724e-15 -7.36006e-15 -7.36006e-15
5.05 -5.67384e-15 -5.67384e-15 -7.30368e-15 -7.30368e-15
5.055 -5.62966e-15 -5.62966e-15 -7.24621e-15 -7.24621e-15
5.06 -5.58887e-15 -5.58887e-15 -7.19322e-15 -7.19322e-15
5.065 -5.54399e-15 -5.54399e-15 -7.13505e-15 -7.13505e-15
5.07 -5.5025e-15 -5.5025e-15 -7.08105e-15 -7.08105e-15
5.075 -5.46061e-15 -5.46061e-15 -7.02679e-15 -7.02679e-15
5.08 -5.41774e-15 -5.41774e-15 -6.97108e-15 -6.97108e-15
5.085 -5.37654e-15 -5.37654e-15 -6.91776e-15 -6.91776e-15
5.09 -5.33435e-15 -5.33435e-15 -6.86283e-15 -6.86283e-15
5.095 -5.29328e-15 -5.29328e-15 -6.80979e-15 -6.80979e-15
5.1 -5.25182e-15 -5.25182e-15 -6.75599e-15 -6.75599e-15
5.105 -5.21092e-15 -5.21092e-15 -6.70294e-15 -6.70294e-15
5.11 -5.16957e-15 -5.16957e-15 -6.64957e-15 -6.64957e-15
5.115 -5.12994e-15 -5.12994e-15 -6.59797e-15 -6.59797e-15
5.12 -5.08894e-15 -5.08894e-15 -6.5451e-15 -6.5451e-15
5.125 -5.04949e-15 -5.04949e-15 -6.4939e-15 -6.4939e-15
5.13 -5.00917e-15 -5.00917e-15 -6.4418e-15 -6.4418e-15
5.135 -4.96978e-15 -4.96978e-15 -6.39075e-15 -6.39075e-15
5.14 -4.9298e-15 -4.9298e-15 -6.33893e-15 -6.33893e-15
5.145 -4.89155e-15 -4.89155e-15 -6.28968e-15 -6.28968e-15
5.15 -4.85247e-15 -4.85247e-15 -6.23906e-15 -6.23906e-15
5.155 -4.81347e-15 -4.81347e-15 -6.18865e-15 -6.18865e-15
5.16 -4.77554e-15 -4.77554e-15 -6.13935e-15 -6.13935e-15
5.165 -4.73575e-15 -4.73575e-15 -6.08839e-15 -6.08839e-15
5.17 -4.69932e-15 -4.69932e-15 -6.04099e-15 -6.04099e-15
5.175 -4.66149e-15 -4.66149e-15 -5.99205e-15 -5.99205e-15
5.18 -4.62354e-15 -4.62354e-15 -5.94326e-15 -5.94326e-15
5.185 -4.58683e-15 -4.58683e-15 -5.89558e-15 -5.89558e-15
5.19 -4.54904e-15 -4.54904e-15 -5.84722e-15 -5.84722e-15
5.195 -4.51391e-15 -4.51391e-15 -5.80126e-15 -5.80126e-15
5.2 -4.47595e-15 -4.47595e-15 -5.75277e-15 -5.75277e-15
5.205 -4.44005e-15 -4.44005e-15 -5.70617e-15 -5.70617e-15
5.21 -4.40364e-15 -4.40364e-15 -5.6591e-15 -5.6591e-15
5.215 -4.36912e-15 -4.36912e-15 -5.61473e-15 -5.61473e-15
5.22 -4.33256e-15 -4.33256e-15 -5.56748e-15 -5.56748e-15
5.225 -4.2972e-15 -4.2972e-15 -5.5219e-15 -5.5219e-15
5.23 -4.26361e-15 -4.26361e-15 -5.47847e-15 -5.47847e-15
5.235 -4.22621e-15 -4.22621e-15 -5.4304e-15 -5.4304e-15
5.24 -4.1942e-15 -4.1942e-15 -5.38885e-15 -5.38885e-15
5.245 -4.15899e-15 -4.15899e-15 -5.34377e-15 -5.34377e-15
5.25 -4.12472e-15 -4.12472e-15 -5.29928e-15 -5.29928e-15
5.255 -4.09095e-15 -4.09095e-15 -5.25586e-15 -5.25586e-15
5.26 -4.05727e-15 -4.05727e-15 -5.21252e-15 -5.21252e-15
5.265 -4.02441e-15 -4.02441e-15 -5.17004e-15 -5.17004e-15
5.27 -3.99132e-15 -3.99132e-15 -5.12749e-15 -5.12749e-15
5.275 -3.95768e-15 -3.95768e-15 -5.08402e-15 -5.08402e-15
5.28 -3.92499e-15 -3.92499e-15 -5.04224e-15 -5.04224e-15
5.285 -3.89413e-15 -3.89413e-15 -5.00189e-15 -5.00189e-15
5.29 -3.86119e-15 -3.86119e-15 -4.95992e-15 -4.95992e-15
5.295 -3.82821e-15 -3.82821e-15 -4.91725e-15 -4.91725e-15
5.3 -3.79869e-15 -3.79869e-15 -4.87917e-15 -4.87917e-15
5.305 -3.76434e-15 -3.76434e-15 -4.83523e-15 -4.83523e-15
5.31 -3.73617e-15 -3.73617e-15 -4.79843e-15 -4.79843e-15
5.315 -3.70284e-15 -3.70284e-15 -4.75617e-15 -4.75617e-15
5.32 -3.67377e-15 -3.67377e-15 -4.7181e-15 -4.7181e-15
5.325 -3.64247e-15 -3.64247e-15 -4.67821e-15 -4.67821e-15
5.33 -3.61242e-15 -3.61242e-15 -4.63926e-15 -4.63926e-15
5.335 -3.5828e-15 -3.5828e-15 -4.60143e-15 -4.60143e-15
5.34 -3.552e-15 -3.552e-15 -4.5616e-15 -4.5616e-15
5.345 -3.52264e-15 -3.52264e-15 -4.52367e-15 -4.52367e-15
5.35 -3.49448e-15 -3.49448e-15 -4.48762e-15 -4.48762e-15
5.355 -3.46248e-15 -3.46248e-15 -4.44649e-15 -4.44649e-15
5.36 -3.4372e-15 -3.4372e-15 -4.41367e-15 -4.41367e-15
5.365 -3.40647e-15 -3.40647e-15 -4.37439e-15 -4.37439e-15
5.37 -3.37695e-15 -3.37695e-15 -4.33647e-15 -4.33647e-15
5.375 -3.35161e-15 -3.35161e-15 -4.30355e-15 -4.30355e-15
5.38 -3.32034e-15 -3.32034e-15 -4.26355e-15 -4.26355e-15
5.385 -3.29568e-15 -3.29568e-15 -4.23171e-15 -4.23171e-15
5.39 -3.26578e-15 -3.26578e-15 -4.19333e-15 -4.19333e-15
5.395 -3.2396e-15 -3.2396e-15 -4.15968e-15 -4.15968e-15
5.4 -3.21125e-15 -3.21125e-15 -4.12315e-15 -4.12315e-15
5.405 -3.18588e-15 -3.18588e-15 -4.09042e-15 -4.09042e-15
5.41 -3.15816e-15 -3.15816e-15 -4.05495e-15 -4.05495e-15
5.415 -3.13119e-15 -3.13119e-15 -4.02025e-15 -4.02025e-15
5.42 -3.10612e-15 -3.10612e-15 -3.98791e-15 -3.98791e-15
5.425 -3.07912e-15 -3.07912e-15 -3.95316e-15 -3.95316e-15
5.43 -3.05374e-15 -3.05374e-15 -3.92065e-15 -3.92065e-15
5.435 -3.02755e-15 -3.02755e-15 -3.88683e-15 -3.88683e-15
5.44 -3.0028e-15 -3.0028e-15 -3.85518e-15 -3.85518e-15
5.445 -2.97639e-15 -2.97639e-15 -3.82109e-15 -3.82109e-15
5.45 -2.95244e-15 -2.95244e-15 -3.79045e-15 -3.79045e-15
5.455 -2.92547e-15 -2.92547e-15 -3.75558e-15 -3.75558e-15
5.46 -2.90432e-15 -2.90432e-15 -3.72845e-15 -3.72845e-15
5.465 -2.87559e-15 -2.87559e-15 -3.69168e-15 -3.69168e-15
5.47 -2.85519e-15 -2.85519e-15 -3.66524e-15 -3.66524e-15
5.475 -2.82823e-15 -2.82823e-15 -3.63084e-15 -3.63084e-15
5.48 -2.80605e-15 -2.80605e-15 -3.602e-15 -3.602e-15
5.485 -2.78186e-15 -2.78186e-15 -3.57115e-15 -3.57115e-15
5.49 -2.7583e-15 -2.7583e-15 -3.54074e-15 -3.54074e-15
5.495 -2.73465e-15 -2.73465e-15 -3.51061e-15 -3.51061e-15
5.5 -2.712e-15 -2.712e-15 -3.4811e-15 -3.4811e-15
5.505 -2.68832e-15 -2.68832e-15 -3.45089e-15 -3.45089e-15
5.51 -2.66699e-15 -2.66699e-15 -3.42356e-15 -3.42356e-15
5.515 -2.6422e-15 -2.6422e-15 -3.3915e-15 -3.3915e-15
5.52 -2.62187e-15 -2.62187e-15 -3.36563e-15 -3.36563e-15
5.525 -2.59858e-15 -2.59858e-15 -3.33539e-15 -3.33539e-15
5.53 -2.57733e-15 -2.57733e-15 -3.30835e-15 -3.30835e-15
5.535 -2.55539e-15 -2.55539e-15 -3.28008e-15 -3.28008e-15
5.54 -2.53259e-15 -2.53259e-15 -3.25089e-15 -3.25089e-15
5.545 -2.51231e-15 -2.51231e-15 -3.22445e-15 -3.22445e-15
5.55 -2.49004e-15 -2.49004e-15 -3.19632e-15 -3.19632e-15
5.555 -2.46981e-15 -2.46981e-15 -3.16999e-15 -3.16999e-15
5.56 -2.44829e-15 -2.44829e-15 -3.14244e-15 -3.14244e-15
5.565 -2.42813e-15 -2.42813e-15 -3.11672e-15 -3.11672e-15
5.57 -2.40664e-15 -2.40664e-15 -3.08877e-15 -3.08877e-15
5.575 -2.38628e-15 -2.38628e-15 -3.06315e-15 -3.06315e-15
5.58 -2.3667e-15 -2.3667e-15 -3.03731e-15 -3.03731e-15
5.585 -2.34636e-15 -2.34636e-15 -3.01188e-15 -3.01188e-15
5.59 -2.32637e-15 -2.32637e-15 -2.98549e-15 -2.98549e-15
5.595 -2.30567e-15 -2.30567e-15 -2.95958e-15 -2.95958e-15
5.6 -2.28748e-15 -2.28748e-15 -2.93577e-15 -2.93577e-15
5.605 -2.26709e-15 -2.26709e-15 -2.9097e-15 -2.9097e-15
5.61 -2.24778e-15 -2.24778e-15 -2.88505e-15 -2.88505e-15
5.615 -2.22936e-15 -2.22936e-15 -2.86112e-15 -2.86112e-15
5.62 -2.20928e-15 -2.20928e-15 -2.83568e-15 -2.83568e-15
5.625 -2.19187e-15 -2.19187e-15 -2.81296e-15 -2.81296e-15
5.63 -2.17222e-15 -2.17222e-15 -2.78777e-15 -2.78777e-15
5.635 -2.15436e-15 -2.15436e-15 -2.76527e-15 -2.76527e-15
5.64 -2.13507e-15 -2.13507e-15 -2.73995e-15 -2.73995e-15
5.645 -2.11738e-15 -2.11738e-15 -2.71754e-15 -2.71754e-15
5.65 -2.09965e-15 -2.09965e-15 -2.69456e-15 -2.69456e-15
5.655 -2.08152e-15 -2.08152e-15 -2.67163e-15 -2.67163e-15
5.66 -2.06379e-15 -2.06379e-15 -2.64853e-15 -2.64853e-15
5.665 -2.04534e-15 -2.04534e-15 -2.62498e-15 -2.62498e-15
5.67 -2.02941e-15 -2.02941e-15 -2.60445e-15 -2.60445e-15
5.675 -2.01037e-15 -2.01037e-15 -2.58012e-15 -2.58012e-15
5.68 -1.99525e-15 -1.99525e-15 -2.56053e-15 -2.56053e-15
5.685 -1.97593e-15 -1.97593e-15 -2.53605e-15 -2.53605e-15
5.69 -1.96118e-15 -1.96118e-15 -2.51666e-15 -2.51666e-15
5.695 -1.94326e-15 -1.94326e-15 -2.49394e-15 -2.49394e-15
5.7 -1.92642e-15 -1.92642e-15 -2.47224e-15 -2.47224e-15
5.705 -1.9108e-15 -1.9108e-15 -2.45236e-15 -2.45236e-15
5.71 -1.89435e-15 -1.89435e-15 -2.43093e-15 -2.43093e-15
5.715 -1.87769e-15 -1.87769e-15 -2.40969e-15 -2.40969e-15
5.72 -1.86244e-15 -1.86244e-15 -2.39009e-15 -2.39009e-15
5.725 -1.84539e-15 -1.84539e-15 -2.36841e-15 -2.36841e-15
5.73 -1.83079e-15 -1.83079e-15 -2.34924e-15 -2.34924e-15
5.735 -1.81405e-15 -1.81405e-15 -2.32833e-15 -2.32833e-15
5.74 -1.79959e-15 -1.79959e-15 -2.30899e-15 -2.30899e-15
5.745 -1.78307e-15 -1.78307e-15 -2.28853e-15 -2.28853e-15
5.75 -1.76931e-15 -1.76931e-15 -2.2705e-15 -2.2705e-15
5.755 -1.75301e-15 -1.75301e-15 -2.24962e-15 -2.24962e-15
5.76 -1.739e-15 -1.739e-15 -2.23156e-15 -2.23156e-15
5.765 -1.72261e-15 -1.72261e-15 -2.21071e-15 -2.21071e-15
5.77 -1.70908e-15 -1.70908e-15 -2.19322e-15 -2.19322e-15
5.775 -1.69433e-15 -1.69433e-15 -2.17415e-15 -2.17415e-15
5.78 -1.6797e-15 -1.6797e-15 -2.15576e-15 -2.15576e-15
5.785 -1.66463e-15 -1.66463e-15 -2.13607e-15 -2.13607e-15
5.79 -1.65131e-15 -1.65131e-15 -2.11906e-15 -2.11906e-15
5.795 -1.6373e-15 -1.6373e-15 -2.10116e-15 -2.10116e-15
5.8 -1.62208e-15 -1.62208e-15 -2.08153e-15 -2.08153e-15
5.805 -1.61032e-15 -1.61032e-15 -2.06642e-15 -2.06642e-15
5.81 -1.59388e-15 -1.59388e-15 -2.04542e-15 -2.04542e-15
5.815 -1.58219e-15 -1.58219e-15 -2.03037e-15 -2.03037e-15
5.82 -1.56738e-15 -1.56738e-15 -2.01127e-15 -2.01127e-15
5.825 -1.55556e-15 -1.55556e-15 -1.99615e-15 -1.99615e-15
5.83 -1.54102e-15 -1.54102e-15 -1.97768e-15 -1.97768e-15
5.835 -1.52734e-15 -1.52734e-15 -1.95974e-15 -1.95974e-15
5.84 -1.51639e-15 -1.51639e-15 -1.94607e-15 -1.94607e-15
5.845 -1.50106e-15 -1.50106e-15 -1.9261e-15 -1.9261e-15
5.85 -1.48998e-15 -1.48998e-15 -1.91217e-15 -1.91217e-15
5.855 -1.47499e-15 -1.47499e-15 -1.89259e-15 -1.89259e-15
5.86 -1.46506e-15 -1.46506e-15 -1.88006e-15 -1.88006e-15
5.865 -1.45092e-15 -1.45092e-15 -1.8618e-15 -1.8618e-15
5.87 -1.4389e-15 -1.4389e-15 -1.84647e-15 -1.84647e-15
5.875 -1.42665e-15 -1.42665e-15 -1.83074e-15 -1.83074e-15
5.88 -1.41448e-15 -1.41448e-15 -1.8151e-15 -1.8151e-15
5.885 -1.40181e-15 -1.40181e-15 -1.79884e-15 -1.79884e-15
5.89 -1.39069e-15 -1.39069e-15 -1.78464e-15 -1.78464e-15
5.895 -1.37793e-15 -1.37793e-15 -1.7681e-15 -1.7681e-15
5.9 -1.36603e-15 -1.36603e-15 -1.75299e-15 -1.75299e-15
5.905 -1.35513e-15 -1.35513e-15 -1.73887e-15 -1.73887e-15
5.91 -1.34298e-15 -1.34298e-15 -1.72342e-15 -1.72342e-15
5.915 -1.33143e-15 -1.33143e-15 -1.70834e-15 -1.70834e-15
5.92 -1.32049e-15 -1.32049e-15 -1.69456e-15 -1.69456e-15
5.925 -1.30828e-15 -1.30828e-15 -1.67886e-15 -1.67886e-15
5.93 -1.298e-15 -1.298e-15 -1.66544e-15 -1.66544e-15
5.935 -1.28695e-15 -1.28695e-15 -1.65163e-15 -1.65163e-15
5.94 -1.27372e-15 -1.27372e-15 -1.63443e-15 -1.63443e-15
5.945 -1.26612e-15 -1.26612e-15 -1.6245e-15 -1.6245e-15
5.95 -1.253e-15 -1.253e-15 -1.60794e-15 -1.60794e-15
5.955 -1.24365e-15 -1.24365e-15 -1.59589e-15 -1.59589e-15
5.96 -1.23175e-15 -1.23175e-15 -1.58048e-15 -1.58048e-15
5.965 -1.22264e-15 -1.22264e-15 -1.56896e-15 -1.56896e-15
5.97 -1.21003e-15 -1.21003e-15 -1.55283e-15 -1.55283e-15
5.975 -1.20165e-15 -1.20165e-15 -1.54172e-15 -1.54172e-15
5.98 -1.1906e-15 -1.1906e-15 -1.52799e-15 -1.52799e-15
5.985 -1.17962e-15 -1.17962e-15 -1.51363e-15 -1.51363e-15
5.99 -1.17032e-15 -1.17032e-15 -1.50164e-15 -1.50164e-15
5.995 -1.1609e-15 -1.1609e-15 -1.48977e-15 -1.48977e-15
6 -1.15003e-15 -1.15003e-15 -1.47558e-15 -1.47558e-15
6.005 -1.14e-15 -1.14e-15 -1.46311e-15 -1.46311e-15
6.01 -1.13106e-15 -1.13106e-15 -1.45099e-15 -1.45099e-15
6.015 -1.12087e-15 -1.12087e-15 -1.43861e-15 -1.43861e-15
6.02 -1.11105e-15 -1.11105e-15 -1.42543e-15 -1.42543e-15
6.025 -1.10215e-15 -1.10215e-15 -1.41441e-15 -1.41441e-15
6.03 -1.0918e-15 -1.0918e-15 -1.40093e-15 -1.40093e-15
6.035 -1.08399e-15 -1.08399e-15 -1.39085e-15 -1.39085e-15
6.04 -1.0725e-15 -1.0725e-15 -1.37647e-15 -1.37647e-15
6.045 -1.06556e-15 -1.06556e-15 -1.36705e-15 -1.36705e-15
6.05 -1.05377e-15 -1.05377e-15 -1.35242e-15 -1.35242e-15
6.055 -1.04691e-15 -1.04691e-15 -1.34312e-15 -1.34312e-15
6.06 -1.03674e-15 -1.03674e-15 -1.33047e-15 -1.33047e-15
6.065 -1.02867e-15 -1.02867e-15 -1.31977e-15 -1.31977e-15
6.07 -1.01966e-15 -1.01966e-15 -1.30862e-15 -1.30862e-15
6.075 -1.01085e-15 -1.01085e-15 -1.29707e-15 -1.29707e-15
6.08 -1.002e-15 -1.002e-15 -1.28556e-15 -1.28556e-15
6.085 -9.93244e-16 -9.93244e-16 -1.27478e-15 -1.27478e-15
6.09 -9.85416e-16 -9.85416e-16 -1.26422e-15 -1.26422e-15
6.095 -9.76205e-16 -9.76205e-16 -1.25281e-15 -1.25281e-15
6.1 -9.67637e-16 -9.67637e-16 -1.24146e-15 -1.24146e-15
6.105 -9.60614e-16 -9.60614e-16 -1.23281e-15 -1.23281e-15
6.11 -9.51199e-16 -9.51199e-16 -1.22041e-15 -1.22041e-15
6.115 -9.43446e-16 -9.43446e-16 -1.2107e-15 -1.2107e-15
6.12 -9.35636e-16 -9.35636e-16 -1.2006e-15 -1.2006e-15
6.125 -9.2654e-16 -9.2654e-16 -1.18871e-15 -1.18871e-15
6.13 -9.19715e-16 -9.19715e-16 -1.18046e-15 -1.18046e-15
6.135 -9.11794e-16 -9.11794e-16 -1.16976e-15 -1.16976e-15
6.14 -9.03071e-16 -9.03071e-16 -1.15887e-15 -1.15887e-15
6.145 -8.95747e-16 -8.95747e-16 -1.14942e-15 -1.14942e-15
6.15 -8.88623e-16 -8.88623e-16 -1.14007e-15 -1.14007e-15
6.155 -8.80029e-16 -8.80029e-16 -1.12935e-15 -1.12935e-15
6.16 -8.7349e-16 -8.7349e-16 -1.12091e-15 -1.12091e-15
6.165 -8.65026e-16 -8.65026e-16 -1.10974e-15 -1.10974e-15
6.17 -8.57757e-16 -8.57757e-16 -1.10079e-15 -1.10079e-15
6.175 -8.50549e-16 -8.50549e-16 -1.09145e-15 -1.09145e-15
6.18 -8.43872e-16 -8.43872e-16 -1.0827e-15 -1.0827e-15
6.185 -8.36097e-16 -8.36097e-16 -1.07294e-15 -1.07294e-15
6.19 -8.28392e-16 -8.28392e-16 -1.06297e-15 -1.06297e-15
6.195 -8.21653e-16 -8.21653e-16 -1.05426e-15 -1.05426e-15
6.2 -8.14654e-16 -8.14654e-16 -1.04531e-15 -1.04531e-15
6.205 -8.08138e-16 -8.08138e-16 -1.03706e-15 -1.03706e-15
6.21 -8.00456e-16 -8.00456e-16 -1.02693e-15 -1.02693e-15
6.215 -7.93727e-16 -7.93727e-16 -1.01854e-15 -1.01854e-15
6.22 -7.87634e-16 -7.87634e-16 -1.01077e-15 -1.01077e-15
6.225 -7.79411e-16 -7.79411e-16 -1.00014e-15 -1.00014e-15
6.23 -7.74552e-16 -7.74552e-16 -9.9363e-16 -9.9363e-16
6.235 -7.66732e-16 -7.66732e-16 -9.84081e-16 -9.84081e-16
6.24 -7.59809e-16 -7.59809e-16 -9.74927e-16 -9.74927e-16
6.245 -7.54554e-16 -7.54554e-16 -9.68151e-16 -9.68151e-16
6.25 -7.46536e-16 -7.46536e-16 -9.57943e-16 -9.57943e-16
6.255 -7.41484e-16 -7.41484e-16 -9.51345e-16 -9.51345e-16
6.26 -7.34489e-16 -7.34489e-16 -9.42445e-16 -9.42445e-16
6.265 -7.27945e-16 -7.27945e-16 -9.34267e-16 -9.34267e-16
6.27 -7.22398e-16 -7.22398e-16 -9.26711e-16 -9.26711e-16
6.275 -7.15817e-16 -7.15817e-16 -9.18611e-16 -9.18611e-16
6.28 -7.09378e-16 -7.09378e-16 -9.10342e-16 -9.10342e-16
6.285 -7.04035e-16 -7.04035e-16 -9.03153e-16 -9.03153e-16
6.29 -6.9736e-16 -6.9736e-16 -8.95073e-16 -8.95073e-16
6.295 -6.91533e-16 -6.91533e-16 -8.87132e-16 -8.87132e-16
6.3 -6.85846e-16 -6.85846e-16 -8.80223e-16 -8.80223e-16
6.305 -6.79479e-16 -6.79479e-16 -8.71714e-16 -8.71714e-16
6.31 -6.7362e-16 -6.7362e-16 -8.64589e-16 -8.64589e-16
6.315 -6.68963e-16 -6.68963e-16 -8.58191e-16 -8.58191e-16
6.32 -6.60786e-16 -6.60786e-16 -8.47885e-16 -8.47885e-16
6.325 -6.57825e-16 -6.57825e-16 -8.44131e-16 -8.44131e-16
6.33 -6.5109e-16 -6.5109e-16 -8.35343e-16 -8.35343e-16
6.335 -6.44957e-16 -6.44957e-16 -8.27794e-16 -8.27794e-16
6.34 -6.40141e-16 -6.40141e-16 -8.21264e-16 -8.21264e-16
6.345 -6.34881e-16 -6.34881e-16 -8.14645e-16 -8.14645e-16
6.35 -6.28109e-16 -6.28109e-16 -8.05964e-16 -8.05964e-16
6.355 -6.24108e-16 -6.24108e-16 -8.00883e-16 -8.00883e-16
6.36 -6.18087e-16 -6.18087e-16 -7.93086e-16 -7.93086e-16
6.365 -6.12803e-16 -6.12803e-16 -7.86259e-16 -7.86259e-16
6.37 -6.08108e-16 -6.08108e-16 -7.80342e-16 -7.80342e-16
6.375 -6.00925e-16 -6.00925e-16 -7.71028e-16 -7.71028e-16
6.38 -5.98712e-16 -5.98712e-16 -7.6838e-16 -7.6838e-16
6.385 -5.90456e-16 -5.90456e-16 -7.57387e-16 -7.57387e-16
6.39 -5.88329e-16 -5.88329e-16 -7.55089e-16 -7.55089e-16
6.395 -5.80641e-16 -5.80641e-16 -7.4515e-16 -7.4515e-16
6.4 -5.78193e-16 -5.78193e-16 -7.41726e-16 -7.41726e-16
6.405 -5.70917e-16 -5.70917e-16 -7.32681e-16 -7.32681e-16
6.41 -5.67063e-16 -5.67063e-16 -7.27537e-16 -7.27537e-16
6.415 -5.63054e-16 -5.63054e-16 -7.22581e-16 -7.22581e-16
6.42 -5.56497e-16 -5.56497e-16 -7.13984e-16 -7.13984e-16
6.425 -5.53039e-16 -5.53039e-16 -7.09737e-16 -7.09737e-16
6.43 -5.46641e-16 -5.46641e-16 -7.01449e-16 -7.01449e-16
6.435 -5.44405e-16 -5.44405e-16 -6.98453e-16 -6.98453e-16
6.44 -5.37745e-16 -5.37745e-16 -6.90057e-16 -6.90057e-16
6.445 -5.34271e-16 -5.34271e-16 -6.85539e-16 -6.85539e-16
6.45 -5.29069e-16 -5.29069e-16 -6.78816e-16 -6.78816e-16
6.455 -5.2396e-16 -5.2396e-16 -6.72375e-16 -6.72375e-16
6.46 -5.21104e-16 -5.21104e-16 -6.68741e-16 -6.68741e-16
6.465 -5.15178e-16 -5.15178e-16 -6.60758e-16 -6.60758e-16
6.47 -5.1175e-16 -5.1175e-16 -6.56993e-16 -6.56993e-16
6.475 -5.0594e-16 -5.0594e-16 -6.4897e-16 -6.4897e-16
6.48 -5.03078e-16 -5.03078e-16 -6.45632e-16 -6.45632e-16
6.485 -4.98235e-16 -4.98235e-16 -6.39361e-16 -6.39361e-16
6.49 -4.94456e-16 -4.94456e-16 -6.34288e-16 -6.34288e-16
6.495 -4.88529e-16 -4.88529e-16 -6.27047e-16 -6.27047e-16
6.5 -4.86018e-16 -4.86018e-16 -6.23518e-16 -6.23518e-16
6.505 -4.81186e-16 -4.81186e-16 -6.17487e-16 -6.17487e-16
6.51 -4.77166e-16 -4.77166e-16 -6.12194e-16 -6.12194e-16
6.515 -4.73723e-16 -4.73723e-16 -6.07914e-16 -6.07914e-16
6.52 -4.67492e-16 -4.67492e-16 -6.00032e-16 -6.00032e-16
6.525 -4.66056e-16 -4.66056e-16 -5.97651e-16 -5.97651e-16
6.53 -4.60094e-16 -4.60094e-16 -5.90752e-16 -5.90752e-16
6.535 -4.57457e-16 -4.57457e-16 -5.86735e-16 -5.86735e-16
6.54 -4.52827e-16 -4.52827e-16 -5.81032e-16 -5.81032e-16
6.545 -4.48628e-16 -4.48628e-16 -5.75879e-16 -5.75879e-16
6.55 -4.4602e-16 -4.4602e-16 -5.72156e-16 -5.72156e-16
6.555 -4.40312e-16 -4.40312e-16 -5.65025e-16 -5.65025e-16
6.56 -4.38909e-16 -4.38909e-16 -5.63126e-16 -5.63126e-16
6.565 -4.33274e-16 -4.33274e-16 -5.55986e-16 -5.55986e-16
6.57 -4.30585e-16 -4.30585e-16 -5.52527e-16 -5.52527e-16
6.575 -4.25754e-16 -4.25754e-16 -5.46445e-16 -5.46445e-16
6.58 -4.23444e-16 -4.23444e-16 -5.43066e-16 -5.43066e-16
6.585 -4.18432e-16 -4.18432e-16 -5.37127e-16 -5.37127e-16
6.59 -4.16187e-16 -4.16187e-16 -5.33854e-16 -5.33854e-16
6.595 -4.12188e-16 -4.12188e-16 -5.29126e-16 -5.29126e-16
6.6 -4.07675e-16 -4.07675e-16 -5.22899e-16 -5.22899e-16
6.605 -4.0567e-16 -4.0567e-16 -5.20705e-16 -5.20705e-16
6.61 -4.01444e-16 -4.01444e-16 -5.14958e-16 -5.14958e-16
6.615 -3.97217e-16 -3.97217e-16 -5.09736e-16 -5.09736e-16
6.62 -3.95219e-16 -3.95219e-16 -5.07217e-16 -5.07217e-16
6.625 -3.90583e-16 -3.90583e-16 -5.01161e-16 -5.01161e-16
6.63 -3.88086e-16 -3.88086e-16 -4.97846e-16 -4.97846e-16
6.635 -3.83853e-16 -3.83853e-16 -4.92706e-16 -4.92706e-16
6.64 -3.81851e-16 -3.81851e-16 -4.89883e-16 -4.89883e-16
6.645 -3.77639e-16 -3.77639e-16 -4.84505e-16 -4.84505e-16
6.65 -3.74484e-16 -3.74484e-16 -4.80675e-16 -4.80675e-16
6.655 -3.72283e-16 -3.72283e-16 -4.77513e-16 -4.77513e-16
6.66 -3.66568e-16 -3.66568e-16 -4.70513e-16 -4.70513e-16
6.665 -3.67146e-16 -3.67146e-16 -4.71072e-16 -4.71072e-16
6.67 -3.60346e-16 -3.60346e-16 -4.62391e-16 -4.62391e-16
6.675 -3.59305e-16 -3.59305e-16 -4.61004e-16 -4.61004e-16
6.68 -3.55887e-16 -3.55887e-16 -4.56659e-16 -4.56659e-16
6.685 -3.52581e-16 -3.52581e-16 -4.5256e-16 -4.5256e-16
6.69 -3.48872e-16 -3.48872e-16 -4.47407e-16 -4.47407e-16
6.695 -3.47933e-16 -3.47933e-16 -4.46596e-16 -4.46596e-16
6.7 -3.42589e-16 -3.42589e-16 -4.39536e-16 -4.39536e-16
6.705 -3.41204e-16 -3.41204e-16 -4.37687e-16 -4.37687e-16
6.71 -3.37202e-16 -3.37202e-16 -4.3312e-16 -4.3312e-16
6.715 -3.35838e-16 -3.35838e-16 -4.30408e-16 -4.30408e-16
6.72 -3.30912e-16 -3.30912e-16 -4.24932e-16 -4.24932e-16
6.725 -3.29962e-16 -3.29962e-16 -4.23204e-16 -4.23204e-16
6.73 -3.26436e-16 -3.26436e-16 -4.19067e-16 -4.19067e-16
6.735 -3.22719e-16 -3.22719e-16 -4.13979e-16 -4.13979e-16
6.74 -3.21193e-16 -3.21193e-16 -4.12146e-16 -4.12146e-16
6.745 -3.18175e-16 -3.18175e-16 -4.08251e-16 -4.08251e-16
6.75 -3.14891e-16 -3.14891e-16 -4.03923e-16 -4.03923e-16
6.755 -3.14065e-16 -3.14065e-16 -4.03308e-16 -4.03308e-16
6.76 -3.08369e-16 -3.08369e-16 -3.9556e-16 -3.9556e-16
6.765 -3.07117e-16 -3.07117e-16 -3.93961e-16 -3.93961e-16
6.77 -3.05467e-16 -3.05467e-16 -3.9205e-16 -3.9205e-16
6.775 -3.0164e-16 -3.0164e-16 -3.87159e-16 -3.87159e-16
6.78 -2.98549e-16 -2.98549e-16 -3.83016e-16 -3.83016e-16
6.785 -2.97262e-16 -2.97262e-16 -3.81321e-16 -3.81321e-16
6.79 -2.94645e-16 -2.94645e-16 -3.78124e-16 -3.78124e-16
6.795 -2.90787e-16 -2.90787e-16 -3.73093e-16 -3.73093e-16
6.8 -2.89487e-16 -2.89487e-16 -3.71608e-16 -3.71608e-16
6.805 -2.87081e-16 -2.87081e-16 -3.68301e-16 -3.68301e-16
6.81 -2.84025e-16 -2.84025e-16 -3.64372e-16 -3.64372e-16
6.815 -2.8125e-16 -2.8125e-16 -3.61008e-16 -3.61008e-16
6.82 -2.79733e-16 -2.79733e-16 -3.58871e-16 -3.58871e-16
6.825 -2.77266e-16 -2.77266e-16 -3.55863e-16 -3.55863e-16
6.83 -2.74141e-16 -2.74141e-16 -3.51667e-16 -3.51667e-16
6.835 -2.72794e-16 -2.72794e-16 -3.50021e-16 -3.50021e-16
6.84 -2.69327e-16 -2.69327e-16 -3.45609e-16 -3.45609e-16
6.845 -2.68107e-16 -2.68107e-16 -3.44091e-16 -3.44091e-16
6.85 -2.65595e-16 -2.65595e-16 -3.40817e-16 -3.40817e-16
6.855 -2.62071e-16 -2.62071e-16 -3.3612e-16 -3.3612e-16
6.86 -2.61299e-16 -2.61299e-16 -3.35479e-16 -3.35479e-16
6.865 -2.57762e-16 -2.57762e-16 -3.30603e-16 -3.30603e-16
6.87 -2.57606e-16 -2.57606e-16 -3.30644e-16 -3.30644e-16
6.875 -2.52689e-16 -2.52689e-16 -3.2425e-16 -3.2425e-16
6.88 -2.51939e-16 -2.51939e-16 -3.23204e-16 -3.23204e-16
6.885 -2.50404e-16 -2.50404e-16 -3.21258e-16 -3.21258e-16
6.89 -2.46993e-16 -2.46993e-16 -3.17098e-16 -3.17098e-16
6.895 -2.45822e-16 -2.45822e-16 -3.15327e-16 -3.15327e-16
6.9 -2.42049e-16 -2.42049e-16 -3.10596e-16 -3.10596e-16
6.905 -2.42613e-16 -2.42613e-16 -3.11343e-16 -3.11343e-16
6.91 -2.38147e-16 -2.38147e-16 -3.05515e-16 -3.05515e-16
6.915 -2.37452e-16 -2.37452e-16 -3.04832e-16 -3.04832e-16
6.92 -2.35031e-16 -2.35031e-16 -3.01388e-16 -3.01388e-16
6.925 -2.33105e-16 -2.33105e-16 -2.99175e-16 -2.99175e-16
6.93 -2.31126e-16 -2.31126e-16 -2.96586e-16 -2.96586e-16
6.935 -2.28598e-16 -2.28598e-16 -2.93475e-16 -2.93475e-16
6.94 -2.27236e-16 -2.27236e-16 -2.9144e-16 -2.9144e-16
6.945 -2.24577e-16 -2.24577e-16 -2.88093e-16 -2.88093e-16
6.95 -2.24705e-16 -2.24705e-16 -2.8848e-16 -2.8848e-16
6.955 -2.18803e-16 -2.18803e-16 -2.80677e-16 -2.80677e-16
6.96 -2.21538e-16 -2.21538e-16 -2.84437e-16 -2.84437e-16
6.965 -2.15794e-16 -2.15794e-16 -2.76718e-16 -2.76718e-16
6.97 -2.1603e-16 -2.1603e-16 -2.77232e-16 -2.77232e-16
6.975 -2.14156e-16 -2.14156e-16 -2.74844e-16 -2.74844e-16
6.98 -2.10822e-16 -2.10822e-16 -2.70515e-16 -2.70515e-16
6.985 -2.11286e-16 -2.11286e-16 -2.711e-16 -2.711e-16
6.99 -2.077e-16 -2.077e-16 -2.66543e-16 -2.66543e-16
6.995 -2.06049e-16 -2.06049e-16 -2.64466e-16 -2.64466e-16
7 -2.05577e-16 -2.05577e-16 -2.63564e-16 -2.63564e-16
7.005 -2.02506e-16 -2.02506e-16 -2.60022e-16 -2.60022e-16
7.01 -2.01068e-16 -2.01068e-16 -2.57849e-16 -2.57849e-16
7.015 -1.99741e-16 -1.99741e-16 -2.56402e-16 -2.56402e-16
7.02 -1.97746e-16 -1.97746e-16 -2.53742e-16 -2.53742e-16
7.025 -1.95508e-16 -1.95508e-16 -2.50764e-16 -2.50764e-16
7.03 -1.95619e-16 -1.95619e-16 -2.5119e-16 -2.5119e-16
7.035 -1.91338e-16 -1.91338e-16 -2.45538e-16 -2.45538e-16
7.04 -1.92139e-16 -1.92139e-16 -2.46368e-16 -2.46368e-16
7.045 -1.89144e-16 -1.89144e-16 -2.42817e-16 -2.42817e-16
7.05 -1.87015e-16 -1.87015e-16 -2.40096e-16 -2.40096e-16
7.055 -1.87053e-16 -1.87053e-16 -2.39807e-16 -2.39807e-16
7.06 -1.84436e-16 -1.84436e-16 -2.3672e-16 -2.3672e-16
7.065 -1.82631e-16 -1.82631e-16 -2.34395e-16 -2.34395e-16
7.07 -1.80735e-16 -1.80735e-16 -2.31799e-16 -2.31799e-16
7.075 -1.81458e-16 -1.81458e-16 -2.32857e-16 -2.32857e-16
7.08 -1.76939e-16 -1.76939e-16 -2.27236e-16 -2.27236e-16
7.085 -1.76582e-16 -1.76582e-16 -2.26495e-16 -2.26495e-16
7.09 -1.75741e-16 -1.75741e-16 -2.25412e-16 -2.25412e-16
7.095 -1.73584e-16 -1.73584e-16 -2.22903e-16 -2.22903e-16
7.1 -1.72257e-16 -1.72257e-16 -2.21e-16 -2.21e-16
7.105 -1.70537e-16 -1.70537e-16 -2.18662e-16 -2.18662e-16
7.11 -1.6977e-16 -1.6977e-16 -2.18047e-16 -2.18047e-16
7.115 -1.67435e-16 -1.67435e-16 -2.14547e-16 -2.14547e-16
7.12 -1.66219e-16 -1.66219e-16 -2.13655e-16 -2.13655e-16
7.125 -1.65628e-16 -1.65628e-16 -2.12263e-16 -2.12263e-16
7.13 -1.63056e-16 -1.63056e-16 -2.09501e-16 -2.09501e-16
7.135 -1.62258e-16 -1.62258e-16 -2.07929e-16 -2.07929e-16
7.14 -1.60277e-16 -1.60277e-16 -2.0577e-16 -2.0577e-16
7.145 -1.60312e-16 -1.60312e-16 -2.05735e-16 -2.05735e-16
7.15 -1.57137e-16 -1.57137e-16 -2.01594e-16 -2.01594e-16
7.155 -1.574e-16 -1.574e-16 -2.01958e-16 -2.01958e-16
7.16 -1.54064e-16 -1.54064e-16 -1.97701e-16 -1.97701e-16
7.165 -1.55157e-16 -1.55157e-16 -1.992e-16 -1.992e-16
7.17 -1.51465e-16 -1.51465e-16 -1.94207e-16 -1.94207e-16
7.175 -1.52378e-16 -1.52378e-16 -1.95615e-16 -1.95615e-16
7.18 -1.48668e-16 -1.48668e-16 -1.90633e-16 -1.90633e-16
7.185 -1.49417e-16 -1.49417e-16 -1.91879e-16 -1.91879e-16
7.19 -1.46803e-16 -1.46803e-16 -1.88335e-16 -1.88335e-16
7.195 -1.47043e-16 -1.47043e-16 -1.88546e-16 -1.88546e-16
7.2 -1.43921e-16 -1.43921e-16 -1.84893e-16 -1.84893e-16
7.205 -1.43604e-16 -1.43604e-16 -1.84153e-16 -1.84153e-16
7.21 -1.4361e-16 -1.4361e-16 -1.84278e-16 -1.84278e-16
7.215 -1.39844e-16 -1.39844e-16 -1.79517e-16 -1.79517e-16
7.22 -1.4061e-16 -1.4061e-16 -1.80436e-16 -1.80436e-16
7.225 -1.38662e-16 -1.38662e-16 -1.77806e-16 -1.77806e-16
7.23 -1.37677e-16 -1.37677e-16 -1.76775e-16 -1.76775e-16
7.235 -1.3602e-16 -1.3602e-16 -1.74514e-16 -1.74514e-16
7.24 -1.34875e-16 -1.34875e-16 -1.731e-16 -1.731e-16
7.245 -1.34609e-16 -1.34609e-16 -1.72588e-16 -1.72588e-16
7.25 -1.32639e-16 -1.32639e-16 -1.70325e-16 -1.70325e-16
7.255 -1.32097e-16 -1.32097e-16 -1.69431e-16 -1.69431e-16
7.26 -1.30106e-16 -1.30106e-16 -1.67082e-16 -1.67082e-16
7.265 -1.30104e-16 -1.30104e-16 -1.66845e-16 -1.66845e-16
7.27 -1.27942e-16 -1.27942e-16 -1.64216e-16 -1.64216e-16
7.275 -1.27156e-16 -1.27156e-16 -1.63122e-16 -1.63122e-16
7.28 -1.26006e-16 -1.26006e-16 -1.61725e-16 -1.61725e-16
7.285 -1.25914e-16 -1.25914e-16 -1.61515e-16 -1.61515e-16
7.29 -1.23487e-16 -1.23487e-16 -1.58516e-16 -1.58516e-16
7.295 -1.23614e-16 -1.23614e-16 -1.5855e-16 -1.5855e-16
7.3 -1.20769e-16 -1.20769e-16 -1.55032e-16 -1.55032e-16
7.305 -1.22012e-16 -1.22012e-16 -1.56551e-16 -1.56551e-16
7.31 -1.19149e-16 -1.19149e-16 -1.52906e-16 -1.52906e-16
7.315 -1.18551e-16 -1.18551e-16 -1.52108e-16 -1.52108e-16
7.32 -1.18223e-16 -1.18223e-16 -1.51768e-16 -1.51768e-16
7.325 -1.1599e-16 -1.1599e-16 -1.48778e-16 -1.48778e-16
7.33 -1.16201e-16 -1.16201e-16 -1.49143e-16 -1.49143e-16
7.335 -1.14691e-16 -1.14691e-16 -1.47142e-16 -1.47142e-16
7.34 -1.14212e-16 -1.14212e-16 -1.46497e-16 -1.46497e-16
7.345 -1.11621e-16 -1.11621e-16 -1.43259e-16 -1.43259e-16
7.35 -1.13004e-16 -1.13004e-16 -1.45064e-16 -1.45064e-16
7.355 -1.09853e-16 -1.09853e-16 -1.41013e-16 -1.41013e-16
7.36 -1.10834e-16 -1.10834e-16 -1.42042e-16 -1.42042e-16
7.365 -1.07931e-16 -1.07931e-16 -1.38613e-16 -1.38613e-16
7.37 -1.09018e-16 -1.09018e-16 -1.39861e-16 -1.39861e-16
7.375 -1.06638e-16 -1.06638e-16 -1.36818e-16 -1.36818e-16
7.38 -1.07245e-16 -1.07245e-16 -1.37703e-16 -1.37703e-16
7.385 -1.04155e-16 -1.04155e-16 -1.33609e-16 -1.33609e-16
7.39 -1.04749e-16 -1.04749e-16 -1.34406e-16 -1.34406e-16
7.395 -1.03649e-16 -1.03649e-16 -1.32896e-16 -1.32896e-16
7.4 -1.02789e-16 -1.02789e-16 -1.32143e-16 -1.32143e-16
7.405 -1.01027e-16 -1.01027e-16 -1.29451e-16 -1.29451e-16
7.41 -1.01112e-16 -1.01112e-16 -1.29706e-16 -1.29706e-16
7.415 -1.00324e-16 -1.00324e-16 -1.28864e-16 -1.28864e-16
7.42 -9.80749e-17 -9.80749e-17 -1.25909e-16 -1.25909e-16
7.425 -9.92784e-17 -9.92784e-17 -1.27216e-16 -1.27216e-16
7.43 -9.63063e-17 -9.63063e-17 -1.23775e-16 -1.23775e-16
7.435 -9.7842e-17 -9.7842e-17 -1.25357e-16 -1.25357e-16
7.44 -9.48364e-17 -9.48364e-17 -1.21912e-16 -1.21912e-16
7.445 -9.54804e-17 -9.54804e-17 -1.2239e-16 -1.2239e-16
7.45 -9.39789e-17 -9.39789e-17 -1.20606e-16 -1.20606e-16
7.455 -9.24494e-17 -9.24494e-17 -1.18527e-16 -1.18527e-16
7.46 -9.40518e-17 -9.40518e-17 -1.20846e-16 -1.20846e-16
7.465 -9.03496e-17 -9.03496e-17 -1.15943e-16 -1.15943e-16
7.47 -9.21844e-17 -9.21844e-17 -1.18124e-16 -1.18124e-16
7.475 -8.82749e-17 -8.82749e-17 -1.13448e-16 -1.13448e-16
7.48 -9.07614e-17 -9.07614e-17 -1.16255e-16 -1.16255e-16
7.485 -8.77378e-17 -8.77378e-17 -1.1292e-16 -1.1292e-16
7.49 -8.84647e-17 -8.84647e-17 -1.13263e-16 -1.13263e-16
7.495 -8.66643e-17 -8.66643e-17 -1.11229e-16 -1.11229e-16
7.5 -8.66399e-17 -8.66399e-17 -1.11151e-16 -1.11151e-16
7.505 -8.48716e-17 -8.48716e-17 -1.09013e-16 -1.09013e-16
7.51 -8.57044e-17 -8.57044e-17 -1.09907e-16 -1.09907e-16
7.515 -8.37704e-17 -8.37704e-17 -1.07511e-16 -1.07511e-16
7.52 -8.33621e-17 -8.33621e-17 -1.06972e-16 -1.06972e-16
7.525 -8.21531e-17 -8.21531e-17 -1.05431e-16 -1.05431e-16
7.53 -8.29193e-17 -8.29193e-17 -1.06523e-16 -1.06523e-16
7.535 -8.08515e-17 -8.08515e-17 -1.03639e-16 -1.03639e-16
7.54 -8.00144e-17 -8.00144e-17 -1.02654e-16 -1.02654e-16
7.545 -8.05181e-17 -8.05181e-17 -1.03264e-16 -1.03264e-16
7.55 -7.84965e-17 -7.84965e-17 -1.00897e-16 -1.00897e-16
7.555 -7.89899e-17 -7.89899e-17 -1.01185e-16 -1.01185e-16
7.56 -7.8142e-17 -7.8142e-17 -1.00444e-16 -1.00444e-16
7.565 -7.62705e-17 -7.62705e-17 -9.788e-17 -9.788e-17
7.57 -7.63112e-17 -7.63112e-17 -9.79235e-17 -9.79235e-17
7.575 -7.59775e-17 -7.59775e-17 -9.75316e-17 -9.75316e-17
7.58 -7.51969e-17 -7.51969e-17 -9.63257e-17 -9.63257e-17
7.585 -7.46336e-17 -7.46336e-17 -9.58362e-17 -9.58362e-17
7.59 -7.32995e-17 -7.32995e-17 -9.39731e-17 -9.39731e-17
7.595 -7.34281e-17 -7.34281e-17 -9.44864e-17 -9.44864e-17
7.6 -7.3061e-17 -7.3061e-17 -9.34731e-17 -9.34731e-17
7.605 -7.15659e-17 -7.15659e-17 -9.19613e-17 -9.19613e-17
7.61 -7.20192e-17 -7.20192e-17 -9.24571e-17 -9.24571e-17
7.615 -7.01941e-17 -7.01941e-17 -9.0061e-17 -9.0061e-17
7.62 -6.99531e-17 -6.99531e-17 -8.97431e-17 -8.97431e-17
7.625 -7.01571e-17 -7.01571e-17 -9.00187e-17 -9.00187e-17
7.63 -6.88411e-17 -6.88411e-17 -8.83177e-17 -8.83177e-17
7.635 -6.75081e-17 -6.75081e-17 -8.66921e-17 -8.66921e-17
7.64 -6.88326e-17 -6.88326e-17 -8.81048e-17 -8.81048e-17
7.645 -6.68336e-17 -6.68336e-17 -8.61412e-17 -8.61412e-17
7.65 -6.67638e-17 -6.67638e-17 -8.53997e-17 -8.53997e-17
7.655 -6.62348e-17 -6.62348e-17 -8.51974e-17 -8.51974e-17
7.66 -6.54458e-17 -6.54458e-17 -8.38168e-17 -8.38168e-17
7.665 -6.4827e-17 -6.4827e-17 -8.3251e-17 -8.3251e-17
7.67 -6.47002e-17 -6.47002e-17 -8.30277e-17 -8.30277e-17
7.675 -6.27858e-17 -6.27858e-17 -8.05718e-17 -8.05718e-17
7.68 -6.46859e-17 -6.46859e-17 -8.29126e-17 -8.29126e-17
7.685 -6.1262e-17 -6.1262e-17 -7.87725e-17 -7.87725e-17
7.69 -6.33973e-17 -6.33973e-17 -8.12561e-17 -8.12561e-17
7.695 -6.1247e-17 -6.1247e-17 -7.86119e-17 -7.86119e-17
7.7 -6.12921e-17 -6.12921e-17 -7.8771e-17 -7.8771e-17
7.705 -6.00937e-17 -6.00937e-17 -7.69169e-17 -7.69169e-17
7.71 -5.93985e-17 -5.93985e-17 -7.64123e-17 -7.64123e-17
7.715 -6.07693e-17 -6.07693e-17 -7.77997e-17 -7.77997e-17
7.72 -5.82471e-17 -5.82471e-17 -7.48352e-17 -7.48352e-17
7.725 -5.88155e-17 -5.88155e-17 -7.54847e-17 -7.54847e-17
7.73 -5.76513e-17 -5.76513e-17 -7.40176e-17 -7.40176e-17
7.735 -5.74333e-17 -5.74333e-17 -7.36213e-17 -7.36213e-17
7.74 -5.73517e-17 -5.73517e-17 -7.35452e-17 -7.35452e-17
7.745 -5.67603e-17 -5.67603e-17 -7.29903e-17 -7.29903e-17
7.75 -5.48841e-17 -5.48841e-17 -7.02389e-17 -7.02389e-17
7.755 -5.66566e-17 -5.66566e-17 -7.27946e-17 -7.27946e-17
7.76 -5.4586e-17 -5.4586e-17 -7.01008e-17 -7.01008e-17
7.765 -5.47387e-17 -5.47387e-17 -7.01867e-17 -7.01867e-17
7.77 -5.41352e-17 -5.41352e-17 -6.95245e-17 -6.95245e-17
7.775 -5.26512e-17 -5.26512e-17 -6.75138e-17 -6.75138e-17
7.78 -5.43354e-17 -5.43354e-17 -6.97299e-17 -6.97299e-17
7.785 -5.25638e-17 -5.25638e-17 -6.73902e-17 -6.73902e-17
7.79 -5.19847e-17 -5.19847e-17 -6.68582e-17 -6.68582e-17
7.795 -5.17897e-17 -5.17897e-17 -6.62977e-17 -6.62977e-17
7.8 -5.18346e-17 -5.18346e-17 -6.66886e-17 -6.66886e-17
7.805 -5.08602e-17 -5.08602e-17 -6.50862e-17 -6.50862e-17
7.81 -5.04671e-17 -5.04671e-17 -6.48885e-17 -6.48885e-17
7.815 -5.03847e-17 -5.03847e-17 -6.46806e-17 -6.46806e-17
7.82 -4.94603e-17 -4.94603e-17 -6.34269e-17 -6.34269e-17
7.825 -4.90436e-17 -4.90436e-17 -6.28705e-17 -6.28705e-17
7.83 -4.85093e-17 -4.85093e-17 -6.24166e-17 -6.24166e-17
7.835 -4.84018e-17 -4.84018e-17 -6.19043e-17 -6.19043e-17
7.84 -4.84358e-17 -4.84358e-17 -6.22266e-17 -6.22266e-17
7.845 -4.71037e-17 -4.71037e-17 -6.04341e-17 -6.04341e-17
7.85 -4.76298e-17 -4.76298e-17 -6.10989e-17 -6.10989e-17
7.855 -4.61946e-17 -4.61946e-17 -5.93958e-17 -5.93958e-17
7.86 -4.66933e-17 -4.66933e-17 -5.98078e-17 -5.98078e-17
7.865 -4.55747e-17 -4.55747e-17 -5.85739e-17 -5.85739e-17
7.87 -4.65767e-17 -4.65767e-17 -5.97234e-17 -5.97234e-17
7.875 -4.29179e-17 -4.29179e-17 -5.51233e-17 -5.51233e-17
7.88 -4.6272e-17 -4.6272e-17 -5.9371e-17 -5.9371e-17
7.885 -4.35318e-17 -4.35318e-17 -5.57619e-17 -5.57619e-17
7.89 -4.53512e-17 -4.53512e-17 -5.83201e-17 -5.83201e-17
7.895 -4.2671e-17 -4.2671e-17 -5.47044e-17 -5.47044e-17
7.9 -4.1909e-17 -4.1909e-17 -5.39017e-17 -5.39017e-17
7.905 -4.53816e-17 -4.53816e-17 -5.80597e-17 -5.80597e-17
7.91 -4.15201e-17 -4.15201e-17 -5.32733e-17 -5.32733e-17
7.915 -4.18462e-17 -4.18462e-17 -5.38961e-17 -5.38961e-17
7.92 -4.18207e-17 -4.18207e-17 -5.35565e-17 -5.35565e-17
7.925 -4.09538e-17 -4.09538e-17 -5.25272e-17 -5.25272e-17
7.93 -4.13849e-17 -4.13849e-17 -5.31957e-17 -5.31957e-17
7.935 -4.01551e-17 -4.01551e-17 -5.14806e-17 -5.14806e-17
7.94 -4.17331e-17 -4.17331e-17 -5.35014e-17 -5.35014e-17
7.945 -3.83507e-17 -3.83507e-17 -4.94045e-17 -4.94045e-17
7.95 -4.08311e-17 -4.08311e-17 -5.21898e-17 -5.21898e-17
7.955 -3.83217e-17 -3.83217e-17 -4.91959e-17 -4.91959e-17
7.96 -3.94695e-17 -3.94695e-17 -5.07656e-17 -5.07656e-17
7.965 -3.91973e-17 -3.91973e-17 -5.01693e-17 -5.01693e-17
7.97 -3.75756e-17 -3.75756e-17 -4.83274e-17 -4.83274e-17
7.975 -3.80711e-17 -3.80711e-17 -4.86671e-17 -4.86671e-17
7.98 -3.77729e-17 -3.77729e-17 -4.87628e-17 -4.87628e-17
7.985 -3.69035e-17 -3.69035e-17 -4.72055e-17 -4.72055e-17
7.99 -3.67921e-17 -3.67921e-17 -4.72255e-17 -4.72255e-17
7.995 -3.80204e-17 -3.80204e-17 -4.86269e-17 -4.86269e-17
8 -3.52055e-17 -3.52055e-17 -4.53283e-17 -4.53283e-17
8.005 -3.51812e-17 -3.51812e-17 -4.53131e-17 -4.53131e-17
8.01 -3.68503e-17 -3.68503e-17 -4.70057e-17 -4.70057e-17
8.015 -3.58602e-17 -3.58602e-17 -4.62107e-17 -4.62107e-17
8.02 -3.43618e-17 -3.43618e-17 -4.39738e-17 -4.39738e-17
8.025 -3.51175e-17 -3.51175e-17 -4.51562e-17 -4.51562e-17
8.03 -3.51513e-17 -3.51513e-17 -4.50086e-17 -4.50086e-17
8.035 -3.34134e-17 -3.34134e-17 -4.31273e-17 -4.31273e-17
8.04 -3.4355e-17 -3.4355e-17 -4.36967e-17 -4.36967e-17
8.045 -3.32768e-17 -3.32768e-17 -4.30597e-17 -4.30597e-17
8.05 -3.45215e-17 -3.45215e-17 -4.40317e-17 -4.40317e-17
8.055 -3.15583e-17 -3.15583e-17 -4.07e-17 -4.07e-17
8.06 -3.36034e-17 -3.36034e-17 -4.30585e-17 -4.30585e-17
8.065 -3.29259e-17 -3.29259e-17 -4.21728e-17 -4.21728e-17
8.07 -3.19145e-17 -3.19145e-17 -4.1053e-17 -4.1053e-17
8.075 -3.18857e-17 -3.18857e-17 -4.10082e-17 -4.10082e-17
8.08 -3.23694e-17 -3.23694e-17 -4.12826e-17 -4.12826e-17
8.085 -3.04928e-17 -3.04928e-17 -3.94267e-17 -3.94267e-17
8.09 -3.10476e-17 -3.10476e-17 -3.97625e-17 -3.97625e-17
8.095 -3.13435e-17 -3.13435e-17 -3.99598e-17 -3.99598e-17
8.1 -3.0582e-17 -3.0582e-17 -3.9585e-17 -3.9585e-17
8.105 -3.0449e-17 -3.0449e-17 -3.88574e-17 -3.88574e-17
8.11 -2.88424e-17 -2.88424e-17 -3.71919e-17 -3.71919e-17
8.115 -3.0867e-17 -3.0867e-17 -3.93761e-17 -3.93761e-17
8.12 -2.9908e-17 -2.9908e-17 -3.84802e-17 -3.84802e-17
8.125 -2.83579e-17 -2.83579e-17 -3.65186e-17 -3.65186e-17
8.13 -2.91381e-17 -2.91381e-17 -3.72477e-17 -3.72477e-17
8.135 -2.94468e-17 -2.94468e-17 -3.78811e-17 -3.78811e-17
8.14 -2.85709e-17 -2.85709e-17 -3.64614e-17 -3.64614e-17
8.145 -2.78592e-17 -2.78592e-17 -3.60175e-17 -3.60175e-17
8.15 -2.80556e-17 -2.80556e-17 -3.58721e-17 -3.58721e-17
8.155 -2.77324e-17 -2.77324e-17 -3.5652e-17 -3.5652e-17
8.16 -2.81007e-17 -2.81007e-17 -3.59095e-17 -3.59095e-17
8.165 -2.69069e-17 -2.69069e-17 -3.46626e-17 -3.46626e-17
8.17 -2.66165e-17 -2.66165e-17 -3.42384e-17 -3.42384e-17
8.175 -2.73652e-17 -2.73652e-17 -3.48898e-17 -3.48898e-17
8.18 -2.58231e-17 -2.58231e-17 -3.33987e-17 -3.33987e-17
8.185 -2.80163e-17 -2.80163e-17 -3.56917e-17 -3.56917e-17
8.19 -2.52509e-17 -2.52509e-17 -3.26454e-17 -3.26454e-17
8.195 -2.60769e-17 -2.60769e-17 -3.33199e-17 -3.33199e-17
8.2 -2.58211e-17 -2.58211e-17 -3.33224e-17 -3.33224e-17
8.205 -2.39791e-17 -2.39791e-17 -3.05884e-17 -3.05884e-17
8.21 -2.69424e-17 -2.69424e-17 -3.46713e-17 -3.46713e-17
8.215 -2.40794e-17 -2.40794e-17 -3.09209e-17 -3.09209e-17
8.22 -2.49733e-17 -2.49733e-17 -3.20918e-17 -3.20918e-17
8.225 -2.48336e-17 -2.48336e-17 -3.17434e-17 -3.17434e-17
8.23 -2.3439e-17 -2.3439e-17 -3.02397e-17 -3.02397e-17
8.235 -2.56837e-17 -2.56837e-17 -3.28073e-17 -3.28073e-17
8.24 -2.28362e-17 -2.28362e-17 -2.94258e-17 -2.94258e-17
8.245 -2.54298e-17 -2.54298e-17 -3.25155e-17 -3.25155e-17
8.25 -2.18389e-17 -2.18389e-17 -2.80483e-17 -2.80483e-17
8.255 -2.48671e-17 -2.48671e-17 -3.20603e-17 -3.20603e-17
8.26 -2.20564e-17 -2.20564e-17 -2.82532e-17 -2.82532e-17
8.265 -2.3009e-17 -2.3009e-17 -2.95093e-17 -2.95093e-17
8.27 -2.32063e-17 -2.32063e-17 -2.96947e-17 -2.96947e-17
8.275 -2.2778e-17 -2.2778e-17 -2.93337e-17 -2.93337e-17
8.28 -2.19943e-17 -2.19943e-17 -2.81705e-17 -2.81705e-17
8.285 -2.184e-17 -2.184e-17 -2.81146e-17 -2.81146e-17
8.29 -2.39237e-17 -2.39237e-17 -3.05623e-17 -3.05623e-17
8.295 -1.95461e-17 -1.95461e-17 -2.528e-17 -2.528e-17
8.3 -2.30798e-17 -2.30798e-17 -2.93856e-17 -2.93856e-17
8.305 -2.104e-17 -2.104e-17 -2.7279e-17 -2.7279e-17
8.31 -2.21602e-17 -2.21602e-17 -2.81937e-17 -2.81937e-17
8.315 -1.97163e-17 -1.97163e-17 -2.56272e-17 -2.56272e-17
8.32 -2.26894e-17 -2.26894e-17 -2.86878e-17 -2.86878e-17
8.325 -1.91658e-17 -1.91658e-17 -2.49227e-17 -2.49227e-17
8.33 -2.20316e-17 -2.20316e-17 -2.81385e-17 -2.81385e-17
8.335 -1.93194e-17 -1.93194e-17 -2.481e-17 -2.481e-17
8.34 -2.15155e-17 -2.15155e-17 -2.76314e-17 -2.76314e-17
8.345 -1.84872e-17 -1.84872e-17 -2.37076e-17 -2.37076e-17
8.35 -2.1496e-17 -2.1496e-17 -2.76579e-17 -2.76579e-17
8.355 -1.7856e-17 -1.7856e-17 -2.28402e-17 -2.28402e-17
8.36 -2.11559e-17 -2.11559e-17 -2.71401e-17 -2.71401e-17
8.365 -1.83246e-17 -1.83246e-17 -2.36432e-17 -2.36432e-17
8.37 -2.05278e-17 -2.05278e-17 -2.60806e-17 -2.60806e-17
8.375 -1.8711e-17 -1.8711e-17 -2.42606e-17 -2.42606e-17
8.38 -1.86534e-17 -1.86534e-17 -2.38957e-17 -2.38957e-17
8.385 -1.86976e-17 -1.86976e-17 -2.40096e-17 -2.40096e-17
8.39 -1.91545e-17 -1.91545e-17 -2.43902e-17 -2.43902e-17
8.395 -1.81337e-17 -1.81337e-17 -2.36019e-17 -2.36019e-17
8.4 -1.70707e-17 -1.70707e-17 -2.17071e-17 -2.17071e-17
8.405 -1.88527e-17 -1.88527e-17 -2.43382e-17 -2.43382e-17
8.41 -1.80054e-17 -1.80054e-17 -2.28945e-17 -2.28945e-17
8.415 -1.71642e-17 -1.71642e-17 -2.22398e-17 -2.22398e-17
8.42 -1.89693e-17 -1.89693e-17 -2.42323e-17 -2.42323e-17
8.425 -1.72198e-17 -1.72198e-17 -2.2157e-17 -2.2157e-17
8.43 -1.63089e-17 -1.63089e-17 -2.10359e-17 -2.10359e-17
8.435 -1.85746e-17 -1.85746e-17 -2.36028e-17 -2.36028e-17
8.44 -1.61542e-17 -1.61542e-17 -2.1034e-17 -2.1034e-17
8.445 -1.68195e-17 -1.68195e-17 -2.13586e-17 -2.13586e-17
8.45 -1.6255e-17 -1.6255e-17 -2.10357e-17 -2.10357e-17
8.455 -1.79297e-17 -1.79297e-17 -2.27623e-17 -2.27623e-17
8.46 -1.6521e-17 -1.6521e-17 -2.1376e-17 -2.1376e-17
8.465 -1.65711e-17 -1.65711e-17 -2.1155e-17 -2.1155e-17
8.47 -1.46962e-17 -1.46962e-17 -1.90446e-17 -1.90446e-17
8.475 -1.67867e-17 -1.67867e-17 -2.14342e-17 -2.14342e-17
8.48 -1.57419e-17 -1.57419e-17 -2.0221e-17 -2.0221e-17
8.485 -1.57426e-17 -1.57426e-17 -2.02122e-17 -2.02122e-17
8.49 -1.60036e-17 -1.60036e-17 -2.06422e-17 -2.06422e-17
8.495 -1.49515e-17 -1.49515e-17 -1.9067e-17 -1.9067e-17
8.5 -1.61414e-17 -1.61414e-17 -2.07158e-17 -2.07158e-17
8.505 -1.41153e-17 -1.41153e-17 -1.81881e-17 -1.81881e-17
8.51 -1.58177e-17 -1.58177e-17 -2.01838e-17 -2.01838e-17
8.515 -1.40424e-17 -1.40424e-17 -1.81417e-17 -1.81417e-17
8.52 -1.66463e-17 -1.66463e-17 -2.11048e-17 -2.11048e-17
8.525 -1.26714e-17 -1.26714e-17 -1.6561e-17 -1.6561e-17
8.53 -1.61048e-17 -1.61048e-17 -2.05574e-17 -2.05574e-17
8.535 -1.34364e-17 -1.34364e-17 -1.71738e-17 -1.71738e-17
8.54 -1.38244e-17 -1.38244e-17 -1.80365e-17 -1.80365e-17
8.545 -1.56154e-17 -1.56154e-17 -1.97624e-17 -1.97624e-17
8.55 -1.36094e-17 -1.36094e-17 -1.75002e-17 -1.75002e-17
8.555 -1.50723e-17 -1.50723e-17 -1.93665e-17 -1.93665e-17
8.56 -1.20674e-17 -1.20674e-17 -1.55332e-17 -1.55332e-17
8.565 -1.49592e-17 -1.49592e-17 -1.91374e-17 -1.91374e-17
8.57 -1.18826e-17 -1.18826e-17 -1.53893e-17 -1.53893e-17
8.575 -1.4338e-17 -1.4338e-17 -1.82902e-17 -1.82902e-17
8.58 -1.33124e-17 -1.33124e-17 -1.71372e-17 -1.71372e-17
8.585 -1.39398e-17 -1.39398e-17 -1.77065e-17 -1.77065e-17
8.59 -1.33242e-17 -1.33242e-17 -1.72503e-17 -1.72503e-17
8.595 -1.19475e-17 -1.19475e-17 -1.52615e-17 -1.52615e-17
8.6 -1.30168e-17 -1.30168e-17 -1.69455e-17 -1.69455e-17
8.605 -1.26655e-17 -1.26655e-17 -1.59262e-17 -1.59262e-17
8.61 -1.38249e-17 -1.38249e-17 -1.78656e-17 -1.78656e-17
8.615 -1.1461e-17 -1.1461e-17 -1.48937e-17 -1.48937e-17
8.62 -1.31689e-17 -1.31689e-17 -1.6711e-17 -1.6711e-17
8.625 -1.2376e-17 -1.2376e-17 -1.59651e-17 -1.59651e-17
8.63 -1.1759e-17 -1.1759e-17 -1.50978e-17 -1.50978e-17
8.635 -1.23506e-17 -1.23506e-17 -1.58467e-17 -1.58467e-17
8.64 -1.13755e-17 -1.13755e-17 -1.44914e-17 -1.44914e-17
8.645 -1.23709e-17 -1.23709e-17 -1.60174e-17 -1.60174e-17
8.65 -1.2327e-17 -1.2327e-17 -1.56507e-17 -1.56507e-17
8.655 -1.18686e-17 -1.18686e-17 -1.52736e-17 -1.52736e-17
8.66 -1.10325e-17 -1.10325e-17 -1.42873e-17 -1.42873e-17
8.665 -1.15395e-17 -1.15395e-17 -1.47805e-17 -1.47805e-17
8.67 -1.21657e-17 -1.21657e-17 -1.55841e-17 -1.55841e-17
8.675 -1.05368e-17 -1.05368e-17 -1.35243e-17 -1.35243e-17
8.68 -1.25974e-17 -1.25974e-17 -1.60957e-17 -1.60957e-17
8.685 -9.76791e-18 -9.76791e-18 -1.277e-17 -1.277e-17
8.69 -1.14047e-17 -1.14047e-17 -1.44467e-17 -1.44467e-17
8.695 -1.0788e-17 -1.0788e-17 -1.40164e-17 -1.40164e-17
8.7 -1.02538e-17 -1.02538e-17 -1.2895e-17 -1.2895e-17
8.705 -1.14979e-17 -1.14979e-17 -1.51173e-17 -1.51173e-17
8.71 -1.05651e-17 -1.05651e-17 -1.33362e-17 -1.33362e-17
8.715 -8.78359e-18 -8.78359e-18 -1.13408e-17 -1.13408e-17
8.72 -1.32237e-17 -1.32237e-17 -1.68953e-17 -1.68953e-17
8.725 -8.45341e-18 -8.45341e-18 -1.11122e-17 -1.11122e-17
8.73 -1.19654e-17 -1.19654e-17 -1.49934e-17 -1.49934e-17
8.735 -1.00401e-17 -1.00401e-17 -1.31163e-17 -1.31163e-17
8.74 -9.35686e-18 -9.35686e-18 -1.21528e-17 -1.21528e-17
8.745 -1.03419e-17 -1.03419e-17 -1.30629e-17 -1.30629e-17
8.75 -1.07846e-17 -1.07846e-17 -1.37961e-17 -1.37961e-17
8.755 -8.55952e-18 -8.55952e-18 -1.12078e-17 -1.12078e-17
8.76 -1.08584e-17 -1.08584e-17 -1.37516e-17 -1.37516e-17
8.765 -8.42317e-18 -8.42317e-18 -1.10062e-17 -1.10062e-17
8.77 -1.1271e-17 -1.1271e-17 -1.42408e-17 -1.42408e-17
8.775 -8.54117e-18 -8.54117e-18 -1.11763e-17 -1.11763e-17
8.78 -1.03259e-17 -1.03259e-17 -1.30744e-17 -1.30744e-17
8.785 -9.72682e-18 -9.72682e-18 -1.25272e-17 -1.25272e-17
8.79 -7.83882e-18 -7.83882e-18 -1.0154e-17 -1.0154e-17
8.795 -1.10432e-17 -1.10432e-17 -1.40088e-17 -1.40088e-17
8.8 -9.26726e-18 -9.26726e-18 -1.21112e-17 -1.21112e-17
8.805 -7.44842e-18 -7.44842e-18 -9.53428e-18 -9.53428e-18
8.81 -9.87368e-18 -9.87368e-18 -1.26063e-17 -1.26063e-17
8.815 -9.62718e-18 -9.62718e-18 -1.23189e-17 -1.23189e-17
8.82 -7.65084e-18 -7.65084e-18 -9.99053e-18 -9.99053e-18
8.825 -9.9424e-18 -9.9424e-18 -1.26043e-17 -1.26043e-17
8.83 -7.4763e-18 -7.4763e-18 -9.67724e-18 -9.67724e-18
8.835 -1.02276e-17 -1.02276e-17 -1.29926e-17 -1.29926e-17
8.84 -7.4185e-18 -7.4185e-18 -9.73611e-18 -9.73611e-18
8.845 -9.44239e-18 -9.44239e-18 -1.20799e-17 -1.20799e-17
8.85 -7.77922e-18 -7.77922e-18 -1.0038e-17 -1.0038e-17
8.855 -7.31542e-18 -7.31542e-18 -9.33226e-18 -9.33226e-18
8.86 -9.06106e-18 -9.06106e-18 -1.16038e-17 -1.16038e-17
8.865 -8.49447e-18 -8.49447e-18 -1.08356e-17 -1.08356e-17
8.87 -7.91891e-18 -7.91891e-18 -1.02164e-17 -1.02164e-17
8.875 -7.54154e-18 -7.54154e-18 -9.83546e-18 -9.83546e-18
8.88 -8.04896e-18 -8.04896e-18 -1.01153e-17 -1.01153e-17
8.885 -8.98141e-18 -8.98141e-18 -1.15607e-17 -1.15607e-17
8.89 -6.73175e-18 -6.73175e-18 -8.82628e-18 -8.82628e-18
8.895 -8.18707e-18 -8.18707e-18 -1.04066e-17 -1.04066e-17
8.9 -7.26875e-18 -7.26875e-18 -9.44189e-18 -9.44189e-18
8.905 -7.36004e-18 -7.36004e-18 -9.27128e-18 -9.27128e-18
8.91 -8.78411e-18 -8.78411e-18 -1.12992e-17 -1.12992e-17
8.915 -6.12775e-18 -6.12775e-18 -8.03374e-18 -8.03374e-18
8.92 -8.8354e-18 -8.8354e-18 -1.12049e-17 -1.12049e-17
8.925 -7.60423e-18 -7.60423e-18 -9.65797e-18 -9.65797e-18
8.93 -6.07775e-18 -6.07775e-18 -8.07357e-18 -8.07357e-18
8.935 -8.50379e-18 -8.50379e-18 -1.06407e-17 -1.06407e-17
8.94 -7.49366e-18 -7.49366e-18 -9.67555e-18 -9.67555e-18
8.945 -7.28743e-18 -7.28743e-18 -9.3662e-18 -9.3662e-18
8.95 -6.24673e-18 -6.24673e-18 -8.09796e-18 -8.09796e-18
8.955 -6.20513e-18 -6.20513e-18 -7.913e-18 -7.913e-18
8.96 -8.20257e-18 -8.20257e-18 -1.04978e-17 -1.04978e-17
8.965 -6.08794e-18 -6.08794e-18 -7.96441e-18 -7.96441e-18
8.97 -6.85244e-18 -6.85244e-18 -8.6628e-18 -8.6628e-18
8.975 -6.74725e-18 -6.74725e-18 -8.70324e-18 -8.70324e-18
8.98 -5.98644e-18 -5.98644e-18 -7.62061e-18 -7.62061e-18
8.985 -7.27611e-18 -7.27611e-18 -9.44605e-18 -9.44605e-18
8.99 -6.89689e-18 -6.89689e-18 -8.74482e-18 -8.74482e-18
8.995 -6.36514e-18 -6.36514e-18 -8.22603e-18 -8.22603e-18
9 -6.09798e-18 -6.09798e-18 -7.904e-18 -7.904e-18
9.005 -6.06532e-18 -6.06532e-18 -7.5883e-18 -7.5883e-18
9.01 -6.657e-18 -6.657e-18 -8.78566e-18 -8.78566e-18
9.015 -7.11761e-18 -7.11761e-18 -8.95707e-18 -8.95707e-18
9.02 -5.43501e-18 -5.43501e-18 -7.03945e-18 -7.03945e-18
9.025 -6.09612e-18 -6.09612e-18 -7.83928e-18 -7.83928e-18
9.03 -6.82657e-18 -6.82657e-18 -8.73437e-18 -8.73437e-18
9.035 -5.15557e-18 -5.15557e-18 -6.71626e-18 -6.71626e-18
9.04 -6.13574e-18 -6.13574e-18 -7.80841e-18 -7.80841e-18
9.045 -7.40826e-18 -7.40826e-18 -9.36646e-18 -9.36646e-18
9.05 -5.34894e-18 -5.34894e-18 -6.9534e-18 -6.9534e-18
9.055 -4.89765e-18 -4.89765e-18 -6.35046e-18 -6.35046e-18
9.06 -6.75116e-18 -6.75116e-18 -8.65709e-18 -8.65709e-18
9.065 -6.15922e-18 -6.15922e-18 -7.93696e-18 -7.93696e-18
9.07 -5.90248e-18 -5.90248e-18 -7.50731e-18 -7.50731e-18
9.075 -6.25068e-18 -6.25068e-18 -8.05391e-18 -8.05391e-18
9.08 -5.60677e-18 -5.60677e-18 -7.23852e-18 -7.23852e-18
9.085 -4.67502e-18 -4.67502e-18 -6.03283e-18 -6.03283e-18
9.09 -5.91764e-18 -5.91764e-18 -7.54919e-18 -7.54919e-18
9.095 -4.60174e-18 -4.60174e-18 -5.83296e-18 -5.83296e-18
9.1 -6.26637e-18 -6.26637e-18 -8.05756e-18 -8.05756e-18
9.105 -4.92357e-18 -4.92357e-18 -6.41688e-18 -6.41688e-18
9.11 -4.70503e-18 -4.70503e-18 -5.93782e-18 -5.93782e-18
9.115 -6.75448e-18 -6.75448e-18 -8.88892e-18 -8.88892e-18
9.12 -4.04272e-18 -4.04272e-18 -4.98269e-18 -4.98269e-18
9.125 -4.62988e-18 -4.62988e-18 -6.0917e-18 -6.0917e-18
9.13 -5.55933e-18 -5.55933e-18 -7.08356e-18 -7.08356e-18
9.135 -4.54974e-18 -4.54974e-18 -5.83775e-18 -5.83775e-18
9.14 -6.72412e-18 -6.72412e-18 -8.54817e-18 -8.54817e-18
9.145 -4.16111e-18 -4.16111e-18 -5.47211e-18 -5.47211e-18
9.15 -4.99001e-18 -4.99001e-18 -6.39051e-18 -6.39051e-18
9.155 -5.70204e-18 -5.70204e-18 -7.11101e-18 -7.11101e-18
9.16 -4.15894e-18 -4.15894e-18 -5.74137e-18 -5.74137e-18
9.165 -5.95636e-18 -5.95636e-18 -7.29731e-18 -7.29731e-18
9.17 -3.60042e-18 -3.60042e-18 -4.8476e-18 -4.8476e-18
9.175 -6.15643e-18 -6.15643e-18 -7.65491e-18 -7.65491e-18
9.18 -3.52308e-18 -3.52308e-18 -4.86828e-18 -4.86828e-18
9.185 -5.05719e-18 -5.05719e-18 -6.32282e-18 -6.32282e-18
9.19 -4.01477e-18 -4.01477e-18 -5.19623e-18 -5.19623e-18
9.195 -6.18801e-18 -6.18801e-18 -7.84223e-18 -7.84223e-18
9.2 -3.08234e-18 -3.08234e-18 -4.05898e-18 -4.05898e-18
9.205 -6.03429e-18 -6.03429e-18 -7.65581e-18 -7.65581e-18
9.21 -3.96758e-18 -3.96758e-18 -5.27507e-18 -5.27507e-18
9.215 -3.04609e-18 -3.04609e-18 -3.99879e-18 -3.99879e-18
9.22 -6.78838e-18 -6.78838e-18 -8.23824e-18 -8.23824e-18
9.225 -2.47252e-18 -2.47252e-18 -3.61075e-18 -3.61075e-18
9.23 -4.51731e-18 -4.51731e-18 -5.79164e-18 -5.79164e-18
9.235 -4.59802e-18 -4.59802e-18 -5.71809e-18 -5.71809e-18
9.24 -5.29633e-18 -5.29633e-18 -6.87932e-18 -6.87932e-18
9.245 -2.67797e-18 -2.67797e-18 -3.51153e-18 -3.51153e-18
9.25 -6.24481e-18 -6.24481e-18 -7.97188e-18 -7.97188e-18
9.255 -3.06255e-18 -3.06255e-18 -4.08145e-18 -4.08145e-18
9.26 -4.11261e-18 -4.11261e-18 -5.13549e-18 -5.13549e-18
9.265 -4.65953e-18 -4.65953e-18 -5.96256e-18 -5.96256e-18
9.27 -3.73007e-18 -3.73007e-18 -4.89294e-18 -4.89294e-18
9.275 -4.85141e-18 -4.85141e-18 -6.10505e-18 -6.10505e-18
9.28 -4.00619e-18 -4.00619e-18 -5.2292e-18 -5.2292e-18
9.285 -3.20455e-18 -3.20455e-18 -4.19365e-18 -4.19365e-18
9.29 -3.6334e-18 -3.6334e-18 -4.63495e-18 -4.63495e-18
9.295 -4.33181e-18 -4.33181e-18 -5.42988e-18 -5.42988e-18
9.3 -4.74948e-18 -4.74948e-18 -6.233e-18 -6.233e-18
9.305 -3.13025e-18 -3.13025e-18 -4.12512e-18 -4.12512e-18
9.31 -3.45888e-18 -3.45888e-18 -4.20723e-18 -4.20723e-18
9.315 -2.65234e-18 -2.65234e-18 -3.61022e-18 -3.61022e-18
9.32 -6.42646e-18 -6.42646e-18 -8.03491e-18 -8.03491e-18
9.325 -1.26144e-18 -1.26144e-18 -1.86115e-18 -1.86115e-18
9.33 -5.91761e-18 -5.91761e-18 -7.36444e-18 -7.36444e-18
9.335 -1.5692e-18 -1.5692e-18 -2.29209e-18 -2.29209e-18
9.34 -4.39969e-18 -4.39969e-18 -5.4571e-18 -5.4571e-18
9.345 -2.86595e-18 -2.86595e-18 -3.5903e-18 -3.5903e-18
9.35 -3.71447e-18 -3.71447e-18 -5.09066e-18 -5.09066e-18
9.355 -3.25827e-18 -3.25827e-18 -3.82143e-18 -3.82143e-18
9.36 -4.27988e-18 -4.27988e-18 -5.53721e-18 -5.53721e-18
9.365 -2.60173e-18 -2.60173e-18 -3.57978e-18 -3.57978e-18
9.37 -4.50979e-18 -4.50979e-18 -5.57955e-18 -5.57955e-18
9.375 -2.13708e-18 -2.13708e-18 -2.89288e-18 -2.89288e-18
9.38 -2.76469e-18 -2.76469e-18 -3.62479e-18 -3.62479e-18
9.385 -5.12466e-18 -5.12466e-18 -6.19225e-18 -6.19225e-18
9.39 -1.8791e-18 -1.8791e-18 -2.81593e-18 -2.81593e-18
9.395 -3.50749e-18 -3.50749e-18 -4.33385e-18 -4.33385e-18
9.4 -2.71393e-18 -2.71393e-18 -3.59607e-18 -3.59607e-18
9.405 -3.61509e-18 -3.61509e-18 -4.42021e-18 -4.42021e-18
9.41 -2.96151e-18 -2.96151e-18 -4.10649e-18 -4.10649e-18
9.415 -2.2846e-18 -2.2846e-18 -2.72353e-18 -2.72353e-18
9.42 -4.12338e-18 -4.12338e-18 -5.33892e-18 -5.33892e-18
9.425 -3.48199e-18 -3.48199e-18 -4.58082e-18 -4.58082e-18
9.43 -1.97902e-18 -1.97902e-18 -2.45162e-18 -2.45162e-18
9.435 -3.43127e-18 -3.43127e-18 -4.45786e-18 -4.45786e-18
9.44 -3.76115e-18 -3.76115e-18 -4.64506e-18 -4.64506e-18
9.445 -1.96401e-18 -1.96401e-18 -2.6915e-18 -2.6915e-18
9.45 -3.95348e-18 -3.95348e-18 -4.89405e-18 -4.89405e-18
9.455 -2.37119e-18 -2.37119e-18 -3.20785e-18 -3.20785e-18
9.46 -2.76679e-18 -2.76679e-18 -3.55744e-18 -3.55744e-18
9.465 -2.50501e-18 -2.50501e-18 -3.16177e-18 -3.16177e-18
9.47 -4.55949e-18 -4.55949e-18 -5.89125e-18 -5.89125e-18
9.475 -1.09365e-18 -1.09365e-18 -1.57674e-18 -1.57674e-18
9.48 -4.82139e-18 -4.82139e-18 -5.95061e-18 -5.95061e-18
9.485 -1.54565e-18 -1.54565e-18 -2.13256e-18 -2.13256e-18
9.49 -2.81589e-18 -2.81589e-18 -3.49749e-18 -3.49749e-18
9.495 -3.59821e-18 -3.59821e-18 -4.615e-18 -4.615e-18
9.5 -2.30906e-18 -2.30906e-18 -3.13712e-18 -3.13712e-18
9.505 -3.28551e-18 -3.28551e-18 -4.17025e-18 -4.17025e-18
9.51 -1.62563e-18 -1.62563e-18 -1.86778e-18 -1.86778e-18
9.515 -3.1461e-18 -3.1461e-18 -4.38049e-18 -4.38049e-18
9.52 -2.94306e-18 -2.94306e-18 -3.52457e-18 -3.52457e-18
9.525 -1.38374e-18 -1.38374e-18 -2.08398e-18 -2.08398e-18
9.53 -4.38884e-18 -4.38884e-18 -5.30723e-18 -5.30723e-18
9.535 -1.80862e-18 -1.80862e-18 -2.45268e-18 -2.45268e-18
9.54 -2.4775e-18 -2.4775e-18 -3.26881e-18 -3.26881e-18
9.545 -3.50662e-18 -3.50662e-18 -4.39614e-18 -4.39614e-18
9.55 -1.1658e-18 -1.1658e-18 -1.66502e-18 -1.66502e-18
9.555 -2.49258e-18 -2.49258e-18 -2.93209e-18 -2.93209e-18
9.56 -2.68096e-18 -2.68096e-18 -3.68115e-18 -3.68115e-18
9.565 -2.43082e-18 -2.43082e-18 -3.06927e-18 -3.06927e-18
9.57 -2.76156e-18 -2.76156e-18 -3.53752e-18 -3.53752e-18
9.575 -6.42509e-19 -6.42509e-19 -8.68452e-19 -8.68452e-19
9.58 -4.64572e-18 -4.64572e-18 -5.84196e-18 -5.84196e-18
9.585 -7.75061e-19 -7.75061e-19 -1.13502e-18 -1.13502e-18
9.59 -2.62678e-18 -2.62678e-18 -3.28679e-18 -3.28679e-18
9.595 -1.86261e-18 -1.86261e-18 -2.53581e-18 -2.53581e-18
9.6 -3.6578e-18 -3.6578e-18 -4.38056e-18 -4.38056e-18
9.605 -8.80861e-19 -8.80861e-19 -1.41364e-18 -1.41364e-18
9.61 -2.82883e-18 -2.82883e-18 -3.63454e-18 -3.63454e-18
9.615 -1.21483e-18 -1.21483e-18 -1.43318e-18 -1.43318e-18
9.62 -2.82283e-18 -2.82283e-18 -3.74678e-18 -3.74678e-18
9.625 -1.78857e-18 -1.78857e-18 -2.20643e-18 -2.20643e-18
9.63 -2.19077e-18 -2.19077e-18 -2.86653e-18 -2.86653e-18
9.635 -1.78247e-18 -1.78247e-18 -2.29211e-18 -2.29211e-18
9.64 -2.56262e-18 -2.56262e-18 -3.30431e-18 -3.30431e-18
9.645 -2.40452e-18 -2.40452e-18 -2.92365e-18 -2.92365e-18
9.65 -1.41529e-18 -1.41529e-18 -2.03951e-18 -2.03951e-18
9.655 -3.1275e-18 -3.1275e-18 -3.91283e-18 -3.91283e-18
9.66 -1.16593e-20 -1.16593e-20 -1.93982e-19 -1.93982e-19
9.665 -4.38983e-18 -4.38983e-18 -5.38862e-18 -5.38862e-18
9.67 -1.76563e-19 -1.76563e-19 -3.07413e-19 -3.07413e-19
9.675 -2.88569e-18 -2.88569e-18 -3.90397e-18 -3.90397e-18
9.68 -7.96308e-19 -7.96308e-19 -7.71349e-19 -7.71349e-19
9.685 -4.16337e-18 -4.16337e-18 -5.46475e-18 -5.46475e-18
9.69 -2.4125e-19 -2.4125e-19 -4.19641e-19 -4.19641e-19
9.695 -2.26821e-18 -2.26821e-18 -2.75845e-18 -2.75845e-18
9.7 -1.69709e-18 -1.69709e-18 -2.28386e-18 -2.28386e-18
9.705 -1.41932e-18 -1.41932e-18 -1.71263e-18 -1.71263e-18
9.71 -3.85052e-18 -3.85052e-18 -5.11159e-18 -5.11159e-18
9.715 7.31944e-19 7.31944e-19 1.0606e-18 1.0606e-18
9.72 -3.46551e-18 -3.46551e-18 -4.37832e-18 -4.37832e-18
9.725 -9.26751e-19 -9.26751e-19 -1.40003e-18 -1.40003e-18
9.73 -2.54787e-18 -2.54787e-18 -3.14493e-18 -3.14493e-18
9.735 -1.47847e-18 -1.47847e-18 -1.93836e-18 -1.93836e-18
9.74 -1.80422e-18 -1.80422e-18 -2.40333e-18 -2.40333e-18
9.745 -1.14037e-18 -1.14037e-18 -1.30566e-18 -1.30566e-18
9.75 -2.1347e-18 -2.1347e-18 -2.78187e-18 -2.78187e-18
9.755 -1.58408e-18 -1.58408e-18 -2.21401e-18 -2.21401e-18
9.76 -1.80552e-18 -1.80552e-18 -2.0499e-18 -2.0499e-18
9.765 -2.10653e-18 -2.10653e-18 -2.87597e-18 -2.87597e-18
9.77 -8.61228e-19 -8.61228e-19 -1.21133e-18 -1.21133e-18
9.775 -1.7089e-18 -1.7089e-18 -2.00391e-18 -2.00391e-18
9.78 -1.95649e-18 -1.95649e-18 -2.57862e-18 -2.57862e-18
9.785 -1.20205e-18 -1.20205e-18 -1.65934e-18 -1.65934e-18
9.79 -1.69135e-18 -1.69135e-18 -2.08674e-18 -2.08674e-18
9.795 -1.31893e-18 -1.31893e-18 -1.71599e-18 -1.71599e-18
9.8 -2.57423e-18 -2.57423e-18 -3.05306e-18 -3.05306e-18
9.805 -1.81393e-18 -1.81393e-18 -2.47673e-18 -2.47673e-18
9.81 -8.73882e-19 -8.73882e-19 -1.46802e-18 -1.46802e-18
9.815 -1.1427e-18 -1.1427e-18 -1.12317e-18 -1.12317e-18
9.82 -3.00155e-18 -3.00155e-18 -3.85957e-18 -3.85957e-18
9.825 -4.04591e-19 -4.04591e-19 -7.81643e-19 -7.81643e-19
9.83 -8.13165e-19 -8.13165e-19 -1.05858e-18 -1.05858e-18
9.835 -2.0046e-18 -2.0046e-18 -2.41391e-18 -2.41391e-18
9.84 -2.03102e-18 -2.03102e-18 -2.57956e-18 -2.57956e-18
9.845 -9.44616e-19 -9.44616e-19 -1.17312e-18 -1.17312e-18
9.85 -1.30737e-18 -1.30737e-18 -1.87212e-18 -1.87212e-18
9.855 -1.55743e-18 -1.55743e-18 -1.79967e-18 -1.79967e-18
9.86 -2.09257e-18 -2.09257e-18 -2.69583e-18 -2.69583e-18
9.865 -6.00935e-19 -6.00935e-19 -8.18204e-19 -8.18204e-19
9.87 -2.12692e-18 -2.12692e-18 -2.792e-18 -2.792e-18
9.875 5.97652e-20 5.97652e-20 -9.84859e-21 -9.84859e-21
9.88 -2.48968e-18 -2.48968e-18 -3.15727e-18 -3.15727e-18
9.885 -5.4121e-19 -5.4121e-19 -6.68943e-19 -6.68943e-19
9.89 -1.4242e-18 -1.4242e-18 -1.84725e-18 -1.84725e-18
9.895 -1.46478e-18 -1.46478e-18 -1.88148e-18 -1.88148e-18
9.9 -1.16265e-18 -1.16265e-18 -1.48008e-18 -1.48008e-18
9.905 -9.70093e-19 -9.70093e-19 -1.17118e-18 -1.17118e-18
9.91 -1.41519e-18 -1.41519e-18 -1.91813e-18 -1.91813e-18
9.915 -2.14831e-18 -2.14831e-18 -2.75357e-18 -2.75357e-18
9.92 9.51961e-19 9.51961e-19 1.43691e-18 1.43691e-18
9.925 -3.04135e-18 -3.04135e-18 -4.29155e-18 -4.29155e-18
9.93 -1.78344e-19 -1.78344e-19 -5.86816e-20 -5.86816e-20
9.935 -1.46525e-18 -1.46525e-18 -1.92502e-18 -1.92502e-18
9.94 -2.43257e-18 -2.43257e-18 -2.93354e-18 -2.93354e-18
9.945 2.50562e-19 2.50562e-19 2.78744e-20 2.78744e-20
9.95 -3.0046e-18 -3.0046e-18 -3.70257e-18 -3.70257e-18
9.955 -9.50817e-19 -9.50817e-19 -1.22381e-18 -1.22381e-18
9.96 -1.467e-18 -1.467e-18 -1.99788e-18 -1.99788e-18
9.965 -5.62233e-19 -5.62233e-19 -6.36249e-19 -6.36249e-19
9.97 -1.30596e-18 -1.30596e-18 -1.82222e-18 -1.82222e-18
9.975 -1.07444e-18 -1.07444e-18 -1.23795e-18 -1.23795e-18
9.98 -2.04302e-18 -2.04302e-18 -2.66821e-18 -2.66821e-18
9.985 -1.03565e-18 -1.03565e-18 -1.34346e-18 -1.34346e-18
9.99 -3.90896e-19 -3.90896e-19 -5.21058e-19 -5.21058e-19
9.995 -1.56295e-18 -1.56295e-18 -1.82632e-18 -1.82632e-18
10 -8.20186e-19 -8.20186e-19 -1.25364e-18 -1.25364e-18
10.005 -1.32402e-18 -1.32402e-18 -1.77001e-18 -1.77001e-18
10.01 -1.49361e-18 -1.49361e-18 -1.61752e-18 -1.61752e-18
10.015 -7.55742e-19 -7.55742e-19 -1.34914e-18 -1.34914e-18
10.02 -1.94321e-18 -1.94321e-18 -2.20708e-18 -2.20708e-18
10.025 1.58669e-19 1.58669e-19 8.18923e-20 8.18923e-20
10.03 -1.58765e-18 -1.58765e-18 -2.21038e-18 -2.21038e-18
10.035 -5.9089e-19 -5.9089e-19 -4.5906e-19 -4.5906e-19
10.04 -2.31012e-18 -2.31012e-18 -3.23183e-18 -3.23183e-18
10.045 -7.38526e-19 -7.38526e-19 -7.54251e-19 -7.54251e-19
10.05 7.09213e-19 7.09213e-19 8.24326e-19 8.24326e-19
10.055 -3.67189e-18 -3.67189e-18 -4.62855e-18 -4.62855e-18
10.06 1.03046e-18 1.03046e-18 1.16226e-18 1.16226e-18
10.065 -1.79469e-18 -1.79469e-18 -2.37715e-18 -2.37715e-18
10.07 -5.52075e-19 -5.52075e-19 -4.32446e-19 -4.32446e-19
10.075 -6.55228e-19 -6.55228e-19 -1.13514e-18 -1.13514e-18
10.08 -2.49205e-18 -2.49205e-18 -2.90687e-18 -2.90687e-18
10.085 -1.77408e-19 -1.77408e-19 -3.41688e-19 -3.41688e-19
10.09 -2.0573e-19 -2.0573e-19 -3.70639e-19 -3.70639e-19
10.095 -2.45922e-18 -2.45922e-18 -3.01104e-18 -3.01104e-18
10.1 -1.09561e-18 -1.09561e-18 -1.57254e-18 -1.57254e-18
10.105 5.98112e-19 5.98112e-19 7.86718e-19 7.86718e-19
10.11 -3.0984e-18 -3.0984e-18 -3.99919e-18 -3.99919e-18
10.115 1.17202e-18 1.17202e-18 1.57377e-18 1.57377e-18
10.12 -2.19967e-18 -2.19967e-18 -2.83674e-18 -2.83674e-18
10.125 -3.61706e-20 -3.61706e-20 -8.78904e-20 -8.78904e-20
10.13 -1.14173e-18 -1.14173e-18 -1.41234e-18 -1.41234e-18
10.135 -1.72082e-18 -1.72082e-18 -2.21298e-18 -2.21298e-18
10.14 1.57512e-19 1.57512e-19 1.19222e-19 1.19222e-19
10.145 -2.50027e-18 -2.50027e-18 -3.19522e-18 -3.19522e-18
10.15 6.41196e-19 6.41196e-19 7.32147e-19 7.32147e-19
10.155 -2.08638e-18 -2.08638e-18 -2.30866e-18 -2.30866e-18
10.16 1.83969e-20 1.83969e-20 -4.05502e-19 -4.05502e-19
10.165 -1.95597e-18 -1.95597e-18 -2.0827e-18 -2.0827e-18
10.17 2.74692e-19 2.74692e-19 3.73536e-20 3.73536e-20
10.175 -1.75058e-18 -1.75058e-18 -2.11909e-18 -2.11909e-18
10.18 6.56095e-19 6.56095e-19 6.48917e-19 6.48917e-19
10.185 -2.82498e-18 -2.82498e-18 -3.40121e-18 -3.40121e-18
10.19 5.99575e-19 5.99575e-19 4.59047e-19 4.59047e-19
10.195 -8.18294e-19 -8.18294e-19 -7.50232e-19 -7.50232e-19
10.2 -1.87041e-18 -1.87041e-18 -2.24828e-18 -2.24828e-18
10.205 5.76463e-19 5.76463e-19 3.28742e-19 3.28742e-19
10.21 -2.73934e-18 -2.73934e-18 -3.07915e-18 -3.07915e-18
10.215 7.69397e-19 7.69397e-19 4.9922e-19 4.9922e-19
10.22 -8.21804e-19 -8.21804e-19 -8.25806e-19 -8.25806e-19
10.225 -2.15871e-18 -2.15871e-18 -2.84629e-18 -2.84629e-18
10.23 9.21482e-19 9.21482e-19 1.34832e-18 1.34832e-18
10.235 -1.33108e-18 -1.33108e-18 -2.17133e-18 -2.17133e-18
10.24 -2.12576e-18 -2.12576e-18 -2.18088e-18 -2.18088e-18
10.245 5.70102e-19 5.70102e-19 3.74089e-19 3.74089e-19
10.25 -6.31186e-20 -6.31186e-20 -6.52634e-20 -6.52634e-20
10.255 -2.32419e-18 -2.32419e-18 -2.78233e-18 -2.78233e-18
10.26 1.15565e-19 1.15565e-19 -3.01366e-20 -3.01366e-20
10.265 -1.74947e-18 -1.74947e-18 -2.07786e-18 -2.07786e-18
10.27 -2.23169e-19 -2.23169e-19 -5.29197e-19 -5.29197e-19
10.275 -6.96803e-19 -6.96803e-19 -7.1943e-19 -7.1943e-19
10.28 -1.84981e-18 -1.84981e-18 -2.60158e-18 -2.60158e-18
10.285 1.00942e-18 1.00942e-18 1.3987e-18 1.3987e-18
10.29 -2.47402e-18 -2.47402e-18 -3.24116e-18 -3.24116e-18
10.295 -6.50477e-19 -6.50477e-19 -6.12978e-19 -6.12978e-19
10.3 5.49783e-19 5.49783e-19 5.06724e-19 5.06724e-19
10.305 -2.26313e-18 -2.26313e-18 -2.75623e-18 -2.75623e-18
10.31 4.9676e-19 4.9676e-19 5.85895e-19 5.85895e-19
10.315 -1.02702e-18 -1.02702e-18 -1.49875e-18 -1.49875e-18
10.32 -1.02222e-18 -1.02222e-18 -1.05883e-18 -1.05883e-18
10.325 -1.00617e-18 -1.00617e-18 -1.46138e-18 -1.46138e-18
10.33 1.20668e-18 1.20668e-18 1.28949e-18 1.28949e-18
10.335 -3.34962e-18 -3.34962e-18 -3.85935e-18 -3.85935e-18
10.34 1.76845e-18 1.76845e-18 1.97845e-18 1.97845e-18
10.345 -1.30759e-18 -1.30759e-18 -1.58238e-18 -1.58238e-18
10.35 -7.11821e-19 -7.11821e-19 -8.66848e-19 -8.66848e-19
10.355 9.13411e-20 9.13411e-20 5.10731e-20 5.10731e-20
10.36 -5.77497e-19 -5.77497e-19 -5.89657e-19 -5.89657e-19
10.365 -1.51895e-18 -1.51895e-18 -2.10712e-18 -2.10712e-18
10.37 8.67063e-19 8.67063e-19 7.72728e-19 7.72728e-19
10.375 -1.15817e-18 -1.15817e-18 -1.08028e-18 -1.08028e-18
10.38 -1.55162e-18 -1.55162e-18 -2.15434e-18 -2.15434e-18
10.385 8.73966e-19 8.73966e-19 1.24664e-18 1.24664e-18
10.39 -2.53843e-18 -2.53843e-18 -3.33268e-18 -3.33268e-18
10.395 1.52283e-18 1.52283e-18 2.0114e-18 2.0114e-18
10.4 -1.68944e-18 -1.68944e-18 -2.19744e-18 -2.19744e-18
10.405 -9.09868e-19 -9.09868e-19 -1.15793e-18 -1.15793e-18
10.41 3.25778e-19 3.25778e-19 3.34592e-19 3.34592e-19
10.415 -5.65367e-19 -5.65367e-19 -8.03845e-19 -8.03845e-19
10.42 -5.6467e-19 -5.6467e-19 -5.98666e-19 -5.98666e-19
10.425 -4.51301e-19 -4.51301e-19 -7.78445e-19 -7.78445e-19
10.43 -2.08446e-19 -2.08446e-19 6.24591e-20 6.24591e-20
10.435 -1.69263e-18 -1.69263e-18 -2.3899e-18 -2.3899e-18
10.44 9.02826e-19 9.02826e-19 1.04149e-18 1.04149e-18
10.445 -2.8148e-18 -2.8148e-18 -3.23758e-18 -3.23758e-18
10.45 1.65957e-18 1.65957e-18 1.56637e-18 1.56637e-18
10.455 -8.24405e-19 -8.24405e-19 -6.36621e-19 -6.36621e-19
10.46 -1.05188e-18 -1.05188e-18 -1.59601e-18 -1.59601e-18
10.465 3.6886e-19 3.6886e-19 6.53274e-19 6.53274e-19
10.47 -1.78347e-18 -1.78347e-18 -2.45682e-18 -2.45682e-18
10.475 5.24507e-19 5.24507e-19 6.02042e-19 6.02042e-19
10.48 -3.56169e-19 -3.56169e-19 -1.64552e-19 -1.64552e-19
10.485 -2.09136e-18 -2.09136e-18 -2.90232e-18 -2.90232e-18
10.49 1.35458e-18 1.35458e-18 1.945e-18 1.945e-18
10.495 -1.03375e-18 -1.03375e-18 -1.68773e-18 -1.68773e-18
10.5 -4.64881e-19 -4.64881e-19 -1.27409e-19 -1.27409e-19
10.505 -1.23375e-18 -1.23375e-18 -2.03649e-18 -2.03649e-18
10.51 6.60383e-19 6.60383e-19 1.04358e-18 1.04358e-18
10.515 -7.81859e-19 -7.81859e-19 -9.8937e-19 -9.8937e-19
10.52 -1.43391e-18 -1.43391e-18 -1.87292e-18 -1.87292e-18
10.525 -4.68804e-20 -4.68804e-20 -1.49293e-19 -1.49293e-19
10.53 -1.49994e-18 -1.49994e-18 -1.70205e-18 -1.70205e-18
10.535 1.01784e-18 1.01784e-18 9.6691e-19 9.6691e-19
10.54 -9.3754e-19 -9.3754e-19 -9.76762e-19 -9.76762e-19
10.545 -1.05819e-18 -1.05819e-18 -1.31886e-18 -1.31886e-18
10.55 -6.47299e-19 -6.47299e-19 -1.12711e-18 -1.12711e-18
10.555 8.04992e-21 8.04992e-21 4.64874e-20 4.64874e-20
10.56 -1.05205e-18 -1.05205e-18 -9.46339e-19 -9.46339e-19
10.565 3.98766e-19 3.98766e-19 3.27662e-20 3.27662e-20
10.57 -3.7435e-19 -3.7435e-19 -2.23367e-19 -2.23367e-19
10.575 -2.15262e-19 -2.15262e-19 -1.16165e-19 -1.16165e-19
10.58 -1.08393e-18 -1.08393e-18 -1.62588e-18 -1.62588e-18
10.585 -8.53977e-19 -8.53977e-19 -9.97912e-19 -9.97912e-19
10.59 -1.54354e-21 -1.54354e-21 -9.28661e-20 -9.28661e-20
10.595 -9.51992e-19 -9.51992e-19 -1.13673e-18 -1.13673e-18
10.6 2.72679e-19 2.72679e-19 1.10406e-19 1.10406e-19
10.605 8.56705e-19 8.56705e-19 1.23015e-18 1.23015e-18
10.61 -1.72133e-18 -1.72133e-18 -2.06812e-18 -2.06812e-18
10.615 -9.0298e-19 -9.0298e-19 -1.325e-18 -1.325e-18
10.62 1.11448e-18 1.11448e-18 1.5941e-18 1.5941e-18
10.625 -2.11356e-18 -2.11356e-18 -2.77555e-18 -2.77555e-18
10.63 1.97747e-18 1.97747e-18 2.43093e-18 2.43093e-18
10.635 -1.85769e-18 -1.85769e-18 -2.46924e-18 -2.46924e-18
10.64 8.03905e-19 8.03905e-19 1.23977e-18 1.23977e-18
10.645 -2.03462e-18 -2.03462e-18 -2.71639e-18 -2.71639e-18
10.65 -4.1971e-19 -4.1971e-19 -4.03553e-19 -4.03553e-19
10.655 1.2077e-18 1.2077e-18 1.41975e-18 1.41975e-18
10.66 -2.51784e-18 -2.51784e-18 -3.1242e-18 -3.1242e-18
10.665 2.18874e-19 2.18874e-19 2.47625e-19 2.47625e-19
10.67 -6.09389e-19 -6.09389e-19 -8.34763e-19 -8.34763e-19
10.675 -8.88064e-19 -8.88064e-19 -1.28151e-18 -1.28151e-18
10.68 1.8963e-18 1.8963e-18 2.54497e-18 2.54497e-18
10.685 -3.24963e-18 -3.24963e-18 -4.10342e-18 -4.10342e-18
10.69 1.69859e-18 1.69859e-18 1.90203e-18 1.90203e-18
10.695 -6.91106e-19 -6.91106e-19 -7.18188e-19 -7.18188e-19
10.7 -1.1188e-18 -1.1188e-18 -1.26672e-18 -1.26672e-18
10.705 4.73552e-19 4.73552e-19 3.38629e-19 3.38629e-19
10.71 -1.51435e-18 -1.51435e-18 -1.61548e-18 -1.61548e-18
10.715 1.07075e-19 1.07075e-19 -1.17729e-19 -1.17729e-19
10.72 8.96358e-19 8.96358e-19 1.02262e-18 1.02262e-18
10.725 -1.02349e-18 -1.02349e-18 -1.02716e-18 -1.02716e-18
10.73 1.08033e-19 1.08033e-19 -1.2654e-19 -1.2654e-19
10.735 -1.61169e-18 -1.61169e-18 -1.9009e-18 -1.9009e-18
10.74 1.05837e-18 1.05837e-18 1.18531e-18 1.18531e-18
10.745 -4.78161e-19 -4.78161e-19 -5.01372e-19 -5.01372e-19
10.75 -1.82128e-18 -1.82128e-18 -2.35885e-18 -2.35885e-18
10.755 8.70034e-19 8.70034e-19 1.24737e-18 1.24737e-18
10.76 7.62764e-19 7.62764e-19 8.35438e-19 8.35438e-19
10.765 -1.93596e-18 -1.93596e-18 -2.32604e-18 -2.32604e-18
10.77 3.23203e-19 3.23203e-19 3.16804e-19 3.16804e-19
10.775 -2.03742e-19 -2.03742e-19 -3.81715e-19 -3.81715e-19
10.78 -9.77099e-19 -9.77099e-19 -1.34888e-18 -1.34888e-18
10.785 2.60624e-19 2.60624e-19 5.45289e-19 5.45289e-19
10.79 4.72179e-20 4.72179e-20 -8.72197e-20 -8.72197e-20
10.795 -4.86193e-19 -4.86193e-19 -4.56165e-19 -4.56165e-19
10.8 -6.48739e-20 -6.48739e-20 -2.9204e-19 -2.9204e-19
10.805 -1.40028e-18 -1.40028e-18 -1.74033e-18 -1.74033e-18
10.81 1.21392e-18 1.21392e-18 1.58928e-18 1.58928e-18
10.815 -2.45336e-18 -2.45336e-18 -3.21518e-18 -3.21518e-18
10.82 9.38247e-19 9.38247e-19 1.24424e-18 1.24424e-18
10.825 -4.81308e-19 -4.81308e-19 -8.6011e-19 -8.6011e-19
10.83 -6.40896e-19 -6.40896e-19 -5.98081e-19 -5.98081e-19
10.835 1.50211e-18 1.50211e-18 1.86017e-18 1.86017e-18
10.84 -1.64207e-18 -1.64207e-18 -2.23187e-18 -2.23187e-18
10.845 -3.83491e-19 -3.83491e-19 -1.13594e-19 -1.13594e-19
10.85 8.24704e-19 8.24704e-19 6.73302e-19 6.73302e-19
10.855 -8.11632e-19 -8.11632e-19 -8.46229e-19 -8.46229e-19
10.86 -8.99047e-19 -8.99047e-19 -1.15662e-18 -1.15662e-18
10.865 1.52979e-18 1.52979e-18 1.76991e-18 1.76991e-18
10.87 -8.817e-19 -8.817e-19 -9.22839e-19 -9.22839e-19
10.875 -1.77232e-18 -1.77232e-18 -2.46905e-18 -2.46905e-18
10.88 1.92025e-18 1.92025e-18 2.69151e-18 2.69151e-18
10.885 -2.39249e-18 -2.39249e-18 -3.19642e-18 -3.19642e-18
10.89 1.35083e-18 1.35083e-18 1.59704e-18 1.59704e-18
10.895 -4.29226e-19 -4.29226e-19 -5.91685e-19 -5.91685e-19
10.9 -1.61709e-18 -1.61709e-18 -1.68699e-18 -1.68699e-18
10.905 1.67659e-18 1.67659e-18 1.54732e-18 1.54732e-18
10.91 -6.61685e-19 -6.61685e-19 -3.11652e-19 -3.11652e-19
10.915 -6.11686e-19 -6.11686e-19 -1.09607e-18 -1.09607e-18
10.92 -1.01468e-18 -1.01468e-18 -1.19458e-18 -1.19458e-18
10.925 6.89141e-19 6.89141e-19 7.41773e-19 7.41773e-19
10.93 3.56853e-19 3.56853e-19 6.20364e-19 6.20364e-19
10.935 -1.97608e-18 -1.97608e-18 -2.59807e-18 -2.59807e-18
10.94 4.43386e-19 4.43386e-19 7.1029e-19 7.1029e-19
10.945 -5.50103e-19 -5.50103e-19 -9.19319e-19 -9.19319e-19
10.95 4.6084e-19 4.6084e-19 6.68236e-19 6.68236e-19
10.955 -7.73866e-19 -7.73866e-19 -1.15706e-18 -1.15706e-18
10.96 1.61884e-18 1.61884e-18 2.01735e-18 2.01735e-18
10.965 -2.65788e-18 -2.65788e-18 -3.0767e-18 -3.0767e-18
10.97 1.38792e-18 1.38792e-18 1.3713e-18 1.3713e-18
10.975 -4.44305e-19 -4.44305e-19 -1.22299e-19 -1.22299e-19
10.98 -1.32742e-18 -1.32742e-18 -2.07745e-18 -2.07745e-18
10.985 1.52632e-18 1.52632e-18 2.10299e-18 2.10299e-18
10.99 -1.11302e-18 -1.11302e-18 -1.39991e-18 -1.39991e-18
10.995 7.60576e-19 7.60576e-19 1.02991e-18 1.02991e-18
11 -2.77394e-18 -2.77394e-18 -3.7583e-18 -3.7583e-18
11.005 3.16008e-18 3.16008e-18 4.07503e-18 4.07503e-18
11.01 -1.79008e-18 -1.79008e-18 -2.00672e-18 -2.00672e-18
11.015 -5.93334e-19 -5.93334e-19 -1.04996e-18 -1.04996e-18
11.02 -3.92757e-19 -3.92757e-19 -3.45319e-19 -3.45319e-19
11.025 6.97068e-19 6.97068e-19 6.09311e-19 6.09311e-19
11.03 -2.37695e-19 -2.37695e-19 6.7722e-20 6.7722e-20
11.035 -6.34611e-19 -6.34611e-19 -1.04309e-18 -1.04309e-18
11.04 8.78545e-19 8.78545e-19 1.27178e-18 1.27178e-18
11.045 -2.35913e-18 -2.35913e-18 -3.25187e-18 -3.25187e-18
11.05 6.33422e-19 6.33422e-19 9.05522e-19 9.05522e-19
11.055 -3.36676e-19 -3.36676e-19 -5.10936e-19 -5.10936e-19
11.06 1.25695e-18 1.25695e-18 1.63216e-18 1.63216e-18
11.065 -2.39658e-18 -2.39658e-18 -2.6974e-18 -2.6974e-18
11.07 2.35042e-19 2.35042e-19 -3.34371e-19 -3.34371e-19
11.075 -6.38451e-19 -6.38451e-19 -2.90326e-19 -2.90326e-19
11.08 1.00047e-18 1.00047e-18 8.62475e-19 8.62475e-19
11.085 -1.65925e-18 -1.65925e-18 -1.76019e-18 -1.76019e-18
11.09 1.01069e-18 1.01069e-18 7.50914e-19 7.50914e-19
11.095 -1.17312e-18 -1.17312e-18 -9.60008e-19 -9.60008e-19
11.1 1.73463e-18 1.73463e-18 1.79046e-18 1.79046e-18
11.105 -1.22794e-18 -1.22794e-18 -1.16977e-18 -1.16977e-18
11.11 -3.50337e-20 -3.50337e-20 -3.21037e-19 -3.21037e-19
11.115 -7.34176e-19 -7.34176e-19 -6.70438e-19 -6.70438e-19
11.12 -2.26545e-19 -2.26545e-19 -5.76122e-19 -5.76122e-19
11.125 -3.80664e-19 -3.80664e-19 -2.67896e-19 -2.67896e-19
11.13 6.14044e-19 6.14044e-19 5.17467e-19 5.17467e-19
11.135 -4.738e-19 -4.738e-19 -2.82295e-19 -2.82295e-19
11.14 -2.02937e-19 -2.02937e-19 -6.90971e-19 -6.90971e-19
11.145 8.85673e-19 8.85673e-19 1.36588e-18 1.36588e-18
11.15 -2.40745e-18 -2.40745e-18 -3.0009e-18 -3.0009e-18
11.155 9.94646e-19 9.94646e-19 1.22376e-18 1.22376e-18
11.16 1.1522e-18 1.1522e-18 1.23044e-18 1.23044e-18
11.165 -2.70478e-18 -2.70478e-18 -3.11704e-18 -3.11704e-18
11.17 1.08279e-18 1.08279e-18 1.24866e-18 1.24866e-18
11.175 -5.29839e-19 -5.29839e-19 -9.67543e-19 -9.67543e-19
11.18 -5.48073e-19 -5.48073e-19 -2.44478e-19 -2.44478e-19
11.185 4.93503e-19 4.93503e-19 1.6082e-19 1.6082e-19
11.19 -1.21398e-18 -1.21398e-18 -1.26754e-18 -1.26754e-18
11.195 1.06e-18 1.06e-18 1.32647e-18 1.32647e-18
11.2 -3.34209e-19 -3.34209e-19 -6.26253e-19 -6.26253e-19
11.205 -1.10285e-18 -1.10285e-18 -1.21083e-18 -1.21083e-18
11.21 9.06018e-19 9.06018e-19 1.21064e-18 1.21064e-18
11.215 -2.88004e-19 -2.88004e-19 -5.67121e-19 -5.67121e-19
11.22 -2.39088e-20 -2.39088e-20 -5.26021e-20 -5.26021e-20
11.225 -9.17526e-19 -9.17526e-19 -9.1967e-19 -9.1967e-19
11.23 7.60045e-19 7.60045e-19 5.56734e-19 5.56734e-19
11.235 -9.12902e-19 -9.12902e-19 -7.02144e-19 -7.02144e-19
11.24 2.92107e-19 2.92107e-19 2.51559e-20 2.51559e-20
11.245 -1.24789e-18 -1.24789e-18 -1.43724e-18 -1.43724e-18
11.25 4.55497e-19 4.55497e-19 4.44308e-19 4.44308e-19
11.255 1.31799e-18 1.31799e-18 1.67003e-18 1.67003e-18
11.26 -2.30691e-18 -2.30691e-18 -2.73023e-18 -2.73023e-18
11.265 1.41472e-18 1.41472e-18 1.5308e-18 1.5308e-18
11.27 -1.96888e-18 -1.96888e-18 -2.26726e-18 -2.26726e-18
11.275 6.37549e-19 6.37549e-19 8.121e-19 8.121e-19
11.28 -7.63169e-19 -7.63169e-19 -1.30329e-18 -1.30329e-18
11.285 7.54614e-19 7.54614e-19 1.19154e-18 1.19154e-18
11.29 -1.57781e-18 -1.57781e-18 -2.03585e-18 -2.03585e-18
11.295 1.49703e-18 1.49703e-18 1.83324e-18 1.83324e-18
11.3 -7.28652e-19 -7.28652e-19 -9.86588e-19 -9.86588e-19
11.305 -1.20982e-18 -1.20982e-18 -1.32327e-18 -1.32327e-18
11.31 1.64308e-18 1.64308e-18 1.81705e-18 1.81705e-18
11.315 -1.19306e-18 -1.19306e-18 -1.49549e-18 -1.49549e-18
11.32 1.00337e-18 1.00337e-18 1.58168e-18 1.58168e-18
11.325 -2.00764e-18 -2.00764e-18 -3.03377e-18 -3.03377e-18
11.33 1.67818e-18 1.67818e-18 2.36721e-18 2.36721e-18
11.335 -8.03081e-19 -8.03081e-19 -1.1638e-18 -1.1638e-18
11.34 -6.06371e-19 -6.06371e-19 -6.19686e-19 -6.19686e-19
11.345 7.53041e-19 7.53041e-19 7.42416e-19 7.42416e-19
11.35 -2.46412e-19 -2.46412e-19 -1.79213e-19 -1.79213e-19
11.355 -7.05855e-19 -7.05855e-19 -8.03955e-19 -8.03955e-19
11.36 6.69904e-20 6.69904e-20 -3.17973e-19 -3.17973e-19
11.365 5.50708e-19 5.50708e-19 1.04503e-18 1.04503e-18
11.37 -1.41786e-18 -1.41786e-18 -1.69133e-18 -1.69133e-18
11.375 1.05665e-18 1.05665e-18 8.49525e-19 8.49525e-19
11.38 -1.63277e-18 -1.63277e-18 -1.50319e-18 -1.50319e-18
11.385 4.11833e-19 4.11833e-19 2.3659e-19 2.3659e-19
11.39 3.26497e-19 3.26497e-19 3.30607e-19 3.30607e-19
11.395 -1.24687e-18 -1.24687e-18 -1.39975e-18 -1.39975e-18
11.4 1.35496e-18 1.35496e-18 1.48371e-18 1.48371e-18
11.405 -2.17812e-18 -2.17812e-18 -2.63724e-18 -2.63724e-18
11.41 9.12763e-19 9.12763e-19 1.11598e-18 1.11598e-18
11.415 4.82259e-19 4.82259e-19 6.49117e-19 6.49117e-19
11.42 -1.71121e-18 -1.71121e-18 -2.15896e-18 -2.15896e-18
11.425 6.09842e-19 6.09842e-19 5.50927e-19 5.50927e-19
11.43 6.5139e-19 6.5139e-19 1.15711e-18 1.15711e-18
11.435 -4.92195e-19 -4.92195e-19 -9.43598e-19 -9.43598e-19
11.44 6.63258e-19 6.63258e-19 9.77305e-19 9.77305e-19
11.445 -5.89221e-19 -5.89221e-19 -6.55564e-19 -6.55564e-19
11.45 -9.01947e-19 -9.01947e-19 -1.32759e-18 -1.32759e-18
11.455 2.39508e-19 2.39508e-19 3.51356e-19 3.51356e-19
11.46 -8.95126e-19 -8.95126e-19 -1.20148e-18 -1.20148e-18
11.465 2.55109e-18 2.55109e-18 3.49867e-18 3.49867e-18
11.47 -2.22804e-18 -2.22804e-18 -3.13242e-18 -3.13242e-18
11.475 1.71153e-19 1.71153e-19 6.37052e-19 6.37052e-19
11.48 7.40643e-19 7.40643e-19 3.7445e-19 3.7445e-19
11.485 -1.98582e-18 -1.98582e-18 -2.14279e-18 -2.14279e-18
11.49 1.01518e-18 1.01518e-18 1.09191e-18 1.09191e-18
11.495 -1.70016e-18 -1.70016e-18 -2.09067e-18 -2.09067e-18
11.5 1.78923e-18 1.78923e-18 2.08335e-18 2.08335e-18
11.505 -1.33057e-18 -1.33057e-18 -1.54849e-18 -1.54849e-18
11.51 6.87879e-19 6.87879e-19 7.79041e-19 7.79041e-19
11.515 -1.49439e-18 -1.49439e-18 -1.57973e-18 -1.57973e-18
11.52 1.45088e-18 1.45088e-18 1.45962e-18 1.45962e-18
11.525 -1.54581e-18 -1.54581e-18 -1.60366e-18 -1.60366e-18
11.53 8.59551e-19 8.59551e-19 6.02448e-19 6.02448e-19
11.535 4.07457e-19 4.07457e-19 8.2767e-19 8.2767e-19
11.54 -1.89879e-18 -1.89879e-18 -2.5706e-18 -2.5706e-18
11.545 4.52185e-19 4.52185e-19 7.06308e-19 7.06308e-19
11.55 -5.29972e-19 -5.29972e-19 -8.77602e-19 -8.77602e-19
11.555 6.9152e-19 6.9152e-19 1.05009e-18 1.05009e-18
11.56 -9.82092e-20 -9.82092e-20 -2.76104e-19 -2.76104e-19
11.565 -1.27945e-18 -1.27945e-18 -1.44029e-18 -1.44029e-18
11.57 1.64183e-18 1.64183e-18 2.02473e-18 2.02473e-18
11.575 -6.86814e-19 -6.86814e-19 -8.29278e-19 -8.29278e-19
11.58 -1.38984e-18 -1.38984e-18 -1.94399e-18 -1.94399e-18
11.585 7.95187e-19 7.95187e-19 1.14722e-18 1.14722e-18
11.59 -6.67234e-19 -6.67234e-19 -8.66481e-19 -8.66481e-19
11.595 1.34699e-18 1.34699e-18 1.48766e-18 1.48766e-18
11.6 -4.67187e-19 -4.67187e-19 -4.335e-19 -4.335e-19
11.605 4.06162e-20 4.06162e-20 3.36996e-19 3.36996e-19
11.61 3.01439e-19 3.01439e-19 -1.8301e-19 -1.8301e-19
11.615 -1.67695e-18 -1.67695e-18 -1.54676e-18 -1.54676e-18
11.62 1.86569e-19 1.86569e-19 -3.04827e-19 -3.04827e-19
11.625 1.04407e-18 1.04407e-18 1.49807e-18 1.49807e-18
11.63 -6.22338e-19 -6.22338e-19 -8.18149e-19 -8.18149e-19
11.635 -6.05566e-19 -6.05566e-19 -6.97079e-19 -6.97079e-19
11.64 -7.26034e-19 -7.26034e-19 -1.02235e-18 -1.02235e-18
11.645 6.09034e-19 6.09034e-19 8.10526e-19 8.10526e-19
11.65 1.19025e-18 1.19025e-18 1.47137e-18 1.47137e-18
11.655 -1.52325e-18 -1.52325e-18 -1.90775e-18 -1.90775e-18
11.66 6.63951e-20 6.63951e-20 1.70904e-19 1.70904e-19
11.665 5.23833e-19 5.23833e-19 4.75746e-19 4.75746e-19
11.67 -4.62227e-19 -4.62227e-19 -6.47086e-19 -6.47086e-19
11.675 1.09216e-18 1.09216e-18 1.7077e-18 1.7077e-18
11.68 -1.64955e-18 -1.64955e-18 -2.29267e-18 -2.29267e-18
11.685 6.96049e-19 6.96049e-19 7.83356e-19 7.83356e-19
11.69 -6.7779e-19 -6.7779e-19 -7.01087e-19 -7.01087e-19
11.695 5.61672e-19 5.61672e-19 5.94595e-19 5.94595e-19
11.7 1.1671e-19 1.1671e-19 2.57916e-19 2.57916e-19
11.705 -5.66898e-20 -5.66898e-20 -1.41928e-19 -1.41928e-19
11.71 3.30704e-19 3.30704e-19 2.9085e-19 2.9085e-19
11.715 -5.71201e-19 -5.71201e-19 -5.87999e-19 -5.87999e-19
11.72 -6.52972e-19 -6.52972e-19 -7.01819e-19 -7.01819e-19
11.725 1.0124e-18 1.0124e-18 9.03052e-19 9.03052e-19
11.73 8.65741e-20 8.65741e-20 4.24006e-19 4.24006e-19
11.735 -1.43867e-19 -1.43867e-19 -2.81717e-19 -2.81717e-19
11.74 1.17034e-19 1.17034e-19 8.96253e-20 8.96253e-20
11.745 -1.46253e-18 -1.46253e-18 -1.82041e-18 -1.82041e-18
11.75 2.26154e-18 2.26154e-18 3.16487e-18 3.16487e-18
11.755 -3.02507e-18 -3.02507e-18 -4.42773e-18 -4.42773e-18
11.76 2.59315e-18 2.59315e-18 3.63378e-18 3.63378e-18
11.765 -1.47827e-18 -1.47827e-18 -1.8113e-18 -1.8113e-18
11.77 9.64443e-19 9.64443e-19 8.86318e-19 8.86318e-19
11.775 -1.13052e-19 -1.13052e-19 1.00708e-19 1.00708e-19
11.78 -9.56928e-19 -9.56928e-19 -1.06693e-18 -1.06693e-18
11.785 8.86176e-19 8.86176e-19 7.23433e-19 7.23433e-19
11.79 -1.21062e-18 -1.21062e-18 -1.26324e-18 -1.26324e-18
11.795 8.44124e-19 8.44124e-19 8.25524e-19 8.25524e-19
11.8 -7.07438e-19 -7.07438e-19 -5.98428e-19 -5.98428e-19
11.805 -9.12233e-19 -9.12233e-19 -1.22994e-18 -1.22994e-18
11.81 3.54568e-19 3.54568e-19 3.42837e-19 3.42837e-19
11.815 3.83429e-19 3.83429e-19 4.69875e-19 4.69875e-19
11.82 -1.15431e-19 -1.15431e-19 -2.73348e-19 -2.73348e-19
11.825 3.34585e-19 3.34585e-19 6.47705e-19 6.47705e-19
11.83 -1.38526e-18 -1.38526e-18 -1.78961e-18 -1.78961e-18
11.835 1.41906e-19 1.41906e-19 -9.07163e-20 -9.07163e-20
11.84 7.71359e-19 7.71359e-19 1.28708e-18 1.28708e-18
11.845 -1.32972e-18 -1.32972e-18 -2.02686e-18 -2.02686e-18
11.85 1.33196e-18 1.33196e-18 1.96322e-18 1.96322e-18
11.855 -3.00289e-19 -3.00289e-19 -3.93964e-19 -3.93964e-19
11.86 -1.56002e-18 -1.56002e-18 -2.01917e-18 -2.01917e-18
11.865 2.00481e-18 2.00481e-18 2.51775e-18 2.51775e-18
11.87 -1.09805e-18 -1.09805e-18 -1.51325e-18 -1.51325e-18
11.875 6.35688e-19 6.35688e-19 1.0626e-18 1.0626e-18
11.88 -1.088e-19 -1.088e-19 -4.71074e-19 -4.71074e-19
11.885 3.62144e-20 3.62144e-20 1.36258e-19 1.36258e-19
11.89 -2.77559e-19 -2.77559e-19 3.57399e-20 3.57399e-20
11.895 1.26492e-18 1.26492e-18 9.83207e-19 9.83207e-19
11.9 -2.31775e-18 -2.31775e-18 -2.45929e-18 -2.45929e-18
11.905 2.20968e-18 2.20968e-18 2.60303e-18 2.60303e-18
11.91 -1.85051e-18 -1.85051e-18 -2.32843e-18 -2.32843e-18
11.915 2.34905e-18 2.34905e-18 2.77816e-18 2.77816e-18
11.92 -1.7639e-18 -1.7639e-18 -2.13421e-18 -2.13421e-18
11.925 1.02479e-18 1.02479e-18 1.31218e-18 1.31218e-18
11.93 -1.36547e-18 -1.36547e-18 -1.52292e-18 -1.52292e-18
11.935 9.98246e-19 9.98246e-19 8.10904e-19 8.10904e-19
11.94 -5.52498e-19 -5.52498e-19 -1.77028e-19 -1.77028e-19
11.945 -8.9096e-19 -8.9096e-19 -1.47129e-18 -1.47129e-18
11.95 1.23364e-18 1.23364e-18 1.58862e-18 1.58862e-18
11.955 -1.41698e-18 -1.41698e-18 -1.59108e-18 -1.59108e-18
11.96 7.68812e-19 7.68812e-19 6.74876e-19 6.74876e-19
11.965 -1.01889e-18 -1.01889e-18 -1.11918e-18 -1.11918e-18
11.97 3.44139e-19 3.44139e-19 3.04252e-19 3.04252e-19
11.975 9.38456e-20 9.38456e-20 -2.96697e-20 -2.96697e-20
11.98 7.40657e-19 7.40657e-19 1.26597e-18 1.26597e-18
11.985 2.79981e-19 2.79981e-19 5.17908e-20 5.17908e-20
11.99 -6.20903e-19 -6.20903e-19 -5.66442e-19 -5.66442e-19
11.995 -1.31471e-19 -1.31471e-19 -2.4141e-21 -2.4141e-21
12 3.28486e-19 3.28486e-19 7.62681e-20 7.62681e-20
12.005 -1.45341e-18 -1.45341e-18 -1.7785e-18 -1.7785e-18
12.01 1.53165e-18 1.53165e-18 1.96108e-18 1.96108e-18
12.015 -1.98186e-19 -1.98186e-19 -4.27817e-19 -4.27817e-19
12.02 -8.19806e-19 -8.19806e-19 -8.26772e-19 -8.26772e-19
12.025 1.99842e-18 1.99842e-18 2.45287e-18 2.45287e-18
12.03 -3.05095e-18 -3.05095e-18 -3.64273e-18 -3.64273e-18
12.035 2.36469e-18 2.36469e-18 2.37778e-18 2.37778e-18
12.04 -5.22848e-19 -5.22848e-19 -1.42997e-19 -1.42997e-19
12.045 6.7161e-19 6.7161e-19 8.45915e-19 8.45915e-19
12.05 -1.08598e-18 -1.08598e-18 -1.76564e-18 -1.76564e-18
12.055 -2.92648e-19 -2.92648e-19 3.94932e-21 3.94932e-21
12.06 -3.03423e-19 -3.03423e-19 -6.89431e-19 -6.89431e-19
12.065 1.35371e-18 1.35371e-18 1.97305e-18 1.97305e-18
12.07 -1.31936e-18 -1.31936e-18 -1.86369e-18 -1.86369e-18
12.075 8.53954e-19 8.53954e-19 1.37372e-18 1.37372e-18
12.08 -7.26963e-19 -7.26963e-19 -1.30705e-18 -1.30705e-18
12.085 2.49042e-18 2.49042e-18 3.46106e-18 3.46106e-18
12.09 -2.04092e-18 -2.04092e-18 -2.69007e-18 -2.69007e-18
12.095 -2.24415e-19 -2.24415e-19 -3.24889e-19 -3.24889e-19
12.1 -5.75783e-19 -5.75783e-19 -6.40209e-19 -6.40209e-19
12.105 1.56566e-18 1.56566e-18 1.58543e-18 1.58543e-18
12.11 -6.95581e-19 -6.95581e-19 -2.90901e-19 -2.90901e-19
12.115 -7.0629e-19 -7.0629e-19 -1.30819e-18 -1.30819e-18
12.12 1.18551e-18 1.18551e-18 1.85683e-18 1.85683e-18
12.125 -2.17497e-18 -2.17497e-18 -3.38249e-18 -3.38249e-18
12.13 2.64219e-18 2.64219e-18 3.9586e-18 3.9586e-18
12.135 -1.86926e-18 -1.86926e-18 -2.86338e-18 -2.86338e-18
12.14 -1.32916e-19 -1.32916e-19 6.26674e-20 6.26674e-20
12.145 8.68753e-19 8.68753e-19 1.0242e-18 1.0242e-18
12.15 -1.20749e-18 -1.20749e-18 -1.49432e-18 -1.49432e-18
12.155 1.3873e-18 1.3873e-18 1.56522e-18 1.56522e-18
12.16 -4.41749e-19 -4.41749e-19 -2.30794e-19 -2.30794e-19
12.165 3.11295e-20 3.11295e-20 -2.29478e-19 -2.29478e-19
12.17 -8.84599e-19 -8.84599e-19 -9.70858e-19 -9.70858e-19
12.175 2.13772e-19 2.13772e-19 3.26732e-19 3.26732e-19
12.18 4.04806e-19 4.04806e-19 3.02692e-19 3.02692e-19
12.185 -4.41377e-19 -4.41377e-19 -5.65838e-19 -5.65838e-19
12.19 -4.39864e-19 -4.39864e-19 -2.87783e-19 -2.87783e-19
12.195 1.11607e-18 1.11607e-18 9.98134e-19 9.98134e-19
12.2 -1.54978e-18 -1.54978e-18 -1.667e-18 -1.667e-18
12.205 2.55507e-18 2.55507e-18 3.34893e-18 3.34893e-18
12.21 -2.75404e-18 -2.75404e-18 -3.80974e-18 -3.80974e-18
12.215 1.30751e-18 1.30751e-18 1.79709e-18 1.79709e-18
12.22 1.20073e-18 1.20073e-18 1.78754e-18 1.78754e-18
12.225 -2.27652e-18 -2.27652e-18 -3.53413e-18 -3.53413e-18
12.23 1.21592e-18 1.21592e-18 2.15969e-18 2.15969e-18
12.235 -2.145e-20 -2.145e-20 -5.06491e-19 -5.06491e-19
12.24 -5.6227e-19 -5.6227e-19 -6.29796e-19 -6.29796e-19
12.245 2.59687e-19 2.59687e-19 7.22362e-19 7.22362e-19
12.25 4.14864e-19 4.14864e-19 3.12272e-19 3.12272e-19
12.255 -3.43804e-19 -3.43804e-19 -6.45371e-19 -6.45371e-19
12.26 -9.26811e-19 -9.26811e-19 -8.85822e-19 -8.85822e-19
12.265 1.41717e-18 1.41717e-18 1.51534e-18 1.51534e-18
12.27 -6.15411e-19 -6.15411e-19 -5.87516e-19 -5.87516e-19
12.275 5.35173e-19 5.35173e-19 5.79678e-19 5.79678e-19
12.28 -5.30625e-19 -5.30625e-19 -7.69629e-19 -7.69629e-19
12.285 -2.78967e-19 -2.78967e-19 -2.54617e-19 -2.54617e-19
12.29 9.47183e-19 9.47183e-19 1.20712e-18 1.20712e-18
12.295 -4.72491e-19 -4.72491e-19 -4.22252e-19 -4.22252e-19
12.3 -1.45173e-19 -1.45173e-19 -6.24065e-19 -6.24065e-19
12.305 1.84621e-20 1.84621e-20 5.0306e-19 5.0306e-19
12.31 5.26887e-19 5.26887e-19 4.94882e-19 4.94882e-19
12.315 -2.02728e-18 -2.02728e-18 -2.78795e-18 -2.78795e-18
12.32 2.69744e-18 2.69744e-18 3.62786e-18 3.62786e-18
12.325 -1.62794e-18 -1.62794e-18 -2.41103e-18 -2.41103e-18
12.33 -1.26e-19 -1.26e-19 2.372e-19 2.372e-19
12.335 5.92113e-19 5.92113e-19 6.07151e-19 6.07151e-19
12.34 3.81215e-19 3.81215e-19 5.02429e-19 5.02429e-19
12.345 -1.95255e-18 -1.95255e-18 -2.58967e-18 -2.58967e-18
12.35 1.95705e-18 1.95705e-18 2.69575e-18 2.69575e-18
12.355 -4.54435e-19 -4.54435e-19 -8.39119e-19 -8.39119e-19
12.36 5.11265e-19 5.11265e-19 7.60028e-19 7.60028e-19
12.365 -1.71963e-18 -1.71963e-18 -2.21518e-18 -2.21518e-18
12.37 2.58424e-18 2.58424e-18 3.10337e-18 3.10337e-18
12.375 -1.9978e-18 -1.9978e-18 -2.26229e-18 -2.26229e-18
12.38 -2.72577e-19 -2.72577e-19 -5.97777e-19 -5.97777e-19
12.385 8.20464e-19 8.20464e-19 1.0287e-18 1.0287e-18
12.39 -4.77579e-20 -4.77579e-20 1.52527e-19 1.52527e-19
12.395 -4.84333e-19 -4.84333e-19 -5.57667e-19 -5.57667e-19
12.4 -2.86301e-19 -2.86301e-19 -4.53826e-19 -4.53826e-19
12.405 8.68478e-20 8.68478e-20 -1.33088e-19 -1.33088e-19
12.41 -1.70385e-19 -1.70385e-19 -1.58582e-19 -1.58582e-19
12.415 -8.24134e-19 -8.24134e-19 -9.64483e-19 -9.64483e-19
12.42 9.74717e-19 9.74717e-19 1.05615e-18 1.05615e-18
12.425 -1.30276e-18 -1.30276e-18 -1.25258e-18 -1.25258e-18
12.43 6.42205e-19 6.42205e-19 1.60847e-19 1.60847e-19
12.435 1.00458e-18 1.00458e-18 1.64736e-18 1.64736e-18
12.44 -1.66291e-18 -1.66291e-18 -2.00292e-18 -2.00292e-18
12.445 1.15068e-18 1.15068e-18 1.11124e-18 1.11124e-18
12.45 -9.37906e-19 -9.37906e-19 -5.84426e-19 -5.84426e-19
12.455 6.19743e-19 6.19743e-19 3.6373e-19 3.6373e-19
12.46 7.41544e-20 7.41544e-20 -1.13235e-19 -1.13235e-19
12.465 1.25528e-19 1.25528e-19 6.58874e-19 6.58874e-19
12.47 -5.24465e-20 -5.24465e-20 -5.75678e-19 -5.75678e-19
12.475 2.96649e-19 2.96649e-19 7.11047e-19 7.11047e-19
12.48 9.77332e-20 9.77332e-20 -1.39646e-19 -1.39646e-19
12.485 -1.16377e-18 -1.16377e-18 -1.24428e-18 -1.24428e-18
12.49 1.44777e-18 1.44777e-18 1.57612e-18 1.57612e-18
12.495 -6.29416e-19 -6.29416e-19 -6.10731e-19 -6.10731e-19
12.5 8.08254e-19 8.08254e-19 1.17805e-18 1.17805e-18
12.505 -6.90131e-19 -6.90131e-19 -1.10456e-18 -1.10456e-18
12.51 -5.74366e-19 -5.74366e-19 -8.41612e-19 -8.41612e-19
12.515 1.74702e-18 1.74702e-18 2.52878e-18 2.52878e-18
12.52 -2.56205e-18 -2.56205e-18 -3.68207e-18 -3.68207e-18
12.525 1.81997e-18 1.81997e-18 2.48746e-18 2.48746e-18
12.53 -1.00981e-18 -1.00981e-18 -9.42469e-19 -9.42469e-19
12.535 -3.99446e-19 -3.99446e-19 -9.77662e-19 -9.77662e-19
12.54 1.00255e-18 1.00255e-18 1.54943e-18 1.54943e-18
12.545 -6.15537e-19 -6.15537e-19 -1.08853e-18 -1.08853e-18
12.55 -4.30508e-19 -4.30508e-19 -4.77956e-19 -4.77956e-19
12.555 6.76264e-19 6.76264e-19 1.24319e-18 1.24319e-18
12.56 2.71089e-19 2.71089e-19 -2.68182e-19 -2.68182e-19
12.565 -1.22581e-18 -1.22581e-18 -1.15738e-18 -1.15738e-18
12.57 1.56578e-18 1.56578e-18 2.06001e-18 2.06001e-18
12.575 -1.12829e-18 -1.12829e-18 -1.58217e-18 -1.58217e-18
12.58 1.03133e-18 1.03133e-18 1.24303e-18 1.24303e-18
12.585 -1.43409e-18 -1.43409e-18 -1.76362e-18 -1.76362e-18
12.59 5.67033e-19 5.67033e-19 5.04555e-19 5.04555e-19
12.595 1.12852e-18 1.12852e-18 1.72968e-18 1.72968e-18
12.6 -1.67779e-18 -1.67779e-18 -2.28674e-18 -2.28674e-18
12.605 8.76674e-19 8.76674e-19 1.03735e-18 1.03735e-18
12.61 2.21783e-19 2.21783e-19 5.68865e-19 5.68865e-19
12.615 -3.76774e-19 -3.76774e-19 -1.12796e-18 -1.12796e-18
12.62 -2.33447e-19 -2.33447e-19 4.59305e-19 4.59305e-19
12.625 -7.95745e-19 -7.95745e-19 -1.08088e-18 -1.08088e-18
12.63 3.10369e-19 3.10369e-19 -8.19713e-21 -8.19713e-21
12.635 -7.53161e-19 -7.53161e-19 -7.84263e-19 -7.84263e-19
12.64 1.00229e-18 1.00229e-18 1.29152e-18 1.29152e-18
12.645 2.42415e-19 2.42415e-19 1.81617e-19 1.81617e-19
12.65 -1.43003e-18 -1.43003e-18 -1.73933e-18 -1.73933e-18
12.655 -1.53749e-19 -1.53749e-19 -1.29822e-19 -1.29822e-19
12.66 2.37223e-19 2.37223e-19 3.55598e-19 3.55598e-19
12.665 6.90894e-19 6.90894e-19 6.65095e-19 6.65095e-19
12.67 -7.30685e-19 -7.30685e-19 -8.17604e-19 -8.17604e-19
12.675 -2.806e-19 -2.806e-19 -2.49932e-19 -2.49932e-19
12.68 -4.92707e-19 -4.92707e-19 -8.70044e-19 -8.70044e-19
12.685 1.25324e-18 1.25324e-18 1.69939e-18 1.69939e-18
12.69 -1.90338e-18 -1.90338e-18 -2.38078e-18 -2.38078e-18
12.695 8.55694e-19 8.55694e-19 8.70124e-19 8.70124e-19
12.7 -3.29081e-20 -3.29081e-20 2.02581e-20 2.02581e-20
12.705 1.00108e-18 1.00108e-18 1.52086e-18 1.52086e-18
12.71 3.67897e-19 3.67897e-19 1.48217e-19 1.48217e-19
12.715 -6.2152e-19 -6.2152e-19 -6.42825e-19 -6.42825e-19
12.72 4.19551e-19 4.19551e-19 4.6856e-19 4.6856e-19
12.725 -1.13478e-19 -1.13478e-19 -1.42768e-19 -1.42768e-19
12.73 -6.61055e-19 -6.61055e-19 -7.35986e-19 -7.35986e-19
12.735 9.82581e-19 9.82581e-19 1.07798e-18 1.07798e-18
12.74 -1.6057e-18 -1.6057e-18 -1.99024e-18 -1.99024e-18
12.745 1.44742e-18 1.44742e-18 1.98041e-18 1.98041e-18
12.75 -9.02996e-19 -9.02996e-19 -1.04002e-18 -1.04002e-18
12.755 1.66508e-19 1.66508e-19 -3.70017e-19 -3.70017e-19
12.76 -6.78088e-19 -6.78088e-19 -3.88277e-19 -3.88277e-19
12.765 1.41295e-18 1.41295e-18 1.52163e-18 1.52163e-18
12.77 -8.98679e-19 -8.98679e-19 -1.29446e-18 -1.29446e-18
12.775 8.72727e-19 8.72727e-19 1.52064e-18 1.52064e-18
12.78 -4.20457e-19 -4.20457e-19 -6.74878e-19 -6.74878e-19
12.785 5.18762e-19 5.18762e-19 4.38893e-19 4.38893e-19
12.79 -1.68155e-18 -1.68155e-18 -1.71086e-18 -1.71086e-18
12.795 2.02148e-18 2.02148e-18 2.28481e-18 2.28481e-18
12.8 -1.15544e-18 -1.15544e-18 -1.64516e-18 -1.64516e-18
12.805 8.4685e-19 8.4685e-19 1.08725e-18 1.08725e-18
12.81 -1.84685e-19 -1.84685e-19 1.66664e-19 1.66664e-19
12.815 -3.4129e-19 -3.4129e-19 -5.62107e-19 -5.62107e-19
12.82 -1.17012e-18 -1.17012e-18 -1.69892e-18 -1.69892e-18
12.825 1.58529e-18 1.58529e-18 1.90369e-18 1.90369e-18
12.83 -1.20983e-18 -1.20983e-18 -1.1798e-18 -1.1798e-18
12.835 8.33271e-19 8.33271e-19 7.9444e-19 7.9444e-19
12.84 -7.0166e-20 -7.0166e-20 1.40768e-19 1.40768e-19
12.845 -9.85835e-19 -9.85835e-19 -1.45795e-18 -1.45795e-18
12.85 1.14088e-18 1.14088e-18 1.49537e-18 1.49537e-18
12.855 -3.5171e-19 -3.5171e-19 -5.30015e-19 -5.30015e-19
12.86 -6.06378e-19 -6.06378e-19 -6.31859e-19 -6.31859e-19
12.865 1.03011e-18 1.03011e-18 1.27764e-18 1.27764e-18
12.87 -2.03634e-18 -2.03634e-18 -2.72328e-18 -2.72328e-18
12.875 2.43629e-18 2.43629e-18 3.11303e-18 3.11303e-18
12.88 -2.73855e-18 -2.73855e-18 -3.52397e-18 -3.52397e-18
12.885 2.49416e-18 2.49416e-18 3.45482e-18 3.45482e-18
12.89 -1.23146e-18 -1.23146e-18 -1.90152e-18 -1.90152e-18
12.895 6.74722e-19 6.74722e-19 1.01385e-18 1.01385e-18
12.9 -1.2591e-18 -1.2591e-18 -1.78003e-18 -1.78003e-18
12.905 -1.41116e-20 -1.41116e-20 1.41825e-19 1.41825e-19
12.91 -7.16328e-20 -7.16328e-20 -1.86619e-19 -1.86619e-19
12.915 2.04656e-18 2.04656e-18 2.48033e-18 2.48033e-18
12.92 -2.81667e-18 -2.81667e-18 -3.35852e-18 -3.35852e-18
12.925 1.08749e-18 1.08749e-18 1.28856e-18 1.28856e-18
12.93 1.84288e-19 1.84288e-19 4.06606e-20 4.06606e-20
12.935 2.78628e-20 2.78628e-20 1.05065e-19 1.05065e-19
12.94 -7.27629e-19 -7.27629e-19 -4.7609e-19 -4.7609e-19
12.945 6.674e-19 6.674e-19 2.26979e-19 2.26979e-19
12.95 2.07303e-20 2.07303e-20 3.06466e-19 3.06466e-19
12.955 -6.99321e-19 -6.99321e-19 -9.11203e-19 -9.11203e-19
12.96 -6.92161e-19 -6.92161e-19 -9.18262e-19 -9.18262e-19
12.965 6.35567e-19 6.35567e-19 6.15005e-19 6.15005e-19
12.97 1.21517e-18 1.21517e-18 1.73291e-18 1.73291e-18
12.975 -2.17798e-18 -2.17798e-18 -2.75386e-18 -2.75386e-18
12.98 1.86972e-18 1.86972e-18 2.36249e-18 2.36249e-18
12.985 -8.04246e-19 -8.04246e-19 -1.16628e-18 -1.16628e-18
12.99 6.98358e-19 6.98358e-19 1.05476e-18 1.05476e-18
12.995 -2.51434e-20 -2.51434e-20 -2.39091e-19 -2.39091e-19
13 -1.52586e-18 -1.52586e-18 -1.75709e-18 -1.75709e-18
13.005 2.05863e-18 2.05863e-18 2.42909e-18 2.42909e-18
13.01 -7.31672e-19 -7.31672e-19 -5.63524e-19 -5.63524e-19
13.015 -1.01832e-18 -1.01832e-18 -1.54654e-18 -1.54654e-18
13.02 1.54267e-18 1.54267e-18 1.69371e-18 1.69371e-18
13.025 -1.98308e-18 -1.98308e-18 -1.98864e-18 -1.98864e-18
13.03 4.61939e-19 4.61939e-19 3.94414e-19 3.94414e-19
13.035 7.55864e-19 7.55864e-19 5.37336e-19 5.37336e-19
13.04 -1.12234e-18 -1.12234e-18 -7.22625e-19 -7.22625e-19
13.045 -5.6792e-19 -5.6792e-19 -1.39713e-18 -1.39713e-18
13.05 1.84044e-18 1.84044e-18 2.59302e-18 2.59302e-18
13.055 -7.57157e-19 -7.57157e-19 -9.31804e-19 -9.31804e-19
13.06 -6.52204e-19 -6.52204e-19 -5.4255e-19 -5.4255e-19
13.065 4.25664e-19 4.25664e-19 -1.57827e-19 -1.57827e-19
13.07 3.15255e-19 3.15255e-19 1.02081e-18 1.02081e-18
13.075 -7.66262e-19 -7.66262e-19 -1.05727e-18 -1.05727e-18
13.08 8.37907e-19 8.37907e-19 8.35833e-19 8.35833e-19
13.085 -1.81444e-18 -1.81444e-18 -2.16488e-18 -2.16488e-18
13.09 2.02046e-18 2.02046e-18 2.20419e-18 2.20419e-18
13.095 -7.85089e-19 -7.85089e-19 -6.68076e-19 -6.68076e-19
13.1 7.0748e-19 7.0748e-19 8.84051e-19 8.84051e-19
13.105 -1.48673e-18 -1.48673e-18 -1.75905e-18 -1.75905e-18
13.11 2.0439e-18 2.0439e-18 2.39353e-18 2.39353e-18
13.115 -1.17715e-18 -1.17715e-18 -1.18929e-18 -1.18929e-18
13.12 7.54682e-19 7.54682e-19 3.60625e-19 3.60625e-19
13.125 -1.20612e-18 -1.20612e-18 -1.02603e-18 -1.02603e-18
13.13 1.19344e-18 1.19344e-18 1.35955e-18 1.35955e-18
13.135 -2.59249e-19 -2.59249e-19 -6.48228e-19 -6.48228e-19
13.14 6.58615e-19 6.58615e-19 1.04977e-18 1.04977e-18
13.145 3.5217e-19 3.5217e-19 6.08214e-19 6.08214e-19
13.15 -3.85061e-19 -3.85061e-19 -7.11791e-19 -7.11791e-19
13.155 3.55862e-19 3.55862e-19 4.38559e-19 4.38559e-19
13.16 -7.36121e-19 -7.36121e-19 -4.56367e-19 -4.56367e-19
13.165 1.8887e-18 1.8887e-18 1.80198e-18 1.80198e-18
13.17 -2.2101e-18 -2.2101e-18 -2.55637e-18 -2.55637e-18
13.175 2.41634e-18 2.41634e-18 3.1276e-18 3.1276e-18
13.18 -2.34898e-18 -2.34898e-18 -3.27762e-18 -3.27762e-18
13.185 9.3877e-19 9.3877e-19 1.35719e-18 1.35719e-18
13.19 2.55907e-19 2.55907e-19 3.23739e-19 3.23739e-19
13.195 -8.71456e-19 -8.71456e-19 -1.17874e-18 -1.17874e-18
13.2 4.99906e-19 4.99906e-19 6.73676e-19 6.73676e-19
13.205 1.69425e-18 1.69425e-18 2.41048e-18 2.41048e-18
13.21 -1.33641e-18 -1.33641e-18 -1.941e-18 -1.941e-18
13.215 3.85444e-19 3.85444e-19 4.6858e-19 4.6858e-19
13.22 5.69992e-19 5.69992e-19 6.72639e-19 6.72639e-19
13.225 -5.48374e-19 -5.48374e-19 -7.7074e-19 -7.7074e-19
13.23 5.03457e-19 5.03457e-19 9.13292e-19 9.13292e-19
13.235 1.52586e-21 1.52586e-21 -6.44822e-20 -6.44822e-20
13.24 -2.07696e-19 -2.07696e-19 -5.85696e-19 -5.85696e-19
13.245 -7.79937e-19 -7.79937e-19 -7.06556e-19 -7.06556e-19
13.25 6.46685e-19 6.46685e-19 1.01216e-18 1.01216e-18
13.255 -1.32745e-18 -1.32745e-18 -1.93753e-18 -1.93753e-18
13.26 1.19763e-18 1.19763e-18 1.26432e-18 1.26432e-18
13.265 8.82537e-19 8.82537e-19 1.60717e-18 1.60717e-18
13.27 -2.74417e-18 -2.74417e-18 -3.85606e-18 -3.85606e-18
13.275 1.52417e-18 1.52417e-18 2.05584e-18 2.05584e-18
13.28 -8.48633e-19 -8.48633e-19 -9.25015e-19 -9.25015e-19
13.285 1.44894e-18 1.44894e-18 1.51014e-18 1.51014e-18
13.29 -1.941e-18 -1.941e-18 -2.2932e-18 -2.2932e-18
13.295 2.11042e-18 2.11042e-18 2.78602e-18 2.78602e-18
13.3 -1.07758e-18 -1.07758e-18 -1.61675e-18 -1.61675e-18
13.305 6.82169e-19 6.82169e-19 8.91219e-19 8.91219e-19
13.31 -1.26317e-18 -1.26317e-18 -1.4115e-18 -1.4115e-18
13.315 2.09465e-18 2.09465e-18 2.35105e-18 2.35105e-18
13.32 -5.19707e-19 -5.19707e-19 -2.47857e-19 -2.47857e-19
13.325 -1.50325e-18 -1.50325e-18 -2.17909e-18 -2.17909e-18
13.33 4.83657e-20 4.83657e-20 -1.0152e-19 -1.0152e-19
13.335 1.61247e-18 1.61247e-18 2.27668e-18 2.27668e-18
13.34 -8.81143e-19 -8.81143e-19 -8.88767e-19 -8.88767e-19
13.345 4.61117e-19 4.61117e-19 -5.51434e-20 -5.51434e-20
13.35 -1.04266e-18 -1.04266e-18 -8.44061e-19 -8.44061e-19
13.355 1.01541e-18 1.01541e-18 1.19166e-18 1.19166e-18
13.36 -1.29422e-19 -1.29422e-19 -3.29748e-19 -3.29748e-19
13.365 2.39557e-20 2.39557e-20 8.19943e-20 8.19943e-20
13.37 -8.86294e-19 -8.86294e-19 -1.06948e-18 -1.06948e-18
13.375 1.39122e-18 1.39122e-18 1.81773e-18 1.81773e-18
13.38 -1.64641e-18 -1.64641e-18 -2.11901e-18 -2.11901e-18
13.385 2.27345e-20 2.27345e-20 -6.53866e-20 -6.53866e-20
13.39 2.41817e-18 2.41817e-18 2.80621e-18 2.80621e-18
13.395 -1.80658e-18 -1.80658e-18 -1.82199e-18 -1.82199e-18
13.4 3.21721e-19 3.21721e-19 -1.02568e-20 -1.02568e-20
13.405 2.69201e-20 2.69201e-20 2.90618e-19 2.90618e-19
13.41 5.94003e-19 5.94003e-19 7.20018e-19 7.20018e-19
13.415 -7.30752e-19 -7.30752e-19 -9.60846e-19 -9.60846e-19
13.42 9.51816e-19 9.51816e-19 1.03899e-18 1.03899e-18
13.425 -1.54273e-19 -1.54273e-19 -5.98622e-21 -5.98622e-21
13.43 -8.64181e-19 -8.64181e-19 -9.15715e-19 -9.15715e-19
13.435 8.77346e-19 8.77346e-19 6.20518e-19 6.20518e-19
13.44 1.23799e-19 1.23799e-19 6.9177e-19 6.9177e-19
13.445 -1.926e-18 -1.926e-18 -3.04446e-18 -3.04446e-18
13.45 2.56544e-18 2.56544e-18 3.77978e-18 3.77978e-18
13.455 -2.47424e-18 -2.47424e-18 -3.36217e-18 -3.36217e-18
13.46 1.97024e-18 1.97024e-18 2.24391e-18 2.24391e-18
13.465 -5.14584e-19 -5.14584e-19 -4.3599e-19 -4.3599e-19
13.47 6.82328e-19 6.82328e-19 1.18618e-18 1.18618e-18
13.475 -8.36398e-19 -8.36398e-19 -1.45317e-18 -1.45317e-18
13.48 7.65027e-19 7.65027e-19 9.5564e-19 9.5564e-19
13.485 -9.12319e-19 -9.12319e-19 -8.18121e-19 -8.18121e-19
13.49 6.91418e-19 6.91418e-19 3.90183e-19 3.90183e-19
13.495 -7.13408e-22 -7.13408e-22 4.16737e-19 4.16737e-19
13.5 -6.68928e-19 -6.68928e-19 -1.05261e-18 -1.05261e-18
13.505 -8.86544e-19 -8.86544e-19 -1.16264e-18 -1.16264e-18
13.51 9.62385e-19 9.62385e-19 1.3694e-18 1.3694e-18
13.515 1.28395e-18 1.28395e-18 1.53555e-18 1.53555e-18
13.52 -1.51856e-18 -1.51856e-18 -2.04164e-18 -2.04164e-18
13.525 1.23842e-18 1.23842e-18 1.78624e-18 1.78624e-18
13.53 -2.53465e-19 -2.53465e-19 -5.13859e-19 -5.13859e-19
13.535 -1.11895e-18 -1.11895e-18 -1.38695e-18 -1.38695e-18
13.54 2.45775e-18 2.45775e-18 3.10559e-18 3.10559e-18
13.545 -2.429e-18 -2.429e-18 -2.90194e-18 -2.90194e-18
13.55 9.71817e-19 9.71817e-19 8.88818e-19 8.88818e-19
13.555 -3.74949e-19 -3.74949e-19 -2.0062e-19 -2.0062e-19
13.56 6.82015e-19 6.82015e-19 1.08594e-18 1.08594e-18
13.565 -1.4781e-18 -1.4781e-18 -2.39221e-18 -2.39221e-18
13.57 1.55881e-18 1.55881e-18 2.09828e-18 2.09828e-18
13.575 -1.4714e-18 -1.4714e-18 -1.92228e-18 -1.92228e-18
13.58 1.92221e-18 1.92221e-18 2.41317e-18 2.41317e-18
13.585 -1.61684e-18 -1.61684e-18 -1.59086e-18 -1.59086e-18
13.59 -3.13473e-19 -3.13473e-19 -1.13252e-18 -1.13252e-18
13.595 1.15575e-18 1.15575e-18 1.86451e-18 1.86451e-18
13.6 -1.18077e-18 -1.18077e-18 -1.3618e-18 -1.3618e-18
13.605 1.00464e-18 1.00464e-18 1.28388e-18 1.28388e-18
13.61 -7.22337e-19 -7.22337e-19 -1.47952e-18 -1.47952e-18
13.615 -9.65926e-20 -9.65926e-20 3.54885e-19 3.54885e-19
13.62 9.95957e-19 9.95957e-19 1.28691e-18 1.28691e-18
13.625 -7.03382e-19 -7.03382e-19 -1.32031e-18 -1.32031e-18
13.63 -7.81283e-19 -7.81283e-19 -3.95067e-19 -3.95067e-19
13.635 1.55684e-19 1.55684e-19 -3.91532e-19 -3.91532e-19
13.64 7.02578e-19 7.02578e-19 1.12132e-18 1.12132e-18
13.645 -1.17757e-18 -1.17757e-18 -1.3593e-18 -1.3593e-18
13.65 9.71388e-20 9.71388e-20 7.78778e-20 7.78778e-20
13.655 8.32592e-19 8.32592e-19 7.36631e-19 7.36631e-19
13.66 -8.78397e-19 -8.78397e-19 -8.64785e-19 -8.64785e-19
13.665 7.96064e-19 7.96064e-19 1.15639e-18 1.15639e-18
13.67 -3.20721e-21 -3.20721e-21 -3.03382e-19 -3.03382e-19
13.675 -9.3098e-19 -9.3098e-19 -1.00401e-18 -1.00401e-18
13.68 1.796e-18 1.796e-18 2.08449e-18 2.08449e-18
13.685 -2.25246e-18 -2.25246e-18 -2.71897e-18 -2.71897e-18
13.69 2.74577e-18 2.74577e-18 3.54695e-18 3.54695e-18
13.695 -2.14716e-18 -2.14716e-18 -2.53181e-18 -2.53181e-18
13.7 6.81886e-19 6.81886e-19 2.81682e-19 2.81682e-19
13.705 7.04562e-19 7.04562e-19 1.50809e-18 1.50809e-18
13.71 -1.31343e-18 -1.31343e-18 -2.17932e-18 -2.17932e-18
13.715 1.11732e-18 1.11732e-18 1.6788e-18 1.6788e-18
13.72 -1.17135e-18 -1.17135e-18 -1.60797e-18 -1.60797e-18
13.725 -2.88522e-19 -2.88522e-19 -3.03978e-19 -3.03978e-19
13.73 1.57977e-18 1.57977e-18 1.78055e-18 1.78055e-18
13.735 1.74993e-19 1.74993e-19 5.16917e-19 5.16917e-19
13.74 -1.19226e-18 -1.19226e-18 -1.74895e-18 -1.74895e-18
13.745 1.34461e-18 1.34461e-18 1.68099e-18 1.68099e-18
13.75 1.61298e-20 1.61298e-20 4.64124e-19 4.64124e-19
13.755 -2.37328e-19 -2.37328e-19 -8.06622e-19 -8.06622e-19
13.76 -1.44221e-18 -1.44221e-18 -1.69889e-18 -1.69889e-18
13.765 2.05999e-18 2.05999e-18 2.47753e-18 2.47753e-18
13.77 -7.58125e-19 -7.58125e-19 -8.22975e-19 -8.22975e-19
13.775 1.997e-19 1.997e-19 4.65974e-19 4.65974e-19
13.78 -1.09433e-18 -1.09433e-18 -1.6287e-18 -1.6287e-18
13.785 1.46788e-18 1.46788e-18 1.67798e-18 1.67798e-18
13.79 -4.63004e-19 -4.63004e-19 -5.32354e-19 -5.32354e-19
13.795 9.54715e-19 9.54715e-19 1.79016e-18 1.79016e-18
13.8 -9.92624e-19 -9.92624e-19 -1.82173e-18 -1.82173e-18
13.805 1.15843e-18 1.15843e-18 1.36153e-18 1.36153e-18
13.81 -6.20386e-19 -6.20386e-19 -4.15032e-19 -4.15032e-19
13.815 -7.58969e-19 -7.58969e-19 -1.07524e-18 -1.07524e-18
13.82 -2.0028e-19 -2.0028e-19 -4.79372e-19 -4.79372e-19
13.825 -2.39706e-19 -2.39706e-19 5.37116e-21 5.37116e-21
13.83 7.28176e-19 7.28176e-19 7.60722e-19 7.60722e-19
13.835 6.15829e-19 6.15829e-19 8.02132e-19 8.02132e-19
13.84 -5.79866e-19 -5.79866e-19 -7.98756e-19 -7.98756e-19
13.845 -9.71274e-19 -9.71274e-19 -1.24972e-18 -1.24972e-18
13.85 7.56264e-19 7.56264e-19 9.4625e-19 9.4625e-19
13.855 1.15434e-18 1.15434e-18 1.5701e-18 1.5701e-18
13.86 -1.67919e-18 -1.67919e-18 -1.90993e-18 -1.90993e-18
13.865 1.03983e-18 1.03983e-18 9.67589e-19 9.67589e-19
13.87 1.41614e-19 1.41614e-19 4.25865e-19 4.25865e-19
13.875 -1.53116e-18 -1.53116e-18 -2.01928e-18 -2.01928e-18
13.88 1.37802e-18 1.37802e-18 1.60401e-18 1.60401e-18
13.885 7.43518e-20 7.43518e-20 9.52493e-20 9.52493e-20
13.89 -1.7153e-18 -1.7153e-18 -1.93691e-18 -1.93691e-18
13.895 1.04556e-18 1.04556e-18 1.04613e-18 1.04613e-18
13.9 4.51696e-19 4.51696e-19 4.68765e-19 4.68765e-19
13.905 -2.23212e-18 -2.23212e-18 -2.61014e-18 -2.61014e-18
13.91 2.4016e-18 2.4016e-18 2.84912e-18 2.84912e-18
13.915 -6.20225e-19 -6.20225e-19 -3.40201e-19 -3.40201e-19
13.92 -1.36681e-18 -1.36681e-18 -2.33589e-18 -2.33589e-18
13.925 2.42596e-18 2.42596e-18 3.62578e-18 3.62578e-18
13.93 -2.9031e-18 -2.9031e-18 -3.91571e-18 -3.91571e-18
13.935 2.19682e-18 2.19682e-18 2.57144e-18 2.57144e-18
13.94 -1.75634e-18 -1.75634e-18 -1.87389e-18 -1.87389e-18
13.945 9.02687e-19 9.02687e-19 6.47357e-19 6.47357e-19
13.95 6.10272e-19 6.10272e-19 1.1654e-18 1.1654e-18
13.955 -1.1095e-18 -1.1095e-18 -1.43529e-18 -1.43529e-18
13.96 1.59801e-19 1.59801e-19 -3.28913e-20 -3.28913e-20
13.965 1.0033e-18 1.0033e-18 1.40111e-18 1.40111e-18
13.97 -2.18086e-20 -2.18086e-20 3.26537e-19 3.26537e-19
13.975 -7.48786e-19 -7.48786e-19 -1.69633e-18 -1.69633e-18
13.98 1.48996e-18 1.48996e-18 2.50342e-18 2.50342e-18
13.985 -2.11571e-18 -2.11571e-18 -2.99133e-18 -2.99133e-18
13.99 3.86804e-19 3.86804e-19 4.67491e-19 4.67491e-19
13.995 9.4926e-19 9.4926e-19 1.4342e-18 1.4342e-18
14 -2.01248e-18 -2.01248e-18 -2.73965e-18 -2.73965e-18
14.005 1.22509e-18 1.22509e-18 1.36e-18 1.36e-18
14.01 7.43726e-19 7.43726e-19 1.0594e-18 1.0594e-18
14.015 -1.27679e-18 -1.27679e-18 -1.17937e-18 -1.17937e-18
14.02 1.21128e-18 1.21128e-18 8.68803e-19 8.68803e-19
14.025 -1.01528e-18 -1.01528e-18 -9.95733e-19 -9.95733e-19
14.03 2.20158e-20 2.20158e-20 1.23866e-20 1.23866e-20
14.035 -3.81072e-19 -3.81072e-19 -3.08979e-19 -3.08979e-19
14.04 7.68227e-19 7.68227e-19 6.27628e-19 6.27628e-19
14.045 1.78019e-19 1.78019e-19 4.4387e-19 4.4387e-19
14.05 -1.3681e-18 -1.3681e-18 -1.77532e-18 -1.77532e-18
14.055 1.02182e-18 1.02182e-18 1.01108e-18 1.01108e-18
14.06 -7.31191e-19 -7.31191e-19 -3.04065e-19 -3.04065e-19
14.065 -5.43678e-19 -5.43678e-19 -1.33736e-18 -1.33736e-18
14.07 1.79171e-19 1.79171e-19 5.54937e-19 5.54937e-19
14.075 1.8455e-18 1.8455e-18 2.12425e-18 2.12425e-18
14.08 -1.49134e-18 -1.49134e-18 -1.86299e-18 -1.86299e-18
14.085 -3.58974e-19 -3.58974e-19 -1.15932e-19 -1.15932e-19
14.09 7.97363e-19 7.97363e-19 5.55522e-19 5.55522e-19
14.095 4.55207e-19 4.55207e-19 6.07207e-19 6.07207e-19
14.1 -1.6488e-18 -1.6488e-18 -1.85799e-18 -1.85799e-18
14.105 8.71827e-19 8.71827e-19 1.10481e-18 1.10481e-18
14.11 -1.68037e-19 -1.68037e-19 -6.37885e-19 -6.37885e-19
14.115 -1.06839e-18 -1.06839e-18 -9.66643e-19 -9.66643e-19
14.12 1.83765e-18 1.83765e-18 2.19268e-18 2.19268e-18
14.125 -1.15076e-18 -1.15076e-18 -1.42976e-18 -1.42976e-18
14.13 6.7975e-20 6.7975e-20 9.02499e-20 9.02499e-20
14.135 -6.69094e-19 -6.69094e-19 -7.80938e-19 -7.80938e-19
14.14 -3.78038e-19 -3.78038e-19 -7.22577e-19 -7.22577e-19
14.145 7.78279e-19 7.78279e-19 1.05853e-18 1.05853e-18
14.15 -2.19241e-19 -2.19241e-19 2.52041e-20 2.52041e-20
14.155 -3.31881e-19 -3.31881e-19 -8.84486e-19 -8.84486e-19
14.16 -7.0131e-19 -7.0131e-19 -7.45656e-19 -7.45656e-19
14.165 3.70621e-19 3.70621e-19 5.20517e-19 5.20517e-19
14.17 8.11962e-19 8.11962e-19 8.21974e-19 8.21974e-19
14.175 -3.22255e-19 -3.22255e-19 -1.44212e-19 -1.44212e-19
14.18 -1.17915e-18 -1.17915e-18 -1.43457e-18 -1.43457e-18
14.185 1.55568e-18 1.55568e-18 1.4159e-18 1.4159e-18
14.19 -1.3864e-18 -1.3864e-18 -1.08494e-18 -1.08494e-18
14.195 1.29755e-18 1.29755e-18 1.20469e-18 1.20469e-18
14.2 4.3486e-19 4.3486e-19 5.11083e-19 5.11083e-19
14.205 -2.07858e-18 -2.07858e-18 -2.38051e-18 -2.38051e-18
14.21 1.96445e-18 1.96445e-18 2.41501e-18 2.41501e-18
14.215 -3.95394e-19 -3.95394e-19 -8.18826e-19 -8.18826e-19
14.22 -8.19311e-19 -8.19311e-19 -5.73588e-19 -5.73588e-19
14.225 1.31625e-18 1.31625e-18 1.41487e-18 1.41487e-18
14.23 -2.11653e-18 -2.11653e-18 -2.4021e-18 -2.4021e-18
14.235 1.9647e-18 1.9647e-18 2.22546e-18 2.22546e-18
14.24 -1.71054e-18 -1.71054e-18 -2.11882e-18 -2.11882e-18
14.245 9.9822e-19 9.9822e-19 1.08518e-18 1.08518e-18
14.25 -7.03368e-19 -7.03368e-19 -6.95426e-19 -6.95426e-19
14.255 -5.87735e-19 -5.87735e-19 -6.10964e-19 -6.10964e-19
14.26 1.39069e-18 1.39069e-18 1.20158e-18 1.20158e-18
14.265 -4.52389e-19 -4.52389e-19 1.49442e-20 1.49442e-20
14.27 -1.08001e-19 -1.08001e-19 -4.43833e-19 -4.43833e-19
14.275 -3.92484e-19 -3.92484e-19 -1.60044e-19 -1.60044e-19
14.28 7.95366e-19 7.95366e-19 5.30182e-19 5.30182e-19
14.285 -1.97357e-18 -1.97357e-18 -2.39079e-18 -2.39079e-18
14.29 9.50863e-19 9.50863e-19 1.22876e-18 1.22876e-18
14.295 7.03106e-19 7.03106e-19 7.84408e-19 7.84408e-19
14.3 -1.47044e-18 -1.47044e-18 -1.42192e-18 -1.42192e-18
14.305 1.23175e-18 1.23175e-18 9.99466e-19 9.99466e-19
14.31 -2.6805e-19 -2.6805e-19 -1.63616e-19 -1.63616e-19
14.315 -1.26954e-18 -1.26954e-18 -1.6535e-18 -1.6535e-18
14.32 2.43139e-18 2.43139e-18 3.33621e-18 3.33621e-18
14.325 -2.3396e-18 -2.3396e-18 -2.96228e-18 -2.96228e-18
14.33 2.32704e-18 2.32704e-18 2.81863e-18 2.81863e-18
14.335 -2.78431e-18 -2.78431e-18 -3.66063e-18 -3.66063e-18
14.34 2.47168e-18 2.47168e-18 3.07765e-18 3.07765e-18
14.345 -1.9892e-18 -1.9892e-18 -2.18519e-18 -2.18519e-18
14.35 1.53226e-18 1.53226e-18 1.67589e-18 1.67589e-18
14.355 -3.48111e-19 -3.48111e-19 -7.4101e-19 -7.4101e-19
14.36 -1.25299e-18 -1.25299e-18 -1.12194e-18 -1.12194e-18
14.365 8.54723e-20 8.54723e-20 -1.4773e-19 -1.4773e-19
14.37 8.64495e-19 8.64495e-19 1.46476e-18 1.46476e-18
14.375 7.22665e-19 7.22665e-19 3.03139e-19 3.03139e-19
14.38 -7.64152e-19 -7.64152e-19 -4.87378e-19 -4.87378e-19
14.385 -9.7261e-19 -9.7261e-19 -1.24856e-18 -1.24856e-18
14.39 8.03837e-19 8.03837e-19 6.81426e-19 6.81426e-19
14.395 9.78379e-19 9.78379e-19 1.37144e-18 1.37144e-18
14.4 -1.40974e-18 -1.40974e-18 -1.48654e-18 -1.48654e-18
14.405 -4.55874e-19 -4.55874e-19 -1.04786e-18 -1.04786e-18
14.41 2.30565e-18 2.30565e-18 3.06999e-18 3.06999e-18
14.415 -1.97207e-18 -1.97207e-18 -2.24755e-18 -2.24755e-18
14.42 1.28432e-18 1.28432e-18 1.4034e-18 1.4034e-18
14.425 -2.04015e-18 -2.04015e-18 -2.6886e-18 -2.6886e-18
14.43 3.07061e-19 3.07061e-19 2.1048e-19 2.1048e-19
14.435 1.45332e-18 1.45332e-18 2.24165e-18 2.24165e-18
14.44 -1.98339e-19 -1.98339e-19 -1.28587e-19 -1.28587e-19
14.445 -1.5102e-18 -1.5102e-18 -2.27566e-18 -2.27566e-18
14.45 1.43316e-18 1.43316e-18 1.79108e-18 1.79108e-18
14.455 -4.05928e-19 -4.05928e-19 -5.55888e-19 -5.55888e-19
14.46 -8.18779e-20 -8.18779e-20 5.39785e-19 5.39785e-19
14.465 -1.56336e-18 -1.56336e-18 -2.53477e-18 -2.53477e-18
14.47 2.04497e-18 2.04497e-18 2.37735e-18 2.37735e-18
14.475 -2.23904e-18 -2.23904e-18 -2.35383e-18 -2.35383e-18
14.48 1.89535e-18 1.89535e-18 2.10328e-18 2.10328e-18
14.485 -1.08151e-19 -1.08151e-19 -6.72857e-21 -6.72857e-21
14.49 -1.60767e-18 -1.60767e-18 -2.11073e-18 -2.11073e-18
14.495 2.11546e-18 2.11546e-18 2.6386e-18 2.6386e-18
14.5 -1.18387e-18 -1.18387e-18 -1.43082e-18 -1.43082e-18
14.505 6.94093e-19 6.94093e-19 9.38288e-19 9.38288e-19
14.51 -8.60442e-19 -8.60442e-19 -1.2353e-18 -1.2353e-18
14.515 8.64007e-19 8.64007e-19 1.27787e-18 1.27787e-18
14.52 -5.15304e-19 -5.15304e-19 -8.21785e-19 -8.21785e-19
14.525 -3.27063e-19 -3.27063e-19 -2.31551e-19 -2.31551e-19
14.53 -1.17919e-19 -1.17919e-19 -2.4017e-19 -2.4017e-19
14.535 -4.74651e-19 -4.74651e-19 -9.05846e-19 -9.05846e-19
14.54 6.75647e-19 6.75647e-19 1.09148e-18 1.09148e-18
14.545 -7.24442e-19 -7.24442e-19 -8.96092e-19 -8.96092e-19
14.55 2.03317e-18 2.03317e-18 2.40497e-18 2.40497e-18
14.555 -1.78603e-18 -1.78603e-18 -2.10802e-18 -2.10802e-18
14.56 6.49975e-20 6.49975e-20 2.45274e-20 2.45274e-20
14.565 9.08124e-19 9.08124e-19 1.15152e-18 1.15152e-18
14.57 -1.41984e-18 -1.41984e-18 -1.74328e-18 -1.74328e-18
14.575 5.15668e-19 5.15668e-19 5.75499e-19 5.75499e-19
14.58 4.14717e-20 4.14717e-20 -3.81776e-20 -3.81776e-20
14.585 7.02298e-19 7.02298e-19 1.16049e-18 1.16049e-18
14.59 -3.55348e-19 -3.55348e-19 -7.26939e-19 -7.26939e-19
14.595 3.84356e-19 3.84356e-19 5.52814e-19 5.52814e-19
14.6 -4.6331e-20 -4.6331e-20 -3.62181e-20 -3.62181e-20
14.605 7.38467e-20 7.38467e-20 1.20662e-19 1.20662e-19
14.61 -1.03061e-18 -1.03061e-18 -1.47946e-18 -1.47946e-18
14.615 1.20437e-18 1.20437e-18 1.66247e-18 1.66247e-18
14.62 -1.19155e-18 -1.19155e-18 -1.5418e-18 -1.5418e-18
14.625 -5.43323e-20 -5.43323e-20 -5.09869e-20 -5.09869e-20
14.63 1.16207e-18 1.16207e-18 1.63554e-18 1.63554e-18
14.635 -2.20025e-18 -2.20025e-18 -3.10566e-18 -3.10566e-18
14.64 7.94546e-19 7.94546e-19 1.14198e-18 1.14198e-18
14.645 1.10541e-18 1.10541e-18 1.30235e-18 1.30235e-18
14.65 -1.12044e-18 -1.12044e-18 -1.37245e-18 -1.37245e-18
14.655 -2.67909e-19 -2.67909e-19 -3.29563e-19 -3.29563e-19
14.66 1.21532e-18 1.21532e-18 1.50577e-18 1.50577e-18
14.665 -1.21048e-18 -1.21048e-18 -1.47936e-18 -1.47936e-18
14.67 2.30976e-19 2.30976e-19 -1.43098e-20 -1.43098e-20
14.675 2.45952e-19 2.45952e-19 6.72166e-19 6.72166e-19
14.68 -5.88582e-19 -5.88582e-19 -8.39444e-19 -8.39444e-19
14.685 7.13628e-19 7.13628e-19 1.05039e-18 1.05039e-18
14.69 -1.10332e-18 -1.10332e-18 -1.76919e-18 -1.76919e-18
14.695 -3.30642e-19 -3.30642e-19 -3.64009e-19 -3.64009e-19
14.7 1.12264e-19 1.12264e-19 1.41513e-19 1.41513e-19
14.705 9.6889e-19 9.6889e-19 1.41677e-18 1.41677e-18
14.71 -1.0148e-18 -1.0148e-18 -1.39189e-18 -1.39189e-18
14.715 1.00797e-18 1.00797e-18 9.87103e-19 9.87103e-19
14.72 -4.70802e-19 -4.70802e-19 -3.03892e-19 -3.03892e-19
14.725 3.59236e-19 3.59236e-19 5.0369e-19 5.0369e-19
14.73 1.20619e-18 1.20619e-18 1.51518e-18 1.51518e-18
14.735 -2.21211e-18 -2.21211e-18 -2.79814e-18 -2.79814e-18
14.74 -2.47107e-19 -2.47107e-19 -5.45729e-19 -5.45729e-19
14.745 4.58259e-19 4.58259e-19 7.20066e-19 7.20066e-19
14.75 1.26935e-18 1.26935e-18 1.62597e-18 1.62597e-18
14.755 -2.53624e-18 -2.53624e-18 -3.01983e-18 -3.01983e-18
14.76 1.93217e-18 1.93217e-18 1.86381e-18 1.86381e-18
14.765 -1.3169e-18 -1.3169e-18 -1.36964e-18 -1.36964e-18
14.77 -2.8136e-19 -2.8136e-19 -2.04515e-19 -2.04515e-19
14.775 7.2265e-20 7.2265e-20 -8.34666e-20 -8.34666e-20
14.78 7.5889e-19 7.5889e-19 1.1181e-18 1.1181e-18
14.785 -1.60347e-18 -1.60347e-18 -2.29438e-18 -2.29438e-18
14.79 1.46096e-18 1.46096e-18 1.95158e-18 1.95158e-18
14.795 -8.58605e-20 -8.58605e-20 -1.40724e-19 -1.40724e-19
14.8 -2.14948e-19 -2.14948e-19 -2.26124e-19 -2.26124e-19
14.805 8.64743e-19 8.64743e-19 8.30814e-19 8.30814e-19
14.81 -2.36014e-18 -2.36014e-18 -2.80329e-18 -2.80329e-18
14.815 2.70929e-18 2.70929e-18 3.43947e-18 3.43947e-18
14.82 -1.94005e-18 -1.94005e-18 -2.2065e-18 -2.2065e-18
14.825 -1.1994e-19 -1.1994e-19 -3.03112e-19 -3.03112e-19
14.83 7.97907e-19 7.97907e-19 4.31347e-19 4.31347e-19
14.835 -1.93736e-20 -1.93736e-20 6.4936e-19 6.4936e-19
14.84 5.88946e-19 5.88946e-19 6.84807e-19 6.84807e-19
14.845 -9.49529e-19 -9.49529e-19 -1.41259e-18 -1.41259e-18
14.85 8.03988e-20 8.03988e-20 1.01813e-19 1.01813e-19
14.855 -1.03415e-18 -1.03415e-18 -1.20859e-18 -1.20859e-18
14.86 8.35283e-19 8.35283e-19 8.13504e-19 8.13504e-19
14.865 -1.15175e-18 -1.15175e-18 -1.06138e-18 -1.06138e-18
14.87 2.75028e-19 2.75028e-19 -3.4061e-20 -3.4061e-20
14.875 5.72156e-19 5.72156e-19 1.00779e-18 1.00779e-18
14.88 -1.60336e-18 -1.60336e-18 -2.14572e-18 -2.14572e-18
14.885 2.26764e-18 2.26764e-18 2.90521e-18 2.90521e-18
14.89 -1.37938e-18 -1.37938e-18 -1.98618e-18 -1.98618e-18
14.895 -2.48384e-19 -2.48384e-19 6.1522e-20 6.1522e-20
14.9 1.07105e-18 1.07105e-18 1.0493e-18 1.0493e-18
14.905 -6.2655e-19 -6.2655e-19 -7.87285e-19 -7.87285e-19
14.91 7.12037e-19 7.12037e-19 9.40725e-19 9.40725e-19
14.915 -3.46595e-19 -3.46595e-19 -3.93962e-19 -3.93962e-19
14.92 4.94434e-19 4.94434e-19 6.34906e-19 6.34906e-19
14.925 -1.39804e-18 -1.39804e-18 -1.81599e-18 -1.81599e-18
14.93 1.29548e-19 1.29548e-19 1.73097e-19 1.73097e-19
14.935 2.35426e-18 2.35426e-18 2.83459e-18 2.83459e-18
14.94 -2.54261e-18 -2.54261e-18 -2.88222e-18 -2.88222e-18
14.945 -6.40064e-20 -6.40064e-20 -4.21052e-19 -4.21052e-19
14.95 1.51771e-18 1.51771e-18 1.96966e-18 1.96966e-18
14.955 -2.01379e-18 -2.01379e-18 -2.51234e-18 -2.51234e-18
14.96 9.46437e-19 9.46437e-19 1.23863e-18 1.23863e-18
14.965 -3.67246e-19 -3.67246e-19 -5.64597e-19 -5.64597e-19
14.97 8.80541e-19 8.80541e-19 1.20069e-18 1.20069e-18
14.975 -1.27947e-18 -1.27947e-18 -1.47021e-18 -1.47021e-18
14.98 1.71354e-19 1.71354e-19 3.57417e-20 3.57417e-20
14.985 3.27231e-19 3.27231e-19 2.59758e-19 2.59758e-19
14.99 3.96771e-19 3.96771e-19 5.52127e-19 5.52127e-19
14.995 -3.65325e-19 -3.65325e-19 -3.42349e-19 -3.42349e-19
15 9.7173e-19 9.7173e-19 1.18639e-18 1.18639e-18
