1000 0 -0.00032967 0.0003
2000 0 -0.00032967 0.0003
3000 0 -0.00032967 0.0003
4000 0 -0.00032967 0.0003
5000 0 -0.00032967 0.0003
6000 0 -0.00032967 0.0003
7000 0 -0.00032967 0.0003
8000 0 -0.00032967 0.0003
9000 0 -0.00032967 0.0003
10000 0 -0.00032967 0.0003
11000 0 -0.00032967 0.0003
12000 0 -0.00032967 0.0003
13000 0 -0.00032967 0.0003
14000 0 -0.00032967 0.0003
15000 0 -0.00032967 0.0003
16000 0 -0.00032967 0.0003
17000 0 -0.00032967 0.0003
18000 0 -0.00032967 0.0003
19000 0 -0.00032967 0.0003
20000 0 -0.00032967 0.0003
21000 0 -0.00032967 0.0003
22000 0 -0.00032967 0.0003
23000 0 -0.00032967 0.0003
24000 0 -0.00032967 0.0003
25000 0 -0.00032967 0.0003
26000 0 -0.00032967 0.0003
27000 0 -0.00032967 0.0003
28000 0 -0.00032967 0.0003
29000 0 -0.00032967 0.0003
30000 0 -0.00032967 0.0003
31000 0 -0.00032967 0.0003
32000 0 -0.00032967 0.0003
33000 0 -0.00032967 0.0003
34000 0 -0.00032967 0.0003
35000 0 -0.00032967 0.0003
36000 0 -0.00032967 0.0003
37000 0 -0.00032967 0.0003
38000 0 -0.00032967 0.0003
39000 0 -0.00032967 0.0003
40000 0 -0.00032967 0.0003
41000 0 -0.00032967 0.0003
42000 0 -0.00032967 0.0003
43000 0 -0.00032967 0.0003
44000 0 -0.00032967 0.0003
45000 0 -0.00032967 0.0003
46000 0 -0.00032967 0.0003
47000 0 -0.00032967 0.0003
48000 0 -0.00032967 0.0003
49000 0 -0.00032967 0.0003
50000 0 -0.00032967 0.0003
51000 0 -0.00032967 0.0003
52000 0 -0.00032967 0.0003
53000 0 -0.00032967 0.0003
54000 0 -0.00032967 0.0003
55000 0 -0.00032967 0.0003
56000 0 -0.00032967 0.0003
57000 0 -0.00032967 0.0003
58000 0 -0.00032967 0.0003
59000 0 -0.00032967 0.0003
60000 0 -0.00032967 0.0003
61000 0 -0.00032967 0.0003
62000 0 -0.00032967 0.0003
63000 0 -0.00032967 0.0003
64000 0 -0.00032967 0.0003
65000 0 -0.00032967 0.0003
66000 0 -0.00032967 0.0003
67000 0 -0.00032967 0.0003
68000 0 -0.00032967 0.0003
69000 0 -0.00032967 0.0003
70000 0 -0.00032967 0.0003
71000 0 -0.00032967 0.0003
72000 0 -0.00032967 0.0003
73000 0 -0.00032967 0.0003
74000 0 -0.00032967 0.0003
75000 0 -0.00032967 0.0003
76000 0 -0.00032967 0.0003
77000 0 -0.00032967 0.0003
78000 0 -0.00032967 0.0003
79000 0 -0.00032967 0.0003
80000 0 -0.00032967 0.0003
81000 0 -0.00032967 0.0003
82000 0 -0.00032967 0.0003
83000 0 -0.00032967 0.0003
84000 0 -0.00032967 0.0003
85000 0 -0.00032967 0.0003
86000 0 -0.00032967 0.0003
87000 0 -0.00032967 0.0003
88000 0 -0.00032967 0.0003
89000 0 -0.00032967 0.0003
90000 0 -0.00032967 0.0003
91000 0 -0.00032967 0.0003
92000 0 -0.00032967 0.0003
93000 0 -0.00032967 0.0003
94000 0 -0.00032967 0.0003
95000 0 -0.00032967 0.0003
96000 0 -0.00032967 0.0003
97000 0 -0.00032967 0.0003
98000 0 -0.00032967 0.0003
99000 0 -0.00032967 0.0003
100000 0 -0.00032967 0.0003
101000 0 -0.00032967 0.0003
102000 0 -0.00032967 0.0003
103000 0 -0.00032967 0.0003
104000 0 -0.00032967 0.0003
105000 0 -0.00032967 0.0003
106000 0 -0.00032967 0.0003
107000 0 -0.00032967 0.0003
108000 0 -0.00032967 0.0003
109000 0 -0.00032967 0.0003
110000 0 -0.00032967 0.0003
111000 0 -0.00032967 0.0003
112000 0 -0.00032967 0.0003
113000 0 -0.00032967 0.0003
114000 0 -0.00032967 0.0003
115000 0 -0.00032967 0.0003
116000 0 -0.00032967 0.0003
117000 0 -0.00032967 0.0003
118000 0 -0.00032967 0.0003
119000 0 -0.00032967 0.0003
120000 0 -0.00032967 0.0003
121000 0 -0.00032967 0.0003
122000 0 -0.00032967 0.0003
123000 0 -0.00032967 0.0003
124000 0 -0.00032967 0.0003
125000 0 -0.00032967 0.0003
126000 0 -0.00032967 0.0003
127000 0 -0.00032967 0.0003
128000 0 -0.00032967 0.0003
129000 0 -0.00032967 0.0003
130000 0 -0.00032967 0.0003
131000 0 -0.00032967 0.0003
132000 0 -0.00032967 0.0003
133000 0 -0.00032967 0.0003
134000 0 -0.00032967 0.0003
135000 0 -0.00032967 0.0003
136000 0 -0.00032967 0.0003
137000 0 -0.00032967 0.0003
138000 0 -0.00032967 0.0003
139000 0 -0.00032967 0.0003
140000 0 -0.00032967 0.0003
141000 0 -0.00032967 0.0003
142000 0 -0.00032967 0.0003
143000 0 -0.00032967 0.0003
144000 0 -0.00032967 0.0003
145000 0 -0.00032967 0.0003
146000 0 -0.00032967 0.0003
147000 0 -0.00032967 0.0003
148000 0 -0.00032967 0.0003
149000 0 -0.00032967 0.0003
150000 0 -0.00032967 0.0003
151000 0 -0.00032967 0.0003
152000 0 -0.00032967 0.0003
153000 0 -0.00032967 0.0003
154000 0 -0.00032967 0.0003
155000 0 -0.00032967 0.0003
156000 0 -0.00032967 0.0003
157000 0 -0.00032967 0.0003
158000 0 -0.00032967 0.0003
159000 0 -0.00032967 0.0003
160000 0 -0.00032967 0.0003
161000 0 -0.00032967 0.0003
162000 0 -0.00032967 0.0003
163000 0 -0.00032967 0.0003
164000 0 -0.00032967 0.0003
165000 0 -0.00032967 0.0003
166000 0 -0.00032967 0.0003
167000 0 -0.00032967 0.0003
168000 0 -0.00032967 0.0003
169000 0 -0.00032967 0.0003
170000 0 -0.00032967 0.0003
171000 0 -0.00032967 0.0003
172000 0 -0.00032967 0.0003
173000 0 -0.00032967 0.0003
174000 0 -0.00032967 0.0003
175000 0 -0.00032967 0.0003
176000 0 -0.00032967 0.0003
177000 0 -0.00032967 0.0003
178000 0 -0.00032967 0.0003
179000 0 -0.00032967 0.0003
180000 0 -0.00032967 0.0003
181000 0 -0.00032967 0.0003
182000 0 -0.00032967 0.0003
183000 0 -0.00032967 0.0003
184000 0 -0.00032967 0.0003
185000 0 -0.00032967 0.0003
186000 0 -0.00032967 0.0003
187000 0 -0.00032967 0.0003
188000 0 -0.00032967 0.0003
189000 0 -0.00032967 0.0003
190000 0 -0.00032967 0.0003
191000 0 -0.00032967 0.0003
192000 0 -0.00032967 0.0003
193000 0 -0.00032967 0.0003
194000 0 -0.00032967 0.0003
195000 0 -0.00032967 0.0003
196000 0 -0.00032967 0.0003
197000 0 -0.00032967 0.0003
198000 0 -0.00032967 0.0003
199000 0 -0.00032967 0.0003
200000 0 -0.00032967 0.0003
200100 0 -0.00032967 0.0003
200200 0 -0.00032967 0.0003
200300 0 -0.00032967 0.0003
200400 0 -0.00032967 0.0003
200500 0 -0.00032967 0.0003
200600 0 -0.00032967 0.0003
200700 0 -0.00032967 0.0003
200800 0 -0.00032967 0.0003
200900 0 -0.00032967 0.0003
201000 0 -0.00032967 0.0003
201100 0 -0.00032967 0.0003
201200 0 -0.00032967 0.0003
201300 0 -0.00032967 0.0003
201400 0 -0.00032967 0.0003
201500 0 -0.00032967 0.0003
201600 0 -0.00032967 0.0003
201700 0 -0.00032967 0.0003
201800 0 -0.00032967 0.0003
201900 0 -0.00032967 0.0003
202000 0 -0.00032967 0.0003
202100 0 -0.00032967 0.0003
202200 0 -0.00032967 0.0003
202300 0 -0.00032967 0.0003
202400 0 -0.00032967 0.0003
202500 0 -0.00032967 0.0003
202600 0 -0.00032967 0.0003
202700 0 -0.00032967 0.0003
202800 0 -0.00032967 0.0003
202900 0 -0.00032967 0.0003
203000 0 -0.00032967 0.0003
203100 0 -0.00032967 0.0003
203200 0 -0.00032967 0.0003
203300 0 -0.00032967 0.0003
203400 0 -0.00032967 0.0003
203500 0 -0.00032967 0.0003
203600 0 -0.00032967 0.0003
203700 0 -0.00032967 0.0003
203800 0 -0.00032967 0.0003
203900 0 -0.00032967 0.0003
204000 0 -0.00032967 0.0003
204100 0 -0.00032967 0.0003
204200 0 -0.00032967 0.0003
204300 0 -0.00032967 0.0003
204400 0 -0.00032967 0.0003
204500 0 -0.00032967 0.0003
204600 0 -0.00032967 0.0003
204700 0 -0.00032967 0.0003
204800 0 -0.00032967 0.0003
204900 0 -0.00032967 0.0003
205000 0 -0.00032967 0.0003
205100 0 -0.00032967 0.0003
205200 0 -0.00032967 0.0003
205300 0 -0.00032967 0.0003
205400 0 -0.00032967 0.0003
205500 0 -0.00032967 0.0003
205600 0 -0.00032967 0.0003
205700 0 -0.00032967 0.0003
205800 0 -0.00032967 0.0003
205900 0 -0.00032967 0.0003
206000 0 -0.00032967 0.0003
206100 0 -0.00032967 0.0003
206200 0 -0.00032967 0.0003
206300 0 -0.00032967 0.0003
206400 0 -0.00032967 0.0003
206500 0 -0.00032967 0.0003
206600 0 -0.00032967 0.0003
206700 0 -0.00032967 0.0003
206800 0 -0.00032967 0.0003
206900 0 -0.00032967 0.0003
207000 0 -0.00032967 0.0003
207100 0 -0.00032967 0.0003
207200 0 -0.00032967 0.0003
207300 0 -0.00032967 0.0003
207400 0 -0.00032967 0.0003
207500 0 -0.00032967 0.0003
207600 0 -0.00032967 0.0003
207700 0 -0.00032967 0.0003
207800 0 -0.00032967 0.0003
207900 0 -0.00032967 0.0003
208000 0 -0.00032967 0.0003
208100 0 -0.00032967 0.0003
208200 0 -0.00032967 0.0003
208300 0 -0.00032967 0.0003
208400 0 -0.00032967 0.0003
208500 0 -0.00032967 0.0003
208600 0 -0.00032967 0.0003
208700 0 -0.00032967 0.0003
208800 0 -0.00032967 0.0003
208900 0 -0.00032967 0.0003
209000 0 -0.00032967 0.0003
209100 0 -0.00032967 0.0003
209200 0 -0.00032967 0.0003
209300 0 -0.00032967 0.0003
209400 0 -0.00032967 0.0003
209500 0 -0.00032967 0.0003
209600 0 -0.00032967 0.0003
209700 0 -0.00032967 0.0003
209800 0 -0.00032967 0.0003
209900 0 -0.00032967 0.0003
210000 0 -0.00032967 0.0003
211000 0 -0.00032967 0.0003
212000 0 -0.00032967 0.0003
213000 0 -0.00032967 0.0003
214000 0 -0.00032967 0.0003
215000 0 -0.00032967 0.0003
216000 0 -0.00032967 0.0003
217000 0 -0.00032967 0.0003
218000 0 -0.00032967 0.0003
219000 0 -0.00032967 0.0003
220000 0 -0.00032967 0.0003
221000 0 -0.00032967 0.0003
222000 0 -0.00032967 0.0003
223000 0 -0.00032967 0.0003
224000 0 -0.00032967 0.0003
225000 0 -0.00032967 0.0003
226000 0 -0.00032967 0.0003
227000 0 -0.00032967 0.0003
228000 0 -0.00032967 0.0003
229000 0 -0.00032967 0.0003
230000 0 -0.00032967 0.0003
231000 0 -0.00032967 0.0003
232000 0 -0.00032967 0.0003
233000 0 -0.00032967 0.0003
234000 0 -0.00032967 0.0003
235000 0 -0.00032967 0.0003
236000 0 -0.00032967 0.0003
237000 0 -0.00032967 0.0003
238000 0 -0.00032967 0.0003
239000 0 -0.00032967 0.0003
240000 0 -0.00032967 0.0003
241000 0 -0.00032967 0.0003
242000 0 -0.00032967 0.0003
243000 0 -0.00032967 0.0003
244000 0 -0.00032967 0.0003
245000 0 -0.00032967 0.0003
246000 0 -0.00032967 0.0003
247000 0 -0.00032967 0.0003
248000 0 -0.00032967 0.0003
249000 0 -0.00032967 0.0003
250000 0 -0.00032967 0.0003
251000 0 -0.00032967 0.0003
252000 0 -0.00032967 0.0003
253000 0 -0.00032967 0.0003
254000 0 -0.00032967 0.0003
255000 0 -0.00032967 0.0003
256000 0 -0.00032967 0.0003
257000 0 -0.00032967 0.0003
258000 0 -0.00032967 0.0003
259000 0 -0.00032967 0.0003
260000 0 -0.00032967 0.0003
261000 0 -0.00032967 0.0003
262000 0 -0.00032967 0.0003
263000 0 -0.00032967 0.0003
264000 0 -0.00032967 0.0003
265000 0 -0.00032967 0.0003
266000 0 -0.00032967 0.0003
267000 0 -0.00032967 0.0003
268000 0 -0.00032967 0.0003
269000 0 -0.00032967 0.0003
270000 0 -0.00032967 0.0003
271000 0 -0.00032967 0.0003
272000 0 -0.00032967 0.0003
273000 0 -0.00032967 0.0003
274000 0 -0.00032967 0.0003
275000 0 -0.00032967 0.0003
276000 0 -0.00032967 0.0003
277000 0 -0.00032967 0.0003
278000 0 -0.00032967 0.0003
279000 0 -0.00032967 0.0003
280000 0 -0.00032967 0.0003
281000 0 -0.00032967 0.0003
282000 0 -0.00032967 0.0003
283000 0 -0.00032967 0.0003
284000 0 -0.00032967 0.0003
285000 0 -0.00032967 0.0003
286000 0 -0.00032967 0.0003
287000 0 -0.00032967 0.0003
288000 0 -0.00032967 0.0003
289000 0 -0.00032967 0.0003
290000 0 -0.00032967 0.0003
291000 0 -0.00032967 0.0003
292000 0 -0.00032967 0.0003
293000 0 -0.00032967 0.0003
294000 0 -0.00032967 0.0003
295000 0 -0.00032967 0.0003
296000 0 -0.00032967 0.0003
297000 0 -0.00032967 0.0003
298000 0 -0.00032967 0.0003
299000 0 -0.00032967 0.0003
300000 0 -0.00032967 0.0003
301000 0 -0.00032967 0.0003
302000 0 -0.00032967 0.0003
303000 0 -0.00032967 0.0003
304000 0 -0.00032967 0.0003
305000 0 -0.00032967 0.0003
306000 0 -0.00032967 0.0003
307000 0 -0.00032967 0.0003
308000 0 -0.00032967 0.0003
309000 0 -0.00032967 0.0003
310000 0 -0.00032967 0.0003
311000 0 -0.00032967 0.0003
312000 0 -0.00032967 0.0003
313000 0 -0.00032967 0.0003
314000 0 -0.00032967 0.0003
315000 0 -0.00032967 0.0003
316000 0 -0.00032967 0.0003
317000 0 -0.00032967 0.0003
318000 0 -0.00032967 0.0003
319000 0 -0.00032967 0.0003
320000 0 -0.00032967 0.0003
321000 0 -0.00032967 0.0003
322000 0 -0.00032967 0.0003
323000 0 -0.00032967 0.0003
324000 0 -0.00032967 0.0003
325000 0 -0.00032967 0.0003
326000 0 -0.00032967 0.0003
327000 0 -0.00032967 0.0003
328000 0 -0.00032967 0.0003
329000 0 -0.00032967 0.0003
330000 0 -0.00032967 0.0003
331000 0 -0.00032967 0.0003
332000 0 -0.00032967 0.0003
333000 0 -0.00032967 0.0003
334000 0 -0.00032967 0.0003
335000 0 -0.00032967 0.0003
336000 0 -0.00032967 0.0003
337000 0 -0.00032967 0.0003
338000 0 -0.00032967 0.0003
339000 0 -0.00032967 0.0003
340000 0 -0.00032967 0.0003
341000 0 -0.00032967 0.0003
342000 0 -0.00032967 0.0003
343000 0 -0.00032967 0.0003
344000 0 -0.00032967 0.0003
345000 0 -0.00032967 0.0003
346000 0 -0.00032967 0.0003
347000 0 -0.00032967 0.0003
348000 0 -0.00032967 0.0003
349000 0 -0.00032967 0.0003
350000 0 -0.00032967 0.0003
351000 0 -0.00032967 0.0003
352000 0 -0.00032967 0.0003
353000 0 -0.00032967 0.0003
354000 0 -0.00032967 0.0003
355000 0 -0.00032967 0.0003
356000 0 -0.00032967 0.0003
357000 0 -0.00032967 0.0003
358000 0 -0.00032967 0.0003
359000 0 -0.00032967 0.0003
360000 0 -0.00032967 0.0003
361000 0 -0.00032967 0.0003
362000 0 -0.00032967 0.0003
363000 0 -0.00032967 0.0003
364000 0 -0.00032967 0.0003
365000 0 -0.00032967 0.0003
366000 0 -0.00032967 0.0003
367000 0 -0.00032967 0.0003
368000 0 -0.00032967 0.0003
369000 0 -0.00032967 0.0003
370000 0 -0.00032967 0.0003
371000 0 -0.00032967 0.0003
372000 0 -0.00032967 0.0003
373000 0 -0.00032967 0.0003
374000 0 -0.00032967 0.0003
375000 0 -0.00032967 0.0003
376000 0 -0.00032967 0.0003
377000 0 -0.00032967 0.0003
378000 0 -0.00032967 0.0003
379000 0 -0.00032967 0.0003
380000 0 -0.00032967 0.0003
381000 0 -0.00032967 0.0003
382000 0 -0.00032967 0.0003
383000 0 -0.00032967 0.0003
384000 0 -0.00032967 0.0003
385000 0 -0.00032967 0.0003
386000 0 -0.00032967 0.0003
387000 0 -0.00032967 0.0003
388000 0 -0.00032967 0.0003
389000 0 -0.00032967 0.0003
390000 0 -0.00032967 0.0003
391000 0 -0.00032967 0.0003
392000 0 -0.00032967 0.0003
393000 0 -0.00032967 0.0003
394000 0 -0.00032967 0.0003
395000 0 -0.00032967 0.0003
396000 0 -0.00032967 0.0003
397000 0 -0.00032967 0.0003
398000 0 -0.00032967 0.0003
399000 0 -0.00032967 0.0003
400000 0 -0.00032967 0.0003
401000 0 -0.00032967 0.0003
402000 0 -0.00032967 0.0003
403000 0 -0.00032967 0.0003
404000 0 -0.00032967 0.0003
405000 0 -0.00032967 0.0003
406000 0 -0.00032967 0.0003
407000 0 -0.00032967 0.0003
408000 0 -0.00032967 0.0003
409000 0 -0.00032967 0.0003
410000 0 -0.00032967 0.0003
0.005 2.3988e-18 -0.000341223 5e-05
0.01 2.40557e-18 -0.000340435 0.0001
0.015 2.41235e-18 -0.00034028 0.00015
0.02 2.3988e-18 -0.000341064 0.0002
0.025 2.43945e-18 -0.000342418 0.00025
0.03 2.46656e-18 -0.000344137 0.0003
0.035 2.52077e-18 -0.000346066 0.00035
0.04 2.49366e-18 -0.000348461 0.0004
0.045 2.52077e-18 -0.000354682 0.00045
0.05 2.60209e-18 -0.000363626 0.0005
0.055 2.81893e-18 -0.000370346 0.00055
0.06 2.81893e-18 -0.000378965 0.0006
0.065 2.98156e-18 -0.000385685 0.00065
0.07 3.08998e-18 -0.000393478 0.0007
0.075 3.1984e-18 -0.000400286 0.00075
0.08 3.25261e-18 -0.000407585 0.0008
0.085 3.41524e-18 -0.000414394 0.00085
0.09 3.46945e-18 -0.000420915 0.0009
0.095 3.57787e-18 -0.000427431 0.00095
0.1 3.57787e-18 -0.000433658 0.001
0.105 3.68629e-18 -0.000439724 0.00105
0.11 3.68629e-18 -0.00044556 0.0011
0.115 3.90313e-18 -0.000451093 0.00115
0.12 4.01155e-18 -0.00045632 0.0012
0.125 4.01155e-18 -0.000461751 0.00125
0.13 4.01155e-18 -0.000466649 0.0013
0.135 4.22839e-18 -0.000471685 0.00135
0.14 4.22839e-18 -0.000476386 0.0014
0.145 4.33681e-18 -0.000480906 0.00145
0.15 4.44523e-18 -0.000485336 0.0015
0.155 4.44523e-18 -0.000489544 0.00155
0.16 4.44523e-18 -0.000493718 0.0016
0.165 4.55365e-18 -0.000497576 0.00165
0.17 4.44523e-18 -0.000501432 0.0017
0.175 4.55365e-18 -0.000505036 0.00175
0.18 4.87891e-18 -0.000508591 0.0018
0.185 4.87891e-18 -0.00051196 0.00185
0.19 4.87891e-18 -0.000515195 0.0019
0.195 5.09575e-18 -0.000518381 0.00195
0.2 4.77049e-18 -0.000521443 0.002
0.205 4.98733e-18 -0.000524383 0.00205
0.21 4.98733e-18 -0.000527259 0.0021
0.215 4.98733e-18 -0.000529946 0.00215
0.22 5.20417e-18 -0.000532608 0.0022
0.225 5.20417e-18 -0.000535163 0.00225
0.23 4.98733e-18 -0.000537602 0.0023
0.235 5.20417e-18 -0.000539994 0.00235
0.24 5.42101e-18 -0.000542286 0.0024
0.245 5.42101e-18 -0.000544529 0.00245
0.25 5.42101e-18 -0.000546655 0.0025
0.255 5.42101e-18 -0.000548746 0.00255
0.26 5.42101e-18 -0.000550722 0.0026
0.265 5.85469e-18 -0.000552658 0.00265
0.27 5.42101e-18 -0.000554502 0.0027
0.275 5.63785e-18 -0.000556248 0.00275
0.28 5.42101e-18 -0.000557989 0.0028
0.285 5.85469e-18 -0.000559647 0.00285
0.29 5.63785e-18 -0.000561255 0.0029
0.295 5.63785e-18 -0.000562805 0.00295
0.3 5.42101e-18 -0.000564302 0.003
0.305 5.63785e-18 -0.00056573 0.00305
0.31 5.63785e-18 -0.00056713 0.0031
0.315 5.85469e-18 -0.000568475 0.00315
0.32 5.63785e-18 -0.000569775 0.0032
0.325 6.07153e-18 -0.00057103 0.00325
0.33 5.63785e-18 -0.000572242 0.0033
0.335 5.63785e-18 -0.000573413 0.00335
0.34 5.85469e-18 -0.000574543 0.0034
0.345 5.63785e-18 -0.000575635 0.00345
0.35 5.63785e-18 -0.000576689 0.0035
0.355 6.07153e-18 -0.000577707 0.00355
0.36 5.63785e-18 -0.000578691 0.0036
0.365 5.85469e-18 -0.000579636 0.00365
0.37 6.07153e-18 -0.000580556 0.0037
0.375 5.85469e-18 -0.000581443 0.00375
0.38 5.85469e-18 -0.0005823 0.0038
0.385 5.85469e-18 -0.000583114 0.00385
0.39 5.85469e-18 -0.00058392 0.0039
0.395 5.63785e-18 -0.000584692 0.00395
0.4 5.63785e-18 -0.000585445 0.004
0.405 6.07153e-18 -0.000586166 0.00405
0.41 6.07153e-18 -0.000586866 0.0041
0.415 6.07153e-18 -0.000587541 0.00415
0.42 5.63785e-18 -0.000588195 0.0042
0.425 6.07153e-18 -0.000588823 0.00425
0.43 5.63785e-18 -0.000589439 0.0043
0.435 5.63785e-18 -0.000590028 0.00435
0.44 5.63785e-18 -0.0005906 0.0044
0.445 5.63785e-18 -0.000591156 0.00445
0.45 6.07153e-18 -0.00059169 0.0045
0.455 6.07153e-18 -0.000592208 0.00455
0.46 6.07153e-18 -0.000592709 0.0046
0.465 6.07153e-18 -0.000593193 0.00465
0.47 6.07153e-18 -0.000593662 0.0047
0.475 5.63785e-18 -0.000594116 0.00475
0.48 6.07153e-18 -0.000594556 0.0048
0.485 6.50521e-18 -0.000594981 0.00485
0.49 6.07153e-18 -0.000595394 0.0049
0.495 6.07153e-18 -0.000595792 0.00495
0.5 6.50521e-18 -0.000596179 0.005
0.505 6.07153e-18 -0.000596553 0.00505
0.51 6.07153e-18 -0.000596916 0.0051
0.515 5.63785e-18 -0.000597267 0.00515
0.52 6.50521e-18 -0.000597608 0.0052
0.525 6.50521e-18 -0.000597938 0.00525
0.53 6.50521e-18 -0.000598258 0.0053
0.535 6.50521e-18 -0.000598568 0.00535
0.54 6.50521e-18 -0.000598868 0.0054
0.545 6.50521e-18 -0.00059916 0.00545
0.55 6.50521e-18 -0.000599443 0.0055
0.555 6.50521e-18 -0.000599717 0.00555
0.56 6.07153e-18 -0.000599984 0.0056
0.565 6.50521e-18 -0.00060024 0.00565
0.57 6.07153e-18 -0.000600489 0.0057
0.575 6.50521e-18 -0.000600733 0.00575
0.58 6.50521e-18 -0.000600969 0.0058
0.585 6.50521e-18 -0.000601199 0.00585
0.59 6.50521e-18 -0.000601422 0.0059
0.595 6.50521e-18 -0.000601638 0.00595
0.6 5.63785e-18 -0.000601849 0.006
0.605 6.93889e-18 -0.000602053 0.00605
0.61 6.50521e-18 -0.000602252 0.0061
0.615 6.50521e-18 -0.000602445 0.00615
0.62 5.63785e-18 -0.000602633 0.0062
0.625 7.37257e-18 -0.000602816 0.00625
0.63 6.50521e-18 -0.000602994 0.0063
0.635 6.50521e-18 -0.000603167 0.00635
0.64 6.50521e-18 -0.000603336 0.0064
0.645 5.63785e-18 -0.000603498 0.00645
0.65 6.50521e-18 -0.000603658 0.0065
0.655 6.07153e-18 -0.000603814 0.00655
0.66 6.50521e-18 -0.000603965 0.0066
0.665 6.50521e-18 -0.000604113 0.00665
0.67 5.63785e-18 -0.000604257 0.0067
0.675 6.50521e-18 -0.000604398 0.00675
0.68 6.50521e-18 -0.000604535 0.0068
0.685 6.93889e-18 -0.000604668 0.00685
0.69 6.50521e-18 -0.000604799 0.0069
0.695 6.07153e-18 -0.000604926 0.00695
0.7 6.07153e-18 -0.000605051 0.007
0.705 5.63785e-18 -0.000605172 0.00705
0.71 5.63785e-18 -0.000605291 0.0071
0.715 6.50521e-18 -0.000605407 0.00715
0.72 6.50521e-18 -0.00060552 0.0072
0.725 6.50521e-18 -0.000605631 0.00725
0.73 6.50521e-18 -0.000605739 0.0073
0.735 6.07153e-18 -0.000605845 0.00735
0.74 6.07153e-18 -0.000605949 0.0074
0.745 7.37257e-18 -0.00060605 0.00745
0.75 6.50521e-18 -0.00060615 0.0075
0.755 5.63785e-18 -0.000606247 0.00755
0.76 6.07153e-18 -0.000606343 0.0076
0.765 5.63785e-18 -0.000606437 0.00765
0.77 6.07153e-18 -0.000606528 0.0077
0.775 6.07153e-18 -0.000606618 0.00775
0.78 6.50521e-18 -0.000606707 0.0078
0.785 5.20417e-18 -0.000606793 0.00785
0.79 6.93889e-18 -0.000606878 0.0079
0.795 6.07153e-18 -0.000606962 0.00795
0.8 6.07153e-18 -0.000607044 0.008
0.805 6.93889e-18 -0.000607125 0.00805
0.81 5.20417e-18 -0.000607204 0.0081
0.815 6.07153e-18 -0.000607282 0.00815
0.82 6.07153e-18 -0.000607359 0.0082
0.825 6.93889e-18 -0.000607434 0.00825
0.83 6.93889e-18 -0.000607508 0.0083
0.835 6.93889e-18 -0.000607582 0.00835
0.84 6.07153e-18 -0.000607654 0.0084
0.845 6.07153e-18 -0.000607724 0.00845
0.85 6.93889e-18 -0.000607794 0.0085
0.855 6.07153e-18 -0.000607863 0.00855
0.86 6.07153e-18 -0.000607931 0.0086
0.865 6.07153e-18 -0.000607998 0.00865
0.87 6.93889e-18 -0.000608064 0.0087
0.875 6.93889e-18 -0.00060813 0.00875
0.88 6.93889e-18 -0.000608194 0.0088
0.885 6.07153e-18 -0.000608258 0.00885
0.89 6.07153e-18 -0.000608321 0.0089
0.895 6.07153e-18 -0.000608383 0.00895
0.9 6.93889e-18 -0.000608444 0.009
0.905 6.07153e-18 -0.000608505 0.00905
0.91 6.07153e-18 -0.000608565 0.0091
0.915 6.07153e-18 -0.000608624 0.00915
0.92 6.07153e-18 -0.000608683 0.0092
0.925 6.07153e-18 -0.000608741 0.00925
0.93 6.93889e-18 -0.000608799 0.0093
0.935 6.07153e-18 -0.000608855 0.00935
0.94 6.93889e-18 -0.000608912 0.0094
0.945 6.07153e-18 -0.000608968 0.00945
0.95 6.07153e-18 -0.000609023 0.0095
0.955 6.93889e-18 -0.000609078 0.00955
0.96 6.93889e-18 -0.000609132 0.0096
0.965 6.07153e-18 -0.000609187 0.00965
0.97 6.07153e-18 -0.00060924 0.0097
0.975 6.07153e-18 -0.000609293 0.00975
0.98 6.93889e-18 -0.000609346 0.0098
0.985 6.93889e-18 -0.000609398 0.00985
0.99 5.20417e-18 -0.00060945 0.0099
0.995 6.93889e-18 -0.000609502 0.00995
1 6.07153e-18 -0.000609553 0.01
1.005 6.07153e-18 -0.000609604 0.01005
1.01 6.93889e-18 -0.000609655 0.0101
1.015 6.07153e-18 -0.000609705 0.01015
1.02 6.07153e-18 -0.000609755 0.0102
1.025 6.07153e-18 -0.000609804 0.01025
1.03 6.07153e-18 -0.000609854 0.0103
1.035 7.80626e-18 -0.000609903 0.01035
1.04 6.07153e-18 -0.000609952 0.0104
1.045 6.93889e-18 -0.00061 0.01045
1.05 6.93889e-18 -0.000610048 0.0105
1.055 6.07153e-18 -0.000610097 0.01055
1.06 7.80626e-18 -0.000610145 0.0106
1.065 5.20417e-18 -0.000610192 0.01065
1.07 6.93889e-18 -0.00061024 0.0107
1.075 6.07153e-18 -0.000610287 0.01075
1.08 6.07153e-18 -0.000610334 0.0108
1.085 5.20417e-18 -0.000610381 0.01085
1.09 6.07153e-18 -0.000610428 0.0109
1.095 6.93889e-18 -0.000610474 0.01095
1.1 6.93889e-18 -0.00061052 0.011
1.105 6.07153e-18 -0.000610567 0.01105
1.11 6.93889e-18 -0.000610613 0.0111
1.115 6.07153e-18 -0.000610659 0.01115
1.12 6.07153e-18 -0.000610704 0.0112
1.125 6.07153e-18 -0.00061075 0.01125
1.13 6.93889e-18 -0.000610795 0.0113
1.135 6.93889e-18 -0.000610841 0.01135
1.14 6.07153e-18 -0.000610886 0.0114
1.145 5.20417e-18 -0.000610931 0.01145
1.15 7.80626e-18 -0.000610976 0.0115
1.155 6.07153e-18 -0.000611021 0.01155
1.16 5.20417e-18 -0.000611066 0.0116
1.165 7.80626e-18 -0.00061111 0.01165
1.17 6.07153e-18 -0.000611155 0.0117
1.175 6.93889e-18 -0.000611199 0.01175
1.18 6.07153e-18 -0.000611244 0.0118
1.185 6.93889e-18 -0.000611288 0.01185
1.19 6.93889e-18 -0.000611332 0.0119
1.195 6.07153e-18 -0.000611376 0.01195
1.2 5.20417e-18 -0.00061142 0.012
1.205 5.20417e-18 -0.000611464 0.01205
1.21 5.20417e-18 -0.000611508 0.0121
1.215 6.07153e-18 -0.000611552 0.01215
1.22 5.20417e-18 -0.000611596 0.0122
1.225 5.20417e-18 -0.000611639 0.01225
1.23 6.07153e-18 -0.000611683 0.0123
1.235 6.93889e-18 -0.000611727 0.01235
1.24 6.07153e-18 -0.00061177 0.0124
1.245 6.07153e-18 -0.000611814 0.01245
1.25 6.93889e-18 -0.000611857 0.0125
1.255 6.93889e-18 -0.000611901 0.01255
1.26 7.80626e-18 -0.000611944 0.0126
1.265 6.07153e-18 -0.000611987 0.01265
1.27 5.20417e-18 -0.00061203 0.0127
1.275 6.93889e-18 -0.000612074 0.01275
1.28 6.07153e-18 -0.000612117 0.0128
1.285 6.07153e-18 -0.00061216 0.01285
1.29 7.80626e-18 -0.000612203 0.0129
1.295 6.07153e-18 -0.000612246 0.01295
1.3 6.93889e-18 -0.000612289 0.013
1.305 6.07153e-18 -0.000612332 0.01305
1.31 5.20417e-18 -0.000612375 0.0131
1.315 6.07153e-18 -0.000612418 0.01315
1.32 6.07153e-18 -0.000612461 0.0132
1.325 7.80626e-18 -0.000612504 0.01325
1.33 6.07153e-18 -0.000612547 0.0133
1.335 6.07153e-18 -0.000612589 0.01335
1.34 6.93889e-18 -0.000612632 0.0134
1.345 6.93889e-18 -0.000612675 0.01345
1.35 6.07153e-18 -0.000612718 0.0135
1.355 5.20417e-18 -0.00061276 0.01355
1.36 6.93889e-18 -0.000612803 0.0136
1.365 6.07153e-18 -0.000612846 0.01365
1.37 6.93889e-18 -0.000612889 0.0137
1.375 6.93889e-18 -0.000612931 0.01375
1.38 6.93889e-18 -0.000612974 0.0138
1.385 5.20417e-18 -0.000613017 0.01385
1.39 5.20417e-18 -0.000613059 0.0139
1.395 7.80626e-18 -0.000613102 0.01395
1.4 6.07153e-18 -0.000613145 0.014
1.405 6.07153e-18 -0.000613187 0.01405
1.41 7.80626e-18 -0.00061323 0.0141
1.415 6.93889e-18 -0.000613272 0.01415
1.42 6.07153e-18 -0.000613315 0.0142
1.425 6.93889e-18 -0.000613358 0.01425
1.43 6.07153e-18 -0.0006134 0.0143
1.435 6.93889e-18 -0.000613443 0.01435
1.44 7.80626e-18 -0.000613485 0.0144
1.445 5.20417e-18 -0.000613528 0.01445
1.45 6.07153e-18 -0.000613571 0.0145
1.455 7.80626e-18 -0.000613613 0.01455
1.46 6.07153e-18 -0.000613656 0.0146
1.465 6.93889e-18 -0.000613698 0.01465
1.47 5.20417e-18 -0.000613741 0.0147
1.475 6.07153e-18 -0.000613783 0.01475
1.48 6.07153e-18 -0.000613826 0.0148
1.485 6.93889e-18 -0.000613869 0.01485
1.49 6.07153e-18 -0.000613911 0.0149
1.495 6.07153e-18 -0.000613954 0.01495
1.5 5.20417e-18 -0.000613996 0.015
1.505 7.80626e-18 -0.000614039 0.01505
1.51 6.93889e-18 -0.000614081 0.0151
1.515 5.20417e-18 -0.000614124 0.01515
1.52 5.20417e-18 -0.000614167 0.0152
1.525 6.93889e-18 -0.000614209 0.01525
1.53 5.20417e-18 -0.000614252 0.0153
1.535 5.20417e-18 -0.000614294 0.01535
1.54 6.93889e-18 -0.000614337 0.0154
1.545 7.80626e-18 -0.00061438 0.01545
1.55 6.07153e-18 -0.000614422 0.0155
1.555 7.80626e-18 -0.000614465 0.01555
1.56 6.93889e-18 -0.000614508 0.0156
1.565 7.80626e-18 -0.00061455 0.01565
1.57 5.20417e-18 -0.000614593 0.0157
1.575 5.20417e-18 -0.000614635 0.01575
1.58 5.20417e-18 -0.000614678 0.0158
1.585 8.67362e-18 -0.000614721 0.01585
1.59 6.93889e-18 -0.000614763 0.0159
1.595 5.20417e-18 -0.000614806 0.01595
1.6 6.93889e-18 -0.000614849 0.016
1.605 6.93889e-18 -0.000614892 0.01605
1.61 6.93889e-18 -0.000614934 0.0161
1.615 5.20417e-18 -0.000614977 0.01615
1.62 6.93889e-18 -0.00061502 0.0162
1.625 6.93889e-18 -0.000615062 0.01625
1.63 6.93889e-18 -0.000615105 0.0163
1.635 8.67362e-18 -0.000615148 0.01635
1.64 6.93889e-18 -0.000615191 0.0164
1.645 5.20417e-18 -0.000615233 0.01645
1.65 5.20417e-18 -0.000615276 0.0165
1.655 6.93889e-18 -0.000615319 0.01655
1.66 6.93889e-18 -0.000615362 0.0166
1.665 6.93889e-18 -0.000615405 0.01665
1.67 5.20417e-18 -0.000615448 0.0167
1.675 5.20417e-18 -0.00061549 0.01675
1.68 6.93889e-18 -0.000615533 0.0168
1.685 5.20417e-18 -0.000615576 0.01685
1.69 5.20417e-18 -0.000615619 0.0169
1.695 6.93889e-18 -0.000615662 0.01695
1.7 5.20417e-18 -0.000615705 0.017
1.705 6.93889e-18 -0.000615748 0.01705
1.71 6.93889e-18 -0.000615791 0.0171
1.715 6.93889e-18 -0.000615834 0.01715
1.72 6.93889e-18 -0.000615877 0.0172
1.725 6.93889e-18 -0.00061592 0.01725
1.73 6.93889e-18 -0.000615963 0.0173
1.735 6.93889e-18 -0.000616006 0.01735
1.74 5.20417e-18 -0.000616049 0.0174
1.745 6.93889e-18 -0.000616092 0.01745
1.75 6.93889e-18 -0.000616135 0.0175
1.755 6.93889e-18 -0.000616178 0.01755
1.76 6.93889e-18 -0.000616221 0.0176
1.765 6.93889e-18 -0.000616264 0.01765
1.77 6.93889e-18 -0.000616307 0.0177
1.775 6.93889e-18 -0.00061635 0.01775
1.78 6.93889e-18 -0.000616393 0.0178
1.785 5.20417e-18 -0.000616436 0.01785
1.79 5.20417e-18 -0.000616479 0.0179
1.795 6.93889e-18 -0.000616523 0.01795
1.8 6.93889e-18 -0.000616566 0.018
1.805 6.93889e-18 -0.000616609 0.01805
1.81 6.93889e-18 -0.000616652 0.0181
1.815 5.20417e-18 -0.000616695 0.01815
1.82 6.93889e-18 -0.000616739 0.0182
1.825 6.93889e-18 -0.000616782 0.01825
1.83 6.93889e-18 -0.000616825 0.0183
1.835 5.20417e-18 -0.000616869 0.01835
1.84 6.93889e-18 -0.000616912 0.0184
1.845 6.93889e-18 -0.000616955 0.01845
1.85 5.20417e-18 -0.000616999 0.0185
1.855 8.67362e-18 -0.000617042 0.01855
1.86 5.20417e-18 -0.000617085 0.0186
1.865 6.93889e-18 -0.000617129 0.01865
1.87 5.20417e-18 -0.000617172 0.0187
1.875 5.20417e-18 -0.000617216 0.01875
1.88 6.93889e-18 -0.000617259 0.0188
1.885 6.93889e-18 -0.000617303 0.01885
1.89 6.93889e-18 -0.000617346 0.0189
1.895 6.93889e-18 -0.00061739 0.01895
1.9 6.93889e-18 -0.000617433 0.019
1.905 5.20417e-18 -0.000617477 0.01905
1.91 5.20417e-18 -0.00061752 0.0191
1.915 6.93889e-18 -0.000617564 0.01915
1.92 6.93889e-18 -0.000617607 0.0192
1.925 8.67362e-18 -0.000617651 0.01925
1.93 6.93889e-18 -0.000617695 0.0193
1.935 6.93889e-18 -0.000617738 0.01935
1.94 5.20417e-18 -0.000617782 0.0194
1.945 6.93889e-18 -0.000617826 0.01945
1.95 6.93889e-18 -0.000617869 0.0195
1.955 5.20417e-18 -0.000617913 0.01955
1.96 5.20417e-18 -0.000617957 0.0196
1.965 5.20417e-18 -0.000618001 0.01965
1.97 5.20417e-18 -0.000618044 0.0197
1.975 6.93889e-18 -0.000618088 0.01975
1.98 6.93889e-18 -0.000618132 0.0198
1.985 5.20417e-18 -0.000618176 0.01985
1.99 6.93889e-18 -0.00061822 0.0199
1.995 5.20417e-18 -0.000618264 0.01995
2 6.93889e-18 -0.000618308 0.02
2.005 8.67362e-18 -0.000618352 0.02005
2.01 6.93889e-18 -0.000618395 0.0201
2.015 6.93889e-18 -0.000618439 0.02015
2.02 6.93889e-18 -0.000618483 0.0202
2.025 3.46945e-18 -0.000618527 0.02025
2.03 6.93889e-18 -0.000618572 0.0203
2.035 6.93889e-18 -0.000618616 0.02035
2.04 6.93889e-18 -0.00061866 0.0204
2.045 6.93889e-18 -0.000618704 0.02045
2.05 8.67362e-18 -0.000618748 0.0205
2.055 6.93889e-18 -0.000618792 0.02055
2.06 6.93889e-18 -0.000618836 0.0206
2.065 5.20417e-18 -0.00061888 0.02065
2.07 6.93889e-18 -0.000618925 0.0207
2.075 6.93889e-18 -0.000618969 0.02075
2.08 5.20417e-18 -0.000619013 0.0208
2.085 5.20417e-18 -0.000619058 0.02085
2.09 8.67362e-18 -0.000619102 0.0209
2.095 6.93889e-18 -0.000619146 0.02095
2.1 6.93889e-18 -0.000619191 0.021
2.105 6.93889e-18 -0.000619235 0.02105
2.11 6.93889e-18 -0.000619279 0.0211
2.115 6.93889e-18 -0.000619324 0.02115
2.12 6.93889e-18 -0.000619368 0.0212
2.125 8.67362e-18 -0.000619413 0.02125
2.13 5.20417e-18 -0.000619457 0.0213
2.135 6.93889e-18 -0.000619502 0.02135
2.14 3.46945e-18 -0.000619547 0.0214
2.145 3.46945e-18 -0.000619591 0.02145
2.15 8.67362e-18 -0.000619636 0.0215
2.155 6.93889e-18 -0.00061968 0.02155
2.16 5.20417e-18 -0.000619725 0.0216
2.165 6.93889e-18 -0.00061977 0.02165
2.17 6.93889e-18 -0.000619815 0.0217
2.175 6.93889e-18 -0.000619859 0.02175
2.18 8.67362e-18 -0.000619904 0.0218
2.185 6.93889e-18 -0.000619949 0.02185
2.19 6.93889e-18 -0.000619994 0.0219
2.195 5.20417e-18 -0.000620039 0.02195
2.2 5.20417e-18 -0.000620084 0.022
2.205 5.20417e-18 -0.000620129 0.02205
2.21 5.20417e-18 -0.000620174 0.0221
2.215 5.20417e-18 -0.000620219 0.02215
2.22 5.20417e-18 -0.000620264 0.0222
2.225 5.20417e-18 -0.000620309 0.02225
2.23 6.93889e-18 -0.000620354 0.0223
2.235 8.67362e-18 -0.000620399 0.02235
2.24 6.93889e-18 -0.000620444 0.0224
2.245 5.20417e-18 -0.000620489 0.02245
2.25 6.93889e-18 -0.000620535 0.0225
2.255 6.93889e-18 -0.00062058 0.02255
2.26 6.93889e-18 -0.000620625 0.0226
2.265 5.20417e-18 -0.000620671 0.02265
2.27 5.20417e-18 -0.000620716 0.0227
2.275 8.67362e-18 -0.000620762 0.02275
2.28 8.67362e-18 -0.000620807 0.0228
2.285 6.93889e-18 -0.000620853 0.02285
2.29 8.67362e-18 -0.000620898 0.0229
2.295 6.93889e-18 -0.000620944 0.02295
2.3 5.20417e-18 -0.000620989 0.023
2.305 6.93889e-18 -0.000621035 0.02305
2.31 8.67362e-18 -0.000621081 0.0231
2.315 8.67362e-18 -0.000621126 0.02315
2.32 6.93889e-18 -0.000621172 0.0232
2.325 3.46945e-18 -0.000621218 0.02325
2.33 6.93889e-18 -0.000621264 0.0233
2.335 5.20417e-18 -0.00062131 0.02335
2.34 5.20417e-18 -0.000621356 0.0234
2.345 6.93889e-18 -0.000621402 0.02345
2.35 8.67362e-18 -0.000621448 0.0235
2.355 8.67362e-18 -0.000621494 0.02355
2.36 3.46945e-18 -0.00062154 0.0236
2.365 6.93889e-18 -0.000621586 0.02365
2.37 6.93889e-18 -0.000621633 0.0237
2.375 6.93889e-18 -0.000621679 0.02375
2.38 8.67362e-18 -0.000621725 0.0238
2.385 3.46945e-18 -0.000621772 0.02385
2.39 6.93889e-18 -0.000621818 0.0239
2.395 5.20417e-18 -0.000621865 0.02395
2.4 5.20417e-18 -0.000621912 0.024
2.405 6.93889e-18 -0.000621958 0.02405
2.41 6.93889e-18 -0.000622005 0.0241
2.415 3.46945e-18 -0.000622052 0.02415
2.42 6.93889e-18 -0.000622099 0.0242
2.425 6.93889e-18 -0.000622146 0.02425
2.43 8.67362e-18 -0.000622193 0.0243
2.435 6.93889e-18 -0.00062224 0.02435
2.44 6.93889e-18 -0.000622287 0.0244
2.445 8.67362e-18 -0.000622334 0.02445
2.45 6.93889e-18 -0.000622381 0.0245
2.455 8.67362e-18 -0.000622429 0.02455
2.46 8.67362e-18 -0.000622477 0.0246
2.465 5.20417e-18 -0.000622524 0.02465
2.47 8.67362e-18 -0.000622572 0.0247
2.475 6.93889e-18 -0.00062262 0.02475
2.48 6.93889e-18 -0.000622668 0.0248
2.485 8.67362e-18 -0.000622716 0.02485
2.49 8.67362e-18 -0.000622765 0.0249
2.495 6.93889e-18 -0.000622813 0.02495
2.5 3.46945e-18 -0.000622862 0.025
2.505 6.93889e-18 -0.00062291 0.02505
2.51 6.93889e-18 -0.000622958 0.0251
2.515 6.93889e-18 -0.000623003 0.02515
2.52 6.93889e-18 -0.000623047 0.0252
2.525 5.20417e-18 -0.000623089 0.02525
2.53 5.20417e-18 -0.000623132 0.0253
2.535 5.20417e-18 -0.000623171 0.02535
2.54 3.46945e-18 -0.00062321 0.0254
2.545 8.67362e-18 -0.000623248 0.02545
2.55 3.46945e-18 -0.000623284 0.0255
2.555 5.20417e-18 -0.000623319 0.02555
2.56 8.67362e-18 -0.000623354 0.0256
2.565 6.93889e-18 -0.000623387 0.02565
2.57 3.46945e-18 -0.000623419 0.0257
2.575 5.20417e-18 -0.00062345 0.02575
2.58 3.46945e-18 -0.00062348 0.0258
2.585 6.93889e-18 -0.000623509 0.02585
2.59 8.67362e-18 -0.000623537 0.0259
2.595 6.93889e-18 -0.000623564 0.02595
2.6 3.46945e-18 -0.000623591 0.026
2.605 8.67362e-18 -0.000623616 0.02605
2.61 6.93889e-18 -0.000623641 0.0261
2.615 3.46945e-18 -0.000623665 0.02615
2.62 6.93889e-18 -0.000623688 0.0262
2.625 5.20417e-18 -0.00062371 0.02625
2.63 8.67362e-18 -0.000623732 0.0263
2.635 6.93889e-18 -0.000623753 0.02635
2.64 6.93889e-18 -0.000623774 0.0264
2.645 5.20417e-18 -0.000623793 0.02645
2.65 6.93889e-18 -0.000623813 0.0265
2.655 8.67362e-18 -0.000623831 0.02655
2.66 6.93889e-18 -0.000623849 0.0266
2.665 8.67362e-18 -0.000623866 0.02665
2.67 6.93889e-18 -0.000623883 0.0267
2.675 8.67362e-18 -0.0006239 0.02675
2.68 6.93889e-18 -0.000623915 0.0268
2.685 6.93889e-18 -0.000623931 0.02685
2.69 3.46945e-18 -0.000623945 0.0269
2.695 6.93889e-18 -0.00062396 0.02695
2.7 5.20417e-18 -0.000623974 0.027
2.705 6.93889e-18 -0.000623987 0.02705
2.71 6.93889e-18 -0.000624 0.0271
2.715 6.93889e-18 -0.000624013 0.02715
2.72 5.20417e-18 -0.000624025 0.0272
2.725 8.67362e-18 -0.000624037 0.02725
2.73 5.20417e-18 -0.000624048 0.0273
2.735 3.46945e-18 -0.000624059 0.02735
2.74 6.93889e-18 -0.00062407 0.0274
2.745 8.67362e-18 -0.00062408 0.02745
2.75 5.20417e-18 -0.00062409 0.0275
2.755 8.67362e-18 -0.0006241 0.02755
2.76 6.93889e-18 -0.000624109 0.0276
2.765 5.20417e-18 -0.000624118 0.02765
2.77 8.67362e-18 -0.000624127 0.0277
2.775 5.20417e-18 -0.000624136 0.02775
2.78 8.67362e-18 -0.000624144 0.0278
2.785 6.93889e-18 -0.000624152 0.02785
2.79 8.67362e-18 -0.00062416 0.0279
2.795 5.20417e-18 -0.000624167 0.02795
2.8 8.67362e-18 -0.000624175 0.028
2.805 3.46945e-18 -0.000624182 0.02805
2.81 6.93889e-18 -0.000624189 0.0281
2.815 8.67362e-18 -0.000624195 0.02815
2.82 8.67362e-18 -0.000624202 0.0282
2.825 5.20417e-18 -0.000624208 0.02825
2.83 6.93889e-18 -0.000624214 0.0283
2.835 5.20417e-18 -0.00062422 0.02835
2.84 6.93889e-18 -0.000624225 0.0284
2.845 6.93889e-18 -0.000624231 0.02845
2.85 8.67362e-18 -0.000624236 0.0285
2.855 5.20417e-18 -0.000624241 0.02855
2.86 3.46945e-18 -0.000624246 0.0286
2.865 6.93889e-18 -0.000624251 0.02865
2.87 5.20417e-18 -0.000624256 0.0287
2.875 6.93889e-18 -0.00062426 0.02875
2.88 5.20417e-18 -0.000624264 0.0288
2.885 6.93889e-18 -0.000624269 0.02885
2.89 5.20417e-18 -0.000624273 0.0289
2.895 6.93889e-18 -0.000624277 0.02895
2.9 8.67362e-18 -0.000624281 0.029
2.905 6.93889e-18 -0.000624284 0.02905
2.91 3.46945e-18 -0.000624288 0.0291
2.915 5.20417e-18 -0.000624291 0.02915
2.92 5.20417e-18 -0.000624295 0.0292
2.925 6.93889e-18 -0.000624298 0.02925
2.93 3.46945e-18 -0.000624301 0.0293
2.935 3.46945e-18 -0.000624304 0.02935
2.94 6.93889e-18 -0.000624307 0.0294
2.945 8.67362e-18 -0.00062431 0.02945
2.95 8.67362e-18 -0.000624313 0.0295
2.955 6.93889e-18 -0.000624315 0.02955
2.96 6.93889e-18 -0.000624318 0.0296
2.965 5.20417e-18 -0.000624321 0.02965
2.97 6.93889e-18 -0.000624323 0.0297
2.975 6.93889e-18 -0.000624325 0.02975
2.98 5.20417e-18 -0.000624328 0.0298
2.985 8.67362e-18 -0.00062433 0.02985
2.99 8.67362e-18 -0.000624332 0.0299
2.995 3.46945e-18 -0.000624334 0.02995
3 8.67362e-18 -0.000624336 0.03
3.005 5.20417e-18 -0.000624338 0.03005
3.01 6.93889e-18 -0.00062434 0.0301
3.015 6.93889e-18 -0.000624342 0.03015
3.02 8.67362e-18 -0.000624344 0.0302
3.025 6.93889e-18 -0.000624345 0.03025
3.03 3.46945e-18 -0.000624347 0.0303
3.035 6.93889e-18 -0.000624349 0.03035
3.04 3.46945e-18 -0.00062435 0.0304
3.045 6.93889e-18 -0.000624352 0.03045
3.05 6.93889e-18 -0.000624353 0.0305
3.055 6.93889e-18 -0.000624354 0.03055
3.06 6.93889e-18 -0.000624356 0.0306
3.065 6.93889e-18 -0.000624357 0.03065
3.07 6.93889e-18 -0.000624358 0.0307
3.075 8.67362e-18 -0.00062436 0.03075
3.08 8.67362e-18 -0.000624361 0.0308
3.085 8.67362e-18 -0.000624362 0.03085
3.09 5.20417e-18 -0.000624363 0.0309
3.095 5.20417e-18 -0.000624364 0.03095
3.1 5.20417e-18 -0.000624365 0.031
3.105 6.93889e-18 -0.000624366 0.03105
3.11 6.93889e-18 -0.000624367 0.0311
3.115 6.93889e-18 -0.000624368 0.03115
3.12 8.67362e-18 -0.000624369 0.0312
3.125 8.67362e-18 -0.00062437 0.03125
3.13 8.67362e-18 -0.000624371 0.0313
3.135 6.93889e-18 -0.000624372 0.03135
3.14 6.93889e-18 -0.000624373 0.0314
3.145 6.93889e-18 -0.000624373 0.03145
3.15 6.93889e-18 -0.000624374 0.0315
3.155 3.46945e-18 -0.000624375 0.03155
3.16 6.93889e-18 -0.000624376 0.0316
3.165 1.04083e-17 -0.000624376 0.03165
3.17 1.04083e-17 -0.000624377 0.0317
3.175 3.46945e-18 -0.000624378 0.03175
3.18 6.93889e-18 -0.000624378 0.0318
3.185 6.93889e-18 -0.000624379 0.03185
3.19 3.46945e-18 -0.00062438 0.0319
3.195 6.93889e-18 -0.00062438 0.03195
3.2 3.46945e-18 -0.000624381 0.032
3.205 6.93889e-18 -0.000624381 0.03205
3.21 6.93889e-18 -0.000624382 0.0321
3.215 6.93889e-18 -0.000624382 0.03215
3.22 3.46945e-18 -0.000624383 0.0322
3.225 6.93889e-18 -0.000624383 0.03225
3.23 6.93889e-18 -0.000624384 0.0323
3.235 6.93889e-18 -0.000624384 0.03235
3.24 6.93889e-18 -0.000624384 0.0324
3.245 1.04083e-17 -0.000624385 0.03245
3.25 3.46945e-18 -0.000624385 0.0325
3.255 3.46945e-18 -0.000624386 0.03255
3.26 1.04083e-17 -0.000624386 0.0326
3.265 1.04083e-17 -0.000624386 0.03265
3.27 6.93889e-18 -0.000624387 0.0327
3.275 6.93889e-18 -0.000624387 0.03275
3.28 3.46945e-18 -0.000624387 0.0328
3.285 3.46945e-18 -0.000624388 0.03285
3.29 6.93889e-18 -0.000624388 0.0329
3.295 3.46945e-18 -0.000624388 0.03295
3.3 3.46945e-18 -0.000624389 0.033
3.305 6.93889e-18 -0.000624389 0.03305
3.31 6.93889e-18 -0.000624389 0.0331
3.315 1.04083e-17 -0.000624389 0.03315
3.32 6.93889e-18 -0.00062439 0.0332
3.325 6.93889e-18 -0.00062439 0.03325
3.33 6.93889e-18 -0.00062439 0.0333
3.335 6.93889e-18 -0.00062439 0.03335
3.34 1.04083e-17 -0.000624391 0.0334
3.345 3.46945e-18 -0.000624391 0.03345
3.35 3.46945e-18 -0.000624391 0.0335
3.355 1.04083e-17 -0.000624391 0.03355
3.36 1.04083e-17 -0.000624392 0.0336
3.365 3.46945e-18 -0.000624392 0.03365
3.37 6.93889e-18 -0.000624392 0.0337
3.375 6.93889e-18 -0.000624392 0.03375
3.38 6.93889e-18 -0.000624392 0.0338
3.385 6.93889e-18 -0.000624392 0.03385
3.39 6.93889e-18 -0.000624393 0.0339
3.395 6.93889e-18 -0.000624393 0.03395
3.4 3.46945e-18 -0.000624393 0.034
3.405 3.46945e-18 -0.000624393 0.03405
3.41 6.93889e-18 -0.000624393 0.0341
3.415 6.93889e-18 -0.000624393 0.03415
3.42 6.93889e-18 -0.000624393 0.0342
3.425 6.93889e-18 -0.000624394 0.03425
3.43 3.46945e-18 -0.000624394 0.0343
3.435 6.93889e-18 -0.000624394 0.03435
3.44 6.93889e-18 -0.000624394 0.0344
3.445 6.93889e-18 -0.000624394 0.03445
3.45 6.93889e-18 -0.000624394 0.0345
3.455 6.93889e-18 -0.000624394 0.03455
3.46 3.46945e-18 -0.000624394 0.0346
3.465 6.93889e-18 -0.000624394 0.03465
3.47 3.46945e-18 -0.000624395 0.0347
3.475 6.93889e-18 -0.000624395 0.03475
3.48 3.46945e-18 -0.000624395 0.0348
3.485 6.93889e-18 -0.000624395 0.03485
3.49 3.46945e-18 -0.000624395 0.0349
3.495 6.93889e-18 -0.000624395 0.03495
3.5 6.93889e-18 -0.000624395 0.035
3.505 6.93889e-18 -0.000624395 0.03505
3.51 3.46945e-18 -0.000624395 0.0351
3.515 6.93889e-18 -0.000624395 0.03515
3.52 3.46945e-18 -0.000624395 0.0352
3.525 1.04083e-17 -0.000624395 0.03525
3.53 6.93889e-18 -0.000624396 0.0353
3.535 6.93889e-18 -0.000624396 0.03535
3.54 3.46945e-18 -0.000624396 0.0354
3.545 1.04083e-17 -0.000624396 0.03545
3.55 3.46945e-18 -0.000624396 0.0355
3.555 6.93889e-18 -0.000624396 0.03555
3.56 6.93889e-18 -0.000624396 0.0356
3.565 6.93889e-18 -0.000624396 0.03565
3.57 6.93889e-18 -0.000624396 0.0357
3.575 6.93889e-18 -0.000624396 0.03575
3.58 1.04083e-17 -0.000624396 0.0358
3.585 6.93889e-18 -0.000624396 0.03585
3.59 3.46945e-18 -0.000624396 0.0359
3.595 3.46945e-18 -0.000624396 0.03595
3.6 6.93889e-18 -0.000624396 0.036
3.605 6.93889e-18 -0.000624396 0.03605
3.61 6.93889e-18 -0.000624396 0.0361
3.615 3.46945e-18 -0.000624396 0.03615
3.62 6.93889e-18 -0.000624396 0.0362
3.625 1.04083e-17 -0.000624396 0.03625
3.63 6.93889e-18 -0.000624396 0.0363
3.635 1.04083e-17 -0.000624397 0.03635
3.64 6.93889e-18 -0.000624397 0.0364
3.645 6.93889e-18 -0.000624397 0.03645
3.65 6.93889e-18 -0.000624397 0.0365
3.655 6.93889e-18 -0.000624397 0.03655
3.66 6.93889e-18 -0.000624397 0.0366
3.665 1.04083e-17 -0.000624397 0.03665
3.67 1.04083e-17 -0.000624397 0.0367
3.675 1.04083e-17 -0.000624397 0.03675
3.68 6.93889e-18 -0.000624397 0.0368
3.685 6.93889e-18 -0.000624397 0.03685
3.69 1.04083e-17 -0.000624397 0.0369
3.695 1.04083e-17 -0.000624397 0.03695
3.7 6.93889e-18 -0.000624397 0.037
3.705 1.04083e-17 -0.000624397 0.03705
3.71 3.46945e-18 -0.000624397 0.0371
3.715 3.46945e-18 -0.000624397 0.03715
3.72 6.93889e-18 -0.000624397 0.0372
3.725 6.93889e-18 -0.000624397 0.03725
3.73 6.93889e-18 -0.000624397 0.0373
3.735 6.93889e-18 -0.000624397 0.03735
3.74 6.93889e-18 -0.000624397 0.0374
3.745 1.04083e-17 -0.000624397 0.03745
3.75 3.46945e-18 -0.000624397 0.0375
3.755 6.93889e-18 -0.000624397 0.03755
3.76 3.46945e-18 -0.000624397 0.0376
3.765 6.93889e-18 -0.000624397 0.03765
3.77 6.93889e-18 -0.000624397 0.0377
3.775 6.93889e-18 -0.000624397 0.03775
3.78 1.04083e-17 -0.000624397 0.0378
3.785 1.04083e-17 -0.000624397 0.03785
3.79 6.93889e-18 -0.000624397 0.0379
3.795 6.93889e-18 -0.000624397 0.03795
3.8 6.93889e-18 -0.000624397 0.038
3.805 6.93889e-18 -0.000624397 0.03805
3.81 1.04083e-17 -0.000624397 0.0381
3.815 3.46945e-18 -0.000624397 0.03815
3.82 3.46945e-18 -0.000624397 0.0382
3.825 3.46945e-18 -0.000624397 0.03825
3.83 6.93889e-18 -0.000624397 0.0383
3.835 3.46945e-18 -0.000624397 0.03835
3.84 3.46945e-18 -0.000624397 0.0384
3.845 1.04083e-17 -0.000624397 0.03845
3.85 3.46945e-18 -0.000624397 0.0385
3.855 6.93889e-18 -0.000624397 0.03855
3.86 1.04083e-17 -0.000624397 0.0386
3.865 6.93889e-18 -0.000624397 0.03865
3.87 1.04083e-17 -0.000624397 0.0387
3.875 3.46945e-18 -0.000624397 0.03875
3.88 6.93889e-18 -0.000624397 0.0388
3.885 6.93889e-18 -0.000624397 0.03885
3.89 3.46945e-18 -0.000624397 0.0389
3.895 6.93889e-18 -0.000624397 0.03895
3.9 3.46945e-18 -0.000624397 0.039
3.905 3.46945e-18 -0.000624397 0.03905
3.91 6.93889e-18 -0.000624397 0.0391
3.915 3.46945e-18 -0.000624397 0.03915
3.92 3.46945e-18 -0.000624397 0.0392
3.925 3.46945e-18 -0.000624397 0.03925
3.93 6.93889e-18 -0.000624397 0.0393
3.935 6.93889e-18 -0.000624397 0.03935
3.94 6.93889e-18 -0.000624397 0.0394
3.945 3.46945e-18 -0.000624397 0.03945
3.95 3.46945e-18 -0.000624397 0.0395
3.955 3.46945e-18 -0.000624397 0.03955
3.96 1.04083e-17 -0.000624397 0.0396
3.965 6.93889e-18 -0.000624397 0.03965
3.97 6.93889e-18 -0.000624397 0.0397
3.975 6.93889e-18 -0.000624397 0.03975
3.98 1.04083e-17 -0.000624397 0.0398
3.985 6.93889e-18 -0.000624397 0.03985
3.99 6.93889e-18 -0.000624397 0.0399
3.995 6.93889e-18 -0.000624397 0.03995
4 3.46945e-18 -0.000624397 0.04
4.005 1.04083e-17 -0.000624397 0.04005
4.01 6.93889e-18 -0.000624397 0.0401
4.015 3.46945e-18 -0.000624397 0.04015
4.02 1.04083e-17 -0.000624397 0.0402
4.025 3.46945e-18 -0.000624397 0.04025
4.03 3.46945e-18 -0.000624397 0.0403
4.035 6.93889e-18 -0.000624397 0.04035
4.04 6.93889e-18 -0.000624397 0.0404
4.045 1.04083e-17 -0.000624397 0.04045
4.05 1.04083e-17 -0.000624397 0.0405
4.055 6.93889e-18 -0.000624397 0.04055
4.06 6.93889e-18 -0.000624397 0.0406
4.065 6.93889e-18 -0.000624397 0.04065
4.07 3.46945e-18 -0.000624397 0.0407
4.075 3.46945e-18 -0.000624397 0.04075
4.08 3.46945e-18 -0.000624397 0.0408
4.085 3.46945e-18 -0.000624397 0.04085
4.09 3.46945e-18 -0.000624397 0.0409
4.095 3.46945e-18 -0.000624397 0.04095
4.1 3.46945e-18 -0.000624397 0.041
4.105 1.04083e-17 -0.000624397 0.04105
4.11 1.04083e-17 -0.000624397 0.0411
4.115 6.93889e-18 -0.000624397 0.04115
4.12 1.04083e-17 -0.000624397 0.0412
4.125 1.04083e-17 -0.000624397 0.04125
4.13 3.46945e-18 -0.000624397 0.0413
4.135 6.93889e-18 -0.000624397 0.04135
4.14 1.04083e-17 -0.000624397 0.0414
4.145 6.93889e-18 -0.000624397 0.04145
4.15 3.46945e-18 -0.000624397 0.0415
4.155 6.93889e-18 -0.000624397 0.04155
4.16 6.93889e-18 -0.000624397 0.0416
4.165 1.04083e-17 -0.000624397 0.04165
4.17 1.04083e-17 -0.000624397 0.0417
4.175 1.04083e-17 -0.000624397 0.04175
4.18 6.93889e-18 -0.000624397 0.0418
4.185 6.93889e-18 -0.000624397 0.04185
4.19 6.93889e-18 -0.000624397 0.0419
4.195 6.93889e-18 -0.000624397 0.04195
4.2 1.04083e-17 -0.000624397 0.042
4.205 6.93889e-18 -0.000624397 0.04205
4.21 3.46945e-18 -0.000624397 0.0421
4.215 3.46945e-18 -0.000624397 0.04215
4.22 6.93889e-18 -0.000624397 0.0422
4.225 3.46945e-18 -0.000624397 0.04225
4.23 3.46945e-18 -0.000624397 0.0423
4.235 3.46945e-18 -0.000624397 0.04235
4.24 6.93889e-18 -0.000624397 0.0424
4.245 6.93889e-18 -0.000624397 0.04245
4.25 3.46945e-18 -0.000624397 0.0425
4.255 3.46945e-18 -0.000624397 0.04255
4.26 3.46945e-18 -0.000624397 0.0426
4.265 3.46945e-18 -0.000624397 0.04265
4.27 3.46945e-18 -0.000624397 0.0427
4.275 6.93889e-18 -0.000624397 0.04275
4.28 6.93889e-18 -0.000624397 0.0428
4.285 6.93889e-18 -0.000624397 0.04285
4.29 1.04083e-17 -0.000624397 0.0429
4.295 6.93889e-18 -0.000624397 0.04295
4.3 1.04083e-17 -0.000624397 0.043
4.305 1.04083e-17 -0.000624397 0.04305
4.31 3.46945e-18 -0.000624397 0.0431
4.315 1.04083e-17 -0.000624397 0.04315
4.32 3.46945e-18 -0.000624397 0.0432
4.325 3.46945e-18 -0.000624397 0.04325
4.33 6.93889e-18 -0.000624397 0.0433
4.335 3.46945e-18 -0.000624397 0.04335
4.34 3.46945e-18 -0.000624397 0.0434
4.345 6.93889e-18 -0.000624397 0.04345
4.35 1.04083e-17 -0.000624397 0.0435
4.355 3.46945e-18 -0.000624397 0.04355
4.36 3.46945e-18 -0.000624397 0.0436
4.365 6.93889e-18 -0.000624397 0.04365
4.37 6.93889e-18 -0.000624397 0.0437
4.375 6.93889e-18 -0.000624397 0.04375
4.38 1.04083e-17 -0.000624397 0.0438
4.385 3.46945e-18 -0.000624397 0.04385
4.39 3.46945e-18 -0.000624397 0.0439
4.395 6.93889e-18 -0.000624397 0.04395
4.4 1.04083e-17 -0.000624397 0.044
4.405 3.46945e-18 -0.000624397 0.04405
4.41 6.93889e-18 -0.000624397 0.0441
4.415 6.93889e-18 -0.000624397 0.04415
4.42 3.46945e-18 -0.000624397 0.0442
4.425 3.46945e-18 -0.000624397 0.04425
4.43 6.93889e-18 -0.000624397 0.0443
4.435 6.93889e-18 -0.000624397 0.04435
4.44 6.93889e-18 -0.000624397 0.0444
4.445 6.93889e-18 -0.000624397 0.04445
4.45 6.93889e-18 -0.000624397 0.0445
4.455 6.93889e-18 -0.000624397 0.04455
4.46 3.46945e-18 -0.000624397 0.0446
4.465 6.93889e-18 -0.000624397 0.04465
4.47 1.04083e-17 -0.000624397 0.0447
4.475 6.93889e-18 -0.000624397 0.04475
4.48 3.46945e-18 -0.000624397 0.0448
4.485 6.93889e-18 -0.000624397 0.04485
4.49 1.04083e-17 -0.000624397 0.0449
4.495 3.46945e-18 -0.000624397 0.04495
4.5 3.46945e-18 -0.000624397 0.045
4.505 1.04083e-17 -0.000624397 0.04505
4.51 1.04083e-17 -0.000624397 0.0451
4.515 1.04083e-17 -0.000624397 0.04515
4.52 1.04083e-17 -0.000624397 0.0452
4.525 6.93889e-18 -0.000624397 0.04525
4.53 6.93889e-18 -0.000624397 0.0453
4.535 1.04083e-17 -0.000624397 0.04535
4.54 3.46945e-18 -0.000624397 0.0454
4.545 1.04083e-17 -0.000624397 0.04545
4.55 6.93889e-18 -0.000624397 0.0455
4.555 6.93889e-18 -0.000624397 0.04555
4.56 3.46945e-18 -0.000624397 0.0456
4.565 6.93889e-18 -0.000624397 0.04565
4.57 3.46945e-18 -0.000624397 0.0457
4.575 3.46945e-18 -0.000624397 0.04575
4.58 1.04083e-17 -0.000624397 0.0458
4.585 3.46945e-18 -0.000624397 0.04585
4.59 6.93889e-18 -0.000624397 0.0459
4.595 3.46945e-18 -0.000624397 0.04595
4.6 3.46945e-18 -0.000624397 0.046
4.605 3.46945e-18 -0.000624397 0.04605
4.61 1.04083e-17 -0.000624397 0.0461
4.615 3.46945e-18 -0.000624397 0.04615
4.62 6.93889e-18 -0.000624397 0.0462
4.625 6.93889e-18 -0.000624397 0.04625
4.63 3.46945e-18 -0.000624397 0.0463
4.635 1.04083e-17 -0.000624397 0.04635
4.64 1.38778e-17 -0.000624397 0.0464
4.645 1.04083e-17 -0.000624397 0.04645
4.65 6.93889e-18 -0.000624397 0.0465
4.655 3.46945e-18 -0.000624397 0.04655
4.66 6.93889e-18 -0.000624397 0.0466
4.665 6.93889e-18 -0.000624397 0.04665
4.67 6.93889e-18 -0.000624397 0.0467
4.675 3.46945e-18 -0.000624397 0.04675
4.68 6.93889e-18 -0.000624397 0.0468
4.685 6.93889e-18 -0.000624397 0.04685
4.69 3.46945e-18 -0.000624397 0.0469
4.695 6.93889e-18 -0.000624397 0.04695
4.7 3.46945e-18 -0.000624397 0.047
4.705 3.46945e-18 -0.000624397 0.04705
4.71 6.93889e-18 -0.000624397 0.0471
4.715 1.38778e-17 -0.000624397 0.04715
4.72 3.46945e-18 -0.000624397 0.0472
4.725 1.04083e-17 -0.000624397 0.04725
4.73 3.46945e-18 -0.000624397 0.0473
4.735 3.46945e-18 -0.000624397 0.04735
4.74 1.38778e-17 -0.000624397 0.0474
4.745 3.46945e-18 -0.000624397 0.04745
4.75 3.46945e-18 -0.000624397 0.0475
4.755 1.04083e-17 -0.000624397 0.04755
4.76 3.46945e-18 -0.000624397 0.0476
4.765 3.46945e-18 -0.000624397 0.04765
4.77 6.93889e-18 -0.000624397 0.0477
4.775 1.38778e-17 -0.000624397 0.04775
4.78 3.46945e-18 -0.000624397 0.0478
4.785 3.46945e-18 -0.000624397 0.04785
4.79 3.46945e-18 -0.000624397 0.0479
4.795 1.04083e-17 -0.000624397 0.04795
4.8 1.04083e-17 -0.000624397 0.048
4.805 1.04083e-17 -0.000624397 0.04805
4.81 3.46945e-18 -0.000624397 0.0481
4.815 6.93889e-18 -0.000624397 0.04815
4.82 6.93889e-18 -0.000624397 0.0482
4.825 1.04083e-17 -0.000624397 0.04825
4.83 3.46945e-18 -0.000624397 0.0483
4.835 6.93889e-18 -0.000624397 0.04835
4.84 3.46945e-18 -0.000624397 0.0484
4.845 6.93889e-18 -0.000624397 0.04845
4.85 1.04083e-17 -0.000624397 0.0485
4.855 6.93889e-18 -0.000624397 0.04855
4.86 6.93889e-18 -0.000624397 0.0486
4.865 6.93889e-18 -0.000624397 0.04865
4.87 6.93889e-18 -0.000624397 0.0487
4.875 1.38778e-17 -0.000624397 0.04875
4.88 3.46945e-18 -0.000624397 0.0488
4.885 6.93889e-18 -0.000624397 0.04885
4.89 6.93889e-18 -0.000624397 0.0489
4.895 6.93889e-18 -0.000624397 0.04895
4.9 3.46945e-18 -0.000624397 0.049
4.905 6.93889e-18 -0.000624397 0.04905
4.91 3.46945e-18 -0.000624397 0.0491
4.915 3.46945e-18 -0.000624397 0.04915
4.92 3.46945e-18 -0.000624397 0.0492
4.925 6.93889e-18 -0.000624397 0.04925
4.93 3.46945e-18 -0.000624397 0.0493
4.935 3.46945e-18 -0.000624397 0.04935
4.94 1.04083e-17 -0.000624397 0.0494
4.945 1.04083e-17 -0.000624397 0.04945
4.95 3.46945e-18 -0.000624397 0.0495
4.955 6.93889e-18 -0.000624397 0.04955
4.96 3.46945e-18 -0.000624397 0.0496
4.965 3.46945e-18 -0.000624397 0.04965
4.97 3.46945e-18 -0.000624397 0.0497
4.975 6.93889e-18 -0.000624397 0.04975
4.98 1.04083e-17 -0.000624397 0.0498
4.985 1.04083e-17 -0.000624397 0.04985
4.99 3.46945e-18 -0.000624397 0.0499
4.995 3.46945e-18 -0.000624397 0.04995
5 1.04083e-17 -0.000624397 0.05
5.005 6.93889e-18 -0.000624397 0.05005
5.01 1.04083e-17 -0.000624397 0.0501
5.015 1.38778e-17 -0.000624397 0.05015
5.02 1.04083e-17 -0.000624397 0.0502
5.025 6.93889e-18 -0.000624397 0.05025
5.03 1.04083e-17 -0.000624397 0.0503
5.035 6.93889e-18 -0.000624397 0.05035
5.04 6.93889e-18 -0.000624397 0.0504
5.045 3.46945e-18 -0.000624397 0.05045
5.05 6.93889e-18 -0.000624397 0.0505
5.055 6.93889e-18 -0.000624397 0.05055
5.06 1.04083e-17 -0.000624397 0.0506
5.065 6.93889e-18 -0.000624397 0.05065
5.07 3.46945e-18 -0.000624397 0.0507
5.075 6.93889e-18 -0.000624397 0.05075
5.08 3.46945e-18 -0.000624397 0.0508
5.085 3.46945e-18 -0.000624397 0.05085
5.09 3.46945e-18 -0.000624397 0.0509
5.095 3.46945e-18 -0.000624397 0.05095
5.1 6.93889e-18 -0.000624397 0.051
5.105 1.04083e-17 -0.000624397 0.05105
5.11 1.04083e-17 -0.000624397 0.0511
5.115 6.93889e-18 -0.000624397 0.05115
5.12 3.46945e-18 -0.000624397 0.0512
5.125 3.46945e-18 -0.000624397 0.05125
5.13 6.93889e-18 -0.000624397 0.0513
5.135 1.04083e-17 -0.000624397 0.05135
5.14 6.93889e-18 -0.000624397 0.0514
5.145 3.46945e-18 -0.000624397 0.05145
5.15 6.93889e-18 -0.000624397 0.0515
5.155 3.46945e-18 -0.000624397 0.05155
5.16 1.04083e-17 -0.000624397 0.0516
5.165 1.04083e-17 -0.000624397 0.05165
5.17 6.93889e-18 -0.000624397 0.0517
5.175 1.04083e-17 -0.000624397 0.05175
5.18 3.46945e-18 -0.000624397 0.0518
5.185 1.04083e-17 -0.000624397 0.05185
5.19 3.46945e-18 -0.000624397 0.0519
5.195 1.04083e-17 -0.000624397 0.05195
5.2 6.93889e-18 -0.000624397 0.052
5.205 6.93889e-18 -0.000624397 0.05205
5.21 3.46945e-18 -0.000624397 0.0521
5.215 3.46945e-18 -0.000624397 0.05215
5.22 1.04083e-17 -0.000624397 0.0522
5.225 6.93889e-18 -0.000624397 0.05225
5.23 1.38778e-17 -0.000624397 0.0523
5.235 3.46945e-18 -0.000624397 0.05235
5.24 6.93889e-18 -0.000624397 0.0524
5.245 3.46945e-18 -0.000624397 0.05245
5.25 6.93889e-18 -0.000624397 0.0525
5.255 1.04083e-17 -0.000624397 0.05255
5.26 6.93889e-18 -0.000624397 0.0526
5.265 3.46945e-18 -0.000624397 0.05265
5.27 1.04083e-17 -0.000624397 0.0527
5.275 1.38778e-17 -0.000624397 0.05275
5.28 6.93889e-18 -0.000624397 0.0528
5.285 3.46945e-18 -0.000624397 0.05285
5.29 1.04083e-17 -0.000624397 0.0529
5.295 6.93889e-18 -0.000624397 0.05295
5.3 1.38778e-17 -0.000624397 0.053
5.305 3.46945e-18 -0.000624397 0.05305
5.31 6.93889e-18 -0.000624397 0.0531
5.315 3.46945e-18 -0.000624397 0.05315
5.32 3.46945e-18 -0.000624397 0.0532
5.325 6.93889e-18 -0.000624397 0.05325
5.33 3.46945e-18 -0.000624397 0.0533
5.335 1.04083e-17 -0.000624397 0.05335
5.34 1.04083e-17 -0.000624397 0.0534
5.345 3.46945e-18 -0.000624397 0.05345
5.35 1.38778e-17 -0.000624397 0.0535
5.355 3.46945e-18 -0.000624397 0.05355
5.36 3.46945e-18 -0.000624397 0.0536
5.365 1.38778e-17 -0.000624397 0.05365
5.37 3.46945e-18 -0.000624397 0.0537
5.375 1.04083e-17 -0.000624397 0.05375
5.38 3.46945e-18 -0.000624397 0.0538
5.385 6.93889e-18 -0.000624397 0.05385
5.39 3.46945e-18 -0.000624397 0.0539
5.395 1.04083e-17 -0.000624397 0.05395
5.4 6.93889e-18 -0.000624397 0.054
5.405 3.46945e-18 -0.000624397 0.05405
5.41 1.04083e-17 -0.000624397 0.0541
5.415 6.93889e-18 -0.000624397 0.05415
5.42 3.46945e-18 -0.000624397 0.0542
5.425 3.46945e-18 -0.000624397 0.05425
5.43 3.46945e-18 -0.000624397 0.0543
5.435 3.46945e-18 -0.000624397 0.05435
5.44 6.93889e-18 -0.000624397 0.0544
5.445 1.04083e-17 -0.000624397 0.05445
5.45 1.04083e-17 -0.000624397 0.0545
5.455 3.46945e-18 -0.000624397 0.05455
5.46 1.38778e-17 -0.000624397 0.0546
5.465 3.46945e-18 -0.000624397 0.05465
5.47 6.93889e-18 -0.000624397 0.0547
5.475 3.46945e-18 -0.000624397 0.05475
5.48 6.93889e-18 -0.000624397 0.0548
5.485 6.93889e-18 -0.000624397 0.05485
5.49 6.93889e-18 -0.000624397 0.0549
5.495 3.46945e-18 -0.000624397 0.05495
5.5 6.93889e-18 -0.000624397 0.055
5.505 3.46945e-18 -0.000624397 0.05505
5.51 6.93889e-18 -0.000624397 0.0551
5.515 6.93889e-18 -0.000624397 0.05515
5.52 3.46945e-18 -0.000624397 0.0552
5.525 6.93889e-18 -0.000624397 0.05525
5.53 3.46945e-18 -0.000624397 0.0553
5.535 1.04083e-17 -0.000624397 0.05535
5.54 3.46945e-18 -0.000624397 0.0554
5.545 6.93889e-18 -0.000624397 0.05545
5.55 3.46945e-18 -0.000624397 0.0555
5.555 3.46945e-18 -0.000624397 0.05555
5.56 3.46945e-18 -0.000624397 0.0556
5.565 3.46945e-18 -0.000624397 0.05565
5.57 6.93889e-18 -0.000624397 0.0557
5.575 6.93889e-18 -0.000624397 0.05575
5.58 3.46945e-18 -0.000624397 0.0558
5.585 6.93889e-18 -0.000624397 0.05585
5.59 6.93889e-18 -0.000624397 0.0559
5.595 6.93889e-18 -0.000624397 0.05595
5.6 1.04083e-17 -0.000624397 0.056
5.605 1.04083e-17 -0.000624397 0.05605
5.61 3.46945e-18 -0.000624397 0.0561
5.615 1.04083e-17 -0.000624397 0.05615
5.62 3.46945e-18 -0.000624397 0.0562
5.625 3.46945e-18 -0.000624397 0.05625
5.63 6.93889e-18 -0.000624397 0.0563
5.635 6.93889e-18 -0.000624397 0.05635
5.64 1.04083e-17 -0.000624397 0.0564
5.645 3.46945e-18 -0.000624397 0.05645
5.65 3.46945e-18 -0.000624397 0.0565
5.655 6.93889e-18 -0.000624397 0.05655
5.66 6.93889e-18 -0.000624397 0.0566
5.665 3.46945e-18 -0.000624397 0.05665
5.67 6.93889e-18 -0.000624397 0.0567
5.675 3.46945e-18 -0.000624397 0.05675
5.68 6.93889e-18 -0.000624397 0.0568
5.685 3.46945e-18 -0.000624397 0.05685
5.69 3.46945e-18 -0.000624397 0.0569
5.695 6.93889e-18 -0.000624397 0.05695
5.7 6.93889e-18 -0.000624397 0.057
5.705 3.46945e-18 -0.000624397 0.05705
5.71 3.46945e-18 -0.000624397 0.0571
5.715 6.93889e-18 -0.000624397 0.05715
5.72 1.04083e-17 -0.000624397 0.0572
5.725 6.93889e-18 -0.000624397 0.05725
5.73 1.04083e-17 -0.000624397 0.0573
5.735 3.46945e-18 -0.000624397 0.05735
5.74 6.93889e-18 -0.000624397 0.0574
5.745 6.93889e-18 -0.000624397 0.05745
5.75 3.46945e-18 -0.000624397 0.0575
5.755 3.46945e-18 -0.000624397 0.05755
5.76 1.38778e-17 -0.000624397 0.0576
5.765 6.93889e-18 -0.000624397 0.05765
5.77 3.46945e-18 -0.000624397 0.0577
5.775 6.93889e-18 -0.000624397 0.05775
5.78 1.38778e-17 -0.000624397 0.0578
5.785 6.93889e-18 -0.000624397 0.05785
5.79 3.46945e-18 -0.000624397 0.0579
5.795 6.93889e-18 -0.000624397 0.05795
5.8 3.46945e-18 -0.000624397 0.058
5.805 1.38778e-17 -0.000624397 0.05805
5.81 1.04083e-17 -0.000624397 0.0581
5.815 1.04083e-17 -0.000624397 0.05815
5.82 3.46945e-18 -0.000624397 0.0582
5.825 3.46945e-18 -0.000624397 0.05825
5.83 1.04083e-17 -0.000624397 0.0583
5.835 3.46945e-18 -0.000624397 0.05835
5.84 1.04083e-17 -0.000624397 0.0584
5.845 6.93889e-18 -0.000624397 0.05845
5.85 1.38778e-17 -0.000624397 0.0585
5.855 6.93889e-18 -0.000624397 0.05855
5.86 3.46945e-18 -0.000624397 0.0586
5.865 3.46945e-18 -0.000624397 0.05865
5.87 3.46945e-18 -0.000624397 0.0587
5.875 3.46945e-18 -0.000624397 0.05875
5.88 3.46945e-18 -0.000624397 0.0588
5.885 3.46945e-18 -0.000624397 0.05885
5.89 3.46945e-18 -0.000624397 0.0589
5.895 6.93889e-18 -0.000624397 0.05895
5.9 6.93889e-18 -0.000624397 0.059
5.905 1.04083e-17 -0.000624397 0.05905
5.91 6.93889e-18 -0.000624397 0.0591
5.915 3.46945e-18 -0.000624397 0.05915
5.92 6.93889e-18 -0.000624397 0.0592
5.925 3.46945e-18 -0.000624397 0.05925
5.93 6.93889e-18 -0.000624397 0.0593
5.935 1.38778e-17 -0.000624397 0.05935
5.94 3.46945e-18 -0.000624397 0.0594
5.945 3.46945e-18 -0.000624397 0.05945
5.95 6.93889e-18 -0.000624397 0.0595
5.955 3.46945e-18 -0.000624397 0.05955
5.96 3.46945e-18 -0.000624397 0.0596
5.965 1.38778e-17 -0.000624397 0.05965
5.97 1.04083e-17 -0.000624397 0.0597
5.975 6.93889e-18 -0.000624397 0.05975
5.98 1.04083e-17 -0.000624397 0.0598
5.985 1.04083e-17 -0.000624397 0.05985
5.99 3.46945e-18 -0.000624397 0.0599
5.995 3.46945e-18 -0.000624397 0.05995
6 6.93889e-18 -0.000624397 0.06
6.005 3.46945e-18 -0.000624397 0.06005
6.01 6.93889e-18 -0.000624397 0.0601
6.015 3.46945e-18 -0.000624397 0.06015
6.02 3.46945e-18 -0.000624397 0.0602
6.025 3.46945e-18 -0.000624397 0.06025
6.03 3.46945e-18 -0.000624397 0.0603
6.035 1.04083e-17 -0.000624397 0.06035
6.04 6.93889e-18 -0.000624397 0.0604
6.045 1.38778e-17 -0.000624397 0.06045
6.05 1.04083e-17 -0.000624397 0.0605
6.055 6.93889e-18 -0.000624397 0.06055
6.06 3.46945e-18 -0.000624397 0.0606
6.065 3.46945e-18 -0.000624397 0.06065
6.07 3.46945e-18 -0.000624397 0.0607
6.075 6.93889e-18 -0.000624397 0.06075
6.08 1.04083e-17 -0.000624397 0.0608
6.085 6.93889e-18 -0.000624397 0.06085
6.09 3.46945e-18 -0.000624397 0.0609
6.095 1.04083e-17 -0.000624397 0.06095
6.1 3.46945e-18 -0.000624397 0.061
6.105 3.46945e-18 -0.000624397 0.06105
6.11 6.93889e-18 -0.000624397 0.0611
6.115 3.46945e-18 -0.000624397 0.06115
6.12 3.46945e-18 -0.000624397 0.0612
6.125 1.04083e-17 -0.000624397 0.06125
6.13 6.93889e-18 -0.000624397 0.0613
6.135 1.04083e-17 -0.000624397 0.06135
6.14 1.04083e-17 -0.000624397 0.0614
6.145 3.46945e-18 -0.000624397 0.06145
6.15 3.46945e-18 -0.000624397 0.0615
6.155 3.46945e-18 -0.000624397 0.06155
6.16 3.46945e-18 -0.000624397 0.0616
6.165 1.04083e-17 -0.000624397 0.06165
6.17 1.04083e-17 -0.000624397 0.0617
6.175 3.46945e-18 -0.000624397 0.06175
6.18 3.46945e-18 -0.000624397 0.0618
6.185 1.38778e-17 -0.000624397 0.06185
6.19 1.38778e-17 -0.000624397 0.0619
6.195 1.04083e-17 -0.000624397 0.06195
6.2 3.46945e-18 -0.000624397 0.062
6.205 6.93889e-18 -0.000624397 0.06205
6.21 6.93889e-18 -0.000624397 0.0621
6.215 6.93889e-18 -0.000624397 0.06215
6.22 1.04083e-17 -0.000624397 0.0622
6.225 6.93889e-18 -0.000624397 0.06225
6.23 6.93889e-18 -0.000624397 0.0623
6.235 1.04083e-17 -0.000624397 0.06235
6.24 3.46945e-18 -0.000624397 0.0624
6.245 6.93889e-18 -0.000624397 0.06245
6.25 3.46945e-18 -0.000624397 0.0625
6.255 6.93889e-18 -0.000624397 0.06255
6.26 1.04083e-17 -0.000624397 0.0626
6.265 6.93889e-18 -0.000624397 0.06265
6.27 6.93889e-18 -0.000624397 0.0627
6.275 1.04083e-17 -0.000624397 0.06275
6.28 3.46945e-18 -0.000624397 0.0628
6.285 3.46945e-18 -0.000624397 0.06285
6.29 0 -0.000624397 0.0629
6.295 6.93889e-18 -0.000624397 0.06295
6.3 6.93889e-18 -0.000624397 0.063
6.305 6.93889e-18 -0.000624397 0.06305
6.31 0 -0.000624397 0.0631
6.315 1.38778e-17 -0.000624397 0.06315
6.32 6.93889e-18 -0.000624397 0.0632
6.325 6.93889e-18 -0.000624397 0.06325
6.33 1.38778e-17 -0.000624397 0.0633
6.335 0 -0.000624397 0.06335
6.34 0 -0.000624397 0.0634
6.345 6.93889e-18 -0.000624397 0.06345
6.35 0 -0.000624397 0.0635
6.355 0 -0.000624397 0.06355
6.36 6.93889e-18 -0.000624397 0.0636
6.365 6.93889e-18 -0.000624397 0.06365
6.37 1.38778e-17 -0.000624397 0.0637
6.375 6.93889e-18 -0.000624397 0.06375
6.38 6.93889e-18 -0.000624397 0.0638
6.385 6.93889e-18 -0.000624397 0.06385
6.39 6.93889e-18 -0.000624397 0.0639
6.395 6.93889e-18 -0.000624397 0.06395
6.4 6.93889e-18 -0.000624397 0.064
6.405 1.38778e-17 -0.000624397 0.06405
6.41 6.93889e-18 -0.000624397 0.0641
6.415 6.93889e-18 -0.000624397 0.06415
6.42 6.93889e-18 -0.000624397 0.0642
6.425 1.38778e-17 -0.000624397 0.06425
6.43 0 -0.000624397 0.0643
6.435 6.93889e-18 -0.000624397 0.06435
6.44 0 -0.000624397 0.0644
6.445 0 -0.000624397 0.06445
6.45 6.93889e-18 -0.000624397 0.0645
6.455 0 -0.000624397 0.06455
6.46 6.93889e-18 -0.000624397 0.0646
6.465 6.93889e-18 -0.000624397 0.06465
6.47 6.93889e-18 -0.000624397 0.0647
6.475 6.93889e-18 -0.000624397 0.06475
6.48 6.93889e-18 -0.000624397 0.0648
6.485 6.93889e-18 -0.000624397 0.06485
6.49 1.38778e-17 -0.000624397 0.0649
6.495 6.93889e-18 -0.000624397 0.06495
6.5 6.93889e-18 -0.000624397 0.065
6.505 0 -0.000624397 0.06505
6.51 0 -0.000624397 0.0651
6.515 1.38778e-17 -0.000624397 0.06515
6.52 0 -0.000624397 0.0652
6.525 6.93889e-18 -0.000624397 0.06525
6.53 6.93889e-18 -0.000624397 0.0653
6.535 6.93889e-18 -0.000624397 0.06535
6.54 1.38778e-17 -0.000624397 0.0654
6.545 6.93889e-18 -0.000624397 0.06545
6.55 1.38778e-17 -0.000624397 0.0655
6.555 6.93889e-18 -0.000624397 0.06555
6.56 6.93889e-18 -0.000624397 0.0656
6.565 6.93889e-18 -0.000624397 0.06565
6.57 6.93889e-18 -0.000624397 0.0657
6.575 6.93889e-18 -0.000624397 0.06575
6.58 1.38778e-17 -0.000624397 0.0658
6.585 6.93889e-18 -0.000624397 0.06585
6.59 0 -0.000624397 0.0659
6.595 1.38778e-17 -0.000624397 0.06595
6.6 6.93889e-18 -0.000624397 0.066
6.605 6.93889e-18 -0.000624397 0.06605
6.61 6.93889e-18 -0.000624397 0.0661
6.615 6.93889e-18 -0.000624397 0.06615
6.62 6.93889e-18 -0.000624397 0.0662
6.625 1.38778e-17 -0.000624397 0.06625
6.63 6.93889e-18 -0.000624397 0.0663
6.635 6.93889e-18 -0.000624397 0.06635
6.64 6.93889e-18 -0.000624397 0.0664
6.645 6.93889e-18 -0.000624397 0.06645
6.65 6.93889e-18 -0.000624397 0.0665
6.655 1.38778e-17 -0.000624397 0.06655
6.66 6.93889e-18 -0.000624397 0.0666
6.665 6.93889e-18 -0.000624397 0.06665
6.67 6.93889e-18 -0.000624397 0.0667
6.675 6.93889e-18 -0.000624397 0.06675
6.68 6.93889e-18 -0.000624397 0.0668
6.685 1.38778e-17 -0.000624397 0.06685
6.69 0 -0.000624397 0.0669
6.695 6.93889e-18 -0.000624397 0.06695
6.7 6.93889e-18 -0.000624397 0.067
6.705 1.38778e-17 -0.000624397 0.06705
6.71 6.93889e-18 -0.000624397 0.0671
6.715 6.93889e-18 -0.000624397 0.06715
6.72 6.93889e-18 -0.000624397 0.0672
6.725 6.93889e-18 -0.000624397 0.06725
6.73 6.93889e-18 -0.000624397 0.0673
6.735 0 -0.000624397 0.06735
6.74 6.93889e-18 -0.000624397 0.0674
6.745 6.93889e-18 -0.000624397 0.06745
6.75 0 -0.000624397 0.0675
6.755 1.38778e-17 -0.000624397 0.06755
6.76 1.38778e-17 -0.000624397 0.0676
6.765 6.93889e-18 -0.000624397 0.06765
6.77 6.93889e-18 -0.000624397 0.0677
6.775 1.38778e-17 -0.000624397 0.06775
6.78 6.93889e-18 -0.000624397 0.0678
6.785 6.93889e-18 -0.000624397 0.06785
6.79 6.93889e-18 -0.000624397 0.0679
6.795 6.93889e-18 -0.000624397 0.06795
6.8 6.93889e-18 -0.000624397 0.068
6.805 0 -0.000624397 0.06805
6.81 1.38778e-17 -0.000624397 0.0681
6.815 0 -0.000624397 0.06815
6.82 6.93889e-18 -0.000624397 0.0682
6.825 6.93889e-18 -0.000624397 0.06825
6.83 0 -0.000624397 0.0683
6.835 6.93889e-18 -0.000624397 0.06835
6.84 0 -0.000624397 0.0684
6.845 6.93889e-18 -0.000624397 0.06845
6.85 6.93889e-18 -0.000624397 0.0685
6.855 6.93889e-18 -0.000624397 0.06855
6.86 6.93889e-18 -0.000624397 0.0686
6.865 6.93889e-18 -0.000624397 0.06865
6.87 6.93889e-18 -0.000624397 0.0687
6.875 6.93889e-18 -0.000624397 0.06875
6.88 6.93889e-18 -0.000624397 0.0688
6.885 6.93889e-18 -0.000624397 0.06885
6.89 6.93889e-18 -0.000624397 0.0689
6.895 1.38778e-17 -0.000624397 0.06895
6.9 6.93889e-18 -0.000624397 0.069
6.905 6.93889e-18 -0.000624397 0.06905
6.91 1.38778e-17 -0.000624397 0.0691
6.915 6.93889e-18 -0.000624397 0.06915
6.92 6.93889e-18 -0.000624397 0.0692
6.925 6.93889e-18 -0.000624397 0.06925
6.93 6.93889e-18 -0.000624397 0.0693
6.935 6.93889e-18 -0.000624397 0.06935
6.94 6.93889e-18 -0.000624397 0.0694
6.945 0 -0.000624397 0.06945
6.95 1.38778e-17 -0.000624397 0.0695
6.955 6.93889e-18 -0.000624397 0.06955
6.96 6.93889e-18 -0.000624397 0.0696
6.965 1.38778e-17 -0.000624397 0.06965
6.97 0 -0.000624397 0.0697
6.975 6.93889e-18 -0.000624397 0.06975
6.98 0 -0.000624397 0.0698
6.985 6.93889e-18 -0.000624397 0.06985
6.99 1.38778e-17 -0.000624397 0.0699
6.995 0 -0.000624397 0.06995
7 6.93889e-18 -0.000624397 0.07
7.005 6.93889e-18 -0.000624397 0.07005
7.01 6.93889e-18 -0.000624397 0.0701
7.015 0 -0.000624397 0.07015
7.02 6.93889e-18 -0.000624397 0.0702
7.025 6.93889e-18 -0.000624397 0.07025
7.03 6.93889e-18 -0.000624397 0.0703
7.035 0 -0.000624397 0.07035
7.04 6.93889e-18 -0.000624397 0.0704
7.045 1.38778e-17 -0.000624397 0.07045
7.05 0 -0.000624397 0.0705
7.055 6.93889e-18 -0.000624397 0.07055
7.06 1.38778e-17 -0.000624397 0.0706
7.065 1.38778e-17 -0.000624397 0.07065
7.07 0 -0.000624397 0.0707
7.075 6.93889e-18 -0.000624397 0.07075
7.08 1.38778e-17 -0.000624397 0.0708
7.085 6.93889e-18 -0.000624397 0.07085
7.09 1.38778e-17 -0.000624397 0.0709
7.095 6.93889e-18 -0.000624397 0.07095
7.1 6.93889e-18 -0.000624397 0.071
7.105 0 -0.000624397 0.07105
7.11 0 -0.000624397 0.0711
7.115 1.38778e-17 -0.000624397 0.07115
7.12 0 -0.000624397 0.0712
7.125 6.93889e-18 -0.000624397 0.07125
7.13 6.93889e-18 -0.000624397 0.0713
7.135 1.38778e-17 -0.000624397 0.07135
7.14 0 -0.000624397 0.0714
7.145 6.93889e-18 -0.000624397 0.07145
7.15 6.93889e-18 -0.000624397 0.0715
7.155 1.38778e-17 -0.000624397 0.07155
7.16 6.93889e-18 -0.000624397 0.0716
7.165 1.38778e-17 -0.000624397 0.07165
7.17 6.93889e-18 -0.000624397 0.0717
7.175 6.93889e-18 -0.000624397 0.07175
7.18 6.93889e-18 -0.000624397 0.0718
7.185 6.93889e-18 -0.000624397 0.07185
7.19 0 -0.000624397 0.0719
7.195 6.93889e-18 -0.000624397 0.07195
7.2 1.38778e-17 -0.000624397 0.072
7.205 6.93889e-18 -0.000624397 0.07205
7.21 1.38778e-17 -0.000624397 0.0721
7.215 6.93889e-18 -0.000624397 0.07215
7.22 6.93889e-18 -0.000624397 0.0722
7.225 1.38778e-17 -0.000624397 0.07225
7.23 6.93889e-18 -0.000624397 0.0723
7.235 1.38778e-17 -0.000624397 0.07235
7.24 6.93889e-18 -0.000624397 0.0724
7.245 6.93889e-18 -0.000624397 0.07245
7.25 6.93889e-18 -0.000624397 0.0725
7.255 6.93889e-18 -0.000624397 0.07255
7.26 6.93889e-18 -0.000624397 0.0726
7.265 6.93889e-18 -0.000624397 0.07265
7.27 1.38778e-17 -0.000624397 0.0727
7.275 6.93889e-18 -0.000624397 0.07275
7.28 0 -0.000624397 0.0728
7.285 0 -0.000624397 0.07285
7.29 0 -0.000624397 0.0729
7.295 6.93889e-18 -0.000624397 0.07295
7.3 0 -0.000624397 0.073
7.305 1.38778e-17 -0.000624397 0.07305
7.31 1.38778e-17 -0.000624397 0.0731
7.315 6.93889e-18 -0.000624397 0.07315
7.32 6.93889e-18 -0.000624397 0.0732
7.325 1.38778e-17 -0.000624397 0.07325
7.33 6.93889e-18 -0.000624397 0.0733
7.335 0 -0.000624397 0.07335
7.34 6.93889e-18 -0.000624397 0.0734
7.345 6.93889e-18 -0.000624397 0.07345
7.35 6.93889e-18 -0.000624397 0.0735
7.355 0 -0.000624397 0.07355
7.36 6.93889e-18 -0.000624397 0.0736
7.365 6.93889e-18 -0.000624397 0.07365
7.37 0 -0.000624397 0.0737
7.375 6.93889e-18 -0.000624397 0.07375
7.38 6.93889e-18 -0.000624397 0.0738
7.385 6.93889e-18 -0.000624397 0.07385
7.39 6.93889e-18 -0.000624397 0.0739
7.395 0 -0.000624397 0.07395
7.4 6.93889e-18 -0.000624397 0.074
7.405 6.93889e-18 -0.000624397 0.07405
7.41 0 -0.000624397 0.0741
7.415 6.93889e-18 -0.000624397 0.07415
7.42 6.93889e-18 -0.000624397 0.0742
7.425 1.38778e-17 -0.000624397 0.07425
7.43 6.93889e-18 -0.000624397 0.0743
7.435 6.93889e-18 -0.000624397 0.07435
7.44 0 -0.000624397 0.0744
7.445 0 -0.000624397 0.07445
7.45 6.93889e-18 -0.000624397 0.0745
7.455 0 -0.000624397 0.07455
7.46 1.38778e-17 -0.000624397 0.0746
7.465 6.93889e-18 -0.000624397 0.07465
7.47 1.38778e-17 -0.000624397 0.0747
7.475 6.93889e-18 -0.000624397 0.07475
7.48 1.38778e-17 -0.000624397 0.0748
7.485 0 -0.000624397 0.07485
7.49 6.93889e-18 -0.000624397 0.0749
7.495 0 -0.000624397 0.07495
7.5 6.93889e-18 -0.000624397 0.075
7.505 0 -0.000624397 0.07505
7.51 0 -0.000624397 0.0751
7.515 0 -0.000624397 0.07515
7.52 6.93889e-18 -0.000624397 0.0752
7.525 0 -0.000624397 0.07525
7.53 0 -0.000624397 0.0753
7.535 6.93889e-18 -0.000624397 0.07535
7.54 6.93889e-18 -0.000624397 0.0754
7.545 6.93889e-18 -0.000624397 0.07545
7.55 6.93889e-18 -0.000624397 0.0755
7.555 6.93889e-18 -0.000624397 0.07555
7.56 1.38778e-17 -0.000624397 0.0756
7.565 1.38778e-17 -0.000624397 0.07565
7.57 6.93889e-18 -0.000624397 0.0757
7.575 6.93889e-18 -0.000624397 0.07575
7.58 6.93889e-18 -0.000624397 0.0758
7.585 6.93889e-18 -0.000624397 0.07585
7.59 6.93889e-18 -0.000624397 0.0759
7.595 0 -0.000624397 0.07595
7.6 6.93889e-18 -0.000624397 0.076
7.605 0 -0.000624397 0.07605
7.61 0 -0.000624397 0.0761
7.615 1.38778e-17 -0.000624397 0.07615
7.62 0 -0.000624397 0.0762
7.625 6.93889e-18 -0.000624397 0.07625
7.63 6.93889e-18 -0.000624397 0.0763
7.635 0 -0.000624397 0.07635
7.64 6.93889e-18 -0.000624397 0.0764
7.645 6.93889e-18 -0.000624397 0.07645
7.65 0 -0.000624397 0.0765
7.655 0 -0.000624397 0.07655
7.66 6.93889e-18 -0.000624397 0.0766
7.665 0 -0.000624397 0.07665
7.67 6.93889e-18 -0.000624397 0.0767
7.675 0 -0.000624397 0.07675
7.68 1.38778e-17 -0.000624397 0.0768
7.685 0 -0.000624397 0.07685
7.69 0 -0.000624397 0.0769
7.695 6.93889e-18 -0.000624397 0.07695
7.7 1.38778e-17 -0.000624397 0.077
7.705 6.93889e-18 -0.000624397 0.07705
7.71 6.93889e-18 -0.000624397 0.0771
7.715 6.93889e-18 -0.000624397 0.07715
7.72 1.38778e-17 -0.000624397 0.0772
7.725 6.93889e-18 -0.000624397 0.07725
7.73 6.93889e-18 -0.000624397 0.0773
7.735 0 -0.000624397 0.07735
7.74 0 -0.000624397 0.0774
7.745 6.93889e-18 -0.000624397 0.07745
7.75 1.38778e-17 -0.000624397 0.0775
7.755 6.93889e-18 -0.000624397 0.07755
7.76 6.93889e-18 -0.000624397 0.0776
7.765 6.93889e-18 -0.000624397 0.07765
7.77 1.38778e-17 -0.000624397 0.0777
7.775 6.93889e-18 -0.000624397 0.07775
7.78 0 -0.000624397 0.0778
7.785 6.93889e-18 -0.000624397 0.07785
7.79 1.38778e-17 -0.000624397 0.0779
7.795 6.93889e-18 -0.000624397 0.07795
7.8 6.93889e-18 -0.000624397 0.078
7.805 6.93889e-18 -0.000624397 0.07805
7.81 6.93889e-18 -0.000624397 0.0781
7.815 6.93889e-18 -0.000624397 0.07815
7.82 6.93889e-18 -0.000624397 0.0782
7.825 6.93889e-18 -0.000624397 0.07825
7.83 6.93889e-18 -0.000624397 0.0783
7.835 0 -0.000624397 0.07835
7.84 6.93889e-18 -0.000624397 0.0784
7.845 6.93889e-18 -0.000624397 0.07845
7.85 6.93889e-18 -0.000624397 0.0785
7.855 0 -0.000624397 0.07855
7.86 6.93889e-18 -0.000624397 0.0786
7.865 0 -0.000624397 0.07865
7.87 1.38778e-17 -0.000624397 0.0787
7.875 6.93889e-18 -0.000624397 0.07875
7.88 6.93889e-18 -0.000624397 0.0788
7.885 0 -0.000624397 0.07885
7.89 6.93889e-18 -0.000624397 0.0789
7.895 2.08167e-17 -0.000624397 0.07895
7.9 0 -0.000624397 0.079
7.905 0 -0.000624397 0.07905
7.91 6.93889e-18 -0.000624397 0.0791
7.915 6.93889e-18 -0.000624397 0.07915
7.92 1.38778e-17 -0.000624397 0.0792
7.925 6.93889e-18 -0.000624397 0.07925
7.93 6.93889e-18 -0.000624397 0.0793
7.935 0 -0.000624397 0.07935
7.94 1.38778e-17 -0.000624397 0.0794
7.945 6.93889e-18 -0.000624397 0.07945
7.95 6.93889e-18 -0.000624397 0.0795
7.955 6.93889e-18 -0.000624397 0.07955
7.96 0 -0.000624397 0.0796
7.965 6.93889e-18 -0.000624397 0.07965
7.97 6.93889e-18 -0.000624397 0.0797
7.975 1.38778e-17 -0.000624397 0.07975
7.98 6.93889e-18 -0.000624397 0.0798
7.985 1.38778e-17 -0.000624397 0.07985
7.99 0 -0.000624397 0.0799
7.995 6.93889e-18 -0.000624397 0.07995
8 2.08167e-17 -0.000624397 0.08
8.005 6.93889e-18 -0.000624397 0.08005
8.01 0 -0.000624397 0.0801
8.015 1.38778e-17 -0.000624397 0.08015
8.02 6.93889e-18 -0.000624397 0.0802
8.025 0 -0.000624397 0.08025
8.03 6.93889e-18 -0.000624397 0.0803
8.035 6.93889e-18 -0.000624397 0.08035
8.04 6.93889e-18 -0.000624397 0.0804
8.045 0 -0.000624397 0.08045
8.05 6.93889e-18 -0.000624397 0.0805
8.055 6.93889e-18 -0.000624397 0.08055
8.06 0 -0.000624397 0.0806
8.065 6.93889e-18 -0.000624397 0.08065
8.07 6.93889e-18 -0.000624397 0.0807
8.075 0 -0.000624397 0.08075
8.08 6.93889e-18 -0.000624397 0.0808
8.085 1.38778e-17 -0.000624397 0.08085
8.09 6.93889e-18 -0.000624397 0.0809
8.095 6.93889e-18 -0.000624397 0.08095
8.1 6.93889e-18 -0.000624397 0.081
8.105 1.38778e-17 -0.000624397 0.08105
8.11 6.93889e-18 -0.000624397 0.0811
8.115 0 -0.000624397 0.08115
8.12 1.38778e-17 -0.000624397 0.0812
8.125 1.38778e-17 -0.000624397 0.08125
8.13 1.38778e-17 -0.000624397 0.0813
8.135 0 -0.000624397 0.08135
8.14 6.93889e-18 -0.000624397 0.0814
8.145 6.93889e-18 -0.000624397 0.08145
8.15 6.93889e-18 -0.000624397 0.0815
8.155 0 -0.000624397 0.08155
8.16 1.38778e-17 -0.000624397 0.0816
8.165 6.93889e-18 -0.000624397 0.08165
8.17 1.38778e-17 -0.000624397 0.0817
8.175 6.93889e-18 -0.000624397 0.08175
8.18 0 -0.000624397 0.0818
8.185 6.93889e-18 -0.000624397 0.08185
8.19 6.93889e-18 -0.000624397 0.0819
8.195 6.93889e-18 -0.000624397 0.08195
8.2 1.38778e-17 -0.000624397 0.082
8.205 6.93889e-18 -0.000624397 0.08205
8.21 6.93889e-18 -0.000624397 0.0821
8.215 1.38778e-17 -0.000624397 0.08215
8.22 1.38778e-17 -0.000624397 0.0822
8.225 1.38778e-17 -0.000624397 0.08225
8.23 0 -0.000624397 0.0823
8.235 6.93889e-18 -0.000624397 0.08235
8.24 0 -0.000624397 0.0824
8.245 6.93889e-18 -0.000624397 0.08245
8.25 6.93889e-18 -0.000624397 0.0825
8.255 6.93889e-18 -0.000624397 0.08255
8.26 6.93889e-18 -0.000624397 0.0826
8.265 6.93889e-18 -0.000624397 0.08265
8.27 6.93889e-18 -0.000624397 0.0827
8.275 6.93889e-18 -0.000624397 0.08275
8.28 1.38778e-17 -0.000624397 0.0828
8.285 0 -0.000624397 0.08285
8.29 6.93889e-18 -0.000624397 0.0829
8.295 6.93889e-18 -0.000624397 0.08295
8.3 6.93889e-18 -0.000624397 0.083
8.305 6.93889e-18 -0.000624397 0.08305
8.31 6.93889e-18 -0.000624397 0.0831
8.315 0 -0.000624397 0.08315
8.32 6.93889e-18 -0.000624397 0.0832
8.325 0 -0.000624397 0.08325
8.33 6.93889e-18 -0.000624397 0.0833
8.335 0 -0.000624397 0.08335
8.34 6.93889e-18 -0.000624397 0.0834
8.345 1.38778e-17 -0.000624397 0.08345
8.35 1.38778e-17 -0.000624397 0.0835
8.355 6.93889e-18 -0.000624397 0.08355
8.36 6.93889e-18 -0.000624397 0.0836
8.365 0 -0.000624397 0.08365
8.37 0 -0.000624397 0.0837
8.375 6.93889e-18 -0.000624397 0.08375
8.38 6.93889e-18 -0.000624397 0.0838
8.385 0 -0.000624397 0.08385
8.39 6.93889e-18 -0.000624397 0.0839
8.395 6.93889e-18 -0.000624397 0.08395
8.4 1.38778e-17 -0.000624397 0.084
8.405 6.93889e-18 -0.000624397 0.08405
8.41 1.38778e-17 -0.000624397 0.0841
8.415 0 -0.000624397 0.08415
8.42 0 -0.000624397 0.0842
8.425 6.93889e-18 -0.000624397 0.08425
8.43 1.38778e-17 -0.000624397 0.0843
8.435 6.93889e-18 -0.000624397 0.08435
8.44 6.93889e-18 -0.000624397 0.0844
8.445 1.38778e-17 -0.000624397 0.08445
8.45 0 -0.000624397 0.0845
8.455 0 -0.000624397 0.08455
8.46 0 -0.000624397 0.0846
8.465 1.38778e-17 -0.000624397 0.08465
8.47 6.93889e-18 -0.000624397 0.0847
8.475 6.93889e-18 -0.000624397 0.08475
8.48 6.93889e-18 -0.000624397 0.0848
8.485 6.93889e-18 -0.000624397 0.08485
8.49 6.93889e-18 -0.000624397 0.0849
8.495 0 -0.000624397 0.08495
8.5 6.93889e-18 -0.000624397 0.085
8.505 6.93889e-18 -0.000624397 0.08505
8.51 6.93889e-18 -0.000624397 0.0851
8.515 0 -0.000624397 0.08515
8.52 1.38778e-17 -0.000624397 0.0852
8.525 6.93889e-18 -0.000624397 0.08525
8.53 6.93889e-18 -0.000624397 0.0853
8.535 2.08167e-17 -0.000624397 0.08535
8.54 0 -0.000624397 0.0854
8.545 0 -0.000624397 0.08545
8.55 0 -0.000624397 0.0855
8.555 6.93889e-18 -0.000624397 0.08555
8.56 6.93889e-18 -0.000624397 0.0856
8.565 1.38778e-17 -0.000624397 0.08565
8.57 1.38778e-17 -0.000624397 0.0857
8.575 6.93889e-18 -0.000624397 0.08575
8.58 0 -0.000624397 0.0858
8.585 0 -0.000624397 0.08585
8.59 1.38778e-17 -0.000624397 0.0859
8.595 2.08167e-17 -0.000624397 0.08595
8.6 6.93889e-18 -0.000624397 0.086
8.605 0 -0.000624397 0.08605
8.61 1.38778e-17 -0.000624397 0.0861
8.615 6.93889e-18 -0.000624397 0.08615
8.62 0 -0.000624397 0.0862
8.625 6.93889e-18 -0.000624397 0.08625
8.63 6.93889e-18 -0.000624397 0.0863
8.635 6.93889e-18 -0.000624397 0.08635
8.64 6.93889e-18 -0.000624397 0.0864
8.645 0 -0.000624397 0.08645
8.65 0 -0.000624397 0.0865
8.655 6.93889e-18 -0.000624397 0.08655
8.66 6.93889e-18 -0.000624397 0.0866
8.665 0 -0.000624397 0.08665
8.67 6.93889e-18 -0.000624397 0.0867
8.675 0 -0.000624397 0.08675
8.68 1.38778e-17 -0.000624397 0.0868
8.685 6.93889e-18 -0.000624397 0.08685
8.69 6.93889e-18 -0.000624397 0.0869
8.695 1.38778e-17 -0.000624397 0.08695
8.7 6.93889e-18 -0.000624397 0.087
8.705 6.93889e-18 -0.000624397 0.08705
8.71 1.38778e-17 -0.000624397 0.0871
8.715 0 -0.000624397 0.08715
8.72 1.38778e-17 -0.000624397 0.0872
8.725 0 -0.000624397 0.08725
8.73 0 -0.000624397 0.0873
8.735 6.93889e-18 -0.000624397 0.08735
8.74 6.93889e-18 -0.000624397 0.0874
8.745 0 -0.000624397 0.08745
8.75 6.93889e-18 -0.000624397 0.0875
8.755 6.93889e-18 -0.000624397 0.08755
8.76 1.38778e-17 -0.000624397 0.0876
8.765 0 -0.000624397 0.08765
8.77 6.93889e-18 -0.000624397 0.0877
8.775 0 -0.000624397 0.08775
8.78 0 -0.000624397 0.0878
8.785 6.93889e-18 -0.000624397 0.08785
8.79 0 -0.000624397 0.0879
8.795 0 -0.000624397 0.08795
8.8 6.93889e-18 -0.000624397 0.088
8.805 6.93889e-18 -0.000624397 0.08805
8.81 0 -0.000624397 0.0881
8.815 6.93889e-18 -0.000624397 0.08815
8.82 0 -0.000624397 0.0882
8.825 1.38778e-17 -0.000624397 0.08825
8.83 0 -0.000624397 0.0883
8.835 6.93889e-18 -0.000624397 0.08835
8.84 6.93889e-18 -0.000624397 0.0884
8.845 6.93889e-18 -0.000624397 0.08845
8.85 1.38778e-17 -0.000624397 0.0885
8.855 6.93889e-18 -0.000624397 0.08855
8.86 0 -0.000624397 0.0886
8.865 1.38778e-17 -0.000624397 0.08865
8.87 1.38778e-17 -0.000624397 0.0887
8.875 6.93889e-18 -0.000624397 0.08875
8.88 0 -0.000624397 0.0888
8.885 6.93889e-18 -0.000624397 0.08885
8.89 6.93889e-18 -0.000624397 0.0889
8.895 6.93889e-18 -0.000624397 0.08895
8.9 1.38778e-17 -0.000624397 0.089
8.905 0 -0.000624397 0.08905
8.91 6.93889e-18 -0.000624397 0.0891
8.915 0 -0.000624397 0.08915
8.92 0 -0.000624397 0.0892
8.925 6.93889e-18 -0.000624397 0.08925
8.93 0 -0.000624397 0.0893
8.935 0 -0.000624397 0.08935
8.94 0 -0.000624397 0.0894
8.945 6.93889e-18 -0.000624397 0.08945
8.95 2.08167e-17 -0.000624397 0.0895
8.955 6.93889e-18 -0.000624397 0.08955
8.96 1.38778e-17 -0.000624397 0.0896
8.965 1.38778e-17 -0.000624397 0.08965
8.97 6.93889e-18 -0.000624397 0.0897
8.975 1.38778e-17 -0.000624397 0.08975
8.98 1.38778e-17 -0.000624397 0.0898
8.985 0 -0.000624397 0.08985
8.99 6.93889e-18 -0.000624397 0.0899
8.995 6.93889e-18 -0.000624397 0.08995
9 1.38778e-17 -0.000624397 0.09
9.005 6.93889e-18 -0.000624397 0.09005
9.01 0 -0.000624397 0.0901
9.015 6.93889e-18 -0.000624397 0.09015
9.02 6.93889e-18 -0.000624397 0.0902
9.025 6.93889e-18 -0.000624397 0.09025
9.03 6.93889e-18 -0.000624397 0.0903
9.035 6.93889e-18 -0.000624397 0.09035
9.04 0 -0.000624397 0.0904
9.045 0 -0.000624397 0.09045
9.05 6.93889e-18 -0.000624397 0.0905
9.055 6.93889e-18 -0.000624397 0.09055
9.06 0 -0.000624397 0.0906
9.065 0 -0.000624397 0.09065
9.07 0 -0.000624397 0.0907
9.075 0 -0.000624397 0.09075
9.08 6.93889e-18 -0.000624397 0.0908
9.085 6.93889e-18 -0.000624397 0.09085
9.09 6.93889e-18 -0.000624397 0.0909
9.095 6.93889e-18 -0.000624397 0.09095
9.1 6.93889e-18 -0.000624397 0.091
9.105 6.93889e-18 -0.000624397 0.09105
9.11 6.93889e-18 -0.000624397 0.0911
9.115 1.38778e-17 -0.000624397 0.09115
9.12 1.38778e-17 -0.000624397 0.0912
9.125 6.93889e-18 -0.000624397 0.09125
9.13 6.93889e-18 -0.000624397 0.0913
9.135 0 -0.000624397 0.09135
9.14 0 -0.000624397 0.0914
9.145 6.93889e-18 -0.000624397 0.09145
9.15 0 -0.000624397 0.0915
9.155 6.93889e-18 -0.000624397 0.09155
9.16 0 -0.000624397 0.0916
9.165 1.38778e-17 -0.000624397 0.09165
9.17 0 -0.000624397 0.0917
9.175 6.93889e-18 -0.000624397 0.09175
9.18 6.93889e-18 -0.000624397 0.0918
9.185 1.38778e-17 -0.000624397 0.09185
9.19 0 -0.000624397 0.0919
9.195 6.93889e-18 -0.000624397 0.09195
9.2 0 -0.000624397 0.092
9.205 6.93889e-18 -0.000624397 0.09205
9.21 2.08167e-17 -0.000624397 0.0921
9.215 0 -0.000624397 0.09215
9.22 6.93889e-18 -0.000624397 0.0922
9.225 6.93889e-18 -0.000624397 0.09225
9.23 6.93889e-18 -0.000624397 0.0923
9.235 0 -0.000624397 0.09235
9.24 6.93889e-18 -0.000624397 0.0924
9.245 0 -0.000624397 0.09245
9.25 0 -0.000624397 0.0925
9.255 6.93889e-18 -0.000624397 0.09255
9.26 1.38778e-17 -0.000624397 0.0926
9.265 1.38778e-17 -0.000624397 0.09265
9.27 0 -0.000624397 0.0927
9.275 0 -0.000624397 0.09275
9.28 1.38778e-17 -0.000624397 0.0928
9.285 1.38778e-17 -0.000624397 0.09285
9.29 6.93889e-18 -0.000624397 0.0929
9.295 0 -0.000624397 0.09295
9.3 1.38778e-17 -0.000624397 0.093
9.305 2.08167e-17 -0.000624397 0.09305
9.31 2.08167e-17 -0.000624397 0.0931
9.315 0 -0.000624397 0.09315
9.32 6.93889e-18 -0.000624397 0.0932
9.325 0 -0.000624397 0.09325
9.33 6.93889e-18 -0.000624397 0.0933
9.335 6.93889e-18 -0.000624397 0.09335
9.34 6.93889e-18 -0.000624397 0.0934
9.345 6.93889e-18 -0.000624397 0.09345
9.35 1.38778e-17 -0.000624397 0.0935
9.355 6.93889e-18 -0.000624397 0.09355
9.36 6.93889e-18 -0.000624397 0.0936
9.365 6.93889e-18 -0.000624397 0.09365
9.37 1.38778e-17 -0.000624397 0.0937
9.375 2.08167e-17 -0.000624397 0.09375
9.38 0 -0.000624397 0.0938
9.385 6.93889e-18 -0.000624397 0.09385
9.39 6.93889e-18 -0.000624397 0.0939
9.395 6.93889e-18 -0.000624397 0.09395
9.4 6.93889e-18 -0.000624397 0.094
9.405 6.93889e-18 -0.000624397 0.09405
9.41 6.93889e-18 -0.000624397 0.0941
9.415 1.38778e-17 -0.000624397 0.09415
9.42 0 -0.000624397 0.0942
9.425 1.38778e-17 -0.000624397 0.09425
9.43 6.93889e-18 -0.000624397 0.0943
9.435 0 -0.000624397 0.09435
9.44 6.93889e-18 -0.000624397 0.0944
9.445 0 -0.000624397 0.09445
9.45 1.38778e-17 -0.000624397 0.0945
9.455 6.93889e-18 -0.000624397 0.09455
9.46 6.93889e-18 -0.000624397 0.0946
9.465 0 -0.000624397 0.09465
9.47 6.93889e-18 -0.000624397 0.0947
9.475 0 -0.000624397 0.09475
9.48 6.93889e-18 -0.000624397 0.0948
9.485 1.38778e-17 -0.000624397 0.09485
9.49 1.38778e-17 -0.000624397 0.0949
9.495 6.93889e-18 -0.000624397 0.09495
9.5 0 -0.000624397 0.095
9.505 1.38778e-17 -0.000624397 0.09505
9.51 6.93889e-18 -0.000624397 0.0951
9.515 1.38778e-17 -0.000624397 0.09515
9.52 1.38778e-17 -0.000624397 0.0952
9.525 0 -0.000624397 0.09525
9.53 0 -0.000624397 0.0953
9.535 6.93889e-18 -0.000624397 0.09535
9.54 0 -0.000624397 0.0954
9.545 6.93889e-18 -0.000624397 0.09545
9.55 6.93889e-18 -0.000624397 0.0955
9.555 6.93889e-18 -0.000624397 0.09555
9.56 6.93889e-18 -0.000624397 0.0956
9.565 1.38778e-17 -0.000624397 0.09565
9.57 1.38778e-17 -0.000624397 0.0957
9.575 0 -0.000624397 0.09575
9.58 6.93889e-18 -0.000624397 0.0958
9.585 6.93889e-18 -0.000624397 0.09585
9.59 6.93889e-18 -0.000624397 0.0959
9.595 0 -0.000624397 0.09595
9.6 6.93889e-18 -0.000624397 0.096
9.605 6.93889e-18 -0.000624397 0.09605
9.61 6.93889e-18 -0.000624397 0.0961
9.615 1.38778e-17 -0.000624397 0.09615
9.62 1.38778e-17 -0.000624397 0.0962
9.625 6.93889e-18 -0.000624397 0.09625
9.63 6.93889e-18 -0.000624397 0.0963
9.635 6.93889e-18 -0.000624397 0.09635
9.64 0 -0.000624397 0.0964
9.645 6.93889e-18 -0.000624397 0.09645
9.65 6.93889e-18 -0.000624397 0.0965
9.655 1.38778e-17 -0.000624397 0.09655
9.66 0 -0.000624397 0.0966
9.665 6.93889e-18 -0.000624397 0.09665
9.67 1.38778e-17 -0.000624397 0.0967
9.675 6.93889e-18 -0.000624397 0.09675
9.68 0 -0.000624397 0.0968
9.685 6.93889e-18 -0.000624397 0.09685
9.69 6.93889e-18 -0.000624397 0.0969
9.695 6.93889e-18 -0.000624397 0.09695
9.7 1.38778e-17 -0.000624397 0.097
9.705 0 -0.000624397 0.09705
9.71 6.93889e-18 -0.000624397 0.0971
9.715 6.93889e-18 -0.000624397 0.09715
9.72 6.93889e-18 -0.000624397 0.0972
9.725 1.38778e-17 -0.000624397 0.09725
9.73 1.38778e-17 -0.000624397 0.0973
9.735 6.93889e-18 -0.000624397 0.09735
9.74 1.38778e-17 -0.000624397 0.0974
9.745 6.93889e-18 -0.000624397 0.09745
9.75 1.38778e-17 -0.000624397 0.0975
9.755 1.38778e-17 -0.000624397 0.09755
9.76 6.93889e-18 -0.000624397 0.0976
9.765 6.93889e-18 -0.000624397 0.09765
9.77 6.93889e-18 -0.000624397 0.0977
9.775 6.93889e-18 -0.000624397 0.09775
9.78 1.38778e-17 -0.000624397 0.0978
9.785 6.93889e-18 -0.000624397 0.09785
9.79 6.93889e-18 -0.000624397 0.0979
9.795 0 -0.000624397 0.09795
9.8 0 -0.000624397 0.098
9.805 6.93889e-18 -0.000624397 0.09805
9.81 1.38778e-17 -0.000624397 0.0981
9.815 6.93889e-18 -0.000624397 0.09815
9.82 1.38778e-17 -0.000624397 0.0982
9.825 2.08167e-17 -0.000624397 0.09825
9.83 6.93889e-18 -0.000624397 0.0983
9.835 0 -0.000624397 0.09835
9.84 6.93889e-18 -0.000624397 0.0984
9.845 1.38778e-17 -0.000624397 0.09845
9.85 6.93889e-18 -0.000624397 0.0985
9.855 0 -0.000624397 0.09855
9.86 6.93889e-18 -0.000624397 0.0986
9.865 1.38778e-17 -0.000624397 0.09865
9.87 2.08167e-17 -0.000624397 0.0987
9.875 6.93889e-18 -0.000624397 0.09875
9.88 1.38778e-17 -0.000624397 0.0988
9.885 6.93889e-18 -0.000624397 0.09885
9.89 1.38778e-17 -0.000624397 0.0989
9.895 6.93889e-18 -0.000624397 0.09895
9.9 6.93889e-18 -0.000624397 0.099
9.905 6.93889e-18 -0.000624397 0.09905
9.91 1.38778e-17 -0.000624397 0.0991
9.915 2.08167e-17 -0.000624397 0.09915
9.92 6.93889e-18 -0.000624397 0.0992
9.925 6.93889e-18 -0.000624397 0.09925
9.93 1.38778e-17 -0.000624397 0.0993
9.935 0 -0.000624397 0.09935
9.94 1.38778e-17 -0.000624397 0.0994
9.945 0 -0.000624397 0.09945
9.95 0 -0.000624397 0.0995
9.955 6.93889e-18 -0.000624397 0.09955
9.96 6.93889e-18 -0.000624397 0.0996
9.965 6.93889e-18 -0.000624397 0.09965
9.97 6.93889e-18 -0.000624397 0.0997
9.975 0 -0.000624397 0.09975
9.98 0 -0.000624397 0.0998
9.985 1.38778e-17 -0.000624397 0.09985
9.99 6.93889e-18 -0.000624397 0.0999
9.995 6.93889e-18 -0.000624397 0.09995
10 6.93889e-18 -0.000624397 0.1
10.005 0 -0.000624397 0.10005
10.01 6.93889e-18 -0.000624397 0.1001
10.015 0 -0.000624397 0.10015
10.02 6.93889e-18 -0.000624397 0.1002
10.025 6.93889e-18 -0.000624397 0.10025
10.03 1.38778e-17 -0.000624397 0.1003
10.035 0 -0.000624397 0.10035
10.04 6.93889e-18 -0.000624397 0.1004
10.045 2.08167e-17 -0.000624397 0.10045
10.05 0 -0.000624397 0.1005
10.055 6.93889e-18 -0.000624397 0.10055
10.06 6.93889e-18 -0.000624397 0.1006
10.065 6.93889e-18 -0.000624397 0.10065
10.07 1.38778e-17 -0.000624397 0.1007
10.075 0 -0.000624397 0.10075
10.08 6.93889e-18 -0.000624397 0.1008
10.085 1.38778e-17 -0.000624397 0.10085
10.09 0 -0.000624397 0.1009
10.095 0 -0.000624397 0.10095
10.1 6.93889e-18 -0.000624397 0.101
10.105 6.93889e-18 -0.000624397 0.10105
10.11 1.38778e-17 -0.000624397 0.1011
10.115 6.93889e-18 -0.000624397 0.10115
10.12 6.93889e-18 -0.000624397 0.1012
10.125 6.93889e-18 -0.000624397 0.10125
10.13 0 -0.000624397 0.1013
10.135 6.93889e-18 -0.000624397 0.10135
10.14 0 -0.000624397 0.1014
10.145 6.93889e-18 -0.000624397 0.10145
10.15 0 -0.000624397 0.1015
10.155 6.93889e-18 -0.000624397 0.10155
10.16 0 -0.000624397 0.1016
10.165 1.38778e-17 -0.000624397 0.10165
10.17 6.93889e-18 -0.000624397 0.1017
10.175 2.08167e-17 -0.000624397 0.10175
10.18 0 -0.000624397 0.1018
10.185 6.93889e-18 -0.000624397 0.10185
10.19 6.93889e-18 -0.000624397 0.1019
10.195 0 -0.000624397 0.10195
10.2 6.93889e-18 -0.000624397 0.102
10.205 0 -0.000624397 0.10205
10.21 6.93889e-18 -0.000624397 0.1021
10.215 6.93889e-18 -0.000624397 0.10215
10.22 0 -0.000624397 0.1022
10.225 6.93889e-18 -0.000624397 0.10225
10.23 6.93889e-18 -0.000624397 0.1023
10.235 0 -0.000624397 0.10235
10.24 6.93889e-18 -0.000624397 0.1024
10.245 2.08167e-17 -0.000624397 0.10245
10.25 0 -0.000624397 0.1025
10.255 6.93889e-18 -0.000624397 0.10255
10.26 0 -0.000624397 0.1026
10.265 1.38778e-17 -0.000624397 0.10265
10.27 1.38778e-17 -0.000624397 0.1027
10.275 0 -0.000624397 0.10275
10.28 1.38778e-17 -0.000624397 0.1028
10.285 0 -0.000624397 0.10285
10.29 0 -0.000624397 0.1029
10.295 6.93889e-18 -0.000624397 0.10295
10.3 0 -0.000624397 0.103
10.305 6.93889e-18 -0.000624397 0.10305
10.31 6.93889e-18 -0.000624397 0.1031
10.315 0 -0.000624397 0.10315
10.32 6.93889e-18 -0.000624397 0.1032
10.325 2.08167e-17 -0.000624397 0.10325
10.33 0 -0.000624397 0.1033
10.335 6.93889e-18 -0.000624397 0.10335
10.34 6.93889e-18 -0.000624397 0.1034
10.345 6.93889e-18 -0.000624397 0.10345
10.35 6.93889e-18 -0.000624397 0.1035
10.355 1.38778e-17 -0.000624397 0.10355
10.36 1.38778e-17 -0.000624397 0.1036
10.365 1.38778e-17 -0.000624397 0.10365
10.37 6.93889e-18 -0.000624397 0.1037
10.375 0 -0.000624397 0.10375
10.38 1.38778e-17 -0.000624397 0.1038
10.385 0 -0.000624397 0.10385
10.39 6.93889e-18 -0.000624397 0.1039
10.395 6.93889e-18 -0.000624397 0.10395
10.4 0 -0.000624397 0.104
10.405 6.93889e-18 -0.000624397 0.10405
10.41 1.38778e-17 -0.000624397 0.1041
10.415 1.38778e-17 -0.000624397 0.10415
10.42 6.93889e-18 -0.000624397 0.1042
10.425 6.93889e-18 -0.000624397 0.10425
10.43 0 -0.000624397 0.1043
10.435 1.38778e-17 -0.000624397 0.10435
10.44 0 -0.000624397 0.1044
10.445 6.93889e-18 -0.000624397 0.10445
10.45 1.38778e-17 -0.000624397 0.1045
10.455 6.93889e-18 -0.000624397 0.10455
10.46 6.93889e-18 -0.000624397 0.1046
10.465 0 -0.000624397 0.10465
10.47 1.38778e-17 -0.000624397 0.1047
10.475 1.38778e-17 -0.000624397 0.10475
10.48 0 -0.000624397 0.1048
10.485 6.93889e-18 -0.000624397 0.10485
10.49 6.93889e-18 -0.000624397 0.1049
10.495 6.93889e-18 -0.000624397 0.10495
10.5 0 -0.000624397 0.105
10.505 6.93889e-18 -0.000624397 0.10505
10.51 1.38778e-17 -0.000624397 0.1051
10.515 0 -0.000624397 0.10515
10.52 0 -0.000624397 0.1052
10.525 0 -0.000624397 0.10525
10.53 1.38778e-17 -0.000624397 0.1053
10.535 6.93889e-18 -0.000624397 0.10535
10.54 0 -0.000624397 0.1054
10.545 6.93889e-18 -0.000624397 0.10545
10.55 6.93889e-18 -0.000624397 0.1055
10.555 0 -0.000624397 0.10555
10.56 6.93889e-18 -0.000624397 0.1056
10.565 6.93889e-18 -0.000624397 0.10565
10.57 6.93889e-18 -0.000624397 0.1057
10.575 6.93889e-18 -0.000624397 0.10575
10.58 0 -0.000624397 0.1058
10.585 0 -0.000624397 0.10585
10.59 6.93889e-18 -0.000624397 0.1059
10.595 1.38778e-17 -0.000624397 0.10595
10.6 2.08167e-17 -0.000624397 0.106
10.605 6.93889e-18 -0.000624397 0.10605
10.61 0 -0.000624397 0.1061
10.615 6.93889e-18 -0.000624397 0.10615
10.62 6.93889e-18 -0.000624397 0.1062
10.625 2.08167e-17 -0.000624397 0.10625
10.63 6.93889e-18 -0.000624397 0.1063
10.635 6.93889e-18 -0.000624397 0.10635
10.64 0 -0.000624397 0.1064
10.645 0 -0.000624397 0.10645
10.65 1.38778e-17 -0.000624397 0.1065
10.655 0 -0.000624397 0.10655
10.66 0 -0.000624397 0.1066
10.665 6.93889e-18 -0.000624397 0.10665
10.67 6.93889e-18 -0.000624397 0.1067
10.675 1.38778e-17 -0.000624397 0.10675
10.68 0 -0.000624397 0.1068
10.685 6.93889e-18 -0.000624397 0.10685
10.69 6.93889e-18 -0.000624397 0.1069
10.695 0 -0.000624397 0.10695
10.7 1.38778e-17 -0.000624397 0.107
10.705 0 -0.000624397 0.10705
10.71 6.93889e-18 -0.000624397 0.1071
10.715 2.08167e-17 -0.000624397 0.10715
10.72 6.93889e-18 -0.000624397 0.1072
10.725 6.93889e-18 -0.000624397 0.10725
10.73 0 -0.000624397 0.1073
10.735 6.93889e-18 -0.000624397 0.10735
10.74 6.93889e-18 -0.000624397 0.1074
10.745 0 -0.000624397 0.10745
10.75 6.93889e-18 -0.000624397 0.1075
10.755 2.08167e-17 -0.000624397 0.10755
10.76 6.93889e-18 -0.000624397 0.1076
10.765 0 -0.000624397 0.10765
10.77 6.93889e-18 -0.000624397 0.1077
10.775 0 -0.000624397 0.10775
10.78 6.93889e-18 -0.000624397 0.1078
10.785 6.93889e-18 -0.000624397 0.10785
10.79 6.93889e-18 -0.000624397 0.1079
10.795 6.93889e-18 -0.000624397 0.10795
10.8 0 -0.000624397 0.108
10.805 6.93889e-18 -0.000624397 0.10805
10.81 0 -0.000624397 0.1081
10.815 0 -0.000624397 0.10815
10.82 6.93889e-18 -0.000624397 0.1082
10.825 1.38778e-17 -0.000624397 0.10825
10.83 1.38778e-17 -0.000624397 0.1083
10.835 6.93889e-18 -0.000624397 0.10835
10.84 0 -0.000624397 0.1084
10.845 1.38778e-17 -0.000624397 0.10845
10.85 1.38778e-17 -0.000624397 0.1085
10.855 6.93889e-18 -0.000624397 0.10855
10.86 2.08167e-17 -0.000624397 0.1086
10.865 6.93889e-18 -0.000624397 0.10865
10.87 0 -0.000624397 0.1087
10.875 6.93889e-18 -0.000624397 0.10875
10.88 0 -0.000624397 0.1088
10.885 6.93889e-18 -0.000624397 0.10885
10.89 6.93889e-18 -0.000624397 0.1089
10.895 0 -0.000624397 0.10895
10.9 6.93889e-18 -0.000624397 0.109
10.905 6.93889e-18 -0.000624397 0.10905
10.91 1.38778e-17 -0.000624397 0.1091
10.915 0 -0.000624397 0.10915
10.92 1.38778e-17 -0.000624397 0.1092
10.925 2.08167e-17 -0.000624397 0.10925
10.93 0 -0.000624397 0.1093
10.935 0 -0.000624397 0.10935
10.94 6.93889e-18 -0.000624397 0.1094
10.945 2.08167e-17 -0.000624397 0.10945
10.95 2.08167e-17 -0.000624397 0.1095
10.955 2.08167e-17 -0.000624397 0.10955
10.96 0 -0.000624397 0.1096
10.965 6.93889e-18 -0.000624397 0.10965
10.97 1.38778e-17 -0.000624397 0.1097
10.975 0 -0.000624397 0.10975
10.98 6.93889e-18 -0.000624397 0.1098
10.985 6.93889e-18 -0.000624397 0.10985
10.99 6.93889e-18 -0.000624397 0.1099
10.995 0 -0.000624397 0.10995
11 1.38778e-17 -0.000624397 0.11
11.005 1.38778e-17 -0.000624397 0.11005
11.01 6.93889e-18 -0.000624397 0.1101
11.015 1.38778e-17 -0.000624397 0.11015
11.02 1.38778e-17 -0.000624397 0.1102
11.025 1.38778e-17 -0.000624397 0.11025
11.03 6.93889e-18 -0.000624397 0.1103
11.035 6.93889e-18 -0.000624397 0.11035
11.04 0 -0.000624397 0.1104
11.045 0 -0.000624397 0.11045
11.05 6.93889e-18 -0.000624397 0.1105
11.055 2.08167e-17 -0.000624397 0.11055
11.06 0 -0.000624397 0.1106
11.065 0 -0.000624397 0.11065
11.07 0 -0.000624397 0.1107
11.075 6.93889e-18 -0.000624397 0.11075
11.08 0 -0.000624397 0.1108
11.085 6.93889e-18 -0.000624397 0.11085
11.09 1.38778e-17 -0.000624397 0.1109
11.095 1.38778e-17 -0.000624397 0.11095
11.1 6.93889e-18 -0.000624397 0.111
11.105 6.93889e-18 -0.000624397 0.11105
11.11 0 -0.000624397 0.1111
11.115 0 -0.000624397 0.11115
11.12 6.93889e-18 -0.000624397 0.1112
11.125 2.08167e-17 -0.000624397 0.11125
11.13 6.93889e-18 -0.000624397 0.1113
11.135 1.38778e-17 -0.000624397 0.11135
11.14 6.93889e-18 -0.000624397 0.1114
11.145 0 -0.000624397 0.11145
11.15 6.93889e-18 -0.000624397 0.1115
11.155 1.38778e-17 -0.000624397 0.11155
11.16 0 -0.000624397 0.1116
11.165 0 -0.000624397 0.11165
11.17 6.93889e-18 -0.000624397 0.1117
11.175 0 -0.000624397 0.11175
11.18 6.93889e-18 -0.000624397 0.1118
11.185 0 -0.000624397 0.11185
11.19 6.93889e-18 -0.000624397 0.1119
11.195 1.38778e-17 -0.000624397 0.11195
11.2 0 -0.000624397 0.112
11.205 1.38778e-17 -0.000624397 0.11205
11.21 6.93889e-18 -0.000624397 0.1121
11.215 1.38778e-17 -0.000624397 0.11215
11.22 0 -0.000624397 0.1122
11.225 6.93889e-18 -0.000624397 0.11225
11.23 6.93889e-18 -0.000624397 0.1123
11.235 6.93889e-18 -0.000624397 0.11235
11.24 0 -0.000624397 0.1124
11.245 6.93889e-18 -0.000624397 0.11245
11.25 1.38778e-17 -0.000624397 0.1125
11.255 0 -0.000624397 0.11255
11.26 1.38778e-17 -0.000624397 0.1126
11.265 0 -0.000624397 0.11265
11.27 0 -0.000624397 0.1127
11.275 6.93889e-18 -0.000624397 0.11275
11.28 6.93889e-18 -0.000624397 0.1128
11.285 0 -0.000624397 0.11285
11.29 1.38778e-17 -0.000624397 0.1129
11.295 6.93889e-18 -0.000624397 0.11295
11.3 0 -0.000624397 0.113
11.305 6.93889e-18 -0.000624397 0.11305
11.31 1.38778e-17 -0.000624397 0.1131
11.315 6.93889e-18 -0.000624397 0.11315
11.32 0 -0.000624397 0.1132
11.325 1.38778e-17 -0.000624397 0.11325
11.33 6.93889e-18 -0.000624397 0.1133
11.335 0 -0.000624397 0.11335
11.34 6.93889e-18 -0.000624397 0.1134
11.345 1.38778e-17 -0.000624397 0.11345
11.35 0 -0.000624397 0.1135
11.355 6.93889e-18 -0.000624397 0.11355
11.36 6.93889e-18 -0.000624397 0.1136
11.365 0 -0.000624397 0.11365
11.37 6.93889e-18 -0.000624397 0.1137
11.375 0 -0.000624397 0.11375
11.38 0 -0.000624397 0.1138
11.385 6.93889e-18 -0.000624397 0.11385
11.39 0 -0.000624397 0.1139
11.395 1.38778e-17 -0.000624397 0.11395
11.4 0 -0.000624397 0.114
11.405 0 -0.000624397 0.11405
11.41 1.38778e-17 -0.000624397 0.1141
11.415 0 -0.000624397 0.11415
11.42 6.93889e-18 -0.000624397 0.1142
11.425 6.93889e-18 -0.000624397 0.11425
11.43 6.93889e-18 -0.000624397 0.1143
11.435 1.38778e-17 -0.000624397 0.11435
11.44 6.93889e-18 -0.000624397 0.1144
11.445 0 -0.000624397 0.11445
11.45 6.93889e-18 -0.000624397 0.1145
11.455 6.93889e-18 -0.000624397 0.11455
11.46 1.38778e-17 -0.000624397 0.1146
11.465 6.93889e-18 -0.000624397 0.11465
11.47 0 -0.000624397 0.1147
11.475 6.93889e-18 -0.000624397 0.11475
11.48 0 -0.000624397 0.1148
11.485 0 -0.000624397 0.11485
11.49 0 -0.000624397 0.1149
11.495 1.38778e-17 -0.000624397 0.11495
11.5 6.93889e-18 -0.000624397 0.115
11.505 1.38778e-17 -0.000624397 0.11505
11.51 0 -0.000624397 0.1151
11.515 6.93889e-18 -0.000624397 0.11515
11.52 0 -0.000624397 0.1152
11.525 6.93889e-18 -0.000624397 0.11525
11.53 1.38778e-17 -0.000624397 0.1153
11.535 0 -0.000624397 0.11535
11.54 0 -0.000624397 0.1154
11.545 0 -0.000624397 0.11545
11.55 6.93889e-18 -0.000624397 0.1155
11.555 6.93889e-18 -0.000624397 0.11555
11.56 0 -0.000624397 0.1156
11.565 6.93889e-18 -0.000624397 0.11565
11.57 6.93889e-18 -0.000624397 0.1157
11.575 0 -0.000624397 0.11575
11.58 0 -0.000624397 0.1158
11.585 6.93889e-18 -0.000624397 0.11585
11.59 1.38778e-17 -0.000624397 0.1159
11.595 1.38778e-17 -0.000624397 0.11595
11.6 6.93889e-18 -0.000624397 0.116
11.605 6.93889e-18 -0.000624397 0.11605
11.61 0 -0.000624397 0.1161
11.615 0 -0.000624397 0.11615
11.62 6.93889e-18 -0.000624397 0.1162
11.625 6.93889e-18 -0.000624397 0.11625
11.63 0 -0.000624397 0.1163
11.635 0 -0.000624397 0.11635
11.64 6.93889e-18 -0.000624397 0.1164
11.645 1.38778e-17 -0.000624397 0.11645
11.65 6.93889e-18 -0.000624397 0.1165
11.655 0 -0.000624397 0.11655
11.66 6.93889e-18 -0.000624397 0.1166
11.665 6.93889e-18 -0.000624397 0.11665
11.67 6.93889e-18 -0.000624397 0.1167
11.675 0 -0.000624397 0.11675
11.68 6.93889e-18 -0.000624397 0.1168
11.685 0 -0.000624397 0.11685
11.69 6.93889e-18 -0.000624397 0.1169
11.695 6.93889e-18 -0.000624397 0.11695
11.7 1.38778e-17 -0.000624397 0.117
11.705 1.38778e-17 -0.000624397 0.11705
11.71 6.93889e-18 -0.000624397 0.1171
11.715 0 -0.000624397 0.11715
11.72 6.93889e-18 -0.000624397 0.1172
11.725 6.93889e-18 -0.000624397 0.11725
11.73 6.93889e-18 -0.000624397 0.1173
11.735 6.93889e-18 -0.000624397 0.11735
11.74 0 -0.000624397 0.1174
11.745 6.93889e-18 -0.000624397 0.11745
11.75 0 -0.000624397 0.1175
11.755 1.38778e-17 -0.000624397 0.11755
11.76 6.93889e-18 -0.000624397 0.1176
11.765 1.38778e-17 -0.000624397 0.11765
11.77 6.93889e-18 -0.000624397 0.1177
11.775 0 -0.000624397 0.11775
11.78 1.38778e-17 -0.000624397 0.1178
11.785 0 -0.000624397 0.11785
11.79 6.93889e-18 -0.000624397 0.1179
11.795 0 -0.000624397 0.11795
11.8 0 -0.000624397 0.118
11.805 0 -0.000624397 0.11805
11.81 1.38778e-17 -0.000624397 0.1181
11.815 6.93889e-18 -0.000624397 0.11815
11.82 6.93889e-18 -0.000624397 0.1182
11.825 0 -0.000624397 0.11825
11.83 0 -0.000624397 0.1183
11.835 6.93889e-18 -0.000624397 0.11835
11.84 0 -0.000624397 0.1184
11.845 6.93889e-18 -0.000624397 0.11845
11.85 6.93889e-18 -0.000624397 0.1185
11.855 0 -0.000624397 0.11855
11.86 6.93889e-18 -0.000624397 0.1186
11.865 6.93889e-18 -0.000624397 0.11865
11.87 6.93889e-18 -0.000624397 0.1187
11.875 6.93889e-18 -0.000624397 0.11875
11.88 6.93889e-18 -0.000624397 0.1188
11.885 6.93889e-18 -0.000624397 0.11885
11.89 2.08167e-17 -0.000624397 0.1189
11.895 0 -0.000624397 0.11895
11.9 6.93889e-18 -0.000624397 0.119
11.905 6.93889e-18 -0.000624397 0.11905
11.91 2.08167e-17 -0.000624397 0.1191
11.915 6.93889e-18 -0.000624397 0.11915
11.92 6.93889e-18 -0.000624397 0.1192
11.925 0 -0.000624397 0.11925
11.93 6.93889e-18 -0.000624397 0.1193
11.935 0 -0.000624397 0.11935
11.94 0 -0.000624397 0.1194
11.945 6.93889e-18 -0.000624397 0.11945
11.95 0 -0.000624397 0.1195
11.955 6.93889e-18 -0.000624397 0.11955
11.96 0 -0.000624397 0.1196
11.965 6.93889e-18 -0.000624397 0.11965
11.97 2.08167e-17 -0.000624397 0.1197
11.975 1.38778e-17 -0.000624397 0.11975
11.98 2.08167e-17 -0.000624397 0.1198
11.985 6.93889e-18 -0.000624397 0.11985
11.99 0 -0.000624397 0.1199
11.995 6.93889e-18 -0.000624397 0.11995
12 0 -0.000624397 0.12
12.005 6.93889e-18 -0.000624397 0.12005
12.01 6.93889e-18 -0.000624397 0.1201
12.015 1.38778e-17 -0.000624397 0.12015
12.02 2.08167e-17 -0.000624397 0.1202
12.025 0 -0.000624397 0.12025
12.03 1.38778e-17 -0.000624397 0.1203
12.035 6.93889e-18 -0.000624397 0.12035
12.04 6.93889e-18 -0.000624397 0.1204
12.045 6.93889e-18 -0.000624397 0.12045
12.05 0 -0.000624397 0.1205
12.055 0 -0.000624397 0.12055
12.06 6.93889e-18 -0.000624397 0.1206
12.065 6.93889e-18 -0.000624397 0.12065
12.07 1.38778e-17 -0.000624397 0.1207
12.075 1.38778e-17 -0.000624397 0.12075
12.08 2.08167e-17 -0.000624397 0.1208
12.085 6.93889e-18 -0.000624397 0.12085
12.09 0 -0.000624397 0.1209
12.095 0 -0.000624397 0.12095
12.1 6.93889e-18 -0.000624397 0.121
12.105 6.93889e-18 -0.000624397 0.12105
12.11 0 -0.000624397 0.1211
12.115 6.93889e-18 -0.000624397 0.12115
12.12 0 -0.000624397 0.1212
12.125 6.93889e-18 -0.000624397 0.12125
12.13 6.93889e-18 -0.000624397 0.1213
12.135 0 -0.000624397 0.12135
12.14 6.93889e-18 -0.000624397 0.1214
12.145 0 -0.000624397 0.12145
12.15 1.38778e-17 -0.000624397 0.1215
12.155 6.93889e-18 -0.000624397 0.12155
12.16 6.93889e-18 -0.000624397 0.1216
12.165 0 -0.000624397 0.12165
12.17 0 -0.000624397 0.1217
12.175 1.38778e-17 -0.000624397 0.12175
12.18 6.93889e-18 -0.000624397 0.1218
12.185 0 -0.000624397 0.12185
12.19 6.93889e-18 -0.000624397 0.1219
12.195 6.93889e-18 -0.000624397 0.12195
12.2 1.38778e-17 -0.000624397 0.122
12.205 0 -0.000624397 0.12205
12.21 6.93889e-18 -0.000624397 0.1221
12.215 2.08167e-17 -0.000624397 0.12215
12.22 6.93889e-18 -0.000624397 0.1222
12.225 0 -0.000624397 0.12225
12.23 6.93889e-18 -0.000624397 0.1223
12.235 6.93889e-18 -0.000624397 0.12235
12.24 0 -0.000624397 0.1224
12.245 6.93889e-18 -0.000624397 0.12245
12.25 6.93889e-18 -0.000624397 0.1225
12.255 0 -0.000624397 0.12255
12.26 6.93889e-18 -0.000624397 0.1226
12.265 6.93889e-18 -0.000624397 0.12265
12.27 6.93889e-18 -0.000624397 0.1227
12.275 1.38778e-17 -0.000624397 0.12275
12.28 0 -0.000624397 0.1228
12.285 1.38778e-17 -0.000624397 0.12285
12.29 6.93889e-18 -0.000624397 0.1229
12.295 6.93889e-18 -0.000624397 0.12295
12.3 0 -0.000624397 0.123
12.305 6.93889e-18 -0.000624397 0.12305
12.31 0 -0.000624397 0.1231
12.315 6.93889e-18 -0.000624397 0.12315
12.32 6.93889e-18 -0.000624397 0.1232
12.325 6.93889e-18 -0.000624397 0.12325
12.33 6.93889e-18 -0.000624397 0.1233
12.335 6.93889e-18 -0.000624397 0.12335
12.34 0 -0.000624397 0.1234
12.345 6.93889e-18 -0.000624397 0.12345
12.35 6.93889e-18 -0.000624397 0.1235
12.355 6.93889e-18 -0.000624397 0.12355
12.36 6.93889e-18 -0.000624397 0.1236
12.365 2.08167e-17 -0.000624397 0.12365
12.37 0 -0.000624397 0.1237
12.375 6.93889e-18 -0.000624397 0.12375
12.38 1.38778e-17 -0.000624397 0.1238
12.385 6.93889e-18 -0.000624397 0.12385
12.39 0 -0.000624397 0.1239
12.395 0 -0.000624397 0.12395
12.4 6.93889e-18 -0.000624397 0.124
12.405 0 -0.000624397 0.12405
12.41 0 -0.000624397 0.1241
12.415 6.93889e-18 -0.000624397 0.12415
12.42 0 -0.000624397 0.1242
12.425 6.93889e-18 -0.000624397 0.12425
12.43 1.38778e-17 -0.000624397 0.1243
12.435 0 -0.000624397 0.12435
12.44 6.93889e-18 -0.000624397 0.1244
12.445 0 -0.000624397 0.12445
12.45 1.38778e-17 -0.000624397 0.1245
12.455 1.38778e-17 -0.000624397 0.12455
12.46 6.93889e-18 -0.000624397 0.1246
12.465 6.93889e-18 -0.000624397 0.12465
12.47 6.93889e-18 -0.000624397 0.1247
12.475 6.93889e-18 -0.000624397 0.12475
12.48 0 -0.000624397 0.1248
12.485 6.93889e-18 -0.000624397 0.12485
12.49 1.38778e-17 -0.000624397 0.1249
12.495 6.93889e-18 -0.000624397 0.12495
12.5 6.93889e-18 -0.000624397 0.125
12.505 0 -0.000624397 0.12505
12.51 6.93889e-18 -0.000624397 0.1251
12.515 0 -0.000624397 0.12515
12.52 1.38778e-17 -0.000624397 0.1252
12.525 0 -0.000624397 0.12525
12.53 6.93889e-18 -0.000624397 0.1253
12.535 1.38778e-17 -0.000624397 0.12535
12.54 6.93889e-18 -0.000624397 0.1254
12.545 0 -0.000624397 0.12545
12.55 1.38778e-17 -0.000624397 0.1255
12.555 6.93889e-18 -0.000624397 0.12555
12.56 1.38778e-17 -0.000624397 0.1256
12.565 1.38778e-17 -0.000624397 0.12565
12.57 1.38778e-17 -0.000624397 0.1257
12.575 6.93889e-18 -0.000624397 0.12575
12.58 0 -0.000624397 0.1258
12.585 6.93889e-18 -0.000624397 0.12585
12.59 6.93889e-18 -0.000624397 0.1259
12.595 1.38778e-17 -0.000624397 0.12595
12.6 1.38778e-17 -0.000624397 0.126
12.605 1.38778e-17 -0.000624397 0.12605
12.61 1.38778e-17 -0.000624397 0.1261
12.615 0 -0.000624397 0.12615
12.62 0 -0.000624397 0.1262
12.625 0 -0.000624397 0.12625
12.63 0 -0.000624397 0.1263
12.635 1.38778e-17 -0.000624397 0.12635
12.64 1.38778e-17 -0.000624397 0.1264
12.645 0 -0.000624397 0.12645
12.65 0 -0.000624397 0.1265
12.655 0 -0.000624397 0.12655
12.66 0 -0.000624397 0.1266
12.665 0 -0.000624397 0.12665
12.67 0 -0.000624397 0.1267
12.675 0 -0.000624397 0.12675
12.68 1.38778e-17 -0.000624397 0.1268
12.685 0 -0.000624397 0.12685
12.69 1.38778e-17 -0.000624397 0.1269
12.695 1.38778e-17 -0.000624397 0.12695
12.7 1.38778e-17 -0.000624397 0.127
12.705 2.77556e-17 -0.000624397 0.12705
12.71 1.38778e-17 -0.000624397 0.1271
12.715 1.38778e-17 -0.000624397 0.12715
12.72 1.38778e-17 -0.000624397 0.1272
12.725 0 -0.000624397 0.12725
12.73 0 -0.000624397 0.1273
12.735 0 -0.000624397 0.12735
12.74 0 -0.000624397 0.1274
12.745 0 -0.000624397 0.12745
12.75 1.38778e-17 -0.000624397 0.1275
12.755 0 -0.000624397 0.12755
12.76 0 -0.000624397 0.1276
12.765 0 -0.000624397 0.12765
12.77 0 -0.000624397 0.1277
12.775 0 -0.000624397 0.12775
12.78 1.38778e-17 -0.000624397 0.1278
12.785 0 -0.000624397 0.12785
12.79 1.38778e-17 -0.000624397 0.1279
12.795 0 -0.000624397 0.12795
12.8 1.38778e-17 -0.000624397 0.128
12.805 0 -0.000624397 0.12805
12.81 0 -0.000624397 0.1281
12.815 0 -0.000624397 0.12815
12.82 1.38778e-17 -0.000624397 0.1282
12.825 0 -0.000624397 0.12825
12.83 1.38778e-17 -0.000624397 0.1283
12.835 0 -0.000624397 0.12835
12.84 0 -0.000624397 0.1284
12.845 1.38778e-17 -0.000624397 0.12845
12.85 1.38778e-17 -0.000624397 0.1285
12.855 0 -0.000624397 0.12855
12.86 1.38778e-17 -0.000624397 0.1286
12.865 0 -0.000624397 0.12865
12.87 1.38778e-17 -0.000624397 0.1287
12.875 0 -0.000624397 0.12875
12.88 1.38778e-17 -0.000624397 0.1288
12.885 1.38778e-17 -0.000624397 0.12885
12.89 0 -0.000624397 0.1289
12.895 0 -0.000624397 0.12895
12.9 0 -0.000624397 0.129
12.905 0 -0.000624397 0.12905
12.91 1.38778e-17 -0.000624397 0.1291
12.915 0 -0.000624397 0.12915
12.92 0 -0.000624397 0.1292
12.925 1.38778e-17 -0.000624397 0.12925
12.93 0 -0.000624397 0.1293
12.935 0 -0.000624397 0.12935
12.94 0 -0.000624397 0.1294
12.945 1.38778e-17 -0.000624397 0.12945
12.95 0 -0.000624397 0.1295
12.955 0 -0.000624397 0.12955
12.96 0 -0.000624397 0.1296
12.965 1.38778e-17 -0.000624397 0.12965
12.97 0 -0.000624397 0.1297
12.975 0 -0.000624397 0.12975
12.98 1.38778e-17 -0.000624397 0.1298
12.985 0 -0.000624397 0.12985
12.99 0 -0.000624397 0.1299
12.995 0 -0.000624397 0.12995
13 1.38778e-17 -0.000624397 0.13
13.005 0 -0.000624397 0.13005
13.01 0 -0.000624397 0.1301
13.015 1.38778e-17 -0.000624397 0.13015
13.02 0 -0.000624397 0.1302
13.025 0 -0.000624397 0.13025
13.03 1.38778e-17 -0.000624397 0.1303
13.035 0 -0.000624397 0.13035
13.04 0 -0.000624397 0.1304
13.045 1.38778e-17 -0.000624397 0.13045
13.05 1.38778e-17 -0.000624397 0.1305
13.055 0 -0.000624397 0.13055
13.06 0 -0.000624397 0.1306
13.065 0 -0.000624397 0.13065
13.07 0 -0.000624397 0.1307
13.075 0 -0.000624397 0.13075
13.08 0 -0.000624397 0.1308
13.085 1.38778e-17 -0.000624397 0.13085
13.09 0 -0.000624397 0.1309
13.095 1.38778e-17 -0.000624397 0.13095
13.1 0 -0.000624397 0.131
13.105 1.38778e-17 -0.000624397 0.13105
13.11 1.38778e-17 -0.000624397 0.1311
13.115 1.38778e-17 -0.000624397 0.13115
13.12 0 -0.000624397 0.1312
13.125 1.38778e-17 -0.000624397 0.13125
13.13 1.38778e-17 -0.000624397 0.1313
13.135 1.38778e-17 -0.000624397 0.13135
13.14 1.38778e-17 -0.000624397 0.1314
13.145 1.38778e-17 -0.000624397 0.13145
13.15 1.38778e-17 -0.000624397 0.1315
13.155 1.38778e-17 -0.000624397 0.13155
13.16 2.77556e-17 -0.000624397 0.1316
13.165 1.38778e-17 -0.000624397 0.13165
13.17 1.38778e-17 -0.000624397 0.1317
13.175 0 -0.000624397 0.13175
13.18 0 -0.000624397 0.1318
13.185 0 -0.000624397 0.13185
13.19 1.38778e-17 -0.000624397 0.1319
13.195 2.77556e-17 -0.000624397 0.13195
13.2 1.38778e-17 -0.000624397 0.132
13.205 1.38778e-17 -0.000624397 0.13205
13.21 1.38778e-17 -0.000624397 0.1321
13.215 1.38778e-17 -0.000624397 0.13215
13.22 1.38778e-17 -0.000624397 0.1322
13.225 1.38778e-17 -0.000624397 0.13225
13.23 0 -0.000624397 0.1323
13.235 0 -0.000624397 0.13235
13.24 0 -0.000624397 0.1324
13.245 0 -0.000624397 0.13245
13.25 0 -0.000624397 0.1325
13.255 0 -0.000624397 0.13255
13.26 1.38778e-17 -0.000624397 0.1326
13.265 0 -0.000624397 0.13265
13.27 0 -0.000624397 0.1327
13.275 1.38778e-17 -0.000624397 0.13275
13.28 1.38778e-17 -0.000624397 0.1328
13.285 0 -0.000624397 0.13285
13.29 0 -0.000624397 0.1329
13.295 1.38778e-17 -0.000624397 0.13295
13.3 1.38778e-17 -0.000624397 0.133
13.305 0 -0.000624397 0.13305
13.31 1.38778e-17 -0.000624397 0.1331
13.315 0 -0.000624397 0.13315
13.32 0 -0.000624397 0.1332
13.325 0 -0.000624397 0.13325
13.33 1.38778e-17 -0.000624397 0.1333
13.335 0 -0.000624397 0.13335
13.34 0 -0.000624397 0.1334
13.345 0 -0.000624397 0.13345
13.35 1.38778e-17 -0.000624397 0.1335
13.355 0 -0.000624397 0.13355
13.36 0 -0.000624397 0.1336
13.365 0 -0.000624397 0.13365
13.37 0 -0.000624397 0.1337
13.375 0 -0.000624397 0.13375
13.38 0 -0.000624397 0.1338
13.385 2.77556e-17 -0.000624397 0.13385
13.39 1.38778e-17 -0.000624397 0.1339
13.395 0 -0.000624397 0.13395
13.4 0 -0.000624397 0.134
13.405 1.38778e-17 -0.000624397 0.13405
13.41 0 -0.000624397 0.1341
13.415 1.38778e-17 -0.000624397 0.13415
13.42 1.38778e-17 -0.000624397 0.1342
13.425 0 -0.000624397 0.13425
13.43 0 -0.000624397 0.1343
13.435 1.38778e-17 -0.000624397 0.13435
13.44 0 -0.000624397 0.1344
13.445 1.38778e-17 -0.000624397 0.13445
13.45 0 -0.000624397 0.1345
13.455 1.38778e-17 -0.000624397 0.13455
13.46 1.38778e-17 -0.000624397 0.1346
13.465 1.38778e-17 -0.000624397 0.13465
13.47 1.38778e-17 -0.000624397 0.1347
13.475 1.38778e-17 -0.000624397 0.13475
13.48 0 -0.000624397 0.1348
13.485 1.38778e-17 -0.000624397 0.13485
13.49 1.38778e-17 -0.000624397 0.1349
13.495 0 -0.000624397 0.13495
13.5 0 -0.000624397 0.135
13.505 1.38778e-17 -0.000624397 0.13505
13.51 1.38778e-17 -0.000624397 0.1351
13.515 1.38778e-17 -0.000624397 0.13515
13.52 1.38778e-17 -0.000624397 0.1352
13.525 0 -0.000624397 0.13525
13.53 1.38778e-17 -0.000624397 0.1353
13.535 1.38778e-17 -0.000624397 0.13535
13.54 0 -0.000624397 0.1354
13.545 0 -0.000624397 0.13545
13.55 0 -0.000624397 0.1355
13.555 0 -0.000624397 0.13555
13.56 0 -0.000624397 0.1356
13.565 1.38778e-17 -0.000624397 0.13565
13.57 1.38778e-17 -0.000624397 0.1357
13.575 1.38778e-17 -0.000624397 0.13575
13.58 0 -0.000624397 0.1358
13.585 0 -0.000624397 0.13585
13.59 1.38778e-17 -0.000624397 0.1359
13.595 0 -0.000624397 0.13595
13.6 1.38778e-17 -0.000624397 0.136
13.605 0 -0.000624397 0.13605
13.61 0 -0.000624397 0.1361
13.615 1.38778e-17 -0.000624397 0.13615
13.62 0 -0.000624397 0.1362
13.625 0 -0.000624397 0.13625
13.63 0 -0.000624397 0.1363
13.635 1.38778e-17 -0.000624397 0.13635
13.64 0 -0.000624397 0.1364
13.645 0 -0.000624397 0.13645
13.65 1.38778e-17 -0.000624397 0.1365
13.655 1.38778e-17 -0.000624397 0.13655
13.66 0 -0.000624397 0.1366
13.665 1.38778e-17 -0.000624397 0.13665
13.67 1.38778e-17 -0.000624397 0.1367
13.675 1.38778e-17 -0.000624397 0.13675
13.68 1.38778e-17 -0.000624397 0.1368
13.685 1.38778e-17 -0.000624397 0.13685
13.69 0 -0.000624397 0.1369
13.695 0 -0.000624397 0.13695
13.7 0 -0.000624397 0.137
13.705 0 -0.000624397 0.13705
13.71 1.38778e-17 -0.000624397 0.1371
13.715 0 -0.000624397 0.13715
13.72 1.38778e-17 -0.000624397 0.1372
13.725 1.38778e-17 -0.000624397 0.13725
13.73 1.38778e-17 -0.000624397 0.1373
13.735 0 -0.000624397 0.13735
13.74 1.38778e-17 -0.000624397 0.1374
13.745 1.38778e-17 -0.000624397 0.13745
13.75 1.38778e-17 -0.000624397 0.1375
13.755 0 -0.000624397 0.13755
13.76 1.38778e-17 -0.000624397 0.1376
13.765 1.38778e-17 -0.000624397 0.13765
13.77 1.38778e-17 -0.000624397 0.1377
13.775 0 -0.000624397 0.13775
13.78 0 -0.000624397 0.1378
13.785 0 -0.000624397 0.13785
13.79 1.38778e-17 -0.000624397 0.1379
13.795 1.38778e-17 -0.000624397 0.13795
13.8 1.38778e-17 -0.000624397 0.138
13.805 1.38778e-17 -0.000624397 0.13805
13.81 0 -0.000624397 0.1381
13.815 0 -0.000624397 0.13815
13.82 0 -0.000624397 0.1382
13.825 1.38778e-17 -0.000624397 0.13825
13.83 1.38778e-17 -0.000624397 0.1383
13.835 1.38778e-17 -0.000624397 0.13835
13.84 0 -0.000624397 0.1384
13.845 1.38778e-17 -0.000624397 0.13845
13.85 1.38778e-17 -0.000624397 0.1385
13.855 0 -0.000624397 0.13855
13.86 1.38778e-17 -0.000624397 0.1386
13.865 0 -0.000624397 0.13865
13.87 0 -0.000624397 0.1387
13.875 0 -0.000624397 0.13875
13.88 0 -0.000624397 0.1388
13.885 0 -0.000624397 0.13885
13.89 0 -0.000624397 0.1389
13.895 1.38778e-17 -0.000624397 0.13895
13.9 0 -0.000624397 0.139
13.905 0 -0.000624397 0.13905
13.91 0 -0.000624397 0.1391
13.915 0 -0.000624397 0.13915
13.92 1.38778e-17 -0.000624397 0.1392
13.925 0 -0.000624397 0.13925
13.93 1.38778e-17 -0.000624397 0.1393
13.935 0 -0.000624397 0.13935
13.94 1.38778e-17 -0.000624397 0.1394
13.945 1.38778e-17 -0.000624397 0.13945
13.95 0 -0.000624397 0.1395
13.955 0 -0.000624397 0.13955
13.96 0 -0.000624397 0.1396
13.965 1.38778e-17 -0.000624397 0.13965
13.97 1.38778e-17 -0.000624397 0.1397
13.975 1.38778e-17 -0.000624397 0.13975
13.98 0 -0.000624397 0.1398
13.985 0 -0.000624397 0.13985
13.99 0 -0.000624397 0.1399
13.995 0 -0.000624397 0.13995
14 1.38778e-17 -0.000624397 0.14
14.005 1.38778e-17 -0.000624397 0.14005
14.01 0 -0.000624397 0.1401
14.015 1.38778e-17 -0.000624397 0.14015
14.02 0 -0.000624397 0.1402
14.025 0 -0.000624397 0.14025
14.03 0 -0.000624397 0.1403
14.035 1.38778e-17 -0.000624397 0.14035
14.04 1.38778e-17 -0.000624397 0.1404
14.045 0 -0.000624397 0.14045
14.05 1.38778e-17 -0.000624397 0.1405
14.055 0 -0.000624397 0.14055
14.06 0 -0.000624397 0.1406
14.065 0 -0.000624397 0.14065
14.07 1.38778e-17 -0.000624397 0.1407
14.075 1.38778e-17 -0.000624397 0.14075
14.08 0 -0.000624397 0.1408
14.085 1.38778e-17 -0.000624397 0.14085
14.09 1.38778e-17 -0.000624397 0.1409
14.095 0 -0.000624397 0.14095
14.1 0 -0.000624397 0.141
14.105 1.38778e-17 -0.000624397 0.14105
14.11 0 -0.000624397 0.1411
14.115 0 -0.000624397 0.14115
14.12 0 -0.000624397 0.1412
14.125 0 -0.000624397 0.14125
14.13 0 -0.000624397 0.1413
14.135 0 -0.000624397 0.14135
14.14 0 -0.000624397 0.1414
14.145 1.38778e-17 -0.000624397 0.14145
14.15 1.38778e-17 -0.000624397 0.1415
14.155 0 -0.000624397 0.14155
14.16 0 -0.000624397 0.1416
14.165 1.38778e-17 -0.000624397 0.14165
14.17 1.38778e-17 -0.000624397 0.1417
14.175 0 -0.000624397 0.14175
14.18 1.38778e-17 -0.000624397 0.1418
14.185 1.38778e-17 -0.000624397 0.14185
14.19 1.38778e-17 -0.000624397 0.1419
14.195 1.38778e-17 -0.000624397 0.14195
14.2 0 -0.000624397 0.142
14.205 0 -0.000624397 0.14205
14.21 1.38778e-17 -0.000624397 0.1421
14.215 0 -0.000624397 0.14215
14.22 1.38778e-17 -0.000624397 0.1422
14.225 0 -0.000624397 0.14225
14.23 0 -0.000624397 0.1423
14.235 0 -0.000624397 0.14235
14.24 0 -0.000624397 0.1424
14.245 0 -0.000624397 0.14245
14.25 0 -0.000624397 0.1425
14.255 0 -0.000624397 0.14255
14.26 1.38778e-17 -0.000624397 0.1426
14.265 0 -0.000624397 0.14265
14.27 0 -0.000624397 0.1427
14.275 1.38778e-17 -0.000624397 0.14275
14.28 0 -0.000624397 0.1428
14.285 0 -0.000624397 0.14285
14.29 1.38778e-17 -0.000624397 0.1429
14.295 0 -0.000624397 0.14295
14.3 1.38778e-17 -0.000624397 0.143
14.305 1.38778e-17 -0.000624397 0.14305
14.31 0 -0.000624397 0.1431
14.315 1.38778e-17 -0.000624397 0.14315
14.32 1.38778e-17 -0.000624397 0.1432
14.325 1.38778e-17 -0.000624397 0.14325
14.33 0 -0.000624397 0.1433
14.335 1.38778e-17 -0.000624397 0.14335
14.34 0 -0.000624397 0.1434
14.345 0 -0.000624397 0.14345
14.35 1.38778e-17 -0.000624397 0.1435
14.355 0 -0.000624397 0.14355
14.36 0 -0.000624397 0.1436
14.365 1.38778e-17 -0.000624397 0.14365
14.37 1.38778e-17 -0.000624397 0.1437
14.375 1.38778e-17 -0.000624397 0.14375
14.38 0 -0.000624397 0.1438
14.385 1.38778e-17 -0.000624397 0.14385
14.39 1.38778e-17 -0.000624397 0.1439
14.395 0 -0.000624397 0.14395
14.4 0 -0.000624397 0.144
14.405 1.38778e-17 -0.000624397 0.14405
14.41 0 -0.000624397 0.1441
14.415 1.38778e-17 -0.000624397 0.14415
14.42 0 -0.000624397 0.1442
14.425 0 -0.000624397 0.14425
14.43 1.38778e-17 -0.000624397 0.1443
14.435 1.38778e-17 -0.000624397 0.14435
14.44 0 -0.000624397 0.1444
14.445 1.38778e-17 -0.000624397 0.14445
14.45 0 -0.000624397 0.1445
14.455 0 -0.000624397 0.14455
14.46 0 -0.000624397 0.1446
14.465 0 -0.000624397 0.14465
14.47 0 -0.000624397 0.1447
14.475 1.38778e-17 -0.000624397 0.14475
14.48 1.38778e-17 -0.000624397 0.1448
14.485 0 -0.000624397 0.14485
14.49 1.38778e-17 -0.000624397 0.1449
14.495 1.38778e-17 -0.000624397 0.14495
14.5 1.38778e-17 -0.000624397 0.145
14.505 0 -0.000624397 0.14505
14.51 0 -0.000624397 0.1451
14.515 1.38778e-17 -0.000624397 0.14515
14.52 0 -0.000624397 0.1452
14.525 0 -0.000624397 0.14525
14.53 0 -0.000624397 0.1453
14.535 0 -0.000624397 0.14535
14.54 1.38778e-17 -0.000624397 0.1454
14.545 1.38778e-17 -0.000624397 0.14545
14.55 1.38778e-17 -0.000624397 0.1455
14.555 0 -0.000624397 0.14555
14.56 0 -0.000624397 0.1456
14.565 0 -0.000624397 0.14565
14.57 0 -0.000624397 0.1457
14.575 1.38778e-17 -0.000624397 0.14575
14.58 1.38778e-17 -0.000624397 0.1458
14.585 1.38778e-17 -0.000624397 0.14585
14.59 1.38778e-17 -0.000624397 0.1459
14.595 1.38778e-17 -0.000624397 0.14595
14.6 1.38778e-17 -0.000624397 0.146
14.605 0 -0.000624397 0.14605
14.61 0 -0.000624397 0.1461
14.615 0 -0.000624397 0.14615
14.62 0 -0.000624397 0.1462
14.625 1.38778e-17 -0.000624397 0.14625
14.63 0 -0.000624397 0.1463
14.635 0 -0.000624397 0.14635
14.64 1.38778e-17 -0.000624397 0.1464
14.645 0 -0.000624397 0.14645
14.65 0 -0.000624397 0.1465
14.655 1.38778e-17 -0.000624397 0.14655
14.66 0 -0.000624397 0.1466
14.665 0 -0.000624397 0.14665
14.67 0 -0.000624397 0.1467
14.675 0 -0.000624397 0.14675
14.68 0 -0.000624397 0.1468
14.685 0 -0.000624397 0.14685
14.69 0 -0.000624397 0.1469
14.695 0 -0.000624397 0.14695
14.7 1.38778e-17 -0.000624397 0.147
14.705 1.38778e-17 -0.000624397 0.14705
14.71 2.77556e-17 -0.000624397 0.1471
14.715 1.38778e-17 -0.000624397 0.14715
14.72 0 -0.000624397 0.1472
14.725 2.77556e-17 -0.000624397 0.14725
14.73 0 -0.000624397 0.1473
14.735 0 -0.000624397 0.14735
14.74 0 -0.000624397 0.1474
14.745 1.38778e-17 -0.000624397 0.14745
14.75 0 -0.000624397 0.1475
14.755 1.38778e-17 -0.000624397 0.14755
14.76 0 -0.000624397 0.1476
14.765 0 -0.000624397 0.14765
14.77 0 -0.000624397 0.1477
14.775 0 -0.000624397 0.14775
14.78 0 -0.000624397 0.1478
14.785 1.38778e-17 -0.000624397 0.14785
14.79 1.38778e-17 -0.000624397 0.1479
14.795 1.38778e-17 -0.000624397 0.14795
14.8 0 -0.000624397 0.148
14.805 0 -0.000624397 0.14805
14.81 1.38778e-17 -0.000624397 0.1481
14.815 0 -0.000624397 0.14815
14.82 0 -0.000624397 0.1482
14.825 1.38778e-17 -0.000624397 0.14825
14.83 1.38778e-17 -0.000624397 0.1483
14.835 1.38778e-17 -0.000624397 0.14835
14.84 0 -0.000624397 0.1484
14.845 0 -0.000624397 0.14845
14.85 0 -0.000624397 0.1485
14.855 0 -0.000624397 0.14855
14.86 0 -0.000624397 0.1486
14.865 1.38778e-17 -0.000624397 0.14865
14.87 1.38778e-17 -0.000624397 0.1487
14.875 0 -0.000624397 0.14875
14.88 0 -0.000624397 0.1488
14.885 0 -0.000624397 0.14885
14.89 0 -0.000624397 0.1489
14.895 0 -0.000624397 0.14895
14.9 1.38778e-17 -0.000624397 0.149
14.905 1.38778e-17 -0.000624397 0.14905
14.91 0 -0.000624397 0.1491
14.915 1.38778e-17 -0.000624397 0.14915
14.92 0 -0.000624397 0.1492
14.925 0 -0.000624397 0.14925
14.93 1.38778e-17 -0.000624397 0.1493
14.935 0 -0.000624397 0.14935
14.94 0 -0.000624397 0.1494
14.945 1.38778e-17 -0.000624397 0.14945
14.95 0 -0.000624397 0.1495
14.955 0 -0.000624397 0.14955
14.96 0 -0.000624397 0.1496
14.965 1.38778e-17 -0.000624397 0.14965
14.97 0 -0.000624397 0.1497
14.975 0 -0.000624397 0.14975
14.98 1.38778e-17 -0.000624397 0.1498
14.985 0 -0.000624397 0.14985
14.99 0 -0.000624397 0.1499
14.995 1.38778e-17 -0.000624397 0.14995
15 1.38778e-17 -0.000624397 0.15
