1000 -34.0659 -100 -34.0659 30 0
2000 -34.0659 -100 -34.0659 30 0
3000 -34.0659 -100 -34.0659 30 0
4000 -34.0659 -100 -34.0659 30 0
5000 -34.0659 -100 -34.0659 30 0
6000 -34.0659 -100 -34.0659 30 0
7000 -34.0659 -100 -34.0659 30 0
8000 -34.0659 -100 -34.0659 30 0
9000 -34.0659 -100 -34.0659 30 0
10000 -34.0659 -100 -34.0659 30 0
11000 -34.0659 -100 -34.0659 30 0
12000 -34.0659 -100 -34.0659 30 0
13000 -34.0659 -100 -34.0659 30 0
14000 -34.0659 -100 -34.0659 30 0
15000 -34.0659 -100 -34.0659 30 0
16000 -34.0659 -100 -34.0659 30 0
17000 -34.0659 -100 -34.0659 30 0
18000 -34.0659 -100 -34.0659 30 0
19000 -34.0659 -100 -34.0659 30 0
20000 -34.0659 -100 -34.0659 30 0
21000 -34.0659 -100 -34.0659 30 0
22000 -34.0659 -100 -34.0659 30 0
23000 -34.0659 -100 -34.0659 30 0
24000 -34.0659 -100 -34.0659 30 0
25000 -34.0659 -100 -34.0659 30 0
26000 -34.0659 -100 -34.0659 30 0
27000 -34.0659 -100 -34.0659 30 0
28000 -34.0659 -100 -34.0659 30 0
29000 -34.0659 -100 -34.0659 30 0
30000 -34.0659 -100 -34.0659 30 0
31000 -34.0659 -100 -34.0659 30 0
32000 -34.0659 -100 -34.0659 30 0
33000 -34.0659 -100 -34.0659 30 0
34000 -34.0659 -100 -34.0659 30 0
35000 -34.0659 -100 -34.0659 30 0
36000 -34.0659 -100 -34.0659 30 0
37000 -34.0659 -100 -34.0659 30 0
38000 -34.0659 -100 -34.0659 30 0
39000 -34.0659 -100 -34.0659 30 0
40000 -34.0659 -100 -34.0659 30 0
41000 -34.0659 -100 -34.0659 30 0
42000 -34.0659 -100 -34.0659 30 0
43000 -34.0659 -100 -34.0659 30 0
44000 -34.0659 -100 -34.0659 30 0
45000 -34.0659 -100 -34.0659 30 0
46000 -34.0659 -100 -34.0659 30 0
47000 -34.0659 -100 -34.0659 30 0
48000 -34.0659 -100 -34.0659 30 0
49000 -34.0659 -100 -34.0659 30 0
50000 -34.0659 -100 -34.0659 30 0
51000 -34.0659 -100 -34.0659 30 0
52000 -34.0659 -100 -34.0659 30 0
53000 -34.0659 -100 -34.0659 30 0
54000 -34.0659 -100 -34.0659 30 0
55000 -34.0659 -100 -34.0659 30 0
56000 -34.0659 -100 -34.0659 30 0
57000 -34.0659 -100 -34.0659 30 0
58000 -34.0659 -100 -34.0659 30 0
59000 -34.0659 -100 -34.0659 30 0
60000 -34.0659 -100 -34.0659 30 0
61000 -34.0659 -100 -34.0659 30 0
62000 -34.0659 -100 -34.0659 30 0
63000 -34.0659 -100 -34.0659 30 0
64000 -34.0659 -100 -34.0659 30 0
65000 -34.0659 -100 -34.0659 30 0
66000 -34.0659 -100 -34.0659 30 0
67000 -34.0659 -100 -34.0659 30 0
68000 -34.0659 -100 -34.0659 30 0
69000 -34.0659 -100 -34.0659 30 0
70000 -34.0659 -100 -34.0659 30 0
71000 -34.0659 -100 -34.0659 30 0
72000 -34.0659 -100 -34.0659 30 0
73000 -34.0659 -100 -34.0659 30 0
74000 -34.0659 -100 -34.0659 30 0
75000 -34.0659 -100 -34.0659 30 0
76000 -34.0659 -100 -34.0659 30 0
77000 -34.0659 -100 -34.0659 30 0
78000 -34.0659 -100 -34.0659 30 0
79000 -34.0659 -100 -34.0659 30 0
80000 -34.0659 -100 -34.0659 30 0
81000 -34.0659 -100 -34.0659 30 0
82000 -34.0659 -100 -34.0659 30 0
83000 -34.0659 -100 -34.0659 30 0
84000 -34.0659 -100 -34.0659 30 0
85000 -34.0659 -100 -34.0659 30 0
86000 -34.0659 -100 -34.0659 30 0
87000 -34.0659 -100 -34.0659 30 0
88000 -34.0659 -100 -34.0659 30 0
89000 -34.0659 -100 -34.0659 30 0
90000 -34.0659 -100 -34.0659 30 0
91000 -34.0659 -100 -34.0659 30 0
92000 -34.0659 -100 -34.0659 30 0
93000 -34.0659 -100 -34.0659 30 0
94000 -34.0659 -100 -34.0659 30 0
95000 -34.0659 -100 -34.0659 30 0
96000 -34.0659 -100 -34.0659 30 0
97000 -34.0659 -100 -34.0659 30 0
98000 -34.0659 -100 -34.0659 30 0
99000 -34.0659 -100 -34.0659 30 0
100000 -34.0659 -100 -34.0659 30 0
101000 -34.0659 -100 -34.0659 30 0
102000 -34.0659 -100 -34.0659 30 0
103000 -34.0659 -100 -34.0659 30 0
104000 -34.0659 -100 -34.0659 30 0
105000 -34.0659 -100 -34.0659 30 0
106000 -34.0659 -100 -34.0659 30 0
107000 -34.0659 -100 -34.0659 30 0
108000 -34.0659 -100 -34.0659 30 0
109000 -34.0659 -100 -34.0659 30 0
110000 -34.0659 -100 -34.0659 30 0
111000 -34.0659 -100 -34.0659 30 0
112000 -34.0659 -100 -34.0659 30 0
113000 -34.0659 -100 -34.0659 30 0
114000 -34.0659 -100 -34.0659 30 0
115000 -34.0659 -100 -34.0659 30 0
116000 -34.0659 -100 -34.0659 30 0
117000 -34.0659 -100 -34.0659 30 0
118000 -34.0659 -100 -34.0659 30 0
119000 -34.0659 -100 -34.0659 30 0
120000 -34.0659 -100 -34.0659 30 0
121000 -34.0659 -100 -34.0659 30 0
122000 -34.0659 -100 -34.0659 30 0
123000 -34.0659 -100 -34.0659 30 0
124000 -34.0659 -100 -34.0659 30 0
125000 -34.0659 -100 -34.0659 30 0
126000 -34.0659 -100 -34.0659 30 0
127000 -34.0659 -100 -34.0659 30 0
128000 -34.0659 -100 -34.0659 30 0
129000 -34.0659 -100 -34.0659 30 0
130000 -34.0659 -100 -34.0659 30 0
131000 -34.0659 -100 -34.0659 30 0
132000 -34.0659 -100 -34.0659 30 0
133000 -34.0659 -100 -34.0659 30 0
134000 -34.0659 -100 -34.0659 30 0
135000 -34.0659 -100 -34.0659 30 0
136000 -34.0659 -100 -34.0659 30 0
137000 -34.0659 -100 -34.0659 30 0
138000 -34.0659 -100 -34.0659 30 0
139000 -34.0659 -100 -34.0659 30 0
140000 -34.0659 -100 -34.0659 30 0
141000 -34.0659 -100 -34.0659 30 0
142000 -34.0659 -100 -34.0659 30 0
143000 -34.0659 -100 -34.0659 30 0
144000 -34.0659 -100 -34.0659 30 0
145000 -34.0659 -100 -34.0659 30 0
146000 -34.0659 -100 -34.0659 30 0
147000 -34.0659 -100 -34.0659 30 0
148000 -34.0659 -100 -34.0659 30 0
149000 -34.0659 -100 -34.0659 30 0
150000 -34.0659 -100 -34.0659 30 0
151000 -34.0659 -100 -34.0659 30 0
152000 -34.0659 -100 -34.0659 30 0
153000 -34.0659 -100 -34.0659 30 0
154000 -34.0659 -100 -34.0659 30 0
155000 -34.0659 -100 -34.0659 30 0
156000 -34.0659 -100 -34.0659 30 0
157000 -34.0659 -100 -34.0659 30 0
158000 -34.0659 -100 -34.0659 30 0
159000 -34.0659 -100 -34.0659 30 0
160000 -34.0659 -100 -34.0659 30 0
161000 -34.0659 -100 -34.0659 30 0
162000 -34.0659 -100 -34.0659 30 0
163000 -34.0659 -100 -34.0659 30 0
164000 -34.0659 -100 -34.0659 30 0
165000 -34.0659 -100 -34.0659 30 0
166000 -34.0659 -100 -34.0659 30 0
167000 -34.0659 -100 -34.0659 30 0
168000 -34.0659 -100 -34.0659 30 0
169000 -34.0659 -100 -34.0659 30 0
170000 -34.0659 -100 -34.0659 30 0
171000 -34.0659 -100 -34.0659 30 0
172000 -34.0659 -100 -34.0659 30 0
173000 -34.0659 -100 -34.0659 30 0
174000 -34.0659 -100 -34.0659 30 0
175000 -34.0659 -100 -34.0659 30 0
176000 -34.0659 -100 -34.0659 30 0
177000 -34.0659 -100 -34.0659 30 0
178000 -34.0659 -100 -34.0659 30 0
179000 -34.0659 -100 -34.0659 30 0
180000 -34.0659 -100 -34.0659 30 0
181000 -34.0659 -100 -34.0659 30 0
182000 -34.0659 -100 -34.0659 30 0
183000 -34.0659 -100 -34.0659 30 0
184000 -34.0659 -100 -34.0659 30 0
185000 -34.0659 -100 -34.0659 30 0
186000 -34.0659 -100 -34.0659 30 0
187000 -34.0659 -100 -34.0659 30 0
188000 -34.0659 -100 -34.0659 30 0
189000 -34.0659 -100 -34.0659 30 0
190000 -34.0659 -100 -34.0659 30 0
191000 -34.0659 -100 -34.0659 30 0
192000 -34.0659 -100 -34.0659 30 0
193000 -34.0659 -100 -34.0659 30 0
194000 -34.0659 -100 -34.0659 30 0
195000 -34.0659 -100 -34.0659 30 0
196000 -34.0659 -100 -34.0659 30 0
197000 -34.0659 -100 -34.0659 30 0
198000 -34.0659 -100 -34.0659 30 0
199000 -34.0659 -100 -34.0659 30 0
200000 -34.0659 -100 -34.0659 30 0
200100 -34.0659 -100 -34.0659 30 0.997326
200200 -34.0659 -100 -34.0659 30 0.997326
200300 -34.0659 -100 -34.0659 30 0.997326
200400 -34.0659 -100 -34.0659 30 0.997326
200500 -34.0659 -100 -34.0659 30 0.997326
200600 -34.0659 -100 -34.0659 30 0.997326
200700 -34.0659 -100 -34.0659 30 0.997326
200800 -34.0659 -100 -34.0659 30 0.997326
200900 -34.0659 -100 -34.0659 30 0.997326
201000 -34.0659 -100 -34.0659 30 0.997326
201100 -34.0659 -100 -34.0659 30 0.997326
201200 -34.0659 -100 -34.0659 30 0.997326
201300 -34.0659 -100 -34.0659 30 0.997326
201400 -34.0659 -100 -34.0659 30 0.997326
201500 -34.0659 -100 -34.0659 30 0.997326
201600 -34.0659 -100 -34.0659 30 0.997326
201700 -34.0659 -100 -34.0659 30 0.997326
201800 -34.0659 -100 -34.0659 30 0.997326
201900 -34.0659 -100 -34.0659 30 0.997326
202000 -34.0659 -100 -34.0659 30 0.997326
202100 -34.0659 -100 -34.0659 30 0.997326
202200 -34.0659 -100 -34.0659 30 0.997326
202300 -34.0659 -100 -34.0659 30 0.997326
202400 -34.0659 -100 -34.0659 30 0.997326
202500 -34.0659 -100 -34.0659 30 0.997326
202600 -34.0659 -100 -34.0659 30 0.997326
202700 -34.0659 -100 -34.0659 30 0.997326
202800 -34.0659 -100 -34.0659 30 0.997326
202900 -34.0659 -100 -34.0659 30 0.997326
203000 -34.0659 -100 -34.0659 30 0.997326
203100 -34.0659 -100 -34.0659 30 0.997326
203200 -34.0659 -100 -34.0659 30 0.997326
203300 -34.0659 -100 -34.0659 30 0.997326
203400 -34.0659 -100 -34.0659 30 0.997326
203500 -34.0659 -100 -34.0659 30 0.997326
203600 -34.0659 -100 -34.0659 30 0.997326
203700 -34.0659 -100 -34.0659 30 0.997326
203800 -34.0659 -100 -34.0659 30 0.997326
203900 -34.0659 -100 -34.0659 30 0.997326
204000 -34.0659 -100 -34.0659 30 0.997326
204100 -34.0659 -100 -34.0659 30 0.997326
204200 -34.0659 -100 -34.0659 30 0.997326
204300 -34.0659 -100 -34.0659 30 0.997326
204400 -34.0659 -100 -34.0659 30 0.997326
204500 -34.0659 -100 -34.0659 30 0.997326
204600 -34.0659 -100 -34.0659 30 0.997326
204700 -34.0659 -100 -34.0659 30 0.997326
204800 -34.0659 -100 -34.0659 30 0.997326
204900 -34.0659 -100 -34.0659 30 0.997326
205000 -34.0659 -100 -34.0659 30 0.997326
205100 -34.0659 -100 -34.0659 30 0.997326
205200 -34.0659 -100 -34.0659 30 0.997326
205300 -34.0659 -100 -34.0659 30 0.997326
205400 -34.0659 -100 -34.0659 30 0.997326
205500 -34.0659 -100 -34.0659 30 0.997326
205600 -34.0659 -100 -34.0659 30 0.997326
205700 -34.0659 -100 -34.0659 30 0.997326
205800 -34.0659 -100 -34.0659 30 0.997326
205900 -34.0659 -100 -34.0659 30 0.997326
206000 -34.0659 -100 -34.0659 30 0.997326
206100 -34.0659 -100 -34.0659 30 0.997326
206200 -34.0659 -100 -34.0659 30 0.997326
206300 -34.0659 -100 -34.0659 30 0.997326
206400 -34.0659 -100 -34.0659 30 0.997326
206500 -34.0659 -100 -34.0659 30 0.997326
206600 -34.0659 -100 -34.0659 30 0.997326
206700 -34.0659 -100 -34.0659 30 0.997326
206800 -34.0659 -100 -34.0659 30 0.997326
206900 -34.0659 -100 -34.0659 30 0.997326
207000 -34.0659 -100 -34.0659 30 0.997326
207100 -34.0659 -100 -34.0659 30 0.997326
207200 -34.0659 -100 -34.0659 30 0.997326
207300 -34.0659 -100 -34.0659 30 0.997326
207400 -34.0659 -100 -34.0659 30 0.997326
207500 -34.0659 -100 -34.0659 30 0.997326
207600 -34.0659 -100 -34.0659 30 0.997326
207700 -34.0659 -100 -34.0659 30 0.997326
207800 -34.0659 -100 -34.0659 30 0.997326
207900 -34.0659 -100 -34.0659 30 0.997326
208000 -34.0659 -100 -34.0659 30 0.997326
208100 -34.0659 -100 -34.0659 30 0.997326
208200 -34.0659 -100 -34.0659 30 0.997326
208300 -34.0659 -100 -34.0659 30 0.997326
208400 -34.0659 -100 -34.0659 30 0.997326
208500 -34.0659 -100 -34.0659 30 0.997326
208600 -34.0659 -100 -34.0659 30 0.997326
208700 -34.0659 -100 -34.0659 30 0.997326
208800 -34.0659 -100 -34.0659 30 0.997326
208900 -34.0659 -100 -34.0659 30 0.997326
209000 -34.0659 -100 -34.0659 30 0.997326
209100 -34.0659 -100 -34.0659 30 0.997326
209200 -34.0659 -100 -34.0659 30 0.997326
209300 -34.0659 -100 -34.0659 30 0.997326
209400 -34.0659 -100 -34.0659 30 0.997326
209500 -34.0659 -100 -34.0659 30 0.997326
209600 -34.0659 -100 -34.0659 30 0.997326
209700 -34.0659 -100 -34.0659 30 0.997326
209800 -34.0659 -100 -34.0659 30 0.997326
209900 -34.0659 -100 -34.0659 30 0.997326
210000 -34.0659 -100 -34.0659 30 0.997326
211000 -34.0659 -100 -34.0659 30 0.997326
212000 -34.0659 -100 -34.0659 30 0.997326
213000 -34.0659 -100 -34.0659 30 0.997326
214000 -34.0659 -100 -34.0659 30 0.997326
215000 -34.0659 -100 -34.0659 30 0.997326
216000 -34.0659 -100 -34.0659 30 0.997326
217000 -34.0659 -100 -34.0659 30 0.997326
218000 -34.0659 -100 -34.0659 30 0.997326
219000 -34.0659 -100 -34.0659 30 0.997326
220000 -34.0659 -100 -34.0659 30 0.997326
221000 -34.0659 -100 -34.0659 30 0.997326
222000 -34.0659 -100 -34.0659 30 0.997326
223000 -34.0659 -100 -34.0659 30 0.997326
224000 -34.0659 -100 -34.0659 30 0.997326
225000 -34.0659 -100 -34.0659 30 0.997326
226000 -34.0659 -100 -34.0659 30 0.997326
227000 -34.0659 -100 -34.0659 30 0.997326
228000 -34.0659 -100 -34.0659 30 0.997326
229000 -34.0659 -100 -34.0659 30 0.997326
230000 -34.0659 -100 -34.0659 30 0.997326
231000 -34.0659 -100 -34.0659 30 0.997326
232000 -34.0659 -100 -34.0659 30 0.997326
233000 -34.0659 -100 -34.0659 30 0.997326
234000 -34.0659 -100 -34.0659 30 0.997326
235000 -34.0659 -100 -34.0659 30 0.997326
236000 -34.0659 -100 -34.0659 30 0.997326
237000 -34.0659 -100 -34.0659 30 0.997326
238000 -34.0659 -100 -34.0659 30 0.997326
239000 -34.0659 -100 -34.0659 30 0.997326
240000 -34.0659 -100 -34.0659 30 0.997326
241000 -34.0659 -100 -34.0659 30 0.997326
242000 -34.0659 -100 -34.0659 30 0.997326
243000 -34.0659 -100 -34.0659 30 0.997326
244000 -34.0659 -100 -34.0659 30 0.997326
245000 -34.0659 -100 -34.0659 30 0.997326
246000 -34.0659 -100 -34.0659 30 0.997326
247000 -34.0659 -100 -34.0659 30 0.997326
248000 -34.0659 -100 -34.0659 30 0.997326
249000 -34.0659 -100 -34.0659 30 0.997326
250000 -34.0659 -100 -34.0659 30 0.997326
251000 -34.0659 -100 -34.0659 30 0.997326
252000 -34.0659 -100 -34.0659 30 0.997326
253000 -34.0659 -100 -34.0659 30 0.997326
254000 -34.0659 -100 -34.0659 30 0.997326
255000 -34.0659 -100 -34.0659 30 0.997326
256000 -34.0659 -100 -34.0659 30 0.997326
257000 -34.0659 -100 -34.0659 30 0.997326
258000 -34.0659 -100 -34.0659 30 0.997326
259000 -34.0659 -100 -34.0659 30 0.997326
260000 -34.0659 -100 -34.0659 30 0.997326
261000 -34.0659 -100 -34.0659 30 0.997326
262000 -34.0659 -100 -34.0659 30 0.997326
263000 -34.0659 -100 -34.0659 30 0.997326
264000 -34.0659 -100 -34.0659 30 0.997326
265000 -34.0659 -100 -34.0659 30 0.997326
266000 -34.0659 -100 -34.0659 30 0.997326
267000 -34.0659 -100 -34.0659 30 0.997326
268000 -34.0659 -100 -34.0659 30 0.997326
269000 -34.0659 -100 -34.0659 30 0.997326
270000 -34.0659 -100 -34.0659 30 0.997326
271000 -34.0659 -100 -34.0659 30 0.997326
272000 -34.0659 -100 -34.0659 30 0.997326
273000 -34.0659 -100 -34.0659 30 0.997326
274000 -34.0659 -100 -34.0659 30 0.997326
275000 -34.0659 -100 -34.0659 30 0.997326
276000 -34.0659 -100 -34.0659 30 0.997326
277000 -34.0659 -100 -34.0659 30 0.997326
278000 -34.0659 -100 -34.0659 30 0.997326
279000 -34.0659 -100 -34.0659 30 0.997326
280000 -34.0659 -100 -34.0659 30 0.997326
281000 -34.0659 -100 -34.0659 30 0.997326
282000 -34.0659 -100 -34.0659 30 0.997326
283000 -34.0659 -100 -34.0659 30 0.997326
284000 -34.0659 -100 -34.0659 30 0.997326
285000 -34.0659 -100 -34.0659 30 0.997326
286000 -34.0659 -100 -34.0659 30 0.997326
287000 -34.0659 -100 -34.0659 30 0.997326
288000 -34.0659 -100 -34.0659 30 0.997326
289000 -34.0659 -100 -34.0659 30 0.997326
290000 -34.0659 -100 -34.0659 30 0.997326
291000 -34.0659 -100 -34.0659 30 0.997326
292000 -34.0659 -100 -34.0659 30 0.997326
293000 -34.0659 -100 -34.0659 30 0.997326
294000 -34.0659 -100 -34.0659 30 0.997326
295000 -34.0659 -100 -34.0659 30 0.997326
296000 -34.0659 -100 -34.0659 30 0.997326
297000 -34.0659 -100 -34.0659 30 0.997326
298000 -34.0659 -100 -34.0659 30 0.997326
299000 -34.0659 -100 -34.0659 30 0.997326
300000 -34.0659 -100 -34.0659 30 0.997326
301000 -34.0659 -100 -34.0659 30 0.997326
302000 -34.0659 -100 -34.0659 30 0.997326
303000 -34.0659 -100 -34.0659 30 0.997326
304000 -34.0659 -100 -34.0659 30 0.997326
305000 -34.0659 -100 -34.0659 30 0.997326
306000 -34.0659 -100 -34.0659 30 0.997326
307000 -34.0659 -100 -34.0659 30 0.997326
308000 -34.0659 -100 -34.0659 30 0.997326
309000 -34.0659 -100 -34.0659 30 0.997326
310000 -34.0659 -100 -34.0659 30 0.997326
311000 -34.0659 -100 -34.0659 30 0.997326
312000 -34.0659 -100 -34.0659 30 0.997326
313000 -34.0659 -100 -34.0659 30 0.997326
314000 -34.0659 -100 -34.0659 30 0.997326
315000 -34.0659 -100 -34.0659 30 0.997326
316000 -34.0659 -100 -34.0659 30 0.997326
317000 -34.0659 -100 -34.0659 30 0.997326
318000 -34.0659 -100 -34.0659 30 0.997326
319000 -34.0659 -100 -34.0659 30 0.997326
320000 -34.0659 -100 -34.0659 30 0.997326
321000 -34.0659 -100 -34.0659 30 0.997326
322000 -34.0659 -100 -34.0659 30 0.997326
323000 -34.0659 -100 -34.0659 30 0.997326
324000 -34.0659 -100 -34.0659 30 0.997326
325000 -34.0659 -100 -34.0659 30 0.997326
326000 -34.0659 -100 -34.0659 30 0.997326
327000 -34.0659 -100 -34.0659 30 0.997326
328000 -34.0659 -100 -34.0659 30 0.997326
329000 -34.0659 -100 -34.0659 30 0.997326
330000 -34.0659 -100 -34.0659 30 0.997326
331000 -34.0659 -100 -34.0659 30 0.997326
332000 -34.0659 -100 -34.0659 30 0.997326
333000 -34.0659 -100 -34.0659 30 0.997326
334000 -34.0659 -100 -34.0659 30 0.997326
335000 -34.0659 -100 -34.0659 30 0.997326
336000 -34.0659 -100 -34.0659 30 0.997326
337000 -34.0659 -100 -34.0659 30 0.997326
338000 -34.0659 -100 -34.0659 30 0.997326
339000 -34.0659 -100 -34.0659 30 0.997326
340000 -34.0659 -100 -34.0659 30 0.997326
341000 -34.0659 -100 -34.0659 30 0.997326
342000 -34.0659 -100 -34.0659 30 0.997326
343000 -34.0659 -100 -34.0659 30 0.997326
344000 -34.0659 -100 -34.0659 30 0.997326
345000 -34.0659 -100 -34.0659 30 0.997326
346000 -34.0659 -100 -34.0659 30 0.997326
347000 -34.0659 -100 -34.0659 30 0.997326
348000 -34.0659 -100 -34.0659 30 0.997326
349000 -34.0659 -100 -34.0659 30 0.997326
350000 -34.0659 -100 -34.0659 30 0.997326
351000 -34.0659 -100 -34.0659 30 0.997326
352000 -34.0659 -100 -34.0659 30 0.997326
353000 -34.0659 -100 -34.0659 30 0.997326
354000 -34.0659 -100 -34.0659 30 0.997326
355000 -34.0659 -100 -34.0659 30 0.997326
356000 -34.0659 -100 -34.0659 30 0.997326
357000 -34.0659 -100 -34.0659 30 0.997326
358000 -34.0659 -100 -34.0659 30 0.997326
359000 -34.0659 -100 -34.0659 30 0.997326
360000 -34.0659 -100 -34.0659 30 0.997326
361000 -34.0659 -100 -34.0659 30 0.997326
362000 -34.0659 -100 -34.0659 30 0.997326
363000 -34.0659 -100 -34.0659 30 0.997326
364000 -34.0659 -100 -34.0659 30 0.997326
365000 -34.0659 -100 -34.0659 30 0.997326
366000 -34.0659 -100 -34.0659 30 0.997326
367000 -34.0659 -100 -34.0659 30 0.997326
368000 -34.0659 -100 -34.0659 30 0.997326
369000 -34.0659 -100 -34.0659 30 0.997326
370000 -34.0659 -100 -34.0659 30 0.997326
371000 -34.0659 -100 -34.0659 30 0.997326
372000 -34.0659 -100 -34.0659 30 0.997326
373000 -34.0659 -100 -34.0659 30 0.997326
374000 -34.0659 -100 -34.0659 30 0.997326
375000 -34.0659 -100 -34.0659 30 0.997326
376000 -34.0659 -100 -34.0659 30 0.997326
377000 -34.0659 -100 -34.0659 30 0.997326
378000 -34.0659 -100 -34.0659 30 0.997326
379000 -34.0659 -100 -34.0659 30 0.997326
380000 -34.0659 -100 -34.0659 30 0.997326
381000 -34.0659 -100 -34.0659 30 0.997326
382000 -34.0659 -100 -34.0659 30 0.997326
383000 -34.0659 -100 -34.0659 30 0.997326
384000 -34.0659 -100 -34.0659 30 0.997326
385000 -34.0659 -100 -34.0659 30 0.997326
386000 -34.0659 -100 -34.0659 30 0.997326
387000 -34.0659 -100 -34.0659 30 0.997326
388000 -34.0659 -100 -34.0659 30 0.997326
389000 -34.0659 -100 -34.0659 30 0.997326
390000 -34.0659 -100 -34.0659 30 0.997326
391000 -34.0659 -100 -34.0659 30 0.997326
392000 -34.0659 -100 -34.0659 30 0.997326
393000 -34.0659 -100 -34.0659 30 0.997326
394000 -34.0659 -100 -34.0659 30 0.997326
395000 -34.0659 -100 -34.0659 30 0.997326
396000 -34.0659 -100 -34.0659 30 0.997326
397000 -34.0659 -100 -34.0659 30 0.997326
398000 -34.0659 -100 -34.0659 30 0.997326
399000 -34.0659 -100 -34.0659 30 0.997326
400000 -34.0659 -100 -34.0659 30 0.997326
401000 -34.0659 -100 -34.0659 30 0.997326
402000 -34.0659 -100 -34.0659 30 0.997326
403000 -34.0659 -100 -34.0659 30 0.997326
404000 -34.0659 -100 -34.0659 30 0.997326
405000 -34.0659 -100 -34.0659 30 0.997326
406000 -34.0659 -100 -34.0659 30 0.997326
407000 -34.0659 -100 -34.0659 30 0.997326
408000 -34.0659 -100 -34.0659 30 0.997326
409000 -34.0659 -100 -34.0659 30 0.997326
410000 -34.0659 -100 -34.0659 30 0.997326
0.005 -36.1944 -100.221 -36.1944 13.8756 0.792242
0.01 -36.1321 -100.038 -36.1321 17.7009 0.822508
0.015 -36.2126 -99.8169 -36.2126 21.1513 0.852044
0.02 -36.4257 -99.6963 -36.4257 24.446 0.882242
0.025 -36.7237 -99.6287 -36.7237 27.6088 0.913004
0.03 -37.0785 -99.5911 -37.0785 30.6665 0.944305
0.035 -37.5066 -99.4907 -37.5066 33.5468 0.973952
0.04 -38.2152 -99.0137 -38.2152 36.0061 0.993303
0.045 -39.622 -98.6525 -39.622 37.9981 0.994916
0.05 -41.246 -98.9581 -41.246 39.9616 0.995058
0.055 -42.7414 -98.6603 -42.7414 41.7229 0.99472
0.06 -44.3462 -98.9316 -44.3462 43.4828 0.994489
0.065 -45.8198 -98.7209 -45.8198 45.0722 0.994291
0.07 -47.3473 -98.8628 -47.3473 46.6453 0.994185
0.075 -48.7976 -98.7763 -48.7976 48.1 0.994097
0.08 -50.2699 -98.8704 -50.2699 49.5062 0.993687
0.085 -51.6907 -98.8841 -51.6907 50.8246 0.993275
0.09 -53.0713 -98.876 -53.0713 52.071 0.992869
0.095 -54.4302 -98.9268 -54.4302 53.2689 0.992478
0.1 -55.7479 -98.9541 -55.7479 54.4032 0.992095
0.105 -57.0329 -98.9943 -57.0329 55.4864 0.991725
0.11 -58.2801 -99.0254 -58.2801 56.5163 0.991367
0.115 -59.4839 -99.0258 -59.4839 57.4895 0.991017
0.12 -60.6436 -98.9933 -60.6436 58.4074 0.990676
0.125 -61.7967 -99.0752 -61.7967 59.3148 0.990362
0.13 -62.8898 -99.0535 -62.8898 60.1523 0.990048
0.135 -63.9726 -99.124 -63.9726 60.9791 0.989757
0.14 -65.0104 -99.1456 -65.0104 61.7559 0.989473
0.145 -66.0147 -99.1624 -66.0147 62.4972 0.989201
0.15 -66.9929 -99.1996 -66.9929 63.213 0.988942
0.155 -67.9351 -99.2162 -67.9351 63.8919 0.988693
0.16 -68.8565 -99.2666 -68.8565 64.5533 0.988459
0.165 -69.7352 -99.2657 -69.7352 65.1706 0.988229
0.17 -70.5964 -99.3055 -70.5964 65.7756 0.988015
0.175 -71.4205 -99.3098 -71.4205 66.3439 0.987806
0.18 -72.2241 -99.3377 -72.2241 66.8969 0.98761
0.185 -72.9968 -99.3474 -72.9968 67.4212 0.987421
0.19 -73.7427 -99.3528 -73.7427 67.9227 0.98724
0.195 -74.4697 -99.3781 -74.4697 68.4111 0.987071
0.2 -75.172 -99.3996 -75.172 68.879 0.98691
0.205 -75.85 -99.416 -75.85 69.3267 0.986755
0.21 -76.509 -99.4442 -76.509 69.7614 0.98661
0.215 -77.1389 -99.4458 -77.1389 70.1696 0.986469
0.22 -77.7537 -99.4682 -77.7537 70.5696 0.986338
0.225 -78.3472 -99.4863 -78.3472 70.9528 0.986213
0.23 -78.9186 -99.496 -78.9186 71.3183 0.986093
0.235 -79.4744 -99.5172 -79.4744 71.6744 0.985982
0.24 -80.0104 -99.533 -80.0104 72.0151 0.985875
0.245 -80.5315 -99.558 -80.5315 72.3469 0.985776
0.25 -81.0318 -99.5702 -81.0318 72.6616 0.98568
0.255 -81.519 -99.5941 -81.519 72.9693 0.985591
0.26 -81.9863 -99.6047 -81.9863 73.2607 0.985506
0.265 -82.4406 -99.6235 -82.4406 73.5448 0.985426
0.27 -82.8776 -99.6347 -82.8776 73.8156 0.98535
0.275 -83.2969 -99.6356 -83.2969 74.0724 0.985277
0.28 -83.7071 -99.6531 -83.7071 74.3264 0.985211
0.285 -84.1017 -99.6635 -84.1017 74.5687 0.985148
0.29 -84.4838 -99.6758 -84.4838 74.803 0.98509
0.295 -84.853 -99.687 -84.853 75.0287 0.985035
0.3 -85.2098 -99.6979 -85.2098 75.2463 0.984983
0.305 -85.5531 -99.7034 -85.5531 75.454 0.984935
0.31 -85.887 -99.7155 -85.887 75.6571 0.98489
0.315 -86.2091 -99.7247 -86.2091 75.852 0.984849
0.32 -86.5206 -99.7344 -86.5206 76.0403 0.984811
0.325 -86.8217 -99.7435 -86.8217 76.2219 0.984775
0.33 -87.1127 -99.7524 -87.1127 76.3972 0.984743
0.335 -87.3941 -99.7609 -87.3941 76.5663 0.984713
0.34 -87.6662 -99.7691 -87.6662 76.7296 0.984686
0.345 -87.9291 -99.777 -87.9291 76.8872 0.984662
0.35 -88.1834 -99.7846 -88.1834 77.0394 0.984639
0.355 -88.4292 -99.792 -88.4292 77.1863 0.984619
0.36 -88.6669 -99.799 -88.6669 77.3283 0.984602
0.365 -88.8961 -99.8042 -88.8961 77.4646 0.984586
0.37 -89.1185 -99.8115 -89.1185 77.5973 0.984573
0.375 -89.3334 -99.8176 -89.3334 77.7252 0.984561
0.38 -89.5412 -99.8238 -89.5412 77.8488 0.984552
0.385 -89.7407 -99.8255 -89.7407 77.9664 0.984543
0.39 -89.9355 -99.8329 -89.9355 78.0826 0.984538
0.395 -90.1233 -99.838 -90.1233 78.1941 0.984533
0.4 -90.3055 -99.8448 -90.3055 78.3026 0.984531
0.405 -90.4812 -99.8495 -90.4812 78.4068 0.98453
0.41 -90.6514 -99.8547 -90.6514 78.5079 0.98453
0.415 -90.8159 -99.8595 -90.8159 78.6055 0.984532
0.42 -90.9752 -99.8641 -90.9752 78.7 0.984535
0.425 -91.1289 -99.8675 -91.1289 78.791 0.98454
0.43 -91.2784 -99.8733 -91.2784 78.8801 0.984546
0.435 -91.4225 -99.877 -91.4225 78.9655 0.984553
0.44 -91.5622 -99.8812 -91.5622 79.0485 0.984561
0.445 -91.6976 -99.886 -91.6976 79.1292 0.984571
0.45 -91.8283 -99.8894 -91.8283 79.2067 0.984581
0.455 -91.9549 -99.8931 -91.9549 79.2821 0.984593
0.46 -92.0775 -99.8965 -92.0775 79.355 0.984605
0.465 -92.1962 -99.8998 -92.1962 79.4256 0.984619
0.47 -92.3111 -99.903 -92.3111 79.4941 0.984633
0.475 -92.4224 -99.9062 -92.4224 79.5604 0.984649
0.48 -92.5302 -99.9092 -92.5302 79.6247 0.984665
0.485 -92.6346 -99.912 -92.6346 79.6871 0.984682
0.49 -92.7357 -99.9149 -92.7357 79.7476 0.9847
0.495 -92.8336 -99.9175 -92.8336 79.8062 0.984719
0.5 -92.9286 -99.9202 -92.9286 79.8631 0.984738
0.505 -93.0205 -99.9226 -93.0205 79.9182 0.984758
0.51 -93.1097 -99.9251 -93.1097 79.9718 0.984779
0.515 -93.1961 -99.9274 -93.1961 80.0238 0.984801
0.52 -93.2799 -99.9296 -93.2799 80.0743 0.984823
0.525 -93.3611 -99.9318 -93.3611 80.1233 0.984846
0.53 -93.4398 -99.9339 -93.4398 80.1709 0.984869
0.535 -93.5162 -99.9359 -93.5162 80.2171 0.984893
0.54 -93.5902 -99.9379 -93.5902 80.262 0.984918
0.545 -93.6621 -99.9397 -93.6621 80.3057 0.984943
0.55 -93.7318 -99.9416 -93.7318 80.3481 0.984968
0.555 -93.7994 -99.9433 -93.7994 80.3894 0.984994
0.56 -93.8651 -99.945 -93.8651 80.4295 0.985021
0.565 -93.9287 -99.9462 -93.9287 80.4684 0.985047
0.57 -93.9903 -99.9471 -93.9903 80.506 0.985075
0.575 -94.0505 -99.9489 -94.0505 80.5431 0.985103
0.58 -94.1088 -99.9503 -94.1088 80.5791 0.985131
0.585 -94.1655 -99.9517 -94.1655 80.6141 0.985159
0.59 -94.2205 -99.9531 -94.2205 80.6482 0.985188
0.595 -94.274 -99.9544 -94.274 80.6815 0.985218
0.6 -94.326 -99.9557 -94.326 80.7139 0.985247
0.605 -94.3766 -99.957 -94.3766 80.7455 0.985277
0.61 -94.4258 -99.9582 -94.4258 80.7762 0.985308
0.615 -94.4736 -99.9593 -94.4736 80.8063 0.985338
0.62 -94.5201 -99.9605 -94.5201 80.8356 0.985369
0.625 -94.5653 -99.9615 -94.5653 80.8642 0.985401
0.63 -94.6094 -99.9626 -94.6094 80.8921 0.985432
0.635 -94.6522 -99.9636 -94.6522 80.9193 0.985464
0.64 -94.694 -99.9645 -94.694 80.9459 0.985496
0.645 -94.7344 -99.9649 -94.7344 80.9716 0.985528
0.65 -94.7741 -99.966 -94.7741 80.9971 0.985561
0.655 -94.8126 -99.9669 -94.8126 81.0219 0.985594
0.66 -94.8502 -99.9677 -94.8502 81.0462 0.985627
0.665 -94.8868 -99.9686 -94.8868 81.0699 0.98566
0.67 -94.9226 -99.9693 -94.9226 81.0932 0.985693
0.675 -94.9574 -99.9701 -94.9574 81.1159 0.985727
0.68 -94.9914 -99.9709 -94.9914 81.1382 0.985761
0.685 -95.0246 -99.9716 -95.0246 81.1599 0.985795
0.69 -95.0569 -99.9723 -95.0569 81.1813 0.985829
0.695 -95.0886 -99.9729 -95.0886 81.2022 0.985863
0.7 -95.1194 -99.9736 -95.1194 81.2227 0.985897
0.705 -95.1496 -99.9742 -95.1496 81.2428 0.985932
0.71 -95.1791 -99.9748 -95.1791 81.2626 0.985967
0.715 -95.2079 -99.9753 -95.2079 81.2819 0.986002
0.72 -95.236 -99.9759 -95.236 81.3009 0.986037
0.725 -95.2636 -99.9764 -95.2636 81.3195 0.986072
0.73 -95.2905 -99.977 -95.2905 81.3378 0.986108
0.735 -95.3169 -99.9775 -95.3169 81.3558 0.986143
0.74 -95.3427 -99.9779 -95.3427 81.3735 0.986179
0.745 -95.368 -99.9784 -95.368 81.3909 0.986214
0.75 -95.3928 -99.9788 -95.3928 81.408 0.98625
0.755 -95.417 -99.9793 -95.417 81.4248 0.986286
0.76 -95.4408 -99.9797 -95.4408 81.4413 0.986322
0.765 -95.4641 -99.9801 -95.4641 81.4576 0.986358
0.77 -95.487 -99.9805 -95.487 81.4736 0.986395
0.775 -95.5094 -99.9809 -95.5094 81.4894 0.986431
0.78 -95.5314 -99.9812 -95.5314 81.5049 0.986468
0.785 -95.553 -99.9816 -95.553 81.5203 0.986504
0.79 -95.5742 -99.9819 -95.5742 81.5354 0.986541
0.795 -95.5951 -99.9822 -95.5951 81.5503 0.986577
0.8 -95.6155 -99.9825 -95.6155 81.565 0.986614
0.805 -95.6356 -99.9829 -95.6356 81.5795 0.986651
0.81 -95.6554 -99.9831 -95.6554 81.5938 0.986688
0.815 -95.6749 -99.9834 -95.6749 81.6079 0.986725
0.82 -95.694 -99.9837 -95.694 81.6218 0.986762
0.825 -95.7129 -99.984 -95.7129 81.6356 0.986799
0.83 -95.7314 -99.9842 -95.7314 81.6492 0.986836
0.835 -95.7497 -99.9845 -95.7497 81.6627 0.986874
0.84 -95.7677 -99.9847 -95.7677 81.676 0.986911
0.845 -95.7854 -99.9849 -95.7854 81.6892 0.986948
0.85 -95.8029 -99.9851 -95.8029 81.7022 0.986986
0.855 -95.8201 -99.9854 -95.8201 81.7151 0.987023
0.86 -95.8371 -99.9856 -95.8371 81.7278 0.987061
0.865 -95.8538 -99.9858 -95.8538 81.7404 0.987098
0.87 -95.8704 -99.986 -95.8704 81.7529 0.987136
0.875 -95.8867 -99.9861 -95.8867 81.7653 0.987174
0.88 -95.9028 -99.9863 -95.9028 81.7776 0.987212
0.885 -95.9187 -99.9865 -95.9187 81.7897 0.987249
0.89 -95.9345 -99.9866 -95.9345 81.8018 0.987287
0.895 -95.95 -99.9868 -95.95 81.8137 0.987325
0.9 -95.9654 -99.9871 -95.9654 81.8256 0.987363
0.905 -95.9806 -99.9872 -95.9806 81.8374 0.987401
0.91 -95.9956 -99.9873 -95.9956 81.8491 0.987439
0.915 -96.0105 -99.9875 -96.0105 81.8606 0.987477
0.92 -96.0252 -99.9876 -96.0252 81.8721 0.987515
0.925 -96.0398 -99.9877 -96.0398 81.8835 0.987553
0.93 -96.0542 -99.9879 -96.0542 81.8948 0.987591
0.935 -96.0684 -99.9878 -96.0684 81.906 0.987629
0.94 -96.0826 -99.988 -96.0826 81.9172 0.987667
0.945 -96.0966 -99.9881 -96.0966 81.9283 0.987706
0.95 -96.1105 -99.9882 -96.1105 81.9393 0.987744
0.955 -96.1243 -99.9883 -96.1243 81.9503 0.987782
0.96 -96.1379 -99.9883 -96.1379 81.9612 0.98782
0.965 -96.1515 -99.9885 -96.1515 81.9721 0.987859
0.97 -96.1649 -99.9885 -96.1649 81.9828 0.987897
0.975 -96.1783 -99.9887 -96.1783 81.9936 0.987936
0.98 -96.1915 -99.9887 -96.1915 82.0042 0.987974
0.985 -96.2046 -99.9888 -96.2046 82.0148 0.988012
0.99 -96.2177 -99.9889 -96.2177 82.0254 0.988051
0.995 -96.2306 -99.989 -96.2306 82.0359 0.988089
1 -96.2435 -99.9891 -96.2435 82.0464 0.988128
1.005 -96.2563 -99.9891 -96.2563 82.0568 0.988166
1.01 -96.269 -99.9892 -96.269 82.0672 0.988205
1.015 -96.2816 -99.9893 -96.2816 82.0775 0.988243
1.02 -96.2942 -99.9893 -96.2942 82.0878 0.988282
1.025 -96.3067 -99.9894 -96.3067 82.098 0.98832
1.03 -96.3191 -99.9895 -96.3191 82.1082 0.988359
1.035 -96.3314 -99.9894 -96.3314 82.1184 0.988398
1.04 -96.3437 -99.9895 -96.3437 82.1285 0.988436
1.045 -96.3559 -99.9896 -96.3559 82.1386 0.988475
1.05 -96.368 -99.9896 -96.368 82.1487 0.988514
1.055 -96.3801 -99.9897 -96.3801 82.1587 0.988552
1.06 -96.3922 -99.9898 -96.3922 82.1688 0.988591
1.065 -96.4042 -99.9898 -96.4042 82.1788 0.98863
1.07 -96.4161 -99.9898 -96.4161 82.1887 0.988668
1.075 -96.428 -99.9898 -96.428 82.1986 0.988707
1.08 -96.4398 -99.9899 -96.4398 82.2085 0.988746
1.085 -96.4516 -99.9899 -96.4516 82.2184 0.988785
1.09 -96.4634 -99.99 -96.4634 82.2282 0.988824
1.095 -96.4751 -99.99 -96.4751 82.238 0.988862
1.1 -96.4868 -99.99 -96.4868 82.2478 0.988901
1.105 -96.4984 -99.9901 -96.4984 82.2576 0.98894
1.11 -96.51 -99.9901 -96.51 82.2674 0.988979
1.115 -96.5215 -99.9901 -96.5215 82.2771 0.989018
1.12 -96.533 -99.9902 -96.533 82.2868 0.989056
1.125 -96.5445 -99.9902 -96.5445 82.2965 0.989095
1.13 -96.556 -99.9902 -96.556 82.3062 0.989134
1.135 -96.5674 -99.9903 -96.5674 82.3159 0.989173
1.14 -96.5788 -99.9903 -96.5788 82.3255 0.989212
1.145 -96.5901 -99.9903 -96.5901 82.3352 0.989251
1.15 -96.6014 -99.9903 -96.6014 82.3448 0.98929
1.155 -96.6127 -99.9904 -96.6127 82.3544 0.989329
1.16 -96.624 -99.9904 -96.624 82.364 0.989368
1.165 -96.6353 -99.9904 -96.6353 82.3736 0.989407
1.17 -96.6465 -99.9904 -96.6465 82.3831 0.989446
1.175 -96.6577 -99.9904 -96.6577 82.3927 0.989485
1.18 -96.6689 -99.9905 -96.6689 82.4022 0.989524
1.185 -96.68 -99.9905 -96.68 82.4117 0.989563
1.19 -96.6912 -99.9905 -96.6912 82.4212 0.989602
1.195 -96.7023 -99.9905 -96.7023 82.4307 0.989641
1.2 -96.7134 -99.9905 -96.7134 82.4402 0.98968
1.205 -96.7245 -99.9906 -96.7245 82.4497 0.989719
1.21 -96.7355 -99.9906 -96.7355 82.4592 0.989758
1.215 -96.7466 -99.9906 -96.7466 82.4687 0.989797
1.22 -96.7576 -99.9906 -96.7576 82.4781 0.989836
1.225 -96.7686 -99.9906 -96.7686 82.4876 0.989875
1.23 -96.7797 -99.9906 -96.7797 82.497 0.989914
1.235 -96.7907 -99.9907 -96.7907 82.5065 0.989953
1.24 -96.8016 -99.9907 -96.8016 82.5159 0.989992
1.245 -96.8126 -99.9907 -96.8126 82.5253 0.990031
1.25 -96.8236 -99.9907 -96.8236 82.5347 0.99007
1.255 -96.8345 -99.9907 -96.8345 82.5442 0.990109
1.26 -96.8454 -99.9908 -96.8454 82.5536 0.990148
1.265 -96.8563 -99.9908 -96.8563 82.563 0.990188
1.27 -96.8672 -99.9908 -96.8672 82.5724 0.990227
1.275 -96.8781 -99.9908 -96.8781 82.5817 0.990266
1.28 -96.889 -99.9908 -96.889 82.5911 0.990305
1.285 -96.8999 -99.9908 -96.8999 82.6005 0.990344
1.29 -96.9108 -99.9908 -96.9108 82.6099 0.990383
1.295 -96.9216 -99.9908 -96.9216 82.6192 0.990422
1.3 -96.9325 -99.9908 -96.9325 82.6286 0.990462
1.305 -96.9433 -99.9908 -96.9433 82.638 0.990501
1.31 -96.9542 -99.9908 -96.9542 82.6473 0.99054
1.315 -96.965 -99.9908 -96.965 82.6567 0.990579
1.32 -96.9759 -99.9908 -96.9759 82.666 0.990618
1.325 -96.9867 -99.9909 -96.9867 82.6754 0.990657
1.33 -96.9975 -99.9909 -96.9975 82.6847 0.990697
1.335 -97.0083 -99.9909 -97.0083 82.6941 0.990736
1.34 -97.0191 -99.9909 -97.0191 82.7034 0.990775
1.345 -97.0299 -99.9909 -97.0299 82.7128 0.990814
1.35 -97.0407 -99.9909 -97.0407 82.7221 0.990854
1.355 -97.0515 -99.9909 -97.0515 82.7314 0.990893
1.36 -97.0623 -99.9909 -97.0623 82.7408 0.990932
1.365 -97.0731 -99.9909 -97.0731 82.7501 0.990971
1.37 -97.0839 -99.9909 -97.0839 82.7594 0.99101
1.375 -97.0946 -99.9909 -97.0946 82.7688 0.99105
1.38 -97.1054 -99.9909 -97.1054 82.7781 0.991089
1.385 -97.1162 -99.9909 -97.1162 82.7874 0.991128
1.39 -97.127 -99.9909 -97.127 82.7968 0.991168
1.395 -97.1377 -99.9909 -97.1377 82.8061 0.991207
1.4 -97.1485 -99.9909 -97.1485 82.8154 0.991246
1.405 -97.1593 -99.9909 -97.1593 82.8247 0.991285
1.41 -97.17 -99.9909 -97.17 82.8341 0.991325
1.415 -97.1808 -99.9909 -97.1808 82.8434 0.991364
1.42 -97.1916 -99.9909 -97.1916 82.8527 0.991403
1.425 -97.2023 -99.9909 -97.2023 82.862 0.991443
1.43 -97.2131 -99.9909 -97.2131 82.8713 0.991482
1.435 -97.2238 -99.9909 -97.2238 82.8807 0.991521
1.44 -97.2346 -99.9909 -97.2346 82.89 0.991561
1.445 -97.2454 -99.9909 -97.2454 82.8993 0.9916
1.45 -97.2561 -99.9909 -97.2561 82.9086 0.991639
1.455 -97.2669 -99.9909 -97.2669 82.918 0.991679
1.46 -97.2776 -99.9909 -97.2776 82.9273 0.991718
1.465 -97.2884 -99.9909 -97.2884 82.9366 0.991757
1.47 -97.2992 -99.9909 -97.2992 82.9459 0.991797
1.475 -97.3099 -99.9909 -97.3099 82.9553 0.991836
1.48 -97.3207 -99.9909 -97.3207 82.9646 0.991876
1.485 -97.3314 -99.9909 -97.3314 82.9739 0.991915
1.49 -97.3422 -99.9909 -97.3422 82.9833 0.991954
1.495 -97.353 -99.9909 -97.353 82.9926 0.991994
1.5 -97.3637 -99.9909 -97.3637 83.0019 0.992033
1.505 -97.3745 -99.9909 -97.3745 83.0113 0.992073
1.51 -97.3852 -99.9909 -97.3852 83.0206 0.992112
1.515 -97.396 -99.9909 -97.396 83.0299 0.992151
1.52 -97.4068 -99.9909 -97.4068 83.0393 0.992191
1.525 -97.4176 -99.9909 -97.4176 83.0486 0.99223
1.53 -97.4283 -99.9909 -97.4283 83.0579 0.99227
1.535 -97.4391 -99.9909 -97.4391 83.0673 0.992309
1.54 -97.4499 -99.9909 -97.4499 83.0766 0.992349
1.545 -97.4606 -99.9909 -97.4606 83.086 0.992388
1.55 -97.4714 -99.9909 -97.4714 83.0953 0.992427
1.555 -97.4822 -99.9909 -97.4822 83.1046 0.992467
1.56 -97.493 -99.9909 -97.493 83.114 0.992506
1.565 -97.5038 -99.9909 -97.5038 83.1233 0.992546
1.57 -97.5146 -99.9909 -97.5146 83.1327 0.992585
1.575 -97.5253 -99.9909 -97.5253 83.142 0.992625
1.58 -97.5361 -99.9909 -97.5361 83.1514 0.992664
1.585 -97.5469 -99.9909 -97.5469 83.1607 0.992704
1.59 -97.5577 -99.9909 -97.5577 83.1701 0.992743
1.595 -97.5685 -99.9909 -97.5685 83.1795 0.992783
1.6 -97.5793 -99.9909 -97.5793 83.1888 0.992822
1.605 -97.5901 -99.9909 -97.5901 83.1982 0.992862
1.61 -97.6009 -99.9909 -97.6009 83.2075 0.992901
1.615 -97.6117 -99.9909 -97.6117 83.2169 0.992941
1.62 -97.6226 -99.9909 -97.6226 83.2263 0.99298
1.625 -97.6334 -99.9909 -97.6334 83.2357 0.99302
1.63 -97.6442 -99.9909 -97.6442 83.245 0.993059
1.635 -97.655 -99.9909 -97.655 83.2544 0.993099
1.64 -97.6658 -99.9909 -97.6658 83.2638 0.993139
1.645 -97.6767 -99.9909 -97.6767 83.2732 0.993178
1.65 -97.6875 -99.9909 -97.6875 83.2825 0.993218
1.655 -97.6983 -99.9909 -97.6983 83.2919 0.993257
1.66 -97.7092 -99.9909 -97.7092 83.3013 0.993297
1.665 -97.72 -99.9909 -97.72 83.3107 0.993336
1.67 -97.7308 -99.9909 -97.7308 83.3201 0.993376
1.675 -97.7417 -99.9909 -97.7417 83.3295 0.993416
1.68 -97.7525 -99.9909 -97.7525 83.3389 0.993455
1.685 -97.7634 -99.9909 -97.7634 83.3483 0.993495
1.69 -97.7742 -99.9909 -97.7742 83.3577 0.993534
1.695 -97.7851 -99.9909 -97.7851 83.3671 0.993574
1.7 -97.796 -99.9909 -97.796 83.3765 0.993614
1.705 -97.8068 -99.9909 -97.8068 83.3859 0.993653
1.71 -97.8177 -99.9909 -97.8177 83.3953 0.993693
1.715 -97.8286 -99.9909 -97.8286 83.4047 0.993733
1.72 -97.8395 -99.9909 -97.8395 83.4141 0.993772
1.725 -97.8503 -99.9909 -97.8503 83.4235 0.993812
1.73 -97.8612 -99.9909 -97.8612 83.4329 0.993851
1.735 -97.8721 -99.9909 -97.8721 83.4424 0.993891
1.74 -97.883 -99.9909 -97.883 83.4518 0.993931
1.745 -97.8939 -99.9909 -97.8939 83.4612 0.99397
1.75 -97.9048 -99.9909 -97.9048 83.4706 0.99401
1.755 -97.9157 -99.9909 -97.9157 83.4801 0.99405
1.76 -97.9266 -99.9909 -97.9266 83.4895 0.994089
1.765 -97.9375 -99.9909 -97.9375 83.499 0.994129
1.77 -97.9484 -99.9908 -97.9484 83.5084 0.994169
1.775 -97.9594 -99.9908 -97.9594 83.5178 0.994209
1.78 -97.9703 -99.9908 -97.9703 83.5273 0.994248
1.785 -97.9812 -99.9908 -97.9812 83.5367 0.994288
1.79 -97.9922 -99.9908 -97.9922 83.5462 0.994328
1.795 -98.0031 -99.9908 -98.0031 83.5556 0.994367
1.8 -98.014 -99.9908 -98.014 83.5651 0.994407
1.805 -98.025 -99.9908 -98.025 83.5745 0.994447
1.81 -98.0359 -99.9908 -98.0359 83.584 0.994487
1.815 -98.0469 -99.9908 -98.0469 83.5935 0.994526
1.82 -98.0579 -99.9908 -98.0579 83.6029 0.994566
1.825 -98.0688 -99.9908 -98.0688 83.6124 0.994606
1.83 -98.0798 -99.9908 -98.0798 83.6219 0.994646
1.835 -98.0908 -99.9908 -98.0908 83.6314 0.994685
1.84 -98.1017 -99.9908 -98.1017 83.6408 0.994725
1.845 -98.1127 -99.9908 -98.1127 83.6503 0.994765
1.85 -98.1237 -99.9908 -98.1237 83.6598 0.994805
1.855 -98.1347 -99.9908 -98.1347 83.6693 0.994844
1.86 -98.1457 -99.9908 -98.1457 83.6788 0.994884
1.865 -98.1567 -99.9908 -98.1567 83.6883 0.994924
1.87 -98.1677 -99.9908 -98.1677 83.6978 0.994964
1.875 -98.1787 -99.9908 -98.1787 83.7073 0.995004
1.88 -98.1897 -99.9908 -98.1897 83.7168 0.995043
1.885 -98.2008 -99.9908 -98.2008 83.7263 0.995083
1.89 -98.2118 -99.9908 -98.2118 83.7358 0.995123
1.895 -98.2228 -99.9908 -98.2228 83.7453 0.995163
1.9 -98.2339 -99.9908 -98.2339 83.7549 0.995203
1.905 -98.2449 -99.9908 -98.2449 83.7644 0.995243
1.91 -98.2559 -99.9908 -98.2559 83.7739 0.995282
1.915 -98.267 -99.9908 -98.267 83.7834 0.995322
1.92 -98.2781 -99.9908 -98.2781 83.793 0.995362
1.925 -98.2891 -99.9908 -98.2891 83.8025 0.995402
1.93 -98.3002 -99.9907 -98.3002 83.812 0.995442
1.935 -98.3113 -99.9907 -98.3113 83.8216 0.995482
1.94 -98.3223 -99.9907 -98.3223 83.8311 0.995522
1.945 -98.3334 -99.9907 -98.3334 83.8407 0.995561
1.95 -98.3445 -99.9907 -98.3445 83.8502 0.995601
1.955 -98.3556 -99.9907 -98.3556 83.8598 0.995641
1.96 -98.3667 -99.9907 -98.3667 83.8693 0.995681
1.965 -98.3778 -99.9907 -98.3778 83.8789 0.995721
1.97 -98.3889 -99.9907 -98.3889 83.8884 0.995761
1.975 -98.4 -99.9907 -98.4 83.898 0.995801
1.98 -98.4111 -99.9907 -98.4111 83.9076 0.995841
1.985 -98.4223 -99.9907 -98.4223 83.9172 0.995881
1.99 -98.4334 -99.9907 -98.4334 83.9267 0.995921
1.995 -98.4445 -99.9907 -98.4445 83.9363 0.995961
2 -98.4557 -99.9907 -98.4557 83.9459 0.996
2.005 -98.4668 -99.9907 -98.4668 83.9555 0.99604
2.01 -98.478 -99.9907 -98.478 83.9651 0.99608
2.015 -98.4892 -99.9907 -98.4892 83.9747 0.99612
2.02 -98.5003 -99.9907 -98.5003 83.9843 0.99616
2.025 -98.5115 -99.9907 -98.5115 83.9939 0.9962
2.03 -98.5227 -99.9907 -98.5227 84.0035 0.99624
2.035 -98.5339 -99.9907 -98.5339 84.0131 0.99628
2.04 -98.5451 -99.9907 -98.5451 84.0227 0.99632
2.045 -98.5562 -99.9907 -98.5562 84.0324 0.99636
2.05 -98.5675 -99.9907 -98.5675 84.042 0.9964
2.055 -98.5787 -99.9907 -98.5787 84.0516 0.99644
2.06 -98.5899 -99.9906 -98.5899 84.0612 0.99648
2.065 -98.6011 -99.9906 -98.6011 84.0709 0.99652
2.07 -98.6123 -99.9906 -98.6123 84.0805 0.99656
2.075 -98.6236 -99.9906 -98.6236 84.0902 0.9966
2.08 -98.6348 -99.9906 -98.6348 84.0998 0.99664
2.085 -98.6461 -99.9906 -98.6461 84.1095 0.99668
2.09 -98.6573 -99.9906 -98.6573 84.1191 0.99672
2.095 -98.6686 -99.9906 -98.6686 84.1288 0.99676
2.1 -98.6798 -99.9906 -98.6798 84.1384 0.9968
2.105 -98.6911 -99.9906 -98.6911 84.1481 0.99684
2.11 -98.7024 -99.9906 -98.7024 84.1578 0.99688
2.115 -98.7137 -99.9906 -98.7137 84.1675 0.996921
2.12 -98.725 -99.9906 -98.725 84.1771 0.996961
2.125 -98.7363 -99.9906 -98.7363 84.1868 0.997001
2.13 -98.7476 -99.9906 -98.7476 84.1965 0.997041
2.135 -98.7589 -99.9906 -98.7589 84.2062 0.997081
2.14 -98.7702 -99.9906 -98.7702 84.2159 0.997121
2.145 -98.7816 -99.9906 -98.7816 84.2256 0.997161
2.15 -98.7929 -99.9906 -98.7929 84.2353 0.997201
2.155 -98.8043 -99.9906 -98.8043 84.245 0.997241
2.16 -98.8156 -99.9906 -98.8156 84.2548 0.997281
2.165 -98.827 -99.9905 -98.827 84.2645 0.997321
2.17 -98.8384 -99.9905 -98.8384 84.2742 0.997362
2.175 -98.8497 -99.9905 -98.8497 84.2839 0.997402
2.18 -98.8611 -99.9905 -98.8611 84.2937 0.997442
2.185 -98.8725 -99.9905 -98.8725 84.3034 0.997482
2.19 -98.8839 -99.9905 -98.8839 84.3132 0.997522
2.195 -98.8953 -99.9905 -98.8953 84.3229 0.997562
2.2 -98.9067 -99.9905 -98.9067 84.3327 0.997602
2.205 -98.9182 -99.9905 -98.9182 84.3424 0.997643
2.21 -98.9296 -99.9905 -98.9296 84.3522 0.997683
2.215 -98.941 -99.9905 -98.941 84.362 0.997723
2.22 -98.9525 -99.9905 -98.9525 84.3718 0.997763
2.225 -98.964 -99.9905 -98.964 84.3815 0.997803
2.23 -98.9754 -99.9905 -98.9754 84.3913 0.997844
2.235 -98.9869 -99.9905 -98.9869 84.4011 0.997884
2.24 -98.9984 -99.9905 -98.9984 84.4109 0.997924
2.245 -99.0099 -99.9905 -99.0099 84.4207 0.997964
2.25 -99.0214 -99.9904 -99.0214 84.4305 0.998004
2.255 -99.0329 -99.9904 -99.0329 84.4403 0.998045
2.26 -99.0444 -99.9904 -99.0444 84.4502 0.998085
2.265 -99.056 -99.9904 -99.056 84.46 0.998125
2.27 -99.0675 -99.9904 -99.0675 84.4698 0.998165
2.275 -99.0791 -99.9904 -99.0791 84.4797 0.998205
2.28 -99.0906 -99.9904 -99.0906 84.4895 0.998246
2.285 -99.1022 -99.9904 -99.1022 84.4994 0.998286
2.29 -99.1138 -99.9904 -99.1138 84.5092 0.998326
2.295 -99.1254 -99.9904 -99.1254 84.5191 0.998367
2.3 -99.137 -99.9904 -99.137 84.529 0.998407
2.305 -99.1486 -99.9904 -99.1486 84.5388 0.998447
2.31 -99.1602 -99.9904 -99.1602 84.5487 0.998487
2.315 -99.1719 -99.9903 -99.1719 84.5586 0.998528
2.32 -99.1835 -99.9903 -99.1835 84.5685 0.998568
2.325 -99.1952 -99.9903 -99.1952 84.5784 0.998608
2.33 -99.2069 -99.9903 -99.2069 84.5883 0.998649
2.335 -99.2186 -99.9903 -99.2186 84.5982 0.998689
2.34 -99.2303 -99.9903 -99.2303 84.6082 0.998729
2.345 -99.242 -99.9903 -99.242 84.6181 0.99877
2.35 -99.2537 -99.9903 -99.2537 84.628 0.99881
2.355 -99.2654 -99.9903 -99.2654 84.638 0.99885
2.36 -99.2772 -99.9903 -99.2772 84.6479 0.998891
2.365 -99.2889 -99.9902 -99.2889 84.6579 0.998931
2.37 -99.3007 -99.9902 -99.3007 84.6679 0.998971
2.375 -99.3125 -99.9902 -99.3125 84.6778 0.999012
2.38 -99.3243 -99.9902 -99.3243 84.6878 0.999052
2.385 -99.3361 -99.9902 -99.3361 84.6978 0.999092
2.39 -99.348 -99.9902 -99.348 84.7078 0.999133
2.395 -99.3598 -99.9902 -99.3598 84.7179 0.999173
2.4 -99.3717 -99.9902 -99.3717 84.7279 0.999213
2.405 -99.3836 -99.9902 -99.3836 84.7379 0.999254
2.41 -99.3955 -99.9901 -99.3955 84.748 0.999294
2.415 -99.4074 -99.9901 -99.4074 84.758 0.999335
2.42 -99.4194 -99.9901 -99.4194 84.7681 0.999375
2.425 -99.4313 -99.9901 -99.4313 84.7782 0.999416
2.43 -99.4433 -99.9901 -99.4433 84.7883 0.999456
2.435 -99.4553 -99.9901 -99.4553 84.7984 0.999496
2.44 -99.4673 -99.99 -99.4673 84.8085 0.999537
2.445 -99.4794 -99.99 -99.4794 84.8186 0.999577
2.45 -99.4914 -99.9899 -99.4914 84.8287 0.999618
2.455 -99.5035 -99.9899 -99.5035 84.8389 0.999658
2.46 -99.5156 -99.9899 -99.5156 84.849 0.999699
2.465 -99.5278 -99.9899 -99.5278 84.8592 0.999739
2.47 -99.54 -99.9899 -99.54 84.8694 0.99978
2.475 -99.5522 -99.9898 -99.5522 84.8796 0.99982
2.48 -99.5644 -99.9898 -99.5644 84.8899 0.999861
2.485 -99.5767 -99.9898 -99.5767 84.9001 0.999901
2.49 -99.5891 -99.9898 -99.5891 84.9104 0.999942
2.495 -99.6014 -99.9896 -99.6014 84.9207 0.999982
2.5 -99.6139 -99.9897 -99.6139 84.9292 1
2.505 -99.626 -99.9898 -99.626 84.9359 1
2.51 -99.6379 -99.9903 -99.6379 84.9427 1
2.515 -99.6493 -99.9904 -99.6493 84.9491 1
2.52 -99.6605 -99.9909 -99.6605 84.9554 1
2.525 -99.6712 -99.991 -99.6712 84.9614 1
2.53 -99.6816 -99.9915 -99.6816 84.9673 1
2.535 -99.6917 -99.9916 -99.6917 84.9729 1
2.54 -99.7015 -99.9919 -99.7015 84.9784 1
2.545 -99.7109 -99.9921 -99.7109 84.9838 1
2.55 -99.7201 -99.9924 -99.7201 84.9889 1
2.555 -99.7289 -99.9926 -99.7289 84.9939 1
2.56 -99.7375 -99.9929 -99.7375 84.9987 1
2.565 -99.7458 -99.9931 -99.7458 85.0034 1
2.57 -99.7539 -99.9933 -99.7539 85.0079 1
2.575 -99.7617 -99.9935 -99.7617 85.0123 1
2.58 -99.7692 -99.9937 -99.7692 85.0166 1
2.585 -99.7765 -99.9939 -99.7765 85.0207 1
2.59 -99.7836 -99.9941 -99.7836 85.0247 1
2.595 -99.7904 -99.9943 -99.7904 85.0285 1
2.6 -99.7971 -99.9945 -99.7971 85.0322 1
2.605 -99.8035 -99.9946 -99.8035 85.0359 1
2.61 -99.8097 -99.9948 -99.8097 85.0394 1
2.615 -99.8158 -99.995 -99.8158 85.0427 1
2.62 -99.8216 -99.9951 -99.8216 85.046 1
2.625 -99.8272 -99.9953 -99.8272 85.0492 1
2.63 -99.8327 -99.9954 -99.8327 85.0523 1
2.635 -99.838 -99.9956 -99.838 85.0553 1
2.64 -99.8431 -99.9957 -99.8431 85.0582 1
2.645 -99.8481 -99.9959 -99.8481 85.0609 1
2.65 -99.8529 -99.996 -99.8529 85.0637 1
2.655 -99.8576 -99.9961 -99.8576 85.0663 1
2.66 -99.8621 -99.9962 -99.8621 85.0688 1
2.665 -99.8665 -99.9964 -99.8665 85.0713 1
2.67 -99.8707 -99.9965 -99.8707 85.0736 1
2.675 -99.8748 -99.9966 -99.8748 85.0759 1
2.68 -99.8787 -99.9967 -99.8787 85.0782 1
2.685 -99.8826 -99.9968 -99.8826 85.0803 1
2.69 -99.8863 -99.9969 -99.8863 85.0824 1
2.695 -99.8899 -99.997 -99.8899 85.0845 1
2.7 -99.8934 -99.9971 -99.8934 85.0864 1
2.705 -99.8968 -99.9972 -99.8968 85.0883 1
2.71 -99.9 -99.9973 -99.9 85.0901 1
2.715 -99.9032 -99.9974 -99.9032 85.0919 1
2.72 -99.9063 -99.9975 -99.9063 85.0937 1
2.725 -99.9092 -99.9975 -99.9092 85.0953 1
2.73 -99.9121 -99.9976 -99.9121 85.0969 1
2.735 -99.9149 -99.9977 -99.9149 85.0985 1
2.74 -99.9176 -99.9978 -99.9176 85.1 1
2.745 -99.9202 -99.9978 -99.9202 85.1015 1
2.75 -99.9227 -99.9979 -99.9227 85.1029 1
2.755 -99.9252 -99.998 -99.9252 85.1043 1
2.76 -99.9275 -99.998 -99.9275 85.1056 1
2.765 -99.9298 -99.9981 -99.9298 85.1069 1
2.77 -99.9321 -99.9982 -99.9321 85.1082 1
2.775 -99.9342 -99.9982 -99.9342 85.1094 1
2.78 -99.9363 -99.9983 -99.9363 85.1105 1
2.785 -99.9383 -99.9983 -99.9383 85.1117 1
2.79 -99.9403 -99.9984 -99.9403 85.1128 1
2.795 -99.9422 -99.9984 -99.9422 85.1138 1
2.8 -99.944 -99.9985 -99.944 85.1149 1
2.805 -99.9458 -99.9985 -99.9458 85.1159 1
2.81 -99.9475 -99.9986 -99.9475 85.1168 1
2.815 -99.9492 -99.9986 -99.9492 85.1178 1
2.82 -99.9508 -99.9987 -99.9508 85.1187 1
2.825 -99.9523 -99.9987 -99.9523 85.1195 1
2.83 -99.9538 -99.9988 -99.9538 85.1204 1
2.835 -99.9553 -99.9988 -99.9553 85.1212 1
2.84 -99.9567 -99.9988 -99.9567 85.122 1
2.845 -99.9581 -99.9989 -99.9581 85.1228 1
2.85 -99.9594 -99.9989 -99.9594 85.1235 1
2.855 -99.9607 -99.999 -99.9607 85.1243 1
2.86 -99.962 -99.999 -99.962 85.125 1
2.865 -99.9632 -99.999 -99.9632 85.1256 1
2.87 -99.9643 -99.9991 -99.9643 85.1263 1
2.875 -99.9655 -99.9991 -99.9655 85.1269 1
2.88 -99.9666 -99.9991 -99.9666 85.1275 1
2.885 -99.9676 -99.9992 -99.9676 85.1281 1
2.89 -99.9686 -99.9992 -99.9686 85.1287 1
2.895 -99.9696 -99.9992 -99.9696 85.1293 1
2.9 -99.9706 -99.9992 -99.9706 85.1298 1
2.905 -99.9715 -99.9993 -99.9715 85.1303 1
2.91 -99.9724 -99.9993 -99.9724 85.1309 1
2.915 -99.9733 -99.9993 -99.9733 85.1313 1
2.92 -99.9742 -99.9993 -99.9742 85.1318 1
2.925 -99.975 -99.9994 -99.975 85.1323 1
2.93 -99.9758 -99.9994 -99.9758 85.1327 1
2.935 -99.9765 -99.9994 -99.9765 85.1332 1
2.94 -99.9773 -99.9994 -99.9773 85.1336 1
2.945 -99.978 -99.9994 -99.978 85.134 1
2.95 -99.9787 -99.9995 -99.9787 85.1344 1
2.955 -99.9794 -99.9995 -99.9794 85.1348 1
2.96 -99.98 -99.9995 -99.98 85.1351 1
2.965 -99.9807 -99.9995 -99.9807 85.1355 1
2.97 -99.9813 -99.9995 -99.9813 85.1358 1
2.975 -99.9819 -99.9995 -99.9819 85.1362 1
2.98 -99.9824 -99.9996 -99.9824 85.1365 1
2.985 -99.983 -99.9996 -99.983 85.1368 1
2.99 -99.9835 -99.9996 -99.9835 85.1371 1
2.995 -99.9841 -99.9996 -99.9841 85.1374 1
3 -99.9846 -99.9996 -99.9846 85.1377 1
3.005 -99.9851 -99.9996 -99.9851 85.138 1
3.01 -99.9855 -99.9996 -99.9855 85.1382 1
3.015 -99.986 -99.9997 -99.986 85.1385 1
3.02 -99.9864 -99.9997 -99.9864 85.1387 1
3.025 -99.9869 -99.9997 -99.9869 85.139 1
3.03 -99.9873 -99.9997 -99.9873 85.1392 1
3.035 -99.9877 -99.9997 -99.9877 85.1394 1
3.04 -99.9881 -99.9997 -99.9881 85.1396 1
3.045 -99.9885 -99.9997 -99.9885 85.1399 1
3.05 -99.9888 -99.9997 -99.9888 85.1401 1
3.055 -99.9892 -99.9997 -99.9892 85.1403 1
3.06 -99.9895 -99.9998 -99.9895 85.1405 1
3.065 -99.9899 -99.9998 -99.9899 85.1406 1
3.07 -99.9902 -99.9998 -99.9902 85.1408 1
3.075 -99.9905 -99.9998 -99.9905 85.141 1
3.08 -99.9908 -99.9998 -99.9908 85.1412 1
3.085 -99.9911 -99.9998 -99.9911 85.1413 1
3.09 -99.9914 -99.9998 -99.9914 85.1415 1
3.095 -99.9916 -99.9998 -99.9916 85.1417 1
3.1 -99.9919 -99.9998 -99.9919 85.1418 1
3.105 -99.9922 -99.9998 -99.9922 85.1419 1
3.11 -99.9924 -99.9998 -99.9924 85.1421 1
3.115 -99.9927 -99.9998 -99.9927 85.1422 1
3.12 -99.9929 -99.9998 -99.9929 85.1424 1
3.125 -99.9931 -99.9999 -99.9931 85.1425 1
3.13 -99.9933 -99.9999 -99.9933 85.1426 1
3.135 -99.9936 -99.9999 -99.9936 85.1427 1
3.14 -99.9938 -99.9999 -99.9938 85.1428 1
3.145 -99.994 -99.9999 -99.994 85.143 1
3.15 -99.9942 -99.9999 -99.9942 85.1431 1
3.155 -99.9943 -99.9999 -99.9943 85.1432 1
3.16 -99.9945 -99.9999 -99.9945 85.1433 1
3.165 -99.9947 -99.9999 -99.9947 85.1434 1
3.17 -99.9949 -99.9999 -99.9949 85.1435 1
3.175 -99.995 -99.9999 -99.995 85.1436 1
3.18 -99.9952 -99.9999 -99.9952 85.1436 1
3.185 -99.9953 -99.9999 -99.9953 85.1437 1
3.19 -99.9955 -99.9999 -99.9955 85.1438 1
3.195 -99.9956 -99.9999 -99.9956 85.1439 1
3.2 -99.9958 -99.9999 -99.9958 85.144 1
3.205 -99.9959 -99.9999 -99.9959 85.144 1
3.21 -99.996 -99.9999 -99.996 85.1441 1
3.215 -99.9962 -99.9999 -99.9962 85.1442 1
3.22 -99.9963 -99.9999 -99.9963 85.1443 1
3.225 -99.9964 -99.9999 -99.9964 85.1443 1
3.23 -99.9965 -99.9999 -99.9965 85.1444 1
3.235 -99.9966 -99.9999 -99.9966 85.1445 1
3.24 -99.9967 -100 -99.9967 85.1445 1
3.245 -99.9968 -100 -99.9968 85.1446 1
3.25 -99.9969 -100 -99.9969 85.1446 1
3.255 -99.997 -100 -99.997 85.1447 1
3.26 -99.9971 -100 -99.9971 85.1447 1
3.265 -99.9972 -100 -99.9972 85.1448 1
3.27 -99.9973 -100 -99.9973 85.1448 1
3.275 -99.9974 -100 -99.9974 85.1449 1
3.28 -99.9975 -100 -99.9975 85.1449 1
3.285 -99.9976 -100 -99.9976 85.145 1
3.29 -99.9976 -100 -99.9976 85.145 1
3.295 -99.9977 -100 -99.9977 85.1451 1
3.3 -99.9978 -100 -99.9978 85.1451 1
3.305 -99.9979 -100 -99.9979 85.1451 1
3.31 -99.9979 -100 -99.9979 85.1452 1
3.315 -99.998 -100 -99.998 85.1452 1
3.32 -99.9981 -100 -99.9981 85.1453 1
3.325 -99.9981 -100 -99.9981 85.1453 1
3.33 -99.9982 -100 -99.9982 85.1453 1
3.335 -99.9983 -100 -99.9983 85.1454 1
3.34 -99.9983 -100 -99.9983 85.1454 1
3.345 -99.9984 -100 -99.9984 85.1454 1
3.35 -99.9984 -100 -99.9984 85.1455 1
3.355 -99.9985 -100 -99.9985 85.1455 1
3.36 -99.9985 -100 -99.9985 85.1455 1
3.365 -99.9986 -100 -99.9986 85.1455 1
3.37 -99.9986 -100 -99.9986 85.1456 1
3.375 -99.9987 -100 -99.9987 85.1456 1
3.38 -99.9987 -100 -99.9987 85.1456 1
3.385 -99.9987 -100 -99.9987 85.1456 1
3.39 -99.9988 -100 -99.9988 85.1457 1
3.395 -99.9988 -100 -99.9988 85.1457 1
3.4 -99.9989 -100 -99.9989 85.1457 1
3.405 -99.9989 -100 -99.9989 85.1457 1
3.41 -99.9989 -100 -99.9989 85.1457 1
3.415 -99.999 -100 -99.999 85.1458 1
3.42 -99.999 -100 -99.999 85.1458 1
3.425 -99.999 -100 -99.999 85.1458 1
3.43 -99.9991 -100 -99.9991 85.1458 1
3.435 -99.9991 -100 -99.9991 85.1458 1
3.44 -99.9991 -100 -99.9991 85.1459 1
3.445 -99.9992 -100 -99.9992 85.1459 1
3.45 -99.9992 -100 -99.9992 85.1459 1
3.455 -99.9992 -100 -99.9992 85.1459 1
3.46 -99.9992 -100 -99.9992 85.1459 1
3.465 -99.9993 -100 -99.9993 85.1459 1
3.47 -99.9993 -100 -99.9993 85.1459 1
3.475 -99.9993 -100 -99.9993 85.146 1
3.48 -99.9993 -100 -99.9993 85.146 1
3.485 -99.9994 -100 -99.9994 85.146 1
3.49 -99.9994 -100 -99.9994 85.146 1
3.495 -99.9994 -100 -99.9994 85.146 1
3.5 -99.9994 -100 -99.9994 85.146 1
3.505 -99.9994 -100 -99.9994 85.146 1
3.51 -99.9995 -100 -99.9995 85.146 1
3.515 -99.9995 -100 -99.9995 85.146 1
3.52 -99.9995 -100 -99.9995 85.1461 1
3.525 -99.9995 -100 -99.9995 85.1461 1
3.53 -99.9995 -100 -99.9995 85.1461 1
3.535 -99.9995 -100 -99.9995 85.1461 1
3.54 -99.9996 -100 -99.9996 85.1461 1
3.545 -99.9996 -100 -99.9996 85.1461 1
3.55 -99.9996 -100 -99.9996 85.1461 1
3.555 -99.9996 -100 -99.9996 85.1461 1
3.56 -99.9996 -100 -99.9996 85.1461 1
3.565 -99.9996 -100 -99.9996 85.1461 1
3.57 -99.9996 -100 -99.9996 85.1461 1
3.575 -99.9997 -100 -99.9997 85.1461 1
3.58 -99.9997 -100 -99.9997 85.1462 1
3.585 -99.9997 -100 -99.9997 85.1462 1
3.59 -99.9997 -100 -99.9997 85.1462 1
3.595 -99.9997 -100 -99.9997 85.1462 1
3.6 -99.9997 -100 -99.9997 85.1462 1
3.605 -99.9997 -100 -99.9997 85.1462 1
3.61 -99.9997 -100 -99.9997 85.1462 1
3.615 -99.9997 -100 -99.9997 85.1462 1
3.62 -99.9997 -100 -99.9997 85.1462 1
3.625 -99.9998 -100 -99.9998 85.1462 1
3.63 -99.9998 -100 -99.9998 85.1462 1
3.635 -99.9998 -100 -99.9998 85.1462 1
3.64 -99.9998 -100 -99.9998 85.1462 1
3.645 -99.9998 -100 -99.9998 85.1462 1
3.65 -99.9998 -100 -99.9998 85.1462 1
3.655 -99.9998 -100 -99.9998 85.1462 1
3.66 -99.9998 -100 -99.9998 85.1462 1
3.665 -99.9998 -100 -99.9998 85.1462 1
3.67 -99.9998 -100 -99.9998 85.1462 1
3.675 -99.9998 -100 -99.9998 85.1462 1
3.68 -99.9998 -100 -99.9998 85.1462 1
3.685 -99.9998 -100 -99.9998 85.1463 1
3.69 -99.9998 -100 -99.9998 85.1463 1
3.695 -99.9999 -100 -99.9999 85.1463 1
3.7 -99.9999 -100 -99.9999 85.1463 1
3.705 -99.9999 -100 -99.9999 85.1463 1
3.71 -99.9999 -100 -99.9999 85.1463 1
3.715 -99.9999 -100 -99.9999 85.1463 1
3.72 -99.9999 -100 -99.9999 85.1463 1
3.725 -99.9999 -100 -99.9999 85.1463 1
3.73 -99.9999 -100 -99.9999 85.1463 1
3.735 -99.9999 -100 -99.9999 85.1463 1
3.74 -99.9999 -100 -99.9999 85.1463 1
3.745 -99.9999 -100 -99.9999 85.1463 1
3.75 -99.9999 -100 -99.9999 85.1463 1
3.755 -99.9999 -100 -99.9999 85.1463 1
3.76 -99.9999 -100 -99.9999 85.1463 1
3.765 -99.9999 -100 -99.9999 85.1463 1
3.77 -99.9999 -100 -99.9999 85.1463 1
3.775 -99.9999 -100 -99.9999 85.1463 1
3.78 -99.9999 -100 -99.9999 85.1463 1
3.785 -99.9999 -100 -99.9999 85.1463 1
3.79 -99.9999 -100 -99.9999 85.1463 1
3.795 -99.9999 -100 -99.9999 85.1463 1
3.8 -99.9999 -100 -99.9999 85.1463 1
3.805 -99.9999 -100 -99.9999 85.1463 1
3.81 -99.9999 -100 -99.9999 85.1463 1
3.815 -99.9999 -100 -99.9999 85.1463 1
3.82 -99.9999 -100 -99.9999 85.1463 1
3.825 -100 -100 -100 85.1463 1
3.83 -100 -100 -100 85.1463 1
3.835 -100 -100 -100 85.1463 1
3.84 -100 -100 -100 85.1463 1
3.845 -100 -100 -100 85.1463 1
3.85 -100 -100 -100 85.1463 1
3.855 -100 -100 -100 85.1463 1
3.86 -100 -100 -100 85.1463 1
3.865 -100 -100 -100 85.1463 1
3.87 -100 -100 -100 85.1463 1
3.875 -100 -100 -100 85.1463 1
3.88 -100 -100 -100 85.1463 1
3.885 -100 -100 -100 85.1463 1
3.89 -100 -100 -100 85.1463 1
3.895 -100 -100 -100 85.1463 1
3.9 -100 -100 -100 85.1463 1
3.905 -100 -100 -100 85.1463 1
3.91 -100 -100 -100 85.1463 1
3.915 -100 -100 -100 85.1463 1
3.92 -100 -100 -100 85.1463 1
3.925 -100 -100 -100 85.1463 1
3.93 -100 -100 -100 85.1463 1
3.935 -100 -100 -100 85.1463 1
3.94 -100 -100 -100 85.1463 1
3.945 -100 -100 -100 85.1463 1
3.95 -100 -100 -100 85.1463 1
3.955 -100 -100 -100 85.1463 1
3.96 -100 -100 -100 85.1463 1
3.965 -100 -100 -100 85.1463 1
3.97 -100 -100 -100 85.1463 1
3.975 -100 -100 -100 85.1463 1
3.98 -100 -100 -100 85.1463 1
3.985 -100 -100 -100 85.1463 1
3.99 -100 -100 -100 85.1463 1
3.995 -100 -100 -100 85.1463 1
4 -100 -100 -100 85.1463 1
4.005 -100 -100 -100 85.1463 1
4.01 -100 -100 -100 85.1463 1
4.015 -100 -100 -100 85.1463 1
4.02 -100 -100 -100 85.1463 1
4.025 -100 -100 -100 85.1463 1
4.03 -100 -100 -100 85.1463 1
4.035 -100 -100 -100 85.1463 1
4.04 -100 -100 -100 85.1463 1
4.045 -100 -100 -100 85.1463 1
4.05 -100 -100 -100 85.1463 1
4.055 -100 -100 -100 85.1463 1
4.06 -100 -100 -100 85.1463 1
4.065 -100 -100 -100 85.1463 1
4.07 -100 -100 -100 85.1463 1
4.075 -100 -100 -100 85.1463 1
4.08 -100 -100 -100 85.1463 1
4.085 -100 -100 -100 85.1463 1
4.09 -100 -100 -100 85.1463 1
4.095 -100 -100 -100 85.1463 1
4.1 -100 -100 -100 85.1463 1
4.105 -100 -100 -100 85.1463 1
4.11 -100 -100 -100 85.1463 1
4.115 -100 -100 -100 85.1463 1
4.12 -100 -100 -100 85.1463 1
4.125 -100 -100 -100 85.1463 1
4.13 -100 -100 -100 85.1463 1
4.135 -100 -100 -100 85.1463 1
4.14 -100 -100 -100 85.1463 1
4.145 -100 -100 -100 85.1463 1
4.15 -100 -100 -100 85.1463 1
4.155 -100 -100 -100 85.1463 1
4.16 -100 -100 -100 85.1463 1
4.165 -100 -100 -100 85.1463 1
4.17 -100 -100 -100 85.1463 1
4.175 -100 -100 -100 85.1463 1
4.18 -100 -100 -100 85.1463 1
4.185 -100 -100 -100 85.1463 1
4.19 -100 -100 -100 85.1463 1
4.195 -100 -100 -100 85.1463 1
4.2 -100 -100 -100 85.1463 1
4.205 -100 -100 -100 85.1463 1
4.21 -100 -100 -100 85.1463 1
4.215 -100 -100 -100 85.1463 1
4.22 -100 -100 -100 85.1463 1
4.225 -100 -100 -100 85.1463 1
4.23 -100 -100 -100 85.1463 1
4.235 -100 -100 -100 85.1463 1
4.24 -100 -100 -100 85.1463 1
4.245 -100 -100 -100 85.1463 1
4.25 -100 -100 -100 85.1463 1
4.255 -100 -100 -100 85.1463 1
4.26 -100 -100 -100 85.1463 1
4.265 -100 -100 -100 85.1463 1
4.27 -100 -100 -100 85.1463 1
4.275 -100 -100 -100 85.1463 1
4.28 -100 -100 -100 85.1463 1
4.285 -100 -100 -100 85.1463 1
4.29 -100 -100 -100 85.1463 1
4.295 -100 -100 -100 85.1463 1
4.3 -100 -100 -100 85.1463 1
4.305 -100 -100 -100 85.1463 1
4.31 -100 -100 -100 85.1463 1
4.315 -100 -100 -100 85.1463 1
4.32 -100 -100 -100 85.1463 1
4.325 -100 -100 -100 85.1463 1
4.33 -100 -100 -100 85.1463 1
4.335 -100 -100 -100 85.1463 1
4.34 -100 -100 -100 85.1463 1
4.345 -100 -100 -100 85.1463 1
4.35 -100 -100 -100 85.1463 1
4.355 -100 -100 -100 85.1463 1
4.36 -100 -100 -100 85.1463 1
4.365 -100 -100 -100 85.1463 1
4.37 -100 -100 -100 85.1463 1
4.375 -100 -100 -100 85.1463 1
4.38 -100 -100 -100 85.1463 1
4.385 -100 -100 -100 85.1463 1
4.39 -100 -100 -100 85.1463 1
4.395 -100 -100 -100 85.1463 1
4.4 -100 -100 -100 85.1463 1
4.405 -100 -100 -100 85.1463 1
4.41 -100 -100 -100 85.1463 1
4.415 -100 -100 -100 85.1463 1
4.42 -100 -100 -100 85.1463 1
4.425 -100 -100 -100 85.1463 1
4.43 -100 -100 -100 85.1463 1
4.435 -100 -100 -100 85.1463 1
4.44 -100 -100 -100 85.1463 1
4.445 -100 -100 -100 85.1463 1
4.45 -100 -100 -100 85.1463 1
4.455 -100 -100 -100 85.1463 1
4.46 -100 -100 -100 85.1463 1
4.465 -100 -100 -100 85.1463 1
4.47 -100 -100 -100 85.1463 1
4.475 -100 -100 -100 85.1463 1
4.48 -100 -100 -100 85.1463 1
4.485 -100 -100 -100 85.1463 1
4.49 -100 -100 -100 85.1463 1
4.495 -100 -100 -100 85.1463 1
4.5 -100 -100 -100 85.1463 1
4.505 -100 -100 -100 85.1463 1
4.51 -100 -100 -100 85.1463 1
4.515 -100 -100 -100 85.1463 1
4.52 -100 -100 -100 85.1463 1
4.525 -100 -100 -100 85.1463 1
4.53 -100 -100 -100 85.1463 1
4.535 -100 -100 -100 85.1463 1
4.54 -100 -100 -100 85.1463 1
4.545 -100 -100 -100 85.1463 1
4.55 -100 -100 -100 85.1463 1
4.555 -100 -100 -100 85.1463 1
4.56 -100 -100 -100 85.1463 1
4.565 -100 -100 -100 85.1463 1
4.57 -100 -100 -100 85.1463 1
4.575 -100 -100 -100 85.1463 1
4.58 -100 -100 -100 85.1463 1
4.585 -100 -100 -100 85.1463 1
4.59 -100 -100 -100 85.1463 1
4.595 -100 -100 -100 85.1463 1
4.6 -100 -100 -100 85.1463 1
4.605 -100 -100 -100 85.1463 1
4.61 -100 -100 -100 85.1463 1
4.615 -100 -100 -100 85.1463 1
4.62 -100 -100 -100 85.1463 1
4.625 -100 -100 -100 85.1463 1
4.63 -100 -100 -100 85.1463 1
4.635 -100 -100 -100 85.1463 1
4.64 -100 -100 -100 85.1463 1
4.645 -100 -100 -100 85.1463 1
4.65 -100 -100 -100 85.1463 1
4.655 -100 -100 -100 85.1463 1
4.66 -100 -100 -100 85.1463 1
4.665 -100 -100 -100 85.1463 1
4.67 -100 -100 -100 85.1463 1
4.675 -100 -100 -100 85.1463 1
4.68 -100 -100 -100 85.1463 1
4.685 -100 -100 -100 85.1463 1
4.69 -100 -100 -100 85.1463 1
4.695 -100 -100 -100 85.1463 1
4.7 -100 -100 -100 85.1463 1
4.705 -100 -100 -100 85.1463 1
4.71 -100 -100 -100 85.1463 1
4.715 -100 -100 -100 85.1463 1
4.72 -100 -100 -100 85.1463 1
4.725 -100 -100 -100 85.1463 1
4.73 -100 -100 -100 85.1463 1
4.735 -100 -100 -100 85.1463 1
4.74 -100 -100 -100 85.1463 1
4.745 -100 -100 -100 85.1463 1
4.75 -100 -100 -100 85.1463 1
4.755 -100 -100 -100 85.1463 1
4.76 -100 -100 -100 85.1463 1
4.765 -100 -100 -100 85.1463 1
4.77 -100 -100 -100 85.1463 1
4.775 -100 -100 -100 85.1463 1
4.78 -100 -100 -100 85.1463 1
4.785 -100 -100 -100 85.1463 1
4.79 -100 -100 -100 85.1463 1
4.795 -100 -100 -100 85.1463 1
4.8 -100 -100 -100 85.1463 1
4.805 -100 -100 -100 85.1463 1
4.81 -100 -100 -100 85.1463 1
4.815 -100 -100 -100 85.1463 1
4.82 -100 -100 -100 85.1463 1
4.825 -100 -100 -100 85.1463 1
4.83 -100 -100 -100 85.1463 1
4.835 -100 -100 -100 85.1463 1
4.84 -100 -100 -100 85.1463 1
4.845 -100 -100 -100 85.1463 1
4.85 -100 -100 -100 85.1463 1
4.855 -100 -100 -100 85.1463 1
4.86 -100 -100 -100 85.1463 1
4.865 -100 -100 -100 85.1463 1
4.87 -100 -100 -100 85.1463 1
4.875 -100 -100 -100 85.1463 1
4.88 -100 -100 -100 85.1463 1
4.885 -100 -100 -100 85.1463 1
4.89 -100 -100 -100 85.1463 1
4.895 -100 -100 -100 85.1463 1
4.9 -100 -100 -100 85.1463 1
4.905 -100 -100 -100 85.1463 1
4.91 -100 -100 -100 85.1463 1
4.915 -100 -100 -100 85.1463 1
4.92 -100 -100 -100 85.1463 1
4.925 -100 -100 -100 85.1463 1
4.93 -100 -100 -100 85.1463 1
4.935 -100 -100 -100 85.1463 1
4.94 -100 -100 -100 85.1463 1
4.945 -100 -100 -100 85.1463 1
4.95 -100 -100 -100 85.1463 1
4.955 -100 -100 -100 85.1463 1
4.96 -100 -100 -100 85.1463 1
4.965 -100 -100 -100 85.1463 1
4.97 -100 -100 -100 85.1463 1
4.975 -100 -100 -100 85.1463 1
4.98 -100 -100 -100 85.1463 1
4.985 -100 -100 -100 85.1463 1
4.99 -100 -100 -100 85.1463 1
4.995 -100 -100 -100 85.1463 1
5 -100 -100 -100 85.1463 1
5.005 -100 -100 -100 85.1463 1
5.01 -100 -100 -100 85.1463 1
5.015 -100 -100 -100 85.1463 1
5.02 -100 -100 -100 85.1463 1
5.025 -100 -100 -100 85.1463 1
5.03 -100 -100 -100 85.1463 1
5.035 -100 -100 -100 85.1463 1
5.04 -100 -100 -100 85.1463 1
5.045 -100 -100 -100 85.1463 1
5.05 -100 -100 -100 85.1463 1
5.055 -100 -100 -100 85.1463 1
5.06 -100 -100 -100 85.1463 1
5.065 -100 -100 -100 85.1463 1
5.07 -100 -100 -100 85.1463 1
5.075 -100 -100 -100 85.1463 1
5.08 -100 -100 -100 85.1463 1
5.085 -100 -100 -100 85.1463 1
5.09 -100 -100 -100 85.1463 1
5.095 -100 -100 -100 85.1463 1
5.1 -100 -100 -100 85.1463 1
5.105 -100 -100 -100 85.1463 1
5.11 -100 -100 -100 85.1463 1
5.115 -100 -100 -100 85.1463 1
5.12 -100 -100 -100 85.1463 1
5.125 -100 -100 -100 85.1463 1
5.13 -100 -100 -100 85.1463 1
5.135 -100 -100 -100 85.1463 1
5.14 -100 -100 -100 85.1463 1
5.145 -100 -100 -100 85.1463 1
5.15 -100 -100 -100 85.1463 1
5.155 -100 -100 -100 85.1463 1
5.16 -100 -100 -100 85.1463 1
5.165 -100 -100 -100 85.1463 1
5.17 -100 -100 -100 85.1463 1
5.175 -100 -100 -100 85.1463 1
5.18 -100 -100 -100 85.1463 1
5.185 -100 -100 -100 85.1463 1
5.19 -100 -100 -100 85.1463 1
5.195 -100 -100 -100 85.1463 1
5.2 -100 -100 -100 85.1463 1
5.205 -100 -100 -100 85.1463 1
5.21 -100 -100 -100 85.1463 1
5.215 -100 -100 -100 85.1463 1
5.22 -100 -100 -100 85.1463 1
5.225 -100 -100 -100 85.1463 1
5.23 -100 -100 -100 85.1463 1
5.235 -100 -100 -100 85.1463 1
5.24 -100 -100 -100 85.1463 1
5.245 -100 -100 -100 85.1463 1
5.25 -100 -100 -100 85.1463 1
5.255 -100 -100 -100 85.1463 1
5.26 -100 -100 -100 85.1463 1
5.265 -100 -100 -100 85.1463 1
5.27 -100 -100 -100 85.1463 1
5.275 -100 -100 -100 85.1463 1
5.28 -100 -100 -100 85.1463 1
5.285 -100 -100 -100 85.1463 1
5.29 -100 -100 -100 85.1463 1
5.295 -100 -100 -100 85.1463 1
5.3 -100 -100 -100 85.1463 1
5.305 -100 -100 -100 85.1463 1
5.31 -100 -100 -100 85.1463 1
5.315 -100 -100 -100 85.1463 1
5.32 -100 -100 -100 85.1463 1
5.325 -100 -100 -100 85.1463 1
5.33 -100 -100 -100 85.1463 1
5.335 -100 -100 -100 85.1463 1
5.34 -100 -100 -100 85.1463 1
5.345 -100 -100 -100 85.1463 1
5.35 -100 -100 -100 85.1463 1
5.355 -100 -100 -100 85.1463 1
5.36 -100 -100 -100 85.1463 1
5.365 -100 -100 -100 85.1463 1
5.37 -100 -100 -100 85.1463 1
5.375 -100 -100 -100 85.1463 1
5.38 -100 -100 -100 85.1463 1
5.385 -100 -100 -100 85.1463 1
5.39 -100 -100 -100 85.1463 1
5.395 -100 -100 -100 85.1463 1
5.4 -100 -100 -100 85.1463 1
5.405 -100 -100 -100 85.1463 1
5.41 -100 -100 -100 85.1463 1
5.415 -100 -100 -100 85.1463 1
5.42 -100 -100 -100 85.1463 1
5.425 -100 -100 -100 85.1463 1
5.43 -100 -100 -100 85.1463 1
5.435 -100 -100 -100 85.1463 1
5.44 -100 -100 -100 85.1463 1
5.445 -100 -100 -100 85.1463 1
5.45 -100 -100 -100 85.1463 1
5.455 -100 -100 -100 85.1463 1
5.46 -100 -100 -100 85.1463 1
5.465 -100 -100 -100 85.1463 1
5.47 -100 -100 -100 85.1463 1
5.475 -100 -100 -100 85.1463 1
5.48 -100 -100 -100 85.1463 1
5.485 -100 -100 -100 85.1463 1
5.49 -100 -100 -100 85.1463 1
5.495 -100 -100 -100 85.1463 1
5.5 -100 -100 -100 85.1463 1
5.505 -100 -100 -100 85.1463 1
5.51 -100 -100 -100 85.1463 1
5.515 -100 -100 -100 85.1463 1
5.52 -100 -100 -100 85.1463 1
5.525 -100 -100 -100 85.1463 1
5.53 -100 -100 -100 85.1463 1
5.535 -100 -100 -100 85.1463 1
5.54 -100 -100 -100 85.1463 1
5.545 -100 -100 -100 85.1463 1
5.55 -100 -100 -100 85.1463 1
5.555 -100 -100 -100 85.1463 1
5.56 -100 -100 -100 85.1463 1
5.565 -100 -100 -100 85.1463 1
5.57 -100 -100 -100 85.1463 1
5.575 -100 -100 -100 85.1463 1
5.58 -100 -100 -100 85.1463 1
5.585 -100 -100 -100 85.1463 1
5.59 -100 -100 -100 85.1463 1
5.595 -100 -100 -100 85.1463 1
5.6 -100 -100 -100 85.1463 1
5.605 -100 -100 -100 85.1463 1
5.61 -100 -100 -100 85.1463 1
5.615 -100 -100 -100 85.1463 1
5.62 -100 -100 -100 85.1463 1
5.625 -100 -100 -100 85.1463 1
5.63 -100 -100 -100 85.1463 1
5.635 -100 -100 -100 85.1463 1
5.64 -100 -100 -100 85.1463 1
5.645 -100 -100 -100 85.1463 1
5.65 -100 -100 -100 85.1463 1
5.655 -100 -100 -100 85.1463 1
5.66 -100 -100 -100 85.1463 1
5.665 -100 -100 -100 85.1463 1
5.67 -100 -100 -100 85.1463 1
5.675 -100 -100 -100 85.1463 1
5.68 -100 -100 -100 85.1463 1
5.685 -100 -100 -100 85.1463 1
5.69 -100 -100 -100 85.1463 1
5.695 -100 -100 -100 85.1463 1
5.7 -100 -100 -100 85.1463 1
5.705 -100 -100 -100 85.1463 1
5.71 -100 -100 -100 85.1463 1
5.715 -100 -100 -100 85.1463 1
5.72 -100 -100 -100 85.1463 1
5.725 -100 -100 -100 85.1463 1
5.73 -100 -100 -100 85.1463 1
5.735 -100 -100 -100 85.1463 1
5.74 -100 -100 -100 85.1463 1
5.745 -100 -100 -100 85.1463 1
5.75 -100 -100 -100 85.1463 1
5.755 -100 -100 -100 85.1463 1
5.76 -100 -100 -100 85.1463 1
5.765 -100 -100 -100 85.1463 1
5.77 -100 -100 -100 85.1463 1
5.775 -100 -100 -100 85.1463 1
5.78 -100 -100 -100 85.1463 1
5.785 -100 -100 -100 85.1463 1
5.79 -100 -100 -100 85.1463 1
5.795 -100 -100 -100 85.1463 1
5.8 -100 -100 -100 85.1463 1
5.805 -100 -100 -100 85.1463 1
5.81 -100 -100 -100 85.1463 1
5.815 -100 -100 -100 85.1463 1
5.82 -100 -100 -100 85.1463 1
5.825 -100 -100 -100 85.1463 1
5.83 -100 -100 -100 85.1463 1
5.835 -100 -100 -100 85.1463 1
5.84 -100 -100 -100 85.1463 1
5.845 -100 -100 -100 85.1463 1
5.85 -100 -100 -100 85.1463 1
5.855 -100 -100 -100 85.1463 1
5.86 -100 -100 -100 85.1463 1
5.865 -100 -100 -100 85.1463 1
5.87 -100 -100 -100 85.1463 1
5.875 -100 -100 -100 85.1463 1
5.88 -100 -100 -100 85.1463 1
5.885 -100 -100 -100 85.1463 1
5.89 -100 -100 -100 85.1463 1
5.895 -100 -100 -100 85.1463 1
5.9 -100 -100 -100 85.1463 1
5.905 -100 -100 -100 85.1463 1
5.91 -100 -100 -100 85.1463 1
5.915 -100 -100 -100 85.1463 1
5.92 -100 -100 -100 85.1463 1
5.925 -100 -100 -100 85.1463 1
5.93 -100 -100 -100 85.1463 1
5.935 -100 -100 -100 85.1463 1
5.94 -100 -100 -100 85.1463 1
5.945 -100 -100 -100 85.1463 1
5.95 -100 -100 -100 85.1463 1
5.955 -100 -100 -100 85.1463 1
5.96 -100 -100 -100 85.1463 1
5.965 -100 -100 -100 85.1463 1
5.97 -100 -100 -100 85.1463 1
5.975 -100 -100 -100 85.1463 1
5.98 -100 -100 -100 85.1463 1
5.985 -100 -100 -100 85.1463 1
5.99 -100 -100 -100 85.1463 1
5.995 -100 -100 -100 85.1463 1
6 -100 -100 -100 85.1463 1
6.005 -100 -100 -100 85.1463 1
6.01 -100 -100 -100 85.1463 1
6.015 -100 -100 -100 85.1463 1
6.02 -100 -100 -100 85.1463 1
6.025 -100 -100 -100 85.1463 1
6.03 -100 -100 -100 85.1463 1
6.035 -100 -100 -100 85.1463 1
6.04 -100 -100 -100 85.1463 1
6.045 -100 -100 -100 85.1463 1
6.05 -100 -100 -100 85.1463 1
6.055 -100 -100 -100 85.1463 1
6.06 -100 -100 -100 85.1463 1
6.065 -100 -100 -100 85.1463 1
6.07 -100 -100 -100 85.1463 1
6.075 -100 -100 -100 85.1463 1
6.08 -100 -100 -100 85.1463 1
6.085 -100 -100 -100 85.1463 1
6.09 -100 -100 -100 85.1463 1
6.095 -100 -100 -100 85.1463 1
6.1 -100 -100 -100 85.1463 1
6.105 -100 -100 -100 85.1463 1
6.11 -100 -100 -100 85.1463 1
6.115 -100 -100 -100 85.1463 1
6.12 -100 -100 -100 85.1463 1
6.125 -100 -100 -100 85.1463 1
6.13 -100 -100 -100 85.1463 1
6.135 -100 -100 -100 85.1463 1
6.14 -100 -100 -100 85.1463 1
6.145 -100 -100 -100 85.1463 1
6.15 -100 -100 -100 85.1463 1
6.155 -100 -100 -100 85.1463 1
6.16 -100 -100 -100 85.1463 1
6.165 -100 -100 -100 85.1463 1
6.17 -100 -100 -100 85.1463 1
6.175 -100 -100 -100 85.1463 1
6.18 -100 -100 -100 85.1463 1
6.185 -100 -100 -100 85.1463 1
6.19 -100 -100 -100 85.1463 1
6.195 -100 -100 -100 85.1463 1
6.2 -100 -100 -100 85.1463 1
6.205 -100 -100 -100 85.1463 1
6.21 -100 -100 -100 85.1463 1
6.215 -100 -100 -100 85.1463 1
6.22 -100 -100 -100 85.1463 1
6.225 -100 -100 -100 85.1463 1
6.23 -100 -100 -100 85.1463 1
6.235 -100 -100 -100 85.1463 1
6.24 -100 -100 -100 85.1463 1
6.245 -100 -100 -100 85.1463 1
6.25 -100 -100 -100 85.1463 1
6.255 -100 -100 -100 85.1463 1
6.26 -100 -100 -100 85.1463 1
6.265 -100 -100 -100 85.1463 1
6.27 -100 -100 -100 85.1463 1
6.275 -100 -100 -100 85.1463 1
6.28 -100 -100 -100 85.1463 1
6.285 -100 -100 -100 85.1463 1
6.29 -100 -100 -100 85.1463 1
6.295 -100 -100 -100 85.1463 1
6.3 -100 -100 -100 85.1463 1
6.305 -100 -100 -100 85.1463 1
6.31 -100 -100 -100 85.1463 1
6.315 -100 -100 -100 85.1463 1
6.32 -100 -100 -100 85.1463 1
6.325 -100 -100 -100 85.1463 1
6.33 -100 -100 -100 85.1463 1
6.335 -100 -100 -100 85.1463 1
6.34 -100 -100 -100 85.1463 1
6.345 -100 -100 -100 85.1463 1
6.35 -100 -100 -100 85.1463 1
6.355 -100 -100 -100 85.1463 1
6.36 -100 -100 -100 85.1463 1
6.365 -100 -100 -100 85.1463 1
6.37 -100 -100 -100 85.1463 1
6.375 -100 -100 -100 85.1463 1
6.38 -100 -100 -100 85.1463 1
6.385 -100 -100 -100 85.1463 1
6.39 -100 -100 -100 85.1463 1
6.395 -100 -100 -100 85.1463 1
6.4 -100 -100 -100 85.1463 1
6.405 -100 -100 -100 85.1463 1
6.41 -100 -100 -100 85.1463 1
6.415 -100 -100 -100 85.1463 1
6.42 -100 -100 -100 85.1463 1
6.425 -100 -100 -100 85.1463 1
6.43 -100 -100 -100 85.1463 1
6.435 -100 -100 -100 85.1463 1
6.44 -100 -100 -100 85.1463 1
6.445 -100 -100 -100 85.1463 1
6.45 -100 -100 -100 85.1463 1
6.455 -100 -100 -100 85.1463 1
6.46 -100 -100 -100 85.1463 1
6.465 -100 -100 -100 85.1463 1
6.47 -100 -100 -100 85.1463 1
6.475 -100 -100 -100 85.1463 1
6.48 -100 -100 -100 85.1463 1
6.485 -100 -100 -100 85.1463 1
6.49 -100 -100 -100 85.1463 1
6.495 -100 -100 -100 85.1463 1
6.5 -100 -100 -100 85.1463 1
6.505 -100 -100 -100 85.1463 1
6.51 -100 -100 -100 85.1463 1
6.515 -100 -100 -100 85.1463 1
6.52 -100 -100 -100 85.1463 1
6.525 -100 -100 -100 85.1463 1
6.53 -100 -100 -100 85.1463 1
6.535 -100 -100 -100 85.1463 1
6.54 -100 -100 -100 85.1463 1
6.545 -100 -100 -100 85.1463 1
6.55 -100 -100 -100 85.1463 1
6.555 -100 -100 -100 85.1463 1
6.56 -100 -100 -100 85.1463 1
6.565 -100 -100 -100 85.1463 1
6.57 -100 -100 -100 85.1463 1
6.575 -100 -100 -100 85.1463 1
6.58 -100 -100 -100 85.1463 1
6.585 -100 -100 -100 85.1463 1
6.59 -100 -100 -100 85.1463 1
6.595 -100 -100 -100 85.1463 1
6.6 -100 -100 -100 85.1463 1
6.605 -100 -100 -100 85.1463 1
6.61 -100 -100 -100 85.1463 1
6.615 -100 -100 -100 85.1463 1
6.62 -100 -100 -100 85.1463 1
6.625 -100 -100 -100 85.1463 1
6.63 -100 -100 -100 85.1463 1
6.635 -100 -100 -100 85.1463 1
6.64 -100 -100 -100 85.1463 1
6.645 -100 -100 -100 85.1463 1
6.65 -100 -100 -100 85.1463 1
6.655 -100 -100 -100 85.1463 1
6.66 -100 -100 -100 85.1463 1
6.665 -100 -100 -100 85.1463 1
6.67 -100 -100 -100 85.1463 1
6.675 -100 -100 -100 85.1463 1
6.68 -100 -100 -100 85.1463 1
6.685 -100 -100 -100 85.1463 1
6.69 -100 -100 -100 85.1463 1
6.695 -100 -100 -100 85.1463 1
6.7 -100 -100 -100 85.1463 1
6.705 -100 -100 -100 85.1463 1
6.71 -100 -100 -100 85.1463 1
6.715 -100 -100 -100 85.1463 1
6.72 -100 -100 -100 85.1463 1
6.725 -100 -100 -100 85.1463 1
6.73 -100 -100 -100 85.1463 1
6.735 -100 -100 -100 85.1463 1
6.74 -100 -100 -100 85.1463 1
6.745 -100 -100 -100 85.1463 1
6.75 -100 -100 -100 85.1463 1
6.755 -100 -100 -100 85.1463 1
6.76 -100 -100 -100 85.1463 1
6.765 -100 -100 -100 85.1463 1
6.77 -100 -100 -100 85.1463 1
6.775 -100 -100 -100 85.1463 1
6.78 -100 -100 -100 85.1463 1
6.785 -100 -100 -100 85.1463 1
6.79 -100 -100 -100 85.1463 1
6.795 -100 -100 -100 85.1463 1
6.8 -100 -100 -100 85.1463 1
6.805 -100 -100 -100 85.1463 1
6.81 -100 -100 -100 85.1463 1
6.815 -100 -100 -100 85.1463 1
6.82 -100 -100 -100 85.1463 1
6.825 -100 -100 -100 85.1463 1
6.83 -100 -100 -100 85.1463 1
6.835 -100 -100 -100 85.1463 1
6.84 -100 -100 -100 85.1463 1
6.845 -100 -100 -100 85.1463 1
6.85 -100 -100 -100 85.1463 1
6.855 -100 -100 -100 85.1463 1
6.86 -100 -100 -100 85.1463 1
6.865 -100 -100 -100 85.1463 1
6.87 -100 -100 -100 85.1463 1
6.875 -100 -100 -100 85.1463 1
6.88 -100 -100 -100 85.1463 1
6.885 -100 -100 -100 85.1463 1
6.89 -100 -100 -100 85.1463 1
6.895 -100 -100 -100 85.1463 1
6.9 -100 -100 -100 85.1463 1
6.905 -100 -100 -100 85.1463 1
6.91 -100 -100 -100 85.1463 1
6.915 -100 -100 -100 85.1463 1
6.92 -100 -100 -100 85.1463 1
6.925 -100 -100 -100 85.1463 1
6.93 -100 -100 -100 85.1463 1
6.935 -100 -100 -100 85.1463 1
6.94 -100 -100 -100 85.1463 1
6.945 -100 -100 -100 85.1463 1
6.95 -100 -100 -100 85.1463 1
6.955 -100 -100 -100 85.1463 1
6.96 -100 -100 -100 85.1463 1
6.965 -100 -100 -100 85.1463 1
6.97 -100 -100 -100 85.1463 1
6.975 -100 -100 -100 85.1463 1
6.98 -100 -100 -100 85.1463 1
6.985 -100 -100 -100 85.1463 1
6.99 -100 -100 -100 85.1463 1
6.995 -100 -100 -100 85.1463 1
7 -100 -100 -100 85.1463 1
7.005 -100 -100 -100 85.1463 1
7.01 -100 -100 -100 85.1463 1
7.015 -100 -100 -100 85.1463 1
7.02 -100 -100 -100 85.1463 1
7.025 -100 -100 -100 85.1463 1
7.03 -100 -100 -100 85.1463 1
7.035 -100 -100 -100 85.1463 1
7.04 -100 -100 -100 85.1463 1
7.045 -100 -100 -100 85.1463 1
7.05 -100 -100 -100 85.1463 1
7.055 -100 -100 -100 85.1463 1
7.06 -100 -100 -100 85.1463 1
7.065 -100 -100 -100 85.1463 1
7.07 -100 -100 -100 85.1463 1
7.075 -100 -100 -100 85.1463 1
7.08 -100 -100 -100 85.1463 1
7.085 -100 -100 -100 85.1463 1
7.09 -100 -100 -100 85.1463 1
7.095 -100 -100 -100 85.1463 1
7.1 -100 -100 -100 85.1463 1
7.105 -100 -100 -100 85.1463 1
7.11 -100 -100 -100 85.1463 1
7.115 -100 -100 -100 85.1463 1
7.12 -100 -100 -100 85.1463 1
7.125 -100 -100 -100 85.1463 1
7.13 -100 -100 -100 85.1463 1
7.135 -100 -100 -100 85.1463 1
7.14 -100 -100 -100 85.1463 1
7.145 -100 -100 -100 85.1463 1
7.15 -100 -100 -100 85.1463 1
7.155 -100 -100 -100 85.1463 1
7.16 -100 -100 -100 85.1463 1
7.165 -100 -100 -100 85.1463 1
7.17 -100 -100 -100 85.1463 1
7.175 -100 -100 -100 85.1463 1
7.18 -100 -100 -100 85.1463 1
7.185 -100 -100 -100 85.1463 1
7.19 -100 -100 -100 85.1463 1
7.195 -100 -100 -100 85.1463 1
7.2 -100 -100 -100 85.1463 1
7.205 -100 -100 -100 85.1463 1
7.21 -100 -100 -100 85.1463 1
7.215 -100 -100 -100 85.1463 1
7.22 -100 -100 -100 85.1463 1
7.225 -100 -100 -100 85.1463 1
7.23 -100 -100 -100 85.1463 1
7.235 -100 -100 -100 85.1463 1
7.24 -100 -100 -100 85.1463 1
7.245 -100 -100 -100 85.1463 1
7.25 -100 -100 -100 85.1463 1
7.255 -100 -100 -100 85.1463 1
7.26 -100 -100 -100 85.1463 1
7.265 -100 -100 -100 85.1463 1
7.27 -100 -100 -100 85.1463 1
7.275 -100 -100 -100 85.1463 1
7.28 -100 -100 -100 85.1463 1
7.285 -100 -100 -100 85.1463 1
7.29 -100 -100 -100 85.1463 1
7.295 -100 -100 -100 85.1463 1
7.3 -100 -100 -100 85.1463 1
7.305 -100 -100 -100 85.1463 1
7.31 -100 -100 -100 85.1463 1
7.315 -100 -100 -100 85.1463 1
7.32 -100 -100 -100 85.1463 1
7.325 -100 -100 -100 85.1463 1
7.33 -100 -100 -100 85.1463 1
7.335 -100 -100 -100 85.1463 1
7.34 -100 -100 -100 85.1463 1
7.345 -100 -100 -100 85.1463 1
7.35 -100 -100 -100 85.1463 1
7.355 -100 -100 -100 85.1463 1
7.36 -100 -100 -100 85.1463 1
7.365 -100 -100 -100 85.1463 1
7.37 -100 -100 -100 85.1463 1
7.375 -100 -100 -100 85.1463 1
7.38 -100 -100 -100 85.1463 1
7.385 -100 -100 -100 85.1463 1
7.39 -100 -100 -100 85.1463 1
7.395 -100 -100 -100 85.1463 1
7.4 -100 -100 -100 85.1463 1
7.405 -100 -100 -100 85.1463 1
7.41 -100 -100 -100 85.1463 1
7.415 -100 -100 -100 85.1463 1
7.42 -100 -100 -100 85.1463 1
7.425 -100 -100 -100 85.1463 1
7.43 -100 -100 -100 85.1463 1
7.435 -100 -100 -100 85.1463 1
7.44 -100 -100 -100 85.1463 1
7.445 -100 -100 -100 85.1463 1
7.45 -100 -100 -100 85.1463 1
7.455 -100 -100 -100 85.1463 1
7.46 -100 -100 -100 85.1463 1
7.465 -100 -100 -100 85.1463 1
7.47 -100 -100 -100 85.1463 1
7.475 -100 -100 -100 85.1463 1
7.48 -100 -100 -100 85.1463 1
7.485 -100 -100 -100 85.1463 1
7.49 -100 -100 -100 85.1463 1
7.495 -100 -100 -100 85.1463 1
7.5 -100 -100 -100 85.1463 1
7.505 -100 -100 -100 85.1463 1
7.51 -100 -100 -100 85.1463 1
7.515 -100 -100 -100 85.1463 1
7.52 -100 -100 -100 85.1463 1
7.525 -100 -100 -100 85.1463 1
7.53 -100 -100 -100 85.1463 1
7.535 -100 -100 -100 85.1463 1
7.54 -100 -100 -100 85.1463 1
7.545 -100 -100 -100 85.1463 1
7.55 -100 -100 -100 85.1463 1
7.555 -100 -100 -100 85.1463 1
7.56 -100 -100 -100 85.1463 1
7.565 -100 -100 -100 85.1463 1
7.57 -100 -100 -100 85.1463 1
7.575 -100 -100 -100 85.1463 1
7.58 -100 -100 -100 85.1463 1
7.585 -100 -100 -100 85.1463 1
7.59 -100 -100 -100 85.1463 1
7.595 -100 -100 -100 85.1463 1
7.6 -100 -100 -100 85.1463 1
7.605 -100 -100 -100 85.1463 1
7.61 -100 -100 -100 85.1463 1
7.615 -100 -100 -100 85.1463 1
7.62 -100 -100 -100 85.1463 1
7.625 -100 -100 -100 85.1463 1
7.63 -100 -100 -100 85.1463 1
7.635 -100 -100 -100 85.1463 1
7.64 -100 -100 -100 85.1463 1
7.645 -100 -100 -100 85.1463 1
7.65 -100 -100 -100 85.1463 1
7.655 -100 -100 -100 85.1463 1
7.66 -100 -100 -100 85.1463 1
7.665 -100 -100 -100 85.1463 1
7.67 -100 -100 -100 85.1463 1
7.675 -100 -100 -100 85.1463 1
7.68 -100 -100 -100 85.1463 1
7.685 -100 -100 -100 85.1463 1
7.69 -100 -100 -100 85.1463 1
7.695 -100 -100 -100 85.1463 1
7.7 -100 -100 -100 85.1463 1
7.705 -100 -100 -100 85.1463 1
7.71 -100 -100 -100 85.1463 1
7.715 -100 -100 -100 85.1463 1
7.72 -100 -100 -100 85.1463 1
7.725 -100 -100 -100 85.1463 1
7.73 -100 -100 -100 85.1463 1
7.735 -100 -100 -100 85.1463 1
7.74 -100 -100 -100 85.1463 1
7.745 -100 -100 -100 85.1463 1
7.75 -100 -100 -100 85.1463 1
7.755 -100 -100 -100 85.1463 1
7.76 -100 -100 -100 85.1463 1
7.765 -100 -100 -100 85.1463 1
7.77 -100 -100 -100 85.1463 1
7.775 -100 -100 -100 85.1463 1
7.78 -100 -100 -100 85.1463 1
7.785 -100 -100 -100 85.1463 1
7.79 -100 -100 -100 85.1463 1
7.795 -100 -100 -100 85.1463 1
7.8 -100 -100 -100 85.1463 1
7.805 -100 -100 -100 85.1463 1
7.81 -100 -100 -100 85.1463 1
7.815 -100 -100 -100 85.1463 1
7.82 -100 -100 -100 85.1463 1
7.825 -100 -100 -100 85.1463 1
7.83 -100 -100 -100 85.1463 1
7.835 -100 -100 -100 85.1463 1
7.84 -100 -100 -100 85.1463 1
7.845 -100 -100 -100 85.1463 1
7.85 -100 -100 -100 85.1463 1
7.855 -100 -100 -100 85.1463 1
7.86 -100 -100 -100 85.1463 1
7.865 -100 -100 -100 85.1463 1
7.87 -100 -100 -100 85.1463 1
7.875 -100 -100 -100 85.1463 1
7.88 -100 -100 -100 85.1463 1
7.885 -100 -100 -100 85.1463 1
7.89 -100 -100 -100 85.1463 1
7.895 -100 -100 -100 85.1463 1
7.9 -100 -100 -100 85.1463 1
7.905 -100 -100 -100 85.1463 1
7.91 -100 -100 -100 85.1463 1
7.915 -100 -100 -100 85.1463 1
7.92 -100 -100 -100 85.1463 1
7.925 -100 -100 -100 85.1463 1
7.93 -100 -100 -100 85.1463 1
7.935 -100 -100 -100 85.1463 1
7.94 -100 -100 -100 85.1463 1
7.945 -100 -100 -100 85.1463 1
7.95 -100 -100 -100 85.1463 1
7.955 -100 -100 -100 85.1463 1
7.96 -100 -100 -100 85.1463 1
7.965 -100 -100 -100 85.1463 1
7.97 -100 -100 -100 85.1463 1
7.975 -100 -100 -100 85.1463 1
7.98 -100 -100 -100 85.1463 1
7.985 -100 -100 -100 85.1463 1
7.99 -100 -100 -100 85.1463 1
7.995 -100 -100 -100 85.1463 1
8 -100 -100 -100 85.1463 1
8.005 -100 -100 -100 85.1463 1
8.01 -100 -100 -100 85.1463 1
8.015 -100 -100 -100 85.1463 1
8.02 -100 -100 -100 85.1463 1
8.025 -100 -100 -100 85.1463 1
8.03 -100 -100 -100 85.1463 1
8.035 -100 -100 -100 85.1463 1
8.04 -100 -100 -100 85.1463 1
8.045 -100 -100 -100 85.1463 1
8.05 -100 -100 -100 85.1463 1
8.055 -100 -100 -100 85.1463 1
8.06 -100 -100 -100 85.1463 1
8.065 -100 -100 -100 85.1463 1
8.07 -100 -100 -100 85.1463 1
8.075 -100 -100 -100 85.1463 1
8.08 -100 -100 -100 85.1463 1
8.085 -100 -100 -100 85.1463 1
8.09 -100 -100 -100 85.1463 1
8.095 -100 -100 -100 85.1463 1
8.1 -100 -100 -100 85.1463 1
8.105 -100 -100 -100 85.1463 1
8.11 -100 -100 -100 85.1463 1
8.115 -100 -100 -100 85.1463 1
8.12 -100 -100 -100 85.1463 1
8.125 -100 -100 -100 85.1463 1
8.13 -100 -100 -100 85.1463 1
8.135 -100 -100 -100 85.1463 1
8.14 -100 -100 -100 85.1463 1
8.145 -100 -100 -100 85.1463 1
8.15 -100 -100 -100 85.1463 1
8.155 -100 -100 -100 85.1463 1
8.16 -100 -100 -100 85.1463 1
8.165 -100 -100 -100 85.1463 1
8.17 -100 -100 -100 85.1463 1
8.175 -100 -100 -100 85.1463 1
8.18 -100 -100 -100 85.1463 1
8.185 -100 -100 -100 85.1463 1
8.19 -100 -100 -100 85.1463 1
8.195 -100 -100 -100 85.1463 1
8.2 -100 -100 -100 85.1463 1
8.205 -100 -100 -100 85.1463 1
8.21 -100 -100 -100 85.1463 1
8.215 -100 -100 -100 85.1463 1
8.22 -100 -100 -100 85.1463 1
8.225 -100 -100 -100 85.1463 1
8.23 -100 -100 -100 85.1463 1
8.235 -100 -100 -100 85.1463 1
8.24 -100 -100 -100 85.1463 1
8.245 -100 -100 -100 85.1463 1
8.25 -100 -100 -100 85.1463 1
8.255 -100 -100 -100 85.1463 1
8.26 -100 -100 -100 85.1463 1
8.265 -100 -100 -100 85.1463 1
8.27 -100 -100 -100 85.1463 1
8.275 -100 -100 -100 85.1463 1
8.28 -100 -100 -100 85.1463 1
8.285 -100 -100 -100 85.1463 1
8.29 -100 -100 -100 85.1463 1
8.295 -100 -100 -100 85.1463 1
8.3 -100 -100 -100 85.1463 1
8.305 -100 -100 -100 85.1463 1
8.31 -100 -100 -100 85.1463 1
8.315 -100 -100 -100 85.1463 1
8.32 -100 -100 -100 85.1463 1
8.325 -100 -100 -100 85.1463 1
8.33 -100 -100 -100 85.1463 1
8.335 -100 -100 -100 85.1463 1
8.34 -100 -100 -100 85.1463 1
8.345 -100 -100 -100 85.1463 1
8.35 -100 -100 -100 85.1463 1
8.355 -100 -100 -100 85.1463 1
8.36 -100 -100 -100 85.1463 1
8.365 -100 -100 -100 85.1463 1
8.37 -100 -100 -100 85.1463 1
8.375 -100 -100 -100 85.1463 1
8.38 -100 -100 -100 85.1463 1
8.385 -100 -100 -100 85.1463 1
8.39 -100 -100 -100 85.1463 1
8.395 -100 -100 -100 85.1463 1
8.4 -100 -100 -100 85.1463 1
8.405 -100 -100 -100 85.1463 1
8.41 -100 -100 -100 85.1463 1
8.415 -100 -100 -100 85.1463 1
8.42 -100 -100 -100 85.1463 1
8.425 -100 -100 -100 85.1463 1
8.43 -100 -100 -100 85.1463 1
8.435 -100 -100 -100 85.1463 1
8.44 -100 -100 -100 85.1463 1
8.445 -100 -100 -100 85.1463 1
8.45 -100 -100 -100 85.1463 1
8.455 -100 -100 -100 85.1463 1
8.46 -100 -100 -100 85.1463 1
8.465 -100 -100 -100 85.1463 1
8.47 -100 -100 -100 85.1463 1
8.475 -100 -100 -100 85.1463 1
8.48 -100 -100 -100 85.1463 1
8.485 -100 -100 -100 85.1463 1
8.49 -100 -100 -100 85.1463 1
8.495 -100 -100 -100 85.1463 1
8.5 -100 -100 -100 85.1463 1
8.505 -100 -100 -100 85.1463 1
8.51 -100 -100 -100 85.1463 1
8.515 -100 -100 -100 85.1463 1
8.52 -100 -100 -100 85.1463 1
8.525 -100 -100 -100 85.1463 1
8.53 -100 -100 -100 85.1463 1
8.535 -100 -100 -100 85.1463 1
8.54 -100 -100 -100 85.1463 1
8.545 -100 -100 -100 85.1463 1
8.55 -100 -100 -100 85.1463 1
8.555 -100 -100 -100 85.1463 1
8.56 -100 -100 -100 85.1463 1
8.565 -100 -100 -100 85.1463 1
8.57 -100 -100 -100 85.1463 1
8.575 -100 -100 -100 85.1463 1
8.58 -100 -100 -100 85.1463 1
8.585 -100 -100 -100 85.1463 1
8.59 -100 -100 -100 85.1463 1
8.595 -100 -100 -100 85.1463 1
8.6 -100 -100 -100 85.1463 1
8.605 -100 -100 -100 85.1463 1
8.61 -100 -100 -100 85.1463 1
8.615 -100 -100 -100 85.1463 1
8.62 -100 -100 -100 85.1463 1
8.625 -100 -100 -100 85.1463 1
8.63 -100 -100 -100 85.1463 1
8.635 -100 -100 -100 85.1463 1
8.64 -100 -100 -100 85.1463 1
8.645 -100 -100 -100 85.1463 1
8.65 -100 -100 -100 85.1463 1
8.655 -100 -100 -100 85.1463 1
8.66 -100 -100 -100 85.1463 1
8.665 -100 -100 -100 85.1463 1
8.67 -100 -100 -100 85.1463 1
8.675 -100 -100 -100 85.1463 1
8.68 -100 -100 -100 85.1463 1
8.685 -100 -100 -100 85.1463 1
8.69 -100 -100 -100 85.1463 1
8.695 -100 -100 -100 85.1463 1
8.7 -100 -100 -100 85.1463 1
8.705 -100 -100 -100 85.1463 1
8.71 -100 -100 -100 85.1463 1
8.715 -100 -100 -100 85.1463 1
8.72 -100 -100 -100 85.1463 1
8.725 -100 -100 -100 85.1463 1
8.73 -100 -100 -100 85.1463 1
8.735 -100 -100 -100 85.1463 1
8.74 -100 -100 -100 85.1463 1
8.745 -100 -100 -100 85.1463 1
8.75 -100 -100 -100 85.1463 1
8.755 -100 -100 -100 85.1463 1
8.76 -100 -100 -100 85.1463 1
8.765 -100 -100 -100 85.1463 1
8.77 -100 -100 -100 85.1463 1
8.775 -100 -100 -100 85.1463 1
8.78 -100 -100 -100 85.1463 1
8.785 -100 -100 -100 85.1463 1
8.79 -100 -100 -100 85.1463 1
8.795 -100 -100 -100 85.1463 1
8.8 -100 -100 -100 85.1463 1
8.805 -100 -100 -100 85.1463 1
8.81 -100 -100 -100 85.1463 1
8.815 -100 -100 -100 85.1463 1
8.82 -100 -100 -100 85.1463 1
8.825 -100 -100 -100 85.1463 1
8.83 -100 -100 -100 85.1463 1
8.835 -100 -100 -100 85.1463 1
8.84 -100 -100 -100 85.1463 1
8.845 -100 -100 -100 85.1463 1
8.85 -100 -100 -100 85.1463 1
8.855 -100 -100 -100 85.1463 1
8.86 -100 -100 -100 85.1463 1
8.865 -100 -100 -100 85.1463 1
8.87 -100 -100 -100 85.1463 1
8.875 -100 -100 -100 85.1463 1
8.88 -100 -100 -100 85.1463 1
8.885 -100 -100 -100 85.1463 1
8.89 -100 -100 -100 85.1463 1
8.895 -100 -100 -100 85.1463 1
8.9 -100 -100 -100 85.1463 1
8.905 -100 -100 -100 85.1463 1
8.91 -100 -100 -100 85.1463 1
8.915 -100 -100 -100 85.1463 1
8.92 -100 -100 -100 85.1463 1
8.925 -100 -100 -100 85.1463 1
8.93 -100 -100 -100 85.1463 1
8.935 -100 -100 -100 85.1463 1
8.94 -100 -100 -100 85.1463 1
8.945 -100 -100 -100 85.1463 1
8.95 -100 -100 -100 85.1463 1
8.955 -100 -100 -100 85.1463 1
8.96 -100 -100 -100 85.1463 1
8.965 -100 -100 -100 85.1463 1
8.97 -100 -100 -100 85.1463 1
8.975 -100 -100 -100 85.1463 1
8.98 -100 -100 -100 85.1463 1
8.985 -100 -100 -100 85.1463 1
8.99 -100 -100 -100 85.1463 1
8.995 -100 -100 -100 85.1463 1
9 -100 -100 -100 85.1463 1
9.005 -100 -100 -100 85.1463 1
9.01 -100 -100 -100 85.1463 1
9.015 -100 -100 -100 85.1463 1
9.02 -100 -100 -100 85.1463 1
9.025 -100 -100 -100 85.1463 1
9.03 -100 -100 -100 85.1463 1
9.035 -100 -100 -100 85.1463 1
9.04 -100 -100 -100 85.1463 1
9.045 -100 -100 -100 85.1463 1
9.05 -100 -100 -100 85.1463 1
9.055 -100 -100 -100 85.1463 1
9.06 -100 -100 -100 85.1463 1
9.065 -100 -100 -100 85.1463 1
9.07 -100 -100 -100 85.1463 1
9.075 -100 -100 -100 85.1463 1
9.08 -100 -100 -100 85.1463 1
9.085 -100 -100 -100 85.1463 1
9.09 -100 -100 -100 85.1463 1
9.095 -100 -100 -100 85.1463 1
9.1 -100 -100 -100 85.1463 1
9.105 -100 -100 -100 85.1463 1
9.11 -100 -100 -100 85.1463 1
9.115 -100 -100 -100 85.1463 1
9.12 -100 -100 -100 85.1463 1
9.125 -100 -100 -100 85.1463 1
9.13 -100 -100 -100 85.1463 1
9.135 -100 -100 -100 85.1463 1
9.14 -100 -100 -100 85.1463 1
9.145 -100 -100 -100 85.1463 1
9.15 -100 -100 -100 85.1463 1
9.155 -100 -100 -100 85.1463 1
9.16 -100 -100 -100 85.1463 1
9.165 -100 -100 -100 85.1463 1
9.17 -100 -100 -100 85.1463 1
9.175 -100 -100 -100 85.1463 1
9.18 -100 -100 -100 85.1463 1
9.185 -100 -100 -100 85.1463 1
9.19 -100 -100 -100 85.1463 1
9.195 -100 -100 -100 85.1463 1
9.2 -100 -100 -100 85.1463 1
9.205 -100 -100 -100 85.1463 1
9.21 -100 -100 -100 85.1463 1
9.215 -100 -100 -100 85.1463 1
9.22 -100 -100 -100 85.1463 1
9.225 -100 -100 -100 85.1463 1
9.23 -100 -100 -100 85.1463 1
9.235 -100 -100 -100 85.1463 1
9.24 -100 -100 -100 85.1463 1
9.245 -100 -100 -100 85.1463 1
9.25 -100 -100 -100 85.1463 1
9.255 -100 -100 -100 85.1463 1
9.26 -100 -100 -100 85.1463 1
9.265 -100 -100 -100 85.1463 1
9.27 -100 -100 -100 85.1463 1
9.275 -100 -100 -100 85.1463 1
9.28 -100 -100 -100 85.1463 1
9.285 -100 -100 -100 85.1463 1
9.29 -100 -100 -100 85.1463 1
9.295 -100 -100 -100 85.1463 1
9.3 -100 -100 -100 85.1463 1
9.305 -100 -100 -100 85.1463 1
9.31 -100 -100 -100 85.1463 1
9.315 -100 -100 -100 85.1463 1
9.32 -100 -100 -100 85.1463 1
9.325 -100 -100 -100 85.1463 1
9.33 -100 -100 -100 85.1463 1
9.335 -100 -100 -100 85.1463 1
9.34 -100 -100 -100 85.1463 1
9.345 -100 -100 -100 85.1463 1
9.35 -100 -100 -100 85.1463 1
9.355 -100 -100 -100 85.1463 1
9.36 -100 -100 -100 85.1463 1
9.365 -100 -100 -100 85.1463 1
9.37 -100 -100 -100 85.1463 1
9.375 -100 -100 -100 85.1463 1
9.38 -100 -100 -100 85.1463 1
9.385 -100 -100 -100 85.1463 1
9.39 -100 -100 -100 85.1463 1
9.395 -100 -100 -100 85.1463 1
9.4 -100 -100 -100 85.1463 1
9.405 -100 -100 -100 85.1463 1
9.41 -100 -100 -100 85.1463 1
9.415 -100 -100 -100 85.1463 1
9.42 -100 -100 -100 85.1463 1
9.425 -100 -100 -100 85.1463 1
9.43 -100 -100 -100 85.1463 1
9.435 -100 -100 -100 85.1463 1
9.44 -100 -100 -100 85.1463 1
9.445 -100 -100 -100 85.1463 1
9.45 -100 -100 -100 85.1463 1
9.455 -100 -100 -100 85.1463 1
9.46 -100 -100 -100 85.1463 1
9.465 -100 -100 -100 85.1463 1
9.47 -100 -100 -100 85.1463 1
9.475 -100 -100 -100 85.1463 1
9.48 -100 -100 -100 85.1463 1
9.485 -100 -100 -100 85.1463 1
9.49 -100 -100 -100 85.1463 1
9.495 -100 -100 -100 85.1463 1
9.5 -100 -100 -100 85.1463 1
9.505 -100 -100 -100 85.1463 1
9.51 -100 -100 -100 85.1463 1
9.515 -100 -100 -100 85.1463 1
9.52 -100 -100 -100 85.1463 1
9.525 -100 -100 -100 85.1463 1
9.53 -100 -100 -100 85.1463 1
9.535 -100 -100 -100 85.1463 1
9.54 -100 -100 -100 85.1463 1
9.545 -100 -100 -100 85.1463 1
9.55 -100 -100 -100 85.1463 1
9.555 -100 -100 -100 85.1463 1
9.56 -100 -100 -100 85.1463 1
9.565 -100 -100 -100 85.1463 1
9.57 -100 -100 -100 85.1463 1
9.575 -100 -100 -100 85.1463 1
9.58 -100 -100 -100 85.1463 1
9.585 -100 -100 -100 85.1463 1
9.59 -100 -100 -100 85.1463 1
9.595 -100 -100 -100 85.1463 1
9.6 -100 -100 -100 85.1463 1
9.605 -100 -100 -100 85.1463 1
9.61 -100 -100 -100 85.1463 1
9.615 -100 -100 -100 85.1463 1
9.62 -100 -100 -100 85.1463 1
9.625 -100 -100 -100 85.1463 1
9.63 -100 -100 -100 85.1463 1
9.635 -100 -100 -100 85.1463 1
9.64 -100 -100 -100 85.1463 1
9.645 -100 -100 -100 85.1463 1
9.65 -100 -100 -100 85.1463 1
9.655 -100 -100 -100 85.1463 1
9.66 -100 -100 -100 85.1463 1
9.665 -100 -100 -100 85.1463 1
9.67 -100 -100 -100 85.1463 1
9.675 -100 -100 -100 85.1463 1
9.68 -100 -100 -100 85.1463 1
9.685 -100 -100 -100 85.1463 1
9.69 -100 -100 -100 85.1463 1
9.695 -100 -100 -100 85.1463 1
9.7 -100 -100 -100 85.1463 1
9.705 -100 -100 -100 85.1463 1
9.71 -100 -100 -100 85.1463 1
9.715 -100 -100 -100 85.1463 1
9.72 -100 -100 -100 85.1463 1
9.725 -100 -100 -100 85.1463 1
9.73 -100 -100 -100 85.1463 1
9.735 -100 -100 -100 85.1463 1
9.74 -100 -100 -100 85.1463 1
9.745 -100 -100 -100 85.1463 1
9.75 -100 -100 -100 85.1463 1
9.755 -100 -100 -100 85.1463 1
9.76 -100 -100 -100 85.1463 1
9.765 -100 -100 -100 85.1463 1
9.77 -100 -100 -100 85.1463 1
9.775 -100 -100 -100 85.1463 1
9.78 -100 -100 -100 85.1463 1
9.785 -100 -100 -100 85.1463 1
9.79 -100 -100 -100 85.1463 1
9.795 -100 -100 -100 85.1463 1
9.8 -100 -100 -100 85.1463 1
9.805 -100 -100 -100 85.1463 1
9.81 -100 -100 -100 85.1463 1
9.815 -100 -100 -100 85.1463 1
9.82 -100 -100 -100 85.1463 1
9.825 -100 -100 -100 85.1463 1
9.83 -100 -100 -100 85.1463 1
9.835 -100 -100 -100 85.1463 1
9.84 -100 -100 -100 85.1463 1
9.845 -100 -100 -100 85.1463 1
9.85 -100 -100 -100 85.1463 1
9.855 -100 -100 -100 85.1463 1
9.86 -100 -100 -100 85.1463 1
9.865 -100 -100 -100 85.1463 1
9.87 -100 -100 -100 85.1463 1
9.875 -100 -100 -100 85.1463 1
9.88 -100 -100 -100 85.1463 1
9.885 -100 -100 -100 85.1463 1
9.89 -100 -100 -100 85.1463 1
9.895 -100 -100 -100 85.1463 1
9.9 -100 -100 -100 85.1463 1
9.905 -100 -100 -100 85.1463 1
9.91 -100 -100 -100 85.1463 1
9.915 -100 -100 -100 85.1463 1
9.92 -100 -100 -100 85.1463 1
9.925 -100 -100 -100 85.1463 1
9.93 -100 -100 -100 85.1463 1
9.935 -100 -100 -100 85.1463 1
9.94 -100 -100 -100 85.1463 1
9.945 -100 -100 -100 85.1463 1
9.95 -100 -100 -100 85.1463 1
9.955 -100 -100 -100 85.1463 1
9.96 -100 -100 -100 85.1463 1
9.965 -100 -100 -100 85.1463 1
9.97 -100 -100 -100 85.1463 1
9.975 -100 -100 -100 85.1463 1
9.98 -100 -100 -100 85.1463 1
9.985 -100 -100 -100 85.1463 1
9.99 -100 -100 -100 85.1463 1
9.995 -100 -100 -100 85.1463 1
10 -100 -100 -100 85.1463 1
10.005 -100 -100 -100 85.1463 1
10.01 -100 -100 -100 85.1463 1
10.015 -100 -100 -100 85.1463 1
10.02 -100 -100 -100 85.1463 1
10.025 -100 -100 -100 85.1463 1
10.03 -100 -100 -100 85.1463 1
10.035 -100 -100 -100 85.1463 1
10.04 -100 -100 -100 85.1463 1
10.045 -100 -100 -100 85.1463 1
10.05 -100 -100 -100 85.1463 1
10.055 -100 -100 -100 85.1463 1
10.06 -100 -100 -100 85.1463 1
10.065 -100 -100 -100 85.1463 1
10.07 -100 -100 -100 85.1463 1
10.075 -100 -100 -100 85.1463 1
10.08 -100 -100 -100 85.1463 1
10.085 -100 -100 -100 85.1463 1
10.09 -100 -100 -100 85.1463 1
10.095 -100 -100 -100 85.1463 1
10.1 -100 -100 -100 85.1463 1
10.105 -100 -100 -100 85.1463 1
10.11 -100 -100 -100 85.1463 1
10.115 -100 -100 -100 85.1463 1
10.12 -100 -100 -100 85.1463 1
10.125 -100 -100 -100 85.1463 1
10.13 -100 -100 -100 85.1463 1
10.135 -100 -100 -100 85.1463 1
10.14 -100 -100 -100 85.1463 1
10.145 -100 -100 -100 85.1463 1
10.15 -100 -100 -100 85.1463 1
10.155 -100 -100 -100 85.1463 1
10.16 -100 -100 -100 85.1463 1
10.165 -100 -100 -100 85.1463 1
10.17 -100 -100 -100 85.1463 1
10.175 -100 -100 -100 85.1463 1
10.18 -100 -100 -100 85.1463 1
10.185 -100 -100 -100 85.1463 1
10.19 -100 -100 -100 85.1463 1
10.195 -100 -100 -100 85.1463 1
10.2 -100 -100 -100 85.1463 1
10.205 -100 -100 -100 85.1463 1
10.21 -100 -100 -100 85.1463 1
10.215 -100 -100 -100 85.1463 1
10.22 -100 -100 -100 85.1463 1
10.225 -100 -100 -100 85.1463 1
10.23 -100 -100 -100 85.1463 1
10.235 -100 -100 -100 85.1463 1
10.24 -100 -100 -100 85.1463 1
10.245 -100 -100 -100 85.1463 1
10.25 -100 -100 -100 85.1463 1
10.255 -100 -100 -100 85.1463 1
10.26 -100 -100 -100 85.1463 1
10.265 -100 -100 -100 85.1463 1
10.27 -100 -100 -100 85.1463 1
10.275 -100 -100 -100 85.1463 1
10.28 -100 -100 -100 85.1463 1
10.285 -100 -100 -100 85.1463 1
10.29 -100 -100 -100 85.1463 1
10.295 -100 -100 -100 85.1463 1
10.3 -100 -100 -100 85.1463 1
10.305 -100 -100 -100 85.1463 1
10.31 -100 -100 -100 85.1463 1
10.315 -100 -100 -100 85.1463 1
10.32 -100 -100 -100 85.1463 1
10.325 -100 -100 -100 85.1463 1
10.33 -100 -100 -100 85.1463 1
10.335 -100 -100 -100 85.1463 1
10.34 -100 -100 -100 85.1463 1
10.345 -100 -100 -100 85.1463 1
10.35 -100 -100 -100 85.1463 1
10.355 -100 -100 -100 85.1463 1
10.36 -100 -100 -100 85.1463 1
10.365 -100 -100 -100 85.1463 1
10.37 -100 -100 -100 85.1463 1
10.375 -100 -100 -100 85.1463 1
10.38 -100 -100 -100 85.1463 1
10.385 -100 -100 -100 85.1463 1
10.39 -100 -100 -100 85.1463 1
10.395 -100 -100 -100 85.1463 1
10.4 -100 -100 -100 85.1463 1
10.405 -100 -100 -100 85.1463 1
10.41 -100 -100 -100 85.1463 1
10.415 -100 -100 -100 85.1463 1
10.42 -100 -100 -100 85.1463 1
10.425 -100 -100 -100 85.1463 1
10.43 -100 -100 -100 85.1463 1
10.435 -100 -100 -100 85.1463 1
10.44 -100 -100 -100 85.1463 1
10.445 -100 -100 -100 85.1463 1
10.45 -100 -100 -100 85.1463 1
10.455 -100 -100 -100 85.1463 1
10.46 -100 -100 -100 85.1463 1
10.465 -100 -100 -100 85.1463 1
10.47 -100 -100 -100 85.1463 1
10.475 -100 -100 -100 85.1463 1
10.48 -100 -100 -100 85.1463 1
10.485 -100 -100 -100 85.1463 1
10.49 -100 -100 -100 85.1463 1
10.495 -100 -100 -100 85.1463 1
10.5 -100 -100 -100 85.1463 1
10.505 -100 -100 -100 85.1463 1
10.51 -100 -100 -100 85.1463 1
10.515 -100 -100 -100 85.1463 1
10.52 -100 -100 -100 85.1463 1
10.525 -100 -100 -100 85.1463 1
10.53 -100 -100 -100 85.1463 1
10.535 -100 -100 -100 85.1463 1
10.54 -100 -100 -100 85.1463 1
10.545 -100 -100 -100 85.1463 1
10.55 -100 -100 -100 85.1463 1
10.555 -100 -100 -100 85.1463 1
10.56 -100 -100 -100 85.1463 1
10.565 -100 -100 -100 85.1463 1
10.57 -100 -100 -100 85.1463 1
10.575 -100 -100 -100 85.1463 1
10.58 -100 -100 -100 85.1463 1
10.585 -100 -100 -100 85.1463 1
10.59 -100 -100 -100 85.1463 1
10.595 -100 -100 -100 85.1463 1
10.6 -100 -100 -100 85.1463 1
10.605 -100 -100 -100 85.1463 1
10.61 -100 -100 -100 85.1463 1
10.615 -100 -100 -100 85.1463 1
10.62 -100 -100 -100 85.1463 1
10.625 -100 -100 -100 85.1463 1
10.63 -100 -100 -100 85.1463 1
10.635 -100 -100 -100 85.1463 1
10.64 -100 -100 -100 85.1463 1
10.645 -100 -100 -100 85.1463 1
10.65 -100 -100 -100 85.1463 1
10.655 -100 -100 -100 85.1463 1
10.66 -100 -100 -100 85.1463 1
10.665 -100 -100 -100 85.1463 1
10.67 -100 -100 -100 85.1463 1
10.675 -100 -100 -100 85.1463 1
10.68 -100 -100 -100 85.1463 1
10.685 -100 -100 -100 85.1463 1
10.69 -100 -100 -100 85.1463 1
10.695 -100 -100 -100 85.1463 1
10.7 -100 -100 -100 85.1463 1
10.705 -100 -100 -100 85.1463 1
10.71 -100 -100 -100 85.1463 1
10.715 -100 -100 -100 85.1463 1
10.72 -100 -100 -100 85.1463 1
10.725 -100 -100 -100 85.1463 1
10.73 -100 -100 -100 85.1463 1
10.735 -100 -100 -100 85.1463 1
10.74 -100 -100 -100 85.1463 1
10.745 -100 -100 -100 85.1463 1
10.75 -100 -100 -100 85.1463 1
10.755 -100 -100 -100 85.1463 1
10.76 -100 -100 -100 85.1463 1
10.765 -100 -100 -100 85.1463 1
10.77 -100 -100 -100 85.1463 1
10.775 -100 -100 -100 85.1463 1
10.78 -100 -100 -100 85.1463 1
10.785 -100 -100 -100 85.1463 1
10.79 -100 -100 -100 85.1463 1
10.795 -100 -100 -100 85.1463 1
10.8 -100 -100 -100 85.1463 1
10.805 -100 -100 -100 85.1463 1
10.81 -100 -100 -100 85.1463 1
10.815 -100 -100 -100 85.1463 1
10.82 -100 -100 -100 85.1463 1
10.825 -100 -100 -100 85.1463 1
10.83 -100 -100 -100 85.1463 1
10.835 -100 -100 -100 85.1463 1
10.84 -100 -100 -100 85.1463 1
10.845 -100 -100 -100 85.1463 1
10.85 -100 -100 -100 85.1463 1
10.855 -100 -100 -100 85.1463 1
10.86 -100 -100 -100 85.1463 1
10.865 -100 -100 -100 85.1463 1
10.87 -100 -100 -100 85.1463 1
10.875 -100 -100 -100 85.1463 1
10.88 -100 -100 -100 85.1463 1
10.885 -100 -100 -100 85.1463 1
10.89 -100 -100 -100 85.1463 1
10.895 -100 -100 -100 85.1463 1
10.9 -100 -100 -100 85.1463 1
10.905 -100 -100 -100 85.1463 1
10.91 -100 -100 -100 85.1463 1
10.915 -100 -100 -100 85.1463 1
10.92 -100 -100 -100 85.1463 1
10.925 -100 -100 -100 85.1463 1
10.93 -100 -100 -100 85.1463 1
10.935 -100 -100 -100 85.1463 1
10.94 -100 -100 -100 85.1463 1
10.945 -100 -100 -100 85.1463 1
10.95 -100 -100 -100 85.1463 1
10.955 -100 -100 -100 85.1463 1
10.96 -100 -100 -100 85.1463 1
10.965 -100 -100 -100 85.1463 1
10.97 -100 -100 -100 85.1463 1
10.975 -100 -100 -100 85.1463 1
10.98 -100 -100 -100 85.1463 1
10.985 -100 -100 -100 85.1463 1
10.99 -100 -100 -100 85.1463 1
10.995 -100 -100 -100 85.1463 1
11 -100 -100 -100 85.1463 1
11.005 -100 -100 -100 85.1463 1
11.01 -100 -100 -100 85.1463 1
11.015 -100 -100 -100 85.1463 1
11.02 -100 -100 -100 85.1463 1
11.025 -100 -100 -100 85.1463 1
11.03 -100 -100 -100 85.1463 1
11.035 -100 -100 -100 85.1463 1
11.04 -100 -100 -100 85.1463 1
11.045 -100 -100 -100 85.1463 1
11.05 -100 -100 -100 85.1463 1
11.055 -100 -100 -100 85.1463 1
11.06 -100 -100 -100 85.1463 1
11.065 -100 -100 -100 85.1463 1
11.07 -100 -100 -100 85.1463 1
11.075 -100 -100 -100 85.1463 1
11.08 -100 -100 -100 85.1463 1
11.085 -100 -100 -100 85.1463 1
11.09 -100 -100 -100 85.1463 1
11.095 -100 -100 -100 85.1463 1
11.1 -100 -100 -100 85.1463 1
11.105 -100 -100 -100 85.1463 1
11.11 -100 -100 -100 85.1463 1
11.115 -100 -100 -100 85.1463 1
11.12 -100 -100 -100 85.1463 1
11.125 -100 -100 -100 85.1463 1
11.13 -100 -100 -100 85.1463 1
11.135 -100 -100 -100 85.1463 1
11.14 -100 -100 -100 85.1463 1
11.145 -100 -100 -100 85.1463 1
11.15 -100 -100 -100 85.1463 1
11.155 -100 -100 -100 85.1463 1
11.16 -100 -100 -100 85.1463 1
11.165 -100 -100 -100 85.1463 1
11.17 -100 -100 -100 85.1463 1
11.175 -100 -100 -100 85.1463 1
11.18 -100 -100 -100 85.1463 1
11.185 -100 -100 -100 85.1463 1
11.19 -100 -100 -100 85.1463 1
11.195 -100 -100 -100 85.1463 1
11.2 -100 -100 -100 85.1463 1
11.205 -100 -100 -100 85.1463 1
11.21 -100 -100 -100 85.1463 1
11.215 -100 -100 -100 85.1463 1
11.22 -100 -100 -100 85.1463 1
11.225 -100 -100 -100 85.1463 1
11.23 -100 -100 -100 85.1463 1
11.235 -100 -100 -100 85.1463 1
11.24 -100 -100 -100 85.1463 1
11.245 -100 -100 -100 85.1463 1
11.25 -100 -100 -100 85.1463 1
11.255 -100 -100 -100 85.1463 1
11.26 -100 -100 -100 85.1463 1
11.265 -100 -100 -100 85.1463 1
11.27 -100 -100 -100 85.1463 1
11.275 -100 -100 -100 85.1463 1
11.28 -100 -100 -100 85.1463 1
11.285 -100 -100 -100 85.1463 1
11.29 -100 -100 -100 85.1463 1
11.295 -100 -100 -100 85.1463 1
11.3 -100 -100 -100 85.1463 1
11.305 -100 -100 -100 85.1463 1
11.31 -100 -100 -100 85.1463 1
11.315 -100 -100 -100 85.1463 1
11.32 -100 -100 -100 85.1463 1
11.325 -100 -100 -100 85.1463 1
11.33 -100 -100 -100 85.1463 1
11.335 -100 -100 -100 85.1463 1
11.34 -100 -100 -100 85.1463 1
11.345 -100 -100 -100 85.1463 1
11.35 -100 -100 -100 85.1463 1
11.355 -100 -100 -100 85.1463 1
11.36 -100 -100 -100 85.1463 1
11.365 -100 -100 -100 85.1463 1
11.37 -100 -100 -100 85.1463 1
11.375 -100 -100 -100 85.1463 1
11.38 -100 -100 -100 85.1463 1
11.385 -100 -100 -100 85.1463 1
11.39 -100 -100 -100 85.1463 1
11.395 -100 -100 -100 85.1463 1
11.4 -100 -100 -100 85.1463 1
11.405 -100 -100 -100 85.1463 1
11.41 -100 -100 -100 85.1463 1
11.415 -100 -100 -100 85.1463 1
11.42 -100 -100 -100 85.1463 1
11.425 -100 -100 -100 85.1463 1
11.43 -100 -100 -100 85.1463 1
11.435 -100 -100 -100 85.1463 1
11.44 -100 -100 -100 85.1463 1
11.445 -100 -100 -100 85.1463 1
11.45 -100 -100 -100 85.1463 1
11.455 -100 -100 -100 85.1463 1
11.46 -100 -100 -100 85.1463 1
11.465 -100 -100 -100 85.1463 1
11.47 -100 -100 -100 85.1463 1
11.475 -100 -100 -100 85.1463 1
11.48 -100 -100 -100 85.1463 1
11.485 -100 -100 -100 85.1463 1
11.49 -100 -100 -100 85.1463 1
11.495 -100 -100 -100 85.1463 1
11.5 -100 -100 -100 85.1463 1
11.505 -100 -100 -100 85.1463 1
11.51 -100 -100 -100 85.1463 1
11.515 -100 -100 -100 85.1463 1
11.52 -100 -100 -100 85.1463 1
11.525 -100 -100 -100 85.1463 1
11.53 -100 -100 -100 85.1463 1
11.535 -100 -100 -100 85.1463 1
11.54 -100 -100 -100 85.1463 1
11.545 -100 -100 -100 85.1463 1
11.55 -100 -100 -100 85.1463 1
11.555 -100 -100 -100 85.1463 1
11.56 -100 -100 -100 85.1463 1
11.565 -100 -100 -100 85.1463 1
11.57 -100 -100 -100 85.1463 1
11.575 -100 -100 -100 85.1463 1
11.58 -100 -100 -100 85.1463 1
11.585 -100 -100 -100 85.1463 1
11.59 -100 -100 -100 85.1463 1
11.595 -100 -100 -100 85.1463 1
11.6 -100 -100 -100 85.1463 1
11.605 -100 -100 -100 85.1463 1
11.61 -100 -100 -100 85.1463 1
11.615 -100 -100 -100 85.1463 1
11.62 -100 -100 -100 85.1463 1
11.625 -100 -100 -100 85.1463 1
11.63 -100 -100 -100 85.1463 1
11.635 -100 -100 -100 85.1463 1
11.64 -100 -100 -100 85.1463 1
11.645 -100 -100 -100 85.1463 1
11.65 -100 -100 -100 85.1463 1
11.655 -100 -100 -100 85.1463 1
11.66 -100 -100 -100 85.1463 1
11.665 -100 -100 -100 85.1463 1
11.67 -100 -100 -100 85.1463 1
11.675 -100 -100 -100 85.1463 1
11.68 -100 -100 -100 85.1463 1
11.685 -100 -100 -100 85.1463 1
11.69 -100 -100 -100 85.1463 1
11.695 -100 -100 -100 85.1463 1
11.7 -100 -100 -100 85.1463 1
11.705 -100 -100 -100 85.1463 1
11.71 -100 -100 -100 85.1463 1
11.715 -100 -100 -100 85.1463 1
11.72 -100 -100 -100 85.1463 1
11.725 -100 -100 -100 85.1463 1
11.73 -100 -100 -100 85.1463 1
11.735 -100 -100 -100 85.1463 1
11.74 -100 -100 -100 85.1463 1
11.745 -100 -100 -100 85.1463 1
11.75 -100 -100 -100 85.1463 1
11.755 -100 -100 -100 85.1463 1
11.76 -100 -100 -100 85.1463 1
11.765 -100 -100 -100 85.1463 1
11.77 -100 -100 -100 85.1463 1
11.775 -100 -100 -100 85.1463 1
11.78 -100 -100 -100 85.1463 1
11.785 -100 -100 -100 85.1463 1
11.79 -100 -100 -100 85.1463 1
11.795 -100 -100 -100 85.1463 1
11.8 -100 -100 -100 85.1463 1
11.805 -100 -100 -100 85.1463 1
11.81 -100 -100 -100 85.1463 1
11.815 -100 -100 -100 85.1463 1
11.82 -100 -100 -100 85.1463 1
11.825 -100 -100 -100 85.1463 1
11.83 -100 -100 -100 85.1463 1
11.835 -100 -100 -100 85.1463 1
11.84 -100 -100 -100 85.1463 1
11.845 -100 -100 -100 85.1463 1
11.85 -100 -100 -100 85.1463 1
11.855 -100 -100 -100 85.1463 1
11.86 -100 -100 -100 85.1463 1
11.865 -100 -100 -100 85.1463 1
11.87 -100 -100 -100 85.1463 1
11.875 -100 -100 -100 85.1463 1
11.88 -100 -100 -100 85.1463 1
11.885 -100 -100 -100 85.1463 1
11.89 -100 -100 -100 85.1463 1
11.895 -100 -100 -100 85.1463 1
11.9 -100 -100 -100 85.1463 1
11.905 -100 -100 -100 85.1463 1
11.91 -100 -100 -100 85.1463 1
11.915 -100 -100 -100 85.1463 1
11.92 -100 -100 -100 85.1463 1
11.925 -100 -100 -100 85.1463 1
11.93 -100 -100 -100 85.1463 1
11.935 -100 -100 -100 85.1463 1
11.94 -100 -100 -100 85.1463 1
11.945 -100 -100 -100 85.1463 1
11.95 -100 -100 -100 85.1463 1
11.955 -100 -100 -100 85.1463 1
11.96 -100 -100 -100 85.1463 1
11.965 -100 -100 -100 85.1463 1
11.97 -100 -100 -100 85.1463 1
11.975 -100 -100 -100 85.1463 1
11.98 -100 -100 -100 85.1463 1
11.985 -100 -100 -100 85.1463 1
11.99 -100 -100 -100 85.1463 1
11.995 -100 -100 -100 85.1463 1
12 -100 -100 -100 85.1463 1
12.005 -100 -100 -100 85.1463 1
12.01 -100 -100 -100 85.1463 1
12.015 -100 -100 -100 85.1463 1
12.02 -100 -100 -100 85.1463 1
12.025 -100 -100 -100 85.1463 1
12.03 -100 -100 -100 85.1463 1
12.035 -100 -100 -100 85.1463 1
12.04 -100 -100 -100 85.1463 1
12.045 -100 -100 -100 85.1463 1
12.05 -100 -100 -100 85.1463 1
12.055 -100 -100 -100 85.1463 1
12.06 -100 -100 -100 85.1463 1
12.065 -100 -100 -100 85.1463 1
12.07 -100 -100 -100 85.1463 1
12.075 -100 -100 -100 85.1463 1
12.08 -100 -100 -100 85.1463 1
12.085 -100 -100 -100 85.1463 1
12.09 -100 -100 -100 85.1463 1
12.095 -100 -100 -100 85.1463 1
12.1 -100 -100 -100 85.1463 1
12.105 -100 -100 -100 85.1463 1
12.11 -100 -100 -100 85.1463 1
12.115 -100 -100 -100 85.1463 1
12.12 -100 -100 -100 85.1463 1
12.125 -100 -100 -100 85.1463 1
12.13 -100 -100 -100 85.1463 1
12.135 -100 -100 -100 85.1463 1
12.14 -100 -100 -100 85.1463 1
12.145 -100 -100 -100 85.1463 1
12.15 -100 -100 -100 85.1463 1
12.155 -100 -100 -100 85.1463 1
12.16 -100 -100 -100 85.1463 1
12.165 -100 -100 -100 85.1463 1
12.17 -100 -100 -100 85.1463 1
12.175 -100 -100 -100 85.1463 1
12.18 -100 -100 -100 85.1463 1
12.185 -100 -100 -100 85.1463 1
12.19 -100 -100 -100 85.1463 1
12.195 -100 -100 -100 85.1463 1
12.2 -100 -100 -100 85.1463 1
12.205 -100 -100 -100 85.1463 1
12.21 -100 -100 -100 85.1463 1
12.215 -100 -100 -100 85.1463 1
12.22 -100 -100 -100 85.1463 1
12.225 -100 -100 -100 85.1463 1
12.23 -100 -100 -100 85.1463 1
12.235 -100 -100 -100 85.1463 1
12.24 -100 -100 -100 85.1463 1
12.245 -100 -100 -100 85.1463 1
12.25 -100 -100 -100 85.1463 1
12.255 -100 -100 -100 85.1463 1
12.26 -100 -100 -100 85.1463 1
12.265 -100 -100 -100 85.1463 1
12.27 -100 -100 -100 85.1463 1
12.275 -100 -100 -100 85.1463 1
12.28 -100 -100 -100 85.1463 1
12.285 -100 -100 -100 85.1463 1
12.29 -100 -100 -100 85.1463 1
12.295 -100 -100 -100 85.1463 1
12.3 -100 -100 -100 85.1463 1
12.305 -100 -100 -100 85.1463 1
12.31 -100 -100 -100 85.1463 1
12.315 -100 -100 -100 85.1463 1
12.32 -100 -100 -100 85.1463 1
12.325 -100 -100 -100 85.1463 1
12.33 -100 -100 -100 85.1463 1
12.335 -100 -100 -100 85.1463 1
12.34 -100 -100 -100 85.1463 1
12.345 -100 -100 -100 85.1463 1
12.35 -100 -100 -100 85.1463 1
12.355 -100 -100 -100 85.1463 1
12.36 -100 -100 -100 85.1463 1
12.365 -100 -100 -100 85.1463 1
12.37 -100 -100 -100 85.1463 1
12.375 -100 -100 -100 85.1463 1
12.38 -100 -100 -100 85.1463 1
12.385 -100 -100 -100 85.1463 1
12.39 -100 -100 -100 85.1463 1
12.395 -100 -100 -100 85.1463 1
12.4 -100 -100 -100 85.1463 1
12.405 -100 -100 -100 85.1463 1
12.41 -100 -100 -100 85.1463 1
12.415 -100 -100 -100 85.1463 1
12.42 -100 -100 -100 85.1463 1
12.425 -100 -100 -100 85.1463 1
12.43 -100 -100 -100 85.1463 1
12.435 -100 -100 -100 85.1463 1
12.44 -100 -100 -100 85.1463 1
12.445 -100 -100 -100 85.1463 1
12.45 -100 -100 -100 85.1463 1
12.455 -100 -100 -100 85.1463 1
12.46 -100 -100 -100 85.1463 1
12.465 -100 -100 -100 85.1463 1
12.47 -100 -100 -100 85.1463 1
12.475 -100 -100 -100 85.1463 1
12.48 -100 -100 -100 85.1463 1
12.485 -100 -100 -100 85.1463 1
12.49 -100 -100 -100 85.1463 1
12.495 -100 -100 -100 85.1463 1
12.5 -100 -100 -100 85.1463 1
12.505 -100 -100 -100 85.1463 1
12.51 -100 -100 -100 85.1463 1
12.515 -100 -100 -100 85.1463 1
12.52 -100 -100 -100 85.1463 1
12.525 -100 -100 -100 85.1463 1
12.53 -100 -100 -100 85.1463 1
12.535 -100 -100 -100 85.1463 1
12.54 -100 -100 -100 85.1463 1
12.545 -100 -100 -100 85.1463 1
12.55 -100 -100 -100 85.1463 1
12.555 -100 -100 -100 85.1463 1
12.56 -100 -100 -100 85.1463 1
12.565 -100 -100 -100 85.1463 1
12.57 -100 -100 -100 85.1463 1
12.575 -100 -100 -100 85.1463 1
12.58 -100 -100 -100 85.1463 1
12.585 -100 -100 -100 85.1463 1
12.59 -100 -100 -100 85.1463 1
12.595 -100 -100 -100 85.1463 1
12.6 -100 -100 -100 85.1463 1
12.605 -100 -100 -100 85.1463 1
12.61 -100 -100 -100 85.1463 1
12.615 -100 -100 -100 85.1463 1
12.62 -100 -100 -100 85.1463 1
12.625 -100 -100 -100 85.1463 1
12.63 -100 -100 -100 85.1463 1
12.635 -100 -100 -100 85.1463 1
12.64 -100 -100 -100 85.1463 1
12.645 -100 -100 -100 85.1463 1
12.65 -100 -100 -100 85.1463 1
12.655 -100 -100 -100 85.1463 1
12.66 -100 -100 -100 85.1463 1
12.665 -100 -100 -100 85.1463 1
12.67 -100 -100 -100 85.1463 1
12.675 -100 -100 -100 85.1463 1
12.68 -100 -100 -100 85.1463 1
12.685 -100 -100 -100 85.1463 1
12.69 -100 -100 -100 85.1463 1
12.695 -100 -100 -100 85.1463 1
12.7 -100 -100 -100 85.1463 1
12.705 -100 -100 -100 85.1463 1
12.71 -100 -100 -100 85.1463 1
12.715 -100 -100 -100 85.1463 1
12.72 -100 -100 -100 85.1463 1
12.725 -100 -100 -100 85.1463 1
12.73 -100 -100 -100 85.1463 1
12.735 -100 -100 -100 85.1463 1
12.74 -100 -100 -100 85.1463 1
12.745 -100 -100 -100 85.1463 1
12.75 -100 -100 -100 85.1463 1
12.755 -100 -100 -100 85.1463 1
12.76 -100 -100 -100 85.1463 1
12.765 -100 -100 -100 85.1463 1
12.77 -100 -100 -100 85.1463 1
12.775 -100 -100 -100 85.1463 1
12.78 -100 -100 -100 85.1463 1
12.785 -100 -100 -100 85.1463 1
12.79 -100 -100 -100 85.1463 1
12.795 -100 -100 -100 85.1463 1
12.8 -100 -100 -100 85.1463 1
12.805 -100 -100 -100 85.1463 1
12.81 -100 -100 -100 85.1463 1
12.815 -100 -100 -100 85.1463 1
12.82 -100 -100 -100 85.1463 1
12.825 -100 -100 -100 85.1463 1
12.83 -100 -100 -100 85.1463 1
12.835 -100 -100 -100 85.1463 1
12.84 -100 -100 -100 85.1463 1
12.845 -100 -100 -100 85.1463 1
12.85 -100 -100 -100 85.1463 1
12.855 -100 -100 -100 85.1463 1
12.86 -100 -100 -100 85.1463 1
12.865 -100 -100 -100 85.1463 1
12.87 -100 -100 -100 85.1463 1
12.875 -100 -100 -100 85.1463 1
12.88 -100 -100 -100 85.1463 1
12.885 -100 -100 -100 85.1463 1
12.89 -100 -100 -100 85.1463 1
12.895 -100 -100 -100 85.1463 1
12.9 -100 -100 -100 85.1463 1
12.905 -100 -100 -100 85.1463 1
12.91 -100 -100 -100 85.1463 1
12.915 -100 -100 -100 85.1463 1
12.92 -100 -100 -100 85.1463 1
12.925 -100 -100 -100 85.1463 1
12.93 -100 -100 -100 85.1463 1
12.935 -100 -100 -100 85.1463 1
12.94 -100 -100 -100 85.1463 1
12.945 -100 -100 -100 85.1463 1
12.95 -100 -100 -100 85.1463 1
12.955 -100 -100 -100 85.1463 1
12.96 -100 -100 -100 85.1463 1
12.965 -100 -100 -100 85.1463 1
12.97 -100 -100 -100 85.1463 1
12.975 -100 -100 -100 85.1463 1
12.98 -100 -100 -100 85.1463 1
12.985 -100 -100 -100 85.1463 1
12.99 -100 -100 -100 85.1463 1
12.995 -100 -100 -100 85.1463 1
13 -100 -100 -100 85.1463 1
13.005 -100 -100 -100 85.1463 1
13.01 -100 -100 -100 85.1463 1
13.015 -100 -100 -100 85.1463 1
13.02 -100 -100 -100 85.1463 1
13.025 -100 -100 -100 85.1463 1
13.03 -100 -100 -100 85.1463 1
13.035 -100 -100 -100 85.1463 1
13.04 -100 -100 -100 85.1463 1
13.045 -100 -100 -100 85.1463 1
13.05 -100 -100 -100 85.1463 1
13.055 -100 -100 -100 85.1463 1
13.06 -100 -100 -100 85.1463 1
13.065 -100 -100 -100 85.1463 1
13.07 -100 -100 -100 85.1463 1
13.075 -100 -100 -100 85.1463 1
13.08 -100 -100 -100 85.1463 1
13.085 -100 -100 -100 85.1463 1
13.09 -100 -100 -100 85.1463 1
13.095 -100 -100 -100 85.1463 1
13.1 -100 -100 -100 85.1463 1
13.105 -100 -100 -100 85.1463 1
13.11 -100 -100 -100 85.1463 1
13.115 -100 -100 -100 85.1463 1
13.12 -100 -100 -100 85.1463 1
13.125 -100 -100 -100 85.1463 1
13.13 -100 -100 -100 85.1463 1
13.135 -100 -100 -100 85.1463 1
13.14 -100 -100 -100 85.1463 1
13.145 -100 -100 -100 85.1463 1
13.15 -100 -100 -100 85.1463 1
13.155 -100 -100 -100 85.1463 1
13.16 -100 -100 -100 85.1463 1
13.165 -100 -100 -100 85.1463 1
13.17 -100 -100 -100 85.1463 1
13.175 -100 -100 -100 85.1463 1
13.18 -100 -100 -100 85.1463 1
13.185 -100 -100 -100 85.1463 1
13.19 -100 -100 -100 85.1463 1
13.195 -100 -100 -100 85.1463 1
13.2 -100 -100 -100 85.1463 1
13.205 -100 -100 -100 85.1463 1
13.21 -100 -100 -100 85.1463 1
13.215 -100 -100 -100 85.1463 1
13.22 -100 -100 -100 85.1463 1
13.225 -100 -100 -100 85.1463 1
13.23 -100 -100 -100 85.1463 1
13.235 -100 -100 -100 85.1463 1
13.24 -100 -100 -100 85.1463 1
13.245 -100 -100 -100 85.1463 1
13.25 -100 -100 -100 85.1463 1
13.255 -100 -100 -100 85.1463 1
13.26 -100 -100 -100 85.1463 1
13.265 -100 -100 -100 85.1463 1
13.27 -100 -100 -100 85.1463 1
13.275 -100 -100 -100 85.1463 1
13.28 -100 -100 -100 85.1463 1
13.285 -100 -100 -100 85.1463 1
13.29 -100 -100 -100 85.1463 1
13.295 -100 -100 -100 85.1463 1
13.3 -100 -100 -100 85.1463 1
13.305 -100 -100 -100 85.1463 1
13.31 -100 -100 -100 85.1463 1
13.315 -100 -100 -100 85.1463 1
13.32 -100 -100 -100 85.1463 1
13.325 -100 -100 -100 85.1463 1
13.33 -100 -100 -100 85.1463 1
13.335 -100 -100 -100 85.1463 1
13.34 -100 -100 -100 85.1463 1
13.345 -100 -100 -100 85.1463 1
13.35 -100 -100 -100 85.1463 1
13.355 -100 -100 -100 85.1463 1
13.36 -100 -100 -100 85.1463 1
13.365 -100 -100 -100 85.1463 1
13.37 -100 -100 -100 85.1463 1
13.375 -100 -100 -100 85.1463 1
13.38 -100 -100 -100 85.1463 1
13.385 -100 -100 -100 85.1463 1
13.39 -100 -100 -100 85.1463 1
13.395 -100 -100 -100 85.1463 1
13.4 -100 -100 -100 85.1463 1
13.405 -100 -100 -100 85.1463 1
13.41 -100 -100 -100 85.1463 1
13.415 -100 -100 -100 85.1463 1
13.42 -100 -100 -100 85.1463 1
13.425 -100 -100 -100 85.1463 1
13.43 -100 -100 -100 85.1463 1
13.435 -100 -100 -100 85.1463 1
13.44 -100 -100 -100 85.1463 1
13.445 -100 -100 -100 85.1463 1
13.45 -100 -100 -100 85.1463 1
13.455 -100 -100 -100 85.1463 1
13.46 -100 -100 -100 85.1463 1
13.465 -100 -100 -100 85.1463 1
13.47 -100 -100 -100 85.1463 1
13.475 -100 -100 -100 85.1463 1
13.48 -100 -100 -100 85.1463 1
13.485 -100 -100 -100 85.1463 1
13.49 -100 -100 -100 85.1463 1
13.495 -100 -100 -100 85.1463 1
13.5 -100 -100 -100 85.1463 1
13.505 -100 -100 -100 85.1463 1
13.51 -100 -100 -100 85.1463 1
13.515 -100 -100 -100 85.1463 1
13.52 -100 -100 -100 85.1463 1
13.525 -100 -100 -100 85.1463 1
13.53 -100 -100 -100 85.1463 1
13.535 -100 -100 -100 85.1463 1
13.54 -100 -100 -100 85.1463 1
13.545 -100 -100 -100 85.1463 1
13.55 -100 -100 -100 85.1463 1
13.555 -100 -100 -100 85.1463 1
13.56 -100 -100 -100 85.1463 1
13.565 -100 -100 -100 85.1463 1
13.57 -100 -100 -100 85.1463 1
13.575 -100 -100 -100 85.1463 1
13.58 -100 -100 -100 85.1463 1
13.585 -100 -100 -100 85.1463 1
13.59 -100 -100 -100 85.1463 1
13.595 -100 -100 -100 85.1463 1
13.6 -100 -100 -100 85.1463 1
13.605 -100 -100 -100 85.1463 1
13.61 -100 -100 -100 85.1463 1
13.615 -100 -100 -100 85.1463 1
13.62 -100 -100 -100 85.1463 1
13.625 -100 -100 -100 85.1463 1
13.63 -100 -100 -100 85.1463 1
13.635 -100 -100 -100 85.1463 1
13.64 -100 -100 -100 85.1463 1
13.645 -100 -100 -100 85.1463 1
13.65 -100 -100 -100 85.1463 1
13.655 -100 -100 -100 85.1463 1
13.66 -100 -100 -100 85.1463 1
13.665 -100 -100 -100 85.1463 1
13.67 -100 -100 -100 85.1463 1
13.675 -100 -100 -100 85.1463 1
13.68 -100 -100 -100 85.1463 1
13.685 -100 -100 -100 85.1463 1
13.69 -100 -100 -100 85.1463 1
13.695 -100 -100 -100 85.1463 1
13.7 -100 -100 -100 85.1463 1
13.705 -100 -100 -100 85.1463 1
13.71 -100 -100 -100 85.1463 1
13.715 -100 -100 -100 85.1463 1
13.72 -100 -100 -100 85.1463 1
13.725 -100 -100 -100 85.1463 1
13.73 -100 -100 -100 85.1463 1
13.735 -100 -100 -100 85.1463 1
13.74 -100 -100 -100 85.1463 1
13.745 -100 -100 -100 85.1463 1
13.75 -100 -100 -100 85.1463 1
13.755 -100 -100 -100 85.1463 1
13.76 -100 -100 -100 85.1463 1
13.765 -100 -100 -100 85.1463 1
13.77 -100 -100 -100 85.1463 1
13.775 -100 -100 -100 85.1463 1
13.78 -100 -100 -100 85.1463 1
13.785 -100 -100 -100 85.1463 1
13.79 -100 -100 -100 85.1463 1
13.795 -100 -100 -100 85.1463 1
13.8 -100 -100 -100 85.1463 1
13.805 -100 -100 -100 85.1463 1
13.81 -100 -100 -100 85.1463 1
13.815 -100 -100 -100 85.1463 1
13.82 -100 -100 -100 85.1463 1
13.825 -100 -100 -100 85.1463 1
13.83 -100 -100 -100 85.1463 1
13.835 -100 -100 -100 85.1463 1
13.84 -100 -100 -100 85.1463 1
13.845 -100 -100 -100 85.1463 1
13.85 -100 -100 -100 85.1463 1
13.855 -100 -100 -100 85.1463 1
13.86 -100 -100 -100 85.1463 1
13.865 -100 -100 -100 85.1463 1
13.87 -100 -100 -100 85.1463 1
13.875 -100 -100 -100 85.1463 1
13.88 -100 -100 -100 85.1463 1
13.885 -100 -100 -100 85.1463 1
13.89 -100 -100 -100 85.1463 1
13.895 -100 -100 -100 85.1463 1
13.9 -100 -100 -100 85.1463 1
13.905 -100 -100 -100 85.1463 1
13.91 -100 -100 -100 85.1463 1
13.915 -100 -100 -100 85.1463 1
13.92 -100 -100 -100 85.1463 1
13.925 -100 -100 -100 85.1463 1
13.93 -100 -100 -100 85.1463 1
13.935 -100 -100 -100 85.1463 1
13.94 -100 -100 -100 85.1463 1
13.945 -100 -100 -100 85.1463 1
13.95 -100 -100 -100 85.1463 1
13.955 -100 -100 -100 85.1463 1
13.96 -100 -100 -100 85.1463 1
13.965 -100 -100 -100 85.1463 1
13.97 -100 -100 -100 85.1463 1
13.975 -100 -100 -100 85.1463 1
13.98 -100 -100 -100 85.1463 1
13.985 -100 -100 -100 85.1463 1
13.99 -100 -100 -100 85.1463 1
13.995 -100 -100 -100 85.1463 1
14 -100 -100 -100 85.1463 1
14.005 -100 -100 -100 85.1463 1
14.01 -100 -100 -100 85.1463 1
14.015 -100 -100 -100 85.1463 1
14.02 -100 -100 -100 85.1463 1
14.025 -100 -100 -100 85.1463 1
14.03 -100 -100 -100 85.1463 1
14.035 -100 -100 -100 85.1463 1
14.04 -100 -100 -100 85.1463 1
14.045 -100 -100 -100 85.1463 1
14.05 -100 -100 -100 85.1463 1
14.055 -100 -100 -100 85.1463 1
14.06 -100 -100 -100 85.1463 1
14.065 -100 -100 -100 85.1463 1
14.07 -100 -100 -100 85.1463 1
14.075 -100 -100 -100 85.1463 1
14.08 -100 -100 -100 85.1463 1
14.085 -100 -100 -100 85.1463 1
14.09 -100 -100 -100 85.1463 1
14.095 -100 -100 -100 85.1463 1
14.1 -100 -100 -100 85.1463 1
14.105 -100 -100 -100 85.1463 1
14.11 -100 -100 -100 85.1463 1
14.115 -100 -100 -100 85.1463 1
14.12 -100 -100 -100 85.1463 1
14.125 -100 -100 -100 85.1463 1
14.13 -100 -100 -100 85.1463 1
14.135 -100 -100 -100 85.1463 1
14.14 -100 -100 -100 85.1463 1
14.145 -100 -100 -100 85.1463 1
14.15 -100 -100 -100 85.1463 1
14.155 -100 -100 -100 85.1463 1
14.16 -100 -100 -100 85.1463 1
14.165 -100 -100 -100 85.1463 1
14.17 -100 -100 -100 85.1463 1
14.175 -100 -100 -100 85.1463 1
14.18 -100 -100 -100 85.1463 1
14.185 -100 -100 -100 85.1463 1
14.19 -100 -100 -100 85.1463 1
14.195 -100 -100 -100 85.1463 1
14.2 -100 -100 -100 85.1463 1
14.205 -100 -100 -100 85.1463 1
14.21 -100 -100 -100 85.1463 1
14.215 -100 -100 -100 85.1463 1
14.22 -100 -100 -100 85.1463 1
14.225 -100 -100 -100 85.1463 1
14.23 -100 -100 -100 85.1463 1
14.235 -100 -100 -100 85.1463 1
14.24 -100 -100 -100 85.1463 1
14.245 -100 -100 -100 85.1463 1
14.25 -100 -100 -100 85.1463 1
14.255 -100 -100 -100 85.1463 1
14.26 -100 -100 -100 85.1463 1
14.265 -100 -100 -100 85.1463 1
14.27 -100 -100 -100 85.1463 1
14.275 -100 -100 -100 85.1463 1
14.28 -100 -100 -100 85.1463 1
14.285 -100 -100 -100 85.1463 1
14.29 -100 -100 -100 85.1463 1
14.295 -100 -100 -100 85.1463 1
14.3 -100 -100 -100 85.1463 1
14.305 -100 -100 -100 85.1463 1
14.31 -100 -100 -100 85.1463 1
14.315 -100 -100 -100 85.1463 1
14.32 -100 -100 -100 85.1463 1
14.325 -100 -100 -100 85.1463 1
14.33 -100 -100 -100 85.1463 1
14.335 -100 -100 -100 85.1463 1
14.34 -100 -100 -100 85.1463 1
14.345 -100 -100 -100 85.1463 1
14.35 -100 -100 -100 85.1463 1
14.355 -100 -100 -100 85.1463 1
14.36 -100 -100 -100 85.1463 1
14.365 -100 -100 -100 85.1463 1
14.37 -100 -100 -100 85.1463 1
14.375 -100 -100 -100 85.1463 1
14.38 -100 -100 -100 85.1463 1
14.385 -100 -100 -100 85.1463 1
14.39 -100 -100 -100 85.1463 1
14.395 -100 -100 -100 85.1463 1
14.4 -100 -100 -100 85.1463 1
14.405 -100 -100 -100 85.1463 1
14.41 -100 -100 -100 85.1463 1
14.415 -100 -100 -100 85.1463 1
14.42 -100 -100 -100 85.1463 1
14.425 -100 -100 -100 85.1463 1
14.43 -100 -100 -100 85.1463 1
14.435 -100 -100 -100 85.1463 1
14.44 -100 -100 -100 85.1463 1
14.445 -100 -100 -100 85.1463 1
14.45 -100 -100 -100 85.1463 1
14.455 -100 -100 -100 85.1463 1
14.46 -100 -100 -100 85.1463 1
14.465 -100 -100 -100 85.1463 1
14.47 -100 -100 -100 85.1463 1
14.475 -100 -100 -100 85.1463 1
14.48 -100 -100 -100 85.1463 1
14.485 -100 -100 -100 85.1463 1
14.49 -100 -100 -100 85.1463 1
14.495 -100 -100 -100 85.1463 1
14.5 -100 -100 -100 85.1463 1
14.505 -100 -100 -100 85.1463 1
14.51 -100 -100 -100 85.1463 1
14.515 -100 -100 -100 85.1463 1
14.52 -100 -100 -100 85.1463 1
14.525 -100 -100 -100 85.1463 1
14.53 -100 -100 -100 85.1463 1
14.535 -100 -100 -100 85.1463 1
14.54 -100 -100 -100 85.1463 1
14.545 -100 -100 -100 85.1463 1
14.55 -100 -100 -100 85.1463 1
14.555 -100 -100 -100 85.1463 1
14.56 -100 -100 -100 85.1463 1
14.565 -100 -100 -100 85.1463 1
14.57 -100 -100 -100 85.1463 1
14.575 -100 -100 -100 85.1463 1
14.58 -100 -100 -100 85.1463 1
14.585 -100 -100 -100 85.1463 1
14.59 -100 -100 -100 85.1463 1
14.595 -100 -100 -100 85.1463 1
14.6 -100 -100 -100 85.1463 1
14.605 -100 -100 -100 85.1463 1
14.61 -100 -100 -100 85.1463 1
14.615 -100 -100 -100 85.1463 1
14.62 -100 -100 -100 85.1463 1
14.625 -100 -100 -100 85.1463 1
14.63 -100 -100 -100 85.1463 1
14.635 -100 -100 -100 85.1463 1
14.64 -100 -100 -100 85.1463 1
14.645 -100 -100 -100 85.1463 1
14.65 -100 -100 -100 85.1463 1
14.655 -100 -100 -100 85.1463 1
14.66 -100 -100 -100 85.1463 1
14.665 -100 -100 -100 85.1463 1
14.67 -100 -100 -100 85.1463 1
14.675 -100 -100 -100 85.1463 1
14.68 -100 -100 -100 85.1463 1
14.685 -100 -100 -100 85.1463 1
14.69 -100 -100 -100 85.1463 1
14.695 -100 -100 -100 85.1463 1
14.7 -100 -100 -100 85.1463 1
14.705 -100 -100 -100 85.1463 1
14.71 -100 -100 -100 85.1463 1
14.715 -100 -100 -100 85.1463 1
14.72 -100 -100 -100 85.1463 1
14.725 -100 -100 -100 85.1463 1
14.73 -100 -100 -100 85.1463 1
14.735 -100 -100 -100 85.1463 1
14.74 -100 -100 -100 85.1463 1
14.745 -100 -100 -100 85.1463 1
14.75 -100 -100 -100 85.1463 1
14.755 -100 -100 -100 85.1463 1
14.76 -100 -100 -100 85.1463 1
14.765 -100 -100 -100 85.1463 1
14.77 -100 -100 -100 85.1463 1
14.775 -100 -100 -100 85.1463 1
14.78 -100 -100 -100 85.1463 1
14.785 -100 -100 -100 85.1463 1
14.79 -100 -100 -100 85.1463 1
14.795 -100 -100 -100 85.1463 1
14.8 -100 -100 -100 85.1463 1
14.805 -100 -100 -100 85.1463 1
14.81 -100 -100 -100 85.1463 1
14.815 -100 -100 -100 85.1463 1
14.82 -100 -100 -100 85.1463 1
14.825 -100 -100 -100 85.1463 1
14.83 -100 -100 -100 85.1463 1
14.835 -100 -100 -100 85.1463 1
14.84 -100 -100 -100 85.1463 1
14.845 -100 -100 -100 85.1463 1
14.85 -100 -100 -100 85.1463 1
14.855 -100 -100 -100 85.1463 1
14.86 -100 -100 -100 85.1463 1
14.865 -100 -100 -100 85.1463 1
14.87 -100 -100 -100 85.1463 1
14.875 -100 -100 -100 85.1463 1
14.88 -100 -100 -100 85.1463 1
14.885 -100 -100 -100 85.1463 1
14.89 -100 -100 -100 85.1463 1
14.895 -100 -100 -100 85.1463 1
14.9 -100 -100 -100 85.1463 1
14.905 -100 -100 -100 85.1463 1
14.91 -100 -100 -100 85.1463 1
14.915 -100 -100 -100 85.1463 1
14.92 -100 -100 -100 85.1463 1
14.925 -100 -100 -100 85.1463 1
14.93 -100 -100 -100 85.1463 1
14.935 -100 -100 -100 85.1463 1
14.94 -100 -100 -100 85.1463 1
14.945 -100 -100 -100 85.1463 1
14.95 -100 -100 -100 85.1463 1
14.955 -100 -100 -100 85.1463 1
14.96 -100 -100 -100 85.1463 1
14.965 -100 -100 -100 85.1463 1
14.97 -100 -100 -100 85.1463 1
14.975 -100 -100 -100 85.1463 1
14.98 -100 -100 -100 85.1463 1
14.985 -100 -100 -100 85.1463 1
14.99 -100 -100 -100 85.1463 1
14.995 -100 -100 -100 85.1463 1
15 -100 -100 -100 85.1463 1
