0.01 -7.22261e-14 -2.02248e-13 3.54916e-14 -1.90152e-13 -0.313587 -1.85906e-13 -0.313587 -2.10106e-13
0.02 1.87094e-13 5.8943e-13 -1.36059e-13 5.8777e-13 -0.0614799 4.97539e-13 -0.0614799 4.76668e-13
0.03 -3.03005e-13 -9.77752e-13 2.35583e-13 -9.84248e-13 0.252447 -5.35033e-13 0.252447 -5.42905e-13
0.04 4.28421e-13 1.37543e-12 -3.25602e-13 1.37137e-12 0.105602 3.9007e-13 0.105602 3.90332e-13
0.05 -5.50575e-13 -1.77005e-12 4.18884e-13 -1.76155e-12 -0.185116 -1.77403e-13 -0.185116 -1.94136e-13
0.06 6.66075e-13 2.15777e-12 -5.18819e-13 2.15863e-12 -0.119254 7.16022e-14 -0.119254 5.31386e-14
0.07 -7.84838e-13 -2.54903e-12 6.15491e-13 -2.55217e-12 0.138229 -6.30766e-14 0.138229 -7.52704e-14
0.08 9.09459e-13 2.94583e-12 -7.06306e-13 2.94017e-12 0.135778 1.65442e-13 0.135778 1.64569e-13
0.09 -1.02909e-12 -3.33801e-12 8.02112e-13 -3.33279e-12 -0.0789587 -2.62637e-13 -0.0789587 -2.73945e-13
0.1 1.14605e-12 3.7271e-12 -9.00586e-13 3.7285e-12 -0.11879 3.23435e-13 -0.11879 3.0933e-13
0.11 -1.26635e-12 -4.11999e-12 9.95721e-13 -4.12041e-12 0.0538653 -2.90296e-13 0.0538653 -3.03554e-13
0.12 1.38971e-12 4.51545e-12 -1.08779e-12 4.50975e-12 0.122688 2.41053e-13 0.122688 2.39189e-13
0.13 -1.50805e-12 -4.90641e-12 1.18489e-12 -4.90359e-12 -0.007021 -1.85919e-13 -0.007021 -1.93411e-13
0.14 1.62657e-12 5.29699e-12 -1.28181e-12 5.29781e-12 -0.0896485 1.78375e-13 -0.0896485 1.69229e-13
0.15 -1.7474e-12 -5.69048e-12 1.37641e-12 -5.68912e-12 0.00312903 -1.87066e-13 0.00312903 -1.98927e-13
0.16 1.86958e-12 6.08469e-12 -1.46967e-12 6.07971e-12 0.0915501 2.26589e-13 0.0915501 2.24671e-13
0.17 -1.98749e-12 -6.47528e-12 1.56719e-12 -6.47392e-12 0.0323345 -2.44903e-13 0.0323345 -2.4956e-13
0.18 2.10729e-12 6.86708e-12 -1.66283e-12 6.86692e-12 -0.0528305 2.50386e-13 -0.0528305 2.46051e-13
0.19 -2.22804e-12 -7.26054e-12 1.75751e-12 -7.25826e-12 -0.0197756 -2.30208e-13 -0.0197756 -2.39109e-13
0.2 2.34933e-12 7.65382e-12 -1.85166e-12 7.64978e-12 0.0585561 2.19457e-13 0.0585561 2.18625e-13
0.21 -2.46735e-12 -8.04456e-12 1.94908e-12 -8.04384e-12 0.0469959 -2.09884e-13 0.0469959 -2.12146e-13
0.22 2.58798e-12 8.43717e-12 -2.04388e-12 8.43603e-12 -0.0204844 2.12617e-13 -0.0204844 2.12621e-13
0.23 -2.70838e-12 -8.83029e-12 2.13892e-12 -8.82771e-12 -0.0240419 -2.1797e-13 -0.0240419 -2.23142e-13
0.24 2.82912e-12 9.223e-12 -2.23361e-12 9.2198e-12 0.0318784 2.28559e-13 0.0318784 2.29786e-13
0.25 -2.94748e-12 -9.6141e-12 2.33068e-12 -9.6135e-12 0.0461543 -2.32733e-13 0.0461543 -2.32703e-13
0.26 3.06855e-12 1.00071e-11 -2.42505e-12 1.00053e-11 0.00227868 2.27349e-13 0.00227868 2.31125e-13
0.27 -3.18854e-12 -1.03999e-11 2.52049e-12 -1.03973e-11 -0.0184752 -2.21311e-13 -0.0184752 -2.22591e-13
0.28 3.30901e-12 1.07923e-11 -2.61546e-12 1.07897e-11 0.0139535 2.14749e-13 0.0139535 2.18652e-13
0.29 -3.42777e-12 -1.11838e-11 2.71213e-12 -1.1183e-11 0.0376033 -2.18138e-13 0.0376033 -2.15798e-13
0.3 3.54897e-12 1.1577e-11 -2.80637e-12 1.15746e-11 0.014941 2.17467e-13 0.014941 2.24456e-13
0.31 -3.66865e-12 -1.19694e-11 2.90213e-12 -1.1967e-11 -0.00971675 -2.26093e-13 -0.00971675 -2.23735e-13
0.32 3.789e-12 1.23617e-11 -2.99721e-12 1.23595e-11 0.0038862 2.23197e-13 0.0038862 2.29985e-13
0.33 -3.90814e-12 -1.27535e-11 3.09351e-12 -1.27525e-11 0.0267379 -2.28156e-13 0.0267379 -2.23535e-13
0.34 4.02924e-12 1.31467e-11 -3.18784e-12 1.31441e-11 0.0193691 2.18845e-13 0.0193691 2.28503e-13
0.35 -4.14876e-12 -1.35388e-11 3.28376e-12 -1.35368e-11 -0.00184729 -2.24197e-13 -0.00184729 -2.18724e-13
0.36 4.26908e-12 1.39312e-11 -3.37888e-12 1.39292e-11 -0.000623536 2.15999e-13 -0.000623536 2.25514e-13
0.37 -4.38852e-12 -1.43233e-11 3.47487e-12 -1.43219e-11 0.0166069 -2.2541e-13 0.0166069 -2.18687e-13
0.38 4.50941e-12 1.47163e-11 -3.56941e-12 1.47137e-11 0.0182107 2.18324e-13 0.0182107 2.30098e-13
0.39 -4.62891e-12 -1.51084e-11 3.66535e-12 -1.51064e-11 0.00324496 -2.29437e-13 0.00324496 -2.21527e-13
0.4 4.7492e-12 1.55008e-11 -3.7605e-12 1.54988e-11 -0.00201829 2.19275e-13 -0.00201829 2.3106e-13
0.41 -4.86889e-12 -1.5893e-11 3.85624e-12 -1.58914e-11 0.00846748 -2.28031e-13 0.00846748 -2.19572e-13
0.42 4.98952e-12 1.62858e-11 -3.95105e-12 1.62834e-11 0.0139425 2.16036e-13 0.0139425 2.29332e-13
0.43 -5.10911e-12 -1.66779e-11 4.04689e-12 -1.66761e-11 0.00520186 -2.27541e-13 0.00520186 -2.17964e-13
0.44 5.22934e-12 1.70704e-11 -4.1421e-12 1.70684e-11 -0.00222865 2.1715e-13 -0.00222865 2.30542e-13
0.45 -5.34924e-12 -1.74627e-11 4.23764e-12 -1.74609e-11 0.00245927 -2.29932e-13 0.00245927 -2.2028e-13
0.46 5.46959e-12 1.78553e-11 -4.33272e-12 1.78531e-11 0.00844646 2.18232e-13 0.00844646 2.32402e-13
0.47 -5.58936e-12 -1.82475e-11 4.42839e-12 -1.82457e-11 0.00453407 -2.29819e-13 0.00453407 -2.19383e-13
0.48 5.70948e-12 1.86399e-11 -4.5237e-12 1.86381e-11 -0.00246426 2.16842e-13 -0.00246426 2.31055e-13
0.49 -5.82956e-12 -1.90324e-11 4.61906e-12 -1.90304e-11 -0.0018147 -2.28749e-13 -0.0018147 -2.18579e-13
0.5 5.94965e-12 1.94248e-11 -4.7144e-12 1.94228e-11 0.00293567 2.1642e-13 0.00293567 2.30766e-13
0.51 -6.06963e-12 -1.98172e-11 4.80985e-12 -1.98152e-11 0.00210488 -2.29043e-13 0.00210488 -2.1856e-13
0.52 6.18961e-12 2.02095e-11 -4.90531e-12 2.02077e-11 -0.00327189 2.17129e-13 -0.00327189 2.31331e-13
0.53 -6.30986e-12 -2.06021e-11 5.0005e-12 -2.05999e-11 -0.00488511 -2.29313e-13 -0.00488511 -2.19375e-13
0.54 6.42972e-12 2.09944e-11 -5.09607e-12 2.09924e-11 -0.00193377 2.17063e-13 -0.00193377 2.30865e-13
0.55 -6.54993e-12 -2.13868e-11 5.1913e-12 -2.13848e-11 -0.00120264 -2.28233e-13 -0.00120264 -2.18487e-13
0.56 6.66974e-12 2.17791e-11 -5.28692e-12 2.17773e-11 -0.00471384 2.16261e-13 -0.00471384 2.29637e-13
0.57 -6.79014e-12 -2.21717e-11 5.38195e-12 -2.21695e-11 -0.00719257 -2.27823e-13 -0.00719257 -2.18875e-13
0.58 6.90981e-12 2.25639e-11 -5.47772e-12 2.25621e-11 -0.00588803 2.17718e-13 -0.00588803 2.30269e-13
0.59 -7.03022e-12 -2.29565e-11 5.57274e-12 -2.29543e-11 -0.00465725 -2.28559e-13 -0.00465725 -2.20273e-13
0.6 7.14987e-12 2.33487e-11 -5.66853e-12 2.33469e-11 -0.00656793 2.18781e-13 -0.00656793 2.30586e-13
0.61 -7.27041e-12 -2.37413e-11 5.76342e-12 -2.37391e-11 -0.00900353 -2.28052e-13 -0.00900353 -2.20798e-13
0.62 7.38992e-12 2.41335e-11 -5.85935e-12 2.41317e-11 -0.008871 2.18863e-13 -0.008871 2.2952e-13
0.63 -7.5105e-12 -2.45261e-11 5.9542e-12 -2.45239e-11 -0.00773623 -2.27479e-13 -0.00773623 -2.21278e-13
0.64 7.63e-12 2.49183e-11 -6.05014e-12 2.49165e-11 -0.00849566 2.20122e-13 -0.00849566 2.29727e-13
0.65 -7.75066e-12 -2.5311e-11 6.14491e-12 -2.53086e-11 -0.0104155 -2.27495e-13 -0.0104155 -2.22535e-13
0.66 7.87005e-12 2.5703e-11 -6.24096e-12 2.57014e-11 -0.0109232 2.19615e-13 -0.0109232 2.27841e-13
0.67 -7.99077e-12 -2.60958e-11 6.33568e-12 -2.60934e-11 -0.010115 -2.23452e-13 -0.010115 -2.19834e-13
0.68 8.11015e-12 2.64878e-11 -6.43174e-12 2.64862e-11 -0.0101591 2.16947e-13 -0.0101591 2.23869e-13
0.69 -8.2309e-12 -2.68806e-11 6.52642e-12 -2.68782e-11 -0.0114059 -2.22225e-13 -0.0114059 -2.20009e-13
0.7 8.35021e-12 2.72726e-11 -6.62255e-12 2.7271e-11 -0.0121102 2.20563e-13 -0.0121102 2.25965e-13
0.71 -8.47101e-12 -2.76654e-11 6.71718e-12 -2.7663e-11 -0.0116276 -2.25187e-13 -0.0116276 -2.2449e-13
0.72 8.59031e-12 2.80574e-11 -6.81331e-12 2.80558e-11 -0.0112876 2.2274e-13 -0.0112876 2.26673e-13
0.73 -8.71112e-12 -2.84502e-11 6.90794e-12 -2.84478e-11 -0.0118932 -2.23435e-13 -0.0118932 -2.24237e-13
0.74 8.83039e-12 2.88422e-11 -7.00411e-12 2.88406e-11 -0.0124925 2.22429e-13 -0.0124925 2.24786e-13
0.75 -8.95122e-12 -2.9235e-11 7.09871e-12 -2.92326e-11 -0.0122223 -2.23909e-13 -0.0122223 -2.26297e-13
0.76 9.0705e-12 2.9627e-11 -7.19487e-12 2.96254e-11 -0.011706 2.26045e-13 -0.011706 2.26871e-13
0.77 -9.19131e-12 -3.00198e-11 7.28949e-12 -3.00174e-11 -0.0117898 -2.23598e-13 -0.0117898 -2.27497e-13
0.78 9.31059e-12 3.04118e-11 -7.38564e-12 3.04102e-11 -0.0121218 2.24294e-13 -0.0121218 2.23578e-13
0.79 -9.43141e-12 -3.08046e-11 7.48026e-12 -3.08022e-11 -0.0119245 -2.20014e-13 -0.0119245 -2.25456e-13
0.8 9.55071e-12 3.11966e-11 -7.57639e-12 3.1195e-11 -0.0113372 2.22804e-13 -0.0113372 2.20601e-13
0.81 -9.67148e-12 -3.15894e-11 7.67106e-12 -3.1587e-11 -0.0110393 -2.18394e-13 -0.0110393 -2.2527e-13
0.82 9.79082e-12 3.19814e-11 -7.76715e-12 3.19798e-11 -0.0110515 2.2498e-13 -0.0110515 2.21357e-13
0.83 -9.91157e-12 -3.23742e-11 7.86184e-12 -3.23718e-11 -0.0108113 -2.20177e-13 -0.0108113 -2.28456e-13
0.84 1.00309e-11 3.27662e-11 -7.9579e-12 3.27646e-11 -0.010191 2.26764e-13 -0.010191 2.21798e-13
0.85 -1.01516e-11 -3.31589e-11 8.05265e-12 -3.31567e-11 -0.00963747 -2.18622e-13 -0.00963747 -2.28169e-13
0.86 1.02711e-11 3.3551e-11 -8.14864e-12 3.35494e-11 -0.00934968 2.26191e-13 -0.00934968 2.20008e-13
0.87 -1.03917e-11 -3.39437e-11 8.24345e-12 -3.39415e-11 -0.00899613 -2.18311e-13 -0.00899613 -2.29032e-13
0.88 1.05112e-11 3.43359e-11 -8.33938e-12 3.43341e-11 -0.00834729 2.2804e-13 -0.00834729 2.20751e-13
0.89 -1.06318e-11 -3.47285e-11 8.43426e-12 -3.47263e-11 -0.00763767 -2.18851e-13 -0.00763767 -2.30591e-13
0.9 1.07513e-11 3.51207e-11 -8.53012e-12 3.51189e-11 -0.00710964 2.28842e-13 -0.00710964 2.20611e-13
0.91 -1.08718e-11 -3.55133e-11 8.62507e-12 -3.55111e-11 -0.00661916 -2.18278e-13 -0.00661916 -2.30894e-13
0.92 1.09915e-11 3.59055e-11 -8.72085e-12 3.59037e-11 -0.0059386 2.28399e-13 -0.0059386 2.1937e-13
0.93 -1.11119e-11 -3.62981e-11 8.81588e-12 -3.62959e-11 -0.00514694 -2.16395e-13 -0.00514694 -2.29714e-13
0.94 1.12316e-11 3.66903e-11 -8.91157e-12 3.66885e-11 -0.00445456 2.2763e-13 -0.00445456 2.17993e-13
0.95 -1.13519e-11 -3.70829e-11 9.0067e-12 -3.70807e-11 -0.00384184 -2.15986e-13 -0.00384184 -2.2983e-13
0.96 1.14718e-11 3.74751e-11 -9.1023e-12 3.74733e-11 -0.00313338 2.28333e-13 -0.00313338 2.18257e-13
0.97 -1.1592e-11 -3.78676e-11 9.19752e-12 -3.78656e-11 -0.00231512 -2.16706e-13 -0.00231512 -2.30889e-13
0.98 1.17119e-11 3.826e-11 -9.29302e-12 3.8258e-11 -0.00153562 2.29168e-13 -0.00153562 2.18854e-13
0.99 -1.1832e-11 -3.86524e-11 9.38834e-12 -3.86504e-11 -0.00084113 -2.16566e-13 -0.00084113 -2.30894e-13
1 1.19521e-11 3.90448e-11 -9.48375e-12 3.90428e-11 -0.000121478 2.28409e-13 -0.000121478 2.18043e-13
1.01 -1.20721e-11 -3.94372e-11 9.57916e-12 -3.94352e-11 0.000679195 -2.15963e-13 0.000679195 -2.30245e-13
1.02 1.21922e-11 3.98296e-11 -9.67447e-12 3.98276e-11 0.00147502 2.2853e-13 0.00147502 2.18312e-13
1.03 -1.23121e-11 -4.0222e-11 9.76998e-12 -4.022e-11 0.00219724 -2.16887e-13 0.00219724 -2.30923e-13
1.04 1.24324e-11 4.06144e-11 -9.8652e-12 4.06124e-11 0.00289903 2.29008e-13 0.00289903 2.19127e-13
1.05 -1.25522e-11 -4.10067e-11 9.9608e-12 -4.10049e-11 0.00364373 -2.16842e-13 0.00364373 -2.30448e-13
1.06 1.26725e-11 4.13993e-11 -1.00559e-11 4.13971e-11 0.00439475 2.27588e-13 0.00439475 2.18233e-13
1.07 -1.27922e-11 -4.17915e-11 1.01516e-11 -4.17897e-11 0.00508711 -2.16175e-13 0.00508711 -2.29162e-13
1.08 1.29126e-11 4.21841e-11 -1.02466e-11 4.21819e-11 0.00573382 2.27542e-13 0.00573382 2.18891e-13
1.09 -1.30323e-11 -4.25763e-11 1.03424e-11 -4.25745e-11 0.00638734 -2.17962e-13 0.00638734 -2.30161e-13
1.1 1.31528e-11 4.29689e-11 -1.04374e-11 4.29667e-11 0.00704293 2.28609e-13 0.00704293 2.2083e-13
1.11 -1.32724e-11 -4.33611e-11 1.05332e-11 -4.33593e-11 0.00765155 -2.18636e-13 0.00765155 -2.29883e-13
1.12 1.33929e-11 4.37537e-11 -1.06281e-11 4.37515e-11 0.00820333 2.26273e-13 0.00820333 2.1952e-13
1.13 -1.35124e-11 -4.41458e-11 1.0724e-11 -4.41442e-11 0.00873344 -2.16889e-13 0.00873344 -2.2704e-13
1.14 1.36331e-11 4.45385e-11 -1.08189e-11 4.45363e-11 0.00925351 2.24787e-13 0.00925351 2.19197e-13
1.15 -1.37525e-11 -4.49306e-11 1.09149e-11 -4.4929e-11 0.009733 -2.18545e-13 0.009733 -2.2747e-13
1.16 1.38732e-11 4.53234e-11 -1.10096e-11 4.5321e-11 0.0101528 2.26378e-13 0.0101528 2.22072e-13
1.17 -1.39926e-11 -4.57154e-11 1.11056e-11 -4.57138e-11 0.0105317 -2.20398e-13 0.0105317 -2.27988e-13
1.18 1.41133e-11 4.61082e-11 -1.12003e-11 4.61058e-11 0.0108867 2.2463e-13 0.0108867 2.21706e-13
1.19 -1.42326e-11 -4.65002e-11 1.12964e-11 -4.64986e-11 0.0112029 -2.19567e-13 0.0112029 -2.25733e-13
1.2 1.43534e-11 4.6893e-11 -1.13911e-11 4.68906e-11 0.011461 2.23407e-13 0.011461 2.21943e-13
1.21 -1.44727e-11 -4.7285e-11 1.14872e-11 -4.72834e-11 0.0116676 -2.19914e-13 0.0116676 -2.24591e-13
1.22 1.45935e-11 4.76778e-11 -1.15819e-11 4.76754e-11 0.0118385 2.21397e-13 0.0118385 2.21447e-13
1.23 -1.47128e-11 -4.80698e-11 1.1678e-11 -4.80682e-11 0.01197 -2.2e-13 0.01197 -2.23144e-13
1.24 1.48336e-11 4.84626e-11 -1.17726e-11 4.84602e-11 0.0120471 2.22268e-13 0.0120471 2.23862e-13
1.25 -1.49529e-11 -4.88546e-11 1.18688e-11 -4.8853e-11 0.012069 -2.2362e-13 0.012069 -2.25214e-13
1.26 1.50737e-11 4.92474e-11 -1.19634e-11 4.9245e-11 0.0120478 2.23532e-13 0.0120478 2.26676e-13
1.27 -1.5193e-11 -4.96394e-11 1.20596e-11 -4.96378e-11 0.0119863 -2.25276e-13 0.0119863 -2.25326e-13
1.28 1.53138e-11 5.00322e-11 -1.21542e-11 5.00298e-11 0.0118752 2.2257e-13 0.0118752 2.27247e-13
1.29 -1.54331e-11 -5.04242e-11 1.22503e-11 -5.04226e-11 0.0117107 -2.25624e-13 0.0117107 -2.24159e-13
1.3 1.55539e-11 5.0817e-11 -1.2345e-11 5.08146e-11 0.0115007 2.2187e-13 0.0115007 2.28036e-13
1.31 -1.56732e-11 -5.1209e-11 1.24411e-11 -5.12074e-11 0.0112508 -2.25709e-13 0.0112508 -2.22785e-13
1.32 1.5794e-11 5.16018e-11 -1.25357e-11 5.15994e-11 0.0109571 2.1986e-13 0.0109571 2.27451e-13
1.33 -1.59134e-11 -5.19938e-11 1.26318e-11 -5.19922e-11 0.0106156 -2.25271e-13 0.0106156 -2.20964e-13
1.34 1.60341e-11 5.23866e-11 -1.27265e-11 5.23842e-11 0.0102308 2.17196e-13 0.0102308 2.26122e-13
1.35 -1.61535e-11 -5.27786e-11 1.28226e-11 -5.2777e-11 0.00980916 -2.23458e-13 0.00980916 -2.17868e-13
1.36 1.62741e-11 5.31713e-11 -1.29173e-11 5.31691e-11 0.00935068 2.16496e-13 0.00935068 2.26647e-13
1.37 -1.63936e-11 -5.35634e-11 1.30133e-11 -5.35618e-11 0.00885274 -2.26882e-13 0.00885274 -2.20128e-13
1.38 1.65142e-11 5.39561e-11 -1.31082e-11 5.39539e-11 0.00831777 2.19462e-13 0.00831777 2.3071e-13
1.39 -1.66337e-11 -5.43483e-11 1.3204e-11 -5.43465e-11 0.0077517 -2.29127e-13 0.0077517 -2.21348e-13
1.4 1.67543e-11 5.47409e-11 -1.3299e-11 5.47387e-11 0.00715713 2.18238e-13 0.00715713 2.30437e-13
1.41 -1.68739e-11 -5.51331e-11 1.33948e-11 -5.51313e-11 0.00653329 -2.27511e-13 0.00653329 -2.1886e-13
1.42 1.69943e-11 5.55257e-11 -1.34898e-11 5.55235e-11 0.00588171 2.16032e-13 0.00588171 2.29021e-13
1.43 -1.7114e-11 -5.59179e-11 1.35855e-11 -5.59161e-11 0.00520738 -2.274e-13 0.00520738 -2.18045e-13
1.44 1.72344e-11 5.63105e-11 -1.36806e-11 5.63083e-11 0.00451424 2.16478e-13 0.00451424 2.30082e-13
1.45 -1.73542e-11 -5.67027e-11 1.37762e-11 -5.67009e-11 0.00380323 -2.28631e-13 0.00380323 -2.1875e-13
1.46 1.74744e-11 5.70952e-11 -1.38714e-11 5.70932e-11 0.00307575 2.16694e-13 0.00307575 2.30731e-13
1.47 -1.75943e-11 -5.74876e-11 1.3967e-11 -5.74856e-11 0.00233589 -2.2888e-13 0.00233589 -2.18661e-13
1.48 1.77145e-11 5.788e-11 -1.40622e-11 5.7878e-11 0.00158797 2.1673e-13 0.00158797 2.3101e-13
1.49 -1.78345e-11 -5.82724e-11 1.41577e-11 -5.82704e-11 0.00083423 -2.28932e-13 0.00083423 -2.18567e-13
1.5 1.79545e-11 5.86648e-11 -1.4253e-11 5.86628e-11 7.63108e-05 2.16416e-13 7.63108e-05 2.30745e-13
1.51 -1.80746e-11 -5.90572e-11 1.43484e-11 -5.90552e-11 -0.000682458 -2.28721e-13 -0.000682458 -2.18405e-13
1.52 1.81946e-11 5.94496e-11 -1.44439e-11 5.94476e-11 -0.0014379 2.16614e-13 -0.0014379 2.30797e-13
1.53 -1.83147e-11 -5.9842e-11 1.45391e-11 -5.984e-11 -0.00218708 -2.28683e-13 -0.00218708 -2.18609e-13
1.54 1.84346e-11 6.02343e-11 -1.46347e-11 6.02325e-11 -0.00292805 2.16727e-13 -0.00292805 2.30572e-13
1.55 -1.85549e-11 -6.06269e-11 1.47299e-11 -6.06247e-11 -0.00365803 -2.28452e-13 -0.00365803 -2.18812e-13
1.56 1.86747e-11 6.10191e-11 -1.48255e-11 6.10173e-11 -0.00437334 2.17037e-13 -0.00437334 2.30355e-13
1.57 -1.8795e-11 -6.14117e-11 1.49206e-11 -6.14095e-11 -0.00507087 -2.28631e-13 -0.00507087 -2.19606e-13
1.58 1.89147e-11 6.18039e-11 -1.50163e-11 6.18021e-11 -0.00574848 2.18099e-13 -0.00574848 2.30713e-13
1.59 -1.90352e-11 -6.21965e-11 1.51113e-11 -6.21943e-11 -0.00640385 -2.28449e-13 -0.00640385 -2.20214e-13
1.6 1.91548e-11 6.25887e-11 -1.52071e-11 6.25869e-11 -0.00703397 2.1759e-13 -0.00703397 2.29332e-13
1.61 -1.92753e-11 -6.29813e-11 1.5302e-11 -6.29791e-11 -0.00763595 -2.26173e-13 -0.00763595 -2.18889e-13
1.62 1.93949e-11 6.33735e-11 -1.53979e-11 6.33717e-11 -0.0082077 2.17408e-13 -0.0082077 2.28125e-13
1.63 -1.95155e-11 -6.37661e-11 1.54928e-11 -6.37639e-11 -0.00874737 -2.2658e-13 -0.00874737 -2.20393e-13
1.64 1.96349e-11 6.41582e-11 -1.55887e-11 6.41566e-11 -0.00925264 2.1919e-13 -0.00925264 2.28743e-13
1.65 -1.97556e-11 -6.45509e-11 1.56835e-11 -6.45487e-11 -0.00972118 -2.27315e-13 -0.00972118 -2.22354e-13
1.66 1.9875e-11 6.4943e-11 -1.57796e-11 6.49414e-11 -0.0101512 2.21758e-13 -0.0101512 2.30028e-13
1.67 -1.99957e-11 -6.53358e-11 1.58743e-11 -6.53334e-11 -0.0105413 -2.28312e-13 -0.0105413 -2.24686e-13
1.68 2.01151e-11 6.57278e-11 -1.59703e-11 6.57262e-11 -0.01089 2.22559e-13 -0.01089 2.29446e-13
1.69 -2.02358e-11 -6.61206e-11 1.6065e-11 -6.61182e-11 -0.0111956 -2.25577e-13 -0.0111956 -2.23375e-13
1.7 2.03551e-11 6.65126e-11 -1.61611e-11 6.6511e-11 -0.0114568 2.2061e-13 -0.0114568 2.26038e-13
1.71 -2.04759e-11 -6.69054e-11 1.62558e-11 -6.6903e-11 -0.0116729 -2.23497e-13 -0.0116729 -2.22785e-13
1.72 2.05952e-11 6.72974e-11 -1.63519e-11 6.72958e-11 -0.0118431 2.22064e-13 -0.0118431 2.25979e-13
1.73 -2.0716e-11 -6.76902e-11 1.64465e-11 -6.76878e-11 -0.0119665 -2.24428e-13 -0.0119665 -2.25248e-13
1.74 2.08353e-11 6.80822e-11 -1.65427e-11 6.80806e-11 -0.0120425 2.22996e-13 -0.0120425 2.25365e-13
1.75 -2.09561e-11 -6.8475e-11 1.66373e-11 -6.84726e-11 -0.0120711 -2.21301e-13 -0.0120711 -2.23671e-13
1.76 2.10754e-11 6.8867e-11 -1.67335e-11 6.88654e-11 -0.012052 2.21178e-13 -0.012052 2.21997e-13
1.77 -2.11962e-11 -6.92598e-11 1.68281e-11 -6.92574e-11 -0.0119855 -2.20792e-13 -0.0119855 -2.24707e-13
1.78 2.13155e-11 6.96518e-11 -1.69242e-11 6.96502e-11 -0.0118716 2.2512e-13 -0.0118716 2.24407e-13
1.79 -2.14363e-11 -7.00446e-11 1.70189e-11 -7.00422e-11 -0.0117107 -2.23294e-13 -0.0117107 -2.28723e-13
1.8 2.15556e-11 7.04366e-11 -1.7115e-11 7.0435e-11 -0.0115037 2.27099e-13 -0.0115037 2.24896e-13
1.81 -2.16764e-11 -7.08294e-11 1.72097e-11 -7.0827e-11 -0.0112514 -2.21607e-13 -0.0112514 -2.28495e-13
1.82 2.17958e-11 7.12214e-11 -1.73057e-11 7.12198e-11 -0.0109546 2.25804e-13 -0.0109546 2.22178e-13
1.83 -2.19165e-11 -7.16142e-11 1.74004e-11 -7.16118e-11 -0.0106146 -2.18873e-13 -0.0106146 -2.27143e-13
1.84 2.20359e-11 7.20062e-11 -1.74965e-11 7.20046e-11 -0.0102326 2.24902e-13 -0.0102326 2.19941e-13
1.85 -2.21566e-11 -7.23989e-11 1.75912e-11 -7.23967e-11 -0.00981038 -2.18887e-13 -0.00981038 -2.28441e-13
1.86 2.2276e-11 7.2791e-11 -1.76872e-11 7.27894e-11 -0.00934939 2.28387e-13 -0.00934939 2.22199e-13
1.87 -2.23966e-11 -7.31837e-11 1.7782e-11 -7.31815e-11 -0.00885146 -2.1995e-13 -0.00885146 -2.30666e-13
1.88 2.25161e-11 7.35759e-11 -1.7878e-11 7.35741e-11 -0.0083186 2.28401e-13 -0.0083186 2.21117e-13
1.89 -2.26367e-11 -7.39685e-11 1.79729e-11 -7.39663e-11 -0.00775294 -2.18131e-13 -0.00775294 -2.29874e-13
1.9 2.27563e-11 7.43607e-11 -1.80687e-11 7.43589e-11 -0.00715669 2.27238e-13 -0.00715669 2.19003e-13
1.91 -2.28768e-11 -7.47533e-11 1.81637e-11 -7.47511e-11 -0.00653217 -2.16313e-13 -0.00653217 -2.28928e-13
1.92 2.29964e-11 7.51455e-11 -1.82594e-11 7.51437e-11 -0.00588186 2.27318e-13 -0.00588186 2.18293e-13
1.93 -2.31168e-11 -7.55381e-11 1.83545e-11 -7.55359e-11 -0.00520835 -2.16983e-13 -0.00520835 -2.30302e-13
1.94 2.32366e-11 7.59303e-11 -1.84502e-11 7.59285e-11 -0.00451431 2.29199e-13 -0.00451431 2.19558e-13
1.95 -2.33569e-11 -7.63229e-11 1.85453e-11 -7.63207e-11 -0.00380243 -2.17292e-13 -0.00380243 -2.31136e-13
1.96 2.34767e-11 7.67151e-11 -1.86409e-11 7.67133e-11 -0.00307553 2.28461e-13 -0.00307553 2.18387e-13
1.97 -2.35969e-11 -7.71076e-11 1.87361e-11 -7.71056e-11 -0.00233651 -2.15867e-13 -0.00233651 -2.30049e-13
1.98 2.37168e-11 7.75e-11 -1.88316e-11 7.7498e-11 -0.00158828 2.28246e-13 -0.00158828 2.1793e-13
1.99 -2.3837e-11 -7.78924e-11 1.89269e-11 -7.78904e-11 -0.000833771 -2.16471e-13 -0.000833771 -2.30799e-13
2 2.3957e-11 7.82848e-11 -1.90223e-11 7.82828e-11 -7.59628e-05 2.29423e-13 -7.59628e-05 2.19058e-13
2.01 -2.4077e-11 -7.86772e-11 1.91178e-11 -7.86752e-11 0.000682143 -2.17374e-13 0.000682143 -2.31654e-13
2.02 2.41971e-11 7.90696e-11 -1.92131e-11 7.90676e-11 0.00143755 2.29631e-13 0.00143755 2.19412e-13
2.03 -2.43171e-11 -7.9462e-11 1.93086e-11 -7.946e-11 0.00218728 -2.17341e-13 0.00218728 -2.31378e-13
2.04 2.44373e-11 7.98544e-11 -1.94038e-11 7.98524e-11 0.00292838 2.28878e-13 0.00292838 2.18998e-13
2.05 -2.45571e-11 -8.02467e-11 1.94994e-11 -8.02449e-11 0.00365793 -2.16555e-13 0.00365793 -2.30159e-13
2.06 2.46774e-11 8.06393e-11 -1.95945e-11 8.06371e-11 0.00437304 2.27176e-13 0.00437304 2.17821e-13
2.07 -2.47972e-11 -8.10315e-11 1.96902e-11 -8.10297e-11 0.00507089 -2.15736e-13 0.00507089 -2.28724e-13
2.08 2.49176e-11 8.14241e-11 -1.97852e-11 8.14219e-11 0.00574873 2.27339e-13 0.00574873 2.18688e-13
2.09 -2.50372e-11 -8.18163e-11 1.9881e-11 -8.18145e-11 0.00640388 -2.17798e-13 0.00640388 -2.29996e-13
2.1 2.51577e-11 8.22089e-11 -1.9976e-11 8.22067e-11 0.00703376 2.28222e-13 0.00703376 2.20443e-13
2.11 -2.52773e-11 -8.26011e-11 2.00718e-11 -8.25993e-11 0.00763588 -2.18681e-13 0.00763588 -2.29929e-13
2.12 2.53979e-11 8.29937e-11 -2.01667e-11 8.29915e-11 0.00820786 2.27469e-13 0.00820786 2.20716e-13
2.13 -2.55174e-11 -8.33858e-11 2.02626e-11 -8.33842e-11 0.00874746 -2.18779e-13 0.00874746 -2.28929e-13
2.14 2.5638e-11 8.37785e-11 -2.03575e-11 8.37763e-11 0.00925253 2.25995e-13 0.00925253 2.20406e-13
2.15 -2.57574e-11 -8.41706e-11 2.04534e-11 -8.4169e-11 0.00972108 -2.17894e-13 0.00972108 -2.26819e-13
2.16 2.58781e-11 8.45634e-11 -2.05482e-11 8.4561e-11 0.0101513 2.23671e-13 0.0101513 2.19365e-13
2.17 -2.59975e-11 -8.49554e-11 2.06442e-11 -8.49538e-11 0.0105414 -2.17141e-13 0.0105414 -2.24731e-13
2.18 2.61182e-11 8.53482e-11 -2.07389e-11 8.53458e-11 0.0108899 2.23311e-13 0.0108899 2.20387e-13
2.19 -2.62376e-11 -8.57402e-11 2.0835e-11 -8.57386e-11 0.0111955 -2.2097e-13 0.0111955 -2.27136e-13
2.2 2.63583e-11 8.6133e-11 -2.09297e-11 8.61306e-11 0.0114568 2.26485e-13 0.0114568 2.25021e-13
2.21 -2.64777e-11 -8.6525e-11 2.10258e-11 -8.65234e-11 0.011673 -2.23228e-13 0.011673 -2.27904e-13
2.22 2.65985e-11 8.69178e-11 -2.11205e-11 8.69154e-11 0.0118431 2.23768e-13 0.0118431 2.23818e-13
2.23 -2.67177e-11 -8.73098e-11 2.12166e-11 -8.73082e-11 0.0119664 -2.20511e-13 0.0119664 -2.23655e-13
2.24 2.68386e-11 8.77026e-11 -2.13112e-11 8.77002e-11 0.0120425 2.2092e-13 0.0120425 2.22514e-13
2.25 -2.69578e-11 -8.80946e-11 2.14074e-11 -8.8093e-11 0.0120711 -2.21983e-13 0.0120711 -2.23577e-13
2.26 2.70787e-11 8.84874e-11 -2.1502e-11 8.8485e-11 0.0120521 2.22654e-13 0.0120521 2.25799e-13
2.27 -2.71979e-11 -8.88794e-11 2.15982e-11 -8.88778e-11 0.0119854 -2.24765e-13 0.0119854 -2.24814e-13
2.28 2.73188e-11 8.92722e-11 -2.16928e-11 8.92698e-11 0.0118715 2.21901e-13 0.0118715 2.26578e-13
2.29 -2.7438e-11 -8.96642e-11 2.17889e-11 -8.96626e-11 0.0117108 -2.24143e-13 0.0117108 -2.22678e-13
2.3 2.75588e-11 9.0057e-11 -2.18836e-11 9.00546e-11 0.0115038 2.19707e-13 0.0115038 2.25874e-13
2.31 -2.76782e-11 -9.0449e-11 2.19797e-11 -9.04474e-11 0.0112514 -2.24306e-13 0.0112514 -2.21382e-13
2.32 2.77989e-11 9.08418e-11 -2.20743e-11 9.08394e-11 0.0109546 2.20132e-13 0.0109546 2.27723e-13
2.33 -2.79183e-11 -9.12338e-11 2.21704e-11 -9.12322e-11 0.0106146 -2.27218e-13 0.0106146 -2.22912e-13
2.34 2.8039e-11 9.16266e-11 -2.22651e-11 9.16242e-11 0.0102327 2.2095e-13 0.0102327 2.29876e-13
2.35 -2.81584e-11 -9.20186e-11 2.23612e-11 -9.2017e-11 0.00981038 -2.27774e-13 0.00981038 -2.22185e-13
2.36 2.82791e-11 9.24113e-11 -2.24559e-11 9.24091e-11 0.00934937 2.18888e-13 0.00934937 2.29039e-13
2.37 -2.83985e-11 -9.28034e-11 2.25519e-11 -9.28018e-11 0.00885146 -2.25712e-13 0.00885146 -2.18959e-13
2.38 2.85191e-11 9.31961e-11 -2.26467e-11 9.31939e-11 0.00831861 2.15516e-13 0.00831861 2.26764e-13
2.39 -2.86387e-11 -9.35883e-11 2.27426e-11 -9.35865e-11 0.00775294 -2.25548e-13 0.00775294 -2.17769e-13
2.4 2.87592e-11 9.39809e-11 -2.28376e-11 9.39787e-11 0.00715667 2.17381e-13 0.00715667 2.2958e-13
2.41 -2.88788e-11 -9.43731e-11 2.29334e-11 -9.43713e-11 0.00653216 -2.29246e-13 0.00653216 -2.20595e-13
2.42 2.89993e-11 9.47657e-11 -2.30284e-11 9.47635e-11 0.00588187 2.18461e-13 0.00588187 2.31449e-13
2.43 -2.9119e-11 -9.51579e-11 2.31241e-11 -9.51561e-11 0.00520836 -2.28623e-13 0.00520836 -2.19268e-13
2.44 2.92393e-11 9.55505e-11 -2.32192e-11 9.55483e-11 0.0045143 2.15809e-13 0.0045143 2.29414e-13
2.45 -2.93591e-11 -9.59427e-11 2.33148e-11 -9.59409e-11 0.00380242 -2.26986e-13 0.00380242 -2.17106e-13
2.46 2.94794e-11 9.63352e-11 -2.341e-11 9.63332e-11 0.00307554 2.1558e-13 0.00307554 2.29617e-13
2.47 -2.95992e-11 -9.67276e-11 2.35056e-11 -9.67256e-11 0.00233652 -2.28606e-13 0.00233652 -2.18387e-13
2.48 2.97194e-11 9.712e-11 -2.36008e-11 9.7118e-11 0.00158827 2.16823e-13 0.00158827 2.31103e-13
2.49 -2.98394e-11 -9.75124e-11 2.36963e-11 -9.75104e-11 0.000833764 -2.29105e-13 0.000833764 -2.1874e-13
2.5 2.99595e-11 9.79048e-11 -2.37916e-11 9.79028e-11 7.59633e-05 2.16844e-13 7.59632e-05 2.31172e-13
2.51 -3.00795e-11 -9.82972e-11 2.3887e-11 -9.82952e-11 -0.000682138 -2.29343e-13 -0.000682138 -2.19027e-13
2.52 3.01995e-11 9.86896e-11 -2.39825e-11 9.86876e-11 -0.00143755 2.17084e-13 -0.00143755 2.31267e-13
2.53 -3.03197e-11 -9.9082e-11 2.40777e-11 -9.908e-11 -0.00218728 -2.28965e-13 -0.00218728 -2.18891e-13
2.54 3.04396e-11 9.94743e-11 -2.41733e-11 9.94725e-11 -0.00292838 2.16559e-13 -0.00292838 2.30403e-13
2.55 -3.05598e-11 -9.98669e-11 2.42685e-11 -9.98647e-11 -0.00365793 -2.28014e-13 -0.00365793 -2.18373e-13
2.56 3.06796e-11 1.00259e-10 -2.43641e-11 1.00257e-10 -0.00437304 2.1659e-13 -0.00437304 2.29909e-13
2.57 -3.08e-11 -1.00652e-10 2.44592e-11 -1.0065e-10 -0.00507089 -2.28143e-13 -0.00507089 -2.19119e-13
2.58 3.09197e-11 1.01044e-10 -2.45549e-11 1.01042e-10 -0.00574873 2.178e-13 -0.00574873 2.30414e-13
2.59 -3.10401e-11 -1.01436e-10 2.46499e-11 -1.01434e-10 -0.00640388 -2.28469e-13 -0.00640388 -2.20234e-13
2.6 3.11597e-11 1.01829e-10 -2.47457e-11 1.01827e-10 -0.00703376 2.17995e-13 -0.00703376 2.29737e-13
2.61 -3.12803e-11 -1.02221e-10 2.48406e-11 -1.02219e-10 -0.00763588 -2.26438e-13 -0.00763588 -2.19154e-13
2.62 3.13998e-11 1.02613e-10 -2.49365e-11 1.02612e-10 -0.00820786 2.1688e-13 -0.00820786 2.27597e-13
2.63 -3.15204e-11 -1.03006e-10 2.50314e-11 -1.03004e-10 -0.00874746 -2.25651e-13 -0.00874746 -2.19464e-13
2.64 3.16399e-11 1.03398e-10 -2.51273e-11 1.03397e-10 -0.00925252 2.17599e-13 -0.00925252 2.27151e-13
2.65 -3.17605e-11 -1.03791e-10 2.52221e-11 -1.03789e-10 -0.00972108 -2.23489e-13 -0.00972108 -2.18528e-13
2.66 3.18799e-11 1.04183e-10 -2.53181e-11 1.04181e-10 -0.0101513 2.16811e-13 -0.0101513 2.25081e-13
2.67 -3.20006e-11 -1.04576e-10 2.54129e-11 -1.04573e-10 -0.0105414 -2.24273e-13 -0.0105414 -2.20647e-13
2.68 3.212e-11 1.04968e-10 -2.55089e-11 1.04966e-10 -0.0108899 2.20214e-13 -0.0108899 2.27101e-13
2.69 -3.22408e-11 -1.05361e-10 2.56036e-11 -1.05358e-10 -0.0111955 -2.25581e-13 -0.0111955 -2.23379e-13
2.7 3.23601e-11 1.05753e-10 -2.56997e-11 1.05751e-10 -0.0114568 2.22176e-13 -0.0114568 2.27604e-13
2.71 -3.24809e-11 -1.06145e-10 2.57944e-11 -1.06143e-10 -0.011673 -2.24794e-13 -0.011673 -2.24081e-13
2.72 3.26002e-11 1.06537e-10 -2.58905e-11 1.06536e-10 -0.0118431 2.21782e-13 -0.0118431 2.25696e-13
2.73 -3.2721e-11 -1.0693e-10 2.59851e-11 -1.06928e-10 -0.0119664 -2.22959e-13 -0.0119664 -2.23779e-13
2.74 3.28403e-11 1.07322e-10 -2.60813e-11 1.07321e-10 -0.0120425 2.21649e-13 -0.0120425 2.24019e-13
2.75 -3.29611e-11 -1.07715e-10 2.61759e-11 -1.07713e-10 -0.0120711 -2.21256e-13 -0.0120711 -2.23626e-13
2.76 3.30804e-11 1.08107e-10 -2.62721e-11 1.08105e-10 -0.0120521 2.22433e-13 -0.0120521 2.23252e-13
2.77 -3.32012e-11 -1.085e-10 2.63667e-11 -1.08497e-10 -0.0119854 -2.2204e-13 -0.0119854 -2.25954e-13
2.78 3.33205e-11 1.08892e-10 -2.64628e-11 1.0889e-10 -0.0118715 2.25443e-13 -0.0118715 2.2473e-13
2.79 -3.34413e-11 -1.09285e-10 2.65575e-11 -1.09282e-10 -0.0117108 -2.22038e-13 -0.0117108 -2.27466e-13
2.8 3.35606e-11 1.09677e-10 -2.66536e-11 1.09675e-10 -0.0115038 2.23739e-13 -0.0115038 2.21536e-13
2.81 -3.36813e-11 -1.10069e-10 2.67483e-11 -1.10067e-10 -0.0112514 -2.17847e-13 -0.0112514 -2.24735e-13
2.82 3.38007e-11 1.10461e-10 -2.68443e-11 1.1046e-10 -0.0109546 2.24261e-13 -0.0109546 2.20635e-13
2.83 -3.39214e-11 -1.10854e-10 2.6939e-11 -1.10852e-10 -0.0106146 -2.20595e-13 -0.0106146 -2.28865e-13
2.84 3.40408e-11 1.11246e-10 -2.70351e-11 1.11245e-10 -0.0102327 2.28842e-13 -0.0102327 2.2388e-13
2.85 -3.41615e-11 -1.11639e-10 2.71298e-11 -1.11637e-10 -0.00981038 -2.22033e-13 -0.00981038 -2.31587e-13
2.86 3.42809e-11 1.12031e-10 -2.72258e-11 1.12029e-10 -0.00934937 2.29299e-13 -0.00934937 2.23111e-13
2.87 -3.44016e-11 -1.12424e-10 2.73206e-11 -1.12421e-10 -0.00885146 -2.19348e-13 -0.00885146 -2.30065e-13
2.88 3.45211e-11 1.12816e-10 -2.74166e-11 1.12814e-10 -0.00831861 2.26548e-13 -0.00831861 2.19263e-13
2.89 -3.46416e-11 -1.13209e-10 2.75115e-11 -1.13206e-10 -0.00775294 -2.1568e-13 -0.00775294 -2.27423e-13
2.9 3.47612e-11 1.13601e-10 -2.76073e-11 1.13599e-10 -0.00715667 2.25433e-13 -0.00715667 2.17198e-13
2.91 -3.48817e-11 -1.13993e-10 2.77023e-11 -1.13991e-10 -0.00653216 -2.15941e-13 -0.00653216 -2.28555e-13
2.92 3.50013e-11 1.14385e-10 -2.7798e-11 1.14384e-10 -0.00588187 2.28181e-13 -0.00588187 2.19156e-13
2.93 -3.51217e-11 -1.14778e-10 2.78931e-11 -1.14776e-10 -0.00520836 -2.18099e-13 -0.00520836 -2.31418e-13
2.94 3.52415e-11 1.1517e-10 -2.79888e-11 1.15168e-10 -0.0045143 2.30045e-13 -0.0045143 2.20404e-13
2.95 -3.53618e-11 -1.15563e-10 2.80839e-11 -1.15561e-10 -0.00380242 -2.17967e-13 -0.00380242 -2.31811e-13
2.96 3.54816e-11 1.15955e-10 -2.81795e-11 1.15953e-10 -0.00307554 2.28669e-13 -0.00307554 2.18595e-13
2.97 -3.56019e-11 -1.16348e-10 2.82747e-11 -1.16346e-10 -0.00233652 -2.15068e-13 -0.00233652 -2.29251e-13
2.98 3.57218e-11 1.1674e-10 -2.83702e-11 1.16738e-10 -0.00158827 2.26834e-13 -0.00158827 2.16518e-13
2.99 -3.58419e-11 -1.17132e-10 2.84655e-11 -1.1713e-10 -0.000833764 -2.15255e-13 -0.000833764 -2.29584e-13
3 3.59619e-11 1.17525e-10 -2.85609e-11 1.17523e-10 -7.59633e-05 2.28728e-13 -7.59633e-05 2.18363e-13
3.01 -3.6082e-11 -1.17917e-10 2.86564e-11 -1.17915e-10 0.000682137 -2.17272e-13 0.000682137 -2.31552e-13
3.02 3.62021e-11 1.1831e-10 -2.87517e-11 1.18308e-10 0.00143755 2.29585e-13 0.00143755 2.19367e-13
3.03 -3.6322e-11 -1.18702e-10 2.88472e-11 -1.187e-10 0.00218728 -2.16746e-13 0.00218728 -2.30783e-13
3.04 3.64422e-11 1.19094e-10 -2.89424e-11 1.19092e-10 0.00292838 2.27832e-13 0.00292838 2.17951e-13
3.05 -3.65621e-11 -1.19487e-10 2.9038e-11 -1.19485e-10 0.00365793 -2.15859e-13 0.00365793 -2.29464e-13
3.06 3.66824e-11 1.19879e-10 -2.91331e-11 1.19877e-10 0.00437304 2.27813e-13 0.00437304 2.18458e-13
3.07 -3.68021e-11 -1.20272e-10 2.92288e-11 -1.2027e-10 0.00507089 -2.17248e-13 0.00507089 -2.30236e-13
3.08 3.69225e-11 1.20664e-10 -2.93238e-11 1.20662e-10 0.00574873 2.28743e-13 0.00574873 2.20093e-13
3.09 -3.70422e-11 -1.21056e-10 2.94196e-11 -1.21055e-10 0.00640388 -2.18571e-13 0.00640388 -2.3077e-13
3.1 3.71626e-11 1.21449e-10 -2.95146e-11 1.21447e-10 0.00703376 2.28103e-13 0.00703376 2.20324e-13
3.11 -3.72822e-11 -1.21841e-10 2.96104e-11 -1.21839e-10 0.00763588 -2.18323e-13 0.00763588 -2.29571e-13
3.12 3.74028e-11 1.22234e-10 -2.97053e-11 1.22231e-10 0.00820786 2.27593e-13 0.00820786 2.2084e-13
3.13 -3.75223e-11 -1.22626e-10 2.98012e-11 -1.22624e-10 0.00874746 -2.19122e-13 0.00874746 -2.29273e-13
3.14 3.76429e-11 1.23019e-10 -2.9896e-11 1.23016e-10 0.00925252 2.26035e-13 0.00925252 2.20446e-13
3.15 -3.77624e-11 -1.23411e-10 2.9992e-11 -1.23409e-10 0.00972108 -2.17827e-13 0.00972108 -2.26752e-13
3.16 3.7883e-11 1.23803e-10 -3.00868e-11 1.23801e-10 0.0101513 2.23758e-13 0.0101513 2.19452e-13
3.17 -3.80024e-11 -1.24195e-10 3.01828e-11 -1.24194e-10 0.0105414 -2.1771e-13 0.0105414 -2.253e-13
3.18 3.81232e-11 1.24588e-10 -3.02775e-11 1.24586e-10 0.0108899 2.24623e-13 0.0108899 2.21699e-13
3.19 -3.82425e-11 -1.2498e-10 3.03736e-11 -1.24979e-10 0.0111955 -2.22372e-13 0.0111955 -2.28538e-13
3.2 3.83633e-11 1.25373e-10 -3.04683e-11 1.25371e-10 0.0114568 2.2719e-13 0.0114568 2.25726e-13
3.21 -3.84826e-11 -1.25765e-10 3.05644e-11 -1.25763e-10 0.011673 -2.22975e-13 0.011673 -2.27651e-13
3.22 3.86034e-11 1.26158e-10 -3.06591e-11 1.26155e-10 0.0118431 2.23211e-13 0.0118431 2.2326e-13
3.23 -3.87227e-11 -1.2655e-10 3.07552e-11 -1.26548e-10 0.0119664 -2.20566e-13 0.0119664 -2.2371e-13
3.24 3.88435e-11 1.26943e-10 -3.08498e-11 1.2694e-10 0.0120425 2.21981e-13 0.0120425 2.23575e-13
3.25 -3.89628e-11 -1.27335e-10 3.0946e-11 -1.27333e-10 0.0120711 -2.23526e-13 0.0120711 -2.2512e-13
3.26 3.90836e-11 1.27727e-10 -3.10406e-11 1.27725e-10 0.0120521 2.23631e-13 0.0120521 2.26776e-13
3.27 -3.92029e-11 -1.28119e-10 3.11368e-11 -1.28118e-10 0.0119854 -2.25307e-13 0.0119854 -2.25356e-13
3.28 3.93237e-11 1.28512e-10 -3.12314e-11 1.2851e-10 0.0118715 2.22925e-13 0.0118715 2.27602e-13
3.29 -3.9443e-11 -1.28904e-10 3.13275e-11 -1.28903e-10 0.0117108 -2.2591e-13 0.0117108 -2.24446e-13
3.3 3.95638e-11 1.29297e-10 -3.14222e-11 1.29295e-10 0.0115038 2.22349e-13 0.0115038 2.28516e-13
3.31 -3.96831e-11 -1.29689e-10 3.15183e-11 -1.29687e-10 0.0112514 -2.2743e-13 0.0112514 -2.24505e-13
3.32 3.98039e-11 1.30082e-10 -3.16129e-11 1.30079e-10 0.0109546 2.22167e-13 0.0109546 2.29757e-13
3.33 -3.99232e-11 -1.30474e-10 3.1709e-11 -1.30472e-10 0.0106146 -2.27116e-13 0.0106146 -2.2281e-13
3.34 4.00439e-11 1.30867e-10 -3.18037e-11 1.30864e-10 0.0102327 2.18973e-13 0.0102327 2.27899e-13
3.35 -4.01633e-11 -1.31259e-10 3.18998e-11 -1.31257e-10 0.00981038 -2.25886e-13 0.00981038 -2.20297e-13
3.36 4.0284e-11 1.31651e-10 -3.19945e-11 1.31649e-10 0.00934937 2.19576e-13 0.00934937 2.29727e-13
3.37 -4.04035e-11 -1.32043e-10 3.20905e-11 -1.32042e-10 0.00885146 -2.29631e-13 0.00885146 -2.22878e-13
3.38 4.05241e-11 1.32436e-10 -3.21853e-11 1.32434e-10 0.00831861 2.20441e-13 0.00831861 2.31689e-13
3.39 -4.06436e-11 -1.32828e-10 3.22812e-11 -1.32827e-10 0.00775294 -2.28271e-13 0.00775294 -2.20492e-13
3.4 4.07641e-11 1.33221e-10 -3.23762e-11 1.33219e-10 0.00715667 2.16789e-13 0.00715667 2.28988e-13
3.41 -4.08837e-11 -1.33613e-10 3.2472e-11 -1.33611e-10 0.00653216 -2.26713e-13 0.00653216 -2.18062e-13
3.42 4.10042e-11 1.34006e-10 -3.2567e-11 1.34004e-10 0.00588187 2.16541e-13 0.00588187 2.2953e-13
3.43 -4.11239e-11 -1.34398e-10 3.26627e-11 -1.34396e-10 0.00520836 -2.28298e-13 0.00520836 -2.18943e-13
3.44 4.12442e-11 1.3479e-10 -3.27578e-11 1.34788e-10 0.0045143 2.1662e-13 0.0045143 2.30225e-13
3.45 -4.1364e-11 -1.35183e-10 3.28534e-11 -1.35181e-10 0.00380242 -2.28378e-13 0.00380242 -2.18497e-13
3.46 4.14843e-11 1.35575e-10 -3.29486e-11 1.35573e-10 0.00307554 2.16601e-13 0.00307554 2.30639e-13
3.47 -4.16042e-11 -1.35968e-10 3.30442e-11 -1.35966e-10 0.00233652 -2.2885e-13 0.00233652 -2.18631e-13
3.48 4.17243e-11 1.3636e-10 -3.31394e-11 1.36358e-10 0.00158827 2.16763e-13 0.00158827 2.31043e-13
3.49 -4.18443e-11 -1.36752e-10 3.32349e-11 -1.3675e-10 0.000833764 -2.28978e-13 0.000833764 -2.18613e-13
3.5 4.19644e-11 1.37145e-10 -3.33302e-11 1.37143e-10 7.59633e-05 2.16245e-13 7.59633e-05 2.30574e-13
3.51 -4.20845e-11 -1.37537e-10 3.34256e-11 -1.37535e-10 -0.000682137 -2.28132e-13 -0.000682137 -2.17816e-13
3.52 4.22044e-11 1.3793e-10 -3.35211e-11 1.37928e-10 -0.00143755 2.15418e-13 -0.00143755 2.29601e-13
3.53 -4.23246e-11 -1.38322e-10 3.36163e-11 -1.3832e-10 -0.00218728 -2.27443e-13 -0.00218728 -2.1737e-13
3.54 4.24445e-11 1.38714e-10 -3.37119e-11 1.38712e-10 -0.00292838 2.16263e-13 -0.00292838 2.30107e-13
3.55 -4.25648e-11 -1.39107e-10 3.38071e-11 -1.39105e-10 -0.00365793 -2.29238e-13 -0.00365793 -2.19597e-13
3.56 4.26845e-11 1.39499e-10 -3.39027e-11 1.39497e-10 -0.00437304 2.18549e-13 -0.00437304 2.31867e-13
3.57 -4.28049e-11 -1.39892e-10 3.39978e-11 -1.3989e-10 -0.00507089 -2.29396e-13 -0.00507089 -2.20371e-13
3.58 4.29246e-11 1.40284e-10 -3.40935e-11 1.40282e-10 -0.00574873 2.17365e-13 -0.00574873 2.29979e-13
3.59 -4.3045e-11 -1.40676e-10 3.41885e-11 -1.40674e-10 -0.00640388 -2.26805e-13 -0.00640388 -2.1857e-13
3.6 4.31647e-11 1.41069e-10 -3.42843e-11 1.41067e-10 -0.00703376 2.16737e-13 -0.00703376 2.2848e-13
3.61 -4.32852e-11 -1.41461e-10 3.43792e-11 -1.41459e-10 -0.00763588 -2.26897e-13 -0.00763588 -2.19613e-13
3.62 4.34047e-11 1.41853e-10 -3.44751e-11 1.41852e-10 -0.00820786 2.18662e-13 -0.00820786 2.29379e-13
3.63 -4.35253e-11 -1.42246e-10 3.457e-11 -1.42244e-10 -0.00874746 -2.27382e-13 -0.00874746 -2.21195e-13
3.64 4.36448e-11 1.42638e-10 -3.46659e-11 1.42637e-10 -0.00925252 2.19017e-13 -0.00925252 2.2857e-13
3.65 -4.37654e-11 -1.43031e-10 3.47607e-11 -1.43029e-10 -0.00972108 -2.25053e-13 -0.00972108 -2.20091e-13
3.66 4.38849e-11 1.43423e-10 -3.48567e-11 1.43421e-10 -0.0101513 2.17669e-13 -0.0101513 2.25939e-13
3.67 -4.40056e-11 -1.43816e-10 3.49515e-11 -1.43813e-10 -0.0105414 -2.24622e-13 -0.0105414 -2.20996e-13
3.68 4.41249e-11 1.44208e-10 -3.50475e-11 1.44206e-10 -0.0108899 2.20446e-13 -0.0108899 2.27333e-13
3.69 -4.42457e-11 -1.44601e-10 3.51422e-11 -1.44598e-10 -0.0111955 -2.2491e-13 -0.0111955 -2.22708e-13
3.7 4.4365e-11 1.44993e-10 -3.52383e-11 1.44991e-10 -0.0114568 2.20473e-13 -0.0114568 2.25901e-13
3.71 -4.44858e-11 -1.45385e-10 3.5333e-11 -1.45383e-10 -0.011673 -2.2245e-13 -0.011673 -2.21737e-13
3.72 4.46051e-11 1.45777e-10 -3.54291e-11 1.45776e-10 -0.0118431 2.19583e-13 -0.0118431 2.23497e-13
3.73 -4.47259e-11 -1.4617e-10 3.55237e-11 -1.46168e-10 -0.0119664 -2.21692e-13 -0.0119664 -2.22511e-13
3.74 4.48452e-11 1.46562e-10 -3.56199e-11 1.46561e-10 -0.0120425 2.22229e-13 -0.0120425 2.24598e-13
3.75 -4.4966e-11 -1.46955e-10 3.57145e-11 -1.46953e-10 -0.0120711 -2.23813e-13 -0.0120711 -2.26183e-13
3.76 4.50853e-11 1.47347e-10 -3.58107e-11 1.47345e-10 -0.0120521 2.25005e-13 -0.0120521 2.25824e-13
3.77 -4.52061e-11 -1.4774e-10 3.59053e-11 -1.47737e-10 -0.0119854 -2.224e-13 -0.0119854 -2.26315e-13
3.78 4.53254e-11 1.48132e-10 -3.60014e-11 1.4813e-10 -0.0118715 2.24116e-13 -0.0118715 2.23403e-13
3.79 -4.54462e-11 -1.48525e-10 3.60961e-11 -1.48522e-10 -0.0117108 -2.21642e-13 -0.0117108 -2.2707e-13
3.8 4.55655e-11 1.48917e-10 -3.61922e-11 1.48915e-10 -0.0115038 2.25714e-13 -0.0115038 2.23511e-13
3.81 -4.56863e-11 -1.49309e-10 3.62868e-11 -1.49307e-10 -0.0112514 -2.19967e-13 -0.0112514 -2.26855e-13
3.82 4.58056e-11 1.49701e-10 -3.63829e-11 1.497e-10 -0.0109546 2.23777e-13 -0.0109546 2.20151e-13
3.83 -4.59264e-11 -1.50094e-10 3.64776e-11 -1.50092e-10 -0.0106146 -2.17768e-13 -0.0106146 -2.26038e-13
3.84 4.60457e-11 1.50486e-10 -3.65737e-11 1.50485e-10 -0.0102327 2.25768e-13 -0.0102327 2.20806e-13
3.85 -4.61664e-11 -1.50879e-10 3.66684e-11 -1.50877e-10 -0.00981038 -2.20348e-13 -0.00981038 -2.29901e-13
3.86 4.62859e-11 1.51271e-10 -3.67644e-11 1.51269e-10 -0.00934937 2.28937e-13 -0.00934937 2.2275e-13
3.87 -4.64065e-11 -1.51664e-10 3.68592e-11 -1.51661e-10 -0.00885146 -2.20113e-13 -0.00885146 -2.3083e-13
3.88 4.6526e-11 1.52056e-10 -3.69552e-11 1.52054e-10 -0.00831861 2.2831e-13 -0.00831861 2.21025e-13
3.89 -4.66466e-11 -1.52449e-10 3.705e-11 -1.52446e-10 -0.00775294 -2.17522e-13 -0.00775294 -2.29265e-13
3.9 4.67661e-11 1.52841e-10 -3.71459e-11 1.52839e-10 -0.00715667 2.2598e-13 -0.00715667 2.17745e-13
3.91 -4.68866e-11 -1.53233e-10 3.72409e-11 -1.53231e-10 -0.00653216 -2.14931e-13 -0.00653216 -2.27545e-13
3.92 4.70063e-11 1.53625e-10 -3.73366e-11 1.53624e-10 -0.00588187 2.26662e-13 -0.00588187 2.17637e-13
3.93 -4.71267e-11 -1.54018e-10 3.74317e-11 -1.54016e-10 -0.00520836 -2.16921e-13 -0.00520836 -2.3024e-13
3.94 4.72464e-11 1.5441e-10 -3.75274e-11 1.54408e-10 -0.0045143 2.29667e-13 -0.0045143 2.20026e-13
3.95 -4.73667e-11 -1.54803e-10 3.76225e-11 -1.54801e-10 -0.00380242 -2.18421e-13 -0.00380242 -2.32266e-13
3.96 4.74866e-11 1.55195e-10 -3.77181e-11 1.55193e-10 -0.00307554 2.29792e-13 -0.00307554 2.19719e-13
3.97 -4.76068e-11 -1.55588e-10 3.78133e-11 -1.55586e-10 -0.00233652 -2.16861e-13 -0.00233652 -2.31044e-13
3.98 4.77267e-11 1.5598e-10 -3.79088e-11 1.55978e-10 -0.00158827 2.28674e-13 -0.00158827 2.18358e-13
3.99 -4.78468e-11 -1.56372e-10 3.80041e-11 -1.5637e-10 -0.000833764 -2.16225e-13 -0.000833764 -2.30554e-13
4 4.79669e-11 1.56765e-10 -3.80995e-11 1.56763e-10 -7.59633e-05 2.28732e-13 -7.59633e-05 2.18367e-13
4.01 -4.80869e-11 -1.57157e-10 3.8195e-11 -1.57155e-10 0.000682137 -2.16787e-13 0.000682137 -2.31067e-13
4.02 4.8207e-11 1.5755e-10 -3.82903e-11 1.57548e-10 0.00143755 2.2937e-13 0.00143755 2.19151e-13
4.03 -4.83269e-11 -1.57942e-10 3.83858e-11 -1.5794e-10 0.00218728 -2.17212e-13 0.00218728 -2.31249e-13
4.04 4.84472e-11 1.58334e-10 -3.8481e-11 1.58332e-10 0.00292838 2.28604e-13 0.00292838 2.18724e-13
4.05 -4.8567e-11 -1.58727e-10 3.85766e-11 -1.58725e-10 0.00365793 -2.16168e-13 0.00365793 -2.29773e-13
4.06 4.86873e-11 1.59119e-10 -3.86717e-11 1.59117e-10 0.00437304 2.27659e-13 0.00437304 2.18304e-13
4.07 -4.8807e-11 -1.59512e-10 3.87674e-11 -1.5951e-10 0.00507089 -2.17121e-13 0.00507089 -2.30109e-13
4.08 4.89274e-11 1.59904e-10 -3.88624e-11 1.59902e-10 0.00574873 2.28546e-13 0.00574873 2.19895e-13
4.09 -4.90471e-11 -1.60296e-10 3.89582e-11 -1.60295e-10 0.00640388 -2.18303e-13 0.00640388 -2.30502e-13
4.1 4.91676e-11 1.60689e-10 -3.90532e-11 1.60687e-10 0.00703376 2.28026e-13 0.00703376 2.20247e-13
4.11 -4.92872e-11 -1.61081e-10 3.9149e-11 -1.61079e-10 0.00763588 -2.17979e-13 0.00763588 -2.29227e-13
4.12 4.94077e-11 1.61474e-10 -3.92439e-11 1.61471e-10 0.00820786 2.26524e-13 0.00820786 2.19771e-13
4.13 -4.95272e-11 -1.61866e-10 3.93398e-11 -1.61864e-10 0.00874746 -2.17787e-13 0.00874746 -2.27937e-13
4.14 4.96478e-11 1.62259e-10 -3.94346e-11 1.62256e-10 0.00925252 2.2548e-13 0.00925252 2.19891e-13
4.15 -4.97673e-11 -1.62651e-10 3.95306e-11 -1.62649e-10 0.00972108 -2.18052e-13 0.00972108 -2.26977e-13
4.16 4.9888e-11 1.63043e-10 -3.96254e-11 1.63041e-10 0.0101513 2.24764e-13 0.0101513 2.20458e-13
4.17 -5.00074e-11 -1.63435e-10 3.97214e-11 -1.63434e-10 0.0105414 -2.18841e-13 0.0105414 -2.26431e-13
4.18 5.01281e-11 1.63828e-10 -3.98161e-11 1.63826e-10 0.0108899 2.2444e-13 0.0108899 2.21516e-13
4.19 -5.02474e-11 -1.6422e-10 3.99122e-11 -1.64219e-10 0.0111955 -2.21005e-13 0.0111955 -2.27171e-13
4.2 5.03682e-11 1.64613e-10 -4.00069e-11 1.64611e-10 0.0114568 2.25164e-13 0.0114568 2.23699e-13
4.21 -5.04875e-11 -1.65005e-10 4.0103e-11 -1.65003e-10 0.011673 -2.21467e-13 0.011673 -2.26143e-13
4.22 5.06083e-11 1.65398e-10 -4.01977e-11 1.65395e-10 0.0118431 2.23007e-13 0.0118431 2.23057e-13
4.23 -5.07276e-11 -1.6579e-10 4.02938e-11 -1.65788e-10 0.0119664 -2.21012e-13 0.0119664 -2.24156e-13
4.24 5.08484e-11 1.66183e-10 -4.03884e-11 1.6618e-10 0.0120425 2.22291e-13 0.0120425 2.23885e-13
4.25 -5.09677e-11 -1.66575e-10 4.04846e-11 -1.66573e-10 0.0120711 -2.237e-13 0.0120711 -2.25293e-13
4.26 5.10885e-11 1.66967e-10 -4.05792e-11 1.66965e-10 0.0120521 2.24323e-13 0.0120521 2.27468e-13
4.27 -5.12078e-11 -1.67359e-10 4.06753e-11 -1.67358e-10 0.0119854 -2.25864e-13 0.0119854 -2.25913e-13
4.28 5.13286e-11 1.67752e-10 -4.077e-11 1.6775e-10 0.0118715 2.21905e-13 0.0118715 2.26582e-13
4.29 -5.14479e-11 -1.68144e-10 4.08661e-11 -1.68143e-10 0.0117108 -2.23183e-13 0.0117108 -2.21719e-13
4.3 5.15687e-11 1.68537e-10 -4.09608e-11 1.68535e-10 0.0115038 2.18701e-13 0.0115038 2.24868e-13
4.31 -5.1688e-11 -1.68929e-10 4.10569e-11 -1.68927e-10 0.0112514 -2.243e-13 0.0112514 -2.21376e-13
4.32 5.18088e-11 1.69322e-10 -4.11515e-11 1.69319e-10 0.0109546 2.20603e-13 0.0109546 2.28193e-13
4.33 -5.19281e-11 -1.69714e-10 4.12476e-11 -1.69712e-10 0.0106146 -2.27249e-13 0.0106146 -2.22943e-13
4.34 5.20489e-11 1.70107e-10 -4.13423e-11 1.70104e-10 0.0102327 2.21065e-13 0.0102327 2.2999e-13
4.35 -5.21683e-11 -1.70499e-10 4.14384e-11 -1.70497e-10 0.00981038 -2.27973e-13 0.00981038 -2.22383e-13
4.36 5.22889e-11 1.70891e-10 -4.15331e-11 1.70889e-10 0.00934937 2.17992e-13 0.00934937 2.28143e-13
4.37 -5.24084e-11 -1.71283e-10 4.16291e-11 -1.71282e-10 0.00885146 -2.24507e-13 0.00885146 -2.17754e-13
4.38 5.2529e-11 1.71676e-10 -4.17239e-11 1.71674e-10 0.00831861 2.15704e-13 0.00831861 2.26952e-13
4.39 -5.26485e-11 -1.72068e-10 4.18198e-11 -1.72067e-10 0.00775294 -2.27391e-13 0.00775294 -2.19612e-13
4.4 5.27691e-11 1.72461e-10 -4.19148e-11 1.72459e-10 0.00715667 2.19374e-13 0.00715667 2.31573e-13
4.41 -5.28887e-11 -1.72853e-10 4.20106e-11 -1.72851e-10 0.00653216 -2.29882e-13 0.00653216 -2.21231e-13
4.42 5.30091e-11 1.73246e-10 -4.21056e-11 1.73244e-10 0.00588187 2.18068e-13 0.00588187 2.31057e-13
4.43 -5.31288e-11 -1.73638e-10 4.22013e-11 -1.73636e-10 0.00520836 -2.28249e-13 0.00520836 -2.18894e-13
4.44 5.32492e-11 1.7403e-10 -4.22964e-11 1.74028e-10 0.0045143 2.16861e-13 0.0045143 2.30465e-13
4.45 -5.3369e-11 -1.74423e-10 4.2392e-11 -1.74421e-10 0.00380242 -2.29431e-13 0.00380242 -2.1955e-13
4.46 5.34892e-11 1.74815e-10 -4.24872e-11 1.74813e-10 0.00307554 2.1765e-13 0.00307554 2.31687e-13
4.47 -5.36091e-11 -1.75208e-10 4.25828e-11 -1.75206e-10 0.00233652 -2.29287e-13 0.00233652 -2.19068e-13
4.48 5.37293e-11 1.756e-10 -4.2678e-11 1.75598e-10 0.00158827 2.16606e-13 0.00158827 2.30886e-13
4.49 -5.38492e-11 -1.75992e-10 4.27735e-11 -1.7599e-10 0.000833764 -2.28857e-13 0.000833764 -2.18492e-13
4.5 5.39693e-11 1.76385e-10 -4.28688e-11 1.76383e-10 7.59633e-05 2.16363e-13 7.59633e-05 2.30692e-13
4.51 -5.40894e-11 -1.76777e-10 4.29642e-11 -1.76775e-10 -0.000682137 -2.28168e-13 -0.000682137 -2.17852e-13
4.52 5.42094e-11 1.7717e-10 -4.30597e-11 1.77168e-10 -0.00143755 2.15716e-13 -0.00143755 2.29899e-13
4.53 -5.43295e-11 -1.77562e-10 4.31549e-11 -1.7756e-10 -0.00218728 -2.28361e-13 -0.00218728 -2.18287e-13
4.54 5.44494e-11 1.77954e-10 -4.32505e-11 1.77952e-10 -0.00292838 2.17177e-13 -0.00292838 2.31022e-13
4.55 -5.45697e-11 -1.78347e-10 4.33457e-11 -1.78345e-10 -0.00365793 -2.29446e-13 -0.00365793 -2.19805e-13
4.56 5.46895e-11 1.78739e-10 -4.34413e-11 1.78737e-10 -0.00437304 2.18082e-13 -0.00437304 2.31401e-13
4.57 -5.48098e-11 -1.79132e-10 4.35364e-11 -1.7913e-10 -0.00507089 -2.29466e-13 -0.00507089 -2.20442e-13
4.58 5.49295e-11 1.79524e-10 -4.36321e-11 1.79522e-10 -0.00574873 2.18823e-13 -0.00574873 2.31438e-13
4.59 -5.505e-11 -1.79916e-10 4.37271e-11 -1.79914e-10 -0.00640388 -2.28865e-13 -0.00640388 -2.20631e-13
4.6 5.51696e-11 1.80309e-10 -4.38229e-11 1.80307e-10 -0.00703376 2.18222e-13 -0.00703376 2.29965e-13
4.61 -5.52901e-11 -1.80701e-10 4.39178e-11 -1.80699e-10 -0.00763588 -2.27086e-13 -0.00763588 -2.19802e-13
4.62 5.54096e-11 1.81093e-10 -4.40137e-11 1.81092e-10 -0.00820786 2.18014e-13 -0.00820786 2.2873e-13
4.63 -5.55302e-11 -1.81486e-10 4.41086e-11 -1.81484e-10 -0.00874746 -2.26813e-13 -0.00874746 -2.20625e-13
4.64 5.56497e-11 1.81878e-10 -4.42045e-11 1.81877e-10 -0.00925252 2.18198e-13 -0.00925252 2.27751e-13
4.65 -5.57704e-11 -1.82271e-10 4.42993e-11 -1.82269e-10 -0.00972108 -2.24444e-13 -0.00972108 -2.19483e-13
4.66 5.58898e-11 1.82663e-10 -4.43953e-11 1.82661e-10 -0.0101513 2.18776e-13 -0.0101513 2.27046e-13
4.67 -5.60105e-11 -1.83056e-10 4.44901e-11 -1.83053e-10 -0.0105414 -2.26331e-13 -0.0105414 -2.22705e-13
4.68 5.61299e-11 1.83448e-10 -4.45861e-11 1.83446e-10 -0.0108899 2.21317e-13 -0.0108899 2.28205e-13
4.69 -5.62506e-11 -1.83841e-10 4.46808e-11 -1.83838e-10 -0.0111955 -2.25206e-13 -0.0111955 -2.23004e-13
4.7 5.63699e-11 1.84233e-10 -4.47769e-11 1.84231e-10 -0.0114568 2.20192e-13 -0.0114568 2.2562e-13
4.71 -5.64907e-11 -1.84625e-10 4.48716e-11 -1.84623e-10 -0.011673 -2.21987e-13 -0.011673 -2.21274e-13
4.72 5.661e-11 1.85017e-10 -4.49677e-11 1.85016e-10 -0.0118431 2.19591e-13 -0.0118431 2.23505e-13
4.73 -5.67308e-11 -1.8541e-10 4.50623e-11 -1.85408e-10 -0.0119664 -2.22171e-13 -0.0119664 -2.22991e-13
4.74 5.68501e-11 1.85802e-10 -4.51585e-11 1.85801e-10 -0.0120425 2.22656e-13 -0.0120425 2.25026e-13
4.75 -5.69709e-11 -1.86195e-10 4.52531e-11 -1.86193e-10 -0.0120711 -2.23796e-13 -0.0120711 -2.26166e-13
4.76 5.70902e-11 1.86587e-10 -4.53493e-11 1.86585e-10 -0.0120521 2.24936e-13 -0.0120521 2.25755e-13
4.77 -5.7211e-11 -1.8698e-10 4.54439e-11 -1.86977e-10 -0.0119854 -2.2254e-13 -0.0119854 -2.26455e-13
4.78 5.73303e-11 1.87372e-10 -4.554e-11 1.8737e-10 -0.0118715 2.24073e-13 -0.0118715 2.2336e-13
4.79 -5.74511e-11 -1.87765e-10 4.56347e-11 -1.87762e-10 -0.0117108 -2.20892e-13 -0.0117108 -2.2632e-13
4.8 5.75704e-11 1.88157e-10 -4.57308e-11 1.88155e-10 -0.0115038 2.24257e-13 -0.0115038 2.22055e-13
4.81 -5.76912e-11 -1.88549e-10 4.58254e-11 -1.88547e-10 -0.0112514 -2.19505e-13 -0.0112514 -2.26393e-13
4.82 5.78106e-11 1.88941e-10 -4.59215e-11 1.8894e-10 -0.0109546 2.25358e-13 -0.0109546 2.21732e-13
4.83 -5.79313e-11 -1.89334e-10 4.60162e-11 -1.89332e-10 -0.0106146 -2.20083e-13 -0.0106146 -2.28353e-13
4.84 5.80507e-11 1.89726e-10 -4.61123e-11 1.89725e-10 -0.0102327 2.27638e-13 -0.0102327 2.22676e-13
4.85 -5.81714e-11 -1.90119e-10 4.6207e-11 -1.90117e-10 -0.00981038 -2.21184e-13 -0.00981038 -2.30737e-13
4.86 5.82908e-11 1.90511e-10 -4.6303e-11 1.90509e-10 -0.00934937 2.27757e-13 -0.00934937 2.21569e-13
4.87 -5.84114e-11 -1.90904e-10 4.63978e-11 -1.90901e-10 -0.00885146 -2.16786e-13 -0.00885146 -2.27503e-13
4.88 5.85309e-11 1.91296e-10 -4.64938e-11 1.91294e-10 -0.00831861 2.24603e-13 -0.00831861 2.17318e-13
4.89 -5.86515e-11 -1.91689e-10 4.65886e-11 -1.91686e-10 -0.00775294 -2.15989e-13 -0.00775294 -2.27731e-13
4.9 5.87711e-11 1.92081e-10 -4.66845e-11 1.92079e-10 -0.00715667 2.27929e-13 -0.00715667 2.19694e-13
4.91 -5.88916e-11 -1.92473e-10 4.67795e-11 -1.92471e-10 -0.00653216 -2.1853e-13 -0.00653216 -2.31145e-13
4.92 5.90112e-11 1.92865e-10 -4.68752e-11 1.92864e-10 -0.00588187 2.2903e-13 -0.00588187 2.20006e-13
4.93 -5.91316e-11 -1.93258e-10 4.69703e-11 -1.93256e-10 -0.00520836 -2.16881e-13 -0.00520836 -2.302e-13
4.94 5.92514e-11 1.9365e-10 -4.7066e-11 1.93648e-10 -0.0045143 2.27448e-13 -0.0045143 2.17807e-13
4.95 -5.93717e-11 -1.94043e-10 4.71611e-11 -1.94041e-10 -0.00380242 -2.15233e-13 -0.00380242 -2.29078e-13
4.96 5.94915e-11 1.94435e-10 -4.72567e-11 1.94433e-10 -0.00307554 2.27338e-13 -0.00307554 2.17264e-13
4.97 -5.96117e-11 -1.94828e-10 4.73519e-11 -1.94826e-10 -0.00233652 -2.16089e-13 -0.00233652 -2.30271e-13
4.98 5.97316e-11 1.9522e-10 -4.74474e-11 1.95218e-10 -0.00158827 2.29551e-13 -0.00158827 2.19235e-13
4.99 -5.98518e-11 -1.95612e-10 4.75427e-11 -1.9561e-10 -0.000833764 -2.17992e-13 -0.000833764 -2.3232e-13
5 5.99718e-11 1.96005e-10 -4.76381e-11 1.96003e-10 -7.59633e-05 2.29901e-13 -7.59633e-05 2.19536e-13
5.01 -6.00918e-11 -1.96397e-10 4.77336e-11 -1.96395e-10 0.000682137 -2.16181e-13 0.000682137 -2.30461e-13
5.02 6.02119e-11 1.9679e-10 -4.78289e-11 1.96788e-10 0.00143755 2.27527e-13 0.00143755 2.17309e-13
5.03 -6.03319e-11 -1.97182e-10 4.79244e-11 -1.9718e-10 0.00218728 -2.15811e-13 0.00218728 -2.29848e-13
5.04 6.04521e-11 1.97574e-10 -4.80196e-11 1.97572e-10 0.00292838 2.28969e-13 0.00292838 2.19089e-13
5.05 -6.05719e-11 -1.97967e-10 4.81152e-11 -1.97965e-10 0.00365793 -2.18251e-13 0.00365793 -2.31855e-13
5.06 6.06922e-11 1.98359e-10 -4.82103e-11 1.98357e-10 0.00437304 2.29691e-13 0.00437304 2.20336e-13
5.07 -6.0812e-11 -1.98752e-10 4.8306e-11 -1.9875e-10 0.00507089 -2.17369e-13 0.00507089 -2.30357e-13
5.08 6.09324e-11 1.99144e-10 -4.8401e-11 1.99142e-10 0.00574873 2.2727e-13 0.00574873 2.1862e-13
5.09 -6.1052e-11 -1.99536e-10 4.84968e-11 -1.99535e-10 0.00640388 -2.16748e-13 0.00640388 -2.28947e-13
5.1 6.11725e-11 1.99929e-10 -4.85918e-11 1.99927e-10 0.00703376 2.27043e-13 0.00703376 2.19264e-13
5.11 -6.12921e-11 -2.00321e-10 4.86876e-11 -2.00319e-10 0.00763588 -2.18026e-13 0.00763588 -2.29274e-13
5.12 6.14126e-11 2.00714e-10 -4.87825e-11 2.00711e-10 0.00820786 2.27077e-13 0.00820786 2.20324e-13
5.13 -6.15321e-11 -2.01106e-10 4.88784e-11 -2.01104e-10 0.00874746 -2.17995e-13 0.00874746 -2.28146e-13
5.14 6.16528e-11 2.01499e-10 -4.89732e-11 2.01496e-10 0.00925252 2.25737e-13 0.00925252 2.20148e-13
5.15 -6.17722e-11 -2.01891e-10 4.90692e-11 -2.01889e-10 0.00972108 -2.1816e-13 0.00972108 -2.27085e-13
5.16 6.18929e-11 2.02283e-10 -4.9164e-11 2.02281e-10 0.0101513 2.24069e-13 0.0101513 2.19763e-13
5.17 -6.20123e-11 -2.02675e-10 4.926e-11 -2.02674e-10 0.0105414 -2.1898e-13 0.0105414 -2.2657e-13
5.18 6.2133e-11 2.03068e-10 -4.93547e-11 2.03066e-10 0.0108899 2.25543e-13 0.0108899 2.2262e-13
5.19 -6.22524e-11 -2.0346e-10 4.94508e-11 -2.03459e-10 0.0111955 -2.21371e-13 0.0111955 -2.27537e-13
5.2 6.23731e-11 2.03853e-10 -4.95455e-11 2.03851e-10 0.0114568 2.25316e-13 0.0114568 2.23852e-13
5.21 -6.24924e-11 -2.04245e-10 4.96416e-11 -2.04243e-10 0.011673 -2.22584e-13 0.011673 -2.2726e-13
5.22 6.26133e-11 2.04638e-10 -4.97363e-11 2.04635e-10 0.0118431 2.24696e-13 0.0118431 2.24745e-13
5.23 -6.27325e-11 -2.0503e-10 4.98324e-11 -2.05028e-10 0.0119664 -2.22225e-13 0.0119664 -2.25369e-13
5.24 6.28534e-11 2.05423e-10 -4.9927e-11 2.0542e-10 0.0120425 2.22504e-13 0.0120425 2.24098e-13
5.25 -6.29726e-11 -2.05815e-10 5.00232e-11 -2.05813e-10 0.0120711 -2.22521e-13 0.0120711 -2.24115e-13
5.26 6.30935e-11 2.06207e-10 -5.01178e-11 2.06205e-10 0.0120521 2.21884e-13 0.0120521 2.25028e-13
5.27 -6.32127e-11 -2.06599e-10 5.02139e-11 -2.06598e-10 0.0119854 -2.23472e-13 0.0119854 -2.23521e-13
5.28 6.33336e-11 2.06992e-10 -5.03086e-11 2.0699e-10 0.0118715 2.20085e-13 0.0118715 2.24762e-13
5.29 -6.34528e-11 -2.07384e-10 5.04047e-11 -2.07383e-10 0.0117108 -2.22066e-13 0.0117108 -2.20602e-13
5.3 6.35736e-11 2.07777e-10 -5.04994e-11 2.07775e-10 0.0115038 2.18548e-13 0.0115038 2.24715e-13
5.31 -6.3693e-11 -2.08169e-10 5.05955e-11 -2.08167e-10 0.0112514 -2.2341e-13 0.0112514 -2.20485e-13
5.32 6.38137e-11 2.08562e-10 -5.06901e-11 2.08559e-10 0.0109546 2.18714e-13 0.0109546 2.26304e-13
5.33 -6.39331e-11 -2.08954e-10 5.07862e-11 -2.08952e-10 0.0106146 -2.26455e-13 0.0106146 -2.22149e-13
5.34 6.40538e-11 2.09347e-10 -5.08809e-11 2.09344e-10 0.0102327 2.21236e-13 0.0102327 2.30161e-13
5.35 -6.41732e-11 -2.09739e-10 5.0977e-11 -2.09737e-10 0.00981038 -2.28519e-13 0.00981038 -2.22929e-13
5.36 6.42939e-11 2.10131e-10 -5.10717e-11 2.10129e-10 0.00934937 2.20222e-13 0.00934937 2.30374e-13
5.37 -6.44133e-11 -2.10523e-10 5.11677e-11 -2.10522e-10 0.00885146 -2.27964e-13 0.00885146 -2.21211e-13
5.38 6.45339e-11 2.10916e-10 -5.12625e-11 2.10914e-10 0.00831861 2.18227e-13 0.00831861 2.29476e-13
5.39 -6.46535e-11 -2.11308e-10 5.13584e-11 -2.11307e-10 0.00775294 -2.27606e-13 0.00775294 -2.19827e-13
5.4 6.4774e-11 2.11701e-10 -5.14534e-11 2.11699e-10 0.00715667 2.18327e-13 0.00715667 2.30526e-13
5.41 -6.48936e-11 -2.12093e-10 5.15492e-11 -2.12091e-10 0.00653216 -2.29735e-13 0.00653216 -2.21084e-13
5.42 6.5014e-11 2.12486e-10 -5.16442e-11 2.12484e-10 0.00588187 2.19212e-13 0.00588187 2.32201e-13
5.43 -6.51337e-11 -2.12878e-10 5.17399e-11 -2.12876e-10 0.00520836 -2.29703e-13 0.00520836 -2.20348e-13
5.44 6.52541e-11 2.1327e-10 -5.1835e-11 2.13268e-10 0.0045143 2.17021e-13 0.0045143 2.30626e-13
5.45 -6.53739e-11 -2.13663e-10 5.19306e-11 -2.13661e-10 0.00380242 -2.27905e-13 0.00380242 -2.18024e-13
5.46 6.54942e-11 2.14055e-10 -5.20258e-11 2.14053e-10 0.00307554 2.15452e-13 0.00307554 2.29489e-13
5.47 -6.5614e-11 -2.14448e-10 5.21214e-11 -2.14446e-10 0.00233652 -2.27612e-13 0.00233652 -2.17393e-13
5.48 6.57342e-11 2.1484e-10 -5.22166e-11 2.14838e-10 0.00158827 2.15993e-13 0.00158827 2.30273e-13
5.49 -6.58542e-11 -2.15232e-10 5.23121e-11 -2.1523e-10 0.000833764 -2.28947e-13 0.000833764 -2.18582e-13
5.5 6.59743e-11 2.15625e-10 -5.24074e-11 2.15623e-10 7.59633e-05 2.16904e-13 7.59633e-05 2.31233e-13
5.51 -6.60943e-11 -2.16017e-10 5.25028e-11 -2.16015e-10 -0.000682137 -2.29252e-13 -0.000682137 -2.18936e-13
5.52 6.62143e-11 2.1641e-10 -5.25983e-11 2.16408e-10 -0.00143755 2.16738e-13 -0.00143755 2.30921e-13
5.53 -6.63345e-11 -2.16802e-10 5.26935e-11 -2.168e-10 -0.00218728 -2.28273e-13 -0.00218728 -2.18199e-13
5.54 6.64544e-11 2.17194e-10 -5.27891e-11 2.17192e-10 -0.00292838 2.15865e-13 -0.00292838 2.29709e-13
5.55 -6.65746e-11 -2.17587e-10 5.28842e-11 -2.17585e-10 -0.00365793 -2.27743e-13 -0.00365793 -2.18103e-13
5.56 6.66944e-11 2.17979e-10 -5.29799e-11 2.17977e-10 -0.00437304 2.16678e-13 -0.00437304 2.29996e-13
5.57 -6.68148e-11 -2.18372e-10 5.3075e-11 -2.1837e-10 -0.00507089 -2.28e-13 -0.00507089 -2.18975e-13
5.58 6.69345e-11 2.18764e-10 -5.31707e-11 2.18762e-10 -0.00574873 2.16803e-13 -0.00574873 2.29417e-13
5.59 -6.70549e-11 -2.19156e-10 5.32657e-11 -2.19154e-10 -0.00640388 -2.26881e-13 -0.00640388 -2.18646e-13
5.6 6.71745e-11 2.19549e-10 -5.33615e-11 2.19547e-10 -0.00703376 2.17321e-13 -0.00703376 2.29063e-13
5.61 -6.7295e-11 -2.19941e-10 5.34564e-11 -2.19939e-10 -0.00763588 -2.27334e-13 -0.00763588 -2.20049e-13
5.62 6.74146e-11 2.20333e-10 -5.35523e-11 2.20332e-10 -0.00820786 2.18035e-13 -0.00820786 2.28752e-13
5.63 -6.75352e-11 -2.20726e-10 5.36472e-11 -2.20724e-10 -0.00874746 -2.25691e-13 -0.00874746 -2.19504e-13
5.64 6.76546e-11 2.21118e-10 -5.37431e-11 2.21117e-10 -0.00925252 2.17768e-13 -0.00925252 2.27321e-13
5.65 -6.77753e-11 -2.21511e-10 5.38379e-11 -2.21509e-10 -0.00972108 -2.26209e-13 -0.00972108 -2.21248e-13
5.66 6.78947e-11 2.21903e-10 -5.39339e-11 2.21901e-10 -0.0101513 2.20315e-13 -0.0101513 2.28585e-13
5.67 -6.80154e-11 -2.22296e-10 5.40287e-11 -2.22293e-10 -0.0105414 -2.25614e-13 -0.0105414 -2.21988e-13
5.68 6.81348e-11 2.22688e-10 -5.41247e-11 2.22686e-10 -0.0108899 2.19262e-13 -0.0108899 2.2615e-13
5.69 -6.82556e-11 -2.23081e-10 5.42194e-11 -2.23078e-10 -0.0111955 -2.23121e-13 -0.0111955 -2.20919e-13
5.7 6.83749e-11 2.23473e-10 -5.43155e-11 2.23471e-10 -0.0114568 2.1978e-13 -0.0114568 2.25208e-13
5.71 -6.84957e-11 -2.23865e-10 5.44102e-11 -2.23863e-10 -0.011673 -2.24032e-13 -0.011673 -2.23319e-13
5.72 6.8615e-11 2.24257e-10 -5.45063e-11 2.24256e-10 -0.0118431 2.22654e-13 -0.0118431 2.26569e-13
5.73 -6.87358e-11 -2.2465e-10 5.46009e-11 -2.24648e-10 -0.0119664 -2.24157e-13 -0.0119664 -2.24977e-13
5.74 6.88551e-11 2.25042e-10 -5.46971e-11 2.25041e-10 -0.0120425 2.21863e-13 -0.0120425 2.24233e-13
5.75 -6.89759e-11 -2.25435e-10 5.47917e-11 -2.25433e-10 -0.0120711 -2.19962e-13 -0.0120711 -2.22332e-13
5.76 6.90951e-11 2.25827e-10 -5.48879e-11 2.25825e-10 -0.0120521 2.20287e-13 -0.0120521 2.21106e-13
5.77 -6.9216e-11 -2.2622e-10 5.49825e-11 -2.26217e-10 -0.0119854 -2.19956e-13 -0.0119854 -2.23871e-13
5.78 6.93353e-11 2.26612e-10 -5.50786e-11 2.2661e-10 -0.0118715 2.2447e-13 -0.0118715 2.23757e-13
5.79 -6.94561e-11 -2.27005e-10 5.51733e-11 -2.27002e-10 -0.0117108 -2.2414e-13 -0.0117108 -2.29569e-13
5.8 6.95754e-11 2.27397e-10 -5.52694e-11 2.27395e-10 -0.0115038 2.29309e-13 -0.0115038 2.27106e-13
5.81 -6.96961e-11 -2.27789e-10 5.5364e-11 -2.27787e-10 -0.0112514 -2.2348e-13 -0.0112514 -2.30368e-13
5.82 6.98155e-11 2.28181e-10 -5.54601e-11 2.2818e-10 -0.0109546 2.26685e-13 -0.0109546 2.23058e-13
5.83 -6.99362e-11 -2.28574e-10 5.55548e-11 -2.28572e-10 -0.0106146 -2.19154e-13 -0.0106146 -2.27424e-13
5.84 7.00556e-11 2.28966e-10 -5.56509e-11 2.28965e-10 -0.0102327 2.24715e-13 -0.0102327 2.19753e-13
5.85 -7.01763e-11 -2.29359e-10 5.57456e-11 -2.29357e-10 -0.00981038 -2.16661e-13 -0.00981038 -2.26214e-13
5.86 7.02957e-11 2.29751e-10 -5.58416e-11 2.29749e-10 -0.00934937 2.24644e-13 -0.00934937 2.18457e-13
5.87 -7.04164e-11 -2.30144e-10 5.59364e-11 -2.30141e-10 -0.00885146 -2.17768e-13 -0.00885146 -2.28485e-13
5.88 7.05359e-11 2.30536e-10 -5.60324e-11 2.30534e-10 -0.00831861 2.28239e-13 -0.00831861 2.20954e-13
5.89 -7.06564e-11 -2.30929e-10 5.61272e-11 -2.30926e-10 -0.00775294 -2.19071e-13 -0.00775294 -2.30814e-13
5.9 7.0776e-11 2.31321e-10 -5.62231e-11 2.31319e-10 -0.00715667 2.28757e-13 -0.00715667 2.20522e-13
5.91 -7.08965e-11 -2.31713e-10 5.63181e-11 -2.31711e-10 -0.00653216 -2.18084e-13 -0.00653216 -2.30698e-13
5.92 7.10161e-11 2.32105e-10 -5.64138e-11 2.32104e-10 -0.00588187 2.2862e-13 -0.00588187 2.19595e-13
5.93 -7.11365e-11 -2.32498e-10 5.65089e-11 -2.32496e-10 -0.00520836 -2.17423e-13 -0.00520836 -2.30742e-13
5.94 7.12563e-11 2.3289e-10 -5.66046e-11 2.32888e-10 -0.0045143 2.29203e-13 -0.0045143 2.19563e-13
5.95 -7.13766e-11 -2.33283e-10 5.66997e-11 -2.33281e-10 -0.00380242 -2.17941e-13 -0.00380242 -2.31786e-13
5.96 7.14964e-11 2.33675e-10 -5.67953e-11 2.33673e-10 -0.00307554 2.3018e-13 -0.00307554 2.20106e-13
5.97 -7.16166e-11 -2.34068e-10 5.68905e-11 -2.34066e-10 -0.00233652 -2.17592e-13 -0.00233652 -2.31775e-13
5.98 7.17366e-11 2.3446e-10 -5.6986e-11 2.34458e-10 -0.00158827 2.29241e-13 -0.00158827 2.18925e-13
5.99 -7.18567e-11 -2.34852e-10 5.70813e-11 -2.3485e-10 -0.000833764 -2.16588e-13 -0.000833764 -2.30917e-13
6 7.19767e-11 2.35245e-10 -5.71767e-11 2.35243e-10 -7.59633e-05 2.2867e-13 -7.59633e-05 2.18305e-13
6.01 -7.20967e-11 -2.35637e-10 5.72721e-11 -2.35635e-10 0.000682137 -2.16192e-13 0.000682137 -2.30472e-13
6.02 7.22169e-11 2.3603e-10 -5.73675e-11 2.36028e-10 0.00143755 2.28379e-13 0.00143755 2.1816e-13
6.03 -7.23368e-11 -2.36422e-10 5.7463e-11 -2.3642e-10 0.00218728 -2.16251e-13 0.00218728 -2.30288e-13
6.04 7.2457e-11 2.36814e-10 -5.75582e-11 2.36812e-10 0.00292838 2.2836e-13 0.00292838 2.18479e-13
6.05 -7.25768e-11 -2.37207e-10 5.76538e-11 -2.37205e-10 0.00365793 -2.16854e-13 0.00365793 -2.30458e-13
6.06 7.26972e-11 2.37599e-10 -5.77489e-11 2.37597e-10 0.00437304 2.28717e-13 0.00437304 2.19362e-13
6.07 -7.28169e-11 -2.37992e-10 5.78446e-11 -2.3799e-10 0.00507089 -2.17899e-13 0.00507089 -2.30887e-13
6.08 7.29373e-11 2.38384e-10 -5.79396e-11 2.38382e-10 0.00574873 2.28453e-13 0.00574873 2.19802e-13
6.09 -7.3057e-11 -2.38776e-10 5.80354e-11 -2.38775e-10 0.00640388 -2.17143e-13 0.00640388 -2.29342e-13
6.1 7.31774e-11 2.39169e-10 -5.81304e-11 2.39167e-10 0.00703376 2.26716e-13 0.00703376 2.18937e-13
6.11 -7.3297e-11 -2.39561e-10 5.82262e-11 -2.39559e-10 0.00763588 -2.18024e-13 0.00763588 -2.29272e-13
6.12 7.34176e-11 2.39954e-10 -5.83211e-11 2.39951e-10 0.00820786 2.27924e-13 0.00820786 2.21171e-13
6.13 -7.35371e-11 -2.40346e-10 5.8417e-11 -2.40344e-10 0.00874746 -2.19298e-13 0.00874746 -2.29449e-13
6.14 7.36577e-11 2.40739e-10 -5.85118e-11 2.40736e-10 0.00925252 2.26776e-13 0.00925252 2.21187e-13
6.15 -7.37771e-11 -2.41131e-10 5.86078e-11 -2.41129e-10 0.00972108 -2.19525e-13 0.00972108 -2.2845e-13
6.16 7.38978e-11 2.41523e-10 -5.87026e-11 2.41521e-10 0.0101513 2.26217e-13 0.0101513 2.21911e-13
6.17 -7.40172e-11 -2.41915e-10 5.87986e-11 -2.41914e-10 0.0105414 -2.20341e-13 0.0105414 -2.27931e-13
6.18 7.4138e-11 2.42308e-10 -5.88933e-11 2.42306e-10 0.0108899 2.25593e-13 0.0108899 2.22669e-13
6.19 -7.42573e-11 -2.427e-10 5.89894e-11 -2.42699e-10 0.0111955 -2.20895e-13 0.0111955 -2.27061e-13
6.2 7.43781e-11 2.43093e-10 -5.90841e-11 2.43091e-10 0.0114568 2.24576e-13 0.0114568 2.23111e-13
6.21 -7.44974e-11 -2.43485e-10 5.91802e-11 -2.43483e-10 0.011673 -2.21318e-13 0.011673 -2.25994e-13
6.22 7.46182e-11 2.43878e-10 -5.92748e-11 2.43875e-10 0.0118431 2.23297e-13 0.0118431 2.23346e-13
6.23 -7.47375e-11 -2.4427e-10 5.9371e-11 -2.44268e-10 0.0119664 -2.21871e-13 0.0119664 -2.25016e-13
6.24 7.48583e-11 2.44663e-10 -5.94656e-11 2.4466e-10 0.0120425 2.22934e-13 0.0120425 2.24528e-13
6.25 -7.49776e-11 -2.45055e-10 5.95618e-11 -2.45053e-10 0.0120711 -2.22687e-13 0.0120711 -2.24281e-13
6.26 7.50984e-11 2.45447e-10 -5.96564e-11 2.45445e-10 0.0120521 2.21262e-13 0.0120521 2.24407e-13
6.27 -7.52177e-11 -2.45839e-10 5.97525e-11 -2.45838e-10 0.0119854 -2.22063e-13 0.0119854 -2.22112e-13
6.28 7.53385e-11 2.46232e-10 -5.98472e-11 2.4623e-10 0.0118715 2.19721e-13 0.0118715 2.24398e-13
6.29 -7.54578e-11 -2.46624e-10 5.99433e-11 -2.46623e-10 0.0117108 -2.23795e-13 0.0117108 -2.2233e-13
6.3 7.55786e-11 2.47017e-10 -6.00379e-11 2.47015e-10 0.0115038 2.21323e-13 0.0115038 2.27489e-13
6.31 -7.56979e-11 -2.47409e-10 6.01341e-11 -2.47407e-10 0.0112514 -2.26444e-13 0.0112514 -2.23519e-13
6.32 7.58186e-11 2.47802e-10 -6.02287e-11 2.47799e-10 0.0109546 2.20305e-13 0.0109546 2.27896e-13
6.33 -7.5938e-11 -2.48194e-10 6.03248e-11 -2.48192e-10 0.0106146 -2.24903e-13 0.0106146 -2.20596e-13
6.34 7.60587e-11 2.48587e-10 -6.04195e-11 2.48584e-10 0.0102327 2.17717e-13 0.0102327 2.26643e-13
6.35 -7.61781e-11 -2.48979e-10 6.05156e-11 -2.48977e-10 0.00981038 -2.24213e-13 0.00981038 -2.18623e-13
6.36 7.62988e-11 2.49371e-10 -6.06103e-11 2.49369e-10 0.00934937 2.16045e-13 0.00934937 2.26197e-13
6.37 -7.64183e-11 -2.49763e-10 6.07063e-11 -2.49762e-10 0.00885146 -2.25945e-13 0.00885146 -2.19192e-13
6.38 7.65389e-11 2.50156e-10 -6.08011e-11 2.50154e-10 0.00831861 2.18563e-13 0.00831861 2.29811e-13
6.39 -7.66584e-11 -2.50548e-10 6.0897e-11 -2.50547e-10 0.00775294 -2.28921e-13 0.00775294 -2.21142e-13
6.4 7.67789e-11 2.50941e-10 -6.09919e-11 2.50939e-10 0.00715667 2.18986e-13 0.00715667 2.31185e-13
6.41 -7.68985e-11 -2.51333e-10 6.10878e-11 -2.51331e-10 0.00653216 -2.2882e-13 0.00653216 -2.20169e-13
6.42 7.7019e-11 2.51726e-10 -6.11828e-11 2.51724e-10 0.00588187 2.17052e-13 0.00588187 2.30041e-13
6.43 -7.71387e-11 -2.52118e-10 6.12785e-11 -2.52116e-10 0.00520836 -2.27476e-13 0.00520836 -2.18121e-13
6.44 7.7259e-11 2.5251e-10 -6.13736e-11 2.52508e-10 0.0045143 2.15904e-13 0.0045143 2.29509e-13
6.45 -7.73788e-11 -2.52903e-10 6.14692e-11 -2.52901e-10 0.00380242 -2.27964e-13 0.00380242 -2.18084e-13
6.46 7.74991e-11 2.53295e-10 -6.15644e-11 2.53293e-10 0.00307554 2.16295e-13 0.00307554 2.30332e-13
6.47 -7.7619e-11 -2.53688e-10 6.166e-11 -2.53686e-10 0.00233652 -2.28502e-13 0.00233652 -2.18283e-13
6.48 7.77391e-11 2.5408e-10 -6.17552e-11 2.54078e-10 0.00158827 2.16456e-13 0.00158827 2.30736e-13
6.49 -7.78591e-11 -2.54472e-10 6.18507e-11 -2.5447e-10 0.000833764 -2.29236e-13 0.000833764 -2.18871e-13
6.5 7.79792e-11 2.54865e-10 -6.1946e-11 2.54863e-10 7.59633e-05 2.16909e-13 7.59633e-05 2.31238e-13
6.51 -7.80993e-11 -2.55257e-10 6.20414e-11 -2.55255e-10 -0.000682137 -2.28749e-13 -0.000682137 -2.18432e-13
6.52 7.82192e-11 2.5565e-10 -6.21369e-11 2.55648e-10 -0.00143755 2.16172e-13 -0.00143755 2.30355e-13
6.53 -7.83394e-11 -2.56042e-10 6.22321e-11 -2.5604e-10 -0.00218728 -2.28279e-13 -0.00218728 -2.18205e-13
6.54 7.84593e-11 2.56434e-10 -6.23277e-11 2.56432e-10 -0.00292838 2.16704e-13 -0.00292838 2.30549e-13
6.55 -7.85796e-11 -2.56827e-10 6.24228e-11 -2.56825e-10 -0.00365793 -2.29122e-13 -0.00365793 -2.19481e-13
6.56 7.86993e-11 2.57219e-10 -6.25185e-11 2.57217e-10 -0.00437304 2.17875e-13 -0.00437304 2.31194e-13
6.57 -7.88197e-11 -2.57612e-10 6.26136e-11 -2.5761e-10 -0.00507089 -2.28263e-13 -0.00507089 -2.19238e-13
6.58 7.89394e-11 2.58004e-10 -6.27093e-11 2.58002e-10 -0.00574873 2.16787e-13 -0.00574873 2.29402e-13
6.59 -7.90598e-11 -2.58396e-10 6.28043e-11 -2.58394e-10 -0.00640388 -2.27633e-13 -0.00640388 -2.19399e-13
6.6 7.91795e-11 2.58789e-10 -6.29001e-11 2.58787e-10 -0.00703376 2.18187e-13 -0.00703376 2.29929e-13
6.61 -7.93e-11 -2.59181e-10 6.2995e-11 -2.59179e-10 -0.00763588 -2.27658e-13 -0.00763588 -2.20374e-13
6.62 7.94195e-11 2.59573e-10 -6.30909e-11 2.59572e-10 -0.00820786 2.18146e-13 -0.00820786 2.28863e-13
6.63 -7.95401e-11 -2.59966e-10 6.31858e-11 -2.59964e-10 -0.00874746 -2.26243e-13 -0.00874746 -2.20056e-13
6.64 7.96596e-11 2.60358e-10 -6.32817e-11 2.60357e-10 -0.00925252 2.19088e-13 -0.00925252 2.28641e-13
6.65 -7.97802e-11 -2.60751e-10 6.33765e-11 -2.60749e-10 -0.00972108 -2.27512e-13 -0.00972108 -2.22551e-13
6.66 7.98996e-11 2.61143e-10 -6.34725e-11 2.61141e-10 -0.0101513 2.21862e-13 -0.0101513 2.30132e-13
6.67 -8.00204e-11 -2.61536e-10 6.35673e-11 -2.61533e-10 -0.0105414 -2.27668e-13 -0.0105414 -2.24042e-13
6.68 8.01397e-11 2.61928e-10 -6.36633e-11 2.61926e-10 -0.0108899 2.20643e-13 -0.0108899 2.27531e-13
6.69 -8.02605e-11 -2.62321e-10 6.3758e-11 -2.62318e-10 -0.0111955 -2.23569e-13 -0.0111955 -2.21367e-13
6.7 8.03798e-11 2.62713e-10 -6.38541e-11 2.62711e-10 -0.0114568 2.19294e-13 -0.0114568 2.24722e-13
6.71 -8.05006e-11 -2.63105e-10 6.39488e-11 -2.63103e-10 -0.011673 -2.22874e-13 -0.011673 -2.22161e-13
6.72 8.06199e-11 2.63497e-10 -6.40449e-11 2.63496e-10 -0.0118431 2.21217e-13 -0.0118431 2.25131e-13
6.73 -8.07407e-11 -2.6389e-10 6.41395e-11 -2.63888e-10 -0.0119664 -2.23226e-13 -0.0119664 -2.24046e-13
6.74 8.086e-11 2.64282e-10 -6.42357e-11 2.64281e-10 -0.0120425 2.22355e-13 -0.0120425 2.24725e-13
6.75 -8.09808e-11 -2.64675e-10 6.43303e-11 -2.64673e-10 -0.0120711 -2.21484e-13 -0.0120711 -2.23854e-13
6.76 8.11001e-11 2.65067e-10 -6.44265e-11 2.65065e-10 -0.0120521 2.21529e-13 -0.0120521 2.22348e-13
6.77 -8.12209e-11 -2.6546e-10 6.45211e-11 -2.65457e-10 -0.0119854 -2.19741e-13 -0.0119854 -2.23656e-13
6.78 8.13402e-11 2.65852e-10 -6.46172e-11 2.6585e-10 -0.0118715 2.22143e-13 -0.0118715 2.2143e-13
6.79 -8.1461e-11 -2.66245e-10 6.47119e-11 -2.66242e-10 -0.0117108 -2.19963e-13 -0.0117108 -2.25391e-13
6.8 8.15803e-11 2.66637e-10 -6.4808e-11 2.66635e-10 -0.0115038 2.2459e-13 -0.0115038 2.22387e-13
6.81 -8.17011e-11 -2.67029e-10 6.49026e-11 -2.67027e-10 -0.0112514 -2.19529e-13 -0.0112514 -2.26417e-13
6.82 8.18204e-11 2.67421e-10 -6.49987e-11 2.6742e-10 -0.0109546 2.23764e-13 -0.0109546 2.20138e-13
6.83 -8.19412e-11 -2.67814e-10 6.50934e-11 -2.67812e-10 -0.0106146 -2.17132e-13 -0.0106146 -2.25402e-13
6.84 8.20605e-11 2.68206e-10 -6.51895e-11 2.68205e-10 -0.0102327 2.23854e-13 -0.0102327 2.18893e-13
6.85 -8.21812e-11 -2.68599e-10 6.52842e-11 -2.68597e-10 -0.00981038 -2.1827e-13 -0.00981038 -2.27823e-13
6.86 8.23007e-11 2.68991e-10 -6.53802e-11 2.68989e-10 -0.00934937 2.28658e-13 -0.00934937 2.22471e-13
6.87 -8.24213e-11 -2.69384e-10 6.5475e-11 -2.69381e-10 -0.00885146 -2.21503e-13 -0.00885146 -2.3222e-13
6.88 8.25408e-11 2.69776e-10 -6.5571e-11 2.69774e-10 -0.00831861 2.29403e-13 -0.00831861 2.22119e-13
6.89 -8.26614e-11 -2.70169e-10 6.56658e-11 -2.70166e-10 -0.00775294 -2.17404e-13 -0.00775294 -2.29146e-13
6.9 8.27809e-11 2.70561e-10 -6.57617e-11 2.70559e-10 -0.00715667 2.25697e-13 -0.00715667 2.17462e-13
6.91 -8.29014e-11 -2.70953e-10 6.58567e-11 -2.70951e-10 -0.00653216 -2.15072e-13 -0.00653216 -2.27687e-13
6.92 8.30211e-11 2.71345e-10 -6.59524e-11 2.71344e-10 -0.00588187 2.269e-13 -0.00588187 2.17875e-13
6.93 -8.31415e-11 -2.71738e-10 6.60475e-11 -2.71736e-10 -0.00520836 -2.17584e-13 -0.00520836 -2.30903e-13
6.94 8.32612e-11 2.7213e-10 -6.61432e-11 2.72128e-10 -0.0045143 2.29838e-13 -0.0045143 2.20197e-13
6.95 -8.33815e-11 -2.72523e-10 6.62383e-11 -2.72521e-10 -0.00380242 -2.17249e-13 -0.00380242 -2.31094e-13
6.96 8.35014e-11 2.72915e-10 -6.63339e-11 2.72913e-10 -0.00307554 2.28128e-13 -0.00307554 2.18055e-13
6.97 -8.36216e-11 -2.73308e-10 6.64291e-11 -2.73306e-10 -0.00233652 -2.15425e-13 -0.00233652 -2.29608e-13
6.98 8.37415e-11 2.737e-10 -6.65246e-11 2.73698e-10 -0.00158827 2.27843e-13 -0.00158827 2.17526e-13
6.99 -8.38616e-11 -2.74092e-10 6.66199e-11 -2.7409e-10 -0.000833764 -2.15933e-13 -0.000833764 -2.30262e-13
7 8.39817e-11 2.74485e-10 -6.67153e-11 2.74483e-10 -7.59633e-05 2.28424e-13 -7.59633e-05 2.18059e-13
7.01 -8.41017e-11 -2.74877e-10 6.68107e-11 -2.74875e-10 0.000682137 -2.16167e-13 0.000682137 -2.30447e-13
7.02 8.42218e-11 2.7527e-10 -6.69061e-11 2.75268e-10 0.00143755 2.28639e-13 0.00143755 2.1842e-13
7.03 -8.43417e-11 -2.75662e-10 6.70016e-11 -2.7566e-10 0.00218728 -2.16656e-13 0.00218728 -2.30693e-13
7.04 8.44619e-11 2.76054e-10 -6.70968e-11 2.76052e-10 0.00292838 2.28681e-13 0.00292838 2.188e-13
7.05 -8.45818e-11 -2.76447e-10 6.71924e-11 -2.76445e-10 0.00365793 -2.17042e-13 0.00365793 -2.30646e-13
7.06 8.47021e-11 2.76839e-10 -6.72875e-11 2.76837e-10 0.00437304 2.28314e-13 0.00437304 2.18959e-13
7.07 -8.48218e-11 -2.77232e-10 6.73832e-11 -2.7723e-10 0.00507089 -2.16512e-13 0.00507089 -2.295e-13
7.08 8.49422e-11 2.77624e-10 -6.74782e-11 2.77622e-10 0.00574873 2.26769e-13 0.00574873 2.18119e-13
7.09 -8.50619e-11 -2.78016e-10 6.7574e-11 -2.78015e-10 0.00640388 -2.16669e-13 0.00640388 -2.28867e-13
7.1 8.51824e-11 2.78409e-10 -6.7669e-11 2.78407e-10 0.00703376 2.27908e-13 0.00703376 2.2013e-13
7.11 -8.53019e-11 -2.78801e-10 6.77648e-11 -2.78799e-10 0.00763588 -2.1951e-13 0.00763588 -2.30757e-13
7.12 8.54225e-11 2.79194e-10 -6.78597e-11 2.79191e-10 0.00820786 2.28458e-13 0.00820786 2.21705e-13
7.13 -8.5542e-11 -2.79586e-10 6.79556e-11 -2.79584e-10 0.00874746 -2.19208e-13 0.00874746 -2.29359e-13
7.14 8.56626e-11 2.79979e-10 -6.80504e-11 2.79976e-10 0.00925252 2.26389e-13 0.00925252 2.208e-13
7.15 -8.57821e-11 -2.80371e-10 6.81464e-11 -2.80369e-10 0.00972108 -2.18776e-13 0.00972108 -2.27701e-13
7.16 8.59028e-11 2.80763e-10 -6.82412e-11 2.80761e-10 0.0101513 2.2563e-13 0.0101513 2.21324e-13
7.17 -8.60221e-11 -2.81155e-10 6.83372e-11 -2.81154e-10 0.0105414 -2.20177e-13 0.0105414 -2.27767e-13
7.18 8.61429e-11 2.81548e-10 -6.84319e-11 2.81546e-10 0.0108899 2.25067e-13 0.0108899 2.22143e-13
7.19 -8.62622e-11 -2.8194e-10 6.8528e-11 -2.81939e-10 0.0111955 -2.19745e-13 0.0111955 -2.25911e-13
7.2 8.6383e-11 2.82333e-10 -6.86227e-11 2.82331e-10 0.0114568 2.23849e-13 0.0114568 2.22385e-13
7.21 -8.65023e-11 -2.82725e-10 6.87188e-11 -2.82723e-10 0.011673 -2.21931e-13 0.011673 -2.26608e-13
7.22 8.66231e-11 2.83118e-10 -6.88134e-11 2.83115e-10 0.0118431 2.25512e-13 0.0118431 2.25562e-13
7.23 -8.67424e-11 -2.8351e-10 6.89096e-11 -2.83508e-10 0.0119664 -2.2451e-13 0.0119664 -2.27655e-13
7.24 8.68632e-11 2.83903e-10 -6.90042e-11 2.839e-10 0.0120425 2.24294e-13 0.0120425 2.25888e-13
7.25 -8.69825e-11 -2.84295e-10 6.91004e-11 -2.84293e-10 0.0120711 -2.21984e-13 0.0120711 -2.23577e-13
7.26 8.71033e-11 2.84687e-10 -6.9195e-11 2.84685e-10 0.0120521 2.19935e-13 0.0120521 2.23079e-13
7.27 -8.72226e-11 -2.85079e-10 6.92911e-11 -2.85078e-10 0.0119854 -2.22337e-13 0.0119854 -2.22386e-13
7.28 8.73434e-11 2.85472e-10 -6.93858e-11 2.8547e-10 0.0118715 2.21204e-13 0.0118715 2.25881e-13
7.29 -8.74627e-11 -2.85864e-10 6.94819e-11 -2.85863e-10 0.0117108 -2.25178e-13 0.0117108 -2.23713e-13
7.3 8.75835e-11 2.86257e-10 -6.95765e-11 2.86255e-10 0.0115038 2.22082e-13 0.0115038 2.28248e-13
7.31 -8.77028e-11 -2.86649e-10 6.96727e-11 -2.86647e-10 0.0112514 -2.26579e-13 0.0112514 -2.23654e-13
7.32 8.78236e-11 2.87042e-10 -6.97673e-11 2.87039e-10 0.0109546 2.20733e-13 0.0109546 2.28323e-13
7.33 -8.79429e-11 -2.87434e-10 6.98634e-11 -2.87432e-10 0.0106146 -2.26147e-13 0.0106146 -2.2184e-13
7.34 8.80637e-11 2.87827e-10 -6.99581e-11 2.87824e-10 0.0102327 2.19384e-13 0.0102327 2.2831e-13
7.35 -8.81831e-11 -2.88219e-10 7.00542e-11 -2.88217e-10 0.00981038 -2.26631e-13 0.00981038 -2.21041e-13
7.36 8.83037e-11 2.88611e-10 -7.01489e-11 2.88609e-10 0.00934937 2.17708e-13 0.00934937 2.2786e-13
7.37 -8.84232e-11 -2.89003e-10 7.02449e-11 -2.89002e-10 0.00885146 -2.24693e-13 0.00885146 -2.1794e-13
7.38 8.85438e-11 2.89396e-10 -7.03397e-11 2.89394e-10 0.00831861 2.15313e-13 0.00831861 2.26561e-13
7.39 -8.86633e-11 -2.89788e-10 7.04356e-11 -2.89787e-10 0.00775294 -2.2557e-13 0.00775294 -2.17791e-13
7.4 8.87839e-11 2.90181e-10 -7.05305e-11 2.90179e-10 0.00715667 2.16713e-13 0.00715667 2.28912e-13
7.41 -8.89035e-11 -2.90573e-10 7.06264e-11 -2.90571e-10 0.00653216 -2.28215e-13 0.00653216 -2.19564e-13
7.42 8.90239e-11 2.90966e-10 -7.07214e-11 2.90964e-10 0.00588187 2.18049e-13 0.00588187 2.31037e-13
7.43 -8.91436e-11 -2.91358e-10 7.08171e-11 -2.91356e-10 0.00520836 -2.29223e-13 0.00520836 -2.19868e-13
7.44 8.9264e-11 2.9175e-10 -7.09122e-11 2.91748e-10 0.0045143 2.16929e-13 0.0045143 2.30534e-13
7.45 -8.93838e-11 -2.92143e-10 7.10078e-11 -2.92141e-10 0.00380242 -2.27809e-13 0.00380242 -2.17928e-13
7.46 8.9504e-11 2.92535e-10 -7.1103e-11 2.92533e-10 0.00307554 2.15744e-13 0.00307554 2.29782e-13
7.47 -8.96239e-11 -2.92928e-10 7.11985e-11 -2.92926e-10 0.00233652 -2.27982e-13 0.00233652 -2.17763e-13
7.48 8.97441e-11 2.9332e-10 -7.12938e-11 2.93318e-10 0.00158827 2.15999e-13 0.00158827 2.30279e-13
7.49 -8.9864e-11 -2.93712e-10 7.13893e-11 -2.9371e-10 0.000833764 -2.28712e-13 0.000833764 -2.18347e-13
7.5 8.99841e-11 2.94105e-10 -7.14846e-11 2.94103e-10 7.59633e-05 2.16637e-13 7.59633e-05 2.30966e-13
7.51 -9.01042e-11 -2.94497e-10 7.158e-11 -2.94495e-10 -0.000682137 -2.28916e-13 -0.000682137 -2.186e-13
7.52 9.02242e-11 2.9489e-10 -7.16755e-11 2.94888e-10 -0.00143755 2.16473e-13 -0.00143755 2.30656e-13
7.53 -9.03443e-11 -2.95282e-10 7.17707e-11 -2.9528e-10 -0.00218728 -2.28427e-13 -0.00218728 -2.18354e-13
7.54 9.04642e-11 2.95674e-10 -7.18663e-11 2.95672e-10 -0.00292838 2.16504e-13 -0.00292838 2.30349e-13
7.55 -9.05845e-11 -2.96067e-10 7.19614e-11 -2.96065e-10 -0.00365793 -2.28557e-13 -0.00365793 -2.18916e-13
7.56 9.07043e-11 2.96459e-10 -7.20571e-11 2.96457e-10 -0.00437304 2.17468e-13 -0.00437304 2.30787e-13
7.57 -9.08246e-11 -2.96852e-10 7.21522e-11 -2.9685e-10 -0.00507089 -2.28539e-13 -0.00507089 -2.19514e-13
7.58 9.09443e-11 2.97244e-10 -7.22479e-11 2.97242e-10 -0.00574873 2.17058e-13 -0.00574873 2.29672e-13
7.59 -9.10648e-11 -2.97636e-10 7.23429e-11 -2.97634e-10 -0.00640388 -2.27244e-13 -0.00640388 -2.19009e-13
7.6 9.11844e-11 2.98029e-10 -7.24387e-11 2.98027e-10 -0.00703376 2.17792e-13 -0.00703376 2.29535e-13
7.61 -9.13049e-11 -2.98421e-10 7.25336e-11 -2.98419e-10 -0.00763588 -2.27914e-13 -0.00763588 -2.20629e-13
7.62 9.14244e-11 2.98813e-10 -7.26295e-11 2.98812e-10 -0.00820786 2.19051e-13 -0.00820786 2.29767e-13
7.63 -9.1545e-11 -2.99206e-10 7.27244e-11 -2.99204e-10 -0.00874746 -2.2747e-13 -0.00874746 -2.21283e-13
7.64 9.16645e-11 2.99598e-10 -7.28203e-11 2.99597e-10 -0.00925252 2.19524e-13 -0.00925252 2.29077e-13
7.65 -9.17852e-11 -2.99991e-10 7.29151e-11 -2.99989e-10 -0.00972108 -2.26307e-13 -0.00972108 -2.21345e-13
7.66 9.19046e-11 3.00383e-10 -7.30111e-11 3.00381e-10 -0.0101513 2.19015e-13 -0.0101513 2.27285e-13
7.67 -9.20253e-11 -3.00776e-10 7.31059e-11 -3.00773e-10 -0.0105414 -2.24554e-13 -0.0105414 -2.20928e-13
7.68 9.21447e-11 3.01168e-10 -7.32019e-11 3.01166e-10 -0.0108899 2.19226e-13 -0.0108899 2.26114e-13
7.69 -9.22654e-11 -3.01561e-10 7.32966e-11 -3.01558e-10 -0.0111955 -2.23718e-13 -0.0111955 -2.21515e-13
7.7 9.23847e-11 3.01953e-10 -7.33927e-11 3.01951e-10 -0.0114568 2.20092e-13 -0.0114568 2.2552e-13
7.71 -9.25055e-11 -3.02345e-10 7.34874e-11 -3.02343e-10 -0.011673 -2.23274e-13 -0.011673 -2.22562e-13
7.72 9.26248e-11 3.02737e-10 -7.35835e-11 3.02736e-10 -0.0118431 2.20827e-13 -0.0118431 2.24741e-13
7.73 -9.27456e-11 -3.0313e-10 7.36781e-11 -3.03128e-10 -0.0119664 -2.22831e-13 -0.0119664 -2.2365e-13
7.74 9.28649e-11 3.03522e-10 -7.37743e-11 3.03521e-10 -0.0120425 2.23002e-13 -0.0120425 2.25371e-13
7.75 -9.29857e-11 -3.03915e-10 7.38689e-11 -3.03913e-10 -0.0120711 -2.23435e-13 -0.0120711 -2.25805e-13
7.76 9.3105e-11 3.04307e-10 -7.39651e-11 3.04305e-10 -0.0120521 2.23213e-13 -0.0120521 2.24032e-13
7.77 -9.32258e-11 -3.047e-10 7.40597e-11 -3.04697e-10 -0.0119854 -2.20111e-13 -0.0119854 -2.24025e-13
7.78 9.33451e-11 3.05092e-10 -7.41558e-11 3.0509e-10 -0.0118715 2.21984e-13 -0.0118715 2.21271e-13
7.79 -9.34659e-11 -3.05485e-10 7.42505e-11 -3.05482e-10 -0.0117108 -2.19798e-13 -0.0117108 -2.25227e-13
7.8 9.35852e-11 3.05877e-10 -7.43466e-11 3.05875e-10 -0.0115038 2.24944e-13 -0.0115038 2.22742e-13
7.81 -9.3706e-11 -3.06269e-10 7.44412e-11 -3.06267e-10 -0.0112514 -2.21057e-13 -0.0112514 -2.27945e-13
7.82 9.38253e-11 3.06661e-10 -7.45373e-11 3.0666e-10 -0.0109546 2.25679e-13 -0.0109546 2.22053e-13
7.83 -9.39461e-11 -3.07054e-10 7.4632e-11 -3.07052e-10 -0.0106146 -2.18649e-13 -0.0106146 -2.2692e-13
7.84 9.40655e-11 3.07446e-10 -7.47281e-11 3.07445e-10 -0.0102327 2.25236e-13 -0.0102327 2.20274e-13
7.85 -9.41862e-11 -3.07839e-10 7.48228e-11 -3.07837e-10 -0.00981038 -2.18795e-13 -0.00981038 -2.28348e-13
7.86 9.43056e-11 3.08231e-10 -7.49188e-11 3.08229e-10 -0.00934937 2.26494e-13 -0.00934937 2.20307e-13
7.87 -9.44262e-11 -3.08624e-10 7.50136e-11 -3.08621e-10 -0.00885146 -2.17697e-13 -0.00885146 -2.28414e-13
7.88 9.45457e-11 3.09016e-10 -7.51096e-11 3.09014e-10 -0.00831861 2.27098e-13 -0.00831861 2.19814e-13
7.89 -9.46663e-11 -3.09409e-10 7.52044e-11 -3.09406e-10 -0.00775294 -2.17974e-13 -0.00775294 -2.29716e-13
7.9 9.47859e-11 3.09801e-10 -7.53003e-11 3.09799e-10 -0.00715667 2.27964e-13 -0.00715667 2.19729e-13
7.91 -9.49063e-11 -3.10193e-10 7.53953e-11 -3.10191e-10 -0.00653216 -2.17399e-13 -0.00653216 -2.30014e-13
7.92 9.5026e-11 3.10585e-10 -7.5491e-11 3.10584e-10 -0.00588187 2.28502e-13 -0.00588187 2.19478e-13
7.93 -9.51464e-11 -3.10978e-10 7.55861e-11 -3.10976e-10 -0.00520836 -2.17872e-13 -0.00520836 -2.31191e-13
7.94 9.52661e-11 3.1137e-10 -7.56818e-11 3.11368e-10 -0.0045143 2.29466e-13 -0.0045143 2.19825e-13
7.95 -9.53865e-11 -3.11763e-10 7.57769e-11 -3.11761e-10 -0.00380242 -2.17003e-13 -0.00380242 -2.30848e-13
7.96 9.55063e-11 3.12155e-10 -7.58725e-11 3.12153e-10 -0.00307554 2.2827e-13 -0.00307554 2.18196e-13
7.97 -9.56265e-11 -3.12548e-10 7.59677e-11 -3.12546e-10 -0.00233652 -2.16183e-13 -0.00233652 -2.30366e-13
7.98 9.57464e-11 3.1294e-10 -7.60632e-11 3.12938e-10 -0.00158827 2.2889e-13 -0.00158827 2.18574e-13
7.99 -9.58666e-11 -3.13332e-10 7.61585e-11 -3.1333e-10 -0.000833764 -2.1682e-13 -0.000833764 -2.31149e-13
8 9.59866e-11 3.13725e-10 -7.62539e-11 3.13723e-10 -7.59633e-05 2.28802e-13 -7.59633e-05 2.18437e-13
8.01 -9.61066e-11 -3.14117e-10 7.63493e-11 -3.14115e-10 0.000682137 -2.15747e-13 0.000682137 -2.30027e-13
8.02 9.62267e-11 3.1451e-10 -7.64447e-11 3.14508e-10 0.00143755 2.278e-13 0.00143755 2.17581e-13
8.03 -9.63467e-11 -3.14902e-10 7.65402e-11 -3.149e-10 0.00218728 -2.16397e-13 0.00218728 -2.30435e-13
8.04 9.64669e-11 3.15294e-10 -7.66354e-11 3.15292e-10 0.00292838 2.29052e-13 0.00292838 2.19171e-13
8.05 -9.65867e-11 -3.15687e-10 7.6731e-11 -3.15685e-10 0.00365793 -2.1724e-13 0.00365793 -2.30844e-13
8.06 9.6707e-11 3.16079e-10 -7.68261e-11 3.16077e-10 0.00437304 2.28667e-13 0.00437304 2.19312e-13
8.07 -9.68268e-11 -3.16472e-10 7.69218e-11 -3.1647e-10 0.00507089 -2.17346e-13 0.00507089 -2.30334e-13
8.08 9.69472e-11 3.16864e-10 -7.70168e-11 3.16862e-10 0.00574873 2.27561e-13 0.00574873 2.18911e-13
8.09 -9.70668e-11 -3.17256e-10 7.71126e-11 -3.17255e-10 0.00640388 -2.16961e-13 0.00640388 -2.29159e-13
8.1 9.71873e-11 3.17649e-10 -7.72076e-11 3.17647e-10 0.00703376 2.26914e-13 0.00703376 2.19136e-13
8.11 -9.73069e-11 -3.18041e-10 7.73034e-11 -3.18039e-10 0.00763588 -2.16837e-13 0.00763588 -2.28085e-13
8.12 9.74274e-11 3.18434e-10 -7.73983e-11 3.18431e-10 0.00820786 2.25809e-13 0.00820786 2.19057e-13
8.13 -9.75469e-11 -3.18826e-10 7.74942e-11 -3.18824e-10 0.00874746 -2.18547e-13 0.00874746 -2.28698e-13
8.14 9.76676e-11 3.19219e-10 -7.7589e-11 3.19216e-10 0.00925252 2.27519e-13 0.00925252 2.2193e-13
8.15 -9.7787e-11 -3.19611e-10 7.7685e-11 -3.19609e-10 0.00972108 -2.20257e-13 0.00972108 -2.29182e-13
8.16 9.79077e-11 3.20003e-10 -7.77798e-11 3.20001e-10 0.0101513 2.25759e-13 0.0101513 2.21453e-13
8.17 -9.80271e-11 -3.20395e-10 7.78758e-11 -3.20394e-10 0.0105414 -2.17842e-13 0.0105414 -2.25432e-13
8.18 9.81478e-11 3.20788e-10 -7.79705e-11 3.20786e-10 0.0108899 2.22101e-13 0.0108899 2.19177e-13
8.19 -9.82672e-11 -3.2118e-10 7.80666e-11 -3.21179e-10 0.0111955 -2.18505e-13 0.0111955 -2.24671e-13
8.2 9.83879e-11 3.21573e-10 -7.81613e-11 3.21571e-10 0.0114568 2.2368e-13 0.0114568 2.22216e-13
8.21 -9.85072e-11 -3.21965e-10 7.82574e-11 -3.21963e-10 0.011673 -2.21393e-13 0.011673 -2.26069e-13
8.22 9.8628e-11 3.22358e-10 -7.8352e-11 3.22355e-10 0.0118431 2.23295e-13 0.0118431 2.23344e-13
8.23 -9.87473e-11 -3.2275e-10 7.84482e-11 -3.22748e-10 0.0119664 -2.20353e-13 0.0119664 -2.23497e-13
8.24 9.88682e-11 3.23143e-10 -7.85428e-11 3.2314e-10 0.0120425 2.20815e-13 0.0120425 2.22409e-13
8.25 -9.89874e-11 -3.23535e-10 7.8639e-11 -3.23533e-10 0.0120711 -2.22455e-13 0.0120711 -2.24049e-13
8.26 9.91083e-11 3.23927e-10 -7.87336e-11 3.23925e-10 0.0120521 2.23441e-13 0.0120521 2.26586e-13
8.27 -9.92275e-11 -3.24319e-10 7.88297e-11 -3.24318e-10 0.0119854 -2.25081e-13 0.0119854 -2.25131e-13
8.28 9.93483e-11 3.24712e-10 -7.89244e-11 3.2471e-10 0.0118715 2.21485e-13 0.0118715 2.26162e-13
8.29 -9.94676e-11 -3.25104e-10 7.90205e-11 -3.25103e-10 0.0117108 -2.22994e-13 0.0117108 -2.2153e-13
8.3 9.95884e-11 3.25497e-10 -7.91151e-11 3.25495e-10 0.0115038 2.18481e-13 0.0115038 2.24648e-13
8.31 -9.97078e-11 -3.25889e-10 7.92113e-11 -3.25887e-10 0.0112514 -2.23919e-13 0.0112514 -2.20994e-13
8.32 9.98285e-11 3.26282e-10 -7.93059e-11 3.26279e-10 0.0109546 2.20191e-13 0.0109546 2.27781e-13
8.33 -9.99479e-11 -3.26674e-10 7.9402e-11 -3.26672e-10 0.0106146 -2.2733e-13 0.0106146 -2.23024e-13
8.34 1.00069e-10 3.27067e-10 -7.94967e-11 3.27064e-10 0.0102327 2.21377e-13 0.0102327 2.30303e-13
8.35 -1.00188e-10 -3.27459e-10 7.95928e-11 -3.27457e-10 0.00981038 -2.29367e-13 0.00981038 -2.23778e-13
8.36 1.00309e-10 3.27851e-10 -7.96875e-11 3.27849e-10 0.00934937 2.21647e-13 0.00934937 2.31798e-13
8.37 -1.00428e-10 -3.28243e-10 7.97835e-11 -3.28242e-10 0.00885146 -2.28262e-13 0.00885146 -2.21509e-13
8.38 1.00549e-10 3.28636e-10 -7.98783e-11 3.28634e-10 0.00831861 2.16876e-13 0.00831861 2.28124e-13
8.39 -1.00668e-10 -3.29028e-10 7.99742e-11 -3.29027e-10 0.00775294 -2.25193e-13 0.00775294 -2.17414e-13
8.4 1.00789e-10 3.29421e-10 -8.00691e-11 3.29419e-10 0.00715667 2.15247e-13 0.00715667 2.27446e-13
8.41 -1.00908e-10 -3.29813e-10 8.0165e-11 -3.29811e-10 0.00653216 -2.26772e-13 0.00653216 -2.18121e-13
8.42 1.01029e-10 3.30206e-10 -8.026e-11 3.30204e-10 0.00588187 2.17677e-13 0.00588187 2.30665e-13
8.43 -1.01149e-10 -3.30598e-10 8.03557e-11 -3.30596e-10 0.00520836 -2.3038e-13 0.00520836 -2.21025e-13
8.44 1.01269e-10 3.3099e-10 -8.04508e-11 3.30988e-10 0.0045143 2.19354e-13 0.0045143 2.32958e-13
8.45 -1.01389e-10 -3.31383e-10 8.05464e-11 -3.31381e-10 0.00380242 -2.29962e-13 0.00380242 -2.20081e-13
8.46 1.01509e-10 3.31775e-10 -8.06416e-11 3.31773e-10 0.00307554 2.16285e-13 0.00307554 2.30322e-13
8.47 -1.01629e-10 -3.32168e-10 8.07371e-11 -3.32166e-10 0.00233652 -2.27319e-13 0.00233652 -2.171e-13
8.48 1.01749e-10 3.3256e-10 -8.08324e-11 3.32558e-10 0.00158827 2.15343e-13 0.00158827 2.29623e-13
8.49 -1.01869e-10 -3.32952e-10 8.09279e-11 -3.3295e-10 0.000833764 -2.28897e-13 0.000833764 -2.18532e-13
8.5 1.01989e-10 3.33345e-10 -8.10232e-11 3.33343e-10 7.59633e-05 2.17348e-13 7.59633e-05 2.31677e-13
8.51 -1.02109e-10 -3.33737e-10 8.11186e-11 -3.33735e-10 -0.000682137 -2.29707e-13 -0.000682137 -2.19391e-13
8.52 1.02229e-10 3.3413e-10 -8.12141e-11 3.34128e-10 -0.00143755 2.16898e-13 -0.00143755 2.31081e-13
8.53 -1.02349e-10 -3.34522e-10 8.13093e-11 -3.3452e-10 -0.00218728 -2.2802e-13 -0.00218728 -2.17946e-13
8.54 1.02469e-10 3.34914e-10 -8.14049e-11 3.34912e-10 -0.00292838 2.15395e-13 -0.00292838 2.2924e-13
8.55 -1.02589e-10 -3.35307e-10 8.15e-11 -3.35305e-10 -0.00365793 -2.27286e-13 -0.00365793 -2.17645e-13
8.56 1.02709e-10 3.35699e-10 -8.15957e-11 3.35697e-10 -0.00437304 2.16527e-13 -0.00437304 2.29846e-13
8.57 -1.0283e-10 -3.36092e-10 8.16908e-11 -3.3609e-10 -0.00507089 -2.28909e-13 -0.00507089 -2.19884e-13
8.58 1.02949e-10 3.36484e-10 -8.17865e-11 3.36482e-10 -0.00574873 2.19197e-13 -0.00574873 2.31811e-13
8.59 -1.0307e-10 -3.36876e-10 8.18815e-11 -3.36874e-10 -0.00640388 -2.29844e-13 -0.00640388 -2.21609e-13
8.6 1.03189e-10 3.37269e-10 -8.19773e-11 3.37267e-10 -0.00703376 2.1915e-13 -0.00703376 2.30893e-13
8.61 -1.0331e-10 -3.37661e-10 8.20722e-11 -3.37659e-10 -0.00763588 -2.27572e-13 -0.00763588 -2.20288e-13
8.62 1.03429e-10 3.38053e-10 -8.21681e-11 3.38052e-10 -0.00820786 2.18056e-13 -0.00820786 2.28773e-13
8.63 -1.0355e-10 -3.38446e-10 8.2263e-11 -3.38444e-10 -0.00874746 -2.27198e-13 -0.00874746 -2.21011e-13
8.64 1.03669e-10 3.38838e-10 -8.23589e-11 3.38837e-10 -0.00925252 2.20497e-13 -0.00925252 2.3005e-13
8.65 -1.0379e-10 -3.39231e-10 8.24537e-11 -3.39229e-10 -0.00972108 -2.28198e-13 -0.00972108 -2.23237e-13
8.66 1.0391e-10 3.39623e-10 -8.25497e-11 3.39621e-10 -0.0101513 2.21367e-13 -0.0101513 2.29637e-13
8.67 -1.0403e-10 -3.40016e-10 8.26445e-11 -3.40013e-10 -0.0105414 -2.26646e-13 -0.0105414 -2.2302e-13
8.68 1.0415e-10 3.40408e-10 -8.27405e-11 3.40406e-10 -0.0108899 2.20273e-13 -0.0108899 2.27161e-13
8.69 -1.0427e-10 -3.40801e-10 8.28352e-11 -3.40798e-10 -0.0111955 -2.2385e-13 -0.0111955 -2.21648e-13
8.7 1.0439e-10 3.41193e-10 -8.29313e-11 3.41191e-10 -0.0114568 2.19572e-13 -0.0114568 2.25e-13
8.71 -1.0451e-10 -3.41585e-10 8.3026e-11 -3.41583e-10 -0.011673 -2.22494e-13 -0.011673 -2.21782e-13
8.72 1.0463e-10 3.41977e-10 -8.31221e-11 3.41976e-10 -0.0118431 2.20704e-13 -0.0118431 2.24618e-13
8.73 -1.04751e-10 -3.4237e-10 8.32167e-11 -3.42368e-10 -0.0119664 -2.23233e-13 -0.0119664 -2.24053e-13
8.74 1.0487e-10 3.42762e-10 -8.33129e-11 3.42761e-10 -0.0120425 2.23014e-13 -0.0120425 2.25383e-13
8.75 -1.04991e-10 -3.43155e-10 8.34075e-11 -3.43153e-10 -0.0120711 -2.23579e-13 -0.0120711 -2.2595e-13
8.76 1.0511e-10 3.43547e-10 -8.35037e-11 3.43545e-10 -0.0120521 2.248e-13 -0.0120521 2.25619e-13
8.77 -1.05231e-10 -3.4394e-10 8.35983e-11 -3.43937e-10 -0.0119854 -2.22616e-13 -0.0119854 -2.26531e-13
8.78 1.0535e-10 3.44332e-10 -8.36944e-11 3.4433e-10 -0.0118715 2.23706e-13 -0.0118715 2.22993e-13
8.79 -1.05471e-10 -3.44725e-10 8.37891e-11 -3.44722e-10 -0.0117108 -2.19951e-13 -0.0117108 -2.2538e-13
8.8 1.0559e-10 3.45117e-10 -8.38852e-11 3.45115e-10 -0.0115038 2.23528e-13 -0.0115038 2.21326e-13
8.81 -1.05711e-10 -3.45509e-10 8.39798e-11 -3.45507e-10 -0.0112514 -2.18726e-13 -0.0112514 -2.25614e-13
8.82 1.0583e-10 3.45901e-10 -8.40759e-11 3.459e-10 -0.0109546 2.24267e-13 -0.0109546 2.20641e-13
8.83 -1.05951e-10 -3.46294e-10 8.41706e-11 -3.46292e-10 -0.0106146 -2.19073e-13 -0.0106146 -2.27343e-13
8.84 1.0607e-10 3.46686e-10 -8.42667e-11 3.46685e-10 -0.0102327 2.26708e-13 -0.0102327 2.21747e-13
8.85 -1.06191e-10 -3.47079e-10 8.43614e-11 -3.47077e-10 -0.00981038 -2.20335e-13 -0.00981038 -2.29888e-13
8.86 1.06311e-10 3.47471e-10 -8.44574e-11 3.47469e-10 -0.00934937 2.2856e-13 -0.00934937 2.22373e-13
8.87 -1.06431e-10 -3.47864e-10 8.45522e-11 -3.47861e-10 -0.00885146 -2.19503e-13 -0.00885146 -2.3022e-13
8.88 1.06551e-10 3.48256e-10 -8.46482e-11 3.48254e-10 -0.00831861 2.26811e-13 -0.00831861 2.19527e-13
8.89 -1.06671e-10 -3.48649e-10 8.4743e-11 -3.48646e-10 -0.00775294 -2.15921e-13 -0.00775294 -2.27664e-13
8.9 1.06791e-10 3.49041e-10 -8.48389e-11 3.49039e-10 -0.00715667 2.25914e-13 -0.00715667 2.17679e-13
8.91 -1.06911e-10 -3.49433e-10 8.49338e-11 -3.49431e-10 -0.00653216 -2.16529e-13 -0.00653216 -2.29144e-13
8.92 1.07031e-10 3.49825e-10 -8.50296e-11 3.49824e-10 -0.00588187 2.28616e-13 -0.00588187 2.19592e-13
8.93 -1.07151e-10 -3.50218e-10 8.51247e-11 -3.50216e-10 -0.00520836 -2.18119e-13 -0.00520836 -2.31438e-13
8.94 1.07271e-10 3.5061e-10 -8.52204e-11 3.50608e-10 -0.0045143 2.29126e-13 -0.0045143 2.19485e-13
8.95 -1.07391e-10 -3.51003e-10 8.53155e-11 -3.51001e-10 -0.00380242 -2.16469e-13 -0.00380242 -2.30313e-13
8.96 1.07511e-10 3.51395e-10 -8.54111e-11 3.51393e-10 -0.00307554 2.27705e-13 -0.00307554 2.17631e-13
8.97 -1.07631e-10 -3.51788e-10 8.55063e-11 -3.51786e-10 -0.00233652 -2.15277e-13 -0.00233652 -2.2946e-13
8.98 1.07751e-10 3.5218e-10 -8.56018e-11 3.52178e-10 -0.00158827 2.27757e-13 -0.00158827 2.1744e-13
8.99 -1.07871e-10 -3.52572e-10 8.56971e-11 -3.5257e-10 -0.000833764 -2.15991e-13 -0.000833764 -2.3032e-13
9 1.07992e-10 3.52965e-10 -8.57925e-11 3.52963e-10 -7.59633e-05 2.28998e-13 -7.59633e-05 2.18634e-13
9.01 -1.08112e-10 -3.53357e-10 8.58879e-11 -3.53355e-10 0.000682137 -2.17404e-13 0.000682137 -2.31684e-13
9.02 1.08232e-10 3.5375e-10 -8.59833e-11 3.53748e-10 0.00143755 2.29867e-13 0.00143755 2.19648e-13
9.03 -1.08352e-10 -3.54142e-10 8.60788e-11 -3.5414e-10 0.00218728 -2.17152e-13 0.00218728 -2.3119e-13
9.04 1.08472e-10 3.54534e-10 -8.6174e-11 3.54532e-10 0.00292838 2.2838e-13 0.00292838 2.18499e-13
9.05 -1.08592e-10 -3.54927e-10 8.62696e-11 -3.54925e-10 0.00365793 -2.16303e-13 0.00365793 -2.29907e-13
9.06 1.08712e-10 3.55319e-10 -8.63647e-11 3.55317e-10 0.00437304 2.27792e-13 0.00437304 2.18437e-13
9.07 -1.08832e-10 -3.55712e-10 8.64604e-11 -3.5571e-10 0.00507089 -2.17057e-13 0.00507089 -2.30046e-13
9.08 1.08952e-10 3.56104e-10 -8.65554e-11 3.56102e-10 0.00574873 2.28906e-13 0.00574873 2.20256e-13
9.09 -1.09072e-10 -3.56496e-10 8.66512e-11 -3.56495e-10 0.00640388 -2.19219e-13 0.00640388 -2.31418e-13
9.1 1.09192e-10 3.56889e-10 -8.67462e-11 3.56887e-10 0.00703376 2.29039e-13 0.00703376 2.2126e-13
9.11 -1.09312e-10 -3.57281e-10 8.6842e-11 -3.57279e-10 0.00763588 -2.18631e-13 0.00763588 -2.29879e-13
9.12 1.09432e-10 3.57674e-10 -8.69369e-11 3.57671e-10 0.00820786 2.26553e-13 0.00820786 2.198e-13
9.13 -1.09552e-10 -3.58066e-10 8.70328e-11 -3.58064e-10 0.00874746 -2.17913e-13 0.00874746 -2.28064e-13
9.14 1.09673e-10 3.58459e-10 -8.71276e-11 3.58456e-10 0.00925252 2.26227e-13 0.00925252 2.20638e-13
9.15 -1.09792e-10 -3.58851e-10 8.72236e-11 -3.58849e-10 0.00972108 -2.19944e-13 0.00972108 -2.28869e-13
9.16 1.09913e-10 3.59243e-10 -8.73184e-11 3.59241e-10 0.0101513 2.28062e-13 0.0101513 2.23756e-13
9.17 -1.10032e-10 -3.59635e-10 8.74144e-11 -3.59634e-10 0.0105414 -2.22302e-13 0.0105414 -2.29892e-13
9.18 1.10153e-10 3.60028e-10 -8.75091e-11 3.60026e-10 0.0108899 2.25838e-13 0.0108899 2.22914e-13
9.19 -1.10272e-10 -3.6042e-10 8.76052e-11 -3.60419e-10 0.0111955 -2.19423e-13 0.0111955 -2.25589e-13
9.2 1.10393e-10 3.60813e-10 -8.76999e-11 3.60811e-10 0.0114568 2.22304e-13 0.0114568 2.2084e-13
9.21 -1.10512e-10 -3.61205e-10 8.7796e-11 -3.61203e-10 0.011673 -2.19163e-13 0.011673 -2.23839e-13
9.22 1.10633e-10 3.61598e-10 -8.78906e-11 3.61595e-10 0.0118431 2.22437e-13 0.0118431 2.22486e-13
9.23 -1.10752e-10 -3.6199e-10 8.79868e-11 -3.61988e-10 0.0119664 -2.22568e-13 0.0119664 -2.25713e-13
9.24 1.10873e-10 3.62383e-10 -8.80814e-11 3.6238e-10 0.0120425 2.25057e-13 0.0120425 2.26651e-13
9.25 -1.10992e-10 -3.62775e-10 8.81776e-11 -3.62773e-10 0.0120711 -2.25843e-13 0.0120711 -2.27437e-13
9.26 1.11113e-10 3.63167e-10 -8.82722e-11 3.63165e-10 0.0120521 2.24142e-13 0.0120521 2.27286e-13
9.27 -1.11232e-10 -3.63559e-10 8.83683e-11 -3.63558e-10 0.0119854 -2.23226e-13 0.0119854 -2.23275e-13
9.28 1.11353e-10 3.63952e-10 -8.8463e-11 3.6395e-10 0.0118715 2.18514e-13 0.0118715 2.2319e-13
9.29 -1.11473e-10 -3.64344e-10 8.85591e-11 -3.64343e-10 0.0117108 -2.21002e-13 0.0117108 -2.19537e-13
9.3 1.11593e-10 3.64737e-10 -8.86537e-11 3.64735e-10 0.0115038 2.18777e-13 0.0115038 2.24944e-13
9.31 -1.11713e-10 -3.65129e-10 8.87499e-11 -3.65127e-10 0.0112514 -2.26109e-13 0.0112514 -2.23185e-13
9.32 1.11833e-10 3.65522e-10 -8.88445e-11 3.65519e-10 0.0109546 2.22968e-13 0.0109546 2.30558e-13
9.33 -1.11953e-10 -3.65914e-10 8.89406e-11 -3.65912e-10 0.0106146 -2.28991e-13 0.0106146 -2.24685e-13
9.34 1.12074e-10 3.66307e-10 -8.90353e-11 3.66304e-10 0.0102327 2.20482e-13 0.0102327 2.29408e-13
9.35 -1.12193e-10 -3.66699e-10 8.91314e-11 -3.66697e-10 0.00981038 -2.25523e-13 0.00981038 -2.19934e-13
9.36 1.12314e-10 3.67091e-10 -8.92261e-11 3.67089e-10 0.00934937 2.16294e-13 0.00934937 2.26445e-13
9.37 -1.12433e-10 -3.67483e-10 8.93221e-11 -3.67482e-10 0.00885146 -2.24412e-13 0.00885146 -2.17659e-13
9.38 1.12554e-10 3.67876e-10 -8.94169e-11 3.67874e-10 0.00831861 2.16688e-13 0.00831861 2.27937e-13
9.39 -1.12673e-10 -3.68268e-10 8.95128e-11 -3.68267e-10 0.00775294 -2.2808e-13 0.00775294 -2.203e-13
9.4 1.12794e-10 3.68661e-10 -8.96077e-11 3.68659e-10 0.00715667 2.18588e-13 0.00715667 2.30787e-13
9.41 -1.12913e-10 -3.69053e-10 8.97036e-11 -3.69051e-10 0.00653216 -2.28277e-13 0.00653216 -2.19626e-13
9.42 1.13034e-10 3.69446e-10 -8.97986e-11 3.69444e-10 0.00588187 2.16692e-13 0.00588187 2.2968e-13
9.43 -1.13153e-10 -3.69838e-10 8.98943e-11 -3.69836e-10 0.00520836 -2.27559e-13 0.00520836 -2.18204e-13
9.44 1.13274e-10 3.7023e-10 -8.99894e-11 3.70228e-10 0.0045143 2.16333e-13 0.0045143 2.29938e-13
9.45 -1.13394e-10 -3.70623e-10 9.0085e-11 -3.70621e-10 0.00380242 -2.28673e-13 0.00380242 -2.18793e-13
9.46 1.13514e-10 3.71015e-10 -9.01802e-11 3.71013e-10 0.00307554 2.17186e-13 0.00307554 2.31223e-13
9.47 -1.13634e-10 -3.71408e-10 9.02757e-11 -3.71406e-10 0.00233652 -2.29248e-13 0.00233652 -2.19029e-13
9.48 1.13754e-10 3.718e-10 -9.0371e-11 3.71798e-10 0.00158827 2.16434e-13 0.00158827 2.30714e-13
9.49 -1.13874e-10 -3.72192e-10 9.04665e-11 -3.7219e-10 0.000833764 -2.28267e-13 0.000833764 -2.17902e-13
9.5 1.13994e-10 3.72585e-10 -9.05618e-11 3.72583e-10 7.59633e-05 2.15876e-13 7.59633e-05 2.30204e-13
9.51 -1.14114e-10 -3.72977e-10 9.06572e-11 -3.72975e-10 -0.000682137 -2.28629e-13 -0.000682137 -2.18312e-13
9.52 1.14234e-10 3.7337e-10 -9.07527e-11 3.73368e-10 -0.00143755 2.16804e-13 -0.00143755 2.30986e-13
9.53 -1.14354e-10 -3.73762e-10 9.08479e-11 -3.7376e-10 -0.00218728 -2.2875e-13 -0.00218728 -2.18676e-13
9.54 1.14474e-10 3.74154e-10 -9.09435e-11 3.74152e-10 -0.00292838 2.16295e-13 -0.00292838 2.30139e-13
9.55 -1.14594e-10 -3.74547e-10 9.10386e-11 -3.74545e-10 -0.00365793 -2.27782e-13 -0.00365793 -2.18142e-13
9.56 1.14714e-10 3.74939e-10 -9.11343e-11 3.74937e-10 -0.00437304 2.16195e-13 -0.00437304 2.29514e-13
9.57 -1.14834e-10 -3.75332e-10 9.12294e-11 -3.7533e-10 -0.00507089 -2.27486e-13 -0.00507089 -2.18462e-13
9.58 1.14954e-10 3.75724e-10 -9.13251e-11 3.75722e-10 -0.00574873 2.16848e-13 -0.00574873 2.29462e-13
9.59 -1.15075e-10 -3.76116e-10 9.14201e-11 -3.76114e-10 -0.00640388 -2.27288e-13 -0.00640388 -2.19053e-13
9.6 1.15194e-10 3.76509e-10 -9.15159e-11 3.76507e-10 -0.00703376 2.17305e-13 -0.00703376 2.29047e-13
9.61 -1.15315e-10 -3.76901e-10 9.16108e-11 -3.76899e-10 -0.00763588 -2.27352e-13 -0.00763588 -2.20068e-13
9.62 1.15434e-10 3.77293e-10 -9.17067e-11 3.77292e-10 -0.00820786 2.19267e-13 -0.00820786 2.29983e-13
9.63 -1.15555e-10 -3.77686e-10 9.18016e-11 -3.77684e-10 -0.00874746 -2.27809e-13 -0.00874746 -2.21622e-13
9.64 1.15674e-10 3.78078e-10 -9.18975e-11 3.78077e-10 -0.00925252 2.18807e-13 -0.00925252 2.2836e-13
9.65 -1.15795e-10 -3.78471e-10 9.19923e-11 -3.78469e-10 -0.00972108 -2.24992e-13 -0.00972108 -2.20031e-13
9.66 1.15914e-10 3.78863e-10 -9.20883e-11 3.78861e-10 -0.0101513 2.18871e-13 -0.0101513 2.27141e-13
9.67 -1.16035e-10 -3.79256e-10 9.21831e-11 -3.79253e-10 -0.0105414 -2.26431e-13 -0.0105414 -2.22805e-13
9.68 1.16155e-10 3.79648e-10 -9.22791e-11 3.79646e-10 -0.0108899 2.21815e-13 -0.0108899 2.28703e-13
9.69 -1.16275e-10 -3.80041e-10 9.23738e-11 -3.80038e-10 -0.0111955 -2.25447e-13 -0.0111955 -2.23245e-13
9.7 1.16395e-10 3.80433e-10 -9.24699e-11 3.80431e-10 -0.0114568 2.20439e-13 -0.0114568 2.25867e-13
9.71 -1.16515e-10 -3.80825e-10 9.25646e-11 -3.80823e-10 -0.011673 -2.22762e-13 -0.011673 -2.22049e-13
9.72 1.16635e-10 3.81217e-10 -9.26607e-11 3.81216e-10 -0.0118431 2.20633e-13 -0.0118431 2.24548e-13
9.73 -1.16755e-10 -3.8161e-10 9.27553e-11 -3.81608e-10 -0.0119664 -2.22564e-13 -0.0119664 -2.23383e-13
9.74 1.16875e-10 3.82002e-10 -9.28515e-11 3.82001e-10 -0.0120425 2.2109e-13 -0.0120425 2.2346e-13
9.75 -1.16996e-10 -3.82395e-10 9.29461e-11 -3.82393e-10 -0.0120711 -2.2014e-13 -0.0120711 -2.2251e-13
9.76 1.17115e-10 3.82787e-10 -9.30423e-11 3.82785e-10 -0.0120521 2.21023e-13 -0.0120521 2.21842e-13
9.77 -1.17236e-10 -3.8318e-10 9.31369e-11 -3.83177e-10 -0.0119854 -2.20728e-13 -0.0119854 -2.24642e-13
9.78 1.17355e-10 3.83572e-10 -9.3233e-11 3.8357e-10 -0.0118715 2.24491e-13 -0.0118715 2.23778e-13
9.79 -1.17476e-10 -3.83965e-10 9.33276e-11 -3.83962e-10 -0.0117108 -2.22232e-13 -0.0117108 -2.2766e-13
9.8 1.17595e-10 3.84357e-10 -9.34238e-11 3.84355e-10 -0.0115038 2.26126e-13 -0.0115038 2.23923e-13
9.81 -1.17716e-10 -3.84749e-10 9.35184e-11 -3.84747e-10 -0.0112514 -2.21117e-13 -0.0112514 -2.28005e-13
9.82 1.17835e-10 3.85141e-10 -9.36145e-11 3.8514e-10 -0.0109546 2.25797e-13 -0.0109546 2.2217e-13
9.83 -1.17956e-10 -3.85534e-10 9.37092e-11 -3.85532e-10 -0.0106146 -2.19479e-13 -0.0106146 -2.27749e-13
9.84 1.18075e-10 3.85926e-10 -9.38053e-11 3.85925e-10 -0.0102327 2.26384e-13 -0.0102327 2.21423e-13
9.85 -1.18196e-10 -3.86319e-10 9.39e-11 -3.86317e-10 -0.00981038 -2.19346e-13 -0.00981038 -2.289e-13
9.86 1.18315e-10 3.86711e-10 -9.3996e-11 3.86709e-10 -0.00934937 2.26579e-13 -0.00934937 2.20392e-13
9.87 -1.18436e-10 -3.87104e-10 9.40908e-11 -3.87101e-10 -0.00885146 -2.17054e-13 -0.00885146 -2.27771e-13
9.88 1.18556e-10 3.87496e-10 -9.41868e-11 3.87494e-10 -0.00831861 2.25661e-13 -0.00831861 2.18377e-13
9.89 -1.18676e-10 -3.87889e-10 9.42816e-11 -3.87886e-10 -0.00775294 -2.16856e-13 -0.00775294 -2.28598e-13
9.9 1.18796e-10 3.88281e-10 -9.43775e-11 3.88279e-10 -0.00715667 2.27361e-13 -0.00715667 2.19126e-13
9.91 -1.18916e-10 -3.88673e-10 9.44724e-11 -3.88671e-10 -0.00653216 -2.16854e-13 -0.00653216 -2.29469e-13
9.92 1.19036e-10 3.89065e-10 -9.45682e-11 3.89064e-10 -0.00588187 2.27818e-13 -0.00588187 2.18793e-13
9.93 -1.19156e-10 -3.89458e-10 9.46633e-11 -3.89456e-10 -0.00520836 -2.16787e-13 -0.00520836 -2.30106e-13
9.94 1.19276e-10 3.8985e-10 -9.4759e-11 3.89848e-10 -0.0045143 2.28013e-13 -0.0045143 2.18372e-13
9.95 -1.19396e-10 -3.90243e-10 9.48541e-11 -3.90241e-10 -0.00380242 -2.16065e-13 -0.00380242 -2.2991e-13
9.96 1.19516e-10 3.90635e-10 -9.49497e-11 3.90633e-10 -0.00307554 2.27749e-13 -0.00307554 2.17676e-13
9.97 -1.19636e-10 -3.91028e-10 9.50449e-11 -3.91026e-10 -0.00233652 -2.15409e-13 -0.00233652 -2.29592e-13
9.98 1.19756e-10 3.9142e-10 -9.51404e-11 3.91418e-10 -0.00158827 2.27879e-13 -0.00158827 2.17562e-13
9.99 -1.19876e-10 -3.91812e-10 9.52357e-11 -3.9181e-10 -0.000833764 -2.16127e-13 -0.000833764 -2.30456e-13
10 1.19996e-10 3.92205e-10 -9.53311e-11 3.92203e-10 -7.59633e-05 2.2899e-13 -7.59633e-05 2.18625e-13
10.01 -1.20098e-10 -3.92591e-10 9.54449e-11 -3.92601e-10 0.314269 -2.2883e-13 0.314269 -2.1891e-13
10.02 1.20211e-10 3.92989e-10 -9.55474e-11 3.92988e-10 0.0629174 2.18353e-13 0.0629174 2.29005e-13
10.03 -1.20323e-10 -3.93385e-10 9.56511e-11 -3.93377e-10 -0.25026 -2.20354e-13 -0.25026 -2.2652e-13
10.04 1.20425e-10 3.93772e-10 -9.5764e-11 3.93774e-10 -0.102674 2.28389e-13 -0.102674 2.18247e-13
10.05 -1.20531e-10 -3.94162e-10 9.5874e-11 -3.94169e-10 0.188774 -2.25029e-13 0.188774 -2.21901e-13
10.06 1.20643e-10 3.9456e-10 -9.59769e-11 3.94557e-10 0.123627 2.19087e-13 0.123627 2.28196e-13
10.07 -1.20752e-10 -3.94953e-10 9.60837e-11 -3.94948e-10 -0.133158 -2.23185e-13 -0.133158 -2.2398e-13
10.08 1.20855e-10 3.95341e-10 -9.61956e-11 3.95345e-10 -0.130029 2.27278e-13 -0.130029 2.19501e-13
10.09 -1.20963e-10 -3.95734e-10 9.63033e-11 -3.95737e-10 0.0853626 -2.22757e-13 0.0853626 -2.23648e-13
10.1 1.21074e-10 3.9613e-10 -9.64075e-11 3.96126e-10 0.125824 2.20037e-13 0.125824 2.26364e-13
10.11 -1.21181e-10 -3.96521e-10 9.65159e-11 -3.96519e-10 -0.0462294 -2.24429e-13 -0.0462294 -2.22418e-13
10.12 1.21286e-10 3.96911e-10 -9.66265e-11 3.96914e-10 -0.114481 2.26194e-13 -0.114481 2.21305e-13
10.13 -1.21395e-10 -3.97304e-10 9.6733e-11 -3.97306e-10 0.0157685 -2.22816e-13 0.0157685 -2.25475e-13
10.14 1.21505e-10 3.97699e-10 -9.68386e-11 3.97696e-10 0.0989011 2.22345e-13 0.0989011 2.25902e-13
10.15 -1.21611e-10 -3.9809e-10 9.69477e-11 -3.9809e-10 0.00659205 -2.25075e-13 0.00659205 -2.2214e-13
10.16 1.21718e-10 3.98481e-10 -9.70569e-11 3.98484e-10 -0.0813989 2.24339e-13 -0.0813989 2.21952e-13
10.17 -1.21827e-10 -3.98875e-10 9.71632e-11 -3.98874e-10 -0.0217931 -2.21583e-13 -0.0217931 -2.24515e-13
10.18 1.21935e-10 3.99268e-10 -9.727e-11 3.99266e-10 0.0637204 2.22705e-13 0.0637204 2.24116e-13
10.19 -1.22042e-10 -3.99659e-10 9.73791e-11 -3.9966e-10 0.0309711 -2.25134e-13 0.0309711 -2.22399e-13
10.2 1.22149e-10 4.00051e-10 -9.74873e-11 4.00053e-10 -0.0470992 2.23925e-13 -0.0470992 2.23292e-13
10.21 -1.22258e-10 -4.00445e-10 9.75937e-11 -4.00444e-10 -0.0353229 -2.21654e-13 -0.0353229 -2.24774e-13
10.22 1.22366e-10 4.00837e-10 -9.77013e-11 4.00836e-10 0.0323275 2.21925e-13 0.0323275 2.24091e-13
10.23 -1.22472e-10 -4.01228e-10 9.78101e-11 -4.01229e-10 0.0360083 -2.22375e-13 0.0360083 -2.23879e-13
10.24 1.2258e-10 4.01621e-10 -9.79178e-11 4.01622e-10 -0.0198359 2.21066e-13 -0.0198359 2.26378e-13
10.25 -1.22689e-10 -4.02014e-10 9.80246e-11 -4.02013e-10 -0.0340832 -2.20407e-13 -0.0340832 -2.28388e-13
10.26 1.22796e-10 4.02406e-10 -9.81325e-11 4.02406e-10 0.00977337 2.20801e-13 0.00977337 2.2794e-13
10.27 -1.22903e-10 -4.02798e-10 9.8241e-11 -4.02799e-10 0.0304606 -2.19779e-13 0.0304606 -2.27731e-13
10.28 1.23011e-10 4.03191e-10 -9.83483e-11 4.03191e-10 -0.00208197 2.17454e-13 -0.00208197 2.28825e-13
10.29 -1.2312e-10 -4.03584e-10 9.84555e-11 -4.03583e-10 -0.0258926 -2.16544e-13 -0.0258926 -2.29428e-13
10.3 1.23227e-10 4.03976e-10 -9.85636e-11 4.03976e-10 -0.00343723 2.17088e-13 -0.00343723 2.29688e-13
10.31 -1.23334e-10 -4.04368e-10 9.86717e-11 -4.04369e-10 0.0209681 -2.16847e-13 0.0209681 -2.31116e-13
10.32 1.23442e-10 4.04761e-10 -9.8779e-11 4.04761e-10 0.0070684 2.15687e-13 0.0070684 2.32878e-13
10.33 -1.2355e-10 -4.05153e-10 9.88865e-11 -4.05153e-10 -0.0161233 -2.14816e-13 -0.0161233 -2.33216e-13
10.34 1.23658e-10 4.05545e-10 -9.89946e-11 4.05545e-10 -0.00913642 2.14051e-13 -0.00913642 2.32917e-13
10.35 -1.23765e-10 -4.05938e-10 9.91024e-11 -4.05938e-10 0.0116577 -2.12619e-13 0.0116577 -2.33432e-13
10.36 1.23873e-10 4.0633e-10 -9.92098e-11 4.0633e-10 0.0099729 2.11437e-13 0.0099729 2.34531e-13
10.37 -1.23981e-10 -4.06723e-10 9.93175e-11 -4.06722e-10 -0.00775547 -2.11568e-13 -0.00775547 -2.35726e-13
10.38 1.24089e-10 4.07115e-10 -9.94255e-11 4.07115e-10 -0.00989207 2.11978e-13 -0.00989207 2.3717e-13
10.39 -1.24196e-10 -4.07507e-10 9.95332e-11 -4.07507e-10 0.00450798 -2.11364e-13 0.00450798 -2.38546e-13
10.4 1.24304e-10 4.079e-10 -9.96407e-11 4.079e-10 0.00917496 2.09978e-13 0.00917496 2.38961e-13
10.41 -1.24412e-10 -4.08292e-10 9.97485e-11 -4.08292e-10 -0.00193532 -2.08407e-13 -0.00193532 -2.38523e-13
10.42 1.24519e-10 4.08684e-10 -9.98564e-11 4.08685e-10 -0.00806067 2.06906e-13 -0.00806067 2.38523e-13
10.43 -1.24627e-10 -4.09077e-10 9.9964e-11 -4.09077e-10 6.49647e-06 -2.05843e-13 6.49647e-06 -2.39446e-13
10.44 1.24735e-10 4.0947e-10 -1.00072e-10 4.09469e-10 0.00674295 2.05495e-13 0.00674295 2.40678e-13
10.45 -1.24843e-10 -4.09862e-10 1.00179e-10 -4.09862e-10 0.00134316 -2.05571e-13 0.00134316 -2.42011e-13
10.46 1.2495e-10 4.10254e-10 -1.00287e-10 4.10254e-10 -0.00537093 2.05271e-13 -0.00537093 2.43371e-13
10.47 -1.25058e-10 -4.10647e-10 1.00395e-10 -4.10647e-10 -0.00219755 -2.04196e-13 -0.00219755 -2.44146e-13
10.48 1.25166e-10 4.11039e-10 -1.00502e-10 4.11039e-10 0.00405254 2.0274e-13 0.00405254 2.44164e-13
10.49 -1.25274e-10 -4.11431e-10 1.0061e-10 -4.11431e-10 0.00264846 -2.01556e-13 0.00264846 -2.44372e-13
10.5 1.25381e-10 4.11824e-10 -1.00718e-10 4.11824e-10 -0.0028597 2.00868e-13 -0.0028597 2.45404e-13
10.51 -1.25489e-10 -4.12216e-10 1.00826e-10 -4.12216e-10 -0.00278702 -2.00471e-13 -0.00278702 -2.46734e-13
10.52 1.25597e-10 4.12609e-10 -1.00933e-10 4.12609e-10 0.00183435 2.00049e-13 0.00183435 2.4776e-13
10.53 -1.25704e-10 -4.13001e-10 1.01041e-10 -4.13001e-10 0.00269783 -1.99366e-13 0.00269783 -2.48577e-13
10.54 1.25812e-10 4.13393e-10 -1.01149e-10 4.13393e-10 -0.000994616 1.98295e-13 -0.000994616 2.49228e-13
10.55 -1.2592e-10 -4.13786e-10 1.01257e-10 -4.13786e-10 -0.00245529 -1.97228e-13 -0.00245529 -2.49795e-13
10.56 1.26028e-10 4.14178e-10 -1.01364e-10 4.14178e-10 0.000340803 1.96516e-13 0.000340803 2.50549e-13
10.57 -1.26135e-10 -4.14571e-10 1.01472e-10 -4.14571e-10 0.00212168 -1.95848e-13 0.00212168 -2.51455e-13
10.58 1.26243e-10 4.14963e-10 -1.0158e-10 4.14963e-10 0.0001393 1.9513e-13 0.0001393 2.52428e-13
10.59 -1.26351e-10 -4.15355e-10 1.01687e-10 -4.15355e-10 -0.00174663 -1.94321e-13 -0.00174663 -2.53199e-13
10.6 1.26459e-10 4.15748e-10 -1.01795e-10 4.15748e-10 -0.000465832 1.93547e-13 -0.000465832 2.53927e-13
10.61 -1.26566e-10 -4.1614e-10 1.01903e-10 -4.1614e-10 0.00136765 -1.92798e-13 0.00136765 -2.54789e-13
10.62 1.26674e-10 4.16533e-10 -1.02011e-10 4.16533e-10 0.000663135 1.91865e-13 0.000663135 2.55511e-13
10.63 -1.26782e-10 -4.16925e-10 1.02118e-10 -4.16925e-10 -0.00101123 -1.90994e-13 -0.00101123 -2.56194e-13
10.64 1.26889e-10 4.17317e-10 -1.02226e-10 4.17317e-10 -0.000756868 1.90226e-13 -0.000756868 2.56964e-13
10.65 -1.26997e-10 -4.1771e-10 1.02334e-10 -4.1771e-10 0.000694381 -1.89397e-13 0.000694381 -2.57762e-13
10.66 1.27105e-10 4.18102e-10 -1.02441e-10 4.18102e-10 0.000771893 1.88513e-13 0.000771893 2.58498e-13
10.67 -1.27213e-10 -4.18495e-10 1.02549e-10 -4.18495e-10 -0.000426376 -1.8778e-13 -0.000426376 -2.59314e-13
10.68 1.2732e-10 4.18887e-10 -1.02657e-10 4.18887e-10 -0.000730859 1.87151e-13 -0.000730859 2.60253e-13
10.69 -1.27428e-10 -4.19279e-10 1.02765e-10 -4.19279e-10 0.000210434 -1.86378e-13 0.000210434 -2.61104e-13
10.7 1.27536e-10 4.19672e-10 -1.02872e-10 4.19672e-10 0.00065335 1.85537e-13 0.00065335 2.61861e-13
10.71 -1.27643e-10 -4.20064e-10 1.0298e-10 -4.20064e-10 -4.53292e-05 -1.84712e-13 -4.53292e-05 -2.62591e-13
10.72 1.27751e-10 4.20457e-10 -1.03088e-10 4.20457e-10 -0.000555504 1.83872e-13 -0.000555504 2.63337e-13
10.73 -1.27859e-10 -4.20849e-10 1.03196e-10 -4.20849e-10 -7.31891e-05 -1.83036e-13 -7.31891e-05 -2.64116e-13
10.74 1.27967e-10 4.21241e-10 -1.03303e-10 4.21241e-10 0.000449966 1.82255e-13 0.000449966 2.64919e-13
10.75 -1.28074e-10 -4.21634e-10 1.03411e-10 -4.21634e-10 0.000151206 -1.81484e-13 0.000151206 -2.65714e-13
10.76 1.28182e-10 4.22026e-10 -1.03519e-10 4.22026e-10 -0.000346094 1.80635e-13 -0.000346094 2.6646e-13
10.77 -1.2829e-10 -4.22419e-10 1.03626e-10 -4.22419e-10 -0.000195682 -1.79845e-13 -0.000195682 -2.67275e-13
10.78 1.28397e-10 4.22811e-10 -1.03734e-10 4.22811e-10 0.000250324 1.79071e-13 0.000250324 2.68078e-13
10.79 -1.28505e-10 -4.23203e-10 1.03842e-10 -4.23203e-10 0.000213726 -1.78173e-13 0.000213726 -2.68756e-13
10.8 1.28613e-10 4.23596e-10 -1.0395e-10 4.23596e-10 -0.000166617 1.77343e-13 -0.000166617 2.69525e-13
10.81 -1.28721e-10 -4.23988e-10 1.04057e-10 -4.23988e-10 -0.000212076 -1.767e-13 -0.000212076 -2.70477e-13
10.82 1.28828e-10 4.24381e-10 -1.04165e-10 4.24381e-10 9.69369e-05 1.76083e-13 9.69369e-05 2.71437e-13
10.83 -1.28936e-10 -4.24773e-10 1.04273e-10 -4.24773e-10 0.00019676 -1.75277e-13 0.00019676 -2.72215e-13
10.84 1.29044e-10 4.25165e-10 -1.0438e-10 4.25165e-10 -4.17225e-05 1.74375e-13 -4.17225e-05 2.7291e-13
10.85 -1.29151e-10 -4.25558e-10 1.04488e-10 -4.25558e-10 -0.000172907 -1.73494e-13 -0.000172907 -2.73619e-13
10.86 1.29259e-10 4.2595e-10 -1.04596e-10 4.2595e-10 3.13686e-07 1.72672e-13 3.13685e-07 2.74376e-13
10.87 -1.29367e-10 -4.26343e-10 1.04704e-10 -4.26343e-10 0.000144676 -1.71957e-13 0.000144676 -2.75248e-13
10.88 1.29475e-10 4.26735e-10 -1.04811e-10 4.26735e-10 2.86729e-05 1.71223e-13 2.86729e-05 2.7611e-13
10.89 -1.29582e-10 -4.27127e-10 1.04919e-10 -4.27127e-10 -0.000115267 -1.70464e-13 -0.000115267 -2.76937e-13
10.9 1.2969e-10 4.2752e-10 -1.05027e-10 4.2752e-10 -4.70344e-05 1.69677e-13 -4.70344e-05 2.77732e-13
10.91 -1.29798e-10 -4.27912e-10 1.05134e-10 -4.27912e-10 8.69985e-05 -1.68818e-13 8.69985e-05 -2.78463e-13
10.92 1.29905e-10 4.28305e-10 -1.05242e-10 4.28305e-10 5.67376e-05 1.67921e-13 5.67376e-05 2.79159e-13
10.93 -1.30013e-10 -4.28697e-10 1.0535e-10 -4.28697e-10 -6.14149e-05 -1.67124e-13 -6.14149e-05 -2.79949e-13
10.94 1.30121e-10 4.29089e-10 -1.05458e-10 4.29089e-10 -5.97362e-05 1.66424e-13 -5.97362e-05 2.80836e-13
10.95 -1.30229e-10 -4.29482e-10 1.05565e-10 -4.29482e-10 3.94179e-05 -1.65704e-13 3.94179e-05 -2.81709e-13
10.96 1.30336e-10 4.29874e-10 -1.05673e-10 4.29874e-10 5.78448e-05 1.64888e-13 5.78448e-05 2.82485e-13
10.97 -1.30444e-10 -4.30267e-10 1.05781e-10 -4.30267e-10 -2.13987e-05 -1.64005e-13 -2.13987e-05 -2.83189e-13
10.98 1.30552e-10 4.30659e-10 -1.05888e-10 4.30659e-10 -5.2659e-05 1.63256e-13 -5.2659e-05 2.84029e-13
10.99 -1.30659e-10 -4.31051e-10 1.05996e-10 -4.31051e-10 7.36532e-06 -1.62477e-13 7.36533e-06 -2.84843e-13
11 1.30767e-10 4.31444e-10 -1.06104e-10 4.31444e-10 4.55152e-05 1.61647e-13 4.55152e-05 2.85602e-13
11.01 -1.30875e-10 -4.31836e-10 1.06212e-10 -4.31836e-10 2.94294e-06 -1.6085e-13 2.94294e-06 -2.86393e-13
11.02 1.30983e-10 4.32229e-10 -1.06319e-10 4.32229e-10 -3.74786e-05 1.60084e-13 -3.74786e-05 2.87217e-13
11.03 -1.3109e-10 -4.32621e-10 1.06427e-10 -4.32621e-10 -9.9571e-06 -1.59302e-13 -9.9571e-06 -2.88027e-13
11.04 1.31198e-10 4.33013e-10 -1.06535e-10 4.33013e-10 2.93544e-05 1.58439e-13 2.93544e-05 2.88753e-13
11.05 -1.31306e-10 -4.33406e-10 1.06642e-10 -4.33406e-10 1.41986e-05 -1.57587e-13 1.41986e-05 -2.8949e-13
11.06 1.31414e-10 4.33798e-10 -1.0675e-10 4.33798e-10 -2.17112e-05 1.56754e-13 -2.17112e-05 2.90248e-13
11.07 -1.31521e-10 -4.34191e-10 1.06858e-10 -4.34191e-10 -1.62175e-05 -1.56004e-13 -1.62175e-05 -2.91088e-13
11.08 1.31629e-10 4.34583e-10 -1.06966e-10 4.34583e-10 1.49149e-05 1.55301e-13 1.49149e-05 2.91974e-13
11.09 -1.31737e-10 -4.34975e-10 1.07073e-10 -4.34975e-10 1.65467e-05 -1.54504e-13 1.65467e-05 -2.92766e-13
11.1 1.31844e-10 4.35368e-10 -1.07181e-10 4.35368e-10 -9.165e-06 1.53667e-13 -9.165e-06 2.9352e-13
11.11 -1.31952e-10 -4.3576e-10 1.07289e-10 -4.3576e-10 -1.56721e-05 -1.52875e-13 -1.56721e-05 -2.94317e-13
11.12 1.3206e-10 4.36153e-10 -1.07396e-10 4.36153e-10 4.53091e-06 1.52027e-13 4.53091e-06 2.95059e-13
11.13 -1.32168e-10 -4.36545e-10 1.07504e-10 -4.36545e-10 1.40137e-05 -1.51146e-13 1.40137e-05 -2.95768e-13
11.14 1.32275e-10 4.36937e-10 -1.07612e-10 4.36937e-10 -9.86832e-07 1.50337e-13 -9.86833e-07 2.96548e-13
11.15 -1.32383e-10 -4.3733e-10 1.0772e-10 -4.3733e-10 -1.19179e-05 -1.49601e-13 -1.19179e-05 -2.97402e-13
11.16 1.32491e-10 4.37722e-10 -1.07827e-10 4.37722e-10 -1.55817e-06 1.48937e-13 -1.55818e-06 2.98328e-13
11.17 -1.32598e-10 -4.38115e-10 1.07935e-10 -4.38115e-10 9.656e-06 -1.4828e-13 9.65601e-06 -2.9926e-13
11.18 1.32706e-10 4.38507e-10 -1.08043e-10 4.38507e-10 3.23435e-06 1.47571e-13 3.23435e-06 3.00142e-13
11.19 -1.32814e-10 -4.38899e-10 1.08151e-10 -4.38899e-10 -7.42904e-06 -1.46739e-13 -7.42904e-06 -3.00899e-13
11.2 1.32922e-10 4.39292e-10 -1.08258e-10 4.39292e-10 -4.19086e-06 1.45842e-13 -4.19086e-06 3.01591e-13
11.21 -1.33029e-10 -4.39684e-10 1.08366e-10 -4.39684e-10 5.3752e-06 -1.44932e-13 5.3752e-06 -3.02272e-13
11.22 1.33137e-10 4.40077e-10 -1.08474e-10 4.40077e-10 4.58008e-06 1.44039e-13 4.58008e-06 3.02968e-13
11.23 -1.33245e-10 -4.40469e-10 1.08581e-10 -4.40469e-10 -3.5796e-06 -1.43275e-13 -3.5796e-06 -3.03794e-13
11.24 1.33352e-10 4.40861e-10 -1.08689e-10 4.40861e-10 -4.5465e-06 1.42602e-13 -4.5465e-06 3.0471e-13
11.25 -1.3346e-10 -4.41254e-10 1.08797e-10 -4.41254e-10 2.08456e-06 -1.41925e-13 2.08456e-06 -3.05623e-13
11.26 1.33568e-10 4.41646e-10 -1.08905e-10 4.41646e-10 4.21941e-06 1.4118e-13 4.21941e-06 3.06467e-13
11.27 -1.33676e-10 -4.42039e-10 1.09012e-10 -4.42039e-10 -8.99576e-07 -1.4036e-13 -8.99575e-07 -3.07238e-13
11.28 1.33783e-10 4.42431e-10 -1.0912e-10 4.42431e-10 -3.70885e-06 1.39524e-13 -3.70886e-06 3.07991e-13
11.29 -1.33891e-10 -4.42823e-10 1.09228e-10 -4.42823e-10 1.0614e-08 -1.38705e-13 1.06151e-08 -3.08762e-13
11.3 1.33999e-10 4.43216e-10 -1.09335e-10 4.43216e-10 3.10406e-06 1.37889e-13 3.10406e-06 3.09535e-13
11.31 -1.34106e-10 -4.43608e-10 1.09443e-10 -4.43608e-10 6.1192e-07 -1.3702e-13 6.11921e-07 -3.10256e-13
11.32 1.34214e-10 4.44001e-10 -1.09551e-10 4.44001e-10 -2.47373e-06 1.36042e-13 -2.47373e-06 3.10868e-13
11.33 -1.34322e-10 -4.44393e-10 1.09659e-10 -4.44393e-10 -1.00652e-06 -1.352e-13 -1.00652e-06 -3.11616e-13
11.34 1.3443e-10 4.44785e-10 -1.09766e-10 4.44785e-10 1.86763e-06 1.34527e-13 1.86763e-06 3.12532e-13
11.35 -1.34537e-10 -4.45178e-10 1.09874e-10 -4.45178e-10 1.21533e-06 -1.33836e-13 1.21533e-06 -3.1343e-13
11.36 1.34645e-10 4.4557e-10 -1.09982e-10 4.4557e-10 -1.31895e-06 1.33073e-13 -1.31895e-06 3.14257e-13
11.37 -1.34753e-10 -4.45963e-10 1.10089e-10 -4.45963e-10 -1.28024e-06 -1.32227e-13 -1.28024e-06 -3.15001e-13
11.38 1.3486e-10 4.46355e-10 -1.10197e-10 4.46355e-10 8.47074e-07 1.31401e-13 8.47073e-07 3.15765e-13
11.39 -1.34968e-10 -4.46747e-10 1.10305e-10 -4.46747e-10 1.24015e-06 -1.3055e-13 1.24015e-06 -3.16503e-13
11.4 1.35076e-10 4.4714e-10 -1.10413e-10 4.4714e-10 -4.60433e-07 1.2969e-13 -4.60435e-07 3.17233e-13
11.41 -1.35184e-10 -4.47532e-10 1.1052e-10 -4.47532e-10 -1.1293e-06 -1.28945e-13 -1.1293e-06 -3.18078e-13
11.42 1.35291e-10 4.47925e-10 -1.10628e-10 4.47925e-10 1.59235e-07 1.28312e-13 1.59234e-07 3.19035e-13
11.43 -1.35399e-10 -4.48317e-10 1.10736e-10 -4.48317e-10 9.76343e-07 -1.27655e-13 9.76345e-07 -3.19967e-13
11.44 1.35507e-10 4.48709e-10 -1.10843e-10 4.48709e-10 6.20878e-08 1.26824e-13 6.20867e-08 3.20726e-13
11.45 -1.35615e-10 -4.49102e-10 1.10951e-10 -4.49102e-10 -8.04158e-07 -1.25869e-13 -8.04157e-07 -3.21361e-13
11.46 1.35722e-10 4.49494e-10 -1.11059e-10 4.49494e-10 -2.12755e-07 1.25034e-13 -2.12756e-07 3.22116e-13
11.47 -1.3583e-10 -4.49887e-10 1.11167e-10 -4.49887e-10 6.30014e-07 -1.24275e-13 6.30016e-07 -3.22946e-13
11.48 1.35938e-10 4.50279e-10 -1.11274e-10 4.50279e-10 3.03941e-07 1.23401e-13 3.0394e-07 3.23661e-13
11.49 -1.36045e-10 -4.50671e-10 1.11382e-10 -4.50671e-10 -4.66133e-07 -1.22543e-13 -4.66132e-07 -3.24393e-13
11.5 1.36153e-10 4.51064e-10 -1.1149e-10 4.51064e-10 -3.47407e-07 1.21796e-13 -3.47408e-07 3.25236e-13
11.51 -1.36261e-10 -4.51456e-10 1.11597e-10 -4.51456e-10 3.20333e-07 -1.21103e-13 3.20334e-07 -3.26133e-13
11.52 1.36369e-10 4.51849e-10 -1.11705e-10 4.51849e-10 3.54644e-07 1.20347e-13 3.54643e-07 3.26966e-13
11.53 -1.36476e-10 -4.52241e-10 1.11813e-10 -4.52241e-10 -1.96988e-07 -1.19579e-13 -1.96986e-07 -3.27787e-13
11.54 1.36584e-10 4.52633e-10 -1.11921e-10 4.52633e-10 -3.36005e-07 1.18767e-13 -3.36006e-07 3.28565e-13
11.55 -1.36692e-10 -4.53026e-10 1.12028e-10 -4.53026e-10 9.75518e-08 -1.17933e-13 9.75529e-08 -3.29321e-13
11.56 1.36799e-10 4.53418e-10 -1.12136e-10 4.53418e-10 3.00532e-07 1.1714e-13 3.00531e-07 3.30117e-13
11.57 -1.36907e-10 -4.53811e-10 1.12244e-10 -4.53811e-10 -2.14845e-08 -1.1634e-13 -2.14833e-08 -3.30907e-13
11.58 1.37015e-10 4.54203e-10 -1.12352e-10 4.54203e-10 -2.55649e-07 1.15525e-13 -2.5565e-07 3.31682e-13
11.59 -1.37123e-10 -4.54595e-10 1.12459e-10 -4.54595e-10 -3.3161e-08 -1.14731e-13 -3.31599e-08 -3.32478e-13
11.6 1.3723e-10 4.54988e-10 -1.12567e-10 4.54988e-10 2.07183e-07 1.13961e-13 2.07182e-07 3.33298e-13
11.61 -1.37338e-10 -4.5538e-10 1.12675e-10 -4.5538e-10 6.91691e-08 -1.13196e-13 6.91703e-08 -3.34122e-13
11.62 1.37446e-10 4.55773e-10 -1.12782e-10 4.55773e-10 -1.59445e-07 1.12385e-13 -1.59446e-07 3.34901e-13
11.63 -1.37553e-10 -4.56165e-10 1.1289e-10 -4.56165e-10 -8.97398e-08 -1.11587e-13 -8.97386e-08 -3.35693e-13
11.64 1.37661e-10 4.56557e-10 -1.12998e-10 4.56557e-10 1.15407e-07 1.10798e-13 1.15406e-07 3.36493e-13
11.65 -1.37769e-10 -4.5695e-10 1.13106e-10 -4.5695e-10 9.81054e-08 -1.09986e-13 9.81065e-08 -3.37271e-13
11.66 1.37877e-10 4.57342e-10 -1.13213e-10 4.57342e-10 -7.68419e-08 1.09216e-13 -7.68431e-08 3.3809e-13
11.67 -1.37984e-10 -4.57735e-10 1.13321e-10 -4.57735e-10 -9.74497e-08 -1.08409e-13 -9.74485e-08 -3.38873e-13
11.68 1.38092e-10 4.58127e-10 -1.13429e-10 4.58127e-10 4.47792e-08 1.07587e-13 4.4778e-08 3.39641e-13
11.69 -1.382e-10 -4.58519e-10 1.13536e-10 -4.58519e-10 9.04575e-08 -1.06805e-13 9.04586e-08 -3.40449e-13
11.7 1.38307e-10 4.58912e-10 -1.13644e-10 4.58912e-10 -1.93592e-08 1.05995e-13 -1.93604e-08 3.41228e-13
11.71 -1.38415e-10 -4.59304e-10 1.13752e-10 -4.59304e-10 -7.95279e-08 -1.05186e-13 -7.95268e-08 -3.42008e-13
11.72 1.38523e-10 4.59697e-10 -1.1386e-10 4.59697e-10 2.87228e-10 1.04406e-13 2.86068e-10 3.42819e-13
11.73 -1.38631e-10 -4.60089e-10 1.13967e-10 -4.60089e-10 6.65702e-08 -1.03574e-13 6.65714e-08 -3.43576e-13
11.74 1.38738e-10 4.60481e-10 -1.14075e-10 4.60481e-10 1.30747e-08 1.02732e-13 1.30735e-08 3.44324e-13
11.75 -1.38846e-10 -4.60874e-10 1.14183e-10 -4.60874e-10 -5.30629e-08 -1.01942e-13 -5.30618e-08 -3.45123e-13
11.76 1.38954e-10 4.61266e-10 -1.1429e-10 4.61266e-10 -2.15796e-08 1.01176e-13 -2.15808e-08 3.45947e-13
11.77 -1.39061e-10 -4.61659e-10 1.14398e-10 -4.61659e-10 4.01293e-08 -1.0038e-13 4.01305e-08 -3.46741e-13
11.78 1.39169e-10 4.62051e-10 -1.14506e-10 4.62051e-10 2.60478e-08 9.95977e-14 2.60466e-08 3.47548e-13
11.79 -1.39277e-10 -4.62443e-10 1.14614e-10 -4.62443e-10 -2.83661e-08 -9.87942e-14 -2.83649e-08 -3.48334e-13
11.8 1.39385e-10 4.62836e-10 -1.14721e-10 4.62836e-10 -2.74376e-08 9.79539e-14 -2.74387e-08 3.49084e-13
11.81 -1.39492e-10 -4.63228e-10 1.14829e-10 -4.63228e-10 1.82082e-08 -9.71271e-14 1.82093e-08 -3.49846e-13
11.82 1.396e-10 4.63621e-10 -1.14937e-10 4.63621e-10 2.65776e-08 9.62947e-14 2.65764e-08 3.50604e-13
11.83 -1.39708e-10 -4.64013e-10 1.15044e-10 -4.64013e-10 -9.86116e-09 -9.5454e-14 -9.85999e-09 -3.51353e-13
11.84 1.39815e-10 4.64405e-10 -1.15152e-10 4.64405e-10 -2.41922e-08 9.46784e-14 -2.41933e-08 3.52167e-13
11.85 -1.39923e-10 -4.64798e-10 1.1526e-10 -4.64798e-10 3.34024e-09 -9.40098e-14 3.34142e-09 -3.53088e-13
11.86 1.40031e-10 4.6519e-10 -1.15368e-10 4.6519e-10 2.08998e-08 9.33719e-14 2.08986e-08 3.5404e-13
11.87 -1.40139e-10 -4.65583e-10 1.15475e-10 -4.65583e-10 1.48553e-09 -9.26718e-14 1.48671e-09 -3.54929e-13
11.88 1.40246e-10 4.65975e-10 -1.15583e-10 4.65975e-10 -1.72362e-08 9.18668e-14 -1.72373e-08 3.55714e-13
11.89 -1.40354e-10 -4.66367e-10 1.15691e-10 -4.66367e-10 -4.75155e-09 -9.10313e-14 -4.75037e-09 -3.56468e-13
11.9 1.40462e-10 4.6676e-10 -1.15798e-10 4.6676e-10 1.35001e-08 9.02351e-14 1.34989e-08 3.57261e-13
11.91 -1.4057e-10 -4.67152e-10 1.15906e-10 -4.67152e-10 6.73056e-09 -8.94509e-14 6.73174e-09 -3.58067e-13
11.92 1.40677e-10 4.67545e-10 -1.16014e-10 4.67545e-10 -9.96005e-09 8.86639e-14 -9.96123e-09 3.58869e-13
11.93 -1.40785e-10 -4.67937e-10 1.16122e-10 -4.67937e-10 -7.67418e-09 -8.78153e-14 -7.673e-09 -3.59611e-13
11.94 1.40893e-10 4.68329e-10 -1.16229e-10 4.68329e-10 6.79981e-09 8.68816e-14 6.79863e-09 3.60266e-13
11.95 -1.41e-10 -4.68722e-10 1.16337e-10 -4.68722e-10 7.82126e-09 -8.59938e-14 7.82245e-09 -3.60968e-13
11.96 1.41108e-10 4.69114e-10 -1.16445e-10 4.69114e-10 -4.11539e-09 8.5215e-14 -4.11658e-09 3.61779e-13
11.97 -1.41216e-10 -4.69507e-10 1.16552e-10 -4.69507e-10 -7.40145e-09 -8.44518e-14 -7.40026e-09 -3.62606e-13
11.98 1.41324e-10 4.69899e-10 -1.1666e-10 4.69899e-10 1.95037e-09 8.3633e-14 1.94917e-09 3.63377e-13
11.99 -1.41431e-10 -4.70291e-10 1.16768e-10 -4.70291e-10 6.60661e-09 -8.2749e-14 6.6078e-09 -3.64082e-13
12 1.41539e-10 4.70684e-10 -1.16876e-10 4.70684e-10 -2.92593e-10 8.18451e-14 -2.93788e-10 3.64768e-13
12.01 -1.41647e-10 -4.71076e-10 1.16983e-10 -4.71076e-10 -5.60502e-09 -8.10491e-14 -5.60383e-09 -3.65562e-13
12.02 1.41754e-10 4.71469e-10 -1.17091e-10 4.71469e-10 -8.9259e-10 8.04038e-14 -8.93787e-10 3.66506e-13
12.03 -1.41862e-10 -4.71861e-10 1.17199e-10 -4.71861e-10 4.52113e-09 -7.98051e-14 4.52233e-09 -3.67497e-13
12.04 1.4197e-10 4.72253e-10 -1.17307e-10 4.72253e-10 1.66932e-09 7.91326e-14 1.66812e-09 3.68414e-13
12.05 -1.42078e-10 -4.72646e-10 1.17414e-10 -4.72646e-10 -3.45607e-09 -7.83471e-14 -3.45487e-09 -3.69218e-13
12.06 1.42185e-10 4.73038e-10 -1.17522e-10 4.73038e-10 -2.10222e-09 7.7503e-14 -2.10342e-09 3.69964e-13
12.07 -1.42293e-10 -4.73431e-10 1.1763e-10 -4.73431e-10 2.47181e-09 -7.66646e-14 2.47301e-09 -3.70715e-13
12.08 1.42401e-10 4.73823e-10 -1.17737e-10 4.73823e-10 2.26788e-09 7.58431e-14 2.26668e-09 3.71483e-13
12.09 -1.42508e-10 -4.74215e-10 1.17845e-10 -4.74215e-10 -1.61459e-09 -7.50578e-14 -1.61339e-09 -3.72288e-13
12.1 1.42616e-10 4.74608e-10 -1.17953e-10 4.74608e-10 -2.2302e-09 7.43118e-14 -2.23141e-09 3.73131e-13
12.11 -1.42724e-10 -4.75e-10 1.18061e-10 -4.75e-10 9.00406e-10 -7.34811e-14 9.01614e-10 -3.7389e-13
12.12 1.42832e-10 4.75393e-10 -1.18168e-10 4.75393e-10 2.05587e-09 7.25763e-14 2.05466e-09 3.74575e-13
12.13 -1.42939e-10 -4.75785e-10 1.18276e-10 -4.75785e-10 -3.38958e-10 -7.17413e-14 -3.37748e-10 -3.7533e-13
12.14 1.43047e-10 4.76177e-10 -1.18384e-10 4.76177e-10 -1.79297e-09 7.09595e-14 -1.79418e-09 3.76137e-13
12.15 -1.43155e-10 -4.7657e-10 1.18491e-10 -4.7657e-10 -8.12461e-11 -7.01707e-14 -8.00331e-11 -3.76938e-13
12.16 1.43262e-10 4.76962e-10 -1.18599e-10 4.76962e-10 1.4894e-09 6.93589e-14 1.48819e-09 3.77716e-13
12.17 -1.4337e-10 -4.77355e-10 1.18707e-10 -4.77355e-10 3.697e-10 -6.85357e-14 3.70915e-10 -3.78483e-13
12.18 1.43478e-10 4.77747e-10 -1.18815e-10 4.77747e-10 -1.17353e-09 6.77373e-14 -1.17475e-09 3.79274e-13
12.19 -1.43586e-10 -4.78139e-10 1.18922e-10 -4.78139e-10 -5.50047e-10 -6.69412e-14 -5.48829e-10 -3.80068e-13
12.2 1.43693e-10 4.78532e-10 -1.1903e-10 4.78532e-10 8.74271e-10 6.61226e-14 8.73051e-10 3.80839e-13
12.21 -1.43801e-10 -4.78924e-10 1.19138e-10 -4.78924e-10 6.38076e-10 -6.53196e-14 6.39297e-10 -3.81625e-13
12.22 1.43909e-10 4.79317e-10 -1.19245e-10 4.79317e-10 -6.02745e-10 6.45382e-14 -6.03967e-10 3.82433e-13
12.23 -1.44016e-10 -4.79709e-10 1.19353e-10 -4.79709e-10 -6.5925e-10 -6.38091e-14 -6.58027e-10 -3.83294e-13
12.24 1.44124e-10 4.80101e-10 -1.19461e-10 4.80101e-10 3.7307e-10 6.31306e-14 3.71846e-10 3.84205e-13
12.25 -1.44232e-10 -4.80494e-10 1.19569e-10 -4.80494e-10 6.27834e-10 -6.24291e-14 6.29059e-10 -3.85093e-13
12.26 1.4434e-10 4.80886e-10 -1.19676e-10 4.80886e-10 -1.8421e-10 6.16756e-14 -1.85436e-10 3.8593e-13
12.27 -1.44447e-10 -4.81279e-10 1.19784e-10 -4.81279e-10 -5.65582e-10 -6.09303e-14 -5.64355e-10 -3.86774e-13
12.28 1.44555e-10 4.81671e-10 -1.19892e-10 4.81671e-10 4.08759e-11 6.01843e-14 3.96471e-11 3.87618e-13
12.29 -1.44663e-10 -4.82063e-10 1.19999e-10 -4.82063e-10 4.81696e-10 -5.93908e-14 4.82926e-10 -3.88414e-13
12.3 1.44771e-10 4.82456e-10 -1.20107e-10 4.82456e-10 6.48694e-11 5.85631e-14 6.36382e-11 3.89176e-13
12.31 -1.44878e-10 -4.82848e-10 1.20215e-10 -4.82848e-10 -3.92315e-10 -5.76717e-14 -3.91083e-10 -3.89874e-13
12.32 1.44986e-10 4.83241e-10 -1.20323e-10 4.83241e-10 -1.32928e-10 5.67635e-14 -1.34161e-10 3.90555e-13
12.33 -1.45094e-10 -4.83633e-10 1.2043e-10 -4.83633e-10 3.00954e-10 -5.58277e-14 3.02189e-10 -3.91209e-13
12.34 1.45201e-10 4.84025e-10 -1.20538e-10 4.84025e-10 1.73992e-10 5.49466e-14 1.72756e-10 3.91918e-13
12.35 -1.45309e-10 -4.84418e-10 1.20646e-10 -4.84418e-10 -2.18458e-10 -5.41707e-14 -2.1722e-10 -3.92732e-13
12.36 1.45417e-10 4.8481e-10 -1.20753e-10 4.8481e-10 -1.89159e-10 5.3464e-14 -1.90397e-10 3.93614e-13
12.37 -1.45525e-10 -4.85203e-10 1.20861e-10 -4.85203e-10 1.43616e-10 -5.28704e-14 1.44855e-10 -3.94611e-13
12.38 1.45632e-10 4.85595e-10 -1.20969e-10 4.85595e-10 1.89203e-10 5.2257e-14 1.87962e-10 3.95587e-13
12.39 -1.4574e-10 -4.85987e-10 1.21077e-10 -4.85987e-10 -8.33309e-11 -5.15269e-14 -8.20887e-11 -3.96446e-13
12.4 1.45848e-10 4.8638e-10 -1.21184e-10 4.8638e-10 -1.74452e-10 5.06539e-14 -1.75695e-10 3.97163e-13
12.41 -1.45955e-10 -4.86772e-10 1.21292e-10 -4.86772e-10 3.32004e-11 -4.96124e-14 3.4445e-11 -3.97711e-13
12.42 1.46063e-10 4.87165e-10 -1.214e-10 4.87165e-10 1.54421e-10 4.85649e-14 1.53176e-10 3.98253e-13
12.43 -1.46171e-10 -4.87557e-10 1.21508e-10 -4.87557e-10 2.25541e-12 -4.76693e-14 3.50245e-12 -3.98947e-13
12.44 1.46279e-10 4.87949e-10 -1.21615e-10 4.87949e-10 -1.2786e-10 4.69442e-14 -1.29108e-10 3.99812e-13
12.45 -1.46386e-10 -4.88342e-10 1.21723e-10 -4.88342e-10 -2.91584e-11 -4.63442e-14 -2.79089e-11 -4.00802e-13
12.46 1.46494e-10 4.88734e-10 -1.21831e-10 4.88734e-10 1.0265e-10 4.57919e-14 1.014e-10 4.01839e-13
12.47 -1.46602e-10 -4.89127e-10 1.21938e-10 -4.89127e-10 4.40587e-11 -4.51448e-14 4.53106e-11 -4.02782e-13
12.48 1.46709e-10 4.89519e-10 -1.22046e-10 4.89519e-10 -7.59103e-11 4.42641e-14 -7.71634e-11 4.03491e-13
12.49 -1.46817e-10 -4.89911e-10 1.22154e-10 -4.89911e-10 -5.36851e-11 -4.32508e-14 -5.24307e-11 -4.04067e-13
12.5 1.46925e-10 4.90304e-10 -1.22262e-10 4.90304e-10 5.4073e-11 4.22324e-14 5.28175e-11 4.04638e-13
12.51 -1.47033e-10 -4.90696e-10 1.22369e-10 -4.90696e-10 5.47622e-11 -4.1268e-14 5.6019e-11 -4.05263e-13
12.52 1.4714e-10 4.91089e-10 -1.22477e-10 4.91089e-10 -3.29631e-11 4.04575e-14 -3.42211e-11 4.06043e-13
12.53 -1.47248e-10 -4.91481e-10 1.22585e-10 -4.91481e-10 -5.39425e-11 -3.97199e-14 -5.26833e-11 -4.06895e-13
12.54 1.47356e-10 4.91873e-10 -1.22692e-10 4.91873e-10 1.7984e-11 3.89847e-14 1.67236e-11 4.07749e-13
12.55 -1.47463e-10 -4.92266e-10 1.228e-10 -4.92266e-10 4.76373e-11 -3.82989e-14 4.88989e-11 -4.08653e-13
12.56 1.47571e-10 4.92658e-10 -1.22908e-10 4.92658e-10 -4.12018e-12 3.76325e-14 -5.38301e-12 4.09576e-13
12.57 -1.47679e-10 -4.93051e-10 1.23016e-10 -4.93051e-10 -4.21052e-11 -3.6942e-14 -4.08411e-11 -4.10475e-13
12.58 1.47787e-10 4.93443e-10 -1.23123e-10 4.93443e-10 -3.81011e-12 3.613e-14 -5.07537e-12 4.11253e-13
12.59 -1.47894e-10 -4.93835e-10 1.23231e-10 -4.93835e-10 3.32683e-11 -3.52695e-14 3.45347e-11 -4.11982e-13
12.6 1.48002e-10 4.94228e-10 -1.23339e-10 4.94228e-10 1.12537e-11 3.44265e-14 9.986e-12 4.12729e-13
12.61 -1.4811e-10 -4.9462e-10 1.23446e-10 -4.9462e-10 -2.69263e-11 -3.35939e-14 -2.56574e-11 -4.13486e-13
12.62 1.48217e-10 4.95013e-10 -1.23554e-10 4.95013e-10 -1.36216e-11 3.28453e-14 -1.48917e-11 4.14327e-13
12.63 -1.48325e-10 -4.95405e-10 1.23662e-10 -4.95405e-10 1.85306e-11 -3.21508e-14 1.9802e-11 -4.15222e-13
12.64 1.48433e-10 4.95797e-10 -1.2377e-10 4.95797e-10 1.64967e-11 3.14489e-14 1.52241e-11 4.1611e-13
12.65 -1.48541e-10 -4.9619e-10 1.23877e-10 -4.9619e-10 -1.34975e-11 -3.07143e-14 -1.22237e-11 -4.16965e-13
12.66 1.48648e-10 4.96582e-10 -1.23985e-10 4.96582e-10 -1.52868e-11 2.99388e-14 -1.65618e-11 4.17779e-13
12.67 -1.48756e-10 -4.96975e-10 1.24093e-10 -4.96975e-10 6.9175e-12 -2.90875e-14 8.1937e-12 -4.18517e-13
12.68 1.48864e-10 4.97367e-10 -1.242e-10 4.97367e-10 1.55385e-11 2.81909e-14 1.42611e-11 4.19211e-13
12.69 -1.48971e-10 -4.97759e-10 1.24308e-10 -4.97759e-10 -3.95143e-12 -2.72921e-14 -2.6728e-12 -4.19901e-13
12.7 1.49079e-10 4.98152e-10 -1.24416e-10 4.98152e-10 -1.25372e-11 2.63978e-14 -1.38171e-11 4.20597e-13
12.71 -1.49187e-10 -4.98544e-10 1.24524e-10 -4.98544e-10 -5.39591e-13 -2.55116e-14 7.41473e-13 -4.213e-13
12.72 1.49295e-10 4.98937e-10 -1.24631e-10 4.98937e-10 1.172e-11 2.46416e-14 1.04378e-11 4.2202e-13
12.73 -1.49402e-10 -4.99329e-10 1.24739e-10 -4.99329e-10 1.52555e-12 -2.38789e-14 2.80905e-12 -4.22847e-13
12.74 1.4951e-10 4.99721e-10 -1.24847e-10 4.99721e-10 -8.21452e-12 2.32158e-14 -9.49923e-12 4.23773e-13
12.75 -1.49618e-10 -5.00114e-10 1.24954e-10 -5.00114e-10 -4.2622e-12 -2.25682e-14 -2.97627e-12 -4.24715e-13
12.76 1.49726e-10 5.00506e-10 -1.25062e-10 5.00506e-10 7.34074e-12 2.19209e-14 6.05359e-12 4.25658e-13
12.77 -1.49833e-10 -5.00899e-10 1.2517e-10 -5.00899e-10 3.75434e-12 -2.12468e-14 5.0427e-12 -4.26573e-13
12.78 1.49941e-10 5.01291e-10 -1.25278e-10 5.01291e-10 -4.08129e-12 2.05425e-14 -5.37086e-12 4.27459e-13
12.79 -1.50049e-10 -5.01683e-10 1.25385e-10 -5.01683e-10 -5.2975e-12 -1.97655e-14 -4.00671e-12 -4.28271e-13
12.8 1.50156e-10 5.02076e-10 -1.25493e-10 5.02076e-10 3.66662e-12 1.88826e-14 2.37461e-12 4.28978e-13
12.81 -1.50264e-10 -5.02468e-10 1.25601e-10 -5.02468e-10 3.87138e-12 -1.79504e-14 5.16459e-12 -4.29636e-13
12.82 1.50372e-10 5.02861e-10 -1.25708e-10 5.02861e-10 -9.69183e-13 1.70236e-14 -2.26362e-12 4.30298e-13
12.83 -1.5048e-10 -5.03253e-10 1.25816e-10 -5.03253e-10 -4.76805e-12 -1.61641e-14 -3.4724e-12 -4.31029e-13
12.84 1.50587e-10 5.03645e-10 -1.25924e-10 5.03645e-10 1.16751e-12 1.53634e-14 -1.29357e-13 4.31818e-13
12.85 -1.50695e-10 -5.04038e-10 1.26032e-10 -5.04038e-10 2.91412e-12 -1.45734e-14 4.2122e-12 -4.32617e-13
12.86 1.50803e-10 5.0443e-10 -1.26139e-10 5.0443e-10 9.38433e-13 1.37732e-14 -3.60863e-13 4.33407e-13
12.87 -1.5091e-10 -5.04823e-10 1.26247e-10 -5.04823e-10 -3.58194e-12 -1.29837e-14 -2.28143e-12 -4.34207e-13
12.88 1.51018e-10 5.05215e-10 -1.26355e-10 5.05215e-10 -1.87275e-13 1.22167e-14 -1.489e-12 4.35029e-13
12.89 -1.51126e-10 -5.05607e-10 1.26463e-10 -5.05607e-10 1.63835e-12 -1.15064e-14 2.94129e-12 -4.35909e-13
12.9 1.51234e-10 5.06e-10 -1.2657e-10 5.06e-10 1.82099e-12 1.0828e-14 5.16827e-13 4.3682e-13
12.91 -1.51341e-10 -5.06392e-10 1.26678e-10 -5.06392e-10 -2.33678e-12 -1.00069e-14 -1.03141e-12 -4.37589e-13
12.92 1.51449e-10 5.06785e-10 -1.26786e-10 5.06785e-10 -6.69944e-13 9.04312e-15 -1.97653e-12 4.38215e-13
12.93 -1.51557e-10 -5.07177e-10 1.26893e-10 -5.07177e-10 4.90338e-13 -8.07686e-15 1.79814e-12 -4.38838e-13
12.94 1.51664e-10 5.07569e-10 -1.27001e-10 5.07569e-10 1.99776e-12 7.19212e-15 6.88743e-13 4.39543e-13
12.95 -1.51772e-10 -5.07962e-10 1.27109e-10 -5.07962e-10 -1.34257e-12 -6.41634e-15 -3.23363e-14 -4.40357e-13
12.96 1.5188e-10 5.08354e-10 -1.27217e-10 5.08354e-10 -6.11097e-13 5.67963e-15 -1.92255e-12 4.4121e-13
12.97 -1.51988e-10 -5.08747e-10 1.27324e-10 -5.08747e-10 -3.37039e-13 -4.92081e-15 9.75627e-13 -4.42041e-13
12.98 1.52095e-10 5.09139e-10 -1.27432e-10 5.09139e-10 1.78508e-12 4.16021e-15 4.71199e-13 4.4287e-13
12.99 -1.52203e-10 -5.09531e-10 1.2754e-10 -5.09531e-10 -6.96303e-13 -3.40463e-15 6.18794e-13 -4.43704e-13
13 1.52311e-10 5.09924e-10 -1.27647e-10 5.09924e-10 -2.96348e-13 2.66558e-15 -1.61266e-12 4.44554e-13
13.01 -1.52418e-10 -5.10316e-10 1.27755e-10 -5.10316e-10 -8.20368e-13 -1.91366e-15 4.97159e-13 -4.45392e-13
13.02 1.52526e-10 5.10709e-10 -1.27863e-10 5.10709e-10 1.42761e-12 1.13176e-15 1.0887e-13 4.462e-13
13.03 -1.52634e-10 -5.11101e-10 1.27971e-10 -5.11101e-10 -3.68235e-13 -3.49287e-16 9.51724e-13 -4.47007e-13
13.04 1.52742e-10 5.11493e-10 -1.28078e-10 5.11493e-10 7.52435e-14 -4.45407e-16 -1.24593e-12 4.47802e-13
13.05 -1.52849e-10 -5.11886e-10 1.28186e-10 -5.11886e-10 -1.02512e-12 1.23246e-15 2.97268e-13 -4.48605e-13
13.06 1.52957e-10 5.12278e-10 -1.28294e-10 5.12278e-10 1.07919e-12 -2.03275e-15 -2.44418e-13 4.49394e-13
13.07 -1.53065e-10 -5.12671e-10 1.28401e-10 -5.12671e-10 -2.72284e-13 2.83264e-15 1.05254e-12 -4.50184e-13
13.08 1.53172e-10 5.13063e-10 -1.28509e-10 5.13063e-10 3.92136e-13 -3.6144e-15 -9.339e-13 4.50992e-13
13.09 -1.5328e-10 -5.13455e-10 1.28617e-10 -5.13455e-10 -1.04619e-12 4.41167e-15 2.81057e-13 -4.51784e-13
13.1 1.53388e-10 5.13848e-10 -1.28725e-10 5.13848e-10 8.13992e-13 -5.26016e-15 -5.14474e-13 4.52525e-13
13.11 -1.53496e-10 -5.1424e-10 1.28832e-10 -5.1424e-10 -3.13577e-13 6.10467e-15 1.01611e-12 -4.5327e-13
13.12 1.53603e-10 5.14633e-10 -1.2894e-10 5.14633e-10 6.11342e-13 -6.89079e-15 -7.19555e-13 4.54074e-13
13.13 -1.53711e-10 -5.15025e-10 1.29048e-10 -5.15025e-10 -9.71988e-13 7.6871e-15 3.60125e-13 -4.54867e-13
13.14 1.53819e-10 5.15417e-10 -1.29155e-10 5.15417e-10 6.50027e-13 -8.52293e-15 -6.83301e-13 4.55621e-13
13.15 -1.53927e-10 -5.1581e-10 1.29263e-10 -5.1581e-10 -4.14059e-13 9.36657e-15 9.20484e-13 -4.56367e-13
13.16 1.54034e-10 5.16202e-10 -1.29371e-10 5.16202e-10 7.33477e-13 -1.01686e-14 -6.02282e-13 4.57155e-13
13.17 -1.54142e-10 -5.16595e-10 1.29479e-10 -5.16595e-10 -8.67762e-13 1.09063e-14 4.69212e-13 -4.58007e-13
13.18 1.5425e-10 5.16987e-10 -1.29586e-10 5.16987e-10 5.73603e-13 -1.16233e-14 -7.64587e-13 4.58879e-13
13.19 -1.54357e-10 -5.17379e-10 1.29694e-10 -5.17379e-10 -5.21964e-13 1.24385e-14 8.17441e-13 -4.59654e-13
13.2 1.54465e-10 5.17772e-10 -1.29802e-10 5.17772e-10 7.80583e-13 -1.33175e-14 -5.60037e-13 4.60364e-13
13.21 -1.54573e-10 -5.18164e-10 1.29909e-10 -5.18164e-10 -7.72609e-13 1.42088e-14 5.69227e-13 -4.61063e-13
13.22 1.54681e-10 5.18557e-10 -1.30017e-10 5.18557e-10 5.58433e-13 -1.5105e-14 -7.84618e-13 4.61756e-13
13.23 -1.54788e-10 -5.18949e-10 1.30125e-10 -5.18949e-10 -6.0989e-13 1.59093e-14 7.34377e-13 -4.62542e-13
13.24 1.54896e-10 5.19341e-10 -1.30233e-10 5.19341e-10 7.80475e-13 -1.65473e-14 -5.65008e-13 4.63493e-13
13.25 -1.55004e-10 -5.19734e-10 1.3034e-10 -5.19734e-10 -7.03837e-13 1.71216e-14 6.42861e-13 -4.64509e-13
13.26 1.55111e-10 5.20126e-10 -1.30448e-10 5.20126e-10 5.77458e-13 -1.77157e-14 -7.70456e-13 4.65504e-13
13.27 -1.55219e-10 -5.20519e-10 1.30556e-10 -5.20519e-10 -6.68754e-13 1.84157e-14 6.80374e-13 -4.66394e-13
13.28 1.55327e-10 5.20911e-10 -1.30664e-10 5.20911e-10 7.57479e-13 -1.92925e-14 -5.92865e-13 4.67107e-13
13.29 -1.55435e-10 -5.21303e-10 1.30771e-10 -5.21303e-10 -6.64026e-13 2.02791e-14 6.87533e-13 -4.6771e-13
13.3 1.55542e-10 5.21696e-10 -1.30879e-10 5.21696e-10 6.09782e-13 -2.12952e-14 -7.42992e-13 4.68283e-13
13.31 -1.5565e-10 -5.22088e-10 1.30987e-10 -5.22088e-10 -7.00455e-13 2.21934e-14 6.53535e-13 -4.68975e-13
13.32 1.55758e-10 5.22481e-10 -1.31094e-10 5.22481e-10 7.28802e-13 -2.29938e-14 -6.26404e-13 4.69764e-13
13.33 -1.55865e-10 -5.22873e-10 1.31202e-10 -5.22873e-10 -6.48209e-13 2.3723e-14 7.08212e-13 -4.70624e-13
13.34 1.55973e-10 5.23265e-10 -1.3131e-10 5.23265e-10 6.42017e-13 -2.43964e-14 -7.1562e-13 4.71541e-13
13.35 -1.56081e-10 -5.23658e-10 1.31418e-10 -5.23658e-10 -7.12186e-13 2.50661e-14 6.46666e-13 -4.72461e-13
13.36 1.56189e-10 5.2405e-10 -1.31525e-10 5.2405e-10 7.04406e-13 -2.57208e-14 -6.55662e-13 4.73396e-13
13.37 -1.56296e-10 -5.24443e-10 1.31633e-10 -5.24443e-10 -6.48301e-13 2.64717e-14 7.12982e-13 -4.74234e-13
13.38 1.56404e-10 5.24835e-10 -1.31741e-10 5.24835e-10 6.67402e-13 -2.73448e-14 -6.95096e-13 4.74951e-13
13.39 -1.56512e-10 -5.25227e-10 1.31848e-10 -5.25227e-10 -7.11796e-13 2.82652e-14 6.51918e-13 -4.7562e-13
13.4 1.56619e-10 5.2562e-10 -1.31956e-10 5.2562e-10 6.88048e-13 -2.91169e-14 -6.76881e-13 4.76358e-13
13.41 -1.56727e-10 -5.26012e-10 1.32064e-10 -5.26012e-10 -6.56975e-13 2.99192e-14 7.09169e-13 -4.77145e-13
13.42 1.56835e-10 5.26405e-10 -1.32172e-10 5.26405e-10 6.84494e-13 -3.06843e-14 -6.82866e-13 4.7797e-13
13.43 -1.56943e-10 -5.26797e-10 1.32279e-10 -5.26797e-10 -7.06113e-13 3.13663e-14 6.62462e-13 -4.78878e-13
13.44 1.5705e-10 5.27189e-10 -1.32387e-10 5.27189e-10 6.79818e-13 -3.20224e-14 -6.89972e-13 4.79811e-13
13.45 -1.57158e-10 -5.27582e-10 1.32495e-10 -5.27582e-10 -6.68288e-13 3.27011e-14 7.02718e-13 -4.80722e-13
13.46 1.57266e-10 5.27974e-10 -1.32602e-10 5.27974e-10 6.93924e-13 -3.35119e-14 -6.78298e-13 4.81501e-13
13.47 -1.57373e-10 -5.28367e-10 1.3271e-10 -5.28367e-10 -6.99707e-13 3.45019e-14 6.7373e-13 -4.82101e-13
13.48 1.57481e-10 5.28759e-10 -1.32818e-10 5.28759e-10 6.7832e-13 -3.55616e-14 -6.96333e-13 4.82631e-13
13.49 -1.57589e-10 -5.29151e-10 1.32926e-10 -5.29151e-10 -6.79018e-13 3.65682e-14 6.9685e-13 -4.83214e-13
13.5 1.57697e-10 5.29544e-10 -1.33033e-10 5.29544e-10 6.98008e-13 -3.7491e-14 -6.79075e-13 4.83881e-13
13.51 -1.57804e-10 -5.29936e-10 1.33141e-10 -5.29936e-10 -6.94773e-13 3.82839e-14 6.83526e-13 -4.84677e-13
13.52 1.57912e-10 5.30329e-10 -1.33249e-10 5.30329e-10 6.80764e-13 -3.89849e-14 -6.9875e-13 4.85566e-13
13.53 -1.5802e-10 -5.30721e-10 1.33356e-10 -5.30721e-10 -6.87567e-13 3.9583e-14 6.93162e-13 -4.86558e-13
13.54 1.58127e-10 5.31113e-10 -1.33464e-10 5.31113e-10 6.99133e-13 -4.00759e-14 -6.82812e-13 4.87654e-13
13.55 -1.58235e-10 -5.31506e-10 1.33572e-10 -5.31506e-10 -6.9233e-13 4.07139e-14 6.9083e-13 -4.88606e-13
13.56 1.58343e-10 5.31898e-10 -1.3368e-10 5.31898e-10 6.85343e-13 -4.16241e-14 -6.99033e-13 4.89285e-13
13.57 -1.58451e-10 -5.32291e-10 1.33787e-10 -5.32291e-10 -6.93714e-13 4.25382e-14 6.91877e-13 -4.89961e-13
13.58 1.58558e-10 5.32683e-10 -1.33895e-10 5.32683e-10 6.99054e-13 -4.34689e-14 -6.87753e-13 4.9062e-13
13.59 -1.58666e-10 -5.33075e-10 1.34003e-10 -5.33075e-10 -6.92176e-13 4.43305e-14 6.95846e-13 -4.91348e-13
13.6 1.58774e-10 5.33468e-10 -1.3411e-10 5.33468e-10 6.9039e-13 -4.50088e-14 -6.98847e-13 4.92259e-13
13.61 -1.58882e-10 -5.3386e-10 1.34218e-10 -5.3386e-10 -6.978e-13 4.56893e-14 6.92653e-13 -4.93169e-13
13.62 1.58989e-10 5.34253e-10 -1.34326e-10 5.34253e-10 6.99029e-13 -4.63397e-14 -6.92639e-13 4.94108e-13
13.63 -1.59097e-10 -5.34645e-10 1.34434e-10 -5.34645e-10 -6.93861e-13 4.7134e-14 6.99023e-13 -4.94903e-13
13.64 1.59205e-10 5.35037e-10 -1.34541e-10 5.35037e-10 6.95126e-13 -4.82271e-14 -6.98974e-13 4.954e-13
13.65 -1.59312e-10 -5.3543e-10 1.34649e-10 -5.3543e-10 -7.00363e-13 4.92236e-14 6.94952e-13 -4.95993e-13
13.66 1.5942e-10 5.35822e-10 -1.34757e-10 5.35822e-10 6.99417e-13 -4.98956e-14 -6.97113e-13 4.96911e-13
13.67 -1.59528e-10 -5.36215e-10 1.34864e-10 -5.36215e-10 -6.96392e-13 5.05125e-14 7.01353e-13 -4.97883e-13
13.68 1.59636e-10 5.36607e-10 -1.34972e-10 5.36607e-10 6.99002e-13 -5.1118e-14 -6.99959e-13 4.98868e-13
13.69 -1.59743e-10 -5.36999e-10 1.3508e-10 -5.36999e-10 -7.02247e-13 5.17877e-14 6.9793e-13 -4.99787e-13
13.7 1.59851e-10 5.37392e-10 -1.35188e-10 5.37392e-10 7.0067e-13 -5.26462e-14 -7.00721e-13 5.00519e-13
13.71 -1.59959e-10 -5.37784e-10 1.35295e-10 -5.37784e-10 -6.99593e-13 5.35628e-14 7.03014e-13 -5.01192e-13
13.72 1.60066e-10 5.38177e-10 -1.35403e-10 5.38177e-10 7.02426e-13 -5.44685e-14 -7.01397e-13 5.01876e-13
13.73 -1.60174e-10 -5.38569e-10 1.35511e-10 -5.38569e-10 -7.0402e-13 5.53746e-14 7.01018e-13 -5.02559e-13
13.74 1.60282e-10 5.38961e-10 -1.35619e-10 5.38961e-10 7.02596e-13 -5.62645e-14 -7.03657e-13 5.03259e-13
13.75 -1.6039e-10 -5.39354e-10 1.35726e-10 -5.39354e-10 -7.02761e-13 5.71395e-14 7.04708e-13 -5.03974e-13
13.76 1.60497e-10 5.39746e-10 -1.35834e-10 5.39746e-10 7.0513e-13 -5.79557e-14 -7.03554e-13 5.04747e-13
13.77 -1.60605e-10 -5.40139e-10 1.35942e-10 -5.40139e-10 -7.05811e-13 5.86993e-14 7.04089e-13 -5.05593e-13
13.78 1.60713e-10 5.40531e-10 -1.36049e-10 5.40531e-10 7.04893e-13 -5.948e-14 -7.06222e-13 5.06402e-13
13.79 -1.6082e-10 -5.40923e-10 1.36157e-10 -5.40923e-10 -7.05656e-13 6.02749e-14 7.06675e-13 -5.07197e-13
13.8 1.60928e-10 5.41316e-10 -1.36265e-10 5.41316e-10 7.07513e-13 -6.09817e-14 -7.06033e-13 5.0808e-13
13.81 -1.61036e-10 -5.41708e-10 1.36373e-10 -5.41708e-10 -7.07765e-13 6.16682e-14 7.06997e-13 -5.08983e-13
13.82 1.61144e-10 5.42101e-10 -1.3648e-10 5.42101e-10 7.07427e-13 -6.23968e-14 -7.0855e-13 5.09844e-13
13.83 -1.61251e-10 -5.42493e-10 1.36588e-10 -5.42493e-10 -7.08555e-13 6.31011e-14 7.08637e-13 -5.10729e-13
13.84 1.61359e-10 5.42885e-10 -1.36696e-10 5.42885e-10 7.09857e-13 -6.38067e-14 -7.0855e-13 5.11613e-13
13.85 -1.61467e-10 -5.43278e-10 1.36803e-10 -5.43278e-10 -7.09865e-13 6.45723e-14 7.09759e-13 -5.12437e-13
13.86 1.61574e-10 5.4367e-10 -1.36911e-10 5.4367e-10 7.09998e-13 -6.53809e-14 -7.10841e-13 5.13218e-13
13.87 -1.61682e-10 -5.44063e-10 1.37019e-10 -5.44063e-10 -7.11161e-13 6.61915e-14 7.10893e-13 -5.13998e-13
13.88 1.6179e-10 5.44455e-10 -1.37127e-10 5.44455e-10 7.1203e-13 -6.70152e-14 -7.11239e-13 5.14764e-13
13.89 -1.61898e-10 -5.44847e-10 1.37234e-10 -5.44847e-10 -7.12215e-13 6.78887e-14 7.12269e-13 -5.1548e-13
13.9 1.62005e-10 5.4524e-10 -1.37342e-10 5.4524e-10 7.12701e-13 -6.87582e-14 -7.12999e-13 5.162e-13
13.91 -1.62113e-10 -5.45632e-10 1.3745e-10 -5.45632e-10 -7.13625e-13 6.96191e-14 7.13291e-13 -5.16929e-13
13.92 1.62221e-10 5.46025e-10 -1.37557e-10 5.46025e-10 7.14256e-13 -7.04708e-14 -7.13875e-13 5.17666e-13
13.93 -1.62328e-10 -5.46417e-10 1.37665e-10 -5.46417e-10 -7.14596e-13 7.13156e-14 7.14751e-13 -5.18411e-13
13.94 1.62436e-10 5.46809e-10 -1.37773e-10 5.46809e-10 7.15238e-13 -7.21243e-14 -7.15324e-13 5.19192e-13
13.95 -1.62544e-10 -5.47202e-10 1.37881e-10 -5.47202e-10 -7.16068e-13 7.28952e-14 7.1571e-13 -5.20011e-13
13.96 1.62652e-10 5.47594e-10 -1.37988e-10 5.47594e-10 7.16649e-13 -7.36544e-14 -7.16344e-13 5.20842e-13
13.97 -1.62759e-10 -5.47987e-10 1.38096e-10 -5.47987e-10 -7.17099e-13 7.44158e-14 7.1711e-13 -5.2167e-13
13.98 1.62867e-10 5.48379e-10 -1.38204e-10 5.48379e-10 7.17713e-13 -7.51887e-14 -7.17711e-13 5.22487e-13
13.99 -1.62975e-10 -5.48771e-10 1.38311e-10 -5.48771e-10 -7.18444e-13 7.59761e-14 7.18195e-13 -5.23289e-13
14 1.63083e-10 5.49164e-10 -1.38419e-10 5.49164e-10 7.1904e-13 -7.67761e-14 -7.18814e-13 5.24078e-13
14.01 -1.6319e-10 -5.49556e-10 1.38527e-10 -5.49556e-10 -7.19537e-13 7.75835e-14 7.19533e-13 -5.24861e-13
14.02 1.63298e-10 5.49949e-10 -1.38635e-10 5.49949e-10 7.20162e-13 -7.83924e-14 -7.20123e-13 5.25641e-13
14.03 -1.63406e-10 -5.50341e-10 1.38742e-10 -5.50341e-10 -7.20879e-13 7.91983e-14 7.20622e-13 -5.26425e-13
14.04 1.63513e-10 5.50733e-10 -1.3885e-10 5.50733e-10 7.21465e-13 -7.99987e-14 -7.21251e-13 5.27214e-13
14.05 -1.63621e-10 -5.51126e-10 1.38958e-10 -5.51126e-10 -7.21963e-13 8.07937e-14 7.21968e-13 -5.28009e-13
14.06 1.63729e-10 5.51518e-10 -1.39065e-10 5.51518e-10 7.22594e-13 -8.15847e-14 -7.22553e-13 5.28808e-13
14.07 -1.63837e-10 -5.51911e-10 1.39173e-10 -5.51911e-10 -7.23312e-13 8.2374e-14 7.23051e-13 -5.29608e-13
14.08 1.63944e-10 5.52303e-10 -1.39281e-10 5.52303e-10 7.23897e-13 -8.31637e-14 -7.23681e-13 5.30408e-13
14.09 -1.64052e-10 -5.52695e-10 1.39389e-10 -5.52695e-10 -7.24394e-13 8.39553e-14 7.244e-13 -5.31206e-13
14.1 1.6416e-10 5.53088e-10 -1.39496e-10 5.53088e-10 7.25024e-13 -8.47491e-14 -7.24984e-13 5.32002e-13
14.11 -1.64267e-10 -5.5348e-10 1.39604e-10 -5.5348e-10 -7.25743e-13 8.55448e-14 7.25481e-13 -5.32796e-13
14.12 1.64375e-10 5.53873e-10 -1.39712e-10 5.53873e-10 7.26328e-13 -8.63416e-14 -7.26112e-13 5.33589e-13
14.13 -1.64483e-10 -5.54265e-10 1.3982e-10 -5.54265e-10 -7.26825e-13 8.71386e-14 7.2683e-13 -5.34382e-13
14.14 1.64591e-10 5.54657e-10 -1.39927e-10 5.54657e-10 7.27455e-13 -8.79351e-14 -7.27415e-13 5.35175e-13
14.15 -1.64698e-10 -5.5505e-10 1.40035e-10 -5.5505e-10 -7.28174e-13 8.87307e-14 7.27912e-13 -5.35969e-13
14.16 1.64806e-10 5.55442e-10 -1.40143e-10 5.55442e-10 7.28758e-13 -8.95255e-14 -7.28543e-13 5.36764e-13
14.17 -1.64914e-10 -5.55835e-10 1.4025e-10 -5.55835e-10 -7.29255e-13 9.03198e-14 7.29261e-13 -5.37559e-13
14.18 1.65021e-10 5.56227e-10 -1.40358e-10 5.56227e-10 7.29886e-13 -9.11137e-14 -7.29846e-13 5.38355e-13
14.19 -1.65129e-10 -5.56619e-10 1.40466e-10 -5.56619e-10 -7.30604e-13 9.19078e-14 7.30343e-13 -5.3915e-13
14.2 1.65237e-10 5.57012e-10 -1.40574e-10 5.57012e-10 7.31189e-13 -9.27021e-14 -7.30974e-13 5.39946e-13
14.21 -1.65345e-10 -5.57404e-10 1.40681e-10 -5.57404e-10 -7.31686e-13 9.34968e-14 7.31692e-13 -5.40741e-13
14.22 1.65452e-10 5.57797e-10 -1.40789e-10 5.57797e-10 7.32317e-13 -9.42918e-14 -7.32277e-13 5.41535e-13
14.23 -1.6556e-10 -5.58189e-10 1.40897e-10 -5.58189e-10 -7.33035e-13 9.50869e-14 7.32774e-13 -5.4233e-13
14.24 1.65668e-10 5.58581e-10 -1.41004e-10 5.58581e-10 7.3362e-13 -9.58821e-14 -7.33405e-13 5.43124e-13
14.25 -1.65775e-10 -5.58974e-10 1.41112e-10 -5.58974e-10 -7.34117e-13 9.66772e-14 7.34123e-13 -5.43919e-13
14.26 1.65883e-10 5.59366e-10 -1.4122e-10 5.59366e-10 7.34748e-13 -9.74721e-14 -7.34708e-13 5.44714e-13
14.27 -1.65991e-10 -5.59759e-10 1.41328e-10 -5.59759e-10 -7.35466e-13 9.8267e-14 7.35205e-13 -5.45508e-13
14.28 1.66099e-10 5.60151e-10 -1.41435e-10 5.60151e-10 7.36051e-13 -9.90617e-14 -7.35835e-13 5.46303e-13
14.29 -1.66206e-10 -5.60543e-10 1.41543e-10 -5.60543e-10 -7.36548e-13 9.98564e-14 7.36554e-13 -5.47098e-13
14.3 1.66314e-10 5.60936e-10 -1.41651e-10 5.60936e-10 7.37179e-13 -1.00651e-13 -7.37139e-13 5.47893e-13
14.31 -1.66422e-10 -5.61328e-10 1.41758e-10 -5.61328e-10 -7.37897e-13 1.01446e-13 7.37636e-13 -5.48688e-13
14.32 1.66529e-10 5.61721e-10 -1.41866e-10 5.61721e-10 7.38482e-13 -1.02241e-13 -7.38266e-13 5.49483e-13
14.33 -1.66637e-10 -5.62113e-10 1.41974e-10 -5.62113e-10 -7.38979e-13 1.03036e-13 7.38985e-13 -5.50278e-13
14.34 1.66745e-10 5.62505e-10 -1.42082e-10 5.62505e-10 7.39609e-13 -1.0383e-13 -7.39569e-13 5.51073e-13
14.35 -1.66853e-10 -5.62898e-10 1.42189e-10 -5.62898e-10 -7.40328e-13 1.04625e-13 7.40066e-13 -5.51867e-13
14.36 1.6696e-10 5.6329e-10 -1.42297e-10 5.6329e-10 7.40913e-13 -1.0542e-13 -7.40697e-13 5.52662e-13
14.37 -1.67068e-10 -5.63683e-10 1.42405e-10 -5.63683e-10 -7.4141e-13 1.06215e-13 7.41416e-13 -5.53457e-13
14.38 1.67176e-10 5.64075e-10 -1.42512e-10 5.64075e-10 7.4204e-13 -1.0701e-13 -7.42e-13 5.54252e-13
14.39 -1.67283e-10 -5.64467e-10 1.4262e-10 -5.64467e-10 -7.42759e-13 1.07805e-13 7.42497e-13 -5.55047e-13
14.4 1.67391e-10 5.6486e-10 -1.42728e-10 5.6486e-10 7.43344e-13 -1.08599e-13 -7.43128e-13 5.55841e-13
14.41 -1.67499e-10 -5.65252e-10 1.42836e-10 -5.65252e-10 -7.43841e-13 1.09394e-13 7.43846e-13 -5.56636e-13
14.42 1.67607e-10 5.65645e-10 -1.42943e-10 5.65645e-10 7.44471e-13 -1.10189e-13 -7.44431e-13 5.57431e-13
14.43 -1.67714e-10 -5.66037e-10 1.43051e-10 -5.66037e-10 -7.4519e-13 1.10984e-13 7.44928e-13 -5.58226e-13
14.44 1.67822e-10 5.66429e-10 -1.43159e-10 5.66429e-10 7.45774e-13 -1.11779e-13 -7.45559e-13 5.59021e-13
14.45 -1.6793e-10 -5.66822e-10 1.43266e-10 -5.66822e-10 -7.46271e-13 1.12574e-13 7.46277e-13 -5.59816e-13
14.46 1.68038e-10 5.67214e-10 -1.43374e-10 5.67214e-10 7.46902e-13 -1.13368e-13 -7.46862e-13 5.6061e-13
14.47 -1.68145e-10 -5.67607e-10 1.43482e-10 -5.67607e-10 -7.4762e-13 1.14163e-13 7.47359e-13 -5.61405e-13
14.48 1.68253e-10 5.67999e-10 -1.4359e-10 5.67999e-10 7.48205e-13 -1.14958e-13 -7.4799e-13 5.622e-13
14.49 -1.68361e-10 -5.68391e-10 1.43697e-10 -5.68391e-10 -7.48702e-13 1.15753e-13 7.48708e-13 -5.62995e-13
14.5 1.68468e-10 5.68784e-10 -1.43805e-10 5.68784e-10 7.49333e-13 -1.16548e-13 -7.49293e-13 5.6379e-13
14.51 -1.68576e-10 -5.69176e-10 1.43913e-10 -5.69176e-10 -7.50051e-13 1.17343e-13 7.4979e-13 -5.64585e-13
14.52 1.68684e-10 5.69569e-10 -1.4402e-10 5.69569e-10 7.50636e-13 -1.18137e-13 -7.50421e-13 5.65379e-13
14.53 -1.68792e-10 -5.69961e-10 1.44128e-10 -5.69961e-10 -7.51133e-13 1.18932e-13 7.51139e-13 -5.66174e-13
14.54 1.68899e-10 5.70353e-10 -1.44236e-10 5.70353e-10 7.51764e-13 -1.19727e-13 -7.51724e-13 5.66969e-13
14.55 -1.69007e-10 -5.70746e-10 1.44344e-10 -5.70746e-10 -7.52482e-13 1.20522e-13 7.52221e-13 -5.67764e-13
14.56 1.69115e-10 5.71138e-10 -1.44451e-10 5.71138e-10 7.53067e-13 -1.21317e-13 -7.52851e-13 5.68559e-13
14.57 -1.69222e-10 -5.71531e-10 1.44559e-10 -5.71531e-10 -7.53564e-13 1.22112e-13 7.5357e-13 -5.69354e-13
14.58 1.6933e-10 5.71923e-10 -1.44667e-10 5.71923e-10 7.54195e-13 -1.22906e-13 -7.54155e-13 5.70148e-13
14.59 -1.69438e-10 -5.72315e-10 1.44775e-10 -5.72315e-10 -7.54913e-13 1.23701e-13 7.54652e-13 -5.70943e-13
14.6 1.69546e-10 5.72708e-10 -1.44882e-10 5.72708e-10 7.55498e-13 -1.24496e-13 -7.55282e-13 5.71738e-13
14.61 -1.69653e-10 -5.731e-10 1.4499e-10 -5.731e-10 -7.55995e-13 1.25291e-13 7.56001e-13 -5.72533e-13
14.62 1.69761e-10 5.73493e-10 -1.45098e-10 5.73493e-10 7.56625e-13 -1.26086e-13 -7.56585e-13 5.73328e-13
14.63 -1.69869e-10 -5.73885e-10 1.45205e-10 -5.73885e-10 -7.57344e-13 1.26881e-13 7.57082e-13 -5.74123e-13
14.64 1.69976e-10 5.74277e-10 -1.45313e-10 5.74277e-10 7.57929e-13 -1.27675e-13 -7.57713e-13 5.74917e-13
14.65 -1.70084e-10 -5.7467e-10 1.45421e-10 -5.7467e-10 -7.58426e-13 1.2847e-13 7.58431e-13 -5.75712e-13
14.66 1.70192e-10 5.75062e-10 -1.45529e-10 5.75062e-10 7.59056e-13 -1.29265e-13 -7.59016e-13 5.76507e-13
14.67 -1.703e-10 -5.75455e-10 1.45636e-10 -5.75455e-10 -7.59775e-13 1.3006e-13 7.59513e-13 -5.77302e-13
14.68 1.70407e-10 5.75847e-10 -1.45744e-10 5.75847e-10 7.60359e-13 -1.30855e-13 -7.60144e-13 5.78097e-13
14.69 -1.70515e-10 -5.76239e-10 1.45852e-10 -5.76239e-10 -7.60856e-13 1.31649e-13 7.60862e-13 -5.78892e-13
14.7 1.70623e-10 5.76632e-10 -1.45959e-10 5.76632e-10 7.61487e-13 -1.32444e-13 -7.61447e-13 5.79686e-13
14.71 -1.7073e-10 -5.77024e-10 1.46067e-10 -5.77024e-10 -7.62205e-13 1.33239e-13 7.61944e-13 -5.80481e-13
14.72 1.70838e-10 5.77417e-10 -1.46175e-10 5.77417e-10 7.6279e-13 -1.34034e-13 -7.62575e-13 5.81276e-13
14.73 -1.70946e-10 -5.77809e-10 1.46283e-10 -5.77809e-10 -7.63287e-13 1.34829e-13 7.63293e-13 -5.82071e-13
14.74 1.71054e-10 5.78201e-10 -1.4639e-10 5.78201e-10 7.63918e-13 -1.35624e-13 -7.63878e-13 5.82866e-13
14.75 -1.71161e-10 -5.78594e-10 1.46498e-10 -5.78594e-10 -7.64636e-13 1.36418e-13 7.64375e-13 -5.83661e-13
14.76 1.71269e-10 5.78986e-10 -1.46606e-10 5.78986e-10 7.65221e-13 -1.37213e-13 -7.65006e-13 5.84455e-13
14.77 -1.71377e-10 -5.79379e-10 1.46713e-10 -5.79379e-10 -7.65718e-13 1.38008e-13 7.65724e-13 -5.8525e-13
14.78 1.71484e-10 5.79771e-10 -1.46821e-10 5.79771e-10 7.66349e-13 -1.38803e-13 -7.66309e-13 5.86045e-13
14.79 -1.71592e-10 -5.80163e-10 1.46929e-10 -5.80163e-10 -7.67067e-13 1.39598e-13 7.66806e-13 -5.8684e-13
14.8 1.717e-10 5.80556e-10 -1.47037e-10 5.80556e-10 7.67652e-13 -1.40393e-13 -7.67436e-13 5.87635e-13
14.81 -1.71808e-10 -5.80948e-10 1.47144e-10 -5.80948e-10 -7.68149e-13 1.41187e-13 7.68155e-13 -5.88429e-13
14.82 1.71915e-10 5.81341e-10 -1.47252e-10 5.81341e-10 7.6878e-13 -1.41982e-13 -7.6874e-13 5.89224e-13
14.83 -1.72023e-10 -5.81733e-10 1.4736e-10 -5.81733e-10 -7.69498e-13 1.42777e-13 7.69237e-13 -5.90019e-13
14.84 1.72131e-10 5.82125e-10 -1.47467e-10 5.82125e-10 7.70083e-13 -1.43572e-13 -7.69867e-13 5.90814e-13
14.85 -1.72239e-10 -5.82518e-10 1.47575e-10 -5.82518e-10 -7.7058e-13 1.44367e-13 7.70586e-13 -5.91609e-13
14.86 1.72346e-10 5.8291e-10 -1.47683e-10 5.8291e-10 7.7121e-13 -1.45162e-13 -7.71171e-13 5.92404e-13
14.87 -1.72454e-10 -5.83303e-10 1.47791e-10 -5.83303e-10 -7.71929e-13 1.45956e-13 7.71668e-13 -5.93198e-13
14.88 1.72562e-10 5.83695e-10 -1.47898e-10 5.83695e-10 7.72514e-13 -1.46751e-13 -7.72298e-13 5.93993e-13
14.89 -1.72669e-10 -5.84087e-10 1.48006e-10 -5.84087e-10 -7.73011e-13 1.47546e-13 7.73017e-13 -5.94788e-13
14.9 1.72777e-10 5.8448e-10 -1.48114e-10 5.8448e-10 7.73641e-13 -1.48341e-13 -7.73601e-13 5.95583e-13
14.91 -1.72885e-10 -5.84872e-10 1.48221e-10 -5.84872e-10 -7.7436e-13 1.49136e-13 7.74098e-13 -5.96378e-13
14.92 1.72993e-10 5.85265e-10 -1.48329e-10 5.85265e-10 7.74945e-13 -1.49931e-13 -7.74729e-13 5.97173e-13
14.93 -1.731e-10 -5.85657e-10 1.48437e-10 -5.85657e-10 -7.75442e-13 1.50725e-13 7.75447e-13 -5.97967e-13
14.94 1.73208e-10 5.86049e-10 -1.48545e-10 5.86049e-10 7.76072e-13 -1.5152e-13 -7.76032e-13 5.98762e-13
14.95 -1.73316e-10 -5.86442e-10 1.48652e-10 -5.86442e-10 -7.76791e-13 1.52315e-13 7.76529e-13 -5.99557e-13
14.96 1.73423e-10 5.86834e-10 -1.4876e-10 5.86834e-10 7.77375e-13 -1.5311e-13 -7.7716e-13 6.00352e-13
14.97 -1.73531e-10 -5.87227e-10 1.48868e-10 -5.87227e-10 -7.77872e-13 1.53905e-13 7.77878e-13 -6.01147e-13
14.98 1.73639e-10 5.87619e-10 -1.48976e-10 5.87619e-10 7.78503e-13 -1.547e-13 -7.78463e-13 6.01942e-13
14.99 -1.73747e-10 -5.88011e-10 1.49083e-10 -5.88011e-10 -7.79221e-13 1.55494e-13 7.7896e-13 -6.02736e-13
15 1.73854e-10 5.88404e-10 -1.49191e-10 5.88404e-10 7.79806e-13 -1.56289e-13 -7.79591e-13 6.03531e-13
15.01 -1.73962e-10 -5.88796e-10 1.49299e-10 -5.88796e-10 -7.80303e-13 1.57084e-13 7.80309e-13 -6.04326e-13
15.02 1.7407e-10 5.89189e-10 -1.49406e-10 5.89189e-10 7.80934e-13 -1.57879e-13 -7.80894e-13 6.05121e-13
15.03 -1.74177e-10 -5.89581e-10 1.49514e-10 -5.89581e-10 -7.81652e-13 1.58674e-13 7.81391e-13 -6.05916e-13
15.04 1.74285e-10 5.89973e-10 -1.49622e-10 5.89973e-10 7.82237e-13 -1.59469e-13 -7.82022e-13 6.06711e-13
15.05 -1.74393e-10 -5.90366e-10 1.4973e-10 -5.90366e-10 -7.82734e-13 1.60263e-13 7.8274e-13 -6.07505e-13
15.06 1.74501e-10 5.90758e-10 -1.49837e-10 5.90758e-10 7.83365e-13 -1.61058e-13 -7.83325e-13 6.083e-13
15.07 -1.74608e-10 -5.91151e-10 1.49945e-10 -5.91151e-10 -7.84083e-13 1.61853e-13 7.83822e-13 -6.09095e-13
15.08 1.74716e-10 5.91543e-10 -1.50053e-10 5.91543e-10 7.84668e-13 -1.62648e-13 -7.84452e-13 6.0989e-13
15.09 -1.74824e-10 -5.91935e-10 1.5016e-10 -5.91935e-10 -7.85165e-13 1.63443e-13 7.85171e-13 -6.10685e-13
15.1 1.74931e-10 5.92328e-10 -1.50268e-10 5.92328e-10 7.85796e-13 -1.64237e-13 -7.85756e-13 6.1148e-13
15.11 -1.75039e-10 -5.9272e-10 1.50376e-10 -5.9272e-10 -7.86514e-13 1.65032e-13 7.86253e-13 -6.12274e-13
15.12 1.75147e-10 5.93113e-10 -1.50484e-10 5.93113e-10 7.87099e-13 -1.65827e-13 -7.86883e-13 6.13069e-13
15.13 -1.75255e-10 -5.93505e-10 1.50591e-10 -5.93505e-10 -7.87596e-13 1.66622e-13 7.87602e-13 -6.13864e-13
15.14 1.75362e-10 5.93897e-10 -1.50699e-10 5.93897e-10 7.88226e-13 -1.67417e-13 -7.88186e-13 6.14659e-13
15.15 -1.7547e-10 -5.9429e-10 1.50807e-10 -5.9429e-10 -7.88945e-13 1.68212e-13 7.88683e-13 -6.15454e-13
15.16 1.75578e-10 5.94682e-10 -1.50914e-10 5.94682e-10 7.8953e-13 -1.69006e-13 -7.89314e-13 6.16249e-13
15.17 -1.75685e-10 -5.95075e-10 1.51022e-10 -5.95075e-10 -7.90027e-13 1.69801e-13 7.90033e-13 -6.17043e-13
15.18 1.75793e-10 5.95467e-10 -1.5113e-10 5.95467e-10 7.90657e-13 -1.70596e-13 -7.90617e-13 6.17838e-13
15.19 -1.75901e-10 -5.95859e-10 1.51238e-10 -5.95859e-10 -7.91376e-13 1.71391e-13 7.91114e-13 -6.18633e-13
15.2 1.76009e-10 5.96252e-10 -1.51345e-10 5.96252e-10 7.9196e-13 -1.72186e-13 -7.91745e-13 6.19428e-13
15.21 -1.76116e-10 -5.96644e-10 1.51453e-10 -5.96644e-10 -7.92457e-13 1.72981e-13 7.92463e-13 -6.20223e-13
15.22 1.76224e-10 5.97037e-10 -1.51561e-10 5.97037e-10 7.93088e-13 -1.73775e-13 -7.93048e-13 6.21017e-13
15.23 -1.76332e-10 -5.97429e-10 1.51668e-10 -5.97429e-10 -7.93807e-13 1.7457e-13 7.93545e-13 -6.21812e-13
15.24 1.76439e-10 5.97821e-10 -1.51776e-10 5.97821e-10 7.94391e-13 -1.75365e-13 -7.94176e-13 6.22607e-13
15.25 -1.76547e-10 -5.98214e-10 1.51884e-10 -5.98214e-10 -7.94888e-13 1.7616e-13 7.94894e-13 -6.23402e-13
15.26 1.76655e-10 5.98606e-10 -1.51992e-10 5.98606e-10 7.95519e-13 -1.76955e-13 -7.95479e-13 6.24197e-13
15.27 -1.76763e-10 -5.98999e-10 1.52099e-10 -5.98999e-10 -7.96237e-13 1.7775e-13 7.95976e-13 -6.24992e-13
15.28 1.7687e-10 5.99391e-10 -1.52207e-10 5.99391e-10 7.96822e-13 -1.78544e-13 -7.96607e-13 6.25786e-13
15.29 -1.76978e-10 -5.99783e-10 1.52315e-10 -5.99783e-10 -7.97319e-13 1.79339e-13 7.97325e-13 -6.26581e-13
15.3 1.77086e-10 6.00176e-10 -1.52422e-10 6.00176e-10 7.9795e-13 -1.80134e-13 -7.9791e-13 6.27376e-13
15.31 -1.77194e-10 -6.00568e-10 1.5253e-10 -6.00568e-10 -7.98668e-13 1.80929e-13 7.98407e-13 -6.28171e-13
15.32 1.77301e-10 6.00961e-10 -1.52638e-10 6.00961e-10 7.99253e-13 -1.81724e-13 -7.99037e-13 6.28966e-13
15.33 -1.77409e-10 -6.01353e-10 1.52746e-10 -6.01353e-10 -7.9975e-13 1.82519e-13 7.99756e-13 -6.29761e-13
15.34 1.77517e-10 6.01745e-10 -1.52853e-10 6.01745e-10 8.00381e-13 -1.83313e-13 -8.00341e-13 6.30555e-13
15.35 -1.77624e-10 -6.02138e-10 1.52961e-10 -6.02138e-10 -8.01099e-13 1.84108e-13 8.00838e-13 -6.3135e-13
15.36 1.77732e-10 6.0253e-10 -1.53069e-10 6.0253e-10 8.01684e-13 -1.84903e-13 -8.01468e-13 6.32145e-13
15.37 -1.7784e-10 -6.02923e-10 1.53176e-10 -6.02923e-10 -8.02181e-13 1.85698e-13 8.02187e-13 -6.3294e-13
15.38 1.77948e-10 6.03315e-10 -1.53284e-10 6.03315e-10 8.02811e-13 -1.86493e-13 -8.02772e-13 6.33735e-13
15.39 -1.78055e-10 -6.03707e-10 1.53392e-10 -6.03707e-10 -8.0353e-13 1.87288e-13 8.03269e-13 -6.3453e-13
15.4 1.78163e-10 6.041e-10 -1.535e-10 6.041e-10 8.04115e-13 -1.88082e-13 -8.03899e-13 6.35324e-13
15.41 -1.78271e-10 -6.04492e-10 1.53607e-10 -6.04492e-10 -8.04612e-13 1.88877e-13 8.04618e-13 -6.36119e-13
15.42 1.78378e-10 6.04885e-10 -1.53715e-10 6.04885e-10 8.05242e-13 -1.89672e-13 -8.05202e-13 6.36914e-13
15.43 -1.78486e-10 -6.05277e-10 1.53823e-10 -6.05277e-10 -8.05961e-13 1.90467e-13 8.05699e-13 -6.37709e-13
15.44 1.78594e-10 6.05669e-10 -1.53931e-10 6.05669e-10 8.06546e-13 -1.91262e-13 -8.0633e-13 6.38504e-13
15.45 -1.78702e-10 -6.06062e-10 1.54038e-10 -6.06062e-10 -8.07043e-13 1.92057e-13 8.07048e-13 -6.39299e-13
15.46 1.78809e-10 6.06454e-10 -1.54146e-10 6.06454e-10 8.07673e-13 -1.92851e-13 -8.07633e-13 6.40093e-13
15.47 -1.78917e-10 -6.06847e-10 1.54254e-10 -6.06847e-10 -8.08392e-13 1.93646e-13 8.0813e-13 -6.40888e-13
15.48 1.79025e-10 6.07239e-10 -1.54361e-10 6.07239e-10 8.08976e-13 -1.94441e-13 -8.08761e-13 6.41683e-13
15.49 -1.79132e-10 -6.07631e-10 1.54469e-10 -6.07631e-10 -8.09473e-13 1.95236e-13 8.09479e-13 -6.42478e-13
15.5 1.7924e-10 6.08024e-10 -1.54577e-10 6.08024e-10 8.10104e-13 -1.96031e-13 -8.10064e-13 6.43273e-13
15.51 -1.79348e-10 -6.08416e-10 1.54685e-10 -6.08416e-10 -8.10822e-13 1.96825e-13 8.10561e-13 -6.44068e-13
15.52 1.79456e-10 6.08809e-10 -1.54792e-10 6.08809e-10 8.11407e-13 -1.9762e-13 -8.11192e-13 6.44862e-13
15.53 -1.79563e-10 -6.09201e-10 1.549e-10 -6.09201e-10 -8.11904e-13 1.98415e-13 8.1191e-13 -6.45657e-13
15.54 1.79671e-10 6.09593e-10 -1.55008e-10 6.09593e-10 8.12535e-13 -1.9921e-13 -8.12495e-13 6.46452e-13
15.55 -1.79779e-10 -6.09986e-10 1.55115e-10 -6.09986e-10 -8.13253e-13 2.00005e-13 8.12992e-13 -6.47247e-13
15.56 1.79886e-10 6.10378e-10 -1.55223e-10 6.10378e-10 8.13838e-13 -2.008e-13 -8.13623e-13 6.48042e-13
15.57 -1.79994e-10 -6.10771e-10 1.55331e-10 -6.10771e-10 -8.14335e-13 2.01594e-13 8.14341e-13 -6.48837e-13
15.58 1.80102e-10 6.11163e-10 -1.55439e-10 6.11163e-10 8.14966e-13 -2.02389e-13 -8.14926e-13 6.49631e-13
15.59 -1.8021e-10 -6.11555e-10 1.55546e-10 -6.11555e-10 -8.15684e-13 2.03184e-13 8.15423e-13 -6.50426e-13
15.6 1.80317e-10 6.11948e-10 -1.55654e-10 6.11948e-10 8.16269e-13 -2.03979e-13 -8.16053e-13 6.51221e-13
15.61 -1.80425e-10 -6.1234e-10 1.55762e-10 -6.1234e-10 -8.16766e-13 2.04774e-13 8.16772e-13 -6.52016e-13
15.62 1.80533e-10 6.12733e-10 -1.55869e-10 6.12733e-10 8.17397e-13 -2.05569e-13 -8.17357e-13 6.52811e-13
15.63 -1.8064e-10 -6.13125e-10 1.55977e-10 -6.13125e-10 -8.18115e-13 2.06363e-13 8.17854e-13 -6.53605e-13
15.64 1.80748e-10 6.13517e-10 -1.56085e-10 6.13517e-10 8.187e-13 -2.07158e-13 -8.18484e-13 6.544e-13
15.65 -1.80856e-10 -6.1391e-10 1.56193e-10 -6.1391e-10 -8.19197e-13 2.07953e-13 8.19203e-13 -6.55195e-13
15.66 1.80964e-10 6.14302e-10 -1.563e-10 6.14302e-10 8.19827e-13 -2.08748e-13 -8.19787e-13 6.5599e-13
15.67 -1.81071e-10 -6.14695e-10 1.56408e-10 -6.14695e-10 -8.20546e-13 2.09543e-13 8.20284e-13 -6.56785e-13
15.68 1.81179e-10 6.15087e-10 -1.56516e-10 6.15087e-10 8.21131e-13 -2.10338e-13 -8.20915e-13 6.5758e-13
15.69 -1.81287e-10 -6.15479e-10 1.56623e-10 -6.15479e-10 -8.21628e-13 2.11132e-13 8.21634e-13 -6.58374e-13
15.7 1.81395e-10 6.15872e-10 -1.56731e-10 6.15872e-10 8.22258e-13 -2.11927e-13 -8.22218e-13 6.59169e-13
15.71 -1.81502e-10 -6.16264e-10 1.56839e-10 -6.16264e-10 -8.22977e-13 2.12722e-13 8.22715e-13 -6.59964e-13
15.72 1.8161e-10 6.16657e-10 -1.56947e-10 6.16657e-10 8.23561e-13 -2.13517e-13 -8.23346e-13 6.60759e-13
15.73 -1.81718e-10 -6.17049e-10 1.57054e-10 -6.17049e-10 -8.24058e-13 2.14312e-13 8.24064e-13 -6.61554e-13
15.74 1.81825e-10 6.17441e-10 -1.57162e-10 6.17441e-10 8.24689e-13 -2.15107e-13 -8.24649e-13 6.62349e-13
15.75 -1.81933e-10 -6.17834e-10 1.5727e-10 -6.17834e-10 -8.25408e-13 2.15901e-13 8.25146e-13 -6.63143e-13
15.76 1.82041e-10 6.18226e-10 -1.57377e-10 6.18226e-10 8.25992e-13 -2.16696e-13 -8.25777e-13 6.63938e-13
15.77 -1.82149e-10 -6.18619e-10 1.57485e-10 -6.18619e-10 -8.26489e-13 2.17491e-13 8.26495e-13 -6.64733e-13
15.78 1.82256e-10 6.19011e-10 -1.57593e-10 6.19011e-10 8.2712e-13 -2.18286e-13 -8.2708e-13 6.65528e-13
15.79 -1.82364e-10 -6.19403e-10 1.57701e-10 -6.19403e-10 -8.27838e-13 2.19081e-13 8.27577e-13 -6.66323e-13
15.8 1.82472e-10 6.19796e-10 -1.57808e-10 6.19796e-10 8.28423e-13 -2.19876e-13 -8.28208e-13 6.67118e-13
15.81 -1.82579e-10 -6.20188e-10 1.57916e-10 -6.20188e-10 -8.2892e-13 2.2067e-13 8.28926e-13 -6.67912e-13
15.82 1.82687e-10 6.20581e-10 -1.58024e-10 6.20581e-10 8.29551e-13 -2.21465e-13 -8.29511e-13 6.68707e-13
15.83 -1.82795e-10 -6.20973e-10 1.58132e-10 -6.20973e-10 -8.30269e-13 2.2226e-13 8.30008e-13 -6.69502e-13
15.84 1.82903e-10 6.21365e-10 -1.58239e-10 6.21365e-10 8.30854e-13 -2.23055e-13 -8.30638e-13 6.70297e-13
15.85 -1.8301e-10 -6.21758e-10 1.58347e-10 -6.21758e-10 -8.31351e-13 2.2385e-13 8.31357e-13 -6.71092e-13
15.86 1.83118e-10 6.2215e-10 -1.58455e-10 6.2215e-10 8.31982e-13 -2.24645e-13 -8.31942e-13 6.71887e-13
15.87 -1.83226e-10 -6.22543e-10 1.58562e-10 -6.22543e-10 -8.327e-13 2.25439e-13 8.32439e-13 -6.72681e-13
15.88 1.83333e-10 6.22935e-10 -1.5867e-10 6.22935e-10 8.33285e-13 -2.26234e-13 -8.33069e-13 6.73476e-13
15.89 -1.83441e-10 -6.23327e-10 1.58778e-10 -6.23327e-10 -8.33782e-13 2.27029e-13 8.33788e-13 -6.74271e-13
15.9 1.83549e-10 6.2372e-10 -1.58886e-10 6.2372e-10 8.34413e-13 -2.27824e-13 -8.34373e-13 6.75066e-13
15.91 -1.83657e-10 -6.24112e-10 1.58993e-10 -6.24112e-10 -8.35131e-13 2.28619e-13 8.3487e-13 -6.75861e-13
15.92 1.83764e-10 6.24505e-10 -1.59101e-10 6.24505e-10 8.35716e-13 -2.29413e-13 -8.355e-13 6.76656e-13
15.93 -1.83872e-10 -6.24897e-10 1.59209e-10 -6.24897e-10 -8.36213e-13 2.30208e-13 8.36219e-13 -6.7745e-13
15.94 1.8398e-10 6.25289e-10 -1.59316e-10 6.25289e-10 8.36843e-13 -2.31003e-13 -8.36803e-13 6.78245e-13
15.95 -1.84087e-10 -6.25682e-10 1.59424e-10 -6.25682e-10 -8.37562e-13 2.31798e-13 8.373e-13 -6.7904e-13
15.96 1.84195e-10 6.26074e-10 -1.59532e-10 6.26074e-10 8.38147e-13 -2.32593e-13 -8.37931e-13 6.79835e-13
15.97 -1.84303e-10 -6.26467e-10 1.5964e-10 -6.26467e-10 -8.38644e-13 2.33388e-13 8.38649e-13 -6.8063e-13
15.98 1.84411e-10 6.26859e-10 -1.59747e-10 6.26859e-10 8.39274e-13 -2.34182e-13 -8.39234e-13 6.81425e-13
15.99 -1.84518e-10 -6.27251e-10 1.59855e-10 -6.27251e-10 -8.39993e-13 2.34977e-13 8.39731e-13 -6.82219e-13
16 1.84626e-10 6.27644e-10 -1.59963e-10 6.27644e-10 8.40577e-13 -2.35772e-13 -8.40362e-13 6.83014e-13
16.01 -1.84734e-10 -6.28036e-10 1.6007e-10 -6.28036e-10 -8.41074e-13 2.36567e-13 8.4108e-13 -6.83809e-13
16.02 1.84841e-10 6.28429e-10 -1.60178e-10 6.28429e-10 8.41705e-13 -2.37362e-13 -8.41665e-13 6.84604e-13
16.03 -1.84949e-10 -6.28821e-10 1.60286e-10 -6.28821e-10 -8.42423e-13 2.38157e-13 8.42162e-13 -6.85399e-13
16.04 1.85057e-10 6.29213e-10 -1.60394e-10 6.29213e-10 8.43008e-13 -2.38951e-13 -8.42793e-13 6.86194e-13
16.05 -1.85165e-10 -6.29606e-10 1.60501e-10 -6.29606e-10 -8.43505e-13 2.39746e-13 8.43511e-13 -6.86988e-13
16.06 1.85272e-10 6.29998e-10 -1.60609e-10 6.29998e-10 8.44136e-13 -2.40541e-13 -8.44096e-13 6.87783e-13
16.07 -1.8538e-10 -6.30391e-10 1.60717e-10 -6.30391e-10 -8.44854e-13 2.41336e-13 8.44593e-13 -6.88578e-13
16.08 1.85488e-10 6.30783e-10 -1.60824e-10 6.30783e-10 8.45439e-13 -2.42131e-13 -8.45224e-13 6.89373e-13
16.09 -1.85595e-10 -6.31175e-10 1.60932e-10 -6.31175e-10 -8.45936e-13 2.42926e-13 8.45942e-13 -6.90168e-13
16.1 1.85703e-10 6.31568e-10 -1.6104e-10 6.31568e-10 8.46567e-13 -2.4372e-13 -8.46527e-13 6.90962e-13
16.11 -1.85811e-10 -6.3196e-10 1.61148e-10 -6.3196e-10 -8.47285e-13 2.44515e-13 8.47024e-13 -6.91757e-13
16.12 1.85919e-10 6.32353e-10 -1.61255e-10 6.32353e-10 8.4787e-13 -2.4531e-13 -8.47654e-13 6.92552e-13
16.13 -1.86026e-10 -6.32745e-10 1.61363e-10 -6.32745e-10 -8.48367e-13 2.46105e-13 8.48373e-13 -6.93347e-13
16.14 1.86134e-10 6.33137e-10 -1.61471e-10 6.33137e-10 8.48998e-13 -2.469e-13 -8.48958e-13 6.94142e-13
16.15 -1.86242e-10 -6.3353e-10 1.61578e-10 -6.3353e-10 -8.49716e-13 2.47695e-13 8.49455e-13 -6.94937e-13
16.16 1.8635e-10 6.33922e-10 -1.61686e-10 6.33922e-10 8.50301e-13 -2.48489e-13 -8.50085e-13 6.95731e-13
16.17 -1.86457e-10 -6.34315e-10 1.61794e-10 -6.34315e-10 -8.50798e-13 2.49284e-13 8.50804e-13 -6.96526e-13
16.18 1.86565e-10 6.34707e-10 -1.61902e-10 6.34707e-10 8.51428e-13 -2.50079e-13 -8.51388e-13 6.97321e-13
16.19 -1.86673e-10 -6.35099e-10 1.62009e-10 -6.35099e-10 -8.52147e-13 2.50874e-13 8.51885e-13 -6.98116e-13
16.2 1.8678e-10 6.35492e-10 -1.62117e-10 6.35492e-10 8.52732e-13 -2.51669e-13 -8.52516e-13 6.98911e-13
16.21 -1.86888e-10 -6.35884e-10 1.62225e-10 -6.35884e-10 -8.53229e-13 2.52464e-13 8.53235e-13 -6.99706e-13
16.22 1.86996e-10 6.36277e-10 -1.62332e-10 6.36277e-10 8.53859e-13 -2.53258e-13 -8.53819e-13 7.005e-13
16.23 -1.87104e-10 -6.36669e-10 1.6244e-10 -6.36669e-10 -8.54578e-13 2.54053e-13 8.54316e-13 -7.01295e-13
16.24 1.87211e-10 6.37061e-10 -1.62548e-10 6.37061e-10 8.55162e-13 -2.54848e-13 -8.54947e-13 7.0209e-13
16.25 -1.87319e-10 -6.37454e-10 1.62656e-10 -6.37454e-10 -8.5566e-13 2.55643e-13 8.55665e-13 -7.02885e-13
16.26 1.87427e-10 6.37846e-10 -1.62763e-10 6.37846e-10 8.5629e-13 -2.56438e-13 -8.5625e-13 7.0368e-13
16.27 -1.87534e-10 -6.38239e-10 1.62871e-10 -6.38239e-10 -8.57009e-13 2.57233e-13 8.56747e-13 -7.04475e-13
16.28 1.87642e-10 6.38631e-10 -1.62979e-10 6.38631e-10 8.57593e-13 -2.58027e-13 -8.57378e-13 7.05269e-13
16.29 -1.8775e-10 -6.39023e-10 1.63087e-10 -6.39023e-10 -8.5809e-13 2.58822e-13 8.58096e-13 -7.06064e-13
16.3 1.87858e-10 6.39416e-10 -1.63194e-10 6.39416e-10 8.58721e-13 -2.59617e-13 -8.58681e-13 7.06859e-13
16.31 -1.87965e-10 -6.39808e-10 1.63302e-10 -6.39808e-10 -8.59439e-13 2.60412e-13 8.59178e-13 -7.07654e-13
16.32 1.88073e-10 6.40201e-10 -1.6341e-10 6.40201e-10 8.60024e-13 -2.61207e-13 -8.59809e-13 7.08449e-13
16.33 -1.88181e-10 -6.40593e-10 1.63517e-10 -6.40593e-10 -8.60521e-13 2.62001e-13 8.60527e-13 -7.09244e-13
16.34 1.88288e-10 6.40985e-10 -1.63625e-10 6.40985e-10 8.61152e-13 -2.62796e-13 -8.61112e-13 7.10038e-13
16.35 -1.88396e-10 -6.41378e-10 1.63733e-10 -6.41378e-10 -8.6187e-13 2.63591e-13 8.61609e-13 -7.10833e-13
16.36 1.88504e-10 6.4177e-10 -1.63841e-10 6.4177e-10 8.62455e-13 -2.64386e-13 -8.6224e-13 7.11628e-13
16.37 -1.88612e-10 -6.42163e-10 1.63948e-10 -6.42163e-10 -8.62952e-13 2.65181e-13 8.62958e-13 -7.12423e-13
16.38 1.88719e-10 6.42555e-10 -1.64056e-10 6.42555e-10 8.63583e-13 -2.65976e-13 -8.63543e-13 7.13218e-13
16.39 -1.88827e-10 -6.42947e-10 1.64164e-10 -6.42947e-10 -8.64301e-13 2.6677e-13 8.6404e-13 -7.14013e-13
16.4 1.88935e-10 6.4334e-10 -1.64271e-10 6.4334e-10 8.64886e-13 -2.67565e-13 -8.6467e-13 7.14807e-13
16.41 -1.89042e-10 -6.43732e-10 1.64379e-10 -6.43732e-10 -8.65383e-13 2.6836e-13 8.65389e-13 -7.15602e-13
16.42 1.8915e-10 6.44125e-10 -1.64487e-10 6.44125e-10 8.66014e-13 -2.69155e-13 -8.65974e-13 7.16397e-13
16.43 -1.89258e-10 -6.44517e-10 1.64595e-10 -6.44517e-10 -8.66732e-13 2.6995e-13 8.66471e-13 -7.17192e-13
16.44 1.89366e-10 6.44909e-10 -1.64702e-10 6.44909e-10 8.67317e-13 -2.70745e-13 -8.67101e-13 7.17987e-13
16.45 -1.89473e-10 -6.45302e-10 1.6481e-10 -6.45302e-10 -8.67814e-13 2.71539e-13 8.6782e-13 -7.18782e-13
16.46 1.89581e-10 6.45694e-10 -1.64918e-10 6.45694e-10 8.68444e-13 -2.72334e-13 -8.68404e-13 7.19576e-13
16.47 -1.89689e-10 -6.46087e-10 1.65025e-10 -6.46087e-10 -8.69163e-13 2.73129e-13 8.68901e-13 -7.20371e-13
16.48 1.89796e-10 6.46479e-10 -1.65133e-10 6.46479e-10 8.69748e-13 -2.73924e-13 -8.69532e-13 7.21166e-13
16.49 -1.89904e-10 -6.46871e-10 1.65241e-10 -6.46871e-10 -8.70245e-13 2.74719e-13 8.7025e-13 -7.21961e-13
16.5 1.90012e-10 6.47264e-10 -1.65349e-10 6.47264e-10 8.70875e-13 -2.75514e-13 -8.70835e-13 7.22756e-13
16.51 -1.9012e-10 -6.47656e-10 1.65456e-10 -6.47656e-10 -8.71594e-13 2.76308e-13 8.71332e-13 -7.2355e-13
16.52 1.90227e-10 6.48049e-10 -1.65564e-10 6.48049e-10 8.72178e-13 -2.77103e-13 -8.71963e-13 7.24345e-13
16.53 -1.90335e-10 -6.48441e-10 1.65672e-10 -6.48441e-10 -8.72675e-13 2.77898e-13 8.72681e-13 -7.2514e-13
16.54 1.90443e-10 6.48833e-10 -1.65779e-10 6.48833e-10 8.73306e-13 -2.78693e-13 -8.73266e-13 7.25935e-13
16.55 -1.90551e-10 -6.49226e-10 1.65887e-10 -6.49226e-10 -8.74024e-13 2.79488e-13 8.73763e-13 -7.2673e-13
16.56 1.90658e-10 6.49618e-10 -1.65995e-10 6.49618e-10 8.74609e-13 -2.80283e-13 -8.74394e-13 7.27525e-13
16.57 -1.90766e-10 -6.50011e-10 1.66103e-10 -6.50011e-10 -8.75106e-13 2.81077e-13 8.75112e-13 -7.28319e-13
16.58 1.90874e-10 6.50403e-10 -1.6621e-10 6.50403e-10 8.75737e-13 -2.81872e-13 -8.75697e-13 7.29114e-13
16.59 -1.90981e-10 -6.50795e-10 1.66318e-10 -6.50795e-10 -8.76455e-13 2.82667e-13 8.76194e-13 -7.29909e-13
16.6 1.91089e-10 6.51188e-10 -1.66426e-10 6.51188e-10 8.7704e-13 -2.83462e-13 -8.76825e-13 7.30704e-13
16.61 -1.91197e-10 -6.5158e-10 1.66533e-10 -6.5158e-10 -8.77537e-13 2.84257e-13 8.77543e-13 -7.31499e-13
16.62 1.91305e-10 6.51973e-10 -1.66641e-10 6.51973e-10 8.78168e-13 -2.85052e-13 -8.78128e-13 7.32294e-13
16.63 -1.91412e-10 -6.52365e-10 1.66749e-10 -6.52365e-10 -8.78886e-13 2.85846e-13 8.78625e-13 -7.33088e-13
16.64 1.9152e-10 6.52757e-10 -1.66857e-10 6.52757e-10 8.79471e-13 -2.86641e-13 -8.79255e-13 7.33883e-13
16.65 -1.91628e-10 -6.5315e-10 1.66964e-10 -6.5315e-10 -8.79968e-13 2.87436e-13 8.79974e-13 -7.34678e-13
16.66 1.91735e-10 6.53542e-10 -1.67072e-10 6.53542e-10 8.80599e-13 -2.88231e-13 -8.80559e-13 7.35473e-13
16.67 -1.91843e-10 -6.53935e-10 1.6718e-10 -6.53935e-10 -8.81317e-13 2.89026e-13 8.81056e-13 -7.36268e-13
16.68 1.91951e-10 6.54327e-10 -1.67288e-10 6.54327e-10 8.81902e-13 -2.89821e-13 -8.81686e-13 7.37063e-13
16.69 -1.92059e-10 -6.54719e-10 1.67395e-10 -6.54719e-10 -8.82399e-13 2.90615e-13 8.82405e-13 -7.37857e-13
16.7 1.92166e-10 6.55112e-10 -1.67503e-10 6.55112e-10 8.83029e-13 -2.9141e-13 -8.8299e-13 7.38652e-13
16.71 -1.92274e-10 -6.55504e-10 1.67611e-10 -6.55504e-10 -8.83748e-13 2.92205e-13 8.83487e-13 -7.39447e-13
16.72 1.92382e-10 6.55897e-10 -1.67718e-10 6.55897e-10 8.84333e-13 -2.93e-13 -8.84117e-13 7.40242e-13
16.73 -1.92489e-10 -6.56289e-10 1.67826e-10 -6.56289e-10 -8.8483e-13 2.93795e-13 8.84836e-13 -7.41037e-13
16.74 1.92597e-10 6.56681e-10 -1.67934e-10 6.56681e-10 8.8546e-13 -2.9459e-13 -8.8542e-13 7.41832e-13
16.75 -1.92705e-10 -6.57074e-10 1.68042e-10 -6.57074e-10 -8.86179e-13 2.95384e-13 8.85917e-13 -7.42626e-13
16.76 1.92813e-10 6.57466e-10 -1.68149e-10 6.57466e-10 8.86764e-13 -2.96179e-13 -8.86548e-13 7.43421e-13
16.77 -1.9292e-10 -6.57859e-10 1.68257e-10 -6.57859e-10 -8.87261e-13 2.96974e-13 8.87266e-13 -7.44216e-13
16.78 1.93028e-10 6.58251e-10 -1.68365e-10 6.58251e-10 8.87891e-13 -2.97769e-13 -8.87851e-13 7.45011e-13
16.79 -1.93136e-10 -6.58643e-10 1.68472e-10 -6.58643e-10 -8.8861e-13 2.98564e-13 8.88348e-13 -7.45806e-13
16.8 1.93243e-10 6.59036e-10 -1.6858e-10 6.59036e-10 8.89194e-13 -2.99358e-13 -8.88979e-13 7.46601e-13
16.81 -1.93351e-10 -6.59428e-10 1.68688e-10 -6.59428e-10 -8.89691e-13 3.00153e-13 8.89697e-13 -7.47395e-13
16.82 1.93459e-10 6.59821e-10 -1.68796e-10 6.59821e-10 8.90322e-13 -3.00948e-13 -8.90282e-13 7.4819e-13
16.83 -1.93567e-10 -6.60213e-10 1.68903e-10 -6.60213e-10 -8.9104e-13 3.01743e-13 8.90779e-13 -7.48985e-13
16.84 1.93674e-10 6.60605e-10 -1.69011e-10 6.60605e-10 8.91625e-13 -3.02538e-13 -8.9141e-13 7.4978e-13
16.85 -1.93782e-10 -6.60998e-10 1.69119e-10 -6.60998e-10 -8.92122e-13 3.03333e-13 8.92128e-13 -7.50575e-13
16.86 1.9389e-10 6.6139e-10 -1.69226e-10 6.6139e-10 8.92753e-13 -3.04127e-13 -8.92713e-13 7.5137e-13
16.87 -1.93997e-10 -6.61783e-10 1.69334e-10 -6.61783e-10 -8.93471e-13 3.04922e-13 8.9321e-13 -7.52164e-13
16.88 1.94105e-10 6.62175e-10 -1.69442e-10 6.62175e-10 8.94056e-13 -3.05717e-13 -8.93841e-13 7.52959e-13
16.89 -1.94213e-10 -6.62567e-10 1.6955e-10 -6.62567e-10 -8.94553e-13 3.06512e-13 8.94559e-13 -7.53754e-13
16.9 1.94321e-10 6.6296e-10 -1.69657e-10 6.6296e-10 8.95184e-13 -3.07307e-13 -8.95144e-13 7.54549e-13
16.91 -1.94428e-10 -6.63352e-10 1.69765e-10 -6.63352e-10 -8.95902e-13 3.08102e-13 8.95641e-13 -7.55344e-13
16.92 1.94536e-10 6.63745e-10 -1.69873e-10 6.63745e-10 8.96487e-13 -3.08896e-13 -8.96271e-13 7.56138e-13
16.93 -1.94644e-10 -6.64137e-10 1.6998e-10 -6.64137e-10 -8.96984e-13 3.09691e-13 8.9699e-13 -7.56933e-13
16.94 1.94751e-10 6.64529e-10 -1.70088e-10 6.64529e-10 8.97615e-13 -3.10486e-13 -8.97575e-13 7.57728e-13
16.95 -1.94859e-10 -6.64922e-10 1.70196e-10 -6.64922e-10 -8.98333e-13 3.11281e-13 8.98072e-13 -7.58523e-13
16.96 1.94967e-10 6.65314e-10 -1.70304e-10 6.65314e-10 8.98918e-13 -3.12076e-13 -8.98702e-13 7.59318e-13
16.97 -1.95075e-10 -6.65707e-10 1.70411e-10 -6.65707e-10 -8.99415e-13 3.12871e-13 8.99421e-13 -7.60113e-13
16.98 1.95182e-10 6.66099e-10 -1.70519e-10 6.66099e-10 9.00045e-13 -3.13665e-13 -9.00005e-13 7.60907e-13
16.99 -1.9529e-10 -6.66491e-10 1.70627e-10 -6.66491e-10 -9.00764e-13 3.1446e-13 9.00502e-13 -7.61702e-13
17 1.95398e-10 6.66884e-10 -1.70734e-10 6.66884e-10 9.01349e-13 -3.15255e-13 -9.01133e-13 7.62497e-13
17.01 -1.95506e-10 -6.67276e-10 1.70842e-10 -6.67276e-10 -9.01846e-13 3.1605e-13 9.01852e-13 -7.63292e-13
17.02 1.95613e-10 6.67669e-10 -1.7095e-10 6.67669e-10 9.02476e-13 -3.16845e-13 -9.02436e-13 7.64087e-13
17.03 -1.95721e-10 -6.68061e-10 1.71058e-10 -6.68061e-10 -9.03195e-13 3.1764e-13 9.02933e-13 -7.64882e-13
17.04 1.95829e-10 6.68453e-10 -1.71165e-10 6.68453e-10 9.03779e-13 -3.18434e-13 -9.03564e-13 7.65676e-13
17.05 -1.95936e-10 -6.68846e-10 1.71273e-10 -6.68846e-10 -9.04276e-13 3.19229e-13 9.04282e-13 -7.66471e-13
17.06 1.96044e-10 6.69238e-10 -1.71381e-10 6.69238e-10 9.04907e-13 -3.20024e-13 -9.04867e-13 7.67266e-13
17.07 -1.96152e-10 -6.69631e-10 1.71488e-10 -6.69631e-10 -9.05626e-13 3.20819e-13 9.05364e-13 -7.68061e-13
17.08 1.9626e-10 6.70023e-10 -1.71596e-10 6.70023e-10 9.0621e-13 -3.21614e-13 -9.05995e-13 7.68856e-13
17.09 -1.96367e-10 -6.70415e-10 1.71704e-10 -6.70415e-10 -9.06707e-13 3.22409e-13 9.06713e-13 -7.69651e-13
17.1 1.96475e-10 6.70808e-10 -1.71812e-10 6.70808e-10 9.07338e-13 -3.23203e-13 -9.07298e-13 7.70445e-13
17.11 -1.96583e-10 -6.712e-10 1.71919e-10 -6.712e-10 -9.08056e-13 3.23998e-13 9.07795e-13 -7.7124e-13
17.12 1.9669e-10 6.71593e-10 -1.72027e-10 6.71593e-10 9.08641e-13 -3.24793e-13 -9.08426e-13 7.72035e-13
17.13 -1.96798e-10 -6.71985e-10 1.72135e-10 -6.71985e-10 -9.09138e-13 3.25588e-13 9.09144e-13 -7.7283e-13
17.14 1.96906e-10 6.72377e-10 -1.72243e-10 6.72377e-10 9.09769e-13 -3.26383e-13 -9.09729e-13 7.73625e-13
17.15 -1.97014e-10 -6.7277e-10 1.7235e-10 -6.7277e-10 -9.10487e-13 3.27178e-13 9.10226e-13 -7.7442e-13
17.16 1.97121e-10 6.73162e-10 -1.72458e-10 6.73162e-10 9.11072e-13 -3.27972e-13 -9.10856e-13 7.75214e-13
17.17 -1.97229e-10 -6.73555e-10 1.72566e-10 -6.73555e-10 -9.11569e-13 3.28767e-13 9.11575e-13 -7.76009e-13
17.18 1.97337e-10 6.73947e-10 -1.72673e-10 6.73947e-10 9.122e-13 -3.29562e-13 -9.1216e-13 7.76804e-13
17.19 -1.97444e-10 -6.74339e-10 1.72781e-10 -6.74339e-10 -9.12918e-13 3.30357e-13 9.12657e-13 -7.77599e-13
17.2 1.97552e-10 6.74732e-10 -1.72889e-10 6.74732e-10 9.13503e-13 -3.31152e-13 -9.13287e-13 7.78394e-13
17.21 -1.9766e-10 -6.75124e-10 1.72997e-10 -6.75124e-10 -9.14e-13 3.31946e-13 9.14006e-13 -7.79189e-13
17.22 1.97768e-10 6.75517e-10 -1.73104e-10 6.75517e-10 9.1463e-13 -3.32741e-13 -9.14591e-13 7.79983e-13
17.23 -1.97875e-10 -6.75909e-10 1.73212e-10 -6.75909e-10 -9.15349e-13 3.33536e-13 9.15088e-13 -7.80778e-13
17.24 1.97983e-10 6.76301e-10 -1.7332e-10 6.76301e-10 9.15934e-13 -3.34331e-13 -9.15718e-13 7.81573e-13
17.25 -1.98091e-10 -6.76694e-10 1.73427e-10 -6.76694e-10 -9.16431e-13 3.35126e-13 9.16437e-13 -7.82368e-13
17.26 1.98198e-10 6.77086e-10 -1.73535e-10 6.77086e-10 9.17061e-13 -3.35921e-13 -9.17021e-13 7.83163e-13
17.27 -1.98306e-10 -6.77479e-10 1.73643e-10 -6.77479e-10 -9.1778e-13 3.36715e-13 9.17518e-13 -7.83958e-13
17.28 1.98414e-10 6.77871e-10 -1.73751e-10 6.77871e-10 9.18365e-13 -3.3751e-13 -9.18149e-13 7.84752e-13
17.29 -1.98522e-10 -6.78263e-10 1.73858e-10 -6.78263e-10 -9.18862e-13 3.38305e-13 9.18867e-13 -7.85547e-13
17.3 1.98629e-10 6.78656e-10 -1.73966e-10 6.78656e-10 9.19492e-13 -3.391e-13 -9.19452e-13 7.86342e-13
17.31 -1.98737e-10 -6.79048e-10 1.74074e-10 -6.79048e-10 -9.20211e-13 3.39895e-13 9.19949e-13 -7.87137e-13
17.32 1.98845e-10 6.79441e-10 -1.74181e-10 6.79441e-10 9.20795e-13 -3.4069e-13 -9.2058e-13 7.87932e-13
17.33 -1.98952e-10 -6.79833e-10 1.74289e-10 -6.79833e-10 -9.21292e-13 3.41484e-13 9.21298e-13 -7.88726e-13
17.34 1.9906e-10 6.80225e-10 -1.74397e-10 6.80225e-10 9.21923e-13 -3.42279e-13 -9.21883e-13 7.89521e-13
17.35 -1.99168e-10 -6.80618e-10 1.74505e-10 -6.80618e-10 -9.22641e-13 3.43074e-13 9.2238e-13 -7.90316e-13
17.36 1.99276e-10 6.8101e-10 -1.74612e-10 6.8101e-10 9.23226e-13 -3.43869e-13 -9.23011e-13 7.91111e-13
17.37 -1.99383e-10 -6.81403e-10 1.7472e-10 -6.81403e-10 -9.23723e-13 3.44664e-13 9.23729e-13 -7.91906e-13
17.38 1.99491e-10 6.81795e-10 -1.74828e-10 6.81795e-10 9.24354e-13 -3.45459e-13 -9.24314e-13 7.92701e-13
17.39 -1.99599e-10 -6.82187e-10 1.74935e-10 -6.82187e-10 -9.25072e-13 3.46253e-13 9.24811e-13 -7.93495e-13
17.4 1.99707e-10 6.8258e-10 -1.75043e-10 6.8258e-10 9.25657e-13 -3.47048e-13 -9.25442e-13 7.9429e-13
17.41 -1.99814e-10 -6.82972e-10 1.75151e-10 -6.82972e-10 -9.26154e-13 3.47843e-13 9.2616e-13 -7.95085e-13
17.42 1.99922e-10 6.83365e-10 -1.75259e-10 6.83365e-10 9.26785e-13 -3.48638e-13 -9.26745e-13 7.9588e-13
17.43 -2.0003e-10 -6.83757e-10 1.75366e-10 -6.83757e-10 -9.27503e-13 3.49433e-13 9.27242e-13 -7.96675e-13
17.44 2.00137e-10 6.84149e-10 -1.75474e-10 6.84149e-10 9.28088e-13 -3.50228e-13 -9.27872e-13 7.9747e-13
17.45 -2.00245e-10 -6.84542e-10 1.75582e-10 -6.84542e-10 -9.28585e-13 3.51022e-13 9.28591e-13 -7.98264e-13
17.46 2.00353e-10 6.84934e-10 -1.75689e-10 6.84934e-10 9.29216e-13 -3.51817e-13 -9.29176e-13 7.99059e-13
17.47 -2.00461e-10 -6.85327e-10 1.75797e-10 -6.85327e-10 -9.29934e-13 3.52612e-13 9.29673e-13 -7.99854e-13
17.48 2.00568e-10 6.85719e-10 -1.75905e-10 6.85719e-10 9.30519e-13 -3.53407e-13 -9.30303e-13 8.00649e-13
17.49 -2.00676e-10 -6.86111e-10 1.76013e-10 -6.86111e-10 -9.31016e-13 3.54202e-13 9.31022e-13 -8.01444e-13
17.5 2.00784e-10 6.86504e-10 -1.7612e-10 6.86504e-10 9.31646e-13 -3.54997e-13 -9.31606e-13 8.02239e-13
17.51 -2.00891e-10 -6.86896e-10 1.76228e-10 -6.86896e-10 -9.32365e-13 3.55791e-13 9.32103e-13 -8.03033e-13
17.52 2.00999e-10 6.87289e-10 -1.76336e-10 6.87289e-10 9.3295e-13 -3.56586e-13 -9.32734e-13 8.03828e-13
17.53 -2.01107e-10 -6.87681e-10 1.76444e-10 -6.87681e-10 -9.33447e-13 3.57381e-13 9.33453e-13 -8.04623e-13
17.54 2.01215e-10 6.88073e-10 -1.76551e-10 6.88073e-10 9.34077e-13 -3.58176e-13 -9.34037e-13 8.05418e-13
17.55 -2.01322e-10 -6.88466e-10 1.76659e-10 -6.88466e-10 -9.34796e-13 3.58971e-13 9.34534e-13 -8.06213e-13
17.56 2.0143e-10 6.88858e-10 -1.76767e-10 6.88858e-10 9.3538e-13 -3.59766e-13 -9.35165e-13 8.07008e-13
17.57 -2.01538e-10 -6.89251e-10 1.76874e-10 -6.89251e-10 -9.35877e-13 3.6056e-13 9.35883e-13 -8.07802e-13
17.58 2.01645e-10 6.89643e-10 -1.76982e-10 6.89643e-10 9.36508e-13 -3.61355e-13 -9.36468e-13 8.08597e-13
17.59 -2.01753e-10 -6.90035e-10 1.7709e-10 -6.90035e-10 -9.37227e-13 3.6215e-13 9.36965e-13 -8.09392e-13
17.6 2.01861e-10 6.90428e-10 -1.77198e-10 6.90428e-10 9.37811e-13 -3.62945e-13 -9.37596e-13 8.10187e-13
17.61 -2.01969e-10 -6.9082e-10 1.77305e-10 -6.9082e-10 -9.38308e-13 3.6374e-13 9.38314e-13 -8.10982e-13
17.62 2.02076e-10 6.91213e-10 -1.77413e-10 6.91213e-10 9.38939e-13 -3.64534e-13 -9.38899e-13 8.11777e-13
17.63 -2.02184e-10 -6.91605e-10 1.77521e-10 -6.91605e-10 -9.39657e-13 3.65329e-13 9.39396e-13 -8.12571e-13
17.64 2.02292e-10 6.91997e-10 -1.77628e-10 6.91997e-10 9.40242e-13 -3.66124e-13 -9.40027e-13 8.13366e-13
17.65 -2.02399e-10 -6.9239e-10 1.77736e-10 -6.9239e-10 -9.40739e-13 3.66919e-13 9.40745e-13 -8.14161e-13
17.66 2.02507e-10 6.92782e-10 -1.77844e-10 6.92782e-10 9.4137e-13 -3.67714e-13 -9.4133e-13 8.14956e-13
17.67 -2.02615e-10 -6.93175e-10 1.77952e-10 -6.93175e-10 -9.42088e-13 3.68509e-13 9.41827e-13 -8.15751e-13
17.68 2.02723e-10 6.93567e-10 -1.78059e-10 6.93567e-10 9.42673e-13 -3.69303e-13 -9.42457e-13 8.16546e-13
17.69 -2.0283e-10 -6.93959e-10 1.78167e-10 -6.93959e-10 -9.4317e-13 3.70098e-13 9.43176e-13 -8.1734e-13
17.7 2.02938e-10 6.94352e-10 -1.78275e-10 6.94352e-10 9.43801e-13 -3.70893e-13 -9.43761e-13 8.18135e-13
17.71 -2.03046e-10 -6.94744e-10 1.78382e-10 -6.94744e-10 -9.44519e-13 3.71688e-13 9.44258e-13 -8.1893e-13
17.72 2.03153e-10 6.95137e-10 -1.7849e-10 6.95137e-10 9.45104e-13 -3.72483e-13 -9.44888e-13 8.19725e-13
17.73 -2.03261e-10 -6.95529e-10 1.78598e-10 -6.95529e-10 -9.45601e-13 3.73278e-13 9.45607e-13 -8.2052e-13
17.74 2.03369e-10 6.95921e-10 -1.78706e-10 6.95921e-10 9.46232e-13 -3.74072e-13 -9.46192e-13 8.21314e-13
17.75 -2.03477e-10 -6.96314e-10 1.78813e-10 -6.96314e-10 -9.4695e-13 3.74867e-13 9.46689e-13 -8.22109e-13
17.76 2.03584e-10 6.96706e-10 -1.78921e-10 6.96706e-10 9.47535e-13 -3.75662e-13 -9.47319e-13 8.22904e-13
17.77 -2.03692e-10 -6.97099e-10 1.79029e-10 -6.97099e-10 -9.48032e-13 3.76457e-13 9.48038e-13 -8.23699e-13
17.78 2.038e-10 6.97491e-10 -1.79136e-10 6.97491e-10 9.48662e-13 -3.77252e-13 -9.48622e-13 8.24494e-13
17.79 -2.03907e-10 -6.97883e-10 1.79244e-10 -6.97883e-10 -9.49381e-13 3.78047e-13 9.49119e-13 -8.25289e-13
17.8 2.04015e-10 6.98276e-10 -1.79352e-10 6.98276e-10 9.49966e-13 -3.78841e-13 -9.4975e-13 8.26083e-13
17.81 -2.04123e-10 -6.98668e-10 1.7946e-10 -6.98668e-10 -9.50463e-13 3.79636e-13 9.50468e-13 -8.26878e-13
17.82 2.04231e-10 6.99061e-10 -1.79567e-10 6.99061e-10 9.51093e-13 -3.80431e-13 -9.51053e-13 8.27673e-13
17.83 -2.04338e-10 -6.99453e-10 1.79675e-10 -6.99453e-10 -9.51812e-13 3.81226e-13 9.5155e-13 -8.28468e-13
17.84 2.04446e-10 6.99845e-10 -1.79783e-10 6.99845e-10 9.52396e-13 -3.82021e-13 -9.52181e-13 8.29263e-13
17.85 -2.04554e-10 -7.00238e-10 1.7989e-10 -7.00238e-10 -9.52893e-13 3.82816e-13 9.52899e-13 -8.30058e-13
17.86 2.04662e-10 7.0063e-10 -1.79998e-10 7.0063e-10 9.53524e-13 -3.8361e-13 -9.53484e-13 8.30852e-13
17.87 -2.04769e-10 -7.01023e-10 1.80106e-10 -7.01023e-10 -9.54242e-13 3.84405e-13 9.53981e-13 -8.31647e-13
17.88 2.04877e-10 7.01415e-10 -1.80214e-10 7.01415e-10 9.54827e-13 -3.852e-13 -9.54612e-13 8.32442e-13
17.89 -2.04985e-10 -7.01807e-10 1.80321e-10 -7.01807e-10 -9.55324e-13 3.85995e-13 9.5533e-13 -8.33237e-13
17.9 2.05092e-10 7.022e-10 -1.80429e-10 7.022e-10 9.55955e-13 -3.8679e-13 -9.55915e-13 8.34032e-13
17.91 -2.052e-10 -7.02592e-10 1.80537e-10 -7.02592e-10 -9.56673e-13 3.87585e-13 9.56412e-13 -8.34827e-13
17.92 2.05308e-10 7.02985e-10 -1.80644e-10 7.02985e-10 9.57258e-13 -3.88379e-13 -9.57043e-13 8.35621e-13
17.93 -2.05416e-10 -7.03377e-10 1.80752e-10 -7.03377e-10 -9.57755e-13 3.89174e-13 9.57761e-13 -8.36416e-13
17.94 2.05523e-10 7.03769e-10 -1.8086e-10 7.03769e-10 9.58386e-13 -3.89969e-13 -9.58346e-13 8.37211e-13
17.95 -2.05631e-10 -7.04162e-10 1.80968e-10 -7.04162e-10 -9.59104e-13 3.90764e-13 9.58843e-13 -8.38006e-13
17.96 2.05739e-10 7.04554e-10 -1.81075e-10 7.04554e-10 9.59689e-13 -3.91559e-13 -9.59473e-13 8.38801e-13
17.97 -2.05846e-10 -7.04947e-10 1.81183e-10 -7.04947e-10 -9.60186e-13 3.92354e-13 9.60192e-13 -8.39596e-13
17.98 2.05954e-10 7.05339e-10 -1.81291e-10 7.05339e-10 9.60817e-13 -3.93148e-13 -9.60777e-13 8.4039e-13
17.99 -2.06062e-10 -7.05731e-10 1.81399e-10 -7.05731e-10 -9.61535e-13 3.93943e-13 9.61274e-13 -8.41185e-13
18 2.0617e-10 7.06124e-10 -1.81506e-10 7.06124e-10 9.6212e-13 -3.94738e-13 -9.61904e-13 8.4198e-13
18.01 -2.06277e-10 -7.06516e-10 1.81614e-10 -7.06516e-10 -9.62617e-13 3.95533e-13 9.62623e-13 -8.42775e-13
18.02 2.06385e-10 7.06909e-10 -1.81722e-10 7.06909e-10 9.63247e-13 -3.96328e-13 -9.63207e-13 8.4357e-13
18.03 -2.06493e-10 -7.07301e-10 1.81829e-10 -7.07301e-10 -9.63966e-13 3.97122e-13 9.63704e-13 -8.44365e-13
18.04 2.066e-10 7.07693e-10 -1.81937e-10 7.07693e-10 9.64551e-13 -3.97917e-13 -9.64335e-13 8.45159e-13
18.05 -2.06708e-10 -7.08086e-10 1.82045e-10 -7.08086e-10 -9.65048e-13 3.98712e-13 9.65054e-13 -8.45954e-13
18.06 2.06816e-10 7.08478e-10 -1.82153e-10 7.08478e-10 9.65678e-13 -3.99507e-13 -9.65638e-13 8.46749e-13
18.07 -2.06924e-10 -7.08871e-10 1.8226e-10 -7.08871e-10 -9.66397e-13 4.00302e-13 9.66135e-13 -8.47544e-13
18.08 2.07031e-10 7.09263e-10 -1.82368e-10 7.09263e-10 9.66981e-13 -4.01097e-13 -9.66766e-13 8.48339e-13
18.09 -2.07139e-10 -7.09655e-10 1.82476e-10 -7.09655e-10 -9.67478e-13 4.01891e-13 9.67484e-13 -8.49134e-13
18.1 2.07247e-10 7.10048e-10 -1.82583e-10 7.10048e-10 9.68109e-13 -4.02686e-13 -9.68069e-13 8.49928e-13
18.11 -2.07354e-10 -7.1044e-10 1.82691e-10 -7.1044e-10 -9.68828e-13 4.03481e-13 9.68566e-13 -8.50723e-13
18.12 2.07462e-10 7.10833e-10 -1.82799e-10 7.10833e-10 9.69412e-13 -4.04276e-13 -9.69197e-13 8.51518e-13
18.13 -2.0757e-10 -7.11225e-10 1.82907e-10 -7.11225e-10 -9.69909e-13 4.05071e-13 9.69915e-13 -8.52313e-13
18.14 2.07678e-10 7.11617e-10 -1.83014e-10 7.11617e-10 9.7054e-13 -4.05866e-13 -9.705e-13 8.53108e-13
18.15 -2.07785e-10 -7.1201e-10 1.83122e-10 -7.1201e-10 -9.71258e-13 4.0666e-13 9.70997e-13 -8.53902e-13
18.16 2.07893e-10 7.12402e-10 -1.8323e-10 7.12402e-10 9.71843e-13 -4.07455e-13 -9.71628e-13 8.54697e-13
18.17 -2.08001e-10 -7.12795e-10 1.83337e-10 -7.12795e-10 -9.7234e-13 4.0825e-13 9.72346e-13 -8.55492e-13
18.18 2.08108e-10 7.13187e-10 -1.83445e-10 7.13187e-10 9.72971e-13 -4.09045e-13 -9.72931e-13 8.56287e-13
18.19 -2.08216e-10 -7.13579e-10 1.83553e-10 -7.13579e-10 -9.73689e-13 4.0984e-13 9.73428e-13 -8.57082e-13
18.2 2.08324e-10 7.13972e-10 -1.83661e-10 7.13972e-10 9.74274e-13 -4.10635e-13 -9.74059e-13 8.57877e-13
18.21 -2.08432e-10 -7.14364e-10 1.83768e-10 -7.14364e-10 -9.74771e-13 4.11429e-13 9.74777e-13 -8.58671e-13
18.22 2.08539e-10 7.14757e-10 -1.83876e-10 7.14757e-10 9.75402e-13 -4.12224e-13 -9.75362e-13 8.59466e-13
18.23 -2.08647e-10 -7.15149e-10 1.83984e-10 -7.15149e-10 -9.7612e-13 4.13019e-13 9.75859e-13 -8.60261e-13
18.24 2.08755e-10 7.15541e-10 -1.84091e-10 7.15541e-10 9.76705e-13 -4.13814e-13 -9.76489e-13 8.61056e-13
18.25 -2.08863e-10 -7.15934e-10 1.84199e-10 -7.15934e-10 -9.77202e-13 4.14609e-13 9.77208e-13 -8.61851e-13
18.26 2.0897e-10 7.16326e-10 -1.84307e-10 7.16326e-10 9.77833e-13 -4.15404e-13 -9.77793e-13 8.62646e-13
18.27 -2.09078e-10 -7.16719e-10 1.84415e-10 -7.16719e-10 -9.78551e-13 4.16198e-13 9.7829e-13 -8.6344e-13
18.28 2.09186e-10 7.17111e-10 -1.84522e-10 7.17111e-10 9.79136e-13 -4.16993e-13 -9.7892e-13 8.64235e-13
18.29 -2.09293e-10 -7.17503e-10 1.8463e-10 -7.17503e-10 -9.79633e-13 4.17788e-13 9.79639e-13 -8.6503e-13
18.3 2.09401e-10 7.17896e-10 -1.84738e-10 7.17896e-10 9.80263e-13 -4.18583e-13 -9.80223e-13 8.65825e-13
18.31 -2.09509e-10 -7.18288e-10 1.84845e-10 -7.18288e-10 -9.80982e-13 4.19378e-13 9.8072e-13 -8.6662e-13
18.32 2.09617e-10 7.18681e-10 -1.84953e-10 7.18681e-10 9.81567e-13 -4.20173e-13 -9.81351e-13 8.67415e-13
18.33 -2.09724e-10 -7.19073e-10 1.85061e-10 -7.19073e-10 -9.82064e-13 4.20967e-13 9.82069e-13 -8.68209e-13
18.34 2.09832e-10 7.19465e-10 -1.85169e-10 7.19465e-10 9.82694e-13 -4.21762e-13 -9.82654e-13 8.69004e-13
18.35 -2.0994e-10 -7.19858e-10 1.85276e-10 -7.19858e-10 -9.83413e-13 4.22557e-13 9.83151e-13 -8.69799e-13
18.36 2.10047e-10 7.2025e-10 -1.85384e-10 7.2025e-10 9.83997e-13 -4.23352e-13 -9.83782e-13 8.70594e-13
18.37 -2.10155e-10 -7.20643e-10 1.85492e-10 -7.20643e-10 -9.84494e-13 4.24147e-13 9.845e-13 -8.71389e-13
18.38 2.10263e-10 7.21035e-10 -1.856e-10 7.21035e-10 9.85125e-13 -4.24942e-13 -9.85085e-13 8.72184e-13
18.39 -2.10371e-10 -7.21427e-10 1.85707e-10 -7.21427e-10 -9.85843e-13 4.25736e-13 9.85582e-13 -8.72978e-13
18.4 2.10478e-10 7.2182e-10 -1.85815e-10 7.2182e-10 9.86428e-13 -4.26531e-13 -9.86213e-13 8.73773e-13
18.41 -2.10586e-10 -7.22212e-10 1.85923e-10 -7.22212e-10 -9.86925e-13 4.27326e-13 9.86931e-13 -8.74568e-13
18.42 2.10694e-10 7.22605e-10 -1.8603e-10 7.22605e-10 9.87556e-13 -4.28121e-13 -9.87516e-13 8.75363e-13
18.43 -2.10801e-10 -7.22997e-10 1.86138e-10 -7.22997e-10 -9.88274e-13 4.28916e-13 9.88013e-13 -8.76158e-13
18.44 2.10909e-10 7.23389e-10 -1.86246e-10 7.23389e-10 9.88859e-13 -4.29711e-13 -9.88644e-13 8.76953e-13
18.45 -2.11017e-10 -7.23782e-10 1.86354e-10 -7.23782e-10 -9.89356e-13 4.30505e-13 9.89362e-13 -8.77747e-13
18.46 2.11125e-10 7.24174e-10 -1.86461e-10 7.24174e-10 9.89987e-13 -4.313e-13 -9.89947e-13 8.78542e-13
18.47 -2.11232e-10 -7.24567e-10 1.86569e-10 -7.24567e-10 -9.90705e-13 4.32095e-13 9.90444e-13 -8.79337e-13
18.48 2.1134e-10 7.24959e-10 -1.86677e-10 7.24959e-10 9.9129e-13 -4.3289e-13 -9.91074e-13 8.80132e-13
18.49 -2.11448e-10 -7.25351e-10 1.86784e-10 -7.25351e-10 -9.91787e-13 4.33685e-13 9.91793e-13 -8.80927e-13
18.5 2.11555e-10 7.25744e-10 -1.86892e-10 7.25744e-10 9.92418e-13 -4.34479e-13 -9.92378e-13 8.81722e-13
18.51 -2.11663e-10 -7.26136e-10 1.87e-10 -7.26136e-10 -9.93136e-13 4.35274e-13 9.92875e-13 -8.82516e-13
18.52 2.11771e-10 7.26529e-10 -1.87108e-10 7.26529e-10 9.93721e-13 -4.36069e-13 -9.93505e-13 8.83311e-13
18.53 -2.11879e-10 -7.26921e-10 1.87215e-10 -7.26921e-10 -9.94218e-13 4.36864e-13 9.94224e-13 -8.84106e-13
18.54 2.11986e-10 7.27313e-10 -1.87323e-10 7.27313e-10 9.94848e-13 -4.37659e-13 -9.94809e-13 8.84901e-13
18.55 -2.12094e-10 -7.27706e-10 1.87431e-10 -7.27706e-10 -9.95567e-13 4.38454e-13 9.95306e-13 -8.85696e-13
18.56 2.12202e-10 7.28098e-10 -1.87538e-10 7.28098e-10 9.96152e-13 -4.39248e-13 -9.95936e-13 8.8649e-13
18.57 -2.12309e-10 -7.28491e-10 1.87646e-10 -7.28491e-10 -9.96649e-13 4.40043e-13 9.96655e-13 -8.87285e-13
18.58 2.12417e-10 7.28883e-10 -1.87754e-10 7.28883e-10 9.97279e-13 -4.40838e-13 -9.97239e-13 8.8808e-13
18.59 -2.12525e-10 -7.29275e-10 1.87862e-10 -7.29275e-10 -9.97998e-13 4.41633e-13 9.97736e-13 -8.88875e-13
18.6 2.12633e-10 7.29668e-10 -1.87969e-10 7.29668e-10 9.98583e-13 -4.42428e-13 -9.98367e-13 8.8967e-13
18.61 -2.1274e-10 -7.3006e-10 1.88077e-10 -7.3006e-10 -9.9908e-13 4.43223e-13 9.99085e-13 -8.90465e-13
18.62 2.12848e-10 7.30453e-10 -1.88185e-10 7.30453e-10 9.9971e-13 -4.44017e-13 -9.9967e-13 8.91259e-13
18.63 -2.12956e-10 -7.30845e-10 1.88292e-10 -7.30845e-10 -1.00043e-12 4.44812e-13 1.00017e-12 -8.92054e-13
18.64 2.13063e-10 7.31237e-10 -1.884e-10 7.31237e-10 1.00101e-12 -4.45607e-13 -1.0008e-12 8.92849e-13
18.65 -2.13171e-10 -7.3163e-10 1.88508e-10 -7.3163e-10 -1.00151e-12 4.46402e-13 1.00152e-12 -8.93644e-13
18.66 2.13279e-10 7.32022e-10 -1.88616e-10 7.32022e-10 1.00214e-12 -4.47197e-13 -1.0021e-12 8.94439e-13
18.67 -2.13387e-10 -7.32415e-10 1.88723e-10 -7.32415e-10 -1.00286e-12 4.47992e-13 1.0026e-12 -8.95234e-13
18.68 2.13494e-10 7.32807e-10 -1.88831e-10 7.32807e-10 1.00344e-12 -4.48786e-13 -1.00323e-12 8.96028e-13
18.69 -2.13602e-10 -7.33199e-10 1.88939e-10 -7.33199e-10 -1.00394e-12 4.49581e-13 1.00395e-12 -8.96823e-13
18.7 2.1371e-10 7.33592e-10 -1.89046e-10 7.33592e-10 1.00457e-12 -4.50376e-13 -1.00453e-12 8.97618e-13
18.71 -2.13818e-10 -7.33984e-10 1.89154e-10 -7.33984e-10 -1.00529e-12 4.51171e-13 1.00503e-12 -8.98413e-13
18.72 2.13925e-10 7.34377e-10 -1.89262e-10 7.34377e-10 1.00588e-12 -4.51966e-13 -1.00566e-12 8.99208e-13
18.73 -2.14033e-10 -7.34769e-10 1.8937e-10 -7.34769e-10 -1.00637e-12 4.52761e-13 1.00638e-12 -9.00003e-13
18.74 2.14141e-10 7.35161e-10 -1.89477e-10 7.35161e-10 1.007e-12 -4.53555e-13 -1.00696e-12 9.00797e-13
18.75 -2.14248e-10 -7.35554e-10 1.89585e-10 -7.35554e-10 -1.00772e-12 4.5435e-13 1.00746e-12 -9.01592e-13
18.76 2.14356e-10 7.35946e-10 -1.89693e-10 7.35946e-10 1.00831e-12 -4.55145e-13 -1.00809e-12 9.02387e-13
18.77 -2.14464e-10 -7.36339e-10 1.898e-10 -7.36339e-10 -1.0088e-12 4.5594e-13 1.00881e-12 -9.03182e-13
18.78 2.14572e-10 7.36731e-10 -1.89908e-10 7.36731e-10 1.00943e-12 -4.56735e-13 -1.00939e-12 9.03977e-13
18.79 -2.14679e-10 -7.37123e-10 1.90016e-10 -7.37123e-10 -1.01015e-12 4.5753e-13 1.00989e-12 -9.04772e-13
18.8 2.14787e-10 7.37516e-10 -1.90124e-10 7.37516e-10 1.01074e-12 -4.58324e-13 -1.01052e-12 9.05566e-13
18.81 -2.14895e-10 -7.37908e-10 1.90231e-10 -7.37908e-10 -1.01123e-12 4.59119e-13 1.01124e-12 -9.06361e-13
18.82 2.15002e-10 7.38301e-10 -1.90339e-10 7.38301e-10 1.01186e-12 -4.59914e-13 -1.01182e-12 9.07156e-13
18.83 -2.1511e-10 -7.38693e-10 1.90447e-10 -7.38693e-10 -1.01258e-12 4.60709e-13 1.01232e-12 -9.07951e-13
18.84 2.15218e-10 7.39085e-10 -1.90555e-10 7.39085e-10 1.01317e-12 -4.61504e-13 -1.01295e-12 9.08746e-13
18.85 -2.15326e-10 -7.39478e-10 1.90662e-10 -7.39478e-10 -1.01366e-12 4.62299e-13 1.01367e-12 -9.09541e-13
18.86 2.15433e-10 7.3987e-10 -1.9077e-10 7.3987e-10 1.0143e-12 -4.63093e-13 -1.01426e-12 9.10335e-13
18.87 -2.15541e-10 -7.40263e-10 1.90878e-10 -7.40263e-10 -1.01501e-12 4.63888e-13 1.01475e-12 -9.1113e-13
18.88 2.15649e-10 7.40655e-10 -1.90985e-10 7.40655e-10 1.0156e-12 -4.64683e-13 -1.01538e-12 9.11925e-13
18.89 -2.15756e-10 -7.41047e-10 1.91093e-10 -7.41047e-10 -1.0161e-12 4.65478e-13 1.0161e-12 -9.1272e-13
18.9 2.15864e-10 7.4144e-10 -1.91201e-10 7.4144e-10 1.01673e-12 -4.66273e-13 -1.01669e-12 9.13515e-13
18.91 -2.15972e-10 -7.41832e-10 1.91309e-10 -7.41832e-10 -1.01744e-12 4.67067e-13 1.01718e-12 -9.1431e-13
18.92 2.1608e-10 7.42225e-10 -1.91416e-10 7.42225e-10 1.01803e-12 -4.67862e-13 -1.01781e-12 9.15104e-13
18.93 -2.16187e-10 -7.42617e-10 1.91524e-10 -7.42617e-10 -1.01853e-12 4.68657e-13 1.01853e-12 -9.15899e-13
18.94 2.16295e-10 7.43009e-10 -1.91632e-10 7.43009e-10 1.01916e-12 -4.69452e-13 -1.01912e-12 9.16694e-13
18.95 -2.16403e-10 -7.43402e-10 1.91739e-10 -7.43402e-10 -1.01988e-12 4.70247e-13 1.01961e-12 -9.17489e-13
18.96 2.1651e-10 7.43794e-10 -1.91847e-10 7.43794e-10 1.02046e-12 -4.71042e-13 -1.02024e-12 9.18284e-13
18.97 -2.16618e-10 -7.44187e-10 1.91955e-10 -7.44187e-10 -1.02096e-12 4.71836e-13 1.02096e-12 -9.19078e-13
18.98 2.16726e-10 7.44579e-10 -1.92063e-10 7.44579e-10 1.02159e-12 -4.72631e-13 -1.02155e-12 9.19873e-13
18.99 -2.16834e-10 -7.44971e-10 1.9217e-10 -7.44971e-10 -1.02231e-12 4.73426e-13 1.02204e-12 -9.20668e-13
19 2.16941e-10 7.45364e-10 -1.92278e-10 7.45364e-10 1.02289e-12 -4.74221e-13 -1.02268e-12 9.21463e-13
19.01 -2.17049e-10 -7.45756e-10 1.92386e-10 -7.45756e-10 -1.02339e-12 4.75016e-13 1.02339e-12 -9.22258e-13
19.02 2.17157e-10 7.46149e-10 -1.92493e-10 7.46149e-10 1.02402e-12 -4.75811e-13 -1.02398e-12 9.23053e-13
19.03 -2.17264e-10 -7.46541e-10 1.92601e-10 -7.46541e-10 -1.02474e-12 4.76605e-13 1.02448e-12 -9.23847e-13
19.04 2.17372e-10 7.46933e-10 -1.92709e-10 7.46933e-10 1.02532e-12 -4.774e-13 -1.02511e-12 9.24642e-13
19.05 -2.1748e-10 -7.47326e-10 1.92817e-10 -7.47326e-10 -1.02582e-12 4.78195e-13 1.02582e-12 -9.25437e-13
19.06 2.17588e-10 7.47718e-10 -1.92924e-10 7.47718e-10 1.02645e-12 -4.7899e-13 -1.02641e-12 9.26232e-13
19.07 -2.17695e-10 -7.48111e-10 1.93032e-10 -7.48111e-10 -1.02717e-12 4.79785e-13 1.02691e-12 -9.27027e-13
19.08 2.17803e-10 7.48503e-10 -1.9314e-10 7.48503e-10 1.02775e-12 -4.8058e-13 -1.02754e-12 9.27822e-13
19.09 -2.17911e-10 -7.48895e-10 1.93247e-10 -7.48895e-10 -1.02825e-12 4.81374e-13 1.02826e-12 -9.28616e-13
19.1 2.18019e-10 7.49288e-10 -1.93355e-10 7.49288e-10 1.02888e-12 -4.82169e-13 -1.02884e-12 9.29411e-13
19.11 -2.18126e-10 -7.4968e-10 1.93463e-10 -7.4968e-10 -1.0296e-12 4.82964e-13 1.02934e-12 -9.30206e-13
19.12 2.18234e-10 7.50073e-10 -1.93571e-10 7.50073e-10 1.03018e-12 -4.83759e-13 -1.02997e-12 9.31001e-13
19.13 -2.18342e-10 -7.50465e-10 1.93678e-10 -7.50465e-10 -1.03068e-12 4.84554e-13 1.03069e-12 -9.31796e-13
19.14 2.18449e-10 7.50857e-10 -1.93786e-10 7.50857e-10 1.03131e-12 -4.85349e-13 -1.03127e-12 9.32591e-13
19.15 -2.18557e-10 -7.5125e-10 1.93894e-10 -7.5125e-10 -1.03203e-12 4.86143e-13 1.03177e-12 -9.33385e-13
19.16 2.18665e-10 7.51642e-10 -1.94001e-10 7.51642e-10 1.03261e-12 -4.86938e-13 -1.0324e-12 9.3418e-13
19.17 -2.18773e-10 -7.52035e-10 1.94109e-10 -7.52035e-10 -1.03311e-12 4.87733e-13 1.03312e-12 -9.34975e-13
19.18 2.1888e-10 7.52427e-10 -1.94217e-10 7.52427e-10 1.03374e-12 -4.88528e-13 -1.0337e-12 9.3577e-13
19.19 -2.18988e-10 -7.52819e-10 1.94325e-10 -7.52819e-10 -1.03446e-12 4.89323e-13 1.0342e-12 -9.36565e-13
19.2 2.19096e-10 7.53212e-10 -1.94432e-10 7.53212e-10 1.03505e-12 -4.90118e-13 -1.03483e-12 9.3736e-13
19.21 -2.19203e-10 -7.53604e-10 1.9454e-10 -7.53604e-10 -1.03554e-12 4.90912e-13 1.03555e-12 -9.38154e-13
19.22 2.19311e-10 7.53997e-10 -1.94648e-10 7.53997e-10 1.03617e-12 -4.91707e-13 -1.03613e-12 9.38949e-13
19.23 -2.19419e-10 -7.54389e-10 1.94756e-10 -7.54389e-10 -1.03689e-12 4.92502e-13 1.03663e-12 -9.39744e-13
19.24 2.19527e-10 7.54781e-10 -1.94863e-10 7.54781e-10 1.03748e-12 -4.93297e-13 -1.03726e-12 9.40539e-13
19.25 -2.19634e-10 -7.55174e-10 1.94971e-10 -7.55174e-10 -1.03797e-12 4.94092e-13 1.03798e-12 -9.41334e-13
19.26 2.19742e-10 7.55566e-10 -1.95079e-10 7.55566e-10 1.0386e-12 -4.94887e-13 -1.03856e-12 9.42129e-13
19.27 -2.1985e-10 -7.55959e-10 1.95186e-10 -7.55959e-10 -1.03932e-12 4.95681e-13 1.03906e-12 -9.42923e-13
19.28 2.19957e-10 7.56351e-10 -1.95294e-10 7.56351e-10 1.03991e-12 -4.96476e-13 -1.03969e-12 9.43718e-13
19.29 -2.20065e-10 -7.56743e-10 1.95402e-10 -7.56743e-10 -1.0404e-12 4.97271e-13 1.04041e-12 -9.44513e-13
19.3 2.20173e-10 7.57136e-10 -1.9551e-10 7.57136e-10 1.04103e-12 -4.98066e-13 -1.04099e-12 9.45308e-13
19.31 -2.20281e-10 -7.57528e-10 1.95617e-10 -7.57528e-10 -1.04175e-12 4.98861e-13 1.04149e-12 -9.46103e-13
19.32 2.20388e-10 7.57921e-10 -1.95725e-10 7.57921e-10 1.04234e-12 -4.99655e-13 -1.04212e-12 9.46898e-13
19.33 -2.20496e-10 -7.58313e-10 1.95833e-10 -7.58313e-10 -1.04283e-12 5.0045e-13 1.04284e-12 -9.47692e-13
19.34 2.20604e-10 7.58705e-10 -1.9594e-10 7.58705e-10 1.04347e-12 -5.01245e-13 -1.04343e-12 9.48487e-13
19.35 -2.20711e-10 -7.59098e-10 1.96048e-10 -7.59098e-10 -1.04418e-12 5.0204e-13 1.04392e-12 -9.49282e-13
19.36 2.20819e-10 7.5949e-10 -1.96156e-10 7.5949e-10 1.04477e-12 -5.02835e-13 -1.04455e-12 9.50077e-13
19.37 -2.20927e-10 -7.59883e-10 1.96264e-10 -7.59883e-10 -1.04527e-12 5.0363e-13 1.04527e-12 -9.50872e-13
19.38 2.21035e-10 7.60275e-10 -1.96371e-10 7.60275e-10 1.0459e-12 -5.04424e-13 -1.04586e-12 9.51666e-13
19.39 -2.21142e-10 -7.60667e-10 1.96479e-10 -7.60667e-10 -1.04661e-12 5.05219e-13 1.04635e-12 -9.52461e-13
19.4 2.2125e-10 7.6106e-10 -1.96587e-10 7.6106e-10 1.0472e-12 -5.06014e-13 -1.04698e-12 9.53256e-13
19.41 -2.21358e-10 -7.61452e-10 1.96694e-10 -7.61452e-10 -1.0477e-12 5.06809e-13 1.0477e-12 -9.54051e-13
19.42 2.21465e-10 7.61845e-10 -1.96802e-10 7.61845e-10 1.04833e-12 -5.07604e-13 -1.04829e-12 9.54846e-13
19.43 -2.21573e-10 -7.62237e-10 1.9691e-10 -7.62237e-10 -1.04905e-12 5.08399e-13 1.04878e-12 -9.55641e-13
19.44 2.21681e-10 7.62629e-10 -1.97018e-10 7.62629e-10 1.04963e-12 -5.09193e-13 -1.04941e-12 9.56435e-13
19.45 -2.21789e-10 -7.63022e-10 1.97125e-10 -7.63022e-10 -1.05013e-12 5.09988e-13 1.05013e-12 -9.5723e-13
19.46 2.21896e-10 7.63414e-10 -1.97233e-10 7.63414e-10 1.05076e-12 -5.10783e-13 -1.05072e-12 9.58025e-13
19.47 -2.22004e-10 -7.63807e-10 1.97341e-10 -7.63807e-10 -1.05148e-12 5.11578e-13 1.05122e-12 -9.5882e-13
19.48 2.22112e-10 7.64199e-10 -1.97448e-10 7.64199e-10 1.05206e-12 -5.12373e-13 -1.05185e-12 9.59615e-13
19.49 -2.22219e-10 -7.64591e-10 1.97556e-10 -7.64591e-10 -1.05256e-12 5.13168e-13 1.05256e-12 -9.6041e-13
19.5 2.22327e-10 7.64984e-10 -1.97664e-10 7.64984e-10 1.05319e-12 -5.13962e-13 -1.05315e-12 9.61204e-13
19.51 -2.22435e-10 -7.65376e-10 1.97772e-10 -7.65376e-10 -1.05391e-12 5.14757e-13 1.05365e-12 -9.61999e-13
19.52 2.22543e-10 7.65769e-10 -1.97879e-10 7.65769e-10 1.05449e-12 -5.15552e-13 -1.05428e-12 9.62794e-13
19.53 -2.2265e-10 -7.66161e-10 1.97987e-10 -7.66161e-10 -1.05499e-12 5.16347e-13 1.05499e-12 -9.63589e-13
19.54 2.22758e-10 7.66553e-10 -1.98095e-10 7.66553e-10 1.05562e-12 -5.17142e-13 -1.05558e-12 9.64384e-13
19.55 -2.22866e-10 -7.66946e-10 1.98202e-10 -7.66946e-10 -1.05634e-12 5.17937e-13 1.05608e-12 -9.65179e-13
19.56 2.22974e-10 7.67338e-10 -1.9831e-10 7.67338e-10 1.05692e-12 -5.18731e-13 -1.05671e-12 9.65973e-13
19.57 -2.23081e-10 -7.67731e-10 1.98418e-10 -7.67731e-10 -1.05742e-12 5.19526e-13 1.05743e-12 -9.66768e-13
19.58 2.23189e-10 7.68123e-10 -1.98526e-10 7.68123e-10 1.05805e-12 -5.20321e-13 -1.05801e-12 9.67563e-13
19.59 -2.23297e-10 -7.68515e-10 1.98633e-10 -7.68515e-10 -1.05877e-12 5.21116e-13 1.05851e-12 -9.68358e-13
19.6 2.23404e-10 7.68908e-10 -1.98741e-10 7.68908e-10 1.05935e-12 -5.21911e-13 -1.05914e-12 9.69153e-13
19.61 -2.23512e-10 -7.693e-10 1.98849e-10 -7.693e-10 -1.05985e-12 5.22706e-13 1.05986e-12 -9.69948e-13
19.62 2.2362e-10 7.69693e-10 -1.98956e-10 7.69693e-10 1.06048e-12 -5.235e-13 -1.06044e-12 9.70742e-13
19.63 -2.23728e-10 -7.70085e-10 1.99064e-10 -7.70085e-10 -1.0612e-12 5.24295e-13 1.06094e-12 -9.71537e-13
19.64 2.23835e-10 7.70477e-10 -1.99172e-10 7.70477e-10 1.06178e-12 -5.2509e-13 -1.06157e-12 9.72332e-13
19.65 -2.23943e-10 -7.7087e-10 1.9928e-10 -7.7087e-10 -1.06228e-12 5.25885e-13 1.06229e-12 -9.73127e-13
19.66 2.24051e-10 7.71262e-10 -1.99387e-10 7.71262e-10 1.06291e-12 -5.2668e-13 -1.06287e-12 9.73922e-13
19.67 -2.24158e-10 -7.71655e-10 1.99495e-10 -7.71655e-10 -1.06363e-12 5.27475e-13 1.06337e-12 -9.74717e-13
19.68 2.24266e-10 7.72047e-10 -1.99603e-10 7.72047e-10 1.06422e-12 -5.28269e-13 -1.064e-12 9.75511e-13
19.69 -2.24374e-10 -7.72439e-10 1.99711e-10 -7.72439e-10 -1.06471e-12 5.29064e-13 1.06472e-12 -9.76306e-13
19.7 2.24482e-10 7.72832e-10 -1.99818e-10 7.72832e-10 1.06534e-12 -5.29859e-13 -1.0653e-12 9.77101e-13
19.71 -2.24589e-10 -7.73224e-10 1.99926e-10 -7.73224e-10 -1.06606e-12 5.30654e-13 1.0658e-12 -9.77896e-13
19.72 2.24697e-10 7.73617e-10 -2.00034e-10 7.73617e-10 1.06665e-12 -5.31449e-13 -1.06643e-12 9.78691e-13
19.73 -2.24805e-10 -7.74009e-10 2.00141e-10 -7.74009e-10 -1.06714e-12 5.32243e-13 1.06715e-12 -9.79486e-13
19.74 2.24912e-10 7.74401e-10 -2.00249e-10 7.74401e-10 1.06777e-12 -5.33038e-13 -1.06773e-12 9.8028e-13
19.75 -2.2502e-10 -7.74794e-10 2.00357e-10 -7.74794e-10 -1.06849e-12 5.33833e-13 1.06823e-12 -9.81075e-13
19.76 2.25128e-10 7.75186e-10 -2.00465e-10 7.75186e-10 1.06908e-12 -5.34628e-13 -1.06886e-12 9.8187e-13
19.77 -2.25236e-10 -7.75579e-10 2.00572e-10 -7.75579e-10 -1.06957e-12 5.35423e-13 1.06958e-12 -9.82665e-13
19.78 2.25343e-10 7.75971e-10 -2.0068e-10 7.75971e-10 1.0702e-12 -5.36218e-13 -1.07016e-12 9.8346e-13
19.79 -2.25451e-10 -7.76363e-10 2.00788e-10 -7.76363e-10 -1.07092e-12 5.37012e-13 1.07066e-12 -9.84254e-13
19.8 2.25559e-10 7.76756e-10 -2.00895e-10 7.76756e-10 1.07151e-12 -5.37807e-13 -1.07129e-12 9.85049e-13
19.81 -2.25666e-10 -7.77148e-10 2.01003e-10 -7.77148e-10 -1.072e-12 5.38602e-13 1.07201e-12 -9.85844e-13
19.82 2.25774e-10 7.77541e-10 -2.01111e-10 7.77541e-10 1.07264e-12 -5.39397e-13 -1.0726e-12 9.86639e-13
19.83 -2.25882e-10 -7.77933e-10 2.01219e-10 -7.77933e-10 -1.07335e-12 5.40192e-13 1.07309e-12 -9.87434e-13
19.84 2.2599e-10 7.78325e-10 -2.01326e-10 7.78325e-10 1.07394e-12 -5.40987e-13 -1.07372e-12 9.88229e-13
19.85 -2.26097e-10 -7.78718e-10 2.01434e-10 -7.78718e-10 -1.07444e-12 5.41781e-13 1.07444e-12 -9.89023e-13
19.86 2.26205e-10 7.7911e-10 -2.01542e-10 7.7911e-10 1.07507e-12 -5.42576e-13 -1.07503e-12 9.89818e-13
19.87 -2.26313e-10 -7.79503e-10 2.01649e-10 -7.79503e-10 -1.07578e-12 5.43371e-13 1.07552e-12 -9.90613e-13
19.88 2.2642e-10 7.79895e-10 -2.01757e-10 7.79895e-10 1.07637e-12 -5.44166e-13 -1.07615e-12 9.91408e-13
19.89 -2.26528e-10 -7.80287e-10 2.01865e-10 -7.80287e-10 -1.07687e-12 5.44961e-13 1.07687e-12 -9.92203e-13
19.9 2.26636e-10 7.8068e-10 -2.01973e-10 7.8068e-10 1.0775e-12 -5.45756e-13 -1.07746e-12 9.92998e-13
19.91 -2.26744e-10 -7.81072e-10 2.0208e-10 -7.81072e-10 -1.07822e-12 5.4655e-13 1.07795e-12 -9.93792e-13
19.92 2.26851e-10 7.81465e-10 -2.02188e-10 7.81465e-10 1.0788e-12 -5.47345e-13 -1.07858e-12 9.94587e-13
19.93 -2.26959e-10 -7.81857e-10 2.02296e-10 -7.81857e-10 -1.0793e-12 5.4814e-13 1.0793e-12 -9.95382e-13
19.94 2.27067e-10 7.82249e-10 -2.02403e-10 7.82249e-10 1.07993e-12 -5.48935e-13 -1.07989e-12 9.96177e-13
19.95 -2.27175e-10 -7.82642e-10 2.02511e-10 -7.82642e-10 -1.08065e-12 5.4973e-13 1.08039e-12 -9.96972e-13
19.96 2.27282e-10 7.83034e-10 -2.02619e-10 7.83034e-10 1.08123e-12 -5.50525e-13 -1.08102e-12 9.97767e-13
19.97 -2.2739e-10 -7.83427e-10 2.02727e-10 -7.83427e-10 -1.08173e-12 5.51319e-13 1.08173e-12 -9.98561e-13
19.98 2.27498e-10 7.83819e-10 -2.02834e-10 7.83819e-10 1.08236e-12 -5.52114e-13 -1.08232e-12 9.99356e-13
19.99 -2.27605e-10 -7.84211e-10 2.02942e-10 -7.84211e-10 -1.08308e-12 5.52909e-13 1.08282e-12 -1.00015e-12
20 2.27713e-10 7.84604e-10 -2.0305e-10 7.84604e-10 1.08366e-12 -5.53704e-13 -1.08345e-12 1.00095e-12
