0.01 -1.80565e-18 -5.05619e-18 8.87289e-19 -4.75381e-18 1.01133e-05 -3.7402e-05 -2.57926e-05 -3.7402e-05
0.02 -2.54525e-18 -5.48902e-18 1.47692e-19 -4.32098e-18 -1.49428e-05 -3.7402e-05 -5.08487e-05 -3.7402e-05
0.03 -3.3109e-18 -5.95033e-18 -6.17964e-19 -3.85967e-18 -4.46013e-05 -3.7402e-05 -8.05072e-05 -3.7402e-05
0.04 -3.83892e-18 -6.17763e-18 -1.14598e-18 -3.63237e-18 -6.05344e-05 -3.7402e-05 -9.64403e-05 -3.7402e-05
0.05 -4.28537e-18 -6.32817e-18 -1.59243e-18 -3.48183e-18 -6.95041e-05 -3.7402e-05 -0.00010541 -3.7402e-05
0.06 -4.89815e-18 -6.65102e-18 -2.2052e-18 -3.15898e-18 -8.80709e-05 -3.7402e-05 -0.000123977 -3.7402e-05
0.07 -5.59248e-18 -7.06256e-18 -2.89954e-18 -2.74744e-18 -0.000113773 -3.7402e-05 -0.000149679 -3.7402e-05
0.08 -6.14036e-18 -7.33589e-18 -3.44742e-18 -2.47411e-18 -0.00013215 -3.7402e-05 -0.000168056 -3.7402e-05
0.09 -6.56345e-18 -7.49375e-18 -3.87051e-18 -2.31625e-18 -0.000142256 -3.7402e-05 -0.000178162 -3.7402e-05
0.1 -7.05325e-18 -7.72869e-18 -4.36031e-18 -2.08131e-18 -0.000155886 -3.7402e-05 -0.000191792 -3.7402e-05
0.11 -7.62653e-18 -8.0585e-18 -4.93359e-18 -1.7515e-18 -0.000176083 -3.7402e-05 -0.000211989 -3.7402e-05
0.12 -8.12322e-18 -8.32405e-18 -5.43028e-18 -1.48595e-18 -0.000193489 -3.7402e-05 -0.000229394 -3.7402e-05
0.13 -8.49414e-18 -8.47708e-18 -5.8012e-18 -1.33292e-18 -0.000203589 -3.7402e-05 -0.000239495 -3.7402e-05
0.14 -8.86038e-18 -8.63954e-18 -6.16744e-18 -1.17046e-18 -0.000213214 -3.7402e-05 -0.00024912 -3.7402e-05
0.15 -9.28449e-18 -8.87479e-18 -6.59155e-18 -9.35207e-19 -0.00022742 -3.7402e-05 -0.000263325 -3.7402e-05
0.16 -9.6751e-18 -9.0922e-18 -6.98216e-18 -7.17796e-19 -0.000241421 -3.7402e-05 -0.000277327 -3.7402e-05
0.17 -9.95921e-18 -9.21945e-18 -7.26627e-18 -5.90548e-19 -0.000249958 -3.7402e-05 -0.000285864 -3.7402e-05
0.18 -1.01964e-17 -9.31676e-18 -7.50347e-18 -4.93239e-19 -0.00025591 -3.7402e-05 -0.000291816 -3.7402e-05
0.19 -1.04577e-17 -9.45567e-18 -7.76475e-18 -3.54334e-19 -0.00026419 -3.7402e-05 -0.000300096 -3.7402e-05
0.2 -1.07056e-17 -9.59921e-18 -8.01267e-18 -2.1079e-19 -0.000273316 -3.7402e-05 -0.000309222 -3.7402e-05
0.21 -1.08718e-17 -9.6794e-18 -8.17883e-18 -1.30602e-19 -0.000278833 -3.7402e-05 -0.000314739 -3.7402e-05
0.22 -1.09725e-17 -9.71288e-18 -8.27953e-18 -9.71233e-20 -0.000281049 -3.7402e-05 -0.000316954 -3.7402e-05
0.23 -1.10671e-17 -9.7593e-18 -8.37415e-18 -5.06983e-20 -0.000283715 -3.7402e-05 -0.00031962 -3.7402e-05
0.24 -1.11531e-17 -9.81626e-18 -8.46011e-18 6.2603e-21 -0.000287298 -3.7402e-05 -0.000323204 -3.7402e-05
0.25 -1.11795e-17 -9.83308e-18 -8.48661e-18 2.30772e-20 -0.000288734 -3.7402e-05 -0.00032464 -3.7402e-05
0.26 -1.11383e-17 -9.80146e-18 -8.44531e-18 -8.53956e-21 -0.000287009 -3.7402e-05 -0.000322915 -3.7402e-05
0.27 -1.10699e-17 -9.76209e-18 -8.37694e-18 -4.7915e-20 -0.000284478 -3.7402e-05 -0.000320384 -3.7402e-05
0.28 -1.09897e-17 -9.7301e-18 -8.29674e-18 -7.99043e-20 -0.000282465 -3.7402e-05 -0.000318371 -3.7402e-05
0.29 -1.08671e-17 -9.6747e-18 -8.17413e-18 -1.35298e-19 -0.000279276 -3.7402e-05 -0.000315182 -3.7402e-05
0.3 -1.06838e-17 -9.5774e-18 -7.99086e-18 -2.32597e-19 -0.000273485 -3.7402e-05 -0.000309391 -3.7402e-05
0.31 -1.04627e-17 -9.4607e-18 -7.76978e-18 -3.49305e-19 -0.000266249 -3.7402e-05 -0.000302155 -3.7402e-05
0.32 -1.02248e-17 -9.34512e-18 -7.53183e-18 -4.6488e-19 -0.000259029 -3.7402e-05 -0.000294935 -3.7402e-05
0.33 -9.95641e-18 -9.21665e-18 -7.26347e-18 -5.93347e-19 -0.000251188 -3.7402e-05 -0.000287094 -3.7402e-05
0.34 -9.63901e-18 -9.05611e-18 -6.94607e-18 -7.53887e-19 -0.00024143 -3.7402e-05 -0.000277336 -3.7402e-05
0.35 -9.282e-18 -8.8723e-18 -6.58906e-18 -9.37695e-19 -0.00023008 -3.7402e-05 -0.000265986 -3.7402e-05
0.36 -8.90489e-18 -8.68406e-18 -6.21195e-18 -1.12594e-18 -0.000218355 -3.7402e-05 -0.000254261 -3.7402e-05
0.37 -8.50596e-18 -8.48889e-18 -5.81302e-18 -1.32111e-18 -0.000206291 -3.7402e-05 -0.000242197 -3.7402e-05
0.38 -8.07098e-18 -8.27181e-18 -5.37804e-18 -1.53819e-18 -0.000192958 -3.7402e-05 -0.000228864 -3.7402e-05
0.39 -7.60122e-18 -8.03319e-18 -4.90828e-18 -1.77681e-18 -0.000178217 -3.7402e-05 -0.000214123 -3.7402e-05
0.4 -7.11163e-18 -7.78708e-18 -4.41869e-18 -2.02292e-18 -0.00016291 -3.7402e-05 -0.000198816 -3.7402e-05
0.41 -6.60717e-18 -7.53746e-18 -3.91422e-18 -2.27254e-18 -0.000147411 -3.7402e-05 -0.000183317 -3.7402e-05
0.42 -6.07945e-18 -7.27497e-18 -3.3865e-18 -2.53503e-18 -0.00013119 -3.7402e-05 -0.000167096 -3.7402e-05
0.43 -5.52597e-18 -6.99605e-18 -2.83303e-18 -2.81395e-18 -0.000113931 -3.7402e-05 -0.000149836 -3.7402e-05
0.44 -4.95666e-18 -6.70954e-18 -2.26372e-18 -3.10046e-18 -9.6118e-05 -3.7402e-05 -0.000132024 -3.7402e-05
0.45 -4.37916e-18 -6.42196e-18 -1.68622e-18 -3.38804e-18 -7.82254e-05 -3.7402e-05 -0.000114131 -3.7402e-05
0.46 -3.79034e-18 -6.12905e-18 -1.0974e-18 -3.68095e-18 -6.00544e-05 -3.7402e-05 -9.59602e-05 -3.7402e-05
0.47 -3.18695e-18 -5.82637e-18 -4.94007e-19 -3.98363e-18 -4.12862e-05 -3.7402e-05 -7.7192e-05 -3.7402e-05
0.48 -2.57476e-18 -5.51853e-18 1.18184e-19 -4.29147e-18 -2.21417e-05 -3.7402e-05 -5.80476e-05 -3.7402e-05
0.49 -1.96154e-18 -5.21208e-18 7.31403e-19 -4.59792e-18 -3.05249e-06 -3.7402e-05 -3.89584e-05 -3.7402e-05
0.5 -1.34794e-18 -4.90647e-18 1.345e-18 -4.90353e-18 1.59578e-05 -3.7402e-05 -1.99481e-05 -3.7402e-05
0.51 -7.31548e-19 -4.59806e-18 1.96139e-18 -5.21194e-18 3.51221e-05 -3.7402e-05 -7.83792e-07 -3.7402e-05
0.52 -1.15316e-19 -4.2886e-18 2.57763e-18 -5.5214e-18 5.43832e-05 -3.7402e-05 1.84774e-05 -3.7402e-05
0.53 4.94183e-19 -3.98345e-18 3.18712e-18 -5.82655e-18 7.34113e-05 -3.7402e-05 3.75054e-05 -3.7402e-05
0.54 1.09414e-18 -3.68421e-18 3.78709e-18 -6.12579e-18 9.20649e-05 -3.7402e-05 5.61591e-05 -3.7402e-05
0.55 1.68559e-18 -3.38867e-18 4.37853e-18 -6.42133e-18 0.00011047 -3.7402e-05 7.45638e-05 -3.7402e-05
0.56 2.26719e-18 -3.09699e-18 4.96013e-18 -6.71301e-18 0.000128648 -3.7402e-05 9.27423e-05 -3.7402e-05
0.57 2.83402e-18 -2.81296e-18 5.52696e-18 -6.99704e-18 0.000146381 -3.7402e-05 0.000110475 -3.7402e-05
0.58 3.38248e-18 -2.53905e-18 6.07542e-18 -7.27095e-18 0.000163489 -3.7402e-05 0.000127583 -3.7402e-05
0.59 3.91232e-18 -2.27444e-18 6.60526e-18 -7.53556e-18 0.000180007 -3.7402e-05 0.000144101 -3.7402e-05
0.6 4.42299e-18 -2.01863e-18 7.11593e-18 -7.79137e-18 0.00019598 -3.7402e-05 0.000160074 -3.7402e-05
0.61 4.91116e-18 -1.77393e-18 7.6041e-18 -8.03607e-18 0.000211283 -3.7402e-05 0.000175378 -3.7402e-05
0.62 5.37337e-18 -1.54286e-18 8.06631e-18 -8.26714e-18 0.000225751 -3.7402e-05 0.000189845 -3.7402e-05
0.63 5.80858e-18 -1.32554e-18 8.50152e-18 -8.48446e-18 0.000239356 -3.7402e-05 0.00020345 -3.7402e-05
0.64 6.21651e-18 -1.12138e-18 8.90945e-18 -8.68862e-18 0.00025214 -3.7402e-05 0.000216234 -3.7402e-05
0.65 6.59519e-18 -9.31564e-19 9.28814e-18 -8.87844e-18 0.000264046 -3.7402e-05 0.00022814 -3.7402e-05
0.66 6.94185e-18 -7.5811e-19 9.63479e-18 -9.05189e-18 0.000274945 -3.7402e-05 0.000239039 -3.7402e-05
0.67 7.25516e-18 -6.01658e-19 9.9481e-18 -9.20834e-18 0.000284785 -3.7402e-05 0.000248879 -3.7402e-05
0.68 7.53496e-18 -4.61744e-19 1.02279e-17 -9.34826e-18 0.000293592 -3.7402e-05 0.000257686 -3.7402e-05
0.69 7.78034e-18 -3.38743e-19 1.04733e-17 -9.47126e-18 0.000301353 -3.7402e-05 0.000265447 -3.7402e-05
0.7 7.98945e-18 -2.34013e-19 1.06824e-17 -9.57599e-18 0.000307988 -3.7402e-05 0.000272082 -3.7402e-05
0.71 8.16114e-18 -1.48286e-19 1.08541e-17 -9.66171e-18 0.00031344 -3.7402e-05 0.000277534 -3.7402e-05
0.72 8.29541e-18 -8.12373e-20 1.09884e-17 -9.72876e-18 0.000317727 -3.7402e-05 0.000281821 -3.7402e-05
0.73 8.39212e-18 -3.27308e-20 1.10851e-17 -9.77727e-18 0.000320861 -3.7402e-05 0.000284955 -3.7402e-05
0.74 8.45042e-18 -3.43266e-21 1.11434e-17 -9.80657e-18 0.000322806 -3.7402e-05 0.0002869 -3.7402e-05
0.75 8.46964e-18 6.11115e-21 1.11626e-17 -9.81611e-18 0.000323523 -3.7402e-05 0.000287617 -3.7402e-05
0.76 8.45002e-18 -3.82592e-21 1.1143e-17 -9.80617e-18 0.000323025 -3.7402e-05 0.000287119 -3.7402e-05
0.77 8.39207e-18 -3.27825e-20 1.1085e-17 -9.77722e-18 0.00032134 -3.7402e-05 0.000285434 -3.7402e-05
0.78 8.29583e-18 -8.08201e-20 1.09888e-17 -9.72918e-18 0.000318471 -3.7402e-05 0.000282565 -3.7402e-05
0.79 8.16129e-18 -1.48137e-19 1.08542e-17 -9.66186e-18 0.000314402 -3.7402e-05 0.000278497 -3.7402e-05
0.8 7.98906e-18 -2.34399e-19 1.0682e-17 -9.5756e-18 0.000309151 -3.7402e-05 0.000273245 -3.7402e-05
0.81 7.78016e-18 -3.38927e-19 1.04731e-17 -9.47107e-18 0.000302759 -3.7402e-05 0.000266853 -3.7402e-05
0.82 7.53541e-18 -4.61298e-19 1.02283e-17 -9.3487e-18 0.000295256 -3.7402e-05 0.00025935 -3.7402e-05
0.83 7.2555e-18 -6.0131e-19 9.94844e-18 -9.20869e-18 0.000286653 -3.7402e-05 0.000250747 -3.7402e-05
0.84 6.94148e-18 -7.58476e-19 9.63442e-18 -9.05152e-18 0.000276979 -3.7402e-05 0.000241073 -3.7402e-05
0.85 6.5948e-18 -9.31953e-19 9.28775e-18 -8.87805e-18 0.000266284 -3.7402e-05 0.000230378 -3.7402e-05
0.86 6.21694e-18 -1.12096e-18 8.90988e-18 -8.68904e-18 0.000254618 -3.7402e-05 0.000218713 -3.7402e-05
0.87 5.80921e-18 -1.32491e-18 8.50215e-18 -8.48509e-18 0.00024202 -3.7402e-05 0.000206114 -3.7402e-05
0.88 5.37311e-18 -1.54312e-18 8.06605e-18 -8.26688e-18 0.000228529 -3.7402e-05 0.000192623 -3.7402e-05
0.89 4.91048e-18 -1.77462e-18 7.60342e-18 -8.03538e-18 0.000214205 -3.7402e-05 0.000178299 -3.7402e-05
0.9 4.42326e-18 -2.01836e-18 7.1162e-18 -7.79164e-18 0.000199112 -3.7402e-05 0.000163206 -3.7402e-05
0.91 3.9133e-18 -2.27346e-18 6.60624e-18 -7.53654e-18 0.000183308 -3.7402e-05 0.000147402 -3.7402e-05
0.92 3.3825e-18 -2.53903e-18 6.07544e-18 -7.27097e-18 0.000166846 -3.7402e-05 0.000130941 -3.7402e-05
0.93 2.833e-18 -2.81398e-18 5.52594e-18 -6.99602e-18 0.000149794 -3.7402e-05 0.000113888 -3.7402e-05
0.94 2.26706e-18 -3.09712e-18 4.96e-18 -6.71288e-18 0.000132224 -3.7402e-05 9.63182e-05 -3.7402e-05
0.95 1.68691e-18 -3.38735e-18 4.37985e-18 -6.42265e-18 0.000114207 -3.7402e-05 7.8301e-05 -3.7402e-05
0.96 1.09474e-18 -3.68361e-18 3.78769e-18 -6.12639e-18 9.58079e-05 -3.7402e-05 5.9902e-05 -3.7402e-05
0.97 4.92898e-19 -3.98474e-18 3.18584e-18 -5.82526e-18 7.70983e-05 -3.7402e-05 4.11924e-05 -3.7402e-05
0.98 -1.16184e-19 -4.28947e-18 2.57676e-18 -5.52053e-18 5.81563e-05 -3.7402e-05 2.22504e-05 -3.7402e-05
0.99 -7.30075e-19 -4.59659e-18 1.96287e-18 -5.21341e-18 3.90585e-05 -3.7402e-05 3.15261e-06 -3.7402e-05
1 -1.34641e-18 -4.90494e-18 1.34653e-18 -4.90506e-18 1.98773e-05 -3.7402e-05 -1.60286e-05 -3.7402e-05
1.01 -1.96279e-18 -5.21333e-18 7.30156e-19 -4.59667e-18 6.85886e-07 -3.7402e-05 -3.522e-05 -3.7402e-05
1.02 -2.57673e-18 -5.5205e-18 1.16214e-19 -4.2895e-18 -1.84377e-05 -3.7402e-05 -5.43436e-05 -3.7402e-05
1.03 -3.18578e-18 -5.8252e-18 -4.92839e-19 -3.9848e-18 -3.74156e-05 -3.7402e-05 -7.33215e-05 -3.7402e-05
1.04 -3.78757e-18 -6.12627e-18 -1.09463e-18 -3.68373e-18 -5.61743e-05 -3.7402e-05 -9.20802e-05 -3.7402e-05
1.05 -4.37975e-18 -6.42255e-18 -1.68681e-18 -3.38745e-18 -7.4642e-05 -3.7402e-05 -0.000110548 -3.7402e-05
1.06 -4.95997e-18 -6.71285e-18 -2.26703e-18 -3.09715e-18 -9.27452e-05 -3.7402e-05 -0.000128651 -3.7402e-05
1.07 -5.52591e-18 -6.99599e-18 -2.83297e-18 -2.81401e-18 -0.00011041 -3.7402e-05 -0.000146316 -3.7402e-05
1.08 -6.07534e-18 -7.27087e-18 -3.3824e-18 -2.53913e-18 -0.000127568 -3.7402e-05 -0.000163474 -3.7402e-05
1.09 -6.60613e-18 -7.53642e-18 -3.91318e-18 -2.27358e-18 -0.000144152 -3.7402e-05 -0.000180058 -3.7402e-05
1.1 -7.11617e-18 -7.79161e-18 -4.42322e-18 -2.01839e-18 -0.000160097 -3.7402e-05 -0.000196003 -3.7402e-05
1.11 -7.60343e-18 -8.03539e-18 -4.91048e-18 -1.77461e-18 -0.000175339 -3.7402e-05 -0.000211245 -3.7402e-05
1.12 -8.06598e-18 -8.26681e-18 -5.37304e-18 -1.54319e-18 -0.000189818 -3.7402e-05 -0.000225724 -3.7402e-05
1.13 -8.50202e-18 -8.48496e-18 -5.80908e-18 -1.32504e-18 -0.000203476 -3.7402e-05 -0.000239382 -3.7402e-05
1.14 -8.90983e-18 -8.68899e-18 -6.21689e-18 -1.12101e-18 -0.000216262 -3.7402e-05 -0.000252168 -3.7402e-05
1.15 -9.28779e-18 -8.87809e-18 -6.59485e-18 -9.31905e-19 -0.000228123 -3.7402e-05 -0.000264029 -3.7402e-05
1.16 -9.6344e-18 -9.0515e-18 -6.94146e-18 -7.58495e-19 -0.000239013 -3.7402e-05 -0.000274918 -3.7402e-05
1.17 -9.9483e-18 -9.20855e-18 -7.25536e-18 -6.0145e-19 -0.000248888 -3.7402e-05 -0.000284794 -3.7402e-05
1.18 -1.02283e-17 -9.34862e-18 -7.53533e-18 -4.6138e-19 -0.00025771 -3.7402e-05 -0.000293616 -3.7402e-05
1.19 -1.04732e-17 -9.47116e-18 -7.78024e-18 -3.38845e-19 -0.000265445 -3.7402e-05 -0.000301351 -3.7402e-05
1.2 -1.06821e-17 -9.57566e-18 -7.98912e-18 -2.34337e-19 -0.000272061 -3.7402e-05 -0.000307967 -3.7402e-05
1.21 -1.08541e-17 -9.66173e-18 -8.16116e-18 -1.48266e-19 -0.000277532 -3.7402e-05 -0.000313438 -3.7402e-05
1.22 -1.09886e-17 -9.72904e-18 -8.29569e-18 -8.09618e-20 -0.000281838 -3.7402e-05 -0.000317744 -3.7402e-05
1.23 -1.10851e-17 -9.77731e-18 -8.39216e-18 -3.26924e-20 -0.00028496 -3.7402e-05 -0.000320866 -3.7402e-05
1.24 -1.11431e-17 -9.80634e-18 -8.4502e-18 -3.65537e-21 -0.000286887 -3.7402e-05 -0.000322793 -3.7402e-05
1.25 -1.11625e-17 -9.81603e-18 -8.46956e-18 6.03451e-21 -0.00028761 -3.7402e-05 -0.000323516 -3.7402e-05
1.26 -1.11431e-17 -9.80635e-18 -8.4502e-18 -3.65498e-21 -0.000287128 -3.7402e-05 -0.000323034 -3.7402e-05
1.27 -1.10851e-17 -9.77732e-18 -8.39217e-18 -3.26842e-20 -0.000285442 -3.7402e-05 -0.000321348 -3.7402e-05
1.28 -1.09886e-17 -9.72906e-18 -8.2957e-18 -8.09434e-20 -0.000282559 -3.7402e-05 -0.000318464 -3.7402e-05
1.29 -1.08541e-17 -9.66176e-18 -8.16119e-18 -1.48244e-19 -0.000278489 -3.7402e-05 -0.000314395 -3.7402e-05
1.3 -1.06821e-17 -9.57568e-18 -7.98914e-18 -2.34317e-19 -0.000273249 -3.7402e-05 -0.000309155 -3.7402e-05
1.31 -1.04732e-17 -9.47118e-18 -7.78026e-18 -3.38821e-19 -0.000266861 -3.7402e-05 -0.000302766 -3.7402e-05
1.32 -1.02283e-17 -9.34866e-18 -7.53536e-18 -4.61345e-19 -0.000259348 -3.7402e-05 -0.000295254 -3.7402e-05
1.33 -9.94835e-18 -9.20859e-18 -7.25541e-18 -6.01408e-19 -0.000250741 -3.7402e-05 -0.000286647 -3.7402e-05
1.34 -9.63444e-18 -9.05154e-18 -6.9415e-18 -7.58456e-19 -0.000241073 -3.7402e-05 -0.000276979 -3.7402e-05
1.35 -9.28783e-18 -8.87813e-18 -6.59489e-18 -9.31867e-19 -0.000230383 -3.7402e-05 -0.000266289 -3.7402e-05
1.36 -8.90988e-18 -8.68904e-18 -6.21694e-18 -1.12096e-18 -0.000218713 -3.7402e-05 -0.000254619 -3.7402e-05
1.37 -8.50208e-18 -8.48502e-18 -5.80914e-18 -1.32498e-18 -0.00020611 -3.7402e-05 -0.000242015 -3.7402e-05
1.38 -8.06604e-18 -8.26686e-18 -5.3731e-18 -1.54314e-18 -0.000192621 -3.7402e-05 -0.000228527 -3.7402e-05
1.39 -7.60348e-18 -8.03544e-18 -4.91053e-18 -1.77456e-18 -0.000178302 -3.7402e-05 -0.000214208 -3.7402e-05
1.4 -7.11622e-18 -7.79167e-18 -4.42328e-18 -2.01833e-18 -0.000163208 -3.7402e-05 -0.000199114 -3.7402e-05
1.41 -6.6062e-18 -7.5365e-18 -3.91326e-18 -2.2735e-18 -0.0001474 -3.7402e-05 -0.000183306 -3.7402e-05
1.42 -6.07541e-18 -7.27094e-18 -3.38247e-18 -2.53906e-18 -0.000130938 -3.7402e-05 -0.000166844 -3.7402e-05
1.43 -5.52597e-18 -6.99605e-18 -2.83303e-18 -2.81395e-18 -0.00011389 -3.7402e-05 -0.000149795 -3.7402e-05
1.44 -4.96003e-18 -6.71291e-18 -2.26709e-18 -3.09709e-18 -9.63203e-05 -3.7402e-05 -0.000132226 -3.7402e-05
1.45 -4.37983e-18 -6.42263e-18 -1.68689e-18 -3.38737e-18 -7.83002e-05 -3.7402e-05 -0.000114206 -3.7402e-05
1.46 -3.78766e-18 -6.12636e-18 -1.09472e-18 -3.68364e-18 -5.99001e-05 -3.7402e-05 -9.5806e-05 -3.7402e-05
1.47 -3.18585e-18 -5.82527e-18 -4.92908e-19 -3.98473e-18 -4.11928e-05 -3.7402e-05 -7.70987e-05 -3.7402e-05
1.48 -2.57678e-18 -5.52055e-18 1.16158e-19 -4.28945e-18 -2.2252e-05 -3.7402e-05 -5.81579e-05 -3.7402e-05
1.49 -1.96286e-18 -5.2134e-18 7.30078e-19 -4.5966e-18 -3.15267e-06 -3.7402e-05 -3.90586e-05 -3.7402e-05
1.5 -1.34651e-18 -4.90504e-18 1.34643e-18 -4.90496e-18 1.603e-05 -3.7402e-05 -1.98759e-05 -3.7402e-05
1.51 -7.30154e-19 -4.59667e-18 1.96279e-18 -5.21333e-18 3.52203e-05 -3.7402e-05 -6.85558e-07 -3.7402e-05
1.52 -1.16233e-19 -4.28952e-18 2.57671e-18 -5.52048e-18 5.43425e-05 -3.7402e-05 1.84366e-05 -3.7402e-05
1.53 4.92834e-19 -3.9848e-18 3.18577e-18 -5.8252e-18 7.3321e-05 -3.7402e-05 3.74151e-05 -3.7402e-05
1.54 1.09464e-18 -3.68371e-18 3.78758e-18 -6.12629e-18 9.2081e-05 -3.7402e-05 5.61751e-05 -3.7402e-05
1.55 1.68682e-18 -3.38744e-18 4.37976e-18 -6.42256e-18 0.000110548 -3.7402e-05 7.46426e-05 -3.7402e-05
1.56 2.26702e-18 -3.09716e-18 4.95996e-18 -6.71284e-18 0.00012865 -3.7402e-05 9.27446e-05 -3.7402e-05
1.57 2.83296e-18 -2.81402e-18 5.5259e-18 -6.99598e-18 0.000146316 -3.7402e-05 0.00011041 -3.7402e-05
1.58 3.38241e-18 -2.53912e-18 6.07535e-18 -7.27088e-18 0.000163474 -3.7402e-05 0.000127568 -3.7402e-05
1.59 3.91319e-18 -2.27357e-18 6.60613e-18 -7.53643e-18 0.000180058 -3.7402e-05 0.000144153 -3.7402e-05
1.6 4.42322e-18 -2.0184e-18 7.11616e-18 -7.7916e-18 0.000196003 -3.7402e-05 0.000160097 -3.7402e-05
1.61 4.91048e-18 -1.77462e-18 7.60342e-18 -8.03538e-18 0.000211245 -3.7402e-05 0.000175339 -3.7402e-05
1.62 5.37304e-18 -1.54319e-18 8.06598e-18 -8.26681e-18 0.000225724 -3.7402e-05 0.000189818 -3.7402e-05
1.63 5.80909e-18 -1.32504e-18 8.50203e-18 -8.48496e-18 0.000239383 -3.7402e-05 0.000203477 -3.7402e-05
1.64 6.21689e-18 -1.12101e-18 8.90983e-18 -8.68899e-18 0.000252168 -3.7402e-05 0.000216262 -3.7402e-05
1.65 6.59485e-18 -9.31911e-19 9.28779e-18 -8.87809e-18 0.000264029 -3.7402e-05 0.000228123 -3.7402e-05
1.66 6.94146e-18 -7.58496e-19 9.6344e-18 -9.0515e-18 0.000274918 -3.7402e-05 0.000239012 -3.7402e-05
1.67 7.25537e-18 -6.01445e-19 9.94831e-18 -9.20855e-18 0.000284794 -3.7402e-05 0.000248888 -3.7402e-05
1.68 7.53533e-18 -4.61378e-19 1.02283e-17 -9.34862e-18 0.000293616 -3.7402e-05 0.00025771 -3.7402e-05
1.69 7.78023e-18 -3.38849e-19 1.04732e-17 -9.47115e-18 0.000301351 -3.7402e-05 0.000265445 -3.7402e-05
1.7 7.98912e-18 -2.34339e-19 1.06821e-17 -9.57566e-18 0.000307967 -3.7402e-05 0.000272061 -3.7402e-05
1.71 8.16117e-18 -1.48263e-19 1.08541e-17 -9.66174e-18 0.000313438 -3.7402e-05 0.000277532 -3.7402e-05
1.72 8.29569e-18 -8.09595e-20 1.09886e-17 -9.72904e-18 0.000317744 -3.7402e-05 0.000281838 -3.7402e-05
1.73 8.39216e-18 -3.26942e-20 1.10851e-17 -9.77731e-18 0.000320866 -3.7402e-05 0.00028496 -3.7402e-05
1.74 8.45019e-18 -3.65763e-21 1.11431e-17 -9.80634e-18 0.000322793 -3.7402e-05 0.000286887 -3.7402e-05
1.75 8.46956e-18 6.03553e-21 1.11625e-17 -9.81604e-18 0.000323516 -3.7402e-05 0.000287611 -3.7402e-05
1.76 8.4502e-18 -3.65288e-21 1.11431e-17 -9.80635e-18 0.000323034 -3.7402e-05 0.000287128 -3.7402e-05
1.77 8.39217e-18 -3.26846e-20 1.10851e-17 -9.77732e-18 0.000321348 -3.7402e-05 0.000285442 -3.7402e-05
1.78 8.2957e-18 -8.09453e-20 1.09886e-17 -9.72905e-18 0.000318464 -3.7402e-05 0.000282558 -3.7402e-05
1.79 8.16119e-18 -1.48244e-19 1.08541e-17 -9.66176e-18 0.000314395 -3.7402e-05 0.000278489 -3.7402e-05
1.8 7.98915e-18 -2.34316e-19 1.06821e-17 -9.57568e-18 0.000309155 -3.7402e-05 0.000273249 -3.7402e-05
1.81 7.78026e-18 -3.38821e-19 1.04732e-17 -9.47118e-18 0.000302767 -3.7402e-05 0.000266861 -3.7402e-05
1.82 7.53536e-18 -4.61346e-19 1.02283e-17 -9.34865e-18 0.000295254 -3.7402e-05 0.000259348 -3.7402e-05
1.83 7.25541e-18 -6.01408e-19 9.94835e-18 -9.20859e-18 0.000286647 -3.7402e-05 0.000250741 -3.7402e-05
1.84 6.9415e-18 -7.58455e-19 9.63444e-18 -9.05154e-18 0.000276979 -3.7402e-05 0.000241073 -3.7402e-05
1.85 6.59489e-18 -9.31866e-19 9.28783e-18 -8.87813e-18 0.000266289 -3.7402e-05 0.000230383 -3.7402e-05
1.86 6.21694e-18 -1.12096e-18 8.90988e-18 -8.68904e-18 0.000254619 -3.7402e-05 0.000218713 -3.7402e-05
1.87 5.80914e-18 -1.32498e-18 8.50208e-18 -8.48502e-18 0.000242015 -3.7402e-05 0.00020611 -3.7402e-05
1.88 5.3731e-18 -1.54314e-18 8.06604e-18 -8.26686e-18 0.000228527 -3.7402e-05 0.000192621 -3.7402e-05
1.89 4.91054e-18 -1.77456e-18 7.60348e-18 -8.03544e-18 0.000214208 -3.7402e-05 0.000178302 -3.7402e-05
1.9 4.42328e-18 -2.01833e-18 7.11622e-18 -7.79167e-18 0.000199114 -3.7402e-05 0.000163208 -3.7402e-05
1.91 3.91326e-18 -2.2735e-18 6.6062e-18 -7.5365e-18 0.000183306 -3.7402e-05 0.0001474 -3.7402e-05
1.92 3.38247e-18 -2.53906e-18 6.07542e-18 -7.27094e-18 0.000166844 -3.7402e-05 0.000130938 -3.7402e-05
1.93 2.83303e-18 -2.81395e-18 5.52597e-18 -6.99605e-18 0.000149795 -3.7402e-05 0.00011389 -3.7402e-05
1.94 2.26709e-18 -3.09709e-18 4.96003e-18 -6.71291e-18 0.000132226 -3.7402e-05 9.63203e-05 -3.7402e-05
1.95 1.68689e-18 -3.38737e-18 4.37983e-18 -6.42263e-18 0.000114206 -3.7402e-05 7.83002e-05 -3.7402e-05
1.96 1.09471e-18 -3.68364e-18 3.78766e-18 -6.12636e-18 9.5806e-05 -3.7402e-05 5.99001e-05 -3.7402e-05
1.97 4.92908e-19 -3.98473e-18 3.18585e-18 -5.82527e-18 7.70987e-05 -3.7402e-05 4.11928e-05 -3.7402e-05
1.98 -1.16157e-19 -4.28945e-18 2.57678e-18 -5.52055e-18 5.81579e-05 -3.7402e-05 2.22521e-05 -3.7402e-05
1.99 -7.30079e-19 -4.5966e-18 1.96286e-18 -5.2134e-18 3.90585e-05 -3.7402e-05 3.15266e-06 -3.7402e-05
2 -1.34643e-18 -4.90496e-18 1.34651e-18 -4.90504e-18 1.98758e-05 -3.7402e-05 -1.603e-05 -3.7402e-05
2.01 -1.96279e-18 -5.21333e-18 7.30155e-19 -4.59667e-18 6.85565e-07 -3.7402e-05 -3.52203e-05 -3.7402e-05
2.02 -2.57671e-18 -5.52048e-18 1.16233e-19 -4.28952e-18 -1.84366e-05 -3.7402e-05 -5.43425e-05 -3.7402e-05
2.03 -3.18577e-18 -5.8252e-18 -4.92834e-19 -3.9848e-18 -3.74151e-05 -3.7402e-05 -7.3321e-05 -3.7402e-05
2.04 -3.78758e-18 -6.12629e-18 -1.09464e-18 -3.68371e-18 -5.61751e-05 -3.7402e-05 -9.2081e-05 -3.7402e-05
2.05 -4.37976e-18 -6.42256e-18 -1.68682e-18 -3.38744e-18 -7.46426e-05 -3.7402e-05 -0.000110548 -3.7402e-05
2.06 -4.95996e-18 -6.71284e-18 -2.26702e-18 -3.09716e-18 -9.27446e-05 -3.7402e-05 -0.00012865 -3.7402e-05
2.07 -5.5259e-18 -6.99598e-18 -2.83296e-18 -2.81402e-18 -0.00011041 -3.7402e-05 -0.000146316 -3.7402e-05
2.08 -6.07535e-18 -7.27088e-18 -3.38241e-18 -2.53912e-18 -0.000127568 -3.7402e-05 -0.000163474 -3.7402e-05
2.09 -6.60613e-18 -7.53643e-18 -3.91319e-18 -2.27357e-18 -0.000144153 -3.7402e-05 -0.000180058 -3.7402e-05
2.1 -7.11616e-18 -7.7916e-18 -4.42322e-18 -2.0184e-18 -0.000160097 -3.7402e-05 -0.000196003 -3.7402e-05
2.11 -7.60342e-18 -8.03538e-18 -4.91048e-18 -1.77462e-18 -0.000175339 -3.7402e-05 -0.000211245 -3.7402e-05
2.12 -8.06598e-18 -8.26681e-18 -5.37304e-18 -1.54319e-18 -0.000189818 -3.7402e-05 -0.000225724 -3.7402e-05
2.13 -8.50203e-18 -8.48496e-18 -5.80909e-18 -1.32504e-18 -0.000203477 -3.7402e-05 -0.000239383 -3.7402e-05
2.14 -8.90983e-18 -8.68899e-18 -6.21689e-18 -1.12101e-18 -0.000216262 -3.7402e-05 -0.000252168 -3.7402e-05
2.15 -9.28779e-18 -8.87809e-18 -6.59485e-18 -9.31911e-19 -0.000228123 -3.7402e-05 -0.000264029 -3.7402e-05
2.16 -9.6344e-18 -9.0515e-18 -6.94146e-18 -7.58496e-19 -0.000239012 -3.7402e-05 -0.000274918 -3.7402e-05
2.17 -9.94831e-18 -9.20855e-18 -7.25537e-18 -6.01445e-19 -0.000248888 -3.7402e-05 -0.000284794 -3.7402e-05
2.18 -1.02283e-17 -9.34862e-18 -7.53533e-18 -4.61378e-19 -0.00025771 -3.7402e-05 -0.000293616 -3.7402e-05
2.19 -1.04732e-17 -9.47115e-18 -7.78023e-18 -3.38849e-19 -0.000265445 -3.7402e-05 -0.000301351 -3.7402e-05
2.2 -1.06821e-17 -9.57566e-18 -7.98912e-18 -2.34339e-19 -0.000272061 -3.7402e-05 -0.000307967 -3.7402e-05
2.21 -1.08541e-17 -9.66174e-18 -8.16117e-18 -1.48263e-19 -0.000277532 -3.7402e-05 -0.000313438 -3.7402e-05
2.22 -1.09886e-17 -9.72904e-18 -8.29569e-18 -8.09595e-20 -0.000281838 -3.7402e-05 -0.000317744 -3.7402e-05
2.23 -1.10851e-17 -9.77731e-18 -8.39216e-18 -3.26942e-20 -0.00028496 -3.7402e-05 -0.000320866 -3.7402e-05
2.24 -1.11431e-17 -9.80634e-18 -8.45019e-18 -3.65764e-21 -0.000286887 -3.7402e-05 -0.000322793 -3.7402e-05
2.25 -1.11625e-17 -9.81604e-18 -8.46956e-18 6.03555e-21 -0.000287611 -3.7402e-05 -0.000323516 -3.7402e-05
2.26 -1.11431e-17 -9.80635e-18 -8.4502e-18 -3.65287e-21 -0.000287128 -3.7402e-05 -0.000323034 -3.7402e-05
2.27 -1.10851e-17 -9.77732e-18 -8.39217e-18 -3.26847e-20 -0.000285442 -3.7402e-05 -0.000321348 -3.7402e-05
2.28 -1.09886e-17 -9.72905e-18 -8.2957e-18 -8.09453e-20 -0.000282558 -3.7402e-05 -0.000318464 -3.7402e-05
2.29 -1.08541e-17 -9.66176e-18 -8.16119e-18 -1.48244e-19 -0.000278489 -3.7402e-05 -0.000314395 -3.7402e-05
2.3 -1.06821e-17 -9.57568e-18 -7.98915e-18 -2.34316e-19 -0.000273249 -3.7402e-05 -0.000309155 -3.7402e-05
2.31 -1.04732e-17 -9.47118e-18 -7.78026e-18 -3.38821e-19 -0.000266861 -3.7402e-05 -0.000302767 -3.7402e-05
2.32 -1.02283e-17 -9.34865e-18 -7.53536e-18 -4.61346e-19 -0.000259348 -3.7402e-05 -0.000295254 -3.7402e-05
2.33 -9.94835e-18 -9.20859e-18 -7.25541e-18 -6.01408e-19 -0.000250741 -3.7402e-05 -0.000286647 -3.7402e-05
2.34 -9.63444e-18 -9.05154e-18 -6.9415e-18 -7.58455e-19 -0.000241073 -3.7402e-05 -0.000276979 -3.7402e-05
2.35 -9.28783e-18 -8.87813e-18 -6.59489e-18 -9.31866e-19 -0.000230383 -3.7402e-05 -0.000266289 -3.7402e-05
2.36 -8.90988e-18 -8.68904e-18 -6.21694e-18 -1.12096e-18 -0.000218713 -3.7402e-05 -0.000254619 -3.7402e-05
2.37 -8.50208e-18 -8.48502e-18 -5.80914e-18 -1.32498e-18 -0.00020611 -3.7402e-05 -0.000242015 -3.7402e-05
2.38 -8.06604e-18 -8.26686e-18 -5.3731e-18 -1.54314e-18 -0.000192621 -3.7402e-05 -0.000228527 -3.7402e-05
2.39 -7.60348e-18 -8.03544e-18 -4.91054e-18 -1.77456e-18 -0.000178302 -3.7402e-05 -0.000214208 -3.7402e-05
2.4 -7.11622e-18 -7.79166e-18 -4.42328e-18 -2.01834e-18 -0.000163208 -3.7402e-05 -0.000199114 -3.7402e-05
2.41 -6.6062e-18 -7.5365e-18 -3.91326e-18 -2.2735e-18 -0.0001474 -3.7402e-05 -0.000183306 -3.7402e-05
2.42 -6.07542e-18 -7.27094e-18 -3.38247e-18 -2.53906e-18 -0.000130938 -3.7402e-05 -0.000166844 -3.7402e-05
2.43 -5.52597e-18 -6.99605e-18 -2.83303e-18 -2.81395e-18 -0.00011389 -3.7402e-05 -0.000149795 -3.7402e-05
2.44 -4.96003e-18 -6.71291e-18 -2.26709e-18 -3.09709e-18 -9.63203e-05 -3.7402e-05 -0.000132226 -3.7402e-05
2.45 -4.37983e-18 -6.42263e-18 -1.68689e-18 -3.38737e-18 -7.83002e-05 -3.7402e-05 -0.000114206 -3.7402e-05
2.46 -3.78766e-18 -6.12636e-18 -1.09471e-18 -3.68364e-18 -5.99001e-05 -3.7402e-05 -9.5806e-05 -3.7402e-05
2.47 -3.18585e-18 -5.82527e-18 -4.92908e-19 -3.98473e-18 -4.11928e-05 -3.7402e-05 -7.70987e-05 -3.7402e-05
2.48 -2.57678e-18 -5.52055e-18 1.16157e-19 -4.28945e-18 -2.22521e-05 -3.7402e-05 -5.81579e-05 -3.7402e-05
2.49 -1.96286e-18 -5.2134e-18 7.30079e-19 -4.5966e-18 -3.15266e-06 -3.7402e-05 -3.90585e-05 -3.7402e-05
2.5 -1.34651e-18 -4.90504e-18 1.34643e-18 -4.90496e-18 1.603e-05 -3.7402e-05 -1.98758e-05 -3.7402e-05
2.51 -7.30155e-19 -4.59667e-18 1.96279e-18 -5.21333e-18 3.52203e-05 -3.7402e-05 -6.85565e-07 -3.7402e-05
2.52 -1.16233e-19 -4.28952e-18 2.57671e-18 -5.52048e-18 5.43425e-05 -3.7402e-05 1.84366e-05 -3.7402e-05
2.53 4.92834e-19 -3.9848e-18 3.18577e-18 -5.8252e-18 7.3321e-05 -3.7402e-05 3.74151e-05 -3.7402e-05
2.54 1.09464e-18 -3.68371e-18 3.78758e-18 -6.12629e-18 9.2081e-05 -3.7402e-05 5.61751e-05 -3.7402e-05
2.55 1.68682e-18 -3.38744e-18 4.37976e-18 -6.42256e-18 0.000110548 -3.7402e-05 7.46426e-05 -3.7402e-05
2.56 2.26702e-18 -3.09716e-18 4.95996e-18 -6.71284e-18 0.00012865 -3.7402e-05 9.27446e-05 -3.7402e-05
2.57 2.83296e-18 -2.81402e-18 5.5259e-18 -6.99598e-18 0.000146316 -3.7402e-05 0.00011041 -3.7402e-05
2.58 3.38241e-18 -2.53912e-18 6.07535e-18 -7.27088e-18 0.000163474 -3.7402e-05 0.000127568 -3.7402e-05
2.59 3.91319e-18 -2.27357e-18 6.60613e-18 -7.53643e-18 0.000180058 -3.7402e-05 0.000144153 -3.7402e-05
2.6 4.42322e-18 -2.0184e-18 7.11616e-18 -7.7916e-18 0.000196003 -3.7402e-05 0.000160097 -3.7402e-05
2.61 4.91048e-18 -1.77462e-18 7.60342e-18 -8.03538e-18 0.000211245 -3.7402e-05 0.000175339 -3.7402e-05
2.62 5.37304e-18 -1.54319e-18 8.06598e-18 -8.26681e-18 0.000225724 -3.7402e-05 0.000189818 -3.7402e-05
2.63 5.80909e-18 -1.32504e-18 8.50203e-18 -8.48496e-18 0.000239383 -3.7402e-05 0.000203477 -3.7402e-05
2.64 6.21689e-18 -1.12101e-18 8.90983e-18 -8.68899e-18 0.000252168 -3.7402e-05 0.000216262 -3.7402e-05
2.65 6.59485e-18 -9.31911e-19 9.28779e-18 -8.87809e-18 0.000264029 -3.7402e-05 0.000228123 -3.7402e-05
2.66 6.94146e-18 -7.58496e-19 9.6344e-18 -9.0515e-18 0.000274918 -3.7402e-05 0.000239012 -3.7402e-05
2.67 7.25537e-18 -6.01445e-19 9.94831e-18 -9.20855e-18 0.000284794 -3.7402e-05 0.000248888 -3.7402e-05
2.68 7.53533e-18 -4.61378e-19 1.02283e-17 -9.34862e-18 0.000293616 -3.7402e-05 0.00025771 -3.7402e-05
2.69 7.78023e-18 -3.38849e-19 1.04732e-17 -9.47115e-18 0.000301351 -3.7402e-05 0.000265445 -3.7402e-05
2.7 7.98912e-18 -2.34339e-19 1.06821e-17 -9.57566e-18 0.000307967 -3.7402e-05 0.000272061 -3.7402e-05
2.71 8.16117e-18 -1.48263e-19 1.08541e-17 -9.66174e-18 0.000313438 -3.7402e-05 0.000277532 -3.7402e-05
2.72 8.29569e-18 -8.09595e-20 1.09886e-17 -9.72904e-18 0.000317744 -3.7402e-05 0.000281838 -3.7402e-05
2.73 8.39216e-18 -3.26942e-20 1.10851e-17 -9.77731e-18 0.000320866 -3.7402e-05 0.00028496 -3.7402e-05
2.74 8.45019e-18 -3.65764e-21 1.11431e-17 -9.80634e-18 0.000322793 -3.7402e-05 0.000286887 -3.7402e-05
2.75 8.46956e-18 6.03555e-21 1.11625e-17 -9.81604e-18 0.000323516 -3.7402e-05 0.000287611 -3.7402e-05
2.76 8.4502e-18 -3.65287e-21 1.11431e-17 -9.80635e-18 0.000323034 -3.7402e-05 0.000287128 -3.7402e-05
2.77 8.39217e-18 -3.26847e-20 1.10851e-17 -9.77732e-18 0.000321348 -3.7402e-05 0.000285442 -3.7402e-05
2.78 8.2957e-18 -8.09453e-20 1.09886e-17 -9.72905e-18 0.000318464 -3.7402e-05 0.000282558 -3.7402e-05
2.79 8.16119e-18 -1.48244e-19 1.08541e-17 -9.66176e-18 0.000314395 -3.7402e-05 0.000278489 -3.7402e-05
2.8 7.98915e-18 -2.34316e-19 1.06821e-17 -9.57568e-18 0.000309155 -3.7402e-05 0.000273249 -3.7402e-05
2.81 7.78026e-18 -3.38821e-19 1.04732e-17 -9.47118e-18 0.000302767 -3.7402e-05 0.000266861 -3.7402e-05
2.82 7.53536e-18 -4.61346e-19 1.02283e-17 -9.34865e-18 0.000295254 -3.7402e-05 0.000259348 -3.7402e-05
2.83 7.25541e-18 -6.01408e-19 9.94835e-18 -9.20859e-18 0.000286647 -3.7402e-05 0.000250741 -3.7402e-05
2.84 6.9415e-18 -7.58455e-19 9.63444e-18 -9.05154e-18 0.000276979 -3.7402e-05 0.000241073 -3.7402e-05
2.85 6.59489e-18 -9.31866e-19 9.28783e-18 -8.87813e-18 0.000266289 -3.7402e-05 0.000230383 -3.7402e-05
2.86 6.21694e-18 -1.12096e-18 8.90988e-18 -8.68904e-18 0.000254619 -3.7402e-05 0.000218713 -3.7402e-05
2.87 5.80914e-18 -1.32498e-18 8.50208e-18 -8.48502e-18 0.000242015 -3.7402e-05 0.00020611 -3.7402e-05
2.88 5.3731e-18 -1.54314e-18 8.06604e-18 -8.26686e-18 0.000228527 -3.7402e-05 0.000192621 -3.7402e-05
2.89 4.91054e-18 -1.77456e-18 7.60348e-18 -8.03544e-18 0.000214208 -3.7402e-05 0.000178302 -3.7402e-05
2.9 4.42328e-18 -2.01834e-18 7.11622e-18 -7.79166e-18 0.000199114 -3.7402e-05 0.000163208 -3.7402e-05
2.91 3.91326e-18 -2.2735e-18 6.6062e-18 -7.5365e-18 0.000183306 -3.7402e-05 0.0001474 -3.7402e-05
2.92 3.38247e-18 -2.53906e-18 6.07542e-18 -7.27094e-18 0.000166844 -3.7402e-05 0.000130938 -3.7402e-05
2.93 2.83303e-18 -2.81395e-18 5.52597e-18 -6.99605e-18 0.000149795 -3.7402e-05 0.00011389 -3.7402e-05
2.94 2.26709e-18 -3.09709e-18 4.96003e-18 -6.71291e-18 0.000132226 -3.7402e-05 9.63203e-05 -3.7402e-05
2.95 1.68689e-18 -3.38737e-18 4.37983e-18 -6.42263e-18 0.000114206 -3.7402e-05 7.83002e-05 -3.7402e-05
2.96 1.09471e-18 -3.68364e-18 3.78766e-18 -6.12636e-18 9.5806e-05 -3.7402e-05 5.99001e-05 -3.7402e-05
2.97 4.92908e-19 -3.98473e-18 3.18585e-18 -5.82527e-18 7.70987e-05 -3.7402e-05 4.11928e-05 -3.7402e-05
2.98 -1.16157e-19 -4.28945e-18 2.57678e-18 -5.52055e-18 5.81579e-05 -3.7402e-05 2.22521e-05 -3.7402e-05
2.99 -7.30079e-19 -4.5966e-18 1.96286e-18 -5.2134e-18 3.90585e-05 -3.7402e-05 3.15266e-06 -3.7402e-05
3 -1.34643e-18 -4.90496e-18 1.34651e-18 -4.90504e-18 1.98758e-05 -3.7402e-05 -1.603e-05 -3.7402e-05
3.01 -1.96279e-18 -5.21333e-18 7.30155e-19 -4.59667e-18 6.85565e-07 -3.7402e-05 -3.52203e-05 -3.7402e-05
3.02 -2.57671e-18 -5.52048e-18 1.16233e-19 -4.28952e-18 -1.84366e-05 -3.7402e-05 -5.43425e-05 -3.7402e-05
3.03 -3.18577e-18 -5.8252e-18 -4.92834e-19 -3.9848e-18 -3.74151e-05 -3.7402e-05 -7.3321e-05 -3.7402e-05
3.04 -3.78758e-18 -6.12629e-18 -1.09464e-18 -3.68371e-18 -5.61751e-05 -3.7402e-05 -9.2081e-05 -3.7402e-05
3.05 -4.37976e-18 -6.42256e-18 -1.68682e-18 -3.38744e-18 -7.46426e-05 -3.7402e-05 -0.000110548 -3.7402e-05
3.06 -4.95996e-18 -6.71284e-18 -2.26702e-18 -3.09716e-18 -9.27446e-05 -3.7402e-05 -0.00012865 -3.7402e-05
3.07 -5.5259e-18 -6.99598e-18 -2.83296e-18 -2.81402e-18 -0.00011041 -3.7402e-05 -0.000146316 -3.7402e-05
3.08 -6.07535e-18 -7.27088e-18 -3.38241e-18 -2.53912e-18 -0.000127568 -3.7402e-05 -0.000163474 -3.7402e-05
3.09 -6.60613e-18 -7.53643e-18 -3.91319e-18 -2.27357e-18 -0.000144153 -3.7402e-05 -0.000180058 -3.7402e-05
3.1 -7.11616e-18 -7.7916e-18 -4.42322e-18 -2.0184e-18 -0.000160097 -3.7402e-05 -0.000196003 -3.7402e-05
3.11 -7.60342e-18 -8.03538e-18 -4.91048e-18 -1.77462e-18 -0.000175339 -3.7402e-05 -0.000211245 -3.7402e-05
3.12 -8.06598e-18 -8.26681e-18 -5.37304e-18 -1.54319e-18 -0.000189818 -3.7402e-05 -0.000225724 -3.7402e-05
3.13 -8.50203e-18 -8.48496e-18 -5.80909e-18 -1.32504e-18 -0.000203477 -3.7402e-05 -0.000239383 -3.7402e-05
3.14 -8.90983e-18 -8.68899e-18 -6.21689e-18 -1.12101e-18 -0.000216262 -3.7402e-05 -0.000252168 -3.7402e-05
3.15 -9.28779e-18 -8.87809e-18 -6.59485e-18 -9.31911e-19 -0.000228123 -3.7402e-05 -0.000264029 -3.7402e-05
3.16 -9.6344e-18 -9.0515e-18 -6.94146e-18 -7.58496e-19 -0.000239012 -3.7402e-05 -0.000274918 -3.7402e-05
3.17 -9.94831e-18 -9.20855e-18 -7.25537e-18 -6.01445e-19 -0.000248888 -3.7402e-05 -0.000284794 -3.7402e-05
3.18 -1.02283e-17 -9.34862e-18 -7.53533e-18 -4.61378e-19 -0.00025771 -3.7402e-05 -0.000293616 -3.7402e-05
3.19 -1.04732e-17 -9.47115e-18 -7.78023e-18 -3.38849e-19 -0.000265445 -3.7402e-05 -0.000301351 -3.7402e-05
3.2 -1.06821e-17 -9.57566e-18 -7.98912e-18 -2.34339e-19 -0.000272061 -3.7402e-05 -0.000307967 -3.7402e-05
3.21 -1.08541e-17 -9.66174e-18 -8.16117e-18 -1.48263e-19 -0.000277532 -3.7402e-05 -0.000313438 -3.7402e-05
3.22 -1.09886e-17 -9.72904e-18 -8.29569e-18 -8.09595e-20 -0.000281838 -3.7402e-05 -0.000317744 -3.7402e-05
3.23 -1.10851e-17 -9.77731e-18 -8.39216e-18 -3.26942e-20 -0.00028496 -3.7402e-05 -0.000320866 -3.7402e-05
3.24 -1.11431e-17 -9.80634e-18 -8.45019e-18 -3.65764e-21 -0.000286887 -3.7402e-05 -0.000322793 -3.7402e-05
3.25 -1.11625e-17 -9.81604e-18 -8.46956e-18 6.03555e-21 -0.000287611 -3.7402e-05 -0.000323516 -3.7402e-05
3.26 -1.11431e-17 -9.80635e-18 -8.4502e-18 -3.65287e-21 -0.000287128 -3.7402e-05 -0.000323034 -3.7402e-05
3.27 -1.10851e-17 -9.77732e-18 -8.39217e-18 -3.26847e-20 -0.000285442 -3.7402e-05 -0.000321348 -3.7402e-05
3.28 -1.09886e-17 -9.72905e-18 -8.2957e-18 -8.09453e-20 -0.000282558 -3.7402e-05 -0.000318464 -3.7402e-05
3.29 -1.08541e-17 -9.66176e-18 -8.16119e-18 -1.48244e-19 -0.000278489 -3.7402e-05 -0.000314395 -3.7402e-05
3.3 -1.06821e-17 -9.57568e-18 -7.98915e-18 -2.34316e-19 -0.000273249 -3.7402e-05 -0.000309155 -3.7402e-05
3.31 -1.04732e-17 -9.47118e-18 -7.78026e-18 -3.38821e-19 -0.000266861 -3.7402e-05 -0.000302767 -3.7402e-05
3.32 -1.02283e-17 -9.34865e-18 -7.53536e-18 -4.61346e-19 -0.000259348 -3.7402e-05 -0.000295254 -3.7402e-05
3.33 -9.94835e-18 -9.20859e-18 -7.25541e-18 -6.01408e-19 -0.000250741 -3.7402e-05 -0.000286647 -3.7402e-05
3.34 -9.63444e-18 -9.05154e-18 -6.9415e-18 -7.58455e-19 -0.000241073 -3.7402e-05 -0.000276979 -3.7402e-05
3.35 -9.28783e-18 -8.87813e-18 -6.59489e-18 -9.31866e-19 -0.000230383 -3.7402e-05 -0.000266289 -3.7402e-05
3.36 -8.90988e-18 -8.68904e-18 -6.21694e-18 -1.12096e-18 -0.000218713 -3.7402e-05 -0.000254619 -3.7402e-05
3.37 -8.50208e-18 -8.48502e-18 -5.80914e-18 -1.32498e-18 -0.00020611 -3.7402e-05 -0.000242015 -3.7402e-05
3.38 -8.06604e-18 -8.26686e-18 -5.3731e-18 -1.54314e-18 -0.000192621 -3.7402e-05 -0.000228527 -3.7402e-05
3.39 -7.60348e-18 -8.03544e-18 -4.91054e-18 -1.77456e-18 -0.000178302 -3.7402e-05 -0.000214208 -3.7402e-05
3.4 -7.11622e-18 -7.79166e-18 -4.42328e-18 -2.01834e-18 -0.000163208 -3.7402e-05 -0.000199114 -3.7402e-05
3.41 -6.6062e-18 -7.5365e-18 -3.91326e-18 -2.2735e-18 -0.0001474 -3.7402e-05 -0.000183306 -3.7402e-05
3.42 -6.07542e-18 -7.27094e-18 -3.38247e-18 -2.53906e-18 -0.000130938 -3.7402e-05 -0.000166844 -3.7402e-05
3.43 -5.52597e-18 -6.99605e-18 -2.83303e-18 -2.81395e-18 -0.00011389 -3.7402e-05 -0.000149795 -3.7402e-05
3.44 -4.96003e-18 -6.71291e-18 -2.26709e-18 -3.09709e-18 -9.63203e-05 -3.7402e-05 -0.000132226 -3.7402e-05
3.45 -4.37983e-18 -6.42263e-18 -1.68689e-18 -3.38737e-18 -7.83002e-05 -3.7402e-05 -0.000114206 -3.7402e-05
3.46 -3.78766e-18 -6.12636e-18 -1.09471e-18 -3.68364e-18 -5.99001e-05 -3.7402e-05 -9.5806e-05 -3.7402e-05
3.47 -3.18585e-18 -5.82527e-18 -4.92908e-19 -3.98473e-18 -4.11928e-05 -3.7402e-05 -7.70987e-05 -3.7402e-05
3.48 -2.57678e-18 -5.52055e-18 1.16157e-19 -4.28945e-18 -2.22521e-05 -3.7402e-05 -5.81579e-05 -3.7402e-05
3.49 -1.96286e-18 -5.2134e-18 7.30079e-19 -4.5966e-18 -3.15266e-06 -3.7402e-05 -3.90585e-05 -3.7402e-05
3.5 -1.34651e-18 -4.90504e-18 1.34643e-18 -4.90496e-18 1.603e-05 -3.7402e-05 -1.98758e-05 -3.7402e-05
3.51 -7.30155e-19 -4.59667e-18 1.96279e-18 -5.21333e-18 3.52203e-05 -3.7402e-05 -6.85565e-07 -3.7402e-05
3.52 -1.16233e-19 -4.28952e-18 2.57671e-18 -5.52048e-18 5.43425e-05 -3.7402e-05 1.84366e-05 -3.7402e-05
3.53 4.92834e-19 -3.9848e-18 3.18577e-18 -5.8252e-18 7.3321e-05 -3.7402e-05 3.74151e-05 -3.7402e-05
3.54 1.09464e-18 -3.68371e-18 3.78758e-18 -6.12629e-18 9.2081e-05 -3.7402e-05 5.61751e-05 -3.7402e-05
3.55 1.68682e-18 -3.38744e-18 4.37976e-18 -6.42256e-18 0.000110548 -3.7402e-05 7.46426e-05 -3.7402e-05
3.56 2.26702e-18 -3.09716e-18 4.95996e-18 -6.71284e-18 0.00012865 -3.7402e-05 9.27446e-05 -3.7402e-05
3.57 2.83296e-18 -2.81402e-18 5.5259e-18 -6.99598e-18 0.000146316 -3.7402e-05 0.00011041 -3.7402e-05
3.58 3.38241e-18 -2.53912e-18 6.07535e-18 -7.27088e-18 0.000163474 -3.7402e-05 0.000127568 -3.7402e-05
3.59 3.91319e-18 -2.27357e-18 6.60613e-18 -7.53643e-18 0.000180058 -3.7402e-05 0.000144153 -3.7402e-05
3.6 4.42322e-18 -2.0184e-18 7.11616e-18 -7.7916e-18 0.000196003 -3.7402e-05 0.000160097 -3.7402e-05
3.61 4.91048e-18 -1.77462e-18 7.60342e-18 -8.03538e-18 0.000211245 -3.7402e-05 0.000175339 -3.7402e-05
3.62 5.37304e-18 -1.54319e-18 8.06598e-18 -8.26681e-18 0.000225724 -3.7402e-05 0.000189818 -3.7402e-05
3.63 5.80909e-18 -1.32504e-18 8.50203e-18 -8.48496e-18 0.000239383 -3.7402e-05 0.000203477 -3.7402e-05
3.64 6.21689e-18 -1.12101e-18 8.90983e-18 -8.68899e-18 0.000252168 -3.7402e-05 0.000216262 -3.7402e-05
3.65 6.59485e-18 -9.31911e-19 9.28779e-18 -8.87809e-18 0.000264029 -3.7402e-05 0.000228123 -3.7402e-05
3.66 6.94146e-18 -7.58496e-19 9.6344e-18 -9.0515e-18 0.000274918 -3.7402e-05 0.000239012 -3.7402e-05
3.67 7.25537e-18 -6.01445e-19 9.94831e-18 -9.20855e-18 0.000284794 -3.7402e-05 0.000248888 -3.7402e-05
3.68 7.53533e-18 -4.61378e-19 1.02283e-17 -9.34862e-18 0.000293616 -3.7402e-05 0.00025771 -3.7402e-05
3.69 7.78023e-18 -3.38849e-19 1.04732e-17 -9.47115e-18 0.000301351 -3.7402e-05 0.000265445 -3.7402e-05
3.7 7.98912e-18 -2.34339e-19 1.06821e-17 -9.57566e-18 0.000307967 -3.7402e-05 0.000272061 -3.7402e-05
3.71 8.16117e-18 -1.48263e-19 1.08541e-17 -9.66174e-18 0.000313438 -3.7402e-05 0.000277532 -3.7402e-05
3.72 8.29569e-18 -8.09595e-20 1.09886e-17 -9.72904e-18 0.000317744 -3.7402e-05 0.000281838 -3.7402e-05
3.73 8.39216e-18 -3.26942e-20 1.10851e-17 -9.77731e-18 0.000320866 -3.7402e-05 0.00028496 -3.7402e-05
3.74 8.45019e-18 -3.65764e-21 1.11431e-17 -9.80634e-18 0.000322793 -3.7402e-05 0.000286887 -3.7402e-05
3.75 8.46956e-18 6.03555e-21 1.11625e-17 -9.81604e-18 0.000323516 -3.7402e-05 0.000287611 -3.7402e-05
3.76 8.4502e-18 -3.65287e-21 1.11431e-17 -9.80635e-18 0.000323034 -3.7402e-05 0.000287128 -3.7402e-05
3.77 8.39217e-18 -3.26847e-20 1.10851e-17 -9.77732e-18 0.000321348 -3.7402e-05 0.000285442 -3.7402e-05
3.78 8.2957e-18 -8.09453e-20 1.09886e-17 -9.72905e-18 0.000318464 -3.7402e-05 0.000282558 -3.7402e-05
3.79 8.16119e-18 -1.48244e-19 1.08541e-17 -9.66176e-18 0.000314395 -3.7402e-05 0.000278489 -3.7402e-05
3.8 7.98915e-18 -2.34316e-19 1.06821e-17 -9.57568e-18 0.000309155 -3.7402e-05 0.000273249 -3.7402e-05
3.81 7.78026e-18 -3.38821e-19 1.04732e-17 -9.47118e-18 0.000302767 -3.7402e-05 0.000266861 -3.7402e-05
3.82 7.53536e-18 -4.61346e-19 1.02283e-17 -9.34865e-18 0.000295254 -3.7402e-05 0.000259348 -3.7402e-05
3.83 7.25541e-18 -6.01408e-19 9.94835e-18 -9.20859e-18 0.000286647 -3.7402e-05 0.000250741 -3.7402e-05
3.84 6.9415e-18 -7.58455e-19 9.63444e-18 -9.05154e-18 0.000276979 -3.7402e-05 0.000241073 -3.7402e-05
3.85 6.59489e-18 -9.31866e-19 9.28783e-18 -8.87813e-18 0.000266289 -3.7402e-05 0.000230383 -3.7402e-05
3.86 6.21694e-18 -1.12096e-18 8.90988e-18 -8.68904e-18 0.000254619 -3.7402e-05 0.000218713 -3.7402e-05
3.87 5.80914e-18 -1.32498e-18 8.50208e-18 -8.48502e-18 0.000242015 -3.7402e-05 0.00020611 -3.7402e-05
3.88 5.3731e-18 -1.54314e-18 8.06604e-18 -8.26686e-18 0.000228527 -3.7402e-05 0.000192621 -3.7402e-05
3.89 4.91054e-18 -1.77456e-18 7.60348e-18 -8.03544e-18 0.000214208 -3.7402e-05 0.000178302 -3.7402e-05
3.9 4.42328e-18 -2.01834e-18 7.11622e-18 -7.79166e-18 0.000199114 -3.7402e-05 0.000163208 -3.7402e-05
3.91 3.91326e-18 -2.2735e-18 6.6062e-18 -7.5365e-18 0.000183306 -3.7402e-05 0.0001474 -3.7402e-05
3.92 3.38247e-18 -2.53906e-18 6.07542e-18 -7.27094e-18 0.000166844 -3.7402e-05 0.000130938 -3.7402e-05
3.93 2.83303e-18 -2.81395e-18 5.52597e-18 -6.99605e-18 0.000149795 -3.7402e-05 0.00011389 -3.7402e-05
3.94 2.26709e-18 -3.09709e-18 4.96003e-18 -6.71291e-18 0.000132226 -3.7402e-05 9.63203e-05 -3.7402e-05
3.95 1.68689e-18 -3.38737e-18 4.37983e-18 -6.42263e-18 0.000114206 -3.7402e-05 7.83002e-05 -3.7402e-05
3.96 1.09471e-18 -3.68364e-18 3.78766e-18 -6.12636e-18 9.5806e-05 -3.7402e-05 5.99001e-05 -3.7402e-05
3.97 4.92908e-19 -3.98473e-18 3.18585e-18 -5.82527e-18 7.70987e-05 -3.7402e-05 4.11928e-05 -3.7402e-05
3.98 -1.16157e-19 -4.28945e-18 2.57678e-18 -5.52055e-18 5.81579e-05 -3.7402e-05 2.22521e-05 -3.7402e-05
3.99 -7.30079e-19 -4.5966e-18 1.96286e-18 -5.2134e-18 3.90585e-05 -3.7402e-05 3.15266e-06 -3.7402e-05
4 -1.34643e-18 -4.90496e-18 1.34651e-18 -4.90504e-18 1.98758e-05 -3.7402e-05 -1.603e-05 -3.7402e-05
4.01 -1.96279e-18 -5.21333e-18 7.30155e-19 -4.59667e-18 6.85565e-07 -3.7402e-05 -3.52203e-05 -3.7402e-05
4.02 -2.57671e-18 -5.52048e-18 1.16233e-19 -4.28952e-18 -1.84366e-05 -3.7402e-05 -5.43425e-05 -3.7402e-05
4.03 -3.18577e-18 -5.8252e-18 -4.92834e-19 -3.9848e-18 -3.74151e-05 -3.7402e-05 -7.3321e-05 -3.7402e-05
4.04 -3.78758e-18 -6.12629e-18 -1.09464e-18 -3.68371e-18 -5.61751e-05 -3.7402e-05 -9.2081e-05 -3.7402e-05
4.05 -4.37976e-18 -6.42256e-18 -1.68682e-18 -3.38744e-18 -7.46426e-05 -3.7402e-05 -0.000110548 -3.7402e-05
4.06 -4.95996e-18 -6.71284e-18 -2.26702e-18 -3.09716e-18 -9.27446e-05 -3.7402e-05 -0.00012865 -3.7402e-05
4.07 -5.5259e-18 -6.99598e-18 -2.83296e-18 -2.81402e-18 -0.00011041 -3.7402e-05 -0.000146316 -3.7402e-05
4.08 -6.07535e-18 -7.27088e-18 -3.38241e-18 -2.53912e-18 -0.000127568 -3.7402e-05 -0.000163474 -3.7402e-05
4.09 -6.60613e-18 -7.53643e-18 -3.91319e-18 -2.27357e-18 -0.000144153 -3.7402e-05 -0.000180058 -3.7402e-05
4.1 -7.11616e-18 -7.7916e-18 -4.42322e-18 -2.0184e-18 -0.000160097 -3.7402e-05 -0.000196003 -3.7402e-05
4.11 -7.60342e-18 -8.03538e-18 -4.91048e-18 -1.77462e-18 -0.000175339 -3.7402e-05 -0.000211245 -3.7402e-05
4.12 -8.06598e-18 -8.26681e-18 -5.37304e-18 -1.54319e-18 -0.000189818 -3.7402e-05 -0.000225724 -3.7402e-05
4.13 -8.50203e-18 -8.48496e-18 -5.80909e-18 -1.32504e-18 -0.000203477 -3.7402e-05 -0.000239383 -3.7402e-05
4.14 -8.90983e-18 -8.68899e-18 -6.21689e-18 -1.12101e-18 -0.000216262 -3.7402e-05 -0.000252168 -3.7402e-05
4.15 -9.28779e-18 -8.87809e-18 -6.59485e-18 -9.31911e-19 -0.000228123 -3.7402e-05 -0.000264029 -3.7402e-05
4.16 -9.6344e-18 -9.0515e-18 -6.94146e-18 -7.58496e-19 -0.000239012 -3.7402e-05 -0.000274918 -3.7402e-05
4.17 -9.94831e-18 -9.20855e-18 -7.25537e-18 -6.01445e-19 -0.000248888 -3.7402e-05 -0.000284794 -3.7402e-05
4.18 -1.02283e-17 -9.34862e-18 -7.53533e-18 -4.61378e-19 -0.00025771 -3.7402e-05 -0.000293616 -3.7402e-05
4.19 -1.04732e-17 -9.47115e-18 -7.78023e-18 -3.38849e-19 -0.000265445 -3.7402e-05 -0.000301351 -3.7402e-05
4.2 -1.06821e-17 -9.57566e-18 -7.98912e-18 -2.34339e-19 -0.000272061 -3.7402e-05 -0.000307967 -3.7402e-05
4.21 -1.08541e-17 -9.66174e-18 -8.16117e-18 -1.48263e-19 -0.000277532 -3.7402e-05 -0.000313438 -3.7402e-05
4.22 -1.09886e-17 -9.72904e-18 -8.29569e-18 -8.09595e-20 -0.000281838 -3.7402e-05 -0.000317744 -3.7402e-05
4.23 -1.10851e-17 -9.77731e-18 -8.39216e-18 -3.26942e-20 -0.00028496 -3.7402e-05 -0.000320866 -3.7402e-05
4.24 -1.11431e-17 -9.80634e-18 -8.45019e-18 -3.65764e-21 -0.000286887 -3.7402e-05 -0.000322793 -3.7402e-05
4.25 -1.11625e-17 -9.81604e-18 -8.46956e-18 6.03555e-21 -0.000287611 -3.7402e-05 -0.000323516 -3.7402e-05
4.26 -1.11431e-17 -9.80635e-18 -8.4502e-18 -3.65287e-21 -0.000287128 -3.7402e-05 -0.000323034 -3.7402e-05
4.27 -1.10851e-17 -9.77732e-18 -8.39217e-18 -3.26847e-20 -0.000285442 -3.7402e-05 -0.000321348 -3.7402e-05
4.28 -1.09886e-17 -9.72905e-18 -8.2957e-18 -8.09453e-20 -0.000282558 -3.7402e-05 -0.000318464 -3.7402e-05
4.29 -1.08541e-17 -9.66176e-18 -8.16119e-18 -1.48244e-19 -0.000278489 -3.7402e-05 -0.000314395 -3.7402e-05
4.3 -1.06821e-17 -9.57568e-18 -7.98915e-18 -2.34316e-19 -0.000273249 -3.7402e-05 -0.000309155 -3.7402e-05
4.31 -1.04732e-17 -9.47118e-18 -7.78026e-18 -3.38821e-19 -0.000266861 -3.7402e-05 -0.000302767 -3.7402e-05
4.32 -1.02283e-17 -9.34865e-18 -7.53536e-18 -4.61346e-19 -0.000259348 -3.7402e-05 -0.000295254 -3.7402e-05
4.33 -9.94835e-18 -9.20859e-18 -7.25541e-18 -6.01408e-19 -0.000250741 -3.7402e-05 -0.000286647 -3.7402e-05
4.34 -9.63444e-18 -9.05154e-18 -6.9415e-18 -7.58455e-19 -0.000241073 -3.7402e-05 -0.000276979 -3.7402e-05
4.35 -9.28783e-18 -8.87813e-18 -6.59489e-18 -9.31866e-19 -0.000230383 -3.7402e-05 -0.000266289 -3.7402e-05
4.36 -8.90988e-18 -8.68904e-18 -6.21694e-18 -1.12096e-18 -0.000218713 -3.7402e-05 -0.000254619 -3.7402e-05
4.37 -8.50208e-18 -8.48502e-18 -5.80914e-18 -1.32498e-18 -0.00020611 -3.7402e-05 -0.000242015 -3.7402e-05
4.38 -8.06604e-18 -8.26686e-18 -5.3731e-18 -1.54314e-18 -0.000192621 -3.7402e-05 -0.000228527 -3.7402e-05
4.39 -7.60348e-18 -8.03544e-18 -4.91054e-18 -1.77456e-18 -0.000178302 -3.7402e-05 -0.000214208 -3.7402e-05
4.4 -7.11622e-18 -7.79166e-18 -4.42328e-18 -2.01834e-18 -0.000163208 -3.7402e-05 -0.000199114 -3.7402e-05
4.41 -6.6062e-18 -7.5365e-18 -3.91326e-18 -2.2735e-18 -0.0001474 -3.7402e-05 -0.000183306 -3.7402e-05
4.42 -6.07542e-18 -7.27094e-18 -3.38247e-18 -2.53906e-18 -0.000130938 -3.7402e-05 -0.000166844 -3.7402e-05
4.43 -5.52597e-18 -6.99605e-18 -2.83303e-18 -2.81395e-18 -0.00011389 -3.7402e-05 -0.000149795 -3.7402e-05
4.44 -4.96003e-18 -6.71291e-18 -2.26709e-18 -3.09709e-18 -9.63203e-05 -3.7402e-05 -0.000132226 -3.7402e-05
4.45 -4.37983e-18 -6.42263e-18 -1.68689e-18 -3.38737e-18 -7.83002e-05 -3.7402e-05 -0.000114206 -3.7402e-05
4.46 -3.78766e-18 -6.12636e-18 -1.09471e-18 -3.68364e-18 -5.99001e-05 -3.7402e-05 -9.5806e-05 -3.7402e-05
4.47 -3.18585e-18 -5.82527e-18 -4.92908e-19 -3.98473e-18 -4.11928e-05 -3.7402e-05 -7.70987e-05 -3.7402e-05
4.48 -2.57678e-18 -5.52055e-18 1.16157e-19 -4.28945e-18 -2.22521e-05 -3.7402e-05 -5.81579e-05 -3.7402e-05
4.49 -1.96286e-18 -5.2134e-18 7.30079e-19 -4.5966e-18 -3.15266e-06 -3.7402e-05 -3.90585e-05 -3.7402e-05
4.5 -1.34651e-18 -4.90504e-18 1.34643e-18 -4.90496e-18 1.603e-05 -3.7402e-05 -1.98758e-05 -3.7402e-05
4.51 -7.30155e-19 -4.59667e-18 1.96279e-18 -5.21333e-18 3.52203e-05 -3.7402e-05 -6.85565e-07 -3.7402e-05
4.52 -1.16233e-19 -4.28952e-18 2.57671e-18 -5.52048e-18 5.43425e-05 -3.7402e-05 1.84366e-05 -3.7402e-05
4.53 4.92834e-19 -3.9848e-18 3.18577e-18 -5.8252e-18 7.3321e-05 -3.7402e-05 3.74151e-05 -3.7402e-05
4.54 1.09464e-18 -3.68371e-18 3.78758e-18 -6.12629e-18 9.2081e-05 -3.7402e-05 5.61751e-05 -3.7402e-05
4.55 1.68682e-18 -3.38744e-18 4.37976e-18 -6.42256e-18 0.000110548 -3.7402e-05 7.46426e-05 -3.7402e-05
4.56 2.26702e-18 -3.09716e-18 4.95996e-18 -6.71284e-18 0.00012865 -3.7402e-05 9.27446e-05 -3.7402e-05
4.57 2.83296e-18 -2.81402e-18 5.5259e-18 -6.99598e-18 0.000146316 -3.7402e-05 0.00011041 -3.7402e-05
4.58 3.38241e-18 -2.53912e-18 6.07535e-18 -7.27088e-18 0.000163474 -3.7402e-05 0.000127568 -3.7402e-05
4.59 3.91319e-18 -2.27357e-18 6.60613e-18 -7.53643e-18 0.000180058 -3.7402e-05 0.000144153 -3.7402e-05
4.6 4.42322e-18 -2.0184e-18 7.11616e-18 -7.7916e-18 0.000196003 -3.7402e-05 0.000160097 -3.7402e-05
4.61 4.91048e-18 -1.77462e-18 7.60342e-18 -8.03538e-18 0.000211245 -3.7402e-05 0.000175339 -3.7402e-05
4.62 5.37304e-18 -1.54319e-18 8.06598e-18 -8.26681e-18 0.000225724 -3.7402e-05 0.000189818 -3.7402e-05
4.63 5.80909e-18 -1.32504e-18 8.50203e-18 -8.48496e-18 0.000239383 -3.7402e-05 0.000203477 -3.7402e-05
4.64 6.21689e-18 -1.12101e-18 8.90983e-18 -8.68899e-18 0.000252168 -3.7402e-05 0.000216262 -3.7402e-05
4.65 6.59485e-18 -9.31911e-19 9.28779e-18 -8.87809e-18 0.000264029 -3.7402e-05 0.000228123 -3.7402e-05
4.66 6.94146e-18 -7.58496e-19 9.6344e-18 -9.0515e-18 0.000274918 -3.7402e-05 0.000239012 -3.7402e-05
4.67 7.25537e-18 -6.01445e-19 9.94831e-18 -9.20855e-18 0.000284794 -3.7402e-05 0.000248888 -3.7402e-05
4.68 7.53533e-18 -4.61378e-19 1.02283e-17 -9.34862e-18 0.000293616 -3.7402e-05 0.00025771 -3.7402e-05
4.69 7.78023e-18 -3.38849e-19 1.04732e-17 -9.47115e-18 0.000301351 -3.7402e-05 0.000265445 -3.7402e-05
4.7 7.98912e-18 -2.34339e-19 1.06821e-17 -9.57566e-18 0.000307967 -3.7402e-05 0.000272061 -3.7402e-05
4.71 8.16117e-18 -1.48263e-19 1.08541e-17 -9.66174e-18 0.000313438 -3.7402e-05 0.000277532 -3.7402e-05
4.72 8.29569e-18 -8.09595e-20 1.09886e-17 -9.72904e-18 0.000317744 -3.7402e-05 0.000281838 -3.7402e-05
4.73 8.39216e-18 -3.26942e-20 1.10851e-17 -9.77731e-18 0.000320866 -3.7402e-05 0.00028496 -3.7402e-05
4.74 8.45019e-18 -3.65764e-21 1.11431e-17 -9.80634e-18 0.000322793 -3.7402e-05 0.000286887 -3.7402e-05
4.75 8.46956e-18 6.03555e-21 1.11625e-17 -9.81604e-18 0.000323516 -3.7402e-05 0.000287611 -3.7402e-05
4.76 8.4502e-18 -3.65287e-21 1.11431e-17 -9.80635e-18 0.000323034 -3.7402e-05 0.000287128 -3.7402e-05
4.77 8.39217e-18 -3.26847e-20 1.10851e-17 -9.77732e-18 0.000321348 -3.7402e-05 0.000285442 -3.7402e-05
4.78 8.2957e-18 -8.09453e-20 1.09886e-17 -9.72905e-18 0.000318464 -3.7402e-05 0.000282558 -3.7402e-05
4.79 8.16119e-18 -1.48244e-19 1.08541e-17 -9.66176e-18 0.000314395 -3.7402e-05 0.000278489 -3.7402e-05
4.8 7.98915e-18 -2.34316e-19 1.06821e-17 -9.57568e-18 0.000309155 -3.7402e-05 0.000273249 -3.7402e-05
4.81 7.78026e-18 -3.38821e-19 1.04732e-17 -9.47118e-18 0.000302767 -3.7402e-05 0.000266861 -3.7402e-05
4.82 7.53536e-18 -4.61346e-19 1.02283e-17 -9.34865e-18 0.000295254 -3.7402e-05 0.000259348 -3.7402e-05
4.83 7.25541e-18 -6.01408e-19 9.94835e-18 -9.20859e-18 0.000286647 -3.7402e-05 0.000250741 -3.7402e-05
4.84 6.9415e-18 -7.58455e-19 9.63444e-18 -9.05154e-18 0.000276979 -3.7402e-05 0.000241073 -3.7402e-05
4.85 6.59489e-18 -9.31866e-19 9.28783e-18 -8.87813e-18 0.000266289 -3.7402e-05 0.000230383 -3.7402e-05
4.86 6.21694e-18 -1.12096e-18 8.90988e-18 -8.68904e-18 0.000254619 -3.7402e-05 0.000218713 -3.7402e-05
4.87 5.80914e-18 -1.32498e-18 8.50208e-18 -8.48502e-18 0.000242015 -3.7402e-05 0.00020611 -3.7402e-05
4.88 5.3731e-18 -1.54314e-18 8.06604e-18 -8.26686e-18 0.000228527 -3.7402e-05 0.000192621 -3.7402e-05
4.89 4.91054e-18 -1.77456e-18 7.60348e-18 -8.03544e-18 0.000214208 -3.7402e-05 0.000178302 -3.7402e-05
4.9 4.42328e-18 -2.01834e-18 7.11622e-18 -7.79166e-18 0.000199114 -3.7402e-05 0.000163208 -3.7402e-05
4.91 3.91326e-18 -2.2735e-18 6.6062e-18 -7.5365e-18 0.000183306 -3.7402e-05 0.0001474 -3.7402e-05
4.92 3.38247e-18 -2.53906e-18 6.07542e-18 -7.27094e-18 0.000166844 -3.7402e-05 0.000130938 -3.7402e-05
4.93 2.83303e-18 -2.81395e-18 5.52597e-18 -6.99605e-18 0.000149795 -3.7402e-05 0.00011389 -3.7402e-05
4.94 2.26709e-18 -3.09709e-18 4.96003e-18 -6.71291e-18 0.000132226 -3.7402e-05 9.63203e-05 -3.7402e-05
4.95 1.68689e-18 -3.38737e-18 4.37983e-18 -6.42263e-18 0.000114206 -3.7402e-05 7.83002e-05 -3.7402e-05
4.96 1.09471e-18 -3.68364e-18 3.78766e-18 -6.12636e-18 9.5806e-05 -3.7402e-05 5.99001e-05 -3.7402e-05
4.97 4.92908e-19 -3.98473e-18 3.18585e-18 -5.82527e-18 7.70987e-05 -3.7402e-05 4.11928e-05 -3.7402e-05
4.98 -1.16157e-19 -4.28945e-18 2.57678e-18 -5.52055e-18 5.81579e-05 -3.7402e-05 2.22521e-05 -3.7402e-05
4.99 -7.30079e-19 -4.5966e-18 1.96286e-18 -5.2134e-18 3.90585e-05 -3.7402e-05 3.15266e-06 -3.7402e-05
5 -1.34643e-18 -4.90496e-18 1.34651e-18 -4.90504e-18 1.98758e-05 -3.7402e-05 -1.603e-05 -3.7402e-05
5.01 -1.96279e-18 -5.21333e-18 7.30155e-19 -4.59667e-18 6.85565e-07 -3.7402e-05 -3.52203e-05 -3.7402e-05
5.02 -2.57671e-18 -5.52048e-18 1.16233e-19 -4.28952e-18 -1.84366e-05 -3.7402e-05 -5.43425e-05 -3.7402e-05
5.03 -3.18577e-18 -5.8252e-18 -4.92834e-19 -3.9848e-18 -3.74151e-05 -3.7402e-05 -7.3321e-05 -3.7402e-05
5.04 -3.78758e-18 -6.12629e-18 -1.09464e-18 -3.68371e-18 -5.61751e-05 -3.7402e-05 -9.2081e-05 -3.7402e-05
5.05 -4.37976e-18 -6.42256e-18 -1.68682e-18 -3.38744e-18 -7.46426e-05 -3.7402e-05 -0.000110548 -3.7402e-05
5.06 -4.95996e-18 -6.71284e-18 -2.26702e-18 -3.09716e-18 -9.27446e-05 -3.7402e-05 -0.00012865 -3.7402e-05
5.07 -5.5259e-18 -6.99598e-18 -2.83296e-18 -2.81402e-18 -0.00011041 -3.7402e-05 -0.000146316 -3.7402e-05
5.08 -6.07535e-18 -7.27088e-18 -3.38241e-18 -2.53912e-18 -0.000127568 -3.7402e-05 -0.000163474 -3.7402e-05
5.09 -6.60613e-18 -7.53643e-18 -3.91319e-18 -2.27357e-18 -0.000144153 -3.7402e-05 -0.000180058 -3.7402e-05
5.1 -7.11616e-18 -7.7916e-18 -4.42322e-18 -2.0184e-18 -0.000160097 -3.7402e-05 -0.000196003 -3.7402e-05
5.11 -7.60342e-18 -8.03538e-18 -4.91048e-18 -1.77462e-18 -0.000175339 -3.7402e-05 -0.000211245 -3.7402e-05
5.12 -8.06598e-18 -8.26681e-18 -5.37304e-18 -1.54319e-18 -0.000189818 -3.7402e-05 -0.000225724 -3.7402e-05
5.13 -8.50203e-18 -8.48496e-18 -5.80909e-18 -1.32504e-18 -0.000203477 -3.7402e-05 -0.000239383 -3.7402e-05
5.14 -8.90983e-18 -8.68899e-18 -6.21689e-18 -1.12101e-18 -0.000216262 -3.7402e-05 -0.000252168 -3.7402e-05
5.15 -9.28779e-18 -8.87809e-18 -6.59485e-18 -9.31911e-19 -0.000228123 -3.7402e-05 -0.000264029 -3.7402e-05
5.16 -9.6344e-18 -9.0515e-18 -6.94146e-18 -7.58496e-19 -0.000239012 -3.7402e-05 -0.000274918 -3.7402e-05
5.17 -9.94831e-18 -9.20855e-18 -7.25537e-18 -6.01445e-19 -0.000248888 -3.7402e-05 -0.000284794 -3.7402e-05
5.18 -1.02283e-17 -9.34862e-18 -7.53533e-18 -4.61378e-19 -0.00025771 -3.7402e-05 -0.000293616 -3.7402e-05
5.19 -1.04732e-17 -9.47115e-18 -7.78023e-18 -3.38849e-19 -0.000265445 -3.7402e-05 -0.000301351 -3.7402e-05
5.2 -1.06821e-17 -9.57566e-18 -7.98912e-18 -2.34339e-19 -0.000272061 -3.7402e-05 -0.000307967 -3.7402e-05
5.21 -1.08541e-17 -9.66174e-18 -8.16117e-18 -1.48263e-19 -0.000277532 -3.7402e-05 -0.000313438 -3.7402e-05
5.22 -1.09886e-17 -9.72904e-18 -8.29569e-18 -8.09595e-20 -0.000281838 -3.7402e-05 -0.000317744 -3.7402e-05
5.23 -1.10851e-17 -9.77731e-18 -8.39216e-18 -3.26942e-20 -0.00028496 -3.7402e-05 -0.000320866 -3.7402e-05
5.24 -1.11431e-17 -9.80634e-18 -8.45019e-18 -3.65764e-21 -0.000286887 -3.7402e-05 -0.000322793 -3.7402e-05
5.25 -1.11625e-17 -9.81604e-18 -8.46956e-18 6.03555e-21 -0.000287611 -3.7402e-05 -0.000323516 -3.7402e-05
5.26 -1.11431e-17 -9.80635e-18 -8.4502e-18 -3.65287e-21 -0.000287128 -3.7402e-05 -0.000323034 -3.7402e-05
5.27 -1.10851e-17 -9.77732e-18 -8.39217e-18 -3.26847e-20 -0.000285442 -3.7402e-05 -0.000321348 -3.7402e-05
5.28 -1.09886e-17 -9.72905e-18 -8.2957e-18 -8.09453e-20 -0.000282558 -3.7402e-05 -0.000318464 -3.7402e-05
5.29 -1.08541e-17 -9.66176e-18 -8.16119e-18 -1.48244e-19 -0.000278489 -3.7402e-05 -0.000314395 -3.7402e-05
5.3 -1.06821e-17 -9.57568e-18 -7.98915e-18 -2.34316e-19 -0.000273249 -3.7402e-05 -0.000309155 -3.7402e-05
5.31 -1.04732e-17 -9.47118e-18 -7.78026e-18 -3.38821e-19 -0.000266861 -3.7402e-05 -0.000302767 -3.7402e-05
5.32 -1.02283e-17 -9.34865e-18 -7.53536e-18 -4.61346e-19 -0.000259348 -3.7402e-05 -0.000295254 -3.7402e-05
5.33 -9.94835e-18 -9.20859e-18 -7.25541e-18 -6.01408e-19 -0.000250741 -3.7402e-05 -0.000286647 -3.7402e-05
5.34 -9.63444e-18 -9.05154e-18 -6.9415e-18 -7.58455e-19 -0.000241073 -3.7402e-05 -0.000276979 -3.7402e-05
5.35 -9.28783e-18 -8.87813e-18 -6.59489e-18 -9.31866e-19 -0.000230383 -3.7402e-05 -0.000266289 -3.7402e-05
5.36 -8.90988e-18 -8.68904e-18 -6.21694e-18 -1.12096e-18 -0.000218713 -3.7402e-05 -0.000254619 -3.7402e-05
5.37 -8.50208e-18 -8.48502e-18 -5.80914e-18 -1.32498e-18 -0.00020611 -3.7402e-05 -0.000242015 -3.7402e-05
5.38 -8.06604e-18 -8.26686e-18 -5.3731e-18 -1.54314e-18 -0.000192621 -3.7402e-05 -0.000228527 -3.7402e-05
5.39 -7.60348e-18 -8.03544e-18 -4.91054e-18 -1.77456e-18 -0.000178302 -3.7402e-05 -0.000214208 -3.7402e-05
5.4 -7.11622e-18 -7.79166e-18 -4.42328e-18 -2.01834e-18 -0.000163208 -3.7402e-05 -0.000199114 -3.7402e-05
5.41 -6.6062e-18 -7.5365e-18 -3.91326e-18 -2.2735e-18 -0.0001474 -3.7402e-05 -0.000183306 -3.7402e-05
5.42 -6.07542e-18 -7.27094e-18 -3.38247e-18 -2.53906e-18 -0.000130938 -3.7402e-05 -0.000166844 -3.7402e-05
5.43 -5.52597e-18 -6.99605e-18 -2.83303e-18 -2.81395e-18 -0.00011389 -3.7402e-05 -0.000149795 -3.7402e-05
5.44 -4.96003e-18 -6.71291e-18 -2.26709e-18 -3.09709e-18 -9.63203e-05 -3.7402e-05 -0.000132226 -3.7402e-05
5.45 -4.37983e-18 -6.42263e-18 -1.68689e-18 -3.38737e-18 -7.83002e-05 -3.7402e-05 -0.000114206 -3.7402e-05
5.46 -3.78766e-18 -6.12636e-18 -1.09471e-18 -3.68364e-18 -5.99001e-05 -3.7402e-05 -9.5806e-05 -3.7402e-05
5.47 -3.18585e-18 -5.82527e-18 -4.92908e-19 -3.98473e-18 -4.11928e-05 -3.7402e-05 -7.70987e-05 -3.7402e-05
5.48 -2.57678e-18 -5.52055e-18 1.16157e-19 -4.28945e-18 -2.22521e-05 -3.7402e-05 -5.81579e-05 -3.7402e-05
5.49 -1.96286e-18 -5.2134e-18 7.30079e-19 -4.5966e-18 -3.15266e-06 -3.7402e-05 -3.90585e-05 -3.7402e-05
5.5 -1.34651e-18 -4.90504e-18 1.34643e-18 -4.90496e-18 1.603e-05 -3.7402e-05 -1.98758e-05 -3.7402e-05
5.51 -7.30155e-19 -4.59667e-18 1.96279e-18 -5.21333e-18 3.52203e-05 -3.7402e-05 -6.85565e-07 -3.7402e-05
5.52 -1.16233e-19 -4.28952e-18 2.57671e-18 -5.52048e-18 5.43425e-05 -3.7402e-05 1.84366e-05 -3.7402e-05
5.53 4.92834e-19 -3.9848e-18 3.18577e-18 -5.8252e-18 7.3321e-05 -3.7402e-05 3.74151e-05 -3.7402e-05
5.54 1.09464e-18 -3.68371e-18 3.78758e-18 -6.12629e-18 9.2081e-05 -3.7402e-05 5.61751e-05 -3.7402e-05
5.55 1.68682e-18 -3.38744e-18 4.37976e-18 -6.42256e-18 0.000110548 -3.7402e-05 7.46426e-05 -3.7402e-05
5.56 2.26702e-18 -3.09716e-18 4.95996e-18 -6.71284e-18 0.00012865 -3.7402e-05 9.27446e-05 -3.7402e-05
5.57 2.83296e-18 -2.81402e-18 5.5259e-18 -6.99598e-18 0.000146316 -3.7402e-05 0.00011041 -3.7402e-05
5.58 3.38241e-18 -2.53912e-18 6.07535e-18 -7.27088e-18 0.000163474 -3.7402e-05 0.000127568 -3.7402e-05
5.59 3.91319e-18 -2.27357e-18 6.60613e-18 -7.53643e-18 0.000180058 -3.7402e-05 0.000144153 -3.7402e-05
5.6 4.42322e-18 -2.0184e-18 7.11616e-18 -7.7916e-18 0.000196003 -3.7402e-05 0.000160097 -3.7402e-05
5.61 4.91048e-18 -1.77462e-18 7.60342e-18 -8.03538e-18 0.000211245 -3.7402e-05 0.000175339 -3.7402e-05
5.62 5.37304e-18 -1.54319e-18 8.06598e-18 -8.26681e-18 0.000225724 -3.7402e-05 0.000189818 -3.7402e-05
5.63 5.80909e-18 -1.32504e-18 8.50203e-18 -8.48496e-18 0.000239383 -3.7402e-05 0.000203477 -3.7402e-05
5.64 6.21689e-18 -1.12101e-18 8.90983e-18 -8.68899e-18 0.000252168 -3.7402e-05 0.000216262 -3.7402e-05
5.65 6.59485e-18 -9.31911e-19 9.28779e-18 -8.87809e-18 0.000264029 -3.7402e-05 0.000228123 -3.7402e-05
5.66 6.94146e-18 -7.58496e-19 9.6344e-18 -9.0515e-18 0.000274918 -3.7402e-05 0.000239012 -3.7402e-05
5.67 7.25537e-18 -6.01445e-19 9.94831e-18 -9.20855e-18 0.000284794 -3.7402e-05 0.000248888 -3.7402e-05
5.68 7.53533e-18 -4.61378e-19 1.02283e-17 -9.34862e-18 0.000293616 -3.7402e-05 0.00025771 -3.7402e-05
5.69 7.78023e-18 -3.38849e-19 1.04732e-17 -9.47115e-18 0.000301351 -3.7402e-05 0.000265445 -3.7402e-05
5.7 7.98912e-18 -2.34339e-19 1.06821e-17 -9.57566e-18 0.000307967 -3.7402e-05 0.000272061 -3.7402e-05
5.71 8.16117e-18 -1.48263e-19 1.08541e-17 -9.66174e-18 0.000313438 -3.7402e-05 0.000277532 -3.7402e-05
5.72 8.29569e-18 -8.09595e-20 1.09886e-17 -9.72904e-18 0.000317744 -3.7402e-05 0.000281838 -3.7402e-05
5.73 8.39216e-18 -3.26942e-20 1.10851e-17 -9.77731e-18 0.000320866 -3.7402e-05 0.00028496 -3.7402e-05
5.74 8.45019e-18 -3.65764e-21 1.11431e-17 -9.80634e-18 0.000322793 -3.7402e-05 0.000286887 -3.7402e-05
5.75 8.46956e-18 6.03555e-21 1.11625e-17 -9.81604e-18 0.000323516 -3.7402e-05 0.000287611 -3.7402e-05
5.76 8.4502e-18 -3.65287e-21 1.11431e-17 -9.80635e-18 0.000323034 -3.7402e-05 0.000287128 -3.7402e-05
5.77 8.39217e-18 -3.26847e-20 1.10851e-17 -9.77732e-18 0.000321348 -3.7402e-05 0.000285442 -3.7402e-05
5.78 8.2957e-18 -8.09453e-20 1.09886e-17 -9.72905e-18 0.000318464 -3.7402e-05 0.000282558 -3.7402e-05
5.79 8.16119e-18 -1.48244e-19 1.08541e-17 -9.66176e-18 0.000314395 -3.7402e-05 0.000278489 -3.7402e-05
5.8 7.98915e-18 -2.34316e-19 1.06821e-17 -9.57568e-18 0.000309155 -3.7402e-05 0.000273249 -3.7402e-05
5.81 7.78026e-18 -3.38821e-19 1.04732e-17 -9.47118e-18 0.000302767 -3.7402e-05 0.000266861 -3.7402e-05
5.82 7.53536e-18 -4.61346e-19 1.02283e-17 -9.34865e-18 0.000295254 -3.7402e-05 0.000259348 -3.7402e-05
5.83 7.25541e-18 -6.01408e-19 9.94835e-18 -9.20859e-18 0.000286647 -3.7402e-05 0.000250741 -3.7402e-05
5.84 6.9415e-18 -7.58455e-19 9.63444e-18 -9.05154e-18 0.000276979 -3.7402e-05 0.000241073 -3.7402e-05
5.85 6.59489e-18 -9.31866e-19 9.28783e-18 -8.87813e-18 0.000266289 -3.7402e-05 0.000230383 -3.7402e-05
5.86 6.21694e-18 -1.12096e-18 8.90988e-18 -8.68904e-18 0.000254619 -3.7402e-05 0.000218713 -3.7402e-05
5.87 5.80914e-18 -1.32498e-18 8.50208e-18 -8.48502e-18 0.000242015 -3.7402e-05 0.00020611 -3.7402e-05
5.88 5.3731e-18 -1.54314e-18 8.06604e-18 -8.26686e-18 0.000228527 -3.7402e-05 0.000192621 -3.7402e-05
5.89 4.91054e-18 -1.77456e-18 7.60348e-18 -8.03544e-18 0.000214208 -3.7402e-05 0.000178302 -3.7402e-05
5.9 4.42328e-18 -2.01834e-18 7.11622e-18 -7.79166e-18 0.000199114 -3.7402e-05 0.000163208 -3.7402e-05
5.91 3.91326e-18 -2.2735e-18 6.6062e-18 -7.5365e-18 0.000183306 -3.7402e-05 0.0001474 -3.7402e-05
5.92 3.38247e-18 -2.53906e-18 6.07542e-18 -7.27094e-18 0.000166844 -3.7402e-05 0.000130938 -3.7402e-05
5.93 2.83303e-18 -2.81395e-18 5.52597e-18 -6.99605e-18 0.000149795 -3.7402e-05 0.00011389 -3.7402e-05
5.94 2.26709e-18 -3.09709e-18 4.96003e-18 -6.71291e-18 0.000132226 -3.7402e-05 9.63203e-05 -3.7402e-05
5.95 1.68689e-18 -3.38737e-18 4.37983e-18 -6.42263e-18 0.000114206 -3.7402e-05 7.83002e-05 -3.7402e-05
5.96 1.09471e-18 -3.68364e-18 3.78766e-18 -6.12636e-18 9.5806e-05 -3.7402e-05 5.99001e-05 -3.7402e-05
5.97 4.92908e-19 -3.98473e-18 3.18585e-18 -5.82527e-18 7.70987e-05 -3.7402e-05 4.11928e-05 -3.7402e-05
5.98 -1.16157e-19 -4.28945e-18 2.57678e-18 -5.52055e-18 5.81579e-05 -3.7402e-05 2.22521e-05 -3.7402e-05
5.99 -7.30079e-19 -4.5966e-18 1.96286e-18 -5.2134e-18 3.90585e-05 -3.7402e-05 3.15266e-06 -3.7402e-05
6 -1.34643e-18 -4.90496e-18 1.34651e-18 -4.90504e-18 1.98758e-05 -3.7402e-05 -1.603e-05 -3.7402e-05
6.01 -1.96279e-18 -5.21333e-18 7.30155e-19 -4.59667e-18 6.85565e-07 -3.7402e-05 -3.52203e-05 -3.7402e-05
6.02 -2.57671e-18 -5.52048e-18 1.16233e-19 -4.28952e-18 -1.84366e-05 -3.7402e-05 -5.43425e-05 -3.7402e-05
6.03 -3.18577e-18 -5.8252e-18 -4.92834e-19 -3.9848e-18 -3.74151e-05 -3.7402e-05 -7.3321e-05 -3.7402e-05
6.04 -3.78758e-18 -6.12629e-18 -1.09464e-18 -3.68371e-18 -5.61751e-05 -3.7402e-05 -9.2081e-05 -3.7402e-05
6.05 -4.37976e-18 -6.42256e-18 -1.68682e-18 -3.38744e-18 -7.46426e-05 -3.7402e-05 -0.000110548 -3.7402e-05
6.06 -4.95996e-18 -6.71284e-18 -2.26702e-18 -3.09716e-18 -9.27446e-05 -3.7402e-05 -0.00012865 -3.7402e-05
6.07 -5.5259e-18 -6.99598e-18 -2.83296e-18 -2.81402e-18 -0.00011041 -3.7402e-05 -0.000146316 -3.7402e-05
6.08 -6.07535e-18 -7.27088e-18 -3.38241e-18 -2.53912e-18 -0.000127568 -3.7402e-05 -0.000163474 -3.7402e-05
6.09 -6.60613e-18 -7.53643e-18 -3.91319e-18 -2.27357e-18 -0.000144153 -3.7402e-05 -0.000180058 -3.7402e-05
6.1 -7.11616e-18 -7.7916e-18 -4.42322e-18 -2.0184e-18 -0.000160097 -3.7402e-05 -0.000196003 -3.7402e-05
6.11 -7.60342e-18 -8.03538e-18 -4.91048e-18 -1.77462e-18 -0.000175339 -3.7402e-05 -0.000211245 -3.7402e-05
6.12 -8.06598e-18 -8.26681e-18 -5.37304e-18 -1.54319e-18 -0.000189818 -3.7402e-05 -0.000225724 -3.7402e-05
6.13 -8.50203e-18 -8.48496e-18 -5.80909e-18 -1.32504e-18 -0.000203477 -3.7402e-05 -0.000239383 -3.7402e-05
6.14 -8.90983e-18 -8.68899e-18 -6.21689e-18 -1.12101e-18 -0.000216262 -3.7402e-05 -0.000252168 -3.7402e-05
6.15 -9.28779e-18 -8.87809e-18 -6.59485e-18 -9.31911e-19 -0.000228123 -3.7402e-05 -0.000264029 -3.7402e-05
6.16 -9.6344e-18 -9.0515e-18 -6.94146e-18 -7.58496e-19 -0.000239012 -3.7402e-05 -0.000274918 -3.7402e-05
6.17 -9.94831e-18 -9.20855e-18 -7.25537e-18 -6.01445e-19 -0.000248888 -3.7402e-05 -0.000284794 -3.7402e-05
6.18 -1.02283e-17 -9.34862e-18 -7.53533e-18 -4.61378e-19 -0.00025771 -3.7402e-05 -0.000293616 -3.7402e-05
6.19 -1.04732e-17 -9.47115e-18 -7.78023e-18 -3.38849e-19 -0.000265445 -3.7402e-05 -0.000301351 -3.7402e-05
6.2 -1.06821e-17 -9.57566e-18 -7.98912e-18 -2.34339e-19 -0.000272061 -3.7402e-05 -0.000307967 -3.7402e-05
6.21 -1.08541e-17 -9.66174e-18 -8.16117e-18 -1.48263e-19 -0.000277532 -3.7402e-05 -0.000313438 -3.7402e-05
6.22 -1.09886e-17 -9.72904e-18 -8.29569e-18 -8.09595e-20 -0.000281838 -3.7402e-05 -0.000317744 -3.7402e-05
6.23 -1.10851e-17 -9.77731e-18 -8.39216e-18 -3.26942e-20 -0.00028496 -3.7402e-05 -0.000320866 -3.7402e-05
6.24 -1.11431e-17 -9.80634e-18 -8.45019e-18 -3.65764e-21 -0.000286887 -3.7402e-05 -0.000322793 -3.7402e-05
6.25 -1.11625e-17 -9.81604e-18 -8.46956e-18 6.03555e-21 -0.000287611 -3.7402e-05 -0.000323516 -3.7402e-05
6.26 -1.11431e-17 -9.80635e-18 -8.4502e-18 -3.65287e-21 -0.000287128 -3.7402e-05 -0.000323034 -3.7402e-05
6.27 -1.10851e-17 -9.77732e-18 -8.39217e-18 -3.26847e-20 -0.000285442 -3.7402e-05 -0.000321348 -3.7402e-05
6.28 -1.09886e-17 -9.72905e-18 -8.2957e-18 -8.09453e-20 -0.000282558 -3.7402e-05 -0.000318464 -3.7402e-05
6.29 -1.08541e-17 -9.66176e-18 -8.16119e-18 -1.48244e-19 -0.000278489 -3.7402e-05 -0.000314395 -3.7402e-05
6.3 -1.06821e-17 -9.57568e-18 -7.98915e-18 -2.34316e-19 -0.000273249 -3.7402e-05 -0.000309155 -3.7402e-05
6.31 -1.04732e-17 -9.47118e-18 -7.78026e-18 -3.38821e-19 -0.000266861 -3.7402e-05 -0.000302767 -3.7402e-05
6.32 -1.02283e-17 -9.34865e-18 -7.53536e-18 -4.61346e-19 -0.000259348 -3.7402e-05 -0.000295254 -3.7402e-05
6.33 -9.94835e-18 -9.20859e-18 -7.25541e-18 -6.01408e-19 -0.000250741 -3.7402e-05 -0.000286647 -3.7402e-05
6.34 -9.63444e-18 -9.05154e-18 -6.9415e-18 -7.58455e-19 -0.000241073 -3.7402e-05 -0.000276979 -3.7402e-05
6.35 -9.28783e-18 -8.87813e-18 -6.59489e-18 -9.31866e-19 -0.000230383 -3.7402e-05 -0.000266289 -3.7402e-05
6.36 -8.90988e-18 -8.68904e-18 -6.21694e-18 -1.12096e-18 -0.000218713 -3.7402e-05 -0.000254619 -3.7402e-05
6.37 -8.50208e-18 -8.48502e-18 -5.80914e-18 -1.32498e-18 -0.00020611 -3.7402e-05 -0.000242015 -3.7402e-05
6.38 -8.06604e-18 -8.26686e-18 -5.3731e-18 -1.54314e-18 -0.000192621 -3.7402e-05 -0.000228527 -3.7402e-05
6.39 -7.60348e-18 -8.03544e-18 -4.91054e-18 -1.77456e-18 -0.000178302 -3.7402e-05 -0.000214208 -3.7402e-05
6.4 -7.11622e-18 -7.79166e-18 -4.42328e-18 -2.01834e-18 -0.000163208 -3.7402e-05 -0.000199114 -3.7402e-05
6.41 -6.6062e-18 -7.5365e-18 -3.91326e-18 -2.2735e-18 -0.0001474 -3.7402e-05 -0.000183306 -3.7402e-05
6.42 -6.07542e-18 -7.27094e-18 -3.38247e-18 -2.53906e-18 -0.000130938 -3.7402e-05 -0.000166844 -3.7402e-05
6.43 -5.52597e-18 -6.99605e-18 -2.83303e-18 -2.81395e-18 -0.00011389 -3.7402e-05 -0.000149795 -3.7402e-05
6.44 -4.96003e-18 -6.71291e-18 -2.26709e-18 -3.09709e-18 -9.63203e-05 -3.7402e-05 -0.000132226 -3.7402e-05
6.45 -4.37983e-18 -6.42263e-18 -1.68689e-18 -3.38737e-18 -7.83002e-05 -3.7402e-05 -0.000114206 -3.7402e-05
6.46 -3.78766e-18 -6.12636e-18 -1.09471e-18 -3.68364e-18 -5.99001e-05 -3.7402e-05 -9.5806e-05 -3.7402e-05
6.47 -3.18585e-18 -5.82527e-18 -4.92908e-19 -3.98473e-18 -4.11928e-05 -3.7402e-05 -7.70987e-05 -3.7402e-05
6.48 -2.57678e-18 -5.52055e-18 1.16157e-19 -4.28945e-18 -2.22521e-05 -3.7402e-05 -5.81579e-05 -3.7402e-05
6.49 -1.96286e-18 -5.2134e-18 7.30079e-19 -4.5966e-18 -3.15266e-06 -3.7402e-05 -3.90585e-05 -3.7402e-05
6.5 -1.34651e-18 -4.90504e-18 1.34643e-18 -4.90496e-18 1.603e-05 -3.7402e-05 -1.98758e-05 -3.7402e-05
6.51 -7.30155e-19 -4.59667e-18 1.96279e-18 -5.21333e-18 3.52203e-05 -3.7402e-05 -6.85565e-07 -3.7402e-05
6.52 -1.16233e-19 -4.28952e-18 2.57671e-18 -5.52048e-18 5.43425e-05 -3.7402e-05 1.84366e-05 -3.7402e-05
6.53 4.92834e-19 -3.9848e-18 3.18577e-18 -5.8252e-18 7.3321e-05 -3.7402e-05 3.74151e-05 -3.7402e-05
6.54 1.09464e-18 -3.68371e-18 3.78758e-18 -6.12629e-18 9.2081e-05 -3.7402e-05 5.61751e-05 -3.7402e-05
6.55 1.68682e-18 -3.38744e-18 4.37976e-18 -6.42256e-18 0.000110548 -3.7402e-05 7.46426e-05 -3.7402e-05
6.56 2.26702e-18 -3.09716e-18 4.95996e-18 -6.71284e-18 0.00012865 -3.7402e-05 9.27446e-05 -3.7402e-05
6.57 2.83296e-18 -2.81402e-18 5.5259e-18 -6.99598e-18 0.000146316 -3.7402e-05 0.00011041 -3.7402e-05
6.58 3.38241e-18 -2.53912e-18 6.07535e-18 -7.27088e-18 0.000163474 -3.7402e-05 0.000127568 -3.7402e-05
6.59 3.91319e-18 -2.27357e-18 6.60613e-18 -7.53643e-18 0.000180058 -3.7402e-05 0.000144153 -3.7402e-05
6.6 4.42322e-18 -2.0184e-18 7.11616e-18 -7.7916e-18 0.000196003 -3.7402e-05 0.000160097 -3.7402e-05
6.61 4.91048e-18 -1.77462e-18 7.60342e-18 -8.03538e-18 0.000211245 -3.7402e-05 0.000175339 -3.7402e-05
6.62 5.37304e-18 -1.54319e-18 8.06598e-18 -8.26681e-18 0.000225724 -3.7402e-05 0.000189818 -3.7402e-05
6.63 5.80909e-18 -1.32504e-18 8.50203e-18 -8.48496e-18 0.000239383 -3.7402e-05 0.000203477 -3.7402e-05
6.64 6.21689e-18 -1.12101e-18 8.90983e-18 -8.68899e-18 0.000252168 -3.7402e-05 0.000216262 -3.7402e-05
6.65 6.59485e-18 -9.31911e-19 9.28779e-18 -8.87809e-18 0.000264029 -3.7402e-05 0.000228123 -3.7402e-05
6.66 6.94146e-18 -7.58496e-19 9.6344e-18 -9.0515e-18 0.000274918 -3.7402e-05 0.000239012 -3.7402e-05
6.67 7.25537e-18 -6.01445e-19 9.94831e-18 -9.20855e-18 0.000284794 -3.7402e-05 0.000248888 -3.7402e-05
6.68 7.53533e-18 -4.61378e-19 1.02283e-17 -9.34862e-18 0.000293616 -3.7402e-05 0.00025771 -3.7402e-05
6.69 7.78023e-18 -3.38849e-19 1.04732e-17 -9.47115e-18 0.000301351 -3.7402e-05 0.000265445 -3.7402e-05
6.7 7.98912e-18 -2.34339e-19 1.06821e-17 -9.57566e-18 0.000307967 -3.7402e-05 0.000272061 -3.7402e-05
6.71 8.16117e-18 -1.48263e-19 1.08541e-17 -9.66174e-18 0.000313438 -3.7402e-05 0.000277532 -3.7402e-05
6.72 8.29569e-18 -8.09595e-20 1.09886e-17 -9.72904e-18 0.000317744 -3.7402e-05 0.000281838 -3.7402e-05
6.73 8.39216e-18 -3.26942e-20 1.10851e-17 -9.77731e-18 0.000320866 -3.7402e-05 0.00028496 -3.7402e-05
6.74 8.45019e-18 -3.65764e-21 1.11431e-17 -9.80634e-18 0.000322793 -3.7402e-05 0.000286887 -3.7402e-05
6.75 8.46956e-18 6.03555e-21 1.11625e-17 -9.81604e-18 0.000323516 -3.7402e-05 0.000287611 -3.7402e-05
6.76 8.4502e-18 -3.65287e-21 1.11431e-17 -9.80635e-18 0.000323034 -3.7402e-05 0.000287128 -3.7402e-05
6.77 8.39217e-18 -3.26847e-20 1.10851e-17 -9.77732e-18 0.000321348 -3.7402e-05 0.000285442 -3.7402e-05
6.78 8.2957e-18 -8.09453e-20 1.09886e-17 -9.72905e-18 0.000318464 -3.7402e-05 0.000282558 -3.7402e-05
6.79 8.16119e-18 -1.48244e-19 1.08541e-17 -9.66176e-18 0.000314395 -3.7402e-05 0.000278489 -3.7402e-05
6.8 7.98915e-18 -2.34316e-19 1.06821e-17 -9.57568e-18 0.000309155 -3.7402e-05 0.000273249 -3.7402e-05
6.81 7.78026e-18 -3.38821e-19 1.04732e-17 -9.47118e-18 0.000302767 -3.7402e-05 0.000266861 -3.7402e-05
6.82 7.53536e-18 -4.61346e-19 1.02283e-17 -9.34865e-18 0.000295254 -3.7402e-05 0.000259348 -3.7402e-05
6.83 7.25541e-18 -6.01408e-19 9.94835e-18 -9.20859e-18 0.000286647 -3.7402e-05 0.000250741 -3.7402e-05
6.84 6.9415e-18 -7.58455e-19 9.63444e-18 -9.05154e-18 0.000276979 -3.7402e-05 0.000241073 -3.7402e-05
6.85 6.59489e-18 -9.31866e-19 9.28783e-18 -8.87813e-18 0.000266289 -3.7402e-05 0.000230383 -3.7402e-05
6.86 6.21694e-18 -1.12096e-18 8.90988e-18 -8.68904e-18 0.000254619 -3.7402e-05 0.000218713 -3.7402e-05
6.87 5.80914e-18 -1.32498e-18 8.50208e-18 -8.48502e-18 0.000242015 -3.7402e-05 0.00020611 -3.7402e-05
6.88 5.3731e-18 -1.54314e-18 8.06604e-18 -8.26686e-18 0.000228527 -3.7402e-05 0.000192621 -3.7402e-05
6.89 4.91054e-18 -1.77456e-18 7.60348e-18 -8.03544e-18 0.000214208 -3.7402e-05 0.000178302 -3.7402e-05
6.9 4.42328e-18 -2.01834e-18 7.11622e-18 -7.79166e-18 0.000199114 -3.7402e-05 0.000163208 -3.7402e-05
6.91 3.91326e-18 -2.2735e-18 6.6062e-18 -7.5365e-18 0.000183306 -3.7402e-05 0.0001474 -3.7402e-05
6.92 3.38247e-18 -2.53906e-18 6.07542e-18 -7.27094e-18 0.000166844 -3.7402e-05 0.000130938 -3.7402e-05
6.93 2.83303e-18 -2.81395e-18 5.52597e-18 -6.99605e-18 0.000149795 -3.7402e-05 0.00011389 -3.7402e-05
6.94 2.26709e-18 -3.09709e-18 4.96003e-18 -6.71291e-18 0.000132226 -3.7402e-05 9.63203e-05 -3.7402e-05
6.95 1.68689e-18 -3.38737e-18 4.37983e-18 -6.42263e-18 0.000114206 -3.7402e-05 7.83002e-05 -3.7402e-05
6.96 1.09471e-18 -3.68364e-18 3.78766e-18 -6.12636e-18 9.5806e-05 -3.7402e-05 5.99001e-05 -3.7402e-05
6.97 4.92908e-19 -3.98473e-18 3.18585e-18 -5.82527e-18 7.70987e-05 -3.7402e-05 4.11928e-05 -3.7402e-05
6.98 -1.16157e-19 -4.28945e-18 2.57678e-18 -5.52055e-18 5.81579e-05 -3.7402e-05 2.22521e-05 -3.7402e-05
6.99 -7.30079e-19 -4.5966e-18 1.96286e-18 -5.2134e-18 3.90585e-05 -3.7402e-05 3.15266e-06 -3.7402e-05
7 -1.34643e-18 -4.90496e-18 1.34651e-18 -4.90504e-18 1.98758e-05 -3.7402e-05 -1.603e-05 -3.7402e-05
7.01 -1.96279e-18 -5.21333e-18 7.30155e-19 -4.59667e-18 6.85565e-07 -3.7402e-05 -3.52203e-05 -3.7402e-05
7.02 -2.57671e-18 -5.52048e-18 1.16233e-19 -4.28952e-18 -1.84366e-05 -3.7402e-05 -5.43425e-05 -3.7402e-05
7.03 -3.18577e-18 -5.8252e-18 -4.92834e-19 -3.9848e-18 -3.74151e-05 -3.7402e-05 -7.3321e-05 -3.7402e-05
7.04 -3.78758e-18 -6.12629e-18 -1.09464e-18 -3.68371e-18 -5.61751e-05 -3.7402e-05 -9.2081e-05 -3.7402e-05
7.05 -4.37976e-18 -6.42256e-18 -1.68682e-18 -3.38744e-18 -7.46426e-05 -3.7402e-05 -0.000110548 -3.7402e-05
7.06 -4.95996e-18 -6.71284e-18 -2.26702e-18 -3.09716e-18 -9.27446e-05 -3.7402e-05 -0.00012865 -3.7402e-05
7.07 -5.5259e-18 -6.99598e-18 -2.83296e-18 -2.81402e-18 -0.00011041 -3.7402e-05 -0.000146316 -3.7402e-05
7.08 -6.07535e-18 -7.27088e-18 -3.38241e-18 -2.53912e-18 -0.000127568 -3.7402e-05 -0.000163474 -3.7402e-05
7.09 -6.60613e-18 -7.53643e-18 -3.91319e-18 -2.27357e-18 -0.000144153 -3.7402e-05 -0.000180058 -3.7402e-05
7.1 -7.11616e-18 -7.7916e-18 -4.42322e-18 -2.0184e-18 -0.000160097 -3.7402e-05 -0.000196003 -3.7402e-05
7.11 -7.60342e-18 -8.03538e-18 -4.91048e-18 -1.77462e-18 -0.000175339 -3.7402e-05 -0.000211245 -3.7402e-05
7.12 -8.06598e-18 -8.26681e-18 -5.37304e-18 -1.54319e-18 -0.000189818 -3.7402e-05 -0.000225724 -3.7402e-05
7.13 -8.50203e-18 -8.48496e-18 -5.80909e-18 -1.32504e-18 -0.000203477 -3.7402e-05 -0.000239383 -3.7402e-05
7.14 -8.90983e-18 -8.68899e-18 -6.21689e-18 -1.12101e-18 -0.000216262 -3.7402e-05 -0.000252168 -3.7402e-05
7.15 -9.28779e-18 -8.87809e-18 -6.59485e-18 -9.31911e-19 -0.000228123 -3.7402e-05 -0.000264029 -3.7402e-05
7.16 -9.6344e-18 -9.0515e-18 -6.94146e-18 -7.58496e-19 -0.000239012 -3.7402e-05 -0.000274918 -3.7402e-05
7.17 -9.94831e-18 -9.20855e-18 -7.25537e-18 -6.01445e-19 -0.000248888 -3.7402e-05 -0.000284794 -3.7402e-05
7.18 -1.02283e-17 -9.34862e-18 -7.53533e-18 -4.61378e-19 -0.00025771 -3.7402e-05 -0.000293616 -3.7402e-05
7.19 -1.04732e-17 -9.47115e-18 -7.78023e-18 -3.38849e-19 -0.000265445 -3.7402e-05 -0.000301351 -3.7402e-05
7.2 -1.06821e-17 -9.57566e-18 -7.98912e-18 -2.34339e-19 -0.000272061 -3.7402e-05 -0.000307967 -3.7402e-05
7.21 -1.08541e-17 -9.66174e-18 -8.16117e-18 -1.48263e-19 -0.000277532 -3.7402e-05 -0.000313438 -3.7402e-05
7.22 -1.09886e-17 -9.72904e-18 -8.29569e-18 -8.09595e-20 -0.000281838 -3.7402e-05 -0.000317744 -3.7402e-05
7.23 -1.10851e-17 -9.77731e-18 -8.39216e-18 -3.26942e-20 -0.00028496 -3.7402e-05 -0.000320866 -3.7402e-05
7.24 -1.11431e-17 -9.80634e-18 -8.45019e-18 -3.65764e-21 -0.000286887 -3.7402e-05 -0.000322793 -3.7402e-05
7.25 -1.11625e-17 -9.81604e-18 -8.46956e-18 6.03555e-21 -0.000287611 -3.7402e-05 -0.000323516 -3.7402e-05
7.26 -1.11431e-17 -9.80635e-18 -8.4502e-18 -3.65287e-21 -0.000287128 -3.7402e-05 -0.000323034 -3.7402e-05
7.27 -1.10851e-17 -9.77732e-18 -8.39217e-18 -3.26847e-20 -0.000285442 -3.7402e-05 -0.000321348 -3.7402e-05
7.28 -1.09886e-17 -9.72905e-18 -8.2957e-18 -8.09453e-20 -0.000282558 -3.7402e-05 -0.000318464 -3.7402e-05
7.29 -1.08541e-17 -9.66176e-18 -8.16119e-18 -1.48244e-19 -0.000278489 -3.7402e-05 -0.000314395 -3.7402e-05
7.3 -1.06821e-17 -9.57568e-18 -7.98915e-18 -2.34316e-19 -0.000273249 -3.7402e-05 -0.000309155 -3.7402e-05
7.31 -1.04732e-17 -9.47118e-18 -7.78026e-18 -3.38821e-19 -0.000266861 -3.7402e-05 -0.000302767 -3.7402e-05
7.32 -1.02283e-17 -9.34865e-18 -7.53536e-18 -4.61346e-19 -0.000259348 -3.7402e-05 -0.000295254 -3.7402e-05
7.33 -9.94835e-18 -9.20859e-18 -7.25541e-18 -6.01408e-19 -0.000250741 -3.7402e-05 -0.000286647 -3.7402e-05
7.34 -9.63444e-18 -9.05154e-18 -6.9415e-18 -7.58455e-19 -0.000241073 -3.7402e-05 -0.000276979 -3.7402e-05
7.35 -9.28783e-18 -8.87813e-18 -6.59489e-18 -9.31866e-19 -0.000230383 -3.7402e-05 -0.000266289 -3.7402e-05
7.36 -8.90988e-18 -8.68904e-18 -6.21694e-18 -1.12096e-18 -0.000218713 -3.7402e-05 -0.000254619 -3.7402e-05
7.37 -8.50208e-18 -8.48502e-18 -5.80914e-18 -1.32498e-18 -0.00020611 -3.7402e-05 -0.000242015 -3.7402e-05
7.38 -8.06604e-18 -8.26686e-18 -5.3731e-18 -1.54314e-18 -0.000192621 -3.7402e-05 -0.000228527 -3.7402e-05
7.39 -7.60348e-18 -8.03544e-18 -4.91054e-18 -1.77456e-18 -0.000178302 -3.7402e-05 -0.000214208 -3.7402e-05
7.4 -7.11622e-18 -7.79166e-18 -4.42328e-18 -2.01834e-18 -0.000163208 -3.7402e-05 -0.000199114 -3.7402e-05
7.41 -6.6062e-18 -7.5365e-18 -3.91326e-18 -2.2735e-18 -0.0001474 -3.7402e-05 -0.000183306 -3.7402e-05
7.42 -6.07542e-18 -7.27094e-18 -3.38247e-18 -2.53906e-18 -0.000130938 -3.7402e-05 -0.000166844 -3.7402e-05
7.43 -5.52597e-18 -6.99605e-18 -2.83303e-18 -2.81395e-18 -0.00011389 -3.7402e-05 -0.000149795 -3.7402e-05
7.44 -4.96003e-18 -6.71291e-18 -2.26709e-18 -3.09709e-18 -9.63203e-05 -3.7402e-05 -0.000132226 -3.7402e-05
7.45 -4.37983e-18 -6.42263e-18 -1.68689e-18 -3.38737e-18 -7.83002e-05 -3.7402e-05 -0.000114206 -3.7402e-05
7.46 -3.78766e-18 -6.12636e-18 -1.09471e-18 -3.68364e-18 -5.99001e-05 -3.7402e-05 -9.5806e-05 -3.7402e-05
7.47 -3.18585e-18 -5.82527e-18 -4.92908e-19 -3.98473e-18 -4.11928e-05 -3.7402e-05 -7.70987e-05 -3.7402e-05
7.48 -2.57678e-18 -5.52055e-18 1.16157e-19 -4.28945e-18 -2.22521e-05 -3.7402e-05 -5.81579e-05 -3.7402e-05
7.49 -1.96286e-18 -5.2134e-18 7.30079e-19 -4.5966e-18 -3.15266e-06 -3.7402e-05 -3.90585e-05 -3.7402e-05
7.5 -1.34651e-18 -4.90504e-18 1.34643e-18 -4.90496e-18 1.603e-05 -3.7402e-05 -1.98758e-05 -3.7402e-05
7.51 -7.30155e-19 -4.59667e-18 1.96279e-18 -5.21333e-18 3.52203e-05 -3.7402e-05 -6.85565e-07 -3.7402e-05
7.52 -1.16233e-19 -4.28952e-18 2.57671e-18 -5.52048e-18 5.43425e-05 -3.7402e-05 1.84366e-05 -3.7402e-05
7.53 4.92834e-19 -3.9848e-18 3.18577e-18 -5.8252e-18 7.3321e-05 -3.7402e-05 3.74151e-05 -3.7402e-05
7.54 1.09464e-18 -3.68371e-18 3.78758e-18 -6.12629e-18 9.2081e-05 -3.7402e-05 5.61751e-05 -3.7402e-05
7.55 1.68682e-18 -3.38744e-18 4.37976e-18 -6.42256e-18 0.000110548 -3.7402e-05 7.46426e-05 -3.7402e-05
7.56 2.26702e-18 -3.09716e-18 4.95996e-18 -6.71284e-18 0.00012865 -3.7402e-05 9.27446e-05 -3.7402e-05
7.57 2.83296e-18 -2.81402e-18 5.5259e-18 -6.99598e-18 0.000146316 -3.7402e-05 0.00011041 -3.7402e-05
7.58 3.38241e-18 -2.53912e-18 6.07535e-18 -7.27088e-18 0.000163474 -3.7402e-05 0.000127568 -3.7402e-05
7.59 3.91319e-18 -2.27357e-18 6.60613e-18 -7.53643e-18 0.000180058 -3.7402e-05 0.000144153 -3.7402e-05
7.6 4.42322e-18 -2.0184e-18 7.11616e-18 -7.7916e-18 0.000196003 -3.7402e-05 0.000160097 -3.7402e-05
7.61 4.91048e-18 -1.77462e-18 7.60342e-18 -8.03538e-18 0.000211245 -3.7402e-05 0.000175339 -3.7402e-05
7.62 5.37304e-18 -1.54319e-18 8.06598e-18 -8.26681e-18 0.000225724 -3.7402e-05 0.000189818 -3.7402e-05
7.63 5.80909e-18 -1.32504e-18 8.50203e-18 -8.48496e-18 0.000239383 -3.7402e-05 0.000203477 -3.7402e-05
7.64 6.21689e-18 -1.12101e-18 8.90983e-18 -8.68899e-18 0.000252168 -3.7402e-05 0.000216262 -3.7402e-05
7.65 6.59485e-18 -9.31911e-19 9.28779e-18 -8.87809e-18 0.000264029 -3.7402e-05 0.000228123 -3.7402e-05
7.66 6.94146e-18 -7.58496e-19 9.6344e-18 -9.0515e-18 0.000274918 -3.7402e-05 0.000239012 -3.7402e-05
7.67 7.25537e-18 -6.01445e-19 9.94831e-18 -9.20855e-18 0.000284794 -3.7402e-05 0.000248888 -3.7402e-05
7.68 7.53533e-18 -4.61378e-19 1.02283e-17 -9.34862e-18 0.000293616 -3.7402e-05 0.00025771 -3.7402e-05
7.69 7.78023e-18 -3.38849e-19 1.04732e-17 -9.47115e-18 0.000301351 -3.7402e-05 0.000265445 -3.7402e-05
7.7 7.98912e-18 -2.34339e-19 1.06821e-17 -9.57566e-18 0.000307967 -3.7402e-05 0.000272061 -3.7402e-05
7.71 8.16117e-18 -1.48263e-19 1.08541e-17 -9.66174e-18 0.000313438 -3.7402e-05 0.000277532 -3.7402e-05
7.72 8.29569e-18 -8.09595e-20 1.09886e-17 -9.72904e-18 0.000317744 -3.7402e-05 0.000281838 -3.7402e-05
7.73 8.39216e-18 -3.26942e-20 1.10851e-17 -9.77731e-18 0.000320866 -3.7402e-05 0.00028496 -3.7402e-05
7.74 8.45019e-18 -3.65764e-21 1.11431e-17 -9.80634e-18 0.000322793 -3.7402e-05 0.000286887 -3.7402e-05
7.75 8.46956e-18 6.03555e-21 1.11625e-17 -9.81604e-18 0.000323516 -3.7402e-05 0.000287611 -3.7402e-05
7.76 8.4502e-18 -3.65287e-21 1.11431e-17 -9.80635e-18 0.000323034 -3.7402e-05 0.000287128 -3.7402e-05
7.77 8.39217e-18 -3.26847e-20 1.10851e-17 -9.77732e-18 0.000321348 -3.7402e-05 0.000285442 -3.7402e-05
7.78 8.2957e-18 -8.09453e-20 1.09886e-17 -9.72905e-18 0.000318464 -3.7402e-05 0.000282558 -3.7402e-05
7.79 8.16119e-18 -1.48244e-19 1.08541e-17 -9.66176e-18 0.000314395 -3.7402e-05 0.000278489 -3.7402e-05
7.8 7.98915e-18 -2.34316e-19 1.06821e-17 -9.57568e-18 0.000309155 -3.7402e-05 0.000273249 -3.7402e-05
7.81 7.78026e-18 -3.38821e-19 1.04732e-17 -9.47118e-18 0.000302767 -3.7402e-05 0.000266861 -3.7402e-05
7.82 7.53536e-18 -4.61346e-19 1.02283e-17 -9.34865e-18 0.000295254 -3.7402e-05 0.000259348 -3.7402e-05
7.83 7.25541e-18 -6.01408e-19 9.94835e-18 -9.20859e-18 0.000286647 -3.7402e-05 0.000250741 -3.7402e-05
7.84 6.9415e-18 -7.58455e-19 9.63444e-18 -9.05154e-18 0.000276979 -3.7402e-05 0.000241073 -3.7402e-05
7.85 6.59489e-18 -9.31866e-19 9.28783e-18 -8.87813e-18 0.000266289 -3.7402e-05 0.000230383 -3.7402e-05
7.86 6.21694e-18 -1.12096e-18 8.90988e-18 -8.68904e-18 0.000254619 -3.7402e-05 0.000218713 -3.7402e-05
7.87 5.80914e-18 -1.32498e-18 8.50208e-18 -8.48502e-18 0.000242015 -3.7402e-05 0.00020611 -3.7402e-05
7.88 5.3731e-18 -1.54314e-18 8.06604e-18 -8.26686e-18 0.000228527 -3.7402e-05 0.000192621 -3.7402e-05
7.89 4.91054e-18 -1.77456e-18 7.60348e-18 -8.03544e-18 0.000214208 -3.7402e-05 0.000178302 -3.7402e-05
7.9 4.42328e-18 -2.01834e-18 7.11622e-18 -7.79166e-18 0.000199114 -3.7402e-05 0.000163208 -3.7402e-05
7.91 3.91326e-18 -2.2735e-18 6.6062e-18 -7.5365e-18 0.000183306 -3.7402e-05 0.0001474 -3.7402e-05
7.92 3.38247e-18 -2.53906e-18 6.07542e-18 -7.27094e-18 0.000166844 -3.7402e-05 0.000130938 -3.7402e-05
7.93 2.83303e-18 -2.81395e-18 5.52597e-18 -6.99605e-18 0.000149795 -3.7402e-05 0.00011389 -3.7402e-05
7.94 2.26709e-18 -3.09709e-18 4.96003e-18 -6.71291e-18 0.000132226 -3.7402e-05 9.63203e-05 -3.7402e-05
7.95 1.68689e-18 -3.38737e-18 4.37983e-18 -6.42263e-18 0.000114206 -3.7402e-05 7.83002e-05 -3.7402e-05
7.96 1.09471e-18 -3.68364e-18 3.78766e-18 -6.12636e-18 9.5806e-05 -3.7402e-05 5.99001e-05 -3.7402e-05
7.97 4.92908e-19 -3.98473e-18 3.18585e-18 -5.82527e-18 7.70987e-05 -3.7402e-05 4.11928e-05 -3.7402e-05
7.98 -1.16157e-19 -4.28945e-18 2.57678e-18 -5.52055e-18 5.81579e-05 -3.7402e-05 2.22521e-05 -3.7402e-05
7.99 -7.30079e-19 -4.5966e-18 1.96286e-18 -5.2134e-18 3.90585e-05 -3.7402e-05 3.15266e-06 -3.7402e-05
8 -1.34643e-18 -4.90496e-18 1.34651e-18 -4.90504e-18 1.98758e-05 -3.7402e-05 -1.603e-05 -3.7402e-05
8.01 -1.96279e-18 -5.21333e-18 7.30155e-19 -4.59667e-18 6.85565e-07 -3.7402e-05 -3.52203e-05 -3.7402e-05
8.02 -2.57671e-18 -5.52048e-18 1.16233e-19 -4.28952e-18 -1.84366e-05 -3.7402e-05 -5.43425e-05 -3.7402e-05
8.03 -3.18577e-18 -5.8252e-18 -4.92834e-19 -3.9848e-18 -3.74151e-05 -3.7402e-05 -7.3321e-05 -3.7402e-05
8.04 -3.78758e-18 -6.12629e-18 -1.09464e-18 -3.68371e-18 -5.61751e-05 -3.7402e-05 -9.2081e-05 -3.7402e-05
8.05 -4.37976e-18 -6.42256e-18 -1.68682e-18 -3.38744e-18 -7.46426e-05 -3.7402e-05 -0.000110548 -3.7402e-05
8.06 -4.95996e-18 -6.71284e-18 -2.26702e-18 -3.09716e-18 -9.27446e-05 -3.7402e-05 -0.00012865 -3.7402e-05
8.07 -5.5259e-18 -6.99598e-18 -2.83296e-18 -2.81402e-18 -0.00011041 -3.7402e-05 -0.000146316 -3.7402e-05
8.08 -6.07535e-18 -7.27088e-18 -3.38241e-18 -2.53912e-18 -0.000127568 -3.7402e-05 -0.000163474 -3.7402e-05
8.09 -6.60613e-18 -7.53643e-18 -3.91319e-18 -2.27357e-18 -0.000144153 -3.7402e-05 -0.000180058 -3.7402e-05
8.1 -7.11616e-18 -7.7916e-18 -4.42322e-18 -2.0184e-18 -0.000160097 -3.7402e-05 -0.000196003 -3.7402e-05
8.11 -7.60342e-18 -8.03538e-18 -4.91048e-18 -1.77462e-18 -0.000175339 -3.7402e-05 -0.000211245 -3.7402e-05
8.12 -8.06598e-18 -8.26681e-18 -5.37304e-18 -1.54319e-18 -0.000189818 -3.7402e-05 -0.000225724 -3.7402e-05
8.13 -8.50203e-18 -8.48496e-18 -5.80909e-18 -1.32504e-18 -0.000203477 -3.7402e-05 -0.000239383 -3.7402e-05
8.14 -8.90983e-18 -8.68899e-18 -6.21689e-18 -1.12101e-18 -0.000216262 -3.7402e-05 -0.000252168 -3.7402e-05
8.15 -9.28779e-18 -8.87809e-18 -6.59485e-18 -9.31911e-19 -0.000228123 -3.7402e-05 -0.000264029 -3.7402e-05
8.16 -9.6344e-18 -9.0515e-18 -6.94146e-18 -7.58496e-19 -0.000239012 -3.7402e-05 -0.000274918 -3.7402e-05
8.17 -9.94831e-18 -9.20855e-18 -7.25537e-18 -6.01445e-19 -0.000248888 -3.7402e-05 -0.000284794 -3.7402e-05
8.18 -1.02283e-17 -9.34862e-18 -7.53533e-18 -4.61378e-19 -0.00025771 -3.7402e-05 -0.000293616 -3.7402e-05
8.19 -1.04732e-17 -9.47115e-18 -7.78023e-18 -3.38849e-19 -0.000265445 -3.7402e-05 -0.000301351 -3.7402e-05
8.2 -1.06821e-17 -9.57566e-18 -7.98912e-18 -2.34339e-19 -0.000272061 -3.7402e-05 -0.000307967 -3.7402e-05
8.21 -1.08541e-17 -9.66174e-18 -8.16117e-18 -1.48263e-19 -0.000277532 -3.7402e-05 -0.000313438 -3.7402e-05
8.22 -1.09886e-17 -9.72904e-18 -8.29569e-18 -8.09595e-20 -0.000281838 -3.7402e-05 -0.000317744 -3.7402e-05
8.23 -1.10851e-17 -9.77731e-18 -8.39216e-18 -3.26942e-20 -0.00028496 -3.7402e-05 -0.000320866 -3.7402e-05
8.24 -1.11431e-17 -9.80634e-18 -8.45019e-18 -3.65764e-21 -0.000286887 -3.7402e-05 -0.000322793 -3.7402e-05
8.25 -1.11625e-17 -9.81604e-18 -8.46956e-18 6.03555e-21 -0.000287611 -3.7402e-05 -0.000323516 -3.7402e-05
8.26 -1.11431e-17 -9.80635e-18 -8.4502e-18 -3.65287e-21 -0.000287128 -3.7402e-05 -0.000323034 -3.7402e-05
8.27 -1.10851e-17 -9.77732e-18 -8.39217e-18 -3.26847e-20 -0.000285442 -3.7402e-05 -0.000321348 -3.7402e-05
8.28 -1.09886e-17 -9.72905e-18 -8.2957e-18 -8.09453e-20 -0.000282558 -3.7402e-05 -0.000318464 -3.7402e-05
8.29 -1.08541e-17 -9.66176e-18 -8.16119e-18 -1.48244e-19 -0.000278489 -3.7402e-05 -0.000314395 -3.7402e-05
8.3 -1.06821e-17 -9.57568e-18 -7.98915e-18 -2.34316e-19 -0.000273249 -3.7402e-05 -0.000309155 -3.7402e-05
8.31 -1.04732e-17 -9.47118e-18 -7.78026e-18 -3.38821e-19 -0.000266861 -3.7402e-05 -0.000302767 -3.7402e-05
8.32 -1.02283e-17 -9.34865e-18 -7.53536e-18 -4.61346e-19 -0.000259348 -3.7402e-05 -0.000295254 -3.7402e-05
8.33 -9.94835e-18 -9.20859e-18 -7.25541e-18 -6.01408e-19 -0.000250741 -3.7402e-05 -0.000286647 -3.7402e-05
8.34 -9.63444e-18 -9.05154e-18 -6.9415e-18 -7.58455e-19 -0.000241073 -3.7402e-05 -0.000276979 -3.7402e-05
8.35 -9.28783e-18 -8.87813e-18 -6.59489e-18 -9.31866e-19 -0.000230383 -3.7402e-05 -0.000266289 -3.7402e-05
8.36 -8.90988e-18 -8.68904e-18 -6.21694e-18 -1.12096e-18 -0.000218713 -3.7402e-05 -0.000254619 -3.7402e-05
8.37 -8.50208e-18 -8.48502e-18 -5.80914e-18 -1.32498e-18 -0.00020611 -3.7402e-05 -0.000242015 -3.7402e-05
8.38 -8.06604e-18 -8.26686e-18 -5.3731e-18 -1.54314e-18 -0.000192621 -3.7402e-05 -0.000228527 -3.7402e-05
8.39 -7.60348e-18 -8.03544e-18 -4.91054e-18 -1.77456e-18 -0.000178302 -3.7402e-05 -0.000214208 -3.7402e-05
8.4 -7.11622e-18 -7.79166e-18 -4.42328e-18 -2.01834e-18 -0.000163208 -3.7402e-05 -0.000199114 -3.7402e-05
8.41 -6.6062e-18 -7.5365e-18 -3.91326e-18 -2.2735e-18 -0.0001474 -3.7402e-05 -0.000183306 -3.7402e-05
8.42 -6.07542e-18 -7.27094e-18 -3.38247e-18 -2.53906e-18 -0.000130938 -3.7402e-05 -0.000166844 -3.7402e-05
8.43 -5.52597e-18 -6.99605e-18 -2.83303e-18 -2.81395e-18 -0.00011389 -3.7402e-05 -0.000149795 -3.7402e-05
8.44 -4.96003e-18 -6.71291e-18 -2.26709e-18 -3.09709e-18 -9.63203e-05 -3.7402e-05 -0.000132226 -3.7402e-05
8.45 -4.37983e-18 -6.42263e-18 -1.68689e-18 -3.38737e-18 -7.83002e-05 -3.7402e-05 -0.000114206 -3.7402e-05
8.46 -3.78766e-18 -6.12636e-18 -1.09471e-18 -3.68364e-18 -5.99001e-05 -3.7402e-05 -9.5806e-05 -3.7402e-05
8.47 -3.18585e-18 -5.82527e-18 -4.92908e-19 -3.98473e-18 -4.11928e-05 -3.7402e-05 -7.70987e-05 -3.7402e-05
8.48 -2.57678e-18 -5.52055e-18 1.16157e-19 -4.28945e-18 -2.22521e-05 -3.7402e-05 -5.81579e-05 -3.7402e-05
8.49 -1.96286e-18 -5.2134e-18 7.30079e-19 -4.5966e-18 -3.15266e-06 -3.7402e-05 -3.90585e-05 -3.7402e-05
8.5 -1.34651e-18 -4.90504e-18 1.34643e-18 -4.90496e-18 1.603e-05 -3.7402e-05 -1.98758e-05 -3.7402e-05
8.51 -7.30155e-19 -4.59667e-18 1.96279e-18 -5.21333e-18 3.52203e-05 -3.7402e-05 -6.85565e-07 -3.7402e-05
8.52 -1.16233e-19 -4.28952e-18 2.57671e-18 -5.52048e-18 5.43425e-05 -3.7402e-05 1.84366e-05 -3.7402e-05
8.53 4.92834e-19 -3.9848e-18 3.18577e-18 -5.8252e-18 7.3321e-05 -3.7402e-05 3.74151e-05 -3.7402e-05
8.54 1.09464e-18 -3.68371e-18 3.78758e-18 -6.12629e-18 9.2081e-05 -3.7402e-05 5.61751e-05 -3.7402e-05
8.55 1.68682e-18 -3.38744e-18 4.37976e-18 -6.42256e-18 0.000110548 -3.7402e-05 7.46426e-05 -3.7402e-05
8.56 2.26702e-18 -3.09716e-18 4.95996e-18 -6.71284e-18 0.00012865 -3.7402e-05 9.27446e-05 -3.7402e-05
8.57 2.83296e-18 -2.81402e-18 5.5259e-18 -6.99598e-18 0.000146316 -3.7402e-05 0.00011041 -3.7402e-05
8.58 3.38241e-18 -2.53912e-18 6.07535e-18 -7.27088e-18 0.000163474 -3.7402e-05 0.000127568 -3.7402e-05
8.59 3.91319e-18 -2.27357e-18 6.60613e-18 -7.53643e-18 0.000180058 -3.7402e-05 0.000144153 -3.7402e-05
8.6 4.42322e-18 -2.0184e-18 7.11616e-18 -7.7916e-18 0.000196003 -3.7402e-05 0.000160097 -3.7402e-05
8.61 4.91048e-18 -1.77462e-18 7.60342e-18 -8.03538e-18 0.000211245 -3.7402e-05 0.000175339 -3.7402e-05
8.62 5.37304e-18 -1.54319e-18 8.06598e-18 -8.26681e-18 0.000225724 -3.7402e-05 0.000189818 -3.7402e-05
8.63 5.80909e-18 -1.32504e-18 8.50203e-18 -8.48496e-18 0.000239383 -3.7402e-05 0.000203477 -3.7402e-05
8.64 6.21689e-18 -1.12101e-18 8.90983e-18 -8.68899e-18 0.000252168 -3.7402e-05 0.000216262 -3.7402e-05
8.65 6.59485e-18 -9.31911e-19 9.28779e-18 -8.87809e-18 0.000264029 -3.7402e-05 0.000228123 -3.7402e-05
8.66 6.94146e-18 -7.58496e-19 9.6344e-18 -9.0515e-18 0.000274918 -3.7402e-05 0.000239012 -3.7402e-05
8.67 7.25537e-18 -6.01445e-19 9.94831e-18 -9.20855e-18 0.000284794 -3.7402e-05 0.000248888 -3.7402e-05
8.68 7.53533e-18 -4.61378e-19 1.02283e-17 -9.34862e-18 0.000293616 -3.7402e-05 0.00025771 -3.7402e-05
8.69 7.78023e-18 -3.38849e-19 1.04732e-17 -9.47115e-18 0.000301351 -3.7402e-05 0.000265445 -3.7402e-05
8.7 7.98912e-18 -2.34339e-19 1.06821e-17 -9.57566e-18 0.000307967 -3.7402e-05 0.000272061 -3.7402e-05
8.71 8.16117e-18 -1.48263e-19 1.08541e-17 -9.66174e-18 0.000313438 -3.7402e-05 0.000277532 -3.7402e-05
8.72 8.29569e-18 -8.09595e-20 1.09886e-17 -9.72904e-18 0.000317744 -3.7402e-05 0.000281838 -3.7402e-05
8.73 8.39216e-18 -3.26942e-20 1.10851e-17 -9.77731e-18 0.000320866 -3.7402e-05 0.00028496 -3.7402e-05
8.74 8.45019e-18 -3.65764e-21 1.11431e-17 -9.80634e-18 0.000322793 -3.7402e-05 0.000286887 -3.7402e-05
8.75 8.46956e-18 6.03555e-21 1.11625e-17 -9.81604e-18 0.000323516 -3.7402e-05 0.000287611 -3.7402e-05
8.76 8.4502e-18 -3.65287e-21 1.11431e-17 -9.80635e-18 0.000323034 -3.7402e-05 0.000287128 -3.7402e-05
8.77 8.39217e-18 -3.26847e-20 1.10851e-17 -9.77732e-18 0.000321348 -3.7402e-05 0.000285442 -3.7402e-05
8.78 8.2957e-18 -8.09453e-20 1.09886e-17 -9.72905e-18 0.000318464 -3.7402e-05 0.000282558 -3.7402e-05
8.79 8.16119e-18 -1.48244e-19 1.08541e-17 -9.66176e-18 0.000314395 -3.7402e-05 0.000278489 -3.7402e-05
8.8 7.98915e-18 -2.34316e-19 1.06821e-17 -9.57568e-18 0.000309155 -3.7402e-05 0.000273249 -3.7402e-05
8.81 7.78026e-18 -3.38821e-19 1.04732e-17 -9.47118e-18 0.000302767 -3.7402e-05 0.000266861 -3.7402e-05
8.82 7.53536e-18 -4.61346e-19 1.02283e-17 -9.34865e-18 0.000295254 -3.7402e-05 0.000259348 -3.7402e-05
8.83 7.25541e-18 -6.01408e-19 9.94835e-18 -9.20859e-18 0.000286647 -3.7402e-05 0.000250741 -3.7402e-05
8.84 6.9415e-18 -7.58455e-19 9.63444e-18 -9.05154e-18 0.000276979 -3.7402e-05 0.000241073 -3.7402e-05
8.85 6.59489e-18 -9.31866e-19 9.28783e-18 -8.87813e-18 0.000266289 -3.7402e-05 0.000230383 -3.7402e-05
8.86 6.21694e-18 -1.12096e-18 8.90988e-18 -8.68904e-18 0.000254619 -3.7402e-05 0.000218713 -3.7402e-05
8.87 5.80914e-18 -1.32498e-18 8.50208e-18 -8.48502e-18 0.000242015 -3.7402e-05 0.00020611 -3.7402e-05
8.88 5.3731e-18 -1.54314e-18 8.06604e-18 -8.26686e-18 0.000228527 -3.7402e-05 0.000192621 -3.7402e-05
8.89 4.91054e-18 -1.77456e-18 7.60348e-18 -8.03544e-18 0.000214208 -3.7402e-05 0.000178302 -3.7402e-05
8.9 4.42328e-18 -2.01834e-18 7.11622e-18 -7.79166e-18 0.000199114 -3.7402e-05 0.000163208 -3.7402e-05
8.91 3.91326e-18 -2.2735e-18 6.6062e-18 -7.5365e-18 0.000183306 -3.7402e-05 0.0001474 -3.7402e-05
8.92 3.38247e-18 -2.53906e-18 6.07542e-18 -7.27094e-18 0.000166844 -3.7402e-05 0.000130938 -3.7402e-05
8.93 2.83303e-18 -2.81395e-18 5.52597e-18 -6.99605e-18 0.000149795 -3.7402e-05 0.00011389 -3.7402e-05
8.94 2.26709e-18 -3.09709e-18 4.96003e-18 -6.71291e-18 0.000132226 -3.7402e-05 9.63203e-05 -3.7402e-05
8.95 1.68689e-18 -3.38737e-18 4.37983e-18 -6.42263e-18 0.000114206 -3.7402e-05 7.83002e-05 -3.7402e-05
8.96 1.09471e-18 -3.68364e-18 3.78766e-18 -6.12636e-18 9.5806e-05 -3.7402e-05 5.99001e-05 -3.7402e-05
8.97 4.92908e-19 -3.98473e-18 3.18585e-18 -5.82527e-18 7.70987e-05 -3.7402e-05 4.11928e-05 -3.7402e-05
8.98 -1.16157e-19 -4.28945e-18 2.57678e-18 -5.52055e-18 5.81579e-05 -3.7402e-05 2.22521e-05 -3.7402e-05
8.99 -7.30079e-19 -4.5966e-18 1.96286e-18 -5.2134e-18 3.90585e-05 -3.7402e-05 3.15266e-06 -3.7402e-05
9 -1.34643e-18 -4.90496e-18 1.34651e-18 -4.90504e-18 1.98758e-05 -3.7402e-05 -1.603e-05 -3.7402e-05
9.01 -1.96279e-18 -5.21333e-18 7.30155e-19 -4.59667e-18 6.85565e-07 -3.7402e-05 -3.52203e-05 -3.7402e-05
9.02 -2.57671e-18 -5.52048e-18 1.16233e-19 -4.28952e-18 -1.84366e-05 -3.7402e-05 -5.43425e-05 -3.7402e-05
9.03 -3.18577e-18 -5.8252e-18 -4.92834e-19 -3.9848e-18 -3.74151e-05 -3.7402e-05 -7.3321e-05 -3.7402e-05
9.04 -3.78758e-18 -6.12629e-18 -1.09464e-18 -3.68371e-18 -5.61751e-05 -3.7402e-05 -9.2081e-05 -3.7402e-05
9.05 -4.37976e-18 -6.42256e-18 -1.68682e-18 -3.38744e-18 -7.46426e-05 -3.7402e-05 -0.000110548 -3.7402e-05
9.06 -4.95996e-18 -6.71284e-18 -2.26702e-18 -3.09716e-18 -9.27446e-05 -3.7402e-05 -0.00012865 -3.7402e-05
9.07 -5.5259e-18 -6.99598e-18 -2.83296e-18 -2.81402e-18 -0.00011041 -3.7402e-05 -0.000146316 -3.7402e-05
9.08 -6.07535e-18 -7.27088e-18 -3.38241e-18 -2.53912e-18 -0.000127568 -3.7402e-05 -0.000163474 -3.7402e-05
9.09 -6.60613e-18 -7.53643e-18 -3.91319e-18 -2.27357e-18 -0.000144153 -3.7402e-05 -0.000180058 -3.7402e-05
9.1 -7.11616e-18 -7.7916e-18 -4.42322e-18 -2.0184e-18 -0.000160097 -3.7402e-05 -0.000196003 -3.7402e-05
9.11 -7.60342e-18 -8.03538e-18 -4.91048e-18 -1.77462e-18 -0.000175339 -3.7402e-05 -0.000211245 -3.7402e-05
9.12 -8.06598e-18 -8.26681e-18 -5.37304e-18 -1.54319e-18 -0.000189818 -3.7402e-05 -0.000225724 -3.7402e-05
9.13 -8.50203e-18 -8.48496e-18 -5.80909e-18 -1.32504e-18 -0.000203477 -3.7402e-05 -0.000239383 -3.7402e-05
9.14 -8.90983e-18 -8.68899e-18 -6.21689e-18 -1.12101e-18 -0.000216262 -3.7402e-05 -0.000252168 -3.7402e-05
9.15 -9.28779e-18 -8.87809e-18 -6.59485e-18 -9.31911e-19 -0.000228123 -3.7402e-05 -0.000264029 -3.7402e-05
9.16 -9.6344e-18 -9.0515e-18 -6.94146e-18 -7.58496e-19 -0.000239012 -3.7402e-05 -0.000274918 -3.7402e-05
9.17 -9.94831e-18 -9.20855e-18 -7.25537e-18 -6.01445e-19 -0.000248888 -3.7402e-05 -0.000284794 -3.7402e-05
9.18 -1.02283e-17 -9.34862e-18 -7.53533e-18 -4.61378e-19 -0.00025771 -3.7402e-05 -0.000293616 -3.7402e-05
9.19 -1.04732e-17 -9.47115e-18 -7.78023e-18 -3.38849e-19 -0.000265445 -3.7402e-05 -0.000301351 -3.7402e-05
9.2 -1.06821e-17 -9.57566e-18 -7.98912e-18 -2.34339e-19 -0.000272061 -3.7402e-05 -0.000307967 -3.7402e-05
9.21 -1.08541e-17 -9.66174e-18 -8.16117e-18 -1.48263e-19 -0.000277532 -3.7402e-05 -0.000313438 -3.7402e-05
9.22 -1.09886e-17 -9.72904e-18 -8.29569e-18 -8.09595e-20 -0.000281838 -3.7402e-05 -0.000317744 -3.7402e-05
9.23 -1.10851e-17 -9.77731e-18 -8.39216e-18 -3.26942e-20 -0.00028496 -3.7402e-05 -0.000320866 -3.7402e-05
9.24 -1.11431e-17 -9.80634e-18 -8.45019e-18 -3.65764e-21 -0.000286887 -3.7402e-05 -0.000322793 -3.7402e-05
9.25 -1.11625e-17 -9.81604e-18 -8.46956e-18 6.03555e-21 -0.000287611 -3.7402e-05 -0.000323516 -3.7402e-05
9.26 -1.11431e-17 -9.80635e-18 -8.4502e-18 -3.65287e-21 -0.000287128 -3.7402e-05 -0.000323034 -3.7402e-05
9.27 -1.10851e-17 -9.77732e-18 -8.39217e-18 -3.26847e-20 -0.000285442 -3.7402e-05 -0.000321348 -3.7402e-05
9.28 -1.09886e-17 -9.72905e-18 -8.2957e-18 -8.09453e-20 -0.000282558 -3.7402e-05 -0.000318464 -3.7402e-05
9.29 -1.08541e-17 -9.66176e-18 -8.16119e-18 -1.48244e-19 -0.000278489 -3.7402e-05 -0.000314395 -3.7402e-05
9.3 -1.06821e-17 -9.57568e-18 -7.98915e-18 -2.34316e-19 -0.000273249 -3.7402e-05 -0.000309155 -3.7402e-05
9.31 -1.04732e-17 -9.47118e-18 -7.78026e-18 -3.38821e-19 -0.000266861 -3.7402e-05 -0.000302767 -3.7402e-05
9.32 -1.02283e-17 -9.34865e-18 -7.53536e-18 -4.61346e-19 -0.000259348 -3.7402e-05 -0.000295254 -3.7402e-05
9.33 -9.94835e-18 -9.20859e-18 -7.25541e-18 -6.01408e-19 -0.000250741 -3.7402e-05 -0.000286647 -3.7402e-05
9.34 -9.63444e-18 -9.05154e-18 -6.9415e-18 -7.58455e-19 -0.000241073 -3.7402e-05 -0.000276979 -3.7402e-05
9.35 -9.28783e-18 -8.87813e-18 -6.59489e-18 -9.31866e-19 -0.000230383 -3.7402e-05 -0.000266289 -3.7402e-05
9.36 -8.90988e-18 -8.68904e-18 -6.21694e-18 -1.12096e-18 -0.000218713 -3.7402e-05 -0.000254619 -3.7402e-05
9.37 -8.50208e-18 -8.48502e-18 -5.80914e-18 -1.32498e-18 -0.00020611 -3.7402e-05 -0.000242015 -3.7402e-05
9.38 -8.06604e-18 -8.26686e-18 -5.3731e-18 -1.54314e-18 -0.000192621 -3.7402e-05 -0.000228527 -3.7402e-05
9.39 -7.60348e-18 -8.03544e-18 -4.91054e-18 -1.77456e-18 -0.000178302 -3.7402e-05 -0.000214208 -3.7402e-05
9.4 -7.11622e-18 -7.79166e-18 -4.42328e-18 -2.01834e-18 -0.000163208 -3.7402e-05 -0.000199114 -3.7402e-05
9.41 -6.6062e-18 -7.5365e-18 -3.91326e-18 -2.2735e-18 -0.0001474 -3.7402e-05 -0.000183306 -3.7402e-05
9.42 -6.07542e-18 -7.27094e-18 -3.38247e-18 -2.53906e-18 -0.000130938 -3.7402e-05 -0.000166844 -3.7402e-05
9.43 -5.52597e-18 -6.99605e-18 -2.83303e-18 -2.81395e-18 -0.00011389 -3.7402e-05 -0.000149795 -3.7402e-05
9.44 -4.96003e-18 -6.71291e-18 -2.26709e-18 -3.09709e-18 -9.63203e-05 -3.7402e-05 -0.000132226 -3.7402e-05
9.45 -4.37983e-18 -6.42263e-18 -1.68689e-18 -3.38737e-18 -7.83002e-05 -3.7402e-05 -0.000114206 -3.7402e-05
9.46 -3.78766e-18 -6.12636e-18 -1.09471e-18 -3.68364e-18 -5.99001e-05 -3.7402e-05 -9.5806e-05 -3.7402e-05
9.47 -3.18585e-18 -5.82527e-18 -4.92908e-19 -3.98473e-18 -4.11928e-05 -3.7402e-05 -7.70987e-05 -3.7402e-05
9.48 -2.57678e-18 -5.52055e-18 1.16157e-19 -4.28945e-18 -2.22521e-05 -3.7402e-05 -5.81579e-05 -3.7402e-05
9.49 -1.96286e-18 -5.2134e-18 7.30079e-19 -4.5966e-18 -3.15266e-06 -3.7402e-05 -3.90585e-05 -3.7402e-05
9.5 -1.34651e-18 -4.90504e-18 1.34643e-18 -4.90496e-18 1.603e-05 -3.7402e-05 -1.98758e-05 -3.7402e-05
9.51 -7.30155e-19 -4.59667e-18 1.96279e-18 -5.21333e-18 3.52203e-05 -3.7402e-05 -6.85565e-07 -3.7402e-05
9.52 -1.16233e-19 -4.28952e-18 2.57671e-18 -5.52048e-18 5.43425e-05 -3.7402e-05 1.84366e-05 -3.7402e-05
9.53 4.92834e-19 -3.9848e-18 3.18577e-18 -5.8252e-18 7.3321e-05 -3.7402e-05 3.74151e-05 -3.7402e-05
9.54 1.09464e-18 -3.68371e-18 3.78758e-18 -6.12629e-18 9.2081e-05 -3.7402e-05 5.61751e-05 -3.7402e-05
9.55 1.68682e-18 -3.38744e-18 4.37976e-18 -6.42256e-18 0.000110548 -3.7402e-05 7.46426e-05 -3.7402e-05
9.56 2.26702e-18 -3.09716e-18 4.95996e-18 -6.71284e-18 0.00012865 -3.7402e-05 9.27446e-05 -3.7402e-05
9.57 2.83296e-18 -2.81402e-18 5.5259e-18 -6.99598e-18 0.000146316 -3.7402e-05 0.00011041 -3.7402e-05
9.58 3.38241e-18 -2.53912e-18 6.07535e-18 -7.27088e-18 0.000163474 -3.7402e-05 0.000127568 -3.7402e-05
9.59 3.91319e-18 -2.27357e-18 6.60613e-18 -7.53643e-18 0.000180058 -3.7402e-05 0.000144153 -3.7402e-05
9.6 4.42322e-18 -2.0184e-18 7.11616e-18 -7.7916e-18 0.000196003 -3.7402e-05 0.000160097 -3.7402e-05
9.61 4.91048e-18 -1.77462e-18 7.60342e-18 -8.03538e-18 0.000211245 -3.7402e-05 0.000175339 -3.7402e-05
9.62 5.37304e-18 -1.54319e-18 8.06598e-18 -8.26681e-18 0.000225724 -3.7402e-05 0.000189818 -3.7402e-05
9.63 5.80909e-18 -1.32504e-18 8.50203e-18 -8.48496e-18 0.000239383 -3.7402e-05 0.000203477 -3.7402e-05
9.64 6.21689e-18 -1.12101e-18 8.90983e-18 -8.68899e-18 0.000252168 -3.7402e-05 0.000216262 -3.7402e-05
9.65 6.59485e-18 -9.31911e-19 9.28779e-18 -8.87809e-18 0.000264029 -3.7402e-05 0.000228123 -3.7402e-05
9.66 6.94146e-18 -7.58496e-19 9.6344e-18 -9.0515e-18 0.000274918 -3.7402e-05 0.000239012 -3.7402e-05
9.67 7.25537e-18 -6.01445e-19 9.94831e-18 -9.20855e-18 0.000284794 -3.7402e-05 0.000248888 -3.7402e-05
9.68 7.53533e-18 -4.61378e-19 1.02283e-17 -9.34862e-18 0.000293616 -3.7402e-05 0.00025771 -3.7402e-05
9.69 7.78023e-18 -3.38849e-19 1.04732e-17 -9.47115e-18 0.000301351 -3.7402e-05 0.000265445 -3.7402e-05
9.7 7.98912e-18 -2.34339e-19 1.06821e-17 -9.57566e-18 0.000307967 -3.7402e-05 0.000272061 -3.7402e-05
9.71 8.16117e-18 -1.48263e-19 1.08541e-17 -9.66174e-18 0.000313438 -3.7402e-05 0.000277532 -3.7402e-05
9.72 8.29569e-18 -8.09595e-20 1.09886e-17 -9.72904e-18 0.000317744 -3.7402e-05 0.000281838 -3.7402e-05
9.73 8.39216e-18 -3.26942e-20 1.10851e-17 -9.77731e-18 0.000320866 -3.7402e-05 0.00028496 -3.7402e-05
9.74 8.45019e-18 -3.65764e-21 1.11431e-17 -9.80634e-18 0.000322793 -3.7402e-05 0.000286887 -3.7402e-05
9.75 8.46956e-18 6.03555e-21 1.11625e-17 -9.81604e-18 0.000323516 -3.7402e-05 0.000287611 -3.7402e-05
9.76 8.4502e-18 -3.65287e-21 1.11431e-17 -9.80635e-18 0.000323034 -3.7402e-05 0.000287128 -3.7402e-05
9.77 8.39217e-18 -3.26847e-20 1.10851e-17 -9.77732e-18 0.000321348 -3.7402e-05 0.000285442 -3.7402e-05
9.78 8.2957e-18 -8.09453e-20 1.09886e-17 -9.72905e-18 0.000318464 -3.7402e-05 0.000282558 -3.7402e-05
9.79 8.16119e-18 -1.48244e-19 1.08541e-17 -9.66176e-18 0.000314395 -3.7402e-05 0.000278489 -3.7402e-05
9.8 7.98915e-18 -2.34316e-19 1.06821e-17 -9.57568e-18 0.000309155 -3.7402e-05 0.000273249 -3.7402e-05
9.81 7.78026e-18 -3.38821e-19 1.04732e-17 -9.47118e-18 0.000302767 -3.7402e-05 0.000266861 -3.7402e-05
9.82 7.53536e-18 -4.61346e-19 1.02283e-17 -9.34865e-18 0.000295254 -3.7402e-05 0.000259348 -3.7402e-05
9.83 7.25541e-18 -6.01408e-19 9.94835e-18 -9.20859e-18 0.000286647 -3.7402e-05 0.000250741 -3.7402e-05
9.84 6.9415e-18 -7.58455e-19 9.63444e-18 -9.05154e-18 0.000276979 -3.7402e-05 0.000241073 -3.7402e-05
9.85 6.59489e-18 -9.31866e-19 9.28783e-18 -8.87813e-18 0.000266289 -3.7402e-05 0.000230383 -3.7402e-05
9.86 6.21694e-18 -1.12096e-18 8.90988e-18 -8.68904e-18 0.000254619 -3.7402e-05 0.000218713 -3.7402e-05
9.87 5.80914e-18 -1.32498e-18 8.50208e-18 -8.48502e-18 0.000242015 -3.7402e-05 0.00020611 -3.7402e-05
9.88 5.3731e-18 -1.54314e-18 8.06604e-18 -8.26686e-18 0.000228527 -3.7402e-05 0.000192621 -3.7402e-05
9.89 4.91054e-18 -1.77456e-18 7.60348e-18 -8.03544e-18 0.000214208 -3.7402e-05 0.000178302 -3.7402e-05
9.9 4.42328e-18 -2.01834e-18 7.11622e-18 -7.79166e-18 0.000199114 -3.7402e-05 0.000163208 -3.7402e-05
9.91 3.91326e-18 -2.2735e-18 6.6062e-18 -7.5365e-18 0.000183306 -3.7402e-05 0.0001474 -3.7402e-05
9.92 3.38247e-18 -2.53906e-18 6.07542e-18 -7.27094e-18 0.000166844 -3.7402e-05 0.000130938 -3.7402e-05
9.93 2.83303e-18 -2.81395e-18 5.52597e-18 -6.99605e-18 0.000149795 -3.7402e-05 0.00011389 -3.7402e-05
9.94 2.26709e-18 -3.09709e-18 4.96003e-18 -6.71291e-18 0.000132226 -3.7402e-05 9.63203e-05 -3.7402e-05
9.95 1.68689e-18 -3.38737e-18 4.37983e-18 -6.42263e-18 0.000114206 -3.7402e-05 7.83002e-05 -3.7402e-05
9.96 1.09471e-18 -3.68364e-18 3.78766e-18 -6.12636e-18 9.5806e-05 -3.7402e-05 5.99001e-05 -3.7402e-05
9.97 4.92908e-19 -3.98473e-18 3.18585e-18 -5.82527e-18 7.70987e-05 -3.7402e-05 4.11928e-05 -3.7402e-05
9.98 -1.16157e-19 -4.28945e-18 2.57678e-18 -5.52055e-18 5.81579e-05 -3.7402e-05 2.22521e-05 -3.7402e-05
9.99 -7.30079e-19 -4.5966e-18 1.96286e-18 -5.2134e-18 3.90585e-05 -3.7402e-05 3.15266e-06 -3.7402e-05
10 -1.34643e-18 -4.90496e-18 1.34651e-18 -4.90504e-18 1.98758e-05 -3.7402e-05 -1.603e-05 -3.7402e-05
10.01 -1.50361e-18 -5.06213e-18 1.18934e-18 -4.74787e-18 8.52525e-06 -3.7402e-05 -2.73806e-05 -3.7402e-05
10.02 -1.37793e-18 -4.93646e-18 1.31501e-18 -4.87354e-18 1.44592e-05 -3.7402e-05 -2.14467e-05 -3.7402e-05
10.03 -1.22134e-18 -4.77987e-18 1.4716e-18 -5.03013e-18 2.51392e-05 -3.7402e-05 -1.07667e-05 -3.7402e-05
10.04 -1.29513e-18 -4.85366e-18 1.39781e-18 -4.95634e-18 2.23123e-05 -3.7402e-05 -1.35936e-05 -3.7402e-05
10.05 -1.44086e-18 -4.99939e-18 1.25208e-18 -4.81061e-18 1.28145e-05 -3.7402e-05 -2.30914e-05 -3.7402e-05
10.06 -1.40828e-18 -4.96681e-18 1.28466e-18 -4.84319e-18 1.32793e-05 -3.7402e-05 -2.26266e-05 -3.7402e-05
10.07 -1.27989e-18 -4.83842e-18 1.41305e-18 -4.97158e-18 2.13158e-05 -3.7402e-05 -1.45901e-05 -3.7402e-05
10.08 -1.28146e-18 -4.83999e-18 1.41149e-18 -4.97001e-18 2.25344e-05 -3.7402e-05 -1.33715e-05 -3.7402e-05
10.09 -1.38915e-18 -4.94768e-18 1.30379e-18 -4.86232e-18 1.60567e-05 -3.7402e-05 -1.98492e-05 -3.7402e-05
10.1 -1.40938e-18 -4.96791e-18 1.28356e-18 -4.84209e-18 1.37419e-05 -3.7402e-05 -2.2164e-05 -3.7402e-05
10.11 -1.32336e-18 -4.88189e-18 1.36959e-18 -4.92811e-18 1.86967e-05 -3.7402e-05 -1.72092e-05 -3.7402e-05
10.12 -1.28923e-18 -4.84776e-18 1.40371e-18 -4.96224e-18 2.16236e-05 -3.7402e-05 -1.42822e-05 -3.7402e-05
10.13 -1.35435e-18 -4.91288e-18 1.33859e-18 -4.89712e-18 1.8065e-05 -3.7402e-05 -1.78409e-05 -3.7402e-05
10.14 -1.39592e-18 -4.95445e-18 1.29702e-18 -4.85555e-18 1.49053e-05 -3.7402e-05 -2.10006e-05 -3.7402e-05
10.15 -1.34977e-18 -4.9083e-18 1.34317e-18 -4.9017e-18 1.72497e-05 -3.7402e-05 -1.86562e-05 -3.7402e-05
10.16 -1.30577e-18 -4.8643e-18 1.38717e-18 -4.9457e-18 2.03612e-05 -3.7402e-05 -1.55447e-05 -3.7402e-05
10.17 -1.33557e-18 -4.8941e-18 1.35737e-18 -4.9159e-18 1.90228e-05 -3.7402e-05 -1.68831e-05 -3.7402e-05
10.18 -1.37833e-18 -4.93686e-18 1.31461e-18 -4.87314e-18 1.61527e-05 -3.7402e-05 -1.97532e-05 -3.7402e-05
10.19 -1.36196e-18 -4.92049e-18 1.33099e-18 -4.88951e-18 1.66981e-05 -3.7402e-05 -1.92078e-05 -3.7402e-05
10.2 -1.32292e-18 -4.88145e-18 1.37002e-18 -4.92855e-18 1.92076e-05 -3.7402e-05 -1.66983e-05 -3.7402e-05
10.21 -1.32881e-18 -4.88734e-18 1.36413e-18 -4.92266e-18 1.92534e-05 -3.7402e-05 -1.66525e-05 -3.7402e-05
10.22 -1.36263e-18 -4.92116e-18 1.33031e-18 -4.88884e-18 1.71637e-05 -3.7402e-05 -1.87422e-05 -3.7402e-05
10.23 -1.36447e-18 -4.923e-18 1.32847e-18 -4.887e-18 1.67075e-05 -3.7402e-05 -1.91984e-05 -3.7402e-05
10.24 -1.33655e-18 -4.89508e-18 1.35639e-18 -4.91492e-18 1.8364e-05 -3.7402e-05 -1.75419e-05 -3.7402e-05
10.25 -1.32943e-18 -4.88796e-18 1.36351e-18 -4.92204e-18 1.90768e-05 -3.7402e-05 -1.68291e-05 -3.7402e-05
10.26 -1.35136e-18 -4.90989e-18 1.34158e-18 -4.90011e-18 1.78339e-05 -3.7402e-05 -1.80719e-05 -3.7402e-05
10.27 -1.3617e-18 -4.92023e-18 1.33124e-18 -4.88977e-18 1.69892e-05 -3.7402e-05 -1.89167e-05 -3.7402e-05
10.28 -1.34543e-18 -4.90396e-18 1.34751e-18 -4.90604e-18 1.78597e-05 -3.7402e-05 -1.80462e-05 -3.7402e-05
10.29 -1.33352e-18 -4.89205e-18 1.35942e-18 -4.91795e-18 1.87404e-05 -3.7402e-05 -1.71655e-05 -3.7402e-05
10.3 -1.34475e-18 -4.90328e-18 1.34819e-18 -4.90672e-18 1.81884e-05 -3.7402e-05 -1.77175e-05 -3.7402e-05
10.31 -1.35695e-18 -4.91548e-18 1.33599e-18 -4.89452e-18 1.73415e-05 -3.7402e-05 -1.85644e-05 -3.7402e-05
10.32 -1.35e-18 -4.90853e-18 1.34294e-18 -4.90147e-18 1.76337e-05 -3.7402e-05 -1.82722e-05 -3.7402e-05
10.33 -1.33841e-18 -4.89694e-18 1.35453e-18 -4.91306e-18 1.84005e-05 -3.7402e-05 -1.75054e-05 -3.7402e-05
10.34 -1.3419e-18 -4.90043e-18 1.35104e-18 -4.90957e-18 1.83094e-05 -3.7402e-05 -1.75964e-05 -3.7402e-05
10.35 -1.3523e-18 -4.91083e-18 1.34064e-18 -4.89917e-18 1.76499e-05 -3.7402e-05 -1.8256e-05 -3.7402e-05
10.36 -1.35146e-18 -4.90999e-18 1.34148e-18 -4.90001e-18 1.75942e-05 -3.7402e-05 -1.83117e-05 -3.7402e-05
10.37 -1.34259e-18 -4.90112e-18 1.35035e-18 -4.90888e-18 1.81346e-05 -3.7402e-05 -1.77712e-05 -3.7402e-05
10.38 -1.34152e-18 -4.90005e-18 1.35142e-18 -4.90995e-18 1.82893e-05 -3.7402e-05 -1.76165e-05 -3.7402e-05
10.39 -1.34872e-18 -4.90725e-18 1.34422e-18 -4.90275e-18 1.78683e-05 -3.7402e-05 -1.80376e-05 -3.7402e-05
10.4 -1.35106e-18 -4.90959e-18 1.34188e-18 -4.90041e-18 1.76547e-05 -3.7402e-05 -1.82512e-05 -3.7402e-05
10.41 -1.3455e-18 -4.90403e-18 1.34744e-18 -4.90597e-18 1.79641e-05 -3.7402e-05 -1.79418e-05 -3.7402e-05
10.42 -1.34244e-18 -4.90097e-18 1.3505e-18 -4.90903e-18 1.82047e-05 -3.7402e-05 -1.77012e-05 -3.7402e-05
10.43 -1.34647e-18 -4.905e-18 1.34647e-18 -4.905e-18 1.79939e-05 -3.7402e-05 -1.79119e-05 -3.7402e-05
10.44 -1.34984e-18 -4.90837e-18 1.3431e-18 -4.90163e-18 1.77506e-05 -3.7402e-05 -1.81553e-05 -3.7402e-05
10.45 -1.34714e-18 -4.90567e-18 1.3458e-18 -4.90433e-18 1.78782e-05 -3.7402e-05 -1.80277e-05 -3.7402e-05
10.46 -1.34379e-18 -4.90231e-18 1.34916e-18 -4.90769e-18 1.81072e-05 -3.7402e-05 -1.77987e-05 -3.7402e-05
10.47 -1.34537e-18 -4.9039e-18 1.34757e-18 -4.9061e-18 1.80463e-05 -3.7402e-05 -1.78596e-05 -3.7402e-05
10.48 -1.3485e-18 -4.90703e-18 1.34444e-18 -4.90297e-18 1.78426e-05 -3.7402e-05 -1.80633e-05 -3.7402e-05
10.49 -1.34779e-18 -4.90632e-18 1.34515e-18 -4.90368e-18 1.78528e-05 -3.7402e-05 -1.80531e-05 -3.7402e-05
10.5 -1.34504e-18 -4.90357e-18 1.3479e-18 -4.90643e-18 1.80252e-05 -3.7402e-05 -1.78807e-05 -3.7402e-05
10.51 -1.34508e-18 -4.90361e-18 1.34786e-18 -4.90639e-18 1.80512e-05 -3.7402e-05 -1.78547e-05 -3.7402e-05
10.52 -1.34739e-18 -4.90592e-18 1.34555e-18 -4.90408e-18 1.79122e-05 -3.7402e-05 -1.79937e-05 -3.7402e-05
10.53 -1.34782e-18 -4.90635e-18 1.34512e-18 -4.90365e-18 1.78626e-05 -3.7402e-05 -1.80433e-05 -3.7402e-05
10.54 -1.34597e-18 -4.9045e-18 1.34697e-18 -4.9055e-18 1.7969e-05 -3.7402e-05 -1.79369e-05 -3.7402e-05
10.55 -1.34524e-18 -4.90377e-18 1.3477e-18 -4.90623e-18 1.80317e-05 -3.7402e-05 -1.78742e-05 -3.7402e-05
10.56 -1.34664e-18 -4.90517e-18 1.3463e-18 -4.90483e-18 1.79553e-05 -3.7402e-05 -1.79506e-05 -3.7402e-05
10.57 -1.34753e-18 -4.90606e-18 1.34541e-18 -4.90394e-18 1.78875e-05 -3.7402e-05 -1.80183e-05 -3.7402e-05
10.58 -1.34654e-18 -4.90507e-18 1.3464e-18 -4.90493e-18 1.79379e-05 -3.7402e-05 -1.7968e-05 -3.7402e-05
10.59 -1.3456e-18 -4.90413e-18 1.34734e-18 -4.90587e-18 1.80046e-05 -3.7402e-05 -1.79013e-05 -3.7402e-05
10.6 -1.34624e-18 -4.90477e-18 1.3467e-18 -4.90523e-18 1.79758e-05 -3.7402e-05 -1.793e-05 -3.7402e-05
10.61 -1.34715e-18 -4.90568e-18 1.34579e-18 -4.90432e-18 1.79143e-05 -3.7402e-05 -1.79916e-05 -3.7402e-05
10.62 -1.3468e-18 -4.90533e-18 1.34614e-18 -4.90467e-18 1.79261e-05 -3.7402e-05 -1.79798e-05 -3.7402e-05
10.63 -1.34596e-18 -4.90449e-18 1.34698e-18 -4.90551e-18 1.79799e-05 -3.7402e-05 -1.7926e-05 -3.7402e-05
10.64 -1.34609e-18 -4.90462e-18 1.34685e-18 -4.90538e-18 1.79808e-05 -3.7402e-05 -1.79251e-05 -3.7402e-05
10.65 -1.34682e-18 -4.90535e-18 1.34612e-18 -4.90465e-18 1.7936e-05 -3.7402e-05 -1.79699e-05 -3.7402e-05
10.66 -1.34686e-18 -4.90539e-18 1.34608e-18 -4.90461e-18 1.79262e-05 -3.7402e-05 -1.79796e-05 -3.7402e-05
10.67 -1.34626e-18 -4.90479e-18 1.34668e-18 -4.90521e-18 1.79618e-05 -3.7402e-05 -1.79441e-05 -3.7402e-05
10.68 -1.34611e-18 -4.90463e-18 1.34684e-18 -4.90537e-18 1.7977e-05 -3.7402e-05 -1.79288e-05 -3.7402e-05
10.69 -1.34658e-18 -4.90511e-18 1.34637e-18 -4.90489e-18 1.79504e-05 -3.7402e-05 -1.79555e-05 -3.7402e-05
10.7 -1.3468e-18 -4.90533e-18 1.34614e-18 -4.90467e-18 1.79323e-05 -3.7402e-05 -1.79736e-05 -3.7402e-05
10.71 -1.34645e-18 -4.90498e-18 1.34649e-18 -4.90502e-18 1.7951e-05 -3.7402e-05 -1.79549e-05 -3.7402e-05
10.72 -1.34619e-18 -4.90472e-18 1.34675e-18 -4.90528e-18 1.79698e-05 -3.7402e-05 -1.7936e-05 -3.7402e-05
10.73 -1.34643e-18 -4.90496e-18 1.34651e-18 -4.90504e-18 1.7958e-05 -3.7402e-05 -1.79479e-05 -3.7402e-05
10.74 -1.3467e-18 -4.90522e-18 1.34625e-18 -4.90478e-18 1.79398e-05 -3.7402e-05 -1.79661e-05 -3.7402e-05
10.75 -1.34655e-18 -4.90508e-18 1.34639e-18 -4.90492e-18 1.79461e-05 -3.7402e-05 -1.79598e-05 -3.7402e-05
10.76 -1.3463e-18 -4.90483e-18 1.34664e-18 -4.90517e-18 1.79626e-05 -3.7402e-05 -1.79433e-05 -3.7402e-05
10.77 -1.34637e-18 -4.9049e-18 1.34657e-18 -4.9051e-18 1.79606e-05 -3.7402e-05 -1.79453e-05 -3.7402e-05
10.78 -1.3466e-18 -4.90513e-18 1.34635e-18 -4.90487e-18 1.79464e-05 -3.7402e-05 -1.79595e-05 -3.7402e-05
10.79 -1.34658e-18 -4.90511e-18 1.34636e-18 -4.90489e-18 1.79452e-05 -3.7402e-05 -1.79606e-05 -3.7402e-05
10.8 -1.34639e-18 -4.90492e-18 1.34655e-18 -4.90508e-18 1.79568e-05 -3.7402e-05 -1.7949e-05 -3.7402e-05
10.81 -1.34636e-18 -4.90489e-18 1.34658e-18 -4.90511e-18 1.79602e-05 -3.7402e-05 -1.79457e-05 -3.7402e-05
10.82 -1.34652e-18 -4.90505e-18 1.34642e-18 -4.90495e-18 1.79511e-05 -3.7402e-05 -1.79548e-05 -3.7402e-05
10.83 -1.34657e-18 -4.9051e-18 1.34637e-18 -4.9049e-18 1.79465e-05 -3.7402e-05 -1.79593e-05 -3.7402e-05
10.84 -1.34645e-18 -4.90498e-18 1.34649e-18 -4.90502e-18 1.79532e-05 -3.7402e-05 -1.79527e-05 -3.7402e-05
10.85 -1.34638e-18 -4.90491e-18 1.34656e-18 -4.90509e-18 1.79583e-05 -3.7402e-05 -1.79475e-05 -3.7402e-05
10.86 -1.34647e-18 -4.905e-18 1.34647e-18 -4.905e-18 1.79538e-05 -3.7402e-05 -1.79521e-05 -3.7402e-05
10.87 -1.34654e-18 -4.90507e-18 1.3464e-18 -4.90493e-18 1.79486e-05 -3.7402e-05 -1.79573e-05 -3.7402e-05
10.88 -1.34648e-18 -4.90501e-18 1.34646e-18 -4.90499e-18 1.79513e-05 -3.7402e-05 -1.79545e-05 -3.7402e-05
10.89 -1.34641e-18 -4.90494e-18 1.34653e-18 -4.90506e-18 1.79563e-05 -3.7402e-05 -1.79496e-05 -3.7402e-05
10.9 -1.34645e-18 -4.90498e-18 1.34649e-18 -4.90502e-18 1.79549e-05 -3.7402e-05 -1.79509e-05 -3.7402e-05
10.91 -1.34651e-18 -4.90504e-18 1.34643e-18 -4.90496e-18 1.79506e-05 -3.7402e-05 -1.79553e-05 -3.7402e-05
10.92 -1.3465e-18 -4.90503e-18 1.34644e-18 -4.90497e-18 1.79508e-05 -3.7402e-05 -1.79551e-05 -3.7402e-05
10.93 -1.34644e-18 -4.90497e-18 1.3465e-18 -4.90503e-18 1.79545e-05 -3.7402e-05 -1.79514e-05 -3.7402e-05
10.94 -1.34644e-18 -4.90497e-18 1.3465e-18 -4.90503e-18 1.7955e-05 -3.7402e-05 -1.79508e-05 -3.7402e-05
10.95 -1.34649e-18 -4.90502e-18 1.34645e-18 -4.90498e-18 1.79521e-05 -3.7402e-05 -1.79538e-05 -3.7402e-05
10.96 -1.3465e-18 -4.90503e-18 1.34644e-18 -4.90497e-18 1.7951e-05 -3.7402e-05 -1.79549e-05 -3.7402e-05
10.97 -1.34646e-18 -4.90499e-18 1.34648e-18 -4.90501e-18 1.79533e-05 -3.7402e-05 -1.79526e-05 -3.7402e-05
10.98 -1.34644e-18 -4.90497e-18 1.3465e-18 -4.90503e-18 1.79546e-05 -3.7402e-05 -1.79513e-05 -3.7402e-05
10.99 -1.34647e-18 -4.905e-18 1.34647e-18 -4.905e-18 1.7953e-05 -3.7402e-05 -1.79529e-05 -3.7402e-05
11 -1.34649e-18 -4.90502e-18 1.34645e-18 -4.90498e-18 1.79515e-05 -3.7402e-05 -1.79543e-05 -3.7402e-05
11.01 -1.34647e-18 -4.905e-18 1.34647e-18 -4.905e-18 1.79526e-05 -3.7402e-05 -1.79533e-05 -3.7402e-05
11.02 -1.34645e-18 -4.90498e-18 1.34649e-18 -4.90502e-18 1.79541e-05 -3.7402e-05 -1.79518e-05 -3.7402e-05
11.03 -1.34647e-18 -4.905e-18 1.34648e-18 -4.905e-18 1.79534e-05 -3.7402e-05 -1.79525e-05 -3.7402e-05
11.04 -1.34649e-18 -4.90501e-18 1.34646e-18 -4.90499e-18 1.79521e-05 -3.7402e-05 -1.79538e-05 -3.7402e-05
11.05 -1.34648e-18 -4.90501e-18 1.34646e-18 -4.90499e-18 1.79524e-05 -3.7402e-05 -1.79535e-05 -3.7402e-05
11.06 -1.34646e-18 -4.90499e-18 1.34648e-18 -4.90501e-18 1.79535e-05 -3.7402e-05 -1.79524e-05 -3.7402e-05
11.07 -1.34646e-18 -4.90499e-18 1.34648e-18 -4.90501e-18 1.79535e-05 -3.7402e-05 -1.79523e-05 -3.7402e-05
11.08 -1.34648e-18 -4.90501e-18 1.34646e-18 -4.90499e-18 1.79526e-05 -3.7402e-05 -1.79533e-05 -3.7402e-05
11.09 -1.34648e-18 -4.90501e-18 1.34646e-18 -4.90499e-18 1.79524e-05 -3.7402e-05 -1.79535e-05 -3.7402e-05
11.1 -1.34647e-18 -4.905e-18 1.34648e-18 -4.905e-18 1.79531e-05 -3.7402e-05 -1.79528e-05 -3.7402e-05
11.11 -1.34646e-18 -4.90499e-18 1.34648e-18 -4.90501e-18 1.79535e-05 -3.7402e-05 -1.79524e-05 -3.7402e-05
11.12 -1.34647e-18 -4.905e-18 1.34647e-18 -4.905e-18 1.79529e-05 -3.7402e-05 -1.7953e-05 -3.7402e-05
11.13 -1.34648e-18 -4.90501e-18 1.34646e-18 -4.90499e-18 1.79525e-05 -3.7402e-05 -1.79534e-05 -3.7402e-05
11.14 -1.34647e-18 -4.905e-18 1.34647e-18 -4.905e-18 1.79529e-05 -3.7402e-05 -1.7953e-05 -3.7402e-05
11.15 -1.34646e-18 -4.90499e-18 1.34648e-18 -4.90501e-18 1.79533e-05 -3.7402e-05 -1.79526e-05 -3.7402e-05
11.16 -1.34647e-18 -4.905e-18 1.34647e-18 -4.905e-18 1.7953e-05 -3.7402e-05 -1.79528e-05 -3.7402e-05
11.17 -1.34648e-18 -4.905e-18 1.34647e-18 -4.905e-18 1.79527e-05 -3.7402e-05 -1.79532e-05 -3.7402e-05
11.18 -1.34647e-18 -4.905e-18 1.34647e-18 -4.905e-18 1.79528e-05 -3.7402e-05 -1.79531e-05 -3.7402e-05
11.19 -1.34647e-18 -4.905e-18 1.34647e-18 -4.905e-18 1.79531e-05 -3.7402e-05 -1.79527e-05 -3.7402e-05
11.2 -1.34647e-18 -4.905e-18 1.34647e-18 -4.905e-18 1.79531e-05 -3.7402e-05 -1.79528e-05 -3.7402e-05
11.21 -1.34647e-18 -4.905e-18 1.34647e-18 -4.905e-18 1.79528e-05 -3.7402e-05 -1.79531e-05 -3.7402e-05
11.22 -1.34647e-18 -4.905e-18 1.34647e-18 -4.905e-18 1.79528e-05 -3.7402e-05 -1.79531e-05 -3.7402e-05
11.23 -1.34647e-18 -4.905e-18 1.34647e-18 -4.905e-18 1.7953e-05 -3.7402e-05 -1.79529e-05 -3.7402e-05
11.24 -1.34647e-18 -4.905e-18 1.34647e-18 -4.905e-18 1.79531e-05 -3.7402e-05 -1.79528e-05 -3.7402e-05
11.25 -1.34647e-18 -4.905e-18 1.34647e-18 -4.905e-18 1.79529e-05 -3.7402e-05 -1.7953e-05 -3.7402e-05
11.26 -1.34647e-18 -4.905e-18 1.34647e-18 -4.905e-18 1.79528e-05 -3.7402e-05 -1.79531e-05 -3.7402e-05
11.27 -1.34647e-18 -4.905e-18 1.34647e-18 -4.905e-18 1.79529e-05 -3.7402e-05 -1.79529e-05 -3.7402e-05
11.28 -1.34647e-18 -4.905e-18 1.34647e-18 -4.905e-18 1.79531e-05 -3.7402e-05 -1.79528e-05 -3.7402e-05
11.29 -1.34647e-18 -4.905e-18 1.34647e-18 -4.905e-18 1.7953e-05 -3.7402e-05 -1.79529e-05 -3.7402e-05
11.3 -1.34647e-18 -4.905e-18 1.34647e-18 -4.905e-18 1.79528e-05 -3.7402e-05 -1.7953e-05 -3.7402e-05
11.31 -1.34647e-18 -4.905e-18 1.34647e-18 -4.905e-18 1.79529e-05 -3.7402e-05 -1.7953e-05 -3.7402e-05
11.32 -1.34647e-18 -4.905e-18 1.34647e-18 -4.905e-18 1.7953e-05 -3.7402e-05 -1.79529e-05 -3.7402e-05
11.33 -1.34647e-18 -4.905e-18 1.34647e-18 -4.905e-18 1.7953e-05 -3.7402e-05 -1.79529e-05 -3.7402e-05
11.34 -1.34647e-18 -4.905e-18 1.34647e-18 -4.905e-18 1.79529e-05 -3.7402e-05 -1.7953e-05 -3.7402e-05
11.35 -1.34647e-18 -4.905e-18 1.34647e-18 -4.905e-18 1.79529e-05 -3.7402e-05 -1.7953e-05 -3.7402e-05
11.36 -1.34647e-18 -4.905e-18 1.34647e-18 -4.905e-18 1.7953e-05 -3.7402e-05 -1.79529e-05 -3.7402e-05
11.37 -1.34647e-18 -4.905e-18 1.34647e-18 -4.905e-18 1.7953e-05 -3.7402e-05 -1.79529e-05 -3.7402e-05
11.38 -1.34647e-18 -4.905e-18 1.34647e-18 -4.905e-18 1.79529e-05 -3.7402e-05 -1.7953e-05 -3.7402e-05
11.39 -1.34647e-18 -4.905e-18 1.34647e-18 -4.905e-18 1.79529e-05 -3.7402e-05 -1.7953e-05 -3.7402e-05
11.4 -1.34647e-18 -4.905e-18 1.34647e-18 -4.905e-18 1.79529e-05 -3.7402e-05 -1.79529e-05 -3.7402e-05
11.41 -1.34647e-18 -4.905e-18 1.34647e-18 -4.905e-18 1.7953e-05 -3.7402e-05 -1.79529e-05 -3.7402e-05
11.42 -1.34647e-18 -4.905e-18 1.34647e-18 -4.905e-18 1.79529e-05 -3.7402e-05 -1.79529e-05 -3.7402e-05
11.43 -1.34647e-18 -4.905e-18 1.34647e-18 -4.905e-18 1.79529e-05 -3.7402e-05 -1.7953e-05 -3.7402e-05
11.44 -1.34647e-18 -4.905e-18 1.34647e-18 -4.905e-18 1.79529e-05 -3.7402e-05 -1.79529e-05 -3.7402e-05
11.45 -1.34647e-18 -4.905e-18 1.34647e-18 -4.905e-18 1.7953e-05 -3.7402e-05 -1.79529e-05 -3.7402e-05
11.46 -1.34647e-18 -4.905e-18 1.34647e-18 -4.905e-18 1.7953e-05 -3.7402e-05 -1.79529e-05 -3.7402e-05
11.47 -1.34647e-18 -4.905e-18 1.34647e-18 -4.905e-18 1.79529e-05 -3.7402e-05 -1.7953e-05 -3.7402e-05
11.48 -1.34647e-18 -4.905e-18 1.34647e-18 -4.905e-18 1.79529e-05 -3.7402e-05 -1.7953e-05 -3.7402e-05
11.49 -1.34647e-18 -4.905e-18 1.34647e-18 -4.905e-18 1.7953e-05 -3.7402e-05 -1.79529e-05 -3.7402e-05
11.5 -1.34647e-18 -4.905e-18 1.34647e-18 -4.905e-18 1.7953e-05 -3.7402e-05 -1.79529e-05 -3.7402e-05
11.51 -1.34647e-18 -4.905e-18 1.34647e-18 -4.905e-18 1.79529e-05 -3.7402e-05 -1.79529e-05 -3.7402e-05
11.52 -1.34647e-18 -4.905e-18 1.34647e-18 -4.905e-18 1.79529e-05 -3.7402e-05 -1.7953e-05 -3.7402e-05
11.53 -1.34647e-18 -4.905e-18 1.34647e-18 -4.905e-18 1.79529e-05 -3.7402e-05 -1.79529e-05 -3.7402e-05
11.54 -1.34647e-18 -4.905e-18 1.34647e-18 -4.905e-18 1.7953e-05 -3.7402e-05 -1.79529e-05 -3.7402e-05
11.55 -1.34647e-18 -4.905e-18 1.34647e-18 -4.905e-18 1.79529e-05 -3.7402e-05 -1.79529e-05 -3.7402e-05
11.56 -1.34647e-18 -4.905e-18 1.34647e-18 -4.905e-18 1.79529e-05 -3.7402e-05 -1.7953e-05 -3.7402e-05
11.57 -1.34647e-18 -4.905e-18 1.34647e-18 -4.905e-18 1.79529e-05 -3.7402e-05 -1.79529e-05 -3.7402e-05
11.58 -1.34647e-18 -4.905e-18 1.34647e-18 -4.905e-18 1.79529e-05 -3.7402e-05 -1.79529e-05 -3.7402e-05
11.59 -1.34647e-18 -4.905e-18 1.34647e-18 -4.905e-18 1.79529e-05 -3.7402e-05 -1.79529e-05 -3.7402e-05
11.6 -1.34647e-18 -4.905e-18 1.34647e-18 -4.905e-18 1.79529e-05 -3.7402e-05 -1.79529e-05 -3.7402e-05
11.61 -1.34647e-18 -4.905e-18 1.34647e-18 -4.905e-18 1.79529e-05 -3.7402e-05 -1.79529e-05 -3.7402e-05
11.62 -1.34647e-18 -4.905e-18 1.34647e-18 -4.905e-18 1.79529e-05 -3.7402e-05 -1.79529e-05 -3.7402e-05
11.63 -1.34647e-18 -4.905e-18 1.34647e-18 -4.905e-18 1.79529e-05 -3.7402e-05 -1.79529e-05 -3.7402e-05
11.64 -1.34647e-18 -4.905e-18 1.34647e-18 -4.905e-18 1.79529e-05 -3.7402e-05 -1.79529e-05 -3.7402e-05
11.65 -1.34647e-18 -4.905e-18 1.34647e-18 -4.905e-18 1.79529e-05 -3.7402e-05 -1.79529e-05 -3.7402e-05
11.66 -1.34647e-18 -4.905e-18 1.34647e-18 -4.905e-18 1.79529e-05 -3.7402e-05 -1.79529e-05 -3.7402e-05
11.67 -1.34647e-18 -4.905e-18 1.34647e-18 -4.905e-18 1.79529e-05 -3.7402e-05 -1.79529e-05 -3.7402e-05
11.68 -1.34647e-18 -4.905e-18 1.34647e-18 -4.905e-18 1.79529e-05 -3.7402e-05 -1.79529e-05 -3.7402e-05
11.69 -1.34647e-18 -4.905e-18 1.34647e-18 -4.905e-18 1.79529e-05 -3.7402e-05 -1.79529e-05 -3.7402e-05
11.7 -1.34647e-18 -4.905e-18 1.34647e-18 -4.905e-18 1.79529e-05 -3.7402e-05 -1.79529e-05 -3.7402e-05
11.71 -1.34647e-18 -4.905e-18 1.34647e-18 -4.905e-18 1.79529e-05 -3.7402e-05 -1.79529e-05 -3.7402e-05
11.72 -1.34647e-18 -4.905e-18 1.34647e-18 -4.905e-18 1.79529e-05 -3.7402e-05 -1.79529e-05 -3.7402e-05
11.73 -1.34647e-18 -4.905e-18 1.34647e-18 -4.905e-18 1.79529e-05 -3.7402e-05 -1.79529e-05 -3.7402e-05
11.74 -1.34647e-18 -4.905e-18 1.34647e-18 -4.905e-18 1.79529e-05 -3.7402e-05 -1.79529e-05 -3.7402e-05
11.75 -1.34647e-18 -4.905e-18 1.34647e-18 -4.905e-18 1.79529e-05 -3.7402e-05 -1.79529e-05 -3.7402e-05
11.76 -1.34647e-18 -4.905e-18 1.34647e-18 -4.905e-18 1.79529e-05 -3.7402e-05 -1.79529e-05 -3.7402e-05
11.77 -1.34647e-18 -4.905e-18 1.34647e-18 -4.905e-18 1.79529e-05 -3.7402e-05 -1.79529e-05 -3.7402e-05
11.78 -1.34647e-18 -4.905e-18 1.34647e-18 -4.905e-18 1.79529e-05 -3.7402e-05 -1.79529e-05 -3.7402e-05
11.79 -1.34647e-18 -4.905e-18 1.34647e-18 -4.905e-18 1.79529e-05 -3.7402e-05 -1.79529e-05 -3.7402e-05
11.8 -1.34647e-18 -4.905e-18 1.34647e-18 -4.905e-18 1.79529e-05 -3.7402e-05 -1.79529e-05 -3.7402e-05
11.81 -1.34647e-18 -4.905e-18 1.34647e-18 -4.905e-18 1.79529e-05 -3.7402e-05 -1.79529e-05 -3.7402e-05
11.82 -1.34647e-18 -4.905e-18 1.34647e-18 -4.905e-18 1.79529e-05 -3.7402e-05 -1.79529e-05 -3.7402e-05
11.83 -1.34647e-18 -4.905e-18 1.34647e-18 -4.905e-18 1.79529e-05 -3.7402e-05 -1.79529e-05 -3.7402e-05
11.84 -1.34647e-18 -4.905e-18 1.34647e-18 -4.905e-18 1.79529e-05 -3.7402e-05 -1.79529e-05 -3.7402e-05
11.85 -1.34647e-18 -4.905e-18 1.34647e-18 -4.905e-18 1.79529e-05 -3.7402e-05 -1.79529e-05 -3.7402e-05
11.86 -1.34647e-18 -4.905e-18 1.34647e-18 -4.905e-18 1.79529e-05 -3.7402e-05 -1.79529e-05 -3.7402e-05
11.87 -1.34647e-18 -4.905e-18 1.34647e-18 -4.905e-18 1.79529e-05 -3.7402e-05 -1.79529e-05 -3.7402e-05
11.88 -1.34647e-18 -4.905e-18 1.34647e-18 -4.905e-18 1.79529e-05 -3.7402e-05 -1.79529e-05 -3.7402e-05
11.89 -1.34647e-18 -4.905e-18 1.34647e-18 -4.905e-18 1.79529e-05 -3.7402e-05 -1.79529e-05 -3.7402e-05
11.9 -1.34647e-18 -4.905e-18 1.34647e-18 -4.905e-18 1.79529e-05 -3.7402e-05 -1.79529e-05 -3.7402e-05
11.91 -1.34647e-18 -4.905e-18 1.34647e-18 -4.905e-18 1.79529e-05 -3.7402e-05 -1.79529e-05 -3.7402e-05
11.92 -1.34647e-18 -4.905e-18 1.34647e-18 -4.905e-18 1.79529e-05 -3.7402e-05 -1.79529e-05 -3.7402e-05
11.93 -1.34647e-18 -4.905e-18 1.34647e-18 -4.905e-18 1.79529e-05 -3.7402e-05 -1.79529e-05 -3.7402e-05
11.94 -1.34647e-18 -4.905e-18 1.34647e-18 -4.905e-18 1.79529e-05 -3.7402e-05 -1.79529e-05 -3.7402e-05
11.95 -1.34647e-18 -4.905e-18 1.34647e-18 -4.905e-18 1.79529e-05 -3.7402e-05 -1.79529e-05 -3.7402e-05
11.96 -1.34647e-18 -4.905e-18 1.34647e-18 -4.905e-18 1.79529e-05 -3.7402e-05 -1.79529e-05 -3.7402e-05
11.97 -1.34647e-18 -4.905e-18 1.34647e-18 -4.905e-18 1.79529e-05 -3.7402e-05 -1.79529e-05 -3.7402e-05
11.98 -1.34647e-18 -4.905e-18 1.34647e-18 -4.905e-18 1.79529e-05 -3.7402e-05 -1.79529e-05 -3.7402e-05
11.99 -1.34647e-18 -4.905e-18 1.34647e-18 -4.905e-18 1.79529e-05 -3.7402e-05 -1.79529e-05 -3.7402e-05
12 -1.34647e-18 -4.905e-18 1.34647e-18 -4.905e-18 1.79529e-05 -3.7402e-05 -1.79529e-05 -3.7402e-05
12.01 -1.34647e-18 -4.905e-18 1.34647e-18 -4.905e-18 1.79529e-05 -3.7402e-05 -1.79529e-05 -3.7402e-05
12.02 -1.34647e-18 -4.905e-18 1.34647e-18 -4.905e-18 1.79529e-05 -3.7402e-05 -1.79529e-05 -3.7402e-05
12.03 -1.34647e-18 -4.905e-18 1.34647e-18 -4.905e-18 1.79529e-05 -3.7402e-05 -1.79529e-05 -3.7402e-05
12.04 -1.34647e-18 -4.905e-18 1.34647e-18 -4.905e-18 1.79529e-05 -3.7402e-05 -1.79529e-05 -3.7402e-05
12.05 -1.34647e-18 -4.905e-18 1.34647e-18 -4.905e-18 1.79529e-05 -3.7402e-05 -1.79529e-05 -3.7402e-05
12.06 -1.34647e-18 -4.905e-18 1.34647e-18 -4.905e-18 1.79529e-05 -3.7402e-05 -1.79529e-05 -3.7402e-05
12.07 -1.34647e-18 -4.905e-18 1.34647e-18 -4.905e-18 1.79529e-05 -3.7402e-05 -1.79529e-05 -3.7402e-05
12.08 -1.34647e-18 -4.905e-18 1.34647e-18 -4.905e-18 1.79529e-05 -3.7402e-05 -1.79529e-05 -3.7402e-05
12.09 -1.34647e-18 -4.905e-18 1.34647e-18 -4.905e-18 1.79529e-05 -3.7402e-05 -1.79529e-05 -3.7402e-05
12.1 -1.34647e-18 -4.905e-18 1.34647e-18 -4.905e-18 1.79529e-05 -3.7402e-05 -1.79529e-05 -3.7402e-05
12.11 -1.34647e-18 -4.905e-18 1.34647e-18 -4.905e-18 1.79529e-05 -3.7402e-05 -1.79529e-05 -3.7402e-05
12.12 -1.34647e-18 -4.905e-18 1.34647e-18 -4.905e-18 1.79529e-05 -3.7402e-05 -1.79529e-05 -3.7402e-05
12.13 -1.34647e-18 -4.905e-18 1.34647e-18 -4.905e-18 1.79529e-05 -3.7402e-05 -1.79529e-05 -3.7402e-05
12.14 -1.34647e-18 -4.905e-18 1.34647e-18 -4.905e-18 1.79529e-05 -3.7402e-05 -1.79529e-05 -3.7402e-05
12.15 -1.34647e-18 -4.905e-18 1.34647e-18 -4.905e-18 1.79529e-05 -3.7402e-05 -1.79529e-05 -3.7402e-05
12.16 -1.34647e-18 -4.905e-18 1.34647e-18 -4.905e-18 1.79529e-05 -3.7402e-05 -1.79529e-05 -3.7402e-05
12.17 -1.34647e-18 -4.905e-18 1.34647e-18 -4.905e-18 1.79529e-05 -3.7402e-05 -1.79529e-05 -3.7402e-05
12.18 -1.34647e-18 -4.905e-18 1.34647e-18 -4.905e-18 1.79529e-05 -3.7402e-05 -1.79529e-05 -3.7402e-05
12.19 -1.34647e-18 -4.905e-18 1.34647e-18 -4.905e-18 1.79529e-05 -3.7402e-05 -1.79529e-05 -3.7402e-05
12.2 -1.34647e-18 -4.905e-18 1.34647e-18 -4.905e-18 1.79529e-05 -3.7402e-05 -1.79529e-05 -3.7402e-05
12.21 -1.34647e-18 -4.905e-18 1.34647e-18 -4.905e-18 1.79529e-05 -3.7402e-05 -1.79529e-05 -3.7402e-05
12.22 -1.34647e-18 -4.905e-18 1.34647e-18 -4.905e-18 1.79529e-05 -3.7402e-05 -1.79529e-05 -3.7402e-05
12.23 -1.34647e-18 -4.905e-18 1.34647e-18 -4.905e-18 1.79529e-05 -3.7402e-05 -1.79529e-05 -3.7402e-05
12.24 -1.34647e-18 -4.905e-18 1.34647e-18 -4.905e-18 1.79529e-05 -3.7402e-05 -1.79529e-05 -3.7402e-05
12.25 -1.34647e-18 -4.905e-18 1.34647e-18 -4.905e-18 1.79529e-05 -3.7402e-05 -1.79529e-05 -3.7402e-05
12.26 -1.34647e-18 -4.905e-18 1.34647e-18 -4.905e-18 1.79529e-05 -3.7402e-05 -1.79529e-05 -3.7402e-05
12.27 -1.34647e-18 -4.905e-18 1.34647e-18 -4.905e-18 1.79529e-05 -3.7402e-05 -1.79529e-05 -3.7402e-05
12.28 -1.34647e-18 -4.905e-18 1.34647e-18 -4.905e-18 1.79529e-05 -3.7402e-05 -1.79529e-05 -3.7402e-05
12.29 -1.34647e-18 -4.905e-18 1.34647e-18 -4.905e-18 1.79529e-05 -3.7402e-05 -1.79529e-05 -3.7402e-05
12.3 -1.34647e-18 -4.905e-18 1.34647e-18 -4.905e-18 1.79529e-05 -3.7402e-05 -1.79529e-05 -3.7402e-05
12.31 -1.34647e-18 -4.905e-18 1.34647e-18 -4.905e-18 1.79529e-05 -3.7402e-05 -1.79529e-05 -3.7402e-05
12.32 -1.34647e-18 -4.905e-18 1.34647e-18 -4.905e-18 1.79529e-05 -3.7402e-05 -1.79529e-05 -3.7402e-05
12.33 -1.34647e-18 -4.905e-18 1.34647e-18 -4.905e-18 1.79529e-05 -3.7402e-05 -1.79529e-05 -3.7402e-05
12.34 -1.34647e-18 -4.905e-18 1.34647e-18 -4.905e-18 1.79529e-05 -3.7402e-05 -1.79529e-05 -3.7402e-05
12.35 -1.34647e-18 -4.905e-18 1.34647e-18 -4.905e-18 1.79529e-05 -3.7402e-05 -1.79529e-05 -3.7402e-05
12.36 -1.34647e-18 -4.905e-18 1.34647e-18 -4.905e-18 1.79529e-05 -3.7402e-05 -1.79529e-05 -3.7402e-05
12.37 -1.34647e-18 -4.905e-18 1.34647e-18 -4.905e-18 1.79529e-05 -3.7402e-05 -1.79529e-05 -3.7402e-05
12.38 -1.34647e-18 -4.905e-18 1.34647e-18 -4.905e-18 1.79529e-05 -3.7402e-05 -1.79529e-05 -3.7402e-05
12.39 -1.34647e-18 -4.905e-18 1.34647e-18 -4.905e-18 1.79529e-05 -3.7402e-05 -1.79529e-05 -3.7402e-05
12.4 -1.34647e-18 -4.905e-18 1.34647e-18 -4.905e-18 1.79529e-05 -3.7402e-05 -1.79529e-05 -3.7402e-05
12.41 -1.34647e-18 -4.905e-18 1.34647e-18 -4.905e-18 1.79529e-05 -3.7402e-05 -1.79529e-05 -3.7402e-05
12.42 -1.34647e-18 -4.905e-18 1.34647e-18 -4.905e-18 1.79529e-05 -3.7402e-05 -1.79529e-05 -3.7402e-05
12.43 -1.34647e-18 -4.905e-18 1.34647e-18 -4.905e-18 1.79529e-05 -3.7402e-05 -1.79529e-05 -3.7402e-05
12.44 -1.34647e-18 -4.905e-18 1.34647e-18 -4.905e-18 1.79529e-05 -3.7402e-05 -1.79529e-05 -3.7402e-05
12.45 -1.34647e-18 -4.905e-18 1.34647e-18 -4.905e-18 1.79529e-05 -3.7402e-05 -1.79529e-05 -3.7402e-05
12.46 -1.34647e-18 -4.905e-18 1.34647e-18 -4.905e-18 1.79529e-05 -3.7402e-05 -1.79529e-05 -3.7402e-05
12.47 -1.34647e-18 -4.905e-18 1.34647e-18 -4.905e-18 1.79529e-05 -3.7402e-05 -1.79529e-05 -3.7402e-05
12.48 -1.34647e-18 -4.905e-18 1.34647e-18 -4.905e-18 1.79529e-05 -3.7402e-05 -1.79529e-05 -3.7402e-05
12.49 -1.34647e-18 -4.905e-18 1.34647e-18 -4.905e-18 1.79529e-05 -3.7402e-05 -1.79529e-05 -3.7402e-05
12.5 -1.34647e-18 -4.905e-18 1.34647e-18 -4.905e-18 1.79529e-05 -3.7402e-05 -1.79529e-05 -3.7402e-05
12.51 -1.34647e-18 -4.905e-18 1.34647e-18 -4.905e-18 1.79529e-05 -3.7402e-05 -1.79529e-05 -3.7402e-05
12.52 -1.34647e-18 -4.905e-18 1.34647e-18 -4.905e-18 1.79529e-05 -3.7402e-05 -1.79529e-05 -3.7402e-05
12.53 -1.34647e-18 -4.905e-18 1.34647e-18 -4.905e-18 1.79529e-05 -3.7402e-05 -1.79529e-05 -3.7402e-05
12.54 -1.34647e-18 -4.905e-18 1.34647e-18 -4.905e-18 1.79529e-05 -3.7402e-05 -1.79529e-05 -3.7402e-05
12.55 -1.34647e-18 -4.905e-18 1.34647e-18 -4.905e-18 1.79529e-05 -3.7402e-05 -1.79529e-05 -3.7402e-05
12.56 -1.34647e-18 -4.905e-18 1.34647e-18 -4.905e-18 1.79529e-05 -3.7402e-05 -1.79529e-05 -3.7402e-05
12.57 -1.34647e-18 -4.905e-18 1.34647e-18 -4.905e-18 1.79529e-05 -3.7402e-05 -1.79529e-05 -3.7402e-05
12.58 -1.34647e-18 -4.905e-18 1.34647e-18 -4.905e-18 1.79529e-05 -3.7402e-05 -1.79529e-05 -3.7402e-05
12.59 -1.34647e-18 -4.905e-18 1.34647e-18 -4.905e-18 1.79529e-05 -3.7402e-05 -1.79529e-05 -3.7402e-05
12.6 -1.34647e-18 -4.905e-18 1.34647e-18 -4.905e-18 1.79529e-05 -3.7402e-05 -1.79529e-05 -3.7402e-05
12.61 -1.34647e-18 -4.905e-18 1.34647e-18 -4.905e-18 1.79529e-05 -3.7402e-05 -1.79529e-05 -3.7402e-05
12.62 -1.34647e-18 -4.905e-18 1.34647e-18 -4.905e-18 1.79529e-05 -3.7402e-05 -1.79529e-05 -3.7402e-05
12.63 -1.34647e-18 -4.905e-18 1.34647e-18 -4.905e-18 1.79529e-05 -3.7402e-05 -1.79529e-05 -3.7402e-05
12.64 -1.34647e-18 -4.905e-18 1.34647e-18 -4.905e-18 1.79529e-05 -3.7402e-05 -1.79529e-05 -3.7402e-05
12.65 -1.34647e-18 -4.905e-18 1.34647e-18 -4.905e-18 1.79529e-05 -3.7402e-05 -1.79529e-05 -3.7402e-05
12.66 -1.34647e-18 -4.905e-18 1.34647e-18 -4.905e-18 1.79529e-05 -3.7402e-05 -1.79529e-05 -3.7402e-05
12.67 -1.34647e-18 -4.905e-18 1.34647e-18 -4.905e-18 1.79529e-05 -3.7402e-05 -1.79529e-05 -3.7402e-05
12.68 -1.34647e-18 -4.905e-18 1.34647e-18 -4.905e-18 1.79529e-05 -3.7402e-05 -1.79529e-05 -3.7402e-05
12.69 -1.34647e-18 -4.905e-18 1.34647e-18 -4.905e-18 1.79529e-05 -3.7402e-05 -1.79529e-05 -3.7402e-05
12.7 -1.34647e-18 -4.905e-18 1.34647e-18 -4.905e-18 1.79529e-05 -3.7402e-05 -1.79529e-05 -3.7402e-05
12.71 -1.34647e-18 -4.905e-18 1.34647e-18 -4.905e-18 1.79529e-05 -3.7402e-05 -1.79529e-05 -3.7402e-05
12.72 -1.34647e-18 -4.905e-18 1.34647e-18 -4.905e-18 1.79529e-05 -3.7402e-05 -1.79529e-05 -3.7402e-05
12.73 -1.34647e-18 -4.905e-18 1.34647e-18 -4.905e-18 1.79529e-05 -3.7402e-05 -1.79529e-05 -3.7402e-05
12.74 -1.34647e-18 -4.905e-18 1.34647e-18 -4.905e-18 1.79529e-05 -3.7402e-05 -1.79529e-05 -3.7402e-05
12.75 -1.34647e-18 -4.905e-18 1.34647e-18 -4.905e-18 1.79529e-05 -3.7402e-05 -1.79529e-05 -3.7402e-05
12.76 -1.34647e-18 -4.905e-18 1.34647e-18 -4.905e-18 1.79529e-05 -3.7402e-05 -1.79529e-05 -3.7402e-05
12.77 -1.34647e-18 -4.905e-18 1.34647e-18 -4.905e-18 1.79529e-05 -3.7402e-05 -1.79529e-05 -3.7402e-05
12.78 -1.34647e-18 -4.905e-18 1.34647e-18 -4.905e-18 1.79529e-05 -3.7402e-05 -1.79529e-05 -3.7402e-05
12.79 -1.34647e-18 -4.905e-18 1.34647e-18 -4.905e-18 1.79529e-05 -3.7402e-05 -1.79529e-05 -3.7402e-05
12.8 -1.34647e-18 -4.905e-18 1.34647e-18 -4.905e-18 1.79529e-05 -3.7402e-05 -1.79529e-05 -3.7402e-05
12.81 -1.34647e-18 -4.905e-18 1.34647e-18 -4.905e-18 1.79529e-05 -3.7402e-05 -1.79529e-05 -3.7402e-05
12.82 -1.34647e-18 -4.905e-18 1.34647e-18 -4.905e-18 1.79529e-05 -3.7402e-05 -1.79529e-05 -3.7402e-05
12.83 -1.34647e-18 -4.905e-18 1.34647e-18 -4.905e-18 1.79529e-05 -3.7402e-05 -1.79529e-05 -3.7402e-05
12.84 -1.34647e-18 -4.905e-18 1.34647e-18 -4.905e-18 1.79529e-05 -3.7402e-05 -1.79529e-05 -3.7402e-05
12.85 -1.34647e-18 -4.905e-18 1.34647e-18 -4.905e-18 1.79529e-05 -3.7402e-05 -1.79529e-05 -3.7402e-05
12.86 -1.34647e-18 -4.905e-18 1.34647e-18 -4.905e-18 1.79529e-05 -3.7402e-05 -1.79529e-05 -3.7402e-05
12.87 -1.34647e-18 -4.905e-18 1.34647e-18 -4.905e-18 1.79529e-05 -3.7402e-05 -1.79529e-05 -3.7402e-05
12.88 -1.34647e-18 -4.905e-18 1.34647e-18 -4.905e-18 1.79529e-05 -3.7402e-05 -1.79529e-05 -3.7402e-05
12.89 -1.34647e-18 -4.905e-18 1.34647e-18 -4.905e-18 1.79529e-05 -3.7402e-05 -1.79529e-05 -3.7402e-05
12.9 -1.34647e-18 -4.905e-18 1.34647e-18 -4.905e-18 1.79529e-05 -3.7402e-05 -1.79529e-05 -3.7402e-05
12.91 -1.34647e-18 -4.905e-18 1.34647e-18 -4.905e-18 1.79529e-05 -3.7402e-05 -1.79529e-05 -3.7402e-05
12.92 -1.34647e-18 -4.905e-18 1.34647e-18 -4.905e-18 1.79529e-05 -3.7402e-05 -1.79529e-05 -3.7402e-05
12.93 -1.34647e-18 -4.905e-18 1.34647e-18 -4.905e-18 1.79529e-05 -3.7402e-05 -1.79529e-05 -3.7402e-05
12.94 -1.34647e-18 -4.905e-18 1.34647e-18 -4.905e-18 1.79529e-05 -3.7402e-05 -1.79529e-05 -3.7402e-05
12.95 -1.34647e-18 -4.905e-18 1.34647e-18 -4.905e-18 1.79529e-05 -3.7402e-05 -1.79529e-05 -3.7402e-05
12.96 -1.34647e-18 -4.905e-18 1.34647e-18 -4.905e-18 1.79529e-05 -3.7402e-05 -1.79529e-05 -3.7402e-05
12.97 -1.34647e-18 -4.905e-18 1.34647e-18 -4.905e-18 1.79529e-05 -3.7402e-05 -1.79529e-05 -3.7402e-05
12.98 -1.34647e-18 -4.905e-18 1.34647e-18 -4.905e-18 1.79529e-05 -3.7402e-05 -1.79529e-05 -3.7402e-05
12.99 -1.34647e-18 -4.905e-18 1.34647e-18 -4.905e-18 1.79529e-05 -3.7402e-05 -1.79529e-05 -3.7402e-05
13 -1.34647e-18 -4.905e-18 1.34647e-18 -4.905e-18 1.79529e-05 -3.7402e-05 -1.79529e-05 -3.7402e-05
13.01 -1.34647e-18 -4.905e-18 1.34647e-18 -4.905e-18 1.79529e-05 -3.7402e-05 -1.79529e-05 -3.7402e-05
13.02 -1.34647e-18 -4.905e-18 1.34647e-18 -4.905e-18 1.79529e-05 -3.7402e-05 -1.79529e-05 -3.7402e-05
13.03 -1.34647e-18 -4.905e-18 1.34647e-18 -4.905e-18 1.79529e-05 -3.7402e-05 -1.79529e-05 -3.7402e-05
13.04 -1.34647e-18 -4.905e-18 1.34647e-18 -4.905e-18 1.79529e-05 -3.7402e-05 -1.79529e-05 -3.7402e-05
13.05 -1.34647e-18 -4.905e-18 1.34647e-18 -4.905e-18 1.79529e-05 -3.7402e-05 -1.79529e-05 -3.7402e-05
13.06 -1.34647e-18 -4.905e-18 1.34647e-18 -4.905e-18 1.79529e-05 -3.7402e-05 -1.79529e-05 -3.7402e-05
13.07 -1.34647e-18 -4.905e-18 1.34647e-18 -4.905e-18 1.79529e-05 -3.7402e-05 -1.79529e-05 -3.7402e-05
13.08 -1.34647e-18 -4.905e-18 1.34647e-18 -4.905e-18 1.79529e-05 -3.7402e-05 -1.79529e-05 -3.7402e-05
13.09 -1.34647e-18 -4.905e-18 1.34647e-18 -4.905e-18 1.79529e-05 -3.7402e-05 -1.79529e-05 -3.7402e-05
13.1 -1.34647e-18 -4.905e-18 1.34647e-18 -4.905e-18 1.79529e-05 -3.7402e-05 -1.79529e-05 -3.7402e-05
13.11 -1.34647e-18 -4.905e-18 1.34647e-18 -4.905e-18 1.79529e-05 -3.7402e-05 -1.79529e-05 -3.7402e-05
13.12 -1.34647e-18 -4.905e-18 1.34647e-18 -4.905e-18 1.79529e-05 -3.7402e-05 -1.79529e-05 -3.7402e-05
13.13 -1.34647e-18 -4.905e-18 1.34647e-18 -4.905e-18 1.79529e-05 -3.7402e-05 -1.79529e-05 -3.7402e-05
13.14 -1.34647e-18 -4.905e-18 1.34647e-18 -4.905e-18 1.79529e-05 -3.7402e-05 -1.79529e-05 -3.7402e-05
13.15 -1.34647e-18 -4.905e-18 1.34647e-18 -4.905e-18 1.79529e-05 -3.7402e-05 -1.79529e-05 -3.7402e-05
13.16 -1.34647e-18 -4.905e-18 1.34647e-18 -4.905e-18 1.79529e-05 -3.7402e-05 -1.79529e-05 -3.7402e-05
13.17 -1.34647e-18 -4.905e-18 1.34647e-18 -4.905e-18 1.79529e-05 -3.7402e-05 -1.79529e-05 -3.7402e-05
13.18 -1.34647e-18 -4.905e-18 1.34647e-18 -4.905e-18 1.79529e-05 -3.7402e-05 -1.79529e-05 -3.7402e-05
13.19 -1.34647e-18 -4.905e-18 1.34647e-18 -4.905e-18 1.79529e-05 -3.7402e-05 -1.79529e-05 -3.7402e-05
13.2 -1.34647e-18 -4.905e-18 1.34647e-18 -4.905e-18 1.79529e-05 -3.7402e-05 -1.79529e-05 -3.7402e-05
13.21 -1.34647e-18 -4.905e-18 1.34647e-18 -4.905e-18 1.79529e-05 -3.7402e-05 -1.79529e-05 -3.7402e-05
13.22 -1.34647e-18 -4.905e-18 1.34647e-18 -4.905e-18 1.79529e-05 -3.7402e-05 -1.79529e-05 -3.7402e-05
13.23 -1.34647e-18 -4.905e-18 1.34647e-18 -4.905e-18 1.79529e-05 -3.7402e-05 -1.79529e-05 -3.7402e-05
13.24 -1.34647e-18 -4.905e-18 1.34647e-18 -4.905e-18 1.79529e-05 -3.7402e-05 -1.79529e-05 -3.7402e-05
13.25 -1.34647e-18 -4.905e-18 1.34647e-18 -4.905e-18 1.79529e-05 -3.7402e-05 -1.79529e-05 -3.7402e-05
13.26 -1.34647e-18 -4.905e-18 1.34647e-18 -4.905e-18 1.79529e-05 -3.7402e-05 -1.79529e-05 -3.7402e-05
13.27 -1.34647e-18 -4.905e-18 1.34647e-18 -4.905e-18 1.79529e-05 -3.7402e-05 -1.79529e-05 -3.7402e-05
13.28 -1.34647e-18 -4.905e-18 1.34647e-18 -4.905e-18 1.79529e-05 -3.7402e-05 -1.79529e-05 -3.7402e-05
13.29 -1.34647e-18 -4.905e-18 1.34647e-18 -4.905e-18 1.79529e-05 -3.7402e-05 -1.79529e-05 -3.7402e-05
13.3 -1.34647e-18 -4.905e-18 1.34647e-18 -4.905e-18 1.79529e-05 -3.7402e-05 -1.79529e-05 -3.7402e-05
13.31 -1.34647e-18 -4.905e-18 1.34647e-18 -4.905e-18 1.79529e-05 -3.7402e-05 -1.79529e-05 -3.7402e-05
13.32 -1.34647e-18 -4.905e-18 1.34647e-18 -4.905e-18 1.79529e-05 -3.7402e-05 -1.79529e-05 -3.7402e-05
13.33 -1.34647e-18 -4.905e-18 1.34647e-18 -4.905e-18 1.79529e-05 -3.7402e-05 -1.79529e-05 -3.7402e-05
13.34 -1.34647e-18 -4.905e-18 1.34647e-18 -4.905e-18 1.79529e-05 -3.7402e-05 -1.79529e-05 -3.7402e-05
13.35 -1.34647e-18 -4.905e-18 1.34647e-18 -4.905e-18 1.79529e-05 -3.7402e-05 -1.79529e-05 -3.7402e-05
13.36 -1.34647e-18 -4.905e-18 1.34647e-18 -4.905e-18 1.79529e-05 -3.7402e-05 -1.79529e-05 -3.7402e-05
13.37 -1.34647e-18 -4.905e-18 1.34647e-18 -4.905e-18 1.79529e-05 -3.7402e-05 -1.79529e-05 -3.7402e-05
13.38 -1.34647e-18 -4.905e-18 1.34647e-18 -4.905e-18 1.79529e-05 -3.7402e-05 -1.79529e-05 -3.7402e-05
13.39 -1.34647e-18 -4.905e-18 1.34647e-18 -4.905e-18 1.79529e-05 -3.7402e-05 -1.79529e-05 -3.7402e-05
13.4 -1.34647e-18 -4.905e-18 1.34647e-18 -4.905e-18 1.79529e-05 -3.7402e-05 -1.79529e-05 -3.7402e-05
13.41 -1.34647e-18 -4.905e-18 1.34647e-18 -4.905e-18 1.79529e-05 -3.7402e-05 -1.79529e-05 -3.7402e-05
13.42 -1.34647e-18 -4.905e-18 1.34647e-18 -4.905e-18 1.79529e-05 -3.7402e-05 -1.79529e-05 -3.7402e-05
13.43 -1.34647e-18 -4.905e-18 1.34647e-18 -4.905e-18 1.79529e-05 -3.7402e-05 -1.79529e-05 -3.7402e-05
13.44 -1.34647e-18 -4.905e-18 1.34647e-18 -4.905e-18 1.79529e-05 -3.7402e-05 -1.79529e-05 -3.7402e-05
13.45 -1.34647e-18 -4.905e-18 1.34647e-18 -4.905e-18 1.79529e-05 -3.7402e-05 -1.79529e-05 -3.7402e-05
13.46 -1.34647e-18 -4.905e-18 1.34647e-18 -4.905e-18 1.79529e-05 -3.7402e-05 -1.79529e-05 -3.7402e-05
13.47 -1.34647e-18 -4.905e-18 1.34647e-18 -4.905e-18 1.79529e-05 -3.7402e-05 -1.79529e-05 -3.7402e-05
13.48 -1.34647e-18 -4.905e-18 1.34647e-18 -4.905e-18 1.79529e-05 -3.7402e-05 -1.79529e-05 -3.7402e-05
13.49 -1.34647e-18 -4.905e-18 1.34647e-18 -4.905e-18 1.79529e-05 -3.7402e-05 -1.79529e-05 -3.7402e-05
13.5 -1.34647e-18 -4.905e-18 1.34647e-18 -4.905e-18 1.79529e-05 -3.7402e-05 -1.79529e-05 -3.7402e-05
13.51 -1.34647e-18 -4.905e-18 1.34647e-18 -4.905e-18 1.79529e-05 -3.7402e-05 -1.79529e-05 -3.7402e-05
13.52 -1.34647e-18 -4.905e-18 1.34647e-18 -4.905e-18 1.79529e-05 -3.7402e-05 -1.79529e-05 -3.7402e-05
13.53 -1.34647e-18 -4.905e-18 1.34647e-18 -4.905e-18 1.79529e-05 -3.7402e-05 -1.79529e-05 -3.7402e-05
13.54 -1.34647e-18 -4.905e-18 1.34647e-18 -4.905e-18 1.79529e-05 -3.7402e-05 -1.79529e-05 -3.7402e-05
13.55 -1.34647e-18 -4.905e-18 1.34647e-18 -4.905e-18 1.79529e-05 -3.7402e-05 -1.79529e-05 -3.7402e-05
13.56 -1.34647e-18 -4.905e-18 1.34647e-18 -4.905e-18 1.79529e-05 -3.7402e-05 -1.79529e-05 -3.7402e-05
13.57 -1.34647e-18 -4.905e-18 1.34647e-18 -4.905e-18 1.79529e-05 -3.7402e-05 -1.79529e-05 -3.7402e-05
13.58 -1.34647e-18 -4.905e-18 1.34647e-18 -4.905e-18 1.79529e-05 -3.7402e-05 -1.79529e-05 -3.7402e-05
13.59 -1.34647e-18 -4.905e-18 1.34647e-18 -4.905e-18 1.79529e-05 -3.7402e-05 -1.79529e-05 -3.7402e-05
13.6 -1.34647e-18 -4.905e-18 1.34647e-18 -4.905e-18 1.79529e-05 -3.7402e-05 -1.79529e-05 -3.7402e-05
13.61 -1.34647e-18 -4.905e-18 1.34647e-18 -4.905e-18 1.79529e-05 -3.7402e-05 -1.79529e-05 -3.7402e-05
13.62 -1.34647e-18 -4.905e-18 1.34647e-18 -4.905e-18 1.79529e-05 -3.7402e-05 -1.79529e-05 -3.7402e-05
13.63 -1.34647e-18 -4.905e-18 1.34647e-18 -4.905e-18 1.79529e-05 -3.7402e-05 -1.79529e-05 -3.7402e-05
13.64 -1.34647e-18 -4.905e-18 1.34647e-18 -4.905e-18 1.79529e-05 -3.7402e-05 -1.79529e-05 -3.7402e-05
13.65 -1.34647e-18 -4.905e-18 1.34647e-18 -4.905e-18 1.79529e-05 -3.7402e-05 -1.79529e-05 -3.7402e-05
13.66 -1.34647e-18 -4.905e-18 1.34647e-18 -4.905e-18 1.79529e-05 -3.7402e-05 -1.79529e-05 -3.7402e-05
13.67 -1.34647e-18 -4.905e-18 1.34647e-18 -4.905e-18 1.79529e-05 -3.7402e-05 -1.79529e-05 -3.7402e-05
13.68 -1.34647e-18 -4.905e-18 1.34647e-18 -4.905e-18 1.79529e-05 -3.7402e-05 -1.79529e-05 -3.7402e-05
13.69 -1.34647e-18 -4.905e-18 1.34647e-18 -4.905e-18 1.79529e-05 -3.7402e-05 -1.79529e-05 -3.7402e-05
13.7 -1.34647e-18 -4.905e-18 1.34647e-18 -4.905e-18 1.79529e-05 -3.7402e-05 -1.79529e-05 -3.7402e-05
13.71 -1.34647e-18 -4.905e-18 1.34647e-18 -4.905e-18 1.79529e-05 -3.7402e-05 -1.79529e-05 -3.7402e-05
13.72 -1.34647e-18 -4.905e-18 1.34647e-18 -4.905e-18 1.79529e-05 -3.7402e-05 -1.79529e-05 -3.7402e-05
13.73 -1.34647e-18 -4.905e-18 1.34647e-18 -4.905e-18 1.79529e-05 -3.7402e-05 -1.79529e-05 -3.7402e-05
13.74 -1.34647e-18 -4.905e-18 1.34647e-18 -4.905e-18 1.79529e-05 -3.7402e-05 -1.79529e-05 -3.7402e-05
13.75 -1.34647e-18 -4.905e-18 1.34647e-18 -4.905e-18 1.79529e-05 -3.7402e-05 -1.79529e-05 -3.7402e-05
13.76 -1.34647e-18 -4.905e-18 1.34647e-18 -4.905e-18 1.79529e-05 -3.7402e-05 -1.79529e-05 -3.7402e-05
13.77 -1.34647e-18 -4.905e-18 1.34647e-18 -4.905e-18 1.79529e-05 -3.7402e-05 -1.79529e-05 -3.7402e-05
13.78 -1.34647e-18 -4.905e-18 1.34647e-18 -4.905e-18 1.79529e-05 -3.7402e-05 -1.79529e-05 -3.7402e-05
13.79 -1.34647e-18 -4.905e-18 1.34647e-18 -4.905e-18 1.79529e-05 -3.7402e-05 -1.79529e-05 -3.7402e-05
13.8 -1.34647e-18 -4.905e-18 1.34647e-18 -4.905e-18 1.79529e-05 -3.7402e-05 -1.79529e-05 -3.7402e-05
13.81 -1.34647e-18 -4.905e-18 1.34647e-18 -4.905e-18 1.79529e-05 -3.7402e-05 -1.79529e-05 -3.7402e-05
13.82 -1.34647e-18 -4.905e-18 1.34647e-18 -4.905e-18 1.79529e-05 -3.7402e-05 -1.79529e-05 -3.7402e-05
13.83 -1.34647e-18 -4.905e-18 1.34647e-18 -4.905e-18 1.79529e-05 -3.7402e-05 -1.79529e-05 -3.7402e-05
13.84 -1.34647e-18 -4.905e-18 1.34647e-18 -4.905e-18 1.79529e-05 -3.7402e-05 -1.79529e-05 -3.7402e-05
13.85 -1.34647e-18 -4.905e-18 1.34647e-18 -4.905e-18 1.79529e-05 -3.7402e-05 -1.79529e-05 -3.7402e-05
13.86 -1.34647e-18 -4.905e-18 1.34647e-18 -4.905e-18 1.79529e-05 -3.7402e-05 -1.79529e-05 -3.7402e-05
13.87 -1.34647e-18 -4.905e-18 1.34647e-18 -4.905e-18 1.79529e-05 -3.7402e-05 -1.79529e-05 -3.7402e-05
13.88 -1.34647e-18 -4.905e-18 1.34647e-18 -4.905e-18 1.79529e-05 -3.7402e-05 -1.79529e-05 -3.7402e-05
13.89 -1.34647e-18 -4.905e-18 1.34647e-18 -4.905e-18 1.79529e-05 -3.7402e-05 -1.79529e-05 -3.7402e-05
13.9 -1.34647e-18 -4.905e-18 1.34647e-18 -4.905e-18 1.79529e-05 -3.7402e-05 -1.79529e-05 -3.7402e-05
13.91 -1.34647e-18 -4.905e-18 1.34647e-18 -4.905e-18 1.79529e-05 -3.7402e-05 -1.79529e-05 -3.7402e-05
13.92 -1.34647e-18 -4.905e-18 1.34647e-18 -4.905e-18 1.79529e-05 -3.7402e-05 -1.79529e-05 -3.7402e-05
13.93 -1.34647e-18 -4.905e-18 1.34647e-18 -4.905e-18 1.79529e-05 -3.7402e-05 -1.79529e-05 -3.7402e-05
13.94 -1.34647e-18 -4.905e-18 1.34647e-18 -4.905e-18 1.79529e-05 -3.7402e-05 -1.79529e-05 -3.7402e-05
13.95 -1.34647e-18 -4.905e-18 1.34647e-18 -4.905e-18 1.79529e-05 -3.7402e-05 -1.79529e-05 -3.7402e-05
13.96 -1.34647e-18 -4.905e-18 1.34647e-18 -4.905e-18 1.79529e-05 -3.7402e-05 -1.79529e-05 -3.7402e-05
13.97 -1.34647e-18 -4.905e-18 1.34647e-18 -4.905e-18 1.79529e-05 -3.7402e-05 -1.79529e-05 -3.7402e-05
13.98 -1.34647e-18 -4.905e-18 1.34647e-18 -4.905e-18 1.79529e-05 -3.7402e-05 -1.79529e-05 -3.7402e-05
13.99 -1.34647e-18 -4.905e-18 1.34647e-18 -4.905e-18 1.79529e-05 -3.7402e-05 -1.79529e-05 -3.7402e-05
14 -1.34647e-18 -4.905e-18 1.34647e-18 -4.905e-18 1.79529e-05 -3.7402e-05 -1.79529e-05 -3.7402e-05
14.01 -1.34647e-18 -4.905e-18 1.34647e-18 -4.905e-18 1.79529e-05 -3.7402e-05 -1.79529e-05 -3.7402e-05
14.02 -1.34647e-18 -4.905e-18 1.34647e-18 -4.905e-18 1.79529e-05 -3.7402e-05 -1.79529e-05 -3.7402e-05
14.03 -1.34647e-18 -4.905e-18 1.34647e-18 -4.905e-18 1.79529e-05 -3.7402e-05 -1.79529e-05 -3.7402e-05
14.04 -1.34647e-18 -4.905e-18 1.34647e-18 -4.905e-18 1.79529e-05 -3.7402e-05 -1.79529e-05 -3.7402e-05
14.05 -1.34647e-18 -4.905e-18 1.34647e-18 -4.905e-18 1.79529e-05 -3.7402e-05 -1.79529e-05 -3.7402e-05
14.06 -1.34647e-18 -4.905e-18 1.34647e-18 -4.905e-18 1.79529e-05 -3.7402e-05 -1.79529e-05 -3.7402e-05
14.07 -1.34647e-18 -4.905e-18 1.34647e-18 -4.905e-18 1.79529e-05 -3.7402e-05 -1.79529e-05 -3.7402e-05
14.08 -1.34647e-18 -4.905e-18 1.34647e-18 -4.905e-18 1.79529e-05 -3.7402e-05 -1.79529e-05 -3.7402e-05
14.09 -1.34647e-18 -4.905e-18 1.34647e-18 -4.905e-18 1.79529e-05 -3.7402e-05 -1.79529e-05 -3.7402e-05
14.1 -1.34647e-18 -4.905e-18 1.34647e-18 -4.905e-18 1.79529e-05 -3.7402e-05 -1.79529e-05 -3.7402e-05
14.11 -1.34647e-18 -4.905e-18 1.34647e-18 -4.905e-18 1.79529e-05 -3.7402e-05 -1.79529e-05 -3.7402e-05
14.12 -1.34647e-18 -4.905e-18 1.34647e-18 -4.905e-18 1.79529e-05 -3.7402e-05 -1.79529e-05 -3.7402e-05
14.13 -1.34647e-18 -4.905e-18 1.34647e-18 -4.905e-18 1.79529e-05 -3.7402e-05 -1.79529e-05 -3.7402e-05
14.14 -1.34647e-18 -4.905e-18 1.34647e-18 -4.905e-18 1.79529e-05 -3.7402e-05 -1.79529e-05 -3.7402e-05
14.15 -1.34647e-18 -4.905e-18 1.34647e-18 -4.905e-18 1.79529e-05 -3.7402e-05 -1.79529e-05 -3.7402e-05
14.16 -1.34647e-18 -4.905e-18 1.34647e-18 -4.905e-18 1.79529e-05 -3.7402e-05 -1.79529e-05 -3.7402e-05
14.17 -1.34647e-18 -4.905e-18 1.34647e-18 -4.905e-18 1.79529e-05 -3.7402e-05 -1.79529e-05 -3.7402e-05
14.18 -1.34647e-18 -4.905e-18 1.34647e-18 -4.905e-18 1.79529e-05 -3.7402e-05 -1.79529e-05 -3.7402e-05
14.19 -1.34647e-18 -4.905e-18 1.34647e-18 -4.905e-18 1.79529e-05 -3.7402e-05 -1.79529e-05 -3.7402e-05
14.2 -1.34647e-18 -4.905e-18 1.34647e-18 -4.905e-18 1.79529e-05 -3.7402e-05 -1.79529e-05 -3.7402e-05
14.21 -1.34647e-18 -4.905e-18 1.34647e-18 -4.905e-18 1.79529e-05 -3.7402e-05 -1.79529e-05 -3.7402e-05
14.22 -1.34647e-18 -4.905e-18 1.34647e-18 -4.905e-18 1.79529e-05 -3.7402e-05 -1.79529e-05 -3.7402e-05
14.23 -1.34647e-18 -4.905e-18 1.34647e-18 -4.905e-18 1.79529e-05 -3.7402e-05 -1.79529e-05 -3.7402e-05
14.24 -1.34647e-18 -4.905e-18 1.34647e-18 -4.905e-18 1.79529e-05 -3.7402e-05 -1.79529e-05 -3.7402e-05
14.25 -1.34647e-18 -4.905e-18 1.34647e-18 -4.905e-18 1.79529e-05 -3.7402e-05 -1.79529e-05 -3.7402e-05
14.26 -1.34647e-18 -4.905e-18 1.34647e-18 -4.905e-18 1.79529e-05 -3.7402e-05 -1.79529e-05 -3.7402e-05
14.27 -1.34647e-18 -4.905e-18 1.34647e-18 -4.905e-18 1.79529e-05 -3.7402e-05 -1.79529e-05 -3.7402e-05
14.28 -1.34647e-18 -4.905e-18 1.34647e-18 -4.905e-18 1.79529e-05 -3.7402e-05 -1.79529e-05 -3.7402e-05
14.29 -1.34647e-18 -4.905e-18 1.34647e-18 -4.905e-18 1.79529e-05 -3.7402e-05 -1.79529e-05 -3.7402e-05
14.3 -1.34647e-18 -4.905e-18 1.34647e-18 -4.905e-18 1.79529e-05 -3.7402e-05 -1.79529e-05 -3.7402e-05
14.31 -1.34647e-18 -4.905e-18 1.34647e-18 -4.905e-18 1.79529e-05 -3.7402e-05 -1.79529e-05 -3.7402e-05
14.32 -1.34647e-18 -4.905e-18 1.34647e-18 -4.905e-18 1.79529e-05 -3.7402e-05 -1.79529e-05 -3.7402e-05
14.33 -1.34647e-18 -4.905e-18 1.34647e-18 -4.905e-18 1.79529e-05 -3.7402e-05 -1.79529e-05 -3.7402e-05
14.34 -1.34647e-18 -4.905e-18 1.34647e-18 -4.905e-18 1.79529e-05 -3.7402e-05 -1.79529e-05 -3.7402e-05
14.35 -1.34647e-18 -4.905e-18 1.34647e-18 -4.905e-18 1.79529e-05 -3.7402e-05 -1.79529e-05 -3.7402e-05
14.36 -1.34647e-18 -4.905e-18 1.34647e-18 -4.905e-18 1.79529e-05 -3.7402e-05 -1.79529e-05 -3.7402e-05
14.37 -1.34647e-18 -4.905e-18 1.34647e-18 -4.905e-18 1.79529e-05 -3.7402e-05 -1.79529e-05 -3.7402e-05
14.38 -1.34647e-18 -4.905e-18 1.34647e-18 -4.905e-18 1.79529e-05 -3.7402e-05 -1.79529e-05 -3.7402e-05
14.39 -1.34647e-18 -4.905e-18 1.34647e-18 -4.905e-18 1.79529e-05 -3.7402e-05 -1.79529e-05 -3.7402e-05
14.4 -1.34647e-18 -4.905e-18 1.34647e-18 -4.905e-18 1.79529e-05 -3.7402e-05 -1.79529e-05 -3.7402e-05
14.41 -1.34647e-18 -4.905e-18 1.34647e-18 -4.905e-18 1.79529e-05 -3.7402e-05 -1.79529e-05 -3.7402e-05
14.42 -1.34647e-18 -4.905e-18 1.34647e-18 -4.905e-18 1.79529e-05 -3.7402e-05 -1.79529e-05 -3.7402e-05
14.43 -1.34647e-18 -4.905e-18 1.34647e-18 -4.905e-18 1.79529e-05 -3.7402e-05 -1.79529e-05 -3.7402e-05
14.44 -1.34647e-18 -4.905e-18 1.34647e-18 -4.905e-18 1.79529e-05 -3.7402e-05 -1.79529e-05 -3.7402e-05
14.45 -1.34647e-18 -4.905e-18 1.34647e-18 -4.905e-18 1.79529e-05 -3.7402e-05 -1.79529e-05 -3.7402e-05
14.46 -1.34647e-18 -4.905e-18 1.34647e-18 -4.905e-18 1.79529e-05 -3.7402e-05 -1.79529e-05 -3.7402e-05
14.47 -1.34647e-18 -4.905e-18 1.34647e-18 -4.905e-18 1.79529e-05 -3.7402e-05 -1.79529e-05 -3.7402e-05
14.48 -1.34647e-18 -4.905e-18 1.34647e-18 -4.905e-18 1.79529e-05 -3.7402e-05 -1.79529e-05 -3.7402e-05
14.49 -1.34647e-18 -4.905e-18 1.34647e-18 -4.905e-18 1.79529e-05 -3.7402e-05 -1.79529e-05 -3.7402e-05
14.5 -1.34647e-18 -4.905e-18 1.34647e-18 -4.905e-18 1.79529e-05 -3.7402e-05 -1.79529e-05 -3.7402e-05
14.51 -1.34647e-18 -4.905e-18 1.34647e-18 -4.905e-18 1.79529e-05 -3.7402e-05 -1.79529e-05 -3.7402e-05
14.52 -1.34647e-18 -4.905e-18 1.34647e-18 -4.905e-18 1.79529e-05 -3.7402e-05 -1.79529e-05 -3.7402e-05
14.53 -1.34647e-18 -4.905e-18 1.34647e-18 -4.905e-18 1.79529e-05 -3.7402e-05 -1.79529e-05 -3.7402e-05
14.54 -1.34647e-18 -4.905e-18 1.34647e-18 -4.905e-18 1.79529e-05 -3.7402e-05 -1.79529e-05 -3.7402e-05
14.55 -1.34647e-18 -4.905e-18 1.34647e-18 -4.905e-18 1.79529e-05 -3.7402e-05 -1.79529e-05 -3.7402e-05
14.56 -1.34647e-18 -4.905e-18 1.34647e-18 -4.905e-18 1.79529e-05 -3.7402e-05 -1.79529e-05 -3.7402e-05
14.57 -1.34647e-18 -4.905e-18 1.34647e-18 -4.905e-18 1.79529e-05 -3.7402e-05 -1.79529e-05 -3.7402e-05
14.58 -1.34647e-18 -4.905e-18 1.34647e-18 -4.905e-18 1.79529e-05 -3.7402e-05 -1.79529e-05 -3.7402e-05
14.59 -1.34647e-18 -4.905e-18 1.34647e-18 -4.905e-18 1.79529e-05 -3.7402e-05 -1.79529e-05 -3.7402e-05
14.6 -1.34647e-18 -4.905e-18 1.34647e-18 -4.905e-18 1.79529e-05 -3.7402e-05 -1.79529e-05 -3.7402e-05
14.61 -1.34647e-18 -4.905e-18 1.34647e-18 -4.905e-18 1.79529e-05 -3.7402e-05 -1.79529e-05 -3.7402e-05
14.62 -1.34647e-18 -4.905e-18 1.34647e-18 -4.905e-18 1.79529e-05 -3.7402e-05 -1.79529e-05 -3.7402e-05
14.63 -1.34647e-18 -4.905e-18 1.34647e-18 -4.905e-18 1.79529e-05 -3.7402e-05 -1.79529e-05 -3.7402e-05
14.64 -1.34647e-18 -4.905e-18 1.34647e-18 -4.905e-18 1.79529e-05 -3.7402e-05 -1.79529e-05 -3.7402e-05
14.65 -1.34647e-18 -4.905e-18 1.34647e-18 -4.905e-18 1.79529e-05 -3.7402e-05 -1.79529e-05 -3.7402e-05
14.66 -1.34647e-18 -4.905e-18 1.34647e-18 -4.905e-18 1.79529e-05 -3.7402e-05 -1.79529e-05 -3.7402e-05
14.67 -1.34647e-18 -4.905e-18 1.34647e-18 -4.905e-18 1.79529e-05 -3.7402e-05 -1.79529e-05 -3.7402e-05
14.68 -1.34647e-18 -4.905e-18 1.34647e-18 -4.905e-18 1.79529e-05 -3.7402e-05 -1.79529e-05 -3.7402e-05
14.69 -1.34647e-18 -4.905e-18 1.34647e-18 -4.905e-18 1.79529e-05 -3.7402e-05 -1.79529e-05 -3.7402e-05
14.7 -1.34647e-18 -4.905e-18 1.34647e-18 -4.905e-18 1.79529e-05 -3.7402e-05 -1.79529e-05 -3.7402e-05
14.71 -1.34647e-18 -4.905e-18 1.34647e-18 -4.905e-18 1.79529e-05 -3.7402e-05 -1.79529e-05 -3.7402e-05
14.72 -1.34647e-18 -4.905e-18 1.34647e-18 -4.905e-18 1.79529e-05 -3.7402e-05 -1.79529e-05 -3.7402e-05
14.73 -1.34647e-18 -4.905e-18 1.34647e-18 -4.905e-18 1.79529e-05 -3.7402e-05 -1.79529e-05 -3.7402e-05
14.74 -1.34647e-18 -4.905e-18 1.34647e-18 -4.905e-18 1.79529e-05 -3.7402e-05 -1.79529e-05 -3.7402e-05
14.75 -1.34647e-18 -4.905e-18 1.34647e-18 -4.905e-18 1.79529e-05 -3.7402e-05 -1.79529e-05 -3.7402e-05
14.76 -1.34647e-18 -4.905e-18 1.34647e-18 -4.905e-18 1.79529e-05 -3.7402e-05 -1.79529e-05 -3.7402e-05
14.77 -1.34647e-18 -4.905e-18 1.34647e-18 -4.905e-18 1.79529e-05 -3.7402e-05 -1.79529e-05 -3.7402e-05
14.78 -1.34647e-18 -4.905e-18 1.34647e-18 -4.905e-18 1.79529e-05 -3.7402e-05 -1.79529e-05 -3.7402e-05
14.79 -1.34647e-18 -4.905e-18 1.34647e-18 -4.905e-18 1.79529e-05 -3.7402e-05 -1.79529e-05 -3.7402e-05
14.8 -1.34647e-18 -4.905e-18 1.34647e-18 -4.905e-18 1.79529e-05 -3.7402e-05 -1.79529e-05 -3.7402e-05
14.81 -1.34647e-18 -4.905e-18 1.34647e-18 -4.905e-18 1.79529e-05 -3.7402e-05 -1.79529e-05 -3.7402e-05
14.82 -1.34647e-18 -4.905e-18 1.34647e-18 -4.905e-18 1.79529e-05 -3.7402e-05 -1.79529e-05 -3.7402e-05
14.83 -1.34647e-18 -4.905e-18 1.34647e-18 -4.905e-18 1.79529e-05 -3.7402e-05 -1.79529e-05 -3.7402e-05
14.84 -1.34647e-18 -4.905e-18 1.34647e-18 -4.905e-18 1.79529e-05 -3.7402e-05 -1.79529e-05 -3.7402e-05
14.85 -1.34647e-18 -4.905e-18 1.34647e-18 -4.905e-18 1.79529e-05 -3.7402e-05 -1.79529e-05 -3.7402e-05
14.86 -1.34647e-18 -4.905e-18 1.34647e-18 -4.905e-18 1.79529e-05 -3.7402e-05 -1.79529e-05 -3.7402e-05
14.87 -1.34647e-18 -4.905e-18 1.34647e-18 -4.905e-18 1.79529e-05 -3.7402e-05 -1.79529e-05 -3.7402e-05
14.88 -1.34647e-18 -4.905e-18 1.34647e-18 -4.905e-18 1.79529e-05 -3.7402e-05 -1.79529e-05 -3.7402e-05
14.89 -1.34647e-18 -4.905e-18 1.34647e-18 -4.905e-18 1.79529e-05 -3.7402e-05 -1.79529e-05 -3.7402e-05
14.9 -1.34647e-18 -4.905e-18 1.34647e-18 -4.905e-18 1.79529e-05 -3.7402e-05 -1.79529e-05 -3.7402e-05
14.91 -1.34647e-18 -4.905e-18 1.34647e-18 -4.905e-18 1.79529e-05 -3.7402e-05 -1.79529e-05 -3.7402e-05
14.92 -1.34647e-18 -4.905e-18 1.34647e-18 -4.905e-18 1.79529e-05 -3.7402e-05 -1.79529e-05 -3.7402e-05
14.93 -1.34647e-18 -4.905e-18 1.34647e-18 -4.905e-18 1.79529e-05 -3.7402e-05 -1.79529e-05 -3.7402e-05
14.94 -1.34647e-18 -4.905e-18 1.34647e-18 -4.905e-18 1.79529e-05 -3.7402e-05 -1.79529e-05 -3.7402e-05
14.95 -1.34647e-18 -4.905e-18 1.34647e-18 -4.905e-18 1.79529e-05 -3.7402e-05 -1.79529e-05 -3.7402e-05
14.96 -1.34647e-18 -4.905e-18 1.34647e-18 -4.905e-18 1.79529e-05 -3.7402e-05 -1.79529e-05 -3.7402e-05
14.97 -1.34647e-18 -4.905e-18 1.34647e-18 -4.905e-18 1.79529e-05 -3.7402e-05 -1.79529e-05 -3.7402e-05
14.98 -1.34647e-18 -4.905e-18 1.34647e-18 -4.905e-18 1.79529e-05 -3.7402e-05 -1.79529e-05 -3.7402e-05
14.99 -1.34647e-18 -4.905e-18 1.34647e-18 -4.905e-18 1.79529e-05 -3.7402e-05 -1.79529e-05 -3.7402e-05
15 -1.34647e-18 -4.905e-18 1.34647e-18 -4.905e-18 1.79529e-05 -3.7402e-05 -1.79529e-05 -3.7402e-05
15.01 -1.34647e-18 -4.905e-18 1.34647e-18 -4.905e-18 1.79529e-05 -3.7402e-05 -1.79529e-05 -3.7402e-05
15.02 -1.34647e-18 -4.905e-18 1.34647e-18 -4.905e-18 1.79529e-05 -3.7402e-05 -1.79529e-05 -3.7402e-05
15.03 -1.34647e-18 -4.905e-18 1.34647e-18 -4.905e-18 1.79529e-05 -3.7402e-05 -1.79529e-05 -3.7402e-05
15.04 -1.34647e-18 -4.905e-18 1.34647e-18 -4.905e-18 1.79529e-05 -3.7402e-05 -1.79529e-05 -3.7402e-05
15.05 -1.34647e-18 -4.905e-18 1.34647e-18 -4.905e-18 1.79529e-05 -3.7402e-05 -1.79529e-05 -3.7402e-05
15.06 -1.34647e-18 -4.905e-18 1.34647e-18 -4.905e-18 1.79529e-05 -3.7402e-05 -1.79529e-05 -3.7402e-05
15.07 -1.34647e-18 -4.905e-18 1.34647e-18 -4.905e-18 1.79529e-05 -3.7402e-05 -1.79529e-05 -3.7402e-05
15.08 -1.34647e-18 -4.905e-18 1.34647e-18 -4.905e-18 1.79529e-05 -3.7402e-05 -1.79529e-05 -3.7402e-05
15.09 -1.34647e-18 -4.905e-18 1.34647e-18 -4.905e-18 1.79529e-05 -3.7402e-05 -1.79529e-05 -3.7402e-05
15.1 -1.34647e-18 -4.905e-18 1.34647e-18 -4.905e-18 1.79529e-05 -3.7402e-05 -1.79529e-05 -3.7402e-05
15.11 -1.34647e-18 -4.905e-18 1.34647e-18 -4.905e-18 1.79529e-05 -3.7402e-05 -1.79529e-05 -3.7402e-05
15.12 -1.34647e-18 -4.905e-18 1.34647e-18 -4.905e-18 1.79529e-05 -3.7402e-05 -1.79529e-05 -3.7402e-05
15.13 -1.34647e-18 -4.905e-18 1.34647e-18 -4.905e-18 1.79529e-05 -3.7402e-05 -1.79529e-05 -3.7402e-05
15.14 -1.34647e-18 -4.905e-18 1.34647e-18 -4.905e-18 1.79529e-05 -3.7402e-05 -1.79529e-05 -3.7402e-05
15.15 -1.34647e-18 -4.905e-18 1.34647e-18 -4.905e-18 1.79529e-05 -3.7402e-05 -1.79529e-05 -3.7402e-05
15.16 -1.34647e-18 -4.905e-18 1.34647e-18 -4.905e-18 1.79529e-05 -3.7402e-05 -1.79529e-05 -3.7402e-05
15.17 -1.34647e-18 -4.905e-18 1.34647e-18 -4.905e-18 1.79529e-05 -3.7402e-05 -1.79529e-05 -3.7402e-05
15.18 -1.34647e-18 -4.905e-18 1.34647e-18 -4.905e-18 1.79529e-05 -3.7402e-05 -1.79529e-05 -3.7402e-05
15.19 -1.34647e-18 -4.905e-18 1.34647e-18 -4.905e-18 1.79529e-05 -3.7402e-05 -1.79529e-05 -3.7402e-05
15.2 -1.34647e-18 -4.905e-18 1.34647e-18 -4.905e-18 1.79529e-05 -3.7402e-05 -1.79529e-05 -3.7402e-05
15.21 -1.34647e-18 -4.905e-18 1.34647e-18 -4.905e-18 1.79529e-05 -3.7402e-05 -1.79529e-05 -3.7402e-05
15.22 -1.34647e-18 -4.905e-18 1.34647e-18 -4.905e-18 1.79529e-05 -3.7402e-05 -1.79529e-05 -3.7402e-05
15.23 -1.34647e-18 -4.905e-18 1.34647e-18 -4.905e-18 1.79529e-05 -3.7402e-05 -1.79529e-05 -3.7402e-05
15.24 -1.34647e-18 -4.905e-18 1.34647e-18 -4.905e-18 1.79529e-05 -3.7402e-05 -1.79529e-05 -3.7402e-05
15.25 -1.34647e-18 -4.905e-18 1.34647e-18 -4.905e-18 1.79529e-05 -3.7402e-05 -1.79529e-05 -3.7402e-05
15.26 -1.34647e-18 -4.905e-18 1.34647e-18 -4.905e-18 1.79529e-05 -3.7402e-05 -1.79529e-05 -3.7402e-05
15.27 -1.34647e-18 -4.905e-18 1.34647e-18 -4.905e-18 1.79529e-05 -3.7402e-05 -1.79529e-05 -3.7402e-05
15.28 -1.34647e-18 -4.905e-18 1.34647e-18 -4.905e-18 1.79529e-05 -3.7402e-05 -1.79529e-05 -3.7402e-05
15.29 -1.34647e-18 -4.905e-18 1.34647e-18 -4.905e-18 1.79529e-05 -3.7402e-05 -1.79529e-05 -3.7402e-05
15.3 -1.34647e-18 -4.905e-18 1.34647e-18 -4.905e-18 1.79529e-05 -3.7402e-05 -1.79529e-05 -3.7402e-05
15.31 -1.34647e-18 -4.905e-18 1.34647e-18 -4.905e-18 1.79529e-05 -3.7402e-05 -1.79529e-05 -3.7402e-05
15.32 -1.34647e-18 -4.905e-18 1.34647e-18 -4.905e-18 1.79529e-05 -3.7402e-05 -1.79529e-05 -3.7402e-05
15.33 -1.34647e-18 -4.905e-18 1.34647e-18 -4.905e-18 1.79529e-05 -3.7402e-05 -1.79529e-05 -3.7402e-05
15.34 -1.34647e-18 -4.905e-18 1.34647e-18 -4.905e-18 1.79529e-05 -3.7402e-05 -1.79529e-05 -3.7402e-05
15.35 -1.34647e-18 -4.905e-18 1.34647e-18 -4.905e-18 1.79529e-05 -3.7402e-05 -1.79529e-05 -3.7402e-05
15.36 -1.34647e-18 -4.905e-18 1.34647e-18 -4.905e-18 1.79529e-05 -3.7402e-05 -1.79529e-05 -3.7402e-05
15.37 -1.34647e-18 -4.905e-18 1.34647e-18 -4.905e-18 1.79529e-05 -3.7402e-05 -1.79529e-05 -3.7402e-05
15.38 -1.34647e-18 -4.905e-18 1.34647e-18 -4.905e-18 1.79529e-05 -3.7402e-05 -1.79529e-05 -3.7402e-05
15.39 -1.34647e-18 -4.905e-18 1.34647e-18 -4.905e-18 1.79529e-05 -3.7402e-05 -1.79529e-05 -3.7402e-05
15.4 -1.34647e-18 -4.905e-18 1.34647e-18 -4.905e-18 1.79529e-05 -3.7402e-05 -1.79529e-05 -3.7402e-05
15.41 -1.34647e-18 -4.905e-18 1.34647e-18 -4.905e-18 1.79529e-05 -3.7402e-05 -1.79529e-05 -3.7402e-05
15.42 -1.34647e-18 -4.905e-18 1.34647e-18 -4.905e-18 1.79529e-05 -3.7402e-05 -1.79529e-05 -3.7402e-05
15.43 -1.34647e-18 -4.905e-18 1.34647e-18 -4.905e-18 1.79529e-05 -3.7402e-05 -1.79529e-05 -3.7402e-05
15.44 -1.34647e-18 -4.905e-18 1.34647e-18 -4.905e-18 1.79529e-05 -3.7402e-05 -1.79529e-05 -3.7402e-05
15.45 -1.34647e-18 -4.905e-18 1.34647e-18 -4.905e-18 1.79529e-05 -3.7402e-05 -1.79529e-05 -3.7402e-05
15.46 -1.34647e-18 -4.905e-18 1.34647e-18 -4.905e-18 1.79529e-05 -3.7402e-05 -1.79529e-05 -3.7402e-05
15.47 -1.34647e-18 -4.905e-18 1.34647e-18 -4.905e-18 1.79529e-05 -3.7402e-05 -1.79529e-05 -3.7402e-05
15.48 -1.34647e-18 -4.905e-18 1.34647e-18 -4.905e-18 1.79529e-05 -3.7402e-05 -1.79529e-05 -3.7402e-05
15.49 -1.34647e-18 -4.905e-18 1.34647e-18 -4.905e-18 1.79529e-05 -3.7402e-05 -1.79529e-05 -3.7402e-05
15.5 -1.34647e-18 -4.905e-18 1.34647e-18 -4.905e-18 1.79529e-05 -3.7402e-05 -1.79529e-05 -3.7402e-05
15.51 -1.34647e-18 -4.905e-18 1.34647e-18 -4.905e-18 1.79529e-05 -3.7402e-05 -1.79529e-05 -3.7402e-05
15.52 -1.34647e-18 -4.905e-18 1.34647e-18 -4.905e-18 1.79529e-05 -3.7402e-05 -1.79529e-05 -3.7402e-05
15.53 -1.34647e-18 -4.905e-18 1.34647e-18 -4.905e-18 1.79529e-05 -3.7402e-05 -1.79529e-05 -3.7402e-05
15.54 -1.34647e-18 -4.905e-18 1.34647e-18 -4.905e-18 1.79529e-05 -3.7402e-05 -1.79529e-05 -3.7402e-05
15.55 -1.34647e-18 -4.905e-18 1.34647e-18 -4.905e-18 1.79529e-05 -3.7402e-05 -1.79529e-05 -3.7402e-05
15.56 -1.34647e-18 -4.905e-18 1.34647e-18 -4.905e-18 1.79529e-05 -3.7402e-05 -1.79529e-05 -3.7402e-05
15.57 -1.34647e-18 -4.905e-18 1.34647e-18 -4.905e-18 1.79529e-05 -3.7402e-05 -1.79529e-05 -3.7402e-05
15.58 -1.34647e-18 -4.905e-18 1.34647e-18 -4.905e-18 1.79529e-05 -3.7402e-05 -1.79529e-05 -3.7402e-05
15.59 -1.34647e-18 -4.905e-18 1.34647e-18 -4.905e-18 1.79529e-05 -3.7402e-05 -1.79529e-05 -3.7402e-05
15.6 -1.34647e-18 -4.905e-18 1.34647e-18 -4.905e-18 1.79529e-05 -3.7402e-05 -1.79529e-05 -3.7402e-05
15.61 -1.34647e-18 -4.905e-18 1.34647e-18 -4.905e-18 1.79529e-05 -3.7402e-05 -1.79529e-05 -3.7402e-05
15.62 -1.34647e-18 -4.905e-18 1.34647e-18 -4.905e-18 1.79529e-05 -3.7402e-05 -1.79529e-05 -3.7402e-05
15.63 -1.34647e-18 -4.905e-18 1.34647e-18 -4.905e-18 1.79529e-05 -3.7402e-05 -1.79529e-05 -3.7402e-05
15.64 -1.34647e-18 -4.905e-18 1.34647e-18 -4.905e-18 1.79529e-05 -3.7402e-05 -1.79529e-05 -3.7402e-05
15.65 -1.34647e-18 -4.905e-18 1.34647e-18 -4.905e-18 1.79529e-05 -3.7402e-05 -1.79529e-05 -3.7402e-05
15.66 -1.34647e-18 -4.905e-18 1.34647e-18 -4.905e-18 1.79529e-05 -3.7402e-05 -1.79529e-05 -3.7402e-05
15.67 -1.34647e-18 -4.905e-18 1.34647e-18 -4.905e-18 1.79529e-05 -3.7402e-05 -1.79529e-05 -3.7402e-05
15.68 -1.34647e-18 -4.905e-18 1.34647e-18 -4.905e-18 1.79529e-05 -3.7402e-05 -1.79529e-05 -3.7402e-05
15.69 -1.34647e-18 -4.905e-18 1.34647e-18 -4.905e-18 1.79529e-05 -3.7402e-05 -1.79529e-05 -3.7402e-05
15.7 -1.34647e-18 -4.905e-18 1.34647e-18 -4.905e-18 1.79529e-05 -3.7402e-05 -1.79529e-05 -3.7402e-05
15.71 -1.34647e-18 -4.905e-18 1.34647e-18 -4.905e-18 1.79529e-05 -3.7402e-05 -1.79529e-05 -3.7402e-05
15.72 -1.34647e-18 -4.905e-18 1.34647e-18 -4.905e-18 1.79529e-05 -3.7402e-05 -1.79529e-05 -3.7402e-05
15.73 -1.34647e-18 -4.905e-18 1.34647e-18 -4.905e-18 1.79529e-05 -3.7402e-05 -1.79529e-05 -3.7402e-05
15.74 -1.34647e-18 -4.905e-18 1.34647e-18 -4.905e-18 1.79529e-05 -3.7402e-05 -1.79529e-05 -3.7402e-05
15.75 -1.34647e-18 -4.905e-18 1.34647e-18 -4.905e-18 1.79529e-05 -3.7402e-05 -1.79529e-05 -3.7402e-05
15.76 -1.34647e-18 -4.905e-18 1.34647e-18 -4.905e-18 1.79529e-05 -3.7402e-05 -1.79529e-05 -3.7402e-05
15.77 -1.34647e-18 -4.905e-18 1.34647e-18 -4.905e-18 1.79529e-05 -3.7402e-05 -1.79529e-05 -3.7402e-05
15.78 -1.34647e-18 -4.905e-18 1.34647e-18 -4.905e-18 1.79529e-05 -3.7402e-05 -1.79529e-05 -3.7402e-05
15.79 -1.34647e-18 -4.905e-18 1.34647e-18 -4.905e-18 1.79529e-05 -3.7402e-05 -1.79529e-05 -3.7402e-05
15.8 -1.34647e-18 -4.905e-18 1.34647e-18 -4.905e-18 1.79529e-05 -3.7402e-05 -1.79529e-05 -3.7402e-05
15.81 -1.34647e-18 -4.905e-18 1.34647e-18 -4.905e-18 1.79529e-05 -3.7402e-05 -1.79529e-05 -3.7402e-05
15.82 -1.34647e-18 -4.905e-18 1.34647e-18 -4.905e-18 1.79529e-05 -3.7402e-05 -1.79529e-05 -3.7402e-05
15.83 -1.34647e-18 -4.905e-18 1.34647e-18 -4.905e-18 1.79529e-05 -3.7402e-05 -1.79529e-05 -3.7402e-05
15.84 -1.34647e-18 -4.905e-18 1.34647e-18 -4.905e-18 1.79529e-05 -3.7402e-05 -1.79529e-05 -3.7402e-05
15.85 -1.34647e-18 -4.905e-18 1.34647e-18 -4.905e-18 1.79529e-05 -3.7402e-05 -1.79529e-05 -3.7402e-05
15.86 -1.34647e-18 -4.905e-18 1.34647e-18 -4.905e-18 1.79529e-05 -3.7402e-05 -1.79529e-05 -3.7402e-05
15.87 -1.34647e-18 -4.905e-18 1.34647e-18 -4.905e-18 1.79529e-05 -3.7402e-05 -1.79529e-05 -3.7402e-05
15.88 -1.34647e-18 -4.905e-18 1.34647e-18 -4.905e-18 1.79529e-05 -3.7402e-05 -1.79529e-05 -3.7402e-05
15.89 -1.34647e-18 -4.905e-18 1.34647e-18 -4.905e-18 1.79529e-05 -3.7402e-05 -1.79529e-05 -3.7402e-05
15.9 -1.34647e-18 -4.905e-18 1.34647e-18 -4.905e-18 1.79529e-05 -3.7402e-05 -1.79529e-05 -3.7402e-05
15.91 -1.34647e-18 -4.905e-18 1.34647e-18 -4.905e-18 1.79529e-05 -3.7402e-05 -1.79529e-05 -3.7402e-05
15.92 -1.34647e-18 -4.905e-18 1.34647e-18 -4.905e-18 1.79529e-05 -3.7402e-05 -1.79529e-05 -3.7402e-05
15.93 -1.34647e-18 -4.905e-18 1.34647e-18 -4.905e-18 1.79529e-05 -3.7402e-05 -1.79529e-05 -3.7402e-05
15.94 -1.34647e-18 -4.905e-18 1.34647e-18 -4.905e-18 1.79529e-05 -3.7402e-05 -1.79529e-05 -3.7402e-05
15.95 -1.34647e-18 -4.905e-18 1.34647e-18 -4.905e-18 1.79529e-05 -3.7402e-05 -1.79529e-05 -3.7402e-05
15.96 -1.34647e-18 -4.905e-18 1.34647e-18 -4.905e-18 1.79529e-05 -3.7402e-05 -1.79529e-05 -3.7402e-05
15.97 -1.34647e-18 -4.905e-18 1.34647e-18 -4.905e-18 1.79529e-05 -3.7402e-05 -1.79529e-05 -3.7402e-05
15.98 -1.34647e-18 -4.905e-18 1.34647e-18 -4.905e-18 1.79529e-05 -3.7402e-05 -1.79529e-05 -3.7402e-05
15.99 -1.34647e-18 -4.905e-18 1.34647e-18 -4.905e-18 1.79529e-05 -3.7402e-05 -1.79529e-05 -3.7402e-05
16 -1.34647e-18 -4.905e-18 1.34647e-18 -4.905e-18 1.79529e-05 -3.7402e-05 -1.79529e-05 -3.7402e-05
16.01 -1.34647e-18 -4.905e-18 1.34647e-18 -4.905e-18 1.79529e-05 -3.7402e-05 -1.79529e-05 -3.7402e-05
16.02 -1.34647e-18 -4.905e-18 1.34647e-18 -4.905e-18 1.79529e-05 -3.7402e-05 -1.79529e-05 -3.7402e-05
16.03 -1.34647e-18 -4.905e-18 1.34647e-18 -4.905e-18 1.79529e-05 -3.7402e-05 -1.79529e-05 -3.7402e-05
16.04 -1.34647e-18 -4.905e-18 1.34647e-18 -4.905e-18 1.79529e-05 -3.7402e-05 -1.79529e-05 -3.7402e-05
16.05 -1.34647e-18 -4.905e-18 1.34647e-18 -4.905e-18 1.79529e-05 -3.7402e-05 -1.79529e-05 -3.7402e-05
16.06 -1.34647e-18 -4.905e-18 1.34647e-18 -4.905e-18 1.79529e-05 -3.7402e-05 -1.79529e-05 -3.7402e-05
16.07 -1.34647e-18 -4.905e-18 1.34647e-18 -4.905e-18 1.79529e-05 -3.7402e-05 -1.79529e-05 -3.7402e-05
16.08 -1.34647e-18 -4.905e-18 1.34647e-18 -4.905e-18 1.79529e-05 -3.7402e-05 -1.79529e-05 -3.7402e-05
16.09 -1.34647e-18 -4.905e-18 1.34647e-18 -4.905e-18 1.79529e-05 -3.7402e-05 -1.79529e-05 -3.7402e-05
16.1 -1.34647e-18 -4.905e-18 1.34647e-18 -4.905e-18 1.79529e-05 -3.7402e-05 -1.79529e-05 -3.7402e-05
16.11 -1.34647e-18 -4.905e-18 1.34647e-18 -4.905e-18 1.79529e-05 -3.7402e-05 -1.79529e-05 -3.7402e-05
16.12 -1.34647e-18 -4.905e-18 1.34647e-18 -4.905e-18 1.79529e-05 -3.7402e-05 -1.79529e-05 -3.7402e-05
16.13 -1.34647e-18 -4.905e-18 1.34647e-18 -4.905e-18 1.79529e-05 -3.7402e-05 -1.79529e-05 -3.7402e-05
16.14 -1.34647e-18 -4.905e-18 1.34647e-18 -4.905e-18 1.79529e-05 -3.7402e-05 -1.79529e-05 -3.7402e-05
16.15 -1.34647e-18 -4.905e-18 1.34647e-18 -4.905e-18 1.79529e-05 -3.7402e-05 -1.79529e-05 -3.7402e-05
16.16 -1.34647e-18 -4.905e-18 1.34647e-18 -4.905e-18 1.79529e-05 -3.7402e-05 -1.79529e-05 -3.7402e-05
16.17 -1.34647e-18 -4.905e-18 1.34647e-18 -4.905e-18 1.79529e-05 -3.7402e-05 -1.79529e-05 -3.7402e-05
16.18 -1.34647e-18 -4.905e-18 1.34647e-18 -4.905e-18 1.79529e-05 -3.7402e-05 -1.79529e-05 -3.7402e-05
16.19 -1.34647e-18 -4.905e-18 1.34647e-18 -4.905e-18 1.79529e-05 -3.7402e-05 -1.79529e-05 -3.7402e-05
16.2 -1.34647e-18 -4.905e-18 1.34647e-18 -4.905e-18 1.79529e-05 -3.7402e-05 -1.79529e-05 -3.7402e-05
16.21 -1.34647e-18 -4.905e-18 1.34647e-18 -4.905e-18 1.79529e-05 -3.7402e-05 -1.79529e-05 -3.7402e-05
16.22 -1.34647e-18 -4.905e-18 1.34647e-18 -4.905e-18 1.79529e-05 -3.7402e-05 -1.79529e-05 -3.7402e-05
16.23 -1.34647e-18 -4.905e-18 1.34647e-18 -4.905e-18 1.79529e-05 -3.7402e-05 -1.79529e-05 -3.7402e-05
16.24 -1.34647e-18 -4.905e-18 1.34647e-18 -4.905e-18 1.79529e-05 -3.7402e-05 -1.79529e-05 -3.7402e-05
16.25 -1.34647e-18 -4.905e-18 1.34647e-18 -4.905e-18 1.79529e-05 -3.7402e-05 -1.79529e-05 -3.7402e-05
16.26 -1.34647e-18 -4.905e-18 1.34647e-18 -4.905e-18 1.79529e-05 -3.7402e-05 -1.79529e-05 -3.7402e-05
16.27 -1.34647e-18 -4.905e-18 1.34647e-18 -4.905e-18 1.79529e-05 -3.7402e-05 -1.79529e-05 -3.7402e-05
16.28 -1.34647e-18 -4.905e-18 1.34647e-18 -4.905e-18 1.79529e-05 -3.7402e-05 -1.79529e-05 -3.7402e-05
16.29 -1.34647e-18 -4.905e-18 1.34647e-18 -4.905e-18 1.79529e-05 -3.7402e-05 -1.79529e-05 -3.7402e-05
16.3 -1.34647e-18 -4.905e-18 1.34647e-18 -4.905e-18 1.79529e-05 -3.7402e-05 -1.79529e-05 -3.7402e-05
16.31 -1.34647e-18 -4.905e-18 1.34647e-18 -4.905e-18 1.79529e-05 -3.7402e-05 -1.79529e-05 -3.7402e-05
16.32 -1.34647e-18 -4.905e-18 1.34647e-18 -4.905e-18 1.79529e-05 -3.7402e-05 -1.79529e-05 -3.7402e-05
16.33 -1.34647e-18 -4.905e-18 1.34647e-18 -4.905e-18 1.79529e-05 -3.7402e-05 -1.79529e-05 -3.7402e-05
16.34 -1.34647e-18 -4.905e-18 1.34647e-18 -4.905e-18 1.79529e-05 -3.7402e-05 -1.79529e-05 -3.7402e-05
16.35 -1.34647e-18 -4.905e-18 1.34647e-18 -4.905e-18 1.79529e-05 -3.7402e-05 -1.79529e-05 -3.7402e-05
16.36 -1.34647e-18 -4.905e-18 1.34647e-18 -4.905e-18 1.79529e-05 -3.7402e-05 -1.79529e-05 -3.7402e-05
16.37 -1.34647e-18 -4.905e-18 1.34647e-18 -4.905e-18 1.79529e-05 -3.7402e-05 -1.79529e-05 -3.7402e-05
16.38 -1.34647e-18 -4.905e-18 1.34647e-18 -4.905e-18 1.79529e-05 -3.7402e-05 -1.79529e-05 -3.7402e-05
16.39 -1.34647e-18 -4.905e-18 1.34647e-18 -4.905e-18 1.79529e-05 -3.7402e-05 -1.79529e-05 -3.7402e-05
16.4 -1.34647e-18 -4.905e-18 1.34647e-18 -4.905e-18 1.79529e-05 -3.7402e-05 -1.79529e-05 -3.7402e-05
16.41 -1.34647e-18 -4.905e-18 1.34647e-18 -4.905e-18 1.79529e-05 -3.7402e-05 -1.79529e-05 -3.7402e-05
16.42 -1.34647e-18 -4.905e-18 1.34647e-18 -4.905e-18 1.79529e-05 -3.7402e-05 -1.79529e-05 -3.7402e-05
16.43 -1.34647e-18 -4.905e-18 1.34647e-18 -4.905e-18 1.79529e-05 -3.7402e-05 -1.79529e-05 -3.7402e-05
16.44 -1.34647e-18 -4.905e-18 1.34647e-18 -4.905e-18 1.79529e-05 -3.7402e-05 -1.79529e-05 -3.7402e-05
16.45 -1.34647e-18 -4.905e-18 1.34647e-18 -4.905e-18 1.79529e-05 -3.7402e-05 -1.79529e-05 -3.7402e-05
16.46 -1.34647e-18 -4.905e-18 1.34647e-18 -4.905e-18 1.79529e-05 -3.7402e-05 -1.79529e-05 -3.7402e-05
16.47 -1.34647e-18 -4.905e-18 1.34647e-18 -4.905e-18 1.79529e-05 -3.7402e-05 -1.79529e-05 -3.7402e-05
16.48 -1.34647e-18 -4.905e-18 1.34647e-18 -4.905e-18 1.79529e-05 -3.7402e-05 -1.79529e-05 -3.7402e-05
16.49 -1.34647e-18 -4.905e-18 1.34647e-18 -4.905e-18 1.79529e-05 -3.7402e-05 -1.79529e-05 -3.7402e-05
16.5 -1.34647e-18 -4.905e-18 1.34647e-18 -4.905e-18 1.79529e-05 -3.7402e-05 -1.79529e-05 -3.7402e-05
16.51 -1.34647e-18 -4.905e-18 1.34647e-18 -4.905e-18 1.79529e-05 -3.7402e-05 -1.79529e-05 -3.7402e-05
16.52 -1.34647e-18 -4.905e-18 1.34647e-18 -4.905e-18 1.79529e-05 -3.7402e-05 -1.79529e-05 -3.7402e-05
16.53 -1.34647e-18 -4.905e-18 1.34647e-18 -4.905e-18 1.79529e-05 -3.7402e-05 -1.79529e-05 -3.7402e-05
16.54 -1.34647e-18 -4.905e-18 1.34647e-18 -4.905e-18 1.79529e-05 -3.7402e-05 -1.79529e-05 -3.7402e-05
16.55 -1.34647e-18 -4.905e-18 1.34647e-18 -4.905e-18 1.79529e-05 -3.7402e-05 -1.79529e-05 -3.7402e-05
16.56 -1.34647e-18 -4.905e-18 1.34647e-18 -4.905e-18 1.79529e-05 -3.7402e-05 -1.79529e-05 -3.7402e-05
16.57 -1.34647e-18 -4.905e-18 1.34647e-18 -4.905e-18 1.79529e-05 -3.7402e-05 -1.79529e-05 -3.7402e-05
16.58 -1.34647e-18 -4.905e-18 1.34647e-18 -4.905e-18 1.79529e-05 -3.7402e-05 -1.79529e-05 -3.7402e-05
16.59 -1.34647e-18 -4.905e-18 1.34647e-18 -4.905e-18 1.79529e-05 -3.7402e-05 -1.79529e-05 -3.7402e-05
16.6 -1.34647e-18 -4.905e-18 1.34647e-18 -4.905e-18 1.79529e-05 -3.7402e-05 -1.79529e-05 -3.7402e-05
16.61 -1.34647e-18 -4.905e-18 1.34647e-18 -4.905e-18 1.79529e-05 -3.7402e-05 -1.79529e-05 -3.7402e-05
16.62 -1.34647e-18 -4.905e-18 1.34647e-18 -4.905e-18 1.79529e-05 -3.7402e-05 -1.79529e-05 -3.7402e-05
16.63 -1.34647e-18 -4.905e-18 1.34647e-18 -4.905e-18 1.79529e-05 -3.7402e-05 -1.79529e-05 -3.7402e-05
16.64 -1.34647e-18 -4.905e-18 1.34647e-18 -4.905e-18 1.79529e-05 -3.7402e-05 -1.79529e-05 -3.7402e-05
16.65 -1.34647e-18 -4.905e-18 1.34647e-18 -4.905e-18 1.79529e-05 -3.7402e-05 -1.79529e-05 -3.7402e-05
16.66 -1.34647e-18 -4.905e-18 1.34647e-18 -4.905e-18 1.79529e-05 -3.7402e-05 -1.79529e-05 -3.7402e-05
16.67 -1.34647e-18 -4.905e-18 1.34647e-18 -4.905e-18 1.79529e-05 -3.7402e-05 -1.79529e-05 -3.7402e-05
16.68 -1.34647e-18 -4.905e-18 1.34647e-18 -4.905e-18 1.79529e-05 -3.7402e-05 -1.79529e-05 -3.7402e-05
16.69 -1.34647e-18 -4.905e-18 1.34647e-18 -4.905e-18 1.79529e-05 -3.7402e-05 -1.79529e-05 -3.7402e-05
16.7 -1.34647e-18 -4.905e-18 1.34647e-18 -4.905e-18 1.79529e-05 -3.7402e-05 -1.79529e-05 -3.7402e-05
16.71 -1.34647e-18 -4.905e-18 1.34647e-18 -4.905e-18 1.79529e-05 -3.7402e-05 -1.79529e-05 -3.7402e-05
16.72 -1.34647e-18 -4.905e-18 1.34647e-18 -4.905e-18 1.79529e-05 -3.7402e-05 -1.79529e-05 -3.7402e-05
16.73 -1.34647e-18 -4.905e-18 1.34647e-18 -4.905e-18 1.79529e-05 -3.7402e-05 -1.79529e-05 -3.7402e-05
16.74 -1.34647e-18 -4.905e-18 1.34647e-18 -4.905e-18 1.79529e-05 -3.7402e-05 -1.79529e-05 -3.7402e-05
16.75 -1.34647e-18 -4.905e-18 1.34647e-18 -4.905e-18 1.79529e-05 -3.7402e-05 -1.79529e-05 -3.7402e-05
16.76 -1.34647e-18 -4.905e-18 1.34647e-18 -4.905e-18 1.79529e-05 -3.7402e-05 -1.79529e-05 -3.7402e-05
16.77 -1.34647e-18 -4.905e-18 1.34647e-18 -4.905e-18 1.79529e-05 -3.7402e-05 -1.79529e-05 -3.7402e-05
16.78 -1.34647e-18 -4.905e-18 1.34647e-18 -4.905e-18 1.79529e-05 -3.7402e-05 -1.79529e-05 -3.7402e-05
16.79 -1.34647e-18 -4.905e-18 1.34647e-18 -4.905e-18 1.79529e-05 -3.7402e-05 -1.79529e-05 -3.7402e-05
16.8 -1.34647e-18 -4.905e-18 1.34647e-18 -4.905e-18 1.79529e-05 -3.7402e-05 -1.79529e-05 -3.7402e-05
16.81 -1.34647e-18 -4.905e-18 1.34647e-18 -4.905e-18 1.79529e-05 -3.7402e-05 -1.79529e-05 -3.7402e-05
16.82 -1.34647e-18 -4.905e-18 1.34647e-18 -4.905e-18 1.79529e-05 -3.7402e-05 -1.79529e-05 -3.7402e-05
16.83 -1.34647e-18 -4.905e-18 1.34647e-18 -4.905e-18 1.79529e-05 -3.7402e-05 -1.79529e-05 -3.7402e-05
16.84 -1.34647e-18 -4.905e-18 1.34647e-18 -4.905e-18 1.79529e-05 -3.7402e-05 -1.79529e-05 -3.7402e-05
16.85 -1.34647e-18 -4.905e-18 1.34647e-18 -4.905e-18 1.79529e-05 -3.7402e-05 -1.79529e-05 -3.7402e-05
16.86 -1.34647e-18 -4.905e-18 1.34647e-18 -4.905e-18 1.79529e-05 -3.7402e-05 -1.79529e-05 -3.7402e-05
16.87 -1.34647e-18 -4.905e-18 1.34647e-18 -4.905e-18 1.79529e-05 -3.7402e-05 -1.79529e-05 -3.7402e-05
16.88 -1.34647e-18 -4.905e-18 1.34647e-18 -4.905e-18 1.79529e-05 -3.7402e-05 -1.79529e-05 -3.7402e-05
16.89 -1.34647e-18 -4.905e-18 1.34647e-18 -4.905e-18 1.79529e-05 -3.7402e-05 -1.79529e-05 -3.7402e-05
16.9 -1.34647e-18 -4.905e-18 1.34647e-18 -4.905e-18 1.79529e-05 -3.7402e-05 -1.79529e-05 -3.7402e-05
16.91 -1.34647e-18 -4.905e-18 1.34647e-18 -4.905e-18 1.79529e-05 -3.7402e-05 -1.79529e-05 -3.7402e-05
16.92 -1.34647e-18 -4.905e-18 1.34647e-18 -4.905e-18 1.79529e-05 -3.7402e-05 -1.79529e-05 -3.7402e-05
16.93 -1.34647e-18 -4.905e-18 1.34647e-18 -4.905e-18 1.79529e-05 -3.7402e-05 -1.79529e-05 -3.7402e-05
16.94 -1.34647e-18 -4.905e-18 1.34647e-18 -4.905e-18 1.79529e-05 -3.7402e-05 -1.79529e-05 -3.7402e-05
16.95 -1.34647e-18 -4.905e-18 1.34647e-18 -4.905e-18 1.79529e-05 -3.7402e-05 -1.79529e-05 -3.7402e-05
16.96 -1.34647e-18 -4.905e-18 1.34647e-18 -4.905e-18 1.79529e-05 -3.7402e-05 -1.79529e-05 -3.7402e-05
16.97 -1.34647e-18 -4.905e-18 1.34647e-18 -4.905e-18 1.79529e-05 -3.7402e-05 -1.79529e-05 -3.7402e-05
16.98 -1.34647e-18 -4.905e-18 1.34647e-18 -4.905e-18 1.79529e-05 -3.7402e-05 -1.79529e-05 -3.7402e-05
16.99 -1.34647e-18 -4.905e-18 1.34647e-18 -4.905e-18 1.79529e-05 -3.7402e-05 -1.79529e-05 -3.7402e-05
17 -1.34647e-18 -4.905e-18 1.34647e-18 -4.905e-18 1.79529e-05 -3.7402e-05 -1.79529e-05 -3.7402e-05
17.01 -1.34647e-18 -4.905e-18 1.34647e-18 -4.905e-18 1.79529e-05 -3.7402e-05 -1.79529e-05 -3.7402e-05
17.02 -1.34647e-18 -4.905e-18 1.34647e-18 -4.905e-18 1.79529e-05 -3.7402e-05 -1.79529e-05 -3.7402e-05
17.03 -1.34647e-18 -4.905e-18 1.34647e-18 -4.905e-18 1.79529e-05 -3.7402e-05 -1.79529e-05 -3.7402e-05
17.04 -1.34647e-18 -4.905e-18 1.34647e-18 -4.905e-18 1.79529e-05 -3.7402e-05 -1.79529e-05 -3.7402e-05
17.05 -1.34647e-18 -4.905e-18 1.34647e-18 -4.905e-18 1.79529e-05 -3.7402e-05 -1.79529e-05 -3.7402e-05
17.06 -1.34647e-18 -4.905e-18 1.34647e-18 -4.905e-18 1.79529e-05 -3.7402e-05 -1.79529e-05 -3.7402e-05
17.07 -1.34647e-18 -4.905e-18 1.34647e-18 -4.905e-18 1.79529e-05 -3.7402e-05 -1.79529e-05 -3.7402e-05
17.08 -1.34647e-18 -4.905e-18 1.34647e-18 -4.905e-18 1.79529e-05 -3.7402e-05 -1.79529e-05 -3.7402e-05
17.09 -1.34647e-18 -4.905e-18 1.34647e-18 -4.905e-18 1.79529e-05 -3.7402e-05 -1.79529e-05 -3.7402e-05
17.1 -1.34647e-18 -4.905e-18 1.34647e-18 -4.905e-18 1.79529e-05 -3.7402e-05 -1.79529e-05 -3.7402e-05
17.11 -1.34647e-18 -4.905e-18 1.34647e-18 -4.905e-18 1.79529e-05 -3.7402e-05 -1.79529e-05 -3.7402e-05
17.12 -1.34647e-18 -4.905e-18 1.34647e-18 -4.905e-18 1.79529e-05 -3.7402e-05 -1.79529e-05 -3.7402e-05
17.13 -1.34647e-18 -4.905e-18 1.34647e-18 -4.905e-18 1.79529e-05 -3.7402e-05 -1.79529e-05 -3.7402e-05
17.14 -1.34647e-18 -4.905e-18 1.34647e-18 -4.905e-18 1.79529e-05 -3.7402e-05 -1.79529e-05 -3.7402e-05
17.15 -1.34647e-18 -4.905e-18 1.34647e-18 -4.905e-18 1.79529e-05 -3.7402e-05 -1.79529e-05 -3.7402e-05
17.16 -1.34647e-18 -4.905e-18 1.34647e-18 -4.905e-18 1.79529e-05 -3.7402e-05 -1.79529e-05 -3.7402e-05
17.17 -1.34647e-18 -4.905e-18 1.34647e-18 -4.905e-18 1.79529e-05 -3.7402e-05 -1.79529e-05 -3.7402e-05
17.18 -1.34647e-18 -4.905e-18 1.34647e-18 -4.905e-18 1.79529e-05 -3.7402e-05 -1.79529e-05 -3.7402e-05
17.19 -1.34647e-18 -4.905e-18 1.34647e-18 -4.905e-18 1.79529e-05 -3.7402e-05 -1.79529e-05 -3.7402e-05
17.2 -1.34647e-18 -4.905e-18 1.34647e-18 -4.905e-18 1.79529e-05 -3.7402e-05 -1.79529e-05 -3.7402e-05
17.21 -1.34647e-18 -4.905e-18 1.34647e-18 -4.905e-18 1.79529e-05 -3.7402e-05 -1.79529e-05 -3.7402e-05
17.22 -1.34647e-18 -4.905e-18 1.34647e-18 -4.905e-18 1.79529e-05 -3.7402e-05 -1.79529e-05 -3.7402e-05
17.23 -1.34647e-18 -4.905e-18 1.34647e-18 -4.905e-18 1.79529e-05 -3.7402e-05 -1.79529e-05 -3.7402e-05
17.24 -1.34647e-18 -4.905e-18 1.34647e-18 -4.905e-18 1.79529e-05 -3.7402e-05 -1.79529e-05 -3.7402e-05
17.25 -1.34647e-18 -4.905e-18 1.34647e-18 -4.905e-18 1.79529e-05 -3.7402e-05 -1.79529e-05 -3.7402e-05
17.26 -1.34647e-18 -4.905e-18 1.34647e-18 -4.905e-18 1.79529e-05 -3.7402e-05 -1.79529e-05 -3.7402e-05
17.27 -1.34647e-18 -4.905e-18 1.34647e-18 -4.905e-18 1.79529e-05 -3.7402e-05 -1.79529e-05 -3.7402e-05
17.28 -1.34647e-18 -4.905e-18 1.34647e-18 -4.905e-18 1.79529e-05 -3.7402e-05 -1.79529e-05 -3.7402e-05
17.29 -1.34647e-18 -4.905e-18 1.34647e-18 -4.905e-18 1.79529e-05 -3.7402e-05 -1.79529e-05 -3.7402e-05
17.3 -1.34647e-18 -4.905e-18 1.34647e-18 -4.905e-18 1.79529e-05 -3.7402e-05 -1.79529e-05 -3.7402e-05
17.31 -1.34647e-18 -4.905e-18 1.34647e-18 -4.905e-18 1.79529e-05 -3.7402e-05 -1.79529e-05 -3.7402e-05
17.32 -1.34647e-18 -4.905e-18 1.34647e-18 -4.905e-18 1.79529e-05 -3.7402e-05 -1.79529e-05 -3.7402e-05
17.33 -1.34647e-18 -4.905e-18 1.34647e-18 -4.905e-18 1.79529e-05 -3.7402e-05 -1.79529e-05 -3.7402e-05
17.34 -1.34647e-18 -4.905e-18 1.34647e-18 -4.905e-18 1.79529e-05 -3.7402e-05 -1.79529e-05 -3.7402e-05
17.35 -1.34647e-18 -4.905e-18 1.34647e-18 -4.905e-18 1.79529e-05 -3.7402e-05 -1.79529e-05 -3.7402e-05
17.36 -1.34647e-18 -4.905e-18 1.34647e-18 -4.905e-18 1.79529e-05 -3.7402e-05 -1.79529e-05 -3.7402e-05
17.37 -1.34647e-18 -4.905e-18 1.34647e-18 -4.905e-18 1.79529e-05 -3.7402e-05 -1.79529e-05 -3.7402e-05
17.38 -1.34647e-18 -4.905e-18 1.34647e-18 -4.905e-18 1.79529e-05 -3.7402e-05 -1.79529e-05 -3.7402e-05
17.39 -1.34647e-18 -4.905e-18 1.34647e-18 -4.905e-18 1.79529e-05 -3.7402e-05 -1.79529e-05 -3.7402e-05
17.4 -1.34647e-18 -4.905e-18 1.34647e-18 -4.905e-18 1.79529e-05 -3.7402e-05 -1.79529e-05 -3.7402e-05
17.41 -1.34647e-18 -4.905e-18 1.34647e-18 -4.905e-18 1.79529e-05 -3.7402e-05 -1.79529e-05 -3.7402e-05
17.42 -1.34647e-18 -4.905e-18 1.34647e-18 -4.905e-18 1.79529e-05 -3.7402e-05 -1.79529e-05 -3.7402e-05
17.43 -1.34647e-18 -4.905e-18 1.34647e-18 -4.905e-18 1.79529e-05 -3.7402e-05 -1.79529e-05 -3.7402e-05
17.44 -1.34647e-18 -4.905e-18 1.34647e-18 -4.905e-18 1.79529e-05 -3.7402e-05 -1.79529e-05 -3.7402e-05
17.45 -1.34647e-18 -4.905e-18 1.34647e-18 -4.905e-18 1.79529e-05 -3.7402e-05 -1.79529e-05 -3.7402e-05
17.46 -1.34647e-18 -4.905e-18 1.34647e-18 -4.905e-18 1.79529e-05 -3.7402e-05 -1.79529e-05 -3.7402e-05
17.47 -1.34647e-18 -4.905e-18 1.34647e-18 -4.905e-18 1.79529e-05 -3.7402e-05 -1.79529e-05 -3.7402e-05
17.48 -1.34647e-18 -4.905e-18 1.34647e-18 -4.905e-18 1.79529e-05 -3.7402e-05 -1.79529e-05 -3.7402e-05
17.49 -1.34647e-18 -4.905e-18 1.34647e-18 -4.905e-18 1.79529e-05 -3.7402e-05 -1.79529e-05 -3.7402e-05
17.5 -1.34647e-18 -4.905e-18 1.34647e-18 -4.905e-18 1.79529e-05 -3.7402e-05 -1.79529e-05 -3.7402e-05
17.51 -1.34647e-18 -4.905e-18 1.34647e-18 -4.905e-18 1.79529e-05 -3.7402e-05 -1.79529e-05 -3.7402e-05
17.52 -1.34647e-18 -4.905e-18 1.34647e-18 -4.905e-18 1.79529e-05 -3.7402e-05 -1.79529e-05 -3.7402e-05
17.53 -1.34647e-18 -4.905e-18 1.34647e-18 -4.905e-18 1.79529e-05 -3.7402e-05 -1.79529e-05 -3.7402e-05
17.54 -1.34647e-18 -4.905e-18 1.34647e-18 -4.905e-18 1.79529e-05 -3.7402e-05 -1.79529e-05 -3.7402e-05
17.55 -1.34647e-18 -4.905e-18 1.34647e-18 -4.905e-18 1.79529e-05 -3.7402e-05 -1.79529e-05 -3.7402e-05
17.56 -1.34647e-18 -4.905e-18 1.34647e-18 -4.905e-18 1.79529e-05 -3.7402e-05 -1.79529e-05 -3.7402e-05
17.57 -1.34647e-18 -4.905e-18 1.34647e-18 -4.905e-18 1.79529e-05 -3.7402e-05 -1.79529e-05 -3.7402e-05
17.58 -1.34647e-18 -4.905e-18 1.34647e-18 -4.905e-18 1.79529e-05 -3.7402e-05 -1.79529e-05 -3.7402e-05
17.59 -1.34647e-18 -4.905e-18 1.34647e-18 -4.905e-18 1.79529e-05 -3.7402e-05 -1.79529e-05 -3.7402e-05
17.6 -1.34647e-18 -4.905e-18 1.34647e-18 -4.905e-18 1.79529e-05 -3.7402e-05 -1.79529e-05 -3.7402e-05
17.61 -1.34647e-18 -4.905e-18 1.34647e-18 -4.905e-18 1.79529e-05 -3.7402e-05 -1.79529e-05 -3.7402e-05
17.62 -1.34647e-18 -4.905e-18 1.34647e-18 -4.905e-18 1.79529e-05 -3.7402e-05 -1.79529e-05 -3.7402e-05
17.63 -1.34647e-18 -4.905e-18 1.34647e-18 -4.905e-18 1.79529e-05 -3.7402e-05 -1.79529e-05 -3.7402e-05
17.64 -1.34647e-18 -4.905e-18 1.34647e-18 -4.905e-18 1.79529e-05 -3.7402e-05 -1.79529e-05 -3.7402e-05
17.65 -1.34647e-18 -4.905e-18 1.34647e-18 -4.905e-18 1.79529e-05 -3.7402e-05 -1.79529e-05 -3.7402e-05
17.66 -1.34647e-18 -4.905e-18 1.34647e-18 -4.905e-18 1.79529e-05 -3.7402e-05 -1.79529e-05 -3.7402e-05
17.67 -1.34647e-18 -4.905e-18 1.34647e-18 -4.905e-18 1.79529e-05 -3.7402e-05 -1.79529e-05 -3.7402e-05
17.68 -1.34647e-18 -4.905e-18 1.34647e-18 -4.905e-18 1.79529e-05 -3.7402e-05 -1.79529e-05 -3.7402e-05
17.69 -1.34647e-18 -4.905e-18 1.34647e-18 -4.905e-18 1.79529e-05 -3.7402e-05 -1.79529e-05 -3.7402e-05
17.7 -1.34647e-18 -4.905e-18 1.34647e-18 -4.905e-18 1.79529e-05 -3.7402e-05 -1.79529e-05 -3.7402e-05
17.71 -1.34647e-18 -4.905e-18 1.34647e-18 -4.905e-18 1.79529e-05 -3.7402e-05 -1.79529e-05 -3.7402e-05
17.72 -1.34647e-18 -4.905e-18 1.34647e-18 -4.905e-18 1.79529e-05 -3.7402e-05 -1.79529e-05 -3.7402e-05
17.73 -1.34647e-18 -4.905e-18 1.34647e-18 -4.905e-18 1.79529e-05 -3.7402e-05 -1.79529e-05 -3.7402e-05
17.74 -1.34647e-18 -4.905e-18 1.34647e-18 -4.905e-18 1.79529e-05 -3.7402e-05 -1.79529e-05 -3.7402e-05
17.75 -1.34647e-18 -4.905e-18 1.34647e-18 -4.905e-18 1.79529e-05 -3.7402e-05 -1.79529e-05 -3.7402e-05
17.76 -1.34647e-18 -4.905e-18 1.34647e-18 -4.905e-18 1.79529e-05 -3.7402e-05 -1.79529e-05 -3.7402e-05
17.77 -1.34647e-18 -4.905e-18 1.34647e-18 -4.905e-18 1.79529e-05 -3.7402e-05 -1.79529e-05 -3.7402e-05
17.78 -1.34647e-18 -4.905e-18 1.34647e-18 -4.905e-18 1.79529e-05 -3.7402e-05 -1.79529e-05 -3.7402e-05
17.79 -1.34647e-18 -4.905e-18 1.34647e-18 -4.905e-18 1.79529e-05 -3.7402e-05 -1.79529e-05 -3.7402e-05
17.8 -1.34647e-18 -4.905e-18 1.34647e-18 -4.905e-18 1.79529e-05 -3.7402e-05 -1.79529e-05 -3.7402e-05
17.81 -1.34647e-18 -4.905e-18 1.34647e-18 -4.905e-18 1.79529e-05 -3.7402e-05 -1.79529e-05 -3.7402e-05
17.82 -1.34647e-18 -4.905e-18 1.34647e-18 -4.905e-18 1.79529e-05 -3.7402e-05 -1.79529e-05 -3.7402e-05
17.83 -1.34647e-18 -4.905e-18 1.34647e-18 -4.905e-18 1.79529e-05 -3.7402e-05 -1.79529e-05 -3.7402e-05
17.84 -1.34647e-18 -4.905e-18 1.34647e-18 -4.905e-18 1.79529e-05 -3.7402e-05 -1.79529e-05 -3.7402e-05
17.85 -1.34647e-18 -4.905e-18 1.34647e-18 -4.905e-18 1.79529e-05 -3.7402e-05 -1.79529e-05 -3.7402e-05
17.86 -1.34647e-18 -4.905e-18 1.34647e-18 -4.905e-18 1.79529e-05 -3.7402e-05 -1.79529e-05 -3.7402e-05
17.87 -1.34647e-18 -4.905e-18 1.34647e-18 -4.905e-18 1.79529e-05 -3.7402e-05 -1.79529e-05 -3.7402e-05
17.88 -1.34647e-18 -4.905e-18 1.34647e-18 -4.905e-18 1.79529e-05 -3.7402e-05 -1.79529e-05 -3.7402e-05
17.89 -1.34647e-18 -4.905e-18 1.34647e-18 -4.905e-18 1.79529e-05 -3.7402e-05 -1.79529e-05 -3.7402e-05
17.9 -1.34647e-18 -4.905e-18 1.34647e-18 -4.905e-18 1.79529e-05 -3.7402e-05 -1.79529e-05 -3.7402e-05
17.91 -1.34647e-18 -4.905e-18 1.34647e-18 -4.905e-18 1.79529e-05 -3.7402e-05 -1.79529e-05 -3.7402e-05
17.92 -1.34647e-18 -4.905e-18 1.34647e-18 -4.905e-18 1.79529e-05 -3.7402e-05 -1.79529e-05 -3.7402e-05
17.93 -1.34647e-18 -4.905e-18 1.34647e-18 -4.905e-18 1.79529e-05 -3.7402e-05 -1.79529e-05 -3.7402e-05
17.94 -1.34647e-18 -4.905e-18 1.34647e-18 -4.905e-18 1.79529e-05 -3.7402e-05 -1.79529e-05 -3.7402e-05
17.95 -1.34647e-18 -4.905e-18 1.34647e-18 -4.905e-18 1.79529e-05 -3.7402e-05 -1.79529e-05 -3.7402e-05
17.96 -1.34647e-18 -4.905e-18 1.34647e-18 -4.905e-18 1.79529e-05 -3.7402e-05 -1.79529e-05 -3.7402e-05
17.97 -1.34647e-18 -4.905e-18 1.34647e-18 -4.905e-18 1.79529e-05 -3.7402e-05 -1.79529e-05 -3.7402e-05
17.98 -1.34647e-18 -4.905e-18 1.34647e-18 -4.905e-18 1.79529e-05 -3.7402e-05 -1.79529e-05 -3.7402e-05
17.99 -1.34647e-18 -4.905e-18 1.34647e-18 -4.905e-18 1.79529e-05 -3.7402e-05 -1.79529e-05 -3.7402e-05
18 -1.34647e-18 -4.905e-18 1.34647e-18 -4.905e-18 1.79529e-05 -3.7402e-05 -1.79529e-05 -3.7402e-05
18.01 -1.34647e-18 -4.905e-18 1.34647e-18 -4.905e-18 1.79529e-05 -3.7402e-05 -1.79529e-05 -3.7402e-05
18.02 -1.34647e-18 -4.905e-18 1.34647e-18 -4.905e-18 1.79529e-05 -3.7402e-05 -1.79529e-05 -3.7402e-05
18.03 -1.34647e-18 -4.905e-18 1.34647e-18 -4.905e-18 1.79529e-05 -3.7402e-05 -1.79529e-05 -3.7402e-05
18.04 -1.34647e-18 -4.905e-18 1.34647e-18 -4.905e-18 1.79529e-05 -3.7402e-05 -1.79529e-05 -3.7402e-05
18.05 -1.34647e-18 -4.905e-18 1.34647e-18 -4.905e-18 1.79529e-05 -3.7402e-05 -1.79529e-05 -3.7402e-05
18.06 -1.34647e-18 -4.905e-18 1.34647e-18 -4.905e-18 1.79529e-05 -3.7402e-05 -1.79529e-05 -3.7402e-05
18.07 -1.34647e-18 -4.905e-18 1.34647e-18 -4.905e-18 1.79529e-05 -3.7402e-05 -1.79529e-05 -3.7402e-05
18.08 -1.34647e-18 -4.905e-18 1.34647e-18 -4.905e-18 1.79529e-05 -3.7402e-05 -1.79529e-05 -3.7402e-05
18.09 -1.34647e-18 -4.905e-18 1.34647e-18 -4.905e-18 1.79529e-05 -3.7402e-05 -1.79529e-05 -3.7402e-05
18.1 -1.34647e-18 -4.905e-18 1.34647e-18 -4.905e-18 1.79529e-05 -3.7402e-05 -1.79529e-05 -3.7402e-05
18.11 -1.34647e-18 -4.905e-18 1.34647e-18 -4.905e-18 1.79529e-05 -3.7402e-05 -1.79529e-05 -3.7402e-05
18.12 -1.34647e-18 -4.905e-18 1.34647e-18 -4.905e-18 1.79529e-05 -3.7402e-05 -1.79529e-05 -3.7402e-05
18.13 -1.34647e-18 -4.905e-18 1.34647e-18 -4.905e-18 1.79529e-05 -3.7402e-05 -1.79529e-05 -3.7402e-05
18.14 -1.34647e-18 -4.905e-18 1.34647e-18 -4.905e-18 1.79529e-05 -3.7402e-05 -1.79529e-05 -3.7402e-05
18.15 -1.34647e-18 -4.905e-18 1.34647e-18 -4.905e-18 1.79529e-05 -3.7402e-05 -1.79529e-05 -3.7402e-05
18.16 -1.34647e-18 -4.905e-18 1.34647e-18 -4.905e-18 1.79529e-05 -3.7402e-05 -1.79529e-05 -3.7402e-05
18.17 -1.34647e-18 -4.905e-18 1.34647e-18 -4.905e-18 1.79529e-05 -3.7402e-05 -1.79529e-05 -3.7402e-05
18.18 -1.34647e-18 -4.905e-18 1.34647e-18 -4.905e-18 1.79529e-05 -3.7402e-05 -1.79529e-05 -3.7402e-05
18.19 -1.34647e-18 -4.905e-18 1.34647e-18 -4.905e-18 1.79529e-05 -3.7402e-05 -1.79529e-05 -3.7402e-05
18.2 -1.34647e-18 -4.905e-18 1.34647e-18 -4.905e-18 1.79529e-05 -3.7402e-05 -1.79529e-05 -3.7402e-05
18.21 -1.34647e-18 -4.905e-18 1.34647e-18 -4.905e-18 1.79529e-05 -3.7402e-05 -1.79529e-05 -3.7402e-05
18.22 -1.34647e-18 -4.905e-18 1.34647e-18 -4.905e-18 1.79529e-05 -3.7402e-05 -1.79529e-05 -3.7402e-05
18.23 -1.34647e-18 -4.905e-18 1.34647e-18 -4.905e-18 1.79529e-05 -3.7402e-05 -1.79529e-05 -3.7402e-05
18.24 -1.34647e-18 -4.905e-18 1.34647e-18 -4.905e-18 1.79529e-05 -3.7402e-05 -1.79529e-05 -3.7402e-05
18.25 -1.34647e-18 -4.905e-18 1.34647e-18 -4.905e-18 1.79529e-05 -3.7402e-05 -1.79529e-05 -3.7402e-05
18.26 -1.34647e-18 -4.905e-18 1.34647e-18 -4.905e-18 1.79529e-05 -3.7402e-05 -1.79529e-05 -3.7402e-05
18.27 -1.34647e-18 -4.905e-18 1.34647e-18 -4.905e-18 1.79529e-05 -3.7402e-05 -1.79529e-05 -3.7402e-05
18.28 -1.34647e-18 -4.905e-18 1.34647e-18 -4.905e-18 1.79529e-05 -3.7402e-05 -1.79529e-05 -3.7402e-05
18.29 -1.34647e-18 -4.905e-18 1.34647e-18 -4.905e-18 1.79529e-05 -3.7402e-05 -1.79529e-05 -3.7402e-05
18.3 -1.34647e-18 -4.905e-18 1.34647e-18 -4.905e-18 1.79529e-05 -3.7402e-05 -1.79529e-05 -3.7402e-05
18.31 -1.34647e-18 -4.905e-18 1.34647e-18 -4.905e-18 1.79529e-05 -3.7402e-05 -1.79529e-05 -3.7402e-05
18.32 -1.34647e-18 -4.905e-18 1.34647e-18 -4.905e-18 1.79529e-05 -3.7402e-05 -1.79529e-05 -3.7402e-05
18.33 -1.34647e-18 -4.905e-18 1.34647e-18 -4.905e-18 1.79529e-05 -3.7402e-05 -1.79529e-05 -3.7402e-05
18.34 -1.34647e-18 -4.905e-18 1.34647e-18 -4.905e-18 1.79529e-05 -3.7402e-05 -1.79529e-05 -3.7402e-05
18.35 -1.34647e-18 -4.905e-18 1.34647e-18 -4.905e-18 1.79529e-05 -3.7402e-05 -1.79529e-05 -3.7402e-05
18.36 -1.34647e-18 -4.905e-18 1.34647e-18 -4.905e-18 1.79529e-05 -3.7402e-05 -1.79529e-05 -3.7402e-05
18.37 -1.34647e-18 -4.905e-18 1.34647e-18 -4.905e-18 1.79529e-05 -3.7402e-05 -1.79529e-05 -3.7402e-05
18.38 -1.34647e-18 -4.905e-18 1.34647e-18 -4.905e-18 1.79529e-05 -3.7402e-05 -1.79529e-05 -3.7402e-05
18.39 -1.34647e-18 -4.905e-18 1.34647e-18 -4.905e-18 1.79529e-05 -3.7402e-05 -1.79529e-05 -3.7402e-05
18.4 -1.34647e-18 -4.905e-18 1.34647e-18 -4.905e-18 1.79529e-05 -3.7402e-05 -1.79529e-05 -3.7402e-05
18.41 -1.34647e-18 -4.905e-18 1.34647e-18 -4.905e-18 1.79529e-05 -3.7402e-05 -1.79529e-05 -3.7402e-05
18.42 -1.34647e-18 -4.905e-18 1.34647e-18 -4.905e-18 1.79529e-05 -3.7402e-05 -1.79529e-05 -3.7402e-05
18.43 -1.34647e-18 -4.905e-18 1.34647e-18 -4.905e-18 1.79529e-05 -3.7402e-05 -1.79529e-05 -3.7402e-05
18.44 -1.34647e-18 -4.905e-18 1.34647e-18 -4.905e-18 1.79529e-05 -3.7402e-05 -1.79529e-05 -3.7402e-05
18.45 -1.34647e-18 -4.905e-18 1.34647e-18 -4.905e-18 1.79529e-05 -3.7402e-05 -1.79529e-05 -3.7402e-05
18.46 -1.34647e-18 -4.905e-18 1.34647e-18 -4.905e-18 1.79529e-05 -3.7402e-05 -1.79529e-05 -3.7402e-05
18.47 -1.34647e-18 -4.905e-18 1.34647e-18 -4.905e-18 1.79529e-05 -3.7402e-05 -1.79529e-05 -3.7402e-05
18.48 -1.34647e-18 -4.905e-18 1.34647e-18 -4.905e-18 1.79529e-05 -3.7402e-05 -1.79529e-05 -3.7402e-05
18.49 -1.34647e-18 -4.905e-18 1.34647e-18 -4.905e-18 1.79529e-05 -3.7402e-05 -1.79529e-05 -3.7402e-05
18.5 -1.34647e-18 -4.905e-18 1.34647e-18 -4.905e-18 1.79529e-05 -3.7402e-05 -1.79529e-05 -3.7402e-05
18.51 -1.34647e-18 -4.905e-18 1.34647e-18 -4.905e-18 1.79529e-05 -3.7402e-05 -1.79529e-05 -3.7402e-05
18.52 -1.34647e-18 -4.905e-18 1.34647e-18 -4.905e-18 1.79529e-05 -3.7402e-05 -1.79529e-05 -3.7402e-05
18.53 -1.34647e-18 -4.905e-18 1.34647e-18 -4.905e-18 1.79529e-05 -3.7402e-05 -1.79529e-05 -3.7402e-05
18.54 -1.34647e-18 -4.905e-18 1.34647e-18 -4.905e-18 1.79529e-05 -3.7402e-05 -1.79529e-05 -3.7402e-05
18.55 -1.34647e-18 -4.905e-18 1.34647e-18 -4.905e-18 1.79529e-05 -3.7402e-05 -1.79529e-05 -3.7402e-05
18.56 -1.34647e-18 -4.905e-18 1.34647e-18 -4.905e-18 1.79529e-05 -3.7402e-05 -1.79529e-05 -3.7402e-05
18.57 -1.34647e-18 -4.905e-18 1.34647e-18 -4.905e-18 1.79529e-05 -3.7402e-05 -1.79529e-05 -3.7402e-05
18.58 -1.34647e-18 -4.905e-18 1.34647e-18 -4.905e-18 1.79529e-05 -3.7402e-05 -1.79529e-05 -3.7402e-05
18.59 -1.34647e-18 -4.905e-18 1.34647e-18 -4.905e-18 1.79529e-05 -3.7402e-05 -1.79529e-05 -3.7402e-05
18.6 -1.34647e-18 -4.905e-18 1.34647e-18 -4.905e-18 1.79529e-05 -3.7402e-05 -1.79529e-05 -3.7402e-05
18.61 -1.34647e-18 -4.905e-18 1.34647e-18 -4.905e-18 1.79529e-05 -3.7402e-05 -1.79529e-05 -3.7402e-05
18.62 -1.34647e-18 -4.905e-18 1.34647e-18 -4.905e-18 1.79529e-05 -3.7402e-05 -1.79529e-05 -3.7402e-05
18.63 -1.34647e-18 -4.905e-18 1.34647e-18 -4.905e-18 1.79529e-05 -3.7402e-05 -1.79529e-05 -3.7402e-05
18.64 -1.34647e-18 -4.905e-18 1.34647e-18 -4.905e-18 1.79529e-05 -3.7402e-05 -1.79529e-05 -3.7402e-05
18.65 -1.34647e-18 -4.905e-18 1.34647e-18 -4.905e-18 1.79529e-05 -3.7402e-05 -1.79529e-05 -3.7402e-05
18.66 -1.34647e-18 -4.905e-18 1.34647e-18 -4.905e-18 1.79529e-05 -3.7402e-05 -1.79529e-05 -3.7402e-05
18.67 -1.34647e-18 -4.905e-18 1.34647e-18 -4.905e-18 1.79529e-05 -3.7402e-05 -1.79529e-05 -3.7402e-05
18.68 -1.34647e-18 -4.905e-18 1.34647e-18 -4.905e-18 1.79529e-05 -3.7402e-05 -1.79529e-05 -3.7402e-05
18.69 -1.34647e-18 -4.905e-18 1.34647e-18 -4.905e-18 1.79529e-05 -3.7402e-05 -1.79529e-05 -3.7402e-05
18.7 -1.34647e-18 -4.905e-18 1.34647e-18 -4.905e-18 1.79529e-05 -3.7402e-05 -1.79529e-05 -3.7402e-05
18.71 -1.34647e-18 -4.905e-18 1.34647e-18 -4.905e-18 1.79529e-05 -3.7402e-05 -1.79529e-05 -3.7402e-05
18.72 -1.34647e-18 -4.905e-18 1.34647e-18 -4.905e-18 1.79529e-05 -3.7402e-05 -1.79529e-05 -3.7402e-05
18.73 -1.34647e-18 -4.905e-18 1.34647e-18 -4.905e-18 1.79529e-05 -3.7402e-05 -1.79529e-05 -3.7402e-05
18.74 -1.34647e-18 -4.905e-18 1.34647e-18 -4.905e-18 1.79529e-05 -3.7402e-05 -1.79529e-05 -3.7402e-05
18.75 -1.34647e-18 -4.905e-18 1.34647e-18 -4.905e-18 1.79529e-05 -3.7402e-05 -1.79529e-05 -3.7402e-05
18.76 -1.34647e-18 -4.905e-18 1.34647e-18 -4.905e-18 1.79529e-05 -3.7402e-05 -1.79529e-05 -3.7402e-05
18.77 -1.34647e-18 -4.905e-18 1.34647e-18 -4.905e-18 1.79529e-05 -3.7402e-05 -1.79529e-05 -3.7402e-05
18.78 -1.34647e-18 -4.905e-18 1.34647e-18 -4.905e-18 1.79529e-05 -3.7402e-05 -1.79529e-05 -3.7402e-05
18.79 -1.34647e-18 -4.905e-18 1.34647e-18 -4.905e-18 1.79529e-05 -3.7402e-05 -1.79529e-05 -3.7402e-05
18.8 -1.34647e-18 -4.905e-18 1.34647e-18 -4.905e-18 1.79529e-05 -3.7402e-05 -1.79529e-05 -3.7402e-05
18.81 -1.34647e-18 -4.905e-18 1.34647e-18 -4.905e-18 1.79529e-05 -3.7402e-05 -1.79529e-05 -3.7402e-05
18.82 -1.34647e-18 -4.905e-18 1.34647e-18 -4.905e-18 1.79529e-05 -3.7402e-05 -1.79529e-05 -3.7402e-05
18.83 -1.34647e-18 -4.905e-18 1.34647e-18 -4.905e-18 1.79529e-05 -3.7402e-05 -1.79529e-05 -3.7402e-05
18.84 -1.34647e-18 -4.905e-18 1.34647e-18 -4.905e-18 1.79529e-05 -3.7402e-05 -1.79529e-05 -3.7402e-05
18.85 -1.34647e-18 -4.905e-18 1.34647e-18 -4.905e-18 1.79529e-05 -3.7402e-05 -1.79529e-05 -3.7402e-05
18.86 -1.34647e-18 -4.905e-18 1.34647e-18 -4.905e-18 1.79529e-05 -3.7402e-05 -1.79529e-05 -3.7402e-05
18.87 -1.34647e-18 -4.905e-18 1.34647e-18 -4.905e-18 1.79529e-05 -3.7402e-05 -1.79529e-05 -3.7402e-05
18.88 -1.34647e-18 -4.905e-18 1.34647e-18 -4.905e-18 1.79529e-05 -3.7402e-05 -1.79529e-05 -3.7402e-05
18.89 -1.34647e-18 -4.905e-18 1.34647e-18 -4.905e-18 1.79529e-05 -3.7402e-05 -1.79529e-05 -3.7402e-05
18.9 -1.34647e-18 -4.905e-18 1.34647e-18 -4.905e-18 1.79529e-05 -3.7402e-05 -1.79529e-05 -3.7402e-05
18.91 -1.34647e-18 -4.905e-18 1.34647e-18 -4.905e-18 1.79529e-05 -3.7402e-05 -1.79529e-05 -3.7402e-05
18.92 -1.34647e-18 -4.905e-18 1.34647e-18 -4.905e-18 1.79529e-05 -3.7402e-05 -1.79529e-05 -3.7402e-05
18.93 -1.34647e-18 -4.905e-18 1.34647e-18 -4.905e-18 1.79529e-05 -3.7402e-05 -1.79529e-05 -3.7402e-05
18.94 -1.34647e-18 -4.905e-18 1.34647e-18 -4.905e-18 1.79529e-05 -3.7402e-05 -1.79529e-05 -3.7402e-05
18.95 -1.34647e-18 -4.905e-18 1.34647e-18 -4.905e-18 1.79529e-05 -3.7402e-05 -1.79529e-05 -3.7402e-05
18.96 -1.34647e-18 -4.905e-18 1.34647e-18 -4.905e-18 1.79529e-05 -3.7402e-05 -1.79529e-05 -3.7402e-05
18.97 -1.34647e-18 -4.905e-18 1.34647e-18 -4.905e-18 1.79529e-05 -3.7402e-05 -1.79529e-05 -3.7402e-05
18.98 -1.34647e-18 -4.905e-18 1.34647e-18 -4.905e-18 1.79529e-05 -3.7402e-05 -1.79529e-05 -3.7402e-05
18.99 -1.34647e-18 -4.905e-18 1.34647e-18 -4.905e-18 1.79529e-05 -3.7402e-05 -1.79529e-05 -3.7402e-05
19 -1.34647e-18 -4.905e-18 1.34647e-18 -4.905e-18 1.79529e-05 -3.7402e-05 -1.79529e-05 -3.7402e-05
19.01 -1.34647e-18 -4.905e-18 1.34647e-18 -4.905e-18 1.79529e-05 -3.7402e-05 -1.79529e-05 -3.7402e-05
19.02 -1.34647e-18 -4.905e-18 1.34647e-18 -4.905e-18 1.79529e-05 -3.7402e-05 -1.79529e-05 -3.7402e-05
19.03 -1.34647e-18 -4.905e-18 1.34647e-18 -4.905e-18 1.79529e-05 -3.7402e-05 -1.79529e-05 -3.7402e-05
19.04 -1.34647e-18 -4.905e-18 1.34647e-18 -4.905e-18 1.79529e-05 -3.7402e-05 -1.79529e-05 -3.7402e-05
19.05 -1.34647e-18 -4.905e-18 1.34647e-18 -4.905e-18 1.79529e-05 -3.7402e-05 -1.79529e-05 -3.7402e-05
19.06 -1.34647e-18 -4.905e-18 1.34647e-18 -4.905e-18 1.79529e-05 -3.7402e-05 -1.79529e-05 -3.7402e-05
19.07 -1.34647e-18 -4.905e-18 1.34647e-18 -4.905e-18 1.79529e-05 -3.7402e-05 -1.79529e-05 -3.7402e-05
19.08 -1.34647e-18 -4.905e-18 1.34647e-18 -4.905e-18 1.79529e-05 -3.7402e-05 -1.79529e-05 -3.7402e-05
19.09 -1.34647e-18 -4.905e-18 1.34647e-18 -4.905e-18 1.79529e-05 -3.7402e-05 -1.79529e-05 -3.7402e-05
19.1 -1.34647e-18 -4.905e-18 1.34647e-18 -4.905e-18 1.79529e-05 -3.7402e-05 -1.79529e-05 -3.7402e-05
19.11 -1.34647e-18 -4.905e-18 1.34647e-18 -4.905e-18 1.79529e-05 -3.7402e-05 -1.79529e-05 -3.7402e-05
19.12 -1.34647e-18 -4.905e-18 1.34647e-18 -4.905e-18 1.79529e-05 -3.7402e-05 -1.79529e-05 -3.7402e-05
19.13 -1.34647e-18 -4.905e-18 1.34647e-18 -4.905e-18 1.79529e-05 -3.7402e-05 -1.79529e-05 -3.7402e-05
19.14 -1.34647e-18 -4.905e-18 1.34647e-18 -4.905e-18 1.79529e-05 -3.7402e-05 -1.79529e-05 -3.7402e-05
19.15 -1.34647e-18 -4.905e-18 1.34647e-18 -4.905e-18 1.79529e-05 -3.7402e-05 -1.79529e-05 -3.7402e-05
19.16 -1.34647e-18 -4.905e-18 1.34647e-18 -4.905e-18 1.79529e-05 -3.7402e-05 -1.79529e-05 -3.7402e-05
19.17 -1.34647e-18 -4.905e-18 1.34647e-18 -4.905e-18 1.79529e-05 -3.7402e-05 -1.79529e-05 -3.7402e-05
19.18 -1.34647e-18 -4.905e-18 1.34647e-18 -4.905e-18 1.79529e-05 -3.7402e-05 -1.79529e-05 -3.7402e-05
19.19 -1.34647e-18 -4.905e-18 1.34647e-18 -4.905e-18 1.79529e-05 -3.7402e-05 -1.79529e-05 -3.7402e-05
19.2 -1.34647e-18 -4.905e-18 1.34647e-18 -4.905e-18 1.79529e-05 -3.7402e-05 -1.79529e-05 -3.7402e-05
19.21 -1.34647e-18 -4.905e-18 1.34647e-18 -4.905e-18 1.79529e-05 -3.7402e-05 -1.79529e-05 -3.7402e-05
19.22 -1.34647e-18 -4.905e-18 1.34647e-18 -4.905e-18 1.79529e-05 -3.7402e-05 -1.79529e-05 -3.7402e-05
19.23 -1.34647e-18 -4.905e-18 1.34647e-18 -4.905e-18 1.79529e-05 -3.7402e-05 -1.79529e-05 -3.7402e-05
19.24 -1.34647e-18 -4.905e-18 1.34647e-18 -4.905e-18 1.79529e-05 -3.7402e-05 -1.79529e-05 -3.7402e-05
19.25 -1.34647e-18 -4.905e-18 1.34647e-18 -4.905e-18 1.79529e-05 -3.7402e-05 -1.79529e-05 -3.7402e-05
19.26 -1.34647e-18 -4.905e-18 1.34647e-18 -4.905e-18 1.79529e-05 -3.7402e-05 -1.79529e-05 -3.7402e-05
19.27 -1.34647e-18 -4.905e-18 1.34647e-18 -4.905e-18 1.79529e-05 -3.7402e-05 -1.79529e-05 -3.7402e-05
19.28 -1.34647e-18 -4.905e-18 1.34647e-18 -4.905e-18 1.79529e-05 -3.7402e-05 -1.79529e-05 -3.7402e-05
19.29 -1.34647e-18 -4.905e-18 1.34647e-18 -4.905e-18 1.79529e-05 -3.7402e-05 -1.79529e-05 -3.7402e-05
19.3 -1.34647e-18 -4.905e-18 1.34647e-18 -4.905e-18 1.79529e-05 -3.7402e-05 -1.79529e-05 -3.7402e-05
19.31 -1.34647e-18 -4.905e-18 1.34647e-18 -4.905e-18 1.79529e-05 -3.7402e-05 -1.79529e-05 -3.7402e-05
19.32 -1.34647e-18 -4.905e-18 1.34647e-18 -4.905e-18 1.79529e-05 -3.7402e-05 -1.79529e-05 -3.7402e-05
19.33 -1.34647e-18 -4.905e-18 1.34647e-18 -4.905e-18 1.79529e-05 -3.7402e-05 -1.79529e-05 -3.7402e-05
19.34 -1.34647e-18 -4.905e-18 1.34647e-18 -4.905e-18 1.79529e-05 -3.7402e-05 -1.79529e-05 -3.7402e-05
19.35 -1.34647e-18 -4.905e-18 1.34647e-18 -4.905e-18 1.79529e-05 -3.7402e-05 -1.79529e-05 -3.7402e-05
19.36 -1.34647e-18 -4.905e-18 1.34647e-18 -4.905e-18 1.79529e-05 -3.7402e-05 -1.79529e-05 -3.7402e-05
19.37 -1.34647e-18 -4.905e-18 1.34647e-18 -4.905e-18 1.79529e-05 -3.7402e-05 -1.79529e-05 -3.7402e-05
19.38 -1.34647e-18 -4.905e-18 1.34647e-18 -4.905e-18 1.79529e-05 -3.7402e-05 -1.79529e-05 -3.7402e-05
19.39 -1.34647e-18 -4.905e-18 1.34647e-18 -4.905e-18 1.79529e-05 -3.7402e-05 -1.79529e-05 -3.7402e-05
19.4 -1.34647e-18 -4.905e-18 1.34647e-18 -4.905e-18 1.79529e-05 -3.7402e-05 -1.79529e-05 -3.7402e-05
19.41 -1.34647e-18 -4.905e-18 1.34647e-18 -4.905e-18 1.79529e-05 -3.7402e-05 -1.79529e-05 -3.7402e-05
19.42 -1.34647e-18 -4.905e-18 1.34647e-18 -4.905e-18 1.79529e-05 -3.7402e-05 -1.79529e-05 -3.7402e-05
19.43 -1.34647e-18 -4.905e-18 1.34647e-18 -4.905e-18 1.79529e-05 -3.7402e-05 -1.79529e-05 -3.7402e-05
19.44 -1.34647e-18 -4.905e-18 1.34647e-18 -4.905e-18 1.79529e-05 -3.7402e-05 -1.79529e-05 -3.7402e-05
19.45 -1.34647e-18 -4.905e-18 1.34647e-18 -4.905e-18 1.79529e-05 -3.7402e-05 -1.79529e-05 -3.7402e-05
19.46 -1.34647e-18 -4.905e-18 1.34647e-18 -4.905e-18 1.79529e-05 -3.7402e-05 -1.79529e-05 -3.7402e-05
19.47 -1.34647e-18 -4.905e-18 1.34647e-18 -4.905e-18 1.79529e-05 -3.7402e-05 -1.79529e-05 -3.7402e-05
19.48 -1.34647e-18 -4.905e-18 1.34647e-18 -4.905e-18 1.79529e-05 -3.7402e-05 -1.79529e-05 -3.7402e-05
19.49 -1.34647e-18 -4.905e-18 1.34647e-18 -4.905e-18 1.79529e-05 -3.7402e-05 -1.79529e-05 -3.7402e-05
19.5 -1.34647e-18 -4.905e-18 1.34647e-18 -4.905e-18 1.79529e-05 -3.7402e-05 -1.79529e-05 -3.7402e-05
19.51 -1.34647e-18 -4.905e-18 1.34647e-18 -4.905e-18 1.79529e-05 -3.7402e-05 -1.79529e-05 -3.7402e-05
19.52 -1.34647e-18 -4.905e-18 1.34647e-18 -4.905e-18 1.79529e-05 -3.7402e-05 -1.79529e-05 -3.7402e-05
19.53 -1.34647e-18 -4.905e-18 1.34647e-18 -4.905e-18 1.79529e-05 -3.7402e-05 -1.79529e-05 -3.7402e-05
19.54 -1.34647e-18 -4.905e-18 1.34647e-18 -4.905e-18 1.79529e-05 -3.7402e-05 -1.79529e-05 -3.7402e-05
19.55 -1.34647e-18 -4.905e-18 1.34647e-18 -4.905e-18 1.79529e-05 -3.7402e-05 -1.79529e-05 -3.7402e-05
19.56 -1.34647e-18 -4.905e-18 1.34647e-18 -4.905e-18 1.79529e-05 -3.7402e-05 -1.79529e-05 -3.7402e-05
19.57 -1.34647e-18 -4.905e-18 1.34647e-18 -4.905e-18 1.79529e-05 -3.7402e-05 -1.79529e-05 -3.7402e-05
19.58 -1.34647e-18 -4.905e-18 1.34647e-18 -4.905e-18 1.79529e-05 -3.7402e-05 -1.79529e-05 -3.7402e-05
19.59 -1.34647e-18 -4.905e-18 1.34647e-18 -4.905e-18 1.79529e-05 -3.7402e-05 -1.79529e-05 -3.7402e-05
19.6 -1.34647e-18 -4.905e-18 1.34647e-18 -4.905e-18 1.79529e-05 -3.7402e-05 -1.79529e-05 -3.7402e-05
19.61 -1.34647e-18 -4.905e-18 1.34647e-18 -4.905e-18 1.79529e-05 -3.7402e-05 -1.79529e-05 -3.7402e-05
19.62 -1.34647e-18 -4.905e-18 1.34647e-18 -4.905e-18 1.79529e-05 -3.7402e-05 -1.79529e-05 -3.7402e-05
19.63 -1.34647e-18 -4.905e-18 1.34647e-18 -4.905e-18 1.79529e-05 -3.7402e-05 -1.79529e-05 -3.7402e-05
19.64 -1.34647e-18 -4.905e-18 1.34647e-18 -4.905e-18 1.79529e-05 -3.7402e-05 -1.79529e-05 -3.7402e-05
19.65 -1.34647e-18 -4.905e-18 1.34647e-18 -4.905e-18 1.79529e-05 -3.7402e-05 -1.79529e-05 -3.7402e-05
19.66 -1.34647e-18 -4.905e-18 1.34647e-18 -4.905e-18 1.79529e-05 -3.7402e-05 -1.79529e-05 -3.7402e-05
19.67 -1.34647e-18 -4.905e-18 1.34647e-18 -4.905e-18 1.79529e-05 -3.7402e-05 -1.79529e-05 -3.7402e-05
19.68 -1.34647e-18 -4.905e-18 1.34647e-18 -4.905e-18 1.79529e-05 -3.7402e-05 -1.79529e-05 -3.7402e-05
19.69 -1.34647e-18 -4.905e-18 1.34647e-18 -4.905e-18 1.79529e-05 -3.7402e-05 -1.79529e-05 -3.7402e-05
19.7 -1.34647e-18 -4.905e-18 1.34647e-18 -4.905e-18 1.79529e-05 -3.7402e-05 -1.79529e-05 -3.7402e-05
19.71 -1.34647e-18 -4.905e-18 1.34647e-18 -4.905e-18 1.79529e-05 -3.7402e-05 -1.79529e-05 -3.7402e-05
19.72 -1.34647e-18 -4.905e-18 1.34647e-18 -4.905e-18 1.79529e-05 -3.7402e-05 -1.79529e-05 -3.7402e-05
19.73 -1.34647e-18 -4.905e-18 1.34647e-18 -4.905e-18 1.79529e-05 -3.7402e-05 -1.79529e-05 -3.7402e-05
19.74 -1.34647e-18 -4.905e-18 1.34647e-18 -4.905e-18 1.79529e-05 -3.7402e-05 -1.79529e-05 -3.7402e-05
19.75 -1.34647e-18 -4.905e-18 1.34647e-18 -4.905e-18 1.79529e-05 -3.7402e-05 -1.79529e-05 -3.7402e-05
19.76 -1.34647e-18 -4.905e-18 1.34647e-18 -4.905e-18 1.79529e-05 -3.7402e-05 -1.79529e-05 -3.7402e-05
19.77 -1.34647e-18 -4.905e-18 1.34647e-18 -4.905e-18 1.79529e-05 -3.7402e-05 -1.79529e-05 -3.7402e-05
19.78 -1.34647e-18 -4.905e-18 1.34647e-18 -4.905e-18 1.79529e-05 -3.7402e-05 -1.79529e-05 -3.7402e-05
19.79 -1.34647e-18 -4.905e-18 1.34647e-18 -4.905e-18 1.79529e-05 -3.7402e-05 -1.79529e-05 -3.7402e-05
19.8 -1.34647e-18 -4.905e-18 1.34647e-18 -4.905e-18 1.79529e-05 -3.7402e-05 -1.79529e-05 -3.7402e-05
19.81 -1.34647e-18 -4.905e-18 1.34647e-18 -4.905e-18 1.79529e-05 -3.7402e-05 -1.79529e-05 -3.7402e-05
19.82 -1.34647e-18 -4.905e-18 1.34647e-18 -4.905e-18 1.79529e-05 -3.7402e-05 -1.79529e-05 -3.7402e-05
19.83 -1.34647e-18 -4.905e-18 1.34647e-18 -4.905e-18 1.79529e-05 -3.7402e-05 -1.79529e-05 -3.7402e-05
19.84 -1.34647e-18 -4.905e-18 1.34647e-18 -4.905e-18 1.79529e-05 -3.7402e-05 -1.79529e-05 -3.7402e-05
19.85 -1.34647e-18 -4.905e-18 1.34647e-18 -4.905e-18 1.79529e-05 -3.7402e-05 -1.79529e-05 -3.7402e-05
19.86 -1.34647e-18 -4.905e-18 1.34647e-18 -4.905e-18 1.79529e-05 -3.7402e-05 -1.79529e-05 -3.7402e-05
19.87 -1.34647e-18 -4.905e-18 1.34647e-18 -4.905e-18 1.79529e-05 -3.7402e-05 -1.79529e-05 -3.7402e-05
19.88 -1.34647e-18 -4.905e-18 1.34647e-18 -4.905e-18 1.79529e-05 -3.7402e-05 -1.79529e-05 -3.7402e-05
19.89 -1.34647e-18 -4.905e-18 1.34647e-18 -4.905e-18 1.79529e-05 -3.7402e-05 -1.79529e-05 -3.7402e-05
19.9 -1.34647e-18 -4.905e-18 1.34647e-18 -4.905e-18 1.79529e-05 -3.7402e-05 -1.79529e-05 -3.7402e-05
19.91 -1.34647e-18 -4.905e-18 1.34647e-18 -4.905e-18 1.79529e-05 -3.7402e-05 -1.79529e-05 -3.7402e-05
19.92 -1.34647e-18 -4.905e-18 1.34647e-18 -4.905e-18 1.79529e-05 -3.7402e-05 -1.79529e-05 -3.7402e-05
19.93 -1.34647e-18 -4.905e-18 1.34647e-18 -4.905e-18 1.79529e-05 -3.7402e-05 -1.79529e-05 -3.7402e-05
19.94 -1.34647e-18 -4.905e-18 1.34647e-18 -4.905e-18 1.79529e-05 -3.7402e-05 -1.79529e-05 -3.7402e-05
19.95 -1.34647e-18 -4.905e-18 1.34647e-18 -4.905e-18 1.79529e-05 -3.7402e-05 -1.79529e-05 -3.7402e-05
19.96 -1.34647e-18 -4.905e-18 1.34647e-18 -4.905e-18 1.79529e-05 -3.7402e-05 -1.79529e-05 -3.7402e-05
19.97 -1.34647e-18 -4.905e-18 1.34647e-18 -4.905e-18 1.79529e-05 -3.7402e-05 -1.79529e-05 -3.7402e-05
19.98 -1.34647e-18 -4.905e-18 1.34647e-18 -4.905e-18 1.79529e-05 -3.7402e-05 -1.79529e-05 -3.7402e-05
19.99 -1.34647e-18 -4.905e-18 1.34647e-18 -4.905e-18 1.79529e-05 -3.7402e-05 -1.79529e-05 -3.7402e-05
20 -1.34647e-18 -4.905e-18 1.34647e-18 -4.905e-18 1.79529e-05 -3.7402e-05 -1.79529e-05 -3.7402e-05
