Time,GM1,GM2,GM3,GM4,GM5,GM6,GM7,GM8,GM9,GM10,GM11,GM12,GM13,GM14,GM15,GM16,GM17,GM18,GM19,GM20,GM21,GM22,GM23,GM24,GM25,GM26,GM27,GM28,GM29,GM30,GM31,GM32,GM33,GM34,GM35,GM36,GM37,GM38,GM39,GM40
0.01,1.3054,0.79256,0.85854,0.48445,0.5406,0.51434,0.34097,0.35379,0.43891,0.57808,0.38751,1.4558,0.73158,0.41162,0.57257,0.87966,0.62527,0.85322,0.61846,0.81094,0.79275,0.49921,0.51556,1.0098,0.40525,0.48173,0.90801,0.98333,0.35308,0.68199,0.4237,0.54106,0.44399,0.8058,0.4526,0.38883,0.61057,0.37205,0.3223,0.3319
0.02,1.328,1.1244,0.86234,0.51472,0.58223,0.96435,0.35063,0.36269,0.49433,0.62029,0.38711,1.6708,1.017,0.4114,0.57178,0.91854,0.64089,0.86082,0.61958,0.8148,0.8065,0.50571,0.56161,1.012,0.40723,0.48765,0.92353,1.0092,0.35478,0.68924,0.44866,0.54602,0.44498,0.87827,0.48367,0.38576,0.73078,0.37507,0.32024,0.33215
0.03,1.656,1.4658,0.85301,0.49542,0.63932,1.1512,0.34487,0.36706,0.49613,0.66152,0.40536,1.9087,1.3077,0.41407,0.57905,0.87966,0.63762,0.89778,0.62315,0.88807,0.83448,0.52357,0.54246,1.018,0.4176,0.50203,0.91142,1.0306,0.36592,0.68619,0.44361,0.6335,0.45277,0.88321,0.53206,0.42884,0.7625,0.37754,0.32905,0.3379
0.04,1.6619,1.7397,1.0063,0.52201,0.74767,0.76869,0.35243,0.37121,0.50652,0.91127,0.40948,2.2124,1.5848,0.42032,0.57975,0.92676,0.65038,0.97931,0.62636,0.86858,0.85818,0.54562,0.56192,1.0308,0.4038,0.54489,0.97558,1.1208,0.43107,0.72259,0.46596,0.79759,0.4617,1.129,0.58891,0.45259,0.68404,0.38102,0.33135,0.34469
0.05,1.9608,1.8638,1.0184,0.56133,0.87002,1.2318,0.35419,0.44673,0.50421,1.0636,0.41382,2.2164,1.6681,0.42297,0.58384,0.92491,0.70474,0.91912,0.6301,1.0644,0.88682,0.53887,0.59185,1.0738,0.41905,0.53146,1.0006,1.2526,0.38802,0.76309,0.51493,0.88262,0.46574,1.464,0.59061,0.40323,0.87295,0.38166,0.44228,0.38694
0.06,1.7469,1.7582,1.4381,0.57388,0.93174,1.3211,0.35068,0.51899,0.47894,1.3923,0.43791,2.239,1.4827,0.42709,0.59395,0.96264,0.78354,1.0336,0.6326,1.0359,0.91118,0.53182,0.59959,1.0918,0.42419,0.52322,1.0557,1.3324,0.38679,0.79414,0.51042,0.77557,0.45678,0.9636,0.55758,0.43283,0.66738,0.38875,0.3875,0.345
0.07,2.1428,2.8022,1.5969,0.51872,0.91899,0.91309,0.35843,0.61123,0.55194,1.3142,0.47972,2.3336,2.3078,0.43051,0.63641,1.0505,0.81284,1.1403,0.65786,1.0826,0.91903,0.50441,0.66234,1.1394,0.4219,0.59907,0.94326,1.1611,0.42663,0.83764,0.63791,0.83477,0.49442,1.0262,0.47933,0.46078,0.92745,0.38169,0.4304,0.38735
0.08,2.2286,1.9006,1.6361,0.65723,0.91619,1.0458,0.36998,0.5836,0.45987,1.3108,0.45435,2.6215,2.1089,0.43718,0.79437,0.9999,0.93755,1.1195,0.65634,1.1679,0.97731,0.58208,0.69241,1.1751,0.45425,0.56967,1.3016,1.2445,0.44795,0.83614,0.66598,0.86828,0.60817,0.83181,0.59678,0.439,0.94756,0.41168,0.46608,0.42292
0.09,1.9077,1.6015,2.052,0.82345,1.0537,1.0903,0.35049,0.60621,0.49452,1.084,0.47354,2.5382,1.6847,0.44372,0.70613,1.1214,0.97664,1.2322,0.72024,1.2436,0.99276,0.60448,0.75883,1.1978,0.52176,0.68566,1.2213,1.4395,0.4753,0.87477,0.66179,0.90817,0.57825,1.1445,0.81172,0.49689,1.133,0.42667,0.42981,0.54338
0.1,1.913,1.6252,1.6952,0.88987,1.2016,1.2705,0.38874,0.69228,0.51232,1.1731,0.5361,2.5779,1.9349,0.45726,0.7558,1.0512,0.8204,1.2034,0.78134,1.1829,1.0245,0.66864,0.82693,1.2307,0.57791,0.71958,1.3079,1.7307,0.43604,0.89944,0.73521,0.90578,0.63451,1.2277,0.73586,0.53619,1.1754,0.45573,0.40158,0.52638
0.11,1.7976,1.728,2.0854,0.91872,1.2125,1.1919,0.42124,1.0322,0.51348,1.0505,0.48792,2.9132,2.1574,0.44303,0.85152,1.0562,0.85699,1.2426,0.93502,1.2103,1.0246,0.66628,0.79101,1.1208,0.4942,0.74235,1.4154,2.0252,0.57348,0.86782,0.93377,0.9749,0.7191,1.1153,0.64449,0.55033,1.1538,0.44459,0.40017,0.52197
0.12,1.8672,1.5192,2.215,0.60288,1.1641,0.96323,0.42513,1.3326,0.53621,0.86266,0.54287,2.9614,1.68,0.47589,0.81929,1.1641,0.8383,1.0648,0.93841,1.1377,1.0229,0.57026,0.79208,1.1511,0.5077,0.7745,1.6486,2.2473,0.49267,0.88573,1.1034,0.94013,0.78129,1.1628,0.76918,0.53656,1.1454,0.48418,0.40801,0.64248
0.13,2.2111,1.1698,2.5135,0.73114,1.107,0.67801,0.42013,1.3748,0.67131,1.022,0.50673,3.0436,1.4231,0.48864,0.88022,1.2302,0.98713,1.2371,0.95126,1.0518,1.0828,0.55703,0.75611,1.2098,0.59949,0.8961,1.8935,2.7368,0.46491,0.83828,1.0001,1.0017,0.99933,1.2543,0.95417,0.52039,1.2453,0.4592,0.47681,0.77525
0.14,2.3896,1.1295,2.6022,0.77258,1.1165,0.53589,0.41126,1.2506,0.7314,1.2087,0.56837,2.9091,1.3728,0.43566,0.75575,1.3083,0.81682,1.2711,1.0533,1.0374,1.1079,0.60197,0.74253,1.4293,0.66739,0.81056,1.8101,3.2745,0.52099,0.93634,1.0611,0.95848,1.0609,1.2886,0.98496,0.49316,0.99184,0.47946,0.53692,0.6646
0.15,1.9032,1.251,2.8417,0.68451,1.1057,0.5152,0.44144,1.4977,0.85952,1.5714,0.55416,2.6864,1.3614,0.47997,0.75836,1.3381,0.74798,1.3872,0.9792,1.046,1.0416,0.58265,0.7687,1.4761,0.71496,0.77082,1.3253,2.772,0.50558,0.92712,1.4852,1.0967,1.0898,1.3598,1.1031,0.51282,1.2388,0.52237,0.54742,0.79325
0.16,1.844,1.4216,2.4167,0.72481,1.212,0.52837,0.4603,1.4011,0.83974,1.7415,0.53958,2.4913,1.1075,0.52933,0.86837,1.401,0.73697,1.4547,1.0897,1.0764,1.0757,0.63272,0.76186,1.3917,0.60675,0.70402,1.3822,1.9014,0.48836,0.90926,1.7087,0.98318,1.0287,1.3623,1.0535,0.53459,1.5326,0.47536,0.61631,0.74181
0.17,1.8158,1.3882,2.5417,0.97888,1.2139,0.60021,0.43551,1.3625,0.7523,1.5222,0.56435,2.5563,0.92316,0.62125,1.0406,1.4855,0.84259,1.5727,1.1745,1.0788,0.92556,0.6204,0.72075,1.6695,0.57978,0.95815,1.5449,2.3769,0.49074,0.86499,1.5925,1.0275,1.0765,1.199,0.97132,0.59577,1.6045,0.48054,0.82839,0.6443
0.18,1.638,1.3634,2.4869,1.0686,1.2185,0.5896,0.51845,1.2402,0.66954,1.4115,0.65629,2.541,0.93672,0.69852,1.1371,1.4684,0.96927,1.6207,1.193,1.0698,1.0438,0.67469,0.7629,1.9028,0.54852,0.79096,1.7195,2.7588,0.46827,0.97176,1.3002,1.053,1.0411,1.1174,0.89067,0.53585,1.6464,0.55768,0.74105,0.78305
0.19,1.9398,1.3476,2.4625,1.0842,1.2058,0.59748,0.53732,0.97212,0.69242,1.3021,0.69961,2.6082,1.0906,0.66001,1.088,1.5137,1.0279,1.6033,1.4171,1.1618,0.98909,0.77418,0.84643,1.8414,0.5685,0.70106,1.5811,2.9326,0.57491,1.0872,1.4827,1.0348,0.93833,0.94128,0.83123,0.54293,1.59,0.5616,0.72444,0.92073
0.2,2.3417,1.1995,2.5876,1.0532,1.1712,0.6474,0.5417,0.93903,0.75162,1.1943,0.69659,2.733,1.2768,0.56961,1.139,1.6052,1.0664,1.5564,1.4938,1.0499,1.0551,0.83769,0.91454,1.6289,0.55037,0.58661,1.4378,3.0147,0.62278,1.1829,1.5498,1.0764,0.9914,1.1308,0.85913,0.54215,1.4439,0.63817,0.80652,1.0068
0.21,2.5382,1.0989,2.5497,1.0537,1.2008,0.66042,0.53163,0.93193,0.75377,0.93007,0.69821,2.8047,1.3536,0.57127,1.1495,1.6117,1.0322,1.4994,1.4629,1.303,1.1815,0.77895,0.98148,1.5955,0.63864,0.56209,1.377,3.3132,0.6643,1.1303,1.3872,1.2424,1.0266,1.3844,0.98492,0.62974,1.2815,0.68983,0.9128,0.94185
0.22,2.6103,1.1705,2.5406,1.083,1.2109,0.67274,0.51868,0.98555,0.67417,0.92775,0.70364,3.0402,1.4613,0.57862,1.007,1.3815,0.94282,1.468,1.3379,1.6187,1.2143,0.77186,1.04,1.7736,0.73556,0.55981,1.582,3.3776,0.67458,1.0134,1.2185,1.015,1.1088,1.4185,1.0082,0.66229,1.2159,0.6825,0.96589,1.0111
0.23,2.2154,1.0815,3.0695,1.0648,1.194,0.75815,0.62876,0.94456,0.6618,0.90953,0.71077,3.1089,1.2192,0.56863,1.1395,1.3784,0.90574,1.4972,1.2606,1.8509,1.1559,0.80633,1.0365,1.9165,0.83601,0.56975,1.8291,3.1798,0.66484,0.94922,1.1816,1.1334,1.3115,1.342,1.0655,0.69475,1.1177,0.66831,0.92959,1.0775
0.24,1.8228,1.0194,3.4149,1.0343,1.1703,0.83429,0.59644,1.0839,0.67186,0.99511,0.74225,3.1578,1.2906,0.53091,1.1618,1.5838,0.91663,1.539,1.2093,2.0228,0.97841,0.83671,1.0628,1.8879,0.87921,0.58817,1.7529,3.2888,0.63299,1.0549,1.3387,1.2944,1.4825,1.16,1.2002,0.67553,1.0323,0.64523,0.85559,1.068
0.25,1.7685,1.0225,3.0311,1.0086,1.1387,0.89496,0.51561,1.1669,0.67663,1.256,0.76925,3.2326,1.4531,0.60633,1.1214,1.7672,0.98294,1.5724,1.1619,2.0225,0.8834,0.8196,1.1102,1.7667,0.8765,0.52177,1.7241,3.1731,0.74344,1.1728,1.4664,1.3132,1.7283,0.87988,1.4454,0.61359,0.95566,0.63954,0.80132,0.91709
0.26,2.0125,1.1744,2.3425,1.0036,1.1053,0.84649,0.6082,1.0891,0.79661,1.4029,0.76588,3.1542,1.4251,0.61145,1.3082,1.7499,1.026,1.5923,1.1992,1.8163,0.96707,0.89461,1.1434,1.669,0.8693,0.54871,1.7044,2.7826,0.84142,1.1832,1.485,1.2351,1.8801,0.91368,1.6179,0.59041,1.0157,0.68627,0.90177,0.71531
0.27,2.2542,1.3632,2.1437,1.0003,1.0749,0.74695,0.71493,1.167,0.95035,1.3821,0.77881,3.1558,1.3066,0.65387,1.4456,1.7359,1.0155,1.6181,1.2264,1.6547,1.1171,0.85828,1.1893,1.6422,1.0177,0.55668,1.6296,2.3005,0.78093,1.2046,1.4782,1.172,2.0766,1.1286,1.7026,0.61994,1.02,0.72747,1.0926,0.77091
0.28,2.0778,1.4788,1.9276,0.98746,1.0421,0.74269,0.71019,1.202,1.0291,1.4022,0.81229,2.9668,1.2503,0.75171,1.4729,1.805,0.95267,1.6175,1.2267,1.7035,1.2044,0.86172,1.2231,1.6194,1.0761,0.57261,1.5685,1.8884,0.79349,1.1955,1.5471,1.1217,2.0927,1.1309,1.6028,0.71114,0.98177,0.75274,1.2267,0.76296
0.29,1.8141,1.428,1.7483,0.98468,1.004,0.75127,0.63534,1.1047,0.92035,1.4621,0.85985,2.8128,1.1347,0.86439,1.3719,1.8513,0.97443,1.6122,1.1957,1.7476,1.0915,0.88785,1.2598,1.6433,1.1612,0.60363,1.5131,1.7153,0.77578,1.0893,1.5235,1.0637,2.0182,1.0985,1.3611,0.87606,0.92074,0.82228,1.395,0.78761
0.3,1.9003,1.4745,1.3793,0.98942,0.96949,0.86579,0.62057,0.86733,0.82823,1.5006,0.86212,2.6526,1.0777,0.91354,1.3911,1.8399,1.0122,1.6608,1.2434,1.7294,0.93255,0.89461,1.3668,1.7516,1.2512,0.58416,1.4166,1.7048,0.73127,1.06,1.4028,1.0758,2.1181,1.1373,1.0818,1.0314,0.85975,0.88786,1.3872,0.70184
0.31,1.8798,1.4882,1.3853,1.0053,0.94296,0.90441,0.66256,0.65441,0.81169,1.5072,0.83519,2.4976,0.93399,0.86127,1.6336,1.7836,0.96925,1.702,1.3147,1.6361,0.89849,0.84275,1.4337,1.7444,1.2879,0.57114,1.1911,1.6405,0.75787,0.99041,1.4061,1.0758,2.174,1.1584,0.98402,1.0941,0.84145,0.96688,1.3045,0.66195
0.32,1.7695,1.4002,1.4976,1.0266,0.93348,0.8657,0.70722,0.62143,0.81722,1.4347,0.80872,2.4056,0.71657,0.78657,1.7917,1.7246,0.98314,1.7189,1.3283,1.4883,0.82372,0.92315,1.4228,1.6413,1.2539,0.61084,1.008,1.6269,0.76993,0.91195,1.4153,1.128,2.0115,1.1124,0.91353,1.1493,0.7758,1.0942,1.186,0.62077
0.33,1.7735,1.3136,1.5676,1.0366,1.115,0.78581,0.69933,0.62765,0.86631,1.2071,0.7991,2.2753,0.68789,0.81882,1.9001,1.6974,0.94639,1.7125,1.3167,1.4107,0.96208,1.0837,1.3709,1.592,1.253,0.65045,1.0578,1.7261,0.84893,1.0237,1.417,1.2088,1.8649,1.0307,0.95276,1.1334,0.7547,1.1649,1.1015,0.67668
0.34,1.965,1.3231,1.5724,1.0162,1.2757,0.72327,0.63283,0.64453,0.89895,1.096,0.8014,2.1066,0.62952,0.91676,2.1516,1.7247,0.93714,1.6899,1.3443,1.3472,1.0622,1.2049,1.3622,1.4961,1.3616,0.65804,0.98439,1.6179,0.87179,1.097,1.5056,1.1978,1.7383,0.91559,0.99956,1.0982,0.70561,1.1473,1.0821,0.68599
0.35,2.19,1.3542,1.618,1.0288,1.2752,0.69973,0.54822,0.61315,0.88475,1.1077,0.8035,1.9768,0.58463,0.97915,2.3393,1.8581,0.93868,1.6573,1.4266,1.3471,1.1066,1.2426,1.4152,1.4321,1.4408,0.63567,1.0678,1.4264,0.88847,1.0943,1.5531,1.0756,1.6701,0.89666,1.0664,1.065,0.6689,1.0418,1.0471,0.71425
0.36,2.4366,1.3221,1.6677,1.0404,1.1515,0.68202,0.48043,0.67629,0.874,1.099,0.79806,1.8762,0.63576,0.99806,2.3017,1.9009,0.94951,1.6225,1.577,1.466,1.0577,1.1854,1.4635,1.5224,1.4873,0.60757,1.0903,1.1886,0.9528,1.0612,1.5566,1.0163,1.7178,0.93457,1.1033,1.015,0.67158,0.97066,0.97484,0.7425
0.37,2.7643,1.2655,1.7022,1.0218,1.0125,0.63872,0.43377,0.69758,0.87957,1.0657,0.7852,1.7903,0.72319,1.0033,2.1341,1.8976,1.0085,1.7461,1.6775,1.7097,0.97157,1.0676,1.4715,1.7114,1.5015,0.60641,1.0886,1.0319,1.0148,1.1325,1.5268,0.98837,1.7607,1.0019,1.0804,0.95728,0.70666,0.91169,0.94695,0.74403
0.38,3.0288,1.2026,1.6767,0.97656,0.93718,0.58022,0.40826,0.67963,0.88321,1.0961,0.76925,1.7021,0.75505,1.0108,1.9252,1.9452,1.04,1.7665,1.789,1.7753,0.89707,1.0274,1.4681,1.8515,1.5174,0.65099,1.1931,1.1141,1.0941,1.1828,1.5878,0.98766,1.8036,1.049,1.007,0.93233,0.74585,0.8598,0.86533,0.73403
0.39,3.0514,1.152,1.6856,0.91793,0.92161,0.56872,0.40219,0.63555,0.87155,1.1987,0.75462,1.5977,0.73727,1.0099,1.6621,1.9697,1.0468,1.5598,1.7839,1.7504,0.81996,1.0778,1.4883,1.9624,1.739,0.70024,1.2721,1.189,1.0868,1.1322,1.5794,0.95083,1.8292,1.0353,0.90268,0.95113,0.77045,0.86432,0.75674,0.70686
0.4,2.8761,1.1231,1.6648,0.85962,0.90963,0.51935,0.40108,0.58084,0.89308,1.3071,0.74353,1.4821,0.70656,0.97227,1.354,1.9722,1.0279,1.4489,1.6194,1.7558,0.7839,1.0859,1.5244,2.0217,1.8716,0.70332,1.2965,1.2029,1.0202,1.0443,1.5118,0.94153,1.8239,1.0716,0.8162,1.0924,0.77534,0.90104,0.64807,0.66934
0.41,2.6371,1.051,1.5885,0.81367,0.85544,0.48431,0.43671,0.53329,0.93474,1.3722,0.7358,1.378,0.67855,0.8793,1.101,1.9667,1.0351,1.392,1.5649,1.6991,0.76718,0.99862,1.5398,2.0675,1.9122,0.68997,1.3149,1.1438,0.95392,0.95225,1.3823,0.93024,1.8288,1.1819,0.77331,1.2657,0.8631,0.90675,0.54629,0.72024
0.42,2.4462,0.96447,1.4832,0.78771,0.82243,0.52726,0.45177,0.50719,0.93536,1.5353,0.72977,1.3137,0.68406,0.90829,1.0066,1.9499,1.0258,1.3377,1.4778,1.6609,0.79597,0.85716,1.529,2.1613,1.8672,0.71535,1.4077,1.1695,0.90802,0.88632,1.2482,0.92501,1.845,1.2637,0.74601,1.4169,0.92873,0.93297,0.53226,0.74337
0.43,2.282,0.89892,1.4324,0.77679,0.81734,0.56111,0.44503,0.50696,0.90562,1.7952,0.7234,1.3074,0.69214,0.90895,1.0226,1.9265,1.0244,1.321,1.372,1.6869,0.75614,0.73232,1.4946,2.281,1.7576,0.72626,1.5266,1.152,0.87315,0.88066,1.2073,0.94909,1.8333,1.295,0.73786,1.509,0.94998,0.94732,0.56003,0.76818
0.44,2.1771,0.86583,1.4137,0.77044,0.80139,0.58148,0.47276,0.52893,0.88429,1.959,0.71516,1.3566,0.72752,0.87424,1.0262,1.9053,1.0189,1.2683,1.3935,1.7324,0.73775,0.69564,1.4412,2.3638,1.6088,0.71152,1.7097,1.0956,0.79967,0.89901,1.171,0.96753,1.7944,1.2796,0.762,1.5262,0.93272,0.99516,0.58401,0.76036
0.45,2.0056,0.8588,1.4763,0.76099,0.8276,0.58467,0.49978,0.56347,0.88685,1.9983,0.70432,1.4398,0.73983,0.81558,0.97293,1.8778,1.0173,1.2124,1.3771,1.7999,0.71239,0.7766,1.3811,2.4919,1.4489,0.67452,1.818,1.1386,0.7085,0.88708,1.1346,0.96768,1.7292,1.282,0.7666,1.4725,0.88388,1.0618,0.60292,0.73395
0.46,1.858,0.85549,1.5314,0.75231,0.85089,0.5739,0.52016,0.59833,0.90184,2.022,0.69104,1.5252,0.70406,0.75297,0.88479,1.8537,1.0248,1.2278,1.4774,1.8749,0.70428,0.8393,1.3429,2.5049,1.3023,0.64387,1.7391,1.1825,0.65558,0.86227,1.0936,0.94155,1.6522,1.2998,0.74655,1.3681,0.81288,1.1528,0.61666,0.74948
0.47,1.8003,0.84852,1.5446,0.74476,0.84984,0.55731,0.53321,0.6247,0.94625,2.057,0.67617,1.5837,0.64518,0.70411,0.7915,1.8244,1.0432,1.2709,1.6002,1.9077,0.74986,0.86731,1.3491,2.4198,1.2113,0.67706,1.5428,1.1496,0.63209,0.85499,1.0451,0.89058,1.5673,1.3391,0.73405,1.2365,0.73072,1.2199,0.62597,0.73413
0.48,1.7736,0.83689,1.498,0.72619,0.95463,0.54209,0.53916,0.63822,0.95143,2.0528,0.66108,1.5975,0.60828,0.6584,0.70668,1.799,1.0706,1.3153,1.6965,1.8781,0.76094,0.89098,1.392,2.2601,1.1483,0.72936,1.4322,1.0886,0.60808,0.91031,0.98886,0.81496,1.484,1.4034,0.75697,1.1076,0.64787,1.2227,0.6319,0.70528
0.49,1.7212,0.82946,1.4157,0.71389,1.0114,0.53183,0.53932,0.63851,0.89596,2.0002,0.64754,1.5869,0.60386,0.62133,0.65798,1.7722,1.1033,1.3289,1.7645,1.8045,0.74701,0.89537,1.4449,2.0602,1.1033,0.7377,1.3403,0.99369,0.59593,0.98126,0.93277,0.7505,1.4011,1.4649,0.76615,1.0101,0.57588,1.1626,0.63436,0.72697
0.5,1.6462,0.84473,1.3018,0.71556,1.0238,0.5246,0.53502,0.62752,0.81168,1.9432,0.63667,1.546,0.60176,0.67324,0.67683,1.7523,1.1376,1.3116,1.8127,1.7453,0.73934,0.84699,1.4792,1.841,1.0682,0.70868,1.455,0.89125,0.60269,1.0181,0.87464,0.7655,1.3086,1.4921,0.77221,0.96643,0.54333,1.0822,0.6342,0.74012
0.51,1.5653,0.86094,1.2105,0.71513,0.99861,0.55423,0.52846,0.60744,0.74118,1.906,0.63009,1.4757,0.57896,0.70996,0.66712,1.7386,1.1694,1.2831,1.8361,1.7212,0.75245,0.80729,1.4837,1.9346,1.0329,0.68158,1.6439,0.87109,0.61083,1.0155,0.82076,0.78891,1.2147,1.4733,0.77731,0.98055,0.55075,1.0288,0.64553,0.72509
0.52,1.4637,0.87763,1.1516,0.70894,0.94496,0.57891,0.52155,0.58612,0.71987,1.8597,0.62854,1.393,0.53522,0.7331,0.75216,1.7321,1.1967,1.2612,1.8433,1.7222,0.79725,0.75787,1.4654,2.0562,1.0068,0.67935,1.8315,0.92692,0.61503,0.98667,0.7681,0.86309,1.1172,1.4099,0.77935,1.0382,0.55838,1.022,0.68164,0.69289
0.53,1.3437,0.88763,1.1041,0.6946,0.87291,0.59755,0.51637,0.57462,0.79002,1.7755,0.63202,1.3155,0.48362,0.74235,0.82993,1.7345,1.2206,1.2414,1.8336,1.7505,0.83937,0.7778,1.4331,2.0948,1.0669,0.68628,1.9491,1.0249,0.63524,0.94784,0.72271,0.92098,1.0169,1.3272,0.78025,1.1161,0.57744,1.0396,0.71401,0.67287
0.54,1.2941,0.89416,1.1005,0.70766,0.81265,0.61117,0.51489,0.54974,0.83596,1.8529,0.63994,1.256,0.44037,0.73758,0.86805,1.747,1.2403,1.2228,1.8147,1.7857,0.86901,0.8111,1.3875,2.0754,1.0716,0.67341,1.9407,1.0964,0.68145,1.0221,0.67942,0.94648,0.92626,1.2354,0.81833,1.1953,0.60339,1.0442,0.74281,0.67255
0.55,1.1678,0.90122,1.1178,0.71744,0.75817,0.622,0.5189,0.51829,0.88582,1.8733,0.65124,1.2116,0.41893,0.72007,0.85701,1.7649,1.258,1.184,1.7842,1.794,0.86177,0.84463,1.3309,2.0354,1.0262,0.6376,1.8213,1.1078,0.73202,1.1002,0.63958,0.94722,0.85263,1.1606,0.88715,1.2645,0.6278,1.0146,0.76811,0.65155
0.56,0.9938,0.88758,1.1584,0.72348,0.71049,0.63195,0.52872,0.48678,0.91958,1.7928,0.6647,1.1852,0.42585,0.69288,0.81428,1.7856,1.2743,1.1043,1.7472,1.7558,0.86751,0.8673,1.2742,1.9964,0.94504,0.59043,1.6549,1.0628,0.77931,1.1505,0.60583,0.94104,0.80323,1.1114,0.94688,1.3163,0.6498,0.95235,0.7899,0.62717
0.57,0.84013,0.93077,1.2205,0.72587,0.66916,0.64253,0.54381,0.46288,0.91171,1.6671,0.67924,1.1755,0.45521,0.66031,0.77837,1.8113,1.2899,1.108,1.7065,1.6544,0.90692,0.87373,1.2297,1.9462,0.85585,0.55227,1.5506,0.98671,0.81351,1.1673,0.5954,0.92766,0.81231,1.079,0.981,1.3454,0.66886,0.90144,0.80817,0.61798
0.58,0.80464,0.97465,1.262,0.72532,0.62915,0.65315,0.56289,0.44841,0.89568,1.744,0.69376,1.1787,0.49661,0.62637,0.73524,1.8343,1.3063,1.1119,1.6614,1.6414,0.90915,0.86377,1.1979,1.8569,0.77405,0.56132,1.5677,0.95932,0.83378,1.1491,0.63324,0.90667,0.78836,1.0573,0.97984,1.3523,0.68462,0.84754,0.82301,0.63015
0.59,0.76763,1.0023,1.2609,0.72267,0.58495,0.66245,0.58921,0.44346,0.92488,1.8273,0.70744,1.1899,0.54084,0.6325,0.70473,1.8577,1.3237,1.1147,1.6142,1.7562,0.91921,0.83951,1.1693,1.7416,0.76083,0.56063,1.6723,1.0081,0.84365,1.0932,0.65845,0.87824,0.74342,1.0505,0.94222,1.3374,0.69681,0.80884,0.83508,0.62099
0.6,0.72957,1.0244,1.1902,0.71858,0.53433,0.66858,0.61743,0.45136,0.98907,1.9227,0.71983,1.2042,0.58245,0.65163,0.69683,1.8761,1.3421,1.1173,1.5672,1.8346,0.95338,0.80579,1.1363,1.7804,0.77143,0.543,1.7807,1.0839,0.849,1.0183,0.67379,0.83538,0.74809,1.0638,0.93023,1.3039,0.70523,0.8001,0.84429,0.58291
0.61,0.69357,1.0484,1.0943,0.71369,0.48792,0.67021,0.64564,0.48262,1.023,2.0271,0.73065,1.2175,0.61855,0.66782,0.70554,1.9069,1.3612,1.1186,1.5222,1.8786,0.95312,0.7689,1.1001,1.7996,0.77723,0.51222,1.8491,1.1752,0.8501,1.0127,0.66157,0.78573,0.82504,1.0926,0.91391,1.2547,0.71007,0.82439,0.85082,0.52
0.62,0.68114,1.0783,1.0404,0.70844,0.44564,0.66682,0.67294,0.52191,1.0537,2.1313,0.73979,1.2266,0.64738,0.67803,0.71847,1.9507,1.3817,1.1187,1.4805,1.9048,0.93259,0.73605,1.0656,1.8068,0.77762,0.48378,1.8656,1.3049,0.84592,0.98867,0.62985,0.74717,0.88758,1.1249,0.88715,1.2097,0.71143,0.87251,0.85557,0.51047
0.63,0.68385,1.1135,1.0593,0.70344,0.45716,0.66659,0.69805,0.56177,1.1126,2.2024,0.74727,1.2296,0.66906,0.68025,0.74828,1.9885,1.4018,1.13,1.4429,1.8877,0.90048,0.71925,1.0339,1.8226,0.77343,0.50898,1.8494,1.4402,0.83924,0.96323,0.59648,0.72074,0.92817,1.1513,0.85652,1.1529,0.70926,0.93066,0.85813,0.52075
0.64,0.68268,1.1497,1.0767,0.69853,0.47575,0.66402,0.72052,0.59985,1.1327,2.2122,0.75325,1.2254,0.68477,0.71171,0.76894,2.0215,1.4217,1.1659,1.4121,1.8634,0.85749,0.71522,1.0023,1.8407,0.76467,0.55516,1.8142,1.5513,0.83072,0.95176,0.60752,0.69001,0.94339,1.1712,0.82742,1.0841,0.70402,0.98661,0.85943,0.53767
0.65,0.67416,1.1794,1.1563,0.69361,0.49256,0.65915,0.7402,0.63488,1.123,2.1576,0.75817,1.2243,0.69678,0.74153,0.77394,2.049,1.4402,1.1977,1.4287,1.9614,0.80863,0.72509,0.97013,1.8222,0.76749,0.58597,1.7756,1.6235,0.82724,0.96485,0.61382,0.65516,0.92759,1.1921,0.85937,1.0428,0.69609,1.0331,0.86102,0.53732
0.66,0.66366,1.1967,1.2213,0.68876,0.50713,0.65396,0.7567,0.66528,1.0903,2.1568,0.76216,1.2172,0.70754,0.76194,0.76885,2.0705,1.4577,1.225,1.4475,1.9823,0.81198,0.74688,0.94023,1.8761,0.82546,0.59828,1.7438,1.6499,0.83023,0.99887,0.63329,0.63143,0.87921,1.2195,0.88516,0.99931,0.68591,1.0654,0.9301,0.51637
0.67,0.70517,1.1978,1.2705,0.6841,0.5195,0.65007,0.76992,0.69032,1.0489,2.151,0.76545,1.2035,0.71741,0.77817,0.76446,2.0862,1.4737,1.2473,1.4683,2.0096,0.81228,0.77706,0.91602,1.9226,0.87483,0.62696,1.7372,1.6299,0.84102,1.0374,0.64681,0.63563,0.80343,1.2553,0.90763,0.94945,0.67666,1.0822,0.97651,0.49738
0.68,0.73264,1.1828,1.3114,0.6792,0.52961,0.64813,0.7798,0.70987,1.009,2.1944,0.76847,1.1841,0.72882,0.79704,0.76985,2.0965,1.4883,1.2646,1.4896,1.9991,0.80973,0.8114,0.89853,1.9033,0.91521,0.64043,1.7592,1.5682,0.85146,1.0679,0.65446,0.63623,0.71093,1.297,0.93136,0.90199,0.66288,1.0838,0.99686,0.48311
0.69,0.74826,1.1507,1.3577,0.67396,0.53729,0.64784,0.78646,0.72355,0.98067,2.2217,0.77139,1.1602,0.73903,0.82473,0.7914,2.102,1.5022,1.278,1.51,1.9665,0.80444,0.84579,0.88433,1.9358,0.94683,0.63416,1.8015,1.4742,0.85706,1.0819,0.65663,0.65641,0.61625,1.3368,0.95061,0.87863,0.64434,1.0723,0.98983,0.46538
0.7,0.75055,1.1078,1.4209,0.66861,0.54233,0.66407,0.7898,0.73159,0.96884,2.2323,0.77432,1.1422,0.74534,0.8644,0.84467,2.1068,1.5165,1.2883,1.527,1.9188,0.85741,0.87784,0.87067,1.9565,0.97026,0.61189,1.8553,1.3725,0.85047,1.0774,0.65407,0.66859,0.532,1.369,0.9542,0.90962,0.62382,1.0505,0.99346,0.44834
0.71,0.73765,1.0881,1.5037,0.66288,0.54451,0.6876,0.78995,0.73492,0.97081,2.2197,0.77746,1.1207,0.74763,0.91436,0.90797,2.1082,1.5994,1.2958,1.5415,1.9115,0.91705,0.90534,0.85603,1.9741,0.98629,0.58324,1.8969,1.2964,0.83071,1.0588,0.66766,0.66961,0.51591,1.3899,0.9347,0.96837,0.60539,1.0218,0.97536,0.42986
0.72,0.74789,1.0603,1.5785,0.65663,0.54377,0.71105,0.78718,0.73431,0.98237,2.1891,0.78103,1.0967,0.74447,0.96964,0.97083,2.1068,1.6862,1.3,1.5519,1.8871,0.96356,0.94081,0.84194,1.9983,0.99574,0.557,1.9107,1.2155,0.80119,1.0347,0.67116,0.69242,0.52103,1.3984,0.89612,1.0218,0.59579,0.9908,0.93949,0.40816
0.73,0.77992,1.0297,1.6368,0.64984,0.54047,0.73351,0.78181,0.73056,0.9926,2.1796,0.78496,1.0711,0.73615,1.0234,1.0235,2.1031,1.749,1.3002,1.5584,1.8633,0.99676,1.0133,0.83025,2.0158,0.99945,0.55694,1.8846,1.1367,0.77047,1.016,0.65549,0.7117,0.52446,1.3962,0.85183,1.0626,0.6025,0.9612,0.89478,0.42192
0.74,0.8119,1.0127,1.6668,0.64277,0.53452,0.75429,0.77417,0.72372,0.99386,2.1473,0.7893,1.0467,0.72968,1.0687,1.0589,2.101,1.7865,1.3768,1.5614,1.8811,1.0162,1.0676,0.82251,2.0829,0.99819,0.56541,1.8141,1.0667,0.74546,1.007,0.65611,0.71211,0.52102,1.3872,0.81928,1.0867,0.60873,0.93774,0.85119,0.42981
0.75,0.84319,0.9838,1.6602,0.6352,0.52627,0.77294,0.76456,0.71348,0.98106,2.0895,0.79407,1.0267,0.72751,1.1004,1.0729,2.0974,1.798,1.4577,1.5617,1.9717,1.0226,1.0998,0.81809,2.2975,0.99269,0.57374,1.7046,1.0334,0.73336,1.0115,0.66242,0.69971,0.50803,1.3757,0.80962,1.0944,0.60723,0.92353,0.84182,0.43128
0.76,0.8734,0.98765,1.6247,0.65225,0.51634,0.78917,0.75306,0.69944,0.95273,2.0071,0.79928,1.0061,0.72076,1.1156,1.0642,2.0924,1.7844,1.5204,1.5602,2.1287,1.0171,1.108,0.81554,2.4712,0.98361,0.58183,1.5703,1.0536,0.73389,1.024,0.66177,0.68472,0.48706,1.3669,0.82284,1.0865,0.59899,0.92085,0.84596,0.42981
0.77,0.90322,0.98781,1.5965,0.68094,0.50523,0.80267,0.73985,0.68161,0.93119,1.9436,0.80488,0.98519,0.70863,1.1122,1.043,2.0872,1.7474,1.563,1.5577,2.3194,1.0002,1.0934,0.81384,2.6009,0.97165,0.59229,1.4621,1.0666,0.74079,1.038,0.65583,0.6751,0.46344,1.3648,0.85214,1.0663,0.58519,0.92975,0.85013,0.43134
0.78,0.93117,0.97724,1.5631,0.70506,0.49712,0.81293,0.72516,0.66007,0.93835,1.9314,0.81082,0.9669,0.69231,1.0907,1.0046,2.0832,1.6903,1.5848,1.5531,2.5129,0.97382,1.0585,0.81219,2.6981,0.95741,0.60253,1.3808,1.0633,0.74652,1.0471,0.64452,0.67252,0.44442,1.3711,0.88909,1.036,0.57506,0.94871,0.85434,0.43463
0.79,0.95804,0.9572,1.4985,0.72426,0.49286,0.81941,0.70931,0.63523,0.93145,1.9016,0.81702,0.95174,0.67341,1.0526,0.94937,2.0778,1.63,1.5868,1.546,2.6919,0.93967,1.0069,0.81106,2.779,0.94128,0.60365,1.3326,1.0466,0.74284,1.0461,0.63189,0.67499,0.43563,1.3853,0.9379,0.99881,0.5688,0.97427,0.85956,0.4584
0.8,0.98327,0.93375,1.4411,0.74196,0.50578,0.82167,0.7019,0.60744,0.91702,1.8579,0.82338,0.93628,0.65262,1.0005,0.88236,2.0712,1.6372,1.5693,1.5357,2.8457,0.89942,0.94215,0.81079,2.8579,0.92375,0.61027,1.321,1.0422,0.72543,1.0321,0.63715,0.68108,0.43764,1.4046,0.99568,0.95653,0.56206,1.0033,0.89221,0.48915
0.81,1.0067,0.91482,1.438,0.76155,0.5315,0.81961,0.70241,0.57721,0.90101,1.8034,0.82982,0.92366,0.63086,0.93768,0.81048,2.0661,1.6439,1.5874,1.5216,2.9655,0.87513,0.89142,0.81178,2.9413,0.90524,0.61683,1.3326,1.045,0.69335,1.0225,0.63325,0.69037,0.44568,1.4245,1.043,0.91131,0.5552,1.032,0.9202,0.52585
0.82,1.0288,0.91723,1.4551,0.77441,0.5521,0.81291,0.70158,0.54568,0.88815,1.7408,0.83623,0.9128,0.60832,0.86862,0.74106,2.0599,1.649,1.6192,1.5028,3.0446,0.92139,0.87855,0.81339,3.0259,0.88607,0.62333,1.3662,1.0231,0.6492,1.0054,0.62086,0.70307,0.45284,1.4398,1.0731,0.86477,0.54841,1.058,0.93887,0.56424
0.83,1.0486,0.9155,1.4848,0.78116,0.56772,0.80218,0.69941,0.51318,0.88118,1.6722,0.8425,0.90118,0.58495,0.79838,0.68075,2.0521,1.6522,1.6223,1.4794,3.0835,0.9466,0.86702,0.81481,3.1028,0.86642,0.62967,1.4546,1.0202,0.59899,0.97227,0.60099,0.75432,0.45417,1.4462,1.0804,0.81841,0.54186,1.0785,0.94573,0.59889
0.84,1.0673,0.90952,1.519,0.78226,0.57854,0.78715,0.6961,0.48058,0.87923,1.5992,0.84855,0.89348,0.56083,0.80426,0.63499,2.0442,1.6529,1.601,1.4501,3.0902,0.94841,0.85676,0.81469,3.1904,0.84642,0.63571,1.5289,1.0273,0.55111,0.92978,0.5749,0.81208,0.46535,1.4406,1.0625,0.77324,0.5358,1.0921,0.93954,0.62768
0.85,1.0837,0.89974,1.5429,0.77802,0.58475,0.76796,0.69194,0.44862,0.88056,1.5228,0.85429,0.88513,0.53572,0.81183,0.60698,2.0362,1.6509,1.5606,1.4145,3.0761,0.9275,0.84742,0.81218,3.3225,0.82611,0.64136,1.5738,1.0445,0.51572,0.8842,0.54422,0.86402,0.46824,1.4221,1.0199,0.73042,0.53029,1.099,0.92044,0.65155
0.86,1.0989,0.88749,1.5496,0.76911,0.58679,0.74484,0.68714,0.41791,0.88216,1.4436,0.85965,0.87618,0.51,0.81906,0.59579,2.0261,1.6462,1.5055,1.3722,3.0493,0.90521,0.83846,0.80713,3.4226,0.80554,0.64658,1.5837,1.0495,0.50186,0.84098,0.50989,0.90705,0.48344,1.3909,0.95598,0.69075,0.52541,1.1192,0.88937,0.67203
0.87,1.1124,0.87447,1.5251,0.75821,0.58475,0.74409,0.68208,0.38893,0.88118,1.3623,0.86457,0.87031,0.48436,0.82566,0.59758,2.015,1.6393,1.4391,1.3233,3.0104,0.89697,0.82946,0.80011,3.4891,0.78471,0.65134,1.5582,1.0472,0.51246,0.80271,0.47303,0.93763,0.52567,1.349,0.8781,0.65509,0.5212,1.154,0.86415,0.69087
0.88,1.1241,0.86204,1.4676,0.75456,0.57938,0.74264,0.67711,0.36212,0.87415,1.2794,0.86899,0.86281,0.46012,0.83175,0.60696,2.0041,1.6303,1.3629,1.2682,2.9556,0.88361,0.82021,0.79218,3.5227,0.76368,0.65568,1.4998,1.0353,0.54269,0.78719,0.43537,0.95415,0.56405,1.2997,0.79481,0.62444,0.51769,1.1814,0.86009,0.70899
0.89,1.1349,0.85103,1.3834,0.74987,0.57065,0.73918,0.67255,0.33774,0.87971,1.1957,0.87288,0.85365,0.43858,0.83715,0.61792,1.9914,1.6191,1.2801,1.227,2.8815,0.88981,0.81091,0.78467,3.5273,0.74235,0.65962,1.4303,1.0078,0.58224,0.78396,0.39761,0.9572,0.59621,1.2466,0.75171,0.59895,0.51503,1.201,0.85534,0.72702
0.9,1.1436,0.84187,1.2817,0.74376,0.55913,0.73364,0.66856,0.32724,0.90159,1.112,0.8762,0.84735,0.42107,0.84199,0.62582,1.9771,1.6058,1.1934,1.2011,2.7888,0.91782,0.80106,0.77828,3.5086,0.72071,0.66314,1.3602,0.97019,0.62199,0.79969,0.36061,0.94846,0.6207,1.1939,0.72325,0.57916,0.51302,1.2128,0.84946,0.7436
0.91,1.1518,0.83407,1.2358,0.73545,0.54537,0.7262,0.66533,0.3181,0.92064,1.1049,0.87891,0.83963,0.40853,0.84606,0.63463,1.9634,1.5905,1.1063,1.1683,2.6839,0.94882,0.79106,0.7739,3.4711,0.69878,0.66622,1.2756,0.92531,0.65498,0.84216,0.33076,0.93028,0.63628,1.1451,0.69088,0.56458,0.51161,1.2167,0.84273,0.75683
0.92,1.1583,0.82669,1.2003,0.72439,0.52989,0.71706,0.66294,0.30922,0.95299,1.0978,0.88102,0.8301,0.40152,0.84964,0.64737,1.949,1.573,1.0229,1.1302,2.575,0.98389,0.78062,0.77145,3.4184,0.6772,0.67726,1.1891,0.87773,0.67691,0.88733,0.32846,0.90446,0.642,1.1033,0.65616,0.55449,0.51089,1.213,0.83526,0.77459
0.93,1.1636,0.81915,1.1547,0.7102,0.51358,0.70636,0.66135,0.30064,0.97849,1.0901,0.88252,0.81995,0.40001,0.85246,0.65242,1.9338,1.5533,0.94724,1.0888,2.4704,1.0238,0.76986,0.77079,3.3534,0.65985,0.70228,1.1353,0.83215,0.6858,0.93187,0.3258,0.8722,0.63741,1.0705,0.62042,0.54793,0.51075,1.202,0.82709,0.79479
0.94,1.168,0.81107,1.1072,0.69297,0.49712,0.69446,0.66038,0.29236,0.99764,1.0822,0.8834,0.81157,0.40342,0.85469,0.64912,1.922,1.5317,0.88258,1.1023,2.3748,1.0674,0.75889,0.77169,3.2776,0.64216,0.72098,1.1465,0.79051,0.68214,0.97152,0.32283,0.83392,0.62276,1.0474,0.58825,0.54337,0.51108,1.1844,0.81841,0.80721
0.95,1.1706,0.80222,1.0513,0.67305,0.4811,0.68154,0.66001,0.28438,1.0105,1.0744,0.88367,0.80143,0.41083,0.91363,0.63725,1.9114,1.5079,0.83228,1.1176,2.2843,1.1123,0.7475,0.77353,3.1908,0.62402,0.73316,1.1554,0.75644,0.6666,1.004,0.31971,0.78906,0.5991,1.0335,0.60239,0.53953,0.51184,1.1882,0.8094,0.81278
0.96,1.1782,0.79258,0.98501,0.65071,0.46584,0.66777,0.65984,0.27668,1.0169,1.0671,0.88334,0.78968,0.42119,0.96733,0.61705,1.8987,1.4821,0.81467,1.1294,2.1961,1.1562,0.73598,0.77613,3.0925,0.60548,0.73957,1.1625,0.73062,0.64198,1.0277,0.31674,0.73775,0.56838,1.0275,0.61775,0.5349,0.51297,1.1929,0.80023,0.81215
0.97,1.1905,0.7822,0.91161,0.62609,0.45146,0.6533,0.65987,0.26923,1.0173,1.0605,0.88244,0.7782,0.43345,1.0134,0.58915,1.8841,1.4543,0.80839,1.1377,2.1101,1.1978,0.76023,0.77938,2.9825,0.58661,0.74022,1.169,0.71506,0.61074,1.0422,0.31357,0.72538,0.53325,1.0279,0.6308,0.5283,0.51445,1.193,0.79118,0.80565
0.98,1.2013,0.77114,0.84147,0.59944,0.43804,0.63836,0.65984,0.26204,1.0126,1.0548,0.88099,0.76764,0.44683,1.0513,0.58392,1.8678,1.4248,0.80213,1.1442,2.03,1.2362,0.80695,0.78342,2.8609,0.5675,0.73447,1.1735,0.70819,0.57626,1.0457,0.31024,0.71875,0.49643,1.0322,0.64003,0.51891,0.51625,1.1886,0.78256,0.79374
0.99,1.2106,0.75963,0.77107,0.57133,0.42554,0.62307,0.65956,0.25508,1.0043,1.0501,0.87903,0.7557,0.46055,1.081,0.57552,1.8498,1.3939,0.79584,1.1473,1.9615,1.271,0.84819,0.78989,2.7289,0.54822,0.72138,1.176,0.70933,0.54416,1.0388,0.30679,0.71289,0.46078,1.0389,0.64529,0.50596,0.51836,1.1802,0.83532,0.77673
1,1.2184,0.78385,0.70529,0.54173,0.4138,0.60768,0.65888,0.24832,0.99295,1.0468,0.87663,0.74253,0.47406,1.1026,0.56138,1.83,1.3615,0.81304,1.1473,1.9104,1.3024,0.88265,0.79746,2.5894,0.52885,0.7004,1.227,0.71523,0.54447,1.0208,0.30324,0.70681,0.46606,1.0464,0.64664,0.48923,0.52084,1.1678,0.88889,0.7562
1.01,1.2251,0.8209,0.68254,0.51129,0.4028,0.59217,0.65752,0.24176,0.98074,1.0446,0.87389,0.73064,0.48697,1.1163,0.54324,1.8121,1.3278,0.84134,1.1442,1.884,1.3324,0.90999,0.80614,2.4464,0.50945,0.67587,1.2724,0.72378,0.53599,0.99201,0.29962,0.69945,0.47485,1.0538,0.64483,0.46854,0.52373,1.1514,0.9363,0.734
1.02,1.2306,0.85165,0.66683,0.50139,0.39264,0.57655,0.65552,0.2354,0.96852,1.0435,0.8708,0.71891,0.49919,1.122,0.53805,1.7973,1.293,0.87275,1.1392,1.8803,1.3649,0.92997,0.81579,2.3036,0.49009,0.68735,1.3028,0.73168,0.52187,0.95433,0.29631,0.69013,0.48427,1.0602,0.63992,0.46416,0.52702,1.1312,0.9761,0.71249
1.03,1.2347,0.87596,0.65112,0.49718,0.38347,0.56073,0.65254,0.23244,0.95814,1.0436,0.86742,0.70623,0.51054,1.1198,0.53402,1.783,1.257,0.90446,1.1815,1.892,1.4043,0.94315,0.82599,2.1653,0.47083,0.69781,1.3171,0.73703,0.50505,0.90787,0.29298,0.67823,0.49296,1.0654,0.63196,0.46563,0.5307,1.1075,1.0065,0.69351
1.04,1.2375,0.89543,0.63573,0.4929,0.37528,0.54479,0.64871,0.2347,0.94988,1.0445,0.86379,0.69328,0.52106,1.1098,0.52992,1.769,1.2203,0.93422,1.2592,1.9092,1.4517,0.95006,0.83615,2.0352,0.45171,0.70742,1.3129,0.73842,0.49253,0.85424,0.28959,0.67319,0.50116,1.0692,0.62085,0.46668,0.53467,1.0804,1.0264,0.67769
1.05,1.239,0.90835,0.61845,0.4886,0.36805,0.52866,0.6438,0.23724,0.94524,1.0459,0.85997,0.68215,0.53093,1.0924,0.52576,1.7547,1.1891,0.96038,1.3352,1.9225,1.5019,0.95473,0.84526,1.938,0.43278,0.71674,1.2906,0.74242,0.51212,0.8213,0.28616,0.67235,0.50961,1.0716,0.60658,0.46726,0.53882,1.0504,1.0355,0.66428
1.06,1.2395,0.91378,0.60321,0.48418,0.36188,0.5124,0.63782,0.23997,0.94326,1.0477,0.85605,0.67029,0.54017,1.0679,0.52142,1.7401,1.22,0.98165,1.4086,1.9255,1.5448,0.95652,0.85256,2.026,0.41405,0.72534,1.2519,0.74499,0.54158,0.83299,0.28268,0.66935,0.51828,1.0726,0.59465,0.46737,0.54301,1.0176,1.0344,0.65207
1.07,1.2389,0.91206,0.58668,0.47965,0.35684,0.49606,0.63094,0.24277,0.94416,1.0496,0.85195,0.65795,0.54897,1.0367,0.51719,1.7251,1.2416,0.99754,1.4787,1.9156,1.5704,0.9548,0.85748,2.1222,0.39557,0.73345,1.2011,0.74263,0.57219,0.84386,0.28253,0.66361,0.52661,1.0725,0.59009,0.46705,0.54718,0.98239,1.023,0.63925
1.08,1.2373,0.90361,0.57026,0.475,0.35796,0.47966,0.62306,0.24558,0.94641,1.0514,0.8477,0.64768,0.55731,0.99973,0.51283,1.7106,1.2982,1.0073,1.5453,1.8937,1.5743,0.95069,0.85947,2.2078,0.37816,0.74139,1.1463,0.73609,0.60083,0.85412,0.28424,0.65496,0.53366,1.071,0.58383,0.4663,0.55126,0.94501,1.0022,0.62475
1.09,1.2353,0.88922,0.57332,0.47025,0.36058,0.46321,0.61432,0.24832,0.94896,1.0527,0.84331,0.63685,0.56516,0.95739,0.50843,1.6959,1.3517,1.0111,1.6076,1.8633,1.5583,0.94476,0.85839,2.2817,0.36919,0.74878,1.137,0.72534,0.62604,0.86456,0.2845,0.64365,0.53815,1.0684,0.57691,0.4652,0.55517,0.90597,0.97276,0.60828
1.1,1.2326,0.87069,0.58794,0.46541,0.36281,0.44692,0.60496,0.25094,0.95082,1.0534,0.8388,0.62554,0.57255,0.9109,0.50409,1.6803,1.3926,1.009,1.6653,1.829,1.5298,0.93717,0.85443,2.3424,0.3571,0.75564,1.1277,0.71134,0.64683,0.87498,0.28277,0.63036,0.53851,1.0644,0.57032,0.46371,0.55905,0.8656,0.93589,0.59027
1.11,1.2291,0.84927,0.60263,0.4605,0.36462,0.43063,0.59518,0.25339,0.95007,1.0531,0.83422,0.61616,0.57917,0.86078,0.49968,1.6646,1.421,1.0011,1.7185,1.7948,1.4958,0.92778,0.848,2.3888,0.35874,0.76195,1.1174,0.69464,0.6634,0.88565,0.2791,0.61578,0.53332,1.0596,0.56477,0.48429,0.56288,0.82406,0.89234,0.57178
1.12,1.2249,0.82575,0.62513,0.45555,0.36607,0.41453,0.58518,0.25563,0.96046,1.052,0.82957,0.60643,0.58501,0.82176,0.49528,1.649,1.4373,0.98794,1.7666,1.7631,1.4605,0.91644,0.83976,2.4194,0.3594,0.76742,1.1061,0.6743,0.67585,0.89555,0.27359,0.60041,0.52158,1.0619,0.56054,0.50489,0.56653,0.78187,0.84317,0.55378
1.13,1.22,0.80014,0.64892,0.45056,0.36728,0.39857,0.57525,0.2577,0.99047,1.0499,0.82486,0.59631,0.58992,0.81744,0.49095,1.6324,1.442,0.96993,1.815,1.7372,1.4231,0.90327,0.8304,2.4336,0.35805,0.77205,1.094,0.67944,0.68444,0.90419,0.28106,0.58841,0.50285,1.0621,0.55738,0.52374,0.5702,0.75611,0.78907,0.53725
1.14,1.2143,0.77207,0.66862,0.44555,0.36828,0.38277,0.56539,0.2595,1.0158,1.0465,0.82009,0.58697,0.59375,0.81301,0.48658,1.6158,1.4359,0.94771,1.8714,1.7321,1.3804,0.88846,0.8207,2.432,0.35483,0.77584,1.0819,0.6899,0.68909,0.91131,0.2861,0.58003,0.47755,1.0603,0.55466,0.54061,0.5746,0.73366,0.73114,0.52249
1.15,1.2079,0.74224,0.68516,0.4405,0.3691,0.36719,0.55559,0.26098,1.0361,1.0418,0.81529,0.57978,0.59652,0.80849,0.48224,1.5992,1.4199,0.92196,1.9218,1.728,1.3302,0.87342,0.81134,2.4162,0.35013,0.77896,1.0689,0.69367,0.69291,0.91696,0.28764,0.5714,0.45532,1.0564,0.55144,0.55559,0.59057,0.71058,0.7232,0.50936
1.16,1.2011,0.7107,0.70311,0.43542,0.36962,0.36244,0.54587,0.26221,1.0516,1.0358,0.81044,0.57562,0.5983,0.80388,0.47799,1.5814,1.395,0.89337,1.9659,1.7216,1.273,0.85642,0.80289,2.3889,0.34427,0.78153,1.0552,0.69167,0.69749,0.92169,0.28593,0.563,0.42967,1.0508,0.54996,0.56857,0.61367,0.68698,0.71705,0.4974
1.17,1.1932,0.67794,0.74494,0.43033,0.36962,0.37431,0.53797,0.26306,1.0622,1.0286,0.80557,0.57148,0.59918,0.79916,0.47374,1.5645,1.3622,0.86266,2.0035,1.7107,1.2137,0.8375,0.79574,2.3537,0.33757,0.78359,1.041,0.685,0.69714,0.92542,0.28094,0.55524,0.40164,1.0432,0.55901,0.57957,0.63631,0.66277,0.70732,0.48577
1.18,1.1842,0.64465,0.78029,0.42521,0.37213,0.38456,0.53279,0.26357,1.0679,1.0198,0.80068,0.56738,0.59927,0.79435,0.46949,1.5467,1.3224,0.83057,2.0349,1.6931,1.194,0.81674,0.79023,2.313,0.33037,0.78516,1.0268,0.67485,0.69267,0.92832,0.27304,0.54844,0.38072,1.0338,0.56722,0.58866,0.65829,0.63829,0.69433,0.47382
1.19,1.1752,0.61183,0.81075,0.42013,0.37566,0.3933,0.52733,0.26368,1.0688,1.0098,0.79582,0.56333,0.59854,0.78945,0.46538,1.5286,1.2771,0.7977,2.0609,1.6679,1.1705,0.79471,0.78628,2.269,0.32291,0.78621,1.0284,0.66327,0.68505,0.93067,0.26286,0.54236,0.36448,1.0227,0.57484,0.59571,0.67934,0.61341,0.67853,0.46109
1.2,1.1652,0.57956,0.83278,0.41507,0.37834,0.40064,0.52161,0.26341,1.0649,0.99842,0.79097,0.55934,0.59708,0.78447,0.46128,1.5107,1.2278,0.76459,2.0804,1.6357,1.1437,0.77218,0.7837,2.2238,0.32119,0.78668,1.0787,0.65109,0.67531,0.93264,0.2513,0.5371,0.34858,1.01,0.58182,0.60101,0.69946,0.62829,0.66033,0.45375
1.21,1.1544,0.54793,0.84673,0.41004,0.37963,0.40669,0.51559,0.26272,1.0572,0.98561,0.78613,0.55539,0.59502,0.7794,0.45718,1.4917,1.1818,0.73177,2.0937,1.5976,1.1138,0.74837,0.78233,2.1771,0.32167,0.78656,1.1262,0.6396,0.66448,0.93425,0.23938,0.53211,0.33393,0.99563,0.58822,0.6045,0.71844,0.6595,0.64017,0.45309
1.22,1.1434,0.51759,0.85222,0.40503,0.37942,0.41155,0.50923,0.26165,1.0459,0.97162,0.78131,0.55149,0.59251,0.77424,0.45321,1.4737,1.1341,0.69969,2.1013,1.5556,1.0814,0.7232,0.78168,2.1293,0.32116,0.78584,1.169,0.62995,0.65348,0.93543,0.22807,0.52729,0.32107,0.97988,0.59424,0.60629,0.73624,0.68624,0.62536,0.4506
1.23,1.132,0.48929,0.85584,0.40004,0.37756,0.4153,0.50246,0.26015,1.0327,0.95641,0.77651,0.54763,0.58957,0.76899,0.44929,1.4546,1.0842,0.66875,2.1042,1.5118,1.0465,0.69677,0.78136,2.0791,0.31977,0.78467,1.2039,0.62279,0.64312,0.93603,0.22225,0.52228,0.31023,0.9631,0.59963,0.60653,0.75283,0.70854,0.61577,0.44775
1.24,1.1197,0.46401,0.85896,0.39508,0.37427,0.41802,0.4953,0.25833,1.0193,0.94,0.77176,0.54382,0.58627,0.76366,0.44539,1.4359,1.0329,0.63938,2.1018,1.4678,1.0095,0.66937,0.78104,2.0261,0.31768,0.78318,1.2297,0.61812,0.634,0.93589,0.22731,0.5169,0.30119,0.94573,0.60432,0.60531,0.76828,0.72652,0.6059,0.44413
1.25,1.1072,0.44251,0.85873,0.39016,0.36953,0.41981,0.48777,0.2561,1.0069,0.92285,0.76713,0.54003,0.58273,0.75828,0.44155,1.4168,0.98133,0.61279,2.0944,1.4451,0.97077,0.64132,0.78047,1.9695,0.31506,0.78113,1.2458,0.61677,0.62714,0.93495,0.2339,0.5112,0.29356,0.94115,0.60817,0.60263,0.78245,0.74037,0.59579,0.43898
1.26,1.0945,0.42534,0.85492,0.38527,0.3636,0.42076,0.47992,0.25359,0.99677,0.90477,0.76253,0.53627,0.57894,0.75282,0.43783,1.3975,0.93044,0.60593,2.083,1.4299,0.93047,0.61318,0.77936,1.9095,0.31203,0.77853,1.2518,0.61755,0.62227,0.93326,0.24005,0.50507,0.28682,0.95022,0.61118,0.59857,0.79534,0.75031,0.58558,0.43231
1.27,1.081,0.41379,0.84786,0.38046,0.35679,0.42094,0.47179,0.25076,0.99029,0.88616,0.75796,0.53253,0.57502,0.74727,0.43413,1.3783,0.88622,0.59912,2.0679,1.4166,0.8889,0.5854,0.77761,1.8464,0.30873,0.77547,1.2474,0.62064,0.61975,0.93102,0.24569,0.49863,0.28189,0.95405,0.61314,0.6148,0.80713,0.7566,0.57523,0.42451
1.28,1.0673,0.40538,0.83707,0.37569,0.3493,0.42042,0.46341,0.2477,0.98755,0.86695,0.75348,0.52879,0.57114,0.74164,0.43046,1.3586,0.87611,0.59233,2.0488,1.4052,0.84632,0.55857,0.77518,1.7885,0.30522,0.77229,1.2328,0.62479,0.61942,0.92847,0.25074,0.49204,0.29513,0.95297,0.61401,0.62992,0.81766,0.75953,0.56476,0.41606
1.29,1.0535,0.40273,0.82219,0.37095,0.34108,0.41926,0.45477,0.24443,0.98935,0.84735,0.74912,0.52504,0.56723,0.73595,0.42691,1.3395,0.86594,0.58557,2.0261,1.3949,0.83905,0.53313,0.77213,1.7671,0.3016,0.76865,1.2084,0.62983,0.62076,0.92538,0.2554,0.48525,0.30738,0.94704,0.6138,0.64652,0.82712,0.75942,0.55424,0.40721
1.3,1.0391,0.40453,0.80438,0.36626,0.33325,0.41749,0.44589,0.24098,0.99477,0.82734,0.74479,0.52128,0.5633,0.7302,0.42342,1.3195,0.85568,0.57883,2.0007,1.3846,0.84844,0.51839,0.76856,1.7436,0.29787,0.76462,1.175,0.63438,0.62376,0.92181,0.2594,0.47843,0.31843,0.93629,0.61261,0.66772,0.83537,0.75662,0.5438,0.398
1.31,1.0246,0.40957,0.78403,0.3616,0.3294,0.41512,0.43676,0.23743,1.0037,0.8069,0.74052,0.5175,0.55942,0.7244,0.41995,1.3004,0.84547,0.57212,1.973,1.3733,0.85348,0.51963,0.76461,1.718,0.29401,0.76031,1.1334,0.63786,0.6275,0.91781,0.26287,0.4714,0.32828,0.92161,0.61083,0.68691,0.84262,0.75147,0.5334,0.39125
1.32,1.0104,0.41674,0.76177,0.357,0.32525,0.41216,0.43122,0.2338,1.0148,0.8172,0.73641,0.51368,0.55607,0.71858,0.41656,1.2806,0.83525,0.56543,1.9428,1.3596,0.85225,0.52211,0.76046,1.6911,0.29001,0.75599,1.0846,0.63984,0.63152,0.91342,0.26577,0.46411,0.33704,0.90346,0.61131,0.70402,0.84885,0.74435,0.52319,0.38547
1.33,0.99609,0.42543,0.73706,0.35245,0.32077,0.4086,0.42713,0.23052,1.0275,0.83066,0.73232,0.50982,0.55309,0.71276,0.41326,1.2613,0.82494,0.55876,1.9106,1.3422,0.84492,0.52709,0.75627,1.6633,0.28586,0.75153,1.0299,0.63953,0.63537,0.90883,0.2681,0.45644,0.34481,0.8823,0.60979,0.71906,0.85424,0.73562,0.51321,0.37885
1.34,0.98212,0.43482,0.71311,0.34796,0.31596,0.40449,0.423,0.22798,1.0403,0.84162,0.72831,0.50592,0.55008,0.70692,0.41877,1.2418,0.81467,0.55213,1.8766,1.321,0.8332,0.52989,0.75221,1.6347,0.28148,0.74695,0.97058,0.63643,0.63863,0.90407,0.26988,0.44819,0.35157,0.85843,0.60646,0.7321,0.85888,0.7255,0.50345,0.37127
1.35,0.96888,0.44439,0.6889,0.34353,0.31086,0.39988,0.41884,0.22445,1.053,0.8505,0.72445,0.50196,0.54695,0.70106,0.42266,1.2224,0.80441,0.54558,1.8419,1.295,0.81931,0.5304,0.74842,1.6053,0.27692,0.74225,0.90789,0.63032,0.64092,0.89906,0.27114,0.43942,0.35724,0.83681,0.60156,0.7431,0.8628,0.71447,0.51208,0.36275
1.36,0.95701,0.45372,0.66486,0.33918,0.30542,0.39483,0.41465,0.22026,1.0642,0.8572,0.72064,0.49794,0.54374,0.69521,0.42469,1.2032,0.79405,0.53907,1.8062,1.2649,0.80506,0.52838,0.74498,1.5751,0.27208,0.7374,0.84308,0.62106,0.64195,0.89386,0.27183,0.42998,0.36185,0.81639,0.59529,0.75362,0.86603,0.70264,0.52956,0.35338
1.37,0.94611,0.46271,0.64965,0.33493,0.29971,0.3894,0.41043,0.21785,1.0733,0.86208,0.71689,0.49386,0.54043,0.68936,0.42495,1.1837,0.78378,0.53261,1.7697,1.2306,0.79126,0.5236,0.74193,1.5438,0.26699,0.73241,0.82726,0.60838,0.64147,0.88852,0.27211,0.42015,0.36535,0.79401,0.59168,0.76797,0.86854,0.69041,0.54426,0.34338
1.38,0.93617,0.47108,0.6341,0.33082,0.29365,0.38365,0.40618,0.21527,1.0803,0.8652,0.7133,0.48971,0.537,0.68355,0.4235,1.1649,0.77347,0.52621,1.7327,1.1934,0.77776,0.51573,0.73932,1.5114,0.2617,0.72749,0.82354,0.59223,0.63931,0.8831,0.27175,0.40996,0.36792,0.77027,0.58908,0.77984,0.87032,0.67795,0.55619,0.33317
1.39,0.92659,0.47885,0.62,0.32687,0.28732,0.3776,0.40188,0.21266,1.0849,0.86664,0.70977,0.48549,0.5335,0.67777,0.42038,1.1457,0.76308,0.53553,1.6953,1.1539,0.76375,0.50445,0.73707,1.4783,0.25629,0.72253,0.81841,0.59394,0.63538,0.87761,0.27115,0.39987,0.36969,0.74567,0.58693,0.78945,0.87137,0.66927,0.56584,0.32318
1.4,0.91714,0.4861,0.60592,0.32314,0.28064,0.37134,0.39754,0.21168,1.0867,0.8667,0.7063,0.48119,0.53004,0.67203,0.41567,1.1269,0.75283,0.5467,1.6579,1.1303,0.76137,0.48978,0.73512,1.4452,0.25098,0.71757,0.8121,0.59617,0.62979,0.87205,0.26991,0.39008,0.37092,0.7206,0.58532,0.79669,0.87175,0.66195,0.57296,0.32723
1.41,0.90765,0.49305,0.59381,0.31965,0.27364,0.3649,0.39316,0.21218,1.0859,0.86528,0.70294,0.47683,0.52662,0.66636,0.40952,1.1083,0.74248,0.55829,1.6205,1.1087,0.77078,0.48664,0.73334,1.4363,0.2462,0.7127,0.80479,0.59593,0.62239,0.86645,0.26847,0.38093,0.37175,0.69546,0.58424,0.80171,0.87158,0.65411,0.57765,0.33513
1.42,0.89838,0.49978,0.5819,0.31633,0.26633,0.3583,0.38875,0.21249,1.0825,0.86253,0.69968,0.47242,0.52311,0.66075,0.40197,1.0896,0.73217,0.5701,1.5833,1.0855,0.7758,0.49319,0.73161,1.4369,0.24388,0.70799,0.79671,0.59276,0.61319,0.86091,0.26652,0.37274,0.37221,0.67061,0.58359,0.80445,0.87097,0.64605,0.58003,0.34163
1.43,0.88898,0.50625,0.57536,0.31312,0.25868,0.35163,0.38428,0.21263,1.0768,0.85869,0.69647,0.46843,0.51944,0.65521,0.39311,1.0715,0.72191,0.58189,1.5464,1.0621,0.77621,0.49932,0.72982,1.4344,0.25143,0.70338,0.78807,0.5866,0.60233,0.85554,0.26435,0.36575,0.37222,0.64654,0.58332,0.805,0.87001,0.63784,0.58028,0.347
1.44,0.87937,0.5124,0.56957,0.31,0.2507,0.34489,0.37976,0.21262,1.0689,0.8537,0.69331,0.46434,0.51554,0.64974,0.39278,1.0531,0.7116,0.59354,1.51,1.0392,0.77225,0.50468,0.72784,1.4305,0.25974,0.69874,0.77879,0.57702,0.59001,0.85037,0.26177,0.36001,0.37159,0.62344,0.58342,0.8035,0.86889,0.62962,0.57856,0.3514
1.45,0.86948,0.51817,0.56466,0.30689,0.24665,0.33814,0.37518,0.21248,1.0594,0.84767,0.69026,0.46017,0.51138,0.64434,0.39308,1.0352,0.70141,0.60494,1.4749,1.0176,0.76432,0.50909,0.72555,1.4261,0.26817,0.69391,0.76897,0.564,0.57651,0.84531,0.25909,0.3555,0.37009,0.60151,0.58372,0.80006,0.86748,0.62153,0.57507,0.35488
1.46,0.85974,0.52364,0.56115,0.30379,0.24793,0.33145,0.37054,0.21229,1.0483,0.84077,0.68728,0.45591,0.50695,0.63901,0.39341,1.0176,0.69126,0.61604,1.4405,0.9981,0.75337,0.51251,0.72284,1.4224,0.27498,0.69694,0.75869,0.55841,0.56209,0.84024,0.25613,0.3521,0.36739,0.58093,0.58414,0.7948,0.86582,0.61364,0.56998,0.3574
1.47,0.84983,0.52876,0.55802,0.30067,0.24916,0.32484,0.36583,0.212,1.0357,0.83303,0.68434,0.45157,0.50232,0.63375,0.39378,1.0068,0.68117,0.62685,1.407,0.98105,0.74065,0.51492,0.71965,1.4199,0.28011,0.70362,0.74805,0.55522,0.54727,0.83508,0.25307,0.34961,0.36324,0.56184,0.58459,0.78786,0.86392,0.60596,0.56348,0.35883
1.48,0.83963,0.53349,0.55515,0.29752,0.2504,0.31835,0.36109,0.21169,1.0221,0.82447,0.68144,0.44715,0.49756,0.62857,0.39414,0.99638,0.67118,0.63744,1.3751,0.96654,0.72797,0.51627,0.71591,1.4187,0.2835,0.70997,0.73719,0.54998,0.53236,0.83582,0.25003,0.34776,0.35731,0.54428,0.58502,0.77942,0.86158,0.59851,0.55575,0.35902
1.49,0.83214,0.53783,0.5534,0.29433,0.25156,0.31204,0.35629,0.21138,1.008,0.81514,0.67863,0.44265,0.49271,0.62346,0.3945,0.98612,0.66273,0.64779,1.3446,0.95479,0.71717,0.51626,0.71163,1.4226,0.28509,0.71612,0.72618,0.54385,0.51769,0.84333,0.24741,0.34624,0.34952,0.53374,0.58541,0.76965,0.85872,0.5913,0.54696,0.35775
1.5,0.83039,0.54168,0.55164,0.29111,0.2527,0.30593,0.35141,0.21104,0.99312,0.80737,0.67588,0.43809,0.4877,0.61842,0.39484,0.97578,0.66178,0.65782,1.3153,0.9454,0.70998,0.51435,0.7068,1.4416,0.28653,0.72189,0.7152,0.54915,0.5039,0.85093,0.24548,0.34483,0.33978,0.52498,0.58574,0.75874,0.85537,0.58429,0.53733,0.35483
1.51,0.82799,0.54493,0.55034,0.29454,0.25377,0.30006,0.34647,0.21077,0.97833,0.82383,0.67316,0.43347,0.48253,0.61348,0.39515,0.96535,0.65854,0.66719,1.2881,0.93798,0.70761,0.51025,0.70143,1.4613,0.28928,0.72729,0.70444,0.5538,0.49137,0.85833,0.24376,0.3433,0.32824,0.51715,0.58605,0.74682,0.85151,0.57749,0.527,0.35013
1.52,0.82448,0.5475,0.54919,0.30001,0.25478,0.29451,0.34149,0.21048,0.96331,0.83838,0.67341,0.42879,0.47723,0.60862,0.39543,0.95546,0.65299,0.67568,1.2623,0.9323,0.7101,0.52242,0.69557,1.4805,0.2915,0.7323,0.69429,0.55778,0.48052,0.86588,0.24207,0.34142,0.31496,0.51026,0.58641,0.73403,0.84713,0.57086,0.51615,0.3436
1.53,0.81984,0.54926,0.54865,0.30502,0.25572,0.28926,0.33646,0.21028,0.94887,0.85104,0.67575,0.42405,0.47186,0.60385,0.39569,0.94549,0.64538,0.68307,1.2384,0.92764,0.71657,0.53484,0.68928,1.4988,0.29319,0.73706,0.68555,0.56054,0.47179,0.8737,0.2403,0.33909,0.30018,0.50422,0.58703,0.7205,0.84221,0.56432,0.50499,0.33532
1.54,0.81396,0.55009,0.54831,0.30957,0.25654,0.28439,0.33136,0.21007,0.93466,0.86178,0.67803,0.41927,0.46643,0.59916,0.39591,0.93544,0.63582,0.68928,1.2161,0.92357,0.72521,0.54623,0.68266,1.515,0.29439,0.74166,0.67751,0.56192,0.46554,0.88168,0.23834,0.33628,0.28416,0.49901,0.58802,0.70635,0.83684,0.55783,0.49404,0.32569
1.55,0.80669,0.54997,0.5479,0.31366,0.25732,0.27993,0.32621,0.20995,0.92152,0.8706,0.68018,0.41445,0.46096,0.59455,0.39616,0.92559,0.6246,0.69421,1.1957,0.91965,0.73367,0.55655,0.6758,1.529,0.29514,0.74605,0.66991,0.5618,0.46202,0.88965,0.23629,0.33291,0.26723,0.4946,0.58945,0.69172,0.8311,0.55135,0.48303,0.32111
1.56,0.79794,0.54891,0.54792,0.31732,0.25797,0.27591,0.32101,0.20983,0.90921,0.87753,0.68219,0.40959,0.45547,0.59002,0.39642,0.91597,0.6119,0.69789,1.1768,0.91542,0.73975,0.56579,0.6688,1.54,0.2955,0.75034,0.6624,0.56009,0.46138,0.89726,0.23402,0.3291,0.24978,0.49094,0.59137,0.67666,0.8251,0.54489,0.47204,0.32301
1.57,0.78775,0.54698,0.54737,0.32055,0.2585,0.27236,0.31577,0.20978,0.89791,0.88256,0.6841,0.40471,0.45003,0.58558,0.39676,0.90628,0.59784,0.70033,1.1599,0.91051,0.74156,0.5739,0.66177,1.5482,0.29551,0.75447,0.66249,0.5567,0.46379,0.90457,0.23154,0.32478,0.24593,0.48795,0.59638,0.66134,0.81896,0.53836,0.46132,0.3244
1.58,0.77626,0.54417,0.5469,0.32333,0.25895,0.26931,0.31049,0.20974,0.88812,0.8857,0.68587,0.3998,0.44463,0.58121,0.39732,0.89653,0.58259,0.70158,1.1444,0.9048,0.73806,0.581,0.6548,1.5536,0.29522,0.75826,0.68957,0.55162,0.46909,0.91135,0.23095,0.32015,0.25134,0.48555,0.60109,0.64583,0.81271,0.53178,0.45091,0.32525
1.59,0.76357,0.54048,0.54614,0.32568,0.25927,0.26678,0.30517,0.20971,0.88198,0.88698,0.68747,0.39488,0.43927,0.5769,0.39822,0.88718,0.57084,0.70162,1.1308,0.89795,0.72886,0.58702,0.64801,1.5566,0.29465,0.76177,0.7139,0.54484,0.47706,0.91755,0.23877,0.31515,0.25623,0.48364,0.60549,0.63023,0.80637,0.52513,0.44097,0.32553
1.6,0.74988,0.5359,0.54484,0.32762,0.25944,0.26478,0.29983,0.20972,0.8809,0.88645,0.68899,0.38996,0.43403,0.57266,0.39929,0.87783,0.56257,0.70037,1.1186,0.88989,0.71435,0.59208,0.64146,1.5576,0.29383,0.76504,0.73518,0.53663,0.48745,0.92313,0.24649,0.31477,0.26059,0.4821,0.60962,0.61465,0.79991,0.51841,0.43158,0.32524
1.61,0.73545,0.53052,0.54334,0.32915,0.25951,0.26333,0.29449,0.20974,0.88067,0.88416,0.69031,0.38502,0.42882,0.56847,0.40036,0.86842,0.55446,0.69781,1.1077,0.88076,0.6955,0.59613,0.63523,1.557,0.2928,0.76806,0.75307,0.52707,0.49994,0.92807,0.25422,0.31598,0.26438,0.48084,0.6135,0.59919,0.79323,0.51158,0.42282,0.32425
1.62,0.72622,0.52445,0.54192,0.33029,0.25946,0.26244,0.28913,0.20975,0.88152,0.88021,0.69152,0.3801,0.42375,0.56434,0.4014,0.85906,0.5465,0.69396,1.0984,0.87045,0.67358,0.59931,0.6294,1.5553,0.29156,0.77083,0.76795,0.51611,0.51415,0.93234,0.26137,0.31659,0.26762,0.47983,0.61717,0.58393,0.78626,0.50468,0.41475,0.32249
1.63,0.71926,0.51794,0.5401,0.33106,0.25926,0.26208,0.28379,0.20977,0.88319,0.87467,0.69257,0.37518,0.41874,0.56027,0.40237,0.85003,0.53875,0.68884,1.101,0.85903,0.65,0.60156,0.62404,1.553,0.29014,0.77332,0.77927,0.50396,0.52968,0.93602,0.26756,0.32118,0.27029,0.47894,0.62071,0.56896,0.77899,0.49777,0.40741,0.31997
1.64,0.71214,0.51092,0.53796,0.33148,0.25894,0.26226,0.27848,0.20987,0.88615,0.86763,0.69346,0.37027,0.41383,0.55624,0.40326,0.84095,0.53125,0.6825,1.1139,0.84664,0.62936,0.60305,0.61914,1.5502,0.28856,0.77551,0.78716,0.49083,0.5461,0.93917,0.27272,0.3255,0.27242,0.47816,0.62425,0.55433,0.77151,0.49094,0.40084,0.31677
1.65,0.70504,0.50333,0.53562,0.33154,0.25848,0.26296,0.2732,0.21056,0.88986,0.85918,0.69423,0.36539,0.40901,0.55226,0.40409,0.83182,0.52407,0.675,1.1263,0.83354,0.63661,0.60372,0.61477,1.5472,0.28682,0.77738,0.79181,0.47689,0.56328,0.94172,0.27679,0.32859,0.27406,0.47741,0.62779,0.54009,0.76376,0.48432,0.39505,0.31459
1.66,0.69812,0.49527,0.53336,0.33127,0.25791,0.26414,0.26932,0.21187,0.89479,0.8495,0.6948,0.36053,0.40426,0.54833,0.40488,0.82283,0.51721,0.66642,1.138,0.81978,0.64249,0.60373,0.61088,1.5439,0.28494,0.77894,0.79346,0.47114,0.58055,0.94371,0.27969,0.33053,0.27531,0.4767,0.63129,0.52637,0.75574,0.47795,0.39006,0.31689
1.67,0.69106,0.48682,0.53145,0.33067,0.25722,0.26577,0.26742,0.21325,0.90027,0.83862,0.69525,0.3557,0.39964,0.54445,0.40564,0.81406,0.51064,0.65689,1.149,0.80549,0.64699,0.60307,0.6075,1.5403,0.28294,0.78017,0.79216,0.47087,0.59798,0.94518,0.28131,0.33145,0.27629,0.47599,0.63473,0.51316,0.74755,0.47174,0.38585,0.31868
1.68,0.6841,0.478,0.52958,0.32977,0.25643,0.26784,0.26544,0.21462,0.90677,0.82656,0.69549,0.35091,0.39508,0.54063,0.4064,0.80525,0.50427,0.64647,1.1593,0.79086,0.65014,0.60186,0.60457,1.5362,0.28084,0.78111,0.78813,0.47001,0.61504,0.94617,0.28248,0.33152,0.277,0.47527,0.63801,0.50054,0.73917,0.4656,0.38238,0.32002
1.69,0.67724,0.46893,0.52783,0.32859,0.25555,0.27028,0.2634,0.21647,0.91347,0.81346,0.69563,0.34616,0.39063,0.53686,0.40721,0.7964,0.49814,0.63522,1.1689,0.77611,0.65192,0.60013,0.60209,1.5315,0.27866,0.78174,0.7817,0.46836,0.63153,0.94671,0.28802,0.33103,0.27732,0.48219,0.64103,0.48904,0.73062,0.45938,0.37962,0.32102
1.7,0.67025,0.45971,0.5263,0.32717,0.25458,0.27308,0.26131,0.21887,0.92087,0.7992,0.69555,0.34145,0.38627,0.53314,0.40808,0.78772,0.49219,0.62327,1.178,0.76126,0.65236,0.59798,0.59998,1.5257,0.27641,0.78207,0.77315,0.46569,0.64728,0.94679,0.29203,0.33019,0.27719,0.49033,0.64374,0.47861,0.72194,0.45304,0.37756,0.32178
1.71,0.66345,0.45042,0.52505,0.32551,0.25356,0.27618,0.25915,0.22129,0.92814,0.78384,0.69538,0.33679,0.38204,0.52949,0.40899,0.77921,0.48647,0.61056,1.1862,0.74645,0.65154,0.59546,0.5982,1.5187,0.27414,0.78207,0.7634,0.46208,0.66224,0.94644,0.29444,0.32925,0.27653,0.4987,0.64609,0.46873,0.71324,0.44654,0.3761,0.32237
1.72,0.65667,0.44092,0.52416,0.32364,0.25253,0.27955,0.25697,0.2237,0.93549,0.76777,0.69502,0.33219,0.37793,0.52591,0.40988,0.77066,0.48099,0.59709,1.1971,0.73183,0.64952,0.59265,0.5967,1.5102,0.27181,0.78179,0.7532,0.45759,0.67615,0.94582,0.29508,0.32856,0.27537,0.50706,0.64805,0.45942,0.70466,0.43982,0.37519,0.32277
1.73,0.64978,0.43121,0.52366,0.32158,0.25152,0.28316,0.25472,0.2261,0.94254,0.75166,0.69456,0.32763,0.37397,0.52243,0.41073,0.76209,0.47576,0.58288,1.2074,0.71735,0.64643,0.5896,0.59538,1.4999,0.26949,0.7813,0.74227,0.45197,0.68888,0.94479,0.29421,0.32789,0.27371,0.51526,0.64963,0.45068,0.6963,0.43287,0.3748,0.32299
1.74,0.64313,0.4212,0.52358,0.31936,0.25065,0.28696,0.25243,0.22847,0.9489,0.73619,0.69398,0.32314,0.37017,0.51902,0.41152,0.7537,0.47091,0.56794,1.2172,0.70323,0.64236,0.58638,0.59426,1.4878,0.26716,0.78048,0.73049,0.44567,0.70034,0.94336,0.29174,0.32688,0.27161,0.52314,0.65078,0.44249,0.68824,0.42567,0.37485,0.32298
1.75,0.63644,0.41104,0.52394,0.31699,0.25003,0.29094,0.25011,0.23082,0.95494,0.72206,0.69327,0.31871,0.36652,0.51569,0.41223,0.74545,0.4667,0.55229,1.2262,0.68935,0.6375,0.58301,0.5932,1.4739,0.26483,0.77931,0.71776,0.43827,0.71046,0.94158,0.28792,0.32553,0.26909,0.53051,0.65145,0.4349,0.68032,0.41823,0.37528,0.32276
1.76,0.62966,0.4006,0.52475,0.31452,0.24979,0.29505,0.24773,0.23311,0.95996,0.70942,0.69252,0.31435,0.36301,0.5125,0.41286,0.73718,0.4632,0.53598,1.2346,0.67585,0.63196,0.57954,0.59219,1.4581,0.26249,0.7778,0.70421,0.43033,0.71919,0.93951,0.28275,0.32397,0.26617,0.53723,0.65161,0.42785,0.67239,0.41055,0.37601,0.3223
1.77,0.62317,0.38998,0.5263,0.31199,0.24981,0.29927,0.24536,0.23536,0.96391,0.69732,0.69167,0.31005,0.35965,0.50941,0.41341,0.72889,0.46362,0.51906,1.2422,0.66266,0.62595,0.57601,0.59118,1.4406,0.26017,0.77619,0.69013,0.42136,0.72812,0.9372,0.27645,0.32229,0.26287,0.54319,0.6513,0.42133,0.66433,0.40263,0.37745,0.32162
1.78,0.61659,0.37919,0.52822,0.31174,0.2498,0.30356,0.24293,0.23756,0.96693,0.68555,0.69071,0.30582,0.35643,0.50647,0.41388,0.72077,0.47147,0.50409,1.2489,0.64986,0.61963,0.57243,0.59012,1.4377,0.25785,0.77429,0.67587,0.41402,0.73873,0.93469,0.26915,0.32056,0.25921,0.54832,0.65046,0.41532,0.65617,0.40128,0.37981,0.32071
1.79,0.60997,0.36847,0.53047,0.31263,0.24972,0.30793,0.24049,0.2397,0.96886,0.67426,0.68968,0.30171,0.35336,0.5037,0.41428,0.71278,0.48018,0.48932,1.2549,0.63736,0.6132,0.56886,0.58898,1.4365,0.25556,0.77657,0.66222,0.41371,0.74805,0.932,0.26109,0.31883,0.2552,0.55249,0.64909,0.40978,0.64786,0.39976,0.3824,0.3196
1.8,0.60358,0.35781,0.53298,0.31328,0.24955,0.31231,0.23802,0.24177,0.96958,0.66834,0.6885,0.29774,0.35047,0.50113,0.4146,0.70478,0.48912,0.47395,1.2599,0.62524,0.60687,0.56526,0.58775,1.4339,0.25327,0.78493,0.64921,0.41353,0.75606,0.92917,0.25253,0.31716,0.25085,0.55571,0.64724,0.40468,0.63948,0.39803,0.38518,0.31829
1.81,0.59712,0.34706,0.53569,0.31375,0.24933,0.31673,0.23555,0.24378,0.96906,0.66855,0.68721,0.29384,0.34775,0.4988,0.41485,0.69677,0.49818,0.45805,1.264,0.61339,0.62414,0.56167,0.58639,1.4302,0.25098,0.7932,0.6358,0.41334,0.76278,0.92685,0.24364,0.31558,0.24614,0.55795,0.64878,0.39998,0.63098,0.39612,0.3881,0.31679
1.82,0.59068,0.33616,0.53851,0.31406,0.24902,0.32115,0.23304,0.24572,0.9673,0.66859,0.68578,0.29001,0.34521,0.49671,0.41504,0.68896,0.50736,0.44168,1.2672,0.60193,0.64825,0.55815,0.58491,1.4254,0.24866,0.80118,0.62234,0.4131,0.76825,0.94154,0.23466,0.31407,0.24114,0.55934,0.65046,0.39564,0.62236,0.39402,0.39112,0.31512
1.83,0.58441,0.32513,0.54137,0.31423,0.24865,0.32555,0.23055,0.24759,0.96431,0.66846,0.68423,0.28624,0.34286,0.49481,0.41518,0.68124,0.51667,0.43008,1.2693,0.59071,0.6709,0.55465,0.58329,1.4194,0.2463,0.80905,0.61655,0.41267,0.77252,0.95609,0.22575,0.3126,0.23583,0.55993,0.65193,0.3916,0.61369,0.39174,0.39416,0.31331
1.84,0.57807,0.314,0.54417,0.31424,0.24822,0.32992,0.22801,0.24938,0.96012,0.66817,0.68251,0.28255,0.34069,0.49306,0.41527,0.67351,0.52601,0.43091,1.2706,0.57981,0.69193,0.55119,0.58154,1.4125,0.24391,0.81668,0.60903,0.41197,0.77563,0.97016,0.21682,0.31116,0.23394,0.56487,0.65313,0.38786,0.60496,0.3893,0.39724,0.31136
1.85,0.57181,0.30287,0.54684,0.31413,0.24772,0.33427,0.2255,0.2511,0.95475,0.66771,0.68068,0.27893,0.33871,0.49143,0.41532,0.66579,0.53525,0.43158,1.271,0.56916,0.71116,0.54779,0.57965,1.4047,0.24152,0.82394,0.60007,0.41115,0.77764,0.98371,0.21027,0.3097,0.23288,0.56907,0.65408,0.38432,0.59618,0.38669,0.40027,0.30927
1.86,0.56566,0.29178,0.54928,0.31392,0.24717,0.33856,0.22296,0.25273,0.94828,0.66706,0.67865,0.27538,0.3369,0.4899,0.41533,0.65831,0.54429,0.43209,1.2703,0.55876,0.72849,0.54447,0.57767,1.396,0.23912,0.8308,0.58981,0.41004,0.77858,0.99661,0.20874,0.30822,0.23155,0.5725,0.65476,0.38098,0.58735,0.38394,0.40328,0.30703
1.87,0.55946,0.28079,0.55147,0.31363,0.24654,0.3428,0.22044,0.25429,0.94077,0.66623,0.67649,0.27191,0.33526,0.48847,0.41537,0.65086,0.55311,0.4325,1.2686,0.54862,0.74382,0.54122,0.57557,1.3865,0.23676,0.83723,0.5781,0.4087,0.7785,1.0088,0.20699,0.3067,0.22999,0.57512,0.65521,0.37779,0.57853,0.38104,0.40619,0.30463
1.88,0.55339,0.27025,0.5539,0.3132,0.24585,0.34697,0.21791,0.25575,0.93229,0.66521,0.67417,0.26851,0.33379,0.4871,0.41541,0.64341,0.56164,0.43276,1.2659,0.53867,0.75711,0.53802,0.57338,1.3762,0.23443,0.84315,0.56536,0.4072,0.77743,1.0202,0.20492,0.30516,0.2282,0.57686,0.65538,0.3747,0.56974,0.378,0.40901,0.30208
1.89,0.54737,0.26051,0.55592,0.31261,0.24513,0.35107,0.21538,0.25714,0.92294,0.66407,0.67167,0.26519,0.33247,0.48581,0.4155,0.63603,0.56994,0.43289,1.2621,0.529,0.76834,0.53487,0.57112,1.3651,0.23219,0.84859,0.55156,0.40535,0.77545,1.031,0.20272,0.30359,0.22619,0.57781,0.65535,0.37232,0.56096,0.37483,0.41173,0.29941
1.9,0.5413,0.25104,0.55746,0.31177,0.24437,0.35508,0.21286,0.25843,0.91285,0.66275,0.66902,0.26194,0.33128,0.48457,0.41568,0.62885,0.57795,0.43289,1.2574,0.51947,0.77753,0.53178,0.5688,1.3532,0.23004,0.85355,0.53666,0.40338,0.77262,1.044,0.2002,0.30199,0.22397,0.57801,0.65507,0.37025,0.55222,0.37153,0.4143,0.29661
1.91,0.53543,0.24372,0.55849,0.31063,0.24357,0.35899,0.21032,0.25965,0.9021,0.66127,0.66623,0.25877,0.33022,0.4834,0.41592,0.62167,0.58569,0.43281,1.2517,0.51016,0.78473,0.52876,0.56646,1.3405,0.22799,0.86279,0.52119,0.4012,0.76901,1.0621,0.1976,0.3004,0.22152,0.57753,0.65459,0.36823,0.54358,0.36812,0.41674,0.29373
1.92,0.52954,0.2397,0.55897,0.30922,0.24274,0.36281,0.20782,0.26077,0.89083,0.65964,0.66328,0.25567,0.32928,0.48225,0.41619,0.61449,0.59317,0.43262,1.2449,0.50101,0.79004,0.52577,0.56408,1.3271,0.22609,0.87521,0.50483,0.39871,0.76469,1.0791,0.19558,0.29883,0.21885,0.58111,0.65387,0.36623,0.53497,0.36459,0.41902,0.2908
1.93,0.52364,0.23543,0.55887,0.3076,0.24186,0.36653,0.20532,0.26181,0.87912,0.65786,0.66018,0.25265,0.32843,0.48115,0.41649,0.60749,0.60035,0.43234,1.237,0.492,0.79356,0.52281,0.56908,1.313,0.22433,0.88708,0.4879,0.39607,0.75977,1.0951,0.19528,0.29731,0.21595,0.58928,0.65295,0.36422,0.52641,0.36095,0.42114,0.28783
1.94,0.51792,0.23093,0.55817,0.30583,0.24092,0.37013,0.20281,0.26277,0.86708,0.65597,0.65697,0.2497,0.32766,0.48006,0.4168,0.60057,0.60729,0.43198,1.2282,0.48315,0.79546,0.51985,0.57796,1.2981,0.22277,0.89829,0.47047,0.39331,0.75423,1.1101,0.19519,0.29586,0.21282,0.597,0.6518,0.36218,0.5179,0.35722,0.42311,0.2848
1.95,0.51216,0.22627,0.55721,0.30389,0.23995,0.37362,0.20034,0.26364,0.8548,0.65395,0.6536,0.24682,0.32696,0.47898,0.41709,0.59366,0.61396,0.43156,1.2185,0.47437,0.79577,0.51689,0.5864,1.2826,0.22139,0.90885,0.45256,0.39026,0.74812,1.1243,0.19536,0.29453,0.20945,0.60422,0.65047,0.36007,0.50945,0.35339,0.42491,0.28167
1.96,0.50643,0.22151,0.55607,0.30174,0.23893,0.37699,0.20328,0.26443,0.84238,0.65178,0.65009,0.24402,0.32632,0.47789,0.41739,0.58678,0.62034,0.43106,1.2081,0.46574,0.79459,0.51395,0.59443,1.2665,0.22022,0.91875,0.43439,0.38696,0.74146,1.1375,0.19579,0.29332,0.20583,0.61094,0.64891,0.35789,0.50107,0.34946,0.42654,0.27847
1.97,0.50084,0.21663,0.55433,0.29938,0.23785,0.38023,0.2062,0.26514,0.8299,0.64949,0.6465,0.24129,0.32573,0.47679,0.41768,0.5801,0.62649,0.43051,1.1967,0.45713,0.79205,0.51098,0.60205,1.2498,0.21927,0.92815,0.41594,0.38369,0.7343,1.15,0.19642,0.29224,0.20198,0.61722,0.64719,0.35561,0.49275,0.34545,0.42801,0.2752
1.98,0.49521,0.21164,0.55201,0.29686,0.23673,0.38334,0.20894,0.26577,0.81744,0.64705,0.64279,0.23864,0.32516,0.47568,0.41797,0.57344,0.63237,0.42991,1.1844,0.44863,0.78823,0.50796,0.60925,1.2326,0.21855,0.93691,0.40228,0.38016,0.72667,1.1617,0.19718,0.29129,0.1979,0.62307,0.64523,0.35321,0.48452,0.34135,0.4293,0.27185
1.99,0.48962,0.2066,0.54914,0.29418,0.23557,0.38633,0.21152,0.26634,0.8051,0.64452,0.63896,0.23605,0.3246,0.47455,0.41825,0.56679,0.63796,0.42926,1.1712,0.4401,0.78327,0.50488,0.61607,1.2149,0.21805,0.94506,0.39667,0.3764,0.71859,1.1726,0.19804,0.29048,0.19362,0.62852,0.64313,0.35069,0.47637,0.33718,0.43042,0.26846
2,0.48416,0.20151,0.54575,0.29136,0.23943,0.38918,0.21395,0.26686,0.79294,0.64189,0.63508,0.23354,0.32404,0.47637,0.41853,0.56025,0.64327,0.42856,1.1574,0.43482,0.77727,0.50173,0.62251,1.1969,0.21779,0.9526,0.39111,0.37255,0.71014,1.1828,0.19891,0.2898,0.18916,0.63358,0.64078,0.34805,0.4683,0.33294,0.43137,0.26503
2.01,0.47866,0.19644,0.5421,0.28847,0.24408,0.39189,0.21625,0.26732,0.78109,0.63914,0.63108,0.23109,0.3235,0.47804,0.4188,0.55383,0.6483,0.42782,1.1429,0.43399,0.77034,0.49851,0.62858,1.1784,0.21774,0.95955,0.38546,0.36863,0.70138,1.1923,0.19975,0.28925,0.18453,0.63831,0.63826,0.34524,0.46035,0.32863,0.43216,0.26159
2.02,0.47317,0.19138,0.53846,0.28548,0.24853,0.39447,0.21843,0.26775,0.76963,0.63627,0.62707,0.22871,0.32295,0.47961,0.41907,0.54742,0.65305,0.42704,1.1277,0.4332,0.7626,0.49521,0.63429,1.1597,0.21792,0.96594,0.37991,0.3645,0.69228,1.2013,0.20043,0.28882,0.17977,0.64272,0.63554,0.3423,0.4525,0.32427,0.43279,0.25815
2.03,0.46784,0.18641,0.53438,0.28237,0.25279,0.39692,0.22049,0.26818,0.75855,0.6333,0.62296,0.2264,0.32237,0.48109,0.41931,0.54102,0.65751,0.42621,1.1119,0.43246,0.75416,0.50054,0.63967,1.1407,0.2183,0.97179,0.37423,0.36018,0.68287,1.2098,0.20081,0.2887,0.17494,0.64684,0.63264,0.33921,0.44476,0.31985,0.43326,0.25471
2.04,0.46248,0.18154,0.52991,0.27912,0.25684,0.39923,0.22243,0.26871,0.74791,0.63024,0.61885,0.22416,0.32176,0.48246,0.41953,0.5348,0.66167,0.42534,1.0955,0.43176,0.74516,0.50886,0.64472,1.1215,0.21887,0.9772,0.36858,0.35584,0.67317,1.2176,0.20079,0.28872,0.17004,0.65063,0.62957,0.33595,0.43712,0.3154,0.43357,0.2513
2.05,0.4571,0.1768,0.52515,0.27568,0.26072,0.40142,0.22425,0.26958,0.73776,0.62711,0.61471,0.22198,0.32115,0.48375,0.41973,0.52863,0.66554,0.42444,1.0787,0.43104,0.73565,0.5165,0.64946,1.1022,0.21962,0.98213,0.36293,0.35141,0.6633,1.2249,0.20034,0.28882,0.16516,0.65415,0.62632,0.33255,0.42963,0.3109,0.43373,0.24791
2.06,0.45187,0.17221,0.52064,0.27209,0.2644,0.40347,0.22595,0.27056,0.72821,0.62388,0.61058,0.21986,0.32051,0.48496,0.41989,0.52247,0.6691,0.4235,1.0613,0.43033,0.72579,0.52349,0.65389,1.0826,0.22053,0.98658,0.35717,0.34681,0.65332,1.2316,0.19948,0.28899,0.1603,0.65739,0.62291,0.32899,0.42228,0.30639,0.43374,0.24456
2.07,0.44665,0.16784,0.51584,0.26832,0.2679,0.40539,0.22753,0.27156,0.71929,0.62055,0.6065,0.21781,0.31984,0.4861,0.42001,0.51636,0.67237,0.42256,1.0434,0.42956,0.71561,0.52977,0.65802,1.063,0.22157,0.99058,0.35147,0.34205,0.64316,1.2378,0.19822,0.28922,0.15554,0.66038,0.61931,0.32528,0.41506,0.30185,0.4336,0.24125
2.08,0.44141,0.16368,0.51114,0.26442,0.27122,0.40718,0.22899,0.27254,0.71094,0.61714,0.60248,0.21581,0.31915,0.4872,0.42009,0.51042,0.67533,0.42162,1.025,0.42877,0.7052,0.53539,0.66188,1.0431,0.22272,0.99416,0.34577,0.33732,0.63287,1.2434,0.19752,0.28956,0.15087,0.66311,0.61558,0.32144,0.40799,0.2973,0.43332,0.23797
2.09,0.43625,0.16378,0.50643,0.26038,0.27437,0.40883,0.23035,0.27348,0.70317,0.61363,0.59855,0.21388,0.31844,0.48825,0.42011,0.50449,0.678,0.4207,1.015,0.42789,0.69463,0.54034,0.66545,1.0232,0.22398,0.99733,0.33998,0.3325,0.62268,1.2485,0.20094,0.29001,0.14635,0.66559,0.6117,0.31744,0.40108,0.29273,0.4329,0.23474
2.1,0.43116,0.16478,0.50178,0.25626,0.27733,0.41035,0.23162,0.27439,0.69606,0.61006,0.5947,0.212,0.31771,0.48929,0.42008,0.49858,0.68039,0.41979,1.0051,0.42694,0.68397,0.54467,0.66874,1.003,0.2253,1.0001,0.33419,0.32755,0.6124,1.253,0.20405,0.29058,0.14201,0.66782,0.60913,0.31331,0.39432,0.28816,0.43236,0.23154
2.11,0.42605,0.16564,0.49723,0.25213,0.28013,0.41174,0.2328,0.27524,0.6896,0.60642,0.59093,0.21018,0.31697,0.49033,0.42,0.49276,0.6825,0.41892,0.99472,0.42587,0.67326,0.54842,0.67177,0.98278,0.22667,1.0025,0.32848,0.32246,0.60212,1.2569,0.20671,0.29131,0.14258,0.66982,0.60666,0.30906,0.3877,0.2836,0.43168,0.22837
2.12,0.42097,0.16637,0.49252,0.24803,0.28274,0.41301,0.2339,0.27603,0.6837,0.60269,0.58723,0.20842,0.31622,0.49138,0.41987,0.48706,0.68433,0.41804,0.98393,0.42469,0.66254,0.55161,0.67453,0.96229,0.22806,1.0046,0.3227,0.31745,0.59197,1.2604,0.20903,0.29221,0.14497,0.67158,0.60407,0.30468,0.38126,0.27904,0.43087,0.22523
2.13,0.41601,0.16698,0.48789,0.24397,0.2852,0.41415,0.23494,0.27677,0.67834,0.59888,0.58358,0.20671,0.31547,0.49247,0.41968,0.48137,0.68589,0.41719,0.97273,0.42339,0.65183,0.55429,0.67704,0.94165,0.22946,1.0062,0.31687,0.31234,0.58177,1.2634,0.21088,0.29331,0.14675,0.67315,0.60136,0.301,0.37497,0.27448,0.42993,0.22213
2.14,0.41104,0.16748,0.48343,0.24146,0.28748,0.41516,0.2359,0.27744,0.67358,0.595,0.57995,0.20505,0.31474,0.49359,0.41944,0.4757,0.68718,0.41635,0.96114,0.42194,0.6412,0.55645,0.67928,0.92073,0.23084,1.0075,0.31112,0.30713,0.57184,1.2662,0.21232,0.29464,0.14795,0.67448,0.59855,0.29801,0.36884,0.26995,0.42887,0.21906
2.15,0.40607,0.16786,0.47887,0.24009,0.28961,0.41604,0.23679,0.27805,0.66935,0.59106,0.57635,0.20344,0.31403,0.49471,0.41914,0.47016,0.68821,0.41553,0.94918,0.42036,0.63063,0.55807,0.68127,0.89961,0.23219,1.0084,0.30539,0.30189,0.56191,1.2685,0.21335,0.29784,0.14858,0.67563,0.59567,0.29487,0.36288,0.26544,0.42769,0.21605
2.16,0.40122,0.16811,0.47424,0.23869,0.29157,0.41679,0.23762,0.27859,0.66555,0.58707,0.57277,0.20188,0.31336,0.49581,0.41879,0.46469,0.689,0.41475,0.93687,0.41862,0.62017,0.55914,0.68301,0.8782,0.23347,1.0091,0.29962,0.29669,0.55223,1.2705,0.21392,0.30131,0.14871,0.67657,0.5927,0.29161,0.35707,0.26096,0.4264,0.21314
2.17,0.39639,0.16824,0.4696,0.23724,0.29338,0.41742,0.2384,0.27907,0.66214,0.58301,0.5692,0.20037,0.31271,0.49684,0.41839,0.45924,0.68954,0.414,0.92421,0.41674,0.60979,0.55963,0.6845,0.85652,0.23469,1.012,0.29382,0.29358,0.54269,1.2721,0.21417,0.30464,0.14836,0.67736,0.58965,0.28823,0.35144,0.2565,0.42499,0.21036
2.18,0.39155,0.16825,0.46531,0.23575,0.29503,0.41793,0.23911,0.27948,0.65913,0.57888,0.56564,0.1989,0.31208,0.49779,0.41795,0.45381,0.68984,0.41325,0.91122,0.41468,0.59952,0.55955,0.68575,0.83462,0.23583,1.0154,0.28811,0.29077,0.53336,1.2733,0.21405,0.30773,0.14758,0.67795,0.58653,0.28663,0.34597,0.25207,0.42347,0.20768
2.19,0.38679,0.16819,0.46099,0.23422,0.29652,0.41831,0.23976,0.27984,0.65645,0.57469,0.56209,0.19748,0.31153,0.49863,0.41745,0.44854,0.68991,0.41249,0.89802,0.41249,0.58933,0.55889,0.68677,0.81245,0.23686,1.0182,0.28243,0.28795,0.52426,1.274,0.21365,0.31052,0.14638,0.6784,0.58335,0.28565,0.34067,0.24768,0.42184,0.20507
2.2,0.3821,0.16803,0.45664,0.23267,0.29785,0.41857,0.24033,0.28013,0.654,0.57044,0.55855,0.19611,0.31104,0.49938,0.41691,0.4433,0.68977,0.41172,0.88454,0.41013,0.57925,0.55769,0.68756,0.79006,0.23778,1.0204,0.27673,0.28522,0.51536,1.2743,0.21412,0.31283,0.14481,0.67863,0.58013,0.28451,0.33552,0.24333,0.42009,0.20251
2.21,0.37739,0.16777,0.45229,0.23108,0.29903,0.41872,0.24083,0.28035,0.65172,0.56614,0.55504,0.19477,0.31057,0.49999,0.41631,0.43808,0.68944,0.41091,0.87076,0.40764,0.56923,0.55599,0.68814,0.76751,0.23858,1.0222,0.27114,0.28287,0.50673,1.2742,0.2144,0.31449,0.14291,0.67869,0.57686,0.28321,0.33056,0.23901,0.41826,0.19998
2.22,0.37275,0.16741,0.44795,0.22945,0.30004,0.41875,0.24126,0.28051,0.64962,0.56178,0.55155,0.19348,0.31012,0.50047,0.41566,0.43291,0.68892,0.41007,0.85667,0.40497,0.55928,0.5538,0.68851,0.74486,0.23924,1.0235,0.26728,0.28081,0.49831,1.2737,0.21442,0.31703,0.14073,0.67856,0.57355,0.28175,0.32575,0.23473,0.41632,0.19744
2.23,0.36818,0.16698,0.44374,0.22781,0.30088,0.41866,0.24161,0.28061,0.64764,0.55735,0.54809,0.19223,0.30971,0.50085,0.41496,0.42787,0.68819,0.40918,0.84232,0.40221,0.54937,0.55111,0.68867,0.73047,0.23977,1.0243,0.26346,0.27882,0.49016,1.2728,0.21417,0.32123,0.13834,0.67825,0.5702,0.28015,0.3211,0.2305,0.41428,0.19489
2.24,0.36362,0.16649,0.43979,0.22614,0.30156,0.41846,0.24188,0.28064,0.64567,0.55286,0.54465,0.19101,0.30932,0.50108,0.41421,0.42285,0.68729,0.40826,0.82792,0.39928,0.53949,0.54789,0.68864,0.71642,0.24016,1.0245,0.25966,0.27685,0.48224,1.2724,0.21363,0.32567,0.13578,0.67776,0.56682,0.27842,0.31663,0.22632,0.41214,0.19232
2.25,0.35909,0.16593,0.43585,0.22444,0.30207,0.41815,0.24208,0.28063,0.64365,0.54834,0.54124,0.18983,0.30896,0.50117,0.41342,0.41785,0.68619,0.40729,0.81324,0.39627,0.52963,0.54412,0.68843,0.70199,0.2404,1.0244,0.25589,0.27491,0.47457,1.274,0.21292,0.33033,0.13313,0.67707,0.5634,0.27656,0.31231,0.22217,0.4099,0.18972
2.26,0.35466,0.1653,0.43193,0.22272,0.30244,0.41774,0.24221,0.28055,0.6416,0.54375,0.53786,0.18903,0.30863,0.50111,0.41258,0.41296,0.68493,0.40627,0.7983,0.39312,0.51977,0.53981,0.68803,0.68721,0.2405,1.0238,0.25221,0.27297,0.46715,1.275,0.21197,0.33516,0.13041,0.6762,0.55996,0.27459,0.30815,0.21807,0.40758,0.18709
2.27,0.35023,0.16461,0.42805,0.22098,0.30264,0.41722,0.24226,0.28042,0.63949,0.53911,0.53449,0.18836,0.30834,0.50095,0.41564,0.40813,0.6835,0.40519,0.78336,0.38988,0.50992,0.53495,0.68745,0.67217,0.24045,1.0226,0.24856,0.27104,0.45997,1.2753,0.21083,0.34012,0.12985,0.67511,0.55649,0.2725,0.30415,0.21401,0.40517,0.18443
2.28,0.34584,0.16389,0.4242,0.21923,0.30269,0.41659,0.24225,0.28023,0.6372,0.53441,0.53115,0.18775,0.30808,0.50065,0.42145,0.40333,0.68194,0.40407,0.76824,0.38656,0.50004,0.5296,0.68671,0.65689,0.24024,1.021,0.24493,0.26912,0.45305,1.2753,0.20956,0.34518,0.12906,0.67385,0.55299,0.27033,0.30031,0.21001,0.40267,0.18175
2.29,0.34153,0.16313,0.42039,0.21747,0.30258,0.41587,0.24218,0.27998,0.63468,0.5297,0.52784,0.18719,0.30785,0.50021,0.42694,0.39857,0.68022,0.4029,0.7529,0.38315,0.49013,0.52375,0.68581,0.64144,0.23989,1.0188,0.24135,0.26717,0.44636,1.2746,0.20811,0.3503,0.12785,0.67236,0.54947,0.26808,0.29662,0.20605,0.40009,0.17906
2.3,0.33723,0.16231,0.41663,0.2157,0.30233,0.41504,0.24207,0.27969,0.63433,0.52493,0.52454,0.18671,0.30765,0.49965,0.43215,0.39393,0.67835,0.40167,0.73767,0.37968,0.48016,0.51745,0.68476,0.6259,0.23939,1.0163,0.23784,0.26528,0.43991,1.2734,0.2066,0.35543,0.12628,0.67071,0.54593,0.26577,0.29308,0.20214,0.39742,0.17636
2.31,0.33299,0.16149,0.41319,0.21392,0.30193,0.41413,0.24193,0.27936,0.63397,0.52013,0.52126,0.18625,0.3075,0.4996,0.43705,0.38931,0.67636,0.4004,0.72224,0.37614,0.47012,0.51077,0.68355,0.61033,0.23876,1.0135,0.23435,0.26334,0.43368,1.2716,0.20497,0.36054,0.12437,0.66885,0.54236,0.26341,0.2897,0.19828,0.39468,0.17363
2.32,0.32881,0.16064,0.40979,0.21213,0.30139,0.41312,0.24177,0.27897,0.63349,0.51529,0.518,0.18585,0.30737,0.50495,0.44168,0.38472,0.67426,0.39908,0.70684,0.37259,0.45998,0.50376,0.68222,0.59484,0.238,1.0102,0.23332,0.26143,0.42767,1.2696,0.20327,0.36556,0.12218,0.66684,0.53877,0.261,0.28647,0.19447,0.39186,0.1709
2.33,0.32463,0.15976,0.40643,0.21034,0.30072,0.41202,0.24163,0.27855,0.63284,0.51043,0.51475,0.18575,0.30728,0.50992,0.44603,0.38024,0.67204,0.39771,0.69142,0.36899,0.44976,0.49644,0.68076,0.57949,0.23711,1.0066,0.23911,0.25952,0.42189,1.267,0.20156,0.37047,0.11973,0.66461,0.53514,0.25858,0.28338,0.19072,0.38896,0.16817
2.34,0.32054,0.15888,0.40311,0.20855,0.29993,0.41084,0.24214,0.27808,0.63195,0.50556,0.51153,0.18585,0.30721,0.51452,0.45058,0.3758,0.67127,0.39631,0.67595,0.36537,0.43943,0.48885,0.67917,0.56437,0.23609,1.0026,0.24462,0.25762,0.41627,1.264,0.19982,0.3752,0.11707,0.66223,0.53149,0.25615,0.28043,0.19192,0.38599,0.16542
2.35,0.31648,0.15799,0.39983,0.20676,0.29904,0.40957,0.24256,0.27757,0.63089,0.50068,0.50831,0.18593,0.30716,0.51876,0.45513,0.37138,0.67703,0.39486,0.66061,0.36174,0.429,0.48102,0.67747,0.54961,0.23497,0.99823,0.24982,0.25574,0.4109,1.2605,0.19806,0.37971,0.1142,0.65966,0.52779,0.25371,0.27762,0.19407,0.38296,0.1627
2.36,0.31243,0.15709,0.3966,0.20496,0.29806,0.40823,0.24291,0.27702,0.62963,0.49579,0.50509,0.18598,0.30715,0.52265,0.4594,0.36708,0.68247,0.39336,0.6452,0.35809,0.41848,0.473,0.67909,0.53523,0.23374,0.99365,0.25478,0.2539,0.40568,1.2566,0.19632,0.38495,0.11117,0.65693,0.52406,0.2513,0.27495,0.19606,0.37987,0.15997
2.37,0.30849,0.15619,0.39342,0.20316,0.29701,0.40682,0.24319,0.27643,0.6281,0.49089,0.50187,0.18612,0.30717,0.52619,0.46336,0.36281,0.6876,0.39184,0.63,0.35448,0.41389,0.46481,0.68525,0.52133,0.23242,0.98872,0.25939,0.2521,0.40064,1.2525,0.1946,0.39296,0.10831,0.65404,0.52029,0.24959,0.27242,0.19787,0.37672,0.15726
2.38,0.30455,0.15528,0.39028,0.20136,0.29593,0.40533,0.2434,0.27581,0.62631,0.48599,0.49865,0.18624,0.30721,0.52942,0.46707,0.35856,0.69242,0.39026,0.61476,0.35086,0.41492,0.45958,0.69106,0.50798,0.23102,0.98347,0.26366,0.25033,0.39577,1.2479,0.19291,0.40058,0.10714,0.65097,0.51648,0.25186,0.27001,0.19952,0.37352,0.15456
2.39,0.30066,0.15439,0.38743,0.19956,0.29482,0.40378,0.24355,0.27516,0.62434,0.48107,0.4954,0.18633,0.30726,0.53238,0.4705,0.35443,0.69694,0.38866,0.60238,0.34727,0.41589,0.45582,0.69653,0.49525,0.22954,0.97791,0.26765,0.24859,0.39102,1.2429,0.19122,0.40758,0.10633,0.64774,0.51371,0.25386,0.26774,0.20098,0.37027,0.15187
2.4,0.29683,0.15352,0.38463,0.19776,0.29369,0.40216,0.24361,0.27447,0.62207,0.47615,0.49214,0.18639,0.30733,0.53505,0.47367,0.35033,0.70115,0.38702,0.5929,0.34371,0.41679,0.45189,0.70166,0.48317,0.22801,0.97206,0.27127,0.24689,0.38644,1.2375,0.18957,0.41378,0.10543,0.64433,0.51224,0.2556,0.26558,0.20225,0.36699,0.14922
2.41,0.29301,0.15266,0.38186,0.19596,0.29253,0.40049,0.2436,0.27376,0.6195,0.47122,0.48885,0.18643,0.30743,0.5375,0.47662,0.34626,0.70506,0.38534,0.58349,0.34018,0.41758,0.44778,0.70643,0.47179,0.22643,0.966,0.27462,0.24516,0.38197,1.2318,0.18794,0.41908,0.10445,0.64073,0.51047,0.25712,0.26355,0.20332,0.36366,0.14658
2.42,0.28928,0.15182,0.37913,0.19416,0.29136,0.39876,0.24352,0.27302,0.61675,0.46628,0.48554,0.18644,0.30754,0.53971,0.47937,0.34228,0.70868,0.38364,0.57421,0.33668,0.41827,0.44352,0.7108,0.46116,0.22482,0.95979,0.27774,0.24346,0.37758,1.2259,0.18632,0.42347,0.10341,0.63694,0.50842,0.25843,0.26163,0.2042,0.36032,0.14397
2.43,0.2862,0.15099,0.37645,0.19235,0.29018,0.397,0.24335,0.27229,0.61369,0.46134,0.4822,0.18642,0.30767,0.54171,0.48193,0.33833,0.71203,0.3819,0.56505,0.33324,0.41882,0.4391,0.7148,0.45128,0.2232,0.95337,0.28096,0.24176,0.37334,1.2197,0.18474,0.42699,0.1023,0.63298,0.50614,0.25954,0.25983,0.20489,0.35693,0.1414
2.44,0.28466,0.15019,0.3738,0.19055,0.28899,0.3952,0.24312,0.27155,0.61035,0.4564,0.47881,0.18646,0.30779,0.54351,0.48433,0.3344,0.71511,0.38014,0.55597,0.32982,0.41924,0.43452,0.71837,0.44215,0.22157,0.94674,0.28403,0.24002,0.36917,1.2132,0.18318,0.42966,0.10113,0.62884,0.5037,0.26062,0.25813,0.20621,0.35353,0.13885
2.45,0.28313,0.14942,0.37128,0.18874,0.28778,0.39336,0.24282,0.27087,0.60682,0.45146,0.47542,0.1865,0.30795,0.54512,0.48659,0.33058,0.71793,0.37834,0.54695,0.32646,0.4195,0.42978,0.72153,0.43376,0.21996,0.93991,0.28686,0.23832,0.36504,1.2064,0.18166,0.43151,0.099922,0.62454,0.50116,0.26169,0.25654,0.20844,0.35009,0.13635
2.46,0.28161,0.14867,0.36892,0.18693,0.28653,0.39152,0.24246,0.27032,0.60298,0.44654,0.472,0.18652,0.3081,0.54654,0.48873,0.32678,0.72049,0.37651,0.53812,0.32315,0.4196,0.4249,0.72422,0.42611,0.21836,0.933,0.28945,0.2366,0.36104,1.1993,0.18015,0.43262,0.098663,0.62006,0.49845,0.26251,0.25505,0.2104,0.34663,0.13388
2.47,0.28008,0.14796,0.3666,0.18512,0.28613,0.38967,0.24205,0.26985,0.59897,0.44165,0.46854,0.18651,0.30826,0.54779,0.49071,0.323,0.72278,0.37467,0.52937,0.31988,0.41953,0.41988,0.72645,0.41915,0.21679,0.92596,0.29176,0.23484,0.35706,1.192,0.17869,0.43295,0.097363,0.61544,0.49561,0.26312,0.25366,0.21208,0.34314,0.13146
2.48,0.27856,0.14727,0.3643,0.1833,0.28669,0.38784,0.24158,0.26941,0.5947,0.43681,0.46507,0.18647,0.30844,0.5489,0.49253,0.31926,0.72482,0.37279,0.52068,0.31666,0.41928,0.41472,0.72821,0.41286,0.21526,0.92,0.29379,0.23311,0.35309,1.1846,0.17725,0.43251,0.096028,0.61066,0.49271,0.26353,0.25236,0.21348,0.33963,0.12908
2.49,0.27705,0.14759,0.36211,0.18148,0.28729,0.38604,0.24107,0.26896,0.59021,0.43209,0.46157,0.18641,0.30861,0.54986,0.49416,0.3156,0.7266,0.3709,0.51218,0.31349,0.41885,0.40944,0.72949,0.40718,0.21377,0.91454,0.29554,0.23138,0.34922,1.1769,0.17584,0.4314,0.094656,0.60573,0.48985,0.26374,0.25115,0.21461,0.3361,0.12675
2.5,0.27554,0.14792,0.36007,0.17966,0.28794,0.38426,0.24049,0.26849,0.58557,0.42752,0.45805,0.18632,0.30879,0.55072,0.4956,0.31197,0.72811,0.36898,0.50376,0.31036,0.41823,0.40405,0.73028,0.40207,0.21234,0.90897,0.29706,0.22962,0.34535,1.169,0.17447,0.42964,0.093248,0.60068,0.48701,0.26377,0.25003,0.21548,0.33254,0.12447
2.51,0.27403,0.14822,0.35814,0.17784,0.28865,0.3825,0.23984,0.26798,0.58067,0.42308,0.45452,0.1862,0.30898,0.55149,0.49682,0.30836,0.72934,0.36704,0.49543,0.30726,0.41741,0.39856,0.73058,0.39747,0.21098,0.90336,0.29833,0.22786,0.34147,1.161,0.17314,0.42711,0.091802,0.59547,0.48417,0.26362,0.24899,0.2161,0.32896,0.12247
2.52,0.27256,0.14848,0.35652,0.17602,0.28943,0.38076,0.23914,0.26744,0.5757,0.41877,0.45097,0.18613,0.30917,0.55222,0.49785,0.30478,0.73031,0.36509,0.48727,0.30423,0.41641,0.393,0.73037,0.39332,0.2097,0.89764,0.29936,0.22611,0.33765,1.1527,0.17182,0.42379,0.091762,0.59012,0.48134,0.26331,0.24802,0.21648,0.32536,0.12403
2.53,0.27109,0.14874,0.35525,0.1742,0.29023,0.37903,0.23837,0.26686,0.57048,0.41459,0.4474,0.18607,0.30936,0.55292,0.49868,0.30126,0.73103,0.36311,0.47917,0.30122,0.41521,0.38736,0.72963,0.38956,0.20851,0.89182,0.30017,0.22434,0.33381,1.1443,0.17057,0.41959,0.092256,0.58464,0.47842,0.26311,0.24713,0.21663,0.32173,0.1253
2.54,0.26964,0.14897,0.35413,0.17238,0.291,0.37729,0.23755,0.26624,0.56524,0.41145,0.44383,0.1861,0.30955,0.55359,0.49929,0.29779,0.73149,0.36112,0.47124,0.29823,0.41383,0.38168,0.72837,0.38613,0.20743,0.88591,0.30079,0.22261,0.32994,1.1358,0.16934,0.41449,0.092758,0.57902,0.47536,0.2629,0.24631,0.21657,0.31808,0.12629
2.55,0.26818,0.14919,0.35308,0.17056,0.29165,0.37557,0.23668,0.26557,0.55978,0.41658,0.44023,0.18651,0.30974,0.55424,0.49969,0.29434,0.73169,0.35913,0.46339,0.2953,0.41226,0.37596,0.72659,0.38298,0.20646,0.87992,0.30123,0.22086,0.32642,1.1271,0.16817,0.40856,0.093265,0.57327,0.47217,0.26261,0.24556,0.2163,0.3144,0.127
2.56,0.26672,0.14939,0.35217,0.16874,0.29217,0.37385,0.23577,0.26486,0.55433,0.42152,0.43663,0.18688,0.30994,0.55483,0.4999,0.29092,0.73165,0.35712,0.45569,0.29238,0.41051,0.37023,0.72427,0.38005,0.20561,0.87387,0.3015,0.21915,0.32449,1.1183,0.1672,0.40188,0.093774,0.56738,0.46881,0.26222,0.24487,0.21585,0.3107,0.12746
2.57,0.26527,0.14957,0.35122,0.16693,0.29255,0.37212,0.23483,0.26409,0.54871,0.42626,0.43302,0.18722,0.31014,0.55533,0.49987,0.28752,0.73137,0.35513,0.44808,0.28948,0.40858,0.36454,0.72142,0.37728,0.20486,0.86775,0.30161,0.21789,0.32257,1.1094,0.16657,0.39445,0.094287,0.56138,0.46531,0.26175,0.24424,0.21524,0.30697,0.12767
2.58,0.26383,0.14974,0.3504,0.16511,0.29278,0.3704,0.23386,0.26328,0.54311,0.43079,0.4294,0.18753,0.31033,0.55571,0.49966,0.28418,0.73083,0.35737,0.44062,0.28661,0.40648,0.35889,0.71806,0.37464,0.20423,0.86159,0.30155,0.2167,0.32065,1.1003,0.16598,0.38632,0.094802,0.55525,0.46166,0.2612,0.24367,0.21446,0.30323,0.12767
2.59,0.26238,0.14992,0.34962,0.16331,0.29287,0.36866,0.23289,0.26243,0.53741,0.43508,0.42578,0.18786,0.31053,0.556,0.49924,0.28089,0.73005,0.35938,0.43324,0.28375,0.40422,0.3533,0.71422,0.37208,0.20372,0.85541,0.30132,0.21552,0.31867,1.0913,0.16542,0.37764,0.095321,0.54899,0.45788,0.26054,0.24315,0.21355,0.29947,0.12746
2.6,0.26096,0.15008,0.34883,0.1615,0.29282,0.36692,0.23191,0.26152,0.53173,0.43913,0.42215,0.1882,0.31073,0.55617,0.49864,0.27762,0.72903,0.36119,0.42604,0.2809,0.40179,0.34775,0.7099,0.36957,0.20335,0.84921,0.30091,0.21436,0.31667,1.0821,0.16489,0.36856,0.095843,0.54262,0.45396,0.25979,0.24268,0.21252,0.29569,0.12707
2.61,0.25956,0.15023,0.3482,0.1597,0.29263,0.36518,0.23093,0.26057,0.52604,0.44294,0.4185,0.18851,0.31094,0.55622,0.49787,0.27438,0.72775,0.36276,0.41891,0.27805,0.39922,0.34223,0.70515,0.36707,0.20311,0.84297,0.30031,0.21318,0.31466,1.0729,0.16438,0.36258,0.096366,0.53617,0.44995,0.25893,0.24226,0.21138,0.2919,0.12652
2.62,0.25816,0.1504,0.34759,0.15791,0.29233,0.36341,0.22996,0.25958,0.52033,0.44648,0.41485,0.18879,0.31114,0.55614,0.49696,0.27116,0.72627,0.36413,0.41196,0.27522,0.3965,0.33675,0.7,0.36457,0.20299,0.83669,0.29953,0.21202,0.31258,1.0636,0.16389,0.35693,0.096893,0.52961,0.44583,0.25797,0.24188,0.21016,0.28809,0.12584
2.63,0.25677,0.15055,0.34708,0.15612,0.29192,0.36166,0.22898,0.25853,0.5147,0.44978,0.41121,0.18903,0.31134,0.55596,0.4959,0.26797,0.72451,0.36528,0.40511,0.27238,0.39365,0.33129,0.69447,0.36206,0.20298,0.83036,0.29858,0.21083,0.31047,1.0543,0.16342,0.35104,0.097424,0.52298,0.44163,0.2569,0.24154,0.20886,0.28427,0.12504
2.64,0.25538,0.15071,0.34666,0.15435,0.29144,0.3599,0.228,0.25746,0.50905,0.45283,0.40755,0.18924,0.31156,0.55569,0.49471,0.26484,0.72254,0.36621,0.39839,0.26953,0.39068,0.32586,0.68861,0.35952,0.20304,0.82399,0.29749,0.20967,0.30833,1.0449,0.16297,0.34498,0.097961,0.51628,0.43734,0.25571,0.24123,0.20749,0.28045,0.12415
2.65,0.25399,0.15088,0.34625,0.15259,0.29091,0.35813,0.22701,0.25633,0.50351,0.45561,0.40389,0.18942,0.31178,0.55537,0.49339,0.26175,0.72031,0.36693,0.39181,0.26669,0.3876,0.32045,0.68244,0.35693,0.20317,0.81758,0.29623,0.20848,0.30611,1.0356,0.16255,0.3388,0.098506,0.50952,0.43298,0.2544,0.24096,0.20609,0.27662,0.12318
2.66,0.2526,0.15106,0.3458,0.15083,0.29031,0.35637,0.22599,0.25517,0.49803,0.45815,0.40024,0.18956,0.31199,0.55505,0.49192,0.25868,0.71786,0.36745,0.38533,0.26384,0.38441,0.31506,0.67598,0.35431,0.20335,0.81114,0.29481,0.20731,0.3039,1.0261,0.16214,0.33251,0.099058,0.5027,0.42856,0.25296,0.24072,0.20465,0.2728,0.12216
2.67,0.25122,0.15124,0.34547,0.14908,0.28963,0.35459,0.22495,0.25397,0.49258,0.46044,0.39659,0.18977,0.31222,0.55476,0.49031,0.25564,0.71516,0.36777,0.37903,0.26096,0.38113,0.3097,0.66924,0.35166,0.20359,0.80465,0.29325,0.20611,0.3016,1.0166,0.16176,0.32613,0.099619,0.49586,0.42411,0.25137,0.24052,0.2032,0.26897,0.1211
2.68,0.24985,0.15145,0.34505,0.14735,0.28888,0.35282,0.2239,0.25274,0.48729,0.46246,0.39294,0.18994,0.31245,0.55478,0.48856,0.25262,0.71225,0.36936,0.37284,0.25808,0.37777,0.30437,0.66223,0.34899,0.20387,0.79816,0.29159,0.20494,0.29926,1.0071,0.1614,0.31971,0.10019,0.48898,0.41964,0.24965,0.24034,0.20175,0.26514,0.12002
2.69,0.24847,0.15167,0.34459,0.14562,0.28806,0.35103,0.22283,0.25147,0.48208,0.46424,0.3893,0.19009,0.31269,0.55478,0.48665,0.24962,0.70911,0.3721,0.36675,0.25518,0.37435,0.29941,0.65493,0.3463,0.20419,0.79167,0.28982,0.20375,0.29687,0.99764,0.16108,0.31328,0.10077,0.4821,0.41515,0.24778,0.24018,0.20031,0.26133,0.11893
2.7,0.24713,0.1519,0.34421,0.14389,0.28715,0.34924,0.22176,0.25018,0.47695,0.46577,0.38567,0.1902,0.31293,0.55463,0.48459,0.24667,0.70574,0.37468,0.36083,0.25225,0.37086,0.29508,0.64736,0.34362,0.20456,0.78513,0.28796,0.20258,0.29443,0.9881,0.16077,0.30685,0.10136,0.4752,0.41064,0.24576,0.24004,0.19888,0.25752,0.11786
2.71,0.24579,0.15215,0.34396,0.14218,0.28615,0.34742,0.2207,0.24886,0.47197,0.46704,0.38204,0.19028,0.31318,0.55431,0.48239,0.24377,0.70218,0.37703,0.35504,0.24932,0.36733,0.29078,0.63951,0.34094,0.20498,0.77856,0.28603,0.20139,0.29194,0.97852,0.1605,0.30047,0.10195,0.4683,0.40613,0.24383,0.23992,0.1975,0.25372,0.11681
2.72,0.24446,0.1524,0.34477,0.14047,0.28505,0.34559,0.21963,0.24752,0.46712,0.46807,0.37842,0.19032,0.31344,0.55386,0.48003,0.24089,0.6984,0.37913,0.34936,0.24636,0.36377,0.28653,0.6314,0.3383,0.20544,0.77195,0.28403,0.20022,0.28939,0.9689,0.16024,0.29414,0.10255,0.46137,0.40162,0.24239,0.23983,0.19616,0.24993,0.11581
2.73,0.24314,0.15266,0.34555,0.13877,0.28386,0.34375,0.21855,0.24618,0.46237,0.46885,0.37482,0.19033,0.31369,0.55326,0.47755,0.23804,0.69444,0.38096,0.3438,0.24338,0.3602,0.28233,0.62303,0.33571,0.20593,0.7653,0.28195,0.19903,0.28681,0.95994,0.16002,0.28791,0.10316,0.45443,0.39712,0.24078,0.23975,0.19487,0.24617,0.11485
2.74,0.24181,0.15293,0.34619,0.13708,0.28256,0.34188,0.21745,0.24483,0.45773,0.46939,0.37124,0.19031,0.31396,0.5525,0.47492,0.23522,0.69028,0.38253,0.33841,0.24038,0.35661,0.27818,0.61443,0.33321,0.20646,0.75863,0.27975,0.19784,0.28416,0.9519,0.15983,0.28181,0.10376,0.44748,0.39268,0.239,0.23967,0.19365,0.24241,0.11396
2.75,0.24049,0.1532,0.34691,0.13539,0.28119,0.34,0.21634,0.24353,0.4533,0.46968,0.36768,0.19031,0.31424,0.55162,0.47217,0.23242,0.68592,0.38385,0.33313,0.23735,0.35302,0.27407,0.60562,0.33079,0.20703,0.752,0.27748,0.19719,0.28147,0.94385,0.15981,0.27584,0.10437,0.44053,0.38833,0.23706,0.23961,0.19249,0.24018,0.11315
2.76,0.23918,0.15347,0.34754,0.13372,0.27973,0.3381,0.21521,0.24239,0.44898,0.46974,0.36414,0.19033,0.31452,0.55059,0.46931,0.23041,0.68139,0.38491,0.32797,0.2343,0.34945,0.27003,0.5966,0.32848,0.20762,0.74534,0.27509,0.19724,0.27874,0.93581,0.16173,0.26999,0.10496,0.43358,0.384,0.23496,0.23957,0.19142,0.2381,0.11242
2.77,0.23787,0.15374,0.34802,0.13205,0.27818,0.33619,0.21405,0.24136,0.44478,0.46961,0.36064,0.19031,0.31481,0.54943,0.46633,0.22911,0.67668,0.38574,0.32292,0.23123,0.34694,0.26603,0.58741,0.3263,0.20825,0.73867,0.27262,0.19715,0.27594,0.92776,0.16352,0.26429,0.10554,0.42664,0.37968,0.23269,0.23953,0.19042,0.23598,0.1118
2.78,0.23656,0.15402,0.34835,0.1304,0.27655,0.33426,0.21287,0.24035,0.44071,0.46929,0.35715,0.19025,0.31511,0.54817,0.46326,0.22783,0.67178,0.38636,0.31802,0.22815,0.34778,0.26209,0.57803,0.32426,0.20889,0.73197,0.27002,0.19706,0.27313,0.91971,0.16517,0.25874,0.10611,0.41972,0.3754,0.23024,0.23949,0.1895,0.23384,0.11127
2.79,0.23526,0.15429,0.3486,0.12875,0.27484,0.33232,0.21167,0.23936,0.43682,0.46882,0.3537,0.19017,0.31542,0.54678,0.4601,0.22656,0.66674,0.38684,0.31326,0.22504,0.34864,0.25822,0.57381,0.32239,0.20955,0.72524,0.2674,0.19728,0.27024,0.91168,0.16667,0.25352,0.10666,0.41284,0.37113,0.22763,0.23946,0.18868,0.23167,0.11087
2.8,0.23396,0.15457,0.34888,0.12711,0.27304,0.33037,0.21044,0.23835,0.43306,0.46825,0.35028,0.19005,0.31574,0.54526,0.45689,0.22529,0.66154,0.38726,0.30861,0.22191,0.34946,0.2544,0.57167,0.32069,0.21024,0.71852,0.26467,0.19743,0.26734,0.90371,0.16802,0.24855,0.10718,0.40599,0.36684,0.22485,0.23944,0.18795,0.22948,0.11058
2.81,0.23267,0.15485,0.349,0.12547,0.27118,0.32842,0.20918,0.23733,0.42942,0.46759,0.34689,0.1899,0.31607,0.54364,0.45364,0.22403,0.65617,0.38765,0.30408,0.21877,0.35022,0.25064,0.56957,0.31917,0.21093,0.71183,0.26187,0.19738,0.26438,0.89574,0.16924,0.24364,0.10766,0.39919,0.36255,0.22189,0.23941,0.1873,0.22727,0.11042
2.82,0.2314,0.15513,0.34896,0.12385,0.26923,0.32647,0.20789,0.2363,0.4259,0.46682,0.34354,0.18972,0.31641,0.5419,0.45037,0.22278,0.65069,0.38799,0.29966,0.21561,0.35087,0.24695,0.56747,0.31785,0.21163,0.7051,0.25903,0.19711,0.26137,0.88777,0.17033,0.23881,0.10812,0.39245,0.35828,0.21877,0.23938,0.18675,0.22503,0.11039
2.83,0.23015,0.15541,0.34876,0.12223,0.26722,0.32451,0.20658,0.23525,0.42251,0.46593,0.3402,0.18958,0.31676,0.54004,0.44714,0.22153,0.64507,0.3882,0.29535,0.21243,0.35138,0.24331,0.56539,0.31673,0.21233,0.69835,0.2561,0.19663,0.25834,0.87982,0.17137,0.23404,0.10853,0.38576,0.35404,0.21547,0.23936,0.18629,0.22278,0.1105
2.84,0.22889,0.15568,0.34839,0.12063,0.26514,0.32256,0.20526,0.2342,0.41928,0.46491,0.33691,0.18943,0.31711,0.53806,0.44402,0.22029,0.64169,0.38826,0.29118,0.20926,0.35173,0.23974,0.56332,0.31581,0.21303,0.69156,0.25314,0.19596,0.25525,0.87188,0.17236,0.22934,0.10889,0.37914,0.34978,0.21201,0.23933,0.18593,0.22051,0.11075
2.85,0.22764,0.15593,0.34798,0.11903,0.26301,0.32061,0.2039,0.23313,0.41615,0.46373,0.33364,0.18925,0.31746,0.53597,0.44105,0.21905,0.6393,0.38813,0.28714,0.20607,0.35188,0.23624,0.56127,0.31509,0.21372,0.68483,0.25017,0.19507,0.25214,0.86394,0.17329,0.22471,0.10921,0.37259,0.3455,0.20839,0.2393,0.18565,0.21822,0.11114
2.86,0.22639,0.15619,0.34753,0.11744,0.26083,0.31867,0.20253,0.23206,0.41311,0.46237,0.3304,0.18904,0.31782,0.53376,0.43824,0.21782,0.63659,0.3878,0.2832,0.20287,0.35308,0.2328,0.55922,0.31457,0.2144,0.67806,0.24713,0.194,0.24899,0.85608,0.17415,0.22017,0.10947,0.36609,0.3412,0.20461,0.23927,0.18545,0.2159,0.11167
2.87,0.22515,0.15643,0.34692,0.11586,0.25862,0.31674,0.20114,0.23098,0.41017,0.46082,0.3272,0.1888,0.31817,0.53144,0.43559,0.2166,0.63359,0.38727,0.27938,0.19967,0.35435,0.22943,0.55719,0.31426,0.21506,0.67126,0.24407,0.19298,0.24578,0.84824,0.17491,0.21572,0.10967,0.35966,0.33687,0.20068,0.23923,0.18534,0.21358,0.11233
2.88,0.22391,0.15665,0.34614,0.11428,0.25637,0.31483,0.19973,0.22992,0.40736,0.45908,0.32404,0.18853,0.31852,0.529,0.43307,0.21538,0.63031,0.38655,0.27566,0.19648,0.35522,0.22612,0.55516,0.31413,0.21571,0.66444,0.24103,0.19331,0.24258,0.84041,0.17557,0.21136,0.10981,0.3533,0.33251,0.19659,0.23918,0.18531,0.21124,0.11313
2.89,0.22267,0.15685,0.34519,0.11272,0.2541,0.31292,0.19831,0.22888,0.40465,0.45984,0.32091,0.18829,0.31887,0.52645,0.43065,0.21417,0.62677,0.38562,0.27205,0.19329,0.3557,0.22288,0.55314,0.31419,0.21633,0.65767,0.23796,0.19356,0.23931,0.8326,0.17611,0.20706,0.10989,0.34701,0.32812,0.19237,0.23913,0.18536,0.20889,0.11405
2.9,0.22144,0.15702,0.34408,0.11117,0.25183,0.31103,0.19688,0.2279,0.40201,0.46158,0.31781,0.18805,0.31921,0.52379,0.42828,0.21296,0.62297,0.38451,0.26854,0.19009,0.35578,0.21972,0.55113,0.31441,0.21691,0.65086,0.23487,0.19367,0.23602,0.82479,0.17655,0.2028,0.1099,0.34079,0.3237,0.18801,0.23908,0.18548,0.20653,0.11509
2.91,0.22022,0.15717,0.34284,0.10963,0.24961,0.30914,0.19565,0.227,0.39943,0.46323,0.31491,0.18778,0.31954,0.52103,0.42589,0.21176,0.61894,0.38323,0.26514,0.18691,0.35546,0.21662,0.54912,0.31479,0.21746,0.64402,0.23181,0.19364,0.2327,0.817,0.17688,0.19855,0.10985,0.33464,0.31927,0.18352,0.23901,0.18566,0.20415,0.11625
2.92,0.219,0.15728,0.34165,0.10809,0.24747,0.30727,0.19442,0.22614,0.39692,0.46471,0.31263,0.18747,0.31987,0.51816,0.42346,0.21057,0.61469,0.38179,0.26183,0.18374,0.35475,0.21359,0.54713,0.31531,0.21816,0.63721,0.22877,0.19346,0.22933,0.80928,0.17725,0.19433,0.10972,0.32857,0.31482,0.17891,0.23894,0.18591,0.20176,0.11752
2.93,0.21778,0.15834,0.3403,0.10657,0.24541,0.3054,0.1932,0.2253,0.39452,0.46603,0.31035,0.1872,0.32019,0.5152,0.42096,0.20939,0.61022,0.38021,0.25863,0.18059,0.35368,0.21063,0.54515,0.31595,0.21915,0.63039,0.22573,0.19316,0.22595,0.80155,0.17826,0.1901,0.10952,0.32259,0.31193,0.1742,0.23885,0.18622,0.19937,0.11888
2.94,0.21657,0.15945,0.33879,0.10505,0.24336,0.30354,0.192,0.22444,0.39217,0.46717,0.30808,0.18693,0.32048,0.51214,0.41838,0.20821,0.60555,0.37852,0.25554,0.17745,0.35226,0.20774,0.54318,0.3167,0.22009,0.62352,0.22271,0.19277,0.2225,0.79382,0.1792,0.18584,0.10923,0.31669,0.30913,0.16938,0.23876,0.18658,0.19696,0.12032
2.95,0.21537,0.16056,0.33712,0.10354,0.24132,0.30169,0.1908,0.22357,0.38986,0.46811,0.30582,0.18669,0.32078,0.50899,0.41571,0.20704,0.60068,0.37672,0.25254,0.17433,0.3505,0.20493,0.54122,0.31755,0.22099,0.61669,0.21975,0.19233,0.21906,0.78608,0.18005,0.18154,0.10887,0.31088,0.30639,0.16617,0.23865,0.18698,0.19455,0.12184
2.96,0.21419,0.16166,0.33531,0.10205,0.23927,0.29983,0.18961,0.22269,0.38757,0.46884,0.30357,0.18648,0.32105,0.50575,0.41295,0.20587,0.59562,0.37483,0.24963,0.17123,0.34842,0.20218,0.53927,0.31847,0.22184,0.60984,0.2168,0.19195,0.21556,0.77842,0.18086,0.17721,0.10851,0.30516,0.30373,0.1663,0.23854,0.18744,0.19214,0.12343
2.97,0.21301,0.16274,0.3334,0.10057,0.23722,0.29798,0.18842,0.22178,0.38535,0.46937,0.30133,0.18629,0.3213,0.50242,0.41008,0.20471,0.59037,0.37285,0.24681,0.16816,0.34603,0.19951,0.53733,0.31943,0.22268,0.60294,0.21389,0.19169,0.21205,0.77076,0.1816,0.17283,0.10827,0.29954,0.30149,0.16639,0.23841,0.18793,0.18971,0.12506
2.98,0.21184,0.16381,0.33154,0.099092,0.23518,0.29611,0.18724,0.22085,0.38317,0.46965,0.2991,0.18614,0.32155,0.49902,0.40712,0.20356,0.58494,0.37079,0.24408,0.16513,0.34335,0.19691,0.5354,0.32042,0.22354,0.5961,0.21104,0.19143,0.20849,0.76309,0.18227,0.16841,0.10796,0.29401,0.29947,0.16644,0.23827,0.18845,0.18729,0.12674
2.99,0.21068,0.16488,0.32953,0.097632,0.23314,0.29424,0.18606,0.21989,0.38101,0.46973,0.29688,0.18598,0.32177,0.49553,0.40406,0.20241,0.57936,0.36867,0.24142,0.16213,0.34038,0.19437,0.53347,0.32144,0.22444,0.58921,0.20823,0.19106,0.2049,0.75543,0.18285,0.16397,0.10758,0.28858,0.29752,0.16646,0.23813,0.18901,0.18485,0.12844
3,0.20951,0.16602,0.32739,0.096179,0.23111,0.29237,0.18488,0.21892,0.37885,0.46958,0.29467,0.18579,0.32195,0.49197,0.40091,0.20127,0.57364,0.36649,0.23885,0.15915,0.34052,0.19191,0.53155,0.32244,0.22538,0.58233,0.20546,0.19055,0.2013,0.74784,0.18332,0.1595,0.10713,0.28327,0.29563,0.16644,0.23797,0.18959,0.18243,0.13016
3.01,0.20836,0.16714,0.32512,0.094736,0.22909,0.29048,0.1837,0.21792,0.37671,0.46966,0.29247,0.18646,0.32213,0.48834,0.39767,0.20014,0.56782,0.36427,0.23635,0.15622,0.34161,0.18952,0.52964,0.32341,0.22634,0.57544,0.20309,0.1899,0.19764,0.74023,0.18372,0.15689,0.10661,0.27805,0.29378,0.16638,0.2378,0.19018,0.17999,0.13189
3.02,0.2072,0.16825,0.32285,0.093306,0.22709,0.28858,0.18252,0.2169,0.37462,0.4701,0.29028,0.18717,0.32228,0.48465,0.39433,0.19903,0.56189,0.36204,0.23393,0.15332,0.34241,0.1872,0.52772,0.32435,0.22734,0.56853,0.20157,0.18909,0.19399,0.73259,0.184,0.15717,0.10605,0.27295,0.29198,0.16629,0.23761,0.1908,0.17756,0.13362
3.03,0.20606,0.16934,0.32056,0.091889,0.22511,0.28666,0.18133,0.21585,0.37251,0.4704,0.28809,0.1878,0.3224,0.4809,0.39092,0.19793,0.55586,0.35977,0.23159,0.15047,0.34293,0.18494,0.52581,0.32521,0.22833,0.56165,0.20001,0.18811,0.1903,0.72504,0.1842,0.15742,0.10545,0.26796,0.29021,0.16615,0.23742,0.19142,0.17513,0.13533
3.04,0.20491,0.17039,0.31815,0.090481,0.22313,0.28474,0.18014,0.21478,0.37038,0.47056,0.28593,0.18843,0.3225,0.47712,0.38742,0.19683,0.54974,0.35749,0.22931,0.14766,0.34316,0.18276,0.52389,0.32601,0.22929,0.55472,0.19846,0.187,0.18658,0.71746,0.18429,0.15761,0.10482,0.26308,0.28847,0.16598,0.23721,0.19205,0.1727,0.13701
3.05,0.20377,0.17142,0.31584,0.089082,0.22116,0.2828,0.17895,0.21369,0.36827,0.4706,0.28377,0.18906,0.32257,0.47329,0.38384,0.19574,0.54353,0.35516,0.2271,0.14489,0.34313,0.18064,0.52196,0.3267,0.23019,0.54784,0.19689,0.18576,0.18286,0.70986,0.18425,0.15773,0.10416,0.25832,0.28677,0.16577,0.23699,0.19268,0.17027,0.13867
3.06,0.20264,0.17242,0.31365,0.0877,0.21919,0.28086,0.17775,0.21257,0.36617,0.4705,0.28162,0.1899,0.32261,0.46943,0.38019,0.19466,0.53858,0.35277,0.22495,0.14218,0.34281,0.1786,0.52004,0.32729,0.23102,0.54091,0.19533,0.18438,0.17912,0.70234,0.1841,0.15779,0.10347,0.25368,0.2851,0.16551,0.23675,0.19332,0.16786,0.14028
3.07,0.20151,0.1734,0.31152,0.086329,0.21724,0.27891,0.17656,0.21144,0.36404,0.47027,0.27948,0.19088,0.32262,0.46556,0.37647,0.19358,0.53557,0.35032,0.22288,0.13951,0.34224,0.17661,0.5181,0.32775,0.23177,0.53402,0.19381,0.18288,0.17746,0.69475,0.18384,0.15776,0.10292,0.24916,0.28347,0.16521,0.23651,0.19394,0.16544,0.14185
3.08,0.20039,0.17434,0.30929,0.084968,0.21532,0.27695,0.17536,0.21029,0.36188,0.46992,0.27736,0.19186,0.3226,0.46165,0.37268,0.1925,0.53256,0.34778,0.22087,0.1369,0.34139,0.1747,0.51615,0.32808,0.23244,0.52712,0.19236,0.18129,0.1765,0.68722,0.18349,0.15763,0.10254,0.24477,0.28186,0.16488,0.23625,0.19456,0.16303,0.14336
3.09,0.19927,0.17525,0.30707,0.083618,0.21341,0.27498,0.17416,0.20911,0.35973,0.46945,0.27524,0.19277,0.32256,0.45773,0.36883,0.19144,0.52954,0.34514,0.21892,0.13434,0.34028,0.17285,0.51418,0.32825,0.23305,0.52022,0.19104,0.17961,0.1755,0.67967,0.18304,0.15742,0.10193,0.2405,0.28029,0.16546,0.23598,0.19516,0.16062,0.14481
3.1,0.19815,0.17613,0.30484,0.082283,0.2115,0.273,0.17296,0.20792,0.35757,0.46885,0.27313,0.19364,0.32248,0.4538,0.36493,0.19038,0.52651,0.34242,0.21702,0.13183,0.33891,0.17106,0.51219,0.32827,0.23359,0.51335,0.18981,0.17789,0.17446,0.67212,0.18249,0.15711,0.10109,0.23722,0.27874,0.16646,0.23571,0.19574,0.15913,0.14619
3.11,0.19705,0.17698,0.30252,0.080962,0.20957,0.27103,0.17175,0.20671,0.35537,0.46815,0.27104,0.19451,0.32236,0.44985,0.36098,0.18932,0.52345,0.33961,0.21518,0.12937,0.33728,0.16933,0.5102,0.32812,0.23409,0.50644,0.18863,0.1761,0.17337,0.66457,0.1818,0.15668,0.10004,0.23538,0.27722,0.16743,0.23542,0.19631,0.16153,0.14751
3.12,0.19596,0.17778,0.30012,0.079652,0.20762,0.26905,0.17055,0.20548,0.35314,0.46733,0.26896,0.1953,0.32223,0.44589,0.357,0.18827,0.52035,0.33672,0.21338,0.12697,0.33539,0.16767,0.50819,0.32778,0.23458,0.49962,0.18748,0.17424,0.17226,0.65703,0.18097,0.15615,0.098799,0.23356,0.27572,0.16836,0.23512,0.19685,0.16382,0.14875
3.13,0.19488,0.17857,0.29774,0.078354,0.20567,0.26707,0.16935,0.20424,0.35093,0.46641,0.26688,0.196,0.32205,0.44191,0.353,0.18723,0.51721,0.33375,0.21164,0.12569,0.33324,0.16607,0.50616,0.32727,0.23507,0.49276,0.18635,0.17232,0.17108,0.64946,0.17999,0.15552,0.097704,0.23175,0.27425,0.16925,0.23482,0.19736,0.16599,0.14991
3.14,0.1938,0.17931,0.29536,0.077068,0.20371,0.26509,0.16815,0.20299,0.34867,0.46538,0.26482,0.19663,0.32184,0.43792,0.3497,0.1862,0.51403,0.3307,0.20994,0.12445,0.33083,0.16452,0.50411,0.32657,0.23556,0.48595,0.18525,0.17031,0.1699,0.64194,0.17922,0.15477,0.096846,0.22995,0.2728,0.1701,0.2345,0.19784,0.16804,0.151
3.15,0.19273,0.18,0.29292,0.075798,0.20173,0.26312,0.16695,0.20203,0.34637,0.46424,0.26277,0.19721,0.3216,0.43393,0.34747,0.18517,0.51078,0.32758,0.20828,0.12324,0.32819,0.16304,0.50204,0.32567,0.23605,0.47916,0.18416,0.16824,0.16865,0.63435,0.18008,0.15391,0.096013,0.22815,0.27138,0.17092,0.23418,0.19829,0.16997,0.152
3.16,0.19166,0.18068,0.29041,0.074541,0.19975,0.26116,0.16576,0.20167,0.34406,0.463,0.26074,0.1978,0.32133,0.42993,0.34521,0.18414,0.50749,0.32439,0.20666,0.12204,0.32529,0.16161,0.49996,0.32456,0.23651,0.47235,0.18311,0.16612,0.16738,0.62686,0.18089,0.15295,0.095197,0.22636,0.26998,0.1717,0.23384,0.19871,0.17179,0.15291
3.17,0.1906,0.18131,0.28786,0.073297,0.19776,0.25921,0.16457,0.2013,0.34173,0.46166,0.25871,0.19832,0.32141,0.42591,0.34293,0.18313,0.50414,0.3229,0.20508,0.12086,0.32217,0.16024,0.49786,0.32327,0.23693,0.46565,0.18205,0.16395,0.16607,0.6193,0.18169,0.15189,0.094391,0.22458,0.2686,0.17244,0.2335,0.19909,0.1735,0.15373
3.18,0.18954,0.1819,0.28534,0.072066,0.19575,0.25728,0.16338,0.20092,0.33936,0.46022,0.25669,0.19876,0.32152,0.42189,0.34062,0.18212,0.50072,0.32224,0.20354,0.11967,0.31882,0.15892,0.49574,0.32176,0.2373,0.45893,0.18104,0.16181,0.16472,0.61179,0.18242,0.15072,0.093595,0.2228,0.26724,0.17314,0.23314,0.19944,0.17509,0.15446
3.19,0.18849,0.18246,0.28284,0.070847,0.19374,0.25536,0.1622,0.20053,0.33696,0.45868,0.25469,0.19912,0.32164,0.41786,0.33827,0.18111,0.49722,0.32149,0.20245,0.11849,0.31525,0.15766,0.49359,0.32005,0.23759,0.45224,0.18004,0.15998,0.16334,0.60429,0.18314,0.14947,0.092814,0.22103,0.2659,0.1738,0.23277,0.19975,0.17657,0.15508
3.2,0.18744,0.18297,0.28031,0.069642,0.19171,0.25386,0.16102,0.20015,0.33456,0.45704,0.2527,0.19941,0.32174,0.41436,0.33588,0.18011,0.49365,0.32068,0.20339,0.11731,0.31148,0.15645,0.49143,0.31814,0.2378,0.44562,0.17907,0.15821,0.16191,0.59674,0.18379,0.14812,0.092051,0.21927,0.26458,0.17443,0.23263,0.20002,0.17795,0.1556
3.21,0.1864,0.18344,0.27774,0.068891,0.18967,0.25282,0.15985,0.19975,0.33213,0.45529,0.25072,0.19975,0.32183,0.41266,0.33345,0.17912,0.49,0.31979,0.2043,0.11614,0.30751,0.15529,0.48925,0.31603,0.23792,0.43899,0.17812,0.15643,0.16047,0.58931,0.18442,0.14669,0.091313,0.21752,0.26328,0.17502,0.23365,0.20025,0.17921,0.156
3.22,0.18536,0.18387,0.27514,0.068704,0.18762,0.25178,0.15869,0.19935,0.32965,0.45345,0.24875,0.20001,0.32189,0.41091,0.33098,0.17813,0.48628,0.31883,0.20519,0.11497,0.30336,0.15418,0.48704,0.31371,0.23795,0.43245,0.17718,0.1546,0.15899,0.58184,0.18498,0.14519,0.090605,0.21577,0.26199,0.17558,0.23461,0.20045,0.18037,0.1563
3.23,0.18433,0.18426,0.27252,0.068517,0.18555,0.25073,0.15753,0.19894,0.32717,0.45152,0.24679,0.20022,0.32207,0.40912,0.32848,0.17715,0.48248,0.3178,0.20608,0.1138,0.29924,0.15313,0.48481,0.3112,0.2379,0.42594,0.1763,0.15271,0.15747,0.57437,0.18552,0.1436,0.090117,0.21404,0.26072,0.1761,0.23553,0.2006,0.18143,0.15648
3.24,0.1833,0.1846,0.26991,0.06833,0.18347,0.24967,0.15639,0.19853,0.32467,0.4495,0.24485,0.20082,0.32225,0.40729,0.32594,0.17618,0.4786,0.31671,0.20694,0.11264,0.30048,0.15212,0.48255,0.30848,0.23776,0.41946,0.17543,0.15074,0.15593,0.56698,0.18598,0.14193,0.089949,0.21231,0.25946,0.17657,0.23641,0.20071,0.18238,0.15655
3.25,0.18228,0.18491,0.26739,0.068144,0.18138,0.2486,0.15526,0.19812,0.32213,0.4474,0.24291,0.20147,0.32239,0.40542,0.32337,0.17521,0.47464,0.31555,0.20778,0.11148,0.30255,0.15116,0.48027,0.30559,0.23754,0.41306,0.17458,0.1487,0.15517,0.55957,0.18641,0.14019,0.089782,0.2106,0.25822,0.17702,0.23723,0.20078,0.18324,0.15649
3.26,0.18126,0.18517,0.26486,0.067957,0.17928,0.24754,0.15415,0.1977,0.31956,0.44523,0.24099,0.20203,0.3225,0.40352,0.32077,0.17424,0.47059,0.31433,0.20859,0.11033,0.30509,0.15024,0.47796,0.30251,0.23723,0.40668,0.17378,0.1466,0.15501,0.55217,0.18677,0.1384,0.089628,0.20892,0.257,0.17743,0.23801,0.20081,0.184,0.15633
3.27,0.18025,0.18539,0.26233,0.06777,0.17718,0.24646,0.15304,0.19727,0.31701,0.44298,0.23908,0.20253,0.32258,0.40158,0.31814,0.17329,0.46645,0.31304,0.20938,0.10918,0.30766,0.14937,0.47563,0.29924,0.23683,0.40037,0.173,0.14442,0.15481,0.54487,0.18709,0.13656,0.089489,0.20725,0.25578,0.1778,0.23873,0.2008,0.18466,0.15605
3.28,0.17925,0.18557,0.2598,0.067582,0.17508,0.24539,0.15195,0.19684,0.31443,0.44066,0.23718,0.20301,0.32262,0.3996,0.31549,0.17234,0.46223,0.3117,0.21015,0.10805,0.31026,0.14855,0.47327,0.2958,0.23634,0.39412,0.17223,0.14219,0.15458,0.53755,0.18734,0.13467,0.089374,0.2056,0.25458,0.17814,0.23942,0.20074,0.18524,0.15567
3.29,0.17826,0.18571,0.25727,0.067392,0.17298,0.2443,0.15087,0.19641,0.31181,0.43829,0.2353,0.20347,0.32263,0.39758,0.31281,0.17139,0.45791,0.3103,0.2109,0.10692,0.31288,0.14776,0.47088,0.29219,0.23576,0.3879,0.17152,0.13988,0.15435,0.53024,0.18755,0.13391,0.089286,0.20396,0.25339,0.17844,0.24006,0.20064,0.18573,0.15521
3.3,0.17728,0.18582,0.25476,0.067202,0.17088,0.24322,0.14981,0.19597,0.30919,0.43584,0.23342,0.20387,0.3226,0.39554,0.31012,0.17046,0.4535,0.30885,0.21163,0.10581,0.31553,0.14702,0.46846,0.28842,0.23509,0.38178,0.17082,0.13753,0.15408,0.52302,0.18769,0.13377,0.089231,0.20233,0.25221,0.1787,0.24066,0.2005,0.18613,0.15467
3.31,0.1763,0.18592,0.25226,0.067011,0.16878,0.24212,0.14876,0.19553,0.30657,0.43333,0.23156,0.20418,0.32254,0.39347,0.3074,0.16954,0.449,0.30734,0.21234,0.1047,0.3182,0.14631,0.46601,0.28449,0.23433,0.37659,0.17013,0.13512,0.15378,0.51583,0.18778,0.13377,0.089215,0.20071,0.25104,0.17893,0.24122,0.20032,0.18645,0.15408
3.32,0.17533,0.18605,0.24977,0.066819,0.16669,0.24103,0.14772,0.19508,0.30393,0.43076,0.22971,0.20443,0.32243,0.39136,0.30467,0.16862,0.44441,0.30578,0.21301,0.10361,0.32088,0.14565,0.46352,0.28043,0.23347,0.37224,0.1695,0.13266,0.15346,0.50865,0.18782,0.134,0.08924,0.1991,0.24989,0.17913,0.24174,0.20009,0.18669,0.15343
3.33,0.17436,0.18624,0.24736,0.066627,0.16459,0.23993,0.14668,0.19464,0.30127,0.42814,0.22787,0.20461,0.32229,0.38922,0.30193,0.16771,0.43972,0.30418,0.21366,0.10253,0.32358,0.14502,0.461,0.27623,0.23253,0.36792,0.16888,0.13189,0.15312,0.5015,0.18781,0.13418,0.089311,0.1975,0.24875,0.17929,0.24223,0.19981,0.18685,0.15352
3.34,0.17339,0.18641,0.24502,0.066433,0.16249,0.23882,0.14566,0.19419,0.29861,0.42546,0.22604,0.2048,0.32211,0.38705,0.29917,0.16681,0.43495,0.30252,0.21428,0.10146,0.32629,0.14442,0.45846,0.2719,0.23271,0.36364,0.16827,0.13131,0.15275,0.49446,0.18774,0.1343,0.08943,0.19591,0.2476,0.17941,0.24268,0.1995,0.18694,0.15428
3.35,0.17243,0.18655,0.24269,0.066239,0.16039,0.23772,0.14465,0.19374,0.29596,0.42271,0.22423,0.20496,0.32189,0.38485,0.2964,0.16591,0.43007,0.30082,0.21488,0.1004,0.32901,0.14386,0.45587,0.26745,0.23417,0.35938,0.16769,0.13074,0.15236,0.48744,0.18764,0.13436,0.089601,0.19432,0.24648,0.1795,0.24309,0.19913,0.18696,0.15502
3.36,0.17148,0.18666,0.24039,0.066044,0.1583,0.2366,0.14365,0.19328,0.29329,0.41992,0.22243,0.20504,0.32165,0.38262,0.29361,0.16501,0.42512,0.29907,0.21544,0.099361,0.33174,0.14333,0.45325,0.26289,0.23547,0.35513,0.16714,0.13016,0.15195,0.48045,0.18749,0.13436,0.089825,0.19273,0.24536,0.17956,0.24346,0.19872,0.18692,0.1557
3.37,0.17053,0.18671,0.23813,0.066216,0.15622,0.2355,0.14265,0.19282,0.29062,0.41707,0.22064,0.20506,0.32136,0.38038,0.2908,0.16412,0.42007,0.29729,0.21598,0.098335,0.33447,0.14284,0.45059,0.26094,0.23661,0.35094,0.1666,0.1296,0.15152,0.47348,0.1873,0.13432,0.090105,0.19115,0.24425,0.17958,0.2438,0.19826,0.18681,0.1563
3.38,0.16958,0.18696,0.23589,0.066422,0.15415,0.23438,0.14167,0.19236,0.28794,0.41416,0.21886,0.20501,0.32104,0.3781,0.28799,0.16324,0.41574,0.29545,0.21648,0.097322,0.33719,0.14237,0.4479,0.26017,0.23759,0.34676,0.16608,0.12904,0.15106,0.46664,0.1871,0.13422,0.090441,0.18957,0.24315,0.17956,0.24411,0.19775,0.18664,0.15681
3.39,0.16864,0.18732,0.23369,0.066607,0.15209,0.23326,0.14069,0.1919,0.28529,0.41121,0.21709,0.2049,0.3218,0.37579,0.28517,0.16236,0.41279,0.29359,0.21695,0.096325,0.33992,0.14193,0.44516,0.25924,0.23839,0.3426,0.16559,0.12847,0.15059,0.45984,0.18689,0.13407,0.090834,0.188,0.24205,0.17952,0.24438,0.19766,0.18641,0.15722
3.4,0.16771,0.18769,0.23153,0.066771,0.15005,0.23214,0.13972,0.19143,0.28263,0.4082,0.21534,0.20475,0.32263,0.37347,0.28234,0.16149,0.40983,0.29168,0.21738,0.095346,0.34264,0.14152,0.44238,0.25816,0.23903,0.3385,0.1651,0.12791,0.15009,0.45307,0.18672,0.13388,0.091283,0.18643,0.24097,0.17944,0.24463,0.19799,0.18612,0.15751
3.41,0.16678,0.18804,0.2294,0.066924,0.14801,0.23102,0.13876,0.19097,0.27996,0.40513,0.2136,0.20462,0.32339,0.37112,0.27949,0.16062,0.40686,0.28975,0.21778,0.094382,0.34535,0.14113,0.43957,0.25692,0.23949,0.33441,0.16462,0.12735,0.14957,0.44635,0.18662,0.13364,0.09179,0.18487,0.23989,0.17933,0.24485,0.19828,0.18579,0.15768
3.42,0.16585,0.18844,0.22731,0.067095,0.14669,0.22989,0.1378,0.1905,0.2773,0.40201,0.21187,0.20442,0.32409,0.36875,0.27665,0.15976,0.40388,0.28777,0.21813,0.093433,0.34804,0.14077,0.43776,0.25553,0.23979,0.33034,0.16417,0.12678,0.14904,0.43972,0.18652,0.13337,0.092352,0.18331,0.23881,0.17919,0.24505,0.19852,0.1854,0.15772
3.43,0.16493,0.18889,0.22526,0.067273,0.14582,0.22877,0.13686,0.19003,0.27467,0.39884,0.21015,0.20417,0.32471,0.36636,0.27382,0.15891,0.40088,0.28577,0.21845,0.092499,0.35073,0.14043,0.43808,0.254,0.24,0.32632,0.16372,0.12622,0.14849,0.43317,0.18638,0.13305,0.092968,0.18177,0.23774,0.17901,0.24521,0.19871,0.18497,0.15941
3.44,0.16402,0.18931,0.22329,0.06745,0.14495,0.22764,0.13592,0.18956,0.27204,0.39562,0.20845,0.20385,0.32527,0.36394,0.27101,0.15806,0.39787,0.28374,0.21873,0.09158,0.3534,0.14011,0.4384,0.25232,0.24026,0.32233,0.16328,0.12566,0.14791,0.42666,0.18617,0.1327,0.093635,0.18023,0.23668,0.17881,0.24535,0.19886,0.1845,0.16117
3.45,0.16312,0.18968,0.22138,0.067623,0.14408,0.22651,0.13499,0.18908,0.26942,0.39235,0.20676,0.2035,0.32575,0.36151,0.26851,0.15721,0.39485,0.28168,0.21897,0.090682,0.35605,0.13981,0.43872,0.25051,0.24039,0.31837,0.16284,0.12509,0.14733,0.42021,0.18591,0.13231,0.094353,0.17871,0.23562,0.17857,0.24546,0.19895,0.18399,0.16273
3.46,0.16222,0.19,0.21952,0.067791,0.14321,0.22538,0.13407,0.18861,0.26681,0.38904,0.20508,0.20317,0.32616,0.35906,0.2664,0.15665,0.39181,0.2796,0.21917,0.089798,0.35868,0.13953,0.43903,0.24856,0.24039,0.31442,0.16242,0.12453,0.14673,0.41383,0.18559,0.13189,0.095116,0.1772,0.23457,0.1783,0.24554,0.19899,0.18344,0.16411
3.47,0.16133,0.1903,0.21769,0.067949,0.14233,0.22425,0.13316,0.18814,0.2642,0.38568,0.20341,0.20278,0.32651,0.35659,0.26442,0.15644,0.38876,0.27749,0.21933,0.08893,0.36128,0.13927,0.43934,0.24649,0.24027,0.31054,0.16199,0.12397,0.1461,0.40792,0.18518,0.13144,0.095924,0.17569,0.23352,0.178,0.24558,0.19899,0.18285,0.16531
3.48,0.16045,0.19054,0.21591,0.068089,0.14146,0.22312,0.13226,0.18766,0.26164,0.38228,0.20176,0.20237,0.32679,0.35411,0.2626,0.15615,0.38569,0.27536,0.21944,0.088078,0.36386,0.13902,0.43965,0.24429,0.24003,0.30668,0.16156,0.1234,0.14547,0.40323,0.18472,0.13095,0.096773,0.1742,0.23248,0.17768,0.24559,0.19893,0.18223,0.16636
3.49,0.15957,0.19094,0.21416,0.068207,0.14057,0.22199,0.13137,0.18718,0.25909,0.37884,0.20011,0.20198,0.32701,0.3516,0.26091,0.15584,0.38261,0.27321,0.2195,0.087241,0.36642,0.13879,0.43995,0.24197,0.23967,0.30284,0.16115,0.12284,0.14483,0.39861,0.18418,0.13045,0.097658,0.17337,0.23144,0.17732,0.24557,0.19882,0.18158,0.16724
3.5,0.15869,0.19216,0.21246,0.068303,0.13969,0.22086,0.13049,0.1867,0.25655,0.37536,0.19848,0.20157,0.32719,0.34909,0.25928,0.15546,0.37952,0.27104,0.21951,0.086419,0.36894,0.13858,0.44025,0.23954,0.23921,0.29904,0.16072,0.12228,0.14416,0.39402,0.18358,0.12992,0.098578,0.17368,0.2304,0.17694,0.24552,0.19865,0.1809,0.16795
3.51,0.15782,0.19331,0.2108,0.068377,0.13881,0.21973,0.12962,0.18623,0.25403,0.37185,0.19686,0.20117,0.32733,0.34657,0.25765,0.15504,0.37642,0.26885,0.21946,0.085614,0.37143,0.13838,0.44054,0.237,0.23866,0.29529,0.16029,0.12172,0.14349,0.38946,0.18291,0.12937,0.099527,0.17404,0.22937,0.17653,0.24543,0.19843,0.1802,0.16849
3.52,0.15695,0.1944,0.20918,0.068431,0.13792,0.2186,0.12876,0.18575,0.25153,0.36832,0.19526,0.20081,0.32745,0.34403,0.25603,0.15458,0.37331,0.26666,0.21936,0.084826,0.3739,0.13819,0.44083,0.23437,0.23803,0.29157,0.15987,0.12115,0.1428,0.38492,0.18217,0.1288,0.1005,0.17444,0.22833,0.17609,0.24531,0.19816,0.17947,0.16886
3.53,0.15609,0.19541,0.20759,0.068464,0.13703,0.21747,0.12791,0.18527,0.24905,0.36476,0.19366,0.20052,0.32754,0.34148,0.25439,0.15406,0.37019,0.26445,0.2192,0.084052,0.37633,0.13801,0.4411,0.23164,0.23732,0.28788,0.15943,0.12059,0.1421,0.38041,0.18137,0.12822,0.1015,0.17489,0.2273,0.17562,0.24515,0.19783,0.17872,0.16906
3.54,0.15523,0.19636,0.20605,0.068475,0.13614,0.21634,0.12706,0.18479,0.24661,0.36119,0.19208,0.20026,0.3278,0.33892,0.25275,0.15352,0.36707,0.26223,0.21899,0.083293,0.37872,0.13785,0.44137,0.22881,0.23655,0.28422,0.15899,0.12003,0.14139,0.37597,0.1805,0.12762,0.10251,0.17537,0.22627,0.17513,0.24496,0.19744,0.17795,0.1691
3.55,0.15438,0.19724,0.20454,0.068465,0.13524,0.21521,0.12623,0.18431,0.24419,0.35759,0.19051,0.19998,0.32813,0.33636,0.25109,0.15295,0.36394,0.26,0.21871,0.082549,0.38109,0.13769,0.44163,0.22591,0.23571,0.28062,0.15854,0.11948,0.14067,0.37156,0.17958,0.127,0.10353,0.17588,0.22524,0.17461,0.24474,0.197,0.17717,0.16895
3.56,0.15353,0.19806,0.20306,0.068438,0.13435,0.21408,0.12541,0.18383,0.24179,0.35399,0.18895,0.19971,0.32841,0.33379,0.24941,0.15235,0.3608,0.25778,0.21837,0.081818,0.38341,0.13755,0.44188,0.22293,0.23479,0.27705,0.15807,0.11893,0.13994,0.36718,0.1786,0.12726,0.10455,0.17642,0.22421,0.17406,0.24449,0.1965,0.17637,0.16862
3.57,0.15269,0.19885,0.20167,0.068391,0.13345,0.21295,0.1246,0.18335,0.23942,0.35037,0.1874,0.19939,0.32862,0.33121,0.24771,0.15173,0.35766,0.25556,0.21796,0.081102,0.38571,0.13741,0.44212,0.21988,0.23378,0.27351,0.1576,0.11838,0.1392,0.36284,0.17758,0.12794,0.10558,0.17699,0.22319,0.17349,0.24422,0.19593,0.17556,0.16814
3.58,0.15185,0.1996,0.20041,0.068324,0.13255,0.21182,0.12381,0.18286,0.23706,0.34676,0.18587,0.19901,0.32878,0.32862,0.24599,0.15112,0.35452,0.25349,0.2175,0.080399,0.38797,0.13728,0.44234,0.21676,0.2327,0.27,0.15712,0.11783,0.13846,0.35852,0.17652,0.12853,0.1066,0.17758,0.22216,0.1729,0.24391,0.19531,0.17474,0.16748
3.59,0.15101,0.20028,0.19928,0.06824,0.13165,0.2107,0.12302,0.18238,0.23474,0.34313,0.18435,0.19863,0.32889,0.32604,0.24424,0.15054,0.35137,0.25148,0.21697,0.079711,0.3902,0.13716,0.44256,0.21359,0.23152,0.26656,0.15661,0.11728,0.13771,0.35426,0.17652,0.12904,0.10761,0.17819,0.22113,0.17228,0.24357,0.19462,0.17392,0.16666
3.6,0.15018,0.20091,0.19818,0.068139,0.13101,0.20957,0.12224,0.1819,0.23246,0.33952,0.18284,0.19825,0.32897,0.32346,0.24249,0.14999,0.34823,0.24947,0.21637,0.079037,0.39239,0.13705,0.44277,0.21035,0.23025,0.26314,0.15611,0.11674,0.13695,0.35005,0.17679,0.12947,0.1086,0.17881,0.2201,0.17164,0.24321,0.19387,0.17308,0.16567
3.61,0.14936,0.20149,0.1971,0.068021,0.13045,0.20845,0.12148,0.18142,0.2302,0.33592,0.18134,0.19781,0.329,0.32087,0.24071,0.14947,0.34508,0.24746,0.2157,0.078376,0.39455,0.13694,0.44296,0.20708,0.2289,0.25976,0.15557,0.11619,0.1362,0.34588,0.17703,0.12981,0.10957,0.17945,0.21907,0.17097,0.24282,0.19306,0.17225,0.16452
3.62,0.14854,0.20202,0.19605,0.067887,0.12989,0.20733,0.12073,0.18094,0.22797,0.33234,0.17985,0.19731,0.329,0.31828,0.23891,0.14893,0.34192,0.24544,0.21496,0.077727,0.39668,0.13683,0.44314,0.20376,0.22746,0.25642,0.15503,0.11565,0.13545,0.34173,0.17725,0.13007,0.11052,0.1801,0.21804,0.17029,0.2424,0.19218,0.17141,0.16322
3.63,0.14772,0.20251,0.19502,0.067738,0.12934,0.20621,0.11998,0.18046,0.22577,0.32879,0.17837,0.19677,0.32895,0.3157,0.23708,0.14839,0.33878,0.24342,0.21418,0.077091,0.39878,0.13673,0.44331,0.20042,0.22594,0.25311,0.15446,0.1151,0.13471,0.33763,0.17745,0.13026,0.11143,0.18077,0.217,0.16958,0.24196,0.19123,0.17056,0.16177
3.64,0.14691,0.20295,0.19401,0.067574,0.12879,0.2051,0.11925,0.17998,0.22359,0.3253,0.17691,0.19619,0.32889,0.31313,0.23524,0.14781,0.33563,0.24139,0.21332,0.076466,0.40084,0.13663,0.44347,0.19704,0.22433,0.24986,0.15388,0.11456,0.13397,0.33357,0.17763,0.13041,0.11231,0.18144,0.21597,0.16885,0.24149,0.19022,0.16972,0.1602
3.65,0.14612,0.20338,0.19306,0.067395,0.12824,0.20398,0.11853,0.1795,0.22144,0.32189,0.17545,0.19564,0.32881,0.31056,0.23338,0.14722,0.33249,0.23936,0.21239,0.075852,0.40287,0.13654,0.44362,0.19364,0.22265,0.24664,0.15328,0.11402,0.13324,0.32956,0.17778,0.13047,0.11315,0.18211,0.21493,0.1681,0.24099,0.18914,0.16888,0.15851
3.66,0.14532,0.20381,0.19214,0.067204,0.12769,0.20286,0.11783,0.17902,0.21932,0.31871,0.17401,0.19504,0.32872,0.30799,0.2315,0.1466,0.32935,0.23732,0.21139,0.075249,0.40487,0.13645,0.44374,0.19022,0.22089,0.24346,0.15267,0.11348,0.1325,0.32559,0.1779,0.13046,0.11395,0.18279,0.2139,0.16733,0.24047,0.188,0.16805,0.15672
3.67,0.14453,0.20422,0.19124,0.066999,0.12715,0.20176,0.11713,0.17854,0.21725,0.31612,0.17258,0.1944,0.32861,0.30543,0.2296,0.14595,0.32621,0.23527,0.21033,0.074656,0.40685,0.13637,0.44386,0.1868,0.21906,0.24031,0.15315,0.11294,0.13176,0.32166,0.178,0.13038,0.11469,0.18346,0.21286,0.16653,0.23992,0.18678,0.16722,0.15482
3.68,0.14375,0.20459,0.19035,0.066783,0.12661,0.20064,0.11645,0.17806,0.2152,0.31485,0.17116,0.19371,0.32846,0.30287,0.22768,0.14527,0.32308,0.23321,0.20921,0.074073,0.40881,0.13628,0.44396,0.18337,0.21716,0.2372,0.15372,0.1124,0.13101,0.31776,0.17808,0.13022,0.11539,0.18414,0.21182,0.16572,0.23936,0.1855,0.16639,0.15283
3.69,0.14297,0.20492,0.18949,0.066554,0.12607,0.19954,0.11578,0.17758,0.21318,0.31406,0.16975,0.19297,0.32828,0.30033,0.22574,0.14456,0.31996,0.23116,0.20802,0.073501,0.41074,0.1362,0.44405,0.17994,0.21519,0.23414,0.15429,0.11186,0.13026,0.31391,0.17813,0.12999,0.11603,0.18482,0.21079,0.1649,0.23877,0.18416,0.16557,0.15074
3.7,0.14219,0.20521,0.18863,0.066315,0.12553,0.19844,0.11512,0.1771,0.21119,0.31324,0.16835,0.19224,0.32806,0.29779,0.22429,0.14384,0.31684,0.2291,0.20676,0.072939,0.41266,0.13611,0.44412,0.17653,0.21317,0.23112,0.15484,0.11132,0.1295,0.31012,0.17816,0.1297,0.11661,0.18549,0.20975,0.16405,0.23816,0.18274,0.16475,0.14857
3.71,0.14142,0.20547,0.18778,0.066067,0.12499,0.19733,0.11447,0.17663,0.20923,0.31238,0.16696,0.1915,0.32781,0.29526,0.22309,0.14309,0.31372,0.22705,0.20596,0.072386,0.41456,0.13603,0.44418,0.17312,0.21109,0.22814,0.1554,0.11079,0.12874,0.30636,0.17816,0.12934,0.11713,0.18615,0.20871,0.16318,0.23753,0.18221,0.16395,0.14633
3.72,0.14066,0.20568,0.18695,0.065811,0.12446,0.19624,0.11383,0.17615,0.20729,0.31148,0.16558,0.19072,0.32752,0.29274,0.2219,0.14232,0.31061,0.225,0.20516,0.07184,0.41644,0.13595,0.44422,0.16974,0.20896,0.22519,0.15595,0.11025,0.12797,0.30264,0.17813,0.12894,0.1176,0.18681,0.20767,0.1623,0.23688,0.18177,0.16315,0.14404
3.73,0.13989,0.20585,0.18612,0.065549,0.12393,0.19514,0.11321,0.17568,0.20538,0.31056,0.16422,0.1899,0.32719,0.29024,0.2207,0.14154,0.30752,0.22295,0.20428,0.071303,0.41828,0.13586,0.44425,0.16638,0.20678,0.22227,0.15649,0.10972,0.12719,0.29896,0.17807,0.12852,0.118,0.18746,0.20662,0.1614,0.23622,0.1813,0.16237,0.1417
3.74,0.13913,0.20599,0.18533,0.065284,0.1234,0.19405,0.11259,0.1752,0.20351,0.30961,0.16286,0.18909,0.32682,0.28774,0.2195,0.14075,0.30443,0.22092,0.20337,0.070772,0.42007,0.13578,0.44426,0.16306,0.20456,0.2194,0.15701,0.10919,0.12641,0.29532,0.17799,0.12864,0.11834,0.18811,0.20557,0.16049,0.23554,0.18079,0.1616,0.13934
3.75,0.13838,0.20613,0.18456,0.065016,0.12288,0.19296,0.11199,0.17473,0.20167,0.30863,0.16152,0.18828,0.32643,0.28525,0.21829,0.13995,0.30135,0.21891,0.20239,0.070248,0.42181,0.13569,0.44426,0.15977,0.2023,0.21657,0.15753,0.10866,0.12561,0.29174,0.17788,0.12889,0.11862,0.18874,0.20452,0.15955,0.23485,0.18024,0.16084,0.13697
3.76,0.13763,0.20628,0.1838,0.064744,0.12235,0.19187,0.1114,0.17426,0.19986,0.30763,0.16018,0.18747,0.32601,0.28277,0.21709,0.13915,0.29828,0.21696,0.20137,0.06973,0.42351,0.13561,0.44424,0.15652,0.20001,0.21378,0.15804,0.10814,0.12482,0.2882,0.17775,0.12909,0.11883,0.18936,0.20347,0.15861,0.23415,0.17965,0.16008,0.13461
3.77,0.13689,0.20641,0.18304,0.064468,0.12183,0.19079,0.11082,0.17379,0.19807,0.3066,0.15886,0.18668,0.32558,0.28031,0.21588,0.13836,0.29522,0.21512,0.20028,0.069217,0.42516,0.13551,0.44421,0.15331,0.19768,0.21102,0.15852,0.10762,0.12402,0.2847,0.17759,0.12925,0.11898,0.18997,0.20241,0.15764,0.23343,0.17902,0.15935,0.13225
3.78,0.13614,0.20649,0.18229,0.064192,0.12131,0.18971,0.11026,0.17332,0.19632,0.30554,0.15754,0.18592,0.32514,0.27785,0.21466,0.13757,0.29218,0.21335,0.19915,0.06871,0.42677,0.13542,0.44415,0.15016,0.19533,0.2083,0.15899,0.1071,0.12321,0.28123,0.1774,0.12937,0.11906,0.19057,0.20134,0.15667,0.2327,0.17835,0.15863,0.12991
3.79,0.13541,0.20653,0.18153,0.063912,0.1208,0.18863,0.1097,0.17285,0.19459,0.30446,0.15624,0.18512,0.32476,0.27541,0.21345,0.13677,0.28915,0.21165,0.19797,0.068208,0.42854,0.13532,0.44409,0.14707,0.19296,0.20562,0.15946,0.10658,0.1224,0.27781,0.17717,0.12946,0.11907,0.19116,0.20027,0.15567,0.23195,0.17765,0.15792,0.12759
3.8,0.13467,0.20652,0.18077,0.063628,0.12028,0.18756,0.10916,0.17239,0.19288,0.30336,0.15495,0.18436,0.32441,0.27298,0.21223,0.13597,0.28613,0.20998,0.19674,0.067712,0.43128,0.13522,0.444,0.14404,0.19135,0.20297,0.15991,0.10606,0.12159,0.27443,0.17691,0.12951,0.11902,0.19173,0.19919,0.15467,0.23119,0.1769,0.15722,0.12529
3.81,0.13395,0.20648,0.18001,0.063339,0.11977,0.18649,0.10863,0.17192,0.1912,0.30222,0.15367,0.18356,0.32403,0.27056,0.21102,0.13516,0.28313,0.20832,0.19545,0.06722,0.43396,0.13512,0.4439,0.14107,0.18992,0.20035,0.16033,0.10555,0.12077,0.2711,0.17661,0.12954,0.11891,0.19229,0.19811,0.15365,0.23042,0.17611,0.15654,0.12303
3.82,0.13322,0.20639,0.17927,0.063044,0.11926,0.18542,0.10811,0.17146,0.18955,0.30106,0.15239,0.18274,0.3236,0.26815,0.2098,0.13432,0.28014,0.20667,0.19413,0.066732,0.43658,0.13501,0.44379,0.13817,0.18836,0.19778,0.16074,0.10503,0.11996,0.26781,0.17627,0.12953,0.11874,0.19283,0.19701,0.15261,0.22963,0.17529,0.15588,0.12079
3.83,0.1325,0.20627,0.17855,0.062744,0.11875,0.18436,0.1076,0.171,0.18792,0.29986,0.15113,0.18194,0.32313,0.26575,0.20857,0.13348,0.27716,0.20503,0.19275,0.066246,0.43915,0.1349,0.44366,0.13535,0.18669,0.19524,0.16115,0.10452,0.11914,0.26456,0.17591,0.12949,0.11866,0.19336,0.19591,0.15157,0.22883,0.17442,0.15522,0.11859
3.84,0.13179,0.20613,0.17782,0.062438,0.11825,0.1833,0.1071,0.17055,0.18632,0.29864,0.14988,0.18111,0.32262,0.26336,0.20735,0.13262,0.27421,0.20338,0.19134,0.065764,0.44163,0.13478,0.44351,0.1326,0.18491,0.19274,0.16152,0.10401,0.11833,0.26136,0.1755,0.12942,0.11866,0.19387,0.1948,0.15051,0.22801,0.17352,0.15459,0.11644
3.85,0.13108,0.20622,0.17708,0.062127,0.11775,0.18224,0.10661,0.17009,0.18475,0.29741,0.14864,0.18028,0.32207,0.26098,0.20613,0.13176,0.27127,0.20174,0.18987,0.065283,0.44404,0.13465,0.44334,0.12994,0.18304,0.19028,0.16189,0.1035,0.11752,0.25819,0.17506,0.12931,0.11861,0.19436,0.19368,0.14944,0.22718,0.17258,0.15397,0.11432
3.86,0.13037,0.20628,0.17634,0.06181,0.11725,0.18119,0.10613,0.16964,0.1832,0.29614,0.14741,0.17946,0.32148,0.25861,0.2049,0.13088,0.26835,0.2001,0.18837,0.064805,0.44635,0.13452,0.44316,0.12735,0.18108,0.18784,0.16224,0.10299,0.11671,0.25506,0.17459,0.12917,0.11851,0.19484,0.19256,0.14836,0.22634,0.17159,0.15336,0.11225
3.87,0.12967,0.2063,0.17558,0.061489,0.11675,0.18014,0.10567,0.16919,0.18167,0.29485,0.14619,0.17866,0.32086,0.25625,0.20368,0.13,0.26545,0.19845,0.18682,0.064329,0.44856,0.13439,0.44296,0.12485,0.17903,0.18545,0.16256,0.10248,0.11589,0.25197,0.17408,0.12898,0.11835,0.1953,0.19142,0.14727,0.22549,0.17057,0.15277,0.11024
3.88,0.12897,0.20628,0.17481,0.061162,0.11625,0.1791,0.10521,0.16874,0.18017,0.29353,0.14497,0.17791,0.3202,0.25391,0.20245,0.12912,0.26256,0.1968,0.18524,0.063855,0.45066,0.13425,0.44274,0.12244,0.17692,0.18308,0.16289,0.10198,0.11508,0.24894,0.17354,0.12877,0.11814,0.19574,0.19028,0.14617,0.22462,0.16951,0.15219,0.10828
3.89,0.12827,0.20621,0.17408,0.060832,0.11576,0.17806,0.10477,0.16829,0.17869,0.29219,0.14377,0.17727,0.31952,0.25157,0.20123,0.12849,0.25969,0.19515,0.18362,0.063381,0.45266,0.1341,0.44251,0.12012,0.17474,0.18075,0.16318,0.10147,0.11427,0.24594,0.17298,0.12852,0.11788,0.19625,0.18913,0.14506,0.22375,0.16841,0.15163,0.10735
3.9,0.12758,0.2061,0.17334,0.060497,0.11527,0.17702,0.10434,0.16785,0.17723,0.29083,0.14258,0.17684,0.31881,0.24925,0.2,0.12794,0.25684,0.1935,0.18196,0.062911,0.45456,0.13395,0.44227,0.11788,0.1725,0.17846,0.16347,0.10097,0.11346,0.24298,0.17239,0.12825,0.11758,0.1976,0.18798,0.14395,0.22288,0.16758,0.15108,0.10649
3.91,0.1269,0.20594,0.17258,0.060158,0.11478,0.17599,0.10391,0.16741,0.17578,0.28944,0.1414,0.1764,0.31808,0.24693,0.19877,0.12739,0.254,0.19184,0.18028,0.062441,0.45636,0.13379,0.442,0.11589,0.17022,0.17619,0.16373,0.10047,0.11265,0.24006,0.17177,0.12794,0.11724,0.19896,0.18681,0.14283,0.22199,0.16737,0.15054,0.10564
3.92,0.12622,0.20573,0.17181,0.059816,0.11429,0.17496,0.1035,0.16697,0.17436,0.28804,0.14023,0.17591,0.31733,0.24462,0.19755,0.12683,0.25118,0.19018,0.17856,0.061973,0.45806,0.13362,0.44172,0.11526,0.1679,0.17397,0.16398,0.099972,0.11184,0.23719,0.17112,0.12761,0.11686,0.20032,0.18564,0.1417,0.22109,0.16713,0.15002,0.10478
3.93,0.12554,0.20548,0.17123,0.059471,0.11381,0.17393,0.1031,0.16653,0.17297,0.28661,0.13906,0.17538,0.3166,0.24233,0.19633,0.12626,0.24838,0.18851,0.17681,0.061505,0.45966,0.13345,0.44142,0.11461,0.16555,0.17177,0.16421,0.099474,0.11103,0.23435,0.17045,0.12725,0.11645,0.20168,0.18447,0.14056,0.22018,0.16685,0.14951,0.10392
3.94,0.12488,0.2052,0.17064,0.059123,0.11332,0.17291,0.1027,0.1661,0.17159,0.28517,0.13791,0.17489,0.31592,0.24004,0.1951,0.12567,0.2456,0.18684,0.17503,0.061037,0.46115,0.13327,0.44111,0.11393,0.16317,0.16961,0.16441,0.098978,0.11022,0.23155,0.16976,0.12686,0.116,0.20304,0.18329,0.13942,0.21926,0.16654,0.14901,0.10307
3.95,0.12421,0.20488,0.17024,0.058772,0.11284,0.1719,0.10232,0.16566,0.17024,0.28369,0.13677,0.17436,0.31525,0.23776,0.19388,0.12506,0.24284,0.18517,0.17323,0.06057,0.46255,0.13308,0.44078,0.11323,0.16077,0.16749,0.16461,0.098488,0.1094,0.22879,0.16904,0.12643,0.11552,0.20439,0.1821,0.13828,0.21833,0.1662,0.14853,0.10222
3.96,0.12355,0.20453,0.17015,0.058419,0.11236,0.17088,0.10194,0.16523,0.1689,0.28221,0.13563,0.17379,0.31458,0.2355,0.19266,0.12444,0.24009,0.1835,0.1714,0.060103,0.46383,0.13289,0.44044,0.11251,0.15837,0.1654,0.16477,0.098001,0.10858,0.22607,0.16831,0.12597,0.11501,0.20574,0.18091,0.13713,0.21738,0.16583,0.14805,0.10137
3.97,0.12289,0.20415,0.17007,0.058065,0.11189,0.16988,0.10158,0.16479,0.16758,0.28069,0.13451,0.17319,0.31389,0.23324,0.19145,0.12379,0.23737,0.18182,0.16955,0.059637,0.46502,0.13268,0.44008,0.11177,0.15629,0.16334,0.16492,0.097516,0.10776,0.22339,0.16757,0.12547,0.11446,0.20708,0.17971,0.13598,0.21642,0.16542,0.14759,0.10053
3.98,0.12224,0.20374,0.16998,0.057708,0.11141,0.16887,0.10122,0.16436,0.16627,0.27917,0.1334,0.17255,0.31319,0.23099,0.19023,0.12313,0.23466,0.18014,0.16768,0.05917,0.4661,0.13248,0.4397,0.111,0.15479,0.16131,0.16504,0.097032,0.10694,0.22076,0.16683,0.12495,0.11387,0.20842,0.17851,0.13482,0.21545,0.16498,0.14714,0.099689
3.99,0.12159,0.20329,0.1699,0.05735,0.11094,0.16787,0.10088,0.16392,0.16498,0.27762,0.13229,0.17187,0.31247,0.22876,0.18902,0.12245,0.23197,0.17846,0.16578,0.058704,0.46708,0.13226,0.43931,0.11022,0.1533,0.15932,0.16514,0.09655,0.10611,0.21816,0.16608,0.12439,0.11326,0.20976,0.17731,0.13366,0.21455,0.16451,0.1467,0.098858
4,0.12095,0.20281,0.16981,0.056991,0.11047,0.16688,0.10054,0.16349,0.16371,0.27606,0.13119,0.1712,0.31174,0.22653,0.1878,0.12175,0.22931,0.17678,0.16386,0.058238,0.46796,0.13204,0.4389,0.10942,0.15182,0.15736,0.16523,0.09607,0.10529,0.2156,0.16532,0.1238,0.11262,0.21109,0.1761,0.13249,0.21381,0.16401,0.14626,0.098037
4.01,0.12031,0.20229,0.16972,0.056632,0.11001,0.16589,0.10021,0.16306,0.16245,0.27448,0.13011,0.17053,0.31099,0.22432,0.1866,0.12103,0.22665,0.17509,0.16193,0.057773,0.46874,0.13181,0.43847,0.10859,0.15036,0.15543,0.16528,0.095591,0.10446,0.21308,0.16455,0.12318,0.11195,0.21241,0.1749,0.13133,0.21306,0.16348,0.14584,0.097222
4.02,0.11967,0.20174,0.16963,0.056272,0.10954,0.1649,0.09989,0.16263,0.16121,0.27289,0.12903,0.16982,0.31023,0.22212,0.18539,0.1203,0.22414,0.17341,0.15999,0.057309,0.46942,0.13157,0.43803,0.10775,0.14893,0.15354,0.16531,0.095114,0.10362,0.2106,0.16375,0.12254,0.11124,0.21371,0.17369,0.13016,0.21231,0.16291,0.14542,0.096417
4.03,0.11904,0.20116,0.16953,0.055912,0.10908,0.16392,0.099577,0.16219,0.15999,0.27128,0.12796,0.16908,0.30945,0.21992,0.18419,0.11955,0.22255,0.17173,0.15802,0.056844,0.47,0.13133,0.43758,0.1069,0.14752,0.15168,0.16533,0.094638,0.10279,0.20816,0.16294,0.12187,0.11051,0.21501,0.17247,0.129,0.21155,0.16231,0.14501,0.095621
4.04,0.11841,0.20056,0.16943,0.055552,0.10862,0.16294,0.099273,0.16176,0.15879,0.26967,0.12691,0.16831,0.30878,0.21774,0.18299,0.11878,0.22097,0.17004,0.15604,0.05638,0.47048,0.13108,0.43711,0.10603,0.14702,0.14985,0.16532,0.094164,0.10196,0.20575,0.1621,0.1212,0.10974,0.21629,0.17126,0.12783,0.21079,0.16169,0.14461,0.094836
4.05,0.11778,0.19993,0.16932,0.055192,0.10817,0.16197,0.098978,0.16133,0.15759,0.26803,0.12586,0.1675,0.30813,0.21557,0.1818,0.118,0.2194,0.16836,0.15405,0.055916,0.47087,0.13082,0.43663,0.10514,0.14721,0.14805,0.16529,0.093692,0.10112,0.20338,0.16123,0.12052,0.10894,0.21756,0.17004,0.12666,0.21002,0.16103,0.14422,0.094061
4.06,0.11716,0.19929,0.16921,0.054832,0.10772,0.161,0.098689,0.1609,0.15641,0.2664,0.12482,0.16667,0.30747,0.21342,0.18061,0.11721,0.21784,0.16667,0.15204,0.055451,0.47117,0.13055,0.43613,0.10423,0.14738,0.14629,0.16523,0.093222,0.10029,0.20105,0.16034,0.11981,0.10811,0.21882,0.16882,0.1255,0.20925,0.16034,0.14383,0.093298
4.07,0.11654,0.19863,0.16909,0.054472,0.10726,0.16004,0.098408,0.16047,0.15524,0.26474,0.12378,0.16583,0.30678,0.21127,0.17943,0.11648,0.21629,0.16499,0.15003,0.054987,0.47137,0.13028,0.43561,0.10332,0.14753,0.14456,0.16515,0.092753,0.09945,0.19876,0.15943,0.11907,0.10725,0.22006,0.16761,0.12433,0.20847,0.15962,0.14345,0.092547
4.08,0.11612,0.19795,0.16896,0.054112,0.10695,0.15908,0.098135,0.16004,0.15409,0.26308,0.12276,0.165,0.30607,0.20914,0.17825,0.11661,0.21474,0.1633,0.148,0.054523,0.47147,0.13,0.43508,0.10239,0.14767,0.14359,0.16505,0.092286,0.098607,0.1965,0.15849,0.11831,0.10636,0.22128,0.16638,0.12316,0.20769,0.15887,0.14307,0.091808
4.09,0.11598,0.19724,0.16884,0.053753,0.10672,0.15813,0.09787,0.1596,0.15294,0.26142,0.12175,0.16415,0.30534,0.20702,0.17709,0.11672,0.21321,0.16162,0.14597,0.054059,0.47148,0.12971,0.43454,0.10144,0.14778,0.14276,0.16492,0.091821,0.097772,0.19428,0.15752,0.11752,0.10545,0.22248,0.16517,0.12199,0.20691,0.15809,0.1427,0.091081
4.1,0.11584,0.19651,0.16872,0.053394,0.10649,0.15718,0.09761,0.15917,0.15181,0.25974,0.12074,0.16348,0.3046,0.20492,0.17592,0.11682,0.21168,0.15994,0.14393,0.053595,0.4714,0.12942,0.43399,0.10168,0.14789,0.14194,0.16476,0.091357,0.096933,0.19209,0.15652,0.11669,0.10451,0.22367,0.16395,0.12082,0.20613,0.15728,0.14232,0.090368
4.11,0.11569,0.19575,0.16859,0.053037,0.10626,0.15623,0.097358,0.15874,0.1507,0.25806,0.11975,0.16305,0.30385,0.20283,0.17478,0.1169,0.21015,0.15826,0.14189,0.053131,0.47125,0.12912,0.43342,0.10221,0.14797,0.14112,0.16459,0.090895,0.096088,0.18994,0.15551,0.11583,0.10355,0.22484,0.16273,0.11965,0.20534,0.15643,0.14196,0.089669
4.12,0.11553,0.19497,0.16845,0.05268,0.10603,0.15529,0.097113,0.1583,0.14959,0.25638,0.11876,0.16257,0.3031,0.20075,0.17365,0.11696,0.20864,0.15658,0.13985,0.052668,0.47103,0.12882,0.43283,0.10271,0.14804,0.14029,0.1644,0.090436,0.095242,0.18783,0.15446,0.11493,0.10257,0.22599,0.16151,0.11847,0.20455,0.15555,0.14159,0.088983
4.13,0.11536,0.19416,0.1683,0.052325,0.1058,0.15436,0.096874,0.15787,0.1485,0.2547,0.11778,0.16207,0.3024,0.19872,0.17254,0.117,0.20713,0.15491,0.1378,0.052206,0.47076,0.12868,0.43223,0.10319,0.1481,0.13947,0.16417,0.089983,0.094403,0.18575,0.1534,0.114,0.10157,0.22712,0.16029,0.1173,0.20375,0.15465,0.14123,0.088312
4.14,0.11518,0.19333,0.16814,0.05197,0.10557,0.15343,0.096641,0.15744,0.14742,0.25302,0.11681,0.16153,0.30175,0.19764,0.17148,0.11703,0.20563,0.15324,0.13766,0.051744,0.47043,0.12875,0.43162,0.10365,0.14814,0.13864,0.16393,0.089532,0.093559,0.18371,0.1523,0.11304,0.10056,0.22823,0.15907,0.11613,0.20295,0.15371,0.14087,0.087655
4.15,0.11531,0.1925,0.16796,0.051618,0.10534,0.15251,0.096414,0.157,0.14634,0.25133,0.11585,0.16096,0.30112,0.19657,0.17053,0.11705,0.20414,0.15156,0.13754,0.051283,0.47005,0.12882,0.431,0.10407,0.14816,0.13782,0.16366,0.089082,0.092711,0.1817,0.15119,0.11206,0.099537,0.22932,0.15786,0.11496,0.20215,0.15273,0.14051,0.087014
4.16,0.1159,0.19175,0.16778,0.051267,0.1051,0.15159,0.096194,0.15657,0.14528,0.24964,0.1149,0.16039,0.30046,0.19551,0.16961,0.11705,0.20266,0.14989,0.13739,0.050822,0.46963,0.12887,0.43036,0.10446,0.14817,0.137,0.16337,0.088634,0.091859,0.17973,0.15005,0.11104,0.098504,0.2304,0.15664,0.1138,0.20134,0.15173,0.14015,0.086388
4.17,0.11676,0.19104,0.16758,0.050918,0.10487,0.15067,0.095979,0.15613,0.14422,0.24795,0.11395,0.15983,0.29979,0.19445,0.1687,0.11703,0.20118,0.14824,0.13724,0.050361,0.46917,0.12892,0.42971,0.10481,0.14816,0.13617,0.16306,0.088188,0.091016,0.17779,0.14888,0.10999,0.097464,0.23145,0.15544,0.11385,0.20053,0.1507,0.13979,0.085777
4.18,0.11768,0.19032,0.16737,0.050571,0.10463,0.14977,0.095769,0.1557,0.14319,0.24626,0.11301,0.15923,0.29909,0.19339,0.16779,0.117,0.19972,0.14726,0.13706,0.0499,0.46867,0.12898,0.42905,0.10513,0.14814,0.13536,0.16272,0.087743,0.090196,0.17589,0.1477,0.10891,0.096419,0.23248,0.15423,0.11388,0.19971,0.14964,0.13944,0.085182
4.19,0.11858,0.18958,0.16715,0.050227,0.10439,0.14887,0.095564,0.15526,0.14216,0.24456,0.11209,0.1586,0.29836,0.19234,0.16688,0.11697,0.19825,0.14628,0.13685,0.04944,0.46815,0.12913,0.42837,0.1054,0.1481,0.13455,0.16236,0.087301,0.090304,0.17402,0.14649,0.10781,0.095373,0.23349,0.15303,0.11391,0.19889,0.14855,0.13907,0.084603
4.2,0.11945,0.18883,0.16692,0.049885,0.10415,0.14797,0.095366,0.15483,0.14116,0.24286,0.11116,0.15795,0.29761,0.19129,0.16598,0.11691,0.1968,0.1453,0.13663,0.04898,0.46762,0.12959,0.42768,0.10564,0.14805,0.13374,0.16198,0.08686,0.090382,0.17218,0.14527,0.10668,0.094326,0.23448,0.15183,0.11393,0.19807,0.14742,0.13871,0.08404
4.21,0.12033,0.18806,0.16667,0.049546,0.10391,0.14708,0.095172,0.15439,0.14047,0.24116,0.11025,0.15732,0.29696,0.19025,0.16507,0.11684,0.19535,0.14432,0.13639,0.048521,0.46846,0.13002,0.42698,0.10583,0.14799,0.13293,0.16158,0.08642,0.090441,0.17037,0.14403,0.10552,0.093283,0.23545,0.15063,0.11394,0.19724,0.14628,0.13835,0.083494
4.22,0.12121,0.18728,0.16641,0.049209,0.10367,0.1462,0.094983,0.15396,0.13977,0.23945,0.10935,0.15667,0.29638,0.1892,0.16417,0.11675,0.19392,0.14335,0.13613,0.048062,0.46934,0.1304,0.42627,0.10599,0.14791,0.13212,0.16114,0.085983,0.090476,0.1686,0.14278,0.10434,0.092242,0.23641,0.14944,0.11394,0.19641,0.1451,0.13798,0.082964
4.23,0.12208,0.18654,0.16614,0.048875,0.10343,0.14532,0.094798,0.15352,0.13909,0.23774,0.10845,0.15604,0.29577,0.18817,0.16327,0.11666,0.19248,0.14238,0.13585,0.047604,0.47018,0.13075,0.42555,0.10609,0.14782,0.13131,0.1607,0.085547,0.090482,0.16686,0.14151,0.10314,0.091207,0.23734,0.14852,0.11393,0.19559,0.1439,0.13761,0.08245
4.24,0.12292,0.18583,0.16585,0.048544,0.10318,0.14445,0.094618,0.15308,0.1384,0.23603,0.10756,0.15543,0.29515,0.18713,0.16237,0.11655,0.19106,0.14141,0.13556,0.047146,0.47099,0.13106,0.42481,0.10615,0.14771,0.1305,0.16023,0.085113,0.090475,0.16515,0.14024,0.10191,0.090175,0.23826,0.14814,0.11391,0.19476,0.14267,0.13723,0.081954
4.25,0.12374,0.18511,0.16558,0.048216,0.10293,0.14359,0.094442,0.15265,0.13772,0.23432,0.1069,0.15482,0.29452,0.1861,0.16148,0.11643,0.18964,0.14045,0.13525,0.046689,0.47176,0.13132,0.42406,0.10617,0.14759,0.12969,0.15973,0.084683,0.090438,0.16347,0.13896,0.10067,0.089149,0.23916,0.14776,0.11389,0.19392,0.14142,0.13686,0.081474
4.26,0.12454,0.18439,0.16529,0.047892,0.10269,0.14274,0.09427,0.15221,0.13704,0.2326,0.10639,0.15424,0.29389,0.18508,0.16058,0.11629,0.18824,0.13949,0.13491,0.046233,0.4725,0.13154,0.4233,0.10614,0.14747,0.12889,0.15922,0.084257,0.090382,0.16183,0.13767,0.099409,0.088126,0.24003,0.14737,0.11385,0.19309,0.14014,0.13647,0.081012
4.27,0.12531,0.18364,0.16499,0.04757,0.10244,0.14189,0.094103,0.15177,0.13636,0.23089,0.10587,0.15364,0.29326,0.18406,0.15969,0.11616,0.18683,0.13854,0.13457,0.045778,0.47321,0.13173,0.42253,0.10606,0.14733,0.12809,0.15869,0.083832,0.090307,0.16021,0.13636,0.098831,0.087109,0.24089,0.14698,0.11381,0.19225,0.13885,0.13608,0.080566
4.28,0.12605,0.18289,0.16468,0.047253,0.10219,0.14105,0.093939,0.15133,0.13568,0.22917,0.10536,0.153,0.29266,0.18304,0.15879,0.116,0.18544,0.13758,0.1342,0.045324,0.47387,0.13187,0.42175,0.10593,0.14718,0.1273,0.15813,0.08341,0.090205,0.15863,0.13505,0.098678,0.086098,0.24173,0.14659,0.11376,0.19141,0.13753,0.13569,0.080138
4.29,0.12677,0.18213,0.16435,0.046939,0.10194,0.14022,0.093778,0.15089,0.13538,0.22746,0.10486,0.15237,0.29206,0.18203,0.1579,0.11583,0.18406,0.13663,0.13382,0.044871,0.4745,0.13198,0.42096,0.10576,0.14702,0.12651,0.15754,0.082989,0.090091,0.15707,0.13389,0.098522,0.085093,0.24254,0.14619,0.1137,0.19057,0.13619,0.13529,0.079727
4.3,0.12746,0.18135,0.16401,0.046628,0.10168,0.13939,0.093621,0.15046,0.13565,0.22574,0.10435,0.15174,0.29145,0.18102,0.157,0.11565,0.18268,0.13569,0.13343,0.04442,0.47507,0.13206,0.42015,0.10554,0.14685,0.12572,0.15696,0.08257,0.089951,0.15555,0.13358,0.098366,0.084096,0.24334,0.1458,0.11363,0.18972,0.13483,0.13488,0.079333
4.31,0.12812,0.18056,0.16365,0.046322,0.10143,0.13857,0.093467,0.15002,0.13591,0.22403,0.10385,0.15109,0.29082,0.18002,0.15611,0.11547,0.18131,0.13475,0.13302,0.04397,0.47561,0.1321,0.41934,0.10527,0.14667,0.12493,0.15634,0.082153,0.0898,0.15405,0.13326,0.098207,0.083108,0.24411,0.1454,0.11355,0.18887,0.13345,0.13447,0.078956
4.32,0.12876,0.17976,0.16328,0.04612,0.10118,0.13775,0.093317,0.14958,0.13615,0.22231,0.10335,0.15041,0.29017,0.17902,0.15521,0.11528,0.17995,0.13381,0.13259,0.043521,0.47609,0.13212,0.41852,0.10495,0.14649,0.12415,0.1557,0.08174,0.089624,0.15258,0.13291,0.098044,0.082131,0.24486,0.145,0.11346,0.18802,0.13205,0.13426,0.078597
4.33,0.12938,0.17894,0.1629,0.045918,0.10092,0.13694,0.093168,0.14914,0.13637,0.2206,0.10286,0.14971,0.28949,0.17802,0.15432,0.11507,0.1786,0.13288,0.13215,0.043073,0.47653,0.13211,0.41769,0.10459,0.1463,0.12336,0.15505,0.081332,0.089439,0.15114,0.13256,0.097878,0.081165,0.24558,0.14459,0.11336,0.18716,0.13064,0.13425,0.078255
4.34,0.12996,0.17811,0.1625,0.045717,0.10066,0.13614,0.093024,0.1487,0.13658,0.21887,0.10237,0.14902,0.28879,0.17703,0.15342,0.11485,0.17725,0.13195,0.1317,0.042627,0.47693,0.13208,0.41684,0.10418,0.14611,0.12258,0.15437,0.080935,0.089234,0.14973,0.13219,0.097708,0.080212,0.24629,0.14419,0.11326,0.1863,0.12921,0.13425,0.07793
4.35,0.13054,0.17727,0.16209,0.045516,0.1004,0.13534,0.092882,0.14826,0.13676,0.21716,0.10188,0.14833,0.28808,0.17605,0.15253,0.11462,0.17591,0.13102,0.13122,0.042182,0.47728,0.13201,0.41599,0.10372,0.14592,0.12181,0.15367,0.080541,0.089016,0.14835,0.13181,0.097535,0.079273,0.24697,0.14378,0.11315,0.18544,0.12783,0.13424,0.077622
4.36,0.13108,0.17642,0.16167,0.045315,0.10014,0.13454,0.092742,0.14782,0.13693,0.21544,0.10139,0.14761,0.28736,0.17506,0.15164,0.11439,0.17458,0.1301,0.13075,0.04174,0.47758,0.13191,0.41513,0.10322,0.14576,0.12103,0.15297,0.080148,0.088787,0.14699,0.13144,0.097359,0.07835,0.24764,0.14337,0.11302,0.18457,0.1273,0.13422,0.077332
4.37,0.1316,0.17555,0.16125,0.045115,0.099883,0.13375,0.092605,0.14738,0.13708,0.21372,0.1009,0.14687,0.28675,0.17409,0.15074,0.11414,0.17326,0.12919,0.13025,0.041299,0.47784,0.13178,0.41425,0.10267,0.1457,0.12027,0.15224,0.079759,0.088546,0.14566,0.13106,0.09718,0.077443,0.24828,0.14296,0.1129,0.1837,0.12676,0.1342,0.077058
4.38,0.13211,0.17468,0.16083,0.044915,0.099621,0.13297,0.09247,0.14694,0.13721,0.21201,0.10042,0.14615,0.28615,0.17311,0.14985,0.11389,0.17194,0.12827,0.12974,0.040861,0.47806,0.13161,0.41337,0.10208,0.14565,0.11951,0.15149,0.079373,0.088293,0.14436,0.13069,0.096999,0.076555,0.2489,0.14255,0.11276,0.18283,0.12622,0.13417,0.076863
4.39,0.13259,0.1738,0.16039,0.044715,0.099359,0.13219,0.092337,0.1465,0.13734,0.21029,0.099944,0.14542,0.28554,0.17214,0.14896,0.11362,0.17064,0.12737,0.12922,0.040424,0.47823,0.13141,0.41248,0.10145,0.14559,0.11875,0.15094,0.078989,0.088031,0.14308,0.13033,0.096815,0.075685,0.2495,0.14214,0.11261,0.18195,0.12566,0.13414,0.076926
4.4,0.13306,0.1729,0.15994,0.044516,0.099095,0.13141,0.092206,0.14606,0.13744,0.20858,0.099469,0.14469,0.28491,0.17118,0.14807,0.11335,0.16934,0.12646,0.12868,0.039991,0.47836,0.13117,0.41158,0.10078,0.14553,0.118,0.15061,0.078607,0.087762,0.14184,0.12996,0.096627,0.074836,0.25009,0.14173,0.11246,0.18108,0.12509,0.1341,0.07699
4.41,0.13351,0.172,0.15947,0.044318,0.098829,0.13064,0.092077,0.14562,0.13754,0.20687,0.098997,0.14396,0.28425,0.17022,0.14718,0.11308,0.16805,0.12556,0.12813,0.039559,0.47845,0.1309,0.41067,0.1005,0.14547,0.11725,0.15027,0.078226,0.087488,0.14062,0.12959,0.096435,0.074009,0.25065,0.14131,0.1123,0.1802,0.12451,0.13405,0.077053
4.42,0.13399,0.17109,0.159,0.04412,0.098563,0.12988,0.091949,0.14517,0.13763,0.20516,0.098527,0.14325,0.28357,0.16926,0.14629,0.11279,0.16676,0.12467,0.12758,0.039131,0.4785,0.13059,0.40976,0.10094,0.14539,0.1165,0.14993,0.077846,0.087212,0.13946,0.1292,0.096239,0.073203,0.25119,0.14089,0.11213,0.17932,0.12393,0.134,0.077116
4.43,0.13453,0.1702,0.1585,0.043922,0.098297,0.12912,0.091823,0.14473,0.13772,0.20345,0.098061,0.14254,0.28286,0.16831,0.1454,0.11249,0.16549,0.12378,0.127,0.038706,0.4785,0.13025,0.40883,0.10137,0.1453,0.11576,0.14957,0.077993,0.087013,0.13867,0.12881,0.096039,0.072422,0.25171,0.14048,0.11195,0.17844,0.12333,0.13394,0.077181
4.44,0.1351,0.16933,0.158,0.043725,0.098028,0.12836,0.091699,0.14429,0.13781,0.20175,0.097596,0.14186,0.28213,0.16736,0.14451,0.11218,0.16422,0.12347,0.12642,0.038283,0.47847,0.12988,0.40789,0.10177,0.14521,0.11502,0.14921,0.078312,0.08691,0.13788,0.1284,0.095838,0.071665,0.25221,0.14006,0.11177,0.17756,0.12272,0.13387,0.077245
4.45,0.13565,0.16845,0.15748,0.043528,0.097757,0.12761,0.091576,0.14385,0.13791,0.20004,0.097135,0.14116,0.28138,0.16642,0.14362,0.11187,0.16297,0.12321,0.12583,0.037864,0.47839,0.12947,0.40695,0.10216,0.1451,0.11428,0.14883,0.078755,0.086808,0.1371,0.12797,0.095634,0.070934,0.25269,0.13964,0.11158,0.17668,0.1221,0.13379,0.077309
4.46,0.13617,0.16756,0.15695,0.043331,0.097489,0.12686,0.091454,0.14341,0.13802,0.19834,0.096676,0.14048,0.28059,0.16548,0.14274,0.11156,0.16171,0.12297,0.12523,0.037449,0.47828,0.12902,0.40601,0.10253,0.14498,0.11355,0.14844,0.079174,0.086702,0.13631,0.12753,0.095426,0.070532,0.25315,0.13922,0.11138,0.1758,0.12148,0.13371,0.077374
4.47,0.13667,0.16666,0.15641,0.043136,0.097218,0.12612,0.091334,0.14297,0.13815,0.19665,0.096219,0.13979,0.27979,0.16455,0.14185,0.11123,0.16047,0.12272,0.12462,0.037156,0.47813,0.12854,0.40505,0.10288,0.14486,0.11283,0.14803,0.079571,0.086593,0.13553,0.12708,0.095215,0.070376,0.2536,0.1388,0.11118,0.17493,0.12084,0.13361,0.07744
4.48,0.13713,0.16576,0.15587,0.04294,0.096945,0.12538,0.091213,0.14253,0.13828,0.19496,0.095765,0.13913,0.27896,0.16362,0.14097,0.11089,0.15924,0.12247,0.124,0.036947,0.47793,0.12803,0.40408,0.10321,0.14472,0.11211,0.14761,0.079944,0.08648,0.13475,0.12661,0.095001,0.070222,0.25403,0.13838,0.11096,0.17405,0.12019,0.13351,0.077505
4.49,0.13758,0.16484,0.15533,0.042745,0.096671,0.12465,0.091095,0.14209,0.13842,0.19327,0.095314,0.13844,0.27812,0.1627,0.14008,0.11055,0.15801,0.12222,0.12336,0.036735,0.4777,0.12749,0.40311,0.10352,0.14457,0.1114,0.14718,0.080301,0.086362,0.13398,0.12613,0.094782,0.070073,0.25444,0.13796,0.11074,0.17317,0.11954,0.1334,0.077571
4.5,0.13799,0.16392,0.15478,0.042551,0.096398,0.12392,0.090977,0.14164,0.13855,0.19158,0.094865,0.13779,0.27725,0.16178,0.1392,0.1102,0.15679,0.12196,0.12273,0.03652,0.47743,0.12691,0.40214,0.1038,0.14441,0.11069,0.14674,0.080639,0.086239,0.1332,0.12564,0.094561,0.069926,0.25483,0.13754,0.11052,0.17229,0.11887,0.13328,0.077638
4.51,0.13838,0.16299,0.15422,0.042358,0.096123,0.12319,0.09086,0.1412,0.13867,0.18991,0.094419,0.13711,0.27636,0.16087,0.13832,0.10985,0.15558,0.1217,0.12208,0.036302,0.47712,0.1263,0.40115,0.10406,0.14424,0.10999,0.14629,0.080954,0.08611,0.13244,0.12512,0.094336,0.069783,0.25521,0.13712,0.11028,0.17141,0.11819,0.13315,0.077704
4.52,0.13875,0.16205,0.15364,0.042165,0.095847,0.12247,0.090743,0.14076,0.13878,0.18823,0.093975,0.13646,0.27547,0.15996,0.13744,0.10949,0.15438,0.12144,0.12142,0.036081,0.47677,0.12565,0.40016,0.10429,0.14406,0.10928,0.14582,0.081245,0.085973,0.13168,0.12461,0.09411,0.069642,0.25557,0.1367,0.11004,0.17053,0.11751,0.13301,0.07777
4.53,0.13909,0.16111,0.15306,0.041973,0.095569,0.12175,0.090626,0.14032,0.13888,0.18656,0.093535,0.13579,0.27458,0.15905,0.13656,0.10912,0.15319,0.12117,0.12076,0.035857,0.47638,0.12498,0.39916,0.1045,0.14387,0.10859,0.14535,0.081512,0.085829,0.13092,0.12407,0.093881,0.069503,0.2559,0.13627,0.10979,0.16966,0.11682,0.13286,0.077839
4.54,0.13941,0.16015,0.15246,0.041782,0.095292,0.12104,0.090511,0.13988,0.13898,0.1849,0.093097,0.13514,0.27369,0.15815,0.13569,0.10874,0.152,0.12089,0.12009,0.035629,0.47595,0.12427,0.39816,0.10468,0.14366,0.1079,0.14486,0.081767,0.085678,0.13016,0.12352,0.093648,0.069367,0.25622,0.13585,0.10954,0.16878,0.11611,0.13271,0.077907
4.55,0.1397,0.1592,0.15191,0.041591,0.095014,0.12033,0.090396,0.13944,0.13907,0.18324,0.092663,0.13473,0.27279,0.15725,0.13481,0.10836,0.15082,0.12062,0.11941,0.035399,0.47548,0.12353,0.39715,0.10483,0.14345,0.10721,0.14438,0.081999,0.08552,0.12941,0.12296,0.093412,0.069235,0.25651,0.13543,0.10928,0.1679,0.1154,0.13254,0.077974
4.56,0.13997,0.15824,0.15298,0.0414,0.094734,0.11963,0.090281,0.139,0.13915,0.18159,0.09223,0.13435,0.27188,0.15636,0.13394,0.10797,0.14965,0.12033,0.11873,0.035167,0.47497,0.12277,0.39614,0.10495,0.14353,0.10653,0.14388,0.082207,0.085355,0.12866,0.12238,0.093173,0.069105,0.25679,0.135,0.10901,0.16702,0.11468,0.13236,0.078042
4.57,0.14022,0.15727,0.15405,0.04121,0.094453,0.11892,0.090166,0.13856,0.13923,0.17995,0.0918,0.13398,0.27095,0.15548,0.13307,0.10758,0.14849,0.12004,0.11803,0.034932,0.47443,0.12197,0.39511,0.10505,0.14454,0.10585,0.14338,0.082392,0.085183,0.12791,0.1218,0.092931,0.068978,0.25705,0.13458,0.10874,0.16615,0.11395,0.13218,0.078112
4.58,0.14044,0.1563,0.15507,0.04102,0.094173,0.11823,0.090051,0.13812,0.1393,0.17831,0.091373,0.1336,0.27002,0.1546,0.13219,0.10718,0.14733,0.11975,0.11734,0.034872,0.47384,0.12114,0.39409,0.10512,0.14554,0.10518,0.14286,0.082622,0.085133,0.12717,0.1212,0.092686,0.068852,0.25729,0.13416,0.10846,0.16528,0.1132,0.13198,0.078181
4.59,0.14064,0.15531,0.15607,0.040831,0.093891,0.11753,0.089937,0.13768,0.13937,0.17667,0.090947,0.13321,0.26908,0.15372,0.13133,0.10678,0.14619,0.11946,0.11664,0.034889,0.47321,0.12028,0.39306,0.10516,0.14654,0.10451,0.14233,0.082853,0.085157,0.12643,0.1206,0.09244,0.068729,0.25751,0.13373,0.10818,0.1644,0.11245,0.13177,0.078251
4.6,0.14081,0.15433,0.15701,0.040643,0.093608,0.11684,0.089821,0.13724,0.13944,0.17505,0.090525,0.13284,0.26814,0.15285,0.13046,0.10637,0.14505,0.11915,0.11593,0.034908,0.47255,0.1194,0.39202,0.10518,0.14752,0.10385,0.14179,0.083077,0.085211,0.12569,0.11998,0.092191,0.068608,0.25772,0.13331,0.10789,0.16353,0.11169,0.13156,0.07832
4.61,0.14097,0.15335,0.15793,0.040455,0.093325,0.11616,0.089707,0.1368,0.13949,0.17343,0.090104,0.13247,0.26721,0.15198,0.1296,0.10596,0.14392,0.11885,0.11521,0.03493,0.47184,0.11849,0.39098,0.10516,0.14849,0.1032,0.14125,0.083295,0.085284,0.12495,0.11935,0.09194,0.068491,0.25791,0.13288,0.10759,0.16266,0.11092,0.13133,0.078391
4.62,0.1411,0.15236,0.15885,0.040267,0.093042,0.11547,0.089592,0.13636,0.13954,0.17182,0.089686,0.13209,0.26629,0.15112,0.12873,0.10554,0.14279,0.11854,0.11449,0.034954,0.4711,0.11755,0.38994,0.10512,0.14944,0.10254,0.14069,0.083508,0.085355,0.12422,0.11872,0.091686,0.068375,0.25808,0.13246,0.10729,0.1618,0.11014,0.13109,0.078461
4.63,0.14121,0.15138,0.15977,0.04008,0.092758,0.11479,0.089477,0.13593,0.13959,0.17021,0.08927,0.1317,0.26537,0.15027,0.12788,0.10511,0.14168,0.11822,0.11377,0.034979,0.47031,0.11658,0.38889,0.10505,0.15038,0.10189,0.14012,0.083706,0.085417,0.1235,0.11808,0.091429,0.068261,0.25824,0.13203,0.10698,0.16093,0.10936,0.13084,0.078532
4.64,0.1413,0.15046,0.16069,0.039894,0.092473,0.11412,0.089361,0.13549,0.13962,0.16862,0.088857,0.1313,0.26448,0.14941,0.12702,0.10468,0.14058,0.11791,0.11304,0.035006,0.46949,0.11559,0.38784,0.10495,0.15131,0.10125,0.13955,0.083883,0.085467,0.12278,0.11743,0.091169,0.068149,0.25838,0.1316,0.10667,0.16007,0.10856,0.13058,0.078603
4.65,0.14137,0.14953,0.1617,0.039708,0.092189,0.11345,0.089245,0.13506,0.13964,0.16702,0.088446,0.13092,0.2636,0.14857,0.12616,0.10425,0.13948,0.11758,0.11231,0.035034,0.46862,0.11457,0.38678,0.10483,0.15221,0.10061,0.13896,0.08404,0.085504,0.12206,0.11678,0.090907,0.068038,0.2585,0.13118,0.10635,0.1592,0.10775,0.13032,0.078675
4.66,0.14141,0.1486,0.16269,0.039523,0.091903,0.11278,0.089129,0.13462,0.13966,0.16544,0.088037,0.13054,0.26272,0.14773,0.12531,0.10381,0.13838,0.11726,0.11157,0.035063,0.46771,0.11354,0.38572,0.10468,0.1531,0.099974,0.13837,0.084174,0.085526,0.12134,0.11612,0.090643,0.067931,0.25861,0.13075,0.10603,0.15834,0.10693,0.13004,0.078746
4.67,0.14144,0.14767,0.16364,0.039338,0.091618,0.11211,0.089012,0.13419,0.13966,0.16387,0.087631,0.13015,0.26187,0.14689,0.12446,0.10337,0.1373,0.11693,0.11083,0.035094,0.46676,0.11247,0.38466,0.1045,0.15397,0.099341,0.13777,0.08428,0.085535,0.12063,0.11546,0.090379,0.067825,0.2587,0.13032,0.1057,0.15749,0.10611,0.12975,0.078817
4.68,0.14143,0.14674,0.16454,0.039154,0.091333,0.11145,0.088894,0.13375,0.13965,0.1623,0.087229,0.12975,0.26105,0.14606,0.12362,0.10293,0.13623,0.11659,0.11009,0.035124,0.46576,0.11139,0.38359,0.1043,0.15481,0.098713,0.13716,0.084368,0.085532,0.11992,0.11479,0.090112,0.06772,0.25877,0.12989,0.10537,0.15663,0.10527,0.12945,0.07889
4.69,0.14142,0.14581,0.16541,0.03897,0.091048,0.11079,0.088776,0.13332,0.13963,0.16074,0.086828,0.12935,0.26028,0.14523,0.12277,0.10248,0.13516,0.11625,0.10934,0.035156,0.46473,0.11029,0.38252,0.10407,0.15564,0.098093,0.13655,0.084424,0.085516,0.11921,0.11412,0.089843,0.067616,0.25883,0.12946,0.10503,0.15577,0.10443,0.12914,0.078962
4.7,0.14137,0.14489,0.16621,0.038787,0.090764,0.11014,0.088657,0.13289,0.1396,0.15919,0.08643,0.12896,0.25953,0.14441,0.12193,0.10202,0.1341,0.11591,0.10859,0.035187,0.46364,0.10917,0.38144,0.10381,0.15645,0.097477,0.13594,0.084464,0.085488,0.1185,0.11344,0.089572,0.067514,0.25888,0.12903,0.10469,0.15492,0.10358,0.12882,0.079033
4.71,0.14131,0.14396,0.16701,0.038604,0.090481,0.10949,0.088538,0.13246,0.13956,0.15765,0.086034,0.12857,0.25879,0.14359,0.12109,0.10156,0.13305,0.11557,0.10784,0.035219,0.46252,0.10803,0.38037,0.10354,0.15723,0.096864,0.13532,0.084473,0.085446,0.1178,0.11276,0.089298,0.067414,0.25891,0.1286,0.10434,0.15407,0.10272,0.12849,0.079106
4.72,0.14124,0.14303,0.16774,0.038423,0.0902,0.10884,0.088417,0.13204,0.1395,0.15645,0.08564,0.12817,0.25803,0.14278,0.12026,0.1011,0.132,0.11522,0.10709,0.035252,0.46135,0.10687,0.37929,0.10323,0.158,0.096255,0.13469,0.084464,0.085389,0.1171,0.11207,0.089023,0.067315,0.25892,0.12817,0.10399,0.15322,0.10185,0.12815,0.079179
4.73,0.14114,0.1421,0.1684,0.038243,0.089922,0.1082,0.088296,0.13161,0.13944,0.15533,0.085248,0.12778,0.25727,0.14197,0.11943,0.10063,0.13096,0.11487,0.10634,0.035283,0.46013,0.10664,0.37821,0.10291,0.15874,0.09565,0.13405,0.084428,0.085316,0.1164,0.11138,0.088746,0.067217,0.25892,0.12774,0.10363,0.15237,0.10097,0.1278,0.079251
4.74,0.14103,0.14116,0.16906,0.038063,0.089645,0.10756,0.088174,0.13119,0.13936,0.15421,0.084859,0.12739,0.25649,0.14117,0.1186,0.10017,0.12994,0.11451,0.10558,0.035315,0.45887,0.10658,0.37713,0.10256,0.15947,0.095047,0.13341,0.08437,0.085228,0.11572,0.11069,0.088469,0.06712,0.2589,0.1273,0.10327,0.15152,0.10008,0.12743,0.079324
4.75,0.14091,0.14022,0.16964,0.037883,0.08937,0.10692,0.08805,0.13076,0.13927,0.15309,0.084472,0.127,0.2557,0.14037,0.11777,0.099701,0.12892,0.11415,0.10483,0.035346,0.45757,0.10651,0.37604,0.10219,0.16017,0.094449,0.13275,0.084294,0.085123,0.11503,0.11,0.08819,0.067023,0.25887,0.12734,0.10291,0.15067,0.099193,0.12706,0.079396
4.76,0.14077,0.13929,0.17019,0.037704,0.089097,0.10629,0.087926,0.13034,0.13917,0.15197,0.084087,0.12661,0.2549,0.13958,0.11695,0.09923,0.1279,0.11379,0.10407,0.035377,0.45621,0.10644,0.37496,0.1018,0.16086,0.093853,0.1321,0.084198,0.085003,0.11435,0.10931,0.08791,0.066929,0.25882,0.12778,0.10254,0.14982,0.098293,0.12668,0.079469
4.77,0.14062,0.13843,0.1707,0.037526,0.088825,0.10565,0.0878,0.12992,0.13906,0.15086,0.083704,0.12623,0.25408,0.13879,0.11613,0.098755,0.1269,0.11343,0.10332,0.035406,0.45481,0.10636,0.37387,0.10139,0.16152,0.093261,0.13143,0.084086,0.08487,0.11367,0.10863,0.087628,0.066835,0.25876,0.1282,0.10217,0.14898,0.097386,0.12629,0.079542
4.78,0.14045,0.13757,0.17118,0.037348,0.088554,0.10503,0.087674,0.1295,0.13925,0.14974,0.083323,0.12584,0.25326,0.13801,0.11532,0.098276,0.1259,0.11306,0.10257,0.035435,0.45336,0.10628,0.37278,0.10096,0.16216,0.092672,0.13076,0.083963,0.084719,0.11299,0.10798,0.087345,0.066742,0.25868,0.1286,0.10179,0.14814,0.096471,0.12589,0.079613
4.79,0.14026,0.1367,0.17162,0.037171,0.088285,0.1044,0.087545,0.12908,0.13967,0.14863,0.082945,0.12545,0.25245,0.13723,0.1145,0.097794,0.1249,0.11269,0.10181,0.035464,0.45187,0.10619,0.37169,0.10051,0.16279,0.092086,0.13008,0.083848,0.084548,0.11232,0.10736,0.08706,0.066648,0.25858,0.12897,0.10141,0.14729,0.095551,0.12548,0.079686
4.8,0.14006,0.13583,0.17207,0.036995,0.088019,0.10378,0.087417,0.12866,0.14006,0.14752,0.082568,0.12506,0.25163,0.13646,0.1137,0.097308,0.12392,0.11231,0.10106,0.035491,0.45033,0.1061,0.3706,0.10004,0.16339,0.091505,0.1294,0.083744,0.084364,0.11164,0.10673,0.086773,0.066585,0.25847,0.12932,0.10103,0.14645,0.094625,0.12506,0.079758
4.81,0.13984,0.13496,0.17245,0.036819,0.087757,0.10316,0.087286,0.12825,0.14044,0.14641,0.082194,0.12465,0.25081,0.13569,0.11289,0.096819,0.12294,0.11193,0.10031,0.035517,0.44874,0.106,0.3695,0.099555,0.16396,0.090929,0.12871,0.083634,0.084159,0.11098,0.10611,0.086487,0.06656,0.25834,0.12964,0.10064,0.14561,0.093692,0.12463,0.079864
4.82,0.1396,0.13409,0.17284,0.036643,0.087496,0.10255,0.087154,0.12783,0.14079,0.1453,0.081822,0.12426,0.24999,0.13493,0.11209,0.096328,0.12197,0.11155,0.099562,0.035542,0.44711,0.10589,0.36841,0.09905,0.16451,0.090356,0.12802,0.083513,0.083936,0.11031,0.10548,0.0862,0.066537,0.2582,0.12994,0.10024,0.14478,0.092753,0.12419,0.080197
4.83,0.13936,0.13323,0.17315,0.036469,0.087237,0.10194,0.087021,0.12741,0.14113,0.1442,0.081452,0.12387,0.24918,0.13417,0.11129,0.095833,0.12101,0.11117,0.098814,0.035566,0.44544,0.10578,0.36732,0.098529,0.16504,0.089786,0.12732,0.083377,0.083696,0.10965,0.10485,0.085912,0.066649,0.25804,0.13022,0.099851,0.14394,0.091809,0.12374,0.08054
4.84,0.13909,0.13238,0.17347,0.036294,0.086978,0.10133,0.086887,0.12699,0.14145,0.14309,0.081085,0.12348,0.24837,0.13342,0.1105,0.095343,0.12006,0.11079,0.09807,0.035588,0.44373,0.10567,0.36622,0.097994,0.16554,0.089219,0.12662,0.083225,0.083436,0.10899,0.10421,0.085623,0.067117,0.25787,0.13048,0.099454,0.14311,0.09086,0.12329,0.08089
4.85,0.13881,0.13152,0.17374,0.036121,0.08672,0.10073,0.086751,0.12657,0.14175,0.142,0.080721,0.12308,0.24755,0.13267,0.10971,0.094851,0.11911,0.1104,0.097326,0.03561,0.44198,0.10555,0.36512,0.097444,0.16602,0.088654,0.12592,0.083094,0.083162,0.10833,0.10356,0.085333,0.067604,0.25769,0.13071,0.099051,0.14227,0.089906,0.12282,0.081249
4.86,0.13853,0.13067,0.174,0.035986,0.086464,0.10013,0.086613,0.12616,0.14203,0.1409,0.080358,0.12267,0.24672,0.13192,0.10892,0.094357,0.11817,0.11001,0.096585,0.035629,0.44019,0.10542,0.36403,0.096879,0.16647,0.088092,0.12522,0.083009,0.082866,0.10768,0.10291,0.085041,0.068111,0.2575,0.13092,0.098648,0.14144,0.088948,0.12235,0.081615
4.87,0.13823,0.12985,0.17424,0.03591,0.086208,0.099528,0.086474,0.12574,0.1423,0.1398,0.079997,0.12226,0.24587,0.13119,0.10814,0.093861,0.11724,0.10961,0.095847,0.035648,0.43836,0.10529,0.36293,0.096298,0.1669,0.087532,0.12451,0.082908,0.082557,0.10721,0.10226,0.084749,0.068637,0.2573,0.13111,0.098241,0.14062,0.087985,0.12187,0.081988
4.88,0.13792,0.12906,0.17444,0.035838,0.085953,0.098934,0.086334,0.12557,0.14255,0.13871,0.079639,0.12184,0.24501,0.13045,0.10736,0.093362,0.11631,0.10922,0.095108,0.035664,0.4365,0.10516,0.36184,0.095705,0.1673,0.086975,0.12379,0.082798,0.082228,0.10688,0.1016,0.084456,0.069179,0.2571,0.13127,0.097829,0.13979,0.087019,0.12137,0.082369
4.89,0.1376,0.12829,0.17462,0.035768,0.0857,0.098342,0.086192,0.12542,0.14278,0.13762,0.079282,0.12142,0.24413,0.12972,0.10659,0.092862,0.11539,0.10882,0.094374,0.03568,0.43462,0.10501,0.36074,0.095102,0.16768,0.08642,0.12308,0.082676,0.081887,0.10655,0.10092,0.084164,0.069737,0.25688,0.13142,0.097417,0.13896,0.08605,0.12087,0.082757
4.9,0.13727,0.12753,0.17476,0.035702,0.085449,0.097754,0.086049,0.12527,0.14299,0.13654,0.078927,0.12101,0.24325,0.129,0.10582,0.092359,0.11448,0.10842,0.09364,0.035693,0.4327,0.10487,0.35964,0.094487,0.16803,0.085868,0.12236,0.082543,0.081525,0.10621,0.10025,0.083871,0.07031,0.25665,0.13154,0.097002,0.13813,0.085078,0.12037,0.08315
4.91,0.13695,0.12678,0.17488,0.035638,0.0852,0.097169,0.085904,0.12511,0.14319,0.13545,0.078575,0.1206,0.24235,0.12828,0.10505,0.091855,0.11358,0.10802,0.092908,0.035705,0.43076,0.10472,0.35855,0.09386,0.16835,0.085318,0.12163,0.082402,0.081155,0.10588,0.099573,0.083578,0.070898,0.25641,0.13164,0.096583,0.13731,0.084103,0.11985,0.08355
4.92,0.13668,0.12603,0.17497,0.035577,0.084955,0.096586,0.085759,0.12495,0.14337,0.13437,0.078224,0.12019,0.24152,0.12757,0.10429,0.091348,0.11268,0.10761,0.092178,0.035715,0.4288,0.10456,0.35745,0.093222,0.16865,0.084771,0.1209,0.082257,0.080764,0.10555,0.098884,0.083283,0.071498,0.25616,0.13172,0.096163,0.13648,0.083451,0.11933,0.083957
4.93,0.13647,0.12528,0.1751,0.03552,0.084716,0.096008,0.085611,0.12478,0.14354,0.1333,0.077875,0.11978,0.24079,0.12686,0.10353,0.090841,0.11179,0.10721,0.091449,0.035723,0.42682,0.10441,0.35636,0.092574,0.16892,0.084229,0.12017,0.082146,0.080365,0.10521,0.098192,0.082988,0.072111,0.2559,0.13178,0.09574,0.13566,0.082999,0.11879,0.084369
4.94,0.13625,0.12453,0.17528,0.035465,0.084491,0.095433,0.085463,0.12462,0.14369,0.13222,0.077529,0.11935,0.24005,0.12616,0.10277,0.090331,0.1109,0.1068,0.090722,0.035729,0.42482,0.10424,0.35526,0.091918,0.16917,0.083689,0.11944,0.082151,0.079947,0.10488,0.097496,0.082693,0.072735,0.25563,0.13182,0.095315,0.13483,0.082546,0.11825,0.084786
4.95,0.13604,0.12378,0.17545,0.035412,0.084287,0.09486,0.085313,0.12445,0.14382,0.13115,0.077184,0.11893,0.23931,0.12546,0.10202,0.089822,0.11003,0.10639,0.089995,0.035734,0.42281,0.10407,0.35417,0.091255,0.1694,0.083152,0.1187,0.082148,0.079519,0.10455,0.096791,0.082396,0.073369,0.25536,0.13185,0.094887,0.13401,0.082092,0.11771,0.08521
4.96,0.13582,0.12304,0.17562,0.035363,0.084085,0.094292,0.085161,0.12429,0.14394,0.13009,0.076841,0.1185,0.23856,0.12476,0.10147,0.089317,0.10916,0.10598,0.089269,0.035736,0.42079,0.1039,0.35308,0.090584,0.1696,0.082617,0.11796,0.082131,0.079076,0.10421,0.096076,0.082102,0.074012,0.25507,0.13185,0.094458,0.13319,0.081637,0.11715,0.085637
4.97,0.13559,0.1223,0.17574,0.035315,0.083884,0.093726,0.085009,0.12412,0.14405,0.12903,0.0765,0.11807,0.23781,0.12407,0.10107,0.088811,0.10829,0.10557,0.088546,0.035736,0.41875,0.10372,0.35198,0.089906,0.16978,0.082084,0.11721,0.082103,0.078621,0.10388,0.095365,0.081806,0.074665,0.25478,0.13183,0.094027,0.13236,0.081182,0.11659,0.08607
4.98,0.13536,0.12156,0.17586,0.035271,0.083682,0.093164,0.084856,0.12394,0.14414,0.12797,0.076161,0.11763,0.23705,0.12339,0.10067,0.088304,0.10744,0.10515,0.08782,0.035735,0.4167,0.10354,0.35089,0.08922,0.16993,0.081553,0.11646,0.082061,0.078155,0.10354,0.094646,0.081511,0.075325,0.25448,0.13179,0.093592,0.13154,0.080725,0.11602,0.086507
4.99,0.13511,0.12082,0.17593,0.035229,0.08348,0.092605,0.084701,0.12376,0.14421,0.12691,0.075824,0.11719,0.23627,0.12271,0.10028,0.087796,0.10659,0.10474,0.087099,0.035731,0.41464,0.10336,0.3498,0.088529,0.17006,0.081024,0.11572,0.082007,0.077674,0.10321,0.093919,0.081215,0.075991,0.25417,0.13173,0.093159,0.13072,0.080268,0.11544,0.086947
5,0.13486,0.1201,0.17599,0.035189,0.083277,0.092048,0.084546,0.12358,0.14427,0.12587,0.075489,0.11675,0.2355,0.12204,0.099881,0.087287,0.10575,0.10432,0.086377,0.035725,0.41256,0.10317,0.34871,0.087833,0.17018,0.080497,0.11496,0.081938,0.077187,0.10287,0.093183,0.080918,0.076665,0.25385,0.13166,0.092722,0.12991,0.079811,0.11485,0.087392
5.01,0.13459,0.1194,0.17601,0.035151,0.083075,0.091496,0.08439,0.12339,0.14432,0.12482,0.075156,0.11632,0.2348,0.12137,0.099488,0.086777,0.10491,0.1039,0.085654,0.035717,0.41047,0.10297,0.34763,0.087132,0.17027,0.079972,0.11421,0.081859,0.076806,0.10253,0.09245,0.080621,0.077343,0.25352,0.13156,0.092282,0.12909,0.079353,0.11426,0.087841
5.02,0.13431,0.11872,0.176,0.035116,0.08287,0.090946,0.084232,0.12319,0.14435,0.12378,0.074825,0.11589,0.23409,0.1207,0.099096,0.086267,0.10408,0.10348,0.084937,0.035707,0.40835,0.10277,0.34654,0.086429,0.17034,0.07945,0.11346,0.081762,0.07684,0.1022,0.091712,0.080324,0.078026,0.25318,0.13145,0.091844,0.12828,0.078895,0.11366,0.088293
5.03,0.13402,0.11803,0.17598,0.035083,0.082667,0.090399,0.084074,0.12299,0.14437,0.12274,0.074497,0.11546,0.23336,0.12004,0.098706,0.085755,0.10326,0.10306,0.084217,0.035695,0.40623,0.10257,0.34546,0.085723,0.17039,0.078929,0.11271,0.081657,0.076864,0.10186,0.090967,0.080027,0.078712,0.25284,0.13132,0.091403,0.12746,0.078438,0.11305,0.088748
5.04,0.13371,0.11735,0.17594,0.035052,0.082461,0.089856,0.083914,0.12278,0.14438,0.12171,0.07417,0.11502,0.23262,0.11938,0.098318,0.085244,0.10244,0.10264,0.083497,0.03568,0.40409,0.10237,0.34437,0.085014,0.17041,0.078789,0.11196,0.081536,0.07688,0.10152,0.090216,0.079732,0.079401,0.25248,0.13117,0.090959,0.12665,0.07798,0.11244,0.089207
5.05,0.13339,0.11667,0.17591,0.035023,0.082256,0.089315,0.083754,0.12257,0.14437,0.12069,0.073845,0.11458,0.23187,0.11873,0.097932,0.084731,0.10163,0.10221,0.082783,0.035663,0.40194,0.10216,0.34329,0.084302,0.17041,0.078663,0.1112,0.081398,0.076887,0.10118,0.08946,0.079436,0.080093,0.25212,0.13101,0.090516,0.12584,0.077522,0.11182,0.089668
5.06,0.13307,0.11598,0.17601,0.034996,0.08205,0.088778,0.083593,0.12235,0.14435,0.11966,0.073522,0.11413,0.23111,0.11809,0.097546,0.084219,0.10083,0.10179,0.082067,0.035644,0.39977,0.10194,0.34221,0.083589,0.17039,0.07854,0.11045,0.081254,0.076891,0.10084,0.088707,0.07914,0.080785,0.25175,0.13083,0.090072,0.12504,0.077065,0.11119,0.090132
5.07,0.13272,0.11529,0.17632,0.034972,0.081842,0.088244,0.083431,0.12212,0.14432,0.11865,0.073201,0.11369,0.23033,0.11744,0.097162,0.083706,0.10003,0.10136,0.081351,0.035622,0.39759,0.10172,0.34113,0.082875,0.17034,0.078422,0.10969,0.081093,0.076888,0.1005,0.087949,0.078844,0.081477,0.25138,0.13063,0.089625,0.12423,0.076608,0.11055,0.090598
5.08,0.13237,0.11461,0.17672,0.034949,0.081636,0.087712,0.083268,0.12189,0.14427,0.11763,0.072881,0.11324,0.22955,0.1168,0.096781,0.083197,0.099241,0.10093,0.080639,0.035597,0.3954,0.1015,0.34005,0.082161,0.17027,0.078308,0.10894,0.080916,0.076877,0.10015,0.087185,0.078547,0.08217,0.251,0.13041,0.089178,0.12343,0.076152,0.10991,0.091067
5.09,0.13201,0.11391,0.17713,0.034927,0.081427,0.087184,0.083104,0.12166,0.14421,0.11663,0.072564,0.11278,0.22875,0.11617,0.096401,0.08269,0.098457,0.10051,0.079929,0.03557,0.39319,0.10127,0.33898,0.081447,0.17018,0.078198,0.10818,0.080733,0.076859,0.099808,0.086415,0.078251,0.082861,0.25061,0.13019,0.088731,0.12263,0.075696,0.10926,0.091538
5.1,0.13163,0.11322,0.17752,0.034908,0.081218,0.086658,0.082939,0.12143,0.14414,0.11562,0.072248,0.11233,0.22794,0.11554,0.096021,0.082183,0.097679,0.10008,0.079218,0.035541,0.39098,0.10104,0.33791,0.080735,0.17006,0.078092,0.10742,0.080534,0.076833,0.099496,0.085644,0.077955,0.08355,0.25022,0.12994,0.088282,0.12183,0.075241,0.10861,0.09201
5.11,0.13125,0.11253,0.17788,0.03489,0.081009,0.086136,0.082774,0.12119,0.14406,0.11463,0.071934,0.11189,0.22712,0.11491,0.095643,0.081676,0.096907,0.099648,0.078509,0.035508,0.38875,0.1008,0.33684,0.080025,0.16991,0.07799,0.10666,0.080318,0.076799,0.099188,0.084876,0.077659,0.084237,0.24982,0.12968,0.087833,0.12104,0.074787,0.10795,0.092484
5.12,0.13085,0.11185,0.1782,0.034874,0.080799,0.085617,0.082608,0.12096,0.14396,0.11363,0.071621,0.11145,0.22628,0.11429,0.095268,0.081169,0.096142,0.099216,0.077805,0.035474,0.38652,0.10057,0.33577,0.079316,0.16975,0.077892,0.1059,0.080098,0.07676,0.098878,0.084103,0.077364,0.08492,0.24942,0.12941,0.087383,0.12025,0.074334,0.10728,0.092958
5.13,0.13045,0.11118,0.17846,0.034859,0.080588,0.0851,0.08244,0.12075,0.14382,0.11265,0.071311,0.111,0.22543,0.11367,0.094895,0.080662,0.095382,0.098787,0.0771,0.035436,0.38428,0.10032,0.33471,0.078611,0.16956,0.077796,0.10514,0.079863,0.076718,0.098567,0.083326,0.077069,0.085599,0.24902,0.12912,0.086932,0.11946,0.073883,0.10661,0.093434
5.14,0.13004,0.1105,0.17873,0.034846,0.080377,0.084586,0.082272,0.12055,0.14364,0.11167,0.071002,0.11055,0.22458,0.11306,0.094522,0.080156,0.094629,0.098356,0.076396,0.035396,0.38203,0.10008,0.33364,0.077908,0.16935,0.077704,0.10438,0.079612,0.076668,0.098254,0.082546,0.076775,0.086274,0.24861,0.12882,0.086481,0.11867,0.073432,0.10593,0.093909
5.15,0.12963,0.10983,0.17896,0.034834,0.080165,0.084075,0.082103,0.12036,0.14342,0.11069,0.070695,0.11011,0.22371,0.11245,0.09415,0.07965,0.093882,0.097923,0.075697,0.035353,0.37977,0.099827,0.33258,0.077209,0.16913,0.077616,0.10362,0.079354,0.07661,0.09794,0.081787,0.076481,0.086943,0.2482,0.12851,0.08603,0.11789,0.072983,0.10524,0.094385
5.16,0.12921,0.10916,0.17913,0.034824,0.079953,0.083567,0.081934,0.12017,0.14316,0.10972,0.070389,0.10971,0.22283,0.11184,0.093781,0.079144,0.093141,0.09749,0.075,0.035308,0.37751,0.099573,0.33153,0.076514,0.16889,0.07753,0.10286,0.079084,0.076546,0.097627,0.081385,0.076186,0.087606,0.24777,0.12819,0.085577,0.1171,0.072535,0.10455,0.094859
5.17,0.1288,0.10849,0.17926,0.034815,0.07974,0.083061,0.081763,0.11999,0.14286,0.10876,0.070085,0.10931,0.22197,0.11124,0.093413,0.078638,0.092415,0.097058,0.074303,0.03526,0.37524,0.099317,0.33047,0.075824,0.16863,0.077447,0.1021,0.078799,0.076475,0.097312,0.080979,0.075892,0.088263,0.24735,0.12786,0.085125,0.11632,0.072089,0.10385,0.095333
5.18,0.12839,0.10782,0.17935,0.034807,0.079526,0.082559,0.081592,0.11981,0.14252,0.1078,0.069783,0.10892,0.22111,0.11064,0.093047,0.078133,0.092061,0.096625,0.073608,0.035209,0.37296,0.099055,0.32942,0.075139,0.16837,0.077366,0.10134,0.078505,0.076403,0.096995,0.080569,0.075599,0.088912,0.24691,0.12751,0.084673,0.11555,0.071644,0.10315,0.095806
5.19,0.12798,0.10716,0.17943,0.034801,0.079312,0.082059,0.081421,0.11963,0.14214,0.10684,0.069483,0.10852,0.22025,0.11004,0.092682,0.077629,0.091709,0.09619,0.072919,0.035155,0.37068,0.098792,0.32838,0.074459,0.16809,0.077289,0.10058,0.078203,0.076324,0.096722,0.080161,0.075305,0.089553,0.24647,0.12716,0.08422,0.11477,0.071202,0.10244,0.096277
5.2,0.1276,0.10649,0.17947,0.034796,0.079098,0.081562,0.081249,0.11945,0.14173,0.1059,0.069184,0.10812,0.21938,0.10945,0.092318,0.077126,0.091357,0.095757,0.072231,0.035098,0.36839,0.098525,0.32733,0.073785,0.1678,0.077214,0.099824,0.077887,0.076239,0.096528,0.079751,0.075012,0.090186,0.24603,0.1268,0.083766,0.114,0.070762,0.10173,0.096747
5.21,0.12749,0.10583,0.17948,0.034791,0.078883,0.081068,0.081077,0.11926,0.14127,0.10495,0.068887,0.10772,0.2185,0.10886,0.091957,0.076626,0.091007,0.095323,0.071544,0.035038,0.36609,0.098254,0.32629,0.073118,0.16749,0.077141,0.099065,0.077558,0.076147,0.096337,0.079337,0.074719,0.09081,0.24558,0.12642,0.083314,0.11322,0.07033,0.10101,0.097214
5.22,0.12737,0.10516,0.17944,0.034788,0.078666,0.080577,0.080904,0.11908,0.14079,0.10402,0.068592,0.10732,0.21761,0.10828,0.091596,0.076129,0.090659,0.094889,0.070859,0.034975,0.36379,0.09798,0.32525,0.072458,0.16717,0.077071,0.098308,0.077227,0.076049,0.09615,0.07892,0.074427,0.091424,0.24513,0.12604,0.082861,0.11245,0.069909,0.10029,0.097679
5.23,0.12725,0.1045,0.17936,0.034786,0.078451,0.080087,0.08073,0.11889,0.14026,0.10309,0.068299,0.10691,0.21671,0.1077,0.091237,0.075632,0.090313,0.094453,0.070402,0.034908,0.36149,0.097702,0.32422,0.071805,0.16683,0.077002,0.097551,0.076882,0.075951,0.095966,0.078506,0.074136,0.09203,0.24467,0.12566,0.082407,0.11169,0.069494,0.099559,0.098142
5.24,0.12712,0.10384,0.17928,0.034785,0.078234,0.079601,0.080556,0.1187,0.1397,0.10216,0.068008,0.10651,0.21581,0.10712,0.09088,0.075137,0.089967,0.09402,0.070025,0.034839,0.35918,0.097423,0.32319,0.07116,0.16646,0.076935,0.096799,0.076524,0.075846,0.095786,0.078089,0.073846,0.092626,0.24421,0.12526,0.081954,0.11092,0.069086,0.098827,0.098603
5.25,0.12698,0.10318,0.17917,0.034785,0.078016,0.079118,0.080382,0.1185,0.13911,0.10125,0.067718,0.10612,0.21489,0.10654,0.090524,0.074642,0.089622,0.093585,0.06965,0.034766,0.35687,0.097139,0.32216,0.070523,0.16648,0.07687,0.096049,0.076164,0.075736,0.095609,0.077669,0.073555,0.093212,0.24375,0.12531,0.081501,0.11016,0.068682,0.09809,0.09906
5.26,0.12683,0.10253,0.17902,0.034785,0.077797,0.078637,0.080206,0.1183,0.13848,0.10033,0.06743,0.10572,0.21396,0.10597,0.09017,0.074148,0.089279,0.09315,0.069276,0.03469,0.35455,0.096852,0.32114,0.069894,0.16694,0.076806,0.095301,0.075791,0.075619,0.095435,0.077246,0.073266,0.093788,0.24328,0.12574,0.081048,0.1094,0.068284,0.097348,0.099515
5.27,0.12668,0.10189,0.17886,0.034787,0.077579,0.078159,0.08003,0.11811,0.13782,0.099427,0.067143,0.10532,0.21302,0.10541,0.089818,0.073655,0.088936,0.092715,0.068906,0.034611,0.35223,0.096562,0.32012,0.069275,0.16738,0.076743,0.094554,0.075407,0.075499,0.095265,0.076826,0.072976,0.094355,0.24281,0.12615,0.080596,0.10864,0.067889,0.096603,0.099967
5.28,0.12652,0.10125,0.17869,0.034789,0.07736,0.077683,0.079853,0.11791,0.13713,0.098527,0.066858,0.10492,0.21207,0.10484,0.089466,0.073163,0.088594,0.092282,0.068537,0.034529,0.34991,0.096269,0.31911,0.068664,0.1678,0.076682,0.093808,0.075022,0.075376,0.095097,0.076404,0.072687,0.094912,0.24234,0.12655,0.080144,0.10788,0.067498,0.09616,0.10042
5.29,0.12635,0.10062,0.17849,0.034792,0.07714,0.07721,0.079675,0.11772,0.1364,0.097634,0.066575,0.10451,0.21112,0.10428,0.089116,0.072673,0.088254,0.091847,0.06817,0.034443,0.34758,0.095973,0.3181,0.068062,0.1682,0.076622,0.093063,0.074624,0.075248,0.094932,0.075979,0.072398,0.095459,0.24186,0.12693,0.079691,0.10712,0.06711,0.095983,0.10086
5.3,0.12618,0.099986,0.17829,0.034795,0.076919,0.076739,0.079497,0.11754,0.13564,0.096746,0.066293,0.1041,0.21056,0.10372,0.088769,0.072183,0.087916,0.091412,0.067804,0.034354,0.34526,0.095675,0.31709,0.06747,0.16859,0.076563,0.09232,0.074218,0.075115,0.094771,0.075552,0.07211,0.095996,0.24138,0.1273,0.079239,0.10637,0.066725,0.0958,0.1013
5.31,0.126,0.099356,0.17809,0.034799,0.076699,0.076271,0.079317,0.11736,0.13485,0.095864,0.066013,0.10369,0.21,0.10317,0.088422,0.071695,0.087579,0.090979,0.06744,0.034262,0.34293,0.095372,0.31609,0.066888,0.16894,0.076504,0.091579,0.073808,0.074977,0.094611,0.075127,0.071822,0.096522,0.2409,0.12766,0.078788,0.10562,0.066344,0.095613,0.10174
5.32,0.12581,0.098727,0.17789,0.034804,0.076478,0.075806,0.079136,0.11719,0.13403,0.094988,0.065734,0.10328,0.20943,0.10262,0.088076,0.071208,0.087244,0.090546,0.067078,0.034166,0.3406,0.095069,0.31509,0.066317,0.16929,0.076446,0.090839,0.073388,0.074934,0.094455,0.074701,0.071535,0.097038,0.24041,0.128,0.078337,0.10487,0.065966,0.09542,0.10218
5.33,0.12561,0.098099,0.17768,0.03481,0.076256,0.075342,0.078955,0.11701,0.13407,0.094119,0.065457,0.10287,0.20887,0.10207,0.087733,0.070723,0.086909,0.090112,0.066717,0.034068,0.33827,0.094761,0.3141,0.065755,0.1696,0.076389,0.090101,0.07296,0.07502,0.0943,0.074272,0.071249,0.097544,0.23992,0.12833,0.077886,0.10413,0.065592,0.095221,0.10261
5.34,0.1254,0.097471,0.17747,0.034815,0.076033,0.074882,0.078773,0.11683,0.13409,0.093256,0.065182,0.10246,0.2083,0.10153,0.087391,0.070243,0.086575,0.089678,0.066358,0.033966,0.33595,0.094451,0.31312,0.065204,0.16991,0.076333,0.089365,0.072529,0.075077,0.094148,0.073841,0.070964,0.098039,0.23942,0.12864,0.077436,0.10338,0.06522,0.095018,0.10304
5.35,0.1252,0.096846,0.17727,0.034822,0.075811,0.074424,0.078589,0.11665,0.13411,0.0924,0.064908,0.10204,0.20773,0.10098,0.08705,0.069764,0.086243,0.089247,0.066001,0.033862,0.33363,0.094139,0.31213,0.064663,0.17019,0.076276,0.088631,0.072087,0.075104,0.093999,0.073413,0.07068,0.098524,0.23892,0.12894,0.076987,0.10264,0.064852,0.094809,0.10347
5.36,0.12498,0.096221,0.17708,0.034828,0.075588,0.073969,0.078404,0.11646,0.13412,0.091549,0.064635,0.10162,0.20716,0.10045,0.086711,0.069349,0.085911,0.088815,0.065645,0.033754,0.33131,0.093823,0.31116,0.064133,0.17045,0.07622,0.087899,0.07164,0.075102,0.093852,0.072984,0.070396,0.098997,0.23841,0.12922,0.076538,0.10191,0.064486,0.094596,0.10389
5.37,0.12475,0.095596,0.1769,0.034835,0.075364,0.073515,0.078218,0.11627,0.13413,0.090915,0.064364,0.10121,0.20659,0.09991,0.086373,0.068941,0.085581,0.088383,0.065291,0.033643,0.32899,0.093505,0.31019,0.063614,0.17069,0.076165,0.087169,0.071188,0.07507,0.093706,0.072553,0.070113,0.099459,0.2379,0.12949,0.076089,0.10117,0.064123,0.094377,0.1043
5.38,0.12452,0.094975,0.17681,0.034843,0.075139,0.073065,0.078032,0.11607,0.13412,0.090512,0.064095,0.1008,0.20602,0.099378,0.086037,0.068537,0.085252,0.087951,0.064938,0.033528,0.32668,0.093186,0.30922,0.063106,0.17091,0.076109,0.086441,0.070727,0.075009,0.093563,0.072122,0.06983,0.09991,0.23739,0.12975,0.075642,0.10044,0.063762,0.094153,0.10471
5.39,0.12428,0.094354,0.17681,0.03485,0.074915,0.072617,0.077844,0.11587,0.13411,0.090108,0.063827,0.10039,0.20545,0.098848,0.085702,0.068133,0.084926,0.087521,0.064588,0.033411,0.32437,0.092863,0.30826,0.062609,0.17111,0.076053,0.085715,0.07026,0.074917,0.093422,0.071693,0.069548,0.10035,0.23687,0.12999,0.075196,0.099709,0.063402,0.093925,0.10512
5.4,0.12404,0.093735,0.17678,0.034858,0.07469,0.072171,0.077654,0.11567,0.1341,0.089707,0.06356,0.099984,0.20488,0.098323,0.085369,0.067729,0.0846,0.087091,0.064239,0.03329,0.32206,0.092538,0.30731,0.062123,0.1713,0.075997,0.084992,0.06979,0.074797,0.093282,0.071261,0.069267,0.10078,0.23635,0.13021,0.074749,0.098983,0.063044,0.093692,0.10553
5.41,0.12379,0.093118,0.17674,0.034866,0.074465,0.071728,0.077464,0.11546,0.13409,0.089307,0.063295,0.099571,0.20431,0.0978,0.085037,0.067325,0.084275,0.086661,0.063894,0.033165,0.31976,0.092211,0.30637,0.061648,0.17146,0.075941,0.084272,0.069311,0.074647,0.093144,0.070832,0.068986,0.10119,0.23582,0.13042,0.074304,0.098259,0.062687,0.093454,0.10593
5.42,0.12353,0.092503,0.17668,0.034874,0.074239,0.071287,0.077274,0.11525,0.13407,0.088908,0.063031,0.099157,0.20373,0.097279,0.084707,0.066921,0.083952,0.086232,0.063549,0.033038,0.31746,0.091881,0.30543,0.061184,0.17161,0.075885,0.083553,0.068826,0.074469,0.093008,0.070403,0.068706,0.10159,0.23528,0.13062,0.07386,0.097539,0.062331,0.093211,0.10632
5.43,0.12327,0.09189,0.17658,0.034883,0.074012,0.070849,0.077082,0.11504,0.13406,0.08851,0.062769,0.098742,0.20316,0.096762,0.084378,0.066517,0.08363,0.085805,0.063207,0.032908,0.31517,0.091549,0.30449,0.06073,0.17173,0.075828,0.082838,0.06834,0.074263,0.092874,0.069976,0.068427,0.10198,0.23474,0.1308,0.073416,0.096821,0.061976,0.092963,0.10672
5.44,0.123,0.09128,0.17647,0.034892,0.073787,0.070413,0.076889,0.11482,0.13404,0.088113,0.062509,0.098326,0.20258,0.096248,0.084051,0.066118,0.083308,0.085377,0.062866,0.032774,0.31288,0.091216,0.30357,0.060288,0.17184,0.075771,0.082125,0.067846,0.074031,0.092741,0.069551,0.068148,0.10235,0.2342,0.13097,0.072973,0.096106,0.061622,0.09271,0.1071
5.45,0.12285,0.090675,0.17632,0.0349,0.07356,0.069979,0.076695,0.1146,0.13403,0.087717,0.062249,0.097908,0.20201,0.095736,0.083725,0.06572,0.082988,0.08495,0.062526,0.032637,0.31059,0.090879,0.30265,0.059857,0.17193,0.075714,0.081415,0.067346,0.073774,0.092609,0.069132,0.06787,0.10271,0.23365,0.13112,0.072531,0.095393,0.061269,0.092453,0.10749
5.46,0.12271,0.090076,0.17613,0.034909,0.073333,0.069548,0.0765,0.11438,0.13401,0.087322,0.061991,0.097489,0.20143,0.095227,0.083401,0.065321,0.082669,0.084525,0.062188,0.032498,0.3083,0.090542,0.30174,0.059437,0.172,0.075656,0.080708,0.066845,0.073493,0.092479,0.068716,0.067593,0.10305,0.23309,0.13126,0.072091,0.094832,0.060916,0.09219,0.10786
5.47,0.12257,0.089483,0.17593,0.034918,0.073106,0.069119,0.076305,0.11415,0.13398,0.086929,0.061735,0.09707,0.20086,0.094722,0.083078,0.064923,0.082352,0.0841,0.061852,0.032355,0.30602,0.090203,0.30084,0.059028,0.17205,0.075597,0.080003,0.066337,0.073189,0.09235,0.068301,0.067318,0.10338,0.23253,0.13138,0.071651,0.094421,0.060564,0.091924,0.10823
5.48,0.12242,0.088898,0.17567,0.034927,0.072877,0.068692,0.076109,0.11392,0.13396,0.086536,0.061481,0.096649,0.20028,0.094219,0.082756,0.064526,0.082037,0.083675,0.061518,0.032309,0.30374,0.089861,0.29994,0.058629,0.17208,0.075538,0.079301,0.065828,0.072864,0.092223,0.067888,0.067043,0.10369,0.23198,0.13149,0.071211,0.094011,0.060212,0.091652,0.1086
5.49,0.12226,0.08864,0.17541,0.034935,0.07265,0.068268,0.075913,0.11369,0.13394,0.086144,0.061228,0.096227,0.19971,0.093719,0.082437,0.064129,0.081722,0.083251,0.061185,0.032336,0.30147,0.089518,0.29905,0.058241,0.17209,0.075478,0.078603,0.065314,0.072517,0.092097,0.067475,0.066769,0.10399,0.23142,0.13159,0.070773,0.093603,0.059861,0.091376,0.10895
5.5,0.12209,0.088381,0.1751,0.034944,0.072422,0.067846,0.075717,0.11346,0.13391,0.085753,0.060976,0.095805,0.19915,0.093222,0.082118,0.063733,0.081409,0.082829,0.060854,0.032361,0.2992,0.089174,0.29818,0.057863,0.17208,0.075417,0.077907,0.0648,0.072148,0.091971,0.067061,0.066496,0.10427,0.23086,0.13168,0.070337,0.093195,0.059511,0.091096,0.1093
5.51,0.12192,0.088122,0.17478,0.034953,0.072194,0.067426,0.07552,0.11322,0.13389,0.085364,0.060726,0.095382,0.19858,0.092728,0.081801,0.063338,0.081097,0.082408,0.060525,0.032382,0.29694,0.088826,0.29731,0.057495,0.17206,0.075356,0.077215,0.064351,0.071757,0.091847,0.06665,0.066224,0.10453,0.2303,0.13175,0.069902,0.092789,0.059162,0.090812,0.10965
5.52,0.12174,0.087862,0.17442,0.034961,0.071965,0.067009,0.075323,0.11298,0.13386,0.084975,0.060477,0.094958,0.19801,0.092236,0.081485,0.062946,0.080785,0.081986,0.060197,0.032402,0.29468,0.088479,0.29645,0.057138,0.17201,0.075294,0.076526,0.063939,0.071358,0.091724,0.066238,0.065953,0.10477,0.22975,0.13181,0.069467,0.092385,0.058812,0.090523,0.10998
5.53,0.12156,0.087601,0.17403,0.03497,0.071735,0.066594,0.075126,0.11274,0.13384,0.084586,0.060229,0.094533,0.19744,0.091747,0.081172,0.062556,0.080475,0.081566,0.059871,0.032418,0.29242,0.08813,0.29559,0.05679,0.17194,0.075232,0.075842,0.063705,0.071159,0.091602,0.065824,0.065682,0.105,0.2292,0.13185,0.069033,0.091981,0.058464,0.090229,0.11031
5.54,0.12136,0.087337,0.17364,0.034978,0.071507,0.066181,0.07493,0.1125,0.13381,0.084199,0.059983,0.094117,0.19688,0.09126,0.080859,0.062165,0.080166,0.081147,0.059546,0.032431,0.29018,0.087778,0.29475,0.056453,0.17186,0.075168,0.075162,0.063598,0.070957,0.09148,0.065411,0.065412,0.10522,0.22865,0.13188,0.068602,0.09158,0.058116,0.089931,0.11063
5.55,0.12116,0.087072,0.17323,0.034987,0.071278,0.065771,0.074734,0.11229,0.13377,0.083813,0.059738,0.093702,0.19631,0.090777,0.080547,0.061776,0.079859,0.080729,0.059224,0.032441,0.28793,0.087426,0.29392,0.056125,0.17175,0.075104,0.074485,0.063485,0.070751,0.09136,0.065,0.065143,0.10542,0.22811,0.13191,0.068171,0.09118,0.057768,0.089629,0.11094
5.56,0.12095,0.086806,0.17278,0.034995,0.071049,0.065362,0.074537,0.11209,0.13373,0.083428,0.059494,0.093287,0.19575,0.090297,0.080237,0.061387,0.079553,0.080312,0.058904,0.032448,0.28576,0.087073,0.29309,0.055806,0.17163,0.075038,0.073811,0.063366,0.070545,0.09124,0.064588,0.064875,0.1056,0.22757,0.13191,0.067741,0.090781,0.057422,0.089324,0.11124
5.57,0.12074,0.086541,0.17234,0.035003,0.070819,0.064956,0.074342,0.11189,0.13369,0.083043,0.059252,0.092871,0.19519,0.089818,0.079929,0.060999,0.079249,0.079895,0.058586,0.032451,0.28416,0.086717,0.29228,0.055496,0.17148,0.074972,0.073141,0.063246,0.070337,0.091121,0.064174,0.064608,0.10577,0.22703,0.13191,0.067312,0.090384,0.057074,0.089013,0.11153
5.58,0.12052,0.086274,0.17184,0.03501,0.070589,0.064552,0.074146,0.1117,0.13364,0.08266,0.059011,0.092455,0.19463,0.089342,0.079622,0.060612,0.078946,0.07948,0.058269,0.032452,0.28255,0.086362,0.29148,0.055195,0.17131,0.074904,0.072474,0.063119,0.070127,0.091002,0.06376,0.064342,0.10593,0.22649,0.1319,0.066885,0.089989,0.056728,0.088699,0.11182
5.59,0.1203,0.086006,0.17134,0.035018,0.070359,0.064151,0.073949,0.11149,0.13358,0.082278,0.058772,0.092038,0.19407,0.08887,0.079316,0.060226,0.078643,0.079066,0.057954,0.032449,0.28094,0.086005,0.29068,0.054903,0.17113,0.074836,0.07181,0.062986,0.069914,0.090885,0.063349,0.064076,0.10607,0.22596,0.13187,0.06646,0.089594,0.056382,0.088381,0.1121
5.6,0.12007,0.085736,0.17078,0.035025,0.07013,0.063751,0.073753,0.11129,0.13352,0.081897,0.058533,0.09162,0.19352,0.0884,0.079012,0.059843,0.078342,0.078653,0.057641,0.032443,0.27933,0.085646,0.2899,0.05462,0.17093,0.074766,0.07115,0.062846,0.069701,0.090768,0.062937,0.063812,0.10621,0.22543,0.13183,0.066035,0.089202,0.056036,0.08806,0.11236
5.61,0.11983,0.085467,0.17022,0.035032,0.0699,0.063353,0.073555,0.11108,0.13344,0.081516,0.058296,0.091202,0.19296,0.087933,0.07871,0.059462,0.078042,0.07824,0.057329,0.032433,0.2777,0.085288,0.28912,0.054346,0.1707,0.074696,0.070493,0.0627,0.069486,0.090651,0.062525,0.063548,0.10633,0.22491,0.13179,0.065611,0.08881,0.05569,0.087734,0.11262
5.62,0.11958,0.085197,0.1696,0.035039,0.070214,0.062959,0.073358,0.11086,0.13337,0.081136,0.058061,0.090784,0.19241,0.087468,0.078408,0.059082,0.077744,0.077829,0.057019,0.032421,0.27607,0.084928,0.28836,0.054079,0.17046,0.074624,0.06984,0.062554,0.069268,0.090535,0.062112,0.063287,0.10644,0.22439,0.13173,0.06519,0.08842,0.055346,0.087405,0.11287
5.63,0.11933,0.084926,0.16897,0.035045,0.070578,0.062566,0.07316,0.11064,0.13329,0.080759,0.057826,0.090366,0.19185,0.087005,0.078107,0.058808,0.077446,0.077419,0.05671,0.032405,0.27442,0.084567,0.2876,0.05382,0.1702,0.074551,0.069191,0.062403,0.06905,0.090419,0.061698,0.063026,0.10654,0.22388,0.13166,0.06477,0.088031,0.055,0.087072,0.11312
5.64,0.11907,0.084653,0.1683,0.035051,0.070935,0.062175,0.072961,0.11042,0.1332,0.080382,0.057593,0.089947,0.1913,0.086546,0.077809,0.05859,0.077149,0.07701,0.056404,0.032386,0.27275,0.084205,0.28686,0.053568,0.16991,0.074477,0.068599,0.062245,0.06883,0.090304,0.061287,0.062766,0.10662,0.22338,0.13158,0.064351,0.087643,0.054656,0.086736,0.11335
5.65,0.11881,0.084383,0.16758,0.035056,0.071287,0.061786,0.072762,0.11019,0.13312,0.080006,0.057361,0.089528,0.19075,0.086089,0.077512,0.058372,0.076855,0.076601,0.056098,0.032364,0.27108,0.083844,0.28612,0.053324,0.16961,0.074402,0.068132,0.062082,0.068608,0.090189,0.060876,0.062507,0.10668,0.22288,0.13149,0.063933,0.087257,0.054311,0.086396,0.11358
5.66,0.11855,0.084111,0.16687,0.035062,0.071631,0.0614,0.072562,0.10996,0.13303,0.079631,0.05713,0.089109,0.19021,0.085634,0.077216,0.058156,0.076562,0.076194,0.055795,0.032339,0.26939,0.08348,0.2854,0.053087,0.1693,0.074326,0.067663,0.061913,0.068384,0.090075,0.060465,0.062249,0.10672,0.22239,0.13139,0.063517,0.086872,0.053967,0.086053,0.1138
5.67,0.11828,0.083838,0.1661,0.035067,0.071969,0.061015,0.072362,0.10972,0.13294,0.079258,0.056901,0.08869,0.18966,0.085182,0.07692,0.057941,0.076269,0.075788,0.055493,0.03231,0.26768,0.083117,0.28468,0.052856,0.16896,0.074249,0.067195,0.061739,0.06816,0.089961,0.060053,0.061992,0.10675,0.22189,0.13128,0.063103,0.086487,0.053624,0.085706,0.11403
5.68,0.118,0.083567,0.16532,0.035071,0.0723,0.060633,0.072161,0.10948,0.13284,0.078887,0.056673,0.088271,0.18911,0.084732,0.076628,0.057728,0.075978,0.075384,0.055193,0.032279,0.26596,0.082753,0.28398,0.052632,0.16861,0.074171,0.066725,0.061564,0.067934,0.089847,0.059641,0.061735,0.10676,0.22139,0.13116,0.06269,0.086104,0.05328,0.085357,0.11425
5.69,0.11771,0.083294,0.16475,0.035075,0.072624,0.060253,0.071959,0.10924,0.13273,0.078516,0.056446,0.087852,0.18857,0.084286,0.076336,0.057515,0.075688,0.07498,0.054894,0.032244,0.26423,0.082388,0.28328,0.052414,0.16824,0.074091,0.066258,0.061385,0.067707,0.089733,0.059229,0.06148,0.10675,0.22089,0.13103,0.062278,0.085722,0.052937,0.085005,0.11447
5.7,0.11742,0.083021,0.16417,0.035079,0.072941,0.059874,0.071757,0.10899,0.13262,0.078145,0.05622,0.087442,0.18802,0.083841,0.076045,0.057304,0.075399,0.074578,0.054597,0.032207,0.26248,0.082023,0.28259,0.052202,0.16786,0.074011,0.065792,0.0612,0.067476,0.089619,0.05882,0.061226,0.10673,0.22038,0.1309,0.061868,0.085342,0.052594,0.084649,0.11468
5.71,0.11713,0.082749,0.16359,0.035082,0.073252,0.059498,0.071554,0.10874,0.13251,0.077778,0.055996,0.087032,0.18748,0.083399,0.075755,0.057093,0.075111,0.074176,0.054301,0.032167,0.26072,0.081658,0.28191,0.051996,0.16746,0.073929,0.065326,0.06101,0.067246,0.089506,0.058411,0.060973,0.10669,0.21988,0.13075,0.061459,0.084962,0.052252,0.08429,0.1149
5.72,0.11683,0.082477,0.16301,0.035085,0.073557,0.059125,0.07135,0.10848,0.13238,0.077411,0.055772,0.086623,0.18694,0.082959,0.075467,0.056884,0.074825,0.073776,0.054007,0.032124,0.25894,0.081292,0.28124,0.051796,0.16704,0.073847,0.06486,0.060816,0.067015,0.089393,0.058002,0.06072,0.10663,0.21937,0.1306,0.061053,0.084585,0.05191,0.083929,0.1151
5.73,0.11653,0.082203,0.16263,0.035087,0.073858,0.058753,0.071146,0.10823,0.13225,0.077045,0.05555,0.086213,0.1864,0.082522,0.07518,0.056676,0.074539,0.073377,0.053715,0.032079,0.25748,0.080925,0.28058,0.0516,0.16661,0.073763,0.064393,0.060616,0.066783,0.089279,0.057592,0.060469,0.10656,0.21887,0.13044,0.060648,0.084208,0.051568,0.083565,0.11531
5.74,0.11623,0.081928,0.16239,0.035088,0.074154,0.058382,0.070941,0.10797,0.13211,0.07668,0.055329,0.085803,0.18586,0.082088,0.074894,0.056469,0.074255,0.07298,0.053426,0.03203,0.25657,0.08056,0.27992,0.05141,0.16617,0.073678,0.063927,0.060412,0.066548,0.089166,0.057183,0.060219,0.10648,0.21836,0.13058,0.060244,0.083833,0.051227,0.083199,0.11551
5.75,0.11591,0.081655,0.16216,0.035089,0.074447,0.058014,0.070736,0.10772,0.13197,0.076318,0.05511,0.085393,0.18533,0.081656,0.07461,0.056263,0.073973,0.072583,0.053138,0.031978,0.25567,0.080193,0.27927,0.051225,0.16571,0.073593,0.06346,0.060208,0.066311,0.089053,0.056774,0.059969,0.10638,0.21786,0.13083,0.059842,0.083458,0.050886,0.08283,0.11571
5.76,0.11559,0.081381,0.16193,0.03509,0.074735,0.057649,0.07053,0.10746,0.13182,0.075957,0.054891,0.084984,0.18479,0.081226,0.074326,0.056058,0.073692,0.072187,0.052851,0.031923,0.25476,0.079825,0.27863,0.051044,0.16524,0.073506,0.062993,0.06,0.066074,0.08894,0.056367,0.059721,0.10627,0.21735,0.13108,0.059441,0.083085,0.050546,0.082458,0.1159
5.77,0.11527,0.081107,0.16167,0.03509,0.075018,0.057285,0.070325,0.10721,0.13166,0.075596,0.054674,0.084574,0.18426,0.080798,0.074044,0.055854,0.073412,0.071793,0.052566,0.031866,0.25386,0.079459,0.27799,0.050867,0.16475,0.073418,0.062527,0.059787,0.065837,0.088827,0.055961,0.059475,0.10613,0.21685,0.13132,0.059043,0.082713,0.050206,0.082084,0.11609
5.78,0.11495,0.080831,0.16143,0.035089,0.075295,0.056923,0.070119,0.10696,0.1315,0.075237,0.054459,0.084165,0.18372,0.080373,0.073764,0.055651,0.073132,0.071401,0.052283,0.031806,0.25296,0.079092,0.27736,0.050695,0.16425,0.073329,0.062064,0.05957,0.065599,0.088714,0.055555,0.059229,0.10598,0.21634,0.13156,0.058646,0.082343,0.049867,0.081708,0.11628
5.79,0.11462,0.080557,0.16115,0.035087,0.075568,0.056563,0.069913,0.1067,0.13133,0.07488,0.054244,0.083763,0.18319,0.07995,0.073484,0.05545,0.072854,0.071009,0.052001,0.031743,0.25206,0.078724,0.27674,0.050527,0.16374,0.07324,0.061602,0.059349,0.065358,0.088601,0.05515,0.058984,0.10582,0.21584,0.13179,0.058251,0.081974,0.049529,0.08133,0.11647
5.8,0.11429,0.080282,0.16087,0.035085,0.075836,0.056205,0.069707,0.10645,0.13115,0.074524,0.054031,0.083363,0.18266,0.07953,0.073206,0.055249,0.072577,0.070619,0.051721,0.031677,0.25116,0.078357,0.27612,0.050362,0.16321,0.073149,0.06114,0.059123,0.065116,0.088487,0.054744,0.058741,0.10563,0.21533,0.13201,0.057857,0.081606,0.04919,0.080949,0.11665
5.81,0.11395,0.080007,0.16057,0.035083,0.0761,0.055849,0.069502,0.10619,0.13097,0.074169,0.053818,0.082963,0.18214,0.079113,0.072928,0.055049,0.072301,0.07023,0.051442,0.031609,0.25026,0.07799,0.2755,0.050201,0.16267,0.073059,0.060679,0.058894,0.064872,0.088374,0.054339,0.058498,0.10543,0.21483,0.13222,0.057465,0.081239,0.048852,0.080566,0.11683
5.82,0.11361,0.079733,0.16026,0.035079,0.07636,0.055496,0.069297,0.10593,0.13079,0.073816,0.053607,0.082564,0.18161,0.078697,0.072652,0.054851,0.072026,0.069842,0.051165,0.031538,0.24936,0.077623,0.27489,0.050044,0.16212,0.072968,0.060217,0.058662,0.064629,0.08826,0.053935,0.058256,0.10521,0.21432,0.13242,0.057074,0.080875,0.048516,0.080182,0.117
5.83,0.11326,0.079459,0.15994,0.035075,0.076618,0.05528,0.069093,0.10567,0.13059,0.073463,0.053397,0.082168,0.18109,0.078284,0.072378,0.054653,0.071753,0.069455,0.051023,0.031464,0.24847,0.077255,0.27429,0.049889,0.16156,0.072876,0.059757,0.058429,0.064386,0.088147,0.053534,0.058016,0.10498,0.21382,0.13262,0.056686,0.08051,0.048179,0.079796,0.11717
5.84,0.11292,0.079186,0.15959,0.035071,0.076873,0.055127,0.068888,0.1054,0.13039,0.073113,0.053188,0.081777,0.18056,0.077873,0.072104,0.054457,0.071481,0.069071,0.050901,0.031388,0.24757,0.076888,0.27369,0.049738,0.16098,0.072783,0.059297,0.058193,0.064141,0.088033,0.053134,0.057776,0.10472,0.21331,0.13281,0.0563,0.080148,0.047843,0.079407,0.11732
5.85,0.11257,0.078913,0.15925,0.035065,0.077127,0.054975,0.068685,0.10513,0.13018,0.072764,0.05298,0.081386,0.18004,0.077464,0.071832,0.054261,0.07121,0.068687,0.05078,0.031309,0.24668,0.076522,0.27309,0.049589,0.16039,0.072689,0.058837,0.057953,0.063895,0.087918,0.052733,0.057538,0.10445,0.2128,0.13299,0.055915,0.079786,0.047508,0.079017,0.11747
5.86,0.11222,0.078641,0.15887,0.03506,0.077377,0.054824,0.068481,0.10486,0.12997,0.072417,0.052773,0.080996,0.17952,0.077058,0.07156,0.054067,0.070941,0.068305,0.050659,0.031229,0.24578,0.076154,0.2725,0.049443,0.1598,0.072595,0.058378,0.057709,0.063647,0.087804,0.052334,0.0573,0.10416,0.2123,0.13316,0.055531,0.079427,0.047174,0.078625,0.11761
5.87,0.11186,0.07837,0.15851,0.035067,0.077624,0.054673,0.068277,0.10459,0.12975,0.07207,0.052568,0.080605,0.179,0.076654,0.07129,0.053874,0.070672,0.067923,0.050538,0.031146,0.24489,0.075788,0.27191,0.0493,0.15919,0.0725,0.05792,0.057462,0.063398,0.08769,0.051935,0.057063,0.10404,0.21179,0.1336,0.055149,0.079068,0.04684,0.078232,0.11775
5.88,0.11149,0.078098,0.15812,0.035076,0.077866,0.054522,0.068074,0.10431,0.12952,0.071724,0.052363,0.080219,0.17849,0.076252,0.07102,0.053681,0.070405,0.067543,0.050417,0.031061,0.244,0.075422,0.27133,0.049159,0.15857,0.072404,0.057463,0.057211,0.063148,0.087575,0.051536,0.056828,0.10416,0.21128,0.13415,0.054769,0.078712,0.046507,0.077837,0.11788
5.89,0.11113,0.077828,0.1577,0.035086,0.078106,0.054372,0.06787,0.10403,0.12929,0.071381,0.05216,0.079837,0.17797,0.075853,0.070753,0.05349,0.070138,0.067164,0.050296,0.030974,0.24311,0.075056,0.27075,0.049021,0.15794,0.072307,0.057009,0.056957,0.062898,0.087459,0.05114,0.056593,0.10426,0.21078,0.1347,0.054392,0.078356,0.046175,0.077441,0.11801
5.9,0.11076,0.07756,0.1573,0.035094,0.078341,0.054222,0.067667,0.10375,0.12904,0.071039,0.051957,0.079456,0.17746,0.075455,0.070486,0.053299,0.069873,0.066787,0.050176,0.030884,0.24222,0.07469,0.27018,0.048885,0.1573,0.07221,0.056557,0.056702,0.062649,0.087344,0.050746,0.056492,0.10435,0.21027,0.13523,0.054016,0.078002,0.045844,0.077043,0.11813
5.91,0.11039,0.077295,0.15686,0.035103,0.078572,0.054073,0.067463,0.10347,0.12879,0.070699,0.051756,0.079075,0.17695,0.07506,0.070221,0.05311,0.069609,0.066412,0.050055,0.030793,0.24133,0.074325,0.26961,0.048751,0.15666,0.072112,0.056106,0.056446,0.062398,0.087228,0.050352,0.056606,0.10442,0.20977,0.13574,0.053641,0.077649,0.045513,0.076644,0.11824
5.92,0.11002,0.077032,0.15641,0.03511,0.0788,0.053924,0.067259,0.10318,0.12854,0.070359,0.051556,0.078694,0.17644,0.074667,0.069956,0.052922,0.069345,0.066038,0.049935,0.030699,0.24044,0.07396,0.26905,0.048618,0.156,0.072014,0.055655,0.056187,0.062147,0.087112,0.050033,0.056716,0.10448,0.20927,0.13624,0.053269,0.077298,0.045183,0.076243,0.11835
5.93,0.10965,0.076769,0.15596,0.035117,0.079024,0.053775,0.067054,0.10289,0.12828,0.07002,0.051357,0.078314,0.17593,0.074277,0.069692,0.052735,0.069083,0.065665,0.049815,0.030602,0.23955,0.073595,0.2685,0.048488,0.15534,0.071914,0.055205,0.055925,0.061894,0.086996,0.049726,0.056822,0.10453,0.20876,0.13672,0.052898,0.076949,0.044854,0.075841,0.11849
5.94,0.10927,0.076506,0.15548,0.035123,0.079245,0.053627,0.066851,0.1026,0.128,0.069683,0.051158,0.077934,0.17542,0.073889,0.06943,0.052549,0.068823,0.065293,0.049695,0.030504,0.23866,0.073231,0.26794,0.048359,0.15466,0.071815,0.054757,0.05566,0.06164,0.086879,0.049418,0.056923,0.10456,0.20826,0.13719,0.052528,0.0766,0.044526,0.075438,0.11879
5.95,0.10888,0.076243,0.15498,0.035128,0.07946,0.053479,0.066647,0.10231,0.12773,0.069349,0.050961,0.077554,0.17492,0.073503,0.069168,0.052364,0.068564,0.064922,0.049575,0.030404,0.23778,0.072867,0.2674,0.048231,0.15398,0.071714,0.054309,0.055392,0.061386,0.086762,0.04911,0.05702,0.10459,0.20775,0.13765,0.052162,0.076254,0.044199,0.075034,0.11906
5.96,0.1085,0.075982,0.15449,0.035132,0.079671,0.053332,0.066444,0.10202,0.12744,0.069015,0.050765,0.077179,0.17443,0.073119,0.068908,0.05218,0.068306,0.064701,0.049455,0.030301,0.23689,0.072504,0.26686,0.048105,0.15329,0.071614,0.053863,0.055122,0.06113,0.086644,0.048802,0.057114,0.10459,0.20725,0.13809,0.051797,0.075909,0.043872,0.074629,0.11932
5.97,0.10811,0.075719,0.15398,0.035136,0.079875,0.053185,0.066243,0.10173,0.12715,0.068683,0.05057,0.076808,0.17393,0.072737,0.068649,0.051997,0.068048,0.064481,0.049336,0.030197,0.236,0.072141,0.26633,0.047981,0.15259,0.071512,0.053418,0.05485,0.060874,0.086526,0.048496,0.057203,0.10459,0.20675,0.13853,0.051433,0.075565,0.043546,0.074223,0.11955
5.98,0.10773,0.075456,0.15344,0.035139,0.080075,0.053038,0.066044,0.10144,0.12684,0.068352,0.050376,0.076437,0.17343,0.072357,0.068391,0.051815,0.067792,0.064262,0.049218,0.03009,0.23511,0.071779,0.26581,0.047858,0.15189,0.07141,0.052974,0.054578,0.06062,0.086408,0.048188,0.057287,0.10457,0.20625,0.13895,0.051072,0.075223,0.043222,0.073815,0.11977
5.99,0.10734,0.075193,0.15291,0.035141,0.080268,0.052892,0.065846,0.10115,0.12654,0.068022,0.050183,0.076066,0.17294,0.07198,0.068135,0.051633,0.067537,0.064044,0.049099,0.029982,0.23423,0.071417,0.26531,0.047735,0.15117,0.071308,0.052531,0.054304,0.060365,0.086289,0.047881,0.057368,0.10454,0.20575,0.13937,0.050712,0.074883,0.042898,0.073408,0.11996
6,0.10694,0.074929,0.15236,0.035143,0.080458,0.052746,0.065651,0.10086,0.12622,0.067693,0.049991,0.075696,0.17245,0.071605,0.067879,0.051453,0.067283,0.063828,0.048981,0.029872,0.23334,0.071446,0.26481,0.047614,0.15045,0.071205,0.05209,0.054027,0.06011,0.08617,0.047572,0.057445,0.10449,0.20525,0.13978,0.050353,0.074543,0.042575,0.072999,0.12014
6.01,0.10655,0.074667,0.15179,0.035143,0.080646,0.052601,0.065456,0.10057,0.1259,0.067366,0.0498,0.075326,0.17196,0.071232,0.067624,0.051273,0.06703,0.063612,0.048863,0.02976,0.23245,0.07164,0.26432,0.047495,0.14972,0.071102,0.05165,0.053748,0.059853,0.086051,0.047263,0.057518,0.10443,0.20475,0.14018,0.049997,0.074205,0.042254,0.072589,0.12029
6.02,0.10615,0.074404,0.15122,0.035143,0.080833,0.052457,0.065261,0.10028,0.12557,0.067041,0.04961,0.074956,0.17148,0.070861,0.06737,0.051095,0.066778,0.063396,0.048745,0.029646,0.23157,0.071829,0.26385,0.047376,0.14899,0.070999,0.051213,0.053467,0.059596,0.085931,0.046953,0.057587,0.10436,0.20426,0.14057,0.049644,0.073868,0.041933,0.072178,0.12043
6.03,0.10575,0.074141,0.15064,0.035142,0.081019,0.052313,0.065067,0.099992,0.12523,0.066717,0.049421,0.074587,0.17099,0.070492,0.067117,0.050917,0.066527,0.063182,0.048627,0.029531,0.23068,0.072013,0.2634,0.047258,0.14825,0.070896,0.050778,0.053184,0.059339,0.08581,0.046646,0.057653,0.10427,0.20376,0.14096,0.049291,0.073533,0.041613,0.071767,0.12055
6.04,0.10535,0.073877,0.15004,0.035139,0.081204,0.052169,0.064873,0.099703,0.12488,0.066395,0.049233,0.074219,0.17051,0.070125,0.066865,0.05074,0.066277,0.062968,0.048509,0.029415,0.2298,0.072193,0.26297,0.04714,0.1475,0.070793,0.050345,0.052902,0.059081,0.085689,0.046339,0.057714,0.10417,0.20327,0.14134,0.048941,0.073199,0.041294,0.071355,0.12065
6.05,0.10495,0.073613,0.14944,0.035137,0.081385,0.052026,0.064678,0.099412,0.12453,0.066074,0.049046,0.073853,0.17003,0.06976,0.066615,0.050565,0.066029,0.062755,0.048391,0.029296,0.22891,0.072368,0.26257,0.047024,0.14675,0.070689,0.049914,0.052618,0.058822,0.085568,0.046031,0.057771,0.10406,0.20277,0.14171,0.048592,0.072866,0.040977,0.070942,0.12073
6.06,0.10454,0.07335,0.14883,0.035133,0.081564,0.051883,0.064484,0.099121,0.12417,0.065754,0.04886,0.073493,0.16955,0.069397,0.066366,0.05039,0.065782,0.062542,0.048274,0.029176,0.22802,0.072539,0.26221,0.046908,0.14599,0.070585,0.049484,0.052332,0.058564,0.085446,0.045723,0.057825,0.10393,0.20228,0.14207,0.048246,0.072535,0.04066,0.07053,0.12079
6.07,0.10413,0.073088,0.1482,0.035128,0.081836,0.051741,0.064289,0.098827,0.12381,0.065435,0.048675,0.073133,0.16907,0.069037,0.066117,0.050215,0.065536,0.062331,0.048157,0.029055,0.22714,0.072706,0.26194,0.046793,0.14523,0.070481,0.049056,0.052044,0.058304,0.085323,0.045414,0.057875,0.10379,0.20179,0.14243,0.047901,0.072205,0.040345,0.070116,0.12083
6.08,0.10372,0.072825,0.14758,0.035123,0.082105,0.051599,0.064094,0.098532,0.12344,0.065118,0.048491,0.072773,0.1686,0.068679,0.06587,0.050042,0.065291,0.06212,0.04804,0.028931,0.22625,0.072868,0.26172,0.046679,0.14446,0.070377,0.048629,0.051756,0.058045,0.0852,0.045106,0.057922,0.10363,0.20129,0.14277,0.047558,0.071876,0.04003,0.069702,0.12086
6.09,0.10331,0.072561,0.14694,0.035117,0.082372,0.051457,0.063899,0.098236,0.12306,0.064802,0.048308,0.072414,0.16812,0.068322,0.065623,0.04987,0.065046,0.061909,0.047923,0.028806,0.22536,0.073026,0.26152,0.046566,0.14369,0.070272,0.048203,0.051468,0.057788,0.085078,0.044797,0.057965,0.10347,0.2008,0.14311,0.047217,0.071549,0.039717,0.069288,0.12087
6.1,0.1029,0.0723,0.14628,0.035109,0.082636,0.051315,0.063703,0.097937,0.12267,0.064488,0.048126,0.072056,0.16765,0.067968,0.065378,0.049698,0.064803,0.0617,0.047806,0.02868,0.22447,0.07318,0.26135,0.046453,0.14292,0.070167,0.04778,0.051178,0.05753,0.084955,0.044488,0.058004,0.10329,0.20031,0.14344,0.046878,0.071222,0.039405,0.068873,0.12086
6.11,0.10249,0.072038,0.14563,0.035101,0.082896,0.051174,0.063506,0.097636,0.12228,0.064175,0.047945,0.071698,0.16719,0.067616,0.065133,0.049528,0.064561,0.061492,0.04769,0.028552,0.22359,0.07333,0.26119,0.04634,0.14215,0.070062,0.047358,0.0509,0.057272,0.084832,0.04418,0.058039,0.1031,0.19982,0.14376,0.046541,0.070897,0.039094,0.068458,0.12084
6.12,0.10208,0.071776,0.14496,0.035092,0.083153,0.051034,0.063309,0.097334,0.12188,0.063865,0.047765,0.071341,0.16672,0.067265,0.06489,0.049358,0.06432,0.061285,0.047573,0.028422,0.2227,0.073475,0.26104,0.046228,0.14179,0.069956,0.046938,0.050646,0.057013,0.084708,0.043874,0.058208,0.10291,0.19933,0.14408,0.046205,0.070574,0.038784,0.068042,0.12081
6.13,0.10166,0.071514,0.14428,0.035082,0.083405,0.050894,0.063111,0.09703,0.12148,0.063555,0.047586,0.070985,0.16626,0.066916,0.064647,0.049189,0.06408,0.061078,0.047457,0.028291,0.22181,0.073617,0.26089,0.046117,0.14144,0.06985,0.04652,0.050391,0.056755,0.084584,0.043567,0.058463,0.10271,0.19884,0.14438,0.045872,0.070252,0.038477,0.067627,0.12075
6.14,0.10124,0.071254,0.14359,0.035071,0.083652,0.050754,0.062912,0.096724,0.12107,0.063247,0.047407,0.070635,0.16579,0.06657,0.064406,0.049021,0.063841,0.060872,0.047341,0.028158,0.22092,0.073754,0.26075,0.046006,0.14109,0.069744,0.046103,0.050134,0.056496,0.084459,0.043261,0.058713,0.1025,0.19835,0.14467,0.04554,0.069931,0.038273,0.067212,0.12069
6.15,0.10083,0.070993,0.1429,0.035059,0.083894,0.050614,0.062713,0.096416,0.12065,0.06294,0.04723,0.070286,0.16533,0.066226,0.064166,0.048854,0.063603,0.060667,0.047225,0.028024,0.22003,0.073888,0.26062,0.045895,0.14073,0.069638,0.045798,0.049878,0.056237,0.084334,0.042954,0.058959,0.10229,0.19787,0.14496,0.04521,0.069612,0.038069,0.066795,0.1206
6.16,0.10041,0.070732,0.1422,0.035047,0.08413,0.050475,0.062514,0.096107,0.12023,0.062635,0.047054,0.069937,0.16488,0.065884,0.063927,0.048687,0.063366,0.060462,0.04711,0.027888,0.21914,0.074018,0.26049,0.045785,0.14036,0.069531,0.045714,0.04962,0.055978,0.084209,0.042648,0.059201,0.10208,0.19738,0.14523,0.044882,0.069294,0.037867,0.06638,0.1205
6.17,0.10001,0.070471,0.1415,0.035033,0.084361,0.050337,0.062313,0.095796,0.1198,0.062331,0.046878,0.06959,0.16442,0.065544,0.063688,0.048522,0.06313,0.060258,0.046994,0.027751,0.21825,0.074144,0.26036,0.045675,0.13998,0.069424,0.04563,0.04936,0.05572,0.084082,0.042341,0.059437,0.10186,0.1969,0.1455,0.044557,0.068977,0.037665,0.065964,0.12039
6.18,0.099645,0.070211,0.14079,0.035018,0.084586,0.050199,0.062113,0.095483,0.11937,0.062028,0.046704,0.069242,0.16397,0.065205,0.063451,0.048357,0.062896,0.060055,0.046879,0.027613,0.21736,0.074266,0.26024,0.045565,0.1396,0.069317,0.045545,0.049098,0.055461,0.083955,0.042035,0.059669,0.10164,0.19642,0.14576,0.044233,0.068662,0.037463,0.065547,0.12026
6.19,0.09928,0.069952,0.14006,0.035003,0.084805,0.050061,0.061912,0.09517,0.11893,0.061726,0.04653,0.068896,0.16352,0.064869,0.063215,0.048193,0.062662,0.059852,0.046764,0.027473,0.21647,0.074384,0.26012,0.045456,0.13921,0.06921,0.045459,0.048834,0.055202,0.083828,0.041729,0.059894,0.1014,0.19593,0.146,0.043911,0.068348,0.037262,0.065132,0.12011
6.2,0.098913,0.069692,0.13935,0.034987,0.085018,0.049924,0.061709,0.094854,0.11849,0.061426,0.046358,0.068556,0.16307,0.064534,0.062979,0.04803,0.06243,0.05965,0.046649,0.027331,0.21558,0.0745,0.26,0.045347,0.13881,0.069103,0.045371,0.048569,0.054943,0.0837,0.041431,0.060114,0.10116,0.19545,0.14624,0.043591,0.068036,0.037063,0.064716,0.11995
6.21,0.098548,0.069432,0.13862,0.034969,0.085226,0.049788,0.061507,0.094537,0.11804,0.061128,0.046186,0.068217,0.16262,0.064234,0.062745,0.047867,0.062198,0.059449,0.046534,0.02719,0.21469,0.074611,0.25988,0.045238,0.13841,0.068996,0.045282,0.048306,0.054684,0.083572,0.041306,0.060329,0.10091,0.19496,0.14646,0.043273,0.067724,0.036863,0.0643,0.11978
6.22,0.098181,0.069172,0.13788,0.034951,0.085428,0.049651,0.061304,0.094218,0.11759,0.060832,0.046015,0.067878,0.16218,0.06395,0.062511,0.047706,0.061968,0.059249,0.04642,0.027047,0.2138,0.074718,0.25976,0.04513,0.138,0.068889,0.045192,0.04804,0.054426,0.083443,0.04118,0.060538,0.10065,0.19448,0.14667,0.042956,0.067415,0.036665,0.063884,0.11959
6.23,0.097812,0.068912,0.13714,0.034932,0.085624,0.049515,0.061101,0.093899,0.11713,0.060537,0.045845,0.067542,0.16173,0.063667,0.062279,0.047545,0.061738,0.05905,0.046305,0.026902,0.2129,0.074823,0.25965,0.045022,0.13759,0.068783,0.045102,0.047773,0.05417,0.083313,0.041053,0.060742,0.10038,0.194,0.14688,0.042641,0.067106,0.036468,0.063469,0.11939
6.24,0.097444,0.068654,0.1364,0.034912,0.085814,0.04938,0.060897,0.093578,0.11666,0.060243,0.045676,0.06721,0.16132,0.063385,0.062047,0.047385,0.061509,0.058852,0.046191,0.026756,0.21201,0.074923,0.25954,0.044913,0.13717,0.068676,0.045011,0.047504,0.053913,0.083183,0.040925,0.060942,0.1001,0.19352,0.14707,0.042329,0.0668,0.036271,0.063054,0.11917
6.25,0.097076,0.068395,0.13564,0.034891,0.085999,0.049245,0.060693,0.093257,0.1162,0.059951,0.045507,0.066879,0.1609,0.063105,0.061817,0.047226,0.061282,0.058654,0.046077,0.026609,0.21112,0.075021,0.25942,0.044806,0.13674,0.068569,0.044918,0.047234,0.053657,0.083052,0.040797,0.061137,0.099806,0.19303,0.14725,0.042018,0.066494,0.036075,0.062639,0.11893
6.26,0.096705,0.068137,0.13488,0.034869,0.086178,0.04911,0.060489,0.092934,0.11572,0.05966,0.04534,0.066549,0.16049,0.062826,0.061587,0.047068,0.061055,0.058457,0.045963,0.026461,0.21023,0.075115,0.25931,0.044698,0.13632,0.068462,0.044824,0.046962,0.053401,0.082921,0.040668,0.061328,0.099504,0.19255,0.14742,0.041709,0.06619,0.03588,0.062224,0.11883
6.27,0.096335,0.067878,0.13412,0.034846,0.086352,0.048975,0.060284,0.092611,0.11525,0.05937,0.045173,0.066221,0.16009,0.062548,0.061359,0.04691,0.060829,0.058261,0.04585,0.026331,0.20934,0.075206,0.2592,0.04459,0.13589,0.068354,0.044729,0.04669,0.053145,0.082789,0.04054,0.061515,0.099194,0.19207,0.14758,0.041402,0.065887,0.035686,0.06181,0.11873
6.28,0.095966,0.067619,0.13335,0.034822,0.086522,0.048841,0.060079,0.092288,0.11476,0.059082,0.045007,0.065897,0.15968,0.062271,0.061132,0.046753,0.060605,0.058065,0.045736,0.026372,0.20845,0.075295,0.25909,0.044483,0.13553,0.068247,0.044632,0.046419,0.05289,0.082657,0.040412,0.061697,0.098874,0.19158,0.14773,0.041097,0.065585,0.035492,0.061396,0.11862
6.29,0.095595,0.067361,0.13258,0.034797,0.086685,0.048708,0.059874,0.091965,0.11428,0.058795,0.044843,0.065574,0.15928,0.061996,0.060905,0.046597,0.060381,0.05787,0.045623,0.026412,0.20756,0.07538,0.25898,0.044375,0.13532,0.068139,0.044533,0.046146,0.052635,0.082524,0.040283,0.061875,0.098546,0.1911,0.14787,0.040794,0.065285,0.035299,0.060982,0.11852
6.3,0.095222,0.067102,0.13181,0.034772,0.086845,0.048574,0.05967,0.091643,0.11379,0.05851,0.044678,0.065252,0.15888,0.061722,0.060679,0.046442,0.060158,0.057676,0.04551,0.026452,0.20666,0.075463,0.25888,0.044268,0.1351,0.068032,0.044436,0.045873,0.05238,0.082391,0.040153,0.062049,0.098208,0.19061,0.148,0.040493,0.064986,0.035106,0.060569,0.11841
6.31,0.094852,0.066843,0.13103,0.034745,0.086999,0.048441,0.059465,0.091322,0.1133,0.058226,0.044515,0.06493,0.15848,0.061449,0.060455,0.046287,0.059937,0.057483,0.045398,0.02649,0.20577,0.075542,0.25877,0.04416,0.13488,0.067924,0.044337,0.045598,0.052125,0.082257,0.040022,0.062218,0.097863,0.19013,0.14813,0.040193,0.064689,0.034915,0.060156,0.11829
6.32,0.09448,0.066586,0.13026,0.034718,0.087148,0.048309,0.059261,0.091005,0.1128,0.057943,0.044353,0.064609,0.15808,0.061178,0.060231,0.046133,0.059716,0.05729,0.045285,0.026528,0.20488,0.07562,0.25867,0.044053,0.13465,0.067815,0.044238,0.045322,0.051871,0.082122,0.039891,0.062382,0.09751,0.18964,0.14824,0.039896,0.064393,0.034724,0.059744,0.11817
6.33,0.094107,0.066329,0.12948,0.034689,0.087293,0.048176,0.059057,0.09074,0.1123,0.057663,0.044191,0.064288,0.15768,0.060907,0.060008,0.04598,0.059497,0.057098,0.045173,0.026565,0.20399,0.075694,0.25857,0.043945,0.13442,0.067707,0.044137,0.045046,0.051617,0.081988,0.039759,0.062542,0.097151,0.18916,0.14834,0.0396,0.064098,0.034534,0.059333,0.11804
6.34,0.093733,0.066072,0.12869,0.03466,0.087433,0.048044,0.058853,0.09048,0.1118,0.057384,0.04403,0.063968,0.15729,0.060638,0.059786,0.045828,0.059278,0.056906,0.045061,0.026601,0.2031,0.075767,0.25846,0.043838,0.13417,0.067598,0.044034,0.044768,0.051363,0.081854,0.039627,0.062696,0.096787,0.18867,0.14844,0.039306,0.063805,0.034344,0.058922,0.11791
6.35,0.093361,0.065816,0.1279,0.03463,0.087568,0.047913,0.05865,0.090221,0.1113,0.057106,0.04387,0.063652,0.1569,0.06037,0.059565,0.045677,0.05906,0.056716,0.044949,0.026637,0.20222,0.075837,0.25836,0.04373,0.13392,0.06749,0.043931,0.04449,0.05111,0.081719,0.039496,0.062845,0.096421,0.18819,0.14852,0.039014,0.063513,0.034156,0.058511,0.11789
6.36,0.092987,0.065559,0.12711,0.034599,0.087697,0.047782,0.058447,0.089962,0.11079,0.056829,0.043711,0.063338,0.15651,0.060104,0.059344,0.045526,0.058844,0.056526,0.044837,0.026671,0.20133,0.075904,0.25827,0.043623,0.13367,0.067381,0.043826,0.044214,0.050858,0.081584,0.039364,0.062989,0.096056,0.1877,0.14859,0.038723,0.063222,0.033968,0.058101,0.118
6.37,0.092612,0.065302,0.12631,0.034567,0.087822,0.047652,0.058244,0.089703,0.11028,0.056554,0.043553,0.063026,0.15612,0.059838,0.059125,0.045376,0.058628,0.056337,0.044725,0.026705,0.20044,0.07597,0.25817,0.043515,0.1334,0.067272,0.04372,0.043936,0.050606,0.081448,0.039232,0.063129,0.095693,0.18722,0.14866,0.038435,0.062933,0.033781,0.057693,0.11809
6.38,0.092234,0.065046,0.1255,0.034534,0.087943,0.047522,0.058041,0.089442,0.10976,0.056281,0.043395,0.062714,0.15574,0.059574,0.058907,0.045226,0.058413,0.056149,0.044614,0.026738,0.19956,0.076032,0.25807,0.043408,0.13313,0.067162,0.043614,0.043658,0.050354,0.081311,0.039099,0.063264,0.09533,0.18673,0.14871,0.038149,0.062646,0.033595,0.057284,0.11817
6.39,0.091861,0.064789,0.1247,0.0345,0.088059,0.047392,0.057838,0.089181,0.10924,0.056058,0.043239,0.062402,0.15536,0.059311,0.05869,0.045078,0.058199,0.055961,0.044503,0.026769,0.19867,0.076093,0.25798,0.0433,0.13286,0.067053,0.043506,0.043379,0.050103,0.081174,0.038965,0.063394,0.094969,0.18624,0.14875,0.037864,0.062359,0.033409,0.056877,0.11824
6.4,0.091485,0.064533,0.12389,0.034466,0.08817,0.047263,0.057635,0.088918,0.10872,0.055864,0.043083,0.062092,0.15497,0.059049,0.058474,0.04493,0.057986,0.055775,0.044392,0.0268,0.19779,0.076151,0.25788,0.043192,0.13257,0.066944,0.043399,0.043099,0.049854,0.081037,0.038832,0.063519,0.094607,0.18575,0.14878,0.037582,0.062075,0.033224,0.05647,0.11829
6.41,0.091109,0.064277,0.12308,0.03443,0.088277,0.047134,0.057431,0.088655,0.1082,0.055671,0.042927,0.061782,0.15459,0.058788,0.058258,0.044782,0.057774,0.055588,0.044281,0.02683,0.19691,0.076207,0.25779,0.043083,0.13228,0.066835,0.043291,0.042819,0.049605,0.080898,0.038697,0.06364,0.094244,0.18526,0.1488,0.037301,0.061792,0.03304,0.056064,0.11833
6.42,0.090731,0.064021,0.12227,0.034394,0.08838,0.047005,0.057227,0.08839,0.10767,0.055479,0.042773,0.061473,0.15422,0.058529,0.058044,0.044636,0.057563,0.055403,0.044171,0.026859,0.19603,0.07626,0.2577,0.042975,0.13199,0.066726,0.043182,0.042539,0.049357,0.08076,0.038562,0.063755,0.093878,0.18477,0.14881,0.037021,0.06151,0.032857,0.05566,0.11836
6.43,0.090352,0.063765,0.12145,0.034357,0.088479,0.046877,0.057024,0.088125,0.10714,0.055287,0.042619,0.061164,0.15384,0.058271,0.05783,0.04449,0.057352,0.055218,0.044061,0.026886,0.19516,0.076311,0.25761,0.042866,0.13169,0.066617,0.043072,0.04226,0.04911,0.080621,0.038427,0.063866,0.093507,0.18427,0.14881,0.036744,0.061229,0.032674,0.055255,0.11837
6.44,0.089976,0.063511,0.12063,0.034318,0.088573,0.046749,0.05682,0.087859,0.10661,0.055097,0.042467,0.060856,0.15346,0.058014,0.057617,0.044345,0.057143,0.055034,0.043951,0.026913,0.19428,0.076359,0.25752,0.042757,0.13138,0.066507,0.042961,0.041981,0.048864,0.080481,0.038292,0.063973,0.09313,0.18378,0.14879,0.036469,0.06095,0.032492,0.054852,0.11837
6.45,0.089599,0.063257,0.11982,0.034279,0.088662,0.046622,0.056616,0.087593,0.10607,0.054906,0.042315,0.06055,0.15309,0.057758,0.057406,0.0442,0.056935,0.05485,0.043841,0.026939,0.19341,0.076405,0.25743,0.042648,0.13106,0.066398,0.042849,0.041701,0.048617,0.080341,0.038157,0.064076,0.092747,0.18328,0.14877,0.036195,0.060671,0.03231,0.05445,0.11836
6.46,0.08922,0.063004,0.119,0.034239,0.088747,0.046495,0.056412,0.087327,0.10553,0.054717,0.042163,0.060243,0.15272,0.057503,0.057195,0.044057,0.056728,0.054667,0.043731,0.026964,0.19254,0.076448,0.25735,0.042538,0.13074,0.066288,0.042736,0.041421,0.048372,0.0802,0.038022,0.064176,0.092356,0.18278,0.14874,0.035923,0.060395,0.03213,0.054049,0.11833
6.47,0.088869,0.06275,0.11817,0.034199,0.088827,0.046368,0.056208,0.087063,0.10499,0.054529,0.042013,0.059938,0.15235,0.057249,0.056984,0.043914,0.056521,0.054485,0.043622,0.026987,0.19167,0.076488,0.25726,0.042428,0.13041,0.066177,0.042623,0.04114,0.048127,0.080058,0.037887,0.064272,0.091959,0.18228,0.1487,0.035653,0.060119,0.03195,0.053649,0.11828
6.48,0.088562,0.062497,0.11735,0.034157,0.088903,0.046241,0.056004,0.08681,0.10444,0.054341,0.041863,0.059638,0.15198,0.056997,0.056775,0.043771,0.056316,0.054304,0.043513,0.02701,0.19092,0.076527,0.25718,0.042318,0.13008,0.066067,0.042508,0.04086,0.047883,0.079916,0.037751,0.064366,0.091556,0.18178,0.14865,0.035384,0.059844,0.031771,0.05325,0.11823
6.49,0.088255,0.062244,0.11652,0.034114,0.088975,0.046115,0.0558,0.086568,0.10389,0.054154,0.041714,0.059338,0.15162,0.056746,0.056567,0.04363,0.056112,0.054123,0.043404,0.027031,0.1904,0.076562,0.25709,0.042207,0.12974,0.065956,0.042392,0.040581,0.04764,0.079774,0.037614,0.064463,0.091146,0.18128,0.1486,0.035118,0.059571,0.03161,0.052851,0.11816
6.5,0.087946,0.061992,0.11569,0.034071,0.089041,0.045989,0.055596,0.086327,0.10334,0.053968,0.041565,0.05904,0.15125,0.056496,0.056359,0.043488,0.055908,0.053943,0.043295,0.027052,0.18988,0.076595,0.25701,0.042096,0.1294,0.065844,0.042277,0.040302,0.047397,0.079631,0.037478,0.064556,0.090731,0.18077,0.14853,0.034853,0.059299,0.031554,0.052455,0.11808
6.51,0.087636,0.061739,0.11486,0.034027,0.089104,0.045864,0.055393,0.086086,0.10279,0.053783,0.041418,0.058742,0.15089,0.056247,0.056152,0.043348,0.055705,0.053764,0.043187,0.027072,0.18937,0.076625,0.25693,0.041985,0.12905,0.065733,0.042161,0.040023,0.047155,0.079489,0.037341,0.064646,0.090312,0.18026,0.14846,0.03459,0.059028,0.031498,0.052059,0.11799
6.52,0.087328,0.061487,0.11403,0.033982,0.089162,0.045739,0.05519,0.085845,0.10223,0.053599,0.041271,0.058445,0.15053,0.055999,0.055947,0.043208,0.055503,0.053586,0.043078,0.027091,0.18885,0.076653,0.25685,0.041873,0.12869,0.065621,0.042045,0.039743,0.046914,0.079346,0.037203,0.064732,0.089888,0.17975,0.14839,0.034329,0.058759,0.031442,0.051664,0.11789
6.53,0.087019,0.061235,0.1132,0.033936,0.089215,0.045614,0.054987,0.085603,0.10167,0.053415,0.041125,0.058149,0.15017,0.055752,0.055742,0.043069,0.055302,0.053408,0.04297,0.027108,0.18834,0.076678,0.25676,0.04176,0.12833,0.065509,0.041928,0.039464,0.046673,0.079203,0.037065,0.064814,0.089459,0.17924,0.14831,0.03407,0.05849,0.031384,0.05127,0.11777
6.54,0.086707,0.060984,0.11236,0.03389,0.089264,0.04549,0.054786,0.08536,0.10111,0.053232,0.04098,0.057854,0.14982,0.055507,0.055538,0.042931,0.055102,0.053231,0.042862,0.027124,0.18782,0.076701,0.25668,0.041647,0.12796,0.065396,0.041811,0.039186,0.046433,0.07906,0.036927,0.064892,0.089024,0.17873,0.14823,0.033813,0.058223,0.031326,0.050878,0.11765
6.55,0.086395,0.060733,0.11153,0.033842,0.089309,0.045366,0.054585,0.085116,0.10055,0.05305,0.040835,0.057559,0.14946,0.055263,0.055335,0.042793,0.054903,0.053055,0.042755,0.027139,0.18731,0.076721,0.2566,0.041534,0.12759,0.065283,0.041692,0.038909,0.046194,0.078916,0.03679,0.064965,0.088583,0.17821,0.14814,0.033557,0.057957,0.031268,0.050487,0.11752
6.56,0.086085,0.060483,0.11069,0.033794,0.089349,0.045243,0.054386,0.084872,0.099981,0.052868,0.040691,0.057266,0.14911,0.05502,0.055133,0.042656,0.054705,0.052879,0.042648,0.027153,0.1868,0.076739,0.25652,0.04142,0.12721,0.06517,0.041573,0.038631,0.045956,0.078771,0.036652,0.065035,0.088135,0.17769,0.14805,0.033303,0.057692,0.031209,0.050097,0.11738
6.57,0.085772,0.060234,0.10985,0.033745,0.089386,0.04512,0.054188,0.084626,0.099413,0.052687,0.040548,0.056973,0.14876,0.054778,0.054932,0.04252,0.054507,0.052704,0.04254,0.027166,0.18629,0.076754,0.25644,0.041305,0.12683,0.065057,0.041453,0.038353,0.045719,0.078626,0.036515,0.0651,0.087681,0.17717,0.14795,0.03305,0.057429,0.031149,0.049709,0.11723
6.58,0.085459,0.059985,0.10901,0.033695,0.089419,0.044997,0.053995,0.08438,0.098844,0.052508,0.040405,0.056681,0.14841,0.054537,0.054731,0.042384,0.05431,0.052529,0.042434,0.027178,0.18578,0.076767,0.25635,0.041191,0.12645,0.064945,0.041332,0.038076,0.045482,0.078481,0.036377,0.06516,0.087219,0.17665,0.14785,0.0328,0.057166,0.031088,0.049321,0.11707
6.59,0.085143,0.059737,0.10818,0.033645,0.089448,0.044875,0.053808,0.084134,0.098272,0.052329,0.040264,0.05639,0.14807,0.054297,0.054532,0.042249,0.054114,0.052355,0.042327,0.027188,0.18528,0.076778,0.25627,0.041075,0.12605,0.064832,0.041211,0.0378,0.045246,0.078334,0.036239,0.065216,0.086751,0.17613,0.14774,0.032551,0.056905,0.031027,0.048935,0.11691
6.6,0.084831,0.059489,0.10733,0.033601,0.089474,0.044753,0.053625,0.083887,0.097698,0.05215,0.040123,0.0561,0.14772,0.054058,0.054333,0.042114,0.053919,0.052182,0.04222,0.027197,0.18477,0.076785,0.25618,0.040959,0.12566,0.064718,0.041089,0.037524,0.045011,0.078188,0.036101,0.065266,0.086276,0.17561,0.14763,0.032304,0.056646,0.030966,0.048551,0.11673
6.61,0.084516,0.059241,0.10663,0.033607,0.089495,0.044632,0.053447,0.08364,0.097124,0.051973,0.039983,0.05581,0.14738,0.05382,0.054135,0.04198,0.053726,0.052009,0.042114,0.027205,0.18427,0.076791,0.2561,0.040842,0.12526,0.064604,0.040969,0.037249,0.044777,0.078041,0.035962,0.065313,0.085794,0.17508,0.1475,0.032168,0.056387,0.030904,0.048167,0.11654
6.62,0.084201,0.058994,0.10605,0.033613,0.089513,0.044511,0.053272,0.083393,0.096546,0.051796,0.039843,0.055523,0.14704,0.053584,0.053938,0.041847,0.053533,0.051837,0.042008,0.027212,0.18376,0.076794,0.25601,0.040725,0.12485,0.06449,0.040847,0.036973,0.044544,0.077893,0.035823,0.065355,0.085698,0.17455,0.14737,0.032044,0.056129,0.030841,0.047786,0.11635
6.63,0.083884,0.058747,0.10547,0.033618,0.089527,0.04439,0.053099,0.083146,0.095968,0.05162,0.039704,0.05524,0.1467,0.053349,0.053741,0.041714,0.053341,0.051666,0.041903,0.027217,0.18326,0.076795,0.25592,0.040607,0.12444,0.064375,0.040725,0.036698,0.044312,0.077745,0.035684,0.065392,0.085648,0.17402,0.14722,0.03192,0.055874,0.030777,0.047405,0.11614
6.64,0.083566,0.0585,0.1049,0.033623,0.089536,0.044269,0.052929,0.082899,0.095388,0.051444,0.039566,0.054957,0.14638,0.053115,0.053546,0.041582,0.05315,0.051495,0.041797,0.027222,0.18276,0.076794,0.25583,0.040489,0.12403,0.064259,0.040602,0.036423,0.044081,0.077597,0.035545,0.065425,0.085589,0.17349,0.14707,0.031797,0.055619,0.030713,0.047026,0.11592
6.65,0.083251,0.058254,0.10433,0.033627,0.089541,0.044149,0.05276,0.082652,0.094806,0.05127,0.039428,0.054675,0.14605,0.052882,0.053351,0.041451,0.052959,0.051325,0.041692,0.027225,0.18226,0.07679,0.25574,0.04037,0.12361,0.064144,0.040479,0.036149,0.043851,0.077448,0.035405,0.065482,0.085521,0.17296,0.14691,0.031674,0.055365,0.030649,0.046648,0.11569
6.66,0.082934,0.058009,0.10375,0.033631,0.089543,0.044029,0.052591,0.082406,0.094224,0.051096,0.039291,0.054393,0.14573,0.05265,0.053157,0.04132,0.05277,0.051156,0.041587,0.027227,0.18176,0.076784,0.25565,0.04025,0.12319,0.064028,0.040355,0.035877,0.043623,0.0773,0.035265,0.065564,0.085444,0.17242,0.14675,0.031552,0.055112,0.030584,0.046273,0.11546
6.67,0.082616,0.057765,0.10316,0.033639,0.08954,0.04391,0.052423,0.082158,0.093639,0.050922,0.039155,0.054113,0.14541,0.052419,0.052964,0.04119,0.052581,0.050988,0.041482,0.027228,0.18126,0.076776,0.25555,0.04013,0.12276,0.063911,0.040231,0.035604,0.043395,0.077152,0.035127,0.065639,0.085359,0.17189,0.14657,0.03143,0.054861,0.030519,0.045898,0.11521
6.68,0.082296,0.057521,0.10259,0.033881,0.089533,0.04379,0.052256,0.08191,0.093053,0.05075,0.03902,0.053834,0.14509,0.052189,0.052772,0.04106,0.052393,0.05082,0.041377,0.027227,0.18077,0.076765,0.25546,0.040009,0.12233,0.063794,0.040106,0.035332,0.043168,0.077003,0.034988,0.065708,0.085266,0.17135,0.14639,0.031308,0.054611,0.030453,0.045525,0.11495
6.69,0.081976,0.057278,0.10202,0.03412,0.089522,0.043671,0.052089,0.081662,0.092466,0.050578,0.038885,0.053555,0.14477,0.05196,0.052581,0.040931,0.052206,0.050653,0.041273,0.027226,0.18027,0.076753,0.25536,0.039888,0.1219,0.063676,0.039983,0.035061,0.042942,0.076854,0.034849,0.065771,0.085164,0.17082,0.1462,0.031186,0.054362,0.030386,0.045153,0.11474
6.7,0.081658,0.057036,0.10144,0.034357,0.089507,0.043553,0.051923,0.081412,0.091876,0.050408,0.038751,0.053277,0.14445,0.051732,0.05239,0.040803,0.052019,0.050487,0.041169,0.027222,0.17978,0.076738,0.25526,0.039766,0.12146,0.063558,0.039858,0.034789,0.042717,0.076704,0.03471,0.065827,0.085055,0.17028,0.14601,0.031065,0.054114,0.03032,0.044783,0.11475
6.71,0.081339,0.056794,0.10086,0.03459,0.089488,0.043435,0.051758,0.081162,0.091287,0.050237,0.038617,0.053001,0.14414,0.051505,0.052201,0.040675,0.051834,0.050321,0.041065,0.027218,0.17928,0.076722,0.25516,0.039643,0.12102,0.063439,0.039734,0.034518,0.042493,0.076554,0.034571,0.065877,0.084937,0.16974,0.14581,0.030945,0.053868,0.030252,0.044415,0.11476
6.72,0.081019,0.056552,0.10028,0.03482,0.089465,0.043317,0.051593,0.080911,0.090696,0.050068,0.038484,0.052725,0.14382,0.05128,0.052012,0.040548,0.051649,0.050155,0.040962,0.027212,0.17879,0.076703,0.25506,0.03952,0.12058,0.063321,0.039608,0.034248,0.04227,0.076403,0.034432,0.065922,0.084811,0.1692,0.1456,0.030825,0.053622,0.030184,0.044227,0.11476
6.73,0.080698,0.056311,0.09971,0.035048,0.089438,0.043199,0.05143,0.080659,0.090103,0.049899,0.038352,0.05245,0.14351,0.051056,0.051824,0.040421,0.051465,0.049991,0.040858,0.027205,0.1783,0.076683,0.25496,0.039396,0.12014,0.063202,0.039483,0.033978,0.042048,0.076252,0.034292,0.06596,0.084677,0.16866,0.14539,0.030705,0.053378,0.030115,0.044076,0.11476
6.74,0.080376,0.05607,0.099135,0.035271,0.089407,0.043082,0.051267,0.080406,0.08951,0.049731,0.03822,0.052176,0.1432,0.050832,0.051637,0.040295,0.051282,0.049827,0.040755,0.027197,0.17781,0.07666,0.25486,0.039272,0.11969,0.063084,0.039358,0.033709,0.041827,0.076101,0.034153,0.065994,0.084536,0.16812,0.14518,0.030586,0.053135,0.030047,0.043924,0.11476
6.75,0.080056,0.05583,0.098557,0.035492,0.089373,0.042965,0.051106,0.080152,0.088915,0.049564,0.038089,0.051903,0.14289,0.05061,0.05145,0.04017,0.0511,0.049663,0.040652,0.027187,0.17731,0.076635,0.25475,0.039147,0.11924,0.062964,0.039233,0.033442,0.041606,0.075949,0.034013,0.066021,0.084388,0.16758,0.14496,0.030467,0.052893,0.029977,0.043772,0.11474
6.76,0.079736,0.05559,0.097985,0.035709,0.089335,0.042849,0.050944,0.079898,0.08832,0.049397,0.037959,0.051631,0.14258,0.050388,0.051264,0.040045,0.050918,0.049501,0.04055,0.027176,0.17683,0.076609,0.25465,0.039021,0.11878,0.062844,0.039108,0.033175,0.041387,0.075797,0.033873,0.066042,0.084234,0.16704,0.14474,0.030348,0.052652,0.029908,0.04362,0.11473
6.77,0.079415,0.055352,0.097415,0.035923,0.089293,0.042733,0.050784,0.079643,0.087722,0.049231,0.037829,0.05136,0.14228,0.050168,0.051079,0.039921,0.050737,0.049338,0.040447,0.027164,0.17634,0.07658,0.25454,0.038895,0.11833,0.062724,0.038983,0.032908,0.041169,0.075644,0.033734,0.066058,0.084073,0.16649,0.14452,0.03023,0.052413,0.029837,0.043467,0.1147
6.78,0.079093,0.055115,0.096842,0.036133,0.089248,0.042618,0.050624,0.079388,0.087126,0.049066,0.0377,0.051093,0.14197,0.049949,0.050895,0.039797,0.050558,0.049177,0.040345,0.027151,0.17585,0.076551,0.25443,0.038768,0.11787,0.062603,0.038859,0.032642,0.040951,0.075491,0.033594,0.066068,0.083905,0.16595,0.14429,0.030112,0.052174,0.029766,0.043314,0.11468
6.79,0.07877,0.054878,0.096272,0.03634,0.0892,0.042503,0.050464,0.079132,0.086527,0.048901,0.037572,0.050827,0.14167,0.04973,0.050712,0.039674,0.050379,0.049016,0.040243,0.027137,0.17536,0.076519,0.25432,0.038641,0.11741,0.062482,0.038734,0.032377,0.040735,0.075338,0.033454,0.066072,0.083731,0.16541,0.14406,0.029995,0.051937,0.029695,0.04316,0.11464
6.8,0.078447,0.054641,0.095707,0.036544,0.089149,0.042388,0.050305,0.078876,0.085929,0.048738,0.037444,0.050562,0.14137,0.049513,0.050529,0.039551,0.050201,0.048855,0.040142,0.027121,0.17488,0.076486,0.25421,0.038514,0.11695,0.062359,0.03861,0.032113,0.04052,0.075185,0.033315,0.06607,0.083552,0.16487,0.14383,0.029878,0.051701,0.029624,0.043007,0.1146
6.81,0.078126,0.054405,0.09514,0.036744,0.089094,0.042273,0.050147,0.078621,0.085329,0.048574,0.037317,0.050297,0.14107,0.049297,0.050347,0.039429,0.050023,0.048696,0.04004,0.027104,0.17439,0.076451,0.25411,0.038386,0.11648,0.062237,0.038492,0.031849,0.040305,0.075033,0.033176,0.066062,0.083367,0.16433,0.14359,0.029762,0.051467,0.029552,0.042853,0.11456
6.82,0.077805,0.05417,0.09457,0.03694,0.089037,0.042159,0.049989,0.078366,0.08473,0.048412,0.03719,0.050034,0.14077,0.049082,0.050166,0.039308,0.049847,0.048536,0.039939,0.027085,0.17391,0.076415,0.254,0.038257,0.11602,0.062114,0.038374,0.031586,0.040092,0.074879,0.033037,0.066048,0.083176,0.16379,0.14334,0.029646,0.051234,0.029479,0.042699,0.1145
6.83,0.077483,0.053935,0.093999,0.037132,0.088976,0.042045,0.049868,0.078112,0.084129,0.04825,0.037064,0.049771,0.14047,0.048868,0.049985,0.039187,0.049671,0.048378,0.039838,0.027066,0.17343,0.076378,0.25389,0.038129,0.11555,0.06199,0.038256,0.031323,0.03988,0.074726,0.032898,0.066028,0.082981,0.16325,0.14308,0.02953,0.051003,0.029406,0.042545,0.11445
6.84,0.077161,0.053701,0.093437,0.037321,0.088912,0.041931,0.049839,0.077859,0.083529,0.048089,0.036939,0.04951,0.14018,0.048655,0.049806,0.039066,0.049496,0.04822,0.039737,0.027045,0.17294,0.07634,0.25377,0.037999,0.11508,0.061866,0.038139,0.031061,0.039668,0.074572,0.032759,0.066002,0.082779,0.16271,0.14282,0.029415,0.050772,0.029333,0.04239,0.11438
6.85,0.076837,0.053467,0.092873,0.037506,0.088845,0.041818,0.049806,0.077607,0.082928,0.047929,0.036814,0.049249,0.13988,0.048443,0.049628,0.038946,0.049322,0.048063,0.039637,0.027022,0.17246,0.076302,0.25366,0.037869,0.1146,0.061741,0.038021,0.0308,0.039458,0.074418,0.032621,0.065969,0.082572,0.16216,0.14255,0.0293,0.050543,0.02926,0.042236,0.11431
6.86,0.076514,0.053234,0.092308,0.037687,0.088776,0.041705,0.049769,0.077355,0.082328,0.047769,0.03669,0.04899,0.13959,0.048232,0.04945,0.038827,0.049149,0.047907,0.039537,0.026999,0.17198,0.076267,0.25355,0.037739,0.11413,0.061616,0.037904,0.03054,0.039248,0.074263,0.032482,0.065931,0.082359,0.16162,0.14228,0.029185,0.050315,0.029186,0.042082,0.11424
6.87,0.076191,0.053001,0.091741,0.037865,0.088703,0.041593,0.049728,0.077103,0.081728,0.04761,0.036566,0.048731,0.1393,0.048022,0.049273,0.038708,0.048976,0.047751,0.039437,0.026974,0.1715,0.076236,0.25344,0.037608,0.11365,0.061491,0.037787,0.030281,0.03904,0.074108,0.032343,0.065886,0.082141,0.16108,0.142,0.029071,0.050089,0.029111,0.041927,0.11416
6.88,0.07587,0.05277,0.091173,0.038038,0.088628,0.04148,0.049684,0.076852,0.081127,0.047452,0.036443,0.048473,0.13901,0.047813,0.049096,0.03859,0.048804,0.047596,0.039337,0.026948,0.17103,0.076206,0.25334,0.037477,0.11318,0.061366,0.03767,0.030024,0.038833,0.073953,0.032204,0.065835,0.081917,0.16054,0.14171,0.028958,0.049863,0.029037,0.041773,0.11408
6.89,0.075548,0.052539,0.090603,0.038207,0.08855,0.041368,0.049636,0.0766,0.080528,0.047294,0.036321,0.048216,0.13872,0.047605,0.048921,0.038472,0.048633,0.047441,0.039237,0.026921,0.17055,0.076176,0.25323,0.037346,0.1127,0.06124,0.037554,0.029767,0.038627,0.073797,0.032065,0.065778,0.081687,0.16,0.14142,0.028845,0.049638,0.028961,0.041618,0.11399
6.9,0.075226,0.052309,0.090038,0.038373,0.088471,0.041257,0.049584,0.076347,0.079927,0.047137,0.036199,0.047961,0.13843,0.047398,0.048746,0.038355,0.048462,0.047287,0.039138,0.026893,0.17007,0.076146,0.25312,0.037214,0.11223,0.061114,0.037437,0.029511,0.038421,0.073641,0.031926,0.065716,0.081451,0.15946,0.14112,0.028732,0.049476,0.028886,0.041464,0.1139
6.91,0.074908,0.05208,0.089476,0.038534,0.088388,0.041145,0.049529,0.076094,0.079329,0.046981,0.036077,0.047706,0.13815,0.047192,0.048572,0.038238,0.048292,0.047134,0.039039,0.026863,0.1696,0.076115,0.25301,0.037082,0.11175,0.060987,0.03732,0.029319,0.038217,0.073485,0.031787,0.065648,0.08121,0.15893,0.14081,0.028619,0.049324,0.02881,0.04131,0.11382
6.92,0.07464,0.051851,0.088913,0.038691,0.088304,0.041034,0.04947,0.07584,0.07873,0.046826,0.035957,0.047452,0.13786,0.046987,0.048398,0.038122,0.048123,0.046981,0.03894,0.026832,0.16912,0.076083,0.25291,0.036949,0.11128,0.060859,0.037203,0.029129,0.038014,0.073328,0.031649,0.065574,0.080963,0.15839,0.1405,0.028507,0.049172,0.028734,0.041156,0.11374
6.93,0.074371,0.051623,0.0884,0.038843,0.088217,0.040924,0.049407,0.075586,0.078134,0.046671,0.035837,0.047199,0.13758,0.046783,0.048225,0.038007,0.047955,0.046828,0.038842,0.026801,0.16865,0.07605,0.25281,0.036817,0.11085,0.060731,0.037087,0.029074,0.037812,0.073172,0.03151,0.065494,0.08071,0.15786,0.14019,0.028396,0.049021,0.028658,0.041001,0.11366
6.94,0.074101,0.051396,0.088027,0.038992,0.088128,0.040813,0.04934,0.075331,0.077537,0.046517,0.035717,0.046947,0.1373,0.04658,0.048053,0.037892,0.047787,0.046677,0.038744,0.026767,0.16818,0.076015,0.25271,0.036684,0.11044,0.060603,0.03697,0.029049,0.037611,0.073016,0.031372,0.06541,0.080452,0.15732,0.13987,0.028284,0.048871,0.028581,0.040847,0.11358
6.95,0.07383,0.051169,0.087654,0.039136,0.088037,0.040703,0.04927,0.075075,0.076941,0.046363,0.035598,0.046696,0.13703,0.046378,0.047882,0.037777,0.047621,0.046525,0.038646,0.026733,0.1677,0.07598,0.25261,0.036551,0.11003,0.060473,0.036853,0.029022,0.037411,0.07286,0.031235,0.06532,0.080189,0.15679,0.13954,0.028174,0.048721,0.028503,0.040693,0.11351
6.96,0.073561,0.050943,0.08728,0.039276,0.087945,0.040594,0.049197,0.074819,0.076347,0.04621,0.03548,0.046446,0.13676,0.046177,0.047712,0.037663,0.047454,0.046375,0.038549,0.026698,0.16723,0.075943,0.25251,0.036418,0.10962,0.060344,0.036737,0.028995,0.037212,0.072704,0.031097,0.065224,0.07992,0.15626,0.13921,0.028064,0.048571,0.028426,0.040539,0.11343
6.97,0.073291,0.050717,0.086904,0.039412,0.08785,0.040484,0.04912,0.074561,0.075753,0.046058,0.035362,0.046198,0.13649,0.045977,0.047542,0.037549,0.047289,0.046225,0.038452,0.026661,0.16676,0.075905,0.25242,0.036284,0.10921,0.060213,0.03662,0.028968,0.037014,0.072547,0.03096,0.065124,0.079646,0.15573,0.13888,0.027954,0.048423,0.028348,0.040385,0.11335
6.98,0.07302,0.050492,0.086534,0.039543,0.087755,0.040375,0.049041,0.074304,0.075162,0.045906,0.035244,0.045953,0.13622,0.045778,0.047373,0.037436,0.047125,0.046075,0.038355,0.026623,0.1663,0.075866,0.25232,0.036151,0.1088,0.060083,0.036503,0.028939,0.036817,0.07239,0.030823,0.065018,0.079366,0.15521,0.13854,0.027844,0.048275,0.02827,0.040231,0.11327
6.99,0.072749,0.050268,0.086165,0.039669,0.087658,0.040267,0.048959,0.074045,0.074573,0.045755,0.035128,0.045708,0.13595,0.045579,0.047204,0.037324,0.046961,0.045926,0.038258,0.026584,0.16583,0.075826,0.25223,0.036017,0.10838,0.059951,0.036386,0.028909,0.036621,0.072233,0.030686,0.064907,0.079082,0.15468,0.1382,0.027735,0.048127,0.028192,0.040077,0.11318
7,0.072476,0.050045,0.085795,0.03979,0.08756,0.040158,0.048875,0.073786,0.073984,0.045604,0.035012,0.045465,0.13569,0.045382,0.047036,0.037212,0.046799,0.045778,0.038162,0.026544,0.16536,0.075784,0.25215,0.035884,0.10797,0.05982,0.036269,0.028878,0.036426,0.072075,0.030549,0.064792,0.078792,0.15416,0.13786,0.027626,0.04798,0.028113,0.039924,0.11309
7.01,0.072203,0.049823,0.085424,0.039907,0.087461,0.040051,0.048789,0.073527,0.073399,0.045455,0.034896,0.045222,0.13542,0.045186,0.04687,0.0371,0.046636,0.04563,0.038066,0.026502,0.1649,0.075741,0.25206,0.03575,0.10755,0.059689,0.036152,0.028846,0.036232,0.071917,0.030412,0.064672,0.078498,0.15364,0.13751,0.027518,0.047834,0.028034,0.03977,0.113
7.02,0.071932,0.049601,0.085052,0.04002,0.087361,0.039943,0.048702,0.073267,0.072815,0.045305,0.034781,0.044984,0.13516,0.044991,0.046704,0.036989,0.046475,0.045483,0.03797,0.026461,0.16443,0.075697,0.25198,0.035616,0.10714,0.059557,0.036035,0.028813,0.03604,0.071759,0.030275,0.064547,0.078198,0.15312,0.13716,0.02741,0.047688,0.027955,0.039617,0.1129
7.03,0.07166,0.04938,0.08468,0.040128,0.087259,0.039836,0.048614,0.073007,0.072233,0.045157,0.034666,0.044761,0.1349,0.044796,0.046538,0.036878,0.046314,0.045336,0.037874,0.026418,0.16397,0.075651,0.2519,0.035483,0.10672,0.059425,0.035918,0.028778,0.035848,0.071601,0.030139,0.064418,0.077894,0.15261,0.13681,0.027303,0.047542,0.027876,0.039463,0.11279
7.04,0.071388,0.04916,0.084307,0.040231,0.087156,0.039729,0.048526,0.072747,0.071654,0.04501,0.034552,0.044539,0.13463,0.044603,0.046374,0.036768,0.046154,0.045191,0.037779,0.026373,0.16351,0.075604,0.25182,0.035349,0.1063,0.059292,0.035801,0.028743,0.035658,0.071442,0.030002,0.064286,0.077585,0.15209,0.13646,0.027196,0.047397,0.027796,0.03931,0.11269
7.05,0.071115,0.04894,0.083934,0.040329,0.087051,0.039622,0.048436,0.072487,0.071077,0.044862,0.034439,0.044318,0.13437,0.044411,0.04621,0.036659,0.045994,0.045045,0.037684,0.026328,0.16305,0.075556,0.25175,0.035215,0.10587,0.059159,0.035684,0.028706,0.035469,0.071284,0.029866,0.06415,0.077272,0.15158,0.1361,0.027089,0.047253,0.027716,0.039157,0.11257
7.06,0.070841,0.048721,0.083559,0.040422,0.086945,0.039516,0.048347,0.072227,0.070503,0.044716,0.034326,0.044097,0.13411,0.044219,0.046046,0.03655,0.045836,0.044901,0.037589,0.026282,0.16259,0.075506,0.25168,0.035082,0.10545,0.059025,0.035566,0.028669,0.035281,0.071125,0.02973,0.064011,0.076953,0.15107,0.13573,0.026983,0.047109,0.027636,0.039005,0.11245
7.07,0.070567,0.048503,0.083185,0.040511,0.086837,0.03941,0.048257,0.071969,0.06993,0.04457,0.034213,0.043877,0.13386,0.044028,0.045884,0.036441,0.045678,0.044757,0.037494,0.026235,0.16213,0.075455,0.25161,0.034949,0.10503,0.05889,0.035448,0.02863,0.035094,0.070965,0.029594,0.063867,0.076629,0.15055,0.13537,0.026877,0.046966,0.027555,0.038852,0.11233
7.08,0.070293,0.048285,0.08281,0.040595,0.086727,0.039304,0.048168,0.071716,0.06936,0.044425,0.034101,0.043658,0.1336,0.043839,0.045722,0.036333,0.04552,0.044613,0.0374,0.026186,0.16167,0.075403,0.25154,0.034816,0.1046,0.058756,0.035331,0.028591,0.034908,0.070807,0.029458,0.063721,0.076302,0.15004,0.135,0.026772,0.046823,0.027474,0.038699,0.1122
7.09,0.07002,0.048068,0.082434,0.040674,0.086616,0.039199,0.048078,0.071471,0.068793,0.04428,0.03399,0.043439,0.13334,0.04365,0.04556,0.036225,0.045363,0.04447,0.037306,0.026137,0.16121,0.07535,0.25148,0.034683,0.10417,0.05862,0.035214,0.02855,0.034723,0.070649,0.029322,0.06357,0.07597,0.14953,0.13463,0.026667,0.04668,0.027393,0.038547,0.11207
7.1,0.069747,0.047852,0.082059,0.040748,0.086504,0.039094,0.047989,0.071228,0.068228,0.044136,0.033879,0.043221,0.13309,0.043462,0.0454,0.036118,0.045207,0.044327,0.037212,0.026087,0.16076,0.075296,0.25142,0.03455,0.10374,0.058484,0.035097,0.02851,0.034539,0.07049,0.029187,0.063441,0.075633,0.14903,0.13425,0.026563,0.046539,0.027312,0.038395,0.11193
7.11,0.069473,0.047637,0.081685,0.040817,0.086391,0.038989,0.047899,0.070985,0.067665,0.043993,0.033769,0.043004,0.13283,0.043275,0.04524,0.036011,0.045052,0.044185,0.037118,0.026036,0.1603,0.07524,0.25137,0.034418,0.10331,0.058348,0.034979,0.028468,0.034357,0.070331,0.029052,0.063347,0.075292,0.14852,0.13388,0.026458,0.046397,0.027231,0.038243,0.11178
7.12,0.069199,0.047423,0.081315,0.040881,0.086276,0.038884,0.047809,0.070743,0.067105,0.04385,0.033659,0.042788,0.13258,0.043088,0.045081,0.035905,0.044897,0.044044,0.037025,0.025983,0.15985,0.075184,0.25132,0.034285,0.10288,0.058211,0.034862,0.028426,0.034175,0.070172,0.028918,0.063252,0.074947,0.14801,0.1335,0.026355,0.046256,0.027149,0.038091,0.11164
7.13,0.068924,0.047209,0.080944,0.040941,0.08616,0.03878,0.047717,0.070501,0.066849,0.043708,0.03355,0.042572,0.13233,0.042903,0.044922,0.035799,0.044743,0.043903,0.036932,0.02593,0.1594,0.075126,0.25127,0.034154,0.10244,0.058074,0.034744,0.028383,0.033994,0.070013,0.028784,0.063154,0.074598,0.14751,0.13312,0.026251,0.046116,0.027067,0.037939,0.11148
7.14,0.068649,0.046996,0.080574,0.040996,0.086043,0.038676,0.047624,0.07026,0.066682,0.043566,0.033441,0.042359,0.13208,0.042719,0.044764,0.035694,0.04459,0.043763,0.036839,0.025876,0.15894,0.075091,0.25122,0.034022,0.10201,0.057937,0.034627,0.028339,0.033815,0.069854,0.02865,0.063056,0.074245,0.14701,0.13274,0.026148,0.045976,0.026985,0.037788,0.11133
7.15,0.068377,0.046784,0.080203,0.041046,0.085924,0.038573,0.047529,0.070018,0.066514,0.043425,0.033332,0.042147,0.13183,0.042536,0.044607,0.035589,0.044437,0.043623,0.036746,0.025822,0.15849,0.075365,0.25117,0.033891,0.10157,0.0578,0.03451,0.028294,0.033636,0.069694,0.028517,0.062957,0.073888,0.14651,0.13236,0.026046,0.045837,0.026903,0.037636,0.11117
7.16,0.068103,0.046573,0.079832,0.041092,0.085804,0.038469,0.047432,0.069777,0.066346,0.043285,0.033225,0.041936,0.13158,0.042354,0.04445,0.035484,0.044285,0.043484,0.036654,0.025767,0.15805,0.075632,0.25113,0.03376,0.10113,0.057663,0.034393,0.028248,0.033458,0.069534,0.028384,0.062858,0.073528,0.14601,0.13198,0.025944,0.045698,0.02682,0.037485,0.111
7.17,0.06783,0.046362,0.07946,0.041133,0.085683,0.038366,0.047334,0.069535,0.066176,0.043145,0.033117,0.041726,0.13133,0.042172,0.044294,0.03538,0.044134,0.043345,0.036562,0.02571,0.1576,0.075894,0.25109,0.03363,0.1007,0.057525,0.034275,0.028202,0.033282,0.069374,0.028251,0.062758,0.073163,0.14552,0.13159,0.025842,0.045559,0.026738,0.037334,0.11083
7.18,0.067556,0.046152,0.079089,0.04117,0.08556,0.038264,0.047233,0.069294,0.066006,0.043006,0.03301,0.041516,0.13108,0.041992,0.044139,0.035277,0.043984,0.043207,0.03647,0.025653,0.15715,0.076149,0.25105,0.0335,0.10026,0.057387,0.034158,0.028154,0.033107,0.069214,0.028118,0.062656,0.072795,0.14502,0.1312,0.025741,0.045421,0.026655,0.037183,0.11066
7.19,0.067282,0.045943,0.078718,0.041203,0.085436,0.038161,0.047131,0.069052,0.065836,0.042868,0.032904,0.041307,0.13084,0.041812,0.043985,0.035174,0.043834,0.043069,0.036378,0.025596,0.15671,0.076398,0.25102,0.03337,0.099816,0.057248,0.034042,0.028106,0.032932,0.069054,0.027985,0.062552,0.072424,0.14453,0.13081,0.02564,0.045284,0.026572,0.037032,0.11049
7.2,0.067007,0.045734,0.078346,0.041232,0.085311,0.038059,0.047027,0.068811,0.065666,0.04273,0.032798,0.041099,0.13059,0.041633,0.043831,0.035071,0.043685,0.042932,0.036286,0.025537,0.15626,0.07664,0.25099,0.033242,0.099375,0.057109,0.033925,0.028056,0.032759,0.068894,0.027853,0.062447,0.07205,0.14405,0.13042,0.02554,0.045147,0.026489,0.036882,0.11031
7.21,0.066735,0.045526,0.077975,0.041257,0.085184,0.037957,0.046924,0.068569,0.065496,0.042592,0.032693,0.040891,0.13035,0.041455,0.043678,0.034969,0.043536,0.042795,0.036195,0.025478,0.15582,0.076877,0.25095,0.033113,0.098932,0.056969,0.033809,0.028007,0.032586,0.068733,0.027721,0.062342,0.071672,0.14356,0.13003,0.02544,0.045011,0.026405,0.036731,0.11012
7.22,0.066463,0.045319,0.077603,0.041278,0.085056,0.037856,0.046824,0.068328,0.065325,0.042456,0.032588,0.040684,0.13011,0.041278,0.043526,0.034867,0.043388,0.042659,0.036104,0.025417,0.15538,0.077107,0.25092,0.032985,0.098489,0.056829,0.033693,0.027957,0.032415,0.068573,0.027589,0.062236,0.071292,0.14307,0.12963,0.02534,0.044875,0.026322,0.036581,0.10994
7.23,0.06619,0.045114,0.077232,0.041295,0.084927,0.037755,0.046727,0.068087,0.065154,0.042319,0.032484,0.040478,0.12987,0.041101,0.043374,0.034766,0.043241,0.042524,0.036014,0.025356,0.15494,0.077332,0.2509,0.032858,0.098046,0.056689,0.033577,0.027907,0.032245,0.068412,0.027457,0.062128,0.070909,0.14259,0.12923,0.025241,0.044739,0.026238,0.036431,0.10975
7.24,0.065917,0.044908,0.076864,0.041308,0.084795,0.037654,0.046635,0.067846,0.064982,0.042184,0.03238,0.040273,0.12963,0.040926,0.043223,0.034665,0.043095,0.042389,0.035923,0.025295,0.1545,0.077551,0.25087,0.032731,0.097601,0.056548,0.033461,0.027856,0.032075,0.068252,0.027326,0.062018,0.070523,0.14211,0.12882,0.025142,0.044604,0.026154,0.036281,0.10956
7.25,0.065645,0.044704,0.076499,0.041317,0.084662,0.037554,0.046543,0.067605,0.06481,0.042049,0.032277,0.040068,0.12939,0.040751,0.043072,0.034565,0.042949,0.042254,0.035833,0.025233,0.15406,0.077765,0.25084,0.032605,0.097156,0.056407,0.033346,0.027804,0.031907,0.068092,0.027195,0.061908,0.070135,0.14163,0.12842,0.025044,0.04447,0.02607,0.036131,0.10936
7.26,0.065374,0.0445,0.076133,0.041322,0.084527,0.037454,0.046451,0.067366,0.064637,0.041914,0.032174,0.039864,0.12915,0.040577,0.042922,0.034465,0.042803,0.04212,0.035743,0.02517,0.15362,0.077974,0.25081,0.032479,0.096711,0.056266,0.033231,0.027751,0.03174,0.067932,0.027064,0.061796,0.069744,0.14114,0.128,0.024945,0.044336,0.025986,0.035982,0.10916
7.27,0.065103,0.044297,0.075768,0.041323,0.084389,0.037354,0.046357,0.067156,0.064463,0.04178,0.032072,0.039661,0.12892,0.040405,0.042773,0.034365,0.042659,0.041987,0.035653,0.025106,0.15318,0.078179,0.25079,0.032354,0.096265,0.056124,0.033116,0.027698,0.031574,0.067772,0.026934,0.061684,0.069352,0.14066,0.12759,0.024848,0.044202,0.025902,0.035832,0.10896
7.28,0.064832,0.044095,0.075402,0.041319,0.084248,0.037254,0.046261,0.066948,0.064289,0.041647,0.03197,0.039458,0.12868,0.040233,0.042624,0.034266,0.042514,0.041854,0.035564,0.025042,0.15275,0.078379,0.25076,0.03223,0.095819,0.055983,0.033002,0.027643,0.031408,0.067612,0.026804,0.06157,0.068958,0.14018,0.12717,0.024751,0.044069,0.025818,0.035683,0.10875
7.29,0.064563,0.043893,0.075037,0.041311,0.084106,0.037155,0.046162,0.066741,0.064115,0.041514,0.031868,0.039257,0.12845,0.04007,0.042476,0.034167,0.042371,0.041722,0.035474,0.024977,0.15232,0.078577,0.25073,0.032106,0.095373,0.055842,0.032888,0.027588,0.031244,0.067452,0.026674,0.061455,0.068562,0.1397,0.12675,0.024654,0.043937,0.025733,0.035534,0.10854
7.3,0.064294,0.043692,0.074673,0.041299,0.083961,0.037056,0.046061,0.066533,0.06394,0.041382,0.031767,0.039056,0.12822,0.039951,0.042329,0.034069,0.042228,0.04159,0.035385,0.024912,0.15188,0.078772,0.25071,0.031983,0.094928,0.0557,0.032774,0.027533,0.031081,0.067291,0.026544,0.061338,0.068165,0.13922,0.12632,0.024557,0.043805,0.025649,0.035385,0.10833
7.31,0.064025,0.043492,0.074308,0.041283,0.083813,0.036958,0.045956,0.066325,0.063764,0.04125,0.031667,0.038855,0.12799,0.039832,0.042182,0.033971,0.042086,0.041459,0.035297,0.024846,0.15145,0.078965,0.25068,0.031861,0.094483,0.055558,0.032661,0.027478,0.030919,0.067131,0.026415,0.06122,0.067766,0.13874,0.12589,0.024461,0.043673,0.025564,0.035267,0.10811
7.32,0.063758,0.043293,0.073944,0.041261,0.083663,0.036859,0.045849,0.066117,0.063588,0.04112,0.031567,0.038656,0.12776,0.039714,0.042036,0.033874,0.041944,0.041328,0.035208,0.02478,0.15102,0.079156,0.25066,0.03174,0.09404,0.055416,0.032547,0.027422,0.030758,0.066971,0.026286,0.0611,0.067367,0.13826,0.12546,0.024365,0.043542,0.025479,0.035174,0.10789
7.33,0.063491,0.043095,0.07358,0.041235,0.083511,0.036761,0.045739,0.065909,0.063412,0.040989,0.031467,0.038457,0.12754,0.039596,0.04189,0.033776,0.041803,0.041198,0.03512,0.024713,0.15059,0.079344,0.25063,0.031619,0.093599,0.055274,0.032434,0.027366,0.030598,0.06681,0.026158,0.060978,0.066967,0.13779,0.12502,0.02427,0.043411,0.025394,0.03508,0.10767
7.34,0.063224,0.042898,0.073216,0.041204,0.083356,0.036663,0.045625,0.065701,0.063235,0.040859,0.031368,0.038259,0.12731,0.039479,0.041745,0.03368,0.041663,0.041068,0.035032,0.024645,0.15017,0.079529,0.25061,0.031499,0.09316,0.055131,0.032322,0.027309,0.030438,0.066649,0.026031,0.060855,0.066567,0.13731,0.12458,0.024175,0.043281,0.025309,0.034987,0.10744
7.35,0.062959,0.042701,0.072853,0.041167,0.083199,0.036566,0.045509,0.065492,0.063058,0.04073,0.031269,0.038062,0.12708,0.039362,0.041601,0.033584,0.041523,0.040939,0.034944,0.024578,0.14974,0.079709,0.25058,0.03138,0.092723,0.054988,0.032209,0.027251,0.03028,0.066489,0.025903,0.06073,0.066166,0.13684,0.12414,0.024081,0.043151,0.025224,0.034894,0.10721
7.36,0.062695,0.042505,0.072494,0.041126,0.08304,0.036469,0.04539,0.065283,0.06288,0.040601,0.031171,0.037866,0.12686,0.039246,0.041458,0.033488,0.041384,0.040811,0.034856,0.024509,0.14931,0.079884,0.25056,0.031261,0.092288,0.054845,0.032097,0.027192,0.030123,0.066328,0.025776,0.060604,0.065766,0.13637,0.1237,0.023986,0.043022,0.025139,0.0348,0.10698
7.37,0.062432,0.04231,0.072137,0.041079,0.082879,0.036372,0.045268,0.065075,0.062702,0.040473,0.031073,0.03767,0.12663,0.03913,0.041315,0.033392,0.041245,0.040682,0.034769,0.02444,0.14889,0.080053,0.25053,0.031143,0.091854,0.054702,0.031984,0.027133,0.029967,0.066167,0.02565,0.060476,0.065367,0.13591,0.12325,0.023893,0.042894,0.025054,0.034707,0.10674
7.38,0.06217,0.042115,0.07178,0.041027,0.082716,0.036275,0.045144,0.064866,0.062523,0.040345,0.030976,0.037503,0.12641,0.039015,0.041172,0.033297,0.041107,0.040555,0.034682,0.024371,0.14847,0.080218,0.2505,0.031026,0.09142,0.054558,0.031873,0.027075,0.029812,0.066006,0.025523,0.060347,0.064967,0.13544,0.12281,0.023799,0.042766,0.024969,0.034614,0.1065
7.39,0.061917,0.041921,0.071423,0.040971,0.08255,0.036179,0.045017,0.064657,0.062344,0.040218,0.030879,0.037395,0.12619,0.0389,0.041031,0.033203,0.04097,0.040427,0.034595,0.024301,0.14805,0.080377,0.25048,0.03091,0.090987,0.054414,0.031761,0.027016,0.029658,0.065845,0.025397,0.060215,0.064568,0.13498,0.12236,0.023706,0.042638,0.024883,0.03452,0.10626
7.4,0.06167,0.041728,0.071067,0.040909,0.082383,0.036083,0.044886,0.064448,0.062165,0.040092,0.030782,0.037287,0.12596,0.038786,0.040889,0.033108,0.040833,0.0403,0.034508,0.024231,0.14763,0.08053,0.25045,0.030795,0.090554,0.05427,0.03165,0.026956,0.029504,0.065685,0.025272,0.060083,0.064169,0.13452,0.12192,0.023614,0.042511,0.024798,0.034427,0.10601
7.41,0.061423,0.041536,0.070712,0.040843,0.082213,0.035987,0.044754,0.06424,0.061985,0.039966,0.030686,0.037179,0.12574,0.038672,0.040749,0.033015,0.040697,0.040174,0.034422,0.02416,0.14721,0.080677,0.25042,0.03068,0.090121,0.054126,0.031538,0.026895,0.029352,0.065524,0.025146,0.059949,0.06377,0.13406,0.12147,0.023522,0.042384,0.024712,0.034333,0.10576
7.42,0.061178,0.041345,0.070357,0.040773,0.082042,0.035891,0.044619,0.064032,0.061805,0.03984,0.03059,0.037072,0.12552,0.038559,0.040609,0.032921,0.040562,0.040048,0.034336,0.024089,0.14679,0.080819,0.25039,0.030566,0.089689,0.053982,0.031427,0.026834,0.029201,0.065363,0.025021,0.059813,0.063372,0.1336,0.12102,0.02343,0.042258,0.024626,0.03424,0.10551
7.43,0.060934,0.041154,0.070002,0.040699,0.081869,0.035796,0.044481,0.063824,0.061624,0.039715,0.030495,0.036965,0.1253,0.038446,0.040469,0.032828,0.040427,0.039923,0.03425,0.024018,0.14637,0.080955,0.25036,0.030453,0.089256,0.053837,0.031316,0.026773,0.029051,0.065203,0.024897,0.059675,0.062975,0.13314,0.12058,0.023338,0.042132,0.024541,0.034147,0.10525
7.44,0.06069,0.040965,0.069649,0.040621,0.081694,0.035701,0.044341,0.063656,0.061443,0.03959,0.0304,0.036858,0.12508,0.038333,0.040331,0.032736,0.040292,0.039798,0.034164,0.023946,0.14596,0.081085,0.25033,0.030341,0.088823,0.053694,0.031205,0.026711,0.028901,0.065043,0.024773,0.059536,0.062579,0.13268,0.12013,0.023247,0.042007,0.024455,0.034054,0.10499
7.45,0.060446,0.040776,0.069296,0.04054,0.081517,0.035607,0.044199,0.063493,0.061263,0.039466,0.030306,0.036752,0.12487,0.038222,0.040192,0.032643,0.040159,0.039674,0.034079,0.023874,0.14554,0.08123,0.2503,0.03023,0.08839,0.05355,0.031094,0.026649,0.028753,0.064883,0.024649,0.059395,0.062184,0.13222,0.11968,0.023156,0.041882,0.02437,0.033961,0.10473
7.46,0.060204,0.040588,0.068943,0.040454,0.081339,0.035512,0.044054,0.063329,0.061083,0.039343,0.030212,0.036645,0.12465,0.03811,0.040055,0.032551,0.040026,0.03955,0.033994,0.023802,0.14513,0.081445,0.25027,0.030119,0.087957,0.053406,0.030984,0.026587,0.028606,0.064724,0.024525,0.059252,0.061789,0.13176,0.11923,0.023066,0.041758,0.024284,0.033868,0.10447
7.47,0.059961,0.0404,0.068591,0.040366,0.081159,0.035418,0.043908,0.063164,0.060903,0.03922,0.030118,0.03654,0.12444,0.037999,0.039918,0.03246,0.039893,0.039427,0.033909,0.023729,0.14472,0.081652,0.25023,0.03001,0.087524,0.053262,0.030874,0.026524,0.028459,0.064564,0.024402,0.059108,0.061396,0.13136,0.11878,0.022976,0.041634,0.024198,0.033775,0.1042
7.48,0.059719,0.040214,0.068241,0.040273,0.080977,0.035324,0.043759,0.062999,0.060722,0.039098,0.030025,0.036434,0.12423,0.037889,0.039781,0.032369,0.039761,0.039304,0.033824,0.023657,0.1443,0.081851,0.2502,0.029901,0.08709,0.053118,0.030764,0.026461,0.028314,0.064404,0.024279,0.058962,0.061004,0.13109,0.11833,0.022887,0.04151,0.024112,0.033683,0.10393
7.49,0.059476,0.040028,0.067893,0.040178,0.080794,0.035231,0.043607,0.062832,0.060541,0.038976,0.029932,0.036329,0.12401,0.037779,0.039646,0.032278,0.03963,0.039181,0.03374,0.023583,0.1439,0.082041,0.25016,0.029793,0.086657,0.052974,0.030654,0.026397,0.028169,0.064244,0.024157,0.058815,0.060611,0.13082,0.11788,0.022797,0.041387,0.024026,0.03359,0.10366
7.5,0.059235,0.039842,0.067548,0.040079,0.080609,0.035138,0.043454,0.062665,0.060359,0.038855,0.02984,0.036224,0.1238,0.037669,0.03951,0.032188,0.039499,0.039059,0.033656,0.02351,0.14349,0.082222,0.25012,0.029686,0.086223,0.05283,0.030545,0.026333,0.028026,0.064084,0.024035,0.058667,0.06022,0.13055,0.11742,0.022709,0.041265,0.02394,0.033497,0.10338
7.51,0.058994,0.039658,0.067203,0.039976,0.080423,0.035045,0.043299,0.062497,0.060178,0.038734,0.029748,0.03612,0.12359,0.03756,0.039376,0.032098,0.039369,0.038938,0.033572,0.023436,0.14308,0.082396,0.25008,0.029579,0.085789,0.052686,0.030435,0.026268,0.027883,0.063924,0.023913,0.058518,0.059828,0.13027,0.11697,0.02262,0.041143,0.023854,0.033404,0.1031
7.52,0.058753,0.039474,0.066859,0.039871,0.080236,0.034953,0.043142,0.062329,0.059996,0.038614,0.029657,0.036015,0.12338,0.037451,0.039242,0.032008,0.039239,0.038817,0.033488,0.023362,0.14267,0.082565,0.25003,0.029474,0.085355,0.052541,0.030326,0.026203,0.027741,0.063764,0.023792,0.058369,0.059436,0.13,0.11652,0.022532,0.041021,0.023769,0.033312,0.10282
7.53,0.058512,0.039292,0.066516,0.039763,0.080047,0.03486,0.042983,0.06216,0.059813,0.038494,0.029566,0.035912,0.12317,0.037343,0.039108,0.031919,0.03911,0.038697,0.033404,0.023288,0.14227,0.08273,0.24999,0.029369,0.084921,0.052397,0.030217,0.026137,0.0276,0.063604,0.023671,0.058219,0.059044,0.12973,0.11606,0.022444,0.0409,0.023683,0.033219,0.10254
7.54,0.058271,0.03911,0.066174,0.039652,0.079857,0.034768,0.042822,0.061991,0.059631,0.038375,0.029475,0.03581,0.12296,0.037235,0.038975,0.03183,0.038981,0.038577,0.033321,0.023214,0.14186,0.082894,0.24994,0.029265,0.084487,0.052253,0.030108,0.026071,0.027461,0.063445,0.02355,0.058068,0.058653,0.12947,0.11561,0.022357,0.040779,0.023597,0.033127,0.10225
7.55,0.05803,0.038929,0.065832,0.039539,0.079666,0.034677,0.04266,0.06182,0.059448,0.038256,0.029385,0.035707,0.12275,0.037128,0.038843,0.031742,0.038853,0.038457,0.033238,0.023139,0.14146,0.083053,0.24989,0.029162,0.084053,0.052108,0.029999,0.026005,0.027322,0.063285,0.02343,0.057916,0.058261,0.1292,0.11516,0.02227,0.040659,0.023511,0.033034,0.10196
7.56,0.057791,0.038749,0.065492,0.039425,0.079473,0.034585,0.042522,0.06165,0.059265,0.038138,0.029295,0.035605,0.12254,0.037021,0.038711,0.031653,0.038725,0.038338,0.033155,0.023064,0.14106,0.083206,0.24983,0.029059,0.083619,0.051964,0.02989,0.025939,0.027184,0.063125,0.023311,0.057765,0.057869,0.12893,0.11471,0.022183,0.040539,0.023426,0.032942,0.10167
7.57,0.057553,0.038569,0.065152,0.039374,0.07928,0.034494,0.042448,0.06148,0.059082,0.03802,0.029205,0.035504,0.12233,0.036915,0.03858,0.031566,0.038598,0.03822,0.033073,0.022989,0.14066,0.083352,0.24978,0.028958,0.083185,0.05182,0.029781,0.025873,0.027047,0.062966,0.023192,0.057617,0.057477,0.12866,0.11426,0.022097,0.040419,0.02334,0.032849,0.10138
7.58,0.057314,0.03839,0.064814,0.039403,0.079085,0.034403,0.042373,0.061309,0.058899,0.037903,0.029116,0.035403,0.12212,0.036809,0.038449,0.031478,0.038472,0.038102,0.03299,0.022914,0.14026,0.08349,0.24972,0.028857,0.08275,0.051675,0.029673,0.025806,0.026911,0.062806,0.023073,0.057469,0.057085,0.1284,0.11382,0.022011,0.0403,0.023254,0.032758,0.10108
7.59,0.057075,0.038212,0.064476,0.039431,0.078889,0.034313,0.042298,0.061139,0.058715,0.037786,0.029028,0.035302,0.12191,0.036703,0.038319,0.031391,0.038346,0.037984,0.032908,0.022838,0.13986,0.083622,0.24966,0.028757,0.082317,0.051531,0.029565,0.025739,0.026775,0.062647,0.022954,0.057326,0.056693,0.12813,0.11337,0.021926,0.040181,0.023168,0.032666,0.10079
7.6,0.056836,0.038035,0.064139,0.039459,0.078691,0.034222,0.042222,0.060969,0.058531,0.03767,0.028939,0.035201,0.12171,0.036598,0.03819,0.031305,0.038221,0.037867,0.032827,0.022763,0.13946,0.083747,0.24959,0.028658,0.081883,0.051387,0.029457,0.025671,0.026641,0.062487,0.022837,0.057195,0.056302,0.12787,0.11293,0.021841,0.040063,0.023082,0.032574,0.10049
7.61,0.056599,0.037858,0.063805,0.039488,0.078492,0.034132,0.042146,0.060801,0.058347,0.037554,0.028851,0.0351,0.1215,0.036493,0.038061,0.031218,0.038096,0.03775,0.032745,0.022687,0.13907,0.083866,0.24953,0.02856,0.08145,0.051243,0.029349,0.025603,0.026508,0.062328,0.02272,0.057099,0.05591,0.1276,0.11249,0.021756,0.039945,0.022996,0.032482,0.10019
7.62,0.056362,0.037682,0.063474,0.039518,0.078292,0.034042,0.042069,0.060634,0.058163,0.037439,0.028764,0.035,0.1213,0.036389,0.037932,0.031132,0.037972,0.037634,0.032664,0.022612,0.13867,0.083979,0.24946,0.028462,0.081238,0.0511,0.029241,0.025535,0.026375,0.062169,0.022603,0.057049,0.055519,0.12734,0.11205,0.021672,0.039828,0.02291,0.03239,0.099884
7.63,0.056126,0.037507,0.063144,0.039547,0.07809,0.033953,0.041993,0.060467,0.057979,0.037324,0.028677,0.0349,0.12109,0.036285,0.037805,0.031047,0.037848,0.037518,0.032582,0.022536,0.13828,0.084088,0.24939,0.028365,0.081053,0.050957,0.029133,0.025466,0.026243,0.06201,0.022487,0.05702,0.055128,0.12708,0.11162,0.021588,0.039711,0.022825,0.032299,0.099579
7.64,0.055889,0.037333,0.062814,0.039576,0.077887,0.033863,0.041915,0.060301,0.057794,0.03721,0.02859,0.034801,0.12088,0.036181,0.037677,0.030961,0.037724,0.037402,0.032502,0.02246,0.13788,0.08419,0.24931,0.028269,0.080868,0.050814,0.029025,0.025397,0.026113,0.061852,0.022371,0.057073,0.054736,0.12682,0.11119,0.021504,0.039595,0.022739,0.032207,0.099272
7.65,0.055653,0.03716,0.062486,0.039604,0.077683,0.033774,0.041838,0.060135,0.05761,0.037096,0.028504,0.034702,0.12068,0.036078,0.03755,0.030876,0.037602,0.037287,0.032421,0.022384,0.13749,0.084287,0.24924,0.028174,0.080682,0.050671,0.028918,0.025327,0.025983,0.061694,0.022255,0.057126,0.054452,0.12655,0.11077,0.02142,0.039479,0.022654,0.032116,0.098963
7.66,0.055417,0.036987,0.062159,0.039631,0.077478,0.033686,0.04176,0.05997,0.057425,0.036983,0.028418,0.034604,0.12047,0.035976,0.037424,0.030792,0.03748,0.037173,0.03234,0.022308,0.1371,0.08438,0.24916,0.028079,0.080497,0.050528,0.02881,0.025257,0.025854,0.061536,0.02214,0.057185,0.054375,0.12629,0.11036,0.021337,0.039363,0.022568,0.032025,0.098652
7.67,0.055182,0.036815,0.061833,0.039657,0.077271,0.033597,0.041683,0.059804,0.05724,0.03687,0.028332,0.034506,0.12027,0.035873,0.037299,0.030708,0.037358,0.037059,0.03226,0.022232,0.13671,0.084474,0.24908,0.027986,0.08031,0.050385,0.028702,0.025187,0.025726,0.061378,0.022026,0.057243,0.054296,0.12603,0.10994,0.021255,0.039248,0.022483,0.031933,0.098341
7.68,0.054948,0.036644,0.061508,0.039682,0.077063,0.033509,0.041604,0.059638,0.057055,0.036758,0.028247,0.034409,0.12007,0.035772,0.037174,0.030624,0.037237,0.036945,0.03218,0.022155,0.13632,0.084576,0.24899,0.027893,0.080123,0.050243,0.028595,0.025116,0.025599,0.06122,0.021911,0.057296,0.054215,0.12578,0.10953,0.021172,0.039133,0.022397,0.031842,0.098027
7.69,0.054714,0.036474,0.061185,0.039708,0.076854,0.033421,0.041527,0.059472,0.05687,0.036646,0.028162,0.034312,0.11986,0.03567,0.037049,0.03054,0.037116,0.036832,0.0321,0.022079,0.13594,0.08468,0.24891,0.0278,0.079936,0.0501,0.028487,0.025045,0.025472,0.061063,0.021798,0.057343,0.054133,0.12552,0.10912,0.021091,0.039019,0.022312,0.031751,0.097712
7.7,0.054481,0.036304,0.060865,0.039732,0.076644,0.033333,0.041449,0.059306,0.056685,0.036534,0.028077,0.034215,0.11966,0.035569,0.036925,0.030457,0.036996,0.036719,0.032021,0.022003,0.13555,0.084779,0.24882,0.027708,0.079749,0.049958,0.02838,0.024975,0.025347,0.060905,0.021684,0.057384,0.054049,0.12526,0.10871,0.021009,0.038905,0.022227,0.03166,0.097396
7.71,0.054247,0.036135,0.060546,0.039757,0.076433,0.033246,0.041373,0.05914,0.0565,0.036423,0.027993,0.034118,0.11946,0.035469,0.036801,0.030374,0.036877,0.036607,0.031942,0.021926,0.13516,0.084869,0.24872,0.027617,0.079561,0.049816,0.028273,0.024904,0.025222,0.060748,0.021571,0.057421,0.053963,0.12501,0.10831,0.020928,0.038791,0.022141,0.03157,0.097078
7.72,0.054014,0.035967,0.060228,0.039781,0.07622,0.033159,0.041298,0.058974,0.056316,0.036313,0.027909,0.034022,0.11925,0.035369,0.036678,0.030292,0.036758,0.036495,0.031863,0.021849,0.13478,0.084947,0.24863,0.027527,0.079373,0.049674,0.028167,0.024834,0.025098,0.06059,0.021459,0.05745,0.053876,0.12475,0.1079,0.020847,0.038678,0.022056,0.031479,0.096759
7.73,0.053781,0.0358,0.059912,0.039803,0.076007,0.033072,0.041224,0.058808,0.056132,0.036203,0.027826,0.033926,0.11905,0.035269,0.036556,0.030209,0.036639,0.036384,0.031784,0.021773,0.13439,0.085014,0.24853,0.027437,0.079185,0.049532,0.028061,0.024762,0.024975,0.060433,0.021347,0.057474,0.053788,0.1245,0.10749,0.020766,0.038566,0.021971,0.031389,0.096439
7.74,0.05355,0.035633,0.059597,0.039824,0.075793,0.032985,0.041151,0.058642,0.055947,0.036093,0.027743,0.033831,0.11885,0.03517,0.036434,0.030127,0.036521,0.036272,0.031705,0.021696,0.13401,0.085071,0.24843,0.027348,0.078997,0.04939,0.027955,0.024691,0.024853,0.060276,0.021235,0.057491,0.053698,0.12425,0.10708,0.020686,0.038453,0.021886,0.031298,0.096118
7.75,0.053319,0.035468,0.059282,0.039844,0.075579,0.032899,0.04108,0.058476,0.055763,0.035984,0.02766,0.033735,0.11865,0.035071,0.036313,0.030046,0.036404,0.036162,0.031627,0.021619,0.13363,0.085115,0.24833,0.02726,0.078808,0.049249,0.027849,0.024619,0.024732,0.060119,0.021124,0.057503,0.053607,0.12399,0.10668,0.020606,0.038342,0.021801,0.031208,0.095797
7.76,0.053088,0.035303,0.058971,0.039863,0.075363,0.032813,0.041009,0.05831,0.055579,0.035876,0.027578,0.03364,0.11844,0.034972,0.036192,0.029965,0.036287,0.036052,0.031549,0.021542,0.13325,0.085149,0.24823,0.027172,0.078619,0.049108,0.027743,0.024547,0.024612,0.059962,0.021013,0.05751,0.053515,0.12374,0.10632,0.020527,0.03823,0.021716,0.031118,0.095474
7.77,0.052858,0.035138,0.058661,0.03988,0.075146,0.032727,0.040938,0.058145,0.055394,0.035767,0.027496,0.033545,0.11824,0.034874,0.036072,0.029884,0.03617,0.035942,0.031471,0.021465,0.13287,0.085171,0.2482,0.027085,0.078429,0.048967,0.027637,0.024475,0.024492,0.059805,0.020903,0.057511,0.053421,0.1235,0.10601,0.020448,0.038119,0.021631,0.031029,0.09515
7.78,0.052628,0.034975,0.058354,0.039895,0.07493,0.032641,0.040867,0.05798,0.05521,0.03566,0.027414,0.033451,0.11804,0.034776,0.035952,0.029803,0.036054,0.035832,0.031393,0.021388,0.13249,0.085182,0.24832,0.026999,0.07824,0.048826,0.027531,0.024402,0.024373,0.059648,0.020793,0.057506,0.053325,0.12325,0.10569,0.020369,0.038009,0.021547,0.030939,0.094826
7.79,0.052398,0.034812,0.058047,0.039908,0.074713,0.032556,0.040795,0.057816,0.055026,0.035552,0.027333,0.033357,0.11784,0.034679,0.035832,0.029723,0.035939,0.035724,0.031316,0.021312,0.13211,0.085182,0.24845,0.026913,0.07805,0.048685,0.027426,0.024329,0.024255,0.059492,0.020684,0.057494,0.053229,0.123,0.10537,0.02029,0.037898,0.021462,0.030849,0.094502
7.8,0.052168,0.03465,0.057741,0.039919,0.074496,0.032471,0.040723,0.057652,0.054841,0.035446,0.027252,0.033263,0.11764,0.034582,0.035713,0.029643,0.035824,0.035615,0.031238,0.021235,0.13174,0.085173,0.24856,0.026828,0.07786,0.048545,0.02732,0.024256,0.024138,0.059336,0.020575,0.057478,0.053131,0.12276,0.10506,0.020212,0.037789,0.021378,0.03076,0.094178
7.81,0.051939,0.034488,0.057437,0.039929,0.074279,0.032387,0.04065,0.057489,0.054657,0.035339,0.027171,0.033169,0.11744,0.034485,0.035595,0.029563,0.035709,0.035507,0.031161,0.021158,0.13136,0.085154,0.24868,0.026743,0.07767,0.048406,0.027215,0.024183,0.024022,0.059179,0.020466,0.057457,0.053032,0.12252,0.10474,0.020134,0.037679,0.021293,0.03067,0.093855
7.82,0.051712,0.034328,0.057134,0.039937,0.074063,0.032302,0.040576,0.057327,0.054472,0.035233,0.027091,0.033077,0.11724,0.034389,0.035477,0.029484,0.035595,0.035399,0.031085,0.021081,0.13099,0.085127,0.24878,0.026659,0.077481,0.048267,0.02711,0.024109,0.023907,0.059023,0.020358,0.057432,0.052931,0.12229,0.10443,0.020057,0.03757,0.021209,0.030581,0.093533
7.83,0.051484,0.034168,0.056832,0.039943,0.073847,0.032218,0.040502,0.057167,0.054288,0.035128,0.027011,0.032985,0.11704,0.034293,0.03536,0.029405,0.035482,0.035292,0.031008,0.021004,0.13061,0.085092,0.24889,0.026575,0.077291,0.048128,0.027005,0.024036,0.023792,0.058867,0.020251,0.057402,0.052829,0.12206,0.10413,0.01998,0.037462,0.021125,0.030492,0.093211
7.84,0.051258,0.034008,0.056532,0.039948,0.07363,0.032134,0.040428,0.057008,0.054103,0.035023,0.026932,0.032893,0.11684,0.034198,0.035243,0.029327,0.035369,0.035186,0.030932,0.020928,0.13024,0.08505,0.24899,0.026492,0.077102,0.04799,0.0269,0.023962,0.023678,0.058712,0.020144,0.057371,0.052726,0.12183,0.10382,0.019903,0.037354,0.021041,0.030403,0.092891
7.85,0.051056,0.03385,0.056233,0.039952,0.073413,0.03205,0.040353,0.056851,0.053919,0.034918,0.026853,0.032801,0.11665,0.034103,0.035127,0.029248,0.035256,0.035079,0.030856,0.020851,0.12987,0.085,0.24909,0.02641,0.076913,0.047852,0.026795,0.023888,0.023565,0.058557,0.020037,0.057337,0.052621,0.1216,0.10352,0.019826,0.037246,0.020957,0.030314,0.092571
7.86,0.050866,0.033692,0.055935,0.039955,0.073197,0.031967,0.040278,0.056696,0.053735,0.034814,0.026774,0.03271,0.11645,0.034008,0.035011,0.02917,0.035144,0.034973,0.03078,0.020774,0.12949,0.084942,0.24919,0.026328,0.076724,0.047714,0.026691,0.023813,0.023453,0.058402,0.019931,0.0573,0.052515,0.12138,0.10322,0.01975,0.037139,0.020873,0.030226,0.092252
7.87,0.050677,0.033535,0.055639,0.039957,0.07298,0.031884,0.040203,0.056542,0.053551,0.03471,0.026695,0.032619,0.11625,0.033914,0.034896,0.029093,0.035032,0.034868,0.030704,0.020697,0.12912,0.084875,0.24928,0.026246,0.076536,0.047576,0.026586,0.023739,0.023341,0.058248,0.019825,0.057261,0.052408,0.12115,0.10293,0.019674,0.037032,0.020789,0.030137,0.091933
7.88,0.050487,0.033379,0.055346,0.039959,0.072763,0.031801,0.040127,0.05639,0.053366,0.034607,0.026617,0.032528,0.11606,0.03382,0.034781,0.029015,0.034921,0.034763,0.030629,0.02062,0.12875,0.084801,0.24937,0.026165,0.076347,0.047439,0.026482,0.023664,0.02323,0.058094,0.01972,0.057219,0.052299,0.12093,0.10264,0.019599,0.036926,0.020705,0.030049,0.091614
7.89,0.050298,0.033224,0.055054,0.039959,0.072545,0.031718,0.04005,0.056239,0.053182,0.034504,0.026539,0.032437,0.11586,0.033726,0.034667,0.028938,0.03481,0.034658,0.030554,0.020544,0.12839,0.084719,0.24945,0.026085,0.07616,0.047302,0.026378,0.023589,0.023121,0.05794,0.019615,0.057174,0.05219,0.1207,0.10236,0.019524,0.03682,0.020622,0.029961,0.091295
7.9,0.050108,0.033069,0.054764,0.039958,0.072327,0.031635,0.039973,0.056088,0.052998,0.034402,0.026461,0.032347,0.11566,0.033633,0.034553,0.028861,0.0347,0.034554,0.030479,0.020467,0.12802,0.084628,0.24953,0.026005,0.075972,0.047165,0.026274,0.023515,0.023011,0.057786,0.019511,0.057129,0.052078,0.12048,0.10208,0.019449,0.036714,0.020538,0.029873,0.090975
7.91,0.04992,0.032915,0.054474,0.039955,0.072109,0.031553,0.039894,0.055938,0.052814,0.0343,0.026384,0.032257,0.11547,0.033541,0.03444,0.028785,0.03459,0.03445,0.030404,0.02039,0.12765,0.084527,0.24961,0.025925,0.075785,0.047028,0.026171,0.02344,0.022903,0.057632,0.019407,0.057102,0.051966,0.12026,0.1018,0.019375,0.036609,0.020455,0.029785,0.090655
7.92,0.049731,0.032762,0.054187,0.03995,0.071891,0.031471,0.039815,0.055787,0.052631,0.034198,0.026307,0.032167,0.11527,0.033448,0.034327,0.028709,0.034481,0.034347,0.030329,0.020313,0.12729,0.084416,0.24968,0.025846,0.075598,0.046892,0.026068,0.023366,0.022795,0.057479,0.019303,0.057078,0.051853,0.12003,0.10153,0.0193,0.036504,0.020372,0.029698,0.090334
7.93,0.049543,0.032609,0.0539,0.039942,0.071672,0.03139,0.039735,0.055637,0.052447,0.034097,0.026231,0.032077,0.11508,0.033356,0.034214,0.028633,0.034372,0.034243,0.030255,0.020237,0.12692,0.084295,0.24975,0.025768,0.075411,0.046757,0.025966,0.023291,0.022688,0.057325,0.0192,0.057049,0.051738,0.11981,0.10126,0.019227,0.036399,0.020289,0.02961,0.090013
7.94,0.049355,0.032457,0.053615,0.039932,0.071454,0.031308,0.039654,0.055486,0.052263,0.033996,0.026155,0.031988,0.11489,0.033264,0.034102,0.028557,0.034264,0.034141,0.030181,0.02016,0.12656,0.084165,0.24982,0.02569,0.075224,0.046621,0.025863,0.023216,0.022582,0.057172,0.019098,0.057016,0.051622,0.11959,0.101,0.019153,0.036295,0.020207,0.029523,0.089691
7.95,0.049166,0.032306,0.053331,0.03992,0.071235,0.031227,0.039571,0.055335,0.05208,0.033896,0.026079,0.031899,0.11469,0.033173,0.033991,0.028482,0.034156,0.034038,0.030107,0.020083,0.12619,0.084025,0.24988,0.025612,0.075038,0.046486,0.025761,0.023141,0.022477,0.057019,0.018996,0.056978,0.051505,0.11937,0.10073,0.01908,0.036192,0.020124,0.029436,0.089368
7.96,0.048978,0.032156,0.053049,0.039905,0.071016,0.031146,0.039488,0.055184,0.051896,0.033796,0.026003,0.03181,0.1145,0.033082,0.03388,0.028407,0.034048,0.033936,0.030033,0.020007,0.12583,0.083876,0.24994,0.025535,0.074852,0.046351,0.025659,0.023066,0.022372,0.056866,0.018894,0.056936,0.051387,0.11914,0.10048,0.019007,0.036088,0.020041,0.029349,0.089045
7.97,0.04879,0.032006,0.052768,0.039888,0.070797,0.031065,0.039404,0.055032,0.051713,0.033697,0.025928,0.031722,0.11432,0.032992,0.033769,0.028332,0.033941,0.033835,0.02996,0.01993,0.12547,0.083719,0.24999,0.025458,0.074666,0.046217,0.025557,0.02299,0.022268,0.056714,0.018793,0.056892,0.051267,0.11892,0.10022,0.018934,0.035985,0.019959,0.029262,0.088721
7.98,0.048603,0.031857,0.052489,0.039869,0.070578,0.030985,0.039319,0.05488,0.05153,0.033598,0.025853,0.031634,0.11413,0.032901,0.033659,0.028258,0.033834,0.033734,0.029887,0.019853,0.12511,0.083551,0.25004,0.025381,0.074481,0.046083,0.025455,0.022915,0.022165,0.056561,0.018712,0.056847,0.051147,0.1187,0.099964,0.018862,0.035883,0.019877,0.029176,0.088396
7.99,0.048417,0.031708,0.052211,0.039847,0.070359,0.030904,0.039234,0.054728,0.051347,0.033499,0.025778,0.031546,0.11395,0.032811,0.03355,0.028184,0.033728,0.033633,0.029814,0.019777,0.12475,0.083374,0.25008,0.025305,0.074296,0.045949,0.025353,0.022839,0.022063,0.056409,0.018662,0.056801,0.051025,0.11849,0.09971,0.01879,0.03578,0.019795,0.029089,0.088071
8,0.04823,0.031561,0.051934,0.039823,0.07014,0.030824,0.039147,0.054576,0.051165,0.033401,0.025704,0.031458,0.11376,0.032722,0.03344,0.02811,0.033622,0.033533,0.029741,0.0197,0.12439,0.083188,0.25013,0.025229,0.074111,0.045816,0.025252,0.022764,0.021961,0.056257,0.018612,0.056753,0.050902,0.11827,0.099457,0.018718,0.035679,0.019713,0.029003,0.087746
