Time,GM1,GM2,GM3,GM4,GM5,GM6,GM7,GM8,GM9,GM10,GM11,GM12,GM13,GM14,GM15,GM16,GM17,GM18,GM19,GM20,GM21,GM22,GM23,GM24,GM25,GM26,GM27,GM28,GM29,GM30,GM31,GM32,GM33,GM34,GM35,GM36,GM37,GM38,GM39,GM40
0.01,0.0012777,0.00077573,0.00084031,0.00047417,0.00052912,0.00050342,0.00033373,0.00034628,0.00042959,0.00056581,0.00037929,0.0014249,0.00071605,0.00040288,0.00056041,0.00086098,0.00061199,0.0008351,0.00060533,0.00079372,0.00077591,0.00048861,0.00050461,0.00098835,0.00039665,0.0004715,0.00088872,0.00096244,0.00034558,0.0006675,0.0004147,0.00052957,0.00043456,0.00078868,0.00044299,0.00038057,0.0005976,0.00036415,0.00031545,0.00032485
0.02,0.0051994,0.004402,0.0033761,0.0020152,0.0022794,0.0037755,0.0013727,0.00142,0.0019353,0.0024285,0.0015156,0.0065412,0.0039816,0.0016107,0.0022386,0.0035961,0.0025091,0.0033702,0.0024257,0.00319,0.0031575,0.0019799,0.0021987,0.0039619,0.0015943,0.0019092,0.0036156,0.0039511,0.001389,0.0026984,0.0017565,0.0021377,0.0017421,0.0034385,0.0018936,0.0015103,0.002861,0.0014684,0.0012538,0.0013004
0.03,0.014588,0.012912,0.0075141,0.0043641,0.0056317,0.010141,0.0030379,0.0032334,0.0043703,0.0058273,0.0035707,0.016814,0.01152,0.0036474,0.0051007,0.0077488,0.0056167,0.0079084,0.0054892,0.0078229,0.0073508,0.004612,0.0047785,0.0089673,0.0036786,0.0044223,0.0080286,0.009078,0.0032233,0.0060445,0.0039077,0.0055804,0.0039884,0.00778,0.0046869,0.0037776,0.0067167,0.0033257,0.0028986,0.0029765
0.04,0.026026,0.027244,0.015759,0.0081748,0.011709,0.012038,0.0055191,0.0058132,0.0079322,0.014271,0.0064125,0.034646,0.024818,0.0065822,0.009079,0.014513,0.010185,0.015336,0.0098089,0.013602,0.013439,0.0085445,0.0087998,0.016142,0.0063235,0.0085331,0.015278,0.017551,0.0067506,0.011316,0.007297,0.01249,0.0072303,0.01768,0.0092224,0.0070876,0.010712,0.0059668,0.005189,0.005398
0.05,0.04798,0.045604,0.024918,0.013735,0.021289,0.030142,0.0086667,0.010931,0.012337,0.026026,0.010126,0.054233,0.040818,0.01035,0.014286,0.022632,0.017244,0.02249,0.015418,0.026046,0.0217,0.013186,0.014482,0.026276,0.010254,0.013004,0.024484,0.03065,0.0094945,0.018672,0.0126,0.021597,0.011396,0.035822,0.014452,0.0098667,0.02136,0.0093389,0.010822,0.0094681
0.06,0.061554,0.061949,0.050674,0.020221,0.03283,0.04655,0.012357,0.018287,0.016876,0.049057,0.01543,0.078893,0.052245,0.015049,0.020928,0.033919,0.027608,0.03642,0.02229,0.036501,0.032106,0.018739,0.021127,0.038469,0.014947,0.018436,0.037199,0.046947,0.013629,0.027982,0.017985,0.027327,0.016095,0.033953,0.019647,0.015251,0.023516,0.013698,0.013654,0.012156
0.07,0.10277,0.13439,0.076588,0.024878,0.044074,0.043791,0.01719,0.029314,0.026471,0.063028,0.023007,0.11192,0.11068,0.020647,0.030522,0.050383,0.038984,0.054688,0.031551,0.051919,0.044076,0.024191,0.031766,0.054643,0.020234,0.028731,0.045238,0.055684,0.020461,0.040173,0.030594,0.040035,0.023712,0.049216,0.022989,0.022099,0.04448,0.018306,0.020642,0.018577
0.08,0.1396,0.11906,0.10249,0.041169,0.057391,0.065511,0.023176,0.036557,0.028807,0.082107,0.028461,0.16421,0.13211,0.027386,0.04976,0.062634,0.058729,0.070128,0.041114,0.073158,0.06122,0.036462,0.043373,0.073608,0.028454,0.035685,0.081536,0.077957,0.02806,0.052376,0.041718,0.05439,0.038096,0.052105,0.037383,0.027499,0.059356,0.025788,0.029196,0.026492
0.09,0.15124,0.12696,0.16268,0.065283,0.083535,0.086438,0.027787,0.04806,0.039206,0.085937,0.037542,0.20123,0.13356,0.035178,0.055981,0.088906,0.077428,0.097691,0.057101,0.09859,0.078706,0.047923,0.06016,0.094961,0.041365,0.054359,0.096828,0.11412,0.037681,0.069352,0.052467,0.072,0.045844,0.090735,0.064353,0.039394,0.089827,0.033827,0.034075,0.043079
0.1,0.18723,0.15907,0.16592,0.087097,0.11761,0.12435,0.038048,0.067758,0.050144,0.11482,0.052471,0.25231,0.18938,0.044755,0.073975,0.10289,0.080298,0.11778,0.076475,0.11578,0.10027,0.065444,0.080937,0.12046,0.056563,0.07043,0.12801,0.1694,0.042678,0.088034,0.07196,0.088654,0.062104,0.12016,0.072023,0.05248,0.11504,0.044605,0.039305,0.051521
0.11,0.21289,0.20465,0.24697,0.1088,0.1436,0.14116,0.049887,0.12225,0.060811,0.12441,0.057784,0.34501,0.25551,0.052468,0.10085,0.12509,0.10149,0.14716,0.11074,0.14333,0.12134,0.078908,0.093679,0.13274,0.058528,0.087917,0.16762,0.23985,0.067917,0.10278,0.11059,0.11546,0.085163,0.13209,0.076327,0.065176,0.13665,0.052652,0.047392,0.061817
0.12,0.26317,0.21412,0.31219,0.08497,0.16406,0.13576,0.059919,0.18782,0.075574,0.12158,0.076513,0.41738,0.23679,0.067072,0.11547,0.16407,0.11815,0.15008,0.13226,0.16035,0.14417,0.080373,0.11164,0.16224,0.071556,0.10916,0.23235,0.31675,0.069437,0.12484,0.15551,0.1325,0.11012,0.16389,0.10841,0.075624,0.16143,0.068241,0.057505,0.090552
0.13,0.36575,0.1935,0.41575,0.12094,0.18312,0.11215,0.069495,0.22741,0.11104,0.16905,0.083819,0.50345,0.2354,0.080826,0.1456,0.20349,0.16328,0.20462,0.15735,0.17398,0.17911,0.09214,0.12507,0.20012,0.099162,0.14822,0.31321,0.4527,0.076901,0.13866,0.16543,0.1657,0.1653,0.20747,0.15783,0.086077,0.20599,0.075957,0.07887,0.12823
0.14,0.45842,0.21668,0.49921,0.14821,0.21418,0.1028,0.078895,0.23991,0.14031,0.23187,0.10904,0.55807,0.26336,0.083577,0.14498,0.25097,0.1567,0.24385,0.20207,0.19901,0.21253,0.11548,0.14245,0.27419,0.12803,0.1555,0.34725,0.62817,0.099946,0.17962,0.20356,0.18387,0.20352,0.2472,0.18895,0.094606,0.19027,0.091978,0.103,0.12749
0.15,0.41913,0.2755,0.62581,0.15074,0.2435,0.11346,0.097216,0.32983,0.18928,0.34606,0.12204,0.5916,0.2998,0.1057,0.16701,0.29468,0.16472,0.30549,0.21564,0.23035,0.22938,0.12831,0.16928,0.32507,0.15745,0.16975,0.29185,0.61046,0.11134,0.20417,0.32708,0.24152,0.24,0.29945,0.24292,0.11294,0.27281,0.11504,0.12055,0.17469
0.16,0.46203,0.35621,0.60554,0.18161,0.30368,0.13239,0.11533,0.35105,0.21041,0.43636,0.1352,0.62422,0.27751,0.13263,0.21758,0.35103,0.18466,0.36449,0.27305,0.2697,0.26954,0.15854,0.19089,0.34871,0.15203,0.1764,0.34634,0.47641,0.12236,0.22783,0.42812,0.24635,0.25777,0.34134,0.26396,0.13395,0.38401,0.11911,0.15442,0.18587
0.17,0.51363,0.39268,0.71894,0.27689,0.34337,0.16978,0.12319,0.3854,0.2128,0.43057,0.15963,0.72309,0.26113,0.17573,0.29434,0.42021,0.23834,0.44486,0.33222,0.30515,0.26181,0.17549,0.20387,0.47225,0.164,0.27103,0.43698,0.67233,0.13881,0.24467,0.45046,0.29063,0.30451,0.33914,0.27475,0.16852,0.45385,0.13593,0.23432,0.18225
0.18,0.51944,0.43236,0.78863,0.33888,0.38641,0.18697,0.16441,0.39329,0.21232,0.4476,0.20812,0.8058,0.29705,0.22151,0.36061,0.46565,0.30737,0.51396,0.37833,0.33926,0.33101,0.21396,0.24193,0.60341,0.17394,0.25083,0.54529,0.87487,0.1485,0.30817,0.41231,0.33393,0.33016,0.35436,0.28245,0.16993,0.52211,0.17685,0.235,0.24832
0.19,0.68538,0.47617,0.87009,0.3831,0.42606,0.21111,0.18985,0.34348,0.24465,0.46007,0.2472,0.92158,0.38534,0.2332,0.38444,0.53484,0.3632,0.56649,0.50071,0.41049,0.34948,0.27354,0.29907,0.65062,0.20087,0.24771,0.55865,1.0362,0.20314,0.38413,0.52388,0.36564,0.33154,0.33258,0.2937,0.19183,0.5618,0.19843,0.25597,0.32532
0.2,0.9168,0.46962,1.0131,0.41232,0.45854,0.25346,0.21208,0.36763,0.29426,0.46756,0.27272,1.07,0.49987,0.22301,0.44594,0.62844,0.41752,0.60934,0.58482,0.41103,0.41308,0.32796,0.35805,0.63772,0.21547,0.22966,0.56291,1.1803,0.24382,0.46311,0.60676,0.42143,0.38814,0.44273,0.33635,0.21225,0.56528,0.24985,0.31576,0.39416
0.21,1.0956,0.47433,1.1005,0.45483,0.5183,0.28506,0.22947,0.40225,0.32535,0.40145,0.30137,1.2106,0.58425,0.24658,0.49615,0.69568,0.44554,0.64717,0.63144,0.56241,0.50998,0.33622,0.42364,0.68869,0.27566,0.24262,0.59438,1.4301,0.28673,0.48789,0.59878,0.53625,0.44312,0.59756,0.42512,0.27182,0.55312,0.29775,0.394,0.40653
0.22,1.2366,0.55448,1.2035,0.51304,0.57365,0.31869,0.24571,0.46687,0.31937,0.43949,0.33333,1.4402,0.69225,0.27411,0.47705,0.65445,0.44663,0.6954,0.63379,0.76679,0.57522,0.36565,0.49268,0.84021,0.34845,0.26519,0.74944,1.6001,0.31956,0.48007,0.57722,0.48083,0.52525,0.67195,0.47762,0.31374,0.57598,0.32331,0.45756,0.47896
0.23,1.1471,0.55997,1.5893,0.5513,0.61823,0.39255,0.32555,0.48906,0.34266,0.47092,0.36801,1.6097,0.63127,0.29442,0.59001,0.71369,0.46896,0.77521,0.65271,0.95831,0.59848,0.41749,0.53664,0.99227,0.43286,0.295,0.94707,1.6464,0.34423,0.49147,0.61177,0.58686,0.67902,0.69486,0.55167,0.35972,0.57872,0.34603,0.48131,0.55788
0.24,1.0276,0.57472,1.9252,0.58312,0.6598,0.47035,0.33626,0.61107,0.37877,0.56101,0.41846,1.7803,0.72762,0.29931,0.65499,0.8929,0.51676,0.86766,0.68176,1.1404,0.5516,0.47171,0.59917,1.0643,0.49567,0.33159,0.98825,1.8541,0.35686,0.59473,0.7547,0.72973,0.83577,0.65395,0.67661,0.38084,0.58197,0.36376,0.48235,0.60211
0.25,1.0818,0.62547,1.8542,0.617,0.69656,0.54747,0.31541,0.71382,0.41391,0.76835,0.47057,1.9775,0.88892,0.37091,0.68599,1.081,0.60129,0.96186,0.71074,1.2372,0.5404,0.50137,0.67914,1.0807,0.53618,0.31918,1.0547,1.941,0.45478,0.71745,0.89701,0.80334,1.0573,0.53825,0.8842,0.37535,0.5846,0.39122,0.49019,0.56101
0.26,1.3315,0.77706,1.5499,0.66405,0.73132,0.56007,0.40241,0.72059,0.52707,0.92822,0.50674,2.0869,0.94289,0.40456,0.86556,1.1578,0.67884,1.0536,0.79341,1.2018,0.63986,0.59191,0.75651,1.1043,0.57517,0.36305,1.1277,1.8411,0.55672,0.78288,0.98257,0.81719,1.2439,0.60453,1.0704,0.39064,0.67201,0.45407,0.59665,0.47328
0.27,1.6084,0.97265,1.5295,0.71375,0.76699,0.53296,0.51012,0.83266,0.67809,0.98614,0.5557,2.2517,0.93225,0.46655,1.0314,1.2386,0.72457,1.1546,0.87506,1.1806,0.79708,0.6124,0.84862,1.1717,0.72615,0.3972,1.1627,1.6414,0.55721,0.85949,1.0547,0.83626,1.4817,0.80527,1.2148,0.44234,0.7278,0.51906,0.77962,0.55006
0.28,1.5944,1.1348,1.4791,0.75772,0.79967,0.5699,0.54496,0.92232,0.78969,1.076,0.62331,2.2766,0.95942,0.57682,1.1302,1.3851,0.73103,1.2412,0.94131,1.3072,0.9242,0.66124,0.93856,1.2426,0.82571,0.43939,1.2036,1.449,0.60888,0.9174,1.1871,0.86073,1.6059,0.86777,1.2299,0.5457,0.75336,0.57762,0.94134,0.58546
0.29,1.4932,1.1754,1.4391,0.81053,0.82647,0.6184,0.52297,0.9093,0.75758,1.2035,0.70778,2.3153,0.93398,0.71151,1.1293,1.5239,0.80209,1.327,0.98427,1.4385,0.89849,0.73082,1.037,1.3527,0.95582,0.49687,1.2455,1.4119,0.63857,0.89667,1.254,0.87555,1.6613,0.90425,1.1204,0.72112,0.7579,0.67685,1.1483,0.64831
0.3,1.6739,1.2988,1.215,0.87157,0.85401,0.76266,0.54665,0.76402,0.72958,1.3219,0.75943,2.3366,0.94937,0.80472,1.2254,1.6207,0.89167,1.463,1.0953,1.5234,0.82147,0.78805,1.204,1.543,1.1022,0.51458,1.2479,1.5018,0.64417,0.93376,1.2357,0.94764,1.8658,1.0019,0.95295,0.90855,0.75734,0.78211,1.2219,0.61824
0.31,1.7681,1.3998,1.303,0.94556,0.88694,0.85068,0.6232,0.61553,0.76347,1.4177,0.78557,2.3492,0.8785,0.8101,1.5366,1.6776,0.91167,1.6009,1.2366,1.5389,0.84511,0.79268,1.3486,1.6407,1.2114,0.53721,1.1203,1.543,0.71285,0.93157,1.3226,1.0118,2.0449,1.0896,0.92556,1.0291,0.79146,0.90944,1.227,0.62263
0.32,1.7735,1.4034,1.501,1.0289,0.93558,0.86765,0.70881,0.62283,0.81906,1.4379,0.81054,2.4111,0.71818,0.78834,1.7957,1.7285,0.98535,1.7228,1.3313,1.4917,0.82558,0.92523,1.426,1.645,1.2567,0.61221,1.0103,1.6305,0.77166,0.914,1.4185,1.1305,2.0161,1.1149,0.91558,1.1519,0.77755,1.0966,1.1887,0.62217
0.33,1.8904,1.4001,1.6709,1.1049,1.1885,0.83757,0.74539,0.66899,0.92337,1.2866,0.85174,2.4252,0.73321,0.87276,2.0253,1.8092,1.0087,1.8253,1.4035,1.5036,1.0255,1.155,1.4612,1.6969,1.3355,0.6933,1.1275,1.8398,0.90485,1.0911,1.5104,1.2884,1.9877,1.0986,1.0155,1.2081,0.80442,1.2416,1.1741,0.72125
0.34,2.2233,1.497,1.7791,1.1498,1.4433,0.81835,0.71602,0.72925,1.0171,1.2401,0.90675,2.3836,0.71227,1.0373,2.4344,1.9514,1.0603,1.9121,1.5211,1.5243,1.2018,1.3633,1.5413,1.6928,1.5406,0.74454,1.1138,1.8306,0.98638,1.2412,1.7035,1.3552,1.9668,1.0359,1.131,1.2425,0.79836,1.2981,1.2244,0.77617
0.35,2.6258,1.6237,1.9399,1.2335,1.5289,0.83896,0.65731,0.73515,1.0608,1.3281,0.96339,2.3702,0.70097,1.174,2.8047,2.2278,1.1255,1.9871,1.7105,1.6151,1.3268,1.4899,1.6968,1.7171,1.7276,0.76216,1.2803,1.7102,1.0653,1.312,1.8622,1.2897,2.0025,1.0751,1.2786,1.2769,0.802,1.249,1.2555,0.85638
0.36,3.0908,1.677,2.1155,1.3197,1.4607,0.86513,0.60942,0.85785,1.1087,1.394,1.0123,2.3799,0.80644,1.266,2.9197,2.4112,1.2044,2.0581,2.0004,1.8596,1.3416,1.5037,1.8564,1.9311,1.8866,0.77068,1.383,1.5077,1.2086,1.3461,1.9745,1.2892,2.1789,1.1855,1.3995,1.2875,0.85188,1.2313,1.2366,0.94185
0.37,3.704,1.6957,2.2809,1.3692,1.3567,0.85583,0.58121,0.93471,1.1786,1.428,1.0521,2.3989,0.96902,1.3443,2.8596,2.5426,1.3514,2.3396,2.2478,2.2909,1.3018,1.4306,1.9716,2.2931,2.0119,0.81254,1.4587,1.3827,1.3598,1.5174,2.0458,1.3243,2.3592,1.3424,1.4476,1.2827,0.94687,1.2216,1.2688,0.99694
0.38,4.2808,1.6997,2.3698,1.3802,1.3246,0.82005,0.57701,0.96054,1.2483,1.5491,1.0872,2.4056,1.0671,1.4286,2.721,2.7492,1.4698,2.4967,2.5284,2.5091,1.2679,1.452,2.0749,2.6167,2.1447,0.92007,1.6862,1.5746,1.5464,1.6717,2.244,1.3959,2.5491,1.4826,1.4232,1.3177,1.0541,1.2152,1.223,1.0374
0.39,4.5427,1.715,2.5093,1.3665,1.372,0.84665,0.59874,0.94614,1.2975,1.7845,1.1234,2.3785,1.0976,1.5034,2.4744,2.9323,1.5583,2.322,2.6556,2.6059,1.2207,1.6045,2.2157,2.9214,2.5888,1.0424,1.8938,1.7701,1.6179,1.6855,2.3512,1.4155,2.7231,1.5413,1.3438,1.4159,1.147,1.2867,1.1266,1.0523
0.4,4.5041,1.7587,2.6071,1.3462,1.4245,0.81331,0.6281,0.9096,1.3986,2.047,1.1644,2.321,1.1065,1.5226,2.1204,3.0885,1.6096,2.2689,2.536,2.7496,1.2276,1.7005,2.3872,3.1661,2.931,1.1014,2.0303,1.8838,1.5976,1.6354,2.3675,1.4745,2.8563,1.6782,1.2782,1.7107,1.2142,1.411,1.0149,1.0482
0.41,4.3389,1.7292,2.6135,1.3387,1.4074,0.79684,0.71852,0.87742,1.5379,2.2577,1.2106,2.2672,1.1164,1.4467,1.8115,3.2359,1.703,2.2902,2.5747,2.7956,1.2622,1.643,2.5334,3.4017,3.1461,1.1352,2.1634,1.8819,1.5695,1.5667,2.2742,1.5305,3.009,1.9445,1.2723,2.0825,1.4201,1.4919,0.89881,1.185
0.42,4.2235,1.6652,2.5608,1.36,1.42,0.91034,0.78,0.87568,1.6149,2.6507,1.26,2.2682,1.181,1.5682,1.738,3.3666,1.7711,2.3096,2.5515,2.8676,1.3743,1.4799,2.6399,3.7316,3.2239,1.2351,2.4304,2.0191,1.5677,1.5303,2.1551,1.5971,3.1855,2.1818,1.288,2.4463,1.6035,1.6108,0.91896,1.2835
0.43,4.1298,1.6268,2.5922,1.4058,1.4792,1.0155,0.80539,0.91746,1.6389,3.2488,1.3092,2.366,1.2526,1.645,1.8507,3.4865,1.8539,2.3907,2.4829,3.0528,1.3684,1.3253,2.7048,4.1279,3.1808,1.3143,2.7628,2.0849,1.5802,1.5938,2.1848,1.7176,3.3178,2.3436,1.3353,2.731,1.7192,1.7144,1.0135,1.3902
0.44,4.1253,1.6407,2.6788,1.4599,1.5185,1.1018,0.89583,1.0023,1.6756,3.7121,1.3551,2.5706,1.3786,1.6566,1.9446,3.6103,1.9307,2.4033,2.6405,3.2828,1.398,1.3182,2.7309,4.4792,3.0485,1.3483,3.2397,2.0761,1.5153,1.7035,2.2189,1.8333,3.4001,2.4248,1.4439,2.892,1.7674,1.8857,1.1066,1.4408
0.45,3.9751,1.7021,2.9261,1.5083,1.6403,1.1588,0.99056,1.1168,1.7577,3.9606,1.396,2.8536,1.4663,1.6165,1.9283,3.7219,2.0163,2.403,2.7294,3.5673,1.412,1.5392,2.7373,4.9389,2.8718,1.3369,3.6033,2.2566,1.4042,1.7582,2.2488,1.9179,3.4273,2.5408,1.5194,2.9186,1.7518,2.1044,1.195,1.4547
0.46,3.8479,1.7718,3.1715,1.5581,1.7623,1.1886,1.0773,1.2392,1.8678,4.1878,1.4312,3.1589,1.4582,1.5595,1.8325,3.8391,2.1224,2.5428,3.0599,3.8831,1.4586,1.7382,2.7812,5.1879,2.6971,1.3335,3.6017,2.449,1.3577,1.7858,2.2648,1.95,3.4217,2.692,1.5462,2.8333,1.6835,2.3875,1.2771,1.5522
0.47,3.8923,1.8346,3.3395,1.6102,1.8374,1.205,1.1528,1.3507,2.0459,4.4473,1.4619,3.4241,1.3949,1.5223,1.7113,3.9446,2.2554,2.7479,3.4597,4.1246,1.6213,1.8752,2.9168,5.2319,2.619,1.4639,3.3356,2.4855,1.3666,1.8486,2.2597,1.9255,3.3887,2.8953,1.5871,2.6735,1.5799,2.6376,1.3534,1.5873
0.48,3.9995,1.8872,3.3781,1.6376,2.1528,1.2225,1.2158,1.4392,2.1455,4.6293,1.4908,3.6026,1.3717,1.4847,1.5936,4.057,2.4143,2.9662,3.8258,4.2353,1.716,2.0092,3.139,5.0967,2.5895,1.6448,3.2296,2.4548,1.3713,2.0528,2.2299,1.8378,3.3465,3.1647,1.707,2.4978,1.461,2.7573,1.425,1.5905
0.49,4.0448,1.9492,3.3269,1.6777,2.3768,1.2498,1.2674,1.5005,2.1055,4.7004,1.5217,3.7293,1.4191,1.4601,1.5463,4.1648,2.5929,3.123,4.1465,4.2407,1.7555,2.1041,3.3956,4.8414,2.5929,1.7336,3.1498,2.3352,1.4004,2.306,2.192,1.7637,3.2927,3.4425,1.8005,2.3737,1.3533,2.7322,1.4907,1.7084
0.5,4.0281,2.067,3.1853,1.7509,2.5052,1.2837,1.3091,1.5355,1.9861,4.7549,1.5579,3.7829,1.4725,1.6474,1.6561,4.2878,2.7836,3.2093,4.4355,4.2707,1.8091,2.0725,3.6196,4.5048,2.6137,1.7341,3.5602,2.1808,1.4747,2.4911,2.1402,1.8731,3.202,3.6511,1.8895,2.3648,1.3295,2.648,1.5518,1.811
0.51,3.9848,2.1917,3.0817,1.8205,2.5422,1.4109,1.3453,1.5464,1.8869,4.8521,1.6041,3.7568,1.4739,1.8074,1.6983,4.4262,2.9771,3.2664,4.6744,4.3818,1.9156,2.0552,3.7771,4.925,2.6295,1.7351,4.185,2.2176,1.555,2.5853,2.0895,2.0084,3.0922,3.7508,1.9788,2.4963,1.4021,2.6191,1.6434,1.8459
0.52,3.8739,2.3227,3.0478,1.8763,2.5009,1.5321,1.3803,1.5512,1.9052,4.9218,1.6635,3.6868,1.4165,1.9402,1.9906,4.5842,3.1673,3.3378,4.8784,4.5579,2.11,2.0057,3.8782,5.4418,2.6646,1.798,4.8472,2.4532,1.6277,2.6113,2.0328,2.2842,2.9568,3.7314,2.0626,2.7477,1.4778,2.7047,1.804,1.8338
0.53,3.6942,2.4404,3.0356,1.9097,2.3999,1.6429,1.4197,1.5798,2.1721,4.8815,1.7376,3.6168,1.3296,2.041,2.2818,4.7687,3.3559,3.4131,5.0411,4.8127,2.3077,2.1384,3.94,5.7593,2.9331,1.8868,5.3586,2.8179,1.7465,2.606,1.987,2.5321,2.7958,3.6488,2.1452,3.0686,1.5876,2.8581,1.9631,1.8499
0.54,3.6934,2.552,3.1409,2.0197,2.3194,1.7443,1.4695,1.569,2.3859,5.2883,1.8264,3.5846,1.2568,2.1051,2.4775,4.986,3.54,3.4899,5.1792,5.0967,2.4802,2.3149,3.9601,5.9234,3.0586,1.922,5.5389,3.1291,1.9449,2.9172,1.9391,2.7013,2.6436,3.5259,2.3356,3.4114,1.7221,2.9803,2.12,1.9195
0.55,3.4575,2.6683,3.3094,2.1242,2.2448,1.8416,1.5363,1.5345,2.6227,5.5464,1.9282,3.5873,1.2404,2.132,2.5374,5.2255,3.7245,3.5055,5.2826,5.3116,2.5515,2.5007,3.9404,6.0263,3.0384,1.8878,5.3923,3.28,2.1673,3.2573,1.8936,2.8045,2.5244,3.4363,2.6266,3.7438,1.8588,3.004,2.2742,1.9291
0.56,3.0504,2.7243,3.5555,2.2206,2.1808,1.9397,1.6229,1.4941,2.8226,5.5029,2.0402,3.6379,1.3071,2.1267,2.4993,5.4806,3.9112,3.3895,5.3629,5.3894,2.6627,2.6621,3.9112,6.1276,2.9007,1.8123,5.0795,3.2621,2.392,3.5313,1.8595,2.8884,2.4654,3.4112,2.9063,4.0402,1.9945,2.9231,2.4245,1.925
0.57,2.6716,2.9598,3.881,2.3083,2.1279,2.0432,1.7293,1.472,2.8993,5.3013,2.16,3.7381,1.4476,2.0998,2.4752,5.76,4.102,3.5235,5.4266,5.2609,2.884,2.7785,3.9105,6.1889,2.7216,1.7562,4.9309,3.1377,2.587,3.7119,1.8934,2.95,2.5832,3.4313,3.1196,4.2784,2.127,2.8666,2.57,1.9652
0.58,2.6493,3.2091,4.1552,2.3882,2.0715,2.1505,1.8534,1.4764,2.9491,5.7424,2.2842,3.881,1.6351,2.0624,2.4208,6.0395,4.3011,3.661,5.4702,5.4046,2.9934,2.844,3.9443,6.1139,2.5486,1.8482,5.1616,3.1586,2.7453,3.7834,2.085,2.9853,2.5957,3.4813,3.2262,4.4526,2.2541,2.7906,2.7098,2.0748
0.59,2.6154,3.4151,4.296,2.4622,1.993,2.257,2.0075,1.5109,3.1511,6.2257,2.4103,4.0541,1.8427,2.155,2.4011,6.3295,4.5101,3.7977,5.4998,5.9836,3.1318,2.8603,3.9839,5.9339,2.5922,1.9101,5.6977,3.4346,2.8744,3.7246,2.2434,2.9922,2.5329,3.5792,3.2102,4.5567,2.3741,2.7558,2.8452,2.1158
0.6,2.5707,3.6096,4.1936,2.5319,1.8827,2.3558,2.1755,1.5904,3.485,6.7747,2.5364,4.2432,2.0523,2.2961,2.4553,6.6105,4.7289,3.9368,5.5221,6.4642,3.3593,2.8392,4.0038,6.2733,2.7182,1.9133,6.2742,3.8193,2.9915,3.5881,2.3741,2.9435,2.6359,3.7482,3.2777,4.5945,2.4849,2.8192,2.9749,2.0539
0.61,2.5259,3.8184,3.9855,2.5992,1.777,2.4409,2.3514,1.7577,3.7259,7.3828,2.661,4.4342,2.2527,2.4322,2.5695,6.9448,4.9574,4.0738,5.5437,6.8417,3.4713,2.8003,4.0065,6.5541,2.8306,1.8655,6.7345,4.28,3.096,3.6882,2.4094,2.8616,3.0048,3.979,3.3284,4.5696,2.586,3.0024,3.0987,1.8938
0.62,2.5627,4.0571,3.9143,2.6654,1.6767,2.5088,2.5318,1.9636,3.9645,8.0188,2.7833,4.615,2.4357,2.551,2.7031,7.3392,5.1984,4.2088,5.5702,7.1665,3.5087,2.7693,4.0092,6.7978,2.9257,1.8201,7.0191,4.9094,3.1827,3.7197,2.3697,2.8111,3.3394,4.2324,3.3378,4.5513,2.6767,3.2827,3.219,1.9206
0.63,2.6566,4.3254,4.1152,2.7326,1.7759,2.5895,2.7117,2.1823,4.3222,8.5557,2.9029,4.7766,2.5991,2.6426,2.9069,7.7247,5.4455,4.3897,5.6053,7.3332,3.4981,2.7941,4.0163,7.0803,3.0045,1.9772,7.1843,5.5947,3.2602,3.7419,2.3171,2.7999,3.6057,4.4726,3.3273,4.4786,2.7553,3.6153,3.3336,2.023
0.64,2.7369,4.609,4.3167,2.8004,1.9073,2.6621,2.8886,2.4048,4.5411,8.8687,3.0198,4.9127,2.7452,2.8532,3.0827,8.1043,5.6996,4.6742,5.6612,7.4704,3.4377,2.8673,4.0183,7.3796,3.0656,2.2256,7.2732,6.2194,3.3304,3.8156,2.4356,2.7662,3.782,4.6955,3.3172,4.3463,2.8224,3.9553,3.4455,2.1555
0.65,2.7878,4.8772,4.7816,2.8683,2.0369,2.7258,3.0609,2.6254,4.6437,8.9222,3.1352,5.0628,2.8814,3.0664,3.2004,8.4732,5.9557,4.9527,5.9082,8.1108,3.3439,2.9985,4.0117,7.5353,3.1738,2.4231,7.3426,6.7136,3.4209,3.9899,2.5383,2.7093,3.8358,4.9296,3.5537,4.3122,2.8785,4.2721,3.5606,2.222
0.66,2.8295,5.102,5.2072,2.9365,2.1622,2.7882,3.2262,2.8364,4.6485,9.1956,3.2495,5.1897,3.0166,3.2485,3.278,8.8277,6.2149,5.2229,6.1713,8.4514,3.4619,3.1843,4.0087,7.9987,3.5193,2.5507,7.4345,7.0345,3.5397,4.2587,2.7,2.6921,3.7485,5.1993,3.7739,4.2605,2.9244,4.5424,3.9655,2.2015
0.67,3.0983,5.2627,5.5822,3.0057,2.2825,2.8562,3.3828,3.033,4.6086,9.451,3.3631,5.2879,3.152,3.419,3.3588,9.1663,6.475,5.48,6.4511,8.8293,3.5689,3.4142,4.0247,8.4473,3.8437,2.7546,7.6326,7.1612,3.6952,4.5579,2.8419,2.7927,3.53,5.5154,3.9878,4.1716,2.973,4.7547,4.2905,2.1853
0.68,3.3158,5.3532,5.9353,3.0739,2.3969,2.9333,3.5292,3.2127,4.5666,9.9315,3.4779,5.359,3.2985,3.6072,3.4842,9.4883,6.7359,5.7232,6.7415,9.0477,3.6647,3.6722,4.0666,8.6139,4.142,2.8985,7.9617,7.0972,3.8535,4.833,2.962,2.8794,3.2175,5.8698,4.2151,4.0822,3,4.9052,4.5116,2.1864
0.69,3.4868,5.3622,6.3267,3.1406,2.5037,3.0189,3.6648,3.3717,4.5698,10.353,3.5946,5.4065,3.4438,3.8431,3.6879,9.795,7,5.9552,7.0366,9.1636,3.7486,3.9413,4.1209,9.0205,4.4121,2.9551,8.3948,6.8694,3.9938,5.0414,3.0598,3.0588,2.8716,6.2294,4.4297,4.0943,3.0026,4.9968,4.6125,2.1686
0.7,3.5996,5.3131,6.8145,3.2066,2.601,3.1848,3.7878,3.5087,4.6465,10.706,3.7136,5.4781,3.5746,4.1456,4.051,10.104,7.2732,6.1786,7.3233,9.2024,4.1121,4.2101,4.1757,9.3831,4.6533,2.9346,8.8978,6.5823,4.0788,5.167,3.1369,3.2065,2.5514,6.5658,4.5763,4.3625,2.9918,5.0382,4.7645,2.1502
0.71,3.6395,5.3688,7.4191,3.2706,2.6866,3.3926,3.8976,3.6261,4.7899,10.952,3.8359,5.5297,3.6888,4.5114,4.4799,10.402,7.8912,6.3935,7.6058,9.4312,4.5247,4.4669,4.2236,9.7403,4.8663,2.8777,9.3594,6.3963,4.0987,5.2242,3.2942,3.3038,2.5455,6.8576,4.6118,4.7779,2.987,5.0417,4.8124,2.1209
0.72,3.7947,5.3799,8.0092,3.3317,2.759,3.6078,3.9941,3.7258,4.9845,11.107,3.9629,5.5647,3.7774,4.9199,4.9259,10.69,8.5556,6.5963,7.8744,9.575,4.889,4.7736,4.2719,10.139,5.0523,2.8262,9.6948,6.1671,4.0652,5.25,3.4054,3.5133,2.6437,7.0952,4.5468,5.1847,3.023,5.0272,4.7669,2.071
0.73,4.0679,5.3708,8.5371,3.3894,2.819,3.8258,4.0778,3.8105,5.1772,11.368,4.0942,5.5866,3.8396,5.3377,5.3384,10.97,9.1227,6.7814,8.1281,9.7186,5.1989,5.2853,4.3304,10.514,5.213,2.9049,9.8295,5.9289,4.0187,5.2994,3.4189,3.7121,2.7355,7.2823,4.443,5.5422,3.1425,5.0135,4.667,2.2007
0.74,4.3515,5.4279,8.9334,3.4451,2.8649,4.0428,4.1493,3.8789,5.3268,11.509,4.2304,5.6101,3.9109,5.7279,5.6754,11.261,9.575,7.3793,8.3685,10.082,5.4463,5.7222,4.4084,11.164,5.35,3.0304,9.7231,5.7171,3.9954,5.3973,3.5166,3.8167,2.7925,7.4348,4.3911,5.8243,3.2626,5.026,4.5621,2.3037
0.75,4.6422,5.4163,9.1401,3.4971,2.8974,4.2554,4.2093,3.9281,5.4013,11.504,4.3718,5.6525,4.0054,6.0582,5.9067,11.548,9.8991,8.0253,8.598,10.855,5.6301,6.055,4.504,12.649,5.4653,3.1588,9.385,5.6896,4.0375,5.5687,3.647,3.8523,2.797,7.5739,4.4574,6.0251,3.3431,5.0846,4.6347,2.3744
0.76,4.9376,5.5835,9.1847,3.6874,2.919,4.4614,4.2573,3.9542,5.3861,11.347,4.5186,5.6876,4.0747,6.3066,6.0165,11.829,10.088,8.5954,8.8206,12.034,5.7499,6.2638,4.6105,13.971,5.5607,3.2893,8.8777,5.9562,4.1489,5.7887,3.7412,3.871,2.7535,7.7276,4.6518,6.1424,3.3863,5.2059,4.7825,2.4299
0.77,5.2415,5.7323,9.2644,3.9516,2.9319,4.658,4.2934,3.9555,5.4038,11.279,4.6708,5.7171,4.1122,6.4542,6.0524,12.112,10.14,9.0701,9.0393,13.46,5.804,6.3451,4.7228,15.093,5.6386,3.4371,8.4845,6.1893,4.2988,6.0236,3.8058,3.9176,2.6894,7.9202,4.9451,6.1877,3.3959,5.3954,4.9334,2.5031
0.78,5.5449,5.8193,9.3077,4.1985,2.9602,4.8408,4.3182,3.9306,5.5877,11.501,4.8282,5.7577,4.1226,6.4951,5.9821,12.405,10.065,9.4372,9.2481,14.964,5.7989,6.3031,4.8364,16.067,5.7012,3.588,8.2224,6.3316,4.4454,6.2354,3.838,4.0047,2.6464,8.1649,5.2943,6.1695,3.4243,5.6494,5.0874,2.5881
0.79,5.8521,5.847,9.1538,4.4241,3.0106,5.0053,4.3328,3.8803,5.6897,11.616,4.9907,5.8137,4.1135,6.4297,5.7992,12.692,9.9568,9.6929,9.4434,16.443,5.7399,6.1505,4.9543,16.975,5.7497,3.6874,8.1404,6.3929,4.5376,6.3901,3.8598,4.1232,2.661,8.4623,5.7291,6.1012,3.4745,5.9513,5.2506,2.8001
0.8,6.1593,5.8491,9.0269,4.6477,3.1683,5.147,4.3968,3.805,5.7443,11.638,5.1577,5.8649,4.0881,6.267,5.5272,12.974,10.255,9.8302,9.6198,17.826,5.6341,5.9017,5.0789,17.902,5.7864,3.8228,8.275,6.5287,4.5441,6.4653,3.9912,4.2663,2.7414,8.7988,6.237,5.9918,3.5208,6.2846,5.5889,3.0641
0.81,6.4646,5.8747,9.2346,4.8904,3.4131,5.2633,4.5107,3.7066,5.786,11.581,5.3288,5.9315,4.0512,6.0215,5.2046,13.268,10.556,10.194,9.771,19.043,5.6198,5.7244,5.213,18.888,5.8131,3.961,8.5573,6.7106,4.4525,6.5661,4.0665,4.4333,2.862,9.1479,6.6979,5.8521,3.5653,6.6273,5.9092,3.3769
0.82,6.7706,6.0364,9.5761,5.0965,3.6335,5.3499,4.6173,3.5912,5.8451,11.457,5.5034,6.0073,4.0034,5.7166,4.8771,13.557,10.852,10.656,9.89,20.037,6.0639,5.7819,5.3531,19.914,5.8314,4.1023,8.9915,6.733,4.2725,6.6164,4.086,4.6271,2.9803,9.4755,7.062,5.6912,3.6092,6.963,6.1789,3.7134
0.83,7.0704,6.1729,10.012,5.2671,3.828,5.4088,4.7159,3.4602,5.9415,11.275,5.6807,6.0764,3.9442,5.3832,4.5901,13.837,11.14,10.939,9.9749,20.791,6.3826,5.846,5.494,20.922,5.842,4.2457,9.8082,6.8789,4.0388,6.5557,4.0523,5.0861,3.0624,9.7513,7.2849,5.5183,3.6536,7.2718,6.3767,4.0382
0.84,7.371,6.2813,10.491,5.4024,3.9955,5.4362,4.8074,3.3189,6.0721,11.044,5.8602,6.1705,3.8732,5.5543,4.3853,14.118,11.415,11.057,10.015,21.341,6.5499,5.9169,5.6264,22.033,5.8455,4.3903,10.559,7.095,3.8061,6.4212,3.9703,5.6083,3.2138,9.9487,7.3379,5.3401,3.7003,7.5421,6.4886,4.3349
0.85,7.6636,6.3626,10.911,5.5018,4.1351,5.4307,4.8931,3.1724,6.2269,10.768,6.0411,6.2592,3.7884,5.7409,4.2923,14.399,11.674,11.036,10.002,21.753,6.5589,5.9926,5.7434,23.495,5.8419,4.5354,11.129,7.3861,3.6469,6.2526,3.8485,6.11,3.3112,10.056,7.212,5.1652,3.75,7.7714,6.5089,4.6075
0.86,7.9551,6.4245,11.218,5.5675,4.2478,5.3918,4.9742,3.0253,6.3859,10.45,6.2229,6.3426,3.6918,5.9292,4.3129,14.667,11.917,10.898,9.9329,22.073,6.5528,6.0695,5.8427,24.776,5.8312,4.6805,11.464,7.5971,3.6329,6.0878,3.6911,6.566,3.4996,10.069,6.9203,5.0003,3.8034,8.1019,6.4381,4.8648
0.87,8.2407,6.4783,11.298,5.617,4.332,5.5124,5.053,2.8813,6.528,10.092,6.4049,6.4475,3.5883,6.1167,4.427,14.927,12.144,10.661,9.803,22.302,6.645,6.1449,5.9274,25.848,5.8133,4.8253,11.544,7.7577,3.7964,5.9466,3.5043,6.9462,3.8943,9.9936,6.5052,4.8531,3.8612,8.5493,6.4019,5.1181
0.88,8.5203,6.5339,11.124,5.7192,4.3914,5.6289,5.1322,2.7447,6.6257,9.6975,6.5866,6.5397,3.4875,6.3043,4.6005,15.19,12.357,10.33,9.6121,22.402,6.6974,6.2168,6.0043,26.7,5.7883,4.9697,11.368,7.847,4.1133,5.9665,3.2999,7.232,4.2752,9.8513,6.0243,4.733,3.9238,8.9543,6.5191,5.3738
0.89,8.7988,6.5979,10.725,5.8136,4.4241,5.7307,5.2142,2.6185,6.8202,9.2702,6.7673,6.6181,3.4002,6.4902,4.7906,15.439,12.552,9.9246,9.5123,22.34,6.8985,6.2868,6.0834,27.346,5.7552,5.1139,11.089,7.8129,4.514,6.0778,3.0826,7.4209,4.6223,9.6644,5.8278,4.6435,3.9929,9.3111,6.6313,5.6364
0.9,9.0666,6.6743,10.162,5.8965,4.4328,5.8163,5.3004,2.5943,7.1478,8.8159,6.9465,6.7178,3.3382,6.6753,4.9615,15.674,12.731,9.4611,9.5221,22.11,7.2765,6.3508,6.1702,27.816,5.7138,5.2573,10.784,7.6916,4.9311,6.34,2.8589,7.5194,4.9209,9.465,5.7339,4.5916,4.0672,9.6148,6.7345,5.8952
0.91,9.3357,6.7603,10.016,5.9609,4.4203,5.886,5.3926,2.5782,7.4619,8.9553,7.1237,6.8053,3.3112,6.8574,5.1438,15.914,12.891,8.9664,9.469,21.754,7.6903,6.4117,6.2725,28.134,5.6637,5.3998,10.339,7.4998,5.3087,6.8258,2.6809,7.5401,5.1571,9.2811,5.5997,4.576,4.1467,9.8616,6.8304,6.1342
0.92,9.596,6.8485,9.9439,6.001,4.3897,5.9403,5.4919,2.5617,7.8948,9.0941,7.2986,6.8767,3.3263,7.0386,5.363,16.146,13.031,8.4741,9.363,21.332,8.1508,6.4668,6.3909,28.319,5.6101,5.6106,9.8505,7.2713,5.6077,7.3508,2.721,7.4928,5.3185,9.1399,5.4358,4.5935,4.2323,10.049,6.9195,6.4169
0.93,9.85,6.9344,9.7751,6.0121,4.3476,5.9796,5.5986,2.545,8.2832,9.2279,7.4708,6.9412,3.3862,7.2163,5.523,16.37,13.15,8.0187,9.2167,20.912,8.6667,6.5171,6.525,28.388,5.5858,5.945,9.611,7.0444,5.8055,7.8886,2.758,7.3835,5.3959,9.0621,5.252,4.6384,4.3237,10.175,7.0016,6.7282
0.94,10.101,7.0144,9.5756,5.993,4.2993,6.0059,5.7112,2.5285,8.6279,9.3589,7.64,7.0188,3.4889,7.3916,5.6138,16.622,13.247,7.6329,9.5333,20.538,9.2316,6.5631,6.6739,28.346,5.5536,6.2353,9.9152,6.8366,5.8994,8.402,2.7919,7.212,5.3858,9.0581,5.0874,4.6992,4.42,10.243,7.0779,6.981
0.95,10.34,7.0863,9.2864,5.9453,4.2497,6.0202,5.8301,2.5121,8.9261,9.4902,7.8058,7.0793,3.629,8.0704,5.629,16.884,13.32,7.3518,9.8722,20.178,9.8256,6.6029,6.8328,28.186,5.5121,6.4763,10.206,6.6819,5.8883,8.8682,2.8241,6.97,5.292,9.1291,5.3211,4.7658,4.5212,10.496,7.1497,7.1795
0.96,10.628,7.1492,8.8851,5.8696,4.202,6.0235,5.952,2.4957,9.173,9.6259,7.968,7.1231,3.7992,8.7255,5.566,17.127,13.369,7.3486,10.187,19.809,10.429,6.6387,7.0009,27.895,5.4616,6.6711,10.486,6.5904,5.7909,9.2705,2.8571,6.6547,5.1269,9.2687,5.5722,4.8249,4.6271,10.76,7.2183,7.3258
0.97,10.964,7.2034,8.3952,5.7658,4.1576,6.0163,6.0769,2.4794,9.3686,9.7666,8.1266,7.1666,3.9917,9.333,5.4256,17.351,13.393,7.4446,10.477,19.433,11.031,7.001,7.1775,27.466,5.4022,6.8168,10.766,6.5851,5.6244,9.5982,2.8878,6.6802,4.9108,9.4659,5.8092,4.8652,4.7377,10.986,7.2861,7.4193
0.98,11.292,7.2488,7.9099,5.6348,4.1176,6.0006,6.2025,2.4631,9.5185,9.9147,8.2814,7.2159,4.2002,9.8823,5.4888,17.558,13.393,7.54,10.755,19.082,11.621,7.5853,7.3642,26.892,5.3345,6.9041,11.031,6.657,5.4169,9.8293,2.9163,6.7563,4.6665,9.7023,6.0163,4.8778,4.8528,11.173,7.3561,7.4612
0.99,11.613,7.2871,7.3968,5.4807,4.0821,5.977,6.327,2.4469,9.6343,10.074,8.4324,7.2493,4.418,10.37,5.5209,17.745,13.371,7.6344,11.006,18.816,12.192,8.1365,7.5773,26.178,5.259,6.92,11.281,6.8045,5.22,9.9649,2.943,6.8386,4.4202,9.9663,6.1902,4.8536,4.9725,11.322,8.0131,7.4511
1,11.925,7.672,6.9031,5.3023,4.0502,5.9478,6.4489,2.4305,9.7187,10.246,8.5801,7.2676,4.6399,10.792,5.4946,17.911,13.326,7.9578,11.23,18.698,12.748,8.6391,7.8053,25.344,5.1762,6.8553,12.01,7.0004,5.3291,9.9908,2.968,6.918,4.5616,10.242,6.3291,4.7884,5.0978,11.43,8.7001,7.4014
1.01,12.232,8.1962,6.8148,5.1049,4.0217,5.9124,6.5649,2.4138,9.792,10.43,8.7252,7.295,4.8621,11.146,5.4239,18.093,13.258,8.4003,11.424,18.811,13.303,9.0857,8.0488,24.426,5.0865,6.7481,12.704,7.2265,5.3515,9.9045,2.9915,6.9836,4.741,10.521,6.4382,4.678,5.2291,11.496,9.3484,7.3285
1.02,12.531,8.6724,6.7904,5.1057,3.9983,5.871,6.6752,2.3971,9.8624,10.626,8.8674,7.3207,5.0833,11.425,5.479,18.302,13.166,8.8873,11.601,19.147,13.899,9.4699,8.3072,23.458,4.9907,6.9993,13.267,7.4507,5.3142,9.7179,3.0173,7.0276,4.9313,10.796,6.5163,4.7266,5.3667,11.519,9.9396,7.2553
1.03,12.82,9.0957,6.761,5.1626,3.9819,5.8225,6.7758,2.4136,9.949,10.836,9.0071,7.3333,5.3013,11.627,5.5451,18.515,13.052,9.3917,12.269,19.646,14.582,9.7934,8.5768,22.484,4.889,7.2458,13.676,7.6531,5.2443,9.427,3.0422,7.0425,5.1187,11.063,6.5621,4.835,5.5107,11.5,10.451,7.2012
1.04,13.1,9.4793,6.73,5.218,3.9729,5.7673,6.8674,2.4846,10.056,11.057,9.1443,7.3393,5.5161,11.749,5.6099,18.727,12.918,9.8899,13.33,20.212,15.369,10.058,8.8517,21.546,4.782,7.489,13.899,7.8172,5.214,9.0433,3.0657,7.1266,5.3054,11.319,6.5725,4.9405,5.6602,11.438,10.866,7.1742
1.05,13.37,9.8019,6.6736,5.2724,3.9716,5.7047,6.9472,2.5601,10.2,11.287,9.2798,7.361,5.7292,11.788,5.6734,18.935,12.832,10.363,14.408,20.746,16.207,10.302,9.121,20.913,4.67,7.7342,13.926,8.0113,5.5262,8.8626,3.0879,7.2553,5.4991,11.564,6.5455,5.0421,5.8143,11.334,11.174,7.1682
1.06,13.631,10.049,6.6338,5.3248,3.9797,5.635,7.0144,2.639,10.373,11.522,9.4143,7.3714,5.9405,11.744,5.7343,19.137,13.416,10.796,15.49,21.175,16.989,10.519,9.3759,22.281,4.5535,7.9768,13.767,8.1929,5.956,9.1607,3.1088,7.3611,5.6997,11.796,6.5395,5.1398,5.9716,11.191,11.375,7.1711
1.07,13.882,10.22,6.5742,5.3749,3.9987,5.5588,7.0702,2.7205,10.58,11.762,9.5469,7.3729,6.1517,11.617,5.7956,19.331,13.913,11.178,16.57,21.466,17.598,10.699,9.6088,23.781,4.4326,8.2189,13.459,8.3218,6.4119,9.4562,3.166,7.4364,5.9011,12.018,6.6124,5.2337,6.1316,11.009,11.463,7.1633
1.08,14.126,10.316,6.5102,5.4227,4.0865,5.4759,7.113,2.8036,10.804,12.003,9.6776,7.3941,6.3625,11.413,5.8547,19.529,14.82,11.5,17.642,21.619,17.973,10.853,9.8119,25.205,4.3172,8.4639,13.086,8.4034,6.8592,9.7509,3.2449,7.4772,6.0924,12.227,6.6652,5.3234,6.2933,10.788,11.442,7.1323
1.09,14.365,10.341,6.667,5.4683,4.1931,5.3866,7.1438,2.8876,11.035,12.242,9.8066,7.4057,6.5721,11.133,5.9124,19.721,15.718,11.758,18.694,21.668,18.121,10.986,9.982,26.533,4.2931,8.7073,13.222,8.4347,7.2801,10.054,3.3083,7.4848,6.258,12.424,6.7087,5.4096,6.4559,10.535,11.312,7.0735
1.1,14.597,10.312,6.963,5.5118,4.2968,5.2928,7.1645,2.9718,11.261,12.475,9.9339,7.4083,6.7807,10.788,5.97,19.9,16.493,11.95,19.723,21.661,18.118,11.099,10.119,27.741,4.2292,8.9491,13.356,8.4244,7.6604,10.362,3.3488,7.4654,6.3776,12.606,6.7543,5.4918,6.6209,10.251,11.084,6.9906
1.11,14.822,10.242,7.2674,5.5533,4.3971,5.1931,7.1775,3.0557,11.457,12.7,10.06,7.4305,6.9845,10.38,6.0258,20.074,17.137,12.073,20.724,21.644,18.039,11.188,10.226,28.807,4.3261,9.1887,13.475,8.3769,8.0001,10.68,3.3657,7.4259,6.4315,12.778,6.8108,5.8402,6.7879,9.9377,10.761,6.8953
1.12,15.039,10.138,7.675,5.593,4.4945,5.0894,7.1847,3.1385,11.792,12.916,10.185,7.4455,7.1825,10.089,6.0809,20.246,17.646,12.13,21.69,21.646,17.931,11.252,10.31,29.704,4.4126,9.4221,13.58,8.2788,8.2978,10.995,3.359,7.3715,6.4038,13.037,6.8821,6.1989,6.9556,9.5995,10.352,6.7991
1.13,15.248,10,8.1101,5.631,4.5902,4.9813,7.1894,3.2207,12.379,13.121,10.309,7.4526,7.3728,10.216,6.1358,20.401,18.022,12.122,22.684,21.711,17.785,11.289,10.378,30.415,4.4749,9.6489,13.672,8.4915,8.554,11.3,3.5126,7.3538,6.2846,13.275,6.966,6.5456,7.1262,9.4498,9.8617,6.7145
1.14,15.445,9.8207,8.5048,5.6673,4.6845,4.8689,7.1918,3.3009,12.92,13.311,10.432,7.4663,7.5525,10.341,6.1893,20.553,18.265,12.055,23.804,22.033,17.559,11.301,10.439,30.935,4.5134,9.8687,13.761,8.7755,8.7653,11.592,3.6392,7.378,6.0745,13.488,7.0553,6.8766,7.3089,9.3322,9.3,6.646
1.15,15.636,9.6077,8.8688,5.7019,4.7777,4.753,7.1916,3.3781,13.412,13.485,10.553,7.5047,7.7214,10.465,6.2422,20.7,18.38,11.934,24.876,22.367,17.218,11.306,10.502,31.276,4.5322,10.083,13.836,8.979,8.9691,11.869,3.7233,7.3963,5.8937,13.675,7.1379,7.1917,7.6445,9.1978,9.3612,6.5932
1.16,15.819,9.3601,9.2601,5.7346,4.8679,4.7734,7.1893,3.4534,13.85,13.642,10.674,7.581,7.8797,10.587,6.2953,20.828,18.373,11.766,25.891,22.675,16.765,11.279,10.574,31.463,4.5341,10.293,13.897,9.1095,9.1862,12.139,3.7658,7.4149,5.6588,13.839,7.2431,7.4882,8.0822,9.0477,9.4437,6.5508
1.17,15.987,9.0832,9.9809,5.7656,4.9523,5.0151,7.2079,3.5245,14.232,13.781,10.793,7.6569,8.0279,10.707,6.3472,20.961,18.251,11.558,26.844,22.921,16.262,11.221,10.662,31.535,4.5228,10.499,13.948,9.1778,9.3405,12.399,3.7641,7.4393,5.3813,13.978,7.4898,7.7653,8.5255,8.88,9.4768,6.5084
1.18,16.138,8.7855,10.634,5.7949,5.0714,5.2409,7.261,3.592,14.554,13.898,10.912,7.7325,8.167,10.826,6.3983,21.079,18.022,11.319,27.733,23.074,16.272,11.131,10.77,31.522,4.5024,10.7,13.994,9.1971,9.4399,12.651,3.721,7.4743,5.1886,14.089,7.7302,8.0224,8.9714,8.6988,9.4626,6.4573
1.19,16.289,8.4802,11.237,5.8231,5.2067,5.4513,7.3089,3.6546,14.813,13.996,11.03,7.808,8.2959,10.942,6.4503,21.186,17.701,11.056,28.564,23.118,16.224,11.015,10.898,31.449,4.4757,10.897,14.253,9.1931,9.4949,12.899,3.6432,7.5173,5.0519,14.175,7.9674,8.2568,9.4158,8.5021,9.4045,6.3908
1.2,16.423,8.1684,11.737,5.8501,5.3324,5.6467,7.3516,3.7125,15.01,14.072,11.148,7.8834,8.4154,11.056,6.5013,21.292,17.305,10.776,29.322,23.053,16.119,10.883,11.046,31.343,4.5269,11.088,15.204,9.1765,9.5179,13.145,3.5418,7.57,4.913,14.235,8.2002,8.4708,9.8583,8.8553,9.3069,6.3952
1.21,16.542,7.8518,12.134,5.8759,5.4401,5.8279,7.3885,3.7647,15.149,14.124,11.265,7.9587,8.5266,11.169,6.5515,21.377,16.935,10.486,30.003,22.893,15.961,10.724,11.211,31.199,4.6096,11.271,16.139,9.1655,9.522,13.388,3.4303,7.6252,4.7852,14.267,8.4293,8.6626,10.295,9.4507,9.1737,6.4928
1.22,16.657,7.5402,12.415,5.9004,5.5273,5.9954,7.4184,3.8117,15.236,14.154,11.382,8.034,8.6316,11.279,6.6023,21.469,16.522,10.193,30.612,22.662,15.753,10.536,11.387,31.02,4.6786,11.448,17.03,9.1771,9.5199,13.627,3.3225,7.6816,4.6773,14.275,8.6568,8.8324,10.725,9.9971,9.1102,6.5643
1.23,16.762,7.2453,12.673,5.9236,5.5909,6.1496,7.4403,3.8522,15.293,14.162,11.498,8.1092,8.7301,11.387,6.6529,21.54,16.054,9.9026,31.159,22.386,15.496,10.317,11.57,30.787,4.7351,11.619,17.827,9.2221,9.5231,13.861,3.291,7.7338,4.5938,14.261,8.8792,8.9813,11.148,10.492,9.1181,6.6302
1.24,16.851,6.9831,12.927,5.9457,5.6325,6.291,7.454,3.8877,15.34,14.147,11.615,8.1842,8.8231,11.493,6.7029,21.61,15.544,9.6223,31.631,22.09,15.193,10.074,11.754,30.492,4.781,11.787,18.507,9.3024,9.5414,14.085,3.4208,7.779,4.5327,14.233,9.0946,9.1096,11.562,10.934,9.1184,6.6839
1.25,16.932,6.7674,13.133,5.9667,5.6513,6.4203,7.4596,3.9166,15.399,14.113,11.732,8.2588,8.9117,11.597,6.7527,21.667,15.008,9.3715,32.029,22.1,14.846,9.8078,11.936,30.121,4.8182,11.946,19.052,9.4323,9.591,14.298,3.5771,7.8179,4.4895,14.393,9.3008,9.2161,11.966,11.323,9.1116,6.7134
1.26,17.007,6.6093,13.284,5.9867,5.6499,6.5381,7.4575,3.9405,15.489,14.059,11.849,8.3331,8.996,11.698,6.8033,21.715,14.458,9.4155,32.367,22.219,14.458,9.5281,12.11,29.672,4.8486,12.097,19.451,9.596,9.6694,14.502,3.7301,7.8482,4.4569,14.765,9.497,9.3011,12.359,11.659,9.0992,6.7176
1.27,17.065,6.5323,13.385,6.0061,5.6325,6.6452,7.4479,3.9587,15.633,13.989,11.966,8.4067,9.0776,11.797,6.8533,21.759,13.99,9.4579,32.644,22.364,14.033,9.2414,12.276,29.147,4.8737,12.242,19.692,9.7977,9.7837,14.698,3.8785,7.8716,4.4501,15.061,9.6793,9.7056,12.742,11.944,9.0808,6.7015
1.28,17.115,6.5007,13.423,6.0245,5.6014,6.7419,7.4313,3.9721,15.836,13.902,12.083,8.4797,9.1588,11.893,6.9029,21.787,14.049,9.4986,32.854,22.533,13.572,8.9573,12.431,28.68,4.8945,12.385,19.769,10.019,9.933,14.889,4.021,7.8905,4.7327,15.282,9.8462,10.101,13.112,12.18,9.0565,6.672
1.29,17.159,6.5594,13.391,6.0419,5.5554,6.8287,7.4072,3.9811,16.114,13.801,12.201,8.5517,9.2389,11.987,6.9534,21.817,14.104,9.5375,33,22.719,13.666,8.6833,12.576,28.782,4.9123,12.519,19.683,10.258,10.111,15.072,4.1598,7.9036,5.0065,15.425,9.9974,10.53,13.472,12.369,9.0273,6.6325
1.3,17.188,6.6914,13.305,6.0583,5.5123,6.9058,7.3756,3.9861,16.455,13.685,12.32,8.6225,9.3175,12.078,7.0038,21.826,14.154,9.5746,33.095,22.903,14.034,8.5748,12.713,28.84,4.9271,12.648,19.436,10.493,10.318,15.248,4.2908,7.9138,5.2671,15.487,10.133,11.045,13.818,12.515,8.995,6.5833
1.31,17.21,6.8793,13.169,6.0737,5.5329,6.9726,7.336,3.988,16.858,13.553,12.438,8.6922,9.3963,12.167,7.0538,21.842,14.201,9.6097,33.14,23.067,14.336,8.7279,12.843,28.857,4.9383,12.771,19.037,10.714,10.54,15.416,4.4154,7.9179,5.514,15.48,10.26,11.538,14.153,12.622,8.9592,6.5716
1.32,17.231,7.107,12.991,6.0883,5.5468,7.0289,7.3541,3.9871,17.307,13.936,12.559,8.7603,9.4832,12.255,7.1039,21.84,14.244,9.6428,33.133,23.186,14.534,8.904,12.969,28.84,4.9459,12.893,18.497,10.912,10.77,15.577,4.5325,7.915,5.7479,15.408,10.425,12.006,14.476,12.694,8.9225,6.5738
1.33,17.246,7.3656,12.761,6.1021,5.5537,7.0742,7.395,3.9911,17.789,14.381,12.679,8.8267,9.5759,12.34,7.1549,21.838,14.282,9.6741,33.078,23.239,14.628,9.1257,13.093,28.797,4.9492,13.012,17.831,11.072,11,15.735,4.6417,7.9025,5.9698,15.275,10.558,12.449,14.79,12.736,8.8854,6.5592
1.34,17.26,7.6419,12.533,6.1153,5.5529,7.1088,7.434,4.0068,18.283,14.791,12.8,8.8914,9.6675,12.424,7.3597,21.825,14.318,9.7035,32.981,23.216,14.643,9.3126,13.22,28.729,4.9469,13.127,17.058,11.185,11.224,15.889,4.7431,7.8767,6.1787,15.087,10.658,12.866,15.095,12.75,8.848,6.525
1.35,17.283,7.9269,12.289,6.1279,5.5452,7.133,7.4713,4.0038,18.783,15.171,12.923,8.954,9.7565,12.506,7.5393,21.805,14.349,9.7321,32.855,23.1,14.615,9.4613,13.35,28.636,4.9396,13.24,16.195,11.244,11.433,16.037,4.8366,7.8383,6.3725,14.927,10.731,13.255,15.391,12.745,9.1345,6.4707
1.36,17.325,8.2138,12.036,6.1403,5.529,7.1476,7.5066,3.9875,19.265,15.518,13.046,9.0144,9.8435,12.585,7.6883,21.782,14.375,9.759,32.698,22.898,14.574,9.5654,13.486,28.514,4.9256,13.349,15.263,11.243,11.621,16.182,4.921,7.784,6.5506,14.779,10.777,13.643,15.678,12.72,9.5866,6.3973
1.37,17.38,8.5002,11.934,6.1529,5.5057,7.1535,7.5398,4.002,19.717,15.837,13.169,9.0724,9.928,12.664,7.8065,21.744,14.398,9.7843,32.51,22.607,14.536,9.6187,13.63,28.36,4.9048,13.455,15.197,11.176,11.784,16.323,4.9987,7.7183,6.7116,14.586,10.869,14.108,15.955,12.683,9.9983,6.3079
1.38,17.45,8.7807,11.819,6.1663,5.4735,7.151,7.571,4.0126,20.137,16.127,13.296,9.128,10.009,12.741,7.8938,21.713,14.417,9.8083,32.296,22.244,14.497,9.613,13.781,28.171,4.8781,13.56,15.35,11.039,11.917,16.461,5.0653,7.6414,6.8578,14.357,10.98,14.536,16.222,12.637,10.367,6.2102
1.39,17.522,9.0553,11.725,6.1813,5.4334,7.1407,7.5998,4.0216,20.516,16.389,13.422,9.1809,10.089,12.817,7.9496,21.666,14.43,10.127,32.06,21.821,14.443,9.5394,13.939,27.956,4.8467,13.663,15.477,11.232,12.015,16.596,5.1276,7.5618,6.9912,14.101,11.099,14.929,16.478,12.656,10.7,6.1116
1.4,17.594,9.3251,11.624,6.1991,5.3836,7.1237,7.6263,4.0609,20.847,16.627,13.55,9.2311,10.168,12.892,7.974,21.619,14.442,10.488,31.805,21.684,14.606,9.3958,14.102,27.724,4.8147,13.766,15.579,11.437,12.082,16.729,5.1779,7.4831,7.1157,13.824,11.229,15.284,16.723,12.699,10.992,6.2776
1.41,17.662,9.5941,11.555,6.22,5.3248,7.1005,7.6504,4.1287,21.13,16.837,13.678,9.2784,10.247,12.967,7.9688,21.566,14.448,10.864,31.532,21.574,14.998,9.4694,14.27,27.949,4.7907,13.868,15.66,11.596,12.111,16.86,5.2242,7.4125,7.2339,13.533,11.369,15.6,16.96,12.728,11.24,6.5212
1.42,17.73,9.8635,11.484,6.243,5.2562,7.0714,7.6722,4.1936,21.364,17.023,13.809,9.3236,10.324,13.04,7.9331,21.503,14.45,11.251,31.247,21.424,15.311,9.7335,14.439,28.358,4.8132,13.973,15.724,11.699,12.102,16.991,5.2599,7.3564,7.3459,13.235,11.518,15.876,17.189,12.75,11.447,6.7424
1.43,17.793,10.132,11.516,6.2669,5.1773,7.0377,7.6913,4.2557,21.551,17.186,13.94,9.3754,10.396,13.114,7.8681,21.445,14.449,11.646,30.95,21.258,15.536,9.9937,14.607,28.709,5.0322,14.078,15.773,11.741,12.055,17.123,5.291,7.3204,7.4499,12.94,11.675,16.112,17.413,12.766,11.614,6.9451
1.44,17.847,10.399,11.56,6.2916,5.088,6.9997,7.7075,4.3152,21.694,17.326,14.071,9.4241,10.463,13.187,7.9718,21.374,14.442,12.046,30.647,21.091,15.673,10.243,14.772,29.032,5.2716,14.181,15.806,11.711,11.975,17.259,5.3128,7.3066,7.5416,12.653,11.841,16.307,17.635,12.779,11.742,7.1319
1.45,17.893,10.663,11.62,6.3154,5.0757,6.9584,7.7207,4.3724,21.801,17.444,14.205,9.4695,10.523,13.26,8.089,21.302,14.434,12.449,30.351,20.941,15.728,10.476,14.931,29.347,5.5185,14.28,15.824,11.606,11.864,17.395,5.3316,7.3156,7.6158,12.378,12.012,16.464,17.851,12.79,11.834,7.303
1.46,17.937,10.925,11.707,6.338,5.1726,6.9152,7.7307,4.429,21.871,17.541,14.339,9.5117,10.577,13.332,8.2078,21.23,14.422,12.853,30.054,20.824,15.718,10.693,15.081,29.676,5.737,14.541,15.829,11.65,11.727,17.53,5.3438,7.3461,7.6649,12.12,12.187,16.582,18.064,12.803,11.892,7.4565
1.47,17.974,11.183,11.802,6.3591,5.2698,6.8703,7.7374,4.4839,21.906,17.619,14.474,9.5507,10.624,13.404,8.3284,21.295,14.407,13.258,29.759,20.749,15.665,10.891,15.221,30.031,5.9244,14.882,15.821,11.743,11.575,17.662,5.3524,7.3943,7.6827,11.883,12.364,16.663,18.272,12.816,11.918,7.5894
1.48,18.001,11.438,11.902,6.3784,5.3682,6.8251,7.7414,4.5385,21.914,17.676,14.609,9.5863,10.667,13.476,8.45,21.361,14.389,13.666,29.48,20.721,15.607,11.068,15.348,30.415,6.0779,15.221,15.804,11.791,11.413,17.919,5.3602,7.4555,7.6604,11.669,12.542,16.71,18.471,12.831,11.915,7.6971
1.49,18.082,11.687,12.025,6.3957,5.4663,6.7804,7.742,4.5932,21.904,17.713,14.746,9.6187,10.706,13.547,8.5722,21.428,14.401,14.076,29.217,20.747,15.584,11.218,15.463,30.913,6.1949,15.561,15.78,11.818,11.249,18.325,5.376,7.5237,7.5949,11.598,12.721,16.724,18.66,12.849,11.885,7.7737
1.5,18.287,11.929,12.148,6.4109,5.5651,6.7372,7.7389,4.6477,21.871,17.78,14.884,9.6478,10.74,13.619,8.6952,21.489,14.574,14.487,28.966,20.82,15.635,11.327,15.565,31.748,6.31,15.898,15.75,12.093,11.097,18.739,5.406,7.5938,7.4827,11.561,12.899,16.709,18.837,12.867,11.833,7.8142
1.51,18.478,12.161,12.282,6.5731,5.6634,6.6965,7.7322,4.7036,21.833,18.385,15.023,9.6736,10.768,13.691,8.8185,21.544,14.697,14.89,28.746,20.933,15.791,11.387,15.654,32.611,6.4557,16.231,15.721,12.359,10.966,19.155,5.44,7.6614,7.3253,11.541,13.079,16.667,19.003,12.888,11.761,7.8138
1.52,18.644,12.381,12.419,6.7843,5.7614,6.6598,7.7222,4.7596,21.784,18.959,15.228,9.6963,10.792,13.763,8.9419,21.606,14.766,15.279,28.544,21.082,16.058,11.814,15.729,33.479,6.5917,16.56,15.7,12.613,10.866,19.58,5.4741,7.7206,7.1223,11.539,13.261,16.599,19.156,12.909,11.672,7.77
1.53,18.784,12.585,12.571,6.9886,5.8589,6.6276,7.7089,4.8178,21.74,19.499,15.483,9.7158,10.811,13.835,9.066,21.663,14.787,15.651,28.373,21.254,16.418,12.254,15.793,34.34,6.7175,16.887,15.707,12.843,10.81,20.018,5.5057,7.7693,6.8778,11.553,13.45,16.508,19.297,12.93,11.57,7.6828
1.54,18.894,12.769,12.728,7.1858,5.955,6.6015,7.6918,4.8761,21.696,20.004,15.739,9.7322,10.827,13.908,9.19,21.714,14.759,16,28.228,21.438,16.834,12.679,15.846,35.167,6.8334,17.216,15.727,13.043,10.806,20.466,5.5324,7.8059,6.5961,11.583,13.649,16.396,19.425,12.949,11.468,7.5599
1.55,18.969,12.932,12.884,7.3756,6.0508,6.5826,7.6707,4.9369,21.669,20.472,15.994,9.7456,10.839,13.981,9.3155,21.765,14.687,16.324,28.116,21.625,17.252,13.087,15.891,35.954,6.9402,17.543,15.753,13.211,10.864,20.92,5.5563,7.8283,6.2838,11.63,13.861,16.266,19.543,12.965,11.358,7.5509
1.56,19.006,13.075,13.051,7.5583,6.1447,6.5719,7.6461,4.9981,21.657,20.902,16.249,9.7561,10.849,14.054,9.4423,21.818,14.575,16.623,28.031,21.805,17.62,13.477,15.93,36.681,7.0386,17.873,15.778,13.341,10.99,21.372,5.5742,7.8388,5.9494,11.694,14.086,16.117,19.653,12.979,11.244,7.6939
1.57,19.005,13.196,13.206,7.7333,6.2365,6.5707,7.6182,5.061,21.662,21.292,16.504,9.7638,10.857,14.127,9.5721,21.865,14.423,16.896,27.984,21.966,17.891,13.846,15.965,37.352,7.1294,18.202,15.983,13.431,11.189,21.823,5.5861,7.8355,5.9333,11.772,14.388,15.955,19.758,12.988,11.13,7.8263
1.58,18.967,13.296,13.363,7.9002,6.3272,6.5803,7.5865,5.1249,21.7,21.641,16.758,9.7687,10.864,14.201,9.708,21.906,14.235,17.142,27.962,22.108,18.034,14.196,15.999,37.961,7.2133,18.527,16.849,13.478,11.462,22.268,5.6431,7.8225,6.1413,11.864,14.687,15.78,19.858,12.993,11.017,7.9471
1.59,18.894,13.374,13.514,8.0588,6.4153,6.6011,7.5511,5.1892,21.824,21.948,17.011,9.771,10.869,14.275,9.8535,21.952,14.125,17.361,27.981,22.219,18.035,14.525,16.034,38.518,7.2907,18.849,17.665,13.482,11.804,22.704,5.9082,7.7981,6.3403,11.967,14.982,15.594,19.953,12.994,10.911,8.055
1.6,18.789,13.428,13.652,8.209,6.5007,6.6345,7.5126,5.2549,22.072,22.211,17.264,9.7708,10.875,14.349,10.005,21.995,14.096,17.549,28.027,22.297,17.899,14.835,16.073,39.027,7.3623,19.169,18.421,13.446,12.214,23.13,6.1761,7.887,6.5294,12.08,15.275,15.401,20.043,12.989,10.814,8.1493
1.61,18.659,13.46,13.785,8.3508,6.584,6.6808,7.4714,5.3211,22.343,22.432,17.514,9.7682,10.879,14.422,10.157,22.032,14.067,17.704,28.103,22.345,17.645,15.124,16.116,39.502,7.4284,19.486,19.106,13.372,12.684,23.545,6.4496,8.0165,6.7075,12.199,15.565,15.202,20.125,12.979,10.727,8.2263
1.62,18.654,13.471,13.92,8.4842,6.6646,6.7412,7.4269,5.3878,22.643,22.61,17.763,9.7634,10.885,14.496,10.311,22.066,14.038,17.825,28.214,22.359,17.302,15.394,16.167,39.951,7.4891,19.8,19.726,13.257,13.207,23.949,6.7138,8.1322,6.8742,12.325,15.853,14.999,20.196,12.964,10.654,8.2836
1.63,18.704,13.469,14.045,8.6092,6.742,6.8154,7.38,5.4551,22.967,22.745,18.01,9.7564,10.889,14.57,10.463,22.105,14.01,17.913,28.632,22.339,16.903,15.643,16.228,40.384,7.545,20.11,20.265,13.105,13.774,24.341,6.9579,8.3521,7.0289,12.455,16.141,14.796,20.257,12.944,10.595,8.3207
1.64,18.747,13.45,14.162,8.7261,6.8164,6.9039,7.3309,5.5248,23.328,22.84,18.255,9.7474,10.894,14.643,10.616,22.138,13.985,17.967,29.323,22.288,16.568,15.875,16.299,40.81,7.5963,20.415,20.722,12.921,14.376,24.723,7.1793,8.5687,7.1715,12.588,16.433,14.593,20.31,12.924,10.552,8.3388
1.65,18.787,13.412,14.273,8.8345,6.8877,7.007,7.2798,5.6108,23.712,22.894,18.499,9.7365,10.899,14.716,10.768,22.165,13.965,17.987,30.012,22.211,16.964,16.087,16.382,41.228,7.6429,20.715,21.099,12.707,15.01,25.094,7.3756,8.7559,7.3029,12.722,16.729,14.392,20.352,12.905,10.527,8.3828
1.66,18.829,13.358,14.385,8.9345,6.956,7.1241,7.2637,5.7144,24.133,22.912,18.739,9.7238,10.903,14.789,10.92,22.192,13.95,17.974,30.693,22.11,17.328,16.283,16.476,41.639,7.6851,21.008,21.4,12.707,15.658,25.452,7.5435,8.9147,7.4253,12.857,17.026,14.197,20.383,12.891,10.52,8.5467
1.67,18.864,13.289,14.507,9.0262,7.0213,7.2547,7.2996,5.821,24.575,22.891,18.978,9.7095,10.909,14.862,11.073,22.221,13.939,17.931,31.365,21.987,17.661,16.462,16.583,42.045,7.7233,21.296,21.623,12.853,16.323,25.8,7.6788,9.0476,7.5417,12.993,17.326,14.007,20.406,12.877,10.532,8.699
1.68,18.898,13.204,14.629,9.1098,7.0839,7.399,7.3325,5.9289,25.049,22.833,19.213,9.6938,10.914,14.935,11.227,22.245,13.93,17.858,32.026,21.847,17.96,16.626,16.701,42.438,7.758,21.578,21.772,12.984,16.99,26.138,7.8033,9.1581,7.6519,13.129,17.625,13.827,20.419,12.862,10.563,8.8405
1.69,18.932,13.109,14.755,9.1856,7.1437,7.5555,7.3633,6.0512,25.535,22.74,19.446,9.6767,10.92,15.007,11.383,22.263,13.925,17.757,32.676,21.696,18.224,16.776,16.831,42.811,7.7897,21.853,21.852,13.093,17.654,26.465,8.0514,9.2539,7.7523,13.479,17.92,13.671,20.424,12.842,10.612,8.9739
1.7,18.959,13.004,14.887,9.2545,7.2012,7.7244,7.3916,6.191,26.048,22.606,19.675,9.6584,10.926,15.081,11.543,22.282,13.922,17.63,33.321,21.533,18.453,16.915,16.971,43.157,7.8187,22.122,21.869,13.173,18.309,26.781,8.2605,9.3399,7.8405,13.87,18.209,13.538,20.421,12.815,10.68,9.1019
1.71,18.988,12.891,15.027,9.3162,7.257,7.9043,7.4169,6.3335,26.563,22.434,19.902,9.639,10.934,15.154,11.705,22.301,13.923,17.474,33.948,21.363,18.647,17.042,17.12,43.465,7.8458,22.383,21.849,13.225,18.953,27.087,8.4267,9.4231,7.9143,14.273,18.491,13.415,20.413,12.78,10.764,9.2261
1.72,19.014,12.767,15.177,9.3711,7.312,8.0946,7.4406,6.4774,27.088,22.231,20.125,9.6187,10.943,15.228,11.868,22.315,13.927,17.289,34.662,21.191,18.807,17.161,17.278,43.728,7.8705,22.637,21.809,13.25,19.578,27.387,8.5443,9.5138,7.9734,14.682,18.765,13.303,20.404,12.735,10.864,9.3461
1.73,19.034,12.632,15.34,9.42,7.368,8.2946,7.4616,6.6233,27.61,22.019,20.346,9.5975,10.955,15.304,12.032,22.324,13.937,17.074,35.37,21.014,18.936,17.271,17.441,43.937,7.8941,22.887,21.744,13.24,20.18,27.676,8.6185,9.605,8.018,15.094,19.03,13.202,20.397,12.68,10.979,9.4615
1.74,19.058,12.482,15.515,9.4635,7.4276,8.5036,7.4802,6.7703,28.119,21.816,20.565,9.5757,10.969,15.38,12.195,22.334,13.955,16.83,36.068,20.839,19.035,17.376,17.61,44.089,7.9167,23.128,21.647,13.207,20.753,27.955,8.6452,9.6864,8.0487,15.502,19.285,13.112,20.395,12.614,11.108,9.5709
1.75,19.077,12.321,15.705,9.5017,7.4946,8.7208,7.4969,6.9186,28.624,21.643,20.781,9.5533,10.986,15.458,12.356,22.345,13.989,16.555,36.756,20.663,19.109,17.475,17.781,44.179,7.9381,23.359,21.515,13.137,21.296,28.224,8.6304,9.7576,8.0659,15.902,19.527,13.036,20.392,12.536,11.249,9.6745
1.76,19.09,12.145,15.909,9.5356,7.5733,8.9454,7.5108,7.0674,29.104,21.508,20.996,9.5305,11.006,15.538,12.517,22.35,14.043,16.25,37.43,20.491,19.16,17.571,17.954,44.207,7.9583,23.581,21.35,13.047,21.805,28.484,8.5726,9.8223,8.0698,16.288,19.756,12.972,20.386,12.447,11.4,9.7714
1.77,19.109,11.958,16.138,9.5667,7.66,9.1767,7.5236,7.217,29.557,21.383,21.209,9.5073,11.028,15.62,12.677,22.35,14.216,15.916,38.089,20.32,19.194,17.663,18.128,44.173,7.9777,23.801,21.162,12.92,22.327,28.738,8.477,9.8826,8.0606,16.656,19.971,12.92,20.371,12.346,11.574,9.862
1.78,19.121,11.759,16.381,9.6675,7.7465,9.4138,7.5334,7.367,29.985,21.26,21.42,9.4839,11.053,15.706,12.835,22.352,14.621,15.632,38.731,20.153,19.215,17.752,18.3,44.585,7.9963,24.012,20.96,12.839,22.909,28.986,8.3466,9.941,8.0385,17.004,20.171,12.88,20.349,12.444,11.778,9.9457
1.79,19.129,11.555,16.636,9.8042,7.8314,9.6567,7.542,7.517,30.384,21.145,21.629,9.4617,11.082,15.796,12.992,22.353,15.059,15.345,39.354,19.988,19.23,17.84,18.471,45.049,8.0144,24.354,20.767,12.974,23.459,29.228,8.188,9.9988,8.0031,17.326,20.356,12.851,20.317,12.537,11.992,10.023
1.8,19.141,11.347,16.902,9.9348,7.9138,9.904,7.5481,7.6669,30.747,21.194,21.834,9.4419,11.114,15.892,13.148,22.35,15.511,15.03,39.955,19.828,19.245,17.925,18.639,45.473,8.0315,24.892,20.588,13.114,23.976,29.466,8.0081,10.058,7.9548,17.623,20.525,12.833,20.279,12.622,12.215,10.094
1.81,19.147,11.128,17.177,10.06,7.9948,10.156,7.5529,7.8168,31.073,21.437,22.036,9.422,11.151,15.994,13.302,22.342,15.974,14.687,40.531,19.668,20.013,18.01,18.803,45.861,8.0476,25.434,20.387,13.254,24.459,29.72,7.8122,10.119,7.8926,17.891,20.803,12.825,20.232,12.702,12.444,10.158
1.82,19.15,10.898,17.459,10.182,8.0734,10.412,7.5554,7.9664,31.36,21.676,22.233,9.4021,11.192,16.103,13.456,22.336,16.449,14.319,41.082,19.515,21.017,18.095,18.963,46.211,8.0615,25.975,20.176,13.393,24.907,30.525,7.6077,10.182,7.8179,18.134,21.088,12.827,20.177,12.774,12.68,10.217
1.83,19.156,10.657,17.745,10.3,8.1503,10.671,7.5568,8.1155,31.608,21.91,22.427,9.3824,11.238,16.219,13.609,22.329,16.935,14.097,41.605,19.362,21.991,18.18,19.119,46.525,8.0731,26.519,20.209,13.526,25.321,31.339,7.3995,10.246,7.7301,18.353,21.369,12.836,20.115,12.841,12.92,10.27
1.84,19.155,10.405,18.032,10.413,8.2254,10.933,7.5557,8.2638,31.815,22.141,22.616,9.3629,11.289,16.338,13.761,22.318,17.43,14.279,42.105,19.213,22.928,18.265,19.271,46.806,8.0824,27.062,20.181,13.651,25.702,32.148,7.1848,10.311,7.7521,18.718,21.643,12.852,20.047,12.9,13.163,10.317
1.85,19.155,10.145,18.318,10.523,8.2983,11.197,7.554,8.4114,31.983,22.367,22.801,9.3437,11.346,16.462,13.912,22.303,17.93,14.457,42.576,19.066,23.823,18.35,19.417,47.056,8.0903,27.6,20.101,13.773,26.05,32.953,7.0436,10.374,7.8009,19.063,21.911,12.874,19.971,12.954,13.408,10.36
1.86,19.154,9.8799,18.599,10.63,8.3694,11.464,7.5498,8.5579,32.11,22.588,22.98,9.3249,11.408,16.589,14.064,22.291,18.43,14.631,43.015,18.92,24.668,18.436,19.561,47.272,8.0969,28.132,19.972,13.884,26.364,33.747,7.0681,10.437,7.8407,19.386,22.171,12.901,19.889,13.001,13.656,10.396
1.87,19.148,9.6106,18.875,10.734,8.438,11.733,7.545,8.7033,32.199,22.803,23.154,9.3065,11.475,16.718,14.216,22.277,18.931,14.803,43.421,18.777,25.458,18.524,19.7,47.454,8.1033,28.655,19.786,13.988,26.645,34.527,7.0846,10.497,7.8718,19.684,22.425,12.931,19.801,13.041,13.903,10.427
1.88,19.144,9.3489,19.161,10.835,8.5048,12.003,7.5382,8.8474,32.251,23.012,23.322,9.2888,11.547,16.85,14.37,22.258,19.429,14.971,43.792,18.634,26.191,18.612,19.835,47.607,8.1099,29.167,19.558,14.086,26.894,35.293,7.0887,10.557,7.8943,19.956,22.672,12.962,19.709,13.076,14.149,10.45
1.89,19.137,9.1081,19.436,10.93,8.5702,12.274,7.5301,8.9901,32.268,23.217,23.483,9.2717,11.624,16.985,14.527,22.237,19.927,15.135,44.125,18.495,26.863,18.7,19.968,47.727,8.1179,29.669,19.284,14.172,27.112,36.047,7.0874,10.614,7.9082,20.202,22.912,13.017,19.613,13.105,14.395,10.468
1.9,19.126,8.8702,19.697,11.016,8.6344,12.546,7.521,9.1313,32.254,23.417,23.639,9.2553,11.705,17.122,14.687,22.219,20.421,15.296,44.429,18.355,27.473,18.79,20.098,47.812,8.1279,30.159,18.962,14.253,27.299,36.89,7.0738,10.67,7.9135,20.423,23.146,13.082,19.512,13.127,14.639,10.48
1.91,19.118,8.7022,19.942,11.092,8.6971,12.818,7.5099,9.271,32.211,23.611,23.789,9.2396,11.791,17.26,14.851,22.197,20.913,15.454,44.693,18.216,28.02,18.88,20.226,47.864,8.1408,30.807,18.61,14.326,27.458,37.922,7.0554,10.726,7.9096,20.622,23.373,13.148,19.409,13.144,14.88,10.488
1.92,19.106,8.6486,20.168,11.157,8.7583,13.091,7.4985,9.4089,32.142,23.8,23.932,9.2249,11.881,17.4,15.017,22.172,21.402,15.61,44.917,18.077,28.506,18.97,20.353,47.884,8.1574,31.578,18.215,14.386,27.591,38.934,7.0568,10.782,7.8963,20.967,23.592,13.214,19.302,13.155,15.119,10.492
1.93,19.091,8.5832,20.375,11.214,8.8177,13.363,7.4854,9.5451,32.051,23.984,24.069,9.211,11.974,17.542,15.184,22.148,21.888,15.762,45.1,17.937,28.932,19.061,20.747,47.869,8.1788,32.341,17.788,14.44,27.7,39.924,7.1196,10.839,7.8731,21.484,23.805,13.279,19.192,13.16,15.354,10.494
1.94,19.079,8.5066,20.561,11.266,8.8749,13.634,7.471,9.6794,31.94,24.164,24.2,9.1981,12.07,17.684,15.353,22.123,22.371,15.913,45.244,17.798,29.302,19.15,21.29,47.818,8.2061,33.09,17.331,14.488,27.783,40.893,7.1903,10.899,7.8395,21.992,24.01,13.341,19.078,13.159,15.586,10.491
1.95,19.061,8.4213,20.738,11.31,8.9303,13.905,7.4561,9.8118,31.813,24.338,24.325,9.1861,12.169,17.826,15.523,22.094,22.85,16.061,45.351,17.655,29.616,19.237,21.824,47.737,8.2397,33.825,16.843,14.524,27.843,41.842,7.2708,10.962,7.7951,22.488,24.209,13.401,18.961,13.152,15.814,10.483
1.96,19.042,8.3287,20.908,11.345,8.9837,14.175,7.6435,9.9424,31.673,24.507,24.443,9.1753,12.27,17.969,15.694,22.063,23.325,16.208,45.424,17.512,29.877,19.325,22.351,47.622,8.2803,34.545,16.333,14.55,27.879,42.77,7.3619,11.029,7.7394,22.971,24.399,13.457,18.84,13.14,16.038,10.471
1.97,19.024,8.2286,21.056,11.372,9.0348,14.443,7.8323,10.071,31.523,24.671,24.557,9.1655,12.373,18.111,15.865,22.035,23.797,16.353,45.456,17.364,30.086,19.409,22.869,47.474,8.329,35.256,15.799,14.574,27.892,43.683,7.4611,11.101,7.6723,23.445,24.583,13.508,18.717,13.122,16.258,10.453
1.98,19.002,8.1208,21.181,11.391,9.0835,14.709,8.0172,10.198,31.366,24.828,24.665,9.1569,12.477,18.253,16.038,22.004,24.265,16.496,45.447,17.214,30.246,19.491,23.378,47.297,8.386,35.951,15.436,14.587,27.883,44.576,7.5661,11.177,7.5937,23.908,24.759,13.553,18.592,13.098,16.473,10.431
1.99,18.978,8.008,21.285,11.402,9.1307,14.974,8.1984,10.324,31.206,24.982,24.766,9.1494,12.582,18.394,16.211,21.969,24.727,16.638,45.397,17.058,30.359,19.569,23.879,47.091,8.4517,36.63,15.375,14.589,27.852,45.45,7.676,11.259,7.5049,24.361,24.928,13.593,18.464,13.069,16.683,10.405
2,18.955,7.8893,21.366,11.407,9.3736,15.236,8.3763,10.448,31.044,25.13,24.864,9.1431,12.686,18.65,16.386,21.934,25.184,16.778,45.312,17.024,30.43,19.643,24.371,46.858,8.5264,37.295,15.312,14.585,27.802,46.307,7.7873,11.346,7.4057,24.805,25.087,13.626,18.334,13.035,16.888,10.376
2.01,18.928,7.7679,21.436,11.407,9.6516,15.497,8.5513,10.571,30.887,25.273,24.955,9.1381,12.792,18.903,16.56,21.9,25.636,16.917,45.194,17.161,30.462,19.713,24.856,46.599,8.6102,37.944,15.242,14.577,27.735,47.147,7.8989,11.438,7.2967,25.24,25.239,13.652,18.204,12.995,17.089,10.344
2.02,18.897,7.6432,21.505,11.401,9.9257,15.754,8.7236,10.693,30.737,25.411,25.043,9.1343,12.898,19.154,16.736,21.862,26.081,17.055,45.038,17.301,30.456,19.778,25.332,46.317,8.7031,38.577,15.172,14.557,27.648,47.977,8.0048,11.535,7.1797,25.669,25.382,13.671,18.072,12.95,17.284,10.31
2.03,18.87,7.5186,21.553,11.389,10.196,16.009,8.8933,10.817,30.595,25.544,25.126,9.1317,13.002,19.404,16.912,21.822,26.52,17.191,44.846,17.443,30.418,20.189,25.8,46.01,8.8048,39.196,15.094,14.527,27.543,48.794,8.0995,11.644,7.056,26.089,25.517,13.681,17.939,12.901,17.475,10.273
2.04,18.838,7.3945,21.584,11.369,10.462,16.262,9.0602,10.945,30.464,25.671,25.207,9.1305,13.106,19.652,17.088,21.784,26.951,17.325,44.621,17.586,30.352,20.727,26.261,45.683,8.9151,39.804,15.013,14.494,27.42,49.596,8.1784,11.76,6.9263,26.501,25.644,13.684,17.805,12.847,17.66,10.236
2.05,18.802,7.272,21.601,11.34,10.724,16.511,9.2241,11.089,30.346,25.794,25.285,9.1306,13.21,19.898,17.265,21.744,27.375,17.458,44.368,17.73,30.259,21.245,26.714,45.335,9.0334,40.397,14.928,14.455,27.283,50.382,8.2403,11.88,6.7936,26.907,25.762,13.679,17.672,12.788,17.84,10.197
2.06,18.768,7.1527,21.625,11.301,10.982,16.758,9.3849,11.238,30.246,25.913,25.36,9.132,13.312,20.143,17.44,21.701,27.791,17.59,44.081,17.874,30.146,21.743,27.159,44.966,9.1595,40.977,14.835,14.405,27.136,51.153,8.2853,12.003,6.6581,27.305,25.872,13.665,17.539,12.726,18.015,10.158
2.07,18.732,7.039,21.634,11.253,11.236,17.002,9.5424,11.389,30.166,26.025,25.436,9.1347,13.414,20.387,17.615,21.656,28.198,17.722,43.76,18.015,30.012,22.218,27.597,44.579,9.2922,41.544,14.74,14.345,26.973,51.912,8.313,12.13,6.5231,27.696,25.973,13.642,17.407,12.659,18.185,10.118
2.08,18.691,6.931,21.644,11.197,11.485,17.242,9.6967,11.541,30.105,26.133,25.512,9.1387,13.514,20.63,17.789,21.614,28.597,17.854,43.405,18.157,29.862,22.671,28.027,44.17,9.4313,42.098,14.642,14.284,26.799,52.653,8.364,12.261,6.3887,28.08,26.067,13.611,17.276,12.589,18.349,10.077
2.09,18.651,7.0023,21.652,11.132,11.73,17.479,9.8484,11.692,30.063,26.235,25.59,9.1441,13.614,20.875,17.961,21.569,28.987,17.986,43.396,18.294,29.698,23.101,28.45,43.744,9.5758,42.639,14.535,14.216,26.622,53.376,8.591,12.399,6.2571,28.456,26.152,13.572,17.147,12.515,18.508,10.036
2.1,18.61,7.1125,21.658,11.061,11.97,17.712,9.9974,11.843,30.044,26.332,25.669,9.1508,13.713,21.12,18.132,21.52,29.368,18.12,43.383,18.428,29.522,23.51,28.865,43.294,9.7245,43.168,14.425,14.138,26.433,54.082,8.8073,12.543,6.1297,28.825,26.292,13.524,17.02,12.438,18.662,9.994
2.11,18.565,7.218,21.667,10.987,12.207,17.942,10.144,11.994,30.049,26.425,25.75,9.1588,13.812,21.366,18.302,21.472,29.74,18.255,43.345,18.557,29.338,23.898,29.273,42.825,9.8771,43.685,14.314,14.051,26.238,54.771,9.0076,12.694,6.213,29.188,26.436,13.467,16.894,12.358,18.811,9.9514
2.12,18.518,7.3186,21.666,10.911,12.438,18.168,10.289,12.143,30.075,26.512,25.832,9.1682,13.91,21.615,18.47,21.425,30.103,18.389,43.282,18.682,29.145,24.265,29.672,42.331,10.032,44.19,14.195,13.964,26.041,55.444,9.1949,12.854,6.3771,29.543,26.573,13.403,16.771,12.275,18.954,9.9079
2.13,18.473,7.4147,21.665,10.834,12.664,18.391,10.432,12.29,30.122,26.594,25.914,9.1789,14.009,21.869,18.636,21.375,30.457,18.526,43.194,18.801,28.945,24.613,30.064,41.814,10.189,44.681,14.071,13.87,25.834,56.102,9.3643,13.025,6.5167,29.892,26.704,13.366,16.651,12.189,19.091,9.8636
2.14,18.424,7.5071,21.669,10.823,12.886,18.609,10.574,12.436,30.192,26.67,25.996,9.1909,14.108,22.125,18.801,21.323,30.802,18.662,43.082,18.913,28.741,24.942,30.448,41.27,10.347,45.159,13.945,13.767,25.632,56.753,9.5169,13.207,6.6314,30.233,26.829,13.358,16.532,12.1,19.223,9.819
2.15,18.372,7.5945,21.666,10.862,13.103,18.823,10.713,12.58,30.284,26.742,26.076,9.2042,14.208,22.383,18.963,21.272,31.137,18.8,42.944,19.019,28.532,25.249,30.823,40.701,10.505,45.625,13.817,13.659,25.423,57.393,9.6526,13.475,6.7223,30.568,26.95,13.341,16.418,12.009,19.35,9.7746
2.16,18.322,7.6768,21.656,10.9,13.315,19.033,10.851,12.722,30.393,26.809,26.156,9.2189,14.309,22.641,19.124,21.22,31.463,18.94,42.782,19.116,28.32,25.533,31.19,40.103,10.662,46.079,13.682,13.548,25.218,58.019,9.7688,13.759,6.7907,30.896,27.066,13.316,16.306,11.917,19.471,9.7332
2.17,18.269,7.754,21.643,10.934,13.521,19.239,10.988,12.862,30.517,26.87,26.234,9.2348,14.412,22.899,19.283,21.166,31.78,19.081,42.596,19.207,28.104,25.793,31.548,39.476,10.817,46.643,13.542,13.531,25.012,58.63,9.871,14.04,6.8379,31.219,27.176,13.284,16.198,11.822,19.587,9.6953
2.18,18.213,7.8263,21.644,10.966,13.723,19.44,11.122,13,30.659,26.927,26.311,9.2519,14.516,23.154,19.441,21.109,32.088,19.222,42.385,19.289,27.887,26.027,31.898,38.822,10.969,47.232,13.402,13.525,24.809,59.226,9.9566,14.314,6.8645,31.535,27.282,13.332,16.093,11.725,19.698,9.66
2.19,18.157,7.8955,21.64,10.995,13.919,19.637,11.255,13.136,30.816,26.977,26.386,9.2704,14.624,23.407,19.596,21.056,32.386,19.363,42.155,19.364,27.665,26.236,32.239,38.138,11.119,47.797,13.258,13.517,24.61,59.805,10.029,14.577,6.8714,31.846,27.384,13.409,15.992,11.627,19.802,9.6265
2.2,18.101,7.9601,21.632,11.022,14.11,19.829,11.385,13.27,30.981,27.023,26.46,9.29,14.734,23.657,19.75,21,32.676,19.504,41.903,19.429,27.44,26.419,32.571,37.427,11.264,48.337,13.109,13.512,24.414,60.368,10.143,14.819,6.8599,32.148,27.482,13.478,15.894,11.527,19.901,9.5933
2.21,18.041,8.02,21.621,11.047,14.295,20.016,11.513,13.402,31.155,27.064,26.533,9.3109,14.846,23.902,19.901,20.942,32.958,19.643,41.625,19.487,27.211,26.578,32.896,36.69,11.405,48.863,12.962,13.522,24.224,60.914,10.249,15.034,6.8314,32.444,27.576,13.538,15.802,11.425,19.994,9.5596
2.22,17.98,8.0756,21.608,11.068,14.473,20.199,11.638,13.531,31.336,27.099,26.605,9.3329,14.96,24.141,20.05,20.883,33.231,19.781,41.324,19.535,26.978,26.714,33.212,35.93,11.54,49.37,12.893,13.546,24.037,61.441,10.343,15.293,6.7885,32.732,27.667,13.591,15.713,11.323,20.082,9.5239
2.23,17.921,8.1275,21.598,11.088,14.645,20.377,11.76,13.658,31.522,27.128,26.677,9.3562,15.074,24.378,20.197,20.826,33.496,19.916,40.998,19.577,26.739,26.824,33.52,35.554,11.67,49.854,12.823,13.571,23.857,61.951,10.424,15.635,6.7333,33.013,27.753,13.636,15.629,11.219,20.164,9.4859
2.24,17.857,8.1766,21.598,11.106,14.81,20.551,11.879,13.782,31.709,27.151,26.748,9.3806,15.191,24.608,20.342,20.766,33.753,20.05,40.659,19.609,26.495,26.907,33.82,35.184,11.794,50.315,12.752,13.596,23.683,62.49,10.492,15.994,6.6684,33.285,27.837,13.673,15.55,11.115,20.24,9.4448
2.25,17.793,8.2218,21.596,11.121,14.968,20.719,11.995,13.905,31.893,27.17,26.818,9.4061,15.309,24.833,20.485,20.705,34.001,20.181,40.296,19.635,26.243,26.961,34.111,34.784,11.912,50.759,12.679,13.622,23.515,63.128,10.55,16.368,6.5964,33.549,27.917,13.704,15.475,11.009,20.31,9.4004
2.26,17.73,8.2634,21.593,11.134,15.119,20.883,12.108,14.025,32.074,27.183,26.888,9.4497,15.429,25.051,20.626,20.644,34.24,20.31,39.908,19.653,25.984,26.986,34.395,34.354,12.023,51.18,12.608,13.646,23.354,63.737,10.597,16.755,6.5193,33.804,27.993,13.727,15.405,10.902,20.375,9.3527
2.27,17.663,8.3022,21.588,11.145,15.264,21.042,12.218,14.143,32.252,27.19,26.957,9.4998,15.551,25.265,20.962,20.584,34.472,20.436,39.509,19.664,25.718,26.98,34.671,33.901,12.127,51.575,12.536,13.67,23.199,64.321,10.633,17.154,6.5488,34.049,28.066,13.744,15.34,10.794,20.435,9.3018
2.28,17.596,8.339,21.583,11.155,15.401,21.196,12.326,14.258,32.421,27.191,27.025,9.5528,15.675,25.473,21.443,20.521,34.697,20.559,39.088,19.668,25.442,26.946,34.94,33.423,12.223,51.947,12.462,13.693,23.051,64.885,10.662,17.563,6.5664,34.285,28.136,13.754,15.28,10.685,20.488,9.2476
2.29,17.53,8.3728,21.578,11.162,15.531,21.345,12.43,14.371,32.577,27.188,27.092,9.6079,15.801,25.675,21.914,20.458,34.914,20.68,38.644,19.666,25.157,26.883,35.201,32.923,12.313,52.294,12.388,13.713,22.91,65.422,10.682,17.98,6.5623,34.51,28.203,13.76,15.225,10.576,20.535,9.1908
2.3,17.461,8.4041,21.572,11.168,15.654,21.49,12.534,14.481,32.843,27.179,27.159,9.6672,15.929,25.87,22.375,20.396,35.123,20.797,38.194,19.659,24.861,26.792,35.454,32.407,12.395,52.621,12.314,13.735,22.777,65.932,10.697,18.403,6.5382,34.727,28.266,13.761,15.175,10.466,20.577,9.1311
2.31,17.391,8.4344,21.58,11.172,15.769,21.629,12.636,14.59,33.111,27.165,27.224,9.7272,16.06,26.093,22.826,20.333,35.325,20.912,37.721,19.645,24.553,26.677,35.701,31.876,12.47,52.931,12.24,13.754,22.65,66.415,10.705,18.83,6.4956,34.933,28.326,13.757,15.13,10.356,20.613,9.0683
2.32,17.322,8.4627,21.588,11.175,15.878,21.763,12.737,14.697,33.373,27.146,27.289,9.7905,16.193,26.601,23.268,20.267,35.521,21.024,37.237,19.629,24.232,26.539,35.94,31.337,12.538,53.218,12.291,13.772,22.53,66.883,10.708,19.258,6.4364,35.13,28.383,13.75,15.091,10.245,20.644,9.0031
2.33,17.25,8.4891,21.596,11.177,15.979,21.893,12.839,14.801,33.627,27.122,27.352,9.8699,16.327,27.095,23.7,20.205,35.709,21.133,36.739,19.607,23.898,26.379,36.173,30.792,12.599,53.485,12.705,13.79,22.418,67.325,10.71,19.685,6.3622,35.315,28.435,13.74,15.058,10.134,20.668,8.9357
2.34,17.179,8.5147,21.604,11.177,16.074,22.018,12.977,14.903,33.868,27.095,27.414,9.9605,16.464,27.575,24.148,20.14,35.975,21.24,36.226,19.581,23.55,26.199,36.399,30.247,12.653,53.73,13.11,13.807,22.309,67.742,10.709,20.108,6.274,35.491,28.484,13.728,15.029,10.286,20.686,8.8655
2.35,17.107,8.5396,21.612,11.176,16.163,22.138,13.111,15.003,34.101,27.063,27.475,10.05,16.603,28.04,24.601,20.074,36.595,21.343,35.707,19.553,23.188,26,36.619,29.707,12.7,53.956,13.503,13.823,22.21,68.135,10.706,20.524,6.1728,35.656,28.528,13.714,15.006,10.49,20.7,8.7941
2.36,17.032,8.5634,21.62,11.173,16.248,22.254,13.242,15.101,34.323,27.027,27.534,10.139,16.744,28.491,25.043,20.011,37.204,21.443,35.172,19.521,22.813,25.785,37.019,29.177,12.742,54.167,13.889,13.841,22.115,68.503,10.702,20.985,6.0603,35.811,28.568,13.699,14.989,10.688,20.708,8.7204
2.37,16.959,8.5865,21.629,11.169,16.329,22.365,13.37,15.197,34.53,26.987,27.591,10.232,16.887,28.928,25.474,19.946,37.802,21.542,34.635,19.488,22.754,25.553,37.672,28.661,12.778,54.356,14.26,13.859,22.026,68.855,10.699,21.603,5.9545,35.957,28.604,13.721,14.976,10.878,20.71,8.6453
2.38,16.884,8.609,21.638,11.164,16.407,22.472,13.495,15.291,34.724,26.944,27.645,10.325,17.032,29.352,25.895,19.879,38.389,21.636,34.083,19.452,23.004,25.48,38.313,28.163,12.808,54.525,14.617,13.879,21.942,69.183,10.695,22.208,5.9398,36.09,28.634,13.963,14.97,11.062,20.708,8.5687
2.39,16.809,8.6316,21.661,11.157,16.483,22.574,13.616,15.383,34.906,26.896,27.697,10.417,17.178,29.764,26.304,19.816,38.964,21.729,33.678,19.415,23.252,25.484,38.942,27.688,12.833,54.673,14.964,13.898,21.861,69.487,10.691,22.787,5.9447,36.214,28.72,14.193,14.969,11.236,20.701,8.4909
2.4,16.734,8.6549,21.684,11.149,16.557,22.673,13.734,15.474,35.07,26.844,27.745,10.508,17.326,30.164,26.704,19.75,39.528,21.819,33.426,19.377,23.497,25.476,39.557,27.24,12.854,54.802,15.294,13.919,21.786,69.768,10.687,23.328,5.944,36.325,28.878,14.41,14.973,11.402,20.69,8.4123
2.41,16.657,8.6783,21.708,11.14,16.63,22.767,13.848,15.562,35.217,26.787,27.79,10.598,17.477,30.555,27.095,19.684,40.081,21.906,33.17,19.338,23.739,25.455,40.159,26.82,12.872,54.914,15.612,13.937,21.714,70.026,10.684,23.823,5.9379,36.424,29.019,14.617,14.982,11.558,20.673,8.3326
2.42,16.582,8.7021,21.732,11.129,16.701,22.857,13.958,15.65,35.352,26.727,27.831,10.687,17.629,30.936,27.477,19.62,40.622,21.99,32.914,19.299,23.975,25.423,40.743,26.434,12.887,55.016,15.92,13.955,21.643,70.269,10.68,24.273,5.9273,36.51,29.143,14.813,14.997,11.705,20.653,8.2526
2.43,16.541,8.7266,21.757,11.117,16.771,22.945,14.065,15.737,35.468,26.663,27.869,10.774,17.782,31.308,27.853,19.554,41.152,22.072,32.657,19.259,24.206,25.378,41.312,26.082,12.9,55.1,16.238,13.972,21.577,70.492,10.677,24.678,5.9123,36.583,29.252,15,15.017,11.841,20.629,8.172
2.44,16.587,8.7519,21.782,11.104,16.84,23.029,14.167,15.824,35.566,26.595,27.901,10.865,17.936,31.671,28.223,19.486,41.671,22.151,32.397,19.219,24.43,25.32,41.861,25.765,12.911,55.168,16.551,13.986,21.512,70.693,10.674,25.037,5.8933,36.644,29.352,15.187,15.042,12.016,20.601,8.0913
2.45,16.634,8.7783,21.813,11.088,16.907,23.11,14.266,15.914,35.651,26.523,27.931,10.957,18.092,32.026,28.587,19.421,42.179,22.228,32.134,19.18,24.646,25.25,42.39,25.484,12.922,55.22,16.853,14.001,21.446,70.874,10.672,25.351,5.8704,36.692,29.443,15.374,15.072,12.246,20.568,8.0106
2.46,16.68,8.8059,21.852,11.072,16.972,23.19,14.361,16.011,35.715,26.449,27.957,11.048,18.249,32.372,28.948,19.355,42.675,22.301,31.874,19.141,24.853,25.167,42.896,25.239,12.934,55.262,17.144,14.014,21.384,71.035,10.671,25.625,5.8439,36.727,29.524,15.549,15.107,12.462,20.531,7.9299
2.47,16.725,8.8349,21.891,11.054,17.086,23.269,14.453,16.113,35.766,26.372,27.978,11.137,18.407,32.711,29.302,19.287,43.16,22.373,31.61,19.101,25.052,25.072,43.379,25.029,12.945,55.292,17.422,14.023,21.321,71.179,10.67,25.853,5.8139,36.75,29.594,15.712,15.147,12.664,20.49,7.8499
2.48,16.769,8.8654,21.93,11.034,17.258,23.347,14.543,16.218,35.8,26.295,27.996,11.225,18.567,33.042,29.649,19.219,43.633,22.441,31.344,19.062,25.24,24.966,43.837,24.853,12.958,55.382,17.685,14.033,21.256,71.309,10.67,26.036,5.7807,36.76,29.66,15.864,15.192,12.851,20.445,7.7703
2.49,16.813,8.9565,21.974,11.013,17.434,23.427,14.629,16.321,35.816,26.221,28.01,11.312,18.728,33.368,29.988,19.152,44.093,22.508,31.081,19.024,25.417,24.847,44.269,24.71,12.973,55.498,17.935,14.041,21.192,71.42,10.671,26.179,5.7442,36.759,29.726,16.005,15.241,13.024,20.396,7.6917
2.5,16.855,9.0484,22.026,10.99,17.614,23.506,14.711,16.424,35.821,26.153,28.02,11.397,18.89,33.689,30.317,19.084,44.54,22.572,30.816,18.986,25.584,24.717,44.673,24.596,12.99,55.604,18.172,14.046,21.126,71.513,10.673,26.282,5.7042,36.745,29.791,16.136,15.295,13.182,20.342,7.6143
2.51,16.897,9.1395,22.084,10.966,17.799,23.586,14.789,16.525,35.806,26.089,28.027,11.481,19.053,34.006,30.636,19.014,44.974,22.633,30.55,18.947,25.739,24.576,45.05,24.509,13.01,55.704,18.396,14.05,21.056,71.588,10.676,26.337,5.6608,36.718,29.855,16.256,15.353,13.326,20.285,7.5518
2.52,16.941,9.2291,22.16,10.94,17.99,23.666,14.864,16.623,35.783,26.029,28.03,11.569,19.217,34.323,30.944,18.943,45.392,22.692,30.287,18.91,25.882,24.427,45.396,24.447,13.034,55.793,18.607,14.054,20.986,71.645,10.68,26.341,5.7035,36.679,29.918,16.366,15.416,13.456,20.223,7.7089
2.53,16.984,9.3188,22.256,10.914,18.183,23.746,14.934,16.719,35.74,25.974,28.03,11.657,19.381,34.64,31.242,18.874,45.799,22.749,30.02,18.871,26.013,24.268,45.711,24.406,13.063,55.872,18.806,14.055,20.913,71.691,10.686,26.287,5.7798,36.627,29.973,16.483,15.483,13.572,20.156,7.8497
2.54,17.026,9.4071,22.362,10.885,18.375,23.825,15,16.812,35.693,25.982,28.026,11.751,19.547,34.957,31.528,18.804,46.191,22.803,29.757,18.832,26.132,24.101,45.993,24.383,13.098,55.942,18.994,14.057,20.835,71.722,10.693,26.173,5.8573,36.563,30.017,16.601,15.554,13.675,20.085,7.9744
2.55,17.068,9.4947,22.472,10.855,18.562,23.903,15.063,16.902,35.626,26.513,28.018,11.87,19.713,35.274,31.802,18.733,46.568,22.856,29.492,18.794,26.238,23.928,46.243,24.374,13.14,56.002,19.172,14.056,20.774,71.736,10.703,26.002,5.9357,36.485,30.051,16.713,15.629,13.766,20.009,8.0829
2.56,17.109,9.5825,22.589,10.824,18.741,23.98,15.124,16.989,35.557,27.038,28.007,11.987,19.881,35.589,32.065,18.661,46.931,22.907,29.23,18.755,26.332,23.748,46.458,24.378,13.188,56.053,19.34,14.057,20.814,71.734,10.725,25.778,6.0151,36.394,30.072,16.82,15.707,13.846,19.93,8.1758
2.57,17.149,9.6693,22.705,10.791,18.912,24.056,15.181,17.072,35.472,27.556,27.993,12.103,20.049,35.9,32.315,18.587,47.28,22.958,28.966,18.714,26.413,23.566,46.637,24.39,13.243,56.097,19.498,14.086,20.853,71.717,10.768,25.499,6.0953,36.291,30.081,16.921,15.789,13.914,19.844,8.2537
2.58,17.188,9.7559,22.829,10.757,19.075,24.131,15.236,17.153,35.384,28.066,27.976,12.218,20.218,36.205,32.553,18.514,47.614,23.283,28.706,18.672,26.482,23.382,46.782,24.408,13.306,56.133,19.646,14.118,20.89,71.688,10.814,25.169,6.1764,36.175,30.077,17.017,15.875,13.972,19.756,8.3175
2.59,17.227,9.8431,22.955,10.722,19.228,24.205,15.29,17.23,35.285,28.566,27.955,12.334,20.388,36.505,32.778,18.442,47.932,23.596,28.445,18.63,26.539,23.196,46.893,24.429,13.376,56.163,19.784,14.15,20.923,71.651,10.861,24.794,6.2585,36.045,30.062,17.106,15.964,14.021,19.662,8.3684
2.6,17.266,9.9298,23.08,10.686,19.374,24.277,15.344,17.303,35.182,29.055,27.931,12.452,20.559,36.799,32.992,18.369,48.236,23.898,28.189,18.585,26.584,23.009,46.97,24.452,13.454,56.187,19.909,14.183,20.952,71.599,10.91,24.386,6.3414,35.902,30.036,17.189,16.057,14.062,19.564,8.4073
2.61,17.306,10.017,23.216,10.648,19.511,24.348,15.397,17.373,35.073,29.533,27.903,12.569,20.731,37.086,33.195,18.294,48.522,24.187,27.93,18.539,26.618,22.818,47.016,24.474,13.542,56.204,20.023,14.214,20.98,71.535,10.96,24.175,6.4252,35.749,30,17.264,16.152,14.094,19.462,8.4356
2.62,17.345,10.104,23.353,10.609,19.641,24.416,15.45,17.44,34.959,29.997,27.872,12.684,20.904,37.365,33.389,18.218,48.795,24.464,27.678,18.491,26.639,22.625,47.03,24.494,13.638,56.214,20.124,14.245,21.001,71.458,11.011,23.98,6.5099,35.583,29.954,17.332,16.251,14.12,19.355,8.4545
2.63,17.383,10.192,23.497,10.57,19.763,24.484,15.502,17.503,34.845,30.45,27.839,12.797,21.078,37.638,33.573,18.141,49.05,24.729,27.426,18.44,26.65,22.428,47.016,24.511,13.742,56.215,20.214,14.273,21.019,71.374,11.064,23.765,6.5956,35.406,29.898,17.392,16.352,14.14,19.245,8.465
2.64,17.421,10.281,23.648,10.529,19.881,24.551,15.553,17.563,34.726,30.89,27.802,12.909,21.253,37.907,33.747,18.066,49.289,24.981,27.176,18.386,26.65,22.229,46.974,24.525,13.851,56.209,20.294,14.303,21.033,71.282,11.117,23.533,6.6825,35.219,29.834,17.444,16.456,14.154,19.131,8.4688
2.65,17.458,10.371,23.799,10.488,19.995,24.616,15.603,17.619,34.608,31.316,27.761,13.019,21.429,38.173,33.913,17.991,49.509,25.221,26.931,18.331,26.641,22.025,46.907,24.533,13.965,56.195,20.361,14.329,21.04,71.178,11.172,23.287,6.7706,35.021,29.76,17.486,16.562,14.165,19.013,8.4665
2.66,17.494,10.461,23.948,10.445,20.105,24.68,15.651,17.671,34.49,31.728,27.718,13.128,21.606,38.439,34.067,17.914,49.714,25.447,26.686,18.271,26.622,21.819,46.814,24.537,14.083,56.174,20.417,14.357,21.046,71.062,11.228,23.027,6.8601,34.814,29.679,17.518,16.671,14.173,18.892,8.4598
2.67,17.529,10.553,24.105,10.402,20.209,24.742,15.696,17.721,34.37,32.127,27.672,13.241,21.785,38.708,34.212,17.837,49.9,25.661,26.447,18.208,26.594,21.609,46.696,24.537,14.205,56.145,20.462,14.382,21.044,70.935,11.287,22.756,6.9509,34.599,29.592,17.54,16.782,14.178,18.767,8.4495
2.68,17.564,10.647,24.256,10.358,20.308,24.803,15.74,17.767,34.256,32.51,27.623,13.353,21.965,39,34.345,17.759,50.07,25.966,26.21,18.143,26.557,21.397,46.554,24.533,14.332,56.11,20.498,14.407,21.038,70.8,11.346,22.475,7.0431,34.375,29.5,17.55,16.895,14.183,18.639,8.4369
2.69,17.598,10.742,24.406,10.313,20.401,24.862,15.782,17.81,34.143,32.88,27.572,13.463,22.146,39.292,34.466,17.679,50.222,26.354,25.975,18.073,26.513,21.206,46.385,24.527,14.462,56.069,20.526,14.43,21.026,70.657,11.408,22.188,7.1369,34.144,29.402,17.549,17.01,14.186,18.508,8.4233
2.7,17.633,10.838,24.56,10.267,20.488,24.919,15.823,17.851,34.031,33.233,27.518,13.571,22.328,39.574,34.576,17.6,50.356,26.734,25.746,17.999,26.462,21.054,46.19,24.518,14.596,56.02,20.546,14.454,21.008,70.503,11.471,21.895,7.232,33.906,29.3,17.535,17.127,14.191,18.374,8.4095
2.71,17.668,10.937,24.725,10.22,20.569,24.973,15.864,17.888,33.926,33.571,27.461,13.677,22.512,39.845,34.675,17.522,50.474,27.102,25.521,17.922,26.404,20.902,45.969,24.507,14.734,55.964,20.56,14.476,20.985,70.337,11.537,21.598,7.3285,33.662,29.193,17.527,17.246,14.197,18.238,8.3966
2.72,17.702,11.035,24.966,10.172,20.641,25.025,15.904,17.924,33.825,33.894,27.403,13.782,22.697,40.107,34.76,17.444,50.573,27.454,25.298,17.84,26.342,20.749,45.721,24.497,14.876,55.899,20.568,14.498,20.956,70.161,11.604,21.299,7.4261,33.409,29.082,17.552,17.367,14.204,18.098,8.3858
2.73,17.736,11.136,25.206,10.123,20.706,25.075,15.942,17.958,33.728,34.201,27.342,13.884,22.883,40.358,34.835,17.364,50.657,27.79,25.079,17.753,26.275,20.595,45.448,24.489,15.022,55.826,20.567,14.518,20.922,70.024,11.673,21.002,7.525,33.149,28.968,17.564,17.489,14.215,17.957,8.3781
2.74,17.769,11.237,25.439,10.073,20.763,25.122,15.979,17.991,33.635,34.491,27.279,13.985,23.071,40.598,34.898,17.284,50.723,28.109,24.867,17.663,26.204,20.441,45.15,24.485,15.171,55.746,20.557,14.538,20.881,69.947,11.744,20.708,7.6247,32.881,28.855,17.562,17.612,14.23,17.812,8.3742
2.75,17.801,11.339,25.678,10.022,20.813,25.166,16.013,18.026,33.553,34.765,27.215,14.087,23.259,40.83,34.95,17.203,50.771,28.412,24.658,17.569,26.13,20.287,44.827,24.485,15.324,55.662,20.539,14.596,20.834,69.863,11.829,20.417,7.725,32.607,28.744,17.547,17.736,14.248,17.778,8.3753
2.76,17.833,11.443,25.912,9.9697,20.856,25.208,16.046,18.072,33.475,35.023,27.15,14.19,23.45,41.051,34.991,17.179,50.803,28.698,24.453,17.469,26.055,20.133,44.482,24.491,15.48,55.571,20.51,14.706,20.782,69.772,12.059,20.13,7.8256,32.327,28.631,17.518,17.862,14.272,17.752,8.3822
2.77,17.864,11.546,26.136,9.9172,20.891,25.247,16.075,18.126,33.403,35.267,27.084,14.292,23.642,41.262,35.021,17.206,50.818,28.969,24.251,17.366,26.055,19.979,44.114,24.505,15.639,55.473,20.474,14.805,20.723,69.674,12.28,19.848,7.9262,32.041,28.514,17.475,17.988,14.3,17.722,8.3959
2.78,17.894,11.651,26.35,9.8634,20.919,25.284,16.102,18.181,33.336,35.499,27.016,14.391,23.836,41.465,35.042,17.234,50.815,29.226,24.056,17.258,26.307,19.826,43.724,24.528,15.801,55.368,20.425,14.906,20.66,69.569,12.494,19.571,8.0264,31.749,28.397,17.416,18.116,14.334,17.688,8.4171
2.79,17.924,11.755,26.559,9.809,20.939,25.319,16.127,18.236,33.281,35.719,26.948,14.488,24.031,41.658,35.054,17.261,50.798,29.473,23.867,17.145,26.562,19.673,43.717,24.562,15.966,55.255,20.373,15.031,20.589,69.459,12.698,19.315,8.1259,31.453,28.276,17.343,18.244,14.375,17.651,8.4466
2.8,17.953,11.861,26.771,9.7536,20.952,25.351,16.148,18.29,33.231,35.931,26.879,14.584,24.228,41.84,35.059,17.288,50.763,29.716,23.681,17.028,26.816,19.521,43.867,24.608,16.133,55.136,20.309,15.15,20.514,69.346,12.893,19.072,8.2241,31.154,28.15,17.254,18.373,14.422,17.609,8.4853
2.81,17.982,11.968,26.972,9.6971,20.958,25.381,16.166,18.342,33.188,36.137,26.809,14.676,24.427,42.015,35.059,17.314,50.712,29.959,23.5,16.907,27.066,19.371,44.018,24.667,16.301,55.013,20.238,15.254,20.432,69.226,13.08,18.83,8.3208,30.851,28.019,17.148,18.503,14.476,17.564,8.5337
2.82,18.011,12.074,27.162,9.64,20.955,25.411,16.181,18.392,33.15,36.335,26.739,14.767,24.628,42.179,35.054,17.34,50.646,30.199,23.324,16.782,27.31,19.221,44.169,24.74,16.472,54.882,20.161,15.342,20.344,69.1,13.258,18.588,8.4153,30.546,27.887,17.028,18.632,14.536,17.515,8.5925
2.83,18.041,12.182,27.339,9.5816,20.947,25.437,16.194,18.441,33.12,36.524,26.668,14.861,24.83,42.332,35.05,17.365,50.566,30.43,23.152,16.652,27.544,19.073,44.32,24.828,16.644,54.742,20.075,15.414,20.251,68.967,13.433,18.346,8.5072,30.239,27.752,16.891,18.763,14.603,17.463,8.6622
2.84,18.069,12.29,27.503,9.5227,20.931,25.464,16.203,18.488,33.099,36.701,26.596,14.954,25.034,42.476,35.052,17.39,50.657,30.65,22.986,16.52,27.766,18.926,44.47,24.931,16.817,54.594,19.984,15.47,20.15,68.829,13.606,18.105,8.5963,29.931,27.613,16.737,18.894,14.678,17.408,8.7431
2.85,18.097,12.397,27.664,9.4627,20.91,25.488,16.21,18.534,33.084,36.866,26.524,15.046,25.238,42.609,35.063,17.414,50.824,30.856,22.827,16.383,27.975,18.781,44.621,25.05,16.991,54.444,19.888,15.508,20.045,68.683,13.776,17.864,8.6819,29.621,27.467,16.567,19.024,14.759,17.348,8.8356
2.86,18.125,12.504,27.823,9.402,20.882,25.512,16.214,18.578,33.073,37.017,26.452,15.135,25.444,42.733,35.085,17.438,50.965,31.047,22.673,16.242,28.267,18.638,44.771,25.184,17.165,54.285,19.785,15.531,19.934,68.537,13.942,17.626,8.7638,29.309,27.316,16.381,19.156,14.847,17.285,8.9399
2.87,18.151,12.611,27.969,9.3404,20.85,25.536,16.216,18.622,33.068,37.151,26.379,15.221,25.651,42.844,35.117,17.462,51.08,31.222,22.524,16.097,28.567,18.497,44.92,25.335,17.338,54.117,19.677,15.558,19.815,68.385,14.101,17.391,8.8416,28.996,27.158,16.179,19.287,14.942,17.219,9.056
2.88,18.177,12.717,28.101,9.2779,20.813,25.558,16.215,18.665,33.07,37.269,26.306,15.306,25.858,42.946,35.157,17.485,51.17,31.381,22.379,15.951,28.838,18.357,45.069,25.502,17.512,53.941,19.567,15.693,19.693,68.227,14.254,17.159,8.9149,28.682,26.994,15.96,19.417,15.044,17.149,9.1838
2.89,18.203,12.822,28.219,9.2148,20.772,25.58,16.211,18.711,33.079,37.59,26.233,15.392,26.066,43.036,35.204,17.508,51.237,31.523,22.239,15.801,29.077,18.22,45.218,25.684,17.684,53.763,19.453,15.823,19.563,68.062,14.396,16.927,8.9834,28.367,26.823,15.726,19.549,15.152,17.076,9.3232
2.9,18.228,12.925,28.322,9.1506,20.729,25.602,16.206,18.76,33.091,37.994,26.161,15.479,26.275,43.115,35.253,17.53,51.279,31.651,22.105,15.647,29.285,18.086,45.365,25.88,17.855,53.575,19.333,15.942,19.428,67.892,14.532,16.693,9.0467,28.051,26.645,15.476,19.679,15.267,17,9.4739
2.91,18.252,13.026,28.415,9.0861,20.688,25.623,16.216,18.814,33.106,38.393,26.101,15.563,26.484,43.184,35.299,17.552,51.299,31.763,21.975,15.491,29.461,17.954,45.513,26.091,18.024,53.378,19.213,16.05,19.287,67.715,14.66,16.457,9.1046,27.736,26.462,15.211,19.809,15.388,16.921,9.6354
2.92,18.276,13.126,28.512,9.0204,20.652,25.642,16.225,18.872,33.124,38.782,26.09,15.645,26.694,43.242,35.339,17.573,51.298,31.861,21.85,15.334,29.605,17.825,45.66,26.314,18.206,53.177,19.092,16.145,19.138,67.537,14.792,16.218,9.1566,27.42,26.273,14.931,19.94,15.515,16.838,9.8073
2.93,18.299,13.304,28.594,8.9543,20.621,25.662,16.234,18.931,33.15,39.158,26.077,15.73,26.904,43.29,35.372,17.594,51.274,31.948,21.731,15.174,29.718,17.699,45.807,26.548,18.414,52.969,18.967,16.23,18.985,67.351,14.978,15.973,9.2023,27.106,26.21,14.637,20.069,15.647,16.752,9.9889
2.94,18.322,13.49,28.662,8.8874,20.589,25.68,16.243,18.988,33.178,39.523,26.063,15.815,27.113,43.327,35.395,17.615,51.23,32.023,21.619,15.012,29.801,17.575,45.953,26.793,18.62,52.75,18.842,16.308,18.824,67.158,15.16,15.722,9.2413,26.792,26.153,14.33,20.199,15.784,16.663,10.18
2.95,18.344,13.676,28.715,8.8196,20.555,25.697,16.251,19.043,33.207,39.872,26.049,15.901,27.323,43.354,35.409,17.635,51.164,32.088,21.511,14.849,29.855,17.455,46.099,27.048,18.823,52.527,18.718,16.382,18.659,66.956,15.336,15.463,9.2735,26.48,26.098,14.154,20.328,15.927,16.571,10.378
2.96,18.368,13.863,28.755,8.7516,20.519,25.712,16.26,19.096,33.236,40.206,26.032,15.991,27.532,43.371,35.413,17.655,51.077,32.144,21.407,14.684,29.879,17.338,46.245,27.31,19.024,52.297,18.592,16.461,18.485,66.754,15.51,15.196,9.3049,26.169,26.047,14.261,20.456,16.074,16.477,10.585
2.97,18.391,14.051,28.785,8.6826,20.481,25.726,16.268,19.147,33.269,40.523,26.016,16.084,27.74,43.377,35.405,17.674,50.97,32.191,21.309,14.519,29.875,17.225,46.391,27.578,19.225,52.055,18.466,16.55,18.307,66.544,15.678,14.921,9.3473,25.861,26.029,14.365,20.584,16.225,16.379,10.797
2.98,18.413,14.238,28.816,8.6129,20.441,25.738,16.275,19.196,33.305,40.821,25.997,16.179,27.948,43.374,35.386,17.693,50.842,32.228,21.215,14.353,29.843,17.115,46.536,27.85,19.43,51.812,18.343,16.639,18.121,66.327,15.843,14.638,9.3837,25.555,26.029,14.467,20.71,16.38,16.279,11.016
2.99,18.435,14.428,28.835,8.543,20.4,25.747,16.281,19.241,33.339,41.103,25.978,16.274,28.155,43.36,35.356,17.712,50.695,32.259,21.125,14.186,29.784,17.008,46.68,28.126,19.639,51.557,18.221,16.718,17.929,66.102,16,14.347,9.4134,25.252,26.034,14.566,20.837,16.539,16.175,11.239
3,18.456,14.625,28.839,8.4723,20.358,25.754,16.286,19.285,33.372,41.364,25.957,16.366,28.36,43.337,35.315,17.73,50.531,32.283,21.04,14.02,29.996,16.905,46.824,28.403,19.853,51.297,18.099,16.786,17.732,65.876,16.149,14.05,9.4367,24.953,26.042,14.661,20.962,16.7,16.07,11.466
3.01,18.476,14.822,28.831,8.4009,20.315,25.759,16.29,19.324,33.406,41.648,25.935,16.534,28.566,43.304,35.264,17.748,50.352,32.303,20.959,13.853,30.293,16.806,46.967,28.679,20.072,51.029,18.01,16.84,17.526,65.641,16.291,13.912,9.4542,24.657,26.052,14.754,21.087,16.865,15.961,11.696
3.02,18.496,15.02,28.82,8.3292,20.272,25.76,16.293,19.362,33.441,41.964,25.912,16.708,28.769,43.263,35.201,17.767,50.158,32.318,20.883,13.687,30.566,16.711,47.108,28.954,20.294,50.751,17.993,16.879,17.317,65.396,16.425,14.03,9.4668,24.365,26.064,14.844,21.211,17.032,15.85,11.927
3.03,18.516,15.217,28.805,8.2571,20.228,25.759,16.294,19.396,33.473,42.27,25.888,16.876,28.97,43.213,35.128,17.786,49.949,32.329,20.81,13.521,30.816,16.619,47.249,29.223,20.517,50.469,17.972,16.904,17.1,65.151,16.552,14.145,9.4758,24.079,26.078,14.931,21.334,17.201,15.737,12.16
3.04,18.535,15.413,28.778,8.1843,20.183,25.755,16.294,19.427,33.502,42.564,25.863,17.044,29.171,43.157,35.043,17.804,49.726,32.336,20.742,13.356,31.04,16.531,47.388,29.489,20.74,50.176,17.951,16.915,16.876,64.897,16.67,14.256,9.4814,23.797,26.093,15.014,21.456,17.372,15.621,12.393
3.05,18.553,15.607,28.757,8.1109,20.136,25.749,16.293,19.457,33.531,42.848,25.837,17.214,29.37,43.092,34.948,17.822,49.488,32.337,20.677,13.192,31.242,16.448,47.524,29.746,20.958,49.88,17.926,16.913,16.649,64.632,16.776,14.361,9.4838,23.52,26.11,15.093,21.578,17.544,15.503,12.626
3.06,18.571,15.802,28.745,8.0375,20.088,25.74,16.291,19.482,33.558,43.12,25.81,17.404,29.566,43.022,34.844,17.84,49.36,32.331,20.616,13.03,31.418,16.368,47.66,29.996,21.172,49.573,17.902,16.898,16.416,64.367,16.872,14.461,9.4828,23.249,26.129,15.169,21.698,17.717,15.383,12.857
3.07,18.589,15.995,28.737,7.9636,20.04,25.729,16.287,19.505,33.581,43.382,25.781,17.608,29.761,42.946,34.728,17.857,49.405,32.316,20.56,12.87,31.57,16.292,47.793,30.234,21.38,49.262,17.879,16.87,16.37,64.089,16.959,14.553,9.4937,22.985,26.149,15.241,21.817,17.89,15.261,13.085
3.08,18.606,16.187,28.718,7.8892,19.993,25.714,16.282,19.525,33.6,43.632,25.752,17.814,29.953,42.864,34.603,17.874,49.448,32.291,20.507,12.711,31.698,16.221,47.924,30.462,21.582,48.943,17.861,16.832,16.388,63.808,17.037,14.636,9.5208,22.727,26.171,15.309,21.936,18.064,15.137,13.311
3.09,18.622,16.377,28.697,7.8144,19.944,25.698,16.276,19.542,33.618,43.871,25.722,18.015,30.144,42.776,34.469,17.89,49.487,32.255,20.459,12.554,31.8,16.153,48.052,30.676,21.779,48.616,17.853,16.786,16.401,63.517,17.106,14.712,9.5254,22.476,26.194,15.463,22.053,18.238,15.011,13.533
3.1,18.638,16.567,28.673,7.7395,19.893,25.679,16.268,19.557,33.633,44.1,25.691,18.214,30.332,42.684,34.325,17.907,49.523,32.208,20.413,12.4,31.878,16.09,48.177,30.877,21.971,48.285,17.854,16.732,16.41,63.219,17.165,14.777,9.5085,22.312,26.218,15.657,22.17,18.411,14.968,13.751
3.11,18.654,16.754,28.639,7.6644,19.839,25.658,16.259,19.568,33.642,44.318,25.658,18.414,30.517,42.586,34.173,17.923,49.553,32.15,20.37,12.247,31.929,16.03,48.299,31.062,22.161,47.943,17.857,16.671,16.412,62.913,17.211,14.832,9.4707,22.283,26.243,15.85,22.286,18.584,15.292,13.964
3.12,18.671,16.938,28.594,7.589,19.782,25.634,16.25,19.578,33.646,44.526,25.625,18.607,30.701,42.482,34.014,17.938,49.577,32.081,20.33,12.097,31.955,15.975,48.419,31.23,22.35,47.602,17.863,16.601,16.412,62.599,17.242,14.878,9.4133,22.253,26.27,16.04,22.402,18.755,15.608,14.172
3.13,18.687,17.122,28.55,7.5133,19.721,25.609,16.239,19.584,33.65,44.723,25.591,18.794,30.881,42.374,33.848,17.953,49.595,32.002,20.294,12.052,31.954,15.924,48.535,31.381,22.54,47.25,17.869,16.523,16.405,62.276,17.259,14.912,9.3687,22.222,26.298,16.229,22.516,18.924,15.916,14.375
3.14,18.703,17.303,28.503,7.4373,19.658,25.582,16.227,19.589,33.647,44.91,25.556,18.975,31.058,42.261,33.747,17.968,49.605,31.913,20.259,12.01,31.926,15.877,48.647,31.515,22.732,46.895,17.877,16.436,16.396,61.948,17.295,14.935,9.3459,22.191,26.326,16.415,22.63,19.092,16.216,14.572
3.15,18.718,17.482,28.447,7.3613,19.592,25.554,16.214,19.621,33.638,45.086,25.52,19.153,31.233,42.143,33.745,17.983,49.606,31.814,20.227,11.969,31.873,15.834,48.757,31.628,22.925,46.535,17.886,16.34,16.379,61.606,17.489,14.948,9.3245,22.158,26.356,16.599,22.743,19.258,16.507,14.762
3.16,18.732,17.659,28.384,7.2853,19.523,25.524,16.2,19.71,33.627,45.252,25.483,19.332,31.406,42.019,33.74,17.997,49.6,31.704,20.198,11.928,31.793,15.795,48.864,31.721,23.115,46.165,17.896,16.235,16.359,61.266,17.679,14.949,9.3041,22.123,26.387,16.781,22.855,19.421,16.79,14.945
3.17,18.747,17.833,28.312,7.2092,19.45,25.495,16.186,19.799,33.611,45.407,25.445,19.506,31.613,41.89,33.729,18.011,49.584,31.759,20.171,11.887,31.687,15.76,48.967,31.795,23.303,45.799,17.906,16.125,16.334,60.911,17.87,14.939,9.2838,22.088,26.418,16.96,22.966,19.582,17.064,15.12
3.18,18.76,18.004,28.242,7.1328,19.375,25.465,16.171,19.887,33.589,45.551,25.407,19.673,31.823,41.757,33.713,18.025,49.559,31.895,20.146,11.845,31.555,15.729,49.066,31.847,23.487,45.423,17.919,16.015,16.303,60.553,18.055,14.918,9.2637,22.052,26.451,17.137,23.075,19.74,17.33,15.288
3.19,18.774,18.173,28.171,7.0564,19.296,25.434,16.155,19.973,33.561,45.685,25.367,19.833,32.035,41.619,33.691,18.039,49.523,32.021,20.164,11.802,31.399,15.703,49.162,31.877,23.664,45.043,17.932,15.934,16.269,60.187,18.24,14.887,9.2442,22.015,26.484,17.311,23.184,19.895,17.587,15.446
3.2,18.787,18.338,28.094,6.9799,19.215,25.443,16.138,20.06,33.532,45.807,25.327,19.986,32.247,41.53,33.664,18.052,49.477,32.141,20.385,11.758,31.218,15.68,49.254,31.885,23.834,44.662,17.947,15.856,16.228,59.809,18.421,14.845,9.2258,21.977,26.517,17.483,23.316,20.047,17.835,15.595
3.21,18.799,18.5,28.01,6.9478,19.129,25.498,16.121,20.146,33.496,45.918,25.285,20.145,32.457,41.618,33.629,18.065,49.418,32.251,20.604,11.713,31.013,15.661,49.342,31.872,23.995,44.274,17.964,15.776,16.184,59.434,18.599,14.794,9.2091,21.937,26.552,17.652,23.564,20.196,18.074,15.733
3.22,18.811,18.66,27.922,6.9723,19.04,25.551,16.104,20.231,33.453,46.017,25.244,20.298,32.666,41.7,33.588,18.077,49.348,32.356,20.823,11.667,30.786,15.647,49.425,31.836,24.148,43.886,17.981,15.689,16.134,59.046,18.773,14.734,9.1947,21.897,26.587,17.818,23.809,20.342,18.305,15.862
3.23,18.822,18.816,27.828,6.9965,18.947,25.602,16.086,20.315,33.408,46.106,25.2,20.445,32.888,41.777,33.542,18.089,49.268,32.452,21.043,11.62,30.557,15.636,49.505,31.777,24.293,43.494,18.003,15.593,16.08,58.651,18.944,14.663,9.2022,21.856,26.623,17.982,24.051,20.484,18.526,15.979
3.24,18.834,18.967,27.732,7.0206,18.851,25.653,16.069,20.398,33.358,46.185,25.157,20.634,33.11,41.847,33.49,18.101,49.174,32.541,21.262,11.573,30.874,15.63,49.581,31.696,24.429,43.098,18.025,15.488,16.021,58.256,19.109,14.583,9.2419,21.814,26.659,18.142,24.29,20.623,18.739,16.085
3.25,18.844,19.117,27.643,7.0448,18.751,25.701,16.051,20.482,33.302,46.253,25.112,20.828,33.329,41.913,33.431,18.113,49.069,32.622,21.48,11.525,31.278,15.627,49.651,31.593,24.557,42.703,18.049,15.373,16.042,57.85,19.272,14.493,9.2819,21.773,26.695,18.301,24.525,20.757,18.943,16.179
3.26,18.854,19.262,27.551,7.0689,18.648,25.749,16.034,20.564,33.24,46.312,25.068,21.015,33.546,41.973,33.366,18.125,48.95,32.696,21.697,11.476,31.735,15.628,49.717,31.467,24.676,42.303,18.077,15.249,16.124,57.436,19.428,14.396,9.323,21.731,26.732,18.456,24.757,20.888,19.139,16.261
3.27,18.864,19.402,27.455,7.0927,18.543,25.794,16.017,20.646,33.178,46.361,25.022,21.196,33.761,42.028,33.296,18.136,48.818,32.762,21.913,11.427,32.199,15.633,49.778,31.318,24.786,41.902,18.106,15.114,16.203,57.025,19.581,14.292,9.3658,21.691,26.77,18.609,24.985,21.015,19.327,16.332
3.28,18.875,19.541,27.357,7.1163,18.436,25.839,16,20.727,33.109,46.401,24.975,21.377,33.972,42.077,33.221,18.147,48.672,32.822,22.129,11.377,32.67,15.642,49.835,31.147,24.886,41.501,18.136,14.972,16.277,56.604,19.726,14.181,9.411,21.65,26.807,18.758,25.211,21.138,19.506,16.392
3.29,18.886,19.675,27.256,7.1397,18.326,25.882,15.984,20.808,33.034,46.433,24.928,21.557,34.181,42.121,33.14,18.158,48.512,32.874,22.344,11.328,33.148,15.654,49.886,30.955,24.977,41.095,18.171,14.819,16.352,56.175,19.869,14.187,9.4592,21.608,26.845,18.904,25.433,21.256,19.676,16.443
3.3,18.896,19.806,27.154,7.1629,18.214,25.924,15.968,20.888,32.956,46.455,24.88,21.729,34.385,42.16,33.055,18.169,48.337,32.919,22.557,11.278,33.632,15.67,49.931,30.742,25.058,40.693,18.207,14.658,16.423,55.747,20.005,14.258,9.5109,21.566,26.883,19.048,25.651,21.371,19.839,16.486
3.31,18.906,19.937,27.051,7.1859,18.099,25.964,15.952,20.968,32.875,46.468,24.831,21.896,34.587,42.193,32.964,18.18,48.149,32.958,22.77,11.227,34.122,15.69,49.972,30.507,25.128,40.383,18.244,14.489,16.49,55.315,20.137,14.345,9.5669,21.523,26.92,19.188,25.867,21.481,19.994,16.523
3.32,18.915,20.072,26.946,7.2087,17.983,26.003,15.936,21.046,32.789,46.472,24.782,22.055,34.785,42.221,32.869,18.191,47.945,32.989,22.981,11.177,34.618,15.713,50.006,30.254,25.187,40.158,18.286,14.312,16.556,54.875,20.263,14.457,9.6275,21.48,26.959,19.325,26.08,21.586,20.141,16.553
3.33,18.924,20.213,26.848,7.2313,17.864,26.04,15.92,21.125,32.698,46.468,24.732,22.207,34.979,42.243,32.769,18.202,47.725,33.014,23.19,11.128,35.12,15.739,50.035,29.98,25.237,39.932,18.329,14.314,16.619,54.429,20.383,14.563,9.6932,21.436,26.997,19.459,26.29,21.687,20.28,16.662
3.34,18.932,20.354,26.753,7.2536,17.742,26.076,15.904,21.203,32.605,46.454,24.681,22.362,35.17,42.261,32.665,18.213,47.491,33.031,23.397,11.078,35.627,15.769,50.058,29.687,25.409,39.705,18.373,14.337,16.679,53.988,20.499,14.664,9.7646,21.391,27.035,19.589,26.497,21.782,20.412,16.846
3.35,18.94,20.491,26.658,7.2758,17.618,26.111,15.889,21.28,32.509,46.432,24.63,22.513,35.357,42.273,32.557,18.223,47.24,33.043,23.602,11.028,36.139,15.802,50.074,29.377,25.721,39.474,18.42,14.36,16.735,53.541,20.61,14.758,9.8419,21.344,27.074,19.717,26.701,21.873,20.536,17.027
3.36,18.948,20.625,26.563,7.2978,17.492,26.144,15.873,21.357,32.409,46.4,24.578,22.657,35.542,42.279,32.443,18.234,46.975,33.047,23.806,10.979,36.657,15.838,50.083,29.049,26.019,39.241,18.469,14.383,16.791,53.088,20.717,14.847,9.9255,21.296,27.112,19.841,26.902,21.958,20.654,17.204
3.37,18.955,20.755,26.47,7.3604,17.365,26.177,15.857,21.433,32.304,46.36,24.525,22.794,35.721,42.282,32.325,18.244,46.693,33.045,24.008,10.931,37.178,15.877,50.086,29.005,26.301,39.01,18.519,14.406,16.843,52.631,20.82,14.93,10.016,21.248,27.15,19.961,27.1,22.038,20.765,17.374
3.38,18.962,20.905,26.377,7.4272,17.237,26.207,15.841,21.509,32.197,46.311,24.472,22.924,35.898,42.278,32.203,18.253,46.487,33.037,24.207,10.882,37.704,15.92,50.083,29.091,26.567,38.774,18.57,14.429,16.891,52.179,20.921,15.008,10.113,21.197,27.189,20.078,27.295,22.112,20.869,17.534
3.39,18.969,21.07,26.286,7.4919,17.108,26.237,15.825,21.585,32.089,46.253,24.419,23.047,36.197,42.269,32.076,18.263,46.431,33.023,24.403,10.835,38.234,15.964,50.072,29.159,26.815,38.535,18.625,14.451,16.938,51.723,21.022,15.08,10.217,21.146,27.226,20.192,27.488,22.233,20.967,17.684
3.4,18.975,21.236,26.196,7.5548,16.977,26.265,15.808,21.66,31.978,46.185,24.365,23.166,36.504,42.257,31.945,18.272,46.37,33.002,24.596,10.788,38.767,16.012,50.053,29.209,27.045,38.299,18.681,14.472,16.982,51.263,21.126,15.148,10.328,21.093,27.264,20.303,27.679,22.402,21.059,17.821
3.41,18.981,21.401,26.108,7.6167,16.845,26.292,15.792,21.734,31.863,46.108,24.31,23.288,36.806,42.238,31.81,18.281,46.305,32.977,24.785,10.742,39.304,16.062,50.028,29.241,27.257,38.06,18.736,14.493,17.023,50.799,21.24,15.21,10.447,21.04,27.302,20.41,27.867,22.567,21.145,17.946
3.42,18.987,21.573,26.023,7.6811,16.793,26.318,15.776,21.808,31.745,46.022,24.255,23.402,37.101,42.214,31.671,18.29,46.236,32.944,24.972,10.696,39.844,16.115,50.115,29.253,27.451,37.818,18.794,14.514,17.062,50.339,21.353,15.268,10.572,20.985,27.339,20.513,28.053,22.727,21.225,18.056
3.43,18.992,21.751,25.939,7.7466,16.791,26.342,15.759,21.882,31.628,45.927,24.199,23.51,37.39,42.186,31.53,18.298,46.162,32.907,25.155,10.651,40.387,16.17,50.445,29.248,27.636,37.576,18.853,14.534,17.099,49.879,21.461,15.321,10.705,20.931,27.376,20.613,28.236,22.882,21.3,18.357
3.44,18.997,21.926,25.862,7.8123,16.789,26.366,15.743,21.955,31.509,45.822,24.143,23.61,37.673,42.152,31.389,18.307,46.083,32.864,25.334,10.607,40.931,16.228,50.776,29.225,27.828,37.334,18.911,14.554,17.132,49.417,21.563,15.37,10.845,20.875,27.413,20.71,28.418,23.032,21.37,18.667
3.45,19.003,22.097,25.79,7.8779,16.785,26.388,15.726,22.028,31.387,45.708,24.087,23.707,37.949,42.115,31.28,18.315,45.999,32.815,25.509,10.564,41.478,16.288,51.109,29.183,28.005,37.089,18.971,14.573,17.163,48.953,21.658,15.414,10.992,20.819,27.449,20.803,28.596,23.177,21.434,18.958
3.46,19.008,22.264,25.721,7.9433,16.78,26.409,15.71,22.1,31.263,45.585,24.03,23.806,38.218,42.072,31.215,18.355,45.909,32.761,25.681,10.522,42.027,16.349,51.443,29.125,28.168,36.842,19.031,14.591,17.193,48.49,21.746,15.454,11.145,20.763,27.486,20.892,28.771,23.317,21.494,19.229
3.47,19.013,22.427,25.655,8.0079,16.774,26.429,15.694,22.172,31.137,45.453,23.972,23.898,38.479,42.025,31.163,18.436,45.816,32.702,25.848,10.481,42.578,16.413,51.777,29.049,28.316,36.597,19.091,14.61,17.218,48.074,21.824,15.49,11.305,20.706,27.521,20.978,28.942,23.451,21.549,19.482
3.48,19.018,22.586,25.592,8.0707,16.767,26.447,15.677,22.244,31.013,45.312,23.915,23.988,38.735,41.973,31.127,18.509,45.717,32.639,26.01,10.44,43.129,16.479,52.113,28.956,28.451,36.351,19.151,14.627,17.243,47.795,21.896,15.522,11.471,20.648,27.556,21.061,29.111,23.579,21.6,19.719
3.49,19.023,22.763,25.531,8.1313,16.759,26.465,15.661,22.315,30.887,45.163,23.856,24.078,38.985,41.916,31.105,18.578,45.613,32.57,26.167,10.4,43.682,16.546,52.449,28.846,28.572,36.103,19.212,14.644,17.265,47.52,21.957,15.551,11.642,20.668,27.591,21.14,29.275,23.702,21.647,19.937
3.5,19.027,23.04,25.474,8.1895,16.749,26.481,15.645,22.385,30.76,45.005,23.798,24.168,39.23,41.856,31.087,18.64,45.504,32.497,26.319,10.361,44.235,16.616,52.785,28.721,28.681,35.854,19.271,14.661,17.284,47.243,22.011,15.577,11.819,20.824,27.625,21.215,29.437,23.818,21.69,20.137
3.51,19.03,23.311,25.419,8.2452,16.738,26.496,15.63,22.456,30.632,44.84,23.739,24.258,39.471,41.791,31.069,18.695,45.391,32.42,26.464,10.324,44.789,16.686,53.122,28.579,28.778,35.608,19.329,14.677,17.303,46.962,22.056,15.6,12.001,20.986,27.658,21.287,29.595,23.928,21.729,20.317
3.52,19.034,23.576,25.367,8.2988,16.726,26.51,15.615,22.526,30.503,44.667,23.679,24.353,39.711,41.721,31.049,18.746,45.273,32.338,26.602,10.287,45.343,16.759,53.46,28.423,28.866,35.36,19.388,14.693,17.318,46.68,22.092,15.62,12.188,21.155,27.69,21.355,29.749,24.031,21.765,20.478
3.53,19.037,23.833,25.318,8.35,16.712,26.523,15.6,22.596,30.375,44.488,23.62,24.456,39.948,41.648,31.026,18.79,45.149,32.253,26.734,10.251,45.898,16.833,53.798,28.251,28.944,35.11,19.445,14.708,17.331,46.395,22.12,15.638,12.379,21.33,27.722,21.419,29.899,24.128,21.797,20.619
3.54,19.04,24.084,25.272,8.3988,16.698,26.535,15.585,22.665,30.248,44.301,23.56,24.563,40.206,41.57,31.001,18.83,45.023,32.163,26.86,10.216,46.452,16.908,54.136,28.065,29.014,34.861,19.501,14.723,17.343,46.114,22.139,15.653,12.573,21.509,27.753,21.48,30.046,24.217,21.827,20.74
3.55,19.042,24.329,25.229,8.4451,16.682,26.546,15.571,22.734,30.121,44.108,23.499,24.667,40.475,41.489,30.971,18.866,44.891,32.071,26.978,10.182,47.006,16.984,54.474,27.866,29.074,34.614,19.556,14.737,17.351,45.831,22.15,15.666,12.77,21.694,27.784,21.538,30.189,24.3,21.854,20.839
3.56,19.045,24.569,25.189,8.4893,16.665,26.556,15.557,22.803,29.993,43.91,23.438,24.773,40.737,41.404,30.937,18.898,44.755,31.976,27.088,10.149,47.56,17.062,54.813,27.653,29.124,34.367,19.608,14.752,17.359,45.547,22.155,15.786,12.969,21.884,27.813,21.591,30.328,24.374,21.878,20.917
3.57,19.047,24.806,25.157,8.5312,16.647,26.564,15.543,22.871,29.865,43.706,23.377,24.872,40.993,41.315,30.9,18.928,44.616,31.879,27.189,10.117,48.114,17.141,55.151,27.428,29.163,34.118,19.66,14.767,17.364,45.261,22.152,15.959,13.17,22.078,27.841,21.642,30.464,24.441,21.9,20.974
3.58,19.048,25.038,25.14,8.5707,16.627,26.572,15.531,22.939,29.738,43.498,23.316,24.964,41.243,41.223,30.857,18.956,44.472,31.798,27.283,10.085,48.668,17.221,55.488,27.191,29.19,33.87,19.709,14.781,17.369,44.974,22.142,16.123,13.372,22.276,27.868,21.688,30.596,24.5,21.92,21.01
3.59,19.05,25.265,25.138,8.6081,16.607,26.579,15.518,23.006,29.611,43.284,23.254,25.056,41.488,41.128,30.81,18.99,44.323,31.722,27.369,10.055,49.221,17.302,55.826,26.943,29.205,33.625,19.756,14.795,17.371,44.688,22.267,16.278,13.574,22.477,27.894,21.732,30.725,24.55,21.939,21.024
3.6,19.051,25.485,25.139,8.6433,16.618,26.584,15.506,23.074,29.487,43.068,23.192,25.147,41.729,41.03,30.759,19.026,44.172,31.644,27.446,10.026,49.774,17.384,56.164,26.683,29.207,33.379,19.802,14.808,17.372,44.404,22.426,16.422,13.776,22.682,27.919,21.772,30.851,24.592,21.955,21.015
3.61,19.051,25.701,25.141,8.6763,16.639,26.589,15.495,23.141,29.363,42.848,23.13,25.231,41.966,40.928,30.703,19.065,44.016,31.564,27.513,9.9971,50.327,17.467,56.502,26.414,29.197,33.134,19.843,14.821,17.373,44.118,22.581,16.557,13.976,22.89,27.943,21.808,30.973,24.625,21.971,20.985
3.62,19.052,25.911,25.146,8.7072,16.66,26.593,15.484,23.207,29.24,42.626,23.067,25.308,42.197,40.823,30.642,19.102,43.856,31.481,27.571,9.9694,50.879,17.55,56.838,26.135,29.174,32.888,19.884,14.833,17.373,43.831,22.735,16.682,14.175,23.1,27.965,21.841,31.091,24.649,21.985,20.934
3.63,19.052,26.117,25.152,8.7362,16.681,26.595,15.474,23.274,29.118,42.405,23.005,25.378,42.425,40.717,30.577,19.137,43.693,31.394,27.622,9.9424,51.43,17.634,57.174,25.848,29.139,32.644,19.921,14.845,17.373,43.544,22.886,16.8,14.372,23.314,27.987,21.87,31.206,24.663,21.998,20.864
3.64,19.052,26.319,25.16,8.7632,16.701,26.597,15.465,23.34,28.996,42.186,22.941,25.442,42.651,40.607,30.507,19.168,43.525,31.305,27.663,9.9162,51.982,17.719,57.51,25.552,29.092,32.402,19.956,14.856,17.374,43.258,23.035,16.911,14.565,23.529,28.007,21.896,31.317,24.668,22.01,20.775
3.65,19.053,26.52,25.174,8.7881,16.722,26.598,15.456,23.406,28.875,41.973,22.878,25.511,42.875,40.495,30.432,19.197,43.355,31.211,27.695,9.8907,52.533,17.804,57.846,25.249,29.032,32.161,19.987,14.868,17.374,42.973,23.181,17.013,14.755,23.746,28.026,21.919,31.424,24.663,22.022,20.67
3.66,19.053,26.722,25.191,8.8111,16.742,26.598,15.449,23.471,28.756,41.786,22.815,25.572,43.099,40.381,30.352,19.22,43.182,31.115,27.715,9.8659,53.083,17.891,58.18,24.941,28.961,31.92,20.016,14.878,17.372,42.689,23.325,17.105,14.94,23.965,28.045,21.938,31.528,24.648,22.033,20.548
3.67,19.054,26.922,25.211,8.8324,16.762,26.597,15.441,23.537,28.64,41.673,22.75,25.627,43.32,40.264,30.268,19.24,43.004,31.015,27.727,9.8418,53.635,17.977,58.513,24.625,28.878,31.68,20.189,14.888,17.37,42.404,23.466,17.187,15.12,24.186,28.061,21.954,31.629,24.623,22.044,20.41
3.68,19.054,27.117,25.231,8.8519,16.781,26.595,15.435,23.602,28.525,41.733,22.687,25.676,43.537,40.145,30.178,19.255,42.824,30.912,27.73,9.8183,54.186,18.064,58.846,24.305,28.784,31.44,20.376,14.898,17.365,42.119,23.604,17.26,15.294,24.407,28.077,21.966,31.726,24.588,22.054,20.257
3.69,19.053,27.309,25.253,8.8696,16.801,26.592,15.429,23.666,28.411,41.854,22.622,25.717,43.749,40.025,30.084,19.266,42.64,30.806,27.723,9.7955,54.739,18.151,59.178,23.981,28.679,31.204,20.562,14.907,17.36,41.835,23.74,17.324,15.463,24.63,28.091,21.975,31.82,24.542,22.065,20.089
3.7,19.053,27.497,25.275,8.8857,16.82,26.589,15.425,23.731,28.298,41.971,22.557,25.758,43.957,39.902,30.053,19.274,42.454,30.698,27.704,9.7733,55.294,18.238,59.509,23.653,28.563,30.969,20.748,14.916,17.352,41.554,23.872,17.379,15.625,24.854,28.105,21.981,31.911,24.486,22.076,19.908
3.71,19.052,27.68,25.298,8.9004,16.839,26.584,15.421,23.795,28.187,42.083,22.493,25.799,44.161,39.777,30.055,19.277,42.264,30.587,27.746,9.7517,55.849,18.326,59.839,23.322,28.438,30.734,20.936,14.925,17.343,41.273,24.001,17.425,15.78,25.078,28.117,21.984,31.999,24.546,22.087,19.714
3.72,19.051,27.859,25.321,8.9137,16.858,26.579,15.418,23.859,28.077,42.189,22.427,25.832,44.36,39.651,30.055,19.277,42.071,30.475,27.788,9.7304,56.405,18.414,60.167,22.99,28.302,30.501,21.123,14.933,17.333,40.992,24.127,17.464,15.928,25.303,28.127,21.983,32.084,24.62,22.098,19.509
3.73,19.05,28.032,25.345,8.9261,16.876,26.573,15.416,23.923,27.968,42.29,22.362,25.859,44.554,39.523,30.053,19.274,41.876,30.361,27.818,9.7096,56.958,18.501,60.495,22.657,28.158,30.268,21.31,14.941,17.319,40.711,24.249,17.502,16.069,25.528,28.136,21.979,32.167,24.688,22.111,19.296
3.74,19.048,28.202,25.372,8.9378,16.894,26.566,15.415,23.986,27.861,42.388,22.297,25.888,44.744,39.393,30.05,19.269,41.678,30.246,27.843,9.689,57.509,18.589,60.821,22.323,28.005,30.036,21.495,14.948,17.306,40.431,24.367,17.611,16.202,25.753,28.144,21.971,32.247,24.751,22.123,19.076
3.75,19.046,28.371,25.403,8.9487,16.912,26.558,15.414,24.049,27.757,42.48,22.231,25.914,44.929,39.261,30.045,19.263,41.477,30.131,27.856,9.6688,58.057,18.677,61.147,21.99,27.845,29.808,21.682,14.956,17.289,40.155,24.484,17.74,16.327,25.978,28.15,21.961,32.325,24.807,22.137,18.853
3.76,19.044,28.544,25.433,8.9588,16.93,26.55,15.415,24.113,27.655,42.568,22.165,25.941,45.111,39.128,30.039,19.255,41.274,30.022,27.864,9.6487,58.603,18.764,61.471,21.658,27.676,29.581,21.868,14.963,17.272,39.879,24.596,17.863,16.443,26.203,28.155,21.947,32.4,24.859,22.151,18.626
3.77,19.042,28.713,25.463,8.9682,16.948,26.54,15.417,24.176,27.554,42.651,22.099,25.97,45.292,38.994,30.031,19.247,41.068,29.925,27.861,9.6288,59.145,18.851,61.794,21.328,27.5,29.355,22.052,14.971,17.252,39.604,24.705,17.98,16.551,26.428,28.157,21.93,32.473,24.904,22.167,18.398
3.78,19.04,28.878,25.493,8.9772,16.965,26.53,15.419,24.239,27.455,42.73,22.033,26.001,45.47,38.858,30.021,19.239,40.861,29.837,27.851,9.6091,59.683,18.938,62.115,21,27.317,29.131,22.235,14.978,17.231,39.33,24.809,18.093,16.65,26.652,28.157,21.91,32.543,24.943,22.184,18.168
3.79,19.037,29.036,25.521,8.9855,16.983,26.519,15.423,24.301,27.357,42.805,21.966,26.026,45.659,38.72,30.009,19.229,40.651,29.756,27.832,9.5894,60.248,19.025,62.434,20.677,27.129,28.908,22.418,14.984,17.209,39.057,24.908,18.201,16.74,26.875,28.156,21.886,32.61,24.975,22.202,17.938
3.8,19.034,29.189,25.549,8.9928,17,26.508,15.428,24.364,27.26,42.874,21.9,26.057,45.85,38.581,29.996,19.217,40.439,29.677,27.806,9.57,60.954,19.112,62.752,20.357,27.044,28.686,22.6,14.99,17.184,38.786,25.003,18.305,16.822,27.098,28.152,21.86,32.675,25.002,22.221,17.708
3.81,19.031,29.336,25.575,8.999,17.017,26.496,15.433,24.427,27.165,42.938,21.833,26.08,46.037,38.44,29.981,19.203,40.226,29.598,27.77,9.5505,61.657,19.197,63.069,20.043,26.983,28.466,22.78,14.996,17.159,38.517,25.092,18.405,16.895,27.32,28.147,21.83,32.738,25.022,22.241,17.479
3.82,19.028,29.478,25.604,9.0042,17.033,26.482,15.44,24.489,27.072,42.998,21.766,26.1,46.219,38.298,29.964,19.185,40.011,29.518,27.726,9.5309,62.355,19.283,63.384,19.735,26.903,28.247,22.958,15.001,17.133,38.25,25.176,18.5,16.959,27.542,28.138,21.797,32.797,25.035,22.263,17.252
3.83,19.024,29.615,25.635,9.0083,17.05,26.469,15.448,24.551,26.98,43.053,21.699,26.123,46.394,38.155,29.946,19.164,39.794,29.436,27.674,9.5112,63.05,19.368,63.697,19.433,26.804,28.031,23.136,15.007,17.106,37.984,25.256,18.592,17.036,27.761,28.128,21.761,32.854,25.043,22.286,17.027
3.84,19.02,29.75,25.664,9.0113,17.066,26.454,15.457,24.614,26.891,43.102,21.631,26.139,46.562,38.01,29.926,19.141,39.575,29.353,27.614,9.4913,63.738,19.452,64.009,19.138,26.687,27.817,23.312,15.011,17.078,37.72,25.329,18.679,17.126,27.98,28.114,21.722,32.908,25.043,22.311,16.805
3.85,19.016,29.917,25.691,9.0132,17.082,26.439,15.467,24.676,26.803,43.147,21.564,26.155,46.725,37.863,29.904,19.115,39.355,29.268,27.545,9.4711,64.42,19.535,64.319,18.851,26.555,27.605,23.486,15.015,17.049,37.457,25.397,18.76,17.208,28.198,28.099,21.68,32.959,25.037,22.337,16.585
3.86,19.012,30.082,25.715,9.0139,17.098,26.423,15.478,24.739,26.717,43.186,21.497,26.171,46.882,37.714,29.881,19.086,39.134,29.181,27.47,9.4507,65.092,19.618,64.626,18.572,26.407,27.394,23.659,15.019,17.019,37.195,25.461,18.837,17.282,28.414,28.081,21.635,33.008,25.024,22.365,16.37
3.87,19.008,30.241,25.738,9.0135,17.114,26.406,15.49,24.801,26.631,43.221,21.429,26.19,47.034,37.564,29.857,19.056,38.912,29.091,27.386,9.4299,65.753,19.7,64.932,18.302,26.244,27.184,23.83,15.023,16.989,36.936,25.519,18.908,17.348,28.629,28.06,21.588,33.054,25.004,22.394,16.16
3.88,19.003,30.395,25.758,9.012,17.129,26.389,15.503,24.863,26.548,43.251,21.361,26.214,47.18,37.413,29.831,19.026,38.687,28.998,27.295,9.4088,66.403,19.781,65.237,18.041,26.068,26.977,24.001,15.026,16.956,36.68,25.571,18.974,17.407,28.842,28.037,21.538,33.098,24.977,22.425,15.954
3.89,18.998,30.542,25.783,9.0096,17.145,26.371,15.517,24.926,26.465,43.275,21.294,26.256,47.323,37.26,29.803,19.03,38.462,28.903,27.196,9.3872,67.042,19.862,65.54,17.79,25.88,26.771,24.168,15.029,16.924,36.425,25.62,19.035,17.459,29.066,28.012,21.485,33.14,24.943,22.457,15.899
3.9,18.993,30.681,25.805,9.0062,17.16,26.353,15.532,24.988,26.384,43.296,21.226,26.327,47.461,37.105,29.774,19.046,38.235,28.806,27.089,9.3655,67.67,19.941,65.84,17.549,25.681,26.567,24.335,15.032,16.891,36.173,25.663,19.092,17.504,29.417,27.984,21.43,33.179,24.948,22.491,15.854
3.91,18.988,30.815,25.824,9.0017,17.175,26.333,15.549,25.05,26.303,43.311,21.158,26.395,47.596,36.949,29.743,19.062,38.007,28.706,26.976,9.3434,68.287,20.019,66.139,17.342,25.471,26.365,24.499,15.034,16.856,35.922,25.702,19.145,17.543,29.771,27.954,21.372,33.217,25.044,22.526,15.807
3.92,18.983,30.942,25.841,8.9963,17.19,26.314,15.566,25.112,26.224,43.322,21.09,26.456,47.727,36.791,29.712,19.075,37.778,28.603,26.855,9.3208,68.892,20.097,66.435,17.336,25.252,26.165,24.663,15.036,16.821,35.673,25.736,19.193,17.576,30.128,27.921,21.311,33.252,25.136,22.563,15.759
3.93,18.978,31.063,25.885,8.9901,17.204,26.293,15.585,25.175,26.147,43.326,21.022,26.512,47.86,36.632,29.678,19.086,37.548,28.497,26.728,9.2976,69.486,20.173,66.729,17.326,25.025,25.966,24.823,15.037,16.784,35.426,25.767,19.236,17.604,30.487,27.886,21.249,33.284,25.223,22.601,15.71
3.94,18.973,31.178,25.927,8.9831,17.218,26.272,15.604,25.236,26.072,43.328,20.954,26.572,48,36.471,29.644,19.094,37.317,28.388,26.595,9.274,70.067,20.249,67.022,17.311,24.792,25.77,24.981,15.039,16.746,35.181,25.793,19.275,17.626,30.849,27.848,21.184,33.314,25.304,22.641,15.66
3.95,18.968,31.287,25.997,8.9751,17.232,26.251,15.625,25.298,25.997,43.323,20.886,26.627,48.143,36.309,29.608,19.098,37.084,28.278,26.454,9.2498,70.636,20.323,67.312,17.291,24.552,25.577,25.137,15.04,16.707,34.939,25.814,19.307,17.642,31.213,27.808,21.117,33.341,25.381,22.682,15.609
3.96,18.963,31.392,26.116,8.9665,17.246,26.228,15.647,25.36,25.923,43.315,20.818,26.675,48.284,36.145,29.571,19.1,36.851,28.164,26.307,9.225,71.192,20.396,67.601,17.269,24.308,25.386,25.29,15.042,16.666,34.698,25.833,19.334,17.652,31.578,27.767,21.048,33.365,25.452,22.724,15.558
3.97,18.958,31.492,26.235,8.9571,17.26,26.205,15.67,25.421,25.851,43.3,20.749,26.716,48.422,35.98,29.533,19.096,36.617,28.048,26.155,9.1997,71.735,20.468,67.887,17.241,24.109,25.197,25.441,15.043,16.624,34.461,25.849,19.356,17.656,31.945,27.723,20.976,33.385,25.518,22.768,15.507
3.98,18.952,31.587,26.354,8.947,17.274,26.182,15.694,25.482,25.779,43.282,20.682,26.751,48.556,35.813,29.493,19.091,36.382,27.929,25.997,9.1737,72.264,20.539,68.171,17.21,23.998,25.01,25.588,15.044,16.58,34.227,25.865,19.372,17.655,32.314,27.677,20.902,33.403,25.579,22.812,15.456
3.99,18.947,31.676,26.474,8.9362,17.287,26.158,15.718,25.543,25.708,43.259,20.613,26.78,48.689,35.645,29.453,19.08,36.146,27.808,25.832,9.1472,72.78,20.609,68.453,17.174,23.887,24.825,25.732,15.044,16.534,33.994,25.879,19.382,17.648,32.684,27.629,20.826,33.432,25.634,22.858,15.404
4,18.941,31.76,26.593,8.925,17.3,26.134,15.745,25.603,25.637,43.232,20.545,26.81,48.819,35.476,29.411,19.067,35.91,27.684,25.661,9.1201,73.283,20.677,68.732,17.135,23.775,24.643,25.875,15.045,16.488,33.764,25.89,19.387,17.636,33.057,27.578,20.749,33.483,25.684,22.905,15.353
4.01,18.935,31.838,26.712,8.9131,17.313,26.109,15.772,25.663,25.568,43.2,20.477,26.839,48.946,35.304,29.368,19.049,35.672,27.557,25.486,9.0927,73.773,20.745,69.009,17.091,23.665,24.463,26.013,15.045,16.44,33.537,25.897,19.387,17.619,33.43,27.526,20.67,33.533,25.729,22.953,15.301
4.02,18.928,31.91,26.831,8.9007,17.327,26.083,15.8,25.723,25.499,43.164,20.409,26.861,49.069,35.132,29.324,19.028,35.452,27.429,25.306,9.0646,74.249,20.811,69.284,17.043,23.556,24.286,26.148,15.044,16.39,33.311,25.901,19.382,17.596,33.804,27.472,20.588,33.582,25.768,23.002,15.251
4.03,18.922,31.977,26.949,8.8878,17.34,26.057,15.829,25.782,25.432,43.123,20.341,26.877,49.191,34.959,29.279,19.003,35.376,27.298,25.12,9.036,74.711,20.876,69.557,16.993,23.45,24.111,26.281,15.044,16.34,33.089,25.901,19.373,17.567,34.178,27.416,20.505,33.628,25.801,23.051,15.2
4.04,18.915,32.039,27.067,8.8744,17.353,26.03,15.859,25.842,25.366,43.079,20.273,26.887,49.328,34.784,29.233,18.975,35.301,27.164,24.928,9.0067,75.16,20.939,69.828,16.938,23.487,23.938,26.41,15.043,16.288,32.869,25.895,19.362,17.531,34.553,27.359,20.421,33.673,25.829,23.102,15.15
4.05,18.909,32.098,27.183,8.8606,17.366,26.003,15.89,25.9,25.3,43.03,20.205,26.891,49.468,34.608,29.187,18.944,35.223,27.028,24.731,8.9768,75.594,21.001,70.097,16.879,23.633,23.768,26.535,15.042,16.234,32.651,25.884,19.348,17.49,34.928,27.299,20.335,33.717,25.852,23.153,15.101
4.06,18.902,32.153,27.299,8.8463,17.378,25.976,15.922,25.959,25.235,42.979,20.137,26.89,49.605,34.432,29.139,18.91,35.146,26.89,24.53,8.9462,76.016,21.063,70.363,16.817,23.777,23.601,26.658,15.04,16.18,32.437,25.869,19.329,17.442,35.303,27.237,20.247,33.759,25.869,23.205,15.052
4.07,18.895,32.204,27.414,8.8316,17.391,25.947,15.955,26.017,25.17,42.923,20.069,26.886,49.738,34.253,29.091,18.886,35.067,26.749,24.324,8.9151,76.423,21.122,70.626,16.751,23.919,23.438,26.775,15.038,16.124,32.225,25.848,19.305,17.389,35.678,27.174,20.157,33.8,25.88,23.257,15.005
4.08,18.919,32.252,27.528,8.8164,17.425,25.919,15.989,26.074,25.105,42.864,20.001,26.884,49.867,34.075,29.043,18.999,34.988,26.607,24.114,8.8833,76.816,21.181,70.887,16.682,24.059,23.395,26.891,15.036,16.066,32.015,25.822,19.276,17.33,36.053,27.109,20.066,33.839,25.885,23.31,14.958
4.09,18.989,32.294,27.645,8.8009,17.473,25.89,16.024,26.132,25.041,42.802,19.934,26.876,49.993,33.895,28.994,19.11,34.908,26.462,23.899,8.8509,77.195,21.238,71.147,16.609,24.197,23.375,27.002,15.034,16.008,31.809,25.791,19.241,17.265,36.427,27.042,19.973,33.877,25.884,23.363,14.912
4.1,19.059,32.331,27.76,8.785,17.521,25.86,16.06,26.188,24.977,42.736,19.866,26.898,50.116,33.715,28.945,19.22,34.827,26.315,23.681,8.8179,77.56,21.294,71.404,16.73,24.332,23.354,27.108,15.031,15.948,31.605,25.753,19.199,17.195,36.801,26.974,19.878,33.914,25.876,23.417,14.868
4.11,19.128,32.364,27.874,8.7688,17.569,25.831,16.096,26.244,24.915,42.667,19.798,26.957,50.237,33.534,28.897,19.327,34.746,26.166,23.459,8.7843,77.914,21.348,71.658,16.899,24.465,23.331,27.213,15.028,15.887,31.404,25.712,19.15,17.12,37.174,26.904,19.781,33.949,25.863,23.471,14.825
4.12,19.194,32.392,27.986,8.7522,17.616,25.801,16.134,26.301,24.853,42.595,19.731,27.01,50.358,33.352,28.849,19.431,34.663,26.015,23.234,8.7502,78.257,21.401,71.91,17.065,24.596,23.308,27.313,15.025,15.823,31.206,25.663,19.094,17.041,37.546,26.833,19.683,33.983,25.844,23.524,14.784
4.13,19.259,32.414,28.097,8.7354,17.664,25.77,16.173,26.356,24.792,42.522,19.663,27.057,50.485,33.175,28.805,19.532,34.58,25.861,23.006,8.7156,78.592,21.482,72.16,17.228,24.724,23.284,27.407,15.022,15.76,31.011,25.61,19.032,16.957,37.917,26.76,19.583,34.015,25.818,23.578,14.743
4.14,19.322,32.432,28.206,8.7183,17.71,25.739,16.212,26.411,24.73,42.445,19.596,27.098,50.621,33.156,28.767,19.633,34.496,25.706,23.093,8.6804,78.918,21.599,72.407,17.387,24.851,23.258,27.5,15.019,15.695,30.819,25.55,18.964,16.87,38.288,26.685,19.482,34.046,25.785,23.632,14.705
4.15,19.438,32.449,28.313,8.7011,17.757,25.708,16.252,26.465,24.669,42.366,19.528,27.133,50.759,33.136,28.746,19.731,34.412,25.549,23.185,8.6446,79.235,21.714,72.652,17.543,24.975,23.232,27.588,15.016,15.628,30.629,25.485,18.889,16.779,38.657,26.61,19.378,34.075,25.746,23.686,14.668
4.16,19.631,32.479,28.419,8.6836,17.803,25.676,16.293,26.52,24.607,42.285,19.461,27.167,50.893,33.116,28.729,19.826,34.326,25.389,23.272,8.6082,79.546,21.828,72.895,17.693,25.097,23.205,27.671,15.013,15.559,30.443,25.415,18.808,16.685,39.025,26.533,19.276,34.103,25.7,23.739,14.632
4.17,19.873,32.514,28.522,8.6661,17.848,25.644,16.335,26.574,24.546,42.201,19.394,27.202,51.023,33.095,28.711,19.918,34.24,25.23,23.357,8.5712,79.85,21.942,73.135,17.838,25.216,23.176,27.752,15.009,15.491,30.26,25.339,18.72,16.588,39.391,26.454,19.376,34.129,25.649,23.792,14.599
4.18,20.124,32.547,28.623,8.6483,17.893,25.612,16.378,26.627,24.487,42.114,19.327,27.23,51.148,33.073,28.694,20.009,34.154,25.183,23.438,8.5336,80.149,22.057,73.373,17.978,25.334,23.148,27.828,15.005,15.425,30.079,25.259,18.626,16.489,39.757,26.375,19.475,34.153,25.59,23.845,14.567
4.19,20.375,32.576,28.722,8.6307,17.938,25.58,16.421,26.679,24.427,42.024,19.26,27.253,51.268,33.05,28.675,20.098,34.066,25.135,23.515,8.4954,80.443,22.188,73.608,18.111,25.449,23.12,27.898,15.001,15.517,29.902,25.171,18.525,16.388,40.121,26.295,19.573,34.175,25.525,23.898,14.537
4.2,20.624,32.602,28.819,8.6128,17.982,25.548,16.465,26.732,24.371,41.931,19.193,27.27,51.384,33.027,28.656,20.185,33.978,25.086,23.589,8.4566,80.736,22.374,73.841,18.238,25.561,23.09,27.966,14.997,15.605,29.727,25.081,18.418,16.286,40.484,26.213,19.67,34.197,25.453,23.949,14.51
4.21,20.875,32.624,28.914,8.595,18.026,25.515,16.51,26.784,24.368,41.835,19.126,27.292,51.516,33.003,28.636,20.268,33.889,25.036,23.661,8.4173,81.266,22.555,74.071,18.359,25.672,23.059,28.03,14.992,15.69,29.556,24.986,18.306,16.182,40.846,26.131,19.766,34.217,25.375,24,14.484
4.22,21.128,32.643,29.006,8.5772,18.07,25.483,16.556,26.835,24.363,41.737,19.06,27.308,51.659,32.979,28.616,20.35,33.8,24.986,23.728,8.3773,81.807,22.73,74.3,18.473,25.781,23.028,28.088,14.987,15.77,29.387,24.886,18.187,16.078,41.207,26.048,19.86,34.236,25.291,24.05,14.461
4.23,21.379,32.668,29.096,8.5594,18.113,25.45,16.602,26.886,24.358,41.636,18.993,27.326,51.798,32.953,28.594,20.431,33.709,24.935,23.791,8.3368,82.342,22.898,74.525,18.58,25.887,22.996,28.143,14.982,15.846,29.222,24.783,18.063,15.973,41.566,26.01,19.953,34.253,25.201,24.099,14.439
4.24,21.63,32.698,29.183,8.5417,18.155,25.418,16.649,26.936,24.353,41.532,18.926,27.349,51.934,32.928,28.571,20.508,33.618,24.883,23.853,8.2958,82.874,23.061,74.748,18.679,25.991,22.963,28.194,14.976,15.92,29.06,24.676,17.933,15.867,41.924,26.066,20.044,34.269,25.104,24.148,14.42
4.25,21.877,32.726,29.272,8.5241,18.198,25.386,16.696,26.986,24.347,41.425,18.9,27.371,52.068,32.901,28.548,20.584,33.527,24.83,23.91,8.2542,83.402,23.216,74.969,18.769,26.093,22.928,28.239,14.971,15.988,28.9,24.567,17.797,15.761,42.28,26.122,20.134,34.284,25.001,24.194,14.404
4.26,22.121,32.751,29.359,8.5067,18.239,25.354,16.744,27.036,24.341,41.315,18.897,27.397,52.201,32.874,28.523,20.656,33.435,24.777,23.963,8.212,83.926,23.365,75.188,18.852,26.193,22.894,28.28,14.966,16.054,28.744,24.453,17.657,15.653,42.635,26.176,20.223,34.297,24.892,24.24,14.389
4.27,22.362,32.773,29.444,8.4893,18.281,25.322,16.793,27.085,24.334,41.204,18.894,27.417,52.334,32.847,28.497,20.729,33.342,24.723,24.015,8.1694,84.447,23.508,75.404,18.927,26.291,22.858,28.319,14.96,16.116,28.591,24.335,17.637,15.545,42.989,26.229,20.31,34.309,24.778,24.285,14.378
4.28,22.601,32.791,29.526,8.4722,18.322,25.29,16.843,27.133,24.327,41.089,18.891,27.432,52.472,32.818,28.47,20.799,33.248,24.668,24.062,8.1263,84.962,23.644,75.617,18.993,26.388,22.823,28.352,14.955,16.173,28.441,24.214,17.692,15.437,43.34,26.282,20.396,34.319,24.658,24.328,14.368
4.29,22.835,32.807,29.605,8.4552,18.362,25.258,16.892,27.181,24.386,40.973,18.888,27.447,52.61,32.79,28.442,20.866,33.155,24.612,24.106,8.0828,85.472,23.775,75.828,19.051,26.482,22.788,28.379,14.949,16.228,28.294,24.118,17.747,15.328,43.69,26.334,20.481,34.327,24.532,24.37,14.361
4.3,23.067,32.82,29.681,8.4385,18.402,25.226,16.943,27.229,24.55,40.853,18.885,27.461,52.745,32.76,28.413,20.93,33.06,24.556,24.147,8.0388,85.976,23.899,76.036,19.099,26.575,22.751,28.405,14.943,16.279,28.15,24.174,17.802,15.219,44.037,26.385,20.563,34.334,24.4,24.411,14.357
4.31,23.294,32.829,29.754,8.422,18.441,25.194,16.994,27.276,24.711,40.732,18.882,27.47,52.876,32.73,28.382,20.994,32.965,24.499,24.185,7.9944,86.473,24.019,76.243,19.14,26.667,22.714,28.425,14.937,16.327,28.009,24.228,17.856,15.11,44.382,26.435,20.645,34.34,24.263,24.449,14.356
4.32,23.519,32.834,29.825,8.4242,18.481,25.162,17.045,27.322,24.869,40.607,18.879,27.474,53.002,32.7,28.351,21.056,32.869,24.442,24.219,7.9495,86.964,24.133,76.447,19.171,26.757,22.677,28.439,14.931,16.371,27.871,24.278,17.909,15.002,44.725,26.485,20.725,34.344,24.121,24.523,14.357
4.33,23.741,32.837,29.893,8.4263,18.519,25.13,17.097,27.368,25.025,40.481,18.875,27.473,53.123,32.669,28.318,21.116,32.773,24.384,24.251,7.9042,87.448,24.244,76.648,19.193,26.847,22.638,28.452,14.925,16.413,27.736,24.326,17.961,14.894,45.066,26.534,20.803,34.346,23.973,24.637,14.36
4.34,23.96,32.836,29.958,8.4281,18.557,25.098,17.15,27.414,25.179,40.351,18.872,27.473,53.241,32.637,28.284,21.172,32.677,24.325,24.279,7.8585,87.925,24.349,76.847,19.206,26.936,22.599,28.46,14.921,16.451,27.604,24.37,18.013,14.788,45.404,26.582,20.88,34.346,23.82,24.75,14.367
4.35,24.176,32.831,30.019,8.4298,18.595,25.065,17.202,27.459,25.329,40.22,18.868,27.472,53.354,32.605,28.25,21.229,32.58,24.266,24.304,7.8125,88.395,24.449,77.043,19.21,27.025,22.56,28.461,14.917,16.486,27.475,24.413,18.064,14.682,45.741,26.629,20.955,34.345,23.674,24.862,14.376
4.36,24.389,32.824,30.079,8.4312,18.633,25.033,17.255,27.503,25.477,40.085,18.864,27.464,53.466,32.572,28.213,21.283,32.482,24.207,24.326,7.7661,88.859,24.543,77.238,19.205,27.12,22.519,28.461,14.912,16.52,27.349,24.455,18.114,14.578,46.075,26.676,21.029,34.342,23.685,24.973,14.388
4.37,24.598,32.813,30.141,8.4325,18.669,25,17.309,27.547,25.622,39.948,18.86,27.452,53.597,32.539,28.176,21.335,32.384,24.147,24.345,7.7194,89.315,24.631,77.429,19.191,27.233,22.48,28.456,14.908,16.55,27.226,24.497,18.164,14.475,46.407,26.722,21.102,34.337,23.694,25.084,14.403
4.38,24.805,32.8,30.199,8.4337,18.706,24.967,17.363,27.591,25.765,39.809,18.856,27.443,53.731,32.505,28.138,21.384,32.286,24.086,24.36,7.6724,89.765,24.713,77.619,19.168,27.348,22.44,28.446,14.904,16.579,27.106,24.541,18.214,14.375,46.736,26.767,21.173,34.33,23.7,25.194,14.433
4.39,25.01,32.784,30.254,8.4346,18.742,24.934,17.417,27.634,25.905,39.667,18.852,27.431,53.861,32.471,28.098,21.432,32.187,24.025,24.374,7.6252,90.208,24.788,77.805,19.137,27.463,22.4,28.471,14.9,16.605,26.99,24.584,18.262,14.276,47.063,26.811,21.242,34.322,23.703,25.303,14.51
4.4,25.213,32.763,30.307,8.4354,18.777,24.901,17.472,27.676,26.044,39.523,18.848,27.416,53.987,32.436,28.058,21.479,32.088,23.963,24.383,7.5778,90.644,24.856,77.99,19.097,27.577,22.359,28.539,14.895,16.63,26.877,24.627,18.31,14.181,47.388,26.855,21.31,34.312,23.703,25.41,14.589
4.41,25.414,32.74,30.356,8.4359,18.812,24.868,17.527,27.718,26.181,39.378,18.844,27.404,54.107,32.401,28.016,21.524,31.988,23.901,24.39,7.5302,91.073,24.917,78.172,19.131,27.69,22.318,28.604,14.89,16.653,26.766,24.668,18.356,14.088,47.711,26.898,21.376,34.301,23.701,25.517,14.667
4.42,25.62,32.714,30.402,8.4364,18.847,24.835,17.582,27.76,26.317,39.229,18.84,27.392,54.222,32.365,27.972,21.566,31.888,23.839,24.394,7.4824,91.496,24.972,78.351,19.302,27.801,22.277,28.669,14.885,16.676,26.667,24.705,18.402,13.998,48.03,26.941,21.441,34.289,23.697,25.623,14.746
4.43,25.841,32.692,30.445,8.4366,18.881,24.801,17.638,27.801,26.454,39.079,18.836,27.379,54.332,32.329,27.929,21.607,31.788,23.776,24.395,7.4346,91.911,25.019,78.528,19.47,27.91,22.235,28.73,14.981,16.714,26.636,24.741,18.447,13.911,48.348,26.983,21.504,34.275,23.689,25.727,14.825
4.44,26.067,32.672,30.486,8.4367,18.914,24.767,17.693,27.841,26.59,38.927,18.831,27.371,54.436,32.293,27.884,21.645,31.687,23.824,24.393,7.3867,92.32,25.06,78.703,19.637,28.018,22.193,28.79,15.11,16.769,26.604,24.774,18.492,13.828,48.663,27.024,21.566,34.261,23.679,25.83,14.904
4.45,26.291,32.648,30.523,8.4365,18.947,24.733,17.749,27.881,26.729,38.772,18.827,27.359,54.536,32.256,27.837,21.683,31.586,23.881,24.389,7.3388,92.722,25.093,78.876,19.801,28.124,22.15,28.846,15.264,16.825,26.572,24.804,18.536,13.748,48.976,27.065,21.626,34.245,23.666,25.931,14.984
4.46,26.51,32.622,30.557,8.4363,18.98,24.699,17.805,27.921,26.872,38.615,18.822,27.351,54.629,32.218,27.79,21.719,31.484,23.941,24.381,7.2909,93.117,25.119,79.046,19.962,28.227,22.108,28.899,15.415,16.88,26.539,24.829,18.579,13.732,49.286,27.106,21.685,34.228,23.651,26.032,15.064
4.47,26.728,32.594,30.588,8.4358,19.012,24.665,17.862,27.96,27.017,38.458,18.817,27.339,54.718,32.18,27.742,21.752,31.383,24,24.371,7.2665,93.505,25.139,79.214,20.121,28.329,22.065,28.95,15.561,16.935,26.505,24.853,18.621,13.763,49.595,27.145,21.742,34.21,23.632,26.13,15.145
4.48,26.939,32.561,30.619,8.4352,19.044,24.63,17.918,27.998,27.164,38.297,18.812,27.33,54.8,32.142,27.692,21.784,31.281,24.059,24.358,7.2579,93.886,25.151,79.379,20.275,28.429,22.023,28.997,15.704,16.988,26.471,24.872,18.662,13.795,49.901,27.184,21.798,34.19,23.611,26.227,15.225
4.49,27.147,32.527,30.65,8.4344,19.075,24.596,17.975,28.036,27.313,38.135,18.807,27.317,54.878,32.104,27.641,21.813,31.179,24.117,24.342,7.2485,94.26,25.156,79.542,20.427,28.526,21.981,29.042,15.845,17.041,26.436,24.888,18.702,13.827,50.206,27.223,21.852,34.17,23.587,26.322,15.306
4.5,27.351,32.489,30.677,8.4336,19.106,24.561,18.032,28.074,27.46,37.972,18.802,27.309,54.95,32.064,27.59,21.841,31.076,24.173,24.324,7.2383,94.627,25.153,79.703,20.574,28.622,21.939,29.084,15.983,17.093,26.401,24.901,18.742,13.859,50.508,27.26,21.904,34.148,23.56,26.416,15.388
4.51,27.55,32.447,30.702,8.4327,19.136,24.525,18.088,28.111,27.606,37.807,18.797,27.296,55.018,32.025,27.537,21.868,30.973,24.229,24.303,7.2271,94.986,25.144,79.862,20.716,28.715,21.896,29.123,16.116,17.143,26.366,24.91,18.78,13.892,50.808,27.298,21.955,34.125,23.53,26.508,15.469
4.52,27.745,32.404,30.723,8.4316,19.166,24.49,18.146,28.148,27.751,37.639,18.792,27.288,55.083,31.986,27.483,21.894,30.87,24.283,24.28,7.215,95.338,25.127,80.018,20.855,28.807,21.853,29.159,16.246,17.192,26.331,24.917,18.819,13.926,51.104,27.335,22.004,34.101,23.498,26.598,15.551
4.53,27.937,32.358,30.742,8.4304,19.195,24.454,18.202,28.183,27.895,37.471,18.787,27.274,55.15,31.945,27.429,21.917,30.767,24.337,24.255,7.2019,95.682,25.102,80.172,20.988,28.896,21.81,29.193,16.372,17.239,26.295,24.919,18.856,13.96,51.398,27.371,22.052,34.075,23.463,26.686,15.634
4.54,28.124,32.309,30.758,8.429,19.224,24.419,18.26,28.219,28.037,37.302,18.781,27.264,55.214,31.905,27.373,21.938,30.664,24.389,24.226,7.1878,96.018,25.07,80.325,21.117,28.983,21.767,29.225,16.495,17.285,26.259,24.918,18.892,13.994,51.689,27.406,22.098,34.049,23.424,26.772,15.717
4.55,28.308,32.259,30.781,8.4274,19.252,24.382,18.317,28.255,28.179,37.13,18.776,27.301,55.275,31.864,27.316,21.957,30.561,24.44,24.196,7.1728,96.346,25.032,80.474,21.241,29.068,21.724,29.255,16.615,17.329,26.222,24.915,18.928,14.029,51.977,27.441,22.143,34.021,23.383,26.856,15.8
4.56,28.487,32.205,31.135,8.4257,19.28,24.346,18.374,28.289,28.32,36.957,18.771,27.343,55.332,31.823,27.259,21.974,30.457,24.49,24.163,7.1572,96.666,24.985,80.622,21.36,29.211,21.68,29.283,16.731,17.371,26.185,24.907,18.963,14.064,52.262,27.476,22.186,33.993,23.339,26.938,15.883
4.57,28.662,32.148,31.49,8.4239,19.307,24.31,18.431,28.323,28.46,36.784,18.765,27.387,55.387,31.782,27.2,21.99,30.353,24.539,24.128,7.1406,96.979,24.932,80.767,21.474,29.546,21.637,29.308,16.842,17.413,26.147,24.897,18.996,14.1,52.544,27.51,22.228,33.963,23.292,27.019,15.967
4.58,28.833,32.089,31.837,8.4218,19.335,24.273,18.488,28.357,28.6,36.608,18.76,27.429,55.438,31.74,27.141,22.006,30.249,24.586,24.091,7.1595,97.284,24.871,80.91,21.582,29.882,21.594,29.33,16.963,17.479,26.109,24.884,19.029,14.136,52.824,27.543,22.268,33.933,23.242,27.097,16.051
4.59,29,32.027,32.183,8.4197,19.361,24.236,18.546,28.391,28.739,36.431,18.754,27.47,55.487,31.698,27.08,22.019,30.145,24.632,24.051,7.1943,97.579,24.803,81.052,21.685,30.217,21.551,29.35,17.085,17.56,26.07,24.868,19.062,14.172,53.101,27.576,22.307,33.901,23.189,27.172,16.136
4.6,29.162,31.963,32.518,8.4174,19.387,24.199,18.603,28.424,28.878,36.254,18.748,27.513,55.534,31.656,27.019,22.031,30.041,24.678,24.009,7.2298,97.867,24.728,81.191,21.782,30.552,21.508,29.366,17.206,17.648,26.03,24.848,19.093,14.209,53.375,27.609,22.344,33.869,23.132,27.246,16.221
4.61,29.322,31.897,32.851,8.4149,19.412,24.161,18.66,28.456,29.016,36.075,18.742,27.555,55.581,31.614,26.957,22.04,29.936,24.721,23.966,7.2657,98.147,24.646,81.327,21.874,30.887,21.465,29.38,17.326,17.74,25.991,24.826,19.124,14.247,53.647,27.64,22.38,33.835,23.073,27.317,16.306
4.62,29.477,31.829,33.185,8.4123,19.438,24.123,18.717,28.488,29.152,35.894,18.736,27.594,55.63,31.571,26.894,22.048,29.831,24.764,23.919,7.3022,98.417,24.557,81.462,21.961,31.221,21.422,29.391,17.446,17.832,25.952,24.802,19.154,14.284,53.916,27.672,22.414,33.801,23.01,27.386,16.391
4.63,29.629,31.763,33.521,8.4095,19.462,24.085,18.774,28.52,29.288,35.713,18.73,27.632,55.679,31.528,26.831,22.054,29.727,24.805,23.871,7.3392,98.679,24.46,81.595,22.041,31.553,21.379,29.4,17.563,17.922,25.912,24.775,19.183,14.322,54.182,27.702,22.447,33.766,22.945,27.453,16.477
4.64,29.775,31.705,33.861,8.4066,19.486,24.047,18.83,28.551,29.421,35.531,18.724,27.668,55.731,31.485,26.766,22.058,29.623,24.846,23.821,7.3766,98.932,24.357,81.727,22.115,31.884,21.336,29.406,17.676,18.01,25.872,24.745,19.211,14.361,54.446,27.732,22.478,33.73,22.876,27.517,16.563
4.65,29.918,31.646,34.222,8.4035,19.51,24.009,18.887,28.582,29.553,35.348,18.718,27.707,55.787,31.442,26.7,22.062,29.518,24.884,23.768,7.4144,99.175,24.248,81.855,22.185,32.213,21.292,29.409,17.786,18.095,25.831,24.714,19.239,14.399,54.707,27.761,22.508,33.693,22.803,27.579,16.65
4.66,30.056,31.585,34.579,8.4003,19.533,23.97,18.944,28.613,29.683,35.163,18.712,27.745,55.84,31.398,26.635,22.065,29.413,24.922,23.714,7.4525,99.409,24.131,81.982,22.249,32.54,21.249,29.409,17.891,18.178,25.79,24.681,19.266,14.438,54.965,27.79,22.536,33.655,22.728,27.638,16.737
4.67,30.191,31.522,34.929,8.397,19.557,23.931,19,28.643,29.811,34.978,18.706,27.781,55.898,31.354,26.568,22.066,29.308,24.959,23.657,7.491,99.633,24.008,82.107,22.306,32.865,21.205,29.407,17.99,18.258,25.749,24.646,19.292,14.478,55.221,27.818,22.563,33.616,22.649,27.695,16.824
4.68,30.319,31.457,35.273,8.3935,19.579,23.892,19.057,28.673,29.937,34.793,18.699,27.815,55.962,31.311,26.5,22.065,29.203,24.994,23.6,7.5297,99.847,23.879,82.231,22.358,33.188,21.161,29.403,18.086,18.336,25.707,24.608,19.318,14.517,55.474,27.845,22.588,33.577,22.567,27.75,16.912
4.69,30.445,31.392,35.611,8.3898,19.602,23.853,19.113,28.703,30.061,34.606,18.693,27.847,56.035,31.266,26.432,22.063,29.098,25.028,23.54,7.5686,100.05,23.744,82.352,22.404,33.507,21.118,29.399,18.176,18.411,25.664,24.568,19.342,14.557,55.724,27.872,22.612,33.536,22.482,27.802,17
4.7,30.566,31.326,35.937,8.3861,19.624,23.813,19.169,28.732,30.182,34.418,18.687,27.881,56.113,31.222,26.363,22.058,28.993,25.061,23.479,7.6078,100.24,23.603,82.472,22.446,33.825,21.075,29.391,18.262,18.483,25.621,24.528,19.366,14.597,55.972,27.898,22.635,33.495,22.394,27.851,17.088
4.71,30.683,31.258,36.263,8.3822,19.646,23.773,19.224,28.762,30.302,34.23,18.68,27.915,56.19,31.178,26.293,22.053,28.889,25.093,23.416,7.6472,100.43,23.456,82.589,22.481,34.139,21.032,29.381,18.342,18.553,25.578,24.483,19.389,14.637,56.217,27.923,22.655,33.453,22.303,27.898,17.176
4.72,30.797,31.188,36.575,8.3783,19.668,23.733,19.28,28.791,30.419,34.113,18.674,27.947,56.265,31.133,26.223,22.045,28.783,25.124,23.352,7.6867,100.6,23.303,82.706,22.511,34.452,20.989,29.369,18.417,18.619,25.534,24.438,19.412,14.678,56.458,27.948,22.675,33.409,22.208,27.943,17.265
4.73,30.907,31.116,36.877,8.3743,19.691,23.693,19.335,28.82,30.534,34.013,18.667,27.98,56.336,31.088,26.152,22.036,28.678,25.153,23.285,7.7263,100.76,23.351,82.82,22.535,34.761,20.945,29.354,18.488,18.682,25.49,24.391,19.433,14.719,56.698,27.972,22.693,33.365,22.11,27.984,17.354
4.74,31.014,31.042,37.177,8.3702,19.713,23.652,19.39,28.849,30.646,33.911,18.661,28.014,56.403,31.044,26.08,22.027,28.573,25.182,23.218,7.7659,100.91,23.437,82.932,22.554,35.067,20.901,29.336,18.553,18.742,25.446,24.342,19.455,14.76,56.934,27.995,22.71,33.32,22.009,28.023,17.444
4.75,31.118,30.966,37.463,8.3659,19.736,23.611,19.444,28.877,30.755,33.807,18.654,28.046,56.467,30.999,26.008,22.017,28.469,25.209,23.149,7.8056,101.05,23.521,83.043,22.568,35.371,20.857,29.317,18.615,18.798,25.403,24.292,19.475,14.801,57.167,28.122,22.726,33.273,21.905,28.06,17.533
4.76,31.218,30.89,37.741,8.3615,19.758,23.57,19.499,28.905,30.863,33.702,18.647,28.077,56.527,30.954,25.935,22.006,28.364,25.235,23.08,7.8452,101.17,23.605,83.152,22.576,35.672,20.813,29.294,18.672,18.851,25.358,24.241,19.495,14.842,57.398,28.338,22.739,33.226,21.798,28.094,17.623
4.77,31.315,30.829,38.015,8.3569,19.781,23.529,19.553,28.933,30.968,33.595,18.641,28.111,56.583,30.908,25.862,21.992,28.259,25.259,23.009,7.8849,101.29,23.687,83.26,22.579,35.97,20.769,29.269,18.726,18.9,25.313,24.191,19.515,14.884,57.625,28.55,22.752,33.177,21.687,28.125,17.714
4.78,31.409,30.765,38.281,8.3523,19.804,23.487,19.607,28.961,31.141,33.487,18.634,28.143,56.638,30.863,25.788,21.978,28.154,25.283,22.937,7.9245,101.39,23.768,83.366,22.577,36.265,20.724,29.242,18.777,18.946,25.268,24.148,19.533,14.926,57.849,28.758,22.764,33.128,21.574,28.153,17.804
4.79,31.498,30.699,38.542,8.3475,19.826,23.446,19.66,28.988,31.365,33.378,18.627,28.173,56.692,30.818,25.714,21.961,28.049,25.306,22.864,7.964,101.48,23.848,83.47,22.571,36.557,20.68,29.213,18.83,18.987,25.222,24.109,19.551,14.967,58.069,28.962,22.773,33.078,21.458,28.179,17.895
4.8,31.584,30.631,38.803,8.3425,19.849,23.404,19.713,29.014,31.585,33.267,18.62,28.201,56.745,30.772,25.639,21.944,27.945,25.327,22.79,8.0034,101.55,23.926,83.572,22.56,36.845,20.635,29.181,18.885,19.025,25.176,24.069,19.568,15.015,58.287,29.162,22.782,33.026,21.339,28.202,17.986
4.81,31.667,30.562,39.051,8.3375,19.872,23.361,19.766,29.041,31.801,33.154,18.613,28.228,56.796,30.727,25.564,21.925,27.84,25.347,22.715,8.0427,101.62,24.004,83.673,22.544,37.129,20.591,29.147,18.939,19.058,25.13,24.028,19.585,15.072,58.501,29.357,22.789,32.974,21.216,28.222,18.085
4.82,31.744,30.491,39.301,8.3323,19.896,23.319,19.818,29.066,32.014,33.041,18.605,28.256,56.845,30.681,25.488,21.904,27.736,25.366,22.639,8.0819,101.67,24.079,83.773,22.523,37.409,20.546,29.11,18.99,19.086,25.083,23.985,19.601,15.13,58.712,29.548,22.795,32.921,21.091,28.24,18.236
4.83,31.82,30.422,39.537,8.327,19.919,23.276,19.87,29.092,32.224,32.926,18.598,28.284,56.895,30.636,25.412,21.882,27.631,25.384,22.563,8.1209,101.71,24.154,83.871,22.498,37.684,20.501,29.072,19.038,19.111,25.036,23.94,19.617,15.218,58.92,29.734,22.8,32.867,20.963,28.255,18.39
4.84,31.892,30.352,39.772,8.3216,19.942,23.233,19.921,29.117,32.431,32.809,18.591,28.311,56.947,30.59,25.335,21.86,27.527,25.401,22.486,8.1597,101.74,24.228,83.968,22.468,37.956,20.456,29.031,19.082,19.13,24.989,23.893,19.632,15.389,59.125,29.916,22.803,32.812,20.833,28.268,18.547
4.85,31.959,30.281,40,8.3161,19.966,23.19,19.973,29.141,32.635,32.692,18.584,28.336,56.993,30.544,25.258,21.838,27.423,25.417,22.407,8.1984,101.76,24.3,84.062,22.434,38.223,20.411,28.99,19.131,19.146,24.941,23.843,19.646,15.565,59.328,30.093,22.804,32.756,20.699,28.277,18.706
4.86,32.025,30.209,40.225,8.3193,19.989,23.147,20.023,29.165,32.835,32.573,18.577,28.359,57.036,30.498,25.181,21.814,27.318,25.431,22.329,8.2368,101.76,24.372,84.156,22.396,38.486,20.365,28.947,19.19,19.157,24.893,23.791,19.66,15.746,59.53,30.266,22.805,32.699,20.563,28.284,18.868
4.87,32.087,30.141,40.447,8.3359,20.012,23.104,20.073,29.189,33.032,32.453,18.57,28.38,57.074,30.452,25.103,21.788,27.214,25.445,22.249,8.275,101.76,24.441,84.249,22.354,38.743,20.319,28.902,19.246,19.164,24.888,23.737,19.673,15.933,59.729,30.434,22.805,32.641,20.424,28.289,19.032
4.88,32.146,30.082,40.66,8.3533,20.035,23.06,20.123,29.268,33.226,32.332,18.563,28.4,57.108,30.407,25.025,21.762,27.11,25.457,22.168,8.3129,101.74,24.51,84.339,22.307,38.996,20.273,28.855,19.299,19.166,24.912,23.681,19.686,16.125,59.926,30.598,22.803,32.582,20.283,28.291,19.199
4.89,32.203,30.026,40.868,8.3713,20.057,23.016,20.173,29.354,33.416,32.209,18.555,28.418,57.137,30.361,24.946,21.734,27.007,25.468,22.088,8.3505,101.72,24.578,84.429,22.258,39.244,20.226,28.805,19.35,19.165,24.936,23.621,19.698,16.321,60.12,30.758,22.8,32.522,20.139,28.29,19.369
4.9,32.259,29.97,41.069,8.3899,20.08,22.972,20.222,29.438,33.603,32.086,18.548,28.438,57.163,30.315,24.867,21.704,26.903,25.479,22.005,8.3879,101.69,24.644,84.517,22.204,39.487,20.179,28.754,19.398,19.159,24.96,23.559,19.71,16.523,60.313,30.912,22.796,32.461,19.993,28.286,19.54
4.91,32.315,29.915,41.264,8.4092,20.104,22.928,20.27,29.521,33.787,31.962,18.541,28.458,57.185,30.27,24.788,21.674,26.8,25.488,21.923,8.4249,101.64,24.71,84.603,22.147,39.725,20.132,28.7,19.444,19.149,24.983,23.495,19.721,16.729,60.502,31.062,22.79,32.399,19.845,28.28,19.715
4.92,32.382,29.859,41.455,8.4291,20.128,22.884,20.318,29.603,33.968,31.836,18.533,28.476,57.222,30.224,24.708,21.643,26.696,25.496,21.839,8.4616,101.59,24.774,84.689,22.086,39.957,20.084,28.645,19.489,19.135,25.006,23.428,19.732,16.94,60.69,31.208,22.783,32.335,19.771,28.271,19.891
4.93,32.463,29.802,41.654,8.4497,20.153,22.839,20.366,29.684,34.146,31.709,18.526,28.493,57.28,30.178,24.628,21.61,26.593,25.504,21.755,8.498,101.53,24.837,84.773,22.022,40.185,20.037,28.587,19.541,19.118,25.029,23.359,19.742,17.154,60.876,31.35,22.775,32.271,19.744,28.26,20.07
4.94,32.545,29.744,41.867,8.4708,20.181,22.795,20.413,29.765,34.321,31.582,18.518,28.508,57.336,30.133,24.547,21.576,26.49,25.51,21.669,8.534,101.47,24.898,84.856,21.955,40.408,19.989,28.528,19.622,19.096,25.051,23.287,19.751,17.373,61.059,31.487,22.766,32.205,19.716,28.245,20.252
4.95,32.625,29.686,42.076,8.4926,20.214,22.75,20.46,29.847,34.492,31.453,18.51,28.522,57.391,30.087,24.466,21.541,26.387,25.515,21.583,8.5697,101.4,24.959,84.937,21.885,40.625,19.942,28.466,19.701,19.07,25.072,23.212,19.76,17.595,61.24,31.619,22.756,32.138,19.687,28.229,20.435
4.96,32.704,29.627,42.287,8.515,20.247,22.705,20.506,29.927,34.66,31.324,18.503,28.534,57.444,30.042,24.433,21.507,26.284,25.519,21.495,8.6049,101.32,25.019,85.018,21.812,40.838,19.893,28.403,19.776,19.041,25.093,23.134,19.769,17.822,61.42,31.747,22.745,32.07,19.658,28.209,20.621
4.97,32.781,29.567,42.488,8.538,20.28,22.66,20.552,30.007,34.825,31.194,18.495,28.544,57.494,29.997,24.435,21.471,26.182,25.522,21.407,8.6398,101.24,25.077,85.097,21.736,41.045,19.845,28.337,19.849,19.008,25.113,23.056,19.778,18.051,61.597,31.871,22.732,32.001,19.627,28.187,20.808
4.98,32.856,29.506,42.689,8.5615,20.313,22.614,20.598,30.085,34.987,31.063,18.487,28.553,57.54,29.951,24.437,21.435,26.079,25.524,21.317,8.6742,101.15,25.134,85.174,21.657,41.248,19.796,28.27,19.919,18.971,25.133,22.974,19.786,18.284,61.771,31.991,22.718,31.93,19.595,28.162,20.998
4.99,32.928,29.446,42.876,8.5857,20.345,22.569,20.643,30.162,35.146,30.931,18.479,28.561,57.582,29.906,24.438,21.397,25.977,25.526,21.227,8.7082,101.05,25.19,85.251,21.576,41.447,19.747,28.201,19.986,18.93,25.152,22.889,19.793,18.52,61.944,32.105,22.704,31.859,19.562,28.134,21.19
5,32.998,29.387,43.064,8.6104,20.377,22.523,20.688,30.238,35.301,30.798,18.472,28.568,57.625,29.861,24.44,21.358,25.875,25.526,21.136,8.7417,100.95,25.244,85.327,21.492,41.641,19.697,28.131,20.05,18.887,25.171,22.801,19.8,18.759,62.114,32.216,22.688,31.787,19.529,28.103,21.384
5.01,33.065,29.334,43.24,8.6356,20.409,22.478,20.732,30.313,35.454,30.665,18.464,28.578,57.683,29.816,24.441,21.319,25.773,25.525,21.043,8.7747,100.84,25.298,85.401,21.406,41.83,19.647,28.058,20.11,18.869,25.19,22.712,19.806,19.001,62.282,32.321,22.671,31.714,19.495,28.07,21.58
5.02,33.127,29.282,43.412,8.6614,20.44,22.432,20.776,30.385,35.604,30.531,18.456,28.585,57.739,29.771,24.442,21.278,25.672,25.523,20.95,8.8073,100.72,25.35,85.475,21.318,42.014,19.596,27.984,20.167,18.953,25.207,22.621,19.812,19.245,62.448,32.422,22.653,31.639,19.46,28.035,21.778
5.03,33.187,29.23,43.578,8.6878,20.471,22.386,20.82,30.456,35.751,30.396,18.448,28.592,57.789,29.726,24.443,21.236,25.57,25.521,20.855,8.8393,100.6,25.401,85.547,21.228,42.194,19.546,27.91,20.221,19.034,25.224,22.527,19.818,19.492,62.611,32.52,22.635,31.564,19.424,27.996,21.977
5.04,33.244,29.177,43.743,8.7147,20.502,22.34,20.863,30.526,35.895,30.26,18.44,28.596,57.835,29.682,24.444,21.193,25.469,25.517,20.759,8.8708,100.47,25.45,85.618,21.136,42.368,19.589,27.835,20.272,19.114,25.24,22.43,19.823,19.741,62.772,32.612,22.614,31.488,19.388,27.955,22.179
5.05,33.296,29.122,43.909,8.7421,20.532,22.294,20.906,30.594,36.036,30.124,18.432,28.6,57.878,29.637,24.445,21.15,25.368,25.513,20.663,8.9018,100.33,25.499,85.688,21.043,42.537,19.635,27.757,20.318,19.192,25.255,22.33,19.828,19.992,62.932,32.701,22.594,31.412,19.35,27.911,22.382
5.06,33.346,29.065,44.108,8.77,20.562,22.248,20.948,30.66,36.174,29.987,18.425,28.602,57.916,29.592,24.445,21.105,25.267,25.508,20.566,8.9322,100.18,25.546,85.757,20.947,42.7,19.682,27.678,20.362,19.269,25.269,22.23,19.832,20.245,63.089,32.785,22.572,31.334,19.312,27.864,22.587
5.07,33.391,29.007,44.361,8.7985,20.591,22.201,20.99,30.725,36.309,29.85,18.417,28.603,57.95,29.548,24.445,21.06,25.167,25.501,20.467,8.962,100.03,25.592,85.825,20.851,42.857,19.73,27.598,20.402,19.344,25.284,22.127,19.836,20.499,63.244,32.865,22.549,31.256,19.274,27.814,22.794
5.08,33.434,28.947,44.635,8.8274,20.62,22.155,21.032,30.788,36.44,29.712,18.409,28.602,57.98,29.503,24.445,21.014,25.067,25.494,20.368,8.9912,99.87,25.636,85.892,20.753,43.008,19.779,27.516,20.438,19.418,25.297,22.021,19.84,20.755,63.397,32.941,22.525,31.177,19.235,27.762,23.002
5.09,33.474,28.886,44.916,8.8568,20.648,22.108,21.073,30.851,36.569,29.574,18.401,28.6,58.007,29.458,24.445,20.969,24.966,25.486,20.268,9.0198,99.706,25.68,85.958,20.653,43.154,19.829,27.432,20.472,19.49,25.309,21.913,19.843,21.012,63.549,33.012,22.5,31.097,19.195,27.707,23.212
5.1,33.51,28.823,45.191,8.8867,20.676,22.061,21.114,30.912,36.696,29.435,18.393,28.597,58.029,29.414,24.445,20.922,24.867,25.477,20.167,9.0478,99.534,25.722,86.023,20.553,43.293,19.88,27.347,20.502,19.56,25.329,21.803,19.845,21.27,63.7,33.08,22.474,31.016,19.155,27.649,23.424
5.11,33.543,28.761,45.462,8.917,20.704,22.014,21.155,30.974,36.819,29.296,18.384,28.597,58.046,29.369,24.444,20.874,24.767,25.468,20.065,9.0751,99.356,25.763,86.088,20.452,43.426,19.932,27.26,20.527,19.628,25.35,21.692,19.848,21.529,63.849,33.143,22.448,30.935,19.114,27.589,23.637
5.12,33.574,28.699,45.721,8.9478,20.731,21.967,21.195,31.037,36.938,29.156,18.376,28.595,58.059,29.324,24.444,20.826,24.668,25.457,19.963,9.1017,99.173,25.803,86.151,20.351,43.553,19.985,27.172,20.551,19.695,25.37,21.579,19.85,21.789,63.996,33.203,22.42,30.853,19.072,27.526,23.851
5.13,33.602,28.637,45.969,8.979,20.758,21.92,21.235,31.102,37.046,29.016,18.368,28.592,58.067,29.28,24.443,20.777,24.569,25.446,19.859,9.1276,98.982,25.841,86.214,20.249,43.675,20.039,27.083,20.571,19.761,25.389,21.463,19.851,22.049,64.143,33.26,22.392,30.77,19.031,27.46,24.067
5.14,33.627,28.574,46.218,9.0106,20.784,21.873,21.274,31.172,37.143,28.875,18.36,28.588,58.072,29.235,24.442,20.727,24.47,25.433,19.755,9.1528,98.787,25.878,86.275,20.146,43.792,20.093,26.992,20.586,19.825,25.407,21.345,19.853,22.309,64.287,33.312,22.363,30.687,18.988,27.391,24.284
5.15,33.65,28.511,46.456,9.0427,20.81,21.825,21.313,31.244,37.23,28.734,18.352,28.584,58.072,29.191,24.441,20.676,24.371,25.42,19.65,9.1774,98.586,25.914,86.336,20.043,43.904,20.148,26.9,20.6,19.887,25.424,21.231,19.854,22.57,64.43,33.361,22.333,30.603,18.946,27.32,24.502
5.16,33.673,28.447,46.683,9.0751,20.836,21.778,21.352,31.317,37.307,28.593,18.344,28.59,58.07,29.146,24.439,20.625,24.273,25.406,19.545,9.2013,98.379,25.949,86.397,19.94,44.013,20.204,26.806,20.609,19.948,25.442,21.209,19.854,22.83,64.57,33.407,22.302,30.518,18.903,27.246,24.72
5.17,33.695,28.383,46.898,9.108,20.861,21.73,21.39,31.391,37.373,28.452,18.335,28.597,58.07,29.101,24.438,20.573,24.177,25.392,19.439,9.2244,98.167,25.983,86.456,19.836,44.117,20.261,26.711,20.615,20.007,25.458,21.185,19.854,23.091,64.709,33.449,22.27,30.432,18.859,27.169,24.94
5.18,33.717,28.317,47.101,9.1413,20.886,21.682,21.428,31.465,37.429,28.31,18.327,28.605,58.07,29.056,24.436,20.52,24.178,25.376,19.331,9.2467,97.949,26.014,86.515,19.733,44.218,20.318,26.615,20.617,20.065,25.473,21.16,19.854,23.351,64.845,33.488,22.237,30.345,18.816,27.09,25.161
5.19,33.741,28.251,47.304,9.1749,20.91,21.634,21.466,31.539,37.474,28.168,18.319,28.611,58.068,29.012,24.435,20.466,24.178,25.36,19.224,9.2682,97.726,26.046,86.573,19.63,44.315,20.376,26.518,20.617,20.122,25.5,21.134,19.853,23.61,64.98,33.525,22.204,30.258,18.772,27.008,25.383
5.2,33.769,28.184,47.499,9.2089,20.934,21.586,21.503,31.613,37.509,28.026,18.31,28.616,58.061,28.967,24.433,20.412,24.178,25.343,19.116,9.2889,97.497,26.075,86.631,19.528,44.409,20.435,26.419,20.613,20.177,25.547,21.107,19.852,23.868,65.113,33.558,22.169,30.17,18.728,26.923,25.605
5.21,33.871,28.115,47.683,9.2433,20.957,21.538,21.54,31.685,37.533,27.884,18.302,28.619,58.051,28.922,24.431,20.358,24.178,25.325,19.008,9.3087,97.262,26.104,86.688,19.426,44.499,20.495,26.319,20.605,20.231,25.594,21.078,19.851,24.126,65.245,33.588,22.135,30.081,18.685,26.836,25.827
5.22,33.97,28.046,47.856,9.278,20.98,21.49,21.577,31.757,37.547,27.741,18.293,28.621,58.037,28.877,24.429,20.303,24.179,25.307,18.898,9.3276,97.023,26.131,86.744,19.324,44.583,20.555,26.218,20.596,20.282,25.643,21.048,19.85,24.383,65.375,33.616,22.099,29.991,18.644,26.746,26.051
5.23,34.067,27.976,48.018,9.313,21.003,21.441,21.613,31.829,37.551,27.598,18.285,28.622,58.019,28.833,24.426,20.248,24.178,25.287,18.848,9.3456,96.777,26.157,86.8,19.224,44.663,20.615,26.116,20.583,20.334,25.692,21.017,19.848,24.638,65.504,33.641,22.062,29.901,18.605,26.654,26.275
5.24,34.163,27.906,48.182,9.3483,21.025,21.392,21.649,31.899,37.545,27.456,18.277,28.625,57.997,28.788,24.423,20.193,24.178,25.267,18.819,9.3627,96.528,26.182,86.855,19.124,44.736,20.676,26.014,20.565,20.383,25.742,20.986,19.846,24.893,65.631,33.663,22.025,29.809,18.566,26.559,26.499
5.25,34.256,27.835,48.336,9.3839,21.046,21.344,21.685,31.968,37.528,27.313,18.268,28.628,57.97,28.743,24.421,20.136,24.178,25.247,18.79,9.3789,96.272,26.205,86.91,19.025,44.912,20.737,25.911,20.547,20.431,25.793,20.953,19.843,25.146,65.757,33.806,21.987,29.717,18.529,26.462,26.724
5.26,34.346,27.765,48.48,9.4199,21.068,21.295,21.72,32.037,37.501,27.171,18.26,28.629,57.94,28.698,24.418,20.079,24.177,25.225,18.76,9.3941,96.012,26.227,86.965,18.927,45.208,20.799,25.808,20.524,20.478,25.844,20.918,19.84,25.398,65.882,34.05,21.948,29.624,18.491,26.362,26.949
5.27,34.436,27.697,48.621,9.4561,21.088,21.246,21.755,32.105,37.464,27.027,18.252,28.629,57.905,28.653,24.415,20.022,24.176,25.203,18.731,9.4084,95.747,26.249,87.019,18.831,45.5,20.861,25.703,20.498,20.523,25.896,20.884,19.837,25.649,66.005,34.292,21.908,29.53,18.454,26.26,27.174
5.28,34.524,27.628,48.757,9.4926,21.109,21.197,21.789,32.173,37.417,26.884,18.243,28.628,57.867,28.607,24.412,19.964,24.174,25.18,18.701,9.4216,95.476,26.268,87.073,18.736,45.788,20.924,25.597,20.471,20.567,25.949,20.848,19.834,25.898,66.126,34.531,21.868,29.436,18.418,26.239,27.4
5.29,34.608,27.559,48.889,9.5294,21.128,21.148,21.823,32.243,37.359,26.742,18.235,28.625,57.825,28.562,24.409,19.905,24.173,25.157,18.672,9.4338,95.202,26.287,87.126,18.642,46.071,20.987,25.49,20.439,20.61,26.002,20.811,19.83,26.146,66.246,34.767,21.827,29.341,18.381,26.289,27.626
5.3,34.691,27.49,49.018,9.5664,21.148,21.098,21.856,32.316,37.292,26.599,18.226,28.622,57.891,28.517,24.406,19.846,24.171,25.132,18.642,9.4451,94.923,26.304,87.179,18.55,46.35,21.05,25.382,20.405,20.652,26.056,20.772,19.826,26.392,66.365,35,21.785,29.245,18.345,26.339,27.852
5.31,34.772,27.42,49.149,9.6037,21.167,21.049,21.889,32.389,37.215,26.456,18.218,28.617,57.954,28.472,24.402,19.786,24.169,25.108,18.612,9.4553,94.639,26.32,87.232,18.459,46.624,21.113,25.273,20.369,20.692,26.11,20.733,19.821,26.638,66.481,35.231,21.743,29.148,18.309,26.386,28.079
5.32,34.85,27.349,49.278,9.6412,21.185,20.999,21.922,32.463,37.129,26.313,18.209,28.611,58.016,28.427,24.398,19.726,24.168,25.082,18.582,9.4644,94.351,26.335,87.285,18.371,46.894,21.177,25.164,20.329,20.758,26.165,20.693,19.816,26.881,66.597,35.458,21.7,29.051,18.274,26.432,28.305
5.33,34.926,27.277,49.404,9.679,21.203,20.949,21.954,32.535,37.279,26.17,18.201,28.604,58.077,28.381,24.395,19.665,24.166,25.056,18.551,9.4727,94.059,26.349,87.338,18.284,47.16,21.24,25.053,20.287,20.86,26.221,20.652,19.811,27.123,66.711,35.683,21.657,28.953,18.238,26.477,28.532
5.34,35.001,27.204,49.533,9.717,21.221,20.9,21.985,32.607,37.426,26.028,18.192,28.595,58.137,28.336,24.391,19.605,24.163,25.029,18.521,9.48,93.764,26.361,87.391,18.198,47.421,21.304,24.942,20.243,20.954,26.277,20.609,19.806,27.363,66.822,35.904,21.612,28.854,18.203,26.519,28.759
5.35,35.073,27.131,49.661,9.7552,21.238,20.85,22.016,32.678,37.572,25.885,18.184,28.586,58.195,28.29,24.387,19.544,24.161,25.002,18.49,9.4862,93.465,26.373,87.443,18.115,47.677,21.369,24.83,20.195,21.04,26.333,20.567,19.801,27.601,66.932,36.122,21.568,28.755,18.168,26.56,28.985
5.36,35.143,27.057,49.794,9.7935,21.255,20.8,22.047,32.747,37.715,25.743,18.175,28.575,58.252,28.245,24.383,19.501,24.158,24.974,18.459,9.4914,93.162,26.383,87.496,18.034,47.929,21.433,24.717,20.145,21.118,26.391,20.523,19.795,27.837,67.04,36.337,21.522,28.655,18.133,26.6,29.212
5.37,35.21,26.981,49.928,9.832,21.271,20.749,22.077,32.816,37.857,25.66,18.166,28.567,58.309,28.199,24.378,19.458,24.155,24.946,18.428,9.4955,92.856,26.391,87.549,17.955,48.176,21.497,24.603,20.092,21.188,26.448,20.478,19.789,28.072,67.147,36.549,21.476,28.555,18.098,26.637,29.438
5.38,35.276,26.906,50.089,9.8708,21.287,20.699,22.106,32.883,37.997,25.642,18.158,28.558,58.365,28.153,24.374,19.416,24.152,24.916,18.397,9.4985,92.547,26.399,87.602,17.878,48.419,21.561,24.488,20.037,21.25,26.506,20.432,19.783,28.304,67.252,36.757,21.429,28.454,18.064,26.673,29.665
5.39,35.34,26.83,50.275,9.9097,21.302,20.649,22.135,32.948,38.135,25.622,18.149,28.547,58.42,28.108,24.37,19.374,24.149,24.887,18.366,9.5003,92.235,26.406,87.655,17.803,48.656,21.626,24.373,19.978,21.303,26.565,20.386,19.776,28.534,67.354,36.962,21.382,28.352,18.029,26.708,29.891
5.4,35.402,26.753,50.455,9.9488,21.317,20.598,22.163,33.013,38.273,25.603,18.141,28.536,58.474,28.062,24.365,19.33,24.145,24.856,18.334,9.5011,91.919,26.411,87.709,17.73,48.889,21.69,24.257,19.919,21.347,26.623,20.338,19.769,28.762,67.455,37.164,21.334,28.25,17.993,26.74,30.118
5.41,35.461,26.675,50.63,9.9879,21.332,20.548,22.191,33.076,38.411,25.583,18.132,28.524,58.527,28.016,24.36,19.286,24.142,24.825,18.303,9.5008,91.601,26.415,87.763,17.66,49.118,21.755,24.141,19.855,21.384,26.683,20.291,19.762,28.987,67.554,37.362,21.285,28.148,17.958,26.771,30.344
5.42,35.517,26.597,50.799,10.027,21.346,20.497,22.218,33.138,38.548,25.563,18.123,28.51,58.579,27.97,24.355,19.241,24.138,24.794,18.272,9.4993,91.278,26.418,87.818,17.592,49.341,21.819,24.024,19.789,21.412,26.742,20.243,19.755,29.21,67.65,37.556,21.237,28.045,17.922,26.8,30.571
5.43,35.573,26.518,50.958,10.067,21.359,20.446,22.245,33.199,38.687,25.543,18.114,28.496,58.629,27.924,24.351,19.196,24.134,24.762,18.241,9.4967,90.954,26.42,87.873,17.526,49.56,21.883,23.906,19.722,21.431,26.802,20.194,19.747,29.429,67.744,37.747,21.187,27.941,17.886,26.828,30.797
5.44,35.626,26.439,51.114,10.106,21.372,20.395,22.271,33.259,38.825,25.522,18.106,28.48,58.679,27.878,24.345,19.151,24.13,24.73,18.209,9.493,90.625,26.421,87.929,17.463,49.773,21.947,23.788,19.652,21.443,26.862,20.146,19.739,29.646,67.836,37.935,21.137,27.837,17.849,26.854,31.023
5.45,35.713,26.361,51.259,10.146,21.385,20.344,22.297,33.317,38.963,25.501,18.097,28.464,58.728,27.832,24.34,19.106,24.126,24.696,18.177,9.4882,90.293,26.42,87.985,17.402,49.982,22.011,23.669,19.579,21.447,26.923,20.098,19.731,29.86,67.925,38.119,21.086,27.732,17.812,26.878,31.248
5.46,35.805,26.283,51.392,10.186,21.398,20.293,22.322,33.375,39.101,25.479,18.088,28.446,58.775,27.786,24.335,19.06,24.122,24.663,18.146,9.4823,89.958,26.419,88.043,17.343,50.186,22.075,23.549,19.504,21.444,26.984,20.05,19.723,30.07,68.013,38.299,21.035,27.671,17.774,26.9,31.473
5.47,35.895,26.205,51.521,10.226,21.409,20.242,22.346,33.431,39.238,25.458,18.079,28.427,58.822,27.74,24.33,19.013,24.117,24.629,18.114,9.4753,89.62,26.416,88.101,17.287,50.385,22.139,23.429,19.427,21.434,27.045,20.002,19.714,30.276,68.099,38.476,20.983,27.652,17.736,26.92,31.697
5.48,35.983,26.129,51.634,10.266,21.421,20.19,22.371,33.485,39.374,25.435,18.071,28.408,58.868,27.694,24.324,18.966,24.113,24.594,18.082,9.4964,89.278,26.412,88.161,17.233,50.578,22.203,23.309,19.349,21.417,27.107,19.954,19.706,30.478,68.184,38.649,20.931,27.632,17.698,26.939,31.92
5.49,36.067,26.149,51.747,10.306,21.432,20.139,22.394,33.539,39.511,25.412,18.062,28.387,58.915,27.647,24.319,18.918,24.108,24.559,18.05,9.5393,88.933,26.408,88.221,17.181,50.766,22.266,23.188,19.268,21.392,27.169,19.905,19.697,30.677,68.268,38.82,20.878,27.613,17.659,26.956,32.141
5.5,36.149,26.167,51.843,10.346,21.442,20.088,22.418,33.592,39.648,25.389,18.053,28.365,58.962,27.601,24.313,18.87,24.103,24.524,18.017,9.5813,88.586,26.402,88.283,17.132,50.949,22.329,23.066,19.186,21.361,27.231,19.855,19.688,30.871,68.352,38.986,20.825,27.593,17.62,26.971,32.362
5.51,36.228,26.186,51.935,10.386,21.453,20.036,22.441,33.644,39.785,25.366,18.045,28.343,59.008,27.554,24.307,18.821,24.098,24.488,17.985,9.6226,88.235,26.395,88.346,17.085,51.127,22.392,22.945,19.122,21.323,27.293,19.805,19.679,31.061,68.436,39.149,20.771,27.573,17.58,26.985,32.582
5.52,36.307,26.203,52.018,10.427,21.462,19.984,22.464,33.694,39.922,25.342,18.036,28.319,59.053,27.508,24.302,18.773,24.093,24.451,17.953,9.6632,87.883,26.387,88.41,17.04,51.299,22.455,22.822,19.069,21.281,27.355,19.754,19.669,31.247,68.519,39.309,20.717,27.552,17.54,26.997,32.8
5.53,36.384,26.22,52.09,10.467,21.471,19.932,22.486,33.745,40.059,25.318,18.027,28.295,59.098,27.461,24.296,18.724,24.087,24.414,17.92,9.7031,87.527,26.378,88.476,16.998,51.465,22.518,22.701,19.068,21.299,27.418,19.702,19.66,31.429,68.603,39.465,20.663,27.531,17.499,27.007,33.017
5.54,36.458,26.236,52.162,10.507,21.48,19.881,22.509,33.796,40.195,25.293,18.019,28.273,59.142,27.414,24.29,18.674,24.082,24.377,17.888,9.7422,87.169,26.368,88.543,16.958,51.625,22.58,22.578,19.105,21.315,27.48,19.649,19.65,31.607,68.687,39.618,20.608,27.51,17.458,27.015,33.232
5.55,36.529,26.251,52.226,10.548,21.489,19.829,22.531,33.853,40.33,25.268,18.01,28.25,59.185,27.368,24.284,18.624,24.076,24.339,17.855,9.7804,86.808,26.358,88.611,16.921,51.78,22.642,22.456,19.14,21.33,27.543,19.596,19.64,31.781,68.771,39.767,20.552,27.489,17.416,27.022,33.446
5.56,36.597,26.265,52.279,10.588,21.497,19.777,22.553,33.916,40.464,25.243,18.001,28.226,59.228,27.321,24.278,18.574,24.07,24.3,17.823,9.8177,86.462,26.346,88.682,16.885,51.929,22.704,22.333,19.173,21.345,27.606,19.542,19.629,31.951,68.856,39.913,20.496,27.468,17.374,27.027,33.658
5.57,36.663,26.279,52.332,10.629,21.505,19.725,22.575,33.978,40.596,25.217,17.992,28.201,59.271,27.274,24.271,18.523,24.065,24.261,17.79,9.8542,86.287,26.333,88.754,16.852,52.072,22.766,22.21,19.205,21.359,27.67,19.487,19.619,32.118,68.94,40.056,20.44,27.446,17.331,27.03,33.868
5.58,36.729,26.292,52.369,10.669,21.512,19.672,22.596,34.039,40.727,25.191,17.984,28.176,59.314,27.227,24.265,18.472,24.059,24.222,17.758,9.8897,86.108,26.319,88.828,16.821,52.208,22.827,22.086,19.236,21.371,27.733,19.431,19.608,32.281,69.024,40.196,20.383,27.424,17.288,27.031,34.077
5.59,36.793,26.304,52.403,10.71,21.519,19.62,22.617,34.099,40.855,25.164,17.975,28.149,59.356,27.181,24.258,18.42,24.053,24.182,17.725,9.9243,85.925,26.304,88.903,16.792,52.339,22.888,21.963,19.264,21.383,27.797,19.375,19.597,32.442,69.109,40.332,20.326,27.402,17.244,27.031,34.284
5.6,36.853,26.316,52.419,10.751,21.526,19.568,22.638,34.158,40.981,25.137,17.966,28.122,59.398,27.134,24.252,18.368,24.046,24.142,17.692,9.958,85.737,26.288,88.981,16.765,52.464,22.949,21.839,19.29,21.394,27.86,19.318,19.586,32.599,69.194,40.465,20.269,27.38,17.2,27.029,34.489
5.61,36.912,26.327,52.434,10.791,21.532,19.515,22.658,34.215,41.106,25.11,17.957,28.094,59.44,27.087,24.245,18.316,24.04,24.101,17.659,9.9907,85.543,26.272,89.06,16.74,52.582,23.009,21.715,19.314,21.404,27.924,19.26,19.575,32.754,69.28,40.595,20.211,27.357,17.155,27.025,34.692
5.62,36.967,26.337,52.431,10.832,21.706,19.463,22.678,34.271,41.229,25.082,17.949,28.065,59.48,27.039,24.239,18.264,24.033,24.06,17.627,10.022,85.342,26.254,89.142,16.718,52.695,23.069,21.59,19.338,21.413,27.988,19.201,19.564,32.905,69.368,40.721,20.153,27.334,17.109,27.02,34.893
5.63,37.02,26.347,52.421,10.872,21.896,19.41,22.697,34.325,41.351,25.054,17.94,28.035,59.521,26.992,24.232,18.244,24.027,24.018,17.594,10.053,85.134,26.236,89.225,16.697,52.801,23.129,21.466,19.36,21.422,28.051,19.141,19.553,33.052,69.457,40.845,20.094,27.31,17.063,27.013,35.093
5.64,37.072,26.356,52.4,10.913,22.085,19.358,22.716,34.377,41.472,25.026,17.931,28.004,59.561,26.945,24.225,18.241,24.02,23.976,17.561,10.083,84.919,26.217,89.31,16.678,52.901,23.188,21.358,19.379,21.43,28.115,19.081,19.542,33.194,69.548,40.965,20.035,27.287,17.017,27.004,35.29
5.65,37.123,26.365,52.36,10.953,22.273,19.305,22.734,34.428,41.592,24.998,17.922,27.973,59.6,26.898,24.218,18.238,24.013,23.934,17.528,10.112,84.697,26.197,89.398,16.661,52.995,23.247,21.287,19.397,21.436,28.179,19.021,19.53,33.331,69.639,41.083,19.976,27.263,16.969,26.994,35.487
5.66,37.171,26.373,52.322,10.994,22.46,19.252,22.752,34.477,41.712,24.969,17.913,27.94,59.639,26.851,24.211,18.235,24.006,23.891,17.495,10.14,84.467,26.175,89.487,16.645,53.083,23.305,21.216,19.413,21.442,28.243,18.959,19.518,33.463,69.73,41.197,19.916,27.239,16.922,26.982,35.684
5.67,37.217,26.381,52.266,11.034,22.646,19.199,22.77,34.525,41.83,24.94,17.905,27.907,59.678,26.803,24.204,18.232,23.999,23.848,17.461,10.167,84.229,26.154,89.578,16.632,53.166,23.363,21.144,19.427,21.447,28.307,18.896,19.506,33.589,69.82,41.309,19.856,27.214,16.873,26.968,35.88
5.68,37.26,26.388,52.204,11.075,22.83,19.146,22.786,34.571,41.947,24.91,17.896,27.873,59.717,26.756,24.197,18.229,23.992,23.804,17.428,10.193,83.984,26.131,89.672,16.62,53.242,23.421,21.07,19.44,21.452,28.371,18.833,19.494,33.711,69.909,41.417,19.796,27.189,16.824,26.953,36.077
5.69,37.301,26.395,52.208,11.115,23.013,19.093,22.803,34.615,42.062,24.88,17.887,27.839,59.755,26.709,24.19,18.226,23.984,23.76,17.395,10.218,83.731,26.108,89.767,16.609,53.313,23.478,20.996,19.452,21.455,28.435,18.769,19.482,33.827,69.996,41.523,19.735,27.164,16.775,26.937,36.273
5.7,37.34,26.401,52.206,11.155,23.195,19.04,22.819,34.658,42.174,24.85,17.878,27.807,59.792,26.662,24.182,18.223,23.977,23.716,17.362,10.242,83.469,26.083,89.864,16.6,53.378,23.535,20.922,19.462,21.458,28.499,18.705,19.47,33.939,70.082,41.625,19.674,27.139,16.725,26.918,36.469
5.71,37.378,26.407,52.205,11.195,23.376,18.987,22.834,34.7,42.285,24.82,17.869,27.774,59.829,26.614,24.175,18.219,23.969,23.671,17.328,10.265,83.2,26.058,89.963,16.593,53.438,23.592,20.847,19.469,21.459,28.563,18.64,19.457,34.045,70.167,41.725,19.613,27.113,16.674,26.898,36.665
5.72,37.414,26.412,52.2,11.235,23.556,18.934,22.849,34.741,42.393,24.79,17.86,27.74,59.865,26.567,24.167,18.216,23.962,23.626,17.295,10.287,82.922,26.033,90.063,16.587,53.493,23.648,20.77,19.475,21.461,28.627,18.574,19.445,34.147,70.251,41.822,19.551,27.087,16.623,26.877,36.861
5.73,37.448,26.416,52.261,11.275,23.735,18.881,22.863,34.78,42.499,24.759,17.851,27.705,59.902,26.519,24.16,18.213,23.954,23.58,17.262,10.309,82.743,26.006,90.165,16.582,53.542,23.704,20.693,19.479,21.461,28.691,18.508,19.432,34.245,70.334,41.916,19.49,27.061,16.572,26.854,37.055
5.74,37.48,26.42,52.367,11.315,23.913,18.827,22.877,34.82,42.604,24.728,17.843,27.67,59.937,26.472,24.152,18.21,23.946,23.534,17.229,10.329,82.74,25.979,90.268,16.579,53.586,23.76,20.615,19.482,21.46,28.754,18.44,19.419,34.337,70.417,42.109,19.428,27.034,16.52,26.83,37.25
5.75,37.51,26.424,52.475,11.355,24.091,18.774,22.89,34.858,42.706,24.697,17.834,27.634,59.972,26.424,24.144,18.207,23.938,23.488,17.196,10.348,82.735,25.951,90.373,16.576,53.624,23.815,20.536,19.484,21.458,28.818,18.372,19.406,34.425,70.499,42.338,19.365,27.007,16.467,26.804,37.443
5.76,37.537,26.427,52.582,11.395,24.269,18.72,22.903,34.897,42.806,24.665,17.825,27.597,60.007,26.377,24.136,18.204,23.93,23.441,17.162,10.367,82.729,25.922,90.479,16.575,53.657,23.87,20.456,19.484,21.456,28.882,18.304,19.393,34.508,70.58,42.566,19.302,26.98,16.414,26.777,37.636
5.77,37.562,26.429,52.682,11.434,24.445,18.667,22.916,34.936,42.904,24.634,17.816,27.559,60.042,26.329,24.128,18.2,23.922,23.394,17.129,10.384,82.722,25.892,90.586,16.576,53.685,23.924,20.375,19.482,21.454,28.945,18.235,19.38,34.585,70.661,42.793,19.24,26.953,16.36,26.748,37.829
5.78,37.587,26.431,52.785,11.474,24.621,18.613,22.928,34.974,42.999,24.602,17.807,27.521,60.076,26.281,24.12,18.197,23.913,23.347,17.096,10.4,82.714,25.862,90.695,16.577,53.708,23.978,20.294,19.479,21.45,29.008,18.166,19.367,34.656,70.741,43.018,19.177,26.925,16.306,26.718,38.022
5.79,37.61,26.432,52.877,11.513,24.795,18.56,22.94,35.012,43.093,24.57,17.799,27.485,60.11,26.233,24.112,18.194,23.905,23.3,17.063,10.415,82.705,25.831,90.804,16.579,53.725,24.032,20.213,19.474,21.445,29.072,18.096,19.354,34.721,70.821,43.242,19.113,26.897,16.251,26.686,38.215
5.8,37.631,26.433,52.968,11.552,24.969,18.506,22.952,35.049,43.183,24.537,17.79,27.448,60.143,26.186,24.103,18.191,23.896,23.252,17.029,10.43,82.694,25.799,90.914,16.582,53.738,24.085,20.131,19.467,21.44,29.135,18.025,19.341,34.781,70.9,43.464,19.05,26.869,16.196,26.653,38.408
5.81,37.649,26.434,53.052,11.591,25.143,18.452,22.963,35.085,43.273,24.505,17.781,27.41,60.177,26.138,24.095,18.188,23.888,23.203,16.996,10.443,82.683,25.767,91.024,16.586,53.745,24.138,20.048,19.458,21.433,29.198,17.953,19.327,34.834,70.978,43.684,18.986,26.841,16.14,26.618,38.6
5.82,37.665,26.434,53.13,11.63,25.316,18.398,22.974,35.119,43.36,24.472,17.772,27.372,60.209,26.09,24.086,18.185,23.879,23.155,16.963,10.456,82.671,25.734,91.136,16.591,53.747,24.191,19.964,19.448,21.427,29.261,17.881,19.314,34.881,71.055,43.903,18.922,26.812,16.084,26.583,38.79
5.83,37.679,26.434,53.206,11.669,25.488,18.39,22.985,35.153,43.444,24.439,17.764,27.335,60.242,26.043,24.078,18.182,23.87,23.106,16.974,10.467,82.657,25.7,91.248,16.597,53.745,24.244,19.879,19.438,21.419,29.324,17.809,19.3,34.922,71.131,44.119,18.858,26.783,16.028,26.546,38.978
5.84,37.693,26.433,53.272,11.707,25.661,18.402,22.996,35.185,43.526,24.406,17.755,27.298,60.274,25.995,24.069,18.178,23.861,23.057,16.991,10.478,82.642,25.666,91.361,16.603,53.737,24.296,19.794,19.426,21.411,29.386,17.737,19.286,34.957,71.206,44.333,18.794,26.754,15.971,26.507,39.164
5.85,37.706,26.433,53.34,11.745,25.834,18.414,23.006,35.215,43.606,24.373,17.746,27.261,60.306,25.947,24.061,18.175,23.852,23.007,17.009,10.487,82.626,25.631,91.474,16.61,53.725,24.348,19.708,19.412,21.402,29.449,17.663,19.273,34.986,71.28,44.545,18.729,26.725,15.913,26.467,39.348
5.86,37.716,26.432,53.398,11.784,26.007,18.426,23.017,35.245,43.683,24.339,17.737,27.223,60.338,25.899,24.052,18.172,23.843,22.957,17.027,10.496,82.609,25.596,91.588,16.618,53.708,24.399,19.621,19.396,21.392,29.511,17.59,19.259,35.008,71.353,44.755,18.664,26.696,15.855,26.426,39.531
5.87,37.724,26.43,53.456,11.826,26.179,18.438,23.027,35.272,43.758,24.306,17.729,27.184,60.369,25.852,24.043,18.169,23.834,22.907,17.044,10.504,82.59,25.56,91.703,16.627,53.686,24.451,19.534,19.379,21.381,29.573,17.515,19.245,35.089,71.426,45.056,18.599,26.666,15.797,26.384,39.712
5.88,37.73,26.429,53.507,11.87,26.35,18.45,23.036,35.299,43.83,24.272,17.72,27.146,60.4,25.804,24.033,18.166,23.825,22.857,17.061,10.511,82.57,25.523,91.819,16.636,53.66,24.502,19.445,19.36,21.369,29.635,17.44,19.231,35.247,71.499,45.398,18.534,26.636,15.738,26.34,39.892
5.89,37.734,26.427,53.549,11.913,26.521,18.462,23.046,35.324,43.9,24.238,17.711,27.109,60.431,25.756,24.024,18.163,23.816,22.806,17.078,10.517,82.548,25.485,91.935,16.645,53.63,24.552,19.358,19.34,21.357,29.697,17.365,19.216,35.401,71.571,45.737,18.469,26.606,15.679,26.295,40.071
5.9,37.737,26.425,53.592,11.957,26.691,18.474,23.054,35.348,43.966,24.204,17.702,27.071,60.461,25.708,24.015,18.159,23.806,22.755,17.095,10.523,82.525,25.447,92.053,16.655,53.595,24.603,19.269,19.319,21.345,29.759,17.29,19.247,35.551,71.642,46.072,18.404,26.576,15.619,26.249,40.248
5.91,37.739,26.424,53.626,12,26.861,18.486,23.063,35.371,44.03,24.169,17.693,27.033,60.491,25.66,24.006,18.156,23.797,22.704,17.112,10.527,82.501,25.409,92.171,16.666,53.556,24.653,19.18,19.297,21.332,29.82,17.214,19.352,35.697,71.713,46.404,18.338,26.545,15.559,26.202,40.424
5.92,37.739,26.424,53.651,12.043,27.03,18.497,23.071,35.393,44.092,24.135,17.685,26.994,60.521,25.612,23.996,18.153,23.787,22.652,17.129,10.53,82.476,25.37,92.29,16.677,53.512,24.702,19.091,19.273,21.318,29.881,17.162,19.455,35.839,71.783,46.732,18.272,26.515,15.499,26.153,40.597
5.93,37.738,26.423,53.677,12.086,27.199,18.508,23.079,35.413,44.15,24.1,17.676,26.954,60.551,25.565,23.987,18.15,23.777,22.601,17.145,10.533,82.449,25.33,92.411,16.689,53.464,24.752,19.001,19.248,21.303,29.942,17.115,19.557,35.977,71.852,47.057,18.206,26.484,15.438,26.103,40.782
5.94,37.734,26.421,53.694,12.129,27.367,18.52,23.086,35.433,44.205,24.065,17.667,26.914,60.581,25.517,23.977,18.147,23.767,22.548,17.162,10.534,82.421,25.29,92.533,16.7,53.412,24.801,18.91,19.222,21.287,30.003,17.066,19.658,36.11,71.92,47.378,18.14,26.453,15.377,26.052,41.022
5.95,37.728,26.419,53.702,12.172,27.534,18.531,23.094,35.452,44.258,24.03,17.658,26.873,60.612,25.469,23.967,18.144,23.758,22.496,17.178,10.535,82.391,25.249,92.656,16.713,53.356,24.849,18.819,19.194,21.271,30.064,17.017,19.758,36.24,71.988,47.696,18.074,26.423,15.315,26,41.255
5.96,37.721,26.417,53.713,12.215,27.699,18.542,23.101,35.47,44.308,23.995,17.65,26.833,60.643,25.421,23.957,18.142,23.748,22.495,17.194,10.535,82.359,25.208,92.781,16.725,53.295,24.898,18.727,19.164,21.253,30.124,16.967,19.857,36.365,72.055,48.011,18.008,26.391,15.253,25.947,41.483
5.97,37.714,26.414,53.713,12.257,27.864,18.553,23.108,35.487,44.354,23.959,17.641,26.794,60.674,25.374,23.948,18.139,23.738,22.494,17.21,10.534,82.326,25.166,92.908,16.738,53.23,24.946,18.634,19.134,21.235,30.184,16.917,19.955,36.485,72.121,48.323,17.942,26.36,15.191,25.892,41.704
5.98,37.705,26.41,53.705,12.299,28.027,18.564,23.116,35.504,44.397,23.924,17.632,26.754,60.704,25.326,23.938,18.136,23.728,22.492,17.227,10.532,82.292,25.123,93.038,16.751,53.162,24.994,18.541,19.103,21.218,30.244,16.866,20.051,36.601,72.188,48.634,17.876,26.329,15.128,25.836,41.92
5.99,37.694,26.406,53.7,12.341,28.189,18.575,23.124,35.521,44.438,23.888,17.623,26.713,60.734,25.278,23.928,18.133,23.718,22.491,17.243,10.529,82.256,25.08,93.17,16.764,53.089,25.042,18.448,19.071,21.199,30.303,16.815,20.147,36.712,72.254,48.944,17.809,26.297,15.065,25.779,42.128
6,37.681,26.402,53.685,12.383,28.35,18.585,23.132,35.537,44.475,23.852,17.615,26.672,60.764,25.23,23.917,18.13,23.708,22.49,17.259,10.526,82.218,25.174,93.306,16.777,53.012,25.089,18.354,19.037,21.18,30.362,16.762,20.241,36.819,72.32,49.251,17.742,26.266,15.002,25.721,42.331
6.01,37.667,26.397,53.661,12.424,28.511,18.596,23.141,35.554,44.508,23.816,17.606,26.63,60.794,25.183,23.907,18.127,23.697,22.489,17.274,10.521,82.179,25.327,93.445,16.791,52.932,25.137,18.26,19.002,21.16,30.421,16.709,20.334,36.92,72.386,49.558,17.676,26.234,14.938,25.662,42.527
6.02,37.65,26.392,53.64,12.465,28.672,18.607,23.149,35.57,44.54,23.78,17.597,26.588,60.824,25.135,23.897,18.124,23.687,22.487,17.29,10.516,82.139,25.478,93.59,16.804,52.847,25.184,18.166,18.965,21.139,30.48,16.655,20.426,37.017,72.451,49.863,17.609,26.202,14.874,25.602,42.718
6.03,37.634,26.386,53.611,12.506,28.834,18.618,23.156,35.586,44.568,23.744,17.588,26.545,60.854,25.087,23.886,18.121,23.676,22.486,17.306,10.51,82.097,25.628,93.74,16.818,52.759,25.231,18.071,18.928,21.118,30.539,16.601,20.518,37.109,72.516,50.166,17.542,26.17,14.81,25.541,42.901
6.04,37.616,26.379,53.573,12.547,28.995,18.628,23.164,35.601,44.592,23.707,17.58,26.501,60.883,25.039,23.875,18.118,23.665,22.484,17.321,10.503,82.053,25.778,93.898,16.832,52.668,25.278,17.977,18.89,21.096,30.597,16.546,20.608,37.196,72.581,50.468,17.475,26.137,14.745,25.479,43.079
6.05,37.597,26.372,53.539,12.588,29.156,18.638,23.171,35.615,44.614,23.671,17.571,26.458,60.913,24.992,23.865,18.115,23.655,22.482,17.336,10.495,82.007,25.926,94.066,16.846,52.573,25.325,17.882,18.851,21.073,30.655,16.491,20.697,37.278,72.644,50.768,17.408,26.105,14.68,25.415,43.25
6.06,37.576,26.365,53.495,12.628,29.317,18.649,23.178,35.628,44.633,23.634,17.562,26.416,60.942,24.944,23.854,18.112,23.644,22.48,17.351,10.487,81.96,26.073,94.249,16.861,52.475,25.371,17.786,18.81,21.05,30.712,16.434,20.784,37.355,72.707,51.066,17.341,26.072,14.615,25.351,43.416
6.07,37.553,26.357,53.445,12.668,29.512,18.659,23.184,35.639,44.648,23.598,17.553,26.373,60.971,24.896,23.843,18.109,23.634,22.478,17.367,10.478,81.911,26.219,94.461,16.875,52.373,25.417,17.691,18.768,21.026,30.77,16.378,20.871,37.428,72.769,51.362,17.274,26.039,14.549,25.286,43.575
6.08,37.528,26.349,53.396,12.708,29.707,18.669,23.19,35.65,44.661,23.561,17.545,26.33,61.001,24.849,23.833,18.106,23.623,22.476,17.381,10.468,81.86,26.365,94.693,16.889,52.269,25.463,17.595,18.726,21.001,30.827,16.32,20.957,37.496,72.831,51.657,17.207,26.006,14.484,25.219,43.728
6.09,37.503,26.34,53.339,12.747,29.902,18.679,23.196,35.66,44.671,23.523,17.536,26.287,61.03,24.801,23.822,18.103,23.612,22.473,17.396,10.457,81.807,26.509,94.935,16.904,52.162,25.509,17.498,18.683,20.977,30.884,16.261,21.041,37.559,72.892,51.949,17.14,25.972,14.417,25.152,43.876
6.1,37.477,26.331,53.274,12.787,30.096,18.689,23.2,35.668,44.677,23.486,17.527,26.243,61.059,24.754,23.81,18.1,23.601,22.471,17.411,10.445,81.753,26.652,95.183,16.918,52.052,25.555,17.401,18.639,20.952,30.94,16.202,21.125,37.618,72.952,52.241,17.073,25.939,14.351,25.083,44.019
6.11,37.449,26.322,53.211,12.826,30.29,18.699,23.205,35.676,44.68,23.449,17.519,26.198,61.089,24.706,23.799,18.097,23.59,22.469,17.425,10.433,81.697,26.794,95.436,16.932,51.941,25.6,17.304,18.598,20.927,30.997,16.143,21.207,37.673,73.012,52.53,17.006,25.905,14.285,25.014,44.155
6.12,37.42,26.312,53.141,12.864,30.483,18.708,23.208,35.682,44.681,23.412,17.51,26.153,61.118,24.659,23.788,18.094,23.579,22.466,17.44,10.419,81.639,26.935,95.693,16.947,51.979,25.645,17.207,18.566,20.901,31.053,16.084,21.338,37.726,73.072,52.816,16.938,25.872,14.218,24.944,44.286
6.13,37.39,26.302,53.063,12.903,30.675,18.718,23.212,35.687,44.679,23.375,17.501,26.107,61.147,24.611,23.776,18.091,23.568,22.464,17.454,10.405,81.579,27.076,95.953,16.961,52.021,25.69,17.109,18.533,20.874,31.109,16.023,21.502,37.775,73.131,53.101,16.871,25.838,14.151,24.873,44.412
6.14,37.358,26.292,52.984,12.941,30.867,18.728,23.214,35.69,44.673,23.337,17.493,26.064,61.176,24.564,23.765,18.088,23.557,22.461,17.468,10.39,81.517,27.215,96.216,16.976,52.06,25.735,17.012,18.499,20.847,31.165,15.963,21.665,37.823,73.19,53.383,16.804,25.804,14.122,24.8,44.532
6.15,37.326,26.281,52.902,12.979,31.057,18.737,23.216,35.693,44.665,23.3,17.484,26.019,61.205,24.516,23.754,18.085,23.545,22.458,17.482,10.374,81.453,27.353,96.48,16.99,52.096,25.779,16.954,18.465,20.819,31.22,15.901,21.826,37.868,73.249,53.662,16.737,25.77,14.093,24.727,44.646
6.16,37.293,26.27,52.812,13.016,31.246,18.746,23.218,35.694,44.654,23.262,17.476,25.975,61.235,24.469,23.742,18.082,23.534,22.455,17.496,10.358,81.388,27.49,96.746,17.004,52.127,25.824,16.978,18.429,20.79,31.275,15.839,21.987,37.912,73.308,53.94,16.669,25.736,14.064,24.653,44.755
6.17,37.263,26.258,52.723,13.053,31.433,18.756,23.218,35.694,44.639,23.225,17.467,25.929,61.264,24.422,23.731,18.079,23.523,22.452,17.51,10.34,81.321,27.626,97.013,17.019,52.157,25.868,17.002,18.392,20.761,31.329,15.777,22.147,37.953,73.365,54.214,16.602,25.701,14.034,24.578,44.857
6.18,37.249,26.246,52.629,13.09,31.619,18.765,23.219,35.693,44.623,23.187,17.459,25.884,61.293,24.375,23.719,18.076,23.511,22.449,17.524,10.322,81.252,27.762,97.281,17.033,52.183,25.912,17.025,18.353,20.732,31.384,15.713,22.305,37.993,73.423,54.486,16.535,25.667,14.004,24.503,44.954
6.19,37.232,26.234,52.527,13.127,31.804,18.774,23.218,35.691,44.603,23.149,17.45,25.838,61.323,24.327,23.707,18.074,23.5,22.446,17.538,10.303,81.181,27.896,97.551,17.047,52.206,25.955,17.048,18.314,20.702,31.438,15.649,22.462,38.029,73.479,54.754,16.468,25.632,13.974,24.426,45.045
6.2,37.215,26.221,52.429,13.163,31.987,18.783,23.217,35.688,44.58,23.111,17.441,25.793,61.352,24.28,23.695,18.071,23.488,22.443,17.551,10.283,81.108,28.03,97.821,17.061,52.225,25.999,17.07,18.274,20.671,31.491,15.588,22.617,38.061,73.534,55.02,16.4,25.598,13.944,24.348,45.131
6.21,37.197,26.207,52.323,13.199,32.169,18.792,23.216,35.683,44.554,23.073,17.433,25.748,61.381,24.245,23.683,18.068,23.477,22.439,17.564,10.263,81.034,28.162,98.092,17.075,52.242,26.042,17.092,18.233,20.64,31.544,15.591,22.771,38.089,73.589,55.282,16.333,25.563,13.914,24.27,45.211
6.22,37.178,26.193,52.21,13.235,32.349,18.801,23.214,35.677,44.527,23.035,17.424,25.703,61.41,24.216,23.671,18.065,23.465,22.436,17.578,10.242,80.957,28.293,98.364,17.089,52.256,26.086,17.113,18.191,20.609,31.597,15.593,22.924,38.113,73.643,55.541,16.266,25.528,13.884,24.191,45.285
6.23,37.157,26.179,52.099,13.27,32.527,18.81,23.211,35.671,44.495,22.997,17.416,25.658,61.44,24.186,23.659,18.062,23.453,22.432,17.591,10.22,80.879,28.424,98.637,17.103,52.267,26.13,17.134,18.148,20.578,31.65,15.595,23.075,38.133,73.697,55.797,16.199,25.493,13.854,24.111,45.353
6.24,37.136,26.164,51.983,13.305,32.704,18.819,23.208,35.663,44.461,22.959,17.407,25.614,61.479,24.156,23.647,18.059,23.442,22.429,17.604,10.197,80.799,28.554,98.911,17.117,52.276,26.173,17.154,18.104,20.547,31.702,15.597,23.225,38.148,73.75,56.049,16.132,25.458,13.823,24.03,45.415
6.25,37.115,26.15,51.859,13.34,32.88,18.828,23.205,35.655,44.425,22.921,17.399,25.57,61.518,24.127,23.634,18.056,23.43,22.425,17.617,10.173,80.718,28.683,99.185,17.13,52.281,26.216,17.174,18.059,20.515,31.753,15.598,23.375,38.159,73.802,56.297,16.065,25.423,13.793,23.949,45.47
6.26,37.092,26.134,51.734,13.374,33.054,18.836,23.201,35.645,44.386,22.883,17.39,25.525,61.558,24.097,23.622,18.053,23.418,22.422,17.629,10.149,80.634,28.811,99.46,17.144,52.285,26.259,17.192,18.013,20.482,31.805,15.598,23.523,38.165,73.853,56.543,15.998,25.387,13.762,23.866,45.576
6.27,37.068,26.118,51.607,13.408,33.227,18.845,23.196,35.635,44.344,22.845,17.382,25.48,61.598,24.067,23.61,18.05,23.406,22.418,17.642,10.132,80.549,28.938,99.735,17.157,52.286,26.301,17.211,17.965,20.449,31.856,15.599,23.67,38.168,73.904,56.785,15.931,25.352,13.731,23.783,45.683
6.28,37.044,26.102,51.473,13.442,33.398,18.853,23.191,35.624,44.3,22.806,17.373,25.437,61.638,24.037,23.597,18.047,23.394,22.414,17.655,10.18,80.462,29.064,100.01,17.171,52.315,26.344,17.228,17.918,20.416,31.906,15.599,23.816,38.166,73.953,57.025,15.864,25.316,13.7,23.699,45.79
6.29,37.018,26.085,51.341,13.475,33.568,18.861,23.186,35.612,44.253,22.768,17.365,25.393,61.678,24.007,23.585,18.044,23.382,22.41,17.667,10.228,80.373,29.19,100.29,17.184,52.401,26.386,17.245,17.87,20.382,31.957,15.599,23.96,38.161,74.001,57.262,15.797,25.281,13.669,23.615,45.894
6.3,36.991,26.067,51.204,13.508,33.737,18.87,23.18,35.6,44.205,22.729,17.356,25.348,61.718,23.977,23.572,18.041,23.37,22.406,17.679,10.276,80.283,29.315,100.57,17.197,52.484,26.428,17.262,17.82,20.348,32.006,15.598,24.104,38.151,74.048,57.496,15.73,25.245,13.638,23.529,45.998
6.31,36.964,26.049,51.064,13.54,33.904,18.878,23.174,35.589,44.153,22.691,17.348,25.303,61.759,23.947,23.559,18.038,23.358,22.401,17.692,10.323,80.191,29.439,100.84,17.209,52.563,26.47,17.278,17.77,20.313,32.056,15.597,24.247,38.138,74.094,57.726,15.664,25.21,13.606,23.443,46.099
6.32,36.936,26.031,50.925,13.573,34.07,18.886,23.167,35.578,44.099,22.652,17.339,25.258,61.8,23.917,23.547,18.035,23.346,22.397,17.704,10.371,80.097,29.563,101.12,17.222,52.641,26.512,17.294,17.718,20.278,32.105,15.595,24.388,38.121,74.14,57.954,15.597,25.174,13.575,23.356,46.198
6.33,36.907,26.013,50.778,13.604,34.235,18.894,23.161,35.586,44.043,22.614,17.331,25.212,61.841,23.887,23.534,18.033,23.333,22.392,17.716,10.418,80.002,29.686,101.4,17.234,52.715,26.553,17.309,17.666,20.243,32.154,15.593,24.528,38.101,74.184,58.178,15.53,25.138,13.543,23.269,46.294
6.34,36.876,25.994,50.628,13.636,34.398,18.902,23.154,35.597,43.985,22.576,17.322,25.166,61.882,23.856,23.521,18.03,23.321,22.388,17.728,10.466,79.905,29.808,101.68,17.247,52.786,26.595,17.324,17.613,20.207,32.203,15.59,24.666,38.078,74.228,58.398,15.464,25.102,13.512,23.181,46.388
6.35,36.846,25.975,50.479,13.667,34.56,18.909,23.147,35.607,43.925,22.537,17.314,25.121,61.923,23.826,23.508,18.027,23.309,22.383,17.739,10.513,79.807,29.93,101.97,17.259,52.854,26.636,17.338,17.559,20.171,32.251,15.587,24.802,38.054,74.271,58.615,15.397,25.066,13.48,23.092,46.527
6.36,36.814,25.955,50.324,13.698,34.72,18.917,23.14,35.616,43.862,22.499,17.306,25.076,61.964,23.795,23.495,18.024,23.297,22.379,17.751,10.559,79.707,30.051,102.25,17.271,52.919,26.676,17.351,17.504,20.135,32.299,15.584,24.938,38.029,74.313,58.829,15.331,25.03,13.448,23.003,46.716
6.37,36.781,25.935,50.162,13.728,34.879,18.925,23.132,35.625,43.796,22.461,17.297,25.031,62.005,23.765,23.482,18.021,23.284,22.374,17.763,10.606,79.606,30.171,102.53,17.282,52.981,26.717,17.364,17.449,20.098,32.347,15.581,25.072,38.005,74.354,59.039,15.265,24.994,13.416,22.913,46.901
6.38,36.746,25.914,50.001,13.758,35.036,18.933,23.124,35.634,43.729,22.422,17.289,24.985,62.046,23.734,23.469,18.018,23.272,22.37,17.774,10.652,79.503,30.291,102.82,17.294,53.04,26.757,17.376,17.393,20.061,32.394,15.577,25.204,37.98,74.393,59.245,15.198,24.958,13.384,22.822,47.08
6.39,36.712,25.893,49.837,13.788,35.193,18.94,23.115,35.641,43.66,22.403,17.28,24.939,62.088,23.704,23.455,18.015,23.259,22.365,17.786,10.698,79.4,30.411,103.1,17.305,53.096,26.797,17.387,17.336,20.024,32.441,15.573,25.335,37.954,74.431,59.447,15.132,24.922,13.352,22.731,47.255
6.4,36.677,25.871,49.668,13.817,35.347,18.948,23.106,35.647,43.587,22.396,17.272,24.893,62.129,23.673,23.442,18.012,23.247,22.36,17.797,10.744,79.295,30.529,103.39,17.316,53.149,26.838,17.399,17.279,19.986,32.488,15.568,25.465,37.928,74.468,59.646,15.066,24.886,13.32,22.639,47.424
6.41,36.64,25.849,49.496,13.846,35.501,18.955,23.096,35.653,43.512,22.388,17.264,24.846,62.17,23.642,23.429,18.009,23.234,22.355,17.808,10.79,79.188,30.647,103.67,17.326,53.199,26.878,17.41,17.22,19.949,32.534,15.562,25.593,37.901,74.503,59.84,15.001,24.85,13.287,22.547,47.589
6.42,36.602,25.827,49.324,13.875,35.653,18.962,23.086,35.658,43.436,22.381,17.255,24.799,62.212,23.611,23.416,18.007,23.221,22.35,17.819,10.835,79.081,30.764,103.96,17.337,53.246,26.918,17.42,17.161,19.911,32.579,15.556,25.72,37.872,74.537,60.03,14.935,24.814,13.255,22.454,47.748
6.43,36.563,25.804,49.147,13.903,35.804,18.97,23.076,35.661,43.356,22.373,17.247,24.751,62.254,23.58,23.402,18.004,23.209,22.345,17.83,10.88,78.973,30.881,104.25,17.347,53.289,26.958,17.43,17.101,19.873,32.625,15.55,25.845,37.839,74.57,60.217,14.869,24.777,13.222,22.36,47.902
6.44,36.524,25.781,48.968,13.931,35.954,18.977,23.065,35.664,43.274,22.365,17.238,24.703,62.295,23.549,23.389,18.001,23.196,22.34,17.841,10.925,78.864,30.996,104.54,17.356,53.33,26.997,17.439,17.041,19.835,32.669,15.544,25.969,37.804,74.601,60.399,14.804,24.741,13.189,22.266,48.05
6.45,36.484,25.758,48.789,13.958,36.102,18.984,23.053,35.667,43.19,22.357,17.23,24.655,62.337,23.518,23.375,17.998,23.183,22.334,17.852,10.969,78.754,31.111,104.82,17.366,53.368,27.036,17.448,16.98,19.797,32.714,15.537,26.091,37.765,74.631,60.578,14.738,24.705,13.156,22.171,48.193
6.46,36.442,25.734,48.604,13.985,36.249,18.991,23.042,35.669,43.104,22.349,17.222,24.607,62.379,23.487,23.361,17.995,23.171,22.329,17.862,11.013,78.644,31.225,105.11,17.375,53.402,27.075,17.456,16.918,19.758,32.758,15.53,26.213,37.723,74.659,60.754,14.673,24.668,13.124,22.076,48.331
6.47,36.411,25.71,48.416,14.012,36.394,18.998,23.029,35.671,43.015,22.341,17.213,24.558,62.421,23.456,23.348,17.992,23.158,22.324,17.873,11.057,78.532,31.339,105.4,17.384,53.433,27.114,17.463,16.856,19.719,32.801,15.523,26.333,37.677,74.685,60.925,14.608,24.632,13.09,21.981,48.463
6.48,36.398,25.685,48.229,14.038,36.538,19.005,23.017,35.678,42.924,22.333,17.205,24.51,62.463,23.425,23.334,17.989,23.145,22.318,17.883,11.101,78.467,31.451,105.7,17.392,53.462,27.152,17.47,16.793,19.679,32.845,15.515,26.453,37.628,74.71,61.094,14.542,24.595,13.057,21.885,48.59
6.49,36.384,25.661,48.038,14.064,36.68,19.011,23.004,35.688,42.83,22.325,17.197,24.463,62.505,23.394,23.32,17.987,23.132,22.313,17.893,11.144,78.495,31.563,105.99,17.4,53.488,27.191,17.476,16.73,19.64,32.887,15.507,26.575,37.576,74.733,61.259,14.478,24.559,13.031,21.788,48.712
6.5,36.368,25.635,47.84,14.089,36.821,19.018,22.99,35.698,42.734,22.317,17.188,24.415,62.547,23.363,23.306,17.984,23.119,22.307,17.904,11.187,78.522,31.674,106.28,17.408,53.51,27.228,17.483,16.666,19.6,32.93,15.498,26.696,37.52,74.754,61.422,14.413,24.522,13.048,21.691,48.829
6.51,36.351,25.609,47.645,14.114,36.96,19.024,22.977,35.709,42.636,22.309,17.18,24.366,62.59,23.331,23.292,17.981,23.107,22.301,17.914,11.229,78.55,31.784,106.57,17.415,53.53,27.266,17.489,16.601,19.56,32.972,15.489,26.815,37.461,74.773,61.583,14.348,24.485,13.066,21.594,48.942
6.52,36.335,25.583,47.446,14.139,37.098,19.031,22.963,35.718,42.536,22.301,17.172,24.318,62.632,23.3,23.278,17.978,23.094,22.296,17.924,11.272,78.576,31.893,106.87,17.422,53.546,27.303,17.494,16.536,19.52,33.014,15.479,26.933,37.4,74.791,61.741,14.284,24.448,13.082,21.496,49.05
6.53,36.317,25.557,47.243,14.163,37.234,19.037,22.949,35.727,42.433,22.293,17.164,24.269,62.675,23.268,23.264,17.975,23.081,22.29,17.934,11.314,78.603,32.002,107.16,17.429,53.56,27.34,17.499,16.47,19.479,33.056,15.469,27.05,37.336,74.807,61.898,14.219,24.411,13.098,21.398,49.153
6.54,36.298,25.53,47.036,14.187,37.369,19.044,22.935,35.735,42.328,22.285,17.155,24.219,62.718,23.237,23.25,17.972,23.068,22.284,17.944,11.355,78.629,32.109,107.46,17.435,53.57,27.377,17.503,16.405,19.439,33.097,15.459,27.166,37.268,74.821,62.053,14.155,24.374,13.114,21.299,49.253
6.55,36.278,25.502,46.832,14.211,37.502,19.05,22.921,35.742,42.221,22.276,17.147,24.17,62.761,23.206,23.236,17.969,23.055,22.278,17.953,11.396,78.655,32.216,107.75,17.441,53.578,27.413,17.507,16.338,19.398,33.138,15.448,27.28,37.197,74.833,62.206,14.091,24.337,13.13,21.2,49.349
6.56,36.259,25.475,46.622,14.234,37.634,19.056,22.907,35.748,42.112,22.268,17.139,24.12,62.805,23.174,23.222,17.967,23.041,22.272,17.963,11.437,78.68,32.322,108.05,17.446,53.582,27.449,17.51,16.271,19.357,33.178,15.438,27.392,37.122,74.844,62.357,14.027,24.3,13.145,21.101,49.44
6.57,36.237,25.448,46.408,14.257,37.764,19.062,22.894,35.753,42,22.259,17.131,24.07,62.849,23.143,23.208,17.964,23.028,22.266,17.973,11.477,78.705,32.427,108.34,17.451,53.584,27.486,17.513,16.204,19.315,33.218,15.427,27.503,37.043,74.853,62.507,13.963,24.263,13.16,21.001,49.528
6.58,36.215,25.42,46.196,14.279,37.893,19.068,22.882,35.758,41.887,22.251,17.123,24.02,62.892,23.111,23.194,17.961,23.015,22.26,17.982,11.517,78.73,32.531,108.63,17.455,53.584,27.522,17.515,16.135,19.274,33.258,15.416,27.613,36.961,74.86,62.655,13.9,24.225,13.174,20.901,49.612
6.59,36.191,25.392,45.981,14.301,38.021,19.075,22.872,35.762,41.771,22.243,17.114,23.969,62.937,23.079,23.179,17.958,23.002,22.254,17.991,11.556,78.754,32.635,108.93,17.459,53.58,27.557,17.517,16.067,19.232,33.297,15.404,27.72,36.874,74.866,62.799,13.836,24.188,13.188,20.8,49.692
6.6,36.167,25.363,45.761,14.326,38.147,19.081,22.863,35.765,41.654,22.234,17.106,23.918,62.981,23.048,23.165,17.955,22.988,22.248,18.001,11.595,78.777,32.737,109.22,17.463,53.574,27.592,17.518,15.998,19.191,33.335,15.392,27.826,36.784,74.87,62.94,13.773,24.151,13.202,20.7,49.768
6.61,36.143,25.334,45.599,14.372,38.272,19.086,22.856,35.768,41.534,22.226,17.098,23.867,63.026,23.016,23.15,17.953,22.975,22.241,18.01,11.634,78.801,32.839,109.52,17.466,53.565,27.627,17.52,15.929,19.149,33.374,15.379,27.931,36.689,74.872,63.077,13.757,24.113,13.216,20.598,49.839
6.62,36.117,25.305,45.489,14.418,38.395,19.092,22.85,35.77,41.412,22.217,17.09,23.816,63.071,22.984,23.136,17.95,22.962,22.235,18.019,11.672,78.823,32.94,109.81,17.468,53.553,27.662,17.521,15.859,19.107,33.411,15.366,28.033,36.759,74.872,63.211,13.745,24.076,13.229,20.497,49.906
6.63,36.09,25.275,45.378,14.464,38.517,19.098,22.845,35.772,41.289,22.209,17.082,23.766,63.117,22.952,23.121,17.947,22.949,22.228,18.028,11.71,78.846,33.04,110.11,17.471,53.539,27.696,17.521,15.789,19.064,33.449,15.353,28.134,36.849,74.87,63.34,13.733,24.039,13.241,20.395,49.968
6.64,36.062,25.245,45.268,14.509,38.638,19.104,22.841,35.774,41.163,22.2,17.074,23.716,63.167,22.921,23.107,17.944,22.936,22.222,18.037,11.747,78.867,33.139,110.4,17.472,53.522,27.73,17.521,15.718,19.022,33.486,15.339,28.233,36.934,74.867,63.467,13.721,24.001,13.254,20.293,50.025
6.65,36.034,25.214,45.155,14.555,38.757,19.109,22.836,35.775,41.035,22.191,17.066,23.665,63.216,22.889,23.092,17.941,22.922,22.215,18.046,11.784,78.889,33.237,110.69,17.473,53.502,27.764,17.521,15.647,18.98,33.522,15.325,28.343,37.016,74.862,63.589,13.71,23.964,13.266,20.191,50.076
6.66,36.005,25.184,45.04,14.6,38.874,19.115,22.832,35.775,40.906,22.182,17.058,23.614,63.266,22.857,23.077,17.939,22.909,22.209,18.054,11.82,78.909,33.335,110.99,17.474,53.48,27.797,17.52,15.575,18.938,33.559,15.31,28.464,37.094,74.856,63.708,13.698,23.926,13.278,20.089,50.123
6.67,35.974,25.153,44.922,14.648,38.989,19.12,22.827,35.775,40.774,22.174,17.05,23.563,63.316,22.825,23.063,17.936,22.896,22.202,18.063,11.856,78.93,33.431,111.28,17.474,53.456,27.829,17.518,15.504,18.896,33.595,15.296,28.582,37.169,74.847,63.823,13.686,23.889,13.289,19.986,50.166
6.68,35.943,25.122,44.806,14.797,39.103,19.125,22.823,35.774,40.64,22.165,17.042,23.512,63.366,22.793,23.048,17.933,22.882,22.196,18.071,11.891,78.949,33.527,111.57,17.474,53.429,27.862,17.516,15.431,18.854,33.631,15.281,28.698,37.24,74.838,63.936,13.674,23.851,13.3,19.883,50.203
6.69,35.91,25.091,44.689,14.947,39.216,19.131,22.818,35.772,40.505,22.156,17.034,23.46,63.416,22.761,23.033,17.93,22.869,22.189,18.08,11.926,78.969,33.622,111.86,17.473,53.399,27.894,17.515,15.358,18.811,33.666,15.266,28.811,37.307,74.827,64.045,13.661,23.814,13.311,19.78,50.263
6.7,35.878,25.06,44.569,15.095,39.326,19.136,22.813,35.77,40.367,22.147,17.026,23.408,63.467,22.729,23.019,17.927,22.856,22.182,18.088,11.961,78.987,33.716,112.15,17.472,53.368,27.925,17.512,15.285,18.769,33.701,15.25,28.922,37.37,74.814,64.151,13.649,23.776,13.321,19.676,50.418
6.71,35.844,25.028,44.446,15.243,39.436,19.141,22.809,35.766,40.228,22.139,17.018,23.356,63.518,22.697,23.004,17.925,22.842,22.175,18.097,11.994,79.006,33.81,112.44,17.47,53.333,27.956,17.51,15.212,18.726,33.736,15.235,29.031,37.43,74.801,64.254,13.637,23.738,13.331,19.573,50.573
6.72,35.81,24.996,44.324,15.39,39.543,19.146,22.804,35.762,40.087,22.13,17.01,23.304,63.568,22.665,22.989,17.922,22.829,22.168,18.105,12.028,79.023,33.902,112.74,17.468,53.297,27.987,17.507,15.137,18.683,33.77,15.219,29.137,37.486,74.785,64.355,13.624,23.701,13.341,19.548,50.725
6.73,35.774,24.963,44.202,15.537,39.649,19.151,22.799,35.757,39.944,22.121,17.002,23.252,63.619,22.633,22.974,17.919,22.815,22.161,18.113,12.06,79.041,33.994,113.03,17.465,53.258,28.018,17.503,15.063,18.64,33.803,15.202,29.241,37.538,74.769,64.453,13.612,23.663,13.35,19.539,50.875
6.74,35.738,24.93,44.078,15.683,39.753,19.156,22.795,35.751,39.799,22.112,16.994,23.199,63.67,22.601,22.959,17.916,22.801,22.154,18.121,12.092,79.057,34.085,113.32,17.461,53.217,28.049,17.5,14.988,18.597,33.837,15.185,29.343,37.587,74.75,64.55,13.599,23.625,13.36,19.53,51.024
6.75,35.701,24.897,43.951,15.828,39.856,19.16,22.79,35.744,39.651,22.103,16.986,23.146,63.722,22.569,22.944,17.914,22.788,22.147,18.129,12.124,79.073,34.175,113.61,17.457,53.174,28.079,17.496,14.913,18.554,33.869,15.168,29.442,37.633,74.731,64.645,13.587,23.588,13.368,19.52,51.17
6.76,35.663,24.864,43.826,15.972,39.957,19.165,22.786,35.736,39.503,22.094,16.978,23.093,63.773,22.537,22.929,17.911,22.774,22.14,18.137,12.155,79.089,34.265,113.9,17.453,53.129,28.108,17.492,14.838,18.511,33.902,15.151,29.539,37.675,74.71,64.739,13.574,23.55,13.377,19.51,51.314
6.77,35.625,24.831,43.7,16.115,40.057,19.17,22.781,35.727,39.352,22.085,16.97,23.04,63.825,22.505,22.914,17.908,22.76,22.133,18.144,12.186,79.104,34.354,114.19,17.448,53.082,28.138,17.488,14.762,18.468,33.934,15.133,29.633,37.715,74.689,64.831,13.561,23.512,13.385,19.499,51.456
6.78,35.586,24.797,43.571,16.257,40.155,19.175,22.777,35.718,39.2,22.076,16.962,22.988,63.876,22.473,22.899,17.905,22.747,22.126,18.152,12.216,79.119,34.442,114.47,17.443,53.033,28.166,17.483,14.687,18.425,33.965,15.115,29.725,37.751,74.666,64.921,13.548,23.474,13.392,19.488,51.595
6.79,35.545,24.764,43.443,16.398,40.252,19.179,22.772,35.708,39.045,22.067,16.954,22.936,63.928,22.441,22.884,17.903,22.733,22.118,18.16,12.245,79.132,34.529,114.76,17.437,52.981,28.195,17.479,14.61,18.382,33.996,15.096,29.815,37.784,74.642,65.009,13.535,23.437,13.4,19.476,51.732
6.8,35.504,24.729,43.315,16.539,40.347,19.184,22.767,35.698,38.89,22.058,16.946,22.883,63.98,22.409,22.868,17.9,22.72,22.111,18.167,12.274,79.146,34.616,115.05,17.431,52.928,28.223,17.474,14.534,18.338,34.027,15.078,29.902,37.814,74.617,65.094,13.522,23.399,13.407,19.464,51.866
6.81,35.462,24.695,43.185,16.678,40.441,19.188,22.762,35.687,38.732,22.049,16.938,22.831,64.032,22.377,22.853,17.897,22.706,22.103,18.175,12.303,79.159,34.702,115.34,17.424,52.873,28.25,17.472,14.457,18.295,34.058,15.059,29.986,37.841,74.591,65.175,13.509,23.362,13.414,19.451,51.998
6.82,35.42,24.661,43.053,16.817,40.534,19.193,22.757,35.676,38.573,22.039,16.931,22.778,64.084,22.345,22.838,17.895,22.693,22.096,18.182,12.331,79.171,34.788,115.63,17.417,52.816,28.277,17.469,14.379,18.252,34.089,15.04,30.068,37.866,74.564,65.254,13.496,23.324,13.42,19.438,52.127
6.83,35.377,24.626,42.918,16.954,40.625,19.197,22.769,35.664,38.412,22.03,16.923,22.725,64.137,22.312,22.822,17.892,22.679,22.089,18.189,12.358,79.183,34.873,115.92,17.409,52.757,28.304,17.467,14.302,18.208,34.118,15.021,30.147,37.887,74.536,65.329,13.483,23.287,13.426,19.425,52.254
6.84,35.333,24.591,42.787,17.09,40.715,19.201,22.822,35.653,38.25,22.021,16.915,22.672,64.189,22.28,22.807,17.889,22.665,22.081,18.196,12.384,79.194,34.958,116.21,17.401,52.696,28.33,17.465,14.224,18.165,34.148,15.001,30.224,37.906,74.506,65.401,13.47,23.25,13.432,19.411,52.378
6.85,35.288,24.555,42.653,17.225,40.803,19.205,22.874,35.642,38.086,22.012,16.907,22.618,64.242,22.248,22.792,17.886,22.652,22.074,18.204,12.41,79.205,35.042,116.5,17.392,52.633,28.355,17.462,14.145,18.121,34.177,14.981,30.297,37.922,74.476,65.469,13.456,23.213,13.438,19.397,52.5
6.86,35.242,24.52,42.517,17.359,40.89,19.21,22.924,35.63,37.92,22.003,16.899,22.565,64.295,22.216,22.777,17.884,22.638,22.066,18.211,12.436,79.216,35.129,116.79,17.383,52.568,28.38,17.459,14.067,18.078,34.206,14.961,30.368,37.935,74.444,65.534,13.443,23.175,13.443,19.383,52.619
6.87,35.196,24.484,42.379,17.491,40.976,19.214,22.972,35.618,37.754,21.993,16.892,22.511,64.348,22.184,22.761,17.881,22.624,22.058,18.218,12.461,79.225,35.217,117.08,17.373,52.502,28.405,17.456,13.988,18.034,34.234,14.941,30.436,37.945,74.411,65.595,13.429,23.138,13.448,19.368,52.736
6.88,35.15,24.448,42.24,17.623,41.061,19.218,23.018,35.605,37.585,21.984,16.884,22.457,64.401,22.151,22.746,17.878,22.61,22.051,18.224,12.485,79.235,35.306,117.37,17.363,52.435,28.43,17.452,13.91,17.991,34.262,14.92,30.501,37.951,74.378,65.653,13.416,23.101,13.452,19.353,52.851
6.89,35.103,24.412,42.098,17.753,41.144,19.221,23.063,35.591,37.416,21.975,16.876,22.403,64.454,22.119,22.73,17.876,22.597,22.043,18.231,12.508,79.243,35.395,117.66,17.352,52.366,28.454,17.449,13.831,17.947,34.289,14.899,30.563,37.955,74.344,65.708,13.402,23.064,13.457,19.338,52.965
6.9,35.054,24.376,41.957,17.881,41.226,19.225,23.106,35.577,37.245,21.965,16.868,22.349,64.508,22.087,22.715,17.873,22.583,22.035,18.238,12.532,79.251,35.483,117.95,17.341,52.296,28.478,17.445,13.752,17.904,34.316,14.877,30.623,37.955,74.309,65.759,13.389,23.055,13.461,19.322,53.078
6.91,35.008,24.339,41.816,18.008,41.307,19.229,23.147,35.562,37.074,21.956,16.86,22.295,64.561,22.055,22.7,17.87,22.569,22.027,18.245,12.554,79.259,35.572,118.24,17.33,52.226,28.502,17.441,13.702,17.86,34.343,14.856,30.68,37.953,74.273,65.807,13.375,23.051,13.464,19.306,53.193
6.92,34.983,24.302,41.673,18.134,41.387,19.233,23.186,35.546,36.9,21.947,16.853,22.24,64.615,22.023,22.684,17.868,22.555,22.02,18.251,12.576,79.266,35.66,118.54,17.318,52.158,28.524,17.437,13.653,17.817,34.369,14.834,30.734,37.947,74.237,65.853,13.361,23.047,13.468,19.289,53.309
6.93,34.958,24.266,41.552,18.258,41.466,19.236,23.224,35.529,36.727,21.938,16.845,22.186,64.669,21.991,22.668,17.865,22.541,22.012,18.258,12.598,79.273,35.747,118.83,17.306,52.107,28.547,17.433,13.666,17.773,34.395,14.811,30.786,37.938,74.2,65.895,13.347,23.042,13.471,19.273,53.426
6.94,34.932,24.228,41.497,18.381,41.544,19.24,23.259,35.511,36.551,21.928,16.837,22.131,64.725,21.958,22.653,17.862,22.527,22.004,18.264,12.618,79.279,35.834,119.13,17.293,52.062,28.569,17.428,13.694,17.73,34.42,14.789,30.835,37.926,74.162,65.934,13.334,23.038,13.473,19.256,53.544
6.95,34.904,24.191,41.44,18.502,41.621,19.243,23.293,35.493,36.375,21.919,16.83,22.076,64.783,21.926,22.637,17.86,22.513,21.996,18.271,12.639,79.285,35.921,119.42,17.28,52.018,28.59,17.423,13.721,17.687,34.446,14.767,30.881,37.911,74.125,65.971,13.32,23.034,13.475,19.238,53.662
6.96,34.877,24.153,41.382,18.622,41.697,19.247,23.326,35.474,36.198,21.909,16.822,22.022,64.841,21.894,22.621,17.857,22.5,21.988,18.277,12.658,79.29,36.007,119.72,17.267,51.973,28.611,17.418,13.747,17.643,34.471,14.744,30.925,37.892,74.087,66.004,13.306,23.029,13.478,19.221,53.78
6.97,34.849,24.116,41.322,18.74,41.772,19.25,23.356,35.453,36.02,21.9,16.814,21.967,64.899,21.862,22.606,17.854,22.486,21.979,18.283,12.677,79.295,36.092,120.02,17.253,51.927,28.631,17.413,13.774,17.6,34.496,14.721,30.966,37.871,74.049,66.035,13.292,23.025,13.479,19.203,53.897
6.98,34.82,24.078,41.265,18.856,41.847,19.253,23.385,35.432,35.842,21.891,16.807,21.913,64.957,21.829,22.59,17.852,22.472,21.971,18.29,12.695,79.299,36.177,120.32,17.239,51.88,28.651,17.407,13.8,17.556,34.52,14.698,31.004,37.846,74.011,66.064,13.278,23.02,13.481,19.185,54.013
6.99,34.79,24.039,41.206,18.971,41.92,19.256,23.413,35.41,35.662,21.881,16.799,21.859,65.016,21.797,22.574,17.849,22.458,21.963,18.296,12.713,79.303,36.262,120.62,17.224,51.831,28.67,17.401,13.825,17.513,34.543,14.675,31.04,37.819,73.972,66.091,13.264,23.016,13.482,19.166,54.127
7,34.759,24.001,41.147,19.083,41.993,19.26,23.44,35.387,35.482,21.872,16.791,21.804,65.074,21.765,22.558,17.846,22.444,21.955,18.302,12.73,79.307,36.346,120.93,17.21,51.781,28.689,17.394,13.85,17.47,34.567,14.651,31.074,37.788,73.934,66.115,13.249,23.011,13.483,19.147,54.239
7.01,34.727,23.963,41.086,19.194,42.066,19.263,23.466,35.364,35.302,21.862,16.784,21.75,65.133,21.733,22.543,17.844,22.43,21.946,18.308,12.747,79.309,36.429,121.23,17.194,51.729,28.708,17.388,13.874,17.427,34.59,14.627,31.105,37.755,73.895,66.138,13.235,23.006,13.483,19.128,54.348
7.02,34.695,23.924,41.024,19.303,42.137,19.266,23.491,35.34,35.121,21.853,16.776,21.698,65.192,21.701,22.527,17.841,22.417,21.938,18.314,12.763,79.312,36.511,121.54,17.179,51.676,28.727,17.381,13.897,17.383,34.612,14.603,31.133,37.718,73.856,66.159,13.221,23.002,13.484,19.109,54.456
7.03,34.663,23.886,40.961,19.41,42.208,19.269,23.515,35.314,34.94,21.843,16.768,21.652,65.251,21.669,22.511,17.839,22.403,21.93,18.32,12.778,79.314,36.593,121.85,17.163,51.62,28.745,17.374,13.92,17.34,34.634,14.578,31.16,37.679,73.817,66.177,13.207,22.997,13.484,19.089,54.56
7.04,34.63,23.847,40.897,19.516,42.278,19.272,23.539,35.289,34.758,21.834,16.761,21.606,65.309,21.637,22.495,17.836,22.389,21.922,18.326,12.793,79.315,36.675,122.16,17.147,51.563,28.762,17.367,13.943,17.297,34.656,14.554,31.185,37.636,73.778,66.193,13.193,22.992,13.484,19.069,54.663
7.05,34.595,23.808,40.831,19.619,42.348,19.275,23.563,35.263,34.577,21.824,16.753,21.559,65.368,21.604,22.48,17.833,22.375,21.913,18.332,12.808,79.317,36.755,122.47,17.131,51.505,28.779,17.359,13.965,17.254,34.677,14.529,31.207,37.59,73.738,66.207,13.178,22.987,13.483,19.049,54.763
7.06,34.56,23.769,40.765,19.72,42.416,19.278,23.586,35.236,34.395,21.815,16.746,21.513,65.428,21.572,22.464,17.831,22.361,21.905,18.338,12.822,79.318,36.836,122.78,17.115,51.444,28.795,17.351,13.986,17.212,34.698,14.504,31.228,37.542,73.698,66.218,13.164,22.982,13.482,19.028,54.86
7.07,34.524,23.729,40.697,19.819,42.483,19.281,23.609,35.209,34.212,21.805,16.738,21.466,65.487,21.54,22.448,17.828,22.347,21.896,18.344,12.835,79.318,36.915,123.1,17.098,51.382,28.811,17.342,14.007,17.169,34.719,14.478,31.246,37.49,73.656,66.227,13.149,22.977,13.481,19.008,54.955
7.08,34.487,23.69,40.628,19.917,42.55,19.283,23.632,35.185,34.029,21.796,16.731,21.419,65.546,21.508,22.432,17.826,22.333,21.888,18.349,12.848,79.317,36.994,123.41,17.081,51.318,28.827,17.334,14.027,17.126,34.739,14.453,31.262,37.435,73.614,66.233,13.135,22.972,13.479,18.987,55.047
7.09,34.45,23.65,40.558,20.012,42.616,19.286,23.655,35.164,33.846,21.786,16.723,21.372,65.605,21.476,22.416,17.823,22.319,21.879,18.355,12.86,79.317,37.073,123.73,17.064,51.252,28.841,17.326,14.047,17.084,34.76,14.427,31.277,37.378,73.572,66.237,13.12,22.967,13.478,18.965,55.137
7.1,34.413,23.61,40.487,20.105,42.681,19.289,23.677,35.143,33.663,21.777,16.716,21.325,65.664,21.444,22.4,17.82,22.305,21.871,18.36,12.871,79.316,37.151,124.05,17.047,51.185,28.856,17.317,14.066,17.042,34.779,14.401,31.302,37.317,73.529,66.239,13.106,22.962,13.476,18.944,55.225
7.11,34.374,23.57,40.416,20.196,42.745,19.291,23.7,35.122,33.479,21.767,16.708,21.278,65.724,21.412,22.384,17.818,22.291,21.862,18.366,12.882,79.314,37.228,124.37,17.029,51.115,28.87,17.307,14.086,16.999,34.799,14.375,31.343,37.253,73.485,66.24,13.091,22.957,13.473,18.922,55.309
7.12,34.335,23.53,40.346,20.284,42.808,19.294,23.722,35.101,33.296,21.757,16.701,21.23,65.784,21.38,22.368,17.815,22.277,21.854,18.371,12.892,79.313,37.305,124.7,17.012,51.045,28.883,17.298,14.104,16.957,34.818,14.349,31.384,37.187,73.441,66.239,13.077,22.951,13.471,18.9,55.392
7.13,34.295,23.49,40.276,20.371,42.871,19.296,23.743,35.08,33.262,21.748,16.693,21.183,65.843,21.348,22.352,17.813,22.263,21.845,18.376,12.902,79.311,37.38,125.02,16.994,50.972,28.896,17.288,14.123,16.915,34.837,14.322,31.424,37.118,73.396,66.237,13.062,22.946,13.468,18.877,55.472
7.14,34.254,23.45,40.204,20.456,42.933,19.298,23.763,35.057,33.272,21.738,16.686,21.136,65.903,21.316,22.336,17.81,22.249,21.836,18.381,12.912,79.308,37.468,125.35,16.976,50.898,28.909,17.278,14.14,16.872,34.855,14.296,31.463,37.046,73.352,66.233,13.047,22.941,13.465,18.855,55.549
7.15,34.213,23.409,40.131,20.538,42.994,19.3,23.782,35.035,33.282,21.728,16.678,21.089,65.963,21.284,22.32,17.808,22.235,21.828,18.387,12.92,79.305,37.71,125.68,16.958,50.823,28.921,17.268,14.158,16.83,34.873,14.269,31.502,36.971,73.308,66.229,13.033,22.935,13.461,18.832,55.625
7.16,34.172,23.369,40.057,20.618,43.054,19.303,23.8,35.012,33.29,21.719,16.671,21.042,66.022,21.252,22.304,17.805,22.221,21.819,18.392,12.929,79.302,37.95,126.01,16.94,50.746,28.933,17.257,14.174,16.788,34.89,14.242,31.54,36.894,73.264,66.222,13.018,22.93,13.457,18.809,55.698
7.17,34.13,23.328,39.982,20.697,43.113,19.305,23.817,34.988,33.298,21.709,16.664,20.995,66.082,21.22,22.288,17.802,22.207,21.81,18.397,12.937,79.299,38.188,126.34,16.922,50.667,28.945,17.246,14.19,16.747,34.907,14.215,31.578,36.814,73.22,66.213,13.003,22.924,13.454,18.785,55.768
7.18,34.087,23.287,39.906,20.774,43.171,19.307,23.833,34.964,33.305,21.7,16.656,20.948,66.142,21.188,22.272,17.8,22.193,21.801,18.402,12.944,79.294,38.423,126.68,16.903,50.587,28.956,17.235,14.206,16.705,34.924,14.188,31.615,36.731,73.175,66.203,12.988,22.919,13.449,18.762,55.837
7.19,34.043,23.246,39.83,20.848,43.229,19.309,23.847,34.939,33.312,21.69,16.649,20.901,66.202,21.156,22.256,17.797,22.179,21.792,18.407,12.951,79.29,38.656,127.01,16.885,50.505,28.966,17.225,14.221,16.663,34.94,14.16,31.65,36.645,73.131,66.19,12.974,22.913,13.445,18.738,55.904
7.2,33.999,23.205,39.752,20.921,43.286,19.311,23.861,34.914,33.318,21.681,16.642,20.853,66.262,21.124,22.24,17.795,22.165,21.783,18.411,12.957,79.286,38.887,127.35,16.866,50.422,28.976,17.213,14.236,16.621,34.956,14.132,31.685,36.557,73.087,66.174,12.959,22.907,13.44,18.713,55.968
7.21,33.955,23.164,39.674,20.992,43.342,19.313,23.875,34.888,33.324,21.671,16.634,20.805,66.323,21.092,22.223,17.792,22.151,21.774,18.416,12.963,79.28,39.115,127.69,16.848,50.337,28.986,17.202,14.25,16.58,34.972,14.104,31.72,36.467,73.043,66.157,12.944,22.901,13.435,18.689,56.031
7.22,33.91,23.123,39.594,21.061,43.397,19.314,23.89,34.862,33.33,21.661,16.627,20.758,66.383,21.06,22.207,17.79,22.137,21.765,18.421,12.968,79.275,39.341,128.03,16.829,50.251,28.995,17.19,14.264,16.539,34.987,14.076,31.753,36.374,72.999,66.138,12.929,22.896,13.43,18.664,56.092
7.23,33.865,23.081,39.514,21.128,43.451,19.316,23.907,34.835,33.335,21.652,16.62,20.71,66.444,21.029,22.191,17.787,22.123,21.756,18.426,12.973,79.269,39.565,128.37,16.811,50.163,29.004,17.179,14.278,16.497,35.001,14.048,31.786,36.279,72.954,66.116,12.914,22.89,13.424,18.639,56.151
7.24,33.818,23.04,39.435,21.193,43.504,19.318,23.926,34.808,33.339,21.642,16.613,20.662,66.504,20.997,22.175,17.785,22.109,21.747,18.43,12.977,79.263,39.787,128.71,16.792,50.074,29.012,17.167,14.291,16.456,35.016,14.019,31.818,36.181,72.908,66.092,12.899,22.884,13.418,18.614,56.208
7.25,33.772,22.998,39.356,21.256,43.555,19.32,23.945,34.78,33.342,21.633,16.605,20.613,66.565,20.965,22.159,17.782,22.095,21.738,18.435,12.981,79.257,40.007,129.05,16.774,49.983,29.019,17.155,14.304,16.415,35.031,13.991,31.849,36.082,72.862,66.065,12.884,22.878,13.412,18.588,56.262
7.26,33.725,22.957,39.276,21.317,43.606,19.322,23.963,34.753,33.345,21.623,16.598,20.565,66.627,20.933,22.143,17.78,22.081,21.729,18.439,12.985,79.25,40.225,129.39,16.755,49.891,29.027,17.143,14.316,16.374,35.045,13.962,31.88,35.98,72.814,66.035,12.869,22.872,13.406,18.562,56.315
7.27,33.678,22.915,39.195,21.376,43.655,19.323,23.981,34.74,33.347,21.613,16.591,20.517,66.69,20.901,22.127,17.777,22.067,21.72,18.443,12.987,79.243,40.442,129.73,16.737,49.798,29.033,17.131,14.328,16.333,35.059,13.933,31.909,35.876,72.766,66.003,12.854,22.866,13.399,18.536,56.365
7.28,33.63,22.873,39.113,21.433,43.702,19.325,23.997,34.728,33.349,21.603,16.584,20.468,66.752,20.87,22.11,17.775,22.053,21.711,18.448,12.99,79.236,40.658,130.08,16.719,49.704,29.04,17.119,14.339,16.292,35.072,13.904,31.938,35.77,72.716,65.967,12.839,22.86,13.392,18.51,56.414
7.29,33.583,22.831,39.031,21.488,43.748,19.326,24.011,34.715,33.35,21.594,16.576,20.42,66.815,20.843,22.094,17.772,22.039,21.702,18.452,12.992,79.228,40.872,130.42,16.7,49.609,29.046,17.107,14.35,16.252,35.085,13.874,31.966,35.663,72.666,65.928,12.824,22.854,13.385,18.483,56.46
7.3,33.535,22.789,38.948,21.541,43.792,19.328,24.024,34.702,33.35,21.584,16.569,20.371,66.879,20.838,22.078,17.77,22.025,21.693,18.456,12.994,79.22,41.086,130.77,16.682,49.513,29.052,17.094,14.361,16.211,35.098,13.845,31.993,35.554,72.615,65.887,12.809,22.848,13.378,18.456,56.504
7.31,33.486,22.747,38.864,21.591,43.835,19.329,24.036,34.689,33.35,21.575,16.562,20.322,66.942,20.833,22.062,17.767,22.012,21.684,18.461,12.995,79.211,41.299,131.11,16.664,49.416,29.058,17.082,14.371,16.171,35.11,13.815,32.019,35.443,72.563,65.842,12.793,22.841,13.37,18.445,56.545
7.32,33.437,22.705,38.779,21.639,43.877,19.331,24.045,34.675,33.349,21.565,16.555,20.273,67.005,20.828,22.045,17.765,21.997,21.674,18.465,12.996,79.203,41.513,131.46,16.646,49.319,29.063,17.069,14.382,16.131,35.122,13.786,32.043,35.33,72.511,65.794,12.778,22.835,13.362,18.447,56.585
7.33,33.389,22.663,38.694,21.684,43.917,19.332,24.053,34.66,33.347,21.555,16.548,20.224,67.069,20.823,22.029,17.762,21.983,21.665,18.469,12.996,79.194,41.725,131.8,16.628,49.222,29.067,17.056,14.391,16.091,35.134,13.756,32.067,35.216,72.459,65.745,12.763,22.829,13.354,18.448,56.622
7.34,33.339,22.621,38.608,21.727,43.955,19.333,24.059,34.645,33.345,21.546,16.541,20.175,67.132,20.818,22.013,17.76,21.969,21.656,18.473,12.996,79.184,41.937,132.15,16.61,49.125,29.071,17.044,14.4,16.051,35.145,13.726,32.09,35.102,72.407,65.693,12.748,22.823,13.346,18.449,56.657
7.35,33.29,22.578,38.521,21.767,43.992,19.334,24.063,34.629,33.342,21.536,16.534,20.125,67.195,20.813,21.997,17.757,21.955,21.647,18.477,12.995,79.175,42.146,132.5,16.592,49.028,29.075,17.031,14.409,16.011,35.156,13.696,32.111,34.986,72.355,65.638,12.733,22.816,13.337,18.45,56.689
7.36,33.24,22.536,38.436,21.804,44.027,19.335,24.066,34.613,33.338,21.526,16.526,20.076,67.259,20.808,21.98,17.755,21.941,21.637,18.481,12.995,79.165,42.354,132.84,16.574,48.93,29.078,17.017,14.417,15.971,35.167,13.666,32.132,34.869,72.303,65.583,12.717,22.81,13.329,18.451,56.719
7.37,33.191,22.493,38.35,21.839,44.061,19.336,24.066,34.596,33.334,21.517,16.519,20.027,67.322,20.803,21.964,17.752,21.927,21.628,18.484,12.993,79.155,42.559,133.19,16.557,48.832,29.081,17.004,14.425,15.931,35.177,13.636,32.151,34.751,72.252,65.525,12.702,22.804,13.32,18.451,56.748
7.38,33.142,22.451,38.264,21.871,44.094,19.337,24.065,34.579,33.33,21.507,16.512,19.992,67.386,20.798,21.948,17.75,21.913,21.619,18.488,12.992,79.144,42.762,133.54,16.539,48.734,29.084,16.991,14.433,15.892,35.186,13.606,32.169,34.632,72.202,65.466,12.687,22.797,13.31,18.452,56.773
7.39,33.096,22.408,38.177,21.9,44.125,19.338,24.062,34.561,33.324,21.498,16.505,19.988,67.449,20.793,21.932,17.748,21.899,21.609,18.492,12.989,79.134,42.963,133.89,16.522,48.635,29.086,16.977,14.44,15.853,35.196,13.575,32.187,34.513,72.151,65.406,12.672,22.791,13.301,18.452,56.797
7.4,33.053,22.365,38.09,21.926,44.155,19.339,24.058,34.542,33.318,21.488,16.498,19.985,67.512,20.788,21.915,17.745,21.885,21.6,18.495,12.987,79.123,43.162,134.23,16.505,48.534,29.087,16.963,14.447,15.813,35.205,13.545,32.203,34.393,72.099,65.344,12.656,22.785,13.291,18.452,56.819
7.41,33.01,22.322,38.002,21.95,44.183,19.34,24.052,34.524,33.312,21.478,16.491,19.981,67.576,20.783,21.899,17.743,21.871,21.59,18.499,12.984,79.111,43.358,134.58,16.488,48.433,29.088,16.949,14.454,15.774,35.214,13.514,32.218,34.271,72.047,65.281,12.641,22.778,13.281,18.451,56.838
7.42,32.967,22.279,37.913,21.971,44.21,19.341,24.044,34.505,33.305,21.469,16.484,19.977,67.64,20.778,21.883,17.74,21.857,21.581,18.503,12.981,79.1,43.551,134.93,16.471,48.331,29.089,16.935,14.46,15.735,35.222,13.483,32.231,34.15,71.993,65.216,12.626,22.772,13.27,18.451,56.855
7.43,32.924,22.237,37.824,21.991,44.236,19.342,24.034,34.485,33.297,21.459,16.477,19.973,67.704,20.773,21.867,17.738,21.844,21.571,18.506,12.977,79.088,43.742,135.28,16.455,48.227,29.09,16.921,14.466,15.697,35.231,13.452,32.244,34.027,71.939,65.151,12.61,22.765,13.26,18.451,56.87
7.44,32.881,22.194,37.734,22.008,44.26,19.342,24.023,34.487,33.289,21.449,16.47,19.969,67.768,20.768,21.85,17.735,21.83,21.562,18.51,12.973,79.076,43.93,135.63,16.438,48.122,29.09,16.906,14.471,15.658,35.239,13.421,32.255,33.904,71.884,65.083,12.595,22.759,13.249,18.45,56.883
7.45,32.837,22.151,37.644,22.023,44.283,19.343,24.011,34.492,33.281,21.44,16.463,19.965,67.833,20.763,21.834,17.733,21.816,21.552,18.513,12.969,79.063,44.127,135.97,16.422,48.017,29.09,16.892,14.477,15.62,35.247,13.39,32.265,33.781,71.828,65.014,12.579,22.752,13.239,18.449,56.894
7.46,32.793,22.108,37.553,22.035,44.305,19.343,23.996,34.495,33.272,21.43,16.456,19.961,67.898,20.759,21.818,17.731,21.802,21.543,18.516,12.965,79.05,44.363,136.32,16.406,47.91,29.09,16.877,14.482,15.581,35.255,13.359,32.274,33.657,71.772,64.944,12.564,22.745,13.227,18.448,56.902
7.47,32.748,22.065,37.462,22.046,44.325,19.344,23.981,34.498,33.263,21.42,16.449,19.956,67.964,20.754,21.801,17.728,21.788,21.533,18.52,12.96,79.038,44.595,136.67,16.39,47.802,29.09,16.862,14.486,15.543,35.262,13.327,32.282,33.532,71.744,64.872,12.549,22.739,13.216,18.447,56.909
7.48,32.703,22.022,37.37,22.055,44.345,19.344,23.963,34.499,33.253,21.411,16.442,19.952,68.029,20.749,21.785,17.726,21.774,21.524,18.523,12.955,79.024,44.823,137.01,16.374,47.693,29.089,16.847,14.49,15.505,35.269,13.296,32.289,33.407,71.787,64.799,12.533,22.732,13.204,18.445,56.913
7.49,32.657,21.979,37.279,22.061,44.363,19.345,23.944,34.5,33.242,21.401,16.436,19.948,68.094,20.744,21.769,17.723,21.76,21.514,18.526,12.949,79.011,45.048,137.36,16.359,47.582,29.087,16.832,14.494,15.467,35.275,13.264,32.294,33.281,71.83,64.724,12.518,22.725,13.193,18.444,56.916
7.5,32.612,21.935,37.189,22.066,44.38,19.345,23.924,34.501,33.231,21.392,16.429,19.943,68.159,20.739,21.753,17.721,21.746,21.504,18.529,12.944,78.997,45.268,137.7,16.344,47.471,29.086,16.816,14.498,15.43,35.282,13.232,32.299,33.154,71.873,64.648,12.502,22.718,13.181,18.442,56.916
7.51,32.566,21.892,37.098,22.068,44.395,19.346,23.902,34.5,33.219,21.382,16.422,19.939,68.224,20.734,21.736,17.719,21.732,21.495,18.532,12.937,78.982,45.484,138.05,16.328,47.358,29.084,16.801,14.501,15.392,35.288,13.201,32.303,33.026,71.915,64.57,12.487,22.712,13.168,18.44,56.914
7.52,32.519,21.849,37.006,22.068,44.41,19.346,23.879,34.499,33.207,21.373,16.415,19.934,68.289,20.729,21.72,17.716,21.718,21.485,18.535,12.931,78.968,45.699,138.39,16.313,47.244,29.081,16.786,14.503,15.355,35.293,13.169,32.307,32.897,71.957,64.491,12.471,22.705,13.156,18.438,56.911
7.53,32.472,21.806,36.914,22.067,44.423,19.346,23.854,34.497,33.195,21.363,16.408,19.93,68.354,20.724,21.704,17.714,21.705,21.475,18.538,12.924,78.954,45.913,138.73,16.299,47.129,29.079,16.77,14.505,15.317,35.298,13.137,32.309,32.768,71.999,64.411,12.456,22.698,13.143,18.436,56.905
7.54,32.425,21.762,36.822,22.064,44.436,19.347,23.828,34.494,33.181,21.353,16.401,19.926,68.419,20.719,21.688,17.712,21.691,21.466,18.541,12.917,78.939,46.126,139.08,16.284,47.012,29.076,16.754,14.507,15.28,35.303,13.104,32.311,32.637,72.04,64.33,12.44,22.691,13.13,18.433,56.897
7.55,32.376,21.719,36.729,22.06,44.447,19.347,23.801,34.491,33.167,21.344,16.394,19.922,68.483,20.714,21.671,17.709,21.677,21.456,18.544,12.91,78.923,46.337,139.42,16.27,46.895,29.072,16.737,14.509,15.243,35.308,13.072,32.313,32.505,72.082,64.249,12.425,22.684,13.117,18.43,56.887
7.56,32.328,21.676,36.636,22.054,44.457,19.347,23.786,34.487,33.153,21.334,16.388,19.918,68.548,20.71,21.655,17.707,21.663,21.446,18.547,12.902,78.908,46.545,139.76,16.256,46.776,29.069,16.721,14.51,15.207,35.312,13.04,32.314,32.372,72.123,64.169,12.409,22.677,13.104,18.428,56.876
7.57,32.28,21.633,36.543,22.084,44.466,19.347,23.808,34.483,33.138,21.325,16.381,19.913,68.613,20.705,21.639,17.705,21.649,21.437,18.55,12.894,78.892,46.75,140.09,16.242,46.657,29.065,16.704,14.512,15.17,35.316,13.008,32.316,32.238,72.164,64.088,12.394,22.67,13.091,18.425,56.862
7.58,32.231,21.589,36.449,22.158,44.474,19.347,23.829,34.478,33.122,21.315,16.374,19.909,68.677,20.7,21.622,17.702,21.635,21.427,18.553,12.886,78.876,46.952,140.43,16.228,46.536,29.06,16.687,14.512,15.133,35.32,12.975,32.319,32.102,72.205,64.007,12.378,22.663,13.077,18.422,56.846
7.59,32.181,21.546,36.355,22.233,44.481,19.347,23.85,34.473,33.106,21.306,16.367,19.905,68.741,20.695,21.606,17.7,21.621,21.417,18.555,12.877,78.86,47.15,140.77,16.215,46.414,29.056,16.67,14.513,15.097,35.323,12.943,32.323,31.966,72.245,63.926,12.363,22.656,13.063,18.418,56.829
7.6,32.131,21.502,36.26,22.308,44.487,19.347,23.87,34.468,33.09,21.296,16.36,19.9,68.806,20.69,21.59,17.697,21.607,21.407,18.558,12.869,78.843,47.345,141.1,16.201,46.291,29.051,16.653,14.513,15.061,35.326,12.91,32.334,31.829,72.286,63.844,12.347,22.649,13.049,18.415,56.81
7.61,32.081,21.459,36.166,22.383,44.491,19.347,23.889,34.463,33.073,21.287,16.354,19.896,68.87,20.685,21.574,17.695,21.594,21.398,18.561,12.86,78.826,47.537,141.44,16.188,46.167,29.046,16.636,14.512,15.025,35.329,12.878,32.365,31.691,72.327,63.762,12.332,22.642,13.035,18.412,56.788
7.62,32.031,21.415,36.073,22.458,44.494,19.347,23.909,34.459,33.055,21.277,16.347,19.891,68.934,20.68,21.557,17.693,21.58,21.388,18.563,12.85,78.809,47.727,141.77,16.175,46.169,29.041,16.618,14.512,14.989,35.331,12.846,32.422,31.552,72.368,63.681,12.316,22.635,13.02,18.408,56.765
7.63,31.981,21.372,35.98,22.534,44.496,19.346,23.928,34.454,33.037,21.267,16.34,19.886,68.997,20.675,21.541,17.691,21.566,21.378,18.566,12.841,78.791,47.914,142.1,16.163,46.185,29.035,16.6,14.51,14.954,35.334,12.813,32.49,31.412,72.409,63.602,12.301,22.628,13.006,18.404,56.74
7.64,31.929,21.328,35.886,22.61,44.497,19.346,23.946,34.45,33.018,21.258,16.333,19.882,69.061,20.67,21.525,17.688,21.552,21.368,18.568,12.831,78.773,48.098,142.43,16.15,46.2,29.03,16.582,14.509,14.918,35.336,12.78,32.606,31.271,72.45,63.525,12.285,22.621,12.991,18.4,56.714
7.65,31.878,21.285,35.792,22.685,44.496,19.346,23.965,34.445,32.999,21.248,16.327,19.877,69.125,20.665,21.509,17.686,21.538,21.358,18.571,12.822,78.755,48.279,142.76,16.138,46.215,29.024,16.564,14.507,14.883,35.338,12.748,32.721,31.19,72.49,63.45,12.27,22.613,12.976,18.396,56.685
7.66,31.825,21.242,35.697,22.76,44.495,19.346,23.983,34.44,32.979,21.239,16.32,19.873,69.188,20.661,21.493,17.684,21.524,21.348,18.573,12.811,78.736,48.459,143.09,16.126,46.229,29.018,16.545,14.505,14.848,35.34,12.715,32.841,31.227,72.53,63.377,12.254,22.606,12.961,18.392,56.656
7.67,31.774,21.198,35.603,22.834,44.492,19.345,24.001,34.435,32.959,21.229,16.313,19.868,69.251,20.656,21.476,17.681,21.51,21.338,18.575,12.801,78.718,48.64,143.42,16.114,46.242,29.012,16.527,14.502,14.813,35.341,12.682,32.96,31.263,72.57,63.304,12.238,22.599,12.945,18.387,56.624
7.68,31.722,21.155,35.508,22.909,44.488,19.345,24.018,34.429,32.938,21.22,16.307,19.864,69.314,20.651,21.46,17.679,21.497,21.328,18.578,12.79,78.699,48.825,143.74,16.102,46.255,29.005,16.508,14.5,14.778,35.342,12.649,33.077,31.298,72.61,63.232,12.223,22.592,12.93,18.383,56.591
7.69,31.669,21.111,35.414,22.983,44.483,19.344,24.036,34.423,32.917,21.211,16.3,19.86,69.376,20.646,21.444,17.677,21.483,21.318,18.58,12.779,78.68,49.013,144.07,16.091,46.267,28.998,16.489,14.496,14.743,35.343,12.616,33.19,31.332,72.65,63.16,12.207,22.584,12.914,18.378,56.556
7.7,31.616,21.068,35.32,23.057,44.477,19.344,24.053,34.416,32.895,21.201,16.294,19.855,69.439,20.641,21.428,17.674,21.469,21.308,18.582,12.768,78.66,49.198,144.39,16.079,46.279,28.991,16.469,14.493,14.709,35.344,12.584,33.301,31.365,72.69,63.087,12.192,22.577,12.898,18.373,56.52
7.71,31.562,21.024,35.227,23.131,44.47,19.343,24.072,34.409,32.873,21.192,16.287,19.851,69.501,20.636,21.412,17.672,21.455,21.299,18.584,12.757,78.64,49.378,144.71,16.068,46.29,28.984,16.45,14.49,14.675,35.344,12.551,33.408,31.397,72.73,63.014,12.176,22.57,12.882,18.368,56.482
7.72,31.508,20.98,35.133,23.205,44.461,19.342,24.09,34.401,32.851,21.182,16.28,19.846,69.563,20.632,21.395,17.67,21.442,21.289,18.586,12.745,78.62,49.552,145.03,16.057,46.301,28.976,16.431,14.486,14.641,35.344,12.518,33.512,31.427,72.771,62.941,12.161,22.562,12.866,18.363,56.442
7.73,31.453,20.937,35.039,23.278,44.452,19.342,24.109,34.393,32.828,21.173,16.274,19.841,69.625,20.627,21.379,17.668,21.428,21.279,18.588,12.734,78.599,49.72,145.35,16.046,46.311,28.968,16.411,14.482,14.607,35.344,12.484,33.613,31.457,72.811,62.866,12.145,22.555,12.849,18.357,56.402
7.74,31.399,20.894,34.945,23.351,44.442,19.341,24.129,34.385,32.805,21.163,16.267,19.837,69.686,20.622,21.363,17.665,21.414,21.268,18.59,12.721,78.578,49.881,145.67,16.036,46.32,28.96,16.391,14.478,14.573,35.343,12.451,33.71,31.486,72.852,62.79,12.129,22.547,12.833,18.352,56.359
7.75,31.345,20.85,34.85,23.423,44.43,19.34,24.149,34.376,32.781,21.154,16.261,19.832,69.748,20.617,21.347,17.663,21.401,21.258,18.592,12.709,78.557,50.037,145.99,16.025,46.329,28.952,16.371,14.473,14.539,35.342,12.418,33.804,31.514,72.893,62.712,12.114,22.54,12.816,18.346,56.316
7.76,31.29,20.807,34.756,23.495,44.418,19.339,24.17,34.367,32.757,21.145,16.254,19.827,69.809,20.612,21.331,17.661,21.387,21.248,18.594,12.697,78.535,50.186,146.3,16.015,46.337,28.943,16.351,14.468,14.506,35.341,12.385,33.896,31.541,72.933,62.666,12.098,22.532,12.799,18.341,56.271
7.77,31.234,20.763,34.664,23.565,44.405,19.339,24.191,34.358,32.733,21.135,16.248,19.822,69.87,20.607,21.315,17.659,21.373,21.238,18.596,12.684,78.514,50.328,146.66,16.005,46.344,28.935,16.331,14.462,14.473,35.339,12.352,33.984,31.567,72.974,62.64,12.083,22.525,12.782,18.335,56.225
7.78,31.178,20.72,34.57,23.635,44.39,19.338,24.211,34.349,32.708,21.126,16.241,19.817,69.931,20.602,21.299,17.656,21.36,21.228,18.598,12.671,78.492,50.464,147.11,15.995,46.351,28.926,16.31,14.456,14.439,35.337,12.319,34.068,31.592,73.015,62.613,12.067,22.517,12.765,18.329,56.178
7.79,31.122,20.677,34.477,23.703,44.376,19.337,24.231,34.34,32.683,21.116,16.235,19.812,69.991,20.598,21.283,17.654,21.346,21.218,18.6,12.658,78.469,50.594,147.57,15.985,46.358,28.917,16.29,14.45,14.407,35.335,12.285,34.149,31.616,73.057,62.586,12.051,22.51,12.747,18.323,56.13
7.8,31.065,20.633,34.384,23.771,44.361,19.336,24.25,34.331,32.657,21.107,16.228,19.807,70.052,20.593,21.267,17.652,21.332,21.208,18.602,12.645,78.446,50.719,148.01,15.975,46.364,28.908,16.269,14.444,14.374,35.333,12.252,34.227,31.638,73.101,62.559,12.036,22.502,12.73,18.317,56.081
7.81,31.008,20.59,34.29,23.838,44.345,19.335,24.268,34.321,32.63,21.098,16.222,19.802,70.113,20.588,21.251,17.65,21.319,21.198,18.604,12.631,78.423,50.837,148.46,15.966,46.37,28.899,16.247,14.437,14.341,35.331,12.219,34.302,31.66,73.147,62.533,12.02,22.495,12.712,18.31,56.032
7.82,30.951,20.546,34.197,23.904,44.329,19.334,24.286,34.313,32.604,21.088,16.215,19.798,70.173,20.583,21.235,17.647,21.305,21.188,18.605,12.618,78.4,50.952,148.91,15.956,46.375,28.89,16.226,14.43,14.309,35.328,12.185,34.375,31.681,73.194,62.508,12.005,22.487,12.694,18.304,55.983
7.83,30.894,20.503,34.103,23.969,44.313,19.333,24.304,34.304,32.576,21.079,16.209,19.793,70.234,20.578,21.219,17.645,21.291,21.178,18.607,12.604,78.376,51.061,149.35,15.947,46.38,28.88,16.205,14.423,14.277,35.325,12.152,34.445,31.701,73.242,62.483,11.989,22.48,12.676,18.297,55.933
7.84,30.837,20.46,34.01,24.033,44.296,19.332,24.321,34.296,32.549,21.07,16.202,19.788,70.294,20.573,21.203,17.643,21.278,21.168,18.609,12.59,78.352,51.166,149.79,15.938,46.385,28.871,16.183,14.415,14.245,35.321,12.119,34.515,31.72,73.292,62.459,11.974,22.472,12.658,18.291,55.883
7.85,30.794,20.416,33.916,24.096,44.278,19.331,24.338,34.289,32.521,21.06,16.196,19.784,70.354,20.569,21.186,17.641,21.264,21.158,18.61,12.576,78.327,51.267,150.24,15.929,46.389,28.861,16.161,14.407,14.213,35.318,12.085,34.582,31.738,73.343,62.437,11.958,22.465,12.64,18.284,55.833
7.86,30.758,20.373,33.822,24.16,44.26,19.33,24.355,34.283,32.492,21.051,16.189,19.779,70.414,20.564,21.17,17.639,21.251,21.148,18.612,12.562,78.302,51.362,150.68,15.92,46.393,28.851,16.139,14.399,14.181,35.315,12.052,34.648,31.755,73.393,62.416,11.943,22.457,12.621,18.277,55.783
7.87,30.721,20.33,33.729,24.223,44.241,19.328,24.372,34.277,32.463,21.042,16.183,19.774,70.474,20.559,21.154,17.636,21.237,21.137,18.613,12.547,78.277,51.453,151.12,15.911,46.397,28.841,16.117,14.391,14.15,35.311,12.018,34.712,31.771,73.443,62.397,11.927,22.45,12.602,18.27,55.731
7.88,30.684,20.286,33.637,24.285,44.222,19.327,24.387,34.271,32.434,21.033,16.177,19.769,70.534,20.554,21.138,17.634,21.224,21.127,18.615,12.532,78.252,51.539,151.55,15.902,46.401,28.831,16.095,14.382,14.118,35.307,11.985,34.775,31.785,73.494,62.381,11.911,22.442,12.584,18.262,55.679
7.89,30.646,20.243,33.544,24.347,44.202,19.326,24.403,34.266,32.404,21.023,16.17,19.764,70.594,20.55,21.122,17.632,21.21,21.117,18.616,12.517,78.226,51.619,151.99,15.894,46.404,28.821,16.072,14.373,14.087,35.303,11.951,34.836,31.799,73.544,62.367,11.896,22.434,12.565,18.255,55.626
7.9,30.608,20.2,33.452,24.408,44.181,19.324,24.417,34.261,32.374,21.014,16.164,19.759,70.653,20.545,21.107,17.63,21.196,21.107,18.618,12.502,78.2,51.694,152.43,15.885,46.407,28.81,16.05,14.364,14.056,35.298,11.918,34.897,31.812,73.594,62.355,11.88,22.427,12.546,18.248,55.572
7.91,30.57,20.157,33.36,24.468,44.159,19.323,24.431,34.256,32.343,21.005,16.158,19.754,70.713,20.54,21.091,17.628,21.183,21.097,18.619,12.487,78.173,51.764,152.86,15.877,46.41,28.8,16.027,14.355,14.026,35.293,11.885,34.969,31.824,73.644,62.345,11.865,22.419,12.527,18.24,55.516
7.92,30.532,20.114,33.267,24.527,44.137,19.322,24.444,34.25,32.312,20.996,16.151,19.749,70.772,20.535,21.075,17.625,21.169,21.087,18.62,12.471,78.146,51.827,153.29,15.868,46.413,28.789,16.005,14.345,13.995,35.289,11.851,35.043,31.835,73.693,62.335,11.849,22.411,12.507,18.233,55.46
7.93,30.493,20.071,33.175,24.584,44.114,19.32,24.457,34.244,32.281,20.987,16.145,19.743,70.831,20.531,21.059,17.623,21.156,21.077,18.622,12.456,78.118,51.883,153.72,15.86,46.415,28.778,15.982,14.335,13.965,35.283,11.818,35.113,31.844,73.742,62.327,11.834,22.404,12.488,18.225,55.402
7.94,30.454,20.028,33.083,24.64,44.09,19.319,24.468,34.238,32.249,20.977,16.139,19.738,70.89,20.526,21.043,17.621,21.142,21.066,18.623,12.44,78.091,51.934,154.15,15.852,46.417,28.767,15.959,14.325,13.934,35.278,11.784,35.181,31.853,73.791,62.32,11.818,22.396,12.468,18.217,55.343
7.95,30.414,19.985,32.991,24.694,44.066,19.317,24.479,34.23,32.217,20.968,16.132,19.733,70.95,20.521,21.027,17.619,21.129,21.056,18.624,12.424,78.063,51.978,154.58,15.844,46.419,28.756,15.936,14.315,13.904,35.272,11.751,35.246,31.861,73.84,62.315,11.803,22.388,12.449,18.209,55.283
7.96,30.374,19.942,32.899,24.748,44.041,19.315,24.489,34.223,32.184,20.959,16.126,19.728,71.01,20.516,21.011,17.617,21.115,21.046,18.625,12.407,78.034,52.017,155,15.835,46.42,28.745,15.912,14.304,13.874,35.266,11.718,35.309,31.868,73.888,62.311,11.787,22.38,12.429,18.201,55.222
7.97,30.334,19.899,32.807,24.799,44.016,19.314,24.498,34.215,32.151,20.95,16.12,19.722,71.073,20.512,20.995,17.615,21.102,21.036,18.627,12.391,78.006,52.049,155.42,15.828,46.421,28.734,15.889,14.293,13.845,35.26,11.684,35.371,31.874,73.937,62.308,11.772,22.373,12.409,18.193,55.159
7.98,30.294,19.856,32.715,24.849,43.99,19.312,24.507,34.206,32.118,20.941,16.114,19.717,71.136,20.507,20.979,17.612,21.088,21.026,18.628,12.374,77.976,52.076,155.84,15.82,46.422,28.723,15.866,14.282,13.815,35.253,11.663,35.432,31.879,73.986,62.305,11.756,22.365,12.389,18.185,55.096
7.99,30.253,19.813,32.623,24.898,43.963,19.31,24.515,34.197,32.084,20.932,16.107,19.711,71.199,20.502,20.963,17.61,21.075,21.015,18.629,12.357,77.946,52.096,156.26,15.812,46.423,28.711,15.842,14.271,13.786,35.247,11.661,35.492,31.883,74.035,62.303,11.741,22.357,12.368,18.176,55.031
8,30.212,19.77,32.532,24.945,43.936,19.309,24.522,34.187,32.05,20.922,16.101,19.706,71.261,20.497,20.947,17.608,21.061,21.005,18.63,12.34,77.917,52.109,156.68,15.804,46.424,28.699,15.818,14.259,13.757,35.24,11.659,35.55,31.886,74.084,62.301,11.725,22.349,12.348,18.168,54.965
