Time,GM1,GM2,GM3,GM4,GM5,GM6,GM7,GM8,GM9,GM10,GM11,GM12,GM13,GM14,GM15,GM16,GM17,GM18,GM19,GM20,GM21,GM22,GM23,GM24,GM25,GM26,GM27,GM28,GM29,GM30,GM31,GM32,GM33,GM34,GM35,GM36,GM37,GM38,GM39,GM40
0.01,0.79256,0.85854,0.5406,0.51434,0.34097,0.61201,0.35379,0.43891,0.57808,0.51545,0.41162,0.57257,0.59053,0.87966,0.62527,0.61846,0.31216,0.6695,0.34228,0.35765,0.79275,1.0098,0.40525,0.50958,0.94093,0.30958,0.48173,0.90801,0.35308,0.68199,0.28697,0.54106,0.8058,0.4526,0.47118,0.54595,0.61057,0.37205,0.3223,0.3319
0.02,1.1244,0.86234,0.58223,0.96435,0.35063,0.63803,0.36269,0.49433,0.62029,0.51668,0.4114,0.57178,0.59524,0.91854,0.64089,0.61958,0.31307,1.0627,0.35651,0.36014,0.8065,1.012,0.40723,0.70948,0.94372,0.32818,0.48765,0.92353,0.35478,0.68924,0.31995,0.54602,0.87827,0.48367,0.47678,0.5626,0.73078,0.37507,0.32024,0.33215
0.03,1.4658,0.85301,0.63932,1.1512,0.34487,0.70142,0.36706,0.49613,0.66152,0.5487,0.41407,0.57905,0.61818,0.87966,0.63762,0.62315,0.31294,1.101,0.37733,0.35755,0.83448,1.018,0.4176,0.84256,0.94412,0.3542,0.50203,0.91142,0.36592,0.68619,0.44875,0.6335,0.88321,0.53206,0.65651,0.61588,0.7625,0.37754,0.32905,0.3379
0.04,1.7397,1.0063,0.74767,0.76869,0.35243,0.65921,0.37121,0.50652,0.91127,0.54545,0.42032,0.57975,0.62968,0.92676,0.65038,0.62636,0.31707,0.76843,0.37952,0.36195,0.85818,1.0308,0.4038,1.0348,0.97837,0.43097,0.54489,0.97558,0.43107,0.72259,0.61245,0.79759,1.129,0.58891,0.65282,0.77912,0.68404,0.38102,0.33135,0.34469
0.05,1.8638,1.0184,0.87002,1.2318,0.35419,0.67598,0.44673,0.50421,1.0636,0.63342,0.42297,0.58384,0.62848,0.92491,0.70474,0.6301,0.33442,1.2082,0.41531,0.37157,0.88682,1.0738,0.41905,0.71841,1.0043,0.49306,0.53146,1.0006,0.38802,0.76309,0.70878,0.88262,1.464,0.59061,0.71159,0.81121,0.87295,0.38166,0.44228,0.38694
0.06,1.7582,1.4381,0.93174,1.3211,0.35068,1.0705,0.51899,0.47894,1.3923,0.65452,0.42709,0.59395,0.67626,0.96264,0.78354,0.6326,0.32232,0.99075,0.44068,0.3809,0.91118,1.0918,0.42419,1.0492,1.1351,0.65741,0.52322,1.0557,0.38679,0.79414,0.65284,0.77557,0.9636,0.55758,1.1272,0.81628,0.66738,0.38875,0.3875,0.345
0.07,2.8022,1.5969,0.91899,0.91309,0.35843,0.96771,0.61123,0.55194,1.3142,0.71649,0.43051,0.63641,0.80795,1.0505,0.81284,0.65786,0.35442,0.79777,0.51087,0.3855,0.91903,1.1394,0.4219,1.065,1.2345,0.65294,0.59907,0.94326,0.42663,0.83764,0.75408,0.83477,1.0262,0.47933,1.1298,0.79372,0.92745,0.38169,0.4304,0.38735
0.08,1.9006,1.6361,0.91619,1.0458,0.36998,1.1584,0.5836,0.45987,1.3108,0.63023,0.43718,0.79437,0.87125,0.9999,0.93755,0.65634,0.35623,0.88484,0.52111,0.39312,0.97731,1.1751,0.45425,1.1006,1.371,0.57017,0.56967,1.3016,0.44795,0.83614,0.93144,0.86828,0.83181,0.59678,1.4362,0.6655,0.94756,0.41168,0.46608,0.42292
0.09,1.6015,2.052,1.0537,1.0903,0.35049,1.0418,0.60621,0.49452,1.084,0.6738,0.44372,0.70613,0.90355,1.1214,0.97664,0.72024,0.36753,0.88579,0.52721,0.37234,0.99276,1.1978,0.52176,1.0052,1.1709,0.60139,0.68566,1.2213,0.4753,0.87477,1.306,0.90817,1.1445,0.81172,1.2524,0.78461,1.133,0.42667,0.42981,0.54338
0.1,1.6252,1.6952,1.2016,1.2705,0.38874,1.272,0.69228,0.51232,1.1731,0.78939,0.45726,0.7558,0.9412,1.0512,0.8204,0.78134,0.38934,0.79806,0.61105,0.3831,1.0245,1.2307,0.57791,1.1885,1.0632,0.47143,0.71958,1.3079,0.43604,0.89944,1.0109,0.90578,1.2277,0.73586,1.319,0.70957,1.1754,0.45573,0.40158,0.52638
0.11,1.728,2.0854,1.2125,1.1919,0.42124,1.2007,1.0322,0.51348,1.0505,1.0061,0.44303,0.85152,1.1368,1.0562,0.85699,0.93502,0.38739,0.73126,0.54603,0.39162,1.0246,1.1208,0.4942,1.4211,1.3008,0.64498,0.74235,1.4154,0.57348,0.86782,0.83034,0.9749,1.1153,0.64449,1.091,0.65617,1.1538,0.44459,0.40017,0.52197
0.12,1.5192,2.215,1.1641,0.96323,0.42513,1.1117,1.3326,0.53621,0.86266,0.93827,0.47589,0.81929,1.139,1.1641,0.8383,0.93841,0.4463,0.73601,0.65072,0.3887,1.0229,1.1511,0.5077,1.3978,1.4742,0.6253,0.7745,1.6486,0.49267,0.88573,0.65125,0.94013,1.1628,0.76918,0.81869,0.65293,1.1454,0.48418,0.40801,0.64248
0.13,1.1698,2.5135,1.107,0.67801,0.42013,0.74205,1.3748,0.67131,1.022,0.92596,0.48864,0.88022,1.165,1.2302,0.98713,0.95126,0.42634,0.76401,0.67759,0.41007,1.0828,1.2098,0.59949,1.69,1.4982,0.63808,0.8961,1.8935,0.46491,0.83828,0.60043,1.0017,1.2543,0.95417,0.93526,0.73141,1.2453,0.4592,0.47681,0.77525
0.14,1.1295,2.6022,1.1165,0.53589,0.41126,0.85531,1.2506,0.7314,1.2087,0.88103,0.43566,0.75575,1.3407,1.3083,0.81682,1.0533,0.45129,0.81225,0.62612,0.40829,1.1079,1.4293,0.66739,1.9619,1.4593,0.59936,0.81056,1.8101,0.52099,0.93634,0.49786,0.95848,1.2886,0.98496,0.83869,0.83305,0.99184,0.47946,0.53692,0.6646
0.15,1.251,2.8417,1.1057,0.5152,0.44144,0.9166,1.4977,0.85952,1.5714,1.0471,0.47997,0.75836,1.2483,1.3381,0.74798,0.9792,0.47636,0.84794,0.76675,0.43026,1.0416,1.4761,0.71496,2.1096,1.3532,0.65064,0.77082,1.3253,0.50558,0.92712,0.49202,1.0967,1.3598,1.1031,0.78149,0.98138,1.2388,0.52237,0.54742,0.79325
0.16,1.4216,2.4167,1.212,0.52837,0.4603,1.1271,1.4011,0.83974,1.7415,1.1633,0.52933,0.86837,1.406,1.401,0.73697,1.0897,0.51665,0.94004,0.92336,0.43868,1.0757,1.3917,0.60675,1.8231,1.4293,0.68781,0.70402,1.3822,0.48836,0.90926,0.5237,0.98318,1.3623,1.0535,0.78099,1.0339,1.5326,0.47536,0.61631,0.74181
0.17,1.3882,2.5417,1.2139,0.60021,0.43551,1.2168,1.3625,0.7523,1.5222,1.0898,0.62125,1.0406,1.5699,1.4855,0.84259,1.1745,0.47986,1.0782,0.94767,0.44491,0.92556,1.6695,0.57978,1.9497,1.8297,0.63227,0.95815,1.5449,0.49074,0.86499,0.56808,1.0275,1.199,0.97132,0.63839,1.0625,1.6045,0.48054,0.82839,0.6443
0.18,1.3634,2.4869,1.2185,0.5896,0.51845,1.1966,1.2402,0.66954,1.4115,1.0996,0.69852,1.1371,1.397,1.4684,0.96927,1.193,0.61834,1.2384,0.83612,0.45382,1.0438,1.9028,0.54852,1.7654,2.1279,0.5772,0.79096,1.7195,0.46827,0.97176,0.4947,1.053,1.1174,0.89067,0.4973,0.99194,1.6464,0.55768,0.74105,0.78305
0.19,1.3476,2.4625,1.2058,0.59748,0.53732,1.191,0.97212,0.69242,1.3021,0.96628,0.66001,1.088,1.1712,1.5137,1.0279,1.4171,0.6223,1.3784,0.7088,0.4559,0.98909,1.8414,0.5685,1.7361,1.9113,0.59664,0.70106,1.5811,0.57491,1.0872,0.52461,1.0348,0.94128,0.83123,0.5077,0.83051,1.59,0.5616,0.72444,0.92073
0.2,1.1995,2.5876,1.1712,0.6474,0.5417,1.084,0.93903,0.75162,1.1943,0.9554,0.56961,1.139,1.2482,1.6052,1.0664,1.4938,0.52091,1.5616,0.65928,0.46369,1.0551,1.6289,0.55037,1.5159,1.6145,0.59321,0.58661,1.4378,0.62278,1.1829,0.47832,1.0764,1.1308,0.85913,0.47119,0.79251,1.4439,0.63817,0.80652,1.0068
0.21,1.0989,2.5497,1.2008,0.66042,0.53163,0.91189,0.93193,0.75377,0.93007,0.82019,0.57127,1.1495,1.5085,1.6117,1.0322,1.4629,0.49065,1.6384,0.61023,0.46799,1.1815,1.5955,0.63864,1.2922,1.5225,0.56737,0.56209,1.377,0.6643,1.1303,0.50885,1.2424,1.3844,0.98492,0.39214,0.90065,1.2815,0.68983,0.9128,0.94185
0.22,1.1705,2.5406,1.2109,0.67274,0.51868,0.82992,0.98555,0.67417,0.92775,0.89756,0.57862,1.007,1.6596,1.3815,0.94282,1.3379,0.51666,1.5571,0.64262,0.54648,1.2143,1.7736,0.73556,1.2974,1.4008,0.53621,0.55981,1.582,0.67458,1.0134,0.46779,1.015,1.4185,1.0082,0.41162,1.0738,1.2159,0.6825,0.96589,1.0111
0.23,1.0815,3.0695,1.194,0.75815,0.62876,0.80831,0.94456,0.6618,0.90953,0.95294,0.56863,1.1395,1.9062,1.3784,0.90574,1.2606,0.4657,1.5841,0.54793,0.54219,1.1559,1.9165,0.83601,1.2092,1.453,0.56755,0.56975,1.8291,0.66484,0.94922,0.5011,1.1334,1.342,1.0655,0.41266,1.2327,1.1177,0.66831,0.92959,1.0775
0.24,1.0194,3.4149,1.1703,0.83429,0.59644,0.82907,1.0839,0.67186,0.99511,0.797,0.53091,1.1618,2.063,1.5838,0.91663,1.2093,0.50891,1.9936,0.50589,0.50356,0.97841,1.8879,0.87921,1.1768,1.547,0.66049,0.58817,1.7529,0.63299,1.0549,0.55589,1.2944,1.16,1.2002,0.46916,1.348,1.0323,0.64523,0.85559,1.068
0.25,1.0225,3.0311,1.1387,0.89496,0.51561,0.86,1.1669,0.67663,1.256,0.71197,0.60633,1.1214,2.1679,1.7672,0.98294,1.1619,0.57749,2.1049,0.55785,0.53142,0.8834,1.7667,0.8765,1.2071,1.7238,0.66965,0.52177,1.7241,0.74344,1.1728,0.54711,1.3132,0.87988,1.4454,0.54429,1.3885,0.95566,0.63954,0.80132,0.91709
0.26,1.1744,2.3425,1.1053,0.84649,0.6082,0.86165,1.0891,0.79661,1.4029,0.69099,0.61145,1.3082,2.4162,1.7499,1.026,1.1992,0.66478,2.1447,0.56126,0.57993,0.96707,1.669,0.8693,1.1646,1.8215,0.58023,0.54871,1.7044,0.84142,1.1832,0.54643,1.2351,0.91368,1.6179,0.59799,1.2986,1.0157,0.68627,0.90177,0.71531
0.27,1.3632,2.1437,1.0749,0.74695,0.71493,0.8681,1.167,0.95035,1.3821,0.75523,0.65387,1.4456,2.5297,1.7359,1.0155,1.2264,0.67221,2.3327,0.60306,0.57204,1.1171,1.6422,1.0177,1.0997,1.9128,0.58259,0.55668,1.6296,0.78093,1.2046,0.59402,1.172,1.1286,1.7026,0.58818,1.1791,1.02,0.72747,1.0926,0.77091
0.28,1.4788,1.9276,1.0421,0.74269,0.71019,0.87495,1.202,1.0291,1.4022,0.83469,0.75171,1.4729,2.54,1.805,0.95267,1.2267,0.68351,2.3517,0.75758,0.51551,1.2044,1.6194,1.0761,1.1078,1.9397,0.53587,0.57261,1.5685,0.79349,1.1955,0.52696,1.1217,1.1309,1.6028,0.55654,1.1773,0.98177,0.75274,1.2267,0.76296
0.29,1.428,1.7483,1.004,0.75127,0.63534,0.88391,1.1047,0.92035,1.4621,0.81972,0.86439,1.3719,2.5102,1.8513,0.97443,1.1957,0.66984,2.1311,0.78253,0.49485,1.0915,1.6433,1.1612,1.1201,1.8089,0.48356,0.60363,1.5131,0.77578,1.0893,0.48628,1.0637,1.0985,1.3611,0.5536,1.22,0.92074,0.82228,1.395,0.78761
0.3,1.4745,1.3793,0.96949,0.86579,0.62057,0.9111,0.86733,0.82823,1.5006,0.75613,0.91354,1.3911,2.395,1.8399,1.0122,1.2434,0.66554,1.9524,0.69183,0.47269,0.93255,1.7516,1.2512,1.1203,1.7393,0.52602,0.58416,1.4166,0.73127,1.06,0.53203,1.0758,1.1373,1.0818,0.55992,1.2138,0.85975,0.88786,1.3872,0.70184
0.31,1.4882,1.3853,0.94296,0.90441,0.66256,0.94372,0.65441,0.81169,1.5072,0.72359,0.86127,1.6336,2.6151,1.7836,0.96925,1.3147,0.71791,1.9381,0.5983,0.47364,0.89849,1.7444,1.2879,1.1109,1.8669,0.58037,0.57114,1.1911,0.75787,0.99041,0.59233,1.0758,1.1584,0.98402,0.55771,1.0999,0.84145,0.96688,1.3045,0.66195
0.32,1.4002,1.4976,0.93348,0.8657,0.70722,0.97132,0.62143,0.81722,1.4347,0.72554,0.78657,1.7917,2.5867,1.7246,0.98314,1.3283,0.78897,1.9155,0.58574,0.50727,0.82372,1.6413,1.2539,1.1305,1.9858,0.63717,0.61084,1.008,0.76993,0.91195,0.64024,1.128,1.1124,0.91353,0.56681,0.95455,0.7758,1.0942,1.186,0.62077
0.33,1.3136,1.5676,1.115,0.78581,0.69933,0.9932,0.62765,0.86631,1.2071,0.71506,0.81882,1.9001,2.3938,1.6974,0.94639,1.3167,0.85692,1.7922,0.57712,0.54447,0.96208,1.592,1.253,1.1849,2.0022,0.67803,0.65045,1.0578,0.84893,1.0237,0.62352,1.2088,1.0307,0.95276,0.59242,0.93423,0.7547,1.1649,1.1015,0.67668
0.34,1.3231,1.5724,1.2757,0.72327,0.63283,1.0043,0.64453,0.89895,1.096,0.66053,0.91676,2.1516,2.1328,1.7247,0.93714,1.3443,0.9219,2.0745,0.57128,0.57167,1.0622,1.4961,1.3616,1.2305,1.9982,0.69046,0.65804,0.98439,0.87179,1.097,0.60658,1.1978,0.91559,0.99956,0.6109,0.98563,0.70561,1.1473,1.0821,0.68599
0.35,1.3542,1.618,1.2752,0.69973,0.54822,0.99628,0.61315,0.88475,1.1077,0.64825,0.97915,2.3393,1.8573,1.8581,0.93868,1.4266,0.96619,2.2518,0.59369,0.58173,1.1066,1.4321,1.4408,1.2111,2.0399,0.68672,0.63567,1.0678,0.88847,1.0943,0.52395,1.0756,0.89666,1.0664,0.60734,0.93422,0.6689,1.0418,1.0471,0.71425
0.36,1.3221,1.6677,1.1515,0.68202,0.48043,0.96896,0.67629,0.874,1.099,0.70176,0.99806,2.3017,1.5879,1.9009,0.94951,1.577,0.99831,2.1712,0.53308,0.59161,1.0577,1.5224,1.4873,1.1954,2.1002,0.68149,0.60757,1.0903,0.9528,1.0612,0.49157,1.0163,0.93457,1.1033,0.61474,0.89323,0.67158,0.97066,0.97484,0.7425
0.37,1.2655,1.7022,1.0125,0.63872,0.43377,0.93362,0.69758,0.87957,1.0657,0.73139,1.0033,2.1341,1.4092,1.8976,1.0085,1.6775,1.0367,2.0136,0.53911,0.58923,0.97157,1.7114,1.5015,1.1459,2.1324,0.69078,0.60641,1.0886,1.0148,1.1325,0.51915,0.98837,1.0019,1.0804,0.7102,0.90185,0.70666,0.91169,0.94695,0.74403
0.38,1.2026,1.6767,0.93718,0.58022,0.40826,0.90207,0.67963,0.88321,1.0961,0.70245,1.0108,1.9252,1.3397,1.9452,1.04,1.789,1.0726,1.9649,0.57105,0.58792,0.89707,1.8515,1.5174,1.1251,2.1325,0.67015,0.65099,1.1931,1.0941,1.1828,0.57763,0.98766,1.049,1.007,0.77839,0.90444,0.74585,0.8598,0.86533,0.73403
0.39,1.152,1.6856,0.92161,0.56872,0.40219,0.87915,0.63555,0.87155,1.1987,0.63477,1.0099,1.6621,1.3275,1.9697,1.0468,1.7839,1.084,1.8257,0.54455,0.57073,0.81996,1.9624,1.739,1.0916,2.1259,0.62867,0.70024,1.2721,1.0868,1.1322,0.637,0.95083,1.0353,0.90268,0.77223,0.90734,0.77045,0.86432,0.75674,0.70686
0.4,1.1231,1.6648,0.90963,0.51935,0.40108,0.86456,0.58084,0.89308,1.3071,0.59515,0.97227,1.354,1.294,1.9722,1.0279,1.6194,1.0566,1.634,0.47599,0.55376,0.7839,2.0217,1.8716,1.0567,2.1276,0.57317,0.70332,1.2965,1.0202,1.0443,0.69983,0.94153,1.0716,0.8162,0.72124,0.91787,0.77534,0.90104,0.64807,0.66934
0.41,1.051,1.5885,0.85544,0.48431,0.43671,0.8573,0.53329,0.93474,1.3722,0.54382,0.8793,1.101,1.2614,1.9667,1.0351,1.5649,0.99784,1.527,0.43947,0.55373,0.76718,2.0675,1.9122,1.003,2.1298,0.51226,0.68997,1.3149,0.95392,0.95225,0.71179,0.93024,1.1819,0.77331,0.65893,0.94014,0.8631,0.90675,0.54629,0.72024
0.42,0.96447,1.4832,0.82243,0.52726,0.45177,0.85318,0.50719,0.93536,1.5353,0.48546,0.90829,1.0066,1.1885,1.9499,1.0258,1.4778,0.91403,1.5105,0.45003,0.57127,0.79597,2.1613,1.8672,0.93826,2.1379,0.47106,0.71535,1.4077,0.90802,0.88632,0.66585,0.92501,1.2637,0.74601,0.70628,0.96782,0.92873,0.93297,0.53226,0.74337
0.43,0.89892,1.4324,0.81734,0.56111,0.44503,0.84991,0.50696,0.90562,1.7952,0.44755,0.90895,1.0226,1.063,1.9265,1.0244,1.372,0.81276,1.455,0.43355,0.59992,0.75614,2.281,1.7576,0.89231,2.1812,0.46944,0.72626,1.5266,0.87315,0.88066,0.60245,0.94909,1.295,0.73786,0.7728,0.98701,0.94998,0.94732,0.56003,0.76818
0.44,0.86583,1.4137,0.80139,0.58148,0.47276,0.84582,0.52893,0.88429,1.959,0.43154,0.87424,1.0262,0.94338,1.9053,1.0189,1.3935,0.75362,1.3312,0.46198,0.6249,0.73775,2.3638,1.6088,0.83512,2.2098,0.46285,0.71152,1.7097,0.79967,0.89901,0.54963,0.96753,1.2796,0.762,0.83057,1.0119,0.93272,0.99516,0.58401,0.76036
0.45,0.8588,1.4763,0.8276,0.58467,0.49978,0.83969,0.56347,0.88685,1.9983,0.46076,0.81558,0.97293,0.9336,1.8778,1.0173,1.3771,0.76536,1.2226,0.46222,0.64946,0.71239,2.4919,1.4489,0.7714,2.2366,0.47339,0.67452,1.818,0.7085,0.88708,0.55561,0.96768,1.282,0.7666,0.85923,1.1484,0.88388,1.0618,0.60292,0.73395
0.46,0.85549,1.5314,0.85089,0.5739,0.52016,0.83023,0.59833,0.90184,2.022,0.48848,0.75297,0.88479,0.91093,1.8537,1.0248,1.4774,0.75913,1.1897,0.45232,0.64023,0.70428,2.5049,1.3023,0.7167,2.2796,0.52783,0.64387,1.7391,0.65558,0.86227,0.57115,0.94155,1.2998,0.74655,0.83527,1.3182,0.81288,1.1528,0.61666,0.74948
0.47,0.84852,1.5446,0.84984,0.55731,0.53321,0.81797,0.6247,0.94625,2.057,0.54359,0.70411,0.7915,0.88417,1.8244,1.0432,1.6002,0.73209,1.2088,0.46551,0.61241,0.74986,2.4198,1.2113,0.6892,2.3508,0.58615,0.67706,1.5428,0.63209,0.85499,0.58116,0.89058,1.3391,0.73405,0.84106,1.4257,0.73072,1.2199,0.62597,0.73413
0.48,0.83689,1.498,0.95463,0.54209,0.53916,0.80227,0.63822,0.95143,2.0528,0.58731,0.6584,0.70668,0.95979,1.799,1.0706,1.6965,0.68836,1.3401,0.4562,0.58348,0.76094,2.2601,1.1483,0.66843,2.4516,0.64131,0.72936,1.4322,0.60808,0.91031,0.58956,0.81496,1.4034,0.75697,0.80975,1.457,0.64787,1.2227,0.6319,0.70528
0.49,0.82946,1.4157,1.0114,0.53183,0.53932,0.78454,0.63851,0.89596,2.0002,0.6131,0.62133,0.65798,1.1024,1.7722,1.1033,1.7645,0.6385,1.514,0.44116,0.56701,0.74701,2.0602,1.1033,0.64971,2.5705,0.68618,0.7377,1.3403,0.59593,0.98126,0.57964,0.7505,1.4649,0.76615,0.8278,1.4253,0.57588,1.1626,0.63436,0.72697
0.5,0.84473,1.3018,1.0238,0.5246,0.53502,0.76645,0.62752,0.81168,1.9432,0.61719,0.67324,0.67683,1.2191,1.7523,1.1376,1.8127,0.66006,1.6675,0.46769,0.56884,0.73934,1.841,1.0682,0.62605,2.6904,0.72118,0.70868,1.455,0.60269,1.0181,0.5522,0.7655,1.4921,0.77221,0.81037,1.3639,0.54333,1.0822,0.6342,0.74012
0.51,0.86094,1.2105,0.99861,0.55423,0.52846,0.74824,0.60744,0.74118,1.906,0.60002,0.70996,0.66712,1.3443,1.7386,1.1694,1.8361,0.70872,1.7725,0.48479,0.58079,0.75245,1.9346,1.0329,0.60042,2.7963,0.74422,0.68158,1.6439,0.61083,1.0155,0.5308,0.78891,1.4733,0.77731,0.85059,1.3009,0.55075,1.0288,0.64553,0.72509
0.52,0.87763,1.1516,0.94496,0.57891,0.52155,0.73027,0.58612,0.71987,1.8597,0.56373,0.7331,0.75216,1.4295,1.7321,1.1967,1.8433,0.74491,1.8163,0.46839,0.5893,0.79725,2.0562,1.0068,0.57494,2.8781,0.76123,0.67935,1.8315,0.61503,0.98667,0.51215,0.86309,1.4099,0.77935,0.93632,1.2527,0.55838,1.022,0.68164,0.69289
0.53,0.88763,1.1041,0.87291,0.59755,0.51637,0.71332,0.57462,0.79002,1.7755,0.58298,0.74235,0.82993,1.4851,1.7345,1.2206,1.8336,0.77049,1.7984,0.46916,0.58618,0.83937,2.0948,1.0669,0.55251,2.9322,0.77217,0.68628,1.9491,0.63524,0.94784,0.51152,0.92098,1.3272,0.78025,0.99638,1.2184,0.57744,1.0396,0.71401,0.67287
0.54,0.89416,1.1005,0.81265,0.61117,0.51489,0.69753,0.54974,0.83596,1.8529,0.60442,0.73758,0.86805,1.5123,1.747,1.2403,1.8147,0.78762,1.7389,0.51617,0.57089,0.86901,2.0754,1.0716,0.53247,2.9609,0.78063,0.67341,1.9407,0.68145,1.0221,0.50905,0.94648,1.2354,0.81833,1.0134,1.1921,0.60339,1.0442,0.74281,0.67255
0.55,0.90122,1.1178,0.75817,0.622,0.5189,0.75408,0.51829,0.88582,1.8733,0.6229,0.72007,0.85701,1.5147,1.7649,1.258,1.7842,0.79725,1.6705,0.56989,0.54999,0.86177,2.0354,1.0262,0.56944,2.9696,0.78553,0.6376,1.8213,0.73202,1.1002,0.5255,0.94722,1.1606,0.88715,0.99281,1.1685,0.6278,1.0146,0.76811,0.65155
0.56,0.88758,1.1584,0.71049,0.63195,0.52872,0.79081,0.48678,0.91958,1.7928,0.63741,0.69288,0.81428,1.4789,1.7856,1.2743,1.7472,0.80071,1.6262,0.61341,0.53862,0.86751,1.9964,0.94504,0.59676,2.9637,0.78962,0.59043,1.6549,0.77931,1.1505,0.53517,0.94104,1.1114,0.94688,0.9562,1.1448,0.6498,0.95235,0.7899,0.62717
0.57,0.93077,1.2205,0.66916,0.64253,0.54381,0.80308,0.46288,0.91171,1.6671,0.64767,0.66031,0.77837,1.4217,1.8113,1.2899,1.7065,0.79998,1.6279,0.63682,0.54506,0.90692,1.9462,0.85585,0.6025,2.9886,0.79249,0.55227,1.5506,0.81351,1.1673,0.53454,0.92766,1.079,0.981,0.91829,1.12,0.66886,0.90144,0.80817,0.61798
0.58,0.97465,1.262,0.62915,0.65315,0.56289,0.79209,0.44841,0.89568,1.744,0.65361,0.62637,0.73524,1.3437,1.8343,1.3063,1.6614,0.79624,1.6758,0.63141,0.58095,0.90915,1.8569,0.77405,0.6133,3.0356,0.79414,0.56132,1.5677,0.83378,1.1491,0.52554,0.90667,1.0573,0.97984,0.92105,1.0949,0.68462,0.84754,0.82301,0.63015
0.59,1.0023,1.2609,0.58495,0.66245,0.58921,0.76091,0.44346,0.92488,1.8273,0.65501,0.6325,0.70473,1.2734,1.8577,1.3237,1.6142,0.79017,1.7467,0.6062,0.62971,0.91921,1.7416,0.76083,0.64404,3.0798,0.79448,0.56063,1.6723,0.84365,1.0932,0.5035,0.87824,1.0505,0.94222,0.94411,1.0686,0.69681,0.80884,0.83508,0.62099
0.6,1.0244,1.1902,0.53433,0.66858,0.61743,0.75427,0.45136,0.98907,1.9227,0.65206,0.65163,0.69683,1.2693,1.8761,1.3421,1.5672,0.78052,1.8114,0.61049,0.67352,0.95338,1.7804,0.77143,0.68499,3.1189,0.79629,0.543,1.7807,0.849,1.0183,0.4695,0.83538,1.0638,0.93023,0.97033,1.0415,0.70523,0.8001,0.84429,0.58291
0.61,1.0484,1.0943,0.48792,0.67021,0.64564,0.7597,0.48262,1.023,2.0271,0.64515,0.66782,0.70554,1.2383,1.9069,1.3612,1.5222,0.76767,1.8462,0.62079,0.70273,0.95312,1.7996,0.77723,0.72349,3.1549,0.8008,0.51222,1.8491,0.8501,1.0127,0.43369,0.78573,1.0926,0.91391,0.9973,1.0151,0.71007,0.82439,0.85082,0.52
0.62,1.0783,1.0404,0.44564,0.66682,0.67294,0.75878,0.52191,1.0537,2.1313,0.6348,0.67803,0.71847,1.1953,1.9507,1.3817,1.4805,0.75128,1.8415,0.65052,0.71768,0.93259,1.8068,0.77762,0.74629,3.1842,0.79822,0.48378,1.8656,0.84592,0.98867,0.40637,0.74717,1.1249,0.88715,1.0199,0.9899,0.71143,0.87251,0.85557,0.51047
0.63,1.1135,1.0593,0.45716,0.66659,0.69805,0.75285,0.56177,1.1126,2.2024,0.64973,0.68025,0.74828,1.1386,1.9885,1.4018,1.4429,0.7321,1.8002,0.66724,0.72468,0.90048,1.8226,0.77343,0.75735,3.2052,0.78804,0.50898,1.8494,0.83924,0.96323,0.39082,0.72074,1.1513,0.85652,1.0359,0.96677,0.70926,0.93066,0.85813,0.52075
0.64,1.1497,1.0767,0.47575,0.66402,0.72052,0.74396,0.59985,1.1327,2.2122,0.68151,0.71171,0.76894,1.0757,2.0215,1.4217,1.4121,0.71099,1.7653,0.67083,0.7296,0.85749,1.8407,0.76467,0.75224,3.2167,0.7697,0.55516,1.8142,0.83072,0.95176,0.37825,0.69001,1.1712,0.82742,1.041,0.94556,0.70402,0.98661,0.85943,0.53767
0.65,1.1794,1.1563,0.49256,0.65915,0.7402,0.73273,0.63488,1.123,2.1576,0.69981,0.74153,0.77394,1.0174,2.049,1.4402,1.4287,0.68864,1.7294,0.67112,0.73329,0.80863,1.8222,0.76749,0.7469,3.218,0.75809,0.58597,1.7756,0.82724,0.96485,0.35887,0.65516,1.1921,0.85937,1.0255,0.9252,0.69609,1.0331,0.86102,0.53732
0.66,1.1967,1.2213,0.50713,0.65396,0.7567,0.71987,0.66528,1.0903,2.1568,0.70534,0.76194,0.76885,0.96617,2.0705,1.4577,1.4475,0.66532,1.6686,0.65382,0.73148,0.81198,1.8761,0.82546,0.74956,3.2091,0.74385,0.59828,1.7438,0.83023,0.99887,0.33241,0.63143,1.2195,0.88516,0.98598,0.90359,0.68591,1.0654,0.9301,0.51637
0.67,1.1978,1.2705,0.5195,0.65007,0.76992,0.70542,0.69032,1.0489,2.151,0.6993,0.77817,0.76446,0.91764,2.0862,1.4737,1.4683,0.64122,1.5935,0.64099,0.71836,0.81228,1.9226,0.87483,0.77481,3.1906,0.7269,0.62696,1.7372,0.84102,1.0374,0.31413,0.63563,1.2553,0.90763,0.93053,0.87822,0.67666,1.0822,0.97651,0.49738
0.68,1.1828,1.3114,0.52961,0.64813,0.7798,0.68954,0.70987,1.009,2.1944,0.68322,0.79704,0.76985,0.88422,2.0965,1.4883,1.4896,0.61628,1.5145,0.63947,0.69063,0.80973,1.9033,0.91521,0.79606,3.1636,0.70729,0.64043,1.7592,0.85146,1.0679,0.32617,0.63623,1.297,0.93136,0.87295,0.84783,0.66288,1.0838,0.99686,0.48311
0.69,1.1507,1.3577,0.53729,0.64784,0.78646,0.67189,0.72355,0.98067,2.2217,0.65913,0.82473,0.7914,0.85009,2.102,1.5022,1.51,0.59068,1.4377,0.65334,0.64906,0.80444,1.9358,0.94683,0.81228,3.1294,0.68516,0.63416,1.8015,0.85706,1.0819,0.33915,0.65641,1.3368,0.95061,0.82055,0.81154,0.64434,1.0723,0.98983,0.46538
0.7,1.1078,1.4209,0.54233,0.66407,0.7898,0.65211,0.73159,0.96884,2.2323,0.62919,0.8644,0.84467,0.82058,2.1068,1.5165,1.527,0.56599,1.3654,0.67949,0.59951,0.85741,1.9565,0.97026,0.81338,3.089,0.66059,0.61189,1.8553,0.85047,1.0774,0.35062,0.66859,1.369,0.9542,0.77187,0.76972,0.62382,1.0505,0.99346,0.44834
0.71,1.0881,1.5037,0.54451,0.6876,0.78995,0.6299,0.73492,0.97081,2.2197,0.60227,0.91436,0.90797,0.78883,2.1082,1.5994,1.5415,0.54351,1.2966,0.70917,0.58775,0.91705,1.9741,0.98629,0.79656,3.0438,0.63359,0.58324,1.8969,0.83071,1.0588,0.36171,0.66961,1.3899,0.9347,0.72213,0.72429,0.60539,1.0218,0.97536,0.42986
0.72,1.0603,1.5785,0.54377,0.71105,0.78718,0.6057,0.73431,0.98237,2.1891,0.58077,0.96964,0.97083,0.75786,2.1068,1.6862,1.5519,0.52473,1.2291,0.72908,0.57097,0.96356,1.9983,0.99574,0.76946,2.9948,0.60509,0.557,1.9107,0.80119,1.0347,0.37432,0.69242,1.3984,0.89612,0.67114,0.67763,0.59579,0.9908,0.93949,0.40816
0.73,1.0297,1.6368,0.54047,0.73351,0.78181,0.58018,0.73056,0.9926,2.1796,0.55702,1.0234,1.0235,0.72168,2.1031,1.749,1.5584,0.51032,1.1612,0.72656,0.55314,0.99676,2.0158,0.99945,0.731,2.9435,0.57486,0.55694,1.8846,0.77047,1.016,0.38473,0.7117,1.3962,0.85183,0.62407,0.63285,0.6025,0.9612,0.89478,0.42192
0.74,1.0127,1.6668,0.53452,0.75429,0.77417,0.55388,0.72372,0.99386,2.1473,0.53149,1.0687,1.0589,0.68772,2.101,1.7865,1.5614,0.49987,1.1173,0.69627,0.54088,1.0162,2.0829,0.99819,0.69084,2.9042,0.54289,0.56541,1.8141,0.74546,1.007,0.38903,0.71211,1.3872,0.81928,0.58683,0.59339,0.60873,0.93774,0.85119,0.42981
0.75,0.9838,1.6602,0.52627,0.77294,0.76456,0.52709,0.71348,0.98106,2.0895,0.50418,1.1004,1.0729,0.70699,2.0974,1.798,1.5617,0.49211,1.0981,0.64276,0.5378,1.0226,2.2975,0.99269,0.66512,2.8551,0.5098,0.57374,1.7046,0.73336,1.0115,0.38664,0.69971,1.3757,0.80962,0.57182,0.56978,0.60723,0.92353,0.84182,0.43128
0.76,0.98765,1.6247,0.51634,0.78917,0.75306,0.49995,0.69944,0.95273,2.0071,0.47557,1.1156,1.0642,0.72707,2.0924,1.7844,1.5602,0.48561,1.069,0.58287,0.54312,1.0171,2.4712,0.98361,0.64946,2.7923,0.47697,0.58183,1.5703,0.73389,1.024,0.37785,0.68472,1.3669,0.82284,0.58598,0.55667,0.59899,0.92085,0.84596,0.42981
0.77,0.98781,1.5965,0.50523,0.80267,0.73985,0.49118,0.68161,0.93119,1.9436,0.44972,1.1122,1.043,0.74707,2.0872,1.7474,1.5577,0.47872,1.0299,0.55018,0.55343,1.0002,2.6009,0.97165,0.64237,2.721,0.44386,0.59229,1.4621,0.74079,1.038,0.36233,0.6751,1.3648,0.85214,0.59753,0.54834,0.58519,0.92975,0.85013,0.43134
0.78,0.97724,1.5631,0.49712,0.81293,0.72516,0.50075,0.66007,0.93835,1.9314,0.44787,1.0907,1.0046,0.76579,2.0832,1.6903,1.5531,0.47078,0.98297,0.51262,0.56543,0.97382,2.6981,0.95741,0.63964,2.6688,0.41082,0.60253,1.3808,0.74652,1.0471,0.34352,0.67252,1.3711,0.88909,0.61283,0.54691,0.57506,0.94871,0.85434,0.43463
0.79,0.9572,1.4985,0.49286,0.81941,0.70931,0.50144,0.63523,0.93145,1.9016,0.44686,1.0526,0.94937,0.7826,2.0778,1.63,1.546,0.46115,0.93333,0.51385,0.57747,0.93967,2.779,0.94128,0.64125,2.616,0.3789,0.60365,1.3326,0.74284,1.0461,0.32862,0.67499,1.3853,0.9379,0.6321,0.57846,0.5688,0.97427,0.85956,0.4584
0.8,0.93375,1.4411,0.50578,0.82167,0.7019,0.49316,0.60744,0.91702,1.8579,0.44646,1.0005,0.88236,0.79699,2.0712,1.6372,1.5357,0.45007,0.90827,0.54971,0.58939,0.89942,2.8579,0.92375,0.63988,2.5575,0.35893,0.61027,1.321,0.72543,1.0321,0.3213,0.68108,1.4046,0.99568,0.65421,0.61903,0.56206,1.0033,0.89221,0.48915
0.81,0.91482,1.438,0.5315,0.81961,0.70241,0.47655,0.57721,0.90101,1.8034,0.45082,0.93768,0.81048,0.80859,2.0661,1.6439,1.5216,0.43751,0.90965,0.5931,0.6024,0.87513,2.9413,0.90524,0.63731,2.4937,0.35877,0.61683,1.3326,0.69335,1.0225,0.31743,0.69037,1.4245,1.043,0.68005,0.65292,0.5552,1.032,0.9202,0.52585
0.82,0.91723,1.4551,0.5521,0.81291,0.70158,0.45298,0.54568,0.88815,1.7408,0.4576,0.86862,0.74106,0.81957,2.0599,1.649,1.5028,0.43617,0.905,0.63193,0.61749,0.92139,3.0259,0.88607,0.62567,2.4254,0.35773,0.62333,1.3662,0.6492,1.0054,0.31039,0.70307,1.4398,1.0731,0.70581,0.67761,0.54841,1.058,0.93887,0.56424
0.83,0.9155,1.4848,0.56772,0.80218,0.69941,0.43181,0.51318,0.88118,1.6722,0.46402,0.79838,0.68075,0.82958,2.0521,1.6522,1.4794,0.44108,0.89583,0.66036,0.6355,0.9466,3.1028,0.86642,0.60978,2.3532,0.35554,0.62967,1.4546,0.59899,0.97227,0.32059,0.75432,1.4462,1.0804,0.72561,0.69067,0.54186,1.0785,0.94573,0.59889
0.84,0.90952,1.519,0.57854,0.78715,0.6961,0.4269,0.48058,0.87923,1.5992,0.46979,0.80426,0.63499,0.83641,2.0442,1.6529,1.4501,0.44533,0.88314,0.67746,0.65624,0.94841,3.1904,0.84642,0.59552,2.2862,0.35264,0.63571,1.5289,0.55111,0.92978,0.34704,0.81208,1.4406,1.0625,0.74659,0.69026,0.5358,1.0921,0.93954,0.62768
0.85,0.89974,1.5429,0.58475,0.76796,0.69194,0.42229,0.44862,0.88056,1.5228,0.47478,0.81183,0.60698,0.84002,2.0362,1.6509,1.4145,0.44877,0.8767,0.68443,0.67928,0.9275,3.3225,0.82611,0.57382,2.2213,0.34892,0.64136,1.5738,0.51572,0.8842,0.37253,0.86402,1.4221,1.0199,0.76893,0.70361,0.53029,1.099,0.92044,0.65155
0.86,0.88749,1.5496,0.58679,0.74484,0.68714,0.41797,0.41791,0.88216,1.4436,0.47868,0.81906,0.59579,0.84075,2.0261,1.6462,1.3722,0.45162,0.9138,0.68412,0.70376,0.90521,3.4226,0.80554,0.55074,2.1558,0.34418,0.64658,1.5837,0.50186,0.84098,0.39315,0.90705,1.3909,0.95598,0.77511,0.73119,0.52541,1.1192,0.88937,0.67203
0.87,0.87447,1.5251,0.58475,0.74409,0.68208,0.41388,0.38893,0.88118,1.3623,0.4815,0.82566,0.59758,0.84312,2.015,1.6393,1.3233,0.45364,0.95705,0.67942,0.72902,0.89697,3.4891,0.78471,0.52358,2.0897,0.3385,0.65134,1.5582,0.51246,0.80271,0.40728,0.93763,1.349,0.8781,0.77624,0.75627,0.5212,1.154,0.86415,0.69087
0.88,0.86204,1.4676,0.57938,0.74264,0.67711,0.40999,0.36212,0.87415,1.2794,0.48307,0.83175,0.60696,0.84251,2.0041,1.6303,1.2682,0.45507,1.0016,0.6723,0.75445,0.88361,3.5227,0.76368,0.49779,2.0242,0.33225,0.65568,1.4998,0.54269,0.78719,0.41511,0.95415,1.2997,0.79481,0.77084,0.77845,0.51769,1.1814,0.86009,0.70899
0.89,0.85103,1.3834,0.57065,0.73918,0.67255,0.40628,0.33774,0.87971,1.1957,0.4834,0.83715,0.61792,0.83912,1.9914,1.6191,1.227,0.456,1.0432,0.66319,0.77975,0.88981,3.5273,0.74235,0.47325,1.9585,0.32531,0.65962,1.4303,0.58224,0.78396,0.41854,0.9572,1.2466,0.75171,0.75335,0.7971,0.51503,1.201,0.85534,0.72702
0.9,0.84187,1.2817,0.55913,0.73364,0.66856,0.40272,0.32724,0.90159,1.112,0.48266,0.84199,0.62582,0.83317,1.9771,1.6058,1.2011,0.45641,1.0787,0.65143,0.80419,0.91782,3.5086,0.72071,0.45049,1.8937,0.31757,0.66314,1.3602,0.62199,0.79969,0.41756,0.94846,1.1939,0.72325,0.72778,0.81219,0.51302,1.2128,0.84946,0.7436
0.91,0.83407,1.2358,0.54537,0.7262,0.66533,0.3993,0.3181,0.92064,1.1049,0.48085,0.84606,0.63463,0.8262,1.9634,1.5905,1.1683,0.45638,1.1062,0.63614,0.82737,0.94882,3.4711,0.69878,0.43065,1.8292,0.30919,0.66622,1.2756,0.65498,0.84216,0.411,0.93028,1.1451,0.69088,0.69812,0.82363,0.51161,1.2167,0.84273,0.75683
0.92,0.82669,1.2003,0.52989,0.71706,0.66294,0.39608,0.30922,0.95299,1.0978,0.47815,0.84964,0.64737,0.82037,1.949,1.573,1.1302,0.45612,1.1251,0.61647,0.84875,0.98389,3.4184,0.6772,0.41425,1.7662,0.30073,0.67726,1.1891,0.67691,0.88733,0.39754,0.90446,1.1033,0.65616,0.66711,0.83135,0.51089,1.213,0.83526,0.77459
0.93,0.81915,1.1547,0.51358,0.70636,0.66135,0.39289,0.30064,0.97849,1.0901,0.47475,0.85246,0.65242,0.81248,1.9338,1.5533,1.0888,0.45542,1.1356,0.59295,0.86779,1.0238,3.3534,0.65985,0.40235,1.7042,0.3065,0.70228,1.1353,0.6858,0.93187,0.37828,0.8722,1.0705,0.62042,0.63681,0.83565,0.51075,1.202,0.82709,0.79479
0.94,0.81107,1.1072,0.49712,0.69446,0.66038,0.38974,0.29236,0.99764,1.0822,0.47088,0.85469,0.64912,0.80279,1.922,1.5317,1.1023,0.45425,1.1379,0.56731,0.88416,1.0674,3.2776,0.64216,0.39322,1.6435,0.32301,0.72098,1.1465,0.68214,0.97152,0.35712,0.83392,1.0474,0.58825,0.60825,0.83656,0.51108,1.1844,0.81841,0.80721
0.95,0.80222,1.0513,0.4811,0.68154,0.66001,0.3865,0.28438,1.0105,1.0744,0.46699,0.91363,0.63725,0.79149,1.9114,1.5079,1.1176,0.45255,1.1326,0.54225,0.89781,1.1123,3.1908,0.62402,0.38608,1.5842,0.33895,0.73316,1.1554,0.6666,1.004,0.33826,0.78906,1.0335,0.60239,0.58149,0.83444,0.51184,1.1882,0.8094,0.81278
0.96,0.79258,0.98501,0.46584,0.66777,0.65984,0.38316,0.27668,1.0169,1.0671,0.46329,0.96733,0.61705,0.77879,1.8987,1.4821,1.1294,0.45026,1.1193,0.52053,0.90904,1.1562,3.0925,0.60548,0.37996,1.5267,0.35395,0.73957,1.1625,0.64198,1.0277,0.32378,0.73775,1.0275,0.61775,0.5554,0.82949,0.51297,1.1929,0.80023,0.81215
0.97,0.7822,0.91161,0.45146,0.6533,0.65987,0.3797,0.26923,1.0173,1.0605,0.45978,1.0134,0.58915,0.76824,1.8841,1.4543,1.1377,0.44738,1.0982,0.5042,0.91819,1.1978,2.9825,0.58661,0.37384,1.4708,0.3677,0.74022,1.169,0.61074,1.0422,0.31354,0.72538,1.0279,0.6308,0.53264,0.82205,0.51445,1.193,0.79118,0.80565
0.98,0.77114,0.84147,0.43804,0.63836,0.65984,0.37614,0.26204,1.0126,1.0548,0.45612,1.0513,0.58392,0.75677,1.8678,1.4248,1.1442,0.4438,1.0707,0.49383,0.92577,1.2362,2.8609,0.5675,0.36723,1.4166,0.38067,0.73447,1.1735,0.57626,1.0457,0.30634,0.71875,1.0322,0.64003,0.52624,0.81247,0.51625,1.1886,0.78256,0.79374
0.99,0.75963,0.77107,0.42554,0.62307,0.65956,0.37248,0.25508,1.0043,1.0501,0.45213,1.081,0.57552,0.74412,1.8498,1.3939,1.1473,0.4395,1.0379,0.48849,0.93237,1.271,2.7289,0.54822,0.36079,1.3642,0.39207,0.72138,1.176,0.54416,1.0388,0.31176,0.71289,1.0389,0.64529,0.52001,0.801,0.51836,1.1802,0.83532,0.77673
1,0.78385,0.70529,0.4138,0.60768,0.65888,0.36874,0.24832,0.99295,1.0468,0.44771,1.1026,0.56138,0.73045,1.83,1.3615,1.1473,0.43449,1.0016,0.4862,0.93837,1.3024,2.5894,0.52885,0.3527,1.3135,0.40238,0.7004,1.227,0.54447,1.0208,0.32004,0.70681,1.0464,0.64664,0.51283,0.78802,0.52084,1.1678,0.88889,0.7562
1.01,0.8209,0.68254,0.4028,0.59217,0.65752,0.3649,0.24176,0.98074,1.0446,0.44287,1.1163,0.54324,0.71587,1.8121,1.3278,1.1442,0.42882,0.96382,0.48458,0.94403,1.3324,2.4464,0.50945,0.34288,1.2648,0.41119,0.67587,1.2724,0.53599,0.99201,0.32563,0.69945,1.0538,0.64483,0.50402,0.77384,0.52373,1.1514,0.9363,0.734
1.02,0.85165,0.66683,0.39264,0.57655,0.65552,0.36097,0.2354,0.96852,1.0435,0.45493,1.122,0.53805,0.70128,1.7973,1.293,1.1392,0.42254,0.92676,0.48172,0.94955,1.3649,2.3036,0.49009,0.33243,1.2177,0.41891,0.68735,1.3028,0.52187,0.95433,0.32638,0.69013,1.0602,0.63992,0.49331,0.75868,0.52702,1.1312,0.9761,0.71249
1.03,0.87596,0.65112,0.38347,0.56073,0.65254,0.35695,0.23244,0.95814,1.0436,0.46852,1.1198,0.53402,0.68815,1.783,1.257,1.1815,0.41571,0.89331,0.47623,0.95489,1.4043,2.1653,0.47083,0.32132,1.1724,0.42517,0.69781,1.3171,0.50505,0.90787,0.32161,0.67823,1.0654,0.63196,0.48082,0.74309,0.5307,1.1075,1.0065,0.69351
1.04,0.89543,0.63573,0.37528,0.54479,0.64871,0.35284,0.2347,0.94988,1.0445,0.47961,1.1098,0.52992,0.67423,1.769,1.2203,1.2592,0.40839,0.86441,0.46766,0.9597,1.4517,2.0352,0.45171,0.3089,1.1286,0.4305,0.70742,1.3129,0.49253,0.85424,0.31333,0.67319,1.0692,0.62085,0.46695,0.72727,0.53467,1.0804,1.0264,0.67769
1.05,0.90835,0.61845,0.36805,0.52866,0.6438,0.34863,0.23724,0.94524,1.0459,0.48823,1.0924,0.52576,0.65964,1.7547,1.1891,1.3352,0.40067,0.83979,0.45585,0.96393,1.5019,1.938,0.43278,0.29543,1.0867,0.43484,0.71674,1.2906,0.51212,0.8213,0.30435,0.67235,1.0716,0.60658,0.45226,0.71152,0.53882,1.0504,1.0355,0.66428
1.06,0.91378,0.60321,0.36188,0.5124,0.63782,0.34433,0.23997,0.94326,1.0477,0.4945,1.0679,0.52142,0.64449,1.7401,1.22,1.4086,0.39259,0.81854,0.44091,0.96708,1.5448,2.026,0.41405,0.28173,1.0463,0.43819,0.72534,1.2519,0.54158,0.83299,0.29666,0.66935,1.0726,0.59465,0.43751,0.69616,0.54301,1.0176,1.0344,0.65207
1.07,0.91206,0.58668,0.35684,0.49606,0.63094,0.33993,0.24277,0.94416,1.0496,0.5009,1.0367,0.51719,0.62894,1.7251,1.2416,1.4787,0.38423,0.81209,0.42302,0.96896,1.5704,2.1222,0.39557,0.26796,1.0074,0.44057,0.73345,1.2011,0.57219,0.84386,0.29071,0.66361,1.0725,0.59009,0.42325,0.68146,0.54718,0.98239,1.023,0.63925
1.08,0.90361,0.57026,0.35796,0.47966,0.62306,0.33544,0.24558,0.94641,1.0514,0.50785,0.99973,0.51283,0.61549,1.7106,1.2982,1.5453,0.37565,0.80843,0.40237,0.9695,1.5743,2.2078,0.37816,0.2536,0.97036,0.44198,0.74139,1.1463,0.60083,0.85412,0.28569,0.65496,1.071,0.58383,0.41022,0.66766,0.55126,0.94501,1.0022,0.62475
1.09,0.88922,0.57332,0.36058,0.46321,0.61432,0.33735,0.24832,0.94896,1.0527,0.51318,0.95739,0.50843,0.63539,1.6959,1.3517,1.6076,0.36695,0.80454,0.3794,0.96851,1.5583,2.2817,0.36919,0.23892,0.93456,0.44278,0.74878,1.137,0.62604,0.86456,0.281,0.64365,1.0684,0.57691,0.39891,0.65494,0.55517,0.90597,0.97276,0.60828
1.1,0.87069,0.58794,0.36281,0.44692,0.60496,0.34915,0.25094,0.95082,1.0534,0.51689,0.9109,0.50409,0.65544,1.6803,1.3926,1.6653,0.35815,0.79893,0.35462,0.9664,1.5298,2.3424,0.3571,0.22424,0.9005,0.44267,0.75564,1.1277,0.64683,0.87498,0.28315,0.63036,1.0644,0.57032,0.38981,0.64347,0.55905,0.8656,0.93589,0.59027
1.11,0.84927,0.60263,0.36462,0.43063,0.59518,0.36057,0.25339,0.95007,1.0531,0.51912,0.86078,0.49968,0.67368,1.6646,1.421,1.7185,0.34929,0.79085,0.32802,0.96312,1.4958,2.3888,0.35874,0.2099,0.8677,0.44173,0.76195,1.1174,0.6634,0.88565,0.28632,0.61578,1.0596,0.56477,0.38294,0.63344,0.56288,0.82406,0.89234,0.57178
1.12,0.82575,0.62513,0.36607,0.41453,0.58518,0.37144,0.25563,0.96046,1.052,0.51992,0.82176,0.49528,0.68911,1.649,1.4373,1.7666,0.34041,0.77942,0.30683,0.95929,1.4605,2.4194,0.3594,0.19628,0.83653,0.44007,0.76742,1.1061,0.67585,0.89555,0.28701,0.60041,1.0619,0.56054,0.37811,0.62489,0.56653,0.78187,0.84317,0.55378
1.13,0.80014,0.64892,0.36728,0.39857,0.57525,0.38175,0.2577,0.99047,1.0499,0.51936,0.81744,0.49095,0.70148,1.6324,1.442,1.815,0.33158,0.76427,0.30462,0.95508,1.4231,2.4336,0.35805,0.18753,0.80672,0.43796,0.77205,1.094,0.68444,0.90419,0.28739,0.58841,1.0621,0.55738,0.37484,0.61781,0.5702,0.75611,0.78907,0.53725
1.14,0.77207,0.66862,0.36828,0.38277,0.56539,0.39146,0.2595,1.0158,1.0465,0.51767,0.81301,0.48658,0.71313,1.6158,1.4359,1.8714,0.32283,0.74628,0.29895,0.95109,1.3804,2.432,0.35483,0.18108,0.77825,0.43534,0.77584,1.0819,0.68909,0.91131,0.29938,0.58003,1.0603,0.55466,0.37251,0.61222,0.5746,0.73366,0.73114,0.52249
1.15,0.74224,0.68516,0.3691,0.36719,0.55559,0.41132,0.26098,1.0361,1.0418,0.51496,0.80849,0.48224,0.72216,1.5992,1.4199,1.9218,0.31422,0.72612,0.29615,0.94764,1.3302,2.4162,0.35013,0.17302,0.75136,0.43226,0.77896,1.0689,0.69291,0.91696,0.31342,0.5714,1.0564,0.55144,0.37014,0.60814,0.59057,0.71058,0.7232,0.50936
1.16,0.7107,0.70311,0.36962,0.36244,0.54587,0.43218,0.26221,1.0516,1.0358,0.51133,0.80388,0.47799,0.72946,1.5814,1.395,1.9659,0.30577,0.70725,0.30607,0.94501,1.273,2.3889,0.34427,0.16343,0.72584,0.42879,0.78153,1.0552,0.69749,0.92169,0.32742,0.563,1.0508,0.54996,0.36699,0.6143,0.61367,0.68698,0.71705,0.4974
1.17,0.67794,0.74494,0.36962,0.37431,0.53797,0.45218,0.26306,1.0622,1.0286,0.50694,0.79916,0.47374,0.73642,1.5645,1.3622,2.0035,0.29753,0.69177,0.31372,0.94342,1.2137,2.3537,0.33757,0.1571,0.70169,0.42498,0.78359,1.041,0.69714,0.92542,0.33966,0.55524,1.0432,0.55901,0.36239,0.62108,0.63631,0.66277,0.70732,0.48577
1.18,0.64465,0.78029,0.37213,0.38456,0.53279,0.47114,0.26357,1.0679,1.0198,0.50194,0.79435,0.46949,0.74268,1.5467,1.3224,2.0349,0.28953,0.67725,0.31901,0.94297,1.194,2.313,0.33037,0.15623,0.67893,0.42081,0.78516,1.0268,0.69267,0.92832,0.34933,0.54844,1.0338,0.56722,0.35586,0.62848,0.65829,0.63829,0.69433,0.47382
1.19,0.61183,0.81075,0.37566,0.3933,0.52733,0.48892,0.26368,1.0688,1.0098,0.49647,0.78945,0.46538,0.74806,1.5286,1.2771,2.0609,0.2818,0.66441,0.32192,0.94363,1.1705,2.269,0.32291,0.15697,0.65755,0.41642,0.78621,1.0284,0.68505,0.93067,0.35626,0.54236,1.0227,0.57484,0.34724,0.63646,0.67934,0.61341,0.67853,0.46109
1.2,0.57956,0.83278,0.37834,0.40064,0.52161,0.50538,0.26341,1.0649,0.99842,0.4907,0.78447,0.46128,0.75269,1.5107,1.2278,2.0804,0.27434,0.65387,0.32253,0.94524,1.1437,2.2238,0.32119,0.16281,0.63756,0.41174,0.78668,1.0787,0.67531,0.93264,0.36082,0.5371,1.01,0.58182,0.33653,0.64485,0.69946,0.62829,0.66033,0.45375
1.21,0.54793,0.84673,0.37963,0.40669,0.51559,0.52041,0.26272,1.0572,0.98561,0.48479,0.7794,0.45718,0.75647,1.4917,1.1818,2.0937,0.26719,0.64531,0.3207,0.94749,1.1138,2.1771,0.32167,0.1684,0.61897,0.40662,0.78656,1.1262,0.66448,0.93425,0.36376,0.53211,0.99563,0.58822,0.32399,0.65689,0.71844,0.6595,0.64017,0.45309
1.22,0.51759,0.85222,0.37942,0.41155,0.50923,0.53396,0.26165,1.0459,0.97162,0.47882,0.77424,0.45321,0.75965,1.4737,1.1341,2.1013,0.26471,0.63851,0.31647,0.95001,1.0814,2.1293,0.32116,0.17341,0.60173,0.40127,0.78584,1.169,0.65348,0.93543,0.36609,0.52729,0.97988,0.59424,0.31008,0.67479,0.73624,0.68624,0.62536,0.4506
1.23,0.48929,0.85584,0.37756,0.4153,0.50246,0.54592,0.26015,1.0327,0.95641,0.4729,0.76899,0.44929,0.7623,1.4546,1.0842,2.1042,0.26232,0.63276,0.30987,0.95241,1.0465,2.0791,0.31977,0.17753,0.58582,0.39571,0.78467,1.2039,0.64312,0.93603,0.36862,0.52228,0.9631,0.59963,0.29538,0.69254,0.75283,0.70854,0.61577,0.44775
1.24,0.46401,0.85896,0.37427,0.41802,0.4953,0.55652,0.25833,1.0193,0.94,0.46711,0.76366,0.44539,0.76249,1.4359,1.0329,2.1018,0.25994,0.62719,0.30115,0.95446,1.0095,2.0261,0.31768,0.18165,0.57123,0.38972,0.78318,1.2297,0.634,0.93589,0.37487,0.5169,0.94573,0.60432,0.28071,0.70996,0.76828,0.72652,0.6059,0.44413
1.25,0.44251,0.85873,0.36953,0.41981,0.48777,0.56581,0.2561,1.0069,0.92285,0.46159,0.75828,0.44155,0.76226,1.4168,0.98133,2.0944,0.25765,0.621,0.29077,0.95563,0.97077,1.9695,0.31506,0.18922,0.55792,0.3838,0.78113,1.2458,0.62714,0.93495,0.3819,0.5112,0.94115,0.60817,0.26678,0.72686,0.78245,0.74037,0.59579,0.43898
1.26,0.42534,0.85492,0.3636,0.42076,0.47992,0.57381,0.25359,0.99677,0.90477,0.45638,0.75282,0.43783,0.75967,1.3975,0.93044,2.083,0.25539,0.61348,0.27939,0.95584,0.93047,1.9095,0.31203,0.19615,0.54586,0.3775,0.77853,1.2518,0.62227,0.93326,0.38968,0.50507,0.95022,0.61118,0.25443,0.74309,0.79534,0.75031,0.58558,0.43231
1.27,0.41379,0.84786,0.35679,0.42094,0.47179,0.58038,0.25076,0.99029,0.88616,0.45149,0.74727,0.43413,0.75611,1.3783,0.88622,2.0679,0.2532,0.60406,0.27161,0.95467,0.8889,1.8464,0.30873,0.202,0.53498,0.37116,0.77547,1.2474,0.61975,0.93102,0.39832,0.49863,0.95405,0.61314,0.24433,0.7585,0.80713,0.7566,0.57523,0.42451
1.28,0.40538,0.83707,0.3493,0.42042,0.46341,0.58551,0.2477,0.98755,0.86695,0.44695,0.74164,0.43046,0.75044,1.3586,0.87611,2.0488,0.25111,0.59237,0.27929,0.95218,0.84632,1.7885,0.30522,0.20641,0.52525,0.36464,0.77229,1.2328,0.61942,0.92847,0.40784,0.49204,0.95297,0.61401,0.23709,0.77298,0.81766,0.75953,0.56476,0.41606
1.29,0.40273,0.82219,0.34108,0.41926,0.45477,0.58907,0.24443,0.98935,0.84735,0.44278,0.73595,0.42691,0.74395,1.3395,0.86594,2.0261,0.24908,0.57827,0.28431,0.94822,0.83905,1.7671,0.3016,0.20964,0.51734,0.35801,0.76865,1.2084,0.62076,0.92538,0.41812,0.48525,0.94704,0.6138,0.24545,0.78641,0.82712,0.75942,0.55424,0.40721
1.3,0.40453,0.80438,0.33325,0.41749,0.44589,0.59127,0.24098,0.99477,0.82734,0.43903,0.7302,0.42342,0.73522,1.3195,0.85568,2.0007,0.24712,0.56181,0.28717,0.94281,0.84844,1.7436,0.29787,0.2115,0.51208,0.35885,0.76462,1.175,0.62376,0.92181,0.42877,0.47843,0.93629,0.61261,0.25252,0.79868,0.83537,0.75662,0.5438,0.398
1.31,0.40957,0.78403,0.3294,0.41512,0.43676,0.59226,0.23743,1.0037,0.8069,0.43565,0.7244,0.41995,0.72621,1.3004,0.84547,1.973,0.24529,0.54327,0.28838,0.93618,0.85348,1.718,0.29401,0.21139,0.50684,0.35971,0.76031,1.1334,0.6275,0.91781,0.43921,0.4714,0.92161,0.61083,0.25826,0.80968,0.84262,0.75147,0.5334,0.39125
1.32,0.41674,0.76177,0.32525,0.41216,0.43122,0.59207,0.2338,1.0148,0.8172,0.43261,0.71858,0.41656,0.71463,1.2806,0.83525,1.9428,0.24353,0.52302,0.28806,0.92836,0.85225,1.6911,0.29001,0.20975,0.50172,0.35941,0.75599,1.0846,0.63152,0.91342,0.44868,0.46411,0.90346,0.61131,0.26285,0.81942,0.84885,0.74435,0.52319,0.38547
1.33,0.42543,0.73706,0.32077,0.4086,0.42713,0.59067,0.23052,1.0275,0.83066,0.4299,0.71276,0.41326,0.7035,1.2613,0.82494,1.9106,0.24185,0.50709,0.28666,0.91969,0.84492,1.6633,0.28586,0.21302,0.49657,0.35801,0.75153,1.0299,0.63537,0.90883,0.45663,0.45644,0.8823,0.60979,0.26622,0.82772,0.85424,0.73562,0.51321,0.37885
1.34,0.43482,0.71311,0.31596,0.40449,0.423,0.58821,0.22798,1.0403,0.84162,0.42748,0.70692,0.41877,0.68974,1.2418,0.81467,1.8766,0.24026,0.49634,0.28515,0.91032,0.8332,1.6347,0.28148,0.2158,0.49141,0.35541,0.74695,0.97058,0.63863,0.90407,0.46276,0.44819,0.85843,0.60646,0.26842,0.83448,0.85888,0.7255,0.50345,0.37127
1.35,0.44439,0.6889,0.31086,0.39988,0.41884,0.58468,0.22445,1.053,0.8505,0.42531,0.70106,0.42266,0.67658,1.2224,0.80441,1.8419,0.23879,0.4839,0.28315,0.90072,0.81931,1.6053,0.27692,0.21776,0.48623,0.35154,0.74225,0.90789,0.64092,0.89906,0.46724,0.43942,0.83681,0.60156,0.26944,0.83971,0.8628,0.71447,0.51208,0.36275
1.36,0.45372,0.66486,0.30542,0.39483,0.41465,0.58008,0.22026,1.0642,0.8572,0.42338,0.69521,0.42469,0.66142,1.2032,0.79405,1.8062,0.23739,0.47015,0.28053,0.89106,0.80506,1.5751,0.27208,0.21861,0.48183,0.34636,0.7374,0.84308,0.64195,0.89386,0.47031,0.42998,0.81639,0.59529,0.27591,0.84338,0.86603,0.70264,0.52956,0.35338
1.37,0.46271,0.64965,0.29971,0.3894,0.41043,0.57446,0.21785,1.0733,0.86208,0.42165,0.68936,0.42495,0.64634,1.1837,0.78378,1.7697,0.23606,0.45562,0.27751,0.88168,0.79126,1.5438,0.26699,0.21908,0.47975,0.34892,0.73241,0.82726,0.64147,0.88852,0.47194,0.42015,0.79401,0.59168,0.28592,0.8454,0.86854,0.69041,0.54426,0.34338
1.38,0.47108,0.6341,0.29365,0.38365,0.40618,0.56775,0.21527,1.0803,0.8652,0.42005,0.68355,0.4235,0.63646,1.1649,0.77347,1.7327,0.23481,0.4407,0.27428,0.87288,0.77776,1.5114,0.2617,0.21884,0.47819,0.35301,0.72749,0.82354,0.63931,0.8831,0.4717,0.40996,0.77027,0.58908,0.29544,0.84586,0.87032,0.67795,0.55619,0.33317
1.39,0.47885,0.62,0.28732,0.3776,0.40188,0.5602,0.21266,1.0849,0.86664,0.41855,0.67777,0.42038,0.63156,1.1457,0.76308,1.6953,0.23367,0.42577,0.27087,0.86491,0.76375,1.4783,0.25629,0.21765,0.47709,0.35593,0.72253,0.81841,0.63538,0.87761,0.46964,0.39987,0.74567,0.58693,0.30419,0.84474,0.87137,0.66927,0.56584,0.32318
1.4,0.4861,0.60592,0.28064,0.37134,0.39754,0.552,0.21168,1.0867,0.8667,0.4171,0.67203,0.41567,0.62417,1.1269,0.75283,1.6579,0.23259,0.41107,0.26738,0.85799,0.76137,1.4452,0.25098,0.21599,0.4764,0.35771,0.71757,0.8121,0.62979,0.87205,0.4708,0.39008,0.7206,0.58532,0.31198,0.84206,0.87175,0.66195,0.57296,0.32723
1.41,0.49305,0.59381,0.27364,0.3649,0.39316,0.54337,0.21218,1.0859,0.86528,0.41569,0.66636,0.40952,0.61601,1.1083,0.74248,1.6205,0.23156,0.39694,0.26408,0.85226,0.77078,1.4363,0.2462,0.21394,0.47606,0.35812,0.7127,0.80479,0.62239,0.86645,0.47128,0.38093,0.69546,0.58424,0.31867,0.83797,0.87158,0.65411,0.57765,0.33513
1.42,0.49978,0.5819,0.26633,0.3583,0.38875,0.53438,0.21249,1.0825,0.86253,0.4143,0.66075,0.40197,0.60663,1.0896,0.73217,1.5833,0.23059,0.38339,0.261,0.84781,0.7758,1.4369,0.24388,0.21112,0.47602,0.35741,0.70799,0.79671,0.61319,0.86091,0.47053,0.37274,0.67061,0.58359,0.32424,0.83251,0.87097,0.64605,0.58003,0.34163
1.43,0.50625,0.57536,0.25868,0.35163,0.38428,0.52496,0.21263,1.0768,0.85869,0.4129,0.65521,0.39311,0.59588,1.0715,0.72191,1.5464,0.22969,0.37048,0.25776,0.84466,0.77621,1.4344,0.25143,0.20791,0.47623,0.35557,0.70338,0.78807,0.60233,0.85554,0.46819,0.36575,0.64654,0.58332,0.32871,0.82581,0.87001,0.63784,0.58028,0.347
1.44,0.5124,0.56957,0.2507,0.34489,0.37976,0.515,0.21262,1.0689,0.8537,0.41147,0.64974,0.39278,0.58535,1.0531,0.7116,1.51,0.22884,0.35818,0.2541,0.84285,0.77225,1.4305,0.25974,0.20448,0.47665,0.35265,0.69874,0.77879,0.59001,0.85037,0.46388,0.36001,0.62344,0.58342,0.33217,0.81806,0.86889,0.62962,0.57856,0.3514
1.45,0.51817,0.56466,0.24665,0.33814,0.37518,0.50454,0.21248,1.0594,0.84767,0.41002,0.64434,0.39308,0.57389,1.0352,0.70141,1.4749,0.22802,0.34645,0.25356,0.84224,0.76432,1.4261,0.26817,0.20073,0.47723,0.34845,0.69391,0.76897,0.57651,0.84531,0.45718,0.3555,0.60151,0.58372,0.33471,0.80932,0.86748,0.62153,0.57507,0.35488
1.46,0.52364,0.56115,0.24793,0.33145,0.37054,0.4938,0.21229,1.0483,0.84077,0.40852,0.63901,0.39341,0.562,1.0176,0.69126,1.4405,0.23263,0.33513,0.25821,0.8427,0.75337,1.4224,0.27498,0.19747,0.47792,0.34301,0.69694,0.75869,0.56209,0.84024,0.44792,0.3521,0.58093,0.58414,0.33644,0.7997,0.86582,0.61364,0.56998,0.3574
1.47,0.52876,0.55802,0.24916,0.32484,0.36583,0.48294,0.212,1.0357,0.83303,0.40696,0.63375,0.39378,0.55049,1.0068,0.68117,1.407,0.23838,0.32406,0.26175,0.84408,0.74065,1.4199,0.28011,0.19427,0.4787,0.3363,0.70362,0.74805,0.54727,0.83508,0.43626,0.34961,0.56184,0.58459,0.33747,0.78936,0.86392,0.60596,0.56348,0.35883
1.48,0.53349,0.55515,0.2504,0.31835,0.36109,0.47188,0.21169,1.0221,0.82447,0.40535,0.62857,0.39414,0.53914,0.99638,0.67118,1.3751,0.24263,0.31314,0.2642,0.8462,0.72797,1.4187,0.2835,0.19063,0.47953,0.32836,0.70997,0.73719,0.53236,0.83582,0.42231,0.34776,0.54428,0.58502,0.33796,0.77838,0.86158,0.59851,0.55575,0.35902
1.49,0.53783,0.5534,0.25156,0.31204,0.35629,0.4605,0.21138,1.008,0.81514,0.40365,0.62346,0.3945,0.52793,0.98612,0.66273,1.3446,0.24528,0.30226,0.26567,0.84887,0.71717,1.4226,0.28509,0.18656,0.48037,0.32237,0.71612,0.72618,0.51769,0.84333,0.40602,0.34624,0.53374,0.58541,0.33806,0.76686,0.85872,0.5913,0.54696,0.35775
1.5,0.54168,0.55164,0.2527,0.30593,0.35141,0.44875,0.21104,0.99312,0.80737,0.4019,0.61842,0.39484,0.517,0.97578,0.66178,1.3153,0.2463,0.29502,0.2662,0.85191,0.70998,1.4416,0.28653,0.18686,0.4812,0.32102,0.72189,0.7152,0.5039,0.85093,0.38749,0.34483,0.52498,0.58574,0.33789,0.75491,0.85537,0.58429,0.53733,0.35483
1.51,0.54493,0.55034,0.25377,0.30006,0.34647,0.43667,0.21077,0.97833,0.82383,0.40007,0.61348,0.39515,0.50636,0.96535,0.65854,1.2881,0.24571,0.30001,0.26582,0.85514,0.70761,1.4613,0.28928,0.1883,0.482,0.31879,0.72729,0.70444,0.49137,0.85833,0.36916,0.3433,0.51715,0.58605,0.33761,0.74268,0.85151,0.57749,0.527,0.35013
1.52,0.5475,0.54919,0.25478,0.29451,0.34149,0.42488,0.21048,0.96331,0.83838,0.39814,0.60862,0.39543,0.49595,0.95546,0.65299,1.2623,0.24352,0.30539,0.26461,0.85837,0.7101,1.4805,0.2915,0.18897,0.48281,0.31582,0.7323,0.69429,0.48052,0.86588,0.35172,0.34142,0.51026,0.58641,0.33731,0.73031,0.84713,0.57086,0.51615,0.3436
1.53,0.54926,0.54865,0.25572,0.28926,0.33646,0.41615,0.21028,0.94887,0.85104,0.39608,0.60385,0.39569,0.48613,0.94549,0.64538,1.2384,0.23986,0.3111,0.26271,0.86144,0.71657,1.4988,0.29319,0.18941,0.48355,0.31206,0.73706,0.68555,0.47179,0.8737,0.33289,0.33909,0.50422,0.58703,0.33709,0.71787,0.84221,0.56432,0.50499,0.33532
1.54,0.55009,0.54831,0.25654,0.28439,0.33136,0.41127,0.21007,0.93466,0.86178,0.39396,0.59916,0.39591,0.47654,0.93544,0.63582,1.2161,0.23478,0.31696,0.26024,0.86423,0.72521,1.515,0.29439,0.18908,0.48419,0.30768,0.74166,0.67751,0.46554,0.88168,0.31423,0.33628,0.49901,0.58802,0.33703,0.70532,0.83684,0.55783,0.49404,0.32569
1.55,0.54997,0.5479,0.25732,0.27993,0.32621,0.408,0.20995,0.92152,0.8706,0.39172,0.59455,0.39616,0.46696,0.92559,0.6246,1.1957,0.22845,0.32291,0.25734,0.86664,0.73367,1.529,0.29514,0.18811,0.48473,0.30272,0.74605,0.66991,0.46202,0.88965,0.30661,0.33291,0.4946,0.58945,0.33717,0.69254,0.8311,0.55135,0.48303,0.32111
1.56,0.54891,0.54792,0.25797,0.27591,0.32101,0.40458,0.20983,0.90921,0.87753,0.3894,0.59002,0.39642,0.45749,0.91597,0.6119,1.1768,0.22102,0.32874,0.25416,0.86862,0.73975,1.54,0.2955,0.18709,0.48519,0.29722,0.75034,0.6624,0.46138,0.89726,0.29791,0.3291,0.49094,0.59137,0.33754,0.67938,0.8251,0.54489,0.47204,0.32301
1.57,0.54698,0.54737,0.2585,0.27236,0.31577,0.40102,0.20978,0.89791,0.88256,0.38703,0.58558,0.39676,0.44854,0.90628,0.59784,1.1599,0.21948,0.33435,0.25084,0.87006,0.74156,1.5482,0.29551,0.18554,0.48556,0.29125,0.75447,0.66249,0.46379,0.90457,0.28841,0.32478,0.48795,0.59638,0.33819,0.66589,0.81896,0.53836,0.46132,0.3244
1.58,0.54417,0.5469,0.25895,0.26931,0.31049,0.39735,0.20974,0.88812,0.8857,0.38468,0.58121,0.39732,0.43931,0.89653,0.58259,1.1444,0.21878,0.33967,0.2476,0.87102,0.73806,1.5536,0.29522,0.18355,0.4858,0.28492,0.75826,0.68957,0.46909,0.91135,0.27831,0.32015,0.48555,0.60109,0.33906,0.65203,0.81271,0.53178,0.45091,0.32525
1.59,0.54048,0.54614,0.25927,0.26678,0.30517,0.39357,0.20971,0.88198,0.88698,0.38246,0.5769,0.39822,0.43056,0.88718,0.57084,1.1308,0.21807,0.34456,0.2446,0.87138,0.72886,1.5566,0.29465,0.18122,0.48589,0.2784,0.76177,0.7139,0.47706,0.91755,0.26775,0.31515,0.48364,0.60549,0.3402,0.63789,0.80637,0.52513,0.44097,0.32553
1.6,0.5359,0.54484,0.25944,0.26478,0.29983,0.3897,0.20972,0.8809,0.88645,0.38049,0.57266,0.39929,0.42181,0.87783,0.56257,1.1186,0.21738,0.34895,0.24209,0.87125,0.71435,1.5576,0.29383,0.17863,0.48591,0.27189,0.76504,0.73518,0.48745,0.92313,0.25689,0.31477,0.4821,0.60962,0.34152,0.6236,0.79991,0.51841,0.43158,0.32524
1.61,0.53052,0.54334,0.25951,0.26333,0.29449,0.38576,0.20974,0.88067,0.88416,0.37886,0.56847,0.40036,0.4133,0.86842,0.55446,1.1077,0.21669,0.3528,0.24024,0.87054,0.6955,1.557,0.2928,0.17588,0.48578,0.26539,0.76806,0.75307,0.49994,0.92807,0.25618,0.31598,0.48084,0.6135,0.34303,0.6092,0.79323,0.51158,0.42282,0.32425
1.62,0.52445,0.54192,0.25946,0.26244,0.28913,0.38182,0.20975,0.88152,0.88021,0.37737,0.56434,0.4014,0.40516,0.85906,0.5465,1.0984,0.216,0.35603,0.23924,0.86939,0.67358,1.5553,0.29156,0.17334,0.4855,0.2591,0.77083,0.76795,0.51415,0.93234,0.25574,0.31659,0.47983,0.61717,0.3447,0.59485,0.78626,0.50468,0.41475,0.32249
1.63,0.51794,0.5401,0.25926,0.26208,0.28379,0.37805,0.20977,0.88319,0.87467,0.37582,0.56027,0.40237,0.39705,0.85003,0.53875,1.101,0.21531,0.35872,0.23919,0.86776,0.65,1.553,0.29014,0.1708,0.48513,0.25306,0.77332,0.77927,0.52968,0.93602,0.25498,0.32118,0.47894,0.62071,0.34648,0.58445,0.77899,0.49777,0.40741,0.31997
1.64,0.51092,0.53796,0.25894,0.26226,0.27848,0.37458,0.20987,0.88615,0.86763,0.37417,0.55624,0.40326,0.3895,0.84095,0.53125,1.1139,0.21463,0.36256,0.24017,0.86571,0.62936,1.5502,0.28856,0.16829,0.48461,0.24739,0.77551,0.78716,0.5461,0.93917,0.25384,0.3255,0.47816,0.62425,0.34828,0.57381,0.77151,0.49094,0.40084,0.31677
1.65,0.50333,0.53562,0.25848,0.26296,0.2732,0.37125,0.21056,0.88986,0.85918,0.37234,0.55226,0.40409,0.38192,0.83182,0.52407,1.1263,0.21399,0.37273,0.24216,0.86334,0.63661,1.5472,0.28682,0.16586,0.48393,0.24311,0.77738,0.79181,0.56328,0.94172,0.25233,0.32859,0.47741,0.62779,0.35005,0.56303,0.76376,0.48432,0.39505,0.31459
1.66,0.49527,0.53336,0.25791,0.26414,0.26932,0.36801,0.21187,0.89479,0.8495,0.3703,0.54833,0.40488,0.37468,0.82283,0.51721,1.138,0.21335,0.38279,0.24512,0.86063,0.64249,1.5439,0.28494,0.16356,0.48318,0.23982,0.77894,0.79346,0.58055,0.94371,0.25045,0.33053,0.4767,0.63129,0.3517,0.55213,0.75574,0.47795,0.39006,0.31689
1.67,0.48682,0.53145,0.25722,0.26577,0.26742,0.36483,0.21325,0.90027,0.83862,0.36806,0.54445,0.40564,0.36771,0.81406,0.51064,1.149,0.21272,0.39252,0.24889,0.8577,0.64699,1.5403,0.28294,0.16143,0.48526,0.23662,0.78017,0.79216,0.59798,0.94518,0.24828,0.33145,0.47599,0.63473,0.35321,0.54127,0.74755,0.47174,0.38585,0.31868
1.68,0.478,0.52958,0.25643,0.26784,0.26544,0.36168,0.21462,0.90677,0.82656,0.3656,0.54063,0.4064,0.36068,0.80525,0.50427,1.1593,0.21211,0.40179,0.25333,0.85455,0.65014,1.5362,0.28084,0.1595,0.49151,0.23345,0.78111,0.78813,0.61504,0.94617,0.24587,0.33152,0.47527,0.63801,0.35454,0.53043,0.73917,0.4656,0.38238,0.32002
1.69,0.46893,0.52783,0.25555,0.27028,0.2634,0.3585,0.21647,0.91347,0.81346,0.36293,0.53686,0.40721,0.35419,0.7964,0.49814,1.1689,0.21271,0.41048,0.25824,0.85124,0.65192,1.5315,0.27866,0.1578,0.49687,0.23027,0.78174,0.7817,0.63153,0.94671,0.24332,0.33103,0.48219,0.64103,0.3557,0.51969,0.73062,0.45938,0.37962,0.32102
1.7,0.45971,0.5263,0.25458,0.27308,0.26131,0.35529,0.21887,0.92087,0.7992,0.36021,0.53314,0.40808,0.34789,0.78772,0.49219,1.178,0.21369,0.41852,0.26341,0.84781,0.65236,1.5257,0.27641,0.15634,0.5013,0.22782,0.78207,0.77315,0.64728,0.94679,0.24077,0.33019,0.49033,0.64374,0.35672,0.50912,0.72194,0.45304,0.37756,0.32178
1.71,0.45042,0.52505,0.25356,0.27618,0.25915,0.35199,0.22129,0.92814,0.78384,0.36381,0.52949,0.40899,0.34164,0.77921,0.48647,1.1862,0.21438,0.42578,0.26867,0.84428,0.65154,1.5187,0.27414,0.15512,0.5048,0.22754,0.78207,0.7634,0.66224,0.94644,0.23837,0.32925,0.4987,0.64609,0.35763,0.49873,0.71324,0.44654,0.3761,0.32237
1.72,0.44092,0.52416,0.25253,0.27955,0.25697,0.34857,0.2237,0.93549,0.76777,0.36681,0.52591,0.40988,0.33561,0.77066,0.48099,1.1971,0.21483,0.43227,0.27381,0.84068,0.64952,1.5102,0.27181,0.15415,0.5074,0.22769,0.78179,0.7532,0.67615,0.94582,0.23625,0.32856,0.50706,0.64805,0.35841,0.48856,0.70466,0.43982,0.37519,0.32277
1.73,0.43121,0.52366,0.25152,0.28316,0.25472,0.34504,0.2261,0.94254,0.75166,0.36914,0.52243,0.41073,0.33012,0.76209,0.47576,1.2074,0.21511,0.43791,0.27869,0.83708,0.64643,1.4999,0.26949,0.15342,0.50917,0.22841,0.7813,0.74227,0.68888,0.94479,0.23453,0.32789,0.51526,0.64963,0.35902,0.47864,0.6963,0.43287,0.3748,0.32299
1.74,0.4212,0.52358,0.25065,0.28696,0.25243,0.34142,0.22847,0.9489,0.73619,0.37078,0.51902,0.41152,0.32474,0.7537,0.47091,1.2172,0.2153,0.44269,0.28318,0.83346,0.64236,1.4878,0.26716,0.15291,0.51004,0.23078,0.78048,0.73049,0.70034,0.94336,0.23335,0.32688,0.52314,0.65078,0.35954,0.469,0.68824,0.42567,0.37485,0.32298
1.75,0.41104,0.52394,0.25003,0.29094,0.25011,0.33771,0.23082,0.95494,0.72206,0.37172,0.51569,0.41223,0.31951,0.74545,0.4667,1.2262,0.21548,0.44657,0.28716,0.82983,0.6375,1.4739,0.26483,0.1526,0.51015,0.23393,0.77931,0.71776,0.71046,0.94158,0.23283,0.32553,0.53051,0.65145,0.36047,0.45971,0.68032,0.41823,0.37528,0.32276
1.76,0.4006,0.52475,0.24979,0.29505,0.24773,0.33398,0.23311,0.95996,0.70942,0.37191,0.5125,0.41286,0.31443,0.73718,0.4632,1.2346,0.21577,0.44957,0.29053,0.82628,0.63196,1.4581,0.26249,0.15248,0.50939,0.23776,0.7778,0.70421,0.71919,0.93951,0.23306,0.32397,0.53723,0.65161,0.36216,0.45075,0.67239,0.41055,0.37601,0.3223
1.77,0.38998,0.5263,0.24981,0.29927,0.24536,0.33029,0.23536,0.96391,0.69732,0.37132,0.50941,0.41341,0.30985,0.72889,0.46362,1.2422,0.21626,0.45169,0.2932,0.82276,0.62595,1.4406,0.26017,0.15253,0.50786,0.24216,0.77619,0.69013,0.72812,0.9372,0.23411,0.32229,0.54319,0.6513,0.36378,0.44214,0.66433,0.40263,0.37745,0.32162
1.78,0.37919,0.52822,0.2498,0.30356,0.24293,0.32665,0.23756,0.96693,0.68555,0.36998,0.50647,0.41388,0.3055,0.72077,0.47147,1.2489,0.21706,0.45858,0.29511,0.81928,0.61963,1.4377,0.25785,0.15281,0.50551,0.24702,0.77429,0.67587,0.73873,0.93469,0.23597,0.32056,0.54832,0.65046,0.36526,0.43389,0.65617,0.40128,0.37981,0.32071
1.79,0.36847,0.53047,0.24972,0.30793,0.24049,0.32304,0.2397,0.96886,0.67426,0.36794,0.5037,0.41428,0.30131,0.71278,0.48018,1.2549,0.2182,0.47352,0.29627,0.81585,0.6132,1.4365,0.25556,0.15327,0.50244,0.25225,0.77657,0.66222,0.74805,0.932,0.23863,0.31883,0.55249,0.64909,0.3666,0.42603,0.64786,0.39976,0.3824,0.3196
1.8,0.35781,0.53298,0.24955,0.31231,0.23802,0.31945,0.24177,0.96958,0.66834,0.36534,0.50113,0.4146,0.29729,0.70478,0.48912,1.2599,0.21962,0.48716,0.29664,0.81247,0.60687,1.4339,0.25327,0.15381,0.49862,0.25775,0.78493,0.64921,0.75606,0.92917,0.24198,0.31716,0.55571,0.64724,0.36801,0.4185,0.63948,0.39803,0.38518,0.31829
1.81,0.34706,0.53569,0.24933,0.31673,0.23555,0.31585,0.24378,0.96906,0.66855,0.36228,0.4988,0.41485,0.29343,0.69677,0.49818,1.264,0.2212,0.4994,0.29608,0.80916,0.62414,1.4302,0.25098,0.15441,0.49419,0.26344,0.7932,0.6358,0.76278,0.92685,0.2459,0.31558,0.55795,0.64878,0.36984,0.41134,0.63098,0.39612,0.3881,0.31679
1.82,0.33616,0.53851,0.24902,0.32115,0.23304,0.31219,0.24572,0.9673,0.66859,0.35877,0.49671,0.41504,0.28987,0.68896,0.50736,1.2672,0.22291,0.5102,0.29443,0.80589,0.64825,1.4254,0.24866,0.15505,0.48907,0.26923,0.80118,0.62234,0.76825,0.94154,0.25027,0.31407,0.55934,0.65046,0.37156,0.4045,0.62236,0.39402,0.39112,0.31512
1.83,0.32513,0.54137,0.24865,0.32555,0.23055,0.30849,0.24759,0.96431,0.66846,0.35483,0.49481,0.41518,0.28662,0.68124,0.51667,1.2693,0.22473,0.51951,0.29241,0.80266,0.6709,1.4194,0.2463,0.1557,0.48332,0.27511,0.80905,0.61655,0.77252,0.95609,0.25491,0.3126,0.55993,0.65193,0.37306,0.39798,0.61369,0.39174,0.39416,0.31331
1.84,0.314,0.54417,0.24822,0.32992,0.22801,0.30539,0.24938,0.96012,0.66817,0.35046,0.49306,0.41527,0.28352,0.67351,0.52601,1.2706,0.22755,0.52731,0.2908,0.79946,0.69193,1.4125,0.24391,0.15631,0.47698,0.28096,0.81668,0.60903,0.77563,0.97016,0.25966,0.31116,0.56487,0.65313,0.37435,0.39173,0.60496,0.3893,0.39724,0.31136
1.85,0.30287,0.54684,0.24772,0.33427,0.2255,0.30441,0.2511,0.95475,0.66771,0.34573,0.49143,0.41532,0.28055,0.66579,0.53525,1.271,0.23502,0.53359,0.28877,0.79627,0.71116,1.4047,0.24152,0.15688,0.47005,0.28676,0.82394,0.60007,0.77764,0.98371,0.26432,0.3097,0.56907,0.65408,0.37543,0.38576,0.59618,0.38669,0.40027,0.30927
1.86,0.29178,0.54928,0.24717,0.33856,0.22296,0.30341,0.25273,0.94828,0.66706,0.34075,0.4899,0.41533,0.2777,0.65831,0.54429,1.2703,0.24213,0.53838,0.2867,0.79307,0.72849,1.396,0.23912,0.15737,0.46258,0.29245,0.8308,0.58981,0.77858,0.99661,0.26877,0.30822,0.5725,0.65476,0.37631,0.38,0.58735,0.38394,0.40328,0.30703
1.87,0.28079,0.55147,0.24654,0.3428,0.22044,0.30236,0.25429,0.94077,0.66623,0.33554,0.48847,0.41537,0.27497,0.65086,0.55311,1.2686,0.24885,0.54169,0.28449,0.78987,0.74382,1.3865,0.23676,0.15776,0.45464,0.29798,0.83723,0.5781,0.7785,1.0088,0.27287,0.3067,0.57512,0.65521,0.37702,0.37445,0.57853,0.38104,0.40619,0.30463
1.88,0.27025,0.5539,0.24585,0.34697,0.21791,0.30128,0.25575,0.93229,0.66521,0.33012,0.4871,0.41541,0.27245,0.64341,0.56164,1.2659,0.25522,0.5436,0.28135,0.78664,0.75711,1.3762,0.23443,0.15802,0.44624,0.30333,0.84315,0.56536,0.77743,1.0202,0.2766,0.30516,0.57686,0.65538,0.37757,0.36905,0.56974,0.378,0.40901,0.30208
1.89,0.26051,0.55592,0.24513,0.35107,0.21538,0.30015,0.25714,0.92294,0.66407,0.32442,0.48581,0.4155,0.27019,0.63603,0.56994,1.2621,0.26122,0.54419,0.27715,0.78338,0.76834,1.3651,0.23219,0.15839,0.43856,0.30846,0.84859,0.55156,0.77545,1.031,0.27993,0.30359,0.57781,0.65535,0.37798,0.36378,0.56096,0.37483,0.41173,0.29941
1.9,0.25104,0.55746,0.24437,0.35508,0.21286,0.29899,0.25843,0.91285,0.66275,0.31841,0.48457,0.41568,0.26859,0.62885,0.57795,1.2574,0.26686,0.54349,0.27196,0.7801,0.77753,1.3532,0.23004,0.15863,0.43703,0.31334,0.85355,0.53666,0.77262,1.044,0.28266,0.30199,0.57801,0.65507,0.37826,0.35862,0.55222,0.37153,0.4143,0.29661
1.91,0.24372,0.55849,0.24357,0.35899,0.21032,0.29778,0.25965,0.9021,0.66127,0.31422,0.4834,0.41592,0.2671,0.62167,0.58569,1.2517,0.27217,0.54155,0.26589,0.77677,0.78473,1.3405,0.22799,0.15868,0.43532,0.31794,0.86279,0.52119,0.76901,1.0621,0.28469,0.3004,0.57753,0.65459,0.37846,0.35352,0.54358,0.36812,0.41674,0.29373
1.92,0.2397,0.55897,0.24274,0.36281,0.20782,0.29653,0.26077,0.89083,0.65964,0.31246,0.48225,0.41619,0.26577,0.61449,0.59317,1.2449,0.27715,0.53847,0.25905,0.77338,0.79004,1.3271,0.22609,0.15854,0.43343,0.32225,0.87521,0.50483,0.76469,1.0791,0.28604,0.29883,0.58111,0.65387,0.3786,0.34849,0.53497,0.36459,0.41902,0.2908
1.93,0.23543,0.55887,0.24186,0.36653,0.20532,0.29524,0.26181,0.87912,0.65786,0.31063,0.48115,0.41649,0.2645,0.60749,0.60035,1.237,0.28184,0.53434,0.25151,0.76993,0.79356,1.313,0.22433,0.15817,0.4314,0.32625,0.88708,0.4879,0.75977,1.0951,0.28673,0.29731,0.58928,0.65295,0.37873,0.34349,0.52641,0.36095,0.42114,0.28783
1.94,0.23093,0.55817,0.24092,0.37013,0.20281,0.29391,0.26277,0.86708,0.65597,0.30874,0.48006,0.4168,0.26309,0.60057,0.60729,1.2282,0.28625,0.52928,0.24337,0.76644,0.79546,1.2981,0.22277,0.15756,0.42924,0.32993,0.89829,0.47047,0.75423,1.1101,0.28689,0.29586,0.597,0.6518,0.37886,0.33848,0.5179,0.35722,0.42311,0.2848
1.95,0.22627,0.55721,0.23995,0.37362,0.20034,0.29253,0.26364,0.8548,0.65395,0.30677,0.47898,0.41709,0.2617,0.59366,0.61396,1.2185,0.2904,0.52335,0.23473,0.76291,0.79577,1.2826,0.22139,0.15878,0.42702,0.33329,0.90885,0.45256,0.74812,1.1243,0.28651,0.29453,0.60422,0.65047,0.37895,0.33345,0.50945,0.35339,0.42491,0.28167
1.96,0.22151,0.55607,0.23893,0.37699,0.20328,0.29111,0.26443,0.84238,0.65178,0.30475,0.47789,0.41739,0.26047,0.58678,0.62034,1.2081,0.29429,0.51668,0.22573,0.75933,0.79459,1.2665,0.22022,0.16012,0.42479,0.33634,0.91875,0.43439,0.74146,1.1375,0.2854,0.29332,0.61094,0.64891,0.37891,0.32835,0.50107,0.34946,0.42654,0.27847
1.97,0.21663,0.55433,0.23785,0.38023,0.2062,0.28964,0.26514,0.8299,0.64949,0.30271,0.47679,0.41768,0.25909,0.5801,0.62649,1.1967,0.29791,0.50942,0.22471,0.75573,0.79205,1.2498,0.21927,0.1613,0.42264,0.33906,0.92815,0.41594,0.7343,1.15,0.28361,0.29224,0.61722,0.64719,0.37872,0.32318,0.49275,0.34545,0.42801,0.2752
1.98,0.21164,0.55201,0.23673,0.38334,0.20894,0.28813,0.26577,0.81744,0.64705,0.30064,0.47568,0.41797,0.25853,0.57344,0.63237,1.1844,0.30127,0.50161,0.2272,0.75208,0.78823,1.2326,0.21855,0.16369,0.42066,0.34144,0.93691,0.40228,0.72667,1.1617,0.28116,0.29129,0.62307,0.64523,0.37837,0.31792,0.48452,0.34135,0.4293,0.27185
1.99,0.2066,0.54914,0.23557,0.38633,0.21152,0.28658,0.26634,0.8051,0.64452,0.29854,0.47455,0.41825,0.25872,0.56679,0.63796,1.1712,0.30434,0.49342,0.2291,0.74844,0.78327,1.2149,0.21805,0.16609,0.41892,0.34346,0.94506,0.39667,0.71859,1.1726,0.278,0.29048,0.62852,0.64313,0.37782,0.31258,0.47637,0.33718,0.43042,0.26846
2,0.20151,0.54575,0.23943,0.38918,0.21395,0.28497,0.26686,0.79294,0.64189,0.29642,0.47637,0.41853,0.25893,0.56025,0.64327,1.1574,0.30713,0.48489,0.2304,0.74475,0.77727,1.1969,0.21779,0.16852,0.41741,0.34511,0.9526,0.39111,0.71014,1.1828,0.27417,0.2898,0.63358,0.64078,0.37704,0.30714,0.4683,0.33294,0.43137,0.26503
2.01,0.19644,0.5421,0.24408,0.39189,0.21625,0.28331,0.26732,0.78109,0.63914,0.29426,0.47804,0.4188,0.25892,0.55383,0.6483,1.1429,0.30962,0.47615,0.23113,0.74109,0.77034,1.1784,0.21774,0.17083,0.41606,0.34637,0.95955,0.38546,0.70138,1.1923,0.26983,0.28925,0.63831,0.63826,0.37605,0.30249,0.46035,0.32863,0.43216,0.26159
2.02,0.19138,0.53846,0.24853,0.39447,0.21843,0.28161,0.26775,0.76963,0.63627,0.29206,0.47961,0.41907,0.25901,0.54742,0.65305,1.1277,0.31181,0.46731,0.2313,0.73742,0.7626,1.1597,0.21792,0.17298,0.41482,0.34723,0.96594,0.37991,0.69228,1.2013,0.26507,0.28882,0.64272,0.63554,0.37486,0.2996,0.4525,0.32427,0.43279,0.25815
2.03,0.18641,0.53438,0.25279,0.39692,0.22049,0.27987,0.26818,0.75855,0.6333,0.28981,0.48109,0.41931,0.25878,0.54102,0.65751,1.1119,0.3137,0.4584,0.23094,0.73376,0.75416,1.1407,0.2183,0.17496,0.41365,0.3477,0.97179,0.37423,0.68287,1.2098,0.25997,0.2887,0.64684,0.63264,0.37347,0.29662,0.44476,0.31985,0.43326,0.25471
2.04,0.18154,0.52991,0.25684,0.39923,0.22243,0.27809,0.26871,0.74791,0.63024,0.28751,0.48246,0.41953,0.25872,0.5348,0.66167,1.0955,0.3153,0.44947,0.23005,0.73044,0.74516,1.1215,0.21887,0.17699,0.41257,0.34777,0.9772,0.36858,0.67317,1.2176,0.25469,0.28872,0.65063,0.62957,0.37191,0.29355,0.43712,0.3154,0.43357,0.2513
2.05,0.1768,0.52515,0.26072,0.40142,0.22425,0.27627,0.26958,0.73776,0.62711,0.28516,0.48375,0.41973,0.25831,0.52863,0.66554,1.0787,0.31664,0.44061,0.22864,0.73563,0.73565,1.1022,0.21962,0.17891,0.41158,0.34743,0.98213,0.36293,0.6633,1.2249,0.2493,0.28882,0.65415,0.62632,0.3702,0.29036,0.42963,0.3109,0.43373,0.24791
2.06,0.17221,0.52064,0.2644,0.40347,0.22595,0.27442,0.27056,0.72821,0.62388,0.28276,0.48496,0.41989,0.25804,0.52247,0.6691,1.0613,0.31771,0.43201,0.22672,0.74051,0.72579,1.0826,0.22053,0.18095,0.41068,0.34669,0.98658,0.35717,0.65332,1.2316,0.24379,0.28899,0.65739,0.62291,0.36833,0.28705,0.42228,0.30639,0.43374,0.24456
2.07,0.16784,0.51584,0.2679,0.40539,0.22753,0.27254,0.27156,0.71929,0.62055,0.28029,0.4861,0.42001,0.25747,0.51636,0.67237,1.0434,0.31856,0.42364,0.22431,0.74503,0.71561,1.063,0.22157,0.1829,0.40984,0.34557,0.99058,0.35147,0.64316,1.2378,0.24251,0.28922,0.66038,0.61931,0.36638,0.28359,0.41506,0.30185,0.4336,0.24125
2.08,0.16368,0.51114,0.27122,0.40718,0.22899,0.27062,0.27254,0.71094,0.61714,0.2778,0.4872,0.42009,0.25697,0.51042,0.67533,1.025,0.31917,0.41549,0.2214,0.74919,0.7052,1.0431,0.22272,0.18487,0.40903,0.34405,0.99416,0.34577,0.63287,1.2434,0.24142,0.28956,0.66311,0.61558,0.36447,0.28,0.40799,0.2973,0.43332,0.23797
2.09,0.16378,0.50643,0.27437,0.40883,0.23035,0.26867,0.27348,0.70317,0.61363,0.27524,0.48825,0.42011,0.25625,0.50449,0.678,1.015,0.31957,0.40751,0.21806,0.75299,0.69463,1.0232,0.22398,0.18671,0.40822,0.34217,0.99733,0.33998,0.62268,1.2485,0.2398,0.29001,0.66559,0.6117,0.36263,0.27626,0.40108,0.29273,0.4329,0.23474
2.1,0.16478,0.50178,0.27733,0.41035,0.23162,0.26671,0.27439,0.69606,0.61006,0.27263,0.48929,0.42008,0.2555,0.49858,0.68039,1.0051,0.31977,0.39969,0.21429,0.75643,0.68397,1.003,0.2253,0.18851,0.40739,0.33993,1.0001,0.33419,0.6124,1.253,0.23766,0.29058,0.66782,0.60913,0.36085,0.27236,0.39432,0.28816,0.43236,0.23154
2.11,0.16564,0.49723,0.28013,0.41174,0.2328,0.26472,0.27524,0.6896,0.60642,0.26999,0.49033,0.42,0.25462,0.49276,0.6825,0.99472,0.31977,0.39199,0.21012,0.75955,0.67326,0.98278,0.22667,0.19023,0.40651,0.33736,1.0025,0.32848,0.60212,1.2569,0.23508,0.29131,0.66982,0.60666,0.35904,0.27238,0.3877,0.2836,0.43168,0.22837
2.12,0.16637,0.49252,0.28274,0.41301,0.2339,0.26271,0.27603,0.6837,0.60269,0.2673,0.49138,0.41987,0.25363,0.48706,0.68433,0.98393,0.31959,0.38442,0.2056,0.76234,0.66254,0.96229,0.22806,0.19193,0.4056,0.33446,1.0046,0.3227,0.59197,1.2604,0.23211,0.29221,0.67158,0.60407,0.3573,0.2737,0.38126,0.27904,0.43087,0.22523
2.13,0.16698,0.48789,0.2852,0.41415,0.23494,0.26068,0.27677,0.67834,0.59888,0.26457,0.49247,0.41968,0.25256,0.48137,0.68589,0.97273,0.31922,0.37698,0.20617,0.76478,0.65183,0.94165,0.22946,0.19566,0.40462,0.33126,1.0062,0.31687,0.58177,1.2634,0.22884,0.29331,0.67315,0.60136,0.35585,0.27495,0.37497,0.27448,0.42993,0.22213
2.14,0.16748,0.48343,0.28748,0.41516,0.2359,0.25865,0.27744,0.67358,0.595,0.2618,0.49359,0.41944,0.25133,0.4757,0.68718,0.96114,0.31864,0.36969,0.20894,0.76692,0.6412,0.92073,0.23084,0.1992,0.40356,0.32778,1.0075,0.31112,0.57184,1.2662,0.22533,0.29464,0.67448,0.59855,0.35455,0.2761,0.36884,0.26995,0.42887,0.21906
2.15,0.16786,0.47887,0.28961,0.41604,0.23679,0.25661,0.27805,0.66935,0.59106,0.25898,0.49471,0.41914,0.25002,0.47016,0.68821,0.94918,0.31785,0.36254,0.21724,0.76874,0.63063,0.89961,0.23219,0.20251,0.40246,0.32404,1.0084,0.30539,0.56191,1.2685,0.22165,0.29784,0.67563,0.59567,0.35323,0.27713,0.36288,0.26544,0.42769,0.21605
2.16,0.16811,0.47424,0.29157,0.41679,0.23762,0.25454,0.27859,0.66555,0.58707,0.25614,0.49581,0.41879,0.24854,0.46469,0.689,0.93687,0.31683,0.35886,0.22525,0.77024,0.62017,0.8782,0.23347,0.20572,0.40129,0.32004,1.0091,0.29962,0.55223,1.2705,0.21786,0.30131,0.67657,0.5927,0.35179,0.27807,0.35707,0.26096,0.4264,0.21314
2.17,0.16824,0.4696,0.29338,0.41742,0.2384,0.25247,0.27907,0.66214,0.58301,0.25325,0.49684,0.41839,0.24696,0.45924,0.68954,0.92421,0.31559,0.3561,0.23294,0.77144,0.60979,0.85652,0.23469,0.2086,0.40006,0.31582,1.012,0.29382,0.54269,1.2721,0.21401,0.30464,0.67736,0.58965,0.35022,0.27887,0.35144,0.2565,0.42499,0.21036
2.18,0.16825,0.46531,0.29503,0.41793,0.23911,0.2504,0.27948,0.65913,0.57888,0.25033,0.49779,0.41795,0.24525,0.45381,0.68984,0.91122,0.31414,0.35342,0.2403,0.77236,0.59952,0.83462,0.23583,0.21126,0.3988,0.31138,1.0154,0.28811,0.53336,1.2733,0.21017,0.30773,0.67795,0.58653,0.34882,0.27952,0.34597,0.25207,0.42347,0.20768
2.19,0.16819,0.46099,0.29652,0.41831,0.23976,0.24832,0.27984,0.65645,0.57469,0.24739,0.49863,0.41745,0.24337,0.44854,0.68991,0.89802,0.31248,0.35083,0.2473,0.77304,0.58933,0.81245,0.23686,0.21379,0.39749,0.30677,1.0182,0.28243,0.52426,1.274,0.20839,0.31052,0.6784,0.58335,0.34763,0.28006,0.34067,0.24768,0.42184,0.20507
2.2,0.16803,0.45664,0.29785,0.41857,0.24033,0.24623,0.28013,0.654,0.57044,0.24441,0.49938,0.41691,0.24143,0.4433,0.68977,0.88454,0.31064,0.34832,0.25393,0.7735,0.57925,0.79006,0.23778,0.21596,0.39613,0.30197,1.0204,0.27673,0.51536,1.2743,0.20747,0.31283,0.67863,0.58013,0.34642,0.28044,0.33552,0.24333,0.42009,0.20251
2.21,0.16777,0.45229,0.29903,0.41872,0.24083,0.24414,0.28035,0.65172,0.56614,0.24142,0.49999,0.41631,0.23923,0.43808,0.68944,0.87076,0.30862,0.34591,0.26017,0.77373,0.56923,0.76751,0.23858,0.21792,0.39474,0.297,1.0222,0.27114,0.50673,1.2742,0.20659,0.31449,0.67869,0.57686,0.345,0.28067,0.33056,0.23901,0.41826,0.19998
2.22,0.16741,0.44795,0.30004,0.41875,0.24126,0.24204,0.28051,0.64962,0.56178,0.23839,0.50047,0.41566,0.23786,0.43291,0.68892,0.85667,0.30645,0.34357,0.26596,0.77374,0.55928,0.74486,0.23924,0.21975,0.39331,0.29188,1.0235,0.26728,0.49831,1.2737,0.20554,0.31703,0.67856,0.57355,0.3433,0.2816,0.32575,0.23473,0.41632,0.19744
2.23,0.16698,0.44374,0.30088,0.41866,0.24161,0.23993,0.28061,0.64764,0.55735,0.23536,0.50085,0.41496,0.23722,0.42787,0.68819,0.84232,0.30415,0.34131,0.2713,0.77352,0.54937,0.73047,0.23977,0.22121,0.39181,0.28662,1.0243,0.26346,0.49016,1.2728,0.20586,0.32123,0.67825,0.5702,0.34126,0.28359,0.3211,0.2305,0.41428,0.19489
2.24,0.16649,0.43979,0.30156,0.41846,0.24188,0.23782,0.28064,0.64567,0.55286,0.23231,0.50108,0.41421,0.23652,0.42285,0.68729,0.82792,0.30173,0.33913,0.27624,0.77307,0.53949,0.71642,0.24016,0.22255,0.39028,0.28122,1.0245,0.25966,0.48224,1.2724,0.20628,0.32567,0.67776,0.56682,0.33893,0.28527,0.31663,0.22632,0.41214,0.19232
2.25,0.16593,0.43585,0.30207,0.41815,0.24208,0.23572,0.28063,0.64365,0.54834,0.22923,0.50117,0.41342,0.23579,0.41785,0.68619,0.81324,0.2992,0.337,0.28131,0.77239,0.52963,0.70199,0.2404,0.22367,0.38866,0.27571,1.0244,0.25589,0.47457,1.274,0.20672,0.33033,0.67707,0.5634,0.33629,0.28662,0.31231,0.22217,0.4099,0.18972
2.26,0.1653,0.43193,0.30244,0.41774,0.24221,0.2336,0.28055,0.6416,0.54375,0.22616,0.50111,0.41258,0.23501,0.41296,0.68493,0.7983,0.29656,0.33497,0.28626,0.77148,0.51977,0.68721,0.2405,0.22444,0.38699,0.2701,1.0238,0.25221,0.46715,1.275,0.20723,0.33516,0.6762,0.55996,0.33341,0.28764,0.30815,0.21807,0.40758,0.18709
2.27,0.16461,0.42805,0.30264,0.41722,0.24226,0.23148,0.28042,0.63949,0.53911,0.22307,0.50095,0.41564,0.23418,0.40813,0.6835,0.78336,0.29379,0.33298,0.29094,0.77033,0.50992,0.67217,0.24045,0.22517,0.38523,0.26442,1.0226,0.24856,0.45997,1.2753,0.20777,0.34012,0.67511,0.55649,0.33032,0.28869,0.30415,0.21401,0.40517,0.18443
2.28,0.16389,0.4242,0.30269,0.41659,0.24225,0.22936,0.28023,0.6372,0.53441,0.21997,0.50065,0.42145,0.23333,0.40333,0.68194,0.76824,0.2909,0.33107,0.29539,0.76895,0.50004,0.65689,0.24024,0.22561,0.38338,0.25868,1.021,0.24493,0.45305,1.2753,0.20882,0.34518,0.67385,0.55299,0.32702,0.29411,0.30031,0.21001,0.40267,0.18175
2.29,0.16313,0.42039,0.30258,0.41587,0.24218,0.22723,0.27998,0.63468,0.5297,0.21688,0.50021,0.42694,0.23242,0.39857,0.68022,0.7529,0.28787,0.32922,0.29967,0.76733,0.49013,0.64144,0.23989,0.22571,0.38143,0.25291,1.0188,0.24135,0.44636,1.2746,0.21151,0.3503,0.67236,0.54947,0.3235,0.29904,0.29662,0.20605,0.40009,0.17906
2.3,0.16231,0.41663,0.30233,0.41504,0.24207,0.22511,0.27969,0.63433,0.52493,0.21377,0.49965,0.43215,0.23151,0.39393,0.67835,0.73767,0.28469,0.32743,0.30386,0.76549,0.48016,0.6259,0.23939,0.22575,0.37939,0.2471,1.0163,0.23784,0.43991,1.2734,0.21358,0.35543,0.67071,0.54593,0.31975,0.30351,0.29308,0.20214,0.39742,0.17636
2.31,0.16149,0.41319,0.30193,0.41413,0.24193,0.22298,0.27936,0.63397,0.52013,0.21066,0.4996,0.43705,0.23056,0.38931,0.67636,0.72224,0.28137,0.32568,0.30782,0.76344,0.47012,0.61033,0.23876,0.22555,0.37726,0.24128,1.0135,0.23435,0.43368,1.2716,0.21497,0.36054,0.66885,0.54236,0.31582,0.30753,0.2897,0.19828,0.39468,0.17363
2.32,0.16064,0.40979,0.30139,0.41312,0.24177,0.22086,0.27897,0.63349,0.51529,0.20757,0.50495,0.44168,0.22958,0.38472,0.67426,0.70684,0.27792,0.32399,0.31147,0.76116,0.45998,0.59484,0.238,0.22503,0.37502,0.23548,1.0102,0.23332,0.42767,1.2696,0.21576,0.36556,0.66684,0.53877,0.31172,0.31109,0.28647,0.19447,0.39186,0.1709
2.33,0.15976,0.40643,0.30072,0.41202,0.24163,0.21873,0.27855,0.63284,0.51043,0.20448,0.50992,0.44603,0.22861,0.38024,0.67204,0.69142,0.27433,0.32231,0.31477,0.75866,0.44976,0.57949,0.23711,0.22426,0.37269,0.22969,1.0066,0.23911,0.42189,1.267,0.21591,0.37047,0.66461,0.53514,0.30747,0.31419,0.28338,0.19072,0.38896,0.16817
2.34,0.15888,0.40311,0.29993,0.41084,0.24214,0.2166,0.27808,0.63195,0.50556,0.20137,0.51452,0.45058,0.22757,0.3758,0.67127,0.67595,0.27061,0.32065,0.31774,0.75593,0.43943,0.56437,0.23609,0.22348,0.37027,0.2239,1.0026,0.24462,0.41627,1.264,0.21546,0.3752,0.66223,0.53149,0.30307,0.31685,0.28043,0.19192,0.38599,0.16542
2.35,0.15799,0.39983,0.29904,0.40957,0.24256,0.21448,0.27757,0.63089,0.50068,0.1983,0.51876,0.45513,0.22655,0.37138,0.67703,0.66061,0.26677,0.31902,0.32038,0.753,0.429,0.54961,0.23497,0.22241,0.36774,0.21817,0.99823,0.24982,0.4109,1.2605,0.21442,0.37971,0.65966,0.52779,0.2985,0.31905,0.27762,0.19407,0.38296,0.1627
2.36,0.15709,0.3966,0.29806,0.40823,0.24291,0.21235,0.27702,0.62963,0.49579,0.19523,0.52265,0.4594,0.22546,0.36708,0.68247,0.6452,0.26283,0.31737,0.32314,0.74988,0.41848,0.53523,0.23374,0.22106,0.36512,0.21249,0.99365,0.25478,0.40568,1.2566,0.2128,0.38495,0.65693,0.52406,0.29376,0.32081,0.27495,0.19606,0.37987,0.15997
2.37,0.15619,0.39342,0.29701,0.40682,0.24319,0.21024,0.27643,0.6281,0.49089,0.19216,0.52619,0.46336,0.22435,0.36281,0.6876,0.63,0.25878,0.31572,0.32711,0.74658,0.41389,0.52133,0.23242,0.21952,0.36241,0.20686,0.98872,0.25939,0.40064,1.2525,0.21064,0.39296,0.65404,0.52029,0.28884,0.32209,0.27242,0.19787,0.37672,0.15726
2.38,0.15528,0.39028,0.29593,0.40533,0.2434,0.20813,0.27581,0.62631,0.48599,0.18912,0.52942,0.46707,0.22321,0.35856,0.69242,0.61476,0.25465,0.31408,0.33088,0.74313,0.41492,0.50798,0.23102,0.21796,0.35961,0.20134,0.98347,0.26366,0.39577,1.2479,0.20797,0.40058,0.65097,0.51648,0.28377,0.32291,0.27001,0.19952,0.37352,0.15456
2.39,0.15439,0.38743,0.29482,0.40378,0.24355,0.20602,0.27516,0.62434,0.48107,0.18609,0.53238,0.4705,0.22199,0.35443,0.69694,0.60238,0.25045,0.31243,0.33446,0.73951,0.41589,0.49525,0.22954,0.21616,0.35673,0.19591,0.97791,0.26765,0.39102,1.2429,0.20487,0.40758,0.64774,0.51371,0.27857,0.32326,0.26774,0.20098,0.37027,0.15187
2.4,0.15352,0.38463,0.29369,0.40216,0.24361,0.20393,0.27447,0.62207,0.47615,0.18306,0.53505,0.47367,0.22081,0.35033,0.70115,0.5929,0.24618,0.3108,0.33788,0.73573,0.41679,0.48317,0.22801,0.21413,0.35377,0.1906,0.97206,0.27127,0.38644,1.2375,0.20849,0.41378,0.64433,0.51224,0.27325,0.32315,0.26558,0.20225,0.36699,0.14922
2.41,0.15266,0.38186,0.29253,0.40049,0.2436,0.20183,0.27376,0.6195,0.47122,0.18007,0.5375,0.47662,0.21947,0.34626,0.70506,0.58349,0.24187,0.30921,0.34115,0.73177,0.41758,0.47179,0.22643,0.21308,0.35075,0.18542,0.966,0.27462,0.38197,1.2318,0.21279,0.41908,0.64073,0.51047,0.26783,0.32258,0.26355,0.20332,0.36366,0.14658
2.42,0.15182,0.37913,0.29136,0.39876,0.24352,0.19975,0.27302,0.61675,0.46628,0.17709,0.53971,0.47937,0.21824,0.34228,0.70868,0.57421,0.23752,0.30764,0.34429,0.72762,0.41827,0.46116,0.22482,0.21283,0.34767,0.18039,0.95979,0.27774,0.37758,1.2259,0.21764,0.42347,0.63694,0.50842,0.26231,0.32156,0.26163,0.2042,0.36032,0.14397
2.43,0.15099,0.37645,0.29018,0.397,0.24335,0.19766,0.27229,0.61369,0.46134,0.17412,0.54171,0.48193,0.21686,0.33833,0.71203,0.56505,0.23314,0.30608,0.34726,0.72331,0.41882,0.45128,0.2232,0.21251,0.34453,0.17552,0.95337,0.28096,0.37334,1.2197,0.22288,0.42699,0.63298,0.50614,0.2567,0.32013,0.25983,0.20489,0.35693,0.1414
2.44,0.15019,0.3738,0.28899,0.3952,0.24312,0.19559,0.27155,0.61035,0.4564,0.17118,0.54351,0.48433,0.21551,0.3344,0.71511,0.55597,0.22875,0.30473,0.35006,0.71881,0.41924,0.44215,0.22157,0.21181,0.34134,0.17084,0.94674,0.28403,0.36917,1.2132,0.22837,0.42966,0.62884,0.5037,0.25103,0.31915,0.25813,0.20621,0.35353,0.13885
2.45,0.14942,0.37128,0.28778,0.39336,0.24282,0.19352,0.27087,0.60682,0.45146,0.16826,0.54512,0.48659,0.21411,0.33058,0.71793,0.54695,0.22435,0.30428,0.35266,0.71412,0.4195,0.43376,0.21996,0.21077,0.3381,0.16636,0.93991,0.28686,0.36504,1.2064,0.23396,0.43151,0.62454,0.50116,0.2453,0.31933,0.25654,0.20844,0.35009,0.13635
2.46,0.14867,0.36892,0.28653,0.39152,0.24246,0.19145,0.27032,0.60298,0.44654,0.16536,0.54654,0.48873,0.2126,0.32678,0.72049,0.53812,0.21995,0.30381,0.35507,0.70923,0.4196,0.42611,0.21836,0.20974,0.33484,0.16208,0.933,0.28945,0.36104,1.1993,0.23951,0.43262,0.62006,0.49845,0.24076,0.3191,0.25505,0.2104,0.34663,0.13388
2.47,0.14796,0.3666,0.28613,0.38967,0.24205,0.1894,0.26985,0.59897,0.44165,0.16249,0.54779,0.49071,0.21119,0.323,0.72278,0.52937,0.21557,0.30329,0.3573,0.70414,0.41953,0.41915,0.21679,0.20839,0.33155,0.15804,0.92596,0.29176,0.35706,1.192,0.24492,0.43295,0.61544,0.49561,0.24021,0.31848,0.25366,0.21208,0.34314,0.13146
2.48,0.14727,0.3643,0.28669,0.38784,0.24158,0.18734,0.26941,0.5947,0.43681,0.16014,0.5489,0.49253,0.20964,0.31926,0.72482,0.52068,0.21121,0.30274,0.35935,0.69887,0.41928,0.41286,0.21526,0.20673,0.32824,0.15424,0.92,0.29379,0.35309,1.1846,0.25013,0.43251,0.61066,0.49271,0.23959,0.3175,0.25236,0.21348,0.33963,0.12908
2.49,0.14759,0.36211,0.28729,0.38604,0.24107,0.18529,0.26896,0.59021,0.43209,0.15907,0.54986,0.49416,0.20809,0.3156,0.7266,0.51218,0.20688,0.30212,0.36126,0.69337,0.41885,0.40718,0.21377,0.20491,0.32492,0.15071,0.91454,0.29554,0.34922,1.1769,0.25507,0.4314,0.60573,0.48985,0.23891,0.31621,0.25115,0.21461,0.3361,0.12675
2.5,0.14792,0.36007,0.28794,0.38426,0.24049,0.18325,0.26849,0.58557,0.42752,0.158,0.55072,0.4956,0.20654,0.31197,0.72811,0.50376,0.2026,0.30142,0.36301,0.68767,0.41823,0.40207,0.21234,0.20301,0.32159,0.14746,0.90897,0.29706,0.34535,1.169,0.25972,0.42964,0.60068,0.48701,0.23841,0.31464,0.25003,0.21548,0.33254,0.12447
2.51,0.14822,0.35814,0.28865,0.3825,0.23984,0.18287,0.26798,0.58067,0.42308,0.15692,0.55149,0.49682,0.20487,0.30836,0.72934,0.49543,0.19836,0.30066,0.36463,0.68174,0.41741,0.39747,0.21098,0.20085,0.31998,0.1445,0.90336,0.29833,0.34147,1.161,0.26405,0.42711,0.59547,0.48417,0.23793,0.31282,0.24899,0.2161,0.32896,0.12247
2.52,0.14848,0.35652,0.28943,0.38076,0.23914,0.18235,0.26744,0.5757,0.41877,0.15584,0.55222,0.49785,0.20326,0.30478,0.73031,0.48727,0.19418,0.29982,0.36611,0.6756,0.41641,0.39332,0.2097,0.19844,0.31888,0.14205,0.89764,0.29936,0.33765,1.1527,0.26803,0.42379,0.59012,0.48134,0.23742,0.31078,0.24802,0.21648,0.32536,0.12403
2.53,0.14874,0.35525,0.29023,0.37903,0.23837,0.18171,0.26686,0.57048,0.41459,0.15477,0.55292,0.49868,0.20161,0.30126,0.73103,0.47917,0.19007,0.2989,0.36746,0.66926,0.41521,0.38956,0.20851,0.19596,0.31774,0.14028,0.89182,0.30017,0.33381,1.1443,0.27168,0.41959,0.58464,0.47842,0.23687,0.30855,0.24713,0.21663,0.32173,0.1253
2.54,0.14897,0.35413,0.291,0.37729,0.23755,0.18098,0.26624,0.56524,0.41145,0.1537,0.55359,0.49929,0.19985,0.29779,0.73149,0.47124,0.18603,0.29788,0.3687,0.66269,0.41383,0.38613,0.20743,0.1934,0.31656,0.13881,0.88591,0.30079,0.32994,1.1358,0.27502,0.41449,0.57902,0.47536,0.23627,0.30618,0.24631,0.21657,0.31808,0.12629
2.55,0.14919,0.35308,0.29165,0.37557,0.23668,0.18027,0.26557,0.55978,0.41658,0.15262,0.55424,0.49969,0.19819,0.29434,0.73169,0.46339,0.18208,0.29679,0.36982,0.65595,0.41226,0.38298,0.20646,0.19065,0.31536,0.13764,0.87992,0.30123,0.32642,1.1271,0.27809,0.40856,0.57327,0.47217,0.23563,0.30368,0.24556,0.2163,0.3144,0.127
2.56,0.14939,0.35217,0.29217,0.37385,0.23577,0.17961,0.26486,0.55433,0.42152,0.15155,0.55483,0.4999,0.19645,0.29092,0.73165,0.45569,0.17822,0.29561,0.37083,0.64899,0.41051,0.38005,0.20561,0.1877,0.31409,0.13676,0.87387,0.3015,0.32449,1.1183,0.28085,0.40188,0.56738,0.46881,0.23494,0.30109,0.24487,0.21585,0.3107,0.12746
2.57,0.14957,0.35122,0.29255,0.37212,0.23483,0.17891,0.26409,0.54871,0.42626,0.15048,0.55533,0.49987,0.19462,0.28752,0.73137,0.44808,0.17446,0.29432,0.37172,0.64186,0.40858,0.37728,0.20486,0.1847,0.31283,0.13616,0.86775,0.30161,0.32257,1.1094,0.28332,0.39445,0.56138,0.46531,0.23421,0.29843,0.24424,0.21524,0.30697,0.12767
2.58,0.14974,0.3504,0.29278,0.3704,0.23386,0.17816,0.26328,0.54311,0.43079,0.14941,0.55571,0.49966,0.19292,0.28418,0.73083,0.44062,0.17081,0.29297,0.37251,0.63454,0.40648,0.37464,0.20423,0.18168,0.31151,0.13582,0.86159,0.30155,0.32065,1.1003,0.28548,0.38632,0.55525,0.46166,0.23344,0.29573,0.24367,0.21446,0.30323,0.12767
2.59,0.14992,0.34962,0.29287,0.36866,0.23289,0.17735,0.26243,0.53741,0.43508,0.14834,0.556,0.49924,0.19112,0.28089,0.73005,0.43324,0.16728,0.29152,0.37321,0.62704,0.40422,0.37208,0.20372,0.17853,0.31017,0.13573,0.85541,0.30132,0.31867,1.0913,0.28733,0.37764,0.54899,0.45788,0.23263,0.29302,0.24315,0.21355,0.29947,0.12746
2.6,0.15008,0.34883,0.29282,0.36692,0.23191,0.17646,0.26152,0.53173,0.43913,0.14728,0.55617,0.49864,0.18925,0.27762,0.72903,0.42604,0.16387,0.28998,0.37381,0.61939,0.40179,0.36957,0.20335,0.1755,0.3088,0.13586,0.84921,0.30091,0.31667,1.0821,0.28885,0.36856,0.54262,0.45396,0.2318,0.29205,0.24268,0.21252,0.29569,0.12707
2.61,0.15023,0.3482,0.29263,0.36518,0.23093,0.1755,0.26057,0.52604,0.44294,0.14623,0.55622,0.49787,0.18828,0.27438,0.72775,0.41891,0.1606,0.28836,0.37433,0.61155,0.39922,0.36707,0.20311,0.17268,0.30739,0.1362,0.84297,0.30031,0.31466,1.0729,0.29003,0.36258,0.53617,0.44995,0.23093,0.29111,0.24226,0.21138,0.2919,0.12652
2.62,0.1504,0.34759,0.29233,0.36341,0.22996,0.17458,0.25958,0.52033,0.44648,0.14517,0.55614,0.49696,0.18733,0.27116,0.72627,0.41196,0.15746,0.28664,0.37477,0.60357,0.3965,0.36457,0.20299,0.16982,0.30598,0.13673,0.83669,0.29953,0.31258,1.0636,0.29082,0.35693,0.52961,0.44583,0.23003,0.29008,0.24188,0.21016,0.28809,0.12584
2.63,0.15055,0.34708,0.29192,0.36166,0.22898,0.17465,0.25853,0.5147,0.44978,0.14411,0.55596,0.4959,0.18646,0.26797,0.72451,0.40511,0.15447,0.28487,0.37515,0.59541,0.39365,0.36206,0.20298,0.16704,0.30452,0.13743,0.83036,0.29858,0.31047,1.0543,0.29122,0.35104,0.52298,0.44163,0.22911,0.28896,0.24154,0.20886,0.28427,0.12504
2.64,0.15071,0.34666,0.29144,0.3599,0.228,0.17462,0.25746,0.50905,0.45283,0.14307,0.55569,0.49471,0.18555,0.26484,0.72254,0.39839,0.15164,0.283,0.37548,0.58711,0.39068,0.35952,0.20304,0.16419,0.30304,0.13829,0.82399,0.29749,0.30833,1.0449,0.29121,0.34498,0.51628,0.43734,0.22817,0.28775,0.24123,0.20749,0.28045,0.12415
2.65,0.15088,0.34625,0.29091,0.35813,0.22701,0.17446,0.25633,0.50351,0.45561,0.14203,0.55537,0.49339,0.18461,0.26175,0.72031,0.39181,0.14971,0.28108,0.37575,0.58274,0.3876,0.35693,0.20317,0.16143,0.30154,0.13927,0.81758,0.29623,0.30611,1.0356,0.29082,0.3388,0.50952,0.43298,0.2272,0.28646,0.24096,0.20609,0.27662,0.12318
2.66,0.15106,0.3458,0.29031,0.35637,0.22599,0.17417,0.25517,0.49803,0.45815,0.14099,0.55505,0.49192,0.18365,0.25868,0.71786,0.38533,0.1484,0.27906,0.37598,0.58014,0.38441,0.35431,0.20335,0.15863,0.30001,0.14036,0.81114,0.29481,0.3039,1.0261,0.29,0.33251,0.5027,0.42856,0.22622,0.28508,0.24072,0.20465,0.2728,0.12216
2.67,0.15124,0.34547,0.28963,0.35459,0.22495,0.17374,0.25397,0.49258,0.46044,0.13995,0.55476,0.49031,0.18273,0.25564,0.71516,0.37903,0.14708,0.277,0.37616,0.57747,0.38113,0.35166,0.20359,0.15592,0.29848,0.14154,0.80465,0.29325,0.3016,1.0166,0.28875,0.32613,0.49586,0.42411,0.22523,0.28363,0.24052,0.2032,0.26897,0.1211
2.68,0.15145,0.34505,0.28888,0.35282,0.2239,0.17319,0.25274,0.48729,0.46246,0.13892,0.55478,0.48856,0.18183,0.25262,0.71225,0.37284,0.14576,0.27485,0.37629,0.57477,0.37777,0.34899,0.20387,0.15378,0.2969,0.1428,0.79816,0.29159,0.29926,1.0071,0.28705,0.31971,0.48898,0.41964,0.22422,0.2821,0.24034,0.20175,0.26514,0.12002
2.69,0.15167,0.34459,0.28806,0.35103,0.22283,0.17253,0.25147,0.48208,0.46424,0.1379,0.55478,0.48665,0.18091,0.24962,0.70911,0.36675,0.14445,0.27267,0.37638,0.57199,0.37435,0.3463,0.20419,0.15202,0.29532,0.14413,0.79167,0.28982,0.29687,0.99764,0.28492,0.31328,0.4821,0.41515,0.22321,0.28049,0.24018,0.20031,0.26133,0.11893
2.7,0.1519,0.34421,0.28715,0.34924,0.22176,0.1718,0.25018,0.47695,0.46577,0.13688,0.55463,0.48459,0.17997,0.24667,0.70574,0.36083,0.14317,0.27041,0.37642,0.56916,0.37086,0.34362,0.20456,0.15019,0.29372,0.1455,0.78513,0.28796,0.29443,0.9881,0.28238,0.30685,0.4752,0.41064,0.22219,0.27882,0.24004,0.19888,0.25752,0.11786
2.71,0.15215,0.34396,0.28615,0.34742,0.2207,0.17098,0.24886,0.47197,0.46704,0.13587,0.55431,0.48239,0.17901,0.24377,0.70218,0.35504,0.14192,0.26811,0.37641,0.56629,0.36733,0.34094,0.20498,0.14831,0.29209,0.14689,0.77856,0.28603,0.29194,0.97852,0.27949,0.30047,0.4683,0.40613,0.22117,0.27708,0.23992,0.1975,0.25372,0.11681
2.72,0.1524,0.34477,0.28505,0.34559,0.21963,0.1701,0.24752,0.46712,0.46807,0.13487,0.55386,0.48003,0.17813,0.24089,0.6984,0.34936,0.14072,0.26576,0.37635,0.56336,0.36377,0.3383,0.20544,0.1464,0.29046,0.14829,0.77195,0.28403,0.28939,0.9689,0.27782,0.29414,0.46137,0.40162,0.22016,0.27526,0.23983,0.19616,0.24993,0.11581
2.73,0.15266,0.34555,0.28386,0.34375,0.21855,0.16917,0.24618,0.46237,0.46885,0.13386,0.55326,0.47755,0.17724,0.23804,0.69444,0.3438,0.13958,0.26337,0.37624,0.56072,0.3602,0.33571,0.20593,0.14454,0.28881,0.15036,0.7653,0.28195,0.28681,0.95994,0.27687,0.28791,0.45443,0.39712,0.21914,0.27507,0.23975,0.19487,0.24617,0.11485
2.74,0.15293,0.34619,0.28256,0.34188,0.21745,0.1682,0.24483,0.45773,0.46939,0.13287,0.5525,0.47492,0.17633,0.23522,0.69028,0.33841,0.1385,0.26095,0.37607,0.55815,0.35661,0.33321,0.20646,0.14263,0.28714,0.15254,0.75863,0.27975,0.28416,0.9519,0.27571,0.28181,0.44748,0.39268,0.21814,0.27609,0.23967,0.19365,0.24241,0.11396
2.75,0.1532,0.34691,0.28119,0.34,0.21634,0.16717,0.24353,0.4533,0.46968,0.13189,0.55162,0.47217,0.1754,0.23242,0.68592,0.33313,0.13751,0.25848,0.37585,0.55555,0.35302,0.33079,0.20703,0.14069,0.28547,0.15476,0.752,0.27748,0.28147,0.94385,0.27438,0.27584,0.44053,0.38833,0.21716,0.27744,0.23961,0.19249,0.24018,0.11315
2.76,0.15347,0.34754,0.27973,0.3381,0.21521,0.16611,0.24239,0.44898,0.46974,0.1309,0.55059,0.46931,0.17448,0.23041,0.68139,0.32797,0.13661,0.25599,0.37558,0.55292,0.34945,0.32848,0.20762,0.13872,0.28377,0.15699,0.74534,0.27509,0.27874,0.93581,0.27294,0.26999,0.43358,0.384,0.2162,0.27909,0.23957,0.19142,0.2381,0.11242
2.77,0.15374,0.34802,0.27818,0.33619,0.21405,0.16504,0.24136,0.44478,0.46961,0.12994,0.54943,0.46633,0.17362,0.22911,0.67668,0.32292,0.1358,0.25347,0.37525,0.55027,0.34694,0.3263,0.20825,0.13676,0.28207,0.15923,0.73867,0.27262,0.27594,0.92776,0.27214,0.26429,0.42664,0.37968,0.21532,0.28107,0.23953,0.19042,0.23598,0.1118
2.78,0.15402,0.34835,0.27655,0.33426,0.21287,0.16396,0.24035,0.44071,0.46929,0.12897,0.54817,0.46326,0.17275,0.22783,0.67178,0.31802,0.1351,0.25093,0.37486,0.54758,0.34778,0.32426,0.20889,0.13485,0.28036,0.16146,0.73197,0.27002,0.27313,0.91971,0.27188,0.25874,0.41972,0.3754,0.21447,0.28335,0.23949,0.1895,0.23384,0.11127
2.79,0.15429,0.3486,0.27484,0.33232,0.21167,0.16283,0.23936,0.43682,0.46882,0.12801,0.54678,0.4601,0.17186,0.22656,0.66674,0.31326,0.13452,0.24837,0.37442,0.54488,0.34864,0.32239,0.20955,0.13292,0.27863,0.16367,0.72524,0.2674,0.27024,0.91168,0.27159,0.25352,0.41284,0.37113,0.21363,0.28593,0.23946,0.18868,0.23167,0.11087
2.8,0.15457,0.34888,0.27304,0.33037,0.21044,0.16159,0.23835,0.43306,0.46825,0.12706,0.54526,0.45689,0.17096,0.22529,0.66154,0.30861,0.13405,0.24578,0.37391,0.54215,0.34946,0.32069,0.21024,0.13099,0.27691,0.16585,0.71852,0.26467,0.26734,0.90371,0.27134,0.24855,0.40599,0.36684,0.2128,0.28878,0.23944,0.18795,0.22948,0.11058
2.81,0.15485,0.349,0.27118,0.32842,0.20918,0.16024,0.23733,0.42942,0.46759,0.12612,0.54364,0.45364,0.17005,0.22403,0.65617,0.30408,0.13372,0.2432,0.37333,0.5394,0.35022,0.31917,0.21093,0.12908,0.27516,0.16801,0.71183,0.26187,0.26438,0.89574,0.27116,0.24364,0.39919,0.36255,0.21198,0.29191,0.23941,0.1873,0.22727,0.11042
2.82,0.15513,0.34896,0.26923,0.32647,0.20789,0.15877,0.2363,0.4259,0.46682,0.12519,0.5419,0.45037,0.16921,0.22278,0.65069,0.29966,0.13352,0.24061,0.37268,0.53663,0.35087,0.31785,0.21163,0.12722,0.27342,0.17012,0.7051,0.25903,0.26137,0.88777,0.27113,0.23881,0.39245,0.35828,0.21116,0.29527,0.23938,0.18675,0.22503,0.11039
2.83,0.15541,0.34876,0.26722,0.32451,0.20658,0.1572,0.23525,0.42251,0.46593,0.12426,0.54004,0.44714,0.16836,0.22153,0.64507,0.29535,0.13346,0.238,0.37197,0.53385,0.35138,0.31673,0.21233,0.12537,0.27166,0.17219,0.69835,0.2561,0.25834,0.87982,0.27129,0.23404,0.38576,0.35404,0.21035,0.29885,0.23936,0.18629,0.22278,0.1105
2.84,0.15568,0.34839,0.26514,0.32256,0.20526,0.15553,0.2342,0.41928,0.46491,0.12334,0.53806,0.44402,0.16751,0.22029,0.64169,0.29118,0.1336,0.23541,0.37119,0.53105,0.35173,0.31581,0.21303,0.12353,0.2699,0.1742,0.69156,0.25314,0.25525,0.87188,0.27169,0.22934,0.37914,0.34978,0.20954,0.30264,0.23933,0.18593,0.22051,0.11075
2.85,0.15593,0.34798,0.26301,0.32061,0.2039,0.15376,0.23313,0.41615,0.46373,0.12243,0.53597,0.44105,0.16664,0.21905,0.6393,0.28714,0.13457,0.23281,0.37034,0.52824,0.35188,0.31509,0.21372,0.12172,0.26814,0.17616,0.68483,0.25017,0.25214,0.86394,0.27238,0.22471,0.37259,0.3455,0.20875,0.3066,0.2393,0.18565,0.21822,0.11114
2.86,0.15619,0.34753,0.26083,0.31867,0.20253,0.15192,0.23206,0.41311,0.46237,0.12153,0.53376,0.43824,0.16576,0.21782,0.63659,0.2832,0.13568,0.23021,0.36944,0.52542,0.35308,0.31457,0.2144,0.11997,0.26637,0.17805,0.67806,0.24713,0.24899,0.85608,0.27339,0.22017,0.36609,0.3412,0.20796,0.3107,0.23927,0.18545,0.2159,0.11167
2.87,0.15643,0.34692,0.25862,0.31674,0.20114,0.15003,0.23098,0.41017,0.46082,0.12064,0.53144,0.43559,0.16488,0.2166,0.63359,0.27938,0.13691,0.22764,0.36849,0.52259,0.35435,0.31426,0.21506,0.11824,0.2646,0.17989,0.67126,0.24407,0.24578,0.84824,0.27475,0.21572,0.35966,0.33687,0.20717,0.31494,0.23923,0.18534,0.21358,0.11233
2.88,0.15665,0.34614,0.25637,0.31483,0.19973,0.14812,0.22992,0.40736,0.45908,0.11976,0.529,0.43307,0.16407,0.21538,0.63031,0.27566,0.13825,0.22507,0.36749,0.51975,0.35522,0.31413,0.21571,0.11652,0.26282,0.18165,0.66444,0.24103,0.24258,0.84041,0.27648,0.21136,0.3533,0.33251,0.2064,0.31927,0.23918,0.18531,0.21124,0.11313
2.89,0.15685,0.34519,0.2541,0.31292,0.19831,0.14744,0.22888,0.40465,0.45984,0.11888,0.52645,0.43065,0.16325,0.21417,0.62677,0.27205,0.13971,0.22251,0.36645,0.51691,0.3557,0.31419,0.21633,0.11484,0.26104,0.18334,0.65767,0.23796,0.23931,0.8326,0.27856,0.20706,0.34701,0.32812,0.20562,0.32367,0.23913,0.18536,0.20889,0.11405
2.9,0.15702,0.34408,0.25183,0.31103,0.19688,0.14692,0.2279,0.40201,0.46158,0.11802,0.52379,0.42828,0.16242,0.21296,0.62297,0.26854,0.14126,0.21997,0.36538,0.51406,0.35578,0.31441,0.21691,0.11318,0.25926,0.18497,0.65086,0.23487,0.23602,0.82479,0.28101,0.2028,0.34079,0.3237,0.20486,0.32824,0.23908,0.18548,0.20653,0.11509
2.91,0.15717,0.34284,0.24961,0.30914,0.19565,0.1464,0.227,0.39943,0.46323,0.11716,0.52103,0.42589,0.16157,0.21176,0.61894,0.26514,0.14289,0.21746,0.36426,0.51121,0.35546,0.31479,0.21746,0.11156,0.25748,0.18652,0.64402,0.23181,0.2327,0.817,0.28381,0.19855,0.33464,0.31927,0.2041,0.33291,0.23901,0.18566,0.20415,0.11625
2.92,0.15728,0.34165,0.24747,0.30727,0.19442,0.14588,0.22614,0.39692,0.46471,0.11631,0.51816,0.42346,0.16072,0.21057,0.61469,0.26183,0.14461,0.21496,0.36372,0.50836,0.35475,0.31531,0.21816,0.11,0.25569,0.188,0.63721,0.22877,0.22933,0.80928,0.28692,0.19433,0.32857,0.31482,0.20334,0.33757,0.23894,0.18591,0.20176,0.11752
2.93,0.15834,0.3403,0.24541,0.3054,0.1932,0.14536,0.2253,0.39452,0.46603,0.11548,0.5152,0.42096,0.15987,0.20939,0.61022,0.25863,0.1464,0.21248,0.36469,0.50551,0.35368,0.31595,0.21915,0.10849,0.25391,0.18941,0.63039,0.22573,0.22595,0.80155,0.29033,0.1901,0.32259,0.31193,0.20261,0.34221,0.23885,0.18622,0.19937,0.11888
2.94,0.15945,0.33879,0.24336,0.30354,0.192,0.14484,0.22444,0.39217,0.46717,0.11465,0.51214,0.41838,0.15908,0.20821,0.60555,0.25554,0.14824,0.21003,0.36666,0.50267,0.35226,0.3167,0.22009,0.10701,0.25212,0.19074,0.62352,0.22271,0.2225,0.79382,0.29398,0.18584,0.31669,0.30913,0.20187,0.3468,0.23876,0.18658,0.19696,0.12032
2.95,0.16056,0.33712,0.24132,0.30169,0.1908,0.14433,0.22357,0.38986,0.46811,0.11383,0.50899,0.41571,0.15828,0.20704,0.60068,0.25254,0.15014,0.20761,0.36912,0.49983,0.3505,0.31755,0.22099,0.10558,0.25034,0.19198,0.61669,0.21975,0.21906,0.78608,0.29784,0.18154,0.31088,0.30639,0.20114,0.35132,0.23865,0.18698,0.19455,0.12184
2.96,0.16166,0.33531,0.23927,0.29983,0.18961,0.14383,0.22269,0.38757,0.46884,0.11302,0.50575,0.41295,0.15746,0.20587,0.59562,0.24963,0.15208,0.20522,0.37133,0.497,0.34842,0.31847,0.22184,0.10419,0.24856,0.19316,0.60984,0.2168,0.21556,0.77842,0.30185,0.17721,0.30516,0.30373,0.20042,0.35576,0.23854,0.18744,0.19214,0.12343
2.97,0.16274,0.3334,0.23722,0.29798,0.18842,0.14332,0.22178,0.38535,0.46937,0.11222,0.50242,0.41008,0.15664,0.20471,0.59037,0.24681,0.15405,0.20285,0.37326,0.49418,0.34603,0.31943,0.22268,0.10285,0.24677,0.19425,0.60294,0.21389,0.21205,0.77076,0.30596,0.17283,0.29954,0.30149,0.19972,0.3601,0.23841,0.18793,0.18971,0.12506
2.98,0.16381,0.33154,0.23518,0.29611,0.18724,0.14282,0.22085,0.38317,0.46965,0.11143,0.49902,0.40712,0.15581,0.20356,0.58494,0.24408,0.15605,0.20052,0.37515,0.49136,0.34335,0.32042,0.22354,0.10155,0.24499,0.19526,0.5961,0.21104,0.20849,0.76309,0.31012,0.16841,0.29401,0.29947,0.19906,0.36433,0.23827,0.18845,0.18729,0.12674
2.99,0.16488,0.32953,0.23314,0.29424,0.18606,0.14232,0.21989,0.38101,0.46973,0.11065,0.49553,0.40406,0.15499,0.20241,0.57936,0.24142,0.15808,0.19822,0.3769,0.48856,0.34038,0.32144,0.22444,0.1003,0.24321,0.19619,0.58921,0.20823,0.2049,0.75543,0.31429,0.16397,0.28858,0.29752,0.19853,0.36843,0.23813,0.18901,0.18485,0.12844
3,0.16602,0.32739,0.23111,0.29237,0.18488,0.14182,0.21892,0.37885,0.46958,0.10988,0.49197,0.40091,0.15421,0.20127,0.57364,0.23885,0.16011,0.19595,0.37841,0.48578,0.34052,0.32244,0.22538,0.099105,0.24144,0.19705,0.58233,0.20546,0.2013,0.74784,0.31842,0.1595,0.28327,0.29563,0.19802,0.3724,0.23797,0.18959,0.18243,0.13016
3.01,0.16714,0.32512,0.22909,0.29048,0.1837,0.14133,0.21792,0.37671,0.46966,0.10912,0.48834,0.39767,0.15342,0.20014,0.56782,0.23635,0.16216,0.19371,0.37969,0.48301,0.34161,0.32341,0.22634,0.09796,0.23966,0.19782,0.57544,0.20309,0.19764,0.74023,0.32249,0.15689,0.27805,0.29378,0.19753,0.37623,0.2378,0.19018,0.17999,0.13189
3.02,0.16825,0.32285,0.22709,0.28858,0.18252,0.14085,0.2169,0.37462,0.4701,0.10836,0.48465,0.39433,0.15262,0.19903,0.56189,0.23393,0.16421,0.1915,0.38078,0.48025,0.34241,0.32435,0.22734,0.096867,0.23789,0.19852,0.56853,0.20157,0.19399,0.73259,0.32643,0.15717,0.27295,0.29198,0.19705,0.37989,0.23761,0.1908,0.17756,0.13362
3.03,0.16934,0.32056,0.22511,0.28666,0.18133,0.14036,0.21585,0.37251,0.4704,0.10762,0.4809,0.39092,0.15181,0.19793,0.55586,0.23159,0.16625,0.18934,0.38169,0.4775,0.34293,0.32521,0.22833,0.095827,0.23613,0.19916,0.56165,0.20001,0.1903,0.72504,0.33021,0.15742,0.26796,0.29021,0.19658,0.3834,0.23742,0.19142,0.17513,0.13533
3.04,0.17039,0.31815,0.22313,0.28474,0.18014,0.13988,0.21478,0.37038,0.47056,0.10688,0.47712,0.38742,0.15098,0.19683,0.54974,0.22931,0.16828,0.1872,0.38245,0.47478,0.34316,0.32601,0.22929,0.094841,0.23436,0.19975,0.55472,0.19846,0.18658,0.71746,0.33383,0.15761,0.26308,0.28847,0.19612,0.38673,0.23721,0.19205,0.1727,0.13701
3.05,0.17142,0.31584,0.22116,0.2828,0.17895,0.1394,0.21369,0.36827,0.4706,0.10615,0.47329,0.38384,0.1502,0.19574,0.54353,0.2271,0.17031,0.1851,0.38307,0.47208,0.34313,0.3267,0.23019,0.093909,0.2326,0.20026,0.54784,0.19689,0.18286,0.70986,0.33724,0.15773,0.25832,0.28677,0.1957,0.38989,0.23699,0.19268,0.17027,0.13867
3.06,0.17242,0.31365,0.21919,0.28086,0.17775,0.13893,0.21257,0.36617,0.4705,0.10542,0.46943,0.38019,0.14943,0.19466,0.53858,0.22495,0.17231,0.18303,0.38355,0.46939,0.34281,0.32729,0.23102,0.09303,0.23085,0.20072,0.54091,0.19533,0.17912,0.70234,0.34043,0.15779,0.25368,0.2851,0.1953,0.39285,0.23675,0.19332,0.16786,0.14028
3.07,0.1734,0.31152,0.21724,0.27891,0.17656,0.13846,0.21144,0.36404,0.47027,0.10471,0.46556,0.37647,0.14864,0.19358,0.53557,0.22288,0.17429,0.181,0.38389,0.46673,0.34224,0.32775,0.23177,0.092206,0.22909,0.2011,0.53402,0.19381,0.17746,0.69475,0.34339,0.15776,0.24916,0.28347,0.19493,0.39563,0.23651,0.19394,0.16544,0.14185
3.08,0.17434,0.30929,0.21532,0.27695,0.17536,0.13799,0.21029,0.36188,0.46992,0.10399,0.46165,0.37268,0.14784,0.1925,0.53256,0.22087,0.17624,0.179,0.38409,0.46409,0.34139,0.32808,0.23244,0.091435,0.22735,0.2014,0.52712,0.19236,0.1765,0.68722,0.3461,0.15763,0.24477,0.28186,0.19464,0.39822,0.23625,0.19456,0.16303,0.14336
3.09,0.17525,0.30707,0.21341,0.27498,0.17416,0.13752,0.20911,0.35973,0.46945,0.10329,0.45773,0.36883,0.14702,0.19144,0.52954,0.21892,0.17816,0.17703,0.38417,0.46147,0.34028,0.32825,0.23305,0.090718,0.22561,0.20164,0.52022,0.19104,0.1755,0.67967,0.34853,0.15742,0.2405,0.28029,0.19438,0.4006,0.23598,0.19516,0.16062,0.14481
3.1,0.17613,0.30484,0.2115,0.273,0.17296,0.13707,0.20792,0.35757,0.46885,0.10259,0.4538,0.36493,0.1462,0.19038,0.52651,0.21702,0.18005,0.1751,0.38411,0.45888,0.33891,0.32827,0.23359,0.090053,0.22388,0.20181,0.51335,0.18981,0.17446,0.67212,0.35066,0.15711,0.23722,0.27874,0.19414,0.40279,0.23571,0.19574,0.15913,0.14619
3.11,0.17698,0.30252,0.20957,0.27103,0.17175,0.13661,0.20671,0.35537,0.46815,0.1019,0.44985,0.36098,0.14543,0.18932,0.52345,0.21518,0.18191,0.1732,0.38393,0.45631,0.33728,0.32812,0.23409,0.08944,0.22215,0.2019,0.50644,0.18863,0.17337,0.66457,0.35243,0.15668,0.23538,0.27722,0.19392,0.40477,0.23542,0.19631,0.16153,0.14751
3.12,0.17778,0.30012,0.20762,0.26905,0.17055,0.13616,0.20548,0.35314,0.46733,0.10121,0.44589,0.357,0.14465,0.18827,0.52035,0.21338,0.18372,0.17134,0.38363,0.45377,0.33539,0.32778,0.23458,0.088878,0.22043,0.20192,0.49962,0.18748,0.17226,0.65703,0.35383,0.15615,0.23356,0.27572,0.19373,0.40655,0.23512,0.19685,0.16382,0.14875
3.13,0.17857,0.29774,0.20567,0.26707,0.16935,0.13571,0.20424,0.35093,0.46641,0.10053,0.44191,0.353,0.14385,0.18723,0.51721,0.21164,0.18549,0.1695,0.38321,0.45125,0.33324,0.32727,0.23507,0.088367,0.21872,0.20186,0.49276,0.18635,0.17108,0.64946,0.35486,0.15552,0.23175,0.27425,0.19359,0.40812,0.23482,0.19736,0.16599,0.14991
3.14,0.17931,0.29536,0.20371,0.26509,0.16815,0.13527,0.20299,0.34867,0.46538,0.099853,0.43792,0.3497,0.14304,0.1862,0.51403,0.20994,0.18722,0.1677,0.38269,0.44877,0.33083,0.32657,0.23556,0.087905,0.21701,0.20174,0.48595,0.18525,0.1699,0.64194,0.35551,0.15477,0.22995,0.2728,0.19353,0.40947,0.2345,0.19784,0.16804,0.151
3.15,0.18,0.29292,0.20173,0.26312,0.16695,0.13483,0.20203,0.34637,0.46424,0.09918,0.43393,0.34747,0.14221,0.18517,0.51078,0.20828,0.1889,0.16592,0.38206,0.4463,0.32819,0.32567,0.23605,0.08749,0.21532,0.20155,0.47916,0.18416,0.16865,0.63435,0.35578,0.15391,0.22815,0.27138,0.19347,0.41062,0.23418,0.19829,0.16997,0.152
3.16,0.18068,0.29041,0.19975,0.26116,0.16576,0.13439,0.20167,0.34406,0.463,0.09889,0.42993,0.34521,0.1414,0.18414,0.50749,0.20666,0.19067,0.16418,0.38133,0.44387,0.32529,0.32456,0.23651,0.087123,0.21363,0.20128,0.47235,0.18311,0.16738,0.62686,0.35566,0.15295,0.22636,0.26998,0.19341,0.41155,0.23384,0.19871,0.17179,0.15291
3.17,0.18131,0.28786,0.19776,0.25921,0.16457,0.13395,0.2013,0.34173,0.46166,0.099046,0.42591,0.34293,0.14061,0.18313,0.50414,0.20508,0.19296,0.16246,0.38051,0.44147,0.32217,0.32327,0.23693,0.0868,0.21195,0.20094,0.46565,0.18205,0.16607,0.6193,0.35516,0.15189,0.22458,0.2686,0.19334,0.41227,0.2335,0.19909,0.1735,0.15373
3.18,0.1819,0.28534,0.19575,0.25728,0.16338,0.13353,0.20092,0.33936,0.46022,0.099142,0.42189,0.34062,0.1398,0.18212,0.50072,0.20354,0.19522,0.16078,0.3796,0.43909,0.31882,0.32176,0.2373,0.086522,0.21028,0.20055,0.45893,0.18104,0.16472,0.61179,0.35429,0.15072,0.2228,0.26724,0.19326,0.41278,0.23314,0.19944,0.17509,0.15446
3.19,0.18246,0.28284,0.19374,0.25536,0.1622,0.1331,0.20053,0.33696,0.45868,0.099176,0.41786,0.33827,0.13898,0.18111,0.49722,0.20245,0.19743,0.15911,0.3786,0.43676,0.31525,0.32005,0.23759,0.086286,0.20862,0.20008,0.45224,0.18004,0.16334,0.60429,0.35312,0.14947,0.22103,0.2659,0.19318,0.41307,0.23277,0.19975,0.17657,0.15508
3.2,0.18297,0.28031,0.19171,0.25386,0.16102,0.13268,0.20015,0.33456,0.45704,0.099153,0.41436,0.33588,0.13814,0.18011,0.49365,0.20339,0.19959,0.15747,0.37753,0.43444,0.31148,0.31814,0.2378,0.086091,0.20696,0.19953,0.44562,0.17907,0.16191,0.59674,0.35168,0.14812,0.21927,0.26458,0.19309,0.41316,0.23263,0.20002,0.17795,0.1556
3.21,0.18344,0.27774,0.18967,0.25282,0.15985,0.13226,0.19975,0.33213,0.45529,0.099067,0.41266,0.33345,0.13729,0.17912,0.49,0.2043,0.20171,0.15587,0.37638,0.43216,0.30751,0.31603,0.23792,0.085934,0.20532,0.19894,0.43899,0.17812,0.16047,0.58931,0.35001,0.14669,0.21752,0.26328,0.19302,0.41304,0.23365,0.20025,0.17921,0.156
3.22,0.18387,0.27514,0.18762,0.25178,0.15869,0.13185,0.19935,0.32965,0.45345,0.098923,0.41091,0.33098,0.13647,0.17813,0.48628,0.20519,0.20378,0.15428,0.37516,0.42991,0.30336,0.31371,0.23795,0.085815,0.20368,0.19827,0.43245,0.17718,0.15899,0.58184,0.3481,0.14519,0.21577,0.26199,0.19296,0.41272,0.23461,0.20045,0.18037,0.1563
3.23,0.18426,0.27252,0.18555,0.25073,0.15753,0.13144,0.19894,0.32717,0.45152,0.098718,0.40912,0.32848,0.13565,0.17715,0.48248,0.20608,0.20579,0.15271,0.37387,0.42768,0.29924,0.3112,0.2379,0.085732,0.20206,0.19754,0.42594,0.1763,0.15747,0.57437,0.34594,0.1436,0.21404,0.26072,0.19293,0.4122,0.23553,0.2006,0.18143,0.15648
3.24,0.1846,0.26991,0.18347,0.24967,0.15639,0.13103,0.19853,0.32467,0.4495,0.098453,0.40729,0.32594,0.13481,0.17618,0.4786,0.20694,0.20774,0.15116,0.37248,0.4255,0.30048,0.30848,0.23776,0.085683,0.20045,0.19675,0.41946,0.17543,0.15593,0.56698,0.34359,0.14193,0.21231,0.25946,0.19292,0.41149,0.23641,0.20071,0.18238,0.15655
3.25,0.18491,0.26739,0.18138,0.2486,0.15526,0.13063,0.19812,0.32213,0.4474,0.098129,0.40542,0.32337,0.13396,0.17521,0.47464,0.20778,0.20963,0.14963,0.37102,0.42333,0.30255,0.30559,0.23754,0.085666,0.19885,0.19591,0.41306,0.17458,0.15517,0.55957,0.34105,0.14019,0.2106,0.25822,0.19291,0.41059,0.23723,0.20078,0.18324,0.15649
3.26,0.18517,0.26486,0.17928,0.24754,0.15415,0.13023,0.1977,0.31956,0.44523,0.097745,0.40352,0.32077,0.13309,0.17424,0.47059,0.20859,0.21146,0.14813,0.36948,0.4212,0.30509,0.30251,0.23723,0.085678,0.19726,0.195,0.40668,0.17378,0.15501,0.55217,0.33834,0.1384,0.20892,0.257,0.19289,0.4095,0.23801,0.20081,0.184,0.15633
3.27,0.18539,0.26233,0.17718,0.24646,0.15304,0.12983,0.19727,0.31701,0.44298,0.097301,0.40158,0.31814,0.1322,0.17329,0.46645,0.20938,0.21323,0.14664,0.36785,0.4191,0.30766,0.29924,0.23683,0.08572,0.19568,0.19404,0.40037,0.173,0.15481,0.54487,0.33547,0.13656,0.20725,0.25578,0.19286,0.40823,0.23873,0.2008,0.18466,0.15605
3.28,0.18557,0.2598,0.17508,0.24539,0.15195,0.12944,0.19684,0.31443,0.44066,0.096798,0.3996,0.31549,0.13136,0.17234,0.46223,0.21015,0.21493,0.14517,0.36614,0.41703,0.31026,0.2958,0.23634,0.085787,0.19412,0.19303,0.39412,0.17223,0.15458,0.53755,0.33242,0.13467,0.2056,0.25458,0.19281,0.40679,0.23942,0.20074,0.18524,0.15567
3.29,0.18571,0.25727,0.17298,0.2443,0.15087,0.12905,0.19641,0.31181,0.43829,0.09624,0.39758,0.31281,0.13051,0.17139,0.45791,0.2109,0.21657,0.14371,0.36435,0.41499,0.31288,0.29219,0.23576,0.085879,0.19257,0.19197,0.3879,0.17152,0.15435,0.53024,0.3292,0.13391,0.20396,0.25339,0.19276,0.40518,0.24006,0.20064,0.18573,0.15521
3.3,0.18582,0.25476,0.17088,0.24322,0.14981,0.12867,0.19597,0.30919,0.43584,0.095629,0.39554,0.31012,0.12963,0.17046,0.4535,0.21163,0.21813,0.14226,0.36247,0.41297,0.31553,0.28842,0.23509,0.085994,0.19104,0.19085,0.38178,0.17082,0.15408,0.52302,0.32582,0.13377,0.20233,0.25221,0.19269,0.40339,0.24066,0.2005,0.18613,0.15467
3.31,0.18592,0.25226,0.16878,0.24212,0.14876,0.12829,0.19553,0.30657,0.43333,0.09497,0.39347,0.3074,0.12874,0.16954,0.449,0.21234,0.21964,0.14083,0.3605,0.41098,0.3182,0.28449,0.23433,0.08613,0.18951,0.18971,0.37659,0.17013,0.15378,0.51583,0.32233,0.13377,0.20071,0.25104,0.19261,0.40144,0.24122,0.20032,0.18645,0.15408
3.32,0.18605,0.24977,0.16669,0.24103,0.14772,0.12791,0.19508,0.30393,0.43076,0.094265,0.39136,0.30467,0.12783,0.16862,0.44441,0.21301,0.22106,0.13942,0.35843,0.40902,0.32088,0.28043,0.23347,0.086284,0.18801,0.18851,0.37224,0.1695,0.15346,0.50865,0.31876,0.134,0.1991,0.24989,0.19252,0.39933,0.24174,0.20009,0.18669,0.15343
3.33,0.18624,0.24736,0.16459,0.23993,0.14668,0.12753,0.19464,0.30127,0.42814,0.093515,0.38922,0.30193,0.12693,0.16771,0.43972,0.21366,0.22243,0.13801,0.35626,0.40708,0.32358,0.27623,0.23253,0.086456,0.18652,0.18726,0.36792,0.16888,0.15312,0.5015,0.31511,0.13418,0.1975,0.24875,0.19246,0.39706,0.24223,0.19981,0.18685,0.15352
3.34,0.18641,0.24502,0.16249,0.23882,0.14566,0.12716,0.19419,0.29861,0.42546,0.092721,0.38705,0.29917,0.12605,0.16681,0.43495,0.21428,0.22372,0.13662,0.35399,0.40518,0.32629,0.2719,0.23271,0.086643,0.18504,0.18598,0.36364,0.16827,0.15275,0.49446,0.31141,0.1343,0.19591,0.2476,0.19243,0.39463,0.24268,0.1995,0.18694,0.15428
3.35,0.18655,0.24269,0.16039,0.23772,0.14465,0.12679,0.19374,0.29596,0.42271,0.091885,0.38485,0.2964,0.12515,0.16591,0.43007,0.21488,0.22495,0.13523,0.35163,0.40329,0.32901,0.26745,0.23417,0.086843,0.18358,0.18465,0.35938,0.16769,0.15236,0.48744,0.30767,0.13436,0.19432,0.24648,0.19239,0.39206,0.24309,0.19913,0.18696,0.15502
3.36,0.18666,0.24039,0.1583,0.2366,0.14365,0.12642,0.19328,0.29329,0.41992,0.091011,0.38262,0.29361,0.12423,0.16501,0.42512,0.21544,0.22611,0.13386,0.35023,0.40144,0.33174,0.26289,0.23547,0.087055,0.18214,0.18328,0.35513,0.16714,0.15195,0.48045,0.3039,0.13436,0.19273,0.24536,0.19234,0.38933,0.24346,0.19872,0.18692,0.1557
3.37,0.18671,0.23813,0.15622,0.2355,0.14265,0.12606,0.19282,0.29062,0.41707,0.090101,0.38038,0.2908,0.1233,0.16412,0.42007,0.21598,0.22721,0.1325,0.34921,0.3996,0.33447,0.26094,0.23661,0.087277,0.1807,0.18189,0.35094,0.1666,0.15152,0.47348,0.30008,0.13432,0.19115,0.24425,0.19227,0.38646,0.2438,0.19826,0.18681,0.1563
3.38,0.18696,0.23589,0.15415,0.23438,0.14167,0.1257,0.19236,0.28794,0.41416,0.089157,0.3781,0.28799,0.12235,0.16324,0.41574,0.21648,0.22824,0.13114,0.34816,0.39779,0.33719,0.26017,0.23759,0.087506,0.17928,0.18046,0.34676,0.16608,0.15106,0.46664,0.29626,0.13422,0.18957,0.24315,0.19219,0.38344,0.24411,0.19775,0.18664,0.15681
3.39,0.18732,0.23369,0.15209,0.23326,0.14069,0.12534,0.1919,0.28529,0.41121,0.088178,0.37579,0.28517,0.12147,0.16236,0.41279,0.21695,0.22921,0.12979,0.34708,0.39601,0.33992,0.25924,0.23839,0.087743,0.17787,0.17899,0.3426,0.16559,0.15059,0.45984,0.29242,0.13407,0.188,0.24205,0.19208,0.38029,0.24438,0.19766,0.18641,0.15722
3.4,0.18769,0.23153,0.15005,0.23214,0.13972,0.12498,0.19143,0.28263,0.4082,0.087164,0.37347,0.28234,0.12112,0.16149,0.40983,0.21738,0.23011,0.12845,0.34596,0.39424,0.34264,0.25816,0.23903,0.087984,0.17647,0.17749,0.3385,0.1651,0.15009,0.45307,0.28858,0.13388,0.18643,0.24097,0.19197,0.377,0.24463,0.19799,0.18612,0.15751
3.41,0.18804,0.2294,0.14801,0.23102,0.13876,0.12462,0.19097,0.27996,0.40513,0.086117,0.37112,0.27949,0.12079,0.16062,0.40686,0.21778,0.23095,0.12711,0.3448,0.3925,0.34535,0.25692,0.23949,0.088234,0.17508,0.17597,0.33441,0.16462,0.14957,0.44635,0.28475,0.13364,0.18487,0.23989,0.19183,0.37358,0.24485,0.19828,0.18579,0.15768
3.42,0.18844,0.22731,0.14669,0.22989,0.1378,0.12427,0.1905,0.2773,0.40201,0.085038,0.36875,0.27665,0.12046,0.15976,0.40388,0.21813,0.23173,0.12578,0.34359,0.39078,0.34804,0.25553,0.23979,0.088495,0.1737,0.17441,0.33034,0.16417,0.14904,0.43972,0.28095,0.13337,0.18331,0.23881,0.19167,0.37004,0.24505,0.19852,0.1854,0.15772
3.43,0.18889,0.22526,0.14582,0.22877,0.13686,0.12392,0.19003,0.27467,0.39884,0.083926,0.36636,0.27382,0.12012,0.15891,0.40088,0.21845,0.23245,0.12446,0.34235,0.38909,0.35073,0.254,0.24,0.088756,0.17233,0.17284,0.32632,0.16372,0.14849,0.43317,0.27719,0.13305,0.18177,0.23774,0.19149,0.36637,0.24521,0.19871,0.18497,0.15941
3.44,0.18931,0.22329,0.14495,0.22764,0.13592,0.12357,0.18956,0.27204,0.39562,0.082786,0.36394,0.27101,0.11978,0.15806,0.39787,0.21873,0.23311,0.12314,0.34104,0.3874,0.3534,0.25232,0.24026,0.089017,0.17097,0.17123,0.32233,0.16328,0.14791,0.42666,0.27346,0.1327,0.18023,0.23668,0.19129,0.36257,0.24535,0.19886,0.1845,0.16117
3.45,0.18968,0.22138,0.14408,0.22651,0.13499,0.12323,0.18908,0.26942,0.39235,0.081616,0.36151,0.26851,0.11943,0.15721,0.39485,0.21897,0.2337,0.12183,0.33969,0.38575,0.35605,0.25051,0.24039,0.089277,0.16962,0.1696,0.31837,0.16284,0.14733,0.42021,0.26977,0.13231,0.17871,0.23562,0.19108,0.35866,0.24546,0.19895,0.18399,0.16273
3.46,0.19,0.21952,0.14321,0.22538,0.13407,0.12288,0.18861,0.26681,0.38904,0.080583,0.35906,0.2664,0.11908,0.15665,0.39181,0.21917,0.23424,0.12052,0.33829,0.38411,0.35868,0.24856,0.24039,0.089533,0.16828,0.16796,0.31442,0.16242,0.14673,0.41383,0.26612,0.13189,0.1772,0.23457,0.19084,0.35463,0.24554,0.19899,0.18344,0.16411
3.47,0.1903,0.21769,0.14233,0.22425,0.13316,0.12254,0.18814,0.2642,0.38568,0.080048,0.35659,0.26442,0.11872,0.15644,0.38876,0.21933,0.23472,0.11921,0.33683,0.38249,0.36128,0.24649,0.24027,0.089784,0.16694,0.16628,0.31054,0.16199,0.1461,0.40792,0.26252,0.13144,0.17569,0.23352,0.19059,0.35049,0.24558,0.19899,0.18285,0.16531
3.48,0.19054,0.21591,0.14146,0.22312,0.13226,0.1222,0.18766,0.26164,0.38228,0.079516,0.35411,0.2626,0.11835,0.15615,0.38569,0.21944,0.23515,0.11791,0.33533,0.38088,0.36386,0.24429,0.24003,0.090029,0.16562,0.16459,0.30668,0.16156,0.14547,0.40323,0.25897,0.13095,0.1742,0.23248,0.19032,0.34623,0.24559,0.19893,0.18223,0.16636
3.49,0.19094,0.21416,0.14057,0.22199,0.13137,0.12187,0.18718,0.25909,0.37884,0.078988,0.3516,0.26091,0.11797,0.15584,0.38261,0.2195,0.23552,0.11661,0.33378,0.37929,0.36642,0.24197,0.23967,0.090268,0.1643,0.16289,0.30284,0.16115,0.14483,0.39861,0.25548,0.13045,0.17337,0.23144,0.19003,0.34188,0.24557,0.19882,0.18158,0.16724
3.5,0.19216,0.21246,0.13969,0.22086,0.13049,0.12153,0.1867,0.25655,0.37536,0.078462,0.34909,0.25928,0.11759,0.15546,0.37952,0.21951,0.23585,0.11531,0.33218,0.37773,0.36894,0.23954,0.23921,0.090498,0.163,0.16116,0.29904,0.16072,0.14416,0.39402,0.25205,0.12992,0.17368,0.2304,0.18988,0.33742,0.24552,0.19865,0.1809,0.16795
3.51,0.19331,0.2108,0.13881,0.21973,0.12962,0.12119,0.18623,0.25403,0.37185,0.07794,0.34657,0.25765,0.11722,0.15504,0.37642,0.21946,0.23612,0.11422,0.33054,0.37617,0.37143,0.237,0.23866,0.090719,0.1617,0.15943,0.29529,0.16029,0.14349,0.38946,0.24869,0.12937,0.17404,0.22937,0.19168,0.33348,0.24543,0.19843,0.1802,0.16849
3.52,0.1944,0.20918,0.13792,0.2186,0.12876,0.12086,0.18575,0.25153,0.36832,0.077421,0.34403,0.25603,0.11686,0.15458,0.37331,0.21936,0.23634,0.11402,0.32885,0.37464,0.3739,0.23437,0.23803,0.090929,0.16041,0.15767,0.29157,0.15987,0.1428,0.38492,0.2454,0.1288,0.17444,0.22833,0.19345,0.33003,0.24531,0.19816,0.17947,0.16886
3.53,0.19541,0.20759,0.13703,0.21747,0.12791,0.12053,0.18527,0.24905,0.36476,0.076908,0.34148,0.25439,0.11649,0.15406,0.37019,0.2192,0.23651,0.11383,0.32713,0.37311,0.37633,0.23164,0.23732,0.091149,0.15913,0.15592,0.28788,0.15943,0.1421,0.38041,0.24217,0.12822,0.17489,0.2273,0.19518,0.3265,0.24515,0.19783,0.17872,0.16906
3.54,0.19636,0.20605,0.13614,0.21634,0.12706,0.1202,0.18479,0.24661,0.36119,0.076398,0.33892,0.25275,0.11611,0.15352,0.36707,0.21899,0.23664,0.11364,0.32535,0.3716,0.37872,0.22881,0.23655,0.09136,0.15785,0.15414,0.28422,0.15899,0.14139,0.37597,0.239,0.12762,0.17537,0.22627,0.19688,0.32289,0.24496,0.19744,0.17795,0.1691
3.55,0.19724,0.20454,0.13524,0.21521,0.12623,0.11987,0.18431,0.24419,0.35759,0.075891,0.33636,0.25109,0.11573,0.15295,0.36394,0.21871,0.23671,0.11346,0.32354,0.37011,0.38109,0.22591,0.23571,0.091558,0.15659,0.15236,0.28062,0.15854,0.14067,0.37156,0.23588,0.127,0.17588,0.22524,0.19855,0.31922,0.24474,0.197,0.17717,0.16895
3.56,0.19806,0.20306,0.13435,0.21408,0.12541,0.11954,0.18383,0.24179,0.35399,0.075387,0.33379,0.24941,0.11534,0.15235,0.3608,0.21837,0.23674,0.11327,0.32168,0.36863,0.38341,0.22293,0.23479,0.091742,0.15533,0.15057,0.27705,0.15807,0.13994,0.36718,0.23281,0.12726,0.17642,0.22421,0.20017,0.31547,0.24449,0.1965,0.17637,0.16862
3.57,0.19885,0.20167,0.13345,0.21295,0.1246,0.11921,0.18335,0.23942,0.35037,0.074887,0.33121,0.24771,0.11494,0.15173,0.35766,0.21796,0.23673,0.11308,0.31979,0.36716,0.38571,0.21988,0.23378,0.091912,0.15407,0.14878,0.27351,0.1576,0.1392,0.36284,0.2298,0.12794,0.17699,0.22319,0.20176,0.31166,0.24422,0.19593,0.17556,0.16814
3.58,0.1996,0.20041,0.13255,0.21182,0.12381,0.11889,0.18286,0.23706,0.34676,0.074389,0.32862,0.24599,0.11453,0.15112,0.35452,0.2175,0.23667,0.1129,0.31784,0.3657,0.38797,0.21676,0.2327,0.092115,0.15283,0.14699,0.27,0.15712,0.13846,0.35852,0.22684,0.12853,0.17758,0.22216,0.20331,0.30779,0.24391,0.19531,0.17474,0.16748
3.59,0.20028,0.19928,0.13165,0.2107,0.12302,0.11857,0.18238,0.23474,0.34313,0.073896,0.32604,0.24424,0.11412,0.15054,0.35137,0.21697,0.23656,0.11272,0.31585,0.36426,0.3902,0.21359,0.23152,0.092307,0.1516,0.14519,0.26656,0.15661,0.13771,0.35426,0.22394,0.12904,0.17819,0.22113,0.20482,0.30386,0.24357,0.19462,0.17392,0.16666
3.6,0.20091,0.19818,0.13101,0.20957,0.12224,0.11825,0.1819,0.23246,0.33952,0.073408,0.32346,0.24249,0.11372,0.14999,0.34823,0.21637,0.23642,0.11254,0.31382,0.36282,0.39239,0.21035,0.23025,0.092507,0.15037,0.14341,0.26314,0.15611,0.13695,0.35005,0.22299,0.12947,0.17881,0.2201,0.20628,0.29988,0.24321,0.19387,0.17308,0.16567
3.61,0.20149,0.1971,0.13045,0.20845,0.12148,0.11792,0.18142,0.2302,0.33592,0.072922,0.32087,0.24071,0.11332,0.14947,0.34508,0.2157,0.23623,0.11236,0.31174,0.3614,0.39455,0.20708,0.2289,0.092695,0.14916,0.14162,0.25976,0.15557,0.1362,0.34588,0.22416,0.12981,0.17945,0.21907,0.20771,0.29585,0.24282,0.19306,0.17225,0.16452
3.62,0.20202,0.19605,0.12989,0.20733,0.12073,0.1176,0.18094,0.22797,0.33234,0.072439,0.31828,0.23891,0.11292,0.14893,0.34192,0.21496,0.23601,0.11218,0.30961,0.35998,0.39668,0.20376,0.22746,0.092866,0.14794,0.13984,0.25642,0.15503,0.13545,0.34173,0.22524,0.13007,0.1801,0.21804,0.2091,0.29177,0.2424,0.19218,0.17141,0.16322
3.63,0.20251,0.19502,0.12934,0.20621,0.11998,0.11728,0.18046,0.22577,0.32879,0.071959,0.3157,0.23708,0.11251,0.14839,0.33878,0.21418,0.23575,0.112,0.30743,0.35858,0.39878,0.20042,0.22594,0.09302,0.14674,0.13807,0.25311,0.15446,0.13471,0.33763,0.22624,0.13026,0.18077,0.217,0.21044,0.28765,0.24196,0.19123,0.17056,0.16177
3.64,0.20295,0.19401,0.12879,0.2051,0.11925,0.11696,0.17998,0.22359,0.3253,0.071482,0.31313,0.23524,0.11209,0.14781,0.33563,0.21332,0.23545,0.11181,0.3052,0.35719,0.40084,0.19704,0.22433,0.093157,0.14555,0.1363,0.24986,0.15388,0.13397,0.33357,0.22717,0.13041,0.18144,0.21597,0.21174,0.2835,0.24149,0.19022,0.16972,0.1602
3.65,0.20338,0.19306,0.12824,0.20398,0.11853,0.11665,0.1795,0.22144,0.32189,0.071008,0.31056,0.23338,0.11166,0.14722,0.33249,0.21239,0.23512,0.11162,0.30292,0.3558,0.40287,0.19364,0.22265,0.093275,0.14436,0.13454,0.24664,0.15328,0.13324,0.32956,0.22801,0.13047,0.18211,0.21493,0.21299,0.27932,0.24099,0.18914,0.16888,0.15851
3.66,0.20381,0.19214,0.12769,0.20286,0.11783,0.11633,0.17902,0.21932,0.31871,0.070539,0.30799,0.2315,0.11123,0.1466,0.32935,0.21139,0.23475,0.11143,0.3006,0.35442,0.40487,0.19022,0.22089,0.093376,0.14318,0.13278,0.24346,0.15267,0.1325,0.32559,0.22878,0.13046,0.18279,0.2139,0.21421,0.27511,0.24047,0.188,0.16805,0.15672
3.67,0.20422,0.19124,0.12715,0.20176,0.11713,0.11601,0.17854,0.21725,0.31612,0.070074,0.30543,0.2296,0.1108,0.14595,0.32621,0.21033,0.23435,0.11124,0.29822,0.35304,0.40685,0.1868,0.21906,0.093457,0.14201,0.13104,0.24031,0.15315,0.13176,0.32166,0.22948,0.13038,0.18346,0.21286,0.21537,0.27088,0.23992,0.18678,0.16722,0.15482
3.68,0.20459,0.19035,0.12661,0.20064,0.11645,0.1157,0.17806,0.2152,0.31485,0.069611,0.30287,0.22768,0.11038,0.14527,0.32308,0.20921,0.23391,0.11104,0.2958,0.35168,0.40881,0.18337,0.21716,0.093529,0.14084,0.12931,0.2372,0.15372,0.13101,0.31776,0.2301,0.13022,0.18414,0.21182,0.21649,0.26663,0.23936,0.1855,0.16639,0.15283
3.69,0.20492,0.18949,0.12607,0.19954,0.11578,0.11538,0.17758,0.21318,0.31406,0.069152,0.30033,0.22574,0.10995,0.14456,0.31996,0.20802,0.23343,0.11084,0.29332,0.35032,0.41074,0.17994,0.21519,0.093602,0.13968,0.12758,0.23414,0.15429,0.13026,0.31391,0.23065,0.12999,0.18482,0.21079,0.21757,0.26238,0.23877,0.18416,0.16557,0.15074
3.7,0.20521,0.18863,0.12553,0.19844,0.11512,0.11507,0.1771,0.21119,0.31324,0.068695,0.29779,0.22429,0.10952,0.14384,0.31684,0.20676,0.23292,0.11064,0.2908,0.34896,0.41266,0.17653,0.21317,0.093655,0.13853,0.12587,0.23112,0.15484,0.1295,0.31012,0.23113,0.1297,0.18549,0.20975,0.21859,0.2581,0.23816,0.18274,0.16475,0.14857
3.71,0.20547,0.18778,0.12499,0.19733,0.11447,0.11476,0.17663,0.20923,0.31238,0.068241,0.29526,0.22309,0.10908,0.14309,0.31372,0.20596,0.23238,0.11043,0.28823,0.34761,0.41456,0.17312,0.21109,0.093689,0.13739,0.12417,0.22814,0.1554,0.12874,0.30636,0.23154,0.12934,0.18615,0.20871,0.21958,0.25459,0.23753,0.18221,0.16395,0.14633
3.72,0.20568,0.18695,0.12446,0.19624,0.11383,0.11444,0.17615,0.20729,0.31148,0.06779,0.29274,0.2219,0.10863,0.14232,0.31061,0.20516,0.23181,0.11022,0.28561,0.34627,0.41644,0.16974,0.20896,0.093703,0.13626,0.12249,0.22519,0.15595,0.12797,0.30264,0.23189,0.12894,0.18681,0.20767,0.22051,0.25149,0.23688,0.18177,0.16315,0.14404
3.73,0.20585,0.18612,0.12393,0.19514,0.11321,0.11413,0.17568,0.20538,0.31056,0.067344,0.29024,0.2207,0.10818,0.14154,0.30752,0.20428,0.2312,0.11,0.28294,0.34493,0.41828,0.16638,0.20678,0.093697,0.13513,0.12083,0.22227,0.15649,0.12719,0.29896,0.23273,0.12852,0.18746,0.20662,0.2214,0.24836,0.23622,0.1813,0.16237,0.1417
3.74,0.20599,0.18533,0.1234,0.19405,0.11259,0.11382,0.1752,0.20351,0.30961,0.066901,0.28774,0.2195,0.10774,0.14075,0.30443,0.20337,0.23057,0.10978,0.28023,0.34359,0.42007,0.16306,0.20456,0.09367,0.13401,0.11918,0.2194,0.15701,0.12641,0.29532,0.23522,0.12864,0.18811,0.20557,0.22225,0.24521,0.23554,0.18079,0.1616,0.13934
3.75,0.20613,0.18456,0.12288,0.19296,0.11199,0.1135,0.17473,0.20167,0.30863,0.066461,0.28525,0.21829,0.1073,0.13995,0.30135,0.20239,0.22992,0.10955,0.27766,0.34226,0.42181,0.15977,0.2023,0.093624,0.13291,0.11755,0.21657,0.15753,0.12561,0.29174,0.23758,0.12889,0.18874,0.20452,0.22305,0.24203,0.23485,0.18024,0.16084,0.13697
3.76,0.20628,0.1838,0.12235,0.19187,0.1114,0.11319,0.17426,0.19986,0.30763,0.066023,0.28277,0.21709,0.10685,0.13915,0.29828,0.20137,0.22925,0.10932,0.27565,0.34093,0.42351,0.15652,0.20001,0.093557,0.1318,0.11594,0.21378,0.15804,0.12482,0.2882,0.2398,0.12909,0.18936,0.20347,0.2238,0.23884,0.23415,0.17965,0.16008,0.13461
3.77,0.20641,0.18304,0.12183,0.19079,0.11082,0.11289,0.17379,0.19807,0.3066,0.065589,0.28031,0.21588,0.1064,0.13836,0.29522,0.20028,0.22856,0.10908,0.27362,0.33961,0.42516,0.15331,0.19768,0.09347,0.13071,0.11434,0.21102,0.15852,0.12402,0.2847,0.24189,0.12925,0.18997,0.20241,0.22452,0.23562,0.23343,0.17902,0.15935,0.13225
3.78,0.20649,0.18229,0.12131,0.18971,0.11026,0.11258,0.17332,0.19632,0.30554,0.065157,0.27785,0.21466,0.10594,0.13757,0.29218,0.19915,0.22785,0.10884,0.27158,0.33828,0.42677,0.15016,0.19533,0.093363,0.12962,0.11277,0.2083,0.15899,0.12321,0.28123,0.24384,0.12937,0.19057,0.20134,0.22519,0.2324,0.2327,0.17835,0.15863,0.12991
3.79,0.20653,0.18153,0.1208,0.18863,0.1097,0.11227,0.17285,0.19459,0.30446,0.064728,0.27541,0.21345,0.10547,0.13677,0.28915,0.19797,0.22713,0.10859,0.26953,0.33696,0.42854,0.14707,0.19296,0.093247,0.12854,0.11122,0.20562,0.15946,0.1224,0.27781,0.24565,0.12946,0.19116,0.20027,0.22581,0.22915,0.23195,0.17765,0.15792,0.12759
3.8,0.20652,0.18077,0.12028,0.18756,0.10916,0.11196,0.17239,0.19288,0.30336,0.064303,0.27298,0.21223,0.10501,0.13597,0.28613,0.19674,0.22641,0.10833,0.26747,0.33564,0.43128,0.14404,0.19135,0.093132,0.12747,0.10969,0.20297,0.15991,0.12159,0.27443,0.24733,0.12951,0.19173,0.19919,0.22639,0.2259,0.23119,0.1769,0.15722,0.12529
3.81,0.20648,0.18001,0.11977,0.18649,0.10863,0.11164,0.17192,0.1912,0.30222,0.063882,0.27056,0.21102,0.10456,0.13516,0.28313,0.19545,0.22567,0.10807,0.26541,0.33433,0.43396,0.14107,0.18992,0.092996,0.12641,0.10818,0.20035,0.16033,0.12077,0.2711,0.24887,0.12954,0.19229,0.19811,0.22693,0.22263,0.23042,0.17611,0.15654,0.12303
3.82,0.20639,0.17927,0.11926,0.18542,0.10811,0.11134,0.17146,0.18955,0.30106,0.063463,0.26815,0.2098,0.1041,0.13432,0.28014,0.19413,0.22492,0.1078,0.26334,0.33302,0.43658,0.13817,0.18836,0.092841,0.12535,0.1067,0.19778,0.16074,0.11996,0.26781,0.25028,0.12953,0.19283,0.19701,0.22744,0.21936,0.22963,0.17529,0.15588,0.12079
3.83,0.20627,0.17855,0.11875,0.18436,0.1076,0.11103,0.171,0.18792,0.29986,0.063047,0.26575,0.20857,0.10363,0.13348,0.27716,0.19275,0.22417,0.10753,0.26126,0.3317,0.43915,0.13535,0.18669,0.092666,0.1244,0.10524,0.19524,0.16115,0.11914,0.26456,0.25157,0.12949,0.19336,0.19591,0.2279,0.21609,0.22883,0.17442,0.15522,0.11859
3.84,0.20613,0.17782,0.11825,0.1833,0.1071,0.11072,0.17055,0.18632,0.29864,0.062634,0.26336,0.20735,0.10316,0.13262,0.27421,0.19134,0.22339,0.10725,0.25918,0.3304,0.44163,0.1326,0.18491,0.092472,0.12385,0.1038,0.19274,0.16152,0.11833,0.26136,0.25273,0.12942,0.19387,0.1948,0.22833,0.21281,0.22801,0.17352,0.15459,0.11644
3.85,0.20622,0.17708,0.11775,0.18224,0.10661,0.11041,0.17009,0.18475,0.29741,0.062223,0.26098,0.20613,0.10268,0.13176,0.27127,0.18987,0.2226,0.10697,0.25709,0.32909,0.44404,0.12994,0.18304,0.092259,0.12331,0.10239,0.19028,0.16189,0.11752,0.25819,0.25378,0.12931,0.19436,0.19368,0.22873,0.20954,0.22718,0.17258,0.15397,0.11432
3.86,0.20628,0.17634,0.11725,0.18119,0.10613,0.1101,0.16964,0.1832,0.29614,0.061815,0.25861,0.2049,0.10222,0.13088,0.26835,0.18837,0.22179,0.10668,0.255,0.32778,0.44635,0.12735,0.18108,0.092027,0.12277,0.101,0.18784,0.16224,0.11671,0.25506,0.25473,0.12917,0.19484,0.19256,0.2291,0.20627,0.22634,0.17159,0.15336,0.11225
3.87,0.2063,0.17558,0.11675,0.18014,0.10567,0.10979,0.16919,0.18167,0.29485,0.061411,0.25625,0.20368,0.10175,0.13,0.26545,0.18682,0.22095,0.10638,0.2529,0.32648,0.44856,0.12485,0.17903,0.091777,0.12223,0.099644,0.18545,0.16256,0.11589,0.25197,0.25557,0.12898,0.1953,0.19142,0.22945,0.20301,0.22549,0.17057,0.15277,0.11024
3.88,0.20628,0.17481,0.11625,0.1791,0.10521,0.10948,0.16874,0.18017,0.29353,0.061011,0.25391,0.20245,0.10128,0.12912,0.26256,0.18524,0.22009,0.10608,0.25079,0.32518,0.45066,0.12244,0.17692,0.091508,0.1217,0.09831,0.18308,0.16289,0.11508,0.24894,0.25632,0.12877,0.19574,0.19028,0.2298,0.19976,0.22462,0.16951,0.15219,0.10828
3.89,0.20621,0.17408,0.11576,0.17806,0.10477,0.10918,0.16829,0.17869,0.29219,0.060612,0.25157,0.20123,0.1008,0.12849,0.25969,0.18362,0.2192,0.10578,0.24868,0.32387,0.45266,0.12012,0.17474,0.091221,0.12117,0.097003,0.18075,0.16318,0.11427,0.24594,0.25698,0.12852,0.19625,0.18913,0.23021,0.19652,0.22375,0.16841,0.15163,0.10735
3.9,0.2061,0.17334,0.11527,0.17702,0.10434,0.10887,0.16785,0.17723,0.29083,0.060217,0.24925,0.2,0.10031,0.12794,0.25684,0.18196,0.21828,0.10547,0.24657,0.32257,0.45456,0.11788,0.1725,0.090928,0.12064,0.095725,0.17846,0.16347,0.11346,0.24298,0.25756,0.12825,0.1976,0.18798,0.23062,0.19329,0.22288,0.16758,0.15108,0.10649
3.91,0.20594,0.17258,0.11478,0.17599,0.10391,0.10856,0.16741,0.17578,0.28944,0.059824,0.24693,0.19877,0.099839,0.12739,0.254,0.18028,0.21734,0.10515,0.24444,0.32127,0.45636,0.11589,0.17022,0.090636,0.12011,0.094477,0.17619,0.16373,0.11265,0.24006,0.25806,0.12794,0.19896,0.18681,0.23102,0.19008,0.22199,0.16737,0.15054,0.10564
3.92,0.20573,0.17181,0.11429,0.17496,0.1035,0.10825,0.16697,0.17436,0.28804,0.059433,0.24462,0.19755,0.099367,0.12683,0.25118,0.17856,0.21636,0.10483,0.24232,0.31998,0.45806,0.11526,0.1679,0.090328,0.11958,0.093257,0.17397,0.16398,0.11184,0.23719,0.25849,0.12761,0.20032,0.18564,0.23138,0.18689,0.22109,0.16713,0.15002,0.10478
3.93,0.20548,0.17123,0.11381,0.17393,0.1031,0.10794,0.16653,0.17297,0.28661,0.059046,0.24233,0.19633,0.098976,0.12626,0.24838,0.17681,0.21537,0.10451,0.24019,0.31868,0.45966,0.11461,0.16555,0.090002,0.11906,0.092065,0.17177,0.16421,0.11103,0.23435,0.25885,0.12725,0.20168,0.18447,0.23171,0.18372,0.22018,0.16685,0.14951,0.10392
3.94,0.2052,0.17064,0.11332,0.17291,0.1027,0.10763,0.1661,0.17159,0.28517,0.058662,0.24004,0.1951,0.09864,0.12567,0.2456,0.17503,0.21434,0.10418,0.23805,0.31738,0.46115,0.11393,0.16317,0.08966,0.11854,0.090902,0.16961,0.16441,0.11022,0.23155,0.25915,0.12686,0.20304,0.18329,0.23202,0.18057,0.21926,0.16654,0.14901,0.10307
3.95,0.20488,0.17024,0.11284,0.1719,0.10232,0.10732,0.16566,0.17024,0.28369,0.058281,0.23776,0.19388,0.098297,0.12506,0.24284,0.17323,0.21329,0.10385,0.23591,0.31609,0.46255,0.11323,0.16077,0.089301,0.11802,0.089769,0.16749,0.16461,0.1094,0.22879,0.25939,0.12643,0.20439,0.1821,0.23232,0.17745,0.21833,0.1662,0.14853,0.10222
3.96,0.20453,0.17015,0.11236,0.17088,0.10194,0.10701,0.16523,0.1689,0.28221,0.057902,0.2355,0.19266,0.097946,0.12444,0.24009,0.1714,0.21221,0.10351,0.23377,0.31479,0.46383,0.11251,0.15837,0.088928,0.11751,0.088665,0.1654,0.16477,0.10858,0.22607,0.25957,0.12597,0.20574,0.18091,0.23268,0.17435,0.21738,0.16583,0.14805,0.10137
3.97,0.20415,0.17007,0.11189,0.16988,0.10158,0.1067,0.16479,0.16758,0.28069,0.057526,0.23324,0.19145,0.097611,0.12379,0.23737,0.16955,0.21111,0.10317,0.23162,0.3135,0.46502,0.11177,0.15629,0.088538,0.117,0.087592,0.16334,0.16492,0.10776,0.22339,0.2597,0.12547,0.20708,0.17971,0.23303,0.17128,0.21642,0.16542,0.14759,0.10053
3.98,0.20374,0.16998,0.11141,0.16887,0.10122,0.10639,0.16436,0.16627,0.27917,0.057152,0.23099,0.19023,0.09727,0.12313,0.23466,0.16768,0.20999,0.10282,0.22947,0.31221,0.4661,0.111,0.15479,0.088134,0.11649,0.086549,0.16131,0.16504,0.10694,0.22076,0.25978,0.12495,0.20842,0.17851,0.23335,0.16824,0.21545,0.16498,0.14714,0.099689
3.99,0.20329,0.1699,0.11094,0.16787,0.10088,0.10608,0.16392,0.16498,0.27762,0.056781,0.22876,0.18902,0.096922,0.12245,0.23197,0.16578,0.20883,0.10247,0.22733,0.31102,0.46708,0.11022,0.1533,0.087716,0.11598,0.085537,0.15932,0.16514,0.10611,0.21816,0.25981,0.12439,0.20976,0.17731,0.23365,0.16524,0.21455,0.16451,0.1467,0.098858
4,0.20281,0.16981,0.11047,0.16688,0.10054,0.10577,0.16349,0.16371,0.27606,0.056414,0.22653,0.1878,0.096567,0.12175,0.22931,0.16386,0.20766,0.10211,0.22518,0.31113,0.46796,0.10942,0.15182,0.087283,0.11548,0.084555,0.15736,0.16523,0.10529,0.2156,0.25979,0.1238,0.21109,0.1761,0.23393,0.16226,0.21381,0.16401,0.14626,0.098037
4.01,0.20229,0.16972,0.11001,0.16589,0.10021,0.10546,0.16306,0.16245,0.27448,0.056049,0.22432,0.1866,0.096205,0.12103,0.22665,0.16193,0.20647,0.10175,0.22304,0.31127,0.46874,0.10859,0.15036,0.086837,0.11498,0.083605,0.15543,0.16528,0.10446,0.21308,0.25972,0.12318,0.21241,0.1749,0.23418,0.15932,0.21306,0.16348,0.14584,0.097222
4.02,0.20174,0.16963,0.10954,0.1649,0.09989,0.10515,0.16263,0.16121,0.27289,0.055687,0.22212,0.18539,0.095836,0.1203,0.22414,0.15999,0.20525,0.10139,0.22091,0.31144,0.46942,0.10775,0.14893,0.0864,0.11448,0.082685,0.15354,0.16531,0.10362,0.2106,0.2596,0.12254,0.21371,0.17369,0.2344,0.15642,0.21231,0.16291,0.14542,0.096417
4.03,0.20116,0.16953,0.10908,0.16392,0.099577,0.10484,0.16219,0.15999,0.27128,0.055327,0.21992,0.18419,0.095466,0.11955,0.22255,0.15802,0.20402,0.10102,0.21895,0.31165,0.47,0.1069,0.14752,0.085956,0.11398,0.081797,0.15168,0.16533,0.10279,0.20816,0.25944,0.12187,0.21501,0.17247,0.23461,0.15355,0.21155,0.16231,0.14501,0.095621
4.04,0.20056,0.16943,0.10862,0.16294,0.099273,0.10453,0.16176,0.15879,0.26967,0.054969,0.21774,0.18299,0.095107,0.11878,0.22097,0.15604,0.20277,0.10064,0.21781,0.3119,0.47048,0.10603,0.14702,0.085499,0.11349,0.080939,0.14985,0.16532,0.10196,0.20575,0.25923,0.1212,0.21629,0.17126,0.23482,0.15072,0.21079,0.16169,0.14461,0.094836
4.05,0.19993,0.16932,0.10817,0.16197,0.098978,0.10422,0.16133,0.15759,0.26803,0.054614,0.21557,0.1818,0.094742,0.118,0.2194,0.15405,0.20149,0.10026,0.21666,0.31219,0.47087,0.10514,0.14721,0.085029,0.113,0.080113,0.14805,0.16529,0.10112,0.20338,0.25896,0.12052,0.21756,0.17004,0.23507,0.14794,0.21002,0.16103,0.14422,0.094061
4.06,0.19929,0.16921,0.10772,0.161,0.098689,0.10391,0.1609,0.15641,0.2664,0.054263,0.21342,0.18061,0.09437,0.11721,0.21784,0.15204,0.2002,0.099879,0.21552,0.31251,0.47117,0.10423,0.14738,0.084548,0.11251,0.079317,0.14629,0.16523,0.10029,0.20105,0.25866,0.11981,0.21882,0.16882,0.23531,0.14519,0.20925,0.16034,0.14383,0.093298
4.07,0.19863,0.16909,0.10726,0.16004,0.098408,0.1036,0.16047,0.15524,0.26474,0.053913,0.21127,0.17943,0.093991,0.11648,0.21629,0.15003,0.1989,0.099489,0.21438,0.31286,0.47137,0.10332,0.14753,0.084056,0.11202,0.078553,0.14456,0.16515,0.09945,0.19876,0.2583,0.11907,0.22006,0.16761,0.23554,0.14249,0.20847,0.15962,0.14345,0.092547
4.08,0.19795,0.16896,0.10695,0.15908,0.098135,0.10328,0.16004,0.15409,0.26308,0.053566,0.20914,0.17825,0.093606,0.11661,0.21474,0.148,0.19758,0.099093,0.21324,0.31324,0.47147,0.10239,0.14767,0.083553,0.11154,0.077822,0.14359,0.16505,0.098607,0.1965,0.25789,0.11831,0.22128,0.16638,0.23575,0.13983,0.20769,0.15887,0.14307,0.091808
4.09,0.19724,0.16884,0.10672,0.15813,0.09787,0.10297,0.1596,0.15294,0.26142,0.053222,0.20702,0.17709,0.093215,0.11672,0.21321,0.14597,0.19625,0.098692,0.2121,0.31514,0.47148,0.10144,0.14778,0.08304,0.11106,0.077122,0.14276,0.16492,0.097772,0.19428,0.25742,0.11752,0.22248,0.16517,0.23593,0.13722,0.20691,0.15809,0.1427,0.091081
4.1,0.19651,0.16872,0.10649,0.15718,0.09761,0.10266,0.15917,0.15181,0.25974,0.052879,0.20492,0.17592,0.092818,0.11682,0.21168,0.14393,0.1949,0.098287,0.21097,0.31705,0.4714,0.10168,0.14789,0.082517,0.11058,0.076452,0.14194,0.16476,0.096933,0.19209,0.2569,0.11669,0.22367,0.16395,0.23611,0.13466,0.20613,0.15728,0.14232,0.090368
4.11,0.19575,0.16859,0.10626,0.15623,0.097358,0.10235,0.15874,0.1507,0.25806,0.05254,0.20283,0.17478,0.092415,0.1169,0.21015,0.14189,0.19354,0.097875,0.20984,0.31891,0.47125,0.10221,0.14797,0.081984,0.1101,0.075813,0.14112,0.16459,0.096088,0.18994,0.25631,0.11583,0.22484,0.16273,0.23628,0.13214,0.20534,0.15643,0.14196,0.089669
4.12,0.19497,0.16845,0.10603,0.15529,0.097113,0.10203,0.1583,0.14959,0.25638,0.052204,0.20075,0.17365,0.092027,0.11696,0.20864,0.13985,0.19217,0.097457,0.20872,0.32073,0.47103,0.10271,0.14804,0.081444,0.10963,0.075203,0.14029,0.1644,0.095242,0.18783,0.25566,0.11493,0.22599,0.16151,0.23644,0.12967,0.20455,0.15555,0.14159,0.088983
4.13,0.19416,0.1683,0.1058,0.15436,0.096874,0.10172,0.15787,0.1485,0.2547,0.051869,0.19872,0.17254,0.091634,0.117,0.20713,0.1378,0.19079,0.097033,0.2076,0.32251,0.47076,0.10319,0.1481,0.080918,0.10916,0.074624,0.13947,0.16417,0.094403,0.18575,0.25496,0.114,0.22712,0.16029,0.23658,0.12748,0.20375,0.15465,0.14123,0.088312
4.14,0.19333,0.16814,0.10557,0.15343,0.096641,0.10141,0.15744,0.14742,0.25302,0.051537,0.19764,0.17148,0.091236,0.11703,0.20563,0.13766,0.1894,0.096605,0.20648,0.32424,0.47043,0.10365,0.14814,0.080596,0.10869,0.074076,0.13864,0.16393,0.093559,0.18371,0.25421,0.11304,0.22823,0.15907,0.23671,0.12533,0.20295,0.15371,0.14087,0.087655
4.15,0.1925,0.16796,0.10534,0.15251,0.096414,0.10109,0.157,0.14634,0.25133,0.051207,0.19657,0.17053,0.090832,0.11705,0.20414,0.13754,0.188,0.096172,0.20537,0.32593,0.47005,0.10407,0.14816,0.0803,0.10822,0.073579,0.13782,0.16366,0.092711,0.1817,0.2534,0.11206,0.22932,0.15786,0.23683,0.12321,0.20215,0.15273,0.14051,0.087014
4.16,0.19175,0.16778,0.1051,0.15159,0.096194,0.10078,0.15657,0.14528,0.24964,0.050879,0.19551,0.16961,0.090423,0.11705,0.20266,0.13739,0.1866,0.095733,0.20426,0.32758,0.46963,0.10446,0.14817,0.079992,0.10776,0.073126,0.137,0.16337,0.091859,0.17973,0.25254,0.11104,0.2304,0.15664,0.23696,0.12111,0.20134,0.15173,0.14015,0.086388
4.17,0.19104,0.16758,0.10487,0.15067,0.095979,0.10046,0.15613,0.14422,0.24795,0.050555,0.19445,0.1687,0.090008,0.11703,0.20118,0.13724,0.18519,0.095287,0.20316,0.32919,0.46917,0.10481,0.14816,0.079671,0.1073,0.072695,0.13617,0.16306,0.091016,0.17779,0.25163,0.10999,0.23145,0.15544,0.23718,0.11903,0.20053,0.1507,0.13979,0.085777
4.18,0.19032,0.16737,0.10463,0.14977,0.095769,0.10014,0.1557,0.14319,0.24626,0.050233,0.19339,0.16779,0.089588,0.117,0.19972,0.13706,0.18378,0.094836,0.20206,0.33075,0.46867,0.10513,0.14814,0.07934,0.10685,0.072284,0.13536,0.16272,0.090196,0.17589,0.25067,0.10891,0.23248,0.15423,0.23754,0.11697,0.19971,0.14964,0.13944,0.085182
4.19,0.18958,0.16715,0.10439,0.14887,0.095564,0.099829,0.15526,0.14216,0.24456,0.049913,0.19234,0.16688,0.089163,0.11697,0.19825,0.13685,0.18236,0.09438,0.20097,0.33227,0.46815,0.1054,0.1481,0.07901,0.10639,0.071899,0.13455,0.16236,0.090304,0.17402,0.24964,0.10781,0.23349,0.15303,0.23789,0.11595,0.19889,0.14855,0.13907,0.084603
4.2,0.18883,0.16692,0.10415,0.14797,0.095366,0.099515,0.15483,0.14116,0.24286,0.049631,0.19129,0.16598,0.088733,0.11691,0.1968,0.13663,0.18094,0.093922,0.19988,0.33375,0.46762,0.10564,0.14805,0.07868,0.10594,0.071537,0.13374,0.16198,0.090382,0.17218,0.24853,0.10668,0.23448,0.15183,0.23843,0.11498,0.19807,0.14742,0.13871,0.08404
4.21,0.18806,0.16667,0.10391,0.14708,0.095172,0.099199,0.15439,0.14047,0.24116,0.049486,0.19025,0.16507,0.088309,0.11684,0.19535,0.13639,0.17952,0.093458,0.1988,0.33518,0.46846,0.10583,0.14799,0.07834,0.10549,0.071196,0.13293,0.16158,0.090441,0.17037,0.24734,0.10552,0.23545,0.15063,0.2391,0.11401,0.19724,0.14628,0.13835,0.083494
4.22,0.18728,0.16641,0.10367,0.1462,0.094983,0.098882,0.15396,0.13977,0.23945,0.049337,0.1892,0.16417,0.08789,0.11675,0.19392,0.13613,0.17811,0.092989,0.19773,0.33658,0.46934,0.10599,0.14791,0.077989,0.10504,0.070876,0.13212,0.16114,0.090476,0.1686,0.24607,0.10434,0.23641,0.14944,0.2398,0.11304,0.19641,0.1451,0.13798,0.082964
4.23,0.18654,0.16614,0.10343,0.14532,0.094798,0.098565,0.15352,0.13909,0.23774,0.049186,0.18817,0.16327,0.087467,0.11666,0.19248,0.13585,0.17669,0.092514,0.19666,0.33793,0.47018,0.10609,0.14782,0.077629,0.1046,0.070577,0.13131,0.1607,0.090482,0.16686,0.24472,0.10314,0.23734,0.14852,0.24049,0.11207,0.19559,0.1439,0.13761,0.08245
4.24,0.18583,0.16585,0.10318,0.14445,0.094618,0.098247,0.15308,0.1384,0.23603,0.049031,0.18713,0.16237,0.087038,0.11655,0.19106,0.13556,0.17527,0.092035,0.19559,0.33924,0.47099,0.10615,0.14771,0.077259,0.10416,0.070303,0.1305,0.16023,0.090475,0.16515,0.24329,0.10191,0.23826,0.14814,0.24115,0.11111,0.19476,0.14267,0.13723,0.081954
4.25,0.18511,0.16558,0.10293,0.14359,0.094442,0.097931,0.15265,0.13772,0.23432,0.048873,0.1861,0.16148,0.086606,0.11643,0.18964,0.13525,0.17386,0.091555,0.19453,0.3405,0.47176,0.10617,0.14759,0.076879,0.10372,0.07005,0.12969,0.15973,0.090438,0.16347,0.24178,0.10067,0.23916,0.14776,0.2418,0.11015,0.19392,0.14142,0.13686,0.081474
4.26,0.18439,0.16529,0.10269,0.14274,0.09427,0.097614,0.15221,0.13704,0.2326,0.048712,0.18508,0.16058,0.086169,0.11629,0.18824,0.13491,0.17245,0.091071,0.19348,0.34173,0.4725,0.10614,0.14747,0.076502,0.10328,0.069818,0.12889,0.15922,0.090382,0.16183,0.24018,0.099409,0.24003,0.14737,0.24241,0.10919,0.19309,0.14014,0.13647,0.081012
4.27,0.18364,0.16499,0.10244,0.14189,0.094103,0.097297,0.15177,0.13636,0.23089,0.048549,0.18406,0.15969,0.085727,0.11616,0.18683,0.13457,0.17104,0.090583,0.19285,0.34292,0.47321,0.10606,0.14733,0.076128,0.10284,0.069606,0.12809,0.15869,0.090307,0.16021,0.23848,0.098831,0.24089,0.14698,0.24301,0.10824,0.19225,0.13885,0.13608,0.080566
4.28,0.18289,0.16468,0.10219,0.14105,0.093939,0.096978,0.15133,0.13568,0.22917,0.048383,0.18304,0.15879,0.085282,0.116,0.18544,0.1342,0.16964,0.090091,0.19233,0.34407,0.47387,0.10593,0.14718,0.075745,0.10241,0.069414,0.1273,0.15813,0.090205,0.15863,0.23667,0.098678,0.24173,0.14659,0.24359,0.10729,0.19141,0.13753,0.13569,0.080138
4.29,0.18213,0.16435,0.10194,0.14022,0.093778,0.09666,0.15089,0.13538,0.22746,0.048214,0.18203,0.1579,0.084833,0.11583,0.18406,0.13382,0.16825,0.089595,0.19181,0.34518,0.4745,0.10576,0.14702,0.075355,0.10198,0.069242,0.12651,0.15754,0.090091,0.15707,0.23476,0.098522,0.24254,0.14619,0.24414,0.10634,0.19057,0.13619,0.13529,0.079727
4.3,0.18135,0.16401,0.10168,0.13939,0.093621,0.096343,0.15046,0.13565,0.22574,0.048043,0.18102,0.157,0.08438,0.11565,0.18268,0.13343,0.16686,0.089099,0.19131,0.34625,0.47507,0.10554,0.14685,0.074956,0.10155,0.069092,0.12572,0.15696,0.089951,0.15555,0.23273,0.098366,0.24334,0.1458,0.24466,0.1054,0.18972,0.13483,0.13488,0.079333
4.31,0.18056,0.16365,0.10143,0.13857,0.093467,0.096025,0.15002,0.13591,0.22403,0.047869,0.18002,0.15611,0.083925,0.11547,0.18131,0.13302,0.16548,0.088602,0.19081,0.34729,0.47561,0.10527,0.14667,0.074551,0.10113,0.068969,0.12493,0.15634,0.0898,0.15405,0.23059,0.098207,0.24411,0.1454,0.24517,0.10447,0.18887,0.13345,0.13447,0.078956
4.32,0.17976,0.16328,0.10118,0.13775,0.093317,0.095706,0.14958,0.13615,0.22231,0.047695,0.17902,0.15521,0.083483,0.11528,0.17995,0.13259,0.1641,0.088101,0.19032,0.34828,0.47609,0.10495,0.14649,0.074139,0.1007,0.068885,0.12415,0.1557,0.089624,0.15258,0.22833,0.098044,0.24486,0.145,0.24564,0.10353,0.18802,0.13205,0.13426,0.078597
4.33,0.17894,0.1629,0.10092,0.13694,0.093168,0.095387,0.14914,0.13637,0.2206,0.047517,0.17802,0.15432,0.083038,0.11507,0.1786,0.13215,0.16274,0.087598,0.18984,0.34924,0.47653,0.10459,0.1463,0.07372,0.10028,0.068821,0.12336,0.15505,0.089439,0.15114,0.22596,0.097878,0.24558,0.14459,0.2461,0.1026,0.18716,0.13064,0.13425,0.078255
4.34,0.17811,0.1625,0.10066,0.13614,0.093024,0.095069,0.1487,0.13658,0.21887,0.047337,0.17703,0.15342,0.082589,0.11485,0.17725,0.1317,0.16138,0.087093,0.18936,0.35016,0.47693,0.10418,0.14611,0.073307,0.099861,0.068777,0.12258,0.15437,0.089234,0.14973,0.22348,0.097708,0.24629,0.14419,0.24655,0.10168,0.1863,0.12921,0.13425,0.07793
4.35,0.17727,0.16209,0.1004,0.13534,0.092882,0.094751,0.14826,0.13676,0.21716,0.047156,0.17605,0.15253,0.082137,0.11462,0.17591,0.13122,0.16003,0.086589,0.18889,0.35104,0.47728,0.10372,0.14592,0.072897,0.099444,0.068753,0.12181,0.15367,0.089016,0.14835,0.22088,0.097535,0.24697,0.14378,0.24697,0.10075,0.18544,0.12783,0.13424,0.077622
4.36,0.17642,0.16167,0.10014,0.13454,0.092742,0.094433,0.14782,0.13693,0.21544,0.046973,0.17506,0.15164,0.081682,0.11439,0.17458,0.13075,0.15869,0.086084,0.18843,0.35188,0.47758,0.10322,0.14576,0.07248,0.099029,0.068746,0.12103,0.15297,0.088787,0.14699,0.21818,0.097359,0.24764,0.14337,0.24738,0.099837,0.18457,0.1273,0.13422,0.077332
4.37,0.17555,0.16125,0.099883,0.13375,0.092605,0.094113,0.14738,0.13708,0.21372,0.046789,0.17409,0.15074,0.081224,0.11414,0.17326,0.13025,0.15737,0.085577,0.18798,0.35269,0.47784,0.10267,0.1457,0.072058,0.098617,0.068755,0.12027,0.15224,0.088546,0.14566,0.21538,0.09718,0.24828,0.14296,0.24776,0.098923,0.1837,0.12676,0.1342,0.077058
4.38,0.17468,0.16083,0.099621,0.13297,0.09247,0.093796,0.14694,0.13721,0.21201,0.046603,0.17311,0.14985,0.080762,0.11389,0.17194,0.12974,0.15605,0.085069,0.18753,0.35345,0.47806,0.10208,0.14565,0.071631,0.098208,0.068781,0.11951,0.15149,0.088293,0.14436,0.21249,0.096999,0.2489,0.14255,0.24812,0.098015,0.18283,0.12622,0.13417,0.076863
4.39,0.1738,0.16039,0.099359,0.13219,0.092337,0.093478,0.1465,0.13734,0.21029,0.046415,0.17214,0.14896,0.080298,0.11362,0.17064,0.12922,0.15474,0.08456,0.18709,0.35418,0.47823,0.10145,0.14559,0.071198,0.097801,0.068822,0.11875,0.15094,0.088031,0.14308,0.20969,0.096815,0.2495,0.14214,0.24844,0.09711,0.18195,0.12566,0.13414,0.076926
4.4,0.1729,0.15994,0.099095,0.13141,0.092206,0.093159,0.14606,0.13744,0.20858,0.046225,0.17118,0.14807,0.079831,0.11335,0.16934,0.12868,0.15345,0.084052,0.18665,0.35486,0.47836,0.10078,0.14553,0.070769,0.097397,0.068879,0.118,0.15061,0.087762,0.14184,0.2072,0.096627,0.25009,0.14173,0.24874,0.096209,0.18108,0.12509,0.1341,0.07699
4.41,0.172,0.15947,0.098829,0.13064,0.092077,0.092839,0.14562,0.13754,0.20687,0.046034,0.17022,0.14718,0.079362,0.11308,0.16805,0.12813,0.15217,0.083546,0.18623,0.35551,0.47845,0.1005,0.14547,0.070346,0.096995,0.068951,0.11725,0.15027,0.087488,0.14062,0.20463,0.096435,0.25065,0.14131,0.24901,0.095313,0.1802,0.12451,0.13405,0.077053
4.42,0.17109,0.159,0.098563,0.12988,0.091949,0.092522,0.14517,0.13763,0.20516,0.045842,0.16926,0.14629,0.07889,0.11279,0.16676,0.12758,0.1509,0.083039,0.1858,0.35613,0.4785,0.10094,0.14539,0.069919,0.096595,0.069037,0.1165,0.14993,0.087212,0.13946,0.20199,0.096239,0.25119,0.14089,0.24926,0.094423,0.17932,0.12393,0.134,0.077116
4.43,0.1702,0.1585,0.098297,0.12912,0.091823,0.092204,0.14473,0.13772,0.20345,0.045647,0.16831,0.1454,0.078432,0.11249,0.16549,0.127,0.14965,0.082531,0.18539,0.35671,0.4785,0.10137,0.1453,0.069488,0.096197,0.069134,0.11576,0.14957,0.087013,0.13867,0.19927,0.096039,0.25171,0.14048,0.24947,0.093536,0.17844,0.12333,0.13394,0.077181
4.44,0.16933,0.158,0.098028,0.12836,0.091699,0.091885,0.14429,0.13781,0.20175,0.045451,0.16736,0.14451,0.077972,0.11218,0.16422,0.12642,0.14841,0.082024,0.18498,0.35725,0.47847,0.10177,0.14521,0.069054,0.095802,0.069244,0.11502,0.14921,0.08691,0.13788,0.1965,0.095838,0.25221,0.14006,0.24966,0.092653,0.17756,0.12272,0.13387,0.077245
4.45,0.16845,0.15748,0.097757,0.12761,0.091576,0.091567,0.14385,0.13791,0.20004,0.045253,0.16642,0.14362,0.077509,0.11187,0.16297,0.12583,0.14719,0.081517,0.18457,0.35776,0.47839,0.10216,0.1451,0.068622,0.095408,0.069365,0.11428,0.14883,0.086808,0.1371,0.19368,0.095634,0.25269,0.13964,0.24982,0.091777,0.17668,0.1221,0.13379,0.077309
4.46,0.16756,0.15695,0.097489,0.12686,0.091454,0.091249,0.14341,0.13802,0.19834,0.045055,0.16548,0.14274,0.077044,0.11156,0.16171,0.12523,0.14598,0.08101,0.18417,0.35823,0.47828,0.10253,0.14498,0.068198,0.095016,0.069497,0.11355,0.14844,0.086702,0.13631,0.19086,0.095426,0.25315,0.13922,0.24996,0.090905,0.1758,0.12148,0.13371,0.077374
4.47,0.16666,0.15641,0.097218,0.12612,0.091334,0.090931,0.14297,0.13815,0.19665,0.044854,0.16455,0.14185,0.076576,0.11123,0.16047,0.12462,0.14478,0.080506,0.18377,0.35867,0.47813,0.10288,0.14486,0.06777,0.094627,0.069638,0.11283,0.14803,0.086593,0.13553,0.18983,0.095215,0.2536,0.1388,0.25008,0.090036,0.17493,0.12084,0.13361,0.07744
4.48,0.16576,0.15587,0.096945,0.12538,0.091213,0.090613,0.14253,0.13828,0.19496,0.044654,0.16362,0.14097,0.076107,0.11089,0.15924,0.124,0.14361,0.080003,0.18338,0.35908,0.47793,0.10321,0.14472,0.06734,0.094239,0.069789,0.11211,0.14761,0.08648,0.13475,0.18869,0.095001,0.25403,0.13838,0.25018,0.089174,0.17405,0.12019,0.13351,0.077505
4.49,0.16484,0.15533,0.096671,0.12465,0.091095,0.090296,0.14209,0.13842,0.19327,0.044451,0.1627,0.14008,0.075636,0.11055,0.15801,0.12336,0.14244,0.0795,0.18299,0.35946,0.4777,0.10352,0.14457,0.066915,0.093854,0.069949,0.1114,0.14718,0.086362,0.13398,0.18745,0.094782,0.25444,0.13796,0.25026,0.088317,0.17317,0.11954,0.1334,0.077571
4.5,0.16392,0.15478,0.096398,0.12392,0.090977,0.089979,0.14164,0.13855,0.19158,0.044247,0.16178,0.1392,0.075163,0.1102,0.15679,0.12273,0.1413,0.078998,0.18261,0.3598,0.47743,0.1038,0.14441,0.066495,0.09347,0.070117,0.11069,0.14674,0.086239,0.1332,0.18613,0.094561,0.25483,0.13754,0.25031,0.087464,0.17229,0.11887,0.13328,0.077638
4.51,0.16299,0.15422,0.096123,0.12319,0.09086,0.089663,0.1412,0.13867,0.18991,0.044043,0.16087,0.13832,0.074689,0.10985,0.15558,0.12208,0.14017,0.078497,0.18223,0.36012,0.47712,0.10406,0.14424,0.066073,0.093089,0.070292,0.10999,0.14629,0.08611,0.13244,0.18471,0.094336,0.25521,0.13712,0.25034,0.086617,0.17141,0.11819,0.13315,0.077704
4.52,0.16205,0.15364,0.095847,0.12247,0.090743,0.089347,0.14076,0.13878,0.18823,0.043837,0.15996,0.13744,0.074213,0.10949,0.15438,0.12142,0.13906,0.077997,0.18185,0.36041,0.47677,0.10429,0.14406,0.065651,0.092709,0.070473,0.10928,0.14582,0.085973,0.13168,0.18323,0.09411,0.25557,0.1367,0.25034,0.085775,0.17053,0.11751,0.13301,0.07777
4.53,0.16111,0.15306,0.095569,0.12175,0.090626,0.089033,0.14032,0.13888,0.18656,0.043631,0.15905,0.13656,0.073736,0.10912,0.15319,0.12076,0.13797,0.077497,0.18147,0.36066,0.47638,0.1045,0.14387,0.06524,0.092332,0.070662,0.10859,0.14535,0.085829,0.13092,0.18167,0.093881,0.2559,0.13627,0.25032,0.084937,0.16966,0.11682,0.13286,0.077839
4.54,0.16015,0.15246,0.095292,0.12104,0.090511,0.088718,0.13988,0.13898,0.1849,0.043425,0.15815,0.13569,0.073269,0.10874,0.152,0.12009,0.13689,0.076998,0.1811,0.36089,0.47595,0.10468,0.14366,0.064827,0.091956,0.070855,0.1079,0.14486,0.085678,0.13016,0.18005,0.093648,0.25622,0.13585,0.25027,0.084105,0.16878,0.11611,0.13271,0.077907
4.55,0.1592,0.15191,0.095014,0.12033,0.090396,0.088405,0.13944,0.13907,0.18324,0.043218,0.15725,0.13481,0.072803,0.10836,0.15082,0.11941,0.13583,0.076502,0.18073,0.3611,0.47548,0.10483,0.14345,0.064411,0.091582,0.071054,0.10721,0.14438,0.08552,0.12941,0.17838,0.093412,0.25651,0.13543,0.2502,0.083278,0.1679,0.1154,0.13254,0.077974
4.56,0.15824,0.15298,0.094734,0.11963,0.090281,0.088092,0.139,0.13915,0.18159,0.04301,0.15636,0.13394,0.072335,0.10797,0.14965,0.11873,0.13479,0.076008,0.18037,0.36128,0.47497,0.10495,0.14353,0.063994,0.091211,0.071258,0.10653,0.14388,0.085355,0.12866,0.17857,0.093173,0.25679,0.135,0.2501,0.082456,0.16702,0.11468,0.13236,0.078042
4.57,0.15727,0.15405,0.094453,0.11892,0.090166,0.08778,0.13856,0.13923,0.17995,0.042803,0.15548,0.13307,0.071866,0.10758,0.14849,0.11803,0.13377,0.075514,0.18,0.36143,0.47443,0.10505,0.14454,0.063589,0.090841,0.071465,0.10585,0.14338,0.085183,0.12791,0.17877,0.092931,0.25705,0.13458,0.24998,0.081638,0.16615,0.11395,0.13218,0.078112
4.58,0.1563,0.15507,0.094173,0.11823,0.090051,0.087468,0.13812,0.1393,0.17831,0.042596,0.1546,0.13219,0.071397,0.10718,0.14733,0.11734,0.13277,0.075021,0.17964,0.36156,0.47384,0.10512,0.14554,0.063183,0.090473,0.071676,0.10518,0.14286,0.085133,0.12717,0.1789,0.092686,0.25729,0.13416,0.24984,0.080827,0.16528,0.1132,0.13198,0.078181
4.59,0.15531,0.15607,0.093891,0.11753,0.089937,0.087157,0.13768,0.13937,0.17667,0.042389,0.15372,0.13133,0.070926,0.10678,0.14619,0.11664,0.13179,0.07453,0.17927,0.36166,0.47321,0.10516,0.14654,0.062776,0.090107,0.07189,0.10451,0.14233,0.085157,0.12643,0.17896,0.09244,0.25751,0.13373,0.24968,0.08002,0.1644,0.11245,0.13177,0.078251
4.6,0.15433,0.15701,0.093608,0.11684,0.089821,0.086846,0.13724,0.13944,0.17505,0.042182,0.15285,0.13046,0.070454,0.10637,0.14505,0.11593,0.13082,0.074039,0.17891,0.36174,0.47255,0.10518,0.14752,0.062367,0.089743,0.072106,0.10385,0.14179,0.085211,0.12569,0.17894,0.092191,0.25772,0.13331,0.2495,0.079218,0.16353,0.11169,0.13156,0.07832
4.61,0.15335,0.15793,0.093325,0.11616,0.089707,0.086535,0.1368,0.13949,0.17343,0.041975,0.15198,0.1296,0.069981,0.10596,0.14392,0.11521,0.12988,0.073548,0.17855,0.3618,0.47184,0.10516,0.14849,0.061958,0.08938,0.072324,0.1032,0.14125,0.085284,0.12495,0.17885,0.09194,0.25791,0.13288,0.24931,0.07842,0.16266,0.11092,0.13133,0.078391
4.62,0.15236,0.15885,0.093042,0.11547,0.089592,0.086225,0.13636,0.13954,0.17182,0.041768,0.15112,0.12873,0.069508,0.10554,0.14279,0.11449,0.12895,0.073059,0.17819,0.36183,0.4711,0.10512,0.14944,0.061547,0.08902,0.072543,0.10254,0.14069,0.085355,0.12422,0.1787,0.091686,0.25808,0.13246,0.2491,0.077628,0.1618,0.11014,0.13109,0.078461
4.63,0.15138,0.15977,0.092758,0.11479,0.089477,0.085915,0.13593,0.13959,0.17021,0.041561,0.15027,0.12788,0.069034,0.10511,0.14168,0.11377,0.12804,0.072571,0.17783,0.36184,0.47031,0.10505,0.15038,0.061142,0.088662,0.072763,0.10189,0.14012,0.085417,0.1235,0.17847,0.091429,0.25824,0.13203,0.24889,0.076841,0.16093,0.10936,0.13084,0.078532
4.64,0.15046,0.16069,0.092473,0.11412,0.089361,0.085605,0.13549,0.13962,0.16862,0.041355,0.14941,0.12702,0.068559,0.10468,0.14058,0.11304,0.12715,0.072084,0.17747,0.36183,0.46949,0.10495,0.15131,0.060744,0.088306,0.072983,0.10125,0.13955,0.085467,0.12278,0.17816,0.091169,0.25838,0.1316,0.24865,0.076059,0.16007,0.10856,0.13058,0.078603
4.65,0.14953,0.1617,0.092189,0.11345,0.089245,0.085295,0.13506,0.13964,0.16702,0.041149,0.14857,0.12616,0.068095,0.10425,0.13948,0.11231,0.12628,0.0716,0.17711,0.36181,0.46862,0.10483,0.15221,0.060344,0.087952,0.073203,0.10061,0.13896,0.085504,0.12206,0.17779,0.090907,0.2585,0.13118,0.2484,0.075281,0.1592,0.10775,0.13032,0.078675
4.66,0.1486,0.16269,0.091903,0.11278,0.089129,0.084986,0.13462,0.13966,0.16544,0.040944,0.14773,0.12531,0.067631,0.10381,0.13838,0.11157,0.12543,0.071117,0.17674,0.36175,0.46771,0.10468,0.1531,0.059945,0.087601,0.073423,0.099974,0.13837,0.085526,0.12134,0.17734,0.090643,0.25861,0.13075,0.24813,0.074508,0.15834,0.10693,0.13004,0.078746
4.67,0.14767,0.16364,0.091618,0.11211,0.089012,0.084676,0.13419,0.13966,0.16387,0.040739,0.14689,0.12446,0.067167,0.10337,0.1373,0.11083,0.1246,0.070634,0.17638,0.36168,0.46676,0.1045,0.15397,0.059545,0.087251,0.073644,0.099341,0.13777,0.085535,0.12063,0.17682,0.090379,0.2587,0.13032,0.24784,0.073741,0.15749,0.10611,0.12975,0.078817
4.68,0.14674,0.16454,0.091333,0.11145,0.088894,0.084366,0.13375,0.13965,0.1623,0.040534,0.14606,0.12362,0.066702,0.10293,0.13623,0.11009,0.12378,0.070152,0.17602,0.36159,0.46576,0.1043,0.15481,0.059145,0.086902,0.073864,0.098713,0.13716,0.085532,0.11992,0.17622,0.090112,0.25877,0.12989,0.24753,0.073101,0.15663,0.10527,0.12945,0.07889
4.69,0.14581,0.16541,0.091048,0.11079,0.088776,0.084058,0.13332,0.13963,0.16074,0.04033,0.14523,0.12277,0.066238,0.10248,0.13516,0.10934,0.12299,0.069671,0.17565,0.36148,0.46473,0.10407,0.15564,0.058744,0.086556,0.074082,0.098093,0.13655,0.085516,0.11921,0.17556,0.089843,0.25883,0.12946,0.24721,0.072833,0.15577,0.10443,0.12914,0.078962
4.7,0.14489,0.16621,0.090764,0.11014,0.088657,0.083749,0.13289,0.1396,0.15919,0.040126,0.14441,0.12193,0.065772,0.10202,0.1341,0.10859,0.12221,0.069191,0.17529,0.36135,0.46364,0.10381,0.15645,0.058344,0.086211,0.074299,0.097477,0.13594,0.085488,0.1185,0.17483,0.089572,0.25888,0.12903,0.24687,0.072567,0.15492,0.10358,0.12882,0.079033
4.71,0.14396,0.16701,0.090481,0.10949,0.088538,0.08344,0.13246,0.13956,0.15765,0.039921,0.14359,0.12109,0.065307,0.10156,0.13305,0.10784,0.12145,0.068712,0.17492,0.36121,0.46252,0.10354,0.15723,0.057945,0.085868,0.074513,0.096864,0.13532,0.085446,0.1178,0.17403,0.089298,0.25891,0.1286,0.2465,0.072301,0.15407,0.10272,0.12849,0.079106
4.72,0.14303,0.16774,0.0902,0.10884,0.088417,0.083131,0.13204,0.1395,0.15645,0.039716,0.14278,0.12026,0.064842,0.1011,0.132,0.10709,0.12071,0.068234,0.17454,0.36104,0.46135,0.10323,0.158,0.057545,0.085527,0.074724,0.096255,0.13469,0.085389,0.1171,0.17315,0.089023,0.25892,0.12817,0.24613,0.072034,0.15322,0.10185,0.12815,0.079179
4.73,0.1421,0.1684,0.089922,0.1082,0.088296,0.082822,0.13161,0.13944,0.15533,0.039511,0.14197,0.11943,0.064377,0.10063,0.13096,0.10634,0.11998,0.067756,0.17417,0.36085,0.46013,0.10291,0.15874,0.057147,0.085188,0.074934,0.09565,0.13405,0.085316,0.1164,0.17221,0.088746,0.25892,0.12774,0.24574,0.071767,0.15237,0.10097,0.1278,0.079251
4.74,0.14116,0.16906,0.089645,0.10756,0.088174,0.082515,0.13119,0.13936,0.15421,0.039306,0.14117,0.1186,0.063912,0.10017,0.12994,0.10558,0.11928,0.067331,0.17379,0.36065,0.45887,0.10256,0.15947,0.05676,0.08485,0.075142,0.095047,0.13341,0.085228,0.11572,0.17181,0.088469,0.2589,0.1273,0.24533,0.071501,0.15152,0.10008,0.12743,0.079324
4.75,0.14022,0.16964,0.08937,0.10692,0.08805,0.082206,0.13076,0.13927,0.15309,0.0391,0.14037,0.11777,0.063447,0.099701,0.12892,0.10483,0.11859,0.067056,0.17341,0.36043,0.45757,0.10219,0.16017,0.056373,0.084514,0.075346,0.094449,0.13275,0.085123,0.11503,0.17223,0.08819,0.25887,0.12734,0.24491,0.071234,0.15067,0.099193,0.12706,0.079396
4.76,0.13929,0.17019,0.089097,0.10629,0.087926,0.081898,0.13034,0.13917,0.15197,0.038894,0.13958,0.11695,0.062992,0.09923,0.1279,0.10407,0.11792,0.066773,0.17303,0.36019,0.45621,0.1018,0.16086,0.055986,0.08418,0.075547,0.093853,0.1321,0.085003,0.11435,0.17258,0.08791,0.25882,0.12778,0.24447,0.070967,0.14982,0.098293,0.12668,0.079469
4.77,0.13843,0.1707,0.088825,0.10565,0.0878,0.081589,0.12992,0.13906,0.15086,0.038686,0.13879,0.11613,0.062538,0.098755,0.1269,0.10332,0.11727,0.066485,0.17264,0.35993,0.45481,0.10139,0.16152,0.055601,0.083847,0.075743,0.093261,0.13143,0.08487,0.11367,0.17286,0.087628,0.25876,0.1282,0.24402,0.070959,0.14898,0.097386,0.12629,0.079542
4.78,0.13757,0.17118,0.088554,0.10503,0.087674,0.081282,0.1295,0.13925,0.14974,0.03848,0.13801,0.11532,0.062084,0.098276,0.1259,0.10257,0.11663,0.0662,0.17225,0.35965,0.45336,0.10096,0.16216,0.055216,0.083516,0.075938,0.092672,0.13076,0.084719,0.11299,0.17308,0.087345,0.25868,0.1286,0.24356,0.071026,0.14814,0.096471,0.12589,0.079613
4.79,0.1367,0.17162,0.088285,0.1044,0.087545,0.080974,0.12908,0.13967,0.14863,0.038272,0.13723,0.1145,0.06163,0.097794,0.1249,0.10181,0.11602,0.065926,0.17185,0.35936,0.45187,0.10051,0.16279,0.054832,0.083187,0.076129,0.092086,0.13008,0.084548,0.11232,0.17323,0.08706,0.25858,0.12897,0.24309,0.071098,0.14729,0.095551,0.12548,0.079686
4.8,0.13583,0.17207,0.088019,0.10378,0.087417,0.080667,0.12866,0.14006,0.14752,0.038064,0.13646,0.1137,0.061176,0.097308,0.12392,0.10106,0.11542,0.065656,0.17145,0.35905,0.45033,0.10004,0.16339,0.055246,0.08286,0.076314,0.091505,0.1294,0.084364,0.11164,0.17332,0.086773,0.25847,0.12932,0.2426,0.071175,0.14645,0.094625,0.12506,0.079758
4.81,0.13496,0.17245,0.087757,0.10316,0.087286,0.080358,0.12825,0.14044,0.14641,0.037856,0.13569,0.11289,0.060723,0.096819,0.12294,0.10031,0.11483,0.065387,0.17105,0.35873,0.44874,0.099555,0.16396,0.055688,0.082534,0.076495,0.090929,0.12871,0.084159,0.11098,0.17335,0.086487,0.25834,0.12964,0.24212,0.071256,0.14561,0.093692,0.12463,0.079864
4.82,0.13409,0.17284,0.087496,0.10255,0.087154,0.080051,0.12783,0.14079,0.1453,0.037648,0.13493,0.11209,0.06027,0.096328,0.12197,0.099562,0.11426,0.065116,0.17064,0.35839,0.44711,0.09905,0.16451,0.056084,0.08221,0.076674,0.090356,0.12802,0.083936,0.11031,0.17331,0.0862,0.2582,0.12994,0.24163,0.07134,0.14478,0.092753,0.12419,0.080197
4.83,0.13323,0.17315,0.087237,0.10194,0.087021,0.079745,0.12741,0.14113,0.1442,0.03744,0.13417,0.11129,0.059818,0.095833,0.12101,0.098814,0.11371,0.064841,0.17023,0.35804,0.44544,0.098529,0.16504,0.056413,0.081887,0.076847,0.089786,0.12732,0.083696,0.10965,0.17321,0.085912,0.25804,0.13022,0.24115,0.071428,0.14394,0.091809,0.12374,0.08054
4.84,0.13238,0.17347,0.086978,0.10133,0.086887,0.079438,0.12699,0.14145,0.14309,0.037231,0.13342,0.1105,0.059366,0.095343,0.12006,0.09807,0.11318,0.064559,0.16982,0.35768,0.44373,0.097994,0.16554,0.056684,0.081567,0.077015,0.089219,0.12662,0.083436,0.10899,0.17305,0.085623,0.25787,0.13048,0.24071,0.071517,0.14311,0.09086,0.12329,0.08089
4.85,0.13152,0.17374,0.08672,0.10073,0.086751,0.079131,0.12657,0.14175,0.142,0.037023,0.13267,0.10971,0.058915,0.094851,0.11911,0.097326,0.11266,0.06427,0.16939,0.3573,0.44198,0.097444,0.16602,0.056896,0.081247,0.077178,0.088654,0.12592,0.083162,0.10833,0.17283,0.085333,0.25769,0.13071,0.24031,0.071607,0.14227,0.089906,0.12282,0.081249
4.86,0.13067,0.174,0.086464,0.10013,0.086613,0.078824,0.12616,0.14203,0.1409,0.036815,0.13192,0.10892,0.058472,0.094357,0.11817,0.096585,0.11216,0.063974,0.16897,0.35692,0.44019,0.096879,0.16647,0.057044,0.08093,0.077338,0.088092,0.12522,0.082866,0.10768,0.17256,0.085041,0.2575,0.13092,0.23991,0.071698,0.14144,0.088948,0.12235,0.081615
4.87,0.12985,0.17424,0.086208,0.099528,0.086474,0.078518,0.12574,0.1423,0.1398,0.036607,0.13119,0.10814,0.058032,0.093861,0.11724,0.095847,0.11168,0.063669,0.16854,0.35652,0.43836,0.096298,0.1669,0.057149,0.080614,0.077491,0.087532,0.12451,0.082557,0.10721,0.17223,0.084749,0.2573,0.13111,0.23952,0.071789,0.14062,0.087985,0.12187,0.081988
4.88,0.12906,0.17444,0.085953,0.098934,0.086334,0.078212,0.12557,0.14255,0.13871,0.036411,0.13045,0.10736,0.057592,0.093362,0.11631,0.095108,0.1112,0.063358,0.1681,0.3561,0.4365,0.095705,0.1673,0.057215,0.0803,0.077638,0.086975,0.12379,0.082228,0.10688,0.17185,0.084456,0.2571,0.13127,0.23913,0.071879,0.13979,0.087019,0.12137,0.082369
4.89,0.12829,0.17462,0.0857,0.098342,0.086192,0.077907,0.12542,0.14278,0.13762,0.036227,0.12972,0.10659,0.057152,0.092862,0.11539,0.094374,0.11075,0.063039,0.16767,0.35568,0.43462,0.095102,0.16768,0.057234,0.079987,0.077784,0.08642,0.12308,0.081887,0.10655,0.17141,0.084164,0.25688,0.13142,0.23875,0.071968,0.13896,0.08605,0.12087,0.082757
4.9,0.12753,0.17476,0.085449,0.097754,0.086049,0.077601,0.12527,0.14299,0.13654,0.036041,0.129,0.10582,0.056713,0.092359,0.11448,0.09364,0.11031,0.062713,0.16722,0.35525,0.4327,0.094487,0.16803,0.057207,0.079676,0.077922,0.085868,0.12236,0.081525,0.10621,0.17093,0.083871,0.25665,0.13154,0.23839,0.072055,0.13813,0.085078,0.12037,0.08315
4.91,0.12678,0.17488,0.0852,0.097169,0.085904,0.077295,0.12511,0.14319,0.13545,0.035856,0.12828,0.10505,0.056276,0.091855,0.11358,0.092908,0.10988,0.062384,0.16677,0.35481,0.43076,0.09386,0.16835,0.057124,0.079367,0.078053,0.085318,0.12163,0.081155,0.10588,0.17039,0.083578,0.25641,0.13164,0.23806,0.07214,0.13731,0.084103,0.11985,0.08355
4.92,0.12603,0.17497,0.084955,0.096586,0.085759,0.076991,0.12495,0.14337,0.13437,0.03567,0.12757,0.10429,0.055839,0.091348,0.11268,0.092178,0.10947,0.06205,0.16631,0.35437,0.4288,0.093222,0.16865,0.056994,0.07906,0.078183,0.084771,0.1209,0.080764,0.10555,0.16981,0.083283,0.25616,0.13172,0.23779,0.072223,0.13648,0.083451,0.11933,0.083957
4.93,0.12528,0.1751,0.084716,0.096008,0.085611,0.076687,0.12478,0.14354,0.1333,0.035484,0.12686,0.10353,0.055403,0.090841,0.11179,0.091449,0.10907,0.061715,0.16585,0.35392,0.42682,0.092574,0.16892,0.056822,0.078754,0.078306,0.084229,0.12017,0.080365,0.10521,0.16919,0.082988,0.2559,0.13178,0.23758,0.072303,0.13566,0.082999,0.11879,0.084369
4.94,0.12453,0.17528,0.084491,0.095433,0.085463,0.076382,0.12462,0.14369,0.13222,0.035298,0.12616,0.10277,0.054969,0.090331,0.1109,0.090722,0.10869,0.061379,0.16539,0.35346,0.42482,0.091918,0.16917,0.056613,0.078449,0.078423,0.083689,0.11944,0.079947,0.10488,0.16851,0.082693,0.25563,0.13182,0.2374,0.072379,0.13483,0.082546,0.11825,0.084786
4.95,0.12378,0.17545,0.084287,0.09486,0.085313,0.076078,0.12445,0.14382,0.13115,0.03511,0.12546,0.10202,0.054543,0.089822,0.11003,0.089995,0.10832,0.061044,0.16492,0.35299,0.42281,0.091255,0.1694,0.056362,0.078147,0.078537,0.083152,0.1187,0.079519,0.10455,0.1678,0.082396,0.25536,0.13185,0.23724,0.07245,0.13401,0.082092,0.11771,0.08521
4.96,0.12304,0.17562,0.084085,0.094292,0.085161,0.075775,0.12429,0.14394,0.13009,0.034923,0.12476,0.10147,0.054118,0.089317,0.10916,0.089269,0.10797,0.060709,0.16444,0.35252,0.42079,0.090584,0.1696,0.056062,0.077847,0.078644,0.082617,0.11796,0.079076,0.10421,0.16704,0.082102,0.25507,0.13185,0.23708,0.072518,0.13319,0.081637,0.11715,0.085637
4.97,0.1223,0.17574,0.083884,0.093726,0.085009,0.075472,0.12412,0.14405,0.12903,0.034736,0.12407,0.10107,0.053694,0.088811,0.10829,0.088546,0.10762,0.060375,0.16396,0.35204,0.41875,0.089906,0.16978,0.05572,0.077548,0.078748,0.082084,0.11721,0.078621,0.10388,0.16624,0.081806,0.25478,0.13183,0.23691,0.072581,0.13236,0.081182,0.11659,0.08607
4.98,0.12156,0.17586,0.083682,0.093164,0.084856,0.075169,0.12394,0.14414,0.12797,0.034548,0.12339,0.10067,0.053271,0.088304,0.10744,0.08782,0.10729,0.060038,0.16347,0.35156,0.4167,0.08922,0.16993,0.055352,0.077251,0.078847,0.081553,0.11646,0.078155,0.10354,0.16539,0.081511,0.25448,0.13179,0.23675,0.072639,0.13154,0.080725,0.11602,0.086507
4.99,0.12082,0.17593,0.08348,0.092605,0.084701,0.074866,0.12376,0.14421,0.12691,0.034359,0.12271,0.10028,0.052848,0.087796,0.10659,0.087099,0.10697,0.059698,0.16298,0.35108,0.41464,0.088529,0.17006,0.054968,0.076955,0.078942,0.081024,0.11572,0.077674,0.10321,0.1651,0.081215,0.25417,0.13173,0.23657,0.072691,0.13072,0.080268,0.11544,0.086947
5,0.1201,0.17599,0.083277,0.092048,0.084546,0.074564,0.12358,0.14427,0.12587,0.03417,0.12204,0.099881,0.052428,0.087287,0.10575,0.086377,0.10667,0.059355,0.16248,0.35059,0.41256,0.087833,0.17018,0.054552,0.076661,0.079033,0.080497,0.11496,0.077187,0.10287,0.16559,0.080918,0.25385,0.13166,0.23639,0.072738,0.12991,0.079811,0.11485,0.087392
5.01,0.1194,0.17601,0.083075,0.091496,0.08439,0.074263,0.12339,0.14432,0.12482,0.033981,0.12137,0.099488,0.052008,0.086777,0.10491,0.085654,0.10637,0.059007,0.16198,0.35009,0.41047,0.087132,0.17027,0.054102,0.076369,0.079118,0.079972,0.11421,0.076806,0.10253,0.16602,0.080621,0.25352,0.13156,0.2362,0.072779,0.12909,0.079353,0.11426,0.087841
5.02,0.11872,0.176,0.08287,0.090946,0.084232,0.073962,0.12319,0.14435,0.12378,0.033792,0.1207,0.099096,0.051589,0.086267,0.10408,0.084937,0.10609,0.058654,0.16147,0.34959,0.40835,0.086429,0.17034,0.053617,0.076078,0.079202,0.07945,0.11346,0.07684,0.1022,0.16638,0.080324,0.25318,0.13145,0.236,0.072813,0.12828,0.078895,0.11366,0.088293
5.03,0.11803,0.17598,0.082667,0.090399,0.084074,0.073661,0.12299,0.14437,0.12274,0.033602,0.12004,0.098706,0.051173,0.085755,0.10326,0.084217,0.10582,0.058297,0.16096,0.34909,0.40623,0.085723,0.17039,0.053095,0.075789,0.079279,0.078929,0.11271,0.076864,0.10186,0.16668,0.080027,0.25284,0.13132,0.23579,0.072841,0.12746,0.078438,0.11305,0.088748
5.04,0.11735,0.17594,0.082461,0.089856,0.083914,0.07336,0.12278,0.14438,0.12171,0.033412,0.11938,0.098318,0.050764,0.085244,0.10244,0.083497,0.10556,0.057935,0.16044,0.34858,0.40409,0.085014,0.17041,0.052552,0.075501,0.079353,0.078789,0.11196,0.07688,0.10152,0.1669,0.079732,0.25248,0.13117,0.23557,0.072862,0.12665,0.07798,0.11244,0.089207
5.05,0.11667,0.17591,0.082256,0.089315,0.083754,0.07306,0.12257,0.14437,0.12069,0.033286,0.11873,0.097932,0.05042,0.084731,0.10163,0.082783,0.10531,0.05757,0.15992,0.34807,0.40194,0.084302,0.17041,0.051991,0.075215,0.079421,0.078663,0.1112,0.076887,0.10118,0.16704,0.079436,0.25212,0.13101,0.23534,0.072876,0.12584,0.077522,0.11182,0.089668
5.06,0.11598,0.17601,0.08205,0.088778,0.083593,0.072761,0.12235,0.14435,0.11966,0.03326,0.11809,0.097546,0.050293,0.084219,0.10083,0.082067,0.10507,0.057202,0.15939,0.34755,0.39977,0.083589,0.17039,0.051872,0.07493,0.079485,0.07854,0.11045,0.076891,0.10084,0.16711,0.07914,0.25175,0.13083,0.2351,0.072883,0.12504,0.077065,0.11119,0.090132
5.07,0.11529,0.17632,0.081842,0.088244,0.083431,0.072462,0.12212,0.14432,0.11865,0.033228,0.11744,0.097162,0.050166,0.083706,0.10003,0.081351,0.10484,0.056831,0.15886,0.34703,0.39759,0.082875,0.17034,0.051766,0.074647,0.079544,0.078422,0.10969,0.076888,0.1005,0.16709,0.078844,0.25138,0.13063,0.23485,0.072883,0.12423,0.076608,0.11055,0.090598
5.08,0.11461,0.17672,0.081636,0.087712,0.083268,0.072163,0.12189,0.14427,0.11763,0.033192,0.1168,0.096781,0.050037,0.083197,0.099241,0.080639,0.10463,0.056458,0.15832,0.34651,0.3954,0.082161,0.17027,0.051651,0.074365,0.079599,0.078308,0.10894,0.076877,0.10015,0.167,0.078547,0.251,0.13041,0.23459,0.072875,0.12343,0.076152,0.10991,0.091067
5.09,0.11391,0.17713,0.081427,0.087184,0.083104,0.071864,0.12166,0.14421,0.11663,0.03315,0.11617,0.096401,0.049907,0.08269,0.098457,0.079929,0.10442,0.056083,0.15778,0.34598,0.39319,0.081447,0.17018,0.051522,0.074085,0.07965,0.078198,0.10818,0.076859,0.099808,0.16682,0.078251,0.25061,0.13019,0.23432,0.07286,0.12263,0.075696,0.10926,0.091538
5.1,0.11322,0.17752,0.081218,0.086658,0.082939,0.071567,0.12143,0.14414,0.11562,0.033103,0.11554,0.096021,0.049777,0.082183,0.097679,0.079218,0.10422,0.055707,0.15724,0.34546,0.39098,0.080735,0.17006,0.051384,0.073807,0.079695,0.078092,0.10742,0.076833,0.099496,0.16656,0.077955,0.25022,0.12994,0.23403,0.072836,0.12183,0.075241,0.10861,0.09201
5.11,0.11253,0.17788,0.081009,0.086136,0.082774,0.07127,0.12119,0.14406,0.11463,0.033073,0.11491,0.095643,0.049649,0.081676,0.096907,0.078509,0.10403,0.055329,0.15669,0.34493,0.38875,0.080025,0.16991,0.051247,0.07353,0.079739,0.07799,0.10666,0.076799,0.099188,0.1662,0.077659,0.24982,0.12968,0.23374,0.072805,0.12104,0.074787,0.10795,0.092484
5.12,0.11185,0.1782,0.080799,0.085617,0.082608,0.070973,0.12096,0.14396,0.11363,0.033062,0.11429,0.095268,0.049521,0.081169,0.096142,0.077805,0.10385,0.05495,0.15614,0.3444,0.38652,0.079316,0.16975,0.051098,0.073254,0.079776,0.077892,0.1059,0.07676,0.098878,0.16576,0.077364,0.24942,0.12941,0.23344,0.072766,0.12025,0.074334,0.10728,0.092958
5.13,0.11118,0.17846,0.080588,0.0851,0.08244,0.070677,0.12075,0.14382,0.11265,0.033047,0.11367,0.094895,0.049394,0.080662,0.095382,0.0771,0.10368,0.05457,0.15558,0.34388,0.38428,0.078611,0.16956,0.050935,0.07298,0.07981,0.077796,0.10514,0.076718,0.098567,0.16522,0.077069,0.24902,0.12912,0.23313,0.072718,0.11946,0.073883,0.10661,0.093434
5.14,0.1105,0.17873,0.080377,0.084586,0.082272,0.070381,0.12055,0.14364,0.11167,0.03303,0.11306,0.094522,0.049265,0.080156,0.094629,0.076396,0.10352,0.054189,0.15502,0.34335,0.38203,0.077908,0.16935,0.050776,0.072708,0.079839,0.077704,0.10438,0.076668,0.098254,0.16515,0.076775,0.24861,0.12882,0.23281,0.072663,0.11867,0.073432,0.10593,0.093909
5.15,0.10983,0.17896,0.080165,0.084075,0.082103,0.070086,0.12036,0.14342,0.11069,0.033009,0.11245,0.09415,0.049135,0.07965,0.093882,0.075697,0.10336,0.053807,0.15446,0.34283,0.37977,0.077209,0.16913,0.050607,0.072437,0.079863,0.077616,0.10362,0.07661,0.09794,0.16535,0.076481,0.2482,0.12851,0.23247,0.072599,0.11789,0.072983,0.10524,0.094385
5.16,0.10916,0.17913,0.079953,0.083567,0.081934,0.069792,0.12017,0.14316,0.10972,0.032985,0.11184,0.093781,0.049005,0.079144,0.093141,0.075,0.10322,0.053425,0.15389,0.34231,0.37751,0.076514,0.16889,0.050439,0.072167,0.079882,0.07753,0.10286,0.076546,0.097627,0.16559,0.076186,0.24777,0.12819,0.23213,0.072527,0.1171,0.072535,0.10455,0.094859
5.17,0.10849,0.17926,0.07974,0.083061,0.081763,0.069497,0.11999,0.14286,0.10876,0.032959,0.11124,0.093413,0.048874,0.078638,0.092415,0.074303,0.10308,0.053042,0.15332,0.34179,0.37524,0.075824,0.16863,0.050276,0.071899,0.079897,0.077447,0.1021,0.076475,0.097312,0.16575,0.075892,0.24735,0.12786,0.23178,0.072446,0.11632,0.072089,0.10385,0.095333
5.18,0.10782,0.17935,0.079526,0.082559,0.081592,0.069354,0.11981,0.14252,0.1078,0.032963,0.11064,0.093047,0.048742,0.078133,0.092061,0.073608,0.10295,0.052658,0.15275,0.34127,0.37296,0.075139,0.16837,0.050119,0.071632,0.079904,0.077366,0.10134,0.076403,0.096995,0.16583,0.075599,0.24691,0.12751,0.23142,0.072358,0.11555,0.071644,0.10315,0.095806
5.19,0.10716,0.17943,0.079312,0.082059,0.081421,0.069411,0.11963,0.14214,0.10684,0.032984,0.11004,0.092682,0.048609,0.077629,0.091709,0.072919,0.10282,0.052275,0.15217,0.34074,0.37068,0.074459,0.16809,0.049956,0.071367,0.080054,0.077289,0.10058,0.076324,0.096722,0.16584,0.075305,0.24647,0.12716,0.23104,0.07226,0.11477,0.071202,0.10244,0.096277
5.2,0.10649,0.17947,0.079098,0.081562,0.081249,0.069463,0.11945,0.14173,0.1059,0.033006,0.10945,0.092318,0.048476,0.077126,0.091357,0.072231,0.10271,0.05189,0.15158,0.34022,0.36839,0.073785,0.1678,0.049798,0.071104,0.08024,0.077214,0.099824,0.076239,0.096528,0.16577,0.075012,0.24603,0.1268,0.23066,0.072154,0.114,0.070762,0.10173,0.096747
5.21,0.10583,0.17948,0.078883,0.081068,0.081077,0.069512,0.11926,0.14127,0.10495,0.033026,0.10886,0.091957,0.048342,0.076626,0.091007,0.071544,0.1026,0.051506,0.15099,0.3397,0.36609,0.073118,0.16749,0.04963,0.070841,0.080425,0.077141,0.099065,0.076147,0.096337,0.16562,0.074719,0.24558,0.12642,0.23027,0.072039,0.11322,0.07033,0.10101,0.097214
5.22,0.10516,0.17944,0.078666,0.080577,0.080904,0.069557,0.11908,0.14079,0.10402,0.033044,0.10828,0.091596,0.048207,0.076129,0.090659,0.070859,0.1025,0.05112,0.1504,0.33918,0.36379,0.072458,0.16717,0.049466,0.07058,0.080606,0.077071,0.098308,0.076049,0.09615,0.16538,0.074427,0.24513,0.12604,0.22987,0.071916,0.11245,0.069909,0.10029,0.097679
5.23,0.1045,0.17936,0.078451,0.080087,0.08073,0.069599,0.11889,0.14026,0.10309,0.033057,0.1077,0.091237,0.048072,0.075632,0.090313,0.070402,0.1024,0.050735,0.1498,0.33865,0.36149,0.071805,0.16683,0.049335,0.070321,0.080785,0.077002,0.097551,0.075951,0.095966,0.16506,0.074136,0.24467,0.12566,0.22946,0.071784,0.11169,0.069494,0.099559,0.098142
5.24,0.10384,0.17928,0.078234,0.079601,0.080556,0.069638,0.1187,0.1397,0.10216,0.033067,0.10712,0.09088,0.047936,0.075137,0.089967,0.070025,0.10231,0.050348,0.14919,0.33812,0.35918,0.07116,0.16646,0.049294,0.070063,0.08096,0.076935,0.096799,0.075846,0.095786,0.16466,0.073846,0.24421,0.12526,0.22904,0.071644,0.11092,0.069086,0.098827,0.098603
5.25,0.10318,0.17917,0.078016,0.079118,0.080382,0.069675,0.1185,0.13911,0.10125,0.033071,0.10654,0.090524,0.0478,0.074642,0.089622,0.06965,0.10223,0.049962,0.14858,0.33758,0.35687,0.070523,0.16648,0.049246,0.069807,0.081133,0.07687,0.096049,0.075736,0.095609,0.16418,0.073555,0.24375,0.12531,0.22862,0.071494,0.11016,0.068682,0.09809,0.09906
5.26,0.10253,0.17902,0.077797,0.078637,0.080206,0.069709,0.1183,0.13848,0.10033,0.033072,0.10597,0.09017,0.047663,0.074148,0.089279,0.069276,0.10215,0.049575,0.14797,0.33705,0.35455,0.069894,0.16694,0.049197,0.069552,0.081303,0.076806,0.095301,0.075619,0.095435,0.16362,0.073266,0.24328,0.12574,0.22818,0.071337,0.1094,0.068284,0.097348,0.099515
5.27,0.10189,0.17886,0.077579,0.078159,0.08003,0.069739,0.11811,0.13782,0.099427,0.033068,0.10541,0.089818,0.047525,0.073655,0.088936,0.068906,0.10208,0.049187,0.14735,0.3365,0.35223,0.069275,0.16738,0.049148,0.069298,0.08147,0.076743,0.094554,0.075499,0.095265,0.16297,0.072976,0.24281,0.12615,0.22774,0.07117,0.10864,0.067889,0.096603,0.099967
5.28,0.10125,0.17869,0.07736,0.077683,0.079853,0.069765,0.11791,0.13713,0.098527,0.03306,0.10484,0.089466,0.047387,0.073163,0.088594,0.068537,0.10201,0.048799,0.14672,0.33595,0.34991,0.068664,0.1678,0.049093,0.069046,0.081632,0.076682,0.093808,0.075376,0.095097,0.16225,0.072687,0.24234,0.12655,0.22728,0.070996,0.10788,0.067498,0.09616,0.10042
5.29,0.10062,0.17849,0.07714,0.07721,0.079675,0.069788,0.11772,0.1364,0.097634,0.03305,0.10428,0.089116,0.047248,0.072673,0.088254,0.06817,0.10195,0.048411,0.14609,0.3354,0.34758,0.068062,0.1682,0.049031,0.068795,0.081789,0.076622,0.093063,0.075248,0.094932,0.16144,0.072398,0.24186,0.12693,0.22682,0.070813,0.10712,0.06711,0.095983,0.10086
5.3,0.099986,0.17829,0.076919,0.076739,0.079497,0.069806,0.11754,0.13564,0.096746,0.033038,0.10372,0.088769,0.047109,0.072183,0.087916,0.067804,0.1019,0.048022,0.14545,0.33484,0.34526,0.06747,0.16859,0.04897,0.068545,0.081938,0.076563,0.09232,0.075115,0.094771,0.16056,0.07211,0.24138,0.1273,0.22635,0.070622,0.10637,0.066725,0.0958,0.1013
5.31,0.099356,0.17809,0.076699,0.076271,0.079317,0.069821,0.11736,0.13485,0.095864,0.033028,0.10317,0.088422,0.046969,0.071695,0.087579,0.06744,0.10185,0.047633,0.14481,0.33428,0.34293,0.066888,0.16894,0.048908,0.068297,0.082078,0.076504,0.091579,0.074977,0.094611,0.1596,0.071822,0.2409,0.12766,0.22587,0.070421,0.10562,0.066344,0.095613,0.10174
5.32,0.098727,0.17789,0.076478,0.075806,0.079136,0.069832,0.11719,0.13403,0.094988,0.033029,0.10262,0.088076,0.046829,0.071208,0.087244,0.067078,0.1018,0.047244,0.14416,0.33372,0.3406,0.066317,0.16929,0.048839,0.06805,0.082213,0.076446,0.090839,0.074934,0.094455,0.15856,0.071535,0.24041,0.128,0.22539,0.070213,0.10487,0.065966,0.09542,0.10218
5.33,0.098099,0.17768,0.076256,0.075342,0.078955,0.069839,0.11701,0.13407,0.094119,0.033033,0.10207,0.087733,0.046689,0.070723,0.086909,0.066717,0.10176,0.046854,0.1435,0.33314,0.33827,0.065755,0.1696,0.048772,0.067805,0.082339,0.076389,0.090101,0.07502,0.0943,0.15746,0.071249,0.23992,0.12833,0.22489,0.069996,0.10413,0.065592,0.095221,0.10261
5.34,0.097471,0.17747,0.076033,0.074882,0.078773,0.069842,0.11683,0.13409,0.093256,0.033039,0.10153,0.087391,0.046548,0.070243,0.086575,0.066358,0.10173,0.046464,0.14284,0.33257,0.33595,0.065204,0.16991,0.048704,0.067562,0.082456,0.076333,0.089365,0.075077,0.094148,0.15629,0.070964,0.23942,0.12864,0.22439,0.069771,0.10338,0.06522,0.095018,0.10304
5.35,0.096846,0.17727,0.075811,0.074424,0.078589,0.069841,0.11665,0.13411,0.0924,0.033056,0.10098,0.08705,0.046406,0.069764,0.086243,0.066001,0.1017,0.046073,0.14217,0.33199,0.33363,0.064663,0.17019,0.048638,0.06732,0.082567,0.076276,0.088631,0.075104,0.093999,0.15556,0.07068,0.23892,0.12894,0.22387,0.069538,0.10264,0.064852,0.094809,0.10347
5.36,0.096221,0.17708,0.075588,0.073969,0.078404,0.069837,0.11646,0.13412,0.091549,0.03308,0.10045,0.086711,0.046264,0.069349,0.085911,0.065645,0.10167,0.045682,0.1415,0.3314,0.33131,0.064133,0.17045,0.048569,0.067079,0.08267,0.07622,0.087899,0.075102,0.093852,0.15484,0.070396,0.23841,0.12922,0.22335,0.069297,0.10191,0.064486,0.094596,0.10389
5.37,0.095596,0.1769,0.075364,0.073515,0.078218,0.069831,0.11627,0.13413,0.090915,0.033101,0.09991,0.086373,0.046122,0.068941,0.085581,0.065291,0.10165,0.045292,0.14082,0.33082,0.32899,0.063614,0.17069,0.048504,0.06684,0.082765,0.076165,0.087169,0.07507,0.093706,0.15408,0.070113,0.2379,0.12949,0.22281,0.069047,0.10117,0.064123,0.094377,0.1043
5.38,0.094975,0.17681,0.075139,0.073065,0.078032,0.069822,0.11607,0.13412,0.090512,0.033119,0.099378,0.086037,0.045981,0.068537,0.085252,0.064938,0.10163,0.044901,0.14013,0.33023,0.32668,0.063106,0.17091,0.048435,0.066601,0.082851,0.076109,0.086441,0.075009,0.093563,0.15328,0.06983,0.23739,0.12975,0.22227,0.06879,0.10044,0.063762,0.094153,0.10471
5.39,0.094354,0.17681,0.074915,0.072617,0.077844,0.06981,0.11587,0.13411,0.090108,0.033132,0.098848,0.085702,0.045842,0.068133,0.084926,0.064588,0.10161,0.04451,0.13944,0.32964,0.32437,0.062609,0.17111,0.04836,0.066365,0.082932,0.076053,0.085715,0.074917,0.093422,0.15244,0.069548,0.23687,0.12999,0.22172,0.068525,0.099709,0.063402,0.093925,0.10512
5.4,0.093735,0.17678,0.07469,0.072171,0.077654,0.069795,0.11567,0.1341,0.089707,0.033141,0.098323,0.085369,0.045703,0.067729,0.0846,0.064239,0.1016,0.044119,0.13874,0.32904,0.32206,0.062123,0.1713,0.048279,0.066129,0.083004,0.075997,0.084992,0.074797,0.093282,0.15182,0.069267,0.23635,0.13021,0.22116,0.068252,0.098983,0.063044,0.093692,0.10553
5.41,0.093118,0.17674,0.074465,0.071728,0.077464,0.069775,0.11546,0.13409,0.089307,0.033145,0.0978,0.085037,0.045563,0.067325,0.084275,0.063894,0.10159,0.043728,0.13804,0.32845,0.31976,0.061648,0.17146,0.048202,0.065895,0.083067,0.075941,0.084272,0.074647,0.093144,0.15147,0.068986,0.23582,0.13042,0.22058,0.067972,0.098259,0.062687,0.093454,0.10593
5.42,0.092503,0.17668,0.074239,0.071287,0.077274,0.069752,0.11525,0.13407,0.088908,0.033144,0.097279,0.084707,0.045423,0.066921,0.083952,0.063549,0.10158,0.043338,0.13734,0.32786,0.31746,0.061184,0.17161,0.048121,0.065662,0.083124,0.075885,0.083553,0.074469,0.093008,0.15108,0.068706,0.23528,0.13062,0.22001,0.067683,0.097539,0.062331,0.093211,0.10632
5.43,0.09189,0.17658,0.074012,0.070849,0.077082,0.069724,0.11504,0.13406,0.08851,0.033138,0.096762,0.084378,0.045283,0.066517,0.08363,0.063207,0.10158,0.042949,0.13662,0.32727,0.31517,0.06073,0.17173,0.048035,0.06543,0.083173,0.075828,0.082838,0.074263,0.092874,0.15064,0.068427,0.23474,0.1308,0.21942,0.067388,0.096821,0.061976,0.092963,0.10672
5.44,0.09128,0.17647,0.073787,0.070413,0.076889,0.069691,0.11482,0.13404,0.088113,0.033128,0.096248,0.084051,0.045142,0.066118,0.083308,0.062866,0.10158,0.04256,0.1359,0.32668,0.31288,0.060288,0.17184,0.047943,0.0652,0.083214,0.075771,0.082125,0.074031,0.092741,0.15015,0.068148,0.2342,0.13097,0.21882,0.067085,0.096106,0.061622,0.09271,0.1071
5.45,0.090675,0.17632,0.07356,0.069979,0.076695,0.069655,0.1146,0.13403,0.087717,0.033114,0.095736,0.083725,0.045002,0.06572,0.082988,0.062526,0.10159,0.042172,0.13518,0.32609,0.31059,0.059857,0.17193,0.047846,0.064971,0.083247,0.075714,0.081415,0.073774,0.092609,0.14963,0.06787,0.23365,0.13112,0.21822,0.066775,0.095393,0.061269,0.092453,0.10749
5.46,0.090076,0.17613,0.073333,0.069548,0.0765,0.069614,0.11438,0.13401,0.087322,0.033098,0.095227,0.083401,0.04486,0.065321,0.082669,0.062188,0.10159,0.041784,0.13445,0.32551,0.3083,0.059437,0.172,0.047743,0.064743,0.083276,0.075656,0.080708,0.073493,0.092479,0.14906,0.067593,0.23309,0.13126,0.21761,0.066459,0.094832,0.060916,0.09219,0.10786
5.47,0.089483,0.17593,0.073106,0.069119,0.076305,0.069568,0.11415,0.13398,0.086929,0.033084,0.094722,0.083078,0.044719,0.064923,0.082352,0.061852,0.10161,0.041397,0.13372,0.32494,0.30602,0.059028,0.17205,0.047642,0.064517,0.083298,0.075597,0.080003,0.073189,0.09235,0.14845,0.067318,0.23253,0.13138,0.21699,0.066134,0.094421,0.060564,0.091924,0.10823
5.48,0.088898,0.17567,0.072877,0.068692,0.076109,0.069519,0.11392,0.13396,0.086536,0.03307,0.094219,0.082756,0.044578,0.064526,0.082037,0.061518,0.10162,0.041012,0.13298,0.32437,0.30374,0.058629,0.17208,0.04754,0.064291,0.083315,0.075538,0.079301,0.072864,0.092223,0.14781,0.067043,0.23198,0.13149,0.21637,0.065804,0.094011,0.060212,0.091652,0.1086
5.49,0.08864,0.17541,0.07265,0.068268,0.075913,0.069466,0.11369,0.13394,0.086144,0.033053,0.093719,0.082437,0.044436,0.064129,0.081722,0.061185,0.10164,0.040627,0.13223,0.32381,0.30147,0.058241,0.17209,0.047433,0.064067,0.083327,0.075478,0.078603,0.072517,0.092097,0.14713,0.066769,0.23142,0.13159,0.21575,0.065466,0.093603,0.059861,0.091376,0.10895
5.5,0.088381,0.1751,0.072422,0.067846,0.075717,0.069431,0.11346,0.13391,0.085753,0.033033,0.093222,0.082118,0.044294,0.063733,0.081409,0.060854,0.10166,0.040244,0.13149,0.32325,0.2992,0.057863,0.17208,0.047321,0.063844,0.083335,0.075417,0.077907,0.072148,0.091971,0.14642,0.066496,0.23086,0.13168,0.21513,0.065122,0.093195,0.059511,0.091096,0.1093
5.51,0.088122,0.17478,0.072194,0.067426,0.07552,0.069415,0.11322,0.13389,0.085364,0.033007,0.092728,0.081801,0.044151,0.063338,0.081097,0.060525,0.10169,0.039862,0.13073,0.3227,0.29694,0.057495,0.17206,0.047203,0.063622,0.083339,0.075356,0.077215,0.071757,0.091847,0.14569,0.066224,0.2303,0.13175,0.21451,0.064772,0.092789,0.059162,0.090812,0.10965
5.52,0.087862,0.17442,0.071965,0.067009,0.075323,0.069397,0.11298,0.13386,0.084975,0.032978,0.092236,0.081485,0.044009,0.062946,0.080785,0.060197,0.10171,0.039481,0.12997,0.32216,0.29468,0.057138,0.17201,0.047081,0.063402,0.083337,0.075294,0.076526,0.071358,0.091724,0.14493,0.065953,0.22975,0.13181,0.21389,0.064415,0.092385,0.058812,0.090523,0.10998
5.53,0.087601,0.17403,0.071735,0.066594,0.075126,0.069377,0.11274,0.13384,0.084586,0.032943,0.091747,0.081172,0.043866,0.062556,0.080475,0.059871,0.10174,0.039102,0.12921,0.32163,0.29242,0.05679,0.17194,0.046954,0.063182,0.083331,0.075232,0.075842,0.071159,0.091602,0.14414,0.065682,0.2292,0.13185,0.21326,0.064052,0.091981,0.058464,0.090229,0.11031
5.54,0.087337,0.17364,0.071507,0.066181,0.07493,0.069354,0.1125,0.13381,0.084199,0.032904,0.09126,0.080859,0.043724,0.062165,0.080166,0.059546,0.10178,0.038779,0.12844,0.3211,0.29018,0.056453,0.17186,0.046828,0.062964,0.083321,0.075168,0.075162,0.070957,0.09148,0.14333,0.065412,0.22865,0.13188,0.21263,0.063683,0.09158,0.058116,0.089931,0.11063
5.55,0.087072,0.17323,0.071278,0.065771,0.074734,0.069328,0.11229,0.13377,0.083813,0.03286,0.090777,0.080547,0.043581,0.061776,0.079859,0.059224,0.10181,0.038546,0.12767,0.32057,0.28793,0.056125,0.17175,0.046701,0.062747,0.083307,0.075104,0.074485,0.070751,0.09136,0.1425,0.065143,0.22811,0.13191,0.21201,0.063308,0.09118,0.057768,0.089629,0.11094
5.56,0.086806,0.17278,0.071049,0.065362,0.074537,0.0693,0.11209,0.13373,0.083428,0.032812,0.090297,0.080237,0.043438,0.061387,0.079553,0.058904,0.10185,0.038314,0.12689,0.32005,0.28576,0.055806,0.17163,0.04657,0.062531,0.083287,0.075038,0.073811,0.070545,0.09124,0.14164,0.064875,0.22757,0.13191,0.21138,0.062928,0.090781,0.057422,0.089324,0.11124
5.57,0.086541,0.17234,0.070819,0.064956,0.074342,0.069268,0.11189,0.13369,0.083043,0.032759,0.089818,0.079929,0.043295,0.060999,0.079249,0.058586,0.10189,0.038085,0.12656,0.31953,0.28416,0.055496,0.17148,0.046434,0.062316,0.083262,0.074972,0.073141,0.070337,0.091121,0.14077,0.064608,0.22703,0.13191,0.21076,0.062542,0.090384,0.057074,0.089013,0.11153
5.58,0.086274,0.17184,0.070589,0.064552,0.074146,0.069233,0.1117,0.13364,0.08266,0.032701,0.089342,0.079622,0.043151,0.060612,0.078946,0.058269,0.10193,0.037857,0.12648,0.31901,0.28255,0.055195,0.17131,0.046294,0.062103,0.083229,0.074904,0.072474,0.070127,0.091002,0.13987,0.064342,0.22649,0.1319,0.21014,0.06215,0.089989,0.056728,0.088699,0.11182
5.59,0.086006,0.17134,0.070359,0.064151,0.073949,0.069195,0.11149,0.13358,0.082278,0.03264,0.08887,0.079316,0.043008,0.060226,0.078643,0.057954,0.10197,0.037631,0.12639,0.31849,0.28094,0.054903,0.17113,0.046149,0.06189,0.083193,0.074836,0.07181,0.069914,0.090885,0.13896,0.064076,0.22596,0.13187,0.20953,0.061754,0.089594,0.056382,0.088381,0.1121
5.6,0.085736,0.17078,0.07013,0.063751,0.073753,0.069153,0.11129,0.13352,0.081897,0.032574,0.0884,0.079012,0.042865,0.059843,0.078342,0.057641,0.10201,0.037407,0.1263,0.31797,0.27933,0.05462,0.17093,0.046,0.061679,0.083149,0.074766,0.07115,0.069701,0.090768,0.13803,0.063812,0.22543,0.13183,0.20892,0.061352,0.089202,0.056036,0.08806,0.11236
5.61,0.085467,0.17022,0.0699,0.063353,0.073555,0.069107,0.11108,0.13344,0.081516,0.032505,0.087933,0.07871,0.042721,0.059462,0.078042,0.057329,0.10205,0.037184,0.1262,0.31745,0.2777,0.054346,0.1707,0.045852,0.061469,0.083098,0.074696,0.070493,0.069486,0.090651,0.13708,0.063548,0.22491,0.13179,0.20832,0.060944,0.08881,0.05569,0.087734,0.11262
5.62,0.085197,0.1696,0.070214,0.062959,0.073358,0.069057,0.11086,0.13337,0.081136,0.032433,0.087468,0.078408,0.042577,0.059082,0.077744,0.057019,0.10208,0.036963,0.1261,0.31693,0.27607,0.054079,0.17046,0.045704,0.06126,0.083042,0.074624,0.06984,0.069268,0.090535,0.13613,0.063287,0.22439,0.13173,0.20771,0.060532,0.08842,0.055346,0.087405,0.11287
5.63,0.084926,0.16897,0.070578,0.062566,0.07316,0.069005,0.11064,0.13329,0.080759,0.032358,0.087005,0.078107,0.042434,0.058808,0.077446,0.05671,0.10212,0.036744,0.12599,0.31641,0.27442,0.05382,0.1702,0.045552,0.061052,0.082981,0.074551,0.069191,0.06905,0.090419,0.13516,0.063026,0.22388,0.13166,0.2071,0.060352,0.088031,0.055,0.087072,0.11312
5.64,0.084653,0.1683,0.070935,0.062175,0.072961,0.068949,0.11042,0.1332,0.080382,0.032303,0.086546,0.077809,0.04229,0.05859,0.077149,0.056404,0.10216,0.036527,0.12588,0.31589,0.27275,0.053568,0.16991,0.045395,0.060845,0.082915,0.074477,0.068599,0.06883,0.090304,0.13418,0.062766,0.22338,0.13158,0.20649,0.060431,0.087643,0.054656,0.086736,0.11335
5.65,0.084383,0.16758,0.071287,0.061786,0.072762,0.068891,0.11019,0.13312,0.080006,0.032246,0.086089,0.077512,0.042147,0.058372,0.076855,0.056098,0.10219,0.036311,0.12577,0.31536,0.27108,0.053324,0.16961,0.045234,0.060639,0.082846,0.074402,0.068132,0.068608,0.090189,0.1332,0.062507,0.22288,0.13149,0.20588,0.060505,0.087257,0.054311,0.086396,0.11358
5.66,0.084111,0.16687,0.071631,0.0614,0.072562,0.068849,0.10996,0.13303,0.079631,0.032187,0.085634,0.077216,0.042003,0.058156,0.076562,0.055795,0.10223,0.036097,0.12565,0.31483,0.26939,0.053087,0.1693,0.045072,0.060434,0.082773,0.074326,0.067663,0.068384,0.090075,0.13221,0.062249,0.22239,0.13139,0.20527,0.060574,0.086872,0.053967,0.086053,0.1138
5.67,0.083838,0.1661,0.071969,0.061015,0.072362,0.068816,0.10972,0.13294,0.079258,0.032125,0.085182,0.07692,0.041862,0.057941,0.076269,0.055493,0.10226,0.035885,0.12553,0.3143,0.26768,0.052856,0.16896,0.044912,0.06023,0.082696,0.074249,0.067195,0.06816,0.089961,0.13121,0.061992,0.22189,0.13128,0.20465,0.060638,0.086487,0.053624,0.085706,0.11403
5.68,0.083567,0.16532,0.0723,0.060633,0.072161,0.06878,0.10948,0.13284,0.078887,0.03206,0.084732,0.076628,0.041722,0.057728,0.075978,0.055193,0.10229,0.035675,0.1254,0.31376,0.26596,0.052632,0.16861,0.044802,0.060028,0.082616,0.074171,0.066725,0.067934,0.089847,0.13021,0.061735,0.22139,0.13116,0.20403,0.060697,0.086104,0.05328,0.085357,0.11425
5.69,0.083294,0.16475,0.072624,0.060253,0.071959,0.06874,0.10924,0.13273,0.078516,0.031994,0.084286,0.076336,0.041581,0.057515,0.075688,0.054894,0.10231,0.035466,0.12527,0.31322,0.26423,0.052414,0.16824,0.044729,0.059826,0.082533,0.074091,0.066258,0.067707,0.089733,0.1292,0.06148,0.22089,0.13103,0.20341,0.060752,0.085722,0.052937,0.085005,0.11447
5.7,0.083021,0.16417,0.072941,0.059874,0.071757,0.068697,0.10899,0.13262,0.078145,0.031926,0.083841,0.076045,0.04144,0.057304,0.075399,0.054597,0.10234,0.03526,0.12514,0.31268,0.26248,0.052202,0.16786,0.044654,0.059626,0.082448,0.074011,0.065792,0.067476,0.089619,0.12818,0.061226,0.22038,0.1309,0.20279,0.060801,0.085342,0.052594,0.084649,0.11468
5.71,0.082749,0.16359,0.073252,0.059498,0.071554,0.06865,0.10874,0.13251,0.077778,0.031856,0.083399,0.075755,0.0413,0.057093,0.075111,0.054301,0.10236,0.035055,0.125,0.31213,0.26072,0.051996,0.16746,0.044581,0.059426,0.082361,0.073929,0.065326,0.067246,0.089506,0.12717,0.060973,0.21988,0.13075,0.20217,0.060846,0.084962,0.052252,0.08429,0.1149
5.72,0.082477,0.16301,0.073557,0.059125,0.07135,0.068632,0.10848,0.13238,0.077411,0.031784,0.082959,0.075467,0.041159,0.056884,0.074825,0.054007,0.10238,0.034852,0.12486,0.31157,0.25894,0.051796,0.16704,0.04501,0.059227,0.082271,0.073847,0.06486,0.067015,0.089393,0.12615,0.06072,0.21937,0.1306,0.20154,0.060886,0.084585,0.05191,0.083929,0.1151
5.73,0.082203,0.16263,0.073858,0.058753,0.071146,0.068628,0.10823,0.13225,0.077045,0.031709,0.082522,0.07518,0.041019,0.056676,0.074539,0.053715,0.10239,0.03465,0.12472,0.31101,0.25748,0.0516,0.16661,0.045488,0.05903,0.082179,0.073763,0.064393,0.066783,0.089279,0.12512,0.060469,0.21887,0.13044,0.20091,0.060921,0.084208,0.051568,0.083565,0.11531
5.74,0.081928,0.16239,0.074154,0.058382,0.070941,0.068619,0.10797,0.13211,0.07668,0.031631,0.082088,0.074894,0.040878,0.056469,0.074255,0.053426,0.10241,0.034451,0.12457,0.31045,0.25657,0.05141,0.16617,0.045961,0.058833,0.082083,0.073678,0.063927,0.066548,0.089166,0.1241,0.060219,0.21836,0.13058,0.20029,0.060952,0.083833,0.051227,0.083199,0.11551
5.75,0.081655,0.16216,0.074447,0.058014,0.070736,0.068606,0.10772,0.13197,0.076318,0.03155,0.081656,0.07461,0.040738,0.056263,0.073973,0.053138,0.10242,0.034253,0.12441,0.30989,0.25567,0.051225,0.16571,0.04645,0.058638,0.081983,0.073593,0.06346,0.066311,0.089053,0.12308,0.059969,0.21786,0.13083,0.19966,0.060977,0.083458,0.050886,0.08283,0.11571
5.76,0.081381,0.16193,0.074735,0.057649,0.07053,0.068589,0.10746,0.13182,0.075957,0.031466,0.081226,0.074326,0.040597,0.056058,0.073692,0.052851,0.10243,0.034058,0.12426,0.30932,0.25476,0.051044,0.16524,0.046946,0.058443,0.081877,0.073506,0.062993,0.066074,0.08894,0.12205,0.059721,0.21735,0.13108,0.19903,0.060997,0.083085,0.050546,0.082458,0.1159
5.77,0.081107,0.16167,0.075018,0.057285,0.070325,0.068568,0.10721,0.13166,0.075596,0.031378,0.080798,0.074044,0.040457,0.055854,0.073412,0.052566,0.10243,0.033864,0.1241,0.30875,0.25386,0.050867,0.16475,0.047436,0.05825,0.081764,0.073418,0.062527,0.065837,0.088827,0.12103,0.059475,0.21685,0.13132,0.1984,0.061013,0.082713,0.050206,0.082084,0.11609
5.78,0.080831,0.16143,0.075295,0.056923,0.070119,0.068543,0.10696,0.1315,0.075237,0.031287,0.080373,0.073764,0.040316,0.055651,0.073132,0.052283,0.10243,0.033673,0.12394,0.30817,0.25296,0.050695,0.16425,0.047918,0.058057,0.081647,0.073329,0.062064,0.065599,0.088714,0.12001,0.059229,0.21634,0.13156,0.19776,0.061024,0.082343,0.049867,0.081708,0.11628
5.79,0.080557,0.16115,0.075568,0.056563,0.069913,0.068515,0.1067,0.13133,0.07488,0.031193,0.07995,0.073484,0.040176,0.05545,0.072854,0.052001,0.10243,0.033483,0.12377,0.30759,0.25206,0.050527,0.16374,0.048414,0.057865,0.081525,0.07324,0.061602,0.065358,0.088601,0.11899,0.058984,0.21584,0.13179,0.19713,0.06103,0.081974,0.049529,0.08133,0.11647
5.8,0.080282,0.16087,0.075836,0.056205,0.069707,0.068482,0.10645,0.13115,0.074524,0.031096,0.07953,0.073206,0.040036,0.055249,0.072577,0.051721,0.10243,0.033296,0.1236,0.30701,0.25116,0.050362,0.16321,0.048918,0.057675,0.081397,0.073149,0.06114,0.065116,0.088487,0.11798,0.058741,0.21533,0.13201,0.19668,0.061031,0.081606,0.04919,0.080949,0.11665
5.81,0.080007,0.16057,0.0761,0.055849,0.069502,0.068445,0.10619,0.13097,0.074169,0.030997,0.079113,0.072928,0.039896,0.055049,0.072301,0.051442,0.10242,0.03311,0.12343,0.30643,0.25026,0.050201,0.16267,0.049417,0.057485,0.081261,0.073059,0.060679,0.064872,0.088374,0.11697,0.058498,0.21483,0.13222,0.19639,0.061027,0.081239,0.048852,0.080566,0.11683
5.82,0.079733,0.16026,0.07636,0.055496,0.069297,0.068405,0.10593,0.13079,0.073816,0.030896,0.078697,0.072652,0.039756,0.054851,0.072026,0.051165,0.10241,0.032927,0.12325,0.30584,0.24936,0.050044,0.16212,0.049896,0.057296,0.081121,0.072968,0.060217,0.064629,0.08826,0.11596,0.058256,0.21432,0.13242,0.19609,0.061019,0.080875,0.048516,0.080182,0.117
5.83,0.079459,0.15994,0.076618,0.05528,0.069093,0.068361,0.10567,0.13059,0.073463,0.030793,0.078284,0.072378,0.039616,0.054653,0.071753,0.051023,0.10239,0.032746,0.12307,0.30525,0.24847,0.049889,0.16156,0.050367,0.057109,0.080975,0.072876,0.059757,0.064386,0.088147,0.11495,0.058016,0.21382,0.13262,0.19578,0.061006,0.08051,0.048179,0.079796,0.11717
5.84,0.079186,0.15959,0.076873,0.055127,0.068888,0.068314,0.1054,0.13039,0.073113,0.030689,0.077873,0.072104,0.039477,0.054457,0.071481,0.050901,0.10237,0.032566,0.12289,0.30471,0.24757,0.049738,0.16098,0.050816,0.056922,0.080822,0.072783,0.059297,0.064141,0.088033,0.11395,0.057776,0.21331,0.13281,0.19547,0.060988,0.080148,0.047843,0.079407,0.11732
5.85,0.078913,0.15925,0.077127,0.054975,0.068685,0.068263,0.10513,0.13018,0.072764,0.030583,0.077464,0.071832,0.039337,0.054261,0.07121,0.05078,0.10235,0.032389,0.1227,0.30418,0.24668,0.049589,0.16039,0.051253,0.056736,0.080663,0.072689,0.058837,0.063895,0.087918,0.11294,0.057538,0.2128,0.13299,0.19514,0.060966,0.079786,0.047508,0.079017,0.11747
5.86,0.078641,0.15887,0.077377,0.054824,0.068481,0.068209,0.10486,0.12997,0.072417,0.030476,0.077058,0.07156,0.039198,0.054067,0.070941,0.050659,0.10233,0.032215,0.12251,0.30366,0.24578,0.049443,0.1598,0.05167,0.056552,0.080499,0.072595,0.058378,0.063647,0.087804,0.11194,0.0573,0.2123,0.13316,0.19481,0.060939,0.079427,0.047174,0.078625,0.11761
5.87,0.07837,0.15851,0.077624,0.054673,0.068277,0.068151,0.10459,0.12975,0.07207,0.030366,0.076654,0.07129,0.039059,0.053874,0.070672,0.050538,0.1023,0.032042,0.12231,0.30313,0.24489,0.0493,0.15919,0.052072,0.056368,0.080328,0.0725,0.05792,0.063398,0.08769,0.11094,0.057063,0.21179,0.1336,0.19447,0.060906,0.079068,0.04684,0.078232,0.11775
5.88,0.078098,0.15812,0.077866,0.054522,0.068074,0.06809,0.10431,0.12952,0.071724,0.030254,0.076252,0.07102,0.038919,0.053681,0.070405,0.050417,0.10226,0.031889,0.12211,0.3026,0.244,0.049159,0.15857,0.052453,0.056185,0.080151,0.072404,0.057463,0.063148,0.087575,0.10995,0.056828,0.21128,0.13415,0.19413,0.06087,0.078712,0.046507,0.077837,0.11788
5.89,0.077828,0.1577,0.078106,0.054372,0.06787,0.068026,0.10403,0.12929,0.071381,0.03014,0.075853,0.070753,0.038781,0.05349,0.070138,0.050296,0.10223,0.031805,0.12191,0.30208,0.24311,0.049021,0.15794,0.052825,0.056003,0.079968,0.072307,0.057009,0.062898,0.087459,0.10895,0.056593,0.21078,0.1347,0.19377,0.060829,0.078356,0.046175,0.077441,0.11801
5.9,0.07756,0.1573,0.078341,0.054222,0.067667,0.067958,0.10375,0.12904,0.071039,0.030047,0.075455,0.070486,0.038642,0.053299,0.069873,0.050176,0.10219,0.031721,0.12171,0.30155,0.24222,0.048885,0.1573,0.053213,0.055821,0.079777,0.07221,0.056557,0.062649,0.087344,0.10796,0.056492,0.21027,0.13523,0.19341,0.060783,0.078002,0.045844,0.077043,0.11813
5.91,0.077295,0.15686,0.078572,0.054073,0.067463,0.067887,0.10347,0.12879,0.070699,0.030156,0.07506,0.070221,0.038503,0.05311,0.069609,0.050055,0.10214,0.031636,0.1215,0.30102,0.24133,0.048751,0.15666,0.053576,0.055641,0.079583,0.072112,0.056106,0.062398,0.087228,0.10707,0.056606,0.20977,0.13574,0.19305,0.060733,0.077649,0.045513,0.076644,0.11824
5.92,0.077032,0.15641,0.0788,0.053924,0.067259,0.067813,0.10318,0.12854,0.070359,0.03026,0.074667,0.069956,0.038365,0.052922,0.069345,0.049935,0.10209,0.031551,0.12128,0.30049,0.24044,0.048618,0.156,0.053928,0.055462,0.07938,0.072014,0.055655,0.062147,0.087112,0.10653,0.056716,0.20927,0.13624,0.19268,0.060678,0.077298,0.045183,0.076243,0.11835
5.93,0.076769,0.15596,0.079024,0.053775,0.067054,0.067736,0.10289,0.12828,0.07002,0.030362,0.074277,0.069692,0.038227,0.052735,0.069083,0.049815,0.10204,0.031467,0.12107,0.29997,0.23955,0.048488,0.15534,0.054249,0.055283,0.079171,0.071914,0.055205,0.061894,0.086996,0.10599,0.056822,0.20876,0.13672,0.1923,0.060619,0.076949,0.044854,0.075841,0.11849
5.94,0.076506,0.15548,0.079245,0.053627,0.066851,0.067657,0.1026,0.128,0.069683,0.030458,0.073889,0.06943,0.038089,0.052549,0.068823,0.049695,0.10199,0.031382,0.12085,0.29944,0.23866,0.048359,0.15466,0.054547,0.055105,0.078956,0.071815,0.054757,0.06164,0.086879,0.10546,0.056923,0.20826,0.13719,0.19192,0.060556,0.0766,0.044526,0.075438,0.11879
5.95,0.076243,0.15498,0.07946,0.053479,0.066647,0.067574,0.10231,0.12773,0.069349,0.03055,0.073503,0.069168,0.037951,0.052364,0.068564,0.049575,0.10193,0.031297,0.12062,0.29891,0.23778,0.048231,0.15398,0.054824,0.054928,0.078733,0.071714,0.054309,0.061386,0.086762,0.10492,0.05702,0.20775,0.13765,0.19153,0.060487,0.076254,0.044199,0.075034,0.11906
5.96,0.075982,0.15449,0.079671,0.053332,0.066444,0.067488,0.10202,0.12744,0.069015,0.030636,0.073119,0.068908,0.037816,0.05218,0.068306,0.049455,0.10186,0.031213,0.12039,0.29838,0.23689,0.048105,0.15329,0.055067,0.054752,0.078507,0.071614,0.053863,0.06113,0.086644,0.10438,0.057114,0.20725,0.13809,0.19114,0.060415,0.075909,0.043872,0.074629,0.11932
5.97,0.075719,0.15398,0.079875,0.053185,0.066243,0.0674,0.10173,0.12715,0.068683,0.030716,0.072737,0.068649,0.037681,0.051997,0.068048,0.049336,0.1018,0.031128,0.12016,0.29785,0.236,0.047981,0.15259,0.055296,0.054577,0.07827,0.071512,0.053418,0.060874,0.086526,0.10384,0.057203,0.20675,0.13853,0.19074,0.060338,0.075565,0.043546,0.074223,0.11955
5.98,0.075456,0.15344,0.080075,0.053038,0.066044,0.067308,0.10144,0.12684,0.068352,0.030791,0.072357,0.068391,0.037546,0.051815,0.067792,0.049218,0.10173,0.031044,0.11993,0.29733,0.23511,0.047858,0.15189,0.055492,0.054402,0.078032,0.07141,0.052974,0.06062,0.086408,0.10331,0.057287,0.20625,0.13895,0.19034,0.060257,0.075223,0.043222,0.073815,0.11977
5.99,0.075193,0.15291,0.080268,0.052892,0.065846,0.067214,0.10115,0.12654,0.068022,0.030861,0.07198,0.068135,0.037412,0.051633,0.067537,0.049099,0.10165,0.03096,0.11969,0.2968,0.23423,0.047735,0.15117,0.05567,0.054228,0.077784,0.071308,0.052531,0.060365,0.086289,0.10277,0.057368,0.20575,0.13937,0.18992,0.060172,0.074883,0.042898,0.073408,0.11996
6,0.074929,0.15236,0.080458,0.052746,0.065651,0.067118,0.10086,0.12622,0.067693,0.030925,0.071605,0.067879,0.037277,0.051453,0.067283,0.048981,0.10157,0.030876,0.11945,0.29627,0.23334,0.047614,0.15045,0.055817,0.054055,0.077532,0.071205,0.05209,0.06011,0.08617,0.10223,0.057445,0.20525,0.13978,0.18951,0.060082,0.074543,0.042575,0.072999,0.12014
6.01,0.074667,0.15179,0.080646,0.052601,0.065456,0.067019,0.10057,0.1259,0.067366,0.030984,0.071232,0.067624,0.037143,0.051273,0.06703,0.048863,0.10149,0.030793,0.11921,0.29574,0.23245,0.047495,0.14972,0.055949,0.053883,0.077273,0.071102,0.05165,0.059853,0.086051,0.1017,0.057518,0.20475,0.14018,0.18908,0.059988,0.074205,0.042254,0.072589,0.12029
6.02,0.074404,0.15122,0.080833,0.052457,0.065261,0.066917,0.10028,0.12557,0.067041,0.031037,0.070861,0.06737,0.037009,0.051095,0.066778,0.048745,0.1014,0.030709,0.11896,0.29521,0.23157,0.047376,0.14899,0.056057,0.053712,0.077009,0.070999,0.051213,0.059596,0.085931,0.10116,0.057587,0.20426,0.14057,0.18865,0.059891,0.073868,0.041933,0.072178,0.12043
6.03,0.074141,0.15064,0.081019,0.052313,0.065067,0.066813,0.099992,0.12523,0.066717,0.031086,0.070492,0.067117,0.036875,0.050917,0.066527,0.048627,0.10131,0.030627,0.11871,0.29469,0.23068,0.047258,0.14825,0.056153,0.053541,0.076739,0.070896,0.050778,0.059339,0.08581,0.10062,0.057653,0.20376,0.14096,0.18821,0.059789,0.073533,0.041613,0.071767,0.12055
6.04,0.073877,0.15004,0.081204,0.052169,0.064873,0.066706,0.099703,0.12488,0.066395,0.031129,0.070125,0.066865,0.036742,0.05074,0.066277,0.048509,0.10122,0.030544,0.11846,0.29416,0.2298,0.04714,0.1475,0.056239,0.053372,0.076463,0.070793,0.050345,0.059081,0.085689,0.10009,0.057714,0.20327,0.14134,0.18777,0.059683,0.073199,0.041294,0.071355,0.12065
6.05,0.073613,0.14944,0.081385,0.052026,0.064678,0.066598,0.099412,0.12453,0.066074,0.031168,0.06976,0.066615,0.036608,0.050565,0.066029,0.048391,0.10112,0.030462,0.1182,0.29363,0.22891,0.047024,0.14675,0.056303,0.053203,0.076181,0.070689,0.049914,0.058822,0.085568,0.099549,0.057771,0.20277,0.14171,0.18732,0.059573,0.072866,0.040977,0.070942,0.12073
6.06,0.07335,0.14883,0.081564,0.051883,0.064484,0.066486,0.099121,0.12417,0.065754,0.031201,0.069397,0.066366,0.036475,0.05039,0.065782,0.048274,0.10102,0.03038,0.11794,0.2931,0.22802,0.046908,0.14599,0.056341,0.053034,0.075893,0.070585,0.049484,0.058564,0.085446,0.099011,0.057825,0.20228,0.14207,0.18686,0.059459,0.072535,0.04066,0.07053,0.12079
6.07,0.073088,0.1482,0.081836,0.051741,0.064289,0.066372,0.098827,0.12381,0.065435,0.031229,0.069037,0.066117,0.036342,0.050215,0.065536,0.048157,0.10091,0.030298,0.11768,0.29258,0.22714,0.046793,0.14523,0.056361,0.052867,0.075601,0.070481,0.049056,0.058304,0.085323,0.098472,0.057875,0.20179,0.14243,0.1864,0.059341,0.072205,0.040345,0.070116,0.12083
6.08,0.072825,0.14758,0.082105,0.051599,0.064094,0.066255,0.098532,0.12344,0.065118,0.031252,0.068679,0.06587,0.03621,0.050042,0.065291,0.04804,0.1008,0.030218,0.11741,0.29205,0.22625,0.046679,0.14446,0.056354,0.0527,0.075302,0.070377,0.048629,0.058045,0.0852,0.097932,0.057922,0.20129,0.14277,0.18594,0.05922,0.071876,0.04003,0.069702,0.12086
6.09,0.072561,0.14694,0.082372,0.051457,0.063899,0.066135,0.098236,0.12306,0.064802,0.03127,0.068322,0.065623,0.036078,0.04987,0.065046,0.047923,0.1007,0.030137,0.11714,0.29152,0.22536,0.046566,0.14369,0.056327,0.052534,0.075,0.070272,0.048203,0.057788,0.085078,0.097391,0.057965,0.2008,0.14311,0.18546,0.059094,0.071549,0.039717,0.069288,0.12087
6.1,0.0723,0.14628,0.082636,0.051315,0.063703,0.066014,0.097937,0.12267,0.064488,0.031282,0.067968,0.065378,0.035946,0.049698,0.064803,0.047806,0.10082,0.030057,0.11687,0.291,0.22447,0.046453,0.14292,0.056279,0.052369,0.074689,0.070167,0.04778,0.05753,0.084955,0.096849,0.058004,0.20031,0.14344,0.18499,0.058965,0.071222,0.039405,0.068873,0.12086
6.11,0.072038,0.14563,0.082896,0.051174,0.063506,0.065889,0.097636,0.12228,0.064175,0.03129,0.067616,0.065133,0.035814,0.049528,0.064561,0.04769,0.10093,0.029977,0.1166,0.29047,0.22359,0.04634,0.14215,0.056204,0.052205,0.074377,0.070062,0.047358,0.057272,0.084832,0.096305,0.058039,0.19982,0.14376,0.1845,0.058832,0.070897,0.039094,0.068458,0.12084
6.12,0.071776,0.14496,0.083153,0.051034,0.063309,0.065762,0.097334,0.12188,0.063865,0.031293,0.067265,0.06489,0.035682,0.049358,0.06432,0.047573,0.10104,0.029897,0.11632,0.28995,0.2227,0.046228,0.14179,0.056113,0.052041,0.074056,0.069956,0.046938,0.057013,0.084708,0.09576,0.058208,0.19933,0.14408,0.18401,0.058696,0.070574,0.038784,0.068042,0.12081
6.13,0.071514,0.14428,0.083405,0.050894,0.063111,0.065632,0.09703,0.12148,0.063555,0.03129,0.066916,0.064647,0.035551,0.049189,0.06408,0.047457,0.10113,0.029818,0.11604,0.28942,0.22181,0.046117,0.14144,0.055999,0.051878,0.073734,0.06985,0.04652,0.056755,0.084584,0.095214,0.058463,0.19884,0.14438,0.18351,0.058556,0.070252,0.038477,0.067627,0.12075
6.14,0.071254,0.14359,0.083652,0.050754,0.062912,0.0655,0.096724,0.12107,0.063247,0.031284,0.06657,0.064406,0.03542,0.049021,0.063841,0.047341,0.10122,0.029739,0.11576,0.2889,0.22092,0.046006,0.14109,0.055864,0.051716,0.073405,0.069744,0.046103,0.056496,0.084459,0.094668,0.058713,0.19835,0.14467,0.18301,0.058412,0.069931,0.038273,0.067212,0.12069
6.15,0.070993,0.1429,0.083894,0.050614,0.062713,0.065365,0.096416,0.12065,0.06294,0.031273,0.066226,0.064166,0.035289,0.048854,0.063603,0.047225,0.1013,0.029661,0.11547,0.28837,0.22003,0.045895,0.14073,0.055712,0.051554,0.073073,0.069638,0.045798,0.056237,0.084334,0.094121,0.058959,0.19787,0.14496,0.1825,0.058266,0.069612,0.038069,0.066795,0.1206
6.16,0.070732,0.1422,0.08413,0.050475,0.062514,0.065228,0.096107,0.12023,0.062635,0.031257,0.065884,0.063927,0.035159,0.048687,0.063366,0.04711,0.10137,0.029583,0.11518,0.28785,0.21914,0.045785,0.14036,0.055543,0.051393,0.072736,0.069531,0.045714,0.055978,0.084209,0.093573,0.059201,0.19738,0.14523,0.18198,0.058115,0.069294,0.037867,0.06638,0.1205
6.17,0.070471,0.1415,0.084361,0.050337,0.062313,0.06509,0.095796,0.1198,0.062331,0.031237,0.065544,0.063688,0.035029,0.048522,0.06313,0.046994,0.10143,0.029505,0.11489,0.28733,0.21825,0.045675,0.13998,0.055357,0.051233,0.072395,0.069424,0.04563,0.05572,0.084082,0.093025,0.059437,0.1969,0.1455,0.18146,0.057962,0.068977,0.037665,0.065964,0.12039
6.18,0.070211,0.14079,0.084586,0.050199,0.062113,0.064948,0.095483,0.11937,0.062028,0.031213,0.065205,0.063451,0.034899,0.048357,0.062896,0.046879,0.10149,0.029427,0.11459,0.2868,0.21736,0.045565,0.1396,0.055171,0.051074,0.072051,0.069317,0.045545,0.055461,0.083955,0.092475,0.059669,0.19642,0.14576,0.18094,0.057804,0.068662,0.037463,0.065547,0.12026
6.19,0.069952,0.14006,0.084805,0.050061,0.061912,0.064805,0.09517,0.11893,0.061726,0.031185,0.064869,0.063215,0.03477,0.048193,0.062662,0.046764,0.10153,0.02935,0.1143,0.28628,0.21647,0.045456,0.13921,0.054971,0.050915,0.071703,0.06921,0.045459,0.055202,0.083828,0.091922,0.059894,0.19593,0.146,0.18041,0.057644,0.068348,0.037262,0.065132,0.12011
6.2,0.069692,0.13935,0.085018,0.049924,0.061709,0.064659,0.094854,0.11849,0.061426,0.031153,0.064534,0.062979,0.034641,0.04803,0.06243,0.046649,0.10157,0.029273,0.114,0.28576,0.21558,0.045347,0.13881,0.054755,0.050757,0.071351,0.069103,0.045371,0.054943,0.0837,0.091368,0.060114,0.19545,0.14624,0.17987,0.057481,0.068036,0.037063,0.064716,0.11995
6.21,0.069432,0.13862,0.085226,0.049788,0.061507,0.064511,0.094537,0.11804,0.061128,0.031118,0.064234,0.062745,0.034514,0.047867,0.062198,0.046534,0.1016,0.029196,0.11369,0.28524,0.21469,0.045238,0.13841,0.054518,0.0506,0.070997,0.068996,0.045282,0.054684,0.083572,0.090811,0.060329,0.19496,0.14646,0.17934,0.057315,0.067724,0.036863,0.0643,0.11978
6.22,0.069172,0.13788,0.085428,0.049651,0.061304,0.064362,0.094218,0.11759,0.060832,0.031081,0.06395,0.062511,0.034387,0.047706,0.061968,0.04642,0.10163,0.029119,0.11339,0.28472,0.2138,0.04513,0.138,0.054263,0.050443,0.070639,0.068889,0.045192,0.054426,0.083443,0.090251,0.060538,0.19448,0.14667,0.17879,0.057145,0.067415,0.036665,0.063884,0.11959
6.23,0.068912,0.13714,0.085624,0.049515,0.061101,0.064211,0.093899,0.11713,0.060537,0.031041,0.063667,0.062279,0.034261,0.047545,0.061738,0.046305,0.10164,0.029043,0.11308,0.2842,0.2129,0.045022,0.13759,0.054,0.050287,0.070398,0.068783,0.045102,0.05417,0.083313,0.089689,0.060742,0.194,0.14688,0.17825,0.056973,0.067106,0.036468,0.063469,0.11939
6.24,0.068654,0.1364,0.085814,0.04938,0.060897,0.064058,0.093578,0.11666,0.060243,0.030999,0.063385,0.062047,0.034135,0.047385,0.061509,0.046191,0.10165,0.028966,0.11277,0.28368,0.21201,0.044913,0.13717,0.053729,0.050132,0.070253,0.068676,0.045011,0.053913,0.083183,0.089124,0.060942,0.19352,0.14707,0.1777,0.056798,0.0668,0.036271,0.063054,0.11917
6.25,0.068395,0.13564,0.085999,0.049245,0.060693,0.063903,0.093257,0.1162,0.059951,0.030955,0.063105,0.061817,0.034009,0.047226,0.061282,0.046077,0.10166,0.02889,0.11246,0.28316,0.21112,0.044806,0.13674,0.053448,0.049977,0.070106,0.068569,0.044918,0.053657,0.083052,0.088556,0.061137,0.19303,0.14725,0.17714,0.05662,0.066494,0.036075,0.062639,0.11893
6.26,0.068137,0.13488,0.086178,0.04911,0.060489,0.063747,0.092934,0.11572,0.05966,0.030909,0.062826,0.061587,0.033884,0.047068,0.061055,0.045963,0.10166,0.028813,0.11214,0.28264,0.21023,0.044698,0.13632,0.053159,0.049823,0.069958,0.068462,0.044824,0.053401,0.082921,0.087984,0.061328,0.19255,0.14742,0.17658,0.056439,0.06619,0.03588,0.062224,0.11883
6.27,0.067878,0.13412,0.086352,0.048975,0.060284,0.063588,0.092611,0.11525,0.05937,0.030862,0.062548,0.061359,0.033758,0.04691,0.060829,0.04585,0.10165,0.028737,0.11183,0.28212,0.20934,0.04459,0.13589,0.052862,0.04967,0.069808,0.068354,0.044729,0.053145,0.082789,0.08741,0.061515,0.19207,0.14758,0.17602,0.056256,0.065887,0.035686,0.06181,0.11873
6.28,0.067619,0.13335,0.086522,0.048841,0.060079,0.063428,0.092288,0.11476,0.059082,0.030813,0.062271,0.061132,0.033634,0.046753,0.060605,0.045736,0.10164,0.02866,0.11151,0.2816,0.20845,0.044483,0.13553,0.052549,0.049518,0.069656,0.068247,0.044632,0.05289,0.082657,0.086833,0.061697,0.19158,0.14773,0.17545,0.056071,0.065585,0.035492,0.061396,0.11862
6.29,0.067361,0.13258,0.086685,0.048708,0.059874,0.063267,0.091965,0.11428,0.058795,0.03076,0.061996,0.060905,0.033509,0.046597,0.060381,0.045623,0.10162,0.028583,0.11119,0.28108,0.20756,0.044375,0.13532,0.052219,0.049366,0.069502,0.068139,0.044533,0.052635,0.082524,0.086253,0.061875,0.1911,0.14787,0.17488,0.055882,0.065285,0.035299,0.060982,0.11852
6.3,0.067102,0.13181,0.086845,0.048574,0.05967,0.063104,0.091643,0.11379,0.05851,0.030705,0.061722,0.060679,0.033385,0.046442,0.060158,0.04551,0.10159,0.028507,0.11086,0.28057,0.20666,0.044268,0.1351,0.051878,0.049214,0.069345,0.068032,0.044436,0.05238,0.082391,0.08567,0.062049,0.19061,0.148,0.17431,0.055692,0.064986,0.035106,0.060569,0.11841
6.31,0.066843,0.13103,0.086999,0.048441,0.059465,0.06294,0.091322,0.1133,0.058226,0.030647,0.061449,0.060455,0.033261,0.046287,0.059937,0.045398,0.10156,0.02843,0.11054,0.28005,0.20577,0.04416,0.13488,0.051523,0.049064,0.069187,0.067924,0.044337,0.052125,0.082257,0.085084,0.062218,0.19013,0.14813,0.17374,0.055499,0.064689,0.034915,0.060156,0.11829
6.32,0.066586,0.13026,0.087148,0.048309,0.059261,0.062775,0.091005,0.1128,0.057943,0.030585,0.061178,0.060231,0.033137,0.046133,0.059716,0.045285,0.10152,0.028352,0.11021,0.27954,0.20488,0.044053,0.13465,0.051154,0.048914,0.069026,0.067815,0.044238,0.051871,0.082122,0.084495,0.062382,0.18964,0.14824,0.17316,0.055303,0.064393,0.034724,0.059744,0.11817
6.33,0.066329,0.12948,0.087293,0.048176,0.059057,0.06261,0.09074,0.1123,0.057663,0.030521,0.060907,0.060008,0.033014,0.04598,0.059497,0.045173,0.10147,0.028275,0.10988,0.27902,0.20399,0.043945,0.13442,0.050774,0.048764,0.068865,0.067707,0.044137,0.051617,0.081988,0.083903,0.062542,0.18916,0.14834,0.17258,0.055106,0.064098,0.034534,0.059333,0.11804
6.34,0.066072,0.12869,0.087433,0.048044,0.058853,0.062446,0.09048,0.1118,0.057384,0.030454,0.060638,0.059786,0.032891,0.045828,0.059278,0.045061,0.10142,0.028198,0.10955,0.27851,0.2031,0.043838,0.13417,0.050379,0.048616,0.0687,0.067598,0.044034,0.051363,0.081854,0.083307,0.062696,0.18867,0.14844,0.17199,0.054907,0.063805,0.034344,0.058922,0.11791
6.35,0.065816,0.1279,0.087568,0.047913,0.05865,0.062283,0.090221,0.1113,0.057106,0.030385,0.06037,0.059565,0.032768,0.045677,0.05906,0.044949,0.10135,0.02812,0.10922,0.27799,0.20222,0.04373,0.13392,0.049969,0.048468,0.068535,0.06749,0.043931,0.05111,0.081719,0.082708,0.062845,0.18819,0.14852,0.1714,0.054705,0.063513,0.034156,0.058511,0.11789
6.36,0.065559,0.12711,0.087697,0.047782,0.058447,0.062119,0.089962,0.11079,0.056829,0.030313,0.060104,0.059344,0.032647,0.045526,0.058844,0.044837,0.10129,0.028042,0.10888,0.27748,0.20133,0.043623,0.13367,0.049552,0.04832,0.068366,0.067381,0.043826,0.050858,0.081584,0.082106,0.062989,0.1877,0.14859,0.17081,0.054502,0.063222,0.033968,0.058101,0.118
6.37,0.065302,0.12631,0.087822,0.047652,0.058244,0.061955,0.089703,0.11028,0.056554,0.030239,0.059838,0.059125,0.032526,0.045376,0.058628,0.044725,0.10121,0.027963,0.10855,0.27697,0.20044,0.043515,0.1334,0.049124,0.048174,0.068197,0.067272,0.04372,0.050606,0.081448,0.0815,0.063129,0.18722,0.14866,0.17022,0.054297,0.062933,0.033781,0.057693,0.11809
6.38,0.065046,0.1255,0.087943,0.047522,0.058041,0.06179,0.089442,0.10976,0.056281,0.030162,0.059574,0.058907,0.032406,0.045226,0.058413,0.044614,0.10112,0.027884,0.10821,0.27645,0.19956,0.043408,0.13313,0.048685,0.048027,0.068026,0.067162,0.043614,0.050354,0.081311,0.08089,0.063264,0.18673,0.14871,0.16963,0.05409,0.062646,0.033595,0.057284,0.11817
6.39,0.064789,0.1247,0.088059,0.047392,0.057838,0.061624,0.089181,0.10924,0.056058,0.030083,0.059311,0.05869,0.032287,0.045078,0.058199,0.044503,0.10103,0.027805,0.10787,0.27594,0.19867,0.0433,0.13286,0.04824,0.047882,0.067853,0.067053,0.043506,0.050103,0.081174,0.080277,0.063394,0.18624,0.14875,0.16904,0.053881,0.062359,0.033409,0.056877,0.11824
6.4,0.064533,0.12389,0.08817,0.047263,0.057635,0.061457,0.088918,0.10872,0.055864,0.030001,0.059049,0.058474,0.032167,0.04493,0.057986,0.044392,0.10094,0.027725,0.10753,0.27543,0.19779,0.043192,0.13257,0.047802,0.047737,0.067679,0.066944,0.043399,0.049854,0.081037,0.079661,0.063519,0.18575,0.14878,0.16844,0.053671,0.062075,0.033224,0.05647,0.11829
6.41,0.064277,0.12308,0.088277,0.047134,0.057431,0.06129,0.088655,0.1082,0.055671,0.029916,0.058788,0.058258,0.032048,0.044782,0.057774,0.044281,0.10083,0.027645,0.10718,0.27492,0.19691,0.043083,0.13228,0.047368,0.047593,0.067502,0.066835,0.043291,0.049605,0.080898,0.079041,0.06364,0.18526,0.1488,0.16784,0.053459,0.061792,0.03304,0.056064,0.11833
6.42,0.064021,0.12227,0.08838,0.047005,0.057227,0.061121,0.08839,0.10767,0.055479,0.029828,0.058529,0.058044,0.03193,0.044636,0.057563,0.044171,0.10072,0.027564,0.10684,0.27441,0.19603,0.042975,0.13199,0.046933,0.047449,0.067325,0.066726,0.043182,0.049357,0.08076,0.078418,0.063755,0.18477,0.14881,0.16724,0.053246,0.06151,0.032857,0.05566,0.11836
6.43,0.063765,0.12145,0.088479,0.046877,0.057024,0.060952,0.088125,0.10714,0.055287,0.029737,0.058271,0.05783,0.031811,0.04449,0.057352,0.044061,0.1006,0.027483,0.10649,0.2739,0.19516,0.042866,0.13169,0.046494,0.047307,0.067144,0.066617,0.043072,0.04911,0.080621,0.077792,0.063866,0.18427,0.14881,0.16664,0.053031,0.061229,0.032674,0.055255,0.11837
6.44,0.063511,0.12063,0.088573,0.046749,0.05682,0.060783,0.087859,0.10661,0.055097,0.029644,0.058014,0.057617,0.031694,0.044345,0.057143,0.043951,0.10047,0.027401,0.10615,0.27339,0.19428,0.042757,0.13138,0.046045,0.047164,0.066964,0.066507,0.042961,0.048864,0.080481,0.077471,0.063973,0.18378,0.14879,0.16603,0.052814,0.06095,0.032492,0.054852,0.11837
6.45,0.063257,0.11982,0.088662,0.046622,0.056616,0.060613,0.087593,0.10607,0.054906,0.029548,0.057758,0.057406,0.031577,0.0442,0.056935,0.043841,0.10034,0.027319,0.1058,0.27288,0.19341,0.042648,0.13106,0.045592,0.047023,0.06678,0.066398,0.042849,0.048617,0.080341,0.07724,0.064076,0.18328,0.14877,0.16543,0.052596,0.060671,0.03231,0.05445,0.11836
6.46,0.063004,0.119,0.088747,0.046495,0.056412,0.060444,0.087327,0.10553,0.054717,0.029449,0.057503,0.057195,0.031461,0.044057,0.056728,0.043731,0.1002,0.027237,0.10545,0.27238,0.19254,0.042538,0.13074,0.045129,0.046882,0.066596,0.066288,0.042736,0.048372,0.0802,0.077003,0.064176,0.18278,0.14874,0.16483,0.052376,0.060395,0.03213,0.054049,0.11833
6.47,0.06275,0.11817,0.088827,0.046368,0.056208,0.060279,0.087063,0.10499,0.054529,0.029348,0.057249,0.056984,0.031346,0.043914,0.056521,0.043622,0.10006,0.027154,0.1051,0.27187,0.19167,0.042428,0.13041,0.044663,0.046741,0.066408,0.066177,0.042623,0.048127,0.080058,0.07676,0.064272,0.18228,0.1487,0.16422,0.052154,0.060119,0.03195,0.053649,0.11828
6.48,0.062497,0.11735,0.088903,0.046241,0.056004,0.060118,0.08681,0.10444,0.054341,0.029244,0.056997,0.056775,0.031231,0.043771,0.056316,0.043513,0.099909,0.02707,0.10475,0.27136,0.19092,0.042318,0.13008,0.044197,0.046602,0.066219,0.066067,0.042508,0.047883,0.079916,0.076512,0.064366,0.18178,0.14865,0.16362,0.051931,0.059844,0.031771,0.05325,0.11823
6.49,0.062244,0.11652,0.088975,0.046115,0.0558,0.059958,0.086568,0.10389,0.054154,0.029137,0.056746,0.056567,0.031116,0.04363,0.056112,0.043404,0.099754,0.026986,0.10439,0.27086,0.1904,0.042207,0.12974,0.043738,0.046462,0.066028,0.065956,0.042392,0.04764,0.079774,0.076259,0.064463,0.18128,0.1486,0.16302,0.051706,0.059571,0.03161,0.052851,0.11816
6.5,0.061992,0.11569,0.089041,0.045989,0.055596,0.059797,0.086327,0.10334,0.053968,0.029028,0.056496,0.056359,0.031001,0.043488,0.055908,0.043295,0.099594,0.026902,0.10404,0.27035,0.18988,0.042096,0.1294,0.043292,0.046324,0.065835,0.065844,0.042277,0.047397,0.079631,0.076,0.064556,0.18077,0.14853,0.16242,0.05148,0.059299,0.031554,0.052455,0.11808
6.51,0.061739,0.11486,0.089104,0.045864,0.055393,0.059634,0.086086,0.10279,0.053783,0.028916,0.056247,0.056152,0.030887,0.043348,0.055705,0.043187,0.099428,0.026817,0.10369,0.26985,0.18937,0.041985,0.12905,0.042844,0.046186,0.065641,0.065733,0.042161,0.047155,0.079489,0.075735,0.064646,0.18026,0.14846,0.16181,0.051253,0.059028,0.031498,0.052059,0.11799
6.52,0.061487,0.11403,0.089162,0.045739,0.05519,0.059471,0.085845,0.10223,0.053599,0.028801,0.055999,0.055947,0.030774,0.043208,0.055503,0.043078,0.099256,0.026731,0.10333,0.26934,0.18885,0.041873,0.12869,0.04239,0.046048,0.065445,0.065621,0.042045,0.046914,0.079346,0.075465,0.064732,0.17975,0.14839,0.16121,0.051023,0.058759,0.031442,0.051664,0.11789
6.53,0.061235,0.1132,0.089215,0.045614,0.054987,0.059306,0.085603,0.10167,0.053415,0.028685,0.055752,0.055742,0.030662,0.043069,0.055302,0.04297,0.099077,0.026644,0.10297,0.26884,0.18834,0.04176,0.12833,0.041931,0.045911,0.065248,0.065509,0.041928,0.046673,0.079203,0.07519,0.064814,0.17924,0.14831,0.16061,0.050793,0.05849,0.031384,0.05127,0.11777
6.54,0.060984,0.11236,0.089264,0.04549,0.054786,0.059141,0.08536,0.10111,0.053232,0.028566,0.055507,0.055538,0.03055,0.042931,0.055102,0.042862,0.098892,0.026557,0.10261,0.26833,0.18782,0.041647,0.12796,0.041461,0.045775,0.065047,0.065396,0.041811,0.046433,0.07906,0.07491,0.064892,0.17873,0.14823,0.16001,0.050561,0.058223,0.031326,0.050878,0.11765
6.55,0.060733,0.11153,0.089309,0.045366,0.054585,0.058974,0.085116,0.10055,0.05305,0.028445,0.055263,0.055335,0.030438,0.042793,0.054903,0.042755,0.0987,0.026469,0.10225,0.26783,0.18731,0.041534,0.12759,0.040986,0.045639,0.064848,0.065283,0.041692,0.046194,0.078916,0.074626,0.064965,0.17821,0.14814,0.1594,0.050327,0.057957,0.031268,0.050487,0.11752
6.56,0.060483,0.11069,0.089349,0.045243,0.054386,0.058806,0.084872,0.099981,0.052868,0.028323,0.05502,0.055133,0.030327,0.042656,0.054705,0.042648,0.098501,0.026381,0.10189,0.26733,0.1868,0.04142,0.12721,0.040509,0.045504,0.064645,0.06517,0.041573,0.045956,0.078771,0.074337,0.065035,0.17769,0.14805,0.1588,0.050092,0.057692,0.031209,0.050097,0.11738
6.57,0.060234,0.10985,0.089386,0.04512,0.054188,0.058637,0.084626,0.099413,0.052687,0.028198,0.054778,0.054932,0.030216,0.04252,0.054507,0.04254,0.098296,0.026292,0.10153,0.26683,0.18629,0.041305,0.12683,0.040024,0.04537,0.064442,0.065057,0.041453,0.045719,0.078626,0.074045,0.0651,0.17717,0.14795,0.1582,0.049857,0.057429,0.031149,0.049709,0.11723
6.58,0.059985,0.10901,0.089419,0.044997,0.053995,0.058467,0.08438,0.098844,0.052508,0.028071,0.054537,0.054731,0.030106,0.042384,0.05431,0.042434,0.098083,0.026202,0.10117,0.26633,0.18578,0.041191,0.12645,0.039533,0.045236,0.064236,0.064945,0.041332,0.045482,0.078481,0.073748,0.06516,0.17665,0.14785,0.15759,0.049619,0.057166,0.031088,0.049321,0.11707
6.59,0.059737,0.10818,0.089448,0.044875,0.053808,0.058297,0.084134,0.098272,0.052329,0.027941,0.054297,0.054532,0.029996,0.042249,0.054114,0.042327,0.098035,0.026111,0.1008,0.26583,0.18528,0.041075,0.12605,0.039037,0.045102,0.064029,0.064832,0.041211,0.045246,0.078334,0.073447,0.065216,0.17613,0.14774,0.15699,0.04938,0.056905,0.031027,0.048935,0.11691
6.6,0.059489,0.10733,0.089474,0.044753,0.053625,0.058127,0.083887,0.097698,0.05215,0.02781,0.054058,0.054333,0.029886,0.042114,0.053919,0.04222,0.098009,0.02602,0.10044,0.26533,0.18477,0.040959,0.12566,0.038545,0.044969,0.063821,0.064718,0.041089,0.045011,0.078188,0.073143,0.065266,0.17561,0.14763,0.15638,0.049141,0.056646,0.030966,0.048551,0.11673
6.61,0.059241,0.10663,0.089495,0.044632,0.053447,0.057959,0.08364,0.097124,0.051973,0.027677,0.05382,0.054135,0.029776,0.04198,0.053726,0.042114,0.09798,0.025928,0.10007,0.26483,0.18427,0.040842,0.12526,0.038049,0.044837,0.06361,0.064604,0.040969,0.044777,0.078041,0.072836,0.065313,0.17508,0.1475,0.15576,0.048899,0.056387,0.030904,0.048167,0.11654
6.62,0.058994,0.10605,0.089513,0.044511,0.053272,0.0578,0.083393,0.096546,0.051796,0.027542,0.053584,0.053938,0.029667,0.041847,0.053533,0.042008,0.097947,0.025836,0.099707,0.26433,0.18376,0.040725,0.12485,0.037551,0.044705,0.0634,0.06449,0.040847,0.044544,0.077893,0.072526,0.065355,0.17455,0.14737,0.15515,0.048657,0.056129,0.030841,0.047786,0.11635
6.63,0.058747,0.10547,0.089527,0.04439,0.053099,0.057645,0.083146,0.095968,0.05162,0.027405,0.053349,0.053741,0.029558,0.041714,0.053341,0.041903,0.097912,0.025743,0.09934,0.26383,0.18326,0.040607,0.12444,0.037051,0.044574,0.063187,0.064375,0.040725,0.044312,0.077745,0.072213,0.065392,0.17402,0.14722,0.15453,0.048414,0.055874,0.030777,0.047405,0.11614
6.64,0.0585,0.1049,0.089536,0.044269,0.052929,0.05749,0.082899,0.095388,0.051444,0.027269,0.053115,0.053546,0.029449,0.041582,0.05315,0.041797,0.097873,0.025649,0.098972,0.26333,0.18276,0.040489,0.12403,0.036551,0.044443,0.062973,0.064259,0.040602,0.044081,0.077597,0.071897,0.065425,0.17349,0.14707,0.15392,0.048169,0.055619,0.030713,0.047026,0.11592
6.65,0.058254,0.10433,0.089541,0.044149,0.05276,0.057336,0.082652,0.094806,0.05127,0.027131,0.052882,0.053351,0.029341,0.041451,0.052959,0.041692,0.097831,0.025554,0.098603,0.26284,0.18226,0.04037,0.12361,0.036051,0.044313,0.062757,0.064144,0.040479,0.043851,0.077448,0.071577,0.065482,0.17296,0.14691,0.1533,0.047924,0.055365,0.030649,0.046648,0.11569
6.66,0.058009,0.10375,0.089543,0.044029,0.052591,0.057182,0.082406,0.094224,0.051096,0.026993,0.05265,0.053157,0.029233,0.04132,0.05277,0.041587,0.097787,0.025459,0.098233,0.26234,0.18176,0.04025,0.12319,0.035559,0.044184,0.062539,0.064028,0.040355,0.043623,0.0773,0.071254,0.065564,0.17242,0.14675,0.15267,0.047677,0.055112,0.030584,0.046273,0.11546
6.67,0.057765,0.10316,0.08954,0.04391,0.052423,0.057027,0.082158,0.093639,0.050922,0.026893,0.052419,0.052964,0.029127,0.04119,0.052581,0.041482,0.097739,0.025363,0.097863,0.26184,0.18126,0.04013,0.12276,0.035067,0.044055,0.062321,0.063911,0.040231,0.043395,0.077152,0.070927,0.065639,0.17189,0.14657,0.15205,0.047429,0.054861,0.030519,0.045898,0.11521
6.68,0.057521,0.10259,0.089533,0.04379,0.052256,0.056872,0.08191,0.093053,0.05075,0.026808,0.052189,0.052772,0.029021,0.04106,0.052393,0.041377,0.097689,0.025267,0.097492,0.26135,0.18077,0.040009,0.12233,0.034578,0.043926,0.062101,0.063794,0.040106,0.043168,0.077003,0.070598,0.065708,0.17135,0.14639,0.15142,0.04718,0.054611,0.030453,0.045525,0.11495
6.69,0.057278,0.10202,0.089522,0.043671,0.052089,0.056715,0.081662,0.092466,0.050578,0.026723,0.05196,0.052581,0.028915,0.040931,0.052206,0.041273,0.097635,0.02517,0.09712,0.26085,0.18027,0.039888,0.1219,0.034169,0.043798,0.061878,0.063676,0.039983,0.042942,0.076854,0.070265,0.065771,0.17082,0.1462,0.15079,0.046931,0.054362,0.030386,0.045153,0.11474
6.7,0.057036,0.10144,0.089507,0.043553,0.051923,0.056558,0.081412,0.091876,0.050408,0.026636,0.051732,0.05239,0.02881,0.040803,0.052019,0.041169,0.097578,0.025072,0.096747,0.26036,0.17978,0.039766,0.12146,0.033784,0.043671,0.061656,0.063558,0.039858,0.042717,0.076704,0.069931,0.065827,0.17028,0.14601,0.15016,0.04668,0.054114,0.03032,0.044783,0.11475
6.71,0.056794,0.10086,0.089488,0.043435,0.051758,0.056399,0.081162,0.091287,0.050237,0.026549,0.051505,0.052201,0.028705,0.040675,0.051834,0.041065,0.097519,0.024974,0.096375,0.25987,0.17928,0.039643,0.12102,0.0334,0.043544,0.061431,0.063439,0.039734,0.042493,0.076554,0.069593,0.065877,0.16974,0.14581,0.14952,0.046429,0.053868,0.030252,0.044415,0.11476
6.72,0.056552,0.10028,0.089465,0.043317,0.051593,0.056239,0.080911,0.090696,0.050068,0.026462,0.05128,0.052012,0.0286,0.040548,0.051649,0.040962,0.097456,0.024875,0.096001,0.25937,0.17879,0.03952,0.12058,0.033022,0.043418,0.061205,0.063321,0.039608,0.04227,0.076403,0.069253,0.065922,0.1692,0.1456,0.14889,0.046176,0.053622,0.030184,0.044227,0.11476
6.73,0.056311,0.09971,0.089438,0.043199,0.05143,0.056079,0.080659,0.090103,0.049899,0.026373,0.051056,0.051824,0.028496,0.040421,0.051465,0.040858,0.097391,0.024776,0.095628,0.25888,0.1783,0.039396,0.12014,0.032645,0.043292,0.060978,0.063202,0.039483,0.042048,0.076252,0.068911,0.06596,0.16866,0.14539,0.14825,0.045923,0.053378,0.030115,0.044076,0.11476
6.74,0.05607,0.099135,0.089407,0.043082,0.051267,0.055917,0.080406,0.08951,0.049731,0.026284,0.050832,0.051637,0.028392,0.040295,0.051282,0.040755,0.097323,0.024676,0.095253,0.25839,0.17781,0.039272,0.11969,0.032273,0.043167,0.06075,0.063084,0.039358,0.041827,0.076101,0.068566,0.065994,0.16812,0.14518,0.14762,0.045669,0.053135,0.030047,0.043924,0.11476
6.75,0.05583,0.098557,0.089373,0.042965,0.051106,0.055755,0.080152,0.088915,0.049564,0.026194,0.05061,0.05145,0.028288,0.04017,0.0511,0.040652,0.097251,0.024575,0.094879,0.2579,0.17731,0.039147,0.11924,0.032158,0.043042,0.060519,0.062964,0.039233,0.041606,0.075949,0.068219,0.066021,0.16758,0.14496,0.14698,0.045414,0.052893,0.029977,0.043772,0.11474
6.76,0.05559,0.097985,0.089335,0.042849,0.050944,0.055592,0.079898,0.08832,0.049397,0.026104,0.050388,0.051264,0.028185,0.040045,0.050918,0.04055,0.097178,0.024475,0.094504,0.25741,0.17683,0.039021,0.11878,0.032074,0.042918,0.060288,0.062844,0.039108,0.041387,0.075797,0.06787,0.066042,0.16704,0.14474,0.14634,0.045158,0.052652,0.029908,0.04362,0.11473
6.77,0.055352,0.097415,0.089293,0.042733,0.050784,0.055428,0.079643,0.087722,0.049231,0.026013,0.050168,0.051079,0.028082,0.039921,0.050737,0.040447,0.0971,0.024373,0.094128,0.25692,0.17634,0.038895,0.11833,0.031991,0.042794,0.060057,0.062724,0.038983,0.041169,0.075644,0.067519,0.066058,0.16649,0.14452,0.14571,0.044902,0.052413,0.029837,0.043467,0.1147
6.78,0.055115,0.096842,0.089248,0.042618,0.050624,0.055263,0.079388,0.087126,0.049066,0.025922,0.049949,0.050895,0.027979,0.039797,0.050558,0.040345,0.097021,0.024271,0.093752,0.25643,0.17585,0.038768,0.11787,0.031908,0.042671,0.059823,0.062603,0.038859,0.040951,0.075491,0.067167,0.066068,0.16595,0.14429,0.14507,0.044645,0.052174,0.029766,0.043314,0.11468
6.79,0.054878,0.096272,0.0892,0.042503,0.050464,0.055097,0.079132,0.086527,0.048901,0.02583,0.04973,0.050712,0.027877,0.039674,0.050379,0.040243,0.096938,0.024168,0.093376,0.25594,0.17536,0.038641,0.11741,0.031825,0.042548,0.059589,0.062482,0.038734,0.040735,0.075338,0.066812,0.066072,0.16541,0.14406,0.14444,0.044387,0.051937,0.029695,0.04316,0.11464
6.8,0.054641,0.095707,0.089149,0.042388,0.050305,0.05493,0.078876,0.085929,0.048738,0.025737,0.049513,0.050529,0.027775,0.039551,0.050201,0.040142,0.096853,0.024065,0.093,0.25545,0.17488,0.038514,0.11695,0.031741,0.042426,0.059355,0.062359,0.03861,0.04052,0.075185,0.066456,0.06607,0.16487,0.14383,0.1438,0.044128,0.051701,0.029624,0.043007,0.1146
6.81,0.054405,0.09514,0.089094,0.042273,0.050147,0.054763,0.078621,0.085329,0.048574,0.025644,0.049297,0.050347,0.027673,0.039429,0.050023,0.04004,0.096765,0.023962,0.092623,0.25497,0.17439,0.038386,0.11648,0.031658,0.042304,0.059118,0.062237,0.038492,0.040305,0.075033,0.066098,0.066062,0.16433,0.14359,0.14317,0.043869,0.051467,0.029552,0.042853,0.11456
6.82,0.05417,0.09457,0.089037,0.042159,0.049989,0.054595,0.078366,0.08473,0.048412,0.02555,0.049082,0.050166,0.027572,0.039308,0.049847,0.039939,0.096674,0.023858,0.092246,0.25448,0.17391,0.038257,0.11602,0.031574,0.042183,0.058882,0.062114,0.038374,0.040092,0.074879,0.065739,0.066048,0.16379,0.14334,0.14254,0.04361,0.051234,0.029479,0.042699,0.1145
6.83,0.053935,0.093999,0.088976,0.042045,0.049868,0.054425,0.078112,0.084129,0.04825,0.025456,0.048868,0.049985,0.027471,0.039187,0.049671,0.039838,0.09658,0.023754,0.091869,0.25399,0.17343,0.038129,0.11555,0.031491,0.042063,0.058645,0.06199,0.038256,0.03988,0.074726,0.065378,0.066028,0.16325,0.14308,0.14191,0.043349,0.051003,0.029406,0.042545,0.11445
6.84,0.053701,0.093437,0.088912,0.041931,0.049839,0.054255,0.077859,0.083529,0.048089,0.025361,0.048655,0.049806,0.02737,0.039066,0.049496,0.039737,0.096484,0.02365,0.091492,0.25351,0.17294,0.037999,0.11508,0.031407,0.041943,0.058406,0.061866,0.038139,0.039668,0.074572,0.065016,0.066002,0.16271,0.14282,0.14128,0.043088,0.050772,0.029333,0.04239,0.11438
6.85,0.053467,0.092873,0.088845,0.041818,0.049806,0.054084,0.077607,0.082928,0.047929,0.025266,0.048443,0.049628,0.02727,0.038946,0.049322,0.039637,0.096385,0.023545,0.091114,0.25302,0.17246,0.037869,0.1146,0.031322,0.041823,0.058168,0.061741,0.038021,0.039458,0.074418,0.064653,0.065969,0.16216,0.14255,0.14065,0.042827,0.050543,0.02926,0.042236,0.11431
6.86,0.053234,0.092308,0.088776,0.041705,0.049769,0.053912,0.077355,0.082328,0.047769,0.025171,0.048232,0.04945,0.02717,0.038827,0.049149,0.039537,0.096283,0.02344,0.090736,0.25254,0.17198,0.037739,0.11413,0.031238,0.041704,0.057928,0.061616,0.037904,0.039248,0.074263,0.064289,0.065931,0.16162,0.14228,0.14003,0.042565,0.050315,0.029186,0.042082,0.11424
6.87,0.053001,0.091741,0.088703,0.041593,0.049728,0.053739,0.077103,0.081728,0.04761,0.025075,0.048022,0.049273,0.02707,0.038708,0.048976,0.039437,0.096179,0.023334,0.090359,0.25206,0.1715,0.037608,0.11365,0.031154,0.041586,0.057688,0.061491,0.037787,0.03904,0.074108,0.063924,0.065886,0.16108,0.142,0.1394,0.042302,0.050089,0.029111,0.041927,0.11416
6.88,0.05277,0.091173,0.088628,0.04148,0.049684,0.053565,0.076852,0.081127,0.047452,0.024978,0.047813,0.049096,0.026971,0.03859,0.048804,0.039337,0.096072,0.023228,0.08998,0.25157,0.17103,0.037477,0.11318,0.031069,0.041467,0.057448,0.061366,0.03767,0.038833,0.073953,0.063559,0.065835,0.16054,0.14171,0.13878,0.042039,0.049863,0.029037,0.041773,0.11408
6.89,0.052539,0.090603,0.08855,0.041368,0.049636,0.05339,0.0766,0.080528,0.047294,0.024882,0.047605,0.048921,0.026872,0.038472,0.048633,0.039237,0.095962,0.023122,0.089602,0.25109,0.17055,0.037346,0.1127,0.030985,0.04135,0.057206,0.06124,0.037554,0.038627,0.073797,0.063193,0.065778,0.16,0.14142,0.13815,0.041776,0.049638,0.028961,0.041618,0.11399
6.9,0.052309,0.090038,0.088471,0.041257,0.049584,0.053215,0.076347,0.079927,0.047137,0.024785,0.047398,0.048746,0.026773,0.038355,0.048462,0.039138,0.095851,0.023016,0.089224,0.25061,0.17007,0.037214,0.11223,0.0309,0.041233,0.056965,0.061114,0.037437,0.038421,0.073641,0.062827,0.065716,0.15946,0.14112,0.13753,0.041512,0.049476,0.028886,0.041464,0.1139
6.91,0.05208,0.089476,0.088388,0.041145,0.049529,0.053038,0.076094,0.079329,0.046981,0.024687,0.047192,0.048572,0.026675,0.038238,0.048292,0.039039,0.095736,0.02291,0.088846,0.25013,0.1696,0.037082,0.11175,0.030815,0.041116,0.056723,0.060987,0.03732,0.038217,0.073485,0.062461,0.065648,0.15893,0.14081,0.13691,0.041248,0.049324,0.02881,0.04131,0.11382
6.92,0.051851,0.088913,0.088304,0.041034,0.04947,0.052861,0.07584,0.07873,0.046826,0.024589,0.046987,0.048398,0.026577,0.038122,0.048123,0.03894,0.095619,0.022803,0.088467,0.24965,0.16912,0.036949,0.11128,0.03073,0.041,0.056482,0.060859,0.037203,0.038014,0.073328,0.062094,0.065574,0.15839,0.1405,0.13629,0.040983,0.049172,0.028734,0.041156,0.11374
6.93,0.051623,0.0884,0.088217,0.040924,0.049407,0.052683,0.075586,0.078134,0.046671,0.024491,0.046783,0.048225,0.02648,0.038007,0.047955,0.038842,0.095499,0.022697,0.088089,0.24918,0.16865,0.036817,0.11085,0.030644,0.040885,0.05624,0.060731,0.037087,0.037812,0.073172,0.061728,0.065494,0.15786,0.14019,0.13568,0.040718,0.049021,0.028658,0.041001,0.11366
6.94,0.051396,0.088027,0.088128,0.040813,0.04934,0.052504,0.075331,0.077537,0.046517,0.024393,0.04658,0.048053,0.026382,0.037892,0.047787,0.038744,0.095377,0.02259,0.08771,0.2487,0.16818,0.036684,0.11044,0.030559,0.040769,0.056,0.060603,0.03697,0.037611,0.073016,0.061362,0.06541,0.15732,0.13987,0.13506,0.040452,0.048871,0.028581,0.040847,0.11358
6.95,0.051169,0.087654,0.088037,0.040703,0.04927,0.052324,0.075075,0.076941,0.046363,0.024294,0.046378,0.047882,0.026285,0.037777,0.047621,0.038646,0.095252,0.022483,0.087332,0.24822,0.1677,0.036551,0.11003,0.030473,0.040655,0.055759,0.060473,0.036853,0.037411,0.07286,0.060996,0.06532,0.15679,0.13954,0.13445,0.040187,0.048721,0.028503,0.040693,0.11351
6.96,0.050943,0.08728,0.087945,0.040594,0.049197,0.052144,0.074819,0.076347,0.04621,0.024195,0.046177,0.047712,0.026189,0.037663,0.047454,0.038549,0.095125,0.022376,0.086954,0.24774,0.16723,0.036418,0.10962,0.030388,0.040541,0.055518,0.060344,0.036737,0.037212,0.072704,0.06063,0.065224,0.15626,0.13921,0.13384,0.039921,0.048571,0.028426,0.040539,0.11343
6.97,0.050717,0.086904,0.08785,0.040484,0.04912,0.051963,0.074561,0.075753,0.046058,0.024095,0.045977,0.047542,0.026093,0.037549,0.047289,0.038452,0.094996,0.022269,0.086575,0.24727,0.16676,0.036284,0.10921,0.030302,0.040427,0.055277,0.060213,0.03662,0.037014,0.072547,0.060264,0.065124,0.15573,0.13888,0.13323,0.039655,0.048423,0.028348,0.040385,0.11335
6.98,0.050492,0.086534,0.087755,0.040375,0.049041,0.051782,0.074304,0.075162,0.045906,0.023996,0.045778,0.047373,0.025997,0.037436,0.047125,0.038355,0.094864,0.022162,0.086197,0.24679,0.1663,0.036151,0.1088,0.030216,0.040314,0.055037,0.060083,0.036503,0.036817,0.07239,0.059898,0.065018,0.15521,0.13854,0.13263,0.039388,0.048275,0.02827,0.040231,0.11327
6.99,0.050268,0.086165,0.087658,0.040267,0.048959,0.051599,0.074045,0.074573,0.045755,0.023896,0.045579,0.047204,0.025901,0.037324,0.046961,0.038258,0.09473,0.022055,0.085819,0.24632,0.16583,0.036017,0.10838,0.03013,0.040201,0.054796,0.059951,0.036386,0.036621,0.072233,0.059532,0.064907,0.15468,0.1382,0.13204,0.039121,0.048127,0.028192,0.040077,0.11318
7,0.050045,0.085795,0.08756,0.040158,0.048875,0.051417,0.073786,0.073984,0.045604,0.023796,0.045382,0.047036,0.025806,0.037212,0.046799,0.038162,0.094594,0.021948,0.085441,0.24585,0.16536,0.035884,0.10797,0.030044,0.040089,0.054556,0.05982,0.036269,0.036426,0.072075,0.059167,0.064792,0.15416,0.13786,0.13145,0.038854,0.04798,0.028113,0.039924,0.11309
7.01,0.049823,0.085424,0.087461,0.040051,0.048789,0.051233,0.073527,0.073399,0.045455,0.023695,0.045186,0.04687,0.025712,0.0371,0.046636,0.038066,0.094455,0.021841,0.085063,0.24538,0.1649,0.03575,0.10755,0.029957,0.039977,0.054315,0.059689,0.036152,0.036232,0.071917,0.058801,0.064672,0.15364,0.13751,0.13086,0.038587,0.047834,0.028034,0.03977,0.113
7.02,0.049601,0.085052,0.087361,0.039943,0.048702,0.05105,0.073267,0.072815,0.045305,0.023595,0.044991,0.046704,0.025618,0.036989,0.046475,0.03797,0.094314,0.021734,0.084686,0.24491,0.16443,0.035616,0.10714,0.029871,0.039866,0.054075,0.059557,0.036035,0.03604,0.071759,0.058436,0.064547,0.15312,0.13716,0.13028,0.03832,0.047688,0.027955,0.039617,0.1129
7.03,0.04938,0.08468,0.087259,0.039836,0.048614,0.050866,0.073007,0.072233,0.045157,0.023494,0.044796,0.046538,0.025525,0.036878,0.046314,0.037874,0.094171,0.021628,0.084308,0.24444,0.16397,0.035483,0.10672,0.029785,0.039755,0.053834,0.059425,0.035918,0.035848,0.071601,0.058072,0.064418,0.15261,0.13681,0.1297,0.038052,0.047542,0.027876,0.039463,0.11279
7.04,0.04916,0.084307,0.087156,0.039729,0.048526,0.050681,0.072747,0.071654,0.04501,0.023393,0.044603,0.046374,0.025432,0.036768,0.046154,0.037779,0.094026,0.021521,0.083932,0.24397,0.16351,0.035349,0.1063,0.029698,0.039645,0.053594,0.059292,0.035801,0.035658,0.071442,0.057708,0.064286,0.15209,0.13646,0.12913,0.037785,0.047397,0.027796,0.03931,0.11269
7.05,0.04894,0.083934,0.087051,0.039622,0.048436,0.050739,0.072487,0.071077,0.044862,0.023292,0.044411,0.04621,0.02534,0.036659,0.045994,0.037684,0.093879,0.021415,0.083555,0.2435,0.16305,0.035215,0.10587,0.029611,0.039535,0.053353,0.059159,0.035684,0.035469,0.071284,0.057345,0.06415,0.15158,0.1361,0.12857,0.037517,0.047253,0.027716,0.039157,0.11257
7.06,0.048721,0.083559,0.086945,0.039516,0.048347,0.050817,0.072227,0.070503,0.044716,0.023191,0.044219,0.046046,0.025248,0.03655,0.045836,0.037589,0.093729,0.021309,0.083178,0.24303,0.16259,0.035082,0.10545,0.029525,0.039425,0.053114,0.059025,0.035566,0.035281,0.071125,0.056983,0.064011,0.15107,0.13573,0.12802,0.03725,0.047109,0.027636,0.039005,0.11245
7.07,0.048503,0.083185,0.086837,0.03941,0.048257,0.050891,0.071969,0.06993,0.04457,0.023089,0.044028,0.045884,0.025156,0.036441,0.045678,0.037494,0.093578,0.021203,0.082802,0.24256,0.16213,0.034949,0.10503,0.029438,0.039316,0.052874,0.05889,0.035448,0.035094,0.070965,0.056622,0.063867,0.15055,0.13537,0.12748,0.036982,0.046966,0.027555,0.038852,0.11233
7.08,0.048285,0.08281,0.086727,0.039304,0.048168,0.050962,0.071716,0.06936,0.044425,0.022988,0.043839,0.045722,0.025064,0.036333,0.04552,0.0374,0.093424,0.021097,0.082426,0.2421,0.16167,0.034816,0.1046,0.029351,0.039208,0.052636,0.058756,0.035331,0.034908,0.070807,0.056262,0.063721,0.15004,0.135,0.12695,0.036714,0.046823,0.027474,0.038699,0.1122
7.09,0.048068,0.082434,0.086616,0.039199,0.048078,0.051028,0.071471,0.068793,0.04428,0.022886,0.04365,0.04556,0.024973,0.036225,0.045363,0.037306,0.093268,0.020991,0.082051,0.24164,0.16121,0.034683,0.10417,0.029264,0.0391,0.052397,0.05862,0.035214,0.034723,0.070649,0.055905,0.06357,0.14953,0.13463,0.12642,0.036447,0.04668,0.027393,0.038547,0.11207
7.1,0.047852,0.082059,0.086504,0.039094,0.047989,0.051091,0.071228,0.068228,0.044136,0.022784,0.043462,0.0454,0.024882,0.036118,0.045207,0.037212,0.093111,0.020886,0.081677,0.24117,0.16076,0.03455,0.10374,0.029177,0.038992,0.052159,0.058484,0.035097,0.034539,0.07049,0.055549,0.063441,0.14903,0.13425,0.1259,0.036179,0.046539,0.027312,0.038395,0.11193
7.11,0.047637,0.081685,0.086391,0.038989,0.047899,0.05115,0.070985,0.067665,0.043993,0.022682,0.043275,0.04524,0.024791,0.036011,0.045052,0.037118,0.092951,0.020781,0.081303,0.24071,0.1603,0.034418,0.10331,0.029089,0.038885,0.051921,0.058348,0.034979,0.034357,0.070331,0.055195,0.063347,0.14852,0.13388,0.12538,0.035911,0.046397,0.027231,0.038243,0.11178
7.12,0.047423,0.081315,0.086276,0.038884,0.047809,0.051204,0.070743,0.067105,0.04385,0.02258,0.043088,0.045081,0.024701,0.035905,0.044897,0.037025,0.09279,0.020676,0.08093,0.24025,0.15985,0.034285,0.10288,0.029002,0.038778,0.051684,0.058211,0.034862,0.034175,0.070172,0.054845,0.063252,0.14801,0.1335,0.12486,0.035644,0.046256,0.027149,0.038091,0.11164
7.13,0.047209,0.080944,0.08616,0.03878,0.047717,0.051254,0.070501,0.066849,0.043708,0.022478,0.042903,0.044922,0.024611,0.035799,0.044743,0.036932,0.092627,0.020572,0.080558,0.23979,0.1594,0.034154,0.10244,0.028916,0.038672,0.051448,0.058074,0.034744,0.033994,0.070013,0.054496,0.063154,0.14751,0.13312,0.12434,0.035376,0.046116,0.027067,0.037939,0.11148
7.14,0.046996,0.080574,0.086043,0.038676,0.047624,0.0513,0.07026,0.066682,0.043566,0.022376,0.042719,0.044764,0.024522,0.035694,0.04459,0.036839,0.092462,0.020467,0.080187,0.23933,0.15894,0.034022,0.10201,0.02883,0.038566,0.051211,0.057937,0.034627,0.033815,0.069854,0.05415,0.063056,0.14701,0.13274,0.12382,0.035109,0.045976,0.026985,0.037788,0.11133
7.15,0.046784,0.080203,0.085924,0.038573,0.047529,0.051342,0.070018,0.066514,0.043425,0.022274,0.042536,0.044607,0.024433,0.035589,0.044437,0.036746,0.092295,0.020386,0.079817,0.23887,0.15849,0.033891,0.10157,0.028744,0.038461,0.050976,0.0578,0.03451,0.033636,0.069694,0.053807,0.062957,0.14651,0.13236,0.12331,0.034875,0.045837,0.026903,0.037636,0.11117
7.16,0.046573,0.079832,0.085804,0.038469,0.047432,0.051379,0.069777,0.066346,0.043285,0.022172,0.042354,0.04445,0.024344,0.035484,0.044285,0.036654,0.092127,0.020319,0.079447,0.23841,0.15805,0.03376,0.10113,0.028658,0.038356,0.050741,0.057663,0.034393,0.033458,0.069534,0.053465,0.062858,0.14601,0.13198,0.1228,0.034827,0.045698,0.02682,0.037485,0.111
7.17,0.046362,0.07946,0.085683,0.038366,0.047334,0.051412,0.069535,0.066176,0.043145,0.022069,0.042172,0.044294,0.024255,0.03538,0.044134,0.036562,0.091956,0.020252,0.079078,0.23795,0.1576,0.03363,0.1007,0.028572,0.038252,0.050618,0.057525,0.034275,0.033282,0.069374,0.053126,0.062758,0.14552,0.13159,0.12228,0.034778,0.045559,0.026738,0.037334,0.11083
7.18,0.046152,0.079089,0.08556,0.038264,0.047233,0.05144,0.069294,0.066006,0.043006,0.021967,0.041992,0.044139,0.024167,0.035277,0.043984,0.03647,0.091785,0.020185,0.07871,0.2375,0.15715,0.0335,0.10026,0.028486,0.038148,0.050506,0.057387,0.034158,0.033107,0.069214,0.052789,0.062656,0.14502,0.1312,0.12177,0.034728,0.045421,0.026655,0.037183,0.11066
7.19,0.045943,0.078718,0.085436,0.038161,0.047131,0.051465,0.069052,0.065836,0.042868,0.021865,0.041812,0.043985,0.024079,0.035174,0.043834,0.036378,0.091611,0.02012,0.078342,0.23704,0.15671,0.03337,0.099816,0.028399,0.038044,0.050393,0.057248,0.034042,0.032932,0.069054,0.052455,0.062552,0.14453,0.13081,0.12126,0.034676,0.045284,0.026572,0.037032,0.11049
7.2,0.045734,0.078346,0.085311,0.038059,0.047027,0.051485,0.068811,0.065666,0.04273,0.021763,0.041633,0.043831,0.023991,0.035071,0.043685,0.036286,0.091436,0.020054,0.077973,0.23659,0.15626,0.033242,0.099375,0.028313,0.037941,0.05028,0.057109,0.033925,0.032759,0.068894,0.052123,0.062447,0.14405,0.13042,0.12075,0.034624,0.045147,0.026489,0.036882,0.11031
7.21,0.045526,0.077975,0.085184,0.037957,0.046924,0.051502,0.068569,0.065496,0.042592,0.02166,0.041455,0.043678,0.023904,0.034969,0.043536,0.036195,0.091259,0.019989,0.077606,0.23614,0.15582,0.033113,0.098932,0.028226,0.037839,0.050166,0.056969,0.033809,0.032586,0.068733,0.051793,0.062342,0.14356,0.13003,0.12025,0.034571,0.045011,0.026405,0.036731,0.11012
7.22,0.045319,0.077603,0.085056,0.037856,0.046824,0.051514,0.068328,0.065325,0.042456,0.021558,0.041278,0.043526,0.023817,0.034867,0.043388,0.036104,0.091081,0.019925,0.07724,0.23569,0.15538,0.032985,0.098489,0.02814,0.037736,0.050053,0.056829,0.033693,0.032415,0.068573,0.051466,0.062236,0.14307,0.12963,0.11974,0.034517,0.044875,0.026322,0.036581,0.10994
7.23,0.045114,0.077232,0.084927,0.037755,0.046727,0.051529,0.068087,0.065154,0.042319,0.021456,0.041101,0.043374,0.023731,0.034766,0.043241,0.036014,0.090901,0.019861,0.076873,0.23524,0.15494,0.032858,0.098046,0.028053,0.037635,0.049939,0.056689,0.033577,0.032245,0.068412,0.051141,0.062128,0.14259,0.12923,0.11923,0.034462,0.044739,0.026238,0.036431,0.10975
7.24,0.044908,0.076864,0.084795,0.037654,0.046635,0.051577,0.067846,0.064982,0.042184,0.021353,0.040926,0.043223,0.023645,0.034665,0.043095,0.035923,0.090719,0.019797,0.076507,0.23479,0.1545,0.032731,0.097601,0.027967,0.037533,0.049824,0.056548,0.033461,0.032075,0.068252,0.050819,0.062018,0.14211,0.12882,0.11873,0.034407,0.044604,0.026154,0.036281,0.10956
7.25,0.044704,0.076499,0.084662,0.037554,0.046543,0.051621,0.067605,0.06481,0.042049,0.021251,0.040751,0.043072,0.023559,0.034565,0.042949,0.035833,0.090537,0.019734,0.076142,0.23434,0.15406,0.032605,0.097156,0.02788,0.037432,0.049709,0.056407,0.033346,0.031907,0.068092,0.050499,0.061908,0.14163,0.12842,0.11826,0.034351,0.04447,0.02607,0.036131,0.10936
7.26,0.0445,0.076133,0.084527,0.037454,0.046451,0.051661,0.067366,0.064637,0.041914,0.021149,0.040577,0.042922,0.023473,0.034465,0.042803,0.035743,0.090353,0.019671,0.075776,0.2339,0.15362,0.032479,0.096711,0.027793,0.037332,0.049593,0.056266,0.033231,0.03174,0.067932,0.050183,0.061796,0.14114,0.128,0.11784,0.034294,0.044336,0.025986,0.035982,0.10916
7.27,0.044297,0.075768,0.084389,0.037354,0.046357,0.051698,0.067156,0.064463,0.04178,0.021047,0.040405,0.042773,0.023388,0.034365,0.042659,0.035653,0.090167,0.019609,0.075412,0.23345,0.15318,0.032354,0.096265,0.027707,0.037232,0.049476,0.056124,0.033116,0.031574,0.067772,0.049869,0.061684,0.14066,0.12759,0.11742,0.034237,0.044202,0.025902,0.035832,0.10896
7.28,0.044095,0.075402,0.084248,0.037254,0.046261,0.051732,0.066948,0.064289,0.041647,0.020945,0.040233,0.042624,0.023303,0.034266,0.042514,0.035564,0.089979,0.019548,0.075047,0.23301,0.15275,0.03223,0.095819,0.02762,0.037132,0.049361,0.055983,0.033002,0.031408,0.067612,0.049558,0.06157,0.14018,0.12717,0.11701,0.034179,0.044069,0.025818,0.035683,0.10875
7.29,0.043893,0.075037,0.084106,0.037155,0.046162,0.051762,0.066741,0.064115,0.041514,0.020843,0.04007,0.042476,0.023219,0.034167,0.042371,0.035474,0.089791,0.019487,0.074684,0.23256,0.15232,0.032106,0.095373,0.027533,0.037033,0.049244,0.055842,0.032888,0.031244,0.067452,0.04925,0.061455,0.1397,0.12675,0.11661,0.034121,0.043937,0.025733,0.035534,0.10854
7.3,0.043692,0.074673,0.083961,0.037056,0.046061,0.051788,0.066533,0.06394,0.041382,0.020741,0.039951,0.042329,0.023134,0.034069,0.042228,0.035385,0.089601,0.019426,0.074321,0.23212,0.15188,0.031983,0.094928,0.027446,0.036934,0.049127,0.0557,0.032774,0.031081,0.067291,0.048945,0.061338,0.13922,0.12632,0.11621,0.034062,0.043805,0.025649,0.035385,0.10833
7.31,0.043492,0.074308,0.083813,0.036958,0.045956,0.051812,0.066325,0.063764,0.04125,0.020639,0.039832,0.042182,0.02305,0.033971,0.042086,0.035297,0.089409,0.019366,0.073958,0.23168,0.15145,0.031861,0.094483,0.027359,0.036835,0.04901,0.055558,0.032661,0.030919,0.067131,0.048643,0.06122,0.13874,0.12589,0.11582,0.034004,0.043673,0.025564,0.035267,0.10811
7.32,0.043293,0.073944,0.083663,0.036859,0.045849,0.051832,0.066117,0.063588,0.04112,0.020538,0.039714,0.042036,0.022967,0.033874,0.041944,0.035208,0.089216,0.019307,0.073596,0.23124,0.15102,0.03174,0.09404,0.027272,0.036737,0.048892,0.055416,0.032547,0.030758,0.066971,0.048344,0.0611,0.13826,0.12546,0.11543,0.033947,0.043542,0.025479,0.035174,0.10789
7.33,0.043095,0.07358,0.083511,0.036761,0.045739,0.051848,0.065909,0.063412,0.040989,0.020436,0.039596,0.04189,0.022884,0.033776,0.041803,0.03512,0.089022,0.019248,0.073234,0.23081,0.15059,0.031619,0.093599,0.027185,0.036639,0.048774,0.055274,0.032434,0.030598,0.06681,0.048049,0.060978,0.13779,0.12502,0.11504,0.03389,0.043411,0.025394,0.03508,0.10767
7.34,0.042898,0.073216,0.083356,0.036663,0.045625,0.051862,0.065701,0.063235,0.040859,0.020335,0.039479,0.041745,0.022801,0.03368,0.041663,0.035032,0.088826,0.019189,0.072873,0.23037,0.15017,0.031499,0.09316,0.027098,0.036542,0.048655,0.055131,0.032322,0.030438,0.066649,0.047756,0.060855,0.13731,0.12458,0.11466,0.033834,0.043281,0.025309,0.034987,0.10744
7.35,0.042701,0.072853,0.083199,0.036566,0.045509,0.051872,0.065492,0.063058,0.04073,0.020233,0.039362,0.041601,0.022718,0.033584,0.041523,0.034944,0.088629,0.019131,0.072513,0.22993,0.14974,0.03138,0.092723,0.027011,0.036445,0.048537,0.054988,0.032209,0.03028,0.066489,0.047467,0.06073,0.13684,0.12414,0.11428,0.033777,0.043151,0.025224,0.034894,0.10721
7.36,0.042505,0.072494,0.08304,0.036469,0.04539,0.051879,0.065283,0.06288,0.040601,0.020132,0.039246,0.041458,0.022636,0.033488,0.041384,0.034856,0.08843,0.019074,0.072153,0.2295,0.14931,0.031261,0.092288,0.026924,0.036349,0.048419,0.054845,0.032097,0.030123,0.066328,0.047182,0.060604,0.13637,0.1237,0.11391,0.03372,0.043022,0.025139,0.0348,0.10698
7.37,0.04231,0.072137,0.082879,0.036372,0.045268,0.051883,0.065075,0.062702,0.040473,0.020031,0.03913,0.041315,0.022554,0.033392,0.041245,0.034769,0.088231,0.019017,0.071794,0.22907,0.14889,0.031143,0.091854,0.026837,0.036253,0.0483,0.054702,0.031984,0.029967,0.066167,0.046899,0.060476,0.13591,0.12325,0.11353,0.033663,0.042894,0.025054,0.034707,0.10674
7.38,0.042115,0.07178,0.082716,0.036275,0.045144,0.051883,0.064866,0.062523,0.040345,0.01993,0.039015,0.041172,0.022472,0.033297,0.041107,0.034682,0.088029,0.018961,0.071435,0.22864,0.14847,0.031026,0.09142,0.02675,0.036157,0.04818,0.054558,0.031873,0.029812,0.066006,0.046621,0.060347,0.13544,0.12281,0.11316,0.033605,0.042766,0.024969,0.034614,0.1065
7.39,0.041921,0.071423,0.08255,0.036179,0.045017,0.051881,0.064657,0.062344,0.040218,0.019829,0.0389,0.041031,0.022391,0.033203,0.04097,0.034595,0.087827,0.018905,0.071078,0.22821,0.14805,0.03091,0.090987,0.026663,0.036062,0.04806,0.054414,0.031761,0.029658,0.065845,0.046345,0.060215,0.13498,0.12236,0.11278,0.033546,0.042638,0.024883,0.03452,0.10626
7.4,0.041728,0.071067,0.082383,0.036083,0.044886,0.051875,0.064448,0.062165,0.040092,0.019728,0.038786,0.040889,0.02231,0.033108,0.040833,0.034508,0.087623,0.01885,0.070721,0.22778,0.14763,0.030795,0.090554,0.026576,0.035967,0.04794,0.05427,0.03165,0.029504,0.065685,0.046073,0.060083,0.13452,0.12192,0.11241,0.033487,0.042511,0.024798,0.034427,0.10601
7.41,0.041536,0.070712,0.082213,0.035987,0.044754,0.051866,0.06424,0.061985,0.039966,0.019628,0.038672,0.040749,0.022229,0.033015,0.040697,0.034422,0.087418,0.018795,0.070365,0.22735,0.14721,0.03068,0.090121,0.026489,0.035872,0.04782,0.054126,0.031538,0.029352,0.065524,0.045805,0.059949,0.13406,0.12147,0.11204,0.033427,0.042384,0.024712,0.034333,0.10576
7.42,0.041345,0.070357,0.082042,0.035891,0.044619,0.051855,0.064032,0.061805,0.03984,0.019528,0.038559,0.040609,0.022149,0.032921,0.040562,0.034336,0.087211,0.018741,0.070009,0.22692,0.14679,0.030566,0.089689,0.026466,0.035778,0.0477,0.053982,0.031427,0.029201,0.065363,0.04554,0.059813,0.1336,0.12102,0.11168,0.033367,0.042258,0.024626,0.03424,0.10551
7.43,0.041154,0.070002,0.081869,0.035796,0.044481,0.05184,0.063824,0.061624,0.039715,0.019428,0.038446,0.040469,0.022069,0.032828,0.040427,0.03425,0.087003,0.018687,0.069654,0.2265,0.14637,0.030453,0.089256,0.026533,0.035684,0.04758,0.053837,0.031316,0.029051,0.065203,0.045279,0.059675,0.13314,0.12058,0.11132,0.033306,0.042132,0.024541,0.034147,0.10525
7.44,0.040965,0.069649,0.081694,0.035701,0.044341,0.051822,0.063656,0.061443,0.03959,0.019328,0.038333,0.040331,0.021989,0.032736,0.040292,0.034164,0.086794,0.018634,0.0693,0.22608,0.14596,0.030341,0.088823,0.026595,0.035591,0.047459,0.053694,0.031205,0.028901,0.065043,0.045022,0.059536,0.13268,0.12013,0.11096,0.033245,0.042007,0.024455,0.034054,0.10499
7.45,0.040776,0.069296,0.081517,0.035607,0.044199,0.051802,0.063493,0.061263,0.039466,0.019228,0.038222,0.040192,0.02191,0.032643,0.040159,0.034079,0.086584,0.018581,0.068947,0.22566,0.14554,0.03023,0.08839,0.026658,0.035497,0.047338,0.05355,0.031094,0.028753,0.064883,0.044768,0.059395,0.13222,0.11968,0.11059,0.033184,0.041882,0.02437,0.033961,0.10473
7.46,0.040588,0.068943,0.081339,0.035512,0.044054,0.051778,0.063329,0.061083,0.039343,0.019128,0.03811,0.040055,0.021831,0.032551,0.040026,0.033994,0.086372,0.018529,0.068594,0.22524,0.14513,0.030119,0.087957,0.026723,0.035405,0.047217,0.053406,0.030984,0.028606,0.064724,0.044518,0.059252,0.13176,0.11923,0.11024,0.033122,0.041758,0.024284,0.033868,0.10447
7.47,0.0404,0.068591,0.081159,0.035418,0.043908,0.051752,0.063164,0.060903,0.03922,0.019029,0.037999,0.039918,0.021752,0.03246,0.039893,0.033909,0.086159,0.018477,0.068243,0.22482,0.14472,0.03001,0.087524,0.026783,0.035312,0.047095,0.053262,0.030874,0.028459,0.064564,0.044272,0.059108,0.13136,0.11878,0.10988,0.033059,0.041634,0.024198,0.033775,0.1042
7.48,0.040214,0.068241,0.080977,0.035324,0.043759,0.051724,0.062999,0.060722,0.039098,0.01893,0.037889,0.039781,0.021674,0.032369,0.039761,0.033824,0.085945,0.018426,0.067892,0.2244,0.1443,0.029901,0.08709,0.026842,0.03522,0.046974,0.053118,0.030764,0.028314,0.064404,0.044029,0.058962,0.13109,0.11833,0.10952,0.032997,0.04151,0.024112,0.033683,0.10393
7.49,0.040028,0.067893,0.080794,0.035231,0.043607,0.051694,0.062832,0.060541,0.038976,0.018831,0.037779,0.039646,0.021596,0.032278,0.03963,0.03374,0.08573,0.018376,0.067542,0.22398,0.1439,0.029793,0.086657,0.026895,0.035129,0.046853,0.052974,0.030654,0.028169,0.064244,0.04379,0.058815,0.13082,0.11788,0.10917,0.032934,0.041387,0.024026,0.03359,0.10366
7.5,0.039842,0.067548,0.080609,0.035138,0.043454,0.051662,0.062665,0.060359,0.038855,0.018732,0.037669,0.03951,0.021518,0.032188,0.039499,0.033656,0.085513,0.018325,0.067193,0.22357,0.14349,0.029686,0.086223,0.026944,0.035038,0.046732,0.05283,0.030545,0.028026,0.064084,0.043555,0.058667,0.13055,0.11742,0.10881,0.032871,0.041265,0.02394,0.033497,0.10338
7.51,0.039658,0.067203,0.080423,0.035045,0.043299,0.051628,0.062497,0.060178,0.038734,0.018634,0.03756,0.039376,0.021441,0.032098,0.039369,0.033572,0.085295,0.018276,0.066845,0.22316,0.14308,0.029579,0.085789,0.026991,0.034947,0.04661,0.052686,0.030435,0.027883,0.063924,0.043323,0.058518,0.13027,0.11697,0.10846,0.032807,0.041143,0.023854,0.033404,0.1031
7.52,0.039474,0.066859,0.080236,0.034953,0.043142,0.051593,0.062329,0.059996,0.038614,0.018535,0.037451,0.039242,0.021364,0.032008,0.039239,0.033488,0.085076,0.018227,0.066498,0.22274,0.14267,0.029474,0.085355,0.027032,0.034856,0.046488,0.052541,0.030326,0.027741,0.063764,0.043095,0.058369,0.13,0.11652,0.10812,0.032743,0.041021,0.023769,0.033312,0.10282
7.53,0.039292,0.066516,0.080047,0.03486,0.042983,0.051555,0.06216,0.059813,0.038494,0.018437,0.037343,0.039108,0.021287,0.031919,0.03911,0.033404,0.084856,0.018178,0.066151,0.22233,0.14227,0.029369,0.084921,0.027071,0.034766,0.046365,0.052397,0.030217,0.0276,0.063604,0.042871,0.058219,0.12973,0.11606,0.10777,0.03268,0.0409,0.023683,0.033219,0.10254
7.54,0.03911,0.066174,0.079857,0.034768,0.042822,0.051516,0.061991,0.059631,0.038375,0.01834,0.037235,0.038975,0.02121,0.03183,0.038981,0.033321,0.084635,0.01813,0.065806,0.22192,0.14186,0.029265,0.084487,0.027106,0.034676,0.046243,0.052253,0.030108,0.027461,0.063445,0.04265,0.058068,0.12947,0.11561,0.10743,0.032657,0.040779,0.023597,0.033127,0.10225
7.55,0.038929,0.065832,0.079666,0.034677,0.04266,0.051475,0.06182,0.059448,0.038256,0.018242,0.037128,0.038843,0.021134,0.031742,0.038853,0.033238,0.084412,0.018082,0.065461,0.22152,0.14146,0.029162,0.084053,0.027137,0.034587,0.046121,0.052108,0.029999,0.027322,0.063285,0.042434,0.057916,0.1292,0.11516,0.1071,0.032643,0.040659,0.023511,0.033034,0.10196
7.56,0.038749,0.065492,0.079473,0.034585,0.042522,0.051433,0.06165,0.059265,0.038138,0.018145,0.037021,0.038711,0.021058,0.031653,0.038725,0.033155,0.084188,0.018034,0.065118,0.22111,0.14106,0.029059,0.083619,0.027162,0.034498,0.045999,0.051964,0.02989,0.027184,0.063125,0.04222,0.057765,0.12893,0.11471,0.10676,0.032629,0.040539,0.023426,0.032942,0.10167
7.57,0.038569,0.065152,0.07928,0.034494,0.042448,0.051389,0.06148,0.059082,0.03802,0.018048,0.036915,0.03858,0.020983,0.031566,0.038598,0.033073,0.083964,0.017988,0.064776,0.2207,0.14066,0.028958,0.083185,0.027183,0.034409,0.045877,0.05182,0.029781,0.027047,0.062966,0.042011,0.057617,0.12866,0.11426,0.10643,0.032613,0.040419,0.02334,0.032849,0.10138
7.58,0.03839,0.064814,0.079085,0.034403,0.042373,0.051342,0.061309,0.058899,0.037903,0.017951,0.036809,0.038449,0.020907,0.031478,0.038472,0.03299,0.083738,0.017941,0.064435,0.2203,0.14026,0.028857,0.08275,0.027198,0.03432,0.045754,0.051675,0.029673,0.026911,0.062806,0.041805,0.057469,0.1284,0.11382,0.1061,0.032597,0.0403,0.023254,0.032758,0.10108
7.59,0.038212,0.064476,0.078889,0.034313,0.042298,0.051294,0.061139,0.058715,0.037786,0.017854,0.036703,0.038319,0.020832,0.031391,0.038346,0.032908,0.083511,0.017895,0.064095,0.2199,0.13986,0.028757,0.082317,0.027207,0.034232,0.045632,0.051531,0.029565,0.026775,0.062647,0.041603,0.057326,0.12813,0.11337,0.10578,0.03258,0.040181,0.023168,0.032666,0.10079
7.6,0.038035,0.064139,0.078691,0.034222,0.042222,0.051244,0.060969,0.058531,0.03767,0.017758,0.036598,0.03819,0.020758,0.031305,0.038221,0.032827,0.083283,0.017849,0.063755,0.2195,0.13946,0.028658,0.081883,0.027211,0.034145,0.045509,0.051387,0.029457,0.026641,0.062487,0.041404,0.057195,0.12787,0.11293,0.10546,0.032562,0.040063,0.023082,0.032574,0.10049
7.61,0.037858,0.063805,0.078492,0.034132,0.042146,0.051192,0.060801,0.058347,0.037554,0.017662,0.036493,0.038061,0.020683,0.031218,0.038096,0.032745,0.083054,0.017804,0.063417,0.2191,0.13907,0.02856,0.08145,0.027208,0.034057,0.045386,0.051243,0.029349,0.026508,0.062328,0.041209,0.057099,0.1276,0.11249,0.10514,0.032544,0.039945,0.022996,0.032482,0.10019
7.62,0.037682,0.063474,0.078292,0.034042,0.042069,0.051138,0.060634,0.058163,0.037439,0.017567,0.036389,0.037932,0.020609,0.031132,0.037972,0.032664,0.082824,0.017759,0.06308,0.2187,0.13867,0.028462,0.081238,0.027198,0.03397,0.045263,0.0511,0.029241,0.026375,0.062169,0.041017,0.057049,0.12734,0.11205,0.10482,0.032524,0.039828,0.02291,0.03239,0.099884
7.63,0.037507,0.063144,0.07809,0.033953,0.041993,0.051083,0.060467,0.057979,0.037324,0.017471,0.036285,0.037805,0.020536,0.031047,0.037848,0.032582,0.082592,0.017715,0.062744,0.2183,0.13828,0.028365,0.081053,0.027185,0.033883,0.04514,0.050957,0.029133,0.026243,0.06201,0.04083,0.05702,0.12708,0.11162,0.10451,0.032504,0.039711,0.022825,0.032299,0.099579
7.64,0.037333,0.062814,0.077887,0.033863,0.041915,0.051026,0.060301,0.057794,0.03721,0.017376,0.036181,0.037677,0.020462,0.030961,0.037724,0.032502,0.08236,0.017671,0.06241,0.21791,0.13788,0.028269,0.080868,0.027163,0.033797,0.045018,0.050814,0.029025,0.026113,0.061852,0.040645,0.057073,0.12682,0.11119,0.1042,0.032482,0.039595,0.022739,0.032207,0.099272
7.65,0.03716,0.062486,0.077683,0.033774,0.041838,0.050968,0.060135,0.05761,0.037096,0.017281,0.036078,0.03755,0.020389,0.030876,0.037602,0.032421,0.082127,0.017627,0.062076,0.21751,0.13749,0.028174,0.080682,0.027133,0.033711,0.044895,0.050671,0.028918,0.025983,0.061694,0.040464,0.057126,0.12655,0.11077,0.10389,0.03246,0.039479,0.022654,0.032116,0.098963
7.66,0.036987,0.062159,0.077478,0.033686,0.04176,0.050908,0.05997,0.057425,0.036983,0.017187,0.035976,0.037424,0.020317,0.030792,0.03748,0.03234,0.081893,0.017584,0.061743,0.21712,0.1371,0.028079,0.080497,0.0271,0.033625,0.044772,0.050528,0.02881,0.025854,0.061536,0.040287,0.057185,0.12629,0.11036,0.10359,0.032437,0.039363,0.022568,0.032025,0.098652
7.67,0.036815,0.061833,0.077271,0.033597,0.041683,0.050847,0.059804,0.05724,0.03687,0.017092,0.035873,0.037299,0.020244,0.030708,0.037358,0.03226,0.081658,0.017541,0.061411,0.21673,0.13671,0.027986,0.08031,0.027059,0.03354,0.044649,0.050385,0.028702,0.025726,0.061378,0.040113,0.057243,0.12603,0.10994,0.10329,0.032414,0.039248,0.022483,0.031933,0.098341
7.68,0.036644,0.061508,0.077063,0.033509,0.041604,0.050786,0.059638,0.057055,0.036758,0.016999,0.035772,0.037174,0.020172,0.030624,0.037237,0.03218,0.081422,0.017498,0.061081,0.21634,0.13632,0.027893,0.080123,0.027011,0.033455,0.044526,0.050243,0.028595,0.025599,0.06122,0.039942,0.057296,0.12578,0.10953,0.103,0.032389,0.039133,0.022397,0.031842,0.098027
7.69,0.036474,0.061185,0.076854,0.033421,0.041527,0.050723,0.059472,0.05687,0.036646,0.016905,0.03567,0.037049,0.0201,0.03054,0.037116,0.0321,0.081185,0.017456,0.060752,0.21595,0.13594,0.0278,0.079936,0.026959,0.03337,0.044403,0.0501,0.028487,0.025472,0.061063,0.039775,0.057343,0.12552,0.10912,0.1027,0.032363,0.039019,0.022312,0.031751,0.097712
7.7,0.036304,0.060865,0.076644,0.033333,0.041449,0.050659,0.059306,0.056685,0.036534,0.016812,0.035569,0.036925,0.020028,0.030457,0.036996,0.032021,0.080947,0.017413,0.060425,0.21556,0.13555,0.027708,0.079749,0.026902,0.033285,0.04428,0.049958,0.02838,0.025347,0.060905,0.039611,0.057384,0.12526,0.10871,0.10241,0.032337,0.038905,0.022227,0.03166,0.097396
7.71,0.036135,0.060546,0.076433,0.033246,0.041373,0.050595,0.05914,0.0565,0.036423,0.016718,0.035469,0.036801,0.019957,0.030374,0.036877,0.031942,0.080708,0.017372,0.060098,0.21517,0.13516,0.027617,0.079561,0.026841,0.033201,0.044157,0.049816,0.028273,0.025222,0.060748,0.03945,0.057421,0.12501,0.10831,0.10212,0.03231,0.038791,0.022141,0.03157,0.097078
7.72,0.035967,0.060228,0.07622,0.033159,0.041298,0.050529,0.058974,0.056316,0.036313,0.016626,0.035369,0.036678,0.019886,0.030292,0.036758,0.031863,0.080468,0.01733,0.059772,0.21479,0.13478,0.027527,0.079373,0.026776,0.033117,0.044035,0.049674,0.028167,0.025098,0.06059,0.039293,0.05745,0.12475,0.1079,0.10183,0.032282,0.038678,0.022056,0.031479,0.096759
7.73,0.0358,0.059912,0.076007,0.033072,0.041224,0.050461,0.058808,0.056132,0.036203,0.016533,0.035269,0.036556,0.019816,0.030209,0.036639,0.031784,0.080228,0.017289,0.059447,0.2144,0.13439,0.027437,0.079185,0.026707,0.033034,0.043912,0.049532,0.028061,0.024975,0.060433,0.039139,0.057474,0.1245,0.10749,0.10154,0.032253,0.038566,0.021971,0.031389,0.096439
7.74,0.035633,0.059597,0.075793,0.032985,0.041151,0.050392,0.058642,0.055947,0.036093,0.016441,0.03517,0.036434,0.019745,0.030127,0.036521,0.031705,0.079987,0.017248,0.059125,0.21402,0.13401,0.027348,0.078997,0.026631,0.03295,0.04379,0.04939,0.027955,0.024853,0.060276,0.038988,0.057491,0.12425,0.10708,0.10125,0.032224,0.038453,0.021886,0.031298,0.096118
7.75,0.035468,0.059282,0.075579,0.032899,0.04108,0.050323,0.058476,0.055763,0.035984,0.01635,0.035071,0.036313,0.019675,0.030046,0.036404,0.031627,0.079745,0.017207,0.058803,0.21363,0.13363,0.02726,0.078808,0.026552,0.032868,0.043667,0.049249,0.027849,0.024732,0.060119,0.03884,0.057503,0.12399,0.10668,0.10097,0.032193,0.038342,0.021801,0.031208,0.095797
7.76,0.035303,0.058971,0.075363,0.032813,0.041009,0.050252,0.05831,0.055579,0.035876,0.016258,0.034972,0.036192,0.019605,0.029965,0.036287,0.031549,0.079502,0.017167,0.058483,0.21325,0.13325,0.027172,0.078619,0.026468,0.032785,0.043544,0.049108,0.027743,0.024612,0.059962,0.038695,0.05751,0.12374,0.10632,0.10068,0.032162,0.03823,0.021716,0.031118,0.095474
7.77,0.035138,0.058661,0.075146,0.032727,0.040938,0.050181,0.058145,0.055394,0.035767,0.016167,0.034874,0.036072,0.019536,0.029884,0.03617,0.031471,0.079258,0.017127,0.058163,0.21287,0.13287,0.027085,0.078429,0.026377,0.032703,0.043421,0.048967,0.027637,0.024492,0.059805,0.038554,0.057511,0.1235,0.10601,0.10039,0.03213,0.038119,0.021631,0.031029,0.09515
7.78,0.034975,0.058354,0.07493,0.032641,0.040867,0.050108,0.05798,0.05521,0.03566,0.016076,0.034776,0.035952,0.019467,0.029803,0.036054,0.031393,0.079014,0.017087,0.057845,0.21249,0.13249,0.026999,0.07824,0.026284,0.032621,0.043298,0.048826,0.027531,0.024373,0.059648,0.038415,0.057506,0.12325,0.10569,0.10011,0.032096,0.038009,0.021547,0.030939,0.094826
7.79,0.034812,0.058047,0.074713,0.032556,0.040795,0.050036,0.057816,0.055026,0.035552,0.015986,0.034679,0.035832,0.019398,0.029723,0.035939,0.031316,0.078769,0.017047,0.057528,0.21211,0.13211,0.026913,0.07805,0.026209,0.032539,0.043176,0.048685,0.027426,0.024255,0.059492,0.03828,0.057494,0.123,0.10537,0.099822,0.032063,0.037898,0.021462,0.030849,0.094502
7.8,0.03465,0.057741,0.074496,0.032471,0.040723,0.049962,0.057652,0.054841,0.035446,0.015896,0.034582,0.035713,0.019329,0.029643,0.035824,0.031238,0.078523,0.017007,0.057213,0.21173,0.13174,0.026828,0.07786,0.026212,0.032457,0.043053,0.048545,0.02732,0.024138,0.059336,0.038147,0.057478,0.12276,0.10506,0.099536,0.032028,0.037789,0.021378,0.03076,0.094178
7.81,0.034488,0.057437,0.074279,0.032387,0.04065,0.049887,0.057489,0.054657,0.035339,0.015806,0.034485,0.035595,0.019261,0.029563,0.035709,0.031161,0.078276,0.016968,0.056899,0.21136,0.13136,0.026743,0.07767,0.026278,0.032376,0.042931,0.048406,0.027215,0.024022,0.059179,0.038017,0.057457,0.12252,0.10474,0.099251,0.031992,0.037679,0.021293,0.03067,0.093855
7.82,0.034328,0.057134,0.074063,0.032302,0.040576,0.049811,0.057327,0.054472,0.035233,0.015717,0.034389,0.035477,0.019193,0.029484,0.035595,0.031085,0.078029,0.016928,0.056586,0.21098,0.13099,0.026659,0.077481,0.026339,0.032295,0.042809,0.048267,0.02711,0.023907,0.059023,0.03789,0.057432,0.12229,0.10443,0.098967,0.031956,0.03757,0.021209,0.030581,0.093533
7.83,0.034168,0.056832,0.073847,0.032218,0.040502,0.049735,0.057167,0.054288,0.035128,0.015628,0.034293,0.03536,0.019125,0.029405,0.035482,0.031008,0.077781,0.016889,0.056274,0.2106,0.13061,0.026575,0.077291,0.026394,0.032215,0.042686,0.048128,0.027005,0.023792,0.058867,0.037766,0.057402,0.12206,0.10413,0.098682,0.031918,0.037462,0.021125,0.030492,0.093211
7.84,0.034008,0.056532,0.07363,0.032134,0.040428,0.049657,0.057008,0.054103,0.035023,0.015539,0.034198,0.035243,0.019058,0.029327,0.035369,0.030932,0.077533,0.01685,0.055964,0.21023,0.13024,0.026492,0.077102,0.026448,0.032135,0.042564,0.04799,0.0269,0.023678,0.058712,0.037645,0.057371,0.12183,0.10382,0.098397,0.03188,0.037354,0.021041,0.030403,0.092891
7.85,0.03385,0.056233,0.073413,0.03205,0.040353,0.04958,0.056851,0.053919,0.034918,0.015451,0.034103,0.035127,0.018991,0.029248,0.035256,0.030856,0.077284,0.016811,0.055655,0.20986,0.12987,0.02641,0.076913,0.026496,0.032055,0.042442,0.047852,0.026795,0.023565,0.058557,0.037526,0.057337,0.1216,0.10352,0.098112,0.031841,0.037246,0.020957,0.030314,0.092571
7.86,0.033692,0.055935,0.073197,0.031967,0.040278,0.049503,0.056696,0.053735,0.034814,0.015363,0.034008,0.035011,0.018925,0.02917,0.035144,0.03078,0.077034,0.016773,0.055347,0.20948,0.12949,0.026328,0.076724,0.026538,0.031975,0.042319,0.047714,0.026691,0.023453,0.058402,0.03741,0.0573,0.12138,0.10322,0.097826,0.031801,0.037139,0.020873,0.030226,0.092252
7.87,0.033535,0.055639,0.07298,0.031884,0.040203,0.049426,0.056542,0.053551,0.03471,0.015275,0.033914,0.034896,0.018859,0.029093,0.035032,0.030704,0.076784,0.016734,0.055041,0.20911,0.12912,0.026246,0.076536,0.026575,0.031896,0.042198,0.047576,0.026586,0.023341,0.058248,0.037296,0.057261,0.12115,0.10293,0.097541,0.03176,0.037032,0.020789,0.030137,0.091933
7.88,0.033379,0.055346,0.072763,0.031801,0.040127,0.049349,0.05639,0.053366,0.034607,0.015202,0.03382,0.034781,0.018793,0.029015,0.034921,0.030629,0.076533,0.016695,0.054736,0.20874,0.12875,0.026165,0.076347,0.026606,0.031816,0.042076,0.047439,0.026482,0.02323,0.058094,0.037185,0.057219,0.12093,0.10264,0.097256,0.031719,0.036926,0.020705,0.030049,0.091614
7.89,0.033224,0.055054,0.072545,0.031718,0.04005,0.049271,0.056239,0.053182,0.034504,0.01514,0.033726,0.034667,0.018727,0.028938,0.03481,0.030554,0.076282,0.016657,0.054432,0.20837,0.12839,0.026085,0.07616,0.026631,0.031738,0.041954,0.047302,0.026378,0.023121,0.05794,0.037077,0.057174,0.1207,0.10236,0.09697,0.031677,0.03682,0.020622,0.029961,0.091295
7.9,0.033069,0.054764,0.072327,0.031635,0.039973,0.049192,0.056088,0.052998,0.034402,0.015077,0.033633,0.034553,0.018662,0.028861,0.0347,0.030479,0.07603,0.016619,0.05413,0.208,0.12802,0.026005,0.075972,0.026651,0.031659,0.041833,0.047165,0.026274,0.023011,0.057786,0.036971,0.057129,0.12048,0.10208,0.096684,0.031633,0.036714,0.020538,0.029873,0.090975
7.91,0.032915,0.054474,0.072109,0.031553,0.039894,0.049112,0.055938,0.052814,0.0343,0.015015,0.033541,0.03444,0.018596,0.028785,0.03459,0.030404,0.075778,0.01658,0.053829,0.20763,0.12765,0.025925,0.075785,0.026668,0.031581,0.041711,0.047028,0.026171,0.022903,0.057632,0.036867,0.057102,0.12026,0.1018,0.096398,0.031589,0.036609,0.020455,0.029785,0.090655
7.92,0.032762,0.054187,0.071891,0.031471,0.039815,0.04903,0.055787,0.052631,0.034198,0.014953,0.033448,0.034327,0.018532,0.028709,0.034481,0.030329,0.075525,0.016542,0.05353,0.20727,0.12729,0.025846,0.075598,0.02668,0.031503,0.04159,0.046892,0.026068,0.022795,0.057479,0.036766,0.057078,0.12003,0.10153,0.096112,0.031544,0.036504,0.020372,0.029698,0.090334
7.93,0.032609,0.0539,0.071672,0.03139,0.039735,0.048947,0.055637,0.052447,0.034097,0.014891,0.033356,0.034214,0.018467,0.028633,0.034372,0.030255,0.075273,0.016504,0.053231,0.2069,0.12692,0.025768,0.075411,0.026687,0.031425,0.041468,0.046757,0.025966,0.022688,0.057325,0.036667,0.057049,0.11981,0.10126,0.095826,0.031499,0.036399,0.020289,0.02961,0.090013
7.94,0.032457,0.053615,0.071454,0.031308,0.039654,0.048862,0.055486,0.052263,0.033996,0.014828,0.033264,0.034102,0.018403,0.028557,0.034264,0.030181,0.075019,0.016466,0.052935,0.20653,0.12656,0.02569,0.075224,0.026687,0.031347,0.041346,0.046621,0.025863,0.022582,0.057172,0.03657,0.057016,0.11959,0.101,0.09554,0.031453,0.036295,0.020207,0.029523,0.089691
7.95,0.032306,0.053331,0.071235,0.031227,0.039571,0.048776,0.055335,0.05208,0.033896,0.014766,0.033173,0.033991,0.018339,0.028482,0.034156,0.030107,0.074765,0.016428,0.052639,0.20617,0.12619,0.025612,0.075038,0.026682,0.03127,0.041225,0.046486,0.025761,0.022477,0.057019,0.036476,0.056978,0.11937,0.10073,0.095253,0.031406,0.036192,0.020124,0.029436,0.089368
7.96,0.032156,0.053049,0.071016,0.031146,0.039488,0.048688,0.055184,0.051896,0.033796,0.014704,0.033082,0.03388,0.018275,0.028407,0.034048,0.030033,0.074511,0.01639,0.052345,0.2058,0.12583,0.025535,0.074852,0.026671,0.031193,0.041105,0.046351,0.025659,0.022372,0.056866,0.036383,0.056936,0.11914,0.10048,0.094966,0.031358,0.036088,0.020041,0.029349,0.089045
7.97,0.032006,0.052768,0.070797,0.031065,0.039404,0.0486,0.055032,0.051713,0.033697,0.014641,0.032992,0.033769,0.018211,0.028332,0.033941,0.02996,0.074257,0.016352,0.052052,0.20544,0.12547,0.025458,0.074666,0.026656,0.031117,0.040984,0.046217,0.025557,0.022268,0.056714,0.036293,0.056892,0.11892,0.10022,0.094679,0.031309,0.035985,0.019959,0.029262,0.088721
7.98,0.031857,0.052489,0.070578,0.030985,0.039319,0.048512,0.05488,0.05153,0.033598,0.014579,0.032901,0.033659,0.018148,0.028258,0.033834,0.029887,0.074002,0.016314,0.051761,0.20507,0.12511,0.025381,0.074481,0.026638,0.03104,0.040863,0.046083,0.025455,0.022165,0.056561,0.036204,0.056847,0.1187,0.099964,0.094392,0.031259,0.035883,0.019877,0.029176,0.088396
7.99,0.031708,0.052211,0.070359,0.030904,0.039234,0.048426,0.054728,0.051347,0.033499,0.014516,0.032811,0.03355,0.018085,0.028184,0.033728,0.029814,0.073748,0.016276,0.051471,0.20471,0.12475,0.025305,0.074296,0.026614,0.030964,0.040743,0.045949,0.025353,0.022063,0.056409,0.036118,0.056801,0.11849,0.09971,0.094105,0.031209,0.03578,0.019795,0.029089,0.088071
8,0.031561,0.051934,0.07014,0.030824,0.039147,0.04834,0.054576,0.051165,0.033401,0.014454,0.032722,0.03344,0.018023,0.02811,0.033622,0.029741,0.073493,0.016237,0.051182,0.20435,0.12439,0.025229,0.074111,0.026585,0.030888,0.040622,0.045816,0.025252,0.021961,0.056257,0.036033,0.056753,0.11827,0.099457,0.093817,0.031158,0.035679,0.019713,0.029003,0.087746
