Time,GM1,GM2,GM3,GM4,GM5,GM6,GM7,GM8,GM9,GM10,GM11,GM12,GM13,GM14,GM15,GM16,GM17,GM18,GM19,GM20,GM21,GM22,GM23,GM24,GM25,GM26,GM27,GM28,GM29,GM30,GM31,GM32,GM33,GM34,GM35,GM36,GM37,GM38,GM39,GM40
0.01,0.00077573,0.00084031,0.00052912,0.00050342,0.00033373,0.00059901,0.00034628,0.00042959,0.00056581,0.0005045,0.00040288,0.00056041,0.00057799,0.00086098,0.00061199,0.00060533,0.00030553,0.00065528,0.00033501,0.00035005,0.00077591,0.00098835,0.00039665,0.00049876,0.00092095,0.00030301,0.0004715,0.00088872,0.00034558,0.0006675,0.00028087,0.00052957,0.00078868,0.00044299,0.00046117,0.00053436,0.0005976,0.00036415,0.00031545,0.00032485
0.02,0.004402,0.0033761,0.0022794,0.0037755,0.0013727,0.0024979,0.00142,0.0019353,0.0024285,0.0020228,0.0016107,0.0022386,0.0023304,0.0035961,0.0025091,0.0024257,0.0012257,0.0041605,0.0013957,0.00141,0.0031575,0.0039619,0.0015943,0.0027776,0.0036947,0.0012849,0.0019092,0.0036156,0.001389,0.0026984,0.0012526,0.0021377,0.0034385,0.0018936,0.0018666,0.0022026,0.002861,0.0014684,0.0012538,0.0013004
0.03,0.012912,0.0075141,0.0056317,0.010141,0.0030379,0.0061787,0.0032334,0.0043703,0.0058273,0.0048335,0.0036474,0.0051007,0.0054454,0.0077488,0.0056167,0.0054892,0.0027566,0.0096988,0.0033239,0.0031496,0.0073508,0.0089673,0.0036786,0.007422,0.0083166,0.0031201,0.0044223,0.0080286,0.0032233,0.0060445,0.003953,0.0055804,0.00778,0.0046869,0.0057831,0.0054252,0.0067167,0.0033257,0.0028986,0.0029765
0.04,0.027244,0.015759,0.011709,0.012038,0.0055191,0.010323,0.0058132,0.0079322,0.014271,0.0085419,0.0065822,0.009079,0.009861,0.014513,0.010185,0.0098089,0.0049654,0.012034,0.0059433,0.0056682,0.013439,0.016142,0.0063235,0.016205,0.015322,0.0067491,0.0085331,0.015278,0.0067506,0.011316,0.009591,0.01249,0.01768,0.0092224,0.010223,0.012201,0.010712,0.0059668,0.005189,0.005398
0.05,0.045604,0.024918,0.021289,0.030142,0.0086667,0.016541,0.010931,0.012337,0.026026,0.015499,0.01035,0.014286,0.015378,0.022632,0.017244,0.015418,0.0081829,0.029564,0.010162,0.0090919,0.0217,0.026276,0.010254,0.017579,0.024574,0.012065,0.013004,0.024484,0.0094945,0.018672,0.017343,0.021597,0.035822,0.014452,0.017412,0.01985,0.02136,0.0093389,0.010822,0.0094681
0.06,0.061949,0.050674,0.03283,0.04655,0.012357,0.03772,0.018287,0.016876,0.049057,0.023062,0.015049,0.020928,0.023828,0.033919,0.027608,0.02229,0.011357,0.03491,0.015528,0.013421,0.032106,0.038469,0.014947,0.03697,0.039996,0.023164,0.018436,0.037199,0.013629,0.027982,0.023003,0.027327,0.033953,0.019647,0.039718,0.028762,0.023516,0.013698,0.013654,0.012156
0.07,0.13439,0.076588,0.044074,0.043791,0.01719,0.046411,0.029314,0.026471,0.063028,0.034363,0.020647,0.030522,0.038749,0.050383,0.038984,0.031551,0.016998,0.038261,0.024501,0.018489,0.044076,0.054643,0.020234,0.051075,0.059208,0.031315,0.028731,0.045238,0.020461,0.040173,0.036165,0.040035,0.049216,0.022989,0.054186,0.038066,0.04448,0.018306,0.020642,0.018577
0.08,0.11906,0.10249,0.057391,0.065511,0.023176,0.072563,0.036557,0.028807,0.082107,0.039478,0.027386,0.04976,0.054576,0.062634,0.058729,0.041114,0.022314,0.055427,0.032643,0.024626,0.06122,0.073608,0.028454,0.06894,0.085878,0.035716,0.035685,0.081536,0.02806,0.052376,0.058346,0.05439,0.052105,0.037383,0.089964,0.041687,0.059356,0.025788,0.029196,0.026492
0.09,0.12696,0.16268,0.083535,0.086438,0.027787,0.082597,0.04806,0.039206,0.085937,0.053419,0.035178,0.055981,0.071633,0.088906,0.077428,0.057101,0.029138,0.070225,0.041797,0.029519,0.078706,0.094961,0.041365,0.07969,0.092826,0.047678,0.054359,0.096828,0.037681,0.069352,0.10354,0.072,0.090735,0.064353,0.099288,0.062203,0.089827,0.033827,0.034075,0.043079
0.1,0.15907,0.16592,0.11761,0.12435,0.038048,0.1245,0.067758,0.050144,0.11482,0.077263,0.044755,0.073975,0.092121,0.10289,0.080298,0.076475,0.038107,0.078111,0.059807,0.037496,0.10027,0.12046,0.056563,0.11632,0.10406,0.046142,0.07043,0.12801,0.042678,0.088034,0.09894,0.088654,0.12016,0.072023,0.12909,0.06945,0.11504,0.044605,0.039305,0.051521
0.11,0.20465,0.24697,0.1436,0.14116,0.049887,0.1422,0.12225,0.060811,0.12441,0.11915,0.052468,0.10085,0.13463,0.12509,0.10149,0.11074,0.045878,0.086603,0.064666,0.046379,0.12134,0.13274,0.058528,0.1683,0.15406,0.076385,0.087917,0.16762,0.067917,0.10278,0.098338,0.11546,0.13209,0.076327,0.12921,0.077711,0.13665,0.052652,0.047392,0.061817
0.12,0.21412,0.31219,0.16406,0.13576,0.059919,0.15668,0.18782,0.075574,0.12158,0.13224,0.067072,0.11547,0.16054,0.16407,0.11815,0.13226,0.062902,0.10373,0.091713,0.054785,0.14417,0.16224,0.071556,0.19701,0.20777,0.088131,0.10916,0.23235,0.069437,0.12484,0.091788,0.1325,0.16389,0.10841,0.11539,0.092025,0.16143,0.068241,0.057505,0.090552
0.13,0.1935,0.41575,0.18312,0.11215,0.069495,0.12274,0.22741,0.11104,0.16905,0.15316,0.080826,0.1456,0.19271,0.20349,0.16328,0.15735,0.070521,0.12638,0.11208,0.067831,0.17911,0.20012,0.099162,0.27954,0.24783,0.10555,0.14822,0.31321,0.076901,0.13866,0.099317,0.1657,0.20747,0.15783,0.1547,0.12098,0.20599,0.075957,0.07887,0.12823
0.14,0.21668,0.49921,0.21418,0.1028,0.078895,0.16408,0.23991,0.14031,0.23187,0.16901,0.083577,0.14498,0.2572,0.25097,0.1567,0.20207,0.086574,0.15582,0.12011,0.078325,0.21253,0.27419,0.12803,0.37637,0.27994,0.11498,0.1555,0.34725,0.099946,0.17962,0.095508,0.18387,0.2472,0.18895,0.16089,0.15981,0.19027,0.091978,0.103,0.12749
0.15,0.2755,0.62581,0.2435,0.11346,0.097216,0.20185,0.32983,0.18928,0.34606,0.23059,0.1057,0.16701,0.27491,0.29468,0.16472,0.21564,0.10491,0.18673,0.16886,0.094752,0.22938,0.32507,0.15745,0.46458,0.29799,0.14329,0.16975,0.29185,0.11134,0.20417,0.10835,0.24152,0.29945,0.24292,0.1721,0.21612,0.27281,0.11504,0.12055,0.17469
0.16,0.35621,0.60554,0.30368,0.13239,0.11533,0.28242,0.35105,0.21041,0.43636,0.29147,0.13263,0.21758,0.3523,0.35103,0.18466,0.27305,0.12945,0.23554,0.23136,0.10992,0.26954,0.34871,0.15203,0.45681,0.35812,0.17234,0.1764,0.34634,0.12236,0.22783,0.13122,0.24635,0.34134,0.26396,0.19569,0.25905,0.38401,0.11911,0.15442,0.18587
0.17,0.39268,0.71894,0.34337,0.16978,0.12319,0.34419,0.3854,0.2128,0.43057,0.30826,0.17573,0.29434,0.44408,0.42021,0.23834,0.33222,0.13573,0.30498,0.26806,0.12585,0.26181,0.47225,0.164,0.5515,0.51754,0.17885,0.27103,0.43698,0.13881,0.24467,0.16069,0.29063,0.33914,0.27475,0.18058,0.30054,0.45385,0.13593,0.23432,0.18225
0.18,0.43236,0.78863,0.38641,0.18697,0.16441,0.37945,0.39329,0.21232,0.4476,0.3487,0.22151,0.36061,0.44303,0.46565,0.30737,0.37833,0.19609,0.39274,0.26515,0.14391,0.33101,0.60341,0.17394,0.55984,0.67478,0.18304,0.25083,0.54529,0.1485,0.30817,0.15688,0.33393,0.35436,0.28245,0.1577,0.31456,0.52211,0.17685,0.235,0.24832
0.19,0.47617,0.87009,0.42606,0.21111,0.18985,0.42082,0.34348,0.24465,0.46007,0.34142,0.2332,0.38444,0.41382,0.53484,0.3632,0.50071,0.21988,0.48703,0.25044,0.16108,0.34948,0.65062,0.20087,0.61342,0.67534,0.21081,0.24771,0.55865,0.20314,0.38413,0.18536,0.36564,0.33258,0.2937,0.17939,0.29345,0.5618,0.19843,0.25597,0.32532
0.2,0.46962,1.0131,0.45854,0.25346,0.21208,0.42441,0.36763,0.29426,0.46756,0.37405,0.22301,0.44594,0.48868,0.62844,0.41752,0.58482,0.20394,0.61138,0.25811,0.18154,0.41308,0.63772,0.21547,0.59347,0.63208,0.23225,0.22966,0.56291,0.24382,0.46311,0.18726,0.42143,0.44273,0.33635,0.18447,0.31027,0.56528,0.24985,0.31576,0.39416
0.21,0.47433,1.1005,0.5183,0.28506,0.22947,0.3936,0.40225,0.32535,0.40145,0.35402,0.24658,0.49615,0.65112,0.69568,0.44554,0.63144,0.21178,0.70717,0.26339,0.202,0.50998,0.68869,0.27566,0.55774,0.65718,0.2449,0.24262,0.59438,0.28673,0.48789,0.21964,0.53625,0.59756,0.42512,0.16926,0.38875,0.55312,0.29775,0.394,0.40653
0.22,0.55448,1.2035,0.57365,0.31869,0.24571,0.39315,0.46687,0.31937,0.43949,0.42519,0.27411,0.47705,0.78621,0.65445,0.44663,0.63379,0.24475,0.73761,0.30442,0.25888,0.57522,0.84021,0.34845,0.61462,0.66359,0.25401,0.26519,0.74944,0.31956,0.48007,0.2216,0.48083,0.67195,0.47762,0.19499,0.50869,0.57598,0.32331,0.45756,0.47896
0.23,0.55997,1.5893,0.61823,0.39255,0.32555,0.41851,0.48906,0.34266,0.47092,0.4934,0.29442,0.59001,0.98697,0.71369,0.46896,0.65271,0.24112,0.82017,0.2837,0.28073,0.59848,0.99227,0.43286,0.62608,0.75232,0.29386,0.295,0.94707,0.34423,0.49147,0.25945,0.58686,0.69486,0.55167,0.21366,0.63825,0.57872,0.34603,0.48131,0.55788
0.24,0.57472,1.9252,0.6598,0.47035,0.33626,0.4674,0.61107,0.37877,0.56101,0.44932,0.29931,0.65499,1.163,0.8929,0.51676,0.68176,0.28691,1.1239,0.2852,0.28389,0.5516,1.0643,0.49567,0.66345,0.87215,0.37236,0.33159,0.98825,0.35686,0.59473,0.31339,0.72973,0.65395,0.67661,0.2645,0.75995,0.58197,0.36376,0.48235,0.60211
0.25,0.62547,1.8542,0.69656,0.54747,0.31541,0.52608,0.71382,0.41391,0.76835,0.43553,0.37091,0.68599,1.3262,1.081,0.60129,0.71074,0.35327,1.2876,0.34125,0.32509,0.5404,1.0807,0.53618,0.73843,1.0545,0.40964,0.31918,1.0547,0.45478,0.71745,0.33468,0.80334,0.53825,0.8842,0.33296,0.84936,0.5846,0.39122,0.49019,0.56101
0.26,0.77706,1.5499,0.73132,0.56007,0.40241,0.57011,0.72059,0.52707,0.92822,0.45719,0.40456,0.86556,1.5987,1.1578,0.67884,0.79341,0.43985,1.419,0.37135,0.38371,0.63986,1.1043,0.57517,0.77054,1.2052,0.38391,0.36305,1.1277,0.55672,0.78288,0.36154,0.81719,0.60453,1.0704,0.39566,0.85924,0.67201,0.45407,0.59665,0.47328
0.27,0.97265,1.5295,0.76699,0.53296,0.51012,0.61941,0.83266,0.67809,0.98614,0.53887,0.46655,1.0314,1.805,1.2386,0.72457,0.87506,0.47964,1.6644,0.43029,0.40816,0.79708,1.1717,0.72615,0.78467,1.3648,0.41569,0.3972,1.1627,0.55721,0.85949,0.42384,0.83626,0.80527,1.2148,0.41967,0.84129,0.7278,0.51906,0.77962,0.55006
0.28,1.1348,1.4791,0.79967,0.5699,0.54496,0.6714,0.92232,0.78969,1.076,0.6405,0.57682,1.1302,1.949,1.3851,0.73103,0.94131,0.52449,1.8046,0.58133,0.39557,0.9242,1.2426,0.82571,0.85008,1.4884,0.4112,0.43939,1.2036,0.60888,0.9174,0.40436,0.86073,0.86777,1.2299,0.42706,0.90342,0.75336,0.57762,0.94134,0.58546
0.29,1.1754,1.4391,0.82647,0.6184,0.52297,0.72758,0.9093,0.75758,1.2035,0.67474,0.71151,1.1293,2.0662,1.5239,0.80209,0.98427,0.55137,1.7542,0.64413,0.40733,0.89849,1.3527,0.95582,0.92198,1.489,0.39803,0.49687,1.2455,0.63857,0.89667,0.40028,0.87555,0.90425,1.1204,0.45569,1.0042,0.7579,0.67685,1.1483,0.64831
0.3,1.2988,1.215,0.85401,0.76266,0.54665,0.80257,0.76402,0.72958,1.3219,0.66607,0.80472,1.2254,2.1097,1.6207,0.89167,1.0953,0.58627,1.7199,0.60942,0.41638,0.82147,1.543,1.1022,0.98684,1.5321,0.46336,0.51458,1.2479,0.64417,0.93376,0.46866,0.94764,1.0019,0.95295,0.49322,1.0692,0.75734,0.78211,1.2219,0.61824
0.31,1.3998,1.303,0.88694,0.85068,0.6232,0.88766,0.61553,0.76347,1.4177,0.6806,0.8101,1.5366,2.4597,1.6776,0.91167,1.2366,0.67526,1.823,0.56276,0.4455,0.84511,1.6407,1.2114,1.0449,1.756,0.54589,0.53721,1.1203,0.71285,0.93157,0.55714,1.0118,1.0896,0.92556,0.52458,1.0346,0.79146,0.90944,1.227,0.62263
0.32,1.4034,1.501,0.93558,0.86765,0.70881,0.97351,0.62283,0.81906,1.4379,0.72718,0.78834,1.7957,2.5926,1.7285,0.98535,1.3313,0.79075,1.9198,0.58706,0.50841,0.82558,1.645,1.2567,1.1331,1.9903,0.63861,0.61221,1.0103,0.77166,0.914,0.64168,1.1305,1.1149,0.91558,0.56808,0.9567,0.77755,1.0966,1.1887,0.62217
0.33,1.4001,1.6709,1.1885,0.83757,0.74539,1.0586,0.66899,0.92337,1.2866,0.76216,0.87276,2.0253,2.5515,1.8092,1.0087,1.4035,0.91337,1.9102,0.61513,0.58034,1.0255,1.6969,1.3355,1.2629,2.1341,0.72269,0.6933,1.1275,0.90485,1.0911,0.66459,1.2884,1.0986,1.0155,0.63145,0.99577,0.80442,1.2416,1.1741,0.72125
0.34,1.497,1.7791,1.4433,0.81835,0.71602,1.1363,0.72925,1.0171,1.2401,0.74735,1.0373,2.4344,2.4131,1.9514,1.0603,1.5211,1.0431,2.3472,0.64638,0.64682,1.2018,1.6928,1.5406,1.3923,2.2609,0.78122,0.74454,1.1138,0.98638,1.2412,0.68632,1.3552,1.0359,1.131,0.6912,1.1152,0.79836,1.2981,1.2244,0.77617
0.35,1.6237,1.9399,1.5289,0.83896,0.65731,1.1945,0.73515,1.0608,1.3281,0.77724,1.174,2.8047,2.2269,2.2278,1.1255,1.7105,1.1584,2.6999,0.71182,0.69749,1.3268,1.7171,1.7276,1.4521,2.4458,0.82336,0.76216,1.2803,1.0653,1.312,0.62821,1.2897,1.0751,1.2786,0.72819,1.1201,0.802,1.249,1.2555,0.85638
0.36,1.677,2.1155,1.4607,0.86513,0.60942,1.2291,0.85785,1.1087,1.394,0.89017,1.266,2.9197,2.0143,2.4112,1.2044,2.0004,1.2663,2.7542,0.6762,0.75044,1.3416,1.9311,1.8866,1.5163,2.664,0.86445,0.77068,1.383,1.2086,1.3461,0.62355,1.2892,1.1855,1.3995,0.77978,1.133,0.85188,1.2313,1.2366,0.94185
0.37,1.6957,2.2809,1.3567,0.85583,0.58121,1.251,0.93471,1.1786,1.428,0.98,1.3443,2.8596,1.8882,2.5426,1.3514,2.2478,1.3892,2.6981,0.72236,0.78952,1.3018,2.2931,2.0119,1.5355,2.8572,0.9256,0.81254,1.4587,1.3598,1.5174,0.69562,1.3243,1.3424,1.4476,0.95162,1.2084,0.94687,1.2216,1.2688,0.99694
0.38,1.6997,2.3698,1.3246,0.82005,0.57701,1.2749,0.96054,1.2483,1.5491,0.99279,1.4286,2.721,1.8935,2.7492,1.4698,2.5284,1.5159,2.777,0.80708,0.83092,1.2679,2.6167,2.1447,1.5901,3.014,0.94714,0.92007,1.6862,1.5464,1.6717,0.81638,1.3959,1.4826,1.4232,1.1001,1.2783,1.0541,1.2152,1.223,1.0374
0.39,1.715,2.5093,1.372,0.84665,0.59874,1.3088,0.94614,1.2975,1.7845,0.94498,1.5034,2.4744,1.9762,2.9323,1.5583,2.6556,1.6137,2.7179,0.81068,0.84964,1.2207,2.9214,2.5888,1.6251,3.1649,0.93591,1.0424,1.8938,1.6179,1.6855,0.9483,1.4155,1.5413,1.3438,1.1496,1.3508,1.147,1.2867,1.1266,1.0523
0.4,1.7587,2.6071,1.4245,0.81331,0.6281,1.3539,0.9096,1.3986,2.047,0.93202,1.5226,2.1204,2.0265,3.0885,1.6096,2.536,1.6547,2.5588,0.74541,0.8672,1.2276,3.1661,2.931,1.6547,3.3319,0.89759,1.1014,2.0303,1.5976,1.6354,1.0959,1.4745,1.6782,1.2782,1.1295,1.4374,1.2142,1.411,1.0149,1.0482
0.41,1.7292,2.6135,1.4074,0.79684,0.71852,1.4105,0.87742,1.5379,2.2577,0.89475,1.4467,1.8115,2.0754,3.2359,1.703,2.5747,1.6417,2.5124,0.72306,0.91104,1.2622,3.4017,3.1461,1.6503,3.5042,0.84282,1.1352,2.1634,1.5695,1.5667,1.1711,1.5305,1.9445,1.2723,1.0841,1.5468,1.4201,1.4919,0.89881,1.185
0.42,1.6652,2.5608,1.42,0.91034,0.78,1.473,0.87568,1.6149,2.6507,0.83817,1.5682,1.738,2.0521,3.3666,1.7711,2.5515,1.5781,2.6079,0.777,0.98632,1.3743,3.7316,3.2239,1.6199,3.6911,0.8133,1.2351,2.4304,1.5677,1.5303,1.1496,1.5971,2.1818,1.288,1.2194,1.671,1.6035,1.6108,0.91896,1.2835
0.43,1.6268,2.5922,1.4792,1.0155,0.80539,1.5381,0.91746,1.6389,3.2488,0.80994,1.645,1.8507,1.9237,3.4865,1.8539,2.4829,1.4709,2.6332,0.7846,1.0857,1.3684,4.1279,3.1808,1.6148,3.9474,0.84955,1.3143,2.7628,1.5802,1.5938,1.0903,1.7176,2.3436,1.3353,1.3986,1.7862,1.7192,1.7144,1.0135,1.3902
0.44,1.6407,2.6788,1.5185,1.1018,0.89583,1.6027,1.0023,1.6756,3.7121,0.81772,1.6566,1.9446,1.7876,3.6103,1.9307,2.6405,1.428,2.5224,0.8754,1.1841,1.398,4.4792,3.0485,1.5825,4.1873,0.87705,1.3483,3.2397,1.5153,1.7035,1.0415,1.8333,2.4248,1.4439,1.5738,1.9175,1.7674,1.8857,1.1066,1.4408
0.45,1.7021,2.9261,1.6403,1.1588,0.99056,1.6643,1.1168,1.7577,3.9606,0.91322,1.6165,1.9283,1.8504,3.7219,2.0163,2.7294,1.5169,2.4232,0.91612,1.2872,1.412,4.9389,2.8718,1.5289,4.433,0.93826,1.3369,3.6033,1.4042,1.7582,1.1012,1.9179,2.5408,1.5194,1.703,2.276,1.7518,2.1044,1.195,1.4547
0.46,1.7718,3.1715,1.7623,1.1886,1.0773,1.7195,1.2392,1.8678,4.1878,1.0117,1.5595,1.8325,1.8866,3.8391,2.1224,3.0599,1.5722,2.464,0.93678,1.326,1.4586,5.1879,2.6971,1.4843,4.7213,1.0932,1.3335,3.6017,1.3577,1.7858,1.1829,1.95,2.692,1.5462,1.7299,2.7301,1.6835,2.3875,1.2771,1.5522
0.47,1.8346,3.3395,1.8374,1.205,1.1528,1.7685,1.3507,2.0459,4.4473,1.1753,1.5223,1.7113,1.9117,3.9446,2.2554,3.4597,1.5829,2.6136,1.0065,1.3241,1.6213,5.2319,2.619,1.4901,5.0826,1.2673,1.4639,3.3356,1.3666,1.8486,1.2565,1.9255,2.8953,1.5871,1.8185,3.0824,1.5799,2.6376,1.3534,1.5873
0.48,1.8872,3.3781,2.1528,1.2225,1.2158,1.8092,1.4392,2.1455,4.6293,1.3244,1.4847,1.5936,2.1644,4.057,2.4143,3.8258,1.5523,3.0221,1.0288,1.3158,1.716,5.0967,2.5895,1.5073,5.5286,1.4462,1.6448,3.2296,1.3713,2.0528,1.3295,1.8378,3.1647,1.707,1.826,3.2857,1.461,2.7573,1.425,1.5905
0.49,1.9492,3.3269,2.3768,1.2498,1.2674,1.8437,1.5005,2.1055,4.7004,1.4408,1.4601,1.5463,2.5907,4.1648,2.5929,4.1465,1.5005,3.5578,1.0367,1.3325,1.7555,4.8414,2.5929,1.5268,6.0408,1.6125,1.7336,3.1498,1.4004,2.306,1.3622,1.7637,3.4425,1.8005,1.9453,3.3496,1.3533,2.7322,1.4907,1.7084
0.5,2.067,3.1853,2.5052,1.2837,1.3091,1.8754,1.5355,1.9861,4.7549,1.5102,1.6474,1.6561,2.9831,4.2878,2.7836,4.4355,1.6151,4.0802,1.1444,1.3919,1.8091,4.5048,2.6137,1.5319,6.5832,1.7647,1.7341,3.5602,1.4747,2.4911,1.3512,1.8731,3.6511,1.8895,1.9829,3.3373,1.3295,2.648,1.5518,1.811
0.51,2.1917,3.0817,2.5422,1.4109,1.3453,1.9048,1.5464,1.8869,4.8521,1.5275,1.8074,1.6983,3.4222,4.4262,2.9771,4.6744,1.8042,4.5125,1.2342,1.4786,1.9156,4.925,2.6295,1.5285,7.1186,1.8946,1.7351,4.185,1.555,2.5853,1.3513,2.0084,3.7508,1.9788,2.1654,3.3119,1.4021,2.6191,1.6434,1.8459
0.52,2.3227,3.0478,2.5009,1.5321,1.3803,1.9327,1.5512,1.9052,4.9218,1.492,1.9402,1.9906,3.7832,4.5842,3.1673,4.8784,1.9715,4.8069,1.2396,1.5596,2.11,5.4418,2.6646,1.5216,7.6171,2.0146,1.798,4.8472,1.6277,2.6113,1.3554,2.2842,3.7314,2.0626,2.478,3.3153,1.4778,2.7047,1.804,1.8338
0.53,2.4404,3.0356,2.3999,1.6429,1.4197,1.9612,1.5798,2.1721,4.8815,1.6028,2.041,2.2818,4.0831,4.7687,3.3559,5.0411,2.1183,4.9443,1.2899,1.6116,2.3077,5.7593,2.9331,1.519,8.0616,2.1229,1.8868,5.3586,1.7465,2.606,1.4064,2.5321,3.6488,2.1452,2.7394,3.3498,1.5876,2.8581,1.9631,1.8499
0.54,2.552,3.1409,2.3194,1.7443,1.4695,1.9908,1.569,2.3859,5.2883,1.7251,2.1051,2.4775,4.3162,4.986,3.54,5.1792,2.2479,4.9629,1.4732,1.6294,2.4802,5.9234,3.0586,1.5197,8.4505,2.228,1.922,5.5389,1.9449,2.9172,1.4529,2.7013,3.5259,2.3356,2.8923,3.4023,1.7221,2.9803,2.12,1.9195
0.55,2.6683,3.3094,2.2448,1.8416,1.5363,2.2326,1.5345,2.6227,5.5464,1.8443,2.132,2.5374,4.4846,5.2255,3.7245,5.2826,2.3605,4.9458,1.6873,1.6284,2.5515,6.0263,3.0384,1.686,8.7922,2.3258,1.8878,5.3923,2.1673,3.2573,1.5559,2.8045,3.4363,2.6266,2.9395,3.4597,1.8588,3.004,2.2742,1.9291
0.56,2.7243,3.5555,2.1808,1.9397,1.6229,2.4273,1.4941,2.8226,5.5029,1.9565,2.1267,2.4993,4.5393,5.4806,3.9112,5.3629,2.4577,4.9913,1.8828,1.6533,2.6627,6.1276,2.9007,1.8317,9.0967,2.4236,1.8123,5.0795,2.392,3.5313,1.6426,2.8884,3.4112,2.9063,2.935,3.514,1.9945,2.9231,2.4245,1.925
0.57,2.9598,3.881,2.1279,2.0432,1.7293,2.5538,1.472,2.8993,5.3013,2.0596,2.0998,2.4752,4.5211,5.76,4.102,5.4266,2.544,5.1767,2.0251,1.7333,2.884,6.1889,2.7216,1.9159,9.5038,2.5201,1.7562,4.9309,2.587,3.7119,1.6998,2.95,3.4313,3.1196,2.9202,3.5615,2.127,2.8666,2.57,1.9652
0.58,3.2091,4.1552,2.0715,2.1505,1.8534,2.608,1.4764,2.9491,5.7424,2.1521,2.0624,2.4208,4.4244,6.0395,4.3011,5.4702,2.6217,5.5178,2.0789,1.9128,2.9934,6.1139,2.5486,2.0193,9.995,2.6147,1.8482,5.1616,2.7453,3.7834,1.7304,2.9853,3.4813,3.2262,3.0326,3.6049,2.2541,2.7906,2.7098,2.0748
0.59,3.4151,4.296,1.993,2.257,2.0075,2.5925,1.5109,3.1511,6.2257,2.2317,2.155,2.4011,4.3385,6.3295,4.5101,5.4998,2.6922,5.9512,2.0654,2.1455,3.1318,5.9339,2.5922,2.1943,10.493,2.7069,1.9101,5.6977,2.8744,3.7246,1.7155,2.9922,3.5792,3.2102,3.2166,3.6407,2.3741,2.7558,2.8452,2.1158
0.6,3.6096,4.1936,1.8827,2.3558,2.1755,2.6577,1.5904,3.485,6.7747,2.2975,2.2961,2.4553,4.4725,6.6105,4.7289,5.5221,2.7502,6.3827,2.1511,2.3732,3.3593,6.2733,2.7182,2.4136,10.99,2.8058,1.9133,6.2742,2.9915,3.5881,1.6543,2.9435,3.7482,3.2777,3.419,3.6697,2.4849,2.8192,2.9749,2.0539
0.61,3.8184,3.9855,1.777,2.4409,2.3514,2.7668,1.7577,3.7259,7.3828,2.3496,2.4322,2.5695,4.51,6.9448,4.9574,5.5437,2.7958,6.724,2.2609,2.5593,3.4713,6.5541,2.8306,2.6349,11.49,2.9165,1.8655,6.7345,3.096,3.6882,1.5795,2.8616,3.979,3.3284,3.6322,3.6969,2.586,3.0024,3.0987,1.8938
0.62,4.0571,3.9143,1.6767,2.5088,2.5318,2.8548,1.9636,3.9645,8.0188,2.3883,2.551,2.7031,4.497,7.3392,5.1984,5.5702,2.8266,6.9284,2.4475,2.7002,3.5087,6.7978,2.9257,2.8078,11.98,3.0032,1.8201,7.0191,3.1827,3.7197,1.5289,2.8111,4.2324,3.3378,3.8373,3.7244,2.6767,3.2827,3.219,1.9206
0.63,4.3254,4.1152,1.7759,2.5895,2.7117,2.9246,2.1823,4.3222,8.5557,2.524,2.6426,2.9069,4.423,7.7247,5.4455,5.6053,2.844,6.9931,2.592,2.8152,3.4981,7.0803,3.0045,2.9421,12.451,3.0613,1.9772,7.1843,3.2602,3.7419,1.5182,2.7999,4.4726,3.3273,4.024,3.7556,2.7553,3.6153,3.3336,2.023
0.64,4.609,4.3167,1.9073,2.6621,2.8886,2.9826,2.4048,4.5411,8.8687,2.7322,2.8532,3.0827,4.3124,8.1043,5.6996,5.6612,2.8504,7.0769,2.6894,2.925,3.4377,7.3796,3.0656,3.0158,12.896,3.0857,2.2256,7.2732,3.3304,3.8156,1.5164,2.7662,4.6955,3.3172,4.1734,3.7908,2.8224,3.9553,3.4455,2.1555
0.65,4.8772,4.7816,2.0369,2.7258,3.0609,3.03,2.6254,4.6437,8.9222,2.8939,3.0664,3.2004,4.2074,8.4732,5.9557,5.9082,2.8477,7.1515,2.7753,3.0324,3.3439,7.5353,3.1738,3.0886,13.307,3.1349,2.4231,7.3426,3.4209,3.9899,1.484,2.7093,4.9296,3.5537,4.2407,3.8259,2.8785,4.2721,3.5606,2.222
0.66,5.102,5.2072,2.1622,2.7882,3.2262,3.0692,2.8364,4.6485,9.1956,3.0072,3.2485,3.278,4.1193,8.8277,6.2149,6.1713,2.8366,7.1139,2.7875,3.1187,3.4619,7.9987,3.5193,3.1957,13.682,3.1714,2.5507,7.4345,3.5397,4.2587,1.4172,2.6921,5.1993,3.7739,4.2037,3.8524,2.9244,4.5424,3.9655,2.2015
0.67,5.2627,5.5822,2.2825,2.8562,3.3828,3.0994,3.033,4.6086,9.451,3.0725,3.419,3.3588,4.0318,9.1663,6.475,6.4511,2.8173,7.0013,2.8163,3.1562,3.5689,8.4473,3.8437,3.4043,14.019,3.1938,2.7546,7.6326,3.6952,4.5579,1.3802,2.7927,5.5154,3.9878,4.0884,3.8586,2.973,4.7547,4.2905,2.1853
0.68,5.3532,5.9353,2.3969,2.9333,3.5292,3.1207,3.2127,4.5666,9.9315,3.0921,3.6072,3.4842,4.0018,9.4883,6.7359,6.7415,2.7892,6.8542,2.8941,3.1257,3.6647,8.6139,4.142,3.6028,14.318,3.201,2.8985,7.9617,3.8535,4.833,1.4762,2.8794,5.8698,4.2151,3.9508,3.8371,3,4.9052,4.5116,2.1864
0.69,5.3622,6.3267,2.5037,3.0189,3.6648,3.131,3.3717,4.5698,10.353,3.0715,3.8431,3.6879,3.9613,9.795,7,7.0366,2.7525,6.6996,3.0445,3.0245,3.7486,9.0205,4.4121,3.7851,14.582,3.1928,2.9551,8.3948,3.9938,5.0414,1.5804,3.0588,6.2294,4.4297,3.8237,3.7817,3.0026,4.9968,4.6125,2.1686
0.7,5.3131,6.8145,2.601,3.1848,3.7878,3.1275,3.5087,4.6465,10.706,3.0175,4.1456,4.051,3.9355,10.104,7.2732,7.3233,2.7144,6.5484,3.2588,2.8752,4.1121,9.3831,4.6533,3.9009,14.815,3.1681,2.9346,8.8978,4.0788,5.167,1.6815,3.2065,6.5658,4.5763,3.7018,3.6915,2.9918,5.0382,4.7645,2.1502
0.71,5.3688,7.4191,2.6866,3.3926,3.8976,3.1079,3.6261,4.7899,10.952,2.9716,4.5114,4.4799,3.8921,10.402,7.8912,7.6058,2.6816,6.3976,3.499,2.8999,4.5247,9.7403,4.8663,3.9302,15.018,3.1261,2.8777,9.3594,4.0987,5.2242,1.7846,3.3038,6.8576,4.6118,3.563,3.5736,2.987,5.0417,4.8124,2.1209
0.72,5.3799,8.0092,2.759,3.6078,3.9941,3.0733,3.7258,4.9845,11.107,2.9468,4.9199,4.9259,3.8453,10.69,8.5556,7.8744,2.6624,6.2365,3.6993,2.897,4.889,10.139,5.0523,3.9042,15.195,3.0702,2.8262,9.6948,4.0652,5.25,1.8993,3.5133,7.0952,4.5468,3.4053,3.4383,3.023,5.0272,4.7669,2.071
0.73,5.3708,8.5371,2.819,3.8258,4.0778,3.0261,3.8105,5.1772,11.368,2.9053,5.3377,5.3384,3.7642,10.97,9.1227,8.1281,2.6617,6.0566,3.7896,2.8851,5.1989,10.514,5.213,3.8128,15.353,2.9984,2.9049,9.8295,4.0187,5.2994,2.0067,3.7121,7.2823,4.443,3.2551,3.3008,3.1425,5.0135,4.667,2.2007
0.74,5.4279,8.9334,2.8649,4.0428,4.1493,2.9686,3.8789,5.3268,11.509,2.8486,5.7279,5.6754,3.686,11.261,9.575,8.3685,2.6791,5.9886,3.7318,2.8989,5.4463,11.164,5.35,3.7027,15.566,2.9097,3.0304,9.7231,3.9954,5.3973,2.0851,3.8167,7.4348,4.3911,3.1452,3.1804,3.2626,5.026,4.5621,2.3037
0.75,5.4163,9.1401,2.8974,4.2554,4.2093,2.9019,3.9281,5.4013,11.504,2.7758,6.0582,5.9067,3.8924,11.548,9.8991,8.598,2.7093,6.0455,3.5388,2.9609,5.6301,12.649,5.4653,3.6619,15.719,2.8067,3.1588,9.385,4.0375,5.5687,2.1287,3.8523,7.5739,4.4574,3.1482,3.137,3.3431,5.0846,4.6347,2.3744
0.76,5.5835,9.1847,2.919,4.4614,4.2573,2.8264,3.9542,5.3861,11.347,2.6885,6.3066,6.0165,4.1104,11.829,10.088,8.8206,2.7453,6.0435,3.2952,3.0704,5.7499,13.971,5.5607,3.6716,15.786,2.6965,3.2893,8.8777,4.1489,5.7887,2.1361,3.871,7.7276,4.6518,3.3127,3.147,3.3863,5.2059,4.7825,2.4299
0.77,5.7323,9.2644,2.9319,4.658,4.2934,2.8504,3.9555,5.4038,11.279,2.6098,6.4542,6.0524,4.3353,12.112,10.14,9.0393,2.7781,5.9767,3.1928,3.2116,5.804,15.093,5.6386,3.7277,15.79,2.5758,3.4371,8.4845,4.2988,6.0236,2.1026,3.9176,7.9202,4.9451,3.4675,3.1821,3.3959,5.3954,4.9334,2.5031
0.78,5.8193,9.3077,2.9602,4.8408,4.3182,2.9819,3.9306,5.5877,11.501,2.667,6.4951,5.9821,4.5601,12.405,10.065,9.2481,2.8034,5.8534,3.0526,3.367,5.7989,16.067,5.7012,3.8089,15.892,2.4464,3.588,8.2224,4.4454,6.2354,2.0456,4.0047,8.1649,5.2943,3.6493,3.2567,3.4243,5.6494,5.0874,2.5881
0.79,5.847,9.1538,3.0106,5.0053,4.3328,3.063,3.8803,5.6897,11.616,2.7296,6.4297,5.7992,4.7805,12.692,9.9568,9.4434,2.8169,5.7012,3.1389,3.5275,5.7399,16.975,5.7497,3.917,15.98,2.3145,3.6874,8.1404,4.5376,6.3901,2.0074,4.1232,8.4623,5.7291,3.8611,3.5335,3.4745,5.9513,5.2506,2.8001
0.8,5.8491,9.0269,3.1683,5.147,4.3968,3.0892,3.805,5.7443,11.638,2.7967,6.267,5.5272,4.9924,12.974,10.255,9.6198,2.8192,5.6895,3.4434,3.692,5.6341,17.902,5.7864,4.0082,16.02,2.2484,3.8228,8.275,4.5441,6.4653,2.0126,4.2663,8.7988,6.237,4.0981,3.8777,3.5208,6.2846,5.5889,3.0641
0.81,5.8747,9.2346,3.4131,5.2633,4.5107,3.0602,3.7066,5.786,11.581,2.895,6.0215,5.2046,5.1925,13.268,10.556,9.771,2.8095,5.8415,3.8087,3.8684,5.6198,18.888,5.8131,4.0926,16.014,2.3039,3.961,8.5573,4.4525,6.5661,2.0384,4.4333,9.1479,6.6979,4.3671,4.1928,3.5653,6.6273,5.9092,3.3769
0.82,6.0364,9.5761,3.6335,5.3499,4.6173,2.9811,3.5912,5.8451,11.457,3.0115,5.7166,4.8771,5.3938,13.557,10.852,9.89,2.8705,5.956,4.1588,4.0639,6.0639,19.914,5.8314,4.1177,15.962,2.3543,4.1023,8.9915,4.2725,6.6164,2.0427,4.6271,9.4755,7.062,4.645,4.4595,3.6092,6.963,6.1789,3.7134
0.83,6.1729,10.012,3.828,5.4088,4.7159,2.9116,3.4602,5.9415,11.275,3.1287,5.3832,4.5901,5.5936,13.837,11.14,9.9749,2.9741,6.0403,4.4526,4.285,6.3826,20.922,5.842,4.1116,15.867,2.3973,4.2457,9.8082,4.0388,6.5557,2.1616,5.0861,9.7513,7.2849,4.8926,4.657,3.6536,7.2718,6.3767,4.0382
0.84,6.2813,10.491,3.9955,5.4362,4.8074,2.9482,3.3189,6.0721,11.044,3.2444,5.5543,4.3853,5.7764,14.118,11.415,10.015,3.0755,6.0991,4.6786,4.5321,6.5499,22.033,5.8455,4.1128,15.789,2.4354,4.3903,10.559,3.8061,6.4212,2.3967,5.6083,9.9487,7.3379,5.156,4.767,3.7003,7.5421,6.4886,4.3349
0.85,6.3626,10.911,4.1351,5.4307,4.8931,2.9863,3.1724,6.2269,10.768,3.3574,5.7409,4.2923,5.9403,14.399,11.674,10.002,3.1735,6.1996,4.84,4.8036,6.5589,23.495,5.8419,4.0578,15.708,2.4674,4.5354,11.129,3.6469,6.2526,2.6343,6.11,10.056,7.212,5.4375,4.9756,3.75,7.7714,6.5089,4.6075
0.86,6.4245,11.218,4.2478,5.3918,4.9742,3.0256,3.0253,6.3859,10.45,3.4651,5.9292,4.3129,6.0861,14.667,11.917,9.9329,3.2692,6.6149,4.9523,5.0945,6.5528,24.776,5.8312,3.9867,15.606,2.4915,4.6805,11.464,3.6329,6.0878,2.846,6.566,10.069,6.9203,5.611,5.293,3.8034,8.1019,6.4381,4.8648
0.87,6.4783,11.298,4.332,5.5124,5.053,3.0661,2.8813,6.528,10.092,3.5671,6.1167,4.427,6.2461,14.927,12.144,9.803,3.3607,7.0901,5.0333,5.4007,6.645,25.848,5.8133,3.8788,15.481,2.5077,4.8253,11.544,3.7964,5.9466,3.0173,6.9462,9.9936,6.5052,5.7506,5.6026,3.8612,8.5493,6.4019,5.1181
0.88,6.5339,11.124,4.3914,5.6289,5.1322,3.1075,2.7447,6.6257,9.6975,3.6615,6.3043,4.6005,6.3859,15.19,12.357,9.6121,3.4492,7.5917,5.0957,5.7184,6.6974,26.7,5.7883,3.773,15.343,2.5183,4.9697,11.368,4.1133,5.9665,3.1464,7.232,9.8513,6.0243,5.8426,5.9003,3.9238,8.9543,6.5191,5.3738
0.89,6.5979,10.725,4.4241,5.7307,5.2142,3.1498,2.6185,6.8202,9.2702,3.7477,6.4902,4.7906,6.5055,15.439,12.552,9.5123,3.5353,8.0877,5.1416,6.0453,6.8985,27.346,5.7552,3.669,15.184,2.522,5.1139,11.089,4.514,6.0778,3.2449,7.4209,9.6644,5.8278,5.8406,6.1798,3.9929,9.3111,6.6313,5.6364
0.9,6.6743,10.162,4.4328,5.8163,5.3004,3.1928,2.5943,7.1478,8.8159,3.8265,6.6753,4.9615,6.6053,15.674,12.731,9.5221,3.6184,8.5517,5.1645,6.3756,7.2765,27.816,5.7138,3.5715,15.013,2.5177,5.2573,10.784,4.9311,6.34,3.3104,7.5194,9.465,5.7339,5.7698,6.439,4.0672,9.6148,6.7345,5.8952
0.91,6.7603,10.016,4.4203,5.886,5.3926,3.2364,2.5782,7.4619,8.9553,3.8973,6.8574,5.1438,6.6965,15.914,12.891,9.469,3.6991,8.9657,5.156,6.706,7.6903,28.134,5.6637,3.4905,14.826,2.506,5.3998,10.339,5.3087,6.8258,3.3312,7.5401,9.2811,5.5997,5.6584,6.6756,4.1467,9.8616,6.8304,6.1342
0.92,6.8485,9.9439,4.3897,5.9403,5.4919,3.2813,2.5617,7.8948,9.0941,3.9611,7.0386,5.363,6.7961,16.146,13.031,9.363,3.7786,9.321,5.107,7.0313,8.1508,28.319,5.6101,3.4318,14.632,2.4913,5.6106,9.8505,5.6077,7.3508,3.2933,7.4928,9.1399,5.4358,5.5265,6.8871,4.2323,10.049,6.9195,6.4169
0.93,6.9344,9.7751,4.3476,5.9796,5.5986,3.3259,2.545,8.2832,9.2279,4.0189,7.2163,5.523,6.8779,16.37,13.15,9.2167,3.8553,9.6131,5.0195,7.3461,8.6667,28.388,5.5858,3.406,14.427,2.5946,5.945,9.611,5.8055,7.8886,3.2023,7.3835,9.0621,5.252,5.3908,7.0741,4.3237,10.175,7.0016,6.7282
0.94,7.0144,9.5756,4.2993,6.0059,5.7112,3.3706,2.5285,8.6279,9.3589,4.0723,7.3916,5.6138,6.9428,16.622,13.247,9.5333,3.9285,9.8413,4.9063,7.6465,9.2316,28.346,5.5536,3.4007,14.213,2.7935,6.2353,9.9152,5.8994,8.402,3.0885,7.212,9.0581,5.0874,5.2604,7.2348,4.42,10.243,7.0779,6.981
0.95,7.0863,9.2864,4.2497,6.0202,5.8301,3.4141,2.5121,8.9261,9.4902,4.1251,8.0704,5.629,6.9915,16.884,13.32,9.8722,3.9975,10.004,4.7899,7.9306,9.8256,28.186,5.5121,3.4104,13.994,2.9941,6.4763,10.206,5.8883,8.8682,2.988,6.97,9.1291,5.3211,5.1365,7.3709,4.5212,10.496,7.1497,7.1795
0.96,7.1492,8.8851,4.202,6.0235,5.952,3.4562,2.4957,9.173,9.6259,4.179,8.7255,5.566,7.0249,17.127,13.369,10.187,4.0615,10.096,4.6953,8.1998,10.429,27.895,5.4616,3.4273,13.771,3.1927,6.6711,10.486,5.7909,9.2705,2.9206,6.6547,9.2687,5.5722,5.0099,7.4822,4.6271,10.76,7.2183,7.3258
0.97,7.2034,8.3952,4.1576,6.0163,6.0769,3.4967,2.4794,9.3686,9.7666,4.2342,9.333,5.4256,7.0748,17.351,13.393,10.477,4.12,10.114,4.6432,8.4558,11.031,27.466,5.4022,3.4428,13.545,3.3862,6.8168,10.766,5.6244,9.5982,2.8875,6.6802,9.4659,5.8092,4.9052,7.5704,4.7377,10.986,7.2861,7.4193
0.98,7.2488,7.9099,4.1176,6.0006,6.2025,3.5357,2.4631,9.5185,9.9147,4.2876,9.8823,5.4888,7.1136,17.558,13.393,10.755,4.1717,10.064,4.642,8.7023,11.621,26.892,5.3345,3.452,13.316,3.5783,6.9041,11.031,5.4169,9.8293,2.8796,6.7563,9.7023,6.0163,4.9467,7.6373,4.8528,11.173,7.3561,7.4612
0.99,7.2871,7.3968,4.0821,5.977,6.327,3.5731,2.4469,9.6343,10.074,4.3372,10.37,5.5209,7.1383,17.745,13.371,11.006,4.216,9.9561,4.686,8.9441,12.192,26.178,5.259,3.461,13.086,3.7611,6.92,11.281,5.22,9.9649,2.9907,6.8386,9.9663,6.1902,4.9884,7.6839,4.9725,11.322,8.0131,7.4511
1,7.672,6.9031,4.0502,5.9478,6.4489,3.6091,2.4305,9.7187,10.246,4.382,10.792,5.4946,7.1494,17.911,13.326,11.23,4.2527,9.8029,4.7588,9.1844,12.748,25.344,5.1762,3.4521,12.856,3.9383,6.8553,12.01,5.3291,9.9908,3.1324,6.918,10.242,6.3291,5.0194,7.7129,5.0978,11.43,8.7001,7.4014
1.01,8.1962,6.8148,4.0217,5.9124,6.5649,3.6433,2.4138,9.792,10.43,4.4218,11.146,5.4239,7.1475,18.093,13.258,11.424,4.2815,9.6231,4.8382,9.4256,13.303,24.426,5.0865,3.4234,12.628,4.1055,6.7481,12.704,5.3515,9.9045,3.2512,6.9836,10.521,6.4382,5.0323,7.7263,5.2291,11.496,9.3484,7.3285
1.02,8.6724,6.7904,3.9983,5.871,6.6752,3.6758,2.3971,9.8624,10.626,4.6326,11.425,5.479,7.1412,18.302,13.166,11.601,4.3028,9.4372,4.9054,9.6693,13.899,23.458,4.9907,3.3852,12.4,4.2658,6.9993,13.267,5.3142,9.7179,3.3236,7.0276,10.796,6.5163,5.0234,7.7257,5.3667,11.519,9.9396,7.2553
1.03,9.0957,6.761,3.9819,5.8225,6.7758,3.7065,2.4136,9.949,10.836,4.865,11.627,5.5451,7.1455,18.515,13.052,12.269,4.3166,9.2759,4.945,9.9153,14.582,22.484,4.889,3.3365,12.173,4.4148,7.2458,13.676,5.2443,9.427,3.3395,7.0425,11.063,6.5621,4.9927,7.716,5.5107,11.5,10.451,7.2012
1.04,9.4793,6.73,3.9729,5.7673,6.8674,3.7352,2.4846,10.056,11.057,5.0773,11.749,5.6099,7.1376,18.727,12.918,13.33,4.3234,9.1509,4.9508,10.16,15.369,21.546,4.782,3.2701,11.948,4.5574,7.489,13.899,5.214,9.0433,3.317,7.1266,11.319,6.5725,4.9432,7.6991,5.6602,11.438,10.866,7.1742
1.05,9.8019,6.6736,3.9716,5.7047,6.9472,3.762,2.5601,10.2,11.287,5.2684,11.788,5.6734,7.1181,18.935,12.832,14.408,4.3235,9.062,4.919,10.402,16.207,20.913,4.67,3.1879,11.726,4.6923,7.7342,13.926,5.5262,8.8626,3.2841,7.2553,11.564,6.5455,4.8803,7.678,5.8143,11.334,11.174,7.1682
1.06,10.049,6.6338,3.9797,5.635,7.0144,3.7867,2.639,10.373,11.522,5.4382,11.744,5.7343,7.0877,19.137,13.416,15.49,4.3175,9.0017,4.8489,10.635,16.989,22.281,4.5535,3.0983,11.507,4.8189,7.9768,13.767,5.956,9.1607,3.2625,7.3611,11.796,6.5395,4.8114,7.656,5.9716,11.191,11.375,7.1711
1.07,10.22,6.5742,3.9987,5.5588,7.0702,3.8092,2.7205,10.58,11.762,5.613,11.617,5.7956,7.0478,19.331,13.913,16.57,4.3057,9.1001,4.7403,10.858,17.598,23.781,4.4326,3.0027,11.289,4.9369,8.2189,13.459,6.4119,9.4562,3.2577,7.4364,12.018,6.6124,4.7429,7.6364,6.1316,11.009,11.463,7.1633
1.08,10.316,6.5102,4.0865,5.4759,7.113,3.8295,2.8036,10.804,12.003,5.7978,11.413,5.8547,7.0266,19.529,14.82,17.642,4.2885,9.2293,4.5936,11.068,17.973,25.205,4.3172,2.8952,11.078,5.0458,8.4639,13.086,6.8592,9.7509,3.2616,7.4772,12.227,6.6652,4.6832,7.6222,6.2933,10.788,11.442,7.1323
1.09,10.341,6.667,4.1931,5.3866,7.1438,3.923,2.8876,11.035,12.242,5.9676,11.133,5.9124,7.3888,19.721,15.718,18.694,4.2672,9.3558,4.4119,11.263,18.121,26.533,4.2931,2.7784,10.868,5.1489,8.7073,13.222,7.2801,10.054,3.2677,7.4848,12.424,6.7087,4.6388,7.6161,6.4559,10.535,11.312,7.0735
1.1,10.312,6.963,4.2968,5.2928,7.1645,4.135,2.9718,11.261,12.475,6.1216,10.788,5.97,7.7623,19.9,16.493,19.723,4.2416,9.4618,4.1998,11.445,18.118,27.741,4.2292,2.6557,10.665,5.2426,8.9491,13.356,7.6604,10.362,3.3534,7.4654,12.606,6.7543,4.6166,7.6206,6.6209,10.251,11.084,6.9906
1.11,10.242,7.2674,4.3971,5.1931,7.1775,4.3482,3.0557,11.457,12.7,6.2603,10.38,6.0258,8.1241,20.074,17.137,20.724,4.2122,9.5372,3.9556,11.615,18.039,28.807,4.3261,2.5312,10.464,5.327,9.1887,13.475,8.0001,10.68,3.4528,7.4259,12.778,6.8108,4.618,7.6389,6.7879,9.9377,10.761,6.8953
1.12,10.138,7.675,4.4945,5.0894,7.1847,4.5604,3.1385,11.792,12.916,6.3834,10.089,6.0809,8.4606,20.246,17.646,21.69,4.1794,9.5695,3.7672,11.778,17.931,29.704,4.4126,2.4099,10.271,5.403,9.4221,13.58,8.2978,10.995,3.5238,7.3715,13.037,6.8821,4.6423,7.6722,6.9556,9.5995,10.352,6.7991
1.13,10,8.1101,4.5902,4.9813,7.1894,4.771,3.2207,12.379,13.121,6.4909,10.216,6.1358,8.7669,20.401,18.022,22.684,4.144,9.5518,3.8071,11.936,17.785,30.415,4.4749,2.3437,10.082,5.4735,9.6489,13.672,8.554,11.3,3.5918,7.3538,13.275,6.966,4.6847,7.7212,7.1262,9.4498,9.8617,6.7145
1.14,9.8207,8.5048,4.6845,4.8689,7.1918,4.9794,3.3009,12.92,13.311,6.5848,10.341,6.1893,9.0711,20.553,18.265,23.804,4.1064,9.4927,3.8026,12.098,17.559,30.935,4.5134,2.3034,9.8993,5.5376,9.8687,13.761,8.7653,11.592,3.8082,7.378,13.488,7.0553,4.7383,7.7875,7.3089,9.3322,9.3,6.646
1.15,9.6077,8.8688,4.7777,4.753,7.1916,5.3242,3.3781,13.412,13.485,6.6657,10.465,6.2422,9.3478,20.7,18.38,24.876,4.0672,9.399,3.8334,12.266,17.218,31.276,4.5322,2.2396,9.7257,5.5952,10.083,13.836,8.9691,11.869,4.057,7.3963,13.675,7.1379,4.7911,7.8718,7.6445,9.1978,9.3612,6.5932
1.16,9.3601,9.2601,4.8679,4.7734,7.1893,5.6919,3.4534,13.85,13.642,6.7343,10.587,6.2953,9.6072,20.828,18.373,25.891,4.0271,9.3146,4.031,12.446,16.765,31.463,4.5341,2.1525,9.5595,5.6472,10.293,13.897,9.1862,12.139,4.3122,7.4149,13.839,7.2431,4.8333,8.0905,8.0822,9.0477,9.4437,6.5508
1.17,9.0832,9.9809,4.9523,5.0151,7.2079,6.0584,3.5245,14.232,13.781,6.7921,10.707,6.3472,9.8667,20.961,18.251,26.844,3.9864,9.2685,4.2033,12.64,16.262,31.535,4.5228,2.1048,9.4015,5.694,10.499,13.948,9.3405,12.399,4.5509,7.4393,13.978,7.4898,4.8554,8.3214,8.5255,8.88,9.4768,6.5084
1.18,8.7855,10.634,5.0714,5.2409,7.261,6.4208,3.592,14.554,13.898,6.8406,10.826,6.3983,10.121,21.079,18.022,27.733,3.9458,9.2297,4.3475,12.851,16.272,31.522,4.5024,2.1291,9.2526,5.7349,10.7,13.994,9.4399,12.651,4.7608,7.4743,14.089,7.7302,4.8498,8.5651,8.9714,8.6988,9.4626,6.4573
1.19,8.4802,11.237,5.2067,5.4513,7.3089,6.7766,3.6546,14.813,13.996,6.8812,10.942,6.4503,10.368,21.186,17.701,28.564,3.9058,9.2089,4.4618,13.079,16.224,31.449,4.4757,2.1757,9.1138,5.7717,10.897,14.253,9.4949,12.899,4.9379,7.5173,14.175,7.9674,4.8129,8.8215,9.4158,8.5021,9.4045,6.3908
1.2,8.1684,11.737,5.3324,5.6467,7.3516,7.123,3.7125,15.01,14.072,6.916,11.056,6.5013,10.609,21.292,17.305,29.322,3.8666,9.2158,4.5458,13.322,16.119,31.343,4.5269,2.2947,8.9859,5.8032,11.088,15.204,9.5179,13.145,5.0854,7.57,14.235,8.2002,4.7431,9.0887,9.8583,8.8553,9.3069,6.3952
1.21,7.8518,12.134,5.4401,5.8279,7.3885,7.4576,3.7647,15.149,14.124,6.9471,11.169,6.5515,10.84,21.377,16.935,30.003,3.8288,9.2473,4.5957,13.578,15.961,31.199,4.6096,2.4132,8.8699,5.8268,11.271,16.139,9.522,13.388,5.2127,7.6252,14.267,8.4293,4.6428,9.4133,10.295,9.4507,9.1737,6.4928
1.22,7.5402,12.415,5.5273,5.9954,7.4184,7.7787,3.8117,15.236,14.154,6.9755,11.279,6.6023,11.067,21.469,16.522,30.612,3.8563,9.3018,4.6104,13.84,15.753,31.02,4.6786,2.5262,8.766,5.8457,11.448,17.03,9.5199,13.627,5.3332,7.6816,14.275,8.6568,4.5172,9.8303,10.725,9.9971,9.1102,6.5643
1.23,7.2453,12.673,5.5909,6.1496,7.4403,8.0839,3.8522,15.293,14.162,7.0025,11.387,6.6529,11.288,21.54,16.054,31.159,3.8843,9.3698,4.5884,14.103,15.496,30.787,4.7351,2.6288,8.6746,5.8596,11.619,17.827,9.5231,13.861,5.4585,7.7338,14.261,8.8792,4.374,10.255,11.148,10.492,9.1181,6.6302
1.24,6.9831,12.927,5.6325,6.291,7.454,8.3754,3.8877,15.34,14.147,7.0298,11.493,6.7029,11.475,21.61,15.544,31.631,3.9119,9.4389,4.5322,14.364,15.193,30.492,4.781,2.7338,8.5966,5.865,11.787,18.507,9.5414,14.085,5.6415,7.779,14.233,9.0946,4.2245,10.684,11.562,10.934,9.1184,6.6839
1.25,6.7674,13.133,5.6513,6.4203,7.4596,8.653,3.9166,15.399,14.113,7.0592,11.597,6.7527,11.657,21.667,15.008,32.029,3.9403,9.4971,4.4468,14.615,14.846,30.121,4.8182,2.8937,8.5324,5.8696,11.946,19.052,9.591,14.298,5.8405,7.8179,14.393,9.3008,4.0799,11.116,11.966,11.323,9.1116,6.7134
1.26,6.6093,13.284,5.6499,6.5381,7.4575,8.9163,3.9405,15.489,14.059,7.0917,11.698,6.8033,11.804,21.715,14.458,32.367,3.9685,9.5328,4.3414,14.853,14.458,29.672,4.8486,3.0479,8.482,5.866,12.097,19.451,9.6694,14.502,6.0552,7.8482,14.765,9.497,3.9535,11.547,12.359,11.659,9.0992,6.7176
1.27,6.5323,13.385,5.6325,6.6452,7.4479,9.1622,3.9587,15.633,13.989,7.1275,11.797,6.8533,11.936,21.759,13.99,32.644,3.9971,9.536,4.2878,15.071,14.033,29.147,4.8737,3.1889,8.4455,5.8593,12.242,19.692,9.7837,14.698,6.288,7.8716,15.061,9.6793,3.8571,11.974,12.742,11.944,9.0808,6.7015
1.28,6.5007,13.423,5.6014,6.7419,7.4313,9.3893,3.9721,15.836,13.902,7.1674,11.893,6.9029,12.034,21.787,14.049,32.854,4.0268,9.4993,4.4787,15.269,13.572,28.68,4.8945,3.3099,8.423,5.8475,12.385,19.769,9.933,14.889,6.5401,7.8905,15.282,9.8462,3.8019,12.396,13.112,12.18,9.0565,6.672
1.29,6.5594,13.391,5.5554,6.8287,7.4072,9.5946,3.9811,16.114,13.801,7.2118,11.987,6.9534,12.117,21.817,14.104,33,4.0569,9.4186,4.6307,15.444,13.666,28.782,4.9123,3.4145,8.4261,5.831,12.519,19.683,10.111,15.072,6.8101,7.9036,15.425,9.9974,3.9978,12.809,13.472,12.369,9.0273,6.6325
1.3,6.6914,13.305,5.5123,6.9058,7.3756,9.7803,3.9861,16.455,13.685,7.2621,12.078,7.0038,12.161,21.826,14.154,33.095,4.0876,9.293,4.75,15.595,14.034,28.84,4.9271,3.4985,8.4704,5.9357,12.648,19.436,10.318,15.248,7.0924,7.9138,15.487,10.133,4.177,13.211,13.818,12.515,8.995,6.5833
1.31,6.8793,13.169,5.5329,6.9726,7.336,9.948,3.988,16.858,13.553,7.3173,12.167,7.0538,12.198,21.842,14.201,33.14,4.12,9.125,4.8439,15.725,14.336,28.857,4.9383,3.5506,8.5132,6.0418,12.771,19.037,10.54,15.416,7.3773,7.9179,15.48,10.26,4.3378,13.6,14.153,12.622,8.9592,6.5716
1.32,7.107,12.991,5.5468,7.0289,7.3541,10.097,3.9871,17.307,13.936,7.3777,12.255,7.1039,12.187,21.84,14.244,33.133,4.1531,8.9196,4.9126,15.832,14.534,28.84,4.9459,3.5771,8.5562,6.1294,12.893,18.497,10.77,15.577,7.6517,7.915,15.408,10.425,4.4826,13.974,14.476,12.694,8.9225,6.5738
1.33,7.3656,12.761,5.5537,7.0742,7.395,10.226,3.9911,17.789,14.381,7.4429,12.34,7.1549,12.18,21.838,14.282,33.078,4.1872,8.7795,4.9631,15.923,14.628,28.797,4.9492,3.6881,8.5973,6.1984,13.012,17.831,11,15.735,7.9058,7.9025,15.275,10.558,4.6091,14.331,14.79,12.736,8.8854,6.5592
1.34,7.6419,12.533,5.5529,7.1088,7.434,10.338,4.0068,18.283,14.791,7.5127,12.424,7.3597,12.122,21.825,14.318,32.981,4.2225,8.7231,5.0114,15.999,14.643,28.729,4.9469,3.7927,8.6364,6.2463,13.127,17.058,11.224,15.889,8.1328,7.8767,15.087,10.658,4.7174,14.666,15.095,12.75,8.848,6.525
1.35,7.9269,12.289,5.5452,7.133,7.4713,10.429,4.0038,18.783,15.171,7.5867,12.506,7.5393,12.069,21.805,14.349,32.855,4.2595,8.6318,5.0508,16.067,14.615,28.636,4.9396,3.8843,8.6734,6.2708,13.24,16.195,11.433,16.037,8.3346,7.8383,14.927,10.731,4.8063,14.979,15.391,12.745,9.1345,6.4707
1.36,8.2138,12.036,5.529,7.1476,7.5066,10.501,3.9875,19.265,15.518,7.6646,12.585,7.6883,11.974,21.782,14.375,32.698,4.2974,8.5111,5.0785,16.131,14.574,28.514,4.9256,3.9575,8.7227,6.2701,13.349,15.263,11.621,16.182,8.514,7.784,14.779,10.777,4.9949,15.268,15.678,12.72,9.5866,6.3973
1.37,8.5002,11.934,5.5057,7.1535,7.5398,10.553,4.002,19.717,15.837,7.7459,12.664,7.8065,11.874,21.744,14.398,32.51,4.3365,8.37,5.098,16.197,14.536,28.36,4.9048,4.0246,8.8131,6.4098,13.455,15.197,11.784,16.323,8.6697,7.7183,14.586,10.869,5.2524,15.53,15.955,12.683,9.9983,6.3079
1.38,8.7807,11.819,5.4735,7.151,7.571,10.583,4.0126,20.137,16.127,7.8296,12.741,7.8938,11.863,21.713,14.417,32.296,4.3768,8.2145,5.1124,16.27,14.497,28.171,4.8781,4.0791,8.9132,6.5799,13.56,15.35,11.917,16.461,8.7924,7.6414,14.357,10.98,5.5069,15.767,16.222,12.637,10.367,6.2102
1.39,9.0553,11.725,5.4334,7.1407,7.5998,10.594,4.0216,20.516,16.389,7.915,12.817,7.9496,11.943,21.666,14.43,32.06,4.4189,8.0515,5.1224,16.356,14.443,27.956,4.8467,4.1158,9.0221,6.7309,13.663,15.477,12.015,16.596,8.8813,7.5618,14.101,11.099,5.7525,15.975,16.478,12.656,10.7,6.1116
1.4,9.3251,11.624,5.3836,7.1237,7.6263,10.589,4.0609,20.847,16.627,8.0016,12.892,7.974,11.974,21.619,14.442,31.805,4.4619,7.8859,5.1293,16.459,14.606,27.724,4.8147,4.1434,9.1391,6.8623,13.766,15.579,12.082,16.729,9.0318,7.4831,13.824,11.229,5.9849,16.154,16.723,12.699,10.992,6.2776
1.41,9.5941,11.555,5.3248,7.1005,7.6504,10.573,4.1287,21.13,16.837,8.0889,12.967,7.9688,11.987,21.566,14.448,31.532,4.5059,7.7241,5.1386,16.584,14.998,27.949,4.7907,4.1631,9.2636,6.9685,13.868,15.66,12.111,16.86,9.1705,7.4125,13.533,11.369,6.2009,16.306,16.96,12.728,11.24,6.5212
1.42,9.8635,11.484,5.2562,7.0714,7.6722,10.546,4.1936,21.364,17.023,8.1765,13.04,7.9331,11.972,21.503,14.45,31.247,4.5509,7.5666,5.1511,16.732,15.311,28.358,4.8132,4.1665,9.3947,7.0538,13.973,15.724,12.102,16.991,9.2863,7.3564,13.235,11.518,6.399,16.43,17.189,12.75,11.447,6.7424
1.43,10.132,11.516,5.1773,7.0377,7.6913,10.507,4.2557,21.551,17.186,8.264,13.114,7.8681,11.926,21.445,14.449,30.95,4.5972,7.415,5.1589,16.906,15.536,28.709,5.0322,4.1612,9.5317,7.1165,14.078,15.773,12.055,17.123,9.3706,7.3204,12.94,11.675,6.5789,16.528,17.413,12.766,11.614,6.9451
1.44,10.399,11.56,5.088,6.9997,7.7075,10.452,4.3152,21.694,17.326,8.3511,13.187,7.9718,11.88,21.374,14.442,30.647,4.6444,7.2694,5.1572,17.106,15.673,29.032,5.2716,4.1501,9.6739,7.1573,14.181,15.806,11.975,17.259,9.4147,7.3066,12.653,11.841,6.7415,16.603,17.635,12.779,11.742,7.1319
1.45,10.663,11.62,5.0757,6.9584,7.7207,10.383,4.3724,21.801,17.444,8.4376,13.26,8.089,11.81,21.302,14.434,30.351,4.6923,7.1295,5.2179,17.332,15.728,29.347,5.5185,4.1307,9.8206,7.1706,14.28,15.824,11.864,17.395,9.4081,7.3156,12.378,12.012,6.8879,16.654,17.851,12.79,11.834,7.303
1.46,10.925,11.707,5.1726,6.9152,7.7307,10.302,4.429,21.871,17.541,8.523,13.332,8.2078,11.725,21.23,14.422,30.054,4.8535,6.9918,5.3872,17.582,15.718,29.676,5.737,4.1198,9.971,7.1563,14.541,15.829,11.727,17.53,9.3451,7.3461,12.12,12.187,7.0192,16.684,18.064,12.803,11.892,7.4565
1.47,11.183,11.802,5.2698,6.8703,7.7374,10.214,4.4839,21.906,17.619,8.6073,13.404,8.3284,11.643,21.295,14.407,29.759,5.0418,6.8539,5.536,17.852,15.665,30.031,5.9244,4.1087,10.125,7.1127,14.882,15.821,11.575,17.662,9.227,7.3943,11.883,12.364,7.1376,16.695,18.272,12.816,11.918,7.5894
1.48,11.438,11.902,5.3682,6.8251,7.7414,10.117,4.5385,21.914,17.676,8.6901,13.476,8.45,11.559,21.361,14.389,29.48,5.2017,6.7133,5.6642,18.141,15.607,30.415,6.0779,4.087,10.28,7.0397,15.221,15.804,11.413,17.919,9.0539,7.4555,11.669,12.542,7.2456,16.688,18.471,12.831,11.915,7.6971
1.49,11.687,12.025,5.4663,6.7804,7.742,10.006,4.5932,21.904,17.713,8.7711,13.547,8.5722,11.472,21.428,14.401,29.217,5.3298,6.568,5.7729,18.446,15.584,30.913,6.1949,4.0539,10.438,7.0049,15.561,15.78,11.249,18.325,8.8226,7.5237,11.598,12.721,7.3458,16.664,18.66,12.849,11.885,7.7737
1.5,11.929,12.148,5.5651,6.7372,7.7389,9.8824,4.6477,21.871,17.78,8.8507,13.619,8.6952,11.385,21.489,14.574,28.966,5.4241,6.4969,5.8623,18.761,15.635,31.748,6.31,4.115,10.597,7.0696,15.898,15.75,11.097,18.739,8.5333,7.5938,11.561,12.899,7.4412,16.625,18.837,12.867,11.833,7.8142
1.51,12.161,12.282,5.6634,6.6965,7.7322,9.7451,4.7036,21.833,18.385,8.9283,13.691,8.8185,11.3,21.544,14.697,28.746,5.4835,6.6953,5.9322,19.084,15.791,32.611,6.4557,4.2022,10.757,7.1144,16.231,15.721,10.966,19.155,8.2384,7.6614,11.541,13.079,7.5343,16.574,19.003,12.888,11.761,7.8138
1.52,12.381,12.419,5.7614,6.6598,7.7222,9.608,4.7596,21.784,18.959,9.0032,13.763,8.9419,11.215,21.606,14.766,28.544,5.5068,6.9058,5.9838,19.411,16.058,33.479,6.5917,4.2733,10.918,7.1417,16.56,15.7,10.866,19.58,7.9536,7.7206,11.539,13.261,7.6277,16.515,19.156,12.909,11.672,7.77
1.53,12.585,12.571,5.8589,6.6276,7.7089,9.5348,4.8178,21.74,19.499,9.075,13.835,9.066,11.138,21.663,14.787,28.373,5.4955,7.128,6.0191,19.737,16.418,34.34,6.7175,4.3396,11.079,7.1499,16.887,15.707,10.81,20.018,7.627,7.7693,11.553,13.45,7.7234,16.448,19.297,12.93,11.57,7.6828
1.54,12.769,12.728,5.955,6.6015,7.6918,9.5466,4.8761,21.696,20.004,9.1447,13.908,9.19,11.062,21.714,14.759,28.228,5.4498,7.3574,6.0407,20.061,16.834,35.167,6.8334,4.389,11.239,7.1419,17.216,15.727,10.806,20.466,7.294,7.8059,11.583,13.649,7.8232,16.372,19.425,12.949,11.468,7.5599
1.55,12.932,12.884,6.0508,6.5826,7.6707,9.5939,4.9369,21.669,20.472,9.2113,13.981,9.3155,10.981,21.765,14.687,28.116,5.372,7.5931,6.0514,20.379,17.252,35.954,6.9402,4.4233,11.398,7.1184,17.543,15.753,10.864,20.92,7.2099,7.8283,11.63,13.861,7.9284,16.285,19.543,12.965,11.358,7.5509
1.56,13.075,13.051,6.1447,6.5719,7.6461,9.6367,4.9981,21.657,20.902,9.2752,14.054,9.4423,10.897,21.818,14.575,28.031,5.2646,7.8302,6.0538,20.69,17.62,36.681,7.0386,4.4563,11.557,7.0795,17.873,15.778,10.99,21.372,7.0959,7.8388,11.694,14.086,8.04,16.182,19.653,12.979,11.244,7.6939
1.57,13.196,13.206,6.2365,6.5707,7.6182,9.6749,5.061,21.662,21.292,9.3373,14.127,9.5721,10.821,21.865,14.423,27.984,5.295,8.0664,6.0517,20.991,17.891,37.352,7.1294,4.4762,11.714,7.0267,18.202,15.983,11.189,21.823,6.9579,7.8355,11.772,14.388,8.1589,16.065,19.758,12.988,11.13,7.8263
1.58,13.296,13.363,6.3272,6.5803,7.5865,9.7087,5.1249,21.7,21.641,9.3993,14.201,9.708,10.734,21.906,14.235,27.962,5.3456,8.2995,6.0497,21.282,18.034,37.961,7.2133,4.4848,11.87,6.9618,18.527,16.849,11.462,22.268,6.8002,7.8225,11.864,14.687,8.2846,15.932,19.858,12.993,11.017,7.9471
1.59,13.374,13.514,6.4153,6.6011,7.5511,9.7384,5.1892,21.824,21.948,9.4635,14.275,9.8535,10.654,21.952,14.125,27.981,5.3959,8.5259,6.0525,21.562,18.035,38.518,7.2907,4.484,12.023,6.8888,18.849,17.665,11.804,22.704,6.6253,7.7981,11.967,14.982,8.4179,15.784,19.953,12.994,10.911,8.055
1.6,13.428,13.652,6.5007,6.6345,7.5126,9.7643,5.2549,22.072,22.211,9.5336,14.349,10.005,10.569,21.995,14.096,28.027,5.4466,8.7434,6.0659,21.83,17.899,39.027,7.3623,4.4758,12.175,6.8126,19.169,18.421,12.214,23.13,6.4366,7.887,12.08,15.275,8.5573,15.625,20.043,12.989,10.814,8.1493
1.61,13.46,13.785,6.584,6.6808,7.4714,9.7869,5.3211,22.343,22.432,9.612,14.422,10.157,10.486,22.032,14.067,28.103,5.4975,8.9508,6.095,22.086,17.645,39.502,7.4284,4.4622,12.325,6.7331,19.486,19.106,12.684,23.545,6.4994,8.0165,12.199,15.565,8.7027,15.456,20.125,12.979,10.727,8.2263
1.62,13.471,13.92,6.6646,6.7412,7.4269,9.8077,5.3878,22.643,22.61,9.6933,14.496,10.311,10.407,22.066,14.038,28.214,5.5483,9.1453,6.1452,22.332,17.302,39.951,7.4891,4.4524,12.471,6.6553,19.8,19.726,13.207,23.949,6.5691,8.1322,12.325,15.853,8.8542,15.28,20.196,12.964,10.654,8.2836
1.63,13.469,14.045,6.742,6.8154,7.38,9.8311,5.4551,22.967,22.745,9.773,14.57,10.463,10.325,22.105,14.01,28.632,5.5991,9.3284,6.2201,22.566,16.903,40.384,7.545,4.4417,12.616,6.5806,20.11,20.265,13.774,24.341,6.6307,8.3521,12.455,16.141,9.0102,15.198,20.257,12.944,10.595,8.3207
1.64,13.45,14.162,6.8164,6.9039,7.3309,9.8607,5.5248,23.328,22.84,9.8498,14.643,10.616,10.253,22.138,13.985,29.323,5.6502,9.5444,6.3225,22.79,16.568,40.81,7.5963,4.4302,12.757,6.5124,20.415,20.722,14.376,24.723,6.6823,8.5687,12.588,16.433,9.1685,15.105,20.31,12.924,10.552,8.3388
1.65,13.412,14.273,6.8877,7.007,7.2798,9.8926,5.6108,23.712,22.894,9.9216,14.716,10.768,10.177,22.165,13.965,30.012,5.702,9.9319,6.4529,23.005,16.964,41.228,7.6429,4.4196,12.895,6.4781,20.715,21.099,15.01,25.094,6.7239,8.7559,12.722,16.729,9.3276,15.003,20.352,12.905,10.527,8.3828
1.66,13.358,14.385,6.956,7.1241,7.2637,9.9255,5.7144,24.133,22.912,9.9874,14.789,10.92,10.105,22.192,13.95,30.693,5.7542,10.324,6.611,23.212,17.328,41.639,7.6851,4.4113,13.032,6.4681,21.008,21.4,15.658,25.452,6.7549,8.9147,12.857,17.026,9.4857,14.892,20.383,12.891,10.52,8.5467
1.67,13.289,14.507,7.0213,7.2547,7.2996,9.9588,5.821,24.575,22.891,10.047,14.862,11.073,10.037,22.221,13.939,31.365,5.8066,10.715,6.7939,23.412,17.661,42.045,7.7233,4.4065,13.246,6.459,21.296,21.623,16.323,25.8,6.7773,9.0476,12.993,17.326,9.6414,14.775,20.406,12.877,10.532,8.699
1.68,13.204,14.629,7.0839,7.399,7.3325,9.9913,5.9289,25.049,22.833,10.1,14.935,11.227,9.9637,22.245,13.93,32.026,5.8596,11.099,6.9981,23.607,17.96,42.438,7.758,4.4062,13.578,6.449,21.578,21.772,16.99,26.138,6.7919,9.1581,13.129,17.625,9.794,14.653,20.419,12.862,10.563,8.8405
1.69,13.109,14.755,7.1437,7.5555,7.3633,10.022,6.0512,25.535,22.74,10.146,15.007,11.383,9.9013,22.263,13.925,32.676,5.9463,11.475,7.2189,23.796,18.224,42.811,7.7897,4.4112,13.89,6.4371,21.853,21.852,17.654,26.465,6.8019,9.2539,13.479,17.92,9.9433,14.528,20.424,12.842,10.612,8.9739
1.7,13.004,14.887,7.2012,7.7244,7.3916,10.05,6.191,26.048,22.606,10.189,15.081,11.543,9.8405,22.282,13.922,33.321,6.0446,11.838,7.451,23.981,18.453,43.157,7.8187,4.4223,14.18,6.4441,22.122,21.869,18.309,26.781,6.8106,9.3399,13.87,18.209,10.09,14.401,20.421,12.815,10.68,9.1019
1.71,12.891,15.027,7.257,7.9043,7.4169,10.074,6.3335,26.563,22.434,10.412,15.154,11.705,9.7778,22.301,13.923,33.948,6.1357,12.186,7.6892,24.163,18.647,43.465,7.8458,4.4396,14.447,6.5121,22.383,21.849,18.953,27.087,6.8223,9.4231,14.273,18.491,10.235,14.274,20.413,12.78,10.764,9.2261
1.72,12.767,15.177,7.312,8.0946,7.4406,10.093,6.4774,27.088,22.231,10.621,15.228,11.868,9.7178,22.315,13.927,34.662,6.2206,12.517,7.9283,24.342,18.807,43.728,7.8705,4.4636,14.692,6.5928,22.637,21.809,19.578,27.387,6.8407,9.5138,14.682,18.765,10.378,14.147,20.404,12.735,10.864,9.3461
1.73,12.632,15.34,7.368,8.2946,7.4616,10.107,6.6233,27.61,22.019,10.813,15.304,12.032,9.6703,22.324,13.937,35.37,6.3013,12.828,8.1638,24.521,18.936,43.937,7.8941,4.4941,14.915,6.691,22.887,21.744,20.18,27.676,6.8701,9.605,15.094,19.03,10.517,14.021,20.397,12.68,10.979,9.4615
1.74,12.482,15.515,7.4276,8.5036,7.4802,10.117,6.7703,28.119,21.816,10.987,15.38,12.195,9.6231,22.334,13.955,36.068,6.3799,13.118,8.3915,24.698,19.035,44.089,7.9167,4.5311,15.114,6.8386,23.128,21.647,20.753,27.955,6.9148,9.6864,15.502,19.285,10.654,13.898,20.395,12.614,11.108,9.5709
1.75,12.321,15.705,7.4946,8.7208,7.4969,10.123,6.9186,28.624,21.643,11.142,15.458,12.356,9.5772,22.345,13.989,36.756,6.4591,13.386,8.6076,24.874,19.109,44.179,7.9381,4.5742,15.291,7.012,23.359,21.515,21.296,28.224,6.9788,9.7576,15.902,19.527,10.805,13.78,20.392,12.536,11.249,9.6745
1.76,12.145,15.909,7.5733,8.9454,7.5108,10.126,7.0674,29.104,21.508,11.276,15.538,12.517,9.533,22.35,14.043,37.43,6.5417,13.63,8.8084,25.051,19.16,44.207,7.9583,4.623,15.444,7.2085,23.581,21.35,21.805,28.484,7.0661,9.8223,16.288,19.756,10.98,13.666,20.386,12.447,11.4,9.7714
1.77,11.958,16.138,7.66,9.1767,7.5236,10.128,7.217,29.557,21.383,11.386,15.62,12.677,9.501,22.35,14.216,38.089,6.6312,13.85,8.9905,25.229,19.194,44.173,7.9777,4.677,15.573,7.4256,23.801,21.162,22.327,28.738,7.1787,9.8826,16.656,19.971,11.155,13.558,20.371,12.346,11.574,9.862
1.78,11.759,16.381,7.7465,9.4138,7.5334,10.13,7.367,29.985,21.26,11.473,15.706,12.835,9.4739,22.352,14.621,38.731,6.7313,14.221,9.1517,25.407,19.215,44.585,7.9963,4.7389,15.677,7.6604,24.012,20.96,22.909,28.986,7.3178,9.941,17.004,20.171,11.327,13.455,20.349,12.444,11.778,9.9457
1.79,11.555,16.636,7.8314,9.6567,7.542,10.131,7.517,30.384,21.145,11.539,15.796,12.992,9.4494,22.353,15.059,39.354,6.843,14.85,9.2912,25.585,19.23,45.049,8.0144,4.8065,15.757,7.9107,24.354,20.767,23.459,29.228,7.4835,9.9988,17.326,20.356,11.497,13.36,20.317,12.537,11.992,10.023
1.8,11.347,16.902,7.9138,9.904,7.5481,10.13,7.6669,30.747,21.194,11.586,15.892,13.148,9.4276,22.35,15.511,39.955,6.9645,15.449,9.4069,25.765,19.245,45.473,8.0315,4.8776,15.812,8.1739,24.892,20.588,23.976,29.466,7.6735,10.058,17.623,20.525,11.67,13.271,20.279,12.622,12.215,10.094
1.81,11.128,17.177,7.9948,10.156,7.5529,10.128,7.8168,31.073,21.437,11.616,15.994,13.302,9.4087,22.342,15.974,40.531,7.0929,16.013,9.4937,25.946,20.013,45.861,8.0476,4.9513,15.846,8.4473,25.434,20.387,24.459,29.72,7.885,10.119,17.891,20.803,11.859,13.19,20.232,12.702,12.444,10.158
1.82,10.898,17.459,8.0734,10.412,7.5554,10.121,7.9664,31.36,21.676,11.632,16.103,13.456,9.3976,22.336,16.449,41.082,7.227,16.541,9.5457,26.127,21.017,46.211,8.0615,5.0269,15.856,8.7286,25.975,20.176,24.907,30.525,8.114,10.182,18.134,21.088,12.046,13.114,20.177,12.774,12.68,10.217
1.83,10.657,17.745,8.1503,10.671,7.5568,10.111,8.1155,31.608,21.91,11.63,16.219,13.609,9.3949,22.329,16.935,41.605,7.3662,17.028,9.5846,26.31,21.991,46.525,8.0731,5.1033,15.842,9.0174,26.519,20.209,25.321,31.339,8.3555,10.246,18.353,21.369,12.228,13.045,20.115,12.841,12.92,10.27
1.84,10.405,18.032,8.2254,10.933,7.5557,10.12,8.2638,31.815,22.141,11.613,16.338,13.761,9.395,22.318,17.43,42.105,7.5403,17.473,9.6362,26.492,22.928,46.806,8.0824,5.1798,15.806,9.3103,27.062,20.181,25.702,32.148,8.6043,10.311,18.718,21.643,12.405,12.981,20.047,12.9,13.163,10.317
1.85,10.145,18.318,8.2983,11.197,7.554,10.197,8.4114,31.983,22.367,11.581,16.462,13.912,9.3978,22.303,17.93,42.576,7.8728,17.874,9.6731,26.673,23.823,47.056,8.0903,5.2553,15.746,9.6059,27.6,20.101,26.05,32.953,8.8541,10.374,19.063,21.911,12.576,12.922,19.971,12.954,13.408,10.36
1.86,9.8799,18.599,8.3694,11.464,7.5498,10.274,8.5579,32.11,22.588,11.538,16.589,14.064,9.4033,22.291,18.43,43.015,8.1987,18.23,9.7079,26.855,24.668,47.272,8.0969,5.3288,15.664,9.9026,28.132,19.972,26.364,33.747,9.1008,10.437,19.386,22.171,12.742,12.867,19.889,13.001,13.656,10.396
1.87,9.6106,18.875,8.438,11.733,7.545,10.349,8.7033,32.199,22.803,11.484,16.718,14.216,9.4113,22.277,18.931,43.421,8.5174,18.54,9.7371,27.034,25.458,47.454,8.1033,5.3995,15.561,10.199,28.655,19.786,26.645,34.527,9.3393,10.497,19.684,22.425,12.904,12.816,19.801,13.041,13.903,10.427
1.88,9.3489,19.161,8.5048,12.003,7.5382,10.422,8.8474,32.251,23.012,11.42,16.85,14.37,9.4251,22.258,19.429,43.792,8.829,18.805,9.7329,27.212,26.191,47.607,8.1099,5.4664,15.437,10.493,29.167,19.558,26.894,35.293,9.5685,10.557,19.956,22.672,13.062,12.767,19.709,13.076,14.149,10.45
1.89,9.1081,19.436,8.5702,12.274,7.5301,10.494,8.9901,32.268,23.217,11.342,16.985,14.527,9.4465,22.237,19.927,44.125,9.1329,19.026,9.6897,27.389,26.863,47.727,8.1179,5.5375,15.333,10.785,29.669,19.284,27.112,36.047,9.7869,10.614,20.202,22.912,13.215,12.719,19.613,13.105,14.395,10.468
1.9,8.8702,19.697,8.6344,12.546,7.521,10.564,9.1313,32.254,23.417,11.251,17.122,14.687,9.49,22.219,20.421,44.429,9.4292,19.203,9.6092,27.564,27.473,47.812,8.1279,5.6048,15.442,11.071,30.159,18.962,27.299,36.89,9.9874,10.67,20.423,23.146,13.365,12.671,19.512,13.127,14.639,10.48
1.91,8.7022,19.942,8.6971,12.818,7.5099,10.632,9.271,32.211,23.611,11.219,17.26,14.851,9.5373,22.197,20.913,44.693,9.7181,19.337,9.494,27.735,28.02,47.864,8.1408,5.666,15.544,11.353,30.807,18.61,27.458,37.922,10.165,10.726,20.622,23.373,13.513,12.623,19.409,13.144,14.88,10.488
1.92,8.6486,20.168,8.7583,13.091,7.4985,10.699,9.4089,32.142,23.8,11.274,17.4,15.017,9.5892,22.172,21.402,44.917,9.9999,19.428,9.3467,27.904,28.506,47.884,8.1574,5.7202,15.639,11.627,31.578,18.215,27.591,38.934,10.321,10.782,20.967,23.592,13.66,12.574,19.302,13.155,15.119,10.492
1.93,8.5832,20.375,8.8177,13.363,7.4854,10.764,9.5451,32.051,23.984,11.325,17.542,15.184,9.643,22.148,21.888,45.1,10.275,19.481,9.1696,28.07,28.932,47.869,8.1788,5.7665,15.728,11.894,32.341,17.788,27.7,39.924,10.453,10.839,21.484,23.805,13.808,12.523,19.192,13.16,15.354,10.494
1.94,8.5066,20.561,8.8749,13.634,7.471,10.827,9.6794,31.94,24.164,11.373,17.684,15.353,9.6914,22.123,22.371,45.244,10.545,19.497,8.9648,28.233,29.302,47.818,8.2061,5.8041,15.812,12.153,33.09,17.331,27.783,40.893,10.568,10.899,21.992,24.01,13.956,12.469,19.078,13.159,15.586,10.491
1.95,8.4213,20.738,8.9303,13.905,7.4561,10.887,9.8118,31.813,24.338,11.417,17.826,15.523,9.7399,22.094,22.85,45.351,10.808,19.478,8.7362,28.394,29.616,47.737,8.2397,5.9093,15.893,12.404,33.825,16.843,27.843,41.842,10.663,10.962,22.488,24.209,14.103,12.41,18.961,13.152,15.814,10.483
1.96,8.3287,20.908,8.9837,14.175,7.6435,10.946,9.9424,31.673,24.507,11.459,17.969,15.694,9.7937,22.063,23.325,45.424,11.065,19.427,8.4873,28.551,29.877,47.622,8.2803,6.0206,15.972,12.646,34.545,16.333,27.879,42.77,10.731,11.029,22.971,24.399,14.247,12.346,18.84,13.14,16.038,10.471
1.97,8.2286,21.056,9.0348,14.443,7.8323,11.002,10.071,31.523,24.671,11.499,18.111,15.865,9.8416,22.035,23.797,45.456,11.316,19.35,8.5355,28.706,30.086,47.474,8.329,6.1271,16.054,12.879,35.256,15.799,27.892,43.683,10.773,11.101,23.445,24.583,14.386,12.276,18.717,13.122,16.258,10.453
1.98,8.1208,21.181,9.0835,14.709,8.0172,11.056,10.198,31.366,24.828,11.536,18.253,16.038,9.9203,22.004,24.265,45.447,11.56,19.248,8.7179,28.859,30.246,47.297,8.386,6.2808,16.141,13.102,35.951,15.436,27.883,44.576,10.789,11.177,23.908,24.759,14.519,12.199,18.592,13.098,16.473,10.431
1.99,8.008,21.285,9.1307,14.974,8.1984,11.108,10.324,31.206,24.982,11.572,18.394,16.211,10.028,21.969,24.727,45.397,11.796,19.125,8.8797,29.009,30.359,47.091,8.4517,6.4375,16.237,13.313,36.63,15.375,27.852,45.45,10.775,11.259,24.361,24.928,14.644,12.116,18.464,13.069,16.683,10.405
2,7.8893,21.366,9.3736,15.236,8.3763,11.157,10.448,31.044,25.13,11.605,18.65,16.386,10.137,21.934,25.184,45.312,12.024,18.984,9.0204,29.158,30.43,46.858,8.5264,6.5976,16.342,13.511,37.295,15.312,27.802,46.307,10.734,11.346,24.805,25.087,14.761,12.025,18.334,13.035,16.888,10.376
2.01,7.7679,21.436,9.6516,15.497,8.5513,11.203,10.571,30.887,25.273,11.636,18.903,16.56,10.238,21.9,25.636,45.194,12.243,18.828,9.1396,29.305,30.462,46.599,8.6102,6.7551,16.452,13.696,37.944,15.242,27.735,47.147,10.67,11.438,25.24,25.239,14.87,11.961,18.204,12.995,17.089,10.344
2.02,7.6432,21.505,9.9257,15.754,8.7236,11.247,10.693,30.737,25.411,11.664,19.154,16.736,10.344,21.862,26.081,45.038,12.453,18.663,9.2376,29.451,30.456,46.317,8.7031,6.9082,16.567,13.868,38.577,15.172,27.648,47.977,10.586,11.535,25.669,25.382,14.971,11.965,18.072,12.95,17.284,10.31
2.03,7.5186,21.553,10.196,16.009,8.8933,11.288,10.817,30.595,25.544,11.689,19.404,16.912,10.438,21.822,26.52,44.846,12.653,18.489,9.3146,29.595,30.418,46.01,8.8048,7.0569,16.684,14.024,39.196,15.094,27.543,48.794,10.486,11.644,26.089,25.517,15.063,11.964,17.939,12.901,17.475,10.273
2.04,7.3945,21.584,10.462,16.262,9.0602,11.327,10.945,30.464,25.671,11.711,19.652,17.088,10.538,21.784,26.951,44.621,12.843,18.308,9.3704,29.752,30.352,45.683,8.9151,7.2091,16.805,14.165,39.804,15.013,27.42,49.596,10.374,11.76,26.501,25.644,15.149,11.957,17.805,12.847,17.66,10.236
2.05,7.272,21.601,10.724,16.511,9.2241,11.364,11.089,30.346,25.794,11.729,19.898,17.265,10.625,21.744,27.375,44.368,13.024,18.123,9.4043,30.259,30.259,45.335,9.0334,7.3591,16.929,14.291,40.397,14.928,27.283,50.382,10.254,11.88,26.907,25.762,15.227,11.943,17.672,12.788,17.84,10.197
2.06,7.1527,21.625,10.982,16.758,9.3849,11.398,11.238,30.246,25.913,11.744,20.143,17.44,10.718,21.701,27.791,44.081,13.196,17.944,9.4169,30.757,30.146,44.966,9.1595,7.5156,17.058,14.4,40.977,14.835,27.136,51.153,10.126,12.003,27.305,25.872,15.299,11.922,17.539,12.726,18.015,10.158
2.07,7.039,21.634,11.236,17.002,9.5424,11.43,11.389,30.166,26.025,11.755,20.387,17.615,10.798,21.656,28.198,43.76,13.36,17.767,9.4072,31.246,30.012,44.579,9.2922,7.6707,17.188,14.493,41.544,14.74,26.973,51.912,10.171,12.13,27.696,25.973,15.366,11.894,17.407,12.659,18.185,10.118
2.08,6.931,21.644,11.485,17.242,9.6967,11.459,11.541,30.105,26.133,11.763,20.63,17.789,10.881,21.614,28.597,43.405,13.515,17.594,9.3753,31.724,29.862,44.17,9.4313,7.8282,17.321,14.569,42.098,14.642,26.799,52.653,10.223,12.261,28.08,26.067,15.433,11.857,17.276,12.589,18.349,10.077
2.09,7.0023,21.652,11.73,17.479,9.8484,11.486,11.692,30.063,26.235,11.768,20.875,17.961,10.955,21.569,28.987,43.396,13.663,17.422,9.323,32.193,29.698,43.744,9.5758,7.9827,17.453,14.629,42.639,14.535,26.622,53.376,10.252,12.399,28.456,26.152,15.503,11.811,17.147,12.515,18.508,10.036
2.1,7.1125,21.658,11.97,17.712,9.9974,11.512,11.843,30.044,26.332,11.768,21.12,18.132,11.028,21.52,29.368,43.383,13.802,17.252,9.2496,32.65,29.522,43.294,9.7245,8.1368,17.584,14.673,43.168,14.425,26.433,54.082,10.258,12.543,28.825,26.292,15.576,11.756,17.02,12.438,18.662,9.994
2.11,7.218,21.667,12.207,17.942,10.144,11.536,11.994,30.049,26.425,11.765,21.366,18.302,11.095,21.472,29.74,43.345,13.934,17.081,9.1562,33.098,29.338,42.825,9.8771,8.2895,17.714,14.7,43.685,14.314,26.238,54.771,10.244,12.694,29.188,26.436,15.645,11.869,16.894,12.358,18.811,9.9514
2.12,7.3186,21.666,12.438,18.168,10.289,11.557,12.143,30.075,26.512,11.759,21.615,18.47,11.157,21.425,30.103,43.282,14.059,16.911,9.0442,33.535,29.145,42.331,10.032,8.4427,17.842,14.713,44.19,14.195,26.041,55.444,10.21,12.854,29.543,26.573,15.718,12.04,16.771,12.275,18.954,9.9079
2.13,7.4147,21.665,12.664,18.391,10.432,11.576,12.29,30.122,26.594,11.748,21.869,18.636,11.215,21.375,30.457,43.194,14.175,16.74,9.1553,33.961,28.945,41.814,10.189,8.6886,17.967,14.71,44.681,14.071,25.834,56.102,10.162,13.025,29.892,26.704,15.801,12.209,16.651,12.189,19.091,9.8636
2.14,7.5071,21.669,12.886,18.609,10.574,11.594,12.436,30.192,26.67,11.735,22.125,18.801,11.265,21.323,30.802,43.082,14.283,16.571,9.3655,34.376,28.741,41.27,10.347,8.9289,18.089,14.692,45.159,13.945,25.632,56.753,10.1,13.207,30.233,26.829,15.892,12.376,16.532,12.1,19.223,9.819
2.15,7.5945,21.666,13.103,18.823,10.713,11.61,12.58,30.284,26.742,11.717,22.383,18.963,11.312,21.272,31.137,42.944,14.381,16.403,9.8286,34.78,28.532,40.701,10.505,9.1622,18.209,14.661,45.625,13.817,25.423,57.393,10.028,13.475,30.568,26.95,15.981,12.538,16.418,12.009,19.35,9.7746
2.16,7.6768,21.656,13.315,19.033,10.851,11.624,12.722,30.393,26.809,11.696,22.641,19.124,11.35,21.22,31.463,42.782,14.468,16.387,10.286,35.173,28.32,40.103,10.662,9.3942,18.325,14.615,46.079,13.682,25.218,58.019,9.9485,13.759,30.896,27.066,16.064,12.698,16.306,11.917,19.471,9.7332
2.17,7.754,21.643,13.521,19.239,10.988,11.636,12.862,30.517,26.87,11.672,22.899,19.283,11.382,21.166,31.78,42.596,14.545,16.412,10.736,35.555,28.104,39.476,10.817,9.6141,18.439,14.556,46.643,13.542,25.012,58.63,9.8635,14.04,31.219,27.176,16.141,12.853,16.198,11.822,19.587,9.6953
2.18,7.8263,21.644,13.723,19.44,11.122,11.647,13,30.659,26.927,11.644,23.154,19.441,11.408,21.109,32.088,42.385,14.612,16.439,11.178,35.926,27.887,38.822,10.969,9.8266,18.55,14.484,47.232,13.402,24.809,59.226,9.776,14.314,31.535,27.282,16.225,13.002,16.093,11.725,19.698,9.66
2.19,7.8955,21.64,13.919,19.637,11.255,11.657,13.136,30.816,26.977,11.613,23.407,19.596,11.424,21.056,32.386,42.155,14.669,16.469,11.609,36.288,27.665,38.138,11.119,10.036,18.659,14.4,47.797,13.258,24.61,59.805,9.7822,14.577,31.846,27.384,16.318,13.147,15.992,11.627,19.802,9.6265
2.2,7.9601,21.632,14.11,19.829,11.385,11.664,13.27,30.981,27.023,11.578,23.657,19.75,11.437,21,32.676,41.903,14.716,16.501,12.029,36.642,27.44,37.427,11.264,10.231,18.766,14.305,48.337,13.109,24.414,60.368,9.8285,14.819,32.148,27.482,16.411,13.285,15.894,11.527,19.901,9.5933
2.21,8.02,21.621,14.295,20.016,11.513,11.671,13.402,31.155,27.064,11.541,23.902,19.901,11.436,20.942,32.958,41.625,14.753,16.536,12.437,36.987,27.211,36.69,11.405,10.418,18.87,14.198,48.863,12.962,24.224,60.914,9.8757,15.034,32.444,27.576,16.492,13.417,15.802,11.425,19.994,9.5596
2.22,8.0756,21.608,14.473,20.199,11.638,11.675,13.531,31.336,27.099,11.5,24.141,20.05,11.474,20.883,33.231,41.324,14.782,16.573,12.829,37.323,26.978,35.93,11.54,10.6,18.972,14.08,49.37,12.893,24.037,61.441,9.9147,15.293,32.732,27.667,16.56,13.584,15.713,11.323,20.082,9.5239
2.23,8.1275,21.598,14.645,20.377,11.76,11.678,13.658,31.522,27.128,11.456,24.378,20.197,11.546,20.826,33.496,40.998,14.804,16.612,13.205,37.649,26.739,35.554,11.67,10.767,19.071,13.951,49.854,12.823,23.857,61.951,10.02,15.635,33.013,27.753,16.61,13.803,15.629,11.219,20.164,9.4859
2.24,8.1766,21.598,14.81,20.551,11.879,11.68,13.782,31.709,27.151,11.409,24.608,20.342,11.615,20.766,33.753,40.659,14.818,16.655,13.566,37.966,26.495,35.184,11.794,10.93,19.167,13.811,50.315,12.752,23.683,62.49,10.131,15.994,33.285,27.837,16.645,14.01,15.55,11.115,20.24,9.4448
2.25,8.2218,21.596,14.968,20.719,11.995,11.68,13.905,31.893,27.17,11.358,24.833,20.485,11.683,20.705,34.001,40.296,14.825,16.698,13.939,38.272,26.243,34.784,11.912,11.083,19.258,13.661,50.759,12.679,23.515,63.128,10.243,16.368,33.549,27.917,16.663,14.202,15.475,11.009,20.31,9.4004
2.26,8.2634,21.593,15.119,20.883,12.108,11.678,14.025,32.074,27.183,11.306,25.051,20.626,11.748,20.644,34.24,39.908,14.825,16.746,14.311,38.567,25.984,34.354,12.023,11.22,19.346,13.503,51.18,12.608,23.354,63.737,10.36,16.755,33.804,27.993,16.668,14.379,15.405,10.902,20.375,9.3527
2.27,8.3022,21.588,15.264,21.042,12.218,11.675,14.143,32.252,27.19,11.251,25.265,20.962,11.811,20.584,34.472,39.509,14.817,16.794,14.674,38.851,25.718,33.901,12.127,11.357,19.429,13.336,51.575,12.536,23.199,64.321,10.479,17.154,34.049,28.066,16.66,14.56,15.34,10.794,20.435,9.3018
2.28,8.339,21.583,15.401,21.196,12.326,11.67,14.258,32.421,27.191,11.192,25.473,21.443,11.872,20.521,34.697,39.088,14.801,16.845,15.029,39.124,25.442,33.423,12.223,11.479,19.506,13.162,51.947,12.462,23.051,64.885,10.625,17.563,34.285,28.136,16.639,14.964,15.28,10.685,20.488,9.2476
2.29,8.3728,21.578,15.531,21.345,12.43,11.663,14.371,32.577,27.188,11.132,25.675,21.914,11.93,20.458,34.914,38.644,14.775,16.898,15.381,39.385,25.157,32.923,12.313,11.585,19.578,12.981,52.294,12.388,22.91,65.422,10.856,17.98,34.51,28.203,16.604,15.349,15.225,10.576,20.535,9.1908
2.3,8.4041,21.572,15.654,21.49,12.534,11.656,14.481,32.843,27.179,11.068,25.87,22.375,11.987,20.396,35.123,38.194,14.74,16.953,15.733,39.634,24.861,32.407,12.395,11.689,19.644,12.794,52.621,12.314,22.777,65.932,11.058,18.403,34.727,28.266,16.556,15.715,15.175,10.466,20.577,9.1311
2.31,8.4344,21.58,15.769,21.629,12.636,11.646,14.59,33.111,27.165,11.002,26.093,22.826,12.042,20.333,35.325,37.721,14.695,17.009,16.077,39.873,24.553,31.876,12.47,11.78,19.703,12.602,52.931,12.24,22.65,66.415,11.228,18.83,34.933,28.326,16.495,16.062,15.13,10.356,20.613,9.0683
2.32,8.4627,21.588,15.878,21.763,12.737,11.635,14.697,33.373,27.146,10.935,26.601,23.268,12.095,20.267,35.521,37.237,14.641,17.068,16.408,40.099,24.232,31.337,12.538,11.855,19.757,12.405,53.218,12.291,22.53,66.883,11.366,19.258,35.13,28.383,16.422,16.389,15.091,10.245,20.644,9.0031
2.33,8.4891,21.596,15.979,21.893,12.839,11.623,14.801,33.627,27.122,10.865,27.095,23.7,12.147,20.205,35.709,36.739,14.577,17.126,16.726,40.312,23.898,30.792,12.599,11.916,19.803,12.205,53.485,12.705,22.418,67.325,11.472,19.685,35.315,28.435,16.338,16.695,15.058,10.134,20.668,8.9357
2.34,8.5147,21.604,16.074,22.018,12.977,11.608,14.903,33.868,27.095,10.792,27.575,24.148,12.196,20.14,35.975,36.226,14.503,17.185,17.029,40.513,23.55,30.247,12.653,11.977,19.844,12,53.73,13.11,22.309,67.742,11.547,20.108,35.491,28.484,16.243,16.981,15.029,10.286,20.686,8.8655
2.35,8.5396,21.612,16.163,22.138,13.111,11.593,15.003,34.101,27.063,10.719,28.04,24.601,12.245,20.074,36.595,35.707,14.42,17.243,17.317,40.701,23.188,29.707,12.7,12.022,19.877,11.792,53.956,13.503,22.21,68.135,11.59,20.524,35.656,28.528,16.135,17.246,15.006,10.49,20.7,8.7941
2.36,8.5634,21.62,16.248,22.254,13.242,11.576,15.101,34.323,27.027,10.643,28.491,25.043,12.29,20.011,37.204,35.172,14.327,17.301,17.616,40.878,22.813,29.177,12.742,12.051,19.904,11.583,54.167,13.889,22.115,68.503,11.6,20.985,35.811,28.568,16.014,17.488,14.989,10.688,20.708,8.7204
2.37,8.5865,21.629,16.329,22.365,13.37,11.558,15.197,34.53,26.987,10.564,28.928,25.474,12.334,19.946,37.802,34.635,14.227,17.357,17.983,41.044,22.754,28.661,12.778,12.068,19.924,11.373,54.356,14.26,22.026,68.855,11.58,21.603,35.957,28.604,15.879,17.707,14.976,10.878,20.71,8.6453
2.38,8.609,21.638,16.407,22.472,13.495,11.539,15.291,34.724,26.944,10.485,29.352,25.895,12.375,19.879,38.389,34.083,14.118,17.413,18.344,41.2,23.004,28.163,12.808,12.084,19.937,11.163,54.525,14.617,21.942,69.183,11.53,22.208,36.09,28.634,15.733,17.903,14.97,11.062,20.708,8.5687
2.39,8.6316,21.661,16.483,22.574,13.616,11.518,15.383,34.906,26.896,10.404,29.764,26.304,12.411,19.816,38.964,33.678,14.002,17.467,18.699,41.345,23.252,27.688,12.833,12.085,19.944,10.953,54.673,14.964,21.861,69.487,11.454,22.787,36.214,28.72,15.574,18.073,14.969,11.236,20.701,8.4909
2.4,8.6549,21.684,16.557,22.673,13.734,11.497,15.474,35.07,26.844,10.32,30.164,26.704,12.448,19.75,39.528,33.426,13.879,17.522,19.049,41.478,23.497,27.24,12.854,12.072,19.944,10.745,54.802,15.294,21.786,69.768,11.754,23.328,36.325,28.878,15.405,18.218,14.973,11.402,20.69,8.4123
2.41,8.6783,21.708,16.63,22.767,13.848,11.473,15.562,35.217,26.787,10.236,30.555,27.095,12.476,19.684,40.081,33.17,13.75,17.578,19.394,41.599,23.739,26.82,12.872,12.113,19.939,10.541,54.914,15.612,21.714,70.026,12.097,23.823,36.424,29.019,15.225,18.338,14.982,11.558,20.673,8.3326
2.42,8.7021,21.732,16.701,22.857,13.958,11.449,15.65,35.352,26.727,10.151,30.936,27.477,12.51,19.62,40.622,32.914,13.615,17.634,19.735,41.708,23.975,26.434,12.887,12.2,19.929,10.34,55.016,15.92,21.643,70.269,12.475,24.273,36.51,29.143,15.035,18.432,14.997,11.705,20.653,8.2526
2.43,8.7266,21.757,16.771,22.945,14.065,11.424,15.737,35.468,26.663,10.063,31.308,27.853,12.534,19.554,41.152,32.657,13.474,17.69,20.07,41.803,24.206,26.082,12.9,12.282,19.912,10.144,55.1,16.238,21.577,70.492,12.882,24.678,36.583,29.252,14.836,18.502,15.017,11.841,20.629,8.172
2.44,8.7519,21.782,16.84,23.029,14.167,11.397,15.824,35.566,26.595,9.9748,31.671,28.223,12.558,19.486,41.671,32.397,13.33,17.757,20.399,41.886,24.43,25.765,12.911,12.343,19.89,9.9554,55.168,16.551,21.512,70.693,13.308,25.037,36.644,29.352,14.628,18.598,15.042,12.016,20.601,8.0913
2.45,8.7783,21.813,16.907,23.11,14.266,11.369,15.914,35.651,26.523,9.8854,32.026,28.587,12.579,19.421,42.179,32.134,13.18,17.877,20.719,41.955,24.646,25.484,12.922,12.383,19.864,9.7736,55.22,16.853,21.446,70.874,13.745,25.351,36.692,29.443,14.412,18.761,15.072,12.246,20.568,8.0106
2.46,8.8059,21.852,16.972,23.19,14.361,11.34,16.011,35.715,26.449,9.7944,32.372,28.948,12.593,19.355,42.675,31.874,13.028,17.995,21.031,42.008,24.853,25.239,12.934,12.423,19.833,9.6003,55.262,17.144,21.384,71.035,14.186,25.625,36.727,29.524,14.261,18.9,15.107,12.462,20.531,7.9299
2.47,8.8349,21.891,17.086,23.269,14.453,11.309,16.113,35.766,26.372,9.7029,32.711,29.302,12.611,19.287,43.16,31.61,12.872,18.111,21.336,42.047,25.052,25.029,12.945,12.444,19.798,9.4369,55.292,17.422,21.321,71.179,14.625,25.853,36.75,29.594,14.344,19.017,15.147,12.664,20.49,7.8499
2.48,8.8654,21.93,17.258,23.347,14.543,11.277,16.218,35.8,26.295,9.6399,33.042,29.649,12.62,19.219,43.633,31.344,12.714,18.224,21.632,42.07,25.24,24.853,12.958,12.445,19.76,9.285,55.382,17.685,21.256,71.309,15.057,26.036,36.76,29.66,14.423,19.113,15.192,12.851,20.445,7.7703
2.49,8.9565,21.974,17.434,23.427,14.629,11.244,16.321,35.816,26.221,9.653,33.368,29.988,12.628,19.152,44.093,31.081,12.555,18.334,21.923,42.076,25.417,24.71,12.973,12.435,19.717,9.146,55.498,17.935,21.192,71.42,15.479,26.179,36.759,29.726,14.498,19.189,15.241,13.024,20.396,7.6917
2.5,9.0484,22.026,17.614,23.506,14.711,11.21,16.424,35.821,26.153,9.665,33.689,30.317,12.635,19.084,44.54,30.816,12.393,18.439,22.206,42.066,25.584,24.596,12.99,12.419,19.673,9.0202,55.604,18.172,21.126,71.513,15.888,26.282,36.745,29.791,14.584,19.247,15.295,13.182,20.342,7.6143
2.51,9.1395,22.084,17.799,23.586,14.789,11.276,16.525,35.806,26.089,9.676,34.006,30.636,12.633,19.014,44.974,30.55,12.231,18.54,22.484,42.038,25.739,24.509,13.01,12.385,19.731,8.9106,55.704,18.396,21.056,71.588,16.282,26.337,36.718,29.855,14.671,19.289,15.353,13.326,20.285,7.5518
2.52,9.2291,22.16,17.99,23.666,14.864,11.334,16.623,35.783,26.029,9.6865,34.323,30.944,12.634,18.943,45.392,30.287,12.069,18.636,22.755,41.992,25.882,24.447,13.034,12.334,19.82,8.8291,55.793,18.607,20.986,71.645,16.659,26.341,36.679,29.918,14.757,19.316,15.416,13.456,20.223,7.7089
2.53,9.3188,22.256,18.183,23.746,14.934,11.384,16.719,35.74,25.974,9.6965,34.64,31.242,12.631,18.874,45.799,30.02,11.908,18.726,23.022,41.929,26.013,24.406,13.063,12.277,19.906,8.7884,55.872,18.806,20.913,71.691,17.021,26.287,36.627,29.973,14.84,19.331,15.483,13.572,20.156,7.8497
2.54,9.4071,22.362,18.375,23.825,15,11.428,16.812,35.693,25.982,9.7054,34.957,31.528,12.619,18.804,46.191,29.757,11.747,18.81,23.282,41.846,26.132,24.383,13.098,12.213,19.99,8.7654,55.942,18.994,20.835,71.722,17.367,26.173,36.563,30.017,14.919,19.334,15.554,13.675,20.085,7.9744
2.55,9.4947,22.472,18.562,23.903,15.063,11.473,16.902,35.626,26.513,9.7134,35.274,31.802,12.613,18.733,46.568,29.492,11.588,18.889,23.537,41.747,26.238,24.374,13.14,12.133,20.07,8.76,56.002,19.172,20.774,71.736,17.699,26.002,36.485,30.051,14.996,19.328,15.629,13.766,20.009,8.0829
2.56,9.5825,22.589,18.741,23.98,15.124,11.521,16.989,35.557,27.038,9.721,35.589,32.065,12.601,18.661,46.931,29.23,11.432,18.961,23.786,41.629,26.332,24.378,13.188,12.04,20.147,8.7721,56.053,19.34,20.814,71.734,18.015,25.778,36.394,30.072,15.07,19.313,15.707,13.846,19.93,8.1758
2.57,9.6693,22.705,18.912,24.056,15.181,11.566,17.072,35.472,27.556,9.7282,35.9,32.315,12.581,18.587,47.28,28.966,11.278,19.027,24.03,41.494,26.413,24.39,13.243,11.94,20.223,8.802,56.097,19.498,20.853,71.717,18.316,25.499,36.291,30.081,15.141,19.292,15.789,13.914,19.844,8.2537
2.58,9.7559,22.829,19.075,24.131,15.236,11.607,17.153,35.384,28.066,9.7344,36.205,32.553,12.569,18.514,47.614,28.706,11.128,19.087,24.269,41.341,26.482,24.408,13.306,11.837,20.295,8.8488,56.133,19.646,20.89,71.688,18.599,25.169,36.175,30.077,15.209,19.267,15.875,13.972,19.756,8.3175
2.59,9.8431,22.955,19.228,24.205,15.29,11.644,17.23,35.285,28.566,9.7398,36.505,32.778,12.548,18.442,47.932,28.445,10.983,19.14,24.504,41.169,26.539,24.429,13.376,11.722,20.365,8.9114,56.163,19.784,20.923,71.651,18.865,24.794,36.045,30.062,15.274,19.239,15.964,14.021,19.662,8.3684
2.6,9.9298,23.08,19.374,24.277,15.344,11.675,17.303,35.182,29.055,9.7449,36.799,32.992,12.521,18.369,48.236,28.189,10.843,19.186,24.733,40.981,26.584,24.452,13.454,11.612,20.432,8.9891,56.187,19.909,20.952,71.599,19.112,24.386,35.902,30.036,15.337,19.324,16.057,14.062,19.564,8.4073
2.61,10.017,23.216,19.511,24.348,15.397,11.701,17.373,35.073,29.533,9.7496,37.086,33.195,12.553,18.294,48.522,27.93,10.708,19.226,24.958,40.774,26.618,24.474,13.542,11.513,20.495,9.0812,56.204,20.023,20.98,71.535,19.338,24.175,35.749,30,15.397,19.409,16.152,14.094,19.462,8.4356
2.62,10.104,23.353,19.641,24.416,15.45,11.729,17.44,34.959,29.997,9.7534,37.365,33.389,12.586,18.218,48.795,27.678,10.579,19.259,25.18,40.551,26.639,24.494,13.638,11.41,20.557,9.1866,56.214,20.124,21.001,71.458,19.539,23.98,35.583,29.954,15.455,19.49,16.251,14.12,19.355,8.4545
2.63,10.192,23.497,19.763,24.484,15.502,11.824,17.503,34.845,30.45,9.7565,37.638,33.573,12.623,18.141,49.05,27.426,10.458,19.286,25.398,40.309,26.65,24.511,13.742,11.309,20.616,9.3043,56.215,20.214,21.019,71.374,19.715,23.765,35.406,29.898,15.511,19.563,16.352,14.14,19.245,8.465
2.64,10.281,23.648,19.881,24.551,15.553,11.912,17.563,34.726,30.89,9.7595,37.907,33.747,12.657,18.066,49.289,27.176,10.344,19.305,25.613,40.05,26.65,24.525,13.851,11.201,20.672,9.4333,56.209,20.294,21.033,71.282,19.865,23.533,35.219,29.834,15.565,19.629,16.456,14.154,19.131,8.4688
2.65,10.371,23.799,19.995,24.616,15.603,11.991,17.619,34.608,31.316,9.762,38.173,33.913,12.689,17.991,49.509,26.931,10.29,19.319,25.827,40.054,26.641,24.533,13.965,11.096,20.726,9.5724,56.195,20.361,21.04,71.178,19.989,23.287,35.021,29.76,15.616,19.69,16.562,14.165,19.013,8.4665
2.66,10.461,23.948,20.105,24.68,15.651,12.062,17.671,34.49,31.728,9.7637,38.439,34.067,12.719,17.914,49.714,26.686,10.277,19.326,26.038,40.176,26.622,24.537,14.083,10.986,20.777,9.7205,56.174,20.417,21.046,71.062,20.083,23.027,34.814,29.679,15.667,19.743,16.671,14.173,18.892,8.4598
2.67,10.553,24.105,20.209,24.742,15.696,12.123,17.721,34.37,32.127,9.7649,38.708,34.212,12.75,17.837,49.9,26.447,10.262,19.327,26.247,40.293,26.594,24.537,14.205,10.879,20.826,9.8763,56.145,20.462,21.044,70.935,20.147,22.756,34.599,29.592,15.715,19.79,16.782,14.178,18.767,8.4495
2.68,10.647,24.256,20.308,24.803,15.74,12.175,17.767,34.256,32.51,9.7661,39,34.345,12.783,17.759,50.07,26.21,10.247,19.321,26.453,40.405,26.557,24.533,14.332,10.811,20.872,10.039,56.11,20.498,21.038,70.8,20.179,22.475,34.375,29.5,15.762,19.831,16.895,14.183,18.639,8.4369
2.69,10.742,24.406,20.401,24.862,15.782,12.22,17.81,34.143,32.88,9.7667,39.292,34.466,12.813,17.679,50.222,25.975,10.231,19.311,26.657,40.511,26.513,24.527,14.462,10.767,20.916,10.208,56.069,20.526,21.026,70.657,20.179,22.188,34.144,29.402,15.809,19.865,17.01,14.186,18.508,8.4233
2.7,10.838,24.56,20.488,24.919,15.823,12.258,17.851,34.031,33.233,9.7665,39.574,34.576,12.841,17.6,50.356,25.746,10.215,19.294,26.858,40.611,26.462,24.518,14.596,10.717,20.957,10.382,56.02,20.546,21.008,70.503,20.149,21.895,33.906,29.3,15.853,19.894,17.127,14.191,18.374,8.4095
2.71,10.937,24.725,20.569,24.973,15.864,12.29,17.888,33.926,33.571,9.7665,39.845,34.675,12.867,17.522,50.474,25.521,10.201,19.272,27.057,40.705,26.404,24.507,14.734,10.66,20.996,10.558,55.964,20.56,20.985,70.337,20.09,21.598,33.662,29.193,15.898,19.917,17.246,14.197,18.238,8.3966
2.72,11.035,24.966,20.641,25.025,15.904,12.317,17.924,33.825,33.894,9.7659,40.107,34.76,12.899,17.444,50.573,25.298,10.19,19.245,27.253,40.794,26.342,24.497,14.876,10.601,21.033,10.738,55.899,20.568,20.956,70.161,20.118,21.299,33.409,29.082,15.942,19.933,17.367,14.204,18.098,8.3858
2.73,11.136,25.206,20.706,25.075,15.942,12.34,17.958,33.728,34.201,9.7647,40.358,34.835,12.929,17.364,50.657,25.079,10.182,19.212,27.445,40.903,26.275,24.489,15.022,10.544,21.067,10.968,55.826,20.567,20.922,70.024,20.197,21.002,33.149,28.968,15.986,20.065,17.489,14.215,17.957,8.3781
2.74,11.237,25.439,20.763,25.122,15.979,12.359,17.991,33.635,34.491,9.7637,40.598,34.898,12.957,17.284,50.723,24.867,10.177,19.175,27.635,41.014,26.204,24.485,15.171,10.481,21.1,11.209,55.746,20.557,20.881,69.947,20.259,20.708,32.881,28.855,16.03,20.288,17.612,14.23,17.812,8.3742
2.75,11.339,25.678,20.813,25.166,16.013,12.374,18.026,33.553,34.765,9.7621,40.83,34.95,12.983,17.203,50.771,24.658,10.178,19.132,27.82,41.121,26.13,24.485,15.324,10.414,21.13,11.455,55.662,20.539,20.834,69.863,20.309,20.417,32.607,28.744,16.074,20.535,17.736,14.248,17.778,8.3753
2.76,11.443,25.912,20.856,25.208,16.046,12.385,18.072,33.475,35.023,9.76,41.051,34.991,13.009,17.179,50.803,24.453,10.185,19.086,28.002,41.225,26.055,24.491,15.48,10.343,21.157,11.705,55.571,20.51,20.782,69.772,20.35,20.13,32.327,28.631,16.12,20.809,17.862,14.272,17.752,8.3822
2.77,11.546,26.136,20.891,25.247,16.075,12.394,18.126,33.403,35.267,9.7581,41.262,35.021,13.039,17.206,50.818,24.251,10.199,19.035,28.181,41.325,26.055,24.505,15.639,10.271,21.183,11.958,55.473,20.474,20.723,69.674,20.438,19.848,32.041,28.514,16.17,21.108,17.988,14.3,17.722,8.3959
2.78,11.651,26.35,20.919,25.284,16.102,12.403,18.181,33.336,35.499,9.7556,41.465,35.042,13.067,17.234,50.815,24.056,10.219,18.981,28.356,41.421,26.307,24.528,15.801,10.2,21.207,12.213,55.368,20.425,20.66,69.569,20.566,19.571,31.749,28.397,16.223,21.433,18.116,14.334,17.688,8.4171
2.79,11.755,26.559,20.939,25.319,16.127,12.406,18.236,33.281,35.719,9.753,41.658,35.054,13.094,17.261,50.798,23.867,10.249,18.923,28.526,41.513,26.562,24.562,15.966,10.127,21.228,12.47,55.255,20.373,20.589,69.459,20.692,19.315,31.453,28.276,16.276,21.784,18.244,14.375,17.651,8.4466
2.8,11.861,26.771,20.952,25.351,16.148,12.4,18.29,33.231,35.931,9.7502,41.84,35.059,13.119,17.288,50.763,23.681,10.287,18.86,28.692,41.602,26.816,24.608,16.133,10.052,21.248,12.727,55.136,20.309,20.514,69.346,20.821,19.072,31.154,28.15,16.329,22.16,18.373,14.422,17.609,8.4853
2.81,11.968,26.972,20.958,25.381,16.166,12.384,18.342,33.188,36.137,9.747,42.015,35.059,13.142,17.314,50.712,23.5,10.334,18.796,28.853,41.687,27.066,24.667,16.301,9.9757,21.265,12.984,55.013,20.238,20.432,69.226,20.957,18.83,30.851,28.019,16.382,22.56,18.503,14.476,17.564,8.5337
2.82,12.074,27.162,20.955,25.411,16.181,12.358,18.392,33.15,36.335,9.744,42.179,35.054,13.17,17.34,50.646,23.324,10.393,18.728,29.008,41.769,27.31,24.74,16.472,9.9023,21.281,13.242,54.882,20.161,20.344,69.1,21.104,18.588,30.546,27.887,16.436,22.982,18.632,14.536,17.515,8.5925
2.83,12.182,27.339,20.947,25.437,16.194,12.322,18.441,33.12,36.524,9.7405,42.332,35.05,13.198,17.365,50.566,23.152,10.461,18.656,29.158,41.847,27.544,24.828,16.644,9.8274,21.295,13.497,54.742,20.075,20.251,68.967,21.266,18.346,30.239,27.752,16.489,23.427,18.763,14.603,17.463,8.6622
2.84,12.29,27.503,20.931,25.464,16.203,12.278,18.488,33.099,36.701,9.7372,42.476,35.052,13.223,17.39,50.657,22.986,10.547,18.584,29.303,41.923,27.766,24.931,16.817,9.7514,21.307,13.752,54.594,19.984,20.15,68.829,21.448,18.105,29.931,27.613,16.542,23.892,18.894,14.678,17.408,8.7431
2.85,12.397,27.664,20.91,25.488,16.21,12.224,18.534,33.084,36.866,9.7335,42.609,35.063,13.248,17.414,50.824,22.827,10.698,18.509,29.442,41.995,27.975,25.05,16.991,9.6771,21.317,14.005,54.444,19.888,20.045,68.683,21.654,17.864,29.621,27.467,16.596,24.375,19.024,14.759,17.348,8.8356
2.86,12.504,27.823,20.882,25.512,16.214,12.163,18.578,33.073,37.017,9.73,42.733,35.085,13.271,17.438,50.965,22.673,10.862,18.431,29.577,42.065,28.267,25.184,17.165,9.6048,21.325,14.254,54.285,19.785,19.934,68.537,21.888,17.626,29.309,27.316,16.649,24.875,19.156,14.847,17.285,8.9399
2.87,12.611,27.969,20.85,25.536,16.216,12.096,18.622,33.068,37.151,9.7261,42.844,35.117,13.293,17.462,51.08,22.524,11.037,18.352,29.707,42.131,28.567,25.335,17.338,9.5322,21.332,14.502,54.117,19.677,19.815,68.385,22.151,17.391,28.996,27.158,16.702,25.39,19.287,14.942,17.219,9.056
2.88,12.717,28.101,20.813,25.558,16.215,12.025,18.665,33.07,37.269,9.7223,42.946,35.157,13.32,17.485,51.17,22.379,11.224,18.272,29.834,42.195,28.838,25.502,17.512,9.4597,21.337,14.747,53.941,19.567,19.693,68.227,22.445,17.159,28.682,26.994,16.756,25.919,19.417,15.044,17.149,9.1838
2.89,12.822,28.219,20.772,25.58,16.211,12.053,18.711,33.079,37.59,9.7184,43.036,35.204,13.345,17.508,51.237,22.239,11.421,18.19,29.957,42.256,29.077,25.684,17.684,9.3876,21.339,14.988,53.763,19.453,19.563,68.062,22.772,16.927,28.367,26.823,16.809,26.459,19.549,15.152,17.076,9.3232
2.9,12.925,28.322,20.729,25.602,16.206,12.093,18.76,33.091,37.994,9.7145,43.115,35.253,13.369,17.53,51.279,22.105,11.627,18.107,30.075,42.314,29.285,25.88,17.855,9.3164,21.341,15.226,53.575,19.333,19.428,67.892,23.131,16.693,28.051,26.645,16.863,27.018,19.679,15.267,17,9.4739
2.91,13.026,28.415,20.688,25.623,16.216,12.134,18.814,33.106,38.393,9.7107,43.184,35.299,13.392,17.552,51.299,21.975,11.843,18.023,30.191,42.37,29.461,26.091,18.024,9.2464,21.34,15.459,53.378,19.213,19.287,67.715,23.523,16.457,27.736,26.462,16.916,27.593,19.809,15.388,16.921,9.6354
2.92,13.126,28.512,20.652,25.642,16.225,12.174,18.872,33.124,38.782,9.7068,43.242,35.339,13.413,17.573,51.298,21.85,12.068,17.939,30.353,42.424,29.605,26.314,18.206,9.1799,21.338,15.689,53.177,19.092,19.138,67.537,23.945,16.218,27.42,26.273,16.97,28.171,19.94,15.515,16.838,9.8073
2.93,13.304,28.594,20.621,25.662,16.234,12.214,18.931,33.15,39.158,9.7029,43.29,35.372,13.433,17.594,51.274,21.731,12.301,17.854,30.643,42.476,29.718,26.548,18.414,9.1157,21.335,15.915,52.969,18.967,18.985,67.351,24.395,15.973,27.106,26.21,17.024,28.754,20.069,15.647,16.752,9.9889
2.94,13.49,28.662,20.589,25.68,16.243,12.254,18.988,33.178,39.523,9.6993,43.327,35.395,13.458,17.615,51.23,21.619,12.541,17.769,31.02,42.526,29.801,26.793,18.62,9.0533,21.329,16.136,52.75,18.842,18.824,67.158,24.871,15.722,26.792,26.153,17.078,29.339,20.199,15.784,16.663,10.18
2.95,13.676,28.715,20.555,25.697,16.251,12.294,19.043,33.207,39.872,9.6956,43.354,35.409,13.481,17.635,51.164,21.511,12.788,17.684,31.441,42.574,29.855,27.048,18.823,8.9929,21.323,16.353,52.527,18.718,18.659,66.956,25.369,15.463,26.48,26.098,17.133,29.924,20.328,15.927,16.571,10.378
2.96,13.863,28.755,20.519,25.712,16.26,12.334,19.096,33.236,40.206,9.692,43.371,35.413,13.503,17.655,51.077,21.407,13.041,17.599,31.843,42.621,29.879,27.31,19.024,8.9348,21.315,16.565,52.297,18.592,18.485,66.754,25.885,15.196,26.169,26.047,17.187,30.508,20.456,16.074,16.477,10.585
2.97,14.051,28.785,20.481,25.726,16.268,12.374,19.147,33.269,40.523,9.6886,43.377,35.405,13.524,17.674,50.97,21.309,13.3,17.513,32.226,42.665,29.875,27.578,19.225,8.8792,21.305,16.771,52.055,18.466,18.307,66.544,26.415,14.921,25.861,26.029,17.243,31.09,20.584,16.225,16.379,10.797
2.98,14.238,28.816,20.441,25.738,16.275,12.414,19.196,33.305,40.821,9.6853,43.374,35.386,13.543,17.693,50.842,21.215,13.564,17.429,32.607,42.708,29.843,27.85,19.43,8.8264,21.294,16.972,51.812,18.343,18.121,66.327,26.955,14.638,25.555,26.029,17.302,31.667,20.71,16.38,16.279,11.016
2.99,14.428,28.835,20.4,25.747,16.281,12.453,19.241,33.339,41.103,9.6821,43.36,35.356,13.562,17.712,50.695,21.125,13.832,17.345,32.98,42.751,29.784,28.126,19.639,8.7766,21.282,17.167,51.557,18.221,17.929,66.102,27.501,14.347,25.252,26.034,17.372,32.239,20.837,16.539,16.175,11.239
3,14.625,28.839,20.358,25.754,16.286,12.493,19.285,33.372,41.364,9.6791,43.337,35.315,13.584,17.73,50.531,21.04,14.104,17.261,33.333,42.792,29.996,28.403,19.853,8.73,21.268,17.358,51.297,18.099,17.732,65.876,28.05,14.05,24.953,26.042,17.444,32.805,20.962,16.7,16.07,11.466
3.01,14.822,28.831,20.315,25.759,16.29,12.533,19.324,33.406,41.648,9.676,43.304,35.264,13.605,17.748,50.352,20.959,14.38,17.177,33.67,42.832,30.293,28.679,20.072,8.6868,21.253,17.542,51.029,18.01,17.526,65.641,28.597,13.912,24.657,26.052,17.516,33.363,21.087,16.865,15.961,11.696
3.02,15.02,28.82,20.272,25.76,16.293,12.573,19.362,33.441,41.964,9.6732,43.263,35.201,13.624,17.767,50.158,20.883,14.658,17.095,33.991,42.87,30.566,28.954,20.294,8.647,21.235,17.722,50.751,17.993,17.317,65.396,29.139,14.03,24.365,26.064,17.59,33.912,21.211,17.032,15.85,11.927
3.03,15.217,28.805,20.228,25.759,16.294,12.613,19.396,33.473,42.27,9.6704,43.213,35.128,13.641,17.786,49.949,20.81,14.939,17.014,34.298,42.908,30.816,29.223,20.517,8.611,21.218,17.897,50.469,17.972,17.1,65.151,29.673,14.145,24.079,26.078,17.664,34.452,21.334,17.201,15.737,12.16
3.04,15.413,28.778,20.183,25.755,16.294,12.652,19.427,33.502,42.564,9.6674,43.157,35.043,13.657,17.804,49.726,20.742,15.222,16.933,34.594,42.946,31.04,29.489,20.74,8.5787,21.199,18.068,50.176,17.951,16.876,64.897,30.196,14.256,23.797,26.093,17.74,34.981,21.456,17.372,15.621,12.393
3.05,15.607,28.757,20.136,25.749,16.293,12.692,19.457,33.531,42.848,9.6647,43.092,34.948,13.676,17.822,49.488,20.677,15.506,16.853,34.878,42.983,31.242,29.746,20.958,8.5503,21.178,18.234,49.88,17.926,16.649,64.632,30.706,14.361,23.52,26.11,17.818,35.499,21.578,17.544,15.503,12.626
3.06,15.802,28.745,20.088,25.74,16.291,12.732,19.482,33.558,43.12,9.6617,43.022,34.844,13.694,17.84,49.36,20.616,15.791,16.774,35.151,43.018,31.418,29.996,21.172,8.526,21.157,18.395,49.573,17.902,16.416,64.367,31.199,14.461,23.249,26.129,17.898,36.004,21.698,17.717,15.383,12.857
3.07,15.995,28.737,20.04,25.729,16.287,12.772,19.505,33.581,43.382,9.6589,42.946,34.728,13.711,17.857,49.405,20.56,16.078,16.697,35.413,43.055,31.57,30.234,21.38,8.5058,21.133,18.551,49.262,17.879,16.37,64.089,31.677,14.553,22.985,26.149,17.982,36.496,21.817,17.89,15.261,13.085
3.08,16.187,28.718,19.993,25.714,16.282,12.812,19.525,33.6,43.632,9.6558,42.864,34.603,13.727,17.874,49.448,20.507,16.364,16.62,35.663,43.091,31.698,30.462,21.582,8.4897,21.11,18.7,48.943,17.861,16.388,63.808,32.135,14.636,22.727,26.171,18.072,36.974,21.936,18.064,15.137,13.311
3.09,16.377,28.697,19.944,25.698,16.276,12.852,19.542,33.618,43.871,9.6528,42.776,34.469,13.74,17.89,49.487,20.459,16.65,16.544,35.902,43.126,31.8,30.676,21.779,8.4779,21.084,18.844,48.616,17.853,16.401,63.517,32.572,14.712,22.476,26.194,18.166,37.438,22.053,18.238,15.011,13.533
3.1,16.567,28.673,19.893,25.679,16.268,12.892,19.557,33.633,44.1,9.6495,42.684,34.325,13.752,17.907,49.523,20.413,16.936,16.469,36.129,43.162,31.878,30.877,21.971,8.4703,21.058,18.982,48.285,17.854,16.41,63.219,32.983,14.777,22.312,26.218,18.261,37.886,22.17,18.411,14.968,13.751
3.11,16.754,28.639,19.839,25.658,16.259,12.933,19.568,33.642,44.318,9.6464,42.586,34.173,13.768,17.923,49.553,20.37,17.22,16.396,36.346,43.198,31.929,31.062,22.161,8.467,21.031,19.113,47.943,17.857,16.412,62.913,33.364,14.832,22.283,26.243,18.358,38.319,22.286,18.584,15.292,13.964
3.12,16.938,28.594,19.782,25.634,16.25,12.973,19.578,33.646,44.526,9.643,42.482,34.014,13.782,17.938,49.577,20.33,17.504,16.324,36.551,43.233,31.955,31.23,22.35,8.468,21.002,19.238,47.602,17.863,16.412,62.599,33.712,14.878,22.253,26.27,18.458,38.735,22.402,18.755,15.608,14.172
3.13,17.122,28.55,19.721,25.609,16.239,13.013,19.584,33.65,44.723,9.6395,42.374,33.848,13.794,17.953,49.595,20.294,17.786,16.253,36.746,43.27,31.954,31.381,22.54,8.4734,20.973,19.356,47.25,17.869,16.405,62.276,34.027,14.912,22.222,26.298,18.563,39.134,22.516,18.924,15.916,14.375
3.14,17.303,28.503,19.658,25.582,16.227,13.054,19.589,33.647,44.91,9.636,42.261,33.747,13.803,17.968,49.605,20.259,18.067,16.183,36.93,43.307,31.926,31.515,22.732,8.483,20.942,19.468,46.895,17.877,16.396,61.948,34.307,14.935,22.191,26.326,18.676,39.515,22.63,19.092,16.216,14.572
3.15,17.482,28.447,19.592,25.554,16.214,13.094,19.621,33.638,45.086,9.6321,42.143,33.745,13.811,17.983,49.606,20.227,18.346,16.114,37.105,43.344,31.873,31.628,22.925,8.4969,20.911,19.574,46.535,17.886,16.379,61.606,34.552,14.948,22.158,26.356,18.79,39.878,22.743,19.258,16.507,14.762
3.16,17.659,28.384,19.523,25.524,16.2,13.135,19.71,33.627,45.252,9.665,42.019,33.74,13.82,17.997,49.6,20.198,18.636,16.046,37.27,43.382,31.793,31.721,23.115,8.515,20.879,19.672,46.165,17.896,16.359,61.266,34.761,14.949,22.123,26.387,18.903,40.223,22.855,19.421,16.79,14.945
3.17,17.833,28.312,19.45,25.495,16.186,13.175,19.799,33.611,45.407,9.7416,41.89,33.729,13.829,18.011,49.584,20.171,18.979,15.979,37.425,43.421,31.687,31.795,23.303,8.5372,20.846,19.763,45.799,17.906,16.334,60.911,34.932,14.939,22.088,26.418,19.016,40.549,22.966,19.582,17.064,15.12
3.18,18.004,28.242,19.375,25.465,16.171,13.216,19.887,33.589,45.551,9.8127,41.757,33.713,13.837,18.025,49.559,20.146,19.322,15.913,37.571,43.46,31.555,31.847,23.487,8.5636,20.812,19.849,45.423,17.919,16.303,60.553,35.067,14.918,22.052,26.451,19.128,40.855,23.075,19.74,17.33,15.288
3.19,18.173,28.171,19.296,25.434,16.155,13.257,19.973,33.561,45.685,9.8779,41.619,33.691,13.842,18.039,49.523,20.164,19.664,15.848,37.709,43.501,31.399,31.877,23.664,8.5941,20.778,19.928,45.043,17.932,16.269,60.187,35.17,14.887,22.015,26.484,19.24,41.142,23.184,19.895,17.587,15.446
3.2,18.338,28.094,19.215,25.443,16.138,13.298,20.06,33.532,45.807,9.9377,41.53,33.664,13.845,18.052,49.477,20.385,20.004,15.783,37.838,43.542,31.218,31.885,23.834,8.6285,20.743,19.998,44.662,17.947,16.228,59.809,35.247,14.845,21.977,26.517,19.353,41.409,23.316,20.047,17.835,15.595
3.21,18.5,28.01,19.129,25.498,16.121,13.339,20.146,33.496,45.918,9.9911,41.618,33.629,13.846,18.065,49.418,20.604,20.343,15.719,37.959,43.584,31.013,31.872,23.995,8.6667,20.707,20.063,44.274,17.964,16.184,59.434,35.299,14.794,21.937,26.552,19.466,41.656,23.564,20.196,18.074,15.733
3.22,18.66,27.922,19.04,25.551,16.104,13.38,20.231,33.453,46.017,10.039,41.7,33.588,13.849,18.077,49.348,20.823,20.68,15.656,38.072,43.628,30.786,31.836,24.148,8.7087,20.67,20.121,43.886,17.981,16.134,59.046,35.326,14.734,21.897,26.587,19.582,41.883,23.809,20.342,18.305,15.862
3.23,18.816,27.828,18.947,25.602,16.086,13.422,20.315,33.408,46.106,10.08,41.777,33.542,13.852,18.089,49.268,21.043,21.014,15.594,38.177,43.672,30.557,31.777,24.293,8.7544,20.633,20.171,43.494,18.003,16.08,58.651,35.325,14.663,21.856,26.623,19.701,42.091,24.051,20.484,18.526,15.979
3.24,18.967,27.732,18.851,25.653,16.069,13.463,20.398,33.358,46.185,10.116,41.847,33.49,13.852,18.101,49.174,21.262,21.345,15.531,38.272,43.718,30.874,31.696,24.429,8.8036,20.596,20.215,43.098,18.025,16.021,58.256,35.302,14.583,21.814,26.659,19.822,42.279,24.29,20.623,18.739,16.085
3.25,19.117,27.643,18.751,25.701,16.051,13.505,20.482,33.302,46.253,10.145,41.913,33.431,13.849,18.113,49.069,21.48,21.672,15.469,38.357,43.765,31.278,31.593,24.557,8.8563,20.558,20.253,42.703,18.049,16.042,57.85,35.258,14.493,21.773,26.695,19.943,42.447,24.525,20.757,18.943,16.179
3.26,19.262,27.551,18.648,25.749,16.034,13.547,20.564,33.24,46.312,10.167,41.973,33.366,13.844,18.125,48.95,21.697,21.996,15.408,38.433,43.813,31.735,31.467,24.676,8.9122,20.519,20.283,42.303,18.077,16.124,57.436,35.194,14.396,21.731,26.732,20.064,42.596,24.757,20.888,19.139,16.261
3.27,19.402,27.455,18.543,25.794,16.017,13.588,20.646,33.178,46.361,10.183,42.028,33.296,13.836,18.136,48.818,21.913,22.316,15.347,38.498,43.863,32.199,31.318,24.786,8.9712,20.48,20.308,41.902,18.106,16.203,57.025,35.109,14.292,21.691,26.77,20.184,42.725,24.985,21.015,19.327,16.332
3.28,19.541,27.357,18.436,25.839,16,13.63,20.727,33.109,46.401,10.193,42.077,33.221,13.833,18.147,48.672,22.129,22.632,15.286,38.554,43.912,32.67,31.147,24.886,9.0333,20.441,20.326,41.501,18.136,16.277,56.604,35.003,14.181,21.65,26.807,20.303,42.835,25.211,21.138,19.506,16.392
3.29,19.675,27.256,18.326,25.882,15.984,13.672,20.808,33.034,46.433,10.196,42.121,33.14,13.826,18.158,48.512,22.344,22.944,15.225,38.6,43.965,33.148,30.955,24.977,9.0982,20.402,20.338,41.095,18.171,16.352,56.175,34.876,14.187,21.608,26.845,20.421,42.925,25.433,21.256,19.676,16.443
3.3,19.806,27.154,18.214,25.924,15.968,13.714,20.888,32.956,46.455,10.193,42.16,33.055,13.817,18.169,48.337,22.557,23.25,15.163,38.635,44.017,33.632,30.742,25.058,9.1659,20.362,20.343,40.693,18.207,16.423,55.747,34.729,14.258,21.566,26.883,20.538,42.997,25.651,21.371,19.839,16.486
3.31,19.937,27.051,18.099,25.964,15.952,13.757,20.968,32.875,46.468,10.184,42.193,32.964,13.805,18.18,48.149,22.77,23.552,15.102,38.658,44.071,34.122,30.507,25.128,9.2361,20.322,20.343,40.383,18.244,16.49,55.315,34.565,14.345,21.523,26.92,20.654,43.049,25.867,21.481,19.994,16.523
3.32,20.072,26.946,17.983,26.003,15.936,13.799,21.046,32.789,46.472,10.17,42.221,32.869,13.791,18.191,47.945,22.981,23.849,15.041,38.668,44.126,34.618,30.254,25.187,9.3086,20.283,20.337,40.158,18.286,16.556,54.875,34.388,14.457,21.48,26.959,20.77,43.081,26.08,21.586,20.141,16.553
3.33,20.213,26.848,17.864,26.04,15.92,13.842,21.125,32.698,46.468,10.15,42.243,32.769,13.776,18.202,47.725,23.19,24.141,14.979,38.666,44.182,35.12,29.98,25.237,9.3834,20.244,20.324,39.932,18.329,16.619,54.429,34.2,14.563,21.436,26.997,20.889,43.095,26.29,21.687,20.28,16.662
3.34,20.354,26.753,17.742,26.076,15.904,13.884,21.203,32.605,46.454,10.124,42.261,32.665,13.763,18.213,47.491,23.397,24.428,14.917,38.651,44.24,35.627,29.687,25.409,9.4602,20.204,20.306,39.705,18.373,16.679,53.988,34.002,14.664,21.391,27.035,21.011,43.089,26.497,21.782,20.412,16.846
3.35,20.491,26.658,17.618,26.111,15.889,13.927,21.28,32.509,46.432,10.093,42.273,32.557,13.746,18.223,47.24,23.602,24.709,14.854,38.623,44.298,36.139,29.377,25.721,9.539,20.165,20.282,39.474,18.42,16.735,53.541,33.795,14.758,21.344,27.074,21.132,43.064,26.701,21.873,20.536,17.027
3.36,20.625,26.563,17.492,26.144,15.873,13.969,21.357,32.409,46.4,10.057,42.279,32.443,13.727,18.234,46.975,23.806,24.985,14.791,38.7,44.358,36.657,29.049,26.019,9.6194,20.126,20.252,39.241,18.469,16.791,53.088,33.58,14.847,21.296,27.112,21.253,43.02,26.902,21.958,20.654,17.204
3.37,20.755,26.47,17.365,26.177,15.857,14.012,21.433,32.304,46.36,10.015,42.282,32.325,13.706,18.244,46.693,24.008,25.256,14.728,38.818,44.419,37.178,29.005,26.301,9.7014,20.086,20.218,39.01,18.519,16.843,52.631,33.356,14.93,21.248,27.15,21.372,42.957,27.1,22.038,20.765,17.374
3.38,20.905,26.377,17.237,26.207,15.841,14.055,21.509,32.197,46.311,9.9693,42.278,32.203,13.681,18.253,46.487,24.207,25.521,14.664,38.931,44.48,37.704,29.091,26.567,9.7848,20.046,20.178,38.774,18.57,16.891,52.179,33.127,15.008,21.197,27.189,21.49,42.876,27.295,22.112,20.869,17.534
3.39,21.07,26.286,17.108,26.237,15.825,14.098,21.585,32.089,46.253,9.9183,42.269,32.076,13.663,18.263,46.431,24.403,25.781,14.598,39.039,44.543,38.234,29.159,26.815,9.8694,20.007,20.132,38.535,18.625,16.938,51.723,32.891,15.08,21.146,27.226,21.606,42.775,27.488,22.233,20.967,17.684
3.4,21.236,26.196,16.977,26.265,15.808,14.14,21.66,31.978,46.185,9.8622,42.257,31.945,13.704,18.272,46.37,24.596,26.036,14.533,39.143,44.607,38.767,29.209,27.045,9.955,19.966,20.082,38.299,18.681,16.982,51.263,32.651,15.148,21.093,27.264,21.72,42.656,27.679,22.402,21.059,17.821
3.41,21.401,26.108,16.845,26.292,15.792,14.184,21.734,31.863,46.108,9.8011,42.238,31.81,13.748,18.281,46.305,24.785,26.285,14.467,39.242,44.672,39.304,29.241,27.257,10.042,19.926,20.027,38.06,18.736,17.023,50.799,32.408,15.21,21.04,27.302,21.832,42.518,27.867,22.567,21.145,17.946
3.42,21.573,26.023,16.793,26.318,15.776,14.227,21.808,31.745,46.022,9.7351,42.214,31.671,13.79,18.29,46.236,24.972,26.529,14.4,39.335,44.737,39.844,29.253,27.451,10.131,19.885,19.967,37.818,18.794,17.062,50.339,32.163,15.268,20.985,27.339,21.942,42.362,28.053,22.727,21.225,18.056
3.43,21.751,25.939,16.791,26.342,15.759,14.27,21.882,31.628,45.927,9.6641,42.186,31.53,13.832,18.298,46.162,25.155,26.767,14.331,39.421,44.803,40.387,29.248,27.636,10.22,19.843,19.902,37.576,18.853,17.099,49.879,31.918,15.321,20.931,27.376,22.05,42.187,28.236,22.882,21.3,18.357
3.44,21.926,25.862,16.789,26.366,15.743,14.313,21.955,31.509,45.822,9.5885,42.152,31.389,13.873,18.307,46.083,25.334,26.999,14.262,39.501,44.87,40.931,29.225,27.828,10.31,19.802,19.833,37.334,18.911,17.132,49.417,31.673,15.37,20.875,27.413,22.156,41.994,28.418,23.032,21.37,18.667
3.45,22.097,25.79,16.785,26.388,15.726,14.356,22.028,31.387,45.708,9.508,42.115,31.28,13.913,18.315,45.999,25.509,27.226,14.192,39.573,44.939,41.478,29.183,28.005,10.4,19.76,19.758,37.089,18.971,17.163,48.953,31.427,15.414,20.819,27.449,22.26,41.783,28.596,23.177,21.434,18.958
3.46,22.264,25.721,16.78,26.409,15.71,14.399,22.1,31.263,45.585,9.4422,42.072,31.215,13.953,18.355,45.909,25.681,27.447,14.122,39.639,45.007,42.027,29.125,28.168,10.491,19.718,19.68,36.842,19.031,17.193,48.49,31.182,15.454,20.763,27.486,22.361,41.553,28.771,23.317,21.494,19.229
3.47,22.427,25.655,16.774,26.429,15.694,14.442,22.172,31.137,45.453,9.4338,42.025,31.163,13.991,18.436,45.816,25.848,27.663,14.049,39.696,45.077,42.578,29.049,28.316,10.581,19.674,19.597,36.597,19.091,17.218,48.074,30.938,15.49,20.706,27.521,22.461,41.306,28.942,23.451,21.549,19.482
3.48,22.586,25.592,16.767,26.447,15.677,14.485,22.244,31.013,45.312,9.4253,41.973,31.127,14.028,18.509,45.717,26.01,27.873,13.976,39.747,45.147,43.129,28.956,28.451,10.671,19.631,19.51,36.351,19.151,17.243,47.795,30.696,15.522,20.648,27.556,22.559,41.04,29.111,23.579,21.6,19.719
3.49,22.763,25.531,16.759,26.465,15.661,14.528,22.315,30.887,45.163,9.4165,41.916,31.105,14.064,18.578,45.613,26.167,28.078,13.901,39.791,45.217,43.682,28.846,28.572,10.761,19.587,19.419,36.103,19.212,17.265,47.52,30.457,15.551,20.668,27.591,22.654,40.757,29.275,23.702,21.647,19.937
3.5,23.04,25.474,16.749,26.481,15.645,14.571,22.385,30.76,45.005,9.4075,41.856,31.087,14.099,18.64,45.504,26.319,28.278,13.826,39.828,45.289,44.235,28.721,28.681,10.851,19.543,19.323,35.854,19.271,17.284,47.243,30.221,15.577,20.824,27.625,22.767,40.456,29.437,23.818,21.69,20.137
3.51,23.311,25.419,16.738,26.496,15.63,14.614,22.456,30.632,44.84,9.3983,41.791,31.069,14.136,18.695,45.391,26.464,28.472,13.773,39.858,45.36,44.789,28.579,28.778,10.939,19.498,19.225,35.608,19.329,17.303,46.962,29.988,15.6,20.986,27.658,23.114,40.213,29.595,23.928,21.729,20.317
3.52,23.576,25.367,16.726,26.51,15.615,14.657,22.526,30.503,44.667,9.3891,41.721,31.049,14.172,18.746,45.273,26.602,28.662,13.828,39.881,45.433,45.343,28.423,28.866,11.027,19.453,19.121,35.36,19.388,17.318,46.68,29.76,15.62,21.155,27.69,23.46,40.023,29.749,24.031,21.765,20.478
3.53,23.833,25.318,16.712,26.523,15.6,14.7,22.596,30.375,44.488,9.3799,41.648,31.026,14.207,18.79,45.149,26.734,28.846,13.883,39.897,45.505,45.898,28.251,28.944,11.117,19.407,19.016,35.11,19.445,17.331,46.395,29.536,15.638,21.33,27.722,23.805,39.82,29.899,24.128,21.797,20.619
3.54,24.084,25.272,16.698,26.535,15.585,14.743,22.665,30.248,44.301,9.3706,41.57,31.001,14.242,18.83,45.023,26.86,29.025,13.939,39.906,45.579,46.452,28.065,29.014,11.206,19.361,18.906,34.861,19.501,17.343,46.114,29.314,15.653,21.509,27.753,24.149,39.604,30.046,24.217,21.827,20.74
3.55,24.329,25.229,16.682,26.546,15.571,14.786,22.734,30.121,44.108,9.3611,41.489,30.971,14.275,18.866,44.891,26.978,29.198,13.995,39.908,45.652,47.006,27.866,29.074,11.294,19.315,18.794,34.614,19.556,17.351,45.831,29.095,15.666,21.694,27.784,24.491,39.375,30.189,24.3,21.854,20.839
3.56,24.569,25.189,16.665,26.556,15.557,14.828,22.803,29.993,43.91,9.3514,41.404,30.937,14.307,18.898,44.755,27.088,29.367,14.05,39.903,45.726,47.56,27.653,29.124,11.38,19.267,18.678,34.367,19.608,17.359,45.547,28.879,15.786,21.884,27.813,24.83,39.132,30.328,24.374,21.878,20.917
3.57,24.806,25.157,16.647,26.564,15.543,14.871,22.871,29.865,43.706,9.3415,41.315,30.9,14.338,18.928,44.616,27.189,29.53,14.106,39.891,45.8,48.114,27.428,29.163,11.465,19.22,18.559,34.118,19.66,17.364,45.261,28.666,15.959,22.078,27.841,25.168,38.877,30.464,24.441,21.9,20.974
3.58,25.038,25.14,16.627,26.572,15.531,14.914,22.939,29.738,43.498,9.3315,41.223,30.857,14.367,18.956,44.472,27.283,29.688,14.163,39.871,45.874,48.668,27.191,29.19,11.555,19.172,18.439,33.87,19.709,17.369,44.974,28.456,16.123,22.276,27.868,25.503,38.61,30.596,24.5,21.92,21.01
3.59,25.265,25.138,16.607,26.579,15.518,14.957,23.006,29.611,43.284,9.3216,41.128,30.81,14.396,18.99,44.323,27.369,29.841,14.219,39.843,45.949,49.221,26.943,29.205,11.644,19.123,18.315,33.625,19.756,17.371,44.688,28.249,16.278,22.477,27.894,25.837,38.33,30.725,24.55,21.939,21.024
3.6,25.485,25.139,16.618,26.584,15.506,14.999,23.074,29.487,43.068,9.3116,41.03,30.759,14.425,19.026,44.172,27.446,29.989,14.276,39.807,46.023,49.774,26.683,29.207,11.734,19.074,18.191,33.379,19.802,17.372,44.404,28.285,16.422,22.682,27.919,26.167,38.039,30.851,24.592,21.955,21.015
3.61,25.701,25.141,16.639,26.589,15.495,15.041,23.141,29.363,42.848,9.3014,40.928,30.703,14.455,19.065,44.016,27.513,30.132,14.332,39.763,46.098,50.327,26.414,29.197,11.824,19.025,18.064,33.134,19.843,17.373,44.118,28.592,16.557,22.89,27.943,26.494,37.736,30.973,24.625,21.971,20.985
3.62,25.911,25.146,16.66,26.593,15.484,15.084,23.207,29.24,42.626,9.2911,40.823,30.642,14.483,19.102,43.856,27.571,30.271,14.388,39.71,46.172,50.879,26.135,29.174,11.911,18.975,17.937,32.888,19.884,17.373,43.831,28.889,16.682,23.1,27.965,26.819,37.423,31.091,24.649,21.985,20.934
3.63,26.117,25.152,16.681,26.595,15.474,15.126,23.274,29.118,42.405,9.2806,40.717,30.577,14.51,19.137,43.693,27.622,30.405,14.444,39.649,46.247,51.43,25.848,29.139,11.997,18.925,17.807,32.644,19.921,17.373,43.544,29.178,16.8,23.314,27.987,27.14,37.099,31.206,24.663,21.998,20.864
3.64,26.319,25.16,16.701,26.597,15.465,15.168,23.34,28.996,42.186,9.2699,40.607,30.507,14.536,19.168,43.525,27.663,30.534,14.5,39.578,46.321,51.982,25.552,29.092,12.081,18.875,17.676,32.402,19.956,17.374,43.258,29.459,16.911,23.529,28.007,27.459,36.765,31.317,24.668,22.01,20.775
3.65,26.52,25.174,16.722,26.598,15.456,15.21,23.406,28.875,41.973,9.2591,40.495,30.432,14.56,19.197,43.355,27.695,30.658,14.555,39.5,46.395,52.533,25.249,29.032,12.163,18.823,17.543,32.161,19.987,17.374,42.973,29.732,17.013,23.746,28.026,27.773,36.422,31.424,24.663,22.022,20.67
3.66,26.722,25.191,16.742,26.598,15.449,15.252,23.471,28.756,41.786,9.2485,40.381,30.352,14.584,19.22,43.182,27.715,30.779,14.61,39.411,46.468,53.083,24.941,28.961,12.243,18.772,17.41,31.92,20.016,17.372,42.689,29.996,17.105,23.965,28.045,28.085,36.07,31.528,24.648,22.033,20.548
3.67,26.922,25.211,16.762,26.597,15.441,15.294,23.537,28.64,41.673,9.2378,40.264,30.268,14.606,19.24,43.004,27.727,30.894,14.665,39.314,46.541,53.635,24.625,28.878,12.32,18.72,17.274,31.68,20.189,17.37,42.404,30.252,17.187,24.186,28.061,28.392,35.71,31.629,24.623,22.044,20.41
3.68,27.117,25.231,16.781,26.595,15.435,15.335,23.602,28.525,41.733,9.2269,40.145,30.178,14.631,19.255,42.824,27.73,31.004,14.719,39.207,46.614,54.186,24.305,28.784,12.397,18.668,17.139,31.44,20.376,17.365,42.119,30.5,17.26,24.407,28.077,28.696,35.342,31.726,24.588,22.054,20.257
3.69,27.309,25.253,16.801,26.592,15.429,15.377,23.666,28.411,41.854,9.2158,40.025,30.084,14.653,19.266,42.64,27.723,31.109,14.772,39.091,46.686,54.739,23.981,28.679,12.474,18.615,17.002,31.204,20.562,17.36,41.835,30.739,17.324,24.63,28.091,28.995,34.967,31.82,24.542,22.065,20.089
3.7,27.497,25.275,16.82,26.589,15.425,15.418,23.731,28.298,41.971,9.2046,39.902,30.053,14.675,19.274,42.454,27.704,31.21,14.825,38.965,46.759,55.294,23.653,28.563,12.549,18.563,16.866,30.969,20.748,17.352,41.554,30.97,17.379,24.854,28.105,29.29,34.584,31.911,24.486,22.076,19.908
3.71,27.68,25.298,16.839,26.584,15.421,15.46,23.795,28.187,42.083,9.1933,39.777,30.055,14.695,19.277,42.264,27.746,31.306,14.877,38.829,46.83,55.849,23.322,28.438,12.622,18.509,16.728,30.734,20.936,17.343,41.273,31.193,17.425,25.078,28.117,29.581,34.298,31.999,24.546,22.087,19.714
3.72,27.859,25.321,16.858,26.579,15.418,15.501,23.859,28.077,42.189,9.1818,39.651,30.055,14.714,19.277,42.071,27.788,31.397,14.929,38.684,46.9,56.405,22.99,28.302,12.692,18.456,16.591,30.501,21.123,17.333,40.992,31.408,17.464,25.303,28.127,29.868,34.063,32.084,24.62,22.098,19.509
3.73,28.032,25.345,16.876,26.573,15.416,15.542,23.923,27.968,42.29,9.1705,39.523,30.053,14.731,19.274,41.876,27.818,31.484,14.979,38.529,46.97,56.958,22.657,28.158,12.759,18.402,16.454,30.268,21.31,17.319,40.711,31.692,17.502,25.528,28.136,30.15,33.821,32.167,24.688,22.111,19.296
3.74,28.202,25.372,16.894,26.566,15.415,15.582,23.986,27.861,42.388,9.1591,39.393,30.05,14.75,19.269,41.678,27.843,31.567,15.03,38.365,47.039,57.509,22.323,28.005,12.824,18.347,16.316,30.036,21.495,17.306,40.431,32.203,17.611,25.753,28.144,30.427,33.57,32.247,24.751,22.123,19.076
3.75,28.371,25.403,16.912,26.558,15.414,15.623,24.049,27.757,42.48,9.1476,39.261,30.045,14.768,19.263,41.477,27.856,31.646,15.079,38.217,47.108,58.057,21.99,27.845,12.886,18.293,16.179,29.808,21.682,17.289,40.155,32.7,17.74,25.978,28.15,30.7,33.313,32.325,24.807,22.137,18.853
3.76,28.544,25.433,16.93,26.55,15.415,15.663,24.113,27.655,42.568,9.1359,39.128,30.039,14.785,19.255,41.274,27.864,31.722,15.127,38.142,47.175,58.603,21.658,27.676,12.946,18.238,16.043,29.581,21.868,17.272,39.879,33.182,17.863,26.203,28.155,30.969,33.049,32.4,24.859,22.151,18.626
3.77,28.713,25.463,16.948,26.54,15.417,15.704,24.176,27.554,42.651,9.1241,38.994,30.031,14.801,19.247,41.068,27.861,31.795,15.174,38.063,47.243,59.145,21.328,27.5,13.003,18.183,15.906,29.355,22.052,17.252,39.604,33.649,17.98,26.428,28.157,31.233,32.778,32.473,24.904,22.167,18.398
3.78,28.878,25.493,16.965,26.53,15.419,15.744,24.239,27.455,42.73,9.1122,38.858,30.021,14.815,19.239,40.861,27.851,31.865,15.221,37.98,47.308,59.683,21,27.317,13.057,18.128,15.771,29.131,22.235,17.231,39.33,34.1,18.093,26.652,28.157,31.492,32.5,32.543,24.943,22.184,18.168
3.79,29.036,25.521,16.983,26.519,15.423,15.783,24.301,27.357,42.805,9.1001,38.72,30.009,14.828,19.229,40.651,27.832,31.933,15.266,37.893,47.374,60.248,20.677,27.129,13.11,18.072,15.636,28.908,22.418,17.209,39.057,34.536,18.201,26.875,28.156,31.747,32.217,32.61,24.975,22.202,17.938
3.8,29.189,25.549,17,26.508,15.428,15.823,24.364,27.26,42.874,9.0882,38.581,29.996,14.842,19.217,40.439,27.806,31.999,15.311,37.802,47.438,60.954,20.357,27.044,13.163,18.016,15.502,28.686,22.6,17.184,38.786,34.956,18.305,27.098,28.152,31.997,31.927,32.675,25.002,22.221,17.708
3.81,29.336,25.575,17.017,26.496,15.433,15.862,24.427,27.165,42.938,9.0762,38.44,29.981,14.856,19.203,40.226,27.77,32.063,15.354,37.708,47.501,61.657,20.043,26.983,13.213,17.96,15.37,28.466,22.78,17.159,38.517,35.359,18.405,27.32,28.147,32.242,31.631,32.738,25.022,22.241,17.479
3.82,29.478,25.604,17.033,26.482,15.44,15.902,24.489,27.072,42.998,9.0641,38.298,29.964,14.868,19.185,40.011,27.726,32.125,15.397,37.611,47.563,62.355,19.735,26.903,13.26,17.904,15.239,28.247,22.958,17.133,38.25,35.747,18.5,27.542,28.138,32.483,31.33,32.797,25.035,22.263,17.252
3.83,29.615,25.635,17.05,26.469,15.448,15.941,24.551,26.98,43.053,9.0519,38.155,29.946,14.879,19.164,39.794,27.674,32.184,15.438,37.51,47.624,63.05,19.433,26.804,13.304,17.86,15.109,28.031,23.136,17.106,37.984,36.118,18.592,27.761,28.128,32.72,31.025,32.854,25.043,22.286,17.027
3.84,29.75,25.664,17.066,26.454,15.457,15.98,24.614,26.891,43.102,9.0396,38.01,29.926,14.888,19.141,39.575,27.614,32.241,15.479,37.406,47.684,63.738,19.138,26.687,13.346,17.875,14.98,27.817,23.312,17.078,37.72,36.475,18.679,27.98,28.114,32.953,30.714,32.908,25.043,22.311,16.805
3.85,29.917,25.691,17.082,26.439,15.467,16.018,24.676,26.803,43.147,9.0272,37.863,29.904,14.897,19.115,39.355,27.545,32.295,15.518,37.298,47.743,64.42,18.851,26.555,13.385,17.89,14.854,27.605,23.486,17.049,37.457,36.818,18.76,28.198,28.099,33.183,30.4,32.959,25.037,22.337,16.585
3.86,30.082,25.715,17.098,26.423,15.478,16.056,24.739,26.717,43.186,9.0146,37.714,29.881,14.906,19.086,39.134,27.47,32.344,15.557,37.187,47.801,65.092,18.572,26.407,13.42,17.904,14.729,27.394,23.659,17.019,37.195,37.147,18.837,28.414,28.081,33.41,30.081,33.008,25.024,22.365,16.37
3.87,30.241,25.738,17.114,26.406,15.49,16.094,24.801,26.631,43.221,9.0022,37.564,29.857,14.915,19.056,38.912,27.386,32.389,15.595,37.072,47.858,65.753,18.302,26.244,13.453,17.918,14.607,27.184,23.83,16.989,36.936,37.464,18.908,28.629,28.06,33.635,29.759,33.054,25.004,22.394,16.16
3.88,30.395,25.758,17.129,26.389,15.503,16.132,24.863,26.548,43.251,8.9897,37.413,29.831,14.923,19.026,38.687,27.295,32.429,15.631,36.953,47.914,66.403,18.041,26.068,13.483,17.932,14.486,26.977,24.001,16.956,36.68,37.768,18.974,28.842,28.037,33.86,29.434,33.098,24.977,22.425,15.954
3.89,30.542,25.783,17.145,26.371,15.517,16.17,24.926,26.465,43.275,8.9771,37.26,29.803,14.929,19.03,38.462,27.196,32.465,15.667,36.832,47.968,67.042,17.79,25.88,13.51,17.946,14.367,26.771,24.168,16.924,36.425,38.061,19.035,29.066,28.012,34.095,29.106,33.14,24.943,22.457,15.899
3.9,30.681,25.805,17.16,26.353,15.532,16.207,24.988,26.384,43.296,8.9645,37.105,29.774,14.934,19.046,38.235,27.089,32.496,15.701,36.706,48.021,67.67,17.549,25.681,13.536,17.959,14.251,26.567,24.335,16.891,36.173,38.343,19.092,29.417,27.984,34.333,28.776,33.179,24.948,22.491,15.854
3.91,30.815,25.824,17.175,26.333,15.549,16.244,25.05,26.303,43.311,8.9517,36.949,29.743,14.939,19.062,38.007,26.976,32.521,15.735,36.577,48.074,68.287,17.342,25.471,13.562,17.973,14.137,26.365,24.499,16.856,35.922,38.615,19.145,29.771,27.954,34.568,28.443,33.217,25.044,22.526,15.807
3.92,30.942,25.841,17.19,26.314,15.566,16.281,25.112,26.224,43.322,8.9388,36.791,29.712,14.945,19.075,37.778,26.855,32.541,15.767,36.445,48.124,68.892,17.336,25.252,13.585,17.986,14.026,26.165,24.663,16.821,35.673,38.877,19.193,30.128,27.921,34.799,28.109,33.252,25.136,22.563,15.759
3.93,31.063,25.885,17.204,26.293,15.585,16.317,25.175,26.147,43.326,8.9259,36.632,29.678,14.962,19.086,37.548,26.728,32.557,15.798,36.309,48.174,69.486,17.326,25.025,13.605,17.998,13.917,25.966,24.823,16.784,35.426,39.131,19.236,30.487,27.886,35.027,27.773,33.284,25.223,22.601,15.71
3.94,31.178,25.927,17.218,26.272,15.604,16.353,25.236,26.072,43.328,8.9131,36.471,29.644,14.987,19.094,37.317,26.595,32.567,15.829,36.169,48.223,70.067,17.311,24.792,13.623,18.011,13.812,25.77,24.981,16.746,35.181,39.375,19.275,30.849,27.848,35.252,27.436,33.314,25.304,22.641,15.66
3.95,31.287,25.997,17.232,26.251,15.625,16.389,25.298,25.997,43.323,8.9002,36.309,29.608,15.011,19.098,37.084,26.454,32.572,15.859,36.027,48.27,70.636,17.291,24.552,13.637,18.023,13.709,25.577,25.137,16.707,34.939,39.612,19.307,31.213,27.808,35.479,27.098,33.341,25.381,22.682,15.609
3.96,31.392,26.116,17.246,26.228,15.647,16.425,25.36,25.923,43.315,8.8872,36.145,29.571,15.033,19.1,36.851,26.307,32.572,15.887,35.88,48.316,71.192,17.269,24.308,13.649,18.036,13.609,25.386,25.29,16.666,34.698,39.84,19.334,31.578,27.767,35.713,26.76,33.365,25.452,22.724,15.558
3.97,31.492,26.235,17.26,26.205,15.67,16.46,25.421,25.851,43.3,8.8741,35.98,29.533,15.058,19.096,36.617,26.155,32.566,15.915,35.73,48.361,71.735,17.241,24.109,13.658,18.048,13.512,25.197,25.441,16.624,34.461,40.062,19.356,31.945,27.723,35.947,26.422,33.385,25.518,22.768,15.507
3.98,31.587,26.354,17.274,26.182,15.694,16.495,25.482,25.779,43.282,8.8609,35.813,29.493,15.081,19.091,36.382,25.997,32.556,15.941,35.577,48.404,72.264,17.21,23.998,13.664,18.06,13.419,25.01,25.588,16.58,34.227,40.276,19.372,32.314,27.677,36.179,26.084,33.403,25.579,22.812,15.456
3.99,31.676,26.474,17.287,26.158,15.718,16.53,25.543,25.708,43.259,8.8477,35.645,29.453,15.102,19.08,36.146,25.832,32.54,15.966,35.422,48.464,72.78,17.174,23.887,13.668,18.072,13.328,24.825,25.732,16.534,33.994,40.483,19.382,32.684,27.629,36.408,25.747,33.432,25.634,22.858,15.404
4,31.76,26.593,17.3,26.134,15.745,16.564,25.603,25.637,43.232,8.8345,35.476,29.411,15.123,19.067,35.91,25.661,32.52,15.991,35.264,48.723,73.283,17.135,23.775,13.669,18.084,13.242,24.643,25.875,16.488,33.764,40.683,19.387,33.057,27.578,36.634,25.41,33.483,25.684,22.905,15.353
4.01,31.838,26.712,17.313,26.109,15.772,16.598,25.663,25.568,43.2,8.8213,35.304,29.368,15.141,19.049,35.672,25.486,32.495,16.014,35.104,48.989,73.773,17.091,23.665,13.667,18.096,13.158,24.463,26.013,16.44,33.537,40.877,19.387,33.43,27.526,36.856,25.075,33.533,25.729,22.953,15.301
4.02,31.91,26.831,17.327,26.083,15.8,16.632,25.723,25.499,43.164,8.8081,35.132,29.324,15.159,19.028,35.452,25.306,32.465,16.036,34.942,49.261,74.249,17.043,23.556,13.666,18.107,13.078,24.286,26.148,16.39,33.311,41.062,19.382,33.804,27.472,37.075,24.741,33.582,25.768,23.002,15.251
4.03,31.977,26.949,17.34,26.057,15.829,16.666,25.782,25.432,43.123,8.7947,34.959,29.279,15.175,19.003,35.376,25.12,32.431,16.058,34.805,49.54,74.711,16.993,23.45,13.664,18.119,13.002,24.111,26.281,16.34,33.089,41.24,19.373,34.178,27.416,37.293,24.408,33.628,25.801,23.051,15.2
4.04,32.039,27.067,17.353,26.03,15.859,16.699,25.842,25.366,43.079,8.7812,34.784,29.233,15.193,18.975,35.301,24.928,32.392,16.078,34.795,49.826,75.16,16.938,23.487,13.658,18.13,12.93,23.938,26.41,16.288,32.869,41.411,19.362,34.553,27.359,37.513,24.078,33.673,25.829,23.102,15.15
4.05,32.098,27.183,17.366,26.003,15.89,16.732,25.9,25.3,43.03,8.7678,34.608,29.187,15.21,18.944,35.223,24.731,32.348,16.096,34.783,50.119,75.594,16.879,23.633,13.651,18.141,12.861,23.768,26.535,16.234,32.651,41.575,19.348,34.928,27.299,37.738,23.75,33.717,25.852,23.153,15.101
4.06,32.153,27.299,17.378,25.976,15.922,16.764,25.959,25.235,42.979,8.7545,34.432,29.139,15.225,18.91,35.146,24.53,32.3,16.114,34.771,50.418,76.016,16.817,23.777,13.641,18.152,12.797,23.601,26.658,16.18,32.437,41.731,19.329,35.303,27.237,37.964,23.425,33.759,25.869,23.205,15.052
4.07,32.204,27.414,17.391,25.947,15.955,16.796,26.017,25.17,42.923,8.741,34.253,29.091,15.239,18.886,35.067,24.324,32.248,16.13,34.757,50.724,76.423,16.751,23.919,13.628,18.163,12.736,23.438,26.775,16.124,32.225,41.878,19.305,35.678,27.174,38.188,23.102,33.8,25.88,23.257,15.005
4.08,32.252,27.528,17.425,25.919,15.989,16.828,26.074,25.105,42.864,8.7275,34.075,29.043,15.251,18.999,34.988,24.114,32.192,16.145,34.743,51.036,76.816,16.682,24.059,13.613,18.173,12.679,23.395,26.891,16.066,32.015,42.017,19.276,36.053,27.109,38.41,22.783,33.839,25.885,23.31,14.958
4.09,32.294,27.645,17.473,25.89,16.024,16.86,26.132,25.041,42.802,8.7139,33.895,28.994,15.262,19.11,34.908,23.899,32.131,16.159,34.727,51.597,77.195,16.609,24.197,13.596,18.184,12.627,23.375,27.002,16.008,31.809,42.148,19.241,36.427,27.042,38.629,22.467,33.877,25.884,23.363,14.912
4.1,32.331,27.76,17.521,25.86,16.06,16.891,26.188,24.977,42.736,8.7002,33.715,28.945,15.271,19.22,34.827,23.681,32.067,16.171,34.711,52.164,77.56,16.73,24.332,13.577,18.194,12.579,23.354,27.108,15.948,31.605,42.267,19.199,36.801,26.974,38.847,22.155,33.914,25.876,23.417,14.868
4.11,32.364,27.874,17.569,25.831,16.096,16.921,26.244,24.915,42.667,8.6866,33.534,28.897,15.279,19.327,34.746,23.459,31.999,16.182,34.694,52.727,77.914,16.899,24.465,13.555,18.204,12.534,23.331,27.213,15.887,31.404,42.377,19.15,37.174,26.904,39.065,21.847,33.949,25.863,23.471,14.825
4.12,32.392,27.986,17.616,25.801,16.134,16.951,26.301,24.853,42.595,8.673,33.352,28.849,15.289,19.431,34.663,23.234,31.927,16.191,34.676,53.286,78.257,17.065,24.596,13.531,18.214,12.494,23.308,27.313,15.823,31.206,42.476,19.094,37.546,26.833,39.282,21.543,33.983,25.844,23.524,14.784
4.13,32.414,28.097,17.664,25.77,16.173,16.981,26.356,24.792,42.522,8.6594,33.175,28.805,15.298,19.532,34.58,23.006,31.852,16.199,34.657,53.842,78.592,17.228,24.724,13.509,18.224,12.458,23.284,27.407,15.76,31.011,42.565,19.032,37.917,26.76,39.497,21.282,34.015,25.818,23.578,14.743
4.14,32.432,28.206,17.71,25.739,16.212,17.011,26.411,24.73,42.445,8.6456,33.156,28.767,15.305,19.633,34.496,23.093,31.773,16.206,34.638,54.394,78.918,17.387,24.851,13.52,18.233,12.427,23.258,27.5,15.695,30.819,42.645,18.964,38.288,26.685,39.71,21.026,34.046,25.785,23.632,14.705
4.15,32.449,28.313,17.757,25.708,16.252,17.041,26.465,24.669,42.366,8.6318,33.136,28.746,15.311,19.731,34.412,23.185,31.691,16.211,34.618,54.942,79.235,17.543,24.975,13.536,18.243,12.403,23.232,27.588,15.628,30.629,42.715,18.889,38.657,26.61,39.922,20.769,34.075,25.746,23.686,14.668
4.16,32.479,28.419,17.803,25.676,16.293,17.07,26.52,24.607,42.285,8.618,33.116,28.729,15.316,19.826,34.326,23.272,31.607,16.215,34.598,55.486,79.546,17.693,25.097,13.549,18.253,12.386,23.205,27.671,15.559,30.443,42.776,18.808,39.025,26.533,40.137,20.513,34.103,25.7,23.739,14.632
4.17,32.514,28.522,17.848,25.644,16.335,17.098,26.574,24.546,42.201,8.6043,33.095,28.711,15.319,19.918,34.24,23.357,31.519,16.218,34.577,56.026,79.85,17.838,25.216,13.56,18.263,12.372,23.176,27.752,15.491,30.26,42.827,18.72,39.391,26.454,40.367,20.258,34.129,25.649,23.792,14.599
4.18,32.547,28.623,17.893,25.612,16.378,17.126,26.627,24.487,42.114,8.5905,33.073,28.694,15.321,20.009,34.154,23.438,31.429,16.218,34.555,56.562,80.149,17.978,25.334,13.568,18.272,12.362,23.148,27.828,15.425,30.079,42.867,18.626,39.757,26.375,40.622,20.003,34.153,25.59,23.845,14.567
4.19,32.576,28.722,17.938,25.58,16.421,17.154,26.679,24.427,42.024,8.5766,33.05,28.675,15.321,20.098,34.066,23.515,31.336,16.218,34.533,57.095,80.443,18.111,25.449,13.576,18.282,12.355,23.12,27.898,15.517,29.902,42.896,18.525,40.121,26.295,40.877,19.925,34.175,25.525,23.898,14.537
4.2,32.602,28.819,17.982,25.548,16.465,17.182,26.732,24.371,41.931,8.5691,33.027,28.656,15.32,20.185,33.978,23.589,31.241,16.216,34.51,57.622,80.736,18.238,25.561,13.584,18.291,12.351,23.09,27.966,15.605,29.727,42.91,18.418,40.484,26.213,41.165,19.852,34.197,25.453,23.949,14.51
4.21,32.624,28.914,18.026,25.515,16.51,17.209,26.784,24.368,41.835,8.5847,33.003,28.636,15.32,20.268,33.889,23.661,31.143,16.213,34.488,58.146,81.266,18.359,25.672,13.59,18.3,12.351,23.059,28.03,15.69,29.556,42.908,18.306,40.846,26.131,41.478,19.777,34.217,25.375,24,14.484
4.22,32.643,29.006,18.07,25.483,16.556,17.235,26.835,24.363,41.737,8.5996,32.979,28.616,15.319,20.35,33.8,23.728,31.044,16.208,34.464,58.666,81.807,18.473,25.781,13.594,18.309,12.354,23.028,28.088,15.77,29.387,42.891,18.187,41.207,26.048,41.798,19.702,34.236,25.291,24.05,14.461
4.23,32.668,29.096,18.113,25.45,16.602,17.262,26.886,24.358,41.636,8.6138,32.953,28.594,15.318,20.431,33.709,23.791,30.943,16.202,34.44,59.181,82.342,18.58,25.887,13.595,18.318,12.36,22.996,28.143,15.846,29.222,42.858,18.063,41.566,26.01,42.117,19.627,34.253,25.201,24.099,14.439
4.24,32.698,29.183,18.155,25.418,16.649,17.287,26.936,24.353,41.532,8.6273,32.928,28.571,15.315,20.508,33.618,23.853,30.841,16.194,34.416,59.691,82.874,18.679,25.991,13.594,18.327,12.37,22.963,28.194,15.92,29.06,42.809,17.933,41.924,26.066,42.433,19.55,34.269,25.104,24.148,14.42
4.25,32.726,29.272,18.198,25.386,16.696,17.313,26.986,24.347,41.425,8.6402,32.901,28.548,15.311,20.584,33.527,23.91,30.736,16.186,34.391,60.198,83.402,18.769,26.093,13.591,18.336,12.384,22.928,28.239,15.988,28.9,42.744,17.797,42.28,26.122,42.747,19.473,34.284,25.001,24.194,14.404
4.26,32.751,29.359,18.239,25.354,16.744,17.338,27.036,24.341,41.315,8.6524,32.874,28.523,15.305,20.656,33.435,23.963,30.631,16.176,34.366,60.699,83.926,18.852,26.193,13.588,18.345,12.401,22.894,28.28,16.054,28.744,42.661,17.657,42.635,26.176,43.058,19.394,34.297,24.892,24.24,14.389
4.27,32.773,29.444,18.281,25.322,16.793,17.363,27.085,24.334,41.204,8.6639,32.847,28.497,15.299,20.729,33.342,24.015,30.524,16.165,34.415,61.197,84.447,18.927,26.291,13.585,18.353,12.422,22.858,28.319,16.116,28.591,42.558,17.637,42.989,26.229,43.367,19.316,34.309,24.778,24.285,14.378
4.28,32.791,29.526,18.322,25.29,16.843,17.388,27.133,24.327,41.089,8.6748,32.818,28.47,15.291,20.799,33.248,24.062,30.416,16.153,34.483,61.69,84.962,18.993,26.388,13.581,18.361,12.445,22.823,28.352,16.173,28.441,42.434,17.692,43.34,26.282,43.674,19.236,34.319,24.658,24.328,14.368
4.29,32.807,29.605,18.362,25.258,16.892,17.412,27.181,24.386,40.973,8.6849,32.79,28.442,15.281,20.866,33.155,24.106,30.307,16.139,34.552,62.179,85.472,19.051,26.482,13.574,18.37,12.473,22.788,28.379,16.228,28.294,42.288,17.747,43.69,26.334,43.977,19.156,34.327,24.532,24.37,14.361
4.3,32.82,29.681,18.402,25.226,16.943,17.435,27.229,24.55,40.853,8.6946,32.76,28.413,15.271,20.93,33.06,24.147,30.197,16.125,34.621,62.663,85.976,19.099,26.575,13.565,18.378,12.504,22.751,28.405,16.279,28.15,42.119,17.802,44.037,26.385,44.278,19.075,34.334,24.4,24.411,14.357
4.31,32.829,29.754,18.441,25.194,16.994,17.459,27.276,24.711,40.732,8.7034,32.73,28.382,15.259,20.994,32.965,24.185,30.086,16.109,34.692,63.143,86.473,19.14,26.667,13.555,18.386,12.54,22.714,28.425,16.327,28.009,41.925,17.856,44.382,26.435,44.575,18.993,34.34,24.263,24.449,14.356
4.32,32.834,29.825,18.481,25.162,17.045,17.482,27.322,24.869,40.607,8.7119,32.7,28.351,15.249,21.056,32.869,24.219,29.975,16.093,34.763,63.618,86.964,19.171,26.757,13.542,18.394,12.583,22.677,28.439,16.371,27.871,41.708,17.909,44.725,26.485,44.869,18.911,34.344,24.121,24.523,14.357
4.33,32.837,29.893,18.519,25.13,17.097,17.504,27.368,25.025,40.481,8.7197,32.669,28.318,15.238,21.116,32.773,24.251,29.863,16.075,34.836,64.089,87.448,19.193,26.847,13.528,18.402,12.629,22.638,28.452,16.413,27.736,41.466,17.961,45.066,26.534,45.162,18.828,34.346,23.973,24.637,14.36
4.34,32.836,29.958,18.557,25.098,17.15,17.527,27.414,25.179,40.351,8.7269,32.637,28.284,15.226,21.172,32.677,24.279,29.751,16.056,34.909,64.554,87.925,19.206,26.936,13.515,18.41,12.679,22.599,28.46,16.451,27.604,41.199,18.013,45.404,26.582,45.452,18.745,34.346,23.82,24.75,14.367
4.35,32.831,30.019,18.595,25.065,17.202,17.549,27.459,25.329,40.22,8.7337,32.605,28.25,15.212,21.229,32.58,24.304,29.639,16.037,34.984,65.015,88.395,19.21,27.025,13.501,18.418,12.733,22.56,28.461,16.486,27.475,40.909,18.064,45.741,26.629,45.741,18.66,34.345,23.674,24.862,14.376
4.36,32.824,30.079,18.633,25.033,17.255,17.57,27.503,25.477,40.085,8.7397,32.572,28.213,15.198,21.283,32.482,24.326,29.526,16.017,35.059,65.471,88.859,19.205,27.12,13.486,18.425,12.791,22.519,28.461,16.52,27.349,40.595,18.114,46.075,26.676,46.027,18.575,34.342,23.685,24.973,14.388
4.37,32.813,30.141,18.669,25,17.309,17.591,27.547,25.622,39.948,8.7455,32.539,28.176,15.182,21.335,32.384,24.345,29.414,15.995,35.135,65.922,89.315,19.191,27.233,13.469,18.433,12.851,22.48,28.456,16.55,27.226,40.258,18.164,46.407,26.722,46.31,18.49,34.337,23.694,25.084,14.403
4.38,32.8,30.199,18.706,24.967,17.363,17.612,27.591,25.765,39.809,8.7505,32.505,28.138,15.165,21.384,32.286,24.36,29.301,15.973,35.212,66.367,89.765,19.168,27.348,13.45,18.44,12.915,22.44,28.446,16.579,27.106,39.899,18.214,46.736,26.767,46.589,18.404,34.33,23.7,25.194,14.433
4.39,32.784,30.254,18.742,24.934,17.417,17.632,27.634,25.905,39.667,8.7551,32.471,28.098,15.146,21.432,32.187,24.374,29.189,15.95,35.29,66.808,90.208,19.137,27.463,13.43,18.448,12.982,22.4,28.471,16.605,26.99,39.553,18.262,47.063,26.811,46.864,18.318,34.322,23.703,25.303,14.51
4.4,32.763,30.307,18.777,24.901,17.472,17.652,27.676,26.044,39.523,8.7592,32.436,28.058,15.127,21.479,32.088,24.383,29.077,15.927,35.369,67.242,90.644,19.097,27.577,13.41,18.456,13.052,22.359,28.539,16.63,26.877,39.261,18.31,47.388,26.855,47.134,18.231,34.312,23.703,25.41,14.589
4.41,32.74,30.356,18.812,24.868,17.527,17.672,27.718,26.181,39.378,8.7625,32.401,28.016,15.107,21.524,31.988,24.39,28.966,15.903,35.448,67.672,91.073,19.131,27.69,13.39,18.463,13.125,22.318,28.604,16.653,26.766,38.951,18.356,47.711,26.898,47.4,18.143,34.301,23.701,25.517,14.667
4.42,32.714,30.402,18.847,24.835,17.582,17.692,27.76,26.317,39.229,8.7656,32.365,27.972,15.085,21.566,31.888,24.394,28.855,15.878,35.529,68.097,91.496,19.302,27.801,13.37,18.47,13.201,22.277,28.669,16.676,26.667,38.623,18.402,48.03,26.941,47.662,18.055,34.289,23.697,25.623,14.746
4.43,32.692,30.445,18.881,24.801,17.638,17.711,27.801,26.454,39.079,8.7678,32.329,27.929,15.065,21.607,31.788,24.395,28.745,15.853,35.609,68.516,91.911,19.47,27.91,13.347,18.478,13.279,22.235,28.73,16.714,26.636,38.277,18.447,48.348,26.983,47.919,17.967,34.275,23.689,25.727,14.825
4.44,32.672,30.486,18.914,24.767,17.693,17.729,27.841,26.59,38.927,8.7698,32.293,27.884,15.045,21.645,31.687,24.393,28.636,15.826,35.691,68.93,92.32,19.637,28.018,13.324,18.485,13.361,22.193,28.79,16.769,26.604,37.915,18.492,48.663,27.024,48.172,17.877,34.261,23.679,25.83,14.904
4.45,32.648,30.523,18.947,24.733,17.749,17.747,27.881,26.729,38.772,8.771,32.256,27.837,15.023,21.683,31.586,24.389,28.528,15.8,35.773,69.34,92.722,19.801,28.124,13.3,18.492,13.444,22.15,28.846,16.825,26.572,37.539,18.536,48.976,27.065,48.421,17.788,34.245,23.666,25.931,14.984
4.46,32.622,30.557,18.98,24.699,17.805,17.765,27.921,26.872,38.615,8.7719,32.218,27.79,15,21.719,31.484,24.381,28.42,15.772,35.856,69.745,93.117,19.962,28.227,13.278,18.499,13.53,22.108,28.899,16.88,26.539,37.159,18.579,49.286,27.106,48.666,17.698,34.228,23.651,26.032,15.064
4.47,32.594,30.588,19.012,24.665,17.862,17.783,27.96,27.017,38.458,8.772,32.18,27.742,14.976,21.752,31.383,24.371,28.315,15.744,35.94,70.144,93.505,20.121,28.329,13.254,18.506,13.619,22.065,28.95,16.935,26.505,37.123,18.621,49.595,27.145,48.908,17.608,34.21,23.632,26.13,15.145
4.48,32.561,30.619,19.044,24.63,17.918,17.8,27.998,27.164,38.297,8.7718,32.142,27.692,14.951,21.784,31.281,24.358,28.21,15.716,36.023,70.538,93.886,20.275,28.429,13.228,18.512,13.71,22.023,28.997,16.988,26.471,37.066,18.662,49.901,27.184,49.146,17.517,34.19,23.611,26.227,15.225
4.49,32.527,30.65,19.075,24.596,17.975,17.817,28.036,27.313,38.135,8.771,32.104,27.641,14.924,21.813,31.179,24.342,28.107,15.687,36.108,70.928,94.26,20.427,28.526,13.204,18.519,13.802,21.981,29.042,17.041,26.436,36.988,18.702,50.206,27.223,49.381,17.427,34.17,23.587,26.322,15.306
4.5,32.489,30.677,19.106,24.561,18.032,17.834,28.074,27.46,37.972,8.7698,32.064,27.59,14.897,21.841,31.076,24.324,28.005,15.657,36.192,71.313,94.627,20.574,28.622,13.179,18.526,13.897,21.939,29.084,17.093,26.401,36.89,18.742,50.508,27.26,49.611,17.335,34.148,23.56,26.416,15.388
4.51,32.447,30.702,19.136,24.525,18.088,17.85,28.111,27.606,37.807,8.7681,32.025,27.537,14.869,21.868,30.973,24.303,27.905,15.627,36.278,71.693,94.986,20.716,28.715,13.154,18.532,13.994,21.896,29.123,17.143,26.366,36.773,18.78,50.808,27.298,49.838,17.244,34.125,23.53,26.508,15.469
4.52,32.404,30.723,19.166,24.49,18.146,17.866,28.148,27.751,37.639,8.7659,31.986,27.483,14.84,21.894,30.87,24.28,27.807,15.597,36.363,72.069,95.338,20.855,28.807,13.128,18.539,14.092,21.853,29.159,17.192,26.331,36.639,18.819,51.104,27.335,50.06,17.152,34.101,23.498,26.598,15.551
4.53,32.358,30.742,19.195,24.454,18.202,17.882,28.183,27.895,37.471,8.7634,31.945,27.429,14.81,21.917,30.767,24.255,27.711,15.565,36.449,72.44,95.682,20.988,28.896,13.104,18.545,14.192,21.81,29.193,17.239,26.295,36.489,18.856,51.398,27.371,50.277,17.06,34.075,23.463,26.686,15.634
4.54,32.309,30.758,19.224,24.419,18.26,17.898,28.219,28.037,37.302,8.7604,31.905,27.373,14.781,21.938,30.664,24.226,27.616,15.534,36.535,72.806,96.018,21.117,28.983,13.078,18.551,14.294,21.767,29.225,17.285,26.259,36.324,18.892,51.689,27.406,50.489,16.967,34.049,23.424,26.772,15.717
4.55,32.259,30.781,19.252,24.382,18.317,17.913,28.255,28.179,37.13,8.7571,31.864,27.316,14.752,21.957,30.561,24.196,27.524,15.502,36.622,73.169,96.346,21.241,29.068,13.052,18.557,14.398,21.724,29.255,17.329,26.222,36.145,18.928,51.977,27.441,50.697,16.875,34.021,23.383,26.856,15.8
4.56,32.205,31.135,19.28,24.346,18.374,17.928,28.289,28.32,36.957,8.7535,31.823,27.259,14.722,21.974,30.457,24.163,27.433,15.469,36.708,73.527,96.666,21.36,29.211,13.024,18.563,14.502,21.68,29.283,17.371,26.185,36.343,18.963,52.262,27.476,50.9,16.781,33.993,23.339,26.938,15.883
4.57,32.148,31.49,19.307,24.31,18.431,17.943,28.323,28.46,36.784,8.7496,31.782,27.2,14.69,21.99,30.353,24.128,27.345,15.436,36.794,73.881,96.979,21.474,29.546,12.998,18.569,14.608,21.637,29.308,17.413,26.147,36.543,18.996,52.544,27.51,51.099,16.688,33.963,23.292,27.019,15.967
4.58,32.089,31.837,19.335,24.273,18.488,17.958,28.357,28.6,36.608,8.7454,31.74,27.141,14.658,22.006,30.249,24.091,27.259,15.403,36.881,74.231,97.284,21.582,29.882,12.972,18.575,14.716,21.594,29.33,17.479,26.109,36.73,19.029,52.824,27.543,51.294,16.595,33.933,23.242,27.097,16.051
4.59,32.027,32.183,19.361,24.236,18.546,17.972,28.391,28.739,36.431,8.7409,31.698,27.08,14.625,22.019,30.145,24.051,27.176,15.368,36.967,74.577,97.579,21.685,30.217,12.945,18.581,14.824,21.551,29.35,17.56,26.07,36.902,19.062,53.101,27.576,51.485,16.501,33.901,23.189,27.172,16.136
4.6,31.963,32.518,19.387,24.199,18.603,17.986,28.424,28.878,36.254,8.7362,31.656,27.019,14.591,22.031,30.041,24.009,27.094,15.334,37.054,74.919,97.867,21.782,30.552,12.917,18.586,14.934,21.508,29.366,17.648,26.03,37.06,19.093,53.375,27.609,51.672,16.406,33.869,23.132,27.246,16.221
4.61,31.897,32.851,19.412,24.161,18.66,18,28.456,29.016,36.075,8.7311,31.614,26.957,14.557,22.04,29.936,23.966,27.016,15.299,37.14,75.257,98.147,21.874,30.887,12.888,18.592,15.044,21.465,29.38,17.74,25.991,37.203,19.124,53.647,27.64,51.858,16.312,33.835,23.073,27.317,16.306
4.62,31.829,33.185,19.438,24.123,18.717,18.013,28.488,29.152,35.894,8.7258,31.571,26.894,14.521,22.048,29.831,23.919,26.939,15.263,37.226,75.591,98.417,21.961,31.221,12.858,18.597,15.155,21.422,29.391,17.832,25.952,37.332,19.154,53.916,27.672,52.04,16.217,33.801,23.01,27.386,16.391
4.63,31.763,33.521,19.462,24.085,18.774,18.026,28.52,29.288,35.713,8.7202,31.528,26.831,14.484,22.054,29.727,23.871,26.866,15.227,37.312,75.921,98.679,22.041,31.553,12.829,18.603,15.267,21.379,29.4,17.922,25.912,37.445,19.183,54.182,27.702,52.22,16.123,33.766,22.945,27.453,16.477
4.64,31.705,33.861,19.486,24.047,18.83,18.039,28.551,29.421,35.531,8.7144,31.485,26.766,14.447,22.058,29.623,23.821,26.794,15.19,37.397,76.247,98.932,22.115,31.884,12.8,18.608,15.379,21.336,29.406,18.01,25.872,37.543,19.211,54.446,27.732,52.397,16.027,33.73,22.876,27.517,16.563
4.65,31.646,34.222,19.51,24.009,18.887,18.051,28.582,29.553,35.348,8.7085,31.442,26.7,14.411,22.062,29.518,23.768,26.726,15.153,37.482,76.57,99.175,22.185,32.213,12.771,18.614,15.492,21.292,29.409,18.095,25.831,37.626,19.239,54.707,27.761,52.57,15.932,33.693,22.803,27.579,16.65
4.66,31.585,34.579,19.533,23.97,18.944,18.063,28.613,29.683,35.163,8.7023,31.398,26.635,14.375,22.065,29.413,23.714,26.66,15.115,37.566,76.889,99.409,22.249,32.54,12.741,18.619,15.606,21.249,29.409,18.178,25.79,37.692,19.266,54.965,27.79,52.739,15.836,33.655,22.728,27.638,16.737
4.67,31.522,34.929,19.557,23.931,19,18.075,28.643,29.811,34.978,8.696,31.354,26.568,14.337,22.066,29.308,23.657,26.596,15.077,37.65,77.204,99.633,22.306,32.865,12.71,18.624,15.72,21.205,29.407,18.258,25.749,37.743,19.292,55.221,27.818,52.904,15.741,33.616,22.649,27.695,16.824
4.68,31.457,35.273,19.579,23.892,19.057,18.086,28.673,29.937,34.793,8.6894,31.311,26.5,14.299,22.065,29.203,23.6,26.536,15.039,37.734,77.516,99.847,22.358,33.188,12.679,18.629,15.834,21.161,29.403,18.336,25.707,37.777,19.318,55.474,27.845,53.065,15.671,33.577,22.567,27.75,16.912
4.69,31.392,35.611,19.602,23.853,19.113,18.097,28.703,30.061,34.606,8.6826,31.266,26.432,14.26,22.063,29.098,23.54,26.478,14.999,37.816,77.823,100.05,22.404,33.507,12.647,18.635,15.949,21.118,29.399,18.411,25.664,37.796,19.342,55.724,27.872,53.221,15.68,33.536,22.482,27.802,17
4.7,31.326,35.937,19.624,23.813,19.169,18.107,28.732,30.182,34.418,8.6755,31.222,26.363,14.221,22.058,28.993,23.479,26.422,14.96,37.898,78.128,100.24,22.446,33.825,12.615,18.64,16.064,21.075,29.391,18.483,25.621,37.799,19.366,55.972,27.898,53.374,15.69,33.495,22.394,27.851,17.088
4.71,31.258,36.263,19.646,23.773,19.224,18.117,28.762,30.302,34.23,8.6681,31.178,26.293,14.18,22.053,28.889,23.416,26.37,14.919,37.979,78.429,100.43,22.481,34.139,12.581,18.645,16.179,21.032,29.381,18.553,25.578,37.786,19.389,56.217,27.923,53.523,15.699,33.453,22.303,27.898,17.176
4.72,31.188,36.575,19.668,23.733,19.28,18.127,28.791,30.419,34.113,8.6603,31.133,26.223,14.139,22.045,28.783,23.352,26.321,14.879,38.06,78.726,100.6,22.511,34.452,12.548,18.649,16.294,20.989,29.369,18.619,25.534,37.757,19.412,56.458,27.948,53.669,15.707,33.409,22.208,27.943,17.265
4.73,31.116,36.877,19.691,23.693,19.335,18.136,28.82,30.534,34.013,8.6521,31.088,26.152,14.097,22.036,28.678,23.285,26.274,14.837,38.139,79.019,100.76,22.535,34.761,12.514,18.654,16.409,20.945,29.354,18.682,25.49,37.711,19.433,56.698,27.972,53.811,15.715,33.365,22.11,27.984,17.354
4.74,31.042,37.177,19.713,23.652,19.39,18.145,28.849,30.646,33.911,8.6435,31.044,26.08,14.054,22.027,28.573,23.218,26.23,14.806,38.218,79.308,100.91,22.554,35.067,12.482,18.659,16.524,20.901,29.336,18.742,25.446,37.782,19.455,56.934,27.995,53.949,15.723,33.32,22.009,28.023,17.444
4.75,30.966,37.463,19.736,23.611,19.444,18.154,28.877,30.755,33.807,8.6345,30.999,26.008,14.011,22.017,28.469,23.149,26.189,14.808,38.295,79.594,101.05,22.568,35.371,12.449,18.664,16.639,20.857,29.317,18.798,25.403,38.033,19.475,57.167,28.122,54.083,15.731,33.273,21.905,28.06,17.533
4.76,30.89,37.741,19.758,23.57,19.499,18.162,28.905,30.863,33.702,8.6252,30.954,25.935,13.969,22.006,28.364,23.08,26.151,14.808,38.371,79.876,101.17,22.576,35.672,12.416,18.668,16.754,20.813,29.294,18.851,25.358,38.271,19.495,57.398,28.338,54.215,15.738,33.226,21.798,28.094,17.623
4.77,30.829,38.015,19.781,23.529,19.553,18.17,28.933,30.968,33.595,8.6153,30.908,25.862,13.927,21.992,28.259,23.009,26.115,14.806,38.446,80.154,101.29,22.579,35.97,12.382,18.673,16.868,20.769,29.269,18.9,25.313,38.496,19.515,57.625,28.55,54.342,15.802,33.177,21.687,28.125,17.714
4.78,30.765,38.281,19.804,23.487,19.607,18.177,28.961,31.141,33.487,8.6052,30.863,25.788,13.884,21.978,28.154,22.937,26.083,14.804,38.52,80.429,101.39,22.577,36.265,12.348,18.677,16.982,20.724,29.242,18.946,25.268,38.706,19.533,57.849,28.758,54.467,15.884,33.128,21.574,28.153,17.804
4.79,30.699,38.542,19.826,23.446,19.66,18.184,28.988,31.365,33.378,8.5947,30.818,25.714,13.84,21.961,28.049,22.864,26.053,14.805,38.593,80.7,101.48,22.571,36.557,12.314,18.681,17.096,20.68,29.213,18.987,25.222,38.902,19.551,58.069,28.962,54.589,15.966,33.078,21.458,28.179,17.895
4.8,30.631,38.803,19.849,23.404,19.713,18.191,29.014,31.585,33.267,8.5837,30.772,25.639,13.796,21.944,27.945,22.79,26.027,14.806,38.664,80.968,101.55,22.56,36.845,12.458,18.685,17.209,20.635,29.181,19.025,25.176,39.085,19.568,58.287,29.162,54.709,16.05,33.026,21.339,28.202,17.986
4.81,30.562,39.051,19.872,23.361,19.766,18.197,29.041,31.801,33.154,8.5724,30.727,25.564,13.75,21.925,27.84,22.715,26.003,14.807,38.734,81.232,101.62,22.544,37.129,12.61,18.69,17.322,20.591,29.147,19.058,25.13,39.254,19.585,58.501,29.357,54.827,16.136,32.974,21.216,28.222,18.085
4.82,30.491,39.301,19.896,23.319,19.818,18.203,29.066,32.014,33.041,8.5607,30.681,25.488,13.705,21.904,27.736,22.639,25.983,14.807,38.803,81.494,101.67,22.523,37.409,12.753,18.694,17.435,20.546,29.11,19.086,25.083,39.409,19.601,58.712,29.548,54.944,16.222,32.921,21.091,28.24,18.236
4.83,30.422,39.537,19.919,23.276,19.87,18.208,29.092,32.224,32.926,8.5487,30.636,25.412,13.658,21.882,27.631,22.563,25.965,14.805,38.87,81.752,101.71,22.498,37.684,12.881,18.698,17.547,20.501,29.072,19.111,25.036,39.55,19.617,58.92,29.734,55.062,16.309,32.867,20.963,28.255,18.39
4.84,30.352,39.772,19.942,23.233,19.921,18.214,29.117,32.431,32.809,8.5363,30.59,25.335,13.611,21.86,27.527,22.486,25.95,14.802,38.936,82.008,101.74,22.468,37.956,12.997,18.702,17.658,20.456,29.031,19.13,24.989,39.677,19.632,59.125,29.916,55.191,16.397,32.812,20.833,28.268,18.547
4.85,30.281,40,19.966,23.19,19.973,18.218,29.141,32.635,32.692,8.5237,30.544,25.258,13.564,21.838,27.423,22.407,25.938,14.797,39,82.262,101.76,22.434,38.223,13.099,18.706,17.769,20.411,28.99,19.146,24.941,39.79,19.646,59.328,30.093,55.326,16.486,32.756,20.699,28.277,18.706
4.86,30.209,40.225,19.989,23.147,20.023,18.222,29.165,32.835,32.573,8.5108,30.498,25.181,13.518,21.814,27.318,22.329,25.929,14.79,39.063,82.512,101.76,22.396,38.486,13.187,18.709,17.879,20.365,28.947,19.157,24.893,39.892,19.66,59.53,30.266,55.463,16.575,32.699,20.563,28.284,18.868
4.87,30.141,40.447,20.012,23.104,20.073,18.227,29.189,33.032,32.453,8.4976,30.452,25.103,13.471,21.788,27.214,22.249,25.923,14.78,39.124,82.759,101.76,22.354,38.743,13.266,18.713,17.988,20.319,28.902,19.164,24.888,39.98,19.673,59.729,30.434,55.601,16.665,32.641,20.424,28.289,19.032
4.88,30.082,40.66,20.035,23.06,20.123,18.23,29.268,33.226,32.332,8.487,30.407,25.025,13.424,21.762,27.11,22.168,25.92,14.768,39.183,83.003,101.74,22.307,38.996,13.336,18.717,18.096,20.273,28.855,19.166,24.912,40.055,19.686,59.926,30.598,55.739,16.754,32.582,20.283,28.291,19.199
4.89,30.026,40.868,20.057,23.016,20.173,18.233,29.354,33.416,32.209,8.4786,30.361,24.946,13.376,21.734,27.007,22.088,25.92,14.754,39.241,83.245,101.72,22.258,39.244,13.395,18.72,18.205,20.226,28.805,19.165,24.936,40.118,19.698,60.12,30.758,55.879,16.844,32.522,20.139,28.29,19.369
4.9,29.97,41.069,20.08,22.972,20.222,18.236,29.438,33.603,32.086,8.4698,30.315,24.867,13.328,21.704,26.903,22.005,25.923,14.738,39.297,83.485,101.69,22.204,39.487,13.444,18.724,18.312,20.179,28.754,19.159,24.96,40.168,19.71,60.313,30.912,56.021,16.933,32.461,19.993,28.286,19.54
4.91,29.915,41.264,20.104,22.928,20.27,18.239,29.521,33.787,31.962,8.4607,30.27,24.788,13.279,21.674,26.8,21.923,25.928,14.72,39.351,83.723,101.64,22.147,39.725,13.479,18.728,18.418,20.132,28.7,19.149,24.983,40.206,19.721,60.502,31.062,56.172,17.022,32.399,19.845,28.28,19.715
4.92,29.859,41.455,20.128,22.884,20.318,18.241,29.603,33.968,31.836,8.4511,30.224,24.708,13.23,21.643,26.696,21.839,25.936,14.701,39.404,83.958,101.59,22.086,39.957,13.503,18.731,18.523,20.084,28.645,19.135,25.006,40.233,19.732,60.69,31.208,56.337,17.111,32.335,19.771,28.271,19.891
4.93,29.802,41.654,20.153,22.839,20.366,18.243,29.684,34.146,31.709,8.4413,30.178,24.628,13.18,21.61,26.593,21.755,25.948,14.681,39.455,84.192,101.53,22.022,40.185,13.517,18.734,18.628,20.037,28.587,19.118,25.029,40.247,19.742,60.876,31.35,56.517,17.2,32.271,19.744,28.26,20.07
4.94,29.744,41.867,20.181,22.795,20.413,18.244,29.765,34.321,31.582,8.431,30.133,24.547,13.13,21.576,26.49,21.669,25.961,14.661,39.504,84.424,101.47,21.955,40.408,13.522,18.738,18.732,19.989,28.528,19.096,25.051,40.25,19.751,61.059,31.487,56.704,17.288,32.205,19.716,28.245,20.252
4.95,29.686,42.076,20.214,22.75,20.46,18.245,29.847,34.492,31.453,8.4202,30.087,24.466,13.081,21.541,26.387,21.583,25.978,14.64,39.551,84.655,101.4,21.885,40.625,13.517,18.741,18.835,19.942,28.466,19.07,25.072,40.242,19.76,61.24,31.619,56.894,17.375,32.138,19.687,28.229,20.435
4.96,29.627,42.287,20.247,22.705,20.506,18.246,29.927,34.66,31.324,8.4092,30.042,24.433,13.031,21.507,26.284,21.495,25.997,14.618,39.596,84.884,101.32,21.812,40.838,13.499,18.745,18.937,19.893,28.403,19.041,25.093,40.222,19.769,61.42,31.747,57.086,17.462,32.07,19.658,28.209,20.621
4.97,29.567,42.488,20.28,22.66,20.552,18.246,30.007,34.825,31.194,8.3979,29.997,24.435,12.981,21.471,26.182,21.407,26.019,14.596,39.639,85.111,101.24,21.736,41.045,13.471,18.748,19.038,19.845,28.337,19.008,25.113,40.19,19.778,61.597,31.871,57.277,17.547,32.001,19.627,28.187,20.808
4.98,29.506,42.689,20.313,22.614,20.598,18.246,30.085,34.987,31.063,8.386,29.951,24.437,12.931,21.435,26.079,21.317,26.044,14.573,39.681,85.338,101.15,21.657,41.248,13.436,18.752,19.139,19.796,28.27,18.971,25.133,40.147,19.786,61.771,31.991,57.467,17.632,31.93,19.595,28.162,20.998
4.99,29.446,42.876,20.345,22.569,20.643,18.246,30.162,35.146,30.931,8.3736,29.906,24.438,12.88,21.397,25.977,21.227,26.071,14.549,39.72,85.562,101.05,21.576,41.447,13.396,18.755,19.239,19.747,28.201,18.93,25.152,40.238,19.793,61.944,32.105,57.655,17.716,31.859,19.562,28.134,21.19
5,29.387,43.064,20.377,22.523,20.688,18.245,30.238,35.301,30.798,8.3611,29.861,24.44,12.829,21.358,25.875,21.136,26.1,14.524,39.758,85.785,100.95,21.492,41.641,13.348,18.758,19.339,19.697,28.131,18.887,25.171,40.519,19.8,62.114,32.216,57.843,17.798,31.787,19.529,28.103,21.384
5.01,29.334,43.24,20.409,22.478,20.732,18.244,30.313,35.454,30.665,8.3482,29.816,24.441,12.777,21.319,25.773,21.043,26.133,14.496,39.794,86.007,100.84,21.406,41.83,13.291,18.762,19.437,19.647,28.058,18.869,25.19,40.787,19.806,62.282,32.321,58.027,17.88,31.714,19.495,28.07,21.58
5.02,29.282,43.412,20.44,22.432,20.776,18.243,30.385,35.604,30.531,8.3348,29.771,24.442,12.725,21.278,25.672,20.95,26.167,14.467,39.827,86.228,100.72,21.318,42.014,13.225,18.765,19.535,19.596,27.984,18.953,25.207,41.039,19.812,62.448,32.422,58.211,17.959,31.639,19.46,28.035,21.778
5.03,29.23,43.578,20.471,22.386,20.82,18.241,30.456,35.751,30.396,8.321,29.726,24.443,12.672,21.236,25.57,20.855,26.205,14.436,39.859,86.447,100.6,21.228,42.194,13.148,18.768,19.632,19.546,27.91,19.034,25.224,41.275,19.818,62.611,32.52,58.391,18.038,31.564,19.424,27.996,21.977
5.04,29.177,43.743,20.502,22.34,20.863,18.239,30.526,35.895,30.26,8.3068,29.682,24.444,12.621,21.193,25.469,20.759,26.244,14.404,39.889,86.665,100.47,21.136,42.368,13.066,18.771,19.729,19.589,27.835,19.114,25.24,41.494,19.823,62.772,32.612,58.569,18.115,31.488,19.388,27.955,22.179
5.05,29.122,43.909,20.532,22.294,20.906,18.236,30.594,36.036,30.124,8.3084,29.637,24.445,12.585,21.15,25.368,20.663,26.287,14.37,39.917,86.881,100.33,21.043,42.537,12.977,18.774,19.824,19.635,27.757,19.192,25.255,41.695,19.828,62.932,32.701,58.744,18.19,31.412,19.35,27.911,22.382
5.06,29.065,44.108,20.562,22.248,20.948,18.234,30.66,36.174,29.987,8.3348,29.592,24.445,12.603,21.105,25.267,20.566,26.331,14.335,39.943,87.096,100.18,20.947,42.7,12.999,18.777,19.919,19.682,27.678,19.269,25.269,41.877,19.832,63.089,32.785,58.917,18.264,31.334,19.312,27.864,22.587
5.07,29.007,44.361,20.591,22.201,20.99,18.231,30.725,36.309,29.85,8.3599,29.548,24.445,12.621,21.06,25.167,20.467,26.378,14.298,39.967,87.31,100.03,20.851,42.857,13.024,18.78,20.013,19.73,27.598,19.344,25.284,42.039,19.836,63.244,32.865,59.087,18.337,31.256,19.274,27.814,22.794
5.08,28.947,44.635,20.62,22.155,21.032,18.227,30.788,36.44,29.712,8.3836,29.503,24.445,12.639,21.014,25.067,20.368,26.427,14.26,39.99,87.523,99.87,20.753,43.008,13.046,18.783,20.105,19.779,27.516,19.418,25.297,42.181,19.84,63.397,32.941,59.253,18.407,31.177,19.235,27.762,23.002
5.09,28.886,44.916,20.648,22.108,21.073,18.223,30.851,36.569,29.574,8.4061,29.458,24.445,12.655,20.969,24.966,20.268,26.478,14.222,40.01,87.734,99.706,20.653,43.154,13.065,18.786,20.198,19.829,27.432,19.49,25.309,42.302,19.843,63.549,33.012,59.418,18.476,31.097,19.195,27.707,23.212
5.1,28.823,45.191,20.676,22.061,21.114,18.219,30.912,36.696,29.435,8.4273,29.414,24.445,12.672,20.922,24.867,20.167,26.532,14.182,40.029,87.945,99.534,20.553,43.293,13.081,18.789,20.289,19.88,27.347,19.56,25.329,42.401,19.845,63.7,33.08,59.579,18.542,31.016,19.155,27.649,23.424
5.11,28.761,45.462,20.704,22.014,21.155,18.215,30.974,36.819,29.296,8.4527,29.369,24.444,12.689,20.874,24.767,20.065,26.588,14.141,40.046,88.156,99.356,20.452,43.426,13.098,18.792,20.379,19.932,27.26,19.628,25.35,42.477,19.848,63.849,33.143,59.738,18.607,30.935,19.114,27.589,23.637
5.12,28.699,45.721,20.731,21.967,21.195,18.21,31.037,36.938,29.156,8.4829,29.324,24.444,12.706,20.826,24.668,19.963,26.646,14.099,40.062,88.366,99.173,20.351,43.553,13.11,18.795,20.469,19.985,27.172,19.695,25.37,42.529,19.85,63.996,33.203,59.895,18.67,30.853,19.072,27.526,23.851
5.13,28.637,45.969,20.758,21.92,21.235,18.205,31.102,37.046,29.016,8.5123,29.28,24.443,12.723,20.777,24.569,19.859,26.706,14.056,40.075,88.576,98.982,20.249,43.675,13.12,18.798,20.557,20.039,27.083,19.761,25.389,42.557,19.851,64.143,33.26,60.049,18.731,30.77,19.031,27.46,24.067
5.14,28.574,46.218,20.784,21.873,21.274,18.199,31.172,37.143,28.875,8.5409,29.235,24.442,12.739,20.727,24.47,19.755,26.768,14.012,40.087,88.786,98.787,20.146,43.792,13.13,18.801,20.645,20.093,26.992,19.825,25.407,42.707,19.853,64.287,33.312,60.2,18.79,30.687,18.988,27.391,24.284
5.15,28.511,46.456,20.81,21.825,21.313,18.194,31.244,37.23,28.734,8.5688,29.191,24.441,12.755,20.676,24.371,19.65,26.832,13.968,40.097,88.996,98.586,20.043,43.904,13.137,18.804,20.732,20.148,26.9,19.887,25.424,42.923,19.854,64.43,33.361,60.348,18.846,30.603,18.946,27.32,24.502
5.16,28.447,46.683,20.836,21.778,21.352,18.188,31.317,37.307,28.593,8.5959,29.146,24.439,12.771,20.625,24.273,19.545,26.898,13.923,40.105,89.206,98.379,19.94,44.013,13.144,18.807,20.817,20.204,26.806,19.948,25.442,43.152,19.854,64.57,33.407,60.494,18.901,30.518,18.903,27.246,24.72
5.17,28.383,46.898,20.861,21.73,21.39,18.181,31.391,37.373,28.452,8.6225,29.101,24.438,12.786,20.573,24.177,19.439,26.967,13.876,40.111,89.416,98.167,19.836,44.117,13.153,18.81,20.902,20.261,26.711,20.007,25.458,43.362,19.854,64.709,33.449,60.636,18.953,30.432,18.859,27.169,24.94
5.18,28.317,47.101,20.886,21.682,21.428,18.214,31.465,37.429,28.31,8.6569,29.056,24.436,12.801,20.52,24.178,19.331,27.037,13.829,40.115,89.625,97.949,19.733,44.218,13.163,18.812,20.985,20.318,26.615,20.065,25.473,43.552,19.854,64.845,33.488,60.776,19.003,30.345,18.816,27.09,25.161
5.19,28.251,47.304,20.91,21.634,21.466,18.299,31.539,37.474,28.168,8.696,29.012,24.435,12.815,20.466,24.178,19.224,27.109,13.782,40.117,89.834,97.726,19.63,44.315,13.17,18.815,21.106,20.376,26.518,20.122,25.5,43.723,19.853,64.98,33.525,60.912,19.051,30.258,18.772,27.008,25.383
5.2,28.184,47.499,20.934,21.586,21.503,18.384,31.613,37.509,28.026,8.7352,28.967,24.433,12.83,20.412,24.178,19.116,27.182,13.733,40.117,90.042,97.497,19.528,44.409,13.179,18.818,21.236,20.435,26.419,20.177,25.547,43.873,19.852,65.113,33.558,61.046,19.096,30.17,18.728,26.923,25.605
5.21,28.115,47.683,20.957,21.538,21.54,18.468,31.685,37.533,27.884,8.7743,28.922,24.431,12.843,20.358,24.178,19.008,27.258,13.684,40.115,90.25,97.262,19.426,44.499,13.186,18.821,21.367,20.495,26.319,20.231,25.594,44.001,19.851,65.245,33.588,61.178,19.139,30.081,18.685,26.836,25.827
5.22,28.046,47.856,20.98,21.49,21.577,18.551,31.757,37.547,27.741,8.8127,28.877,24.429,12.857,20.303,24.179,18.898,27.336,13.634,40.111,90.457,97.023,19.324,44.583,13.193,18.824,21.497,20.555,26.218,20.282,25.643,44.107,19.85,65.375,33.616,61.306,19.18,29.991,18.644,26.746,26.051
5.23,27.976,48.018,21.003,21.441,21.613,18.633,31.829,37.551,27.598,8.8501,28.833,24.426,12.87,20.248,24.178,18.848,27.415,13.583,40.104,90.663,96.777,19.224,44.663,13.208,18.826,21.628,20.615,26.116,20.334,25.692,44.191,19.848,65.504,33.641,61.432,19.218,29.901,18.605,26.654,26.275
5.24,27.906,48.182,21.025,21.392,21.649,18.715,31.899,37.545,27.456,8.8865,28.788,24.423,12.883,20.193,24.178,18.819,27.496,13.531,40.095,90.868,96.528,19.124,44.736,13.247,18.829,21.758,20.676,26.014,20.383,25.742,44.252,19.846,65.631,33.663,61.555,19.254,29.809,18.566,26.559,26.499
5.25,27.835,48.336,21.046,21.344,21.685,18.796,31.968,37.528,27.313,8.9217,28.743,24.421,12.895,20.136,24.178,18.79,27.578,13.478,40.084,91.07,96.272,19.025,44.912,13.285,18.832,21.887,20.737,25.911,20.431,25.793,44.291,19.843,65.757,33.806,61.674,19.287,29.717,18.529,26.462,26.724
5.26,27.765,48.48,21.068,21.295,21.72,18.877,32.037,37.501,27.171,8.9558,28.698,24.418,12.907,20.079,24.177,18.76,27.663,13.425,40.07,91.272,96.012,18.927,45.208,13.323,18.835,22.017,20.799,25.808,20.478,25.844,44.307,19.84,65.882,34.05,61.791,19.318,29.624,18.491,26.362,26.949
5.27,27.697,48.621,21.088,21.246,21.755,18.957,32.105,37.464,27.027,8.9889,28.653,24.415,12.919,20.022,24.176,18.731,27.748,13.371,40.053,91.472,95.747,18.831,45.5,13.36,18.837,22.146,20.861,25.703,20.523,25.896,44.301,19.837,66.005,34.292,61.906,19.346,29.53,18.454,26.26,27.174
5.28,27.628,48.757,21.109,21.197,21.789,19.036,32.173,37.417,26.884,9.021,28.607,24.412,12.93,19.964,24.174,18.701,27.836,13.315,40.034,91.669,95.476,18.736,45.788,13.396,18.84,22.274,20.924,25.597,20.567,25.949,44.271,19.834,66.126,34.531,62.017,19.372,29.436,18.418,26.239,27.4
5.29,27.559,48.889,21.128,21.148,21.823,19.115,32.243,37.359,26.742,9.0524,28.562,24.409,12.941,19.905,24.173,18.672,27.925,13.26,40.013,91.866,95.202,18.642,46.071,13.429,18.843,22.402,20.987,25.49,20.61,26.002,44.218,19.83,66.246,34.767,62.126,19.395,29.341,18.381,26.289,27.626
5.3,27.49,49.018,21.148,21.098,21.856,19.192,32.316,37.292,26.599,9.0833,28.517,24.406,12.952,19.846,24.171,18.642,28.016,13.203,39.989,92.06,94.923,18.55,46.35,13.464,18.845,22.527,21.05,25.382,20.652,26.056,44.142,19.826,66.365,35,62.232,19.416,29.245,18.345,26.339,27.852
5.31,27.42,49.149,21.167,21.049,21.889,19.269,32.389,37.215,26.456,9.1148,28.472,24.402,12.962,19.786,24.169,18.612,28.108,13.145,39.962,92.253,94.639,18.459,46.624,13.497,18.848,22.651,21.113,25.273,20.692,26.11,44.044,19.821,66.481,35.231,62.335,19.434,29.148,18.309,26.386,28.079
5.32,27.349,49.278,21.185,20.999,21.922,19.344,32.463,37.129,26.313,9.1494,28.427,24.398,12.972,19.726,24.168,18.582,28.201,13.087,39.933,92.444,94.351,18.371,46.894,13.529,18.851,22.774,21.177,25.164,20.758,26.165,43.924,19.816,66.597,35.458,62.435,19.45,29.051,18.274,26.432,28.305
5.33,27.277,49.404,21.203,20.949,21.954,19.419,32.535,37.279,26.17,9.185,28.381,24.395,12.982,19.665,24.166,18.551,28.296,13.028,39.901,92.632,94.059,18.284,47.16,13.561,18.854,22.895,21.24,25.053,20.86,26.221,43.782,19.811,66.711,35.683,62.532,19.463,28.953,18.238,26.477,28.532
5.34,27.204,49.533,21.221,20.9,21.985,19.493,32.607,37.426,26.028,9.2211,28.336,24.391,12.991,19.605,24.163,18.521,28.392,12.968,39.866,92.82,93.764,18.198,47.421,13.593,18.856,23.013,21.304,24.942,20.954,26.277,43.619,19.806,66.822,35.904,62.626,19.473,28.854,18.203,26.519,28.759
5.35,27.131,49.661,21.238,20.85,22.016,19.566,32.678,37.572,25.885,9.2604,28.29,24.387,13.001,19.544,24.161,18.49,28.49,12.907,39.828,93.005,93.465,18.115,47.677,13.626,18.859,23.131,21.369,24.83,21.04,26.333,43.579,19.801,66.932,36.122,62.717,19.481,28.755,18.168,26.56,28.985
5.36,27.057,49.794,21.255,20.8,22.047,19.638,32.747,37.715,25.743,9.3019,28.245,24.383,13.009,19.501,24.158,18.459,28.589,12.846,39.788,93.189,93.162,18.034,47.929,13.657,18.862,23.246,21.433,24.717,21.118,26.391,43.541,19.795,67.04,36.337,62.804,19.486,28.655,18.133,26.6,29.212
5.37,26.981,49.928,21.271,20.749,22.077,19.709,32.816,37.857,25.66,9.3427,28.199,24.378,13.018,19.458,24.155,18.428,28.689,12.783,39.745,93.371,92.856,17.955,48.176,13.69,18.865,23.36,21.497,24.603,21.188,26.448,43.489,19.789,67.147,36.549,62.888,19.488,28.555,18.098,26.637,29.438
5.38,26.906,50.089,21.287,20.699,22.106,19.78,32.883,37.997,25.642,9.3825,28.153,24.374,13.026,19.416,24.152,18.397,28.79,12.72,39.699,93.552,92.547,17.878,48.419,13.721,18.868,23.471,21.561,24.488,21.25,26.506,43.424,19.783,67.252,36.757,62.969,19.488,28.454,18.064,26.673,29.665
5.39,26.83,50.275,21.302,20.649,22.135,19.851,32.948,38.135,25.622,9.4211,28.108,24.37,13.035,19.374,24.149,18.366,28.893,12.656,39.65,93.732,92.235,17.803,48.656,13.751,18.871,23.582,21.626,24.373,21.303,26.565,43.346,19.776,67.354,36.962,63.046,19.485,28.352,18.029,26.708,29.891
5.4,26.753,50.455,21.317,20.598,22.163,19.92,33.013,38.273,25.603,9.4586,28.062,24.365,13.044,19.33,24.145,18.334,28.997,12.592,39.599,93.912,91.919,17.73,48.889,13.779,18.874,23.69,21.69,24.257,21.347,26.623,43.33,19.769,67.455,37.164,63.12,19.48,28.25,17.993,26.74,30.118
5.41,26.675,50.63,21.332,20.548,22.191,19.988,33.076,38.411,25.583,9.4948,28.016,24.36,13.052,19.286,24.142,18.303,29.102,12.527,39.545,94.09,91.601,17.66,49.118,13.808,18.877,23.796,21.755,24.141,21.384,26.683,43.391,19.762,67.554,37.362,63.19,19.472,28.148,17.958,26.771,30.344
5.42,26.597,50.799,21.346,20.497,22.218,20.055,33.138,38.548,25.563,9.5296,27.97,24.355,13.06,19.241,24.138,18.272,29.208,12.461,39.488,94.268,91.278,17.592,49.341,13.836,18.88,23.9,21.819,24.024,21.412,26.742,43.439,19.755,67.65,37.556,63.257,19.461,28.045,17.922,26.8,30.571
5.43,26.518,50.958,21.359,20.446,22.245,20.121,33.199,38.687,25.543,9.5632,27.924,24.351,13.068,19.196,24.134,18.241,29.315,12.394,39.428,94.445,90.954,17.526,49.56,13.862,18.882,24.003,21.883,23.906,21.431,26.802,43.473,19.747,67.744,37.747,63.321,19.447,27.941,17.886,26.828,30.797
5.44,26.439,51.114,21.372,20.395,22.271,20.186,33.259,38.825,25.522,9.5955,27.878,24.345,13.076,19.151,24.13,18.209,29.423,12.327,39.365,94.622,90.625,17.463,49.773,13.887,18.885,24.103,21.947,23.788,21.443,26.862,43.492,19.739,67.836,37.935,63.382,19.431,27.837,17.849,26.854,31.023
5.45,26.361,51.259,21.385,20.344,22.297,20.25,33.317,38.963,25.501,9.6268,27.832,24.34,13.083,19.106,24.126,18.177,29.533,12.26,39.299,94.8,90.293,17.402,49.982,13.91,18.888,24.201,22.011,23.669,21.447,26.923,43.5,19.731,67.925,38.119,63.439,19.413,27.732,17.812,26.878,31.248
5.46,26.283,51.392,21.398,20.293,22.322,20.312,33.375,39.101,25.479,9.6575,27.786,24.335,13.09,19.06,24.122,18.146,29.644,12.192,39.231,94.979,89.958,17.343,50.186,13.931,18.891,24.299,22.075,23.549,21.444,26.984,43.494,19.723,68.013,38.299,63.494,19.392,27.671,17.774,26.9,31.473
5.47,26.205,51.521,21.409,20.242,22.346,20.373,33.431,39.238,25.458,9.6887,27.74,24.33,13.096,19.013,24.117,18.114,29.756,12.123,39.16,95.159,89.62,17.287,50.385,13.952,18.894,24.394,22.139,23.429,21.434,27.045,43.475,19.714,68.099,38.476,63.546,19.368,27.652,17.736,26.92,31.697
5.48,26.129,51.634,21.421,20.19,22.371,20.433,33.485,39.374,25.435,9.7201,27.694,24.324,13.103,18.966,24.113,18.082,29.869,12.054,39.086,95.34,89.278,17.233,50.578,13.973,18.897,24.488,22.203,23.309,21.417,27.107,43.445,19.706,68.184,38.649,63.597,19.341,27.632,17.698,26.939,31.92
5.49,26.149,51.747,21.432,20.139,22.394,20.492,33.539,39.511,25.412,9.7508,27.647,24.319,13.109,18.918,24.108,18.05,29.984,11.985,39.009,95.523,88.933,17.181,50.766,13.993,18.9,24.582,22.266,23.188,21.392,27.169,43.404,19.697,68.268,38.82,63.646,19.312,27.613,17.659,26.956,32.141
5.5,26.167,51.843,21.442,20.088,22.418,20.557,33.592,39.648,25.389,9.7801,27.601,24.313,13.114,18.87,24.103,18.017,30.099,11.915,38.93,95.707,88.586,17.132,50.949,14.011,18.903,24.674,22.329,23.066,21.361,27.231,43.352,19.688,68.352,38.986,63.694,19.281,27.593,17.62,26.971,32.362
5.51,26.186,51.935,21.453,20.036,22.441,20.627,33.644,39.785,25.366,9.8082,27.554,24.307,13.12,18.821,24.098,17.985,30.216,11.845,38.847,95.892,88.235,17.085,51.127,14.027,18.906,24.764,22.392,22.945,21.323,27.293,43.291,19.679,68.436,39.149,63.742,19.247,27.573,17.58,26.985,32.582
5.52,26.203,52.018,21.462,19.984,22.464,20.697,33.694,39.922,25.342,9.835,27.508,24.302,13.125,18.773,24.093,17.953,30.334,11.775,38.762,96.079,87.883,17.04,51.299,14.041,18.908,24.854,22.455,22.822,21.281,27.355,43.222,19.669,68.519,39.309,63.788,19.211,27.552,17.54,26.997,32.8
5.53,26.22,52.09,21.471,19.932,22.486,20.765,33.745,40.059,25.318,9.8603,27.461,24.296,13.13,18.724,24.087,17.92,30.454,11.704,38.674,96.267,87.527,16.998,51.465,14.054,18.911,24.942,22.518,22.701,21.299,27.418,43.143,19.66,68.603,39.465,63.832,19.172,27.531,17.499,27.007,33.017
5.54,26.236,52.162,21.48,19.881,22.509,20.834,33.796,40.195,25.293,9.8842,27.414,24.29,13.134,18.674,24.082,17.888,30.574,11.649,38.583,96.456,87.169,16.958,51.625,14.067,18.914,25.03,22.58,22.578,21.315,27.48,43.056,19.65,68.687,39.618,63.875,19.13,27.51,17.458,27.015,33.232
5.55,26.251,52.226,21.489,19.829,22.531,20.901,33.853,40.33,25.268,9.9067,27.368,24.284,13.139,18.624,24.076,17.855,30.695,11.621,38.49,96.646,86.808,16.921,51.78,14.08,18.917,25.116,22.642,22.456,21.33,27.543,42.961,19.64,68.771,39.767,63.916,19.086,27.489,17.416,27.022,33.446
5.56,26.265,52.279,21.497,19.777,22.553,20.968,33.916,40.464,25.243,9.9278,27.321,24.278,13.143,18.574,24.07,17.823,30.817,11.593,38.394,96.837,86.462,16.885,51.929,14.091,18.92,25.2,22.704,22.333,21.345,27.606,42.857,19.629,68.856,39.913,63.957,19.04,27.468,17.374,27.027,33.658
5.57,26.279,52.332,21.505,19.725,22.575,21.034,33.978,40.596,25.217,9.9475,27.274,24.271,13.147,18.523,24.065,17.79,30.94,11.565,38.431,97.027,86.287,16.852,52.072,14.1,18.923,25.283,22.766,22.21,21.359,27.67,42.745,19.619,68.94,40.056,63.999,18.992,27.446,17.331,27.03,33.868
5.58,26.292,52.369,21.512,19.672,22.596,21.099,34.039,40.727,25.191,9.9658,27.227,24.265,13.15,18.472,24.059,17.758,31.063,11.537,38.544,97.218,86.108,16.821,52.208,14.108,18.926,25.364,22.827,22.086,21.371,27.733,42.626,19.608,69.024,40.196,64.041,18.94,27.424,17.288,27.031,34.077
5.59,26.304,52.403,21.519,19.62,22.617,21.163,34.099,40.855,25.164,9.9827,27.181,24.258,13.154,18.42,24.053,17.725,31.186,11.509,38.655,97.408,85.925,16.792,52.339,14.115,18.929,25.444,22.888,21.963,21.383,27.797,42.499,19.597,69.109,40.332,64.084,18.887,27.402,17.244,27.031,34.284
5.6,26.316,52.419,21.526,19.568,22.638,21.226,34.158,40.981,25.137,9.9984,27.134,24.252,13.157,18.368,24.046,17.692,31.31,11.482,38.765,97.598,85.737,16.765,52.464,14.119,18.932,25.522,22.949,21.839,21.394,27.86,42.366,19.586,69.194,40.465,64.127,18.831,27.38,17.2,27.029,34.489
5.61,26.327,52.434,21.532,19.515,22.658,21.287,34.215,41.106,25.11,10.013,27.087,24.245,13.16,18.316,24.04,17.659,31.434,11.454,38.874,97.787,85.543,16.74,52.582,14.124,18.935,25.597,23.009,21.715,21.404,27.924,42.227,19.575,69.28,40.595,64.169,18.773,27.357,17.155,27.025,34.692
5.62,26.337,52.431,21.706,19.463,22.678,21.348,34.271,41.229,25.082,10.026,27.039,24.239,13.162,18.264,24.033,17.627,31.558,11.427,38.981,97.975,85.342,16.718,52.695,14.129,18.938,25.671,23.069,21.59,21.413,27.988,42.082,19.564,69.368,40.721,64.21,18.713,27.334,17.109,27.02,34.893
5.63,26.347,52.421,21.896,19.41,22.697,21.408,34.325,41.351,25.054,10.039,26.992,24.232,13.165,18.244,24.027,17.594,31.682,11.399,39.088,98.163,85.134,16.697,52.801,14.132,18.941,25.744,23.129,21.466,21.422,28.051,41.931,19.553,69.457,40.845,64.25,18.724,27.31,17.063,27.013,35.093
5.64,26.356,52.4,22.085,19.358,22.716,21.467,34.377,41.472,25.026,10.057,26.945,24.225,13.167,18.241,24.02,17.561,31.806,11.372,39.192,98.349,84.919,16.678,52.901,14.133,18.943,25.815,23.188,21.358,21.43,28.115,41.776,19.542,69.548,40.965,64.289,18.814,27.287,17.017,27.004,35.29
5.65,26.365,52.36,22.273,19.305,22.734,21.525,34.428,41.592,24.998,10.075,26.898,24.218,13.169,18.238,24.013,17.528,31.93,11.345,39.296,98.534,84.697,16.661,52.995,14.133,18.946,25.885,23.247,21.287,21.436,28.179,41.617,19.53,69.639,41.083,64.326,18.904,27.263,16.969,26.994,35.487
5.66,26.373,52.322,22.46,19.252,22.752,21.588,34.477,41.712,24.969,10.092,26.851,24.211,13.17,18.235,24.006,17.495,32.053,11.318,39.398,98.717,84.467,16.645,53.083,14.132,18.949,25.954,23.305,21.216,21.442,28.243,41.454,19.518,69.73,41.197,64.362,18.993,27.239,16.922,26.982,35.684
5.67,26.381,52.266,22.646,19.199,22.77,21.654,34.525,41.83,24.94,10.109,26.803,24.204,13.172,18.232,23.999,17.461,32.176,11.292,39.499,98.898,84.229,16.632,53.166,14.132,18.952,26.021,23.363,21.144,21.447,28.307,41.287,19.506,69.82,41.309,64.396,19.08,27.214,16.873,26.968,35.88
5.68,26.388,52.204,22.83,19.146,22.786,21.719,34.571,41.947,24.91,10.124,26.756,24.197,13.174,18.229,23.992,17.428,32.299,11.265,39.599,99.078,83.984,16.62,53.242,14.147,18.955,26.088,23.421,21.07,21.452,28.371,41.116,19.494,69.909,41.417,64.428,19.167,27.189,16.824,26.953,36.077
5.69,26.395,52.208,23.013,19.093,22.803,21.783,34.615,42.062,24.88,10.138,26.709,24.19,13.176,18.226,23.984,17.395,32.421,11.239,39.697,99.256,83.731,16.609,53.313,14.174,18.958,26.154,23.478,20.996,21.455,28.435,40.941,19.482,69.996,41.523,64.459,19.251,27.164,16.775,26.937,36.273
5.7,26.401,52.206,23.195,19.04,22.819,21.846,34.658,42.174,24.85,10.152,26.662,24.182,13.178,18.223,23.977,17.362,32.543,11.213,39.794,99.431,83.469,16.6,53.378,14.2,18.961,26.218,23.535,20.922,21.458,28.499,40.763,19.47,70.082,41.625,64.488,19.335,27.139,16.725,26.918,36.469
5.71,26.407,52.205,23.376,18.987,22.834,21.907,34.7,42.285,24.82,10.166,26.614,24.175,13.179,18.219,23.969,17.328,32.664,11.187,39.89,99.605,83.2,16.593,53.438,14.227,18.964,26.283,23.592,20.847,21.459,28.563,40.581,19.457,70.167,41.725,64.515,19.417,27.113,16.674,26.898,36.665
5.72,26.412,52.2,23.556,18.934,22.849,21.979,34.741,42.393,24.79,10.178,26.567,24.167,13.181,18.216,23.962,17.295,32.785,11.161,39.985,99.777,82.922,16.587,53.493,14.414,18.967,26.346,23.648,20.77,21.461,28.627,40.397,19.445,70.251,41.822,64.541,19.498,27.087,16.623,26.877,36.861
5.73,26.416,52.261,23.735,18.881,22.863,22.054,34.78,42.499,24.759,10.19,26.519,24.16,13.182,18.213,23.954,17.262,32.905,11.135,40.078,99.947,82.743,16.582,53.542,14.618,18.97,26.409,23.704,20.693,21.461,28.691,40.209,19.432,70.334,41.916,64.565,19.577,27.061,16.572,26.854,37.055
5.74,26.42,52.367,23.913,18.827,22.877,22.128,34.82,42.604,24.728,10.2,26.472,24.152,13.182,18.21,23.946,17.229,33.025,11.11,40.17,100.11,82.74,16.579,53.586,14.822,18.973,26.47,23.76,20.615,21.46,28.754,40.02,19.419,70.417,42.109,64.588,19.656,27.034,16.52,26.83,37.25
5.75,26.424,52.475,24.091,18.774,22.89,22.201,34.858,42.706,24.697,10.21,26.424,24.144,13.183,18.207,23.938,17.196,33.143,11.085,40.261,100.28,82.735,16.576,53.624,15.031,18.975,26.53,23.815,20.536,21.458,28.818,39.828,19.406,70.499,42.338,64.61,19.732,27.007,16.467,26.804,37.443
5.76,26.427,52.582,24.269,18.72,22.903,22.273,34.897,42.806,24.665,10.218,26.377,24.136,13.183,18.204,23.93,17.162,33.261,11.06,40.35,100.45,82.729,16.575,53.657,15.245,18.978,26.588,23.87,20.456,21.456,28.882,39.634,19.393,70.58,42.566,64.63,19.808,26.98,16.414,26.777,37.636
5.77,26.429,52.682,24.445,18.667,22.916,22.344,34.936,42.904,24.634,10.225,26.329,24.128,13.183,18.2,23.922,17.129,33.378,11.035,40.439,100.61,82.722,16.576,53.685,15.457,18.981,26.644,23.924,20.375,21.454,28.945,39.439,19.38,70.661,42.793,64.649,19.882,26.953,16.36,26.748,37.829
5.78,26.431,52.785,24.621,18.613,22.928,22.413,34.974,42.999,24.602,10.23,26.281,24.12,13.183,18.197,23.913,17.096,33.495,11.011,40.526,100.77,82.714,16.577,53.708,15.669,18.984,26.698,23.978,20.294,21.45,29.008,39.242,19.367,70.741,43.018,64.667,19.954,26.925,16.306,26.718,38.022
5.79,26.432,52.877,24.795,18.56,22.94,22.481,35.012,43.093,24.57,10.235,26.233,24.112,13.183,18.194,23.905,17.063,33.61,10.987,40.612,100.93,82.705,16.579,53.725,15.886,18.987,26.75,24.032,20.213,21.445,29.072,39.044,19.354,70.821,43.242,64.683,20.025,26.897,16.251,26.686,38.215
5.8,26.433,52.968,24.969,18.506,22.952,22.548,35.049,43.183,24.537,10.239,26.186,24.103,13.182,18.191,23.896,17.029,33.725,10.963,40.696,101.08,82.694,16.582,53.738,16.107,18.99,26.8,24.085,20.131,21.44,29.135,38.846,19.341,70.9,43.464,64.759,20.095,26.869,16.196,26.653,38.408
5.81,26.434,53.052,25.143,18.452,22.963,22.614,35.085,43.273,24.505,10.241,26.138,24.095,13.181,18.188,23.888,16.996,33.839,10.939,40.78,101.24,82.683,16.586,53.745,16.327,18.993,26.848,24.138,20.048,21.433,29.198,38.645,19.327,70.978,43.684,64.886,20.163,26.841,16.14,26.618,38.6
5.82,26.434,53.13,25.316,18.398,22.974,22.678,35.119,43.36,24.472,10.243,26.09,24.086,13.18,18.185,23.879,16.963,33.951,10.916,40.862,101.4,82.671,16.591,53.747,16.542,18.995,26.894,24.191,19.964,21.427,29.261,38.444,19.314,71.055,43.903,65.01,20.23,26.812,16.084,26.583,38.79
5.83,26.434,53.206,25.488,18.39,22.985,22.742,35.153,43.444,24.439,10.244,26.043,24.078,13.179,18.182,23.87,16.974,34.063,10.893,40.942,101.55,82.657,16.597,53.745,16.755,18.998,26.938,24.244,19.879,21.419,29.324,38.241,19.3,71.131,44.119,65.132,20.295,26.783,16.028,26.546,38.978
5.84,26.433,53.272,25.661,18.402,22.996,22.804,35.185,43.526,24.406,10.244,25.995,24.069,13.178,18.178,23.861,16.991,34.174,10.871,41.021,101.72,82.642,16.603,53.737,16.963,19.001,26.979,24.296,19.794,21.411,29.386,38.037,19.286,71.206,44.333,65.25,20.359,26.754,15.971,26.507,39.164
5.85,26.433,53.34,25.834,18.414,23.006,22.865,35.215,43.606,24.373,10.244,25.947,24.061,13.176,18.175,23.852,17.009,34.284,10.849,41.099,101.89,82.626,16.61,53.725,17.168,19.004,27.019,24.348,19.708,21.402,29.449,37.831,19.273,71.28,44.545,65.365,20.421,26.725,15.913,26.467,39.348
5.86,26.432,53.398,26.007,18.426,23.017,22.925,35.245,43.683,24.339,10.243,25.899,24.052,13.174,18.172,23.843,17.027,34.392,10.827,41.175,102.06,82.609,16.618,53.708,17.366,19.007,27.056,24.399,19.621,21.392,29.511,37.624,19.259,71.353,44.755,65.477,20.482,26.696,15.855,26.426,39.531
5.87,26.43,53.456,26.179,18.438,23.027,22.984,35.272,43.758,24.306,10.241,25.852,24.043,13.173,18.169,23.834,17.044,34.5,10.806,41.25,102.23,82.59,16.627,53.686,17.561,19.01,27.091,24.451,19.534,21.381,29.573,37.416,19.245,71.426,45.056,65.587,20.541,26.666,15.797,26.384,39.712
5.88,26.429,53.507,26.35,18.45,23.036,23.042,35.299,43.83,24.272,10.238,25.804,24.033,13.17,18.166,23.825,17.061,34.606,10.791,41.324,102.4,82.57,16.636,53.66,17.75,19.013,27.123,24.502,19.445,21.369,29.635,37.206,19.231,71.499,45.398,65.693,20.598,26.636,15.738,26.34,39.892
5.89,26.427,53.549,26.521,18.462,23.046,23.098,35.324,43.9,24.238,10.234,25.756,24.024,13.168,18.163,23.816,17.078,34.712,10.8,41.395,102.57,82.548,16.645,53.63,17.937,19.016,27.154,24.552,19.358,21.357,29.697,36.995,19.216,71.571,45.737,65.797,20.655,26.606,15.679,26.295,40.071
5.9,26.425,53.592,26.691,18.474,23.054,23.154,35.348,43.966,24.204,10.237,25.708,24.015,13.166,18.159,23.806,17.095,34.816,10.807,41.466,102.74,82.525,16.655,53.595,18.13,19.019,27.181,24.603,19.269,21.345,29.759,36.783,19.247,71.642,46.072,65.898,20.709,26.576,15.619,26.249,40.248
5.91,26.424,53.626,26.861,18.486,23.063,23.208,35.371,44.03,24.169,10.309,25.66,24.006,13.163,18.156,23.797,17.112,34.919,10.815,41.535,102.91,82.501,16.666,53.556,18.316,19.022,27.206,24.653,19.18,21.332,29.82,36.603,19.352,71.713,46.404,65.996,20.762,26.545,15.559,26.202,40.424
5.92,26.424,53.651,27.03,18.497,23.071,23.261,35.393,44.092,24.135,10.38,25.612,23.996,13.16,18.153,23.787,17.129,35.021,10.823,41.602,103.08,82.476,16.677,53.512,18.498,19.024,27.229,24.702,19.091,21.318,29.881,36.542,19.455,71.783,46.732,66.093,20.814,26.515,15.499,26.153,40.597
5.93,26.423,53.677,27.199,18.508,23.079,23.314,35.413,44.15,24.1,10.45,25.565,23.987,13.157,18.15,23.777,17.145,35.121,10.83,41.668,103.24,82.449,16.689,53.464,18.672,19.027,27.249,24.752,19.001,21.303,29.942,36.481,19.557,71.852,47.057,66.187,20.864,26.484,15.438,26.103,40.782
5.94,26.421,53.694,27.367,18.52,23.086,23.365,35.433,44.205,24.065,10.518,25.517,23.977,13.154,18.147,23.767,17.162,35.221,10.838,41.733,103.41,82.421,16.7,53.412,18.837,19.03,27.267,24.801,18.91,21.287,30.003,36.418,19.658,71.92,47.378,66.279,20.912,26.453,15.377,26.052,41.022
5.95,26.419,53.702,27.534,18.531,23.094,23.415,35.452,44.258,24.03,10.586,25.469,23.967,13.15,18.144,23.758,17.178,35.319,10.845,41.796,103.57,82.391,16.713,53.356,18.997,19.033,27.282,24.849,18.819,21.271,30.064,36.355,19.758,71.988,47.696,66.368,20.959,26.423,15.315,26,41.255
5.96,26.417,53.713,27.699,18.542,23.101,23.464,35.47,44.308,23.995,10.651,25.421,23.957,13.148,18.142,23.748,17.194,35.415,10.852,41.858,103.74,82.359,16.725,53.295,19.145,19.036,27.295,24.898,18.727,21.253,30.124,36.29,19.857,72.055,48.011,66.455,21.004,26.391,15.253,25.947,41.483
5.97,26.414,53.713,27.864,18.553,23.108,23.512,35.487,44.354,23.959,10.715,25.374,23.948,13.145,18.139,23.738,17.21,35.511,10.859,41.918,103.9,82.326,16.738,53.23,19.29,19.038,27.304,24.946,18.634,21.235,30.184,36.225,19.955,72.121,48.323,66.538,21.048,26.36,15.191,25.892,41.704
5.98,26.41,53.705,28.027,18.564,23.116,23.559,35.504,44.397,23.924,10.777,25.326,23.938,13.142,18.136,23.728,17.227,35.605,10.866,41.976,104.07,82.292,16.751,53.162,19.423,19.041,27.312,24.994,18.541,21.218,30.244,36.158,20.051,72.188,48.634,66.619,21.09,26.329,15.128,25.836,41.92
5.99,26.406,53.7,28.189,18.575,23.124,23.604,35.521,44.438,23.888,10.838,25.278,23.928,13.138,18.133,23.718,17.243,35.698,10.873,42.034,104.23,82.256,16.764,53.089,19.55,19.044,27.316,25.042,18.448,21.199,30.303,36.091,20.147,72.254,48.944,66.698,21.131,26.297,15.065,25.779,42.128
6,26.402,53.685,28.35,18.585,23.132,23.649,35.537,44.475,23.852,10.896,25.23,23.917,13.135,18.13,23.708,17.259,35.79,10.879,42.089,104.39,82.218,16.777,53.012,19.667,19.047,27.319,25.089,18.354,21.18,30.362,36.023,20.241,72.32,49.251,66.773,21.17,26.266,15.002,25.721,42.331
6.01,26.397,53.661,28.511,18.596,23.141,23.693,35.554,44.508,23.816,10.954,25.183,23.907,13.131,18.127,23.697,17.274,35.88,10.886,42.143,104.55,82.179,16.791,52.932,19.78,19.049,27.318,25.137,18.26,21.16,30.421,35.953,20.334,72.386,49.558,66.845,21.208,26.234,14.938,25.662,42.527
6.02,26.392,53.64,28.672,18.607,23.149,23.736,35.57,44.54,23.78,11.009,25.135,23.897,13.127,18.124,23.687,17.29,35.969,10.893,42.196,104.71,82.139,16.804,52.847,19.884,19.052,27.316,25.184,18.166,21.139,30.48,35.882,20.426,72.451,49.863,66.915,21.244,26.202,14.874,25.602,42.718
6.03,26.386,53.611,28.834,18.618,23.156,23.778,35.586,44.568,23.744,11.063,25.087,23.886,13.123,18.121,23.676,17.306,36.056,10.9,42.248,104.87,82.097,16.818,52.759,19.984,19.055,27.31,25.231,18.071,21.118,30.539,35.811,20.518,72.516,50.166,66.982,21.278,26.17,14.81,25.541,42.901
6.04,26.379,53.573,28.995,18.628,23.164,23.819,35.601,44.592,23.707,11.115,25.039,23.875,13.119,18.118,23.665,17.321,36.142,10.906,42.297,105.03,82.053,16.832,52.668,20.081,19.057,27.302,25.278,17.977,21.096,30.597,35.738,20.608,72.581,50.468,67.046,21.311,26.137,14.745,25.479,43.079
6.05,26.372,53.539,29.156,18.638,23.171,23.859,35.615,44.614,23.671,11.166,24.992,23.865,13.115,18.115,23.655,17.336,36.227,10.913,42.346,105.19,82.007,16.846,52.573,20.171,19.06,27.292,25.325,17.882,21.073,30.655,35.664,20.697,72.644,50.768,67.108,21.342,26.105,14.68,25.415,43.25
6.06,26.365,53.495,29.317,18.649,23.178,23.897,35.628,44.633,23.634,11.215,24.944,23.854,13.111,18.112,23.644,17.351,36.31,10.92,42.393,105.35,81.96,16.861,52.475,20.251,19.063,27.279,25.371,17.786,21.05,30.712,35.588,20.784,72.707,51.066,67.166,21.372,26.072,14.615,25.351,43.416
6.07,26.357,53.445,29.512,18.659,23.184,23.935,35.639,44.648,23.598,11.262,24.896,23.843,13.106,18.109,23.634,17.367,36.392,10.926,42.438,105.51,81.911,16.875,52.373,20.325,19.065,27.264,25.417,17.691,21.026,30.77,35.511,20.871,72.769,51.362,67.221,21.4,26.039,14.549,25.286,43.575
6.08,26.349,53.396,29.707,18.669,23.19,23.972,35.65,44.661,23.561,11.307,24.849,23.833,13.101,18.106,23.623,17.381,36.472,10.933,42.482,105.67,81.86,16.889,52.269,20.39,19.068,27.245,25.463,17.595,21.001,30.827,35.433,20.957,72.831,51.657,67.274,21.427,26.006,14.484,25.219,43.728
6.09,26.34,53.339,29.902,18.679,23.196,24.007,35.66,44.671,23.523,11.351,24.801,23.822,13.096,18.103,23.612,17.396,36.554,10.94,42.524,105.82,81.807,16.904,52.162,20.447,19.07,27.225,25.509,17.498,20.977,30.884,35.353,21.041,72.892,51.949,67.325,21.451,25.972,14.417,25.152,43.876
6.1,26.331,53.274,30.096,18.689,23.2,24.042,35.668,44.677,23.486,11.393,24.754,23.81,13.091,18.1,23.601,17.411,36.719,10.947,42.565,105.98,81.753,16.918,52.052,20.497,19.073,27.202,25.555,17.401,20.952,30.94,35.272,21.125,72.952,52.241,67.371,21.475,25.939,14.351,25.083,44.019
6.11,26.322,53.211,30.29,18.699,23.205,24.075,35.676,44.68,23.449,11.433,24.706,23.799,13.086,18.097,23.59,17.425,36.881,10.953,42.604,106.14,81.697,16.932,51.941,20.536,19.075,27.177,25.6,17.304,20.927,30.997,35.189,21.207,73.012,52.53,67.415,21.497,25.905,14.285,25.014,44.155
6.12,26.312,53.141,30.483,18.708,23.208,24.108,35.682,44.681,23.412,11.472,24.659,23.788,13.081,18.094,23.579,17.44,37.04,10.96,42.642,106.29,81.639,16.947,51.979,20.571,19.078,27.148,25.645,17.207,20.901,31.053,35.105,21.338,73.072,52.816,67.456,21.517,25.872,14.218,24.944,44.286
6.13,26.302,53.063,30.675,18.718,23.212,24.139,35.687,44.679,23.375,11.508,24.611,23.776,13.075,18.091,23.568,17.454,37.196,10.967,42.678,106.45,81.579,16.961,52.021,20.596,19.08,27.119,25.69,17.109,20.874,31.109,35.019,21.502,73.131,53.101,67.493,21.536,25.838,14.151,24.873,44.412
6.14,26.292,52.984,30.867,18.728,23.214,24.169,35.69,44.673,23.337,11.543,24.564,23.765,13.07,18.088,23.557,17.468,37.349,10.974,42.713,106.6,81.517,16.976,52.06,20.613,19.083,27.086,25.735,17.012,20.847,31.165,34.931,21.665,73.19,53.383,67.527,21.554,25.804,14.122,24.8,44.532
6.15,26.281,52.902,31.057,18.737,23.216,24.198,35.693,44.665,23.3,11.577,24.516,23.754,13.064,18.085,23.545,17.482,37.5,10.98,42.746,106.75,81.453,16.99,52.096,20.624,19.085,27.051,25.779,16.954,20.819,31.22,34.843,21.826,73.249,53.662,67.559,21.57,25.77,14.093,24.727,44.646
6.16,26.27,52.812,31.246,18.746,23.218,24.226,35.694,44.654,23.262,11.609,24.469,23.742,13.058,18.082,23.534,17.496,37.648,10.987,42.778,106.91,81.388,17.004,52.127,20.628,19.087,27.014,25.824,16.978,20.79,31.275,34.753,21.987,73.308,53.94,67.587,21.584,25.736,14.064,24.653,44.755
6.17,26.258,52.723,31.433,18.756,23.218,24.253,35.694,44.639,23.225,11.639,24.422,23.731,13.052,18.079,23.523,17.51,37.794,10.994,42.808,107.06,81.321,17.019,52.157,20.626,19.09,26.975,25.868,17.002,20.761,31.329,34.661,22.147,73.365,54.214,67.613,21.597,25.701,14.034,24.578,44.857
6.18,26.246,52.629,31.619,18.765,23.219,24.278,35.693,44.623,23.187,11.668,24.375,23.719,13.046,18.076,23.511,17.524,37.937,11,42.837,107.21,81.252,17.033,52.183,20.624,19.092,26.934,25.912,17.025,20.732,31.384,34.568,22.305,73.423,54.486,67.637,21.608,25.667,14.004,24.503,44.954
6.19,26.234,52.527,31.804,18.774,23.218,24.303,35.691,44.603,23.149,11.695,24.327,23.707,13.04,18.074,23.5,17.538,38.077,11.007,42.864,107.36,81.181,17.047,52.206,20.615,19.094,26.89,25.955,17.048,20.702,31.438,34.473,22.462,73.479,54.754,67.658,21.618,25.632,13.974,24.426,45.045
6.2,26.221,52.429,31.987,18.783,23.217,24.327,35.688,44.58,23.111,11.721,24.28,23.695,13.033,18.071,23.488,17.551,38.215,11.014,42.89,107.51,81.108,17.061,52.225,20.601,19.097,26.845,25.999,17.07,20.671,31.491,34.376,22.617,73.534,55.02,67.675,21.626,25.598,13.944,24.348,45.131
6.21,26.207,52.323,32.169,18.792,23.216,24.35,35.683,44.554,23.073,11.746,24.245,23.683,13.027,18.068,23.477,17.564,38.35,11.02,42.914,107.66,81.034,17.075,52.242,20.578,19.099,26.798,26.042,17.092,20.64,31.544,34.277,22.771,73.589,55.282,67.691,21.634,25.563,13.914,24.27,45.211
6.22,26.193,52.21,32.349,18.801,23.214,24.372,35.677,44.527,23.035,11.769,24.216,23.671,13.021,18.065,23.465,17.578,38.482,11.027,42.937,107.81,80.957,17.089,52.256,20.548,19.101,26.749,26.086,17.113,20.609,31.597,34.175,22.924,73.643,55.541,67.703,21.639,25.528,13.884,24.191,45.285
6.23,26.179,52.099,32.527,18.81,23.211,24.393,35.671,44.495,22.997,11.792,24.186,23.659,13.015,18.062,23.453,17.591,38.613,11.033,42.958,107.96,80.879,17.103,52.267,20.514,19.103,26.743,26.13,17.134,20.578,31.65,34.072,23.075,73.697,55.797,67.714,21.643,25.493,13.854,24.111,45.353
6.24,26.164,51.983,32.704,18.819,23.208,24.413,35.663,44.461,22.959,11.814,24.156,23.647,13.009,18.059,23.442,17.604,38.741,11.039,42.978,108.11,80.799,17.117,52.276,20.476,19.106,26.774,26.173,17.154,20.547,31.702,33.966,23.225,73.75,56.049,67.721,21.646,25.458,13.823,24.03,45.415
6.25,26.15,51.859,32.88,18.828,23.205,24.432,35.655,44.425,22.921,11.835,24.127,23.634,13.003,18.056,23.43,17.617,38.867,11.045,42.996,108.26,80.718,17.13,52.281,20.435,19.108,26.803,26.216,17.174,20.515,31.753,33.858,23.375,73.802,56.297,67.727,21.648,25.423,13.793,23.949,45.47
6.26,26.134,51.734,33.054,18.836,23.201,24.45,35.645,44.386,22.883,11.855,24.097,23.622,12.996,18.053,23.418,17.629,38.992,11.051,43.013,108.41,80.634,17.144,52.285,20.389,19.11,26.833,26.259,17.192,20.482,31.805,33.747,23.523,73.853,56.543,67.729,21.648,25.387,13.762,23.866,45.576
6.27,26.118,51.607,33.227,18.845,23.196,24.467,35.635,44.344,22.845,11.875,24.067,23.61,12.99,18.05,23.406,17.642,39.114,11.057,43.029,108.55,80.549,17.157,52.286,20.34,19.112,26.861,26.301,17.211,20.449,31.856,33.634,23.67,73.904,56.785,67.729,21.646,25.352,13.731,23.783,45.683
6.28,26.102,51.473,33.398,18.853,23.191,24.484,35.624,44.3,22.806,11.894,24.037,23.597,12.983,18.047,23.394,17.655,39.233,11.063,43.042,108.7,80.462,17.171,52.315,20.284,19.114,26.888,26.344,17.228,20.416,31.906,33.518,23.816,73.953,57.025,67.726,21.644,25.316,13.7,23.699,45.79
6.29,26.085,51.341,33.568,18.861,23.186,24.499,35.612,44.253,22.768,11.912,24.007,23.585,12.976,18.044,23.382,17.667,39.351,11.069,43.055,108.85,80.373,17.184,52.401,20.221,19.116,26.914,26.386,17.245,20.382,31.957,33.4,23.96,74.001,57.262,67.722,21.64,25.281,13.669,23.615,45.894
6.3,26.067,51.204,33.737,18.87,23.18,24.514,35.6,44.205,22.729,11.928,23.977,23.572,12.969,18.041,23.37,17.679,39.466,11.074,43.067,108.99,80.283,17.197,52.484,20.153,19.118,26.939,26.428,17.262,20.348,32.006,33.28,24.104,74.048,57.496,67.715,21.635,25.245,13.638,23.529,45.998
6.31,26.049,51.064,33.904,18.878,23.174,24.528,35.589,44.153,22.691,11.943,23.947,23.559,12.962,18.038,23.358,17.692,39.578,11.079,43.077,109.14,80.191,17.209,52.563,20.079,19.12,26.963,26.47,17.278,20.313,32.056,33.158,24.247,74.094,57.726,67.706,21.628,25.21,13.606,23.443,46.099
6.32,26.031,50.925,34.07,18.886,23.167,24.541,35.578,44.099,22.652,11.957,23.917,23.547,12.955,18.035,23.346,17.704,39.688,11.084,43.085,109.28,80.097,17.222,52.641,19.998,19.122,26.985,26.512,17.294,20.278,32.105,33.033,24.388,74.14,57.954,67.695,21.62,25.174,13.575,23.356,46.198
6.33,26.013,50.778,34.235,18.894,23.161,24.554,35.586,44.043,22.614,11.97,23.887,23.534,12.947,18.033,23.333,17.716,39.795,11.089,43.093,109.43,80.002,17.234,52.715,19.912,19.124,27.007,26.553,17.309,20.243,32.154,32.905,24.528,74.184,58.178,67.682,21.611,25.138,13.543,23.269,46.294
6.34,25.994,50.628,34.398,18.902,23.154,24.567,35.597,43.985,22.576,11.981,23.856,23.521,12.94,18.03,23.321,17.728,39.899,11.094,43.099,109.57,79.905,17.247,52.786,19.82,19.126,27.028,26.595,17.324,20.207,32.203,32.775,24.666,74.228,58.398,67.665,21.601,25.102,13.512,23.181,46.388
6.35,25.975,50.479,34.56,18.909,23.147,24.581,35.607,43.925,22.537,11.992,23.826,23.508,12.932,18.027,23.309,17.739,40.001,11.098,43.103,109.71,79.807,17.259,52.854,19.721,19.128,27.048,26.636,17.338,20.171,32.251,32.642,24.802,74.271,58.615,67.647,21.59,25.066,13.48,23.092,46.527
6.36,25.955,50.324,34.72,18.917,23.14,24.593,35.616,43.862,22.499,12.001,23.795,23.495,12.925,18.024,23.297,17.751,40.099,11.102,43.107,109.86,79.707,17.271,52.919,19.618,19.13,27.067,26.676,17.351,20.135,32.299,32.506,24.938,74.313,58.829,67.626,21.578,25.03,13.448,23.003,46.716
6.37,25.935,50.162,34.879,18.925,23.132,24.605,35.625,43.796,22.461,12.009,23.765,23.482,12.918,18.021,23.284,17.763,40.195,11.105,43.109,110,79.606,17.282,52.981,19.51,19.132,27.085,26.717,17.364,20.098,32.347,32.368,25.072,74.354,59.039,67.604,21.564,24.994,13.416,22.913,46.901
6.38,25.914,50.001,35.036,18.933,23.124,24.617,35.634,43.729,22.422,12.017,23.734,23.469,12.911,18.018,23.272,17.774,40.288,11.109,43.11,110.14,79.503,17.294,53.04,19.396,19.134,27.102,26.757,17.376,20.061,32.394,32.227,25.204,74.393,59.245,67.58,21.549,24.958,13.384,22.822,47.08
6.39,25.893,49.837,35.193,18.94,23.115,24.628,35.641,43.66,22.403,12.023,23.704,23.455,12.903,18.015,23.259,17.786,40.378,11.112,43.109,110.28,79.4,17.305,53.096,19.279,19.136,27.117,26.797,17.387,20.024,32.441,32.083,25.335,74.431,59.447,67.555,21.534,24.922,13.352,22.731,47.255
6.4,25.871,49.668,35.347,18.948,23.106,24.638,35.647,43.587,22.396,12.027,23.673,23.442,12.896,18.012,23.247,17.797,40.465,11.115,43.108,110.42,79.295,17.316,53.149,19.164,19.138,27.133,26.838,17.399,19.986,32.488,31.936,25.465,74.468,59.646,67.528,21.517,24.886,13.32,22.639,47.424
6.41,25.849,49.496,35.501,18.955,23.096,24.648,35.653,43.512,22.388,12.031,23.642,23.429,12.888,18.009,23.234,17.808,40.549,11.117,43.104,110.56,79.188,17.326,53.199,19.049,19.14,27.146,26.878,17.41,19.949,32.534,31.787,25.593,74.503,59.84,67.498,21.499,24.85,13.287,22.547,47.589
6.42,25.827,49.324,35.653,18.962,23.086,24.657,35.658,43.436,22.381,12.033,23.611,23.416,12.881,18.007,23.221,17.819,40.63,11.12,43.1,110.7,79.081,17.337,53.246,18.933,19.142,27.16,26.918,17.42,19.911,32.579,31.635,25.72,74.537,60.03,67.466,21.48,24.814,13.255,22.454,47.748
6.43,25.804,49.147,35.804,18.97,23.076,24.665,35.661,43.356,22.373,12.034,23.58,23.402,12.873,18.004,23.209,17.83,40.709,11.121,43.095,110.84,78.973,17.347,53.289,18.815,19.143,27.171,26.958,17.43,19.873,32.625,31.48,25.845,74.57,60.217,67.433,21.46,24.777,13.222,22.36,47.902
6.44,25.781,48.968,35.954,18.977,23.065,24.673,35.664,43.274,22.365,12.033,23.549,23.389,12.865,18.001,23.196,17.841,40.784,11.123,43.088,110.98,78.864,17.356,53.33,18.691,19.145,27.183,26.997,17.439,19.835,32.669,31.448,25.969,74.601,60.399,67.397,21.439,24.741,13.189,22.266,48.05
6.45,25.758,48.789,36.102,18.984,23.053,24.681,35.667,43.19,22.357,12.032,23.518,23.375,12.858,17.998,23.183,17.852,40.857,11.124,43.08,111.12,78.754,17.366,53.368,18.565,19.147,27.192,27.036,17.448,19.797,32.714,31.451,26.091,74.631,60.578,67.361,21.416,24.705,13.156,22.171,48.193
6.46,25.734,48.604,36.249,18.991,23.042,24.688,35.669,43.104,22.349,12.029,23.487,23.361,12.851,17.995,23.171,17.862,40.928,11.125,43.071,111.25,78.644,17.375,53.402,18.433,19.149,27.201,27.075,17.456,19.758,32.758,31.452,26.213,74.659,60.754,67.324,21.393,24.668,13.124,22.076,48.331
6.47,25.71,48.416,36.394,18.998,23.029,24.697,35.671,43.015,22.341,12.024,23.456,23.348,12.843,17.992,23.158,17.873,40.996,11.125,43.061,111.39,78.532,17.384,53.433,18.299,19.151,27.209,27.114,17.463,19.719,32.801,31.45,26.333,74.685,60.925,67.285,21.369,24.632,13.09,21.981,48.463
6.48,25.685,48.229,36.538,19.005,23.017,24.708,35.678,42.924,22.333,12.019,23.425,23.334,12.835,17.989,23.145,17.883,41.061,11.126,43.05,111.53,78.467,17.392,53.462,18.164,19.153,27.215,27.152,17.47,19.679,32.845,31.446,26.453,74.71,61.094,67.246,21.343,24.595,13.057,21.885,48.59
6.49,25.661,48.038,36.68,19.011,23.004,24.718,35.688,42.83,22.325,12.012,23.394,23.32,12.828,17.987,23.132,17.893,41.124,11.125,43.037,111.66,78.495,17.4,53.488,18.031,19.154,27.221,27.191,17.476,19.64,32.887,31.438,26.575,74.733,61.259,67.205,21.316,24.559,13.031,21.788,48.712
6.5,25.635,47.84,36.821,19.018,22.99,24.728,35.698,42.734,22.317,12.004,23.363,23.306,12.82,17.984,23.119,17.904,41.185,11.125,43.024,111.8,78.522,17.408,53.51,17.902,19.156,27.225,27.228,17.483,19.6,32.93,31.428,26.696,74.754,61.422,67.163,21.288,24.522,13.048,21.691,48.829
6.51,25.609,47.645,36.96,19.024,22.977,24.736,35.709,42.636,22.309,11.994,23.331,23.292,12.812,17.981,23.107,17.914,41.243,11.124,43.009,111.93,78.55,17.415,53.53,17.772,19.158,27.228,27.266,17.489,19.56,32.972,31.415,26.815,74.773,61.583,67.12,21.26,24.485,13.066,21.594,48.942
6.52,25.583,47.446,37.098,19.031,22.963,24.744,35.718,42.536,22.301,11.984,23.3,23.278,12.804,17.978,23.094,17.924,41.298,11.122,42.992,112.07,78.576,17.422,53.546,17.638,19.16,27.23,27.303,17.494,19.52,33.014,31.399,26.933,74.791,61.741,67.076,21.23,24.448,13.082,21.496,49.05
6.53,25.557,47.243,37.234,19.037,22.949,24.752,35.727,42.433,22.293,11.972,23.268,23.264,12.797,17.975,23.081,17.934,41.35,11.12,42.975,112.2,78.603,17.429,53.56,17.5,19.161,27.231,27.34,17.499,19.479,33.056,31.381,27.05,74.807,61.898,67.031,21.198,24.411,13.098,21.398,49.153
6.54,25.53,47.036,37.369,19.044,22.935,24.758,35.735,42.328,22.285,11.959,23.237,23.25,12.789,17.972,23.068,17.944,41.399,11.118,42.957,112.33,78.629,17.435,53.57,17.357,19.163,27.231,27.377,17.503,19.439,33.097,31.36,27.166,74.821,62.053,66.984,21.166,24.374,13.114,21.299,49.253
6.55,25.502,46.832,37.502,19.05,22.921,24.764,35.742,42.221,22.276,11.945,23.206,23.236,12.782,17.969,23.055,17.953,41.446,11.115,42.937,112.47,78.655,17.441,53.578,17.21,19.165,27.23,27.413,17.507,19.398,33.138,31.336,27.28,74.833,62.206,66.936,21.133,24.337,13.13,21.2,49.349
6.56,25.475,46.622,37.634,19.056,22.907,24.769,35.748,42.112,22.268,11.929,23.174,23.222,12.774,17.967,23.041,17.963,41.489,11.112,42.917,112.6,78.68,17.446,53.582,17.062,19.166,27.228,27.449,17.51,19.357,33.178,31.311,27.392,74.844,62.357,66.886,21.099,24.3,13.145,21.101,49.44
6.57,25.448,46.408,37.764,19.062,22.894,24.773,35.753,42,22.259,11.913,23.143,23.208,12.766,17.964,23.028,17.973,41.528,11.108,42.895,112.73,78.705,17.451,53.584,16.909,19.168,27.225,27.486,17.513,19.315,33.218,31.283,27.503,74.853,62.507,66.835,21.064,24.263,13.16,21.001,49.528
6.58,25.42,46.196,37.893,19.068,22.882,24.777,35.758,41.887,22.251,11.895,23.111,23.194,12.758,17.961,23.015,17.982,41.565,11.104,42.872,112.86,78.73,17.455,53.584,16.753,19.169,27.221,27.522,17.515,19.274,33.258,31.252,27.613,74.86,62.655,66.783,21.027,24.225,13.174,20.901,49.612
6.59,25.392,45.981,38.021,19.075,22.872,24.78,35.762,41.771,22.243,11.877,23.079,23.179,12.75,17.958,23.002,17.991,41.671,11.099,42.847,112.99,78.754,17.459,53.58,16.593,19.171,27.216,27.557,17.517,19.232,33.297,31.219,27.72,74.866,62.799,66.728,20.99,24.188,13.188,20.8,49.692
6.6,25.363,45.761,38.147,19.081,22.863,24.782,35.765,41.654,22.234,11.857,23.048,23.165,12.742,17.955,22.988,18.001,41.786,11.094,42.822,113.12,78.777,17.463,53.574,16.433,19.173,27.21,27.592,17.518,19.191,33.335,31.185,27.826,74.87,62.94,66.671,20.951,24.151,13.202,20.7,49.768
6.61,25.334,45.599,38.272,19.086,22.856,24.785,35.768,41.534,22.226,11.836,23.016,23.15,12.734,17.953,22.975,18.01,41.9,11.088,42.796,113.25,78.801,17.466,53.565,16.271,19.174,27.203,27.627,17.52,19.149,33.374,31.148,27.931,74.872,63.077,66.611,20.911,24.113,13.216,20.598,49.839
6.62,25.305,45.489,38.395,19.092,22.85,24.792,35.77,41.412,22.217,11.814,22.984,23.136,12.725,17.95,22.962,18.019,42.013,11.082,42.768,113.38,78.823,17.468,53.553,16.107,19.176,27.195,27.662,17.521,19.107,33.411,31.109,28.033,74.872,63.211,66.55,20.871,24.076,13.229,20.497,49.906
6.63,25.275,45.378,38.517,19.098,22.845,24.801,35.772,41.289,22.209,11.791,22.952,23.121,12.717,17.947,22.949,18.028,42.125,11.075,42.739,113.51,78.846,17.471,53.539,15.941,19.177,27.185,27.696,17.521,19.064,33.449,31.069,28.134,74.87,63.34,66.486,20.829,24.039,13.241,20.395,49.968
6.64,25.245,45.268,38.638,19.104,22.841,24.809,35.774,41.163,22.2,11.767,22.921,23.107,12.708,17.944,22.936,18.037,42.235,11.068,42.709,113.64,78.867,17.472,53.522,15.773,19.179,27.175,27.73,17.521,19.022,33.486,31.026,28.233,74.867,63.467,66.42,20.787,24.001,13.254,20.293,50.025
6.65,25.214,45.155,38.757,19.109,22.836,24.817,35.775,41.035,22.191,11.743,22.889,23.092,12.7,17.941,22.922,18.046,42.345,11.061,42.679,113.76,78.889,17.473,53.502,15.604,19.18,27.164,27.764,17.521,18.98,33.522,30.981,28.343,74.862,63.589,66.352,20.743,23.964,13.266,20.191,50.076
6.66,25.184,45.04,38.874,19.115,22.832,24.825,35.775,40.906,22.182,11.719,22.857,23.077,12.691,17.939,22.909,18.054,42.453,11.053,42.646,113.89,78.909,17.474,53.48,15.437,19.182,27.151,27.797,17.52,18.938,33.559,30.934,28.464,74.856,63.708,66.281,20.698,23.926,13.278,20.089,50.123
6.67,25.153,44.922,38.989,19.12,22.827,24.832,35.775,40.774,22.174,11.71,22.825,23.063,12.683,17.936,22.896,18.063,42.559,11.044,42.613,114.02,78.93,17.474,53.456,15.27,19.183,27.137,27.829,17.518,18.896,33.595,30.884,28.582,74.847,63.823,66.208,20.653,23.889,13.289,19.986,50.166
6.68,25.122,44.806,39.103,19.125,22.823,24.839,35.774,40.64,22.165,11.708,22.793,23.048,12.675,17.933,22.882,18.071,42.665,11.035,42.579,114.14,78.949,17.474,53.429,15.102,19.185,27.122,27.862,17.516,18.854,33.631,30.833,28.698,74.838,63.936,66.133,20.606,23.851,13.3,19.883,50.203
6.69,25.091,44.689,39.216,19.131,22.818,24.844,35.772,40.505,22.156,11.706,22.761,23.033,12.666,17.93,22.869,18.08,42.77,11.026,42.544,114.27,78.969,17.473,53.399,14.968,19.186,27.106,27.894,17.515,18.811,33.666,30.78,28.811,74.827,64.045,66.055,20.558,23.814,13.311,19.78,50.263
6.7,25.06,44.569,39.326,19.136,22.813,24.849,35.77,40.367,22.147,11.703,22.729,23.019,12.658,17.927,22.856,18.088,42.873,11.016,42.508,114.39,78.987,17.472,53.368,14.844,19.188,27.089,27.925,17.512,18.769,33.701,30.725,28.922,74.814,64.151,65.974,20.51,23.776,13.321,19.676,50.418
6.71,25.028,44.446,39.436,19.141,22.809,24.854,35.766,40.228,22.139,11.7,22.697,23.004,12.65,17.925,22.842,18.097,42.975,11.006,42.47,114.52,79.006,17.47,53.333,14.719,19.189,27.072,27.956,17.51,18.726,33.736,30.668,29.031,74.801,64.254,65.892,20.46,23.738,13.331,19.573,50.573
6.72,24.996,44.324,39.543,19.146,22.804,24.857,35.762,40.087,22.13,11.696,22.665,22.989,12.641,17.922,22.829,18.105,43.075,10.995,42.432,114.64,79.023,17.468,53.297,14.596,19.19,27.052,27.987,17.507,18.683,33.77,30.61,29.137,74.785,64.355,65.807,20.41,23.701,13.341,19.548,50.725
6.73,24.963,44.202,39.649,19.151,22.799,24.86,35.757,39.944,22.121,11.691,22.633,22.974,12.632,17.919,22.815,18.113,43.174,10.983,42.393,114.76,79.041,17.465,53.258,14.472,19.192,27.032,28.018,17.503,18.64,33.803,30.549,29.241,74.769,64.453,65.721,20.358,23.663,13.35,19.539,50.875
6.74,24.93,44.078,39.753,19.156,22.795,24.862,35.751,39.799,22.112,11.687,22.601,22.959,12.624,17.916,22.801,18.121,43.272,10.972,42.352,114.89,79.057,17.461,53.217,14.349,19.193,27.011,28.049,17.5,18.597,33.837,30.486,29.343,74.75,64.55,65.634,20.306,23.625,13.36,19.53,51.024
6.75,24.897,43.951,39.856,19.16,22.79,24.864,35.744,39.651,22.103,11.681,22.569,22.944,12.615,17.914,22.788,18.129,43.369,10.959,42.311,115.01,79.073,17.457,53.174,14.341,19.194,26.988,28.079,17.496,18.554,33.869,30.422,29.442,74.731,64.645,65.545,20.252,23.588,13.368,19.52,51.17
6.76,24.864,43.826,39.957,19.165,22.786,24.865,35.736,39.503,22.094,11.676,22.537,22.929,12.606,17.911,22.774,18.137,43.465,10.947,42.269,115.13,79.089,17.453,53.129,14.346,19.196,26.965,28.108,17.492,18.511,33.902,30.356,29.539,74.71,64.739,65.455,20.198,23.55,13.377,19.51,51.314
6.77,24.831,43.7,40.057,19.17,22.781,24.865,35.727,39.352,22.085,11.669,22.505,22.914,12.597,17.908,22.76,18.144,43.559,10.934,42.226,115.25,79.104,17.448,53.082,14.351,19.197,26.941,28.138,17.488,18.468,33.934,30.289,29.633,74.689,64.831,65.363,20.143,23.512,13.385,19.499,51.456
6.78,24.797,43.571,40.155,19.175,22.777,24.864,35.718,39.2,22.076,11.663,22.473,22.899,12.588,17.905,22.747,18.152,43.652,10.92,42.181,115.37,79.119,17.443,53.033,14.356,19.199,26.916,28.166,17.483,18.425,33.965,30.22,29.725,74.666,64.921,65.27,20.087,23.474,13.392,19.488,51.595
6.79,24.764,43.443,40.252,19.179,22.772,24.863,35.708,39.045,22.067,11.656,22.441,22.884,12.579,17.903,22.733,18.16,43.743,10.906,42.136,115.49,79.132,17.437,52.981,14.361,19.2,26.89,28.195,17.479,18.382,33.996,30.149,29.815,74.642,65.009,65.177,20.03,23.437,13.4,19.476,51.732
6.8,24.729,43.315,40.347,19.184,22.767,24.86,35.698,38.89,22.058,11.648,22.409,22.868,12.57,17.9,22.72,18.167,43.834,10.892,42.09,115.61,79.146,17.431,52.928,14.365,19.201,26.863,28.223,17.474,18.338,34.027,30.076,29.902,74.617,65.094,65.083,19.972,23.399,13.407,19.464,51.866
6.81,24.695,43.185,40.441,19.188,22.762,24.858,35.687,38.732,22.049,11.64,22.377,22.853,12.561,17.897,22.706,18.175,43.923,10.877,42.043,115.73,79.159,17.424,52.873,14.37,19.203,26.834,28.25,17.472,18.295,34.058,30.003,29.986,74.591,65.175,64.988,19.913,23.362,13.414,19.451,51.998
6.82,24.661,43.053,40.534,19.193,22.757,24.854,35.676,38.573,22.039,11.632,22.345,22.838,12.552,17.895,22.693,18.182,44.01,10.861,41.995,115.85,79.171,17.417,52.816,14.374,19.204,26.806,28.277,17.469,18.252,34.089,29.927,30.068,74.564,65.254,64.892,19.853,23.324,13.42,19.438,52.127
6.83,24.626,42.918,40.625,19.197,22.769,24.85,35.664,38.412,22.03,11.623,22.312,22.822,12.543,17.892,22.679,18.189,44.097,10.846,41.946,115.97,79.183,17.409,52.757,14.378,19.205,26.776,28.304,17.467,18.208,34.118,29.85,30.147,74.536,65.329,64.796,19.792,23.287,13.426,19.425,52.254
6.84,24.591,42.787,40.715,19.201,22.822,24.845,35.653,38.25,22.021,11.614,22.28,22.807,12.533,17.889,22.665,18.196,44.182,10.83,41.896,116.09,79.194,17.401,52.696,14.382,19.206,26.745,28.33,17.465,18.165,34.148,29.772,30.224,74.506,65.401,64.697,19.731,23.25,13.432,19.411,52.378
6.85,24.555,42.653,40.803,19.205,22.874,24.838,35.642,38.086,22.012,11.604,22.248,22.792,12.524,17.886,22.652,18.204,44.266,10.813,41.845,116.2,79.205,17.392,52.633,14.385,19.208,26.714,28.355,17.462,18.121,34.177,29.692,30.297,74.476,65.469,64.597,19.669,23.213,13.438,19.397,52.5
6.86,24.52,42.517,40.89,19.21,22.924,24.832,35.63,37.92,22.003,11.594,22.216,22.777,12.514,17.884,22.638,18.211,44.348,10.796,41.793,116.32,79.216,17.383,52.568,14.388,19.209,26.682,28.38,17.459,18.078,34.206,29.612,30.368,74.444,65.534,64.497,19.605,23.175,13.443,19.383,52.619
6.87,24.484,42.379,40.976,19.214,22.972,24.824,35.618,37.754,21.993,11.583,22.184,22.761,12.505,17.881,22.624,18.218,44.429,10.779,41.741,116.44,79.225,17.373,52.502,14.391,19.21,26.649,28.405,17.456,18.034,34.234,29.53,30.436,74.411,65.595,64.395,19.541,23.138,13.448,19.368,52.736
6.88,24.448,42.24,41.061,19.218,23.018,24.816,35.605,37.585,21.984,11.572,22.151,22.746,12.495,17.878,22.61,18.224,44.509,10.761,41.687,116.55,79.235,17.363,52.435,14.394,19.212,26.615,28.43,17.452,17.991,34.262,29.446,30.501,74.378,65.653,64.294,19.476,23.101,13.452,19.353,52.851
6.89,24.412,42.098,41.144,19.221,23.063,24.807,35.591,37.416,21.975,11.561,22.119,22.73,12.486,17.876,22.597,18.231,44.588,10.744,41.633,116.67,79.243,17.352,52.366,14.397,19.213,26.58,28.454,17.449,17.947,34.289,29.362,30.563,74.344,65.708,64.192,19.411,23.064,13.457,19.338,52.965
6.9,24.376,41.957,41.226,19.225,23.106,24.797,35.577,37.245,21.965,11.549,22.087,22.715,12.476,17.873,22.583,18.238,44.665,10.725,41.577,116.78,79.251,17.341,52.296,14.399,19.214,26.545,28.478,17.445,17.904,34.316,29.277,30.623,74.309,65.759,64.089,19.344,23.055,13.461,19.322,53.078
6.91,24.339,41.816,41.307,19.229,23.147,24.787,35.562,37.074,21.956,11.537,22.055,22.7,12.466,17.87,22.569,18.245,44.741,10.707,41.521,116.9,79.259,17.33,52.226,14.401,19.215,26.509,28.502,17.441,17.86,34.343,29.19,30.68,74.273,65.807,63.985,19.277,23.051,13.464,19.306,53.193
6.92,24.302,41.673,41.387,19.233,23.186,24.776,35.546,36.9,21.947,11.525,22.023,22.684,12.457,17.868,22.555,18.251,44.816,10.688,41.464,117.01,79.266,17.318,52.158,14.403,19.217,26.473,28.524,17.437,17.817,34.369,29.103,30.734,74.237,65.853,63.88,19.208,23.047,13.468,19.289,53.309
6.93,24.266,41.552,41.466,19.236,23.224,24.763,35.529,36.727,21.938,11.512,21.991,22.668,12.447,17.865,22.541,18.258,44.889,10.669,41.406,117.12,79.273,17.306,52.107,14.404,19.218,26.436,28.547,17.433,17.773,34.395,29.015,30.786,74.2,65.895,63.775,19.139,23.042,13.471,19.273,53.426
6.94,24.228,41.497,41.544,19.24,23.259,24.751,35.511,36.551,21.928,11.499,21.958,22.653,12.437,17.862,22.527,18.264,44.961,10.649,41.347,117.24,79.279,17.293,52.062,14.406,19.219,26.399,28.569,17.428,17.73,34.42,28.927,30.835,74.162,65.934,63.669,19.07,23.038,13.473,19.256,53.544
6.95,24.191,41.44,41.621,19.243,23.293,24.737,35.493,36.375,21.919,11.485,21.926,22.637,12.427,17.86,22.513,18.271,45.032,10.629,41.288,117.35,79.285,17.28,52.018,14.407,19.22,26.361,28.59,17.423,17.687,34.446,28.837,30.881,74.125,65.971,63.563,18.999,23.034,13.475,19.238,53.662
6.96,24.153,41.382,41.697,19.247,23.326,24.723,35.474,36.198,21.909,11.471,21.894,22.621,12.417,17.857,22.5,18.277,45.101,10.609,41.227,117.46,79.29,17.267,51.973,14.408,19.221,26.323,28.611,17.418,17.643,34.471,28.746,30.925,74.087,66.004,63.457,18.927,23.029,13.478,19.221,53.78
6.97,24.116,41.322,41.772,19.25,23.356,24.708,35.453,36.02,21.9,11.457,21.862,22.606,12.407,17.854,22.486,18.283,45.17,10.589,41.166,117.57,79.295,17.253,51.927,14.408,19.223,26.284,28.631,17.413,17.6,34.496,28.655,30.966,74.049,66.035,63.352,18.855,23.025,13.479,19.203,53.897
6.98,24.078,41.265,41.847,19.253,23.385,24.692,35.432,35.842,21.891,11.443,21.829,22.59,12.397,17.852,22.472,18.29,45.236,10.568,41.104,117.69,79.299,17.239,51.88,14.409,19.224,26.245,28.651,17.407,17.556,34.52,28.563,31.004,74.011,66.064,63.247,18.782,23.02,13.481,19.185,54.013
6.99,24.039,41.206,41.92,19.256,23.413,24.676,35.41,35.662,21.881,11.428,21.797,22.574,12.387,17.849,22.458,18.296,45.302,10.547,41.041,117.8,79.303,17.224,51.831,14.409,19.225,26.205,28.67,17.401,17.513,34.543,28.47,31.04,73.972,66.091,63.143,18.709,23.016,13.482,19.166,54.127
7,24.001,41.147,41.993,19.26,23.44,24.659,35.387,35.482,21.872,11.412,21.765,22.558,12.377,17.846,22.444,18.302,45.366,10.526,40.977,117.91,79.307,17.21,51.781,14.409,19.226,26.165,28.689,17.394,17.47,34.567,28.376,31.074,73.934,66.115,63.04,18.634,23.011,13.483,19.147,54.239
7.01,23.963,41.086,42.066,19.263,23.466,24.641,35.364,35.302,21.862,11.397,21.733,22.543,12.367,17.844,22.43,18.308,45.43,10.505,40.912,118.02,79.309,17.194,51.729,14.408,19.228,26.123,28.708,17.388,17.427,34.59,28.281,31.105,73.895,66.138,62.939,18.559,23.006,13.483,19.128,54.348
7.02,23.924,41.024,42.137,19.266,23.491,24.623,35.34,35.121,21.853,11.381,21.701,22.527,12.357,17.841,22.417,18.314,45.491,10.483,40.847,118.13,79.312,17.179,51.676,14.408,19.229,26.082,28.727,17.381,17.383,34.612,28.186,31.133,73.856,66.159,62.838,18.483,23.002,13.484,19.109,54.456
7.03,23.886,40.961,42.208,19.269,23.515,24.604,35.314,34.94,21.843,11.364,21.669,22.511,12.347,17.839,22.403,18.32,45.552,10.462,40.781,118.24,79.314,17.163,51.62,14.407,19.23,26.04,28.745,17.374,17.34,34.634,28.09,31.16,73.817,66.177,62.739,18.406,22.997,13.484,19.089,54.56
7.04,23.847,40.897,42.278,19.272,23.539,24.585,35.289,34.758,21.834,11.348,21.637,22.495,12.337,17.836,22.389,18.326,45.611,10.44,40.714,118.35,79.315,17.147,51.563,14.406,19.231,25.998,28.762,17.367,17.297,34.656,27.993,31.185,73.778,66.193,62.642,18.329,22.992,13.484,19.069,54.663
7.05,23.808,40.831,42.348,19.275,23.563,24.683,35.263,34.577,21.824,11.331,21.604,22.48,12.327,17.833,22.375,18.332,45.669,10.418,40.647,118.45,79.317,17.131,51.505,14.405,19.232,25.955,28.779,17.359,17.254,34.677,27.896,31.207,73.738,66.207,62.547,18.251,22.987,13.483,19.049,54.763
7.06,23.769,40.765,42.416,19.278,23.586,24.791,35.236,34.395,21.815,11.314,21.572,22.464,12.317,17.831,22.361,18.338,45.726,10.395,40.579,118.56,79.318,17.115,51.444,14.404,19.234,25.912,28.795,17.351,17.212,34.698,27.799,31.228,73.698,66.218,62.456,18.172,22.982,13.482,19.028,54.86
7.07,23.729,40.697,42.483,19.281,23.609,24.898,35.209,34.212,21.805,11.296,21.54,22.448,12.307,17.828,22.347,18.344,45.781,10.373,40.51,118.67,79.318,17.098,51.382,14.402,19.235,25.868,28.811,17.342,17.169,34.719,27.701,31.246,73.656,66.227,62.369,18.093,22.977,13.481,19.008,54.955
7.08,23.69,40.628,42.55,19.283,23.632,25.003,35.185,34.029,21.796,11.278,21.508,22.432,12.297,17.826,22.333,18.349,45.835,10.351,40.44,118.78,79.317,17.081,51.318,14.4,19.236,25.824,28.827,17.334,17.126,34.739,27.603,31.262,73.614,66.233,62.285,18.013,22.972,13.479,18.987,55.047
7.09,23.65,40.558,42.616,19.286,23.655,25.106,35.164,33.846,21.786,11.26,21.476,22.416,12.287,17.823,22.319,18.355,45.889,10.328,40.37,118.89,79.317,17.064,51.252,14.398,19.237,25.779,28.841,17.326,17.084,34.76,27.505,31.277,73.572,66.237,62.201,17.932,22.967,13.478,18.965,55.137
7.1,23.61,40.487,42.681,19.289,23.677,25.208,35.143,33.663,21.777,11.242,21.444,22.4,12.277,17.82,22.305,18.36,45.94,10.305,40.299,118.99,79.316,17.047,51.185,14.396,19.238,25.735,28.856,17.317,17.042,34.779,27.408,31.302,73.529,66.239,62.118,17.85,22.962,13.476,18.944,55.225
7.11,23.57,40.416,42.745,19.291,23.7,25.308,35.122,33.479,21.767,11.223,21.412,22.384,12.266,17.818,22.291,18.366,45.991,10.282,40.227,119.1,79.314,17.029,51.115,14.393,19.24,25.69,28.87,17.307,16.999,34.799,27.31,31.343,73.485,66.24,62.035,17.768,22.957,13.473,18.922,55.309
7.12,23.53,40.346,42.808,19.294,23.722,25.406,35.101,33.296,21.757,11.204,21.38,22.368,12.256,17.815,22.277,18.371,46.04,10.259,40.156,119.21,79.313,17.012,51.045,14.39,19.241,25.644,28.883,17.298,16.957,34.818,27.213,31.384,73.441,66.239,61.951,17.686,22.951,13.471,18.9,55.392
7.13,23.49,40.276,42.871,19.296,23.743,25.503,35.08,33.262,21.748,11.185,21.348,22.352,12.246,17.813,22.263,18.376,46.089,10.236,40.084,119.31,79.311,16.994,50.972,14.388,19.242,25.599,28.896,17.288,16.915,34.837,27.116,31.424,73.396,66.237,61.868,17.602,22.946,13.468,18.877,55.472
7.14,23.45,40.204,42.933,19.298,23.763,25.597,35.057,33.272,21.738,11.165,21.316,22.336,12.236,17.81,22.249,18.381,46.136,10.213,40.011,119.42,79.308,16.976,50.898,14.385,19.243,25.553,28.909,17.278,16.872,34.855,27.019,31.463,73.352,66.233,61.784,17.518,22.941,13.465,18.855,55.549
7.15,23.409,40.131,42.994,19.3,23.782,25.69,35.035,33.282,21.728,11.145,21.284,22.32,12.225,17.808,22.235,18.387,46.182,10.2,39.938,119.52,79.305,16.958,50.823,14.383,19.245,25.507,28.921,17.268,16.83,34.873,26.923,31.502,73.308,66.229,61.7,17.451,22.935,13.461,18.832,55.625
7.16,23.369,40.057,43.054,19.303,23.8,25.78,35.012,33.29,21.719,11.125,21.252,22.304,12.215,17.805,22.221,18.392,46.226,10.195,39.864,119.63,79.302,16.94,50.746,14.38,19.246,25.46,28.933,17.257,16.788,34.89,26.827,31.54,73.264,66.222,61.615,17.475,22.93,13.457,18.809,55.698
7.17,23.328,39.982,43.113,19.305,23.817,25.869,34.988,33.298,21.709,11.105,21.22,22.288,12.204,17.802,22.207,18.397,46.27,10.19,39.79,119.73,79.299,16.922,50.667,14.377,19.247,25.469,28.945,17.246,16.747,34.907,26.732,31.578,73.22,66.213,61.53,17.499,22.924,13.454,18.785,55.768
7.18,23.287,39.906,43.171,19.307,23.833,25.956,34.964,33.305,21.7,11.084,21.188,22.272,12.194,17.8,22.193,18.402,46.312,10.185,39.715,119.84,79.294,16.903,50.587,14.373,19.248,25.484,28.956,17.235,16.705,34.924,26.636,31.615,73.175,66.203,61.443,17.523,22.919,13.449,18.762,55.837
7.19,23.246,39.83,43.229,19.309,23.847,26.04,34.939,33.312,21.69,11.063,21.156,22.256,12.184,17.797,22.179,18.407,46.353,10.18,39.639,119.94,79.29,16.885,50.505,14.37,19.25,25.498,28.966,17.225,16.663,34.94,26.541,31.65,73.131,66.19,61.356,17.546,22.913,13.445,18.738,55.904
7.2,23.205,39.752,43.286,19.311,23.861,26.123,34.914,33.318,21.681,11.042,21.124,22.24,12.173,17.795,22.165,18.411,46.394,10.175,39.563,120.04,79.286,16.866,50.422,14.366,19.251,25.511,28.976,17.213,16.621,34.956,26.447,31.685,73.087,66.174,61.269,17.568,22.907,13.44,18.713,55.968
7.21,23.164,39.674,43.342,19.313,23.875,26.204,34.888,33.324,21.671,11.021,21.092,22.223,12.163,17.792,22.151,18.416,46.433,10.171,39.486,120.15,79.28,16.848,50.337,14.362,19.252,25.525,28.986,17.202,16.58,34.972,26.352,31.72,73.043,66.157,61.182,17.59,22.901,13.435,18.689,56.031
7.22,23.123,39.594,43.397,19.314,23.89,26.283,34.862,33.33,21.661,10.999,21.06,22.207,12.152,17.79,22.137,18.421,46.471,10.166,39.409,120.25,79.275,16.829,50.251,14.357,19.254,25.538,28.995,17.19,16.539,34.987,26.258,31.753,72.999,66.138,61.093,17.611,22.896,13.43,18.664,56.092
7.23,23.081,39.514,43.451,19.316,23.907,26.364,34.835,33.335,21.652,10.977,21.029,22.191,12.141,17.787,22.123,18.426,46.508,10.161,39.33,120.35,79.269,16.811,50.163,14.353,19.255,25.55,29.004,17.179,16.497,35.001,26.165,31.786,72.954,66.116,61.004,17.632,22.89,13.424,18.639,56.151
7.24,23.04,39.435,43.504,19.318,23.926,26.461,34.808,33.339,21.642,10.955,20.997,22.175,12.131,17.785,22.109,18.43,46.543,10.157,39.251,120.46,79.263,16.792,50.074,14.348,19.256,25.562,29.012,17.167,16.456,35.016,26.072,31.818,72.908,66.092,60.913,17.652,22.884,13.418,18.614,56.208
7.25,22.998,39.356,43.555,19.32,23.945,26.557,34.78,33.342,21.633,10.933,20.965,22.159,12.12,17.782,22.095,18.435,46.578,10.152,39.172,120.56,79.257,16.774,49.983,14.343,19.257,25.573,29.019,17.155,16.415,35.031,25.98,31.849,72.862,66.065,60.84,17.672,22.878,13.412,18.588,56.262
7.26,22.957,39.276,43.606,19.322,23.963,26.651,34.753,33.345,21.623,10.91,20.933,22.143,12.109,17.78,22.081,18.439,46.611,10.148,39.092,120.66,79.25,16.755,49.891,14.338,19.259,25.584,29.027,17.143,16.374,35.045,25.888,31.88,72.814,66.035,60.79,17.692,22.872,13.406,18.562,56.315
7.27,22.915,39.195,43.655,19.323,23.981,26.744,34.74,33.347,21.613,10.888,20.901,22.127,12.099,17.777,22.067,18.443,46.644,10.144,39.011,120.76,79.243,16.737,49.798,14.333,19.26,25.594,29.033,17.131,16.333,35.059,25.797,31.909,72.766,66.003,60.742,17.711,22.866,13.399,18.536,56.365
7.28,22.873,39.113,43.702,19.325,23.997,26.835,34.728,33.349,21.603,10.865,20.87,22.11,12.088,17.775,22.053,18.448,46.675,10.14,38.929,120.87,79.236,16.719,49.704,14.327,19.261,25.605,29.04,17.119,16.292,35.072,25.707,31.938,72.716,65.967,60.697,17.73,22.86,13.392,18.51,56.414
7.29,22.831,39.031,43.748,19.326,24.011,26.924,34.715,33.35,21.594,10.842,20.843,22.094,12.077,17.772,22.039,18.452,46.705,10.136,38.847,120.97,79.228,16.7,49.609,14.321,19.263,25.615,29.046,17.107,16.252,35.085,25.618,31.966,72.666,65.928,60.654,17.748,22.854,13.385,18.483,56.46
7.3,22.789,38.948,43.792,19.328,24.024,27.012,34.702,33.35,21.584,10.818,20.838,22.078,12.066,17.77,22.025,18.456,46.734,10.132,38.764,121.07,79.22,16.682,49.513,14.315,19.264,25.624,29.052,17.094,16.211,35.098,25.529,31.993,72.615,65.887,60.612,17.766,22.848,13.378,18.456,56.504
7.31,22.747,38.864,43.835,19.329,24.036,27.098,34.689,33.35,21.575,10.795,20.833,22.062,12.056,17.767,22.012,18.461,46.762,10.129,38.681,121.17,79.211,16.664,49.416,14.309,19.265,25.633,29.058,17.082,16.171,35.11,25.441,32.019,72.563,65.842,60.573,17.784,22.841,13.37,18.445,56.545
7.32,22.705,38.779,43.877,19.331,24.045,27.183,34.675,33.349,21.565,10.771,20.828,22.045,12.045,17.765,21.997,18.465,46.789,10.125,38.597,121.27,79.203,16.646,49.319,14.303,19.267,25.641,29.063,17.069,16.131,35.122,25.354,32.043,72.511,65.794,60.536,17.803,22.835,13.362,18.447,56.585
7.33,22.663,38.694,43.917,19.332,24.053,27.266,34.66,33.347,21.555,10.747,20.823,22.029,12.034,17.762,21.983,18.469,46.815,10.122,38.512,121.38,79.194,16.628,49.222,14.296,19.268,25.649,29.067,17.056,16.091,35.134,25.268,32.067,72.459,65.745,60.499,17.822,22.829,13.354,18.448,56.622
7.34,22.621,38.608,43.955,19.333,24.059,27.347,34.645,33.345,21.546,10.723,20.818,22.013,12.023,17.76,21.969,18.473,46.839,10.119,38.427,121.48,79.184,16.61,49.125,14.289,19.269,25.657,29.071,17.044,16.051,35.145,25.183,32.09,72.407,65.693,60.464,17.841,22.823,13.346,18.449,56.657
7.35,22.578,38.521,43.992,19.334,24.063,27.427,34.629,33.342,21.536,10.698,20.813,21.997,12.012,17.757,21.955,18.477,46.863,10.116,38.341,121.58,79.175,16.592,49.028,14.282,19.27,25.664,29.075,17.031,16.011,35.156,25.098,32.111,72.355,65.638,60.428,17.86,22.816,13.337,18.45,56.689
7.36,22.536,38.436,44.027,19.335,24.066,27.506,34.613,33.338,21.526,10.674,20.808,21.98,12.001,17.755,21.941,18.481,46.885,10.113,38.255,121.68,79.165,16.574,48.93,14.275,19.272,25.671,29.078,17.017,15.971,35.167,25.015,32.132,72.303,65.583,60.392,17.878,22.81,13.329,18.451,56.719
7.37,22.493,38.35,44.061,19.336,24.066,27.583,34.596,33.334,21.517,10.649,20.803,21.964,11.99,17.752,21.927,18.484,46.906,10.11,38.168,121.78,79.155,16.557,48.832,14.268,19.273,25.678,29.081,17.004,15.931,35.177,24.933,32.151,72.252,65.525,60.356,17.896,22.804,13.32,18.451,56.748
7.38,22.451,38.264,44.094,19.337,24.065,27.658,34.579,33.33,21.507,10.624,20.798,21.948,11.979,17.75,21.913,18.488,46.926,10.107,38.08,121.88,79.144,16.539,48.734,14.26,19.274,25.684,29.084,16.991,15.892,35.186,24.852,32.169,72.202,65.466,60.321,17.914,22.797,13.31,18.452,56.773
7.39,22.408,38.177,44.125,19.338,24.062,27.731,34.561,33.324,21.498,10.599,20.793,21.932,11.968,17.748,21.899,18.492,46.945,10.105,37.993,121.98,79.134,16.522,48.635,14.252,19.276,25.689,29.086,16.977,15.853,35.196,24.773,32.187,72.151,65.406,60.285,17.931,22.791,13.301,18.452,56.797
7.4,22.365,38.09,44.155,19.339,24.058,27.804,34.542,33.318,21.488,10.574,20.788,21.915,11.957,17.745,21.885,18.495,46.963,10.103,37.904,122.08,79.123,16.505,48.534,14.244,19.277,25.694,29.087,16.963,15.813,35.205,24.694,32.203,72.099,65.344,60.25,17.948,22.785,13.291,18.452,56.819
7.41,22.322,38.002,44.183,19.34,24.052,27.874,34.524,33.312,21.478,10.548,20.783,21.899,11.946,17.743,21.871,18.499,46.98,10.101,37.815,122.18,79.111,16.488,48.433,14.236,19.278,25.699,29.088,16.949,15.774,35.214,24.617,32.218,72.047,65.281,60.215,17.964,22.778,13.281,18.451,56.838
7.42,22.279,37.913,44.21,19.341,24.044,27.943,34.505,33.305,21.469,10.523,20.778,21.883,11.935,17.74,21.857,18.503,46.996,10.099,37.726,122.28,79.1,16.471,48.331,14.262,19.28,25.704,29.089,16.935,15.735,35.222,24.54,32.231,71.993,65.216,60.181,17.981,22.772,13.27,18.451,56.855
7.43,22.237,37.824,44.236,19.342,24.034,28.01,34.485,33.297,21.459,10.497,20.773,21.867,11.924,17.738,21.844,18.506,47.01,10.097,37.636,122.38,79.088,16.455,48.227,14.336,19.281,25.709,29.09,16.921,15.697,35.231,24.466,32.244,71.939,65.151,60.147,17.996,22.765,13.26,18.451,56.87
7.44,22.194,37.734,44.26,19.342,24.023,28.076,34.487,33.289,21.449,10.471,20.768,21.85,11.913,17.735,21.83,18.51,47.024,10.095,37.545,122.48,79.076,16.438,48.122,14.409,19.282,25.712,29.09,16.906,15.658,35.239,24.392,32.255,71.884,65.083,60.113,18.012,22.759,13.249,18.45,56.883
7.45,22.151,37.644,44.283,19.343,24.011,28.141,34.492,33.281,21.44,10.445,20.763,21.834,11.902,17.733,21.816,18.513,47.036,10.094,37.454,122.58,79.063,16.422,48.017,14.482,19.284,25.716,29.09,16.892,15.62,35.247,24.32,32.265,71.828,65.014,60.079,18.027,22.752,13.239,18.449,56.894
7.46,22.108,37.553,44.305,19.343,23.996,28.203,34.495,33.272,21.43,10.419,20.759,21.818,11.891,17.731,21.802,18.516,47.047,10.093,37.363,122.69,79.05,16.406,47.91,14.556,19.285,25.719,29.09,16.877,15.581,35.255,24.249,32.274,71.772,64.944,60.045,18.041,22.745,13.227,18.448,56.902
7.47,22.065,37.462,44.325,19.344,23.981,28.265,34.498,33.263,21.42,10.393,20.754,21.801,11.88,17.728,21.788,18.52,47.057,10.092,37.271,122.79,79.038,16.39,47.802,14.628,19.286,25.721,29.09,16.862,15.543,35.262,24.179,32.282,71.744,64.872,60.01,18.056,22.739,13.216,18.447,56.909
7.48,22.022,37.37,44.345,19.344,23.963,28.325,34.499,33.253,21.411,10.366,20.749,21.785,11.869,17.726,21.774,18.523,47.066,10.091,37.179,122.89,79.024,16.374,47.693,14.699,19.287,25.724,29.089,16.847,15.505,35.269,24.111,32.289,71.787,64.799,59.976,18.07,22.732,13.204,18.445,56.913
7.49,21.979,37.279,44.363,19.345,23.944,28.385,34.5,33.242,21.401,10.34,20.744,21.769,11.858,17.723,21.76,18.526,47.073,10.09,37.086,122.99,79.011,16.359,47.582,14.768,19.289,25.726,29.087,16.832,15.467,35.275,24.045,32.294,71.83,64.724,59.941,18.084,22.725,13.193,18.444,56.916
7.5,21.935,37.189,44.38,19.345,23.924,28.443,34.501,33.231,21.392,10.313,20.739,21.753,11.847,17.721,21.746,18.529,47.08,10.089,36.993,123.09,78.997,16.344,47.471,14.834,19.29,25.728,29.086,16.816,15.43,35.282,23.979,32.299,71.873,64.648,59.907,18.097,22.718,13.181,18.442,56.916
7.51,21.892,37.098,44.395,19.346,23.902,28.5,34.5,33.219,21.382,10.286,20.734,21.736,11.836,17.719,21.732,18.532,47.085,10.089,36.9,123.19,78.982,16.328,47.358,14.9,19.291,25.73,29.084,16.801,15.392,35.288,23.915,32.303,71.915,64.57,59.874,18.11,22.712,13.168,18.44,56.914
7.52,21.849,37.006,44.41,19.346,23.879,28.556,34.499,33.207,21.373,10.259,20.729,21.72,11.825,17.716,21.718,18.535,47.089,10.088,36.806,123.29,78.968,16.313,47.244,14.962,19.293,25.731,29.081,16.786,15.355,35.293,23.853,32.307,71.957,64.491,59.841,18.123,22.705,13.156,18.438,56.911
7.53,21.806,36.914,44.423,19.346,23.854,28.611,34.497,33.195,21.363,10.232,20.724,21.704,11.813,17.714,21.705,18.538,47.092,10.088,36.712,123.39,78.954,16.299,47.129,15.024,19.294,25.731,29.079,16.77,15.317,35.298,23.792,32.309,71.999,64.411,59.81,18.136,22.698,13.143,18.436,56.905
7.54,21.762,36.822,44.436,19.347,23.828,28.666,34.494,33.181,21.353,10.205,20.719,21.688,11.802,17.712,21.691,18.541,47.094,10.088,36.617,123.49,78.939,16.284,47.012,15.083,19.295,25.731,29.076,16.754,15.28,35.303,23.732,32.311,72.04,64.33,59.78,18.172,22.691,13.13,18.433,56.897
7.55,21.719,36.729,44.447,19.347,23.801,28.719,34.491,33.167,21.344,10.178,20.714,21.671,11.791,17.709,21.677,18.544,47.095,10.088,36.522,123.59,78.923,16.27,46.895,15.14,19.297,25.732,29.072,16.737,15.243,35.308,23.675,32.313,72.082,64.249,59.751,18.212,22.684,13.117,18.43,56.887
7.56,21.676,36.636,44.457,19.347,23.786,28.772,34.487,33.153,21.334,10.15,20.71,21.655,11.78,17.707,21.663,18.547,47.095,10.088,36.427,123.69,78.908,16.256,46.776,15.194,19.298,25.732,29.069,16.721,15.207,35.312,23.618,32.314,72.123,64.169,59.723,18.252,22.677,13.104,18.428,56.876
7.57,21.633,36.543,44.466,19.347,23.808,28.823,34.483,33.138,21.325,10.123,20.705,21.639,11.769,17.705,21.649,18.55,47.094,10.089,36.332,123.79,78.892,16.242,46.657,15.247,19.299,25.731,29.065,16.704,15.17,35.316,23.563,32.316,72.164,64.088,59.695,18.292,22.67,13.091,18.425,56.862
7.58,21.589,36.449,44.474,19.347,23.829,28.873,34.478,33.122,21.315,10.095,20.7,21.622,11.758,17.702,21.635,18.553,47.091,10.089,36.236,123.89,78.876,16.228,46.536,15.295,19.3,25.73,29.06,16.687,15.133,35.32,23.51,32.319,72.205,64.007,59.668,18.332,22.663,13.077,18.422,56.846
7.59,21.546,36.355,44.481,19.347,23.85,28.922,34.473,33.106,21.306,10.067,20.695,21.606,11.746,17.7,21.621,18.555,47.087,10.09,36.14,123.99,78.86,16.215,46.414,15.341,19.302,25.729,29.056,16.67,15.097,35.323,23.458,32.323,72.245,63.926,59.642,18.37,22.656,13.063,18.418,56.829
7.6,21.502,36.26,44.487,19.347,23.87,28.97,34.468,33.09,21.296,10.039,20.69,21.59,11.735,17.697,21.607,18.558,47.082,10.091,36.043,124.09,78.843,16.201,46.291,15.384,19.303,25.728,29.051,16.653,15.061,35.326,23.407,32.334,72.286,63.844,59.618,18.409,22.649,13.049,18.415,56.81
7.61,21.459,36.166,44.491,19.347,23.889,29.017,34.463,33.073,21.287,10.011,20.685,21.574,11.724,17.695,21.594,18.561,47.077,10.092,35.946,124.19,78.826,16.188,46.167,15.422,19.304,25.726,29.046,16.636,15.025,35.329,23.358,32.365,72.327,63.762,59.594,18.446,22.642,13.035,18.412,56.788
7.62,21.415,36.073,44.494,19.347,23.909,29.063,34.459,33.055,21.277,9.9833,20.68,21.557,11.713,17.693,21.58,18.563,47.07,10.093,35.849,124.29,78.809,16.175,46.169,15.457,19.306,25.723,29.041,16.618,14.989,35.331,23.311,32.422,72.368,63.681,59.571,18.484,22.635,13.02,18.408,56.765
7.63,21.372,35.98,44.496,19.346,23.928,29.107,34.454,33.037,21.267,9.9552,20.675,21.541,11.701,17.691,21.566,18.566,47.062,10.094,35.752,124.39,78.791,16.163,46.185,15.49,19.307,25.721,29.035,16.6,14.954,35.334,23.265,32.49,72.409,63.602,59.549,18.521,22.628,13.006,18.404,56.74
7.64,21.328,35.886,44.497,19.346,23.946,29.151,34.45,33.018,21.258,9.9269,20.67,21.525,11.69,17.688,21.552,18.568,47.052,10.095,35.655,124.49,78.773,16.15,46.2,15.518,19.308,25.719,29.03,16.582,14.918,35.336,23.221,32.606,72.45,63.525,59.528,18.557,22.621,12.991,18.4,56.714
7.65,21.285,35.792,44.496,19.346,23.965,29.194,34.445,32.999,21.248,9.8985,20.665,21.509,11.679,17.686,21.538,18.571,47.042,10.097,35.557,124.59,78.755,16.138,46.215,15.542,19.309,25.716,29.024,16.564,14.883,35.338,23.178,32.721,72.49,63.45,59.509,18.593,22.613,12.976,18.396,56.685
7.66,21.242,35.697,44.495,19.346,23.983,29.236,34.44,32.979,21.239,9.8702,20.661,21.493,11.668,17.684,21.524,18.573,47.031,10.098,35.459,124.69,78.736,16.126,46.229,15.563,19.311,25.713,29.018,16.545,14.848,35.34,23.136,32.841,72.53,63.377,59.492,18.629,22.606,12.961,18.392,56.656
7.67,21.198,35.603,44.492,19.345,24.001,29.278,34.435,32.959,21.229,9.8417,20.656,21.476,11.656,17.681,21.51,18.575,47.018,10.1,35.36,124.79,78.718,16.114,46.242,15.58,19.312,25.709,29.012,16.527,14.813,35.341,23.097,32.96,72.57,63.304,59.475,18.664,22.599,12.945,18.387,56.624
7.68,21.155,35.508,44.488,19.345,24.018,29.318,34.429,32.938,21.22,9.8132,20.651,21.46,11.645,17.679,21.497,18.578,47.005,10.102,35.262,124.89,78.699,16.102,46.255,15.593,19.313,25.705,29.005,16.508,14.778,35.342,23.058,33.077,72.61,63.232,59.459,18.698,22.592,12.93,18.383,56.591
7.69,21.111,35.414,44.483,19.344,24.036,29.359,34.423,32.917,21.211,9.7846,20.646,21.444,11.634,17.677,21.483,18.58,46.99,10.103,35.164,124.99,78.68,16.091,46.267,15.604,19.314,25.701,28.998,16.489,14.743,35.343,23.022,33.19,72.65,63.16,59.443,18.732,22.584,12.914,18.378,56.556
7.7,21.068,35.32,44.477,19.344,24.053,29.398,34.416,32.895,21.201,9.7559,20.641,21.428,11.623,17.674,21.469,18.582,46.974,10.105,35.065,125.09,78.66,16.079,46.279,15.612,19.316,25.696,28.991,16.469,14.709,35.344,22.986,33.301,72.69,63.087,59.428,18.766,22.577,12.898,18.373,56.52
7.71,21.024,35.227,44.47,19.343,24.072,29.437,34.409,32.873,21.192,9.7271,20.636,21.412,11.611,17.672,21.455,18.584,46.957,10.107,34.966,125.19,78.64,16.068,46.29,15.617,19.317,25.692,28.984,16.45,14.675,35.344,22.953,33.408,72.73,63.014,59.414,18.799,22.57,12.882,18.368,56.482
7.72,20.98,35.133,44.461,19.342,24.09,29.475,34.401,32.851,21.182,9.6982,20.632,21.395,11.6,17.67,21.442,18.586,46.939,10.109,34.867,125.29,78.62,16.057,46.301,15.619,19.318,25.687,28.976,16.431,14.641,35.344,22.921,33.512,72.771,62.941,59.399,18.831,22.562,12.866,18.363,56.442
7.73,20.937,35.039,44.452,19.342,24.109,29.512,34.393,32.828,21.173,9.6694,20.627,21.379,11.589,17.668,21.428,18.588,46.921,10.111,34.767,125.39,78.599,16.046,46.311,15.619,19.319,25.682,28.968,16.411,14.607,35.344,22.89,33.613,72.811,62.866,59.385,18.863,22.555,12.849,18.357,56.402
7.74,20.894,34.945,44.442,19.341,24.129,29.548,34.385,32.805,21.163,9.6405,20.622,21.363,11.578,17.665,21.414,18.59,46.9,10.113,34.668,125.49,78.578,16.036,46.32,15.615,19.321,25.676,28.96,16.391,14.573,35.343,22.861,33.71,72.852,62.79,59.37,18.894,22.547,12.833,18.352,56.359
7.75,20.85,34.85,44.43,19.34,24.149,29.583,34.376,32.781,21.154,9.6115,20.617,21.347,11.566,17.663,21.401,18.592,46.88,10.116,34.569,125.59,78.557,16.025,46.329,15.609,19.322,25.67,28.952,16.371,14.539,35.342,22.833,33.804,72.893,62.712,59.355,18.925,22.54,12.816,18.346,56.316
7.76,20.807,34.756,44.418,19.339,24.17,29.618,34.367,32.757,21.145,9.5824,20.612,21.331,11.555,17.661,21.387,18.594,46.857,10.118,34.469,125.69,78.535,16.015,46.337,15.6,19.323,25.664,28.943,16.351,14.506,35.341,22.807,33.896,72.933,62.666,59.339,18.956,22.532,12.799,18.341,56.271
7.77,20.763,34.664,44.405,19.339,24.191,29.652,34.358,32.733,21.135,9.5533,20.607,21.315,11.544,17.659,21.373,18.596,46.834,10.12,34.369,125.79,78.514,16.005,46.344,15.587,19.324,25.658,28.935,16.331,14.473,35.339,22.782,33.984,72.974,62.64,59.323,18.986,22.525,12.782,18.335,56.225
7.78,20.72,34.57,44.39,19.338,24.211,29.686,34.349,32.708,21.126,9.5241,20.602,21.299,11.533,17.656,21.36,18.598,46.81,10.123,34.269,125.88,78.492,15.995,46.351,15.571,19.325,25.651,28.926,16.31,14.439,35.337,22.758,34.068,73.015,62.613,59.306,19.015,22.517,12.765,18.329,56.178
7.79,20.677,34.477,44.376,19.337,24.231,29.719,34.34,32.683,21.116,9.495,20.598,21.283,11.521,17.654,21.346,18.6,46.785,10.125,34.169,125.98,78.469,15.985,46.358,15.567,19.327,25.644,28.917,16.29,14.407,35.335,22.736,34.149,73.057,62.586,59.289,19.044,22.51,12.747,18.323,56.13
7.8,20.633,34.384,44.361,19.336,24.25,29.751,34.331,32.657,21.107,9.4658,20.593,21.267,11.51,17.652,21.332,18.602,46.759,10.127,34.069,126.08,78.446,15.975,46.364,15.609,19.328,25.637,28.908,16.269,14.374,35.333,22.716,34.227,73.101,62.559,59.272,19.072,22.502,12.73,18.317,56.081
7.81,20.59,34.29,44.345,19.335,24.268,29.783,34.321,32.63,21.098,9.4365,20.588,21.251,11.499,17.65,21.319,18.604,46.731,10.13,33.969,126.18,78.423,15.966,46.37,15.688,19.329,25.63,28.899,16.247,14.341,35.331,22.697,34.302,73.147,62.533,59.254,19.099,22.495,12.712,18.31,56.032
7.82,20.546,34.197,44.329,19.334,24.286,29.814,34.313,32.604,21.088,9.4072,20.583,21.235,11.488,17.647,21.305,18.605,46.703,10.132,33.869,126.28,78.4,15.956,46.375,15.765,19.33,25.623,28.89,16.226,14.309,35.328,22.679,34.375,73.194,62.508,59.235,19.127,22.487,12.694,18.304,55.983
7.83,20.503,34.103,44.313,19.333,24.304,29.844,34.304,32.576,21.079,9.3778,20.578,21.219,11.476,17.645,21.291,18.607,46.674,10.135,33.768,126.38,78.376,15.947,46.38,15.838,19.331,25.615,28.88,16.205,14.277,35.325,22.662,34.445,73.242,62.483,59.216,19.153,22.48,12.676,18.297,55.933
7.84,20.46,34.01,44.296,19.332,24.321,29.874,34.296,32.549,21.07,9.3484,20.573,21.203,11.465,17.643,21.278,18.609,46.644,10.137,33.668,126.47,78.352,15.938,46.385,15.911,19.332,25.607,28.871,16.183,14.245,35.321,22.647,34.515,73.292,62.459,59.196,19.179,22.472,12.658,18.291,55.883
7.85,20.416,33.916,44.278,19.331,24.338,29.904,34.289,32.521,21.06,9.3189,20.569,21.186,11.454,17.641,21.264,18.61,46.613,10.14,33.567,126.57,78.327,15.929,46.389,15.98,19.333,25.598,28.861,16.161,14.213,35.318,22.633,34.582,73.343,62.437,59.175,19.205,22.465,12.64,18.284,55.833
7.86,20.373,33.822,44.26,19.33,24.355,29.933,34.283,32.492,21.051,9.2896,20.564,21.17,11.443,17.639,21.251,18.612,46.581,10.142,33.467,126.67,78.302,15.92,46.393,16.047,19.334,25.589,28.851,16.139,14.181,35.315,22.621,34.648,73.393,62.416,59.153,19.229,22.457,12.621,18.277,55.783
7.87,20.33,33.729,44.241,19.328,24.372,29.963,34.277,32.463,21.042,9.2601,20.559,21.154,11.432,17.636,21.237,18.613,46.548,10.144,33.367,126.77,78.277,15.911,46.397,16.11,19.336,25.581,28.841,16.117,14.15,35.311,22.61,34.712,73.443,62.397,59.131,19.254,22.45,12.602,18.27,55.731
7.88,20.286,33.637,44.222,19.327,24.387,29.992,34.271,32.434,21.033,9.2389,20.554,21.138,11.421,17.634,21.224,18.615,46.514,10.147,33.266,126.86,78.252,15.902,46.401,16.17,19.337,25.572,28.831,16.095,14.118,35.307,22.6,34.775,73.494,62.381,59.108,19.277,22.442,12.584,18.262,55.679
7.89,20.243,33.544,44.202,19.326,24.403,30.021,34.266,32.404,21.023,9.2246,20.55,21.122,11.41,17.632,21.21,18.616,46.479,10.149,33.166,126.96,78.226,15.894,46.404,16.226,19.338,25.563,28.821,16.072,14.087,35.303,22.591,34.836,73.544,62.367,59.084,19.301,22.434,12.565,18.255,55.626
7.9,20.2,33.452,44.181,19.324,24.417,30.049,34.261,32.374,21.014,9.21,20.545,21.107,11.399,17.63,21.196,18.618,46.443,10.151,33.065,127.06,78.2,15.885,46.407,16.279,19.339,25.553,28.81,16.05,14.056,35.298,22.584,34.897,73.594,62.355,59.059,19.323,22.427,12.546,18.248,55.572
7.91,20.157,33.36,44.159,19.323,24.431,30.076,34.256,32.343,21.005,9.1952,20.54,21.091,11.388,17.628,21.183,18.619,46.406,10.154,32.964,127.15,78.173,15.877,46.41,16.331,19.34,25.544,28.8,16.027,14.026,35.293,22.577,34.969,73.644,62.345,59.034,19.345,22.419,12.527,18.24,55.516
7.92,20.114,33.267,44.137,19.322,24.444,30.102,34.25,32.312,20.996,9.1802,20.535,21.075,11.377,17.625,21.169,18.62,46.368,10.156,32.864,127.25,78.146,15.868,46.413,16.38,19.341,25.534,28.789,16.005,13.995,35.289,22.572,35.043,73.693,62.335,59.007,19.366,22.411,12.507,18.233,55.46
7.93,20.071,33.175,44.114,19.32,24.457,30.126,34.244,32.281,20.987,9.1651,20.531,21.059,11.366,17.623,21.156,18.622,46.33,10.158,32.764,127.34,78.118,15.86,46.415,16.425,19.342,25.523,28.778,15.982,13.965,35.283,22.568,35.113,73.742,62.327,58.98,19.387,22.404,12.488,18.225,55.402
7.94,20.028,33.083,44.09,19.319,24.468,30.15,34.238,32.249,20.977,9.1497,20.526,21.043,11.355,17.621,21.142,18.623,46.29,10.16,32.663,127.44,78.091,15.852,46.417,16.467,19.343,25.513,28.767,15.959,13.934,35.278,22.566,35.181,73.791,62.32,58.953,19.408,22.396,12.468,18.217,55.343
7.95,19.985,32.991,44.066,19.317,24.479,30.173,34.23,32.217,20.968,9.1342,20.521,21.027,11.344,17.619,21.129,18.624,46.25,10.162,32.563,127.53,78.063,15.844,46.419,16.506,19.344,25.502,28.756,15.936,13.904,35.272,22.564,35.246,73.84,62.315,58.924,19.428,22.388,12.449,18.209,55.283
7.96,19.942,32.899,44.041,19.315,24.489,30.195,34.223,32.184,20.959,9.1185,20.516,21.011,11.333,17.617,21.115,18.625,46.209,10.164,32.462,127.63,78.034,15.835,46.42,16.54,19.345,25.491,28.745,15.912,13.874,35.266,22.563,35.309,73.888,62.311,58.894,19.447,22.38,12.429,18.201,55.222
7.97,19.899,32.807,44.016,19.314,24.498,30.216,34.215,32.151,20.95,9.1027,20.512,20.995,11.322,17.615,21.102,18.627,46.167,10.166,32.362,127.72,78.006,15.828,46.421,16.573,19.346,25.48,28.734,15.889,13.845,35.26,22.564,35.371,73.937,62.308,58.864,19.465,22.373,12.409,18.193,55.159
7.98,19.856,32.715,43.99,19.312,24.507,30.237,34.206,32.118,20.941,9.0867,20.507,20.979,11.311,17.612,21.088,18.628,46.124,10.168,32.261,127.82,77.976,15.82,46.422,16.603,19.347,25.469,28.723,15.866,13.815,35.253,22.565,35.432,73.986,62.305,58.833,19.483,22.365,12.389,18.185,55.096
7.99,19.813,32.623,43.963,19.31,24.515,30.258,34.197,32.084,20.932,9.0705,20.502,20.963,11.3,17.61,21.075,18.629,46.081,10.17,32.161,127.91,77.946,15.812,46.423,16.63,19.348,25.458,28.711,15.842,13.786,35.247,22.568,35.492,74.035,62.303,58.801,19.501,22.357,12.368,18.176,55.031
8,19.77,32.532,43.936,19.309,24.522,30.28,34.187,32.05,20.922,9.0541,20.497,20.947,11.29,17.608,21.061,18.63,46.036,10.171,32.061,128.01,77.917,15.804,46.424,16.653,19.348,25.446,28.699,15.818,13.757,35.24,22.572,35.55,74.084,62.301,58.768,19.518,22.349,12.348,18.168,54.965
