  -1.2389165e-05	
  -1.2442352e-05	
  -1.2479549e-05	
  -1.2583844e-05	
  -1.2611000e-05	
  -1.2572801e-05	
  -1.2638555e-05	
  -1.2809119e-05	
  -1.2635369e-05	
  -1.2737016e-05	
  -1.3001711e-05	
  -1.2835207e-05	
  -1.2907082e-05	
  -1.3240604e-05	
  -1.3422015e-05	
  -1.2876601e-05	
  -1.2625638e-05	
  -1.2969168e-05	
  -1.2976797e-05	
  -1.2673633e-05	
  -1.3830436e-05	
  -1.2882966e-05	
  -1.3241028e-05	
  -1.5251698e-05	
  -1.3380344e-05	
  -1.2460706e-05	
  -1.2738800e-05	
  -1.2738205e-05	
  -1.2698230e-05	
  -1.2671506e-05	
  -1.2456387e-05	
  -1.3108941e-05	
  -1.4209908e-05	
  -1.2357014e-05	
  -1.3856312e-05	
  -1.8230548e-05	
  -1.3455479e-05	
  -1.2981459e-05	
  -1.6924958e-05	
  -1.3712668e-05	
  -1.1304661e-05	
  -1.3748748e-05	
  -1.7655622e-05	
  -1.4007348e-05	
  -1.0804822e-05	
  -9.2563788e-06	
  -1.1784468e-05	
  -1.1594076e-05	
  -8.6336291e-06	
  -1.1234245e-05	
  -1.1573236e-05	
  -1.4116941e-05	
  -1.8925531e-05	
  -1.6234107e-05	
  -1.9597058e-05	
  -1.3628047e-05	
  -1.2042839e-05	
  -1.5944880e-05	
  -1.4232361e-05	
  -1.6306618e-05	
  -1.1624565e-05	
  -1.3232560e-05	
  -2.3510492e-05	
  -2.1644835e-05	
  -1.7423453e-05	
  -1.2138170e-05	
  -1.0503614e-05	
  -1.1068213e-05	
  -1.0839630e-05	
  -1.0799255e-05	
  -1.0643256e-05	
  -1.0649581e-05	
  -1.0486450e-05	
  -1.0487078e-05	
  -1.0309913e-05	
  -1.0355276e-05	
  -1.0105193e-05	
  -9.9709871e-06	
  -1.0163572e-05	
  -1.0678122e-05	
  -6.7652319e-06	
  -1.3967429e-05	
  -4.7006592e-05	
  -4.7719008e-05	
  -1.1421899e-05	
  -1.1744427e-05	
  -3.1424126e-05	
  -1.6686823e-05	
  -9.4137146e-07	
  -2.5046694e-06	
  -3.1605969e-05	
  -3.1325992e-05	
  -1.8302162e-05	
  -1.8629669e-05	
  -2.7986334e-05	
  -5.8303560e-06	
  -1.5973739e-05	
  -8.3791210e-06	
  -1.5742784e-05	
  -5.5087676e-05	
  -3.2361670e-05	
  -1.9141742e-06	
  -4.0968241e-05	
  -8.8596612e-05	
  -2.5131715e-05	
   1.5841049e-06	
  -8.1418777e-06	
  -7.6209778e-06	
  -4.2664264e-06	
  -1.0922875e-05	
  -2.4056600e-05	
  -8.6004261e-06	
  -8.6384621e-06	
  -2.4485941e-05	
  -1.0806525e-05	
  -3.5889275e-06	
  -2.9865814e-06	
  -1.2785280e-05	
  -1.9986522e-05	
   9.2451970e-06	
   6.6533568e-06	
  -1.3349276e-05	
  -5.5571745e-05	
  -6.6973619e-05	
  -2.6332943e-05	
   1.7819625e-05	
  -9.3166155e-07	
   2.0146230e-07	
   5.5520082e-05	
   5.5364947e-05	
   1.0975955e-05	
  -2.1982856e-05	
  -8.3722098e-05	
  -8.5419498e-05	
  -5.8853791e-05	
  -8.4821777e-06	
  -5.5339739e-06	
  -2.3281975e-05	
  -2.2312222e-05	
  -5.6630357e-05	
  -1.2123304e-05	
   4.3546355e-05	
   2.6943550e-05	
  -2.6521331e-05	
  -1.1072305e-05	
   6.9410249e-06	
  -9.4337962e-06	
  -2.8770331e-05	
  -8.9861900e-06	
  -4.0757482e-05	
  -8.0856435e-05	
  -4.1658709e-05	
  -5.3816569e-06	
  -3.8023173e-05	
  -4.1899712e-05	
  -4.4928326e-06	
   8.5487632e-06	
  -4.0036337e-06	
  -3.9529782e-05	
  -5.3758362e-05	
  -2.7313706e-05	
  -2.3537404e-05	
  -1.2381431e-04	
  -1.0090759e-04	
  -4.1915108e-06	
   9.9293406e-06	
   6.8435224e-06	
  -6.5177914e-06	
  -3.9376163e-05	
   4.9586499e-06	
   5.0540008e-05	
   9.6188501e-06	
   1.0111729e-05	
   5.2304923e-05	
   1.1502486e-05	
  -5.7929328e-05	
  -3.7020894e-05	
   4.3463249e-05	
   2.7373772e-05	
  -1.1147586e-05	
  -3.9304540e-05	
  -3.6292985e-07	
   1.0274314e-05	
  -5.8777833e-05	
  -1.1077423e-04	
  -5.9231543e-05	
   5.7364297e-06	
   1.7483404e-05	
  -4.9602375e-06	
  -4.1033066e-05	
  -3.0438384e-06	
   1.5858278e-05	
   9.9083625e-06	
   1.3487036e-06	
   2.9611240e-05	
   6.1485140e-05	
  -5.8314106e-05	
  -1.1676212e-04	
   1.0206082e-05	
  -3.1813028e-05	
  -1.2684513e-04	
   7.9591172e-05	
   6.0276455e-05	
  -1.7416640e-06	
   1.2546428e-05	
   1.4674042e-05	
   1.3869515e-05	
   1.2905623e-05	
   1.4528760e-05	
   1.4121057e-05	
   1.4511711e-05	
   1.4911721e-05	
   1.5691627e-05	
   1.4087495e-05	
   1.3776255e-05	
   2.8942761e-05	
  -1.1024481e-05	
  -1.2350412e-04	
  -9.0832076e-05	
  -6.1241879e-05	
  -7.9391033e-05	
  -5.4458129e-05	
   5.6174983e-06	
  -8.6133927e-05	
  -1.1904224e-04	
   5.9267501e-05	
   5.1782973e-05	
   8.8150563e-06	
   1.9311702e-05	
   2.1888675e-05	
   2.0897733e-05	
   1.0344192e-05	
   4.7922122e-05	
   7.6977475e-05	
  -3.1914104e-05	
  -2.2882633e-05	
   7.0999964e-05	
   1.7510120e-04	
   5.1864840e-05	
   2.2972535e-05	
   1.0945132e-04	
   4.3092660e-05	
  -1.0365260e-04	
  -1.6446496e-04	
   1.3084654e-05	
   1.3056284e-04	
   2.1594150e-05	
  -6.6803749e-05	
   5.7548071e-06	
   3.6330516e-05	
   2.4715014e-05	
   2.4756179e-05	
   2.5730235e-05	
   3.6690713e-05	
   5.7872840e-06	
  -5.7714209e-05	
  -4.5217822e-06	
   6.0734053e-05	
   1.1809440e-04	
   4.8542810e-05	
   1.2169678e-05	
   5.7927494e-05	
   1.8763101e-06	
  -3.5061414e-04	
  -3.8555287e-04	
   5.8988347e-05	
   9.1610483e-05	
   1.6566448e-05	
   3.3334665e-05	
   9.6378151e-06	
   7.7923478e-05	
   2.6133872e-04	
   1.1942130e-05	
  -3.1435658e-04	
   2.7040078e-05	
   3.9410466e-04	
   1.9571361e-04	
   5.0219167e-05	
   1.3003472e-04	
   6.6710537e-05	
   2.1798992e-05	
   4.5053347e-05	
   2.0511545e-05	
  -7.3457441e-05	
  -1.5337640e-04	
  -1.6791209e-04	
  -5.2453547e-05	
  -1.7255636e-04	
  -1.4294220e-04	
  -1.0388560e-04	
  -9.3384085e-05	
   2.9511574e-05	
   5.7383783e-05	
  -1.6220619e-04	
  -3.1612717e-04	
  -3.8679183e-05	
  -8.5380786e-05	
  -2.3816060e-04	
  -1.3940379e-04	
  -1.0863078e-04	
  -9.4469095e-05	
   3.7252550e-05	
   1.0400997e-05	
  -4.7514769e-05	
   1.3239170e-04	
   1.0464950e-04	
  -2.8153075e-05	
  -1.1914509e-05	
   2.5956161e-04	
   1.0999110e-04	
   4.9505724e-05	
   1.5835336e-04	
   1.1502307e-04	
   1.5842541e-04	
   6.4446280e-05	
   8.2768710e-05	
   1.4322712e-04	
  -4.5092002e-05	
   2.2118635e-06	
   6.1172221e-05	
   5.6571913e-05	
   3.9085982e-05	
  -1.0413157e-04	
  -3.5061023e-04	
  -4.0138693e-04	
  -8.3171076e-06	
   5.5506162e-05	
  -9.2308041e-05	
   3.0609746e-05	
   3.4532675e-05	
  -8.6642976e-05	
   1.1381752e-05	
   9.8582726e-05	
  -6.6605386e-06	
  -2.4961820e-04	
  -1.7956561e-04	
  -1.1093421e-04	
  -1.4755771e-04	
  -1.1031416e-04	
   3.0951394e-05	
   6.7323817e-05	
   6.9716852e-05	
   3.7550147e-05	
  -1.4202394e-04	
  -8.7704514e-05	
   1.8400940e-04	
   1.1282355e-04	
   3.8195814e-05	
   5.7109609e-05	
   7.7008861e-05	
   3.9393107e-05	
  -1.3155486e-04	
  -1.3431119e-04	
   4.9954732e-05	
   7.0980241e-05	
  -1.5797031e-04	
  -3.3280329e-04	
  -1.5784186e-04	
   9.0208846e-05	
  -9.9870671e-06	
  -2.4572592e-04	
  -2.6101133e-05	
  -1.2286394e-04	
  -3.2579389e-04	
  -2.2764890e-04	
  -2.4866392e-05	
   1.1712911e-04	
  -2.0655287e-04	
  -3.8376614e-05	
   1.0882842e-04	
   7.0922148e-05	
   2.6259365e-05	
   1.5119041e-04	
   4.2293740e-04	
   1.3008451e-04	
  -1.8001019e-04	
  -1.3944683e-04	
   5.0545689e-05	
   8.4125849e-05	
   6.5337393e-05	
   8.7843390e-05	
   3.7924754e-05	
  -1.3612497e-04	
  -1.1403415e-04	
  -3.1071810e-04	
  -6.5972098e-04	
  -9.2145856e-05	
   1.4734996e-04	
   6.2653508e-05	
   8.8700281e-05	
   3.1175649e-05	
  -1.0531039e-04	
   2.7674034e-05	
   1.1373578e-04	
   2.6212299e-05	
  -8.8040538e-05	
  -6.7560044e-06	
  -1.4450529e-04	
  -5.1778971e-05	
  -2.0205121e-04	
  -8.3259748e-04	
  -1.3611388e-04	
  -1.4216192e-04	
  -8.9157088e-04	
  -6.3457848e-04	
  -6.0975619e-05	
  -2.9398183e-04	
  -2.2482117e-04	
   5.1526460e-05	
   1.5139782e-04	
   2.7360373e-04	
   1.2947171e-04	
   6.4292546e-05	
   8.8837119e-05	
   9.3299163e-05	
   4.0463666e-05	
   1.8376840e-04	
   4.8135383e-04	
   2.3459042e-04	
  -6.5584867e-05	
  -3.1210360e-04	
   1.1630759e-05	
   5.7224695e-05	
  -7.1723366e-05	
   2.3949011e-04	
   1.6626660e-04	
   5.9864888e-05	
   7.7407486e-05	
   1.6139241e-04	
  -4.7387132e-05	
  -5.9637291e-04	
  -2.8865189e-04	
   1.5164118e-04	
   2.1530947e-05	
  -3.9702481e-04	
  -2.3179309e-04	
   9.0145846e-05	
   1.1301964e-04	
   6.2853599e-05	
   1.4812364e-04	
   3.1340597e-04	
   1.4928542e-04	
   7.1970718e-05	
   9.8056807e-05	
   9.5794937e-05	
   9.4451899e-05	
   1.1978748e-04	
   3.1370874e-05	
  -1.0463940e-04	
   3.3941083e-05	
  -2.2246240e-04	
  -4.1745743e-04	
   5.8160772e-05	
   3.2709381e-05	
  -3.8678906e-04	
   3.7138385e-05	
   3.8038145e-04	
   1.5552865e-04	
   6.8213878e-05	
   1.0625147e-04	
   1.0903746e-04	
   9.8363084e-05	
   7.0356855e-05	
   2.1554664e-04	
   2.1624803e-04	
  -3.0608857e-04	
  -4.2209600e-05	
   1.5960088e-04	
   9.9008156e-05	
   9.6389969e-05	
   1.3241329e-04	
   4.5211163e-05	
  -1.3232968e-04	
   4.3228668e-05	
   1.2576868e-04	
   1.2442483e-04	
   9.7233249e-05	
  -2.5971067e-04	
  -4.4218428e-04	
   2.3223197e-06	
   1.8610386e-04	
   6.4024770e-05	
  -2.0403802e-04	
  -2.0723608e-04	
   9.7720619e-05	
   9.9290880e-05	
  -1.7534782e-04	
  -3.2969195e-04	
  -1.5479833e-05	
   5.0785771e-04	
   1.6027024e-05	
  -1.5223361e-05	
   1.3606735e-04	
   1.3414541e-04	
   1.3123937e-04	
  -3.4258924e-04	
  -7.1585403e-04	
  -5.6381993e-05	
   1.9606594e-04	
   9.8952573e-05	
   1.3875448e-04	
   5.0648615e-05	
  -1.4242663e-04	
   4.9524926e-05	
   1.5299759e-04	
   9.0067035e-05	
   1.5235944e-04	
   4.4246000e-04	
   4.7536750e-04	
   1.4324774e-04	
  -3.0798548e-04	
  -4.4283155e-04	
  -8.7469875e-05	
  -2.4348451e-05	
   3.4405461e-04	
   1.1600254e-04	
  -1.1076388e-04	
   3.2482754e-04	
   2.2814165e-04	
   8.1761126e-05	
   1.0637836e-04	
   2.1147318e-04	
  -2.6828480e-05	
  -8.4339704e-04	
  -6.3442061e-04	
   7.4123777e-05	
   1.7079686e-04	
   1.0350076e-04	
   1.8216212e-04	
  -2.2044576e-05	
  -4.0207691e-04	
  -5.9194550e-05	
  -1.6530352e-04	
  -2.3752238e-04	
   1.1337302e-04	
   8.3574338e-05	
  -1.6101409e-04	
   4.6662377e-05	
   1.9579332e-04	
   5.1641782e-05	
  -1.6248239e-04	
   5.4315373e-05	
   2.0205268e-04	
   2.4072443e-05	
  -1.1841094e-04	
   4.1177492e-04	
   5.5498517e-04	
   1.3035819e-04	
  -2.5860716e-04	
  -2.6327247e-04	
   1.6457165e-04	
   4.8768182e-04	
   1.2815859e-04	
  -2.3414559e-04	
   1.6671754e-04	
   4.2486569e-04	
  -1.6144270e-04	
  -3.0871915e-04	
   1.6798218e-04	
   4.9923901e-04	
   1.2691253e-04	
  -1.9954908e-04	
   5.9063295e-05	
   2.0704635e-04	
   5.7133937e-05	
  -1.6472136e-04	
   2.2141618e-05	
   2.8323051e-04	
   3.5811353e-04	
  -8.0595684e-05	
  -8.6653979e-06	
   2.4148295e-04	
   4.6569948e-04	
   2.4548859e-04	
  -4.6778131e-04	
  -8.0450818e-04	
   3.2343479e-04	
   6.2573948e-04	
   1.7028235e-04	
   1.0100939e-04	
   1.4448654e-04	
   1.7733283e-04	
   8.1692992e-05	
  -2.2282369e-04	
  -2.6444924e-04	
  -3.3899632e-04	
  -6.1273249e-04	
  -3.0062196e-04	
   1.2295742e-04	
   1.7291912e-04	
   1.3290743e-04	
   1.3972173e-04	
   1.4057503e-04	
   2.0647381e-04	
  -3.2780245e-05	
  -3.8573135e-04	
  -2.3915181e-04	
  -7.9386681e-04	
  -4.4194100e-04	
  -2.8288650e-04	
  -6.3417253e-04	
  -3.1191925e-04	
   1.3257776e-04	
   1.6783751e-04	
   1.1707809e-04	
   2.4734484e-04	
  -2.8252171e-05	
  -9.8741814e-04	
  -7.4715818e-04	
   9.0526859e-05	
   2.0334144e-04	
   1.3215624e-04	
   1.8770167e-04	
   2.7890832e-05	
  -1.0356824e-04	
   4.6053898e-04	
   1.3916190e-04	
  -6.2803533e-04	
  -3.4816417e-04	
   1.3579856e-04	
   2.1320457e-04	
   9.0249514e-05	
  -2.6366269e-04	
  -2.6237173e-04	
   1.0495456e-04	
   1.8582147e-04	
   1.4201946e-04	
   1.4406535e-04	
   1.9758746e-04	
   7.1794385e-05	
  -2.2018790e-04	
   1.4912976e-04	
   5.6463477e-04	
   1.4935062e-04	
  -2.2041422e-04	
   6.8577295e-05	
   2.0566272e-04	
   1.5306776e-04	
   1.0704112e-04	
   2.3077369e-04	
   6.0405909e-04	
  -2.8200174e-05	
  -8.2581505e-04	
  -2.8829859e-04	
  -3.4183349e-04	
  -1.7737880e-04	
  -4.7149739e-04	
  -5.4660167e-04	
  -5.4150662e-04	
   5.1424389e-05	
   1.0063180e-04	
  -1.1003062e-04	
   4.0910058e-04	
   2.8926485e-04	
   1.2463681e-04	
   1.1743115e-04	
   2.4533260e-04	
   5.3708044e-04	
   1.9357619e-04	
  -2.8418936e-04	
  -3.6405911e-04	
  -1.5231103e-04	
  -1.1640237e-04	
  -4.2051718e-04	
   3.6272977e-04	
   2.3510444e-04	
  -2.3268079e-04	
   6.4602841e-05	
   2.1301133e-04	
   1.6063071e-04	
   1.1432355e-04	
   2.4507254e-04	
   5.8456038e-04	
   5.6384561e-05	
  -4.6572124e-04	
  -2.9520441e-04	
  -7.3987835e-04	
  -3.1051533e-04	
  -3.5213770e-04	
  -2.1763597e-04	
  -4.7638013e-04	
   1.0378503e-05	
   1.5024582e-04	
  -2.0561847e-04	
   7.4563038e-05	
   2.0434519e-04	
   1.5037948e-04	
   1.3851862e-04	
   3.2516479e-04	
  -1.9962268e-04	
  -1.2578563e-03	
  -2.4140276e-04	
   4.1564650e-04	
   5.0118018e-04	
   2.4266519e-04	
   1.7007705e-04	
   3.8984987e-05	
  -6.4191829e-05	
   3.3591545e-04	
  -2.2470023e-05	
  -6.2347598e-05	
  -1.5352505e-04	
   7.3989661e-05	
   2.0332750e-04	
   1.5961962e-04	
   1.6756351e-04	
   1.6777240e-04	
   1.6040048e-04	
   1.6065264e-04	
   2.4542307e-04	
  -3.3213043e-05	
  -5.2157042e-04	
  -2.8435472e-05	
  -3.4175126e-04	
  -5.6805614e-04	
   3.7740792e-04	
   3.3889167e-04	
   1.1815283e-04	
   1.6271638e-04	
   1.7744767e-04	
   1.6822105e-04	
   1.6404124e-04	
   1.6558559e-04	
   2.0584365e-04	
   6.9539598e-05	
  -1.5574145e-04	
  -1.9551100e-05	
  -1.5654968e-04	
   6.8295932e-05	
   2.1125460e-04	
   1.6877232e-04	
   1.2780317e-04	
   2.6087131e-04	
   5.4290573e-04	
   2.6178175e-04	
   1.2345873e-04	
   1.6772545e-04	
   2.5820219e-04	
  -6.6002979e-05	
  -4.3278701e-04	
   2.4281018e-04	
   1.8262512e-05	
  -2.8445350e-05	
  -2.6295788e-04	
  -3.0383404e-04	
   2.0023817e-04	
   1.0948645e-05	
  -5.8579714e-04	
   6.3851028e-06	
   2.4378973e-04	
  -4.0109989e-04	
  -6.7422187e-04	
   2.7325442e-05	
   2.5612296e-04	
   1.1129640e-04	
   2.5621155e-04	
   5.8462281e-04	
   1.6584329e-04	
  -2.1402723e-04	
   1.6830834e-05	
  -1.6800760e-04	
  -4.9443825e-04	
  -6.2961350e-04	
   1.9728167e-05	
   2.3921505e-04	
   1.4977964e-04	
   2.3994423e-04	
  -3.2918347e-07	
  -5.9831033e-04	
  -4.5683008e-04	
  -8.7193590e-04	
  -1.1561704e-03	
   8.7217632e-05	
   6.0142746e-04	
  -2.1955505e-04	
  -3.4970289e-04	
   1.2849151e-04	
   2.1027636e-04	
   1.5227802e-04	
   2.0404462e-04	
   1.2024225e-04	
  -2.9841893e-04	
  -2.9764729e-04	
   1.1612063e-04	
   2.0960178e-04	
   1.6065834e-04	
   1.7068366e-04	
   1.7536616e-04	
   1.6589007e-04	
   1.5599703e-04	
   2.5231153e-04	
   1.8897878e-05	
  -6.7274884e-04	
  -3.9852017e-04	
   1.9228776e-04	
   1.0022006e-04	
  -1.3593581e-04	
  -1.2632321e-04	
  -4.9273702e-04	
  -8.8628153e-05	
  -2.2755330e-04	
  -2.2833146e-04	
  -8.6834338e-05	
  -4.9728390e-04	
  -1.2309149e-04	
  -1.2491244e-04	
   6.9265383e-05	
   2.0292669e-04	
   1.6916759e-04	
   1.7198309e-04	
   1.6578771e-04	
   1.5588709e-04	
   2.4027463e-04	
   5.6609892e-05	
  -7.2651162e-04	
  -8.6668811e-04	
  -3.1111345e-04	
   1.5145601e-04	
   1.9001969e-04	
   1.4188767e-04	
   2.4615135e-04	
   5.9559344e-05	
  -7.6547913e-04	
  -7.6899953e-04	
   5.4961595e-05	
   2.3209073e-04	
   2.4056078e-04	
  -2.8457477e-05	
  -5.8105189e-04	
  -2.6753451e-05	
   3.4166642e-04	
  -7.7378578e-05	
  -4.9182626e-04	
   3.9357344e-04	
   2.5638278e-04	
  -2.5634741e-04	
   7.1983514e-05	
   2.1649896e-04	
   1.6792610e-04	
   1.6278460e-04	
   1.7235294e-04	
   1.7113932e-04	
   1.7168709e-04	
   1.6468729e-04	
   1.6480596e-04	
   2.1596514e-04	
   7.7433639e-05	
  -2.4610400e-04	
   1.7405914e-04	
   5.8938730e-04	
   2.2063281e-04	
   2.1961748e-04	
   5.4951530e-04	
   2.7464009e-04	
   1.2147836e-04	
   1.5740910e-04	
   2.4358467e-04	
   5.7439505e-05	
  -7.3208785e-04	
  -8.7458709e-04	
  -2.8607054e-04	
   1.2481432e-04	
  -3.3119367e-04	
  -7.3486765e-04	
  -4.9469261e-04	
  -1.1892725e-04	
   4.7768006e-04	
   2.5640365e-04	
   2.1705626e-04	
   5.4536996e-04	
   2.6553890e-04	
   1.6354597e-04	
   6.6504538e-05	
  -1.1897068e-04	
  -1.2648767e-04	
  -4.9444616e-04	
  -1.2531929e-04	
  -1.2329296e-04	
   6.4649965e-05	
   2.0069783e-04	
   1.6008662e-04	
   2.1049119e-04	
   7.0629677e-05	
  -2.0406720e-04	
   7.6696692e-05	
   2.1581591e-04	
   1.1995439e-04	
   2.5705173e-04	
   5.8190495e-04	
   1.6626212e-04	
  -2.0913748e-04	
  -2.3879761e-05	
  -1.1733400e-04	
  -2.9937762e-05	
  -1.6675210e-04	
   6.7119781e-05	
   2.0796779e-04	
   1.6840500e-04	
   1.6734990e-04	
   1.2194291e-04	
   3.0850896e-04	
   4.4417158e-04	
  -1.0760046e-04	
   3.0204821e-05	
   2.1474166e-04	
   1.6767427e-04	
   1.6550849e-04	
   1.6569040e-04	
   1.6334629e-04	
   1.9977353e-04	
   1.0981082e-04	
  -2.6039723e-04	
  -3.9732236e-04	
  -2.6030970e-04	
   1.0925491e-04	
   2.0152456e-04	
   1.5862378e-04	
   1.6889587e-04	
   1.7347764e-04	
   1.5496247e-04	
   1.5369457e-04	
   2.9631338e-04	
  -1.1569333e-04	
  -9.9739456e-04	
  -1.6632765e-05	
   6.6683430e-04	
   2.0936527e-04	
   2.0768694e-04	
   5.8992764e-04	
   1.2847603e-04	
  -7.2625799e-05	
   2.0407608e-04	
  -2.5519296e-04	
   1.0614617e-04	
  -3.9693687e-04	
  -7.2109782e-05	
   2.4714916e-04	
   1.5612841e-04	
   2.0216271e-04	
   6.2151566e-05	
  -1.5436834e-04	
  -3.3704675e-05	
  -1.7120917e-04	
   9.7841565e-05	
   1.8663231e-04	
  -4.1398332e-04	
  -5.9330810e-04	
  -1.7835672e-04	
  -4.9776158e-04	
  -4.1104517e-05	
   2.4562038e-04	
   1.5955899e-04	
   1.6139747e-04	
   1.6722529e-04	
   1.7515418e-04	
   1.5580200e-04	
   1.5647535e-04	
   2.4787141e-04	
   1.4683774e-05	
  -6.9960554e-04	
  -3.3221291e-04	
   8.4763505e-05	
  -7.9332051e-04	
  -1.3015297e-03	
  -2.7734825e-04	
   4.6731513e-04	
  -8.7718205e-05	
   4.4521796e-06	
   2.0685124e-04	
   2.5081364e-04	
  -3.0337943e-05	
  -5.8953881e-04	
   5.7937625e-06	
   1.8713590e-04	
  -2.2274146e-04	
  -5.4515440e-04	
  -5.3795314e-04	
   3.8064127e-04	
   3.6616532e-04	
   4.5870784e-05	
  -2.2809446e-04	
  -4.4523637e-04	
  -7.2760405e-04	
  -3.7744981e-04	
   1.3293139e-04	
   3.1937307e-04	
  -1.3186578e-04	
  -9.5648726e-04	
  -1.1964265e-04	
   2.9090357e-04	
   1.5463321e-04	
   1.4850050e-04	
   1.6753164e-04	
   2.1232421e-04	
   6.0736799e-05	
  -2.1668772e-04	
   1.5338716e-04	
   1.6568811e-05	
  -5.8458646e-04	
  -4.4651323e-05	
   2.7955193e-04	
   1.4390162e-04	
  -3.6483125e-04	
  -8.1947109e-04	
  -2.1902791e-04	
   4.2712585e-04	
  -7.6142834e-05	
  -2.7445035e-05	
   3.0289214e-04	
   5.6727081e-04	
   1.9388630e-04	
  -2.6077327e-04	
  -4.8320209e-04	
  -6.7777136e-04	
   1.0950014e-04	
   6.1284251e-04	
   2.4440277e-04	
   1.0769345e-04	
   2.5618816e-04	
  -2.1502528e-05	
  -5.8155417e-04	
  -3.2845478e-05	
   2.4872594e-04	
   1.9298629e-04	
   5.5311605e-05	
  -1.7271879e-04	
   2.1145534e-05	
  -2.6537785e-04	
  -3.1313172e-04	
   9.6390539e-05	
   2.8444568e-04	
  -4.1269986e-05	
  -5.4180515e-04	
  -1.2345710e-04	
  -1.2240306e-04	
   5.6571489e-05	
   2.0155961e-04	
   1.6133634e-04	
   1.6668673e-04	
   1.5007687e-04	
   1.9569356e-04	
   1.3862588e-04	
  -3.1647452e-04	
  -8.7890171e-04	
  -6.9210754e-04	
  -5.0944558e-05	
  -8.9176078e-05	
  -8.3272625e-05	
  -7.1901549e-05	
   3.9168044e-04	
   4.4073513e-04	
   3.9251940e-04	
  -1.0630510e-04	
   2.6777070e-05	
   2.1658006e-04	
   1.5879941e-04	
   1.6211793e-04	
   1.5549784e-04	
   2.1273472e-04	
   5.7032323e-05	
  -1.7805818e-04	
  -4.3668328e-06	
  -1.3728137e-04	
  -6.0467719e-04	
  -9.7765444e-04	
  -1.9497840e-04	
  -5.5692243e-06	
  -1.4558369e-04	
  -5.4623289e-04	
  -3.2062931e-05	
   2.4492869e-04	
   1.4952349e-04	
   2.0084224e-04	
   5.3367716e-05	
  -1.7030110e-04	
   4.9015689e-05	
  -3.5741931e-04	
  -6.8314294e-04	
   1.7905477e-05	
   1.9976204e-04	
   2.4817532e-04	
   5.2422259e-04	
   3.0329883e-04	
   2.1269454e-05	
  -1.6196161e-04	
  -2.6409024e-05	
  -1.6875325e-04	
   6.5247490e-05	
   2.1037122e-04	
   1.1479365e-04	
   2.4878625e-04	
   5.7623369e-04	
   2.0897301e-04	
  -3.5960017e-04	
  -2.9992228e-04	
   1.9627401e-04	
  -4.8296737e-05	
  -4.6381789e-04	
   3.6290475e-04	
  -3.4472210e-04	
  -9.9055426e-04	
  -2.5174657e-04	
  -1.1228858e-03	
  -1.2668466e-03	
   2.6329366e-05	
   1.8469530e-04	
  -2.3006619e-04	
   4.5911175e-05	
   2.0564756e-04	
   2.4394368e-04	
  -4.1522115e-05	
  -5.9190214e-04	
   5.6007476e-05	
   5.2269463e-05	
  -5.9085626e-04	
  -3.8359548e-05	
   2.4726921e-04	
   1.6109934e-04	
   1.6013307e-04	
   1.1995463e-04	
   2.5732557e-04	
   5.7721853e-04	
   1.6578029e-04	
  -2.5666265e-04	
   6.8551427e-05	
   2.4884232e-04	
   6.3561206e-05	
  -2.1830256e-04	
   7.2855605e-05	
   2.0457315e-04	
   1.5325244e-04	
   1.5059383e-04	
   2.4302567e-04	
  -4.1267802e-05	
  -5.0954020e-04	
  -1.9240593e-04	
  -5.2936084e-04	
  -5.6813919e-04	
  -6.0708845e-04	
  -6.0740833e-04	
  -5.6051910e-04	
   5.4974969e-04	
   5.1657569e-04	
  -5.4135006e-04	
  -7.4454521e-05	
   2.5020361e-04	
   2.0114909e-04	
   5.4456483e-05	
  -2.0799102e-04	
   6.8986775e-05	
   2.0216132e-04	
   1.5971718e-04	
   1.5928336e-04	
   1.6007342e-04	
   1.6121385e-04	
   2.0062831e-04	
   5.7342341e-05	
  -1.7281276e-04	
   1.2487968e-05	
  -2.6950053e-04	
  -3.1630549e-04	
   1.4485924e-04	
   1.0480354e-04	
  -2.1657533e-04	
   5.6427813e-05	
   2.0422294e-04	
   2.0100524e-04	
   5.5062158e-05	
  -2.2070379e-04	
   1.4889634e-04	
   1.7626380e-05	
  -5.8641059e-04	
  -8.8301664e-05	
   3.7417514e-04	
   5.1781897e-04	
  -3.1856802e-04	
  -7.3242241e-04	
   4.9209105e-05	
   2.3105291e-04	
  -4.1671260e-04	
  -6.9291447e-04	
   1.0124761e-05	
   2.8342359e-04	
   5.1201267e-05	
  -2.1753776e-04	
   6.8482518e-05	
   2.0485538e-04	
   1.5647283e-04	
   1.6036828e-04	
   1.5803429e-04	
   1.5973291e-04	
   2.0145814e-04	
   6.7266155e-05	
  -2.1308069e-04	
   6.8109240e-05	
   2.0010190e-04	
   1.5893837e-04	
   1.6126552e-04	
   1.6591452e-04	
   1.1334026e-04	
   3.0001283e-04	
   4.4508919e-04	
  -1.1451557e-04	
  -3.4965619e-05	
   3.7563415e-04	
   4.1810698e-04	
  -6.4226947e-04	
  -9.1651885e-04	
  -3.1684470e-04	
   1.3379871e-04	
   2.3135560e-04	
   5.5240627e-05	
  -2.2208228e-04	
   5.2412903e-05	
   3.2707702e-04	
  -1.3096105e-04	
  -9.6392495e-04	
  -1.2720178e-04	
   2.8455586e-04	
   1.7766438e-04	
   4.0048358e-05	
  -8.8126276e-05	
  -2.2311921e-04	
  -8.8414541e-04	
  -2.3313067e-04	
  -4.3919934e-05	
  -4.3033997e-05	
  -2.3062357e-04	
   1.9392550e-04	
   5.2333709e-04	
  -2.1934820e-04	
  -3.5382866e-04	
   1.0609222e-04	
   2.4226185e-04	
   4.8871271e-05	
  -1.7347894e-04	
  -3.0228586e-05	
  -1.6892228e-04	
   5.9439417e-05	
   1.9612095e-04	
   1.5411471e-04	
   1.9410293e-04	
   6.2704397e-05	
  -1.6879987e-04	
  -3.8985093e-05	
  -1.7937465e-04	
   1.3949018e-04	
   7.2022976e-07	
  -5.4665449e-04	
  -1.3382936e-04	
  -1.2753650e-04	
   6.1150452e-05	
   1.9101505e-04	
   1.1155647e-04	
   3.3234078e-04	
   3.2422949e-04	
  -4.1602629e-04	
  -1.8193669e-04	
  -6.8835438e-04	
  -7.9308074e-04	
   3.1354533e-05	
   3.2417660e-04	
  -4.3017167e-05	
  -6.3877043e-04	
   7.0252438e-05	
   6.5540409e-04	
   9.9426985e-05	
  -8.2392262e-05	
   2.5314731e-04	
  -4.4740134e-04	
  -8.3973933e-05	
   2.8208201e-04	
   6.4592809e-05	
  -2.2142874e-04	
   5.7722457e-05	
   1.9490244e-04	
   2.4508851e-04	
  -6.9463730e-05	
  -4.9889573e-04	
   2.7763651e-04	
   5.9770943e-04	
   1.3763850e-04	
  -1.3344484e-03	
  -6.3548989e-04	
   2.3433149e-04	
   1.7938158e-04	
   1.7931899e-04	
   5.5858584e-05	
  -1.6395518e-04	
  -3.6402953e-05	
  -1.7073484e-04	
   5.8221872e-05	
   2.0107582e-04	
   1.5157419e-04	
   1.5042349e-04	
   1.9799488e-04	
   1.0110099e-04	
  -3.1289293e-04	
  -2.6659359e-04	
   1.7442760e-06	
  -1.8785220e-04	
   1.4133681e-04	
   4.7285281e-06	
  -5.9365276e-04	
  -4.3824327e-05	
   3.1472073e-04	
  -5.1891914e-05	
  -4.7518135e-04	
  -3.2949513e-04	
  -8.3443856e-04	
  -1.8982352e-04	
  -2.3499482e-04	
  -2.2733186e-04	
   4.7350343e-04	
   2.9776538e-04	
   7.2872581e-05	
   2.5372278e-04	
   5.4082153e-04	
   2.5680609e-04	
   1.1270513e-04	
   1.5819256e-04	
   2.0254103e-04	
   9.4146926e-05	
  -3.1554249e-04	
  -2.2953823e-04	
  -1.0220116e-04	
  -5.2103912e-04	
  -2.1453237e-05	
  -4.3202408e-04	
  -9.8173433e-04	
  -2.8791766e-04	
  -4.6683502e-04	
  -4.8103003e-05	
   2.2915102e-04	
   1.5570787e-04	
   1.5225651e-04	
   1.5842663e-04	
   1.6604297e-04	
   1.6249886e-04	
   1.1571142e-04	
   2.5955321e-04	
   5.3923652e-04	
   2.2090485e-04	
   1.7437821e-04	
   6.2800265e-04	
   6.1819983e-04	
   2.9342086e-04	
  -3.2053241e-05	
  -6.7196090e-04	
  -4.0880514e-04	
   1.4994215e-04	
   1.8919532e-04	
   1.4078440e-04	
   1.4355646e-04	
   2.7680065e-04	
  -1.4603520e-04	
  -8.3601314e-04	
  -4.1965507e-04	
  -8.3452821e-04	
  -1.4914239e-04	
   2.7058049e-04	
   1.8226929e-04	
   5.3437814e-05	
  -1.7728385e-04	
  -2.7005824e-05	
  -1.7638320e-04	
   6.9923438e-05	
   1.4860474e-04	
   2.5056099e-04	
   5.3214944e-04	
   3.0294691e-04	
  -7.8648918e-05	
   6.3084619e-05	
   6.6446991e-04	
  -4.4773533e-04	
  -5.4577640e-04	
   2.9333871e-04	
   4.7388574e-04	
  -1.3143228e-04	
   8.7614130e-06	
   2.5044885e-04	
   5.2807045e-05	
  -1.7488327e-04	
  -3.8902933e-05	
  -1.6605772e-04	
   5.4804325e-05	
   1.9224953e-04	
   1.4350985e-04	
   2.3733167e-04	
  -3.8570772e-05	
  -5.4815873e-04	
  -1.3983216e-04	
  -9.0788555e-05	
  -1.3542024e-05	
  -2.8229937e-04	
  -2.3198242e-04	
  -9.9095280e-05	
  -5.5795731e-04	
   4.8350209e-05	
  -1.5315162e-06	
  -5.0430220e-04	
   3.7392143e-04	
   2.4543660e-04	
  -2.7256664e-04	
   4.9088583e-05	
   2.8707120e-04	
  -3.5344317e-05	
  -5.9670535e-04	
  -3.3953927e-05	
   2.3874806e-04	
   1.8432790e-04	
   4.1938669e-05	
  -1.3964120e-04	
  -9.3159146e-05	
  -5.9914619e-04	
  -5.0566105e-04	
  -2.7246713e-04	
   1.9314718e-04	
   5.5572250e-04	
   2.3448756e-04	
   1.9019329e-04	
   7.3509373e-06	
  -6.3950434e-04	
  -5.0536251e-04	
  -2.3114606e-04	
   9.6946451e-05	
   1.8508609e-04	
   1.5043808e-04	
   1.5305407e-04	
   1.9347693e-04	
   5.0249852e-05	
  -1.2970505e-04	
  -1.3130098e-04	
  -5.5253667e-04	
  -5.0012548e-05	
   3.1623304e-04	
  -4.5166754e-05	
  -5.4864431e-04	
  -1.7254919e-04	
  -3.3225969e-05	
   4.2054367e-04	
   2.9504027e-04	
   1.1683221e-04	
   1.1712414e-04	
   2.5036270e-04	
   5.7601364e-04	
   1.5269408e-04	
  -2.5540706e-04	
   6.7736011e-05	
   2.0926413e-04	
   1.0895458e-04	
   2.5023784e-04	
   5.3124422e-04	
   2.5601285e-04	
   1.1380929e-04	
   1.6353545e-04	
   1.5980773e-04	
   1.5869639e-04	
   1.5375391e-04	
   1.5872011e-04	
   1.5976143e-04	
   1.6368346e-04	
   1.1306780e-04	
   2.5705703e-04	
   5.3174911e-04	
   2.4604459e-04	
   1.0666777e-04	
   2.4687304e-04	
  -3.6422937e-05	
  -5.9387697e-04	
   3.0757684e-06	
   1.4695615e-04	
  -2.2597733e-04	
   5.0234163e-05	
   1.9468679e-04	
   1.9773620e-04	
   5.2720916e-05	
  -2.1210717e-04	
   6.3047341e-05	
   1.9034032e-04	
   1.4339664e-04	
   2.3556247e-04	
  -3.3330908e-05	
  -5.8934313e-04	
  -3.8346410e-05	
   2.3791578e-04	
   1.8061753e-04	
   4.4421119e-05	
  -1.3072372e-04	
  -1.3156627e-04	
  -5.5775144e-04	
  -6.7473361e-06	
   1.7623454e-04	
  -2.7975543e-04	
  -4.1335822e-04	
  -2.7430463e-04	
   9.2593128e-05	
   2.2327227e-04	
   9.7735045e-05	
  -3.1724992e-04	
  -3.1214353e-04	
   1.0072732e-04	
   2.2519795e-04	
   3.2956090e-05	
  -1.0023954e-04	
  -1.8092046e-04	
  -1.0147598e-03	
  -5.5055377e-04	
   2.7996155e-04	
   5.5055540e-04	
   2.2808688e-04	
   1.9694874e-04	
  -2.3329457e-05	
  -5.9819623e-04	
  -4.2794949e-05	
   3.1901847e-04	
  -4.3689950e-05	
  -6.0540572e-04	
   4.2476309e-06	
   1.3687012e-04	
  -1.5446874e-04	
  -1.5362106e-04	
  -4.2602356e-04	
  -3.3263728e-04	
  -8.4460977e-04	
  -2.3724185e-04	
  -9.8831301e-05	
   4.6940259e-05	
   1.8836899e-04	
   1.5234135e-04	
   1.5978540e-04	
   1.5004835e-04	
   1.4714303e-04	
   2.0093442e-04	
   1.0716900e-04	
  -3.7627531e-04	
  -1.9640758e-04	
   5.5089607e-04	
  -4.6307778e-04	
  -1.5329490e-03	
  -9.9340595e-05	
   7.8072844e-04	
   3.6254843e-05	
  -6.4782019e-04	
  -2.7276118e-05	
   2.4787157e-04	
   1.4167569e-04	
   1.4983922e-04	
   1.5607160e-04	
   1.6204588e-04	
   1.5173434e-04	
   1.5461202e-04	
   1.5463957e-04	
   1.9997484e-04	
   1.2042570e-05	
  -7.7757300e-05	
   3.3461887e-04	
  -7.7008649e-05	
   1.3098419e-05	
   1.9571288e-04	
   1.5021583e-04	
   1.9531744e-04	
   5.7140473e-05	
  -2.1364410e-04	
   5.6845900e-05	
   1.9942406e-04	
   1.5035642e-04	
   1.5365179e-04	
   1.5131714e-04	
   1.6625584e-04	
   1.6295501e-04	
   1.0128217e-04	
   2.2865852e-04	
   6.9214682e-04	
  -9.2892967e-05	
  -1.4740375e-03	
  -5.9962215e-04	
   2.2860106e-04	
   1.8010457e-04	
   1.4405630e-04	
   1.1823621e-04	
   2.1690622e-04	
   6.2225217e-04	
   6.2714935e-04	
   2.0886592e-04	
   1.2072807e-04	
   1.6417588e-04	
   1.5820356e-04	
   1.4432941e-04	
   1.9038954e-04	
   9.6969923e-05	
  -2.7591866e-04	
  -4.1559597e-04	
  -2.3119178e-04	
   3.5160950e-07	
  -1.8277027e-04	
   4.5178156e-05	
   1.9296307e-04	
   1.9752748e-04	
   4.6478594e-05	
  -2.3762906e-04	
   1.7315441e-04	
  -1.8325340e-05	
  -1.1255199e-03	
  -9.3825653e-04	
  -3.8045969e-04	
  -2.4793995e-04	
   7.4261056e-05	
   2.2908517e-04	
   5.5567311e-05	
  -2.2084846e-04	
   5.9071061e-05	
   1.9971836e-04	
   1.5002936e-04	
   1.4689845e-04	
   1.5631162e-04	
   2.0195830e-04	
   1.5602857e-05	
  -1.1692283e-04	
   4.3630153e-04	
   2.5275693e-04	
   2.0592385e-04	
   5.2877885e-04	
   2.5007175e-04	
   1.4229354e-04	
   9.5478391e-05	
  -2.2645598e-04	
  -5.1083597e-04	
  -6.5130269e-04	
   3.7684850e-05	
   1.2917098e-04	
  -1.8778195e-04	
  -4.7576326e-05	
  -1.7578645e-04	
   8.9217316e-05	
   9.4315142e-05	
  -1.7831409e-04	
  -4.1010979e-05	
  -2.2295132e-04	
   2.3290353e-04	
   3.2073518e-04	
  -3.1824674e-04	
   9.7514506e-05	
  -4.0630056e-04	
  -8.4384856e-05	
   2.3412831e-04	
   1.4984150e-04	
   1.5244779e-04	
   1.4756423e-04	
   1.5714854e-04	
   1.8967634e-04	
   6.5608608e-05	
  -2.2000623e-04	
   5.1545840e-05	
   1.8272284e-04	
   2.6824119e-04	
  -1.4949618e-04	
  -8.7537683e-04	
  -3.2919814e-04	
  -4.8993244e-04	
   3.4225338e-06	
   1.9246209e-04	
  -9.0100451e-04	
  -1.7317259e-03	
  -9.0019766e-04	
   1.6228182e-04	
   1.1548737e-04	
  -2.3717071e-04	
   4.2925643e-05	
   1.8876688e-04	
   2.7248563e-04	
  -1.3724616e-04	
  -9.6588992e-04	
  -1.3094809e-04	
   2.7493789e-04	
   1.4533928e-04	
   1.4412411e-04	
   1.4964313e-04	
   1.4156232e-04	
   2.6423767e-04	
  -1.0070743e-04	
  -9.7741483e-04	
  -7.0541371e-04	
  -5.6775532e-04	
   3.2471369e-05	
   1.2287543e-04	
  -2.3885914e-04	
   9.3010164e-05	
   1.3970282e-04	
  -3.1526425e-04	
  -3.2095702e-04	
   9.8960641e-05	
   1.8536662e-04	
   1.8919394e-04	
   5.8212394e-05	
  -2.2371457e-04	
   4.2398093e-05	
   2.8066188e-04	
   5.3618361e-06	
  -7.4297821e-04	
  -3.2157455e-04	
   6.0080871e-04	
   8.0909989e-05	
  -6.5165200e-04	
   4.5089141e-05	
   3.8871686e-05	
  -5.7041092e-04	
  -5.7011703e-05	
  -3.3117892e-04	
  -7.1223306e-04	
   6.4122293e-05	
   1.2261341e-04	
  -7.5940127e-04	
  -8.9341849e-04	
  -2.8567095e-04	
   3.9656710e-05	
  -1.9830042e-04	
   4.7910663e-05	
   1.9317986e-04	
   1.8245894e-04	
   3.8778376e-05	
  -9.5233402e-05	
  -2.2498295e-04	
  -9.1929881e-04	
  -1.8557933e-04	
   3.6803468e-04	
   5.5712699e-04	
   1.3989353e-04	
  -2.6354679e-04	
   1.0779956e-04	
   1.0128747e-04	
  -2.2531074e-04	
   5.4434828e-05	
   1.9956506e-04	
   1.4516747e-04	
   1.3551429e-04	
   2.3231705e-04	
   9.4029158e-07	
  -6.5503636e-04	
  -5.1855133e-04	
  -1.5010515e-04	
  -9.8669524e-05	
  -5.5877117e-04	
  -8.6855528e-05	
   3.3306271e-04	
   5.1872794e-04	
   2.4373773e-04	
   1.1396080e-04	
   1.6067904e-04	
   1.5755425e-04	
   1.5475880e-04	
   1.4962577e-04	
   1.4876480e-04	
   1.9787499e-04	
   5.9441878e-05	
  -2.2641605e-04	
   4.6766069e-05	
   2.8127663e-04	
  -4.1668081e-05	
  -6.0408525e-04	
  -4.7046266e-05	
   3.2126974e-04	
  -4.8711401e-05	
  -5.9781008e-04	
  -4.0353608e-05	
   2.3154069e-04	
   1.7965151e-04	
   9.2547570e-05	
  -3.1438446e-04	
  -3.1288241e-04	
   9.7344823e-05	
   1.9176249e-04	
   1.4553292e-04	
   1.5105129e-04	
   1.5650910e-04	
   1.5321218e-04	
   1.5512792e-04	
   1.5449548e-04	
   1.5097582e-04	
   1.4789186e-04	
   1.9770368e-04	
   5.6655255e-05	
  -2.2186460e-04	
   5.5585926e-05	
   2.3201021e-04	
   3.7670335e-05	
  -1.5240443e-04	
  -6.2007115e-05	
  -7.0015281e-04	
  -8.4387219e-04	
  -4.6782304e-04	
  -1.4576788e-04	
   4.5663643e-04	
   2.6878464e-04	
   1.5078144e-04	
   8.7311521e-05	
  -2.8958107e-04	
  -3.4696783e-04	
  -3.0824131e-04	
  -1.0616394e-03	
  -1.3836019e-03	
  -3.7151726e-04	
  -9.5992086e-04	
  -1.0094647e-03	
  -2.6710949e-04	
   1.7708931e-05	
  -6.7691724e-05	
  -2.5372124e-04	
  -8.9399632e-04	
  -2.1249960e-04	
  -6.5630459e-05	
  -6.2134940e-04	
  -1.0324143e-03	
  -1.0518154e-04	
   3.2226958e-04	
   2.9045809e-05	
  -2.3533533e-04	
   1.0130613e-04	
   1.5612882e-04	
  -4.0953872e-04	
  -1.2296622e-04	
   8.4257716e-04	
   3.8885141e-04	
   5.9198796e-05	
   1.5923372e-04	
   1.5598212e-04	
   1.9735005e-04	
   5.0968926e-05	
  -2.1611705e-04	
   5.7861015e-05	
   2.0315130e-04	
   1.0647429e-04	
   2.4395737e-04	
   5.2250995e-04	
   2.9329087e-04	
   1.2554602e-05	
  -2.0947652e-04	
   6.5013055e-05	
   1.5353076e-04	
   2.4167912e-04	
   5.3003949e-04	
   2.5264813e-04	
   7.4791963e-05	
   2.5297461e-04	
   5.2890933e-04	
   2.4205850e-04	
   1.5753339e-04	
   5.8702861e-05	
  -2.2647000e-04	
   8.5516809e-05	
   1.8455080e-04	
  -4.1669964e-04	
  -6.9931678e-04	
  -6.1283403e-06	
   3.1333620e-04	
  -5.8679438e-05	
  -5.5762406e-04	
  -1.3278477e-04	
  -1.3593336e-04	
   4.5499893e-05	
   1.9344750e-04	
   1.5052863e-04	
   1.0887406e-04	
   2.8433125e-04	
   4.3044078e-04	
  -8.6649496e-05	
  -7.5644608e-05	
  -1.7695394e-04	
   5.5054049e-05	
   1.8509905e-04	
   2.0022455e-04	
   1.1158646e-05	
  -1.2658898e-04	
   4.2108466e-04	
   3.7031294e-04	
  -9.7588834e-05	
  -5.1089766e-04	
  -2.2923375e-04	
  -4.6500518e-04	
  -1.9628493e-04	
  -1.8555252e-06	
   3.2437562e-04	
  -8.7654554e-05	
   1.4714458e-06	
   2.4360603e-04	
   5.7335503e-05	
  -2.2174512e-04	
   1.0249619e-05	
   3.4611281e-04	
   3.8561448e-04	
  -7.0236456e-05	
   4.8419215e-04	
   6.7223074e-04	
   2.0591986e-04	
   1.1272550e-04	
   1.5881074e-04	
   1.6377637e-04	
   1.5717740e-04	
   1.0891831e-04	
   2.3717657e-04	
   5.7279178e-04	
   2.0862761e-04	
  -4.4092991e-04	
  -1.6365428e-04	
   9.8985418e-04	
   6.5079902e-04	
  -2.2462199e-04	
   1.0422000e-04	
   1.8278910e-05	
  -5.9523615e-04	
  -5.0075254e-05	
   2.3246783e-04	
   1.8835204e-04	
   4.8559265e-05	
  -2.1994739e-04	
   5.4213661e-05	
   2.2419574e-04	
   7.7134942e-05	
  -2.4360228e-04	
  -4.3219254e-04	
  -8.4277928e-04	
  -7.0675317e-04	
  -5.6778776e-05	
  -1.9507604e-04	
   1.7339402e-04	
   4.5498092e-04	
  -3.9761405e-05	
  -1.8048102e-04	
  -5.5059305e-04	
  -4.3616722e-05	
   2.7134260e-04	
   4.8963480e-05	
  -2.2055082e-04	
   4.4381094e-05	
   1.8262333e-04	
   2.6595960e-04	
  -9.8951514e-05	
  -1.0707397e-03	
  -4.6204110e-04	
   8.3527068e-05	
  -1.9720824e-04	
   3.0721140e-05	
   2.7415899e-04	
  -4.5683937e-05	
  -5.5611028e-04	
  -1.3626767e-04	
  -1.3396375e-04	
   4.4882115e-05	
   1.8717257e-04	
   1.5402718e-04	
   1.5644536e-04	
   1.0900568e-04	
   2.5592223e-04	
   5.2945562e-04	
   2.1195950e-04	
   2.0310273e-04	
   5.2448461e-04	
   2.9127970e-04	
   5.4182830e-05	
  -3.2258947e-04	
  -2.7357920e-04	
   4.1055030e-05	
  -2.7999423e-04	
  -3.2237341e-04	
   9.4311637e-05	
   1.7799396e-04	
   1.8037417e-04	
   1.3280678e-04	
  -4.1154118e-04	
  -6.8270032e-04	
   1.4672217e-05	
   1.4048383e-04	
   3.3171747e-04	
   9.3724266e-04	
   2.5311186e-04	
  -3.5209060e-04	
   2.3715066e-04	
   3.7410570e-04	
  -4.1780747e-04	
  -2.8617771e-04	
  -5.0496870e-04	
  -4.3666331e-06	
   1.2967522e-04	
  -2.3421894e-04	
   9.1453595e-05	
   9.1025476e-05	
  -1.7542150e-04	
  -4.9359318e-05	
  -1.8762596e-04	
   8.2876291e-05	
   1.7967963e-04	
  -4.1742711e-04	
  -6.9570869e-04	
  -1.8831154e-06	
   2.7477627e-04	
   3.2854296e-05	
  -2.0286263e-04	
   3.5458474e-05	
  -2.8719915e-04	
  -8.6169869e-04	
  -8.5509963e-04	
  -2.0829900e-04	
  -1.6784599e-04	
  -9.5270321e-04	
  -6.1156272e-05	
   8.3711584e-05	
  -6.0496399e-04	
  -5.1637984e-05	
   2.3848758e-04	
   1.4826333e-04	
   1.4479828e-04	
   1.5058185e-04	
   1.5272652e-04	
   1.9350252e-04	
   5.5091058e-05	
  -2.2648459e-04	
   9.8652653e-05	
   1.0167125e-04	
  -2.1889352e-04	
   1.0048412e-05	
   2.9388093e-04	
   5.2324377e-04	
   2.4301116e-04	
   1.0588048e-04	
   1.9877263e-04	
   6.7999272e-05	
  -2.1215510e-04	
  -2.5964775e-05	
   3.8588799e-04	
   8.9585534e-04	
   3.4584060e-04	
   7.3879440e-05	
   1.1392266e-04	
   2.9783971e-04	
   4.3650495e-04	
  -1.1939212e-04	
  -7.1120934e-05	
   4.3034820e-04	
   8.0196636e-04	
   6.6566714e-07	
  -1.3417052e-04	
  -8.6874110e-05	
  -9.8109781e-05	
  -6.6563797e-04	
  -3.4450979e-04	
  -1.6885618e-05	
  -6.1600121e-04	
  -5.1855703e-04	
  -2.4029599e-04	
   8.7903618e-05	
   2.2159565e-04	
   5.5412160e-05	
  -2.1775366e-04	
   1.4702682e-05	
   2.9704256e-04	
   5.2700003e-04	
   1.9735942e-04	
   2.1135468e-04	
   5.7889246e-04	
   1.0894366e-04	
  -1.7581897e-04	
   5.1492572e-04	
   9.8160882e-05	
  -6.0228524e-04	
  -1.3981838e-04	
  -9.1420995e-05	
  -5.9181820e-05	
  -1.5117256e-04	
   2.3255626e-06	
  -2.6998660e-04	
  -3.6371885e-04	
   1.8990535e-04	
   5.5741249e-04	
   2.8623705e-04	
   9.4089305e-06	
  -2.1263872e-04	
   6.0633889e-05	
   2.0435440e-04	
   1.1343651e-04	
   2.0591497e-04	
   5.8084341e-04	
   7.6759121e-04	
   4.4200221e-04	
  -6.3464058e-05	
   3.9954307e-04	
   2.9496187e-04	
   1.0269823e-04	
   1.8878008e-04	
   9.9130488e-05	
  -3.1557134e-04	
  -2.7631589e-04	
  -4.3114649e-05	
  -4.5187993e-05	
   3.2364962e-04	
  -8.2487780e-05	
   1.3404843e-05	
   1.8701389e-04	
   1.4782242e-04	
   2.3597168e-04	
  -8.0102715e-05	
  -4.9299187e-04	
   3.2480089e-04	
   3.2358442e-04	
   1.8598292e-04	
  -4.0915241e-05	
  -5.9253507e-04	
  -4.1725245e-05	
   2.7460031e-04	
   4.9439872e-05	
  -2.2789519e-04	
   6.0448379e-05	
   1.9301890e-04	
   1.4564221e-04	
   1.8392537e-04	
   5.8615061e-05	
  -1.7781059e-04	
  -4.8591987e-05	
  -1.8983567e-04	
   1.7039229e-04	
  -1.1961144e-04	
  -8.6103772e-04	
  -3.5394733e-04	
  -9.5522320e-04	
  -1.0915735e-03	
  -6.3198474e-04	
  -7.4967799e-05	
  -1.2952705e-04	
   1.7060525e-05	
  -2.9020398e-04	
  -8.8556189e-04	
  -7.4537903e-04	
   3.3949567e-05	
   2.2047095e-04	
   1.7807970e-04	
   5.3991387e-05	
  -2.2153436e-04	
   5.3648108e-05	
   2.3533997e-04	
   5.2704901e-05	
  -2.2544286e-04	
   5.9998320e-05	
   2.0362930e-04	
   1.1498126e-04	
   2.0927684e-04	
   5.8226477e-04	
   7.2169489e-04	
   5.7978896e-04	
   2.1229405e-04	
   1.2457601e-04	
   1.6570604e-04	
   1.1461158e-04	
   2.4722096e-04	
   5.2857453e-04	
   2.5172823e-04	
   1.0727511e-04	
   1.4720196e-04	
   2.2712828e-04	
  -6.9821645e-06	
  -6.0422584e-04	
  -6.0965529e-04	
  -6.2241387e-04	
   6.2042845e-05	
   1.1185247e-04	
  -7.5658659e-04	
  -8.8931904e-04	
  -3.3025642e-04	
   1.6838723e-04	
   6.6311016e-05	
  -1.5347901e-04	
  -8.7592207e-05	
  -6.4372620e-04	
  -4.6131755e-04	
   2.3358234e-04	
   5.9809769e-04	
   9.2880252e-05	
  -8.5126424e-05	
   2.4228035e-04	
  -4.5154219e-04	
  -5.2897339e-05	
   1.2258211e-04	
  -1.4398898e-04	
  -5.8266233e-05	
  -7.9521115e-04	
  -6.5333896e-04	
   3.5620944e-04	
  -1.4431841e-04	
  -3.7434759e-04	
   1.0002691e-04	
   1.9343813e-04	
   1.3787909e-04	
   1.8834984e-04	
   9.7554930e-05	
  -3.3605661e-04	
  -2.4018115e-04	
  -6.6794719e-06	
  -7.5741210e-04	
  -8.1886962e-04	
   1.5878050e-04	
   2.7667147e-05	
  -1.1846816e-03	
  -9.1210888e-04	
   2.0466125e-04	
   2.1870664e-05	
  -1.1773009e-03	
  -9.2990359e-04	
   1.9174684e-04	
   6.0017309e-04	
   1.8743949e-04	
   2.0311927e-04	
   5.3786365e-04	
   2.5212897e-04	
   1.1339234e-04	
   1.5631847e-04	
   1.5267444e-04	
   1.5679003e-04	
   2.0108658e-04	
  -2.1942221e-05	
  -2.5967913e-05	
   7.9851035e-04	
   3.7238988e-04	
   1.5535041e-04	
  -1.9117414e-05	
  -6.2807380e-04	
  -4.0484889e-05	
   9.2455312e-04	
   7.0113040e-04	
  -8.2446704e-04	
  -2.1317319e-04	
   2.9820858e-04	
   1.4926929e-04	
   9.9145484e-05	
   2.5028691e-04	
   5.3353600e-04	
   2.4595372e-04	
   1.1480106e-04	
   1.5716012e-04	
   1.5921946e-04	
   1.5167851e-04	
   1.5672939e-04	
   1.5003522e-04	
   1.4726871e-04	
   1.8824642e-04	
   1.0257606e-04	
  -3.1851879e-04	
  -3.1539563e-04	
   9.3286693e-05	
   2.2865722e-04	
   3.6377607e-05	
  -1.4030706e-04	
  -1.3477199e-04	
  -5.0940393e-04	
  -1.9021587e-04	
   3.0897604e-05	
   2.2442386e-04	
  -3.7922447e-04	
  -2.9338370e-04	
  -4.7897868e-04	
  -1.6062224e-05	
  -4.3081471e-04	
  -1.0766941e-03	
  -1.0208649e-04	
   3.1569873e-04	
   4.2033804e-05	
  -2.3291804e-04	
   6.5584802e-05	
   2.0397298e-04	
   1.0407395e-04	
   2.4789798e-04	
   5.2896956e-04	
   2.6112095e-04	
   7.1236265e-05	
   2.4555428e-04	
   5.1782484e-04	
   3.7357147e-04	
  -1.8547208e-04	
  -9.2725321e-04	
  -1.9274734e-04	
  -1.4463992e-04	
  -4.2386805e-04	
  -3.2448589e-04	
   1.9163698e-04	
   5.6670129e-04	
   2.3728953e-04	
   1.1487352e-04	
   1.5949786e-04	
   1.5875866e-04	
   1.3594860e-04	
   2.1464810e-04	
   3.6317720e-05	
  -6.5295575e-04	
  -1.1257937e-03	
  -9.8617934e-04	
   3.9509179e-04	
   1.6274971e-04	
  -6.5943410e-04	
   8.0311168e-07	
   1.4391906e-04	
  -2.1924397e-04	
   5.1456704e-05	
   1.5154615e-04	
   2.3683028e-04	
   6.0762398e-04	
   5.6060924e-05	
  -6.2942662e-04	
  -3.4700402e-05	
   2.3851081e-04	
   1.3024914e-04	
   2.1923207e-04	
  -2.2897498e-06	
  -6.1105440e-04	
  -6.1527757e-04	
  -5.2278314e-04	
  -1.9731892e-04	
  -5.2157270e-04	
  -5.2141508e-05	
   2.2836186e-04	
   1.8564029e-04	
   4.7595218e-05	
  -1.7958281e-04	
  -3.9428054e-05	
  -1.4074911e-04	
  -4.8147951e-05	
  -1.3757477e-04	
  -4.3348473e-05	
  -1.8085143e-04	
   4.9652595e-05	
   2.2882779e-04	
   4.2077871e-05	
  -1.3557346e-04	
  -1.3523230e-04	
  -5.5116103e-04	
  -5.1425775e-05	
   2.7943245e-04	
   5.0162981e-05	
  -2.3184411e-04	
   4.8768019e-05	
   2.8316458e-04	
  -4.5880132e-05	
  -5.9426002e-04	
  -3.5699233e-05	
   2.3530876e-04	
   1.3748561e-04	
   1.8676287e-04	
   9.3076178e-05	
  -3.2117887e-04	
  -2.3426116e-04	
  -9.1584484e-05	
  -5.5567996e-04	
  -4.6090793e-05	
   2.3520533e-04	
   1.4701475e-04	
   1.4663888e-04	
   1.5839949e-04	
   1.6326129e-04	
   1.1765430e-04	
   2.3929728e-04	
   5.0884566e-04	
   3.7102712e-04	
  -1.0178600e-04	
  -1.1766277e-03	
  -7.5962417e-04	
  -1.2077444e-04	
  -1.0917406e-03	
  -9.0649679e-04	
   1.2107485e-04	
   1.2747977e-04	
  -1.9949717e-04	
  -4.9178559e-05	
  -1.3462781e-04	
  -4.3650015e-05	
  -1.3287084e-04	
  -8.6155280e-05	
  -9.1443163e-05	
   4.6332440e-04	
   2.3931269e-04	
  -3.6306025e-04	
  -3.2596023e-04	
   1.3754739e-04	
   1.8248592e-04	
  -4.2821877e-04	
  -7.0438575e-04	
   8.5722271e-05	
   8.4590480e-05	
  -7.0614607e-04	
  -4.3192897e-04	
   2.1748984e-04	
   4.0533112e-05	
  -6.5042558e-04	
  -5.9030409e-04	
  -4.1707837e-05	
   8.3555675e-04	
   4.1943437e-04	
  -3.7471475e-05	
  -2.2085457e-04	
   1.5013017e-04	
   8.2389654e-06	
  -5.9882598e-04	
  -8.5049651e-05	
   3.7604956e-04	
   4.2504597e-04	
  -1.3080025e-04	
   1.9522901e-05	
   2.0358064e-04	
   1.5556052e-04	
   1.4765534e-04	
   1.4704222e-04	
   1.9391271e-04	
   1.0025714e-04	
  -3.1543516e-04	
  -3.1242935e-04	
   9.9914599e-05	
   1.9121294e-04	
   1.4053021e-04	
   1.9166225e-04	
   5.9813094e-05	
  -1.7590618e-04	
  -8.0264876e-05	
  -3.3361846e-05	
   2.9027358e-04	
   1.1422975e-05	
   3.8850732e-04	
   2.9797859e-04	
   1.0680632e-04	
   1.4532452e-04	
   2.3186481e-04	
   2.8802214e-06	
  -6.5031344e-04	
  -5.0575681e-04	
  -2.2817286e-04	
   9.6964788e-05	
   1.4282671e-04	
   2.4558917e-04	
   5.2843663e-04	
   2.5223541e-04	
   1.1546667e-04	
   1.5951107e-04	
   1.6033568e-04	
   1.5295537e-04	
   1.6013976e-04	
   1.5419450e-04	
   1.3783859e-04	
   1.8834332e-04	
   1.8963942e-04	
  -5.5150414e-04	
  -9.6967152e-04	
   3.2114635e-04	
   2.8210646e-04	
  -2.7261978e-04	
   6.7179676e-06	
   3.0136394e-04	
   5.7406685e-04	
   1.0258364e-04	
  -1.6341834e-04	
   4.7780769e-04	
   2.0109424e-04	
  -2.5871474e-04	
   5.8289281e-05	
   1.5715621e-04	
   2.9425379e-04	
   4.2824395e-04	
  -1.6552593e-04	
   1.5651757e-04	
   4.8153175e-04	
  -1.2273990e-04	
  -1.1026371e-07	
   2.3374347e-04	
   1.4780693e-04	
  -4.1075291e-04	
  -7.2894285e-04	
   1.0400402e-04	
   6.0580474e-04	
   2.4152362e-04	
   1.0720779e-04	
   1.6148760e-04	
   1.5730242e-04	
   1.9203617e-04	
   5.4122650e-05	
  -1.7455271e-04	
  -3.6453630e-05	
  -1.7603910e-04	
   5.3650537e-05	
   1.9912830e-04	
   1.5476214e-04	
   1.1526569e-04	
   2.5301056e-04	
   5.2515617e-04	
   2.4300537e-04	
   1.9480309e-04	
  -3.6650786e-05	
  -5.4473198e-04	
  -1.3353457e-04	
  -1.3511486e-04	
   5.1958654e-05	
   1.8959973e-04	
   1.5434723e-04	
   1.5343214e-04	
   1.5744154e-04	
   1.5829248e-04	
   1.5349571e-04	
   1.4849316e-04	
   2.0049359e-04	
   6.6998029e-05	
  -2.2480275e-04	
   6.1901239e-06	
   4.1844790e-04	
   2.3489302e-04	
  -8.7441595e-04	
  -1.4151000e-04	
   1.8675855e-04	
  -1.4147389e-04	
  -1.8429016e-04	
  -4.5488353e-04	
   3.4410531e-04	
   3.2615746e-04	
   9.3188486e-05	
   1.7297568e-04	
   2.1922481e-04	
  -5.6728540e-04	
  -1.4384448e-03	
  -7.9179654e-04	
  -4.6697780e-04	
   4.5165825e-04	
   6.9033776e-04	
   1.9208865e-04	
   1.6438941e-04	
   7.3441036e-05	
  -2.1874706e-04	
  -3.8375987e-06	
   4.5886326e-04	
   1.3547851e-04	
  -1.2003817e-03	
  -3.7024268e-04	
  -4.6130320e-05	
   8.0060474e-05	
   8.7142164e-05	
  -1.8186782e-04	
  -4.3868247e-05	
  -1.4846301e-04	
   4.9794707e-05	
  -3.7735348e-04	
  -6.9076164e-04	
   1.1051848e-05	
   2.5638612e-04	
   2.4852471e-05	
   3.9357735e-04	
   1.3721976e-03	
   8.6481036e-04	
   2.5474219e-05	
  -2.4583603e-04	
   1.1811925e-04	
   1.0109643e-04	
  -2.2842763e-04	
   9.6811568e-05	
   9.5814090e-05	
  -1.8138249e-04	
  -5.2617843e-06	
  -2.7050869e-04	
  -2.6626784e-04	
  -3.5455336e-05	
  -1.2271879e-04	
   5.2504729e-04	
   6.6068203e-04	
   2.0565123e-04	
   1.5670690e-04	
   7.4412002e-05	
  -2.1242111e-04	
   4.1168723e-05	
   2.2558393e-04	
   1.8585773e-04	
  -5.0461752e-04	
  -1.0995515e-03	
   7.3872839e-06	
   6.5082444e-04	
   2.3479082e-04	
   1.0750689e-04	
   1.6820304e-04	
   1.5553142e-04	
   1.4607579e-04	
   2.4201710e-04	
  -3.6216147e-05	
  -5.9995019e-04	
   4.8719176e-06	
   1.8721944e-04	
  -3.2776888e-04	
  -3.3193442e-04	
   1.9158091e-04	
   6.6773830e-06	
  -6.1070900e-04	
  -5.1353191e-05	
   3.6760982e-04	
  -1.3994715e-04	
  -9.7065685e-04	
  -1.2976658e-04	
   2.8586149e-04	
   1.4389086e-04	
   1.4185768e-04	
   1.5768318e-04	
   2.0297176e-04	
   5.7134874e-05	
  -2.2021161e-04	
   1.0251412e-04	
   9.9448419e-05	
  -1.8680207e-04	
  -4.4398307e-05	
  -8.4698549e-05	
  -1.7404635e-04	
  -4.5812617e-04	
   3.2579927e-04	
   3.7305745e-04	
   5.4049594e-05	
  -3.1833688e-04	
  -3.1278795e-04	
   1.5342831e-04	
   9.6363726e-05	
  -2.7059785e-04	
   1.8984903e-04	
   5.2053455e-04	
  -2.1645072e-04	
  -3.5158839e-04	
   6.7144101e-05	
   2.9429324e-04	
   5.2558763e-04	
   2.6084613e-04	
   7.7543305e-05	
   2.1467173e-04	
   6.7617918e-04	
   5.2468999e-04	
  -1.7459753e-04	
   1.0201909e-04	
   6.3825625e-05	
  -6.8274938e-04	
  -4.5808754e-04	
   2.3955246e-04	
   6.1239809e-04	
   1.0655970e-04	
  -1.5563851e-04	
   3.9940379e-04	
   3.9913109e-04	
   4.8640325e-04	
   2.4966351e-04	
   1.0742597e-04	
   2.4462510e-04	
   9.3920274e-06	
  -6.8661215e-04	
  -4.1806444e-04	
   1.9690693e-04	
   9.6902767e-05	
  -2.7132540e-04	
   1.4550839e-04	
   6.5598983e-04	
   4.8203656e-05	
  -5.5455493e-04	
  -2.3503834e-04	
  -4.2352730e-04	
  -2.0157615e-04	
  -5.6716934e-04	
  -5.1451048e-04	
  -2.2551156e-04	
   9.9660564e-05	
   1.4325402e-04	
   2.3598252e-04	
   6.1708279e-04	
   6.1467080e-05	
  -6.2753557e-04	
  -3.0231211e-05	
   2.4892578e-04	
   1.4343845e-04	
   1.4716667e-04	
   2.0187314e-04	
   6.6718915e-05	
  -2.1922025e-04	
   6.7446735e-05	
   2.0280207e-04	
   1.4312948e-04	
   1.4294301e-04	
   2.8225129e-04	
  -1.2945142e-04	
  -9.5263476e-04	
  -1.2431611e-04	
   1.9679658e-04	
   3.7956457e-04	
   7.9882062e-04	
  -1.9077178e-05	
  -1.5831668e-05	
   2.0720609e-04	
   1.6426733e-04	
   1.5322383e-04	
   1.5921547e-04	
   1.6080553e-04	
   1.6055981e-04	
   1.6027855e-04	
   1.5417265e-04	
   1.5723265e-04	
   2.1095321e-04	
   2.7916423e-05	
  -1.6325469e-04	
   5.2664420e-04	
   7.1831924e-04	
   1.1813482e-04	
  -2.9845968e-04	
   1.6542674e-04	
   6.1675052e-04	
   1.4784124e-04	
  -2.1747069e-04	
  -2.6088476e-05	
  -1.6912570e-04	
   5.9200386e-05	
   2.0071135e-04	
   1.4819349e-04	
   1.3607044e-04	
   2.7162035e-04	
  -4.9414412e-05	
  -1.1120928e-03	
  -9.7246697e-04	
  -2.8046481e-04	
   1.3159120e-04	
   1.8027645e-04	
   1.5315138e-04	
   1.6767272e-04	
   1.1946319e-04	
   2.5275351e-04	
   5.3136011e-04	
   2.9689790e-04	
   8.9580970e-06	
  -1.7547276e-04	
   5.6215587e-05	
  -3.6772808e-04	
  -6.9754179e-04	
   4.3437414e-05	
   1.8415520e-04	
  -3.2029728e-04	
  -3.1834511e-04	
   1.0784096e-04	
   2.0296418e-04	
   1.5485497e-04	
   1.1728445e-04	
   2.5673013e-04	
   5.3778264e-04	
   2.5582500e-04	
   1.1332738e-04	
   1.5916094e-04	
   2.4370562e-04	
  -6.4379629e-05	
  -4.4247564e-04	
   1.4354367e-04	
   1.8319065e-04	
   8.3587297e-04	
  -4.0205319e-04	
  -1.4171709e-03	
   1.4235328e-04	
   5.9929697e-04	
   3.1987128e-04	
  -5.9906306e-04	
  -4.3714237e-04	
   1.5319620e-04	
   1.9721452e-04	
   1.5352457e-04	
   1.1593693e-04	
   2.6112038e-04	
   5.3398670e-04	
   2.5524431e-04	
   1.2193883e-04	
   1.6702219e-04	
   1.5846061e-04	
   1.4811443e-04	
   2.4428052e-04	
  -2.4428688e-05	
  -5.8955910e-04	
  -8.3942718e-05	
   4.2645144e-04	
   3.4180334e-04	
  -5.3436543e-04	
  -1.5464397e-05	
   7.1913114e-04	
   6.2682775e-04	
   2.0925859e-04	
   1.1834623e-04	
   1.6257905e-04	
   2.4533472e-04	
  -3.0494553e-05	
  -5.7879311e-04	
  -7.0439032e-05	
   3.3308096e-04	
   5.1619516e-04	
   3.3367265e-04	
  -7.1259443e-05	
  -5.7816141e-04	
  -2.9395436e-05	
   2.4754280e-04	
   1.4711687e-04	
   1.4725958e-04	
   1.9888958e-04	
   1.1297326e-04	
  -3.1565105e-04	
  -3.1052649e-04	
   1.3981284e-04	
   1.3576710e-04	
  -3.0381179e-04	
  -2.4897076e-04	
  -1.6058287e-04	
   2.0105830e-04	
   1.6311524e-03	
   3.9893044e-04	
  -7.4616771e-04	
  -6.7736296e-05	
   3.5160119e-04	
   6.0636725e-04	
   4.8219736e-05	
  -6.3120845e-04	
   5.4256759e-05	
   4.5593741e-05	
  -5.1927472e-04	
  -2.3898204e-04	
  -4.0953375e-04	
  -2.7194790e-04	
  -4.1747144e-04	
   3.2991070e-04	
   3.7817646e-04	
   1.7170917e-05	
  -2.1234434e-04	
   5.5189306e-05	
   2.4073560e-04	
   1.4092727e-04	
  -4.0926415e-04	
  -6.8567124e-04	
   5.6658221e-05	
   1.3797575e-04	
  -2.2647595e-04	
   9.7795029e-05	
   1.1349918e-04	
  -2.1304581e-04	
   5.5554426e-05	
   1.9253625e-04	
   2.3569996e-04	
  -1.3594371e-07	
  -6.4522067e-04	
  -4.6953079e-04	
  -2.7630766e-04	
  -3.2531972e-04	
  -4.2293431e-04	
  -1.8312479e-04	
   5.6340999e-04	
   6.1722509e-05	
  -5.3149581e-04	
   3.0415498e-04	
   4.4520809e-04	
   4.8295099e-04	
   2.4933923e-04	
   1.5744504e-04	
   1.0147508e-04	
  -2.2766658e-04	
  -4.5734548e-04	
  -7.3688820e-04	
  -3.6238714e-04	
   1.3700810e-04	
   1.8482782e-04	
   1.8893534e-04	
   1.0679304e-04	
  -3.0511473e-04	
  -3.0308114e-04	
   1.0426197e-04	
   1.8942026e-04	
   1.9023640e-04	
   1.3841251e-04	
  -4.1199839e-04	
  -5.9861448e-04	
  -1.4855388e-04	
  -6.1132742e-04	
  -3.2877516e-04	
  -4.5699373e-05	
  -5.8901802e-04	
   5.7748292e-05	
   6.1135514e-04	
   2.4848657e-04	
   1.5930707e-04	
   7.7536492e-05	
  -2.4513244e-04	
   1.6068075e-04	
   5.8126908e-04	
   2.4991217e-04	
   1.1379421e-04	
   2.0742076e-04	
   1.0308764e-04	
  -3.2016802e-04	
  -1.8498601e-04	
  -1.8768635e-04	
  -8.8324892e-04	
  -1.9030519e-04	
  -1.7932290e-04	
  -3.1477484e-04	
   5.7909466e-05	
   2.9842814e-04	
   5.3294113e-04	
   2.4606007e-04	
   1.5647299e-04	
   1.0470753e-04	
  -2.2287381e-04	
  -5.0381409e-04	
  -5.9524976e-04	
  -9.2112034e-05	
  -1.3850436e-04	
   9.5250110e-05	
   1.0620534e-04	
  -2.1274556e-04	
   6.1460397e-05	
   2.0386402e-04	
   2.0795638e-04	
   2.1251581e-05	
  -1.1197261e-04	
   4.4311713e-04	
   3.0270054e-04	
   1.1419152e-04	
   1.6062794e-04	
   2.1061972e-04	
   6.8627042e-05	
  -2.1138370e-04	
   6.8674630e-05	
   2.0869713e-04	
   1.5848906e-04	
   1.4744385e-04	
   1.9585591e-04	
   1.5802703e-04	
  -3.9799759e-04	
  -7.2220712e-04	
   1.0570346e-04	
   6.5478168e-04	
   1.4645860e-04	
  -2.1503082e-04	
  -2.0743535e-05	
  -1.6161825e-04	
   6.0592854e-05	
   2.0562923e-04	
   1.5886665e-04	
   1.4952805e-04	
   1.9980516e-04	
   1.5174713e-04	
  -4.1567632e-04	
  -6.4459442e-04	
   1.7385466e-06	
  -3.2453479e-04	
  -7.0150921e-04	
   4.5829936e-05	
   1.9166828e-04	
  -3.1855123e-04	
  -3.2065800e-04	
   1.5677511e-04	
   1.1325199e-04	
  -2.2308555e-04	
   1.7617765e-05	
   3.9087653e-04	
   3.3346630e-04	
  -5.0331556e-04	
   2.3818823e-05	
   7.4628360e-05	
  -6.6630912e-04	
   1.0515220e-04	
   1.1288100e-03	
   6.6440813e-04	
  -2.6001605e-04	
  -4.4155469e-04	
  -1.8603467e-04	
  -6.1600218e-05	
  -4.7038907e-04	
  -8.3026495e-04	
  -1.2907253e-03	
   2.7722070e-04	
   8.3359015e-04	
   9.9977925e-05	
  -2.5608685e-04	
   8.5353157e-05	
   2.1763434e-04	
   1.0499058e-04	
   2.9620759e-04	
   4.8510177e-04	
  -2.0119025e-04	
  -3.5334089e-04	
   9.9348663e-05	
   2.8114884e-04	
   4.7558616e-05	
  -7.8119282e-04	
  -7.7130883e-04	
   9.0061086e-05	
   1.3102136e-04	
  -1.4671932e-04	
  -8.5832133e-05	
  -6.3448956e-04	
  -4.0059499e-04	
   1.5041819e-04	
   1.9034561e-04	
   1.3801430e-04	
   2.7960164e-04	
  -8.2631546e-05	
  -1.0100735e-03	
  -5.8949333e-04	
  -1.8027295e-04	
   8.5217215e-05	
   2.2056418e-04	
   1.5446499e-04	
  -3.9108231e-04	
  -7.3143960e-04	
   9.8312879e-05	
   7.4573959e-04	
  -3.3195594e-05	
  -1.0419799e-03	
  -2.4944363e-05	
   6.6907115e-04	
   2.9097790e-04	
   5.2238607e-06	
  -2.1310905e-04	
   2.0198740e-04	
  -8.1287807e-05	
  -9.6028272e-04	
  -1.3820134e-04	
   3.2490684e-04	
   1.4041105e-04	
  -4.1135935e-04	
  -6.7386816e-04	
   1.9576936e-05	
   2.4249453e-04	
   1.5510273e-04	
   1.5956869e-04	
   1.7071887e-04	
   1.6734868e-04	
   1.6715911e-04	
   1.6863083e-04	
   1.6260880e-04	
   1.6382299e-04	
   2.0966054e-04	
   6.7239326e-05	
  -2.1032632e-04	
   1.1160088e-04	
   1.1311132e-04	
  -2.0635417e-04	
   6.1077013e-05	
   1.9335989e-04	
   2.3711007e-04	
   5.4558138e-05	
  -7.6977557e-04	
  -7.7456769e-04	
   5.2176031e-05	
   2.8422277e-04	
   5.6039856e-05	
  -2.1747990e-04	
   7.3431899e-05	
   2.5292335e-04	
   5.8307268e-05	
  -2.1866100e-04	
   1.5608195e-04	
   1.6763759e-05	
  -5.8284961e-04	
  -2.8484568e-05	
   2.4928356e-04	
   1.5535636e-04	
   1.9789985e-04	
   7.0203481e-05	
  -1.6662699e-04	
  -2.9686994e-05	
  -1.2118463e-04	
  -3.2917606e-05	
  -1.7322083e-04	
   1.1068271e-04	
   1.1125451e-04	
  -2.1350555e-04	
   6.4522303e-05	
   2.5125790e-04	
   6.8136502e-05	
  -2.0630706e-04	
   6.8201392e-05	
   2.0313622e-04	
   2.0046074e-04	
   1.1964143e-04	
  -3.4108541e-04	
  -2.1561004e-04	
   4.7585372e-04	
   4.3197567e-04	
  -2.1221157e-04	
  -8.5472555e-04	
   2.6031654e-04	
   3.9225322e-04	
   1.0202031e-04	
   1.5314046e-04	
   2.6133350e-04	
  -1.6091075e-05	
  -6.2376465e-04	
   7.3933043e-05	
   6.2550402e-04	
   2.5758483e-04	
   1.1512503e-04	
   1.7106540e-04	
   2.1661738e-04	
   7.0139568e-05	
  -2.0474829e-04	
   7.3194628e-05	
   2.1101320e-04	
   1.6402804e-04	
   1.6613588e-04	
   1.6871657e-04	
   1.7224055e-04	
   1.6857256e-04	
   1.6654509e-04	
   1.6369943e-04	
   2.1209373e-04	
   7.1771508e-05	
  -2.0260150e-04	
   7.1495060e-05	
   2.1369805e-04	
   1.6082379e-04	
   1.6869856e-04	
   1.7336387e-04	
   1.7076622e-04	
   1.1887940e-04	
   3.4232901e-04	
   3.4057546e-04	
  -3.9778561e-04	
  -2.5681970e-04	
  -4.8767465e-04	
  -3.3333239e-05	
   2.4061995e-04	
   2.0353908e-04	
   6.7212137e-05	
  -2.1147873e-04	
   1.0887544e-04	
   1.5169742e-04	
  -2.6332218e-04	
  -4.0187071e-04	
  -2.5790748e-04	
   1.4223461e-04	
   8.8150808e-05	
  -9.0564512e-05	
  -1.7587415e-04	
  -1.0039740e-03	
  -4.9605195e-04	
   1.9598468e-04	
   1.9301653e-04	
   1.5351715e-04	
   2.0821930e-04	
   7.5378095e-05	
  -2.0810903e-04	
   1.2362360e-04	
   7.4671091e-05	
  -1.1788755e-04	
   4.3312751e-04	
   3.9404541e-04	
  -6.8904159e-05	
  -5.7734567e-04	
  -1.2840186e-05	
   2.6016903e-04	
   1.1321222e-04	
   2.5659232e-04	
   5.8630758e-04	
   1.7343868e-04	
  -2.4601802e-04	
   8.2103915e-05	
   2.0954082e-04	
   1.6411598e-04	
   2.0814635e-04	
   6.9333802e-05	
  -2.1132510e-04	
   1.5692124e-04	
   1.9895128e-05	
  -5.7806279e-04	
  -2.8896241e-05	
   2.4660115e-04	
   2.0041877e-04	
   1.0695188e-04	
  -2.9789961e-04	
  -2.9175639e-04	
   1.1827264e-04	
   1.6808479e-04	
   2.6031426e-04	
   5.3954174e-04	
   2.6013007e-04	
   1.6882603e-04	
   1.1814696e-04	
  -2.9338427e-04	
  -2.9555755e-04	
   1.1753571e-04	
   1.6423530e-04	
   2.9535111e-04	
   4.4241859e-04	
  -5.9192798e-05	
  -6.9081747e-05	
  -1.7018602e-04	
   1.5422734e-04	
   5.8321734e-05	
  -6.8055271e-04	
  -4.0071733e-04	
   1.9950646e-04	
   1.0948946e-04	
  -2.1529578e-04	
   7.3961177e-05	
   2.1619619e-04	
   1.6705234e-04	
   1.6748486e-04	
   1.7321008e-04	
   1.7326126e-04	
   1.7072930e-04	
   1.7236003e-04	
   1.7497675e-04	
   1.6802635e-04	
   1.6280758e-04	
   2.1307140e-04	
   1.2206369e-04	
  -3.3899249e-04	
  -2.0103279e-04	
   4.9039031e-04	
   3.0637659e-04	
   1.2363860e-04	
   1.6954070e-04	
   1.7464700e-04	
   2.1128329e-04	
   7.7277004e-05	
  -1.9934248e-04	
   6.9520397e-05	
   2.0550747e-04	
   2.4735943e-04	
  -2.8693371e-05	
  -5.3223086e-04	
  -1.1459177e-04	
  -1.1666481e-04	
   6.1359109e-05	
   2.0455147e-04	
   2.1264939e-04	
   6.8290985e-05	
  -2.1252494e-04	
   1.6082900e-04	
   2.7033469e-05	
  -5.7806850e-04	
  -7.1451572e-05	
   3.9139617e-04	
   4.7674158e-04	
  -2.1713849e-04	
  -2.5704383e-04	
  -7.2606361e-05	
  -4.9199366e-04	
  -1.2389663e-04	
  -1.2540731e-04	
   6.8092769e-05	
   2.4559145e-04	
   6.7172952e-05	
  -1.6979523e-04	
   1.8733346e-05	
  -2.1520849e-04	
  -3.9324484e-04	
  -2.5895207e-04	
   1.0716590e-04	
   1.9591891e-04	
   2.7849104e-04	
  -1.3147450e-04	
  -8.2042464e-04	
  -4.0443364e-04	
  -8.2200003e-04	
  -1.2979217e-04	
   2.8738025e-04	
   1.6217506e-04	
   1.6599953e-04	
   1.7016344e-04	
   1.8560142e-04	
   1.7558882e-04	
   1.2752827e-04	
   2.6161052e-04	
   6.2593426e-04	
   7.2384820e-05	
  -5.6773739e-04	
  -1.0933853e-04	
  -1.5726965e-04	
   2.0160239e-04	
   4.8169304e-04	
  -6.9470290e-05	
  -6.3909578e-05	
  -1.1321369e-04	
  -1.8265478e-05	
  -1.7155685e-04	
   1.1485738e-04	
   1.2379540e-04	
  -1.9268589e-04	
  -9.7160470e-06	
   4.1185047e-04	
   9.1555715e-04	
   3.6318658e-04	
   8.9005172e-05	
   2.1681502e-04	
   7.1741972e-05	
  -7.9414448e-05	
  -2.1734770e-04	
  -8.5889264e-04	
  -2.2063142e-04	
  -8.1386927e-05	
   1.0592196e-04	
   1.1042150e-04	
  -2.0160810e-04	
   7.8476350e-05	
   2.1222624e-04	
   1.7804351e-04	
   1.7575035e-04	
   1.3060562e-04	
   2.6581510e-04	
   5.9445098e-04	
   1.8191843e-04	
  -2.8717267e-04	
   1.7593821e-04	
   6.3945862e-04	
   1.7189646e-04	
  -2.9020243e-04	
   2.1953476e-04	
   4.9388919e-04	
  -6.6155473e-05	
  -6.4000108e-05	
  -1.4983824e-04	
   7.8949832e-05	
   2.1195265e-04	
   1.6975627e-04	
   1.7493160e-04	
   1.7599884e-04	
   1.7330347e-04	
   1.7032734e-04	
   2.1624256e-04	
   8.0404045e-05	
  -1.9394571e-04	
   7.1788990e-05	
   2.0164812e-04	
   2.5604260e-04	
   2.7147732e-05	
  -7.1625460e-04	
  -3.0148847e-04	
   6.2054027e-04	
   1.0667967e-04	
  -6.2945351e-04	
   2.9164359e-05	
   1.7695916e-04	
  -2.4809032e-04	
   1.5965687e-04	
   5.8336828e-04	
   3.5306273e-04	
  -5.8710457e-05	
  -5.6973773e-04	
  -3.2758379e-05	
   3.2770433e-04	
   9.7673512e-05	
  -8.6844199e-04	
  -1.1319380e-03	
  -1.8845571e-05	
   2.5345881e-04	
   2.0992452e-04	
   6.3775445e-04	
   6.4791335e-04	
   2.3546524e-04	
   1.4475663e-04	
   1.7759347e-04	
   1.2649167e-04	
   3.9549513e-04	
   2.5634488e-04	
  -8.4790237e-04	
  -1.0673810e-04	
   1.6933956e-04	
  -1.1418590e-04	
   4.3735019e-04	
   3.5690627e-04	
   4.0106973e-05	
  -1.9750074e-04	
   8.1747760e-05	
   2.1529423e-04	
   2.1261859e-04	
   7.4432687e-05	
  -1.9892781e-04	
   1.2107689e-04	
   1.1470530e-04	
  -1.6621412e-04	
   1.3224109e-05	
  -2.1259927e-04	
  -3.5117111e-04	
  -3.5130102e-04	
  -2.5559590e-04	
   1.1759757e-04	
   2.0996576e-04	
   1.6616204e-04	
   1.7657195e-04	
   2.2378775e-04	
   2.9952888e-05	
  -7.3509895e-05	
   4.3725133e-04	
  -2.0486068e-04	
  -8.0401038e-04	
  -3.9442650e-04	
   2.9032663e-04	
   5.1565009e-04	
  -1.2638189e-04	
  -5.2325233e-04	
  -6.1947025e-04	
   1.5778139e-05	
   2.8211950e-04	
   1.4066908e-04	
  -3.6242708e-04	
  -6.8786171e-04	
  -4.9751145e-04	
  -6.4041657e-04	
  -4.6231160e-04	
  -2.4071726e-04	
   2.2145408e-04	
  -6.0850777e-06	
  -1.0580623e-03	
  -1.0517640e-03	
  -6.3618607e-04	
   5.6249287e-05	
   2.4186250e-04	
   1.5822133e-04	
   1.7442997e-04	
   2.2148742e-04	
   7.7686273e-05	
  -2.0285920e-04	
   1.5946926e-04	
   1.4161538e-05	
  -4.9465838e-04	
  -1.6800728e-04	
  -5.7888399e-04	
  -4.0129516e-04	
   1.5437005e-04	
   2.5984612e-04	
   5.9833518e-05	
  -2.1589024e-04	
   2.0863234e-04	
  -2.0495604e-05	
  -1.0855360e-03	
  -3.9154491e-04	
   5.7791650e-04	
   3.3927032e-04	
   1.3662521e-05	
  -1.0579686e-04	
  -1.0403915e-04	
  -5.2496302e-04	
  -2.0839974e-05	
   2.5828271e-04	
   1.6476366e-04	
   2.1701478e-04	
   7.0971023e-05	
  -1.5834032e-04	
   3.0333485e-05	
  -1.8916297e-04	
  -5.1482059e-04	
   3.1152527e-05	
   1.2265685e-03	
   5.8548540e-04	
  -1.1013307e-04	
  -6.5697476e-04	
  -3.3736909e-04	
   1.0721121e-04	
  -2.6710435e-04	
  -2.5753275e-04	
   2.3525651e-05	
  -1.4854785e-04	
   7.8565527e-05	
   1.7926952e-04	
   2.6844454e-04	
   5.4689793e-04	
   3.1692946e-04	
   4.5194855e-05	
  -1.9139330e-04	
   9.0392954e-05	
   2.2086109e-04	
   1.7108105e-04	
   1.7255873e-04	
   2.2471653e-04	
   7.9918753e-05	
  -1.9696896e-04	
   1.2433559e-04	
   1.2790716e-04	
  -2.0154746e-04	
   8.5661309e-05	
   2.2245865e-04	
   1.6919848e-04	
   1.6232510e-04	
   3.0013842e-04	
  -1.1794028e-04	
  -8.5568643e-04	
  -3.0228105e-04	
  -4.3959405e-04	
  -2.8030140e-05	
   2.5521872e-04	
   1.7281977e-04	
   1.7558433e-04	
   1.7421049e-04	
   2.2420658e-04	
   7.7987774e-05	
  -1.5292473e-04	
  -1.7180281e-05	
  -1.0903209e-04	
  -1.4817597e-05	
  -1.5528847e-04	
   7.7506663e-05	
   2.2237202e-04	
   2.1389373e-04	
   3.3477682e-05	
  -1.5436679e-05	
   2.7076941e-04	
  -4.2778600e-04	
  -6.3732910e-05	
   2.5501114e-04	
   2.6121109e-04	
  -1.9488965e-05	
  -5.6452181e-04	
  -9.0973804e-06	
   2.6462602e-04	
   1.7272059e-04	
   1.7138439e-04	
   1.7958549e-04	
   2.2198212e-04	
   7.8803304e-05	
  -1.4844377e-04	
  -1.2108186e-05	
  -1.5044745e-04	
   8.5326996e-05	
   2.2232124e-04	
   1.3978440e-04	
   2.7888958e-04	
   5.4337378e-04	
   2.6696768e-04	
   2.6298192e-04	
  -1.0006488e-04	
  -9.3393947e-04	
  -1.1069403e-04	
   2.9992701e-04	
   2.1231875e-04	
   7.4834555e-05	
  -1.9230504e-04	
   8.5009960e-05	
   2.6287230e-04	
   8.2834155e-05	
  -1.9606080e-04	
   8.8854234e-05	
   2.2579225e-04	
   1.7314952e-04	
   1.7506061e-04	
   2.2692999e-04	
   8.1687043e-05	
  -1.9318670e-04	
   1.2902510e-04	
   1.2097893e-04	
  -2.0292498e-04	
   1.6392502e-04	
   2.2491726e-05	
  -5.3030559e-04	
  -6.6000900e-05	
  -1.9931738e-04	
  -3.3369588e-04	
   2.2454530e-04	
   5.5903230e-04	
   3.3044053e-04	
   6.0011604e-04	
   6.5894510e-04	
   2.8700225e-04	
   3.8706640e-05	
  -2.0076286e-04	
   2.1167310e-04	
  -2.5044494e-05	
  -1.0373768e-03	
  -4.8299883e-04	
   2.1302274e-04	
   2.1439423e-04	
   1.6350082e-04	
   1.7455523e-04	
   2.2342451e-04	
   1.2910480e-04	
  -2.8308552e-04	
  -2.9322518e-04	
   1.1542967e-04	
   3.0226679e-04	
   2.2135783e-05	
  -6.7546507e-04	
  -3.4697517e-04	
   1.5913877e-04	
  -3.5612452e-04	
  -6.7366726e-04	
   7.4158724e-05	
   1.6029754e-04	
  -2.1098899e-04	
   1.6615527e-04	
   2.8990504e-05	
  -5.7666482e-04	
   6.1259589e-05	
   1.0937243e-04	
  -6.3103714e-04	
  -4.4407150e-04	
  -2.9556456e-04	
  -2.5542345e-04	
   1.1189942e-04	
   2.6145909e-04	
   8.2163573e-05	
  -1.9929888e-04	
   1.1924844e-04	
   1.6240383e-04	
  -2.0693502e-04	
  -4.8160934e-04	
  -6.1536200e-04	
   2.8182415e-05	
   2.6023887e-04	
   1.7813789e-04	
   1.6767533e-04	
   1.6682977e-04	
   3.0446240e-04	
  -2.9170619e-05	
  -1.1390978e-03	
  -7.7506777e-04	
  -4.0437782e-05	
  -5.5740507e-04	
  -4.6241747e-04	
  -2.5711213e-04	
  -3.3719712e-04	
  -3.0249736e-04	
   2.1634045e-04	
   6.3732747e-04	
   1.7270388e-04	
  -2.3529286e-04	
   1.4008147e-04	
   1.2440070e-04	
  -1.9920189e-04	
   1.6692480e-04	
   3.1922523e-05	
  -5.7792758e-04	
   7.3506830e-05	
   7.4101267e-05	
  -5.4100393e-04	
  -1.3029226e-04	
   5.9907643e-05	
  -3.0735256e-04	
  -1.2320404e-03	
  -3.0384088e-04	
  -2.6116080e-05	
   1.1264571e-04	
   1.1562796e-04	
  -1.9960858e-04	
   1.2943390e-04	
   1.6823303e-04	
  -2.8344461e-04	
  -2.9167660e-04	
   1.3490662e-04	
   2.2483429e-04	
   1.8017507e-04	
   1.5033017e-04	
   2.9468778e-04	
   4.7381239e-04	
   4.7163911e-04	
   9.2951076e-04	
   2.8267395e-04	
  -2.2451954e-04	
   4.6123417e-06	
  -1.4185002e-04	
   7.5975653e-05	
   2.5946788e-04	
   1.3090106e-04	
  -2.9122729e-04	
  -2.8366670e-04	
   1.7097869e-04	
   1.1615429e-04	
  -1.6030781e-04	
   6.5699831e-05	
  -3.4341728e-04	
  -5.8073151e-04	
  -1.5719394e-04	
  -4.7856580e-04	
  -2.7928999e-05	
   2.4699635e-04	
   3.0522687e-04	
  -1.0446083e-04	
  -9.2839014e-04	
  -1.3975677e-04	
   4.0734328e-04	
   5.4403744e-04	
   2.6943729e-04	
   1.8397297e-04	
   9.7388017e-05	
  -1.4261277e-04	
  -9.4554752e-06	
  -1.5725881e-04	
   1.6065663e-04	
   5.9100899e-05	
  -5.7894250e-04	
  -5.3477741e-04	
  -6.6597024e-04	
  -3.4545690e-04	
   1.5889974e-04	
   2.1156618e-04	
   2.2327243e-04	
   8.4953725e-05	
  -1.8273213e-04	
   9.7234879e-05	
   2.4036249e-04	
   9.8333662e-05	
   3.7989098e-04	
   9.3220026e-04	
   3.8356810e-04	
   1.0750901e-04	
   2.0247216e-04	
   1.4421490e-04	
   3.1893265e-04	
   4.9925580e-04	
  -1.4459991e-04	
  -4.2525070e-04	
  -1.9067121e-04	
   3.0421285e-05	
  -1.5432058e-04	
   1.2102986e-04	
   1.3468869e-04	
  -1.8490402e-04	
   9.0559540e-05	
   1.8127532e-04	
   3.2941762e-04	
   4.6330085e-04	
  -1.2644831e-04	
   1.4588565e-04	
   6.1059539e-04	
   2.7990808e-04	
   1.4818306e-04	
   1.9341963e-04	
   1.8602693e-04	
   1.6990240e-04	
   3.1436506e-04	
  -9.8800820e-05	
  -9.2349932e-04	
  -1.4069573e-04	
   4.0564384e-04	
   5.3286542e-04	
   3.5299647e-04	
   1.4451825e-06	
  -6.3991037e-04	
  -4.1783184e-04	
   2.7289957e-04	
   5.9139179e-04	
   2.7931704e-04	
   1.4904272e-04	
   1.5862916e-04	
   2.8397762e-04	
   5.5814444e-04	
   3.2250952e-04	
   6.2286799e-05	
  -1.7970025e-04	
   4.6668889e-05	
   3.5384806e-04	
   5.5028099e-04	
  -2.8319644e-04	
  -7.0292805e-04	
   2.6322251e-05	
   4.0108025e-04	
  -1.1470180e-04	
  -9.4153527e-04	
  -1.0822499e-04	
   3.9790769e-04	
  -2.0555017e-05	
  -5.2198582e-04	
  -1.4715787e-04	
   4.4285552e-05	
   3.6089072e-04	
  -4.7824689e-05	
  -7.5643019e-07	
   3.7492787e-04	
   4.6692124e-04	
  -8.2077265e-05	
   6.4712369e-06	
   3.3830878e-04	
   5.6142709e-04	
   2.8223483e-04	
   1.3710884e-04	
   2.3688195e-04	
   1.3839743e-04	
  -2.8051860e-04	
  -2.9088515e-04	
   1.7555051e-04	
   1.7151129e-04	
  -2.8625783e-04	
  -2.8591488e-04	
   1.4443846e-04	
   2.3504926e-04	
   1.3573532e-04	
   2.6507728e-04	
   6.4462890e-04	
   1.7485727e-04	
  -7.9943945e-04	
  -7.1983734e-04	
   7.3086543e-05	
  -2.6065086e-04	
  -7.7491643e-04	
  -3.5488890e-04	
   3.0095986e-04	
  -7.2192048e-05	
  -9.0522865e-04	
  -2.1092999e-04	
   2.6930053e-05	
  -6.9664073e-05	
  -6.2932458e-04	
  -3.8640601e-04	
   2.6284573e-04	
   2.7043379e-05	
  -5.7049764e-04	
   2.2513234e-05	
   2.1651934e-04	
  -2.0501146e-04	
  -4.7892717e-04	
  -6.1926023e-04	
   7.4989796e-05	
   2.1389634e-04	
  -2.8073783e-04	
  -3.3626615e-04	
   2.3000441e-04	
   6.8521679e-04	
   8.5644520e-05	
  -6.0866417e-04	
   5.1703404e-05	
   1.8489929e-04	
  -1.9030389e-04	
   3.4478942e-05	
   4.1220777e-04	
   3.6096326e-04	
  -3.8584838e-04	
  -2.4518134e-04	
  -3.8178577e-04	
  -1.9665608e-04	
  -4.7349927e-04	
  -5.1904685e-05	
   3.6906843e-04	
   5.5501223e-04	
   2.8575823e-04	
   1.4954769e-04	
   2.0188275e-04	
   1.9381059e-04	
   1.9267024e-04	
   1.9183177e-04	
   1.9720270e-04	
   1.8576214e-04	
   1.8121786e-04	
   2.6680900e-04	
   4.0040763e-05	
  -6.1238236e-04	
  -4.7745593e-04	
  -1.5709614e-04	
   7.4621522e-05	
  -2.4760817e-04	
  -2.8407730e-04	
   1.3935791e-04	
   2.3096807e-04	
   1.7908207e-04	
   1.9127463e-04	
   2.4355012e-04	
   4.8029026e-05	
  -9.3314566e-05	
   5.5318801e-04	
   1.3952759e-04	
  -5.9822565e-04	
  -2.8875336e-06	
   2.7735844e-04	
   2.2543047e-04	
   8.9296127e-05	
  -1.7997058e-04	
   1.0039602e-04	
   2.4003233e-04	
   1.8768529e-04	
   1.3478763e-04	
   3.7025173e-04	
   4.1637617e-04	
  -5.5379625e-04	
  -4.1105870e-04	
   1.8434338e-04	
   2.1628437e-04	
   2.1253244e-04	
   1.8098705e-04	
  -3.6295210e-04	
  -6.9156083e-04	
   1.3812066e-04	
   6.4771277e-04	
   2.8016831e-04	
   1.3700908e-04	
   1.9371955e-04	
   2.8178772e-04	
   1.9985357e-07	
  -5.5373773e-04	
   5.7912645e-06	
   2.7063583e-04	
   1.8437884e-04	
   2.2454138e-04	
   1.0470998e-04	
  -1.8640802e-04	
   1.2428995e-04	
   1.6147872e-04	
  -1.1976458e-04	
  -6.7738326e-04	
  -1.2386378e-03	
  -4.5670554e-04	
  -6.3974118e-04	
  -4.1292798e-04	
  -8.1538713e-04	
  -6.1498800e-05	
   2.1834046e-04	
  -2.3916868e-04	
   2.3910168e-04	
   4.7020170e-04	
   9.1106487e-06	
   4.1730070e-04	
   4.1761122e-04	
  -5.8747017e-05	
  -4.7282323e-04	
  -1.0008656e-04	
  -7.0083203e-04	
  -6.5936206e-04	
   4.5397546e-04	
   3.6299065e-04	
   1.3681870e-04	
   2.2882168e-04	
   1.0410810e-04	
  -1.3748382e-04	
   1.4152084e-06	
  -1.3552382e-04	
   9.4908380e-05	
   2.3347664e-04	
   1.9129647e-04	
   1.9419950e-04	
   1.9676944e-04	
   1.9342191e-04	
   1.9057764e-04	
   2.3711594e-04	
   1.0059439e-04	
  -1.7616062e-04	
   9.4962170e-05	
   2.3416417e-04	
   2.3427468e-04	
   9.1345445e-05	
  -1.8021101e-04	
   1.4366893e-04	
   1.3900436e-04	
  -1.8939606e-04	
   1.3009617e-04	
   1.7829013e-04	
  -2.3609450e-04	
  -3.7048140e-04	
  -2.2599428e-04	
   9.6680027e-05	
   3.2507310e-04	
   5.6271797e-04	
   2.9088450e-04	
   1.5660820e-04	
   2.0163296e-04	
   2.0052007e-04	
   1.9512616e-04	
   1.9734687e-04	
   1.9806195e-04	
   1.9237619e-04	
   1.9442827e-04	
   2.4032410e-04	
   8.4667661e-05	
  -1.5445587e-04	
   1.1904257e-04	
  -3.4195713e-04	
  -1.2222767e-03	
  -7.6381368e-04	
   2.8462384e-05	
  -6.3708305e-05	
  -6.0255102e-05	
  -3.6250784e-05	
   4.7893231e-04	
   2.8686158e-04	
   2.4157228e-04	
   6.1632900e-04	
   2.0214200e-04	
  -2.2118065e-04	
   1.0023767e-04	
   2.8551838e-04	
   9.3164035e-05	
  -1.8298673e-04	
   1.3587419e-04	
   1.3532024e-04	
  -9.8724129e-05	
  -9.4831363e-05	
  -5.0750164e-04	
   5.1984685e-06	
   2.7110926e-04	
   1.8113530e-04	
   2.3119757e-04	
   1.4948396e-04	
  -3.1163294e-04	
  -1.7614302e-04	
   5.1575906e-04	
   3.3346825e-04	
   1.4704605e-04	
   1.9791484e-04	
   2.0169881e-04	
   2.3317452e-04	
   8.6197416e-05	
  -9.4499902e-05	
  -5.0434026e-05	
  -6.0182640e-04	
  -3.7442591e-04	
   1.8380288e-04	
   2.3122952e-04	
   1.8411624e-04	
   1.9042451e-04	
   2.4643807e-04	
   9.4234783e-05	
  -1.7491938e-04	
   1.4352223e-04	
   1.3522619e-04	
  -1.8544649e-04	
   1.9388385e-04	
  -3.8333223e-06	
  -4.7901853e-04	
   4.8379900e-04	
   2.1691796e-04	
  -1.2621367e-03	
  -1.2119392e-03	
   3.7411842e-05	
   3.1422439e-04	
   1.6935627e-04	
   1.9289795e-04	
   1.9094407e-04	
   2.4077586e-04	
   1.3936924e-04	
  -2.4328353e-04	
  -3.9128085e-04	
  -3.4066821e-05	
  -3.2130193e-04	
  -1.6182151e-03	
  -8.7827334e-04	
  -9.6496326e-04	
  -8.7689029e-04	
  -3.6559767e-04	
  -1.6069322e-04	
   3.6854487e-05	
  -1.4921297e-04	
   9.6699180e-05	
   2.6774747e-04	
   1.2876829e-04	
  -2.0632475e-04	
  -3.8877806e-04	
  -7.3306194e-04	
  -8.3102127e-04	
  -7.4336321e-04	
  -8.7714782e-04	
  -1.2514627e-03	
  -6.9584757e-04	
  -4.6788685e-05	
  -4.7429577e-04	
  -6.5381338e-04	
  -8.7112824e-04	
  -7.7434503e-04	
  -1.3792155e-03	
  -4.9221355e-04	
   1.6474785e-04	
  -1.6008955e-04	
   7.5837070e-05	
   3.1695154e-04	
   5.2173211e-05	
  -6.5006967e-04	
  -3.6587371e-04	
   1.8778195e-04	
   2.5145855e-04	
   1.4094105e-04	
   2.5667757e-04	
   1.1368256e-03	
   2.2866504e-03	
   2.5634399e-03	
   1.2686812e-03	
   2.1028874e-04	
   1.9276135e-04	
   1.2129449e-04	
  -1.3963305e-04	
   4.8973521e-05	
  -2.1514443e-04	
  -2.9740613e-04	
   1.2974230e-04	
   8.7159360e-04	
   1.3813916e-03	
   1.1362102e-03	
   1.2074282e-03	
   1.2785753e-04	
  -5.4010286e-04	
  -1.7958256e-03	
  -2.5730764e-03	
  -1.5435570e-03	
  -6.5301207e-04	
   7.1410911e-04	
   2.0828653e-03	
   2.3173767e-03	
   2.0555669e-03	
   1.8589645e-03	
   2.0026213e-03	
   1.3950021e-03	
   9.8849068e-06	
  -2.1474533e-03	
  -3.3382734e-03	
  -3.2697833e-03	
  -2.7774915e-03	
  -2.3097491e-03	
  -1.7682517e-03	
  -7.4051764e-04	
   4.6429719e-05	
   3.9814877e-04	
   1.5407942e-03	
   2.2862046e-03	
   1.6415257e-03	
  -7.6970947e-04	
  -3.7781566e-03	
  -5.3349044e-03	
  -4.0724621e-03	
  -1.0611854e-03	
   7.9616641e-04	
   2.9625299e-03	
   4.5941118e-03	
   3.7466251e-03	
   4.4946142e-03	
   3.9423392e-03	
   5.8476943e-04	
  -1.9994843e-03	
  -5.2854779e-03	
  -9.1761013e-03	
  -1.0718953e-02	
  -9.3476425e-03	
  -6.1896349e-03	
  -1.2800162e-03	
   4.0796838e-03	
   7.8595177e-03	
   8.4044512e-03	
   4.4202413e-03	
  -1.4452232e-03	
  -6.7205316e-03	
  -8.2139693e-03	
  -4.7992522e-03	
   7.0264630e-04	
   5.1327372e-03	
   7.7721725e-03	
   9.5238537e-03	
   1.0735530e-02	
   1.2162416e-02	
   1.2521888e-02	
   1.0293385e-02	
   6.5850240e-03	
   2.6190098e-03	
   9.8474005e-04	
   2.2941769e-03	
   4.0157894e-03	
   7.4736152e-03	
   1.1746897e-02	
   1.5060744e-02	
   1.5665221e-02	
   1.3124084e-02	
   8.1227929e-03	
   2.3211982e-03	
  -3.0339361e-03	
  -7.8394068e-03	
  -1.1733791e-02	
  -1.5359995e-02	
  -1.3776141e-02	
  -6.9774245e-03	
   1.5859835e-03	
   9.2079434e-03	
   1.1995879e-02	
   1.1519911e-02	
   8.0607273e-03	
   3.3616550e-03	
   6.3094855e-04	
  -1.8109642e-03	
  -6.2329643e-03	
  -1.1252681e-02	
  -1.2726698e-02	
  -6.7972312e-03	
   6.3555110e-03	
   2.0353288e-02	
   2.7112230e-02	
   2.6298061e-02	
   1.9333234e-02	
   5.7530239e-03	
  -8.6596358e-03	
  -1.7809869e-02	
  -2.1552675e-02	
  -2.2890041e-02	
  -2.3919508e-02	
  -2.2889723e-02	
  -1.8587754e-02	
  -9.2059140e-03	
   3.9909825e-03	
   1.6878560e-02	
   2.4951999e-02	
   2.1450979e-02	
   7.0175363e-03	
  -1.0199244e-02	
  -2.2703854e-02	
  -2.4503440e-02	
  -1.9027919e-02	
  -1.0832393e-02	
  -2.7126607e-03	
   4.6304828e-03	
   1.1191515e-02	
   1.6597842e-02	
   1.9604173e-02	
   1.9116501e-02	
   1.5123067e-02	
   8.6775250e-03	
   2.1341680e-03	
  -1.1909945e-03	
   1.1196592e-03	
   7.7276474e-03	
   1.5562906e-02	
   2.1134140e-02	
   2.2183990e-02	
   1.7324545e-02	
   8.5235553e-03	
   1.0473312e-03	
  -5.4200727e-03	
  -9.4646846e-03	
  -6.9525466e-03	
   2.9706237e-04	
   8.6285028e-03	
   1.5091591e-02	
   1.9186632e-02	
   2.1579872e-02	
   2.0960235e-02	
   1.6428664e-02	
   7.8344141e-03	
  -5.1182432e-03	
  -1.5653493e-02	
  -1.7823806e-02	
  -1.1626684e-02	
  -4.1617331e-04	
   9.9287131e-03	
   1.3651168e-02	
   9.1798748e-03	
   2.3693215e-03	
  -5.6355799e-03	
  -1.3266211e-02	
  -1.7236802e-02	
  -1.4596617e-02	
  -5.8765192e-03	
   3.7447889e-03	
   1.1092769e-02	
   1.6664590e-02	
   2.2647611e-02	
   2.8396629e-02	
   3.1256652e-02	
   2.9368541e-02	
   2.0235244e-02	
   4.6345814e-03	
  -1.3765089e-02	
  -2.8142683e-02	
  -3.1938782e-02	
  -2.6945530e-02	
  -2.1405005e-02	
  -1.8999068e-02	
  -1.8912148e-02	
  -1.7809869e-02	
  -1.8195446e-02	
  -2.3254705e-02	
  -3.0512288e-02	
  -3.4549040e-02	
  -3.3989705e-02	
  -2.8080385e-02	
  -1.5226523e-02	
  -1.0099048e-03	
   1.1606953e-02	
   1.8567705e-02	
   1.5610469e-02	
   3.2900914e-03	
  -1.4281962e-02	
  -3.1222487e-02	
  -3.8429279e-02	
  -2.9231018e-02	
  -8.6553408e-03	
   1.1029248e-02	
   2.0602059e-02	
   2.2198505e-02	
   2.2975649e-02	
   2.5275432e-02	
   2.5274813e-02	
   1.7418514e-02	
   2.0080956e-03	
  -1.7626853e-02	
  -3.2705926e-02	
  -3.3001950e-02	
  -1.5712467e-02	
   9.6019225e-03	
   2.9442543e-02	
   3.8298138e-02	
   3.7254546e-02	
   2.7674955e-02	
   1.5101640e-02	
   4.7995937e-03	
  -2.9665894e-03	
  -1.0115666e-02	
  -1.5228169e-02	
  -1.7190526e-02	
  -1.6811453e-02	
  -1.4514180e-02	
  -1.0941432e-02	
  -9.1284483e-03	
  -1.0206514e-02	
  -1.4851916e-02	
  -2.1565479e-02	
  -2.4701118e-02	
  -2.0643616e-02	
  -9.8459743e-03	
   4.8207763e-03	
   1.9518525e-02	
   2.8628864e-02	
   2.9405347e-02	
   2.4290537e-02	
   1.8010017e-02	
   1.0626206e-02	
   1.8173938e-03	
  -6.4440526e-03	
  -1.0506866e-02	
  -6.0255297e-03	
   6.4860267e-03	
   2.1338509e-02	
   2.7776928e-02	
   2.0303859e-02	
   2.5815019e-03	
  -1.6062297e-02	
  -3.0771417e-02	
  -3.8993382e-02	
  -3.9744755e-02	
  -3.0345237e-02	
  -1.4003697e-02	
   1.8887804e-03	
   1.1466537e-02	
   1.4934842e-02	
   1.2669428e-02	
   6.2743182e-03	
  -3.7632307e-03	
  -1.9428198e-02	
  -3.6844838e-02	
  -4.6072390e-02	
  -4.4229333e-02	
  -3.4422454e-02	
  -1.9296568e-02	
  -2.8366996e-03	
   1.2373868e-02	
   2.2864149e-02	
   2.3189814e-02	
   1.4602901e-02	
   3.7446324e-03	
  -2.3387134e-03	
   7.2020531e-04	
   1.3671038e-02	
   3.1580842e-02	
   4.4357524e-02	
   4.4107735e-02	
   3.0946104e-02	
   1.0305488e-02	
  -9.9603432e-03	
  -2.2951125e-02	
  -2.4727899e-02	
  -2.0283101e-02	
  -1.7519599e-02	
  -2.0339711e-02	
  -2.7642119e-02	
  -3.0525197e-02	
  -2.0235545e-02	
   2.6238843e-03	
   3.0283265e-02	
   5.2121222e-02	
   6.0092028e-02	
   5.6463493e-02	
   4.5340610e-02	
   3.0148195e-02	
   1.7540316e-02	
   1.3214760e-02	
   1.7234895e-02	
   2.1794151e-02	
   2.0370004e-02	
   1.6456863e-02	
   1.3841300e-02	
   1.1997493e-02	
   7.0913044e-03	
   1.0208918e-03	
  -1.2085627e-03	
   1.6548665e-03	
   1.0294469e-02	
   2.0774709e-02	
   3.2072842e-02	
   4.3347592e-02	
   5.3101317e-02	
   6.1244088e-02	
   6.5523710e-02	
   6.2814332e-02	
   4.9341950e-02	
   2.5884188e-02	
  -3.6046961e-03	
  -3.5895241e-02	
  -6.3039272e-02	
  -7.8849587e-02	
  -8.2346704e-02	
  -7.6951835e-02	
  -6.6934768e-02	
  -5.3886382e-02	
  -3.9336969e-02	
  -2.5366044e-02	
  -1.2896984e-02	
  -5.7964528e-03	
  -5.0818062e-03	
  -9.3481886e-03	
  -1.8296033e-02	
  -2.6944299e-02	
  -2.8256376e-02	
  -2.1646473e-02	
  -9.8082072e-03	
   4.2868674e-03	
   1.6174531e-02	
   1.7896805e-02	
   5.4557771e-03	
  -1.4941542e-02	
  -3.2989676e-02	
  -3.7098841e-02	
  -2.3237353e-02	
   2.3621626e-03	
   2.7869064e-02	
   4.3028316e-02	
   4.8104430e-02	
   4.7316512e-02	
   4.2125883e-02	
   3.4334687e-02	
   2.6840175e-02	
   2.1891536e-02	
   1.6789750e-02	
   1.0464388e-02	
   6.7899736e-03	
   1.2680112e-02	
   2.7109410e-02	
   3.8873405e-02	
   3.9059641e-02	
   3.1022828e-02	
   2.3781977e-02	
   1.9908657e-02	
   1.4712592e-02	
   7.5020628e-03	
   2.1680752e-03	
  -1.7805574e-03	
  -1.1014790e-02	
  -2.2187348e-02	
  -2.8607502e-02	
  -3.0116076e-02	
  -3.1727363e-02	
  -3.5070257e-02	
  -3.3590046e-02	
  -2.1078769e-02	
   6.2885188e-06	
   2.1259063e-02	
   3.7040527e-02	
   4.3758801e-02	
   4.2810377e-02	
   3.9784698e-02	
   3.5630398e-02	
   3.0508058e-02	
   2.4635005e-02	
   1.8081297e-02	
   1.0628130e-02	
   2.3846313e-03	
  -7.0019576e-03	
  -1.6608029e-02	
  -1.9094016e-02	
  -1.0811138e-02	
   2.2875713e-03	
   1.2426012e-02	
   1.8342121e-02	
   2.4521166e-02	
   2.8626011e-02	
   2.1985391e-02	
  -2.6928757e-04	
  -3.1995620e-02	
  -6.2132226e-02	
  -8.3230897e-02	
  -9.2796063e-02	
  -9.5869754e-02	
  -9.8280198e-02	
  -9.8777837e-02	
  -9.1645772e-02	
  -7.5740208e-02	
  -5.5504670e-02	
  -3.6220597e-02	
  -2.4005181e-02	
  -1.8768211e-02	
  -2.0725809e-02	
  -2.4029876e-02	
  -2.2383127e-02	
  -1.0908816e-02	
   7.8252738e-03	
   2.6383099e-02	
   3.8246605e-02	
   4.2216674e-02	
   4.0295866e-02	
   3.5869837e-02	
   2.7565109e-02	
   1.4767523e-02	
   4.9317565e-04	
  -1.0017491e-02	
  -1.0330801e-02	
  -7.9918052e-04	
   1.3218762e-02	
   2.4591313e-02	
   2.6875212e-02	
   2.0425106e-02	
   1.0907984e-02	
   3.8657577e-04	
  -8.9133127e-03	
  -1.4059369e-02	
  -1.1761591e-02	
  -2.8543183e-03	
   1.0320973e-02	
   2.6320360e-02	
   4.2323064e-02	
   5.3254830e-02	
   4.9492619e-02	
   2.9934844e-02	
   6.8405167e-03	
  -5.6719729e-03	
  -7.9783488e-03	
  -1.0503834e-02	
  -1.7985876e-02	
  -2.6844185e-02	
  -2.9234425e-02	
  -2.5232734e-02	
  -1.8605839e-02	
  -1.0755408e-02	
  -2.7299729e-03	
   4.5573292e-03	
   1.1901396e-02	
   2.1289023e-02	
   3.2829936e-02	
   4.6837374e-02	
   5.8387627e-02	
   6.2057694e-02	
   5.5180309e-02	
   3.8767219e-02	
   1.9937549e-02	
   4.7243570e-03	
  -3.6167247e-03	
  -8.8917559e-03	
  -1.9669129e-02	
  -3.6542391e-02	
  -5.1133834e-02	
  -5.3765493e-02	
  -4.1849378e-02	
  -2.2908680e-02	
  -6.0412274e-03	
   1.0850128e-03	
  -3.6441225e-03	
  -1.7536657e-02	
  -2.9004831e-02	
  -3.0366435e-02	
  -2.4390872e-02	
  -1.6950590e-02	
  -1.3110644e-02	
  -1.0696084e-02	
  -6.7208282e-03	
  -2.4434564e-03	
   8.9619275e-04	
   4.1172618e-03	
   4.2148271e-03	
  -3.2515974e-03	
  -1.8788236e-02	
  -3.5990457e-02	
  -4.4561796e-02	
  -4.0130787e-02	
  -2.5535425e-02	
  -6.9930056e-03	
   1.0537722e-02	
   2.5626086e-02	
   3.6989574e-02	
   4.6588929e-02	
   5.3226574e-02	
   5.6729216e-02	
   5.5518998e-02	
   4.8032253e-02	
   3.1940453e-02	
   7.6804867e-03	
  -1.5159848e-02	
  -2.4156127e-02	
  -1.5186906e-02	
   4.2093226e-03	
   2.0950732e-02	
   2.6821357e-02	
   2.1868993e-02	
   8.8859776e-03	
  -6.4302840e-03	
  -1.9077919e-02	
  -2.4152370e-02	
  -2.0281251e-02	
  -9.0795075e-03	
   7.0147653e-03	
   2.4231164e-02	
   4.0944247e-02	
   5.6842142e-02	
   7.3994714e-02	
   9.3162813e-02	
   1.0761586e-01	
   1.0933861e-01	
   9.5348317e-02	
   7.1295711e-02	
   5.0133943e-02	
   3.8220786e-02	
   3.6896517e-02	
   4.2601468e-02	
   4.9890298e-02	
   5.3958713e-02	
   5.3416355e-02	
   4.9584054e-02	
   4.2788918e-02	
   3.2300202e-02	
   1.9395427e-02	
   5.2914299e-03	
  -6.6804164e-03	
  -1.5786444e-02	
  -2.4239151e-02	
  -3.1397753e-02	
  -3.6697478e-02	
  -4.4184402e-02	
  -5.3809014e-02	
  -6.0646497e-02	
  -6.5132624e-02	
  -7.4255212e-02	
  -9.4185638e-02	
  -1.1610971e-01	
  -1.2620715e-01	
  -1.2049604e-01	
  -1.0592799e-01	
  -9.1333790e-02	
  -7.4234324e-02	
  -4.7155264e-02	
  -1.0587624e-02	
   2.7326388e-02	
   5.7180783e-02	
   7.4197600e-02	
   7.4342589e-02	
   5.8010445e-02	
   3.0856682e-02	
   1.4995470e-03	
  -2.0858776e-02	
  -3.2242321e-02	
  -2.8782923e-02	
  -1.1884949e-02	
   5.5170154e-03	
   1.5296368e-02	
   2.0271984e-02	
   2.0778344e-02	
   1.4431963e-02	
   5.9532270e-03	
   2.3808318e-03	
   8.6273374e-03	
   2.0662230e-02	
   2.9384002e-02	
   3.0759869e-02	
   2.8443394e-02	
   2.5267388e-02	
   2.1344198e-02	
   1.6800361e-02	
   1.5189766e-02	
   1.5015951e-02	
   1.0271665e-02	
  -4.4409008e-04	
  -1.2002456e-02	
  -1.6867256e-02	
  -1.3546571e-02	
  -4.9259994e-03	
   4.7429944e-03	
   1.3782180e-02	
   1.8994683e-02	
   1.5559336e-02	
   6.4376956e-03	
  -9.5803087e-05	
   1.0021729e-03	
   1.0558317e-02	
   2.1020496e-02	
   2.5206874e-02	
   2.3159130e-02	
   1.8211346e-02	
   1.7328033e-02	
   2.4489014e-02	
   2.9385950e-02	
   2.4952627e-02	
   9.7204887e-03	
  -1.3216586e-02	
  -3.8982004e-02	
  -6.3244676e-02	
  -7.9501685e-02	
  -8.0078306e-02	
  -6.6002465e-02	
  -4.1800869e-02	
  -1.5509369e-02	
   6.8279567e-05	
  -2.2262190e-03	
  -1.9710742e-02	
  -3.7959562e-02	
  -4.5311164e-02	
  -3.6597176e-02	
  -1.9356266e-02	
  -6.9849860e-03	
  -7.5511975e-03	
  -2.1417654e-02	
  -3.9177865e-02	
  -5.1493697e-02	
  -5.1597503e-02	
  -3.5921728e-02	
  -8.4248913e-03	
   1.7915297e-02	
   3.0115888e-02	
   2.4962325e-02	
   1.4514848e-02	
   9.1195321e-03	
   1.1371508e-02	
   1.6409601e-02	
   1.6165117e-02	
   1.0795930e-02	
   4.5866423e-03	
  -1.7263843e-03	
  -8.1989978e-03	
  -1.3904837e-02	
  -1.4866806e-02	
  -7.1127854e-03	
   7.0911088e-03	
   2.4108996e-02	
   3.9466163e-02	
   5.1189710e-02	
   5.2171304e-02	
   3.7151172e-02	
   1.0601259e-02	
  -1.5019065e-02	
  -3.3854978e-02	
  -4.6809892e-02	
  -5.8568777e-02	
  -7.1526975e-02	
  -8.2226980e-02	
  -7.9760684e-02	
  -6.2266269e-02	
  -3.3296670e-02	
   4.8304145e-04	
   2.8825833e-02	
   3.9203358e-02	
   2.7452118e-02	
   1.6483171e-03	
  -1.9477913e-02	
  -2.0754643e-02	
  -5.2492267e-03	
   1.2558506e-02	
   1.9822308e-02	
   1.1965789e-02	
  -6.6783366e-03	
  -2.0765825e-02	
  -1.5467543e-02	
   8.1570905e-03	
   3.0763430e-02	
   3.8282457e-02	
   3.7333854e-02	
   4.0334815e-02	
   5.0711338e-02	
   5.9880927e-02	
   6.3526414e-02	
   6.4876893e-02	
   6.6283681e-02	
   6.9414512e-02	
   7.6345850e-02	
   8.4353396e-02	
   8.4629029e-02	
   7.0476123e-02	
   4.5883220e-02	
   2.1221801e-02	
   5.7139088e-03	
   4.9954406e-04	
   2.0337999e-03	
   5.4001224e-03	
   2.0041738e-03	
  -1.1540245e-02	
  -2.9471028e-02	
  -3.6019618e-02	
  -2.1763499e-02	
   7.2656704e-03	
   3.7417644e-02	
   5.6985313e-02	
   6.3462339e-02	
   6.0716889e-02	
   5.6173174e-02	
   5.6656355e-02	
   5.9312138e-02	
   5.2108459e-02	
   2.1248444e-02	
  -2.8804080e-02	
  -7.6611589e-02	
  -1.0286001e-01	
  -1.0757413e-01	
  -1.0118641e-01	
  -8.5559841e-02	
  -5.1300933e-02	
  -3.4751551e-03	
   3.6858131e-02	
   6.0593775e-02	
   7.5917698e-02	
   8.6610621e-02	
   8.4017861e-02	
   5.7998945e-02	
   8.1551182e-03	
  -5.1732043e-02	
  -1.0685058e-01	
  -1.3989141e-01	
  -1.3898521e-01	
  -1.1468134e-01	
  -9.2554742e-02	
  -8.4755844e-02	
  -7.6861892e-02	
  -5.0665559e-02	
  -9.2531759e-03	
   2.9246715e-02	
   5.8528027e-02	
   7.9269981e-02	
   8.8171835e-02	
   8.2958198e-02	
   6.7660778e-02	
   5.1658563e-02	
   4.6290769e-02	
   5.3643691e-02	
   6.1908696e-02	
   4.8326159e-02	
   2.4038311e-04	
  -6.6481767e-02	
  -1.1806269e-01	
  -1.3092095e-01	
  -1.1247856e-01	
  -8.8750321e-02	
  -7.3512666e-02	
  -6.2173514e-02	
  -4.6687780e-02	
  -2.8702931e-02	
  -1.1206935e-02	
   5.8943701e-03	
   1.7412059e-02	
   1.2271683e-02	
  -1.2257779e-02	
  -4.6175977e-02	
  -7.0560410e-02	
  -7.1800057e-02	
  -5.3102490e-02	
  -2.5506713e-02	
  -1.1749676e-04	
   2.3464437e-02	
   4.8788704e-02	
   6.8648966e-02	
   6.6451677e-02	
   4.0155213e-02	
   1.2655165e-02	
   1.0539148e-02	
   3.1116790e-02	
   5.2092950e-02	
   6.1674685e-02	
   6.6953041e-02	
   7.0897437e-02	
   6.5511517e-02	
   5.1240509e-02	
   4.5512925e-02	
   6.0277319e-02	
   8.9945356e-02	
   1.1743164e-01	
   1.2467503e-01	
   1.0761830e-01	
   7.6808159e-02	
   4.9586882e-02	
   3.6407566e-02	
   3.3337208e-02	
   2.7985494e-02	
   1.2396028e-02	
  -9.3786777e-03	
  -3.4599725e-02	
  -5.7796263e-02	
  -7.7232994e-02	
  -9.1828006e-02	
  -1.0223417e-01	
  -1.1075793e-01	
  -1.1713188e-01	
  -1.1768127e-01	
  -1.0924040e-01	
  -9.3182129e-02	
  -7.6476821e-02	
  -6.7488936e-02	
  -6.5814575e-02	
  -6.3020910e-02	
  -5.1996894e-02	
  -3.0545401e-02	
  -2.4446822e-03	
   2.4797671e-02	
   4.3406281e-02	
   4.3999519e-02	
   2.4183519e-02	
  -5.6330396e-03	
  -2.5068259e-02	
  -1.9950735e-02	
  -2.2580374e-03	
   9.0078771e-03	
   7.5388071e-03	
  -2.9954551e-03	
  -2.0181853e-02	
  -3.7953075e-02	
  -4.8647969e-02	
  -5.0332917e-02	
  -4.5803000e-02	
  -3.8921116e-02	
  -3.0070085e-02	
  -2.3655644e-02	
  -2.6897201e-02	
  -3.8320917e-02	
  -4.8489077e-02	
  -5.7135877e-02	
  -7.0786866e-02	
  -8.7589843e-02	
  -9.4477408e-02	
  -7.7915198e-02	
  -4.2202672e-02	
  -2.7516674e-03	
   2.8758571e-02	
   4.5346070e-02	
   4.4290197e-02	
   3.4090545e-02	
   2.6070277e-02	
   2.3430957e-02	
   3.3673542e-02	
   6.4344910e-02	
   1.1254091e-01	
   1.5558374e-01	
   1.7319826e-01	
   1.6414719e-01	
   1.3376065e-01	
   8.8609815e-02	
   3.6049162e-02	
  -8.7827416e-03	
  -2.7465810e-02	
  -1.3745594e-02	
   1.8039357e-02	
   4.6066979e-02	
   5.7833182e-02	
   5.4553851e-02	
   4.6825752e-02	
   4.3227559e-02	
   4.2487865e-02	
   3.2221514e-02	
   6.6944271e-03	
  -2.4190537e-02	
  -4.7648331e-02	
  -5.4434168e-02	
  -5.3699307e-02	
  -6.0058841e-02	
  -6.8359869e-02	
  -6.0713344e-02	
  -3.5712526e-02	
  -1.6803450e-02	
  -2.3633916e-02	
  -4.9608797e-02	
  -7.0073806e-02	
  -6.8211335e-02	
  -4.8843415e-02	
  -2.2416575e-02	
   8.3753557e-03	
   4.8314691e-02	
   9.2730211e-02	
   1.2003067e-01	
   1.0828595e-01	
   6.7022063e-02	
   2.5089791e-02	
   1.1735022e-03	
  -4.2223227e-03	
  -8.1740588e-04	
   2.2269631e-03	
   2.7382826e-03	
   3.6128445e-03	
   6.8313675e-03	
   7.6908192e-03	
  -6.3087072e-03	
  -4.1219929e-02	
  -8.3127881e-02	
  -1.0775270e-01	
  -1.0472326e-01	
  -8.2365938e-02	
  -5.4570778e-02	
  -2.6212405e-02	
   7.9549917e-03	
   4.6856371e-02	
   7.2858889e-02	
   6.9732769e-02	
   4.1553337e-02	
   1.0299522e-02	
  -7.1644229e-03	
  -1.4009418e-02	
  -2.0377861e-02	
  -2.5378709e-02	
  -2.0094216e-02	
   5.3452802e-03	
   4.7393872e-02	
   8.8224810e-02	
   1.1550270e-01	
   1.3369138e-01	
   1.5156734e-01	
   1.6082754e-01	
   1.4183217e-01	
   9.3224020e-02	
   4.3066124e-02	
   2.1954747e-02	
   2.8812630e-02	
   3.4876564e-02	
   2.5633494e-02	
   1.5417673e-02	
   1.8981456e-02	
   2.8162203e-02	
   2.4353960e-02	
   4.3508531e-04	
  -3.2194709e-02	
  -5.9837952e-02	
  -7.6874899e-02	
  -8.3719490e-02	
  -7.4947294e-02	
  -4.3201292e-02	
  -1.5933291e-03	
   2.4203381e-02	
   2.1837257e-02	
   5.6997653e-03	
  -5.6339328e-03	
  -9.3920926e-03	
  -1.4628264e-02	
  -2.5209727e-02	
  -3.4078630e-02	
  -2.9517572e-02	
  -7.3299111e-03	
   2.4625559e-02	
   5.5440579e-02	
   7.8209967e-02	
   9.1983508e-02	
   9.6516701e-02	
   8.6993997e-02	
   6.1643935e-02	
   2.7207683e-02	
  -1.5192554e-04	
  -9.8703917e-03	
  -4.7231646e-03	
   6.7559857e-03	
   1.3596205e-02	
   5.2570899e-03	
  -2.2282214e-02	
  -6.3788697e-02	
  -1.0779157e-01	
  -1.4504392e-01	
  -1.6984380e-01	
  -1.8084247e-01	
  -1.8185250e-01	
  -1.7746861e-01	
  -1.6866849e-01	
  -1.5567339e-01	
  -1.4243079e-01	
  -1.2967416e-01	
  -1.1373276e-01	
  -8.9658965e-02	
  -5.9496752e-02	
  -3.5706715e-02	
  -2.7590545e-02	
  -3.0137999e-02	
  -3.1015192e-02	
  -2.3130588e-02	
  -9.5391431e-03	
   6.1753006e-03	
   2.4091376e-02	
   4.0008546e-02	
   5.0124163e-02	
   4.9045331e-02	
   3.9611306e-02	
   2.9524214e-02	
   2.3613704e-02	
   2.5471562e-02	
   3.8240224e-02	
   5.9313630e-02	
   7.4881075e-02	
   7.1310381e-02	
   4.8387936e-02	
   2.2209532e-02	
   1.1329160e-02	
   1.6404752e-02	
   2.1719416e-02	
   1.5123702e-02	
  -3.2426592e-03	
  -2.1835635e-02	
  -2.5252164e-02	
  -9.0498497e-03	
   1.2857774e-02	
   2.5770047e-02	
   2.5525767e-02	
   1.6839440e-02	
   2.9374882e-03	
  -8.1716627e-03	
  -2.2243730e-03	
   3.0301366e-02	
   7.4969829e-02	
   1.0801171e-01	
   1.1847166e-01	
   1.1659724e-01	
   1.1474198e-01	
   1.0696957e-01	
   8.3030489e-02	
   4.2541452e-02	
   3.3514838e-03	
  -1.4211587e-02	
  -6.8724769e-03	
   1.3388355e-02	
   3.0335180e-02	
   3.3144770e-02	
   2.5980513e-02	
   1.8425096e-02	
   9.0507136e-03	
  -1.7825533e-02	
  -6.8264001e-02	
  -1.2489639e-01	
  -1.6049868e-01	
  -1.6117147e-01	
  -1.4048188e-01	
  -1.1648762e-01	
  -8.9505990e-02	
  -4.7976083e-02	
   4.1528627e-03	
   4.6767479e-02	
   6.8024228e-02	
   7.3834933e-02	
   7.1639144e-02	
   5.9934049e-02	
   4.0622127e-02	
   3.4272168e-02	
   5.6475539e-02	
   9.4489225e-02	
   1.2373729e-01	
   1.3424378e-01	
   1.3216945e-01	
   1.2348831e-01	
   1.0253491e-01	
   7.0180995e-02	
   3.4108475e-02	
   3.9206480e-03	
  -1.6589602e-02	
  -2.8330663e-02	
  -2.8150279e-02	
  -1.8874332e-02	
  -7.8238207e-03	
  -8.5192113e-04	
   7.4904694e-04	
   5.3636666e-03	
   1.4899903e-02	
   2.3447892e-02	
   2.0636672e-02	
   1.7550292e-03	
  -2.9085166e-02	
  -6.3082500e-02	
  -8.8701747e-02	
  -9.6311076e-02	
  -8.8201256e-02	
  -7.8488893e-02	
  -8.0488161e-02	
  -9.1028654e-02	
  -9.5523298e-02	
  -8.6066608e-02	
  -6.5662904e-02	
  -4.5415785e-02	
  -3.1175323e-02	
  -1.9754247e-02	
  -3.0897970e-03	
   2.0231576e-02	
   3.6671536e-02	
   3.4342723e-02	
   2.0801351e-02	
   1.1646929e-02	
   1.3364093e-02	
   1.4120160e-02	
   5.3248979e-03	
  -6.9106898e-03	
  -1.0021876e-02	
   3.1854291e-03	
   2.4021489e-02	
   3.7562747e-02	
   3.7985528e-02	
   3.1100889e-02	
   2.6172641e-02	
   2.3992166e-02	
   1.5847952e-02	
  -5.6347299e-03	
  -3.5753667e-02	
  -5.6624211e-02	
  -5.7766956e-02	
  -4.2295232e-02	
  -1.7804457e-02	
   1.6058727e-02	
   5.6304365e-02	
   8.3576376e-02	
   8.4393006e-02	
   6.7445993e-02	
   4.8543234e-02	
   3.3946893e-02	
   2.2511726e-02	
   1.7341407e-02	
   2.4052647e-02	
   4.0904711e-02	
   6.2492676e-02	
   8.4339379e-02	
   9.9112395e-02	
   9.8862434e-02	
   8.2037982e-02	
   5.5180675e-02	
   2.8128046e-02	
   6.0741787e-04	
  -3.1719344e-02	
  -6.1314235e-02	
  -7.3375958e-02	
  -6.5351712e-02	
  -5.1220876e-02	
  -4.5477562e-02	
  -4.7495845e-02	
  -4.9470370e-02	
  -5.1509002e-02	
  -6.3388532e-02	
  -9.1657264e-02	
  -1.2521619e-01	
  -1.4070209e-01	
  -1.2904930e-01	
  -9.8319807e-02	
  -6.2532432e-02	
  -3.0437398e-02	
  -5.4069398e-03	
   8.9199142e-03	
   1.1765364e-02	
   9.0156359e-03	
   1.2537390e-02	
   2.2256868e-02	
   2.4895463e-02	
   8.3060807e-03	
  -2.2242230e-02	
  -4.6626256e-02	
  -4.4100767e-02	
  -1.3145176e-02	
   2.5770781e-02	
   5.7292487e-02	
   7.8968969e-02	
   9.3802914e-02	
   9.9507507e-02	
   9.2848386e-02	
   7.8308688e-02	
   6.0549659e-02	
   3.7404254e-02	
   5.1511399e-03	
  -2.8034957e-02	
  -4.4682261e-02	
  -3.5237259e-02	
  -9.9438476e-03	
   7.0131060e-03	
   7.8952261e-03	
   7.5228502e-03	
   1.8615513e-02	
   3.4511297e-02	
   3.7647230e-02	
   2.9580042e-02	
   2.3879101e-02	
   2.1417141e-02	
   9.1491900e-03	
  -1.3939825e-02	
  -2.7653675e-02	
  -1.5789720e-02	
   6.5648527e-03	
   1.3030065e-02	
  -2.0860414e-03	
  -2.4095288e-02	
  -4.1082561e-02	
  -5.2661396e-02	
  -5.9286613e-02	
  -5.6675328e-02	
  -4.3678890e-02	
  -2.7012384e-02	
  -1.7621523e-02	
  -1.4401034e-02	
  -9.6474810e-03	
   1.9404669e-03	
   2.4701558e-02	
   4.8344838e-02	
   5.1077403e-02	
   2.2299337e-02	
  -2.3402293e-02	
  -5.4880405e-02	
  -5.6186353e-02	
  -3.5936651e-02	
  -1.1431842e-02	
   3.4881487e-03	
   4.5419412e-03	
  -6.3860996e-03	
  -1.8293938e-02	
  -2.0486883e-02	
  -1.4494400e-02	
  -4.5119191e-03	
   7.5295764e-03	
   2.1381566e-02	
   3.3633640e-02	
   4.4851545e-02	
   5.9236653e-02	
   7.5610460e-02	
   8.4356819e-02	
   8.2620625e-02	
   7.9602916e-02	
   8.3652823e-02	
   8.7011927e-02	
   7.4816837e-02	
   4.5415215e-02	
   1.7062351e-02	
   1.2414944e-03	
  -6.7184468e-03	
  -1.6436944e-02	
  -2.8827259e-02	
  -3.6648235e-02	
  -4.0592550e-02	
  -4.6581496e-02	
  -5.4962989e-02	
  -5.8888722e-02	
  -5.2597345e-02	
  -3.7049892e-02	
  -1.7044706e-02	
   1.4083722e-03	
   1.7373388e-02	
   3.7959106e-02	
   6.3522159e-02	
   8.3161459e-02	
   8.4802461e-02	
   6.9755548e-02	
   5.0810327e-02	
   3.6359188e-02	
   2.1887306e-02	
   7.0501233e-03	
  -1.0252301e-03	
  -2.9346789e-03	
  -6.1021544e-03	
  -1.6136552e-02	
  -2.5920325e-02	
  -2.9603538e-02	
  -3.5416648e-02	
  -4.8683503e-02	
  -5.7932841e-02	
  -4.7757615e-02	
  -1.5361218e-02	
   2.1794005e-02	
   5.3080404e-02	
   7.5708048e-02	
   8.5361796e-02	
   7.8808544e-02	
   5.5928104e-02	
   2.3532220e-02	
  -5.1353704e-03	
  -1.9148612e-02	
  -2.0755564e-02	
  -2.1558665e-02	
  -2.9711893e-02	
  -4.2175468e-02	
  -4.4734861e-02	
  -2.8333548e-02	
  -5.0590229e-03	
   4.0502305e-03	
  -1.1448093e-02	
  -3.7058172e-02	
  -4.9906142e-02	
  -4.6207387e-02	
  -3.4962009e-02	
  -2.4911192e-02	
  -1.2790659e-02	
   6.7349644e-03	
   3.1653589e-02	
   5.1256752e-02	
   5.4595253e-02	
   4.0997198e-02	
   1.6074384e-02	
  -1.1611810e-02	
  -3.4149111e-02	
  -4.8947922e-02	
  -5.6647186e-02	
  -5.6780178e-02	
  -4.7186919e-02	
  -3.0476843e-02	
  -1.3244695e-02	
  -3.3979241e-03	
  -2.5594879e-03	
  -5.7977739e-03	
  -1.0279888e-02	
  -1.3745358e-02	
  -1.2953015e-02	
  -1.0469759e-02	
  -1.5013123e-02	
  -2.7457537e-02	
  -3.8185162e-02	
  -3.7708167e-02	
  -3.4605805e-02	
  -4.5009084e-02	
  -7.3162623e-02	
  -1.0484527e-01	
  -1.2125489e-01	
  -1.2272425e-01	
  -1.2157159e-01	
  -1.2524594e-01	
  -1.3146692e-01	
  -1.3306546e-01	
  -1.2876845e-01	
  -1.2292327e-01	
  -1.1975080e-01	
  -1.2135423e-01	
  -1.2082228e-01	
  -1.0932679e-01	
  -9.2796634e-02	
  -8.4400585e-02	
  -9.0262636e-02	
  -1.0463948e-01	
  -1.1642797e-01	
  -1.1487727e-01	
  -9.4424433e-02	
  -6.2389293e-02	
  -2.8884472e-02	
   4.0825868e-03	
   3.8794106e-02	
   6.8489242e-02	
   8.3172054e-02	
   7.7488016e-02	
   5.4244721e-02	
   2.1832815e-02	
  -9.3559881e-03	
  -3.4073691e-02	
  -5.0433936e-02	
  -5.8594050e-02	
  -5.9406890e-02	
  -5.2002485e-02	
  -3.9002184e-02	
  -2.8698432e-02	
  -2.8690649e-02	
  -3.6524111e-02	
  -4.2945227e-02	
  -4.4616808e-02	
  -4.6154917e-02	
  -4.8837799e-02	
  -4.7633922e-02	
  -3.9561999e-02	
  -2.5510608e-02	
  -1.0913054e-02	
  -2.1712545e-03	
   2.7725583e-04	
  -2.8361552e-03	
  -1.2657015e-02	
  -2.8588570e-02	
  -4.6761570e-02	
  -5.9138038e-02	
  -5.9117753e-02	
  -5.2058842e-02	
  -4.5411523e-02	
  -4.0317463e-02	
  -3.3714610e-02	
  -2.4433089e-02	
  -2.0623803e-02	
  -2.7924940e-02	
  -4.5411172e-02	
  -6.4633860e-02	
  -6.9564561e-02	
  -5.3831598e-02	
  -2.5241161e-02	
   2.0589475e-03	
   2.2797188e-02	
   4.0582306e-02	
   5.3277072e-02	
   5.5032728e-02	
   4.8927082e-02	
   4.6428113e-02	
   5.9200989e-02	
   8.7489191e-02	
   1.1920875e-01	
   1.4592037e-01	
   1.6555837e-01	
   1.7706340e-01	
   1.7949071e-01	
   1.7667032e-01	
   1.7199271e-01	
   1.6432780e-01	
   1.4745795e-01	
   1.1898193e-01	
   8.7575255e-02	
   6.6572982e-02	
   6.3137088e-02	
   7.8695341e-02	
   1.0578887e-01	
   1.3287899e-01	
   1.5166050e-01	
   1.6166299e-01	
   1.6743833e-01	
   1.7557064e-01	
   1.8399179e-01	
   1.8427354e-01	
   1.7944613e-01	
   1.7928851e-01	
   1.8473434e-01	
   1.8681585e-01	
   1.7524692e-01	
   1.4550798e-01	
   1.0078323e-01	
   4.5450944e-02	
  -1.8676996e-02	
  -8.8338095e-02	
  -1.5640437e-01	
  -2.1517467e-01	
  -2.6039169e-01	
  -2.8994228e-01	
  -2.9997729e-01	
  -2.8650380e-01	
  -2.5176532e-01	
  -2.0052953e-01	
  -1.3734616e-01	
  -6.5949979e-02	
   2.2937523e-03	
   5.4105617e-02	
   9.1023194e-02	
   1.3097824e-01	
   1.8247508e-01	
   2.3187769e-01	
   2.5568979e-01	
   2.4688249e-01	
   2.1721225e-01	
   1.7870220e-01	
   1.3860990e-01	
   9.4614736e-02	
   4.1368650e-02	
  -2.7283046e-02	
  -1.0504225e-01	
  -1.7241708e-01	
  -2.1515886e-01	
  -2.3203531e-01	
  -2.3116864e-01	
  -2.2064145e-01	
  -2.0269563e-01	
  -1.7960277e-01	
  -1.6090993e-01	
  -1.5518228e-01	
  -1.5690152e-01	
  -1.5969501e-01	
  -1.6169804e-01	
  -1.6105802e-01	
  -1.5899069e-01	
  -1.5484120e-01	
  -1.4571246e-01	
  -1.2987196e-01	
  -1.0744226e-01	
  -8.2632687e-02	
  -5.8699307e-02	
  -3.6404444e-02	
  -1.2864742e-02	
   1.1372314e-02	
   2.9533538e-02	
   3.2829520e-02	
   2.5673470e-02	
   2.6821634e-02	
   4.3389100e-02	
   5.8917124e-02	
   5.4162887e-02	
   2.8077484e-02	
  -7.5454762e-03	
  -4.7908577e-02	
  -9.0427917e-02	
  -1.3092608e-01	
  -1.6602226e-01	
  -1.9614817e-01	
  -2.1939702e-01	
  -2.2644588e-01	
  -2.0548098e-01	
  -1.6035035e-01	
  -1.0850258e-01	
  -6.0952636e-02	
  -2.2761165e-02	
   4.7464329e-03	
   2.3226970e-02	
   3.1396343e-02	
   2.6660818e-02	
   1.3083146e-02	
  -1.5722540e-03	
  -1.3870534e-02	
  -2.7074047e-02	
  -4.2129493e-02	
  -5.5885194e-02	
  -6.6911198e-02	
  -8.0356066e-02	
  -1.0100083e-01	
  -1.2186524e-01	
  -1.2918272e-01	
  -1.2253142e-01	
  -1.1438395e-01	
  -1.1273333e-01	
  -1.0803184e-01	
  -8.6804428e-02	
  -5.2111662e-02	
  -1.8176423e-02	
   7.5803590e-03	
   2.9838829e-02	
   5.4186481e-02	
   7.5595276e-02	
   8.4557962e-02	
   7.4814596e-02	
   5.2252168e-02	
   2.6325128e-02	
   2.5445009e-04	
  -2.0993349e-02	
  -3.2847744e-02	
  -3.4886727e-02	
  -2.7743276e-02	
  -1.5651749e-02	
  -2.2515337e-03	
   1.2496053e-02	
   3.2344718e-02	
   5.9216694e-02	
   8.6396439e-02	
   1.0899044e-01	
   1.3064939e-01	
   1.6152281e-01	
   2.0437005e-01	
   2.5190533e-01	
   2.9499707e-01	
   3.2826815e-01	
   3.5632061e-01	
   3.7872349e-01	
   3.9423571e-01	
   4.0116582e-01	
   4.0117601e-01	
   3.9652334e-01	
   3.9496807e-01	
   4.0086394e-01	
   4.1052935e-01	
   4.1305724e-01	
   4.0110201e-01	
   3.7753343e-01	
   3.4767468e-01	
   3.1225780e-01	
   2.7234138e-01	
   2.2694808e-01	
   1.7353860e-01	
   1.1091017e-01	
   4.0841362e-02	
  -2.7100087e-02	
  -7.8858609e-02	
  -1.0148706e-01	
  -9.8245805e-02	
  -7.9435352e-02	
  -5.2826809e-02	
  -2.6234663e-02	
  -1.0123474e-02	
  -9.0227591e-03	
  -1.3845799e-02	
  -8.4063257e-03	
   1.0787862e-02	
   3.4441329e-02	
   5.0478068e-02	
   5.4481739e-02	
   4.9508862e-02	
   3.9448844e-02	
   2.7144700e-02	
   1.5111192e-02	
   3.8343052e-03	
  -8.4412647e-03	
  -2.2522191e-02	
  -3.5555035e-02	
  -4.9029724e-02	
  -6.9500894e-02	
  -9.9223072e-02	
  -1.3258567e-01	
  -1.6478118e-01	
  -1.9989342e-01	
  -2.4550685e-01	
  -2.9772195e-01	
  -3.4043854e-01	
  -3.5750415e-01	
  -3.4254874e-01	
  -2.9999042e-01	
  -2.4428623e-01	
  -1.9222419e-01	
  -1.4697881e-01	
  -1.0217321e-01	
  -5.4147003e-02	
  -5.6985721e-03	
   3.7266282e-02	
   6.4467559e-02	
   6.8716603e-02	
   5.7219284e-02	
   4.0692200e-02	
   2.5959730e-02	
   1.2367715e-02	
  -2.6073953e-03	
  -1.5994285e-02	
  -1.8557689e-02	
  -1.2753381e-02	
  -1.4366046e-02	
  -3.0124291e-02	
  -4.6343687e-02	
  -4.6546198e-02	
  -3.1199154e-02	
  -1.1289926e-02	
   7.3586782e-03	
   2.5461228e-02	
   4.1631488e-02	
   5.1398431e-02	
   4.8390030e-02	
   2.9789065e-02	
  -4.4578772e-03	
  -5.4783950e-02	
  -1.1648151e-01	
  -1.7898508e-01	
  -2.2932845e-01	
  -2.6283416e-01	
  -2.7881126e-01	
  -2.7849838e-01	
  -2.6516367e-01	
  -2.4560196e-01	
  -2.3319782e-01	
  -2.3536222e-01	
  -2.4726285e-01	
  -2.5855679e-01	
  -2.6035477e-01	
  -2.5161022e-01	
  -2.3233743e-01	
  -2.0460102e-01	
  -1.6752244e-01	
  -1.2046352e-01	
  -6.8511940e-02	
  -2.1829791e-02	
   1.6830907e-02	
   5.3882934e-02	
   9.1864681e-02	
   1.2723161e-01	
   1.5839419e-01	
   1.9022149e-01	
   2.2697033e-01	
   2.7406592e-01	
   3.2765192e-01	
   3.7681077e-01	
   4.0899161e-01	
   4.1954814e-01	
   4.1770551e-01	
   4.1455089e-01	
   4.0963677e-01	
   3.9464696e-01	
   3.6519987e-01	
   3.2790400e-01	
   2.9237628e-01	
   2.6057750e-01	
   2.3395227e-01	
   2.1255958e-01	
   1.9500244e-01	
   1.7749184e-01	
   1.5649263e-01	
   1.3964772e-01	
   1.3646067e-01	
   1.4788134e-01	
   1.7141243e-01	
   2.0573232e-01	
   2.4722878e-01	
   2.9058833e-01	
   3.3114730e-01	
   3.6404697e-01	
   3.9120065e-01	
   4.1304469e-01	
   4.2365884e-01	
   4.1392570e-01	
   3.7694337e-01	
   3.1506808e-01	
   2.3835800e-01	
   1.6461737e-01	
   1.1196609e-01	
   8.5486409e-02	
   7.7156669e-02	
   7.1429151e-02	
   5.6433232e-02	
   2.6175494e-02	
  -2.0803144e-02	
  -7.9246998e-02	
  -1.3568446e-01	
  -1.7677953e-01	
  -1.9852870e-01	
  -2.1108109e-01	
  -2.2550985e-01	
  -2.3530444e-01	
  -2.3035527e-01	
  -2.1097049e-01	
  -1.8110457e-01	
  -1.4428589e-01	
  -1.0283018e-01	
  -6.5421126e-02	
  -4.3657341e-02	
  -4.4236929e-02	
  -6.6882983e-02	
  -1.0384485e-01	
  -1.3775635e-01	
  -1.5799011e-01	
  -1.6555413e-01	
  -1.7383999e-01	
  -1.9811020e-01	
  -2.3397232e-01	
  -2.6783940e-01	
  -2.9402209e-01	
  -3.1327435e-01	
  -3.2650261e-01	
  -3.3523403e-01	
  -3.3615523e-01	
  -3.2764386e-01	
  -3.0859967e-01	
  -2.7781842e-01	
  -2.3922247e-01	
  -1.9939081e-01	
  -1.6385347e-01	
  -1.3490988e-01	
  -1.0562767e-01	
  -7.4312189e-02	
  -5.0971551e-02	
  -4.0113298e-02	
  -3.1813672e-02	
  -2.0061478e-02	
  -5.8642779e-03	
   8.2274250e-03	
   2.3097524e-02	
   4.0123232e-02	
   5.6755076e-02	
   6.9505352e-02	
   8.0192080e-02	
   9.2874385e-02	
   1.1014554e-01	
   1.2983643e-01	
   1.4931403e-01	
   1.6505021e-01	
   1.6620165e-01	
   1.4361563e-01	
   9.6462829e-02	
   3.8026148e-02	
  -1.7308204e-02	
  -6.1722208e-02	
  -9.4062818e-02	
  -1.1900793e-01	
  -1.3995848e-01	
  -1.6213814e-01	
  -1.8818065e-01	
  -2.0985582e-01	
  -2.1585169e-01	
  -2.0438619e-01	
  -1.8843729e-01	
  -1.7810350e-01	
  -1.7220640e-01	
  -1.6599708e-01	
  -1.5631570e-01	
  -1.4638337e-01	
  -1.3411974e-01	
  -1.1323178e-01	
  -8.0120979e-02	
  -3.9453294e-02	
  -1.5056440e-03	
   2.8060580e-02	
   4.2427156e-02	
   3.6032112e-02	
   1.1812105e-02	
  -2.1476538e-02	
  -5.4534763e-02	
  -8.1755176e-02	
  -1.0752515e-01	
  -1.3452154e-01	
  -1.6325876e-01	
  -1.9032035e-01	
  -2.0957065e-01	
  -2.2193681e-01	
  -2.2774849e-01	
  -2.2738256e-01	
  -2.2384660e-01	
  -2.2201896e-01	
  -2.2170584e-01	
  -2.1888748e-01	
  -2.0927741e-01	
  -1.8614209e-01	
  -1.4099378e-01	
  -7.9658997e-02	
  -1.2432092e-02	
   5.2286708e-02	
   1.0778155e-01	
   1.4728215e-01	
   1.6914477e-01	
   1.7191300e-01	
   1.5501292e-01	
   1.1744769e-01	
   6.0574557e-02	
  -5.4258438e-03	
  -6.5789636e-02	
  -1.0769532e-01	
  -1.2966968e-01	
  -1.3715814e-01	
  -1.3044067e-01	
  -1.0391364e-01	
  -5.5305550e-02	
   1.0578529e-02	
   8.1218051e-02	
   1.4713448e-01	
   2.0688408e-01	
   2.6330042e-01	
   3.1956981e-01	
   3.7414996e-01	
   4.2535584e-01	
   4.6110190e-01	
   4.6160589e-01	
   4.1595163e-01	
   3.4071662e-01	
   2.6738838e-01	
   2.1103056e-01	
   1.6742146e-01	
   1.3017221e-01	
   1.0050319e-01	
   7.8233284e-02	
   5.2401949e-02	
   2.7842095e-02	
   2.0139359e-02	
   2.8054215e-02	
   3.4893793e-02	
   3.0037730e-02	
   1.9407505e-02	
   9.6059975e-03	
  -4.9568267e-03	
  -2.6557354e-02	
  -4.2973133e-02	
  -4.3522483e-02	
  -3.4648437e-02	
  -3.4594191e-02	
  -5.5060243e-02	
  -8.9763774e-02	
  -1.1863222e-01	
  -1.2460771e-01	
  -1.0527877e-01	
  -7.1483544e-02	
  -3.7819684e-02	
  -1.7004991e-02	
  -1.4031594e-02	
  -1.7867310e-02	
  -1.3867478e-02	
  -1.9717694e-03	
  -1.6271279e-03	
  -2.8034297e-02	
  -7.1041855e-02	
  -1.0130042e-01	
  -1.0362790e-01	
  -8.6148027e-02	
  -6.0730002e-02	
  -2.5910879e-02	
   2.3636989e-02	
   8.1203218e-02	
   1.2458522e-01	
   1.3861333e-01	
   1.2269434e-01	
   9.5423949e-02	
   7.6564531e-02	
   7.0158085e-02	
   6.7132243e-02	
   5.1591146e-02	
   1.7049181e-02	
  -2.9073332e-02	
  -6.9979836e-02	
  -9.1114311e-02	
  -9.1007790e-02	
  -8.1177757e-02	
  -7.2699695e-02	
  -6.8579357e-02	
  -6.5150204e-02	
  -6.3263951e-02	
  -6.4225765e-02	
  -6.3811745e-02	
  -5.2804388e-02	
  -3.3388203e-02	
  -2.1480173e-02	
  -2.9254857e-02	
  -5.8949121e-02	
  -1.0314428e-01	
  -1.5452547e-01	
  -2.1217873e-01	
  -2.7491189e-01	
  -3.3401430e-01	
  -3.7489193e-01	
  -3.8762386e-01	
  -3.7484214e-01	
  -3.4678087e-01	
  -3.0167502e-01	
  -2.2231277e-01	
  -1.0686362e-01	
   1.3574616e-02	
   1.0214509e-01	
   1.4745412e-01	
   1.6647076e-01	
   1.8176171e-01	
   1.9771517e-01	
   1.9827654e-01	
   1.6274034e-01	
   8.8092291e-02	
  -9.1220668e-04	
  -7.4885672e-02	
  -1.3125420e-01	
  -1.8433385e-01	
  -2.3719027e-01	
  -2.7650073e-01	
  -2.9289755e-01	
  -2.9825308e-01	
  -3.0841923e-01	
  -3.2179387e-01	
  -3.2272720e-01	
  -3.0275669e-01	
  -2.6337793e-01	
  -2.1074189e-01	
  -1.5396972e-01	
  -1.0253776e-01	
  -6.4033344e-02	
  -3.5963464e-02	
  -4.5103176e-03	
   3.4423147e-02	
   8.1410097e-02	
   1.3807901e-01	
   1.9717588e-01	
   2.4381401e-01	
   2.7050306e-01	
   2.8452090e-01	
   2.9802309e-01	
   3.1532440e-01	
   3.2372061e-01	
   3.0506811e-01	
   2.4697336e-01	
   1.5286384e-01	
   4.2605502e-02	
  -5.9504079e-02	
  -1.4096403e-01	
  -2.0574887e-01	
  -2.6501339e-01	
  -3.2064455e-01	
  -3.6065364e-01	
  -3.7411067e-01	
  -3.6229994e-01	
  -3.3051453e-01	
  -2.8509344e-01	
  -2.3074353e-01	
  -1.7200331e-01	
  -1.2118993e-01	
  -8.5013954e-02	
  -5.1741139e-02	
  -2.0046237e-03	
   6.7772613e-02	
   1.4054414e-01	
   1.9236584e-01	
   2.1918251e-01	
   2.3278446e-01	
   2.4441214e-01	
   2.5501831e-01	
   2.5490877e-01	
   2.4521850e-01	
   2.3616801e-01	
   2.3392627e-01	
   2.3808636e-01	
   2.3979183e-01	
   2.3231820e-01	
   2.1080603e-01	
   1.7521636e-01	
   1.3049487e-01	
   8.7437683e-02	
   5.5366609e-02	
   3.3561048e-02	
   1.6486912e-02	
   1.0888253e-03	
  -1.4700424e-02	
  -3.4545772e-02	
  -5.7038932e-02	
  -7.9931964e-02	
  -9.7005131e-02	
  -1.0804374e-01	
  -1.1589544e-01	
  -1.1904094e-01	
  -1.0883412e-01	
  -8.0539327e-02	
  -4.3900627e-02	
  -1.7509020e-02	
  -5.9290296e-03	
   4.3432760e-03	
   3.3101478e-02	
   8.6583481e-02	
   1.5271331e-01	
   2.1090562e-01	
   2.4344767e-01	
   2.5198520e-01	
   2.5198879e-01	
   2.5239368e-01	
   2.4699488e-01	
   2.2441742e-01	
   1.8383246e-01	
   1.3895937e-01	
   1.0158282e-01	
   6.4970928e-02	
   1.1193772e-02	
  -6.0304409e-02	
  -1.3508381e-01	
  -2.0329067e-01	
  -2.6334924e-01	
  -3.1581470e-01	
  -3.5967930e-01	
  -3.9435609e-01	
  -4.2461826e-01	
  -4.5249762e-01	
  -4.7310481e-01	
  -4.8201863e-01	
  -4.8080982e-01	
  -4.7062045e-01	
  -4.5566723e-01	
  -4.4483580e-01	
  -4.3973757e-01	
  -4.3180118e-01	
  -4.0880807e-01	
  -3.6785294e-01	
  -3.1421640e-01	
  -2.5532084e-01	
  -1.9600506e-01	
  -1.3349782e-01	
  -5.6572614e-02	
   3.9378306e-02	
   1.3950730e-01	
   2.2043183e-01	
   2.7878632e-01	
   3.3313533e-01	
   4.0661499e-01	
   5.0107317e-01	
   6.0314540e-01	
   6.9482409e-01	
   7.6600489e-01	
   8.0572163e-01	
   8.0275903e-01	
   7.6263299e-01	
   7.0282307e-01	
   6.3843359e-01	
   5.7003569e-01	
   4.9238535e-01	
   4.0374562e-01	
   2.9897411e-01	
   1.7395727e-01	
   3.7462143e-02	
  -9.3743827e-02	
  -2.0660666e-01	
  -3.0273664e-01	
  -3.9485307e-01	
  -4.8877987e-01	
  -5.7462227e-01	
  -6.4052570e-01	
  -6.8727018e-01	
  -7.2110173e-01	
  -7.3989661e-01	
  -7.3010161e-01	
  -6.7421641e-01	
  -5.6154397e-01	
  -3.9843060e-01	
  -2.0992265e-01	
  -2.8738832e-02	
   1.3053635e-01	
   2.7410308e-01	
   4.0390634e-01	
   5.0422966e-01	
   5.6006075e-01	
   5.7401835e-01	
   5.6422434e-01	
   5.4356930e-01	
   5.1381797e-01	
   4.7526399e-01	
   4.3628849e-01	
   4.0038261e-01	
   3.5654408e-01	
   2.9495714e-01	
   2.1734298e-01	
   1.3486938e-01	
   5.4327574e-02	
  -2.2847523e-02	
  -8.8893762e-02	
  -1.2156010e-01	
  -1.1437857e-01	
  -8.5190076e-02	
  -5.4881693e-02	
  -3.1640427e-02	
  -1.2942004e-02	
  -3.6906941e-03	
  -9.9110846e-03	
  -2.8900185e-02	
  -5.1096523e-02	
  -6.9409882e-02	
  -7.6603627e-02	
  -6.0559553e-02	
  -1.2623331e-02	
   6.0826906e-02	
   1.4649421e-01	
   2.3184851e-01	
   3.1497444e-01	
   3.9468013e-01	
   4.6591839e-01	
   5.2041613e-01	
   5.4988873e-01	
   5.5351842e-01	
   5.3465679e-01	
   4.9500704e-01	
   4.3096361e-01	
   3.2891151e-01	
   1.8461885e-01	
   2.1807126e-02	
  -1.2359499e-01	
  -2.3786077e-01	
  -3.3704651e-01	
  -4.3924971e-01	
  -5.3839780e-01	
  -6.2126586e-01	
  -6.8396446e-01	
  -7.2994155e-01	
  -7.6299020e-01	
  -7.7787479e-01	
  -7.6845649e-01	
  -7.2587991e-01	
  -6.3900939e-01	
  -5.0481671e-01	
  -3.2947630e-01	
  -1.2813373e-01	
   7.1932902e-02	
   2.3918131e-01	
   3.5565329e-01	
   4.2582552e-01	
   4.6256173e-01	
   4.7607019e-01	
   4.6988898e-01	
   4.4934772e-01	
   4.2445037e-01	
   4.0691524e-01	
   4.0131293e-01	
   4.0081415e-01	
   3.9771560e-01	
   3.8265106e-01	
   3.4794200e-01	
   2.9568176e-01	
   2.3663118e-01	
   1.8252838e-01	
   1.4132239e-01	
   1.1628379e-01	
   1.0254354e-01	
   9.3877323e-02	
   8.4490968e-02	
   7.3400391e-02	
   5.5199738e-02	
   1.9467775e-02	
  -4.1401959e-02	
  -1.2895232e-01	
  -2.3014345e-01	
  -3.2754247e-01	
  -4.1152105e-01	
  -4.8416126e-01	
  -5.4955694e-01	
  -6.0391027e-01	
  -6.4387958e-01	
  -6.6584669e-01	
  -6.6883757e-01	
  -6.5582822e-01	
  -6.2928106e-01	
  -5.8504604e-01	
  -5.1428505e-01	
  -4.1986657e-01	
  -3.2083909e-01	
  -2.4115597e-01	
  -1.8612994e-01	
  -1.4163111e-01	
  -9.3762409e-02	
  -3.8167950e-02	
   2.0208251e-02	
   7.2270956e-02	
   1.1011897e-01	
   1.3461665e-01	
   1.5515016e-01	
   1.8277003e-01	
   2.2211945e-01	
   2.6741584e-01	
   3.1923143e-01	
   3.7957981e-01	
   4.4117613e-01	
   4.9083783e-01	
   5.1687675e-01	
   5.1731750e-01	
   4.9335096e-01	
   4.4829018e-01	
   3.8530535e-01	
   3.0905892e-01	
   2.2571702e-01	
   1.4277773e-01	
   7.0347027e-02	
   2.1826596e-02	
  -3.1039373e-04	
  -1.2359393e-02	
  -2.9723775e-02	
  -4.8271741e-02	
  -5.4115267e-02	
  -4.4051027e-02	
  -2.5186214e-02	
  -6.6991346e-03	
   4.6214836e-03	
   4.8421106e-03	
  -7.4749811e-03	
  -3.0923871e-02	
  -5.9534633e-02	
  -8.8344696e-02	
  -1.1130162e-01	
  -1.1845031e-01	
  -1.0146774e-01	
  -5.9913535e-02	
   3.2682095e-03	
   8.1213544e-02	
   1.6487629e-01	
   2.4986327e-01	
   3.3609394e-01	
   4.2056160e-01	
   4.9264370e-01	
   5.4368218e-01	
   5.7899532e-01	
   6.0958055e-01	
   6.2955368e-01	
   6.1966430e-01	
   5.7398991e-01	
   5.1350803e-01	
   4.6357241e-01	
   4.3215546e-01	
   4.1032886e-01	
   3.8851278e-01	
   3.5866170e-01	
   3.1242292e-01	
   2.4092614e-01	
   1.4605876e-01	
   3.9642260e-02	
  -6.9129653e-02	
  -1.7484896e-01	
  -2.6923778e-01	
  -3.4810207e-01	
  -4.1701961e-01	
  -4.8199002e-01	
  -5.3992373e-01	
  -5.7763850e-01	
  -5.8640130e-01	
  -5.6790227e-01	
  -5.2194849e-01	
  -4.4230091e-01	
  -3.2319681e-01	
  -1.6929596e-01	
  -5.9791546e-03	
   1.3346236e-01	
   2.2085098e-01	
   2.5154568e-01	
   2.4556317e-01	
   2.2113240e-01	
   1.7948509e-01	
   1.1733702e-01	
   4.0932813e-02	
  -4.2428215e-02	
  -1.2928622e-01	
  -2.1515853e-01	
  -2.8617967e-01	
  -3.2578329e-01	
  -3.2645192e-01	
  -2.9420848e-01	
  -2.4963752e-01	
  -2.1281818e-01	
  -1.8555398e-01	
  -1.5858783e-01	
  -1.3053553e-01	
  -1.0697005e-01	
  -9.1540882e-02	
  -8.4485916e-02	
  -9.1745202e-02	
  -1.2119824e-01	
  -1.7498180e-01	
  -2.4482934e-01	
  -3.1671430e-01	
  -3.7996588e-01	
  -4.2337180e-01	
  -4.3483657e-01	
  -4.0932723e-01	
  -3.5177641e-01	
  -2.7912576e-01	
  -2.0687112e-01	
  -1.4121049e-01	
  -7.4977979e-02	
  -7.1618622e-04	
   7.4146467e-02	
   1.3687289e-01	
   1.7564945e-01	
   1.9199656e-01	
   2.0050092e-01	
   2.1458648e-01	
   2.4367604e-01	
   2.8790152e-01	
   3.3781180e-01	
   3.8447193e-01	
   4.2201197e-01	
   4.5359298e-01	
   4.8224797e-01	
   5.0131375e-01	
   5.0830849e-01	
   5.1293027e-01	
   5.1693274e-01	
   4.9887731e-01	
   4.2600678e-01	
   2.9501166e-01	
   1.4560114e-01	
   2.7546014e-02	
  -4.9477044e-02	
  -1.1805511e-01	
  -2.0065341e-01	
  -2.8424258e-01	
  -3.4149853e-01	
  -3.7095711e-01	
  -3.8612141e-01	
  -3.9042265e-01	
  -3.8281650e-01	
  -3.5907906e-01	
  -3.2715926e-01	
  -2.9917590e-01	
  -2.7598858e-01	
  -2.4496602e-01	
  -1.8926232e-01	
  -1.0713860e-01	
  -1.8869206e-02	
   5.0023404e-02	
   9.3029153e-02	
   1.2490128e-01	
   1.6331068e-01	
   2.0789680e-01	
   2.4916253e-01	
   2.8064313e-01	
   2.9438093e-01	
   2.8194232e-01	
   2.4078710e-01	
   1.7958851e-01	
   1.0977398e-01	
   4.3360478e-02	
  -1.0535652e-02	
  -4.8755174e-02	
  -7.5173546e-02	
  -9.4980181e-02	
  -1.1266079e-01	
  -1.2751245e-01	
  -1.3827363e-01	
  -1.4676447e-01	
  -1.5477298e-01	
  -1.6325648e-01	
  -1.6750997e-01	
  -1.6390522e-01	
  -1.5394152e-01	
  -1.4411441e-01	
  -1.4013566e-01	
  -1.3945098e-01	
  -1.3608267e-01	
  -1.3110277e-01	
  -1.3077303e-01	
  -1.3590655e-01	
  -1.3919719e-01	
  -1.3495585e-01	
  -1.2375954e-01	
  -1.1165150e-01	
  -1.0234672e-01	
  -9.3220108e-02	
  -7.7445848e-02	
  -5.0999212e-02	
  -1.6149274e-02	
   1.9014781e-02	
   4.6452832e-02	
   6.5515495e-02	
   7.9151080e-02	
   8.8387891e-02	
   9.3551161e-02	
   9.3493377e-02	
   8.4997491e-02	
   6.2665130e-02	
   2.6731340e-02	
  -1.6418640e-02	
  -5.6465074e-02	
  -9.0602980e-02	
  -1.1847916e-01	
  -1.3357157e-01	
  -1.3372707e-01	
  -1.2349304e-01	
  -1.0843877e-01	
  -9.1594509e-02	
  -7.1160380e-02	
  -4.5256339e-02	
  -1.3581665e-02	
   2.1011189e-02	
   5.7488666e-02	
   9.5564292e-02	
   1.3973680e-01	
   1.9088074e-01	
   2.4401287e-01	
   2.8645514e-01	
   3.0648197e-01	
   3.0284609e-01	
   2.8044403e-01	
   2.5028210e-01	
   2.1887534e-01	
   1.8151876e-01	
   1.2755125e-01	
   5.8977499e-02	
  -1.0674169e-02	
  -7.1371799e-02	
  -1.2143663e-01	
  -1.5765042e-01	
  -1.7019963e-01	
  -1.5420811e-01	
  -1.1438020e-01	
  -6.6898028e-02	
  -2.7104276e-02	
  -4.5729137e-04	
   1.8726173e-02	
   4.0165694e-02	
   6.0622683e-02	
   6.4635523e-02	
   4.1746892e-02	
  -5.1060084e-03	
  -5.7128330e-02	
  -9.3569254e-02	
  -1.0637201e-01	
  -1.0380476e-01	
  -9.4770401e-02	
  -7.8879971e-02	
  -5.2473506e-02	
  -1.7703194e-02	
   1.5617992e-02	
   3.7890964e-02	
   4.7658755e-02	
   4.8317316e-02	
   3.7700767e-02	
   8.9657498e-03	
  -4.1973828e-02	
  -1.0631365e-01	
  -1.6682781e-01	
  -2.0977489e-01	
  -2.3384730e-01	
  -2.4650702e-01	
  -2.5064657e-01	
  -2.3709189e-01	
  -2.0578090e-01	
  -1.7078203e-01	
  -1.4592909e-01	
  -1.2921458e-01	
  -1.0301282e-01	
  -5.8222924e-02	
  -2.6271044e-03	
   4.3875280e-02	
   6.4039318e-02	
   5.1042309e-02	
   1.7669722e-02	
  -1.5712263e-02	
  -3.8557878e-02	
  -5.3059695e-02	
  -6.6069988e-02	
  -7.8684729e-02	
  -8.8404517e-02	
  -9.7793399e-02	
  -1.1033120e-01	
  -1.2338318e-01	
  -1.3103105e-01	
  -1.3065029e-01	
  -1.2392067e-01	
  -1.2110191e-01	
  -1.2530902e-01	
  -1.2543828e-01	
  -1.0826240e-01	
  -7.6361580e-02	
  -4.4690468e-02	
  -2.1801364e-02	
   5.1835084e-04	
   3.2986334e-02	
   7.0079788e-02	
   1.0202146e-01	
   1.2917131e-01	
   1.5821391e-01	
   1.9700082e-01	
   2.4115907e-01	
   2.7658802e-01	
   2.9070162e-01	
   2.8540640e-01	
   2.7154268e-01	
   2.5531562e-01	
   2.3421144e-01	
   1.9999839e-01	
   1.5927146e-01	
   1.2832737e-01	
   1.1037675e-01	
   9.8356890e-02	
   8.8327174e-02	
   8.9078277e-02	
   1.0485187e-01	
   1.2560650e-01	
   1.4353063e-01	
   1.5689541e-01	
   1.6433986e-01	
   1.6494443e-01	
   1.6052501e-01	
   1.5651333e-01	
   1.5445693e-01	
   1.4365361e-01	
   1.2183215e-01	
   1.0105307e-01	
   9.4482298e-02	
   9.9944428e-02	
   1.0673085e-01	
   1.0953739e-01	
   1.1440122e-01	
   1.2327478e-01	
   1.3038949e-01	
   1.2801604e-01	
   1.1712764e-01	
   1.0488186e-01	
   9.0998825e-02	
   6.6902747e-02	
   2.9689309e-02	
  -1.6848519e-02	
  -6.7409783e-02	
  -1.1553326e-01	
  -1.5972077e-01	
  -2.0347779e-01	
  -2.4721248e-01	
  -2.8781725e-01	
  -3.1698154e-01	
  -3.3114542e-01	
  -3.3956152e-01	
  -3.5257120e-01	
  -3.6876761e-01	
  -3.7690074e-01	
  -3.6982092e-01	
  -3.5050477e-01	
  -3.2823530e-01	
  -3.0748866e-01	
  -2.8355309e-01	
  -2.4792447e-01	
  -1.9233870e-01	
  -1.1984958e-01	
  -4.8137918e-02	
   7.5252626e-03	
   5.4321625e-02	
   1.0379824e-01	
   1.5581113e-01	
   1.9909073e-01	
   2.2418197e-01	
   2.2898118e-01	
   2.1360343e-01	
   1.8078738e-01	
   1.3795546e-01	
   9.6212543e-02	
   6.6037942e-02	
   4.9616605e-02	
   4.0904834e-02	
   3.1693728e-02	
   1.1959693e-02	
  -1.9648721e-02	
  -5.4980878e-02	
  -8.3147523e-02	
  -1.0566100e-01	
  -1.2629868e-01	
  -1.4135116e-01	
  -1.4426894e-01	
  -1.3663451e-01	
  -1.2828874e-01	
  -1.2568588e-01	
  -1.1644924e-01	
  -8.8565317e-02	
  -4.4133350e-02	
   1.3515104e-03	
   3.8918597e-02	
   7.2635269e-02	
   1.0082381e-01	
   1.1539259e-01	
   1.0934399e-01	
   8.2654122e-02	
   3.7108368e-02	
  -2.4115418e-02	
  -9.5146441e-02	
  -1.6251092e-01	
  -2.1000113e-01	
  -2.3682099e-01	
  -2.5221666e-01	
  -2.6353530e-01	
  -2.6459521e-01	
  -2.4718037e-01	
  -2.1660524e-01	
  -1.7925004e-01	
  -1.2921034e-01	
  -5.7507940e-02	
   2.1494011e-02	
   7.9121773e-02	
   1.0185316e-01	
   9.8206848e-02	
   8.0320956e-02	
   5.3351147e-02	
   2.0505579e-02	
  -1.0551275e-02	
  -3.4079926e-02	
  -5.6255171e-02	
  -8.4647856e-02	
  -1.1538411e-01	
  -1.3880738e-01	
  -1.4732103e-01	
  -1.3989288e-01	
  -1.1630246e-01	
  -7.8753181e-02	
  -3.1861202e-02	
   1.9850352e-02	
   7.4145065e-02	
   1.2713780e-01	
   1.7619550e-01	
   2.1973443e-01	
   2.5467487e-01	
   2.7558231e-01	
   2.7994451e-01	
   2.7137740e-01	
   2.6401485e-01	
   2.6666979e-01	
   2.7051024e-01	
   2.5804587e-01	
   2.1844005e-01	
   1.5846216e-01	
   9.4769586e-02	
   4.4394957e-02	
   1.2192750e-02	
  -3.6591120e-03	
  -1.1611289e-02	
  -1.3776613e-02	
  -7.1130372e-03	
   7.0489366e-03	
   2.1102828e-02	
   3.0121283e-02	
   3.6316400e-02	
   4.6215749e-02	
   6.3841346e-02	
   8.1084766e-02	
   8.8026438e-02	
   8.3948341e-02	
   7.4616225e-02	
   6.8719610e-02	
   6.6857791e-02	
   6.4955288e-02	
   6.0681273e-02	
   5.6660169e-02	
   5.9788172e-02	
   7.2737389e-02	
   9.6899751e-02	
   1.3285722e-01	
   1.7685076e-01	
   2.2503152e-01	
   2.7284285e-01	
   3.1352561e-01	
   3.3997179e-01	
   3.4786066e-01	
   3.3472621e-01	
   2.9778967e-01	
   2.3823689e-01	
   1.6980281e-01	
   1.0752091e-01	
   6.1611033e-02	
   3.5327422e-02	
   2.3245756e-02	
   1.8814878e-02	
   1.7128700e-02	
   1.3156912e-02	
   4.6060964e-04	
  -1.3988668e-02	
  -1.5798555e-02	
   9.0632727e-04	
   2.3707225e-02	
   3.7855454e-02	
   3.8148007e-02	
   2.7503226e-02	
   6.3496088e-03	
  -2.9879473e-02	
  -8.1438223e-02	
  -1.3475381e-01	
  -1.7655752e-01	
  -2.1038712e-01	
  -2.4360440e-01	
  -2.7842291e-01	
  -3.1168746e-01	
  -3.3099807e-01	
  -3.2965927e-01	
  -3.1059332e-01	
  -2.8504291e-01	
  -2.5774106e-01	
  -2.2446820e-01	
  -1.7741882e-01	
  -1.2005708e-01	
  -7.0074971e-02	
  -4.3665434e-02	
  -3.6599987e-02	
  -2.9351834e-02	
  -1.3427932e-02	
  -1.3662994e-03	
  -4.6638848e-03	
  -1.9880010e-02	
  -3.5798027e-02	
  -4.6712035e-02	
  -5.9500192e-02	
  -7.6624507e-02	
  -8.4946798e-02	
  -6.8690824e-02	
  -2.9528143e-02	
   2.1387083e-02	
   7.4958492e-02	
   1.2718434e-01	
   1.7050240e-01	
   1.9745013e-01	
   2.1084669e-01	
   2.1700369e-01	
   2.1855937e-01	
   2.1165077e-01	
   1.9670049e-01	
   1.7743520e-01	
   1.6417140e-01	
   1.5754635e-01	
   1.4497945e-01	
   1.2212237e-01	
   9.2910326e-02	
   5.6661221e-02	
   8.7504350e-03	
  -4.5569943e-02	
  -9.2848549e-02	
  -1.2101169e-01	
  -1.2734163e-01	
  -1.1812414e-01	
  -9.9205549e-02	
  -7.6520391e-02	
  -5.6410364e-02	
  -4.1220760e-02	
  -2.9997901e-02	
  -2.1725072e-02	
  -2.0189294e-02	
  -2.8804219e-02	
  -4.3853797e-02	
  -5.8058734e-02	
  -7.0468290e-02	
  -8.1436740e-02	
  -8.5341829e-02	
  -7.5251550e-02	
  -5.5104049e-02	
  -3.9675643e-02	
  -3.6667339e-02	
  -3.7870189e-02	
  -3.1772457e-02	
  -1.7211300e-02	
   2.6686621e-03	
   2.7660921e-02	
   6.0128133e-02	
   1.0204892e-01	
   1.5122537e-01	
   1.9650375e-01	
   2.3186481e-01	
   2.5857660e-01	
   2.7452745e-01	
   2.7900360e-01	
   2.7545582e-01	
   2.7323592e-01	
   2.7729503e-01	
   2.8335504e-01	
   2.8095487e-01	
   2.6312992e-01	
   2.3184941e-01	
   1.8694837e-01	
   1.2481024e-01	
   4.5081497e-02	
  -4.0593911e-02	
  -1.1713783e-01	
  -1.7792249e-01	
  -2.2708182e-01	
  -2.7250095e-01	
  -3.1752873e-01	
  -3.5801752e-01	
  -3.8687822e-01	
  -3.9655153e-01	
  -3.8446965e-01	
  -3.5699877e-01	
  -3.2100796e-01	
  -2.8186107e-01	
  -2.4470840e-01	
  -2.0769004e-01	
  -1.6168981e-01	
  -1.0610338e-01	
  -5.2844942e-02	
  -1.0815849e-02	
   1.6613571e-02	
   3.0091837e-02	
   3.0478816e-02	
   1.5725914e-02	
  -1.6291002e-02	
  -6.3112940e-02	
  -1.1141523e-01	
  -1.4439363e-01	
  -1.5516386e-01	
  -1.4628720e-01	
  -1.2858809e-01	
  -1.0920014e-01	
  -8.9359045e-02	
  -6.9002423e-02	
  -4.8430153e-02	
  -3.0189915e-02	
  -1.8350141e-02	
  -1.0560786e-02	
   2.5935093e-03	
   2.7010730e-02	
   6.2584111e-02	
   1.0240793e-01	
   1.3662293e-01	
   1.6283692e-01	
   1.8222838e-01	
   1.9384767e-01	
   1.9349290e-01	
   1.7836740e-01	
   1.5596117e-01	
   1.3775969e-01	
   1.3141484e-01	
   1.3459407e-01	
   1.3298428e-01	
   1.1648787e-01	
   8.9191644e-02	
   7.2140744e-02	
   7.7035300e-02	
   9.5492246e-02	
   1.1007708e-01	
   1.1520033e-01	
   1.1723653e-01	
   1.1790287e-01	
   1.1212941e-01	
   9.9802618e-02	
   8.6116078e-02	
   7.4919364e-02	
   6.6878411e-02	
   5.6755239e-02	
   3.9201304e-02	
   1.4896766e-02	
  -1.1052109e-02	
  -3.0224520e-02	
  -3.8125024e-02	
  -3.4568282e-02	
  -2.2699877e-02	
  -9.2942763e-03	
  -1.8760208e-04	
   2.9134408e-03	
   3.0952600e-03	
   5.3419534e-03	
   9.6749384e-03	
   1.8262341e-02	
   2.9532699e-02	
   3.1429456e-02	
   1.5182961e-02	
  -1.1030821e-02	
  -2.7052629e-02	
  -2.2120249e-02	
  -9.1908039e-03	
  -3.6772767e-04	
   4.3409141e-03	
   7.7212098e-03	
   6.8509079e-03	
   2.8427567e-03	
   8.7051128e-03	
   3.1090457e-02	
   5.8788591e-02	
   7.4308138e-02	
   7.3187717e-02	
   6.6178277e-02	
   6.2780632e-02	
   5.7696963e-02	
   4.6082700e-02	
   3.5064503e-02	
   3.1546588e-02	
   3.2417293e-02	
   2.9744509e-02	
   1.9750213e-02	
   5.9989941e-03	
  -2.8500045e-03	
  -6.8826440e-03	
  -1.0210263e-02	
  -1.1689798e-02	
  -8.7434259e-03	
  -2.4379478e-03	
   4.3766657e-03	
   8.4998876e-03	
   3.8522140e-03	
  -1.1967134e-02	
  -3.2102133e-02	
  -4.0430447e-02	
  -2.9654174e-02	
  -1.2865533e-02	
  -8.2766755e-03	
  -1.9089582e-02	
  -3.4325119e-02	
  -4.1658823e-02	
  -3.7095190e-02	
  -2.4984379e-02	
  -3.2329037e-03	
   2.8564560e-02	
   6.1216427e-02	
   8.4488035e-02	
   9.5899502e-02	
   9.9983874e-02	
   1.0504193e-01	
   1.1245378e-01	
   1.1941201e-01	
   1.2092041e-01	
   1.0890967e-01	
   8.7549501e-02	
   7.1707799e-02	
   6.6495288e-02	
   6.5121418e-02	
   6.0491395e-02	
   5.5441043e-02	
   5.3967825e-02	
   5.2907844e-02	
   4.7174841e-02	
   3.9900680e-02	
   3.8393639e-02	
   3.8234079e-02	
   3.3959852e-02	
   2.8010580e-02	
   2.4165272e-02	
   2.5613861e-02	
   2.4772887e-02	
   1.3697159e-02	
  -1.2960904e-02	
  -5.2423261e-02	
  -8.9308597e-02	
  -1.1071001e-01	
  -1.1717051e-01	
  -1.1842610e-01	
  -1.1989864e-01	
  -1.1837891e-01	
  -1.1261409e-01	
  -1.0480395e-01	
  -1.0029260e-01	
  -1.0326506e-01	
  -1.1324498e-01	
  -1.2609574e-01	
  -1.3766507e-01	
  -1.4689527e-01	
  -1.5480159e-01	
  -1.6161474e-01	
  -1.6471647e-01	
  -1.6537295e-01	
  -1.6383912e-01	
  -1.6079616e-01	
  -1.5703355e-01	
  -1.5093767e-01	
  -1.4190633e-01	
  -1.2172954e-01	
  -8.3252902e-02	
  -3.1256456e-02	
   1.8625293e-02	
   5.2910183e-02	
   6.8761778e-02	
   7.2955915e-02	
   7.2820723e-02	
   6.7264460e-02	
   5.3374415e-02	
   3.6122732e-02	
   2.4537498e-02	
   2.1046739e-02	
   2.0711302e-02	
   1.5893543e-02	
   2.4039313e-03	
  -1.5879525e-02	
  -3.3035145e-02	
  -4.3125627e-02	
  -4.4130783e-02	
  -3.8885997e-02	
  -3.4879205e-02	
  -3.9548209e-02	
  -4.9440296e-02	
  -5.7098704e-02	
  -6.1451839e-02	
  -6.6936936e-02	
  -7.9954540e-02	
  -1.0272366e-01	
  -1.2981328e-01	
  -1.5257354e-01	
  -1.6843687e-01	
  -1.8356734e-01	
  -1.9791590e-01	
  -2.0964033e-01	
  -2.1908406e-01	
  -2.2852421e-01	
  -2.3460182e-01	
  -2.2697856e-01	
  -2.0412523e-01	
  -1.7089849e-01	
  -1.3865970e-01	
  -1.2004966e-01	
  -1.1808380e-01	
  -1.2075977e-01	
  -1.0945809e-01	
  -8.3171647e-02	
  -5.6737268e-02	
  -4.3640398e-02	
  -3.8963186e-02	
  -2.9579406e-02	
  -1.6700882e-02	
  -1.5135096e-02	
  -3.1687762e-02	
  -5.7187148e-02	
  -8.4853888e-02	
  -1.0977072e-01	
  -1.2374895e-01	
  -1.1742153e-01	
  -9.0205993e-02	
  -5.4077467e-02	
  -2.1329398e-02	
   3.2832340e-03	
   2.8175161e-02	
   5.7974063e-02	
   9.3354664e-02	
   1.2837489e-01	
   1.5242179e-01	
   1.6333847e-01	
   1.6840875e-01	
   1.7573910e-01	
   1.8717787e-01	
   1.9970654e-01	
   2.0620837e-01	
   1.9463023e-01	
   1.5582238e-01	
   9.7188017e-02	
   4.2009436e-02	
   9.8435619e-03	
  -2.4597768e-03	
  -1.5868865e-02	
  -4.2318451e-02	
  -7.5707029e-02	
  -1.0443011e-01	
  -1.2090452e-01	
  -1.2965346e-01	
  -1.3787787e-01	
  -1.5132904e-01	
  -1.7265694e-01	
  -1.9555517e-01	
  -2.1192054e-01	
  -2.1683181e-01	
  -2.1180864e-01	
  -1.9377905e-01	
  -1.5394193e-01	
  -9.3702180e-02	
  -3.2846749e-02	
   6.6014177e-03	
   2.4665951e-02	
   3.9481004e-02	
   6.2975466e-02	
   8.8180148e-02	
   9.8420786e-02	
   9.0095316e-02	
   7.7006310e-02	
   7.2549157e-02	
   8.2651921e-02	
   1.0264297e-01	
   1.2553910e-01	
   1.4802535e-01	
   1.6712105e-01	
   1.7816242e-01	
   1.7627831e-01	
   1.5977276e-01	
   1.3920550e-01	
   1.2572915e-01	
   1.2451912e-01	
   1.2991483e-01	
   1.3166790e-01	
   1.2338065e-01	
   1.0332374e-01	
   7.5205095e-02	
   4.3006580e-02	
   1.0654682e-02	
  -1.9265003e-02	
  -4.5423373e-02	
  -6.5697093e-02	
  -7.4804090e-02	
  -6.2926696e-02	
  -2.7214089e-02	
   2.3501536e-02	
   7.6369616e-02	
   1.2009604e-01	
   1.4490781e-01	
   1.4688443e-01	
   1.3293017e-01	
   1.1545355e-01	
   9.6872448e-02	
   6.5943272e-02	
   1.8544567e-02	
  -3.5544334e-02	
  -8.1519316e-02	
  -1.1240928e-01	
  -1.3542407e-01	
  -1.6487197e-01	
  -2.0085634e-01	
  -2.2942975e-01	
  -2.3863779e-01	
  -2.3028314e-01	
  -2.1147612e-01	
  -1.8560158e-01	
  -1.5385684e-01	
  -1.1474450e-01	
  -7.1474881e-02	
  -3.2064684e-02	
  -3.4538200e-03	
   1.3193693e-02	
   2.2700097e-02	
   2.5426134e-02	
   1.6146927e-02	
  -3.9011776e-03	
  -2.2993171e-02	
  -2.7402721e-02	
  -1.4429494e-02	
   5.9948222e-03	
   1.6907501e-02	
   1.4461507e-02	
   9.7772290e-03	
   1.1635975e-02	
   1.9971086e-02	
   2.5614154e-02	
   2.4707133e-02	
   1.6111376e-02	
   7.4392238e-03	
   6.3139256e-03	
   1.0954733e-02	
   1.7744946e-02	
   2.3421005e-02	
   2.8733241e-02	
   3.3306540e-02	
   3.7720653e-02	
   4.2669260e-02	
   5.0715461e-02	
   6.0841372e-02	
   6.6172621e-02	
   6.0890451e-02	
   5.3716943e-02	
   5.2412683e-02	
   5.8959496e-02	
   6.9823625e-02	
   7.6718762e-02	
   7.5337907e-02	
   7.0263082e-02	
   6.9016580e-02	
   7.2717796e-02	
   7.4149776e-02	
   7.0102861e-02	
   6.4079595e-02	
   5.7240245e-02	
   4.8090950e-02	
   3.3691016e-02	
   1.8058379e-02	
   5.2550165e-03	
  -6.4124061e-03	
  -2.0109864e-02	
  -3.2836798e-02	
  -3.7285802e-02	
  -3.0359369e-02	
  -1.9769479e-02	
  -1.0544397e-02	
  -2.1573180e-04	
   1.4747213e-02	
   3.2959928e-02	
   4.3213884e-02	
   4.4869287e-02	
   4.6915084e-02	
   5.8151130e-02	
   7.7462058e-02	
   9.5391023e-02	
   1.0992598e-01	
   1.2527675e-01	
   1.4338385e-01	
   1.5580339e-01	
   1.5395415e-01	
   1.4032222e-01	
   1.2534480e-01	
   1.1636529e-01	
   1.1014301e-01	
   1.0417640e-01	
   1.0022014e-01	
   9.9621688e-02	
   1.0162414e-01	
   1.0576720e-01	
   1.0999110e-01	
   1.0883429e-01	
   9.8307338e-02	
   8.0663696e-02	
   6.4095504e-02	
   4.9263009e-02	
   3.0991011e-02	
   6.7345830e-03	
  -1.6625071e-02	
  -3.5035399e-02	
  -4.4833696e-02	
  -4.7429088e-02	
  -4.7907550e-02	
  -4.3077607e-02	
  -3.0575654e-02	
  -1.6895252e-02	
  -1.1631574e-02	
  -1.6761608e-02	
  -2.6757273e-02	
  -3.2025482e-02	
  -2.6610484e-02	
  -1.5951767e-02	
  -8.5790649e-03	
  -4.4992336e-03	
   9.9961869e-04	
   1.0862858e-02	
   2.1650133e-02	
   3.3092195e-02	
   4.7246202e-02	
   6.4737561e-02	
   8.3210848e-02	
   9.7254928e-02	
   1.0566116e-01	
   1.0455122e-01	
   9.3390035e-02	
   7.3948438e-02	
   5.3420748e-02	
   3.7005466e-02	
   2.3037931e-02	
   8.1025662e-03	
  -7.1880262e-03	
  -1.9291417e-02	
  -2.7536348e-02	
  -3.4792896e-02	
  -4.4540166e-02	
  -5.5436284e-02	
  -6.6068195e-02	
  -7.8827403e-02	
  -9.5402352e-02	
  -1.1426471e-01	
  -1.3033309e-01	
  -1.4156110e-01	
  -1.4963840e-01	
  -1.5174289e-01	
  -1.4895502e-01	
  -1.4408271e-01	
  -1.3869784e-01	
  -1.3103097e-01	
  -1.1818071e-01	
  -1.0336148e-01	
  -9.2299402e-02	
  -8.4479885e-02	
  -7.2797161e-02	
  -5.1596566e-02	
  -2.6147938e-02	
  -7.8481656e-03	
  -2.8418610e-03	
  -5.0822626e-03	
  -3.1064736e-03	
   1.0451177e-02	
   3.6290679e-02	
   6.4022464e-02	
   8.2473925e-02	
   8.9522779e-02	
   9.3015950e-02	
   9.8871317e-02	
   1.0879109e-01	
   1.2197274e-01	
   1.3615969e-01	
   1.4207210e-01	
   1.3216619e-01	
   1.0275870e-01	
   5.8253339e-02	
   1.3974177e-02	
  -2.0719354e-02	
  -4.4980804e-02	
  -6.3630612e-02	
  -8.2714676e-02	
  -1.0304412e-01	
  -1.2036670e-01	
  -1.2843283e-01	
  -1.2746404e-01	
  -1.2024600e-01	
  -1.1091221e-01	
  -9.9507181e-02	
  -8.3152086e-02	
  -6.4291935e-02	
  -4.6669598e-02	
  -3.3624447e-02	
  -2.2827938e-02	
  -6.5054262e-03	
   1.8864903e-02	
   4.5072972e-02	
   6.2784617e-02	
   6.9761311e-02	
   7.3454165e-02	
   8.2707423e-02	
   9.6676278e-02	
   1.0861057e-01	
   1.1402934e-01	
   1.1378940e-01	
   1.0942858e-01	
   9.9310440e-02	
   8.4619738e-02	
   7.0424215e-02	
   6.4289156e-02	
   6.9869942e-02	
   8.4297406e-02	
   9.9500498e-02	
   1.0984171e-01	
   1.1776701e-01	
   1.2944026e-01	
   1.4998616e-01	
   1.7607121e-01	
   2.0259506e-01	
   2.2136386e-01	
   2.2867311e-01	
   2.2947001e-01	
   2.2702591e-01	
   2.2000469e-01	
   2.0669394e-01	
   1.8852767e-01	
   1.6914013e-01	
   1.4962422e-01	
   1.2476468e-01	
   9.3906582e-02	
   6.3644841e-02	
   4.2909668e-02	
   2.9424287e-02	
   1.4275100e-02	
  -7.0127531e-03	
  -3.1413613e-02	
  -4.9708594e-02	
  -5.6916299e-02	
  -5.3071056e-02	
  -4.0716373e-02	
  -1.9619854e-02	
   1.2242074e-02	
   4.9669360e-02	
   8.2973439e-02	
   1.0797650e-01	
   1.2361830e-01	
   1.3063113e-01	
   1.2769534e-01	
   1.1398191e-01	
   9.2483429e-02	
   6.2427011e-02	
   2.5512108e-02	
  -1.2180688e-02	
  -4.4625879e-02	
  -6.9890170e-02	
  -8.9051383e-02	
  -1.0297256e-01	
  -1.1248011e-01	
  -1.2159637e-01	
  -1.2922559e-01	
  -1.3053545e-01	
  -1.2409589e-01	
  -1.1604361e-01	
  -1.1093332e-01	
  -1.0491177e-01	
  -9.6718903e-02	
  -8.8578927e-02	
  -8.1537246e-02	
  -7.3836547e-02	
  -6.3711093e-02	
  -4.6235032e-02	
  -2.2428009e-02	
  -7.4173337e-04	
   1.2012481e-02	
   2.1216349e-02	
   3.4343733e-02	
   5.3386216e-02	
   6.8412616e-02	
   7.1844516e-02	
   6.6517855e-02	
   5.0507726e-02	
   2.1744982e-02	
  -2.0152073e-02	
  -6.9899746e-02	
  -1.1522820e-01	
  -1.5058176e-01	
  -1.7479973e-01	
  -1.9305989e-01	
  -2.0830634e-01	
  -2.2139320e-01	
  -2.2769552e-01	
  -2.2070127e-01	
  -2.0178952e-01	
  -1.7473233e-01	
  -1.4850392e-01	
  -1.2706078e-01	
  -1.0980968e-01	
  -9.6838708e-02	
  -8.5917137e-02	
  -7.2819997e-02	
  -5.7533450e-02	
  -4.8225563e-02	
  -5.1810944e-02	
  -6.6301774e-02	
  -8.4078986e-02	
  -9.6338461e-02	
  -1.0406018e-01	
  -1.1045874e-01	
  -1.1282395e-01	
  -1.1082932e-01	
  -1.0417925e-01	
  -9.0940552e-02	
  -7.2255357e-02	
  -5.3337716e-02	
  -3.9364166e-02	
  -2.8834301e-02	
  -1.9599365e-02	
  -1.0809329e-02	
  -3.8326296e-03	
   1.2202653e-03	
   7.1108995e-03	
   1.5628587e-02	
   2.5084657e-02	
   2.9432315e-02	
   2.2708956e-02	
   3.9549774e-03	
  -2.2472549e-02	
  -4.8799828e-02	
  -7.1614343e-02	
  -9.2199076e-02	
  -1.1361671e-01	
  -1.3094409e-01	
  -1.3995082e-01	
  -1.4270764e-01	
  -1.4137455e-01	
  -1.3949385e-01	
  -1.3461053e-01	
  -1.2172392e-01	
  -9.8826981e-02	
  -6.8381744e-02	
  -3.8157428e-02	
  -1.7833023e-02	
  -9.6694045e-03	
  -7.3349209e-03	
  -6.1369410e-03	
  -8.4398955e-03	
  -1.8767608e-02	
  -3.2991070e-02	
  -4.2605755e-02	
  -4.5753717e-02	
  -4.3924319e-02	
  -3.7174595e-02	
  -2.7689120e-02	
  -1.7309899e-02	
  -4.1325838e-03	
   1.3460214e-02	
   3.1670444e-02	
   4.5270740e-02	
   5.2513001e-02	
   5.8276877e-02	
   6.7121517e-02	
   7.5900249e-02	
   7.7114721e-02	
   7.1425337e-02	
   6.4378643e-02	
   5.9887423e-02	
   5.3202051e-02	
   4.2828372e-02	
   3.0519623e-02	
   2.0640771e-02	
   1.6081327e-02	
   1.2596224e-02	
   3.3028470e-03	
  -1.3658512e-02	
  -2.8731562e-02	
  -2.6827624e-02	
  -9.7674082e-03	
   7.6333805e-03	
   1.3516245e-02	
   7.7670462e-03	
  -1.8008843e-03	
  -1.1348688e-02	
  -2.1638446e-02	
  -3.2726455e-02	
  -4.3502899e-02	
  -5.2534272e-02	
  -5.9788539e-02	
  -6.2978082e-02	
  -5.9533525e-02	
  -5.3232328e-02	
  -4.3722460e-02	
  -3.2085156e-02	
  -2.2228685e-02	
  -1.8281412e-02	
  -1.9611981e-02	
  -1.9928616e-02	
  -1.2444317e-02	
   3.9445381e-03	
   2.0153695e-02	
   2.8882679e-02	
   3.1313131e-02	
   3.2099077e-02	
   3.2091847e-02	
   2.9353953e-02	
   1.9146371e-02	
   4.8364912e-03	
  -1.0667266e-02	
  -2.2241000e-02	
  -2.4587222e-02	
  -1.7871776e-02	
  -6.6513861e-03	
   5.9880544e-03	
   1.9696936e-02	
   3.5525483e-02	
   4.9803199e-02	
   5.6519794e-02	
   5.4167402e-02	
   4.5319289e-02	
   3.3192937e-02	
   1.6644639e-02	
  -6.4109669e-04	
  -1.4482542e-02	
  -2.5391871e-02	
  -3.3601024e-02	
  -3.7631451e-02	
  -3.3941360e-02	
  -2.7595452e-02	
  -2.3217231e-02	
  -1.9747654e-02	
  -1.2179376e-02	
   3.5352377e-03	
   2.5765818e-02	
   4.8183786e-02	
   6.3966791e-02	
   7.4737521e-02	
   8.5342480e-02	
   9.5595996e-02	
   9.8786639e-02	
   8.9462469e-02	
   7.0544330e-02	
   5.1895003e-02	
   3.6485349e-02	
   2.0926070e-02	
   6.2664030e-03	
  -2.4179290e-04	
   3.9752310e-03	
   1.4790155e-02	
   2.8360378e-02	
   4.2563179e-02	
   5.9339221e-02	
   7.9779853e-02	
   1.0168853e-01	
   1.2043239e-01	
   1.3269569e-01	
   1.3821006e-01	
   1.3726874e-01	
   1.3065844e-01	
   1.1554182e-01	
   8.8287239e-02	
   4.6651244e-02	
   1.0997398e-03	
  -3.4546073e-02	
  -5.5519968e-02	
  -6.8623114e-02	
  -8.1754525e-02	
  -9.3932418e-02	
  -9.9221686e-02	
  -9.1457426e-02	
  -6.9827285e-02	
  -4.0116541e-02	
  -1.3024670e-02	
   6.5460319e-03	
   2.1700891e-02	
   3.2811941e-02	
   3.9288721e-02	
   3.8532809e-02	
   3.2472803e-02	
   2.7076941e-02	
   2.5139547e-02	
   2.0917986e-02	
   5.2601991e-03	
  -2.2823847e-02	
  -5.5419495e-02	
  -8.1422950e-02	
  -9.6319390e-02	
  -1.0231363e-01	
  -1.0239554e-01	
  -9.6048158e-02	
  -8.2715165e-02	
  -6.5292348e-02	
  -4.4162927e-02	
  -2.1617044e-02	
  -3.0573845e-03	
   7.0518576e-03	
   7.2102797e-03	
  -3.5800619e-03	
  -1.9126550e-02	
  -3.4968708e-02	
  -5.0186975e-02	
  -6.2720363e-02	
  -7.4474610e-02	
  -8.3679147e-02	
  -8.6126592e-02	
  -8.1229053e-02	
  -6.9976014e-02	
  -5.7622269e-02	
  -4.8545768e-02	
  -4.1055870e-02	
  -3.2629503e-02	
  -2.4348312e-02	
  -1.7117934e-02	
  -8.7440046e-03	
   8.6965390e-05	
   6.6630162e-03	
   1.1598395e-02	
   1.6698494e-02	
   1.9460986e-02	
   1.3194964e-02	
  -4.9006480e-03	
  -3.0130379e-02	
  -5.2465079e-02	
  -6.6054030e-02	
  -7.3473464e-02	
  -7.9344472e-02	
  -8.6377205e-02	
  -9.4954020e-02	
  -1.0070890e-01	
  -9.6732594e-02	
  -8.3113129e-02	
  -6.6267463e-02	
  -5.0694752e-02	
  -3.8696844e-02	
  -2.7355654e-02	
  -1.3713426e-02	
   1.0738367e-03	
   1.7811898e-02	
   3.2230471e-02	
   3.8783918e-02	
   3.4041784e-02	
   2.1734991e-02	
   7.3336178e-03	
  -5.4527510e-03	
  -1.2086670e-02	
  -1.1458289e-02	
  -3.1564494e-03	
   1.0604666e-02	
   2.6397597e-02	
   3.9145827e-02	
   4.7932139e-02	
   4.8196345e-02	
   4.1261926e-02	
   3.2731182e-02	
   2.6890265e-02	
   2.2615891e-02	
   1.9000331e-02	
   1.8677102e-02	
   2.4495599e-02	
   3.4578380e-02	
   4.3797913e-02	
   4.9545447e-02	
   5.4806655e-02	
   6.1981410e-02	
   6.8698534e-02	
   6.8917329e-02	
   6.0231035e-02	
   4.6567617e-02	
   3.5977539e-02	
   3.2860776e-02	
   3.7244139e-02	
   4.5223608e-02	
   4.8507855e-02	
   4.3910953e-02	
   3.4117334e-02	
   2.3330997e-02	
   1.5395652e-02	
   1.3289064e-02	
   1.5431911e-02	
   1.9719960e-02	
   2.3366433e-02	
   2.6817355e-02	
   2.9195476e-02	
   3.0351961e-02	
   3.1130213e-02	
   3.3512327e-02	
   3.6387199e-02	
   3.6599229e-02	
   3.2942055e-02	
   2.5549867e-02	
   1.8094214e-02	
   1.6553066e-02	
   2.5119734e-02	
   4.2459821e-02	
   6.1751010e-02	
   7.8318484e-02	
   9.4228670e-02	
   1.1110153e-01	
   1.2450674e-01	
   1.2700227e-01	
   1.1467417e-01	
   8.9030682e-02	
   5.6169067e-02	
   2.3728236e-02	
  -4.9215535e-03	
  -2.8594846e-02	
  -4.9155225e-02	
  -6.5802603e-02	
  -7.8323660e-02	
  -8.3304655e-02	
  -8.0419799e-02	
  -7.6158555e-02	
  -7.4087110e-02	
  -7.1285336e-02	
  -6.5864820e-02	
  -5.5784843e-02	
  -4.5567652e-02	
  -4.1263491e-02	
  -3.7294343e-02	
  -2.7525403e-02	
  -1.1013234e-02	
   8.9273470e-03	
   2.8741415e-02	
   4.4129569e-02	
   5.5359397e-02	
   6.4216874e-02	
   7.3444043e-02	
   8.4746145e-02	
   9.2086361e-02	
   8.8350238e-02	
   7.4999055e-02	
   6.1826601e-02	
   5.7939613e-02	
   6.0177644e-02	
   6.2677005e-02	
   6.0362845e-02	
   5.5462119e-02	
   5.4338365e-02	
   5.9066587e-02	
   6.6373510e-02	
   7.3852415e-02	
   8.3801397e-02	
   9.2547406e-02	
   9.7274407e-02	
   9.7610349e-02	
   9.6344328e-02	
   9.1798747e-02	
   8.2969934e-02	
   6.7381282e-02	
   4.3882558e-02	
   2.0277950e-02	
   2.3197679e-03	
  -7.3101800e-03	
  -1.1770556e-02	
  -1.6284768e-02	
  -2.0718139e-02	
  -1.9186404e-02	
  -7.7258121e-03	
   9.0292628e-03	
   2.2578173e-02	
   3.0469541e-02	
   3.6624788e-02	
   4.3865183e-02	
   4.9389171e-02	
   5.0930385e-02	
   4.9992018e-02	
   4.7815121e-02	
   4.4061761e-02	
   3.9298159e-02	
   3.4277246e-02	
   2.8775629e-02	
   2.0624357e-02	
   1.3178509e-02	
   1.0610395e-02	
   1.1081808e-02	
   1.0582710e-02	
   8.7332059e-03	
   8.0339008e-03	
   9.1573726e-03	
   1.0770787e-02	
   8.3002208e-03	
  -1.4851085e-03	
  -1.4922723e-02	
  -2.9669896e-02	
  -4.2957460e-02	
  -5.2360066e-02	
  -5.7601437e-02	
  -5.9861554e-02	
  -6.4881677e-02	
  -7.1435500e-02	
  -7.3989066e-02	
  -7.0366024e-02	
  -6.4080728e-02	
  -6.0989115e-02	
  -6.1147323e-02	
  -5.8182573e-02	
  -4.8469729e-02	
  -3.7297815e-02	
  -2.9452739e-02	
  -2.7489045e-02	
  -2.7832258e-02	
  -2.5550446e-02	
  -1.8863933e-02	
  -1.2064795e-02	
  -1.2035529e-02	
  -2.2038097e-02	
  -3.6163392e-02	
  -4.7555283e-02	
  -5.3214308e-02	
  -5.1793372e-02	
  -4.4311900e-02	
  -3.6508968e-02	
  -3.0881149e-02	
  -2.4866481e-02	
  -1.5997741e-02	
  -8.2169849e-03	
  -3.2893424e-03	
   6.4619223e-04	
   5.6726657e-03	
   1.3040766e-02	
   2.2695378e-02	
   3.3783331e-02	
   4.5147243e-02	
   5.7794625e-02	
   7.0175868e-02	
   8.0582799e-02	
   8.5912818e-02	
   7.9953806e-02	
   6.3617441e-02	
   4.2842602e-02	
   2.1204140e-02	
  -4.0888208e-03	
  -3.0427593e-02	
  -5.0697026e-02	
  -6.1190502e-02	
  -6.8633196e-02	
  -7.6644018e-02	
  -8.1665689e-02	
  -8.3598788e-02	
  -8.6156095e-02	
  -9.4211066e-02	
  -1.0390720e-01	
  -1.0653957e-01	
  -9.8054606e-02	
  -8.2264877e-02	
  -6.1684522e-02	
  -3.5919055e-02	
  -5.9001982e-03	
   2.1032314e-02	
   3.8944033e-02	
   4.9041859e-02	
   5.4279522e-02	
   5.4028738e-02	
   4.7175884e-02	
   3.5777856e-02	
   2.5416101e-02	
   1.7455914e-02	
   1.3415454e-02	
   1.5234388e-02	
   2.0842843e-02	
   2.8864260e-02	
   3.4160529e-02	
   3.1267687e-02	
   1.9770384e-02	
   7.1001162e-03	
  -4.4115379e-04	
  -1.2741938e-04	
   6.9719697e-03	
   1.4681304e-02	
   1.9021880e-02	
   2.0615229e-02	
   2.3434477e-02	
   3.0752509e-02	
   4.0266884e-02	
   4.3989242e-02	
   3.9416970e-02	
   3.0700716e-02	
   2.0342449e-02	
   5.3535565e-03	
  -1.6386692e-02	
  -4.3097273e-02	
  -6.6051341e-02	
  -7.6510700e-02	
  -7.8034930e-02	
  -8.1969929e-02	
  -8.7620487e-02	
  -8.9729626e-02	
  -8.4820473e-02	
  -7.6204081e-02	
  -6.9207445e-02	
  -6.4100386e-02	
  -6.3092663e-02	
  -6.7633288e-02	
  -7.7059456e-02	
  -8.7212091e-02	
  -8.8783900e-02	
  -8.4188522e-02	
  -7.9580439e-02	
  -7.8336798e-02	
  -7.8849481e-02	
  -7.9126133e-02	
  -7.7683176e-02	
  -7.1173836e-02	
  -5.8902707e-02	
  -4.1131200e-02	
  -2.1747110e-02	
  -6.2790387e-03	
   3.1690900e-03	
   8.9547799e-03	
   1.5956372e-02	
   2.4717825e-02	
   2.7664637e-02	
   2.2932739e-02	
   1.5295879e-02	
   9.0172986e-03	
   2.5504757e-03	
  -4.0894662e-03	
  -8.0069553e-03	
  -9.5604064e-03	
  -1.0936452e-02	
  -1.5189848e-02	
  -2.0318398e-02	
  -2.0972110e-02	
  -1.6042028e-02	
  -1.0511218e-02	
  -6.5924119e-03	
  -3.0316150e-03	
   3.0191577e-03	
   8.2112310e-03	
   7.4155049e-03	
   1.0150214e-03	
  -6.1639184e-03	
  -1.1971788e-02	
  -1.4910042e-02	
  -1.7661515e-02	
  -2.2332304e-02	
  -2.6529399e-02	
  -2.5861939e-02	
  -1.9533162e-02	
  -1.0998066e-02	
  -6.5318012e-03	
  -9.6014172e-03	
  -1.9430651e-02	
  -2.9873809e-02	
  -3.7485925e-02	
  -4.1804194e-02	
  -4.4303563e-02	
  -4.6419132e-02	
  -4.7945643e-02	
  -4.2043535e-02	
  -2.5722834e-02	
  -6.4265570e-03	
   6.8630628e-03	
   1.0299562e-02	
   5.0111351e-03	
  -3.1186488e-03	
  -1.0636850e-02	
  -1.3693703e-02	
  -1.1947346e-02	
  -7.6252614e-03	
   3.1171998e-05	
   1.1762333e-02	
   2.7322997e-02	
   4.3718548e-02	
   5.7136806e-02	
   6.3352607e-02	
   6.5075517e-02	
   6.6518768e-02	
   6.8520310e-02	
   7.4174478e-02	
   8.4383063e-02	
   9.6440010e-02	
   1.0689939e-01	
   1.1576610e-01	
   1.2431415e-01	
   1.3576433e-01	
   1.4951273e-01	
   1.6281532e-01	
   1.7124943e-01	
   1.7177282e-01	
   1.6644786e-01	
   1.5956445e-01	
   1.5523183e-01	
   1.5560828e-01	
   1.5498553e-01	
   1.4836162e-01	
   1.3499562e-01	
   1.1805128e-01	
   1.0216041e-01	
   8.9709903e-02	
   7.9331978e-02	
   6.7608455e-02	
   5.4167867e-02	
   4.2755022e-02	
   3.4096756e-02	
   2.8501292e-02	
   2.5957864e-02	
   2.6731910e-02	
   2.9745332e-02	
   3.0824620e-02	
   2.7262019e-02	
   1.7710863e-02	
   7.5504607e-03	
   3.3759778e-03	
   6.3224220e-03	
   1.3288811e-02	
   2.4058792e-02	
   3.4960150e-02	
   3.8413419e-02	
   3.1101590e-02	
   1.6453016e-02	
  -6.5142094e-05	
  -1.5544723e-02	
  -3.1060212e-02	
  -4.4395968e-02	
  -5.5471125e-02	
  -6.6009662e-02	
  -7.2852165e-02	
  -7.4684994e-02	
  -6.8641248e-02	
  -5.5879595e-02	
  -4.2719725e-02	
  -3.7597702e-02	
  -4.2206055e-02	
  -4.8966822e-02	
  -4.8573340e-02	
  -4.0618606e-02	
  -3.1776695e-02	
  -2.5153027e-02	
  -1.6152681e-02	
  -1.4404986e-03	
   1.5734577e-02	
   3.0251048e-02	
   3.9768936e-02	
   4.5705583e-02	
   4.5617506e-02	
   3.6336042e-02	
   1.7146769e-02	
  -5.8212736e-03	
  -2.3190915e-02	
  -2.9172257e-02	
  -2.5668360e-02	
  -2.0789322e-02	
  -2.1717150e-02	
  -2.8582189e-02	
  -3.6849353e-02	
  -4.2313252e-02	
  -4.3229165e-02	
  -4.2959481e-02	
  -3.8949738e-02	
  -2.7254496e-02	
  -1.6933842e-02	
  -1.3955587e-02	
  -1.7123875e-02	
  -1.9275321e-02	
  -1.5198446e-02	
  -6.3532999e-03	
   1.1938413e-03	
   2.6432267e-03	
  -2.3905034e-03	
  -1.0073172e-02	
  -1.7015374e-02	
  -2.3393051e-02	
  -2.8044778e-02	
  -2.8921766e-02	
  -2.1255070e-02	
  -6.8619724e-03	
   8.1326446e-03	
   2.1587019e-02	
   3.4941886e-02	
   4.8557504e-02	
   5.9222171e-02	
   6.2801838e-02	
   6.2085233e-02	
   6.2011671e-02	
   6.2292822e-02	
   5.9404885e-02	
   4.7229926e-02	
   2.7428923e-02	
   3.6194655e-03	
  -2.0611554e-02	
  -4.2209836e-02	
  -6.0544255e-02	
  -7.4248921e-02	
  -8.3626009e-02	
  -9.0794586e-02	
  -9.3281477e-02	
  -8.9374856e-02	
  -8.3521607e-02	
  -8.0700053e-02	
  -8.1717198e-02	
  -8.4072711e-02	
  -8.3097808e-02	
  -7.9834466e-02	
  -7.6561230e-02	
  -7.3728005e-02	
  -7.1680122e-02	
  -7.2339204e-02	
  -7.3464296e-02	
  -7.0609660e-02	
  -6.0221361e-02	
  -4.3844245e-02	
  -3.0701083e-02	
  -2.4920353e-02	
  -2.5157322e-02	
  -2.9226951e-02	
  -3.3308675e-02	
  -4.0853130e-02	
  -5.1733022e-02	
  -5.8218596e-02	
  -5.7993656e-02	
  -5.2958007e-02	
  -4.7318264e-02	
  -4.3348122e-02	
  -3.8394300e-02	
  -3.1335854e-02	
  -2.3594886e-02	
  -1.8885327e-02	
  -1.6062085e-02	
  -1.2976047e-02	
  -7.0406668e-03	
  -1.3546971e-04	
   4.0896578e-03	
   9.5301210e-04	
  -9.3389627e-03	
  -2.3192675e-02	
  -4.0772853e-02	
  -5.8688981e-02	
  -7.5425512e-02	
  -8.9872903e-02	
  -1.0116016e-01	
  -1.1102337e-01	
  -1.2009661e-01	
  -1.2302303e-01	
  -1.1795943e-01	
  -1.0830013e-01	
  -9.2568922e-02	
  -7.0239178e-02	
  -4.7984364e-02	
  -2.9666611e-02	
  -1.4819561e-02	
  -7.9223110e-04	
   1.5202374e-02	
   3.1728178e-02	
   4.5777686e-02	
   5.7545610e-02	
   6.6557472e-02	
   7.5202772e-02	
   8.4112483e-02	
   9.3499571e-02	
   1.0224851e-01	
   1.0648537e-01	
   1.0729891e-01	
   1.0734626e-01	
   1.1093373e-01	
   1.1783596e-01	
   1.2303346e-01	
   1.2264136e-01	
   1.1903311e-01	
   1.1192501e-01	
   1.0399237e-01	
   9.6260058e-02	
   8.9487733e-02	
   8.7042082e-02	
   9.0999803e-02	
   9.5169914e-02	
   9.3829402e-02	
   8.6012818e-02	
   7.3960239e-02	
   6.2820550e-02	
   5.3344814e-02	
   4.3400828e-02	
   3.2701362e-02	
   2.0787178e-02	
   5.8938795e-03	
  -9.9846709e-03	
  -2.4603709e-02	
  -3.5574334e-02	
  -4.4754356e-02	
  -5.5958128e-02	
  -6.8018311e-02	
  -7.7832565e-02	
  -8.4565296e-02	
  -8.9660758e-02	
  -9.3545863e-02	
  -9.6265029e-02	
  -9.5250843e-02	
  -9.0422376e-02	
  -8.5064158e-02	
  -7.8136927e-02	
  -6.6154968e-02	
  -5.2052453e-02	
  -3.8643649e-02	
  -2.4660971e-02	
  -8.3256814e-03	
   8.1778404e-03	
   1.9588403e-02	
   2.1787191e-02	
   1.8527925e-02	
   1.7629835e-02	
   1.9487424e-02	
   2.2093427e-02	
   2.1541347e-02	
   1.6689823e-02	
   5.3464212e-03	
  -9.3570069e-03	
  -2.3130572e-02	
  -3.4292079e-02	
  -4.2460872e-02	
  -4.7253879e-02	
  -5.0323275e-02	
  -5.4344608e-02	
  -6.0874290e-02	
  -6.4901433e-02	
  -6.2727420e-02	
  -5.4858367e-02	
  -4.1205031e-02	
  -2.4271311e-02	
  -7.0814559e-03	
   6.3890295e-03	
   1.1215940e-02	
   8.1940263e-03	
  -4.4323905e-04	
  -1.3244964e-02	
  -2.6093708e-02	
  -3.5299321e-02	
  -3.9515658e-02	
  -3.7191987e-02	
  -2.8670111e-02	
  -1.5764659e-02	
  -1.3243481e-03	
   1.0706965e-02	
   1.5869900e-02	
   1.2820569e-02	
   6.0132656e-03	
  -1.2744514e-03	
  -6.8114782e-03	
  -9.3376914e-03	
  -8.1076901e-03	
  -3.6112365e-03	
   3.4653001e-03	
   1.5780275e-02	
   3.3320281e-02	
   5.3604050e-02	
   7.0483849e-02	
   8.1681989e-02	
   8.8134345e-02	
   9.3400793e-02	
   9.9938723e-02	
   1.0522530e-01	
   1.0761179e-01	
   1.0511332e-01	
   9.4644483e-02	
   7.4433461e-02	
   4.4634812e-02	
   8.5069945e-03	
  -2.7518565e-02	
  -6.1255041e-02	
  -9.0093523e-02	
  -1.1111278e-01	
  -1.1974999e-01	
  -1.1472038e-01	
  -9.8441079e-02	
  -7.3777223e-02	
  -4.4192511e-02	
  -1.6829245e-02	
   3.3880936e-03	
   1.5206702e-02	
   1.9077854e-02	
   1.8019283e-02	
   1.2629729e-02	
   7.1428939e-03	
   3.5757098e-03	
   3.8600535e-03	
   4.7711102e-03	
   3.6181224e-03	
  -8.3128452e-04	
  -8.7691392e-03	
  -1.8800966e-02	
  -2.9039518e-02	
  -3.8283182e-02	
  -4.6536467e-02	
  -5.0564328e-02	
  -4.7090325e-02	
  -3.6622229e-02	
  -2.3306914e-02	
  -1.1594255e-02	
  -4.0519763e-03	
  -1.6093357e-03	
  -1.9565183e-03	
  -5.1978141e-03	
  -1.2332898e-02	
  -2.2336754e-02	
  -2.8912581e-02	
  -2.6413270e-02	
  -1.8132658e-02	
  -9.3840323e-03	
  -3.6306571e-03	
  -1.6288533e-03	
  -2.0045438e-03	
  -1.4420708e-03	
  -1.9588395e-03	
  -4.0972430e-03	
  -3.9609310e-03	
  -2.4780947e-04	
   7.0913737e-03	
   1.7559053e-02	
   3.2068962e-02	
   5.2256080e-02	
   7.7990097e-02	
   1.0591985e-01	
   1.2858989e-01	
   1.4242810e-01	
   1.4786032e-01	
   1.4701157e-01	
   1.4128449e-01	
   1.2970472e-01	
   1.1089363e-01	
   8.3874421e-02	
   5.3287194e-02	
   2.6618373e-02	
   1.0082724e-02	
   4.1804235e-03	
   5.0472665e-03	
   9.2410242e-03	
   1.5954285e-02	
   2.4157521e-02	
   3.2073999e-02	
   3.6087735e-02	
   3.6999525e-02	
   4.0137633e-02	
   4.2038499e-02	
   3.9945954e-02	
   3.5918973e-02	
   3.3726762e-02	
   3.3186058e-02	
   2.9776237e-02	
   2.3302578e-02	
   1.5869395e-02	
   1.0316783e-02	
   6.9230933e-03	
   6.8603611e-03	
   1.0812499e-02	
   2.0924978e-02	
   3.6142406e-02	
   5.1691742e-02	
   6.2021003e-02	
   6.5776539e-02	
   6.3757996e-02	
   5.9928433e-02	
   5.9442318e-02	
   6.0719464e-02	
   5.7458894e-02	
   4.7795300e-02	
   3.5681189e-02	
   2.6374256e-02	
   2.0616835e-02	
   1.8110490e-02	
   1.7977262e-02	
   1.9177129e-02	
   2.1468502e-02	
   2.3194061e-02	
   2.2744213e-02	
   2.0459141e-02	
   1.8320956e-02	
   1.2556518e-02	
   1.9686961e-03	
  -1.2148088e-02	
  -2.8978637e-02	
  -4.2113748e-02	
  -4.9077540e-02	
  -5.4642563e-02	
  -6.3412738e-02	
  -7.4489802e-02	
  -8.3940436e-02	
  -8.7242082e-02	
  -8.2540918e-02	
  -7.2016293e-02	
  -5.6759102e-02	
  -3.9944511e-02	
  -2.8547209e-02	
  -2.3641765e-02	
  -2.3856835e-02	
  -2.7635835e-02	
  -3.1073334e-02	
  -3.3295757e-02	
  -3.7068800e-02	
  -4.2149241e-02	
  -4.5130234e-02	
  -4.1960992e-02	
  -3.2393414e-02	
  -2.0540029e-02	
  -9.3754666e-03	
  -2.2783798e-03	
  -4.4232666e-04	
  -1.6147709e-03	
  -3.5551408e-03	
  -8.0271844e-03	
  -1.6515266e-02	
  -2.9042631e-02	
  -4.0062116e-02	
  -4.5827295e-02	
  -4.6179848e-02	
  -4.1755148e-02	
  -3.3963731e-02	
  -2.1692276e-02	
  -1.2536118e-02	
  -1.0462473e-02	
  -1.1628575e-02	
  -8.3468551e-03	
   1.7480006e-03	
   1.3954161e-02	
   2.3057931e-02	
   2.9174180e-02	
   3.2369127e-02	
   2.7996350e-02	
   1.4277007e-02	
  -6.6267846e-03	
  -3.0257054e-02	
  -5.1002113e-02	
  -6.8986172e-02	
  -8.4978828e-02	
  -9.9295525e-02	
  -1.0604332e-01	
  -1.0336832e-01	
  -8.9171840e-02	
  -6.2576841e-02	
  -3.1235462e-02	
  -3.3853283e-03	
   1.8860763e-02	
   3.4171092e-02	
   3.8168382e-02	
   3.2872976e-02	
   2.4598151e-02	
   1.9619348e-02	
   1.7998843e-02	
   1.4128987e-02	
   4.6058103e-03	
  -8.7989356e-03	
  -2.1067734e-02	
  -2.9931364e-02	
  -3.6904292e-02	
  -4.2289600e-02	
  -4.7980354e-02	
  -5.5026216e-02	
  -6.3730286e-02	
  -7.1120445e-02	
  -7.2194411e-02	
  -6.7508797e-02	
  -5.6336468e-02	
  -3.8362189e-02	
  -1.8591756e-02	
  -2.3235650e-03	
   5.0022255e-03	
   2.3319016e-03	
  -4.9596858e-03	
  -1.1686684e-02	
  -1.5173368e-02	
  -1.8468528e-02	
  -2.5465058e-02	
  -3.4337979e-02	
  -4.2491093e-02	
  -4.7608690e-02	
  -5.0649732e-02	
  -5.3441327e-02	
  -5.6159759e-02	
  -5.8918062e-02	
  -6.0601680e-02	
  -6.0060618e-02	
  -5.5333357e-02	
  -4.6897822e-02	
  -3.8414194e-02	
  -3.0194894e-02	
  -2.3906794e-02	
  -2.0414283e-02	
  -1.8522619e-02	
  -1.9572950e-02	
  -2.2270282e-02	
  -2.5160827e-02	
  -2.7297577e-02	
  -2.6574355e-02	
  -2.0809362e-02	
  -1.1652797e-02	
  -3.0681759e-03	
   2.9906050e-03	
   8.2964311e-03	
   1.2802835e-02	
   1.7089156e-02	
   1.7929258e-02	
   1.1689659e-02	
   7.6098514e-04	
  -1.1055279e-02	
  -1.9909195e-02	
  -2.2369272e-02	
  -2.2240706e-02	
  -2.2727669e-02	
  -2.1609945e-02	
  -1.6830076e-02	
  -1.0271999e-02	
  -3.3625449e-03	
   4.7877208e-03	
   1.3923085e-02	
   2.0676843e-02	
   2.3007311e-02	
   1.9534360e-02	
   1.0711007e-02	
  -1.5092569e-03	
  -1.4962446e-02	
  -2.7568981e-02	
  -3.9261451e-02	
  -4.8343958e-02	
  -5.6402303e-02	
  -6.3600652e-02	
  -6.8372477e-02	
  -6.8617825e-02	
  -6.2838864e-02	
  -5.0307032e-02	
  -3.2854264e-02	
  -1.4058791e-02	
   3.1983770e-04	
   1.0138364e-02	
   1.7860309e-02	
   2.6365641e-02	
   3.6705815e-02	
   4.3088357e-02	
   4.2820181e-02	
   3.8568375e-02	
   3.6032193e-02	
   3.7718249e-02	
   4.4315218e-02	
   5.6491676e-02	
   7.0632709e-02	
   8.4935144e-02	
   9.7412142e-02	
   1.0797397e-01	
   1.1555257e-01	
   1.2112921e-01	
   1.2648792e-01	
   1.2997587e-01	
   1.2997465e-01	
   1.2853650e-01	
   1.2952502e-01	
   1.3395470e-01	
   1.3986883e-01	
   1.4605884e-01	
   1.5179424e-01	
   1.5382008e-01	
   1.5009586e-01	
   1.4022466e-01	
   1.2453412e-01	
   1.0890731e-01	
   9.6696816e-02	
   8.5220801e-02	
   7.3831795e-02	
   6.0264319e-02	
   4.5613790e-02	
   3.0655956e-02	
   1.8609417e-02	
   9.5404308e-03	
  -7.9551865e-04	
  -1.4276290e-02	
  -2.8684740e-02	
  -3.9610434e-02	
  -4.4551926e-02	
  -4.5239044e-02	
  -4.4457997e-02	
  -4.2719790e-02	
  -4.1006326e-02	
  -4.0314676e-02	
  -4.0841215e-02	
  -4.1422245e-02	
  -4.1395521e-02	
  -3.6812328e-02	
  -2.5973243e-02	
  -1.1550938e-02	
   8.7373135e-04	
   9.5919143e-03	
   1.4353047e-02	
   1.8475911e-02	
   2.6186089e-02	
   3.3708555e-02	
   3.7856155e-02	
   3.7938984e-02	
   3.7681370e-02	
   4.0625044e-02	
   4.5817751e-02	
   5.1104942e-02	
   5.0984468e-02	
   4.5527506e-02	
   3.7288271e-02	
   2.6888227e-02	
   1.4497253e-02	
   1.7904800e-03	
  -4.6799419e-03	
  -7.2408007e-03	
  -8.6788617e-03	
  -9.9067651e-03	
  -1.2650903e-02	
  -1.6410913e-02	
  -1.9560057e-02	
  -2.0704839e-02	
  -2.3071542e-02	
  -2.8098804e-02	
  -3.3687805e-02	
  -4.2376512e-02	
  -5.0513219e-02	
  -5.4799280e-02	
  -5.5119061e-02	
  -5.1707536e-02	
  -4.5885160e-02	
  -3.6145356e-02	
  -2.8518676e-02	
  -2.4711313e-02	
  -2.2649168e-02	
  -2.1917314e-02	
  -2.1973093e-02	
  -2.0891506e-02	
  -1.9215508e-02	
  -1.6182461e-02	
  -1.0814610e-02	
  -4.8331269e-03	
   1.9590668e-04	
   4.1528439e-03	
   6.5695691e-03	
   6.2950722e-03	
   1.9062597e-03	
  -7.0465805e-03	
  -1.6916539e-02	
  -2.5651783e-02	
  -3.2038661e-02	
  -3.7411043e-02	
  -4.3362817e-02	
  -4.7199633e-02	
  -4.8560561e-02	
  -4.8112457e-02	
  -4.5555379e-02	
  -4.0642844e-02	
  -3.4658250e-02	
  -2.9160627e-02	
  -2.4280659e-02	
  -1.8651536e-02	
  -1.1266316e-02	
  -4.8974304e-03	
  -2.2705183e-03	
  -1.8019511e-03	
  -9.1364190e-04	
   8.3949075e-04	
   2.0190142e-03	
   9.4993222e-04	
   2.8042862e-03	
   1.0774928e-02	
   1.8379081e-02	
   2.4292795e-02	
   2.6615096e-02	
   2.7826276e-02	
   2.4288972e-02	
   1.4613358e-02	
   3.1147589e-03	
  -8.9232965e-03	
  -1.6407963e-02	
  -1.8674234e-02	
  -1.8715611e-02	
  -1.9423626e-02	
  -1.9945275e-02	
  -1.7401293e-02	
  -1.4814817e-02	
  -1.4565004e-02	
  -1.6457711e-02	
  -2.0058723e-02	
  -2.1919596e-02	
  -1.8919557e-02	
  -1.1159062e-02	
  -2.9603693e-03	
   4.3429410e-03	
   9.8437819e-03	
   1.4927458e-02	
   1.9222769e-02	
   2.0915842e-02	
   1.8148029e-02	
   1.2585360e-02	
   7.1247545e-03	
   3.2123144e-03	
   5.3691866e-04	
  -1.2165627e-03	
  -3.4310750e-04	
   3.0642525e-03	
   7.7382229e-03	
   1.2602679e-02	
   1.5410183e-02	
   1.7301366e-02	
   2.2911639e-02	
   3.2109443e-02	
   4.1813567e-02	
   4.9996933e-02	
   5.8380284e-02	
   6.7753517e-02	
   7.6356429e-02	
   8.2148658e-02	
   8.3831715e-02	
   8.2633583e-02	
   8.0341046e-02	
   7.7777308e-02	
   7.1717816e-02	
   5.8434620e-02	
   3.8932876e-02	
   1.8046765e-02	
   1.7148904e-03	
  -7.6992659e-03	
  -1.4534237e-02	
  -2.2418417e-02	
  -2.7971452e-02	
  -2.8339229e-02	
  -2.4050112e-02	
  -1.9999040e-02	
  -1.6928210e-02	
  -1.3500475e-02	
  -9.1567777e-03	
  -5.4148201e-03	
  -3.0784710e-03	
  -6.6855004e-03	
  -1.6782733e-02	
  -2.8283801e-02	
  -3.3883706e-02	
  -3.1441184e-02	
  -2.7524286e-02	
  -2.5861189e-02	
  -2.5078080e-02	
  -2.1634884e-02	
  -1.7037404e-02	
  -1.4470798e-02	
  -1.2338945e-02	
  -1.1012549e-02	
  -9.3433719e-03	
  -5.7145485e-03	
  -4.5349827e-03	
  -6.5108117e-03	
  -9.6066088e-03	
  -1.0844309e-02	
  -1.0832841e-02	
  -1.1687336e-02	
  -1.4693097e-02	
  -2.2068065e-02	
  -3.2097789e-02	
  -3.9692391e-02	
  -4.5245075e-02	
  -4.6667976e-02	
  -4.5680514e-02	
  -4.5002083e-02	
  -4.2744264e-02	
  -3.5458645e-02	
  -2.1871593e-02	
  -6.2313783e-03	
   8.0632432e-03	
   2.0627658e-02	
   3.2439486e-02	
   4.2600400e-02	
   4.9128192e-02	
   5.2593833e-02	
   5.8488059e-02	
   6.5956263e-02	
   7.0228143e-02	
   7.1390561e-02	
   6.9720772e-02	
   6.7419269e-02	
   6.4687455e-02	
   6.3024154e-02	
   6.1200526e-02	
   5.7012094e-02	
   4.7689350e-02	
   3.5357683e-02	
   2.2131146e-02	
   9.9703432e-03	
   1.8917478e-03	
  -4.8719478e-05	
   2.2527594e-03	
   7.6673048e-03	
   1.4492738e-02	
   2.0623942e-02	
   2.6537419e-02	
   3.2459290e-02	
   3.7515656e-02	
   4.0425157e-02	
   3.9552032e-02	
   3.4275876e-02	
   2.6809547e-02	
   2.1383302e-02	
   1.7564024e-02	
   1.5266996e-02	
   1.4780115e-02	
   1.5001306e-02	
   1.5189000e-02	
   1.1910076e-02	
   6.3984770e-03	
   8.5903853e-04	
  -2.8813045e-03	
  -6.4205431e-03	
  -1.0569099e-02	
  -1.3872221e-02	
  -1.7314471e-02	
  -1.9569715e-02	
  -1.8377019e-02	
  -1.6068263e-02	
  -1.7046027e-02	
  -2.3343841e-02	
  -3.1502505e-02	
  -3.8949095e-02	
  -4.2530205e-02	
  -4.3853813e-02	
  -4.5972039e-02	
  -4.5954150e-02	
  -4.3360673e-02	
  -4.1438488e-02	
  -3.9719791e-02	
  -3.7094252e-02	
  -3.3661554e-02	
  -3.1659971e-02	
  -3.3725817e-02	
  -3.9046780e-02	
  -4.3685850e-02	
  -4.4967332e-02	
  -4.3282808e-02	
  -4.0486511e-02	
  -3.5754490e-02	
  -2.8045633e-02	
  -1.7960962e-02	
  -7.9764213e-03	
  -6.8336935e-04	
   9.5042203e-04	
  -9.9416145e-04	
  -4.2488721e-03	
  -6.3109468e-03	
  -5.7326782e-03	
  -3.5281505e-03	
  -5.1467462e-04	
   2.8799011e-03	
   2.8271885e-03	
  -1.4746903e-03	
  -8.1134081e-03	
  -1.4405223e-02	
  -1.9678729e-02	
  -2.2663251e-02	
  -2.2806593e-02	
  -2.0674708e-02	
  -1.5762858e-02	
  -8.6932301e-03	
  -2.1073455e-03	
   2.6067628e-03	
   6.1469778e-03	
   6.0406325e-03	
   3.4211589e-03	
  -1.8108754e-03	
  -7.1493275e-03	
  -9.9634891e-03	
  -1.1062460e-02	
  -1.0588268e-02	
  -7.4656910e-03	
  -1.8980315e-06	
   6.7006855e-03	
   7.4479639e-03	
   3.4937029e-03	
  -7.1835078e-04	
  -3.9632977e-03	
  -4.5764092e-03	
  -3.5968558e-03	
  -1.0636255e-03	
   3.9238216e-03	
   1.2846128e-02	
   2.4209852e-02	
   3.6421445e-02	
   4.5443406e-02	
   4.6427958e-02	
   3.7473244e-02	
   2.1042811e-02	
   3.1580394e-03	
  -1.0699279e-02	
  -1.9810653e-02	
  -2.7229117e-02	
  -3.3520836e-02	
  -3.7792096e-02	
  -4.1447184e-02	
  -4.5723269e-02	
  -5.0676822e-02	
  -5.2203635e-02	
  -4.9373254e-02	
  -5.0075564e-02	
  -5.6838850e-02	
  -6.6181545e-02	
  -7.4880953e-02	
  -7.7879102e-02	
  -7.2554055e-02	
  -6.1420543e-02	
  -4.9584763e-02	
  -4.2752944e-02	
  -4.1439881e-02	
  -4.0708997e-02	
  -3.8107330e-02	
  -3.3199555e-02	
  -2.5687023e-02	
  -1.5146612e-02	
  -3.0749510e-03	
   8.9733456e-03	
   2.2224308e-02	
   3.6627119e-02	
   5.4466263e-02	
   7.3659170e-02	
   8.7221056e-02	
   9.2335670e-02	
   9.0454079e-02	
   8.4970107e-02	
   8.0155983e-02	
   7.4318970e-02	
   6.4208667e-02	
   5.1091111e-02	
   3.8864758e-02	
   2.7588573e-02	
   1.6446268e-02	
   7.8255697e-03	
   5.9322554e-03	
   1.0855898e-02	
   1.9359274e-02	
   2.6554542e-02	
   3.3145830e-02	
   4.1288136e-02	
   4.9031737e-02	
   5.4354999e-02	
   5.5789130e-02	
   5.4536084e-02	
   5.2346521e-02	
   4.6408724e-02	
   3.4465559e-02	
   1.9576235e-02	
   7.3077399e-03	
  -1.1642202e-03	
  -7.9405401e-03	
  -1.2017387e-02	
  -1.4142043e-02	
  -1.3759539e-02	
  -1.0827169e-02	
  -6.2996370e-03	
  -7.0408266e-04	
   3.4941503e-03	
   3.1883476e-03	
   2.5662125e-04	
  -2.4254693e-03	
  -5.1896796e-03	
  -8.9706724e-03	
  -1.4009540e-02	
  -1.8876932e-02	
  -2.3393116e-02	
  -2.3227524e-02	
  -1.5726696e-02	
  -7.5080595e-03	
  -1.0110099e-03	
   4.8204023e-03	
   1.1982423e-02	
   2.0085944e-02	
   2.8586410e-02	
   3.6430304e-02	
   4.1397134e-02	
   4.3584855e-02	
   4.3848263e-02	
   4.0428042e-02	
   3.2659813e-02	
   2.1358420e-02	
   7.7339784e-03	
  -3.7575551e-03	
  -1.1408704e-02	
  -1.7047396e-02	
  -2.1503971e-02	
  -2.3435765e-02	
  -1.9388125e-02	
  -1.2087860e-02	
  -7.1515199e-03	
  -5.9003074e-03	
  -3.0017012e-03	
   2.4958063e-03	
   1.1073356e-02	
   2.1527655e-02	
   2.7928241e-02	
   3.1668724e-02	
   3.5894686e-02	
   4.2511484e-02	
   4.9213433e-02	
   5.6342678e-02	
   6.1144870e-02	
   6.0729024e-02	
   5.5435485e-02	
   4.5378320e-02	
   3.4614533e-02	
   2.4311605e-02	
   1.5527380e-02	
   5.9761668e-03	
  -5.0605322e-03	
  -1.4900229e-02	
  -2.4163560e-02	
  -3.3210900e-02	
  -4.0966334e-02	
  -4.7322885e-02	
  -5.3795518e-02	
  -6.0188638e-02	
  -6.7031639e-02	
  -7.1680758e-02	
  -7.2325716e-02	
  -7.1652575e-02	
  -6.9629036e-02	
  -6.7050694e-02	
  -6.2734796e-02	
  -5.6344055e-02	
  -5.1395693e-02	
  -4.7103015e-02	
  -4.1725205e-02	
  -3.4464361e-02	
  -2.6323978e-02	
  -2.1755333e-02	
  -2.1570670e-02	
  -2.2849845e-02	
  -2.3187206e-02	
  -1.9625412e-02	
  -1.2402613e-02	
  -6.2078517e-03	
  -4.2856759e-03	
  -7.0308102e-03	
  -9.8990715e-03	
  -7.5837918e-03	
  -3.1767274e-03	
   9.3225975e-05	
   1.7285457e-03	
   3.5586959e-03	
   7.2683444e-03	
   1.2532337e-02	
   1.6463497e-02	
   1.9387383e-02	
   2.3591732e-02	
   2.8028005e-02	
   3.1206774e-02	
   2.6955465e-02	
   1.6860810e-02	
   7.9156549e-03	
   8.2152245e-04	
  -5.9979689e-03	
  -1.2534961e-02	
  -1.5476263e-02	
  -1.3059951e-02	
  -5.4183767e-03	
   3.1962450e-03	
   9.0269563e-03	
   1.1331858e-02	
   9.8784031e-03	
   3.2647066e-03	
  -5.7406375e-03	
  -1.4423055e-02	
  -2.1995505e-02	
  -2.7399681e-02	
  -3.1059943e-02	
  -3.1625456e-02	
  -2.9810108e-02	
  -2.8030857e-02	
  -2.6847974e-02	
  -2.6551885e-02	
  -2.6783541e-02	
  -2.9116046e-02	
  -3.4682064e-02	
  -4.2185875e-02	
  -4.6967154e-02	
  -4.5584124e-02	
  -4.1705286e-02	
  -4.0185841e-02	
  -3.8865427e-02	
  -3.3498358e-02	
  -2.4387791e-02	
  -1.2984327e-02	
  -4.1611088e-03	
   4.2834094e-06	
   1.7950562e-03	
   5.6882949e-03	
   1.1367261e-02	
   1.5915899e-02	
   1.8292691e-02	
   1.5755678e-02	
   9.0669973e-03	
  -3.5981769e-04	
  -1.1111987e-02	
  -2.1995676e-02	
  -3.0896300e-02	
  -3.2355215e-02	
  -2.5555596e-02	
  -1.3780428e-02	
  -2.5390551e-03	
   7.0132494e-03	
   1.7256566e-02	
   2.5222685e-02	
   2.8978996e-02	
   2.7439102e-02	
   2.2197772e-02	
   1.6497426e-02	
   1.0704186e-02	
   4.9023962e-03	
   2.0756681e-03	
   5.7022934e-03	
   1.3910281e-02	
   2.5879551e-02	
   3.8136841e-02	
   4.7057358e-02	
   5.3434758e-02	
   6.0417409e-02	
   6.4499964e-02	
   6.4898409e-02	
   6.1284544e-02	
   5.1327070e-02	
   3.6712881e-02	
   2.1249340e-02	
   6.9984889e-03	
  -4.1937936e-03	
  -1.3356505e-02	
  -2.0122961e-02	
  -2.4885096e-02	
  -2.5359393e-02	
  -2.2168310e-02	
  -1.6771502e-02	
  -9.7022734e-03	
  -1.9434482e-03	
   5.2764078e-03	
   1.1511280e-02	
   1.5150402e-02	
   1.5111249e-02	
   1.0949085e-02	
   3.9768194e-03	
  -4.1586149e-03	
  -1.4522681e-02	
  -2.3813469e-02	
  -2.9124856e-02	
  -2.9679227e-02	
  -2.6725015e-02	
  -2.1221394e-02	
  -1.2222840e-02	
   1.7382304e-04	
   1.2525841e-02	
   2.1177310e-02	
   2.4911755e-02	
   2.3699858e-02	
   1.8933232e-02	
   1.1685291e-02	
   4.1731195e-03	
  -2.8925247e-03	
  -1.0170858e-02	
  -1.6870044e-02	
  -2.1141198e-02	
  -2.0136433e-02	
  -1.4480659e-02	
  -6.1061943e-03	
   6.1090827e-03	
   2.0463696e-02	
   3.3647055e-02	
   4.3853267e-02	
   4.9325226e-02	
   5.1217110e-02	
   5.0053926e-02	
   4.3152009e-02	
   3.3014696e-02	
   2.2423209e-02	
   1.3212723e-02	
   8.1205475e-03	
   6.1123329e-03	
   3.6742792e-03	
  -8.6711518e-04	
  -5.7733793e-03	
  -8.2266263e-03	
  -8.8329456e-03	
  -1.1352037e-02	
  -1.6542088e-02	
  -2.2411946e-02	
  -2.7594881e-02	
  -2.9188239e-02	
  -2.6557810e-02	
  -2.3612897e-02	
  -2.2593903e-02	
  -2.1877607e-02	
  -2.3100800e-02	
  -2.3760966e-02	
  -2.3189146e-02	
  -1.9660196e-02	
  -1.4969284e-02	
  -8.8959288e-03	
  -2.3308421e-03	
   3.7452176e-03	
   9.5047256e-03	
   1.4663700e-02	
   2.0135162e-02	
   2.4835976e-02	
   2.7293291e-02	
   2.7846692e-02	
   2.5079547e-02	
   2.0098365e-02	
   1.5144958e-02	
   9.9653392e-03	
   4.2883809e-03	
   1.8741096e-04	
  -2.5115814e-03	
  -4.4994993e-03	
  -5.0911216e-03	
  -6.1241463e-03	
  -6.7868840e-03	
  -6.9843593e-03	
  -6.4921922e-03	
  -5.0525909e-03	
  -6.6580137e-03	
  -1.2866731e-02	
  -2.2524424e-02	
  -3.3954726e-02	
  -4.5713521e-02	
  -5.5396088e-02	
  -6.3748705e-02	
  -6.9601448e-02	
  -7.2900731e-02	
  -7.3948096e-02	
  -7.2952630e-02	
  -7.0023097e-02	
  -6.3862471e-02	
  -5.3751051e-02	
  -4.1357509e-02	
  -2.8931449e-02	
  -1.9574271e-02	
  -1.2327837e-02	
  -6.2433760e-03	
  -2.2791206e-03	
  -1.6121637e-03	
  -1.3321199e-03	
   2.7753570e-03	
   6.7227264e-03	
   9.2808614e-03	
   1.0885099e-02	
   1.0800013e-02	
   1.0989925e-02	
   1.2255147e-02	
   1.3906940e-02	
   1.4797963e-02	
   1.5924733e-02	
   1.7681816e-02	
   2.1070464e-02	
   2.5934351e-02	
   3.2116909e-02	
   4.0435198e-02	
   4.8392768e-02	
   5.1969608e-02	
   4.8809551e-02	
   3.9604982e-02	
   2.7925951e-02	
   1.6659032e-02	
   8.5259432e-03	
   4.7984274e-03	
   3.6093677e-03	
  -4.8521245e-04	
  -8.5566769e-03	
  -1.5848490e-02	
  -2.0242603e-02	
  -2.0700641e-02	
  -1.6160953e-02	
  -8.4583553e-03	
  -1.0934806e-03	
   4.3745859e-03	
   6.9341912e-03	
   7.4020419e-03	
   4.2697500e-03	
  -1.8089324e-03	
  -9.4313838e-03	
  -1.6457523e-02	
  -2.1544020e-02	
  -2.6819026e-02	
  -3.2163877e-02	
  -3.5517227e-02	
  -3.3275774e-02	
  -2.8612718e-02	
  -2.3745441e-02	
  -2.1667924e-02	
  -2.1296765e-02	
  -2.1647313e-02	
  -1.9633969e-02	
  -1.7064763e-02	
  -1.3281444e-02	
  -6.8103470e-03	
   1.1978666e-03	
   8.1388712e-03	
   1.0999338e-02	
   9.8390794e-03	
   6.9087175e-03	
   2.8218674e-03	
  -8.6757239e-04	
  -4.3419883e-03	
  -7.2267077e-03	
  -6.9464496e-03	
  -1.4450716e-03	
   7.1233649e-03	
   1.3061598e-02	
   1.7264121e-02	
   2.0265994e-02	
   2.2992992e-02	
   2.4035972e-02	
   2.2027584e-02	
   1.8702604e-02	
   1.5944546e-02	
   1.3697126e-02	
   1.2604057e-02	
   1.2547422e-02	
   1.3166594e-02	
   1.4589706e-02	
   1.4576030e-02	
   9.7171146e-03	
  -1.5402848e-03	
  -1.5985076e-02	
  -2.6850501e-02	
  -3.3054403e-02	
  -3.7180227e-02	
  -4.1707103e-02	
  -4.4873908e-02	
  -4.3319499e-02	
  -3.7981054e-02	
  -3.0233264e-02	
  -2.2246542e-02	
  -1.4643969e-02	
  -6.9170387e-03	
   2.7534473e-04	
   6.6416200e-03	
   1.1465102e-02	
   1.6242502e-02	
   2.4120976e-02	
   3.2219118e-02	
   3.6266090e-02	
   3.6894887e-02	
   3.2952968e-02	
   2.4040145e-02	
   1.3334468e-02	
   2.2633976e-03	
  -9.3665261e-03	
  -1.8031345e-02	
  -2.3045372e-02	
  -2.3774504e-02	
  -2.1634004e-02	
  -2.0348765e-02	
  -2.2514856e-02	
  -2.7016777e-02	
  -3.0237674e-02	
  -2.8997350e-02	
  -2.7565395e-02	
  -2.8214762e-02	
  -2.9578673e-02	
  -2.9885463e-02	
  -2.7390577e-02	
  -2.0918629e-02	
  -1.3299993e-02	
  -4.5677083e-03	
   5.9009953e-03	
   1.4281261e-02	
   1.8940453e-02	
   2.0602385e-02	
   2.2691426e-02	
   2.5821824e-02	
   2.7245882e-02	
   2.6306546e-02	
   2.2898338e-02	
   1.7147576e-02	
   8.5494478e-03	
   3.8972844e-04	
  -7.1526592e-03	
  -1.3798154e-02	
  -1.9660644e-02	
  -2.5360917e-02	
  -2.9414687e-02	
  -2.8953796e-02	
  -2.3970063e-02	
  -1.4859593e-02	
  -4.8233835e-03	
   4.2432103e-03	
   1.3013627e-02	
   2.1612977e-02	
   2.9568004e-02	
   3.3932052e-02	
   3.1977462e-02	
   2.6136797e-02	
   2.1043781e-02	
   1.7508572e-02	
   1.4231783e-02	
   1.0531503e-02	
   6.0544410e-03	
   3.4517328e-03	
   3.8538449e-03	
   3.2929399e-03	
   1.6556326e-03	
   2.2410715e-04	
  -1.4703358e-03	
  -3.6383018e-03	
  -5.3247838e-03	
  -8.4119410e-03	
  -1.3601470e-02	
  -1.7783210e-02	
  -1.9791468e-02	
  -1.9540847e-02	
  -1.7516502e-02	
  -1.4909374e-02	
  -1.1101849e-02	
  -7.5126350e-03	
  -3.9271101e-03	
  -1.3991635e-03	
   1.3483621e-03	
   6.5779098e-03	
   1.1482934e-02	
   1.3850249e-02	
   1.4357529e-02	
   1.2787806e-02	
   1.1041392e-02	
   1.0078983e-02	
   1.0791309e-02	
   1.2858385e-02	
   1.3890355e-02	
   1.3308143e-02	
   1.0411218e-02	
   6.8949570e-03	
   3.3502588e-03	
   1.5352709e-03	
   2.2012514e-03	
   5.7582236e-03	
   1.0421446e-02	
   1.3758806e-02	
   1.7492924e-02	
   2.2726283e-02	
   2.8208430e-02	
   3.2395924e-02	
   3.6240801e-02	
   3.7462494e-02	
   3.7715649e-02	
   4.0149826e-02	
   4.4327654e-02	
   4.9971334e-02	
   5.5810572e-02	
   6.3084602e-02	
   6.8973703e-02	
   7.2089651e-02	
   7.4595173e-02	
   7.8569871e-02	
   8.0750665e-02	
   7.9880082e-02	
   7.7730821e-02	
   7.4174038e-02	
   7.0130929e-02	
   6.6860986e-02	
   6.4336524e-02	
   6.4497690e-02	
   6.3544474e-02	
   5.8739642e-02	
   5.0029916e-02	
   3.9390050e-02	
   2.8147044e-02	
   1.6408379e-02	
   4.3769004e-03	
  -6.4679411e-03	
  -1.6142469e-02	
  -2.3245992e-02	
  -2.6138558e-02	
  -2.4288125e-02	
  -1.8096219e-02	
  -8.9194334e-03	
   3.0687529e-04	
   8.0430337e-03	
   1.4092369e-02	
   2.0680886e-02	
   2.8971196e-02	
   3.6392847e-02	
   4.2127106e-02	
   4.7860557e-02	
   5.2758446e-02	
   5.6263533e-02	
   5.6939225e-02	
   5.0744190e-02	
   4.0274822e-02	
   2.8679141e-02	
   1.7972967e-02	
   8.1987941e-03	
   1.5368439e-04	
  -4.8504423e-03	
  -6.0947900e-03	
  -5.5702300e-03	
  -7.0419366e-03	
  -9.4721745e-03	
  -1.1110243e-02	
  -1.0781056e-02	
  -1.0898131e-02	
  -1.2610291e-02	
  -1.2894278e-02	
  -1.0478675e-02	
  -7.7557951e-03	
  -7.3216047e-03	
  -5.5698787e-03	
  -2.7181807e-03	
   1.9926946e-04	
   1.6231483e-03	
  -2.9051571e-04	
  -4.8615345e-03	
  -9.6205697e-03	
  -1.2927286e-02	
  -1.5143768e-02	
  -1.4799618e-02	
  -1.1135761e-02	
  -6.0267009e-03	
  -1.5649263e-03	
   2.9850255e-03	
   6.7905670e-03	
   9.4014407e-03	
   1.1470277e-02	
   1.3745220e-02	
   1.4324244e-02	
   1.5051950e-02	
   1.6573229e-02	
   1.7618279e-02	
   1.8001174e-02	
   1.8734022e-02	
   2.0448138e-02	
   2.1094319e-02	
   2.0634716e-02	
   2.0437437e-02	
   2.1286398e-02	
   2.2843407e-02	
   2.2643169e-02	
   2.1175566e-02	
   1.8398853e-02	
   1.2697953e-02	
   5.3013387e-03	
  -4.1473329e-03	
  -1.6384222e-02	
  -2.8314143e-02	
  -4.0738525e-02	
  -5.3271945e-02	
  -6.3253421e-02	
  -7.1273527e-02	
  -7.6525232e-02	
  -7.8432397e-02	
  -7.5746336e-02	
  -6.8777231e-02	
  -5.9227387e-02	
  -4.6246694e-02	
  -3.2557229e-02	
  -2.1834967e-02	
  -1.5554674e-02	
  -1.2501750e-02	
  -1.0997194e-02	
  -8.9696537e-03	
  -7.6950238e-03	
  -7.3206446e-03	
  -6.7480346e-03	
  -5.2932351e-03	
  -2.8853078e-03	
   1.2476811e-03	
   8.2306117e-03	
   1.5312693e-02	
   1.9913262e-02	
   2.3784821e-02	
   2.6244508e-02	
   2.6451396e-02	
   2.2998844e-02	
   1.7734302e-02	
   1.4479168e-02	
   1.3224532e-02	
   1.2015521e-02	
   8.6598722e-03	
   3.7444662e-03	
  -1.9339909e-03	
  -8.6874925e-03	
  -1.5262432e-02	
  -2.0747626e-02	
  -2.4625396e-02	
  -2.6742188e-02	
  -2.8139970e-02	
  -2.9186462e-02	
  -2.9661192e-02	
  -2.9176519e-02	
  -2.8135617e-02	
  -2.8224355e-02	
  -3.1147784e-02	
  -3.6108909e-02	
  -4.1130499e-02	
  -4.5088302e-02	
  -4.8026491e-02	
  -5.1102081e-02	
  -5.5600262e-02	
  -6.0257490e-02	
  -6.4380876e-02	
  -6.9528383e-02	
  -7.5287165e-02	
  -8.3651193e-02	
  -9.3017254e-02	
  -1.0013864e-01	
  -1.0193939e-01	
  -9.8172455e-02	
  -9.0017484e-02	
  -7.9266158e-02	
  -6.7079374e-02	
  -5.6395270e-02	
  -5.0263854e-02	
  -4.8905330e-02	
  -4.8087518e-02	
  -4.6219530e-02	
  -4.4793321e-02	
  -4.5960238e-02	
  -5.1310998e-02	
  -5.5533024e-02	
  -5.6178635e-02	
  -5.4824072e-02	
  -5.2847012e-02	
  -5.1672964e-02	
  -5.1386484e-02	
  -5.3885779e-02	
  -5.6084959e-02	
  -5.4420272e-02	
  -4.9740778e-02	
  -4.4965025e-02	
  -3.9694502e-02	
  -3.3030222e-02	
  -2.5800316e-02	
  -1.9759846e-02	
  -1.3540198e-02	
  -6.4873821e-03	
  -2.2349875e-03	
  -1.3255975e-03	
  -1.7773846e-03	
  -2.3171909e-03	
  -2.8740005e-03	
  -2.2202678e-03	
   1.6616945e-03	
   7.5850909e-03	
   1.3184483e-02	
   1.7983823e-02	
   2.2707057e-02	
   2.7932153e-02	
   3.2005555e-02	
   3.4616881e-02	
   3.6369497e-02	
   3.6987960e-02	
   3.8204837e-02	
   4.0070714e-02	
   4.0941875e-02	
   4.1984317e-02	
   4.0981990e-02	
   3.6526955e-02	
   2.6257393e-02	
   1.4752185e-02	
   4.7797598e-03	
  -4.3636477e-03	
  -1.0676264e-02	
  -1.4829919e-02	
  -1.6645283e-02	
  -1.7371970e-02	
  -1.6019012e-02	
  -1.4443691e-02	
  -1.5090442e-02	
  -1.8946069e-02	
  -2.1819522e-02	
  -2.2194088e-02	
  -2.1668503e-02	
  -2.2243404e-02	
  -2.4734419e-02	
  -2.6554330e-02	
  -2.5296255e-02	
  -2.2138953e-02	
  -1.8313955e-02	
  -1.3629579e-02	
  -7.8612284e-03	
  -3.2312680e-03	
  -1.4416608e-03	
  -1.1511957e-03	
   1.0690803e-03	
   5.6929356e-03	
   1.1625543e-02	
   1.7068138e-02	
   2.0620364e-02	
   2.2460104e-02	
   2.3748815e-02	
   2.4839228e-02	
   2.3247590e-02	
   1.7966251e-02	
   8.6678184e-03	
  -2.2538548e-03	
  -1.1828877e-02	
  -1.8673802e-02	
  -2.1724127e-02	
  -2.1188639e-02	
  -1.8267687e-02	
  -1.4187064e-02	
  -9.8183947e-03	
  -6.7432000e-03	
  -6.2688366e-03	
  -8.9043070e-03	
  -1.2544969e-02	
  -1.3913330e-02	
  -1.3666319e-02	
  -1.2743259e-02	
  -1.1866938e-02	
  -1.0590330e-02	
  -7.9174422e-03	
  -5.7028932e-03	
  -4.8605027e-03	
  -4.7551966e-03	
  -3.7591484e-03	
  -1.8967976e-03	
  -2.4353292e-04	
   1.6385078e-03	
   4.1903844e-03	
   7.5954993e-03	
   1.2179425e-02	
   1.8003423e-02	
   2.3769491e-02	
   2.7158049e-02	
   2.7476926e-02	
   2.8230361e-02	
   2.8680062e-02	
   2.8964399e-02	
   3.0092180e-02	
   3.2432314e-02	
   3.5120396e-02	
   3.6365618e-02	
   3.4114946e-02	
   2.8945353e-02	
   2.2635916e-02	
   1.7077396e-02	
   1.2101454e-02	
   6.6753643e-03	
   6.2528512e-04	
  -5.6466737e-03	
  -1.1963793e-02	
  -1.8066839e-02	
  -2.1210204e-02	
  -2.1295852e-02	
  -1.9699479e-02	
  -1.5577983e-02	
  -9.5396483e-03	
  -3.5497953e-03	
   3.5168782e-03	
   1.1190048e-02	
   1.8566898e-02	
   2.4575575e-02	
   2.7982349e-02	
   2.8682018e-02	
   2.7256167e-02	
   2.4969351e-02	
   2.3636915e-02	
   2.1395608e-02	
   1.9416462e-02	
   1.8078387e-02	
   1.8235006e-02	
   1.9511393e-02	
   1.8425528e-02	
   1.6384418e-02	
   1.7866634e-02	
   2.1291288e-02	
   2.2766886e-02	
   2.0879322e-02	
   1.9334856e-02	
   1.9375280e-02	
   1.9732470e-02	
   1.8345463e-02	
   1.7570870e-02	
   1.7411619e-02	
   1.6826523e-02	
   1.6505323e-02	
   1.4042360e-02	
   9.2354822e-03	
   5.6120126e-03	
   4.6995329e-03	
   5.1144616e-03	
   4.6359710e-03	
   3.3208373e-03	
   1.8698015e-03	
   6.2103766e-04	
   1.8280197e-04	
  -2.2856960e-03	
  -6.2865294e-03	
  -1.1400831e-02	
  -1.3289113e-02	
  -1.2523209e-02	
  -1.0813444e-02	
  -6.7318046e-03	
  -1.5242627e-03	
   6.6479664e-03	
   1.5891767e-02	
   2.3285063e-02	
   2.9973777e-02	
   3.5343966e-02	
   3.9779620e-02	
   4.4656613e-02	
   4.8143933e-02	
   5.0810865e-02	
   5.3436828e-02	
   5.6904017e-02	
   6.0443644e-02	
   6.0706286e-02	
   5.6490445e-02	
   5.1967627e-02	
   4.9367940e-02	
   4.6437795e-02	
   4.1999501e-02	
   3.7449837e-02	
   3.4111295e-02	
   3.0921972e-02	
   2.5075944e-02	
   1.6636954e-02	
   7.1666137e-03	
  -3.4383766e-03	
  -1.5456883e-02	
  -2.8471202e-02	
  -4.2472568e-02	
  -5.2368632e-02	
  -5.5938373e-02	
  -5.5500245e-02	
  -5.2498119e-02	
  -5.0851200e-02	
  -4.7585218e-02	
  -3.9537451e-02	
  -2.9376569e-02	
  -2.0947562e-02	
  -1.4954965e-02	
  -1.2087412e-02	
  -1.0911049e-02	
  -9.5839355e-03	
  -6.4652263e-03	
  -1.1646122e-03	
   8.0231477e-03	
   2.1706229e-02	
   3.8383044e-02	
   5.3926855e-02	
   6.5422503e-02	
   7.1180723e-02	
   7.0511640e-02	
   6.5092216e-02	
   5.6705345e-02	
   4.7216283e-02	
   3.5045155e-02	
   2.1636384e-02	
   9.6685651e-03	
  -1.4712999e-03	
  -1.2084926e-02	
  -1.9789349e-02	
  -2.5626583e-02	
  -3.3128340e-02	
  -4.4376742e-02	
  -5.5413219e-02	
  -6.1677872e-02	
  -6.6472590e-02	
  -6.8696130e-02	
  -6.9441464e-02	
  -6.9324210e-02	
  -6.8631044e-02	
  -6.8811404e-02	
  -6.8652104e-02	
  -6.6629233e-02	
  -6.2895441e-02	
  -5.9777536e-02	
  -5.4483288e-02	
  -4.7182086e-02	
  -4.1185626e-02	
  -3.4402364e-02	
  -2.3347403e-02	
  -1.0751945e-02	
   2.3526442e-04	
   9.0973397e-03	
   1.6108345e-02	
   2.2147160e-02	
   2.6863076e-02	
   2.9333113e-02	
   2.9194596e-02	
   2.5322979e-02	
   2.0446345e-02	
   1.5676012e-02	
   1.1036632e-02	
   6.7992459e-03	
   3.0298399e-03	
  -1.2494170e-03	
  -5.2613295e-03	
  -8.7701824e-03	
  -1.3299170e-02	
  -1.8689702e-02	
  -2.2158945e-02	
  -2.2731556e-02	
  -2.3130156e-02	
  -2.5867505e-02	
  -2.9432943e-02	
  -2.9734419e-02	
  -2.8255797e-02	
  -2.7534832e-02	
  -2.6800566e-02	
  -2.4596056e-02	
  -1.9208719e-02	
  -1.1378248e-02	
  -2.5982233e-03	
   6.4672263e-03	
   1.3673638e-02	
   1.9256233e-02	
   2.2682713e-02	
   2.3524975e-02	
   2.4218426e-02	
   2.2275743e-02	
   1.6934331e-02	
   9.8423312e-03	
   3.9159625e-03	
   9.4905120e-04	
   2.4708722e-03	
   6.7270825e-03	
   1.2689509e-02	
   1.8940902e-02	
   2.3701520e-02	
   2.7464652e-02	
   2.9631330e-02	
   2.9354238e-02	
   2.7274114e-02	
   2.5910879e-02	
   2.5044045e-02	
   2.5184136e-02	
   2.6461021e-02	
   2.6544966e-02	
   2.5545156e-02	
   2.6193725e-02	
   2.8835792e-02	
   3.1196179e-02	
   3.3863682e-02	
   3.8141601e-02	
   4.4394134e-02	
   4.9862735e-02	
   5.3056280e-02	
   5.5267856e-02	
   5.6973838e-02	
   5.8910213e-02	
   5.9758245e-02	
   5.8072165e-02	
   5.4157255e-02	
   4.8308815e-02	
   4.1008934e-02	
   3.1525928e-02	
   2.2586551e-02	
   1.4566161e-02	
   8.8176562e-03	
   3.7510685e-03	
   8.6436374e-04	
   1.3764486e-03	
   3.9071353e-03	
   1.0093856e-02	
   1.8442317e-02	
   2.6810729e-02	
   3.4269454e-02	
   3.8656420e-02	
   4.1286938e-02	
   4.4283538e-02	
   4.7121980e-02	
   4.6035365e-02	
   4.3152865e-02	
   4.0732494e-02	
   3.6639466e-02	
   3.1530484e-02	
   2.6415731e-02	
   2.2336795e-02	
   1.9785991e-02	
   1.6816604e-02	
   1.4059158e-02	
   1.0609531e-02	
   5.6586037e-03	
   1.2033540e-03	
  -7.2958653e-04	
  -9.9228940e-04	
  -1.1246650e-03	
   1.2419850e-04	
   2.1353016e-03	
   4.2455893e-03	
   6.5847403e-03	
   8.2871971e-03	
   8.3333424e-03	
   7.5935009e-03	
   8.2578327e-03	
   7.4071234e-03	
   4.9663329e-03	
   2.8981742e-03	
   3.9121508e-03	
   8.8775668e-03	
   1.8015616e-02	
   2.7913546e-02	
   3.6746044e-02	
   4.5769349e-02	
   5.3926040e-02	
   6.2008615e-02	
   7.0162551e-02	
   7.5908163e-02	
   7.8704648e-02	
   7.8895447e-02	
   7.6667140e-02	
   7.1909219e-02	
   6.6310038e-02	
   6.0911470e-02	
   5.5387351e-02	
   4.8849429e-02	
   4.1245618e-02	
   3.1696841e-02	
   1.8303661e-02	
   5.6205407e-03	
  -2.3734487e-03	
  -5.5222036e-03	
  -7.2101290e-03	
  -1.0827153e-02	
  -1.3430646e-02	
  -1.4832617e-02	
  -1.3482080e-02	
  -6.9654749e-03	
   1.6874396e-03	
   1.0295862e-02	
   1.6880655e-02	
   1.8866549e-02	
   1.7172466e-02	
   1.4738525e-02	
   1.4510822e-02	
   1.2949095e-02	
   1.1664997e-02	
   1.0394119e-02	
   6.9002651e-03	
   2.5680797e-03	
  -2.7901020e-03	
  -8.3108566e-03	
  -1.1561525e-02	
  -1.2987221e-02	
  -1.6512348e-02	
  -2.2875526e-02	
  -3.0972103e-02	
  -3.8220379e-02	
  -4.3581807e-02	
  -4.5520334e-02	
  -4.3066091e-02	
  -3.8259311e-02	
  -3.2954085e-02	
  -2.7222850e-02	
  -2.3335170e-02	
  -2.1429553e-02	
  -1.8959418e-02	
  -1.6086340e-02	
  -1.2257518e-02	
  -8.7950073e-03	
  -7.7832573e-03	
  -8.7060501e-03	
  -9.7923391e-03	
  -1.0775066e-02	
  -1.2136801e-02	
  -1.4929439e-02	
  -1.9961249e-02	
  -2.5881450e-02	
  -3.2539054e-02	
  -3.8083833e-02	
  -4.1681211e-02	
  -4.3535042e-02	
  -4.2566806e-02	
  -3.9126650e-02	
  -3.5656291e-02	
  -3.3536158e-02	
  -3.2351743e-02	
  -3.0794376e-02	
  -2.8059888e-02	
  -2.6393759e-02	
  -2.4267733e-02	
  -2.1754339e-02	
  -1.9587653e-02	
  -1.7315188e-02	
  -1.5219188e-02	
  -1.2161821e-02	
  -7.8768666e-03	
  -4.2009208e-03	
  -2.3485309e-03	
  -3.2444514e-03	
  -6.8187855e-03	
  -1.1722830e-02	
  -1.5748432e-02	
  -1.8071060e-02	
  -2.0491773e-02	
  -2.3939794e-02	
  -2.5163524e-02	
  -2.5412499e-02	
  -2.7414253e-02	
  -2.9738951e-02	
  -3.2770840e-02	
  -3.5863822e-02	
  -3.7795861e-02	
  -4.1092879e-02	
  -4.5488655e-02	
  -4.8561392e-02	
  -5.0664752e-02	
  -5.2336586e-02	
  -5.2789490e-02	
  -5.2249569e-02	
  -5.0774867e-02	
  -5.0448353e-02	
  -5.0096974e-02	
  -4.7417409e-02	
  -4.2830385e-02	
  -3.7893123e-02	
  -3.1269480e-02	
  -2.3622832e-02	
  -1.6712553e-02	
  -1.1894518e-02	
  -8.0126513e-03	
  -2.9752300e-03	
   1.1861697e-03	
   4.3129115e-03	
   7.5088534e-03	
   1.0155112e-02	
   1.3313506e-02	
   1.6775683e-02	
   1.8894153e-02	
   2.0987570e-02	
   2.0997644e-02	
   1.7691083e-02	
   1.3166904e-02	
   7.0782457e-03	
  -2.2953766e-03	
  -1.2710471e-02	
  -1.9687010e-02	
  -2.2197079e-02	
  -2.3192357e-02	
  -2.5268464e-02	
  -2.6958097e-02	
  -2.5909062e-02	
  -2.3437672e-02	
  -2.0956079e-02	
  -1.9520684e-02	
  -1.7269068e-02	
  -1.4712722e-02	
  -1.4340121e-02	
  -1.6490759e-02	
  -2.0018641e-02	
  -2.4819961e-02	
  -2.9443790e-02	
  -3.4562936e-02	
  -3.7874778e-02	
  -3.8995069e-02	
  -4.0304537e-02	
  -3.9171019e-02	
  -3.5700586e-02	
  -3.1562098e-02	
  -2.6680834e-02	
  -2.1705447e-02	
  -1.7273444e-02	
  -1.2579435e-02	
  -6.9333338e-03	
  -1.3094507e-03	
   5.9218063e-03	
   1.4230845e-02	
   1.9477220e-02	
   2.1245208e-02	
   1.8895832e-02	
   1.3414631e-02	
   4.2730923e-03	
  -7.3278598e-03	
  -1.9538802e-02	
  -3.1971105e-02	
  -4.3686632e-02	
  -5.1311585e-02	
  -5.5950003e-02	
  -5.7418233e-02	
  -5.5183300e-02	
  -5.0344971e-02	
  -4.3326468e-02	
  -3.5353518e-02	
  -2.6892368e-02	
  -2.0566688e-02	
  -1.6747948e-02	
  -1.4809169e-02	
  -1.3064939e-02	
  -9.9412559e-03	
  -6.6587758e-03	
  -3.7505501e-03	
  -2.9605869e-03	
  -5.0813596e-03	
  -7.8853084e-03	
  -1.1180863e-02	
  -1.4819373e-02	
  -1.8108591e-02	
  -2.0639533e-02	
  -2.4546300e-02	
  -2.9058980e-02	
  -3.0208782e-02	
  -2.9845561e-02	
  -2.6187099e-02	
  -1.9826081e-02	
  -1.3639864e-02	
  -7.7771554e-03	
  -2.8041901e-03	
   7.3533220e-04	
   3.9606482e-03	
   1.0111819e-02	
   2.0046783e-02	
   2.8912875e-02	
   3.7370611e-02	
   4.4494843e-02	
   4.7964657e-02	
   4.7314434e-02	
   4.5258539e-02	
   4.4574314e-02	
   4.3918598e-02	
   4.2513684e-02	
   3.8400575e-02	
   3.4215143e-02	
   3.1231525e-02	
   3.0524431e-02	
   3.0325906e-02	
   2.9406594e-02	
   2.8729573e-02	
   2.6179617e-02	
   2.3682645e-02	
   2.2799535e-02	
   2.3001272e-02	
   2.4059134e-02	
   2.4030568e-02	
   2.4818584e-02	
   2.4616138e-02	
   2.3092577e-02	
   2.2604481e-02	
   2.4027936e-02	
   2.6596677e-02	
   2.9506105e-02	
   3.2580725e-02	
   3.5945159e-02	
   3.9586278e-02	
   4.3328790e-02	
   4.6686199e-02	
   4.9109194e-02	
   4.9372773e-02	
   4.8023011e-02	
   4.4201680e-02	
   4.1069366e-02	
   3.8234861e-02	
   3.2712983e-02	
   2.6602219e-02	
   2.0385994e-02	
   1.3883166e-02	
   9.3569498e-03	
   7.5712066e-03	
   8.1149982e-03	
   8.6680385e-03	
   1.0364974e-02	
   9.6520776e-03	
   5.8025229e-03	
   1.9924321e-03	
  -5.1334095e-04	
  -2.5624643e-03	
  -7.2322464e-03	
  -1.1984974e-02	
  -1.5027972e-02	
  -1.9091750e-02	
  -2.2109279e-02	
  -2.1302030e-02	
  -1.6676424e-02	
  -7.7823877e-03	
   4.7702235e-03	
   1.7501685e-02	
   2.6505308e-02	
   3.3235537e-02	
   4.0301180e-02	
   4.5575411e-02	
   4.7855692e-02	
   4.7993614e-02	
   4.8099051e-02	
   4.7604606e-02	
   4.5807768e-02	
   4.5823139e-02	
   4.5948689e-02	
   4.3882632e-02	
   4.0858835e-02	
   3.6458968e-02	
   2.8032650e-02	
   1.9360871e-02	
   1.1151498e-02	
   3.8060133e-03	
  -2.4566129e-03	
  -9.5510502e-03	
  -1.7984246e-02	
  -2.7346877e-02	
  -3.5793643e-02	
  -4.5148123e-02	
  -5.4760901e-02	
  -6.2678333e-02	
  -7.0955457e-02	
  -7.8673539e-02	
  -8.3633996e-02	
  -8.5715343e-02	
  -8.2385090e-02	
  -7.3885113e-02	
  -6.4126694e-02	
  -5.5362265e-02	
  -4.6027182e-02	
  -3.6898457e-02	
  -2.8719418e-02	
  -2.0574015e-02	
  -1.5525660e-02	
  -1.2793984e-02	
  -1.0685326e-02	
  -8.9075099e-03	
  -7.0203839e-03	
  -4.5515558e-03	
  -3.0223623e-03	
  -2.0477437e-03	
  -1.5749036e-03	
  -8.5985679e-04	
  -1.9388165e-03	
  -4.9819540e-03	
  -7.1069842e-03	
  -7.4433241e-03	
  -4.4818716e-03	
  -2.5851922e-04	
   4.2426105e-03	
   8.6410375e-03	
   1.1474980e-02	
   1.3903818e-02	
   1.7953016e-02	
   2.0519475e-02	
   2.0764546e-02	
   2.0988516e-02	
   2.0612059e-02	
   1.8606849e-02	
   1.5160092e-02	
   1.1003111e-02	
   7.3999954e-03	
   4.4908138e-03	
  -7.7247795e-04	
  -7.7318113e-03	
  -1.3108460e-02	
  -1.7043769e-02	
  -2.0734855e-02	
  -2.3145837e-02	
  -2.5785051e-02	
  -2.7430153e-02	
  -2.8930226e-02	
  -3.0880211e-02	
  -3.3350175e-02	
  -3.4899042e-02	
  -3.5421440e-02	
  -3.3622858e-02	
  -3.0883048e-02	
  -2.7758680e-02	
  -2.2123851e-02	
  -1.4816113e-02	
  -5.1284698e-03	
   5.0036395e-03	
   1.4795616e-02	
   2.3370883e-02	
   3.2331971e-02	
   4.1073384e-02	
   4.9021875e-02	
   5.4642335e-02	
   5.7373286e-02	
   5.8818941e-02	
   5.8442574e-02	
   5.9033783e-02	
   5.8562909e-02	
   5.6360111e-02	
   5.2929344e-02	
   4.8497480e-02	
   4.2924518e-02	
   3.6010074e-02	
   2.9608111e-02	
   2.5061886e-02	
   2.1039486e-02	
   1.6615853e-02	
   1.3264475e-02	
   1.0983877e-02	
   7.7185822e-03	
   4.6993805e-03	
   3.7247049e-03	
   4.0257822e-03	
   4.8282621e-03	
   7.1648068e-03	
   8.9967605e-03	
   8.3795855e-03	
   6.4274347e-03	
   3.4846001e-03	
  -1.5043718e-04	
  -5.4772205e-03	
  -1.0802409e-02	
  -1.6949579e-02	
  -2.2819315e-02	
  -2.4841029e-02	
  -2.5784375e-02	
  -2.5954360e-02	
  -2.1817998e-02	
  -1.4573708e-02	
  -8.5280459e-03	
  -5.9657593e-03	
  -4.4368747e-03	
  -3.8203492e-03	
  -3.5996936e-03	
  -3.4160586e-03	
  -5.8285548e-03	
  -1.0011150e-02	
  -1.3979891e-02	
  -1.8521462e-02	
  -2.2337170e-02	
  -2.3934545e-02	
  -2.3060824e-02	
  -2.0702434e-02	
  -1.6679603e-02	
  -1.3905000e-02	
  -1.0860926e-02	
  -6.3580253e-03	
   9.3931276e-04	
   1.0931049e-02	
   1.8688651e-02	
   2.2583177e-02	
   2.4039322e-02	
   2.4683563e-02	
   2.4458256e-02	
   2.2117397e-02	
   1.9641378e-02	
   1.9581443e-02	
   2.1606848e-02	
   2.3991579e-02	
   2.6247246e-02	
   2.8836159e-02	
   3.1212854e-02	
   3.4480792e-02	
   3.7895357e-02	
   4.0730334e-02	
   4.2709244e-02	
   4.1715156e-02	
   3.8357747e-02	
   3.2604768e-02	
   2.5115757e-02	
   1.5912614e-02	
   5.5949139e-03	
  -4.8512304e-03	
  -1.6133740e-02	
  -2.5076132e-02	
  -3.3402033e-02	
  -4.1232619e-02	
  -4.7364605e-02	
  -5.0780172e-02	
  -5.1295839e-02	
  -4.8186011e-02	
  -4.4017115e-02	
  -4.1121974e-02	
  -3.9560247e-02	
  -3.8082309e-02	
  -3.6196481e-02	
  -3.3968002e-02	
  -3.1329399e-02	
  -2.8966999e-02	
  -2.6268542e-02	
  -2.4123087e-02	
  -2.2748908e-02	
  -2.1034848e-02	
  -1.8439848e-02	
  -1.5905279e-02	
  -1.3552790e-02	
  -1.2503966e-02	
  -1.0758310e-02	
  -8.4339216e-03	
  -5.5276601e-03	
   4.4217686e-05	
   6.7331747e-03	
   1.2615426e-02	
   1.6664313e-02	
   1.8441559e-02	
   1.8506295e-02	
   1.6524092e-02	
   1.1256128e-02	
   7.2024443e-03	
   4.4597851e-03	
   3.5911541e-03	
   3.1417191e-03	
   2.3161778e-03	
   2.4851591e-03	
   4.5418353e-03	
   8.1383683e-03	
   1.0755066e-02	
   1.3091842e-02	
   1.2988802e-02	
   1.3018663e-02	
   1.4076973e-02	
   1.5798392e-02	
   1.7858451e-02	
   1.8883852e-02	
   1.9394123e-02	
   1.8166366e-02	
   1.5766444e-02	
   1.1899758e-02	
   5.3338335e-03	
  -1.2458799e-03	
  -7.4240852e-03	
  -1.4564539e-02	
  -2.1744412e-02	
  -2.8654341e-02	
  -3.4661380e-02	
  -3.8359271e-02	
  -4.1016057e-02	
  -4.5062361e-02	
  -4.8969495e-02	
  -5.3720912e-02	
  -5.7703361e-02	
  -6.0276650e-02	
  -6.1715785e-02	
  -6.2738064e-02	
  -6.1640781e-02	
  -5.7509717e-02	
  -4.8741670e-02	
  -3.6655554e-02	
  -2.4611867e-02	
  -1.1055858e-02	
   2.6103407e-04	
   7.7088829e-03	
   1.3103244e-02	
   1.7150917e-02	
   1.9088718e-02	
   1.7570365e-02	
   1.3238860e-02	
   8.0700175e-03	
   3.2211123e-03	
   2.1571053e-04	
  -7.1552355e-04	
  -1.5583599e-03	
  -2.8685563e-03	
  -3.1145771e-03	
  -4.6837830e-03	
  -6.1035815e-03	
  -6.0261817e-03	
  -5.9912296e-03	
  -5.5414099e-03	
  -4.4954984e-03	
  -2.0359980e-03	
   4.5909594e-07	
   2.8576655e-04	
  -8.2065855e-04	
  -1.2992714e-04	
   3.5720814e-04	
   1.3677403e-04	
   2.6466310e-04	
   1.1912390e-03	
   2.0999999e-03	
   2.8578537e-03	
   4.0402093e-03	
   3.7729520e-03	
   1.1633465e-03	
  -3.7643709e-03	
  -9.7569274e-03	
  -1.5180744e-02	
  -1.9700351e-02	
  -2.4701150e-02	
  -3.0595434e-02	
  -3.5659184e-02	
  -3.7958682e-02	
  -3.6865327e-02	
  -3.2351384e-02	
  -2.3268038e-02	
  -1.2884743e-02	
  -3.0128398e-03	
   7.4826226e-03	
   1.6216715e-02	
   2.1952954e-02	
   2.5847847e-02	
   2.9233072e-02	
   3.1223848e-02	
   3.4144914e-02	
   3.7114717e-02	
   3.8098976e-02	
   3.8355171e-02	
   3.7110862e-02	
   3.8032863e-02	
   4.0914402e-02	
   4.5562379e-02	
   5.0784345e-02	
   5.7765065e-02	
   6.4777488e-02	
   7.1086949e-02	
   7.7589557e-02	
   8.2330648e-02	
   8.5884130e-02	
   8.8112421e-02	
   8.6300676e-02	
   8.0379367e-02	
   7.1669348e-02	
   6.1607545e-02	
   5.2693295e-02	
   4.5206827e-02	
   3.8919347e-02	
   3.0902331e-02	
   2.1885423e-02	
   1.5844456e-02	
   1.2889983e-02	
   1.2387169e-02	
   1.2459598e-02	
   1.2273126e-02	
   1.0973894e-02	
   1.0532775e-02	
   9.5764945e-03	
   7.7964449e-03	
   8.1151237e-03	
   1.0642898e-02	
   1.3714062e-02	
   1.5920267e-02	
   1.7926553e-02	
   2.1330579e-02	
   2.3717079e-02	
   2.4564524e-02	
   2.4061090e-02	
   2.2103322e-02	
   1.9150772e-02	
   1.5057052e-02	
   9.7443845e-03	
   4.5620244e-03	
   8.9517725e-04	
  -9.7504481e-04	
  -3.2071627e-03	
  -5.6108023e-03	
  -8.1365631e-03	
  -1.0228739e-02	
  -9.1833548e-03	
  -7.9525247e-03	
  -6.9612271e-03	
  -5.6368179e-03	
  -2.2632966e-03	
   2.5292620e-03	
   7.4302466e-03	
   1.2348644e-02	
   1.5460876e-02	
   1.6257791e-02	
   1.4011594e-02	
   1.0797691e-02	
   7.0197482e-03	
   3.8690104e-03	
   9.3870559e-04	
  -3.8790161e-04	
  -7.9379044e-04	
  -1.2161202e-03	
  -1.4205507e-03	
  -1.0494519e-03	
  -7.2917227e-05	
  -6.7499995e-05	
   1.1746742e-04	
   1.9271865e-04	
  -2.5189132e-04	
  -7.4020737e-04	
  -1.9411556e-03	
  -3.5765982e-03	
  -3.9117164e-03	
  -4.1139766e-03	
  -6.0839937e-03	
  -9.6710427e-03	
  -1.3411387e-02	
  -1.8649824e-02	
  -2.1349887e-02	
  -2.3349962e-02	
  -2.6833117e-02	
  -2.9878153e-02	
  -3.3049383e-02	
  -3.4548738e-02	
  -3.3207305e-02	
  -3.0535825e-02	
  -2.7820318e-02	
  -2.4886628e-02	
  -2.1001181e-02	
  -1.7878337e-02	
  -1.5476801e-02	
  -1.4120405e-02	
  -1.1598770e-02	
  -8.4357309e-03	
  -8.2431464e-03	
  -9.5088251e-03	
  -1.0049480e-02	
  -1.0522677e-02	
  -8.7681938e-03	
  -4.4281240e-03	
   1.9519592e-03	
   9.9992595e-03	
   1.6084302e-02	
   2.0254339e-02	
   2.4975846e-02	
   2.9141401e-02	
   3.0403575e-02	
   2.7794304e-02	
   2.1907184e-02	
   1.2182033e-02	
   8.2694627e-04	
  -1.0330728e-02	
  -2.2271839e-02	
  -3.2827466e-02	
  -3.8980692e-02	
  -4.1638839e-02	
  -4.1452367e-02	
  -4.1422840e-02	
  -3.9911854e-02	
  -3.6520843e-02	
  -3.2659731e-02	
  -2.6958733e-02	
  -2.3491478e-02	
  -2.4848396e-02	
  -2.9927493e-02	
  -3.5676959e-02	
  -4.2210627e-02	
  -4.8800578e-02	
  -5.3141374e-02	
  -5.7057914e-02	
  -6.0810875e-02	
  -6.2617412e-02	
  -6.2840453e-02	
  -6.2103530e-02	
  -6.1290062e-02	
  -6.0679179e-02	
  -6.0353839e-02	
  -5.7957266e-02	
  -5.3144333e-02	
  -4.7470979e-02	
  -4.0968184e-02	
  -3.5875754e-02	
  -3.4288207e-02	
  -3.3906559e-02	
  -3.2907483e-02	
  -2.8764251e-02	
  -2.2530594e-02	
  -1.7408025e-02	
  -1.4569665e-02	
  -1.0696394e-02	
  -4.8932225e-03	
   7.8036030e-04	
   6.2197589e-03	
   1.0552237e-02	
   1.2261121e-02	
   1.1051750e-02	
   6.8152598e-03	
  -4.2585625e-05	
  -8.2942468e-03	
  -1.6333961e-02	
  -2.4013510e-02	
  -2.7600048e-02	
  -2.9456806e-02	
  -2.9606432e-02	
  -2.6807762e-02	
  -2.0965003e-02	
  -1.2354878e-02	
  -4.8290364e-03	
   4.4137116e-04	
   3.9148884e-03	
   4.4587843e-03	
   3.3798629e-03	
   2.1009608e-03	
   1.8305927e-03	
   3.8368652e-04	
  -6.9841971e-04	
  -1.0183050e-03	
  -2.0459711e-03	
  -2.4224261e-03	
  -2.6858317e-03	
  -3.3108756e-03	
  -4.3111365e-03	
  -4.1341527e-03	
  -1.9169729e-03	
   3.3860031e-04	
   1.5498822e-03	
   2.3545187e-03	
   4.6031306e-03	
   7.2294216e-03	
   8.0784104e-03	
   6.8275949e-03	
   4.9628724e-03	
   3.5309598e-03	
   2.8136237e-03	
   9.9865047e-04	
   1.0839402e-04	
   1.3357475e-04	
   4.5136640e-04	
   8.6702471e-04	
   5.0048457e-04	
   1.6255371e-03	
   2.5746681e-03	
   1.9164236e-03	
   1.4635852e-03	
   1.9645086e-03	
   3.4998015e-03	
   3.2538573e-03	
   1.2398986e-03	
  -8.0786402e-04	
  -2.2813896e-03	
  -2.7728158e-03	
  -1.7077885e-03	
   5.3309085e-04	
   3.4831266e-03	
   7.3296846e-03	
   1.0985678e-02	
   1.5867365e-02	
   2.1296268e-02	
   2.6467296e-02	
   2.9131287e-02	
   2.7935486e-02	
   2.3881114e-02	
   1.8207915e-02	
   1.1053649e-02	
   5.4389913e-03	
   2.9348240e-04	
  -5.2087212e-03	
  -1.0869076e-02	
  -1.5575351e-02	
  -1.6689130e-02	
  -1.4871289e-02	
  -1.1545420e-02	
  -6.2842833e-03	
  -1.4649845e-03	
   1.5450868e-03	
   3.3539451e-03	
   2.4385354e-03	
   5.7033961e-04	
  -1.1329103e-03	
  -2.9750108e-03	
  -5.5258418e-03	
  -7.9377031e-03	
  -1.0600615e-02	
  -1.2825296e-02	
  -1.4043681e-02	
  -1.4489812e-02	
  -1.4384489e-02	
  -1.2433942e-02	
  -1.0259570e-02	
  -7.0305975e-03	
  -1.4740375e-03	
   3.6861920e-03	
   8.9022124e-03	
   1.4772886e-02	
   1.9539185e-02	
   2.3165161e-02	
   2.4470334e-02	
   2.5232555e-02	
   2.5541285e-02	
   2.4944118e-02	
   2.3286946e-02	
   2.4582886e-02	
   2.6314810e-02	
   2.8004085e-02	
   3.0101764e-02	
   3.1971113e-02	
   3.3632344e-02	
   3.5481677e-02	
   3.6544747e-02	
   3.5508711e-02	
   3.2104920e-02	
   2.6489684e-02	
   1.9278703e-02	
   1.1858348e-02	
   6.1016360e-03	
   3.8041372e-03	
   1.9354066e-03	
   1.7137331e-04	
  -2.3470924e-03	
  -6.6242744e-03	
  -1.1846278e-02	
  -1.7111944e-02	
  -2.0244519e-02	
  -2.0547698e-02	
  -1.9901917e-02	
  -2.0917717e-02	
  -2.3391193e-02	
  -2.6990803e-02	
  -2.8734333e-02	
  -2.6576033e-02	
  -2.0640731e-02	
  -1.3455634e-02	
  -5.8773880e-03	
   3.3899640e-03	
   1.1777997e-02	
   2.0099065e-02	
   3.0068463e-02	
   4.0547530e-02	
   4.8308481e-02	
   5.1679052e-02	
   5.1752573e-02	
   4.8095758e-02	
   4.1952101e-02	
   3.4932277e-02	
   2.8896290e-02	
   2.3191779e-02	
   1.4346632e-02	
   5.7824234e-03	
  -5.2824266e-04	
  -5.9775979e-03	
  -9.5540902e-03	
  -1.0347729e-02	
  -7.5829417e-03	
  -4.5726105e-03	
  -1.8041508e-03	
   6.5437540e-04	
   2.7746854e-03	
   5.6547944e-03	
   9.1539333e-03	
   1.2700267e-02	
   1.5612979e-02	
   1.7045652e-02	
   1.7837123e-02	
   1.8876655e-02	
   1.8742490e-02	
   1.8230645e-02	
   1.6347246e-02	
   1.1939465e-02	
   8.0367028e-03	
   4.6862753e-03	
   1.3343457e-03	
  -1.9984794e-03	
  -4.9943493e-03	
  -5.9134835e-03	
  -6.2763859e-03	
  -6.0614688e-03	
  -4.5082067e-03	
  -2.5771417e-03	
   6.5301419e-04	
   4.1522596e-03	
   6.7302382e-03	
   8.7288701e-03	
   9.4864696e-03	
   8.8982026e-03	
   8.5180540e-03	
   7.2503011e-03	
   4.6333500e-03	
   1.3339635e-03	
  -2.4402852e-03	
  -7.0745610e-03	
  -1.1384874e-02	
  -1.5005593e-02	
  -1.7948778e-02	
  -2.0886095e-02	
  -2.2907344e-02	
  -2.5033287e-02	
  -2.6555471e-02	
  -2.7999928e-02	
  -2.9501753e-02	
  -2.9875145e-02	
  -3.1499473e-02	
  -3.0932608e-02	
  -2.9581542e-02	
  -2.8139994e-02	
  -2.4553244e-02	
  -1.9321099e-02	
  -1.5134925e-02	
  -1.2235228e-02	
  -9.6692170e-03	
  -7.3915708e-03	
  -5.1134453e-03	
  -1.7688173e-03	
   5.8194121e-04	
   2.8049896e-04	
  -1.1750996e-04	
  -1.1106478e-04	
  -9.6534142e-04	
  -4.5655868e-04	
   7.8319756e-04	
   1.7091259e-03	
   2.1094914e-03	
   2.9219893e-03	
   4.9490842e-03	
   6.7905034e-03	
   9.7955176e-03	
   1.3334663e-02	
   1.4990189e-02	
   1.4970768e-02	
   1.1018401e-02	
   5.0790621e-03	
   1.2877122e-03	
  -1.4725412e-03	
  -2.8436043e-03	
  -4.9170270e-03	
  -7.9395507e-03	
  -9.0226205e-03	
  -7.6005360e-03	
  -1.7141822e-03	
   7.5282846e-03	
   1.6707076e-02	
   2.5655646e-02	
   3.3888254e-02	
   4.0204643e-02	
   4.5239053e-02	
   4.9772678e-02	
   5.4625880e-02	
   5.7678944e-02	
   5.8728281e-02	
   5.7535732e-02	
   5.5416830e-02	
   5.3355572e-02	
   5.2120171e-02	
   5.2283195e-02	
   5.2042314e-02	
   5.1484569e-02	
   5.0740506e-02	
   5.0433056e-02	
   5.0295851e-02	
   4.7650890e-02	
   4.5473104e-02	
   4.2724028e-02	
   4.0657237e-02	
   3.8090557e-02	
   3.3484128e-02	
   3.0867326e-02	
   2.8572857e-02	
   2.4582886e-02	
   2.0708457e-02	
   1.8518536e-02	
   1.6755781e-02	
   1.4439379e-02	
   1.2388253e-02	
   1.2592801e-02	
   1.2489810e-02	
   1.0915523e-02	
   1.0465676e-02	
   1.0840519e-02	
   1.0949321e-02	
   9.9359177e-03	
   8.8865155e-03	
   7.9079809e-03	
   8.1546863e-03	
   7.4525841e-03	
   5.0582274e-03	
   3.3525237e-03	
   1.0572539e-03	
  -2.1626335e-03	
  -6.3556528e-03	
  -9.4448394e-03	
  -1.3743215e-02	
  -1.9477082e-02	
  -2.4420603e-02	
  -2.8314151e-02	
  -3.0479615e-02	
  -3.1790892e-02	
  -3.0789225e-02	
  -2.8714259e-02	
  -2.5315408e-02	
  -2.0602483e-02	
  -1.7363233e-02	
  -1.3872123e-02	
  -1.0591308e-02	
  -9.4406096e-03	
  -1.0493068e-02	
  -1.1385248e-02	
  -1.2541538e-02	
  -1.5009358e-02	
  -1.7799665e-02	
  -1.8419350e-02	
  -1.9705828e-02	
  -2.2003533e-02	
  -2.2750766e-02	
  -2.2740301e-02	
  -2.2411522e-02	
  -2.2039629e-02	
  -2.2752037e-02	
  -2.3011028e-02	
  -2.3902858e-02	
  -2.4790678e-02	
  -2.5631416e-02	
  -2.5562426e-02	
  -2.4226258e-02	
  -2.3195764e-02	
  -2.2057486e-02	
  -1.9695037e-02	
  -1.7365629e-02	
  -1.4909643e-02	
  -1.0925450e-02	
  -8.2139205e-03	
  -7.1969895e-03	
  -6.1933390e-03	
  -5.9171958e-03	
  -7.5493238e-03	
  -9.8427469e-03	
  -1.2698988e-02	
  -1.5135960e-02	
  -1.6318240e-02	
  -1.6974241e-02	
  -1.8469432e-02	
  -2.1912180e-02	
  -2.4334034e-02	
  -2.4460285e-02	
  -2.2892983e-02	
  -2.0973071e-02	
  -1.7775720e-02	
  -1.4203331e-02	
  -1.1681183e-02	
  -1.0763493e-02	
  -1.1688469e-02	
  -1.3717379e-02	
  -1.6198223e-02	
  -1.8647534e-02	
  -2.0759460e-02	
  -2.2029947e-02	
  -2.1766376e-02	
  -2.0698938e-02	
  -1.8017278e-02	
  -1.3398445e-02	
  -8.6388125e-03	
  -2.8001395e-03	
   4.8047877e-03	
   1.1988389e-02	
   1.6242632e-02	
   1.9139273e-02	
   2.2066989e-02	
   2.4544377e-02	
   2.6788235e-02	
   2.8264444e-02	
   2.7401800e-02	
   2.5854139e-02	
   2.3682515e-02	
   2.2234838e-02	
   2.1300897e-02	
   2.0021151e-02	
   2.0227648e-02	
   2.0934172e-02	
   2.2411318e-02	
   2.2675786e-02	
   2.1130163e-02	
   1.8568716e-02	
   1.5693379e-02	
   1.3210335e-02	
   9.9737337e-03	
   5.9360166e-03	
   3.5476624e-03	
   2.2728663e-03	
   1.6810728e-03	
   2.2548540e-03	
   4.1773518e-03	
   6.6820522e-03	
   9.1826539e-03	
   1.1705185e-02	
   1.3546042e-02	
   1.3828260e-02	
   1.2455352e-02	
   9.3315137e-03	
   6.6082604e-03	
   4.2676937e-03	
   2.0987652e-04	
  -7.4004975e-03	
  -1.6370269e-02	
  -2.3448960e-02	
  -3.0432972e-02	
  -3.7268597e-02	
  -4.2778054e-02	
  -4.6785776e-02	
  -5.1481936e-02	
  -5.4288405e-02	
  -5.2783116e-02	
  -4.9279415e-02	
  -4.4749172e-02	
  -4.0418548e-02	
  -3.6093237e-02	
  -3.2838436e-02	
  -3.0178806e-02	
  -2.6632138e-02	
  -2.4777149e-02	
  -2.3293091e-02	
  -2.2793773e-02	
  -2.2809291e-02	
  -2.2553976e-02	
  -2.4844542e-02	
  -2.8318544e-02	
  -3.1543687e-02	
  -3.3033368e-02	
  -3.3698457e-02	
  -3.5689494e-02	
  -3.6734788e-02	
  -3.5005358e-02	
  -3.3366255e-02	
  -3.0612590e-02	
  -2.6781291e-02	
  -2.3025812e-02	
  -1.8248323e-02	
  -1.3144695e-02	
  -9.7929911e-03	
  -9.2422467e-03	
  -9.1152941e-03	
  -6.8304840e-03	
  -2.8321951e-03	
   2.9654403e-03	
   9.3836329e-03	
   1.2807228e-02	
   1.4667425e-02	
   1.7035839e-02	
   1.9734361e-02	
   2.2096842e-02	
   2.1891691e-02	
   1.9609568e-02	
   1.6523008e-02	
   1.0739500e-02	
   5.2717542e-03	
   5.2568315e-04	
  -2.0528896e-03	
  -2.3820078e-03	
  -2.1804860e-03	
  -4.9716475e-03	
  -8.7685524e-03	
  -1.2369736e-02	
  -1.5451275e-02	
  -1.6872342e-02	
  -1.8641951e-02	
  -2.0552311e-02	
  -2.1395453e-02	
  -2.0418277e-02	
  -1.6302249e-02	
  -1.1837859e-02	
  -8.4198954e-03	
  -5.6033915e-03	
  -4.9829728e-03	
  -4.8625345e-03	
  -5.2429944e-03	
  -6.2180360e-03	
  -6.7545945e-03	
  -6.2342480e-03	
  -4.7615454e-03	
  -3.2155124e-03	
  -2.8524364e-03	
  -4.1142643e-03	
  -5.9205365e-03	
  -7.5708928e-03	
  -8.2363411e-03	
  -9.4699007e-03	
  -1.0398976e-02	
  -7.3192575e-03	
  -3.0158977e-03	
   1.1099265e-03	
   7.9051740e-03	
   1.5277794e-02	
   2.1540817e-02	
   2.6159348e-02	
   2.9056559e-02	
   2.9998341e-02	
   3.0173443e-02	
   3.1556645e-02	
   3.2949105e-02	
   3.3179579e-02	
   3.3484365e-02	
   3.4080969e-02	
   3.4510482e-02	
   3.4131548e-02	
   3.1951790e-02	
   2.7182662e-02	
   2.1042990e-02	
   1.4734809e-02	
   9.1152779e-03	
   4.6417844e-03	
   2.9418476e-03	
   3.9726474e-03	
   4.7039453e-03	
   6.9250884e-03	
   1.1938438e-02	
   1.5690975e-02	
   1.7217837e-02	
   1.7556779e-02	
   1.6225134e-02	
   1.3490198e-02	
   1.1390937e-02	
   1.2570136e-02	
   1.5461715e-02	
   2.0003001e-02	
   2.6782636e-02	
   3.1134524e-02	
   3.2631557e-02	
   3.3528587e-02	
   3.3464796e-02	
   3.2243552e-02	
   3.0822705e-02	
   2.9842765e-02	
   3.0827399e-02	
   3.2771932e-02	
   3.5331554e-02	
   3.8205814e-02	
   4.1955214e-02	
   4.4441347e-02	
   4.3584888e-02	
   3.9989980e-02	
   3.4493237e-02	
   2.8724805e-02	
   2.3942019e-02	
   1.9711460e-02	
   1.7153957e-02	
   1.6091140e-02	
   1.4716659e-02	
   1.2037159e-02	
   8.4491784e-03	
   4.7903826e-03	
   1.2105505e-03	
  -2.3424119e-04	
  -1.8636255e-03	
  -4.0246249e-03	
  -7.2475652e-03	
  -7.8677362e-03	
  -4.7627035e-03	
  -2.3393108e-03	
   4.5695713e-04	
   3.8907953e-03	
   8.0284631e-03	
   1.1858169e-02	
   1.4396347e-02	
   1.5433948e-02	
   1.6897721e-02	
   1.8796769e-02	
   2.1505698e-02	
   2.4267896e-02	
   2.5773364e-02	
   2.6522488e-02	
   2.8702621e-02	
   2.9826694e-02	
   2.9391532e-02	
   2.7769731e-02	
   2.5931898e-02	
   2.4143560e-02	
   2.3779442e-02	
   2.4295011e-02	
   2.3814634e-02	
   2.5165741e-02	
   2.7767873e-02	
   2.9524019e-02	
   3.1081647e-02	
   3.1032869e-02	
   3.0212099e-02	
   2.6798398e-02	
   2.1531249e-02	
   1.5210891e-02	
   8.1083405e-03	
   1.2575368e-03	
  -3.6588569e-03	
  -7.4044364e-03	
  -1.2071617e-02	
  -1.6275167e-02	
  -1.8578740e-02	
  -1.8755839e-02	
  -1.7687146e-02	
  -1.4627025e-02	
  -9.2058325e-03	
  -3.9280156e-03	
  -5.0617229e-05	
   4.1482392e-03	
   7.4887310e-03	
   1.0035315e-02	
   1.2886666e-02	
   1.2246809e-02	
   7.6949138e-03	
   1.7829079e-03	
  -4.4120090e-03	
  -1.0505969e-02	
  -1.5372269e-02	
  -1.9543113e-02	
  -2.2264072e-02	
  -2.2548532e-02	
  -2.0221120e-02	
  -1.7172001e-02	
  -1.4782323e-02	
  -1.2429704e-02	
  -1.0615929e-02	
  -1.1400660e-02	
  -1.2234340e-02	
  -1.3493588e-02	
  -1.5217908e-02	
  -1.5126710e-02	
  -1.5951009e-02	
  -1.7163973e-02	
  -1.8925099e-02	
  -2.0770666e-02	
  -2.0584585e-02	
  -2.0234649e-02	
  -2.0139791e-02	
  -2.1207669e-02	
  -2.1402153e-02	
  -2.2290226e-02	
  -2.2191684e-02	
  -1.9199159e-02	
  -1.7301627e-02	
  -1.5448333e-02	
  -1.2935207e-02	
  -1.0514706e-02	
  -1.0451128e-02	
  -1.1892896e-02	
  -1.4135116e-02	
  -1.5598831e-02	
  -1.6339104e-02	
  -1.7639852e-02	
  -1.7549591e-02	
  -1.5845629e-02	
  -1.5616052e-02	
  -1.6714648e-02	
  -1.6687304e-02	
  -1.4049475e-02	
  -1.1028955e-02	
  -1.0361095e-02	
  -1.0485187e-02	
  -1.1555559e-02	
  -1.2278888e-02	
  -1.1668958e-02	
  -9.2658899e-03	
  -5.2253521e-03	
  -6.4035797e-04	
   1.9125833e-03	
   2.0319670e-03	
   4.0918778e-03	
   7.6348002e-03	
   1.0759834e-02	
   1.3615773e-02	
   1.5695889e-02	
   1.6045459e-02	
   1.4307325e-02	
   1.1077390e-02	
   6.1147926e-03	
   1.4768150e-03	
  -1.4719210e-03	
  -5.7513882e-03	
  -1.0541487e-02	
  -1.3336326e-02	
  -1.5187598e-02	
  -1.6115305e-02	
  -1.5225952e-02	
  -1.3253579e-02	
  -1.0598333e-02	
  -7.3309821e-03	
  -4.7343798e-03	
  -2.6644493e-03	
  -8.9566381e-04	
  -1.8113285e-04	
   2.3859630e-04	
   1.5518823e-04	
  -6.9850496e-04	
  -1.3060603e-03	
  -1.6381744e-03	
  -3.0364553e-03	
  -5.3586054e-03	
  -6.0898389e-03	
  -6.4456818e-03	
  -6.5044694e-03	
  -6.5025215e-03	
  -5.8338124e-03	
  -6.3056216e-03	
  -8.1309111e-03	
  -8.6591223e-03	
  -8.0292512e-03	
  -6.7722824e-03	
  -4.1520729e-03	
  -3.1241183e-03	
  -1.5838115e-03	
   1.9253870e-03	
   5.4117622e-03	
   1.0115120e-02	
   1.5678954e-02	
   2.0500143e-02	
   2.4326193e-02	
   2.6932091e-02	
   2.5091755e-02	
   1.8777168e-02	
   1.0503101e-02	
   1.3576946e-03	
  -7.2233906e-03	
  -1.5907415e-02	
  -2.4238646e-02	
  -3.0567773e-02	
  -3.6685253e-02	
  -4.1324412e-02	
  -4.4915726e-02	
  -4.6500648e-02	
  -4.6189098e-02	
  -4.5248148e-02	
  -4.4408511e-02	
  -4.4704184e-02	
  -4.3254609e-02	
  -3.9963721e-02	
  -3.5621686e-02	
  -3.1557697e-02	
  -2.8738554e-02	
  -2.5997522e-02	
  -2.1200530e-02	
  -1.5730698e-02	
  -1.1681542e-02	
  -8.6973948e-03	
  -6.2631242e-03	
  -4.7263749e-03	
  -3.8159197e-03	
  -2.1007864e-03	
   1.0280703e-03	
   3.8935492e-03	
   6.0782944e-03	
   6.7111680e-03	
   6.3399738e-03	
   4.9364680e-03	
   2.0582890e-03	
  -1.4250862e-04	
  -1.3639848e-03	
  -1.0484804e-03	
  -1.7589517e-03	
  -1.9519014e-03	
  -1.8063187e-04	
   1.0053938e-03	
   3.1944023e-03	
   5.5209037e-03	
   6.4549964e-03	
   6.9766347e-03	
   6.3342362e-03	
   5.1812541e-03	
   3.6351469e-03	
   2.3457208e-03	
   2.6286081e-03	
   3.7548110e-03	
   5.1449980e-03	
   6.8762430e-03	
   8.3580043e-03	
   9.1006975e-03	
   1.0811097e-02	
   1.1905797e-02	
   1.3058069e-02	
   1.4184855e-02	
   1.4704499e-02	
   1.4061505e-02	
   1.2226190e-02	
   1.0765196e-02	
   9.0076816e-03	
   5.3006117e-03	
   1.3306815e-03	
  -2.9921576e-03	
  -8.9540546e-03	
  -1.4463544e-02	
  -1.7874580e-02	
  -1.7957832e-02	
  -1.6478509e-02	
  -1.3814397e-02	
  -1.1098189e-02	
  -9.4080748e-03	
  -8.4492191e-03	
  -6.9958394e-03	
  -6.0738649e-03	
  -4.7876743e-03	
  -3.2279648e-03	
  -2.3472473e-03	
  -1.6085411e-03	
   1.4362884e-04	
   1.6577092e-03	
   2.9499487e-03	
   4.3751767e-03	
   4.5740775e-03	
   3.8832509e-03	
   5.4182887e-04	
  -5.0936343e-03	
  -1.1817989e-02	
  -1.6975774e-02	
  -2.1546342e-02	
  -2.4594174e-02	
  -2.5718393e-02	
  -2.7025058e-02	
  -2.9275126e-02	
  -3.0968386e-02	
  -2.9075883e-02	
  -2.5346117e-02	
  -2.2926276e-02	
  -2.1260440e-02	
  -2.0703608e-02	
  -2.0512939e-02	
  -1.9326372e-02	
  -1.7590088e-02	
  -1.4675632e-02	
  -1.1256120e-02	
  -8.7016083e-03	
  -6.2940290e-03	
  -2.5600470e-03	
   1.5204192e-03	
   3.2021391e-03	
   5.4412970e-03	
   1.0966094e-02	
   1.6206405e-02	
   1.9644426e-02	
   2.2626902e-02	
   2.6076300e-02	
   2.9596749e-02	
   3.2604662e-02	
   3.4870060e-02	
   3.7366316e-02	
   4.0277039e-02	
   3.9513702e-02	
   3.6234460e-02	
   3.3932272e-02	
   3.1124874e-02	
   2.6472137e-02	
   2.1854901e-02	
   1.9437285e-02	
   1.7210885e-02	
   1.4702478e-02	
   1.2577316e-02	
   1.1281776e-02	
   1.1570465e-02	
   1.2809526e-02	
   1.3938073e-02	
   1.3976639e-02	
   1.3357540e-02	
   1.1294873e-02	
   1.0380777e-02	
   1.0284754e-02	
   8.4978827e-03	
   8.1539772e-03	
   9.0349596e-03	
   9.3428666e-03	
   1.0155479e-02	
   1.1056380e-02	
   1.1887704e-02	
   1.3456718e-02	
   1.4779063e-02	
   1.6650458e-02	
   1.9035482e-02	
   2.1286260e-02	
   2.3457778e-02	
   2.4694288e-02	
   2.6103415e-02	
   2.8022455e-02	
   2.9725911e-02	
   3.0331985e-02	
   2.9427384e-02	
   2.8187419e-02	
   2.6038517e-02	
   2.4179021e-02	
   2.1962147e-02	
   2.0974571e-02	
   1.9611361e-02	
   1.6759375e-02	
   1.3530361e-02	
   1.0321462e-02	
   7.6313878e-03	
   4.6193075e-03	
   2.4282379e-03	
   2.5793984e-03	
   2.7048138e-03	
   2.3372855e-03	
   2.6042461e-03	
   2.8763713e-03	
   2.4344083e-03	
   1.6508363e-03	
   1.8158021e-03	
   4.7460164e-04	
  -1.2960236e-03	
  -3.2937337e-03	
  -6.2743468e-03	
  -8.9895641e-03	
  -1.1511084e-02	
  -1.5522140e-02	
  -1.8079805e-02	
  -1.8404949e-02	
  -1.8442994e-02	
  -1.7326126e-02	
  -1.5108209e-02	
  -1.1717589e-02	
  -8.2392996e-03	
  -6.1909633e-03	
  -5.8405443e-03	
  -6.0384670e-03	
  -5.4615033e-03	
  -5.0803538e-03	
  -4.7161703e-03	
  -5.9705164e-03	
  -8.8706882e-03	
  -1.0524698e-02	
  -1.1463814e-02	
  -1.1402111e-02	
  -1.0520395e-02	
  -8.4291131e-03	
  -5.4865172e-03	
  -2.0213907e-03	
   4.7808348e-04	
   2.5209588e-03	
   3.8957359e-03	
   5.0397913e-03	
   5.8340504e-03	
   6.7075527e-03	
   6.5306732e-03	
   5.4291225e-03	
   5.5896099e-03	
   5.2555886e-03	
   2.5988255e-03	
  -1.0040148e-03	
  -3.5557896e-03	
  -5.9023694e-03	
  -7.5958114e-03	
  -8.8365153e-03	
  -8.4640195e-03	
  -8.7485523e-03	
  -8.9146330e-03	
  -7.6639047e-03	
  -6.7988677e-03	
  -5.0452453e-03	
  -3.6144508e-03	
  -1.7252515e-03	
   6.3596569e-04	
   1.8155290e-03	
   1.7026670e-03	
   6.5218924e-04	
   3.8708058e-04	
   2.1578616e-03	
   3.5968077e-03	
   3.9640109e-03	
   4.4914560e-03	
   3.8385351e-03	
   2.6684208e-03	
   1.7575980e-03	
   7.8128296e-04	
  -1.9281352e-03	
  -6.4708050e-03	
  -1.0479066e-02	
  -1.3423694e-02	
  -1.4476511e-02	
  -1.4383389e-02	
  -1.3445658e-02	
  -1.3570704e-02	
  -1.3714095e-02	
  -1.2666021e-02	
  -1.1278785e-02	
  -1.0150116e-02	
  -8.2438554e-03	
  -5.2063292e-03	
  -2.2918754e-03	
  -7.3831445e-04	
  -2.8937309e-04	
  -1.4506617e-04	
  -9.7290136e-04	
  -3.4951104e-03	
  -5.9823616e-03	
  -7.9405336e-03	
  -9.0162064e-03	
  -9.9722748e-03	
  -9.3320434e-03	
  -7.6871102e-03	
  -6.2612856e-03	
  -5.1603966e-03	
  -4.3875990e-03	
  -3.9975660e-03	
  -4.0517472e-03	
  -5.4470150e-03	
  -6.4158707e-03	
  -7.1387048e-03	
  -7.2575465e-03	
  -6.2398177e-03	
  -4.1352187e-03	
  -1.9765453e-03	
  -5.1126776e-04	
   1.6062884e-03	
   2.6864405e-03	
   2.3132878e-03	
   2.2072335e-03	
   2.1854347e-03	
   1.7483608e-03	
   1.7672134e-03	
   2.6854372e-03	
   3.6689882e-03	
   4.9225014e-03	
   6.3157594e-03	
   7.2060360e-03	
   8.7357894e-03	
   8.4573121e-03	
   8.1246837e-03	
   8.7015512e-03	
   9.1554085e-03	
   9.2657676e-03	
   9.5726151e-03	
   1.0339522e-02	
   1.1584223e-02	
   1.2042587e-02	
   1.3080277e-02	
   1.5170475e-02	
   1.4472860e-02	
   1.3139088e-02	
   1.1999253e-02	
   1.0466474e-02	
   8.9275752e-03	
   5.8480504e-03	
   2.7183917e-03	
   2.1169250e-04	
  -2.7568679e-03	
  -6.2187230e-03	
  -9.1437377e-03	
  -1.1405591e-02	
  -1.3373946e-02	
  -1.4956986e-02	
  -1.8182968e-02	
  -2.0275179e-02	
  -2.0187941e-02	
  -2.1750679e-02	
  -2.2838199e-02	
  -2.3025258e-02	
  -2.3290654e-02	
  -2.3972182e-02	
  -2.4229526e-02	
  -2.4639854e-02	
  -2.4624467e-02	
  -2.2552672e-02	
  -1.9312403e-02	
  -1.7106923e-02	
  -1.5096498e-02	
  -1.2863618e-02	
  -1.1066730e-02	
  -8.3023316e-03	
  -4.6142774e-03	
  -1.4596569e-03	
   4.0111953e-04	
   2.7587017e-03	
   4.0328759e-03	
   2.3686590e-03	
   7.1379737e-04	
   7.3037529e-04	
   1.1847019e-03	
   8.4876790e-04	
  -4.1976428e-04	
  -2.1097718e-03	
  -2.2860726e-03	
  -1.2947139e-03	
   2.2744751e-04	
   3.3496459e-03	
   7.5621650e-03	
   1.0183164e-02	
   1.1842341e-02	
   1.3942148e-02	
   1.5851709e-02	
   1.8524184e-02	
   2.1625935e-02	
   2.4793482e-02	
   2.6302552e-02	
   2.4324376e-02	
   2.2169589e-02	
   2.0381439e-02	
   1.7920008e-02	
   1.6026290e-02	
   1.2706323e-02	
   7.0614102e-03	
   2.0861221e-03	
  -1.7939772e-04	
  -2.0037134e-03	
  -1.7259263e-03	
   4.1319864e-05	
   9.4588330e-04	
   1.5957977e-03	
   1.2803153e-03	
  -1.8953298e-04	
  -2.9521011e-03	
  -5.9708717e-03	
  -6.8861135e-03	
  -7.6736659e-03	
  -9.7421025e-03	
  -1.2143981e-02	
  -1.3686279e-02	
  -1.4808974e-02	
  -1.5460363e-02	
  -1.4918445e-02	
  -1.4987980e-02	
  -1.6273227e-02	
  -1.9731223e-02	
  -2.3882165e-02	
  -2.6969850e-02	
  -2.9770434e-02	
  -3.0858801e-02	
  -3.0934132e-02	
  -2.9697500e-02	
  -2.7591548e-02	
  -2.5066026e-02	
  -2.2832698e-02	
  -2.0857529e-02	
  -1.7993268e-02	
  -1.5380892e-02	
  -1.2464072e-02	
  -9.9524377e-03	
  -7.9612224e-03	
  -7.5139960e-03	
  -7.8686612e-03	
  -8.6520970e-03	
  -8.6797419e-03	
  -7.8100920e-03	
  -7.1569893e-03	
  -6.6908509e-03	
  -6.8642617e-03	
  -7.1071594e-03	
  -5.1705230e-03	
  -2.4456601e-03	
  -1.1434686e-03	
   8.5294640e-04	
   3.4685601e-03	
   4.4287581e-03	
   5.1472572e-03	
   6.1105790e-03	
   7.9348604e-03	
   1.0893559e-02	
   1.2935533e-02	
   1.4474351e-02	
   1.5259090e-02	
   1.6168589e-02	
   1.7060371e-02	
   1.7287030e-02	
   1.7470161e-02	
   1.7880587e-02	
   1.8917633e-02	
   1.9282517e-02	
   2.0084200e-02	
   2.1626139e-02	
   2.2727082e-02	
   2.1388624e-02	
   1.7430813e-02	
   1.3469505e-02	
   8.4209467e-03	
   7.9877009e-04	
  -7.5828081e-03	
  -1.2792509e-02	
  -1.7781686e-02	
  -2.1801649e-02	
  -2.4671566e-02	
  -2.5927856e-02	
  -2.5400282e-02	
  -2.4873058e-02	
  -2.3362757e-02	
  -2.0962876e-02	
  -1.7725003e-02	
  -1.5358528e-02	
  -1.2869812e-02	
  -7.9247976e-03	
  -3.7970932e-03	
  -1.0185552e-03	
   2.4597018e-03	
   5.9588994e-03	
   9.4713432e-03	
   1.1822626e-02	
   1.3199618e-02	
   1.2466167e-02	
   9.9538803e-03	
   9.0211617e-03	
   9.2716193e-03	
   9.6431697e-03	
   9.7379868e-03	
   9.6362421e-03	
   9.3032821e-03	
   8.4793252e-03	
   7.5321379e-03	
   7.8216055e-03	
   8.5391707e-03	
   1.0957626e-02	
   1.3721968e-02	
   1.6346879e-02	
   1.7712778e-02	
   1.7194560e-02	
   1.7728874e-02	
   1.6835773e-02	
   1.4685705e-02	
   1.1571720e-02	
   6.8458370e-03	
   1.5549352e-03	
  -3.0236476e-03	
  -5.4306392e-03	
  -6.5680630e-03	
  -5.8948013e-03	
  -2.5535596e-03	
   3.6181623e-03	
   9.5966332e-03	
   1.4449738e-02	
   1.8790648e-02	
   2.1424810e-02	
   2.3950112e-02	
   2.5708287e-02	
   2.5967074e-02	
   2.5345987e-02	
   2.4833099e-02	
   2.3833094e-02	
   2.3587820e-02	
   2.2956431e-02	
   2.1387964e-02	
   2.0440029e-02	
   1.8729784e-02	
   1.6131751e-02	
   1.3236391e-02	
   1.0043571e-02	
   6.9267730e-03	
   4.9730200e-03	
   3.4407279e-03	
   2.5990236e-03	
   1.2195122e-03	
  -5.5852276e-04	
  -2.5889893e-03	
  -5.3259019e-03	
  -6.6137397e-03	
  -7.3644003e-03	
  -7.4860497e-03	
  -8.1441996e-03	
  -7.0665243e-03	
  -3.0379084e-03	
   2.0801750e-03	
   7.8439325e-03	
   1.2519215e-02	
   1.6847004e-02	
   2.0364421e-02	
   2.3565342e-02	
   2.4488729e-02	
   2.2290861e-02	
   1.9136852e-02	
   1.4456348e-02	
   8.5306702e-03	
   3.9242226e-03	
  -1.0679247e-04	
  -2.6650899e-03	
  -4.0785281e-03	
  -4.2217049e-03	
  -1.2011014e-03	
   1.8970160e-03	
   6.3286698e-03	
   1.2013019e-02	
   1.5182366e-02	
   1.6252494e-02	
   1.7604937e-02	
   1.9054317e-02	
   2.0353908e-02	
   2.1393245e-02	
   2.0756371e-02	
   2.0180541e-02	
   2.0045895e-02	
   1.8669637e-02	
   1.6726384e-02	
   1.5526076e-02	
   1.5345032e-02	
   1.6007684e-02	
   1.5680771e-02	
   1.4827075e-02	
   1.3915147e-02	
   1.2341659e-02	
   1.2267559e-02	
   1.2398155e-02	
   1.0432505e-02	
   8.6851535e-03	
   6.9841612e-03	
   5.0035678e-03	
   4.6081159e-03	
   3.5674156e-03	
   2.0211071e-03	
   3.0042913e-03	
   5.3075644e-03	
   7.7034949e-03	
   9.2071528e-03	
   9.0173312e-03	
   8.6359845e-03	
   8.6332216e-03	
   6.6441514e-03	
   6.0163308e-03	
   6.3209672e-03	
   5.0308271e-03	
   2.4478973e-03	
   1.6080455e-03	
   2.2692200e-03	
   3.2316893e-03	
   4.1511406e-03	
   5.3869479e-03	
   6.4972843e-03	
   5.3791386e-03	
   2.6389244e-03	
  -1.1993581e-03	
  -5.7436367e-03	
  -1.0728505e-02	
  -1.5648766e-02	
  -2.0052733e-02	
  -2.5414585e-02	
  -3.1715358e-02	
  -3.5896047e-02	
  -3.8788336e-02	
  -4.0837303e-02	
  -4.2190154e-02	
  -4.1904553e-02	
  -4.1238152e-02	
  -3.9703858e-02	
  -3.8617504e-02	
  -3.7375207e-02	
  -3.4702105e-02	
  -3.3110027e-02	
  -3.3045014e-02	
  -3.2471466e-02	
  -3.1874528e-02	
  -3.2277529e-02	
  -3.1362390e-02	
  -2.9322616e-02	
  -2.6960453e-02	
  -2.5328195e-02	
  -2.2712803e-02	
  -2.0856160e-02	
  -2.0316059e-02	
  -1.8887087e-02	
  -1.8657746e-02	
  -1.9491564e-02	
  -1.9836587e-02	
  -2.0104901e-02	
  -1.8984308e-02	
  -1.7006499e-02	
  -1.5851228e-02	
  -1.3348918e-02	
  -1.0232667e-02	
  -7.0690345e-03	
  -3.8833658e-03	
  -2.2275254e-03	
  -1.1159151e-03	
   7.3839473e-05	
   3.1261362e-04	
   1.2387071e-03	
   3.8025162e-03	
   5.5176307e-03	
   4.4128477e-03	
   2.6374533e-03	
   1.2710936e-03	
   6.6651499e-04	
   1.4012906e-03	
   3.0410698e-03	
   3.7990434e-03	
   4.8134226e-03	
   6.5252282e-03	
   7.8450303e-03	
   9.6642456e-03	
   1.1175647e-02	
   1.1111457e-02	
   1.0347566e-02	
   9.6330148e-03	
   6.5550825e-03	
   1.4938974e-03	
  -2.3855604e-03	
  -6.2571169e-03	
  -1.0616736e-02	
  -1.4182932e-02	
  -1.7732713e-02	
  -2.2119679e-02	
  -2.5540935e-02	
  -2.6779889e-02	
  -2.6404134e-02	
  -2.4878201e-02	
  -2.3392766e-02	
  -2.1348460e-02	
  -1.9471850e-02	
  -1.7873732e-02	
  -1.6422869e-02	
  -1.3928725e-02	
  -1.0552783e-02	
  -5.2182054e-03	
   6.3592999e-04	
   4.7855137e-03	
   8.1824126e-03	
   1.1799660e-02	
   1.4849194e-02	
   1.7550984e-02	
   2.1924511e-02	
   2.4039134e-02	
   2.2811532e-02	
   2.1528013e-02	
   2.0214836e-02	
   1.7978916e-02	
   1.5881188e-02	
   1.6102460e-02	
   1.5956828e-02	
   1.4074227e-02	
   1.2198089e-02	
   1.0138250e-02	
   9.9164391e-03	
   9.7697881e-03	
   9.6576359e-03	
   1.0933999e-02	
   1.1654247e-02	
   1.0311788e-02	
   1.0267981e-02	
   9.3135429e-03	
   8.2448986e-03	
   9.2113582e-03	
   1.0575293e-02	
   1.0796509e-02	
   1.1150374e-02	
   1.2180240e-02	
   1.3193807e-02	
   1.3637680e-02	
   1.3698235e-02	
   1.4199932e-02	
   1.4621866e-02	
   1.3663899e-02	
   1.1804468e-02	
   9.9286723e-03	
   8.6158377e-03	
   8.7314944e-03	
   8.5449572e-03	
   1.0572392e-02	
   1.4100111e-02	
   1.7360209e-02	
   1.9821110e-02	
   2.1544468e-02	
   2.4632951e-02	
   2.8180027e-02	
   3.1473189e-02	
   3.1551242e-02	
   3.1342064e-02	
   3.1180449e-02	
   3.0519191e-02	
   2.9676970e-02	
   2.9015606e-02	
   2.8144330e-02	
   2.7144643e-02	
   2.5923349e-02	
   2.4970329e-02	
   2.4718917e-02	
   2.2896993e-02	
   2.1569048e-02	
   2.1050244e-02	
   2.0300175e-02	
   1.9013013e-02	
   1.6158981e-02	
   1.3356742e-02	
   1.1411932e-02	
   8.4570676e-03	
   4.5823008e-03	
  -1.2543592e-03	
  -7.6271742e-03	
  -1.1806612e-02	
  -1.3488250e-02	
  -1.4002580e-02	
  -1.4349053e-02	
  -1.2386003e-02	
  -9.6476521e-03	
  -7.2568065e-03	
  -4.6328227e-03	
  -1.8577224e-03	
  -2.0856893e-04	
   7.9555011e-04	
   1.5857439e-03	
   2.0011534e-03	
   2.3671488e-03	
   2.5654872e-03	
   5.1114151e-03	
   8.0171860e-03	
   1.0053726e-02	
   1.2382694e-02	
   1.2716632e-02	
   1.2449125e-02	
   1.2269515e-02	
   1.0025470e-02	
   8.0728986e-03	
   6.1899063e-03	
   3.8038487e-03	
   1.6470009e-03	
  -1.0693248e-04	
  -1.5037231e-03	
  -2.3874284e-03	
  -1.6195973e-03	
  -9.3163139e-04	
   5.9783192e-05	
   7.1601768e-04	
   2.4262469e-03	
   5.5858299e-03	
   6.1249051e-03	
   3.9185306e-03	
   2.1576693e-03	
   1.3928277e-04	
  -3.0162425e-03	
  -6.4649769e-03	
  -1.0538830e-02	
  -1.3655594e-02	
  -1.6395306e-02	
  -1.8859410e-02	
  -1.8893110e-02	
  -1.7968998e-02	
  -1.7426053e-02	
  -1.7282002e-02	
  -1.6611713e-02	
  -1.6774656e-02	
  -1.6413921e-02	
  -1.6609260e-02	
  -1.7089197e-02	
  -1.7257201e-02	
  -1.8169105e-02	
  -1.9006012e-02	
  -1.9404196e-02	
  -2.0372987e-02	
  -2.1346064e-02	
  -2.3098217e-02	
  -2.4026713e-02	
  -2.3221135e-02	
  -2.3178315e-02	
  -2.4475029e-02	
  -2.5787782e-02	
  -2.6554575e-02	
  -2.5005561e-02	
  -2.1871552e-02	
  -1.9487579e-02	
  -1.6671184e-02	
  -1.3789384e-02	
  -1.2082204e-02	
  -1.0761097e-02	
  -9.6862506e-03	
  -8.6472560e-03	
  -7.4396370e-03	
  -4.8491278e-03	
  -1.3052494e-04	
   2.9749806e-03	
   4.5845836e-03	
   5.8014406e-03	
   7.2024973e-03	
   7.6280129e-03	
   6.3099892e-03	
   4.6702002e-03	
   3.2277993e-03	
   2.2739731e-03	
   1.7026279e-03	
   1.2369760e-03	
   1.7204210e-03	
   4.3814261e-03	
   7.8543262e-03	
   1.0180695e-02	
   1.1688013e-02	
   1.0603875e-02	
   9.3439261e-03	
   9.0920585e-03	
   9.7662591e-03	
   9.0696705e-03	
   7.9627065e-03	
   5.8578761e-03	
   3.1142324e-03	
   8.7919266e-04	
   9.6962506e-05	
   3.7319877e-04	
   1.6841665e-03	
   3.1378894e-03	
   4.9834023e-03	
   7.3537678e-03	
   8.5214852e-03	
   9.9827068e-03	
   1.1330798e-02	
   1.2524007e-02	
   1.3872327e-02	
   1.5521341e-02	
   1.5655474e-02	
   1.4814891e-02	
   1.4028228e-02	
   1.1744826e-02	
   8.2082725e-03	
   4.2194099e-03	
  -2.3734903e-04	
  -5.3042343e-03	
  -1.0037247e-02	
  -1.3402096e-02	
  -1.5943886e-02	
  -1.7352646e-02	
  -1.8537036e-02	
  -1.8711194e-02	
  -1.7203444e-02	
  -1.3974365e-02	
  -1.0531748e-02	
  -8.5003277e-03	
  -4.5969708e-03	
  -1.4183575e-04	
   1.6141784e-03	
   3.5012441e-03	
   5.8477733e-03	
   7.6146289e-03	
   7.2762589e-03	
   4.6700421e-03	
   7.8951992e-04	
  -2.7808411e-03	
  -5.2022232e-03	
  -6.6508833e-03	
  -8.4235059e-03	
  -1.0430533e-02	
  -1.0345577e-02	
  -9.7722412e-03	
  -9.4734133e-03	
  -9.4401206e-03	
  -1.1573652e-02	
  -1.4231644e-02	
  -1.5543973e-02	
  -1.6403399e-02	
  -1.8428503e-02	
  -2.0254136e-02	
  -2.2200592e-02	
  -2.3927976e-02	
  -2.4886449e-02	
  -2.6379570e-02	
  -2.7766895e-02	
  -2.9529414e-02	
  -3.1144712e-02	
  -3.1952230e-02	
  -3.2844745e-02	
  -3.4716376e-02	
  -3.5962812e-02	
  -3.6265813e-02	
  -3.3606126e-02	
  -3.0869812e-02	
  -3.0179735e-02	
  -2.9010683e-02	
  -2.7773334e-02	
  -2.5829290e-02	
  -2.4580555e-02	
  -2.3097100e-02	
  -1.9639577e-02	
  -1.5245993e-02	
  -1.1175166e-02	
  -6.6374741e-03	
  -1.8247899e-03	
   1.2050989e-03	
   2.8403035e-03	
   4.2120846e-03	
   3.5775167e-03	
   4.3622810e-04	
  -2.7771850e-03	
  -6.4179074e-03	
  -9.8447518e-03	
  -1.1066600e-02	
  -1.1869815e-02	
  -1.1992187e-02	
  -1.1431043e-02	
  -9.3153359e-03	
  -7.8230024e-03	
  -7.4791116e-03	
  -6.8921673e-03	
  -7.6686716e-03	
  -9.2498833e-03	
  -9.4893384e-03	
  -9.0832973e-03	
  -1.0315479e-02	
  -1.1448916e-02	
  -1.3092494e-02	
  -1.4654336e-02	
  -1.5729842e-02	
  -1.7112090e-02	
  -1.8721487e-02	
  -2.0047818e-02	
  -2.0775540e-02	
  -2.1477964e-02	
  -2.1857958e-02	
  -2.1435820e-02	
  -1.9202582e-02	
  -1.7788573e-02	
  -1.8537126e-02	
  -1.8597501e-02	
  -1.7893317e-02	
  -1.7853170e-02	
  -1.7956064e-02	
  -1.8916183e-02	
  -1.9354995e-02	
  -1.8923990e-02	
  -1.7930432e-02	
  -1.7437667e-02	
  -1.6252942e-02	
  -1.5250288e-02	
  -1.4996114e-02	
  -1.4870995e-02	
  -1.5525783e-02	
  -1.5764317e-02	
  -1.5115373e-02	
  -1.3690712e-02	
  -1.2248374e-02	
  -1.0637372e-02	
  -7.6730669e-03	
  -4.3855818e-03	
  -2.0420534e-03	
   5.5717475e-05	
   1.4287814e-03	
   2.0367494e-03	
   1.4407048e-03	
   5.6554219e-04	
  -6.1279687e-04	
  -1.3071500e-03	
  -1.8130074e-03	
  -1.9772071e-03	
  -2.1854877e-03	
  -3.2662176e-03	
  -2.5550103e-03	
  -2.1004856e-03	
  -2.8392628e-03	
  -4.0318645e-03	
  -5.5344172e-03	
  -7.4162759e-03	
  -7.3693612e-03	
  -6.6923489e-03	
  -6.7275104e-03	
  -6.6567635e-03	
  -5.8368295e-03	
  -4.5742397e-03	
  -3.3863902e-03	
  -3.6579156e-03	
  -4.6736346e-03	
  -5.9190003e-03	
  -6.9248488e-03	
  -6.4883576e-03	
  -6.0822146e-03	
  -4.7480971e-03	
  -2.2053191e-03	
   7.6894704e-05	
   2.0139384e-03	
   4.4927812e-03	
   5.2897013e-03	
   4.8077649e-03	
   4.0664172e-03	
   2.9007350e-03	
   2.0989013e-03	
   1.3532757e-03	
   1.1152224e-03	
   1.8821398e-03	
   3.6292846e-03	
   4.2724305e-03	
   3.1464550e-03	
   1.9041839e-03	
   1.5647462e-03	
   3.9320555e-04	
  -1.9242232e-03	
  -4.5030445e-03	
  -6.3490106e-03	
  -9.3077971e-03	
  -1.2407095e-02	
  -1.3443197e-02	
  -1.4562061e-02	
  -1.5667707e-02	
  -1.6228899e-02	
  -1.6541631e-02	
  -1.6890044e-02	
  -1.6864917e-02	
  -1.4488605e-02	
  -1.0452709e-02	
  -4.8047437e-03	
   1.0048005e-04	
   4.0028154e-03	
   8.9498247e-03	
   1.3345576e-02	
   1.6574117e-02	
   1.8152397e-02	
   1.8735302e-02	
   1.8572440e-02	
   1.6663343e-02	
   1.4187895e-02	
   1.3282300e-02	
   1.3442773e-02	
   1.3431290e-02	
   1.4514596e-02	
   1.5727373e-02	
   1.6619602e-02	
   1.7767367e-02	
   1.9440024e-02	
   2.1856703e-02	
   2.6032697e-02	
   2.9485950e-02	
   3.1269374e-02	
   3.3442791e-02	
   3.5638328e-02	
   3.7024529e-02	
   3.7027593e-02	
   3.6120458e-02	
   3.4624020e-02	
   3.0850048e-02	
   2.5380803e-02	
   2.2062083e-02	
   1.9561638e-02	
   1.5679932e-02	
   1.2383746e-02	
   1.0356026e-02	
   8.0429481e-03	
   6.9554594e-03	
   6.8787809e-03	
   8.1220708e-03	
   9.7351180e-03	
   1.0659010e-02	
   1.0757006e-02	
   1.0577592e-02	
   1.0823371e-02	
   1.2187314e-02	
   1.2891132e-02	
   1.3235600e-02	
   1.4600529e-02	
   1.3506995e-02	
   1.2610731e-02	
   1.3227320e-02	
   1.3466970e-02	
   1.3491966e-02	
   1.4986147e-02	
   1.5100328e-02	
   1.3418087e-02	
   1.1943955e-02	
   9.8468626e-03	
   7.6767181e-03	
   5.1663836e-03	
   2.3130556e-03	
   2.0358235e-04	
  -1.2313346e-03	
  -2.2554832e-03	
  -2.6991341e-03	
  -2.3155430e-03	
  -1.1297522e-03	
   6.2741577e-04	
   1.7937596e-03	
   2.7795925e-03	
   3.5875575e-03	
   3.9567696e-03	
   4.4094996e-03	
   4.6107403e-03	
   5.3406412e-03	
   4.9788529e-03	
   4.6718001e-03	
   3.6253286e-03	
   1.3576172e-03	
   2.1125754e-04	
   7.3271842e-04	
   2.2412459e-03	
   4.7135696e-03	
   8.2485335e-03	
   1.2177151e-02	
   1.5003302e-02	
   1.7583283e-02	
   2.0510209e-02	
   2.1848936e-02	
   2.3447281e-02	
   2.3203384e-02	
   2.2232173e-02	
   1.9325247e-02	
   1.6180529e-02	
   1.4093852e-02	
   1.2233574e-02	
   1.1177603e-02	
   1.1215019e-02	
   1.1666961e-02	
   1.1651590e-02	
   1.1761770e-02	
   1.2698621e-02	
   1.2990008e-02	
   1.2484357e-02	
   1.2933300e-02	
   1.2768206e-02	
   1.2266541e-02	
   1.1532030e-02	
   9.8170255e-03	
   8.6618771e-03	
   8.2118992e-03	
   7.2373165e-03	
   4.6242578e-03	
   9.1252372e-04	
  -2.4101645e-03	
  -5.5784818e-03	
  -7.8523082e-03	
  -8.5673452e-03	
  -7.2998980e-03	
  -5.7062999e-03	
  -4.7204996e-03	
  -3.7193821e-03	
  -2.2975901e-03	
  -5.9872630e-04	
   5.0277880e-04	
   4.9274012e-04	
   1.5589923e-03	
   3.3946380e-03	
   5.0224399e-03	
   5.8855144e-03	
   7.2116359e-03	
   7.5137067e-03	
   6.0156503e-03	
   4.8926985e-03	
   4.0846985e-03	
   3.4253912e-03	
   8.5783477e-04	
  -1.6579936e-03	
  -2.8340443e-03	
  -4.8076891e-03	
  -6.8962619e-03	
  -7.7320346e-03	
  -7.5939459e-03	
  -4.7804290e-03	
  -2.3713819e-03	
   5.6172595e-04	
   4.2743091e-03	
   8.7886014e-03	
   1.3452186e-02	
   1.7466493e-02	
   2.1359756e-02	
   2.2835941e-02	
   2.1955163e-02	
   1.9834402e-02	
   1.7983896e-02	
   1.5815393e-02	
   1.3062413e-02	
   9.7627057e-03	
   7.6700620e-03	
   7.7865043e-03	
   8.6608828e-03	
   8.0413866e-03	
   7.6048359e-03	
   9.7746455e-03	
   1.1894615e-02	
   1.4821566e-02	
   1.7174104e-02	
   1.7326093e-02	
   1.8010970e-02	
   1.7609990e-02	
   1.8481413e-02	
   1.9577995e-02	
   1.9837190e-02	
   1.9935886e-02	
   1.8865693e-02	
   1.6907061e-02	
   1.4467187e-02	
   1.2924001e-02	
   1.1347408e-02	
   1.0631634e-02	
   1.1212640e-02	
   1.2669803e-02	
   1.4685998e-02	
   1.7129246e-02	
   2.0244413e-02	
   2.3895727e-02	
   2.7957548e-02	
   3.2243568e-02	
   3.3765760e-02	
   3.3980822e-02	
   3.4699326e-02	
   3.4935415e-02	
   3.2567889e-02	
   2.9275900e-02	
   2.6925285e-02	
   2.3683900e-02	
   1.9761158e-02	
   1.5881000e-02	
   1.2570821e-02	
   1.0917341e-02	
   7.6868159e-03	
   4.0058399e-03	
   1.9124162e-03	
  -9.6262584e-04	
  -4.5451841e-03	
  -7.8068516e-03	
  -9.5945957e-03	
  -1.2405906e-02	
  -1.5351788e-02	
  -1.7561799e-02	
  -1.8593492e-02	
  -1.9923612e-02	
  -2.1771397e-02	
  -2.1391118e-02	
  -2.0607308e-02	
  -1.9536960e-02	
  -1.7314373e-02	
  -1.4555949e-02	
  -1.0777324e-02	
  -6.1312450e-03	
  -8.9410146e-04	
   4.9191346e-03	
   1.1520897e-02	
   1.6724721e-02	
   1.9771061e-02	
   2.0259425e-02	
   1.9226404e-02	
   1.9150699e-02	
   1.6359226e-02	
   1.2763935e-02	
   1.0503663e-02	
   8.4690236e-03	
   6.2958880e-03	
   4.8023573e-03	
   6.1030484e-03	
   7.2935352e-03	
   8.6352999e-03	
   9.7109777e-03	
   1.2355058e-02	
   1.3810737e-02	
   1.3105909e-02	
   1.1825560e-02	
   1.0507689e-02	
   8.3841740e-03	
   6.0786188e-03	
   3.8106857e-03	
   2.2368767e-03	
   1.1867883e-03	
   2.6293245e-04	
   3.8900146e-04	
   9.2452378e-04	
   1.1061971e-03	
   2.5315995e-03	
   2.7243616e-03	
   1.2921132e-03	
   3.8276980e-04	
  -1.0650330e-03	
  -4.4817592e-03	
  -6.6250804e-03	
  -8.6508175e-03	
  -1.2099229e-02	
  -1.3707721e-02	
  -1.4763855e-02	
  -1.4524751e-02	
  -1.3345902e-02	
  -1.0996436e-02	
  -8.9992626e-03	
  -6.7882116e-03	
  -4.7595201e-03	
  -3.1648186e-03	
  -1.3128395e-03	
   3.5889096e-04	
   1.0213776e-03	
   5.6629289e-04	
  -7.1651825e-05	
  -2.4749602e-03	
  -5.4509303e-03	
  -7.5401991e-03	
  -7.2165732e-03	
  -6.4124053e-03	
  -6.4788735e-03	
  -5.3074764e-03	
  -3.8874261e-03	
  -2.4091767e-03	
  -7.1037095e-05	
   8.8164174e-04	
   1.8046227e-03	
   3.1098517e-03	
   2.7809210e-03	
   1.2851075e-03	
  -3.3574601e-04	
  -2.1368192e-03	
  -4.2813922e-03	
  -7.3133080e-03	
  -9.4687026e-03	
  -9.3985800e-03	
  -1.0133319e-02	
  -1.2209539e-02	
  -1.3604640e-02	
  -1.3311876e-02	
  -1.2036344e-02	
  -1.0355382e-02	
  -9.5637642e-03	
  -9.7615565e-03	
  -1.1259347e-02	
  -1.2543209e-02	
  -1.1789309e-02	
  -1.0654886e-02	
  -1.0269073e-02	
  -9.6180921e-03	
  -7.6481711e-03	
  -6.4741815e-03	
  -6.9738409e-03	
  -5.6997253e-03	
  -4.0391033e-03	
  -4.2967452e-03	
  -5.0886220e-03	
  -7.5446425e-03	
  -9.6693149e-03	
  -1.0803607e-02	
  -1.2609550e-02	
  -1.4706716e-02	
  -1.6166633e-02	
  -1.6132933e-02	
  -1.4733277e-02	
  -1.2621457e-02	
  -9.8194216e-03	
  -6.4571553e-03	
  -3.5960979e-03	
  -2.4950459e-03	
   2.9665560e-04	
   3.9897828e-03	
   5.4168127e-03	
   6.1412662e-03	
   6.7701056e-03	
   6.6065310e-03	
   5.8082735e-03	
   6.2658602e-03	
   7.4979389e-03	
   8.4990156e-03	
   9.9392347e-03	
   1.0342904e-02	
   1.0134403e-02	
   9.3125486e-03	
   6.9511391e-03	
   4.0582403e-03	
   3.5129972e-03	
   3.3023001e-03	
   2.2053713e-03	
   1.2873716e-03	
   1.2589664e-03	
   1.1173585e-03	
   3.9392430e-04	
   2.3601381e-04	
  -9.1486929e-04	
  -3.5034609e-03	
  -5.3682991e-03	
  -7.1669617e-03	
  -9.2403315e-03	
  -1.0601781e-02	
  -1.0844113e-02	
  -1.0529759e-02	
  -9.8475228e-03	
  -1.0064313e-02	
  -1.1365436e-02	
  -1.2939592e-02	
  -1.3484688e-02	
  -1.3357345e-02	
  -1.1959734e-02	
  -1.0575953e-02	
  -8.1583375e-03	
  -4.8557227e-03	
  -2.6280661e-03	
  -1.3153521e-03	
  -6.9917839e-04	
  -7.6235271e-04	
  -2.2389704e-03	
  -5.2811324e-03	
  -8.5702955e-03	
  -1.1302461e-02	
  -1.4706642e-02	
  -1.7507920e-02	
  -1.7844621e-02	
  -1.6951552e-02	
  -1.5924856e-02	
  -1.5479939e-02	
  -1.3606229e-02	
  -1.1637409e-02	
  -9.9930003e-03	
  -6.4217852e-03	
  -4.7375828e-03	
  -3.4751030e-03	
  -2.6367972e-03	
  -2.3205552e-03	
  -1.6335811e-03	
  -3.6483964e-04	
   3.8316271e-04	
   1.4353511e-05	
  -8.6696277e-04	
  -1.2113427e-03	
  -2.3169920e-03	
  -2.4830581e-03	
  -3.2337937e-03	
  -4.4909377e-03	
  -5.6242400e-03	
  -7.2862866e-03	
  -7.5139952e-03	
  -8.5500183e-03	
  -1.0816509e-02	
  -1.3037710e-02	
  -1.4269134e-02	
  -1.5727731e-02	
  -1.6977298e-02	
  -1.6857827e-02	
  -1.6577418e-02	
  -1.5629035e-02	
  -1.4271718e-02	
  -1.3625912e-02	
  -1.2696005e-02	
  -1.0685563e-02	
  -8.1942953e-03	
  -6.3269950e-03	
  -4.5511165e-03	
  -1.8795579e-03	
  -1.4799235e-04	
   3.7759439e-05	
   6.1987441e-04	
   2.8551814e-03	
   3.4462185e-03	
   3.1769132e-03	
   3.2136860e-03	
   3.2981909e-03	
   2.6238077e-03	
   3.6110539e-04	
  -2.7794931e-03	
  -6.7832075e-03	
  -1.0576777e-02	
  -1.2742321e-02	
  -1.4696292e-02	
  -1.7161039e-02	
  -1.8590606e-02	
  -1.8219162e-02	
  -1.7657855e-02	
  -1.7597667e-02	
  -1.7826283e-02	
  -1.7795981e-02	
  -1.7752118e-02	
  -1.8949500e-02	
  -1.9217227e-02	
  -2.1418322e-02	
  -2.3056228e-02	
  -2.2253762e-02	
  -2.1677867e-02	
  -2.1464704e-02	
  -2.0815002e-02	
  -2.1058679e-02	
  -2.1683271e-02	
  -2.1539089e-02	
  -2.0836559e-02	
  -2.0410730e-02	
  -1.9808714e-02	
  -2.0205382e-02	
  -2.0313117e-02	
  -1.9636431e-02	
  -2.0223386e-02	
  -1.9417562e-02	
  -1.7935004e-02	
  -1.7488466e-02	
  -1.8243229e-02	
  -1.8003350e-02	
  -1.8032234e-02	
  -1.7035652e-02	
  -1.4948420e-02	
  -1.3427117e-02	
  -1.0849109e-02	
  -7.6341115e-03	
  -4.7799049e-03	
  -3.1543793e-03	
  -2.9045932e-03	
  -2.9984290e-03	
  -2.4412054e-03	
  -3.5813871e-03	
  -6.9205040e-03	
  -1.0436246e-02	
  -1.1835047e-02	
  -1.3269259e-02	
  -1.4975821e-02	
  -1.5256498e-02	
  -1.6262771e-02	
  -1.8552130e-02	
  -1.9566121e-02	
  -1.9933645e-02	
  -2.1277531e-02	
  -2.1963468e-02	
  -2.2448336e-02	
  -2.1597639e-02	
  -2.0921213e-02	
  -2.1722668e-02	
  -2.2067543e-02	
  -2.2336542e-02	
  -2.0678392e-02	
  -1.8878579e-02	
  -1.8382138e-02	
  -1.6738983e-02	
  -1.5395652e-02	
  -1.4251995e-02	
  -1.1189159e-02	
  -8.1891608e-03	
  -5.7232275e-03	
  -5.3873244e-03	
  -4.2886058e-03	
  -2.8799476e-03	
  -3.0609729e-03	
  -3.3303206e-03	
  -3.2724809e-03	
  -2.0344120e-03	
  -8.4237341e-05	
   1.0759002e-03	
   2.9949253e-03	
   4.8938183e-03	
   6.5129299e-03	
   8.4726748e-03	
   1.1438101e-02	
   1.3806589e-02	
   1.6157913e-02	
   1.8660680e-02	
   2.0003588e-02	
   2.0936136e-02	
   2.2769062e-02	
   2.4444230e-02	
   2.6872482e-02	
   2.8800649e-02	
   2.9390000e-02	
   2.8727479e-02	
   2.8693933e-02	
   2.8330468e-02	
   2.6305942e-02	
   2.6195102e-02	
   2.7331873e-02	
   2.6895269e-02	
   2.6335698e-02	
   2.6484281e-02	
   2.6651967e-02	
   2.4534059e-02	
   2.2356493e-02	
   2.0308504e-02	
   1.8543483e-02	
   1.6768234e-02	
   1.4544205e-02	
   1.1843621e-02	
   9.5154592e-03	
   7.9198204e-03	
   7.5016496e-03	
   7.3854265e-03	
   8.0333442e-03	
   9.4369909e-03	
   1.0901693e-02	
   1.0941660e-02	
   1.1068132e-02	
   1.1160203e-02	
   1.1377449e-02	
   1.1870304e-02	
   1.2047265e-02	
   1.3389464e-02	
   1.4340007e-02	
   1.5090353e-02	
   1.5728677e-02	
   1.5632914e-02	
   1.4115963e-02	
   1.1860801e-02	
   9.5249295e-03	
   5.7232511e-03	
   1.9990353e-03	
  -1.2140501e-03	
  -5.1952020e-03	
  -7.6757914e-03	
  -9.8424453e-03	
  -1.0962369e-02	
  -1.1510538e-02	
  -1.1268834e-02	
  -1.1213781e-02	
  -1.1634793e-02	
  -1.1258280e-02	
  -9.5989477e-03	
  -6.8692560e-03	
  -3.5890954e-03	
   1.1707304e-03	
   6.7342032e-03	
   1.2608653e-02	
   1.9333854e-02	
   2.6411591e-02	
   3.1130547e-02	
   3.4290114e-02	
   3.6083457e-02	
   3.5728964e-02	
   3.4872619e-02	
   3.1618952e-02	
   2.9319601e-02	
   2.7725901e-02	
   2.5965093e-02	
   2.4898641e-02	
   2.4773172e-02	
   2.3896639e-02	
   2.3543916e-02	
   2.3045951e-02	
   2.2218489e-02	
   2.2704482e-02	
   2.2981802e-02	
   2.1096650e-02	
   2.0477731e-02	
   2.2685558e-02	
   2.3523622e-02	
   2.2766145e-02	
   2.0991580e-02	
   1.9900507e-02	
   1.7740724e-02	
   1.4681492e-02	
   1.2176565e-02	
   1.0190434e-02	
   8.2185252e-03	
   6.1788174e-03	
   4.7919392e-03	
   4.6671407e-03	
   5.2199242e-03	
   6.2958391e-03	
   7.5773207e-03	
   8.3237906e-03	
   9.1707142e-03	
   9.6242943e-03	
   9.7976366e-03	
   1.0690290e-02	
   1.1073837e-02	
   1.0323727e-02	
   1.0165006e-02	
   1.0135128e-02	
   9.3030865e-03	
   8.0571723e-03	
   6.9554301e-03	
   6.3799097e-03	
   5.5597108e-03	
   5.5146201e-03	
   4.2360766e-03	
   1.8431437e-03	
   1.6714036e-04	
  -1.2808230e-03	
  -2.5384536e-03	
  -4.0716194e-03	
  -6.3636806e-03	
  -6.9633453e-03	
  -7.0403376e-03	
  -7.4455474e-03	
  -7.3987566e-03	
  -5.4823265e-03	
  -3.7017333e-03	
  -1.4978046e-03	
   8.5543215e-04	
   1.0624780e-03	
   1.5607918e-03	
   2.3917960e-03	
   2.0015088e-03	
   1.4493626e-05	
  -1.4336323e-03	
  -2.6369374e-03	
  -3.3266768e-03	
  -2.6045061e-03	
  -3.8019514e-04	
   1.7897490e-03	
   3.7858372e-03	
   5.5948780e-03	
   6.7951530e-03	
   8.2984930e-03	
   8.9112671e-03	
   8.0594005e-03	
   8.4365458e-03	
   8.8752440e-03	
   8.5838245e-03	
   7.2301462e-03	
   5.9254681e-03	
   4.2419536e-03	
   1.8639824e-03	
   1.7237323e-03	
   9.9142060e-04	
   7.0641543e-04	
   1.7401016e-03	
   2.6824657e-03	
   3.2756521e-03	
   4.7682154e-03	
   7.0935766e-03	
   9.2915868e-03	
   1.1704076e-02	
   1.3092983e-02	
   1.2233892e-02	
   1.0725204e-02	
   9.6218003e-03	
   8.3456326e-03	
   6.4417323e-03	
   4.5904443e-03	
   4.4514526e-03	
   3.2840743e-03	
   1.3414867e-03	
   1.6132493e-04	
  -1.2441709e-03	
  -2.7227080e-03	
  -3.1914821e-03	
  -3.2856008e-03	
  -4.7699741e-03	
  -7.0788284e-03	
  -8.8321387e-03	
  -1.0678904e-02	
  -1.2070036e-02	
  -1.2894441e-02	
  -1.3972564e-02	
  -1.4307806e-02	
  -1.4635729e-02	
  -1.5170809e-02	
  -1.5650942e-02	
  -1.6253610e-02	
  -1.6539145e-02	
  -1.5775238e-02	
  -1.5121681e-02	
  -1.5203124e-02	
  -1.6116690e-02	
  -1.7751955e-02	
  -1.9567637e-02	
  -2.0137819e-02	
  -1.9816138e-02	
  -1.8835791e-02	
  -1.7069719e-02	
  -1.6255762e-02	
  -1.5059847e-02	
  -1.3852400e-02	
  -1.1865438e-02	
  -1.0779206e-02	
  -9.8978979e-03	
  -8.0545831e-03	
  -7.9776740e-03	
  -8.8035241e-03	
  -9.7336020e-03	
  -1.0024353e-02	
  -9.9800173e-03	
  -1.0949607e-02	
  -1.1272273e-02	
  -1.1817296e-02	
  -1.2914653e-02	
  -1.3494803e-02	
  -1.4451613e-02	
  -1.4716626e-02	
  -1.5774627e-02	
  -1.8585553e-02	
  -2.0581162e-02	
  -2.1269601e-02	
  -2.2537122e-02	
  -2.4207057e-02	
  -2.5055993e-02	
  -2.4138939e-02	
  -2.2676153e-02	
  -2.2116859e-02	
  -2.2094935e-02	
  -2.2228864e-02	
  -2.2565516e-02	
  -2.2601360e-02	
  -2.3283694e-02	
  -2.4961926e-02	
  -2.5664277e-02	
  -2.5722745e-02	
  -2.5460453e-02	
  -2.4216478e-02	
  -2.3664128e-02	
  -2.4024350e-02	
  -2.3755253e-02	
  -2.2515190e-02	
  -2.0690136e-02	
  -2.0245016e-02	
  -2.0972151e-02	
  -2.0756224e-02	
  -2.0160199e-02	
  -1.9061277e-02	
  -1.6788984e-02	
  -1.4032148e-02	
  -1.1373855e-02	
  -9.5153451e-03	
  -7.3651094e-03	
  -4.7022762e-03	
  -5.5937851e-04	
   3.8521105e-03	
   6.5927167e-03	
   9.9631468e-03	
   1.2785101e-02	
   1.4089753e-02	
   1.4303511e-02	
   1.4007470e-02	
   1.2847652e-02	
   1.1074953e-02	
   7.7467788e-03	
   3.2495297e-03	
  -1.3067425e-03	
  -5.1148821e-03	
  -7.8725292e-03	
  -9.9952334e-03	
  -1.0964676e-02	
  -1.0874284e-02	
  -9.4927859e-03	
  -9.0363288e-03	
  -8.7755940e-03	
  -7.6711329e-03	
  -5.7961537e-03	
  -3.5806658e-03	
  -1.4978005e-03	
   4.9945539e-04	
   4.1165202e-03	
   7.1720163e-03	
   8.2520788e-03	
   9.1828577e-03	
   1.0812776e-02	
   1.1371190e-02	
   1.0088290e-02	
   9.4509111e-03	
   7.7172782e-03	
   5.3239908e-03	
   4.2070104e-03	
   3.1004768e-03	
   1.4049899e-03	
   6.7447126e-04	
  -2.7492697e-04	
  -2.6841357e-03	
  -5.8321897e-03	
  -8.5006130e-03	
  -1.0913543e-02	
  -1.5063352e-02	
  -1.8753949e-02	
  -1.8888717e-02	
  -1.6577165e-02	
  -1.5320908e-02	
  -1.3366310e-02	
  -1.0663745e-02	
  -7.6510717e-03	
  -4.8365816e-03	
  -3.1460092e-03	
  -1.7769877e-03	
  -7.7028723e-04	
  -1.8485162e-04	
   1.2293069e-04	
   4.2240007e-04	
   1.0342741e-03	
   9.8717527e-04	
   4.0896578e-04	
  -3.3467258e-04	
  -1.1061596e-04	
  -1.0833502e-03	
  -1.7670015e-03	
  -6.6783627e-04	
   4.8768378e-04	
   1.0962899e-03	
   2.9143471e-03	
   4.4655187e-03	
   5.4965124e-03	
   5.9664650e-03	
   6.4556672e-03	
   6.3813457e-03	
   6.7539669e-03	
   6.4543297e-03	
   5.0412322e-03	
   5.5023853e-03	
   6.8059754e-03	
   8.1695355e-03	
   9.6701299e-03	
   1.1829342e-02	
   1.3920795e-02	
   1.4456690e-02	
   1.4444155e-02	
   1.3287964e-02	
   1.1726945e-02	
   9.5518489e-03	
   6.3334326e-03	
   3.7420407e-03	
   1.1392396e-03	
  -2.7005180e-03	
  -6.1186255e-03	
  -8.3999931e-03	
  -1.0517656e-02	
  -1.1813588e-02	
  -1.2623445e-02	
  -1.2725972e-02	
  -1.1665804e-02	
  -9.2177641e-03	
  -5.7204777e-03	
  -1.7790130e-03	
   2.3530721e-03	
   5.9944146e-03	
   8.4626259e-03	
   1.0521854e-02	
   1.0698114e-02	
   9.7745395e-03	
   9.6894861e-03	
   9.5558179e-03	
   8.9589038e-03	
   8.8972735e-03	
   8.9773309e-03	
   1.0481242e-02	
   1.2326003e-02	
   1.3656409e-02	
   1.3447443e-02	
   1.3171786e-02	
   1.4128653e-02	
   1.2545662e-02	
   1.0529238e-02	
   9.2806250e-03	
   8.1674818e-03	
   6.1453804e-03	
   3.9165876e-03	
   2.5033100e-03	
   9.3390524e-04	
   7.4356924e-05	
  -2.2958191e-05	
  -4.4296367e-05	
  -1.0197582e-03	
  -8.1006827e-04	
   1.8481771e-04	
   7.7480257e-04	
   1.8323205e-03	
   3.0443363e-03	
   3.3759843e-03	
   4.2094090e-03	
   5.1313076e-03	
   5.3140396e-03	
   5.6671726e-03	
   6.2447386e-03	
   6.6716935e-03	
   7.2365537e-03	
   8.6836049e-03	
   1.0815515e-02	
   1.1806392e-02	
   1.1840018e-02	
   1.2884694e-02	
   1.2902355e-02	
   1.4691679e-02	
   1.5876860e-02	
   1.6104539e-02	
   1.6195289e-02	
   1.6095973e-02	
   1.6255069e-02	
   1.7068488e-02	
   1.7753047e-02	
   1.7524701e-02	
   1.6300864e-02	
   1.5057907e-02	
   1.3295992e-02	
   1.0525790e-02	
   7.3394638e-03	
   5.7677134e-03	
   4.4880901e-03	
   1.9872520e-03	
   6.2782702e-04	
   2.0673192e-04	
   3.5171724e-04	
   1.1837899e-03	
   1.1751909e-03	
   3.9370278e-04	
   1.0676932e-04	
  -1.9667988e-04	
  -2.2155718e-04	
  -2.9053210e-04	
  -1.3037808e-03	
  -2.0949241e-03	
  -1.3744910e-03	
  -7.4085195e-04	
  -6.0927680e-04	
  -1.0188242e-03	
  -1.9371743e-03	
  -1.4799324e-03	
  -1.0995768e-03	
  -1.3936052e-03	
  -2.0459874e-03	
  -2.4257008e-03	
  -3.2260284e-03	
  -2.9597059e-03	
  -2.2244757e-03	
  -3.3090654e-03	
  -2.9567678e-03	
  -2.1384092e-03	
  -2.8864285e-03	
  -4.5684002e-03	
  -4.7765015e-03	
  -4.3126890e-03	
  -4.1304477e-03	
  -2.8163352e-03	
  -1.6641412e-04	
   2.6520679e-03	
   4.2193495e-03	
   5.7831952e-03	
   8.6774925e-03	
   1.1166633e-02	
   1.1644378e-02	
   1.1304506e-02	
   1.1630091e-02	
   1.1572095e-02	
   1.1895055e-02	
   1.4535476e-02	
   1.7642737e-02	
   2.0203989e-02	
   2.2677848e-02	
   2.3887153e-02	
   2.3939729e-02	
   2.4903759e-02	
   2.4667320e-02	
   2.2635052e-02	
   2.0207273e-02	
   1.7500462e-02	
   1.4349436e-02	
   1.2045904e-02	
   1.0262822e-02	
   8.7239719e-03	
   6.6004038e-03	
   3.8469581e-03	
   2.1771258e-03	
   1.2642565e-03	
   1.8282756e-04	
  -6.6394700e-04	
  -3.1372651e-04	
   3.1454265e-04	
   7.8170252e-05	
  -4.9837226e-04	
   2.2075188e-05	
  -1.6288492e-04	
  -1.1499732e-03	
  -3.0548718e-03	
  -5.2428274e-03	
  -5.7439692e-03	
  -6.7671455e-03	
  -7.0700614e-03	
  -6.5463481e-03	
  -3.6184973e-03	
  -1.2284185e-04	
   1.6199983e-03	
   4.5199933e-03	
   7.2466654e-03	
   8.2197885e-03	
   7.6582812e-03	
   6.3390765e-03	
   4.5070445e-03	
   1.9740694e-03	
   6.6255898e-05	
  -2.1449912e-03	
  -4.7975668e-03	
  -7.6068498e-03	
  -1.0384135e-02	
  -1.3008419e-02	
  -1.4652632e-02	
  -1.7523869e-02	
  -2.1108907e-02	
  -2.1537426e-02	
  -2.2053558e-02	
  -2.2996431e-02	
  -2.2843904e-02	
  -2.2009556e-02	
  -1.9613790e-02	
  -1.7362760e-02	
  -1.6922228e-02	
  -1.6876890e-02	
  -1.7020819e-02	
  -1.6759187e-02	
  -1.6564101e-02	
  -1.6907917e-02	
  -1.6764037e-02	
  -1.5100483e-02	
  -1.4441393e-02	
  -1.3178982e-02	
  -1.1325819e-02	
  -1.0618562e-02	
  -9.6892009e-03	
  -7.7912419e-03	
  -5.5957965e-03	
  -3.9280669e-03	
  -3.0371122e-03	
  -1.4022124e-03	
   3.7913230e-04	
   1.5752972e-03	
   2.3495562e-03	
   4.2603962e-03	
   6.0594199e-03	
   5.8089533e-03	
   5.3135033e-03	
   4.9437509e-03	
   4.0808786e-03	
   3.9053912e-03	
   2.9083609e-03	
   1.7630887e-03	
   2.1540173e-05	
  -2.4282909e-03	
  -3.5126565e-03	
  -4.5681573e-03	
  -5.7451436e-03	
  -7.8434981e-03	
  -1.0478121e-02	
  -1.1946629e-02	
  -1.2901523e-02	
  -1.3524509e-02	
  -1.4374840e-02	
  -1.3792196e-02	
  -1.3351086e-02	
  -1.2907139e-02	
  -1.0345398e-02	
  -8.7495873e-03	
  -9.2128660e-03	
  -8.4969862e-03	
  -6.0250782e-03	
  -5.0906008e-03	
  -4.5762201e-03	
  -4.1548456e-03	
  -4.2188622e-03	
  -2.6267760e-03	
  -2.5918043e-03	
  -4.2157472e-03	
  -5.8161016e-03	
  -6.6391750e-03	
  -6.1947661e-03	
  -6.4054550e-03	
  -7.9685696e-03	
  -8.8977462e-03	
  -9.6231451e-03	
  -1.0182944e-02	
  -1.0791717e-02	
  -1.1623709e-02	
  -1.1638102e-02	
  -1.1885080e-02	
  -1.2977595e-02	
  -1.2886063e-02	
  -1.1858527e-02	
  -1.1793735e-02	
  -1.3004645e-02	
  -1.1107342e-02	
  -9.7611491e-03	
  -9.3092723e-03	
  -7.7116139e-03	
  -7.2789321e-03	
  -6.5821087e-03	
  -5.4817022e-03	
  -2.7816398e-03	
  -4.3032831e-04	
   4.7579170e-04	
   2.1298085e-03	
   3.6460093e-03	
   4.8720219e-03	
   7.1313445e-03	
   9.1220913e-03	
   1.0389041e-02	
   1.1426145e-02	
   1.1452828e-02	
   1.1457017e-02	
   1.1289657e-02	
   1.2267535e-02	
   1.3449717e-02	
   1.2909380e-02	
   1.1994559e-02	
   1.0891864e-02	
   9.4232501e-03	
   7.5125804e-03	
   6.9155252e-03	
   6.9824823e-03	
   7.4595793e-03	
   7.3732178e-03	
   8.1280203e-03	
   1.0209595e-02	
   1.3194557e-02	
   1.6571794e-02	
   2.0316149e-02	
   2.4355713e-02	
   2.7440797e-02	
   2.9702488e-02	
   3.0411953e-02	
   3.1484673e-02	
   3.1378217e-02	
   2.9990541e-02	
   2.9688828e-02	
   2.8820641e-02	
   2.8646256e-02	
   2.8288577e-02	
   2.7049956e-02	
   2.7156224e-02	
   2.7492648e-02	
   2.8750413e-02	
   2.9914877e-02	
   3.0810749e-02	
   3.0226720e-02	
   2.9622210e-02	
   2.9466798e-02	
   2.8695506e-02	
   2.8110923e-02	
   2.7460088e-02	
   2.6813956e-02	
   2.6938260e-02	
   2.6199707e-02	
   2.4527466e-02	
   2.3267411e-02	
   2.2972576e-02	
   2.2244773e-02	
   2.1023675e-02	
   1.9811892e-02	
   1.8910396e-02	
   1.7869380e-02	
   1.7599827e-02	
   1.6463163e-02	
   1.4534197e-02	
   1.3826622e-02	
   1.2357992e-02	
   1.0705701e-02	
   8.5904994e-03	
   5.2637794e-03	
   2.8047182e-03	
   2.1082436e-03	
   1.8111672e-03	
   1.7597138e-03	
   1.5936266e-03	
   1.4421572e-03	
   2.0787088e-03	
   1.7807872e-03	
   7.2680592e-04	
   3.0667211e-04	
   1.6775561e-04	
  -1.2421138e-03	
  -3.2210723e-03	
  -4.1603256e-03	
  -4.4189064e-03	
  -4.6016563e-03	
  -3.0915167e-03	
  -1.7141471e-03	
  -1.7346321e-03	
   5.5098768e-04	
   1.9990736e-03	
   1.6119567e-03	
   3.0805859e-03	
   3.5266142e-03	
   1.6268036e-03	
  -1.6569195e-04	
  -2.3782694e-03	
  -4.0690179e-03	
  -5.9114811e-03	
  -7.4888435e-03	
  -9.5463151e-03	
  -1.0710828e-02	
  -1.0828375e-02	
  -1.0497404e-02	
  -9.4002752e-03	
  -8.6463024e-03	
  -7.1204382e-03	
  -4.9049129e-03	
  -3.6444681e-03	
  -2.1977127e-03	
  -3.7921575e-04	
   8.3225844e-04	
   2.2040534e-03	
   3.7356992e-03	
   4.6482091e-03	
   4.8790440e-03	
   4.5006688e-03	
   2.9339870e-03	
   1.5803714e-03	
   3.5694514e-04	
  -8.2674741e-04	
  -2.2773252e-03	
  -3.0530788e-03	
  -3.0288277e-03	
  -3.4975097e-03	
  -2.8356825e-03	
  -1.7783178e-03	
  -1.1912708e-03	
  -3.1433988e-04	
   8.4644596e-04	
   1.5757438e-03	
   1.3049772e-03	
   1.9134334e-03	
   2.3204215e-03	
   7.0023341e-04	
  -1.6073218e-04	
  -8.5592849e-04	
  -2.1713760e-03	
  -5.3689649e-03	
  -7.9135742e-03	
  -1.0165299e-02	
  -1.2610161e-02	
  -1.4894353e-02	
  -1.6354255e-02	
  -1.5961392e-02	
  -1.6054310e-02	
  -1.5643028e-02	
  -1.3771218e-02	
  -1.1602911e-02	
  -9.8409375e-03	
  -8.5358862e-03	
  -6.8819146e-03	
  -5.6849037e-03	
  -4.5747988e-03	
  -4.5817629e-03	
  -6.8022867e-03	
  -8.6077366e-03	
  -1.0382489e-02	
  -1.1843808e-02	
  -1.4813244e-02	
  -1.7849975e-02	
  -1.8391388e-02	
  -1.9655746e-02	
  -2.2033810e-02	
  -2.3195560e-02	
  -2.3666907e-02	
  -2.4503219e-02	
  -2.5937163e-02	
  -2.7084447e-02	
  -2.7172287e-02	
  -2.9361891e-02	
  -2.9919172e-02	
  -2.7996693e-02	
  -2.7371457e-02	
  -2.6070962e-02	
  -2.3944692e-02	
  -2.1715382e-02	
  -1.8094002e-02	
  -1.5299058e-02	
  -1.3514077e-02	
  -1.3447141e-02	
  -1.3316456e-02	
  -1.2690724e-02	
  -1.1590775e-02	
  -1.0828253e-02	
  -1.2177388e-02	
  -1.4074015e-02	
  -1.4829821e-02	
  -1.5090890e-02	
  -1.4666479e-02	
  -1.4304864e-02	
  -1.4482909e-02	
  -1.4461246e-02	
  -1.4313340e-02	
  -1.3622040e-02	
  -1.3798406e-02	
  -1.3381086e-02	
  -1.3789164e-02	
  -1.4345051e-02	
  -1.3561380e-02	
  -1.3977820e-02	
  -1.4163119e-02	
  -1.3893272e-02	
  -1.3868676e-02	
  -1.3536596e-02	
  -1.3903704e-02	
  -1.3345821e-02	
  -1.2152889e-02	
  -1.0720665e-02	
  -9.0910072e-03	
  -8.5134655e-03	
  -8.8087808e-03	
  -7.5938921e-03	
  -6.4255431e-03	
  -5.5004839e-03	
  -4.9760510e-03	
  -3.9416391e-03	
  -3.1376669e-03	
  -2.2549950e-03	
  -1.2834514e-03	
  -7.8129160e-04	
  -1.0092463e-04	
   4.6787683e-04	
   1.9766024e-05	
   6.1042155e-05	
  -2.0760935e-04	
  -7.1135376e-04	
  -8.4566193e-04	
  -6.6597106e-04	
   2.2487871e-04	
   1.1215883e-03	
   2.4100512e-03	
   5.1160460e-03	
   7.1519592e-03	
   8.3105795e-03	
   1.0584943e-02	
   1.3829067e-02	
   1.6362396e-02	
   1.7508547e-02	
   1.9357367e-02	
   2.0785418e-02	
   2.2062278e-02	
   2.3674511e-02	
   2.5492776e-02	
   2.7300039e-02	
   2.8398153e-02	
   2.7160649e-02	
   2.5660405e-02	
   2.5624089e-02	
   2.4963613e-02	
   2.2758476e-02	
   2.1640353e-02	
   2.1509676e-02	
   2.0294951e-02	
   1.7959943e-02	
   1.5320060e-02	
   1.4176827e-02	
   1.2972820e-02	
   1.0912434e-02	
   1.0590257e-02	
   1.1180129e-02	
   1.1145590e-02	
   1.1316136e-02	
   1.2498302e-02	
   1.3831284e-02	
   1.5533631e-02	
   1.7243949e-02	
   1.9073958e-02	
   2.0713038e-02	
   2.2006687e-02	
   2.3228910e-02	
   2.5136173e-02	
   2.5924653e-02	
   2.4833083e-02	
   2.4430163e-02	
   2.4844493e-02	
   2.4772430e-02	
   2.3452285e-02	
   2.3475032e-02	
   2.3536409e-02	
   2.2808908e-02	
   2.2515304e-02	
   2.1558119e-02	
   2.0857007e-02	
   2.1837412e-02	
   2.2937776e-02	
   2.3342757e-02	
   2.1749620e-02	
   2.0673160e-02	
   2.1127318e-02	
   2.0447576e-02	
   1.8445569e-02	
   1.7433160e-02	
   1.5724708e-02	
   1.3186708e-02	
   1.1149599e-02	
   1.0274045e-02	
   9.9707345e-03	
   9.6306268e-03	
   9.0013001e-03	
   7.5143856e-03	
   8.5200182e-03	
   8.5637022e-03	
   8.6139306e-03	
   9.1351883e-03	
   9.2478050e-03	
   9.7143355e-03	
   1.0079268e-02	
   9.8665775e-03	
   9.4565510e-03	
   8.9623513e-03	
   9.4425900e-03	
   9.8592832e-03	
   1.0152194e-02	
   9.0954734e-03	
   6.3532339e-03	
   3.6372301e-03	
   7.1426559e-04	
  -2.1298232e-03	
  -4.4242079e-03	
  -6.5032542e-03	
  -7.9170485e-03	
  -9.6077416e-03	
  -1.0668472e-02	
  -1.0870723e-02	
  -1.0464461e-02	
  -8.9390993e-03	
  -8.0724047e-03	
  -7.7916396e-03	
  -8.1744663e-03	
  -9.2453682e-03	
  -1.0715237e-02	
  -1.1604565e-02	
  -1.1877191e-02	
  -1.2472100e-02	
  -1.3397011e-02	
  -1.5549165e-02	
  -1.7737358e-02	
  -1.9056689e-02	
  -1.9902675e-02	
  -2.0238153e-02	
  -1.9677507e-02	
  -2.0174143e-02	
  -1.9962088e-02	
  -2.0099734e-02	
  -1.9531328e-02	
  -1.7305237e-02	
  -1.5677935e-02	
  -1.4572477e-02	
  -1.3280588e-02	
  -1.2744237e-02	
  -1.2026572e-02	
  -9.9003347e-03	
  -8.0597705e-03	
  -6.8492290e-03	
  -6.2361306e-03	
  -4.9190221e-03	
  -4.3749387e-03	
  -6.0395917e-03	
  -5.1865997e-03	
  -4.5337994e-03	
  -5.8441181e-03	
  -8.1392330e-03	
  -9.6905945e-03	
  -1.0837063e-02	
  -1.2515507e-02	
  -1.3843720e-02	
  -1.5112301e-02	
  -1.5622596e-02	
  -1.5851587e-02	
  -1.6454328e-02	
  -1.6402763e-02	
  -1.6429642e-02	
  -1.6913695e-02	
  -1.8558756e-02	
  -1.9039851e-02	
  -1.8447973e-02	
  -1.8861105e-02	
  -1.8933428e-02	
  -1.8420752e-02	
  -1.6868055e-02	
  -1.5566655e-02	
  -1.4265556e-02	
  -1.2589109e-02	
  -1.1306316e-02	
  -1.1702112e-02	
  -1.2577862e-02	
  -1.2805321e-02	
  -1.3709800e-02	
  -1.4541849e-02	
  -1.4374440e-02	
  -1.4490056e-02	
  -1.5406915e-02	
  -1.7414415e-02	
  -1.9410064e-02	
  -2.1460523e-02	
  -2.2267153e-02	
  -2.2045196e-02	
  -2.1771111e-02	
  -2.2037005e-02	
  -2.2199989e-02	
  -2.2629412e-02	
  -2.3678969e-02	
  -2.4550685e-02	
  -2.4725625e-02	
  -2.5041845e-02	
  -2.5758523e-02	
  -2.6441860e-02	
  -2.6289463e-02	
  -2.6109731e-02	
  -2.4917419e-02	
  -2.3050458e-02	
  -2.2209948e-02	
  -2.0423761e-02	
  -1.9187993e-02	
  -1.7399223e-02	
  -1.4023330e-02	
  -1.1953409e-02	
  -1.0866680e-02	
  -1.0548162e-02	
  -1.0904586e-02	
  -1.2012578e-02	
  -1.2773185e-02	
  -1.4248156e-02	
  -1.6565641e-02	
  -1.8230947e-02	
  -1.9643733e-02	
  -2.1189919e-02	
  -2.2071822e-02	
  -2.1730263e-02	
  -2.1041108e-02	
  -2.0407478e-02	
  -1.8762115e-02	
  -1.5062895e-02	
  -1.2553339e-02	
  -1.0088388e-02	
  -6.9716021e-03	
  -5.0204342e-03	
  -3.3692345e-03	
  -2.2031439e-03	
  -1.2593356e-03	
  -3.0966985e-04	
   3.9968635e-04	
  -4.6556019e-05	
  -1.9793660e-03	
  -2.3609939e-03	
  -1.8306106e-03	
  -1.5375929e-03	
  -1.5509026e-03	
  -2.4519715e-03	
  -2.4637474e-03	
  -2.1569594e-03	
  -1.2447055e-03	
   1.6796987e-04	
   1.2991508e-03	
   2.2379093e-03	
   2.5658009e-03	
   2.9840581e-03	
   4.5408988e-03	
   4.6392188e-03	
   3.9825073e-03	
   4.4585846e-03	
   3.8614961e-03	
   2.1281231e-03	
   3.8902998e-04	
  -9.8293564e-04	
  -2.5018691e-03	
  -3.4552129e-03	
  -4.5745159e-03	
  -5.4152879e-03	
  -5.4716337e-03	
  -5.0542478e-03	
  -5.9336923e-03	
  -6.9865908e-03	
  -7.9717391e-03	
  -8.4326909e-03	
  -9.1130692e-03	
  -8.6761640e-03	
  -6.8747614e-03	
  -5.0159631e-03	
  -3.5147331e-03	
  -2.9911046e-03	
  -1.9349950e-03	
  -1.1047716e-03	
  -9.7830155e-04	
  -9.7819560e-04	
   8.3762685e-05	
   7.5527248e-05	
   1.6747810e-04	
   2.3098526e-03	
   2.8767177e-03	
   3.2961493e-03	
   5.1093336e-03	
   6.2392284e-03	
   6.1461742e-03	
   6.3697955e-03	
   7.4840325e-03	
   7.8505519e-03	
   8.1618990e-03	
   8.5791546e-03	
   9.4418402e-03	
   1.0870877e-02	
   1.0907976e-02	
   1.0651414e-02	
   9.5015553e-03	
   7.5136374e-03	
   6.4165415e-03	
   4.8461065e-03	
   3.7514743e-03	
   3.1308641e-03	
   1.7507626e-03	
   7.7303915e-04	
   1.2540063e-03	
   2.0715042e-03	
   2.9013821e-03	
   5.1942908e-03	
   7.0017261e-03	
   7.4704880e-03	
   9.0050817e-03	
   1.0763102e-02	
   1.2120664e-02	
   1.3228925e-02	
   1.4145890e-02	
   1.4088840e-02	
   1.3285046e-02	
   1.2662948e-02	
   1.1005801e-02	
   8.9044129e-03	
   9.1582691e-03	
   9.5165512e-03	
   7.9065986e-03	
   6.5425299e-03	
   6.3613839e-03	
   7.0039731e-03	
   7.4296239e-03	
   7.9154927e-03	
   8.0474404e-03	
   7.8386961e-03	
   5.9162733e-03	
   4.7250684e-03	
   4.5849936e-03	
   3.7813392e-03	
   3.2999554e-03	
   3.0531660e-03	
   1.8872287e-03	
   6.1057746e-04	
  -6.3260243e-04	
  -1.9326421e-03	
  -3.5170347e-03	
  -4.9411241e-03	
  -7.1393169e-03	
  -8.6759114e-03	
  -8.8313482e-03	
  -8.5487877e-03	
  -8.0111142e-03	
  -6.8177228e-03	
  -4.1573835e-03	
  -2.9385787e-03	
  -2.4583896e-03	
  -2.1291476e-03	
  -1.2531913e-03	
  -9.1660361e-04	
  -1.5149163e-03	
  -1.4954932e-03	
  -1.5296425e-03	
  -1.5070524e-03	
  -1.4869911e-03	
  -4.8624783e-04	
   3.4294735e-04	
   1.2729950e-03	
   2.0573558e-03	
   2.3897479e-03	
   3.7182395e-03	
   4.4867535e-03	
   4.0502770e-03	
   4.4465895e-03	
   4.3197225e-03	
   4.2334384e-03	
   4.6502523e-03	
   4.8067184e-03	
   4.4993917e-03	
   4.6041477e-03	
   5.6934881e-03	
   5.7243171e-03	
   6.2690566e-03	
   6.5057799e-03	
   7.5416098e-03	
   8.7489516e-03	
   9.6172200e-03	
   1.0854309e-02	
   1.2392792e-02	
   1.3431567e-02	
   1.5093450e-02	
   1.5428333e-02	
   1.4575004e-02	
   1.5250516e-02	
   1.5464429e-02	
   1.5446948e-02	
   1.5228299e-02	
   1.6262021e-02	
   1.7936952e-02	
   1.8286554e-02	
   1.9067699e-02	
   2.1254996e-02	
   2.3347908e-02	
   2.4426748e-02	
   2.6348730e-02	
   2.8262244e-02	
   2.9892187e-02	
   3.1379660e-02	
   3.2634711e-02	
   3.2992928e-02	
   3.4793793e-02	
   3.6102797e-02	
   3.6143547e-02	
   3.5857416e-02	
   3.5783072e-02	
   3.6901024e-02	
   3.7000519e-02	
   3.6281640e-02	
   3.6163881e-02	
   3.6549889e-02	
   3.8027118e-02	
   3.7922178e-02	
   3.7860784e-02	
   3.7550074e-02	
   3.6669906e-02	
   3.5339411e-02	
   3.3305676e-02	
   3.1877152e-02	
   3.0214731e-02	
   2.8467730e-02	
   2.7226289e-02	
   2.6974927e-02	
   2.6724184e-02	
   2.5913047e-02	
   2.4864191e-02	
   2.4353520e-02	
   2.2823097e-02	
   2.0466630e-02	
   1.7785338e-02	
   1.6006013e-02	
   1.5327387e-02	
   1.5016163e-02	
   1.3203220e-02	
   1.0713640e-02	
   9.2070632e-03	
   8.0629531e-03	
   6.8993206e-03	
   6.4888996e-03	
   5.9255879e-03	
   4.9956965e-03	
   3.3346141e-03	
   2.7851321e-03	
   3.0127445e-03	
   2.4516797e-03	
   2.0549304e-03	
   1.3484819e-03	
   6.0350049e-04	
   3.8738393e-04	
   1.1040944e-03	
   1.2761588e-03	
   7.6197838e-04	
   1.2795940e-04	
  -8.5095699e-05	
   5.2937086e-04	
   8.7201414e-04	
   1.6937852e-03	
   2.6639791e-03	
   3.2960124e-03	
   4.1870234e-03	
   5.1225423e-03	
   6.3842618e-03	
   8.0471780e-03	
   8.1347579e-03	
   7.9701165e-03	
   8.8449261e-03	
   8.4512811e-03	
   7.5573882e-03	
   6.2407875e-03	
   4.7501240e-03	
   3.1450434e-03	
   1.2536224e-03	
   2.9219258e-04	
   1.6420131e-04	
  -7.6572160e-04	
  -2.1757436e-03	
  -2.8736330e-03	
  -3.0565752e-03	
  -3.4375543e-03	
  -5.1550331e-03	
  -6.1186394e-03	
  -6.0280383e-03	
  -6.3953246e-03	
  -6.6258188e-03	
  -7.4005350e-03	
  -7.5898676e-03	
  -7.9237519e-03	
  -8.1634882e-03	
  -8.3915008e-03	
  -6.9886364e-03	
  -6.3495925e-03	
  -6.5955774e-03	
  -5.5013763e-03	
  -4.1952524e-03	
  -3.4004237e-03	
  -3.8216915e-03	
  -4.7969873e-03	
  -5.4259424e-03	
  -5.6532760e-03	
  -6.1171887e-03	
  -7.5852254e-03	
  -7.9395849e-03	
  -7.9175050e-03	
  -8.1690710e-03	
  -8.0486784e-03	
  -8.2028120e-03	
  -7.9391269e-03	
  -7.8264776e-03	
  -8.4019980e-03	
  -9.3431600e-03	
  -9.7949878e-03	
  -1.0046855e-02	
  -1.0629458e-02	
  -1.0994774e-02	
  -1.2908182e-02	
  -1.5190752e-02	
  -1.4942014e-02	
  -1.3280930e-02	
  -1.2477218e-02	
  -1.2745402e-02	
  -1.1916156e-02	
  -9.8441405e-03	
  -8.0082666e-03	
  -6.7288658e-03	
  -5.1335269e-03	
  -3.7305476e-03	
  -2.5950562e-03	
  -2.9171621e-03	
  -3.9062722e-03	
  -4.4236277e-03	
  -5.5934901e-03	
  -7.6551711e-03	
  -9.2165090e-03	
  -1.0632938e-02	
  -1.1030186e-02	
  -1.1923719e-02	
  -1.3244695e-02	
  -1.3501787e-02	
  -1.3273416e-02	
  -1.2977979e-02	
  -1.2732321e-02	
  -1.2131357e-02	
  -1.0971750e-02	
  -9.4349127e-03	
  -9.4355403e-03	
  -8.2034803e-03	
  -6.7688602e-03	
  -6.5476032e-03	
  -7.8621746e-03	
  -9.3322634e-03	
  -1.0609654e-02	
  -1.2005952e-02	
  -1.2807187e-02	
  -1.3962670e-02	
  -1.3475234e-02	
  -1.3489130e-02	
  -1.4585957e-02	
  -1.3964634e-02	
  -1.2783821e-02	
  -1.2445229e-02	
  -1.2155970e-02	
  -1.0952622e-02	
  -1.0908791e-02	
  -1.1702968e-02	
  -1.0881636e-02	
  -9.3606662e-03	
  -8.9284961e-03	
  -8.6712170e-03	
  -7.0895456e-03	
  -5.2404875e-03	
  -3.4479659e-03	
  -3.0335433e-03	
  -3.8142570e-03	
  -3.3461781e-03	
  -2.6914821e-03	
  -3.5813496e-03	
  -4.2624981e-03	
  -4.5575199e-03	
  -4.0839210e-03	
  -5.5468761e-03	
  -7.4096605e-03	
  -6.8058833e-03	
  -7.0805228e-03	
  -7.9578059e-03	
  -8.7327657e-03	
  -9.3775285e-03	
  -1.0219089e-02	
  -1.0825849e-02	
  -1.0686679e-02	
  -9.8319889e-03	
  -9.2740562e-03	
  -9.1797607e-03	
  -9.4409600e-03	
  -1.0040466e-02	
  -9.8411739e-03	
  -1.0323744e-02	
  -1.1388843e-02	
  -1.2125586e-02	
  -1.3177295e-02	
  -1.2507438e-02	
  -1.1959579e-02	
  -1.1679789e-02	
  -1.1765568e-02	
  -1.1880263e-02	
  -1.1362306e-02	
  -1.2035749e-02	
  -1.2480608e-02	
  -1.1758877e-02	
  -1.1471280e-02	
  -1.1605184e-02	
  -1.2136483e-02	
  -1.2378269e-02	
  -1.1678600e-02	
  -1.1531019e-02	
  -1.1445599e-02	
  -1.0566964e-02	
  -1.0197696e-02	
  -1.0237720e-02	
  -9.7301791e-03	
  -1.1097268e-02	
  -1.2582834e-02	
  -1.1780703e-02	
  -1.2275114e-02	
  -1.4383780e-02	
  -1.6301948e-02	
  -1.7195375e-02	
  -1.7739535e-02	
  -1.9316396e-02	
  -2.0232693e-02	
  -1.9057512e-02	
  -1.8766524e-02	
  -1.8824340e-02	
  -1.8913281e-02	
  -1.8154296e-02	
  -1.7047127e-02	
  -1.6550963e-02	
  -1.7177682e-02	
  -1.8260605e-02	
  -1.8620264e-02	
  -1.9931909e-02	
  -2.1091499e-02	
  -2.0623779e-02	
  -2.0080573e-02	
  -1.8943591e-02	
  -1.7830383e-02	
  -1.6831160e-02	
  -1.5377648e-02	
  -1.3938301e-02	
  -1.2948223e-02	
  -1.1837908e-02	
  -1.0615946e-02	
  -1.0389270e-02	
  -9.9508566e-03	
  -8.5912410e-03	
  -6.8767597e-03	
  -5.8179900e-03	
  -6.3280300e-03	
  -6.6532566e-03	
  -6.8939929e-03	
  -7.6439714e-03	
  -8.1722495e-03	
  -7.1584849e-03	
  -6.3466715e-03	
  -6.0748861e-03	
  -5.3475606e-03	
  -3.6643288e-03	
  -2.4790238e-03	
  -2.2368368e-03	
  -1.8674698e-03	
  -3.4012126e-04	
   4.2014391e-04	
   3.2439469e-04	
   2.7266428e-04	
   1.0181135e-03	
   1.9543333e-03	
   1.6780809e-03	
   1.8572326e-03	
   2.7380732e-03	
   4.7354393e-03	
   4.8898272e-03	
   4.6126025e-03	
   5.1392686e-03	
   5.6533200e-03	
   5.4809842e-03	
   5.3927213e-03	
   6.3010030e-03	
   6.2733957e-03	
   5.9813404e-03	
   6.1380617e-03	
   7.0436701e-03	
   7.8967518e-03	
   8.0851219e-03	
   8.3713703e-03	
   8.4356901e-03	
   8.5394478e-03	
   8.6890410e-03	
   8.7111275e-03	
   9.5301292e-03	
   1.0092015e-02	
   1.1080023e-02	
   1.1716570e-02	
   1.2324283e-02	
   1.2859323e-02	
   1.2331431e-02	
   1.3004466e-02	
   1.4988266e-02	
   1.6770834e-02	
   1.7767538e-02	
   1.9263878e-02	
   2.1227058e-02	
   2.2726601e-02	
   2.4425648e-02	
   2.4920687e-02	
   2.4971062e-02	
   2.4820695e-02	
   2.4372070e-02	
   2.3342293e-02	
   2.3139309e-02	
   2.2423046e-02	
   2.0481732e-02	
   2.0153230e-02	
   2.0571374e-02	
   2.0347290e-02	
   1.9959187e-02	
   1.9325834e-02	
   1.9522323e-02	
   2.0144078e-02	
   2.0417095e-02	
   2.0002455e-02	
   2.0151527e-02	
   2.0543974e-02	
   1.9795462e-02	
   1.9661655e-02	
   1.9006191e-02	
   1.7915403e-02	
   1.7574187e-02	
   1.7754376e-02	
   1.7083900e-02	
   1.5938751e-02	
   1.4502159e-02	
   1.3796776e-02	
   1.4376714e-02	
   1.4050714e-02	
   1.3190938e-02	
   1.2987343e-02	
   1.2554659e-02	
   1.2222775e-02	
   1.2845688e-02	
   1.3580989e-02	
   1.4324888e-02	
   1.4081146e-02	
   1.3924308e-02	
   1.4522876e-02	
   1.2409166e-02	
   1.1355713e-02	
   1.1269241e-02	
   1.0266237e-02	
   9.3697045e-03	
   7.8299381e-03	
   5.7461502e-03	
   3.5339191e-03	
   2.7477277e-03	
   3.3005780e-03	
   3.1906476e-03	
   3.5253746e-03	
   4.2090871e-03	
   4.7331524e-03	
   5.3709193e-03	
   4.7235224e-03	
   4.5393071e-03	
   4.6429564e-03	
   4.4844234e-03	
   3.2204008e-03	
   2.8533036e-03	
   2.9298354e-03	
   2.5270395e-03	
   2.4662837e-03	
   2.8944179e-03	
   3.4973158e-03	
   3.5358848e-03	
   3.2866725e-03	
   4.3794286e-03	
   4.3924906e-03	
   3.7616015e-03	
   3.3021445e-03	
   2.4162680e-03	
   9.2976504e-04	
  -7.3143992e-05	
  -2.3125095e-04	
  -1.3526612e-03	
  -2.3605684e-03	
  -3.8675100e-03	
  -4.8454382e-03	
  -4.3179980e-03	
  -3.6386050e-03	
  -3.7806342e-03	
  -3.0363974e-03	
  -1.7865656e-03	
  -1.0347338e-03	
  -5.0922683e-04	
  -6.5577304e-04	
  -3.8278089e-04	
   2.3171110e-04	
  -2.0249604e-04	
  -1.1825862e-03	
  -8.1761697e-04	
  -1.8278706e-03	
  -2.7094488e-03	
  -2.4708469e-03	
  -1.7915746e-03	
  -1.5810829e-03	
  -1.2665687e-03	
  -8.1551427e-04	
  -2.4319665e-04	
   3.6466303e-04	
   7.9984320e-04	
   1.5239669e-03	
   1.8492220e-03	
   2.2172254e-03	
   1.5361039e-03	
   1.2852012e-03	
   3.9335388e-05	
  -5.5324132e-04	
  -1.7882616e-03	
  -3.7125043e-03	
  -4.0741011e-03	
  -3.8527699e-03	
  -3.3744016e-03	
  -3.2295060e-03	
  -3.6149480e-03	
  -3.2069785e-03	
  -3.4188492e-03	
  -3.7373968e-03	
  -3.6171615e-03	
  -4.6281324e-03	
  -6.0439031e-03	
  -7.4708890e-03	
  -8.4757066e-03	
  -8.3178982e-03	
  -8.6153405e-03	
  -9.3959639e-03	
  -9.5506590e-03	
  -9.3656703e-03	
  -8.9795722e-03	
  -9.1288965e-03	
  -9.0628570e-03	
  -7.9881606e-03	
  -8.1927060e-03	
  -8.6807606e-03	
  -8.6909481e-03	
  -7.7343728e-03	
  -6.9466272e-03	
  -6.8538688e-03	
  -7.3649904e-03	
  -7.1271970e-03	
  -7.0612032e-03	
  -8.3932123e-03	
  -9.8762678e-03	
  -1.0237085e-02	
  -1.0239701e-02	
  -9.6353294e-03	
  -9.5573909e-03	
  -9.8202691e-03	
  -9.1994592e-03	
  -7.9839201e-03	
  -6.6926594e-03	
  -6.1768931e-03	
  -5.3454546e-03	
  -4.9590566e-03	
  -5.2292120e-03	
  -6.3518924e-03	
  -7.1514139e-03	
  -7.2506850e-03	
  -8.1210121e-03	
  -9.0862476e-03	
  -9.0021721e-03	
  -9.6621755e-03	
  -1.0442147e-02	
  -9.5701538e-03	
  -8.4838240e-03	
  -8.6442568e-03	
  -7.7982028e-03	
  -5.4071208e-03	
  -3.6584551e-03	
  -2.1268468e-03	
  -7.1304863e-05	
   8.4018758e-04	
   1.2906927e-03	
   1.5420297e-03	
   2.3243890e-03	
   2.9250326e-03	
   2.9833157e-03	
   3.6965409e-03	
   3.6037507e-03	
   3.5872624e-03	
   4.1745384e-03	
   4.4089797e-03	
   5.2370425e-03	
   5.6845916e-03	
   4.6598130e-03	
   3.8832721e-03	
   2.9215753e-03	
   2.8475448e-03	
   2.1175151e-03	
   1.0893860e-03	
   1.6049021e-03	
   2.2131048e-03	
   2.1506147e-03	
   1.6637068e-03	
   1.8347011e-03	
   3.2697344e-03	
   4.2764085e-03	
   3.9911243e-03	
   3.5867074e-03	
   4.7873597e-03	
   5.3905763e-03	
   5.0260626e-03	
   4.7808935e-03	
   4.7235444e-03	
   4.5971860e-03	
   3.5599705e-03	
   3.0274471e-03	
   2.0872476e-03	
   1.1820075e-03	
   1.2161373e-03	
   1.4611842e-03	
   1.4152931e-03	
   1.2199140e-03	
   7.4468115e-04	
   1.6829807e-03	
   2.0788637e-03	
   1.9532233e-03	
   1.9853832e-03	
   1.4080625e-03	
   4.9249260e-04	
   6.6010460e-04	
   6.7380231e-04	
  -5.2630663e-05	
   5.5981111e-05	
   4.3003263e-04	
  -2.4166453e-04	
   2.9154856e-04	
   8.9016501e-04	
   2.4864533e-04	
  -3.9922661e-04	
  -2.2979284e-03	
  -4.1690608e-03	
  -5.1891987e-03	
  -5.6975550e-03	
  -6.3870303e-03	
  -6.8735788e-03	
  -6.1515858e-03	
  -4.7941870e-03	
  -3.9368966e-03	
  -1.4456299e-03	
   3.5606682e-04	
   1.3746923e-03	
   3.3122325e-03	
   4.8569501e-03	
   5.8081937e-03	
   5.7813411e-03	
   5.5794289e-03	
   6.1688907e-03	
   5.5359666e-03	
   4.3568596e-03	
   4.3694025e-03	
   2.6488478e-03	
   1.6781714e-03	
   1.4075751e-03	
   6.8826905e-04	
   2.8835295e-04	
   1.1831836e-04	
   7.6837467e-05	
   3.9319740e-04	
   7.6305883e-05	
   5.2168663e-05	
   4.4047759e-04	
   1.1881608e-03	
   1.1941616e-03	
   9.0502898e-04	
   1.2634603e-04	
   1.9460823e-04	
   1.2682191e-03	
   6.3596430e-04	
   7.6489364e-04	
   1.3912947e-03	
   2.2069067e-03	
   3.1397019e-03	
   3.3052268e-03	
   3.6429522e-03	
   4.2934974e-03	
   4.4010122e-03	
   4.2935952e-03	
   4.3229491e-03	
   4.3895598e-03	
   3.3052822e-03	
   1.0882361e-03	
   3.9517345e-04	
   9.1437621e-05	
  -1.4730481e-03	
  -2.7441066e-03	
  -2.3116269e-03	
  -2.0871148e-03	
  -2.5243508e-03	
  -2.8830112e-03	
  -2.8795849e-03	
  -2.5384723e-03	
  -1.6711070e-03	
  -2.7241481e-04	
   3.9539684e-04	
   6.8845528e-04	
   1.8128738e-03	
   2.3999672e-03	
   2.6981488e-03	
   3.4719481e-03	
   4.0716226e-03	
   3.8226401e-03	
   3.8054233e-03	
   3.9891561e-03	
   3.4956214e-03	
   2.8255406e-03	
   2.0535531e-03	
   1.2462841e-03	
  -1.4514408e-04	
  -8.4382492e-04	
  -1.4406266e-03	
  -2.1644574e-03	
  -2.5409931e-03	
  -2.9461753e-03	
  -3.5929185e-03	
  -3.9568869e-03	
  -4.3740585e-03	
  -5.3938746e-03	
  -6.1326818e-03	
  -5.9229465e-03	
  -6.4235227e-03	
  -8.6081197e-03	
  -9.0177631e-03	
  -8.9835494e-03	
  -1.0166652e-02	
  -1.0682767e-02	
  -1.0124639e-02	
  -9.9838315e-03	
  -1.1076420e-02	
  -1.1259706e-02	
  -1.0015551e-02	
  -8.6506952e-03	
  -8.5690649e-03	
  -9.2455312e-03	
  -9.2079597e-03	
  -8.4883554e-03	
  -8.1034765e-03	
  -8.1211563e-03	
  -7.0704257e-03	
  -5.2745211e-03	
  -4.3064250e-03	
  -2.3300622e-03	
  -1.4691972e-03	
  -1.2341260e-03	
  -5.7673068e-04	
  -2.3568944e-04	
  -7.5767836e-05	
   7.8311777e-05	
  -9.1987257e-04	
  -2.1612863e-03	
  -2.0354071e-03	
  -1.4688851e-03	
  -1.3301395e-03	
  -1.7718206e-03	
  -1.9731867e-03	
  -2.5723731e-03	
  -3.5638361e-03	
  -4.3305514e-03	
  -4.9008045e-03	
  -5.3316053e-03	
  -5.8832853e-03	
  -6.3318752e-03	
  -6.5217091e-03	
  -6.2112079e-03	
  -6.2427427e-03	
  -6.8047040e-03	
  -6.4442979e-03	
  -5.1188838e-03	
  -4.4006357e-03	
  -4.3140134e-03	
  -3.7093682e-03	
  -2.5349181e-03	
  -1.8068998e-03	
  -1.6558371e-03	
  -5.2432129e-04	
   7.2516557e-04	
   1.8612237e-03	
   1.9485436e-03	
   2.4203577e-03	
   3.0609346e-03	
   2.7772820e-03	
   2.4509788e-03	
   2.7494017e-03	
   2.6475259e-03	
   1.8526670e-03	
   1.5959208e-03	
   1.8590590e-03	
   2.1828112e-03	
   1.9207529e-03	
   1.8163343e-03	
   1.5176914e-03	
   1.6119934e-03	
   1.3585724e-03	
   3.4091206e-04	
  -5.5958087e-04	
  -1.0325105e-03	
  -1.8726027e-03	
  -2.9224686e-03	
  -3.8630739e-03	
  -4.4669677e-03	
  -4.8850758e-03	
  -5.2980232e-03	
  -5.5711053e-03	
  -6.1959707e-03	
  -6.4475359e-03	
  -6.5467760e-03	
  -6.2837853e-03	
  -5.9486426e-03	
  -5.7975237e-03	
  -5.6910668e-03	
  -5.6221390e-03	
  -5.0421499e-03	
  -5.0388532e-03	
  -4.7336651e-03	
  -4.3391871e-03	
  -4.4435601e-03	
  -4.1133669e-03	
  -4.0494661e-03	
  -3.3703437e-03	
  -3.1957210e-03	
  -3.1913974e-03	
  -3.2561834e-03	
  -3.1320589e-03	
  -2.8339033e-03	
  -2.6241655e-03	
  -2.6787665e-03	
  -1.6092110e-03	
  -9.7905298e-04	
  -1.0298658e-03	
  -1.4819455e-03	
  -2.1041157e-03	
  -2.1523131e-03	
  -2.4310611e-03	
  -2.2967165e-03	
  -1.9521638e-03	
  -1.5101754e-03	
  -7.4885289e-04	
  -3.1929271e-04	
   3.5078040e-04	
   1.3383954e-03	
   2.3462693e-03	
   4.0127568e-03	
   5.3881443e-03	
   6.4997000e-03	
   6.3988983e-03	
   6.0013462e-03	
   6.3163258e-03	
   6.4721986e-03	
   5.7155176e-03	
   4.9495366e-03	
   4.3755712e-03	
   3.8130517e-03	
   2.9830214e-03	
   2.1381020e-03	
   2.3433548e-03	
   2.2422769e-03	
   2.3173995e-03	
   2.8847072e-03	
   2.9913059e-03	
   3.2072589e-03	
   2.8491015e-03	
   2.3847022e-03	
   2.4979334e-03	
   3.0358400e-03	
   2.6061581e-03	
   1.0336050e-03	
   4.4283954e-04	
   1.2062481e-05	
  -9.5597789e-04	
  -3.4043544e-04	
   5.1611505e-05	
   4.7268231e-04	
   8.0052984e-04	
   1.0927903e-03	
   1.3582285e-03	
   2.2908354e-03	
   3.6353059e-03	
   4.8456257e-03	
   5.6544643e-03	
   6.5592145e-03	
   6.9663038e-03	
   6.7899394e-03	
   6.7222659e-03	
   6.9039286e-03	
   6.3279453e-03	
   6.1843732e-03	
   6.3646626e-03	
   5.6115505e-03	
   4.3422385e-03	
   3.3004004e-03	
   2.8448317e-03	
   2.4745609e-03	
   1.9647042e-03	
   6.7953820e-04	
  -3.8968263e-04	
  -9.3293050e-04	
  -1.6148377e-03	
  -2.1203920e-03	
  -3.0473910e-03	
  -2.9736025e-03	
  -2.7191098e-03	
  -3.4257286e-03	
  -3.6419334e-03	
  -3.2550456e-03	
  -3.6386335e-03	
  -3.9354500e-03	
  -2.9891910e-03	
  -2.1860435e-03	
  -2.8119668e-03	
  -3.2008929e-03	
  -3.4529806e-03	
  -3.6482416e-03	
  -3.6415830e-03	
  -3.3922297e-03	
  -3.5914572e-03	
  -3.5941687e-03	
  -3.2781240e-03	
  -2.7421221e-03	
  -2.7798379e-03	
  -2.5602280e-03	
  -1.7509525e-03	
  -1.2667708e-03	
  -1.0402171e-03	
  -7.4546836e-04	
  -1.4955095e-03	
  -2.0281194e-03	
  -1.0033449e-03	
  -9.5085887e-04	
  -1.7090795e-03	
  -1.2758206e-03	
  -1.0527836e-03	
  -1.3603850e-03	
  -1.3253057e-03	
  -8.3697811e-04	
  -5.3185026e-04	
  -5.2887192e-04	
  -5.4037564e-04	
  -4.7840973e-04	
  -5.9006562e-04	
  -9.4659642e-04	
  -7.9780888e-04	
  -4.7680075e-04	
  -4.9225609e-04	
  -7.2668456e-04	
  -7.3598379e-04	
  -4.0436853e-04	
  -3.1852922e-04	
  -5.8050673e-04	
   1.8446677e-05	
   8.2683461e-04	
   1.0653452e-03	
   1.4452045e-03	
   2.1855496e-03	
   2.4907680e-03	
   2.9639773e-03	
   3.3939705e-03	
   3.7952798e-03	
   3.7182623e-03	
   3.3767292e-03	
   3.6815734e-03	
   3.7476080e-03	
   3.2348841e-03	
   2.6802408e-03	
   2.5087395e-03	
   2.6068949e-03	
   2.4822178e-03	
   2.6404680e-03	
   2.9298199e-03	
   2.5524961e-03	
   1.4771785e-03	
   9.4337473e-04	
   4.7601990e-04	
  -2.6337173e-04	
  -3.2891656e-04	
  -1.1032044e-03	
  -1.5507739e-03	
  -1.2269695e-03	
  -7.3597573e-04	
  -5.8109223e-04	
  -3.4399952e-04	
   5.5747565e-04	
   1.0024378e-03	
   1.4594702e-03	
   2.0407991e-03	
   1.9016615e-03	
   1.7120110e-03	
   1.6773629e-03	
   1.6075785e-03	
   2.3611650e-03	
   2.8673477e-03	
   3.4190562e-03	
   4.1821252e-03	
   4.4838529e-03	
   4.1675180e-03	
   4.2889098e-03	
   4.4284981e-03	
   3.8723209e-03	
   3.2300259e-03	
   2.6306497e-03	
   2.3563818e-03	
   2.0948931e-03	
   1.3981170e-03	
   7.9282092e-04	
   6.7884097e-04	
   2.6689172e-04	
  -3.5142735e-04	
  -6.6040615e-04	
  -1.0348031e-03	
  -1.5318862e-03	
  -1.6564207e-03	
  -1.0697959e-03	
  -5.2574468e-04	
  -6.4044762e-04	
  -1.1389755e-03	
  -1.0229603e-03	
  -7.7800576e-04	
  -9.4347579e-04	
  -1.1780132e-03	
  -1.4060413e-03	
  -1.5866885e-03	
  -1.3040081e-03	
  -7.9583821e-04	
  -6.0576016e-04	
  -5.0942194e-05	
   5.6183386e-04	
   8.8694820e-04	
   1.4183282e-03	
   1.9000062e-03	
   2.0565074e-03	
   1.8874235e-03	
   1.6058035e-03	
   1.2251259e-03	
   9.9321034e-04	
   9.5617593e-04	
   1.0574429e-03	
   1.0843200e-03	
   6.5039103e-04	
   5.1234331e-04	
   5.7933688e-04	
   5.3011439e-04	
   3.9586881e-04	
   3.0747847e-04	
  -2.5022538e-05	
  -4.5748248e-04	
  -9.0226857e-04	
  -1.1332991e-03	
  -1.1947998e-03	
  -1.6845374e-03	
  -1.6825553e-03	
  -1.5661570e-03	
  -1.7979943e-03	
  -2.1186121e-03	
  -2.1668405e-03	
  -2.0848474e-03	
  -1.9331091e-03	
  -1.6319495e-03	
  -1.1184212e-03	
  -8.7096034e-04	
  -8.0579898e-04	
  -7.5667208e-04	
  -7.3292901e-04	
  -1.1216910e-04	
   3.0364936e-04	
   2.2277169e-04	
   3.7392396e-05	
  -3.2386413e-04	
  -2.9937737e-04	
  -1.6184009e-04	
  -7.8079649e-05	
  -1.6587597e-04	
  -1.9503015e-04	
  -4.4854878e-04	
  -8.2576941e-04	
  -6.2964700e-04	
  -4.8709999e-04	
  -5.6295856e-04	
  -6.6641507e-04	
  -5.2296024e-04	
  -3.3505212e-04	
  -8.2207665e-05	
   3.7655975e-04	
   6.3097178e-04	
   7.5204916e-04	
   1.0063123e-03	
   1.4372835e-03	
   1.6852660e-03	
   2.0138952e-03	
   2.3391470e-03	
   2.1198020e-03	
   1.6686318e-03	
   1.7706486e-03	
   1.9005686e-03	
   1.6527491e-03	
   1.5218674e-03	
   1.4496454e-03	
   1.3412691e-03	
   1.0726932e-03	
   1.0364518e-03	
   1.2053972e-03	
   1.1534931e-03	
   1.1100928e-03	
   1.4404880e-03	
   1.5379278e-03	
   1.7046915e-03	
   2.1052452e-03	
   2.1647606e-03	
   2.1491143e-03	
   2.2071105e-03	
   2.2197617e-03	
   2.0885011e-03	
   1.3858260e-03	
   1.2023035e-03	
   1.2292792e-03	
   9.4180585e-04	
   7.3330130e-04	
   7.8527662e-04	
   8.4525036e-04	
   6.5275330e-04	
   6.8624385e-04	
   9.3536491e-04	
   1.3419122e-03	
   1.4958429e-03	
   1.3524216e-03	
   1.3377157e-03	
   1.4580554e-03	
   1.4709968e-03	
   1.4808240e-03	
   1.4031863e-03	
   1.0148657e-03	
   6.8045947e-04	
   3.5192841e-04	
  -1.9610383e-04	
  -6.6728068e-04	
  -9.4191995e-04	
  -1.0700869e-03	
  -1.2225399e-03	
  -1.4620350e-03	
  -1.6541705e-03	
  -1.6527809e-03	
  -1.5443133e-03	
  -1.7156818e-03	
  -1.6275746e-03	
  -1.5753754e-03	
  -1.5612637e-03	
  -1.5390248e-03	
  -1.2290526e-03	
  -9.6299911e-04	
  -8.9601752e-04	
  -1.1014546e-03	
  -1.2334055e-03	
  -1.2514081e-03	
  -1.4372191e-03	
  -1.7914637e-03	
  -2.1702570e-03	
  -2.1740435e-03	
  -2.0915867e-03	
  -2.0026506e-03	
  -2.1864657e-03	
  -2.0061266e-03	
  -1.6944241e-03	
  -1.6290473e-03	
  -1.6765210e-03	
  -1.6912831e-03	
  -1.4978420e-03	
  -1.4085816e-03	
  -1.3183424e-03	
  -9.2715867e-04	
  -4.6500616e-04	
  -4.9597298e-04	
  -2.6808137e-04	
   2.4961144e-04	
   6.0537271e-04	
   5.1175912e-04	
   6.7060368e-04	
   9.1820345e-04	
   8.4826830e-04	
   6.5578021e-04	
   4.8703740e-04	
   5.3720790e-04	
   6.1459680e-04	
   6.5175819e-04	
   6.1943130e-04	
   8.0000563e-04	
   9.2508776e-04	
   8.4111586e-04	
   7.6874288e-04	
   8.8333286e-04	
   1.1991348e-03	
   1.2012187e-03	
   1.2494227e-03	
   1.4866977e-03	
   1.6883027e-03	
   1.8327231e-03	
   1.9834296e-03	
   2.0163393e-03	
   2.1051678e-03	
   2.1708576e-03	
   1.9638020e-03	
   1.7199214e-03	
   1.6168565e-03	
   1.4367871e-03	
   1.0947520e-03	
   1.0081102e-03	
   9.1633791e-04	
   7.6045115e-04	
   6.3151188e-04	
   4.8836805e-04	
   7.2783070e-04	
   9.9381100e-04	
   1.2585548e-03	
   1.3610345e-03	
   1.6113194e-03	
   1.8756492e-03	
   2.0280705e-03	
   2.4595975e-03	
   2.9676831e-03	
   3.1855995e-03	
   3.2467082e-03	
   3.5970685e-03	
   3.9379439e-03	
   4.1435334e-03	
   4.0901297e-03	
   4.0033623e-03	
   4.1961049e-03	
   4.2415118e-03	
   4.0530309e-03	
   4.0642127e-03	
   4.1023164e-03	
   3.9254092e-03	
   3.5996048e-03	
   3.2295117e-03	
   3.0675035e-03	
   2.6456783e-03	
   2.1648323e-03	
   2.0284706e-03	
   2.0107468e-03	
   1.9046982e-03	
   1.8027645e-03	
   1.7583283e-03	
   1.6679358e-03	
   1.6660695e-03	
   1.7515931e-03	
   1.8392635e-03	
   2.0462172e-03	
   1.9998551e-03	
   1.9755054e-03	
   2.2570692e-03	
   2.5001315e-03	
   2.5202188e-03	
   2.5479084e-03	
   2.7830514e-03	
   2.7405426e-03	
   2.5464887e-03	
   2.7198384e-03	
   2.9356512e-03	
   3.0705312e-03	
   3.0624587e-03	
   3.0918867e-03	
   3.1969997e-03	
   3.1526490e-03	
   2.9585388e-03	
   2.8515016e-03	
   2.8574218e-03	
   2.7624262e-03	
   2.6501306e-03	
   2.5898149e-03	
   2.4901991e-03	
   2.4630368e-03	
   2.5389230e-03	
   2.5379744e-03	
   2.4608860e-03	
   2.3067092e-03	
   2.1990738e-03	
   2.0437584e-03	
   1.8191566e-03	
   1.7672256e-03	
   1.5744023e-03	
   1.3462137e-03	
   1.2951646e-03	
   1.2170061e-03	
   1.0515635e-03	
   9.7668459e-04	
   1.0720877e-03	
   1.1178344e-03	
   1.0411136e-03	
   1.0024459e-03	
   1.0561194e-03	
   1.1665845e-03	
   1.1655274e-03	
   1.0856802e-03	
   1.1773490e-03	
   1.1364621e-03	
   8.9035327e-04	
   6.6503641e-04	
   6.0788780e-04	
   4.0579844e-04	
   7.2861530e-05	
  -1.0227272e-04	
  -3.4503204e-04	
  -6.6602860e-04	
  -8.2138308e-04	
  -9.9128450e-04	
  -1.1768885e-03	
  -1.2275677e-03	
  -1.2794978e-03	
  -1.2546909e-03	
  -1.1408614e-03	
  -1.0358006e-03	
  -1.0545815e-03	
  -9.5476680e-04	
  -8.6122762e-04	
  -7.3954583e-04	
  -5.5616708e-04	
  -4.7443342e-04	
  -3.7585575e-04	
  -2.3391820e-04	
  -1.8108208e-04	
  -1.6625006e-04	
  -1.7680643e-04	
  -2.6441200e-04	
  -2.2529990e-04	
  -2.6340767e-04	
  -4.0674808e-04	
  -4.6972745e-04	
  -5.3322410e-04	
  -6.5128044e-04	
  -6.7776818e-04	
  -6.6458653e-04	
  -6.5312869e-04	
  -6.9380860e-04	
  -7.5873884e-04	
  -7.0408086e-04	
  -7.7098910e-04	
  -8.0300043e-04	
  -7.4866943e-04	
  -6.8655796e-04	
  -6.7341918e-04	
  -7.1424204e-04	
  -6.6383470e-04	
  -6.9241634e-04	
  -8.0931423e-04	
  -8.6765389e-04	
  -8.8914707e-04	
  -8.9522453e-04	
  -9.2465744e-04	
  -9.5928923e-04	
  -1.0066562e-03	
  -1.0520615e-03	
  -1.0468895e-03	
  -1.0260760e-03	
  -9.0533705e-04	
  -8.3084523e-04	
  -7.9701026e-04	
  -7.4965689e-04	
  -7.1719201e-04	
  -6.9445066e-04	
  -6.4099946e-04	
  -6.1408750e-04	
  -5.9602425e-04	
  -6.1892706e-04	
  -6.5179772e-04	
  -7.1061684e-04	
  -7.6600318e-04	
  -7.1665525e-04	
  -7.2415309e-04	
  -7.3334328e-04	
  -7.6433675e-04	
  -7.4498498e-04	
  -6.9973634e-04	
  -6.6244227e-04	
  -6.2549571e-04	
  -6.2299195e-04	
  -6.9684456e-04	
  -7.6392517e-04	
  -7.3033275e-04	
  -7.2487412e-04	
  -7.4638075e-04	
  -7.8155036e-04	
  -7.9756356e-04	
  -8.3254125e-04	
  -8.7580633e-04	
  -9.1241369e-04	
  -8.8306147e-04	
  -8.3762522e-04	
  -8.8103700e-04	
  -9.4732259e-04	
  -8.9887736e-04	
  -9.1511868e-04	
  -9.7312875e-04	
  -9.9030568e-04	
  -9.8253792e-04	
  -9.5831612e-04	
  -9.4189224e-04	
  -9.9201882e-04	
  -1.0136334e-03	
  -1.0158535e-03	
  -1.0215585e-03	
  -9.7894866e-04	
  -9.6500075e-04	
  -9.2222140e-04	
  -9.6307002e-04	
  -9.9890556e-04	
  -9.5119547e-04	
  -9.5081975e-04	
  -1.0185185e-03	
  -1.0947977e-03	
  -1.1276707e-03	
  -1.1691493e-03	
  -1.2218643e-03	
  -1.2034314e-03	
  -1.1921078e-03	
  -1.2017811e-03	
  -1.2036075e-03	
  -1.1829293e-03	
  -1.1416699e-03	
  -1.1069094e-03	
  -1.0519564e-03	
  -9.4888087e-04	
  -8.7352760e-04	
  -8.0765261e-04	
  -7.4908084e-04	
  -7.0044311e-04	
  -6.4390175e-04	
  -5.7835016e-04	
  -5.5506545e-04	
  -5.5292933e-04	
  -4.9993877e-04	
  -4.7178793e-04	
  -4.7751062e-04	
  -4.3962225e-04	
  -3.7827589e-04	
  -3.3543126e-04	
  -2.9375069e-04	
  -2.6128444e-04	
  -2.7110502e-04	
  -2.9098075e-04	
  -2.7987149e-04	
  -2.5963944e-04	
  -2.6859279e-04	
  -2.5586998e-04	
  -2.5186768e-04	
  -2.4412290e-04	
  -2.5746543e-04	
  -2.8039081e-04	
  -2.6827917e-04	
  -2.6818366e-04	
  -2.6781413e-04	
  -2.2216215e-04	
  -1.8938155e-04	
  -1.7193835e-04	
  -1.6041278e-04	
  -1.2599476e-04	
  -8.9100201e-05	
  -7.4926626e-05	
  -7.2975206e-05	
  -3.8343199e-05	
  -2.8298903e-05	
  -3.6896215e-05	
  -5.1638987e-05	
  -8.3700174e-05	
  -1.1738665e-04	
  -1.2893585e-04	
  -1.3352292e-04	
  -1.0919900e-04	
  -9.9687622e-05	
  -1.2470356e-04	
  -1.0520737e-04	
  -9.6144653e-05	
  -7.7618766e-05	
  -4.8166060e-05	
   5.8972006e-06	
   4.8631034e-05	
   4.9554209e-05	
   5.5078743e-05	
   4.8826560e-05	
   6.0071653e-05	
   3.5472696e-05	
  -3.0271146e-06	
   8.7370037e-07	
  -1.8911553e-05	
  -6.1064388e-05	
  -7.9842347e-05	
  -8.8347712e-05	
  -1.0148046e-04	
  -1.3647444e-04	
  -1.7626095e-04	
  -1.8612106e-04	
  -2.0619492e-04	
  -2.4870075e-04	
  -2.9032109e-04	
  -3.0939397e-04	
  -3.3654015e-04	
  -3.4819791e-04	
  -3.5971362e-04	
  -3.7416438e-04	
  -3.7548012e-04	
  -3.8838409e-04	
  -4.0134333e-04	
  -3.9838015e-04	
  -3.8963031e-04	
  -3.9881870e-04	
  -4.0606324e-04	
  -3.9907217e-04	
  -3.7452380e-04	
  -3.6883453e-04	
  -3.6897479e-04	
  -3.3409230e-04	
  -3.1412211e-04	
  -3.1638879e-04	
  -2.9607035e-04	
  -2.7653594e-04	
  -2.7793480e-04	
  -2.7088921e-04	
  -2.4686660e-04	
  -2.2957116e-04	
  -2.1432968e-04	
  -2.0563086e-04	
  -1.9582755e-04	
  -1.8812474e-04	
  -1.8554534e-04	
  -1.9421369e-04	
  -1.9701517e-04	
  -1.9335859e-04	
  -1.9236861e-04	
  -2.0945867e-04	
  -2.1458844e-04	
  -2.0441626e-04	
  -2.0303321e-04	
  -2.1040863e-04	
  -2.0625075e-04	
  -1.9836611e-04	
  -1.9393324e-04	
  -1.9664589e-04	
  -1.8922059e-04	
  -1.7437170e-04	
  -1.6317963e-04	
  -1.4705037e-04	
  -1.3277287e-04	
  -1.2192547e-04	
  -1.1728249e-04	
  -1.0997365e-04	
  -1.0832271e-04	
  -1.1881616e-04	
  -1.3274247e-04	
  -1.4220063e-04	
  -1.4714597e-04	
  -1.5200100e-04	
  -1.5907455e-04	
  -1.6874551e-04	
  -1.7490365e-04	
  -1.6882293e-04	
  -1.6870035e-04	
  -1.6899856e-04	
  -1.6245256e-04	
  -1.5446907e-04	
  -1.4969276e-04	
  -1.4687514e-04	
  -1.3686197e-04	
  -1.2671115e-04	
  -1.1888609e-04	
  -1.0979925e-04	
  -1.0162969e-04	
  -9.6164132e-05	
  -8.8025461e-05	
  -8.5074183e-05	
  -8.2504732e-05	
  -7.9633895e-05	
  -7.2982239e-05	
  -7.0162331e-05	
  -6.5787216e-05	
  -6.2815008e-05	
  -5.5902203e-05	
  -4.7735634e-05	
  -4.6472702e-05	
  -4.4519367e-05	
  -4.1756509e-05	
  -4.2023283e-05	
  -3.9860696e-05	
  -3.9677933e-05	
  -4.1149505e-05	
  -4.1225471e-05	
  -4.1345651e-05	
  -3.7653245e-05	
  -3.7759716e-05	
  -4.3096670e-05	
  -4.4762987e-05	
  -4.2486349e-05	
  -4.3386012e-05	
  -4.5862063e-05	
  -4.6821897e-05	
  -4.6031135e-05	
  -4.7250839e-05	
  -4.8644310e-05	
  -4.7215419e-05	
  -4.6379099e-05	
  -4.8336819e-05	
  -4.8747611e-05	
  -4.8958436e-05	
  -5.0543651e-05	
  -5.1430844e-05	
  -5.2767069e-05	
  -5.1768564e-05	
  -4.9259839e-05	
  -4.8002709e-05	
  -4.8041821e-05	
  -4.7859408e-05	
  -4.6932606e-05	
  -4.6933812e-05	
  -4.7901446e-05	
  -4.7490873e-05	
  -4.6544006e-05	
  -4.7090081e-05	
  -4.5647669e-05	
  -4.4023513e-05	
  -4.2130594e-05	
  -4.0751019e-05	
  -3.9252682e-05	
  -3.6160686e-05	
  -3.3802125e-05	
  -3.2748452e-05	
  -3.2063461e-05	
  -3.2393340e-05	
  -3.1571560e-05	
  -3.0703658e-05	
  -3.1320279e-05	
  -3.3083548e-05	
  -3.5316379e-05	
  -3.6272602e-05	
  -3.8748205e-05	
  -4.0726927e-05	
  -4.2453537e-05	
  -4.4288820e-05	
  -4.5722282e-05	
  -4.6709924e-05	
  -4.7951666e-05	
  -4.8217103e-05	
  -4.8768679e-05	
  -4.8420478e-05	
  -4.8440226e-05	
  -4.8585679e-05	
  -4.8861931e-05	
  -4.9161248e-05	
  -4.9962295e-05	
  -5.0956375e-05	
  -5.1436011e-05	
  -5.1901058e-05	
  -5.2243709e-05	
  -5.2234719e-05	
  -5.2132233e-05	
  -5.2427304e-05	
  -5.2139340e-05	
  -5.1853283e-05	
  -5.1549223e-05	
  -5.1603119e-05	
  -5.1170566e-05	
  -5.0439193e-05	
  -5.0090723e-05	
  -5.0174684e-05	
  -4.9897633e-05	
  -4.9923469e-05	
  -4.9901659e-05	
  -4.9459237e-05	
  -4.9495773e-05	
  -4.9770249e-05	
  -4.9842825e-05	
  -4.9376636e-05	
  -4.9261143e-05	
  -4.9151346e-05	
  -4.9212447e-05	
  -4.9286701e-05	
  -4.9000286e-05	
  -4.8681963e-05	
  -4.8666071e-05	
  -4.8703593e-05	
  -4.8402426e-05	
  -4.8222401e-05	
  -4.8129972e-05	
  -4.8027828e-05	
  -4.7932831e-05	
  -4.7719195e-05	
  -4.7564843e-05	
  -4.7499406e-05	
  -4.7354719e-05	
  -4.7169502e-05	
  -4.6862288e-05	
  -4.6493460e-05	
  -4.6164884e-05	
  -4.5922878e-05	
  -4.5540521e-05	
  -4.5121970e-05	
  -4.4853069e-05	
  -4.4591975e-05	
  -4.4302944e-05	
  -4.4114874e-05	
  -4.3904930e-05	
  -4.3676551e-05	
  -4.3477854e-05	
  -4.3306525e-05	
  -4.3139433e-05	
  -4.2928039e-05	
  -4.2734851e-05	
  -4.2507605e-05	
  -4.2325428e-05	
  -4.2113886e-05	
  -4.1882817e-05	
  -4.1693607e-05	
  -4.1482538e-05	
  -4.1252904e-05	
  -4.1059211e-05	
  -4.0895779e-05	
  -4.0703953e-05	
  -4.0500545e-05	
  -4.0314692e-05	
  -4.0113770e-05	
  -3.9903182e-05	
  -3.9702684e-05	
  -3.9497590e-05	
  -3.9263383e-05	
  -3.9025158e-05	
  -3.8800390e-05	
  -3.8584146e-05	
  -3.8362963e-05	
  -3.8138699e-05	
  -3.7919529e-05	
  -3.7699846e-05	
  -3.7479128e-05	
  -3.7254188e-05	
  -3.7033527e-05	
  -3.6816125e-05	
  -3.6589181e-05	
  -3.6362529e-05	
  -3.6138828e-05	
  -3.5915876e-05	
  -3.5693210e-05	
  -3.5469338e-05	
  -3.5244634e-05	
  -3.5021267e-05	
  -3.4797118e-05	
  -3.4573237e-05	
  -3.4349609e-05	
  -3.4126251e-05	
  -3.3901897e-05	
  -3.3677324e-05	
  -3.3453109e-05	
  -3.3228561e-05	
  -3.3003303e-05	
  -3.2777727e-05	
  -3.2551948e-05	
  -3.2325875e-05	
  -3.2099574e-05	
  -3.1873069e-05	
  -3.1646352e-05	
  -3.1419440e-05	
  -3.1192389e-05	
  -3.0965175e-05	
  -3.0737798e-05	
  -3.0510259e-05	
  -3.0282556e-05	
  -3.0054690e-05	
  -2.9826669e-05	
  -2.9598494e-05	
  -2.9370163e-05	
