Time,GM1,GM2,GM3,GM4,GM5,GM6,GM7,GM8,GM9,GM10,GM11,GM12,GM13,GM14,GM15,GM16,GM17,GM18,GM19,GM20,GM21,GM22,GM23,GM24,GM25,GM26,GM27,GM28,GM29,GM30,GM31,GM32,GM33,GM34,GM35,GM36,GM37,GM38,GM39
0.01,0.31765,0.48445,0.5406,0.51434,0.34097,0.57808,0.44575,0.41162,0.87966,0.62527,0.60334,0.2188,0.48428,0.34793,0.69847,0.61846,0.22699,0.14627,0.81094,0.25327,0.79275,1.0098,0.40525,0.33268,0.13864,0.15286,0.3072,0.73886,0.94093,0.35308,0.68199,0.28697,0.15413,0.23109,0.44399,0.18884,0.4526,0.21115,0.40448
0.02,0.31977,0.51472,0.58223,0.96435,0.35063,0.62029,0.4463,0.4114,0.91854,0.64089,0.59537,0.22383,0.48488,0.34812,0.69993,0.61958,0.23013,0.15334,0.8148,0.25688,0.8065,1.012,0.40723,0.33277,0.14147,0.15415,0.30859,0.73391,0.94372,0.35478,0.68924,0.31995,0.16609,0.23731,0.44498,0.18956,0.48367,0.21349,0.44026
0.03,0.33051,0.49542,0.63932,1.1512,0.34487,0.66152,0.50476,0.41407,0.87966,0.63762,0.65845,0.24781,0.49888,0.34984,0.7185,0.62315,0.23174,0.1563,0.88807,0.25967,0.83448,1.018,0.4176,0.33337,0.14705,0.15411,0.30921,0.88142,0.94412,0.36592,0.68619,0.44875,0.20172,0.24987,0.45277,0.19673,0.53206,0.21491,0.45417
0.04,0.31717,0.52201,0.74767,0.76869,0.35243,0.91127,0.52348,0.42032,0.92676,0.65038,0.63889,0.2228,0.52954,0.34892,0.73995,0.62636,0.23334,0.15433,0.86858,0.26028,0.85818,1.0308,0.4038,0.34041,0.16045,0.16291,0.31434,0.88931,0.97837,0.43107,0.72259,0.61245,0.20764,0.28264,0.4617,0.19788,0.58891,0.21486,0.51497
0.05,0.3262,0.56133,0.87002,1.2318,0.35419,1.0636,0.46277,0.42297,0.92491,0.70474,0.61987,0.25362,0.52881,0.35087,0.79787,0.6301,0.23132,0.14944,1.0644,0.25973,0.88682,1.0738,0.41905,0.35733,0.15805,0.1608,0.31311,1.1085,1.0043,0.38802,0.76309,0.70878,0.28139,0.31605,0.46574,0.2019,0.59061,0.21477,0.5116
0.06,0.32372,0.57388,0.93174,1.3211,0.35068,1.3923,0.46049,0.42709,0.96264,0.78354,0.66804,0.25458,0.57235,0.3611,0.82986,0.6326,0.24102,0.15979,1.0359,0.26343,0.91118,1.0918,0.42419,0.36794,0.14938,0.1929,0.31242,1.1324,1.1351,0.38679,0.79414,0.65284,0.3112,0.483,0.45678,0.231,0.55758,0.21998,0.55692
0.07,0.37604,0.51872,0.91899,0.91309,0.35843,1.3142,0.48998,0.43051,1.0505,0.81284,0.75116,0.30028,0.60914,0.36522,0.86441,0.65786,0.26105,0.1621,1.0826,0.28475,0.91903,1.1394,0.4219,0.35408,0.22272,0.1971,0.30837,1.1075,1.2345,0.42663,0.83764,0.75408,0.30747,0.56597,0.49442,0.24155,0.47933,0.21854,0.4668
0.08,0.37227,0.65723,0.91619,1.0458,0.36998,1.3108,0.64363,0.43718,0.9999,0.93755,0.89877,0.40448,0.58513,0.36053,0.8131,0.65634,0.26824,0.19547,1.1679,0.2821,0.97731,1.1751,0.45425,0.34966,0.26979,0.22013,0.30679,1.3608,1.371,0.44795,0.83614,0.93144,0.27925,0.58938,0.60817,0.24921,0.59678,0.21772,0.49328
0.09,0.36189,0.82345,1.0537,1.0903,0.35049,1.084,0.62158,0.44372,1.1214,0.97664,0.9897,0.35489,0.67963,0.37862,0.75495,0.72024,0.27293,0.21301,1.2436,0.28614,0.99276,1.1978,0.52176,0.36125,0.29689,0.25096,0.3149,1.2549,1.1709,0.4753,0.87477,1.306,0.30731,0.74883,0.57825,0.24697,0.81172,0.21332,0.59114
0.1,0.35369,0.88987,1.2016,1.2705,0.38874,1.1731,0.50515,0.45726,1.0512,0.8204,1.056,0.30015,0.63627,0.37317,0.73594,0.78134,0.32007,0.27309,1.1829,0.27075,1.0245,1.2307,0.57791,0.33714,0.28725,0.24056,0.31415,1.4919,1.0632,0.43604,0.89944,1.0109,0.34985,0.61804,0.63451,0.31079,0.73586,0.2466,0.50731
0.11,0.37585,0.91872,1.2125,1.1919,0.42124,1.0505,0.54563,0.44303,1.0562,0.85699,0.8997,0.37819,0.6112,0.36503,0.93831,0.93502,0.3568,0.22414,1.2103,0.27561,1.0246,1.1208,0.4942,0.3442,0.23797,0.29632,0.31639,1.9202,1.3008,0.57348,0.86782,0.83034,0.44252,0.54295,0.7191,0.32918,0.64449,0.27964,0.59171
0.12,0.36849,0.60288,1.1641,0.96323,0.42513,0.86266,0.74696,0.47589,1.1641,0.8383,0.85996,0.46032,0.70168,0.35746,1.0285,0.93841,0.37861,0.25127,1.1377,0.28919,1.0229,1.1511,0.5077,0.40862,0.23372,0.39342,0.30565,2.623,1.4742,0.49267,0.88573,0.65125,0.3925,0.52616,0.78129,0.42946,0.76918,0.32112,0.6774
0.13,0.37543,0.73114,1.107,0.67801,0.42013,1.022,0.8529,0.48864,1.2302,0.98713,0.8493,0.43752,0.77668,0.39487,1.2577,0.95126,0.33291,0.27272,1.0518,0.29098,1.0828,1.2098,0.59949,0.45639,0.22395,0.43809,0.32009,2.1603,1.4982,0.46491,0.83828,0.60043,0.34756,0.68631,0.99933,0.53801,0.95417,0.34234,0.80284
0.14,0.40764,0.77258,1.1165,0.53589,0.41126,1.2087,0.97682,0.43566,1.3083,0.81682,0.79361,0.38021,0.6883,0.37638,1.283,1.0533,0.327,0.26712,1.0374,0.33508,1.1079,1.4293,0.66739,0.49366,0.26787,0.40793,0.34262,1.7351,1.4593,0.52099,0.93634,0.49786,0.31165,0.61853,1.0609,0.54258,0.98496,0.36768,0.645
0.15,0.42599,0.68451,1.1057,0.5152,0.44144,1.5714,0.96868,0.47997,1.3381,0.74798,0.79572,0.33874,0.72125,0.38907,1.0464,0.9792,0.37928,0.29585,1.046,0.30418,1.0416,1.4761,0.71496,0.46793,0.32309,0.41938,0.35842,1.6097,1.3532,0.50558,0.92712,0.49202,0.32081,0.66628,1.0898,0.40608,1.1031,0.42389,0.69713
0.16,0.44682,0.72481,1.212,0.52837,0.4603,1.7415,0.97137,0.52933,1.401,0.73697,0.76094,0.37767,0.80306,0.36117,1.0574,1.0897,0.39631,0.33729,1.0764,0.29746,1.0757,1.3917,0.60675,0.51461,0.37816,0.46598,0.37951,1.9456,1.4293,0.48836,0.90926,0.5237,0.41701,0.59451,1.0287,0.38311,1.0535,0.39277,0.74691
0.17,0.44299,0.97888,1.2139,0.60021,0.43551,1.5222,0.97571,0.62125,1.4855,0.84259,0.76653,0.41522,0.86908,0.45691,1.2071,1.1745,0.45792,0.37088,1.0788,0.29973,0.92556,1.6695,0.57978,0.52839,0.37038,0.50172,0.39009,2.1752,1.8297,0.49074,0.86499,0.56808,0.39933,0.69059,1.0765,0.3949,0.97132,0.40138,0.74659
0.18,0.45143,1.0686,1.2185,0.5896,0.51845,1.4115,1.0159,0.69852,1.4684,0.96927,0.94294,0.34426,0.81697,0.53825,1.189,1.193,0.47731,0.37646,1.0698,0.31341,1.0438,1.9028,0.54852,0.50384,0.37694,0.49502,0.39021,2.1949,2.1279,0.46827,0.97176,0.4947,0.44216,0.73136,1.0411,0.38157,0.89067,0.43142,0.65738
0.19,0.4478,1.0842,1.2058,0.59748,0.53732,1.3021,1.0553,0.66001,1.5137,1.0279,0.93561,0.35909,1.1968,0.51758,1.3541,1.4171,0.43978,0.30799,1.1618,0.3417,0.98909,1.8414,0.5685,0.52172,0.38409,0.4343,0.39465,2.4501,1.9113,0.57491,1.0872,0.52461,0.41663,0.58288,0.93833,0.39644,0.83123,0.46795,0.64651
0.2,0.47329,1.0532,1.1712,0.6474,0.5417,1.1943,1.0516,0.56961,1.6052,1.0664,0.86429,0.37969,1.4843,0.46379,1.4621,1.4938,0.4379,0.29297,1.0499,0.37059,1.0551,1.6289,0.55037,0.58257,0.34958,0.35013,0.39875,1.7935,1.6145,0.62278,1.1829,0.47832,0.36912,0.42546,0.9914,0.3764,0.85913,0.4723,0.66295
0.21,0.49622,1.0537,1.2008,0.66042,0.53163,0.93007,1.0014,0.57127,1.6117,1.0322,0.87628,0.38975,1.631,0.45698,1.5333,1.4629,0.45606,0.3268,1.303,0.3861,1.1815,1.5955,0.63864,0.60276,0.31822,0.28261,0.41945,1.6449,1.5225,0.6643,1.1303,0.50885,0.41317,0.51803,1.0266,0.37292,0.98492,0.45453,0.62733
0.22,0.538,1.083,1.2109,0.67274,0.51868,0.92775,0.93623,0.57862,1.3815,0.94282,0.8869,0.44213,1.7263,0.46494,1.643,1.3379,0.47753,0.38391,1.6187,0.41865,1.2143,1.7736,0.73556,0.61527,0.27196,0.27372,0.42767,1.6699,1.4008,0.67458,1.0134,0.46779,0.40449,0.51534,1.1088,0.35275,1.0082,0.49519,0.63331
0.23,0.51612,1.0648,1.194,0.75815,0.62876,0.90953,0.84591,0.56863,1.3784,0.90574,0.88262,0.4956,1.6394,0.5399,1.7184,1.2606,0.53537,0.43495,1.8509,0.44575,1.1559,1.9165,0.83601,0.61128,0.26463,0.29915,0.4135,1.6516,1.453,0.66484,0.94922,0.5011,0.44052,0.47406,1.3115,0.39106,1.0655,0.49433,0.63263
0.24,0.52541,1.0343,1.1703,0.83429,0.59644,0.99511,0.74728,0.53091,1.5838,0.91663,0.85993,0.45089,1.5663,0.64326,1.5562,1.2093,0.56848,0.42349,2.0228,0.4206,0.97841,1.8879,0.87921,0.64963,0.29114,0.30152,0.42318,1.6266,1.547,0.63299,1.0549,0.55589,0.4525,0.49486,1.4825,0.39761,1.2002,0.45447,0.56102
0.25,0.56832,1.0086,1.1387,0.89496,0.51561,1.256,0.82908,0.60633,1.7672,0.98294,0.83366,0.42585,1.4526,0.63875,1.2005,1.1619,0.57085,0.36295,2.0225,0.44126,0.8834,1.7667,0.8765,0.67863,0.27396,0.2913,0.46155,1.6695,1.7238,0.74344,1.1728,0.54711,0.49221,0.52485,1.7283,0.40309,1.4454,0.45237,0.50558
0.26,0.60649,1.0036,1.1053,0.84649,0.6082,1.4029,1.0608,0.61145,1.7499,1.026,0.87628,0.486,1.2666,0.59071,0.98629,1.1992,0.61577,0.35906,1.8163,0.46563,0.96707,1.669,0.8693,0.68473,0.24917,0.31814,0.48484,1.78,1.8215,0.84142,1.1832,0.54643,0.47572,0.60347,1.8801,0.51388,1.6179,0.45563,0.51855
0.27,0.63977,1.0003,1.0749,0.74695,0.71493,1.3821,1.1964,0.65387,1.7359,1.0155,0.89523,0.48476,1.2301,0.53893,0.92826,1.2264,0.65129,0.34289,1.6547,0.47869,1.1171,1.6422,1.0177,0.67941,0.21519,0.33812,0.48513,1.8631,1.9128,0.78093,1.2046,0.59402,0.47512,0.64207,2.0766,0.60891,1.7026,0.45835,0.49958
0.28,0.65914,0.98746,1.0421,0.74269,0.71019,1.4022,1.1677,0.75171,1.805,0.95267,0.90248,0.43407,1.3082,0.47875,1.0472,1.2267,0.6086,0.35696,1.7035,0.492,1.2044,1.6194,1.0761,0.61308,0.26852,0.35048,0.4654,1.9054,1.9397,0.79349,1.1955,0.52696,0.47306,0.6791,2.0927,0.57655,1.6028,0.51397,0.53673
0.29,0.6633,0.98468,1.004,0.75127,0.63534,1.4621,0.99105,0.86439,1.8513,0.97443,0.97105,0.361,1.2323,0.4062,1.1055,1.1957,0.6247,0.31991,1.7476,0.53954,1.0915,1.6433,1.1612,0.5402,0.29465,0.38169,0.42514,1.846,1.8089,0.77578,1.0893,0.48628,0.45048,0.61544,2.0182,0.45811,1.3611,0.61064,0.60181
0.3,0.63794,0.98942,0.96949,0.86579,0.62057,1.5006,0.88568,0.91354,1.8399,1.0122,1.1218,0.36458,1.2795,0.44071,1.0047,1.2434,0.5926,0.30192,1.7294,0.57287,0.93255,1.7516,1.2512,0.60134,0.28432,0.4296,0.40615,1.7362,1.7393,0.73127,1.06,0.53203,0.45616,0.55804,2.1181,0.4654,1.0818,0.63221,0.69332
0.31,0.60492,1.0053,0.94296,0.90441,0.66256,1.5072,0.87306,0.86127,1.7836,0.96925,1.1844,0.41971,1.3654,0.44326,0.88063,1.3147,0.62833,0.29503,1.6361,0.58902,0.89849,1.7444,1.2879,0.68613,0.29587,0.46962,0.38722,1.6692,1.8669,0.75787,0.99041,0.59233,0.4593,0.59738,2.174,0.51354,0.98402,0.58824,0.79605
0.32,0.579,1.0266,0.93348,0.8657,0.70722,1.4347,0.84979,0.78657,1.7246,0.98314,1.2024,0.42991,1.257,0.46504,0.85102,1.3283,0.59077,0.293,1.4883,0.63461,0.82372,1.6413,1.2539,0.69635,0.30669,0.47131,0.40882,1.5024,1.9858,0.76993,0.91195,0.64024,0.43139,0.58046,2.0115,0.54978,0.91353,0.54006,0.82934
0.33,0.55628,1.0366,1.115,0.78581,0.69933,1.2071,0.79569,0.81882,1.6974,0.94639,1.1828,0.38903,1.1627,0.46802,0.90044,1.3167,0.56579,0.27605,1.4107,0.71887,0.96208,1.592,1.253,0.66325,0.30307,0.43126,0.41904,1.3411,2.0022,0.84893,1.0237,0.62352,0.44088,0.51271,1.8649,0.54234,0.95276,0.51375,0.77123
0.34,0.54164,1.0162,1.2757,0.72327,0.63283,1.096,0.72121,0.91676,1.7247,0.93714,1.1211,0.42498,1.106,0.43925,1.035,1.3443,0.56734,0.26879,1.3472,0.79342,1.0622,1.4961,1.3616,0.6499,0.29112,0.3691,0.41128,1.2635,1.9982,0.87179,1.097,0.60658,0.45741,0.42267,1.7383,0.54614,0.99956,0.47991,0.73444
0.35,0.53108,1.0288,1.2752,0.69973,0.54822,1.1077,0.65026,0.97915,1.8581,0.93868,1.0952,0.43343,1.0265,0.44946,1.1407,1.4266,0.5976,0.2751,1.3471,0.85443,1.1066,1.4321,1.4408,0.64734,0.289,0.31811,0.44018,1.2568,2.0399,0.88847,1.0943,0.52395,0.46191,0.40751,1.6701,0.53629,1.0664,0.47283,0.67137
0.36,0.52026,1.0404,1.1515,0.68202,0.48043,1.099,0.6417,0.99806,1.9009,0.94951,1.0949,0.48084,1.0437,0.47358,1.1809,1.577,0.60598,0.31017,1.466,0.87812,1.0577,1.5224,1.4873,0.64403,0.3174,0.31577,0.5039,1.3082,2.1002,0.9528,1.0612,0.49157,0.48451,0.36728,1.7178,0.51278,1.1033,0.49446,0.58739
0.37,0.53832,1.0218,1.0125,0.63872,0.43377,1.0657,0.64864,1.0033,1.8976,1.0085,1.0872,0.54269,1.1402,0.48078,1.1692,1.6775,0.55036,0.31738,1.7097,0.83234,0.97157,1.7114,1.5015,0.6559,0.3199,0.34763,0.54938,1.4024,2.1324,1.0148,1.1325,0.51915,0.51189,0.36141,1.7607,0.47694,1.0804,0.49673,0.50437
0.38,0.55453,0.97656,0.93718,0.58022,0.40826,1.0961,0.71353,1.0108,1.9452,1.04,1.1107,0.55866,1.2348,0.48004,1.1382,1.789,0.53488,0.30915,1.7753,0.70741,0.89707,1.8515,1.5174,0.69449,0.31728,0.37519,0.57229,1.523,2.1325,1.0941,1.1828,0.57763,0.50086,0.40684,1.8036,0.43221,1.007,0.45755,0.4911
0.39,0.56666,0.91793,0.92161,0.56872,0.40219,1.1987,0.81443,1.0099,1.9697,1.0468,1.1263,0.5422,1.3824,0.47502,1.1977,1.7839,0.53392,0.28939,1.7504,0.72149,0.81996,1.9624,1.739,0.74069,0.32333,0.40773,0.58491,1.6536,2.1259,1.0868,1.1322,0.637,0.45223,0.42991,1.8292,0.40578,0.90268,0.42003,0.49141
0.4,0.58712,0.85962,0.90963,0.51935,0.40108,1.3071,0.91469,0.97227,1.9722,1.0279,1.1412,0.53868,1.606,0.47291,1.2611,1.6194,0.5712,0.28256,1.7558,0.74272,0.7839,2.0217,1.8716,0.76147,0.32947,0.42618,0.5898,1.7654,2.1276,1.0202,1.0443,0.69983,0.37984,0.41849,1.8239,0.41608,0.8162,0.41212,0.49028
0.41,0.60598,0.81367,0.85544,0.48431,0.43671,1.3722,0.95753,0.8793,1.9667,1.0351,1.1448,0.51577,1.86,0.47737,1.3338,1.5649,0.59343,0.27857,1.6991,0.90116,0.76718,2.0675,1.9122,0.74424,0.34065,0.41313,0.60087,1.8421,2.1298,0.95392,0.95225,0.71179,0.33361,0.39196,1.8288,0.42171,0.77331,0.43917,0.48321
0.42,0.60673,0.78771,0.82243,0.52726,0.45177,1.5353,0.90995,0.90829,1.9499,1.0258,1.1565,0.46183,2.0623,0.48782,1.424,1.4778,0.59881,0.26551,1.6609,0.95131,0.79597,2.1613,1.8672,0.70264,0.36256,0.38178,0.6348,1.8822,2.1379,0.90802,0.88632,0.66585,0.35738,0.37287,1.845,0.42065,0.74601,0.47965,0.4916
0.43,0.59123,0.77679,0.81734,0.56111,0.44503,1.7952,0.83506,0.90895,1.9265,1.0244,1.1717,0.40027,2.1614,0.50203,1.5245,1.372,0.6118,0.26874,1.6869,0.98297,0.75614,2.281,1.7576,0.66449,0.37029,0.35335,0.67275,1.9227,2.1812,0.87315,0.88066,0.60245,0.39384,0.3621,1.8333,0.41919,0.73786,0.50099,0.51481
0.44,0.58511,0.77044,0.80139,0.58148,0.47276,1.959,0.90968,0.87424,1.9053,1.0189,1.1912,0.37623,2.159,0.51927,1.6267,1.3935,0.66137,0.2768,1.7324,1.0243,0.73775,2.3638,1.6088,0.64699,0.37092,0.33063,0.67936,1.9332,2.2098,0.79967,0.89901,0.54963,0.41072,0.35416,1.7944,0.43506,0.762,0.49219,0.53226
0.45,0.58773,0.76099,0.8276,0.58467,0.49978,1.9983,0.96441,0.81558,1.8778,1.0173,1.2005,0.35417,2.2253,0.53927,1.7161,1.3771,0.69417,0.28024,1.7999,1.0337,0.71239,2.4919,1.4489,0.63962,0.37361,0.31841,0.65265,1.9186,2.2366,0.7085,0.88708,0.55561,0.39707,0.35477,1.7292,0.44306,0.7666,0.50652,0.57562
0.46,0.59038,0.75231,0.85089,0.5739,0.52016,2.022,0.99086,0.75297,1.8537,1.0248,1.2025,0.34234,2.2616,0.56218,1.7732,1.4774,0.66913,0.28849,1.8749,1.0227,0.70428,2.5049,1.3023,0.62571,0.37582,0.32507,0.65061,1.8845,2.2796,0.65558,0.86227,0.57115,0.35158,0.35191,1.6522,0.44421,0.74655,0.53073,0.63511
0.47,0.59257,0.74476,0.84984,0.55731,0.53321,2.057,0.98725,0.70411,1.8244,1.0432,1.2551,0.33517,2.2579,0.58673,1.7835,1.6002,0.6355,0.29564,1.9077,1.0195,0.74986,2.4198,1.2113,0.60678,0.37563,0.32845,0.63483,1.8339,2.3508,0.63209,0.85499,0.58116,0.31378,0.34423,1.5673,0.44108,0.73405,0.51249,0.67199
0.48,0.59407,0.72619,0.95463,0.54209,0.53916,2.0528,0.97126,0.6584,1.799,1.0706,1.2976,0.33392,2.2175,0.6109,1.7449,1.6965,0.58861,0.28975,1.8781,1.0191,0.76094,2.2601,1.1483,0.59225,0.37656,0.32339,0.64789,1.7676,2.4516,0.60808,0.91031,0.58956,0.3315,0.33751,1.484,0.43432,0.75697,0.47156,0.68971
0.49,0.59443,0.71389,1.0114,0.53183,0.53932,2.0002,1.0967,0.62133,1.7722,1.1033,1.3202,0.34192,2.1422,0.63324,1.6483,1.7645,0.61629,0.27132,1.8045,1.0004,0.74701,2.0602,1.1033,0.58656,0.37573,0.31025,0.68159,1.6937,2.5705,0.59593,0.98126,0.57964,0.33216,0.32438,1.4011,0.42366,0.76615,0.4293,0.6797
0.5,0.59318,0.71556,1.0238,0.5246,0.53502,1.9432,1.2848,0.67324,1.7523,1.1376,1.3433,0.34879,2.0308,0.65186,1.5571,1.8127,0.70332,0.24799,1.7453,0.96184,0.73934,1.841,1.0682,0.58823,0.36749,0.3114,0.70833,1.6773,2.6904,0.60269,1.0181,0.5522,0.31965,0.30331,1.3086,0.40995,0.77221,0.45995,0.65725
0.51,0.59767,0.71513,0.99861,0.55423,0.52846,1.906,1.4464,0.70996,1.7386,1.1694,1.3551,0.34989,1.8809,0.66658,1.4357,1.8361,0.76356,0.22433,1.7212,0.91105,0.75245,1.9346,1.0329,0.59331,0.35617,0.30258,0.7398,1.6266,2.7963,0.61083,1.0155,0.5308,0.29842,0.29556,1.2147,0.3981,0.77731,0.51062,0.63097
0.52,0.62756,0.70894,0.94496,0.57891,0.52155,1.8597,1.533,0.7331,1.7321,1.1967,1.3511,0.33163,1.7092,0.67798,1.3053,1.8433,0.79146,0.21288,1.7222,0.85766,0.79725,2.0562,1.0068,0.59928,0.34908,0.29236,0.79143,1.5475,2.8781,0.61503,0.98667,0.51215,0.27633,0.30407,1.1172,0.3911,0.77935,0.53927,0.60083
0.53,0.65385,0.6946,0.87291,0.59755,0.51637,1.7755,1.5383,0.74235,1.7345,1.2206,1.3523,0.30282,1.5348,0.68671,1.3389,1.8336,0.79647,0.22269,1.7505,0.80126,0.83937,2.0948,1.0669,0.60885,0.34569,0.28648,0.85567,1.4393,2.9322,0.63524,0.94784,0.51152,0.2614,0.32058,1.0169,0.40826,0.78025,0.53963,0.56436
0.54,0.67636,0.70766,0.81265,0.61117,0.51489,1.8529,1.4823,0.73758,1.747,1.2403,1.3465,0.27276,1.3709,0.69306,1.3666,1.8147,0.78659,0.23478,1.7857,0.74012,0.86901,2.0754,1.0716,0.62646,0.34012,0.27572,0.91361,1.4388,2.9609,0.68145,1.0221,0.50905,0.25192,0.3261,0.92626,0.42183,0.81833,0.51837,0.54764
0.55,0.69475,0.71744,0.75817,0.622,0.5189,1.8733,1.387,0.72007,1.7649,1.258,1.329,0.25026,1.2246,0.69684,1.4107,1.7842,0.76922,0.24586,1.794,0.68934,0.86177,2.0354,1.0262,0.65376,0.32964,0.26191,0.95135,1.3848,2.9696,0.73202,1.1002,0.5255,0.24357,0.32214,0.85263,0.43355,0.88715,0.48402,0.55306
0.56,0.70946,0.72348,0.71049,0.63195,0.52872,1.7928,1.3025,0.69288,1.7856,1.2743,1.3142,0.24186,1.0937,0.69747,1.4502,1.7472,0.75146,0.25419,1.7558,0.66159,0.86751,1.9964,0.94504,0.687,0.31687,0.24797,0.96838,1.3005,2.9637,0.77931,1.1505,0.53517,0.24039,0.31687,0.80323,0.4405,0.94688,0.47463,0.55406
0.57,0.75769,0.72587,0.66916,0.64253,0.54381,1.6671,1.2289,0.66031,1.8113,1.2899,1.2964,0.23222,0.97416,0.6942,1.4834,1.7065,0.7363,0.26153,1.6544,0.65032,0.90692,1.9462,0.85585,0.71975,0.30556,0.25343,0.9843,1.1926,2.9886,0.81351,1.1673,0.53454,0.24367,0.30085,0.81231,0.44275,0.981,0.5122,0.55347
0.58,0.80395,0.72532,0.62915,0.65315,0.56289,1.744,1.154,0.62637,1.8343,1.3063,1.2681,0.22595,0.93595,0.68644,1.5106,1.6614,0.72086,0.26014,1.6414,0.63843,0.90915,1.8569,0.77405,0.74791,0.2968,0.25061,1.019,1.0757,3.0356,0.83378,1.1491,0.52554,0.24956,0.28393,0.78836,0.44518,0.97984,0.52381,0.55106
0.59,0.84278,0.72267,0.58495,0.66245,0.58921,1.8273,1.0783,0.6325,1.8577,1.3237,1.2381,0.22033,0.89833,0.67391,1.5319,1.6142,0.71278,0.24834,1.7562,0.6114,0.91921,1.7416,0.76083,0.77043,0.28932,0.23865,1.0709,0.95763,3.0798,0.84365,1.0932,0.5035,0.25307,0.26221,0.74342,0.45019,0.94222,0.5184,0.54451
0.6,0.87517,0.71858,0.53433,0.66858,0.61743,1.9227,1.0068,0.65163,1.8761,1.3421,1.2101,0.21192,0.85583,0.65673,1.5473,1.5672,0.72637,0.23077,1.8346,0.57364,0.95338,1.7804,0.77143,0.78845,0.28207,0.23007,1.1191,0.9014,3.1189,0.849,1.0183,0.4695,0.25069,0.23661,0.74809,0.45522,0.93023,0.51551,0.53277
0.61,0.90124,0.71369,0.48792,0.67021,0.64564,2.0271,0.98898,0.66782,1.9069,1.3612,1.174,0.20334,0.82979,0.63529,1.5568,1.5222,0.72707,0.24259,1.8786,0.54225,0.95312,1.7996,0.77723,0.80356,0.2754,0.22696,1.1472,0.85118,3.1549,0.8501,1.0127,0.43369,0.24316,0.20682,0.82504,0.45597,0.91391,0.52411,0.51537
0.62,0.92152,0.70844,0.44564,0.66682,0.67294,2.1313,0.96462,0.67803,1.9507,1.3817,1.1321,0.19785,0.80698,0.61016,1.5602,1.4805,0.71744,0.24188,1.9048,0.5235,0.93259,1.8068,0.77762,0.81621,0.2698,0.22293,1.1507,0.80913,3.1842,0.84592,0.98867,0.40637,0.23086,0.18702,0.88758,0.45216,0.88715,0.53598,0.52792
0.63,0.93647,0.70344,0.45716,0.66659,0.69805,2.2024,0.94757,0.68025,1.9885,1.4018,1.0991,0.19772,0.78416,0.58196,1.5579,1.4429,0.70326,0.23387,1.8877,0.51037,0.90048,1.8226,0.77343,0.82647,0.26445,0.24194,1.1368,0.77038,3.2052,0.83924,0.96323,0.39082,0.21358,0.18518,0.92817,0.44653,0.85652,0.53739,0.57476
0.64,0.94647,0.69853,0.47575,0.66402,0.72052,2.2122,0.91762,0.71171,2.0215,1.4217,1.061,0.20385,0.83853,0.55177,1.5509,1.4121,0.69055,0.22423,1.8634,0.49667,0.85749,1.8407,0.76467,0.83552,0.25765,0.2596,1.123,0.73657,3.2167,0.83072,0.95176,0.37825,0.21656,0.19183,0.94339,0.44072,0.82742,0.52359,0.60558
0.65,0.95177,0.69361,0.49256,0.65915,0.7402,2.1576,0.88152,0.74153,2.049,1.4402,1.0192,0.21524,0.88527,0.52029,1.5397,1.4287,0.68475,0.2169,1.9614,0.48165,0.80863,1.8222,0.76749,0.84541,0.24766,0.26729,1.1222,0.7054,3.218,0.82724,0.96485,0.35887,0.22456,0.20213,0.92759,0.43331,0.85937,0.49914,0.62586
0.66,0.95262,0.68876,0.50713,0.65396,0.7567,2.1568,0.84433,0.76194,2.0705,1.4577,0.97843,0.23046,0.9146,0.51248,1.5247,1.4475,0.68714,0.21367,1.9823,0.46237,0.81198,1.8761,0.82546,0.85674,0.23442,0.26518,1.1266,0.67579,3.2091,0.83023,0.99887,0.33241,0.23049,0.20916,0.87921,0.42319,0.88516,0.47201,0.6427
0.67,0.94933,0.6841,0.5195,0.65007,0.76992,2.151,0.83141,0.77817,2.0862,1.4737,0.94189,0.24742,0.92385,0.52203,1.5066,1.4683,0.69522,0.2137,2.0096,0.43569,0.81228,1.9226,0.87483,0.86842,0.21911,0.25576,1.1193,0.65898,3.1906,0.84102,1.0374,0.31413,0.22983,0.21246,0.80343,0.41058,0.90763,0.44886,0.66113
0.68,0.94227,0.6792,0.52961,0.64813,0.7798,2.1944,0.83157,0.79704,2.0965,1.4883,0.90308,0.26418,0.91128,0.53225,1.4863,1.4896,0.70456,0.21605,1.9991,0.40364,0.80973,1.9033,0.91521,0.87884,0.2034,0.24299,1.0929,0.65005,3.1636,0.85146,1.0679,0.32617,0.22322,0.21201,0.71093,0.39532,0.93136,0.43292,0.68228
0.69,0.93187,0.67396,0.53729,0.64784,0.78646,2.2217,0.82981,0.82473,2.102,1.5022,0.86289,0.2781,0.88049,0.54215,1.4645,1.51,0.71043,0.22064,1.9665,0.3724,0.80444,1.9358,0.94683,0.88741,0.19407,0.23098,1.052,0.64252,3.1294,0.85706,1.0819,0.33915,0.21682,0.20809,0.61625,0.3775,0.95061,0.43131,0.70442
0.7,0.91863,0.66861,0.54233,0.66407,0.7898,2.2323,0.82535,0.8644,2.1068,1.5165,0.82388,0.28757,0.83468,0.55183,1.4419,1.527,0.71056,0.22753,1.9188,0.34621,0.85741,1.9565,0.97026,0.89418,0.18457,0.22271,1.0065,0.63256,3.089,0.85047,1.0774,0.35062,0.21975,0.20181,0.532,0.36147,0.9542,0.44336,0.72741
0.71,0.90302,0.66288,0.54451,0.6876,0.78995,2.2197,0.81478,0.91436,2.1082,1.5994,0.78946,0.29189,0.77829,0.56203,1.4189,1.5415,0.70394,0.23677,1.9115,0.32513,0.91705,1.9741,0.98629,0.9,0.17364,0.21983,0.96295,0.62284,3.0438,0.83071,1.0588,0.36171,0.21886,0.19964,0.51591,0.34661,0.9347,0.46,0.75068
0.72,0.8855,0.65663,0.54377,0.71105,0.78718,2.1891,0.79591,0.96964,2.1068,1.6862,0.75471,0.29106,0.7159,0.57164,1.3956,1.5519,0.6924,0.24765,1.8871,0.30849,0.96356,1.9983,0.99574,0.90565,0.1641,0.2229,0.92159,0.60963,2.9948,0.80119,1.0347,0.37432,0.21347,0.20506,0.52103,0.33196,0.89612,0.47944,0.77117
0.73,0.86639,0.64984,0.54047,0.73351,0.78181,2.1796,0.76687,1.0234,2.1031,1.749,0.72229,0.28538,0.67714,0.58087,1.3722,1.5584,0.67836,0.25806,1.8633,0.29785,0.99676,2.0158,0.99945,0.91154,0.15771,0.23169,0.88137,0.59521,2.9435,0.77047,1.016,0.38473,0.20188,0.20251,0.52446,0.31841,0.85183,0.499,0.7847
0.74,0.84608,0.64277,0.53452,0.75429,0.77417,2.1473,0.8014,1.0687,2.101,1.7865,0.7832,0.27551,0.63156,0.59011,1.3487,1.5614,0.6652,0.26532,1.8811,0.2944,1.0162,2.0829,0.99819,0.91714,0.1548,0.24485,0.84351,0.57843,2.9042,0.74546,1.007,0.38903,0.20352,0.19154,0.52102,0.3064,0.81928,0.52294,0.78682
0.75,0.82516,0.6352,0.52627,0.77294,0.76456,2.0895,0.83836,1.1004,2.0974,1.798,0.86868,0.276,0.64226,0.59845,1.3256,1.5617,0.65486,0.26726,1.9717,0.29611,1.0226,2.2975,0.99269,0.92219,0.15447,0.25985,0.81381,0.55889,2.8551,0.73336,1.0115,0.38664,0.20829,0.17339,0.50803,0.29539,0.80962,0.5686,0.7742
0.76,0.80362,0.65225,0.51634,0.78917,0.75306,2.0071,0.87292,1.1156,2.0924,1.7844,0.94611,0.27522,0.63723,0.60594,1.3028,1.5602,0.64847,0.26319,2.1287,0.29883,1.0171,2.4712,0.98361,0.92681,0.15505,0.27394,0.79642,0.53946,2.7923,0.73389,1.024,0.37785,0.20526,0.15498,0.48706,0.2929,0.82284,0.61284,0.74652
0.77,0.78188,0.68094,0.50523,0.80267,0.73985,1.9436,0.91769,1.1122,2.0872,1.7474,1.0123,0.27925,0.62152,0.61339,1.28,1.5577,0.64473,0.2544,2.3194,0.29863,1.0002,2.6009,0.97165,0.93103,0.15477,0.28482,0.7878,0.51786,2.721,0.74079,1.038,0.36233,0.19602,0.15612,0.46344,0.28565,0.85214,0.65095,0.70515
0.78,0.76024,0.70506,0.49712,0.81293,0.72516,1.9314,1.0137,1.0907,2.0832,1.6903,1.0677,0.28791,0.60006,0.61994,1.257,1.5531,0.64134,0.24382,2.5129,0.29264,0.97382,2.6981,0.95741,0.93452,0.15202,0.29145,0.77909,0.49467,2.6688,0.74652,1.0471,0.34352,0.18507,0.16313,0.44442,0.28876,0.88909,0.67925,0.66768
0.79,0.73874,0.72426,0.49286,0.81941,0.70931,1.9016,1.1072,1.0526,2.0778,1.63,1.1144,0.29134,0.58141,0.62566,1.234,1.546,0.63869,0.23487,2.6919,0.27966,0.93967,2.779,0.94128,0.9372,0.14602,0.29348,0.76363,0.47238,2.616,0.74284,1.0461,0.32862,0.17845,0.17076,0.43563,0.28514,0.9379,0.69552,0.66466
0.8,0.71762,0.74196,0.50578,0.82167,0.7019,1.8579,1.1929,1.0005,2.0712,1.6372,1.1497,0.28948,0.57727,0.63062,1.2109,1.5357,0.62999,0.23005,2.8457,0.28611,0.89942,2.8579,0.92375,0.93926,0.1367,0.29131,0.74109,0.44926,2.5575,0.72543,1.0321,0.3213,0.17484,0.17637,0.43764,0.27206,0.99568,0.6987,0.6575
0.81,0.6971,0.76155,0.5315,0.81961,0.70241,1.8034,1.2672,0.93768,2.0661,1.6439,1.1737,0.28419,0.57337,0.63526,1.1879,1.5216,0.61328,0.22973,2.9655,0.28878,0.87513,2.9413,0.90524,0.94074,0.12498,0.28564,0.71457,0.42569,2.4937,0.69335,1.0225,0.31743,0.17763,0.17935,0.44568,0.25362,1.043,0.68868,0.64576
0.82,0.67709,0.77441,0.5521,0.81291,0.70158,1.7408,1.3269,0.86862,2.0599,1.649,1.1932,0.27593,0.57104,0.63935,1.1719,1.5028,0.61447,0.23256,3.0446,0.28828,0.92139,3.0259,0.88607,0.9421,0.12168,0.27794,0.68566,0.40292,2.4254,0.6492,1.0054,0.31039,0.18222,0.182,0.45284,0.24656,1.0731,0.66661,0.62932
0.83,0.65769,0.78116,0.56772,0.80218,0.69941,1.6722,1.3693,0.79838,2.0521,1.6522,1.2009,0.26641,0.56996,0.64275,1.1678,1.4794,0.60739,0.23654,3.0835,0.2856,0.9466,3.1028,0.86642,0.944,0.12196,0.27011,0.65495,0.38922,2.3532,0.59899,0.97227,0.32059,0.18651,0.18565,0.45417,0.24209,1.0804,0.63535,0.61245
0.84,0.63911,0.78226,0.57854,0.78715,0.6961,1.5992,1.3931,0.80426,2.0442,1.6529,1.1982,0.27212,0.56905,0.66336,1.161,1.4501,0.59289,0.24015,3.0902,0.28151,0.94841,3.1904,0.84642,0.94678,0.1233,0.26434,0.62431,0.37545,2.2862,0.55111,0.92978,0.34704,0.19012,0.1946,0.46535,0.23356,1.0625,0.59865,0.62678
0.85,0.62116,0.77802,0.58475,0.76796,0.69194,1.5228,1.3984,0.81183,2.0362,1.6509,1.1905,0.27757,0.56742,0.69424,1.152,1.4145,0.57293,0.24222,3.0761,0.27715,0.9275,3.3225,0.82611,0.95071,0.12385,0.26272,0.59491,0.36178,2.2213,0.51572,0.8842,0.37253,0.19501,0.20876,0.46824,0.22193,1.0199,0.55947,0.63789
0.86,0.60383,0.76911,0.58679,0.74484,0.68714,1.4436,1.3871,0.81906,2.0261,1.6462,1.1698,0.28107,0.56484,0.72361,1.1412,1.3722,0.54992,0.24129,3.0493,0.2733,0.90521,3.4226,0.80554,0.95592,0.12341,0.26637,0.56544,0.34849,2.1558,0.50186,0.84098,0.39315,0.20375,0.21918,0.48344,0.20861,0.95598,0.51965,0.64327
0.87,0.5871,0.75821,0.58475,0.74409,0.68208,1.3623,1.3592,0.82566,2.015,1.6393,1.1485,0.28367,0.55942,0.75156,1.1287,1.3233,0.52637,0.23628,3.0104,0.27023,0.89697,3.4891,0.78471,0.96228,0.12201,0.27483,0.53341,0.33607,2.0897,0.51246,0.80271,0.40728,0.21264,0.22541,0.52567,0.19711,0.8781,0.47977,0.64095
0.88,0.57094,0.75456,0.57938,0.74264,0.67711,1.2794,1.317,0.83175,2.0041,1.6303,1.1157,0.2863,0.55046,0.77777,1.1146,1.2682,0.50396,0.24832,2.9556,0.287,0.88361,3.5227,0.76368,0.9695,0.11975,0.28608,0.49821,0.33296,2.0242,0.54269,0.78719,0.41511,0.22433,0.22788,0.56405,0.20058,0.79481,0.45409,0.6306
0.89,0.55533,0.74987,0.57065,0.73918,0.67255,1.1957,1.2653,0.83715,1.9914,1.6191,1.0829,0.28976,0.53752,0.80218,1.0993,1.227,0.4835,0.25346,2.8815,0.29917,0.88981,3.5273,0.74235,0.9766,0.11677,0.29715,0.46308,0.3348,1.9585,0.58224,0.78396,0.41854,0.23841,0.22758,0.59621,0.2027,0.75171,0.44487,0.6131
0.9,0.54022,0.74376,0.55913,0.73364,0.66856,1.112,1.2553,0.84199,1.9771,1.6058,1.0413,0.29462,0.52039,0.82478,1.0826,1.2011,0.46461,0.25173,2.7888,0.30441,0.91782,3.5086,0.72071,0.98292,0.11638,0.30511,0.43421,0.33203,1.8937,0.62199,0.79969,0.41756,0.24883,0.22556,0.6207,0.20381,0.72325,0.43597,0.58979
0.91,0.52561,0.73545,0.54537,0.7262,0.66533,1.1049,1.2491,0.84606,1.9634,1.5905,1.0016,0.3011,0.4996,0.84559,1.0649,1.1683,0.44616,0.2442,2.6839,0.31726,0.94882,3.4711,0.69878,0.98773,0.12049,0.30734,0.41884,0.32433,1.8292,0.65498,0.84216,0.411,0.25165,0.22244,0.63628,0.20417,0.69088,0.42703,0.56199
0.92,0.51145,0.72439,0.52989,0.71706,0.66294,1.0978,1.2286,0.84964,1.949,1.573,0.95565,0.30905,0.47524,0.8651,1.0461,1.1302,0.4269,0.23276,2.575,0.33357,0.98389,3.4184,0.6772,0.9906,0.12645,0.30217,0.42024,0.31226,1.7662,0.67691,0.88733,0.39754,0.24739,0.21888,0.642,0.20391,0.65616,0.41769,0.53138
0.93,0.49782,0.7102,0.51358,0.70636,0.66135,1.0901,1.2058,0.85246,1.9338,1.5533,0.91176,0.31805,0.44766,0.88307,1.0268,1.0888,0.40597,0.21952,2.4704,0.34017,1.0238,3.3534,0.65985,0.99129,0.13115,0.29419,0.43548,0.29733,1.7042,0.6858,0.93187,0.37828,0.23769,0.21685,0.63741,0.20305,0.62042,0.40737,0.49895
0.94,0.48472,0.69297,0.49712,0.69446,0.66038,1.0822,1.1794,0.85469,1.922,1.5317,0.86543,0.32745,0.41753,0.89942,1.0079,1.1023,0.38329,0.20634,2.3748,0.33807,1.0674,3.2776,0.64216,0.9902,0.13479,0.29859,0.45824,0.27943,1.6435,0.68214,0.97152,0.35712,0.22512,0.21588,0.62276,0.20158,0.58825,0.39568,0.46573
0.95,0.4721,0.67305,0.4811,0.68154,0.66001,1.0744,1.1508,0.91363,1.9114,1.5079,0.8193,0.3365,0.38685,0.9142,0.98863,1.1176,0.35989,0.19445,2.2843,0.32926,1.1123,3.1908,0.62402,0.98741,0.13767,0.303,0.48186,0.26276,1.5842,0.6666,1.004,0.33826,0.21592,0.21467,0.5991,0.19974,0.60239,0.3824,0.43906
0.96,0.45995,0.65071,0.46584,0.66777,0.65984,1.0671,1.1229,0.96733,1.8987,1.4821,0.77514,0.34438,0.36402,0.92745,0.96924,1.1294,0.35378,0.18537,2.1961,0.31572,1.1562,3.0925,0.60548,0.98369,0.13996,0.30741,0.50056,0.25475,1.5267,0.64198,1.0277,0.32378,0.21259,0.21161,0.56838,0.19765,0.61775,0.36791,0.43963
0.97,0.44846,0.62609,0.45146,0.6533,0.65987,1.0605,1.097,1.0134,1.8841,1.4543,0.73073,0.35065,0.34727,0.9396,0.9504,1.1377,0.34849,0.17914,2.1101,0.2991,1.1978,2.9825,0.58661,0.97919,0.14215,0.31171,0.50933,0.24645,1.4708,0.61074,1.0422,0.31354,0.21845,0.20648,0.53325,0.19553,0.6308,0.35298,0.43883
0.98,0.43747,0.59944,0.43804,0.63836,0.65984,1.0548,1.0739,1.0513,1.8678,1.4248,0.68809,0.35486,0.3296,0.95067,0.93254,1.1442,0.33854,0.17383,2.03,0.28041,1.2362,2.8609,0.5675,0.97442,0.1488,0.31576,0.50556,0.23761,1.4166,0.57626,1.0457,0.30634,0.22067,0.19954,0.49643,0.19342,0.64003,0.33848,0.43681
0.99,0.42708,0.57133,0.42554,0.62307,0.65956,1.0501,1.0536,1.081,1.8498,1.3939,0.64869,0.35637,0.31364,0.96043,0.91511,1.1473,0.33633,0.16936,1.9615,0.26031,1.271,2.7289,0.54822,0.96959,0.15485,0.31942,0.49062,0.22941,1.3642,0.54416,1.0388,0.31176,0.22068,0.19542,0.46078,0.19127,0.64529,0.32523,0.43365
1,0.41728,0.54173,0.4138,0.60768,0.65888,1.0468,1.0354,1.1026,1.83,1.3615,0.61107,0.35517,0.30323,0.96897,0.89827,1.1473,0.33028,0.16553,1.9104,0.23929,1.3024,2.5894,0.52885,0.96472,0.16053,0.32261,0.46911,0.22133,1.3135,0.54447,1.0208,0.32004,0.21947,0.19461,0.46606,0.18902,0.64664,0.31383,0.42937
1.01,0.40807,0.51129,0.4028,0.59217,0.65752,1.0446,1.0189,1.1163,1.8121,1.3278,0.57592,0.35061,0.2944,0.97641,0.88224,1.1442,0.32582,0.16203,1.884,0.23431,1.3324,2.4464,0.50945,0.96,0.1661,0.32529,0.44738,0.2128,1.2648,0.53599,0.99201,0.32563,0.21721,0.19483,0.47485,0.18657,0.64483,0.30474,0.42408
1.02,0.39945,0.50139,0.39264,0.57655,0.65552,1.0435,1.003,1.122,1.7973,1.293,0.54374,0.34281,0.28777,0.98302,0.86747,1.1392,0.34159,0.15863,1.8803,0.22866,1.3649,2.3036,0.49009,0.95519,0.1716,0.32745,0.43195,0.20372,1.2177,0.52187,0.95433,0.32638,0.21685,0.19915,0.48427,0.18383,0.63992,0.29796,0.41786
1.03,0.39145,0.49718,0.38347,0.56073,0.65254,1.0436,0.98741,1.1198,1.783,1.257,0.51488,0.33211,0.28359,0.98902,0.85329,1.1815,0.35721,0.15844,1.892,0.22124,1.4043,2.1653,0.47083,0.94998,0.17694,0.32908,0.41673,0.19417,1.1724,0.50505,0.90787,0.32161,0.22084,0.20452,0.49296,0.18077,0.63196,0.29326,0.41075
1.04,0.38398,0.4929,0.37528,0.54479,0.64871,1.0445,0.97236,1.1098,1.769,1.2203,0.4896,0.31906,0.28185,0.99414,0.83962,1.2592,0.37037,0.16116,1.9092,0.21253,1.4517,2.0352,0.45171,0.94432,0.18175,0.33022,0.40191,0.18472,1.1286,0.49253,0.85424,0.31333,0.22408,0.20926,0.50116,0.17733,0.62085,0.29013,0.40283
1.05,0.37711,0.4886,0.36805,0.52866,0.6438,1.0459,0.95718,1.0924,1.7547,1.1891,0.468,0.30431,0.2824,0.99845,0.82638,1.3352,0.3795,0.16411,1.9225,0.20336,1.5019,1.938,0.43278,0.93775,0.18555,0.33089,0.38687,0.176,1.0867,0.51212,0.8213,0.30435,0.2261,0.2127,0.50961,0.17335,0.60658,0.28798,0.39425
1.06,0.3708,0.48418,0.36188,0.5124,0.63782,1.0477,0.94183,1.0679,1.7401,1.22,0.45012,0.28855,0.28422,1.002,0.81423,1.4086,0.3839,0.16686,1.9255,0.19453,1.5448,2.026,0.41405,0.93018,0.18787,0.33114,0.37024,0.1718,1.0463,0.54158,0.83299,0.29666,0.22625,0.21428,0.51828,0.16869,0.59465,0.28638,0.3849
1.07,0.36499,0.47965,0.35684,0.49606,0.63094,1.0496,0.92671,1.0367,1.7251,1.2416,0.43592,0.27257,0.28665,1.0048,0.80233,1.4787,0.38343,0.16896,1.9156,0.18658,1.5704,2.1222,0.39557,0.9216,0.18836,0.33102,0.35059,0.16776,1.0074,0.57219,0.84386,0.29071,0.22439,0.21371,0.52661,0.1633,0.59009,0.28511,0.37449
1.08,0.3597,0.475,0.35796,0.47966,0.62306,1.0514,0.91306,0.99973,1.7106,1.2982,0.42616,0.25659,0.28893,1.0069,0.79069,1.5453,0.37853,0.17014,1.8937,0.17965,1.5743,2.2078,0.37816,0.91194,0.18813,0.33058,0.32781,0.16369,0.97036,0.60083,0.85412,0.28569,0.22028,0.21114,0.53366,0.16597,0.58383,0.28404,0.37773
1.09,0.35494,0.47025,0.36058,0.46321,0.61432,1.0527,0.9002,0.95739,1.6959,1.3517,0.42026,0.24096,0.29007,1.0087,0.7794,1.6076,0.37006,0.17006,1.8633,0.17357,1.5583,2.2817,0.36919,0.90152,0.18632,0.32985,0.3083,0.15959,0.93456,0.62604,0.86456,0.281,0.21412,0.20646,0.53815,0.16976,0.57691,0.28328,0.39649
1.1,0.35064,0.46541,0.36281,0.44692,0.60496,1.0534,0.88868,0.9109,1.6803,1.3926,0.41745,0.22607,0.28944,1.0099,0.7686,1.6653,0.35937,0.17005,1.829,0.16776,1.5298,2.3424,0.3571,0.89039,0.18207,0.32884,0.30032,0.15545,0.9005,0.64683,0.87498,0.28315,0.20659,0.19955,0.53851,0.17464,0.57032,0.28315,0.4135
1.11,0.34677,0.4605,0.36462,0.43063,0.59518,1.0531,0.87926,0.86078,1.6646,1.421,0.41746,0.21225,0.28662,1.0105,0.75844,1.7185,0.35412,0.17033,1.7948,0.16164,1.4958,2.3888,0.35874,0.87872,0.176,0.32761,0.29167,0.15127,0.8677,0.6634,0.88565,0.28632,0.1986,0.19083,0.53332,0.18008,0.56477,0.28387,0.42824
1.12,0.34333,0.45555,0.36607,0.41453,0.58518,1.052,0.87093,0.82176,1.649,1.4373,0.42067,0.19968,0.28137,1.0105,0.74897,1.7666,0.35781,0.16914,1.7631,0.15648,1.4605,2.4194,0.3594,0.86673,0.16883,0.32614,0.28234,0.14704,0.83653,0.67585,0.89555,0.28701,0.19098,0.18107,0.52158,0.18505,0.56054,0.28577,0.44039
1.13,0.34035,0.45056,0.36728,0.39857,0.57525,1.0499,0.86434,0.81744,1.6324,1.442,0.42624,0.18862,0.27368,1.0099,0.74042,1.815,0.36077,0.16643,1.7372,0.15673,1.4231,2.4336,0.35805,0.85469,0.16183,0.32442,0.27241,0.14276,0.80672,0.68444,0.90419,0.28739,0.18438,0.17098,0.50285,0.18825,0.55738,0.28887,0.44994
1.14,0.33777,0.44555,0.36828,0.38277,0.56539,1.0465,0.85872,0.81301,1.6158,1.4359,0.4334,0.17933,0.26376,1.0087,0.73336,1.8714,0.3631,0.16225,1.7321,0.15645,1.3804,2.432,0.35483,0.8427,0.15588,0.32244,0.26201,0.14118,0.77825,0.68909,0.91131,0.29938,0.17926,0.16117,0.47755,0.18873,0.55466,0.29317,0.45715
1.15,0.33555,0.4405,0.3691,0.36719,0.55559,1.0418,0.85327,0.80849,1.5992,1.4199,0.4418,0.17176,0.25198,1.0071,0.73348,1.9218,0.36495,0.15677,1.728,0.15533,1.3302,2.4162,0.35013,0.83093,0.1504,0.3202,0.26389,0.14174,0.75136,0.69291,0.91696,0.31342,0.17577,0.15213,0.45532,0.19367,0.55144,0.29833,0.46252
1.16,0.33368,0.43542,0.36962,0.36244,0.54587,1.0358,0.84795,0.80388,1.5814,1.395,0.45108,0.16589,0.23881,1.0051,0.73692,1.9659,0.36636,0.15025,1.7216,0.15322,1.273,2.3889,0.34427,0.8195,0.14559,0.31771,0.27013,0.14228,0.72584,0.69749,0.92169,0.32742,0.17366,0.14393,0.42967,0.19869,0.54996,0.304,0.46641
1.17,0.33214,0.43033,0.36962,0.37431,0.53797,1.0286,0.84208,0.79916,1.5645,1.3622,0.46091,0.16162,0.23455,1.0027,0.74094,2.0035,0.36733,0.14307,1.7107,0.15017,1.2137,2.3537,0.33757,0.80852,0.14152,0.31488,0.28024,0.14282,0.70169,0.69714,0.92542,0.33966,0.1723,0.13664,0.40164,0.20161,0.55901,0.30969,0.46893
1.18,0.33096,0.42521,0.37213,0.38456,0.53279,1.0198,0.83484,0.79435,1.5467,1.3224,0.47097,0.15875,0.22966,0.99996,0.74523,2.0349,0.3688,0.13563,1.6931,0.14639,1.194,2.313,0.33037,0.79812,0.13807,0.31176,0.29349,0.14334,0.67893,0.69267,0.92832,0.34933,0.171,0.13075,0.38072,0.20118,0.56722,0.31495,0.47
1.19,0.33008,0.42013,0.37566,0.3933,0.52733,1.0098,0.82584,0.78945,1.5286,1.2771,0.48095,0.15704,0.22297,0.99688,0.74944,2.0609,0.38633,0.13576,1.6679,0.14224,1.1705,2.269,0.32291,0.78829,0.13501,0.30826,0.30802,0.14383,0.65755,0.68505,0.93067,0.35626,0.1693,0.12754,0.36448,0.19719,0.57484,0.31949,0.46973
1.2,0.32946,0.41507,0.37834,0.40064,0.52161,0.99842,0.81475,0.78447,1.5107,1.2278,0.49057,0.15621,0.21486,0.99347,0.75344,2.0804,0.40413,0.13859,1.6357,0.13807,1.1437,2.2238,0.32119,0.77907,0.13205,0.30447,0.32156,0.14429,0.63756,0.67531,0.93264,0.36082,0.16891,0.12308,0.34858,0.1903,0.58182,0.32305,0.46854
1.21,0.32907,0.41004,0.37963,0.40669,0.51559,0.98561,0.80698,0.7794,1.4917,1.1818,0.49958,0.15596,0.20599,0.98975,0.75704,2.0937,0.42098,0.14011,1.5976,0.13425,1.1138,2.1771,0.32167,0.77044,0.12919,0.30032,0.33253,0.14471,0.61897,0.66448,0.93425,0.36376,0.17054,0.1178,0.33393,0.18925,0.58822,0.32595,0.46692
1.22,0.32895,0.40503,0.37942,0.41155,0.50923,0.97162,0.80433,0.77424,1.4737,1.1341,0.50773,0.156,0.19668,0.98572,0.76004,2.1013,0.436,0.13983,1.5556,0.13101,1.0814,2.1293,0.32116,0.76246,0.12819,0.29583,0.34013,0.14509,0.60173,0.65348,0.93543,0.36609,0.17293,0.11548,0.32107,0.18727,0.59424,0.33547,0.46524
1.23,0.32905,0.40004,0.37756,0.4153,0.50246,0.95641,0.79901,0.76899,1.4546,1.0842,0.5156,0.15612,0.18734,0.98382,0.76238,2.1042,0.44855,0.13756,1.5118,0.12848,1.0465,2.0791,0.31977,0.75521,0.12753,0.29531,0.34428,0.14542,0.58582,0.64312,0.93603,0.36862,0.17556,0.11437,0.31023,0.18341,0.59963,0.34441,0.46373
1.24,0.3293,0.39508,0.37427,0.41802,0.4953,0.94,0.79112,0.76366,1.4359,1.0329,0.5227,0.15618,0.17917,0.98783,0.76424,2.1018,0.45829,0.13335,1.4678,0.12663,1.0095,2.0261,0.31768,0.74858,0.12718,0.29728,0.345,0.14575,0.57123,0.634,0.93589,0.37487,0.17773,0.11262,0.30119,0.17791,0.60432,0.35265,0.46261
1.25,0.32972,0.39016,0.36953,0.41981,0.48777,0.92285,0.78113,0.75828,1.4168,0.98133,0.52855,0.15592,0.1802,0.99127,0.76508,2.0944,0.46494,0.12748,1.4451,0.12533,0.97077,1.9695,0.31506,0.7426,0.12709,0.2962,0.34229,0.14606,0.55792,0.62714,0.93495,0.3819,0.17887,0.11048,0.29356,0.17106,0.60817,0.36014,0.46218
1.26,0.33031,0.38527,0.3636,0.42076,0.47992,0.90477,0.76862,0.75282,1.3975,0.93044,0.53302,0.15535,0.18461,0.99377,0.76513,2.083,0.46854,0.12038,1.4299,0.12447,0.93047,1.9095,0.31203,0.73734,0.1272,0.29206,0.33611,0.14632,0.54586,0.62227,0.93326,0.38968,0.17873,0.10819,0.28682,0.16337,0.61118,0.36687,0.46249
1.27,0.33098,0.38046,0.35679,0.42094,0.47179,0.88616,0.7538,0.74727,1.3783,0.88622,0.53694,0.15439,0.18877,0.99528,0.76455,2.0679,0.46917,0.11406,1.4166,0.12402,0.8889,1.8464,0.30873,0.73266,0.12744,0.28853,0.32655,0.14652,0.53498,0.61975,0.93102,0.39832,0.17753,0.10596,0.28189,0.15826,0.61314,0.37288,0.46318
1.28,0.33176,0.37569,0.3493,0.42042,0.46341,0.86695,0.73761,0.74164,1.3586,0.87611,0.53992,0.15303,0.19267,0.99584,0.76279,2.0488,0.46697,0.11612,1.4052,0.12427,0.84632,1.7885,0.30522,0.72858,0.12777,0.28588,0.31392,0.14668,0.52525,0.61942,0.92847,0.40784,0.17869,0.10394,0.29513,0.16262,0.61401,0.37819,0.46424
1.29,0.33263,0.37095,0.34108,0.41926,0.45477,0.84735,0.71984,0.73595,1.3395,0.86594,0.54135,0.15133,0.19605,0.9955,0.76082,2.0261,0.46216,0.11887,1.3949,0.12623,0.83905,1.7671,0.3016,0.72507,0.12918,0.27998,0.29873,0.14677,0.51734,0.62076,0.92538,0.41812,0.18111,0.1022,0.30738,0.16741,0.6138,0.38293,0.46562
1.3,0.33352,0.36626,0.33325,0.41749,0.44589,0.82734,0.70093,0.7302,1.3195,0.85568,0.54172,0.14941,0.20329,0.9945,0.75758,2.0007,0.45503,0.12199,1.3846,0.13189,0.84844,1.7436,0.29787,0.72202,0.13094,0.27127,0.28523,0.14682,0.51208,0.62376,0.92181,0.42877,0.18139,0.10068,0.31843,0.17168,0.61261,0.38709,0.46721
1.31,0.33449,0.3616,0.3294,0.41512,0.43676,0.8069,0.68177,0.7244,1.3004,0.84547,0.54163,0.14733,0.20997,0.99283,0.75413,1.973,0.44587,0.12516,1.3733,0.13809,0.85348,1.718,0.29401,0.71948,0.13266,0.26038,0.28655,0.14681,0.50684,0.6275,0.91781,0.43921,0.18239,0.09933,0.32828,0.17473,0.61083,0.39079,0.46917
1.32,0.33544,0.357,0.32525,0.41216,0.43122,0.8172,0.66221,0.71858,1.2806,0.83525,0.53997,0.1452,0.21556,0.99037,0.74963,1.9428,0.43473,0.12806,1.3596,0.14518,0.85225,1.6911,0.29001,0.71734,0.13431,0.24868,0.28584,0.14676,0.50172,0.63152,0.91342,0.44868,0.18976,0.098186,0.33704,0.17608,0.61131,0.39405,0.47133
1.33,0.33643,0.35245,0.32077,0.4086,0.42713,0.83066,0.6433,0.71276,1.2613,0.82494,0.53699,0.14297,0.21958,0.98718,0.74484,1.9106,0.42172,0.1304,1.3422,0.15182,0.84492,1.6633,0.28586,0.71554,0.13585,0.24686,0.28321,0.14666,0.49657,0.63537,0.90883,0.45663,0.1985,0.097822,0.34481,0.17556,0.60979,0.39675,0.47369
1.34,0.33738,0.34796,0.31596,0.40449,0.423,0.84162,0.62506,0.70692,1.2418,0.81467,0.53394,0.1405,0.22203,0.98331,0.73926,1.8766,0.40708,0.13197,1.321,0.15778,0.8332,1.6347,0.28148,0.71415,0.13726,0.24427,0.27861,0.1465,0.49141,0.63863,0.90407,0.46276,0.20737,0.098899,0.35157,0.17323,0.60646,0.39879,0.4761
1.35,0.33834,0.34353,0.31086,0.39988,0.41884,0.8505,0.60782,0.70106,1.2224,0.80441,0.52944,0.13777,0.22255,0.97881,0.73333,1.8419,0.391,0.13261,1.295,0.16289,0.81931,1.6053,0.27692,0.71304,0.1385,0.24106,0.27191,0.14631,0.48623,0.64092,0.89906,0.46724,0.21534,0.10138,0.35724,0.16928,0.60156,0.40002,0.47844
1.36,0.33925,0.33918,0.30542,0.39483,0.41465,0.8572,0.59249,0.69521,1.2032,0.79405,0.52635,0.13472,0.22133,0.97392,0.72689,1.8062,0.3738,0.13226,1.2649,0.16699,0.80506,1.5751,0.27208,0.71217,0.13957,0.23729,0.26911,0.14607,0.48183,0.64195,0.89386,0.47031,0.22179,0.10363,0.36185,0.16406,0.59529,0.40043,0.48057
1.37,0.34012,0.33493,0.29971,0.3894,0.41043,0.86208,0.57884,0.68936,1.1837,0.78378,0.52319,0.13147,0.21827,0.96842,0.72,1.7697,0.35584,0.13094,1.2306,0.16995,0.79126,1.5438,0.26699,0.71155,0.14047,0.23307,0.26634,0.14578,0.47975,0.64147,0.88852,0.47194,0.22649,0.10548,0.36535,0.16114,0.59168,0.40012,0.48256
1.38,0.34094,0.33082,0.29365,0.38365,0.40618,0.8652,0.56714,0.68355,1.1649,0.77347,0.52007,0.12798,0.21352,0.96231,0.71298,1.7327,0.33749,0.12871,1.1934,0.17177,0.77776,1.5114,0.2617,0.71113,0.14117,0.2285,0.26208,0.14549,0.47819,0.63931,0.8831,0.4717,0.22943,0.10684,0.36792,0.15972,0.58908,0.39919,0.48455
1.39,0.34169,0.32687,0.28732,0.3776,0.40188,0.86664,0.55753,0.67777,1.1457,0.76308,0.51551,0.12427,0.20745,0.95562,0.70547,1.6953,0.31904,0.12567,1.1539,0.17239,0.76375,1.4783,0.25629,0.71082,0.14171,0.22369,0.25651,0.14522,0.47709,0.63538,0.87761,0.46964,0.23072,0.10759,0.36969,0.15711,0.58693,0.39779,0.48608
1.4,0.3424,0.32314,0.28064,0.37134,0.39754,0.8667,0.55003,0.67203,1.1269,0.75283,0.51079,0.1205,0.20029,0.9484,0.69795,1.6579,0.3008,0.122,1.1303,0.17188,0.76137,1.4452,0.25098,0.71059,0.14211,0.2187,0.24992,0.14491,0.4764,0.62979,0.87205,0.4708,0.23058,0.10779,0.37092,0.15357,0.58532,0.39608,0.48707
1.41,0.34304,0.31965,0.27364,0.3649,0.39316,0.86528,0.54461,0.66636,1.1083,0.74248,0.5054,0.11656,0.19506,0.9407,0.69036,1.6205,0.29059,0.11786,1.1087,0.17031,0.77078,1.4363,0.2462,0.71039,0.14241,0.21359,0.24269,0.14456,0.47606,0.62239,0.86645,0.47128,0.2292,0.10747,0.37175,0.14938,0.58424,0.39415,0.48759
1.42,0.34359,0.31633,0.26633,0.3583,0.38875,0.86253,0.54124,0.66075,1.0896,0.73217,0.49938,0.11257,0.20043,0.93255,0.68274,1.5833,0.28443,0.11347,1.0855,0.16777,0.7758,1.4369,0.24388,0.71017,0.14266,0.20843,0.23522,0.14417,0.47602,0.61319,0.86091,0.47053,0.22666,0.1068,0.37221,0.14484,0.58359,0.39204,0.48771
1.43,0.34409,0.31312,0.25868,0.35163,0.38428,0.85869,0.53956,0.65521,1.0715,0.72191,0.49344,0.10855,0.20537,0.92399,0.67525,1.5464,0.27794,0.10903,1.0621,0.16441,0.77621,1.4344,0.25143,0.7099,0.14292,0.20324,0.22787,0.14375,0.47623,0.60233,0.85554,0.46819,0.223,0.10592,0.37222,0.14025,0.58332,0.38973,0.48756
1.44,0.34452,0.31,0.2507,0.34489,0.37976,0.8537,0.53928,0.64974,1.0531,0.7116,0.48648,0.10448,0.20983,0.91508,0.66795,1.51,0.27121,0.10686,1.0392,0.16564,0.77225,1.4305,0.25974,0.70954,0.14324,0.19807,0.22183,0.14329,0.47665,0.59001,0.85037,0.46388,0.21812,0.10503,0.37159,0.13586,0.58342,0.38717,0.48729
1.45,0.34485,0.30689,0.24665,0.33814,0.37518,0.84767,0.54009,0.64434,1.0352,0.70141,0.47999,0.10042,0.21374,0.90586,0.66076,1.4749,0.26436,0.11025,1.0176,0.16732,0.76432,1.4261,0.26817,0.70904,0.1435,0.19293,0.21926,0.1428,0.47723,0.57651,0.84531,0.45718,0.21196,0.10428,0.37009,0.13179,0.58372,0.38438,0.48698
1.46,0.3451,0.30379,0.24793,0.33145,0.37054,0.84077,0.54163,0.63901,1.0176,0.69126,0.47244,0.10161,0.21711,0.89638,0.65351,1.4405,0.25744,0.11351,0.9981,0.168,0.75337,1.4224,0.27498,0.70835,0.14365,0.18783,0.21662,0.14227,0.47792,0.56209,0.84024,0.44792,0.20451,0.10383,0.36739,0.1281,0.58414,0.38125,0.48665
1.47,0.3453,0.30067,0.24916,0.32484,0.36583,0.83303,0.54399,0.63375,1.0068,0.68117,0.46524,0.10348,0.21991,0.88681,0.64636,1.407,0.25058,0.11689,0.98105,0.16774,0.74065,1.4199,0.28011,0.70746,0.14368,0.18279,0.21396,0.14171,0.4787,0.54727,0.83508,0.43626,0.19568,0.10371,0.36324,0.12474,0.58459,0.37773,0.48631
1.48,0.34542,0.29752,0.2504,0.31835,0.36109,0.82447,0.5464,0.62857,0.99638,0.67118,0.45745,0.10448,0.22208,0.87706,0.64614,1.3751,0.24378,0.11911,0.96654,0.16668,0.72797,1.4187,0.2835,0.70636,0.14359,0.17782,0.21123,0.14111,0.47953,0.53236,0.83582,0.42231,0.18557,0.10398,0.35731,0.12157,0.58502,0.37375,0.48592
1.49,0.34546,0.29433,0.25156,0.31204,0.35629,0.81514,0.54869,0.62346,0.98612,0.66273,0.44942,0.10454,0.22358,0.86715,0.64873,1.3446,0.23712,0.11998,0.95479,0.16495,0.71717,1.4226,0.28509,0.70501,0.14338,0.17291,0.20823,0.14048,0.48037,0.51769,0.84333,0.40602,0.17445,0.10458,0.34952,0.1184,0.58541,0.36917,0.48555
1.5,0.34541,0.29111,0.2527,0.30593,0.35141,0.80737,0.55082,0.61842,0.97578,0.66178,0.44173,0.10366,0.2245,0.85713,0.65103,1.3153,0.23065,0.11948,0.9454,0.16438,0.70998,1.4416,0.28653,0.7034,0.14305,0.16809,0.2048,0.13985,0.4812,0.5039,0.85093,0.38749,0.17452,0.10547,0.33978,0.11503,0.58574,0.36398,0.48509
1.51,0.34529,0.29454,0.25377,0.30006,0.34647,0.82383,0.55223,0.61348,0.96535,0.65854,0.43365,0.10191,0.22476,0.84702,0.65298,1.2881,0.22459,0.11937,0.93798,0.16397,0.70761,1.4613,0.28928,0.70153,0.14265,0.17526,0.20065,0.13924,0.482,0.49137,0.85833,0.36916,0.17329,0.10672,0.32824,0.11134,0.58605,0.35806,0.48451
1.52,0.34512,0.30001,0.25478,0.29451,0.34149,0.83838,0.55309,0.60862,0.95546,0.65299,0.42563,0.099379,0.22431,0.83688,0.65455,1.2623,0.2239,0.11842,0.9323,0.163,0.7101,1.4805,0.2915,0.69939,0.14216,0.18261,0.19558,0.1386,0.48281,0.48052,0.86588,0.35172,0.17076,0.10816,0.31496,0.10719,0.58641,0.3514,0.48367
1.53,0.34488,0.30502,0.25572,0.28926,0.33646,0.85104,0.55298,0.60385,0.94549,0.64538,0.41815,0.096164,0.22331,0.82673,0.65676,1.2384,0.22319,0.11674,0.92764,0.16155,0.71657,1.4988,0.29319,0.697,0.1416,0.18947,0.1895,0.13793,0.48355,0.47179,0.8737,0.33289,0.16704,0.10967,0.30018,0.10535,0.58703,0.34394,0.48258
1.54,0.34456,0.30957,0.25654,0.28439,0.33136,0.86178,0.55178,0.59916,0.93544,0.63582,0.41063,0.092419,0.22164,0.81664,0.66719,1.2161,0.22248,0.11457,0.92357,0.15969,0.72521,1.515,0.29439,0.69436,0.14098,0.19578,0.18237,0.13723,0.48419,0.46554,0.88168,0.31423,0.16217,0.11115,0.28416,0.10643,0.58802,0.34707,0.48111
1.55,0.34418,0.31366,0.25732,0.27993,0.32621,0.8706,0.54971,0.59455,0.92559,0.6246,0.40322,0.088294,0.21937,0.80661,0.67684,1.1957,0.22178,0.11318,0.91965,0.15745,0.73367,1.529,0.29514,0.69151,0.14031,0.20147,0.17435,0.13649,0.48473,0.46202,0.88965,0.30661,0.15627,0.11256,0.26723,0.10664,0.58945,0.35236,0.47923
1.56,0.34373,0.31732,0.25797,0.27591,0.32101,0.87753,0.54637,0.59002,0.91597,0.6119,0.39639,0.085217,0.21659,0.7968,0.68538,1.1768,0.22106,0.11301,0.91542,0.15489,0.73975,1.54,0.2955,0.68847,0.13959,0.20649,0.16577,0.13572,0.48519,0.46138,0.89726,0.29791,0.15565,0.11387,0.24978,0.10599,0.59137,0.35653,0.47688
1.57,0.34322,0.32055,0.2585,0.27236,0.31577,0.88256,0.54178,0.58558,0.90628,0.59784,0.39007,0.084151,0.21321,0.78714,0.69312,1.1599,0.22032,0.11303,0.91051,0.15206,0.74156,1.5482,0.29551,0.68526,0.13885,0.21083,0.15939,0.13492,0.48556,0.46379,0.90457,0.28841,0.15811,0.11509,0.24593,0.10458,0.59638,0.35953,0.47402
1.58,0.34265,0.32333,0.25895,0.26931,0.31049,0.8857,0.53611,0.58121,0.89653,0.58259,0.38436,0.083074,0.20942,0.7776,0.69973,1.1444,0.2196,0.11337,0.9048,0.14898,0.73806,1.5536,0.29522,0.68187,0.13806,0.21447,0.16171,0.13409,0.4858,0.46909,0.91135,0.27831,0.16066,0.11624,0.25134,0.10469,0.60109,0.36134,0.47056
1.59,0.34203,0.32568,0.25927,0.26678,0.30517,0.88698,0.52933,0.5769,0.88718,0.57084,0.38306,0.082046,0.20515,0.76819,0.70544,1.1308,0.21885,0.11657,0.89795,0.14568,0.72886,1.5566,0.29465,0.67836,0.13723,0.21742,0.16329,0.13322,0.48589,0.47706,0.91755,0.26775,0.16289,0.11724,0.25623,0.1036,0.60549,0.36197,0.46648
1.6,0.34136,0.32762,0.25944,0.26478,0.29983,0.88645,0.52138,0.57266,0.87783,0.56257,0.3815,0.081043,0.2005,0.75892,0.7099,1.1186,0.2181,0.11965,0.88989,0.14218,0.71435,1.5576,0.29383,0.67473,0.13639,0.2197,0.1641,0.13233,0.48591,0.48745,0.92313,0.25689,0.16628,0.11805,0.26059,0.10138,0.60962,0.36152,0.46175
1.61,0.34063,0.32915,0.25951,0.26333,0.29449,0.88416,0.51234,0.56847,0.86842,0.55446,0.3804,0.080746,0.19556,0.74979,0.71339,1.1077,0.21734,0.1226,0.88076,0.13852,0.6955,1.557,0.2928,0.67102,0.13552,0.22131,0.16416,0.13147,0.48578,0.49994,0.92807,0.25618,0.16954,0.11859,0.26438,0.09826,0.6135,0.36002,0.45636
1.62,0.33986,0.33029,0.25946,0.26244,0.28913,0.88021,0.50229,0.56434,0.85906,0.5465,0.37943,0.08092,0.19242,0.7438,0.71581,1.0984,0.21658,0.12542,0.87045,0.13473,0.67358,1.5553,0.29156,0.66727,0.13463,0.22227,0.16345,0.13059,0.4855,0.51415,0.93234,0.25574,0.17251,0.11881,0.26762,0.094447,0.61717,0.35763,0.45037
1.63,0.33904,0.33106,0.25926,0.26208,0.28379,0.87467,0.49132,0.56027,0.85003,0.53875,0.37847,0.080966,0.19108,0.74159,0.71706,1.101,0.21583,0.12813,0.85903,0.13085,0.65,1.553,0.29014,0.66346,0.13374,0.22261,0.16203,0.12969,0.48513,0.52968,0.93602,0.25498,0.17507,0.11867,0.27029,0.093617,0.62071,0.35448,0.44376
1.64,0.33816,0.33148,0.25894,0.26226,0.27848,0.86763,0.47951,0.55624,0.84095,0.53125,0.37828,0.080848,0.18879,0.73885,0.71745,1.1139,0.21507,0.13075,0.84664,0.13063,0.62936,1.5502,0.28856,0.65961,0.13282,0.22234,0.1599,0.12876,0.48461,0.5461,0.93917,0.25384,0.17702,0.11821,0.27242,0.09332,0.62425,0.35071,0.43658
1.65,0.33725,0.33154,0.25848,0.26296,0.2732,0.85918,0.47659,0.55226,0.83182,0.52407,0.37818,0.080571,0.18564,0.73562,0.71693,1.1263,0.21433,0.13329,0.83354,0.13256,0.63661,1.5472,0.28682,0.65574,0.13189,0.22151,0.1571,0.12779,0.48393,0.56328,0.94172,0.25233,0.17824,0.11778,0.27406,0.092547,0.62779,0.3465,0.42888
1.66,0.33628,0.33127,0.25791,0.26414,0.26932,0.8495,0.47287,0.54833,0.82283,0.51721,0.37821,0.082087,0.18184,0.73194,0.71541,1.138,0.2136,0.1358,0.81978,0.13427,0.64249,1.5439,0.28494,0.65186,0.13094,0.22017,0.1537,0.1268,0.48318,0.58055,0.94371,0.25045,0.17865,0.11772,0.27531,0.091269,0.63129,0.342,0.42073
1.67,0.33528,0.33067,0.25722,0.26577,0.26742,0.83862,0.46841,0.54445,0.81406,0.51064,0.37893,0.084074,0.17758,0.72785,0.71322,1.149,0.21289,0.1383,0.80549,0.13567,0.64699,1.5403,0.28294,0.64798,0.12998,0.21832,0.14981,0.12578,0.48526,0.59798,0.94518,0.24828,0.17825,0.11853,0.27629,0.089515,0.63473,0.33733,0.41221
1.68,0.33423,0.32977,0.25643,0.26784,0.26544,0.82656,0.4631,0.54063,0.80525,0.50427,0.37993,0.085781,0.17308,0.72342,0.71021,1.1593,0.21222,0.14082,0.79086,0.13675,0.65014,1.5362,0.28084,0.64411,0.129,0.21601,0.14871,0.12473,0.49151,0.61504,0.94617,0.24587,0.17708,0.11869,0.277,0.087282,0.63801,0.33258,0.40339
1.69,0.33314,0.32859,0.25555,0.27028,0.2634,0.81346,0.45694,0.53686,0.7964,0.49814,0.38112,0.087207,0.16845,0.71872,0.70633,1.1689,0.21266,0.14429,0.77611,0.13753,0.65192,1.5315,0.27866,0.64025,0.12799,0.21327,0.15176,0.12366,0.49687,0.63153,0.94671,0.24332,0.17515,0.11829,0.27732,0.084645,0.64103,0.32787,0.39435
1.7,0.33202,0.32717,0.25458,0.27308,0.26131,0.7992,0.45003,0.53314,0.78772,0.49219,0.38258,0.088321,0.1638,0.71371,0.7018,1.178,0.21419,0.14849,0.76126,0.13803,0.65236,1.5257,0.27641,0.63642,0.12697,0.21011,0.15446,0.12259,0.5013,0.64728,0.94679,0.24077,0.17256,0.11746,0.27719,0.081864,0.64374,0.32318,0.38518
1.71,0.33087,0.32551,0.25356,0.27618,0.25915,0.78384,0.44252,0.52949,0.77921,0.48647,0.3847,0.089152,0.15926,0.71785,0.69658,1.1862,0.21572,0.1528,0.74645,0.1383,0.65154,1.5187,0.27414,0.6326,0.12592,0.20659,0.15644,0.12153,0.5048,0.66224,0.94644,0.23837,0.1694,0.11673,0.27653,0.079976,0.64609,0.31858,0.37596
1.72,0.32968,0.32364,0.25253,0.27955,0.25697,0.76777,0.43425,0.52591,0.77066,0.48099,0.38697,0.089736,0.15491,0.72663,0.69059,1.1971,0.21724,0.15724,0.73183,0.13837,0.64952,1.5102,0.27181,0.6288,0.12487,0.2027,0.15749,0.12045,0.5074,0.67615,0.94582,0.23625,0.16585,0.1165,0.27537,0.078596,0.64805,0.31402,0.36677
1.73,0.32847,0.32158,0.25152,0.28316,0.25472,0.75166,0.42549,0.52243,0.76209,0.47576,0.38935,0.090073,0.15084,0.73458,0.68389,1.2074,0.21877,0.16178,0.71735,0.13829,0.64643,1.4999,0.26949,0.62501,0.12381,0.19901,0.1597,0.11935,0.50917,0.68888,0.94479,0.23453,0.16207,0.11596,0.27371,0.077192,0.64963,0.30953,0.35767
1.74,0.32723,0.31936,0.25065,0.28696,0.25243,0.73619,0.4162,0.51902,0.7537,0.47091,0.39201,0.090189,0.14707,0.74181,0.67672,1.2172,0.22031,0.16644,0.70323,0.13811,0.64236,1.4878,0.26716,0.62124,0.12274,0.19828,0.16397,0.11822,0.51004,0.70034,0.94336,0.23335,0.1585,0.11483,0.27161,0.078825,0.65078,0.30502,0.34874
1.75,0.32596,0.31699,0.25003,0.29094,0.25011,0.72206,0.40642,0.51569,0.74545,0.4667,0.39514,0.090126,0.14375,0.74823,0.66895,1.2262,0.22187,0.17119,0.68935,0.13784,0.6375,1.4739,0.26483,0.61749,0.12166,0.19733,0.16723,0.11706,0.51015,0.71046,0.94158,0.23283,0.16182,0.11381,0.26909,0.081924,0.65145,0.3005,0.34003
1.76,0.32467,0.31452,0.24979,0.29505,0.24773,0.70942,0.39638,0.5125,0.73718,0.4632,0.39827,0.089875,0.14078,0.75384,0.6606,1.2346,0.22345,0.176,0.67585,0.13754,0.63196,1.4581,0.26249,0.61375,0.12057,0.19615,0.16906,0.11589,0.50939,0.71919,0.93951,0.23306,0.16616,0.1173,0.26617,0.084835,0.65161,0.29586,0.3316
1.77,0.32335,0.31199,0.24981,0.29927,0.24536,0.69732,0.38593,0.50941,0.72889,0.46362,0.40136,0.089494,0.13823,0.75884,0.65168,1.2422,0.22504,0.18085,0.66266,0.13722,0.62595,1.4406,0.26017,0.61003,0.11948,0.19472,0.16929,0.11469,0.50786,0.72812,0.9372,0.23411,0.17134,0.1203,0.26287,0.087465,0.6513,0.29108,0.32348
1.78,0.32203,0.31174,0.2498,0.30356,0.24293,0.68555,0.37536,0.50647,0.72077,0.47147,0.40476,0.088986,0.13602,0.76299,0.64238,1.2489,0.22663,0.18571,0.64986,0.1369,0.61963,1.4377,0.25785,0.60633,0.11838,0.19306,0.16807,0.11347,0.50551,0.73873,0.93469,0.23597,0.17713,0.1227,0.25921,0.089763,0.65046,0.28608,0.31574
1.79,0.32069,0.31263,0.24972,0.30793,0.24049,0.67426,0.36457,0.5037,0.71278,0.48018,0.40831,0.088383,0.13408,0.76634,0.63267,1.2549,0.22819,0.19052,0.63736,0.13662,0.6132,1.4365,0.25556,0.60264,0.11727,0.19113,0.16561,0.11227,0.50244,0.74805,0.932,0.23863,0.18335,0.12444,0.2552,0.091702,0.64909,0.28082,0.30893
1.8,0.31934,0.31328,0.24955,0.31231,0.23802,0.66834,0.35369,0.50113,0.70478,0.48912,0.41167,0.087686,0.1324,0.76886,0.62364,1.2599,0.22973,0.19522,0.62524,0.13639,0.60687,1.4339,0.25327,0.59896,0.11616,0.18896,0.16214,0.11107,0.49862,0.75606,0.92917,0.24198,0.18984,0.12551,0.25085,0.093274,0.64724,0.27526,0.30329
1.81,0.31796,0.31375,0.24933,0.31673,0.23555,0.66855,0.34286,0.4988,0.69677,0.49818,0.41487,0.08687,0.13083,0.77065,0.61671,1.264,0.23123,0.19978,0.61339,0.13623,0.62414,1.4302,0.25098,0.59529,0.11504,0.18654,0.15954,0.10985,0.49419,0.76278,0.92685,0.2459,0.19648,0.12592,0.24614,0.0945,0.64878,0.26935,0.29786
1.82,0.31657,0.31406,0.24902,0.32115,0.23304,0.66859,0.33199,0.49671,0.68896,0.50736,0.41847,0.085917,0.12937,0.77152,0.60957,1.2672,0.23266,0.20413,0.60193,0.13616,0.64825,1.4254,0.24866,0.59271,0.11392,0.18387,0.15909,0.10861,0.48907,0.76825,0.94154,0.25027,0.20318,0.12568,0.24114,0.09543,0.65046,0.2631,0.29264
1.83,0.31519,0.31423,0.24865,0.32555,0.23055,0.66846,0.32122,0.49481,0.68124,0.51667,0.42174,0.084736,0.12792,0.77174,0.60227,1.2693,0.23401,0.20823,0.59071,0.13617,0.6709,1.4194,0.2463,0.59094,0.11279,0.18098,0.15826,0.10735,0.48332,0.77252,0.95609,0.25491,0.20984,0.12483,0.23583,0.096121,0.65193,0.26165,0.28771
1.84,0.31381,0.31424,0.24822,0.32992,0.22801,0.66817,0.31073,0.49306,0.67351,0.52601,0.42463,0.083259,0.12644,0.77119,0.59481,1.2706,0.23526,0.21204,0.57981,0.1375,0.69193,1.4125,0.24391,0.58915,0.11167,0.17789,0.15717,0.10608,0.47698,0.77563,0.97016,0.25966,0.21636,0.12345,0.23394,0.096608,0.65313,0.26363,0.28304
1.85,0.31242,0.31413,0.24772,0.33427,0.2255,0.66771,0.30044,0.49143,0.66579,0.53525,0.42785,0.081423,0.12495,0.76983,0.58723,1.271,0.23641,0.21555,0.56916,0.14082,0.71116,1.4047,0.24152,0.58735,0.11055,0.17463,0.15592,0.10705,0.47005,0.77764,0.98371,0.26432,0.22265,0.12168,0.23288,0.096926,0.65408,0.2656,0.27871
1.86,0.31104,0.31392,0.24717,0.33856,0.22296,0.66706,0.29041,0.4899,0.65831,0.54429,0.43069,0.079151,0.12336,0.76771,0.57955,1.2703,0.23744,0.21877,0.55876,0.14408,0.72849,1.396,0.23912,0.58553,0.10943,0.17122,0.1546,0.10823,0.46258,0.77858,0.99661,0.26877,0.22859,0.11962,0.23155,0.097127,0.65476,0.26753,0.27471
1.87,0.30966,0.31363,0.24654,0.3428,0.22044,0.66623,0.28073,0.48847,0.65086,0.55311,0.43302,0.076396,0.12175,0.76498,0.57177,1.2686,0.23835,0.22171,0.54862,0.14729,0.74382,1.3865,0.23676,0.58369,0.10833,0.16768,0.15323,0.10936,0.45464,0.7785,1.0088,0.27287,0.23407,0.11728,0.22999,0.097262,0.65521,0.26934,0.27104
1.88,0.3083,0.3132,0.24585,0.34697,0.21791,0.66521,0.27144,0.4871,0.64341,0.56164,0.43567,0.075543,0.12269,0.76163,0.56392,1.2659,0.23915,0.22434,0.53867,0.15043,0.75711,1.3762,0.23443,0.58182,0.10724,0.16401,0.15183,0.11045,0.44624,0.77743,1.0202,0.2766,0.23901,0.11534,0.2282,0.097395,0.65538,0.27103,0.26775
1.89,0.30696,0.31261,0.24513,0.35107,0.21538,0.66407,0.2626,0.48581,0.63603,0.56994,0.43778,0.075048,0.12525,0.75766,0.556,1.2621,0.23983,0.22661,0.529,0.15352,0.76834,1.3651,0.23219,0.57993,0.10615,0.16023,0.15037,0.11153,0.43856,0.77545,1.031,0.27993,0.24328,0.11318,0.22619,0.097582,0.65535,0.27256,0.26481
1.9,0.30566,0.31177,0.24437,0.35508,0.21286,0.66275,0.25424,0.48457,0.62885,0.57795,0.43955,0.075929,0.12801,0.7531,0.54802,1.2574,0.2404,0.22846,0.51947,0.15654,0.77753,1.3532,0.23004,0.57802,0.10508,0.15633,0.14884,0.11256,0.43703,0.77262,1.044,0.28266,0.24683,0.11074,0.22397,0.097857,0.65507,0.27389,0.26222
1.91,0.3044,0.31063,0.24357,0.35899,0.21032,0.66127,0.24639,0.4834,0.62167,0.58569,0.44136,0.078388,0.13098,0.748,0.53999,1.2517,0.24086,0.22988,0.51016,0.15945,0.78473,1.3405,0.22799,0.57608,0.10401,0.15232,0.14719,0.11354,0.43532,0.76901,1.0621,0.28469,0.24963,0.10811,0.22152,0.098224,0.65459,0.27502,0.26001
1.92,0.30317,0.30922,0.24274,0.36281,0.20782,0.65964,0.23909,0.48225,0.61449,0.59317,0.4425,0.080699,0.13411,0.74243,0.53192,1.2449,0.24122,0.23086,0.50101,0.16224,0.79004,1.3271,0.22609,0.57412,0.10295,0.14819,0.14539,0.11447,0.43343,0.76469,1.0791,0.28604,0.25167,0.10532,0.21885,0.098682,0.65387,0.27596,0.25817
1.93,0.30199,0.3076,0.24186,0.36653,0.20532,0.65786,0.23235,0.48115,0.60749,0.60035,0.4439,0.082712,0.13733,0.7364,0.52381,1.237,0.24146,0.23138,0.492,0.16489,0.79356,1.313,0.22433,0.57215,0.1019,0.14394,0.14337,0.11536,0.4314,0.75977,1.0951,0.28673,0.25303,0.10245,0.21595,0.099234,0.65295,0.27667,0.25667
1.94,0.30085,0.30583,0.24092,0.37013,0.20281,0.65597,0.22619,0.48006,0.60057,0.60729,0.44465,0.084397,0.14063,0.72997,0.51566,1.2282,0.2416,0.23146,0.48315,0.16734,0.79546,1.2981,0.22277,0.57017,0.10086,0.13956,0.1411,0.1162,0.42924,0.75423,1.1101,0.28689,0.2538,0.099517,0.21282,0.099867,0.6518,0.27716,0.25551
1.95,0.29976,0.30389,0.23995,0.37362,0.20034,0.65395,0.22061,0.47898,0.59366,0.61396,0.44564,0.085824,0.14396,0.72318,0.50747,1.2185,0.24163,0.23108,0.47437,0.16958,0.79577,1.2826,0.22139,0.56818,0.099837,0.13506,0.1385,0.11699,0.42702,0.74812,1.1243,0.28651,0.25406,0.096541,0.20945,0.10057,0.65047,0.27743,0.25468
1.96,0.29872,0.30174,0.23893,0.37699,0.20328,0.65178,0.2156,0.47789,0.58678,0.62034,0.44634,0.086978,0.14729,0.71607,0.50011,1.2081,0.24158,0.23028,0.46574,0.17157,0.79459,1.2665,0.22022,0.5662,0.098831,0.13044,0.13752,0.11777,0.42479,0.74146,1.1375,0.2854,0.25396,0.093535,0.20583,0.10131,0.64891,0.27751,0.25418
1.97,0.29774,0.29938,0.23785,0.38023,0.2062,0.64949,0.21117,0.47679,0.5801,0.62649,0.44692,0.087926,0.15062,0.70865,0.49353,1.1967,0.24143,0.2291,0.45713,0.17329,0.79205,1.2498,0.21927,0.56422,0.097849,0.12572,0.13613,0.11851,0.42264,0.7343,1.15,0.28361,0.2536,0.091283,0.20198,0.10207,0.64719,0.27739,0.25396
1.98,0.29682,0.29686,0.23673,0.38334,0.20894,0.64705,0.2073,0.47568,0.57344,0.63237,0.44765,0.088678,0.15392,0.70094,0.48708,1.1844,0.24118,0.22754,0.44863,0.1747,0.78823,1.2326,0.21855,0.56225,0.09689,0.12091,0.13419,0.1192,0.42066,0.72667,1.1617,0.28116,0.25304,0.090111,0.1979,0.10283,0.64523,0.27707,0.254
1.99,0.29597,0.29418,0.23557,0.38633,0.21152,0.64452,0.20404,0.47455,0.56679,0.63796,0.44846,0.089248,0.15715,0.69301,0.48054,1.1712,0.24079,0.22561,0.4401,0.17581,0.78327,1.2149,0.21805,0.56029,0.095963,0.11604,0.13171,0.11984,0.41892,0.71859,1.1726,0.278,0.25231,0.089003,0.19362,0.10353,0.64313,0.27658,0.25458
2,0.29518,0.29136,0.23943,0.38918,0.21395,0.64189,0.20134,0.47637,0.56025,0.64327,0.44937,0.089634,0.16029,0.68488,0.47405,1.1574,0.24025,0.22333,0.43482,0.17658,0.77727,1.1969,0.21779,0.55835,0.09506,0.11113,0.12871,0.12044,0.41741,0.71014,1.1828,0.27417,0.25144,0.087995,0.18916,0.10416,0.64078,0.27595,0.25575
2.01,0.29445,0.28847,0.24408,0.39189,0.21625,0.63914,0.19914,0.47804,0.55383,0.6483,0.45043,0.089822,0.16331,0.67659,0.4676,1.1429,0.23953,0.22075,0.43399,0.17703,0.77034,1.1784,0.21774,0.55641,0.09418,0.10622,0.12523,0.12099,0.41606,0.70138,1.1923,0.26983,0.25039,0.087052,0.18453,0.1047,0.63826,0.27518,0.25711
2.02,0.29379,0.28548,0.24853,0.39447,0.21843,0.63627,0.19742,0.47961,0.54742,0.65305,0.45167,0.089782,0.1662,0.66819,0.46111,1.1277,0.2386,0.21867,0.4332,0.17717,0.7626,1.1597,0.21792,0.5545,0.093326,0.1015,0.12133,0.12149,0.41482,0.69228,1.2013,0.26507,0.24909,0.087002,0.17977,0.10509,0.63554,0.27427,0.25863
2.03,0.29318,0.28237,0.25279,0.39692,0.22049,0.6333,0.19615,0.48109,0.54102,0.65751,0.45304,0.089485,0.169,0.6597,0.45477,1.1119,0.23746,0.21706,0.43246,0.17706,0.75416,1.1407,0.2183,0.55658,0.09249,0.10156,0.11857,0.12196,0.41365,0.68287,1.2098,0.25997,0.24747,0.087308,0.17494,0.10533,0.63264,0.27326,0.26028
2.04,0.29263,0.27912,0.25684,0.39923,0.22243,0.63024,0.19535,0.48246,0.5348,0.66167,0.45444,0.088906,0.17164,0.65115,0.44841,1.0955,0.23608,0.21521,0.43176,0.17677,0.74516,1.1215,0.21887,0.55996,0.091674,0.10158,0.1209,0.12241,0.41257,0.67317,1.2176,0.25469,0.24607,0.087329,0.17004,0.10539,0.62957,0.27217,0.26203
2.05,0.29212,0.27568,0.26072,0.40142,0.22425,0.62711,0.19497,0.48375,0.52863,0.66554,0.45571,0.088031,0.17408,0.64257,0.44213,1.0787,0.23449,0.21319,0.43104,0.17643,0.73565,1.1022,0.21962,0.56321,0.09087,0.10158,0.12287,0.12282,0.41158,0.6633,1.2249,0.2493,0.25101,0.087085,0.16516,0.10524,0.62632,0.27099,0.26384
2.06,0.29165,0.27209,0.2644,0.40347,0.22595,0.62388,0.19494,0.48496,0.52247,0.6691,0.45707,0.086843,0.17639,0.63406,0.43594,1.0613,0.23265,0.21099,0.43033,0.17616,0.72579,1.0826,0.22053,0.56631,0.090079,0.10155,0.12448,0.12319,0.41068,0.65332,1.2316,0.24379,0.25519,0.086613,0.1603,0.10487,0.62291,0.26977,0.26568
2.07,0.2912,0.26832,0.2679,0.40539,0.22753,0.62055,0.19524,0.4861,0.51636,0.67237,0.4582,0.085345,0.17853,0.62555,0.42976,1.0434,0.23057,0.20866,0.42956,0.17592,0.71561,1.063,0.22157,0.56928,0.089299,0.10149,0.12579,0.1235,0.40984,0.64316,1.2378,0.24251,0.25857,0.085953,0.15554,0.10562,0.61931,0.26851,0.26752
2.08,0.29077,0.26442,0.27122,0.40718,0.22899,0.61714,0.19581,0.4872,0.51042,0.67533,0.45886,0.083494,0.18045,0.61704,0.42373,1.025,0.23075,0.20621,0.42877,0.17559,0.7052,1.0431,0.22272,0.57266,0.089707,0.10141,0.12699,0.12378,0.40903,0.63287,1.2434,0.24142,0.26109,0.085148,0.15087,0.10936,0.61558,0.2672,0.26935
2.09,0.29034,0.26038,0.27437,0.40883,0.23035,0.61363,0.19664,0.48825,0.50449,0.678,0.45966,0.081284,0.18221,0.60854,0.41776,1.015,0.23161,0.20368,0.42789,0.17512,0.69463,1.0232,0.22398,0.57811,0.091233,0.1013,0.12846,0.12401,0.40822,0.62268,1.2485,0.2398,0.26272,0.084257,0.14635,0.11274,0.6117,0.26591,0.27113
2.1,0.28991,0.25626,0.27733,0.41035,0.23162,0.61006,0.19769,0.48929,0.49858,0.68039,0.45983,0.078737,0.18378,0.60007,0.41184,1.0051,0.23247,0.20107,0.42694,0.17446,0.68397,1.003,0.2253,0.58317,0.092588,0.10118,0.13003,0.12419,0.40739,0.6124,1.253,0.23766,0.26343,0.08334,0.14201,0.11569,0.60913,0.26459,0.27285
2.11,0.28948,0.25213,0.28013,0.41174,0.2328,0.60642,0.19895,0.49033,0.49276,0.6825,0.45993,0.076059,0.18511,0.59162,0.40608,0.99472,0.23334,0.19843,0.42587,0.17362,0.67326,0.98278,0.22667,0.58781,0.093772,0.10105,0.13143,0.12435,0.40651,0.60212,1.2569,0.23508,0.26324,0.082462,0.14258,0.11811,0.60666,0.26329,0.27448
2.12,0.28903,0.24803,0.28274,0.41301,0.2339,0.60269,0.20036,0.49138,0.48706,0.68433,0.4596,0.076751,0.18632,0.58329,0.40038,0.98393,0.23421,0.19577,0.42469,0.1726,0.66254,0.96229,0.22806,0.59208,0.094786,0.1009,0.13257,0.1245,0.4056,0.59197,1.2604,0.23211,0.2622,0.081685,0.14497,0.11995,0.60407,0.262,0.276
2.13,0.28857,0.24397,0.2852,0.41415,0.23494,0.59888,0.20189,0.49247,0.48137,0.68589,0.45898,0.077547,0.18728,0.57503,0.39475,0.97273,0.2351,0.19312,0.42339,0.1714,0.65183,0.94165,0.22946,0.59595,0.095632,0.10075,0.13345,0.1246,0.40462,0.58177,1.2634,0.22884,0.26042,0.081066,0.14675,0.12114,0.60136,0.26072,0.27742
2.14,0.28808,0.24146,0.28748,0.41516,0.2359,0.595,0.2035,0.49359,0.4757,0.68718,0.45815,0.078094,0.18807,0.56683,0.38929,0.96114,0.23598,0.1905,0.42194,0.17001,0.6412,0.92073,0.23084,0.59947,0.096312,0.10059,0.13412,0.12466,0.40356,0.57184,1.2662,0.22533,0.25801,0.080644,0.14795,0.12167,0.59855,0.25948,0.2787
2.15,0.28759,0.24009,0.28961,0.41604,0.23679,0.59106,0.20517,0.49471,0.47016,0.68821,0.45682,0.078359,0.18867,0.55868,0.38388,0.94918,0.23688,0.1879,0.42036,0.16844,0.63063,0.89961,0.23219,0.60262,0.096824,0.10042,0.13466,0.12469,0.40246,0.56191,1.2685,0.22165,0.25517,0.080441,0.14858,0.12153,0.59567,0.25826,0.27985
2.16,0.28709,0.23869,0.29157,0.41679,0.23762,0.58707,0.20688,0.49581,0.46469,0.689,0.45551,0.078344,0.18906,0.55059,0.37857,0.93687,0.23778,0.18532,0.41862,0.1667,0.62017,0.8782,0.23347,0.60545,0.097159,0.10024,0.13511,0.12467,0.40129,0.55223,1.2705,0.21786,0.25205,0.080456,0.14871,0.12073,0.5927,0.25706,0.28086
2.17,0.28657,0.23724,0.29338,0.41742,0.2384,0.58301,0.20859,0.49684,0.45924,0.68954,0.45359,0.078037,0.18929,0.5426,0.3734,0.92421,0.2387,0.18276,0.41674,0.1648,0.60979,0.85652,0.23469,0.60794,0.097323,0.10004,0.13557,0.12461,0.40006,0.54269,1.2721,0.21401,0.24885,0.080663,0.14836,0.11932,0.58965,0.25589,0.28171
2.18,0.28604,0.23575,0.29503,0.41793,0.23911,0.57888,0.21029,0.49779,0.45381,0.68984,0.45278,0.077425,0.18931,0.53468,0.36829,0.91122,0.23962,0.18023,0.41468,0.16275,0.59952,0.83462,0.23583,0.61012,0.097315,0.099834,0.13607,0.12452,0.3988,0.53336,1.2733,0.21017,0.24575,0.081014,0.14758,0.11734,0.58653,0.25473,0.28243
2.19,0.28549,0.23422,0.29652,0.41831,0.23976,0.57469,0.21197,0.49863,0.44854,0.68991,0.45297,0.076533,0.18957,0.52681,0.36329,0.89802,0.24056,0.17773,0.41249,0.16055,0.58933,0.81245,0.23686,0.61198,0.097135,0.099611,0.13665,0.12438,0.39749,0.52426,1.274,0.20839,0.24296,0.081445,0.14638,0.11485,0.58335,0.25361,0.28298
2.2,0.28492,0.23267,0.29785,0.41857,0.24033,0.57044,0.21361,0.49938,0.4433,0.68977,0.45272,0.075332,0.19223,0.51897,0.35839,0.88454,0.24151,0.17525,0.41013,0.15824,0.57925,0.79006,0.23778,0.61354,0.0968,0.09937,0.13735,0.12425,0.39613,0.51536,1.2743,0.20747,0.24063,0.081879,0.14481,0.11193,0.58013,0.25249,0.28339
2.21,0.28435,0.23108,0.29903,0.41872,0.24083,0.56614,0.21519,0.49999,0.43808,0.68944,0.4523,0.073872,0.19479,0.51116,0.35355,0.87076,0.24247,0.17282,0.40764,0.15584,0.56923,0.76751,0.23858,0.61479,0.09695,0.099113,0.13816,0.12409,0.39474,0.50673,1.2742,0.20659,0.2389,0.082235,0.14291,0.10866,0.57686,0.25137,0.28365
2.22,0.28375,0.22945,0.30004,0.41875,0.24126,0.56178,0.21669,0.50047,0.43291,0.68892,0.45174,0.072144,0.19786,0.50338,0.34884,0.85667,0.24344,0.17042,0.40497,0.15337,0.55928,0.74486,0.23924,0.61572,0.098407,0.098836,0.13908,0.12389,0.39331,0.49831,1.2737,0.20554,0.23784,0.082437,0.14073,0.10516,0.57355,0.25026,0.28376
2.23,0.28314,0.22781,0.30088,0.41866,0.24161,0.55735,0.21809,0.50085,0.42787,0.68819,0.45073,0.07019,0.20047,0.49562,0.34417,0.84232,0.24442,0.16807,0.40221,0.15085,0.54937,0.73047,0.23977,0.61637,0.099653,0.098539,0.14008,0.12366,0.39181,0.49016,1.2728,0.20586,0.23745,0.083324,0.13834,0.10154,0.5702,0.24913,0.28374
2.24,0.28252,0.22614,0.30156,0.41846,0.24188,0.55286,0.21937,0.50108,0.42285,0.68729,0.44986,0.068186,0.20264,0.48789,0.33962,0.82792,0.24542,0.16575,0.39928,0.14831,0.53949,0.71642,0.24016,0.61671,0.1007,0.098217,0.14114,0.12339,0.39028,0.48224,1.2724,0.20628,0.23771,0.084885,0.13578,0.09792,0.56682,0.24799,0.28358
2.25,0.28189,0.22444,0.30207,0.41815,0.24208,0.54834,0.22053,0.50117,0.41785,0.68619,0.44848,0.066236,0.20431,0.48023,0.33512,0.81324,0.24642,0.16348,0.39627,0.14576,0.52963,0.70199,0.2404,0.61675,0.10153,0.097871,0.14223,0.12309,0.38866,0.47457,1.274,0.20672,0.23849,0.086257,0.13313,0.094421,0.5634,0.24683,0.28329
2.26,0.28123,0.22272,0.30244,0.41774,0.24221,0.54375,0.22161,0.50111,0.41296,0.68493,0.44713,0.06414,0.20556,0.47305,0.33072,0.7983,0.24743,0.16125,0.39312,0.14399,0.51977,0.68721,0.2405,0.61651,0.10216,0.097501,0.14331,0.12276,0.38699,0.46715,1.275,0.20723,0.23966,0.087387,0.13041,0.091153,0.55996,0.24564,0.28288
2.27,0.28056,0.22098,0.30264,0.41722,0.24226,0.53911,0.22256,0.50095,0.40813,0.6835,0.44547,0.063334,0.2064,0.46792,0.32639,0.78336,0.24845,0.15905,0.38988,0.14318,0.50992,0.67217,0.24045,0.616,0.10258,0.097102,0.14435,0.12239,0.38523,0.45997,1.2753,0.20777,0.24106,0.088235,0.12985,0.088206,0.55649,0.2444,0.28237
2.28,0.27987,0.21923,0.30269,0.41659,0.24225,0.53441,0.22337,0.50065,0.40333,0.68194,0.44363,0.062668,0.2069,0.46282,0.32212,0.76824,0.24948,0.1569,0.38656,0.14235,0.50004,0.65689,0.24024,0.6152,0.1028,0.096675,0.14533,0.12201,0.38338,0.45305,1.2753,0.20882,0.2425,0.088773,0.12906,0.085639,0.55299,0.24311,0.28174
2.29,0.27917,0.21747,0.30258,0.41587,0.24218,0.5297,0.22403,0.50021,0.39857,0.68022,0.4417,0.061957,0.2071,0.45774,0.31797,0.7529,0.2505,0.15732,0.38315,0.14152,0.49013,0.64144,0.23989,0.61413,0.10282,0.096219,0.1462,0.12162,0.38143,0.44636,1.2746,0.21151,0.24384,0.088984,0.12785,0.083491,0.54947,0.24177,0.28102
2.3,0.27846,0.2157,0.30233,0.41504,0.24207,0.52493,0.22453,0.49965,0.39393,0.67835,0.43946,0.061209,0.207,0.45263,0.31384,0.73767,0.25152,0.1597,0.37968,0.14069,0.48016,0.6259,0.23939,0.61282,0.10265,0.095905,0.14696,0.12121,0.37939,0.43991,1.2734,0.21358,0.24492,0.088858,0.12628,0.081765,0.54593,0.24038,0.28021
2.31,0.27773,0.21392,0.30193,0.41413,0.24193,0.52013,0.22494,0.4996,0.38931,0.67636,0.43726,0.060428,0.20656,0.4475,0.30982,0.72224,0.25254,0.16146,0.37614,0.13985,0.47012,0.61033,0.23876,0.61128,0.10229,0.095834,0.1476,0.12077,0.37726,0.43368,1.2716,0.21497,0.24565,0.088392,0.12437,0.080434,0.54236,0.24146,0.27932
2.32,0.27699,0.21213,0.30139,0.41312,0.24177,0.51529,0.2252,0.50495,0.38472,0.67426,0.43468,0.05961,0.20574,0.44239,0.30587,0.70684,0.25355,0.1626,0.37259,0.13904,0.45998,0.59484,0.238,0.60951,0.10176,0.095754,0.1481,0.1203,0.37502,0.42767,1.2696,0.21576,0.24593,0.087597,0.12218,0.079447,0.53877,0.24603,0.27835
2.33,0.27624,0.21034,0.30072,0.41202,0.24163,0.51043,0.22529,0.50992,0.38024,0.67204,0.43224,0.058771,0.20451,0.4373,0.30195,0.69142,0.25475,0.16388,0.36899,0.13826,0.44976,0.57949,0.23711,0.60754,0.10105,0.095666,0.14844,0.1198,0.37269,0.42189,1.267,0.21591,0.2457,0.086503,0.11973,0.078739,0.53514,0.25083,0.27731
2.34,0.27548,0.20855,0.29993,0.41084,0.24214,0.50556,0.22521,0.51452,0.3758,0.67127,0.42933,0.057905,0.20285,0.43218,0.29817,0.67595,0.25669,0.16459,0.36537,0.13751,0.43943,0.56437,0.23609,0.60538,0.10018,0.095569,0.14865,0.11928,0.37027,0.41627,1.264,0.21546,0.24491,0.085141,0.11707,0.078233,0.53149,0.25851,0.2762
2.35,0.27471,0.20676,0.29904,0.40957,0.24256,0.50068,0.22503,0.51876,0.37138,0.67703,0.42663,0.057019,0.20076,0.42704,0.29443,0.66061,0.25819,0.16471,0.36174,0.13681,0.429,0.54961,0.23497,0.60302,0.099157,0.095462,0.1487,0.11873,0.36774,0.4109,1.2605,0.21442,0.24352,0.083558,0.1142,0.077855,0.52779,0.26598,0.27504
2.36,0.27393,0.20496,0.29806,0.40823,0.24291,0.49579,0.22471,0.52265,0.36708,0.68247,0.4235,0.056128,0.1983,0.42189,0.29073,0.6452,0.25927,0.16429,0.35809,0.13616,0.41848,0.53523,0.23374,0.60051,0.097988,0.095347,0.1486,0.11818,0.36512,0.40568,1.2566,0.2128,0.24152,0.081799,0.11117,0.077529,0.52406,0.27323,0.27383
2.37,0.27315,0.20316,0.29701,0.40682,0.24319,0.49089,0.22423,0.52619,0.36281,0.6876,0.42045,0.055235,0.19551,0.41679,0.28716,0.63,0.2599,0.16339,0.35448,0.13554,0.41389,0.52133,0.23242,0.59781,0.096687,0.095222,0.14834,0.11762,0.36241,0.40064,1.2525,0.21064,0.23891,0.079917,0.10831,0.077197,0.52029,0.28021,0.27256
2.38,0.27236,0.20136,0.29593,0.40533,0.2434,0.48599,0.22359,0.52942,0.35856,0.69242,0.41711,0.054362,0.19238,0.41166,0.28362,0.61476,0.26009,0.16206,0.35086,0.13494,0.41492,0.50798,0.23102,0.59494,0.095274,0.095088,0.14791,0.11704,0.35961,0.39577,1.2479,0.20797,0.23572,0.077968,0.10714,0.076806,0.51648,0.28688,0.27125
2.39,0.27156,0.19956,0.29482,0.40378,0.24355,0.48107,0.22288,0.53238,0.35443,0.69694,0.41368,0.053501,0.19062,0.4065,0.28014,0.60238,0.26046,0.16039,0.34727,0.13435,0.41589,0.49525,0.22954,0.59194,0.09376,0.094944,0.14873,0.11643,0.35673,0.39102,1.2429,0.20487,0.232,0.076007,0.10633,0.076321,0.51371,0.29321,0.2699
2.4,0.27076,0.19776,0.29369,0.40216,0.24361,0.47615,0.22201,0.53505,0.35033,0.70115,0.41014,0.052645,0.1897,0.40132,0.27677,0.5929,0.26141,0.15846,0.34371,0.13377,0.41679,0.48317,0.22801,0.58877,0.092167,0.094791,0.15028,0.1158,0.35377,0.38644,1.2375,0.20849,0.22779,0.074094,0.10543,0.07572,0.51224,0.29914,0.26852
2.41,0.26994,0.19596,0.29253,0.40049,0.2436,0.47122,0.22099,0.5375,0.34626,0.70506,0.40632,0.051814,0.18855,0.39614,0.27344,0.58349,0.26235,0.15635,0.34018,0.13322,0.41758,0.47179,0.22643,0.58548,0.090512,0.094628,0.15176,0.11515,0.35075,0.38197,1.2318,0.21279,0.22319,0.072287,0.10445,0.074992,0.51047,0.30463,0.26711
2.42,0.26912,0.19416,0.29136,0.39876,0.24352,0.46628,0.21991,0.53971,0.34228,0.70868,0.4026,0.050992,0.18716,0.39096,0.27015,0.57421,0.26328,0.15411,0.33668,0.1327,0.41827,0.46116,0.22482,0.58209,0.088813,0.094455,0.15315,0.11452,0.34767,0.37758,1.2259,0.21764,0.21827,0.070643,0.10341,0.074139,0.50842,0.30966,0.26568
2.43,0.26829,0.19235,0.29018,0.397,0.24335,0.46134,0.21868,0.54171,0.33833,0.71203,0.40009,0.050163,0.18555,0.38585,0.26698,0.56505,0.2642,0.15179,0.33324,0.1322,0.41882,0.45128,0.2232,0.57864,0.087083,0.094273,0.15444,0.11386,0.34453,0.37334,1.2197,0.22288,0.21312,0.069217,0.1023,0.073174,0.50614,0.31417,0.26422
2.44,0.26745,0.19055,0.28899,0.3952,0.24312,0.4564,0.21733,0.54351,0.3344,0.71511,0.39841,0.049567,0.18372,0.38368,0.26384,0.55597,0.26511,0.14943,0.32982,0.13174,0.41924,0.44215,0.22157,0.57513,0.085345,0.09408,0.15561,0.11319,0.34134,0.36917,1.2132,0.22837,0.208,0.068057,0.10113,0.072117,0.5037,0.31816,0.26275
2.45,0.26661,0.18874,0.28778,0.39336,0.24282,0.45146,0.21592,0.54512,0.33058,0.71793,0.39649,0.050044,0.18172,0.38151,0.26075,0.54695,0.26602,0.14703,0.32646,0.13135,0.4195,0.43376,0.21996,0.57157,0.083615,0.093878,0.15662,0.11253,0.3381,0.36504,1.2064,0.23396,0.20465,0.067198,0.099922,0.070992,0.50116,0.32161,0.26128
2.46,0.26629,0.18693,0.28653,0.39152,0.24246,0.44654,0.21438,0.54654,0.32678,0.72049,0.39466,0.05049,0.17958,0.38024,0.25776,0.53812,0.26692,0.14463,0.32315,0.13107,0.4196,0.42611,0.21836,0.56796,0.081902,0.093667,0.15746,0.11196,0.33484,0.36104,1.1993,0.23951,0.20218,0.06774,0.098663,0.069828,0.49845,0.32451,0.2598
2.47,0.26614,0.18512,0.28613,0.38967,0.24205,0.44165,0.21271,0.54779,0.323,0.72278,0.39273,0.050924,0.17795,0.37946,0.25482,0.52937,0.26783,0.14222,0.31988,0.13086,0.41953,0.41915,0.21679,0.56484,0.080211,0.093446,0.15809,0.11141,0.33155,0.35706,1.192,0.24492,0.19948,0.068441,0.097363,0.06866,0.49561,0.32685,0.25832
2.48,0.26593,0.1833,0.28669,0.38784,0.24158,0.43681,0.21101,0.5489,0.31926,0.72482,0.39063,0.051366,0.17659,0.37871,0.25191,0.52068,0.26873,0.13979,0.31666,0.13069,0.41928,0.41286,0.21526,0.56235,0.07854,0.093213,0.1585,0.11084,0.32824,0.35309,1.1846,0.25013,0.19657,0.069203,0.096028,0.067517,0.49271,0.32863,0.25684
2.49,0.26566,0.18148,0.28729,0.38604,0.24107,0.43209,0.20919,0.54986,0.3156,0.7266,0.38867,0.051821,0.17516,0.378,0.24909,0.51218,0.26964,0.13735,0.31349,0.13052,0.41885,0.40718,0.21377,0.5598,0.076878,0.09297,0.15866,0.11028,0.32492,0.34922,1.1769,0.25507,0.19571,0.070002,0.094656,0.066431,0.48985,0.32983,0.25537
2.5,0.26535,0.17966,0.28794,0.38426,0.24049,0.42752,0.20726,0.55072,0.31197,0.72811,0.38651,0.05229,0.17366,0.37728,0.24632,0.50376,0.27053,0.13487,0.31036,0.13034,0.41823,0.40207,0.21234,0.55717,0.075216,0.092714,0.15857,0.10971,0.32159,0.34535,1.169,0.25972,0.19693,0.070814,0.093248,0.065431,0.48701,0.33048,0.25392
2.51,0.26497,0.17784,0.28865,0.3825,0.23984,0.42308,0.20528,0.55149,0.30836,0.72934,0.3842,0.05277,0.17208,0.37657,0.24359,0.49543,0.27141,0.13231,0.30726,0.13013,0.41741,0.39747,0.21098,0.55448,0.074144,0.092451,0.15822,0.10912,0.31998,0.34147,1.161,0.26405,0.19755,0.071607,0.091802,0.064538,0.48417,0.33057,0.25248
2.52,0.26454,0.17602,0.28943,0.38076,0.23914,0.41877,0.20323,0.55222,0.30478,0.73031,0.38203,0.053254,0.17044,0.3759,0.24091,0.48727,0.27227,0.12965,0.30423,0.12988,0.41641,0.39332,0.2097,0.55172,0.073062,0.092176,0.1576,0.10851,0.31888,0.33765,1.1527,0.26803,0.19761,0.072346,0.091762,0.063774,0.48134,0.33011,0.25105
2.53,0.26404,0.1742,0.29023,0.37903,0.23837,0.41459,0.20108,0.55292,0.30126,0.73103,0.37966,0.053717,0.16871,0.37522,0.23832,0.47917,0.27312,0.12685,0.30122,0.12959,0.41521,0.38956,0.20851,0.54892,0.071923,0.09189,0.15673,0.10791,0.31774,0.33381,1.1443,0.27168,0.19715,0.072992,0.092256,0.063145,0.47842,0.32912,0.24965
2.54,0.2635,0.17238,0.291,0.37729,0.23755,0.41145,0.19888,0.55359,0.29779,0.73149,0.37709,0.054145,0.16691,0.37452,0.23575,0.47124,0.27395,0.12392,0.29823,0.12924,0.41383,0.38613,0.20743,0.54607,0.070729,0.091591,0.1556,0.1073,0.31656,0.32994,1.1358,0.27502,0.19624,0.073509,0.092758,0.063723,0.47536,0.32761,0.24826
2.55,0.26288,0.17056,0.29165,0.37557,0.23668,0.41658,0.19664,0.55424,0.29434,0.73169,0.37469,0.054513,0.16504,0.37388,0.23322,0.46339,0.27475,0.12084,0.2953,0.12884,0.41226,0.38298,0.20646,0.54317,0.069486,0.091284,0.15423,0.10666,0.31536,0.32642,1.1271,0.27809,0.19493,0.074119,0.093265,0.064861,0.47217,0.32559,0.24689
2.56,0.26222,0.16874,0.29217,0.37385,0.23577,0.42152,0.19433,0.55483,0.29092,0.73165,0.37213,0.0548,0.16312,0.37322,0.23077,0.45569,0.27553,0.11762,0.29238,0.12838,0.41051,0.38005,0.20561,0.54022,0.068203,0.090965,0.15265,0.10602,0.31409,0.32449,1.1183,0.28085,0.19329,0.075114,0.093774,0.065973,0.46881,0.3231,0.24555
2.57,0.26149,0.16693,0.29255,0.37212,0.23483,0.42626,0.19196,0.55533,0.28752,0.73137,0.36939,0.054988,0.16113,0.37253,0.22835,0.44808,0.27627,0.11428,0.28948,0.12786,0.40858,0.37728,0.20486,0.53723,0.066885,0.090635,0.15087,0.10535,0.31283,0.32257,1.1094,0.28332,0.19136,0.076408,0.094287,0.06703,0.46531,0.32016,0.24423
2.58,0.26072,0.16511,0.29278,0.3704,0.23386,0.43079,0.18958,0.55571,0.28418,0.73083,0.36663,0.055065,0.15908,0.3719,0.22597,0.44062,0.277,0.11083,0.28661,0.12729,0.40648,0.37464,0.20423,0.5342,0.065539,0.090292,0.14912,0.10468,0.31151,0.32065,1.1003,0.28548,0.18919,0.077619,0.094802,0.067998,0.46166,0.3168,0.24294
2.59,0.25988,0.16331,0.29287,0.36866,0.23289,0.43508,0.18714,0.556,0.28089,0.73005,0.36391,0.055016,0.15699,0.37124,0.22364,0.43324,0.27769,0.1073,0.28375,0.12667,0.40422,0.37208,0.20372,0.53115,0.064171,0.089942,0.14853,0.10402,0.31017,0.31867,1.0913,0.28733,0.18683,0.078726,0.095321,0.068846,0.45788,0.31303,0.24167
2.6,0.25898,0.1615,0.29282,0.36692,0.23191,0.43913,0.18465,0.55617,0.27762,0.72903,0.36102,0.054854,0.15487,0.37055,0.22137,0.42604,0.27836,0.10371,0.2809,0.126,0.40179,0.36957,0.20335,0.52806,0.062791,0.089579,0.14768,0.10334,0.3088,0.31667,1.0821,0.28885,0.18429,0.079706,0.095843,0.069544,0.45396,0.30888,0.24042
2.61,0.25803,0.1597,0.29263,0.36518,0.23093,0.44294,0.18216,0.55622,0.27438,0.72775,0.35797,0.054572,0.15269,0.36991,0.21912,0.41891,0.27899,0.1018,0.27805,0.12528,0.39922,0.36707,0.20311,0.52494,0.061401,0.089204,0.14657,0.10265,0.30739,0.31466,1.0729,0.29003,0.1816,0.080549,0.096366,0.070057,0.44995,0.30434,0.23919
2.62,0.25702,0.15791,0.29233,0.36341,0.22996,0.44648,0.17963,0.55614,0.27116,0.72627,0.35501,0.054192,0.15048,0.36925,0.2169,0.41196,0.2796,0.10077,0.27522,0.12452,0.3965,0.36457,0.20299,0.5218,0.060011,0.088822,0.14521,0.10195,0.30598,0.31258,1.0636,0.29082,0.17875,0.081247,0.096893,0.070358,0.44583,0.29943,0.23799
2.63,0.25595,0.15612,0.29192,0.36166,0.22898,0.44978,0.17707,0.55596,0.26797,0.72451,0.35199,0.053727,0.14826,0.36854,0.21475,0.40511,0.28018,0.099774,0.27238,0.12373,0.39365,0.36206,0.20298,0.51863,0.058626,0.088427,0.14408,0.10123,0.30452,0.31047,1.0543,0.29122,0.17575,0.081797,0.097424,0.070423,0.44163,0.2942,0.2368
2.64,0.25483,0.15435,0.29144,0.3599,0.228,0.45283,0.1745,0.55569,0.26484,0.72254,0.34882,0.053202,0.146,0.36789,0.21263,0.39839,0.28074,0.098833,0.26953,0.12289,0.39068,0.35952,0.20304,0.51545,0.057256,0.08802,0.14444,0.1005,0.30304,0.30833,1.0449,0.29121,0.17261,0.082199,0.097961,0.070235,0.43734,0.28866,0.23564
2.65,0.25365,0.15259,0.29091,0.35813,0.22701,0.45561,0.17192,0.55537,0.26175,0.72031,0.34551,0.052631,0.14371,0.3672,0.21054,0.39181,0.28127,0.097938,0.26669,0.12202,0.3876,0.35693,0.20317,0.51224,0.055905,0.087607,0.14461,0.099763,0.30154,0.30611,1.0356,0.29082,0.16931,0.082459,0.098506,0.069788,0.43298,0.28284,0.2345
2.66,0.25242,0.15083,0.29031,0.35637,0.22599,0.45815,0.16932,0.55505,0.25868,0.71786,0.34233,0.052042,0.14142,0.36648,0.20848,0.38533,0.28177,0.097087,0.26384,0.12111,0.38441,0.35431,0.20335,0.50902,0.05458,0.087182,0.14462,0.099036,0.30001,0.3039,1.0261,0.29,0.16588,0.082584,0.099058,0.069085,0.42856,0.27676,0.23338
2.67,0.25114,0.14908,0.28963,0.35459,0.22495,0.46044,0.16669,0.55476,0.25564,0.71516,0.33907,0.051443,0.13911,0.36579,0.20647,0.37903,0.28225,0.096282,0.26096,0.12018,0.38113,0.35166,0.20359,0.50578,0.053288,0.086747,0.14447,0.098302,0.29848,0.3016,1.0166,0.28875,0.16232,0.082587,0.099619,0.068142,0.42411,0.27043,0.23227
2.68,0.24982,0.14735,0.28888,0.35282,0.2239,0.46246,0.1641,0.55478,0.25262,0.71225,0.33567,0.050841,0.13677,0.36507,0.20449,0.37284,0.2827,0.095523,0.25808,0.11922,0.37777,0.34899,0.20387,0.50251,0.052034,0.086305,0.14417,0.097558,0.2969,0.29926,1.0071,0.28705,0.15868,0.08248,0.10019,0.066988,0.41964,0.26636,0.23118
2.69,0.24844,0.14562,0.28806,0.35103,0.22283,0.46424,0.16149,0.55478,0.24962,0.70911,0.33214,0.050437,0.13446,0.36432,0.20252,0.36675,0.28313,0.094807,0.25518,0.11824,0.37435,0.3463,0.20419,0.49923,0.050824,0.085851,0.14374,0.096805,0.29532,0.29687,0.99764,0.28492,0.155,0.082279,0.10077,0.0664,0.41515,0.26284,0.23011
2.7,0.24702,0.14389,0.28715,0.34924,0.22176,0.46577,0.15888,0.55463,0.24667,0.70574,0.32874,0.050215,0.13213,0.3636,0.20061,0.36083,0.28355,0.094131,0.25225,0.11724,0.37086,0.34362,0.20456,0.49595,0.050298,0.08539,0.14318,0.096042,0.29372,0.29443,0.9881,0.28238,0.15133,0.081994,0.10136,0.066554,0.41064,0.25917,0.22905
2.71,0.24556,0.14218,0.28615,0.34742,0.2207,0.46704,0.15625,0.55431,0.24377,0.70218,0.32527,0.049983,0.1298,0.36284,0.19873,0.35504,0.28394,0.093498,0.24932,0.11622,0.36733,0.34094,0.20498,0.49264,0.049819,0.08492,0.14251,0.09527,0.29209,0.29194,0.97852,0.27949,0.15225,0.081639,0.10195,0.066624,0.40613,0.25536,0.22801
2.72,0.24405,0.14047,0.28505,0.34559,0.21963,0.46807,0.15366,0.55386,0.24089,0.6984,0.32169,0.049731,0.12749,0.36207,0.19686,0.34936,0.28431,0.092904,0.24636,0.11519,0.36377,0.3383,0.20544,0.48931,0.049341,0.08444,0.14174,0.09449,0.29046,0.28939,0.9689,0.27782,0.1537,0.081227,0.10255,0.066584,0.40162,0.25142,0.22698
2.73,0.24249,0.13877,0.28386,0.34375,0.21855,0.46885,0.15108,0.55326,0.23804,0.69444,0.31801,0.049449,0.12519,0.3613,0.19502,0.3438,0.28467,0.092345,0.24338,0.11415,0.3602,0.33571,0.20593,0.48597,0.048865,0.083955,0.14087,0.093715,0.28881,0.28681,0.95994,0.27687,0.15513,0.080772,0.10316,0.066413,0.39712,0.24738,0.22597
2.74,0.24091,0.13708,0.28256,0.34188,0.21745,0.46939,0.14851,0.5525,0.23522,0.69028,0.31438,0.049129,0.12288,0.36049,0.19323,0.33841,0.28501,0.091824,0.24038,0.11311,0.35661,0.33321,0.20646,0.48262,0.048393,0.083461,0.13992,0.092945,0.28714,0.28416,0.9519,0.27571,0.15649,0.080285,0.10376,0.066097,0.39268,0.24326,0.22497
2.75,0.23929,0.13539,0.28119,0.34,0.21634,0.46968,0.14594,0.55162,0.23242,0.68592,0.31077,0.048761,0.12061,0.35968,0.19145,0.33313,0.28534,0.091335,0.23735,0.11206,0.35302,0.33079,0.20703,0.47926,0.047922,0.082958,0.1389,0.092167,0.28547,0.28147,0.94385,0.27438,0.15773,0.079777,0.10437,0.065637,0.38833,0.23909,0.22398
2.76,0.23763,0.13372,0.27973,0.3381,0.21521,0.46974,0.14338,0.55059,0.23041,0.68139,0.30706,0.048343,0.11834,0.35887,0.18969,0.32797,0.28565,0.090877,0.2343,0.11102,0.34945,0.32848,0.20762,0.47587,0.047454,0.082451,0.13782,0.091383,0.28377,0.27874,0.93581,0.27294,0.15881,0.079253,0.10496,0.065038,0.384,0.23489,0.223
2.77,0.23595,0.13205,0.27818,0.33619,0.21405,0.46961,0.14087,0.54943,0.22911,0.67668,0.30325,0.047867,0.11608,0.35801,0.18796,0.32292,0.28594,0.09045,0.23123,0.10997,0.34694,0.3263,0.20825,0.47248,0.046989,0.081935,0.13668,0.090592,0.28207,0.27594,0.92776,0.27214,0.1597,0.078718,0.10554,0.064315,0.37968,0.23069,0.22204
2.78,0.23424,0.1304,0.27655,0.33426,0.21287,0.46929,0.13837,0.54817,0.22783,0.67178,0.29952,0.047332,0.11385,0.35717,0.18626,0.31802,0.28622,0.090048,0.22815,0.10894,0.34778,0.32426,0.20889,0.46907,0.046526,0.081413,0.13548,0.089801,0.28036,0.27313,0.91971,0.27188,0.16054,0.078175,0.10611,0.063481,0.3754,0.2265,0.22108
2.79,0.23267,0.12875,0.27484,0.33232,0.21167,0.46882,0.1359,0.54678,0.22656,0.66674,0.29579,0.046739,0.11162,0.3563,0.18458,0.31326,0.28648,0.089674,0.22504,0.10918,0.34864,0.32239,0.20955,0.46565,0.046067,0.080886,0.13424,0.089021,0.27863,0.27024,0.91168,0.27159,0.16231,0.077628,0.10666,0.062545,0.37113,0.22234,0.22013
2.8,0.23153,0.12711,0.27304,0.33037,0.21044,0.46825,0.13344,0.54526,0.22529,0.66154,0.29263,0.046093,0.10943,0.35538,0.18291,0.30861,0.28673,0.08932,0.22191,0.1103,0.34946,0.32069,0.21024,0.46221,0.045611,0.080352,0.13295,0.088236,0.27691,0.26734,0.90371,0.27134,0.16387,0.077081,0.10718,0.061511,0.36684,0.2182,0.2192
2.81,0.23038,0.12547,0.27118,0.32842,0.20918,0.46759,0.13101,0.54364,0.22403,0.65617,0.29146,0.045396,0.10725,0.3545,0.18128,0.30408,0.28696,0.088988,0.21877,0.1113,0.35022,0.31917,0.21093,0.45876,0.045159,0.079814,0.1316,0.087477,0.27516,0.26438,0.89574,0.27116,0.16521,0.076533,0.10766,0.060389,0.36255,0.2141,0.21827
2.82,0.22922,0.12385,0.26923,0.32647,0.20789,0.46682,0.12861,0.5419,0.22278,0.65069,0.29023,0.044773,0.10509,0.35357,0.17966,0.29966,0.28718,0.088674,0.21561,0.11219,0.35087,0.31785,0.21163,0.45529,0.044712,0.07927,0.13022,0.087262,0.27342,0.26137,0.88777,0.27113,0.16633,0.075987,0.10812,0.059191,0.35828,0.21002,0.21736
2.83,0.22805,0.12223,0.26722,0.32451,0.20658,0.46593,0.12625,0.54004,0.22153,0.64507,0.28893,0.044752,0.10297,0.35262,0.17806,0.29535,0.28737,0.088377,0.21243,0.11296,0.35138,0.31673,0.21233,0.45182,0.044268,0.078721,0.12956,0.08703,0.27166,0.25834,0.87982,0.27129,0.16722,0.075441,0.10853,0.057928,0.35404,0.20597,0.21645
2.84,0.22688,0.12063,0.26514,0.32256,0.20526,0.46491,0.12393,0.53806,0.22029,0.64169,0.28766,0.044658,0.10087,0.35168,0.17647,0.29118,0.28754,0.088093,0.20926,0.11363,0.35173,0.31581,0.21303,0.44831,0.04383,0.078169,0.12882,0.086901,0.2699,0.25525,0.87188,0.27169,0.16791,0.074894,0.10889,0.056618,0.34978,0.20196,0.21555
2.85,0.22571,0.11903,0.26301,0.32061,0.2039,0.46373,0.12164,0.53597,0.21905,0.6393,0.2864,0.044496,0.098798,0.35069,0.17492,0.28714,0.2877,0.087821,0.20607,0.11419,0.35188,0.31509,0.21372,0.4448,0.043397,0.077614,0.12793,0.086835,0.26814,0.25214,0.86394,0.27238,0.1684,0.074343,0.10921,0.056664,0.3455,0.198,0.21466
2.86,0.22453,0.11744,0.26083,0.31867,0.20253,0.46237,0.11938,0.53376,0.21782,0.63659,0.28508,0.04471,0.096759,0.34971,0.17338,0.2832,0.28784,0.087711,0.20287,0.11468,0.35308,0.31457,0.2144,0.44126,0.042968,0.077054,0.1269,0.086751,0.26637,0.24899,0.85608,0.27339,0.1687,0.073784,0.10947,0.056752,0.3412,0.19445,0.21378
2.87,0.22334,0.11586,0.25862,0.31674,0.20114,0.46082,0.11806,0.53144,0.2166,0.63359,0.28371,0.04489,0.094755,0.3487,0.17185,0.27938,0.28796,0.087635,0.19967,0.11507,0.35435,0.31426,0.21506,0.43772,0.042544,0.076491,0.12572,0.08667,0.2646,0.24578,0.84824,0.27475,0.16884,0.073215,0.10967,0.056771,0.33687,0.19143,0.21291
2.88,0.22215,0.11428,0.25637,0.31483,0.19973,0.45908,0.11724,0.529,0.21538,0.63031,0.28228,0.044984,0.092785,0.34765,0.17033,0.27566,0.28806,0.087555,0.19648,0.11538,0.35522,0.31413,0.21571,0.43415,0.042126,0.075928,0.12441,0.08657,0.26282,0.24258,0.84041,0.27648,0.16883,0.072634,0.10981,0.056722,0.33251,0.18841,0.21205
2.89,0.22097,0.11272,0.2541,0.31292,0.19831,0.45984,0.1164,0.52645,0.21417,0.62677,0.28079,0.044992,0.091168,0.34662,0.16885,0.27205,0.28813,0.087469,0.19329,0.11562,0.3557,0.31419,0.21633,0.43057,0.041711,0.075361,0.12295,0.086451,0.26104,0.23931,0.8326,0.27856,0.16869,0.072037,0.10989,0.056606,0.32812,0.1854,0.21119
2.9,0.21978,0.11117,0.25183,0.31103,0.19688,0.46158,0.11554,0.52379,0.21296,0.62297,0.27925,0.045246,0.090077,0.34556,0.16737,0.26854,0.28819,0.087375,0.19009,0.11578,0.35578,0.31441,0.21691,0.42696,0.041302,0.074792,0.12134,0.086318,0.25926,0.23602,0.82479,0.28101,0.16844,0.071421,0.1099,0.056428,0.3237,0.18241,0.21034
2.91,0.21859,0.10963,0.24961,0.30914,0.19565,0.46323,0.11465,0.52103,0.21176,0.61894,0.27766,0.04589,0.088996,0.34447,0.1659,0.26514,0.28823,0.087269,0.18691,0.11588,0.35546,0.31479,0.21746,0.42334,0.040897,0.074222,0.11958,0.086187,0.25748,0.2327,0.817,0.28381,0.1681,0.070783,0.10985,0.05619,0.31927,0.17944,0.20951
2.92,0.2174,0.10809,0.24747,0.30727,0.19442,0.46471,0.11377,0.51816,0.21057,0.61469,0.27603,0.046551,0.08793,0.34338,0.16445,0.26183,0.28825,0.087149,0.18374,0.11593,0.35475,0.31531,0.21816,0.41971,0.040499,0.073652,0.11767,0.086038,0.25569,0.22933,0.80928,0.28692,0.16769,0.070123,0.10972,0.055896,0.31482,0.17649,0.20868
2.93,0.21622,0.10657,0.24541,0.3054,0.1932,0.46603,0.11288,0.5152,0.20939,0.61022,0.27449,0.047234,0.086867,0.34225,0.16302,0.25863,0.28826,0.087011,0.18059,0.11592,0.35368,0.31595,0.21915,0.41604,0.040107,0.073081,0.11562,0.085873,0.25391,0.22595,0.80155,0.29033,0.16722,0.069436,0.10952,0.055548,0.31193,0.17357,0.20786
2.94,0.21504,0.10505,0.24336,0.30354,0.192,0.46717,0.11197,0.51214,0.20821,0.60555,0.2729,0.047936,0.085809,0.34112,0.1616,0.25554,0.28825,0.086853,0.17745,0.11586,0.35226,0.3167,0.22009,0.41238,0.039728,0.07251,0.11342,0.085692,0.25212,0.2225,0.79382,0.29398,0.16669,0.068725,0.10923,0.055152,0.30913,0.17068,0.20705
2.95,0.21386,0.10354,0.24132,0.30169,0.1908,0.46811,0.11104,0.50899,0.20704,0.60068,0.27127,0.048658,0.084757,0.33997,0.16018,0.25254,0.28822,0.086674,0.17433,0.11576,0.3505,0.31755,0.22099,0.40868,0.039381,0.071939,0.11107,0.085516,0.25034,0.21906,0.78608,0.29784,0.16614,0.067987,0.10887,0.054713,0.30639,0.16783,0.20625
2.96,0.21268,0.10205,0.23927,0.29983,0.18961,0.46884,0.1101,0.50575,0.20587,0.59562,0.2696,0.049404,0.083711,0.33879,0.15879,0.24963,0.28817,0.086472,0.17123,0.11562,0.34842,0.31847,0.22184,0.40497,0.039046,0.071368,0.10859,0.085325,0.24856,0.21556,0.77842,0.30185,0.16556,0.067223,0.10851,0.054231,0.30373,0.16502,0.20552
2.97,0.21151,0.10057,0.23722,0.29798,0.18842,0.46937,0.10915,0.50242,0.20471,0.59037,0.26789,0.050174,0.082674,0.33762,0.15741,0.24681,0.28811,0.086248,0.16816,0.11546,0.34603,0.31943,0.22268,0.40124,0.038753,0.070799,0.10598,0.085118,0.24677,0.21205,0.77076,0.30596,0.16496,0.066436,0.10827,0.053716,0.30149,0.16225,0.20501
2.98,0.21034,0.099092,0.23518,0.29611,0.18724,0.46965,0.10819,0.49902,0.20356,0.58494,0.26613,0.050968,0.081654,0.33641,0.15603,0.24408,0.28803,0.086,0.16513,0.11525,0.34335,0.32042,0.22354,0.3975,0.038713,0.070231,0.10324,0.084895,0.24499,0.20849,0.76309,0.31012,0.16434,0.065629,0.10796,0.053166,0.29947,0.15953,0.20451
2.99,0.20918,0.097632,0.23314,0.29424,0.18606,0.46973,0.10722,0.49553,0.20241,0.57936,0.26434,0.051788,0.080649,0.33519,0.15466,0.24142,0.28794,0.085728,0.16213,0.11503,0.34038,0.32144,0.22444,0.39373,0.038772,0.069666,0.10038,0.08467,0.24321,0.2049,0.75543,0.31429,0.16372,0.065216,0.10758,0.052591,0.29752,0.15684,0.20402
3,0.20802,0.096179,0.23111,0.29237,0.18488,0.46958,0.10626,0.49197,0.20127,0.57364,0.26252,0.052628,0.079654,0.33396,0.15332,0.23885,0.28784,0.085432,0.15915,0.11477,0.34052,0.32244,0.22538,0.38997,0.038835,0.069103,0.097954,0.08444,0.24144,0.2013,0.74784,0.31842,0.16309,0.065395,0.10713,0.05199,0.29563,0.15421,0.20354
3.01,0.20686,0.094736,0.22909,0.29048,0.1837,0.46966,0.1053,0.48834,0.20014,0.56782,0.26068,0.053492,0.078669,0.33268,0.15198,0.23635,0.28773,0.085115,0.15622,0.1145,0.34161,0.32341,0.22634,0.38618,0.0389,0.068543,0.097026,0.084197,0.23966,0.19764,0.74023,0.32249,0.16245,0.065592,0.10661,0.051373,0.29378,0.15162,0.20307
3.02,0.20571,0.093306,0.22709,0.28858,0.18252,0.4701,0.10433,0.48465,0.19903,0.56189,0.25891,0.054374,0.077696,0.33143,0.15065,0.23393,0.2876,0.084776,0.15332,0.1142,0.34241,0.32435,0.22734,0.38314,0.038965,0.067987,0.096021,0.083939,0.23789,0.19399,0.73259,0.32643,0.1618,0.065815,0.10605,0.050739,0.29198,0.14907,0.20262
3.03,0.20456,0.091889,0.22511,0.28666,0.18133,0.4704,0.10335,0.4809,0.19793,0.55586,0.25711,0.055268,0.076734,0.33014,0.14932,0.23159,0.28746,0.084418,0.15047,0.11387,0.34293,0.32521,0.22833,0.38101,0.039032,0.067435,0.094937,0.083669,0.23613,0.1903,0.72504,0.33021,0.16115,0.066075,0.10545,0.050098,0.29021,0.14676,0.20225
3.04,0.20341,0.090481,0.22313,0.28474,0.18014,0.47056,0.10238,0.47712,0.19683,0.54974,0.25527,0.05617,0.075784,0.32883,0.14801,0.22931,0.28732,0.084046,0.14766,0.11353,0.34316,0.32601,0.22929,0.37887,0.039104,0.066889,0.093781,0.083385,0.23436,0.18658,0.71746,0.33383,0.1605,0.066379,0.10482,0.049998,0.28847,0.1451,0.20198
3.05,0.20226,0.089082,0.22116,0.2828,0.17895,0.4706,0.1014,0.47329,0.19574,0.54353,0.25341,0.057075,0.074847,0.32752,0.14671,0.2271,0.28717,0.083663,0.14489,0.11316,0.34313,0.3267,0.23019,0.37674,0.039185,0.06635,0.092555,0.083101,0.2326,0.18286,0.70986,0.33724,0.15986,0.066731,0.10416,0.05049,0.28677,0.14348,0.20175
3.06,0.20112,0.0877,0.21919,0.28086,0.17775,0.4705,0.10043,0.46943,0.19466,0.53858,0.25152,0.057975,0.073933,0.32617,0.14541,0.22495,0.28701,0.08328,0.14218,0.11277,0.34281,0.32729,0.23102,0.3746,0.039283,0.065821,0.091268,0.082813,0.23085,0.17912,0.70234,0.34043,0.15922,0.067133,0.10347,0.050991,0.2851,0.14188,0.20153
3.07,0.19998,0.086329,0.21724,0.27891,0.17656,0.47027,0.099449,0.46556,0.19358,0.53557,0.24961,0.058865,0.073032,0.32483,0.14412,0.22288,0.28685,0.082923,0.13951,0.11236,0.34224,0.32775,0.23177,0.37245,0.039403,0.065449,0.089924,0.082513,0.22909,0.17746,0.69475,0.34339,0.15859,0.067586,0.10292,0.051502,0.28347,0.14031,0.20133
3.08,0.19884,0.084968,0.21532,0.27695,0.17536,0.46992,0.098474,0.46165,0.1925,0.53256,0.24766,0.059739,0.072145,0.32346,0.14285,0.22087,0.28668,0.082588,0.1369,0.11193,0.34139,0.32808,0.23244,0.37031,0.039544,0.065328,0.089171,0.082201,0.22735,0.1765,0.68722,0.3461,0.15794,0.068089,0.10254,0.052024,0.28186,0.13877,0.20113
3.09,0.19771,0.083618,0.21341,0.27498,0.17416,0.46945,0.097507,0.45773,0.19144,0.52954,0.2457,0.060591,0.071272,0.32206,0.14158,0.21892,0.2865,0.082258,0.13434,0.11147,0.34028,0.32825,0.23305,0.36816,0.039697,0.06518,0.088753,0.081879,0.22561,0.1755,0.67967,0.34853,0.15726,0.068635,0.10193,0.052553,0.28029,0.13727,0.20094
3.1,0.19658,0.082283,0.2115,0.273,0.17296,0.46885,0.096552,0.4538,0.19038,0.52651,0.24375,0.061414,0.070414,0.32068,0.14032,0.21702,0.28632,0.08193,0.13183,0.11099,0.33891,0.32827,0.23359,0.36602,0.039858,0.065011,0.088271,0.081545,0.22388,0.17446,0.67212,0.35066,0.15707,0.069218,0.10109,0.053087,0.27874,0.13579,0.20074
3.11,0.19545,0.080962,0.20957,0.27103,0.17175,0.46815,0.095601,0.44985,0.18932,0.52345,0.24185,0.062205,0.069569,0.31925,0.13906,0.21518,0.28613,0.08162,0.12937,0.11049,0.33728,0.32812,0.23409,0.36388,0.040019,0.064818,0.087723,0.081201,0.22215,0.17337,0.66457,0.35243,0.15725,0.06983,0.10004,0.053623,0.27722,0.13434,0.20054
3.12,0.19432,0.079652,0.20762,0.26905,0.17055,0.46733,0.094655,0.44589,0.18827,0.52035,0.23993,0.06296,0.06874,0.31783,0.13782,0.21338,0.28594,0.081345,0.12697,0.10997,0.33539,0.32778,0.23458,0.36174,0.040177,0.064604,0.087109,0.080852,0.22043,0.17226,0.65703,0.35383,0.15714,0.070459,0.098799,0.054156,0.27572,0.13291,0.20034
3.13,0.1932,0.078354,0.20567,0.26707,0.16935,0.46641,0.093714,0.44191,0.18723,0.51721,0.23798,0.063676,0.067925,0.31639,0.13658,0.21164,0.28574,0.081078,0.12569,0.10942,0.33324,0.32727,0.23507,0.35959,0.040327,0.064371,0.086427,0.080507,0.21872,0.17108,0.64946,0.35486,0.15675,0.071097,0.097704,0.054684,0.27425,0.13151,0.20014
3.14,0.19208,0.077068,0.20371,0.26509,0.16815,0.46538,0.092779,0.43792,0.1862,0.51403,0.23602,0.064352,0.067125,0.31491,0.13535,0.20994,0.28553,0.080806,0.12445,0.10884,0.33083,0.32657,0.23556,0.35745,0.040469,0.064121,0.085682,0.080152,0.21701,0.1699,0.64194,0.35551,0.15611,0.071729,0.096846,0.055203,0.2728,0.13014,0.19993
3.15,0.19097,0.075798,0.20173,0.26312,0.16695,0.46424,0.091851,0.43393,0.18517,0.51078,0.23404,0.064993,0.066345,0.31346,0.13477,0.20828,0.28531,0.080523,0.12324,0.10824,0.32819,0.32567,0.23605,0.35531,0.040602,0.063857,0.084878,0.079787,0.21532,0.16865,0.63435,0.35578,0.15522,0.072343,0.096013,0.05571,0.27138,0.12878,0.19972
3.16,0.18986,0.074541,0.19975,0.26116,0.16576,0.463,0.090931,0.42993,0.18414,0.50749,0.23204,0.065595,0.065582,0.31197,0.13421,0.20666,0.28509,0.080226,0.12204,0.10761,0.32529,0.32456,0.23651,0.35317,0.040724,0.063581,0.084023,0.079413,0.21363,0.16738,0.62686,0.35566,0.1541,0.072926,0.095197,0.056202,0.26998,0.12744,0.19952
3.17,0.18875,0.073297,0.19776,0.25921,0.16457,0.46166,0.090019,0.42591,0.18313,0.50414,0.23003,0.066158,0.064833,0.31047,0.13365,0.20508,0.28487,0.079912,0.12086,0.10696,0.32217,0.32327,0.23693,0.35103,0.040835,0.063295,0.083128,0.079031,0.21195,0.16607,0.6193,0.35516,0.15278,0.073467,0.094391,0.056679,0.2686,0.12613,0.19931
3.18,0.18765,0.072066,0.19575,0.25728,0.16338,0.46022,0.089116,0.42189,0.18212,0.50072,0.22801,0.066685,0.0641,0.30897,0.1331,0.20354,0.28464,0.079579,0.11967,0.10627,0.31882,0.32176,0.2373,0.3489,0.040931,0.062999,0.082211,0.07864,0.21028,0.16472,0.61179,0.35429,0.15127,0.073956,0.093595,0.057139,0.26724,0.12483,0.19911
3.19,0.18656,0.070847,0.19374,0.25536,0.1622,0.45868,0.088222,0.41786,0.18111,0.49722,0.22603,0.067187,0.063382,0.30743,0.13255,0.20245,0.2844,0.079225,0.11849,0.1056,0.31525,0.32005,0.23759,0.34677,0.041013,0.062695,0.081276,0.078242,0.20862,0.16334,0.60429,0.35312,0.14959,0.074383,0.092814,0.057581,0.2659,0.12354,0.19891
3.2,0.18547,0.069642,0.19171,0.25386,0.16102,0.45704,0.087338,0.41436,0.18011,0.49365,0.22408,0.06766,0.062679,0.30591,0.13201,0.20339,0.28416,0.078847,0.11731,0.10508,0.31148,0.31814,0.2378,0.34464,0.041078,0.06238,0.080319,0.077842,0.20696,0.16191,0.59674,0.35168,0.14777,0.074742,0.092051,0.058005,0.26458,0.12227,0.19871
3.21,0.18439,0.068891,0.18967,0.25282,0.15985,0.45529,0.086465,0.41266,0.17912,0.49,0.22211,0.068109,0.061991,0.30436,0.13147,0.2043,0.28391,0.078619,0.11614,0.10452,0.30751,0.31603,0.23792,0.34251,0.041125,0.062054,0.079337,0.077444,0.20532,0.16047,0.58931,0.35001,0.14584,0.075029,0.091313,0.058412,0.26328,0.12101,0.19853
3.22,0.18332,0.068704,0.18762,0.25178,0.15869,0.45345,0.085602,0.41091,0.17813,0.48628,0.22012,0.068537,0.061318,0.30279,0.13094,0.20519,0.28365,0.078614,0.11497,0.10392,0.30336,0.31371,0.23795,0.34039,0.041156,0.061714,0.078321,0.077039,0.20368,0.15899,0.58184,0.3481,0.14382,0.075241,0.090605,0.058799,0.26199,0.11976,0.19836
3.23,0.18226,0.068517,0.18555,0.25073,0.15753,0.45152,0.08475,0.40912,0.17715,0.48248,0.21813,0.068954,0.06066,0.30124,0.13041,0.20608,0.28339,0.07857,0.1138,0.10327,0.29924,0.3112,0.2379,0.33827,0.041168,0.06136,0.077265,0.076627,0.20206,0.15747,0.57437,0.34594,0.14173,0.075379,0.090117,0.059167,0.26072,0.11852,0.19819
3.24,0.18121,0.06833,0.18347,0.24967,0.15639,0.4495,0.083911,0.40729,0.17618,0.4786,0.21613,0.069357,0.060017,0.29965,0.12989,0.20694,0.28311,0.078489,0.11264,0.10258,0.30048,0.30848,0.23776,0.33615,0.041159,0.060993,0.076164,0.076209,0.20045,0.15593,0.56698,0.34359,0.13962,0.075874,0.089949,0.059515,0.25946,0.11729,0.19805
3.25,0.18017,0.068144,0.18138,0.2486,0.15526,0.4474,0.083089,0.40542,0.17521,0.47464,0.21413,0.069748,0.059388,0.29807,0.12938,0.20778,0.28282,0.07837,0.11148,0.10184,0.30255,0.30559,0.23754,0.33403,0.041393,0.060609,0.075016,0.075783,0.19885,0.15517,0.55957,0.34105,0.1375,0.07634,0.089782,0.059842,0.25822,0.11607,0.19793
3.26,0.17915,0.067957,0.17928,0.24754,0.15415,0.44523,0.082278,0.40352,0.17424,0.47059,0.21211,0.070132,0.058774,0.29647,0.12887,0.20859,0.28252,0.078218,0.11033,0.10106,0.30509,0.30251,0.23723,0.33192,0.041715,0.06021,0.073821,0.075352,0.19726,0.15501,0.55217,0.33834,0.13542,0.076775,0.089628,0.060146,0.257,0.11486,0.19789
3.27,0.17814,0.06777,0.17718,0.24646,0.15304,0.44298,0.081479,0.40158,0.17329,0.46645,0.21009,0.070512,0.058175,0.29486,0.12836,0.20938,0.2822,0.078081,0.10918,0.10024,0.30766,0.29924,0.23683,0.32981,0.042022,0.059797,0.072583,0.074914,0.19568,0.15481,0.54487,0.33547,0.13341,0.077188,0.089489,0.060423,0.25578,0.11365,0.1979
3.28,0.17714,0.067582,0.17508,0.24539,0.15195,0.44066,0.080692,0.3996,0.17234,0.46223,0.20812,0.070885,0.057593,0.29325,0.12785,0.21015,0.28188,0.078436,0.10805,0.099381,0.31026,0.2958,0.23634,0.32771,0.042314,0.059368,0.071299,0.074472,0.19412,0.15458,0.53755,0.33242,0.13148,0.077589,0.089374,0.060672,0.25458,0.11245,0.19794
3.29,0.17615,0.067392,0.17298,0.2443,0.15087,0.43829,0.079918,0.39758,0.17139,0.45791,0.20616,0.071248,0.057025,0.29162,0.12735,0.2109,0.28352,0.078738,0.10692,0.09848,0.31288,0.29219,0.23576,0.32562,0.042589,0.058923,0.069976,0.074037,0.19257,0.15435,0.53024,0.3292,0.12968,0.07799,0.089286,0.060888,0.25339,0.11126,0.19798
3.3,0.17517,0.067202,0.17088,0.24322,0.14981,0.43584,0.079156,0.39554,0.17046,0.4535,0.2042,0.07161,0.056471,0.29,0.12685,0.21163,0.28506,0.078995,0.10581,0.097542,0.31553,0.28842,0.23509,0.32352,0.042848,0.058465,0.068612,0.073598,0.19104,0.15408,0.52302,0.32582,0.12803,0.078398,0.089231,0.061068,0.25221,0.11007,0.19805
3.31,0.1742,0.067011,0.16878,0.24212,0.14876,0.43333,0.078406,0.39347,0.16954,0.449,0.20224,0.071961,0.055931,0.28835,0.12636,0.21234,0.28644,0.079229,0.1047,0.096569,0.3182,0.28449,0.23433,0.32144,0.043091,0.057991,0.067212,0.073153,0.18951,0.15378,0.51583,0.32233,0.12654,0.078825,0.089215,0.061208,0.25104,0.10888,0.19813
3.32,0.17324,0.066819,0.16669,0.24103,0.14772,0.43076,0.07767,0.39136,0.16862,0.44441,0.20027,0.072299,0.055404,0.2867,0.12586,0.21301,0.28767,0.079456,0.10361,0.095564,0.32088,0.28043,0.23347,0.31935,0.043317,0.057502,0.065779,0.072703,0.18801,0.15346,0.50865,0.31876,0.12525,0.079281,0.08924,0.061304,0.24989,0.1077,0.19822
3.33,0.1723,0.066627,0.16459,0.23993,0.14668,0.42814,0.076946,0.38922,0.16771,0.43972,0.19831,0.07263,0.05489,0.28506,0.12537,0.21366,0.28875,0.079661,0.10253,0.094528,0.32358,0.27623,0.23253,0.31727,0.043526,0.057001,0.064319,0.072248,0.18652,0.15312,0.5015,0.31511,0.12414,0.079775,0.089311,0.061354,0.24875,0.10652,0.19833
3.34,0.17138,0.066433,0.16249,0.23882,0.14566,0.42546,0.076236,0.38705,0.16681,0.43495,0.19634,0.072945,0.05439,0.28338,0.12488,0.21428,0.28969,0.079832,0.10146,0.093465,0.32629,0.2719,0.23271,0.31519,0.043718,0.056485,0.062832,0.071789,0.18504,0.15275,0.49446,0.31141,0.12325,0.080315,0.08943,0.061355,0.2476,0.10534,0.19845
3.35,0.17049,0.066239,0.16039,0.23772,0.14465,0.42271,0.075538,0.38485,0.16591,0.43007,0.19437,0.073241,0.053902,0.28173,0.1244,0.21488,0.29049,0.079959,0.1004,0.092378,0.32901,0.26745,0.23417,0.31312,0.043893,0.055956,0.061324,0.071326,0.18358,0.15236,0.48744,0.30767,0.12255,0.080908,0.089601,0.061304,0.24648,0.10417,0.19858
3.36,0.16962,0.066044,0.1583,0.2366,0.14365,0.41992,0.074854,0.38262,0.16501,0.42512,0.1924,0.073526,0.053427,0.28006,0.12392,0.21544,0.29117,0.080044,0.099361,0.091272,0.33174,0.26289,0.23547,0.31106,0.044051,0.055689,0.0598,0.070859,0.18214,0.15195,0.48045,0.3039,0.12206,0.08156,0.089825,0.0612,0.24536,0.103,0.19873
3.37,0.16878,0.066216,0.15622,0.2355,0.14265,0.41707,0.074182,0.38038,0.16412,0.42007,0.19043,0.073789,0.052964,0.27839,0.12345,0.21598,0.29173,0.080084,0.098335,0.090149,0.33447,0.26094,0.23661,0.309,0.044191,0.055466,0.058263,0.070391,0.1807,0.15152,0.47348,0.30008,0.12176,0.082274,0.090105,0.061042,0.24425,0.10183,0.19888
3.38,0.16796,0.066422,0.15415,0.23438,0.14167,0.41416,0.073524,0.3781,0.16324,0.41574,0.18852,0.074222,0.052514,0.27671,0.12298,0.21648,0.29216,0.080079,0.097322,0.089011,0.33719,0.26017,0.23759,0.30694,0.044314,0.055242,0.056717,0.069929,0.17928,0.15106,0.46664,0.29626,0.12163,0.083054,0.090441,0.060831,0.24315,0.10066,0.19906
3.39,0.16717,0.066607,0.15209,0.23326,0.14069,0.41121,0.072879,0.37579,0.16236,0.41279,0.18662,0.074656,0.052075,0.27503,0.12251,0.21695,0.29249,0.080031,0.096325,0.088432,0.33992,0.25924,0.23839,0.30489,0.044419,0.055018,0.055166,0.069464,0.17787,0.15059,0.45984,0.29242,0.12167,0.083899,0.090834,0.060567,0.24205,0.099485,0.19924
3.4,0.16638,0.066771,0.15005,0.23214,0.13972,0.4082,0.072247,0.37347,0.16149,0.40983,0.18472,0.075083,0.051648,0.27335,0.12204,0.21738,0.29271,0.07994,0.095346,0.088317,0.34264,0.25816,0.23903,0.30284,0.044509,0.054795,0.053664,0.068994,0.17647,0.15009,0.45307,0.28858,0.12184,0.08481,0.091283,0.060253,0.24097,0.098318,0.19945
3.41,0.1656,0.066924,0.14801,0.23102,0.13876,0.40513,0.071628,0.37112,0.16062,0.40686,0.18282,0.0755,0.051233,0.27165,0.12158,0.21778,0.29293,0.079806,0.094382,0.08819,0.34535,0.25692,0.23949,0.30079,0.044581,0.054573,0.053692,0.068522,0.17508,0.14957,0.44635,0.28475,0.12213,0.085784,0.09179,0.05989,0.23989,0.097152,0.19967
3.42,0.16483,0.067095,0.14669,0.22989,0.1378,0.40201,0.071022,0.36875,0.15976,0.40388,0.18092,0.07591,0.050828,0.26998,0.12111,0.21813,0.29449,0.079631,0.093433,0.08805,0.34804,0.25553,0.23979,0.29875,0.044637,0.054348,0.053696,0.068047,0.1737,0.14904,0.43972,0.28095,0.12252,0.086817,0.092352,0.059482,0.23881,0.095987,0.19991
3.43,0.16406,0.067273,0.14582,0.22877,0.13686,0.39884,0.070429,0.36636,0.15891,0.40088,0.17903,0.076319,0.050434,0.26827,0.12065,0.21845,0.29592,0.079416,0.092499,0.087899,0.35073,0.254,0.24,0.29671,0.044676,0.054118,0.053675,0.067569,0.17233,0.14849,0.43317,0.27719,0.12298,0.087904,0.092968,0.059034,0.23774,0.094824,0.20018
3.44,0.1633,0.06745,0.14495,0.22764,0.13592,0.39562,0.069849,0.36394,0.15806,0.39787,0.17714,0.076727,0.050051,0.26659,0.12019,0.21873,0.29721,0.079162,0.09158,0.087736,0.3534,0.25232,0.24026,0.29468,0.044701,0.053883,0.05363,0.067088,0.17097,0.14791,0.42666,0.27346,0.1235,0.089039,0.093635,0.058549,0.23668,0.095156,0.20049
3.45,0.16254,0.067623,0.14408,0.22651,0.13499,0.39235,0.069281,0.36151,0.15721,0.39485,0.17526,0.077138,0.049679,0.26489,0.11973,0.21897,0.29836,0.078874,0.090682,0.087564,0.35605,0.25051,0.24039,0.29266,0.044711,0.053642,0.05356,0.066605,0.16962,0.14733,0.42021,0.26977,0.12405,0.090217,0.094353,0.058034,0.23562,0.095594,0.20082
3.46,0.16177,0.067791,0.14321,0.22538,0.13407,0.38904,0.068726,0.35906,0.15665,0.39181,0.17338,0.077556,0.049316,0.2632,0.11927,0.21917,0.29935,0.078553,0.089798,0.087382,0.35868,0.24856,0.24039,0.29063,0.044709,0.053394,0.053466,0.066119,0.16828,0.14673,0.41383,0.26612,0.12462,0.09143,0.095116,0.057494,0.23457,0.095976,0.20117
3.47,0.16101,0.067949,0.14233,0.22425,0.13316,0.38568,0.068183,0.35659,0.15644,0.38876,0.17151,0.077985,0.048963,0.2615,0.11881,0.21933,0.30018,0.078205,0.08893,0.087191,0.36128,0.24649,0.24027,0.28862,0.044693,0.053141,0.053347,0.065639,0.16694,0.1461,0.40792,0.26252,0.12519,0.09267,0.095924,0.056936,0.23352,0.096306,0.20155
3.48,0.16025,0.068089,0.14146,0.22312,0.13226,0.38228,0.067653,0.35411,0.15615,0.38569,0.16967,0.078431,0.04862,0.2598,0.11837,0.21944,0.30086,0.07783,0.088078,0.086992,0.36386,0.24429,0.24003,0.2866,0.044667,0.05288,0.053206,0.06516,0.16562,0.14547,0.40323,0.25897,0.12577,0.094096,0.096773,0.056367,0.23248,0.096585,0.20195
3.49,0.15948,0.068207,0.14057,0.22199,0.13137,0.37884,0.067135,0.3516,0.15584,0.38261,0.16785,0.078896,0.048285,0.2581,0.11792,0.2195,0.30138,0.077432,0.087241,0.086785,0.36642,0.24197,0.23967,0.2846,0.044628,0.052614,0.053041,0.06468,0.1643,0.14483,0.39861,0.25548,0.12632,0.09557,0.097658,0.055793,0.23144,0.096817,0.20237
3.5,0.15872,0.068303,0.13969,0.22086,0.13049,0.37536,0.066629,0.34909,0.15546,0.37952,0.16605,0.079382,0.04796,0.25639,0.11747,0.21951,0.30175,0.077016,0.086419,0.086572,0.36894,0.23954,0.23921,0.28259,0.044579,0.052341,0.052853,0.064197,0.163,0.14416,0.39402,0.25205,0.12687,0.097062,0.098578,0.055221,0.2304,0.097003,0.20281
3.51,0.15795,0.068377,0.13881,0.21973,0.12962,0.37185,0.066135,0.34657,0.15504,0.37642,0.16425,0.079893,0.047643,0.2547,0.11703,0.21946,0.30197,0.076585,0.085614,0.086354,0.37143,0.237,0.23866,0.2806,0.044519,0.052062,0.052643,0.063713,0.1617,0.14349,0.38946,0.24869,0.12741,0.098565,0.099527,0.054658,0.22937,0.097147,0.20328
3.52,0.15719,0.068431,0.13792,0.2186,0.12876,0.36832,0.065652,0.34403,0.15458,0.37331,0.16246,0.080428,0.047335,0.25298,0.11658,0.21936,0.30203,0.076139,0.084826,0.086133,0.3739,0.23437,0.23803,0.27861,0.044447,0.051777,0.052412,0.063228,0.16041,0.1428,0.38492,0.2454,0.12794,0.10007,0.1005,0.054109,0.22833,0.097251,0.20376
3.53,0.15642,0.068464,0.13703,0.21747,0.12791,0.36476,0.065181,0.34148,0.15406,0.37019,0.16067,0.080989,0.047036,0.25129,0.11614,0.2192,0.30195,0.075678,0.084052,0.08591,0.37633,0.23164,0.23732,0.27663,0.044363,0.051487,0.05216,0.062741,0.15913,0.1421,0.38041,0.24217,0.12847,0.10157,0.1015,0.053581,0.2273,0.097318,0.20427
3.54,0.15565,0.068475,0.13614,0.21634,0.12706,0.36119,0.064721,0.33892,0.15352,0.36707,0.1589,0.081578,0.046745,0.24959,0.1157,0.21899,0.30172,0.0752,0.083293,0.085687,0.37872,0.22881,0.23655,0.27465,0.044268,0.051192,0.051888,0.062253,0.15785,0.14139,0.37597,0.239,0.12901,0.10306,0.10251,0.053078,0.22627,0.097353,0.2048
3.55,0.15487,0.068465,0.13524,0.21521,0.12623,0.35759,0.064272,0.33636,0.15295,0.36394,0.15713,0.082191,0.046462,0.2479,0.11526,0.21871,0.30135,0.074707,0.082549,0.085468,0.38109,0.22591,0.23571,0.27268,0.044256,0.050893,0.051597,0.061763,0.15659,0.14067,0.37156,0.23588,0.13039,0.10453,0.10353,0.052605,0.22524,0.097357,0.20534
3.56,0.1541,0.068438,0.13435,0.21408,0.12541,0.35399,0.063835,0.33379,0.15235,0.3608,0.15537,0.082822,0.046186,0.2462,0.11482,0.21837,0.30085,0.074201,0.081818,0.085256,0.38341,0.22293,0.23479,0.27071,0.044342,0.050589,0.051286,0.061273,0.15533,0.13994,0.36718,0.23281,0.13213,0.10598,0.10455,0.052165,0.22421,0.097337,0.20589
3.57,0.15332,0.068391,0.13345,0.21295,0.1246,0.35037,0.063408,0.33121,0.15173,0.35766,0.15362,0.083466,0.045917,0.24452,0.11438,0.21796,0.30117,0.073686,0.081102,0.085051,0.38571,0.21988,0.23378,0.26875,0.044415,0.050282,0.050958,0.060783,0.15407,0.1392,0.36284,0.2298,0.13386,0.1074,0.10558,0.051759,0.22319,0.097293,0.20646
3.58,0.15254,0.068324,0.13255,0.21182,0.12381,0.34676,0.062991,0.32862,0.15112,0.35452,0.15188,0.084117,0.045655,0.24283,0.11394,0.2175,0.30166,0.073163,0.080399,0.08485,0.38797,0.21676,0.2327,0.2668,0.044476,0.049971,0.050612,0.060339,0.15283,0.13846,0.35852,0.22684,0.1356,0.10879,0.1066,0.05139,0.22216,0.097229,0.20705
3.59,0.15176,0.06824,0.13165,0.2107,0.12302,0.34313,0.062585,0.32604,0.15054,0.35137,0.15016,0.084773,0.0454,0.24116,0.11351,0.21697,0.30213,0.072636,0.079711,0.084652,0.3902,0.21359,0.23152,0.26485,0.044525,0.04966,0.050249,0.060024,0.1516,0.13771,0.35426,0.22394,0.13735,0.11013,0.10761,0.051056,0.22113,0.097149,0.20766
3.6,0.15098,0.068139,0.13101,0.20957,0.12224,0.33952,0.062189,0.32346,0.14999,0.34823,0.14847,0.085418,0.04515,0.23948,0.11308,0.21637,0.30258,0.072103,0.079037,0.084455,0.39239,0.21035,0.23025,0.26291,0.044563,0.049349,0.049869,0.059705,0.15037,0.13695,0.35005,0.22299,0.13913,0.11143,0.1086,0.050757,0.2201,0.097056,0.20828
3.61,0.1502,0.068021,0.13045,0.20845,0.12148,0.33592,0.061803,0.32087,0.14947,0.34508,0.1468,0.086041,0.044908,0.23782,0.11265,0.2157,0.30301,0.071568,0.078376,0.084258,0.39455,0.20708,0.2289,0.26097,0.044588,0.049041,0.049475,0.059382,0.14916,0.1362,0.34588,0.22416,0.14095,0.11268,0.10957,0.050491,0.21907,0.096954,0.20892
3.62,0.14942,0.067887,0.12989,0.20733,0.12073,0.33234,0.061427,0.31828,0.14893,0.34192,0.14513,0.086641,0.04467,0.23616,0.11222,0.21496,0.30342,0.071031,0.077727,0.084061,0.39668,0.20376,0.22746,0.25904,0.044603,0.048824,0.049065,0.059056,0.14794,0.13545,0.34173,0.22524,0.14281,0.11388,0.11052,0.050255,0.21804,0.096844,0.20958
3.63,0.14865,0.067738,0.12934,0.20621,0.11998,0.32879,0.06106,0.3157,0.14839,0.33878,0.14348,0.087199,0.044439,0.2345,0.11179,0.21418,0.30381,0.070498,0.077091,0.083861,0.39878,0.20042,0.22594,0.25712,0.044606,0.048669,0.048641,0.058725,0.14674,0.13471,0.33763,0.22624,0.14472,0.11503,0.11143,0.050045,0.217,0.096731,0.21026
3.64,0.14787,0.067574,0.12879,0.2051,0.11925,0.3253,0.060702,0.31313,0.14781,0.33563,0.14183,0.087706,0.044213,0.23286,0.11136,0.21332,0.30418,0.069976,0.076466,0.083659,0.40084,0.19704,0.22433,0.25521,0.044598,0.048515,0.048203,0.058401,0.14555,0.13397,0.33357,0.22717,0.1467,0.11612,0.11231,0.049858,0.21597,0.096618,0.21096
3.65,0.14709,0.067395,0.12824,0.20398,0.11853,0.32189,0.060354,0.31056,0.14722,0.33249,0.1402,0.088156,0.043992,0.23121,0.11094,0.21239,0.30454,0.069477,0.075852,0.083456,0.40287,0.19364,0.22265,0.2533,0.044578,0.048359,0.047755,0.058128,0.14436,0.13324,0.32956,0.22801,0.14874,0.11716,0.11315,0.049688,0.21493,0.096507,0.21167
3.66,0.14631,0.067204,0.12769,0.20286,0.11783,0.31871,0.060014,0.30799,0.1466,0.32935,0.13858,0.088529,0.043776,0.22958,0.11051,0.21139,0.30488,0.069005,0.075249,0.08325,0.40487,0.19022,0.22089,0.2514,0.044549,0.048201,0.047294,0.058067,0.14318,0.1325,0.32559,0.22878,0.15085,0.11815,0.11395,0.049531,0.2139,0.096399,0.21239
3.67,0.14554,0.066999,0.12715,0.20176,0.11713,0.31612,0.059683,0.30543,0.14595,0.32621,0.13697,0.088825,0.043565,0.22795,0.11008,0.21033,0.3052,0.068548,0.074656,0.083041,0.40685,0.1868,0.21906,0.2495,0.044508,0.048038,0.046821,0.057998,0.14201,0.13176,0.32166,0.22948,0.15303,0.11908,0.11469,0.049382,0.21286,0.0963,0.21313
3.68,0.14476,0.066783,0.12661,0.20064,0.11645,0.31485,0.059361,0.30287,0.14527,0.32308,0.13537,0.089024,0.043358,0.22634,0.10966,0.20921,0.30551,0.068093,0.074073,0.082831,0.40881,0.18337,0.21716,0.24762,0.044455,0.047871,0.046339,0.057921,0.14084,0.13101,0.31776,0.2301,0.15527,0.11995,0.11539,0.049235,0.21182,0.096209,0.21388
3.69,0.14399,0.066554,0.12607,0.19954,0.11578,0.31406,0.059046,0.30033,0.14456,0.31996,0.13378,0.089124,0.043156,0.22472,0.10923,0.20802,0.30581,0.067779,0.073501,0.082617,0.41074,0.17994,0.21519,0.24574,0.044394,0.047699,0.045848,0.05784,0.13968,0.13026,0.31391,0.23065,0.15756,0.12077,0.11603,0.049087,0.21079,0.09613,0.21464
3.7,0.14322,0.066315,0.12553,0.19844,0.11512,0.31324,0.05874,0.29779,0.14384,0.31684,0.1322,0.089112,0.042957,0.22312,0.10881,0.20676,0.30609,0.067625,0.072939,0.082401,0.41266,0.17653,0.21317,0.24386,0.044322,0.047524,0.045347,0.057758,0.13853,0.1295,0.31012,0.23113,0.1599,0.12154,0.11661,0.048933,0.20975,0.096063,0.21541
3.71,0.14245,0.066067,0.12499,0.19733,0.11447,0.31238,0.058441,0.29526,0.14309,0.31372,0.13064,0.088982,0.042763,0.22153,0.1084,0.20596,0.30635,0.067469,0.072386,0.082182,0.41456,0.17312,0.21109,0.24199,0.044238,0.047344,0.044839,0.057668,0.13739,0.12874,0.30636,0.23154,0.16227,0.12226,0.11713,0.048769,0.20871,0.09601,0.21618
3.72,0.14168,0.065811,0.12446,0.19624,0.11383,0.31148,0.05815,0.29274,0.14232,0.31061,0.12909,0.088732,0.042572,0.21993,0.10798,0.20516,0.30659,0.06731,0.07184,0.081958,0.41644,0.16974,0.20896,0.24013,0.044146,0.04716,0.044325,0.057571,0.13626,0.12797,0.30264,0.23189,0.16467,0.12293,0.1176,0.048591,0.20767,0.095974,0.21697
3.73,0.14091,0.065549,0.12393,0.19514,0.11321,0.31056,0.057866,0.29024,0.14154,0.30752,0.12755,0.088352,0.042385,0.21836,0.10756,0.20428,0.30681,0.067146,0.071303,0.081732,0.41828,0.16638,0.20678,0.23828,0.044044,0.046971,0.043804,0.057467,0.13513,0.12719,0.29896,0.23273,0.16707,0.12355,0.118,0.048397,0.20662,0.095953,0.21777
3.74,0.14013,0.065284,0.1234,0.19405,0.11259,0.30961,0.05759,0.28774,0.14075,0.30443,0.12604,0.087847,0.042201,0.21679,0.10715,0.20337,0.30701,0.066977,0.070772,0.081502,0.42007,0.16306,0.20456,0.23643,0.043931,0.046778,0.043279,0.057363,0.13401,0.12641,0.29532,0.23522,0.16947,0.12414,0.11834,0.048184,0.20557,0.095952,0.21858
3.75,0.13936,0.065016,0.12288,0.19296,0.11199,0.30863,0.05732,0.28525,0.13995,0.30135,0.12455,0.087211,0.04202,0.21522,0.10673,0.20239,0.30717,0.0668,0.070248,0.081267,0.42181,0.15977,0.2023,0.23459,0.04381,0.046581,0.04275,0.057255,0.13291,0.12561,0.29174,0.23758,0.17184,0.12468,0.11862,0.047951,0.20452,0.095968,0.21939
3.76,0.13859,0.064744,0.12235,0.19187,0.1114,0.30763,0.057057,0.28277,0.13915,0.29828,0.12307,0.086443,0.041842,0.21367,0.10631,0.20137,0.30731,0.066616,0.06973,0.081028,0.42351,0.15652,0.20001,0.23275,0.043679,0.04638,0.04295,0.05714,0.1318,0.12482,0.2882,0.2398,0.17416,0.12519,0.11883,0.047697,0.20347,0.096003,0.22021
3.77,0.13782,0.064468,0.12183,0.19079,0.11082,0.3066,0.056801,0.28031,0.13836,0.29522,0.12161,0.085552,0.041667,0.21212,0.1059,0.20028,0.3074,0.066424,0.069217,0.080783,0.42516,0.15331,0.19768,0.23093,0.043539,0.046174,0.043254,0.057019,0.13071,0.12402,0.2847,0.24189,0.17643,0.12567,0.11898,0.047422,0.20241,0.096058,0.22103
3.78,0.13705,0.064192,0.12131,0.18971,0.11026,0.30554,0.05655,0.27785,0.13757,0.29218,0.12015,0.084536,0.041496,0.21059,0.10548,0.19915,0.30747,0.066224,0.06871,0.080534,0.42677,0.15016,0.19533,0.2291,0.04339,0.046423,0.043538,0.056892,0.12962,0.12321,0.28123,0.24384,0.17862,0.12612,0.11906,0.047126,0.20134,0.09613,0.22185
3.79,0.13628,0.063912,0.1208,0.18863,0.1097,0.30446,0.056306,0.27541,0.13677,0.28915,0.11871,0.083399,0.041328,0.20906,0.10506,0.19797,0.3075,0.066016,0.068208,0.08028,0.42854,0.14707,0.19296,0.22729,0.043234,0.046653,0.043797,0.056768,0.12854,0.1224,0.27781,0.24565,0.18072,0.12654,0.11907,0.046812,0.20027,0.096222,0.22268
3.8,0.13551,0.063628,0.12028,0.18756,0.10916,0.30336,0.056068,0.27298,0.13597,0.28613,0.11728,0.082156,0.041162,0.20753,0.10465,0.19674,0.30749,0.065799,0.067712,0.080021,0.43128,0.14404,0.19135,0.22548,0.043068,0.04686,0.04403,0.056637,0.12747,0.12159,0.27443,0.24733,0.18271,0.12695,0.11902,0.04648,0.19919,0.096332,0.22351
3.81,0.13474,0.063339,0.11977,0.18649,0.10863,0.30222,0.055836,0.27056,0.13516,0.28313,0.11586,0.080806,0.040998,0.20602,0.10425,0.19545,0.30744,0.065576,0.06722,0.079757,0.43396,0.14107,0.18992,0.22367,0.042894,0.047044,0.044234,0.0565,0.12641,0.12077,0.2711,0.24887,0.18459,0.12733,0.11891,0.046134,0.19811,0.09646,0.22435
3.82,0.13397,0.063044,0.11926,0.18542,0.10811,0.30106,0.055609,0.26815,0.13432,0.28014,0.11446,0.07936,0.040835,0.20451,0.10384,0.19413,0.30736,0.065345,0.066732,0.079488,0.43658,0.13817,0.18836,0.22187,0.042713,0.047204,0.044407,0.056363,0.12535,0.11996,0.26781,0.25028,0.18635,0.12769,0.11874,0.045776,0.19701,0.096605,0.22518
3.83,0.1332,0.062744,0.11875,0.18436,0.1076,0.29986,0.055387,0.26575,0.13348,0.27716,0.11307,0.077831,0.040675,0.20302,0.10343,0.19275,0.30724,0.065107,0.066246,0.079215,0.43915,0.13535,0.18669,0.22008,0.042524,0.047343,0.044548,0.056238,0.1244,0.11914,0.26456,0.25157,0.18797,0.12803,0.11866,0.045412,0.19591,0.096765,0.22602
3.84,0.13244,0.062438,0.11825,0.1833,0.1071,0.29864,0.055171,0.26336,0.13262,0.27421,0.11169,0.076225,0.040517,0.20152,0.10302,0.19134,0.30708,0.064864,0.065764,0.078936,0.44163,0.1326,0.18491,0.2183,0.042328,0.047459,0.044656,0.056147,0.12385,0.11833,0.26136,0.25273,0.18944,0.12835,0.11866,0.045043,0.1948,0.09694,0.22685
3.85,0.13167,0.062127,0.11775,0.18224,0.10661,0.29741,0.054959,0.26098,0.13176,0.27127,0.11033,0.074623,0.04036,0.20004,0.10262,0.18987,0.30688,0.064615,0.065283,0.078653,0.44404,0.12994,0.18304,0.21652,0.042125,0.047556,0.044731,0.05605,0.12331,0.11752,0.25819,0.25378,0.19076,0.12866,0.11861,0.044818,0.19368,0.09713,0.22769
3.86,0.13091,0.06181,0.11725,0.18119,0.10613,0.29614,0.054753,0.25861,0.13088,0.26835,0.10897,0.07387,0.040204,0.19857,0.10221,0.18837,0.30665,0.064361,0.064805,0.078365,0.44635,0.12735,0.18108,0.21475,0.041916,0.047632,0.044772,0.05595,0.12277,0.11671,0.25506,0.25473,0.19192,0.12896,0.11851,0.044675,0.19256,0.097332,0.22853
3.87,0.13015,0.061489,0.11675,0.18014,0.10567,0.29485,0.054551,0.25625,0.13,0.26545,0.10764,0.073657,0.04005,0.1971,0.1018,0.18682,0.30639,0.064104,0.064329,0.078074,0.44856,0.12485,0.17903,0.21298,0.0417,0.047688,0.04478,0.05585,0.12223,0.11589,0.25197,0.25557,0.19291,0.12924,0.11835,0.044518,0.19142,0.097545,0.22937
3.88,0.12939,0.061162,0.11625,0.1791,0.10521,0.29353,0.054353,0.25391,0.12912,0.26256,0.10631,0.073403,0.039896,0.19564,0.10139,0.18524,0.30608,0.063844,0.063855,0.077777,0.45066,0.12244,0.17692,0.21122,0.041478,0.047727,0.044757,0.055743,0.1217,0.11508,0.24894,0.25632,0.19374,0.1295,0.11814,0.044349,0.19028,0.097767,0.2302
3.89,0.12863,0.060832,0.11576,0.17806,0.10477,0.29219,0.05416,0.25157,0.12849,0.25969,0.105,0.073122,0.039744,0.1942,0.10099,0.18362,0.30574,0.063581,0.063381,0.077477,0.45266,0.12012,0.17474,0.20946,0.04125,0.047747,0.044704,0.05563,0.12117,0.11427,0.24594,0.25698,0.19439,0.12976,0.11788,0.044169,0.18913,0.097998,0.23103
3.9,0.12787,0.060497,0.11527,0.17702,0.10434,0.29083,0.05397,0.24925,0.12794,0.25684,0.1037,0.072835,0.039593,0.19276,0.10058,0.18196,0.30537,0.063317,0.062911,0.077175,0.45456,0.11788,0.1725,0.20771,0.041018,0.04775,0.04463,0.055511,0.12064,0.11346,0.24298,0.25756,0.19486,0.13,0.11758,0.04398,0.18798,0.098235,0.23186
3.91,0.12711,0.060158,0.11478,0.17599,0.10391,0.28944,0.053785,0.24693,0.12739,0.254,0.10242,0.072552,0.039442,0.19134,0.10018,0.18028,0.30497,0.063055,0.062441,0.076868,0.45636,0.11589,0.17022,0.20596,0.04078,0.047735,0.045044,0.055387,0.12011,0.11265,0.24006,0.25806,0.19516,0.13023,0.11724,0.043785,0.18681,0.098477,0.23268
3.92,0.12635,0.059816,0.11429,0.17496,0.1035,0.28804,0.053604,0.24462,0.12683,0.25118,0.10114,0.072283,0.039292,0.18992,0.099784,0.17856,0.30453,0.062799,0.061973,0.076559,0.45806,0.11526,0.1679,0.20422,0.040538,0.047703,0.045425,0.055259,0.11958,0.11184,0.23719,0.25849,0.19528,0.13045,0.11686,0.043586,0.18564,0.098722,0.23349
3.93,0.1256,0.059471,0.11381,0.17393,0.1031,0.28661,0.053426,0.24233,0.12626,0.24838,0.099886,0.072037,0.039143,0.18851,0.099385,0.17681,0.30406,0.06255,0.061505,0.076247,0.45966,0.11461,0.16555,0.20249,0.040292,0.047654,0.045772,0.055132,0.11906,0.11103,0.23435,0.25885,0.19523,0.13066,0.11645,0.043382,0.18447,0.09897,0.2343
3.94,0.12484,0.059123,0.11332,0.17291,0.1027,0.28517,0.053251,0.24004,0.12567,0.2456,0.098642,0.071823,0.038996,0.18711,0.098986,0.17503,0.30356,0.062305,0.061037,0.075932,0.46115,0.11393,0.16317,0.20076,0.040042,0.047588,0.046084,0.055,0.11854,0.11022,0.23155,0.25915,0.19501,0.13085,0.116,0.043171,0.18329,0.099217,0.2351
3.95,0.12409,0.058772,0.11284,0.1719,0.10232,0.28369,0.05308,0.23776,0.12506,0.24284,0.097411,0.071643,0.03885,0.1857,0.098587,0.17323,0.30304,0.062065,0.06057,0.076303,0.46255,0.11323,0.16077,0.19904,0.039789,0.047504,0.046361,0.054863,0.11802,0.1094,0.22879,0.25939,0.19462,0.13103,0.11552,0.04323,0.1821,0.099463,0.23589
3.96,0.12333,0.058419,0.11236,0.17088,0.10194,0.28221,0.052912,0.2355,0.12444,0.24009,0.096193,0.0715,0.038705,0.18432,0.098189,0.1714,0.30249,0.061826,0.060103,0.076895,0.46383,0.11251,0.15837,0.19732,0.039533,0.047405,0.046602,0.054721,0.11751,0.10858,0.22607,0.25957,0.19407,0.1312,0.11501,0.043268,0.18091,0.099705,0.23667
3.97,0.12258,0.058065,0.11189,0.16988,0.10158,0.28069,0.052747,0.23324,0.12379,0.23737,0.094989,0.071394,0.038559,0.18394,0.097791,0.16955,0.30192,0.061588,0.059637,0.077486,0.46502,0.11177,0.15629,0.19561,0.039275,0.047289,0.046807,0.054574,0.117,0.10776,0.22339,0.2597,0.19336,0.13135,0.11446,0.043272,0.17971,0.099943,0.23746
3.98,0.12182,0.057708,0.11141,0.16887,0.10122,0.27917,0.052585,0.23099,0.12313,0.23466,0.093798,0.071321,0.038413,0.18394,0.097393,0.16768,0.30133,0.061347,0.05917,0.078074,0.4661,0.111,0.15479,0.19475,0.039016,0.047156,0.046976,0.054423,0.11649,0.10694,0.22076,0.25978,0.19248,0.13148,0.11387,0.043244,0.17851,0.10017,0.23823
3.99,0.12107,0.05735,0.11094,0.16787,0.10088,0.27762,0.052426,0.22876,0.12245,0.23197,0.092627,0.07128,0.038268,0.18392,0.096995,0.16578,0.30073,0.061103,0.058704,0.078658,0.46708,0.11022,0.1533,0.19395,0.038756,0.047007,0.04711,0.054267,0.11598,0.10611,0.21816,0.25981,0.19146,0.1316,0.11326,0.043182,0.17731,0.1004,0.239
4,0.12032,0.056991,0.11047,0.16688,0.10054,0.27606,0.052269,0.22653,0.12175,0.22931,0.091471,0.071265,0.038123,0.18387,0.096598,0.16386,0.30011,0.060857,0.058238,0.079237,0.46796,0.10942,0.15182,0.19316,0.038499,0.046843,0.04721,0.054106,0.11548,0.10529,0.2156,0.25979,0.19028,0.13169,0.11262,0.043088,0.1761,0.10061,0.23977
4.01,0.11956,0.056632,0.11001,0.16589,0.10021,0.27448,0.052115,0.22432,0.12103,0.22665,0.090328,0.071272,0.037977,0.18379,0.096204,0.16193,0.29948,0.060608,0.057773,0.079809,0.46874,0.10859,0.15036,0.19236,0.038254,0.046664,0.047274,0.053941,0.11498,0.10446,0.21308,0.25972,0.18924,0.13177,0.11195,0.042963,0.1749,0.10081,0.24054
4.02,0.11881,0.056272,0.10954,0.1649,0.09989,0.27289,0.051963,0.22212,0.1203,0.22414,0.089198,0.071298,0.037831,0.1837,0.095813,0.15999,0.29885,0.060355,0.057309,0.080374,0.46942,0.10775,0.14893,0.19157,0.038051,0.046472,0.047306,0.053773,0.11448,0.10362,0.2106,0.2596,0.18965,0.13182,0.11124,0.042827,0.17369,0.101,0.24132
4.03,0.11806,0.055912,0.10908,0.16392,0.099577,0.27128,0.051813,0.21992,0.11955,0.22255,0.088081,0.071337,0.037685,0.18359,0.095422,0.15802,0.29823,0.060098,0.056844,0.080932,0.47,0.1069,0.14752,0.19077,0.037852,0.046266,0.047307,0.053607,0.11398,0.10279,0.20816,0.25944,0.18999,0.13184,0.11051,0.043119,0.17247,0.10118,0.24211
4.04,0.11731,0.055552,0.10862,0.16294,0.099273,0.26967,0.051666,0.21774,0.11878,0.22097,0.086977,0.071386,0.037539,0.18345,0.095032,0.15604,0.2976,0.059838,0.05638,0.08148,0.47048,0.10603,0.14702,0.18998,0.037654,0.046049,0.047276,0.053437,0.11349,0.10196,0.20575,0.25923,0.19027,0.13184,0.10974,0.043392,0.17126,0.10134,0.24291
4.05,0.11656,0.055192,0.10817,0.16197,0.098978,0.26803,0.051521,0.21557,0.118,0.2194,0.085885,0.071442,0.037392,0.1833,0.094642,0.15405,0.29697,0.059574,0.055916,0.082019,0.47087,0.10514,0.14721,0.18919,0.037455,0.045823,0.047217,0.053263,0.113,0.10112,0.20338,0.25896,0.19048,0.1318,0.10894,0.043649,0.17004,0.10148,0.24373
4.06,0.11581,0.054832,0.10772,0.161,0.098689,0.2664,0.051377,0.21342,0.11721,0.21784,0.084807,0.071504,0.037245,0.18312,0.094252,0.15204,0.29635,0.059306,0.055451,0.082668,0.47117,0.10423,0.14738,0.1884,0.037254,0.045593,0.04713,0.053086,0.11251,0.10029,0.20105,0.25866,0.19063,0.13174,0.10811,0.043889,0.16882,0.10161,0.24459
4.07,0.11506,0.054472,0.10726,0.16004,0.098408,0.26474,0.051235,0.21127,0.11648,0.21629,0.08374,0.07157,0.037098,0.18292,0.093862,0.15003,0.29574,0.059036,0.054987,0.083383,0.47137,0.10332,0.14753,0.18761,0.037052,0.045648,0.047018,0.052904,0.11202,0.09945,0.19876,0.2583,0.19071,0.13164,0.10725,0.044115,0.16761,0.10171,0.24549
4.08,0.11432,0.054112,0.10695,0.15908,0.098135,0.26308,0.051095,0.20914,0.11661,0.21474,0.08288,0.071636,0.036951,0.1827,0.093473,0.148,0.29514,0.058762,0.054523,0.084088,0.47147,0.10239,0.14767,0.18765,0.036848,0.045739,0.046883,0.052719,0.11154,0.098607,0.1965,0.25789,0.19074,0.13151,0.10636,0.044326,0.16638,0.1018,0.24642
4.09,0.11357,0.053753,0.10672,0.15813,0.09787,0.26142,0.050957,0.20702,0.11672,0.21321,0.082284,0.071701,0.036805,0.18245,0.093084,0.14597,0.29454,0.058485,0.054059,0.084784,0.47148,0.10144,0.14778,0.18905,0.036643,0.045818,0.046726,0.052531,0.11106,0.097772,0.19428,0.25742,0.19071,0.13133,0.10545,0.044549,0.16517,0.10187,0.24736
4.1,0.11282,0.053394,0.10649,0.15718,0.09761,0.25974,0.05082,0.20492,0.11682,0.21168,0.081691,0.071764,0.036658,0.1822,0.092696,0.14393,0.29395,0.058206,0.053595,0.08547,0.4714,0.10168,0.14789,0.19039,0.036438,0.045883,0.046548,0.052339,0.11058,0.096933,0.19209,0.2569,0.19061,0.13112,0.10451,0.044864,0.16395,0.10192,0.2483
4.11,0.11207,0.053037,0.10626,0.15623,0.097358,0.25806,0.050684,0.20283,0.1169,0.21015,0.081105,0.071824,0.036511,0.18191,0.09231,0.14189,0.29336,0.057924,0.053131,0.086145,0.47125,0.10221,0.14797,0.19168,0.03623,0.045937,0.046351,0.052144,0.1101,0.096088,0.18994,0.25631,0.19045,0.13086,0.10355,0.045174,0.16273,0.10194,0.24923
4.12,0.11133,0.05268,0.10603,0.15529,0.097113,0.25638,0.05055,0.20075,0.11696,0.20864,0.08053,0.071875,0.036362,0.18161,0.091927,0.13985,0.29277,0.057638,0.052668,0.086809,0.47103,0.10271,0.14804,0.19291,0.036022,0.045978,0.046135,0.051946,0.10963,0.095242,0.18783,0.25566,0.19022,0.1306,0.10257,0.045474,0.16151,0.10195,0.25015
4.13,0.11058,0.052325,0.1058,0.15436,0.096874,0.2547,0.050417,0.19872,0.117,0.20713,0.079957,0.071918,0.036213,0.18127,0.091545,0.1378,0.29218,0.057351,0.052206,0.087462,0.47076,0.10319,0.1481,0.1941,0.035811,0.046008,0.045901,0.051745,0.10916,0.094403,0.18575,0.25496,0.18993,0.13062,0.10157,0.045759,0.16029,0.10193,0.25106
4.14,0.10983,0.05197,0.10557,0.15343,0.096641,0.25302,0.050285,0.19764,0.11703,0.20563,0.079387,0.071947,0.036064,0.18092,0.091163,0.13766,0.29159,0.057062,0.051744,0.088102,0.47043,0.10365,0.14814,0.19526,0.0356,0.046026,0.045651,0.051541,0.10869,0.093559,0.18371,0.25421,0.18958,0.1306,0.10056,0.046028,0.15907,0.10189,0.25196
4.15,0.10925,0.051618,0.10534,0.15251,0.096414,0.25133,0.050154,0.19657,0.11705,0.20414,0.078827,0.071958,0.035913,0.18055,0.090782,0.13754,0.29099,0.05677,0.051283,0.08873,0.47005,0.10407,0.14816,0.19638,0.035386,0.046032,0.045386,0.051334,0.10822,0.092711,0.1817,0.2534,0.18916,0.13053,0.099537,0.046275,0.15786,0.10182,0.25284
4.16,0.10873,0.051267,0.1051,0.15159,0.096194,0.24964,0.050024,0.19551,0.11705,0.20266,0.078274,0.071945,0.035762,0.18015,0.090401,0.13739,0.29039,0.056476,0.050822,0.089345,0.46963,0.10446,0.14817,0.19747,0.035172,0.046027,0.045107,0.051125,0.10776,0.091859,0.17973,0.25254,0.18867,0.13041,0.098504,0.046498,0.15664,0.10185,0.25371
4.17,0.10821,0.050918,0.10487,0.15067,0.095979,0.24795,0.049897,0.19445,0.11703,0.20118,0.077723,0.071905,0.03561,0.17973,0.09002,0.13724,0.28979,0.056181,0.050361,0.089948,0.46917,0.10481,0.14816,0.19852,0.034955,0.04601,0.044815,0.050919,0.1073,0.091016,0.17779,0.25163,0.18812,0.13025,0.097464,0.046695,0.15544,0.10248,0.25457
4.18,0.10769,0.050571,0.10463,0.14977,0.095769,0.24626,0.04977,0.19339,0.117,0.19972,0.077175,0.071826,0.035457,0.17929,0.08964,0.13706,0.28918,0.055883,0.0499,0.090537,0.46867,0.10513,0.14814,0.19953,0.034735,0.045983,0.044511,0.05071,0.10685,0.090196,0.17589,0.25067,0.1875,0.13004,0.096419,0.046863,0.15423,0.10305,0.25541
4.19,0.10718,0.050227,0.10439,0.14887,0.095564,0.24456,0.049644,0.19234,0.11697,0.19825,0.07664,0.071867,0.035303,0.17883,0.08926,0.13685,0.28857,0.055584,0.04944,0.091114,0.46815,0.1054,0.1481,0.2005,0.034512,0.045944,0.044197,0.050655,0.10639,0.090304,0.17402,0.24964,0.18682,0.12977,0.095373,0.047002,0.15303,0.10355,0.25624
4.2,0.10667,0.049885,0.10415,0.14797,0.095366,0.24286,0.049518,0.19129,0.11691,0.1968,0.076108,0.072176,0.035148,0.17835,0.08888,0.13663,0.28795,0.055284,0.04898,0.091677,0.46762,0.10564,0.14805,0.20141,0.034287,0.045895,0.043873,0.050674,0.10594,0.090382,0.17218,0.24853,0.18606,0.12944,0.094326,0.047109,0.15183,0.10398,0.25704
4.21,0.10616,0.049546,0.10391,0.14708,0.095172,0.24116,0.049393,0.19025,0.11684,0.19535,0.075579,0.072445,0.034992,0.17785,0.088505,0.13639,0.28732,0.054982,0.048521,0.092227,0.46846,0.10583,0.14799,0.20227,0.034059,0.045836,0.043541,0.05069,0.10549,0.090441,0.17037,0.24734,0.18523,0.12906,0.093283,0.047185,0.15063,0.10434,0.25783
4.22,0.10565,0.049209,0.10367,0.1462,0.094983,0.23945,0.049269,0.1892,0.11675,0.19392,0.075052,0.072666,0.034837,0.17734,0.088131,0.13613,0.28669,0.054679,0.048062,0.092764,0.46934,0.10599,0.14791,0.20308,0.033828,0.045767,0.043203,0.050693,0.10504,0.090476,0.1686,0.24607,0.18433,0.12862,0.092242,0.047227,0.14944,0.10463,0.25859
4.23,0.10515,0.048875,0.10343,0.14532,0.094798,0.23774,0.049145,0.18817,0.11666,0.19248,0.074527,0.072829,0.034682,0.17681,0.087758,0.13585,0.28605,0.054375,0.047604,0.093288,0.47018,0.10609,0.14782,0.20385,0.033594,0.045688,0.043057,0.050688,0.1046,0.090482,0.16686,0.24472,0.18336,0.12814,0.091207,0.047238,0.14852,0.10485,0.25933
4.24,0.10465,0.048544,0.10318,0.14445,0.094618,0.23603,0.049022,0.18713,0.11655,0.19106,0.074012,0.072928,0.034526,0.17626,0.087385,0.13556,0.28541,0.054071,0.047146,0.093799,0.47099,0.10615,0.14771,0.20457,0.033357,0.045598,0.043156,0.050678,0.10416,0.090475,0.16515,0.24329,0.18231,0.12759,0.090175,0.047513,0.14814,0.10499,0.26006
4.25,0.10415,0.048216,0.10293,0.14359,0.094442,0.23432,0.048899,0.1861,0.11643,0.18964,0.073503,0.072961,0.034369,0.1757,0.087012,0.13525,0.28475,0.053765,0.046689,0.094297,0.47176,0.10617,0.14759,0.20524,0.033118,0.045501,0.043243,0.050656,0.10372,0.090438,0.16347,0.24178,0.18118,0.127,0.089149,0.047915,0.14776,0.10506,0.26076
4.26,0.10365,0.047892,0.10269,0.14274,0.09427,0.2326,0.048776,0.18508,0.11629,0.18824,0.072996,0.072918,0.03421,0.17512,0.08664,0.13491,0.28409,0.053459,0.046233,0.094783,0.4725,0.10614,0.14747,0.20585,0.032875,0.045393,0.043319,0.05063,0.10328,0.090382,0.16183,0.24018,0.17998,0.1271,0.088126,0.0483,0.14737,0.10506,0.26144
4.27,0.10315,0.04757,0.10244,0.14189,0.094103,0.23089,0.048654,0.18406,0.11616,0.18683,0.072492,0.072795,0.034051,0.17452,0.086269,0.13457,0.28342,0.053153,0.045778,0.095256,0.47321,0.10606,0.14733,0.20642,0.03263,0.045277,0.043381,0.050594,0.10284,0.090307,0.16021,0.23848,0.1787,0.12765,0.087109,0.048668,0.14698,0.10499,0.26209
4.28,0.10266,0.047253,0.10219,0.14105,0.093939,0.22917,0.048532,0.18304,0.116,0.18544,0.07199,0.07259,0.033891,0.1739,0.085898,0.1342,0.28274,0.052845,0.045324,0.095718,0.47387,0.10593,0.14718,0.20693,0.032383,0.045152,0.043431,0.050552,0.10241,0.090205,0.15863,0.23667,0.17736,0.12816,0.086098,0.04902,0.14659,0.10485,0.26274
4.29,0.10216,0.046939,0.10194,0.14022,0.093778,0.22746,0.04841,0.18203,0.11583,0.18406,0.07149,0.072301,0.033729,0.17327,0.085527,0.13382,0.28204,0.052539,0.044871,0.096168,0.4745,0.10576,0.14702,0.20739,0.032133,0.045018,0.043467,0.050504,0.10198,0.090091,0.15707,0.23476,0.17593,0.12865,0.085093,0.049356,0.14619,0.10465,0.26336
4.3,0.10167,0.046628,0.10168,0.13939,0.093621,0.22574,0.048288,0.18102,0.11565,0.18268,0.070992,0.071928,0.033567,0.17261,0.08516,0.13343,0.28134,0.052232,0.04442,0.096606,0.47507,0.10554,0.14685,0.20779,0.031881,0.044877,0.043491,0.050449,0.10155,0.089951,0.15555,0.23273,0.17444,0.12912,0.084096,0.049676,0.1458,0.10437,0.26396
4.31,0.10119,0.046322,0.10143,0.13857,0.093467,0.22403,0.048166,0.18002,0.11547,0.18131,0.070497,0.071471,0.033403,0.17194,0.084795,0.13302,0.28063,0.051926,0.04397,0.097034,0.47561,0.10527,0.14667,0.20814,0.031627,0.044727,0.043504,0.050388,0.10113,0.0898,0.15405,0.23059,0.17287,0.12955,0.083108,0.049981,0.1454,0.10403,0.26454
4.32,0.1007,0.04612,0.10118,0.13775,0.093317,0.22231,0.048044,0.17902,0.11528,0.17995,0.07001,0.071088,0.033239,0.17126,0.08443,0.13259,0.2799,0.051619,0.043521,0.09745,0.47609,0.10495,0.14649,0.20842,0.031372,0.04457,0.043505,0.050378,0.1007,0.089624,0.15258,0.22833,0.17122,0.12996,0.082131,0.050269,0.145,0.10362,0.26511
4.33,0.10022,0.045918,0.10092,0.13694,0.093168,0.2206,0.047923,0.17802,0.11507,0.1786,0.069529,0.070853,0.033073,0.17056,0.084066,0.13215,0.27917,0.051313,0.043073,0.097857,0.47653,0.10459,0.1463,0.20865,0.031115,0.044405,0.043496,0.050389,0.10028,0.089439,0.15114,0.22596,0.16949,0.13035,0.081165,0.050543,0.14459,0.10315,0.26566
4.34,0.099737,0.045717,0.10066,0.13614,0.093024,0.21887,0.047801,0.17703,0.11485,0.17725,0.06905,0.070542,0.032907,0.16984,0.083703,0.1317,0.27844,0.051008,0.042627,0.098253,0.47693,0.10418,0.14611,0.20882,0.030857,0.044232,0.043476,0.050388,0.099861,0.089234,0.14973,0.22348,0.16769,0.13071,0.080212,0.050802,0.14419,0.10261,0.2662
4.35,0.099257,0.045516,0.1004,0.13534,0.092882,0.21716,0.047679,0.17605,0.11462,0.17591,0.068574,0.070158,0.032742,0.16911,0.08334,0.13122,0.2777,0.050703,0.042182,0.098639,0.47728,0.10372,0.14592,0.20893,0.030598,0.044054,0.043448,0.050376,0.099444,0.089016,0.14835,0.22088,0.16581,0.13106,0.079273,0.051046,0.14378,0.10202,0.26674
4.36,0.098781,0.045315,0.10014,0.13454,0.092742,0.21544,0.047557,0.17506,0.11439,0.17458,0.0681,0.069708,0.032576,0.16837,0.082977,0.13075,0.27696,0.0504,0.04174,0.099017,0.47758,0.10322,0.14576,0.209,0.030338,0.043867,0.043411,0.050362,0.099029,0.088787,0.14699,0.21818,0.16386,0.13138,0.07835,0.051275,0.14337,0.10136,0.26726
4.37,0.098307,0.045115,0.099883,0.13375,0.092605,0.21372,0.047435,0.17409,0.11414,0.17326,0.067629,0.069195,0.032408,0.16761,0.082615,0.13025,0.27622,0.050097,0.041299,0.099384,0.47784,0.10267,0.1457,0.20901,0.030077,0.043674,0.043365,0.050365,0.098617,0.088546,0.14566,0.21538,0.16182,0.13168,0.077443,0.051491,0.14296,0.10065,0.26777
4.38,0.097833,0.044915,0.099621,0.13297,0.09247,0.21201,0.047313,0.17311,0.11389,0.17194,0.06716,0.068627,0.03224,0.16685,0.082254,0.12974,0.27549,0.049795,0.040861,0.099745,0.47806,0.10208,0.14565,0.20897,0.029816,0.043475,0.043313,0.050427,0.098208,0.088293,0.14436,0.21249,0.15972,0.13196,0.076555,0.051695,0.14255,0.099874,0.26826
4.39,0.097364,0.044715,0.099359,0.13219,0.092337,0.21029,0.047191,0.17214,0.11362,0.17064,0.066693,0.068256,0.032071,0.16608,0.081896,0.12922,0.27479,0.049495,0.040424,0.1001,0.47823,0.10145,0.14559,0.20887,0.029556,0.043269,0.043254,0.050478,0.097801,0.088031,0.14308,0.20969,0.15753,0.13223,0.075685,0.051887,0.14214,0.099049,0.26874
4.4,0.096896,0.044516,0.099095,0.13141,0.092206,0.20858,0.047068,0.17118,0.11335,0.16934,0.066228,0.067943,0.031901,0.1653,0.08154,0.12868,0.2741,0.049196,0.039991,0.10044,0.47836,0.10078,0.14553,0.20871,0.029296,0.043058,0.043189,0.050521,0.097397,0.087762,0.14184,0.2072,0.15528,0.13247,0.074836,0.05207,0.14173,0.09817,0.26922
4.41,0.09643,0.044318,0.098829,0.13064,0.092077,0.20687,0.046945,0.17022,0.11308,0.16805,0.065766,0.067582,0.03173,0.16451,0.081184,0.12813,0.27345,0.048899,0.039559,0.10078,0.47845,0.1005,0.14547,0.2085,0.029037,0.042841,0.043119,0.050559,0.096995,0.087488,0.14062,0.20463,0.15296,0.1327,0.074009,0.05225,0.14131,0.097238,0.26968
4.42,0.095967,0.04412,0.098563,0.12988,0.091949,0.20516,0.046822,0.16926,0.11279,0.16676,0.065307,0.067182,0.031557,0.1637,0.080829,0.12758,0.27282,0.048603,0.039131,0.10111,0.4785,0.10094,0.14539,0.20824,0.028779,0.042618,0.043044,0.050586,0.096595,0.087212,0.13946,0.20199,0.15058,0.13291,0.073203,0.052431,0.14089,0.096252,0.27012
4.43,0.095505,0.043922,0.098297,0.12912,0.091823,0.20345,0.046699,0.16831,0.11249,0.16549,0.06485,0.066745,0.031384,0.1629,0.080475,0.127,0.27222,0.04831,0.038706,0.10143,0.4785,0.10137,0.1453,0.20792,0.028523,0.04239,0.042965,0.050603,0.096197,0.087013,0.13867,0.19927,0.14814,0.13311,0.072422,0.052609,0.14048,0.095213,0.27055
4.44,0.095047,0.043725,0.098028,0.12836,0.091699,0.20175,0.046575,0.16736,0.11218,0.16422,0.064401,0.066283,0.03121,0.16209,0.080122,0.12642,0.27163,0.048018,0.038283,0.10175,0.47847,0.10177,0.14521,0.20755,0.028269,0.042156,0.042883,0.050614,0.095802,0.08691,0.13788,0.1965,0.14565,0.13329,0.071665,0.052779,0.14006,0.094122,0.27096
4.45,0.09459,0.043528,0.097757,0.12761,0.091576,0.20004,0.046451,0.16642,0.11187,0.16297,0.063957,0.065797,0.031035,0.16127,0.079768,0.12583,0.27106,0.047729,0.037864,0.10206,0.47839,0.10216,0.1451,0.20713,0.028016,0.041919,0.042798,0.050619,0.095408,0.086808,0.1371,0.19368,0.14312,0.13346,0.070934,0.052942,0.13964,0.092981,0.27135
4.46,0.094135,0.043331,0.097489,0.12686,0.091454,0.19834,0.046327,0.16548,0.11156,0.16171,0.063515,0.065296,0.03086,0.16044,0.079416,0.12523,0.2705,0.047443,0.037449,0.10237,0.47828,0.10253,0.14498,0.20666,0.027764,0.041677,0.042712,0.050614,0.095016,0.086702,0.13631,0.19086,0.14054,0.13361,0.070532,0.053097,0.13922,0.09179,0.27172
4.47,0.093683,0.043136,0.097218,0.12612,0.091334,0.19665,0.046202,0.16455,0.11123,0.16047,0.063075,0.064782,0.030685,0.1596,0.079064,0.12462,0.26994,0.047159,0.037156,0.10267,0.47813,0.10288,0.14486,0.20642,0.027515,0.04143,0.042625,0.050599,0.094627,0.086593,0.13553,0.18983,0.13793,0.13375,0.070376,0.053243,0.1388,0.090553,0.27208
4.48,0.093232,0.04294,0.096945,0.12538,0.091213,0.19496,0.046077,0.16362,0.11089,0.15924,0.062638,0.06426,0.03051,0.15876,0.078716,0.124,0.26938,0.046878,0.036947,0.10296,0.47793,0.10321,0.14472,0.20619,0.027268,0.041179,0.042536,0.050574,0.094239,0.08648,0.13475,0.18869,0.13529,0.13387,0.070222,0.053383,0.13838,0.08927,0.27242
4.49,0.092785,0.042745,0.096671,0.12465,0.091095,0.19327,0.045951,0.1627,0.11055,0.15801,0.062203,0.063736,0.030333,0.15792,0.078369,0.12336,0.26883,0.046601,0.036735,0.10326,0.4777,0.10352,0.14457,0.20592,0.027024,0.040924,0.042448,0.050547,0.093854,0.086362,0.13398,0.18745,0.13262,0.13398,0.070073,0.053516,0.13796,0.089763,0.27275
4.5,0.092339,0.042551,0.096398,0.12392,0.090977,0.19158,0.045826,0.16178,0.1102,0.15679,0.061771,0.063209,0.030156,0.15707,0.078023,0.12273,0.26827,0.046328,0.03652,0.10354,0.47743,0.1038,0.14441,0.20562,0.026823,0.040666,0.042361,0.050512,0.09347,0.086239,0.1332,0.18613,0.12993,0.13408,0.069926,0.053643,0.13754,0.090413,0.27306
4.51,0.091895,0.042358,0.096123,0.12319,0.09086,0.18991,0.045699,0.16087,0.10985,0.15558,0.061341,0.062682,0.029978,0.15621,0.077678,0.12208,0.26771,0.046058,0.036302,0.10383,0.47712,0.10406,0.14424,0.20528,0.026652,0.040405,0.042275,0.050467,0.093089,0.08611,0.13244,0.18471,0.12722,0.13417,0.069783,0.054056,0.13712,0.090994,0.27336
4.52,0.091454,0.042165,0.095847,0.12247,0.090743,0.18823,0.045573,0.15996,0.10949,0.15438,0.060913,0.062161,0.0298,0.15535,0.077333,0.12142,0.26714,0.045792,0.036081,0.10411,0.47677,0.10429,0.14406,0.20491,0.026481,0.040142,0.042192,0.050413,0.092709,0.085973,0.13168,0.18323,0.1245,0.13425,0.069642,0.054589,0.1367,0.091507,0.27364
4.53,0.091015,0.041973,0.095569,0.12175,0.090626,0.18656,0.045445,0.15905,0.10912,0.15319,0.060488,0.061641,0.02962,0.15449,0.076989,0.12076,0.26657,0.045532,0.035857,0.10438,0.47638,0.1045,0.14387,0.20449,0.026308,0.039876,0.042111,0.050351,0.092332,0.085829,0.13092,0.18167,0.12177,0.13431,0.069503,0.055113,0.13627,0.091952,0.2739
4.54,0.090578,0.041782,0.095292,0.12104,0.090511,0.1849,0.045318,0.15815,0.10874,0.152,0.060065,0.061123,0.02944,0.15362,0.076646,0.12009,0.266,0.045274,0.035629,0.10466,0.47595,0.10468,0.14366,0.20404,0.026135,0.039611,0.042034,0.050287,0.091956,0.085678,0.13016,0.18005,0.11904,0.13437,0.069367,0.055629,0.13585,0.092329,0.27415
4.55,0.090143,0.041591,0.095014,0.12033,0.090396,0.18324,0.04519,0.15725,0.10836,0.15082,0.059645,0.060607,0.029259,0.15276,0.076303,0.11941,0.26542,0.045021,0.035399,0.10493,0.47548,0.10483,0.14345,0.20356,0.025961,0.039349,0.041962,0.050215,0.091582,0.08552,0.12941,0.17838,0.1163,0.13442,0.069235,0.056137,0.13543,0.092639,0.27439
4.56,0.08971,0.0414,0.094734,0.11963,0.090281,0.18159,0.045062,0.15636,0.10797,0.14965,0.059227,0.060095,0.029077,0.15188,0.075961,0.11873,0.26483,0.044772,0.035167,0.1052,0.47497,0.10495,0.14353,0.20303,0.025785,0.039357,0.041894,0.050135,0.091211,0.085355,0.12866,0.17857,0.11356,0.13445,0.069105,0.056636,0.135,0.092879,0.27462
4.57,0.08928,0.04121,0.094453,0.11892,0.090166,0.17995,0.044933,0.15548,0.10758,0.14849,0.058812,0.059582,0.028895,0.15101,0.075621,0.11803,0.26424,0.044526,0.034932,0.10546,0.47443,0.10505,0.14454,0.20247,0.025608,0.039585,0.041832,0.050046,0.090841,0.085183,0.12791,0.17877,0.11084,0.13448,0.068978,0.057127,0.13458,0.09305,0.27483
4.58,0.088852,0.04102,0.094173,0.11823,0.090051,0.17831,0.044803,0.1546,0.10718,0.14733,0.058399,0.059066,0.028712,0.15014,0.075284,0.11734,0.26364,0.044284,0.034872,0.10573,0.47384,0.10512,0.14554,0.20187,0.02543,0.039791,0.041776,0.049952,0.090473,0.085133,0.12717,0.1789,0.10889,0.13451,0.068852,0.057611,0.13416,0.093153,0.27502
4.59,0.088426,0.040831,0.093891,0.11753,0.089937,0.17667,0.044674,0.15372,0.10678,0.14619,0.057995,0.058547,0.02853,0.14927,0.074948,0.11664,0.26303,0.044046,0.034889,0.10599,0.47321,0.10516,0.14654,0.20124,0.02525,0.039974,0.041727,0.049854,0.090107,0.085157,0.12643,0.17896,0.10791,0.13452,0.068729,0.058089,0.13373,0.093186,0.2752
4.6,0.088002,0.040643,0.093608,0.11684,0.089821,0.17505,0.044543,0.15285,0.10637,0.14505,0.057593,0.058023,0.028348,0.1484,0.074612,0.11593,0.26241,0.04381,0.034908,0.10625,0.47255,0.10518,0.14752,0.20057,0.025069,0.040135,0.041686,0.049749,0.089743,0.085211,0.12569,0.17894,0.10689,0.13453,0.068608,0.058563,0.13331,0.093151,0.27536
4.61,0.08758,0.040455,0.093325,0.11616,0.089707,0.17343,0.044414,0.15198,0.10596,0.14392,0.057194,0.057492,0.028165,0.14753,0.074278,0.11521,0.26179,0.043579,0.03493,0.10651,0.47184,0.10516,0.14849,0.19986,0.024887,0.040274,0.041652,0.049636,0.08938,0.085284,0.12495,0.17885,0.10584,0.13453,0.068491,0.059034,0.13288,0.093049,0.2755
4.62,0.087161,0.040267,0.093042,0.11547,0.089592,0.17182,0.044284,0.15112,0.10554,0.14279,0.056797,0.05695,0.027981,0.14667,0.073943,0.11449,0.26116,0.04335,0.034954,0.10676,0.4711,0.10512,0.14944,0.19912,0.024704,0.040391,0.041627,0.04952,0.08902,0.085355,0.12422,0.1787,0.10475,0.13452,0.068375,0.059504,0.13246,0.092883,0.27563
4.63,0.086743,0.04008,0.092758,0.11479,0.089477,0.17021,0.044154,0.15027,0.10511,0.14168,0.056403,0.056396,0.027797,0.14582,0.07361,0.11377,0.26053,0.043124,0.034979,0.10702,0.47031,0.10505,0.15038,0.19834,0.02452,0.040487,0.041612,0.049399,0.088662,0.085417,0.1235,0.17847,0.10364,0.13451,0.068261,0.059971,0.13203,0.09273,0.27573
4.64,0.086329,0.039894,0.092473,0.11412,0.089361,0.16862,0.044024,0.14941,0.10468,0.14058,0.05601,0.055832,0.027612,0.14497,0.073277,0.11304,0.25988,0.042902,0.035006,0.10727,0.46949,0.10495,0.15131,0.19754,0.024334,0.040563,0.041605,0.049271,0.088306,0.085467,0.12278,0.17816,0.10251,0.1345,0.068149,0.060436,0.1316,0.093012,0.27582
4.65,0.085916,0.039708,0.092189,0.11345,0.089245,0.16702,0.043893,0.14857,0.10425,0.13948,0.05562,0.055253,0.027427,0.14412,0.072946,0.11231,0.25922,0.042682,0.035034,0.10753,0.46862,0.10483,0.15221,0.1967,0.024148,0.040619,0.041609,0.049143,0.087952,0.085504,0.12206,0.17779,0.10138,0.13448,0.068038,0.060897,0.13118,0.093285,0.27589
4.66,0.085506,0.039523,0.091903,0.11278,0.089129,0.16544,0.043762,0.14773,0.10381,0.13838,0.055233,0.054657,0.027241,0.14328,0.072614,0.11157,0.25856,0.042466,0.035063,0.10778,0.46771,0.10468,0.1531,0.19583,0.023961,0.040655,0.041623,0.049009,0.087601,0.085526,0.12134,0.17734,0.10028,0.13446,0.067931,0.061355,0.13075,0.093549,0.27595
4.67,0.085097,0.039338,0.091618,0.11211,0.089012,0.16387,0.04363,0.14689,0.10337,0.1373,0.054848,0.054046,0.027055,0.14245,0.072286,0.11083,0.25789,0.042253,0.035094,0.10803,0.46676,0.1045,0.15397,0.19493,0.023773,0.040672,0.041648,0.048902,0.087251,0.085535,0.12063,0.17682,0.099225,0.13444,0.067825,0.061808,0.13032,0.093804,0.27599
4.68,0.084692,0.039154,0.091333,0.11145,0.088894,0.1623,0.043498,0.14606,0.10293,0.13623,0.054465,0.053418,0.026868,0.14164,0.071959,0.11009,0.25721,0.042043,0.035124,0.10828,0.46576,0.1043,0.15481,0.19401,0.023583,0.040671,0.041684,0.048819,0.086902,0.085532,0.11992,0.17622,0.098156,0.13441,0.06772,0.062258,0.12989,0.09405,0.27601
4.69,0.084288,0.03897,0.091048,0.11079,0.088776,0.16074,0.043365,0.14523,0.10248,0.13516,0.054085,0.052771,0.026681,0.14084,0.071634,0.10934,0.25652,0.041836,0.035156,0.10853,0.46473,0.10407,0.15564,0.19305,0.023394,0.040653,0.041731,0.048727,0.086556,0.085516,0.11921,0.17556,0.09706,0.13438,0.067616,0.062704,0.12946,0.094288,0.27603
4.7,0.083887,0.038787,0.090764,0.11014,0.088657,0.15919,0.043232,0.14441,0.10202,0.1341,0.053707,0.052106,0.026494,0.14008,0.071309,0.10859,0.25583,0.041633,0.035187,0.10878,0.46364,0.10381,0.15645,0.19207,0.023204,0.040619,0.041789,0.048629,0.086211,0.085488,0.1185,0.17483,0.095933,0.13435,0.067514,0.063145,0.12903,0.094517,0.27603
4.71,0.083488,0.038604,0.090481,0.10949,0.088538,0.15765,0.043099,0.14359,0.10156,0.13305,0.053331,0.051642,0.026306,0.13935,0.070985,0.10784,0.25512,0.041432,0.035219,0.10903,0.46252,0.10354,0.15723,0.19106,0.023013,0.040569,0.04186,0.048526,0.085868,0.085446,0.1178,0.17403,0.094773,0.13432,0.067414,0.063581,0.1286,0.094737,0.27602
4.72,0.083092,0.038423,0.0902,0.10884,0.088417,0.15645,0.042965,0.14278,0.1011,0.132,0.052958,0.051266,0.026119,0.13864,0.070662,0.10709,0.25441,0.041234,0.035252,0.10927,0.46135,0.10323,0.158,0.19002,0.022822,0.040503,0.041942,0.04842,0.085527,0.085389,0.1171,0.17315,0.093581,0.13428,0.067315,0.064011,0.12817,0.094949,0.276
4.73,0.082697,0.038243,0.089922,0.1082,0.088296,0.15533,0.04283,0.14197,0.10063,0.13096,0.052591,0.050874,0.025933,0.13794,0.07034,0.10634,0.2537,0.041039,0.035283,0.10952,0.46013,0.10291,0.15874,0.18897,0.022631,0.040424,0.042035,0.048308,0.085188,0.085316,0.1164,0.17221,0.092359,0.13423,0.067217,0.064435,0.12774,0.095152,0.27598
4.74,0.082306,0.038063,0.089645,0.10756,0.088174,0.15421,0.042695,0.14117,0.10017,0.12994,0.052228,0.050465,0.025746,0.13726,0.070018,0.10558,0.25298,0.040848,0.035315,0.10977,0.45887,0.10256,0.15947,0.18788,0.022439,0.040332,0.042141,0.048188,0.08485,0.085228,0.11572,0.17181,0.091104,0.13418,0.06712,0.064854,0.1273,0.095347,0.27594
4.75,0.081917,0.037883,0.08937,0.10692,0.08805,0.15309,0.04256,0.14037,0.099701,0.12892,0.051867,0.050037,0.025558,0.13658,0.069698,0.10483,0.25225,0.040659,0.035346,0.11002,0.45757,0.10219,0.16017,0.18678,0.022246,0.040226,0.042258,0.048062,0.084514,0.085123,0.11503,0.17223,0.089819,0.13413,0.067023,0.065266,0.12734,0.095534,0.2759
4.76,0.081531,0.037704,0.089097,0.10629,0.087926,0.15197,0.042424,0.13958,0.09923,0.1279,0.051508,0.049594,0.02537,0.13591,0.069378,0.10407,0.25152,0.040473,0.035377,0.11026,0.45621,0.1018,0.16086,0.18565,0.022054,0.040108,0.042386,0.047936,0.08418,0.085003,0.11435,0.17258,0.089182,0.13407,0.066929,0.065673,0.12778,0.095712,0.27584
4.77,0.081147,0.037526,0.088825,0.10565,0.0878,0.15086,0.042288,0.13879,0.098755,0.1269,0.051151,0.049133,0.025182,0.13524,0.069059,0.10332,0.25078,0.040291,0.035406,0.11051,0.45481,0.10139,0.16152,0.18451,0.021862,0.039976,0.042525,0.047804,0.083847,0.08487,0.11367,0.17286,0.089089,0.134,0.066835,0.066074,0.1282,0.095882,0.27577
4.78,0.080766,0.037348,0.088554,0.10503,0.087674,0.14974,0.042152,0.13801,0.098276,0.1259,0.050797,0.048654,0.024994,0.13459,0.068743,0.10257,0.25004,0.040111,0.035435,0.11076,0.45336,0.10096,0.16216,0.18334,0.021669,0.03983,0.042676,0.047665,0.083516,0.084719,0.11299,0.17308,0.08898,0.13393,0.066742,0.066468,0.1286,0.096044,0.27569
4.79,0.080389,0.037171,0.088285,0.1044,0.087545,0.14863,0.042015,0.13723,0.097794,0.1249,0.050445,0.048159,0.024806,0.13394,0.068429,0.10181,0.24929,0.039934,0.035464,0.111,0.45187,0.10051,0.16279,0.18216,0.021476,0.039671,0.042837,0.04752,0.083187,0.084548,0.11232,0.17323,0.088856,0.13385,0.066648,0.066857,0.12897,0.096197,0.27559
4.8,0.080014,0.036995,0.088019,0.10378,0.087417,0.14752,0.041878,0.13646,0.097308,0.12392,0.050096,0.047646,0.024617,0.1333,0.068115,0.10106,0.24854,0.039761,0.035491,0.11125,0.45033,0.10004,0.16339,0.18095,0.021284,0.039498,0.043009,0.047369,0.08286,0.084364,0.11164,0.17332,0.088715,0.13377,0.066585,0.067241,0.12932,0.096342,0.27547
4.81,0.079642,0.036819,0.087757,0.10316,0.087286,0.14641,0.04174,0.13569,0.096819,0.12294,0.049748,0.047118,0.024429,0.13266,0.067802,0.10031,0.24779,0.039589,0.035517,0.1115,0.44874,0.099555,0.16396,0.17973,0.021091,0.039312,0.043191,0.047217,0.082534,0.084159,0.11098,0.17335,0.088558,0.13368,0.06656,0.067619,0.12964,0.096479,0.27535
4.82,0.079273,0.036643,0.087496,0.10255,0.087154,0.1453,0.041602,0.13493,0.096328,0.12197,0.049403,0.046573,0.02424,0.13202,0.067491,0.099562,0.24704,0.039422,0.035542,0.11174,0.44711,0.09905,0.16451,0.1785,0.020899,0.039111,0.043381,0.047061,0.08221,0.083936,0.11031,0.17331,0.088385,0.13359,0.066537,0.067991,0.12994,0.096607,0.27521
4.83,0.078907,0.036469,0.087237,0.10194,0.087021,0.1442,0.041464,0.13417,0.095833,0.12101,0.049063,0.046013,0.024051,0.13139,0.067179,0.098814,0.24628,0.039256,0.035566,0.11199,0.44544,0.098529,0.16504,0.17725,0.020707,0.038897,0.043581,0.046899,0.081887,0.083696,0.10965,0.17321,0.088195,0.13349,0.066649,0.068358,0.13022,0.096726,0.27505
4.84,0.078545,0.036294,0.086978,0.10133,0.086887,0.14309,0.041325,0.13342,0.095343,0.12006,0.048727,0.045438,0.023862,0.13075,0.066869,0.09807,0.24552,0.039094,0.035588,0.11224,0.44373,0.097994,0.16554,0.17598,0.020515,0.038669,0.04379,0.046731,0.081567,0.083436,0.10899,0.17305,0.087988,0.13339,0.067117,0.068719,0.13048,0.096837,0.27489
4.85,0.078186,0.036121,0.08672,0.10073,0.086751,0.142,0.041186,0.13267,0.094851,0.11911,0.048393,0.044846,0.023673,0.1301,0.06656,0.097326,0.24475,0.038935,0.03561,0.11248,0.44198,0.097444,0.16602,0.17471,0.020324,0.038428,0.044006,0.046558,0.081247,0.083162,0.10833,0.17283,0.087765,0.13328,0.067604,0.069076,0.13071,0.096939,0.27471
4.86,0.07783,0.035986,0.086464,0.10013,0.086613,0.1409,0.041047,0.13192,0.094357,0.11817,0.048061,0.044242,0.023484,0.12946,0.066252,0.096585,0.24398,0.038778,0.035629,0.11273,0.44019,0.096879,0.16647,0.17343,0.020133,0.038174,0.044229,0.046382,0.08093,0.082866,0.10768,0.17256,0.087523,0.13316,0.068111,0.069527,0.13092,0.097033,0.27453
4.87,0.077477,0.03591,0.086208,0.099528,0.086474,0.1398,0.040907,0.13119,0.093861,0.11724,0.047731,0.043624,0.023295,0.12882,0.065944,0.095847,0.24321,0.038624,0.035648,0.11298,0.43836,0.096298,0.1669,0.17213,0.019943,0.037907,0.044459,0.046204,0.080614,0.082557,0.10721,0.17223,0.087264,0.13304,0.068637,0.070171,0.13111,0.097117,0.27434
4.88,0.077127,0.035838,0.085953,0.098934,0.086334,0.13871,0.040767,0.13045,0.093362,0.11631,0.047403,0.042992,0.023108,0.12817,0.065637,0.095108,0.24244,0.038473,0.035664,0.11323,0.4365,0.095705,0.1673,0.17083,0.019753,0.037627,0.044695,0.046022,0.0803,0.082228,0.10688,0.17185,0.086988,0.13292,0.069179,0.070808,0.13127,0.097193,0.27414
4.89,0.07678,0.035768,0.0857,0.098342,0.086192,0.13762,0.040627,0.12972,0.092862,0.11539,0.047079,0.042348,0.02292,0.12752,0.065333,0.094374,0.24167,0.038324,0.03568,0.11347,0.43462,0.095102,0.16768,0.16952,0.019563,0.037336,0.044936,0.045834,0.079987,0.081887,0.10655,0.17141,0.086694,0.13279,0.069737,0.071439,0.13142,0.09726,0.27394
4.9,0.076435,0.035702,0.085449,0.097754,0.086049,0.13654,0.040486,0.129,0.092359,0.11448,0.04676,0.041694,0.022886,0.12688,0.065031,0.09364,0.24089,0.038178,0.035693,0.11372,0.4327,0.094487,0.16803,0.16821,0.019375,0.037033,0.045182,0.045661,0.079676,0.081525,0.10621,0.17093,0.086381,0.13265,0.07031,0.072063,0.13154,0.097318,0.27373
4.91,0.076094,0.035638,0.0852,0.097169,0.085904,0.13545,0.040345,0.12828,0.091855,0.11358,0.046442,0.041029,0.022854,0.12623,0.06473,0.092908,0.24011,0.038034,0.035705,0.11397,0.43076,0.09386,0.16835,0.16688,0.019186,0.036719,0.045431,0.0455,0.079367,0.081155,0.10588,0.17039,0.08605,0.1325,0.070898,0.07268,0.13164,0.097367,0.27351
4.92,0.075756,0.035577,0.084955,0.096586,0.085759,0.13437,0.040204,0.12757,0.091348,0.11268,0.046127,0.040356,0.022822,0.12559,0.064429,0.092178,0.23932,0.037893,0.035715,0.11421,0.4288,0.093222,0.16865,0.16555,0.018999,0.036394,0.045684,0.045338,0.07906,0.080764,0.10555,0.16981,0.085699,0.13234,0.071498,0.073291,0.13172,0.097407,0.27329
4.93,0.075422,0.03552,0.084716,0.096008,0.085611,0.1333,0.040063,0.12686,0.090841,0.11179,0.045814,0.039836,0.022789,0.12495,0.06413,0.091449,0.23854,0.037755,0.035723,0.11446,0.42682,0.092574,0.16892,0.16422,0.018813,0.03606,0.045939,0.045172,0.078754,0.080365,0.10521,0.16919,0.08533,0.13218,0.072111,0.073896,0.13178,0.097439,0.27306
4.94,0.07509,0.035465,0.084491,0.095433,0.085463,0.13222,0.039922,0.12616,0.090331,0.1109,0.045503,0.039307,0.022756,0.12432,0.063831,0.090722,0.23775,0.037619,0.035729,0.11471,0.42482,0.091918,0.16917,0.16287,0.018628,0.035714,0.046196,0.045036,0.078449,0.079947,0.10488,0.16851,0.085251,0.13201,0.072735,0.074496,0.13182,0.097462,0.27282
4.95,0.074762,0.035412,0.084287,0.09486,0.085313,0.13115,0.03978,0.12546,0.089822,0.11003,0.045194,0.038765,0.022722,0.12368,0.063533,0.089995,0.23695,0.037485,0.035734,0.11495,0.42281,0.091255,0.1694,0.16153,0.01853,0.03536,0.046453,0.044909,0.078147,0.079519,0.10455,0.1678,0.085143,0.13183,0.073369,0.075092,0.13185,0.097476,0.27258
4.96,0.074437,0.035363,0.084085,0.094292,0.085161,0.13009,0.039638,0.12476,0.089317,0.10916,0.044887,0.038211,0.022688,0.12305,0.063236,0.089269,0.23616,0.037354,0.035736,0.11519,0.42079,0.090584,0.1696,0.16018,0.018432,0.034997,0.046712,0.044777,0.077847,0.079076,0.10421,0.16704,0.084995,0.13177,0.074012,0.075684,0.13185,0.09748,0.27233
4.97,0.074115,0.035315,0.083884,0.093726,0.085009,0.12903,0.039496,0.12407,0.088811,0.10829,0.044584,0.037647,0.022653,0.12242,0.062941,0.088546,0.23536,0.037225,0.035736,0.11544,0.41875,0.089906,0.16978,0.15883,0.018333,0.034625,0.046969,0.044645,0.077548,0.078621,0.10388,0.16624,0.084812,0.13183,0.074665,0.076274,0.13183,0.097477,0.27206
4.98,0.073796,0.035271,0.083682,0.093164,0.084856,0.12797,0.039353,0.12339,0.088304,0.10744,0.044284,0.037074,0.022617,0.1218,0.062646,0.08782,0.23455,0.037098,0.035735,0.11568,0.4167,0.08922,0.16993,0.15748,0.018234,0.034244,0.047226,0.044507,0.077251,0.078155,0.10354,0.16539,0.084597,0.13189,0.075325,0.076862,0.13179,0.097465,0.27179
4.99,0.073481,0.035229,0.08348,0.092605,0.084701,0.12691,0.039212,0.12271,0.087796,0.10659,0.043987,0.036979,0.022581,0.12117,0.062352,0.087099,0.23374,0.036974,0.035731,0.11592,0.41464,0.088529,0.17006,0.15613,0.018135,0.033856,0.047482,0.044367,0.076955,0.077674,0.10321,0.1651,0.084353,0.13194,0.075991,0.07745,0.13173,0.097444,0.2715
5,0.073169,0.035189,0.083277,0.092048,0.084546,0.12587,0.039071,0.12204,0.087287,0.10575,0.043691,0.03705,0.022544,0.12055,0.062058,0.086377,0.23293,0.036851,0.035725,0.11615,0.41256,0.087833,0.17018,0.15478,0.018035,0.03346,0.047735,0.044225,0.076661,0.077187,0.10287,0.16559,0.084083,0.13198,0.076665,0.078037,0.13166,0.097414,0.2712
5.01,0.072859,0.035151,0.083075,0.091496,0.08439,0.12482,0.03893,0.12137,0.086777,0.10491,0.043398,0.037112,0.022507,0.11992,0.061768,0.085654,0.23211,0.03673,0.035717,0.11639,0.41047,0.087132,0.17027,0.15344,0.017935,0.033057,0.047987,0.044077,0.076369,0.076806,0.10253,0.16602,0.083793,0.13202,0.077343,0.078624,0.13156,0.097377,0.27089
5.02,0.072553,0.035116,0.08287,0.090946,0.084232,0.12378,0.038788,0.1207,0.086267,0.10408,0.043106,0.037167,0.022469,0.1194,0.061479,0.084937,0.23128,0.036612,0.035707,0.11662,0.40835,0.086429,0.17034,0.15209,0.017834,0.032648,0.048235,0.043931,0.076078,0.07684,0.1022,0.16638,0.083485,0.13204,0.078026,0.079211,0.13145,0.09733,0.27057
5.03,0.072249,0.035083,0.082667,0.090399,0.084074,0.12274,0.038646,0.12004,0.085755,0.10326,0.042817,0.037212,0.02243,0.11888,0.061191,0.084217,0.23046,0.036495,0.035695,0.11685,0.40623,0.085723,0.17039,0.15075,0.017733,0.032231,0.04848,0.04378,0.075789,0.076864,0.10186,0.16668,0.083164,0.13207,0.078712,0.079798,0.13132,0.097276,0.27024
5.04,0.071948,0.035052,0.082461,0.089856,0.083914,0.12171,0.038504,0.11938,0.085244,0.10244,0.042529,0.037247,0.022391,0.11836,0.060904,0.083497,0.22962,0.03638,0.03568,0.11708,0.40409,0.085014,0.17041,0.14941,0.017632,0.03181,0.048721,0.04363,0.075501,0.07688,0.10152,0.1669,0.082833,0.13208,0.079401,0.080385,0.13117,0.097214,0.26989
5.05,0.071649,0.035023,0.082256,0.089315,0.083754,0.12069,0.038362,0.11873,0.084731,0.10163,0.042243,0.03727,0.022352,0.11785,0.060618,0.082783,0.22879,0.036267,0.035663,0.1173,0.40194,0.084302,0.17041,0.14807,0.017531,0.031382,0.048958,0.043477,0.075215,0.076887,0.10118,0.16704,0.082497,0.13209,0.080093,0.080973,0.13101,0.097143,0.26953
5.06,0.071353,0.034996,0.08205,0.088778,0.083593,0.11966,0.03822,0.11809,0.084219,0.10083,0.041959,0.03728,0.022311,0.11734,0.060333,0.082067,0.22794,0.036155,0.035644,0.11752,0.39977,0.083589,0.17039,0.14674,0.017429,0.030949,0.049191,0.043323,0.07493,0.076891,0.10084,0.16711,0.08216,0.13208,0.080785,0.081563,0.13083,0.097064,0.26916
5.07,0.071059,0.034972,0.081842,0.088244,0.083431,0.11865,0.038078,0.11744,0.083706,0.10003,0.041677,0.037277,0.022271,0.1169,0.060049,0.081351,0.2271,0.036045,0.035622,0.11774,0.39759,0.082875,0.17034,0.1454,0.017328,0.030512,0.049418,0.043165,0.074647,0.076888,0.1005,0.16709,0.081828,0.13207,0.081477,0.082154,0.13063,0.096978,0.26877
5.08,0.070768,0.034949,0.081636,0.087712,0.083268,0.11763,0.037936,0.1168,0.083197,0.099241,0.041397,0.03726,0.022229,0.11672,0.059766,0.080639,0.22625,0.035936,0.035597,0.11796,0.3954,0.082161,0.17027,0.14407,0.017226,0.03007,0.049639,0.043007,0.074365,0.076877,0.10015,0.167,0.081503,0.13205,0.08217,0.082748,0.13041,0.096882,0.26838
5.09,0.070478,0.034927,0.081427,0.087184,0.083104,0.11663,0.037794,0.11617,0.08269,0.098457,0.041119,0.037228,0.022188,0.11654,0.059484,0.079929,0.22539,0.035829,0.03557,0.11817,0.39319,0.081447,0.17018,0.14275,0.017124,0.029624,0.049854,0.042845,0.074085,0.076859,0.099808,0.16682,0.081192,0.13202,0.082861,0.083343,0.13019,0.09678,0.26797
5.1,0.070191,0.034908,0.081218,0.086658,0.082939,0.11562,0.037651,0.11554,0.082183,0.097679,0.040843,0.037179,0.022145,0.11635,0.059202,0.079218,0.22453,0.035723,0.035541,0.11837,0.39098,0.080735,0.17006,0.14142,0.017022,0.029174,0.050061,0.042679,0.073807,0.076833,0.099496,0.16656,0.080898,0.13197,0.08355,0.083939,0.12994,0.09667,0.26754
5.11,0.069906,0.03489,0.081009,0.086136,0.082774,0.11463,0.037509,0.11491,0.081676,0.096907,0.040569,0.037114,0.022102,0.11615,0.058922,0.078509,0.22367,0.035618,0.035508,0.11858,0.38875,0.080025,0.16991,0.1401,0.01692,0.028879,0.05026,0.04251,0.07353,0.076799,0.099188,0.1662,0.080626,0.13192,0.084237,0.084537,0.12968,0.096552,0.26711
5.12,0.069623,0.034874,0.080799,0.085617,0.082608,0.11363,0.037366,0.11429,0.081169,0.096142,0.040296,0.037033,0.022059,0.11596,0.058642,0.077805,0.2228,0.035515,0.035474,0.11877,0.38652,0.079316,0.16975,0.13878,0.016817,0.028718,0.050451,0.042341,0.073254,0.07676,0.098878,0.16576,0.080379,0.13185,0.08492,0.085135,0.12941,0.096428,0.26667
5.13,0.069343,0.034859,0.080588,0.0851,0.08244,0.11265,0.037224,0.11367,0.080662,0.095382,0.040028,0.036935,0.022015,0.11575,0.058366,0.0771,0.22193,0.035413,0.035436,0.11897,0.38428,0.078611,0.16956,0.13746,0.016715,0.028557,0.050633,0.042168,0.07298,0.076718,0.098567,0.16522,0.080162,0.13177,0.085599,0.085735,0.12912,0.096295,0.26621
5.14,0.069064,0.034846,0.080377,0.084586,0.082272,0.11167,0.037081,0.11306,0.080156,0.094629,0.039763,0.036818,0.02197,0.11554,0.05809,0.076396,0.22105,0.035311,0.035396,0.11915,0.38203,0.077908,0.16935,0.13615,0.016613,0.028398,0.050805,0.041992,0.072708,0.076668,0.098254,0.16515,0.079978,0.13167,0.086274,0.086336,0.12882,0.096156,0.26575
5.15,0.068787,0.034834,0.080165,0.084075,0.082103,0.11069,0.036938,0.11245,0.07965,0.093882,0.039498,0.036683,0.021925,0.11533,0.057816,0.075697,0.22017,0.035211,0.035353,0.11934,0.37977,0.077209,0.16913,0.13484,0.01651,0.028242,0.050968,0.041812,0.072437,0.07661,0.09794,0.16535,0.07983,0.13157,0.086943,0.086938,0.12851,0.096009,0.26527
5.16,0.068512,0.034824,0.079953,0.083567,0.081934,0.10972,0.036796,0.11184,0.079144,0.093141,0.039236,0.03653,0.02188,0.11511,0.057542,0.075,0.21929,0.035112,0.035308,0.11952,0.37751,0.076514,0.16889,0.13353,0.016408,0.028087,0.051121,0.041633,0.072167,0.076546,0.097627,0.16559,0.079721,0.13144,0.087606,0.08754,0.12819,0.095855,0.26479
5.17,0.068239,0.034815,0.07974,0.083061,0.081763,0.10876,0.036653,0.11124,0.078638,0.092415,0.038976,0.036359,0.021834,0.11489,0.05727,0.074303,0.21841,0.035013,0.03526,0.11969,0.37524,0.075824,0.16863,0.13223,0.016306,0.027932,0.051263,0.04145,0.071899,0.076475,0.097312,0.16575,0.079654,0.13131,0.088263,0.088144,0.12786,0.095695,0.26431
5.18,0.067968,0.034807,0.079526,0.082559,0.081592,0.1078,0.036511,0.11064,0.078133,0.092061,0.038717,0.036169,0.021787,0.11466,0.056998,0.073608,0.21752,0.034915,0.035209,0.11986,0.37296,0.075139,0.16837,0.13093,0.016204,0.027777,0.051397,0.041264,0.071632,0.076403,0.096995,0.16583,0.079631,0.13116,0.088912,0.088749,0.12751,0.095527,0.26382
5.19,0.067698,0.034801,0.079312,0.082059,0.081421,0.10684,0.036368,0.11004,0.077629,0.091709,0.03846,0.035961,0.02174,0.11443,0.056728,0.072919,0.21663,0.034818,0.035155,0.12002,0.37068,0.074459,0.16809,0.12963,0.016102,0.027622,0.05152,0.041077,0.071367,0.076324,0.096722,0.16584,0.079654,0.13099,0.089553,0.089354,0.12716,0.095353,0.26332
5.2,0.06743,0.034796,0.079098,0.081562,0.081249,0.1059,0.036226,0.10945,0.077126,0.091357,0.038205,0.035733,0.021693,0.1142,0.056458,0.072231,0.21574,0.034721,0.035098,0.12018,0.36839,0.073785,0.1678,0.12833,0.016,0.027467,0.051633,0.040889,0.071104,0.076239,0.096528,0.16577,0.079724,0.13082,0.090186,0.089959,0.1268,0.095172,0.26282
5.21,0.067164,0.034791,0.078883,0.081068,0.081077,0.10495,0.036084,0.10886,0.076626,0.091007,0.037952,0.035487,0.021645,0.11396,0.05619,0.071544,0.21484,0.034625,0.035038,0.12033,0.36609,0.073118,0.16749,0.12704,0.015898,0.027311,0.051737,0.040697,0.070841,0.076147,0.096337,0.16562,0.079841,0.13062,0.09081,0.090565,0.12642,0.094985,0.26232
5.22,0.066899,0.034788,0.078666,0.080577,0.080904,0.10402,0.035941,0.10828,0.076129,0.090659,0.0377,0.035222,0.021597,0.11371,0.055922,0.070859,0.21394,0.03453,0.034975,0.12048,0.36379,0.072458,0.16717,0.12575,0.015796,0.027154,0.051831,0.040505,0.07058,0.076049,0.09615,0.16538,0.080005,0.13041,0.091424,0.091171,0.12604,0.094792,0.26182
5.23,0.066636,0.034786,0.078451,0.080087,0.08073,0.10309,0.035799,0.1077,0.075632,0.090313,0.03745,0.03494,0.021548,0.11347,0.055655,0.070402,0.21304,0.034434,0.034908,0.12062,0.36149,0.071805,0.16683,0.12446,0.015694,0.026998,0.051918,0.040311,0.070321,0.075951,0.095966,0.16506,0.080218,0.13019,0.09203,0.091776,0.12566,0.094592,0.26131
5.24,0.066374,0.034785,0.078234,0.079601,0.080556,0.10216,0.035657,0.10712,0.075137,0.089967,0.037202,0.03464,0.021498,0.11321,0.05539,0.070025,0.21214,0.034339,0.034839,0.12075,0.35918,0.07116,0.16646,0.12318,0.015593,0.026841,0.051996,0.040128,0.070063,0.075846,0.095786,0.16466,0.080477,0.12995,0.092626,0.092379,0.12526,0.094386,0.2608
5.25,0.066114,0.034785,0.078016,0.079118,0.080382,0.10125,0.035515,0.10654,0.074642,0.089622,0.036956,0.034323,0.021449,0.11296,0.055126,0.06965,0.21123,0.034245,0.034766,0.12088,0.35687,0.070523,0.16648,0.1219,0.015491,0.026683,0.052066,0.039949,0.069807,0.075736,0.095609,0.16418,0.080782,0.1297,0.093212,0.092978,0.12531,0.094174,0.26029
5.26,0.065854,0.034785,0.077797,0.078637,0.080206,0.10033,0.035373,0.10597,0.074148,0.089279,0.036711,0.033989,0.021398,0.1127,0.054864,0.069276,0.21033,0.034151,0.03469,0.121,0.35455,0.069894,0.16694,0.12062,0.01539,0.026525,0.052127,0.039769,0.069552,0.075619,0.095435,0.16362,0.081132,0.12943,0.093788,0.093573,0.12574,0.093957,0.25977
5.27,0.065597,0.034787,0.077579,0.078159,0.08003,0.099427,0.035231,0.10541,0.073655,0.088936,0.036468,0.033639,0.021348,0.11243,0.054604,0.068906,0.20942,0.034056,0.034611,0.12112,0.35223,0.069275,0.16738,0.11934,0.015289,0.026366,0.052177,0.039587,0.069298,0.075499,0.095265,0.16297,0.081523,0.12914,0.094355,0.094163,0.12615,0.093732,0.25926
5.28,0.06534,0.034789,0.07736,0.077683,0.079853,0.098527,0.03509,0.10484,0.073163,0.088594,0.036227,0.033272,0.021296,0.11217,0.054344,0.068537,0.20851,0.033962,0.034529,0.12123,0.34991,0.068664,0.1678,0.11807,0.015189,0.026208,0.052216,0.039405,0.069046,0.075376,0.095097,0.16225,0.081954,0.12884,0.094912,0.094748,0.12655,0.093504,0.25875
5.29,0.065085,0.034792,0.07714,0.07721,0.079675,0.097634,0.034948,0.10428,0.072673,0.088254,0.035988,0.032891,0.021245,0.1119,0.054085,0.06817,0.20761,0.033868,0.034443,0.12133,0.34758,0.068062,0.1682,0.1168,0.015089,0.026049,0.052244,0.03922,0.068795,0.075248,0.094932,0.16144,0.082422,0.12853,0.095459,0.095327,0.12693,0.093268,0.25824
5.3,0.06483,0.034795,0.076919,0.076739,0.079497,0.096746,0.034807,0.10372,0.072183,0.087916,0.03575,0.032495,0.021193,0.11162,0.053827,0.067804,0.20669,0.033913,0.034354,0.12143,0.34526,0.06747,0.16859,0.11553,0.014989,0.025889,0.05226,0.039035,0.068545,0.075115,0.094771,0.16056,0.082925,0.1282,0.095996,0.095899,0.1273,0.093029,0.25773
5.31,0.064577,0.034799,0.076699,0.076271,0.079317,0.095864,0.034666,0.10317,0.071695,0.087579,0.035514,0.032086,0.021141,0.11134,0.05357,0.06744,0.20578,0.033945,0.034262,0.12152,0.34293,0.066888,0.16894,0.11427,0.014889,0.02573,0.052264,0.038849,0.068297,0.074977,0.094611,0.1596,0.083458,0.12785,0.096522,0.096465,0.12766,0.092783,0.25722
5.32,0.064325,0.034804,0.076478,0.075806,0.079136,0.094988,0.034525,0.10262,0.071208,0.087244,0.035279,0.031664,0.021088,0.11106,0.053314,0.067078,0.20487,0.033962,0.034166,0.12161,0.3406,0.066317,0.16929,0.11301,0.014789,0.02557,0.052257,0.038668,0.06805,0.074934,0.094455,0.15856,0.084019,0.12749,0.097038,0.097023,0.128,0.092532,0.2567
5.33,0.064075,0.03481,0.076256,0.075342,0.078955,0.094119,0.034384,0.10207,0.070723,0.086909,0.035047,0.031229,0.021035,0.11077,0.053059,0.066717,0.20396,0.033965,0.034068,0.12169,0.33827,0.065755,0.1696,0.11176,0.01469,0.02541,0.052237,0.038486,0.067805,0.07502,0.0943,0.15746,0.084604,0.12712,0.097544,0.097574,0.12833,0.092276,0.25618
5.34,0.063825,0.034815,0.076033,0.074882,0.078773,0.093256,0.034243,0.10153,0.070243,0.086575,0.034816,0.030783,0.020981,0.11048,0.052805,0.066358,0.20305,0.033954,0.033966,0.12176,0.33595,0.065204,0.16991,0.1105,0.014591,0.02525,0.052206,0.038331,0.067562,0.075077,0.094148,0.15629,0.085209,0.12673,0.098039,0.098119,0.12864,0.092015,0.25566
5.35,0.063577,0.034822,0.075811,0.074424,0.078589,0.0924,0.034103,0.10098,0.069764,0.086243,0.034587,0.030326,0.020927,0.11019,0.052552,0.066001,0.20213,0.033927,0.033862,0.12183,0.33363,0.064663,0.17019,0.10926,0.014493,0.02509,0.052164,0.038193,0.06732,0.075104,0.093999,0.15556,0.08583,0.12632,0.098524,0.098656,0.12894,0.091749,0.25513
5.36,0.06333,0.034828,0.075588,0.073969,0.078404,0.091549,0.033963,0.10045,0.069349,0.085911,0.034359,0.02986,0.020873,0.10989,0.0523,0.065645,0.20122,0.033885,0.033754,0.12189,0.33131,0.064133,0.17045,0.10801,0.014395,0.02493,0.052109,0.038057,0.067079,0.075102,0.093852,0.15484,0.086465,0.1259,0.098997,0.099188,0.12922,0.091478,0.2546
5.37,0.063084,0.034835,0.075364,0.073515,0.078218,0.090915,0.033823,0.09991,0.068941,0.085581,0.034133,0.029384,0.020818,0.10959,0.05205,0.065291,0.20031,0.033826,0.033643,0.12195,0.32899,0.063614,0.17069,0.10678,0.014297,0.02477,0.052044,0.037917,0.06684,0.07507,0.093706,0.15408,0.087108,0.12547,0.099459,0.099713,0.12949,0.091203,0.25406
5.38,0.06284,0.034843,0.075139,0.073065,0.078032,0.090512,0.033683,0.099378,0.068537,0.085252,0.033909,0.0289,0.020763,0.10929,0.051801,0.064938,0.19939,0.03375,0.033528,0.122,0.32668,0.063106,0.17091,0.10599,0.014199,0.02461,0.051967,0.037774,0.066601,0.075009,0.093563,0.15328,0.087757,0.12502,0.09991,0.10023,0.12975,0.090923,0.25353
5.39,0.062596,0.03485,0.074915,0.072617,0.077844,0.090108,0.033543,0.098848,0.068133,0.084926,0.033686,0.028463,0.020707,0.10898,0.051554,0.064588,0.19848,0.033657,0.033411,0.12205,0.32437,0.062609,0.17111,0.10558,0.014162,0.02445,0.051879,0.037627,0.066365,0.074917,0.093422,0.15244,0.088488,0.12455,0.10035,0.10074,0.12999,0.090639,0.25299
5.4,0.062354,0.034858,0.07469,0.072171,0.077654,0.089707,0.033404,0.098323,0.067729,0.0846,0.033465,0.028478,0.020651,0.10867,0.051307,0.064239,0.19757,0.033547,0.03329,0.12209,0.32206,0.062123,0.1713,0.10516,0.014214,0.02429,0.051781,0.037478,0.066129,0.074797,0.093282,0.15182,0.08927,0.12408,0.10078,0.10125,0.13021,0.09035,0.2526
5.41,0.062113,0.034866,0.074465,0.071728,0.077464,0.089307,0.033265,0.0978,0.067325,0.084275,0.033245,0.028471,0.020595,0.10836,0.051062,0.063894,0.19665,0.033421,0.033165,0.12212,0.31976,0.061648,0.17146,0.10475,0.014263,0.024131,0.051673,0.037329,0.065895,0.074647,0.093144,0.15147,0.090046,0.12359,0.10119,0.10175,0.13042,0.090057,0.25239
5.42,0.061872,0.034874,0.074239,0.071287,0.077274,0.088908,0.033126,0.097279,0.066921,0.083952,0.033027,0.028442,0.020539,0.10804,0.050817,0.063549,0.19574,0.033279,0.033038,0.12215,0.31746,0.061184,0.17161,0.10434,0.014309,0.023971,0.051553,0.037177,0.065662,0.074469,0.093008,0.15108,0.090813,0.12309,0.10159,0.10224,0.13062,0.08976,0.25217
5.43,0.061633,0.034883,0.074012,0.070849,0.077082,0.08851,0.032989,0.096762,0.066517,0.08363,0.032811,0.028392,0.020482,0.10772,0.050574,0.063207,0.19483,0.033122,0.032908,0.12218,0.31517,0.06073,0.17173,0.10394,0.014353,0.023812,0.051424,0.037023,0.06543,0.074263,0.092874,0.15064,0.091567,0.12257,0.10198,0.10272,0.1308,0.089857,0.25193
5.44,0.061394,0.034892,0.073787,0.070413,0.076889,0.088113,0.032851,0.096248,0.066118,0.083308,0.032596,0.028318,0.020425,0.1074,0.050331,0.062866,0.19391,0.032951,0.032774,0.1222,0.31288,0.060288,0.17184,0.10354,0.014394,0.023653,0.051285,0.036865,0.0652,0.074031,0.092741,0.15015,0.092305,0.12205,0.10235,0.1032,0.13097,0.090346,0.25168
5.45,0.061157,0.0349,0.07356,0.069979,0.076695,0.087717,0.032714,0.095736,0.06572,0.082988,0.032384,0.028221,0.020367,0.10708,0.05009,0.062526,0.193,0.032766,0.032637,0.12222,0.31059,0.059857,0.17193,0.10313,0.014432,0.023494,0.051136,0.036705,0.064971,0.073774,0.092609,0.14963,0.093024,0.1215,0.10271,0.10366,0.13112,0.090796,0.25142
5.46,0.06092,0.034909,0.073333,0.069548,0.0765,0.087322,0.032577,0.095227,0.065321,0.082669,0.032174,0.0281,0.020309,0.10675,0.049849,0.062188,0.19209,0.032566,0.032498,0.12223,0.3083,0.059437,0.172,0.10273,0.014468,0.023336,0.050977,0.036542,0.064743,0.073493,0.092479,0.14906,0.093722,0.12095,0.10305,0.10412,0.13126,0.091206,0.25115
5.47,0.060685,0.034918,0.073106,0.069119,0.076305,0.086929,0.032441,0.094722,0.064923,0.082352,0.031965,0.027957,0.020251,0.10642,0.049609,0.061852,0.19118,0.032352,0.032355,0.12223,0.30602,0.059028,0.17205,0.10234,0.014502,0.023177,0.050809,0.036379,0.064517,0.073189,0.09235,0.14845,0.094394,0.12038,0.10338,0.10457,0.13138,0.091575,0.25087
5.48,0.06045,0.034927,0.072877,0.068692,0.076109,0.086536,0.032305,0.094219,0.064526,0.082037,0.031759,0.027791,0.020193,0.10609,0.049371,0.061518,0.19027,0.032123,0.032309,0.12224,0.30374,0.058629,0.17208,0.10195,0.014533,0.02302,0.050632,0.036214,0.064291,0.072864,0.092223,0.14781,0.095039,0.1198,0.10369,0.10501,0.13149,0.091901,0.25058
5.49,0.060216,0.034935,0.07265,0.068268,0.075913,0.086144,0.032169,0.093719,0.064129,0.081722,0.031617,0.027601,0.020134,0.10576,0.049134,0.061185,0.18936,0.031936,0.032336,0.12224,0.30147,0.058241,0.17209,0.10155,0.014562,0.022863,0.050445,0.036047,0.064067,0.072517,0.092097,0.14713,0.095655,0.1192,0.10399,0.10544,0.13159,0.092185,0.25028
5.5,0.059984,0.034944,0.072422,0.067846,0.075717,0.085753,0.032033,0.093222,0.063733,0.081409,0.031477,0.027391,0.020075,0.10542,0.048899,0.060854,0.18846,0.031834,0.032361,0.12223,0.2992,0.057863,0.17208,0.10116,0.01459,0.022706,0.05025,0.035878,0.063844,0.072148,0.091971,0.14642,0.09624,0.11859,0.10427,0.10586,0.13168,0.092424,0.24997
5.51,0.059752,0.034953,0.072194,0.067426,0.07552,0.085364,0.031898,0.092728,0.063338,0.081097,0.031338,0.02716,0.020016,0.10508,0.048665,0.060525,0.18755,0.031732,0.032382,0.12222,0.29694,0.057495,0.17206,0.10078,0.014614,0.022549,0.050046,0.035706,0.063622,0.071757,0.091847,0.14569,0.096791,0.11797,0.10453,0.10627,0.13175,0.092619,0.24965
5.52,0.059521,0.034961,0.071965,0.067009,0.075323,0.084975,0.031763,0.092236,0.062946,0.080785,0.0312,0.026907,0.019956,0.10474,0.048431,0.060197,0.18664,0.031629,0.032402,0.12221,0.29468,0.057138,0.17201,0.10039,0.014637,0.022393,0.049833,0.035532,0.063402,0.071358,0.091724,0.14493,0.097308,0.11733,0.10477,0.10667,0.13181,0.092769,0.24932
5.53,0.059291,0.03497,0.071735,0.066594,0.075126,0.084586,0.031628,0.091747,0.062556,0.080475,0.031062,0.026833,0.019896,0.1044,0.048199,0.059871,0.18574,0.031525,0.032418,0.12219,0.29242,0.05679,0.17194,0.10001,0.014657,0.022238,0.049613,0.035355,0.063182,0.071159,0.091602,0.14414,0.097788,0.11669,0.105,0.10706,0.13185,0.092873,0.24899
5.54,0.059062,0.034978,0.071507,0.066181,0.07493,0.084199,0.031494,0.09126,0.062165,0.080166,0.030925,0.026799,0.019836,0.10405,0.047967,0.059546,0.18484,0.031421,0.032431,0.12216,0.29018,0.056453,0.17186,0.09963,0.014675,0.022083,0.049385,0.035177,0.062964,0.070957,0.09148,0.14333,0.09823,0.11602,0.10522,0.10744,0.13188,0.092932,0.24864
5.55,0.058834,0.034987,0.071278,0.065771,0.074734,0.083813,0.03136,0.090777,0.061776,0.079859,0.030789,0.026745,0.019776,0.10371,0.047737,0.059224,0.18394,0.031315,0.032441,0.12214,0.28793,0.056125,0.17175,0.099252,0.01469,0.021929,0.049149,0.035,0.062747,0.070751,0.09136,0.1425,0.098635,0.11535,0.10542,0.10781,0.13191,0.092944,0.24829
5.56,0.058606,0.034995,0.071049,0.065362,0.074537,0.083428,0.031226,0.090297,0.061387,0.079553,0.030653,0.02667,0.019715,0.10336,0.047508,0.058904,0.18304,0.03121,0.032448,0.12211,0.28576,0.055806,0.17163,0.098876,0.014703,0.021775,0.048906,0.034821,0.062531,0.070545,0.09124,0.14164,0.099,0.11466,0.1056,0.10816,0.13191,0.092911,0.24793
5.57,0.05838,0.035003,0.070819,0.064956,0.074342,0.083043,0.031093,0.089818,0.060999,0.079249,0.030518,0.026576,0.019654,0.10301,0.047279,0.058586,0.18214,0.031103,0.032451,0.12207,0.28416,0.055496,0.17148,0.098502,0.014714,0.021622,0.048657,0.034684,0.062316,0.070337,0.091121,0.14077,0.099326,0.11395,0.10577,0.10851,0.13191,0.092832,0.24755
5.58,0.058154,0.03501,0.070589,0.064552,0.074146,0.08266,0.03096,0.089342,0.060612,0.078946,0.030385,0.026464,0.019593,0.10266,0.047052,0.058269,0.18124,0.030996,0.032452,0.12203,0.28255,0.055195,0.17131,0.09813,0.014722,0.02147,0.0484,0.034589,0.062103,0.070127,0.091002,0.13987,0.099612,0.11324,0.10593,0.10885,0.1319,0.092706,0.24717
5.59,0.05793,0.035018,0.070359,0.064151,0.073949,0.082278,0.030827,0.08887,0.060226,0.078643,0.030251,0.026334,0.019532,0.10231,0.046825,0.057954,0.18034,0.030889,0.032449,0.12199,0.28094,0.054903,0.17113,0.09776,0.014728,0.021318,0.048138,0.034493,0.06189,0.069914,0.090885,0.13896,0.099856,0.11251,0.10607,0.10919,0.13187,0.092536,0.24678
5.6,0.057706,0.035025,0.07013,0.063751,0.073753,0.081897,0.030695,0.0884,0.059843,0.078342,0.030119,0.026189,0.01947,0.10195,0.0466,0.057641,0.17945,0.030781,0.032443,0.12194,0.27933,0.05462,0.17093,0.097393,0.014732,0.021167,0.047871,0.034397,0.061679,0.069701,0.090768,0.13803,0.10006,0.11177,0.10621,0.10952,0.13183,0.09232,0.24638
5.61,0.057483,0.035032,0.0699,0.063353,0.073555,0.081516,0.030563,0.087933,0.059462,0.078042,0.029987,0.026054,0.019408,0.1016,0.046375,0.057329,0.17856,0.030672,0.032433,0.12188,0.2777,0.054346,0.1707,0.097027,0.014733,0.021016,0.047597,0.0343,0.061469,0.069486,0.090651,0.13708,0.10022,0.11102,0.10633,0.10984,0.13179,0.09206,0.24597
5.62,0.057261,0.035039,0.070214,0.062959,0.073358,0.081136,0.030432,0.087468,0.059082,0.077744,0.029856,0.02596,0.019346,0.10124,0.046153,0.057019,0.17766,0.030562,0.032421,0.12183,0.27607,0.054079,0.17046,0.096663,0.014732,0.020867,0.047319,0.034202,0.06126,0.069268,0.090535,0.13613,0.10035,0.11025,0.10644,0.11015,0.13173,0.091758,0.24556
5.63,0.057039,0.035045,0.070578,0.062566,0.07316,0.080759,0.0303,0.087005,0.058808,0.077446,0.029726,0.025866,0.019284,0.10088,0.045932,0.05671,0.17677,0.030452,0.032405,0.12177,0.27442,0.05382,0.1702,0.096302,0.014729,0.020718,0.047037,0.034104,0.061052,0.06905,0.090419,0.13516,0.10043,0.10947,0.10654,0.11046,0.13166,0.091415,0.24514
5.64,0.056819,0.035051,0.070935,0.062175,0.072961,0.080382,0.03017,0.086546,0.05859,0.077149,0.029596,0.025772,0.019222,0.10052,0.045711,0.056404,0.17588,0.030341,0.032386,0.1217,0.27275,0.053568,0.16991,0.095942,0.014724,0.02057,0.04675,0.034005,0.060845,0.06883,0.090304,0.13418,0.10048,0.10868,0.10662,0.11077,0.13158,0.091032,0.24472
5.65,0.0566,0.035056,0.071287,0.061786,0.072762,0.080006,0.030039,0.086089,0.058372,0.076855,0.029468,0.025678,0.01916,0.10016,0.045492,0.056098,0.175,0.03023,0.032364,0.12163,0.27108,0.053324,0.16961,0.095583,0.014717,0.020422,0.046459,0.033905,0.060639,0.068608,0.090189,0.1332,0.10048,0.10788,0.10668,0.11107,0.13149,0.090612,0.24429
5.66,0.056381,0.035062,0.071631,0.0614,0.072562,0.079631,0.02991,0.085634,0.058156,0.076562,0.029339,0.025583,0.019098,0.099795,0.045273,0.055795,0.17411,0.030118,0.032339,0.12155,0.26939,0.053087,0.1693,0.095227,0.014708,0.020275,0.046165,0.033805,0.060434,0.068384,0.090075,0.13221,0.10045,0.10706,0.10672,0.11136,0.13139,0.090156,0.24386
5.67,0.056162,0.035067,0.071969,0.061015,0.072362,0.079258,0.02978,0.085182,0.057941,0.076269,0.029212,0.025488,0.019036,0.099428,0.045055,0.055493,0.17323,0.030005,0.03231,0.12147,0.26768,0.052856,0.16896,0.094873,0.014697,0.02013,0.045868,0.033705,0.06023,0.06816,0.089961,0.13121,0.10039,0.10624,0.10675,0.11164,0.13128,0.089667,0.24343
5.68,0.055945,0.035071,0.0723,0.060633,0.072161,0.078887,0.029651,0.084732,0.057728,0.075978,0.029085,0.025393,0.018973,0.099065,0.044839,0.055193,0.17235,0.029892,0.032279,0.12139,0.26596,0.052632,0.16861,0.09452,0.014684,0.019985,0.045568,0.033605,0.060028,0.067934,0.089847,0.13021,0.10029,0.1054,0.10676,0.11191,0.13116,0.089145,0.243
5.69,0.055728,0.035075,0.072624,0.060253,0.071959,0.078516,0.029522,0.084286,0.057515,0.075688,0.028959,0.025299,0.01891,0.0987,0.044623,0.054894,0.17146,0.029778,0.032244,0.1213,0.26423,0.052414,0.16824,0.094169,0.014669,0.01984,0.045265,0.033505,0.059826,0.067707,0.089733,0.1292,0.10015,0.10456,0.10675,0.11217,0.13103,0.088594,0.24257
5.7,0.055512,0.035079,0.072941,0.059874,0.071757,0.078145,0.029394,0.083841,0.057304,0.075399,0.028834,0.025204,0.018848,0.098332,0.044408,0.054597,0.17058,0.029664,0.032207,0.12121,0.26248,0.052202,0.16786,0.093821,0.014652,0.019697,0.044961,0.033404,0.059626,0.067476,0.089619,0.12818,0.099991,0.1037,0.10673,0.11242,0.1309,0.088021,0.24214
5.71,0.055297,0.035082,0.073252,0.059498,0.071554,0.077778,0.029266,0.083399,0.057093,0.075111,0.02871,0.025109,0.018785,0.097961,0.044194,0.054301,0.16971,0.029549,0.032167,0.12111,0.26072,0.051996,0.16746,0.093473,0.014634,0.019554,0.044655,0.033303,0.059426,0.067246,0.089506,0.12717,0.099801,0.10284,0.10669,0.11266,0.13075,0.087615,0.24171
5.72,0.055083,0.035085,0.073557,0.059125,0.07135,0.077411,0.029139,0.082959,0.056884,0.074825,0.028586,0.025014,0.018721,0.097594,0.043981,0.054007,0.16883,0.029433,0.032124,0.12101,0.25894,0.051796,0.16704,0.093127,0.014614,0.019413,0.044348,0.033201,0.059227,0.067015,0.089393,0.12615,0.099582,0.10197,0.10663,0.11288,0.1306,0.087184,0.24128
5.73,0.054869,0.035087,0.073858,0.058753,0.071146,0.077045,0.029012,0.082522,0.056676,0.074539,0.028462,0.024918,0.018658,0.097224,0.043769,0.053715,0.16796,0.029317,0.032079,0.1209,0.25748,0.0516,0.16661,0.092783,0.014593,0.019272,0.044136,0.033099,0.05903,0.066783,0.089279,0.12512,0.099339,0.10109,0.10656,0.11309,0.13044,0.086729,0.24084
5.74,0.054657,0.035088,0.074154,0.058382,0.070941,0.07668,0.028885,0.082088,0.056469,0.074255,0.02834,0.024822,0.018595,0.096852,0.043559,0.053426,0.16708,0.029201,0.03203,0.12079,0.25657,0.05141,0.16617,0.092441,0.014571,0.019132,0.043986,0.032996,0.058833,0.066548,0.089166,0.1241,0.099071,0.1002,0.10648,0.11329,0.13058,0.08625,0.2404
5.75,0.054444,0.035089,0.074447,0.058014,0.070736,0.076318,0.028759,0.081656,0.056263,0.073973,0.028218,0.024726,0.018531,0.096478,0.04335,0.053138,0.16621,0.029084,0.031978,0.12068,0.25567,0.051225,0.16571,0.0921,0.014547,0.018993,0.043836,0.032893,0.058638,0.066311,0.089053,0.12308,0.098782,0.099302,0.10638,0.11348,0.13083,0.085748,0.23996
5.76,0.054233,0.03509,0.074735,0.057649,0.07053,0.075957,0.028633,0.081226,0.056058,0.073692,0.028097,0.02463,0.018467,0.096106,0.043142,0.052851,0.16535,0.028967,0.031923,0.12057,0.25476,0.051044,0.16524,0.091761,0.014522,0.018855,0.043685,0.032789,0.058443,0.066074,0.08894,0.12205,0.098472,0.098396,0.10627,0.11366,0.13108,0.085224,0.23952
5.77,0.054022,0.03509,0.075018,0.057285,0.070325,0.075596,0.028508,0.080798,0.055854,0.073412,0.027976,0.024534,0.018403,0.095733,0.042935,0.052566,0.16448,0.028849,0.031866,0.12045,0.25386,0.050867,0.16475,0.091423,0.014496,0.018717,0.043533,0.032685,0.05825,0.065837,0.088827,0.12103,0.098144,0.097482,0.10613,0.11382,0.13132,0.084679,0.23907
5.78,0.053813,0.035089,0.075295,0.056923,0.070119,0.075237,0.028383,0.080373,0.055651,0.073132,0.027857,0.024439,0.018339,0.095358,0.042728,0.052283,0.16361,0.02873,0.031806,0.12033,0.25296,0.050695,0.16425,0.091087,0.014469,0.018581,0.04338,0.032581,0.058057,0.065599,0.088714,0.12001,0.097798,0.096558,0.10598,0.11397,0.13156,0.084115,0.23862
5.79,0.053603,0.035087,0.075568,0.056563,0.069913,0.07488,0.028259,0.07995,0.05545,0.072854,0.027737,0.024343,0.018275,0.094981,0.042523,0.052001,0.16275,0.028612,0.031743,0.1202,0.25206,0.050527,0.16374,0.090752,0.014441,0.018445,0.043226,0.032478,0.057865,0.065358,0.088601,0.11899,0.097436,0.095626,0.10582,0.11412,0.13179,0.083533,0.23817
5.8,0.053395,0.035085,0.075836,0.056205,0.069707,0.074524,0.028135,0.07953,0.055249,0.072577,0.027619,0.024247,0.018211,0.094605,0.042319,0.051721,0.16189,0.028492,0.031677,0.12007,0.25116,0.050362,0.16321,0.090419,0.014413,0.018311,0.043071,0.032374,0.057675,0.065116,0.088487,0.11798,0.09706,0.094683,0.10563,0.11424,0.13201,0.082936,0.23771
5.81,0.053187,0.035083,0.0761,0.055849,0.069502,0.074169,0.028012,0.079113,0.055049,0.072301,0.027501,0.024151,0.018146,0.09423,0.042115,0.051442,0.16103,0.028372,0.031609,0.11994,0.25026,0.050201,0.16267,0.090088,0.014383,0.018177,0.042917,0.03227,0.057485,0.064872,0.088374,0.11697,0.096669,0.093848,0.10543,0.11436,0.13222,0.082325,0.23725
5.82,0.052981,0.035079,0.07636,0.055496,0.069297,0.073816,0.027889,0.078697,0.054851,0.072026,0.027384,0.024055,0.018082,0.093852,0.041913,0.051165,0.16018,0.028252,0.031538,0.11981,0.24936,0.050044,0.16212,0.089757,0.014353,0.018045,0.042765,0.032166,0.057296,0.064629,0.08826,0.11596,0.096267,0.093258,0.10521,0.11446,0.13242,0.081703,0.23679
5.83,0.052774,0.035075,0.076618,0.05528,0.069093,0.073463,0.027766,0.078284,0.054653,0.071753,0.027267,0.023959,0.018017,0.093473,0.041711,0.051023,0.15932,0.028131,0.031464,0.11968,0.24847,0.049889,0.16156,0.089429,0.014322,0.017913,0.042618,0.032061,0.057109,0.064386,0.088147,0.11495,0.095855,0.092655,0.10498,0.11455,0.13262,0.081071,0.23632
5.84,0.052569,0.035071,0.076873,0.055127,0.068888,0.073113,0.027644,0.077873,0.054457,0.071481,0.027151,0.023862,0.017953,0.093092,0.04151,0.050901,0.15847,0.028009,0.031388,0.11954,0.24757,0.049738,0.16098,0.089101,0.014291,0.017782,0.042472,0.031956,0.056922,0.064141,0.088033,0.11395,0.095434,0.092042,0.10472,0.11462,0.13281,0.080433,0.23585
5.85,0.052364,0.035065,0.077127,0.054975,0.068685,0.072764,0.027522,0.077464,0.054261,0.07121,0.027036,0.023766,0.017888,0.092715,0.04131,0.05078,0.15762,0.027887,0.031309,0.1194,0.24668,0.049589,0.16039,0.088775,0.014258,0.017653,0.042326,0.03185,0.056736,0.063895,0.087918,0.11294,0.095006,0.091418,0.10445,0.11468,0.13299,0.079789,0.23537
5.86,0.05216,0.03506,0.077377,0.054824,0.068481,0.072417,0.027401,0.077058,0.054067,0.070941,0.026922,0.023669,0.017823,0.092336,0.041112,0.050659,0.15678,0.027768,0.031229,0.11926,0.24578,0.049443,0.1598,0.08845,0.014226,0.017524,0.042177,0.031744,0.056552,0.063647,0.087804,0.11194,0.094573,0.090782,0.10416,0.11472,0.13316,0.079141,0.23489
5.87,0.051957,0.035067,0.077624,0.054673,0.068277,0.07207,0.027281,0.076654,0.053874,0.070672,0.026808,0.023572,0.017758,0.091956,0.040914,0.050538,0.15593,0.02767,0.031146,0.11912,0.24489,0.0493,0.15919,0.088127,0.014193,0.017396,0.042025,0.031639,0.056368,0.063398,0.08769,0.11094,0.094137,0.090136,0.10404,0.11475,0.1336,0.078493,0.23441
5.88,0.051755,0.035076,0.077866,0.054522,0.068074,0.071724,0.02716,0.076252,0.053681,0.070405,0.026694,0.023476,0.017693,0.091573,0.040717,0.050417,0.15509,0.027571,0.031061,0.11897,0.244,0.049159,0.15857,0.087805,0.014159,0.017269,0.041869,0.031534,0.056185,0.063148,0.087575,0.10995,0.093699,0.089479,0.10416,0.11476,0.13415,0.077845,0.23393
5.89,0.051552,0.035086,0.078106,0.054372,0.06787,0.071381,0.027041,0.075853,0.05349,0.070138,0.026581,0.02338,0.017628,0.091193,0.040521,0.050296,0.15425,0.02747,0.030974,0.11883,0.24311,0.049021,0.15794,0.087484,0.014125,0.017143,0.04171,0.031429,0.056003,0.062898,0.087459,0.10895,0.093263,0.088811,0.10426,0.11475,0.1347,0.077199,0.23344
5.9,0.051352,0.035094,0.078341,0.054222,0.067667,0.071039,0.026922,0.075455,0.053299,0.069873,0.026469,0.023284,0.017563,0.090813,0.040327,0.050176,0.15342,0.027368,0.030884,0.11868,0.24222,0.048885,0.1573,0.087165,0.014091,0.017018,0.041546,0.031323,0.055821,0.062649,0.087344,0.10796,0.092829,0.088133,0.10435,0.11472,0.13523,0.076558,0.23295
5.91,0.051152,0.035103,0.078572,0.054073,0.067463,0.070699,0.026803,0.07506,0.05311,0.069609,0.026358,0.023188,0.017498,0.090432,0.040134,0.050055,0.15258,0.027265,0.030793,0.11854,0.24133,0.048751,0.15666,0.086846,0.014057,0.016894,0.041379,0.031217,0.055641,0.062398,0.087228,0.10707,0.092399,0.087445,0.10442,0.11467,0.13574,0.075923,0.23247
5.92,0.050952,0.03511,0.0788,0.053924,0.067259,0.070359,0.026685,0.074667,0.052922,0.069345,0.026247,0.023092,0.017433,0.09005,0.039941,0.049935,0.15175,0.027171,0.030699,0.11839,0.24044,0.048618,0.156,0.086529,0.014023,0.016771,0.041209,0.031111,0.055462,0.062147,0.087112,0.10653,0.091976,0.086746,0.10448,0.11461,0.13624,0.075295,0.23198
5.93,0.050753,0.035117,0.079024,0.053775,0.067054,0.07002,0.026567,0.074277,0.052735,0.069083,0.026137,0.022996,0.017367,0.089666,0.039749,0.049815,0.15093,0.027083,0.030602,0.11824,0.23955,0.048488,0.15534,0.086213,0.014005,0.016649,0.041034,0.031005,0.055283,0.061894,0.086996,0.10599,0.091561,0.086039,0.10453,0.11452,0.13672,0.074678,0.23149
5.94,0.050555,0.035123,0.079245,0.053627,0.066851,0.069683,0.02645,0.073889,0.052549,0.068823,0.026027,0.0229,0.017302,0.089285,0.039559,0.049695,0.15011,0.026994,0.030504,0.11809,0.23866,0.048359,0.15466,0.085899,0.01399,0.016528,0.040856,0.0309,0.055105,0.06164,0.086879,0.10546,0.091155,0.085322,0.10456,0.11442,0.13719,0.074072,0.231
5.95,0.050358,0.035128,0.07946,0.053479,0.066647,0.069349,0.026333,0.073503,0.052364,0.068564,0.025918,0.022803,0.017236,0.088904,0.039369,0.049575,0.14929,0.026905,0.030404,0.11793,0.23778,0.048231,0.15398,0.085585,0.013974,0.016408,0.040674,0.030794,0.054928,0.061386,0.086762,0.10492,0.090762,0.084596,0.10459,0.11429,0.13765,0.073479,0.2305
5.96,0.050161,0.035132,0.079671,0.053332,0.066444,0.069015,0.026216,0.073119,0.05218,0.068306,0.025809,0.022707,0.017171,0.088522,0.03918,0.049455,0.14847,0.026816,0.030301,0.11778,0.23689,0.048105,0.15329,0.085273,0.013959,0.016289,0.040489,0.030689,0.054752,0.06113,0.086644,0.10438,0.090381,0.083862,0.10459,0.11415,0.13809,0.0729,0.23001
5.97,0.049966,0.035136,0.079875,0.053185,0.066243,0.068683,0.026101,0.072737,0.051997,0.068048,0.025701,0.022611,0.017106,0.088139,0.038992,0.049336,0.14766,0.026726,0.030197,0.11762,0.236,0.047981,0.15259,0.084962,0.013943,0.016171,0.040301,0.030584,0.054577,0.060874,0.086526,0.10384,0.090015,0.08312,0.10459,0.11399,0.13853,0.072337,0.22952
5.98,0.04977,0.035139,0.080075,0.053038,0.066044,0.068352,0.025985,0.072357,0.051815,0.067792,0.025594,0.022515,0.01704,0.087755,0.038804,0.049218,0.14685,0.026635,0.03009,0.11747,0.23511,0.047858,0.15189,0.084652,0.013927,0.016054,0.04011,0.03048,0.054402,0.06062,0.086408,0.10331,0.089665,0.082369,0.10457,0.11381,0.13895,0.071791,0.22902
5.99,0.049576,0.035141,0.080268,0.052892,0.065846,0.068022,0.025871,0.07198,0.051633,0.067537,0.025487,0.02242,0.016975,0.087374,0.038618,0.049099,0.14604,0.026543,0.029982,0.11731,0.23423,0.047735,0.15117,0.084342,0.013911,0.015938,0.039916,0.030376,0.054228,0.060365,0.086289,0.10277,0.089332,0.081611,0.10454,0.11361,0.13937,0.071264,0.22853
6,0.049382,0.035143,0.080458,0.052746,0.065651,0.067693,0.025756,0.071605,0.051453,0.067283,0.025381,0.022324,0.016909,0.086993,0.038433,0.048981,0.14524,0.026449,0.029872,0.11715,0.23334,0.047614,0.15045,0.084035,0.013894,0.015823,0.039719,0.030273,0.054055,0.06011,0.08617,0.10223,0.089018,0.080844,0.10449,0.1134,0.13978,0.070757,0.22804
6.01,0.049189,0.035143,0.080646,0.052601,0.065456,0.067366,0.025642,0.071232,0.051273,0.06703,0.025276,0.022229,0.016844,0.086611,0.038248,0.048863,0.14444,0.026353,0.02976,0.11699,0.23245,0.047495,0.14972,0.083728,0.013876,0.015708,0.03952,0.030169,0.053883,0.059853,0.086051,0.1017,0.088723,0.080069,0.10443,0.11316,0.14018,0.07056,0.22754
6.02,0.048997,0.035143,0.080833,0.052457,0.065261,0.067041,0.025529,0.070861,0.051095,0.066778,0.025171,0.022134,0.016778,0.086228,0.038064,0.048745,0.14365,0.026256,0.029646,0.11682,0.23157,0.047376,0.14899,0.083422,0.013858,0.015595,0.039318,0.030065,0.053712,0.059596,0.085931,0.10116,0.088449,0.079287,0.10436,0.11291,0.14057,0.070927,0.22705
6.03,0.048805,0.035142,0.081019,0.052313,0.065067,0.066717,0.025416,0.070492,0.050917,0.066527,0.025066,0.022038,0.016712,0.085845,0.037882,0.048627,0.14286,0.026157,0.029531,0.11666,0.23068,0.047258,0.14825,0.083117,0.013839,0.015483,0.039114,0.029961,0.053541,0.059339,0.08581,0.10062,0.088196,0.078495,0.10427,0.11265,0.14096,0.071287,0.22656
6.04,0.048614,0.035139,0.081204,0.052169,0.064873,0.066395,0.025304,0.070125,0.05074,0.066277,0.024962,0.021943,0.016647,0.085465,0.0377,0.048509,0.14207,0.026056,0.029415,0.11649,0.2298,0.04714,0.1475,0.082813,0.01382,0.015371,0.038908,0.029857,0.053372,0.059081,0.085689,0.10009,0.087965,0.077696,0.10417,0.11236,0.14134,0.07164,0.22606
6.05,0.048424,0.035137,0.081385,0.052026,0.064678,0.066074,0.025192,0.06976,0.050565,0.066029,0.024859,0.021847,0.016581,0.085085,0.037518,0.048391,0.14129,0.025954,0.029296,0.11632,0.22891,0.047024,0.14675,0.082511,0.013799,0.015261,0.0387,0.029753,0.053203,0.058822,0.085568,0.099549,0.087757,0.076888,0.10406,0.11206,0.14171,0.071985,0.22557
6.06,0.048235,0.035133,0.081564,0.051883,0.064484,0.065754,0.025081,0.069397,0.05039,0.065782,0.024756,0.021753,0.016516,0.084704,0.037339,0.048274,0.14065,0.02585,0.029176,0.11615,0.22802,0.046908,0.14599,0.082209,0.013865,0.015152,0.038491,0.02965,0.053034,0.058564,0.085446,0.099011,0.087572,0.076072,0.10393,0.11174,0.14207,0.072323,0.22508
6.07,0.048047,0.035128,0.081836,0.051741,0.064289,0.065435,0.02497,0.069037,0.050215,0.065536,0.024654,0.021658,0.01645,0.084322,0.03716,0.048157,0.14014,0.025744,0.029055,0.11598,0.22714,0.046793,0.14523,0.081908,0.013933,0.015048,0.038279,0.029547,0.052867,0.058304,0.085323,0.098472,0.08741,0.075249,0.10379,0.11141,0.14243,0.072654,0.22459
6.08,0.047858,0.035123,0.082105,0.051599,0.064094,0.065118,0.02486,0.068679,0.050042,0.065291,0.024553,0.021564,0.016385,0.08394,0.036982,0.04804,0.13962,0.025636,0.028931,0.11581,0.22625,0.046679,0.14446,0.081608,0.013998,0.014946,0.038065,0.029443,0.0527,0.058045,0.0852,0.097932,0.087272,0.074417,0.10363,0.11105,0.14277,0.072978,0.2241
6.09,0.047671,0.035117,0.082372,0.051457,0.063899,0.064802,0.02475,0.068322,0.04987,0.065046,0.024452,0.02147,0.016319,0.083561,0.036806,0.047923,0.1391,0.025526,0.028806,0.11564,0.22536,0.046566,0.14369,0.081309,0.014059,0.014844,0.03785,0.02934,0.052534,0.057788,0.085078,0.097391,0.087158,0.073578,0.10347,0.11068,0.14311,0.073295,0.22361
6.1,0.047484,0.035109,0.082636,0.051315,0.063703,0.064488,0.02464,0.067968,0.049698,0.064803,0.024351,0.021376,0.016254,0.083182,0.036629,0.047806,0.13858,0.025415,0.02868,0.11546,0.22447,0.046453,0.14292,0.081011,0.014117,0.014742,0.037634,0.029236,0.052369,0.05753,0.084955,0.096849,0.087067,0.072732,0.10329,0.1103,0.14344,0.073606,0.22313
6.11,0.047299,0.035101,0.082896,0.051174,0.063506,0.064175,0.024532,0.067616,0.049528,0.064561,0.024251,0.021281,0.016188,0.082803,0.036454,0.04769,0.13806,0.025302,0.028552,0.11528,0.22359,0.04634,0.14215,0.080714,0.014171,0.014641,0.037415,0.029132,0.052205,0.057272,0.084832,0.096305,0.087001,0.071879,0.1031,0.1099,0.14376,0.07391,0.22264
6.12,0.047114,0.035092,0.083153,0.051034,0.063309,0.063865,0.024424,0.067265,0.049358,0.06432,0.024152,0.021187,0.016123,0.082424,0.03628,0.047573,0.13755,0.025187,0.028422,0.1151,0.2227,0.046228,0.14179,0.080418,0.014222,0.01454,0.037195,0.029028,0.052041,0.057013,0.084708,0.09576,0.086958,0.07102,0.10291,0.10948,0.14408,0.074207,0.22216
6.13,0.046929,0.035082,0.083405,0.050894,0.063111,0.063555,0.024316,0.066916,0.049189,0.06408,0.024053,0.021093,0.016057,0.082044,0.036106,0.047457,0.13703,0.02507,0.028291,0.11492,0.22181,0.046117,0.14144,0.080123,0.014269,0.014439,0.036973,0.028924,0.051878,0.056755,0.084584,0.095214,0.086938,0.070154,0.10271,0.10905,0.14438,0.074497,0.22167
6.14,0.046745,0.035071,0.083652,0.050754,0.062912,0.063247,0.024209,0.06657,0.049021,0.063841,0.023954,0.021,0.015992,0.081666,0.035934,0.047341,0.13652,0.024952,0.028158,0.11474,0.22092,0.046006,0.14109,0.079828,0.014313,0.014339,0.036749,0.02882,0.051716,0.056496,0.084459,0.094668,0.086942,0.069282,0.1025,0.10861,0.14467,0.07478,0.22118
6.15,0.046562,0.035059,0.083894,0.050614,0.062713,0.06294,0.024103,0.066226,0.048854,0.063603,0.023857,0.020907,0.015927,0.08129,0.035762,0.047225,0.13601,0.024833,0.028024,0.11455,0.22003,0.045895,0.14073,0.079535,0.014353,0.014239,0.036524,0.028715,0.051554,0.056237,0.084334,0.094121,0.086968,0.068405,0.10229,0.10815,0.14496,0.075056,0.22069
6.16,0.04638,0.035047,0.08413,0.050475,0.062514,0.062635,0.023997,0.065884,0.048687,0.063366,0.023759,0.020814,0.015862,0.080913,0.035591,0.04711,0.1355,0.024712,0.027888,0.11437,0.21914,0.045785,0.14036,0.079242,0.01439,0.01414,0.036298,0.028612,0.051393,0.055978,0.084209,0.093573,0.087016,0.067523,0.10208,0.10768,0.14523,0.075324,0.2202
6.17,0.046198,0.035033,0.084361,0.050337,0.062313,0.062331,0.023891,0.065544,0.048522,0.06313,0.023663,0.020721,0.015796,0.080537,0.03542,0.046994,0.135,0.024589,0.027751,0.11418,0.21825,0.045675,0.13998,0.07895,0.014423,0.014041,0.036069,0.028509,0.051233,0.05572,0.084082,0.093025,0.087085,0.066636,0.10186,0.10724,0.1455,0.075585,0.21971
6.18,0.046017,0.035018,0.084586,0.050199,0.062113,0.062028,0.023786,0.065205,0.048357,0.062896,0.023566,0.020629,0.015731,0.08016,0.035251,0.046879,0.13449,0.024466,0.027613,0.11399,0.21736,0.045565,0.1396,0.078659,0.014453,0.013942,0.035839,0.028406,0.051074,0.055461,0.083955,0.092475,0.087174,0.065744,0.10164,0.10682,0.14576,0.075838,0.21922
6.19,0.045837,0.035003,0.084805,0.050061,0.061912,0.061726,0.023682,0.064869,0.048193,0.062662,0.023471,0.020536,0.015666,0.079783,0.035083,0.046764,0.13399,0.024341,0.027473,0.11379,0.21647,0.045456,0.13921,0.078369,0.01448,0.013844,0.035608,0.028302,0.050915,0.055202,0.083828,0.091922,0.087284,0.065089,0.1014,0.10639,0.146,0.076084,0.21872
6.2,0.045657,0.034987,0.085018,0.049924,0.061709,0.061426,0.023578,0.064534,0.04803,0.06243,0.023375,0.020444,0.015612,0.07941,0.034915,0.046649,0.13349,0.024216,0.027331,0.1136,0.21558,0.045347,0.13881,0.07808,0.014504,0.013746,0.035375,0.028199,0.050757,0.054943,0.0837,0.091368,0.087413,0.064481,0.10116,0.10595,0.14624,0.076323,0.21822
6.21,0.045478,0.034969,0.085226,0.049788,0.061507,0.061128,0.023475,0.064234,0.047867,0.062198,0.023281,0.020352,0.01557,0.079037,0.034748,0.046534,0.13308,0.024089,0.02719,0.11341,0.21469,0.045238,0.13841,0.077791,0.014524,0.013649,0.035141,0.028096,0.0506,0.054684,0.083572,0.090811,0.08756,0.063867,0.10091,0.10549,0.14646,0.076555,0.21772
6.22,0.0453,0.034951,0.085428,0.049651,0.061304,0.060832,0.023372,0.06395,0.047706,0.061968,0.023187,0.02026,0.015528,0.078664,0.034582,0.04642,0.13279,0.023963,0.027047,0.11321,0.2138,0.04513,0.138,0.077503,0.014541,0.013552,0.034905,0.027992,0.050443,0.054426,0.083443,0.090251,0.087724,0.063247,0.10065,0.10503,0.14667,0.07678,0.21722
6.23,0.045123,0.034932,0.085624,0.049515,0.061101,0.060537,0.023269,0.063667,0.047545,0.061738,0.023093,0.020169,0.015486,0.078291,0.034417,0.046305,0.13251,0.023836,0.026902,0.11301,0.2129,0.045022,0.13759,0.077216,0.014555,0.013455,0.034667,0.027889,0.050287,0.05417,0.083313,0.089689,0.087904,0.062621,0.10038,0.10455,0.14688,0.076997,0.21671
6.24,0.044946,0.034912,0.085814,0.04938,0.060897,0.060243,0.023167,0.063385,0.047385,0.061509,0.023,0.020078,0.015444,0.077917,0.034252,0.046191,0.13223,0.023709,0.026756,0.11281,0.21201,0.044913,0.13717,0.07693,0.014566,0.013359,0.034428,0.027785,0.050132,0.053913,0.083183,0.089124,0.088101,0.06199,0.1001,0.10407,0.14707,0.077209,0.2162
6.25,0.044769,0.034891,0.085999,0.049245,0.060693,0.059951,0.023066,0.063105,0.047226,0.061282,0.022907,0.019987,0.015401,0.077546,0.034089,0.046077,0.13196,0.023583,0.026609,0.11261,0.21112,0.044806,0.13674,0.076644,0.014574,0.013264,0.034188,0.027682,0.049977,0.053657,0.083052,0.088556,0.088311,0.061353,0.099806,0.10358,0.14725,0.077413,0.21569
6.26,0.044594,0.034869,0.086178,0.04911,0.060489,0.05966,0.022965,0.062826,0.047068,0.061055,0.022815,0.019896,0.015359,0.077177,0.033926,0.045963,0.1317,0.023456,0.026461,0.11241,0.21023,0.044698,0.13632,0.07636,0.014579,0.013169,0.033947,0.027589,0.049823,0.053401,0.082921,0.087984,0.088535,0.060712,0.099504,0.10308,0.14742,0.077611,0.21517
6.27,0.044419,0.034846,0.086352,0.048975,0.060284,0.05937,0.022864,0.062548,0.04691,0.060829,0.022723,0.019805,0.015316,0.076808,0.033764,0.04585,0.13144,0.023328,0.026331,0.1122,0.20934,0.04459,0.13589,0.076076,0.01458,0.013074,0.033704,0.027554,0.04967,0.053145,0.082789,0.08741,0.088772,0.060067,0.099194,0.10257,0.14758,0.077802,0.21465
6.28,0.044245,0.034822,0.086522,0.048841,0.060079,0.059082,0.022764,0.062271,0.046753,0.060605,0.022632,0.019715,0.015274,0.076439,0.033604,0.045736,0.13119,0.023201,0.026372,0.112,0.20845,0.044483,0.13553,0.075793,0.014579,0.01298,0.03346,0.027518,0.049518,0.05289,0.082657,0.086833,0.089019,0.059494,0.098874,0.10206,0.14773,0.077986,0.21413
6.29,0.044071,0.034797,0.086685,0.048708,0.059874,0.058795,0.022665,0.061996,0.046597,0.060381,0.022541,0.019625,0.015231,0.07607,0.033444,0.045623,0.13094,0.023072,0.026412,0.11179,0.20756,0.044375,0.13532,0.07551,0.014575,0.012886,0.033214,0.027481,0.049366,0.052635,0.082524,0.086253,0.089278,0.059311,0.098546,0.10155,0.14787,0.078162,0.2136
6.3,0.043899,0.034772,0.086845,0.048574,0.05967,0.05851,0.022566,0.061722,0.046442,0.060158,0.022451,0.019535,0.015188,0.075701,0.033285,0.04551,0.13069,0.022943,0.026452,0.11159,0.20666,0.044268,0.1351,0.075228,0.014569,0.012798,0.032968,0.027443,0.049214,0.05238,0.082391,0.08567,0.089546,0.059121,0.098208,0.10102,0.148,0.078332,0.21307
6.31,0.043726,0.034745,0.086999,0.048441,0.059465,0.058226,0.022467,0.061449,0.046287,0.059937,0.022361,0.019446,0.015144,0.075336,0.033126,0.045398,0.13045,0.022814,0.02649,0.11138,0.20577,0.04416,0.13488,0.074948,0.014559,0.012711,0.032721,0.027405,0.049064,0.052125,0.082257,0.085084,0.089823,0.058927,0.097863,0.10049,0.14813,0.078495,0.21254
6.32,0.043555,0.034718,0.087148,0.048309,0.059261,0.057943,0.022369,0.061178,0.046133,0.059716,0.022272,0.019356,0.015101,0.074971,0.032969,0.045285,0.13022,0.022683,0.026528,0.11117,0.20488,0.044053,0.13465,0.074667,0.014547,0.012624,0.032472,0.027366,0.048914,0.051871,0.082122,0.084495,0.090107,0.058725,0.09751,0.099941,0.14824,0.078651,0.21201
6.33,0.043384,0.034689,0.087293,0.048176,0.059057,0.057663,0.022272,0.060907,0.04598,0.059497,0.022183,0.019267,0.015057,0.074607,0.032812,0.045173,0.12998,0.022552,0.026565,0.11096,0.20399,0.043945,0.13442,0.074388,0.014532,0.012538,0.032223,0.027326,0.048764,0.051617,0.081988,0.083903,0.090399,0.058518,0.097151,0.099384,0.14834,0.078799,0.21147
6.34,0.043214,0.03466,0.087433,0.048044,0.058853,0.057384,0.022175,0.060638,0.045828,0.059278,0.022095,0.019178,0.015014,0.074243,0.032656,0.045061,0.12975,0.022421,0.026601,0.11075,0.2031,0.043838,0.13417,0.074109,0.014514,0.012453,0.031974,0.027285,0.048616,0.051363,0.081854,0.083307,0.090696,0.058305,0.096787,0.098815,0.14844,0.078941,0.21093
6.35,0.043044,0.03463,0.087568,0.047913,0.05865,0.057106,0.022078,0.06037,0.045677,0.05906,0.022007,0.019089,0.01497,0.073879,0.032501,0.044949,0.12952,0.022289,0.026637,0.11054,0.20222,0.04373,0.13392,0.073831,0.014494,0.012369,0.031723,0.027244,0.048468,0.05111,0.081719,0.082708,0.090998,0.058194,0.096421,0.098232,0.14852,0.079076,0.21039
6.36,0.042876,0.034599,0.087697,0.047782,0.058447,0.056829,0.021982,0.060104,0.045526,0.058844,0.02192,0.019001,0.014926,0.073516,0.032347,0.044837,0.12928,0.022157,0.026671,0.11032,0.20133,0.043623,0.13367,0.073554,0.014471,0.012286,0.031472,0.027202,0.04832,0.050858,0.081584,0.082106,0.091304,0.058175,0.096056,0.097635,0.14859,0.079204,0.20985
6.37,0.042708,0.034567,0.087822,0.047652,0.058244,0.056554,0.021886,0.059838,0.045376,0.058628,0.021833,0.018913,0.014881,0.073156,0.032193,0.044725,0.12905,0.022025,0.026705,0.11011,0.20044,0.043515,0.1334,0.073276,0.014446,0.012203,0.031221,0.02716,0.048174,0.050606,0.081448,0.0815,0.091613,0.058152,0.095693,0.097023,0.14866,0.079326,0.2093
6.38,0.04254,0.034534,0.087943,0.047522,0.058041,0.056281,0.021791,0.059574,0.045226,0.058413,0.021747,0.018825,0.014837,0.072797,0.03204,0.044614,0.12881,0.021892,0.026738,0.10989,0.19956,0.043408,0.13313,0.073001,0.014418,0.012122,0.03097,0.027118,0.048027,0.050354,0.081311,0.08089,0.091925,0.058123,0.09533,0.096396,0.14871,0.07944,0.20875
6.39,0.042373,0.0345,0.088059,0.047392,0.057838,0.056058,0.021697,0.059311,0.045078,0.058199,0.021661,0.018737,0.014793,0.072438,0.031888,0.044503,0.12857,0.021761,0.026769,0.10967,0.19867,0.0433,0.13286,0.072725,0.014388,0.012041,0.030719,0.027076,0.047882,0.050103,0.081174,0.080277,0.092238,0.058088,0.094969,0.095756,0.14875,0.079548,0.2082
6.4,0.042207,0.034466,0.08817,0.047263,0.057635,0.055864,0.021603,0.059049,0.04493,0.057986,0.021575,0.01865,0.014748,0.07208,0.031737,0.044392,0.12833,0.021629,0.0268,0.10946,0.19779,0.043192,0.13257,0.072451,0.014356,0.01196,0.030467,0.027033,0.047737,0.049854,0.081037,0.079661,0.092553,0.058049,0.094607,0.095104,0.14878,0.079648,0.20765
6.41,0.042041,0.03443,0.088277,0.047134,0.057431,0.055671,0.021509,0.058788,0.044782,0.057774,0.02149,0.018562,0.014703,0.071722,0.031586,0.044281,0.12808,0.021497,0.02683,0.10944,0.19691,0.043083,0.13228,0.072176,0.014321,0.011881,0.030216,0.026989,0.047593,0.049605,0.080898,0.079041,0.092868,0.058005,0.094244,0.094442,0.1488,0.079741,0.20709
6.42,0.041877,0.034394,0.08838,0.047005,0.057227,0.055479,0.021416,0.058529,0.044636,0.057563,0.021405,0.018475,0.014658,0.071365,0.031437,0.044171,0.12784,0.021365,0.026859,0.10944,0.19603,0.042975,0.13199,0.071903,0.014284,0.011802,0.029965,0.026944,0.047449,0.049357,0.08076,0.078418,0.093183,0.057955,0.093878,0.093772,0.14881,0.079827,0.20654
6.43,0.041712,0.034357,0.088479,0.046877,0.057024,0.055287,0.021323,0.058271,0.04449,0.057352,0.021321,0.018388,0.014613,0.07101,0.031288,0.044061,0.12759,0.021234,0.026886,0.10945,0.19516,0.042866,0.13169,0.071631,0.014245,0.011724,0.029714,0.026899,0.047307,0.04911,0.080621,0.077792,0.093496,0.057901,0.093507,0.093094,0.14881,0.079905,0.20598
6.44,0.041549,0.034318,0.088573,0.046749,0.05682,0.055097,0.021231,0.058014,0.044345,0.057143,0.021237,0.018302,0.014568,0.070657,0.031139,0.043951,0.12734,0.021102,0.026913,0.10945,0.19428,0.042757,0.13138,0.071359,0.014204,0.011646,0.029463,0.026854,0.047164,0.048864,0.080481,0.077471,0.093809,0.057842,0.09313,0.092408,0.14879,0.079976,0.20542
6.45,0.041386,0.034279,0.088662,0.046622,0.056616,0.054906,0.021139,0.057758,0.0442,0.056935,0.021154,0.018215,0.014523,0.070304,0.030992,0.043841,0.1271,0.02097,0.026939,0.10944,0.19341,0.042648,0.13106,0.071087,0.014161,0.01157,0.029213,0.026808,0.047023,0.048617,0.080341,0.07724,0.094119,0.057778,0.092747,0.091715,0.14877,0.080039,0.20486
6.46,0.041223,0.034239,0.088747,0.046495,0.056412,0.054717,0.021048,0.057503,0.044057,0.056728,0.021071,0.018129,0.014478,0.069952,0.030845,0.043731,0.12685,0.020838,0.026964,0.10944,0.19254,0.042538,0.13074,0.070817,0.014116,0.011494,0.028963,0.026761,0.046882,0.048372,0.0802,0.077003,0.094427,0.057709,0.092356,0.091016,0.14874,0.080094,0.2043
6.47,0.041062,0.034199,0.088827,0.046368,0.056208,0.054529,0.020958,0.057249,0.043914,0.056521,0.020989,0.018043,0.014432,0.069601,0.030699,0.043622,0.1266,0.020706,0.026987,0.10943,0.19167,0.042428,0.13041,0.070547,0.014069,0.011419,0.028714,0.026714,0.046741,0.048127,0.080058,0.07676,0.094732,0.057636,0.091959,0.090308,0.1487,0.080142,0.20373
6.48,0.040901,0.034157,0.088903,0.046241,0.056004,0.054341,0.020867,0.056997,0.043771,0.056316,0.020907,0.017958,0.014387,0.06925,0.030554,0.043513,0.12635,0.020574,0.02701,0.10942,0.19092,0.042318,0.13008,0.070277,0.014021,0.011344,0.028465,0.026666,0.046602,0.047883,0.079916,0.076512,0.095034,0.057559,0.091556,0.089592,0.14865,0.080184,0.20317
6.49,0.04074,0.034114,0.088975,0.046115,0.0558,0.054154,0.020777,0.056746,0.04363,0.056112,0.020825,0.017873,0.014341,0.0689,0.030409,0.043404,0.1261,0.020442,0.027031,0.10941,0.1904,0.042207,0.12974,0.070008,0.01397,0.01127,0.028218,0.026617,0.046462,0.04764,0.079774,0.076259,0.095333,0.057478,0.091146,0.088867,0.1486,0.080218,0.2026
6.5,0.040581,0.034071,0.089041,0.045989,0.055596,0.053968,0.020688,0.056496,0.043488,0.055908,0.020744,0.017788,0.014296,0.068554,0.030265,0.043295,0.12585,0.02031,0.027052,0.1094,0.18988,0.042096,0.1294,0.06974,0.013918,0.011197,0.02797,0.026568,0.046324,0.047397,0.079631,0.076,0.095627,0.057392,0.090731,0.088149,0.14853,0.080246,0.20203
6.51,0.040422,0.034027,0.089104,0.045864,0.055393,0.053783,0.020599,0.056247,0.043348,0.055705,0.020664,0.017703,0.01425,0.068208,0.030122,0.043187,0.1256,0.020177,0.027072,0.10938,0.18937,0.041985,0.12905,0.069473,0.013864,0.011125,0.027724,0.026519,0.046186,0.047155,0.079489,0.075735,0.095917,0.057302,0.090312,0.087428,0.14846,0.080267,0.20146
6.52,0.040263,0.033982,0.089162,0.045739,0.05519,0.053599,0.020511,0.055999,0.043208,0.055503,0.020583,0.017619,0.014204,0.067863,0.02998,0.043078,0.12535,0.020045,0.027091,0.10936,0.18885,0.041873,0.12869,0.069206,0.013809,0.011053,0.027478,0.026469,0.046048,0.046914,0.079346,0.075465,0.096202,0.057207,0.089888,0.0867,0.14839,0.080282,0.20089
6.53,0.040105,0.033936,0.089215,0.045614,0.054987,0.053415,0.020423,0.055752,0.043069,0.055302,0.020503,0.017534,0.014158,0.067519,0.029838,0.04297,0.1251,0.019912,0.027108,0.10934,0.18834,0.04176,0.12833,0.06894,0.013752,0.010982,0.027233,0.026419,0.045911,0.046673,0.079203,0.07519,0.096483,0.057108,0.089459,0.085968,0.14831,0.080291,0.20033
6.54,0.039948,0.03389,0.089264,0.04549,0.054786,0.053232,0.020336,0.055507,0.042931,0.055102,0.020424,0.01745,0.014112,0.067175,0.029698,0.042862,0.12485,0.019778,0.027124,0.10932,0.18782,0.041647,0.12796,0.068674,0.013693,0.010911,0.026989,0.026368,0.045775,0.046433,0.07906,0.07491,0.096758,0.057004,0.089024,0.08523,0.14823,0.080294,0.2
6.55,0.039791,0.033842,0.089309,0.045366,0.054585,0.05305,0.020249,0.055263,0.042793,0.054903,0.020345,0.017367,0.014066,0.066832,0.029558,0.042755,0.1246,0.019645,0.027139,0.1093,0.18731,0.041534,0.12759,0.068409,0.013634,0.010842,0.026746,0.026317,0.045639,0.046194,0.078916,0.074626,0.097028,0.056895,0.088583,0.084489,0.14814,0.080291,0.19967
6.56,0.039635,0.033794,0.089349,0.045243,0.054386,0.052868,0.020162,0.05502,0.042656,0.054705,0.020266,0.017283,0.01402,0.066491,0.029419,0.042648,0.12434,0.019511,0.027153,0.10927,0.1868,0.04142,0.12721,0.068145,0.013572,0.010772,0.026503,0.026265,0.045504,0.045956,0.078771,0.074337,0.097293,0.056781,0.088135,0.083744,0.14805,0.080283,0.19934
6.57,0.03948,0.033745,0.089386,0.04512,0.054188,0.052687,0.020076,0.054778,0.04252,0.054507,0.020188,0.0172,0.013974,0.066152,0.029281,0.04254,0.12409,0.019377,0.027166,0.10924,0.18629,0.041305,0.12683,0.067881,0.013509,0.010704,0.026261,0.026213,0.04537,0.045719,0.078626,0.074045,0.097552,0.056664,0.087681,0.082994,0.14795,0.080571,0.19901
6.58,0.039326,0.033695,0.089419,0.044997,0.053995,0.052508,0.019991,0.054537,0.042384,0.05431,0.02011,0.017116,0.013927,0.065815,0.029143,0.042434,0.12384,0.019244,0.027178,0.10921,0.18578,0.041191,0.12645,0.067618,0.013445,0.010636,0.026021,0.02616,0.045236,0.045482,0.078481,0.073748,0.097805,0.056542,0.087219,0.082239,0.14785,0.08113,0.19869
6.59,0.039172,0.033645,0.089448,0.044875,0.053808,0.052329,0.019906,0.054297,0.042249,0.054114,0.020033,0.017034,0.013881,0.065478,0.029006,0.042327,0.12359,0.019109,0.027188,0.10918,0.18528,0.041075,0.12605,0.067356,0.013379,0.010569,0.025781,0.026107,0.045102,0.045246,0.078334,0.073447,0.098053,0.056416,0.086751,0.081478,0.14774,0.081674,0.19836
6.6,0.039018,0.033601,0.089474,0.044753,0.053625,0.05215,0.019821,0.054058,0.042114,0.053919,0.019956,0.016951,0.013835,0.065141,0.02887,0.04222,0.12334,0.019032,0.027197,0.10914,0.18477,0.040959,0.12566,0.067094,0.013312,0.01051,0.025543,0.026053,0.044969,0.045011,0.078188,0.073143,0.098295,0.056286,0.086276,0.080711,0.14763,0.082203,0.19803
6.61,0.038865,0.033607,0.089495,0.044632,0.053447,0.051973,0.019737,0.05382,0.04198,0.053726,0.019879,0.016868,0.013788,0.064806,0.028734,0.042114,0.12308,0.018965,0.027205,0.1091,0.18427,0.040842,0.12526,0.066833,0.013243,0.010469,0.025306,0.025999,0.044837,0.044777,0.078041,0.072836,0.098531,0.056154,0.085794,0.079937,0.1475,0.082715,0.19771
6.62,0.038713,0.033613,0.089513,0.044511,0.053272,0.051796,0.019653,0.053584,0.041847,0.053533,0.019803,0.016786,0.013742,0.064472,0.028599,0.042008,0.12283,0.018897,0.027212,0.10906,0.18376,0.040725,0.12485,0.066572,0.013173,0.010429,0.02507,0.025945,0.044705,0.044544,0.077893,0.072526,0.098761,0.056018,0.085698,0.079322,0.14737,0.083211,0.19738
6.63,0.038561,0.033618,0.089527,0.04439,0.053099,0.05162,0.01957,0.053349,0.041714,0.053341,0.019728,0.016705,0.013695,0.064139,0.028465,0.041903,0.12258,0.01883,0.027217,0.10902,0.18326,0.040607,0.12444,0.066312,0.013101,0.010389,0.024836,0.02589,0.044574,0.044312,0.077745,0.072213,0.098986,0.05588,0.085648,0.07931,0.14722,0.083689,0.19705
6.64,0.03841,0.033623,0.089536,0.044269,0.052929,0.051444,0.019487,0.053115,0.041582,0.05315,0.019652,0.016624,0.013649,0.063808,0.028332,0.041797,0.12232,0.018763,0.027222,0.10898,0.18276,0.040489,0.12403,0.066053,0.013029,0.010349,0.024604,0.025835,0.044443,0.044081,0.077597,0.071897,0.099205,0.055739,0.085589,0.079265,0.14707,0.08415,0.19672
6.65,0.03826,0.033627,0.089541,0.044149,0.05276,0.05127,0.019404,0.052882,0.041451,0.052959,0.019577,0.016543,0.013602,0.063479,0.028199,0.041692,0.12207,0.018696,0.027225,0.10893,0.18226,0.04037,0.12361,0.065795,0.012955,0.01031,0.024373,0.02578,0.044313,0.043851,0.077448,0.071577,0.099418,0.055595,0.085521,0.079185,0.14691,0.084591,0.19639
6.66,0.03811,0.033631,0.089543,0.044029,0.052591,0.051096,0.019323,0.05265,0.04132,0.05277,0.019503,0.016462,0.013555,0.063151,0.028067,0.041587,0.12182,0.018628,0.027227,0.10888,0.18176,0.04025,0.12319,0.065536,0.01288,0.010271,0.024144,0.025724,0.044184,0.043623,0.0773,0.071254,0.099626,0.055447,0.085444,0.079073,0.14675,0.085014,0.19606
6.67,0.037961,0.033639,0.08954,0.04391,0.052423,0.050922,0.019241,0.052419,0.04119,0.052581,0.019428,0.016381,0.013509,0.062823,0.027935,0.041482,0.12157,0.01856,0.027228,0.10883,0.18126,0.04013,0.12276,0.065279,0.012804,0.010232,0.023917,0.025668,0.044055,0.043395,0.077152,0.070927,0.09983,0.055296,0.085359,0.078931,0.14657,0.085417,0.19572
6.68,0.037812,0.033881,0.089533,0.04379,0.052256,0.05075,0.01916,0.052189,0.04106,0.052393,0.019354,0.016301,0.013462,0.062497,0.027805,0.041377,0.12132,0.018493,0.027227,0.10878,0.18077,0.040009,0.12233,0.065022,0.012728,0.010193,0.023692,0.025611,0.043926,0.043168,0.077003,0.070598,0.10003,0.055141,0.085266,0.07876,0.14639,0.0858,0.19538
6.69,0.037664,0.03412,0.089522,0.043671,0.052089,0.050578,0.019079,0.05196,0.040931,0.052206,0.019281,0.016221,0.013415,0.062171,0.027675,0.041273,0.12106,0.018425,0.027226,0.10872,0.18027,0.039888,0.1219,0.064766,0.012651,0.010154,0.023469,0.025554,0.043798,0.042942,0.076854,0.070265,0.10022,0.054983,0.085164,0.078561,0.1462,0.086164,0.19504
6.7,0.037517,0.034357,0.089507,0.043553,0.051923,0.050408,0.018999,0.051732,0.040803,0.052019,0.019208,0.016141,0.013369,0.061846,0.027545,0.041169,0.12081,0.018357,0.027222,0.10866,0.17978,0.039766,0.12146,0.06451,0.012573,0.010116,0.023248,0.025497,0.043671,0.042717,0.076704,0.069931,0.10041,0.05482,0.085055,0.078336,0.14601,0.086506,0.1947
6.71,0.03737,0.03459,0.089488,0.043435,0.051758,0.050237,0.01892,0.051505,0.040675,0.051834,0.019135,0.016062,0.013322,0.061524,0.027416,0.041065,0.12056,0.018289,0.027218,0.1086,0.17928,0.039643,0.12102,0.064255,0.012496,0.010078,0.023029,0.025439,0.043544,0.042493,0.076554,0.069593,0.10059,0.054654,0.084937,0.078087,0.14581,0.086828,0.19436
6.72,0.037224,0.03482,0.089465,0.043317,0.051593,0.050068,0.01884,0.05128,0.040548,0.051649,0.019063,0.015982,0.013276,0.061204,0.027288,0.040962,0.1203,0.01822,0.027212,0.10854,0.17879,0.03952,0.12058,0.064001,0.012418,0.01004,0.022813,0.025382,0.043418,0.04227,0.076403,0.069253,0.10077,0.054484,0.084811,0.077814,0.1456,0.087129,0.19401
6.73,0.037078,0.035048,0.089438,0.043199,0.05143,0.049899,0.018761,0.051056,0.040421,0.051465,0.018991,0.015903,0.01323,0.060884,0.027161,0.040858,0.12005,0.018152,0.027205,0.10848,0.1783,0.039396,0.12014,0.063747,0.01234,0.010002,0.022632,0.025323,0.043292,0.042048,0.076252,0.068911,0.10094,0.054312,0.084677,0.077517,0.14539,0.08741,0.19366
6.74,0.036933,0.035271,0.089407,0.043082,0.051267,0.049731,0.018683,0.050832,0.040295,0.051282,0.018919,0.015824,0.013183,0.060566,0.027034,0.040755,0.1198,0.018083,0.027197,0.10841,0.17781,0.039272,0.11969,0.063494,0.012263,0.0099643,0.022478,0.025265,0.043167,0.041827,0.076101,0.068566,0.10112,0.054136,0.084536,0.077197,0.14518,0.087669,0.1933
6.75,0.036789,0.035492,0.089373,0.042965,0.051106,0.049564,0.018605,0.05061,0.04017,0.0511,0.018848,0.015746,0.013137,0.060248,0.026908,0.040652,0.11954,0.018015,0.027187,0.10834,0.17731,0.039147,0.11924,0.063241,0.012185,0.009927,0.022324,0.025206,0.043042,0.041606,0.075949,0.068219,0.10128,0.053958,0.084388,0.076854,0.14496,0.087906,0.19295
6.76,0.036645,0.035709,0.089335,0.042849,0.050944,0.049397,0.018528,0.050388,0.040045,0.050918,0.018777,0.015668,0.013091,0.059932,0.026783,0.04055,0.11929,0.017946,0.027176,0.10827,0.17683,0.039021,0.11878,0.062989,0.012108,0.0098899,0.022171,0.025147,0.042918,0.041387,0.075797,0.06787,0.10144,0.053776,0.084234,0.076489,0.14474,0.08812,0.19259
6.77,0.036502,0.035923,0.089293,0.042733,0.050784,0.049231,0.01845,0.050168,0.039921,0.050737,0.018707,0.01559,0.013044,0.059617,0.026658,0.040447,0.11903,0.017877,0.027164,0.1082,0.17634,0.038895,0.11833,0.062738,0.012031,0.0098529,0.022019,0.025088,0.042794,0.041169,0.075644,0.067519,0.1016,0.053592,0.084073,0.076101,0.14452,0.08831,0.19223
6.78,0.036359,0.036133,0.089248,0.042618,0.050624,0.049066,0.018374,0.049949,0.039797,0.050558,0.018637,0.015512,0.012998,0.059302,0.026534,0.040345,0.11878,0.017808,0.027151,0.10813,0.17585,0.038768,0.11787,0.062487,0.011955,0.0098162,0.021868,0.025028,0.042671,0.040951,0.075491,0.067167,0.10176,0.053405,0.083905,0.075791,0.14429,0.088477,0.19186
6.79,0.036217,0.03634,0.0892,0.042503,0.050464,0.048901,0.018298,0.04973,0.039674,0.050379,0.018567,0.015434,0.012951,0.05899,0.02641,0.040243,0.11852,0.017739,0.027137,0.10805,0.17536,0.038641,0.11741,0.062237,0.01188,0.0097798,0.021718,0.024969,0.042548,0.040735,0.075338,0.066812,0.10191,0.053215,0.083731,0.075473,0.14406,0.088619,0.1915
6.8,0.036076,0.036544,0.089149,0.042388,0.050305,0.048738,0.018222,0.049513,0.039551,0.050201,0.018498,0.015357,0.012905,0.05868,0.026288,0.040142,0.11826,0.01767,0.027121,0.10797,0.17488,0.038514,0.11695,0.061987,0.011805,0.0097435,0.021568,0.02491,0.042426,0.04052,0.075185,0.066456,0.10206,0.053022,0.083552,0.075133,0.14383,0.088736,0.19113
6.81,0.035935,0.036744,0.089094,0.042273,0.050147,0.048574,0.018146,0.049297,0.039429,0.050023,0.018428,0.01528,0.012859,0.058371,0.026165,0.04004,0.11801,0.017601,0.027104,0.10789,0.17439,0.038386,0.11648,0.061739,0.01173,0.0097075,0.02142,0.024851,0.042304,0.040305,0.075033,0.066098,0.1022,0.052825,0.083367,0.074772,0.14359,0.088827,0.19076
6.82,0.035795,0.03694,0.089037,0.042159,0.049989,0.048412,0.018071,0.049082,0.039308,0.049847,0.01836,0.015204,0.012812,0.058063,0.026044,0.039939,0.11775,0.017531,0.027085,0.10781,0.17391,0.038257,0.11602,0.06149,0.011656,0.0096717,0.021273,0.024791,0.042183,0.040092,0.074879,0.065739,0.10234,0.052626,0.083176,0.074392,0.14334,0.088893,0.19039
6.83,0.035655,0.037132,0.088976,0.042045,0.049868,0.04825,0.017997,0.048868,0.039187,0.049671,0.018291,0.015128,0.012766,0.057756,0.025923,0.039838,0.11749,0.017462,0.027066,0.10773,0.17343,0.038129,0.11555,0.061243,0.011583,0.009636,0.021127,0.024731,0.042063,0.03988,0.074726,0.065378,0.10248,0.052423,0.082981,0.073992,0.14308,0.088932,0.19001
6.84,0.035516,0.037321,0.088912,0.041931,0.049839,0.048089,0.017923,0.048655,0.039066,0.049496,0.018223,0.015052,0.01272,0.05745,0.025803,0.039737,0.11724,0.017393,0.027045,0.10765,0.17294,0.037999,0.11508,0.060996,0.01151,0.0096006,0.020983,0.024671,0.041943,0.039668,0.074572,0.065016,0.10261,0.052218,0.082779,0.073574,0.14282,0.088946,0.18964
6.85,0.035377,0.037506,0.088845,0.041818,0.049806,0.047929,0.017849,0.048443,0.038946,0.049322,0.018156,0.014977,0.012673,0.057145,0.025683,0.039637,0.11698,0.017323,0.027022,0.10756,0.17246,0.037869,0.1146,0.060749,0.011438,0.0095654,0.02084,0.024611,0.041823,0.039458,0.074418,0.064653,0.10274,0.05201,0.082572,0.073138,0.14255,0.088933,0.18926
6.86,0.035239,0.037687,0.088776,0.041705,0.049769,0.047769,0.017776,0.048232,0.038827,0.049149,0.018088,0.014902,0.012627,0.056841,0.025564,0.039537,0.11672,0.017254,0.026999,0.10748,0.17198,0.037739,0.11413,0.060503,0.011366,0.0095304,0.020698,0.02455,0.041704,0.039248,0.074263,0.064289,0.10287,0.0518,0.082359,0.072686,0.14228,0.088895,0.18888
6.87,0.035102,0.037865,0.088703,0.041593,0.049728,0.04761,0.017703,0.048022,0.038708,0.048976,0.018021,0.014827,0.012581,0.056539,0.025446,0.039437,0.11647,0.017185,0.026974,0.10739,0.1715,0.037608,0.11365,0.060258,0.011294,0.0094956,0.020559,0.02449,0.041586,0.03904,0.074108,0.063924,0.10299,0.051587,0.082141,0.072219,0.142,0.088832,0.18849
6.88,0.034965,0.038038,0.088628,0.04148,0.049684,0.047452,0.01763,0.047813,0.03859,0.048804,0.017955,0.014752,0.012534,0.056239,0.025328,0.039337,0.11621,0.017115,0.026948,0.1073,0.17103,0.037477,0.11318,0.060014,0.011221,0.009461,0.02042,0.024429,0.041467,0.038833,0.073953,0.063559,0.1031,0.051372,0.081917,0.071736,0.14171,0.088744,0.18811
6.89,0.034828,0.038207,0.08855,0.041368,0.049636,0.047294,0.017558,0.047605,0.038472,0.048633,0.017888,0.014677,0.012488,0.05594,0.025211,0.039237,0.11595,0.017046,0.026921,0.10721,0.17055,0.037346,0.1127,0.059769,0.011149,0.0094267,0.020284,0.024368,0.04135,0.038627,0.073797,0.063193,0.10322,0.051155,0.081687,0.071239,0.14142,0.088633,0.18772
6.9,0.034693,0.038373,0.088471,0.041257,0.049584,0.047137,0.017486,0.047398,0.038355,0.048462,0.017823,0.014603,0.012442,0.055642,0.025094,0.039138,0.1157,0.016976,0.026893,0.10712,0.17007,0.037214,0.11223,0.059526,0.011077,0.0093925,0.02015,0.024306,0.041233,0.038421,0.073641,0.062827,0.10333,0.050935,0.081451,0.070731,0.14112,0.088499,0.18733
6.91,0.034557,0.038534,0.088388,0.041145,0.049529,0.046981,0.017415,0.047192,0.038238,0.048292,0.017757,0.014529,0.012396,0.055346,0.024979,0.039039,0.11544,0.016907,0.026863,0.10703,0.1696,0.037082,0.11175,0.059284,0.011005,0.0093584,0.020018,0.024245,0.041116,0.038217,0.073485,0.062461,0.10344,0.050713,0.08121,0.07021,0.14081,0.088639,0.18694
6.92,0.034423,0.038691,0.088304,0.041034,0.04947,0.046826,0.017344,0.046987,0.038122,0.048123,0.017692,0.014456,0.012349,0.055051,0.024863,0.03894,0.11519,0.016838,0.026832,0.10693,0.16912,0.036949,0.11128,0.059042,0.01094,0.0093246,0.019888,0.024183,0.041,0.038014,0.073328,0.062094,0.10354,0.050488,0.080963,0.069679,0.1405,0.088781,0.18655
6.93,0.034289,0.038843,0.088217,0.040924,0.049407,0.046671,0.017274,0.046783,0.038007,0.047955,0.017627,0.014382,0.012303,0.054757,0.024749,0.038842,0.11493,0.016768,0.026801,0.10684,0.16865,0.036817,0.11085,0.0588,0.010938,0.0092911,0.01976,0.024121,0.040885,0.037812,0.073172,0.061728,0.10364,0.050261,0.08071,0.069139,0.14019,0.088903,0.18616
6.94,0.034156,0.038992,0.088128,0.040813,0.04934,0.046517,0.017204,0.04658,0.037892,0.047787,0.017562,0.014309,0.012257,0.054464,0.024635,0.038744,0.11467,0.016699,0.026767,0.10674,0.16818,0.036684,0.11044,0.058559,0.010941,0.0092578,0.019634,0.024059,0.040769,0.037611,0.073016,0.061362,0.10373,0.050031,0.080452,0.068592,0.13987,0.089005,0.18577
6.95,0.034023,0.039136,0.088037,0.040703,0.04927,0.046363,0.017134,0.046378,0.037777,0.047621,0.017498,0.014236,0.012211,0.054172,0.024522,0.038646,0.11441,0.01663,0.026733,0.10664,0.1677,0.036551,0.11003,0.058319,0.010953,0.0092246,0.01951,0.023997,0.040655,0.037411,0.07286,0.060996,0.10382,0.049799,0.080189,0.068037,0.13954,0.089088,0.18538
6.96,0.03389,0.039276,0.087945,0.040594,0.049197,0.04621,0.017065,0.046177,0.037663,0.047454,0.017434,0.014183,0.012165,0.053882,0.024409,0.038549,0.11415,0.016561,0.026698,0.10654,0.16723,0.036418,0.10962,0.058079,0.010984,0.0091916,0.019389,0.023934,0.040541,0.037212,0.072704,0.06063,0.10391,0.049565,0.07992,0.067477,0.13921,0.089149,0.18499
6.97,0.033758,0.039412,0.08785,0.040484,0.04912,0.046058,0.016996,0.045977,0.037549,0.047289,0.01737,0.014145,0.012119,0.053593,0.024297,0.038452,0.11389,0.016492,0.026661,0.10644,0.16676,0.036284,0.10921,0.05784,0.011014,0.0091588,0.01927,0.023872,0.040427,0.037014,0.072547,0.060264,0.10399,0.049329,0.079646,0.066912,0.13888,0.08919,0.1846
6.98,0.033627,0.039543,0.087755,0.040375,0.049041,0.045906,0.016927,0.045778,0.037436,0.047125,0.017307,0.014107,0.012073,0.053305,0.024185,0.038355,0.11363,0.016423,0.026623,0.10634,0.1663,0.036151,0.1088,0.058015,0.011045,0.0091262,0.019154,0.023809,0.040314,0.036817,0.07239,0.059898,0.10407,0.049091,0.079366,0.066343,0.13854,0.089209,0.18421
6.99,0.033496,0.039669,0.087658,0.040267,0.048959,0.045755,0.016859,0.045579,0.037324,0.046961,0.017244,0.014068,0.012027,0.05302,0.024074,0.038258,0.11337,0.016354,0.026584,0.10624,0.16583,0.036017,0.10838,0.058242,0.011075,0.0090938,0.01904,0.023746,0.040201,0.036621,0.072233,0.059532,0.10414,0.048851,0.079082,0.06577,0.1382,0.089208,0.18382
7,0.033366,0.03979,0.08756,0.040158,0.048875,0.045604,0.016791,0.045382,0.037212,0.046799,0.017182,0.014027,0.011981,0.052735,0.023964,0.038162,0.11311,0.016286,0.026544,0.10613,0.16536,0.035884,0.10797,0.058466,0.011105,0.0090616,0.018929,0.023683,0.040089,0.036426,0.072075,0.059167,0.10421,0.048609,0.078792,0.065195,0.13786,0.089186,0.18343
7.01,0.033236,0.039907,0.087461,0.040051,0.048789,0.045455,0.016724,0.045186,0.0371,0.046636,0.017119,0.013987,0.011936,0.052452,0.023854,0.038066,0.11284,0.016217,0.026502,0.10602,0.1649,0.03575,0.10755,0.058687,0.011134,0.0090296,0.018821,0.02362,0.039977,0.036232,0.071917,0.058801,0.10427,0.048366,0.078498,0.064619,0.13751,0.089144,0.18304
7.02,0.033107,0.04002,0.087361,0.039943,0.048702,0.045305,0.016657,0.044991,0.036989,0.046475,0.017057,0.013945,0.01189,0.05217,0.023745,0.03797,0.11258,0.016149,0.026461,0.10591,0.16443,0.035616,0.10714,0.058907,0.011163,0.0089979,0.018716,0.023557,0.039866,0.03604,0.071759,0.058436,0.10433,0.048121,0.078198,0.064042,0.13716,0.089082,0.18264
7.03,0.032979,0.040128,0.087259,0.039836,0.048614,0.045157,0.01659,0.044796,0.036878,0.046314,0.016996,0.013913,0.011844,0.05189,0.023636,0.037874,0.11231,0.016081,0.026418,0.1058,0.16397,0.035483,0.10672,0.059123,0.01119,0.0089663,0.018613,0.023494,0.039755,0.035848,0.071601,0.058072,0.10439,0.047875,0.077894,0.063465,0.13681,0.089002,0.18224
7.04,0.032851,0.040231,0.087156,0.039729,0.048526,0.04501,0.016524,0.044603,0.036768,0.046154,0.016934,0.013889,0.011799,0.05161,0.023528,0.037779,0.11205,0.016014,0.026373,0.10568,0.16351,0.035349,0.1063,0.059338,0.011217,0.0089348,0.018513,0.02343,0.039645,0.035658,0.071442,0.057708,0.10444,0.047627,0.077585,0.06289,0.13646,0.088905,0.18185
7.05,0.032723,0.040329,0.087051,0.039622,0.048436,0.044862,0.016458,0.044411,0.036659,0.045994,0.016873,0.013865,0.011753,0.051332,0.023421,0.037684,0.11178,0.015947,0.026328,0.10557,0.16305,0.035215,0.10587,0.05955,0.011243,0.0089036,0.018416,0.023367,0.039535,0.035469,0.071284,0.057345,0.10448,0.047378,0.077272,0.062317,0.1361,0.088791,0.18145
7.06,0.032596,0.040422,0.086945,0.039516,0.048347,0.044716,0.016393,0.044219,0.03655,0.045836,0.016813,0.013843,0.011708,0.051055,0.023314,0.037589,0.11151,0.01588,0.026282,0.10545,0.16259,0.035082,0.10545,0.059759,0.011268,0.0088725,0.018322,0.023303,0.039425,0.035281,0.071125,0.056983,0.10452,0.047128,0.076953,0.061747,0.13573,0.088661,0.18105
7.07,0.03247,0.040511,0.086837,0.03941,0.048257,0.04457,0.016327,0.044028,0.036441,0.045678,0.016752,0.013828,0.011662,0.050779,0.023208,0.037494,0.11124,0.015813,0.026235,0.10533,0.16213,0.034949,0.10503,0.059966,0.011292,0.0088416,0.01823,0.023239,0.039316,0.035094,0.070965,0.056622,0.10455,0.046877,0.076629,0.061182,0.13537,0.088516,0.18064
7.08,0.032344,0.040595,0.086727,0.039304,0.048168,0.044425,0.016263,0.043839,0.036333,0.04552,0.016692,0.013813,0.011617,0.050504,0.023102,0.0374,0.11097,0.015747,0.026186,0.1052,0.16167,0.034816,0.1046,0.06017,0.011315,0.0088109,0.018142,0.023175,0.039208,0.034908,0.070807,0.056262,0.10458,0.046625,0.076302,0.060621,0.135,0.088356,0.18024
7.09,0.032218,0.040674,0.086616,0.039199,0.048078,0.04428,0.016198,0.04365,0.036225,0.045363,0.016632,0.013796,0.011571,0.050231,0.022997,0.037306,0.1107,0.015681,0.026137,0.10508,0.16121,0.034683,0.10417,0.060372,0.011337,0.0087804,0.018057,0.023111,0.0391,0.034723,0.070649,0.055905,0.1046,0.046372,0.07597,0.060067,0.13463,0.088183,0.17983
7.1,0.032093,0.040748,0.086504,0.039094,0.047989,0.044136,0.016134,0.043462,0.036118,0.045207,0.016573,0.013778,0.011526,0.04996,0.022892,0.037212,0.11043,0.015615,0.026087,0.10495,0.16076,0.03455,0.10374,0.060571,0.011359,0.0087501,0.017975,0.023047,0.038992,0.034539,0.07049,0.055549,0.10462,0.046118,0.075633,0.059518,0.13425,0.087996,0.17942
7.11,0.031969,0.040817,0.086391,0.038989,0.047899,0.043993,0.016071,0.043275,0.036011,0.045052,0.016514,0.013759,0.011481,0.04969,0.022788,0.037118,0.11016,0.01555,0.026036,0.10482,0.1603,0.034418,0.10331,0.060767,0.011379,0.00872,0.017896,0.022983,0.038885,0.034357,0.070331,0.055195,0.10463,0.045863,0.075292,0.059099,0.13388,0.087795,0.17901
7.12,0.031845,0.040881,0.086276,0.038884,0.047809,0.04385,0.016007,0.043088,0.035905,0.044897,0.016455,0.013738,0.011436,0.049421,0.022684,0.037025,0.10989,0.015485,0.025983,0.10469,0.15985,0.034285,0.10288,0.06096,0.011399,0.0086901,0.01782,0.022919,0.038778,0.034175,0.070172,0.054845,0.10463,0.045607,0.074947,0.058841,0.1335,0.087582,0.17859
7.13,0.031722,0.040941,0.08616,0.03878,0.047717,0.043708,0.015944,0.042903,0.035799,0.044743,0.016396,0.013717,0.011391,0.049154,0.022581,0.036932,0.10962,0.01542,0.02593,0.10456,0.1594,0.034154,0.10244,0.061151,0.011417,0.0086603,0.017747,0.022855,0.038672,0.033994,0.070013,0.054496,0.10463,0.04535,0.074598,0.058581,0.13312,0.087354,0.17818
7.14,0.031599,0.040996,0.086043,0.038676,0.047624,0.043566,0.015882,0.042719,0.035694,0.04459,0.016338,0.013694,0.011346,0.048888,0.022479,0.036839,0.10934,0.015355,0.025876,0.10442,0.15894,0.034022,0.10201,0.061339,0.011435,0.0086308,0.017677,0.02279,0.038566,0.033815,0.069854,0.05415,0.10462,0.045092,0.074245,0.058321,0.13274,0.087113,0.17776
7.15,0.031477,0.041046,0.085924,0.038573,0.047529,0.043425,0.01582,0.042536,0.035589,0.044437,0.016279,0.01367,0.011336,0.048623,0.022377,0.036746,0.10907,0.01529,0.025822,0.10428,0.15849,0.033891,0.10157,0.061524,0.011453,0.0086013,0.01761,0.022726,0.038461,0.033636,0.069694,0.053807,0.10461,0.044833,0.073888,0.058061,0.13236,0.086858,0.17734
7.16,0.031355,0.041092,0.085804,0.038469,0.047432,0.043285,0.015758,0.042354,0.035484,0.044285,0.016222,0.013645,0.011351,0.048359,0.022275,0.036654,0.10879,0.015226,0.025767,0.10414,0.15805,0.03376,0.10113,0.061706,0.011469,0.0085721,0.017548,0.022662,0.038356,0.033458,0.069534,0.053465,0.10459,0.044573,0.073528,0.057799,0.13198,0.086589,0.17692
7.17,0.031234,0.041133,0.085683,0.038366,0.047334,0.043145,0.015696,0.042172,0.03538,0.044134,0.016164,0.013619,0.011365,0.048097,0.022174,0.036562,0.10851,0.015162,0.02571,0.104,0.1576,0.03363,0.1007,0.061885,0.011485,0.008543,0.017489,0.022597,0.038252,0.033282,0.069374,0.053126,0.10456,0.044312,0.073163,0.057538,0.13159,0.086437,0.17649
7.18,0.031113,0.04117,0.08556,0.038264,0.047233,0.043006,0.015635,0.041992,0.035277,0.043984,0.016107,0.013591,0.011378,0.047836,0.022074,0.03647,0.10823,0.015098,0.025653,0.10385,0.15715,0.0335,0.10026,0.062061,0.0115,0.0085141,0.017433,0.022533,0.038148,0.033107,0.069214,0.052789,0.10452,0.04405,0.072795,0.057275,0.1312,0.086435,0.17607
7.19,0.030993,0.041203,0.085436,0.038161,0.047131,0.042868,0.015574,0.041812,0.035174,0.043834,0.01605,0.013563,0.01139,0.047576,0.021974,0.036378,0.10795,0.015035,0.025596,0.10371,0.15671,0.03337,0.099816,0.062234,0.011514,0.0084854,0.01738,0.022468,0.038044,0.032932,0.069054,0.052455,0.10448,0.043828,0.072424,0.057012,0.13081,0.086423,0.17564
7.2,0.030873,0.041232,0.085311,0.038059,0.047027,0.04273,0.015514,0.041633,0.035071,0.043685,0.015993,0.013534,0.011401,0.047317,0.021875,0.036286,0.10767,0.014972,0.025537,0.10356,0.15626,0.033242,0.099375,0.062403,0.011527,0.0084569,0.01733,0.022404,0.037941,0.032759,0.068894,0.052123,0.10444,0.04372,0.07205,0.056748,0.13042,0.086401,0.17521
7.21,0.030754,0.041257,0.085184,0.037957,0.046924,0.042592,0.015454,0.041455,0.034969,0.043536,0.015937,0.013503,0.011411,0.047059,0.021776,0.036195,0.10739,0.014909,0.025478,0.10341,0.15582,0.033113,0.098932,0.06257,0.01154,0.0084285,0.017283,0.022339,0.037839,0.032586,0.068733,0.051793,0.10438,0.043612,0.071672,0.056484,0.13003,0.08637,0.17478
7.22,0.030635,0.041278,0.085056,0.037856,0.046824,0.042456,0.015394,0.041278,0.034867,0.043388,0.015881,0.013471,0.01142,0.046803,0.021678,0.036104,0.10711,0.014847,0.025417,0.10325,0.15538,0.032985,0.098489,0.062734,0.011551,0.0084003,0.017239,0.022274,0.037736,0.032415,0.068573,0.051466,0.10432,0.043504,0.071292,0.056218,0.12963,0.086331,0.17434
7.23,0.030517,0.041295,0.084927,0.037755,0.046727,0.042319,0.015334,0.041101,0.034766,0.043241,0.015825,0.013439,0.011427,0.046549,0.02158,0.036014,0.10683,0.014788,0.025356,0.1031,0.15494,0.032858,0.098046,0.062894,0.011562,0.0083723,0.017198,0.02221,0.037635,0.032245,0.068412,0.051141,0.10425,0.043395,0.070909,0.055952,0.12923,0.086283,0.17391
7.24,0.030399,0.041308,0.084795,0.037654,0.046635,0.042184,0.015275,0.040926,0.034665,0.043095,0.015769,0.013405,0.011433,0.046296,0.021483,0.035923,0.10655,0.014729,0.025295,0.10294,0.1545,0.032731,0.097601,0.063051,0.011571,0.0083445,0.01716,0.022145,0.037533,0.032075,0.068252,0.050819,0.10417,0.043287,0.070523,0.055685,0.12882,0.086228,0.17347
7.25,0.030282,0.041317,0.084662,0.037554,0.046543,0.042049,0.015216,0.040751,0.034565,0.042949,0.015714,0.01337,0.011438,0.046045,0.021386,0.035833,0.10626,0.014671,0.025233,0.10278,0.15406,0.032605,0.097156,0.063205,0.01158,0.0083168,0.017125,0.02208,0.037432,0.031907,0.068092,0.050499,0.10409,0.043178,0.070135,0.055417,0.12842,0.086164,0.17303
7.26,0.030165,0.041322,0.084527,0.037454,0.046451,0.041914,0.015158,0.040577,0.034465,0.042803,0.015659,0.013335,0.011442,0.045794,0.02129,0.035743,0.10598,0.014613,0.02517,0.10262,0.15362,0.032479,0.096711,0.063356,0.011588,0.0082892,0.017093,0.022015,0.037332,0.03174,0.067932,0.050183,0.104,0.043069,0.069744,0.055148,0.128,0.086091,0.17259
7.27,0.030049,0.041323,0.084389,0.037354,0.046357,0.04178,0.0151,0.040405,0.034365,0.042659,0.015604,0.013298,0.011444,0.045545,0.021194,0.035653,0.10569,0.014555,0.025106,0.10245,0.15318,0.032354,0.096265,0.063503,0.011595,0.0082618,0.017063,0.021951,0.037232,0.031574,0.067772,0.049869,0.1039,0.042961,0.069352,0.054878,0.12759,0.086009,0.17215
7.28,0.029933,0.041319,0.084248,0.037254,0.046261,0.041647,0.015042,0.040233,0.034266,0.042514,0.01555,0.013261,0.011446,0.045297,0.021099,0.035564,0.10541,0.014498,0.025042,0.10229,0.15275,0.03223,0.095819,0.063647,0.011601,0.0082346,0.017037,0.021886,0.037132,0.031408,0.067612,0.049558,0.10379,0.042853,0.068958,0.054609,0.12717,0.085916,0.1717
7.29,0.029818,0.041311,0.084106,0.037155,0.046162,0.041514,0.014985,0.04007,0.034167,0.042371,0.015495,0.013222,0.011447,0.045051,0.021005,0.035474,0.10512,0.01444,0.024977,0.10212,0.15232,0.032106,0.095373,0.063788,0.011606,0.0082076,0.017013,0.021821,0.037033,0.031244,0.067452,0.04925,0.10368,0.042752,0.068562,0.054339,0.12675,0.085812,0.17126
7.3,0.029703,0.041299,0.083961,0.037056,0.046061,0.041382,0.014927,0.039951,0.034069,0.042228,0.015441,0.0132,0.011447,0.044805,0.02091,0.035385,0.10484,0.014383,0.024912,0.10195,0.15188,0.031983,0.094928,0.063925,0.011611,0.0081806,0.016992,0.021756,0.036934,0.031081,0.067291,0.048945,0.10356,0.042659,0.068165,0.054071,0.12632,0.085694,0.17081
7.31,0.029589,0.041283,0.083813,0.036958,0.045956,0.04125,0.014871,0.039832,0.033971,0.042086,0.015388,0.013183,0.011445,0.044561,0.020817,0.035297,0.10455,0.014326,0.024846,0.10178,0.15145,0.031861,0.094483,0.064059,0.011614,0.0081539,0.016975,0.021692,0.036835,0.030919,0.067131,0.048643,0.10343,0.042566,0.067766,0.053805,0.12589,0.085563,0.17036
7.32,0.029475,0.041261,0.083663,0.036859,0.045849,0.04112,0.014814,0.039714,0.033874,0.041944,0.015334,0.013166,0.011442,0.044367,0.020724,0.035208,0.10426,0.014269,0.02478,0.1016,0.15102,0.03174,0.09404,0.064189,0.011617,0.0081274,0.016959,0.021627,0.036737,0.030758,0.066971,0.048344,0.1033,0.042471,0.067367,0.053542,0.12546,0.085417,0.16991
7.33,0.029362,0.041235,0.083511,0.036761,0.045739,0.040989,0.014758,0.039596,0.033776,0.041803,0.015281,0.013147,0.011438,0.044188,0.020631,0.03512,0.10397,0.014212,0.024713,0.10143,0.15059,0.031619,0.093599,0.064317,0.01162,0.008101,0.016947,0.021563,0.036639,0.030598,0.06681,0.048049,0.10315,0.042376,0.066967,0.053283,0.12502,0.085257,0.16946
7.34,0.029249,0.041204,0.083356,0.036663,0.045625,0.040859,0.014702,0.039479,0.03368,0.041663,0.015228,0.013127,0.011433,0.04401,0.020539,0.035032,0.10369,0.014156,0.024645,0.10125,0.15017,0.031499,0.09316,0.06444,0.011621,0.0080748,0.016937,0.021499,0.036542,0.030438,0.066649,0.047756,0.103,0.04228,0.066567,0.053148,0.12458,0.085166,0.16901
7.35,0.029136,0.041167,0.083199,0.036566,0.045509,0.04073,0.014647,0.039362,0.033584,0.041523,0.015175,0.013106,0.011428,0.043833,0.020447,0.034944,0.1034,0.014099,0.024578,0.10107,0.14974,0.03138,0.092723,0.06456,0.011622,0.0080487,0.01693,0.021435,0.036445,0.03028,0.066489,0.047467,0.10285,0.042182,0.066166,0.053019,0.12414,0.085154,0.16856
7.36,0.029024,0.041126,0.08304,0.036469,0.04539,0.040601,0.014591,0.039246,0.033488,0.041384,0.015123,0.013084,0.011421,0.043657,0.020356,0.034856,0.10311,0.014043,0.024509,0.10088,0.14931,0.031261,0.092288,0.064676,0.011621,0.0080227,0.016926,0.021371,0.036349,0.030123,0.066328,0.047182,0.10268,0.042084,0.065766,0.052887,0.1237,0.085129,0.1681
7.37,0.028913,0.041079,0.082879,0.036372,0.045268,0.040473,0.014537,0.03913,0.033392,0.041245,0.015071,0.013061,0.011414,0.043481,0.020265,0.034769,0.10283,0.013987,0.02444,0.1007,0.14889,0.031143,0.091854,0.064789,0.01162,0.007997,0.016924,0.021307,0.036253,0.029967,0.066167,0.046899,0.10251,0.041984,0.065367,0.052754,0.12325,0.085092,0.16765
7.38,0.028802,0.041027,0.082716,0.036275,0.045144,0.040345,0.014482,0.039015,0.033297,0.041107,0.015019,0.013037,0.011405,0.043307,0.020175,0.034682,0.10254,0.013931,0.024371,0.10051,0.14847,0.031026,0.09142,0.064898,0.011619,0.0079713,0.016924,0.021243,0.036157,0.029812,0.066006,0.046621,0.10233,0.041883,0.064967,0.052618,0.12281,0.085042,0.1672
7.39,0.028692,0.040971,0.08255,0.036179,0.045017,0.040218,0.014428,0.0389,0.033203,0.04097,0.014967,0.013013,0.011395,0.043133,0.020085,0.034595,0.10225,0.013875,0.024301,0.10033,0.14805,0.03091,0.090987,0.065004,0.011616,0.0079458,0.016927,0.021179,0.036062,0.029658,0.065845,0.046345,0.10214,0.041781,0.064568,0.052481,0.12236,0.084982,0.16675
7.4,0.028582,0.040909,0.082383,0.036083,0.044886,0.040092,0.014374,0.038786,0.033108,0.040833,0.014915,0.012987,0.011384,0.04296,0.019996,0.034508,0.10197,0.01382,0.024231,0.10014,0.14763,0.030795,0.090554,0.065106,0.011613,0.0079205,0.016932,0.021115,0.035967,0.029504,0.065685,0.046073,0.10194,0.041678,0.064169,0.052342,0.12192,0.084909,0.16629
7.41,0.028472,0.040843,0.082213,0.035987,0.044754,0.039966,0.01432,0.038672,0.033015,0.040697,0.014864,0.01296,0.011372,0.042789,0.019907,0.034422,0.10168,0.013764,0.02416,0.099946,0.14721,0.03068,0.090121,0.065205,0.011609,0.0078952,0.01694,0.021051,0.035872,0.029352,0.065524,0.045805,0.10174,0.041574,0.06377,0.052201,0.12147,0.084826,0.16584
7.42,0.028363,0.040773,0.082042,0.035891,0.044619,0.03984,0.014267,0.038559,0.032921,0.040562,0.014813,0.012932,0.011359,0.042617,0.019819,0.034336,0.10139,0.013709,0.024089,0.099753,0.14679,0.030566,0.089689,0.0653,0.011605,0.0078702,0.01695,0.020987,0.035778,0.029201,0.065363,0.04554,0.10153,0.041468,0.063372,0.052058,0.12102,0.084731,0.16539
7.43,0.028255,0.040699,0.081869,0.035796,0.044481,0.039715,0.014214,0.038446,0.032828,0.040427,0.014763,0.012904,0.011346,0.042447,0.019731,0.03425,0.10111,0.013654,0.024018,0.099559,0.14637,0.030453,0.089256,0.065391,0.011599,0.0078453,0.016962,0.020923,0.035684,0.029051,0.065203,0.045279,0.10132,0.041362,0.062975,0.051913,0.12058,0.084626,0.16493
7.44,0.028146,0.040621,0.081694,0.035701,0.044341,0.03959,0.014161,0.038333,0.032736,0.040292,0.014712,0.012874,0.011332,0.042278,0.019644,0.034164,0.10082,0.013599,0.023946,0.099362,0.14596,0.030341,0.088823,0.065478,0.011593,0.0078205,0.016976,0.020859,0.035591,0.028901,0.065043,0.045022,0.10109,0.041255,0.062579,0.051767,0.12013,0.08451,0.16448
7.45,0.028039,0.04054,0.081517,0.035607,0.044199,0.039466,0.014108,0.038222,0.032643,0.040159,0.014662,0.012844,0.011316,0.042109,0.019557,0.034079,0.10054,0.013545,0.023874,0.099165,0.14554,0.03023,0.08839,0.065563,0.011585,0.0077959,0.016992,0.020795,0.035497,0.028753,0.064883,0.044768,0.10086,0.041147,0.062184,0.051618,0.11968,0.084385,0.16402
7.46,0.027931,0.040454,0.081339,0.035512,0.044054,0.039343,0.014056,0.03811,0.032551,0.040026,0.014612,0.012813,0.0113,0.041942,0.01947,0.033994,0.10025,0.013491,0.023802,0.098966,0.14513,0.030119,0.087957,0.065643,0.011577,0.0077715,0.01701,0.020731,0.035405,0.028606,0.064724,0.044518,0.10062,0.041038,0.061789,0.051468,0.11923,0.084249,0.16357
7.47,0.027825,0.040366,0.081159,0.035418,0.043908,0.03922,0.014004,0.037999,0.03246,0.039893,0.014562,0.01278,0.011282,0.041775,0.019384,0.033909,0.09997,0.013436,0.023729,0.098765,0.14472,0.03001,0.087524,0.06572,0.011568,0.0077471,0.01703,0.020667,0.035312,0.028459,0.064564,0.044272,0.10037,0.040928,0.061396,0.051316,0.11878,0.084104,0.16311
7.48,0.027718,0.040273,0.080977,0.035324,0.043759,0.039098,0.013953,0.037889,0.032369,0.039761,0.014513,0.012748,0.011264,0.041608,0.019299,0.033824,0.099685,0.013382,0.023657,0.098563,0.1443,0.029901,0.08709,0.065794,0.011558,0.007723,0.017052,0.020604,0.03522,0.028314,0.064404,0.044029,0.10012,0.040817,0.061004,0.051162,0.11833,0.08395,0.16265
7.49,0.027612,0.040178,0.080794,0.035231,0.043607,0.038976,0.013901,0.037779,0.032278,0.03963,0.014463,0.012714,0.011245,0.041443,0.019214,0.03374,0.099401,0.013329,0.023583,0.09836,0.1439,0.029793,0.086657,0.065864,0.011548,0.0076989,0.017076,0.02054,0.035129,0.028169,0.064244,0.04379,0.099855,0.040705,0.060611,0.051006,0.11788,0.083786,0.16219
7.5,0.027507,0.040079,0.080609,0.035138,0.043454,0.038855,0.01385,0.037669,0.032188,0.039499,0.014414,0.01268,0.011226,0.041279,0.019129,0.033656,0.099118,0.013275,0.02351,0.098156,0.14349,0.029686,0.086223,0.06593,0.011536,0.007675,0.017101,0.020476,0.035038,0.028026,0.064084,0.043555,0.099585,0.040593,0.06022,0.050849,0.11742,0.083612,0.16173
7.51,0.027402,0.039976,0.080423,0.035045,0.043299,0.038734,0.0138,0.03756,0.032098,0.039369,0.014365,0.012645,0.011205,0.041115,0.019045,0.033572,0.098834,0.013222,0.023436,0.097951,0.14308,0.029579,0.085789,0.065993,0.011523,0.0076512,0.017128,0.020413,0.034947,0.027883,0.063924,0.043323,0.099306,0.040479,0.059828,0.05069,0.11697,0.083429,0.16127
7.52,0.027298,0.039871,0.080236,0.034953,0.043142,0.038614,0.013749,0.037451,0.032008,0.039239,0.014317,0.012609,0.011184,0.040952,0.018961,0.033488,0.098551,0.013169,0.023362,0.097745,0.14267,0.029474,0.085355,0.066053,0.01151,0.0076331,0.017156,0.020349,0.034856,0.027741,0.063764,0.043095,0.09902,0.040397,0.059436,0.050529,0.11652,0.083235,0.16081
7.53,0.027194,0.039763,0.080047,0.03486,0.042983,0.038494,0.013699,0.037343,0.031919,0.03911,0.014269,0.012573,0.011161,0.04079,0.018878,0.033404,0.098268,0.013116,0.023288,0.097537,0.14227,0.029369,0.084921,0.066109,0.011496,0.0076392,0.017186,0.020286,0.034766,0.0276,0.063604,0.042871,0.098848,0.040423,0.059044,0.050367,0.11606,0.083032,0.16035
7.54,0.02709,0.039652,0.079857,0.034768,0.042822,0.038375,0.013649,0.037235,0.03183,0.038981,0.01422,0.012536,0.011138,0.040629,0.018795,0.033321,0.097986,0.013063,0.023214,0.097329,0.14186,0.029265,0.084487,0.066161,0.011481,0.0076448,0.017217,0.020222,0.034676,0.027461,0.063445,0.04265,0.098753,0.040441,0.058653,0.050203,0.11561,0.082818,0.15989
7.55,0.026987,0.039539,0.079666,0.034677,0.04266,0.038256,0.0136,0.037128,0.031742,0.038853,0.014172,0.012498,0.011114,0.040468,0.018712,0.033238,0.097703,0.013011,0.023139,0.09712,0.14146,0.029162,0.084053,0.066211,0.011465,0.0076498,0.01725,0.020159,0.034587,0.027322,0.063285,0.042434,0.098651,0.040452,0.058261,0.050038,0.11516,0.082594,0.15943
7.56,0.026884,0.039425,0.079473,0.034585,0.042522,0.038138,0.01355,0.037021,0.031653,0.038725,0.014125,0.012459,0.01109,0.040309,0.01863,0.033155,0.097421,0.012959,0.023064,0.096911,0.14106,0.029059,0.083619,0.066257,0.011448,0.0076543,0.017283,0.020096,0.034498,0.027184,0.063125,0.04222,0.098541,0.040457,0.057869,0.049871,0.11471,0.08236,0.15897
7.57,0.026782,0.039374,0.07928,0.034494,0.042448,0.03802,0.013501,0.036915,0.031566,0.038598,0.014077,0.01242,0.011064,0.04015,0.018549,0.033073,0.097138,0.012906,0.022989,0.0967,0.14066,0.028958,0.083185,0.0663,0.01143,0.0076584,0.017318,0.020032,0.034409,0.027047,0.062966,0.042011,0.098423,0.040454,0.057477,0.049704,0.11426,0.082115,0.1585
7.58,0.02668,0.039403,0.079085,0.034403,0.042373,0.037903,0.013453,0.036809,0.031478,0.038472,0.01403,0.01238,0.011038,0.039992,0.018468,0.03299,0.096856,0.012855,0.022914,0.096489,0.14026,0.028857,0.08275,0.066339,0.011411,0.0076619,0.017354,0.019969,0.03432,0.026911,0.062806,0.041805,0.098297,0.040444,0.057085,0.049534,0.11382,0.081859,0.15804
7.59,0.026578,0.039431,0.078889,0.034313,0.042298,0.037786,0.013404,0.036703,0.031391,0.038346,0.013983,0.012339,0.011011,0.039834,0.018387,0.032908,0.096575,0.012803,0.022838,0.096278,0.13986,0.028757,0.082317,0.066375,0.011392,0.007665,0.017391,0.019906,0.034232,0.026775,0.062647,0.041603,0.098164,0.040428,0.056693,0.049364,0.11337,0.081593,0.15758
7.6,0.026477,0.039459,0.078691,0.034222,0.042222,0.03767,0.013356,0.036598,0.031305,0.038221,0.013936,0.012298,0.010983,0.039678,0.018307,0.032827,0.096293,0.012752,0.022763,0.096066,0.13946,0.028658,0.081883,0.066408,0.011372,0.0076675,0.017428,0.019843,0.034145,0.026641,0.062487,0.041404,0.098024,0.040405,0.056302,0.049193,0.11293,0.081317,0.15712
7.61,0.026377,0.039488,0.078492,0.034132,0.042146,0.037554,0.013308,0.036493,0.031218,0.038096,0.01389,0.012256,0.010955,0.039522,0.018227,0.032745,0.096011,0.0127,0.022687,0.095853,0.13907,0.02856,0.08145,0.066438,0.01135,0.0076696,0.017467,0.01978,0.034057,0.026508,0.062328,0.041209,0.097875,0.040376,0.05591,0.04902,0.11249,0.081029,0.15666
7.62,0.026276,0.039518,0.078292,0.034042,0.042069,0.037439,0.01326,0.036389,0.031132,0.037972,0.013843,0.012213,0.010927,0.039367,0.018148,0.032664,0.095729,0.012649,0.022612,0.09564,0.13867,0.028462,0.081238,0.066465,0.011329,0.0076713,0.017506,0.019718,0.03397,0.026375,0.062169,0.041017,0.09772,0.04034,0.055519,0.048846,0.11205,0.080731,0.15621
7.63,0.026177,0.039547,0.07809,0.033953,0.041993,0.037324,0.013213,0.036285,0.031047,0.037848,0.013797,0.01217,0.010897,0.039213,0.018069,0.032582,0.095448,0.012599,0.022536,0.095427,0.13828,0.028365,0.081053,0.06649,0.011306,0.0076724,0.017546,0.019655,0.033883,0.026243,0.06201,0.04083,0.097557,0.040297,0.055128,0.048672,0.11162,0.080422,0.15577
7.64,0.026077,0.039576,0.077887,0.033863,0.041915,0.03721,0.013166,0.036181,0.030961,0.037724,0.013751,0.012126,0.010867,0.039059,0.01799,0.032502,0.095166,0.012548,0.02246,0.095213,0.13788,0.028269,0.080868,0.066511,0.011282,0.007673,0.017586,0.019592,0.033797,0.026113,0.061852,0.040645,0.097387,0.040249,0.054736,0.048496,0.11119,0.080103,0.15534
7.65,0.025978,0.039604,0.077683,0.033774,0.041838,0.037096,0.013119,0.036078,0.030876,0.037602,0.013706,0.012081,0.010835,0.038907,0.017912,0.032421,0.094884,0.012498,0.022384,0.094999,0.13749,0.028174,0.080682,0.066529,0.011258,0.0076732,0.017627,0.01953,0.033711,0.025983,0.061694,0.040464,0.09721,0.040194,0.054452,0.04832,0.11077,0.079772,0.15492
7.66,0.02588,0.039631,0.077478,0.033686,0.04176,0.036983,0.013072,0.035976,0.030792,0.03748,0.01366,0.012036,0.010804,0.038755,0.017834,0.03234,0.094602,0.012448,0.022308,0.094785,0.1371,0.028079,0.080497,0.066544,0.011233,0.007673,0.017668,0.019467,0.033625,0.025854,0.061536,0.040287,0.097026,0.040133,0.054375,0.048143,0.11036,0.079431,0.1545
7.67,0.025782,0.039657,0.077271,0.033597,0.041683,0.03687,0.013026,0.035873,0.030708,0.037358,0.013615,0.011991,0.010772,0.038604,0.017757,0.03226,0.09432,0.012398,0.022232,0.09457,0.13671,0.027986,0.08031,0.066556,0.011207,0.0076724,0.017709,0.019405,0.03354,0.025726,0.061378,0.040113,0.096835,0.040066,0.054296,0.047965,0.10994,0.07908,0.15408
7.68,0.025685,0.039682,0.077063,0.033509,0.041604,0.036758,0.01298,0.035772,0.030624,0.037237,0.01357,0.011945,0.010739,0.038454,0.01768,0.03218,0.094039,0.012348,0.022155,0.094355,0.13632,0.027893,0.080123,0.066565,0.01118,0.0076712,0.017751,0.019342,0.033455,0.025599,0.06122,0.039942,0.096638,0.039993,0.054215,0.047787,0.10953,0.078718,0.15366
7.69,0.025587,0.039708,0.076854,0.033421,0.041527,0.036646,0.012934,0.03567,0.03054,0.037116,0.013525,0.011898,0.010706,0.038304,0.017604,0.0321,0.093757,0.012298,0.022079,0.09414,0.13594,0.0278,0.079936,0.066571,0.011153,0.0076696,0.017793,0.01928,0.03337,0.025472,0.061063,0.039775,0.096434,0.039914,0.054133,0.047608,0.10912,0.078345,0.15324
7.7,0.025491,0.039732,0.076644,0.033333,0.041449,0.036534,0.012888,0.035569,0.030457,0.036996,0.01348,0.011851,0.010672,0.038156,0.017552,0.032021,0.093475,0.012249,0.022003,0.093924,0.13555,0.027708,0.079749,0.066574,0.011124,0.0076676,0.017835,0.019218,0.033285,0.025347,0.060905,0.039611,0.096224,0.03983,0.054049,0.047429,0.10871,0.077963,0.15282
7.71,0.025394,0.039757,0.076433,0.033246,0.041373,0.036423,0.012843,0.035469,0.030374,0.036877,0.013436,0.011804,0.010638,0.038008,0.017517,0.031942,0.093192,0.0122,0.021926,0.093708,0.13516,0.027617,0.079561,0.066574,0.011095,0.0076652,0.017877,0.019156,0.033201,0.025222,0.060748,0.03945,0.096007,0.03974,0.053963,0.047249,0.10831,0.077571,0.1524
7.72,0.025298,0.039781,0.07622,0.033159,0.041298,0.036313,0.012798,0.035369,0.030292,0.036758,0.013392,0.011756,0.010603,0.03786,0.017483,0.031863,0.09291,0.012151,0.021849,0.093492,0.13478,0.027527,0.079373,0.066571,0.011065,0.0076623,0.017919,0.019094,0.033117,0.025098,0.06059,0.039293,0.095783,0.039644,0.053876,0.047069,0.1079,0.077168,0.15199
7.73,0.025203,0.039803,0.076007,0.033072,0.041224,0.036203,0.012753,0.035269,0.030209,0.036639,0.013348,0.011708,0.010567,0.037714,0.017448,0.031784,0.092628,0.012103,0.021773,0.093275,0.13439,0.027437,0.079185,0.066564,0.011034,0.0076589,0.01796,0.019032,0.033034,0.024975,0.060433,0.039139,0.095554,0.039542,0.053788,0.046888,0.10749,0.076756,0.15157
7.74,0.025108,0.039824,0.075793,0.032985,0.041151,0.036093,0.012708,0.03517,0.030127,0.036521,0.013304,0.01166,0.010531,0.037568,0.017414,0.031705,0.092346,0.012054,0.021696,0.093057,0.13401,0.027348,0.078997,0.066555,0.011002,0.0076552,0.018002,0.01897,0.03295,0.024853,0.060276,0.038988,0.095319,0.039435,0.053698,0.046708,0.10708,0.076493,0.15115
7.75,0.025013,0.039844,0.075579,0.032899,0.04108,0.035984,0.012664,0.035071,0.030046,0.036404,0.01326,0.011611,0.010495,0.037423,0.017379,0.031627,0.092064,0.012013,0.021619,0.092839,0.13363,0.02726,0.078808,0.066543,0.010969,0.0076511,0.018043,0.018909,0.032868,0.024732,0.060119,0.03884,0.095078,0.039323,0.053607,0.046527,0.10668,0.076375,0.15073
7.76,0.024918,0.039863,0.075363,0.032813,0.041009,0.035876,0.01262,0.034972,0.029965,0.036287,0.013217,0.011563,0.010458,0.037278,0.017345,0.031549,0.091781,0.011976,0.021542,0.092621,0.13325,0.027172,0.078619,0.066527,0.010935,0.0076466,0.018083,0.018847,0.032785,0.024612,0.059962,0.038695,0.094831,0.039205,0.053515,0.046346,0.10632,0.076254,0.15031
7.77,0.024825,0.03988,0.075146,0.032727,0.040938,0.035767,0.012576,0.034874,0.029884,0.03617,0.013173,0.011513,0.01042,0.037135,0.017311,0.031471,0.091499,0.011938,0.021465,0.092401,0.13287,0.027085,0.078429,0.066509,0.0109,0.0076416,0.018124,0.018786,0.032703,0.024492,0.059805,0.038554,0.094578,0.039083,0.053421,0.046165,0.10601,0.076131,0.14989
7.78,0.024731,0.039895,0.07493,0.032641,0.040867,0.03566,0.012533,0.034776,0.029803,0.036054,0.01313,0.011463,0.010382,0.036992,0.017276,0.031393,0.091217,0.011901,0.021388,0.092182,0.13249,0.026999,0.07824,0.066487,0.010865,0.0076362,0.018163,0.018725,0.032621,0.024373,0.059648,0.038415,0.09432,0.038955,0.053325,0.045984,0.10569,0.076006,0.14947
7.79,0.024638,0.039908,0.074713,0.032556,0.040795,0.035552,0.012489,0.034679,0.029723,0.035939,0.013088,0.011414,0.010344,0.036849,0.017242,0.031316,0.090935,0.011863,0.021312,0.091961,0.13211,0.026913,0.07805,0.066463,0.010829,0.0076305,0.018202,0.018663,0.032539,0.024255,0.059492,0.03828,0.094056,0.038823,0.053229,0.045804,0.10537,0.075879,0.14905
7.8,0.024545,0.039919,0.074496,0.032471,0.040723,0.035446,0.012446,0.034582,0.029643,0.035824,0.013045,0.011363,0.010305,0.036708,0.017208,0.031238,0.090654,0.011826,0.021235,0.09174,0.13174,0.026828,0.07786,0.066436,0.010791,0.0076244,0.018241,0.018602,0.032457,0.024138,0.059336,0.038147,0.093788,0.038686,0.053131,0.045623,0.10506,0.075749,0.14863
7.81,0.024453,0.039929,0.074279,0.032387,0.04065,0.035339,0.012403,0.034485,0.029563,0.035709,0.013002,0.011312,0.010265,0.036567,0.017174,0.031161,0.090372,0.01179,0.021158,0.091518,0.13136,0.026743,0.07767,0.066405,0.010753,0.0076178,0.018278,0.018541,0.032376,0.024022,0.059179,0.038017,0.093514,0.038545,0.053032,0.045442,0.10474,0.075618,0.1482
7.82,0.024361,0.039937,0.074063,0.032302,0.040576,0.035233,0.012361,0.034389,0.029484,0.035595,0.01296,0.011261,0.010225,0.036427,0.01714,0.031085,0.090091,0.011753,0.021081,0.091294,0.13099,0.026659,0.077481,0.066372,0.010715,0.0076109,0.018315,0.01848,0.032295,0.023907,0.059023,0.03789,0.093235,0.0384,0.052931,0.045261,0.10443,0.075483,0.14778
7.83,0.024269,0.039943,0.073847,0.032218,0.040502,0.035128,0.012318,0.034293,0.029405,0.035482,0.012918,0.01121,0.010185,0.036287,0.017106,0.031008,0.08981,0.011717,0.021004,0.09107,0.13061,0.026575,0.077291,0.066336,0.010675,0.0076036,0.018351,0.01842,0.032215,0.023792,0.058867,0.037766,0.092952,0.03825,0.052829,0.04508,0.10413,0.075347,0.14736
7.84,0.024178,0.039948,0.07363,0.032134,0.040428,0.035023,0.012276,0.034198,0.029327,0.035369,0.012876,0.011158,0.010144,0.036148,0.017072,0.030932,0.089529,0.01168,0.020928,0.090845,0.13024,0.026492,0.077102,0.066298,0.010635,0.007596,0.018386,0.018359,0.032135,0.023678,0.058712,0.037645,0.092664,0.038095,0.052726,0.044899,0.10382,0.075208,0.14693
7.85,0.024087,0.039952,0.073413,0.03205,0.040353,0.034918,0.012234,0.034103,0.029248,0.035256,0.012835,0.011106,0.010103,0.03601,0.017038,0.030856,0.089248,0.011644,0.020851,0.090619,0.12987,0.02641,0.076913,0.066256,0.010593,0.0075879,0.018421,0.018298,0.032055,0.023565,0.058557,0.037526,0.092372,0.037936,0.052621,0.044718,0.10352,0.075068,0.14651
7.86,0.023997,0.039955,0.073197,0.031967,0.040278,0.034814,0.012192,0.034008,0.02917,0.035144,0.012793,0.011054,0.010061,0.035873,0.017004,0.03078,0.088968,0.011608,0.020774,0.090391,0.12949,0.026328,0.076724,0.066211,0.010551,0.0075795,0.018454,0.018238,0.031975,0.023453,0.058402,0.03741,0.092076,0.037773,0.052515,0.044536,0.10322,0.074925,0.14608
7.87,0.023907,0.039957,0.07298,0.031884,0.040203,0.03471,0.012151,0.033914,0.029093,0.035032,0.012752,0.011001,0.010019,0.035736,0.016971,0.030704,0.088688,0.011573,0.020697,0.090163,0.12912,0.026246,0.076536,0.066163,0.010508,0.0075708,0.018486,0.018178,0.031896,0.023341,0.058248,0.037296,0.091775,0.037607,0.052408,0.044355,0.10293,0.07478,0.14565
7.88,0.023817,0.039959,0.072763,0.031801,0.040127,0.034607,0.01211,0.03382,0.029015,0.034921,0.012711,0.010991,0.0099766,0.0356,0.016937,0.030629,0.088409,0.011537,0.02062,0.089933,0.12875,0.026165,0.076347,0.066113,0.010465,0.0075617,0.018516,0.018118,0.031816,0.02323,0.058094,0.037185,0.091471,0.037436,0.052299,0.044173,0.10264,0.074632,0.14523
7.89,0.023728,0.039959,0.072545,0.031718,0.04005,0.034504,0.012069,0.033726,0.028938,0.03481,0.01267,0.01104,0.0099338,0.035464,0.016903,0.030554,0.088131,0.011502,0.020544,0.089703,0.12839,0.026085,0.07616,0.06606,0.01042,0.0075522,0.018546,0.018059,0.031738,0.023121,0.05794,0.037077,0.091164,0.037262,0.05219,0.043992,0.10236,0.074483,0.1448
7.9,0.023639,0.039958,0.072327,0.031635,0.039973,0.034402,0.012028,0.033633,0.028861,0.0347,0.012629,0.011087,0.0098905,0.035329,0.01687,0.030479,0.087852,0.011466,0.020467,0.089471,0.12802,0.026005,0.075972,0.066004,0.010375,0.0075423,0.018574,0.017999,0.031659,0.023011,0.057786,0.036971,0.090852,0.037084,0.052078,0.04381,0.10208,0.074332,0.14437
7.91,0.023551,0.039955,0.072109,0.031553,0.039894,0.0343,0.011987,0.033541,0.028785,0.03459,0.012588,0.011131,0.0098495,0.035195,0.016836,0.030404,0.087575,0.011432,0.02039,0.089238,0.12765,0.025925,0.075785,0.065946,0.010329,0.0075322,0.018601,0.017939,0.031581,0.022903,0.057632,0.036867,0.090538,0.036903,0.051966,0.043628,0.1018,0.074178,0.14395
7.92,0.023463,0.03995,0.071891,0.031471,0.039815,0.034198,0.011947,0.033448,0.028709,0.034481,0.012548,0.011172,0.0098511,0.035062,0.016803,0.030329,0.087298,0.011397,0.020313,0.089004,0.12729,0.025846,0.075598,0.065885,0.010282,0.0075217,0.018627,0.01788,0.031503,0.022795,0.057479,0.036766,0.090221,0.036735,0.051853,0.043446,0.10153,0.074023,0.14352
7.93,0.023375,0.039942,0.071672,0.03139,0.039735,0.034097,0.011907,0.033356,0.028633,0.034372,0.012508,0.011211,0.0098521,0.034929,0.01677,0.030255,0.087022,0.011362,0.020237,0.088768,0.12692,0.025768,0.075411,0.065821,0.010234,0.0075109,0.018651,0.017821,0.031425,0.022688,0.057325,0.036667,0.089901,0.03669,0.051738,0.043265,0.10126,0.073865,0.14309
7.94,0.023288,0.039932,0.071454,0.031308,0.039654,0.033996,0.011867,0.033264,0.028557,0.034264,0.012468,0.011247,0.0098527,0.034797,0.016736,0.030181,0.086747,0.011328,0.02016,0.088532,0.12656,0.02569,0.075224,0.065755,0.010186,0.0074997,0.018674,0.017762,0.031347,0.022582,0.057172,0.03657,0.089578,0.036641,0.051622,0.043083,0.101,0.073706,0.14267
7.95,0.023201,0.03992,0.071235,0.031227,0.039571,0.033896,0.011827,0.033173,0.028482,0.034156,0.012428,0.01128,0.0098528,0.034665,0.016703,0.030107,0.086473,0.011294,0.020083,0.088294,0.12619,0.025612,0.075038,0.065686,0.010137,0.0074882,0.018696,0.017703,0.03127,0.022477,0.057019,0.036476,0.089254,0.036589,0.051505,0.042901,0.10073,0.073544,0.14224
7.96,0.023114,0.039905,0.071016,0.031146,0.039488,0.033796,0.011787,0.033082,0.028407,0.034048,0.012388,0.01131,0.0098525,0.034534,0.01667,0.030033,0.086199,0.01126,0.020007,0.088055,0.12583,0.025535,0.074852,0.065614,0.010087,0.0074765,0.018715,0.017644,0.031193,0.022372,0.056866,0.036383,0.088927,0.036534,0.051387,0.042719,0.10048,0.073381,0.14182
7.97,0.023028,0.039888,0.070797,0.031065,0.039404,0.033697,0.011748,0.032992,0.028332,0.033941,0.012349,0.011337,0.0098517,0.034404,0.016637,0.02996,0.085926,0.011226,0.01993,0.087816,0.12547,0.025458,0.074666,0.065541,0.010036,0.0074643,0.018734,0.017585,0.031117,0.022268,0.056714,0.036293,0.088598,0.036475,0.051267,0.042536,0.10022,0.073216,0.1414
7.98,0.022942,0.039869,0.070578,0.030985,0.039319,0.033598,0.011709,0.032901,0.028258,0.033834,0.01231,0.011362,0.0098508,0.034274,0.016604,0.029887,0.085654,0.011192,0.019853,0.087574,0.12511,0.025381,0.074481,0.065464,0.0099847,0.0074519,0.01875,0.017527,0.03104,0.022165,0.056561,0.036204,0.088268,0.036412,0.051147,0.042355,0.099964,0.073049,0.14098
7.99,0.022856,0.039847,0.070359,0.030904,0.039234,0.033499,0.01167,0.032811,0.028184,0.033728,0.012271,0.011383,0.0098494,0.034145,0.016571,0.029814,0.085382,0.011159,0.019777,0.087332,0.12475,0.025305,0.074296,0.065386,0.0099325,0.0074391,0.018765,0.017468,0.030964,0.022063,0.056409,0.036118,0.087937,0.036346,0.051025,0.042172,0.09971,0.07288,0.14055
8,0.022771,0.039823,0.07014,0.030824,0.039147,0.033401,0.011632,0.032722,0.02811,0.033622,0.012232,0.011402,0.0098476,0.034017,0.016538,0.029741,0.08511,0.011125,0.0197,0.087089,0.12439,0.025229,0.074111,0.065305,0.0098796,0.0074261,0.018779,0.01741,0.030888,0.021961,0.056257,0.036033,0.087605,0.036277,0.050902,0.04199,0.099457,0.07271,0.14013
