Time,GM1,GM2,GM3,GM4,GM5,GM6,GM7,GM8,GM9,GM10,GM11,GM12,GM13,GM14,GM15,GM16,GM17,GM18,GM19,GM20,GM21,GM22,GM23,GM24,GM25,GM26,GM27,GM28,GM29,GM30,GM31,GM32,GM33,GM34,GM35,GM36,GM37,GM38,GM39
0.01,0.00031091,0.00047417,0.00052912,0.00050342,0.00033373,0.00056581,0.00043629,0.00040288,0.00086098,0.00061199,0.00059053,0.00021415,0.00047399,0.00034055,0.00068363,0.00060533,0.00022217,0.00014316,0.00079372,0.00024789,0.00077591,0.00098835,0.00039665,0.00032562,0.0001357,0.00014961,0.00030068,0.00072317,0.00092095,0.00034558,0.0006675,0.00028087,0.00015086,0.00022618,0.00043456,0.00018483,0.00044299,0.00020666,0.00039589
0.02,0.0012519,0.0020152,0.0022794,0.0037755,0.0013727,0.0024285,0.0017473,0.0016107,0.0035961,0.0025091,0.0023309,0.00087632,0.0018983,0.0013629,0.0027402,0.0024257,0.00090099,0.00060035,0.00319,0.0010057,0.0031575,0.0039619,0.0015943,0.0013028,0.00055388,0.00060352,0.0012081,0.0028733,0.0036947,0.001389,0.0026984,0.0012526,0.00065027,0.0009291,0.0017421,0.00074214,0.0018936,0.00083583,0.0017236
0.03,0.0029114,0.0043641,0.0056317,0.010141,0.0030379,0.0058273,0.0044464,0.0036474,0.0077488,0.0056167,0.0058002,0.0021829,0.0043945,0.0030817,0.0063292,0.0054892,0.0020414,0.0013768,0.0078229,0.0022874,0.0073508,0.0089673,0.0036786,0.0029366,0.0012954,0.0013575,0.0027238,0.0077643,0.0083166,0.0032233,0.0060445,0.003953,0.0017769,0.0022011,0.0039884,0.0017329,0.0046869,0.0018931,0.0040007
0.04,0.0049669,0.0081748,0.011709,0.012038,0.0055191,0.014271,0.0081978,0.0065822,0.014513,0.010185,0.010005,0.0034891,0.0082927,0.0054641,0.011588,0.0098089,0.0036542,0.0024169,0.013602,0.0040761,0.013439,0.016142,0.0063235,0.0053309,0.0025126,0.0025511,0.0049227,0.013927,0.015322,0.0067506,0.011316,0.009591,0.0032517,0.0044261,0.0072303,0.0030988,0.0092224,0.0033647,0.0080646
0.05,0.0079818,0.013735,0.021289,0.030142,0.0086667,0.026026,0.011323,0.01035,0.022632,0.017244,0.015168,0.0062059,0.012939,0.0085855,0.019523,0.015418,0.0056602,0.0036567,0.026046,0.0063554,0.0217,0.026276,0.010254,0.0087434,0.0038672,0.0039347,0.0076616,0.027123,0.024574,0.0094945,0.018672,0.017343,0.0068855,0.0077335,0.011396,0.0049402,0.014452,0.0052552,0.012518
0.06,0.011407,0.020221,0.03283,0.04655,0.012357,0.049057,0.016225,0.015049,0.033919,0.027608,0.023539,0.0089702,0.020167,0.012724,0.029241,0.02229,0.0084926,0.0056302,0.036501,0.009282,0.032106,0.038469,0.014947,0.012965,0.0052634,0.0067969,0.011008,0.0399,0.039996,0.013629,0.027982,0.023003,0.010965,0.017019,0.016095,0.0081393,0.019647,0.0077509,0.019623
0.07,0.018035,0.024878,0.044074,0.043791,0.01719,0.063028,0.023499,0.020647,0.050383,0.038984,0.036025,0.014401,0.029214,0.017516,0.041457,0.031551,0.01252,0.0077743,0.051919,0.013656,0.044076,0.054643,0.020234,0.016981,0.010681,0.0094528,0.014789,0.053113,0.059208,0.020461,0.040173,0.036165,0.014746,0.027143,0.023712,0.011585,0.022989,0.010481,0.022388
0.08,0.023319,0.041169,0.057391,0.065511,0.023176,0.082107,0.040317,0.027386,0.062634,0.058729,0.056299,0.025337,0.036653,0.022584,0.050933,0.041114,0.016803,0.012244,0.073158,0.017671,0.06122,0.073608,0.028454,0.021903,0.0169,0.013789,0.019218,0.085241,0.085878,0.02806,0.052376,0.058346,0.017492,0.036919,0.038096,0.015611,0.037383,0.013638,0.0309
0.09,0.02869,0.065283,0.083535,0.086438,0.027787,0.085937,0.049279,0.035178,0.088906,0.077428,0.078463,0.028136,0.053881,0.030017,0.059852,0.057101,0.021638,0.016888,0.09859,0.022685,0.078706,0.094961,0.041365,0.02864,0.023537,0.019896,0.024965,0.099489,0.092826,0.037681,0.069352,0.10354,0.024363,0.059367,0.045844,0.01958,0.064353,0.016912,0.046865
0.1,0.034618,0.087097,0.11761,0.12435,0.038048,0.11482,0.049442,0.044755,0.10289,0.080298,0.10335,0.029378,0.062276,0.036525,0.072031,0.076475,0.031327,0.026729,0.11578,0.0265,0.10027,0.12046,0.056563,0.032998,0.028114,0.023545,0.030748,0.14602,0.10406,0.042678,0.088034,0.09894,0.034242,0.060492,0.062104,0.030419,0.072023,0.024137,0.049654
0.11,0.044512,0.1088,0.1436,0.14116,0.049887,0.12441,0.064619,0.052468,0.12509,0.10149,0.10655,0.044789,0.072385,0.043231,0.11112,0.11074,0.042256,0.026545,0.14333,0.03264,0.12134,0.13274,0.058528,0.040763,0.028182,0.035093,0.037471,0.22742,0.15406,0.067917,0.10278,0.098338,0.052408,0.064302,0.085163,0.038985,0.076327,0.033118,0.070076
0.12,0.051936,0.08497,0.16406,0.13576,0.059919,0.12158,0.10528,0.067072,0.16407,0.11815,0.1212,0.064879,0.098896,0.050381,0.14496,0.13226,0.053362,0.035415,0.16035,0.04076,0.14417,0.16224,0.071556,0.057592,0.032941,0.055449,0.043079,0.36969,0.20777,0.069437,0.12484,0.091788,0.05532,0.074158,0.11012,0.06053,0.10841,0.045259,0.095473
0.13,0.0621,0.12094,0.18312,0.11215,0.069495,0.16905,0.14108,0.080826,0.20349,0.16328,0.14048,0.072371,0.12847,0.065316,0.20804,0.15735,0.055068,0.04511,0.17398,0.048131,0.17911,0.20012,0.099162,0.075492,0.037043,0.072465,0.052947,0.35733,0.24783,0.076901,0.13866,0.099317,0.057489,0.11352,0.1653,0.088992,0.15783,0.056626,0.1328
0.14,0.078201,0.14821,0.21418,0.1028,0.078895,0.23187,0.18739,0.083577,0.25097,0.1567,0.15224,0.072939,0.13204,0.072204,0.24614,0.20207,0.06273,0.051244,0.19901,0.064281,0.21253,0.27419,0.12803,0.094702,0.051387,0.078256,0.065727,0.33286,0.27994,0.099946,0.17962,0.095508,0.059786,0.11866,0.20352,0.10409,0.18895,0.070534,0.12374
0.15,0.093813,0.15074,0.2435,0.11346,0.097216,0.34606,0.21332,0.1057,0.29468,0.16472,0.17524,0.074597,0.15883,0.085682,0.23043,0.21564,0.083526,0.065152,0.23035,0.066988,0.22938,0.32507,0.15745,0.10305,0.071152,0.092356,0.078932,0.3545,0.29799,0.11134,0.20417,0.10835,0.070648,0.14673,0.24,0.089428,0.24292,0.093349,0.15352
0.16,0.11196,0.18161,0.30368,0.13239,0.11533,0.43636,0.24339,0.13263,0.35103,0.18466,0.19066,0.094629,0.20122,0.090495,0.26495,0.27305,0.099301,0.084513,0.2697,0.074533,0.26954,0.34871,0.15203,0.12894,0.094752,0.11676,0.095092,0.4875,0.35812,0.12236,0.22783,0.13122,0.10449,0.14896,0.25777,0.095993,0.26396,0.098413,0.18715
0.17,0.12531,0.27689,0.34337,0.16978,0.12319,0.43057,0.27599,0.17573,0.42021,0.23834,0.21682,0.11745,0.24583,0.12924,0.34144,0.33222,0.12953,0.10491,0.30515,0.084782,0.26181,0.47225,0.164,0.14946,0.10477,0.14192,0.11034,0.61528,0.51754,0.13881,0.24467,0.16069,0.11296,0.19534,0.30451,0.1117,0.27475,0.11354,0.21118
0.18,0.14316,0.33888,0.38641,0.18697,0.16441,0.4476,0.32215,0.22151,0.46565,0.30737,0.29903,0.10917,0.25908,0.17069,0.37706,0.37833,0.15136,0.11938,0.33926,0.099389,0.33101,0.60341,0.17394,0.15978,0.11953,0.15698,0.12374,0.69606,0.67478,0.1485,0.30817,0.15688,0.14022,0.23193,0.33016,0.121,0.28245,0.13681,0.20847
0.19,0.15822,0.3831,0.42606,0.21111,0.18985,0.46007,0.37288,0.2332,0.53484,0.3632,0.33058,0.12688,0.42286,0.18288,0.47846,0.50071,0.15539,0.10882,0.41049,0.12073,0.34948,0.65062,0.20087,0.18434,0.13571,0.15345,0.13944,0.86569,0.67534,0.20314,0.38413,0.18536,0.14721,0.20595,0.33154,0.14008,0.2937,0.16534,0.22843
0.2,0.18529,0.41232,0.45854,0.25346,0.21208,0.46756,0.41172,0.22301,0.62844,0.41752,0.33837,0.14865,0.58113,0.18158,0.5724,0.58482,0.17144,0.1147,0.41103,0.14509,0.41308,0.63772,0.21547,0.22808,0.13686,0.13708,0.15611,0.70217,0.63208,0.24382,0.46311,0.18726,0.14451,0.16657,0.38814,0.14736,0.33635,0.18491,0.25955
0.21,0.21419,0.45483,0.5183,0.28506,0.22947,0.40145,0.43224,0.24658,0.69568,0.44554,0.37823,0.16823,0.70401,0.19725,0.66185,0.63144,0.19685,0.14106,0.56241,0.16666,0.50998,0.68869,0.27566,0.26017,0.13735,0.12198,0.18105,0.71,0.65718,0.28673,0.48789,0.21964,0.17834,0.2236,0.44312,0.16097,0.42512,0.19619,0.27078
0.22,0.25486,0.51304,0.57365,0.31869,0.24571,0.43949,0.44351,0.27411,0.65445,0.44663,0.42014,0.20945,0.8178,0.22025,0.77831,0.63379,0.22621,0.18186,0.76679,0.19832,0.57522,0.84021,0.34845,0.29147,0.12883,0.12967,0.2026,0.79107,0.66359,0.31956,0.48007,0.2216,0.19162,0.24413,0.52525,0.16711,0.47762,0.23458,0.30001
0.23,0.26723,0.5513,0.61823,0.39255,0.32555,0.47092,0.43798,0.29442,0.71369,0.46896,0.45699,0.25661,0.8488,0.27954,0.8897,0.65271,0.2772,0.2252,0.95831,0.23079,0.59848,0.99227,0.43286,0.3165,0.13702,0.15489,0.2141,0.85513,0.75232,0.34423,0.49147,0.25945,0.22809,0.24545,0.67902,0.20248,0.55167,0.25595,0.32756
0.24,0.29621,0.58312,0.6598,0.47035,0.33626,0.56101,0.42129,0.29931,0.8929,0.51676,0.4848,0.2542,0.88301,0.36265,0.87734,0.68176,0.32049,0.23875,1.1404,0.23712,0.5516,1.0643,0.49567,0.36624,0.16414,0.16999,0.23858,0.91702,0.87215,0.35686,0.59473,0.31339,0.25511,0.27899,0.83577,0.22416,0.67661,0.25621,0.31629
0.25,0.34765,0.617,0.69656,0.54747,0.31541,0.76835,0.50717,0.37091,1.081,0.60129,0.50997,0.2605,0.8886,0.39074,0.73438,0.71074,0.3492,0.22203,1.2372,0.26993,0.5404,1.0807,0.53618,0.41513,0.16759,0.1782,0.28234,1.0213,1.0545,0.45478,0.71745,0.33468,0.3011,0.32107,1.0573,0.24658,0.8842,0.27673,0.30928
0.26,0.40128,0.66405,0.73132,0.56007,0.40241,0.92822,0.70189,0.40456,1.1578,0.67884,0.57978,0.32156,0.83801,0.39084,0.65257,0.79341,0.40742,0.23757,1.2018,0.30808,0.63986,1.1043,0.57517,0.45305,0.16486,0.21049,0.32079,1.1778,1.2052,0.55672,0.78288,0.36154,0.31475,0.39928,1.2439,0.34001,1.0704,0.30147,0.34309
0.27,0.45649,0.71375,0.76699,0.53296,0.51012,0.98614,0.85362,0.46655,1.2386,0.72457,0.63876,0.34588,0.8777,0.38454,0.66233,0.87506,0.46471,0.24466,1.1806,0.34155,0.79708,1.1717,0.72615,0.48477,0.15354,0.24125,0.34615,1.3294,1.3648,0.55721,0.85949,0.42384,0.33901,0.45813,1.4817,0.43447,1.2148,0.32704,0.35646
0.28,0.50579,0.75772,0.79967,0.5699,0.54496,1.076,0.89607,0.57682,1.3851,0.73103,0.69252,0.33309,1.0039,0.36737,0.80359,0.94131,0.46701,0.27391,1.3072,0.37754,0.9242,1.2426,0.82571,0.47045,0.20605,0.26894,0.35713,1.4621,1.4884,0.60888,0.9174,0.40436,0.363,0.52111,1.6059,0.44241,1.2299,0.39439,0.41186
0.29,0.54598,0.81053,0.82647,0.6184,0.52297,1.2035,0.81578,0.71151,1.5239,0.80209,0.79931,0.29716,1.0144,0.33436,0.90995,0.98427,0.51422,0.26333,1.4385,0.44411,0.89849,1.3527,0.95582,0.44466,0.24254,0.31418,0.34995,1.5195,1.489,0.63857,0.89667,0.40028,0.37081,0.50659,1.6613,0.37709,1.1204,0.50264,0.49537
0.3,0.56195,0.87157,0.85401,0.76266,0.54665,1.3219,0.78019,0.80472,1.6207,0.89167,0.98817,0.32115,1.1271,0.38821,0.88499,1.0953,0.52201,0.26596,1.5234,0.50463,0.82147,1.543,1.1022,0.52971,0.25046,0.37843,0.35778,1.5294,1.5321,0.64417,0.93376,0.46866,0.40182,0.49157,1.8658,0.40997,0.95295,0.55691,0.61074
0.31,0.56898,0.94556,0.88694,0.85068,0.6232,1.4177,0.82119,0.8101,1.6776,0.91167,1.114,0.39478,1.2842,0.41692,0.82832,1.2366,0.591,0.2775,1.5389,0.55403,0.84511,1.6407,1.2114,0.64537,0.27829,0.44172,0.36421,1.57,1.756,0.71285,0.93157,0.55714,0.43201,0.56189,2.0449,0.48303,0.92556,0.55329,0.74876
0.32,0.5803,1.0289,0.93558,0.86765,0.70881,1.4379,0.85171,0.78834,1.7285,0.98535,1.2051,0.43087,1.2598,0.46609,0.85294,1.3313,0.5921,0.29366,1.4917,0.63604,0.82558,1.645,1.2567,0.69792,0.30738,0.47237,0.40975,1.5058,1.9903,0.77166,0.914,0.64168,0.43237,0.58177,2.0161,0.55102,0.91558,0.54127,0.83121
0.33,0.59292,1.1049,1.1885,0.83757,0.74539,1.2866,0.8481,0.87276,1.8092,1.0087,1.2607,0.41465,1.2393,0.49885,0.95975,1.4035,0.60306,0.29423,1.5036,0.76622,1.0255,1.6969,1.3355,0.70694,0.32303,0.45966,0.44664,1.4295,2.1341,0.90485,1.0911,0.66459,0.46992,0.54649,1.9877,0.57806,1.0155,0.5476,0.82203
0.34,0.61284,1.1498,1.4433,0.81835,0.71602,1.2401,0.81602,1.0373,1.9514,1.0603,1.2684,0.48085,1.2514,0.49699,1.171,1.5211,0.64192,0.30412,1.5243,0.89772,1.2018,1.6928,1.5406,0.73533,0.32939,0.41762,0.46534,1.4296,2.2609,0.98638,1.2412,0.68632,0.51754,0.47823,1.9668,0.61793,1.131,0.543,0.83098
0.35,0.63676,1.2335,1.5289,0.83896,0.65731,1.3281,0.77965,1.174,2.2278,1.1255,1.3132,0.51968,1.2308,0.5389,1.3677,1.7105,0.71651,0.32984,1.6151,1.0245,1.3268,1.7171,1.7276,0.77615,0.34651,0.38141,0.52776,1.5069,2.4458,1.0653,1.312,0.62821,0.55382,0.4886,2.0025,0.64301,1.2786,0.56691,0.80496
0.36,0.65994,1.3197,1.4607,0.86513,0.60942,1.394,0.81398,1.266,2.4112,1.2044,1.3889,0.60994,1.3239,0.60072,1.4979,2.0004,0.76866,0.39344,1.8596,1.1139,1.3416,1.9311,1.8866,0.81694,0.40261,0.40055,0.63918,1.6594,2.664,1.2086,1.3461,0.62355,0.61459,0.46589,2.1789,0.65044,1.3995,0.62722,0.74509
0.37,0.72131,1.3692,1.3567,0.85583,0.58121,1.428,0.86913,1.3443,2.5426,1.3514,1.4568,0.72716,1.5278,0.64421,1.5667,2.2478,0.73744,0.42526,2.2909,1.1153,1.3018,2.2931,2.0119,0.87885,0.42864,0.4658,0.73613,1.8791,2.8572,1.3598,1.5174,0.69562,0.6859,0.48426,2.3592,0.63906,1.4476,0.66558,0.67581
0.38,0.78374,1.3802,1.3246,0.82005,0.57701,1.5491,1.0085,1.4286,2.7492,1.4698,1.5697,0.78957,1.7452,0.67845,1.6086,2.5284,0.75597,0.43694,2.5091,0.99981,1.2679,2.6167,2.1447,0.98154,0.44842,0.53027,0.80884,2.1524,3.014,1.5464,1.6717,0.81638,0.70788,0.57501,2.5491,0.61085,1.4232,0.64668,0.69409
0.39,0.84359,1.3665,1.372,0.84665,0.59874,1.7845,1.2124,1.5034,2.9323,1.5583,1.6767,0.80717,2.0581,0.70716,1.783,2.6556,0.79484,0.43082,2.6059,1.0741,1.2207,2.9214,2.5888,1.1027,0.48134,0.60699,0.87076,2.4617,3.1649,1.6179,1.6855,0.9483,0.67323,0.64,2.7231,0.60409,1.3438,0.62529,0.73157
0.4,0.91945,1.3462,1.4245,0.81331,0.6281,2.047,1.4324,1.5226,3.0885,1.6096,1.7872,0.84358,2.515,0.74059,1.975,2.536,0.8945,0.4425,2.7496,1.1631,1.2276,3.1661,2.931,1.1925,0.51596,0.6674,0.92363,2.7646,3.3319,1.5976,1.6354,1.0959,0.59483,0.65536,2.8563,0.6516,1.2782,0.64539,0.76779
0.41,0.99703,1.3387,1.4074,0.79684,0.71852,2.2577,1.5754,1.4467,3.2359,1.703,1.8835,0.84859,3.0602,0.78542,2.1946,2.5747,0.97637,0.45834,2.7956,1.4827,1.2622,3.4017,3.1461,1.2245,0.56047,0.67973,0.98861,3.0308,3.5042,1.5695,1.5667,1.1711,0.5489,0.64489,3.009,0.69385,1.2723,0.72257,0.79503
0.42,1.0475,1.36,1.42,0.91034,0.78,2.6507,1.5711,1.5682,3.3666,1.7711,1.9968,0.79737,3.5607,0.84224,2.4586,2.5515,1.0339,0.45842,2.8676,1.6425,1.3743,3.7316,3.2239,1.2131,0.62597,0.65915,1.096,3.2497,3.6911,1.5677,1.5303,1.1496,0.61703,0.64377,3.1855,0.72626,1.288,0.82813,0.84876
0.43,1.07,1.4058,1.4792,1.0155,0.80539,3.2488,1.5112,1.645,3.4865,1.8539,2.1205,0.72438,3.9116,0.90853,2.7589,2.4829,1.1072,0.48635,3.0528,1.7789,1.3684,4.1279,3.1808,1.2026,0.67012,0.63947,1.2175,3.4795,3.9474,1.5802,1.5938,1.0903,0.71274,0.65531,3.3178,0.75862,1.3353,0.90665,0.93166
0.44,1.1087,1.4599,1.5185,1.1018,0.89583,3.7121,1.7237,1.6566,3.6103,1.9307,2.2571,0.71292,4.0911,0.98396,3.0824,2.6405,1.2532,0.52449,3.2828,1.9409,1.398,4.4792,3.0485,1.226,0.70285,0.62651,1.2873,3.6632,4.1873,1.5153,1.7035,1.0415,0.77826,0.67109,3.4001,0.8244,1.4439,0.93263,1.0086
0.45,1.1649,1.5083,1.6403,1.1588,0.99056,3.9606,1.9114,1.6165,3.7219,2.0163,2.3795,0.70197,4.4104,1.0688,3.4013,2.7294,1.3758,0.55544,3.5673,2.0488,1.412,4.9389,2.8718,1.2677,0.74049,0.6311,1.2936,3.8027,4.433,1.4042,1.7582,1.1012,0.787,0.70314,3.4273,0.87814,1.5194,1.0039,1.1409
0.46,1.2227,1.5581,1.7623,1.1886,1.0773,4.1878,2.0521,1.5595,3.8391,2.1224,2.4905,0.70902,4.6839,1.1643,3.6724,3.0599,1.3858,0.59747,3.8831,2.1181,1.4586,5.1879,2.6971,1.2959,0.77836,0.67324,1.3475,3.9029,4.7213,1.3577,1.7858,1.1829,0.72815,0.72882,3.4217,0.92,1.5462,1.0992,1.3153
0.47,1.2812,1.6102,1.8374,1.205,1.1528,4.4473,2.1345,1.5223,3.9446,2.2554,2.7137,0.72467,4.8817,1.2686,3.856,3.4597,1.374,0.6392,4.1246,2.2043,1.6213,5.2319,2.619,1.3119,0.81215,0.71013,1.3725,3.9651,5.0826,1.3666,1.8486,1.2565,0.67842,0.74426,3.3887,0.95364,1.5871,1.1081,1.4529
0.48,1.3397,1.6376,2.1528,1.2225,1.2158,4.6293,2.1903,1.4847,4.057,2.4143,2.9261,0.75302,5.0007,1.3776,3.9349,3.8258,1.3274,0.6534,4.2353,2.2982,1.716,5.0967,2.5895,1.3356,0.84917,0.72927,1.461,3.9861,5.5286,1.3713,2.0528,1.3295,0.74756,0.76111,3.3465,0.97941,1.707,1.0634,1.5554
0.49,1.3969,1.6777,2.3768,1.2498,1.2674,4.7004,2.5773,1.4601,4.1648,2.5929,3.1026,0.80352,5.0341,1.4881,3.8735,4.1465,1.4483,0.63761,4.2407,2.351,1.7555,4.8414,2.5929,1.3784,0.88298,0.72909,1.6017,3.9802,6.0408,1.4004,2.306,1.3622,0.78057,0.76229,3.2927,0.9956,1.8005,1.0089,1.5973
0.5,1.4515,1.7509,2.5052,1.2837,1.3091,4.7549,3.1437,1.6474,4.2878,2.7836,3.287,0.85345,4.9692,1.595,3.81,4.4355,1.7209,0.60681,4.2707,2.3535,1.8091,4.5048,2.6137,1.4393,0.89922,0.76198,1.7332,4.1043,6.5832,1.4747,2.4911,1.3512,0.78216,0.74216,3.202,1.0031,1.8895,1.1255,1.6082
0.51,1.5215,1.8205,2.5422,1.4109,1.3453,4.8521,3.6821,1.8074,4.4262,2.9771,3.4499,0.89074,4.7883,1.697,3.6549,4.6744,1.9439,0.57109,4.3818,2.3193,1.9156,4.925,2.6295,1.5104,0.90673,0.77029,1.8833,4.141,7.1186,1.555,2.5853,1.3513,0.7597,0.75243,3.0922,1.0135,1.9788,1.2999,1.6063
0.52,1.6609,1.8763,2.5009,1.5321,1.3803,4.9218,4.0573,1.9402,4.5842,3.1673,3.5759,0.87769,4.5234,1.7943,3.4546,4.8784,2.0947,0.5634,4.5579,2.2699,2.11,5.4418,2.6646,1.5861,0.92387,0.77375,2.0946,4.0956,7.6171,1.6277,2.6113,1.3554,0.73134,0.80475,2.9568,1.0351,2.0626,1.4272,1.5901
0.53,1.7977,1.9097,2.3999,1.6429,1.4197,4.8815,4.2294,2.041,4.7687,3.3559,3.7179,0.83256,4.2198,1.888,3.681,5.0411,2.1898,0.61225,4.8127,2.2029,2.3077,5.7593,2.9331,1.6739,0.95042,0.78763,2.3525,3.9572,8.0616,1.7465,2.606,1.4064,0.71867,0.88138,2.7958,1.1225,2.1452,1.4836,1.5516
0.54,1.9304,2.0197,2.3194,1.7443,1.4695,5.2883,4.2307,2.1051,4.986,3.54,3.843,0.77848,3.9127,1.978,3.9004,5.1792,2.245,0.67009,5.0967,2.1123,2.4802,5.9234,3.0586,1.788,0.97073,0.78693,2.6075,4.1064,8.4505,1.9449,2.9172,1.4529,0.71901,0.93072,2.6436,1.2039,2.3356,1.4795,1.563
0.55,2.057,2.1242,2.2448,1.8416,1.5363,5.5464,4.1065,2.132,5.2255,3.7245,3.9349,0.74096,3.6257,2.0632,4.1768,5.2826,2.2775,0.72793,5.3116,2.041,2.5515,6.0263,3.0384,1.9356,0.97598,0.77546,2.8167,4.1002,8.7922,2.1673,3.2573,1.5559,0.72115,0.95378,2.5244,1.2836,2.6266,1.4331,1.6375
0.56,2.1776,2.2206,2.1808,1.9397,1.6229,5.5029,3.9977,2.1267,5.4806,3.9112,4.0337,0.74237,3.3569,2.1408,4.4513,5.3629,2.3065,0.78022,5.3894,2.0307,2.6627,6.1276,2.9007,2.1087,0.97259,0.76112,2.9724,3.9917,9.0967,2.392,3.5313,1.6426,0.73785,0.97261,2.4654,1.3521,2.9063,1.4568,1.7006
0.57,2.4095,2.3083,2.1279,2.0432,1.7293,5.3013,3.9079,2.0998,5.76,4.102,4.1227,0.73845,3.0978,2.2076,4.7173,5.4266,2.3414,0.83167,5.2609,2.068,2.884,6.1889,2.7216,2.2888,0.97168,0.80592,3.1301,3.7924,9.5038,2.587,3.7119,1.6998,0.77486,0.95671,2.5832,1.4079,3.1196,1.6288,1.76
0.58,2.6471,2.3882,2.0715,2.1505,1.8534,5.7424,3.7998,2.0624,6.0395,4.3011,4.1753,0.74394,3.0817,2.2601,4.9737,5.4702,2.3735,0.85653,5.4046,2.1021,2.9934,6.1139,2.5486,2.4625,0.97722,0.82516,3.355,3.5418,9.995,2.7453,3.7834,1.7304,0.82169,0.93486,2.5957,1.4658,3.2262,1.7247,1.8144
0.59,2.8714,2.4622,1.993,2.257,2.0075,6.2257,3.6737,2.155,6.3295,4.5101,4.2183,0.75067,3.0607,2.2961,5.2192,5.4998,2.4285,0.84612,5.9836,2.0831,3.1318,5.9339,2.5922,2.6249,0.98573,0.81311,3.6487,3.2627,10.493,2.8744,3.7246,1.7155,0.86223,0.89336,2.5329,1.5338,3.2102,1.7662,1.8552
0.6,3.0837,2.5319,1.8827,2.3558,2.1755,6.7747,3.5475,2.2961,6.6105,4.7289,4.2639,0.7467,3.0155,2.314,5.452,5.5221,2.5594,0.81313,6.4642,2.0213,3.3593,6.2733,2.7182,2.7781,0.99388,0.81066,3.9432,3.1761,10.99,2.9915,3.5881,1.6543,0.8833,0.83371,2.6359,1.604,3.2777,1.8164,1.8772
0.61,3.2823,2.5992,1.777,2.4409,2.3514,7.3828,3.6018,2.4322,6.9448,4.9574,4.2758,0.74056,3.0221,2.3137,5.6697,5.5437,2.648,0.88351,6.8417,1.9748,3.4713,6.5541,2.8306,2.9266,1.003,0.82657,4.1782,3.1,11.49,3.096,3.6882,1.5795,0.88557,0.75323,3.0048,1.6606,3.3284,1.9088,1.877
0.62,3.4671,2.6654,1.6767,2.5088,2.5318,8.0188,3.6293,2.551,7.3392,5.1984,4.2593,0.74437,3.0361,2.2956,5.8701,5.5702,2.6993,0.91005,7.1665,1.9696,3.5087,6.7978,2.9257,3.0709,1.0151,0.83873,4.3295,3.0442,11.98,3.1827,3.7197,1.5289,0.86856,0.70363,3.3394,1.7012,3.3378,2.0165,1.9862
0.63,3.6379,2.7326,1.7759,2.5895,2.7117,8.5557,3.6811,2.6426,7.7247,5.4455,4.2697,0.7681,3.0462,2.2607,6.052,5.6053,2.732,0.90853,7.3332,1.9826,3.4981,7.0803,3.0045,3.2106,1.0273,0.93985,4.416,2.9927,12.451,3.2602,3.7419,1.5182,0.82971,0.71936,3.6057,1.7346,3.3273,2.0876,2.2328
0.64,3.7944,2.8004,1.9073,2.6621,2.8886,8.8687,3.6787,2.8532,8.1043,5.6996,4.2536,0.81725,3.3617,2.2121,6.2174,5.6612,2.7684,0.89893,7.4704,1.9912,3.4377,7.3796,3.0656,3.3496,1.0329,1.0407,4.5021,2.9529,12.896,3.3304,3.8156,1.5164,0.86818,0.76903,3.782,1.7669,3.3172,2.0991,2.4278
0.65,3.9358,2.8683,2.0369,2.7258,3.0609,8.9222,3.6453,3.0664,8.4732,5.9557,4.2145,0.89008,3.6608,2.1515,6.3673,5.9082,2.8316,0.89693,8.1108,1.9918,3.3439,7.5353,3.1738,3.496,1.0241,1.1053,4.6408,2.917,13.307,3.4209,3.9899,1.484,0.92863,0.83585,3.8358,1.7918,3.5537,2.0641,2.5881
0.66,4.0615,2.9365,2.1622,2.7882,3.2262,9.1956,3.5998,3.2485,8.8277,6.2149,4.1715,0.98254,3.8994,2.185,6.5005,6.1713,2.9296,0.911,8.4514,1.9713,3.4619,7.9987,3.5193,3.6527,0.99945,1.1306,4.8032,2.8812,13.682,3.5397,4.2587,1.4172,0.9827,0.89174,3.7485,1.8043,3.7739,2.0124,2.7401
0.67,4.1711,3.0057,2.2825,2.8562,3.3828,9.451,3.6529,3.419,9.1663,6.475,4.1384,1.0871,4.0591,2.2936,6.6194,6.4511,3.0546,0.93895,8.8293,1.9143,3.5689,8.4473,3.8437,3.8155,0.9627,1.1237,4.9177,2.8953,14.019,3.6952,4.5579,1.3802,1.0098,0.93349,3.53,1.8039,3.9878,1.9721,2.9048
0.68,4.2645,3.0739,2.3969,2.9333,3.5292,9.9315,3.7635,3.6072,9.4883,6.7359,4.0872,1.1956,4.1243,2.4089,6.7266,6.7415,3.1887,0.9778,9.0477,1.8268,3.6647,8.6139,4.142,3.9775,0.92056,1.0997,4.9464,2.942,14.318,3.8535,4.833,1.4762,1.0102,0.95951,3.2175,1.7891,4.2151,1.9593,3.0879
0.69,4.3424,3.1406,2.5037,3.0189,3.6648,10.353,3.8668,3.8431,9.795,7,4.021,1.2959,4.103,2.5264,6.8246,7.0366,3.3105,1.0281,9.1636,1.7353,3.7486,9.0205,4.4121,4.1352,0.90432,1.0764,4.9023,2.9941,14.582,3.9938,5.0414,1.5804,1.0103,0.96966,2.8716,1.7591,4.4297,2.0099,3.2825
0.7,4.4057,3.2066,2.601,3.1848,3.7878,10.706,3.9583,4.1456,10.104,7.2732,3.9513,1.3792,4.0031,2.6466,6.9154,7.3233,3.4078,1.0912,9.2024,1.6604,4.1121,9.3831,4.6533,4.2884,0.8852,1.0681,4.8273,3.0337,14.815,4.0788,5.167,1.6815,1.0539,0.96785,2.5514,1.7336,4.5763,2.1263,3.4886
0.71,4.4555,3.2706,2.6866,3.3926,3.8976,10.952,4.0201,4.5114,10.402,7.8912,3.8952,1.4402,3.84,2.773,7.0006,7.6058,3.4732,1.1682,9.4312,1.6042,4.5247,9.7403,4.8663,4.4405,0.85673,1.0846,4.7511,3.073,15.018,4.0987,5.2242,1.7846,1.0799,0.985,2.5455,1.7101,4.6118,2.2696,3.7038
0.72,4.4929,3.3317,2.759,3.6078,3.9941,11.107,4.0384,4.9199,10.69,8.5556,3.8294,1.4768,3.6324,2.9004,7.081,7.8744,3.5132,1.2566,9.575,1.5653,4.889,10.139,5.0523,4.5952,0.83263,1.131,4.676,3.0932,15.195,4.0652,5.25,1.8993,1.0831,1.0405,2.6437,1.6844,4.5468,2.4326,3.9128
0.73,4.5189,3.3894,2.819,3.8258,4.0778,11.368,3.9999,5.3377,10.97,9.1227,3.7673,1.4885,3.5318,3.0297,7.157,8.1281,3.5382,1.346,9.7186,1.5535,5.1989,10.514,5.213,4.7544,0.82258,1.2085,4.5971,3.1045,15.353,4.0187,5.2994,2.0067,1.053,1.0563,2.7355,1.6608,4.443,2.6027,4.0928
0.74,4.5348,3.4451,2.8649,4.0428,4.1493,11.509,4.2953,5.7279,11.261,9.575,4.1977,1.4767,3.385,3.1628,7.2287,8.3685,3.5653,1.4221,10.082,1.5779,5.4463,11.164,5.35,4.9156,0.82967,1.3123,4.521,3.1002,15.566,3.9954,5.3973,2.0851,1.0908,1.0266,2.7925,1.6422,4.3911,2.8028,4.2171
0.75,4.5429,3.4971,2.8974,4.2554,4.2093,11.504,4.6156,6.0582,11.548,9.8991,4.7825,1.5195,3.536,3.2948,7.2981,8.598,3.6053,1.4714,10.855,1.6303,5.6301,12.649,5.4653,5.0772,0.85046,1.4306,4.4804,3.077,15.719,4.0375,5.5687,2.1287,1.1467,0.95459,2.797,1.6263,4.4574,3.1305,4.2624
0.76,4.5431,3.6874,2.919,4.4614,4.2573,11.347,4.9349,6.3066,11.829,10.088,5.3487,1.5559,3.6025,3.4256,7.3654,8.8206,3.666,1.4879,12.034,1.6894,5.7499,13.971,5.5607,5.2395,0.87654,1.5487,4.5024,3.0497,15.786,4.1489,5.7887,2.1361,1.1604,0.87614,2.7535,1.6558,4.6518,3.4646,4.2203
0.77,4.5373,3.9516,2.9319,4.658,4.2934,11.279,5.3254,6.4542,12.112,10.14,5.8743,1.6205,3.6068,3.5596,7.4278,9.0393,3.7414,1.4763,13.46,1.733,5.804,15.093,5.6386,5.4028,0.89812,1.6528,4.5717,3.0052,15.79,4.2988,6.0236,2.1026,1.1375,0.90599,2.6894,1.6577,4.9451,3.7775,4.0921
0.78,4.5271,4.1985,2.9602,4.8408,4.3182,11.501,6.0364,6.4951,12.405,10.065,6.3577,1.7144,3.5732,3.6916,7.4853,9.2481,3.819,1.4519,14.964,1.7426,5.7989,16.067,5.7012,5.5649,0.90524,1.7355,4.6393,2.9456,15.892,4.4454,6.2354,2.0456,1.1021,0.97141,2.6464,1.7195,5.2943,4.0448,3.9759
0.79,4.5126,4.4241,3.0106,5.0053,4.3328,11.616,6.7633,6.4297,12.692,9.9568,6.8073,1.7797,3.5515,3.8218,7.5378,9.4434,3.9014,1.4347,16.443,1.7083,5.7399,16.975,5.7497,5.7248,0.89195,1.7927,4.6646,2.8855,15.98,4.5376,6.3901,2.0074,1.0901,1.0431,2.661,1.7418,5.7291,4.2485,4.0601
0.8,4.4952,4.6477,3.1683,5.147,4.3968,11.638,7.4727,6.267,12.974,10.255,7.2016,1.8133,3.616,3.9503,7.5854,9.6198,3.9463,1.4411,17.826,1.7922,5.6341,17.902,5.7864,5.8836,0.85631,1.8248,4.6422,2.8142,16.02,4.5441,6.4653,2.0126,1.0952,1.1048,2.7414,1.7042,6.237,4.3767,4.1186
0.81,4.4766,4.8904,3.4131,5.2633,4.5107,11.581,8.1375,6.0215,13.268,10.556,7.537,1.825,3.682,4.0794,7.628,9.771,3.9383,1.4753,19.043,1.8545,5.6198,18.888,5.8131,6.0411,0.80259,1.8343,4.5887,2.7337,16.014,4.4525,6.5661,2.0384,1.1407,1.1517,2.862,1.6287,6.6979,4.4225,4.1469
0.82,4.4561,5.0965,3.6335,5.3499,4.6173,11.457,8.7329,5.7166,13.557,10.852,7.8528,1.8159,3.7581,4.2077,7.7123,9.89,4.0439,1.5305,20.037,1.8972,6.0639,19.914,5.8314,6.2002,0.80081,1.8292,4.5125,2.6517,15.962,4.2725,6.6164,2.0427,1.1992,1.1978,2.9803,1.6227,7.062,4.3871,4.1417
0.83,4.4346,5.2671,3.828,5.4088,4.7159,11.275,9.2324,5.3832,13.837,11.14,8.0975,1.7963,3.8431,4.3339,7.8738,9.9749,4.0954,1.5949,20.791,1.9257,6.3826,20.922,5.842,6.3651,0.82231,1.8213,4.4162,2.6244,15.867,4.0388,6.5557,2.1616,1.2576,1.2518,3.0624,1.6323,7.2849,4.284,4.1295
0.84,4.4138,5.4024,3.9955,5.4362,4.8074,11.044,9.6208,5.5543,14.118,11.415,8.2752,1.8793,3.93,4.5813,8.018,10.015,4.0946,1.6585,21.341,1.9442,6.5499,22.033,5.8455,6.5386,0.85152,1.8255,4.3116,2.5929,15.789,3.8061,6.4212,2.3967,1.313,1.3439,3.2138,1.613,7.3379,4.1343,4.3287
0.85,4.3925,5.5018,4.1351,5.4307,4.8931,10.768,9.889,5.7409,14.399,11.674,8.4186,1.9629,4.0125,4.9093,8.1466,10.002,4.0515,1.7129,21.753,1.9598,6.5589,23.495,5.8419,6.723,0.87579,1.8579,4.2069,2.5583,15.708,3.6469,6.2526,2.6343,1.379,1.4763,3.3112,1.5694,7.212,3.9563,4.5109
0.86,4.371,5.5675,4.2478,5.3918,4.9742,10.45,10.041,5.9292,14.667,11.917,8.468,2.0347,4.0888,5.2382,8.2609,9.9329,3.9808,1.7467,22.073,1.9784,6.5528,24.776,5.8312,6.9199,0.89332,1.9282,4.0932,2.5227,15.606,3.6329,6.0878,2.846,1.4749,1.5866,3.4996,1.5101,6.9203,3.7617,4.6566
0.87,4.3494,5.617,4.332,5.5124,5.053,10.092,10.069,6.1167,14.927,12.144,8.5087,2.1015,4.1443,5.5678,8.3614,9.803,3.8995,1.7504,22.302,2.002,6.645,25.848,5.8133,7.1288,0.9039,2.036,3.9516,2.4897,15.481,3.7964,5.9466,3.0173,1.5753,1.6699,3.8943,1.4603,6.5052,3.5543,4.7483
0.88,4.3275,5.7192,4.3914,5.6289,5.1322,9.6975,9.982,6.3043,15.19,12.357,8.4565,2.17,4.1723,5.8951,8.4485,9.6121,3.8198,1.8821,22.402,2.1753,6.6974,26.7,5.7883,7.3483,0.90764,2.1683,3.7762,2.5237,15.343,4.1133,5.9665,3.1464,1.7003,1.7272,4.2752,1.5203,6.0243,3.4418,4.7797
0.89,4.3053,5.8136,4.4241,5.7307,5.2142,9.2702,9.8099,6.4902,15.439,12.552,8.3957,2.2465,4.1672,6.2191,8.5223,9.5123,3.7485,1.965,22.34,2.3194,6.8985,27.346,5.7552,7.5714,0.90528,2.3038,3.5902,2.5956,15.184,4.514,6.0778,3.2449,1.8484,1.7644,4.6223,1.5715,5.8278,3.449,4.7532
0.9,4.2829,5.8965,4.4328,5.8163,5.3004,8.8159,9.9523,6.6753,15.674,12.731,8.2555,2.3358,4.1256,6.5388,8.5831,9.5221,3.6835,1.9957,22.11,2.4134,7.2765,27.816,5.7138,7.7926,0.92265,2.4189,3.4424,2.6324,15.013,4.9311,6.34,3.3104,1.9727,1.7882,4.9209,1.6158,5.7339,3.4564,4.6758
0.91,4.2601,5.9609,4.4203,5.886,5.3926,8.9553,10.124,6.8574,15.914,12.891,8.118,2.4404,4.0493,6.8537,8.6309,9.469,3.6162,1.9793,21.754,2.5714,7.6903,28.134,5.6637,8.0057,0.97661,2.491,3.3947,2.6287,14.826,5.3087,6.8258,3.3312,2.0397,1.8029,5.1571,1.6548,5.5997,3.4611,4.555
0.92,4.237,6.001,4.3897,5.9403,5.4919,9.0941,10.178,7.0386,16.146,13.031,7.9168,2.5602,3.937,7.1667,8.6662,9.363,3.5365,1.9282,21.332,2.7634,8.1508,28.319,5.6101,8.2064,1.0476,2.5033,3.4814,2.5869,14.632,5.6077,7.3508,3.2933,2.0494,1.8132,5.3185,1.6892,5.4358,3.4603,4.4021
0.93,4.2142,6.0121,4.3476,5.9796,5.5986,9.2279,10.207,7.2163,16.37,13.15,7.7183,2.6924,3.7896,7.4755,8.6919,9.2167,3.4366,1.8583,20.912,2.8796,8.6667,28.388,5.5858,8.3916,1.1103,2.4904,3.6865,2.517,14.427,5.8055,7.8886,3.2023,2.0121,1.8357,5.3959,1.7189,5.252,3.4485,4.2238
0.94,4.1921,5.993,4.2993,6.0059,5.7112,9.3589,10.199,7.3916,16.622,13.247,7.4845,2.8319,3.6109,7.7785,8.7165,9.5333,3.3148,1.7845,20.538,2.9238,9.2316,28.346,5.5536,8.5636,1.1657,2.5823,3.963,2.4166,14.213,5.8994,8.402,3.0885,1.9469,1.867,5.3858,1.7433,5.0874,3.422,4.0278
0.95,4.1702,5.9453,4.2497,6.0202,5.8301,9.4902,10.166,8.0704,16.884,13.32,7.2372,2.9724,3.4172,8.0754,8.7329,9.8722,3.179,1.7176,20.178,2.9084,9.8256,28.186,5.5121,8.7221,1.2161,2.6765,4.2564,2.321,13.994,5.8883,8.8682,2.988,1.9073,1.8963,5.292,1.7644,5.3211,3.3779,3.8784
0.96,4.1489,5.8696,4.202,6.0235,5.952,9.6259,10.128,8.7255,17.127,13.369,6.992,3.1064,3.2836,8.3658,8.7429,10.187,3.1912,1.6721,19.809,2.8478,10.429,27.895,5.4616,8.8732,1.2625,2.7729,4.5152,2.2979,13.771,5.7909,9.2705,2.9206,1.9177,1.9088,5.1269,1.7828,5.5722,3.3186,3.9656
0.97,4.13,5.7658,4.1576,6.0163,6.0769,9.7666,10.102,9.333,17.351,13.393,6.7294,3.2292,3.198,8.653,8.7524,10.477,3.2093,1.6497,19.433,2.7545,11.031,27.466,5.4022,9.0175,1.3091,2.8706,4.6905,2.2696,13.545,5.6244,9.5982,2.8875,2.0117,1.9015,4.9108,1.8006,5.8092,3.2506,4.0413
0.98,4.1122,5.6348,4.1176,6.0006,6.2025,9.9147,10.095,9.8823,17.558,13.393,6.468,3.3357,3.0983,8.9363,8.7659,10.755,3.1823,1.634,19.082,2.6359,11.621,26.892,5.3345,9.1596,1.3987,2.9682,4.7523,2.2335,13.316,5.4169,9.8293,2.8796,2.0743,1.8757,4.6665,1.8181,6.0163,3.1817,4.106
0.99,4.0969,5.4807,4.0821,5.977,6.327,10.074,10.107,10.37,17.745,13.371,6.2228,3.4186,3.0087,9.2133,8.7785,11.006,3.2264,1.6247,18.816,2.4971,12.192,26.178,5.259,9.3012,1.4854,3.0642,4.7064,2.2007,13.086,5.22,9.9649,2.9907,2.117,1.8746,4.4202,1.8348,6.1902,3.1198,4.1599
1,4.0842,5.3023,4.0502,5.9478,6.4489,10.246,10.135,10.792,17.911,13.326,5.981,3.4763,2.9679,9.484,8.7919,11.23,3.2327,1.6201,18.698,2.3421,12.748,25.344,5.1762,9.4423,1.5712,3.1576,4.5915,2.1663,12.856,5.3291,9.9908,3.1324,2.1481,1.9048,4.5616,1.8501,6.3291,3.0716,4.2025
1.01,4.0743,5.1049,4.0217,5.9124,6.5649,10.43,10.173,11.146,18.093,13.258,5.7502,3.5006,2.9394,9.7488,8.8086,11.424,3.2531,1.6178,18.811,2.3394,13.303,24.426,5.0865,9.585,1.6584,3.2478,4.4668,2.1246,12.628,5.3515,9.9045,3.2512,2.1687,1.9452,4.741,1.8628,6.4382,3.0426,4.2342
1.02,4.0676,5.1057,3.9983,5.871,6.6752,10.626,10.214,11.425,18.302,13.166,5.5369,3.4908,2.9304,10.01,8.8335,11.601,3.4784,1.6154,19.147,2.3285,13.899,23.458,4.9907,9.7268,1.7474,3.3344,4.3986,2.0745,12.4,5.3142,9.7179,3.3236,2.2082,2.028,4.9313,1.872,6.5163,3.0342,4.2551
1.03,4.0647,5.1626,3.9819,5.8225,6.7758,10.836,10.253,11.627,18.515,13.052,5.3464,3.4485,2.9447,10.27,8.8603,12.269,3.7092,1.6452,19.646,2.2973,14.582,22.484,4.889,9.8643,1.8373,3.4171,4.3272,2.0162,12.173,5.2443,9.427,3.3395,2.2931,2.1237,5.1187,1.877,6.5621,3.0452,4.2651
1.04,4.0649,5.218,3.9729,5.7673,6.8674,11.057,10.294,11.749,18.727,12.918,5.183,3.3777,2.9837,10.524,8.8885,13.33,3.9208,1.7061,20.212,2.2499,15.369,21.546,4.782,9.9969,1.924,3.4958,4.2548,1.9555,11.948,5.214,9.0433,3.317,2.3721,2.2153,5.3054,1.8772,6.5725,3.0713,4.2645
1.05,4.0694,5.2724,3.9716,5.7047,6.9472,11.287,10.329,11.788,18.935,12.832,5.0501,3.2838,3.0473,10.774,8.9173,14.408,4.0951,1.7709,20.746,2.1944,16.207,20.913,4.67,10.119,2.0023,3.5706,4.1746,1.8991,11.726,5.5262,8.8626,3.2841,2.4398,2.2952,5.4991,1.8706,6.5455,3.1075,4.2543
1.06,4.0779,5.3248,3.9797,5.635,7.0144,11.522,10.358,11.744,19.137,13.416,4.9502,3.1733,3.1257,11.019,8.9544,15.49,4.2219,1.835,21.175,2.1393,16.989,22.281,4.5535,10.23,2.066,3.6417,4.0717,1.8893,11.507,5.956,9.1607,3.2625,2.4881,2.3565,5.6997,1.8551,6.5395,3.1494,4.2328
1.07,4.0901,5.3749,3.9987,5.5588,7.0702,11.762,10.385,11.617,19.331,13.913,4.8848,3.0544,3.2122,11.26,8.9908,16.57,4.2967,1.8933,21.466,2.0907,17.598,23.781,4.4326,10.327,2.1107,3.7094,3.9287,1.8799,11.289,6.4119,9.4562,3.2577,2.5145,2.3948,5.9011,1.83,6.6124,3.1949,4.1965
1.08,4.1064,5.4227,4.0865,5.4759,7.113,12.003,10.424,11.413,19.529,14.82,4.8651,2.9293,3.2985,11.495,9.0267,17.642,4.3214,1.9423,21.619,2.0509,17.973,25.205,4.3172,10.411,2.1477,3.774,3.7424,1.8688,11.078,6.8592,9.7509,3.2616,2.5148,2.4104,6.0924,1.8947,6.6652,3.2427,4.3123
1.09,4.1275,5.4683,4.1931,5.3866,7.1438,12.242,10.468,11.133,19.721,15.718,4.887,2.802,3.3731,11.73,9.0634,18.694,4.3033,1.9775,21.668,2.0184,18.121,26.533,4.2931,10.484,2.1667,3.8357,3.5851,1.8558,10.868,7.2801,10.054,3.2677,2.4899,2.4008,6.258,1.9741,6.7087,3.2941,4.6106
1.1,4.1526,5.5118,4.2968,5.2928,7.1645,12.475,10.525,10.788,19.9,16.493,4.9439,2.6774,3.4279,11.96,9.1025,19.723,4.2561,2.0139,21.661,1.9867,18.118,27.741,4.2292,10.545,2.1563,3.8945,3.5567,1.841,10.665,7.6604,10.362,3.3534,2.4466,2.3632,6.3776,2.0682,6.7543,3.3534,4.8971
1.11,4.1818,5.5533,4.3971,5.1931,7.1775,12.7,10.603,10.38,20.074,17.137,5.0342,2.5596,3.4564,12.186,9.1463,20.724,4.2705,2.054,21.644,1.9492,18.039,28.807,4.3261,10.597,2.1224,3.9508,3.5174,1.8242,10.464,8.0001,10.68,3.4528,2.395,2.3013,6.4315,2.1716,6.8108,3.4233,5.1643
1.12,4.2153,5.593,4.4945,5.0894,7.1847,12.916,10.693,10.089,20.246,17.646,5.1648,2.4516,3.4545,12.406,9.1955,21.69,4.3931,2.0766,21.646,1.9212,17.931,29.704,4.4126,10.641,2.0729,4.0042,3.4664,1.8053,10.271,8.2978,10.995,3.5238,2.3448,2.2232,6.4038,2.272,6.8821,3.5085,5.4069
1.13,4.2537,5.631,4.5902,4.9813,7.1894,13.121,10.802,10.216,20.401,18.022,5.327,2.3574,3.4204,12.621,9.2536,22.684,4.5089,2.08,21.711,1.9588,17.785,30.415,4.4749,10.682,2.0225,4.0545,3.4046,1.7842,10.082,8.554,11.3,3.5918,2.3044,2.1369,6.2846,2.3528,6.966,3.6103,5.6233
1.14,4.2964,5.6673,4.6845,4.8689,7.1918,13.311,10.923,10.341,20.553,18.265,5.5128,2.2811,3.3551,12.831,9.3284,23.804,4.6187,2.0638,22.033,1.99,17.559,30.935,4.5134,10.719,1.9828,4.1014,3.3327,1.7958,9.8993,8.7653,11.592,3.8082,2.2802,2.0501,6.0745,2.4006,7.0553,3.7292,5.8149
1.15,4.3434,5.7019,4.7777,4.753,7.1916,13.485,11.045,10.465,20.7,18.38,5.7187,2.2233,3.2617,13.036,9.4942,24.876,4.724,2.0293,22.367,2.0106,17.218,31.276,4.5322,10.756,1.9468,4.1447,3.4158,1.8346,9.7257,8.9691,11.869,4.057,2.2752,1.9692,5.8937,2.5069,7.1379,3.8616,5.9869
1.16,4.3946,5.7346,4.8679,4.7734,7.1893,13.642,11.168,10.587,20.828,18.373,5.9408,2.1848,3.1452,13.237,9.7054,25.891,4.8251,1.9789,22.675,2.0179,16.765,31.463,4.5341,10.793,1.9174,4.1843,3.5577,1.8739,9.5595,9.1862,12.139,4.3122,2.2871,1.8956,5.6588,2.6167,7.2431,4.0037,6.1427
1.17,4.4501,5.7656,4.9523,5.0151,7.2079,13.781,11.282,10.707,20.961,18.251,6.1754,2.1654,3.1426,13.434,9.9274,26.844,4.9215,1.9169,22.921,2.012,16.262,31.535,4.5228,10.833,1.8961,4.2189,3.7547,1.9136,9.4015,9.3405,12.399,4.5509,2.3085,1.8308,5.3813,2.7013,7.4898,4.1492,6.2828
1.18,4.5105,5.7949,5.0714,5.2409,7.261,13.898,11.377,10.826,21.079,18.022,6.4185,2.1635,3.1299,13.628,10.156,27.733,5.0261,1.8484,23.074,1.9951,16.272,31.522,4.5024,10.877,1.8817,4.2488,3.9998,1.9535,9.2526,9.4399,12.651,4.7608,2.3304,1.7819,5.1886,2.7418,7.7302,4.2922,6.4052
1.19,4.575,5.8231,5.2067,5.4513,7.3089,13.996,11.446,10.942,21.186,17.701,6.6661,2.1767,3.0904,13.817,10.387,28.564,5.3546,1.8816,23.118,1.9715,16.224,31.449,4.4757,10.926,1.8712,4.2726,4.2693,1.9935,9.1138,9.4949,12.899,4.9379,2.3466,1.7677,5.0519,2.7331,7.9674,4.4282,6.5105
1.2,4.6434,5.8501,5.3324,5.6467,7.3516,14.072,11.483,11.056,21.292,17.305,6.9142,2.2017,3.0283,14.002,10.619,29.322,5.6958,1.9533,23.053,1.946,16.119,31.343,4.5269,10.98,1.8612,4.2913,4.5322,2.0336,8.9859,9.5179,13.145,5.0854,2.3806,1.7347,4.913,2.6821,8.2002,4.5531,6.6037
1.21,4.7157,5.8759,5.4401,5.8279,7.3885,14.124,11.564,11.169,21.377,16.935,7.159,2.2349,2.9519,14.183,10.848,30.003,6.0327,2.0079,22.893,1.9237,15.961,31.199,4.6096,11.04,1.8514,4.3036,4.7651,2.0737,8.8699,9.522,13.388,5.2127,2.4439,1.688,4.7852,2.712,8.4293,4.6709,6.691
1.22,4.7922,5.9004,5.5273,5.9954,7.4184,14.154,11.717,11.279,21.469,16.522,7.3966,2.2726,2.8652,14.36,11.072,30.612,6.3517,2.037,22.662,1.9086,15.753,31.02,4.6786,11.107,1.8674,4.3096,4.955,2.1136,8.766,9.5199,13.627,5.3332,2.5192,1.6822,4.6773,2.7281,8.6568,4.8872,6.7776
1.23,4.8724,5.9236,5.5909,6.1496,7.4403,14.162,11.832,11.387,21.54,16.054,7.6348,2.3118,2.7741,14.568,11.289,31.159,6.6421,2.037,22.386,1.9025,15.496,30.787,4.7351,11.183,1.8884,4.3728,5.098,2.1533,8.6746,9.5231,13.861,5.4585,2.5996,1.6935,4.5938,2.7159,8.8792,5.0999,6.8668
1.24,4.9558,5.9457,5.6325,6.291,7.454,14.147,11.906,11.493,21.61,15.544,7.8664,2.3504,2.6964,14.866,11.501,31.631,6.8971,2.0069,22.09,1.9057,15.193,30.492,4.781,11.266,1.914,4.4739,5.1921,2.1934,8.5966,9.5414,14.085,5.6415,2.6747,1.6949,4.5327,2.6774,9.0946,5.3072,6.962
1.25,5.0425,5.9667,5.6513,6.4203,7.4596,14.113,11.946,11.597,21.667,15.008,8.0832,2.3845,2.7559,15.16,11.7,32.029,7.1104,1.9495,22.1,1.9167,14.846,30.121,4.8182,11.357,1.9436,4.5298,5.2347,2.2337,8.5324,9.591,14.298,5.8405,2.7354,1.6896,4.4895,2.616,9.3008,5.5077,7.0682
1.26,5.1326,5.9867,5.6499,6.5381,7.4575,14.059,11.944,11.698,21.715,14.458,8.2826,2.4139,2.8686,15.442,11.889,32.367,7.2806,1.8705,22.219,1.9342,14.458,29.672,4.8486,11.457,1.9765,4.5383,5.2228,2.2736,8.482,9.6694,14.502,6.0552,2.7773,1.6812,4.4569,2.5386,9.497,5.7008,7.1865
1.27,5.225,6.0061,5.6325,6.6452,7.4479,13.989,11.9,11.797,21.759,13.99,8.4763,2.4372,2.98,15.712,12.07,32.644,7.4066,1.8006,22.364,1.9578,14.033,29.147,4.8737,11.566,2.0119,4.5549,5.155,2.3131,8.4455,9.7837,14.698,6.288,2.8026,1.6727,4.4501,2.4983,9.6793,5.8864,7.3119
1.28,5.3202,6.0245,5.6014,6.7419,7.4313,13.902,11.828,11.893,21.787,14.049,8.6582,2.4541,3.0897,15.969,12.232,32.854,7.4883,1.8621,22.533,1.9929,13.572,28.68,4.8945,11.684,2.0489,4.5844,5.034,2.3521,8.423,9.933,14.889,6.5401,2.8655,1.6667,4.7327,2.6078,9.8462,6.0647,7.4445
1.29,5.4177,6.0419,5.5554,6.8287,7.4072,13.801,11.724,11.987,21.817,14.104,8.8173,2.4648,3.1931,16.214,12.392,33,7.5275,1.936,22.719,2.056,13.666,28.782,4.9123,11.81,2.1041,4.5602,4.8657,2.3906,8.4261,10.111,15.072,6.8101,2.9499,1.6645,5.0065,2.7268,9.9974,6.237,7.5838
1.3,5.5168,6.0583,5.5123,6.9058,7.3756,13.685,11.594,12.078,21.826,14.154,8.9607,2.4714,3.3626,16.45,12.531,33.095,7.5267,2.0179,22.903,2.1816,14.034,28.84,4.9271,11.943,2.166,4.4871,4.718,2.4286,8.4704,10.318,15.248,7.0924,3.0004,1.6654,5.2671,2.8397,10.133,6.403,7.7282
1.31,5.6183,6.0737,5.5329,6.9726,7.336,13.553,11.451,12.167,21.842,14.201,9.0974,2.4747,3.5268,16.676,12.667,33.14,7.489,2.1022,23.067,2.3195,14.336,28.857,4.9383,12.085,2.2283,4.3735,4.8131,2.466,8.5132,10.54,15.416,7.3773,3.0636,1.6684,5.514,2.9348,10.26,6.564,7.8805
1.32,5.7205,6.0883,5.5468,7.0289,7.3541,13.936,11.293,12.255,21.84,14.244,9.2086,2.4762,3.6762,16.89,12.784,33.133,7.4138,2.184,23.186,2.476,14.534,28.84,4.9459,12.233,2.2905,4.241,4.8747,2.5028,8.5562,10.77,15.577,7.6517,3.2362,1.6745,5.7479,3.0029,10.425,6.7202,8.038
1.33,5.8248,6.1021,5.5537,7.0742,7.395,14.381,11.138,12.34,21.838,14.282,9.2972,2.4752,3.8016,17.091,12.896,33.078,7.3015,2.2577,23.239,2.6286,14.628,28.797,4.9492,12.388,2.352,4.2739,4.9033,2.5391,8.5973,11,15.735,7.9058,3.4367,1.6936,5.9698,3.0396,10.558,6.8691,8.2011
1.34,5.9294,6.1153,5.5529,7.1088,7.434,14.791,10.985,12.424,21.825,14.318,9.3837,2.4693,3.9021,17.281,12.992,32.981,7.1544,2.3193,23.216,2.773,14.643,28.729,4.9469,12.551,2.4122,4.293,4.8965,2.5748,8.6364,11.224,15.889,8.1328,3.6444,1.7381,6.1787,3.0445,10.658,7.0086,8.3673
1.35,6.0353,6.1279,5.5452,7.133,7.4713,15.171,10.842,12.506,21.805,14.349,9.4441,2.4575,3.9699,17.46,13.081,32.855,6.9746,2.3655,23.1,2.9056,14.615,28.636,4.9396,12.719,2.4706,4.3001,4.8503,2.6098,8.6734,11.433,16.037,8.3346,3.8412,1.8084,6.3725,3.0197,10.731,7.1355,8.5343
1.36,6.1415,6.1403,5.529,7.1476,7.5066,15.518,10.726,12.585,21.782,14.375,9.5286,2.4388,4.0067,17.631,13.159,32.698,6.7669,2.3944,22.898,3.0231,14.574,28.514,4.9256,12.893,2.5267,4.2958,4.8717,2.6443,8.7227,11.621,16.182,8.514,4.0152,1.8761,6.5506,2.9699,10.777,7.2491,8.6999
1.37,6.248,6.1529,5.5057,7.1535,7.5398,15.837,10.634,12.664,21.744,14.398,9.6111,2.4151,4.0096,17.79,13.227,32.51,6.5369,2.4054,22.607,3.1221,14.536,28.36,4.9048,13.071,2.5804,4.2816,4.8928,2.6781,8.8131,11.784,16.323,8.6697,4.1607,1.9377,6.7116,2.9602,10.869,7.3503,8.8648
1.38,6.355,6.1663,5.4735,7.151,7.571,16.127,10.571,12.741,21.713,14.417,9.6939,2.3856,3.9798,17.937,13.29,32.296,6.2906,2.399,22.244,3.2018,14.497,28.171,4.8781,13.255,2.6314,4.2592,4.885,2.7119,8.9132,11.917,16.461,8.7924,4.2764,1.9915,6.8578,2.9771,10.98,7.4407,9.0318
1.39,6.4616,6.1813,5.4334,7.1407,7.5998,16.389,10.543,12.817,21.666,14.43,9.7487,2.3501,3.923,18.072,13.341,32.06,6.0332,2.3765,21.821,3.2599,14.443,27.956,4.8467,13.442,2.6799,4.2302,4.8508,2.7462,9.0221,12.015,16.596,8.8813,4.3631,2.0346,6.9912,2.971,11.099,7.5225,9.1922
1.4,6.5686,6.1991,5.3836,7.1237,7.6263,16.627,10.552,12.892,21.619,14.442,9.7988,2.3116,3.8424,18.194,13.389,31.805,5.7705,2.3404,21.684,3.2974,14.606,27.724,4.8147,13.632,2.7262,4.1955,4.7944,2.7799,9.1391,12.082,16.729,9.0318,4.4234,2.0678,7.1157,2.946,11.229,7.5983,9.3438
1.41,6.6752,6.22,5.3248,7.1005,7.6504,16.837,10.597,12.967,21.566,14.448,9.8345,2.2681,3.7957,18.305,13.434,31.532,5.6545,2.2935,21.574,3.314,14.998,27.949,4.7907,13.823,2.7711,4.1562,4.7224,2.813,9.2636,12.111,16.86,9.1705,4.46,2.0912,7.2339,2.9067,11.369,7.6697,9.488
1.42,6.781,6.243,5.2562,7.0714,7.6722,17.023,10.682,13.04,21.503,14.45,9.8557,2.2216,3.9556,18.404,13.474,31.247,5.6135,2.2394,21.424,3.311,15.311,28.358,4.8132,14.016,2.8155,4.1135,4.6422,2.8454,9.3947,12.102,16.991,9.2863,4.4733,2.1078,7.3459,2.8586,11.518,7.7373,9.6253
1.43,6.8869,6.2669,5.1773,7.0377,7.6913,17.186,10.799,13.114,21.445,14.449,9.8761,2.1725,4.1104,18.493,13.515,30.95,5.5628,2.1822,21.258,3.2905,15.536,28.709,5.0322,14.209,2.8606,4.0679,4.5608,2.8771,9.5317,12.055,17.123,9.3706,4.4632,2.1199,7.4499,2.807,11.675,7.8003,9.7583
1.44,6.9922,6.2916,5.088,6.9997,7.7075,17.326,10.945,13.187,21.374,14.442,9.8734,2.1204,4.2587,18.572,13.556,30.647,5.5045,2.1688,21.091,3.3618,15.673,29.032,5.2716,14.401,2.9071,4.0199,4.5022,2.9082,9.6739,11.975,17.259,9.4147,4.4269,2.1317,7.5416,2.7574,11.841,7.8579,9.8899
1.45,7.0965,6.3154,5.0757,6.9584,7.7207,17.444,11.114,13.26,21.302,14.434,9.8775,2.0665,4.3984,18.641,13.597,30.351,5.4401,2.2687,20.941,3.4432,15.728,29.347,5.5185,14.591,2.9531,3.9701,4.5121,2.9385,9.8206,11.864,17.395,9.4081,4.3619,2.1459,7.6158,2.712,12.012,7.91,10.021
1.46,7.1999,6.338,5.1726,6.9152,7.7307,17.541,11.3,13.332,21.23,14.422,9.8567,2.12,4.5296,18.702,13.634,30.054,5.371,2.3683,20.824,3.505,15.718,29.676,5.737,14.779,2.9971,3.9188,4.5193,2.9682,9.971,11.727,17.53,9.3451,4.2667,2.1661,7.6649,2.6726,12.187,7.9541,10.153
1.47,7.3032,6.3591,5.2698,6.8703,7.7374,17.619,11.505,13.404,21.295,14.407,9.8399,2.1887,4.6512,18.756,13.671,29.759,5.2997,2.4722,20.749,3.5476,15.665,30.031,5.9244,14.963,3.0389,3.866,4.5253,2.9971,10.125,11.575,17.662,9.227,4.1386,2.1935,7.6827,2.6383,12.364,7.9891,10.285
1.48,7.4054,6.3784,5.3682,6.8251,7.7414,17.676,11.714,13.476,21.361,14.389,9.8073,2.2399,4.7612,18.803,13.853,29.48,5.2264,2.5535,20.721,3.5735,15.607,30.415,6.0779,15.143,3.0783,3.8121,4.5285,3.0252,10.28,11.413,17.919,9.0539,3.9783,2.2291,7.6604,2.6063,12.542,8.0127,10.418
1.49,7.5066,6.3957,5.4663,6.7804,7.742,17.713,11.923,13.547,21.428,14.401,9.7658,2.2715,4.8584,18.843,14.097,29.217,5.1526,2.6071,20.747,3.5844,15.584,30.913,6.1949,15.319,3.1155,3.7572,4.5248,3.0526,10.438,11.249,18.325,8.8226,3.7907,2.2725,7.5949,2.5729,12.721,8.0219,10.551
1.5,7.6067,6.4109,5.5651,6.7372,7.7389,17.78,12.13,13.619,21.489,14.574,9.7278,2.2828,4.944,18.876,14.337,28.966,5.0794,2.6313,20.82,3.62,15.635,31.748,6.31,15.49,3.1504,3.7016,4.5101,3.0798,10.597,11.097,18.739,8.5333,3.8434,2.3227,7.4827,2.5333,12.899,8.0157,10.683
1.51,7.7058,6.5731,5.6634,6.6965,7.7322,18.385,12.324,13.691,21.544,14.697,9.6777,2.2742,5.0159,18.903,14.572,28.746,5.0121,2.6639,20.933,3.6592,15.791,32.611,6.4557,15.656,3.1835,3.9113,4.478,3.1075,10.757,10.966,19.155,8.2384,3.8672,2.3816,7.3253,2.4848,13.079,7.9908,10.813
1.52,7.8043,6.7843,5.7614,6.6598,7.7222,18.959,12.507,13.763,21.606,14.766,9.625,2.2473,5.0724,18.925,14.802,28.544,5.0631,2.6779,21.082,3.686,16.058,33.479,6.5917,15.816,3.2147,4.1294,4.4227,3.1343,10.918,10.866,19.58,7.9536,3.8615,2.4459,7.1223,2.424,13.261,7.9462,10.937
1.53,7.9018,6.9886,5.8589,6.6276,7.7089,19.499,12.67,13.835,21.663,14.787,9.5805,2.2033,5.1164,18.942,15.048,28.373,5.1137,2.6747,21.254,3.7014,16.418,34.34,6.7175,15.97,3.2442,4.3411,4.3419,3.1603,11.079,10.81,20.018,7.627,3.8271,2.5127,6.8778,2.4138,13.45,7.8802,11.057
1.54,7.9981,7.1858,5.955,6.6015,7.6918,20.004,12.808,13.908,21.714,14.759,9.5317,2.1453,5.1449,18.956,15.487,28.228,5.1643,2.6595,21.438,3.7067,16.834,35.167,6.8334,16.118,3.2725,4.5446,4.2332,3.1853,11.239,10.806,20.466,7.294,3.7644,2.5801,6.5961,2.4705,13.649,8.0563,11.168
1.55,8.0933,7.3756,6.0508,6.5826,7.6707,20.472,12.926,13.981,21.765,14.687,9.4816,2.0762,5.1585,18.967,15.916,28.116,5.215,2.6615,21.625,3.7023,17.252,35.954,6.9402,16.261,3.2994,4.7375,4.0998,3.2095,11.398,10.864,20.92,7.2099,3.6746,2.6468,6.2838,2.5075,13.861,8.2858,11.269
1.56,8.1874,7.5583,6.1447,6.5719,7.6461,20.902,13.014,14.054,21.818,14.575,9.4417,2.0298,5.1589,18.979,16.325,28.031,5.2654,2.6917,21.805,3.6894,17.62,36.681,7.0386,16.399,3.325,4.9184,3.9486,3.2327,11.557,10.99,21.372,7.0959,3.7074,2.7123,5.9494,2.5247,14.086,8.4923,11.359
1.57,8.2804,7.7333,6.2365,6.5707,7.6182,21.292,13.071,14.127,21.865,14.423,9.4105,2.0302,5.1439,18.99,16.722,27.984,5.3154,2.7268,21.966,3.6686,17.891,37.352,7.1294,16.532,3.3497,5.0863,3.8453,3.255,11.714,11.189,21.823,6.9579,3.8145,2.7765,5.9333,2.523,14.388,8.6738,11.436
1.58,8.3723,7.9002,6.3272,6.5803,7.5865,21.641,13.099,14.201,21.906,14.235,9.3913,2.0298,5.117,19,17.097,27.962,5.3656,2.7701,22.108,3.6402,18.034,37.961,7.2133,16.661,3.3732,5.2403,3.9511,3.2762,11.87,11.462,22.268,6.8002,3.9255,2.8401,6.1413,2.5581,14.687,8.8288,11.498
1.59,8.4631,8.0588,6.4153,6.6011,7.5511,21.948,13.098,14.275,21.952,14.125,9.4786,2.0301,5.0763,19.008,17.456,27.981,5.4154,2.8843,22.219,3.6047,18.035,38.518,7.2907,16.785,3.3957,5.3799,4.0405,3.2965,12.023,11.804,22.704,6.6253,4.0306,2.901,6.3403,2.5634,14.982,8.9566,11.543
1.6,8.5531,8.209,6.5007,6.6345,7.5126,22.211,13.064,14.349,21.995,14.096,9.5591,2.0306,5.0237,19.016,17.788,28.027,5.4648,2.998,22.297,3.5625,17.899,39.027,7.3623,16.906,3.4175,5.5048,4.1118,3.3157,12.175,12.214,23.13,6.4366,4.1664,2.9579,6.5294,2.5403,15.275,9.0584,11.57
1.61,8.642,8.3508,6.584,6.6808,7.4714,22.432,12.998,14.422,22.032,14.067,9.6508,2.0486,4.9615,19.023,18.099,28.103,5.514,3.1105,22.345,3.5143,17.645,39.502,7.4284,17.024,3.4383,5.6146,4.1648,3.3354,12.325,12.684,23.545,6.4994,4.3012,3.0087,6.7075,2.4929,15.565,9.1339,11.578
1.62,8.7298,8.4842,6.6646,6.7412,7.4269,22.61,12.902,14.496,22.066,14.038,9.7464,2.0786,4.9425,19.106,18.387,28.214,5.5633,3.2216,22.359,3.4608,17.302,39.951,7.4891,17.14,3.4583,5.7093,4.1985,3.3545,12.471,13.207,23.949,6.5691,4.4312,3.0517,6.8742,2.426,15.853,9.1864,11.568
1.63,8.8165,8.6092,6.742,6.8154,7.38,22.745,12.777,14.57,22.105,14.01,9.842,2.1055,4.969,19.285,18.647,28.632,5.6125,3.3321,22.339,3.4027,16.903,40.384,7.545,17.253,3.4778,5.7888,4.2136,3.3725,12.616,13.774,24.341,6.6307,4.5528,3.086,7.0289,2.4345,16.141,9.2181,11.54
1.64,8.9021,8.7261,6.8164,6.9039,7.3309,22.84,12.623,14.643,22.138,13.985,9.9581,2.1283,4.97,19.45,18.887,29.323,5.6617,3.4419,22.288,3.4389,16.568,40.81,7.5963,17.364,3.4964,5.8531,4.2094,3.3895,12.757,14.376,24.723,6.6823,4.6601,3.1119,7.1715,2.4566,16.433,9.2325,11.493
1.65,8.9866,8.8345,6.8877,7.007,7.2798,22.894,12.7,14.716,22.165,13.965,10.077,2.147,4.9468,19.602,19.104,30.012,5.7111,3.5518,22.211,3.5323,16.964,41.228,7.6429,17.474,3.5143,5.9025,4.1861,3.4053,12.895,15.01,25.094,6.7239,4.7497,3.1385,7.3029,2.4661,16.729,9.2332,11.428
1.66,9.0698,8.9345,6.956,7.1241,7.2637,22.912,12.754,14.789,22.192,13.95,10.201,2.214,4.9044,19.741,19.295,30.693,5.7609,3.6627,22.11,3.6213,17.328,41.639,7.6851,17.581,3.5317,5.9381,4.1453,3.4199,13.032,15.658,25.452,6.7549,4.8184,3.1751,7.4253,2.4616,17.026,9.224,11.347
1.67,9.152,9.0262,7.0213,7.2547,7.2996,22.891,12.786,14.862,22.221,13.939,10.343,2.2949,4.8475,19.868,19.469,31.365,5.8113,3.7752,21.987,3.7034,17.661,42.045,7.7233,17.688,3.5481,5.9595,4.0894,3.4334,13.246,16.323,25.8,6.7773,4.8657,3.2355,7.5417,2.4435,17.326,9.2079,11.252
1.68,9.233,9.1098,7.0839,7.399,7.3325,22.833,12.793,14.935,22.245,13.93,10.495,2.3697,4.7814,19.984,19.619,32.026,5.8625,3.8901,21.847,3.7777,17.96,42.438,7.758,17.793,3.5635,5.9671,4.1081,3.4458,13.578,16.99,26.138,6.7919,4.8918,3.2788,7.6519,2.4111,17.625,9.1874,11.143
1.69,9.3129,9.1856,7.1437,7.5555,7.3633,22.74,12.774,15.007,22.263,13.925,10.654,2.4378,4.709,20.091,19.745,32.676,5.9447,4.0336,21.696,3.8446,18.224,42.811,7.7897,17.898,3.578,5.9619,4.2423,3.4569,13.89,17.654,26.465,6.8019,4.8963,3.3066,7.7523,2.3662,17.92,9.1653,11.024
1.7,9.3917,9.2545,7.2012,7.7244,7.3916,22.606,12.73,15.081,22.282,13.922,10.822,2.4983,4.6334,20.188,19.851,33.321,6.0585,4.2003,21.533,3.9044,18.453,43.157,7.8187,18.002,3.5914,5.9432,4.369,3.4675,14.18,18.309,26.781,6.8106,4.881,3.3226,7.8405,2.3156,18.209,9.1415,10.895
1.71,9.4694,9.3162,7.257,7.9043,7.4169,22.434,12.665,15.154,22.301,13.923,11.01,2.5515,4.558,20.545,19.936,33.948,6.1738,4.3731,21.363,3.958,18.647,43.465,7.8458,18.105,3.6039,5.9126,4.4772,3.4782,14.447,18.953,27.087,6.8223,4.8481,3.3408,7.9143,2.2889,18.491,9.1176,10.76
1.72,9.5462,9.3711,7.312,8.0946,7.4406,22.231,12.574,15.228,22.315,13.927,11.205,2.5984,4.4857,21.04,19.997,34.662,6.2903,4.5529,21.191,4.0066,18.807,43.728,7.8705,18.207,3.6156,5.8695,4.5601,3.4878,14.692,19.578,27.387,6.8407,4.8024,3.3733,7.9734,2.2758,18.765,9.0926,10.62
1.73,9.622,9.42,7.368,8.2946,7.4616,22.019,12.464,15.304,22.324,13.937,11.405,2.6385,4.4185,21.518,20.033,35.37,6.4084,4.7392,21.014,4.0511,18.936,43.937,7.8941,18.309,3.6267,5.8297,4.678,3.4961,14.915,20.18,27.676,6.8701,4.7476,3.3969,8.018,2.2612,19.03,9.0671,10.477
1.74,9.6968,9.4635,7.4276,8.5036,7.4802,21.816,12.333,15.38,22.334,13.955,11.616,2.6726,4.358,21.982,20.053,36.068,6.5284,4.9321,20.839,4.0926,19.035,44.089,7.9167,18.409,3.637,5.8758,4.859,3.5032,15.114,20.753,27.955,6.9148,4.6969,3.4029,8.0487,2.3358,19.285,9.0388,10.334
1.75,9.7705,9.5017,7.4946,8.7208,7.4969,21.643,12.182,15.458,22.345,13.989,11.844,2.7015,4.3087,22.428,20.052,36.756,6.6504,5.1313,20.663,4.1318,19.109,44.179,7.9381,18.509,3.6466,5.915,5.0127,3.509,15.291,21.296,28.224,6.9788,4.8505,3.4114,8.0659,2.4557,19.527,9.0073,10.192
1.76,9.8433,9.5356,7.5733,8.9454,7.5108,21.508,12.017,15.538,22.35,14.043,12.075,2.7248,4.2681,22.855,20.028,37.43,6.7745,5.3361,20.491,4.17,19.16,44.207,7.9583,18.608,3.6555,5.9468,5.1256,3.5135,15.444,21.805,28.484,7.0661,5.0377,3.5563,8.0698,2.572,19.756,8.9698,10.053
1.77,9.9152,9.5667,7.66,9.1767,7.5236,21.383,11.834,15.62,22.35,14.216,12.307,2.7442,4.2387,23.269,19.983,38.089,6.9007,5.5456,20.32,4.2075,19.194,44.173,7.9777,18.706,3.6636,5.9708,5.1912,3.5168,15.573,22.327,28.738,7.1787,5.2538,3.6888,8.0606,2.682,19.971,8.9255,9.919
1.78,9.9864,9.6675,7.7465,9.4138,7.5334,21.26,11.64,15.706,22.352,14.621,12.552,2.7596,4.2181,23.661,19.921,38.731,7.0279,5.759,20.153,4.2454,19.215,44.585,7.9963,18.803,3.671,5.9869,5.2122,3.5188,15.677,22.909,28.986,7.3178,5.4929,3.8051,8.0385,2.7837,20.171,8.8718,9.7914
1.79,10.057,9.8042,7.8314,9.6567,7.542,21.145,11.433,15.796,22.353,15.059,12.805,2.7718,4.2047,24.033,19.841,39.354,7.1562,5.9747,19.988,4.2844,19.23,45.049,8.0144,18.899,3.6776,5.994,5.1937,3.5208,15.757,23.459,29.228,7.4835,5.7498,3.9025,8.0031,2.8758,20.356,8.8067,9.6881
1.8,10.127,9.9348,7.9138,9.904,7.5481,21.194,11.216,15.892,22.35,15.511,13.055,2.7807,4.1985,24.382,19.777,39.955,7.2852,6.1907,19.828,4.3252,19.245,45.473,8.0315,18.994,3.6835,5.9923,5.1417,3.5222,15.812,23.976,29.466,7.6735,6.0201,3.9802,7.9548,2.9579,20.525,8.729,9.6178
1.81,10.196,10.06,7.9948,10.156,7.5529,21.437,10.994,15.994,22.342,15.974,13.303,2.7855,4.1951,24.711,19.775,40.531,7.4143,6.406,19.668,4.3684,20.013,45.861,8.0476,19.088,3.6887,5.9814,5.1157,3.5224,15.846,24.459,29.72,7.885,6.3003,4.0377,7.8926,3.0302,20.803,8.6368,9.551
1.82,10.263,10.182,8.0734,10.412,7.5554,21.676,10.763,16.103,22.336,16.449,13.567,2.7855,4.1941,25.013,19.763,41.082,7.5429,6.6178,19.515,4.4143,21.017,46.211,8.0615,19.216,3.6932,5.9613,5.1579,3.5213,15.856,24.907,30.525,8.114,6.5874,4.0746,7.8179,3.0939,21.088,8.53,9.4874
1.83,10.331,10.3,8.1503,10.671,7.5568,21.91,10.529,16.219,22.329,16.935,13.824,2.7775,4.1931,25.296,19.741,41.605,7.6702,6.8253,19.362,4.4633,21.991,46.525,8.0731,19.37,3.6971,5.9322,5.1873,3.5188,15.842,25.321,31.339,8.3555,6.8783,4.0917,7.7301,3.1506,21.369,8.5763,9.4304
1.84,10.399,10.413,8.2254,10.933,7.5557,22.141,10.297,16.338,22.318,17.43,14.071,2.7589,4.1898,25.555,19.71,42.105,7.7958,7.0265,19.213,4.5562,22.928,46.806,8.0824,19.523,3.7004,5.8949,5.208,3.5151,15.806,25.702,32.148,8.6043,7.1696,4.0907,7.7521,3.2013,21.643,8.736,9.379
1.85,10.465,10.523,8.2983,11.197,7.554,22.367,10.064,16.462,22.303,17.93,14.332,2.7275,4.1855,25.788,19.671,42.576,7.9191,7.2206,19.066,4.7171,23.823,47.056,8.0903,19.675,3.7032,5.8499,5.2231,3.5861,15.746,26.05,32.953,8.8541,7.4583,4.0759,7.8009,3.2469,21.911,8.8972,9.3364
1.86,10.532,10.63,8.3694,11.464,7.5498,22.588,9.8338,16.589,22.291,18.43,14.584,2.6801,4.1773,25.996,19.624,43.015,8.0399,7.4079,18.92,4.8787,24.668,47.272,8.0969,19.827,3.7056,5.7976,5.2349,3.6648,15.664,26.364,33.747,9.1008,7.7404,4.0504,7.8407,3.2888,22.171,9.0588,9.3019
1.87,10.599,10.734,8.438,11.733,7.545,22.803,9.6084,16.718,22.277,18.931,14.821,2.6148,4.1672,26.183,19.57,43.421,8.1579,7.5883,18.777,5.041,25.458,47.454,8.1033,19.978,3.7078,5.739,5.2445,3.743,15.561,26.645,34.527,9.3393,8.0115,4.0142,7.8718,3.3289,22.425,9.2186,9.2766
1.88,10.665,10.835,8.5048,12.003,7.5382,23.012,9.3901,16.85,22.258,19.429,15.071,2.6133,4.2444,26.348,19.508,43.792,8.273,7.7606,18.634,5.2039,26.191,47.607,8.1099,20.127,3.7097,5.6738,5.2522,3.8209,15.437,26.894,35.293,9.5685,8.2681,3.9901,7.8943,3.3692,22.672,9.3758,9.2623
1.89,10.732,10.93,8.5702,12.274,7.5301,23.217,9.181,16.985,22.237,19.927,15.306,2.6238,4.3789,26.489,19.439,44.125,8.3851,7.9228,18.495,5.3675,26.863,47.727,8.1179,20.276,3.7114,5.6019,5.2574,3.8993,15.333,27.112,36.047,9.7869,8.5057,3.9571,7.9082,3.4117,22.912,9.5293,9.2583
1.9,10.8,11.016,8.6344,12.546,7.521,23.417,8.983,17.122,22.219,20.421,15.531,2.6828,4.5232,26.609,19.363,44.429,8.4942,8.0723,18.355,5.5309,27.473,47.812,8.1279,20.423,3.7127,5.5237,5.2591,3.977,15.442,27.299,36.89,9.9874,8.7215,3.913,7.9135,3.4576,23.146,9.6776,9.2652
1.91,10.869,11.092,8.6971,12.818,7.5099,23.611,8.7977,17.26,22.197,20.913,15.759,2.7989,4.6769,26.708,19.281,44.693,8.6003,8.2082,18.216,5.6933,28.02,47.864,8.1408,20.57,3.7137,5.4386,5.2558,4.054,15.544,27.458,37.922,10.165,8.9133,3.86,7.9096,3.5072,23.373,9.82,9.2842
1.92,10.939,11.157,8.7583,13.091,7.4985,23.8,8.6267,17.4,22.172,21.402,15.966,2.9117,4.8387,26.788,19.192,44.917,8.7035,8.3297,18.077,5.8539,28.506,47.884,8.1574,20.715,3.7145,5.3468,5.2457,4.1303,15.639,27.591,38.934,10.321,9.0806,3.8002,7.8963,3.5605,23.592,9.9568,9.3151
1.93,11.01,11.214,8.8177,13.363,7.4854,23.984,8.4712,17.542,22.148,21.888,16.184,3.0155,5.0068,26.848,19.097,45.1,8.8031,8.4358,17.937,6.0115,28.932,47.869,8.1788,20.859,3.715,5.2477,5.2271,4.2057,15.728,27.7,39.924,10.453,9.225,3.7351,7.8731,3.6179,23.805,10.087,9.3578
1.94,11.082,11.266,8.8749,13.634,7.471,24.164,8.3321,17.684,22.123,22.371,16.38,3.1089,5.1802,26.89,18.995,45.244,8.8998,8.5263,17.798,6.1644,29.302,47.818,8.2061,21.003,3.7153,5.1409,5.1976,4.2803,15.812,27.783,40.893,10.568,9.3491,3.6659,7.8395,3.6788,24.01,10.21,9.4123
1.95,11.156,11.31,8.9303,13.905,7.4561,24.338,8.2104,17.826,22.094,22.85,16.586,3.1942,5.3577,26.915,18.887,45.351,8.993,8.6001,17.655,6.3114,29.616,47.737,8.2397,21.146,3.7157,5.0264,5.1547,4.3539,15.893,27.843,41.842,10.663,9.4555,3.593,7.7951,3.7428,24.209,10.325,9.4787
1.96,11.232,11.345,8.9837,14.175,7.6435,24.507,8.1066,17.969,22.063,23.325,16.783,3.2704,5.5383,26.924,18.804,45.424,9.0835,8.6587,17.512,6.4511,29.877,47.622,8.2803,21.289,3.7161,4.9045,5.1707,4.4282,15.972,27.879,42.77,10.731,9.5488,3.5169,7.7394,3.8092,24.399,10.434,9.5572
1.97,11.31,11.372,9.0348,14.443,7.8323,24.671,8.0211,18.111,22.035,23.797,16.976,3.3398,5.7211,26.918,18.747,45.456,9.1707,8.7024,17.364,6.5823,30.086,47.474,8.329,21.432,3.7168,4.7753,5.171,4.5015,16.054,27.892,43.683,10.773,9.6329,3.4674,7.6723,3.8771,24.583,10.536,9.6466
1.98,11.39,11.391,9.0835,14.709,8.0172,24.828,7.9542,18.253,22.004,24.265,17.177,3.4027,5.9061,26.896,18.69,45.447,9.2544,8.731,17.214,6.7036,30.246,47.297,8.386,21.574,3.7178,4.6393,5.149,4.5738,16.141,27.883,44.576,10.789,9.7094,3.4577,7.5937,3.9455,24.759,10.632,9.7464
1.99,11.472,11.402,9.1307,14.974,8.1984,24.982,7.9086,18.394,21.969,24.727,17.382,3.4592,6.0912,26.861,18.626,45.397,9.333,8.7445,17.058,6.8142,30.359,47.091,8.4517,21.717,3.7195,4.4975,5.1052,4.6451,16.237,27.852,45.45,10.775,9.7794,3.4497,7.5049,4.013,24.928,10.72,9.8677
2,11.556,11.407,9.3736,15.236,8.3763,25.13,7.8824,18.65,21.934,25.184,17.593,3.5092,6.2755,26.813,18.559,45.312,9.4059,8.7436,17.024,6.9134,30.43,46.858,8.5264,21.86,3.7216,4.3508,5.0389,4.7152,16.342,27.802,46.307,10.734,9.8438,3.445,7.4057,4.0781,25.087,10.804,10.013
2.01,11.644,11.407,9.6516,15.497,8.5513,25.273,7.8745,18.903,21.9,25.636,17.811,3.5518,6.4579,26.754,18.49,45.194,9.4717,8.7289,17.161,7.0003,30.462,46.599,8.6102,22.002,3.7242,4.2001,4.9518,4.7842,16.452,27.735,47.147,10.67,9.901,3.4423,7.2967,4.1401,25.239,10.881,10.167
2.02,11.733,11.401,9.9257,15.754,8.7236,25.411,7.8844,19.154,21.862,26.081,18.039,3.5857,6.6375,26.686,18.415,45.038,9.5291,8.7333,17.301,7.0758,30.456,46.317,8.7031,22.145,3.7272,4.0535,4.8455,4.8519,16.567,27.648,47.977,10.586,9.9479,3.4747,7.1797,4.1971,25.382,10.953,10.329
2.03,11.825,11.389,10.196,16.009,8.8933,25.544,7.9116,19.404,21.822,26.52,18.273,3.6093,6.8165,26.608,18.343,44.846,9.5778,8.7547,17.443,7.1415,30.418,46.01,8.8048,22.449,3.7305,4.0961,4.7826,4.919,16.684,27.543,48.794,10.486,9.9815,3.5215,7.056,4.2484,25.517,11.022,10.498
2.04,11.919,11.369,10.462,16.262,9.0602,25.671,7.957,19.652,21.784,26.951,18.51,3.6213,6.9911,26.523,18.265,44.621,9.6162,8.7661,17.586,7.2002,30.352,45.683,8.9151,22.808,3.7341,4.1377,4.9245,4.9862,16.805,27.42,49.596,10.374,10.023,3.5571,6.9263,4.2927,25.644,11.086,10.673
2.05,12.016,11.34,10.724,16.511,9.2241,25.794,8.0196,19.898,21.744,27.375,18.744,3.6209,7.1605,26.43,18.186,44.368,9.645,8.7689,17.73,7.2571,30.259,45.335,9.0334,23.166,3.7377,4.1784,5.0539,5.052,16.929,27.283,50.382,10.254,10.325,3.582,6.7936,4.3288,25.762,11.147,10.852
2.06,12.113,11.301,10.982,16.758,9.3849,25.913,8.0969,20.143,21.701,27.791,18.984,3.607,7.3263,26.336,18.107,44.081,9.663,8.7635,17.874,7.3169,30.146,44.966,9.1595,23.522,3.7414,4.2179,5.1701,5.1165,17.058,27.136,51.153,10.126,10.599,3.5975,6.6581,4.3557,25.872,11.205,11.035
2.07,12.213,11.253,11.236,17.002,9.5424,26.025,8.188,20.387,21.656,28.198,19.217,3.5793,7.4873,26.235,18.024,43.76,9.6697,8.7508,18.015,7.3778,30.012,44.579,9.2922,23.875,3.7451,4.2564,5.2754,5.1797,17.188,26.973,51.912,10.171,10.844,3.6048,6.5231,4.4295,25.973,11.261,11.22
2.08,12.313,11.197,11.485,17.242,9.6967,26.133,8.2917,20.63,21.614,28.597,19.43,3.5355,7.6411,26.129,17.943,43.405,9.7709,8.7321,18.157,7.4355,29.862,44.17,9.4313,24.249,3.7986,4.2941,5.3775,5.2414,17.321,26.799,52.653,10.223,11.056,3.6056,6.3887,4.6307,26.067,11.315,11.406
2.09,12.413,11.132,11.73,17.479,9.8484,26.235,8.407,20.875,21.569,28.987,19.652,3.4752,7.7901,26.017,17.861,43.396,9.902,8.708,18.294,7.4869,29.698,43.744,9.5758,24.716,3.9005,4.3311,5.492,5.3017,17.453,26.622,53.376,10.252,11.232,3.6023,6.2571,4.8202,26.152,11.368,11.592
2.1,12.514,11.061,11.97,17.712,9.9974,26.332,8.5328,21.12,21.52,29.368,19.848,3.3985,7.9326,25.901,17.776,43.383,10.034,8.6791,18.428,7.5304,29.522,43.294,9.7245,25.172,3.9964,4.3673,5.6124,5.3606,17.584,26.433,54.082,10.258,11.371,3.5972,6.1297,4.9937,26.292,11.421,11.777
2.11,12.614,10.987,12.207,17.942,10.144,26.425,8.6694,21.366,21.472,29.74,20.042,3.3143,8.0663,25.78,17.695,43.345,10.168,8.6465,18.557,7.5657,29.338,42.825,9.8771,25.614,4.0862,4.4032,5.727,5.4185,17.714,26.238,54.771,10.244,11.471,3.5933,6.213,5.1469,26.436,11.473,11.961
2.12,12.714,10.911,12.438,18.168,10.289,26.512,8.8138,21.615,21.425,30.103,20.217,3.3762,8.1961,25.659,17.613,43.282,10.303,8.6117,18.682,7.5926,29.145,42.331,10.032,26.045,4.1696,4.4386,5.8316,5.4765,17.842,26.041,55.444,10.21,11.534,3.5933,6.3771,5.2765,26.573,11.525,12.141
2.13,12.814,10.834,12.664,18.391,10.432,26.594,8.965,21.869,21.375,30.457,20.381,3.4435,8.3164,25.535,17.529,43.194,10.44,8.5757,18.801,7.611,28.945,41.814,10.189,26.463,4.2466,4.4738,5.9259,5.533,17.967,25.834,56.102,10.162,11.564,3.5998,6.5167,5.3795,26.704,11.577,12.319
2.14,12.913,10.823,12.886,18.609,10.574,26.67,9.1217,22.125,21.323,30.802,20.536,3.5004,8.4301,25.407,17.449,43.082,10.578,8.5388,18.913,7.6204,28.741,41.27,10.347,26.87,4.3171,4.5087,6.0118,5.5879,18.089,25.632,56.753,10.1,11.565,3.6147,6.6314,5.4538,26.829,11.631,12.492
2.15,13.012,10.862,13.103,18.823,10.713,26.742,9.2828,22.383,21.272,31.137,20.668,3.5452,8.536,25.277,17.368,42.944,10.717,8.5012,19.019,7.6208,28.532,40.701,10.505,27.264,4.3806,4.5433,6.0923,5.6413,18.209,25.423,57.393,10.028,11.545,3.6394,6.7223,5.4983,26.95,11.684,12.661
2.16,13.11,10.9,13.315,19.033,10.851,26.809,9.4472,22.641,21.22,31.463,20.801,3.5776,8.6334,25.143,17.287,42.782,10.858,8.4628,19.116,7.6125,28.32,40.103,10.662,27.648,4.4368,4.5774,6.17,5.6931,18.325,25.218,58.019,9.9485,11.51,3.674,6.7907,5.5133,27.066,11.739,12.825
2.17,13.207,10.934,13.521,19.239,10.988,26.87,9.6139,22.899,21.166,31.78,20.905,3.5967,8.7242,25.008,17.21,42.596,11.001,8.4232,19.207,7.5953,28.104,39.476,10.817,28.019,4.4855,4.6109,6.2483,5.7433,18.439,25.012,58.63,9.8635,11.469,3.7177,6.8379,5.4995,27.176,11.794,12.984
2.18,13.305,10.966,13.723,19.44,11.122,26.927,9.7817,23.154,21.109,32.088,21.061,3.6014,8.8056,24.871,17.131,42.385,11.146,8.3834,19.289,7.5701,27.887,38.822,10.969,28.38,4.5266,4.6437,6.3292,5.7919,18.55,24.809,59.226,9.776,11.431,3.7684,6.8645,5.4581,27.282,11.849,13.137
2.19,13.401,10.995,13.919,19.637,11.255,26.977,9.9502,23.407,21.056,32.386,21.263,3.5927,8.8987,24.73,17.054,42.155,11.293,8.3429,19.364,7.5368,27.665,38.138,11.119,28.728,4.5598,4.676,6.4147,5.8389,18.659,24.61,59.805,9.7822,11.405,3.8232,6.8714,5.3913,27.384,11.905,13.284
2.2,13.497,11.022,14.11,19.829,11.385,27.023,10.119,23.657,21,32.676,21.446,3.5686,9.1062,24.585,16.978,41.903,11.441,8.3021,19.429,7.4964,27.44,37.427,11.264,29.064,4.5856,4.7074,6.5064,5.8859,18.766,24.414,60.368,9.8285,11.399,3.8788,6.8599,5.3021,27.482,11.961,13.425
2.21,13.593,11.047,14.295,20.016,11.513,27.064,10.287,23.902,20.942,32.958,21.622,3.5314,9.3115,24.435,16.901,41.625,11.591,8.2614,19.487,7.4499,27.211,36.69,11.405,29.389,4.6346,4.738,6.6045,5.9319,18.87,24.224,60.914,9.8757,11.42,3.9312,6.8314,5.1944,27.576,12.017,13.56
2.22,13.688,11.068,14.473,20.199,11.638,27.099,10.453,24.141,20.883,33.231,21.791,3.48,9.5443,24.282,16.827,41.324,11.743,8.2208,19.535,7.3983,26.978,35.93,11.54,29.701,4.7469,4.7676,6.7086,5.9762,18.972,24.037,61.441,9.9147,11.473,3.9765,6.7885,5.0727,27.667,12.072,13.688
2.23,13.781,11.088,14.645,20.377,11.76,27.128,10.615,24.378,20.826,33.496,21.938,3.4164,9.7574,24.123,16.752,40.998,11.897,8.1803,19.577,7.3424,26.739,35.554,11.67,30,4.8504,4.7962,6.8181,6.0188,19.071,23.857,61.951,10.02,11.557,4.0556,6.7333,4.9422,27.753,12.126,13.81
2.24,13.875,11.106,14.81,20.551,11.879,27.151,10.773,24.608,20.766,33.753,22.093,3.3486,9.9519,23.961,16.679,40.659,12.053,8.14,19.609,7.2834,26.495,35.184,11.794,30.287,4.9452,4.8235,6.9315,6.0598,19.167,23.683,62.49,10.131,11.674,4.1687,6.6684,4.8089,27.837,12.179,13.927
2.25,13.967,11.121,14.968,20.719,11.995,27.17,10.927,24.833,20.705,34.001,22.222,3.282,10.123,23.795,16.605,40.296,12.21,8.1002,19.635,7.2223,26.243,34.784,11.912,30.56,5.0308,4.8495,7.0475,6.0992,19.258,23.515,63.128,10.243,11.817,4.274,6.5964,4.6786,27.917,12.231,14.037
2.26,14.059,11.134,15.119,20.883,12.108,27.183,11.078,25.051,20.644,34.24,22.353,3.2064,10.276,23.648,16.533,39.908,12.369,8.0609,19.653,7.1983,25.984,34.354,12.023,30.82,5.1071,4.8742,7.1645,6.1369,19.346,23.354,63.737,10.36,11.981,4.3686,6.5193,4.5569,27.993,12.28,14.142
2.27,14.15,11.145,15.264,21.042,12.218,27.19,11.225,25.265,20.584,34.472,22.467,3.1942,10.41,23.599,16.462,39.509,12.531,8.0218,19.664,7.2213,25.718,33.901,12.127,31.068,5.1736,4.8973,7.2804,6.1729,19.429,23.199,64.321,10.479,12.158,4.4501,6.5488,4.4486,28.066,12.326,14.241
2.28,14.24,11.155,15.401,21.196,12.326,27.191,11.365,25.473,20.521,34.697,22.572,3.1885,10.527,23.548,16.39,39.088,12.693,7.9829,19.668,7.2428,25.442,33.423,12.223,31.301,5.2306,4.9188,7.3942,6.2077,19.506,23.051,64.885,10.625,12.338,4.5168,6.5664,4.3573,28.136,12.369,14.335
2.29,14.329,11.162,15.531,21.345,12.43,27.188,11.499,25.675,20.458,34.914,22.671,3.1801,10.63,23.495,16.32,38.644,12.857,8.0749,19.666,7.2638,25.157,32.923,12.313,31.522,5.2777,4.9387,7.5041,6.2427,19.578,22.91,65.422,10.856,12.516,4.5673,6.5623,4.2854,28.203,12.41,14.424
2.3,14.418,11.168,15.654,21.49,12.534,27.179,11.625,25.87,20.396,35.123,22.754,3.1692,10.718,23.436,16.249,38.194,13.023,8.2687,19.659,7.2842,24.861,32.407,12.395,31.73,5.3149,4.9656,7.6093,6.276,19.644,22.777,65.932,11.058,12.681,4.6007,6.5382,4.2335,28.266,12.446,14.508
2.31,14.505,11.172,15.769,21.629,12.636,27.165,11.748,26.093,20.333,35.325,22.837,3.156,10.788,23.372,16.181,37.721,13.189,8.4326,19.645,7.304,24.553,31.876,12.47,31.926,5.3423,5.0052,7.7086,6.3076,19.703,22.65,66.415,11.228,12.83,4.6165,6.4956,4.2009,28.326,12.611,14.588
2.32,14.592,11.175,15.878,21.763,12.737,27.146,11.864,26.601,20.267,35.521,22.9,3.1403,10.839,23.305,16.114,37.237,13.357,8.5658,19.629,7.3246,24.232,31.337,12.538,32.109,5.3606,5.0444,7.8018,6.3376,19.757,22.53,66.883,11.366,12.956,4.6147,6.4364,4.1854,28.383,12.961,14.664
2.33,14.678,11.177,15.979,21.893,12.839,27.122,11.971,27.095,20.205,35.709,22.967,3.1228,10.867,23.236,16.044,36.739,13.537,8.7082,19.607,7.3464,23.898,30.792,12.599,32.282,5.3694,5.0833,7.8877,6.3659,19.803,22.418,67.325,11.472,13.056,4.5964,6.3622,4.1839,28.435,13.328,14.735
2.34,14.764,11.177,16.074,22.018,12.977,27.095,12.07,27.575,20.14,35.975,23.009,3.1033,10.871,23.162,15.98,36.226,13.757,8.8208,19.581,7.3696,23.55,30.247,12.653,32.444,5.369,5.1218,7.9666,6.3926,19.844,22.309,67.742,11.547,13.125,4.563,6.274,4.1928,28.484,13.854,14.803
2.35,14.848,11.176,16.163,22.138,13.111,27.063,12.163,28.04,20.074,36.595,23.061,3.082,10.851,23.083,15.914,35.707,13.956,8.9029,19.553,7.3949,23.188,29.707,12.7,32.595,5.3596,5.1599,8.0378,6.4177,19.877,22.21,68.135,11.59,13.163,4.5165,6.1728,4.2082,28.528,14.377,14.867
2.36,14.933,11.173,16.248,22.254,13.242,27.027,12.25,28.491,20.011,37.204,23.087,3.0597,10.81,22.999,15.849,35.172,14.133,8.9562,19.521,7.4226,22.813,29.177,12.742,32.736,5.3416,5.1977,8.1005,6.4422,19.904,22.115,68.503,11.6,13.166,4.4591,6.0603,4.2264,28.568,14.894,14.927
2.37,15.017,11.169,16.329,22.365,13.37,26.987,12.327,28.928,19.946,37.802,23.115,3.0366,10.748,22.913,15.787,34.635,14.288,8.9825,19.488,7.4515,22.754,28.661,12.778,32.865,5.3155,5.2349,8.155,6.4662,19.924,22.026,68.855,11.58,13.134,4.3936,5.9545,4.244,28.604,15.405,14.985
2.38,15.1,11.164,16.407,22.472,13.495,26.944,12.396,29.352,19.879,38.389,23.125,3.0139,10.666,22.823,15.724,34.083,14.42,8.9848,19.452,7.4811,23.004,28.163,12.808,32.984,5.2821,5.2718,8.2003,6.4886,19.937,21.942,69.183,11.53,13.069,4.3226,5.9398,4.2582,28.634,15.905,15.038
2.39,15.182,11.157,16.483,22.574,13.616,26.896,12.461,29.764,19.816,38.964,23.128,2.9911,10.657,22.727,15.662,33.678,14.562,8.9672,19.415,7.5111,23.252,27.688,12.833,33.094,5.2419,5.3081,8.3152,6.5094,19.944,21.861,69.487,11.454,12.97,4.2494,5.9447,4.267,28.72,16.393,15.09
2.4,15.264,11.149,16.557,22.673,13.734,26.844,12.516,30.164,19.75,39.528,23.123,2.968,10.694,22.625,15.603,33.426,14.738,8.9337,19.377,7.5416,23.497,27.24,12.854,33.193,5.1961,5.344,8.4722,6.5286,19.944,21.786,69.768,11.754,12.842,4.1772,5.944,4.2688,28.878,16.865,15.138
2.41,15.346,11.14,16.63,22.767,13.848,26.787,12.563,30.555,19.684,40.081,23.098,2.9455,10.718,22.519,15.544,33.17,14.914,8.8881,19.338,7.5734,23.739,26.82,12.872,33.283,5.1454,5.3794,8.6271,6.5463,19.939,21.714,70.026,12.097,12.688,4.1093,5.9379,4.2631,29.019,17.318,15.184
2.42,15.426,11.129,16.701,22.857,13.958,26.727,12.605,30.936,19.62,40.622,23.077,2.9229,10.728,22.41,15.485,32.914,15.091,8.8337,19.299,7.6065,23.975,26.434,12.887,33.366,5.0908,5.4142,8.7788,6.5641,19.929,21.643,70.269,12.475,12.511,4.0493,5.9273,4.2497,29.143,17.75,15.229
2.43,15.506,11.117,16.771,22.945,14.065,26.663,12.639,31.308,19.554,41.152,23.123,2.8992,10.724,22.3,15.43,32.657,15.269,8.7729,19.259,7.6407,24.206,26.082,12.9,33.442,5.033,5.4485,8.9261,6.5808,19.912,21.577,70.492,12.882,12.317,4.0004,5.9123,4.2291,29.252,18.157,15.271
2.44,15.585,11.104,16.84,23.029,14.167,26.595,12.664,31.671,19.486,41.671,23.216,2.8883,10.706,22.357,15.375,32.397,15.448,8.7073,19.219,7.6768,24.43,25.765,12.911,33.513,4.9732,5.4822,9.0675,6.5958,19.89,21.512,70.693,13.308,12.12,3.9658,5.8933,4.2023,29.352,18.54,15.311
2.45,15.664,11.088,16.907,23.11,14.266,26.523,12.685,32.026,19.421,42.179,23.294,2.9401,10.676,22.414,15.319,32.134,15.628,8.6383,19.18,7.717,24.646,25.484,12.922,33.58,4.9124,5.5154,9.2015,6.611,19.864,21.446,70.874,13.745,12.023,3.9479,5.8704,4.1708,29.443,18.895,15.35
2.46,15.773,11.072,16.972,23.19,14.361,26.449,12.698,32.372,19.355,42.675,23.376,2.9905,10.637,22.522,15.267,31.874,15.81,8.5665,19.141,7.7633,24.853,25.239,12.934,33.641,4.8511,5.548,9.3265,6.6316,19.833,21.384,71.035,14.186,11.975,4.0123,5.8439,4.136,29.524,19.221,15.388
2.47,15.892,11.054,17.086,23.269,14.453,26.372,12.702,32.711,19.287,43.16,23.451,3.0408,10.626,22.659,15.216,31.61,15.993,8.4922,19.101,7.8142,25.052,25.029,12.945,33.728,4.7897,5.58,9.4402,6.6528,19.798,21.321,71.179,14.625,11.912,4.0868,5.8139,4.0999,29.594,19.517,15.425
2.48,16.008,11.034,17.258,23.347,14.543,26.295,12.702,33.042,19.219,43.633,23.515,3.0921,10.63,22.798,15.164,31.344,16.177,8.4153,19.062,7.8673,25.24,24.853,12.958,33.852,4.7279,5.6112,9.5415,6.6725,19.76,21.256,71.309,15.057,11.833,4.1658,5.7807,4.0644,29.66,19.783,15.461
2.49,16.122,11.013,17.434,23.427,14.629,26.221,12.694,33.368,19.152,44.093,23.586,3.1447,10.629,22.939,15.116,31.081,16.363,8.3352,19.024,7.9206,25.417,24.71,12.973,33.971,4.6653,5.6418,9.6283,6.6924,19.717,21.192,71.42,15.479,11.876,4.248,5.7442,4.0313,29.726,20.016,15.497
2.5,16.232,10.99,17.614,23.506,14.711,26.153,12.678,33.689,19.084,44.54,23.644,3.1987,10.623,23.08,15.068,30.816,16.549,8.2502,18.986,7.9731,25.584,24.596,12.99,34.084,4.6012,5.6716,9.7001,6.7112,19.673,21.126,71.513,15.888,12.047,4.3319,5.7042,4.0026,29.791,20.217,15.533
2.51,16.339,10.966,17.799,23.586,14.789,26.089,12.658,34.006,19.014,44.974,23.691,3.2539,10.611,23.22,15.02,30.55,16.736,8.1587,18.947,8.024,25.739,24.509,13.01,34.191,4.5719,5.7008,9.7562,6.7284,19.731,21.056,71.588,16.282,12.182,4.4155,5.6608,3.9796,29.855,20.384,15.569
2.52,16.443,10.94,17.99,23.666,14.864,26.029,12.632,34.323,18.943,45.392,23.745,3.31,10.594,23.364,14.974,30.287,16.923,8.0583,18.91,8.0728,25.882,24.447,13.034,34.292,4.5412,5.7292,9.7957,6.7442,19.82,20.986,71.645,16.659,12.282,4.4967,5.7035,3.9639,29.918,20.518,15.604
2.53,16.542,10.914,18.183,23.746,14.934,25.974,12.598,34.64,18.874,45.799,23.785,3.3654,10.57,23.507,14.93,30.02,17.111,7.9474,18.871,8.1186,26.013,24.406,13.063,34.39,4.5059,5.7569,9.8188,6.7605,19.906,20.913,71.691,17.021,12.351,4.5729,5.7798,3.956,29.973,20.619,15.64
2.54,16.639,10.885,18.375,23.825,15,25.982,12.558,34.957,18.804,46.191,23.812,3.419,10.54,23.65,14.887,29.757,17.299,7.8249,18.832,8.1611,26.132,24.383,13.098,34.482,4.4662,5.7836,9.8254,6.7752,19.99,20.835,71.722,17.367,12.392,4.6418,5.8573,4.0239,30.017,20.687,15.677
2.55,16.731,10.855,18.562,23.903,15.063,26.513,12.515,35.274,18.733,46.568,23.847,3.4694,10.504,23.795,14.843,29.492,17.486,7.6906,18.794,8.1999,26.238,24.374,13.14,34.569,4.4224,5.8097,9.8161,6.7885,20.07,20.774,71.736,17.699,12.406,4.7173,5.9357,4.128,30.051,20.722,15.713
2.56,16.82,10.824,18.741,23.98,15.124,27.038,12.465,35.589,18.661,46.931,23.87,3.5151,10.463,23.94,14.802,29.23,17.673,7.5447,18.755,8.2348,26.332,24.378,13.188,34.652,4.3748,5.8349,9.7915,6.8003,20.147,20.814,71.734,18.015,12.398,4.8181,6.0151,4.2318,30.072,20.725,15.751
2.57,16.904,10.791,18.912,24.056,15.181,27.556,12.41,35.9,18.587,47.28,23.88,3.5548,10.417,24.083,14.762,28.966,17.86,7.3879,18.714,8.2658,26.413,24.39,13.243,34.73,4.3239,5.8592,9.7533,6.8106,20.223,20.853,71.717,18.316,12.371,4.9395,6.0953,4.3332,30.081,20.697,15.789
2.58,16.986,10.757,19.075,24.131,15.236,28.066,12.351,36.205,18.514,47.614,23.886,3.5875,10.364,24.229,14.722,28.706,18.046,7.2209,18.672,8.2931,26.482,24.408,13.306,34.803,4.2699,5.8826,9.7149,6.82,20.295,20.89,71.688,18.599,12.326,5.0569,6.1764,4.4301,30.077,20.64,15.828
2.59,17.062,10.722,19.228,24.205,15.29,28.566,12.287,36.505,18.442,47.932,23.893,3.6122,10.308,24.374,14.683,28.445,18.232,7.0451,18.63,8.3167,26.539,24.429,13.376,34.873,4.2132,5.9053,9.7521,6.8295,20.365,20.923,71.651,18.865,12.267,5.1689,6.2585,4.5202,30.062,20.553,15.867
2.6,17.135,10.686,19.374,24.277,15.344,29.055,12.217,36.799,18.369,48.236,23.887,3.6294,10.247,24.517,14.647,28.189,18.417,6.8617,18.585,8.3366,26.584,24.452,13.454,34.939,4.1545,5.9269,9.7711,6.8376,20.432,20.952,71.599,19.112,12.194,5.2737,6.3414,4.6013,30.036,20.437,15.907
2.61,17.204,10.648,19.511,24.348,15.397,29.533,12.146,37.086,18.294,48.522,23.867,3.6386,10.181,24.664,14.61,27.93,18.602,6.7877,18.539,8.3531,26.618,24.474,13.542,35,4.0939,5.9476,9.7722,6.8443,20.495,20.98,71.535,19.338,12.108,5.3706,6.4252,4.671,30,20.292,15.948
2.62,17.268,10.609,19.641,24.416,15.45,29.997,12.069,37.365,18.218,48.795,23.852,3.641,10.11,24.808,14.573,27.678,18.785,6.77,18.491,8.3662,26.639,24.494,13.638,35.058,4.0319,5.9676,9.756,6.8495,20.557,21.001,71.458,19.539,12.01,5.4587,6.5099,4.7271,29.954,20.118,15.989
2.63,17.328,10.57,19.763,24.484,15.502,30.45,11.987,37.638,18.141,49.05,23.83,3.6373,10.037,24.95,14.539,27.426,18.968,6.7547,18.44,8.3762,26.65,24.511,13.742,35.111,3.969,5.9865,9.7543,6.8534,20.616,21.019,71.374,19.715,11.899,5.5376,6.5956,4.7676,29.898,19.917,16.032
2.64,17.383,10.529,19.881,24.551,15.553,30.89,11.904,37.907,18.066,49.289,23.795,3.6292,9.9597,25.096,14.505,27.176,19.151,6.742,18.386,8.383,26.65,24.525,13.851,35.162,3.9058,6.0044,9.8528,6.8559,20.672,21.033,71.282,19.865,11.775,5.6073,6.6825,4.7912,29.834,19.691,16.075
2.65,17.434,10.488,19.995,24.616,15.603,31.316,11.817,38.173,17.991,49.509,23.748,3.6175,9.8776,25.239,14.471,26.931,19.332,6.7316,18.331,8.3866,26.641,24.533,13.965,35.208,3.8426,6.0216,9.9397,6.8571,20.726,21.04,71.178,19.989,11.637,5.6677,6.7706,4.7967,29.76,19.44,16.118
2.66,17.481,10.445,20.105,24.68,15.651,31.728,11.726,38.439,17.914,49.714,23.708,3.6041,9.7938,25.38,14.438,26.686,19.513,6.7236,18.271,8.3875,26.622,24.537,14.083,35.251,3.7799,6.0376,10.016,6.8585,20.777,21.046,71.062,20.083,11.488,5.7193,6.8601,4.7843,29.679,19.166,16.162
2.67,17.524,10.402,20.209,24.742,15.696,32.127,11.631,38.708,17.837,49.9,23.658,3.5894,9.7062,25.523,14.407,26.447,19.694,6.7181,18.208,8.3854,26.594,24.537,14.205,35.29,3.7182,6.0528,10.081,6.859,20.826,21.044,70.935,20.147,11.326,5.7625,6.9509,4.7546,29.592,18.869,16.207
2.68,17.562,10.358,20.308,24.803,15.74,32.51,11.536,39,17.759,50.07,23.597,3.5741,9.6149,25.664,14.375,26.21,19.873,6.7152,18.143,8.381,26.557,24.533,14.332,35.326,3.6579,6.0671,10.135,6.8582,20.872,21.038,70.8,20.179,11.155,5.7983,7.0431,4.7091,29.5,18.725,16.252
2.69,17.596,10.313,20.401,24.862,15.782,32.88,11.438,39.292,17.679,50.222,23.524,3.5721,9.5227,25.803,14.344,25.975,20.053,6.7146,18.073,8.374,26.513,24.527,14.462,35.358,3.5996,6.0803,10.18,6.8561,20.916,21.026,70.657,20.179,10.978,5.8273,7.1369,4.7027,29.402,18.616,16.297
2.7,17.625,10.267,20.488,24.919,15.823,33.233,11.336,39.574,17.6,50.356,23.456,3.5829,9.4276,25.944,14.314,25.746,20.232,6.7164,17.999,8.365,26.462,24.518,14.596,35.387,3.5889,6.0927,10.216,6.8527,20.957,21.008,70.503,20.149,10.798,5.8504,7.232,4.7487,29.3,18.492,16.343
2.71,17.651,10.22,20.569,24.973,15.864,33.571,11.232,39.845,17.522,50.474,23.381,3.5928,9.3301,26.082,14.285,25.521,20.41,6.7208,17.922,8.354,26.404,24.507,14.734,35.412,3.5811,6.1042,10.244,6.8481,20.996,20.985,70.337,20.09,10.944,5.8683,7.3285,4.789,29.193,18.356,16.39
2.72,17.672,10.172,20.641,25.025,15.904,33.894,11.127,40.107,17.444,50.573,23.295,3.6011,9.2318,26.218,14.255,25.298,20.588,6.7274,17.84,8.3412,26.342,24.497,14.876,35.432,3.5729,6.1145,10.264,6.8423,21.033,20.956,70.161,20.118,11.13,5.8819,7.4261,4.8216,29.082,18.206,16.437
2.73,17.689,10.123,20.706,25.075,15.942,34.201,11.021,40.358,17.364,50.657,23.197,3.6071,9.1318,26.356,14.226,25.079,20.766,6.7362,17.753,8.3269,26.275,24.489,15.022,35.45,3.5646,6.1242,10.276,6.8362,21.067,20.922,70.024,20.197,11.316,5.892,7.525,4.8445,28.968,18.046,16.484
2.74,17.702,10.073,20.763,25.122,15.979,34.491,10.912,40.598,17.284,50.723,23.101,3.6101,9.0297,26.49,14.199,24.867,20.943,6.7474,17.663,8.3113,26.204,24.485,15.171,35.464,3.556,6.1328,10.282,6.8297,21.1,20.881,69.947,20.259,11.499,5.8995,7.6247,4.8569,28.855,17.875,16.531
2.75,17.712,10.022,20.813,25.166,16.013,34.765,10.802,40.83,17.203,50.771,23.003,3.6093,8.9273,26.623,14.171,24.658,21.12,6.7605,17.569,8.2947,26.13,24.485,15.324,35.474,3.5471,6.1405,10.282,6.8221,21.13,20.834,69.863,20.309,11.675,5.905,7.725,4.8584,28.744,17.697,16.579
2.76,17.717,9.9697,20.856,25.208,16.046,35.023,10.69,41.051,17.179,50.803,22.894,3.6043,8.823,26.757,14.143,24.453,21.297,6.7756,17.469,8.2772,26.055,24.491,15.48,35.48,3.5381,6.1474,10.276,6.8133,21.157,20.782,69.772,20.35,11.841,5.909,7.8256,4.8491,28.631,17.513,16.627
2.77,17.72,9.9172,20.891,25.247,16.075,35.267,10.579,41.262,17.206,50.818,22.774,3.5948,8.7177,26.886,14.115,24.251,21.474,6.7928,17.366,8.259,26.055,24.505,15.639,35.483,3.5289,6.1533,10.265,6.8034,21.183,20.723,69.674,20.438,11.994,5.9117,7.9262,4.83,28.514,17.324,16.675
2.78,17.718,9.8634,20.919,25.284,16.102,35.499,10.467,41.465,17.234,50.815,22.656,3.5803,8.6116,27.017,14.089,24.056,21.65,6.8115,17.258,8.2403,26.307,24.528,15.801,35.482,3.5194,6.1583,10.248,6.7928,21.207,20.66,69.569,20.566,12.144,5.9134,8.0264,4.8019,28.397,17.133,16.723
2.79,17.727,9.809,20.939,25.319,16.127,35.719,10.354,41.658,17.261,50.798,22.536,3.5609,8.5043,27.146,14.063,23.867,21.827,6.832,17.145,8.3179,26.562,24.562,15.966,35.477,3.5097,6.1626,10.227,6.7823,21.228,20.589,69.459,20.692,12.366,5.9143,8.1259,4.7651,28.276,16.939,16.772
2.8,17.766,9.7536,20.952,25.351,16.148,35.931,10.24,41.84,17.288,50.763,22.455,3.537,8.3968,27.27,14.036,23.681,22.002,6.854,17.028,8.464,26.816,24.608,16.133,35.468,3.5,6.1658,10.202,6.7708,21.248,20.514,69.346,20.821,12.575,5.9148,8.2241,4.7201,28.15,16.744,16.82
2.81,17.804,9.6971,20.958,25.381,16.166,36.137,10.125,42.015,17.314,50.712,22.525,3.5084,8.2885,27.397,14.01,23.5,22.178,6.8773,16.907,8.602,27.066,24.667,16.301,35.455,3.4901,6.1683,10.171,6.7606,21.265,20.432,69.226,20.957,12.768,5.9148,8.3208,4.6671,28.019,16.546,16.869
2.82,17.841,9.64,20.955,25.411,16.181,36.335,10.01,42.179,17.34,50.646,22.59,3.4849,8.1801,27.52,13.984,23.324,22.352,6.902,16.782,8.732,27.31,24.74,16.472,35.438,3.4801,6.17,10.135,6.7921,21.281,20.344,69.1,21.104,12.946,5.9145,8.4153,4.6071,27.887,16.347,16.918
2.83,17.877,9.5816,20.947,25.437,16.194,36.524,9.8966,42.332,17.365,50.566,22.649,3.508,8.0714,27.642,13.958,23.152,22.526,6.9277,16.652,8.8545,27.544,24.828,16.644,35.417,3.4701,6.1708,10.156,6.8221,21.295,20.251,68.967,21.266,13.108,5.9137,8.5072,4.5409,27.752,16.146,16.967
2.84,17.911,9.5227,20.931,25.464,16.203,36.701,9.7834,42.476,17.39,50.657,22.709,3.5255,7.9628,27.763,13.931,22.986,22.7,6.9543,16.52,8.97,27.766,24.931,16.817,35.391,3.4601,6.1709,10.169,6.8603,21.307,20.15,68.829,21.448,13.255,5.9124,8.5963,4.4696,27.613,15.944,17.016
2.85,17.944,9.4627,20.91,25.488,16.21,36.866,9.6703,42.609,17.414,50.824,22.769,3.5374,7.8545,27.88,13.906,22.827,22.872,6.9818,16.383,9.0785,27.975,25.05,16.991,35.362,3.45,6.1703,10.17,6.9034,21.317,20.045,68.683,21.654,13.388,5.9102,8.6819,4.5048,27.467,15.741,17.066
2.86,17.975,9.402,20.882,25.512,16.214,37.017,9.5575,42.733,17.438,50.965,22.824,3.5794,7.7464,27.997,13.881,22.673,23.044,7.0221,16.242,9.1808,28.267,25.184,17.165,35.327,3.44,6.1688,10.159,6.9452,21.325,19.934,68.537,21.888,13.506,5.9071,8.7638,4.5435,27.316,15.568,17.115
2.87,18.006,9.3404,20.85,25.536,16.216,37.151,9.5177,42.844,17.462,51.08,22.872,3.619,7.6391,28.112,13.855,22.524,23.215,7.0651,16.097,9.2767,28.567,25.335,17.338,35.289,3.4299,6.1667,10.136,6.9873,21.332,19.815,68.385,22.151,13.612,5.9026,8.8416,4.5769,27.158,15.433,17.165
2.88,18.035,9.2779,20.813,25.558,16.215,37.269,9.518,42.946,17.485,51.17,22.916,3.6519,7.5325,28.223,13.828,22.379,23.385,7.1079,15.951,9.3668,28.838,25.502,17.512,35.245,3.4199,6.164,10.1,7.028,21.337,19.693,68.227,22.445,13.706,5.8966,8.9149,4.6048,26.994,15.296,17.214
2.89,18.063,9.2148,20.772,25.58,16.211,37.59,9.5155,43.036,17.508,51.237,22.954,3.678,7.4527,28.336,13.803,22.239,23.554,7.1503,15.801,9.4512,29.077,25.684,17.684,35.198,3.4098,6.1605,10.051,7.0672,21.339,19.563,68.062,22.772,13.79,5.8888,8.9834,4.6273,26.823,15.156,17.264
2.9,18.091,9.1506,20.729,25.602,16.206,37.994,9.5105,43.115,17.53,51.279,22.986,3.7244,7.4146,28.444,13.777,22.105,23.722,7.1922,15.647,9.5304,29.285,25.88,17.855,35.145,3.3997,6.1564,9.9878,7.1052,21.341,19.428,67.892,23.131,13.865,5.8789,9.0467,4.6448,26.645,15.015,17.314
2.91,18.117,9.0861,20.688,25.623,16.216,38.393,9.5029,43.184,17.552,51.299,23.014,3.8035,7.3762,28.55,13.75,21.975,23.889,7.2331,15.491,9.6046,29.461,26.091,18.024,35.088,3.3897,6.1517,9.9111,7.1434,21.34,19.287,67.715,23.523,13.933,5.8667,9.1046,4.6572,26.462,14.872,17.365
2.92,18.143,9.0204,20.652,25.642,16.225,38.782,9.4947,43.242,17.573,51.298,23.036,3.8848,7.338,28.656,13.724,21.85,24.056,7.2728,15.334,9.6744,29.605,26.314,18.206,35.026,3.3798,6.1465,9.8203,7.1802,21.338,19.138,67.537,23.945,13.994,5.852,9.1566,4.6647,26.273,14.728,17.415
2.93,18.168,8.9543,20.621,25.662,16.234,39.158,9.4846,43.29,17.594,51.274,23.064,3.9689,7.2991,28.758,13.698,21.731,24.221,7.3112,15.174,9.7399,29.718,26.548,18.414,34.958,3.37,6.1407,9.7151,7.2155,21.335,18.985,67.351,24.395,14.05,5.8344,9.2023,4.6674,26.21,14.584,17.465
2.94,18.192,8.8874,20.589,25.68,16.243,39.523,9.4723,43.327,17.615,51.23,23.088,4.0554,7.2595,28.859,13.672,21.619,24.386,7.3478,15.012,9.8017,29.801,26.793,18.62,34.887,3.361,6.1344,9.5953,7.2496,21.329,18.824,67.158,24.871,14.102,5.8141,9.2413,4.6659,26.153,14.44,17.517
2.95,18.216,8.8196,20.555,25.697,16.251,39.872,9.4579,43.354,17.635,51.164,23.106,4.1446,7.2193,28.958,13.644,21.511,24.55,7.3826,14.849,9.8601,29.855,27.048,18.823,34.81,3.3543,6.1275,9.461,7.284,21.323,18.659,66.956,25.369,14.151,5.7909,9.2735,4.6603,26.098,14.295,17.568
2.96,18.238,8.7516,20.519,25.712,16.26,40.206,9.4415,43.371,17.655,51.077,23.12,4.2367,7.1787,29.053,13.617,21.407,24.712,7.4154,14.684,9.9153,29.879,27.31,19.024,34.728,3.3484,6.1202,9.3125,7.317,21.315,18.485,66.754,25.885,14.197,5.7647,9.3049,4.6506,26.047,14.152,17.624
2.97,18.261,8.6826,20.481,25.726,16.268,40.523,9.4233,43.377,17.674,50.97,23.128,4.3318,7.1377,29.149,13.59,21.309,24.874,7.4463,14.519,9.9679,29.875,27.578,19.225,34.642,3.3457,6.1125,9.1498,7.3487,21.305,18.307,66.544,26.415,14.242,5.7358,9.3473,4.6376,26.029,14.008,17.7
2.98,18.283,8.6129,20.441,25.738,16.275,40.821,9.4033,43.374,17.693,50.842,23.132,4.43,7.0972,29.24,13.562,21.215,25.035,7.475,14.353,10.018,29.843,27.85,19.43,34.55,3.3648,6.1044,8.9733,7.3789,21.294,18.121,66.327,26.955,14.285,5.7044,9.3837,4.6211,26.029,13.866,17.776
2.99,18.304,8.543,20.4,25.747,16.281,41.103,9.3818,43.36,17.712,50.695,23.131,4.5315,7.057,29.33,13.533,21.125,25.196,7.5014,14.186,10.065,29.784,28.126,19.639,34.453,3.3927,6.0959,8.7831,7.4088,21.282,17.929,66.102,27.501,14.326,5.7066,9.4134,4.6018,26.034,13.724,17.853
3,18.324,8.4723,20.358,25.754,16.286,41.364,9.3603,43.337,17.73,50.531,23.125,4.6359,7.0166,29.418,13.505,21.04,25.355,7.5256,14.02,10.11,29.996,28.403,19.853,34.352,3.421,6.0872,8.6286,7.4382,21.268,17.732,65.876,28.05,14.366,5.7606,9.4367,4.5798,26.042,13.584,17.93
3.01,18.344,8.4009,20.315,25.759,16.29,41.648,9.3374,43.304,17.748,50.352,23.116,4.7435,6.9762,29.501,13.477,20.959,25.515,7.5477,13.853,10.153,30.293,28.679,20.072,34.246,3.4495,6.0782,8.6039,7.4663,21.253,17.526,65.641,28.597,14.405,5.8165,9.4542,4.5556,26.052,13.445,18.008
3.02,18.363,8.3292,20.272,25.76,16.293,41.964,9.313,43.263,17.767,50.158,23.112,4.8538,6.9357,29.586,13.448,20.883,25.673,7.5677,13.687,10.194,30.566,28.954,20.294,34.202,3.4783,6.069,8.5715,7.493,21.235,17.317,65.396,29.139,14.443,5.8751,9.4668,4.5293,26.064,13.307,18.087
3.03,18.381,8.2571,20.228,25.759,16.294,42.27,9.2874,43.213,17.786,49.949,23.103,4.9664,6.8952,29.666,13.417,20.81,25.831,7.5857,13.521,10.233,30.816,29.223,20.517,34.237,3.5074,6.0597,8.531,7.5184,21.218,17.1,65.151,29.673,14.481,5.9374,9.4758,4.5017,26.078,13.188,18.174
3.04,18.399,8.1843,20.183,25.755,16.294,42.564,9.2606,43.157,17.804,49.726,23.09,5.0808,6.8549,29.744,13.388,20.742,25.989,7.6023,13.356,10.269,31.04,29.489,20.74,34.27,3.5371,6.0504,8.4828,7.5425,21.199,16.876,64.897,30.196,14.518,6.0042,9.4814,4.5225,26.093,13.125,18.27
3.05,18.416,8.1109,20.136,25.749,16.293,42.848,9.2327,43.092,17.822,49.488,23.073,5.1966,6.8148,29.821,13.358,20.677,26.147,7.6175,13.192,10.303,31.242,29.746,20.958,34.302,3.5678,6.0411,8.4271,7.5663,21.178,16.649,64.632,30.706,14.555,6.0758,9.4838,4.597,26.11,13.063,18.369
3.06,18.432,8.0375,20.088,25.74,16.291,43.12,9.2037,43.022,17.84,49.36,23.051,5.3133,6.7757,29.892,13.327,20.616,26.304,7.6324,13.03,10.335,31.418,29.996,21.172,34.331,3.6001,6.0323,8.3645,7.5896,21.157,16.416,64.367,31.199,14.593,6.1525,9.4828,4.6732,26.129,13.003,18.47
3.07,18.448,7.9636,20.04,25.729,16.287,43.382,9.1739,42.946,17.857,49.405,23.025,5.4302,6.737,29.965,13.295,20.56,26.461,7.6494,12.87,10.365,31.57,30.234,21.38,34.358,3.6348,6.0375,8.2952,7.6116,21.133,16.37,64.089,31.677,14.63,6.2347,9.4937,4.751,26.149,12.943,18.572
3.08,18.462,7.8892,19.993,25.714,16.282,43.632,9.1433,42.864,17.874,49.448,22.995,5.5468,6.6986,30.033,13.263,20.507,26.618,7.6683,12.711,10.393,31.698,30.462,21.582,34.383,3.6716,6.0657,8.2795,7.6323,21.11,16.388,63.808,32.135,14.665,6.322,9.5208,4.8304,26.171,12.885,18.675
3.09,18.477,7.8144,19.944,25.698,16.276,43.871,9.1124,42.776,17.89,49.487,22.961,5.6624,6.6606,30.098,13.231,20.459,26.775,7.6873,12.554,10.418,31.8,30.676,21.779,34.406,3.7098,6.0913,8.2943,7.6518,21.084,16.401,63.517,32.572,14.696,6.4141,9.5254,4.9112,26.194,12.828,18.779
3.1,18.49,7.7395,19.893,25.679,16.268,44.1,9.0816,42.684,17.907,49.523,22.927,5.7766,6.623,30.163,13.198,20.413,26.931,7.7063,12.4,10.44,31.878,30.877,21.971,34.427,3.749,6.1148,8.3027,7.67,21.058,16.41,63.219,32.983,14.774,6.5106,9.5085,4.9933,26.218,12.772,18.882
3.11,18.502,7.6644,19.839,25.658,16.259,44.318,9.0503,42.586,17.923,49.553,22.895,5.8888,6.5859,30.223,13.164,20.37,27.087,7.7267,12.247,10.46,31.929,31.062,22.161,34.447,3.7885,6.1361,8.3045,7.6871,21.031,16.412,62.913,33.364,14.886,6.6106,9.4707,5.0763,26.243,12.717,18.985
3.12,18.514,7.589,19.782,25.634,16.25,44.526,9.0184,42.482,17.938,49.577,22.859,5.9986,6.5493,30.281,13.131,20.33,27.243,7.7503,12.097,10.477,31.955,31.23,22.35,34.465,3.8279,6.1552,8.2994,7.7033,21.002,16.412,62.599,33.712,14.972,6.7131,9.4133,5.1598,26.27,12.664,19.088
3.13,18.526,7.5133,19.721,25.609,16.239,44.723,8.9861,42.374,17.953,49.595,22.82,6.1058,6.5132,30.338,13.097,20.294,27.399,7.7744,12.052,10.492,31.954,31.381,22.54,34.481,3.8669,6.1724,8.2874,7.7197,20.973,16.405,62.276,34.027,15.031,6.8174,9.3687,5.2436,26.298,12.611,19.191
3.14,18.536,7.4373,19.658,25.582,16.227,44.91,8.9534,42.261,17.968,49.605,22.776,6.2101,6.4777,30.39,13.061,20.259,27.554,7.7979,12.01,10.503,31.926,31.515,22.732,34.495,3.9054,6.1878,8.2685,7.7348,20.942,16.396,61.948,34.307,15.065,6.922,9.3459,5.3272,26.326,12.558,19.294
3.15,18.546,7.3613,19.592,25.554,16.214,45.086,8.9204,42.143,17.983,49.606,22.729,6.312,6.4433,30.442,13.089,20.227,27.709,7.8202,11.969,10.512,31.873,31.628,22.925,34.507,3.9432,6.2017,8.2432,7.7487,20.911,16.379,61.606,34.552,15.074,7.0258,9.3245,5.4104,26.356,12.507,19.397
3.16,18.556,7.2853,19.523,25.524,16.2,45.252,8.8872,42.019,17.997,49.6,22.679,6.4109,6.4096,30.49,13.117,20.198,27.864,7.8409,11.928,10.518,31.793,31.721,23.115,34.518,3.9802,6.2141,8.212,7.7615,20.879,16.359,61.266,34.761,15.061,7.1275,9.3041,5.4929,26.387,12.456,19.5
3.17,18.565,7.2092,19.45,25.495,16.186,45.407,8.8538,41.89,18.011,49.584,22.625,6.5069,6.3767,30.536,13.145,20.171,28.018,7.8597,11.887,10.52,31.687,31.795,23.303,34.526,4.0163,6.2253,8.176,7.7731,20.846,16.334,60.911,34.932,15.026,7.2259,9.2838,5.5747,26.418,12.405,19.603
3.18,18.573,7.1328,19.375,25.465,16.171,45.551,8.8204,41.757,18.025,49.559,22.568,6.6003,6.3444,30.58,13.174,20.146,28.173,7.8765,11.845,10.519,31.555,31.847,23.487,34.533,4.0512,6.2354,8.1369,7.7835,20.812,16.303,60.553,35.067,14.972,7.3199,9.2637,5.6555,26.451,12.355,19.707
3.19,18.581,7.0564,19.296,25.434,16.155,45.685,8.7869,41.619,18.039,49.523,22.513,6.6918,6.3128,30.62,13.202,20.164,28.326,7.8908,11.802,10.518,31.399,31.877,23.664,34.538,4.0848,6.2444,8.0951,7.7929,20.778,16.269,60.187,35.17,14.899,7.4085,9.2442,5.7351,26.484,12.305,19.811
3.2,18.589,6.9799,19.215,25.443,16.138,45.807,8.7535,41.53,18.052,49.477,22.458,6.7813,6.282,30.66,13.231,20.385,28.48,7.9025,11.758,10.532,31.218,31.885,23.834,34.541,4.117,6.2521,8.05,7.8017,20.743,16.228,59.809,35.247,14.811,7.491,9.2258,5.8136,26.517,12.254,19.916
3.21,18.596,6.9478,19.129,25.498,16.121,45.918,8.7202,41.618,18.065,49.418,22.4,6.869,6.2519,30.695,13.259,20.604,28.633,7.929,11.713,10.541,31.013,31.872,23.995,34.543,4.1476,6.2583,8.0014,7.8105,20.707,16.184,59.434,35.299,14.708,7.5669,9.2091,5.891,26.552,12.204,20.022
3.22,18.604,6.9723,19.04,25.551,16.104,46.017,8.687,41.7,18.077,49.348,22.339,6.9553,6.2226,30.728,13.288,20.823,28.786,7.9779,11.667,10.546,30.786,31.836,24.148,34.543,4.1766,6.2629,7.9482,7.8181,20.67,16.134,59.046,35.326,14.595,7.6356,9.1947,5.967,26.587,12.154,20.129
3.23,18.611,6.9965,18.947,25.602,16.086,46.106,8.6541,41.777,18.089,49.268,22.274,7.0411,6.1942,30.76,13.316,21.043,28.937,8.0231,11.62,10.545,30.557,31.777,24.293,34.541,4.2038,6.2657,7.8898,7.8247,20.633,16.08,58.651,35.325,14.473,7.6972,9.2022,6.0417,26.623,12.103,20.238
3.24,18.619,7.0206,18.851,25.653,16.069,46.185,8.6216,41.847,18.101,49.174,22.207,7.1262,6.1665,30.788,13.346,21.262,29.088,8.0644,11.573,10.539,30.874,31.696,24.429,34.538,4.229,6.2668,7.8256,7.8302,20.596,16.021,58.256,35.302,14.345,7.7958,9.2419,6.115,26.659,12.051,20.349
3.25,18.627,7.0448,18.751,25.701,16.051,46.253,8.5899,41.913,18.113,49.069,22.137,7.2107,6.1397,30.815,13.375,21.48,29.238,8.1021,11.525,10.529,31.278,31.593,24.557,34.533,4.2793,6.2659,7.7553,7.8346,20.558,16.042,57.85,35.258,14.215,7.8921,9.2819,6.1866,26.695,12,20.462
3.26,18.635,7.0689,18.648,25.749,16.034,46.312,8.5585,41.973,18.125,48.95,22.064,7.2951,6.1137,30.839,13.404,21.697,29.387,8.1361,11.476,10.512,31.735,31.467,24.676,34.526,4.3392,6.263,7.6788,7.838,20.519,16.124,57.436,35.194,14.086,7.986,9.323,6.2563,26.732,11.947,20.585
3.27,18.644,7.0927,18.543,25.794,16.017,46.361,8.5274,42.028,18.136,48.818,21.988,7.3797,6.0885,30.859,13.434,21.913,29.535,8.1718,11.427,10.491,32.199,31.318,24.786,34.518,4.398,6.2582,7.5964,7.8404,20.48,16.203,57.025,35.109,13.962,8.0784,9.3658,6.3237,26.77,11.895,20.712
3.28,18.652,7.1163,18.436,25.839,16,46.401,8.4968,42.077,18.147,48.672,21.914,7.4641,6.0645,30.88,13.463,22.129,29.681,8.2593,11.377,10.465,32.67,31.147,24.886,34.508,4.4556,6.2514,7.5078,7.8418,20.441,16.277,56.604,35.003,13.845,8.1701,9.411,6.3887,26.807,11.841,20.842
3.29,18.662,7.1397,18.326,25.882,15.984,46.433,8.4667,42.121,18.158,48.512,21.841,7.5482,6.0414,30.895,13.492,22.344,30.037,8.3416,11.328,10.433,33.148,30.955,24.977,34.497,4.512,6.2424,7.4134,7.8437,20.402,16.352,56.175,34.876,13.739,8.2624,9.4592,6.4506,26.845,11.787,20.975
3.3,18.67,7.1629,18.214,25.924,15.968,46.455,8.437,42.16,18.169,48.337,21.765,7.6327,6.0191,30.91,13.521,22.557,30.384,8.4199,11.278,10.397,33.632,30.742,25.058,34.484,4.5671,6.2316,7.3132,7.8446,20.362,16.423,55.747,34.729,13.646,8.3562,9.5109,6.509,26.883,11.732,21.11
3.31,18.68,7.1859,18.099,25.964,15.952,46.468,8.4078,42.193,18.18,48.149,21.687,7.7166,5.9977,30.922,13.55,22.77,30.717,8.4961,11.227,10.356,34.122,30.507,25.128,34.469,4.6208,6.2186,7.2074,7.8445,20.322,16.49,55.315,34.565,13.57,8.4528,9.5669,6.5636,26.92,11.676,21.246
3.32,18.69,7.2087,17.983,26.003,15.936,46.472,8.3793,42.221,18.191,47.945,21.606,7.7998,5.9771,30.93,13.579,22.981,31.035,8.572,11.177,10.31,34.618,30.254,25.187,34.453,4.6732,6.2035,7.0965,7.8434,20.283,16.556,54.875,34.388,13.512,8.5531,9.6275,6.6137,26.959,11.619,21.385
3.33,18.701,7.2313,17.864,26.04,15.92,46.468,8.3513,42.243,18.202,47.725,21.523,7.8828,5.9575,30.939,13.607,23.19,31.34,8.646,11.128,10.26,35.12,29.98,25.237,34.435,4.7241,6.1865,6.9808,7.8414,20.244,16.619,54.429,34.2,13.474,8.6583,9.6932,6.659,26.997,11.561,21.526
3.34,18.713,7.2536,17.742,26.076,15.904,46.454,8.3239,42.261,18.213,47.491,21.437,7.9646,5.9386,30.942,13.636,23.397,31.63,8.7166,11.078,10.205,35.627,29.687,25.409,34.415,4.7734,6.1674,6.8604,7.8384,20.204,16.679,53.988,34.002,13.457,8.7694,9.7646,6.6991,27.035,11.502,21.668
3.35,18.727,7.2758,17.618,26.111,15.889,46.432,8.2972,42.273,18.223,47.24,21.35,8.0449,5.9207,30.946,13.664,23.602,31.908,8.7828,11.028,10.147,36.139,29.377,25.721,34.394,4.8213,6.1463,6.7359,7.8346,20.165,16.735,53.541,33.795,13.461,8.8871,9.8419,6.7337,27.074,11.442,21.813
3.36,18.743,7.2978,17.492,26.144,15.873,46.4,8.2712,42.279,18.234,46.975,21.26,8.1245,5.9036,30.946,13.693,23.806,32.174,8.8447,10.979,10.085,36.657,29.049,26.019,34.371,4.8675,6.1536,6.6078,7.8298,20.126,16.791,53.088,33.58,13.487,9.0122,9.9255,6.7625,27.112,11.381,21.959
3.37,18.761,7.3604,17.365,26.177,15.857,46.36,8.2459,42.282,18.244,46.693,21.168,8.2021,5.8874,30.945,13.722,24.008,32.427,8.9019,10.931,10.021,37.178,29.005,26.301,34.347,4.9121,6.1655,6.4764,7.8245,20.086,16.843,52.631,33.356,13.534,9.1454,10.016,6.7853,27.15,11.319,22.107
3.38,18.781,7.4272,17.237,26.207,15.841,46.311,8.2213,42.278,18.253,46.487,21.08,8.2994,5.872,30.941,13.751,24.207,32.669,8.9543,10.882,9.953,37.704,29.091,26.567,34.321,4.9551,6.177,6.342,7.8193,20.046,16.891,52.179,33.127,13.601,9.2869,10.113,6.802,27.189,11.255,22.258
3.39,18.803,7.4919,17.108,26.237,15.825,46.253,8.1975,42.269,18.263,46.431,20.991,8.3974,5.8574,30.935,13.78,24.403,32.899,9.0019,10.835,9.9469,38.234,29.159,26.815,34.294,4.9963,6.1884,6.2051,7.8133,20.007,16.938,51.723,32.891,13.685,9.437,10.217,6.8126,27.226,11.19,22.411
3.4,18.825,7.5548,16.977,26.265,15.808,46.185,8.1744,42.257,18.272,46.37,20.9,8.4953,5.8437,30.928,13.808,24.596,33.118,9.0448,10.788,9.9927,38.767,29.209,27.045,34.264,5.0359,6.1998,6.0718,7.8064,19.966,16.982,51.263,32.651,13.786,9.5958,10.328,6.8173,27.264,11.124,22.566
3.41,18.847,7.6167,16.845,26.292,15.792,46.108,8.1521,42.238,18.281,46.305,20.807,8.5928,5.8309,30.917,13.837,24.785,33.339,9.0829,10.742,10.037,39.304,29.241,27.257,34.233,5.0738,6.2111,6.1108,7.7986,19.926,17.023,50.799,32.408,13.9,9.7632,10.447,6.8162,27.302,11.057,22.725
3.42,18.87,7.6811,16.793,26.318,15.776,46.022,8.1306,42.214,18.29,46.236,20.712,8.6901,5.8188,30.907,13.865,24.972,33.713,9.1161,10.696,10.08,39.844,29.253,27.451,34.201,5.11,6.2217,6.1471,7.79,19.885,17.062,50.339,32.163,14.026,9.9388,10.572,6.8095,27.339,10.989,22.886
3.43,18.892,7.7466,16.791,26.342,15.759,45.927,8.1099,42.186,18.298,46.162,20.615,8.7882,5.8075,30.892,13.893,25.155,34.075,9.1448,10.651,10.122,40.387,29.248,27.636,34.166,5.1444,6.2318,6.1807,7.7806,19.843,17.099,49.879,31.918,14.162,10.122,10.705,6.7978,27.376,10.919,23.051
3.44,18.914,7.8123,16.789,26.366,15.743,45.822,8.0901,42.152,18.307,46.083,20.517,8.8868,5.7971,30.877,13.92,25.334,34.423,9.1688,10.607,10.162,40.931,29.225,27.828,34.131,5.1774,6.2409,6.2116,7.7703,19.802,17.132,49.417,31.673,14.304,10.313,10.845,6.7813,27.413,11.021,23.221
3.45,18.935,7.8779,16.785,26.388,15.726,45.708,8.0711,42.115,18.315,45.999,20.417,8.9864,5.7874,30.859,13.948,25.509,34.758,9.1886,10.564,10.201,41.478,29.183,28.005,34.094,5.2087,6.2491,6.2396,7.7593,19.76,17.163,48.953,31.427,14.452,10.51,10.992,6.7608,27.449,11.136,23.395
3.46,18.955,7.9433,16.78,26.409,15.71,45.585,8.0529,42.072,18.355,45.909,20.315,9.0875,5.7785,30.84,13.975,25.681,35.076,9.2044,10.522,10.239,42.027,29.125,28.168,34.055,5.2387,6.2564,6.2648,7.7474,19.718,17.193,48.49,31.182,14.602,10.713,11.145,6.7368,27.486,11.246,23.572
3.47,18.975,8.0079,16.774,26.429,15.694,45.453,8.0355,42.025,18.436,45.816,20.212,9.1906,5.7704,30.818,14.003,25.848,35.377,9.2165,10.481,10.276,42.578,29.049,28.316,34.014,5.2672,6.2627,6.2871,7.7357,19.674,17.218,48.074,30.938,14.754,10.921,11.305,6.7101,27.521,11.35,23.753
3.48,18.994,8.0707,16.767,26.447,15.677,45.312,8.0191,41.973,18.509,45.717,20.111,9.2966,5.763,30.794,14.03,26.01,35.662,9.2253,10.44,10.311,43.129,28.956,28.451,33.972,5.2944,6.268,6.3066,7.7236,19.631,17.243,47.795,30.696,14.907,11.153,11.471,6.6813,27.556,11.448,23.937
3.49,19.013,8.1313,16.759,26.465,15.661,45.163,8.0034,41.916,18.578,45.613,20.011,9.4055,5.7563,30.769,14.058,26.167,35.929,9.231,10.4,10.346,43.682,28.846,28.572,33.928,5.3204,6.2723,6.3232,7.7108,19.587,17.265,47.52,30.457,15.06,11.393,11.642,6.6514,27.591,11.542,24.125
3.5,19.03,8.1895,16.749,26.481,15.645,45.005,7.9887,41.856,18.64,45.504,19.909,9.5178,5.7503,30.74,14.085,26.319,36.179,9.2341,10.361,10.38,44.235,28.721,28.681,33.883,5.3449,6.2756,6.337,7.6972,19.543,17.284,47.243,30.221,15.212,11.638,11.819,6.6209,27.625,11.631,24.317
3.51,19.047,8.2452,16.738,26.496,15.63,44.84,7.9748,41.791,18.695,45.391,19.806,9.6338,5.7451,30.712,14.112,26.464,36.413,9.2349,10.324,10.413,44.789,28.579,28.778,33.836,5.3683,6.2778,6.348,7.6828,19.498,17.303,46.962,29.988,15.364,11.885,12.001,6.5909,27.658,11.714,24.512
3.52,19.062,8.2988,16.726,26.51,15.615,44.667,7.9618,41.721,18.746,45.273,19.702,9.7537,5.7405,30.68,14.138,26.602,36.629,9.2336,10.287,10.446,45.343,28.423,28.866,33.788,5.3902,6.2791,6.3562,7.6678,19.453,17.318,46.68,29.76,15.515,12.136,12.188,6.562,27.69,11.794,24.711
3.53,19.077,8.35,16.712,26.523,15.6,44.488,7.9496,41.648,18.79,45.149,19.596,9.8776,5.7366,30.649,14.165,26.734,36.827,9.2299,10.251,10.478,45.898,28.251,28.944,33.738,5.4107,6.2794,6.3616,7.652,19.407,17.331,46.395,29.536,15.669,12.388,12.379,6.5349,27.722,11.869,24.913
3.54,19.091,8.3988,16.698,26.535,15.585,44.301,7.9383,41.57,18.83,45.023,19.489,10.006,5.7335,30.613,14.191,26.86,37.008,9.2237,10.216,10.51,46.452,28.065,29.014,33.687,5.4296,6.2789,6.3643,7.6356,19.361,17.343,46.114,29.314,15.824,12.641,12.573,6.5103,27.753,11.941,25.119
3.55,19.103,8.4451,16.682,26.546,15.571,44.108,7.9279,41.489,18.866,44.891,19.382,10.138,5.731,30.578,14.217,26.978,37.172,9.215,10.182,10.542,47.006,27.866,29.074,33.634,5.459,6.2775,6.3644,7.6184,19.315,17.351,45.831,29.095,16.084,12.894,12.77,6.4888,27.784,12.009,25.328
3.56,19.115,8.4893,16.665,26.556,15.557,43.91,7.9183,41.404,18.898,44.755,19.273,10.274,5.7291,30.54,14.242,27.088,37.319,9.2042,10.149,10.576,47.56,27.653,29.124,33.58,5.5004,6.2753,6.3618,7.6006,19.267,17.359,45.547,28.879,16.39,13.147,12.969,6.4707,27.813,12.074,25.54
3.57,19.126,8.5312,16.647,26.564,15.543,43.706,7.9096,41.315,18.928,44.616,19.163,10.412,5.7278,30.502,14.268,27.189,37.569,9.1918,10.117,10.609,48.114,27.428,29.163,33.524,5.5404,6.2722,6.3566,7.5822,19.22,17.364,45.261,28.666,16.698,13.398,13.17,6.4566,27.841,12.137,25.755
3.58,19.135,8.5707,16.627,26.572,15.531,43.498,7.9018,41.223,18.956,44.472,19.052,10.552,5.7271,30.461,14.293,27.283,37.841,9.1778,10.085,10.644,48.668,27.191,29.19,33.467,5.5792,6.2685,6.3488,7.569,19.172,17.369,44.974,28.456,17.01,13.646,13.372,6.4464,27.868,12.197,25.973
3.59,19.144,8.6081,16.607,26.579,15.518,43.284,7.8947,41.128,18.99,44.323,18.942,10.694,5.7269,30.421,14.319,27.369,38.112,9.1626,10.055,10.678,49.221,26.943,29.205,33.409,5.6166,6.2643,6.3386,7.5717,19.123,17.371,44.688,28.249,17.326,13.892,13.574,6.4404,27.894,12.255,26.195
3.6,19.152,8.6433,16.618,26.584,15.506,43.068,7.8886,41.03,19.026,44.172,18.834,10.835,5.7272,30.378,14.344,27.446,38.381,9.1461,10.026,10.713,49.774,26.683,29.207,33.349,5.6527,6.2597,6.3258,7.5735,19.074,17.372,44.404,28.285,17.648,14.134,13.776,6.4384,27.919,12.311,26.42
3.61,19.159,8.6763,16.639,26.589,15.495,42.848,7.8832,40.928,19.065,44.016,18.725,10.975,5.7281,30.335,14.369,27.513,38.649,9.1288,9.9971,10.747,50.327,26.414,29.197,33.288,5.6874,6.2554,6.3107,7.5744,19.025,17.373,44.118,28.592,17.978,14.373,13.976,6.4403,27.943,12.367,26.649
3.62,19.165,8.7072,16.66,26.593,15.484,42.626,7.8787,40.823,19.102,43.856,18.615,11.113,5.7295,30.29,14.393,27.571,38.916,9.1105,9.9694,10.782,50.879,26.135,29.174,33.225,5.7208,6.2622,6.2931,7.5745,18.975,17.373,43.831,28.889,18.317,14.606,14.175,6.4457,27.965,12.421,26.881
3.63,19.171,8.7362,16.681,26.595,15.474,42.405,7.8749,40.717,19.137,43.693,18.505,11.246,5.7313,30.244,14.418,27.622,39.182,9.0921,9.9424,10.816,51.43,25.848,29.139,33.161,5.7529,6.2769,6.2732,7.5738,18.925,17.373,43.544,29.178,18.665,14.835,14.372,6.4544,27.987,12.475,27.118
3.64,19.176,8.7632,16.701,26.597,15.465,42.186,7.872,40.607,19.168,43.525,18.393,11.374,5.7336,30.197,14.442,27.663,39.447,9.0747,9.9162,10.849,51.982,25.552,29.092,33.096,5.7835,6.2916,6.2511,7.5735,18.875,17.374,43.258,29.459,19.025,15.059,14.565,6.4657,28.007,12.53,27.358
3.65,19.18,8.7881,16.722,26.598,15.456,41.973,7.8699,40.495,19.197,43.355,18.282,11.495,5.7364,30.149,14.466,27.695,39.711,9.0595,9.8907,10.882,52.533,25.249,29.032,33.029,5.8128,6.3059,6.227,7.5797,18.823,17.374,42.973,29.732,19.396,15.277,14.755,6.479,28.026,12.584,27.601
3.66,19.183,8.8111,16.742,26.598,15.449,41.786,7.8685,40.381,19.22,43.182,18.169,11.607,5.7395,30.101,14.489,27.715,39.973,9.0473,9.8659,10.915,53.083,24.941,28.961,32.961,5.8408,6.3196,6.2007,7.6133,18.772,17.372,42.689,29.996,19.779,15.49,14.94,6.494,28.045,12.639,27.847
3.67,19.186,8.8324,16.762,26.597,15.441,41.673,7.868,40.264,19.24,43.004,18.056,11.71,5.7431,30.05,14.512,27.727,40.234,9.0365,9.8418,10.947,53.635,24.625,28.878,32.892,5.8674,6.3327,6.1723,7.6458,18.72,17.37,42.404,30.252,20.173,15.698,15.12,6.5099,28.061,12.695,28.096
3.68,19.188,8.8519,16.781,26.595,15.435,41.733,7.8681,40.145,19.255,42.824,17.943,11.8,5.747,30,14.535,27.73,40.495,9.0256,9.8183,10.979,54.186,24.305,28.784,32.821,5.8925,6.3452,6.1421,7.6773,18.668,17.365,42.119,30.5,20.58,15.899,15.294,6.526,28.077,12.752,28.349
3.69,19.19,8.8696,16.801,26.592,15.429,41.854,7.8691,40.025,19.266,42.64,17.829,11.877,5.7513,29.949,14.557,27.723,40.755,9.0329,9.7955,11.01,54.739,23.981,28.679,32.749,5.9163,6.3569,6.1101,7.7083,18.615,17.36,41.835,30.739,20.998,16.095,15.463,6.5418,28.091,12.811,28.604
3.7,19.19,8.8857,16.82,26.589,15.425,41.971,7.8707,39.902,19.274,42.454,17.714,11.94,5.756,29.896,14.58,27.704,41.014,9.0612,9.7733,11.041,55.294,23.653,28.563,32.676,5.9388,6.3678,6.0762,7.7391,18.563,17.352,41.554,30.97,21.425,16.285,15.625,6.5566,28.105,12.872,28.863
3.71,19.19,8.9004,16.839,26.584,15.421,42.083,7.8731,39.777,19.277,42.264,17.599,11.987,5.7609,29.844,14.603,27.746,41.271,9.0893,9.7517,11.071,55.849,23.322,28.438,32.601,5.9597,6.3781,6.0407,7.769,18.509,17.343,41.273,31.193,21.861,16.47,15.78,6.57,28.117,12.934,29.124
3.72,19.19,8.9137,16.858,26.579,15.418,42.189,7.8762,39.651,19.277,42.071,17.484,12.018,5.7662,29.789,14.625,27.788,41.526,9.1168,9.7304,11.101,56.405,22.99,28.302,32.525,5.9794,6.3875,6.0036,7.7978,18.456,17.333,40.992,31.408,22.304,16.65,15.928,6.5814,28.127,12.999,29.388
3.73,19.188,8.9261,16.876,26.573,15.416,42.29,7.8799,39.523,19.274,41.876,17.369,12.031,5.7717,29.735,14.647,27.818,41.78,9.1436,9.7096,11.13,56.958,22.657,28.158,32.448,5.9976,6.3963,5.965,7.8256,18.402,17.319,40.711,31.692,22.751,16.825,16.069,6.5904,28.136,13.066,29.655
3.74,19.185,8.9378,16.894,26.566,15.415,42.388,7.8844,39.393,19.269,41.678,17.256,12.027,5.7775,29.679,14.669,27.843,42.031,9.1696,9.689,11.158,57.509,22.323,28.005,32.369,6.0144,6.4042,5.9252,7.8533,18.347,17.306,40.431,32.203,23.201,16.995,16.202,6.5967,28.144,13.136,29.924
3.75,19.182,8.9487,16.912,26.558,15.414,42.48,7.8894,39.261,19.263,41.477,17.143,12.004,5.7835,29.623,14.69,27.856,42.279,9.1943,9.6688,11.185,58.057,21.99,27.845,32.289,6.0299,6.4113,5.884,7.8805,18.293,17.289,40.155,32.7,23.651,17.161,16.327,6.5999,28.15,13.209,30.196
3.76,19.177,8.9588,16.93,26.55,15.415,42.568,7.8952,39.128,19.255,41.274,17.03,11.961,5.7898,29.566,14.711,27.864,42.523,9.2179,9.6487,11.212,58.603,21.658,27.676,32.207,6.0441,6.4177,5.9432,7.9067,18.238,17.272,39.879,33.182,24.099,17.323,16.443,6.6,28.155,13.284,30.471
3.77,19.172,8.9682,16.948,26.54,15.417,42.651,7.9016,38.994,19.247,41.068,16.917,11.901,5.7963,29.508,14.731,27.861,42.763,9.2403,9.6288,11.238,59.145,21.328,27.5,32.124,6.0568,6.4233,6.0171,7.9319,18.183,17.252,39.604,33.649,24.543,17.482,16.551,6.5969,28.157,13.363,30.747
3.78,19.166,8.9772,16.965,26.53,15.419,42.73,7.9086,38.858,19.239,40.861,16.803,11.822,5.8032,29.45,14.751,27.851,42.999,9.2614,9.6091,11.263,59.683,21,27.317,32.04,6.0681,6.4922,6.0887,7.9564,18.128,17.231,39.33,34.1,24.98,17.638,16.65,6.5906,28.157,13.444,31.026
3.79,19.159,8.9855,16.983,26.519,15.423,42.805,7.9161,38.72,19.229,40.651,16.689,11.725,5.8103,29.391,14.771,27.832,43.231,9.2812,9.5894,11.287,60.248,20.677,27.129,31.954,6.0782,6.559,6.1574,7.981,18.072,17.209,39.057,34.536,25.407,17.791,16.74,6.5813,28.156,13.528,31.307
3.8,19.152,8.9928,17,26.508,15.428,42.874,7.9243,38.581,19.217,40.439,16.575,11.611,5.8175,29.331,14.791,27.806,43.458,9.2996,9.57,11.31,60.954,20.357,27.044,31.867,6.087,6.6229,6.2228,8.0047,18.016,17.184,38.786,34.956,25.824,17.942,16.822,6.5692,28.152,13.615,31.59
3.81,19.143,8.999,17.017,26.496,15.433,42.938,7.9331,38.44,19.203,40.226,16.462,11.481,5.8249,29.271,14.811,27.77,43.681,9.3169,9.5505,11.332,61.657,20.043,26.983,31.779,6.0944,6.6839,6.2846,8.0274,17.96,17.159,38.517,35.359,26.227,18.09,16.895,6.5546,28.147,13.705,31.875
3.82,19.134,9.0042,17.033,26.482,15.44,42.998,7.9423,38.298,19.185,40.011,16.348,11.335,5.8323,29.209,14.831,27.726,43.898,9.3329,9.5309,11.353,62.355,19.735,26.903,31.689,6.1004,6.742,6.3424,8.0501,17.904,17.133,38.25,35.747,26.615,18.237,16.959,6.538,28.138,13.798,32.162
3.83,19.125,9.0083,17.05,26.469,15.448,43.053,7.9522,38.155,19.164,39.794,16.234,11.175,5.8399,29.148,14.85,27.674,44.111,9.3477,9.5112,11.373,63.05,19.433,26.804,31.598,6.1054,6.7971,6.3959,8.0743,17.86,17.106,37.984,36.118,26.987,18.381,17.036,6.5199,28.128,13.893,32.45
3.84,19.114,9.0113,17.066,26.454,15.457,43.102,7.9625,38.01,19.141,39.575,16.12,11.001,5.8475,29.085,14.869,27.614,44.319,9.3614,9.4913,11.392,63.738,19.138,26.687,31.506,6.109,6.8495,6.4449,8.1034,17.875,17.078,37.72,36.475,27.341,18.524,17.126,6.5008,28.114,13.991,32.741
3.85,19.103,9.0132,17.082,26.439,15.467,43.147,7.9734,37.863,19.115,39.355,16.006,10.826,5.8552,29.021,14.887,27.545,44.522,9.3741,9.4711,11.411,64.42,18.851,26.555,31.412,6.1114,6.8992,6.4894,8.1315,17.89,17.049,37.457,36.818,27.675,18.666,17.208,6.5021,28.099,14.091,33.033
3.86,19.091,9.0139,17.098,26.423,15.478,43.186,7.9847,37.714,19.086,39.134,15.892,10.773,5.863,28.957,14.905,27.47,44.72,9.3859,9.4507,11.428,65.092,18.572,26.407,31.317,6.1126,6.9462,6.5292,8.1594,17.904,17.019,37.195,37.147,27.988,18.806,17.282,6.515,28.081,14.194,33.327
3.87,19.078,9.0135,17.114,26.406,15.49,43.221,7.9965,37.564,19.056,38.912,15.778,10.797,5.8708,28.892,14.923,27.386,44.913,9.3969,9.4299,11.445,65.753,18.302,26.244,31.22,6.1127,6.9905,6.5643,8.1869,17.918,16.989,36.936,37.464,28.279,18.945,17.348,6.5259,28.06,14.299,33.622
3.88,19.065,9.012,17.129,26.389,15.503,43.251,8.0088,37.413,19.026,38.687,15.664,10.816,5.8786,28.828,14.94,27.295,45.1,9.4072,9.4088,11.46,66.403,18.041,26.068,31.122,6.1116,7.0324,6.5949,8.2135,17.932,16.956,36.68,37.768,28.547,19.082,17.407,6.5347,28.037,14.406,33.919
3.89,19.05,9.0096,17.145,26.371,15.517,43.275,8.0215,37.26,19.03,38.462,15.551,10.83,5.8864,28.762,14.957,27.196,45.283,9.4167,9.3872,11.475,67.042,17.79,25.88,31.022,6.1095,7.0717,6.621,8.2392,17.946,16.924,36.425,38.061,28.79,19.218,17.459,6.5418,28.012,14.514,34.217
3.9,19.036,9.0062,17.16,26.353,15.532,43.296,8.0346,37.105,19.046,38.235,15.438,10.843,5.8942,28.696,14.974,27.089,45.461,9.426,9.3655,11.489,67.67,17.549,25.681,30.921,6.1063,7.1085,6.6441,8.2639,17.959,16.891,36.173,38.343,29.009,19.353,17.504,6.5473,27.984,14.624,34.517
3.91,19.02,9.0017,17.175,26.333,15.549,43.311,8.0481,36.949,19.062,38.007,15.325,10.856,5.9019,28.63,14.991,26.976,45.633,9.4353,9.3434,11.502,68.287,17.342,25.471,30.819,6.1021,7.1428,6.7401,8.2878,17.973,16.856,35.922,38.615,29.202,19.487,17.543,6.5517,27.954,14.735,34.817
3.92,19.004,8.9963,17.19,26.314,15.566,43.322,8.062,36.791,19.075,37.778,15.212,10.871,5.9096,28.564,15.008,26.855,45.801,9.445,9.3208,11.514,68.892,17.336,25.252,30.715,6.097,7.1745,6.832,8.311,17.986,16.821,35.673,38.877,29.37,19.62,17.576,6.5553,27.921,14.848,35.117
3.93,18.986,8.9901,17.204,26.293,15.585,43.326,8.0763,36.632,19.086,37.548,15.1,10.89,5.9172,28.496,15.024,26.728,45.964,9.4556,9.2976,11.526,69.486,17.326,25.025,30.61,6.0909,7.2038,6.9193,8.3343,17.998,16.784,35.426,39.131,29.512,19.752,17.604,6.558,27.886,14.961,35.418
3.94,18.968,8.9831,17.218,26.272,15.604,43.328,8.0909,36.471,19.094,37.317,14.988,10.913,5.9251,28.429,15.04,26.595,46.123,9.4666,9.274,11.537,70.067,17.311,24.792,30.504,6.0839,7.2305,7.002,8.3567,18.011,16.746,35.181,39.375,29.629,19.882,17.626,6.5593,27.848,15.075,35.72
3.95,18.949,8.9751,17.232,26.251,15.625,43.323,8.1059,36.309,19.098,37.084,14.876,10.941,5.9329,28.359,15.055,26.454,46.277,9.4781,9.2498,11.652,70.636,17.291,24.552,30.396,6.0762,7.2545,7.0799,8.3783,18.023,16.707,34.939,39.612,29.721,20.01,17.642,6.6017,27.808,15.189,36.023
3.96,18.929,8.9665,17.246,26.228,15.647,43.315,8.1212,36.145,19.1,36.851,14.764,10.974,5.9406,28.29,15.071,26.307,46.428,9.4894,9.225,11.802,71.192,17.269,24.308,30.286,6.0678,7.276,7.1527,8.3989,18.036,16.666,34.698,39.84,29.787,20.137,17.652,6.641,27.767,15.303,36.326
3.97,18.909,8.9571,17.26,26.205,15.67,43.3,8.1369,35.98,19.096,36.617,14.653,11.013,5.9482,28.376,15.085,26.155,46.575,9.5006,9.1997,11.953,71.735,17.241,24.109,30.175,6.0587,7.2948,7.2205,8.4187,18.048,16.624,34.461,40.062,29.828,20.262,17.656,6.6753,27.723,15.417,36.63
3.98,18.887,8.947,17.274,26.182,15.694,43.282,8.1528,35.813,19.091,36.382,14.542,11.058,5.9556,28.519,15.1,25.997,46.718,9.5112,9.1737,12.105,72.264,17.21,23.998,30.195,6.049,7.3111,7.2832,8.4377,18.06,16.58,34.227,40.276,29.843,20.385,17.655,6.7045,27.677,15.531,36.935
3.99,18.865,8.9362,17.287,26.158,15.718,43.259,8.169,35.645,19.08,36.146,14.433,11.107,5.9629,28.658,15.114,25.832,46.859,9.5211,9.1472,12.256,72.78,17.174,23.887,30.222,6.039,7.3247,7.3407,8.4558,18.072,16.534,33.994,40.483,29.833,20.506,17.648,6.7286,27.629,15.644,37.241
4,18.842,8.925,17.3,26.134,15.745,43.232,8.1854,35.476,19.067,35.91,14.325,11.16,5.9701,28.794,15.127,25.661,46.998,9.5304,9.1201,12.409,73.283,17.135,23.775,30.249,6.029,7.3357,7.3931,8.4731,18.084,16.488,33.764,40.683,29.798,20.624,17.636,6.7477,27.578,15.756,37.549
4.01,18.818,8.9131,17.313,26.109,15.772,43.2,8.2022,35.304,19.049,35.672,14.216,11.217,5.9771,28.927,15.141,25.486,47.134,9.5388,9.0927,12.561,73.773,17.091,23.665,30.275,6.0207,7.3442,7.4403,8.4895,18.096,16.44,33.537,40.877,29.783,20.738,17.619,6.7618,27.526,15.866,37.858
4.02,18.793,8.9007,17.327,26.083,15.8,43.164,8.2191,35.132,19.028,35.452,14.109,11.277,5.9839,29.057,15.155,25.306,47.27,9.5464,9.0646,12.713,74.249,17.043,23.556,30.3,6.0186,7.3505,7.4826,8.5054,18.107,16.39,33.311,41.062,29.997,20.85,17.596,6.774,27.472,15.976,38.17
4.03,18.767,8.8878,17.34,26.057,15.829,43.123,8.2363,34.959,19.003,35.376,14.001,11.34,5.9905,29.183,15.168,25.12,47.406,9.5532,9.036,12.865,74.711,16.993,23.45,30.325,6.017,7.3544,7.5199,8.5214,18.119,16.34,33.089,41.24,30.201,20.957,17.567,6.8542,27.416,16.083,38.486
4.04,18.741,8.8744,17.353,26.03,15.859,43.079,8.2536,34.784,18.975,35.301,13.895,11.404,5.9969,29.307,15.181,24.928,47.541,9.5591,9.0067,13.016,75.16,16.938,23.487,30.349,6.0153,7.3563,7.5523,8.5366,18.13,16.288,32.869,41.411,30.395,21.061,17.531,6.9319,27.359,16.188,38.806
4.05,18.713,8.8606,17.366,26.003,15.89,43.03,8.2712,34.608,18.944,35.223,13.788,11.469,6.003,29.427,15.194,24.731,47.676,9.564,8.9768,13.167,75.594,16.879,23.633,30.372,6.0131,7.3565,7.5802,8.551,18.141,16.234,32.651,41.575,30.58,21.16,17.49,7.0075,27.299,16.292,39.13
4.06,18.685,8.8463,17.378,25.976,15.922,42.979,8.2889,34.432,18.91,35.146,13.682,11.536,6.009,29.544,15.206,24.53,47.812,9.5682,8.9462,13.337,76.016,16.817,23.777,30.395,6.0104,7.3557,7.6038,8.5646,18.152,16.18,32.437,41.731,30.755,21.254,17.442,7.0809,27.237,16.393,39.46
4.07,18.656,8.8316,17.391,25.947,15.955,42.923,8.3068,34.253,18.886,35.067,13.577,11.604,6.0147,29.657,15.218,24.324,47.948,9.5716,8.9151,13.519,76.423,16.751,23.919,30.417,6.0073,7.4009,7.6232,8.5774,18.163,16.124,32.225,41.878,30.921,21.343,17.389,7.1524,27.174,16.491,39.802
4.08,18.625,8.8164,17.425,25.919,15.989,42.864,8.3249,34.075,18.999,34.988,13.504,11.672,6.0204,29.767,15.229,24.114,48.086,9.5741,8.8833,13.7,76.816,16.682,24.059,30.574,6.0036,7.4522,7.6386,8.5895,18.173,16.066,32.015,42.017,31.077,21.426,17.33,7.222,27.109,16.586,40.15
4.09,18.594,8.8009,17.473,25.89,16.024,42.802,8.3431,33.895,19.11,34.908,13.472,11.739,6.026,29.873,15.241,23.899,48.224,9.5757,8.8509,13.881,77.195,16.609,24.197,30.953,5.9996,7.5016,7.6504,8.6008,18.184,16.008,31.809,42.148,31.224,21.503,17.265,7.2939,27.042,16.679,40.5
4.1,18.562,8.785,17.521,25.86,16.06,42.736,8.3614,33.715,19.22,34.827,13.441,11.807,6.0313,29.977,15.251,23.681,48.363,9.5766,8.8179,14.062,77.56,16.73,24.332,31.325,5.9951,7.5491,7.6586,8.6114,18.194,15.948,31.605,42.267,31.361,21.573,17.195,7.3815,26.974,16.768,40.853
4.11,18.529,8.7688,17.569,25.831,16.096,42.667,8.3798,33.534,19.327,34.746,13.409,11.875,6.0364,30.076,15.262,23.459,48.502,9.5768,8.7843,14.243,77.914,16.899,24.465,31.69,5.9901,7.5949,7.6634,8.6212,18.204,15.887,31.404,42.377,31.487,21.636,17.12,7.4687,26.904,16.854,41.206
4.12,18.496,8.7522,17.616,25.801,16.134,42.595,8.3983,33.352,19.431,34.663,13.379,11.941,6.0412,30.172,15.273,23.234,48.641,9.576,8.7502,14.422,78.257,17.065,24.596,32.05,5.9846,7.6388,7.6648,8.6303,18.214,15.823,31.206,42.476,31.603,21.699,17.041,7.5549,26.833,16.937,41.56
4.13,18.461,8.7354,17.664,25.77,16.173,42.522,8.4169,33.175,19.532,34.58,13.349,12.006,6.0457,30.263,15.283,23.006,48.779,9.5746,8.7156,14.601,78.592,17.228,24.724,32.405,5.9786,7.6809,7.663,8.6386,18.224,15.76,31.011,42.565,31.708,21.807,16.957,7.6394,26.76,17.016,41.913
4.14,18.425,8.7183,17.71,25.739,16.212,42.445,8.4356,33.156,19.633,34.496,13.318,12.07,6.0499,30.351,15.293,23.093,48.916,9.5725,8.6804,14.78,78.918,17.387,24.851,32.755,5.9721,7.7211,7.6583,8.6462,18.233,15.695,30.819,42.645,31.802,21.908,16.87,7.7214,26.685,17.092,42.267
4.15,18.415,8.7011,17.757,25.708,16.252,42.366,8.4544,33.136,19.731,34.412,13.288,12.13,6.0538,30.435,15.303,23.185,49.052,9.5695,8.6446,14.957,79.235,17.543,24.975,33.103,5.965,7.7594,7.6506,8.6532,18.243,15.628,30.629,42.715,31.885,22.003,16.779,7.8004,26.61,17.163,42.621
4.16,18.416,8.6836,17.803,25.676,16.293,42.285,8.4732,33.116,19.826,34.326,13.258,12.186,6.0574,30.514,15.312,23.272,49.187,9.566,8.6082,15.133,79.546,17.693,25.097,33.447,5.9574,7.796,7.6403,8.6595,18.253,15.559,30.443,42.776,31.957,22.09,16.685,7.8759,26.533,17.251,42.974
4.17,18.417,8.6661,17.848,25.644,16.335,42.201,8.4922,33.095,19.918,34.24,13.228,12.238,6.0607,30.589,15.321,23.357,49.321,9.5617,8.5712,15.309,79.85,17.838,25.216,33.787,5.9491,7.8307,7.6273,8.6661,18.263,15.491,30.26,42.827,32.017,22.168,16.588,7.9473,26.454,17.442,43.327
4.18,18.417,8.6483,17.893,25.612,16.378,42.114,8.5113,33.073,20.009,34.154,13.198,12.283,6.0636,30.662,15.33,23.438,49.454,9.5567,8.5336,15.483,80.149,17.978,25.334,34.122,5.9401,7.8636,7.6119,8.6721,18.272,15.425,30.079,42.867,32.066,22.238,16.489,8.0143,26.375,17.623,43.678
4.19,18.417,8.6307,17.938,25.58,16.421,42.024,8.5304,33.05,20.098,34.066,13.169,12.349,6.0662,30.729,15.338,23.515,49.585,9.5512,8.4954,15.656,80.443,18.111,25.449,34.452,5.9304,7.8947,7.5944,8.7041,18.282,15.517,29.902,42.896,32.101,22.298,16.388,8.0765,26.295,17.794,44.03
4.2,18.417,8.6128,17.982,25.548,16.465,41.931,8.5495,33.027,20.185,33.978,13.14,12.461,6.0684,30.793,15.345,23.589,49.715,9.5449,8.4566,15.828,80.736,18.238,25.561,34.774,5.9198,7.924,7.5749,8.749,18.291,15.605,29.727,42.91,32.124,22.348,16.286,8.1335,26.213,17.953,44.379
4.21,18.416,8.595,18.026,25.515,16.51,41.835,8.5686,33.003,20.268,33.889,13.111,12.568,6.0703,30.853,15.354,23.661,49.844,9.5381,8.4173,15.999,81.266,18.359,25.672,35.089,5.9085,7.9515,7.5534,8.7935,18.3,15.69,29.556,42.908,32.134,22.389,16.182,8.1854,26.131,18.101,44.727
4.22,18.416,8.5772,18.07,25.483,16.556,41.737,8.5877,32.979,20.35,33.8,13.082,12.666,6.0722,30.911,15.361,23.728,49.971,9.5307,8.3773,16.169,81.807,18.473,25.781,35.398,5.8963,7.9772,7.5303,8.836,18.309,15.77,29.387,42.891,32.129,22.42,16.078,8.2318,26.048,18.237,45.073
4.23,18.414,8.5594,18.113,25.45,16.602,41.636,8.6067,32.953,20.431,33.709,13.052,12.754,6.0738,30.965,15.369,23.791,50.096,9.5226,8.3368,16.337,82.342,18.58,25.887,35.7,5.8833,8.0013,7.5405,8.877,18.318,15.846,29.222,42.858,32.111,22.44,15.973,8.2727,26.01,18.362,45.417
4.24,18.413,8.5417,18.155,25.418,16.649,41.532,8.6258,32.928,20.508,33.618,13.023,12.832,6.0751,31.015,15.376,23.853,50.22,9.5141,8.2958,16.505,82.874,18.679,25.991,35.995,5.8695,8.0234,7.5936,8.9172,18.327,15.92,29.06,42.809,32.078,22.451,15.867,8.3603,26.066,18.474,45.759
4.25,18.412,8.5241,18.198,25.386,16.696,41.425,8.6448,32.901,20.584,33.527,12.995,12.899,6.076,31.062,15.383,23.91,50.341,9.5051,8.2542,16.671,83.402,18.769,26.093,36.283,5.8548,8.0441,7.645,8.9554,18.336,15.988,28.9,42.744,32.031,22.452,15.761,8.4708,26.122,18.574,46.099
4.26,18.41,8.5067,18.239,25.354,16.744,41.315,8.6637,32.874,20.656,33.435,12.966,12.952,6.0765,31.105,15.389,23.963,50.461,9.4955,8.212,16.836,83.926,18.852,26.193,36.564,5.8393,8.0628,7.6943,8.9929,18.345,16.054,28.744,42.661,31.968,22.576,15.653,8.5791,26.176,18.662,46.437
4.27,18.408,8.4893,18.281,25.322,16.793,41.204,8.6826,32.847,20.729,33.342,12.937,12.991,6.0766,31.144,15.395,24.015,50.578,9.4855,8.1694,16.999,84.447,18.927,26.291,36.837,5.8231,8.08,7.7416,9.0289,18.353,16.116,28.591,42.558,31.891,22.779,15.545,8.6851,26.229,18.737,46.773
4.28,18.406,8.4722,18.322,25.29,16.843,41.089,8.7014,32.818,20.799,33.248,12.907,13.015,6.0764,31.179,15.401,24.062,50.693,9.4748,8.1263,17.162,84.962,18.993,26.388,37.102,5.806,8.0955,7.7868,9.0637,18.361,16.173,28.441,42.434,31.799,22.979,15.437,8.7889,26.282,18.8,47.107
4.29,18.403,8.4552,18.362,25.258,16.892,40.973,8.7201,32.79,20.866,33.155,12.878,13.024,6.0757,31.211,15.406,24.106,50.805,9.464,8.0828,17.323,85.472,19.051,26.482,37.358,5.7882,8.1093,7.8298,9.0975,18.37,16.228,28.294,42.288,31.691,23.175,15.328,8.8906,26.334,18.85,47.439
4.3,18.4,8.4385,18.402,25.226,16.943,40.853,8.7388,32.76,20.93,33.06,12.848,13.017,6.0747,31.239,15.412,24.147,50.915,9.4526,8.0388,17.483,85.976,19.099,26.575,37.605,5.7696,8.1216,7.8707,9.1299,18.378,16.279,28.15,42.119,31.568,23.366,15.219,8.9901,26.385,18.888,47.769
4.31,18.397,8.422,18.441,25.194,16.994,40.732,8.7573,32.73,20.994,32.965,12.817,12.994,6.0732,31.262,15.417,24.185,51.022,9.4409,7.9944,17.642,86.473,19.14,26.667,37.843,5.7503,8.132,7.9097,9.1614,18.386,16.327,28.009,41.925,31.43,23.554,15.11,9.0873,26.435,18.914,48.098
4.32,18.394,8.4242,18.481,25.162,17.045,40.607,8.7758,32.7,21.056,32.869,12.788,12.985,6.0714,31.282,15.422,24.219,51.127,9.4288,7.9495,17.8,86.964,19.171,26.757,38.071,5.7304,8.1412,7.9467,9.2022,18.394,16.371,27.871,41.708,31.275,23.739,15.002,9.1822,26.485,18.927,48.425
4.33,18.391,8.4263,18.519,25.13,17.097,40.481,8.7941,32.669,21.116,32.773,12.759,13.002,6.0692,31.298,15.427,24.251,51.23,9.4163,7.9042,17.957,87.448,19.193,26.847,38.289,5.7098,8.1486,7.9818,9.2467,18.402,16.413,27.736,41.466,31.103,23.92,14.894,9.275,26.534,18.929,48.751
4.34,18.387,8.4281,18.557,25.098,17.15,40.351,8.8124,32.637,21.172,32.677,12.73,13.005,6.0666,31.311,15.431,24.279,51.332,9.4036,7.8585,18.113,87.925,19.206,26.936,38.497,5.6886,8.1545,8.0151,9.2893,18.41,16.451,27.604,41.199,30.916,24.098,14.788,9.3656,26.582,18.918,49.076
4.35,18.383,8.4298,18.595,25.065,17.202,40.22,8.8305,32.605,21.229,32.58,12.7,12.994,6.064,31.321,15.435,24.304,51.431,9.3905,7.8125,18.269,88.395,19.21,27.025,38.696,5.6669,8.159,8.0468,9.33,18.418,16.486,27.475,40.909,30.71,24.272,14.682,9.454,26.629,18.894,49.401
4.36,18.379,8.4312,18.633,25.033,17.255,40.085,8.8484,32.572,21.283,32.482,12.671,12.97,6.061,31.327,15.439,24.326,51.53,9.3773,7.7661,18.423,88.859,19.205,27.12,38.886,5.6446,8.1618,8.0769,9.3703,18.425,16.52,27.349,40.595,30.487,24.444,14.578,9.5402,26.676,18.859,49.726
4.37,18.375,8.4325,18.669,25,17.309,39.948,8.8662,32.539,21.335,32.384,12.641,12.934,6.0575,31.329,15.442,24.345,51.629,9.3637,7.7194,18.576,89.315,19.191,27.233,39.067,5.6218,8.1633,8.1056,9.4138,18.433,16.55,27.226,40.258,30.247,24.613,14.475,9.6244,26.722,18.812,50.05
4.38,18.37,8.4337,18.706,24.967,17.363,39.809,8.8839,32.505,21.384,32.286,12.611,12.886,6.0537,31.33,15.445,24.36,51.729,9.35,7.6724,18.729,89.765,19.168,27.348,39.238,5.5986,8.1633,8.1329,9.4686,18.44,16.579,27.106,39.899,29.99,24.779,14.375,9.7067,26.767,18.753,50.372
4.39,18.366,8.4346,18.742,24.934,17.417,39.667,8.9015,32.471,21.432,32.187,12.58,12.875,6.0495,31.327,15.448,24.374,51.832,9.3361,7.6252,18.881,90.208,19.137,27.463,39.398,5.5751,8.1617,8.1589,9.5216,18.448,16.605,26.99,39.553,29.715,24.942,14.276,9.7873,26.811,18.683,50.693
4.4,18.361,8.4354,18.777,24.901,17.472,39.523,8.9188,32.436,21.479,32.088,12.55,12.874,6.0448,31.322,15.451,24.383,51.94,9.322,7.5778,19.032,90.644,19.097,27.577,39.549,5.5512,8.159,8.1839,9.5731,18.456,16.63,26.877,39.261,29.424,25.102,14.181,9.8666,26.855,18.602,51.014
4.41,18.356,8.4359,18.812,24.868,17.527,39.378,8.936,32.401,21.524,31.988,12.519,12.864,6.0398,31.314,15.453,24.39,52.051,9.3079,7.5302,19.183,91.073,19.131,27.69,39.689,5.5272,8.1547,8.2078,9.6239,18.463,16.653,26.766,38.951,29.117,25.26,14.088,9.9458,26.898,18.509,51.334
4.42,18.35,8.4364,18.847,24.835,17.582,39.229,8.9531,32.365,21.566,31.888,12.488,12.846,6.0343,31.303,15.456,24.394,52.168,9.2936,7.4824,19.333,91.496,19.302,27.801,39.818,5.5031,8.1492,8.2307,9.6729,18.47,16.676,26.667,38.623,28.793,25.415,13.998,10.026,26.941,18.405,51.652
4.43,18.345,8.4366,18.881,24.801,17.638,39.079,8.9699,32.329,21.607,31.788,12.456,12.82,6.0283,31.29,15.458,24.395,52.289,9.2794,7.4346,19.483,91.911,19.47,27.91,39.937,5.4788,8.1424,8.2529,9.7199,18.478,16.714,26.636,38.277,28.455,25.568,13.911,10.105,26.983,18.289,51.968
4.44,18.339,8.4367,18.914,24.767,17.693,38.927,8.9866,32.293,21.645,31.687,12.426,12.789,6.022,31.275,15.459,24.393,52.412,9.2651,7.3867,19.632,92.32,19.637,28.018,40.046,5.4544,8.134,8.2743,9.7659,18.485,16.769,26.604,37.915,28.103,25.718,13.828,10.184,27.024,18.161,52.282
4.45,18.333,8.4365,18.947,24.733,17.749,38.772,9.0031,32.256,21.683,31.586,12.396,12.753,6.0153,31.257,15.461,24.389,52.537,9.2508,7.3388,19.781,92.722,19.801,28.124,40.145,5.43,8.1248,8.2952,9.8109,18.492,16.825,26.572,37.539,27.738,25.866,13.748,10.261,27.065,18.022,52.593
4.46,18.327,8.4363,18.98,24.699,17.805,38.615,9.0194,32.218,21.719,31.484,12.366,12.713,6.0081,31.236,15.462,24.381,52.664,9.2367,7.2909,19.93,93.117,19.962,28.227,40.235,5.4055,8.1141,8.3157,9.8541,18.499,16.88,26.539,37.159,27.362,26.012,13.732,10.338,27.106,17.871,52.902
4.47,18.321,8.4358,19.012,24.665,17.862,38.458,9.0355,32.18,21.752,31.383,12.335,12.669,6.0009,31.213,15.462,24.371,52.791,9.2227,7.2665,20.078,93.505,20.121,28.329,40.369,5.381,8.1023,8.3359,9.8954,18.506,16.935,26.505,37.123,26.974,26.156,13.763,10.413,27.145,17.709,53.209
4.48,18.315,8.4352,19.044,24.63,17.918,38.297,9.0514,32.142,21.784,31.281,12.305,12.623,5.9934,31.188,15.463,24.358,52.918,9.2088,7.2579,20.226,93.886,20.275,28.429,40.504,5.3566,8.0893,8.3559,9.9348,18.512,16.988,26.471,37.066,26.576,26.298,13.795,10.487,27.184,17.536,53.514
4.49,18.308,8.4344,19.075,24.596,17.975,38.135,9.0671,32.104,21.813,31.179,12.274,12.576,5.9854,31.161,15.464,24.342,53.045,9.1953,7.2485,20.375,94.26,20.427,28.526,40.633,5.3323,8.0752,8.3758,9.974,18.519,17.041,26.436,36.988,26.168,26.437,13.827,10.56,27.223,17.712,53.818
4.5,18.302,8.4336,19.106,24.561,18.032,37.972,9.0826,32.064,21.841,31.076,12.243,12.528,5.977,31.131,15.464,24.324,53.171,9.1821,7.2383,20.522,94.627,20.574,28.622,40.754,5.3163,8.06,8.3959,10.011,18.526,17.093,26.401,36.89,25.752,26.575,13.859,10.632,27.26,17.92,54.12
4.51,18.295,8.4327,19.136,24.525,18.088,37.807,9.0979,32.025,21.868,30.973,12.212,12.479,5.9682,31.099,15.464,24.303,53.296,9.1693,7.2271,20.67,94.986,20.716,28.715,40.868,5.3059,8.0439,8.4162,10.047,18.532,17.143,26.366,36.773,25.328,26.711,13.892,10.762,27.298,18.115,54.42
4.52,18.288,8.4316,19.166,24.49,18.146,37.639,9.1129,31.986,21.894,30.87,12.181,12.43,5.9589,31.065,15.464,24.28,53.419,9.1569,7.215,20.818,95.338,20.855,28.807,40.974,5.2952,8.0269,8.4369,10.081,18.539,17.192,26.331,36.639,24.896,26.845,13.926,10.916,27.335,18.298,54.718
4.53,18.28,8.4304,19.195,24.454,18.202,37.471,9.1278,31.945,21.917,30.767,12.149,12.381,5.9493,31.029,15.463,24.255,53.542,9.145,7.2019,20.966,95.682,20.988,28.896,41.073,5.2841,8.0092,8.4581,10.113,18.545,17.239,26.295,36.489,24.458,26.977,13.96,11.07,27.371,18.469,55.014
4.54,18.273,8.429,19.224,24.419,18.26,37.302,9.1424,31.905,21.938,30.664,12.118,12.331,5.9392,30.992,15.462,24.226,53.662,9.1336,7.1878,21.114,96.018,21.117,28.983,41.164,5.2725,7.9911,8.4799,10.145,18.551,17.285,26.259,36.324,24.014,27.107,13.994,11.223,27.406,18.626,55.307
4.55,18.266,8.4274,19.252,24.382,18.317,37.13,9.1568,31.864,21.957,30.561,12.086,12.281,5.9287,30.953,15.461,24.196,53.781,9.1226,7.1728,21.262,96.346,21.241,29.068,41.247,5.2604,7.9733,8.5026,10.175,18.557,17.329,26.222,36.145,23.566,27.237,14.029,11.375,27.441,18.771,55.599
4.56,18.258,8.4257,19.28,24.346,18.374,36.957,9.1709,31.823,21.974,30.457,12.054,12.231,5.9178,30.912,15.46,24.163,53.898,9.112,7.1572,21.41,96.666,21.36,29.211,41.321,5.2478,8.01,8.5262,10.203,18.563,17.371,26.185,36.343,23.113,27.364,14.064,11.526,27.476,18.903,55.89
4.57,18.25,8.4239,19.307,24.31,18.431,36.784,9.1849,31.782,21.99,30.353,12.022,12.179,5.9065,30.869,15.458,24.128,54.013,9.1018,7.1406,21.558,96.979,21.474,29.546,41.388,5.2347,8.0917,8.551,10.23,18.569,17.413,26.147,36.543,22.656,27.49,14.1,11.677,27.51,19.021,56.179
4.58,18.242,8.4218,19.335,24.273,18.488,36.608,9.1986,31.74,22.006,30.249,11.99,12.127,5.8948,30.825,15.457,24.091,54.127,9.0919,7.1595,21.707,97.284,21.582,29.882,41.446,5.221,8.1694,8.577,10.256,18.575,17.479,26.109,36.73,22.355,27.615,14.136,11.828,27.543,19.125,56.465
4.59,18.234,8.4197,19.361,24.236,18.546,36.431,9.212,31.698,22.019,30.145,11.959,12.073,5.8831,30.78,15.455,24.051,54.238,9.0825,7.1943,21.856,97.579,21.685,30.217,41.497,5.2067,8.2428,8.6044,10.28,18.581,17.56,26.07,36.902,22.252,27.739,14.172,11.978,27.576,19.216,56.748
4.6,18.226,8.4174,19.387,24.199,18.603,36.254,9.2252,31.656,22.031,30.041,11.928,12.017,5.871,30.734,15.453,24.009,54.347,9.0734,7.2298,22.005,97.867,21.782,30.552,41.538,5.192,8.3121,8.6334,10.303,18.586,17.648,26.03,37.06,22.138,27.862,14.209,12.129,27.609,19.292,57.029
4.61,18.217,8.4149,19.412,24.161,18.66,36.075,9.2384,31.614,22.04,29.936,11.897,11.959,5.8585,30.688,15.45,23.966,54.454,9.0647,7.2657,22.154,98.147,21.874,30.887,41.572,5.1768,8.3772,8.6639,10.325,18.592,17.74,25.991,37.203,22.015,27.983,14.247,12.28,27.64,19.355,57.307
4.62,18.209,8.4123,19.438,24.123,18.717,35.894,9.2515,31.571,22.048,29.831,11.866,11.897,5.8456,30.642,15.448,23.919,54.56,9.0562,7.3022,22.304,98.417,21.961,31.221,41.598,5.1609,8.4381,8.6964,10.345,18.597,17.832,25.952,37.332,21.883,28.104,14.284,12.431,27.672,19.404,57.582
4.63,18.2,8.4095,19.462,24.085,18.774,35.713,9.2643,31.528,22.054,29.727,11.834,11.833,5.8323,30.595,15.445,23.871,54.662,9.0482,7.3392,22.454,98.679,22.041,31.553,41.616,5.1446,8.4949,8.7308,10.365,18.603,17.922,25.912,37.445,21.744,28.223,14.322,12.583,27.702,19.456,57.853
4.64,18.192,8.4066,19.486,24.047,18.83,35.531,9.2769,31.485,22.058,29.623,11.803,11.765,5.8186,30.548,15.441,23.821,54.763,9.0405,7.3766,22.605,98.932,22.115,31.884,41.626,5.1278,8.5476,8.7672,10.383,18.608,18.01,25.872,37.543,21.601,28.343,14.361,12.735,27.732,19.6,58.122
4.65,18.183,8.4035,19.51,24.009,18.887,35.348,9.2893,31.442,22.062,29.518,11.771,11.693,5.8045,30.5,15.438,23.768,54.86,9.033,7.4144,22.756,99.175,22.185,32.213,41.629,5.1105,8.5963,8.8059,10.4,18.614,18.095,25.831,37.626,21.455,28.461,14.399,12.888,27.761,19.742,58.388
4.66,18.174,8.4003,19.533,23.97,18.944,35.163,9.3014,31.398,22.065,29.413,11.739,11.617,5.79,30.453,15.434,23.714,54.956,9.026,7.4525,22.908,99.409,22.249,32.54,41.623,5.0927,8.6409,8.8468,10.416,18.619,18.178,25.79,37.692,21.314,28.579,14.438,13.041,27.79,19.883,58.651
4.67,18.165,8.397,19.557,23.931,19,34.978,9.3132,31.354,22.066,29.308,11.708,11.537,5.7751,30.407,15.43,23.657,55.049,9.0192,7.491,23.06,99.633,22.306,32.865,41.61,5.0744,8.6817,8.89,10.439,18.624,18.258,25.749,37.743,21.18,28.697,14.478,13.193,27.818,20.023,58.912
4.68,18.156,8.3935,19.579,23.892,19.057,34.793,9.3248,31.311,22.065,29.203,11.676,11.451,5.7598,30.363,15.426,23.6,55.139,9.013,7.5297,23.212,99.847,22.358,33.188,41.59,5.0556,8.7188,8.9359,10.465,18.629,18.336,25.707,37.777,21.042,28.815,14.517,13.346,27.845,20.162,59.17
4.69,18.146,8.3898,19.602,23.853,19.113,34.606,9.3361,31.266,22.063,29.098,11.644,11.361,5.7442,30.322,15.422,23.54,55.227,9.0069,7.5686,23.365,100.05,22.404,33.507,41.562,5.0365,8.7523,8.9843,10.49,18.635,18.411,25.664,37.796,20.896,28.932,14.557,13.5,27.872,20.299,59.426
4.7,18.137,8.3861,19.624,23.813,19.169,34.418,9.3472,31.222,22.058,28.993,11.612,11.266,5.7282,30.287,15.418,23.479,55.312,9.0013,7.6078,23.519,100.24,22.446,33.825,41.527,5.0169,8.7821,9.0352,10.514,18.64,18.483,25.621,37.799,20.741,29.048,14.597,13.652,27.898,20.435,59.68
4.71,18.128,8.3822,19.646,23.773,19.224,34.23,9.358,31.178,22.053,28.889,11.58,11.213,5.7118,30.257,15.413,23.416,55.395,8.996,7.6472,23.673,100.43,22.481,34.139,41.484,4.9969,8.8086,9.089,10.537,18.645,18.553,25.578,37.786,20.578,29.164,14.637,13.805,27.923,20.57,59.933
4.72,18.118,8.3783,19.668,23.733,19.28,34.113,9.3686,31.133,22.045,28.783,11.548,11.179,5.6954,30.23,15.408,23.352,55.476,8.9912,7.6867,23.827,100.6,22.511,34.452,41.435,4.9764,8.8318,9.1455,10.558,18.649,18.619,25.534,37.757,20.406,29.279,14.678,13.958,27.948,20.704,60.184
4.73,18.109,8.3743,19.691,23.693,19.335,34.013,9.3789,31.088,22.036,28.678,11.516,11.14,5.6787,30.206,15.403,23.285,55.554,8.9867,7.7263,23.983,100.76,22.535,34.761,41.379,4.9556,8.852,9.2048,10.578,18.654,18.682,25.49,37.711,20.225,29.393,14.719,14.11,27.972,20.836,60.433
4.74,18.099,8.3702,19.713,23.652,19.39,33.911,9.3889,31.044,22.027,28.573,11.485,11.098,5.6616,30.183,15.397,23.218,55.631,8.9826,7.7659,24.139,100.91,22.554,35.067,41.317,4.9343,8.8691,9.2669,10.597,18.659,18.742,25.446,37.782,20.034,29.507,14.76,14.262,27.995,20.967,60.681
4.75,18.09,8.3659,19.736,23.611,19.444,33.807,9.3987,30.999,22.017,28.469,11.454,11.05,5.6441,30.161,15.392,23.149,55.705,8.9789,7.8056,24.295,101.05,22.568,35.371,41.248,4.9128,8.8832,9.3319,10.614,18.664,18.798,25.403,38.033,19.835,29.619,14.801,14.413,28.122,21.097,60.927
4.76,18.081,8.3615,19.758,23.57,19.499,33.702,9.4082,30.954,22.006,28.364,11.423,10.998,5.6262,30.139,15.385,23.08,55.777,8.9755,7.8452,24.452,101.17,22.576,35.672,41.171,4.8908,8.8944,9.3997,10.631,18.668,18.851,25.358,38.271,19.777,29.731,14.842,14.564,28.338,21.226,61.171
4.77,18.071,8.3569,19.781,23.529,19.553,33.595,9.4175,30.908,21.992,28.259,11.391,10.942,5.6081,30.118,15.379,23.009,55.848,8.9726,7.8849,24.61,101.29,22.579,35.97,41.09,4.8685,8.9025,9.4702,10.646,18.673,18.9,25.313,38.496,19.84,29.841,14.884,14.714,28.55,21.353,61.413
4.78,18.062,8.3523,19.804,23.487,19.607,33.487,9.4265,30.863,21.978,28.154,11.36,10.881,5.5895,30.098,15.373,22.937,55.916,8.9701,7.9245,24.769,101.39,22.577,36.265,41.001,4.8458,8.9073,9.5437,10.659,18.677,18.946,25.268,38.706,19.899,29.95,14.926,14.864,28.758,21.478,61.652
4.79,18.053,8.3475,19.826,23.446,19.66,33.378,9.4352,30.818,21.961,28.049,11.328,10.815,5.5706,30.079,15.367,22.864,55.983,8.9679,7.964,24.928,101.48,22.571,36.557,40.907,4.8229,8.9089,9.6199,10.671,18.681,18.987,25.222,38.902,19.954,30.058,14.967,15.014,28.962,21.603,61.888
4.8,18.044,8.3425,19.849,23.404,19.713,33.267,9.4437,30.772,21.944,27.945,11.297,10.744,5.5514,30.06,15.36,22.79,56.048,8.9663,8.0034,25.087,101.55,22.56,36.845,40.806,4.7996,8.9071,9.6988,10.682,18.685,19.025,25.176,39.085,20.006,30.165,15.015,15.163,29.162,21.726,62.121
4.81,18.035,8.3375,19.872,23.361,19.766,33.154,9.4519,30.727,21.925,27.84,11.265,10.67,5.5318,30.041,15.354,22.715,56.112,8.9649,8.0427,25.248,101.62,22.544,37.129,40.7,4.7761,8.902,9.7804,10.692,18.69,19.058,25.13,39.254,20.054,30.271,15.072,15.312,29.357,21.847,62.352
4.82,18.026,8.3323,19.896,23.319,19.818,33.041,9.4599,30.681,21.904,27.736,11.234,10.59,5.5119,30.021,15.347,22.639,56.174,8.9641,8.0819,25.409,101.67,22.523,37.409,40.589,4.7522,8.8935,9.8645,10.701,18.694,19.086,25.083,39.409,20.098,30.376,15.13,15.46,29.548,21.967,62.579
4.83,18.017,8.327,19.919,23.276,19.87,32.926,9.4676,30.636,21.882,27.631,11.203,10.506,5.4917,30,15.339,22.563,56.233,8.9636,8.1209,25.571,101.71,22.498,37.684,40.472,4.7281,8.8815,9.9511,10.709,18.698,19.111,25.036,39.55,20.138,30.48,15.218,15.608,29.734,22.086,62.804
4.84,18.009,8.3216,19.942,23.233,19.921,32.809,9.475,30.59,21.86,27.527,11.172,10.418,5.4712,29.978,15.332,22.486,56.292,8.9635,8.1597,25.734,101.74,22.468,37.956,40.35,4.7038,8.8661,10.04,10.715,18.702,19.13,24.989,39.677,20.174,30.583,15.389,15.756,29.916,22.203,63.027
4.85,18.001,8.3161,19.966,23.19,19.973,32.692,9.4822,30.544,21.838,27.423,11.141,10.325,5.4503,29.954,15.324,22.407,56.349,8.9639,8.1984,25.897,101.76,22.434,38.223,40.224,4.6791,8.8473,10.131,10.719,18.706,19.146,24.941,39.79,20.206,30.684,15.565,15.903,30.093,22.318,63.247
4.86,17.993,8.3193,19.989,23.147,20.023,32.573,9.4891,30.498,21.814,27.318,11.111,10.228,5.4291,29.929,15.316,22.329,56.404,8.9646,8.2368,26.061,101.76,22.396,38.486,40.093,4.6544,8.825,10.225,10.723,18.709,19.157,24.893,39.892,20.234,30.785,15.746,16.073,30.266,22.432,63.465
4.87,17.985,8.3359,20.012,23.104,20.073,32.453,9.4958,30.452,21.788,27.214,11.08,10.127,5.4076,29.903,15.308,22.249,56.458,8.9658,8.275,26.226,101.76,22.354,38.743,39.958,4.6293,8.7993,10.32,10.726,18.713,19.164,24.888,39.98,20.257,30.884,15.933,16.289,30.434,22.544,63.682
4.88,17.977,8.3533,20.035,23.06,20.123,32.332,9.5022,30.407,21.762,27.11,11.049,10.021,5.3861,29.875,15.299,22.168,56.51,8.9674,8.3129,26.392,101.74,22.307,38.996,39.819,4.6041,8.7705,10.418,10.727,18.717,19.166,24.912,40.055,20.276,30.981,16.125,16.504,30.598,22.654,63.898
4.89,17.97,8.3713,20.057,23.016,20.173,32.209,9.5084,30.361,21.734,27.007,11.019,9.9113,5.3643,29.846,15.291,22.088,56.56,8.9694,8.3505,26.558,101.72,22.258,39.244,39.676,4.5787,8.7382,10.517,10.727,18.72,19.165,24.936,40.118,20.29,31.077,16.321,16.72,30.758,22.763,64.113
4.9,17.962,8.3899,20.08,22.972,20.222,32.086,9.5143,30.315,21.704,26.903,10.989,9.7981,5.3781,29.817,15.282,22.005,56.609,8.9718,8.3879,26.724,101.69,22.204,39.487,39.529,4.553,8.7028,10.618,10.73,18.724,19.159,24.96,40.168,20.3,31.172,16.523,16.935,30.912,22.87,64.326
4.91,17.955,8.4092,20.104,22.928,20.27,31.962,9.52,30.27,21.674,26.8,10.959,9.6813,5.3927,29.786,15.274,21.923,56.656,8.9746,8.4249,26.892,101.64,22.147,39.725,39.378,4.5272,8.6643,10.72,10.736,18.728,19.149,24.983,40.206,20.304,31.265,16.729,17.15,31.062,22.975,64.538
4.92,17.948,8.4291,20.128,22.884,20.318,31.836,9.5254,30.224,21.643,26.696,10.929,9.5612,5.4071,29.756,15.265,21.839,56.702,8.9778,8.4616,27.06,101.59,22.086,39.957,39.224,4.5014,8.6227,10.824,10.742,18.731,19.135,25.006,40.233,20.304,31.355,16.94,17.364,31.208,23.078,64.749
4.93,17.942,8.4497,20.153,22.839,20.366,31.709,9.5305,30.178,21.61,26.593,10.899,9.4764,5.4213,29.725,15.256,21.755,56.745,8.9814,8.498,27.229,101.53,22.022,40.185,39.065,4.4753,8.5781,10.928,10.746,18.734,19.118,25.029,40.247,20.299,31.444,17.154,17.579,31.35,23.179,64.958
4.94,17.936,8.4708,20.181,22.795,20.413,31.582,9.5354,30.133,21.576,26.49,10.869,9.3885,5.4354,29.694,15.246,21.669,56.787,8.9854,8.534,27.398,101.47,21.955,40.408,38.903,4.4493,8.5305,11.034,10.757,18.738,19.096,25.051,40.25,20.363,31.531,17.373,17.794,31.487,23.279,65.165
4.95,17.929,8.4926,20.214,22.75,20.46,31.453,9.5401,30.087,21.541,26.387,10.838,9.2966,5.4493,29.662,15.237,21.583,56.827,8.9898,8.5697,27.568,101.4,21.885,40.625,38.738,4.444,8.4801,11.141,10.77,18.741,19.07,25.072,40.242,20.419,31.615,17.595,18.009,31.619,23.377,65.371
4.96,17.924,8.515,20.247,22.705,20.506,31.324,9.5445,30.042,21.507,26.284,10.808,9.2008,5.463,29.63,15.227,21.495,56.865,8.9945,8.6049,27.738,101.32,21.812,40.838,38.569,4.4382,8.4269,11.248,10.782,18.745,19.041,25.093,40.222,20.466,31.73,17.822,18.224,31.747,23.472,65.574
4.97,17.918,8.538,20.28,22.66,20.552,31.194,9.5486,29.997,21.471,26.182,10.779,9.1016,5.4766,29.598,15.217,21.407,56.9,8.9997,8.6398,27.908,101.24,21.736,41.045,38.399,4.4323,8.371,11.355,10.793,18.748,19.008,25.113,40.19,20.504,31.873,18.051,18.44,31.871,23.566,65.775
4.98,17.913,8.5615,20.313,22.614,20.598,31.063,9.5525,29.951,21.435,26.079,10.749,8.9992,5.49,29.565,15.206,21.317,56.934,9.0051,8.6742,28.079,101.15,21.657,41.248,38.226,4.4261,8.3123,11.464,10.803,18.752,18.971,25.133,40.147,20.535,32.014,18.284,18.657,31.991,23.658,65.973
4.99,17.908,8.5857,20.345,22.569,20.643,30.931,9.5566,29.906,21.397,25.977,10.72,9.0124,5.5033,29.531,15.196,21.227,56.965,9.0109,8.7082,28.25,101.05,21.576,41.447,38.051,4.4196,8.2511,11.572,10.813,18.755,18.93,25.152,40.238,20.558,32.155,18.52,18.876,32.105,23.748,66.169
5,17.904,8.6104,20.377,22.523,20.688,30.798,9.5603,29.861,21.358,25.875,10.691,9.0657,5.5163,29.497,15.185,21.136,56.995,9.0171,8.7417,28.422,100.95,21.492,41.641,37.874,4.4129,8.1873,11.68,10.821,18.758,18.887,25.171,40.519,20.574,32.294,18.759,19.095,32.216,23.836,66.361
5.01,17.899,8.6356,20.409,22.478,20.732,30.665,9.5639,29.816,21.319,25.773,10.662,9.1173,5.5292,29.462,15.175,21.043,57.022,9.0235,8.7747,28.593,100.84,21.406,41.83,37.695,4.406,8.1212,11.789,10.829,18.762,18.869,25.19,40.787,20.586,32.432,19.001,19.316,32.321,23.923,66.551
5.02,17.895,8.6614,20.44,22.432,20.776,30.531,9.5672,29.771,21.278,25.672,10.632,9.1674,5.542,29.451,15.164,20.95,57.047,9.0304,8.8073,28.765,100.72,21.318,42.014,37.514,4.3988,8.0526,11.897,10.836,18.765,18.953,25.207,41.039,20.592,32.569,19.245,19.537,32.422,24.007,66.737
5.03,17.891,8.6878,20.471,22.386,20.82,30.396,9.5702,29.726,21.236,25.57,10.603,9.2151,5.5545,29.439,15.153,20.855,57.069,9.0374,8.8393,28.937,100.6,21.228,42.194,37.331,4.3914,7.9817,12.005,10.841,18.768,19.034,25.224,41.275,20.594,32.704,19.492,19.761,32.52,24.089,66.92
5.04,17.888,8.7147,20.502,22.34,20.863,30.26,9.573,29.682,21.193,25.469,10.574,9.2603,5.5669,29.427,15.142,20.759,57.089,9.0448,8.8708,29.108,100.47,21.136,42.368,37.147,4.3838,7.9086,12.113,10.847,18.771,19.114,25.24,41.494,20.594,32.838,19.741,19.985,32.612,24.169,67.1
5.05,17.884,8.7421,20.532,22.294,20.906,30.124,9.5756,29.637,21.15,25.368,10.544,9.303,5.5792,29.416,15.131,20.663,57.107,9.0525,8.9018,29.28,100.33,21.043,42.537,36.96,4.3759,7.8333,12.22,10.852,18.774,19.192,25.255,41.695,20.592,32.97,19.992,20.212,32.701,24.248,67.277
5.06,17.881,8.77,20.562,22.248,20.948,29.987,9.578,29.592,21.105,25.267,10.515,9.3424,5.5912,29.404,15.119,20.566,57.123,9.0603,8.9322,29.451,100.18,20.947,42.7,36.772,4.3678,7.7559,12.327,10.857,18.777,19.269,25.269,41.877,20.589,33.1,20.245,20.44,32.785,24.324,67.451
5.07,17.878,8.7985,20.591,22.201,20.99,29.85,9.5801,29.548,21.06,25.167,10.486,9.3785,5.6031,29.411,15.108,20.467,57.135,9.0685,8.962,29.623,100.03,20.851,42.857,36.582,4.3595,7.6765,12.433,10.86,18.78,19.344,25.284,42.039,20.587,33.228,20.499,20.669,32.865,24.399,67.621
5.08,17.875,8.8274,20.62,22.155,21.032,29.712,9.582,29.503,21.014,25.067,10.456,9.4113,5.6148,29.482,15.096,20.368,57.146,9.0769,8.9912,29.794,99.87,20.753,43.008,36.391,4.351,7.5951,12.538,10.863,18.783,19.418,25.297,42.181,20.586,33.353,20.755,20.901,32.941,24.471,67.787
5.09,17.872,8.8568,20.648,22.108,21.073,29.574,9.5836,29.458,20.969,24.966,10.427,9.4402,5.6263,29.551,15.084,20.268,57.155,9.0854,9.0198,29.965,99.706,20.653,43.154,36.198,4.3423,7.5119,12.642,10.865,18.786,19.49,25.309,42.302,20.589,33.476,21.012,21.134,33.012,24.541,67.951
5.1,17.869,8.8867,20.676,22.061,21.114,29.435,9.5851,29.414,20.922,24.867,10.398,9.4649,5.6376,29.619,15.071,20.167,57.161,9.0943,9.0478,30.135,99.534,20.553,43.293,36.003,4.3334,7.4269,12.744,10.865,18.789,19.56,25.329,42.401,20.595,33.597,21.27,21.369,33.08,24.61,68.11
5.11,17.866,8.917,20.704,22.014,21.155,29.296,9.5863,29.369,20.874,24.767,10.368,9.4855,5.6488,29.685,15.059,20.065,57.164,9.1032,9.0751,30.305,99.356,20.452,43.426,35.806,4.3242,7.3807,12.845,10.865,18.792,19.628,25.35,42.477,20.606,33.715,21.529,21.606,33.143,24.676,68.267
5.12,17.864,8.9478,20.731,21.967,21.195,29.156,9.5873,29.324,20.826,24.668,10.339,9.5019,5.6598,29.751,15.046,19.963,57.166,9.1123,9.1017,30.474,99.173,20.351,43.553,35.608,4.315,7.3684,12.944,10.864,18.795,19.695,25.37,42.529,20.623,33.829,21.789,21.844,33.203,24.741,68.42
5.13,17.861,8.979,20.758,21.92,21.235,29.016,9.5881,29.28,20.777,24.569,10.311,9.5136,5.6706,29.815,15.034,19.859,57.165,9.1216,9.1276,30.643,98.982,20.249,43.675,35.408,4.3055,7.3558,13.042,10.862,18.798,19.761,25.389,42.557,20.648,33.941,22.049,22.084,33.26,24.804,68.571
5.14,17.859,9.0106,20.784,21.873,21.274,28.875,9.5886,29.235,20.727,24.47,10.282,9.5206,5.6812,29.877,15.021,19.755,57.161,9.131,9.1528,30.812,98.787,20.146,43.792,35.206,4.2958,7.3434,13.137,10.858,18.801,19.825,25.407,42.707,20.681,34.049,22.309,22.325,33.312,24.864,68.718
5.15,17.857,9.0427,20.81,21.825,21.313,28.734,9.589,29.191,20.676,24.371,10.253,9.5226,5.6917,29.939,15.009,19.65,57.156,9.1405,9.1774,30.979,98.586,20.043,43.904,35.003,4.286,7.3314,13.231,10.854,18.804,19.887,25.424,42.923,20.723,34.153,22.57,22.568,33.361,24.923,68.863
5.16,17.854,9.0751,20.836,21.778,21.352,28.593,9.5891,29.146,20.625,24.273,10.225,9.5198,5.7019,29.998,14.996,19.545,57.148,9.1501,9.2013,31.146,98.379,19.94,44.013,34.799,4.276,7.3195,13.322,10.85,18.807,19.948,25.442,43.152,20.775,34.255,22.83,22.813,33.407,24.98,69.006
5.17,17.852,9.108,20.861,21.73,21.39,28.452,9.589,29.101,20.573,24.177,10.197,9.512,5.712,30.057,14.983,19.439,57.138,9.1598,9.2244,31.312,98.167,19.836,44.117,34.592,4.2658,7.3074,13.411,10.844,18.81,20.007,25.458,43.362,20.839,34.352,23.091,23.06,33.449,25.035,69.146
5.18,17.85,9.1413,20.886,21.682,21.428,28.31,9.5887,29.056,20.52,24.178,10.168,9.499,5.7219,30.113,14.969,19.331,57.126,9.1695,9.2467,31.478,97.949,19.733,44.218,34.385,4.2555,7.295,13.498,10.837,18.812,20.065,25.473,43.552,20.913,34.446,23.351,23.308,33.488,25.088,69.285
5.19,17.848,9.1749,20.91,21.634,21.466,28.168,9.5882,29.012,20.466,24.178,10.14,9.4807,5.7317,30.169,14.956,19.224,57.112,9.1794,9.2682,31.642,97.726,19.63,44.315,34.175,4.245,7.2823,13.583,10.83,18.815,20.122,25.5,43.723,21,34.535,23.61,23.557,33.525,25.139,69.422
5.2,17.846,9.2089,20.934,21.586,21.503,28.026,9.5875,28.967,20.412,24.178,10.111,9.4571,5.7412,30.223,14.942,19.116,57.096,9.1892,9.2889,31.806,97.497,19.528,44.409,33.964,4.2344,7.2693,13.665,10.821,18.818,20.177,25.547,43.873,21.099,34.621,23.868,23.808,33.558,25.188,69.558
5.21,17.844,9.2433,20.957,21.538,21.54,27.884,9.5866,28.922,20.358,24.178,10.083,9.428,5.7506,30.275,14.928,19.008,57.078,9.199,9.3087,31.969,97.262,19.426,44.499,33.752,4.2236,7.2559,13.745,10.812,18.821,20.231,25.594,44.001,21.212,34.703,24.126,24.061,33.588,25.235,69.692
5.22,17.842,9.278,20.98,21.49,21.577,27.741,9.5855,28.877,20.303,24.179,10.054,9.3937,5.7597,30.327,14.914,18.898,57.057,9.209,9.3276,32.131,97.023,19.324,44.583,33.537,4.2126,7.242,13.823,10.803,18.824,20.282,25.643,44.107,21.337,34.781,24.383,24.315,33.616,25.281,69.825
5.23,17.84,9.313,21.003,21.441,21.613,27.598,9.5842,28.833,20.248,24.178,10.026,9.3542,5.7687,30.377,14.9,18.848,57.035,9.2188,9.3456,32.291,96.777,19.224,44.663,33.321,4.2016,7.2279,13.899,10.792,18.826,20.334,25.692,44.191,21.476,34.854,24.638,24.57,33.641,25.324,69.958
5.24,17.838,9.3483,21.025,21.392,21.649,27.456,9.5826,28.788,20.193,24.178,9.9978,9.3094,5.7776,30.425,14.886,18.819,57.011,9.2285,9.3627,32.451,96.528,19.124,44.736,33.104,4.1905,7.2133,13.974,10.784,18.829,20.383,25.742,44.252,21.628,34.924,24.893,24.826,33.663,25.366,70.088
5.25,17.836,9.3839,21.046,21.344,21.685,27.313,9.5809,28.743,20.136,24.178,9.9696,9.2595,5.7862,30.473,14.871,18.79,56.985,9.2383,9.3789,32.61,96.272,19.025,44.912,32.884,4.1792,7.1983,14.046,10.777,18.832,20.431,25.793,44.291,21.793,34.989,25.146,25.083,33.806,25.405,70.218
5.26,17.833,9.4199,21.068,21.295,21.72,27.171,9.5791,28.698,20.079,24.177,9.9413,9.2043,5.7947,30.519,14.857,18.76,56.957,9.248,9.3941,32.767,96.012,18.927,45.208,32.663,4.1677,7.183,14.116,10.77,18.835,20.478,25.844,44.307,21.97,35.049,25.398,25.339,34.05,25.443,70.347
5.27,17.831,9.4561,21.088,21.246,21.755,27.027,9.577,28.653,20.022,24.176,9.9132,9.144,5.8029,30.563,14.843,18.731,56.928,9.2575,9.4084,32.923,95.747,18.831,45.5,32.441,4.1561,7.1672,14.183,10.761,18.837,20.523,25.896,44.301,22.16,35.105,25.649,25.596,34.292,25.479,70.476
5.28,17.829,9.4926,21.109,21.197,21.789,26.884,9.5747,28.607,19.964,24.174,9.885,9.0788,5.811,30.607,14.828,18.701,56.896,9.2671,9.4216,33.079,95.476,18.736,45.788,32.217,4.1445,7.1512,14.248,10.752,18.84,20.567,25.949,44.271,22.362,35.157,25.898,25.853,34.531,25.514,70.604
5.29,17.827,9.5294,21.128,21.148,21.823,26.742,9.5723,28.562,19.905,24.173,9.8569,9.0088,5.8189,30.648,14.814,18.672,56.863,9.2765,9.4338,33.233,95.202,18.642,46.071,31.992,4.1328,7.1347,14.31,10.742,18.843,20.61,26.002,44.218,22.575,35.204,26.146,26.11,34.767,25.546,70.733
5.3,17.824,9.5664,21.148,21.098,21.856,26.599,9.5696,28.517,19.846,24.171,9.8289,8.9341,5.8267,30.688,14.799,18.642,56.827,9.3237,9.4451,33.385,94.923,18.55,46.35,31.764,4.1209,7.1179,14.368,10.732,18.845,20.652,26.056,44.142,22.799,35.247,26.392,26.366,35,25.577,70.86
5.31,17.822,9.6037,21.167,21.049,21.889,26.456,9.5668,28.472,19.786,24.169,9.8008,8.8549,5.8342,30.727,14.784,18.612,56.791,9.3679,9.4553,33.537,94.639,18.459,46.624,31.536,4.1088,7.1008,14.424,10.721,18.848,20.692,26.11,44.044,23.032,35.284,26.638,26.622,35.231,25.605,70.986
5.32,17.819,9.6412,21.185,20.999,21.922,26.313,9.5638,28.427,19.726,24.168,9.7729,8.7713,5.8416,30.765,14.769,18.582,56.752,9.408,9.4644,33.687,94.351,18.371,46.894,31.306,4.0968,7.0833,14.476,10.711,18.851,20.758,26.165,43.924,23.274,35.318,26.881,26.877,35.458,25.633,71.111
5.33,17.816,9.679,21.203,20.949,21.954,26.17,9.5606,28.381,19.665,24.166,9.745,8.6834,5.8488,30.8,14.753,18.551,56.712,9.4442,9.4727,33.836,94.059,18.284,47.16,31.074,4.0847,7.0655,14.525,10.701,18.854,20.86,26.221,43.782,23.525,35.346,27.123,27.131,35.683,25.658,71.234
5.34,17.814,9.717,21.221,20.9,21.985,26.028,9.5573,28.336,19.605,24.163,9.7171,8.5915,5.8558,30.836,14.738,18.521,56.671,9.4764,9.48,33.984,93.764,18.198,47.421,30.842,4.0724,7.0474,14.571,10.698,18.856,20.954,26.277,43.619,23.782,35.37,27.363,27.385,35.904,25.681,71.355
5.35,17.811,9.7552,21.238,20.85,22.016,25.885,9.5538,28.29,19.544,24.161,9.6893,8.4958,5.8626,30.869,14.722,18.49,56.627,9.5045,9.4862,34.131,93.465,18.115,47.677,30.608,4.0601,7.029,14.613,10.7,18.859,21.04,26.333,43.579,24.045,35.389,27.601,27.638,36.122,25.703,71.474
5.36,17.808,9.7935,21.255,20.8,22.047,25.743,9.5501,28.245,19.501,24.158,9.6615,8.3964,5.8693,30.9,14.706,18.459,56.582,9.5282,9.4914,34.276,93.162,18.034,47.929,30.373,4.0477,7.0102,14.653,10.701,18.862,21.118,26.391,43.541,24.313,35.403,27.837,27.891,36.337,25.723,71.592
5.37,17.805,9.832,21.271,20.749,22.077,25.66,9.5462,28.199,19.458,24.155,9.6338,8.2935,5.8757,30.931,14.691,18.428,56.535,9.5471,9.4955,34.42,92.856,17.955,48.176,30.137,4.0351,6.9913,14.689,10.702,18.865,21.188,26.448,43.489,24.586,35.412,28.072,28.143,36.549,25.742,71.708
5.38,17.802,9.8708,21.287,20.699,22.106,25.642,9.5422,28.153,19.416,24.152,9.6062,8.1872,5.882,30.961,14.675,18.397,56.487,9.5612,9.4985,34.563,92.547,17.878,48.419,30.028,4.0226,6.972,14.722,10.701,18.868,21.25,26.506,43.424,24.861,35.417,28.304,28.395,36.757,25.758,71.824
5.39,17.799,9.9097,21.302,20.649,22.135,25.622,9.5381,28.108,19.374,24.149,9.5786,8.0936,5.8881,30.988,14.659,18.366,56.438,9.5703,9.5003,34.705,92.235,17.803,48.656,30.021,4.0269,6.9524,14.752,10.699,18.871,21.303,26.565,43.346,25.162,35.417,28.534,28.646,36.962,25.773,71.937
5.4,17.796,9.9488,21.317,20.598,22.163,25.603,9.5337,28.062,19.33,24.145,9.5511,8.1277,5.8941,31.015,14.644,18.334,56.387,9.5745,9.5011,34.845,91.919,17.73,48.889,30.015,4.0568,6.9326,14.779,10.696,18.874,21.347,26.623,43.33,25.478,35.413,28.762,28.897,37.164,25.787,72.095
5.41,17.793,9.9879,21.332,20.548,22.191,25.583,9.5292,28.016,19.286,24.142,9.5236,8.1559,5.8998,31.041,14.627,18.303,56.334,9.5739,9.5008,34.984,91.601,17.66,49.118,30.008,4.0859,6.9126,14.802,10.693,18.877,21.384,26.683,43.391,25.795,35.404,28.987,29.147,37.362,25.798,72.302
5.42,17.79,10.027,21.346,20.497,22.218,25.563,9.5246,27.97,19.241,24.138,9.4962,8.1779,5.9054,31.065,14.611,18.272,56.28,9.5686,9.4993,35.122,91.278,17.592,49.341,30.002,4.1143,6.8923,14.823,10.689,18.88,21.412,26.742,43.439,26.111,35.391,29.21,29.396,37.556,25.808,72.504
5.43,17.786,10.067,21.359,20.446,22.245,25.543,9.5201,27.924,19.196,24.134,9.4689,8.1935,5.9108,31.087,14.595,18.241,56.224,9.5587,9.4967,35.259,90.954,17.526,49.56,29.995,4.142,6.8717,14.84,10.684,18.882,21.431,26.802,43.473,26.425,35.373,29.429,29.644,37.747,25.932,72.704
5.44,17.783,10.106,21.372,20.395,22.271,25.522,9.5154,27.878,19.151,24.13,9.4416,8.2024,5.916,31.109,14.579,18.209,56.167,9.5444,9.493,35.395,90.625,17.463,49.773,29.989,4.1691,6.8511,14.855,10.678,18.885,21.443,26.862,43.492,26.736,35.351,29.646,29.891,37.935,26.169,72.9
5.45,17.779,10.146,21.385,20.344,22.297,25.501,9.5106,27.832,19.106,24.126,9.4146,8.2043,5.9211,31.129,14.562,18.177,56.109,9.5257,9.4882,35.53,90.293,17.402,49.982,29.983,4.1956,6.8302,14.866,10.671,18.888,21.447,26.923,43.5,27.044,35.323,29.86,30.136,38.119,26.396,73.093
5.46,17.776,10.186,21.398,20.293,22.322,25.479,9.5056,27.786,19.06,24.122,9.3879,8.1992,5.9259,31.148,14.545,18.146,56.049,9.5024,9.4823,35.664,89.958,17.343,50.186,29.977,4.2215,6.809,14.874,10.662,18.891,21.444,26.984,43.494,27.347,35.291,30.07,30.381,38.299,26.613,73.282
5.47,17.772,10.226,21.409,20.242,22.346,25.458,9.5004,27.74,19.013,24.117,9.3612,8.1874,5.9306,31.166,14.528,18.114,55.988,9.4745,9.4753,35.797,89.62,17.287,50.385,29.97,4.2469,6.7876,14.88,10.654,18.894,21.434,27.045,43.475,27.644,35.254,30.276,30.624,38.476,26.818,73.468
5.48,17.768,10.266,21.421,20.19,22.371,25.435,9.4952,27.694,18.966,24.113,9.3347,8.1684,5.9352,31.183,14.511,18.082,55.926,9.4419,9.4964,35.929,89.278,17.233,50.578,29.964,4.2717,6.7661,14.882,10.644,18.897,21.417,27.107,43.445,27.935,35.212,30.478,30.865,38.649,27.012,73.652
5.49,17.764,10.306,21.432,20.139,22.394,25.412,9.4898,27.647,18.918,24.108,9.3271,8.1424,5.9395,31.198,14.495,18.05,55.862,9.421,9.5393,36.06,88.933,17.181,50.766,29.958,4.2959,6.7445,14.881,10.634,18.9,21.392,27.169,43.404,28.218,35.165,30.677,31.105,38.82,27.195,73.832
5.5,17.76,10.346,21.442,20.088,22.418,25.389,9.4842,27.601,18.87,24.103,9.3197,8.1099,5.9437,31.212,14.478,18.017,55.797,9.4253,9.5813,36.189,88.586,17.132,50.949,29.952,4.3196,6.7226,14.878,10.623,18.903,21.361,27.231,43.352,28.494,35.112,30.871,31.343,38.986,27.365,74.01
5.51,17.755,10.386,21.453,20.036,22.441,25.366,9.4785,27.554,18.821,24.098,9.3122,8.0705,5.9477,31.225,14.461,17.985,55.731,9.4291,9.6226,36.318,88.235,17.085,51.127,29.946,4.3427,6.7005,14.871,10.61,18.906,21.323,27.293,43.291,28.762,35.055,31.061,31.579,39.149,27.522,74.185
5.52,17.751,10.427,21.462,19.984,22.464,25.342,9.4727,27.508,18.773,24.093,9.3047,8.0247,5.9515,31.237,14.444,17.953,55.663,9.4327,9.6632,36.446,87.883,17.04,51.299,29.94,4.3652,6.6784,14.862,10.597,18.908,21.281,27.355,43.222,29.02,34.993,31.247,31.813,39.309,27.667,74.357
5.53,17.747,10.467,21.471,19.932,22.486,25.318,9.4667,27.461,18.724,24.087,9.2972,8.0315,5.9552,31.247,14.427,17.92,55.595,9.4358,9.7031,36.572,87.527,16.998,51.465,29.934,4.3871,6.6562,14.85,10.582,18.911,21.299,27.418,43.143,29.269,34.926,31.429,32.045,39.465,27.798,74.526
5.54,17.742,10.507,21.48,19.881,22.509,25.293,9.4606,27.414,18.674,24.082,9.2898,8.0504,5.9587,31.258,14.409,17.888,55.524,9.4387,9.7422,36.698,87.169,16.958,51.625,29.929,4.4083,6.6338,14.835,10.567,18.914,21.315,27.48,43.056,29.508,34.853,31.607,32.274,39.618,27.917,74.692
5.55,17.737,10.548,21.489,19.829,22.531,25.268,9.4544,27.368,18.624,24.076,9.2823,8.0631,5.962,31.266,14.392,17.855,55.454,9.4411,9.7804,36.822,86.808,16.921,51.78,29.923,4.4289,6.6112,14.818,10.552,18.917,21.33,27.543,42.961,29.737,34.775,31.781,32.502,39.767,28.021,74.855
5.56,17.733,10.588,21.497,19.777,22.553,25.243,9.4481,27.321,18.574,24.07,9.2747,8.0696,5.9652,31.273,14.374,17.823,55.381,9.4432,9.8177,36.946,86.462,16.885,51.929,29.917,4.4488,6.5885,14.798,10.536,18.92,21.345,27.606,42.857,29.955,34.692,31.951,32.728,39.913,28.112,75.015
5.57,17.728,10.629,21.505,19.725,22.575,25.217,9.4416,27.274,18.523,24.065,9.2672,8.0702,5.9682,31.28,14.357,17.79,55.308,9.4448,9.8542,37.068,86.287,16.852,52.072,29.911,4.4681,6.5658,14.775,10.532,18.923,21.359,27.67,42.745,30.161,34.603,32.118,32.951,40.056,28.189,75.172
5.58,17.723,10.669,21.512,19.672,22.596,25.191,9.435,27.227,18.472,24.059,9.2597,8.0649,5.971,31.286,14.339,17.758,55.233,9.4462,9.8897,37.189,86.108,16.821,52.208,29.905,4.4866,6.543,14.75,10.541,18.926,21.371,27.733,42.626,30.357,34.51,32.281,33.174,40.196,28.252,75.325
5.59,17.718,10.71,21.519,19.62,22.617,25.164,9.4283,27.181,18.42,24.053,9.2522,8.0542,5.9736,31.29,14.321,17.725,55.157,9.4472,9.9243,37.309,85.925,16.792,52.339,29.899,4.5045,6.52,14.723,10.55,18.929,21.383,27.797,42.499,30.541,34.411,32.442,33.395,40.332,28.301,75.476
5.6,17.712,10.751,21.526,19.568,22.638,25.137,9.4215,27.134,18.368,24.046,9.2447,8.0383,5.9761,31.292,14.303,17.692,55.08,9.4478,9.958,37.428,85.737,16.765,52.464,29.894,4.5218,6.4969,14.693,10.558,18.932,21.394,27.86,42.366,30.713,34.306,32.599,33.615,40.465,28.337,75.623
5.61,17.707,10.791,21.532,19.515,22.658,25.11,9.4146,27.087,18.316,24.04,9.2372,8.0256,5.9784,31.295,14.285,17.659,55.002,9.448,9.9907,37.545,85.543,16.74,52.582,29.888,4.5383,6.4738,14.662,10.566,18.935,21.404,27.924,42.227,30.873,34.197,32.754,33.834,40.595,28.358,75.769
5.62,17.701,10.832,21.706,19.463,22.678,25.082,9.4075,27.039,18.264,24.033,9.2296,8.0253,5.9806,31.296,14.268,17.627,54.922,9.4479,10.022,37.661,85.342,16.718,52.695,29.882,4.5542,6.4507,14.628,10.573,18.938,21.413,27.988,42.082,31.021,34.082,32.905,34.052,40.721,28.366,75.911
5.63,17.696,10.872,21.896,19.41,22.697,25.054,9.4003,26.992,18.244,24.027,9.2221,8.0247,5.9826,31.296,14.25,17.594,54.842,9.4474,10.053,37.776,85.134,16.697,52.801,29.876,4.5695,6.4275,14.592,10.58,18.941,21.422,28.051,41.931,31.157,33.962,33.052,34.27,40.845,28.36,76.052
5.64,17.69,10.913,22.085,19.358,22.716,25.026,9.3931,26.945,18.241,24.02,9.2145,8.024,5.9846,31.295,14.232,17.561,54.76,9.4465,10.083,37.89,84.919,16.678,52.901,29.871,4.5842,6.4041,14.555,10.587,18.943,21.43,28.115,41.776,31.282,33.836,33.194,34.487,40.965,28.342,76.191
5.65,17.684,10.953,22.273,19.305,22.734,24.998,9.3857,26.898,18.238,24.013,9.207,8.0229,5.9865,31.294,14.214,17.528,54.677,9.4452,10.112,38.002,84.697,16.661,52.995,29.865,4.5982,6.3807,14.516,10.594,18.946,21.436,28.179,41.617,31.395,33.705,33.331,34.703,41.083,28.311,76.328
5.66,17.678,10.994,22.46,19.252,22.752,24.969,9.3782,26.851,18.235,24.006,9.1995,8.0216,5.9882,31.291,14.195,17.495,54.593,9.4436,10.14,38.113,84.467,16.645,53.083,29.859,4.6116,6.3574,14.475,10.6,18.949,21.442,28.243,41.454,31.497,33.569,33.463,34.917,41.197,28.269,76.464
5.67,17.672,11.034,22.646,19.199,22.77,24.94,9.3706,26.803,18.232,23.999,9.1919,8.02,5.9898,31.286,14.177,17.461,54.508,9.4415,10.167,38.223,84.229,16.632,53.166,29.853,4.6244,6.334,14.433,10.606,18.952,21.447,28.307,41.287,31.587,33.429,33.589,35.129,41.309,28.215,76.599
5.68,17.666,11.075,22.83,19.146,22.786,24.91,9.3629,26.756,18.229,23.992,9.1844,8.0185,5.9912,31.282,14.159,17.428,54.422,9.4391,10.193,38.331,83.984,16.62,53.242,29.847,4.6367,6.3106,14.389,10.612,18.955,21.452,28.371,41.116,31.667,33.283,33.711,35.339,41.417,28.15,76.734
5.69,17.66,11.115,23.013,19.093,22.803,24.88,9.3552,26.709,18.226,23.984,9.1768,8.0169,5.9925,31.277,14.14,17.395,54.335,9.4363,10.218,38.438,83.731,16.609,53.313,29.841,4.6483,6.2871,14.344,10.617,18.958,21.455,28.435,40.941,31.737,33.132,33.827,35.546,41.523,28.074,76.868
5.7,17.653,11.155,23.195,19.04,22.819,24.85,9.3473,26.662,18.223,23.977,9.1693,8.0149,5.9935,31.269,14.122,17.362,54.246,9.4331,10.242,38.544,83.469,16.6,53.378,29.835,4.6594,6.2635,14.298,10.623,18.961,21.458,28.499,40.763,31.797,32.977,33.939,35.75,41.625,27.991,77.001
5.71,17.646,11.195,23.376,18.987,22.834,24.82,9.3393,26.614,18.219,23.969,9.1617,8.0127,5.9945,31.261,14.103,17.328,54.157,9.4296,10.265,38.648,83.2,16.593,53.438,29.829,4.67,6.2401,14.25,10.628,18.964,21.459,28.563,40.581,31.848,32.817,34.045,35.951,41.725,27.959,77.134
5.72,17.639,11.235,23.556,18.934,22.849,24.79,9.3312,26.567,18.216,23.962,9.1541,8.0103,5.9953,31.253,14.084,17.295,54.066,9.4256,10.287,38.751,82.922,16.587,53.493,29.823,4.68,6.2166,14.202,10.632,18.967,21.461,28.627,40.397,31.89,32.653,34.147,36.149,41.822,27.919,77.265
5.73,17.633,11.275,23.735,18.881,22.863,24.759,9.3231,26.519,18.213,23.954,9.1466,8.0076,5.9959,31.244,14.066,17.262,53.974,9.4214,10.309,38.853,82.743,16.582,53.542,29.816,4.6896,6.1931,14.183,10.637,18.97,21.461,28.691,40.209,31.923,32.485,34.245,36.344,41.916,27.871,77.396
5.74,17.626,11.315,23.913,18.827,22.877,24.728,9.3148,26.472,18.21,23.946,9.139,8.0047,5.9964,31.233,14.047,17.229,53.881,9.4167,10.329,38.954,82.74,16.579,53.586,29.81,4.6987,6.1696,14.185,10.641,18.973,21.46,28.754,40.02,31.948,32.312,34.337,36.535,42.109,27.814,77.525
5.75,17.618,11.355,24.091,18.774,22.89,24.697,9.3065,26.424,18.207,23.938,9.1315,8.0015,5.9967,31.22,14.028,17.196,53.787,9.4117,10.348,39.053,82.735,16.576,53.624,29.804,4.7074,6.1461,14.185,10.644,18.975,21.458,28.818,39.828,31.966,32.134,34.425,36.723,42.338,27.748,77.653
5.76,17.611,11.395,24.269,18.72,22.903,24.665,9.2981,26.377,18.204,23.93,9.1239,7.9981,5.9969,31.209,14.009,17.162,53.693,9.4064,10.367,39.152,82.729,16.575,53.657,29.797,4.7157,6.1226,14.186,10.648,18.978,21.456,28.882,39.634,31.977,31.952,34.508,36.907,42.566,27.675,77.779
5.77,17.604,11.434,24.445,18.667,22.916,24.634,9.2896,26.329,18.2,23.922,9.1164,7.9947,5.9969,31.196,13.991,17.129,53.597,9.4007,10.384,39.249,82.722,16.576,53.685,29.791,4.7237,6.0992,14.186,10.651,18.981,21.454,28.945,39.439,31.981,31.765,34.585,37.089,42.793,27.593,77.904
5.78,17.596,11.474,24.621,18.613,22.928,24.602,9.281,26.281,18.197,23.913,9.1088,7.9913,5.9967,31.181,13.972,17.096,53.5,9.3946,10.4,39.345,82.714,16.577,53.708,29.784,4.7312,6.0758,14.185,10.654,18.984,21.45,29.008,39.242,31.979,31.573,34.656,37.268,43.018,27.505,78.028
5.79,17.588,11.513,24.795,18.56,22.94,24.57,9.2723,26.233,18.194,23.905,9.1013,7.9876,5.9965,31.165,13.953,17.063,53.402,9.3881,10.415,39.441,82.705,16.579,53.725,29.778,4.7385,6.0524,14.183,10.657,18.987,21.445,29.072,39.044,31.971,31.377,34.721,37.444,43.242,27.409,78.149
5.8,17.58,11.552,24.969,18.506,22.952,24.537,9.2636,26.186,18.191,23.896,9.0937,7.9836,5.996,31.149,13.934,17.029,53.304,9.3813,10.43,39.535,82.694,16.582,53.738,29.771,4.7454,6.029,14.181,10.659,18.99,21.44,29.135,38.846,31.957,31.175,34.781,37.616,43.464,27.307,78.269
5.81,17.573,11.591,25.143,18.452,22.963,24.505,9.2548,26.138,18.188,23.888,9.0861,7.9794,5.9955,31.133,13.914,16.996,53.204,9.374,10.443,39.629,82.683,16.586,53.745,29.764,4.7521,6.0057,14.179,10.662,18.993,21.433,29.198,38.645,31.939,31.007,34.834,37.784,43.684,27.2,78.386
5.82,17.565,11.63,25.316,18.398,22.974,24.472,9.2459,26.09,18.185,23.879,9.0786,7.975,5.9947,31.115,13.895,16.963,53.103,9.3664,10.456,39.721,82.671,16.591,53.747,29.757,4.7584,5.9824,14.178,10.664,18.995,21.427,29.261,38.444,31.916,30.918,34.881,37.948,43.903,27.087,78.502
5.83,17.556,11.669,25.488,18.39,22.985,24.439,9.2369,26.043,18.182,23.87,9.071,7.9704,5.9939,31.096,13.876,16.974,53.002,9.3583,10.467,39.813,82.657,16.597,53.745,29.75,4.7645,5.9592,14.178,10.666,18.998,21.419,29.324,38.241,31.888,30.824,34.922,38.107,44.119,26.97,78.617
5.84,17.548,11.707,25.661,18.402,22.996,24.406,9.2279,25.995,18.178,23.861,9.0635,7.9656,5.9929,31.075,13.857,16.991,52.9,9.3498,10.478,39.904,82.642,16.603,53.737,29.743,4.7704,5.936,14.178,10.667,19.001,21.411,29.386,38.037,31.857,30.725,34.957,38.263,44.333,26.849,78.729
5.85,17.54,11.745,25.834,18.414,23.006,24.373,9.2188,25.947,18.175,23.852,9.056,7.9605,5.9917,31.056,13.837,17.009,52.796,9.3409,10.487,39.994,82.626,16.61,53.725,29.736,4.776,5.9129,14.177,10.668,19.004,21.402,29.449,37.831,31.823,30.621,34.986,38.413,44.545,26.726,78.839
5.86,17.531,11.784,26.007,18.426,23.017,24.339,9.2097,25.899,18.172,23.843,9.0484,7.9553,5.9904,31.034,13.818,17.027,52.693,9.3328,10.496,40.084,82.609,16.618,53.708,29.728,4.7813,5.8898,14.176,10.669,19.007,21.392,29.511,37.624,31.786,30.512,35.008,38.559,44.755,26.6,78.948
5.87,17.523,11.826,26.179,18.438,23.027,24.306,9.2004,25.852,18.169,23.834,9.0409,7.9498,5.989,31.012,13.798,17.044,52.588,9.3317,10.504,40.173,82.59,16.627,53.686,29.721,4.7865,5.8669,14.173,10.67,19.01,21.381,29.573,37.416,31.748,30.398,35.089,38.699,45.056,26.472,79.055
5.88,17.514,11.87,26.35,18.45,23.036,24.272,9.1911,25.804,18.166,23.825,9.0333,7.9444,5.9874,30.989,13.779,17.061,52.483,9.33,10.511,40.261,82.57,16.636,53.66,29.713,4.7915,5.8439,14.169,10.671,19.013,21.369,29.635,37.206,31.708,30.28,35.247,38.834,45.398,26.343,79.161
5.89,17.505,11.913,26.521,18.462,23.046,24.238,9.1818,25.756,18.163,23.816,9.0258,7.9389,5.9857,30.965,13.759,17.078,52.377,9.3275,10.517,40.349,82.548,16.645,53.63,29.705,4.7963,5.8211,14.163,10.672,19.016,21.357,29.697,36.995,31.668,30.156,35.401,38.963,45.737,26.213,79.265
5.9,17.496,11.957,26.691,18.474,23.054,24.204,9.1724,25.708,18.159,23.806,9.0183,7.9332,5.9838,30.941,13.74,17.095,52.27,9.3244,10.523,40.436,82.525,16.655,53.595,29.698,4.8009,5.7982,14.155,10.672,19.019,21.345,29.759,36.783,31.627,30.028,35.551,39.085,46.072,26.084,79.369
5.91,17.487,12,26.861,18.486,23.063,24.169,9.1629,25.66,18.156,23.797,9.0107,7.9272,5.9818,30.915,13.72,17.112,52.163,9.3209,10.527,40.523,82.501,16.666,53.556,29.69,4.8055,5.7756,14.146,10.672,19.022,21.332,29.82,36.603,31.588,29.894,35.697,39.202,46.404,25.955,79.472
5.92,17.478,12.043,27.03,18.497,23.071,24.135,9.1534,25.612,18.153,23.787,9.0032,7.9211,5.9797,30.889,13.701,17.129,52.055,9.3202,10.53,40.609,82.476,16.677,53.512,29.681,4.8103,5.753,14.135,10.672,19.024,21.318,29.881,36.542,31.55,29.756,35.839,39.312,46.732,25.828,79.573
5.93,17.468,12.086,27.199,18.508,23.079,24.1,9.1438,25.565,18.15,23.777,8.9957,7.9148,5.9775,30.861,13.681,17.145,51.946,9.3213,10.533,40.695,82.449,16.689,53.464,29.673,4.8203,5.7304,14.123,10.671,19.027,21.303,29.942,36.481,31.513,29.613,35.977,39.416,47.057,25.703,79.673
5.94,17.459,12.129,27.367,18.52,23.086,24.065,9.1342,25.517,18.147,23.767,8.9882,7.9082,5.9751,30.834,13.661,17.162,51.838,9.3222,10.534,40.78,82.421,16.7,53.412,29.665,4.8313,5.7079,14.109,10.671,19.03,21.287,30.003,36.418,31.48,29.465,36.11,39.513,47.378,25.58,79.773
5.95,17.449,12.172,27.534,18.531,23.094,24.03,9.1245,25.469,18.144,23.758,8.9807,7.9015,5.9725,30.806,13.642,17.178,51.728,9.3229,10.535,40.865,82.391,16.713,53.356,29.656,4.8422,5.6856,14.094,10.67,19.033,21.271,30.064,36.355,31.45,29.313,36.24,39.604,47.696,25.461,79.871
5.96,17.44,12.215,27.699,18.542,23.101,23.995,9.1147,25.421,18.142,23.748,8.9732,7.8946,5.9699,30.777,13.622,17.194,51.618,9.3232,10.535,40.949,82.359,16.725,53.295,29.647,4.8532,5.6633,14.077,10.67,19.036,21.253,30.124,36.29,31.423,29.157,36.365,39.687,48.011,25.345,79.968
5.97,17.43,12.257,27.864,18.553,23.108,23.959,9.1049,25.374,18.139,23.738,8.9657,7.8875,5.9671,30.746,13.602,17.21,51.508,9.3232,10.534,41.032,82.326,16.738,53.23,29.638,4.864,5.6411,14.059,10.669,19.038,21.235,30.184,36.225,31.401,28.996,36.485,39.764,48.323,25.234,80.064
5.98,17.42,12.299,28.027,18.564,23.116,23.924,9.0951,25.326,18.136,23.728,8.9582,7.8806,5.9642,30.715,13.582,17.227,51.398,9.3225,10.532,41.115,82.292,16.751,53.162,29.629,4.8747,5.619,14.039,10.668,19.041,21.218,30.244,36.158,31.384,28.83,36.601,39.835,48.634,25.128,80.16
5.99,17.41,12.341,28.189,18.575,23.124,23.888,9.0852,25.278,18.133,23.718,8.9507,7.8734,5.9612,30.684,13.562,17.243,51.287,9.3213,10.529,41.197,82.256,16.764,53.089,29.619,4.8853,5.597,14.018,10.668,19.044,21.199,30.303,36.091,31.372,28.66,36.712,39.899,48.944,25.027,80.255
6,17.4,12.383,28.35,18.585,23.132,23.852,9.0753,25.23,18.13,23.708,8.9432,7.8661,5.958,30.652,13.542,17.259,51.176,9.3193,10.526,41.278,82.218,16.777,53.012,29.61,4.8956,5.5751,13.995,10.667,19.047,21.18,30.362,36.023,31.366,28.486,36.819,39.956,49.251,24.932,80.349
6.01,17.39,12.424,28.511,18.596,23.141,23.816,9.0654,25.183,18.127,23.697,8.9357,7.8586,5.9547,30.62,13.522,17.274,51.064,9.3166,10.521,41.358,82.179,16.791,52.932,29.6,4.9057,5.5534,13.972,10.666,19.049,21.16,30.421,35.953,31.366,28.307,36.92,40.007,49.558,24.945,80.443
6.02,17.38,12.465,28.672,18.607,23.149,23.78,9.0553,25.135,18.124,23.687,8.9282,7.851,5.9513,30.586,13.502,17.29,50.953,9.3132,10.516,41.438,82.139,16.804,52.847,29.59,4.9156,5.5317,13.946,10.664,19.052,21.139,30.48,35.882,31.374,28.124,37.017,40.051,49.863,25.158,80.536
6.03,17.369,12.506,28.834,18.618,23.156,23.744,9.0453,25.087,18.121,23.676,8.9207,7.8431,5.9477,30.551,13.482,17.306,50.841,9.3089,10.51,41.517,82.097,16.818,52.759,29.58,4.9252,5.5101,13.92,10.663,19.055,21.118,30.539,35.811,31.388,27.935,37.109,40.089,50.166,25.37,80.628
6.04,17.359,12.547,28.995,18.628,23.164,23.707,9.0352,25.039,18.118,23.665,8.9133,7.8351,5.9441,30.517,13.461,17.321,50.729,9.3039,10.503,41.595,82.053,16.832,52.668,29.57,4.9345,5.4886,13.893,10.661,19.057,21.096,30.597,35.738,31.41,27.743,37.196,40.121,50.468,25.58,80.72
6.05,17.348,12.588,29.156,18.638,23.171,23.671,9.0251,24.992,18.115,23.655,8.9058,7.8269,5.9403,30.482,13.441,17.336,50.617,9.2981,10.495,41.673,82.007,16.846,52.573,29.56,4.9436,5.4673,13.864,10.659,19.06,21.073,30.655,35.664,31.439,27.545,37.278,40.146,50.768,25.789,80.811
6.06,17.338,12.628,29.317,18.649,23.178,23.634,9.0149,24.944,18.112,23.644,8.8984,7.8187,5.9364,30.446,13.421,17.351,50.555,9.2914,10.487,41.75,81.96,16.861,52.475,29.549,4.9834,5.446,13.835,10.657,19.063,21.05,30.712,35.588,31.476,27.343,37.355,40.164,51.066,25.995,80.902
6.07,17.327,12.668,29.512,18.659,23.184,23.598,9.0047,24.896,18.109,23.634,8.8909,7.8105,5.9323,30.409,13.401,17.367,50.537,9.2838,10.478,41.826,81.911,16.875,52.373,29.538,5.0246,5.4266,13.804,10.655,19.065,21.026,30.77,35.511,31.522,27.136,37.428,40.176,51.362,26.201,80.992
6.08,17.316,12.708,29.707,18.669,23.19,23.561,8.9945,24.849,18.106,23.623,8.8835,7.8021,5.9282,30.371,13.381,17.381,50.517,9.2754,10.468,41.902,81.86,16.889,52.269,29.527,5.0646,5.4076,13.773,10.653,19.068,21.001,30.827,35.433,31.576,26.925,37.496,40.181,51.657,26.404,81.083
6.09,17.305,12.747,29.902,18.679,23.196,23.523,8.9843,24.801,18.103,23.612,8.876,7.7936,5.9239,30.333,13.361,17.396,50.495,9.2662,10.457,41.977,81.807,16.904,52.162,29.516,5.1035,5.3884,13.74,10.65,19.07,20.977,30.884,35.353,31.639,26.709,37.559,40.179,51.949,26.606,81.173
6.1,17.294,12.787,30.096,18.689,23.2,23.486,8.974,24.754,18.1,23.601,8.8686,7.7849,5.9196,30.295,13.34,17.411,50.471,9.256,10.445,42.051,81.753,16.918,52.052,29.504,5.1413,5.3691,13.706,10.648,19.073,20.952,30.94,35.272,31.71,26.489,37.618,40.17,52.241,26.807,81.263
6.11,17.283,12.826,30.29,18.699,23.205,23.449,8.9637,24.706,18.097,23.59,8.8612,7.776,5.9151,30.256,13.32,17.425,50.447,9.245,10.433,42.124,81.697,16.932,51.941,29.492,5.178,5.3497,13.671,10.645,19.075,20.927,30.997,35.189,31.79,26.264,37.673,40.156,52.53,27.006,81.352
6.12,17.271,12.864,30.483,18.708,23.208,23.412,8.9535,24.659,18.094,23.579,8.8538,7.767,5.9105,30.216,13.3,17.44,50.423,9.2332,10.419,42.196,81.639,16.947,51.979,29.48,5.2135,5.3302,13.635,10.641,19.078,20.901,31.053,35.105,31.878,26.035,37.726,40.135,52.816,27.203,81.441
6.13,17.26,12.903,30.675,18.718,23.212,23.375,8.9432,24.611,18.091,23.568,8.8464,7.7579,5.9058,30.175,13.279,17.454,50.399,9.2205,10.405,42.267,81.579,16.961,52.021,29.468,5.248,5.3106,13.598,10.638,19.08,20.874,31.109,35.019,31.975,25.802,37.775,40.108,53.101,27.399,81.528
6.14,17.248,12.941,30.867,18.728,23.214,23.337,8.933,24.564,18.088,23.557,8.839,7.7488,5.9009,30.134,13.259,17.468,50.374,9.2071,10.39,42.338,81.517,16.976,52.06,29.456,5.2812,5.291,13.56,10.634,19.083,20.847,31.165,34.931,32.081,25.564,37.823,40.075,53.383,27.593,81.615
6.15,17.237,12.979,31.057,18.737,23.216,23.3,8.9227,24.516,18.085,23.545,8.8316,7.7397,5.896,30.093,13.239,17.482,50.35,9.1929,10.374,42.407,81.453,16.99,52.096,29.443,5.3134,5.2712,13.521,10.63,19.085,20.819,31.22,34.843,32.195,25.323,37.868,40.037,53.662,27.785,81.7
6.16,17.225,13.016,31.246,18.746,23.218,23.262,8.9124,24.469,18.082,23.534,8.8242,7.7303,5.8909,30.051,13.218,17.496,50.326,9.1778,10.358,42.476,81.388,17.004,52.127,29.43,5.3443,5.2515,13.481,10.626,19.087,20.79,31.275,34.753,32.317,25.078,37.912,39.993,53.94,27.975,81.783
6.17,17.214,13.053,31.433,18.756,23.218,23.225,8.902,24.422,18.079,23.523,8.8168,7.7209,5.8858,30.008,13.198,17.51,50.3,9.1621,10.34,42.543,81.321,17.019,52.157,29.417,5.3742,5.2317,13.44,10.623,19.09,20.761,31.329,34.661,32.448,24.829,37.953,39.959,54.214,28.163,81.866
6.18,17.202,13.09,31.619,18.765,23.219,23.187,8.8917,24.375,18.076,23.511,8.8094,7.7112,5.8805,29.965,13.177,17.524,50.275,9.1456,10.322,42.61,81.252,17.033,52.183,29.404,5.4029,5.2117,13.397,10.618,19.092,20.732,31.384,34.568,32.587,24.576,37.993,39.931,54.486,28.349,81.947
6.19,17.19,13.127,31.804,18.774,23.218,23.149,8.8813,24.327,18.074,23.5,8.8021,7.7015,5.8752,29.921,13.157,17.538,50.249,9.1285,10.303,42.676,81.181,17.047,52.206,29.39,5.4304,5.1918,13.354,10.614,19.094,20.702,31.438,34.473,32.734,24.41,38.029,39.899,54.754,28.533,82.026
6.2,17.178,13.163,31.987,18.783,23.217,23.111,8.8709,24.28,18.071,23.488,8.7947,7.6916,5.8738,29.877,13.136,17.551,50.223,9.1108,10.283,42.741,81.108,17.061,52.225,29.376,5.4568,5.1718,13.309,10.609,19.097,20.671,31.491,34.376,32.888,24.26,38.061,39.861,55.02,28.715,82.103
6.21,17.166,13.199,32.169,18.792,23.216,23.073,8.8605,24.245,18.068,23.477,8.7874,7.6818,5.877,29.833,13.116,17.564,50.231,9.0925,10.263,42.805,81.034,17.075,52.242,29.362,5.4821,5.1517,13.264,10.605,19.099,20.64,31.544,34.277,33.049,24.107,38.089,39.819,55.282,28.896,82.179
6.22,17.154,13.235,32.349,18.801,23.214,23.035,8.8501,24.216,18.065,23.465,8.78,7.672,5.8799,29.787,13.095,17.578,50.284,9.0738,10.242,42.868,80.957,17.089,52.256,29.348,5.5063,5.1316,13.217,10.6,19.101,20.609,31.597,34.175,33.218,23.949,38.113,39.771,55.541,29.074,82.253
6.23,17.141,13.27,32.527,18.81,23.211,22.997,8.8396,24.186,18.062,23.453,8.7727,7.6619,5.8827,29.741,13.074,17.591,50.338,9.0549,10.22,42.931,80.879,17.103,52.267,29.333,5.5293,5.1114,13.17,10.595,19.103,20.578,31.65,34.072,33.394,23.789,38.133,39.718,55.797,29.25,82.325
6.24,17.129,13.305,32.704,18.819,23.208,22.959,8.8291,24.156,18.059,23.442,8.7654,7.6517,5.8856,29.695,13.054,17.604,50.394,9.0357,10.197,42.992,80.799,17.117,52.276,29.319,5.5512,5.0913,13.121,10.589,19.106,20.547,31.702,33.966,33.576,23.625,38.148,39.661,56.049,29.425,82.395
6.25,17.117,13.34,32.88,18.828,23.205,22.921,8.8187,24.127,18.056,23.43,8.7581,7.6414,5.8884,29.648,13.033,17.617,50.452,9.0163,10.173,43.053,80.718,17.13,52.281,29.303,5.572,5.0711,13.071,10.584,19.108,20.515,31.753,33.858,33.764,23.457,38.159,39.6,56.297,29.597,82.464
6.26,17.104,13.374,33.054,18.836,23.201,22.883,8.8082,24.097,18.053,23.418,8.7508,7.631,5.891,29.602,13.012,17.629,50.512,8.9965,10.149,43.114,80.634,17.144,52.285,29.288,5.5917,5.0508,13.02,10.582,19.11,20.482,31.805,33.747,33.958,23.286,38.165,39.535,56.543,29.768,82.529
6.27,17.091,13.408,33.227,18.845,23.196,22.845,8.7977,24.067,18.05,23.406,8.7435,7.6205,5.8934,29.554,12.992,17.642,50.575,8.9763,10.132,43.173,80.549,17.157,52.286,29.272,5.6103,5.0306,12.969,10.602,19.112,20.449,31.856,33.634,34.157,23.113,38.168,39.468,56.785,29.937,82.594
6.28,17.079,13.442,33.398,18.853,23.191,22.806,8.7872,24.037,18.047,23.394,8.7362,7.6101,5.8958,29.506,12.971,17.655,50.639,8.9557,10.18,43.232,80.462,17.171,52.315,29.257,5.6278,5.0103,12.916,10.622,19.114,20.416,31.906,33.518,34.362,22.965,38.166,39.397,57.025,30.103,82.655
6.29,17.066,13.475,33.568,18.861,23.186,22.768,8.7766,24.007,18.044,23.382,8.7289,7.5995,5.8979,29.457,12.951,17.667,50.704,8.9345,10.228,43.291,80.373,17.184,52.401,29.24,5.6441,4.99,12.862,10.642,19.116,20.382,31.957,33.4,34.572,22.967,38.161,39.322,57.262,30.268,82.715
6.3,17.053,13.508,33.737,18.87,23.18,22.729,8.7661,23.977,18.041,23.37,8.7216,7.5888,5.8999,29.408,12.93,17.679,50.771,8.9129,10.276,43.348,80.283,17.197,52.484,29.224,5.6595,4.9716,12.807,10.661,19.118,20.348,32.006,33.28,34.786,22.967,38.151,39.244,57.496,30.43,82.773
6.31,17.04,13.54,33.904,18.878,23.174,22.691,8.7556,23.947,18.038,23.358,8.7144,7.578,5.9018,29.359,12.91,17.692,50.838,8.8906,10.323,43.405,80.191,17.209,52.563,29.207,5.6737,4.9534,12.751,10.68,19.12,20.313,32.056,33.158,35.004,22.964,38.138,39.16,57.726,30.59,82.829
6.32,17.027,13.573,34.07,18.886,23.167,22.652,8.745,23.917,18.035,23.346,8.7071,7.5671,5.9036,29.309,12.889,17.704,50.907,8.8679,10.371,43.461,80.097,17.222,52.641,29.191,5.6869,4.9353,12.695,10.698,19.122,20.278,32.105,33.033,35.227,22.958,38.121,39.071,57.954,30.748,82.882
6.33,17.014,13.604,34.235,18.894,23.161,22.614,8.7345,23.887,18.033,23.333,8.6999,7.556,5.9052,29.259,12.868,17.716,50.976,8.8446,10.418,43.516,80.002,17.234,52.715,29.173,5.699,4.9173,12.637,10.717,19.124,20.243,32.154,32.905,35.452,22.95,38.101,38.976,58.178,30.904,82.934
6.34,17.001,13.636,34.398,18.902,23.154,22.576,8.7239,23.856,18.03,23.321,8.6926,7.5449,5.9066,29.209,12.848,17.728,51.046,8.8209,10.466,43.571,79.905,17.247,52.786,29.156,5.7101,4.8994,12.579,10.735,19.126,20.207,32.203,32.775,35.681,22.938,38.078,38.876,58.398,31.057,82.984
6.35,16.988,13.667,34.56,18.909,23.147,22.537,8.7134,23.826,18.027,23.309,8.6854,7.5336,5.9079,29.157,12.827,17.739,51.115,8.7967,10.513,43.625,79.807,17.259,52.854,29.138,5.7201,4.8817,12.52,10.752,19.128,20.171,32.251,32.642,35.913,22.967,38.054,38.768,58.615,31.208,83.033
6.36,16.975,13.698,34.72,18.917,23.14,22.499,8.7028,23.795,18.024,23.297,8.6782,7.5224,5.9091,29.105,12.806,17.751,51.183,8.7721,10.559,43.678,79.707,17.271,52.919,29.12,5.7292,4.8641,12.46,10.769,19.13,20.135,32.299,32.506,36.148,23.032,38.029,38.654,58.829,31.357,83.079
6.37,16.961,13.728,34.879,18.925,23.132,22.461,8.6922,23.765,18.021,23.284,8.671,7.5111,5.9102,29.054,12.786,17.763,51.251,8.7471,10.606,43.73,79.606,17.282,52.981,29.102,5.7372,4.8466,12.4,10.787,19.132,20.098,32.347,32.368,36.384,23.095,38.005,38.533,59.039,31.504,83.124
6.38,16.948,13.758,35.036,18.933,23.124,22.422,8.6817,23.734,18.018,23.272,8.6638,7.4998,5.9111,29.002,12.765,17.774,51.317,8.722,10.652,43.781,79.503,17.294,53.04,29.083,5.7442,4.8292,12.338,10.804,19.134,20.061,32.394,32.227,36.623,23.156,37.98,38.404,59.245,31.649,83.167
6.39,16.934,13.788,35.193,18.94,23.115,22.403,8.6711,23.704,18.015,23.259,8.6566,7.4883,5.9118,28.95,12.744,17.786,51.382,8.6966,10.698,43.831,79.4,17.305,53.096,29.065,5.7503,4.812,12.277,10.821,19.136,20.024,32.441,32.083,36.863,23.215,37.954,38.269,59.447,31.791,83.208
6.4,16.921,13.817,35.347,18.948,23.106,22.396,8.6606,23.673,18.012,23.247,8.6495,7.4767,5.9125,28.897,12.723,17.797,51.446,8.671,10.744,43.881,79.295,17.316,53.149,29.046,5.7553,4.7949,12.214,10.837,19.138,19.986,32.488,31.936,37.105,23.272,37.928,38.127,59.646,31.931,83.247
6.41,16.907,13.846,35.501,18.955,23.096,22.388,8.65,23.642,18.009,23.234,8.6423,7.465,5.913,28.843,12.703,17.808,51.509,8.6452,10.79,44.012,79.188,17.326,53.199,29.026,5.7594,4.7779,12.151,10.854,19.14,19.949,32.534,31.787,37.347,23.327,37.901,37.98,59.84,32.068,83.284
6.42,16.893,13.875,35.653,18.962,23.086,22.381,8.6394,23.611,18.007,23.221,8.6352,7.4532,5.9133,28.789,12.682,17.819,51.571,8.6191,10.835,44.151,79.081,17.337,53.246,29.007,5.7625,4.761,12.088,10.87,19.142,19.911,32.579,31.635,37.591,23.38,37.872,37.829,60.03,32.203,83.32
6.43,16.88,13.903,35.804,18.97,23.076,22.373,8.6289,23.58,18.004,23.209,8.628,7.4412,5.9136,28.735,12.661,17.83,51.632,8.5926,10.88,44.289,78.973,17.347,53.289,28.987,5.7647,4.7443,12.024,10.885,19.143,19.873,32.625,31.48,37.835,23.431,37.839,37.672,60.217,32.335,83.354
6.44,16.866,13.931,35.954,18.977,23.065,22.365,8.6183,23.549,18.001,23.196,8.6209,7.4292,5.9137,28.681,12.64,17.841,51.692,8.5659,10.925,44.427,78.864,17.356,53.33,28.967,5.766,4.7276,11.96,10.901,19.145,19.835,32.669,31.448,38.08,23.48,37.804,37.511,60.399,32.464,83.386
6.45,16.852,13.958,36.102,18.984,23.053,22.357,8.6078,23.518,17.998,23.183,8.6138,7.4171,5.9137,28.627,12.62,17.852,51.752,8.5389,10.969,44.564,78.754,17.366,53.368,28.946,5.7664,4.7111,11.895,10.916,19.147,19.797,32.714,31.451,38.324,23.527,37.765,37.346,60.578,32.591,83.417
6.46,16.838,13.985,36.249,18.991,23.042,22.349,8.5972,23.487,17.995,23.171,8.6066,7.4048,5.9135,28.572,12.599,17.862,51.812,8.5115,11.013,44.701,78.644,17.375,53.402,28.925,5.7659,4.6947,11.83,10.931,19.149,19.758,32.758,31.452,38.569,23.572,37.723,37.176,60.754,32.715,83.446
6.47,16.824,14.012,36.394,18.998,23.029,22.341,8.5867,23.456,17.992,23.158,8.5996,7.3927,5.9132,28.517,12.578,17.873,51.87,8.4838,11.057,44.836,78.532,17.384,53.433,28.904,5.7645,4.6784,11.765,10.945,19.151,19.719,32.801,31.45,38.814,23.615,37.677,37.001,60.925,32.836,83.473
6.48,16.81,14.038,36.538,19.005,23.017,22.333,8.5762,23.425,17.989,23.145,8.5925,7.3805,5.9128,28.461,12.557,17.883,51.928,8.4558,11.101,44.971,78.467,17.392,53.462,28.883,5.7623,4.6623,11.699,10.959,19.153,19.679,32.845,31.446,39.058,23.656,37.628,36.821,61.094,32.955,83.499
6.49,16.795,14.064,36.68,19.011,23.004,22.325,8.5656,23.394,17.987,23.132,8.5854,7.3682,5.9123,28.405,12.536,17.893,51.986,8.4274,11.144,45.105,78.495,17.4,53.488,28.861,5.7592,4.6463,11.633,10.973,19.154,19.64,32.887,31.438,39.301,23.695,37.576,36.636,61.259,33.07,83.523
6.5,16.781,14.089,36.821,19.018,22.99,22.317,8.5551,23.363,17.984,23.119,8.5783,7.3558,5.9116,28.349,12.516,17.904,52.043,8.3987,11.187,45.239,78.522,17.408,53.51,28.839,5.7554,4.6304,11.567,10.987,19.156,19.6,32.93,31.428,39.544,23.733,37.52,36.452,61.422,33.184,83.545
6.51,16.767,14.114,36.96,19.024,22.977,22.309,8.5446,23.331,17.981,23.107,8.5713,7.3433,5.9108,28.293,12.495,17.914,52.099,8.3696,11.229,45.371,78.55,17.415,53.53,28.817,5.7508,4.6146,11.5,11,19.158,19.56,32.972,31.415,39.786,23.769,37.461,36.265,61.583,33.295,83.566
6.52,16.753,14.139,37.098,19.031,22.963,22.301,8.5341,23.3,17.978,23.094,8.5642,7.3307,5.9099,28.236,12.474,17.924,52.155,8.3401,11.272,45.503,78.576,17.422,53.546,28.795,5.7454,4.5989,11.433,11.013,19.16,19.52,33.014,31.399,40.027,23.802,37.4,36.074,61.741,33.403,83.585
6.53,16.738,14.163,37.234,19.037,22.949,22.293,8.5236,23.268,17.975,23.081,8.5572,7.3181,5.9089,28.179,12.453,17.934,52.211,8.3102,11.314,45.634,78.603,17.429,53.56,28.772,5.7393,4.5833,11.366,11.026,19.161,19.479,33.056,31.381,40.267,23.834,37.336,35.879,61.898,33.51,83.61
6.54,16.724,14.187,37.369,19.044,22.935,22.285,8.5132,23.237,17.972,23.068,8.5502,7.3053,5.9078,28.122,12.433,17.944,52.265,8.2799,11.355,45.765,78.629,17.435,53.57,28.749,5.7325,4.5679,11.298,11.038,19.163,19.439,33.097,31.36,40.506,23.864,37.268,35.68,62.053,33.614,83.728
6.55,16.709,14.211,37.502,19.05,22.921,22.276,8.5027,23.206,17.969,23.055,8.5431,7.2925,5.9065,28.064,12.412,17.953,52.32,8.2492,11.396,45.895,78.655,17.441,53.578,28.726,5.7249,4.5525,11.231,11.051,19.165,19.398,33.138,31.336,40.743,23.891,37.197,35.478,62.206,33.715,83.846
6.56,16.694,14.234,37.634,19.056,22.907,22.268,8.4923,23.174,17.967,23.041,8.5361,7.2795,5.9051,28.006,12.391,17.963,52.374,8.2181,11.437,46.024,78.68,17.446,53.582,28.703,5.7165,4.5373,11.163,11.063,19.166,19.357,33.178,31.311,40.979,23.916,37.122,35.273,62.357,33.815,83.963
6.57,16.68,14.257,37.764,19.062,22.894,22.259,8.4818,23.143,17.964,23.028,8.5292,7.2665,5.9036,27.948,12.371,17.973,52.427,8.1866,11.477,46.152,78.705,17.451,53.584,28.679,5.7074,4.5222,11.095,11.074,19.168,19.315,33.218,31.283,41.214,23.939,37.043,35.064,62.507,34.04,84.08
6.58,16.665,14.279,37.893,19.068,22.882,22.251,8.4714,23.111,17.961,23.015,8.5222,7.2534,5.902,27.89,12.35,17.982,52.48,8.1548,11.517,46.279,78.73,17.455,53.584,28.654,5.6975,4.5072,11.027,11.086,19.169,19.274,33.258,31.252,41.447,23.961,36.961,34.85,62.655,34.38,84.197
6.59,16.65,14.301,38.021,19.075,22.872,22.243,8.461,23.079,17.958,23.002,8.5152,7.2402,5.9002,27.832,12.329,17.991,52.532,8.1226,11.556,46.406,78.754,17.459,53.58,28.63,5.6869,4.4923,10.958,11.097,19.171,19.232,33.297,31.219,41.678,23.98,36.874,34.633,62.799,34.716,84.314
6.6,16.635,14.326,38.147,19.081,22.863,22.234,8.4506,23.048,17.955,22.988,8.5083,7.227,5.8984,27.773,12.309,18.001,52.584,8.1142,11.595,46.532,78.777,17.463,53.574,28.606,5.6754,4.4808,10.89,11.108,19.173,19.191,33.335,31.185,41.908,23.998,36.784,34.411,62.94,35.047,84.431
6.61,16.62,14.372,38.272,19.086,22.856,22.226,8.4402,23.016,17.953,22.975,8.5013,7.2136,5.8964,27.714,12.288,18.01,52.635,8.1101,11.634,46.657,78.801,17.466,53.565,28.581,5.6632,4.4771,10.822,11.118,19.174,19.149,33.374,31.148,42.136,24.014,36.689,34.184,63.077,35.372,84.547
6.62,16.605,14.418,38.395,19.092,22.85,22.217,8.4299,22.984,17.95,22.962,8.4944,7.2003,5.8944,27.654,12.267,18.019,52.686,8.1058,11.672,46.781,78.823,17.468,53.553,28.555,5.6503,4.4734,10.754,11.129,19.176,19.107,33.411,31.109,42.362,24.028,36.759,34.024,63.211,35.692,84.663
6.63,16.59,14.464,38.517,19.098,22.845,22.209,8.4195,22.952,17.947,22.949,8.4875,7.187,5.8922,27.595,12.247,18.028,52.737,8.1014,11.71,46.904,78.846,17.471,53.539,28.53,5.6367,4.4698,10.685,11.139,19.177,19.064,33.449,31.069,42.587,24.041,36.849,34.122,63.34,36.006,84.778
6.64,16.575,14.509,38.638,19.104,22.841,22.2,8.4092,22.921,17.944,22.936,8.4805,7.1736,5.8899,27.535,12.226,18.037,52.787,8.0968,11.747,47.026,78.867,17.472,53.522,28.504,5.6224,4.4661,10.617,11.149,19.179,19.022,33.486,31.026,42.81,24.053,36.934,34.205,63.467,36.313,84.892
6.65,16.56,14.555,38.757,19.109,22.836,22.191,8.3989,22.889,17.941,22.922,8.4736,7.1602,5.8874,27.476,12.205,18.046,52.837,8.092,11.784,47.148,78.889,17.473,53.502,28.478,5.6073,4.4625,10.549,11.158,19.18,18.98,33.522,30.981,43.032,24.063,37.016,34.274,63.589,36.614,85.005
6.66,16.545,14.6,38.874,19.115,22.832,22.182,8.3886,22.857,17.939,22.909,8.4668,7.1466,5.8849,27.416,12.185,18.054,52.886,8.0871,11.82,47.269,78.909,17.474,53.48,28.452,5.5917,4.4589,10.482,11.168,19.182,18.938,33.559,30.934,43.251,24.072,37.094,34.329,63.708,36.908,85.116
6.67,16.53,14.648,38.989,19.12,22.827,22.174,8.3783,22.825,17.936,22.896,8.4599,7.1331,5.8823,27.356,12.164,18.063,52.935,8.082,11.856,47.388,78.93,17.474,53.456,28.425,5.5755,4.4552,10.414,11.177,19.183,18.896,33.595,30.884,43.47,24.078,37.169,34.37,63.823,37.194,85.225
6.68,16.514,14.797,39.103,19.125,22.823,22.165,8.3681,22.793,17.933,22.882,8.453,7.1194,5.8796,27.295,12.144,18.071,52.984,8.0766,11.891,47.507,78.949,17.474,53.429,28.398,5.5588,4.4517,10.347,11.186,19.185,18.854,33.631,30.833,43.687,24.083,37.24,34.398,63.936,37.473,85.334
6.69,16.499,14.947,39.216,19.131,22.818,22.156,8.3579,22.761,17.93,22.869,8.4462,7.1057,5.8767,27.234,12.123,18.08,53.032,8.0711,11.926,47.625,78.969,17.473,53.399,28.371,5.5417,4.4481,10.281,11.194,19.186,18.811,33.666,30.78,43.902,24.085,37.307,34.414,64.045,37.744,85.44
6.7,16.484,15.095,39.326,19.136,22.813,22.147,8.3476,22.729,17.927,22.856,8.4393,7.0919,5.8738,27.173,12.102,18.088,53.08,8.0653,11.961,47.742,78.987,17.472,53.368,28.344,5.5243,4.4445,10.214,11.203,19.188,18.769,33.701,30.725,44.116,24.086,37.37,34.418,64.151,38.008,85.545
6.71,16.468,15.243,39.436,19.141,22.809,22.139,8.3375,22.697,17.925,22.842,8.4325,7.078,5.8709,27.113,12.082,18.097,53.127,8.0594,11.994,47.859,79.006,17.47,53.333,28.316,5.5066,4.441,10.149,11.211,19.189,18.726,33.736,30.668,44.329,24.085,37.43,34.411,64.254,38.263,85.648
6.72,16.453,15.39,39.543,19.146,22.804,22.13,8.3273,22.665,17.922,22.829,8.4257,7.0641,5.868,27.052,12.061,18.105,53.174,8.0532,12.028,47.974,79.023,17.468,53.297,28.288,5.4887,4.4374,10.083,11.218,19.19,18.683,33.77,30.61,44.54,24.082,37.486,34.393,64.355,38.511,85.75
6.73,16.437,15.537,39.649,19.151,22.799,22.121,8.3171,22.633,17.919,22.815,8.4189,7.0501,5.8649,26.991,12.041,18.113,53.22,8.0469,12.06,48.089,79.041,17.465,53.258,28.26,5.4706,4.4339,10.033,11.226,19.192,18.64,33.803,30.549,44.75,24.077,37.538,34.364,64.453,38.75,85.85
6.74,16.422,15.683,39.753,19.156,22.795,22.112,8.307,22.601,17.916,22.801,8.4121,7.036,5.8617,26.929,12.02,18.121,53.265,8.0403,12.092,48.202,79.057,17.461,53.217,28.231,5.4523,4.4304,9.9942,11.234,19.193,18.597,33.837,30.486,44.959,24.07,37.587,34.324,64.55,38.98,85.948
6.75,16.406,15.828,39.856,19.16,22.79,22.103,8.2969,22.569,17.914,22.788,8.4053,7.0219,5.8584,26.868,12,18.129,53.31,8.0336,12.124,48.315,79.073,17.457,53.174,28.202,5.4339,4.4269,9.9554,11.241,19.194,18.554,33.869,30.422,45.167,24.062,37.633,34.273,64.645,39.201,86.044
6.76,16.39,15.972,39.957,19.165,22.786,22.094,8.2868,22.537,17.911,22.774,8.3985,7.0077,5.8551,26.806,11.979,18.137,53.354,8.0266,12.155,48.427,79.089,17.453,53.129,28.173,5.4155,4.4234,9.9167,11.248,19.196,18.511,33.902,30.356,45.373,24.053,37.675,34.211,64.739,39.413,86.139
6.77,16.375,16.115,40.057,19.17,22.781,22.085,8.2768,22.505,17.908,22.76,8.3918,6.9934,5.8516,26.744,11.959,18.144,53.398,8.0195,12.186,48.538,79.104,17.448,53.082,28.144,5.3973,4.42,9.8777,11.254,19.197,18.468,33.934,30.289,45.579,24.041,37.715,34.139,64.831,39.616,86.232
6.78,16.359,16.257,40.155,19.175,22.777,22.076,8.2668,22.473,17.905,22.747,8.3851,6.9791,5.848,26.681,11.938,18.152,53.441,8.0122,12.216,48.648,79.119,17.443,53.033,28.114,5.379,4.4165,9.8389,11.261,19.199,18.425,33.965,30.22,45.783,24.028,37.751,34.1,64.921,39.808,86.324
6.79,16.343,16.398,40.252,19.179,22.772,22.067,8.2568,22.441,17.903,22.733,8.3783,6.9648,5.8443,26.619,11.918,18.16,53.483,8.0047,12.245,48.758,79.132,17.437,52.981,28.084,5.3608,4.4131,9.8001,11.267,19.2,18.382,33.996,30.149,45.986,24.013,37.784,34.057,65.009,39.989,86.414
6.8,16.327,16.539,40.347,19.184,22.767,22.058,8.2468,22.409,17.9,22.72,8.3716,6.9504,5.8406,26.557,11.897,18.167,53.524,7.997,12.274,48.867,79.146,17.431,52.928,28.054,5.3426,4.4097,9.7614,11.274,19.201,18.338,34.027,30.076,46.189,23.997,37.814,34.004,65.094,40.16,86.502
6.81,16.311,16.678,40.441,19.188,22.762,22.049,8.2368,22.377,17.897,22.706,8.3649,6.9359,5.8367,26.495,11.877,18.175,53.565,7.9891,12.303,48.974,79.159,17.424,52.873,28.024,5.3244,4.4064,9.7228,11.28,19.203,18.295,34.058,30.003,46.39,23.978,37.841,33.94,65.175,40.32,86.588
6.82,16.295,16.817,40.534,19.193,22.757,22.039,8.2269,22.345,17.895,22.693,8.3582,6.9216,5.8327,26.433,11.856,18.182,53.605,7.9811,12.331,49.082,79.171,17.417,52.816,27.993,5.3064,4.403,9.6844,11.286,19.204,18.252,34.089,29.927,46.59,23.958,37.866,33.867,65.254,40.468,86.673
6.83,16.279,16.954,40.625,19.197,22.769,22.03,8.217,22.312,17.892,22.679,8.3515,6.9072,5.8287,26.37,11.836,18.189,53.645,7.9729,12.358,49.188,79.183,17.409,52.757,27.962,5.2884,4.3996,9.6462,11.292,19.205,18.208,34.118,29.85,46.789,23.936,37.887,33.783,65.329,40.605,86.756
6.84,16.263,17.09,40.715,19.201,22.822,22.021,8.2071,22.28,17.889,22.665,8.3449,6.8927,5.8245,26.307,11.816,18.196,53.685,7.9645,12.384,49.294,79.194,17.401,52.696,27.931,5.2706,4.3963,9.6084,11.298,19.206,18.165,34.148,29.772,46.988,23.912,37.906,33.691,65.401,40.73,86.838
6.85,16.247,17.225,40.803,19.205,22.874,22.012,8.1973,22.248,17.886,22.652,8.3382,6.8782,5.8203,26.244,11.795,18.204,53.724,7.9559,12.41,49.399,79.205,17.392,52.633,27.9,5.2528,4.393,9.5708,11.303,19.208,18.121,34.177,29.692,47.184,23.886,37.922,33.589,65.469,40.843,86.918
6.86,16.231,17.359,40.89,19.21,22.924,22.003,8.1874,22.216,17.884,22.638,8.3316,6.8637,5.8159,26.181,11.775,18.211,53.762,7.9472,12.436,49.504,79.216,17.383,52.568,27.868,5.235,4.3897,9.5337,11.308,19.209,18.078,34.206,29.612,47.38,23.859,37.935,33.479,65.534,40.945,86.996
6.87,16.215,17.491,40.976,19.214,22.972,21.993,8.1776,22.184,17.881,22.624,8.3249,6.8491,5.8115,26.118,11.754,18.218,53.801,7.9384,12.461,49.608,79.225,17.373,52.502,27.836,5.217,4.3865,9.4969,11.313,19.21,18.034,34.234,29.53,47.574,23.83,37.945,33.361,65.595,41.035,87.074
6.88,16.199,17.623,41.061,19.218,23.018,21.984,8.1679,22.151,17.878,22.61,8.3183,6.8344,5.807,26.055,11.734,18.224,53.839,7.9293,12.485,49.711,79.235,17.363,52.435,27.804,5.1988,4.3832,9.4606,11.318,19.212,17.991,34.262,29.446,47.768,23.8,37.951,33.235,65.653,41.114,87.149
6.89,16.183,17.753,41.144,19.221,23.063,21.975,8.1581,22.119,17.876,22.597,8.3117,6.8197,5.8024,25.992,11.714,18.231,53.877,7.9202,12.508,49.814,79.243,17.352,52.366,27.771,5.1804,4.38,9.4249,11.322,19.213,17.947,34.289,29.362,47.959,23.769,37.955,33.101,65.708,41.182,87.223
6.9,16.166,17.881,41.226,19.225,23.106,21.965,8.1484,22.087,17.873,22.583,8.3051,6.8049,5.7977,25.929,11.694,18.238,53.914,7.9108,12.532,49.916,79.251,17.341,52.296,27.739,5.1618,4.3768,9.3897,11.326,19.214,17.904,34.316,29.277,48.15,23.735,37.955,32.96,65.759,41.24,87.296
6.91,16.15,18.008,41.307,19.229,23.147,21.956,8.1387,22.055,17.87,22.569,8.2985,6.7901,5.7929,25.866,11.673,18.245,53.951,7.9014,12.554,50.018,79.259,17.33,52.226,27.706,5.1429,4.3736,9.3551,11.331,19.215,17.86,34.343,29.19,48.34,23.7,37.953,32.812,65.807,41.424,87.367
6.92,16.134,18.134,41.387,19.233,23.186,21.947,8.1291,22.023,17.868,22.555,8.2919,6.7753,5.7881,25.802,11.653,18.251,53.987,7.8917,12.576,50.119,79.266,17.318,52.158,27.672,5.1274,4.3704,9.3212,11.334,19.217,17.817,34.369,29.103,48.528,23.664,37.947,32.658,65.853,41.611,87.437
6.93,16.118,18.258,41.466,19.236,23.224,21.938,8.1195,21.991,17.865,22.541,8.2854,6.7604,5.7831,25.738,11.633,18.258,54.022,7.882,12.598,50.219,79.273,17.306,52.107,27.639,5.1415,4.3673,9.288,11.338,19.218,17.773,34.395,29.015,48.714,23.625,37.938,32.499,65.895,41.789,87.507
6.94,16.101,18.381,41.544,19.24,23.259,21.928,8.1099,21.958,17.862,22.527,8.2788,6.7455,5.7781,25.675,11.613,18.264,54.057,7.8722,12.618,50.319,79.279,17.293,52.062,27.605,5.1575,4.3642,9.2555,11.342,19.219,17.73,34.42,28.927,48.9,23.585,37.926,32.335,65.934,41.958,87.575
6.95,16.085,18.502,41.621,19.243,23.293,21.919,8.1003,21.926,17.86,22.513,8.2723,6.7305,5.773,25.611,11.593,18.271,54.09,7.8621,12.639,50.418,79.285,17.28,52.018,27.571,5.1781,4.3611,9.2237,11.345,19.22,17.687,34.446,28.837,49.084,23.543,37.911,32.166,65.971,42.118,87.643
6.96,16.068,18.622,41.697,19.247,23.326,21.909,8.0908,21.894,17.857,22.5,8.2659,6.7246,5.7678,25.547,11.573,18.277,54.123,7.852,12.658,50.516,79.29,17.267,51.973,27.537,5.2076,4.358,9.1929,11.348,19.221,17.643,34.471,28.746,49.266,23.5,37.892,31.993,66.004,42.268,87.71
6.97,16.052,18.74,41.772,19.25,23.356,21.9,8.0813,21.862,17.854,22.486,8.2595,6.7259,5.7625,25.483,11.553,18.283,54.155,7.8418,12.677,50.613,79.295,17.253,51.927,27.503,5.2372,4.355,9.1629,11.351,19.223,17.6,34.496,28.655,49.447,23.455,37.871,31.816,66.035,42.409,87.777
6.98,16.035,18.856,41.847,19.253,23.385,21.891,8.0718,21.829,17.852,22.472,8.253,6.7269,5.7572,25.419,11.533,18.29,54.186,7.8315,12.695,50.709,79.299,17.239,51.88,27.665,5.2668,4.3519,9.1338,11.354,19.224,17.556,34.52,28.563,49.626,23.409,37.846,31.636,66.064,42.54,87.843
6.99,16.019,18.971,41.92,19.256,23.413,21.881,8.0623,21.797,17.849,22.458,8.2466,6.7275,5.7517,25.355,11.513,18.296,54.216,7.8211,12.713,50.805,79.303,17.224,51.831,27.853,5.2964,4.3489,9.1056,11.356,19.225,17.513,34.543,28.47,49.803,23.362,37.819,31.453,66.091,42.661,87.908
7,16.002,19.083,41.993,19.26,23.44,21.872,8.0529,21.765,17.846,22.444,8.2402,6.7275,5.7462,25.292,11.493,18.302,54.246,7.8106,12.73,50.899,79.307,17.21,51.781,28.04,5.3259,4.3459,9.0785,11.358,19.226,17.47,34.567,28.376,49.979,23.313,37.788,31.267,66.115,42.773,87.971
7.01,15.985,19.194,42.066,19.263,23.466,21.862,8.0436,21.733,17.844,22.43,8.2338,6.7272,5.7406,25.228,11.473,18.308,54.274,7.8,12.747,50.992,79.309,17.194,51.729,28.227,5.3551,4.3429,9.0523,11.36,19.228,17.427,34.59,28.281,50.152,23.262,37.755,31.079,66.138,42.875,88.034
7.02,15.969,19.303,42.137,19.266,23.491,21.853,8.0342,21.701,17.841,22.417,8.2275,6.7264,5.735,25.164,11.453,18.314,54.301,7.7894,12.763,51.085,79.312,17.179,51.676,28.413,5.3841,4.34,9.0272,11.362,19.229,17.383,34.612,28.186,50.324,23.21,37.718,30.89,66.159,42.968,88.095
7.03,15.952,19.41,42.208,19.269,23.515,21.843,8.0249,21.669,17.839,22.403,8.2211,6.7297,5.7292,25.1,11.433,18.32,54.328,7.7788,12.778,51.176,79.314,17.163,51.62,28.599,5.4128,4.3371,9.0033,11.364,19.23,17.34,34.634,28.09,50.493,23.158,37.679,30.699,66.177,43.052,88.154
7.04,15.935,19.516,42.278,19.272,23.539,21.834,8.0156,21.637,17.836,22.389,8.2148,6.7375,5.7234,25.036,11.413,18.326,54.353,7.7681,12.793,51.266,79.315,17.147,51.563,28.784,5.4412,4.3342,8.9804,11.366,19.231,17.297,34.656,27.993,50.661,23.103,37.636,30.507,66.193,43.127,88.212
7.05,15.919,19.619,42.348,19.275,23.563,21.824,8.0063,21.604,17.833,22.375,8.2084,6.7448,5.7175,24.971,11.394,18.332,54.378,7.7575,12.808,51.355,79.317,17.131,51.505,28.969,5.4692,4.3313,8.9587,11.367,19.232,17.254,34.677,27.896,50.826,23.048,37.59,30.315,66.207,43.194,88.269
7.06,15.902,19.72,42.416,19.278,23.586,21.815,7.9971,21.572,17.831,22.361,8.2021,6.7534,5.7115,24.907,11.374,18.338,54.401,7.7469,12.822,51.443,79.318,17.115,51.444,29.154,5.497,4.3285,8.9382,11.368,19.234,17.212,34.698,27.799,50.99,22.992,37.542,30.123,66.218,43.253,88.323
7.07,15.885,19.819,42.483,19.281,23.609,21.805,7.9879,21.54,17.828,22.347,8.1958,6.7653,5.7055,24.843,11.354,18.344,54.424,7.7364,12.835,51.53,79.318,17.098,51.382,29.337,5.5243,4.3256,8.9189,11.369,19.235,17.169,34.719,27.701,51.15,22.934,37.49,29.932,66.227,43.305,88.376
7.08,15.868,19.917,42.55,19.283,23.632,21.796,7.9788,21.508,17.826,22.333,8.1895,6.7768,5.6994,24.778,11.334,18.349,54.446,7.7258,12.848,51.615,79.317,17.081,51.318,29.521,5.5513,4.3228,8.9009,11.37,19.236,17.126,34.739,27.603,51.309,22.875,37.435,29.742,66.233,43.349,88.428
7.09,15.851,20.012,42.616,19.286,23.655,21.786,7.9697,21.476,17.823,22.319,8.1832,6.7876,5.6932,24.714,11.314,18.355,54.467,7.7151,12.86,51.699,79.317,17.064,51.252,29.703,5.578,4.32,8.8841,11.371,19.237,17.084,34.76,27.505,51.465,22.815,37.378,29.553,66.237,43.386,88.477
7.1,15.835,20.105,42.681,19.289,23.677,21.777,7.9606,21.444,17.82,22.305,8.1769,6.7978,5.6869,24.65,11.295,18.36,54.487,7.7045,12.871,51.782,79.316,17.047,51.185,29.885,5.6042,4.3173,8.8686,11.371,19.238,17.042,34.779,27.408,51.618,22.754,37.317,29.366,66.239,43.417,88.525
7.11,15.818,20.196,42.745,19.291,23.7,21.767,7.9515,21.412,17.818,22.291,8.1706,6.8076,5.6806,24.586,11.275,18.366,54.506,7.6939,12.882,51.864,79.314,17.029,51.115,30.067,5.6302,4.3145,8.8545,11.372,19.24,16.999,34.799,27.31,51.769,22.692,37.253,29.242,66.24,43.44,88.57
7.12,15.801,20.284,42.808,19.294,23.722,21.757,7.9425,21.38,17.815,22.277,8.1644,6.8165,5.6742,24.522,11.255,18.371,54.525,7.6831,12.892,51.945,79.313,17.012,51.045,30.247,5.6557,4.3118,8.8417,11.372,19.241,16.957,34.818,27.213,51.917,22.629,37.187,29.195,66.239,43.456,88.615
7.13,15.784,20.371,42.871,19.296,23.743,21.748,7.9335,21.348,17.813,22.263,8.1581,6.825,5.6677,24.458,11.236,18.376,54.542,7.6724,12.902,52.024,79.311,16.994,50.972,30.427,5.6809,4.3092,8.8302,11.372,19.242,16.915,34.837,27.116,52.062,22.565,37.118,29.148,66.237,43.465,88.657
7.14,15.767,20.456,42.933,19.298,23.763,21.738,7.9245,21.316,17.81,22.249,8.1519,6.8329,5.6612,24.394,11.216,18.381,54.558,7.6616,12.912,52.102,79.308,16.976,50.898,30.606,5.7058,4.3065,8.8202,11.372,19.243,16.872,34.855,27.019,52.204,22.499,37.046,29.1,66.233,43.467,88.697
7.15,15.75,20.538,42.994,19.3,23.782,21.728,7.9156,21.284,17.808,22.235,8.1457,6.8399,5.672,24.329,11.197,18.387,54.573,7.6508,12.92,52.179,79.305,16.958,50.823,30.785,5.7305,4.3038,8.8115,11.371,19.245,16.83,34.873,26.923,52.343,22.433,36.971,29.052,66.229,43.461,88.735
7.16,15.733,20.618,43.054,19.303,23.8,21.719,7.9067,21.252,17.805,22.221,8.1395,6.8466,5.6957,24.265,11.177,18.392,54.587,7.64,12.929,52.254,79.302,16.94,50.746,30.962,5.7548,4.3012,8.8049,11.371,19.246,16.788,34.89,26.827,52.479,22.365,36.894,29.002,66.222,43.448,88.772
7.17,15.716,20.697,43.113,19.305,23.817,21.709,7.8979,21.22,17.802,22.207,8.1333,6.8527,5.7187,24.201,11.157,18.397,54.6,7.6291,12.937,52.329,79.299,16.922,50.667,31.139,5.7788,4.2986,8.7999,11.37,19.247,16.747,34.907,26.732,52.611,22.296,36.814,28.951,66.213,43.492,88.807
7.18,15.699,20.774,43.171,19.307,23.833,21.7,7.8891,21.188,17.8,22.193,8.1271,6.8579,5.7412,24.137,11.138,18.402,54.612,7.6182,12.944,52.402,79.294,16.903,50.587,31.314,5.8025,4.296,8.7962,11.369,19.248,16.705,34.924,26.636,52.741,22.227,36.731,28.9,66.203,43.613,88.84
7.19,15.682,20.848,43.229,19.309,23.847,21.69,7.8803,21.156,17.797,22.179,8.121,6.8626,5.7633,24.072,11.119,18.407,54.623,7.6073,12.951,52.473,79.29,16.885,50.505,31.489,5.8258,4.2934,8.794,11.368,19.25,16.663,34.94,26.541,52.867,22.176,36.645,28.847,66.19,43.729,88.87
7.2,15.665,20.921,43.286,19.311,23.861,21.681,7.8715,21.124,17.795,22.165,8.1148,6.8669,5.785,24.008,11.099,18.411,54.633,7.5965,12.957,52.544,79.286,16.866,50.422,31.663,5.8488,4.2909,8.7931,11.367,19.251,16.621,34.956,26.447,52.989,22.183,36.557,28.794,66.174,43.839,88.9
7.21,15.647,20.992,43.342,19.313,23.875,21.671,7.8628,21.092,17.792,22.151,8.1087,6.8704,5.8061,23.944,11.08,18.416,54.642,7.5857,12.963,52.613,79.28,16.848,50.337,31.836,5.8714,4.2884,8.7937,11.366,19.252,16.58,34.972,26.352,53.109,22.19,36.467,28.739,66.157,43.945,88.927
7.22,15.63,21.061,43.397,19.314,23.89,21.661,7.8541,21.06,17.79,22.137,8.1025,6.8732,5.8265,23.88,11.06,18.421,54.65,7.5753,12.968,52.681,79.275,16.829,50.251,32.008,5.8936,4.286,8.7956,11.365,19.254,16.539,34.987,26.258,53.224,22.196,36.374,28.683,66.138,44.047,88.952
7.23,15.613,21.128,43.451,19.316,23.907,21.652,7.8455,21.029,17.787,22.123,8.0964,6.8756,5.8464,23.816,11.041,18.426,54.657,7.566,12.973,52.747,79.269,16.811,50.163,32.178,5.9153,4.2835,8.799,11.363,19.255,16.497,35.001,26.165,53.337,22.202,36.279,28.627,66.116,44.145,88.976
7.24,15.596,21.193,43.504,19.318,23.926,21.642,7.8369,20.997,17.785,22.109,8.0903,6.8774,5.8657,23.752,11.022,18.43,54.663,7.5568,12.977,52.812,79.263,16.792,50.074,32.348,5.9367,4.2811,8.8038,11.361,19.256,16.456,35.016,26.072,53.445,22.208,36.181,28.569,66.092,44.239,88.998
7.25,15.579,21.256,43.555,19.32,23.945,21.633,7.8283,20.965,17.782,22.095,8.0842,6.8785,5.8844,23.688,11.002,18.435,54.668,7.5477,12.981,52.876,79.257,16.774,49.983,32.517,5.9576,4.2787,8.8101,11.359,19.257,16.415,35.031,25.98,53.55,22.213,36.082,28.51,66.065,44.328,89.017
7.26,15.562,21.317,43.606,19.322,23.963,21.623,7.8197,20.933,17.78,22.081,8.0781,6.8791,5.9025,23.625,10.983,18.439,54.672,7.5386,12.985,52.938,79.25,16.755,49.891,32.684,5.978,4.2763,8.8177,11.357,19.259,16.374,35.045,25.888,53.651,22.219,35.98,28.45,66.035,44.413,89.036
7.27,15.544,21.376,43.655,19.323,23.981,21.613,7.8112,20.901,17.777,22.067,8.0721,6.8792,5.9203,23.561,10.964,18.443,54.676,7.5295,12.987,53,79.243,16.737,49.798,32.85,5.9981,4.2739,8.8269,11.355,19.26,16.333,35.059,25.797,53.748,22.224,35.876,28.389,66.003,44.493,89.052
7.28,15.527,21.433,43.702,19.325,23.997,21.603,7.8028,20.87,17.775,22.053,8.066,6.8786,5.9376,23.497,10.945,18.448,54.678,7.5203,12.99,53.059,79.236,16.719,49.704,33.016,6.0178,4.2715,8.8375,11.353,19.261,16.292,35.072,25.707,53.841,22.229,35.77,28.327,65.967,44.567,89.066
7.29,15.51,21.488,43.748,19.326,24.011,21.594,7.7943,20.843,17.772,22.039,8.0599,6.8776,5.9543,23.433,10.926,18.452,54.68,7.5111,12.992,53.118,79.228,16.7,49.609,33.18,6.0371,4.2692,8.8495,11.35,19.263,16.252,35.085,25.618,53.93,22.238,35.663,28.265,65.928,44.635,89.079
7.3,15.493,21.541,43.792,19.328,24.024,21.584,7.7859,20.838,17.77,22.025,8.0539,6.8849,5.9704,23.37,10.907,18.456,54.68,7.5018,12.994,53.175,79.22,16.682,49.513,33.342,6.056,4.2669,8.863,11.348,19.264,16.211,35.098,25.529,54.015,22.25,35.554,28.203,65.887,44.697,89.091
7.31,15.475,21.591,43.835,19.329,24.036,21.575,7.7776,20.833,17.767,22.012,8.0479,6.895,5.9859,23.306,10.887,18.461,54.68,7.4926,12.995,53.23,79.211,16.664,49.416,33.504,6.0745,4.2646,8.8779,11.345,19.265,16.171,35.11,25.441,54.097,22.262,35.443,28.141,65.842,44.751,89.101
7.32,15.458,21.639,43.877,19.331,24.045,21.565,7.7692,20.828,17.765,21.997,8.0419,6.9047,6.0008,23.268,10.868,18.465,54.679,7.4832,12.996,53.285,79.203,16.646,49.319,33.664,6.0926,4.2624,8.8943,11.342,19.267,16.131,35.122,25.354,54.174,22.274,35.33,28.08,65.794,44.797,89.109
7.33,15.441,21.684,43.917,19.332,24.053,21.555,7.7609,20.823,17.762,21.983,8.0359,6.9137,6.0151,23.237,10.849,18.469,54.678,7.4739,12.996,53.338,79.194,16.628,49.222,33.823,6.1105,4.2601,8.9121,11.34,19.268,16.091,35.134,25.268,54.247,22.285,35.216,28.02,65.745,44.835,89.115
7.34,15.423,21.727,43.955,19.333,24.059,21.546,7.7527,20.818,17.76,21.969,8.0299,6.922,6.0289,23.207,10.83,18.473,54.676,7.4644,12.996,53.389,79.184,16.61,49.125,33.98,6.1279,4.2579,8.9312,11.337,19.269,16.051,35.145,25.183,54.315,22.295,35.102,28.026,65.693,44.909,89.121
7.35,15.406,21.767,43.992,19.334,24.063,21.536,7.7445,20.813,17.757,21.955,8.0239,6.93,6.0425,23.177,10.811,18.477,54.673,7.455,12.995,53.439,79.175,16.592,49.028,34.136,6.1449,4.2558,8.9518,11.334,19.27,16.011,35.156,25.098,54.38,22.304,34.986,28.034,65.638,45.025,89.125
7.36,15.388,21.804,44.027,19.335,24.066,21.526,7.7363,20.808,17.755,21.941,8.018,6.9372,6.0554,23.146,10.793,18.481,54.67,7.4454,12.995,53.488,79.165,16.574,48.93,34.291,6.1616,4.2536,8.9738,11.331,19.272,15.971,35.167,25.015,54.44,22.312,34.869,28.04,65.583,45.135,89.128
7.37,15.371,21.839,44.061,19.336,24.066,21.517,7.7281,20.803,17.752,21.927,8.012,6.9438,6.0678,23.116,10.774,18.484,54.666,7.4359,12.993,53.536,79.155,16.557,48.832,34.444,6.1778,4.2514,8.9972,11.327,19.273,15.931,35.177,24.933,54.496,22.32,34.751,28.046,65.525,45.238,89.129
7.38,15.354,21.871,44.094,19.337,24.065,21.507,7.72,20.798,17.75,21.913,8.0061,6.95,6.0796,23.086,10.755,18.488,54.661,7.4263,12.992,53.582,79.144,16.539,48.734,34.596,6.1937,4.2493,9.0218,11.324,19.274,15.892,35.186,24.852,54.548,22.327,34.632,28.05,65.466,45.334,89.13
7.39,15.336,21.9,44.125,19.338,24.062,21.498,7.7119,20.793,17.748,21.899,8.0002,6.9556,6.0908,23.056,10.736,18.492,54.656,7.4166,12.989,53.627,79.134,16.522,48.635,34.746,6.2093,4.2472,9.0479,11.32,19.276,15.853,35.196,24.773,54.596,22.333,34.513,28.052,65.406,45.425,89.129
7.4,15.319,21.926,44.155,19.339,24.058,21.488,7.7039,20.788,17.745,21.885,7.9943,6.9605,6.1014,23.026,10.717,18.495,54.651,7.407,12.987,53.671,79.123,16.505,48.534,34.895,6.2244,4.2451,9.0752,11.317,19.277,15.813,35.205,24.694,54.639,22.338,34.393,28.054,65.344,45.509,89.128
7.41,15.302,21.95,44.183,19.34,24.052,21.478,7.6959,20.783,17.743,21.871,7.9884,6.9649,6.1114,22.995,10.699,18.499,54.645,7.3972,12.984,53.713,79.111,16.488,48.433,35.042,6.2391,4.2431,9.1038,11.313,19.278,15.774,35.214,24.617,54.678,22.343,34.271,28.054,65.281,45.587,89.125
7.42,15.284,21.971,44.21,19.341,24.044,21.469,7.6879,20.778,17.74,21.857,7.9825,6.9689,6.1212,22.965,10.68,18.503,54.639,7.3875,12.981,53.754,79.1,16.471,48.331,35.188,6.2534,4.241,9.1337,11.309,19.28,15.735,35.222,24.54,54.713,22.346,34.15,28.053,65.216,45.659,89.122
7.43,15.267,21.991,44.236,19.342,24.034,21.459,7.68,20.773,17.738,21.844,7.9766,6.9722,6.1305,22.935,10.661,18.506,54.632,7.3777,12.977,53.794,79.088,16.455,48.227,35.332,6.2672,4.239,9.1649,11.305,19.281,15.697,35.231,24.466,54.743,22.349,34.027,28.05,65.151,45.726,89.117
7.44,15.249,22.008,44.26,19.342,24.023,21.449,7.6721,20.768,17.735,21.83,7.9708,6.9748,6.1392,22.905,10.643,18.51,54.624,7.3679,12.973,53.833,79.076,16.438,48.122,35.475,6.2806,4.237,9.1972,11.301,19.282,15.658,35.239,24.392,54.769,22.351,33.904,28.046,65.083,45.786,89.11
7.45,15.232,22.023,44.283,19.343,24.011,21.44,7.6642,20.763,17.733,21.816,7.9649,6.9773,6.1474,22.875,10.624,18.513,54.616,7.3581,12.969,53.87,79.063,16.422,48.017,35.616,6.2935,4.235,9.2307,11.297,19.284,15.62,35.247,24.32,54.791,22.353,33.781,28.041,65.014,45.841,89.103
7.46,15.214,22.035,44.305,19.343,23.996,21.43,7.6564,20.759,17.731,21.802,7.9591,6.979,6.1549,22.845,10.605,18.516,54.608,7.3483,12.965,53.906,79.05,16.406,47.91,35.756,6.306,4.2331,9.2654,11.292,19.285,15.581,35.255,24.249,54.808,22.353,33.657,28.034,64.944,45.89,89.093
7.47,15.197,22.046,44.325,19.344,23.981,21.42,7.6486,20.754,17.728,21.788,7.9532,6.9801,6.1619,22.816,10.587,18.52,54.599,7.3384,12.96,53.941,79.038,16.39,47.802,35.894,6.318,4.2312,9.3012,11.288,19.286,15.543,35.262,24.179,54.82,22.353,33.532,28.027,64.872,45.934,89.083
7.48,15.179,22.055,44.345,19.344,23.963,21.411,7.6408,20.749,17.726,21.774,7.9474,6.981,6.1683,22.786,10.568,18.523,54.59,7.3285,12.955,53.975,79.024,16.374,47.693,36.03,6.3296,4.2293,9.3381,11.283,19.287,15.505,35.269,24.111,54.827,22.352,33.407,28.017,64.799,45.973,89.071
7.49,15.162,22.061,44.363,19.345,23.944,21.401,7.6331,20.744,17.723,21.76,7.9416,6.9813,6.1746,22.756,10.55,18.526,54.58,7.3186,12.949,54.008,79.011,16.359,47.582,36.165,6.3406,4.2274,9.376,11.278,19.289,15.467,35.275,24.045,54.829,22.351,33.281,28.007,64.724,46.006,89.058
7.5,15.144,22.066,44.38,19.345,23.924,21.392,7.6254,20.739,17.721,21.746,7.9359,6.9809,6.1803,22.726,10.532,18.529,54.57,7.3087,12.944,54.04,78.997,16.344,47.471,36.298,6.3511,4.2255,9.415,11.273,19.29,15.43,35.282,23.979,54.827,22.349,33.154,27.995,64.648,46.033,89.043
7.51,15.127,22.068,44.395,19.346,23.902,21.382,7.6178,20.734,17.719,21.732,7.9301,6.9804,6.1854,22.696,10.513,18.532,54.559,7.2988,12.937,54.071,78.982,16.328,47.358,36.43,6.3612,4.2237,9.4549,11.268,19.291,15.392,35.288,23.915,54.819,22.345,33.026,27.982,64.57,46.055,89.027
7.52,15.109,22.068,44.41,19.346,23.879,21.373,7.6101,20.729,17.716,21.718,7.9243,6.9791,6.19,22.667,10.495,18.535,54.548,7.2888,12.931,54.101,78.968,16.313,47.244,36.56,6.3708,4.2249,9.4959,11.263,19.293,15.355,35.293,23.853,54.807,22.359,32.897,27.968,64.491,46.07,89.009
7.53,15.092,22.067,44.423,19.346,23.854,21.363,7.6026,20.724,17.714,21.705,7.9186,6.9774,6.194,22.637,10.477,18.538,54.536,7.2789,12.924,54.13,78.954,16.299,47.129,36.688,6.3798,4.2395,9.5377,11.258,19.294,15.317,35.298,23.792,54.857,22.433,32.768,27.952,64.411,46.08,88.991
7.54,15.074,22.064,44.436,19.347,23.828,21.353,7.595,20.719,17.712,21.691,7.9128,6.9754,6.1975,22.608,10.458,18.541,54.523,7.2689,12.917,54.158,78.939,16.284,47.012,36.815,6.3883,4.2539,9.5804,11.253,19.295,15.28,35.303,23.732,54.95,22.503,32.637,27.935,64.33,46.084,88.97
7.55,15.056,22.06,44.447,19.347,23.801,21.344,7.5875,20.714,17.709,21.677,7.9071,6.9727,6.2007,22.578,10.44,18.544,54.51,7.2589,12.91,54.185,78.923,16.27,46.895,36.94,6.3963,4.268,9.6239,11.247,19.297,15.243,35.308,23.675,55.039,22.569,32.505,27.917,64.249,46.081,88.949
7.56,15.039,22.054,44.457,19.347,23.786,21.334,7.58,20.71,17.707,21.663,7.9014,6.9694,6.2035,22.549,10.422,18.547,54.497,7.249,12.902,54.212,78.908,16.256,46.776,37.064,6.4038,4.2818,9.6683,11.241,19.298,15.207,35.312,23.618,55.123,22.631,32.372,27.898,64.169,46.072,88.926
7.57,15.021,22.084,44.466,19.347,23.808,21.325,7.5726,20.705,17.705,21.649,7.8957,6.966,6.2057,22.519,10.404,18.55,54.483,7.2389,12.894,54.237,78.892,16.242,46.657,37.186,6.4108,4.2954,9.7134,11.236,19.299,15.17,35.316,23.563,55.203,22.69,32.238,27.878,64.088,46.056,88.902
7.58,15.004,22.158,44.474,19.347,23.829,21.315,7.5652,20.7,17.702,21.635,7.89,6.962,6.2075,22.49,10.386,18.553,54.468,7.229,12.886,54.262,78.876,16.228,46.536,37.307,6.4173,4.3088,9.7592,11.23,19.3,15.133,35.32,23.51,55.279,22.744,32.102,27.856,64.007,46.034,88.877
7.59,14.986,22.233,44.481,19.347,23.85,21.306,7.5578,20.695,17.7,21.621,7.8843,6.9573,6.2086,22.46,10.368,18.555,54.453,7.2189,12.877,54.286,78.86,16.215,46.414,37.425,6.4233,4.3219,9.8057,11.224,19.302,15.097,35.323,23.458,55.35,22.795,31.966,27.834,63.926,46.006,88.851
7.6,14.969,22.308,44.487,19.347,23.87,21.296,7.5505,20.69,17.697,21.607,7.8787,6.9523,6.2093,22.431,10.349,18.558,54.437,7.2089,12.869,54.309,78.843,16.201,46.291,37.543,6.4288,4.3347,9.8528,11.218,19.303,15.061,35.326,23.407,55.416,22.842,31.829,27.81,63.844,45.971,88.825
7.61,14.951,22.383,44.491,19.347,23.889,21.287,7.5432,20.685,17.695,21.594,7.873,6.9469,6.2097,22.402,10.331,18.561,54.421,7.1989,12.86,54.332,78.826,16.188,46.167,37.659,6.4337,4.3473,9.9006,11.212,19.304,15.025,35.329,23.358,55.478,22.886,31.691,27.786,63.762,45.929,88.799
7.62,14.933,22.458,44.494,19.347,23.909,21.277,7.536,20.68,17.693,21.58,7.8674,6.9409,6.2097,22.373,10.314,18.563,54.404,7.1888,12.85,54.354,78.809,16.175,46.169,37.773,6.4382,4.3597,9.9488,11.206,19.306,14.989,35.331,23.311,55.535,22.926,31.552,27.76,63.681,45.88,88.775
7.63,14.916,22.534,44.496,19.346,23.928,21.267,7.5288,20.675,17.691,21.566,7.8617,6.9343,6.2092,22.343,10.296,18.566,54.387,7.1788,12.841,54.375,78.791,16.163,46.185,37.886,6.4422,4.3718,9.9976,11.199,19.307,14.954,35.334,23.265,55.589,22.962,31.412,27.733,63.602,45.825,88.759
7.64,14.898,22.61,44.497,19.346,23.946,21.258,7.5216,20.67,17.688,21.552,7.8561,6.9275,6.2081,22.315,10.278,18.568,54.368,7.1687,12.831,54.395,78.773,16.15,46.2,37.997,6.4456,4.3836,10.047,11.193,19.308,14.918,35.336,23.221,55.637,22.994,31.271,27.706,63.525,45.763,88.747
7.65,14.88,22.685,44.496,19.346,23.965,21.248,7.5144,20.665,17.686,21.538,7.8505,6.9202,6.2065,22.286,10.26,18.571,54.349,7.1586,12.822,54.415,78.755,16.138,46.215,38.107,6.4486,4.3952,10.097,11.186,19.309,14.883,35.338,23.178,55.682,23.023,31.19,27.677,63.45,45.693,88.737
7.66,14.863,22.76,44.495,19.346,23.983,21.239,7.5073,20.661,17.684,21.524,7.8449,6.9124,6.2048,22.257,10.242,18.573,54.33,7.1486,12.811,54.434,78.736,16.126,46.229,38.216,6.4511,4.4066,10.147,11.18,19.311,14.848,35.34,23.136,55.722,23.048,31.227,27.648,63.377,45.617,88.726
7.67,14.845,22.834,44.492,19.345,24.001,21.229,7.5002,20.656,17.681,21.51,7.8394,6.9041,6.2026,22.228,10.224,18.575,54.309,7.1385,12.801,54.453,78.718,16.114,46.242,38.323,6.453,4.4177,10.197,11.173,19.312,14.813,35.341,23.097,55.757,23.07,31.263,27.618,63.304,45.534,88.716
7.68,14.828,22.909,44.488,19.345,24.018,21.22,7.4932,20.651,17.679,21.497,7.8338,6.8956,6.1998,22.199,10.207,18.578,54.288,7.1284,12.79,54.471,78.699,16.102,46.255,38.428,6.4544,4.4286,10.248,11.166,19.313,14.778,35.342,23.058,55.789,23.088,31.298,27.587,63.232,45.444,88.705
7.69,14.81,22.983,44.483,19.344,24.036,21.211,7.4862,20.646,17.677,21.483,7.8282,6.8865,6.1966,22.171,10.189,18.58,54.267,7.1183,12.779,54.488,78.68,16.091,46.267,38.531,6.4553,4.4392,10.299,11.159,19.314,14.743,35.343,23.022,55.816,23.102,31.332,27.556,63.16,45.346,88.695
7.7,14.792,23.057,44.477,19.344,24.053,21.201,7.4792,20.641,17.674,21.469,7.8227,6.8772,6.1931,22.142,10.186,18.582,54.244,7.1082,12.768,54.505,78.66,16.079,46.279,38.633,6.4555,4.4496,10.35,11.152,19.316,14.709,35.344,22.986,55.839,23.114,31.365,27.523,63.087,45.243,88.683
7.71,14.775,23.131,44.47,19.343,24.072,21.192,7.4723,20.636,17.672,21.455,7.8172,6.8675,6.1892,22.114,10.192,18.584,54.221,7.0982,12.757,54.521,78.64,16.068,46.29,38.734,6.4552,4.4597,10.401,11.145,19.317,14.675,35.344,22.953,55.858,23.121,31.397,27.49,63.014,45.132,88.671
7.72,14.757,23.205,44.461,19.342,24.09,21.182,7.4654,20.632,17.67,21.442,7.8117,6.8576,6.1849,22.085,10.198,18.586,54.197,7.0881,12.745,54.536,78.62,16.057,46.301,38.832,6.4544,4.4696,10.452,11.138,19.318,14.641,35.344,22.921,55.873,23.125,31.427,27.457,62.941,45.014,88.658
7.73,14.74,23.278,44.452,19.342,24.109,21.173,7.4585,20.627,17.668,21.428,7.8061,6.8473,6.1801,22.057,10.204,18.588,54.172,7.078,12.734,54.551,78.599,16.046,46.311,38.929,6.4529,4.4792,10.504,11.131,19.319,14.607,35.344,22.89,55.884,23.126,31.457,27.422,62.866,44.89,88.643
7.74,14.722,23.351,44.442,19.341,24.129,21.163,7.4517,20.622,17.665,21.414,7.8007,6.8368,6.1749,22.028,10.211,18.59,54.147,7.0679,12.721,54.564,78.578,16.036,46.32,39.025,6.4508,4.4887,10.555,11.123,19.321,14.573,35.343,22.861,55.891,23.123,31.486,27.387,62.79,44.852,88.628
7.75,14.704,23.423,44.43,19.34,24.149,21.154,7.4449,20.617,17.663,21.401,7.7952,6.8259,6.1695,22,10.217,18.592,54.121,7.0623,12.709,54.577,78.557,16.025,46.329,39.118,6.4482,4.4979,10.607,11.116,19.322,14.539,35.342,22.833,55.893,23.116,31.514,27.352,62.712,44.898,88.611
7.76,14.687,23.495,44.418,19.339,24.17,21.145,7.4381,20.612,17.661,21.387,7.7897,6.8148,6.1636,21.971,10.223,18.594,54.095,7.0582,12.697,54.59,78.535,16.015,46.337,39.21,6.445,4.5068,10.658,11.108,19.323,14.506,35.341,22.807,55.892,23.107,31.541,27.316,62.666,44.943,88.592
7.77,14.669,23.565,44.405,19.339,24.191,21.135,7.4314,20.607,17.659,21.373,7.7842,6.8032,6.1572,21.943,10.229,18.596,54.068,7.0542,12.684,54.601,78.514,16.005,46.344,39.301,6.4411,4.5155,10.709,11.101,19.324,14.473,35.339,22.782,55.887,23.094,31.567,27.279,62.64,44.987,88.572
7.78,14.651,23.635,44.39,19.338,24.211,21.126,7.4247,20.602,17.656,21.36,7.7788,6.7913,6.1505,21.915,10.235,18.598,54.04,7.0503,12.671,54.611,78.492,15.995,46.351,39.389,6.4367,4.5239,10.76,11.093,19.325,14.439,35.337,22.758,55.878,23.078,31.592,27.243,62.613,45.028,88.551
7.79,14.634,23.703,44.376,19.337,24.231,21.116,7.418,20.598,17.654,21.346,7.7734,6.7791,6.1436,21.887,10.241,18.6,54.011,7.0463,12.658,54.621,78.469,15.985,46.358,39.476,6.4317,4.5322,10.811,11.085,19.327,14.407,35.335,22.736,55.865,23.059,31.616,27.205,62.586,45.069,88.529
7.8,14.616,23.771,44.361,19.336,24.25,21.107,7.4114,20.593,17.652,21.332,7.7679,6.7665,6.1362,21.859,10.247,18.602,53.982,7.0424,12.645,54.629,78.446,15.975,46.364,39.561,6.4261,4.5402,10.862,11.077,19.328,14.374,35.333,22.716,55.849,23.037,31.638,27.167,62.559,45.107,88.505
7.81,14.598,23.838,44.345,19.335,24.268,21.098,7.4048,20.588,17.65,21.319,7.7625,6.7535,6.1283,21.831,10.253,18.604,53.953,7.0385,12.631,54.637,78.423,15.966,46.37,39.645,6.4199,4.5479,10.912,11.069,19.329,14.341,35.331,22.697,55.828,23.012,31.66,27.129,62.533,45.144,88.479
7.82,14.581,23.904,44.329,19.334,24.286,21.088,7.3983,20.583,17.647,21.305,7.7571,6.7403,6.12,21.803,10.259,18.605,53.923,7.0346,12.618,54.643,78.4,15.956,46.375,39.726,6.4131,4.5554,10.962,11.061,19.33,14.309,35.328,22.679,55.805,22.984,31.681,27.09,62.508,45.18,88.452
7.83,14.563,23.969,44.313,19.333,24.304,21.079,7.3917,20.578,17.645,21.291,7.7518,6.7265,6.1116,21.775,10.265,18.607,53.892,7.0307,12.604,54.648,78.376,15.947,46.38,39.806,6.4057,4.5627,11.012,11.053,19.331,14.277,35.325,22.662,55.778,22.952,31.701,27.051,62.483,45.213,88.424
7.84,14.546,24.033,44.296,19.332,24.321,21.07,7.3853,20.573,17.643,21.278,7.7464,6.7127,6.1028,21.747,10.271,18.609,53.861,7.0269,12.59,54.652,78.352,15.938,46.385,39.885,6.3978,4.5698,11.061,11.045,19.332,14.245,35.321,22.647,55.747,22.918,31.72,27.011,62.459,45.245,88.394
7.85,14.528,24.096,44.278,19.331,24.338,21.06,7.3788,20.569,17.641,21.264,7.741,6.6984,6.0935,21.719,10.276,18.61,53.829,7.023,12.576,54.656,78.327,15.929,46.389,39.961,6.3892,4.5766,11.11,11.036,19.333,14.213,35.318,22.633,55.713,22.881,31.738,26.971,62.437,45.276,88.363
7.86,14.51,24.16,44.26,19.33,24.355,21.051,7.3724,20.564,17.639,21.251,7.7357,6.684,6.0837,21.691,10.282,18.612,53.797,7.0192,12.562,54.657,78.302,15.92,46.393,40.036,6.38,4.5831,11.158,11.028,19.334,14.181,35.315,22.621,55.676,22.841,31.755,26.93,62.416,45.305,88.33
7.87,14.493,24.223,44.241,19.328,24.372,21.042,7.366,20.559,17.636,21.237,7.7303,6.6692,6.0736,21.664,10.288,18.613,53.764,7.0154,12.547,54.658,78.277,15.911,46.397,40.109,6.3703,4.5895,11.206,11.02,19.336,14.15,35.311,22.61,55.636,22.798,31.771,26.889,62.397,45.333,88.297
7.88,14.475,24.285,44.222,19.327,24.387,21.033,7.3597,20.554,17.634,21.224,7.725,6.6798,6.0634,21.636,10.294,18.615,53.731,7.0117,12.532,54.658,78.252,15.902,46.401,40.181,6.36,4.5957,11.253,11.011,19.337,14.118,35.307,22.6,55.592,22.752,31.785,26.847,62.381,45.358,88.262
7.89,14.458,24.347,44.202,19.326,24.403,21.023,7.3533,20.55,17.632,21.21,7.7197,6.7267,6.0527,21.608,10.299,18.616,53.698,7.0079,12.517,54.656,78.226,15.894,46.404,40.25,6.349,4.6016,11.3,11.003,19.338,14.087,35.303,22.591,55.546,22.704,31.799,26.804,62.367,45.382,88.226
7.9,14.44,24.408,44.181,19.324,24.417,21.014,7.3471,20.545,17.63,21.196,7.7144,6.7723,6.0415,21.581,10.305,18.618,53.664,7.0043,12.502,54.653,78.2,15.885,46.407,40.319,6.3375,4.6072,11.346,10.995,19.339,14.056,35.298,22.584,55.497,22.653,31.812,26.761,62.355,45.405,88.189
7.91,14.422,24.468,44.159,19.323,24.431,21.005,7.3408,20.54,17.628,21.183,7.7091,6.8163,6.0318,21.553,10.311,18.619,53.63,7.0006,12.487,54.649,78.173,15.877,46.41,40.385,6.3253,4.6127,11.391,10.986,19.34,14.026,35.293,22.577,55.445,22.599,31.824,26.718,62.345,45.426,88.151
7.92,14.405,24.527,44.137,19.322,24.444,20.996,7.3346,20.535,17.625,21.169,7.7038,6.859,6.048,21.526,10.316,18.62,53.596,6.997,12.471,54.643,78.146,15.868,46.413,40.449,6.3126,4.6179,11.436,10.977,19.341,13.995,35.289,22.572,55.391,22.553,31.835,26.674,62.335,45.446,88.112
7.93,14.387,24.584,44.114,19.32,24.457,20.987,7.3284,20.531,17.623,21.156,7.6986,6.9001,6.0639,21.499,10.322,18.622,53.562,6.9934,12.456,54.636,78.118,15.86,46.415,40.512,6.2992,4.6229,11.48,10.969,19.342,13.965,35.283,22.568,55.334,22.582,31.844,26.629,62.327,45.463,88.073
7.94,14.37,24.64,44.09,19.319,24.468,20.977,7.3223,20.526,17.621,21.142,7.6933,6.9397,6.0796,21.471,10.327,18.623,53.527,6.9898,12.44,54.628,78.091,15.852,46.417,40.574,6.2852,4.6277,11.523,10.96,19.343,13.934,35.278,22.566,55.274,22.609,31.853,26.584,62.32,45.48,88.033
7.95,14.352,24.694,44.066,19.317,24.479,20.968,7.3162,20.521,17.619,21.129,7.6881,6.9776,6.095,21.444,10.333,18.624,53.492,6.9863,12.424,54.619,78.063,15.844,46.419,40.633,6.2707,4.6322,11.565,10.951,19.344,13.904,35.272,22.564,55.213,22.634,31.861,26.538,62.315,45.495,87.993
7.96,14.334,24.748,44.041,19.315,24.489,20.959,7.3101,20.516,17.617,21.115,7.6828,7.0139,6.1101,21.417,10.338,18.625,53.457,6.9828,12.407,54.608,78.034,15.835,46.42,40.691,6.2555,4.6366,11.607,10.942,19.345,13.874,35.266,22.563,55.149,22.657,31.868,26.492,62.311,45.508,87.952
7.97,14.317,24.799,44.016,19.314,24.498,20.95,7.304,20.512,17.615,21.102,7.6776,7.0485,6.125,21.39,10.344,18.627,53.422,6.9793,12.391,54.597,78.006,15.828,46.421,40.748,6.2397,4.6407,11.647,10.933,19.346,13.845,35.26,22.564,55.083,22.677,31.874,26.446,62.308,45.52,87.91
7.98,14.299,24.849,43.99,19.312,24.507,20.941,7.298,20.507,17.612,21.088,7.6724,7.0816,6.1398,21.362,10.349,18.628,53.386,6.9758,12.374,54.583,77.976,15.82,46.422,40.803,6.2233,4.6446,11.687,10.924,19.347,13.815,35.253,22.565,55.016,22.695,31.879,26.399,62.305,45.53,87.867
7.99,14.282,24.898,43.963,19.31,24.515,20.932,7.292,20.502,17.61,21.075,7.6672,7.1127,6.1543,21.335,10.354,18.629,53.35,6.9724,12.357,54.569,77.946,15.812,46.423,40.856,6.2063,4.6483,11.725,10.915,19.348,13.786,35.247,22.568,54.947,22.711,31.883,26.351,62.303,45.539,87.824
8,14.264,24.945,43.936,19.309,24.522,20.922,7.2861,20.497,17.608,21.061,7.662,7.1422,6.1686,21.308,10.36,18.63,53.314,6.969,12.34,54.553,77.917,15.804,46.424,40.908,6.1887,4.6518,11.763,10.906,19.348,13.757,35.24,22.572,54.876,22.724,31.886,26.303,62.301,45.546,87.779
