$MeshFormat
4.1 0 8
$EndMeshFormat
$PhysicalNames
7
1 201 "bottom_support"
1 202 "right_bot_support"
1 203 "right_top_support"
1 204 "left_support"
1 205 "loadings"
2 301 "soil_bot"
2 302 "soil_top"
$EndPhysicalNames
$Entities
18 8 2 0
1 0 0 0 0 
2 15 0 0 0 
3 15 4 0 0 
4 5 4 0 0 
5 0 4 0 0 
6 15 8 0 0 
7 12 8 0 0 
8 11.252 6.2098 0 0 
9 10.145 5.2189 0 0 
10 8.6716 4.1979 0 0 
11 11.5 6.5 0 0 
12 11 5.5 0 0 
13 10 5 0 0 
14 9 3.5 0 0 
15 7 3.5 0 0 
16 6 3 0 0 
17 5.5 3 0 0 
18 5 2.5 0 0 
1 -1.000000002804313e-07 -1e-07 -1e-07 15.0000001 1e-07 1e-07 1 201 2 1 -2 
2 14.9999999 -9.999999983634211e-08 -1e-07 15.0000001 4.0000001 1e-07 1 202 2 2 -3 
3 4.9999999 3.9999999 -1e-07 15.0000001 4.0000001 1e-07 0 2 3 -4 
4 -9.999999983634211e-08 3.9999999 -1e-07 5.0000001 4.0000001 1e-07 0 2 4 -5 
5 -1e-07 -9.999999983634211e-08 -1e-07 1e-07 4.0000001 1e-07 1 204 2 5 -1 
6 14.9999999 3.9999999 -1e-07 15.0000001 8.000000099999999 1e-07 1 203 2 3 -6 
7 11.9999999 7.9999999 -1e-07 15.0000001 8.000000099999999 1e-07 1 205 2 6 -7 
8 4.9999999 3.9999999 -1e-07 12.0000001 8.000000099999999 1e-07 0 2 7 -4 
1 -1.000000002804313e-07 -9.999999983634211e-08 -1e-07 15.0000001 4.0000001 1e-07 1 301 5 1 2 3 4 5 
2 4.9999999 3.9999999 -1e-07 15.0000001 8.000000099999999 1e-07 1 302 4 -3 6 7 8 
$EndEntities
$Nodes
23 2518 1 2518
0 1 0 1
1
0 0 0
0 2 0 1
2
15 0 0
0 3 0 1
3
15 4 0
0 4 0 1
4
5 4 0
0 5 0 1
5
0 4 0
0 6 0 1
6
15 8 0
0 7 0 1
7
12 8 0
0 8 0 1
8
11.252 6.2098 0
0 9 0 1
9
10.145 5.2189 0
0 10 0 1
10
8.6716 4.1979 0
0 11 0 1
11
11.5 6.5 0
0 12 0 1
12
11 5.5 0
0 13 0 1
13
10 5 0
1 1 0 29
14
15
16
17
18
19
20
21
22
23
24
25
26
27
28
29
30
31
32
33
34
35
36
37
38
39
40
41
42
0.5 0 0
1 0 0
1.5 0 0
2 0 0
2.5 0 0
3 0 0
3.5 0 0
4 0 0
4.5 0 0
5 0 0
5.5 0 0
6 0 0
6.5 0 0
7 0 0
7.5 0 0
8 0 0
8.5 0 0
9 0 0
9.5 0 0
10 0 0
10.5 0 0
11 0 0
11.5 0 0
12 0 0
12.5 0 0
13 0 0
13.5 0 0
14 0 0
14.5 0 0
1 2 0 7
43
44
45
46
47
48
49
15 0.5 0
15 1 0
15 1.5 0
15 2 0
15 2.5 0
15 3 0
15 3.5 0
1 3 0 52
50
51
52
53
54
55
56
57
58
59
60
61
62
63
64
65
66
67
68
69
70
71
72
73
74
75
76
77
78
79
80
81
82
83
84
85
86
87
88
89
90
91
92
93
94
95
96
97
98
99
100
101
14.50348763011171 4 0
14.00697526022341 4 0
13.51046289033512 4 0
13.01395052044682 4 0
12.51743815055853 4 0
12.02092578067024 4 0
11.52441341078194 4 0
11.02838192255062 4 0
10.61043173557404 4 0
10.31208618419052 4 0
10.10116345269457 4 0
9.949344813740881 4 0
9.740462296217824 4 0
9.641159822240166 4 0
9.541857348262507 4 0
9.442554874284847 4 0
9.343252400307188 4 0
9.243949926329529 4 0
9.144647452351871 4 0
9.045344978374212 4 0
8.946042504396553 4 0
8.846740030418893 4 0
8.747437556441234 4 0
8.648135082463575 4 0
8.548832608485917 4 0
8.449530134508258 4 0
8.350227660530599 4 0
8.250925186552941 4 0
8.151622712575282 4 0
8.052320238597623 4 0
7.953017764619965 4 0
7.853715290642306 4 0
7.754412816664647 4 0
7.655110342686988 4 0
7.555807868709329 4 0
7.45650539473167 4 0
7.357202920754012 4 0
7.257900446776353 4 0
7.158597972798693 4 0
7.059295498821035 4 0
6.959993024843376 4 0
6.860690550865717 4 0
6.761388076888059 4 0
6.6620856029104 4 0
6.562783128932741 4 0
6.463480654955083 4 0
6.364178180977424 4 0
6.264875706999765 4 0
6.165573233022107 4 0
5.908882805495898 4 0
5.702262427679944 4 0
5.40964239021484 4 0
1 4 0 9
102
103
104
105
106
107
108
109
110
4.5 4 0
4 4 0
3.5 4 0
3 4 0
2.5 4 0
2 4 0
1.5 4 0
1 4 0
0.5 4 0
1 5 0 7
111
112
113
114
115
116
117
0 3.5 0
0 3 0
0 2.5 0
0 2 0
0 1.5 0
0 1 0
0 0.5 0
1 6 0 7
118
119
120
121
122
123
124
15 4.5 0
15 5 0
15 5.5 0
15 6 0
15 6.5 0
15 7 0
15 7.5 0
1 7 0 5
125
126
127
128
129
14.5 8 0
14 8 0
13.5 8 0
13 8 0
12.5 8 0
1 8 0 16
130
131
132
133
134
135
136
137
138
139
140
141
142
143
144
145
11.58823529411765 7.764705882352941 0
11.17647058823529 7.529411764705882 0
10.76470588235294 7.294117647058823 0
10.35294117647059 7.058823529411764 0
9.941176470588236 6.823529411764706 0
9.529411764705882 6.588235294117647 0
9.117647058823529 6.352941176470588 0
8.705882352941176 6.117647058823529 0
8.294117647058822 5.88235294117647 0
7.88235294117647 5.647058823529411 0
7.470588235294117 5.411764705882353 0
7.058823529411764 5.176470588235293 0
6.647058823529411 4.941176470588236 0
6.235294117647058 4.705882352941176 0
5.823529411764706 4.470588235294118 0
5.411764705882352 4.235294117647059 0
2 1 0 1294
146
147
148
149
150
151
152
153
154
155
156
157
158
159
160
161
162
163
164
165
166
167
168
169
170
171
172
173
174
175
176
177
178
179
180
181
182
183
184
185
186
187
188
189
190
191
192
193
194
195
196
197
198
199
200
201
202
203
204
205
206
207
208
209
210
211
212
213
214
215
216
217
218
219
220
221
222
223
224
225
226
227
228
229
230
231
232
233
234
235
236
237
238
239
240
241
242
243
244
245
246
247
248
249
250
251
252
253
254
255
256
257
258
259
260
261
262
263
264
265
266
267
268
269
270
271
272
273
274
275
276
277
278
279
280
281
282
283
284
285
286
287
288
289
290
291
292
293
294
295
296
297
298
299
300
301
302
303
304
305
306
307
308
309
310
311
312
313
314
315
316
317
318
319
320
321
322
323
324
325
326
327
328
329
330
331
332
333
334
335
336
337
338
339
340
341
342
343
344
345
346
347
348
349
350
351
352
353
354
355
356
357
358
359
360
361
362
363
364
365
366
367
368
369
370
371
372
373
374
375
376
377
378
379
380
381
382
383
384
385
386
387
388
389
390
391
392
393
394
395
396
397
398
399
400
401
402
403
404
405
406
407
408
409
410
411
412
413
414
415
416
417
418
419
420
421
422
423
424
425
426
427
428
429
430
431
432
433
434
435
436
437
438
439
440
441
442
443
444
445
446
447
448
449
450
451
452
453
454
455
456
457
458
459
460
461
462
463
464
465
466
467
468
469
470
471
472
473
474
475
476
477
478
479
480
481
482
483
484
485
486
487
488
489
490
491
492
493
494
495
496
497
498
499
500
501
502
503
504
505
506
507
508
509
510
511
512
513
514
515
516
517
518
519
520
521
522
523
524
525
526
527
528
529
530
531
532
533
534
535
536
537
538
539
540
541
542
543
544
545
546
547
548
549
550
551
552
553
554
555
556
557
558
559
560
561
562
563
564
565
566
567
568
569
570
571
572
573
574
575
576
577
578
579
580
581
582
583
584
585
586
587
588
589
590
591
592
593
594
595
596
597
598
599
600
601
602
603
604
605
606
607
608
609
610
611
612
613
614
615
616
617
618
619
620
621
622
623
624
625
626
627
628
629
630
631
632
633
634
635
636
637
638
639
640
641
642
643
644
645
646
647
648
649
650
651
652
653
654
655
656
657
658
659
660
661
662
663
664
665
666
667
668
669
670
671
672
673
674
675
676
677
678
679
680
681
682
683
684
685
686
687
688
689
690
691
692
693
694
695
696
697
698
699
700
701
702
703
704
705
706
707
708
709
710
711
712
713
714
715
716
717
718
719
720
721
722
723
724
725
726
727
728
729
730
731
732
733
734
735
736
737
738
739
740
741
742
743
744
745
746
747
748
749
750
751
752
753
754
755
756
757
758
759
760
761
762
763
764
765
766
767
768
769
770
771
772
773
774
775
776
777
778
779
780
781
782
783
784
785
786
787
788
789
790
791
792
793
794
795
796
797
798
799
800
801
802
803
804
805
806
807
808
809
810
811
812
813
814
815
816
817
818
819
820
821
822
823
824
825
826
827
828
829
830
831
832
833
834
835
836
837
838
839
840
841
842
843
844
845
846
847
848
849
850
851
852
853
854
855
856
857
858
859
860
861
862
863
864
865
866
867
868
869
870
871
872
873
874
875
876
877
878
879
880
881
882
883
884
885
886
887
888
889
890
891
892
893
894
895
896
897
898
899
900
901
902
903
904
905
906
907
908
909
910
911
912
913
914
915
916
917
918
919
920
921
922
923
924
925
926
927
928
929
930
931
932
933
934
935
936
937
938
939
940
941
942
943
944
945
946
947
948
949
950
951
952
953
954
955
956
957
958
959
960
961
962
963
964
965
966
967
968
969
970
971
972
973
974
975
976
977
978
979
980
981
982
983
984
985
986
987
988
989
990
991
992
993
994
995
996
997
998
999
1000
1001
1002
1003
1004
1005
1006
1007
1008
1009
1010
1011
1012
1013
1014
1015
1016
1017
1018
1019
1020
1021
1022
1023
1024
1025
1026
1027
1028
1029
1030
1031
1032
1033
1034
1035
1036
1037
1038
1039
1040
1041
1042
1043
1044
1045
1046
1047
1048
1049
1050
1051
1052
1053
1054
1055
1056
1057
1058
1059
1060
1061
1062
1063
1064
1065
1066
1067
1068
1069
1070
1071
1072
1073
1074
1075
1076
1077
1078
1079
1080
1081
1082
1083
1084
1085
1086
1087
1088
1089
1090
1091
1092
1093
1094
1095
1096
1097
1098
1099
1100
1101
1102
1103
1104
1105
1106
1107
1108
1109
1110
1111
1112
1113
1114
1115
1116
1117
1118
1119
1120
1121
1122
1123
1124
1125
1126
1127
1128
1129
1130
1131
1132
1133
1134
1135
1136
1137
1138
1139
1140
1141
1142
1143
1144
1145
1146
1147
1148
1149
1150
1151
1152
1153
1154
1155
1156
1157
1158
1159
1160
1161
1162
1163
1164
1165
1166
1167
1168
1169
1170
1171
1172
1173
1174
1175
1176
1177
1178
1179
1180
1181
1182
1183
1184
1185
1186
1187
1188
1189
1190
1191
1192
1193
1194
1195
1196
1197
1198
1199
1200
1201
1202
1203
1204
1205
1206
1207
1208
1209
1210
1211
1212
1213
1214
1215
1216
1217
1218
1219
1220
1221
1222
1223
1224
1225
1226
1227
1228
1229
1230
1231
1232
1233
1234
1235
1236
1237
1238
1239
1240
1241
1242
1243
1244
1245
1246
1247
1248
1249
1250
1251
1252
1253
1254
1255
1256
1257
1258
1259
1260
1261
1262
1263
1264
1265
1266
1267
1268
1269
1270
1271
1272
1273
1274
1275
1276
1277
1278
1279
1280
1281
1282
1283
1284
1285
1286
1287
1288
1289
1290
1291
1292
1293
1294
1295
1296
1297
1298
1299
1300
1301
1302
1303
1304
1305
1306
1307
1308
1309
1310
1311
1312
1313
1314
1315
1316
1317
1318
1319
1320
1321
1322
1323
1324
1325
1326
1327
1328
1329
1330
1331
1332
1333
1334
1335
1336
1337
1338
1339
1340
1341
1342
1343
1344
1345
1346
1347
1348
1349
1350
1351
1352
1353
1354
1355
1356
1357
1358
1359
1360
1361
1362
1363
1364
1365
1366
1367
1368
1369
1370
1371
1372
1373
1374
1375
1376
1377
1378
1379
1380
1381
1382
1383
1384
1385
1386
1387
1388
1389
1390
1391
1392
1393
1394
1395
1396
1397
1398
1399
1400
1401
1402
1403
1404
1405
1406
1407
1408
1409
1410
1411
1412
1413
1414
1415
1416
1417
1418
1419
1420
1421
1422
1423
1424
1425
1426
1427
1428
1429
1430
1431
1432
1433
1434
1435
1436
1437
1438
1439
6.711736839899229 3.914001534876705 0
7.208249209787523 3.914001534876705 0
7.704761579675818 3.914001534876705 0
8.200504488109413 3.913661582800235 0
8.697786319452405 3.914001534876705 0
9.193223068067933 3.912595379249626 0
9.691506188702089 3.912511900870462 0
6.209593553696759 3.907613211291955 0
10.21192526468858 3.854539452020065 0
5.555952408947392 3.783822558885356 0
4.75 0.4330127018922192 0
9.237813567616048 0.4459551381517164 0
7.771089795460391 0.4744672141306321 0
6.284080495444805 0.3793762590891778 0
10.80923381498994 0.4024830404956514 0
4.670516300723252 3.569572849005018 0
12.8020205473896 3.607718771181725 0
2.193382432219428 0.4528113584524147 0
11.24477036027227 3.61345630317821 0
3.257399190045422 3.569438736461813 0
12.29700587534322 0.450160357261399 0
1.763310300679919 3.56398013957506 0
14.59670362965655 1.757612719701592 0
0.4224658610333751 1.768267664226864 0
3.858217015783376 0.4767485955452542 0
13.24476572849166 0.4447560557784491 0
7.5061566317205 3.914001534876705 0
8.895602149000892 3.913513326791384 0
9.392737517809877 3.913065454449473 0
8.499181371497089 3.914001534876705 0
8.002669001608794 3.914001534876705 0
7.009644261832205 3.914001534876705 0
6.506284504436532 3.904389353138937 0
14.56706440795439 2.750800060167183 0
0.397438018096997 2.745177407782251 0
1.25 0.4330127018922192 0
13.73000232958041 3.587476320189293 0
14.25233144647715 0.4179397963933027 0
5.810088372688647 3.820073533074318 0
5.966919375581766 3.840609699171059 0
0.7515373329758708 3.498847873764837 0
0.4243864068623759 0.7471086873219392 0
4.179333527443092 3.515962836021071 0
5.20062730617052 3.714738332815111 0
9.781880455057284 3.895094799462635 0
9.740545097292905 3.822636091468504 0
6.10209197370401 3.906233245153818 0
6.154981349963404 3.817305001447777 0
10.85501232412267 3.6902080601682 0
10.93180092843502 3.311450250355835 0
11.38766096195408 3.19580843157573 0
11.10185808395387 2.889998218990368 0
11.51220656437833 2.765455269833153 0
10.69989430424151 2.977578807104012 0
10.81792071338601 2.602839998111481 0
10.46214716945653 2.701982472179171 0
10.55507775433834 2.347723998723658 0
10.2137305962078 2.43885264665556 0
10.30441086232853 2.068112670083032 0
9.962530510422967 2.191784323594408 0
9.88155323391558 2.503712715711674 0
9.636476179942438 2.288104947861673 0
9.528059868241701 2.596334097411244 0
9.321681718443088 2.360722338737308 0
9.238015967617478 2.630573628530934 0
9.033027745935756 2.468363657340676 0
8.914567428233401 2.694891773815959 0
9.105558526854312 2.148837011771292 0
8.805413274178823 2.230937996170232 0
9.429837435955003 2.852879393871236 0
10.67463526907828 1.946923160331607 0
8.88693762842818 1.924652345891125 0
8.587977925141569 2.013778850625478 0
8.509320179250876 2.307214351917395 0
8.294837847918902 2.103677822628931 0
8.227549331671611 2.38920414234845 0
8.016782227421336 2.192403956386487 0
7.956351358922318 2.466236396885097 0
7.751315015683858 2.278764375744278 0
7.692451943538551 2.541800597116775 0
7.493835010904562 2.360465675530373 0
7.46166481040306 2.605848683523555 0
7.25515148922977 2.46731607360452 0
7.164759146159475 2.660906433239956 0
7.021442322486368 2.510573205379511 0
7.039637481065443 2.665260653547651 0
7.317492220079353 2.743434594085454 0
8.153465058318663 2.649324990034047 0
7.314061623790566 2.188472298291665 0
8.661965815510897 1.697963543877017 0
8.086789146519434 1.896077500006673 0
9.977267956235059 1.791794297876697 0
8.983044010536441 1.603447712818161 0
8.726112966273019 1.35388505914894 0
10.3528320916084 3.045386046306381 0
11.82371261765723 3.078850404372936 0
11.94065835888614 2.648111939737711 0
11.62005241267385 2.330802227935563 0
12.05040472893166 2.211503498059143 0
11.72350818188954 1.892439686275988 0
12.16734670265562 1.76319545820371 0
12.50469381968288 2.086654557057993 0
12.6216621939668 1.628854471368649 0
12.96566266469712 1.961749131811337 0
11.8316416144553 1.443345003830538 0
12.84728426254263 2.421676140119347 0
13.31258621718161 2.298230024102216 0
13.43248816020421 1.827674151710923 0
9.086882120677254 1.257823745823709 0
11.39391038025192 1.572667324574955 0
11.4896948572835 1.119826226489043 0
10.97803249717358 1.260022958365109 0
7.624095367841885 2.749785455425579 0
13.19157679389372 2.768944527536965 0
9.338428837925198 1.522348056467493 0
9.454199136574548 1.163518872102402 0
13.77276980268191 2.164221894898642 0
7.471577417659929 2.757734280683299 0
8.821226697892476 1.001271790385361 0
8.448667290515406 1.099680162514074 0
12.26127169115468 2.96549377557299 0
8.559834594303627 0.7281534657026023 0
13.87956103255536 1.686386783301541 0
13.54584071778904 1.350750188220516 0
13.99726026863081 1.248397993791315 0
10.5558438621221 3.294846733275864 0
10.26005916143851 3.383171560027969 0
10.05026953983567 3.146800437444155 0
10.02274753588742 3.405036573124809 0
9.827187621917568 3.148911584159229 0
9.828765015968385 3.339787912580046 0
10.46304918628217 3.568015607016623 0
9.870038368653333 2.966841361499624 0
10.13948769733596 3.549556659100806 0
9.840409724575149 3.822172351740305 0
9.79183572377193 3.737879506957211 0
9.692063544042195 3.738105490595474 0
9.742374965585636 3.651991875934516 0
9.642457501013673 3.652033670977715 0
9.692586681623549 3.56557090581861 0
9.592609336339137 3.565520600796236 0
9.542557703850758 3.652121868845457 0
9.492629863747924 3.565468214052529 0
9.542705372966925 3.478908548134357 0
9.442710218369015 3.478828820942545 0
9.492785633559944 3.392268945083202 0
9.392786339896075 3.392182068803101 0
9.342710234859149 3.478740752733183 0
9.292786512164355 3.392094270044239 0
9.242710295858778 3.478652762178403 0
9.192786550910192 3.392006240665336 0
9.142710334709276 3.47856473030279 0
9.092786589673494 3.391918210870249 0
9.142862805964509 3.305359719082948 0
9.042862844710861 3.305271689692405 0
8.992786628405392 3.391830181824525 0
8.942862883454481 3.305183660367035 0
9.092939061013404 3.218713197630141 0
9.442862533938182 3.305623538224421 0
9.29263403555553 3.565299272456675 0
9.1929390222677 3.218801227005172 0
9.143015277318629 3.132154705503872 0
9.04301531606451 3.132066676124487 0
9.093091532369998 3.045508183991924 0
8.993091571115867 3.045420154612863 0
9.243015238564301 3.132242734887375 0
9.542862650962794 3.305711836629555 0
9.492938880033265 3.219065270289106 0
9.044525814692834 2.959647314651545 0
8.944750409678212 2.961714140665864 0
8.893160269773862 3.045459698275188 0
8.842400123233336 2.96182076063785 0
9.143394086554112 2.959080633886829 0
9.792633910050235 3.565738934638044 0
9.094866091856714 2.87324158821778 0
9.193552035982478 2.872569426374322 0
9.592938867246005 3.219153344482551 0
9.543015122275115 3.132506822982361 0
9.243213152856388 2.95906401109178 0
9.443015156702677 3.13241878615828 0
9.442557059505209 3.652032645428655 0
9.492481481478414 3.738680357607077 0
9.392481407217428 3.738592124227504 0
9.646216845957365 3.130783540590194 0
9.492837726303389 3.039742641948118 0
9.644928914691027 3.306420566356789 0
9.14096151398979 2.787475170394417 0
9.292938983510499 3.218889256400949 0
9.39309141605009 3.045772272128892 0
9.739718063672957 3.480798582743246 0
9.248238915094458 2.782905234524618 0
9.837234993323328 3.484564462779723 0
9.721959689610204 1.451709408717208 0
9.839300702969531 1.062475291156872 0
10.11638734729195 1.36138197845863 0
10.23205776811514 0.9339452516456619 0
9.94889155428196 0.6566246020480218 0
11.95985449423055 0.890020742247037 0
11.5547686395281 0.6965413405691769 0
9.557844043400305 1.785782021417039 0
8.138200751706712 0.8153264950436927 0
8.062735080782108 1.277621152037021 0
7.756180447305283 0.9536844916147258 0
7.666756063387776 1.346834657283332 0
7.38419263721674 1.085164325059624 0
7.303091365559607 1.461848079966929 0
7.019174125573718 1.203407366929293 0
6.937188555136654 1.572654995765681 0
6.65932615428482 1.321196747547636 0
6.57111968763373 1.688269941498082 0
6.302303572233519 1.449669056126114 0
6.205309347243652 1.77757301513784 0
5.977916411656641 1.586614387367156 0
5.879644261529299 1.907349657896475 0
5.569110693916826 1.678465994465228 0
5.543223359967115 2.019483322640788 0
5.721074146445118 1.391244237668068 0
5.375809826025251 1.434308840762742 0
6.1230430525344 2.188553464595398 0
5.276518568154565 1.73784793950048 0
5.86684981575115 2.252936876199489 0
5.453156341542218 1.068349285326707 0
5.1238189541418 1.202091372628602 0
7.10892589984556 0.8020954818206372 0
7.561370030099445 1.693580236284745 0
6.857542704681454 1.942616065237882 0
5.786612975889332 1.025003511959671 0
6.388100285030855 1.076613277385217 0
5.601481894099438 0.6873541670043291 0
9.89249596090839 3.738947215114485 0
9.889293931937583 3.567421857137287 0
9.928629226941659 3.824322125653342 0
7.875362310433013 2.764790600058286 0
8.128386746365324 2.905381597822057 0
8.31518801034872 2.798677575428625 0
8.79297513497964 3.045787884181495 0
8.249029381850228 3.052202756119044 0
8.086102588056502 3.10938498649806 0
8.37906836378883 2.981099163864966 0
8.167717554356948 3.252375749390301 0
8.312170479464942 3.158843828103087 0
8.001377798526162 3.295878789218183 0
8.741979360496453 2.959810628667039 0
8.694644145306851 3.046472843262557 0
8.135879727634508 3.416610995498235 0
8.24375169096872 3.360370503624325 0
7.955980990918762 3.460257099607981 0
7.850419789850521 3.356133950028894 0
7.83568130496317 3.466758984993625 0
8.053737047382148 3.517578922848635 0
8.743254756356274 3.132112682174699 0
8.645084068800989 3.13300967345004 0
8.693323869631035 3.218628614960843 0
8.892786667148554 3.391742152510017 0
8.942710412097076 3.478388674024541 0
8.842710450842235 3.478300644662419 0
8.892634195790937 3.564947166172641 0
8.792634234536704 3.564859136795995 0
8.59334812997362 3.218533492357204 0
8.6429952545019 3.305007568332424 0
8.542953226777168 3.304889615826358 0
8.592823857243934 3.391502409228577 0
8.634178189545013 2.952434214815479 0
8.693244158710417 2.87195105282915 0
8.495234452690879 3.390005723462829 0
8.543124684482857 3.477809895406711 0
8.429070648874397 3.471413324701204 0
8.490430044182895 3.563468071398827 0
8.392634389520138 3.564507019280502 0
8.442190750036826 3.650965711250093 0
8.342496942475938 3.65103420649064 0
8.542129480552312 3.651022435705176 0
8.842557979485292 3.651505658308952 0
8.942557943112073 3.651593680640291 0
8.550038751145394 3.131873271681585 0
8.392410482301413 3.737675510516357 0
8.292620942285794 3.568140773408771 0
8.242545759173975 3.65159256179945 0
8.742558018231136 3.651417628930448 0
8.792481771739139 3.738054427083963 0
8.692481811911568 3.737964777145135 0
8.438418086031881 3.308834218569985 0
8.69263427328255 3.564771107417385 0
8.842862922199517 3.305095631007728 0
8.692814966084432 3.391584817255765 0
8.892939138504994 3.218537138875474 0
7.809467611208043 2.951148001034201 0
7.650765035104096 2.954984451350693 0
8.300321066711106 2.942355769591668 0
8.193245900638628 3.574286809230843 0
8.142653215522243 3.658178204161073 0
8.192495847731339 3.73873959972916 0
8.092500304225371 3.738711487315507 0
8.041603024400814 3.658312208173451 0
7.992326040951383 3.738670449662634 0
7.941403839822943 3.652742086221572 0
7.892263691797438 3.737828423794966 0
7.842330587463302 3.6498764058326 0
7.792407964925887 3.736946305781121 0
7.742509116755346 3.649193086512805 0
7.69246179115988 3.736626713306188 0
7.642546829909181 3.650147078662242 0
7.692902801895993 3.563196271943818 0
7.592677453925116 3.563636656118064 0
7.542563673166775 3.650283217177649 0
7.492642728970146 3.563674056980346 0
7.542719412067688 3.477121791732257 0
7.44271373466208 3.477055705207805 0
7.49278769545112 3.390507702178367 0
7.392787786208919 3.390419283978044 0
7.342711578572024 3.476977711308532 0
7.292787467817453 3.390332862375452 0
7.34286356449338 3.303774914143882 0
7.242863582440045 3.303686978238889 0
7.192787362667961 3.390245485951933 0
7.142863593736818 3.303599073264811 0
7.092787372856417 3.390157586133009 0
7.042863623148266 3.303511086213319 0
6.992787405286979 3.390069585401948 0
6.942863659285845 3.303423068663568 0
6.892787442545579 3.389981562769153 0
6.842863697349117 3.303335042380484 0
6.792787480929801 3.389893535030514 0
6.742863735920944 3.30324701379087 0
6.692787519586386 3.389805506056479 0
6.642863774622922 3.303158984610937 0
6.692939990925994 3.21660049248814 0
6.592940029664131 3.216512463144201 0
6.643016245966213 3.129953971025894 0
6.543016284711981 3.129865941647348 0
6.593092501016616 3.043307449517458 0
6.493092539762634 3.043219420137776 0
6.443016323457108 3.129777912271706 0
6.393092578508402 3.043131390759228 0
6.343016362202833 3.129689882893349 0
6.293092617254228 3.043043361380418 0
6.243018195623787 3.127563131394101 0
6.193092955112601 3.042615544981416 0
6.143019734734479 3.125770711651944 0
6.093093293771355 3.042186819371897 0
6.043018278851513 3.127380556627732 0
5.993093133397897 3.042324986346949 0
6.443168794813911 2.956572898625376 0
5.947869783616127 3.126125047997961 0
5.893901716627 3.042080076485171 0
5.846607345202973 3.132671872170319 0
5.793826099926902 3.043071709284275 0
5.743742562193209 3.123803274608617 0
5.693336059139169 3.041700195571182 0
6.143169060741149 2.956138765443348 0
5.64317816291135 3.128044773649544 0
5.593160344958146 3.042119840206496 0
5.64316910478082 2.955868663593522 0
5.543180386273832 2.955729414961021 0
5.493106043759471 3.042279370552815 0
5.443173242153465 2.955674108993999 0
5.393095828703541 3.042238055030038 0
5.343170374787992 2.955599319159705 0
5.393246306265716 2.869042124632776 0
5.293245813188387 2.868956518112423 0
5.243169508245636 2.955515414056241 0
5.193245612415684 2.86886957992246 0
5.243321782873458 2.78231129665987 0
5.143321794759148 2.782223389649381 0
5.093245573976899 2.868781902178176 0
5.04332181616421 2.782135439270926 0
5.193397986172667 2.69566501091745 0
5.99294026213484 3.215984286890604 0
6.288009936402609 3.211936972263872 0
5.698966023897579 3.217501932845042 0
6.992939875415971 3.216864577325298 0
6.592787558310056 3.389717476778158 0
6.693092462270919 3.043395478895681 0
7.292939758438591 3.217128668817461 0
6.842711225859424 3.476540056629545 0
5.843426066177871 2.956020943588061 0
6.643168717322196 2.956748957383285 0
5.29339795605217 2.695753001001337 0
5.243474203915779 2.609106512234221 0
5.343474165409507 2.609194540521678 0
5.293550418783769 2.522548026649359 0
5.193550457769229 2.522459996178839 0
5.24362667387512 2.435901504954402 0
5.143626712627641 2.435813475545092 0
5.193702928893962 2.349254983589772 0
5.093702967641463 2.34916695420334 0
5.343626635095976 2.435989534484993 0
5.443019374128063 3.128885485526738 0
7.042711149976271 3.476716108090744 0
6.642711303257421 3.476363998296722 0
6.542711341997128 3.476275968945665 0
5.593247233623427 2.869213605538236 0
5.343016749661448 3.128809589103636 0
5.39294093847878 3.215454088457356 0
5.292940607334023 3.21536774421113 0
5.342864364612296 3.302014209553072 0
5.242864330680105 3.301926511277835 0
5.192940586703077 3.215279985338622 0
5.142864355796215 3.301838543992744 0
5.092940613281181 3.215192011393032 0
4.993245596968523 2.868693944571727 0
5.042864394947673 3.301750512765981 0
4.992940650066685 3.215103990944983 0
6.743168678576335 2.956836986762253 0
6.693244933627719 2.870190465249367 0
7.392939729877093 3.217216652165347 0
7.343015976441537 3.130570169011565 0
4.942864433287946 3.301662485234775 0
4.892940688418223 3.215015963362452 0
4.992788178304131 3.388309006439846 0
6.592635086946738 3.562922490454044 0
6.492635125691748 3.562834461078936 0
7.442560718714455 3.650253454154601 0
6.255010235833512 3.813888394996798 0
6.197294531078891 3.728060153874643 0
5.292788078655196 3.388573019002839 0
5.392788040413748 3.388661046083822 0
6.442711380743022 3.476187939566548 0
7.243016013772906 3.130482146025784 0
5.093550496323198 2.522371967674108 0
4.943321849394234 2.782047435020781 0
4.893245632169373 2.868605931342971 0
4.843321886629955 2.781959412521644 0
6.79324489488186 2.870278494628332 0
6.743321149933272 2.783631973115318 0
6.643321188679137 2.783543943736332 0
6.693397404984688 2.696985451602286 0
6.843168639830443 2.956925016141363 0
7.293092230125607 3.043923653678632 0
7.193092268643582 3.04383562532966 0
7.442927307574327 3.128424902086477 0
5.342711812583677 3.475219590720821 0
5.442711772001129 3.475307628467299 0
5.392635553468711 3.56186613074642 0
5.242711847589 3.475131578382849 0
4.892788216993664 3.388220977317496 0
4.942711961944129 3.474867498821973 0
6.542558870640361 3.649480982591841 0
6.6425588318945 3.649569011970807 0
4.943016904736917 3.128457471168522 0
4.843016943419251 3.128369442078967 0
4.781506351667439 3.221516160006614 0
5.492787988000563 3.388749137727835 0
5.54271172945579 3.47539567515577 0
7.5927886614091 3.390591685593599 0
6.394098944965735 3.561903034822344 0
6.342955382910246 3.475959344041271 0
6.893244856135991 2.870366524007338 0
6.943168601084572 2.957013045520378 0
6.793397366238823 2.697073480981276 0
6.74347362129024 2.610426959468242 0
7.244473301059122 2.955306344841015 0
7.34833266873728 2.94847679672809 0
6.993244817390123 2.870454553386335 0
6.09930941783225 3.734264054597333 0
6.140371786053677 3.645249114884659 0
6.04159356951656 3.652520292640118 0
6.084179744697984 3.562421676067424 0
5.98477152018703 3.570204471367741 0
6.027683019845602 3.479887808145547 0
5.928046220868008 3.487842503198538 0
5.885134761234296 3.578153366566753 0
5.830790762241072 3.494156958835513 0
5.789089800926859 3.578677648040024 0
5.871704832277475 3.40522124844084 0
5.773162770476976 3.41242430804794 0
6.129784580163347 3.474047308251097 0
5.043169341435414 2.955340468279225 0
5.143016829992323 3.128633517411201 0
5.693245633384903 2.869308748702434 0
5.643321940486073 2.782661990063225 0
5.743321650166391 2.782751165552053 0
5.693397871963796 2.696104795536296 0
5.793397785746626 2.696193041183137 0
5.743474027343823 2.609546580964291 0
5.843473978443703 2.60963465660362 0
5.893397721699912 2.69628118582671 0
5.943473933788654 2.609722712903429 0
6.593397443730554 2.696897422223297 0
5.993397676769383 2.696369243381541 0
6.043473893027148 2.609810751465194 0
5.993550148070598 2.523164229988443 0
6.093550108987467 2.523252260903941 0
6.143473853823799 2.609898782928362 0
6.193550070109143 2.523340290886377 0
6.24347381501956 2.609986812573289 0
6.293550031331472 2.523428320410263 0
5.643474063847318 2.609458561801001 0
5.693550263800303 2.522900144165314 0
6.043626363981343 2.436605739653039 0
6.243626286383947 2.436781798892399 0
6.343631022021182 2.43144619992395 0
6.393550788312059 2.522612411749859 0
6.443631911626907 2.430479634905132 0
6.193397598723739 2.696545304663012 0
6.293397559969766 2.696633334078936 0
5.593550305271597 2.522812102369933 0
5.643626519305959 2.436253620582881 0
6.2884742414917 2.349569941097674 0
5.943626402717618 2.43651771031774 0
6.003687367952704 2.367288522760465 0
6.493551036912535 2.522374019055982 0
6.553612276292903 2.452833474781723 0
6.44347405066316 2.609807154963 0
6.243321343664486 2.783191826211752 0
6.343321304916729 2.783279855599358 0
5.943321461118847 2.782927732531493 0
6.543321227425002 2.783455914357342 0
6.043321421154324 2.783015767462393 0
6.392828296364646 3.389517990362551 0
6.284162886239084 3.386187192150253 0
5.393397910398022 2.69584106185279 0
6.893092384779021 3.043571537654421 0
6.993092346033155 3.043659567033415 0
7.542863545940772 3.303950755645077 0
7.644293501106937 3.30486538285565 0
4.99339806526217 2.695488944880434 0
5.042711923198576 3.474955528199534 0
4.992638002827981 3.558905864877187 0
5.743626480181561 2.43634165168637 0
5.59221374623978 3.214740672002041 0
7.593178014534775 3.217530358778559 0
7.694647530025944 3.218468604832208 0
5.543626558127531 2.436165590858992 0
5.593702773986825 2.349607100757978 0
5.493702812751275 2.349519071294329 0
5.54377902897669 2.262960579525354 0
5.443779067721154 2.262872550152774 0
6.592482947236053 3.735750758165931 0
6.494668427613712 3.731432664688842 0
6.692482942839995 3.735799766690971 0
6.742558854147984 3.649587746884934 0
6.792482919985655 3.735869743516823 0
6.842558828217264 3.649661218427589 0
6.892482575301708 3.736305313634565 0
6.942558740617576 3.649804744956979 0
6.992482753618247 3.736146763602961 0
7.042558729906474 3.649860927292602 0
7.092482755721909 3.736188388572955 0
7.142558702641324 3.649935914762862 0
7.192482700577718 3.736295046186896 0
7.242558663075857 3.650024875196221 0
7.292482658962196 3.736386335447441 0
5.643130482848422 2.263422264051056 0
6.442526951985127 2.049542899920496 0
5.592787945761338 3.388837183021722 0
6.070886528701738 3.390003033397315 0
7.64334024165731 3.131021834874201 0
7.743353476177581 3.132324459596188 0
6.095364969583071 2.354906906844636 0
6.300092397181851 3.725747040451099 0
5.091333042471083 3.560413534819584 0
5.032095867896432 3.654319023915058 0
5.593741549143519 2.182839005644237 0
5.68044121356496 2.204117474056723 0
6.842406283045602 3.822950084376788 0
7.492483708234632 3.73666464199662 0
7.842405895586947 3.82383037816668 0
5.81736327011518 3.324125542039876 0
6.843229550641622 2.610655594451007 0
6.793549837595792 2.523868467334196 0
4.893093159710665 3.041810950009313 0
4.793093198449323 3.041722920663162 0
6.602902563938475 2.524937753555487 0
6.293245088611494 2.869838347731968 0
5.993245205051883 2.869574258671122 0
7.143016052300049 3.130394117635375 0
5.543321987906898 2.782573921163207 0
5.493550341834597 2.522724082935554 0
7.143385992978557 2.95686063939868 0
7.193472015371112 2.867927890970596 0
7.192634854470521 3.563450666732621 0
6.29177469771151 3.558771568470224 0
7.69227451867076 3.390831333388457 0
6.355262595555232 3.811912973896231 0
4.845769187641999 3.473017988244928 0
4.796629424806615 3.389766802235893 0
5.642012263137971 3.481679163607587 0
5.592193717253942 3.562886645147656 0
5.842553171906337 3.66383433405256 0
5.742540778952262 3.676454736188044 0
7.814042799522081 3.240484439980119 0
4.742712039422716 3.474691440123887 0
4.673983762280415 3.35065882924538 0
6.938755224168487 2.786438769272534 0
6.02015114755547 2.26817763846727 0
5.920958662657053 3.297920399610923 0
6.175734211174736 3.386109493007011 0
6.12666253806648 3.298352809872477 0
12.13025007799874 3.406937754756957 0
7.038626149022321 2.771970314257192 0
5.730773303025542 3.317855324791338 0
13.65787891819634 0.8730195875094746 0
13.17562298201609 0.9996855145607815 0
12.761732200317 0.7022764277462905 0
9.711771934820097 3.21925795250387 0
10.51068258400918 1.263430664877327 0
9.030942806639208 2.789944366248447 0
9.089138250561042 2.679950181830781 0
8.936674550924867 2.80931446590228 0
7.198397230430743 1.767132218608097 0
8.24063628552565 3.477056005249108 0
8.329830323187686 3.419839363813212 0
6.642406360537331 3.822774025618815 0
7.142406166808006 3.823214172513747 0
8.423831880234998 2.597210669638263 0
8.702720847942267 2.516379785466428 0
8.341631699096494 3.327995224423814 0
7.692063933944876 3.047878436005369 0
7.595388824170322 3.040472640693586 0
7.549293601386116 2.949925206798512 0
7.49256036987837 3.030699943775748 0
7.450542460368044 2.9395592100929 0
5.91194064529139 2.351855598175409 0
6.235064069237092 3.298234896126741 0
8.142405779349351 3.824094466303649 0
8.226226710698086 3.160586970016557 0
8.354923874914784 3.07997419661688 0
8.393435541678777 3.160667743219664 0
8.449096681720624 3.025376596542017 0
8.460403958310517 2.931065349785196 0
8.536439778656913 2.988061223324002 0
8.545866743285538 2.89309061374752 0
8.468812697669337 2.797241814731255 0
5.674206104345107 3.867240987040262 0
5.139885860403066 0.7663956172400961 0
6.770220241132773 0.4661110089541844 0
6.00179803275878 3.743178435716589 0
11.25098048204667 2.021679255540793 0
3.741627526658531 3.56334217386938 0
3.510067267086088 3.141575585822948 0
3.018301904560898 3.132814707000541 0
3.278369208311011 2.711124562465436 0
2.787101893845868 2.694715087989244 0
3.052054934566987 2.274698581055163 0
3.49862671528283 2.357086647579745 0
2.55634209677199 2.258329352898183 0
2.822155608621776 1.837710786443088 0
2.324468695487225 1.821344511483022 0
2.06128787547498 2.241407903204765 0
1.828182448324453 1.803655807621585 0
1.581126418673704 2.234261634670283 0
2.58766377260069 1.401729887484473 0
3.085808789841296 1.418286621289718 0
1.27681238001171 1.803151109015074 0
1.586020039695441 1.363221015498183 0
2.864141638927783 0.9582435619110474 0
1.800466902324693 2.6733129203906 0
2.52483720841597 3.122973687217907 0
1.057203637206775 1.311235739384948 0
1.314326422107774 2.642377638852242 0
3.323689468590132 1.009680501921222 0
3.642265854873606 1.475984350849724 0
3.821850112603252 0.9814651458798438 0
4.123261099462732 1.388204163412638 0
4.285674415242142 1.035136373436052 0
4.533335763423885 1.462152490317212 0
4.31752270208599 1.82217597092344 0
3.828949518733291 1.87606156052887 0
3.141519918395293 0.5046341098223159 0
2.354453153168778 0.9636536064960919 0
3.387299544421455 1.911518638764024 0
3.991313589263787 2.298565857344508 0
1.53224590068732 3.111759142611935 0
1.063478073720833 3.052592575478105 0
4.27077926028361 0.3978252474509198 0
5.845450451581489 3.230257016109512 0
10.96641591844153 1.684645786516921 0
3.996244819734725 3.147934218665117 0
8.403114745006112 1.483463498667928 0
7.89247608137493 3.559006695668433 0
3.806760607652583 2.713754630758158 0
4.238432777303413 2.738648780150294 0
4.321977868252683 3.190492319230287 0
4.21670003210477 3.038339361019792 0
4.524742707730531 3.433514748875373 0
9.442452839450796 3.825802860678757 0
9.542255611131212 3.826015999461777 0
9.342693303952 3.825838172415424 0
9.292529540995124 3.73861881409683 0
9.242405336964017 3.825062774553567 0
9.192489593835294 3.738435338332635 0
9.14255570058625 3.825140272680029 0
9.092508028208083 3.738358987106015 0
9.142563590957757 3.651778040733537 0
9.042777551586022 3.825471391637274 0
11.20036840508689 2.478077849964849 0
7.507421483717823 2.857201385833502 0
7.413444955194309 2.855829723092205 0
7.308131397578139 2.846363076421883 0
7.230453298830056 2.768349303664035 0
7.74904258716229 3.312090263053877 0
6.313051188170165 3.90951346704689 0
6.409330949719229 3.899411297734583 0
1.371343905410985 0.916655709222203 0
9.093822337547483 3.912994003709477 0
7.792640853581821 3.556899860799255 0
10.09115315240039 2.791772614964936 0
14.58207791806273 2.256119088491435 0
14.58107586508724 3.247265150429733 0
14.17212447908856 2.992701261343264 0
14.49997793255092 1.230317375674545 0
4.843169414937332 2.955164427697876 0
4.743169453526392 2.955076399033258 0
4.693093237194706 3.041634891286374 0
4.643169492246042 2.954988369773702 0
4.593093275933914 3.041546861937701 0
4.543169530986428 2.954900340419673 0
4.593245747292164 2.868341848284793 0
4.493245786037145 2.868253818909826 0
4.543322002342502 2.781695326776676 0
4.443169569731444 2.954812311044542 0
4.443322041088267 2.781607297398143 0
4.493398257393721 2.695048805264549 0
4.593398218647891 2.695136834643389 0
4.543474473699285 2.608490313130477 0
4.643474434953418 2.608578342509469 0
4.593550690004834 2.521931820996462 0
4.493550728750704 2.521843791617461 0
4.54362694505626 2.435285299483423 0
4.643626906310393 2.435373328862423 0
4.593703161361821 2.348726807349383 0
4.493703200107686 2.348638777970383 0
4.543779416413246 2.26208028583634 0
4.643779377667384 2.262168315215344 0
4.59385563271881 2.175521793702301 0
4.693855593972947 2.175609823081306 0
4.643931849024379 2.088963301568264 0
4.443779455159111 2.261992256457338 0
4.393703238853552 2.348550748591383 0
4.743779338921518 2.262256344594348 0
4.793855555227082 2.175697852460311 0
4.343779493904973 2.26190422707834 0
4.543931887770234 2.088875272189255 0
4.59400810407581 2.002316780055222 0
4.293703277599419 2.348462719212384 0
4.843779300175646 2.262344373973349 0
4.893855516481211 2.1757858818393 0
4.843931771532645 2.08913936032627 0
4.943931732786772 2.089227389705258 0
4.894007987838208 2.002580868192231 0
4.994007949092333 2.002668897571229 0
4.936436708688914 1.901454326580187 0
5.143779183939971 2.262608462101392 0
5.042809582822096 1.913682397190863 0
5.004333855538595 1.821778047505471 0
5.093795479917166 2.002352258909172 0
4.243779532650841 2.261816197699347 0
4.293855748956391 2.175257705565302 0
4.203840536691974 2.192498980488918 0
5.143836291151189 1.915726322101636 0
5.194007871600613 2.002844956329246 0
5.244084087906177 1.916286464195208 0
5.29374533917662 2.003084228564958 0
5.345042300750515 1.916431729302234 0
4.643020409135985 3.124344383142416 0
4.343627022547994 2.435109240725425 0
4.243627061293862 2.435021211346427 0
4.293550806242441 2.521667732859465 0
4.213550837239133 2.52159730935627 0
4.794008026584075 2.002492838813232 0
4.793703083870087 2.34890286610739 0
4.89370304512422 2.348990895486398 0
4.843626828818658 2.435549387620433 0
5.243779145193709 2.262696491482203 0
4.55303298054017 3.110023855583274 0
4.568203232963098 3.225171534178306 0
4.395740231699968 2.693611406152448 0
4.693398179901997 2.695224864022496 0
4.743474396207542 2.608666371888482 0
4.943626790072789 2.43563741699944 0
4.89355057376723 2.522195909133466 0
5.043779222685722 2.262520432722976 0
5.093855438989443 2.175961940597217 0
5.243887867602815 2.089516684985045 0
5.343618043687732 2.089760158411236 0
5.200066126365007 1.827709350388017 0
4.695041237802932 3.263899039837495 0
4.256655591484395 2.614190466743573 0
4.128776241614931 2.617885929610051 0
4.143779571396708 2.261728168320357 0
4.093855826448126 2.175081646807321 0
4.330451369088776 2.778637731543122 0
4.793245670109776 2.868517905633483 0
4.393855710210525 2.175345734944294 0
4.343931965261939 2.088699213431256 0
4.443931926516083 2.08878724281025 0
4.396370001513466 1.994984947762348 0
4.298544629981111 2.00817165362686 0
4.993093121664751 3.041898976199493 0
4.348403642936023 2.607734029975641 0
6.49339753466564 2.696750106782927 0
6.705405155101565 2.541358811253668 0
6.678310845826324 2.415868511396743 0
6.393245049865369 2.869926377112146 0
8.792966248335985 3.218474169764065 0
4.493855671464665 2.175433764323293 0
4.993550535029319 2.522283938476219 0
6.093245191085035 2.869633947980356 0
6.043169145431758 2.95599858825736 0
5.143169360289492 2.955428235246722 0
5.093093093789959 3.041986956052487 0
5.193093097572931 3.042074791680316 0
4.943169376926602 2.95525245372776 0
6.236909114844789 3.473621226251555 0
6.545032714991079 2.610184231111657 0
4.693245708603565 2.868429877402893 0
8.492444258081406 3.737767085240635 0
8.442405663111755 3.824358554440617 0
8.342405701857619 3.824270525061629 0
8.592404182704744 3.737791412150612 0
4.494762634831972 3.038445249476277 0
4.391047344936922 3.050614486362676 0
4.347906038519493 2.953339395595231 0
4.459294036896186 3.124397442030906 0
5.492561887853849 3.562094904623977 0
5.440980334075211 3.647629744516685 0
5.345528290138136 3.647119941877546 0
5.392483080539137 3.735071151557911 0
5.540646929689813 3.643824849542689 0
5.642559219352971 3.64868871818183 0
5.293093724563144 3.042159788125764 0
8.943026798129049 3.131999908919425 0
5.143474241511561 2.609018488094758 0
5.099022120515434 1.828874879315034 0
5.154555741707293 1.743333295427855 0
5.29278113864878 1.84589668311146 0
5.3848296934512 1.833902353835182 0
5.436541731852088 1.920548586743033 0
5.489506466562473 1.836714818554265 0
5.424717967049894 1.745336214022946 0
5.692946143321596 2.350131061019495 0
6.193245156469375 2.86971725401271 0
6.243168951958102 2.956306357132716 0
8.64247367978512 3.651275073231206 0
8.642405585620024 3.8245346131986 0
6.393397582109976 2.696652196392475 0
5.092788139571775 3.388397035757284 0
5.493835368233479 2.178484723167439 0
4.743016982136636 3.128281412829731 0
8.642790430451713 3.478093987105058 0
7.395078502187528 3.036942445895568 0
4.844084242889638 1.915934346679193 0
4.743654712825167 1.915100767397943 0
4.794160497941064 1.829287825166153 0
6.792939952218485 3.216688521693159 0
5.743374707625028 2.955894743596323 0
5.793322466599149 2.869383590060124 0
5.243016932637826 3.128720902645111 0
6.793092423524921 3.043483508275278 0
6.188734716064614 2.355569692048135 0
7.342558989846296 3.650110304256362 0
6.542863813358522 3.303070955278512 0
6.49294006840718 3.216424433777987 0
6.442870628862683 3.302979021299808 0
5.343321747393908 2.782399311158305 0
6.446774751482877 3.646405978464896 0
5.593397930384983 2.696016676521273 0
5.543474106043341 2.609370516703926 0
5.542936354643496 3.128602380322215 0
7.392483035940709 3.736713871296247 0
7.342406089316261 3.82339023127173 0
7.442406050570411 3.823478260650726 0
4.893398103103324 2.695400919623058 0
4.84286447203381 3.30157445585579 0
7.643718157208575 3.475904435035046 0
6.942711187272208 3.476628085288879 0
6.343168846835251 2.956469788790308 0
6.493245011119461 2.870014406491336 0
6.343473971234332 2.609853371694637 0
8.475048256590396 3.210162001666831 0
1.268428601343992 3.537863288571656 0
2.030380108924247 3.120800756422176 0
1.730202322598402 0.4404514333099296 0
0.4215530444078492 2.252240845334853 0
0.8222595067127507 2.032897588952246 0
0.5127565707429831 1.264819068634739 0
2.761074354719242 3.566899802667211 0
6.647268150672767 2.613465104869106 0
8.992941006979549 3.218628711934828 0
6.892939913745082 3.216776549836407 0
6.843016168535741 3.130130029506034 0
7.09293983879455 3.21695259707062 0
6.340327293129461 3.301445265274672 0
6.743016207240379 3.130042000314031 0
7.093128552212631 3.043692852140492 0
9.293243926235224 2.872479229103083 0
8.843053724346634 3.132061913698391 0
8.742958327774419 3.305074154078367 0
8.592263765456241 3.564406761710727 0
8.292460179095491 3.737802136894803 0
8.792807303939544 3.391668335799621 0
8.742731943189529 3.478213004839374 0
7.592478208125561 3.736584892252464 0
7.642405973078673 3.8236543194087 0
6.742711264520855 3.476452027633536 0
6.543168756068066 2.956660928004268 0
6.593244972373591 2.870102435870349 0
5.943346751713507 2.955914180594353 0
5.49324846830881 2.869120127746283 0
7.192939803895912 3.217040609012532 0
5.492806475643582 3.215329319991124 0
5.442842001326954 3.30206641055365 0
6.842560136475232 2.784158458727511 0
5.843334388154261 2.782837157561829 0
6.143075419184931 2.438409448204755 0
6.143321384755835 2.78310113278692 0
6.093397638042372 2.696456830447904 0
6.492795503272676 3.38962489203854 0
5.443322381701404 2.782484274267963 0
8.992634158865384 3.565035188968416 0
9.193136790416752 3.045622418689278 0
7.442863667153023 3.303862339281026 0
5.893550188239167 2.523076194127966 0
6.692635058370247 3.562998970742786 0
6.88790300340524 2.700327214298869 0
6.94347354379851 2.610603018226224 0
5.793550229894757 2.52298815149297 0
5.846666107122649 2.436760410949614 0
6.942406244299736 3.823038113755772 0
5.093398029005262 2.695576962920325 0
5.04301686892197 3.128545487194953 0
6.391696768743646 3.215375581296898 0
6.943016129727603 3.13021805916746 0
7.492964693722067 3.21695520723298 0
4.74393181027851 2.089051330947268 0
5.89333272313592 2.86944297716783 0
7.543393241922862 3.127517481240258 0
5.295833532612597 3.560003180697074 0
5.194351622127474 3.558884875330244 0
5.293702890149988 2.349343012960146 0
8.892481725856639 3.738150553646709 0
8.843361752268441 3.825284339782013 0
6.792635015749102 3.563091403913243 0
4.443626983802129 2.435197270104423 0
5.393550380408964 2.522636054337877 0
7.043210848057217 2.957037206707437 0
9.04271037367673 3.478476699799465 0
5.443474129004917 2.609282559234373 0
5.443626596602202 2.436077562715502 0
5.192788103488231 3.388485053007368 0
6.44332128501703 2.783346476122597 0
7.043022132413993 3.130296961728777 0
7.942405856841081 3.823918407545667 0
7.093244778644259 2.870542582765323 0
4.391890111332266 2.867454719107418 0
4.294741222144381 2.869830879181555 0
5.493398074239928 2.695928168290588 0
4.23800616106646 2.106945643743148 0
4.129443855827661 1.970131411587068 0
4.693703122615956 2.348814836728385 0
5.393702851461147 2.34943104207933 0
5.540959186459222 3.300983266574678 0
5.142761095369088 3.474568112361006 0
6.892634988279638 3.563166686198481 0
5.800319516477291 2.348900694528638 0
5.043626751345459 2.435725446293919 0
4.743626867564528 2.435461358241426 0
6.992634948211425 3.563256531530221 0
4.194795818993954 2.347745214781938 0
4.154144210551896 2.448988728801553 0
7.242711198129091 3.476891594616625 0
4.69355065125897 2.522019850375454 0
7.142711138552774 3.476804013146428 0
4.897658534478918 3.559132954786586 0
5.34377910646259 2.262784520794001 0
7.092634900351451 3.563356057518573 0
7.392637094414942 3.563601654669877 0
7.292635027347636 3.563528044393355 0
4.44468635032938 2.60808068472984 0
4.693936470528221 2.002280551117188 0
4.64332196360645 2.781783356110966 0
4.993703006383234 2.349078924843067 0
4.394574255768113 2.521605458335376 0
4.643013535872573 1.910851415441561 0
4.793398141359177 2.695312892476454 0
4.793550612513098 2.522107879754459 0
4.743321925035154 2.781871384694656 0
4.843474357568353 2.608754400781474 0
9.242862767213198 3.305447748518894 0
5.143931655295047 2.089403448463243 0
5.043474280687526 2.608930456756363 0
4.943779261430899 2.262432403347225 0
5.193848108753116 2.176054171164063 0
4.943474319236321 2.608842428275169 0
4.993855477735361 2.175873911218256 0
5.043896288969353 2.089247974410729 0
5.2937945990753 2.176173009261804 0
5.393789620706261 2.176623749731268 0
5.439265911928685 2.093669767554104 0
9.342862728461935 3.30553577791472 0
9.392938913740561 3.218977232211329 0
9.337583030273088 2.962352238543006 0
9.343015193900868 3.132330754093452 0
9.593129785881413 3.392460188749638 0
9.292175803676914 3.046230738238964 0
9.392633199621844 3.565385917548819 0
9.342565509555843 3.651964422950045 0
9.242569391886843 3.651884522339647 0
9.19263696121299 3.56521709013622 0
8.943198006132267 3.825587339256296 0
9.092635554992349 3.565125574447797 0
9.042563494586849 3.651688609855481 0
8.992681124913656 3.738475093690345 0
5.972244259748352 3.395252887340704 0
9.642255899143438 3.47928418273227 0
9.688557005633369 3.395234891208721 0
9.592369923746368 3.738633164726366 0
5.941901276952247 3.660473836053605 0
5.894565265694073 3.755418318712456 0
9.841841113003319 3.652400996167567 0
8.742890311416042 3.824844368558039 0
13.26621120704911 3.578884589855965 0
9.921193581169794 3.65223733376647 0
9.992451251751808 3.738954918435183 0
9.5918981304286 3.91289517267994 0
2.09001880181771 1.378612090738503 0
8.797088793430065 3.914001534876705 0
9.293202898261264 3.913114936234784 0
9.492292720227972 3.912963247878325 0
8.598483845474746 3.914001534876705 0
9.877663441625087 3.908542346805648 0
8.542405903086157 3.824129962062603 0
8.399230451122552 3.913723781964356 0
7.911383377942766 1.597251569408284 0
1.879499992716899 0.9189009204466327 0
8.299497784569173 3.913571671128162 0
13.46002410357629 3.164235694585765 0
2.293402680959625 2.685256618020479 0
13.07847077514978 1.487719166380768 0
9.641773082557227 3.825132969967087 0
8.101108119470608 3.913904463295989 0
8.242406341032664 3.823500417771586 0
7.293161053111827 0.4080936562595983 0
13.70020979788684 2.732030587064258 0
14.16481037424818 2.485836809786848 0
7.902415478466107 3.91414148526794 0
8.042406620150485 3.823095315009958 0
10.4132726208929 3.809187785920203 0
7.80301127003678 3.914134173042049 0
7.603873527156284 3.913981489513155 0
7.742407019633634 3.822509464477217 0
8.298858849338611 0.4013699695459727 0
6.184880873501865 3.556974178096397 0
7.405600505809661 3.914502103870154 0
7.542407273204228 3.822133382963388 0
7.305635788743377 3.914146354099341 0
12.72954793222541 1.157601540612403 0
7.1069375374321 3.914197275334376 0
6.900605851398704 2.522491599835443 0
7.242407634508274 3.821590903267469 0
5.387701205424968 2.006728889002517 0
6.908785533153218 3.914806063709536 0
7.042407862720207 3.821243628782053 0
6.808681417054556 3.91435570546522 0
8.994464587839571 3.912927676899072 0
6.604617470980477 3.910265072372837 0
6.742408186126636 3.820744200175801 0
12.71375616627838 2.851096730814824 0
5.691007833122956 3.564307855479472 0
5.668375073617661 3.731509682291593 0
6.547185941895506 3.818269577083717 0
12.28058393689322 1.291760782359641 0
10.66074481489917 0.8407715082609077 0
11.1256952135116 0.7856635822536537 0
7.140671901635307 2.785510437640584 0
7.745119964422686 3.471655097944147 0
2.263266995456563 3.562442397647059 0
12.38634483791273 2.530756106893668 0
6.029439897183134 3.300956316723813 0
11.68862220155575 3.549175482313972 0
0.8392881829611234 2.569284212243863 0
5.741461174120999 2.26627021816335 0
9.557033482284647 0.7690385331326148 0
0.8983682621769082 0.848614754431964 0
10.37914918951961 1.66081574567768 0
7.757940810038152 1.950889522303664 0
9.422439989031414 2.078692020694797 0
6.244292652804873 3.643174433057069 0
14.57947680765123 0.754644159599033 0
13.7599028483366 0.4090307494489425 0
0.3673950929798435 3.228930562882415 0
0.7497173570994899 0.4047639804471814 0
14.2123260262372 3.526794001623228 0
8.365307072384772 1.809304443053145 0
6.736242693151182 0.9562751630246462 0
5.544589323218708 2.094479897415228 0
5.6454863149501 2.01284291479951 0
9.677440770265129 2.907643194293047 0
9.609425143725634 3.017714777040158 0
9.726593094602181 3.05111317567157 0
9.530893382540446 2.947613483014097 0
9.436444956701262 2.944338898148551 0
4.734471719328793 1.016356583030289 0
4.896194170619214 1.425209734006466 0
4.610315568109726 1.683680366484173 0
4.372298381980669 1.64161466498127 0
7.986818911499587 3.567505736555564 0
9.187891788737865 0.8963477824232295 0
10.30876701159558 0.3990835519280425 0
9.73642748480682 3.309595636278402 0
4.105578024678536 2.356840173363463 0
6.09166072651312 3.2092234504714 0
4.308834324399447 3.034791231324073 0
6.062082715994976 3.820421514129739 0
7.549306714353134 2.125765491840518 0
12.3899273185074 0.8832701779719607 0
5.146831382016241 3.641033579639221 0
8.756030689896287 0.3777409215718879 0
9.215708839362641 1.843959861509984 0
8.990832177529363 2.879688744576707 0
8.165736298690016 3.335954570897698 0
6.348285579518402 3.644134421721976 0
11.30771250371008 0.3760280335093316 0
5.485987806163299 3.728106991797435 0
5.45885522879978 3.824334343583012 0
5.360179235516762 3.823808674914466 0
5.30030905555121 3.730330831881322 0
5.257951745653271 3.824001978892982 0
5.137120391527184 3.789047118038894 0
10.89919217408261 2.257692129377738 0
6.13319696333328 2.285427263290726 0
5.309472971348006 0.3755180849934856 0
8.891506123720383 2.882257445074643 0
8.85510836844662 2.809655863609337 0
8.792717599616365 2.877762527637127 0
8.741784441638776 2.749018191745106 0
2.681563966089852 0.4576743500274167 0
5.634568001310822 3.299292878707395 0
6.189347319886038 3.209584428905174 0
8.599641864636233 3.051781775384148 0
12.99755107775947 3.201526177554061 0
14.20789900803158 1.979404738550093 0
7.021499332116429 2.237745974090312 0
5.772324375831321 2.123823710849094 0
8.391942491197186 2.871638554801253 0
9.648747720836532 0.3743236546664708 0
10.02625412181608 3.89284848402768 0
6.397956615320168 3.727439777956663 0
8.274540246119791 3.252045622431252 0
5.52992738900709 1.934381677756653 0
5.633548428647799 1.83694442932851 0
5.776230088459005 1.71681335906287 0
5.531702234391096 1.77001268218919 0
8.050313444603781 3.443604051590329 0
4.313936722502515 2.686564482913016 0
9.727942374324304 3.137516563231216 0
5.777105023024695 3.253901364176416 0
7.470784890019894 0.7266196777584424 0
7.611801461084847 2.877950815528278 0
8.407345382036002 3.382913718550761 0
6.526796581266283 2.331747193502419 0
5.740564253196219 3.492448962221915 0
6.45178150575673 3.815475940749828 0
9.189175743012413 2.715999682662173 0
5.252894798355741 3.640535994801001 0
5.882793643878616 3.865859650893605 0
7.096753089948701 2.718523182351893 0
6.469131546376039 0.7169365024852301 0
6.695369520385445 2.176558044201173 0
8.372540718163714 3.236424773069105 0
5.803027099778022 3.739820439445755 0
14.10984543589203 0.8174242981079667 0
9.774881885604561 3.402850190391986 0
9.887262518009397 3.402476345256764 0
9.925284925481119 3.484592184055283 0
10.00360974080605 3.588012348135806 0
5.842516737341988 0.3665971593001387 0
4.801587188870125 3.548245791038286 0
5.686914004683363 3.401673213909234 0
12.55303763773233 3.281005250383239 0
8.341198757859232 3.50021438044141 0
4.758005049718242 3.305483057436234 0
4.686157642741218 3.192642505998912 0
7.774507633013885 3.3994939258818 0
5.592503530702726 3.711928123461913 0
11.82498584472083 0.3826481827789245 0
5.962967576450748 2.1207686635814 0
6.147062855046279 2.045121155820704 0
1.166592412659905 2.264119929775507 0
4.468746224570566 1.802065320008364 0
4.590814444854093 1.805013639163179 0
4.552729859283393 1.915417679838392 0
4.395737546887267 1.889877104812311 0
4.691583123824898 1.824726496373654 0
4.746718981831519 1.740490114613133 0
4.499416470005778 2.003061541350513 0
4.659858029655059 1.763477654158534 0
4.987152522952101 1.643831496196696 0
4.901039116709502 1.721094960699224 0
4.974180350914041 1.747083193746117 0
5.138041374599503 1.520800644253601 0
5.191230566588837 1.656660941322953 0
5.329238166055813 1.628903429054658 0
5.101378799181918 1.65936231884931 0
5.053437231801563 1.740710538506747 0
4.919525990163324 1.797351726794099 0
7.730260957209954 2.974073058966547 0
7.716958790480306 2.878788730393931 0
4.473667998243501 1.908252460336416 0
8.589804101014977 2.707335865885565 0
8.639777675113052 2.796855987033807 0
8.567759402354179 2.807263324771947 0
5.827750370237129 3.913576794457341 0
5.750874800830946 3.880232187162584 0
6.059091475087825 0.7867886780025848 0
8.136894572935443 3.502218261881984 0
9.800605701990969 3.258551069357523 0
9.901683502317875 3.281196351066796 0
0.8182995911415185 1.636074234042774 0
9.771709048237236 2.753837585563099 0
10.28993687902731 3.677826569042614 0
6.041716391432314 1.255639868794328 0
14.63431306173408 3.633388356740877 0
7.88319245336679 3.13371025645131 0
7.793085664846059 3.051601405893622 0
14.63397459621556 0.3660254037844388 0
0.3660254037844366 0.3660254037844366 0
0.3550302667078826 3.63698924925437 0
14.24372082328081 1.553890312203827 0
4.271401733990536 2.950506613810153 0
4.149347541439553 2.861309621562676 0
5.728200300456367 3.787923715626972 0
3.781235389030393 2.140801923601858 0
5.167446873651486 3.888959997459956 0
4.939358821270935 3.819270440194378 0
5.054327884903214 3.848925209610321 0
5.033095838020781 3.758162975070801 0
4.959680735101953 3.705797948351036 0
4.946670604477806 3.628593902992176 0
4.775900854542201 3.693635872410583 0
5.106044288227842 3.716159435351059 0
3.824358646883185 2.387476391370646 0
4.001821886774153 2.470585285208063 0
12.75278549584298 0.3005535355576714 0
9.582008895947281 2.75672152949807 0
9.568863342585333 2.870961768769242 0
9.498696933230844 2.879672762595801 0
4.132945993642369 0.7230126921822677 0
8.617091690228179 2.86006350497756 0
4.466231716206398 3.710126813054001 0
5.46799390515416 2.016878863439539 0
7.391259286226558 2.776251387192697 0
7.390509360098094 2.706500465321535 0
7.307961689687784 2.648326606566793 0
7.255166588689167 2.705254234389059 0
6.876059656806405 2.377723659323667 0
4.344058263767003 1.945226139342971 0
4.227581832824303 1.894137873132691 0
8.165865884527038 1.61274363263461 0
10.69418499714953 1.54103907247079 0
8.514869245847168 3.061844128819636 0
8.454775138744116 3.110657589307168 0
4.253243227494031 2.812106753109412 0
8.920307370669311 0.6902004300424092 0
4.091617606541179 1.724044285059386 0
7.125373003474521 2.026096410341519 0
6.968628542811077 2.708666842553113 0
5.647316555341721 2.123620600552958 0
10.60035653278619 3.714581251617004 0
10.67515663255235 3.512870216056216 0
7.424196171454725 1.917900475793551 0
9.366641527621963 2.887834059120383 0
9.351276519463354 2.813642224029854 0
9.448208303658591 2.75611424695329 0
9.323798230837122 2.730126685203921 0
9.50552298227541 2.823269940337528 0
12.41337626581313 3.653258292418877 0
5.627374805706904 3.802274920605321 0
5.565586704913828 3.877398621427062 0
3.510688549149072 0.6125744700592661 0
8.092547557818175 3.588361405632146 0
6.009994217694163 3.891816114613654 0
4.525172042576734 1.85103628385372 0
4.862151562598054 1.840856378752752 0
6.406423753504392 2.21722755957467 0
6.277110545844146 2.176693967775759 0
6.390472707919608 2.333653319438632 0
6.31600586775552 2.271458623724171 0
6.221094231170611 2.27121215875531 0
5.913991700496846 3.200171082756865 0
9.596655659779135 2.935983305779136 0
9.725741302958809 2.032720283683783 0
4.827778298977156 1.763172777650622 0
4.792267817628634 1.643529304009848 0
7.947284709315076 2.9815948152006 0
9.249807214140368 2.714901307730411 0
4.429918117183658 0.7231541911125658 0
13.858303557835 3.226726922659429 0
10.94780596091227 1.977735082941765 0
10.13480926207868 3.718286911330807 0
5.787565033175268 3.185818069833898 0
0.6838273401469337 3.018966526430295 0
8.318708538646209 3.01638163150616 0
2 2 0 1079
1440
1441
1442
1443
1444
1445
1446
1447
1448
1449
1450
1451
1452
1453
1454
1455
1456
1457
1458
1459
1460
1461
1462
1463
1464
1465
1466
1467
1468
1469
1470
1471
1472
1473
1474
1475
1476
1477
1478
1479
1480
1481
1482
1483
1484
1485
1486
1487
1488
1489
1490
1491
1492
1493
1494
1495
1496
1497
1498
1499
1500
1501
1502
1503
1504
1505
1506
1507
1508
1509
1510
1511
1512
1513
1514
1515
1516
1517
1518
1519
1520
1521
1522
1523
1524
1525
1526
1527
1528
1529
1530
1531
1532
1533
1534
1535
1536
1537
1538
1539
1540
1541
1542
1543
1544
1545
1546
1547
1548
1549
1550
1551
1552
1553
1554
1555
1556
1557
1558
1559
1560
1561
1562
1563
1564
1565
1566
1567
1568
1569
1570
1571
1572
1573
1574
1575
1576
1577
1578
1579
1580
1581
1582
1583
1584
1585
1586
1587
1588
1589
1590
1591
1592
1593
1594
1595
1596
1597
1598
1599
1600
1601
1602
1603
1604
1605
1606
1607
1608
1609
1610
1611
1612
1613
1614
1615
1616
1617
1618
1619
1620
1621
1622
1623
1624
1625
1626
1627
1628
1629
1630
1631
1632
1633
1634
1635
1636
1637
1638
1639
1640
1641
1642
1643
1644
1645
1646
1647
1648
1649
1650
1651
1652
1653
1654
1655
1656
1657
1658
1659
1660
1661
1662
1663
1664
1665
1666
1667
1668
1669
1670
1671
1672
1673
1674
1675
1676
1677
1678
1679
1680
1681
1682
1683
1684
1685
1686
1687
1688
1689
1690
1691
1692
1693
1694
1695
1696
1697
1698
1699
1700
1701
1702
1703
1704
1705
1706
1707
1708
1709
1710
1711
1712
1713
1714
1715
1716
1717
1718
1719
1720
1721
1722
1723
1724
1725
1726
1727
1728
1729
1730
1731
1732
1733
1734
1735
1736
1737
1738
1739
1740
1741
1742
1743
1744
1745
1746
1747
1748
1749
1750
1751
1752
1753
1754
1755
1756
1757
1758
1759
1760
1761
1762
1763
1764
1765
1766
1767
1768
1769
1770
1771
1772
1773
1774
1775
1776
1777
1778
1779
1780
1781
1782
1783
1784
1785
1786
1787
1788
1789
1790
1791
1792
1793
1794
1795
1796
1797
1798
1799
1800
1801
1802
1803
1804
1805
1806
1807
1808
1809
1810
1811
1812
1813
1814
1815
1816
1817
1818
1819
1820
1821
1822
1823
1824
1825
1826
1827
1828
1829
1830
1831
1832
1833
1834
1835
1836
1837
1838
1839
1840
1841
1842
1843
1844
1845
1846
1847
1848
1849
1850
1851
1852
1853
1854
1855
1856
1857
1858
1859
1860
1861
1862
1863
1864
1865
1866
1867
1868
1869
1870
1871
1872
1873
1874
1875
1876
1877
1878
1879
1880
1881
1882
1883
1884
1885
1886
1887
1888
1889
1890
1891
1892
1893
1894
1895
1896
1897
1898
1899
1900
1901
1902
1903
1904
1905
1906
1907
1908
1909
1910
1911
1912
1913
1914
1915
1916
1917
1918
1919
1920
1921
1922
1923
1924
1925
1926
1927
1928
1929
1930
1931
1932
1933
1934
1935
1936
1937
1938
1939
1940
1941
1942
1943
1944
1945
1946
1947
1948
1949
1950
1951
1952
1953
1954
1955
1956
1957
1958
1959
1960
1961
1962
1963
1964
1965
1966
1967
1968
1969
1970
1971
1972
1973
1974
1975
1976
1977
1978
1979
1980
1981
1982
1983
1984
1985
1986
1987
1988
1989
1990
1991
1992
1993
1994
1995
1996
1997
1998
1999
2000
2001
2002
2003
2004
2005
2006
2007
2008
2009
2010
2011
2012
2013
2014
2015
2016
2017
2018
2019
2020
2021
2022
2023
2024
2025
2026
2027
2028
2029
2030
2031
2032
2033
2034
2035
2036
2037
2038
2039
2040
2041
2042
2043
2044
2045
2046
2047
2048
2049
2050
2051
2052
2053
2054
2055
2056
2057
2058
2059
2060
2061
2062
2063
2064
2065
2066
2067
2068
2069
2070
2071
2072
2073
2074
2075
2076
2077
2078
2079
2080
2081
2082
2083
2084
2085
2086
2087
2088
2089
2090
2091
2092
2093
2094
2095
2096
2097
2098
2099
2100
2101
2102
2103
2104
2105
2106
2107
2108
2109
2110
2111
2112
2113
2114
2115
2116
2117
2118
2119
2120
2121
2122
2123
2124
2125
2126
2127
2128
2129
2130
2131
2132
2133
2134
2135
2136
2137
2138
2139
2140
2141
2142
2143
2144
2145
2146
2147
2148
2149
2150
2151
2152
2153
2154
2155
2156
2157
2158
2159
2160
2161
2162
2163
2164
2165
2166
2167
2168
2169
2170
2171
2172
2173
2174
2175
2176
2177
2178
2179
2180
2181
2182
2183
2184
2185
2186
2187
2188
2189
2190
2191
2192
2193
2194
2195
2196
2197
2198
2199
2200
2201
2202
2203
2204
2205
2206
2207
2208
2209
2210
2211
2212
2213
2214
2215
2216
2217
2218
2219
2220
2221
2222
2223
2224
2225
2226
2227
2228
2229
2230
2231
2232
2233
2234
2235
2236
2237
2238
2239
2240
2241
2242
2243
2244
2245
2246
2247
2248
2249
2250
2251
2252
2253
2254
2255
2256
2257
2258
2259
2260
2261
2262
2263
2264
2265
2266
2267
2268
2269
2270
2271
2272
2273
2274
2275
2276
2277
2278
2279
2280
2281
2282
2283
2284
2285
2286
2287
2288
2289
2290
2291
2292
2293
2294
2295
2296
2297
2298
2299
2300
2301
2302
2303
2304
2305
2306
2307
2308
2309
2310
2311
2312
2313
2314
2315
2316
2317
2318
2319
2320
2321
2322
2323
2324
2325
2326
2327
2328
2329
2330
2331
2332
2333
2334
2335
2336
2337
2338
2339
2340
2341
2342
2343
2344
2345
2346
2347
2348
2349
2350
2351
2352
2353
2354
2355
2356
2357
2358
2359
2360
2361
2362
2363
2364
2365
2366
2367
2368
2369
2370
2371
2372
2373
2374
2375
2376
2377
2378
2379
2380
2381
2382
2383
2384
2385
2386
2387
2388
2389
2390
2391
2392
2393
2394
2395
2396
2397
2398
2399
2400
2401
2402
2403
2404
2405
2406
2407
2408
2409
2410
2411
2412
2413
2414
2415
2416
2417
2418
2419
2420
2421
2422
2423
2424
2425
2426
2427
2428
2429
2430
2431
2432
2433
2434
2435
2436
2437
2438
2439
2440
2441
2442
2443
2444
2445
2446
2447
2448
2449
2450
2451
2452
2453
2454
2455
2456
2457
2458
2459
2460
2461
2462
2463
2464
2465
2466
2467
2468
2469
2470
2471
2472
2473
2474
2475
2476
2477
2478
2479
2480
2481
2482
2483
2484
2485
2486
2487
2488
2489
2490
2491
2492
2493
2494
2495
2496
2497
2498
2499
2500
2501
2502
2503
2504
2505
2506
2507
2508
2509
2510
2511
2512
2513
2514
2515
2516
2517
2518
9.17951768674088 4.076860689669238 0
8.194034672329396 4.085150467123579 0
9.602708977620429 4.084399640446509 0
7.896015938709278 4.08714050653425 0
7.605459258009249 4.085999080063523 0
7.307729971252861 4.089766239898878 0
14.5739948223466 6.249704729088109 0
12.7529010425034 4.409214020401323 0
10.00459705748896 4.136904443729821 0
12.77639062637008 7.561229943386651 0
10.46502177204998 4.223178797478779 0
8.658826068342481 5.627065083302671 0
9.390183561138961 4.09552966158874 0
9.013709117451761 4.07476648615849 0
8.399878897519431 4.085998465123295 0
7.109055705012757 4.086161970025624 0
6.910210751371002 4.086124727290258 0
6.71173683989923 4.082030344740257 0
6.513131891943908 4.085998465123295 0
6.317789590716394 4.080468210274633 0
11.84924121149967 4.410205469480591 0
14.57099034176417 5.250002831118276 0
9.913352798886972 6.379935176540553 0
7.887218576397581 5.202735877783867 0
13.71637048219732 7.585898771918234 0
11.58761489350889 7.347555106392587 0
13.71512895858383 4.406256952548949 0
10.70393083667272 6.901808190707063 0
7.052509215165633 4.756287034151239 0
9.892867483871669 4.120259733671016 0
9.946888089280437 4.216721526666452 0
10.04477310622963 4.233229057601452 0
9.985720578671728 4.308591689995959 0
10.07986770514196 4.327077702400793 0
10.01875609030775 4.401126047474572 0
10.112395419823 4.412818996700364 0
9.92257481627836 4.383797263088087 0
9.954730043846984 4.476661158337343 0
9.856987192335421 4.458465965867776 0
9.890234223544622 4.552732339223235 0
9.791995958566284 4.534478859419963 0
9.825336201007222 4.628755992535486 0
9.727033757528632 4.610494863972841 0
9.693690614882135 4.516217446102425 0
9.628718528629667 4.592232246041841 0
9.662060946564313 4.686509708612745 0
9.563743176197523 4.668246802772322 0
9.530400334576274 4.573969292648218 0
9.465425061886009 4.649983858332888 0
9.432082162961562 4.555706341795895 0
9.972716849654999 4.55900579459092 0
9.497057438330046 4.479691776429011 0
9.398739257144172 4.461428824488804 0
9.333763986577742 4.537443390397584 0
9.300421077307458 4.443165872700835 0
9.235445806965915 4.519180438634976 0
9.268788716913942 4.613457956408212 0
9.202102897157605 4.424902920877518 0
9.137127626763869 4.500917486805768 0
9.103784716857191 4.406639969037212 0
9.038809446438361 4.482654534962629 0
9.072152356373534 4.576932052734403 0
9.005466536511106 4.38837701719175 0
8.940491266084663 4.464391583116308 0
9.827140675871046 4.367523782868473 0
9.46371452825937 4.385414258641957 0
10.15430429424681 4.234972029295553 0
8.90714835615271 4.370114065344899 0
8.842173085724216 4.446128631269227 0
8.87551599565778 4.540406149040818 0
9.267078167671292 4.348888354962803 0
9.070441806945997 4.312362451268143 0
9.562032708731476 4.403677210487203 0
9.524899949779254 4.310740039795444 0
9.429739976932488 4.291360132060335 0
9.628141002929206 4.31829361794775 0
8.808830175791138 4.351851113497691 0
8.743854905362115 4.427865679421958 0
8.873805446220702 4.275836547573483 0
8.797088793430063 4.085998465123295 0
14.57688706373097 7.247912596411387 0
6.650726416997315 4.519597388210391 0
11.14429804162528 7.100038672824876 0
11.99788833030222 7.525754245500526 0
10.30993854050641 6.641972917186207 0
10.81940682906233 4.302077898629273 0
10.58264575018578 4.514621078157325 0
9.848107090593881 4.211748748897312 0
9.486794481249502 4.223541490539937 0
6.911466313754134 4.410475204554297 0
8.709517369890339 4.338942705313286 0
8.645370954076533 4.410495151518461 0
8.678852006445879 4.504028982670192 0
8.61063329151111 4.321852655447517 0
8.546930828890632 4.392576420658697 0
8.513195096213579 4.298488013765481 0
8.448738988568296 4.373520557336844 0
8.482168425632395 4.467634404716275 0
8.415457226460429 4.279021864354436 0
8.350538583313948 4.354924920649808 0
8.317239273978261 4.260536354261083 0
8.252256736782764 4.336569428288186 0
8.285598435588494 4.430850030743576 0
8.218321941988366 4.245495485996018 0
8.153844753454154 4.318828066952185 0
8.119888269193517 4.227856479830953 0
8.055491690525145 4.30075603780379 0
8.088950397822607 4.394410622691442 0
8.024115002212971 4.202082744621853 0
7.962893933663148 4.279397933126337 0
8.480974253928334 4.211584565447429 0
9.769123122499387 4.124936009175042 0
9.744654320257311 4.210282816437859 0
7.35998516213489 4.896414734970745 0
7.416835467773518 4.53701365604865 0
7.699283540621781 4.730967235023674 0
7.703108935728348 4.454636700552038 0
7.501868634183741 4.348791543901076 0
8.60239466506415 4.086263732180317 0
7.869020636005044 4.589774448547632 0
8.09569656584852 4.133568454900072 0
8.250996040436522 5.408289791244962 0
8.625072969066577 5.274484003502669 0
8.930050170135518 5.408134823369548 0
9.498767971442373 4.744261376066515 0
8.951142503613122 5.040264950960784 0
9.225320584603205 5.163896482374042 0
8.652193898790527 4.918279204254503 0
9.070345196565599 5.722571428414838 0
9.471722449791757 6.02502093415138 0
8.227091429867428 4.990068994690286 0
7.941151971471294 4.900315250255494 0
10.16344752490783 4.106193769834874 0
10.31818064142729 4.16392921305118 0
6.037228019259001 4.145044355850573 0
5.847593120328344 4.196075270019771 0
8.26572956615504 4.169927705827899 0
7.244402994104897 4.427591424944692 0
7.303668093356467 4.255448351976806 0
7.355573067253365 4.357347335467 0
11.2685244300035 4.339736572258813 0
11.52539655836566 4.787073316963419 0
10.98735161919386 4.700125552675189 0
11.25856356338439 4.657752170759959 0
9.689400131489508 4.139318411070361 0
9.397028708529627 4.196859223114304 0
6.399685685438385 4.391023900985889 0
7.634493320358887 4.286958539763605 0
13.25148053529455 7.567842085558635 0
13.00466588497618 7.155388458363236 0
12.5642968085437 7.145011774313973 0
12.76562787184891 6.743379495535567 0
13.23056552866734 6.751406848187624 0
12.9299420411334 6.314402492654032 0
12.51022376374401 6.371115560915956 0
12.75812834755278 5.865854974646641 0
12.30936776223804 5.952909239023796 0
13.21261467142813 5.927642232284478 0
12.98082732682095 5.530252362654195 0
13.42901540229508 5.544984893510589 0
13.64992533726195 5.952801824094223 0
13.20514495605937 5.143055979839411 0
12.73783052001299 5.167052035157289 0
13.71464127257485 5.19771956166336 0
12.52887230688218 5.506269583252431 0
12.31671804078707 5.234790436277521 0
12.07324477530416 5.577244866450628 0
11.81322900497045 5.189667641962519 0
7.92396655252767 4.187484546871762 0
13.23118176094694 4.402519098192404 0
9.649781776243486 4.227792117072687 0
12.27575198145003 4.399068197701856 0
14.57499139295318 5.749721785474442 0
14.16265422725134 5.466809789113568 0
14.57216242807873 6.7496877131513 0
14.16686691089749 6.50605108801375 0
14.18374078298902 7.007186678551703 0
13.74219659720595 6.753120750473746 0
9.322013297648697 5.50117461203345 0
14.57876620535392 4.752977202599247 0
8.383877043382945 4.449234129458469 0
8.41724752060566 4.543439374695641 0
8.51557029551652 4.561690281120569 0
8.45061091371204 4.637646425347397 0
8.352289319487237 4.619395218020038 0
8.385635074305814 4.71366294869164 0
8.287316799113661 4.695400323080978 0
8.548926445970569 4.655919114144292 0
8.320660372853638 4.789675557195896 0
8.222342081856569 4.771412985958012 0
8.188999153484051 4.677135531621341 0
8.418978458386782 4.807938835279887 0
8.124023972177024 4.75314979094354 0
8.090681074024094 4.658872232644105 0
8.155656346416713 4.582857659965212 0
8.156361435222944 4.8465678151152 0
8.058552125295197 4.564165317065664 0
8.028690884451525 4.733831020073204 0
8.357248492732325 4.882805397914363 0
8.447735356121887 4.887506302739266 0
8.410382443674333 4.997522373131544 0
8.515302292420625 4.825323436118326 0
8.122512421339277 4.488526531649927 0
8.025441347216077 4.46982531264052 0
8.059048741699142 4.829164219425492 0
8.093519306999132 4.90566647511073 0
7.997100195568734 4.373828271475158 0
7.92567710196535 4.452054148339179 0
8.318936419184062 4.525147046408604 0
9.168759987308643 4.330625403115475 0
9.233309399043893 4.256903437655307 0
9.17047053670689 4.595195004578429 0
9.203813446640696 4.689472522350048 0
9.302131627003245 4.70773547419728 0
9.237156356600178 4.783750040124549 0
9.138838176250573 4.765487088278705 0
9.172181086181844 4.859764606050035 0
9.270499266544128 4.878027557897322 0
9.073862905821006 4.841501654202911 0
9.107754053699781 4.932827745630752 0
9.040519995887864 4.747224136431368 0
8.975544725458651 4.823238702355614 0
8.942201815525255 4.728961184584042 0
8.877226545096057 4.804975750508291 0
8.843883635162625 4.710698232736713 0
8.781044312693032 4.785957382925341 0
8.821785874213749 4.8959788668501 0
8.745921446126584 4.69230937826678 0
8.680590184370779 4.76844984681363 0
8.915289910354048 4.882113952056976 0
8.908858905591728 4.634683666812454 0
9.105495266306566 4.671209570505935 0
8.994588406222025 4.926127486498159 0
8.220661151439192 4.506844546088272 0
8.25397653152082 4.601130054197408 0
8.187303982737749 4.412671537735598 0
8.258298135178698 4.863348507094468 0
8.613896670301216 4.579930960598968 0
8.580464863477197 4.486059366880527 0
8.647304882607305 4.674158992984628 0
9.205615369107505 4.953550219431142 0
9.30385740531136 4.972223091604022 0
9.368819985047242 4.896276845734099 0
9.402163318004288 4.990552086170517 0
9.467136543821674 4.914548527366223 0
9.500479183490613 5.00882750010184 0
9.565454068107091 4.932815011191617 0
9.598796868694334 5.027093117626179 0
9.533821580040765 5.103107781660925 0
9.632139639823977 5.121371382644966 0
9.567164381276362 5.197385884604955 0
9.6654825435227 5.215648933981027 0
9.600507272054378 5.291663505499356 0
9.698825447851537 5.309926481924888 0
9.63385017786115 5.385941045486785 0
9.66377205659705 4.951078995981431 0
9.763800718892742 5.233911912705941 0
9.797143627994085 5.328189434957117 0
9.502189091518543 5.273400554584374 0
9.862118898386605 5.252174869230351 0
9.887155023113561 5.352174043640366 0
9.825016725130766 5.423325784383281 0
9.828775988447047 5.157897351491687 0
9.927094168663878 5.176160304124016 0
9.630429132908233 4.856801552261468 0
9.728747278999949 4.875064688605722 0
9.762090183222119 4.969342237123849 0
9.825655511826335 4.893826367086336 0
9.793487544247142 4.799133318742997 0
9.8832821074047 4.820278793989129 0
9.139061323884437 5.031656760439994 0
9.341373968629853 5.065085872532517 0
9.85367123773139 4.989987949910496 0
9.887536214100905 5.084080843923942 0
9.990995866068118 5.095339169382242 0
10.08419754224664 5.053232270533075 0
10.09072192580003 4.956577012271094 0
10.17307188520886 5.013306253888104 0
10.1808234002875 4.914231034106928 0
10.26312975973279 4.971017565546748 0
10.271122600156 4.871460072348232 0
10.35342015888139 4.928266252350588 0
10.34536886689144 5.027939419899563 0
10.4357062814278 4.985095120179818 0
10.42765225972442 5.084773299574903 0
10.51799789072675 5.04191313023408 0
10.50994478422059 5.141589499743756 0
10.60029193706272 5.098726383690371 0
10.59223923685153 5.198401960670635 0
10.68258671108364 5.155538221490091 0
10.50189163788055 5.241265942218815 0
10.58418651447216 5.298077580187679 0
10.49383896958062 5.340941456529884 0
10.57613398369604 5.397752827670564 0
10.48578641292638 5.440616754222356 0
10.60834424813143 4.999051487103774 0
10.44375712051327 4.885423281521275 0
10.66648155150836 5.354888906857338 0
10.6584290164191 5.454564162708214 0
10.40425427273169 5.383867058494883 0
10.39442554038829 5.477450559801483 0
10.18883428875146 4.814647836880156 0
10.27916561570472 4.771804525388482 0
10.74877658733254 5.411700235877503 0
10.73156541689496 5.532868888451564 0
10.62453495312522 5.554577177666491 0
10.19687270423734 4.71499076661528 0
10.28721802498413 4.672130216967984 0
10.10653516728665 4.757848609181934 0
10.33730704777971 5.12763665077637 0
10.2049231243155 4.615318721005437 0
10.29527021522568 4.572455978092366 0
10.37756515260401 4.629267462131562 0
10.38561797394408 4.529592374370036 0
10.3033231418053 4.472780748774918 0
10.39367088071726 4.429917171693164 0
10.31137606281485 4.373105526949351 0
10.75682912244621 5.312024979980225 0
10.83912415864712 5.368836308268641 0
10.84717669381591 5.269161052263512 0
10.92947173010053 5.325972380390153 0
10.93752426529796 5.22629712432875 0
11.0198193015958 5.283108452430387 0
11.02787183680588 5.183433196344582 0
11.11016687310236 5.24024452444884 0
11.11821940831406 5.140569268359894 0
11.20051444461085 5.197380596463576 0
11.1924619093985 5.297055852553774 0
11.28280948090746 5.25419192456761 0
11.27475694569508 5.353867180657866 0
11.36510451720411 5.31100325267156 0
11.35705198199173 5.410678508761803 0
10.94557680050882 5.126621868241425 0
11.44739955350078 5.367814580775473 0
11.43934701828841 5.467489836865709 0
11.34899944677936 5.510353764852049 0
11.45545208871314 5.268139324685241 0
11.20856697982313 5.097705340373522 0
11.12627194352643 5.040894012269657 0
11.21661951503548 4.998030084283318 0
11.29891455133216 5.054841412387214 0
11.53774712500982 5.324950652789139 0
11.54579966022219 5.225275396698908 0
11.1343244787388 4.941218756179428 0
11.30696708654452 4.955166156296985 0
11.3892621228412 5.011977484400883 0
11.1844285749848 5.398500867270578 0
11.04397690722976 4.984082684165766 0
11.62923008143158 5.278104240741429 0
11.6200421613065 5.381761980893038 0
11.63614723173123 5.182411468712571 0
11.55385219543455 5.125600140608675 0
11.64157522574227 5.082524181961279 0
11.55976931536418 5.045817529604276 0
11.62241951571437 4.94284427227396 0
11.05202944244212 4.884407428075532 0
10.961681981138 4.927271364965073 0
11.14237701395117 4.841543500089195 0
11.38120958762883 5.111652740491115 0
10.01092046147566 4.898085188562174 0
10.46464787215874 4.591133435944482 0
10.45931569298169 4.686867428733708 0
10.54565747540152 4.649806769327771 0
10.54130552539469 4.744120663152843 0
10.63095217847556 4.702272878518666 0
10.62404946404916 4.800281594193406 0
10.71392770169444 4.757265765502827 0
10.72336357994879 4.663266908049962 0
10.70653262020705 4.856681609180664 0
10.79654252525796 4.811536344360244 0
10.78891265852328 4.913000369819313 0
11.3960435701302 4.918767603480822 0
11.31887012856185 4.843330812660534 0
12.03342911345486 4.752392458925624 0
10.96973440614545 4.827596099971636 0
10.39215549116119 4.328463746676417 0
10.48702357218458 4.38265769501634 0
10.02877739067362 5.193874586246578 0
11.01176676638028 5.382783708526699 0
10.31147707901506 4.269704662528831 0
10.16467795921721 5.113700937872413 0
10.23296179087796 4.31155135525427 0
11.06038440617923 4.799108164962103 0
11.12066926799484 4.71183074105591 0
10.88849003406862 4.75777324916078 0
9.335474959989407 4.80201071463713 0
9.79543307829335 5.063619834905836 0
11.10211433788933 5.33991978054036 0
10.95362944592388 5.026946621055005 0
9.436202037203694 5.084592735789636 0
9.375238979150605 5.157690159164102 0
9.730457811151753 5.139634383131328 0
9.469747829245069 5.178552457464653 0
9.535531998384213 5.367678088871251 0
9.56690910779569 5.466560478210606 0
9.437338484258238 5.348743999211986 0
9.404537647802389 5.25300437677091 0
9.34440809180464 5.328308723429329 0
9.470760594057921 5.439272334312702 0
9.493180186897066 5.534427491697819 0
11.0359243903848 5.083757941739388 0
10.86328195356868 5.069810715880369 0
11.29086201611982 5.154516668477398 0
11.37315705241648 5.211327996581323 0
11.48526775292788 4.979919680389886 0
10.83026199748554 5.476219426367799 0
10.82535159776932 5.585533548642442 0
10.9213820319385 5.43398141534329 0
11.09205284004118 5.450041981776664 0
11.08816194103122 5.549090639615222 0
11.00061182181398 5.600026755048777 0
11.08586696747201 5.650463212505232 0
10.99901713511904 5.700154276917957 0
11.08465381787786 5.751657316089246 0
10.99787063076401 5.80036445328054 0
11.08393366383192 5.851283079243636 0
10.99687362756152 5.900330205130259 0
10.91079900811283 5.849437488559778 0
10.90977781763794 5.949422870468929 0
10.82369527308291 5.898534376264059 0
10.82267062309342 5.998527102232485 0
10.73658618104278 5.9476405368272 0
11.17068392393672 5.802784990160166 0
11.43129448307604 5.567165092955945 0
10.90875588238772 6.049412545328904 0
10.8216460040594 6.098520154930721 0
10.90773089306782 6.149406157850481 0
10.82062012940938 6.198514930510915 0
10.90670518500885 6.249400714572856 0
10.81959430661329 6.298509637965503 0
10.9056793658032 6.349395417308537 0
10.73350924587978 6.24762386065042 0
10.7324834054229 6.347618591305588 0
10.64639834412516 6.2967328147319 0
10.64537249881421 6.396727551763898 0
10.55928743813393 6.34584177393365 0
10.56031328476325 6.245847035977791 0
10.47320237930176 6.294955995353238 0
10.73145755930294 6.447613329400403 0
10.64434665284649 6.496722289658712 0
11.17000550035964 5.90221510955324 0
11.25711473310072 5.85311462183117 0
10.73761212908528 5.847645667400855 0
10.65050154282553 5.896754139874365 0
10.99484149021197 6.100297442745995 0
10.73043171322576 6.547608067439008 0
10.64352597599388 6.576718080077604 0
10.99279027206114 6.300286457312779 0
10.99176443041563 6.400281189527762 0
11.25614557405917 5.953016510321178 0
11.34326623868816 5.903894232063146 0
10.64947575063716 5.996748796124666 0
10.56339076930278 5.945862902390327 0
10.65152745836262 5.796759298470236 0
11.34168072079023 5.608966048843643 0
11.42843271814159 5.663018907726284 0
11.51409840238603 5.623399695036673 0
11.07887533757689 6.351172228343915 0
11.07784949234239 6.451166965274933 0
10.99073858603348 6.500275925339018 0
11.07682364667688 6.551161702772323 0
11.16393455317666 6.502052742457461 0
11.16290870716191 6.602047480413711 0
11.07579780072291 6.651156440648727 0
11.16188286110439 6.702042218426164 0
11.07477195465826 6.751151178670546 0
11.24899376756051 6.652933258168657 0
11.24796792147315 6.75292799622031 0
11.33507882792716 6.703819035965588 0
11.33405298183447 6.803813774024238 0
11.42116388828723 6.754704813771147 0
10.98868689430117 6.700265400861138 0
11.00508322950201 6.790438346865197 0
11.07743571404751 6.829182610700405 0
10.98310251158385 6.906582622158878 0
10.55872447391936 6.543465445062055 0
10.56453165655897 6.712655536476003 0
11.24694207538248 6.852922734276321 0
11.33302713574118 6.903808512083693 0
11.1690439891218 6.002109068117532 0
11.33583215069502 6.604285334131784 0
10.73863370117394 5.74765027216218 0
11.07858205385811 6.251164176478562 0
10.71764307448204 6.644958506518437 0
10.81455630814842 6.598053128741889 0
11.25948637296117 5.553151508222616 0
11.25652439966271 5.653427999506492 0
11.25723911550544 6.049426587230935 0
10.92044947592953 6.753532458750482 0
11.1691631542219 6.097923699903856 0
11.34431216481962 5.803869189671113 0
11.43093269703577 5.855717319344593 0
10.65522619209486 5.701506923828561 0
10.56588795569948 5.746663799544541 0
10.57416817383553 5.644939418935365 0
10.48282855642059 5.698711877828147 0
10.47898436463284 5.795734768642651 0
10.39293385624722 5.744842659696166 0
10.39144404545417 5.844341034555596 0
10.39415518155516 5.651850583462109 0
10.3064231684594 5.694626574514805 0
10.30481885244071 5.598544362606686 0
10.21972529172969 5.643449005546047 0
10.21904669827545 5.742429906571677 0
10.21906622649916 5.546083264347515 0
10.13359350070517 5.592252043045451 0
10.13461155743616 5.492205440715189 0
10.05082542395262 5.540847048508272 0
10.05035370760831 5.640763894356783 0
10.22148304745133 5.451395323669316 0
10.05028510622284 5.442391292841654 0
9.969466268885697 5.48826805106624 0
10.47952632410082 5.528019386851842 0
11.17924306595915 6.292928123311072 0
11.25094202536285 6.948947081287027 0
11.33550163159662 7.003168835038834 0
11.41969558642446 6.954588554040619 0
11.41808635000555 7.05468902795188 0
11.50529448817858 7.005562445057696 0
11.32457690098553 7.117818449554193 0
11.52161303799828 7.095749489181166 0
11.5942054600418 7.054825355637504 0
10.91336920506496 5.647296560204305 0
10.74101984057943 5.648554189549777 0
11.24997419307864 6.55301535950764 0
11.25103788964014 6.452956588630734 0
10.98971274032122 6.60027066289793 0
11.14871053084328 6.886285365127623 0
11.33713052011793 6.503829559841176 0
11.33760039657448 6.402854269971577 0
10.55850971336089 6.445442211024149 0
10.4664255671691 6.489920172268393 0
10.81721587544044 6.498425654433037 0
11.15961850958484 6.795752017236895 0
11.4202352739142 6.85468192918952 0
11.50726515393262 6.805587654471702 0
11.50827749562109 6.705595364000281 0
11.59436300612615 6.756481060221993 0
11.50635544572733 6.905561343265535 0
10.13479913768035 5.395581548882695 0
10.22862302701333 5.360619076256837 0
10.05100418515622 5.345983499936305 0
11.26720072146903 5.453854966851927 0
11.52983136578185 5.424855550210689 0
11.52188644040243 5.524472958852281 0
11.60361229494494 5.582125123848524 0
11.22531380138201 4.896328146935387 0
11.22604532685244 4.782593774133444 0
9.246421447043893 5.042926163550053 0
11.16716860742486 6.400537615331776 0
11.25207130585391 6.352949043972537 0
11.34279969309549 6.308424214761769 0
11.42945598921954 5.954915874504175 0
11.51658493412062 5.905830304341171 0
11.51546260804611 6.00565255620915 0
11.60258443599295 5.956563022178745 0
11.60154339223829 6.056532092679542 0
11.68865417622453 6.007422837950444 0
11.68762381094308 6.107411217177623 0
11.69127553106473 5.903701888557791 0
11.60051284671149 6.156520100848712 0
11.68659677310974 6.207405641034129 0
11.77370808079701 6.158297386924252 0
11.77268116503937 6.258292032743372 0
11.85979255031521 6.209183920554134 0
11.85876566783495 6.309178627020463 0
11.86081941716267 6.109189185557875 0
11.94690394376177 6.160075823321106 0
11.94793081197101 6.060081090817549 0
12.03401534831056 6.11096774635179 0
12.0377257305687 6.21071449406374 0
12.03504221837018 6.010973017225518 0
11.77165425615012 6.358286690968573 0
11.85773878633815 6.409173335267329 0
11.77062821736752 6.45828141237015 0
11.85671205465605 6.509168062799113 0
11.76960102222764 6.558275696713376 0
11.59961877785094 6.256287914622837 0
12.1233521217337 6.056422385546797 0
11.94485019697356 6.360065269405726 0
11.6837700182054 6.406672843361537 0
11.86184627268647 6.009194429909685 0
11.42835869446345 6.054775407316644 0
11.51342353107803 6.205589370608331 0
11.59538570119231 6.656486893265546 0
11.68146968100937 6.707373143090616 0
11.85568676385379 6.609161857331922 0
11.68044491545634 6.807367409134184 0
11.7675540726636 6.758261545167269 0
11.76652814655463 6.858255294514874 0
11.51224126486742 6.304831944493294 0
11.51816913413981 5.810153537096179 0
11.67941876448559 6.907362498456794 0
11.50730748649977 6.605127673865429 0
11.59641154728641 6.55649215520503 0
11.5919879699772 6.453525804020495 0
11.6855966569754 6.307016457220834 0
11.94666661566383 6.260029222047686 0
11.94382334785907 6.460059994400518 0
12.03093473797108 6.41095192637937 0
12.30851971236416 6.770227112910865 0
11.94279676712856 6.560054566014494 0
11.94177101757644 6.660049278425103 0
12.02888128337906 6.610941326540249 0
12.02785440868752 6.710936070822559 0
12.11496553057603 6.661828040626276 0
12.1139346264284 6.761815522435414 0
12.11599245010983 6.561833304083923 0
11.94074337888464 6.760044172663866 0
12.20462050385315 6.713213558469964 0
12.18844743362308 6.799506855400226 0
11.42154004825785 6.655168962791022 0
12.12323913980288 6.159440561891224 0
11.59283356511759 6.956190816176553 0
11.67896793002761 7.00703681360879 0
11.67564711460096 7.102939313063105 0
11.7617853969378 7.053015881827696 0
11.77265932092258 7.150615288760561 0
11.5902564707218 7.156460583568125 0
11.46911026289525 7.211374574299321 0
9.697114939630431 5.045356658568932 0
10.85522926056453 5.169485825509014 0
11.46350462392551 5.168464068595009 0
12.02682265577027 6.810922381793377 0
11.93976363072976 6.859957551120688 0
12.0149645663565 6.895074642347901 0
11.47214426635369 5.073905274014974 0
11.77473558128408 6.058303803352548 0
11.59344680847427 6.856425130287794 0
8.97212362658335 4.294099499420813 0
9.036040494453914 4.223782819277927 0
12.02990797647996 6.510946617160307 0
12.11372812577787 6.461804780326419 0
12.19541718406765 6.502864235501036 0
12.11942116378941 6.363610752189091 0
9.007177085953574 4.652946618659695 0
8.777193210547621 4.522167986747523 0
8.712284823542966 4.598169502705538 0
8.761271643966435 4.254420117745916 0
8.839510124846797 4.180523650471359 0
8.935879421873294 4.203039285380006 0
9.965122992643849 5.277012192440237 0
8.810609669438218 4.616405819384971 0
8.973834176019421 4.558669100888034 0
12.21845213204177 6.599085869517695 0
12.03784916347731 6.310955486685883 0
9.731256722157575 5.404347139173812 0
9.764447692622282 5.498648514588198 0
9.665319777043466 5.484092874647978 0
9.700535996806074 5.574496085993315 0
10.64742418999984 6.196738077047014 0
10.56133913085361 6.145852298640507 0
9.134743841805822 4.239972233515536 0
9.093464303311917 4.144285890725794 0
8.377508826574736 4.177370852107413 0
11.76514962130811 6.957324102663545 0
11.84623597417587 7.003232161195213 0
8.483620864800663 4.731779609091306 0
7.990106005943065 4.634503740303194 0
7.91781566401105 4.732326439656727 0
8.579468646556759 4.747943402147541 0
10.56290922930476 5.491171505398849 0
9.365291074235875 4.367188538648882 0
9.331859642430036 4.273299326284782 0
10.21095265443657 4.417973567352266 0
10.41174012432816 5.284145967577687 0
9.307303278350266 4.179858344207346 0
10.81851400645366 6.398492129555747 0
9.367106893791128 4.631720907863382 0
9.532111100290777 4.838537790077181 0
10.90458999069861 6.449375866857672 0
10.90323588909887 6.549296810218745 0
11.51442750061249 6.105631964977617 0
10.90535537254972 6.649984507460867 0
10.77293432365978 5.11267464003332 0
10.82018284831179 6.693059284056642 0
11.42836488176696 6.154749934064043 0
9.400449871908256 4.725998045819716 0
9.433793405416621 4.820272216616811 0
10.73453509168944 6.147629123104656 0
11.60508137747377 5.858639140757679 0
11.68720162897996 5.803147027193054 0
11.59809762564384 5.675368936757918 0
11.68499019908929 5.635632038081569 0
10.67453413230911 5.25521356223353 0
10.48513275834129 4.495091733948263 0
10.76488167046145 5.212349721448069 0
10.99359603101767 6.200289825001701 0
10.56451002189591 5.845999330765688 0
10.47746732890361 5.895165971556221 0
10.39025900764137 5.944159122898899 0
10.30500578329069 5.893262744692379 0
10.30443342346064 5.992639882898547 0
10.38940461477286 6.044000417270834 0
10.3054797142705 5.793636229027538 0
10.21907883667012 5.842423727858653 0
10.13401324569926 5.78825344238625 0
10.13842417767638 5.88474941976575 0
10.13296551811734 5.691433939119853 0
10.04867761832512 5.736837837633078 0
9.95063784546344 5.690309789771216 0
9.969911144816523 5.796323354295321 0
9.798676914733223 5.5927868702605 0
9.737485038404893 5.667492421656556 0
9.835638666424105 5.683915956140237 0
9.885579302729235 5.614721480001175 0
9.871970982075998 5.519861915000212 0
10.47629992852041 5.994979671731059 0
9.597086112648826 4.762524085233161 0
10.69063926592365 5.055863263497447 0
9.695365105630273 4.780801011963058 0
10.21361059049381 4.520856469421375 0
10.12877038049772 4.566845753561489 0
9.595375085679809 4.497954688982682 0
9.660538948731272 4.420378777587989 0
10.73556061455714 6.047634841887795 0
10.3694217260384 4.729073633924919 0
10.41963078760003 5.184455035327132 0
10.64844995907536 6.09674344958903 0
10.33074804558169 5.22531423361289 0
10.56236826818416 6.045858940044134 0
10.82472353898516 5.798535940443841 0
10.4752972223465 6.094954678288959 0
10.40562109851015 6.134235255559386 0
10.28108494356435 6.116160214923854 0
11.34261619436355 6.003313663969477 0
10.47714840673687 6.193319246773927 0
10.52605051931275 4.942237637816983 0
10.11753197072477 4.663639624363467 0
10.02560425266777 4.706642700063464 0
11.34495903786432 6.099637905994493 0
9.760330225585488 4.70478842789605 0
9.855322122105727 4.724141739721881 0
10.99586317530068 6.000307392506038 0
10.35321482734812 6.251824399816353 0
11.25598846444695 5.753707944485538 0
10.36144900037339 4.82863032784396 0
9.936985836276085 4.648848356859578 0
10.45168005540708 4.78593751671134 0
11.08294531517991 5.951238809523424 0
10.53387315528675 4.842896306787413 0
10.87131347027099 4.97008156215554 0
9.759279788912973 4.44049845283828 0
10.61625686329202 4.899556211780067 0
10.87944584590072 4.867876498405431 0
9.730503699253802 4.351052547353868 0
10.69863472304199 4.956191176176882 0
11.0821305693224 6.050510068974397 0
10.78095273249806 5.012936954593812 0
11.07956855832775 6.150362101425374 0
11.42809155026334 6.255372772190258 0
11.42526413225326 6.354726470815796 0
11.68248178265905 6.506771220954446 0
11.68232107580958 6.607277457035518 0
11.76857672048271 6.658265632984094 0
11.85466396302105 6.709157118992598 0
11.85364358193637 6.809136017870244 0
11.85171493889045 6.907910929311882 0
10.2550866629574 5.070684868587974 0
10.24667583640067 5.16905808060274 0
10.91191680924893 5.74905493900832 0
10.82583578213696 5.696104241668477 0
10.0990055864632 4.857012757874283 0
10.02449887262887 4.801780678859242 0
9.495912839736915 4.080131940181539 0
8.910910794877804 4.100331802506616 0
7.506156657105683 4.086099597954373 0
8.703356790784959 4.08892928658041 0
7.80406405365348 4.085998465123287 0
7.009553073896222 4.086298304585638 0
7.059378719478095 4.172688151158372 0
7.159196802702503 4.172418599314355 0
7.109190300659424 4.258945366272858 0
7.00946895647926 4.254933803391594 0
7.04770581116963 4.339342315794109 0
7.205767169304937 4.255479936521617 0
6.959759565826075 4.171896225676762 0
6.920162460204597 4.235051547947593 0
6.810973948035295 4.085434231055167 0
6.750728484061708 4.173572652953855 0
7.704761757372089 4.086099510630901 0
7.406941927229242 4.090430027922213 0
7.456505394731659 4.172601005501743 0
8.499351041234931 4.08347820431519 0
7.208517127700006 4.08680566570121 0
6.612434365921573 4.081368991343087 0
6.554556869885906 4.196639140868141 0
6.404551699914052 4.067813536179931 0
10.32331795524967 5.323177304153432 0
7.257071731519389 4.175672019598524 0
7.358422187567679 4.178102861721503 0
13.43284960195589 6.332040341774897 0
13.46437824936993 7.171094756718704 0
7.560724989753094 4.175510621819494 0
6.860429392299696 4.171849308798752 0
11.59848459312327 6.355148320531836 0
14.18376977352071 4.979295518725864 0
8.359904815340974 5.20617480014048 0
7.158884005984428 4.343062655585154 0
7.071210123148267 4.493854481508728 0
11.1778773091051 5.498413785223849 0
6.806391016713949 4.288857771495126 0
8.582739430400636 4.241491433891989 0
14.10861531600379 5.974673869852955 0
7.879305447027131 4.268400159856101 0
7.754642518154515 4.154060674662796 0
7.655111256553516 4.171998513096859 0
8.000774035250856 4.084904405786433 0
11.42077614072458 6.554189420893698 0
10.78701663386014 4.720970066452422 0
10.85386218281151 4.634071587128894 0
10.80951743661182 4.490925506978216 0
11.04261441980018 4.473775485746156 0
11.4955405502564 4.54381131352273 0
11.38361617455293 4.734380005116248 0
10.05241115178524 4.498698617287053 0
11.50814904658277 6.40284273545175 0
9.277007341417924 4.087722936278229 0
9.380828331461384 5.41787044447489 0
11.17264917606945 5.598346660972685 0
10.31180339531607 5.417632729071621 0
11.17054057400006 5.703687142043206 0
10.91516277567872 5.540509617601102 0
14.2158705111653 4.45554442813984 0
14.21258265765957 7.542355686992611 0
11.3331498598924 6.205856855243992 0
11.42853661826948 5.758377535434199 0
11.42091631927549 6.448823872849079 0
7.973759443284947 4.542064593379237 0
11.34257918102176 5.706894604277879 0
10.24979048178787 4.224697516515796 0
11.17087939582243 6.188970874351069 0
8.195021166530234 4.929078350176269 0
8.147149885109448 5.057821228262774 0
9.889113775197561 4.295241827117347 0
9.92297238603491 4.923582037867877 0
7.506624051759567 4.249406994536856 0
8.302692936443345 4.080143971790358 0
9.970429700968504 5.393459974767912 0
11.516417444353 5.716413054908347 0
9.947466200406387 4.757985725084863 0
12.44370034001644 4.829741072330052 0
8.753878533351152 4.162735964527737 0
11.59861259609322 5.762856999283159 0
8.726748782061886 4.858194870171487 0
10.72680397495309 6.745704338807576 0
9.200164860656901 4.170509597545833 0
12.95987443166046 4.799902090611614 0
10.23394467122511 5.266943536491985 0
10.14268671298492 5.308551920840773 0
11.2456604886456 7.029602644916208 0
7.837785349617365 4.174139269347852 0
9.974955289354179 5.587927081457941 0
13.44486338205679 4.790155209769292 0
10.30572537636527 5.509123502828082 0
6.189245938855873 4.138290001280058 0
6.128107782038688 4.317072160267617 0
11.41452657826861 4.830951136870996 0
7.986676815408252 4.798909232352729 0
10.38740661459715 4.224093547255919 0
10.44325366159433 4.136855190041979 0
8.613651429690581 4.840168640397302 0
6.361103996717322 4.177637330317141 0
5.638958411174038 4.180391524592189 0
8.178734203102968 4.172399718735704 0
9.790531656627 4.285400404061297 0
9.033375562304945 5.201297129823248 0
8.844612801614097 5.170155117473513 0
9.059252159590114 5.079921284099364 0
9.046779790887356 4.996187029505654 0
9.132501760916876 5.134199618585463 0
8.289478938998606 4.952955543112368 0
12.33405365004648 7.5762204524361 0
12.20176541230268 7.271985335907595 0
12.32287075625972 7.052971698589316 0
11.97569354835286 7.290445743540497 0
10.08638797395233 5.139126358200079 0
7.413776904808747 4.260283015517498 0
10.39528599007268 5.563745968253961 0
10.23956182531206 4.145958505739481 0
9.539427838020995 4.154459485055488 0
6.645263233768021 4.33851236353785 0
6.662085602910411 4.226691905917858 0
9.095336707646128 4.059182613310704 0
9.570925975140891 4.241427209215553 0
9.417226286641267 5.497376216300082 0
7.206096798580684 4.591149299012082 0
11.26671954256767 6.131647144987552 0
10.63955625373441 4.270803948867125 0
10.70283207077301 4.416190111088982 0
10.59520047510102 4.385070213850183 0
10.68503057644779 4.511466518908829 0
10.63576163778699 4.599812840848321 0
8.547764920856052 4.159778343818887 0
6.660158475168231 4.149868048239872 0
10.54848210105847 4.446105360968609 0
10.53770486368226 4.297719436387781 0
10.539193657327 4.185711474555132 0
7.249886574641216 4.328363253305812 0
11.2967737983379 4.754514190667546 0
10.4836147748752 5.611992351445428 0
13.83185343603859 6.292867902955279 0
10.83089392949019 6.800137378896128 0
10.15907002017262 4.351812118720174 0
10.63148211830318 4.455451434867041 0
6.954250594769256 4.316127265526165 0
10.06544139930395 5.267269989488217 0
8.552786268253318 5.079654161330031 0
14.63359276044997 4.36732692025434 0
11.48873079508135 4.891911201995817 0
9.291221726050953 5.131110489095802 0
14.63397459621556 7.633974596215563 0
11.68101773460701 5.713613450925944 0
11.76689246076694 5.743186112521519 0
7.661675531238805 5.017568578931955 0
10.04209229627986 4.619042642106796 0
11.15454271961217 6.974291277262923 0
10.0940995666884 4.165553883183287 0
9.688570870013463 4.069730812138382 0
9.615298366382481 4.162151614657163 0
11.72408241627991 7.526973418568979 0
11.78865468645548 7.346086837200851 0
11.83819588002289 7.250818465682771 0
11.70137426797025 7.27713700913465 0
11.67265176722485 7.197270303232894 0
10.0770235927505 6.585796947980742 0
10.16100890252276 6.281830613869678 0
9.913158080997752 6.099389891483534 0
10.101614454856 6.096395011252219 0
10.02428456428855 5.991035304911183 0
10.29159964997686 6.406078290149087 0
10.38929411722542 6.346317528382413 0
10.36915247994394 6.485086945987563 0
10.47474993347712 6.389710081235609 0
9.650271858786345 6.201337562990019 0
9.683338304382767 5.950119115794096 0
9.770754324268948 5.761339060968372 0
9.66832917362235 5.739285538566874 0
9.871650709827598 5.776709138864477 0
9.902695356753201 5.869577596158971 0
9.991109537375838 5.893673961143183 0
9.801958807791598 5.858064952614834 0
9.813820275170846 5.989055731217914 0
9.929013562917238 5.968546496982957 0
9.708338648282316 5.828005639608314 0
9.581536260677675 5.829461999912401 0
9.348159729620672 5.780609591089212 0
9.48942257240976 5.723317559591506 0
9.405367357635303 5.580940276741893 0
9.503741584498524 5.629455224937338 0
9.594466309646712 5.576161894827062 0
9.584214357979359 5.678080743670017 0
10.05736377648979 5.837972248865349 0
9.657374778804623 5.642795726847683 0
9.436522602217364 5.67158586254172 0
9.343386883152789 5.651608791052356 0
9.580875591172287 5.7425364604352 0
10.06965616004319 5.91872532907986 0
10.12901466524513 5.978675340249443 0
10.21899636628824 5.938422782924041 0
10.20702877068287 6.02445864644962 0
9.187948552857454 6.015044103422236 0
11.74098871156154 4.726402485574492 0
6.716117084363523 4.256908673476172 0
9.904292627541912 5.440161233419251 0
13.8548547795803 4.765794334169461 0
10.5449506910483 5.566139968059595 0
8.101971475586451 4.056199361330829 0
10.40698539234147 6.553011608182476 0
10.48242498174642 6.595066397287741 0
10.74150708272138 4.579908672382844 0
13.84099046787823 7.212911625810751 0
9.458339184276062 4.150973288537567 0
10.46349463633931 4.293709719969621 0
13.8092705322774 5.620929982671046 0
11.76358215590303 7.235278089157214 0
11.87515319018591 7.149366274336417 0
11.93386814636529 7.208742806820449 0
11.97026754481602 7.13503209344588 0
12.00704625671607 7.193170185570799 0
12.05849563562087 7.123714226506747 0
12.00943342944463 7.050087510571455 0
12.10857786393314 7.04522207304622 0
12.16305482957371 7.125391791399622 0
12.20091156164011 7.024749855310343 0
12.1560010013365 6.958863899444246 0
12.28911496558965 6.91473203824359 0
12.11125333453056 6.865284454649325 0
11.91567331451222 7.06174087632656 0
11.94773805988891 6.965880348944703 0
12.05680074007533 6.978015962257429 0
12.20227502393812 6.890504024605395 0
12.08820265437685 7.201371140258161 0
11.83430143934688 7.083594096489289 0
12.04852108888476 5.049673587795389 0
11.83162329675406 5.001924037499005 0
11.75601464581197 5.094866808129182 0
11.70661445877334 5.041259376810794 0
11.69487895812126 5.136993369148694 0
11.71330172243729 5.24528567178143 0
11.68954305296026 5.333560259876813 0
8.704175790834295 5.080124539446247 0
8.825232148058088 5.018726137820093 0
8.640726801506528 4.9954772527299 0
8.730818338925932 4.959942427078965 0
8.554065241806111 4.939619116012084 0
10.14389624114376 4.484771027881418 0
9.928173372451115 5.016673884511121 0
11.26911431368905 6.281366014709829 0
10.66653659610311 5.618985111081799 0
8.671201332264873 4.271437905856192 0
10.3999762856139 6.419680662142017 0
7.746662628653981 4.347723176897301 0
7.839760734153346 4.362824702430813 0
7.763965893502678 4.252300719436475 0
9.959104011355171 4.846222081015879 0
7.924146702220079 4.346525574249677 0
6.877405723278461 4.589073436519522 0
9.703670378588395 4.276552701692919 0
11.98372386371569 5.317948044476487 0
11.86388713632755 5.508554429423191 0
11.78756388423793 5.355322043375022 0
11.74864381194153 5.468423820206972 0
11.69532298968394 5.545078364343019 0
11.77500041273152 5.594780971941005 0
11.63094930559475 5.476082021650312 0
11.69730607510205 5.40585635319766 0
11.92888005791991 5.675163652394979 0
12.13678130458633 5.777706215474197 0
11.98033336703145 5.818627537116488 0
12.12215362707246 5.961864947835838 0
12.01809889681353 5.739252896662472 0
12.02741494936177 5.906261764555597 0
12.35653719343711 5.747895827688229 0
12.20871854962247 5.883111408649552 0
11.94546538987984 5.962768126636449 0
11.86427107940084 5.91410589226729 0
11.78702648414234 5.838751296701042 0
11.85474163633171 5.754124936023434 0
11.77656583250605 5.957192211888794 0
11.83009310346058 5.667673225028654 0
12.20912490052813 5.981144877256688 0
12.25421455462312 6.072718621053959 0
12.29783829866499 6.215402229603161 0
12.13866932617571 6.26589374278684 0
12.21594246075094 6.335238932287941 0
12.18467643146734 6.422048042242197 0
12.30266044438457 6.464571202794977 0
12.45215396908033 6.601235509727851 0
12.31485047317048 6.570151012954016 0
12.45043068061441 6.87125960488686 0
12.11192972421535 5.880903060556493 0
11.93876666954243 5.885867175142814 0
11.9335507929174 5.756296436774896 0
12.05491164840169 5.82455029487305 0
12.25784505841612 6.534168080191931 0
12.2964289743401 6.653410801492334 0
11.75276728529919 5.667052590475874 0
11.88596251595552 5.832638376616051 0
11.77071358767113 5.529209396478547 0
10.0870030482545 4.09330638408126 0
9.39698700725469 5.709099616489791 0
9.129919810358999 5.349666122534942 0
9.137761083223161 5.492632063840836 0
9.228971084927155 5.417605548264221 0
9.235388188344617 5.573760609938824 0
9.224317622621694 5.494985363854018 0
9.304287815982594 5.397345786026079 0
9.252331512960838 5.328060892255458 0
9.299377850039091 5.229860485867949 0
9.178804513530659 5.234496788573517 0
9.326538931695351 5.57687107244163 0
10.5386709849901 4.571916980184701 0
8.997709273087713 4.153528672452245 0
8.452540716951628 4.139433270113605 0
8.899149769382895 4.957275976439066 0
8.286801502598157 5.040908587867491 0
12.48803599448478 6.07718556365511 0
9.196984352184806 5.10111914416243 0
$EndNodes
$Elements
7 5007 1 5007
1 1 1 30
1 1 14 
2 14 15 
3 15 16 
4 16 17 
5 17 18 
6 18 19 
7 19 20 
8 20 21 
9 21 22 
10 22 23 
11 23 24 
12 24 25 
13 25 26 
14 26 27 
15 27 28 
16 28 29 
17 29 30 
18 30 31 
19 31 32 
20 32 33 
21 33 34 
22 34 35 
23 35 36 
24 36 37 
25 37 38 
26 38 39 
27 39 40 
28 40 41 
29 41 42 
30 42 2 
1 2 1 8
31 2 43 
32 43 44 
33 44 45 
34 45 46 
35 46 47 
36 47 48 
37 48 49 
38 49 3 
1 5 1 8
39 5 111 
40 111 112 
41 112 113 
42 113 114 
43 114 115 
44 115 116 
45 116 117 
46 117 1 
1 6 1 8
47 3 118 
48 118 119 
49 119 120 
50 120 121 
51 121 122 
52 122 123 
53 123 124 
54 124 6 
1 7 1 6
55 6 125 
56 125 126 
57 126 127 
58 127 128 
59 128 129 
60 129 7 
2 1 2 2695
61 818 1367 925 
62 366 1323 731 
63 1310 1354 274 
64 212 744 743 
65 391 747 390 
66 258 1344 1295 
67 1324 1422 364 
68 922 971 365 
69 20 1416 805 
70 637 1423 639 
71 368 1240 1239 
72 1240 1337 1334 
73 427 1306 1016 
74 808 927 926 
75 20 805 19 
76 760 1029 656 
77 33 1245 342 
78 1016 1306 764 
79 1247 1379 808 
80 342 1282 33 
81 360 1289 976 
82 1239 1240 802 
83 155 1415 1261 
84 272 1357 279 
85 382 763 386 
86 212 1272 752 
87 817 1367 814 
88 323 1235 329 
89 330 1235 323 
90 806 1273 792 
91 96 839 95 
92 341 1245 1209 
93 742 1209 257 
94 1022 1220 795 
95 237 345 338 
96 733 760 656 
97 100 1415 770 
98 1297 1305 939 
99 203 843 206 
100 843 1356 206 
101 386 762 382 
102 360 1339 363 
103 343 1322 166 
104 346 348 158 
105 1327 1419 1326 
106 795 1355 1022 
107 808 1369 927 
108 392 816 394 
109 1334 1336 1335 
110 1338 1340 1337 
111 1095 1401 1394 
112 212 752 211 
113 338 340 237 
114 814 819 188 
115 170 1416 20 
116 1340 1341 1334 
117 232 1388 835 
118 270 1308 847 
119 847 1308 1225 
120 514 1029 760 
121 365 972 922 
122 102 1386 1376 
123 1120 1328 1327 
124 1297 1421 1305 
125 656 950 733 
126 163 1273 806 
127 208 1411 210 
128 1394 1401 803 
129 1373 1374 698 
130 598 835 834 
131 225 378 258 
132 1209 1210 257 
133 835 1388 834 
134 644 1423 637 
135 639 1423 1297 
136 720 838 559 
137 364 1267 731 
138 728 1314 161 
139 1264 1265 189 
140 55 1216 735 
141 371 1305 690 
142 738 739 171 
143 178 1299 1207 
144 1374 1375 698 
145 371 690 355 
146 276 1354 1310 
147 598 834 758 
148 370 1407 746 
149 772 1179 369 
150 924 1291 818 
151 1170 1222 370 
152 513 1248 1215 
153 806 1171 163 
154 728 821 729 
155 839 1299 178 
156 966 1205 726 
157 229 230 228 
158 1215 1248 734 
159 166 1252 343 
160 971 1338 365 
161 1188 1254 267 
162 30 1254 1188 
163 733 950 612 
164 838 839 96 
165 1334 1341 1336 
166 1274 1315 691 
167 258 1295 833 
168 801 1239 802 
169 95 839 178 
170 378 1344 258 
171 233 751 380 
172 755 756 433 
173 726 1205 609 
174 846 1434 1180 
175 513 1215 732 
176 277 1357 272 
177 211 752 214 
178 754 755 433 
179 369 1231 772 
180 181 1019 840 
181 732 1426 513 
182 158 1188 346 
183 1295 1344 433 
184 272 274 273 
185 344 1322 343 
186 1328 1419 1327 
187 1327 1330 1120 
188 1019 1171 840 
189 1075 1301 1253 
190 204 1221 216 
191 370 746 351 
192 1235 1236 329 
193 330 1237 1235 
194 1235 1427 1234 
195 743 745 212 
196 1422 1425 364 
197 236 1222 1170 
198 163 1171 1019 
199 99 1302 185 
200 329 741 322 
201 322 741 331 
202 225 258 227 
203 385 1285 391 
204 387 1360 383 
205 434 1439 382 
206 271 272 240 
207 56 1216 55 
208 748 1296 412 
209 342 1245 341 
210 758 987 598 
211 737 1315 1274 
212 412 1317 748 
213 1263 1264 189 
214 392 1243 816 
215 99 1349 1302 
216 720 839 838 
217 1314 1376 161 
218 210 744 211 
219 185 1418 99 
220 1326 1345 1329 
221 199 240 201 
222 391 748 747 
223 272 279 274 
224 58 194 57 
225 272 273 240 
226 395 1243 392 
227 345 1255 260 
228 390 1257 391 
229 391 1257 385 
230 1248 1275 734 
231 820 1367 1366 
232 835 836 232 
233 1421 1424 1422 
234 739 740 171 
235 393 727 387 
236 1279 1305 371 
237 27 1179 772 
238 221 751 233 
239 1251 1407 1222 
240 1233 1287 359 
241 1209 1245 160 
242 767 768 408 
243 1180 1434 1173 
244 195 271 199 
245 185 1155 773 
246 380 1281 434 
247 734 1275 760 
248 1220 1228 181 
249 840 1220 181 
250 727 1360 387 
251 1261 1415 101 
252 559 838 153 
253 757 1073 576 
254 1389 1390 227 
255 810 1017 186 
256 1110 1376 1314 
257 1409 1411 1410 
258 278 843 273 
259 1372 1373 1265 
260 223 378 225 
261 757 987 758 
262 716 835 597 
263 1180 1181 846 
264 171 1226 738 
265 1337 1339 1338 
266 1326 1419 1345 
267 810 1217 796 
268 347 1395 1170 
269 1347 1348 1346 
270 597 835 598 
271 1253 1301 189 
272 257 1396 742 
273 24 1313 1268 
274 1279 1392 1305 
275 273 843 240 
276 194 195 164 
277 206 208 207 
278 233 379 378 
279 192 193 153 
280 1373 1377 1265 
281 237 1221 204 
282 384 765 763 
283 211 744 212 
284 809 1017 810 
285 926 1247 808 
286 278 1356 843 
287 1268 1313 374 
288 1202 1207 749 
289 36 1322 1259 
290 178 1207 1202 
291 394 1320 393 
292 735 1413 55 
293 271 277 272 
294 385 387 383 
295 57 194 164 
296 793 1174 1018 
297 845 1229 846 
298 792 1273 805 
299 1241 1333 1327 
300 221 233 223 
301 382 383 379 
302 1200 1203 701 
303 747 1352 390 
304 208 210 209 
305 1223 1255 345 
306 1222 1407 370 
307 233 378 223 
308 146 1203 1200 
309 167 1017 809 
310 815 1395 347 
311 668 837 661 
312 170 1384 799 
313 799 1416 170 
314 392 1290 395 
315 195 199 197 
316 808 1379 1378 
317 1016 1398 420 
318 199 201 200 
319 340 1221 237 
320 950 1189 612 
321 888 1342 891 
322 774 813 255 
323 26 772 159 
324 888 1420 1342 
325 1011 1212 448 
326 1194 1199 750 
327 100 1349 99 
328 177 1199 1194 
329 819 912 821 
330 349 370 351 
331 371 1402 1279 
332 1065 1198 701 
333 1160 1436 1283 
334 1371 1373 1372 
335 359 1280 1233 
336 160 1259 1210 
337 749 1203 146 
338 156 1268 771 
339 214 752 219 
340 257 1210 256 
341 1198 1200 701 
342 1309 1310 337 
343 740 1252 166 
344 199 271 240 
345 1192 1196 1007 
346 755 1073 757 
347 219 751 221 
348 763 764 386 
349 155 1261 1260 
350 833 834 263 
351 737 1274 515 
352 146 1202 749 
353 197 832 198 
354 147 1196 1192 
355 718 1258 1224 
356 810 1438 1217 
357 1286 1387 974 
358 203 206 205 
359 166 1380 740 
360 1259 1322 344 
361 373 1358 1351 
362 200 832 197 
363 59 1184 58 
364 186 1438 810 
365 751 769 380 
366 336 1409 1032 
367 237 1428 345 
368 160 1210 1209 
369 60 154 59 
370 1065 1199 177 
371 348 1294 158 
372 576 987 757 
373 235 815 239 
374 351 746 353 
375 515 1293 737 
376 378 1431 432 
377 177 1198 1065 
378 445 842 443 
379 1186 1191 1040 
380 750 1196 147 
381 219 221 220 
382 374 1351 372 
383 1008 1190 1007 
384 23 1268 156 
385 153 838 97 
386 172 1191 1186 
387 221 223 222 
388 353 746 371 
389 1190 1192 1007 
390 759 1101 366 
391 147 1194 750 
392 223 225 224 
393 353 371 355 
394 1229 1434 846 
395 1221 1396 216 
396 201 843 203 
397 805 1273 19 
398 1313 1351 374 
399 1185 1187 703 
400 1224 1258 696 
401 57 164 56 
402 199 200 197 
403 184 1307 1155 
404 1018 1174 794 
405 1008 1191 172 
406 206 207 205 
407 1231 1304 772 
408 225 227 226 
409 148 1187 1185 
410 233 380 379 
411 898 972 900 
412 922 972 898 
413 1370 1372 1265 
414 1264 1370 1265 
415 716 836 835 
416 245 774 255 
417 208 209 207 
418 187 1220 1022 
419 347 1170 349 
420 727 837 668 
421 661 837 719 
422 172 1190 1008 
423 780 807 781 
424 1040 1187 148 
425 718 1189 950 
426 783 807 780 
427 764 1398 1016 
428 793 1018 809 
429 256 1210 344 
430 775 814 188 
431 1089 1182 703 
432 1177 1183 761 
433 29 158 28 
434 32 157 31 
435 347 349 348 
436 148 1186 1040 
437 29 1188 158 
438 239 815 265 
439 195 1406 271 
440 361 1387 1286 
441 791 1171 1162 
442 755 757 756 
443 214 219 218 
444 176 1183 1177 
445 349 351 350 
446 1182 1185 703 
447 1089 1183 176 
448 26 159 25 
449 215 1383 1238 
450 185 1302 1155 
451 379 1431 378 
452 27 772 26 
453 448 1212 842 
454 989 1330 990 
455 1120 1330 989 
456 35 1259 160 
457 923 1318 729 
458 923 1319 587 
459 587 1318 923 
460 912 1319 923 
461 210 211 209 
462 240 843 201 
463 98 192 153 
464 265 815 347 
465 101 1262 1261 
466 768 1385 408 
467 58 1405 194 
468 1283 1436 154 
469 1172 1178 955 
470 761 1178 149 
471 821 912 729 
472 176 1182 1089 
473 201 203 202 
474 165 776 775 
475 149 1178 1172 
476 391 753 748 
477 265 347 346 
478 188 1386 103 
479 718 1224 1189 
480 1023 1213 794 
481 259 1180 1173 
482 35 160 34 
483 448 842 445 
484 443 842 816 
485 21 811 170 
486 351 353 352 
487 818 1291 928 
488 149 1177 761 
489 801 802 800 
490 243 774 245 
491 165 775 104 
492 954 1169 955 
493 736 1403 231 
494 198 832 243 
495 954 1168 175 
496 741 1292 275 
497 276 1310 1309 
498 776 814 775 
499 776 817 814 
500 789 807 783 
501 1166 1168 981 
502 338 345 260 
503 831 1201 1146 
504 275 1354 1353 
505 726 1206 966 
506 1169 1172 955 
507 60 1283 154 
508 103 775 188 
509 777 1023 794 
510 23 156 22 
511 809 1018 167 
512 799 800 798 
513 753 1306 427 
514 981 1157 150 
515 972 973 900 
516 1351 1358 372 
517 175 1168 1166 
518 794 1213 1018 
519 193 559 153 
520 384 766 765 
521 245 255 250 
522 1078 1163 1157 
523 175 1169 954 
524 151 841 828 
525 219 752 751 
526 1078 1146 173 
527 68 841 151 
528 156 811 22 
529 255 813 257 
530 194 1406 195 
531 928 1399 818 
532 781 817 778 
533 762 1285 385 
534 150 1166 981 
535 812 1426 732 
536 719 1212 1011 
537 1157 1163 150 
538 1272 1346 752 
539 195 197 196 
540 151 828 826 
541 1162 1171 806 
542 799 801 800 
543 823 1176 1161 
544 1330 1331 990 
545 216 1396 813 
546 1062 1195 230 
547 824 1164 826 
548 173 1163 1078 
549 1155 1302 184 
550 174 824 822 
551 408 1276 767 
552 840 1171 791 
553 201 202 200 
554 69 841 68 
555 823 1165 822 
556 780 781 778 
557 255 257 256 
558 167 1213 107 
559 816 842 394 
560 165 1023 777 
561 800 1401 798 
562 100 1350 1349 
563 392 393 387 
564 1204 1214 251 
565 363 1337 368 
566 221 222 220 
567 164 1216 56 
568 826 1164 151 
569 435 1417 1352 
570 219 220 218 
571 152 191 190 
572 797 799 798 
573 174 1164 824 
574 927 1369 804 
575 822 1165 174 
576 798 1401 804 
577 223 224 222 
578 760 1275 514 
579 353 355 354 
580 797 798 789 
581 1161 1165 823 
582 1329 1393 803 
583 1146 1201 173 
584 771 1239 156 
585 1329 1345 933 
586 778 817 776 
587 243 832 774 
588 231 1303 736 
589 757 758 756 
590 1219 1244 157 
591 367 771 374 
592 225 226 224 
593 235 1230 815 
594 274 1354 273 
595 739 1193 740 
596 364 1425 1267 
597 1258 1284 696 
598 1161 1176 152 
599 741 1246 331 
600 973 974 900 
601 22 811 21 
602 193 560 559 
603 766 767 765 
604 347 348 346 
605 1021 1355 790 
606 21 170 20 
607 315 1269 1256 
608 206 1356 208 
609 777 778 776 
610 165 777 776 
611 266 1214 1204 
612 104 775 103 
613 179 1181 844 
614 275 1353 741 
615 279 1312 274 
616 349 350 348 
617 798 807 789 
618 355 690 357 
619 409 1347 1272 
620 832 1266 774 
621 330 1238 1237 
622 351 352 350 
623 1018 1213 167 
624 191 280 190 
625 152 190 62 
626 97 838 96 
627 269 1175 739 
628 1421 1422 690 
629 63 1161 152 
630 845 846 179 
631 758 833 756 
632 1371 1374 1373 
633 1106 1379 1247 
634 1375 1376 1110 
635 973 975 974 
636 560 696 559 
637 193 600 560 
638 766 768 767 
639 763 1439 384 
640 105 1023 165 
641 106 1023 105 
642 48 845 179 
643 168 847 45 
644 45 847 44 
645 792 797 789 
646 28 1179 27 
647 169 1021 1020 
648 191 281 280 
649 49 845 48 
650 46 844 168 
651 48 179 47 
652 758 834 833 
653 179 844 47 
654 973 976 975 
655 696 720 559 
656 600 601 560 
657 766 769 768 
658 38 166 37 
659 191 282 281 
660 281 375 280 
661 349 1170 370 
662 158 1179 28 
663 40 171 39 
664 47 844 46 
665 600 602 601 
666 788 789 783 
667 46 168 45 
668 282 283 281 
669 375 377 280 
670 841 1201 831 
671 602 603 601 
672 600 773 602 
673 282 284 283 
674 42 183 41 
675 602 604 603 
676 284 285 283 
677 604 605 603 
678 284 286 285 
679 285 319 283 
680 605 612 603 
681 604 606 605 
682 284 287 286 
683 285 335 319 
684 604 607 606 
685 605 692 612 
686 1077 1149 1146 
687 335 337 319 
688 287 288 286 
689 825 1144 1143 
690 692 733 612 
691 607 608 606 
692 288 289 286 
693 287 326 288 
694 337 376 319 
695 692 734 733 
696 608 610 606 
697 607 609 608 
698 287 327 326 
699 288 290 289 
700 608 611 610 
701 607 725 609 
702 734 760 733 
703 290 291 289 
704 327 328 326 
705 611 704 610 
706 725 726 609 
707 327 822 328 
708 290 292 291 
709 1138 1141 324 
710 611 737 704 
711 704 732 610 
712 290 293 292 
713 822 824 328 
714 327 823 822 
715 292 304 291 
716 704 812 732 
717 293 294 292 
718 824 825 328 
719 304 312 291 
720 293 295 294 
721 824 826 825 
722 304 313 312 
723 313 322 312 
724 826 827 825 
725 295 296 294 
726 293 305 295 
727 943 1102 565 
728 916 1102 943 
729 916 1118 1102 
730 908 1118 916 
731 826 828 827 
732 933 1332 932 
733 932 1332 879 
734 849 929 848 
735 313 323 322 
736 322 331 312 
737 848 929 567 
738 295 297 296 
739 879 942 932 
740 869 942 871 
741 849 952 929 
742 567 949 848 
743 935 949 613 
744 707 949 935 
745 913 1115 859 
746 426 981 956 
747 969 1127 565 
748 851 952 849 
749 936 1115 913 
750 874 942 869 
751 417 1035 980 
752 938 1024 709 
753 878 930 874 
754 613 947 935 
755 980 1035 428 
756 709 1024 951 
757 879 1332 880 
758 871 942 879 
759 883 1131 1128 
760 430 1038 986 
761 647 951 649 
762 854 952 851 
763 930 942 874 
764 649 951 937 
765 937 982 649 
766 428 1035 986 
767 986 1038 428 
768 481 1013 479 
769 401 1037 399 
770 997 1006 688 
771 709 951 647 
772 1126 1132 892 
773 848 949 707 
774 947 948 614 
775 855 1091 858 
776 558 1006 997 
777 961 965 962 
778 1006 1008 1007 
779 868 1080 875 
780 429 1034 941 
781 323 329 322 
782 937 1087 982 
783 956 980 426 
784 614 1067 947 
785 708 985 850 
786 578 961 579 
787 982 1087 651 
788 504 1055 1045 
789 1107 1109 460 
790 313 325 323 
791 880 1332 1328 
792 589 961 578 
793 979 1013 481 
794 1037 1038 430 
795 1103 1122 1108 
796 297 298 296 
797 429 941 431 
798 948 994 614 
799 941 1033 431 
800 487 945 485 
801 828 829 827 
802 1128 1131 918 
803 957 960 958 
804 1117 1123 952 
805 495 945 944 
806 298 299 296 
807 495 979 483 
808 613 949 546 
809 961 962 579 
810 483 979 481 
811 544 983 547 
812 546 949 567 
813 558 1113 451 
814 485 945 495 
815 580 1099 1086 
816 689 977 670 
817 1045 1055 713 
818 850 985 901 
819 325 330 323 
820 417 980 956 
821 592 950 656 
822 399 1037 429 
823 657 1001 523 
824 396 398 397 
825 405 407 406 
826 407 411 410 
827 670 977 643 
828 1060 1079 677 
829 585 1067 548 
830 940 1014 488 
831 514 1068 1029 
832 332 336 321 
833 405 406 404 
834 633 1004 642 
835 852 957 853 
836 895 1094 894 
837 967 994 948 
838 488 1013 940 
839 880 1116 873 
840 865 1080 868 
841 947 1067 935 
842 545 614 543 
843 911 960 957 
844 877 1071 884 
845 479 1013 488 
846 666 1005 496 
847 547 983 555 
848 586 985 708 
849 978 1052 650 
850 911 957 852 
851 894 1094 931 
852 902 1119 904 
853 970 971 922 
854 829 830 827 
855 828 841 831 
856 944 978 495 
857 314 318 309 
858 320 321 318 
859 381 389 388 
860 415 416 414 
861 425 426 424 
862 424 980 428 
863 477 1042 476 
864 496 1005 497 
865 562 588 578 
866 719 1011 590 
867 944 1052 978 
868 893 894 878 
869 904 905 903 
870 548 1067 545 
871 1029 1068 1000 
872 316 1033 381 
873 896 970 922 
874 614 994 543 
875 898 900 899 
876 894 930 878 
877 431 1025 302 
878 307 311 306 
879 321 1032 324 
880 400 401 399 
881 954 955 421 
882 447 448 445 
883 466 520 468 
884 494 992 492 
885 502 967 503 
886 1001 1055 504 
887 1069 1088 516 
888 535 556 536 
889 583 1002 557 
890 715 716 597 
891 901 911 852 
892 989 990 988 
893 871 872 870 
894 652 1072 1050 
895 298 1083 301 
896 303 307 306 
897 991 1026 467 
898 468 470 469 
899 472 1030 991 
900 473 999 475 
901 476 518 474 
902 478 480 479 
903 482 484 483 
904 524 969 527 
905 550 1043 571 
906 552 576 551 
907 562 577 561 
908 618 1003 633 
909 627 628 626 
910 629 1053 626 
911 643 665 634 
912 654 1052 944 
913 1027 1030 995 
914 875 878 874 
915 955 1036 421 
916 968 1025 431 
917 615 992 498 
918 538 967 502 
919 536 1054 517 
920 524 527 526 
921 581 1010 553 
922 724 961 589 
923 617 993 615 
924 619 1050 617 
925 695 1051 635 
926 653 1043 1014 
927 712 1046 1028 
928 857 1091 855 
929 859 1115 861 
930 861 864 863 
931 875 1080 902 
932 932 942 930 
933 959 1092 1091 
934 991 1030 1027 
935 1000 1068 999 
936 867 1096 866 
937 396 1033 941 
938 642 1004 714 
939 710 979 978 
940 449 1011 448 
941 475 476 474 
942 506 948 946 
943 522 550 549 
944 527 528 526 
945 550 570 569 
946 552 987 576 
947 643 977 665 
948 1028 1046 461 
949 544 547 545 
950 636 1051 996 
951 710 978 650 
952 683 685 684 
953 850 852 851 
954 325 334 330 
955 722 1010 581 
956 903 1106 1105 
957 300 303 299 
958 302 1025 300 
959 429 431 302 
960 308 309 307 
961 307 1057 311 
962 310 314 309 
963 320 332 321 
964 447 450 449 
965 452 1011 449 
966 454 590 452 
967 461 1046 459 
968 460 462 461 
969 516 1028 463 
970 464 466 465 
971 471 998 473 
972 475 999 478 
973 480 482 481 
974 490 1044 487 
975 493 496 494 
976 506 946 507 
977 597 598 574 
978 652 1050 622 
979 635 1051 628 
980 650 1052 640 
981 697 698 664 
982 693 694 668 
983 673 984 672 
984 853 957 857 
985 886 988 888 
986 429 1037 1034 
987 865 867 866 
988 438 440 439 
989 563 1054 536 
990 828 831 829 
991 446 1040 1039 
992 507 946 510 
993 510 613 546 
994 946 947 613 
995 996 1051 695 
996 855 856 854 
997 858 859 856 
998 309 1057 307 
999 542 544 543 
1000 651 1087 940 
1001 711 1072 652 
1002 296 1125 294 
1003 997 1113 558 
1004 869 871 870 
1005 882 907 876 
1006 565 1127 943 
1007 888 890 887 
1008 884 1071 906 
1009 301 400 399 
1010 308 1025 968 
1011 324 1057 318 
1012 400 402 401 
1013 413 415 414 
1014 417 953 415 
1015 418 425 424 
1016 453 454 452 
1017 457 458 455 
1018 457 460 459 
1019 459 519 458 
1020 462 464 463 
1021 465 516 463 
1022 534 1012 464 
1023 520 1041 468 
1024 471 472 469 
1025 470 535 517 
1026 492 521 490 
1027 497 498 494 
1028 498 992 494 
1029 497 1005 500 
1030 499 537 498 
1031 537 615 498 
1032 500 533 502 
1033 503 504 501 
1034 535 536 517 
1035 517 1054 998 
1036 992 993 521 
1037 524 525 523 
1038 528 532 526 
1039 533 539 538 
1040 556 557 536 
1041 537 1045 713 
1042 539 540 538 
1043 541 542 540 
1044 564 574 552 
1045 574 987 552 
1046 702 1006 558 
1047 655 1054 563 
1048 571 1043 653 
1049 575 597 574 
1050 674 675 583 
1051 588 691 589 
1052 660 661 590 
1053 618 620 619 
1054 633 634 620 
1055 623 627 626 
1056 637 639 638 
1057 639 648 647 
1058 642 714 669 
1059 645 1064 759 
1060 651 710 650 
1061 654 711 652 
1062 667 668 661 
1063 685 687 686 
1064 693 1073 755 
1065 694 1360 727 
1066 944 945 711 
1067 945 1044 711 
1068 850 901 852 
1069 871 879 873 
1070 882 908 907 
1071 908 916 909 
1072 916 943 917 
1073 931 933 932 
1074 415 953 421 
1075 506 967 948 
1076 510 511 509 
1077 510 946 613 
1078 546 566 511 
1079 529 531 530 
1080 531 918 889 
1081 705 1061 595 
1082 1014 1087 653 
1083 655 1029 1000 
1084 1000 1054 655 
1085 657 1055 1001 
1086 1028 1088 712 
1087 853 855 854 
1088 958 959 857 
1089 865 868 867 
1090 1096 1103 866 
1091 881 893 878 
1092 890 892 887 
1093 946 948 947 
1094 308 310 309 
1095 318 1057 309 
1096 381 388 317 
1097 320 743 332 
1098 381 1033 396 
1099 402 419 418 
1100 410 427 406 
1101 423 435 422 
1102 426 980 424 
1103 431 1033 968 
1104 438 439 436 
1105 446 447 445 
1106 447 449 448 
1107 451 453 452 
1108 454 1058 660 
1109 459 1046 519 
1110 468 469 467 
1111 517 998 471 
1112 473 475 474 
1113 475 477 476 
1114 486 487 485 
1115 489 490 487 
1116 487 1044 945 
1117 1014 1042 488 
1118 493 494 492 
1119 978 979 495 
1120 500 501 499 
1121 506 507 505 
1122 512 969 524 
1123 549 995 518 
1124 522 1043 550 
1125 540 994 538 
1126 544 545 543 
1127 544 1086 983 
1128 547 548 545 
1129 545 1067 614 
1130 553 554 548 
1131 555 663 582 
1132 562 578 577 
1133 572 1024 596 
1134 593 594 573 
1135 598 987 574 
1136 575 715 597 
1137 588 589 578 
1138 721 722 581 
1139 675 1002 583 
1140 935 1067 585 
1141 586 708 707 
1142 661 719 590 
1143 592 656 655 
1144 718 950 592 
1145 593 1049 730 
1146 594 659 658 
1147 616 1003 618 
1148 623 1059 627 
1149 626 1053 625 
1150 628 629 626 
1151 631 641 640 
1152 637 638 632 
1153 1003 1004 633 
1154 636 996 644 
1155 639 647 638 
1156 654 944 711 
1157 663 697 664 
1158 714 1085 669 
1159 672 984 699 
1160 679 680 678 
1161 681 682 680 
1162 685 686 684 
1163 710 1013 979 
1164 713 1093 1003 
1165 850 851 849 
1166 926 927 895 
1167 1050 1072 993 
1168 1041 1079 1060 
1169 1047 1098 1048 
1170 868 869 867 
1171 886 888 887 
1172 896 922 898 
1173 891 970 890 
1174 1086 1099 983 
1175 297 1083 298 
1176 865 866 863 
1177 902 903 881 
1178 421 1036 416 
1179 510 546 511 
1180 527 565 529 
1181 541 561 542 
1182 546 567 566 
1183 555 582 581 
1184 557 1002 591 
1185 572 595 570 
1186 962 963 579 
1187 594 1082 659 
1188 617 1050 993 
1189 951 1024 624 
1190 680 701 678 
1191 708 848 707 
1192 1082 1090 715 
1193 1055 1093 713 
1194 553 1010 554 
1195 582 721 581 
1196 721 728 722 
1197 931 932 930 
1198 940 1087 1014 
1199 1006 1007 688 
1200 871 873 872 
1201 877 884 883 
1202 884 886 885 
1203 899 920 897 
1204 890 896 892 
1205 186 1017 109 
1206 108 1017 167 
1207 543 994 540 
1208 924 925 905 
1209 113 180 112 
1210 115 169 114 
1211 117 187 116 
1212 310 968 316 
1213 408 409 388 
1214 398 405 404 
1215 402 418 403 
1216 428 1038 403 
1217 430 986 407 
1218 411 413 412 
1219 953 954 421 
1220 435 747 422 
1221 423 437 436 
1222 437 761 438 
1223 443 816 441 
1224 450 558 451 
1225 467 1026 465 
1226 466 468 467 
1227 469 991 467 
1228 468 1041 470 
1229 473 474 472 
1230 476 522 518 
1231 479 488 477 
1232 485 495 483 
1233 486 513 489 
1234 503 967 506 
1235 505 1001 504 
1236 507 508 505 
1237 509 512 508 
1238 566 662 511 
1239 519 552 551 
1240 1042 1043 522 
1241 524 526 525 
1242 527 969 565 
1243 573 995 549 
1244 557 591 563 
1245 569 1049 593 
1246 624 1024 572 
1247 594 658 573 
1248 591 718 592 
1249 593 730 599 
1250 599 1090 1082 
1251 616 617 615 
1252 618 619 617 
1253 620 621 619 
1254 621 623 622 
1255 625 1053 654 
1256 628 630 629 
1257 630 632 631 
1258 631 1015 641 
1259 636 637 632 
1260 638 1015 632 
1261 642 643 634 
1262 649 1015 638 
1263 641 650 640 
1264 641 982 651 
1265 658 1027 995 
1266 1058 1070 660 
1267 672 689 670 
1268 685 717 687 
1269 687 997 688 
1270 699 700 689 
1271 938 939 706 
1272 708 850 849 
1273 1081 1085 714 
1274 853 854 851 
1275 105 165 104 
1276 108 167 107 
1277 109 1017 108 
1278 110 186 109 
1279 898 899 897 
1280 16 181 15 
1281 17 1019 16 
1282 16 1019 181 
1283 18 163 17 
1284 163 1019 17 
1285 868 875 874 
1286 724 965 961 
1287 854 1117 952 
1288 310 316 315 
1289 316 381 317 
1290 968 1033 316 
1291 398 404 397 
1292 402 1056 419 
1293 404 1016 420 
1294 413 414 412 
1295 423 436 435 
1296 464 1012 466 
1297 999 1068 478 
1298 486 489 487 
1299 512 1066 969 
1300 516 1088 1028 
1301 522 549 518 
1302 570 1049 569 
1303 578 579 577 
1304 663 664 582 
1305 584 1060 677 
1306 593 599 594 
1307 596 705 595 
1308 615 993 992 
1309 622 1050 619 
1310 645 646 635 
1311 647 649 638 
1312 641 1015 982 
1313 659 1082 1031 
1314 686 750 684 
1315 856 1117 854 
1316 858 928 913 
1317 862 915 914 
1318 1014 1043 1042 
1319 501 1045 499 
1320 995 1030 518 
1321 1049 1061 730 
1322 113 1020 180 
1323 115 1022 169 
1324 187 1022 116 
1325 547 553 548 
1326 555 581 553 
1327 554 587 586 
1328 1048 1098 588 
1329 890 970 896 
1330 908 909 907 
1331 916 917 909 
1332 169 1020 114 
1333 717 1112 1109 
1334 877 883 882 
1335 884 885 883 
1336 875 881 878 
1337 547 555 553 
1338 586 707 585 
1339 697 1099 1075 
1340 705 1062 1061 
1341 861 862 860 
1342 314 320 318 
1343 381 396 389 
1344 415 421 416 
1345 442 703 444 
1346 529 530 528 
1347 531 889 530 
1348 1047 1048 539 
1349 577 580 561 
1350 564 1046 712 
1351 571 572 570 
1352 572 596 595 
1353 937 951 624 
1354 627 1059 645 
1355 677 679 678 
1356 681 683 682 
1357 918 919 889 
1358 901 912 911 
1359 962 964 963 
1360 991 1027 1026 
1361 998 1054 1000 
1362 910 1076 530 
1363 567 568 566 
1364 566 1009 662 
1365 685 1112 717 
1366 855 858 856 
1367 858 913 859 
1368 862 914 860 
1369 864 865 863 
1370 868 874 869 
1371 872 876 870 
1372 877 882 876 
1373 884 906 886 
1374 893 895 894 
1375 899 921 920 
1376 902 904 903 
1377 905 1106 903 
1378 904 936 924 
1379 906 989 988 
1380 298 300 299 
1381 301 302 300 
1382 399 429 302 
1383 303 308 307 
1384 311 333 306 
1385 310 315 314 
1386 316 317 315 
1387 321 324 318 
1388 336 1032 321 
1389 389 408 388 
1390 396 941 398 
1391 404 420 397 
1392 398 1034 405 
1393 400 1056 402 
1394 424 428 403 
1395 405 430 407 
1396 407 986 411 
1397 413 417 415 
1398 416 422 414 
1399 417 956 953 
1400 423 1036 437 
1401 440 441 439 
1402 442 443 441 
1403 444 445 443 
1404 450 451 449 
1405 590 1011 452 
1406 453 455 454 
1407 456 457 455 
1408 457 459 458 
1409 551 1058 458 
1410 460 461 459 
1411 462 463 461 
1412 464 465 463 
1413 466 467 465 
1414 465 1026 516 
1415 466 1012 520 
1416 470 471 469 
1417 470 1041 535 
1418 471 473 472 
1419 998 999 473 
1420 476 1042 522 
1421 478 479 477 
1422 480 481 479 
1423 482 483 481 
1424 484 485 483 
1425 491 492 490 
1426 492 992 521 
1427 496 497 494 
1428 497 499 498 
1429 502 503 501 
1430 503 505 504 
1431 507 509 508 
1432 519 564 552 
1433 525 657 523 
1434 527 529 528 
1435 533 1047 539 
1436 557 563 536 
1437 537 713 616 
1438 542 543 540 
1439 541 562 561 
1440 569 573 549 
1441 550 571 570 
1442 554 586 585 
1443 556 584 583 
1444 580 1086 561 
1445 591 592 563 
1446 564 575 574 
1447 568 1121 1009 
1448 595 1049 570 
1449 571 624 572 
1450 712 1031 575 
1451 1075 1099 580 
1452 584 676 674 
1453 587 985 586 
1454 691 723 589 
1455 596 938 706 
1456 736 1090 599 
1457 618 633 620 
1458 621 622 619 
1459 623 625 622 
1460 653 937 624 
1461 625 654 652 
1462 627 645 635 
1463 630 631 629 
1464 630 1051 636 
1465 632 1015 631 
1466 633 642 634 
1467 665 1063 634 
1468 641 651 650 
1469 642 669 643 
1470 645 759 646 
1471 648 709 647 
1472 982 1015 649 
1473 651 940 710 
1474 659 1088 1069 
1475 660 1070 667 
1476 694 727 668 
1477 669 671 670 
1478 671 673 672 
1479 677 678 676 
1480 683 684 682 
1481 687 688 686 
1482 693 755 754 
1483 708 849 848 
1484 1044 1072 711 
1485 1031 1082 715 
1486 717 1109 1107 
1487 728 729 722 
1488 724 966 965 
1489 852 853 851 
1490 872 1071 877 
1491 888 891 890 
1492 931 934 933 
1493 896 898 897 
1494 869 870 867 
1495 114 1020 113 
1496 116 1022 115 
1497 401 1038 1037 
1498 858 1091 928 
1499 396 397 389 
1500 411 412 410 
1501 416 423 422 
1502 437 438 436 
1503 440 442 441 
1504 442 444 443 
1505 444 446 445 
1506 451 452 449 
1507 453 456 455 
1508 458 1058 455 
1509 519 551 458 
1510 463 1028 461 
1511 472 991 469 
1512 470 517 471 
1513 474 1030 472 
1514 475 478 477 
1515 488 1042 477 
1516 484 486 485 
1517 489 491 490 
1518 521 1044 490 
1519 491 493 492 
1520 493 515 496 
1521 515 666 496 
1522 497 500 499 
1523 500 502 501 
1524 533 538 502 
1525 503 506 505 
1526 507 510 509 
1527 1026 1069 516 
1528 519 1046 564 
1529 526 1081 525 
1530 1005 1047 533 
1531 537 616 615 
1532 538 994 967 
1533 539 541 540 
1534 550 569 549 
1535 551 1070 1058 
1536 555 983 663 
1537 556 583 557 
1538 556 1060 584 
1539 562 1048 588 
1540 592 655 563 
1541 564 712 575 
1542 569 593 573 
1543 571 653 624 
1544 658 995 573 
1545 575 1031 715 
1546 584 674 583 
1547 596 1024 938 
1548 730 736 599 
1549 616 618 617 
1550 713 1003 616 
1551 634 1063 620 
1552 625 652 622 
1553 623 626 625 
1554 640 1053 629 
1555 630 636 632 
1556 636 644 637 
1557 639 1297 648 
1558 669 670 643 
1559 1031 1088 659 
1560 666 1047 1005 
1561 671 672 670 
1562 672 699 689 
1563 677 1079 679 
1564 693 754 694 
1565 702 1008 1006 
1566 712 1088 1031 
1567 859 861 860 
1568 861 863 862 
1569 998 1000 999 
1570 1027 1069 1026 
1571 906 988 886 
1572 879 880 873 
1573 886 887 885 
1574 662 1066 511 
1575 529 1102 531 
1576 653 1087 937 
1577 853 857 855 
1578 859 860 856 
1579 957 958 857 
1580 554 585 548 
1581 554 1010 587 
1582 723 724 589 
1583 646 731 695 
1584 941 1034 398 
1585 427 1016 406 
1586 416 1036 423 
1587 707 935 585 
1588 596 706 705 
1589 679 681 680 
1590 896 897 892 
1591 1074 1075 580 
1592 531 1118 918 
1593 308 968 310 
1594 407 410 406 
1595 450 702 558 
1596 462 534 464 
1597 576 1073 1070 
1598 620 1063 621 
1599 621 1059 623 
1600 627 635 628 
1601 628 1051 630 
1602 631 640 629 
1603 654 1053 1052 
1604 663 1099 697 
1605 667 693 668 
1606 676 749 674 
1607 682 1065 680 
1608 872 877 876 
1609 512 523 508 
1610 993 1072 521 
1611 530 1076 528 
1612 567 929 568 
1613 893 926 895 
1614 986 1035 411 
1615 440 1089 442 
1616 457 1107 460 
1617 520 1079 1041 
1618 528 1076 532 
1619 1076 1097 532 
1620 1041 1060 535 
1621 659 1069 658 
1622 666 1098 1047 
1623 870 1096 867 
1624 300 1025 303 
1625 403 1038 401 
1626 411 1035 413 
1627 442 1089 703 
1628 450 1039 702 
1629 518 1030 474 
1630 499 1045 537 
1631 500 1005 533 
1632 523 1001 508 
1633 535 1060 556 
1634 576 1070 551 
1635 599 1082 594 
1636 621 1063 1059 
1637 1052 1053 640 
1638 1059 1064 645 
1639 658 1069 1027 
1640 667 1073 693 
1641 680 1065 701 
1642 715 1090 716 
1643 864 1080 865 
1644 1094 1095 934 
1645 1012 1104 1100 
1646 876 1096 870 
1647 298 301 300 
1648 303 306 299 
1649 301 399 302 
1650 402 403 401 
1651 418 424 403 
1652 455 1058 454 
1653 454 660 590 
1654 480 514 482 
1655 512 524 523 
1656 584 677 676 
1657 646 695 635 
1658 656 1029 655 
1659 660 667 661 
1660 959 1091 857 
1661 875 902 881 
1662 873 1116 1071 
1663 743 744 332 
1664 504 1045 501 
1665 508 1001 505 
1666 889 910 530 
1667 595 1061 1049 
1668 478 1068 480 
1669 1012 1100 520 
1670 714 1084 1081 
1671 904 924 905 
1672 873 1071 872 
1673 1004 1084 714 
1674 577 1074 580 
1675 588 1098 691 
1676 1070 1073 667 
1677 940 1013 710 
1678 665 1064 1063 
1679 669 1085 671 
1680 931 1094 934 
1681 1003 1093 1004 
1682 534 1104 1012 
1683 681 1104 683 
1684 1076 1111 1097 
1685 301 1083 400 
1686 406 1016 404 
1687 418 1077 425 
1688 1034 1037 430 
1689 480 1068 514 
1690 509 1066 512 
1691 1081 1084 525 
1692 532 1081 526 
1693 539 1048 541 
1694 963 1074 579 
1695 1084 1093 657 
1696 914 1123 1117 
1697 405 1034 430 
1698 952 1123 929 
1699 511 1066 509 
1700 521 1072 1044 
1701 1103 1108 866 
1702 894 931 930 
1703 525 1084 657 
1704 532 1085 1081 
1705 542 1086 544 
1706 561 1086 542 
1707 1063 1064 1059 
1708 419 1077 418 
1709 568 1009 566 
1710 1004 1093 1084 
1711 1113 1114 456 
1712 451 1113 453 
1713 447 1039 450 
1714 679 1100 681 
1715 1100 1104 681 
1716 1091 1092 928 
1717 541 1048 562 
1718 565 1102 529 
1719 1064 1101 759 
1720 860 1117 856 
1721 907 1103 1096 
1722 400 1083 1056 
1723 413 1035 417 
1724 446 1039 447 
1725 579 1074 577 
1726 657 1093 1055 
1727 460 1109 462 
1728 456 1107 457 
1729 717 1114 687 
1730 1077 1078 425 
1731 1080 1119 902 
1732 532 1097 1085 
1733 893 1105 926 
1734 462 1109 534 
1735 534 1112 1104 
1736 983 1099 663 
1737 903 1105 881 
1738 997 1114 1113 
1739 907 1096 876 
1740 977 1101 665 
1741 303 1025 308 
1742 1079 1100 679 
1743 904 1119 936 
1744 665 1101 1064 
1745 683 1112 685 
1746 861 1115 864 
1747 914 1117 860 
1748 453 1113 456 
1749 520 1100 1079 
1750 1097 1111 673 
1751 909 1103 907 
1752 881 1105 893 
1753 910 1111 1076 
1754 1108 1122 915 
1755 687 1114 997 
1756 1104 1112 683 
1757 1071 1116 906 
1758 1107 1114 717 
1759 1102 1118 531 
1760 1085 1097 671 
1761 1109 1112 534 
1762 671 1097 673 
1763 880 1328 1120 
1764 456 1114 1107 
1765 866 1108 863 
1766 863 1108 862 
1767 936 1119 1115 
1768 880 1120 1116 
1769 906 1116 989 
1770 664 1110 582 
1771 929 1123 568 
1772 299 1125 296 
1773 862 1108 915 
1774 864 1119 1080 
1775 1115 1119 864 
1776 909 1122 1103 
1777 582 1110 721 
1778 915 1121 914 
1779 917 1130 1124 
1780 919 1129 889 
1781 1118 1128 918 
1782 333 1125 306 
1783 920 1126 897 
1784 1116 1120 989 
1785 917 1122 909 
1786 882 1128 908 
1787 1121 1124 1009 
1788 568 1123 1121 
1789 919 1132 1126 
1790 885 1131 883 
1791 1121 1123 914 
1792 1066 1127 969 
1793 908 1128 1118 
1794 1124 1130 1009 
1795 892 1132 887 
1796 1122 1124 915 
1797 306 1125 299 
1798 917 1124 1122 
1799 915 1124 1121 
1800 662 1130 1127 
1801 943 1130 917 
1802 1127 1130 943 
1803 897 1126 892 
1804 662 1127 1066 
1805 1126 1129 919 
1806 673 1134 984 
1807 883 1128 882 
1808 889 1129 910 
1809 920 1129 1126 
1810 1009 1130 662 
1811 921 1133 920 
1812 918 1131 919 
1813 921 1134 1133 
1814 887 1132 885 
1815 1129 1133 910 
1816 920 1133 1129 
1817 910 1133 1111 
1818 1133 1134 1111 
1819 1111 1134 673 
1820 885 1132 1131 
1821 1131 1132 919 
1822 1134 1135 984 
1823 921 1135 1134 
1824 291 1140 289 
1825 292 1136 304 
1826 333 1136 1125 
1827 294 1136 292 
1828 1125 1136 294 
1829 313 1137 325 
1830 334 1141 1138 
1831 333 1137 1136 
1832 1137 1139 325 
1833 312 1140 291 
1834 1136 1137 304 
1835 304 1137 313 
1836 325 1139 334 
1837 324 1141 1057 
1838 1032 1138 324 
1839 333 1139 1137 
1840 1139 1141 334 
1841 311 1139 333 
1842 331 1140 312 
1843 1143 1144 305 
1844 311 1141 1139 
1845 1057 1141 311 
1846 326 1142 288 
1847 293 1142 305 
1848 288 1142 290 
1849 1146 1149 831 
1850 290 1142 293 
1851 1056 1148 419 
1852 825 1143 328 
1853 827 1144 825 
1854 1142 1143 305 
1855 1148 1149 419 
1856 305 1145 295 
1857 326 1143 1142 
1858 328 1143 326 
1859 830 1144 827 
1860 1083 1147 1056 
1861 419 1149 1077 
1862 1144 1145 305 
1863 295 1145 297 
1864 1077 1146 1078 
1865 1145 1147 297 
1866 830 1147 1145 
1867 297 1147 1083 
1868 830 1145 1144 
1869 282 1153 284 
1870 1147 1148 1056 
1871 829 1148 830 
1872 829 1149 1148 
1873 831 1149 829 
1874 830 1148 1147 
1875 1140 1152 1151 
1876 732 1150 610 
1877 606 1150 605 
1878 605 1150 692 
1879 610 1150 606 
1880 1140 1151 289 
1881 286 1151 285 
1882 1151 1152 335 
1883 285 1151 335 
1884 289 1151 286 
1885 331 1152 1140 
1886 327 1153 823 
1887 284 1153 287 
1888 287 1153 327 
1889 773 1154 602 
1890 607 1154 725 
1891 602 1154 604 
1892 152 1176 191 
1893 604 1154 607 
1894 269 739 738 
1895 1154 1155 725 
1896 773 1155 1154 
1897 281 1156 375 
1898 376 1156 319 
1899 283 1156 281 
1900 426 1157 981 
1901 1078 1157 425 
1902 319 1156 283 
1903 54 162 53 
1904 425 1157 426 
1905 53 1158 52 
1906 255 256 250 
1907 52 182 51 
1908 790 791 786 
1909 162 1158 53 
1910 376 1159 1156 
1911 788 792 789 
1912 1156 1159 375 
1913 981 1168 956 
1914 953 1168 954 
1915 809 810 796 
1916 795 840 791 
1917 792 805 797 
1918 52 1158 182 
1919 779 780 778 
1920 790 795 791 
1921 787 790 786 
1922 777 779 778 
1923 785 793 787 
1924 280 1167 190 
1925 30 1188 29 
1926 793 809 796 
1927 793 796 787 
1928 785 787 786 
1929 782 783 780 
1930 1175 1193 739 
1931 103 1386 102 
1932 782 784 783 
1933 377 1167 280 
1934 779 782 780 
1935 355 357 356 
1936 1153 1176 823 
1937 191 1176 282 
1938 785 786 784 
1939 784 788 783 
1940 782 785 784 
1941 791 1162 786 
1942 956 1168 953 
1943 785 1174 793 
1944 955 1178 1036 
1945 437 1178 761 
1946 788 806 792 
1947 1269 1271 1270 
1948 64 1161 63 
1949 66 174 65 
1950 68 151 67 
1951 72 1163 71 
1952 73 150 72 
1953 75 175 74 
1954 78 149 77 
1955 80 176 79 
1956 85 172 84 
1957 90 177 89 
1958 93 146 92 
1959 95 178 94 
1960 65 1165 64 
1961 71 173 70 
1962 74 1166 73 
1963 83 148 82 
1964 88 147 87 
1965 67 1164 66 
1966 786 1162 784 
1967 1227 1438 186 
1968 777 794 779 
1969 761 1183 438 
1970 440 1183 1089 
1971 76 1169 75 
1972 784 1162 788 
1973 1343 1344 432 
1974 203 205 204 
1975 198 243 242 
1976 781 1378 817 
1977 788 1162 806 
1978 253 269 268 
1979 282 1176 1153 
1980 77 1172 76 
1981 743 1256 745 
1982 773 1250 185 
1983 446 1187 1040 
1984 703 1187 444 
1985 790 1355 795 
1986 612 1189 603 
1987 353 354 352 
1988 965 1321 1260 
1989 269 738 270 
1990 1036 1178 437 
1991 702 1191 1008 
1992 1040 1191 1039 
1993 248 1193 1175 
1994 696 1284 720 
1995 782 1174 785 
1996 249 253 252 
1997 804 807 798 
1998 974 1197 900 
1999 1158 1173 182 
2000 779 1174 782 
2001 317 1271 1269 
2002 846 1181 179 
2003 269 270 268 
2004 357 359 358 
2005 150 1163 72 
2006 151 1164 67 
2007 175 1166 74 
2008 174 1165 65 
2009 71 1163 173 
2010 73 1166 150 
2011 66 1164 174 
2012 64 1165 1161 
2013 79 1177 78 
2014 705 1195 1062 
2015 75 1169 175 
2016 686 1196 750 
2017 1007 1196 688 
2018 243 245 244 
2019 900 1197 899 
2020 921 1197 1135 
2021 149 1172 77 
2022 794 1174 779 
2023 253 268 262 
2024 438 1183 440 
2025 971 1340 1338 
2026 1338 1339 365 
2027 750 1199 684 
2028 682 1199 1065 
2029 76 1172 1169 
2030 249 251 247 
2031 252 259 251 
2032 78 1177 149 
2033 176 1177 79 
2034 716 1211 836 
2035 701 1203 678 
2036 676 1203 749 
2037 69 1201 841 
2038 81 1182 80 
2039 253 262 252 
2040 724 1205 966 
2041 749 1207 674 
2042 376 1312 1159 
2043 63 152 62 
2044 80 1182 176 
2045 1101 1218 366 
2046 82 1185 81 
2047 70 1201 69 
2048 148 1185 82 
2049 248 249 247 
2050 253 1175 269 
2051 391 1285 753 
2052 444 1187 446 
2053 249 252 251 
2054 249 1175 253 
2055 83 1186 148 
2056 172 1186 84 
2057 603 1189 601 
2058 245 250 246 
2059 252 1180 259 
2060 248 1175 249 
2061 84 1186 83 
2062 1356 1381 208 
2063 85 1190 172 
2064 147 1192 87 
2065 1039 1191 702 
2066 964 1263 963 
2067 262 1180 252 
2068 1090 1211 716 
2069 203 204 202 
2070 262 1181 1180 
2071 81 1185 1182 
2072 88 1194 147 
2073 177 1194 89 
2074 86 1190 85 
2075 211 214 213 
2076 90 1198 177 
2077 107 1213 106 
2078 146 1200 92 
2079 87 1192 86 
2080 692 1215 734 
2081 732 1215 1150 
2082 195 196 164 
2083 706 1195 705 
2084 178 1202 94 
2085 93 1202 146 
2086 688 1196 686 
2087 368 1337 1240 
2088 899 1197 921 
2089 89 1194 88 
2090 34 1245 33 
2091 684 1199 682 
2092 1261 1262 964 
2093 1021 1217 1020 
2094 246 248 247 
2095 91 1198 90 
2096 86 1192 1190 
2097 644 1425 1424 
2098 434 1281 384 
2099 92 1200 91 
2100 977 1218 1101 
2101 700 1218 689 
2102 678 1203 676 
2103 274 1311 1310 
2104 770 1414 1368 
2105 31 1254 30 
2106 94 1202 93 
2107 723 1205 724 
2108 674 1207 675 
2109 355 356 354 
2110 227 228 226 
2111 173 1201 70 
2112 1238 1408 215 
2113 726 1368 1206 
2114 336 1411 1409 
2115 91 1200 1198 
2116 339 340 338 
2117 40 1226 171 
2118 183 1226 41 
2119 197 198 196 
2120 836 1211 229 
2121 44 1225 43 
2122 807 1369 781 
2123 15 1228 14 
2124 112 1227 111 
2125 1238 1383 1237 
2126 256 344 343 
2127 341 742 340 
2128 246 247 244 
2129 51 1229 50 
2130 243 244 242 
2131 1262 1264 1263 
2132 560 1224 696 
2133 259 1204 251 
2134 251 1214 247 
2135 1402 1407 234 
2136 334 1238 330 
2137 250 1208 246 
2138 1135 1387 1232 
2139 1265 1377 189 
2140 1135 1232 984 
2141 357 358 356 
2142 736 1211 1090 
2143 441 1243 439 
2144 245 246 244 
2145 842 1212 394 
2146 254 260 238 
2147 804 1369 807 
2148 248 1208 1193 
2149 388 1271 317 
2150 754 1361 694 
2151 1189 1224 601 
2152 106 1213 1023 
2153 1106 1247 1105 
2154 246 1208 248 
2155 1150 1215 692 
2156 1256 1269 745 
2157 486 1248 513 
2158 261 338 260 
2159 256 343 250 
2160 214 218 217 
2161 98 153 97 
2162 260 1255 238 
2163 359 1323 1280 
2164 343 1208 250 
2165 187 1228 1220 
2166 600 1250 773 
2167 427 1296 753 
2168 1075 1253 697 
2169 409 1272 1271 
2170 1262 1263 964 
2171 1243 1417 439 
2172 1263 1301 963 
2173 933 1393 1329 
2174 315 1256 314 
2175 320 1256 743 
2176 205 237 204 
2177 198 241 196 
2178 265 346 267 
2179 266 735 241 
2180 339 341 340 
2181 748 1317 747 
2182 591 1258 718 
2183 198 242 241 
2184 1378 1379 817 
2185 834 1388 263 
2186 1020 1217 180 
2187 275 278 273 
2188 239 265 264 
2189 341 1209 742 
2190 689 1218 977 
2191 795 1220 840 
2192 211 213 209 
2193 33 1282 32 
2194 192 1250 193 
2195 965 1260 962 
2196 1260 1321 155 
2197 329 1292 741 
2198 242 266 241 
2199 228 1390 229 
2200 227 1390 228 
2201 804 1401 1095 
2202 361 1233 1232 
2203 731 1267 695 
2204 774 1435 813 
2205 19 1273 18 
2206 1409 1410 215 
2207 515 1274 666 
2208 1098 1274 691 
2209 514 1275 482 
2210 420 1276 397 
2211 389 1276 408 
2212 25 1313 24 
2213 261 339 338 
2214 740 1380 171 
2215 1368 1414 1206 
2216 247 1214 244 
2217 160 1245 34 
2218 1420 1429 1342 
2219 204 216 202 
2220 1271 1272 1270 
2221 491 1426 812 
2222 971 1341 1340 
2223 847 1225 44 
2224 601 1224 560 
2225 390 1352 1290 
2226 1290 1352 395 
2227 1212 1320 394 
2228 742 1221 340 
2229 1232 1387 361 
2230 180 1227 112 
2231 181 1228 15 
2232 241 1216 196 
2233 41 1226 40 
2234 379 434 382 
2235 244 1214 242 
2236 813 1396 257 
2237 1181 1278 844 
2238 182 1229 51 
2239 770 1368 1350 
2240 432 1344 378 
2241 1410 1411 208 
2242 368 771 367 
2243 1352 1417 395 
2244 384 1281 766 
2245 382 1439 763 
2246 772 1304 159 
2247 339 342 341 
2248 214 217 213 
2249 698 1375 664 
2250 242 1214 266 
2251 356 373 354 
2252 183 1308 1226 
2253 189 1301 1263 
2254 928 1291 913 
2255 936 1291 924 
2256 771 1268 374 
2257 157 1254 31 
2258 737 1293 704 
2259 222 236 220 
2260 254 261 260 
2261 261 1219 339 
2262 1138 1238 334 
2263 412 1296 410 
2264 891 1341 970 
2265 367 374 372 
2266 395 1417 1243 
2267 984 1232 699 
2268 408 1385 409 
2269 609 1298 608 
2270 816 1243 441 
2271 352 369 350 
2272 1092 1399 928 
2273 262 1278 1181 
2274 196 1216 164 
2275 332 1300 336 
2276 790 1325 1021 
2277 1074 1301 1075 
2278 37 1322 36 
2279 224 1222 222 
2280 409 1271 388 
2281 694 1361 1360 
2282 231 1403 1062 
2283 1155 1307 725 
2284 218 235 217 
2285 335 1309 337 
2286 331 1246 1152 
2287 235 238 217 
2288 721 1314 728 
2289 723 1298 1205 
2290 1105 1247 926 
2291 3 1359 49 
2292 50 1359 3 
2293 747 1317 422 
2294 414 1317 412 
2295 265 267 264 
2296 797 1416 799 
2297 723 1315 1298 
2298 55 1413 54 
2299 346 1188 267 
2300 729 1318 722 
2301 587 1319 985 
2302 901 1319 912 
2303 1010 1318 587 
2304 162 1277 1158 
2305 484 1248 486 
2306 239 254 238 
2307 200 1266 832 
2308 367 372 362 
2309 276 1309 1246 
2310 1205 1298 609 
2311 1022 1355 169 
2312 933 1345 1332 
2313 1260 1261 964 
2314 386 1285 762 
2315 975 1289 1287 
2316 359 1288 358 
2317 38 1380 166 
2318 765 1398 763 
2319 1095 1394 934 
2320 958 1249 959 
2321 171 1380 39 
2322 193 1250 600 
2323 2 1362 42 
2324 43 1362 2 
2325 5 1364 110 
2326 111 1364 5 
2327 14 1363 1 
2328 1 1363 117 
2329 493 1437 515 
2330 390 1290 387 
2331 357 1324 359 
2332 847 1365 270 
2333 489 1426 491 
2334 988 1420 888 
2335 436 1417 435 
2336 730 1403 736 
2337 1062 1403 1061 
2338 1207 1299 675 
2339 735 1216 241 
2340 1307 1368 726 
2341 383 762 385 
2342 368 1239 771 
2343 1266 1435 774 
2344 235 239 238 
2345 433 1343 754 
2346 239 264 254 
2347 1210 1259 344 
2348 763 1398 764 
2349 1269 1270 745 
2350 787 1325 790 
2351 697 1253 698 
2352 1343 1361 754 
2353 1193 1252 740 
2354 382 762 383 
2355 1226 1308 738 
2356 363 368 367 
2357 162 1316 1277 
2358 339 1219 342 
2359 753 1296 748 
2360 314 1256 320 
2361 1208 1252 1193 
2362 1342 1429 1335 
2363 380 434 379 
2364 1423 1424 1421 
2365 385 1257 387 
2366 770 1415 1414 
2367 36 1259 35 
2368 996 1425 644 
2369 484 1275 1248 
2370 1311 1312 376 
2371 691 1315 723 
2372 1173 1277 259 
2373 209 1223 207 
2374 1002 1258 591 
2375 354 1231 352 
2376 275 1236 278 
2377 1336 1341 891 
2378 769 1348 768 
2379 24 1268 23 
2380 213 1223 209 
2381 343 1252 1208 
2382 1159 1312 1160 
2383 220 1230 218 
2384 228 234 226 
2385 811 1384 170 
2386 1410 1412 215 
2387 756 1295 433 
2388 1236 1292 329 
2389 1225 1308 183 
2390 962 1260 964 
2391 1312 1436 1160 
2392 1327 1333 1330 
2393 1158 1277 1173 
2394 218 1230 235 
2395 741 1353 1246 
2396 1233 1404 1232 
2397 746 1407 1402 
2398 32 1282 157 
2399 1424 1425 1422 
2400 222 1222 236 
2401 844 1278 168 
2402 1244 1400 157 
2403 435 1352 747 
2404 1374 1376 1375 
2405 202 1266 200 
2406 975 1287 1286 
2407 833 1295 756 
2408 157 1282 1219 
2409 695 1267 996 
2410 1160 1283 377 
2411 387 1257 390 
2412 205 1428 237 
2413 317 1269 315 
2414 666 1274 1098 
2415 18 1273 163 
2416 482 1275 484 
2417 1179 1294 369 
2418 397 1276 389 
2419 1002 1284 1258 
2420 236 1230 220 
2421 254 1244 261 
2422 273 1354 275 
2423 373 1231 354 
2424 720 1299 839 
2425 1246 1309 1152 
2426 1277 1316 1204 
2427 261 1244 1219 
2428 751 1346 769 
2429 1382 1412 1381 
2430 352 1231 369 
2431 813 1435 216 
2432 189 1377 1253 
2433 1217 1438 180 
2434 226 1251 224 
2435 974 1387 1197 
2436 337 1311 376 
2437 182 1434 1229 
2438 264 1244 254 
2439 216 1266 202 
2440 432 1361 1343 
2441 700 1280 1218 
2442 1138 1408 1238 
2443 1232 1404 699 
2444 1302 1349 184 
2445 766 1281 769 
2446 698 1377 1373 
2447 268 1278 262 
2448 746 1402 371 
2449 259 1277 1204 
2450 238 1255 217 
2451 515 1437 1293 
2452 820 1366 1249 
2453 1249 1366 959 
2454 675 1284 1002 
2455 1388 1389 263 
2456 224 1251 1222 
2457 158 1294 1179 
2458 159 1313 25 
2459 664 1375 1110 
2460 217 1255 213 
2461 975 1286 974 
2462 752 1346 751 
2463 976 1289 975 
2464 913 1291 936 
2465 704 1293 812 
2466 369 1294 350 
2467 410 1296 427 
2468 970 1341 971 
2469 764 1306 386 
2470 1393 1394 803 
2471 644 1424 1423 
2472 1360 1431 383 
2473 1237 1427 1235 
2474 1345 1419 1328 
2475 156 1433 811 
2476 1218 1280 366 
2477 234 1251 226 
2478 1278 1365 168 
2479 232 1390 1389 
2480 387 1290 392 
2481 608 1298 611 
2482 736 1303 1211 
2483 1234 1381 1356 
2484 812 1437 491 
2485 213 1255 1223 
2486 1350 1368 184 
2487 433 1344 1343 
2488 1032 1409 1408 
2489 356 1358 373 
2490 744 1300 332 
2491 837 1320 719 
2492 393 1320 837 
2493 1353 1354 276 
2494 350 1294 348 
2495 963 1301 1074 
2496 266 1316 735 
2497 1234 1427 1382 
2498 1382 1427 1237 
2499 420 1397 1276 
2500 1184 1405 58 
2501 372 1358 362 
2502 802 1242 800 
2503 770 1350 100 
2504 1239 1433 156 
2505 159 1351 1313 
2506 268 1365 1278 
2507 1298 1315 611 
2508 1330 1333 1331 
2509 1206 1321 966 
2510 1366 1367 1092 
2511 725 1307 726 
2512 1219 1282 342 
2513 1152 1309 335 
2514 1323 1324 364 
2515 1110 1314 721 
2516 1237 1383 1382 
2517 738 1308 270 
2518 154 1184 59 
2519 836 1391 232 
2520 1253 1377 698 
2521 611 1315 737 
2522 383 1431 379 
2523 422 1317 414 
2524 1211 1303 229 
2525 168 1365 847 
2526 234 1407 1251 
2527 215 1412 1383 
2528 1349 1350 184 
2529 166 1322 37 
2530 722 1318 1010 
2531 985 1319 901 
2532 1223 1428 207 
2533 796 1325 787 
2534 966 1321 965 
2535 1021 1325 1217 
2536 1242 1326 803 
2537 1241 1326 1242 
2538 1225 1362 43 
2539 1228 1363 14 
2540 1227 1364 111 
2541 819 821 188 
2542 1204 1316 266 
2543 362 1288 360 
2544 1331 1430 1429 
2545 267 1400 264 
2546 1246 1353 276 
2547 228 1279 234 
2548 1229 1359 50 
2549 230 1279 228 
2550 1408 1409 215 
2551 1332 1345 1328 
2552 1310 1311 337 
2553 169 1355 1021 
2554 1414 1415 155 
2555 360 1288 1287 
2556 1300 1432 336 
2557 1170 1395 236 
2558 229 1391 836 
2559 1429 1430 1335 
2560 49 1359 845 
2561 345 1428 1223 
2562 1206 1414 1321 
2563 42 1362 183 
2564 117 1363 187 
2565 110 1364 186 
2566 959 1366 1092 
2567 39 1380 38 
2568 409 1385 1347 
2569 1254 1400 267 
2570 270 1365 268 
2571 799 1384 801 
2572 1197 1387 1135 
2573 279 1436 1312 
2574 719 1320 1212 
2575 767 1397 765 
2576 1321 1414 155 
2577 934 1393 933 
2578 1331 1429 990 
2579 363 367 362 
2580 1217 1325 796 
2581 54 1413 162 
2582 1061 1403 730 
2583 699 1404 700 
2584 1032 1408 1138 
2585 805 1416 797 
2586 61 1283 60 
2587 439 1417 436 
2588 990 1420 988 
2589 1284 1299 720 
2590 513 1426 489 
2591 358 1358 356 
2592 491 1437 493 
2593 157 1400 1254 
2594 1336 1342 1335 
2595 891 1342 1336 
2596 183 1362 1225 
2597 187 1363 1228 
2598 186 1364 1227 
2599 373 1304 1231 
2600 232 1391 1390 
2601 373 1351 1304 
2602 1173 1434 182 
2603 1316 1413 735 
2604 845 1359 1229 
2605 675 1299 1284 
2606 1276 1397 767 
2607 4 1372 1370 
2608 990 1429 1420 
2609 1230 1395 815 
2610 360 363 362 
2611 362 1358 358 
2612 207 1428 205 
2613 336 1432 1411 
2614 1383 1412 1382 
2615 1240 1430 802 
2616 690 1422 1324 
2617 386 1306 1285 
2618 1285 1306 753 
2619 420 1398 1397 
2620 1347 1385 1348 
2621 1348 1385 768 
2622 1184 1357 277 
2623 278 1236 1234 
2624 1367 1399 1092 
2625 742 1396 1221 
2626 271 1406 277 
2627 161 1386 821 
2628 192 1418 1250 
2629 154 1357 1184 
2630 180 1438 1227 
2631 1305 1392 939 
2632 363 1339 1337 
2633 277 1405 1184 
2634 690 1324 357 
2635 1361 1431 1360 
2636 1250 1418 185 
2637 1371 1372 4 
2638 162 1413 1316 
2639 236 1395 1230 
2640 1234 1356 278 
2641 264 1400 1244 
2642 803 1401 1242 
2643 801 1433 1239 
2644 358 1288 362 
2645 1293 1437 812 
2646 1267 1425 996 
2647 1305 1421 690 
2648 184 1368 1307 
2649 1334 1430 1240 
2650 1304 1351 159 
2651 808 1378 1369 
2652 216 1435 1266 
2653 232 1389 1388 
2654 1167 1283 61 
2655 1279 1402 234 
2656 210 1432 1300 
2657 1397 1398 765 
2658 154 1436 1357 
2659 377 1283 1167 
2660 934 1394 1393 
2661 1357 1436 279 
2662 432 1431 1361 
2663 1381 1410 208 
2664 230 1392 1279 
2665 939 1392 706 
2666 706 1392 1195 
2667 1384 1433 801 
2668 277 1406 1405 
2669 811 1433 1384 
2670 1242 1401 800 
2671 1405 1406 194 
2672 1195 1392 230 
2673 384 1439 434 
2674 1287 1288 359 
2675 1241 1242 802 
2676 359 1324 1323 
2677 1369 1378 781 
2678 375 1160 377 
2679 821 1386 188 
2680 1159 1160 375 
2681 4 1370 101 
2682 99 1418 192 
2683 101 1415 100 
2684 102 1371 4 
2685 62 1167 61 
2686 190 1167 62 
2687 99 192 98 
2688 101 1264 1262 
2689 101 1370 1264 
2690 102 1376 1371 
2691 161 821 728 
2692 1376 1386 161 
2693 210 1300 744 
2694 1411 1432 210 
2695 745 1270 212 
2696 1270 1272 212 
2697 258 263 227 
2698 263 1389 227 
2699 229 231 230 
2700 229 1303 231 
2701 1390 1391 229 
2702 231 1062 230 
2703 258 833 263 
2704 274 1312 1311 
2705 275 1292 1236 
2706 976 1339 360 
2707 1287 1289 360 
2708 361 1286 1233 
2709 731 1323 364 
2710 365 973 972 
2711 365 976 973 
2712 365 1339 976 
2713 731 759 366 
2714 1280 1323 366 
2715 769 1281 380 
2716 392 394 393 
2717 393 837 727 
2718 646 759 731 
2719 648 939 709 
2720 648 1297 939 
2721 700 1404 1280 
2722 709 939 938 
2723 912 923 729 
2724 1346 1348 769 
2725 802 1430 1241 
2726 1326 1329 803 
2727 804 1095 927 
2728 814 820 819 
2729 814 1367 820 
2730 925 1367 817 
2731 817 1379 925 
2732 818 925 924 
2733 818 1399 1367 
2734 820 1249 819 
2735 819 960 912 
2736 958 960 819 
2737 819 1249 958 
2738 927 1094 895 
2739 925 1106 905 
2740 912 960 911 
2741 925 1379 1106 
2742 927 1095 1094 
2743 1280 1404 1233 
2744 1286 1287 1233 
2745 1234 1236 1235 
2746 1234 1382 1381 
2747 1241 1327 1326 
2748 1331 1333 1241 
2749 1241 1430 1331 
2750 1272 1347 1346 
2751 1297 1423 1421 
2752 1335 1430 1334 
2753 1337 1340 1334 
2754 1371 1376 1374 
2755 1381 1412 1410 
2 2 2 2252
2756 133 1916 1467 
2757 132 1914 1522 
2758 1467 1914 132 
2759 1524 1916 133 
2760 1522 1959 131 
2761 1959 2059 131 
2762 58 2337 2300 
2763 2040 2050 2049 
2764 1963 2449 1744 
2765 1521 2241 1529 
2766 2482 2517 2483 
2767 59 1572 60 
2768 2140 2378 2144 
2769 2402 2435 1794 
2770 10 2333 1558 
2771 2452 2454 2453 
2772 2453 2454 2244 
2773 1561 1562 1451 
2774 1846 1963 1744 
2775 2058 2364 1465 
2776 2369 2398 2368 
2777 1465 2059 2058 
2778 1572 2319 1506 
2779 1551 2358 62 
2780 1594 2487 2485 
2781 1448 1469 61 
2782 2382 2383 2367 
2783 2088 2390 1834 
2784 1554 1557 1556 
2785 2408 2409 1524 
2786 1448 1470 1469 
2787 1962 2201 1846 
2788 1583 1987 1823 
2789 1566 2510 2310 
2790 1558 2207 10 
2791 1582 1822 1814 
2792 1951 2292 2146 
2793 2146 2292 2145 
2794 1608 2247 1548 
2795 2465 2466 2462 
2796 2010 2484 2085 
2797 2084 2495 2489 
2798 2489 2496 2084 
2799 2463 2465 2462 
2800 2482 2483 2052 
2801 1744 2449 1745 
2802 1586 2302 2226 
2803 2367 2368 1462 
2804 1618 2506 2504 
2805 2094 2277 1454 
2806 2504 2507 1618 
2807 1523 2312 7 
2808 1846 2201 1963 
2809 2436 2437 2435 
2810 1585 2106 1452 
2811 1576 2277 2094 
2812 1506 2319 2270 
2813 2504 2506 2503 
2814 1554 1556 1555 
2815 2425 2430 2427 
2816 7 2312 129 
2817 1814 1824 1582 
2818 2427 2430 2065 
2819 1981 2278 2081 
2820 1571 2273 1463 
2821 98 1574 99 
2822 2152 2355 2255 
2823 2018 2482 2052 
2824 2255 2355 1490 
2825 1581 2402 1794 
2826 1847 2262 1845 
2827 2226 2321 1586 
2828 2242 2333 10 
2829 2367 2383 2369 
2830 2477 2479 1999 
2831 2089 2390 2088 
2832 1596 2517 2482 
2833 2106 2286 2257 
2834 1553 2326 1554 
2835 2481 2482 2018 
2836 1465 2364 2363 
2837 1583 2339 1987 
2838 1521 2321 2241 
2839 2106 2257 1452 
2840 2141 2378 2140 
2841 2257 2286 1440 
2842 143 1586 1521 
2843 138 1561 1451 
2844 59 2300 1573 
2845 1562 2307 1563 
2846 100 2303 101 
2847 2322 2403 2321 
2848 1929 2327 2271 
2849 2503 2506 2505 
2850 1468 1553 141 
2851 2284 2301 1668 
2852 2221 2230 1445 
2853 1569 2386 2385 
2854 1579 2317 1557 
2855 1569 2374 136 
2856 1591 2488 1594 
2857 1641 2445 1639 
2858 1468 2326 1553 
2859 1506 2357 1572 
2860 1443 2247 1608 
2861 1565 2515 1672 
2862 1557 1587 1556 
2863 1561 2237 1562 
2864 2085 2484 2074 
2865 1644 1645 1571 
2866 2144 2145 2140 
2867 2081 2278 1700 
2868 2502 2508 2504 
2869 2271 2327 8 
2870 1554 1555 1553 
2871 2228 2260 1980 
2872 1567 2301 2284 
2873 2079 2205 2080 
2874 12 2262 1847 
2875 2288 2289 9 
2876 2301 2445 1641 
2877 2049 2496 2040 
2878 1577 2239 2238 
2879 1676 2311 2272 
2880 142 1468 141 
2881 1980 2260 1949 
2882 2205 2513 2080 
2883 2052 2484 2010 
2884 2476 2479 2477 
2885 2098 2099 1559 
2886 2470 2481 2018 
2887 2485 2487 2486 
2888 2215 2229 1578 
2889 2295 2302 2296 
2890 142 2457 1468 
2891 1953 2271 8 
2892 2229 2230 1578 
2893 1823 2252 1583 
2894 2057 2416 2362 
2895 1556 2453 1647 
2896 1980 2289 2288 
2897 1672 2515 1669 
2898 1834 2390 1839 
2899 2299 2413 1815 
2900 1818 1848 12 
2901 1562 1563 1451 
2902 2398 2400 2368 
2903 143 1521 142 
2904 1603 2236 1613 
2905 12 1847 1818 
2906 1523 2361 2315 
2907 8 2448 1953 
2908 2365 2370 1524 
2909 1607 2438 2436 
2910 1568 2395 2386 
2911 1451 1568 137 
2912 1548 2247 1560 
2913 2308 2310 2306 
2914 1640 2516 2311 
2915 2442 2444 1666 
2916 2177 2355 2169 
2917 136 2374 135 
2918 2375 2385 2384 
2919 2325 2388 1618 
2920 1463 1561 139 
2921 1568 2505 2395 
2922 1525 2328 58 
2923 2442 2515 1565 
2924 1578 2317 1579 
2925 2388 2511 1618 
2926 1672 2309 1565 
2927 2121 2477 1999 
2928 2460 2499 2462 
2929 1607 2439 2438 
2930 60 2500 61 
2931 2272 2311 1570 
2932 1450 2337 2336 
2933 1445 2230 2229 
2934 1846 2262 1962 
2935 2222 2230 2221 
2936 2362 2415 2057 
2937 2387 2501 2394 
2938 1745 2449 1934 
2939 1666 2515 2442 
2940 2474 2481 2470 
2941 1596 2481 2474 
2942 1934 2406 1745 
2943 1453 2513 2205 
2944 1556 1559 1555 
2945 1463 2273 1561 
2946 2474 2491 2468 
2947 2470 2491 2474 
2948 1582 2252 1823 
2949 2318 2340 1939 
2950 1584 2358 1551 
2951 140 1463 139 
2952 1814 2184 1824 
2953 1824 2184 1809 
2954 1820 2199 9 
2955 1462 2365 134 
2956 2244 2454 2291 
2957 1845 2262 1846 
2958 1441 2304 1560 
2959 2429 2430 2421 
2960 2441 2444 2442 
2961 1710 2310 2308 
2962 1520 2264 1616 
2963 1450 2413 2299 
2964 2239 2457 1529 
2965 1952 2340 2318 
2966 1573 2319 59 
2967 2236 2263 1619 
2968 1817 2316 9 
2969 1570 2273 2272 
2970 11 2034 2033 
2971 1560 2407 1441 
2972 11 2035 2034 
2973 2361 2415 2362 
2974 13 2275 1799 
2975 1577 2338 1579 
2976 1613 2414 1603 
2977 1786 1848 1827 
2978 1490 2355 2177 
2979 2236 2405 2263 
2980 2347 2445 2443 
2981 9 2346 1817 
2982 56 1580 57 
2983 57 1525 58 
2984 2468 2494 2471 
2985 1594 2488 2487 
2986 2397 2398 2369 
2987 1827 1848 1818 
2988 1519 2205 2079 
2989 141 1553 140 
2990 1819 2299 1815 
2991 10 2282 2078 
2992 2471 2493 2467 
2993 1453 2323 2093 
2994 1573 2300 2299 
2995 1930 2269 2266 
2996 1553 2354 140 
2997 1568 2401 137 
2998 138 1451 137 
2999 1788 2440 1789 
3000 2093 2513 1453 
3001 2291 2454 2245 
3002 2264 2411 1616 
3003 2508 2509 1837 
3004 2199 2288 9 
3005 1448 1471 1470 
3006 1470 1527 1469 
3007 2363 2415 2361 
3008 2078 2450 10 
3009 2331 2332 1526 
3010 2483 2484 2052 
3011 1567 2444 2443 
3012 1567 2445 2301 
3013 2462 2466 2461 
3014 2065 2430 2429 
3015 1554 1579 1557 
3016 135 1462 134 
3017 1837 2509 1836 
3018 2259 2261 1851 
3019 2330 2336 2328 
3020 1816 2336 2330 
3021 13 2447 2275 
3022 1812 2339 2254 
3023 1441 2277 1576 
3024 2336 2413 1450 
3025 1669 2515 1666 
3026 139 1561 138 
3027 1556 1647 1559 
3028 1449 1589 1588 
3029 2020 2192 2035 
3030 1968 2267 2248 
3031 2035 2192 2034 
3032 2362 2417 2315 
3033 2169 2280 2177 
3034 2443 2444 2441 
3035 1521 2457 142 
3036 1449 1588 128 
3037 1565 2309 2308 
3038 1449 1590 1589 
3039 1839 2388 2325 
3040 2073 2495 2084 
3041 1557 2276 1587 
3042 2279 2283 2031 
3043 140 2354 1463 
3044 2484 2485 2074 
3045 2230 2317 1578 
3046 1576 2304 1441 
3047 2459 2461 1607 
3048 2371 2451 2370 
3049 2439 2440 1788 
3050 2473 2517 1596 
3051 7 2360 1523 
3052 1848 1849 12 
3053 2478 2480 2467 
3054 2369 2383 2380 
3055 2424 2426 2314 
3056 53 1609 1447 
3057 2207 2282 10 
3058 101 2303 145 
3059 1848 2240 1849 
3060 1465 2361 2360 
3061 129 1449 128 
3062 56 2253 1580 
3063 1786 2240 1848 
3064 57 2252 1525 
3065 2290 2356 1954 
3066 2250 2252 1582 
3067 2375 2384 2381 
3068 2266 2269 1895 
3069 1809 2249 1824 
3070 1616 1617 1615 
3071 2057 2415 2364 
3072 1446 1612 121 
3073 1789 2466 2465 
3074 2460 2461 2459 
3075 2308 2309 1710 
3076 2135 2399 2137 
3077 122 1614 1446 
3078 1591 1594 1593 
3079 1614 1615 1446 
3080 1590 1591 1589 
3081 1614 1616 1615 
3082 1926 2261 2259 
3083 2384 2385 2377 
3084 53 1447 54 
3085 2033 2248 11 
3086 2251 2252 2250 
3087 1442 2358 1584 
3088 2081 2346 1981 
3089 130 2360 7 
3090 1819 2270 1573 
3091 2364 2415 2363 
3092 1615 2243 1446 
3093 1471 1472 1470 
3094 1527 1551 1469 
3095 1559 2268 2098 
3096 2240 2259 1849 
3097 55 1611 1460 
3098 127 1588 1464 
3099 1594 2517 1593 
3100 2508 2510 2509 
3101 1447 1611 54 
3102 2322 2334 2219 
3103 2226 2334 2322 
3104 122 1446 121 
3105 2486 2487 2073 
3106 128 1588 127 
3107 1612 1613 1461 
3108 1789 2465 1983 
3109 1592 2231 1617 
3110 2443 2445 1567 
3111 2428 2429 2421 
3112 1563 2503 1568 
3113 1466 1609 52 
3114 2035 2235 2020 
3115 1607 2435 2434 
3116 1617 2232 1592 
3117 2248 2267 11 
3118 1520 1616 1614 
3119 120 1612 1461 
3120 52 1609 53 
3121 2254 2297 1812 
3122 1849 1850 12 
3123 1612 2243 1613 
3124 1520 1614 123 
3125 1983 2465 1984 
3126 1987 2339 1812 
3127 121 1612 120 
3128 123 1614 122 
3129 1589 2232 1588 
3130 1613 2236 1461 
3131 2505 2506 1618 
3132 2296 2302 1586 
3133 1588 2232 1464 
3134 1471 1473 1472 
3135 1527 1552 1551 
3136 127 1464 126 
3137 120 1461 119 
3138 1461 1619 119 
3139 13 1715 1714 
3140 1559 2099 1555 
3141 54 1611 55 
3142 2197 2429 2096 
3143 1849 1851 1850 
3144 51 1466 52 
3145 1592 2232 1589 
3146 1595 1604 1598 
3147 124 1520 123 
3148 119 1619 118 
3149 1522 2356 2290 
3150 1552 1584 1551 
3151 1471 1506 1473 
3152 1473 1474 1472 
3153 2472 2492 2469 
3154 2084 2496 2049 
3155 13 1716 1715 
3156 1851 1852 1850 
3157 1552 1610 1584 
3158 1474 1476 1472 
3159 1473 1475 1474 
3160 2161 2201 2200 
3161 1716 1717 1715 
3162 13 1799 1716 
3163 1852 1962 1850 
3164 1851 1853 1852 
3165 1474 1477 1476 
3166 1716 1718 1717 
3167 1717 1820 1715 
3168 1853 1854 1852 
3169 2210 2216 2209 
3170 1477 1478 1476 
3171 1718 1719 1717 
3172 1853 1855 1854 
3173 1810 2184 2181 
3174 1809 2184 1810 
3175 1477 1479 1478 
3176 1478 1504 1476 
3177 1718 1720 1719 
3178 2026 2195 2194 
3179 1853 1862 1855 
3180 1855 1856 1854 
3181 2187 2189 1884 
3182 1479 1480 1478 
3183 1477 1490 1479 
3184 1718 1741 1720 
3185 1720 1721 1719 
3186 2186 2188 2149 
3187 1862 1880 1855 
3188 1856 1857 1854 
3189 1479 1481 1480 
3190 1741 1742 1720 
3191 1721 1722 1719 
3192 1856 1858 1857 
3193 1862 1881 1880 
3194 1481 1482 1480 
3195 1721 1723 1722 
3196 1741 1746 1742 
3197 1881 1889 1880 
3198 1858 1859 1857 
3199 1482 1483 1480 
3200 2200 2201 1962 
3201 1970 2373 1875 
3202 1741 1748 1746 
3203 1723 1724 1722 
3204 1746 1747 1742 
3205 1721 1736 1723 
3206 1482 2171 1485 
3207 1481 2171 1482 
3208 1971 2373 1970 
3209 1881 1890 1889 
3210 1858 1860 1859 
3211 1889 1919 1880 
3212 1875 2373 1877 
3213 1482 1484 1483 
3214 1723 1725 1724 
3215 1746 1750 1747 
3216 1724 1749 1722 
3217 2119 2158 2155 
3218 1726 2157 1724 
3219 1860 1861 1859 
3220 1881 1930 1890 
3221 1858 1864 1860 
3222 1889 1927 1919 
3223 1482 1485 1484 
3224 1750 1751 1747 
3225 1725 1726 1724 
3226 1487 2153 1484 
3227 1484 2153 1483 
3228 1861 1882 1859 
3229 1930 1931 1890 
3230 1864 1865 1860 
3231 1927 1929 1919 
3232 1724 2157 1749 
3233 1485 1486 1484 
3234 1725 1727 1726 
3235 1751 1752 1747 
3236 1931 1992 1890 
3237 1861 1883 1882 
3238 1864 1866 1865 
3239 1486 1487 1484 
3240 1486 2148 1564 
3241 1725 1735 1727 
3242 1751 1753 1752 
3243 1727 1728 1726 
3244 1883 1893 1882 
3245 1866 1867 1865 
3246 1861 1891 1883 
3247 1931 1993 1992 
3248 1864 1884 1866 
3249 1485 2148 1486 
3250 1866 2127 1868 
3251 1883 2128 1893 
3252 1486 1488 1487 
3253 1728 1730 1726 
3254 1751 1754 1753 
3255 1753 1800 1752 
3256 1727 1729 1728 
3257 1728 2124 1731 
3258 1891 1892 1883 
3259 1866 1868 1867 
3260 1993 1994 1992 
3261 1931 2031 1993 
3262 1893 1921 1882 
3263 1684 2118 2109 
3264 1488 1489 1487 
3265 1486 1564 1488 
3266 1754 1755 1753 
3267 1728 1731 1730 
3268 1800 1801 1752 
3269 1884 2127 1866 
3270 1993 1995 1994 
3271 1994 2022 1992 
3272 1893 1932 1921 
3273 1868 1869 1867 
3274 2131 2135 2134 
3275 2124 2126 1757 
3276 1966 2113 2111 
3277 1996 2112 1994 
3278 1940 2134 1943 
3279 1729 2124 1728 
3280 1489 1491 1487 
3281 2134 2135 1943 
3282 1731 1732 1730 
3283 1800 1802 1801 
3284 1754 1756 1755 
3285 1489 2108 1493 
3286 1488 2108 1489 
3287 1937 2134 1940 
3288 1995 1996 1994 
3289 1932 1963 1921 
3290 1868 1870 1869 
3291 1893 1933 1932 
3292 1869 1871 1867 
3293 1869 2107 1872 
3294 1489 1492 1491 
3295 1802 1803 1801 
3296 2135 2136 1943 
3297 1731 1733 1732 
3298 1756 1815 1755 
3299 1994 2112 2022 
3300 1869 1872 1871 
3301 1868 1887 1870 
3302 1933 1934 1932 
3303 1995 1997 1996 
3304 1642 1643 1547 
3305 1546 1646 1549 
3306 1643 1646 1547 
3307 1547 1675 1642 
3308 1547 1646 1546 
3309 2135 2137 2136 
3310 1642 1675 1673 
3311 2097 2100 1641 
3312 1933 1935 1934 
3313 1731 1737 1733 
3314 2136 2138 1943 
3315 1489 1493 1492 
3316 1673 1675 1542 
3317 1643 1647 1646 
3318 1898 1899 1888 
3319 1620 1648 1542 
3320 1802 1804 1803 
3321 1887 1888 1870 
3322 2017 2023 2000 
3323 1756 1819 1815 
3324 1492 1505 1491 
3325 2069 2080 2070 
3326 1737 1738 1733 
3327 1872 1873 1871 
3328 1505 1513 1512 
3329 1632 1644 1637 
3330 1875 1876 1873 
3331 1885 1923 1886 
3332 1648 1673 1542 
3333 1539 1620 1542 
3334 1624 1648 1621 
3335 2076 2082 2077 
3336 1759 1761 1760 
3337 1778 1840 1787 
3338 1793 1794 1792 
3339 1798 2066 2062 
3340 1743 1744 1738 
3341 1845 1846 1744 
3342 1983 1984 1774 
3343 1785 1798 1780 
3344 1997 1998 1996 
3345 1493 1496 1495 
3346 1518 2080 2069 
3347 1548 1560 1545 
3348 1660 1671 1655 
3349 1656 1659 1658 
3350 1661 1669 1663 
3351 1670 2083 2075 
3352 1691 1692 1690 
3353 2144 2376 2143 
3354 1804 1807 1806 
3355 1976 2033 2024 
3356 1621 1648 1620 
3357 1634 1674 1630 
3358 1642 1673 1634 
3359 1493 1494 1492 
3360 1498 1651 1501 
3361 1698 1832 1690 
3362 1714 1817 1703 
3363 1831 2060 1826 
3364 1815 1816 1755 
3365 1920 2051 1908 
3366 1976 1977 1975 
3367 2032 2068 2027 
3368 2041 2043 2042 
3369 2072 2073 2047 
3370 1496 1651 1495 
3371 1499 1649 1497 
3372 1518 2069 1507 
3373 1508 1517 1516 
3374 1530 2078 1516 
3375 1534 1536 1535 
3376 1539 1541 1540 
3377 1544 1546 1545 
3378 1546 1549 1548 
3379 1622 1677 1627 
3380 1624 1674 1648 
3381 1657 1682 1681 
3382 1657 1825 1682 
3383 1680 1710 1659 
3384 1661 1663 1662 
3385 1670 2075 1662 
3386 1663 1665 1664 
3387 1685 1829 1683 
3388 1689 1831 1691 
3389 1692 1698 1690 
3390 1704 1705 1695 
3391 1696 1699 1697 
3392 1696 1702 1699 
3393 1702 1703 1699 
3394 1705 1707 1706 
3395 2002 2004 2003 
3396 2008 2009 2007 
3397 2013 2038 2015 
3398 2037 2085 2019 
3399 2019 2039 2038 
3400 2038 2071 2041 
3401 2045 2049 2046 
3402 2087 2088 2086 
3403 2087 2089 2088 
3404 2053 2068 2032 
3405 2056 2057 2055 
3406 2011 2475 2472 
3407 1505 1514 1513 
3408 1503 1507 1502 
3409 1532 2077 1677 
3410 1661 1662 1660 
3411 1705 1706 1695 
3412 1915 1970 1879 
3413 1541 1544 1543 
3414 1651 1671 1501 
3415 1539 1542 1541 
3416 1663 1666 1665 
3417 1876 2090 1873 
3418 1733 1734 1732 
3419 1872 1874 1873 
3420 1874 1970 1875 
3421 1885 1886 1879 
3422 1885 1972 1924 
3423 1496 1653 1652 
3424 1503 2083 1509 
3425 1517 1530 1516 
3426 1546 1548 1545 
3427 1661 1672 1669 
3428 1663 1669 1666 
3429 1995 1999 1997 
3430 1758 1845 1743 
3431 1759 2061 1761 
3432 1762 1818 1760 
3433 1761 1772 1763 
3434 1764 1827 1762 
3435 1763 1840 1765 
3436 1766 1767 1764 
3437 1765 1778 1777 
3438 1768 1769 1767 
3439 1770 1771 1769 
3440 1769 1982 1786 
3441 1781 1983 1773 
3442 1774 1863 1775 
3443 1925 1982 1775 
3444 1776 2062 1782 
3445 1780 1842 1777 
3446 1778 1783 1779 
3447 1779 1986 1784 
3448 1788 1789 1781 
3449 1782 1791 1790 
3450 1784 1812 1811 
3451 1844 2066 1785 
3452 2062 2066 1791 
3453 1796 1814 1795 
3454 1795 1822 1797 
3455 1806 1808 1805 
3456 1809 1810 1808 
3457 1986 1987 1812 
3458 1863 1895 1894 
3459 1985 2122 1896 
3460 1756 1821 1819 
3461 1734 1739 1732 
3462 1626 1674 1624 
3463 1629 1676 1635 
3464 1630 1674 1626 
3465 1628 1676 1629 
3466 2003 2036 2001 
3467 2005 2037 2019 
3468 2017 2030 2023 
3469 2043 2047 2045 
3470 2071 2072 2047 
3471 1997 2479 2067 
3472 2001 2017 2000 
3473 2005 2012 2003 
3474 2010 2037 2007 
3475 2021 2475 2008 
3476 2013 2014 2012 
3477 2029 2095 2032 
3478 2045 2084 2049 
3479 1998 2067 2002 
3480 2041 2071 2043 
3481 2063 2064 2048 
3482 1734 1740 1739 
3483 1505 1512 1491 
3484 1495 1498 1497 
3485 1500 1503 1502 
3486 1531 1534 1533 
3487 1537 1620 1536 
3488 1537 1678 1622 
3489 1632 1637 1633 
3490 1652 1671 1651 
3491 1654 1825 1657 
3492 1656 1658 1655 
3493 1658 1661 1660 
3494 1711 1988 1681 
3495 1682 1684 1683 
3496 1686 1695 1687 
3497 1690 1832 1688 
3498 1694 1833 1692 
3499 1701 2086 1697 
3500 1833 1835 1698 
3501 1826 2060 1706 
3502 1834 1838 1833 
3503 2142 2145 2144 
3504 1667 2082 1664 
3505 2044 2063 2048 
3506 1804 1806 1805 
3507 1887 1922 1897 
3508 1989 1990 1965 
3509 2033 2034 2024 
3510 1900 1966 1899 
3511 1902 1903 1900 
3512 1901 1965 1964 
3513 1902 1964 1906 
3514 1904 1905 1903 
3515 1905 1912 1911 
3516 1906 1920 1908 
3517 1909 1917 1907 
3518 1913 1973 1967 
3519 1918 1974 1956 
3520 1964 1968 1920 
3521 1957 1959 1955 
3522 1958 2053 1961 
3523 1965 1969 1968 
3524 1976 2024 1977 
3525 2027 2068 1977 
3526 1978 2068 2053 
3527 2029 2032 2027 
3528 1898 1989 1901 
3529 1903 1966 1900 
3530 1907 1973 1904 
3531 1905 1973 1913 
3532 1910 1976 1975 
3533 1913 1914 1912 
3534 1918 1954 1917 
3535 1956 1978 1958 
3536 2055 2058 1961 
3537 2054 2095 2056 
3538 1908 2051 1910 
3539 1990 1991 1969 
3540 1498 1499 1497 
3541 1497 1649 1510 
3542 1500 1502 1499 
3543 1516 2078 1518 
3544 1531 1533 1530 
3545 1653 1825 1654 
3546 1654 1657 1656 
3547 1656 1680 1659 
3548 1665 1667 1664 
3549 1682 1683 1681 
3550 1684 1685 1683 
3551 1683 1829 1711 
3552 1687 1689 1688 
3553 1689 1691 1690 
3554 1691 1693 1692 
3555 1696 1831 1702 
3556 1699 1700 1697 
3557 1702 1826 1713 
3558 2002 2003 2001 
3559 2008 2475 2011 
3560 2010 2085 2037 
3561 2021 2476 2475 
3562 2043 2044 2042 
3563 2063 2065 2064 
3564 1511 1649 1499 
3565 1501 2083 1500 
3566 1665 1668 1667 
3567 2077 2082 1667 
3568 1698 1836 1832 
3569 1713 1826 1712 
3570 1887 1897 1888 
3571 1897 1989 1898 
3572 1922 1953 1897 
3573 1898 1901 1900 
3574 1901 1964 1902 
3575 1902 1906 1904 
3576 1905 1911 1903 
3577 1917 1973 1907 
3578 1908 1910 1909 
3579 1910 1975 1974 
3580 1912 1928 1911 
3581 1954 1967 1917 
3582 1918 1956 1955 
3583 1956 1958 1957 
3584 1974 1978 1956 
3585 1958 1961 1960 
3586 1978 2053 1958 
3587 1965 1968 1964 
3588 1975 2068 1978 
3589 1976 2051 2033 
3590 2024 2025 1977 
3591 2006 2007 2004 
3592 2011 2018 2009 
3593 2015 2041 2026 
3594 2025 2028 2027 
3595 2047 2084 2045 
3596 1649 1650 1510 
3597 1648 1674 1673 
3598 1712 1826 1706 
3599 1832 1836 1830 
3600 1901 1989 1965 
3601 1902 1904 1903 
3602 1906 1964 1920 
3603 1958 1960 1957 
3604 1961 2058 1960 
3605 2054 2055 1961 
3606 1975 1978 1974 
3607 2028 2029 2027 
3608 2142 2146 2145 
3609 1879 1970 1874 
3610 1875 1877 1876 
3611 1878 1972 1885 
3612 1915 1971 1970 
3613 1936 1937 1935 
3614 1942 1945 1944 
3615 1945 1947 1946 
3616 1870 2107 1869 
3617 1940 1941 1939 
3618 1942 1944 1941 
3619 1945 1946 1944 
3620 1945 2138 1948 
3621 1947 1950 1946 
3622 1946 1979 1949 
3623 1950 1981 1979 
3624 2005 2019 2013 
3625 2006 2067 2021 
3626 2009 2052 2010 
3627 2014 2020 2012 
3628 2043 2045 2044 
3629 1734 1952 1740 
3630 1874 1875 1873 
3631 1886 1915 1879 
3632 1885 1924 1923 
3633 1677 2077 1679 
3634 1997 2067 1998 
3635 1761 1762 1760 
3636 1775 1982 1771 
3637 1797 1986 1783 
3638 1791 2066 1793 
3639 1798 2062 1843 
3640 1517 2076 1532 
3641 1534 1678 1537 
3642 1536 1538 1535 
3643 1537 1622 1621 
3644 1677 1679 1627 
3645 1632 1633 1630 
3646 1673 1674 1634 
3647 1636 1643 1642 
3648 1655 1671 1652 
3649 1657 1681 1680 
3650 1696 1697 1693 
3651 1701 2146 2087 
3652 1737 1743 1738 
3653 1743 1845 1744 
3654 1757 1758 1743 
3655 1761 2061 1772 
3656 1763 1764 1762 
3657 1762 1827 1818 
3658 1765 1766 1764 
3659 1765 1840 1778 
3660 1766 1768 1767 
3661 1777 1842 1766 
3662 1786 1827 1767 
3663 1768 1770 1769 
3664 1772 1841 1828 
3665 1773 1983 1774 
3666 1776 1781 1773 
3667 1774 1984 1863 
3668 1779 1780 1777 
3669 1784 1785 1780 
3670 1782 1788 1781 
3671 1782 2062 1791 
3672 1784 1986 1812 
3673 1785 2066 1798 
3674 1811 1844 1785 
3675 1787 1796 1795 
3676 1863 1896 1895 
3677 1984 1985 1896 
3678 1933 1936 1935 
3679 1936 1938 1937 
3680 1985 2123 2122 
3681 1940 1943 1942 
3682 1942 2138 1945 
3683 1946 1949 1944 
3684 1945 1948 1947 
3685 1950 1979 1946 
3686 1979 1980 1949 
3687 1514 1528 1513 
3688 1495 1651 1498 
3689 1496 1652 1651 
3690 1502 1511 1499 
3691 1516 1518 1507 
3692 1509 2082 2076 
3693 2069 2070 1511 
3694 1531 1678 1534 
3695 2076 2077 1532 
3696 1538 1550 1535 
3697 1536 1620 1539 
3698 1537 1621 1620 
3699 1622 1623 1621 
3700 1622 1678 1677 
3701 1623 1625 1624 
3702 1625 1628 1626 
3703 1631 1638 1628 
3704 1629 1635 1632 
3705 1657 1680 1656 
3706 1664 1670 1662 
3707 1681 1988 1680 
3708 1687 1688 1685 
3709 1691 1831 1696 
3710 1693 1694 1692 
3711 1697 2086 1693 
3712 1694 1834 1833 
3713 2086 2088 1694 
3714 1829 1830 1711 
3715 1834 1839 1838 
3716 1872 1878 1874 
3717 1876 2091 2090 
3718 1878 1885 1879 
3719 1787 1840 1828 
3720 1791 1793 1792 
3721 1798 1843 1842 
3722 1804 1805 1803 
3723 1513 1515 1512 
3724 1625 2097 1631 
3725 1638 1676 1628 
3726 1629 1632 1630 
3727 1635 1644 1632 
3728 1538 2094 1550 
3729 1541 1543 1540 
3730 1658 1660 1655 
3731 1660 2075 1671 
3732 1695 2060 1687 
3733 1835 1836 1698 
3734 1703 2081 1699 
3735 1549 2244 1608 
3736 1631 2097 1641 
3737 1737 1757 1743 
3738 1744 1745 1738 
3739 1757 1759 1758 
3740 1818 1847 1760 
3741 1761 1763 1762 
3742 1763 1765 1764 
3743 1772 1840 1763 
3744 1767 1827 1764 
3745 1765 1777 1766 
3746 1766 1842 1768 
3747 1769 1786 1767 
3748 1768 1843 1770 
3749 1771 1982 1769 
3750 1774 1775 1771 
3751 1772 2061 1841 
3752 1863 1894 1775 
3753 1776 1782 1781 
3754 1843 2062 1776 
3755 1778 1779 1777 
3756 1779 1784 1780 
3757 1783 1986 1779 
3758 1798 1842 1780 
3759 1789 1983 1781 
3760 1782 1790 1788 
3761 1795 1797 1783 
3762 1784 1811 1785 
3763 1787 1828 1796 
3764 1791 1792 1790 
3765 1793 2066 1844 
3766 1814 1822 1795 
3767 1822 1823 1797 
3768 1797 1987 1986 
3769 1863 1984 1896 
3770 1514 1585 1528 
3771 1493 1495 1494 
3772 1498 1500 1499 
3773 1671 2075 1501 
3774 2075 2083 1501 
3775 1503 1508 1507 
3776 1509 2083 1670 
3777 1517 1531 1530 
3778 1532 1678 1531 
3779 1536 1539 1538 
3780 1631 1639 1638 
3781 1659 1672 1658 
3782 1684 1686 1685 
3783 1702 1831 1826 
3784 2007 2037 2004 
3785 2038 2041 2015 
3786 2039 2071 2038 
3787 2087 2146 2142 
3788 2376 2377 2143 
3789 1999 2479 1997 
3790 1497 1510 1494 
3791 1498 1501 1500 
3792 1507 2069 1502 
3793 1503 1509 1508 
3794 1517 1532 1531 
3795 1534 1537 1536 
3796 1653 1654 1652 
3797 1654 1656 1655 
3798 1658 1672 1661 
3799 1683 1711 1681 
3800 1686 1704 1695 
3801 1689 1690 1688 
3802 1688 1832 1829 
3803 1692 1833 1698 
3804 1706 2060 1695 
3805 1700 1701 1697 
3806 1701 2087 2086 
3807 1702 1713 1703 
3808 1705 1708 1707 
3809 1806 1809 1808 
3810 1833 1838 1835 
3811 1894 1926 1925 
3812 1760 1847 1758 
3813 1770 1843 1776 
3814 1773 1774 1771 
3815 1787 1795 1783 
3816 2032 2054 2053 
3817 2054 2056 2055 
3818 2002 2067 2006 
3819 2004 2005 2003 
3820 2005 2013 2012 
3821 2006 2021 2008 
3822 2009 2010 2007 
3823 2018 2052 2009 
3824 2011 2472 2470 
3825 2020 2036 2012 
3826 2013 2015 2014 
3827 2019 2038 2013 
3828 2043 2071 2047 
3829 2049 2050 2046 
3830 2073 2084 2047 
3831 1509 2076 1508 
3832 1897 1898 1888 
3833 1953 1989 1897 
3834 1898 1900 1899 
3835 1901 1902 1900 
3836 1911 1966 1903 
3837 1904 1973 1905 
3838 1906 1907 1904 
3839 1905 1913 1912 
3840 1906 1908 1907 
3841 1908 1909 1907 
3842 1910 1974 1909 
3843 1909 1918 1917 
3844 1909 1974 1918 
3845 1910 2051 1976 
3846 1967 1973 1917 
3847 1918 1955 1954 
3848 1953 1990 1989 
3849 1956 1957 1955 
3850 2053 2054 1961 
3851 1965 1990 1969 
3852 2025 2027 1977 
3853 2032 2095 2054 
3854 1502 2069 1511 
3855 1508 1516 1507 
3856 1534 1535 1533 
3857 1544 1545 1543 
3858 1549 1608 1548 
3859 1622 1627 1623 
3860 1649 2092 1650 
3861 1663 1664 1662 
3862 1668 1679 1667 
3863 1693 2086 1694 
3864 1694 2088 1834 
3865 1829 1832 1830 
3866 1937 1940 1939 
3867 1940 1942 1941 
3868 1943 2138 1942 
3869 1947 1951 1950 
3870 2001 2036 2017 
3871 1937 1939 1935 
3872 1998 2002 2001 
3873 2012 2036 2003 
3874 2004 2037 2005 
3875 2039 2072 2071 
3876 1500 2083 1503 
3877 2078 2079 1518 
3878 1543 1576 1540 
3879 1544 1547 1546 
3880 1633 1636 1634 
3881 1662 2075 1660 
3882 1679 2077 1667 
3883 1689 2060 1831 
3884 1817 2081 1703 
3885 2070 2093 2092 
3886 2142 2143 2089 
3887 1664 2082 1670 
3888 1759 1760 1758 
3889 1758 1847 1845 
3890 1842 1843 1768 
3891 1770 1773 1771 
3892 1828 1840 1772 
3893 1894 1925 1775 
3894 1778 1787 1783 
3895 1823 1987 1797 
3896 1873 2090 1871 
3897 1495 1497 1494 
3898 1539 1540 1538 
3899 1625 1631 1628 
3900 1629 1630 1626 
3901 1680 1988 1710 
3902 1686 1687 1685 
3903 1707 1712 1706 
3904 2087 2142 2089 
3905 2142 2144 2143 
3906 1623 1624 1621 
3907 1625 1626 1624 
3908 1628 1629 1626 
3909 1654 1655 1652 
3910 1688 1829 1685 
3911 1687 2060 1689 
3912 1691 1696 1693 
3913 1699 2081 1700 
3914 1713 1714 1703 
3915 1708 1709 1707 
3916 1835 1837 1836 
3917 1511 2092 1649 
3918 1540 2094 1538 
3919 1878 1879 1874 
3920 1886 1916 1915 
3921 1670 2082 1509 
3922 2070 2092 1511 
3923 1542 1675 1541 
3924 1544 1675 1547 
3925 2067 2479 2021 
3926 1639 1640 1638 
3927 1977 2068 1975 
3928 1998 2001 2000 
3929 1508 2076 1517 
3930 1998 2000 1996 
3931 2002 2006 2004 
3932 2006 2008 2007 
3933 2008 2011 2009 
3934 2011 2470 2018 
3935 2015 2016 2014 
3936 2019 2085 2039 
3937 2046 2063 2044 
3938 2044 2048 2042 
3939 2039 2074 2072 
3940 1631 1641 1639 
3941 2015 2026 2016 
3942 2041 2042 2026 
3943 2039 2085 2074 
3944 2045 2046 2044 
3945 1677 1678 1532 
3946 2058 2059 1960 
3947 1636 1642 1634 
3948 1635 1645 1644 
3949 2079 2080 1518 
3950 1633 2098 1636 
3951 1541 1675 1544 
3952 1633 1634 1630 
3953 1627 2100 2097 
3954 2138 2139 1948 
3955 1738 2101 1733 
3956 2139 2141 2140 
3957 1576 2094 1540 
3958 2139 2140 1948 
3959 1733 2101 1734 
3960 1623 2097 1625 
3961 1770 1776 1773 
3962 2095 2096 2056 
3963 1494 2102 1492 
3964 1492 2102 1505 
3965 2136 2139 2138 
3966 1505 2102 1514 
3967 1637 2099 2098 
3968 1745 2101 1738 
3969 2021 2479 2476 
3970 1627 2097 1623 
3971 1637 2098 1633 
3972 1679 2100 1627 
3973 1668 2100 1679 
3974 1734 2101 1952 
3975 1510 2102 1494 
3976 2102 2103 1514 
3977 1510 2103 2102 
3978 1514 2103 1585 
3979 1650 2103 1510 
3980 1867 2119 1865 
3981 1872 2107 1878 
3982 1754 2104 1756 
3983 1732 2105 1730 
3984 1756 2104 1821 
3985 2111 2113 1924 
3986 1739 2105 1732 
3987 1938 2134 1937 
3988 1493 2108 1496 
3989 2109 2118 1564 
3990 1686 2109 1704 
3991 1878 2107 1972 
3992 2117 2118 1825 
3993 2103 2106 1585 
3994 1650 2106 2103 
3995 2130 2133 2132 
3996 1899 2110 1888 
3997 1496 2108 1653 
3998 1684 2109 1686 
3999 1899 2111 2110 
4000 1911 2113 1966 
4001 2000 2112 1996 
4002 1888 2110 1870 
4003 1966 2111 1899 
4004 2107 2110 1972 
4005 1870 2110 2107 
4006 1924 2115 1923 
4007 2110 2111 1972 
4008 1972 2111 1924 
4009 2023 2112 2000 
4010 1928 2113 1911 
4011 2131 2134 1938 
4012 2130 2132 2131 
4013 2113 2115 1924 
4014 2061 2114 1841 
4015 1653 2117 1825 
4016 1682 2118 1684 
4017 1564 2118 2117 
4018 2031 2120 1993 
4019 1928 2115 2113 
4020 1871 2119 1867 
4021 1564 2117 1488 
4022 1993 2120 1995 
4023 1750 2151 1751 
4024 1488 2117 2108 
4025 1753 2125 1800 
4026 2112 2116 2022 
4027 2023 2116 2112 
4028 2120 2121 1999 
4029 1731 2124 1737 
4030 1729 2126 2124 
4031 2129 2147 2130 
4032 1755 2125 1753 
4033 2108 2117 1653 
4034 1892 2128 1883 
4035 1825 2118 1682 
4036 1757 2126 1759 
4037 2090 2119 1871 
4038 1995 2120 1999 
4039 2061 2126 2114 
4040 2114 2126 1729 
4041 2130 2131 1938 
4042 1816 2125 1755 
4043 1737 2124 1757 
4044 1759 2126 2061 
4045 1868 2127 1887 
4046 1893 2128 1933 
4047 1892 2147 2129 
4048 2130 2147 2133 
4049 1564 2148 2109 
4050 1887 2127 1922 
4051 2129 2130 1938 
4052 1933 2128 1936 
4053 2128 2129 1936 
4054 1892 2129 2128 
4055 1936 2129 1938 
4056 1705 2150 1708 
4057 1735 2149 1727 
4058 1727 2149 1729 
4059 1747 2156 1742 
4060 2109 2148 1704 
4061 1729 2149 2114 
4062 1485 2150 2148 
4063 2148 2150 1704 
4064 1751 2151 1754 
4065 1704 2150 1705 
4066 1750 2152 2151 
4067 1859 2161 1857 
4068 1754 2151 2104 
4069 2133 2164 2132 
4070 1491 2153 1487 
4071 1856 2173 1858 
4072 2155 2158 1891 
4073 1512 2153 1491 
4074 1512 2154 2153 
4075 2153 2154 1483 
4076 1860 2155 1861 
4077 1515 2154 1512 
4078 1752 2156 1747 
4079 2163 2164 2133 
4080 1730 2157 1726 
4081 1865 2155 1860 
4082 2022 2170 2165 
4083 2119 2155 1865 
4084 1861 2155 1891 
4085 2090 2158 2119 
4086 1801 2156 1752 
4087 2105 2157 1730 
4088 1891 2160 1892 
4089 1882 2161 1859 
4090 2158 2160 1891 
4091 2022 2165 1992 
4092 2091 2158 2090 
4093 1736 2167 1723 
4094 1748 2168 1746 
4095 1890 2165 1889 
4096 2162 2163 2133 
4097 1877 2373 2371 
4098 2165 2170 1927 
4099 1889 2165 1927 
4100 1877 2166 1876 
4101 1723 2167 1725 
4102 1746 2168 1750 
4103 1892 2160 2147 
4104 2091 2160 2158 
4105 1921 2161 1882 
4106 1485 2171 2150 
4107 2091 2162 2160 
4108 2160 2162 2147 
4109 2147 2162 2133 
4110 2157 2159 1749 
4111 2105 2159 2157 
4112 1748 2169 2168 
4113 1992 2165 1890 
4114 1876 2166 2091 
4115 2162 2166 2163 
4116 1725 2167 1735 
4117 1750 2168 2152 
4118 2116 2170 2022 
4119 2091 2166 2162 
4120 2150 2171 1708 
4121 1858 2173 1864 
4122 1481 2172 2171 
4123 2171 2172 1708 
4124 1708 2172 1709 
4125 1877 2371 2174 
4126 1864 2173 1884 
4127 1877 2174 2166 
4128 2166 2174 2163 
4129 1862 2175 1881 
4130 1881 2175 1930 
4131 2154 2185 2182 
4132 1490 2177 1479 
4133 1720 2176 1721 
4134 1810 2188 2186 
4135 1479 2177 1481 
4136 1742 2176 1720 
4137 2156 2176 1742 
4138 1721 2176 1736 
4139 1803 2178 1801 
4140 1805 2180 1803 
4141 1481 2177 2172 
4142 2156 2178 2176 
4143 2176 2178 1736 
4144 1855 2179 1856 
4145 1805 2183 2180 
4146 1841 2181 1828 
4147 1841 2188 2181 
4148 1880 2179 1855 
4149 1478 2182 1504 
4150 1801 2178 2156 
4151 2154 2182 1483 
4152 1808 2183 1805 
4153 1919 2179 1880 
4154 1480 2182 1478 
4155 1929 2189 2187 
4156 1856 2179 2173 
4157 2182 2185 1504 
4158 1803 2180 2178 
4159 1808 2186 2183 
4160 1736 2180 2167 
4161 1828 2181 1796 
4162 2181 2188 1810 
4163 2149 2188 2114 
4164 1810 2186 1808 
4165 2178 2180 1736 
4166 2180 2183 2167 
4167 1919 2187 2179 
4168 2181 2184 1796 
4169 2179 2187 2173 
4170 1483 2182 1480 
4171 2167 2183 1735 
4172 1884 2189 2127 
4173 1796 2184 1814 
4174 2183 2186 1735 
4175 1929 2187 1919 
4176 1515 2185 2154 
4177 1735 2186 2149 
4178 1749 2199 2198 
4179 2173 2187 1884 
4180 2114 2188 1841 
4181 2194 2195 2028 
4182 55 1460 56 
4183 2127 2189 1922 
4184 2023 2190 2116 
4185 2425 2426 2424 
4186 2195 2196 2028 
4187 2212 2214 2213 
4188 2028 2196 2029 
4189 2014 2192 2020 
4190 2030 2190 2023 
4191 1991 2191 1969 
4192 2042 2195 2026 
4193 2024 2193 2025 
4194 2202 2203 1748 
4195 1717 2198 1820 
4196 2193 2194 2025 
4197 2025 2194 2028 
4198 1749 2198 1722 
4199 2190 2191 1991 
4200 1719 2198 1717 
4201 2034 2193 2024 
4202 2095 2197 2096 
4203 2030 2191 2190 
4204 2016 2192 2014 
4205 2198 2199 1820 
4206 2016 2194 2193 
4207 2026 2194 2016 
4208 2422 2425 2424 
4209 2048 2195 2042 
4210 2029 2197 2095 
4211 2048 2196 2195 
4212 2064 2196 2048 
4213 2192 2193 2034 
4214 2016 2193 2192 
4215 1722 2198 1719 
4216 2211 2215 2212 
4217 2212 2213 2210 
4218 1852 2200 1962 
4219 2196 2197 2029 
4220 2159 2199 1749 
4221 2064 2197 2196 
4222 2161 2200 1857 
4223 1854 2200 1852 
4224 1921 2201 2161 
4225 1799 2202 1716 
4226 1741 2202 1748 
4227 1716 2202 1718 
4228 1799 2203 2202 
4229 1857 2200 1854 
4230 2063 2427 2065 
4231 2050 2427 2046 
4232 2422 2424 2423 
4233 1963 2201 1921 
4234 1440 2286 2093 
4235 1718 2202 1741 
4236 2211 2212 2210 
4237 2422 2423 2420 
4238 1748 2203 2169 
4239 2421 2422 2420 
4240 2046 2427 2063 
4241 2213 2217 2216 
4242 1455 2211 2210 
4243 2353 2478 2477 
4244 97 2295 98 
4245 2379 2382 2381 
4246 2418 2421 2420 
4247 2213 2216 2210 
4248 2105 2228 2159 
4249 1593 2517 1595 
4250 1580 2252 57 
4251 2064 2429 2197 
4252 2122 2283 2279 
4253 2209 2216 1456 
4254 2217 2234 2216 
4255 1561 2273 2237 
4256 2312 2313 1590 
4257 84 2206 85 
4258 70 2205 71 
4259 72 2207 73 
4260 63 1442 64 
4261 65 1452 66 
4262 67 1440 68 
4263 69 1453 70 
4264 71 1519 72 
4265 73 1558 74 
4266 75 1454 76 
4267 77 1441 78 
4268 80 1443 81 
4269 83 1444 84 
4270 86 1445 87 
4271 88 1455 89 
4272 90 1456 91 
4273 92 1457 93 
4274 94 1458 95 
4275 96 1459 97 
4276 64 2204 65 
4277 85 2221 86 
4278 89 2209 90 
4279 82 2220 83 
4280 91 2218 92 
4281 74 2223 75 
4282 81 2208 82 
4283 87 2224 88 
4284 93 2225 94 
4285 95 2227 96 
4286 1739 2228 2105 
4287 1586 2321 1521 
4288 1598 1602 1601 
4289 1563 1568 1451 
4290 1836 2509 1830 
4291 2370 2451 2372 
4292 2065 2429 2064 
4293 1849 2259 1851 
4294 1618 2507 2258 
4295 2227 2302 1459 
4296 2225 2226 1458 
4297 2208 2245 2220 
4298 1455 2210 2209 
4299 2218 2219 1457 
4300 2206 2222 2221 
4301 1591 1593 1592 
4302 2353 2477 2121 
4303 1984 2465 1985 
4304 2379 2381 2378 
4305 2141 2380 2379 
4306 2224 2229 2211 
4307 1445 2229 2224 
4308 2211 2229 2215 
4309 2418 2420 2419 
4310 2020 2235 2036 
4311 2017 2235 2030 
4312 1591 1592 1589 
4313 1444 2206 84 
4314 94 2225 1458 
4315 96 2227 1459 
4316 1442 2204 64 
4317 65 2204 1452 
4318 92 2218 1457 
4319 2206 2221 85 
4320 1455 2209 89 
4321 2208 2220 82 
4322 1519 2207 72 
4323 1558 2223 74 
4324 71 2205 1519 
4325 73 2207 1558 
4326 86 2221 1445 
4327 90 2209 1456 
4328 1456 2218 91 
4329 1453 2205 70 
4330 75 2223 1454 
4331 83 2220 1444 
4332 1445 2224 87 
4333 88 2224 1455 
4334 1443 2208 81 
4335 1457 2225 93 
4336 1458 2227 95 
4337 1455 2224 2211 
4338 1446 2243 1612 
4339 2503 2505 1568 
4340 2235 2256 2030 
4341 2206 2233 2222 
4342 2245 2246 2220 
4343 1790 2439 1788 
4344 2215 2238 2212 
4345 11 2256 2035 
4346 1526 2512 2125 
4347 1982 2240 1786 
4348 2216 2234 1456 
4349 1595 1598 1597 
4350 129 2312 1449 
4351 1535 2242 1533 
4352 2218 2234 2219 
4353 1444 2246 2233 
4354 1444 2233 2206 
4355 2220 2246 1444 
4356 2336 2337 2328 
4357 2378 2381 2376 
4358 1599 1600 1597 
4359 2243 2414 1613 
4360 1456 2234 2218 
4361 2253 2254 1583 
4362 1581 2254 2253 
4363 1598 1601 1599 
4364 1666 2444 2284 
4365 2238 2239 2214 
4366 79 2247 80 
4367 2452 2453 1556 
4368 2051 2248 2033 
4369 1968 2248 1920 
4370 1806 2249 1809 
4371 1593 2231 1592 
4372 2036 2235 2017 
4373 1598 1604 1602 
4374 1477 2255 1490 
4375 1475 2255 1474 
4376 1461 2236 1619 
4377 2035 2256 2235 
4378 2175 2261 1926 
4379 1584 2359 1442 
4380 1600 2231 1597 
4381 2164 2400 2132 
4382 1598 1599 1597 
4383 1838 2258 1835 
4384 1601 1603 1599 
4385 2212 2238 2214 
4386 1595 1597 1593 
4387 1862 2261 2175 
4388 1851 2261 1853 
4389 2217 2241 2234 
4390 2350 2518 1988 
4391 1597 2231 1593 
4392 1925 2240 1982 
4393 1739 2260 2228 
4394 1962 2262 1850 
4395 2137 2399 2398 
4396 1600 2414 2243 
4397 1550 2242 1535 
4398 2131 2399 2135 
4399 2417 2419 2315 
4400 1807 2250 2249 
4401 126 2264 125 
4402 50 2263 51 
4403 1452 2257 66 
4404 67 2257 1440 
4405 2352 2353 2121 
4406 2093 2323 1440 
4407 2219 2403 2322 
4408 2141 2379 2378 
4409 1572 2500 60 
4410 1470 2274 1527 
4411 2116 2265 2170 
4412 1991 2265 2190 
4413 1604 1605 1602 
4414 2234 2241 2219 
4415 1460 2253 56 
4416 2418 2419 2417 
4417 1930 2266 1931 
4418 80 2247 1443 
4419 1969 2267 1968 
4420 1925 2259 2240 
4421 1804 2332 1807 
4422 2331 2344 2329 
4423 1526 2344 2331 
4424 2175 2269 1930 
4425 1920 2248 2051 
4426 1926 2269 2175 
4427 1807 2249 1806 
4428 2416 2428 2418 
4429 2453 2456 1647 
4430 2244 2456 2453 
4431 1474 2255 1477 
4432 1643 2268 1647 
4433 2098 2268 1636 
4434 1894 2269 1926 
4435 1571 2354 1555 
4436 1922 2271 1953 
4437 1929 2271 2189 
4438 1676 2272 1635 
4439 137 2401 136 
4440 2030 2256 2191 
4441 2391 2393 2377 
4442 2380 2383 2379 
4443 1504 2274 1476 
4444 2144 2378 2376 
4445 2284 2444 1567 
4446 2137 2397 2392 
4447 2488 2490 2040 
4448 1709 2275 1707 
4449 66 2257 67 
4450 1573 2299 1819 
4451 1604 1606 1605 
4452 1850 2262 12 
4453 1472 2274 1470 
4454 2265 2327 2170 
4455 2332 2410 1807 
4456 1835 2258 1837 
4457 1926 2259 1925 
4458 2509 2510 1566 
4459 1740 2260 1739 
4460 9 2316 1820 
4461 1853 2261 1862 
4462 1608 2291 1443 
4463 2353 2480 2478 
4464 2330 2335 1816 
4465 1991 2448 2265 
4466 2329 2344 2330 
4467 1609 2287 1447 
4468 11 2267 2256 
4469 1523 2313 2312 
4470 2463 2464 2123 
4471 1985 2465 2463 
4472 2372 2451 1971 
4473 136 2401 1569 
4474 2440 2466 1789 
4475 1529 2345 2214 
4476 1950 2278 1981 
4477 1896 2279 1895 
4478 2057 2433 2416 
4479 2376 2384 2377 
4480 1454 2277 76 
4481 77 2277 1441 
4482 1464 2264 126 
4483 51 2263 1466 
4484 2132 2399 2131 
4485 2256 2267 2191 
4486 2467 2493 2478 
4487 1915 2409 1971 
4488 2177 2280 2172 
4489 144 2296 143 
4490 1506 2270 1821 
4491 2031 2283 2120 
4492 1839 2325 1838 
4493 2089 2393 2390 
4494 1665 2284 1668 
4495 1529 2457 1521 
4496 2228 2288 2159 
4497 2093 2286 2092 
4498 1650 2286 2106 
4499 2332 2512 1526 
4500 2251 2410 2331 
4501 1980 2288 2228 
4502 1452 2412 1585 
4503 2272 2273 1645 
4504 2263 2405 1466 
4505 2390 2391 2389 
4506 1979 2289 1980 
4507 1821 2343 1506 
4508 1985 2463 2123 
4509 1955 2290 1954 
4510 1515 2324 1610 
4511 2190 2265 2116 
4512 1566 2518 2350 
4513 2145 2292 2140 
4514 1931 2266 2031 
4515 2244 2291 1608 
4516 2380 2397 2369 
4517 1459 2295 97 
4518 1710 2309 1659 
4519 2191 2267 1969 
4520 2331 2410 2332 
4521 2265 2448 8 
4522 2132 2400 2399 
4523 2399 2400 2398 
4524 1947 2292 1951 
4525 2140 2292 1948 
4526 2104 2446 1475 
4527 1802 2332 1804 
4528 1949 2294 1944 
4529 1466 2293 1609 
4530 8 2327 2265 
4531 1637 2298 2099 
4532 2242 2450 1533 
4533 1668 2301 2100 
4534 2096 2429 2428 
4535 1447 2281 1611 
4536 1543 2304 1576 
4537 1560 2304 1545 
4538 2072 2486 2073 
4539 1443 2291 2208 
4540 118 2348 3 
4541 1638 2311 1676 
4542 1812 2297 1811 
4543 3 2348 50 
4544 1839 2390 2389 
4545 2469 2494 2472 
4546 1715 2316 1714 
4547 1714 2316 1817 
4548 1577 1579 1554 
4549 2137 2392 2136 
4550 2139 2392 2141 
4551 1636 2268 1643 
4552 1895 2269 1894 
4553 2377 2393 2143 
4554 2141 2392 2380 
4555 1821 2270 1819 
4556 2189 2271 1922 
4557 1635 2272 1645 
4558 1513 2324 1515 
4559 2475 2492 2472 
4560 2185 2305 1504 
4561 79 2407 2247 
4562 2469 2498 2493 
4563 1927 2327 1929 
4564 2423 2432 2420 
4565 2313 2432 2423 
4566 1640 2347 2237 
4567 2125 2335 1526 
4568 1939 2340 1935 
4569 10 2450 2242 
4570 2422 2430 2425 
4571 1569 2385 2375 
4572 2078 2282 2079 
4573 1714 2447 13 
4574 6 2351 124 
4575 125 2351 6 
4576 2214 2345 2213 
4577 1464 2411 2264 
4578 1711 2350 1988 
4579 2168 2355 2152 
4580 1506 2343 1473 
4581 2057 2364 2055 
4582 2070 2513 2093 
4583 2125 2512 1800 
4584 1895 2279 2266 
4585 1476 2274 1472 
4586 1647 2456 1646 
4587 1549 2456 2244 
4588 2056 2433 2057 
4589 1971 2451 2373 
4590 1530 2450 2078 
4591 1934 2449 1932 
4592 1953 2448 1990 
4593 1713 2447 1714 
4594 2151 2446 2104 
4595 2079 2282 1519 
4596 69 2323 1453 
4597 1440 2323 68 
4598 1839 2389 2388 
4599 2219 2334 1457 
4600 2225 2334 2226 
4601 1817 2346 2081 
4602 1707 2275 1712 
4603 63 2358 1442 
4604 2260 2294 1949 
4605 2463 2499 2464 
4606 1441 2407 78 
4607 1740 2318 2294 
4608 2247 2407 1560 
4609 1519 2282 2207 
4610 1447 2287 2281 
4611 1609 2293 2287 
4612 76 2277 77 
4613 2389 2391 2387 
4614 2416 2433 2428 
4615 2233 2276 2222 
4616 1740 2294 2260 
4617 2379 2383 2382 
4618 1471 2357 1506 
4619 135 2374 1462 
4620 1603 2414 1599 
4621 1952 2318 1740 
4622 1951 2278 1950 
4623 1605 2434 2281 
4624 2122 2279 1896 
4625 2462 2499 2463 
4626 1617 2341 1615 
4627 2416 2417 2362 
4628 1611 1813 1460 
4629 2172 2280 1709 
4630 2185 2458 2305 
4631 2203 2280 2169 
4632 1571 2298 1644 
4633 2477 2498 2476 
4634 1574 2296 1575 
4635 1916 2409 1915 
4636 1615 2341 2243 
4637 1616 2411 1617 
4638 2281 2434 1813 
4639 2231 2341 1617 
4640 2416 2418 2417 
4641 1745 2406 2101 
4642 2392 2397 2380 
4643 2350 2509 1566 
4644 2120 2283 2121 
4645 2352 2497 2353 
4646 1666 2284 1665 
4647 2115 2285 1923 
4648 1617 2411 2232 
4649 2092 2286 1650 
4650 2381 2384 2376 
4651 2299 2300 1450 
4652 2391 2396 2387 
4653 2281 2287 1602 
4654 1802 2512 2332 
4655 2174 2366 2164 
4656 1605 2281 1602 
4657 1504 2305 2274 
4658 143 2296 1586 
4659 2159 2288 2199 
4660 1606 2459 1605 
4661 1602 2287 1601 
4662 1981 2289 1979 
4663 2266 2279 2031 
4664 2492 2498 2469 
4665 99 1575 100 
4666 2418 2428 2421 
4667 2275 2447 1712 
4668 1595 2473 1604 
4669 2377 2396 2391 
4670 1475 2343 2104 
4671 2050 2431 2427 
4672 2427 2431 2425 
4673 1959 2290 1955 
4674 2208 2291 2245 
4675 1700 2404 1701 
4676 1610 2458 1515 
4677 1971 2408 2372 
4678 2372 2408 1524 
4679 1578 2338 2215 
4680 2287 2293 1601 
4681 2243 2341 1600 
4682 1815 2413 1816 
4683 2485 2486 2074 
4684 1449 2312 1590 
4685 1659 2309 1672 
4686 2280 2455 1709 
4687 2395 2511 2388 
4688 1611 2281 1813 
4689 1475 2446 2255 
4690 2203 2455 2280 
4691 1948 2292 1947 
4692 2320 2359 2324 
4693 2215 2338 2238 
4694 2115 2342 2285 
4695 2285 2342 1467 
4696 2394 2395 2388 
4697 1944 2294 1941 
4698 2104 2343 1821 
4699 1710 2518 2310 
4700 1644 2298 1637 
4701 1816 2413 2336 
4702 2100 2301 1641 
4703 2478 2498 2477 
4704 1971 2409 2408 
4705 1545 2304 1543 
4706 1527 2305 1552 
4707 2146 2404 1951 
4708 2074 2486 2072 
4709 1515 2458 2185 
4710 2222 2317 2230 
4711 1830 2509 2350 
4712 2137 2398 2397 
4713 1601 2293 1603 
4714 2366 2368 2164 
4715 1595 2517 2473 
4716 2204 2412 1452 
4717 2502 2510 2508 
4718 2294 2318 1941 
4719 2238 2338 1577 
4720 2461 2466 2440 
4721 1640 2311 1638 
4722 1590 2490 1591 
4723 2311 2516 1570 
4724 1820 2316 1715 
4725 1459 2302 2295 
4726 2255 2446 2152 
4727 1604 2473 1606 
4728 2274 2305 1527 
4729 2472 2491 2470 
4730 2310 2518 1566 
4731 1701 2404 2146 
4732 1550 2333 2242 
4733 1816 2335 2125 
4734 2136 2392 2139 
4735 2390 2393 2391 
4736 1941 2318 1939 
4737 1448 2357 1471 
4738 1596 2474 2473 
4739 2473 2474 2468 
4740 2143 2393 2089 
4741 2264 2351 125 
4742 1468 2457 2239 
4743 2283 2352 2121 
4744 1466 2405 2293 
4745 2504 2508 2507 
4746 2507 2508 1837 
4747 1550 2514 2333 
4748 1838 2325 2258 
4749 1528 2324 1513 
4750 1988 2518 1710 
4751 50 2348 2263 
4752 2476 2492 2475 
4753 68 2323 69 
4754 2305 2458 1552 
4755 1442 2320 2204 
4756 2170 2327 1927 
4757 2174 2370 2366 
4758 2385 2396 2377 
4759 1619 2348 118 
4760 1935 2340 1934 
4761 2101 2406 1952 
4762 1473 2343 1475 
4763 1928 2342 2115 
4764 2421 2430 2422 
4765 2213 2345 2217 
4766 124 2351 1520 
4767 1811 2349 1844 
4768 1830 2350 1711 
4769 1558 2333 2223 
4770 2123 2352 2122 
4771 1457 2334 2225 
4772 2425 2431 2426 
4773 2169 2355 2168 
4774 1709 2455 2275 
4775 2251 2329 1525 
4776 1454 2514 2094 
4777 2232 2411 1464 
4778 1610 2359 1584 
4779 1954 2356 1967 
4780 2094 2514 1550 
4781 2278 2404 1700 
4782 98 2295 1574 
4783 2055 2364 2058 
4784 2420 2432 2419 
4785 2314 2490 1590 
4786 1794 2437 1792 
4787 2487 2495 2073 
4788 2123 2497 2352 
4789 2237 2516 1640 
4790 2438 2439 1790 
4791 2437 2438 1792 
4792 2436 2438 2437 
4793 1600 2341 2231 
4794 2096 2433 2056 
4795 2333 2514 2223 
4796 1585 2412 1528 
4797 78 2407 79 
4798 1618 2511 2505 
4799 2320 2324 1528 
4800 1792 2438 1790 
4801 1603 2405 2236 
4802 2289 2346 9 
4803 1463 2354 1571 
4804 2152 2446 2151 
4805 1712 2447 1713 
4806 1990 2448 1991 
4807 1932 2449 1963 
4808 1533 2450 1530 
4809 2373 2451 2371 
4810 1557 2317 2276 
4811 2276 2317 2222 
4812 2258 2325 1618 
4813 2483 2517 1594 
4814 1799 2455 2203 
4815 1646 2456 1549 
4816 1552 2458 1610 
4817 1800 2512 1802 
4818 2080 2513 2070 
4819 1807 2410 2250 
4820 2480 2497 2464 
4821 1555 2354 1553 
4822 1520 2351 2264 
4823 62 2358 63 
4824 1606 2467 2460 
4825 2241 2403 2219 
4826 2263 2348 1619 
4827 1599 2414 1600 
4828 2223 2514 1454 
4829 2270 2319 1573 
4830 144 2303 1575 
4831 2464 2497 2123 
4832 2324 2359 1610 
4833 2493 2498 2478 
4834 2353 2497 2480 
4835 2468 2471 1606 
4836 2428 2433 2096 
4837 1575 2303 100 
4838 2258 2507 1837 
4839 2239 2326 1468 
4840 2306 2307 1565 
4841 2387 2394 2389 
4842 2389 2394 2388 
4843 2330 2344 2335 
4844 2335 2344 1526 
4845 1591 2490 2488 
4846 2394 2501 2395 
4847 2275 2455 1799 
4848 1587 2452 1556 
4849 1813 2435 2402 
4850 1574 1575 99 
4851 2297 2349 1811 
4852 1581 2349 2297 
4853 2122 2352 2283 
4854 1951 2404 2278 
4855 1981 2346 2289 
4856 2293 2405 1603 
4857 1575 2296 144 
4858 1554 2326 1577 
4859 1528 2412 2320 
4860 2320 2412 2204 
4861 2472 2494 2491 
4862 2246 2454 1587 
4863 2502 2503 1563 
4864 1569 2375 2374 
4865 1952 2406 2340 
4866 1462 2374 2367 
4867 2253 2402 1581 
4868 1442 2359 2320 
4869 2491 2494 2468 
4870 2347 2441 1562 
4871 2386 2401 1568 
4872 2250 2410 2251 
4873 1813 2402 1460 
4874 2340 2406 1934 
4875 1569 2401 2386 
4876 2366 2370 2365 
4877 2306 2502 1563 
4878 2307 2442 1565 
4879 2476 2498 2492 
4880 1606 2473 2468 
4881 1606 2471 2467 
4882 1583 2252 1580 
4883 1579 2338 1578 
4884 1448 2500 2357 
4885 2357 2500 1572 
4886 2295 2296 1574 
4887 1580 2253 1583 
4888 1462 2368 2366 
4889 2434 2435 1813 
4890 1577 2326 2239 
4891 2434 2459 1607 
4892 1587 2276 2233 
4893 1525 2329 2328 
4894 2233 2246 1587 
4895 2441 2442 2307 
4896 2360 2361 1523 
4897 2469 2493 2471 
4898 2237 2347 1562 
4899 2471 2494 2469 
4900 1525 2252 2251 
4901 1587 2454 2452 
4902 1606 2460 2459 
4903 1462 2366 2365 
4904 1563 2307 2306 
4905 1460 2402 2253 
4906 1605 2459 2434 
4907 1562 2441 2307 
4908 4 101 145 
4909 145 2303 144 
4910 58 2300 59 
4911 2328 2337 58 
4912 59 2319 1572 
4913 61 1469 62 
4914 61 2500 1448 
4915 1469 1551 62 
4916 131 1465 130 
4917 1465 2360 130 
4918 132 1522 131 
4919 131 2059 1465 
4920 133 1467 132 
4921 134 1524 133 
4922 134 2365 1524 
4923 2300 2337 1450 
4924 2226 2302 1458 
4925 1458 2302 2227 
4926 1465 2363 2361 
4927 1467 2342 1914 
4928 1916 2285 1467 
4929 1914 2356 1522 
4930 1522 2290 1959 
4931 1523 2315 2313 
4932 1524 2409 1916 
4933 2370 2372 1524 
4934 2214 2239 1529 
4935 2241 2345 1529 
4936 1555 2099 1571 
4937 1647 2268 1559 
4938 1565 2308 2306 
4939 1570 2516 2273 
4940 1645 2273 1571 
4941 2099 2298 1571 
4942 1794 2349 1581 
4943 1581 2297 2254 
4944 1582 1823 1822 
4945 1824 2250 1582 
4946 2254 2339 1583 
4947 2313 2314 1590 
4948 1594 2485 2483 
4949 1596 2482 2481 
4950 1607 2436 2435 
4951 1607 2461 2439 
4952 1639 2445 1640 
4953 1640 2445 2347 
4954 1793 1844 1794 
4955 1844 2349 1794 
4956 2435 2437 1794 
4957 2249 2250 1824 
4958 1886 1923 1916 
4959 1914 1928 1912 
4960 1913 1967 1914 
4961 1914 2342 1928 
4962 1967 2356 1914 
4963 1923 2285 1916 
4964 1957 2059 1959 
4965 1960 2059 1957 
4966 2040 2431 2050 
4967 2426 2431 2040 
4968 2040 2490 2426 
4969 2040 2496 2488 
4970 2163 2174 2164 
4971 2368 2400 2164 
4972 2174 2371 2370 
4973 2217 2345 2241 
4974 2226 2322 2321 
4975 2273 2516 2237 
4976 2321 2403 2241 
4977 2245 2454 2246 
4978 2251 2331 2329 
4979 2310 2510 2306 
4980 2306 2510 2502 
4981 2313 2423 2314 
4982 2315 2432 2313 
4983 2423 2424 2314 
4984 2426 2490 2314 
4985 2361 2362 2315 
4986 2419 2432 2315 
4987 2329 2330 2328 
4988 2347 2443 2441 
4989 2367 2369 2368 
4990 2374 2382 2367 
4991 2375 2382 2374 
4992 2381 2382 2375 
4993 2386 2387 2385 
4994 2387 2396 2385 
4995 2386 2501 2387 
4996 2395 2501 2386 
4997 2505 2511 2395 
4998 2439 2461 2440 
4999 2460 2462 2461 
5000 2460 2480 2464 
5001 2464 2499 2460 
5002 2467 2480 2460 
5003 2483 2485 2484 
5004 2488 2489 2487 
5005 2489 2495 2487 
5006 2488 2496 2489 
5007 2502 2504 2503 
$EndElements
