$MeshFormat
4.1 0 8
$EndMeshFormat
$PhysicalNames
7
1 201 "bottom_support"
1 202 "right_bot_support"
1 203 "right_top_support"
1 204 "left_support"
1 205 "loadings"
2 301 "soil_bot"
2 302 "soil_top"
$EndPhysicalNames
$Entities
18 8 2 0
1 0 0 0 0 
2 15 0 0 0 
3 15 4 0 0 
4 5 4 0 0 
5 0 4 0 0 
6 15 8 0 0 
7 12 8 0 0 
8 11.252 6.2098 0 0 
9 10.145 5.2189 0 0 
10 8.6716 4.1979 0 0 
11 11.5 6.5 0 0 
12 11 5.5 0 0 
13 10 5 0 0 
14 9 3.5 0 0 
15 7 3.5 0 0 
16 6 3 0 0 
17 5.5 3 0 0 
18 5 2.5 0 0 
1 -1.000000002804313e-07 -1e-07 -1e-07 15.0000001 1e-07 1e-07 1 201 2 1 -2 
2 14.9999999 -9.999999983634211e-08 -1e-07 15.0000001 4.0000001 1e-07 1 202 2 2 -3 
3 4.9999999 3.9999999 -1e-07 15.0000001 4.0000001 1e-07 0 2 3 -4 
4 -9.999999983634211e-08 3.9999999 -1e-07 5.0000001 4.0000001 1e-07 0 2 4 -5 
5 -1e-07 -9.999999983634211e-08 -1e-07 1e-07 4.0000001 1e-07 1 204 2 5 -1 
6 14.9999999 3.9999999 -1e-07 15.0000001 8.000000099999999 1e-07 1 203 2 3 -6 
7 11.9999999 7.9999999 -1e-07 15.0000001 8.000000099999999 1e-07 1 205 2 6 -7 
8 4.9999999 3.9999999 -1e-07 12.0000001 8.000000099999999 1e-07 0 2 7 -4 
1 -1.000000002804313e-07 -9.999999983634211e-08 -1e-07 15.0000001 4.0000001 1e-07 1 301 5 1 2 3 4 5 
2 4.9999999 3.9999999 -1e-07 15.0000001 8.000000099999999 1e-07 1 302 4 -3 6 7 8 
$EndEntities
$Nodes
28 2721 1 2721
0 1 0 1
1
0 0 0
0 2 0 1
2
15 0 0
0 3 0 1
3
15 4 0
0 4 0 1
4
5 4 0
0 5 0 1
5
0 4 0
0 6 0 1
6
15 8 0
0 7 0 1
7
12 8 0
0 8 0 1
8
11.252 6.2098 0
0 9 0 1
9
10.145 5.2189 0
0 10 0 1
10
8.6716 4.1979 0
0 11 0 1
11
11.5 6.5 0
0 12 0 1
12
11 5.5 0
0 13 0 1
13
10 5 0
0 14 0 1
14
9 3.5 0
0 15 0 1
15
7 3.5 0
0 16 0 1
16
6 3 0
0 17 0 1
17
5.5 3 0
0 18 0 1
18
5 2.5 0
1 1 0 37
19
20
21
22
23
24
25
26
27
28
29
30
31
32
33
34
35
36
37
38
39
40
41
42
43
44
45
46
47
48
49
50
51
52
53
54
55
0.3947368421052632 0 0
0.7894736842105263 0 0
1.184210526315789 0 0
1.578947368421053 0 0
1.973684210526316 0 0
2.368421052631579 0 0
2.763157894736842 0 0
3.157894736842105 0 0
3.552631578947369 0 0
3.947368421052631 0 0
4.342105263157895 0 0
4.736842105263158 0 0
5.13157894736842 0 0
5.526315789473684 0 0
5.921052631578947 0 0
6.315789473684211 0 0
6.710526315789474 0 0
7.105263157894737 0 0
7.5 0 0
7.894736842105263 0 0
8.289473684210526 0 0
8.684210526315789 0 0
9.078947368421051 0 0
9.473684210526315 0 0
9.868421052631579 0 0
10.26315789473684 0 0
10.65789473684211 0 0
11.05263157894737 0 0
11.44736842105263 0 0
11.84210526315789 0 0
12.23684210526316 0 0
12.63157894736842 0 0
13.02631578947368 0 0
13.42105263157895 0 0
13.81578947368421 0 0
14.21052631578947 0 0
14.60526315789474 0 0
1 2 0 9
56
57
58
59
60
61
62
63
64
15 0.4 0
15 0.8 0
15 1.2 0
15 1.6 0
15 2 0
15 2.4 0
15 2.8 0
15 3.2 0
15 3.6 0
1 3 0 55
65
66
67
68
69
70
71
72
73
74
75
76
77
78
79
80
81
82
83
84
85
86
87
88
89
90
91
92
93
94
95
96
97
98
99
100
101
102
103
104
105
106
107
108
109
110
111
112
113
114
115
116
117
118
119
14.60869618521299 4 0
14.21739237042598 4 0
13.82608855563897 4 0
13.43478474085196 4 0
13.04348092606495 4 0
12.65217711127794 4 0
12.26087329649093 4 0
11.86956948170392 4 0
11.47826566691691 4 0
11.0869618521299 4 0
10.69749707207857 4 0
10.37880286082315 4 0
10.15042611393399 4 0
9.987141850835698 4 0
9.771542112199377 4 0
9.673716158502625 4 0
9.575890204805873 4 0
9.478064251109121 4 0
9.380238297412369 4 0
9.282412343715615 4 0
9.184586390018863 4 0
9.086760436322111 4 0
8.988934482625357 4 0
8.891108528928605 4 0
8.793282575231853 4 0
8.695456621535101 4 0
8.597630667838349 4 0
8.499804714141597 4 0
8.401978760444843 4 0
8.304152806748091 4 0
8.206326853051337 4 0
8.108500899354585 4 0
8.010674945657833 4 0
7.912848991961081 4 0
7.815023038264328 4 0
7.717197084567575 4 0
7.619371130870823 4 0
7.521545177174071 4 0
7.423719223477319 4 0
7.325893269780566 4 0
7.228067316083813 4 0
7.130241362387061 4 0
7.032415408690308 4 0
6.934589454993557 4 0
6.836763501296803 4 0
6.738937547600051 4 0
6.641111593903299 4 0
6.543285640206545 4 0
6.445459686509793 4 0
6.347633732813041 4 0
6.249807779116288 4 0
6.151981825419536 4 0
5.889788826907269 4 0
5.678454674098395 4 0
5.382945782585209 4 0
1 4 0 13
120
121
122
123
124
125
126
127
128
129
130
131
132
4.642857142857142 4 0
4.285714285714286 4 0
3.928571428571429 4 0
3.571428571428571 4 0
3.214285714285714 4 0
2.857142857142858 4 0
2.5 4 0
2.142857142857142 4 0
1.785714285714285 4 0
1.428571428571429 4 0
1.071428571428571 4 0
0.7142857142857135 4 0
0.3571428571428577 4 0
1 5 0 9
133
134
135
136
137
138
139
140
141
0 3.6 0
0 3.2 0
0 2.8 0
0 2.4 0
0 2 0
0 1.6 0
0 1.2 0
0 0.7999999999999998 0
0 0.3999999999999999 0
1 6 0 9
142
143
144
145
146
147
148
149
150
15 4.4 0
15 4.8 0
15 5.2 0
15 5.6 0
15 6 0
15 6.4 0
15 6.8 0
15 7.2 0
15 7.6 0
1 7 0 7
151
152
153
154
155
156
157
14.625 8 0
14.25 8 0
13.875 8 0
13.5 8 0
13.125 8 0
12.75 8 0
12.375 8 0
1 8 0 21
158
159
160
161
162
163
164
165
166
167
168
169
170
171
172
173
174
175
176
177
178
11.68181818181818 7.818181818181817 0
11.36363636363636 7.636363636363636 0
11.04545454545454 7.454545454545453 0
10.72727272727272 7.272727272727271 0
10.4090909090909 7.090909090909089 0
10.09090909090909 6.909090909090907 0
9.772727272727268 6.727272727272725 0
9.45454545454545 6.545454545454543 0
9.136363636363633 6.363636363636362 0
8.818181818181813 6.181818181818179 0
8.499999999999995 5.999999999999996 0
8.181818181818176 5.818181818181815 0
7.863636363636358 5.636363636363633 0
7.54545454545454 5.454545454545451 0
7.227272727272721 5.27272727272727 0
6.909090909090904 5.090909090909088 0
6.590909090909085 4.909090909090907 0
6.272727272727268 4.727272727272725 0
5.954545454545451 4.545454545454543 0
5.636363636363634 4.363636363636362 0
5.318181818181817 4.181818181818182 0
2 1 0 1388
179
180
181
182
183
184
185
186
187
188
189
190
191
192
193
194
195
196
197
198
199
200
201
202
203
204
205
206
207
208
209
210
211
212
213
214
215
216
217
218
219
220
221
222
223
224
225
226
227
228
229
230
231
232
233
234
235
236
237
238
239
240
241
242
243
244
245
246
247
248
249
250
251
252
253
254
255
256
257
258
259
260
261
262
263
264
265
266
267
268
269
270
271
272
273
274
275
276
277
278
279
280
281
282
283
284
285
286
287
288
289
290
291
292
293
294
295
296
297
298
299
300
301
302
303
304
305
306
307
308
309
310
311
312
313
314
315
316
317
318
319
320
321
322
323
324
325
326
327
328
329
330
331
332
333
334
335
336
337
338
339
340
341
342
343
344
345
346
347
348
349
350
351
352
353
354
355
356
357
358
359
360
361
362
363
364
365
366
367
368
369
370
371
372
373
374
375
376
377
378
379
380
381
382
383
384
385
386
387
388
389
390
391
392
393
394
395
396
397
398
399
400
401
402
403
404
405
406
407
408
409
410
411
412
413
414
415
416
417
418
419
420
421
422
423
424
425
426
427
428
429
430
431
432
433
434
435
436
437
438
439
440
441
442
443
444
445
446
447
448
449
450
451
452
453
454
455
456
457
458
459
460
461
462
463
464
465
466
467
468
469
470
471
472
473
474
475
476
477
478
479
480
481
482
483
484
485
486
487
488
489
490
491
492
493
494
495
496
497
498
499
500
501
502
503
504
505
506
507
508
509
510
511
512
513
514
515
516
517
518
519
520
521
522
523
524
525
526
527
528
529
530
531
532
533
534
535
536
537
538
539
540
541
542
543
544
545
546
547
548
549
550
551
552
553
554
555
556
557
558
559
560
561
562
563
564
565
566
567
568
569
570
571
572
573
574
575
576
577
578
579
580
581
582
583
584
585
586
587
588
589
590
591
592
593
594
595
596
597
598
599
600
601
602
603
604
605
606
607
608
609
610
611
612
613
614
615
616
617
618
619
620
621
622
623
624
625
626
627
628
629
630
631
632
633
634
635
636
637
638
639
640
641
642
643
644
645
646
647
648
649
650
651
652
653
654
655
656
657
658
659
660
661
662
663
664
665
666
667
668
669
670
671
672
673
674
675
676
677
678
679
680
681
682
683
684
685
686
687
688
689
690
691
692
693
694
695
696
697
698
699
700
701
702
703
704
705
706
707
708
709
710
711
712
713
714
715
716
717
718
719
720
721
722
723
724
725
726
727
728
729
730
731
732
733
734
735
736
737
738
739
740
741
742
743
744
745
746
747
748
749
750
751
752
753
754
755
756
757
758
759
760
761
762
763
764
765
766
767
768
769
770
771
772
773
774
775
776
777
778
779
780
781
782
783
784
785
786
787
788
789
790
791
792
793
794
795
796
797
798
799
800
801
802
803
804
805
806
807
808
809
810
811
812
813
814
815
816
817
818
819
820
821
822
823
824
825
826
827
828
829
830
831
832
833
834
835
836
837
838
839
840
841
842
843
844
845
846
847
848
849
850
851
852
853
854
855
856
857
858
859
860
861
862
863
864
865
866
867
868
869
870
871
872
873
874
875
876
877
878
879
880
881
882
883
884
885
886
887
888
889
890
891
892
893
894
895
896
897
898
899
900
901
902
903
904
905
906
907
908
909
910
911
912
913
914
915
916
917
918
919
920
921
922
923
924
925
926
927
928
929
930
931
932
933
934
935
936
937
938
939
940
941
942
943
944
945
946
947
948
949
950
951
952
953
954
955
956
957
958
959
960
961
962
963
964
965
966
967
968
969
970
971
972
973
974
975
976
977
978
979
980
981
982
983
984
985
986
987
988
989
990
991
992
993
994
995
996
997
998
999
1000
1001
1002
1003
1004
1005
1006
1007
1008
1009
1010
1011
1012
1013
1014
1015
1016
1017
1018
1019
1020
1021
1022
1023
1024
1025
1026
1027
1028
1029
1030
1031
1032
1033
1034
1035
1036
1037
1038
1039
1040
1041
1042
1043
1044
1045
1046
1047
1048
1049
1050
1051
1052
1053
1054
1055
1056
1057
1058
1059
1060
1061
1062
1063
1064
1065
1066
1067
1068
1069
1070
1071
1072
1073
1074
1075
1076
1077
1078
1079
1080
1081
1082
1083
1084
1085
1086
1087
1088
1089
1090
1091
1092
1093
1094
1095
1096
1097
1098
1099
1100
1101
1102
1103
1104
1105
1106
1107
1108
1109
1110
1111
1112
1113
1114
1115
1116
1117
1118
1119
1120
1121
1122
1123
1124
1125
1126
1127
1128
1129
1130
1131
1132
1133
1134
1135
1136
1137
1138
1139
1140
1141
1142
1143
1144
1145
1146
1147
1148
1149
1150
1151
1152
1153
1154
1155
1156
1157
1158
1159
1160
1161
1162
1163
1164
1165
1166
1167
1168
1169
1170
1171
1172
1173
1174
1175
1176
1177
1178
1179
1180
1181
1182
1183
1184
1185
1186
1187
1188
1189
1190
1191
1192
1193
1194
1195
1196
1197
1198
1199
1200
1201
1202
1203
1204
1205
1206
1207
1208
1209
1210
1211
1212
1213
1214
1215
1216
1217
1218
1219
1220
1221
1222
1223
1224
1225
1226
1227
1228
1229
1230
1231
1232
1233
1234
1235
1236
1237
1238
1239
1240
1241
1242
1243
1244
1245
1246
1247
1248
1249
1250
1251
1252
1253
1254
1255
1256
1257
1258
1259
1260
1261
1262
1263
1264
1265
1266
1267
1268
1269
1270
1271
1272
1273
1274
1275
1276
1277
1278
1279
1280
1281
1282
1283
1284
1285
1286
1287
1288
1289
1290
1291
1292
1293
1294
1295
1296
1297
1298
1299
1300
1301
1302
1303
1304
1305
1306
1307
1308
1309
1310
1311
1312
1313
1314
1315
1316
1317
1318
1319
1320
1321
1322
1323
1324
1325
1326
1327
1328
1329
1330
1331
1332
1333
1334
1335
1336
1337
1338
1339
1340
1341
1342
1343
1344
1345
1346
1347
1348
1349
1350
1351
1352
1353
1354
1355
1356
1357
1358
1359
1360
1361
1362
1363
1364
1365
1366
1367
1368
1369
1370
1371
1372
1373
1374
1375
1376
1377
1378
1379
1380
1381
1382
1383
1384
1385
1386
1387
1388
1389
1390
1391
1392
1393
1394
1395
1396
1397
1398
1399
1400
1401
1402
1403
1404
1405
1406
1407
1408
1409
1410
1411
1412
1413
1414
1415
1416
1417
1418
1419
1420
1421
1422
1423
1424
1425
1426
1427
1428
1429
1430
1431
1432
1433
1434
1435
1436
1437
1438
1439
1440
1441
1442
1443
1444
1445
1446
1447
1448
1449
1450
1451
1452
1453
1454
1455
1456
1457
1458
1459
1460
1461
1462
1463
1464
1465
1466
1467
1468
1469
1470
1471
1472
1473
1474
1475
1476
1477
1478
1479
1480
1481
1482
1483
1484
1485
1486
1487
1488
1489
1490
1491
1492
1493
1494
1495
1496
1497
1498
1499
1500
1501
1502
1503
1504
1505
1506
1507
1508
1509
1510
1511
1512
1513
1514
1515
1516
1517
1518
1519
1520
1521
1522
1523
1524
1525
1526
1527
1528
1529
1530
1531
1532
1533
1534
1535
1536
1537
1538
1539
1540
1541
1542
1543
1544
1545
1546
1547
1548
1549
1550
1551
1552
1553
1554
1555
1556
1557
1558
1559
1560
1561
1562
1563
1564
1565
1566
7.911509943301657 3.922901148961602 0
10.35117161949059 3.79830345296494 0
9.708583446846609 3.918415278140895 0
8.333430562599627 3.904390175333499 0
10.06108121066567 0.4119385785313545 0
8.226458684477523 0.3299401262833315 0
3.290631412393385 0.4093909454721156 0
3.418561449288758 3.724567770644195 0
6.395357439668163 3.916938358554585 0
7.55832810143798 3.926941950012234 0
7.015851877225778 0.3964295014339962 0
2.23222765452631 3.634492628941616 0
11.28613500315308 3.696525854374769 0
12.77109980551932 3.649896226234651 0
11.99744362614006 0.361385516148927 0
2.233563161242054 0.3717289789131262 0
5.864390954358877 0.3415638090503508 0
14.65699632342533 1.64089682470996 0
9.404013257319876 3.910165940958592 0
4.485828833865138 0.2867780941895255 0
0.377667876265888 2.338958869954368 0
8.655848176652178 3.895553376404897 0
13.14817472649952 0.335588225665421 0
6.720150109798977 3.91609132877542 0
6.011559970201755 3.841664061162515 0
7.311197389229384 3.921276885505837 0
4.376685340516318 3.684681268651381 0
1.273196718158502 3.582146130490806 0
9.102112714709472 3.905726319796535 0
0.3474012954723165 1.572446489385355 0
1.506705902721506 0.3630696952557644 0
14.64070345411332 2.448705354478605 0
11.06979543236897 0.3369272256907234 0
13.51243500307594 3.646274556201828 0
12.03091778154534 3.661349063820743 0
8.977969598195108 0.3369646698339146 0
8.108368070167048 3.922483801475769 0
6.917716156731637 3.917615182098726 0
7.115251869668111 3.919265550711276 0
7.716922498261134 3.922832556479728 0
8.866690500863431 3.903373233488388 0
14.68548517680586 1.010821109614046 0
5.529992057215916 3.814445638071184 0
0.4202738346868546 3.013215536780546 0
13.89803154395999 0.353159695350749 0
6.217286657501791 3.915333398194317 0
14.64670638847139 3.238296989840599 0
0.3553774340296476 0.7889198583777366 0
0.6555731069495341 3.676562389074863 0
5.795656335573515 3.825626930599284 0
5.185193097192771 3.729623026435952 0
9.792094111446414 3.930459191675409 0
9.733969898180739 3.833190800848365 0
9.631450158268867 3.82929872314015 0
9.734687375280192 3.764596678127382 0
9.654178764945637 3.747804797057714 0
9.677684460768385 3.662985595790131 0
9.566020806286966 3.652225083457049 0
9.579174444356283 3.564795871965779 0
9.586467666765294 3.476580523179515 0
9.481603737298208 3.47263695314833 0
9.48151816193541 3.385468676975348 0
9.58255353994673 3.387440139864813 0
9.566908727189295 3.295432576030199 0
9.672486461941581 3.296378086517871 0
9.655094283287035 3.178198679611873 0
9.782391370082792 3.211007676646857 0
9.710328335931072 3.081310513642907 0
9.57988103010662 3.086466737671707 0
9.636686704761777 3.028889562968932 0
9.541955792984737 3.034965244336244 0
9.566516768931855 2.98156706938498 0
9.689073683254616 2.953484360091458 0
9.600410977713672 2.893739967761493 0
9.382583016732703 3.383670595146838 0
9.470887469696429 3.559535163100456 0
9.805512006377139 3.11188577585091 0
9.683510560958103 3.389689231855136 0
9.870852247448056 3.225834174500926 0
9.92292870363206 3.147550876974827 0
9.818726498702731 3.698800025304968 0
9.883604687722222 3.85799136749363 0
10.06388344042562 3.227746947520266 0
9.501894835543618 3.113147592301653 0
9.481975982539206 3.035598167531595 0
9.410410147384482 3.120698108616659 0
9.395821603230829 3.035813818073241 0
9.315194424564142 3.12577902852071 0
9.300439346171633 3.037887098102511 0
9.297757531082912 2.94985920895708 0
9.193788371120146 2.951568909540982 0
9.196323287298799 2.861003274043228 0
9.196166285933261 3.046616290608762 0
9.085230030427356 2.952833246140135 0
9.064176058526449 3.072705418049524 0
8.980188044396129 2.946637427866215 0
8.9418075291379 3.038898341621092 0
8.886857519035283 2.932425831073143 0
8.842702912060258 3.015095925024248 0
8.810540265779105 2.906579605972218 0
8.844269132615073 2.855027371143938 0
8.743893985848025 2.862789324134738 0
8.683946629078077 2.94100870580563 0
8.811262581720488 2.803656613625614 0
8.994513063526153 2.857341051876607 0
8.888385024457236 3.129018561967204 0
8.7890257516049 3.105008046124134 0
9.123322344967557 3.174113129441493 0
8.837686457176229 3.215795668417782 0
8.741124355383842 3.198543433232494 0
8.804848394710119 3.313246394478742 0
8.704820264625109 3.288003406914782 0
8.752042855649318 3.372083929699023 0
8.687816244179929 3.36853771181935 0
8.608608504400356 3.279538598799279 0
8.597010715694552 3.367037272233916 0
8.508763610533112 3.276570323791852 0
8.496563599326684 3.368673104173701 0
8.40669310160065 3.273866095667313 0
8.388838856766839 3.368659842469317 0
8.299817048790588 3.266307927723536 0
8.610126977922123 2.896330776365112 0
8.27715960717528 3.360287545236493 0
8.173024112534492 3.243485582308675 0
8.16749528047516 3.351696404195518 0
8.076221657091271 3.274724114590941 0
8.094893789578508 3.151430334454576 0
8.06422439355595 3.346177138520327 0
8.508450636580006 3.464405293727113 0
8.044668503011797 3.436542042947458 0
7.942663010603835 3.432854766658779 0
7.960930128690671 3.338850902006358 0
7.841061031705986 3.43064748548793 0
7.854299284144458 3.336771790664646 0
7.740011033220674 3.429463228623117 0
7.749066057613926 3.339758867660497 0
7.743086684515839 3.248269828637387 0
7.641297807299821 3.252609334003947 0
7.721739409776612 3.158837203065282 0
7.646712725843773 3.340465400277799 0
7.540613837150563 3.252796717692731 0
7.546466248011617 3.339718419179908 0
7.442544682054042 3.252449054658173 0
7.447959953765688 3.337938655487107 0
7.35221434938758 3.254150806790079 0
7.420907833849356 3.167049668555407 0
7.438904155503817 3.423399163197828 0
8.699327379623039 3.44622767929287 0
8.252680850746508 3.457089096337038 0
8.4330614522123 3.185111656339503 0
7.342464528165546 3.416340028638933 0
7.417451887979556 3.508798165142107 0
7.819204200858537 3.518315074586338 0
8.019223695493755 3.523938869424169 0
7.317373331206549 3.500006481574847 0
7.271037638190805 3.405417179020984 0
7.395690226477099 3.594324302939757 0
7.497734635704146 3.597634504169258 0
7.29514644255661 3.588204099197588 0
7.819217208346574 3.137445230167635 0
7.779096754756418 3.074207939649148 0
7.931390194851518 3.074249792440461 0
7.8070757011777 3.008699745813356 0
8.527184410369504 2.849887632554129 0
8.575025068734025 2.75372752314843 0
8.496472346051791 2.917428273763097 0
8.428503004675923 2.801764720802356 0
8.422439605259767 2.910786378159677 0
8.295702034070805 2.757211087782796 0
8.476278104203695 2.694315504487348 0
8.312536026786752 2.909435171902185 0
9.295395864444473 2.862992767294378 0
9.289376603753878 2.77840559366206 0
7.487164756261873 3.682035538030328 0
7.588971099255645 3.683863578389442 0
7.60081031432311 3.599875827036645 0
7.689284596118331 3.68530258580693 0
8.88374533803724 3.299329123822307 0
8.778722612932571 3.426774444893173 0
8.730879979662815 3.527864642728215 0
9.549024094548056 3.739484106464992 0
8.118571410727327 3.530872090243149 0
8.092440428922556 3.6141275535973 0
8.182508905334382 3.625814954008669 0
8.166540029472884 3.696864164766568 0
8.225639028934406 3.698887674421684 0
8.080875748221015 3.693539292121695 0
8.256702575874339 3.652706110884823 0
8.313864442012527 3.701999057995961 0
8.376052267625361 3.642138934086257 0
8.432907311497106 3.711836724431517 0
8.501650138685029 3.668678344320425 0
8.53311041006115 3.728309298069859 0
8.673050020934006 3.073588141037106 0
8.548563153025649 2.984558403538436 0
8.351833731936228 3.025642860818364 0
8.195320380265523 2.940483220587478 0
8.100091248027185 3.011137675223465 0
9.495711960647387 2.868686110008651 0
9.63964982073484 2.748306487963184 0
9.823342566971567 3.000054209868935 0
9.978669747327499 2.999297823466234 0
10.19448709387325 3.053764894113448 0
10.32227073984729 2.74290821786456 0
10.56475832155092 2.913296411130324 0
10.68698417743089 2.514997096514078 0
10.18577351706694 2.377951728147659 0
10.53661891572697 2.204510532589893 0
11.01611849244827 2.337649658589159 0
10.88004747635851 2.031724804553618 0
11.25253312702535 2.193611579083973 0
10.01487444232709 2.077989813273686 0
11.22105572341108 1.917319198917956 0
11.58090789513135 1.86868137208037 0
10.72078587726198 1.693104692734419 0
11.57313977253331 1.477132490229591 0
11.94249291229493 1.820948780407421 0
12.0055522376312 2.1706595430227 0
12.25749240858398 2.049843285345341 0
12.26956079790237 1.787274320844706 0
12.58457583707587 1.81852856860341 0
12.46418024574222 2.176277364563048 0
12.93848706810725 1.877655603863054 0
13.38960017556242 1.913927683335095 0
13.28829584826752 2.427936056647924 0
13.32031615264269 1.434229444005959 0
9.698647587027381 2.246953563308713 0
9.785141163738446 1.812218921022433 0
9.477349596031381 2.018688797843133 0
9.497980587948442 1.569408588294583 0
9.180952074112012 1.806500560623896 0
12.9657538211361 1.439140802472294 0
11.17592567409363 2.614837530974428 0
13.74021262735255 2.147605690293849 0
13.64883623485268 2.494946303974018 0
13.2508457089111 2.867717016542721 0
9.827649511345065 1.340271490703597 0
9.177166899048357 1.344093075308367 0
8.837979919618139 1.589299617534395 0
8.937495711332774 2.076196260046377 0
8.473284086374294 1.917162836506723 0
8.490005626103919 1.347020589108935 0
8.120793417820513 1.572411925024 0
7.975437626087897 2.076672153317484 0
7.740122090407352 1.783910513777713 0
7.615445633964479 2.233521791409336 0
7.389991771132336 1.979289577858179 0
7.365245949271917 2.393640188224323 0
7.074884084963583 2.218500367679301 0
7.107824321268896 1.738724141973962 0
6.820684446334983 1.934677475728671 0
6.750825682813558 2.307788241274207 0
6.398562517021637 2.132658246029026 0
6.788421331254493 1.521597356905843 0
7.791380372115482 1.319858157577869 0
13.29194277560542 1.046612531210254 0
13.64333836280513 1.43752155085269 0
7.102078755571551 1.308517926709569 0
9.914979677263165 3.323054867577572 0
9.343079561582254 3.213415056636578 0
9.251540261117267 3.226991106395455 0
9.281667549476589 3.307816274403158 0
9.208341780171907 3.331518758559381 0
9.237097679755527 3.382663981689728 0
6.754365226664084 1.086051880600319 0
6.448646011505053 1.311652869234784 0
6.452560183379024 0.8593061638631483 0
6.127439326394372 1.075338856512442 0
6.132233732006338 1.598081725033864 0
5.824487481223576 1.328639463937757 0
5.753170036586362 1.752933245111439 0
5.392273133616074 1.458266514804396 0
5.356555178695881 1.822220962429109 0
5.442499292182907 1.134037593424374 0
5.087954258001451 1.290941741334968 0
8.130814075759004 2.437881938255273 0
13.60641044438802 2.885136981208992 0
8.815180059861406 3.503551090518092 0
8.771137408827476 3.614484748025836 0
8.85729661004801 3.586803493754607 0
8.813496648369231 3.707012319132995 0
8.906158216424982 3.677263759248357 0
8.716581183603425 3.722222084796944 0
13.96319098510989 2.260225238086743 0
13.87115226682217 1.837046622125219 0
8.491562107372291 3.77554213867124 0
9.146387665266717 3.378286539620423 0
9.207565911053766 3.433407507191241 0
9.096156349902085 3.305817472538425 0
12.88557765941948 2.887516599867951 0
7.493206335268896 3.767294971920509 0
7.390177595566671 3.764228425437992 0
9.462474012320156 2.400364570141666 0
5.196052177055314 0.7826820954470044 0
4.799652202861068 1.02456503394864 0
4.721584138711441 1.436214139185487 0
4.371320769812741 1.438420452833725 0
3.973635149012595 1.335503466196989 0
3.910036996730928 1.74755013665921 0
3.618007637960027 1.579166832052237 0
3.602499693487768 2.004059711669179 0
3.383220676968532 1.729456029959902 0
3.848351894420636 2.288185009511158 0
3.33903842616505 2.232555090581524 0
2.936112433006919 1.979069113872857 0
2.757761704524989 2.282176006215348 0
2.408591595911471 2.07788359219643 0
2.555179399641569 1.740423523521262 0
2.148723361287988 1.952176780826531 0
2.191563544122909 2.360265842647509 0
1.906281030368604 2.122342034730227 0
1.678152489894257 1.852463442001649 0
1.875999500094665 2.702034548488881 0
1.444708975018987 1.568169593817262 0
3.118153701280708 2.502916202022889 0
2.894205918948018 2.789504590137127 0
3.230215318017153 1.427583853582899 0
4.667377382085837 1.823821861421175 0
1.771953928970497 1.320630380173502 0
1.097016037750395 1.767854996705117 0
1.14885026782299 1.23655363757038 0
1.302080429824123 2.060744354403938 0
4.003358529670336 0.9641002631114159 0
2.3352922941611 2.880555965897095 0
1.861155871956002 3.116439596995156 0
1.425801025183162 2.845305955244253 0
3.240199884422247 3.087516899215217 0
2.919110874530906 3.224206929001241 0
3.545333247336479 2.703423320009521 0
10.10675733633912 3.820939441076423 0
1.513457118339018 3.15838358920957 0
1.179501550072496 2.941745308914058 0
8.638788706331161 3.541612883800833 0
7.986778718420944 3.21998354426667 0
7.700954630746014 3.601695184150366 0
7.78863998427039 3.686683959308263 0
7.695404557695374 3.766332148887832 0
7.621470217894714 3.514537740930373 0
8.263478004502129 3.05791409422371 0
9.286578173502487 3.459342991079274 0
9.266080188915153 3.544558254563401 0
6.115582752015859 1.917925568871129 0
5.006995202258395 1.660749907582969 0
4.277310220946883 1.962296626202317 0
5.685573496059986 2.079056183712113 0
9.782020888783515 2.870220605293574 0
13.6335326662974 1.070121549960084 0
12.94003218587329 1.042892431894621 0
12.58529525511164 1.045859128104302 0
12.50757239670625 0.68590976533163 0
12.23267792586 1.068719933315474 0
7.016712673441266 0.8547299906922099 0
13.98815665196204 1.110947202670368 0
1.861305296948464 3.416114028834236 0
10.51490973136108 3.188561984348861 0
10.95160118487181 3.085112964617872 0
10.21262948339737 3.37402953026616 0
8.085721935638933 3.76986919988105 0
7.793802664195387 3.766960303613461 0
7.888119056679349 3.688215337547427 0
7.892642911549628 3.767995574631233 0
0.8636451087157706 2.310434336594841 0
8.250169857168276 3.745078261023248 0
9.15234519089635 3.524284354659825 0
9.152308231846424 3.630681569601268 0
9.247918164282311 3.635071353033507 0
9.231240982053308 3.725744256295543 0
9.133800471400949 3.717617750763002 0
9.334939998857401 3.73039773231245 0
9.318791921040948 3.819332424152747 0
3.625104846867568 3.229546655462071 0
3.808472781829214 2.994016141258554 0
3.873562250104128 3.405476069245505 0
4.276904837700796 3.271137044997052 0
4.256583865505345 2.846388894822541 0
3.955479329826145 2.607055836736134 0
8.984064526738264 3.626179156769633 0
7.397374976903133 3.846409575750183 0
9.816834195642297 2.540416808435563 0
8.56252424840328 3.830863290803828 0
9.02845378053083 3.363879648229839 0
8.74810199129622 3.812013788528404 0
10.01365578338585 3.626923917031011 0
8.890126366107518 3.466131724994125 0
10.6803166862618 3.5586119019229 0
6.274718095178219 0.6069552779991514 0
6.540773632099314 0.5236278106428214 0
8.498029339590294 3.911226211285186 0
14.20889825032562 2.052781651656294 0
5.470576714473255 0.6298149924028671 0
5.021340361336867 0.3943627116574002 0
2.67800461054531 3.070959071050381 0
2.4876489212006 3.34651695225994 0
2.880218240053887 3.588937301717468 0
10.5586296307783 3.783314109637655 0
2.184990540259849 3.188435493140935 0
9.301428367653543 3.909209457924401 0
1.127541969269287 3.224073491272152 0
0.8251814695135895 3.045169488320584 0
0.9057282908248805 3.413383973509532 0
5.68508259688233 3.862056998616807 0
9.424393607961417 3.82220840717829 0
2.53838782364052 2.579470564778759 0
9.606359888302251 3.91432943742759 0
12.84991682485529 3.280722053813207 0
12.52961528783588 2.934074901380715 0
13.20603799910178 3.270852337145552 0
0.3726256526315908 2.705964052368474 0
10.8276667106706 2.791987510629303 0
11.33741881697021 2.915788149102466 0
11.48163265711621 3.246981115997249 0
11.83646867481058 3.086708698423867 0
11.73106196851987 2.730177906337733 0
0.3685409070373495 1.956423398733246 0
1.562406350097824 2.354384669002473 0
12.52432260855227 2.646087341395438 0
0.3486783478295168 1.187183543563782 0
0.727182433360368 0.7883700373253326 0
0.7505950503672274 0.3868961070574639 0
1.115601440071977 0.7724906236887807 0
1.488341004820634 0.724066274189765 0
1.82124689685508 0.691850009017261 0
1.798186779933891 0.9306727942279527 0
2.129796269099415 0.7222705273216263 0
2.437240727434271 0.7949413171716277 0
2.742986185067577 0.8299257495517622 0
2.751533211685127 0.5526504644806471 0
3.040108621047191 0.7954367032990051 0
2.746636620925715 1.294012469759344 0
14.64835527250167 2.845873491646476 0
14.28851220604833 3.263867348684854 0
14.25897382083974 3.635187272881164 0
13.92640801069549 3.27357918518919 0
14.29685642829578 2.879329965620154 0
11.54997287323633 2.315374075408785 0
12.19338232422916 2.546493943930757 0
12.26485439826343 1.435043350344923 0
11.89939658393433 1.105414544984315 0
0.7130865156702297 1.187781462834938 0
2.102385374040407 1.613565479296744 0
14.68145794206783 1.359539817529093 0
14.30641574748991 1.590309202555615 0
14.6667093271855 0.7445675119762425 0
14.3227929282823 0.7335568393643006 0
11.922900542975 1.458825528558811 0
11.58094655482585 1.116424548372239 0
11.58627309849718 0.8649288610969235 0
11.26192401276758 1.06419615374139 0
11.66532477101946 3.652733368555617 0
12.60299465512051 1.434396760524261 0
10.11716014022363 1.593308099111279 0
10.09652713421362 1.094256140415866 0
9.869451622232519 0.9556892926853753 0
10.26074962058183 0.810365153861716 0
10.59729180898679 0.9033690952185989 0
10.67640270780639 0.5928156528990982 0
10.93580905264712 0.9816328753485724 0
3.29608451776813 3.45700202100419 0
12.38416910242784 0.3410800445205935 0
12.39242328698921 3.654597489037065 0
12.14327888229169 3.326050002878853 0
2.986272438239562 1.553000597134234 0
9.24154130745733 2.241928064435502 0
8.797974362371317 2.379915758596225 0
9.082511740194748 2.483089659893945 0
9.5325998206742 1.051342827795433 0
9.611787134320641 0.6887256917064963 0
9.213606160354647 0.9416008858708884 0
8.842313790319874 1.147328378909153 0
8.512550967710897 0.9321506817597731 0
8.904281527451737 0.6836515285331499 0
8.546190510631929 0.6708455865386622 0
10.49442213031142 1.301990953133058 0
8.156051486732382 1.034124307688839 0
7.808151955623075 0.9172387318784749 0
8.479373405222928 2.309683196828563 0
8.507785748506929 2.522065023371117 0
7.73069570457007 2.528885560019964 0
7.447407349261328 2.708124293440916 0
7.331871940346911 3.175358508815175 0
7.387299863182287 3.08108461936418 0
7.296392497156026 3.093590584070005 0
7.257131467370868 3.20000127602379 0
7.215308784566167 3.120318476960339 0
7.139298872961917 3.157819339864942 0
7.092320203438326 3.070681204434217 0
7.013547333388497 3.107272742961162 0
7.170393172124897 3.033361811861134 0
6.965742010069623 3.017974493370406 0
6.927563796307661 3.130957641168986 0
6.880365814993483 3.042135430403373 0
6.835311898880924 3.143083975229716 0
6.919532395609934 2.930338726734591 0
7.699895808222448 3.073333173709402 0
6.881657327756765 3.231416754769874 0
6.786905776436467 3.238997721886896 0
6.740383712962373 3.151071135026488 0
6.694505124578795 3.252305910156134 0
6.647361718361511 3.164198974760748 0
6.604596920363283 3.279081944747533 0
6.655407588828425 3.367536424450114 0
6.502612877692568 3.32421398434337 0
6.555838426579806 3.186783884702054 0
6.600070019861472 3.076197809854861 0
6.580038753256315 3.410734513177014 0
6.472890422386234 3.399267852472685 0
6.511829039588337 3.455783863482991 0
6.437360435186088 3.492428320756089 0
6.404326436216263 3.409106809286189 0
6.355355645776982 3.534429167206978 0
6.288519970521155 3.439888557482656 0
6.218483757018511 3.534900800922947 0
6.169013243981929 3.410854043637941 0
6.130907928107583 3.501579275384384 0
6.076142904430795 3.39093217322476 0
6.182555214067936 3.319326824650354 0
6.038227344532906 3.474437955834111 0
5.99971958568711 3.36077206742721 0
5.951675259854985 3.439334271455878 0
5.854206412315722 3.384433964430593 0
5.806980852438057 3.498005847926778 0
5.73661668500058 3.387817562917402 0
6.636577175145533 3.485023653620594 0
5.711231385790216 3.479224435384248 0
5.635825403868127 3.38322754853653 0
5.744683321360931 3.298119796525474 0
5.61267690912323 3.471359515448639 0
5.536404771444424 3.378943615572005 0
5.513979818823534 3.465697902568744 0
5.445009612174081 3.37515321836863 0
6.567725235646411 3.534192464959255 0
6.702558922366091 3.541831412559643 0
5.419918247344942 3.454865892296202 0
5.382506291809295 3.371981213560642 0
6.282977337628875 3.589250872843898 0
6.837018316425591 2.954902306931171 0
5.934634046828643 3.307021022507242 0
5.447198319441289 3.29372941115097 0
5.360044194855391 3.314442440569524 0
5.284742925346022 3.362561477300517 0
5.231627984508167 3.28629379104253 0
5.320422330160284 3.20982011870944 0
5.164287916084752 3.22965734722481 0
5.208840449550689 3.126072694434732 0
5.132763099616628 3.286826583886207 0
6.091258654836524 3.591098056858529 0
7.345995999824893 2.993110708471032 0
7.446237073646603 2.984330575204535 0
5.678510229521335 3.565096205682689 0
6.732258355991345 3.493355359723 0
6.785589121956015 3.571196119169266 0
5.898667918789058 3.531272127220088 0
7.059608903354758 3.192682784370266 0
6.878592681030013 2.852311987944668 0
6.651524295485054 3.627855664084225 0
6.538980760357708 3.663980925842804 0
5.486197349482188 3.554290521106242 0
5.38258788700654 3.545416071906484 0
6.580885364577124 3.752025557769701 0
6.830186760621388 3.328331314955326 0
6.924310727697203 3.320456569705442 0
5.350744399815976 3.120634165194143 0
5.30272880851976 3.057115378208727 0
5.177347160934944 3.038432832994579 0
5.221894586289423 2.962981255301143 0
5.110622553304701 2.945499072649108 0
5.194345108479823 2.852089468283475 0
5.102250284294533 2.862362888837378 0
5.043881191456052 2.938732744320212 0
5.2815114701515 2.827083983052326 0
5.255036370163682 2.768044593951357 0
5.358948735190469 2.787794252697182 0
5.313317648360961 2.708668129964766 0
5.393636923430922 2.694234904978353 0
5.347145841657785 2.612598812831436 0
5.425354834381724 2.639651113825527 0
5.393112878391545 2.528129310235244 0
5.474090021570756 2.564352260547734 0
5.541570335610752 2.618632739749908 0
5.604365861320863 2.546933618629657 0
5.6623233450171 2.621244389303013 0
5.732551519922767 2.570520368898431 0
5.775812703522066 2.643903431220887 0
5.815327383010976 2.539404386199233 0
5.444572006548781 2.442323096221632 0
5.849502249533861 2.621049301594719 0
5.907873619285013 2.519407610183348 0
5.93927294246579 2.61039747289986 0
6.018114495148363 2.49254822663284 0
6.039532752982341 2.607221902386287 0
5.949177768304502 2.402141894827881 0
6.075666635527241 2.40830458057401 0
5.349775181337878 2.416082202172044 0
5.387424372296601 2.333710963591748 0
5.316610254992533 2.324990293502331 0
5.804280925131243 2.692809996281477 0
5.292913065805111 2.250875928473536 0
5.77691959258507 2.452876634742641 0
5.601729418704673 2.687200651421527 0
5.488668835939476 2.351401197118601 0
5.079999658130316 3.204642670791029 0
5.32963865274802 2.171780644528414 0
5.207031358681869 2.18990559060548 0
5.14621009553537 2.264793556455816 0
5.128797894601044 2.138886922428067 0
5.183428245611257 2.054888850834701 0
5.045146319134491 2.094023871869251 0
4.999368216487806 2.178887603100042 0
4.943217871150225 2.042076499945841 0
4.914189095525086 2.153719695456971 0
5.104357975551018 2.006648357754892 0
4.832019589601031 2.053802551055201 0
4.822873418472541 2.143292526581169 0
4.910786078350567 1.959295446502792 0
4.907252501227901 2.239500335035481 0
4.816310262022183 2.238784962649965 0
4.737638550193108 2.122819105817078 0
4.698609424264555 2.240842252840665 0
4.742312228187559 2.356731330460816 0
4.610142666880941 2.331714786239516 0
4.670197499551328 2.408371832978136 0
4.54762771135987 2.405937218624141 0
4.604113604437352 2.477033406237701 0
4.484126182526605 2.460671531356104 0
4.450546785004615 2.406695209308602 0
4.530699847185163 2.537064235812267 0
4.66679309629561 2.544999529583697 0
4.587554385367824 2.63605333212478 0
4.531884826168605 2.268682945419983 0
4.450404186199737 2.580087718900031 0
5.407247858591511 2.163505420592462 0
5.071104240538187 3.287406146488767 0
4.98519712933306 3.194151277660754 0
5.082198969011865 3.370581145761821 0
5.950093612300434 2.699106914098194 0
6.052656818658732 2.703964119017793 0
6.15191114765696 2.61568938363754 0
5.211729909121194 2.686198812517479 0
5.268875894039713 2.37857692850682 0
4.979055098701413 3.289430330318893 0
4.873858476474874 3.165032601076117 0
4.768418556518256 2.421509829871859 0
5.400982795632792 2.077012838556855 0
5.476188806948991 2.069505485338407 0
6.054386238772193 2.813835939273964 0
6.171704573583916 2.796548164388117 0
6.509950412537328 3.095605726395052 0
6.552841544631899 2.986882840339604 0
6.462018358484492 3.007813399476986 0
6.513172000985439 2.893819318023096 0
6.380693409204543 3.031634444162536 0
6.348119668096869 2.97165377054644 0
6.298628079498046 3.044997891912772 0
4.824103104805944 1.949297079050323 0
4.890466785885213 1.844499047842633 0
6.280692718916089 2.965770357559205 0
6.208047286836365 3.049339878480325 0
6.278367157728901 2.885515670628394 0
5.527315286456161 2.137682132403999 0
5.426755680299151 2.743802740878001 0
6.651309049149757 2.976446409023062 0
5.938416551955192 2.785278560580916 0
6.331507795398169 3.130160224302681 0
4.926364351545795 3.094643008236509 0
4.811787697255637 3.062176125869167 0
4.786659578674525 3.182830567834404 0
4.894674674758517 3.024141580194866 0
4.690734795145692 2.682567945435982 0
4.656924074170613 2.749194400287327 0
5.018487182104646 2.880224939308338 0
4.5794765863559 2.75159799424711 0
4.584184855269791 2.866384386270812 0
4.777765979795986 2.720972544194976 0
4.824657237336406 2.635771058100807 0
4.463606921848877 2.847983635991166 0
4.524671917902591 2.963676673887707 0
4.477618682781154 2.753569141377272 0
5.095769218859552 2.773901690042573 0
4.959231123517066 1.89381016822059 0
4.8560637578663 2.928483919403038 0
5.01844258503952 1.80955189113241 0
5.222339085750351 1.991547192675658 0
5.182379467844001 1.91463095295991 0
7.400250063376811 2.893552085341414 0
7.492556982257295 2.876675011428656 0
7.302397167724682 2.900321214456282 0
6.499744139515716 3.777203238916969 0
6.012792079959645 2.352291893527501 0
6.114121020337385 2.358245008434797 0
6.144133941005164 2.459267230655047 0
6.193790531430842 2.377260252713519 0
6.2444533743175 2.443001463550334 0
6.166945012591913 2.272168920343675 0
6.293721432997411 2.354317783137396 0
5.466618767188134 3.643211893446422 0
6.678904635958335 3.742484411723144 0
6.792170465761023 3.495992336400286 0
6.881779089271935 3.581539817303216 0
6.879369064802533 3.666020231612762 0
6.981084845774778 3.670502319978073 0
7.568218880337119 2.963881141933908 0
7.614645479878 2.897153260028 0
7.575838662782859 2.837902151264216 0
6.452932009024073 3.699144055245664 0
6.373339498905364 3.741788793759629 0
4.979699887650428 2.788445135872257 0
5.013338201700075 2.677921874742612 0
4.744174415072522 2.929961733420967 0
4.670361270976489 3.054818279576081 0
4.823161838686093 1.803960038175035 0
4.872940325945192 1.740704421019003 0
6.538165096705074 3.832701245414756 0
6.108449422296145 2.882619328693599 0
5.348250354804408 3.662036240157287 0
5.386865207511358 3.730458079860094 0
5.26532877338828 3.514117500507012 0
6.887362040464378 3.750799197414914 0
6.98871964716517 3.754099578310439 0
7.083043278453252 3.672465581545068 0
7.08945544490142 3.756245020979669 0
7.18533579896625 3.673818006050144 0
7.189960392227276 3.757948017130874 0
5.410094843017145 1.968381469720134 0
5.509137996073642 2.001025843699658 0
5.564503942748453 3.641678127415714 0
5.470726896361375 1.899562525877821 0
4.387287441146661 2.842248274047651 0
7.359472869431654 2.800132523122636 0
7.260610838499249 2.802330482170837 0
7.044219578478598 2.534217630626102 0
7.31708805781498 2.702461145930888 0
7.371620032016114 2.631148280775846 0
7.490068540741983 2.550021293037064 0
7.520086082183338 2.652176170967578 0
7.087344459001987 3.583493492799963 0
5.40239952197629 2.997144097744968 0
5.427018336422519 3.110402631792605 0
5.527641055541248 3.104927830985217 0
5.614275785828892 3.015253133039922 0
5.630694931877638 3.108395862483133 0
5.712518257055729 3.017839719279466 0
5.687667034229797 2.907937637733689 0
5.732738622781086 3.112578649609164 0
5.805559139587308 2.927591820533545 0
5.541138747628504 3.200902300010936 0
5.737047496202437 2.809953754453412 0
5.603588702307637 2.825758055124068 0
5.440601308697137 2.917163125960877 0
5.823892155621552 2.842911564110276 0
5.898430692284326 2.937596735336945 0
5.526158911816657 2.903102772005281 0
8.080344511604778 2.7667836987393 0
6.730793141897429 2.607879000862458 0
6.525379113039122 2.442254955769167 0
6.309231130481633 2.441318554231133 0
6.388764744561358 2.342584371433021 0
6.300004921312196 2.526516275875049 0
6.397075853720287 2.533318180663264 0
6.383589111738402 2.620912022894881 0
6.477456999192915 2.623959409541309 0
6.378476860990391 2.708101020993899 0
6.47964530512026 2.705074969842612 0
6.544726426973601 2.622314066364198 0
6.593354156151774 2.681848211165298 0
6.273857509384165 2.706931096515895 0
6.941588323666679 2.668973868936379 0
7.233858104328048 2.692019045932909 0
7.165324348311211 2.81686140334444 0
6.996401662232493 2.891398137767366 0
6.945750086819352 2.811168433561652 0
6.850736150552943 2.800199926881993 0
6.645627013403258 2.594922501722293 0
6.709166358716979 2.700605154920813 0
6.664394948344132 2.537907392362933 0
6.700719423424098 2.792091675068733 0
6.805505834093315 2.717236789256714 0
6.835630478695946 2.621838545833563 0
5.291089468320096 1.897294105407092 0
5.200710939680468 1.781721298031077 0
7.46120897456028 2.815958269363142 0
5.546733653127556 1.902232376528445 0
4.364979485556594 2.757864685767594 0
4.292188477543082 2.67681506931401 0
4.252565367253466 2.592424876325999 0
4.333618663353622 2.548038304236729 0
4.23480585499364 2.526065492214935 0
4.288347709068999 2.476976107418529 0
4.181602547556992 2.740817759974902 0
4.342380210216978 2.915136162582461 0
4.438168831581493 2.942274025634561 0
4.495486205409402 3.029165530208837 0
4.152473482231622 2.97286418136802 0
4.223018714516545 2.392960300083045 0
4.307752059456922 2.358743221320669 0
4.598312207551079 3.00209275776052 0
4.537770567869684 3.080054030851328 0
4.604178779970102 3.145061453776178 0
4.67808948037011 3.204706653439017 0
4.629269080791325 3.299480008403437 0
4.537041604390973 3.249180568698717 0
4.605840751966985 3.379217504615087 0
4.710048162856461 3.337685736457522 0
4.787976615861016 3.771144360284895 0
4.667879969624525 3.416985936698136 0
4.730040402637404 3.43991900025732 0
4.62993910766184 3.522350709244792 0
4.777697802289033 3.38833935396469 0
4.830690812960693 3.457298329380988 0
4.905692437421696 3.405323392739882 0
4.931475444372987 3.463521554704523 0
4.886946200569699 3.521711468308506 0
4.964468469469337 3.558764573787762 0
4.912585503256527 3.660913240771728 0
4.99952656010846 3.687543446288592 0
5.05054272967345 3.586359585522799 0
5.137583561423661 3.611363459640137 0
5.088066351564811 3.711975046098752 0
4.991293639099568 3.382840537035818 0
4.858648408121704 3.303609706886614 0
4.410658278644426 2.503030124401375 0
5.168819410681712 3.539062666430885 0
5.103324547117007 3.478858254674329 0
5.205505588910134 3.419112704323866 0
4.739324789917839 3.124514752044255 0
7.437332004854386 1.537756077891908 0
6.491295589972616 2.796955684414967 0
6.190177849186047 2.963607604160022 0
6.114733832358336 3.057770722723835 0
6.144744059759907 3.14486633899355 0
6.053452439909158 3.158583607101872 0
5.930623868360841 3.096455052762688 0
6.081526262926575 3.238523417195685 0
8.584075791101702 3.646989041436164 0
5.341630181671019 3.422679020354443 0
4.915257727223435 2.662612535508517 0
4.955581443387304 2.576964284656646 0
5.047754926068801 2.582486427795092 0
5.062281306787737 2.489602524429282 0
5.045679899287082 2.399143642737413 0
4.953474309824733 2.412879488482963 0
5.024212981168107 2.299082866237987 0
4.903968086843202 2.500119150633287 0
5.148135455740372 2.584886063492458 0
5.131769227420443 2.372173206198685 0
8.845768684182506 3.805234447729499 0
8.980320106333924 3.802962228572712 0
4.873272851948395 2.750911837677511 0
8.45198374623304 3.590305734800758 0
4.830889277371748 2.335677703332445 0
5.119238760016665 1.797844015249069 0
5.256335874968122 1.712577594090719 0
5.075295531548398 1.736966854094657 0
5.144627267413915 1.675600623978022 0
5.074168363065593 1.570216867076228 0
4.914334552837584 1.60492509700352 0
5.23925528416202 1.628767353603134 0
5.203500101516938 1.483441757692932 0
6.384251610328231 2.800781839512233 0
7.192345050460101 3.582529668878763 0
7.084144389045168 3.490198446782677 0
7.058077249371315 3.396846112510676 0
7.152319163414697 3.368478571147657 0
4.474930732585881 2.662730946212327 0
8.305407338661436 3.584173766111474 0
6.170230315108596 3.231722708693767 0
8.614993049691291 3.750542645726716 0
8.676527192663183 3.818505102066853 0
8.381028094242184 3.491811695708752 0
7.353596657466424 3.333995802286546 0
7.252157135044701 3.323052000414583 0
7.288693225625476 3.255915921119508 0
5.817519010375743 3.301731392625294 0
5.858248982400852 3.224289840776184 0
8.146048438877589 3.443651099458666 0
5.104227464345406 3.027331902713234 0
6.791357452497892 2.796340576473696 0
6.804258478595811 2.872547329131379 0
8.216491579155365 3.548770302630857 0
4.742233971787651 2.596828837435491 0
5.53268602409014 2.485573539235078 0
5.617928669158311 2.387187541704857 0
6.282635877758485 3.322840630893039 0
6.396013856000446 2.912434972593099 0
6.077024350246344 2.295499434807049 0
6.12729345366718 2.1494878331214 0
4.767329991066623 2.059129923227017 0
4.66531654107847 2.073810045654616 0
4.729674189990243 2.009744060355604 0
4.598518149084146 2.011294356065053 0
4.549093283098414 2.062322600227446 0
4.522960278341589 1.948855584598802 0
4.456767585192031 2.033060603621038 0
4.388121388906958 1.948902388046527 0
4.432603174741033 1.879856746377062 0
4.592596971876391 1.881676460352797 0
4.741377408442909 1.880356122400717 0
5.760449982932969 3.585130230792281 0
5.72305621710385 3.642678672144049 0
5.841002571156257 3.622209958933505 0
5.944756858099631 3.676676914944489 0
5.854496771442956 3.755929063803656 0
5.974827279552826 3.75204281476372 0
5.931929101017485 3.80183185389368 0
6.046313561788716 3.768733587113427 0
6.066084875664251 3.683476366391994 0
6.163043703100764 3.699916650375984 0
6.15878172333494 3.813367412310782 0
6.249724709870698 3.696174430678447 0
6.274321156961495 3.808255102314546 0
6.17907060919481 3.614391397025477 0
5.996042305172026 2.895954946930872 0
6.784170685432612 3.744550304344713 0
6.421599987440548 3.11615475607971 0
8.756721554213691 2.981995478065219 0
5.717940177047319 2.68988832360956 0
5.644300253864422 3.293799687719336 0
6.091606014285322 3.314419549053862 0
5.297585481154878 2.502967502298643 0
4.483290022956245 2.351513383311619 0
4.445088353017071 2.230626854870406 0
4.409027761610869 2.315295604257851 0
4.362289635691939 2.199025176217091 0
6.385250883708184 3.318947104095113 0
5.684492256284869 2.491215966163853 0
5.75359464835385 2.36054208467407 0
5.949290971838069 2.299838683883662 0
5.62994157967961 2.262030464666968 0
5.755807518900748 2.249070875206894 0
5.715851748471984 2.178980407632118 0
5.807510356283275 2.176814378779353 0
5.64520877332919 2.16581874881903 0
5.597236693119387 2.034762041707759 0
5.76031190402637 1.989025500903036 0
5.660090985073864 1.927177990083256 0
5.838502669199608 2.066482287976908 0
5.915090885250159 2.350442804658377 0
5.513935300912184 2.254103022356035 0
8.849695486298927 3.391970748385885 0
6.788951074957673 3.054857483316117 0
6.536368643242911 1.747869460163372 0
7.620092981910317 3.163378037383982 0
7.210382978149243 2.915456845614912 0
5.405351779835704 2.249184800448066 0
7.518017263765197 3.165078797030834 0
7.186293304460008 3.239294499148889 0
6.461083768257787 3.209886573340705 0
7.124833805667176 2.943727784297036 0
5.830028166411995 0.748708415827684 0
8.543627915109576 3.55962811839191 0
8.67715036470274 3.63261103104195 0
6.264385200691001 3.228173965271628 0
7.255609993270506 3.008513445721916 0
9.169465366112243 3.258944980083482 0
7.701381590739253 2.891354406247329 0
7.6764975664908 2.784784086448819 0
7.602537056839132 2.692532666377355 0
7.59451671554157 3.07163940947435 0
7.077055541734473 2.8506542727799 0
7.120403427971592 2.704954654307861 0
7.487399905678558 3.074675658591307 0
8.365301210940727 3.767511104176442 0
6.694840927682403 3.064723560151099 0
5.994305236360301 3.565998694416375 0
7.519936220251205 3.5120404250081 0
6.747325599624133 2.96732149346873 0
6.778181407668872 3.653791317198404 0
6.618240618454641 2.885833626833481 0
8.917556323086938 3.245293816410547 0
6.265951592384352 2.260756454415142 0
6.359595505880895 2.2487902163592 0
6.336256828950578 2.181905724291394 0
6.454711870759572 2.227260877173882 0
6.288285740667696 2.066041221560541 0
6.260932754176527 2.167454082364115 0
7.388390750578908 3.679309555004431 0
7.2902482739354 3.760294840846646 0
8.441121093690112 3.006857824059384 0
6.739505018479298 3.341703677083533 0
6.701312207802641 3.443315991908074 0
6.488146784247872 3.57683513016701 0
6.405890121066046 3.618130004646179 0
8.975660427626309 3.170717243515638 0
7.697514084610609 2.985256005339047 0
7.836272054657591 2.895129833729623 0
5.871377373468989 2.43243260755324 0
8.916099302019395 3.349238893715238 0
3.565233081274514 1.248343839914335 0
3.665270260607084 0.85711808138681 0
4.023772932218161 0.7036340153118565 0
5.861535661940591 2.694965337823285 0
4.35495943619965 1.020367477849829 0
5.74252725584773 3.20753107077481 0
6.972748372028853 3.216854484263765 0
6.606844572470182 3.832808600356211 0
6.361968385921993 3.222779794435323 0
9.219476150845043 3.142494569674342 0
8.904207621818294 2.855586243589687 0
8.991568752527778 2.766420963794878 0
9.094580005820202 2.76521679620407 0
9.092926749063686 2.859029463207355 0
5.48524078768747 2.688714421424329 0
7.596731786556766 3.767163731266526 0
8.1747322841849 3.764246648119795 0
6.600228651448228 2.79135436009547 0
7.044907902971579 2.980896458889791 0
7.91908617662051 3.520452204680339 0
7.997651130241693 3.608658625487303 0
7.848637261364955 3.233873219451664 0
4.998421815888086 2.998456459899208 0
8.533168124795447 3.185156997992007 0
8.638349588201642 3.186820334957996 0
8.547397631850083 3.090449746569166 0
9.215876066184077 3.815952578823035 0
9.485111672901295 2.958512413912276 0
6.775329400993774 3.422806528660018 0
9.394125663535108 2.951662173581281 0
8.636394262843254 2.997983472435773 0
6.237113119113279 3.138274597600724 0
7.637766243238533 3.427846074778051 0
4.997874168039854 3.102431453212553 0
6.106689079941727 2.517458265216673 0
6.863811703316564 3.414767869111785 0
5.028294026040911 1.950426972064085 0
6.002394242025739 3.26038323449915 0
6.031524332543269 3.311576837892754 0
6.214734751642935 2.503495898263737 0
5.1742853213202 2.765070094497751 0
7.536477095683502 3.425896756718136 0
6.277544675737103 2.798280947303136 0
8.610627661331796 3.45489622238071 0
4.727404951924489 2.471740137232239 0
7.720121433995192 3.516135945412 0
6.281091674293349 2.615979973786062 0
9.086293797995591 3.629600517835073 0
5.543321521120843 3.291526475458133 0
5.438187072461131 3.204914957071776 0
5.586139822929373 3.557823815847847 0
8.448692366575145 3.095977350464227 0
5.285820079101873 2.098431352433165 0
5.086309723706097 1.864377625703071 0
6.163133330675769 2.70650434939563 0
8.977488625285606 3.29631058006728 0
9.043467096942356 3.234375306636259 0
7.800795981247952 3.603242746016324 0
9.439360138259588 3.208487305268432 0
5.09315924461448 3.11504007343806 0
6.181945220503483 2.881824587879879 0
8.37945355022541 3.095540429458168 0
7.900378836179007 3.605310658002634 0
4.578858411025234 2.153281226789662 0
4.943232797069125 2.908845145576291 0
5.852865339990088 2.351789744250906 0
5.115252474022338 2.68140603554123 0
7.990636074012681 3.769168192063516 0
7.988676088991673 3.689964577514812 0
9.049138508812371 3.687984577709516 0
9.114103152281315 3.809573634074098 0
9.031056008593982 3.903605319207113 0
8.331358830971386 3.173303102934553 0
7.205031432495642 3.468076355628389 0
5.868227071730764 2.269526332272632 0
8.22630733800556 3.168997529612363 0
5.296515889154795 1.98684315396603 0
8.177624538495552 3.101460476695318 0
4.393844811240661 2.137031160829037 0
4.271093019691367 2.153053852222219 0
4.234578687804424 2.261336021330243 0
7.288789255907608 3.675611784600582 0
5.655716909787539 3.643075518369737 0
5.641678936984427 3.721354266243783 0
4.463156728467884 2.142218112818203 0
9.392679691007382 2.864579634536324 0
9.483652661957651 2.770012931956779 0
4.722359552406308 2.817833955019373 0
5.905961260563414 2.162558491621614 0
4.918105728234469 2.848191736065417 0
6.717256292490996 2.880006681401011 0
8.045440999735471 3.080171819390666 0
4.641134858943103 2.936698586667729 0
4.847164905484496 2.837076909351439 0
9.380748168765384 2.778148702234702 0
9.351266592779169 2.688930874939586 0
9.287740615679171 2.712440693191655 0
9.195770193347538 2.771835033378745 0
9.216489665843342 2.678570537625283 0
9.099050786932265 2.65711647045786 0
8.853981436034445 2.571615371427086 0
8.670699938044978 2.532305805651411 0
8.760565908629809 2.592260434571973 0
4.937990263264116 3.807186203740294 0
9.74052594629002 3.010666773901562 0
9.538099125018075 3.20002574700791 0
4.993177975282899 3.47029072644036 0
9.781346153937472 3.304517071376736 0
9.29560316843839 3.383062118809256 0
9.351564585629619 3.641606322459625 0
9.464620847526403 3.29685570856474 0
9.368283003971456 3.300176755897654 0
4.744350699338346 3.512279988848802 0
9.379399208528476 3.467827889727515 0
9.367217131197052 3.553579767477594 0
7.457596162746284 1.111596796623127 0
9.688216577759482 3.479540251956252 0
9.785689980381427 3.480135953148968 0
7.453316037438761 0.6685374525886405 0
9.457489328172485 3.646960244919868 0
9.441774668793524 3.734669192797797 0
4.756625620428324 3.252836623594176 0
9.688036336697142 3.572028103584038 0
5.25128733349646 2.596386229375876 0
12.81414233945787 2.407162707760497 0
13.52025157061958 0.3448521538685256 0
11.1226381686509 1.471519530996812 0
5.07643389942983 2.217521166705626 0
13.64837644911431 1.715016000723488 0
5.16119242313583 3.340839245972145 0
5.812785331074727 3.016448683409234 0
0.9694912456254592 1.536657913755826 0
10.35032970010103 1.887175797380479 0
12.17653696113018 2.98379646597084 0
11.53933082212483 0.4378494988369965 0
8.769721320771524 3.903612758506652 0
7.464004212308259 0.3413919992732568 0
7.849958969841165 0.3320163623056125 0
9.356567842506855 0.3420792975992812 0
9.725188628438243 0.3566904486412383 0
1.85430928047371 3.696229251890932 0
5.20721385814578 2.320384057254264 0
10.85843479539325 1.240159576766916 0
1.624483094399685 3.702796468559034 0
1.225180235495212 2.581166438112242 0
8.008589065430941 3.923178092445829 0
7.016750953137899 3.918435080067632 0
6.818944421039151 3.916822103684997 0
7.812741230348741 3.922734151510861 0
7.623372686068391 3.924992587858067 0
7.21373108499337 3.92013826784368 0
6.307804574588115 3.911832877346251 0
8.209030203526597 3.917152500723202 0
8.186323390504255 0.6583992683513211 0
6.328230587454127 3.662919550495908 0
9.528667081558282 3.825602188130985 0
0.9910524228940032 2.81348784322616 0
13.56456781111193 3.271081305494234 0
5.89159281832135 1.914293265322359 0
12.76489512473851 0.3356373571354136 0
5.181661141707298 2.465702952938718 0
4.850178384707567 2.439168436519284 0
5.640594300033539 3.202398062988109 0
13.23225791845518 0.6869624878906366 0
4.871407432596056 2.55577538041782 0
4.795034441397011 2.519337614447874 0
5.546357819010625 1.789833651570941 0
5.47496000682973 1.685054035166502 0
5.398173811060541 1.771591032473437 0
5.358260426081973 1.625940698302493 0
4.973911000166563 2.237334939099703 0
4.92541664021657 2.324337027317717 0
9.504676612803163 3.91235641793873 0
3.57309100987086 2.396318830016356 0
5.103581787598062 2.31330229881274 0
4.117908817246803 3.57791627291675 0
0.3265975933780716 3.405300777453351 0
13.9501490132645 2.892185805075749 0
6.734135297621594 0.6602667272655365 0
3.738929400111796 0.463516624690026 0
7.016469833162188 3.304558594235786 0
4.489116831048218 3.424894121469546 0
4.954574743610195 1.73567877090579 0
6.725036011441691 2.51410169339019 0
6.613642325111409 2.502282550584665 0
6.845115297577685 2.489928302070828 0
5.832835088649704 3.110065405762501 0
10.701922884372 0.2985998169657578 0
9.080998753694494 3.438998797341787 0
6.402751451643033 2.439932789043064 0
6.485723263570305 2.326861062921403 0
5.232322325443905 3.632003486239396 0
5.146744635583708 3.828177573933149 0
5.24656756775755 3.842128892028265 0
5.026262255732098 3.832988385285153 0
5.211361885808706 3.901685396048761 0
9.32535755691733 2.571723059697931 0
9.50831153041317 2.623924029166475 0
9.448532040974914 2.695373834005023 0
6.095322208390413 3.88184045322402 0
6.985030999750732 3.583787392437119 0
9.200729158632152 3.907587661129938 0
14.26822179264247 0.3639496498577344 0
5.540736018856922 2.754306511238084 0
3.67697116689056 3.614510443357816 0
6.053129428994724 3.929905290139207 0
5.151593606345964 3.902898078500776 0
7.105320251671929 3.277026811325095 0
6.429485980984063 3.815228872737925 0
14.63501775050595 2.03439744490159 0
8.937670971765316 3.902595681791556 0
5.27821200252599 3.758320677841447 0
5.354709754445667 3.79546374513084 0
5.432888625445785 3.809929991736807 0
5.320482127222954 3.860350668946436 0
5.755159351298581 3.708245087709626 0
6.959677094769851 3.407828038471771 0
6.507407042299736 3.894528550821393 0
3.11392716346946 1.120995366851439 0
4.633982382776596 0.5913474863990849 0
8.933691043788579 3.54517498494555 0
6.622339991896066 3.9128073605304 0
6.255471387246757 0.3149854975962247 0
6.884621901159045 2.751173269767322 0
11.79880208860901 0.7871971423285244 0
6.701586677291622 3.831506676367729 0
4.016340276578658 2.830752403786434 0
13.96143500939825 1.495506523042141 0
13.95770530553128 0.7250725612579816 0
6.801308464546275 3.832202805403088 0
8.424017679674433 3.835383072464301 0
5.403469746977364 2.860986305965194 0
5.326456085493122 2.909494978144006 0
6.901932454821892 3.834321943406317 0
5.914475095724864 2.864517384436642 0
7.002102598636024 3.836387020121474 0
5.455251167192646 3.727219585420728 0
5.525727870236915 3.886840673357308 0
14.41432639940315 1.161529540080902 0
10.01144841185299 3.447888699254574 0
9.8768944426398 3.552454393968437 0
9.859994044640253 3.402350472564939 0
7.101740225330868 3.838011891862233 0
6.491560781384589 2.543991270415749 0
7.29950537925883 3.841789831408313 0
4.123594979644541 0.3415780392441337 0
5.849947854707697 2.766336820535936 0
7.201037036362414 3.83953940175419 0
13.96404628776014 2.524015920500569 0
7.472401308440392 3.926986511728843 0
4.815349357386324 1.600384460530511 0
4.776949372234526 1.704332766296845 0
4.849950808421239 1.688143340001671 0
4.904714785785129 1.676667252774541 0
2.548123223407267 0.450005452895913 0
5.907975916403988 3.01310989994249 0
7.405356313691136 3.924290228713355 0
4.085802015295605 2.491892016709284 0
4.09059529793393 2.357451662915128 0
4.164207775407946 2.509316268066885 0
5.777684439383796 2.738345575622001 0
11.36306897970225 0.7180941782128201 0
9.942740531163022 0.7282462883925189 0
5.483538625712469 0.355843352566263 0
2.524776362232115 3.754004328841288 0
5.66489062136391 2.75429557588653 0
10.45035595627641 0.2900388801250731 0
14.28615933848519 2.489953872932714 0
7.50725142034221 3.866718739782526 0
5.547038916221318 3.725341080808276 0
4.372189648369069 2.410502102945051 0
11.09967859616775 3.391647698861086 0
4.145285748312091 2.619636416886456 0
3.334355445747956 1.036389971815834 0
6.540623624332512 2.219149295630292 0
6.576556967741547 2.091371354430565 0
6.881946377042802 3.497787486726881 0
4.405728569675253 2.676329153992362 0
7.611580978918996 3.848963190630095 0
2.086504611449591 3.401948290524005 0
5.964779874572127 2.944172257902322 0
4.789522994444456 3.641070529576476 0
4.600688557793699 3.70055605166863 0
4.858424821586542 3.755447400730854 0
1.137160935997477 0.3784529808702684 0
1.566429933096771 1.045762883523651 0
13.88189591396939 3.639557240764828 0
10.30767075461054 3.580793390153576 0
4.721097346376685 1.782351347861005 0
4.692607607851341 1.720710775269141 0
4.602562319902674 1.753704401137478 0
4.531758223309616 1.653116548033749 0
4.664171030259949 1.616948525612293 0
7.707476049198682 3.845658834691002 0
6.188146881671862 2.04685864461729 0
6.005636921241046 2.061338200948964 0
6.014368937745343 2.230321500391886 0
12.48081407260352 3.29919961200492 0
0.619757361758448 3.317500925605401 0
8.534374905047496 2.624383533492071 0
8.62288664657261 2.653531665810747 0
8.667509792524513 2.806893742697032 0
4.345094175889775 2.076432693363133 0
11.8893575010522 3.336468791118632 0
1.883012637582723 0.3568301699393266 0
6.375647606415551 3.847792014530683 0
1.568024139265537 3.477826379608866 0
2.000995089145191 1.038481224240058 0
6.082502338653477 2.957035096453676 0
8.360434770229849 2.608039797467091 0
7.804669550351197 3.845282175612596 0
0.9735639381847125 3.658296453224802 0
5.324106853986977 1.730602682510118 0
4.666976371163324 1.946511230509858 0
5.447225269924397 1.838404420071554 0
9.267494927172025 0.6831023608691493 0
4.950481631541406 1.464885605613485 0
7.902639156247707 3.845792040481273 0
9.055009563493151 3.572500937583456 0
0.6501800436806651 2.922634503305741 0
7.251604816592226 2.555834317806534 0
5.713830895763452 3.803504329765835 0
5.740642913247807 3.890074725644965 0
5.373015400404194 1.877622446369309 0
7.823138703722988 0.6634831926986446 0
5.915880181952295 2.015580012907587 0
3.19392261004942 3.785993239637583 0
12.86477291839219 0.6849243470592397 0
4.296484765830422 3.041846092490562 0
4.452512712998826 3.159776909289467 0
8.000626890596646 3.846337242289589 0
7.177671707982327 0.6603858999710235 0
9.969912528558105 2.791281454463662 0
14.62936165572084 3.619058249400994 0
0.3747769587016148 0.3935700864802225 0
14.63542619964995 0.3781533072143299 0
2.958737076643994 0.4599186763905161 0
6.571623362066479 2.568088984660358 0
5.29649795003088 1.812202904169011 0
0.7027104663988055 1.547656135603076 0
0.713421170959804 2.703121888160358 0
5.626093666023102 3.802113455914047 0
8.097990751217431 3.844949303345385 0
8.607805193232494 0.333955367968817 0
5.826047937008422 3.907589051607805 0
4.099595875864205 2.082544811780326 0
4.291416241970792 1.758523071845927 0
4.444145945236298 1.736651981662738 0
4.512876196063278 1.80773484061696 0
13.1347048803223 3.643283929617571 0
0.7498227754034765 1.891366953217567 0
12.12966429736851 0.722945077457976 0
4.420456537532115 3.047093939281218 0
0.3330100850758582 3.657438161359541 0
4.155122256244024 2.239327415969588 0
3.526365872082577 3.424017531007377 0
8.747721525545577 2.704918079164535 0
8.872243081594499 2.682310209911642 0
8.950613873185395 2.58468474905715 0
8.894167578110597 2.775161657979509 0
8.97903492079525 2.665110605357348 0
8.194253876014598 3.836641536934583 0
3.339005197213245 0.7861459063735978 0
7.51778380600766 2.769381973304227 0
5.607291006545279 2.944457317147199 0
5.762903374728867 2.130559887213849 0
6.23702783871529 3.632368998792017 0
4.755764849384962 1.638884314790578 0
8.285114131699057 3.811723057807399 0
5.47378374338242 2.812218875623588 0
8.418083402778032 3.94247565525171 0
5.610773005268443 1.54798266851637 0
6.378798237980334 1.943575086446517 0
10.89637631962412 3.74348409905123 0
8.959668229536362 3.419292923931179 0
9.88168058430759 3.473919913998047 0
4.276287237349594 0.6691050549274846 0
7.021443739705768 2.75467428432282 0
2.316895039103865 1.174524515562644 0
5.616235120411716 3.883985530368768 0
9.782147952309511 3.394089443150331 0
4.372683896939338 2.622722258433222 0
13.5888806875217 0.7050766455152706 0
5.963296986020511 3.183545869526141 0
4.327876428313918 2.287613836849185 0
5.964577804720893 3.919752307134472 0
5.877468907071814 3.866406089361331 0
8.584620516442001 3.938003630803879 0
4.024665532894229 3.163649189231277 0
6.618925489779492 0.310578140014395 0
4.735226959754614 0.2185225687550019 0
6.154434024709852 3.926201251982498 0
11.01767336535625 0.6615821306178973 0
6.673691266347371 2.436439297802463 0
6.603398409153225 2.39025056397263 0
6.585792074851336 2.302380804132672 0
6.024051108587114 3.076499366624713 0
7.838222602287469 2.740600020882197 0
7.982076136256579 2.937220419367447 0
9.79984983617943 3.573399013577291 0
9.577207970143151 2.533624244446055 0
10.3664540015395 0.5108509402126666 0
2 2 0 1155
1567
1568
1569
1570
1571
1572
1573
1574
1575
1576
1577
1578
1579
1580
1581
1582
1583
1584
1585
1586
1587
1588
1589
1590
1591
1592
1593
1594
1595
1596
1597
1598
1599
1600
1601
1602
1603
1604
1605
1606
1607
1608
1609
1610
1611
1612
1613
1614
1615
1616
1617
1618
1619
1620
1621
1622
1623
1624
1625
1626
1627
1628
1629
1630
1631
1632
1633
1634
1635
1636
1637
1638
1639
1640
1641
1642
1643
1644
1645
1646
1647
1648
1649
1650
1651
1652
1653
1654
1655
1656
1657
1658
1659
1660
1661
1662
1663
1664
1665
1666
1667
1668
1669
1670
1671
1672
1673
1674
1675
1676
1677
1678
1679
1680
1681
1682
1683
1684
1685
1686
1687
1688
1689
1690
1691
1692
1693
1694
1695
1696
1697
1698
1699
1700
1701
1702
1703
1704
1705
1706
1707
1708
1709
1710
1711
1712
1713
1714
1715
1716
1717
1718
1719
1720
1721
1722
1723
1724
1725
1726
1727
1728
1729
1730
1731
1732
1733
1734
1735
1736
1737
1738
1739
1740
1741
1742
1743
1744
1745
1746
1747
1748
1749
1750
1751
1752
1753
1754
1755
1756
1757
1758
1759
1760
1761
1762
1763
1764
1765
1766
1767
1768
1769
1770
1771
1772
1773
1774
1775
1776
1777
1778
1779
1780
1781
1782
1783
1784
1785
1786
1787
1788
1789
1790
1791
1792
1793
1794
1795
1796
1797
1798
1799
1800
1801
1802
1803
1804
1805
1806
1807
1808
1809
1810
1811
1812
1813
1814
1815
1816
1817
1818
1819
1820
1821
1822
1823
1824
1825
1826
1827
1828
1829
1830
1831
1832
1833
1834
1835
1836
1837
1838
1839
1840
1841
1842
1843
1844
1845
1846
1847
1848
1849
1850
1851
1852
1853
1854
1855
1856
1857
1858
1859
1860
1861
1862
1863
1864
1865
1866
1867
1868
1869
1870
1871
1872
1873
1874
1875
1876
1877
1878
1879
1880
1881
1882
1883
1884
1885
1886
1887
1888
1889
1890
1891
1892
1893
1894
1895
1896
1897
1898
1899
1900
1901
1902
1903
1904
1905
1906
1907
1908
1909
1910
1911
1912
1913
1914
1915
1916
1917
1918
1919
1920
1921
1922
1923
1924
1925
1926
1927
1928
1929
1930
1931
1932
1933
1934
1935
1936
1937
1938
1939
1940
1941
1942
1943
1944
1945
1946
1947
1948
1949
1950
1951
1952
1953
1954
1955
1956
1957
1958
1959
1960
1961
1962
1963
1964
1965
1966
1967
1968
1969
1970
1971
1972
1973
1974
1975
1976
1977
1978
1979
1980
1981
1982
1983
1984
1985
1986
1987
1988
1989
1990
1991
1992
1993
1994
1995
1996
1997
1998
1999
2000
2001
2002
2003
2004
2005
2006
2007
2008
2009
2010
2011
2012
2013
2014
2015
2016
2017
2018
2019
2020
2021
2022
2023
2024
2025
2026
2027
2028
2029
2030
2031
2032
2033
2034
2035
2036
2037
2038
2039
2040
2041
2042
2043
2044
2045
2046
2047
2048
2049
2050
2051
2052
2053
2054
2055
2056
2057
2058
2059
2060
2061
2062
2063
2064
2065
2066
2067
2068
2069
2070
2071
2072
2073
2074
2075
2076
2077
2078
2079
2080
2081
2082
2083
2084
2085
2086
2087
2088
2089
2090
2091
2092
2093
2094
2095
2096
2097
2098
2099
2100
2101
2102
2103
2104
2105
2106
2107
2108
2109
2110
2111
2112
2113
2114
2115
2116
2117
2118
2119
2120
2121
2122
2123
2124
2125
2126
2127
2128
2129
2130
2131
2132
2133
2134
2135
2136
2137
2138
2139
2140
2141
2142
2143
2144
2145
2146
2147
2148
2149
2150
2151
2152
2153
2154
2155
2156
2157
2158
2159
2160
2161
2162
2163
2164
2165
2166
2167
2168
2169
2170
2171
2172
2173
2174
2175
2176
2177
2178
2179
2180
2181
2182
2183
2184
2185
2186
2187
2188
2189
2190
2191
2192
2193
2194
2195
2196
2197
2198
2199
2200
2201
2202
2203
2204
2205
2206
2207
2208
2209
2210
2211
2212
2213
2214
2215
2216
2217
2218
2219
2220
2221
2222
2223
2224
2225
2226
2227
2228
2229
2230
2231
2232
2233
2234
2235
2236
2237
2238
2239
2240
2241
2242
2243
2244
2245
2246
2247
2248
2249
2250
2251
2252
2253
2254
2255
2256
2257
2258
2259
2260
2261
2262
2263
2264
2265
2266
2267
2268
2269
2270
2271
2272
2273
2274
2275
2276
2277
2278
2279
2280
2281
2282
2283
2284
2285
2286
2287
2288
2289
2290
2291
2292
2293
2294
2295
2296
2297
2298
2299
2300
2301
2302
2303
2304
2305
2306
2307
2308
2309
2310
2311
2312
2313
2314
2315
2316
2317
2318
2319
2320
2321
2322
2323
2324
2325
2326
2327
2328
2329
2330
2331
2332
2333
2334
2335
2336
2337
2338
2339
2340
2341
2342
2343
2344
2345
2346
2347
2348
2349
2350
2351
2352
2353
2354
2355
2356
2357
2358
2359
2360
2361
2362
2363
2364
2365
2366
2367
2368
2369
2370
2371
2372
2373
2374
2375
2376
2377
2378
2379
2380
2381
2382
2383
2384
2385
2386
2387
2388
2389
2390
2391
2392
2393
2394
2395
2396
2397
2398
2399
2400
2401
2402
2403
2404
2405
2406
2407
2408
2409
2410
2411
2412
2413
2414
2415
2416
2417
2418
2419
2420
2421
2422
2423
2424
2425
2426
2427
2428
2429
2430
2431
2432
2433
2434
2435
2436
2437
2438
2439
2440
2441
2442
2443
2444
2445
2446
2447
2448
2449
2450
2451
2452
2453
2454
2455
2456
2457
2458
2459
2460
2461
2462
2463
2464
2465
2466
2467
2468
2469
2470
2471
2472
2473
2474
2475
2476
2477
2478
2479
2480
2481
2482
2483
2484
2485
2486
2487
2488
2489
2490
2491
2492
2493
2494
2495
2496
2497
2498
2499
2500
2501
2502
2503
2504
2505
2506
2507
2508
2509
2510
2511
2512
2513
2514
2515
2516
2517
2518
2519
2520
2521
2522
2523
2524
2525
2526
2527
2528
2529
2530
2531
2532
2533
2534
2535
2536
2537
2538
2539
2540
2541
2542
2543
2544
2545
2546
2547
2548
2549
2550
2551
2552
2553
2554
2555
2556
2557
2558
2559
2560
2561
2562
2563
2564
2565
2566
2567
2568
2569
2570
2571
2572
2573
2574
2575
2576
2577
2578
2579
2580
2581
2582
2583
2584
2585
2586
2587
2588
2589
2590
2591
2592
2593
2594
2595
2596
2597
2598
2599
2600
2601
2602
2603
2604
2605
2606
2607
2608
2609
2610
2611
2612
2613
2614
2615
2616
2617
2618
2619
2620
2621
2622
2623
2624
2625
2626
2627
2628
2629
2630
2631
2632
2633
2634
2635
2636
2637
2638
2639
2640
2641
2642
2643
2644
2645
2646
2647
2648
2649
2650
2651
2652
2653
2654
2655
2656
2657
2658
2659
2660
2661
2662
2663
2664
2665
2666
2667
2668
2669
2670
2671
2672
2673
2674
2675
2676
2677
2678
2679
2680
2681
2682
2683
2684
2685
2686
2687
2688
2689
2690
2691
2692
2693
2694
2695
2696
2697
2698
2699
2700
2701
2702
2703
2704
2705
2706
2707
2708
2709
2710
2711
2712
2713
2714
2715
2716
2717
2718
2719
2720
2721
9.226966094438023 4.08642869611977 0
8.126376013584064 4.088763560506234 0
14.64383248734369 6.128300418980915 0
9.625834407068997 4.086062808649405 0
12.82258164723129 4.330631909709181 0
7.831694983185746 4.088395055211612 0
7.543683290237221 4.084101688290432 0
7.259914335524069 4.083201936993109 0
6.980975325709727 4.094983318570801 0
13.08077563729712 7.563522673815879 0
10.12640014046799 4.155788287374569 0
8.803300074308098 5.718679297192129 0
9.96301033539517 6.53961771815935 0
11.79229490583596 4.227413711700692 0
8.177304332267909 5.369519918689697 0
10.56127695556005 4.229112770797425 0
8.929879421232551 4.087350565010658 0
9.380641267832132 6.107498023572285 0
14.54127356737962 5.434020348587048 0
13.5317306009497 4.343573133221701 0
13.85281140956878 7.693256596582276 0
6.790519613765975 4.097346397171043 0
6.618312567726322 4.090077793691488 0
6.396886232599139 4.085228715156099 0
9.427472552078831 4.087208005900457 0
8.323879058417758 4.088850353142567 0
11.76487582629065 7.555709168122358 0
7.685621795798406 5.093218047964387 0
6.270427289816117 4.096026408042978 0
10.68970969120879 6.948958976838204 0
14.64476429379089 6.916201337522954 0
12.3210489046437 7.668519905231094 0
6.925244933743381 4.753784542109279 0
14.64706116317745 4.737424801507078 0
9.94689973522572 4.101128397263309 0
8.52567682924362 4.092737557211054 0
14.41439881406355 7.692132703013742 0
10.88047436516108 4.331490875023874 0
11.07010159296426 7.08589274317686 0
11.36183425215632 7.272174512260832 0
10.27506455988197 4.143733101906404 0
8.732743313935897 4.091797462570057 0
7.11449239359345 4.880118109115409 0
7.466411165670891 4.758094682059456 0
7.121151907455754 4.56684656771745 0
6.889881184203189 4.533218830916864 0
7.226666748103527 4.398360320422645 0
6.721465895470405 4.552323388331263 0
6.779810521042481 4.34568256982369 0
6.895495971343076 4.374101869535025 0
6.569144903958379 4.343950773666414 0
7.945602701584921 5.303010751957597 0
8.18449591037175 5.1668140255338 0
8.379413788220017 5.297195861897055 0
8.432352490901931 5.018119520171577 0
8.707016252660514 5.08050902489023 0
8.152138301575526 4.852099072004282 0
8.515285103181798 5.521395267431278 0
8.848520026950531 5.46956096906064 0
9.098292149661223 5.641702290142923 0
9.145178225191525 5.297992791101091 0
9.318395555998503 5.441960619856801 0
8.929964386929454 5.188915217682133 0
9.08528205658493 5.083692294301732 0
7.883694958361253 4.93472218974167 0
7.878599128513867 4.780815364319492 0
5.452472746462013 4.121677108529929 0
9.054630278069034 5.963561486975649 0
9.450654332253944 5.781125141756481 0
9.607834793611353 6.000322676478452 0
11.16692212672704 4.340038892142323 0
11.47731372006074 4.661336809282696 0
10.75875230056704 4.558403631022033 0
11.26713846952306 4.518430923052736 0
14.64485368719019 6.516344441956558 0
14.27840121418359 6.193921266941332 0
14.28763401469253 5.819877303063631 0
13.8454322126445 6.190264763678097 0
13.95337024398005 5.746031901790377 0
13.48511672533739 5.936608916046523 0
13.58934329718461 6.379319713662404 0
13.35587961160406 6.259647681653221 0
13.15131566484149 5.760304190805675 0
13.03206860977508 6.107999714023147 0
12.87572922332027 6.487655624110817 0
12.62364238999864 6.271648852709671 0
12.67665476379469 5.978353729196993 0
12.30901968567291 6.016197332437428 0
12.55385317104685 6.61681227959659 0
12.89226263302912 6.805244924096436 0
12.62396964554817 6.915685492194234 0
12.29170117924078 6.81140393924005 0
12.29132762734224 6.400891047221164 0
12.83368355865733 7.213757146725162 0
13.16250333240377 6.99322950369654 0
13.27451192482767 7.303878222411242 0
13.56778510005931 6.999829851529912 0
12.53382880746277 7.342662470444596 0
12.39572921320719 7.110111643540538 0
14.30057390218962 5.558741945063084 0
14.08380126112494 5.416603136714474 0
14.27975350596977 6.58741259209525 0
14.27947508662976 6.98611851822707 0
13.91754448431933 7.007420658844423 0
13.88234055315074 7.364701863813367 0
14.31175139498876 5.119266270913151 0
14.0006162551093 4.974793754744992 0
13.73083859212399 5.1371911716061 0
13.61528056149704 4.698517886843617 0
13.29864274095106 5.024920619043102 0
13.27233841911011 4.671583120897489 0
12.94978621259007 4.860775010796567 0
12.91385431541651 5.248004988027902 0
12.59750353976488 5.117874635284314 0
13.95863131807191 4.701848162755499 0
14.6410599955136 5.006735769037503 0
13.91824429460787 6.625072561360429 0
13.60296316998051 5.571961622305043 0
14.62779674512643 5.746918532692505 0
13.24629795479961 5.396849587542069 0
12.43899697056637 4.341078115175311 0
13.25747979175535 6.591567737033686 0
9.702346032303716 6.305258636413427 0
10.08578886238729 6.167106700715847 0
12.55971519696155 5.490785798490563 0
12.29212865116907 5.275713884913703 0
12.17602615587133 5.646517302868307 0
11.92265144820052 5.334110820099357 0
12.28219216440757 5.037985705239721 0
11.97365679889705 5.061549261809371 0
12.8287103349279 5.614744498966918 0
13.58198674392319 6.640835669709608 0
9.326852688356951 4.086954794722214 0
9.365801965091963 4.175965127287112 0
9.470823847321387 4.17866185676689 0
9.391524230247589 4.264055571341597 0
9.290537034884379 4.260058014094535 0
9.408754875846945 4.344940263839254 0
9.314344717463241 4.345401542619535 0
9.478223006650373 4.347724025503267 0
9.434336721989631 4.423726214721877 0
9.515649045083398 4.40571675794701 0
9.469519849355843 4.51070483777016 0
9.561303891905556 4.489601686856766 0
9.508303023749754 4.621380836821769 0
9.391168598477826 4.609091824255906 0
9.476407361699362 4.691183469167357 0
9.61120671956259 4.58041836278464 0
9.700137791955317 4.550019739930748 0
9.751553910409195 4.636646209951582 0
9.407736390047265 4.692445072617024 0
9.435355115354595 4.772367639560267 0
9.789779348333306 4.52846528242469 0
9.837805139024036 4.612875602519485 0
9.882256721657686 4.513505537262651 0
9.927079526440027 4.596942320367431 0
9.976250350135926 4.497698046285926 0
10.02155962426949 4.583614663079853 0
10.064565791328 4.472483451933847 0
10.13469473940523 4.562212086520923 0
10.17723237829226 4.499328910761098 0
10.24817775639198 4.581170579151197 0
9.667333968536141 4.670887224738502 0
10.14583446706706 4.669078530753689 0
10.24833874596282 4.669059580213501 0
10.32124493034313 4.577594249206053 0
10.36805100545752 4.647999694061644 0
10.35018887289636 4.763774501566441 0
10.44684839183849 4.772182745747459 0
10.43276391458202 4.855831691996559 0
10.4921050257378 4.856097245683823 0
10.44606336294856 4.934340235166466 0
10.52005267726404 4.909085469419892 0
10.47605810489258 5.020099613438475 0
10.55997041926859 4.988651473487325 0
10.51298188607787 5.130327744288442 0
10.60785645122793 5.078209269833336 0
10.5906509429828 5.218663313073145 0
10.68580749069938 5.028515988806503 0
10.73830255789226 5.11650191301516 0
10.81394971899498 5.072753482134215 0
10.86163467013474 5.156943253999499 0
10.89710769831892 5.041926764849133 0
10.94248303050115 5.131730345186655 0
10.98285265845325 5.014913770470748 0
11.03290631973708 5.104272814471157 0
11.06130939017487 4.976371493581319 0
11.1181705575933 5.059815435683118 0
11.19047880283496 4.997306310625481 0
11.2595834567908 5.066899980431359 0
11.29908198578224 5.008849154524076 0
11.35812818317604 5.124646251463876 0
11.29388264339977 5.184819212267517 0
11.36803182864382 5.014953847813927 0
10.79390003336012 5.199611668521908 0
11.27340410807556 4.918830574300095 0
10.85341072881688 4.948435784850202 0
9.343924856084573 4.788964804891731 0
9.308727730766087 4.702019796864658 0
9.381260336915247 4.87304326277707 0
9.471602581883479 4.85565365715638 0
9.40335010802287 4.952268456104191 0
9.504069671556307 4.941148632998149 0
9.52330910411456 5.029635825433771 0
9.528480010705161 5.120100710512646 0
9.641363773410626 5.120699767910502 0
9.640391399043137 5.208264513680063 0
9.734054115143795 5.206746519216472 0
9.661275776637343 5.293569526827759 0
9.757879198341628 5.283023315254148 0
9.698726167102976 5.379958723336901 0
9.801165948620346 5.367645228130432 0
9.743954746512635 5.467988029989606 0
9.847111943261812 5.459907030835613 0
9.791741950599658 5.556746695200736 0
9.893152804143909 5.551620841459817 0
9.841194029511042 5.645284436471161 0
9.941506584701035 5.640391436309184 0
9.891453800126033 5.732983634924122 0
9.990885533697432 5.72793420089871 0
10.0419458141818 5.637555854906004 0
10.0912091528682 5.725347075261552 0
10.14405764698727 5.633609855728171 0
10.19227315878984 5.723284836965405 0
10.25031857615709 5.630307277965814 0
10.294780848944 5.72144677821859 0
10.35983777236526 5.630755471728357 0
10.39905529358366 5.720336345504855 0
10.46959033236271 5.631227209385249 0
10.50446332937467 5.719602980265318 0
10.44456379740658 5.808440854641809 0
10.54659572184615 5.807566692918472 0
10.49280409021406 5.895586875246684 0
10.59347285853165 5.894737797512266 0
10.57930704921652 5.627852127036788 0
10.64819733902279 5.806593051938505 0
10.69393012365424 5.893675258193181 0
10.64208156807822 5.981381203142748 0
10.74189552939627 5.980311206778461 0
10.68816536504325 6.06786621106227 0
10.79285572372399 5.891245675756729 0
10.78741528719897 6.066835475881591 0
10.72593698986591 6.154498506440091 0
10.62484627860376 6.156072455749619 0
10.82489786343108 6.153487513922629 0
10.75217143793403 6.242307107332467 0
10.8853788449956 6.064691955408414 0
10.39201540182759 5.896746447127126 0
10.85282084685706 6.240904986070372 0
10.87644509403775 6.330998190401788 0
10.77147101805488 6.335037109726589 0
10.97716478865407 6.32516222097829 0
10.90533074281994 6.423086360383901 0
11.00442698228571 6.411555191278776 0
10.94112810257196 6.509821983681208 0
11.03488864808088 6.498158848315684 0
10.96752944667183 6.591038462780888 0
11.06038518597651 6.585259555937908 0
10.85963821339664 6.54087645576388 0
11.07664649334306 6.675800216828277 0
11.18217380939246 6.670456955262765 0
9.938731773692478 5.819435190648163 0
9.691082073138201 5.566195354037672 0
9.413169596256109 5.12271692068115 0
10.44427287692422 4.553829411392364 0
9.73841078898627 4.443212050806905 0
10.48255754653879 5.20142616704213 0
10.14063039454643 5.812429079169029 0
10.35969023196594 4.944889905792059 0
11.13036928646468 6.483005472886697 0
9.251006025787774 4.815513005080105 0
9.18166903710506 4.72472416906129 0
9.129252196725069 4.788736426024427 0
9.052748536321443 4.78807875799551 0
9.052307625196949 4.703921606095835 0
9.054236030028191 4.614831618343224 0
8.943971833300481 4.609759281241304 0
8.942891601165863 4.698025677191834 0
8.844728895169851 4.600292883674282 0
8.836404120968563 4.689099355233782 0
8.759409062606467 4.571017514718614 0
8.943537504650049 4.522932336917865 0
8.84173507083409 4.785380230715618 0
8.709083382246288 4.670145887951696 0
8.617718982718728 4.573672785593002 0
8.78921843729252 4.51776521342018 0
9.880489927945559 4.693131132828281 0
10.35247234482966 4.489837658807925 0
10.49110901809092 4.494869602550204 0
10.09707348311769 5.540441033829108 0
11.08388395153843 6.784008059217393 0
11.19590266250684 6.762011682124749 0
9.65552606823797 5.01190984191128 0
9.794859953051475 5.74759656200256 0
10.97825127688751 6.674038338472415 0
10.52640568007508 4.801933799151303 0
9.837577976820043 5.250735085623116 0
10.51922211493518 5.258464018686725 0
10.44177203683153 5.2791805487696 0
10.44091755326595 5.984073731448817 0
8.598660466329779 4.735582703803132 0
8.507555733210147 4.64029622265789 0
8.562615494554752 4.492865867337296 0
8.479413597136611 4.522168811792563 0
8.382840950486948 4.624405970207606 0
8.382672974177865 4.530299757712624 0
8.471274688346142 4.439661555890106 0
8.383359933723298 4.441089063623519 0
8.284514501696032 4.534176665766444 0
8.285367565426482 4.444795525184137 0
11.08465979561895 5.197137056604175 0
11.01514872915836 4.89933449612118 0
10.33895695298045 5.987632575870935 0
10.38547515804261 6.078312565869307 0
11.28756257345695 6.664121359237757 0
11.29448227918038 6.754613058524052 0
11.20238743683811 6.844034453083668 0
11.29501960138895 6.841185098004084 0
11.28306812714968 6.927071343487058 0
11.38187948923565 6.927990066685667 0
11.39414201711486 6.835514905042589 0
11.48107022300225 6.936384760313956 0
11.51452903682719 6.823236862239872 0
11.57538936115595 6.961266247290392 0
11.53306936730107 7.052032773441806 0
11.66625350958605 6.991497322532289 0
11.7053487572677 6.899203861807785 0
11.61883099210916 7.102473109502407 0
11.73241298228556 7.097801400956407 0
8.172011219736406 4.561068367474939 0
8.181088551249143 4.450086041766703 0
9.924424002015492 4.411370393072939 0
10.1421905032502 4.440900933852258 0
8.657788450835604 4.81898497146523 0
9.56159648898009 5.298831413369322 0
8.301708286935867 4.354866377758537 0
10.95272381974999 6.238890950233992 0
9.170962447504198 4.616738440320978 0
11.66537999116288 7.185318758833801 0
11.73457007281893 7.178433814411173 0
10.41813928106863 5.199647854455151 0
9.329633142050872 4.953408941804255 0
11.47512658019618 6.728015560133403 0
11.58179031793019 6.759718506297492 0
11.35937272420163 7.017996986384683 0
8.223048176190513 4.621642571229098 0
10.35274829261161 5.286286420129918 0
11.47484312214729 5.110608387392258 0
8.054707123268315 4.55130538054409 0
8.073101517769958 4.457239604932125 0
8.094606866248348 4.361381236942208 0
7.985879362958466 4.365778165882216 0
7.944293836072438 4.488363960703217 0
7.877511583119294 4.365614743271493 0
8.015803204583843 4.269799789548113 0
10.26882264810939 6.093248296043508 0
10.46544797103698 4.412582793375877 0
10.58220025372063 4.42182763974234 0
11.19133985208457 6.921955453963795 0
9.191013581099288 4.25959859676755 0
9.215251031430007 4.346452615362908 0
9.091085622145686 4.260170823412061 0
8.525130329631487 4.809677382071234 0
10.3356392104463 6.187747442005283 0
8.590063907785488 4.879029057547689 0
9.114199539983829 4.347519335000399 0
9.594151302951435 4.379196229646792 0
10.47850557007726 5.361687111710894 0
10.56540914365587 5.337831901474949 0
9.559281645100446 4.830104804875204 0
9.165023950984054 4.849063910711807 0
9.047129928685841 4.524832404280176 0
11.49905407072519 7.113125159444134 0
10.23616154068642 5.990962518937337 0
10.30533240048738 4.37779104366106 0
10.38432892826761 4.322019912448238 0
10.42721961804512 6.166354948615155 0
10.3779638922943 6.249999686294508 0
10.21820409799736 6.235309831559288 0
10.45328326817152 6.249447248846319 0
10.46147986745978 6.340728367889096 0
10.5660719039884 6.335236000499892 0
9.952897811019293 5.452351138541911 0
10.53042757143226 4.588576777791412 0
10.25840109079213 4.286703102115994 0
11.38437036283077 6.664283804031304 0
11.28374356071237 6.549309796031134 0
8.117863945622101 4.268574983847374 0
8.709758323239154 4.890337054950173 0
8.990893004452387 4.261380844208361 0
9.012831991357061 4.348601496447083 0
8.891961292598877 4.26396205138048 0
8.913487433056225 4.350771429634157 0
7.829009100872889 4.470018712779368 0
7.769635629168883 4.357093551106573 0
7.829320854553428 4.268080648764612 0
7.730525131360443 4.266054782704423 0
7.658431064389256 4.331899849536983 0
11.47300193964432 5.002738744345246 0
11.43383750775545 4.931363898009574 0
11.54248742183136 4.917614569188287 0
11.63874282432177 7.271216039980579 0
11.46568935023102 4.871306651913504 0
11.39241220168601 4.842969556780053 0
11.55417003246876 6.696659061072762 0
11.63759957085764 6.665451384791508 0
11.66887384471801 6.769352933172513 0
11.71971656421497 6.627217081045176 0
11.76679106371872 6.711863516079574 0
11.84459490747425 6.658201474035289 0
11.79527568321205 6.578055865006796 0
11.91996985751944 6.614462900468794 0
11.87357928876281 6.528859768745362 0
11.90305261064313 6.730302719979535 0
11.97242196411031 6.477207259600667 0
11.89430003192693 6.390362059231976 0
11.82056117665746 6.446510318704999 0
11.85158100471386 6.330287027887092 0
11.76074014961834 6.356358411674414 0
11.78083446866589 6.241922484549895 0
11.67740118147291 6.239256541908921 0
11.68960218056102 6.14950648328147 0
11.59397032324819 6.149566655043442 0
11.6864282646866 6.06243626824757 0
11.78859035178571 6.0612372867697 0
11.7802390499579 5.973785617509396 0
11.67836453855239 5.97526546880935 0
11.67137634604019 5.887694963063118 0
11.57079033841582 5.888486040518001 0
11.66440481649979 5.799875158432725 0
11.56501972635089 5.801696096460724 0
11.55459099988708 5.715266167276754 0
11.4616779380766 5.7205120910549 0
11.54095507644273 5.626221379132064 0
11.47106854306288 5.802573861741683 0
11.88375653723723 5.972572494140321 0
11.44135397378552 5.634368196414864 0
11.53658052066734 5.534065217659776 0
11.76528735522596 5.795177783292894 0
11.89411776422467 6.232915567910911 0
11.41249402501592 5.520113981119612 0
11.35746921656165 5.668117472301972 0
11.57655345763545 5.977825834373491 0
12.00911177670366 6.591124803779244 0
11.63891032918039 5.537632746496186 0
11.54637223414895 5.445725918343049 0
11.58062021223964 6.231114651846833 0
12.00537036677212 6.403799361358137 0
11.28659703904201 5.575924607173103 0
11.22884501800488 5.665739876303057 0
11.64358035497475 5.450045074857348 0
11.56718534844753 5.096988512293069 0
11.7336745644888 5.537315042173779 0
11.54935127908594 5.365876533801472 0
11.64141727819735 5.361218205423801 0
11.3420082835583 5.451490283876645 0
11.26611351161585 5.463459368854975 0
11.68988592974272 6.446409622290449 0
11.50061832391379 5.202225068512014 0
11.48374535053155 5.366734578170044 0
11.52531646104518 6.153225666229051 0
11.49693653036189 6.214565661012745 0
11.41787404214489 6.185651963498999 0
11.29353004192214 5.726214226002756 0
11.1940021993473 5.72018144656798 0
11.23098412167028 5.779369306796666 0
11.15643992996774 5.817958832509209 0
11.20699078817597 5.905209623947404 0
11.07247244434603 5.849757650805286 0
11.02149669758081 5.76064946862737 0
11.12218839609264 5.93729296204237 0
11.25528433390597 5.990006303453258 0
11.82080106275863 6.814274168856866 0
11.917223187693 6.876154043946177 0
11.79267527793151 7.09887109017661 0
11.97291371740151 6.792631293189205 0
12.04611347122565 6.854352448070241 0
11.99464897101436 6.93796808442946 0
12.1238672273086 6.909194754352866 0
12.10675972248545 6.793212382151681 0
11.89337463650911 6.060292966635498 0
11.98874985235265 5.96901492445093 0
11.99876983833235 6.057266579336049 0
11.98249721625403 5.874856089524706 0
10.98281311439313 5.872314040209999 0
10.93566722558099 5.786347867409071 0
10.97213550938432 5.682379999856233 0
10.89743475562551 5.70521249495151 0
12.0990295832945 6.04888664348643 0
12.01004474613458 6.14233099742628 0
12.11531466813389 6.128356353789918 0
12.13845959939533 6.213310952108233 0
11.81384748162326 7.156538918509201 0
11.88243411524084 7.106367907227359 0
12.15860227319727 6.305544076267868 0
11.15902996019955 5.615987461891606 0
11.55212206612907 6.31779623289512 0
11.46156643291745 6.302973362512741 0
9.062706246925863 4.173445860952963 0
9.240631128802828 4.434029633462226 0
11.24786264119298 5.369191626253555 0
11.15370277147866 5.375296842694214 0
10.51708006655435 5.446927774485284 0
10.6119135313098 5.42121006493386 0
10.69740213851768 5.385684059417253 0
10.73037734653721 5.447860558885994 0
10.67587678011771 5.513569876479822 0
10.79288312917003 5.537789262225075 0
10.7963127367048 5.345571010140108 0
10.79032354679 5.626342586063616 0
11.82378148803801 7.046910841900392 0
8.797663107129146 4.269650415184746 0
8.81820097543217 4.356497485363873 0
11.17215266582669 6.022837857592612 0
11.08126620400034 6.047030346933788 0
11.28621236033991 6.053919610172413 0
11.35707369574845 5.952561479936304 0
12.09658042678013 5.958348835265241 0
10.93819641830408 5.631243110761137 0
10.33136842160843 5.199516694245939 0
10.31745614999489 5.119020734648578 0
10.25446075814171 5.120522441197873 0
11.15308720795595 5.479966438367424 0
11.08803513053588 5.3764203917478 0
10.18799453465521 6.074961004930135 0
10.13977143310655 5.987635195442307 0
7.786320902218753 4.558195249294584 0
11.95443864373032 7.21619833593961 0
11.1243585386139 6.138231688258163 0
7.740408241630591 4.17360349896552 0
7.64554194378044 4.170162859952651 0
7.544378339087718 4.277079528004283 0
7.588557574492061 4.430823589852341 0
11.60429480415081 6.579883309124654 0
11.39561219150572 6.578663058478596 0
11.34210588606011 6.478523776602511 0
10.25857314986948 5.295006847996723 0
10.29116948578996 5.383771113443469 0
10.21022651196057 5.404468843042218 0
10.24678361595469 5.461700770771171 0
12.2074963047701 6.0911373034176 0
12.25884594745713 6.180071390066955 0
8.029770685870854 4.178554455192792 0
7.930447382246615 4.178472618067691 0
7.441310483177414 4.357973228401552 0
7.467626759175591 4.228938717798485 0
10.32995704818356 4.225141750227708 0
8.482484018185136 4.874768795171386 0
8.524258384987226 4.947812871333926 0
8.864718025870861 4.177165230227214 0
10.46273708310889 4.267945189249655 0
10.38018503723129 4.164581018419998 0
7.369712305449199 4.50874867879894 0
7.303810612822571 4.257082783128237 0
7.313794919080983 4.332442889590564 0
9.512122433947438 4.28784517818663 0
9.626888535326348 4.26823173963292 0
8.838937347904398 4.441685813388892 0
8.759002370969792 4.462574835022917 0
8.710087892638681 4.365145424661586 0
8.631234746789408 4.440354149166515 0
8.565339462535157 4.388082573361812 0
9.032424511311204 4.436489946382993 0
9.683245892370614 4.357783786081178 0
9.72694405383824 4.257832881072707 0
9.675670954009172 4.172124875154428 0
9.771550997421597 4.167319074019177 0
9.82279152409926 4.247022386364428 0
9.340680475645634 4.430794296142241 0
9.264167673409894 4.522697862006882 0
9.367916289342702 4.519693075858016 0
9.13612648750672 4.435814091296116 0
9.161839027314713 4.173063330889596 0
11.22444858345763 5.273192921551576 0
11.31950251249484 5.2560280851663 0
11.53114857646778 5.287235644817493 0
10.41467797695001 5.458428202909413 0
10.68827475043011 5.624033010158985 0
10.71249454534251 5.716114006539887 0
8.691746857239814 4.511751858574296 0
8.851936129526877 4.520516575638604 0
10.13899643940559 5.432689952325704 0
10.10688493939467 5.371658887571947 0
10.44220324678329 5.543325579775671 0
9.648928137977499 4.465347776027077 0
9.779041328609306 4.342883773437658 0
10.21301923216622 5.521021939929247 0
9.587452641648055 4.71136408383283 0
9.643378071271579 4.796159322999399 0
9.723893031738655 4.756479888381228 0
9.690397286609237 4.881974156402634 0
9.793172476976087 4.848681736022726 0
9.718443575905887 4.946077978368375 0
9.788902839159357 4.955649788563361 0
9.906181494439762 4.882871765290284 0
9.764836833069829 5.043298588733879 0
9.856290435049704 5.067744650424984 0
9.821650636096951 5.149092303181084 0
9.942371285760032 5.099291695028459 0
10.0800918168172 5.029713584158936 0
10.06861981535016 4.936388569657916 0
10.17755006161605 4.981693345018182 0
10.0225779830888 5.140140281796448 0
10.13123712572701 4.876777849418504 0
10.02776943614224 4.829314188152107 0
10.24951615016957 4.863889747308198 0
10.04999387282764 4.74949016666723 0
9.983056614859118 4.733641694261555 0
9.894554222651431 5.186292515474539 0
9.973206190896418 5.232151204613221 0
9.919555292893284 5.333360379543435 0
9.739647100747561 5.127972814686659 0
9.801307208624875 4.720133589441275 0
9.839329504965528 4.781290571457991 0
9.513076953341344 4.748375909992332 0
9.295558517922064 4.896355645135411 0
9.211181891934004 4.930742344895169 0
9.28211802502792 5.020516938657035 0
9.115374398074515 4.966736144286689 0
9.408415709049931 5.033221661097643 0
9.302054014154528 5.13219081839779 0
9.431243075617225 5.215344577427709 0
9.329288614864517 5.228796720164384 0
9.365734918916109 5.323507599892278 0
9.236493127611135 5.253540117120761 0
9.214637715774634 5.365372781473797 0
9.09439534141254 5.182901954093109 0
8.885171695338824 4.993882336801461 0
8.996702963837606 5.019478157451163 0
8.967678209398773 4.890102461134172 0
8.842581792858388 4.898392722630828 0
8.816594968767042 5.052214900918406 0
8.705279150217578 4.992468472904868 0
9.073510950861877 4.875844784134027 0
9.279135113193888 5.346704198373319 0
9.41012987642698 5.418037006299704 0
9.458744421976768 5.511172113892069 0
9.369266061302071 5.544853738998722 0
9.508184558880828 5.597703987466851 0
9.54876882921263 5.489870471271536 0
9.432141659791949 5.638079380477053 0
9.542326147859795 5.659104580201541 0
9.502116724930506 5.706662502618196 0
9.57076484212179 5.763820610511154 0
9.347081034936478 5.703390601205305 0
9.628851306668869 5.675390324151468 0
9.708244707482496 5.781422868545368 0
9.632276588140886 5.836747528818482 0
9.766338487453032 5.860343265083744 0
8.950117283042536 4.790425098668119 0
9.522128661957366 5.812913561289898 0
9.400015763753087 5.890049704062657 0
9.844980481313591 5.832414302415297 0
9.877510858902792 5.909369572949665 0
9.977712395440154 5.905610591449934 0
9.889431484009091 5.992999268444177 0
9.900197331451308 6.100983783835703 0
9.743179254922739 6.083352055333018 0
10.02492226322093 6.087239922192392 0
9.961336120092152 6.236036877379562 0
10.11193964610562 6.37726500182678 0
10.33285239331564 6.487730495053309 0
10.01384119263286 4.388156105680103 0
9.969575607277228 4.30544821221859 0
10.09943844051992 4.359939518771077 0
10.06220707848797 4.27541418139405 0
10.14625167471135 4.244443169358389 0
10.18164100930467 4.327486089452901 0
11.40949885663826 5.228035620705457 0
7.716651183310433 4.45937799855478 0
8.117746126484674 4.664328425292079 0
8.199800729580387 4.684161891660793 0
8.279270003930685 4.699052301439174 0
8.08974018209587 4.761771279024878 0
11.19935713686981 5.156764584639602 0
11.12853931749407 5.288822658967428 0
11.04855208372793 5.321953095536565 0
10.98566786804185 5.375959946614144 0
10.92082955954996 5.31831499806017 0
9.599751287336739 4.914448551428202 0
10.80141043066222 5.449091006196842 0
10.88539656047823 5.550437740893538 0
10.31773631335428 5.462255594162619 0
11.45724295951007 5.42187444087959 0
12.03481558629493 6.704396125332385 0
12.14387277079997 6.670955115165963 0
12.18370786665346 6.757757667803483 0
12.24117302103676 6.64654258096838 0
12.20267921647242 6.561867949075937 0
12.28736574467628 6.533645109600299 0
12.21343227726434 6.843164897042122 0
12.25646513555543 6.95252030070011 0
12.15179758929018 7.041986593347042 0
12.40376202883667 6.858790410259931 0
12.10830905973981 6.577536899838469 0
12.18069974546133 6.480970892066998 0
10.2965548468381 5.041357416527173 0
8.288798207137857 4.619821262025027 0
10.76656901707963 4.983163952496119 0
10.81564255366557 4.831608177763364 0
10.92578657726132 4.843604526037848 0
10.86484766171295 4.732100930667522 0
10.73001111180935 4.747080691480754 0
10.94201107262979 4.766365935636976 0
10.9017833267798 4.67780838633293 0
8.448305147740069 4.755338153494431 0
8.200122275798968 4.357768817405416 0
10.24290467275256 4.495527136129107 0
10.21988377725633 4.411214319634906 0
10.48492784090079 4.679113679724129 0
10.58559691264406 4.861789715217398 0
10.40453219143509 5.118879200728038 0
10.94245105876681 4.926401216436192 0
11.37300240059394 4.926067146970459 0
10.64648630199631 5.300315614857243 0
10.66398489233119 5.1670592699684 0
10.72388762265975 5.251846530525032 0
10.98585383529244 4.846996277431406 0
11.07184118941021 4.848620851649033 0
11.12971550315013 4.916867315731441 0
10.50480346653134 4.33381357897302 0
10.58219347994515 4.330865775161786 0
11.19716278930028 5.558654242290968 0
11.11427272393687 5.709431124658496 0
10.55140152187288 5.5341611548856 0
10.38448073063239 5.032464776879775 0
11.01188362531785 4.798071109137219 0
11.11976391979618 4.776471368473668 0
11.18975165946105 4.840233833229298 0
11.24445358902538 4.751337201069886 0
11.16649533820699 4.689194839906646 0
11.30404929747235 4.660951517194349 0
11.32051554122701 4.806957021017926 0
9.539683003663667 5.210416183871556 0
10.55022522064708 6.246761777284637 0
11.16178799332824 6.573312639854768 0
10.34692612466468 6.323305675594773 0
11.94913756920092 6.681251711546184 0
10.83981463217297 5.977549711981064 0
10.48575287366157 6.072317699859899 0
10.5409592307159 5.982574229087322 0
11.74613831495117 7.269454984145944 0
11.76451255355681 7.38761071269306 0
11.87835496457313 7.374468674554288 0
11.22164903225487 6.448336287654306 0
11.17309581878245 6.367849698186591 0
11.09416166425055 6.396895056223321 0
11.13426071223639 6.313456631589267 0
11.24130088032492 6.312262449876114 0
11.06826135501511 6.317926821606171 0
12.05449616368623 6.317480649076648 0
10.56457110161618 4.505824451263302 0
10.62464976524446 4.610852948002368 0
10.5955252101025 4.714290097029815 0
10.66669092334481 6.334563214519751 0
10.57682224446494 6.421064459787303 0
10.66804768406855 6.423144715961889 0
10.482095666875 6.441638071819913 0
10.47630948886934 6.60153342506873 0
10.64835994250358 6.499420373659093 0
10.53861256178227 6.5214362039505 0
10.4410874710842 6.684742376637844 0
10.52650357788175 6.732510912619065 0
10.57986183216536 6.643997024367764 0
10.62904336691501 6.772844797888941 0
10.695436354333 6.667429910883793 0
10.5832625571286 6.850929527597321 0
10.71241437507599 6.822044556105667 0
10.78579089404491 6.742873575263755 0
10.86120048897075 6.799724610176019 0
10.78952085135163 6.598567942725995 0
10.72186074572104 6.53792012328184 0
10.90134093866825 6.597194386929194 0
10.67730353631717 6.587922454913469 0
10.38418545955612 5.37263396826352 0
11.75161561530152 7.015497241281321 0
12.08749529066836 6.485901679511998 0
11.96779528816803 6.343673318839931 0
11.77324011736039 5.884951605652839 0
11.87040622612873 5.785610758883595 0
11.7531635278706 5.704108331065991 0
11.85673982173365 5.687356126523414 0
11.83104843269161 5.59740519701976 0
11.98043938207223 5.661300169579311 0
11.93804701753287 5.548725856449366 0
11.47435105792199 5.885971049393221 0
11.35814026725698 6.064269247612835 0
11.0325411984169 5.631408362022956 0
11.08498896631203 5.560901078561948 0
9.600201747594019 5.388017209966104 0
9.645198541858298 5.477309340979734 0
9.741169268242064 5.658785913725453 0
9.995617129538818 5.546397532890561 0
10.61064729029871 5.717735173619183 0
10.74911675185298 5.803970422467726 0
10.58559721421505 6.069507679757815 0
10.52270901445578 6.159844266850036 0
10.64929522743297 6.244830505063734 0
10.92279874734338 6.151770910716428 0
10.78539571524821 6.451653770475787 0
10.97272800884788 6.758029494276576 0
11.02930134064551 6.872916799471742 0
11.13442779276276 6.847249380452689 0
11.10954314331845 6.904311114252707 0
10.99286122362837 6.958278702764952 0
11.17393014537954 7.004993171725243 0
11.61725174364632 6.868434042152278 0
11.53416682146871 7.189990236403782 0
11.51068120986865 7.269078415513855 0
11.55577703236853 7.334150016958323 0
11.47279134978712 7.363680559080411 0
11.43486883807916 7.189806170975906 0
11.43469614453214 7.109276636180899 0
11.4510507946779 7.027702305661754 0
11.34785873683404 7.104199659274816 0
11.26691259845322 7.012882526610714 0
11.65342169084202 5.711266480245853 0
11.39739832276082 5.726651786768476 0
11.37131672495357 5.80030507328079 0
11.74685628353106 5.450805847787379 0
11.75217330647592 5.350564423945579 0
11.72564343224356 5.249601335673285 0
11.62265879843475 5.271158679694389 0
11.68762914418406 5.158651489384172 0
11.36212035036133 5.364854121124846 0
11.32272958527168 6.386733613373107 0
12.0279623577504 6.22861513250437 0
11.68019173411118 6.549766591291869 0
11.74784676752343 6.503534833281411 0
11.79050969401815 6.149354286206559 0
11.73888010009636 5.617337531021822 0
11.64314108250108 5.623444341413625 0
11.80503654100146 5.537547102412824 0
11.28633290536706 5.858321200111716 0
12.26406680300986 6.289115196574119 0
10.34311907952094 5.809472139023091 0
8.39895948225907 4.355640951193369 0
8.320860966495562 4.266492764104481 0
8.418423730495988 4.269111947817366 0
10.29068987996222 5.898752894778839 0
10.24172731050545 5.810933410774588 0
10.18930473076108 5.90038635930074 0
11.73065035663585 6.830329098093957 0
11.64799604694942 6.331801235757131 0
11.61375150129597 6.41934126793937 0
11.58612399374141 6.0671149293701 0
11.47254488708781 6.089144846353507 0
11.89840207361927 6.146726668221688 0
12.07577123890996 6.401570425560835 0
10.71579612391187 4.891310733743554 0
10.63672233159749 4.942567218747671 0
11.94180751421491 7.028482060374786 0
10.79172169175346 4.682761818685437 0
11.33464024678729 6.154145112772114 0
11.3751995858363 6.276225750053214 0
10.0559414448935 5.446580239610514 0
11.86704924157635 6.968001891855037 0
11.25778320194498 7.100028616506576 0
11.26229899380022 7.188085049433548 0
11.17406337677558 7.190700421943705 0
10.65867206503874 4.806929285016566 0
11.40332352569484 5.879790807062927 0
10.21061487867535 6.142089083612004 0
11.6542477798409 6.498553276759651 0
10.68331075585069 4.697902457459231 0
11.03144297561858 5.9579163341292 0
11.38802299587276 6.747144234367936 0
11.78664530848107 6.92773864750132 0
11.87749025993046 5.88002441106638 0
12.0943128978773 5.853207238071789 0
12.23926204250457 5.818221503899855 0
12.07805358288804 5.768893668282395 0
11.9849165134697 5.772004023899985 0
12.02754691384036 7.102311432696023 0
11.47304300123367 5.975925875288559 0
11.45137460786768 6.668834430049484 0
7.976732578655741 4.55979266304521 0
8.02556599487859 4.655018698904145 0
7.912102353345729 4.269877213700658 0
8.362205493609135 4.718466198406356 0
8.332974628462907 4.787907867369102 0
8.742844265612877 4.788420463949356 0
11.43323366048718 6.396349333507294 0
8.219312267134455 4.267336882516444 0
8.228914211555091 4.177785292627251 0
11.0495224074742 6.236196168554793 0
8.487625765490384 4.363854483898439 0
11.02188573126567 6.147845200422082 0
10.98201607863683 6.058217063246015 0
10.88940570845757 5.884189662330333 0
10.9362482284273 5.970112111374599 0
9.797250259886962 5.201938484467303 0
10.84538445884575 5.797790153051391 0
11.59467378862506 5.182188096650361 0
11.44994653681454 5.311618263449717 0
10.8934334409255 5.217709586230793 0
10.33611864004667 5.542038813452412 0
10.87947811659446 5.629078485679129 0
10.81105300608175 5.712000203243582 0
10.97633604040529 5.237157276170691 0
10.85439296520945 5.264892857503249 0
10.87843354083629 5.36846558171603 0
9.831198452831906 4.427918339877686 0
8.532750288771023 4.440227164380811 0
9.874518874537682 4.327346059626525 0
9.283399013992588 4.613143456622242 0
9.154823902922793 4.524971987535729 0
9.928437908470489 4.234579626669252 0
8.93215394689935 4.437596654553125 0
8.515475023273346 4.280248818891216 0
8.428159627427895 4.180660292720964 0
8.262392376277768 4.787535416433118 0
8.236250724877808 4.923613207468303 0
10.03885645725009 5.815165566086251 0
10.08468907220977 5.902605419241544 0
9.594677871243267 5.579508057691956 0
10.00252944258332 5.995433640039676 0
9.261575296712282 4.173772047631042 0
8.630209240914128 4.094250008141138 0
8.768329304354506 4.182775881705352 0
7.73291004874007 4.087044053113387 0
7.636202210678548 4.085502114082297 0
6.34114337565648 4.06290936060463 0
6.357576356534316 4.207490065184249 0
6.516673555104186 4.20734380604067 0
6.214296283313657 4.409071566594358 0
7.354764394515273 4.082165817847349 0
7.283829887125226 4.167652411942283 0
7.192665532163852 4.171047696287366 0
7.207831470050554 4.261444304980064 0
7.095004459557741 4.342521356805772 0
7.127653800264795 4.175641912014898 0
7.026867915420111 4.448462656592516 0
6.974591713804111 4.370911749306043 0
7.002285320753925 4.295510840045031 0
6.916988423945655 4.261595258453785 0
11.97629770366455 4.371579528417596 0
9.526640978237749 4.087242036638312 0
9.126258606653117 4.086533176184611 0
7.1643798957427 4.088522879560252 0
7.448371225874334 4.082643518099377 0
7.463465183193831 4.16446162782535 0
6.516886113056264 4.095851076758638 0
9.027327650244162 4.086780194454178 0
6.707844462931089 4.087010957910737 0
6.69055126429053 4.151399721328687 0
6.744889157203312 4.185396500062652 0
6.680988646873641 4.270306637723136 0
7.926935730541968 4.088927960135296 0
8.830595560360241 4.089041574353667 0
8.024469796800084 4.089008688333259 0
5.979521955133662 4.259747441931383 0
7.832201577923701 4.177473611330984 0
10.2162890380254 4.206568407538238 0
8.222653794825186 4.088768609993529 0
8.962295867465256 4.174765647310059 0
8.420891472334565 4.090439360594042 0
7.066007868487293 4.111950639309325 0
10.18811848069576 4.148073035403931 0
14.29805993644553 4.710697484468066 0
14.2639895281971 4.357845553669983 0
8.126330339925595 4.178357375042332 0
10.45855428136154 6.845706474609146 0
8.325956798554689 4.178338645282554 0
9.504075915743552 5.400414033270438 0
10.94291520825552 6.839296322708746 0
10.90122937141021 6.922488254112069 0
10.95491699883107 7.072651941507034 0
10.85451996564844 7.009181129400226 0
10.88115762712266 7.119172311915425 0
9.808841969175901 5.912848101578653 0
9.464936752789349 5.309216481166547 0
9.574735813792818 4.177225568919208 0
11.68008892865211 7.37244721063882 0
9.698828210846775 5.916547769257704 0
9.53784794760919 5.888109509847189 0
11.83560770667462 5.195478709556166 0
12.49574398235798 6.423402385222762 0
6.627523413921384 4.179166312657463 0
8.531437351575921 4.188112949200332 0
10.10121242328569 6.071248113376878 0
10.15225846722512 5.115477589410827 0
10.00227429202653 4.912843103511399 0
10.96615522259709 4.69257543848374 0
10.98256613556455 4.608416854512334 0
10.9963989268418 4.497130815955001 0
11.12354971468387 4.528168927456012 0
14.65334288403921 7.295085694695294 0
11.7693557849773 5.043319134542111 0
11.61273818655053 4.814032763553371 0
11.90838846723087 4.810368821062106 0
11.70541762351172 4.608194116707585 0
11.51362021515761 4.335571877580064 0
11.38142997407031 4.552568092021743 0
11.49699444110618 4.778235455542753 0
11.65711983282822 5.070517524909834 0
11.76970190168452 5.131641051505922 0
11.61249123526222 4.986171100491981 0
11.72207685377504 4.913942734526293 0
11.52539403232083 6.407578041050015 0
11.19241217875291 7.289297923283279 0
9.16292159659997 5.059380181365938 0
9.724231766846765 4.085487580326282 0
12.17193006679079 6.396367159838753 0
10.53042439899757 4.141306713266699 0
10.65780430337951 4.215315045962908 0
12.17215825201891 6.035685544208831 0
12.25132788981767 6.476656712763449 0
12.37606583289836 6.491199368268393 0
12.41275805278895 6.568594800099333 0
12.39368292204763 6.715979949218331 0
12.40065901293582 6.322934275802293 0
8.728234040595947 4.278483043031513 0
12.08172045504892 6.999881431755981 0
10.61473958555743 6.566806734884765 0
10.24773518269347 4.765015471834868 0
10.05807813630394 5.271041729795666 0
7.031908061934713 4.206380245248332 0
11.52782847523057 7.48726962740364 0
10.22001991392955 5.06648789714368 0
12.66078173109004 7.648429026243297 0
10.79042706098776 6.895790801924155 0
12.65853441256727 4.76303582866534 0
13.50645836551473 7.65862711768186 0
11.50110678003275 6.606322528971305 0
11.35126115032049 7.18857600067027 0
10.04030431417483 5.357273743962621 0
6.828121511674285 4.227420765292098 0
9.227559234610355 5.801684818224501 0
7.644916441359237 4.23362624469798 0
9.036883736703011 5.41772105020466 0
9.785447709204703 5.972945403338697 0
14.09998617726441 7.704135372667969 0
6.873265129420522 4.1255928769131 0
12.17417931042843 7.185653813165349 0
13.17295998257003 4.335326892559928 0
9.84082876910375 4.093147534799192 0
7.927971250671209 4.644570392541444 0
7.840652245426224 4.607172892126164 0
7.682979646656468 4.581133640858995 0
6.132446650331372 4.143324016780341 0
8.760585866387402 4.856301082901878 0
8.608894976742286 4.310229128457623 0
11.2164195397802 4.590109742850369 0
9.201169842919501 5.156567487193251 0
12.2696766012849 7.399885395704631 0
8.389908141142355 4.870085919565719 0
10.90942454748208 5.446923811047768 0
10.26939852520966 4.957482044090002 0
7.989197914753268 4.851936216831359 0
9.213234853612182 5.455163600486763 0
9.25717677193143 5.583575449089156 0
11.85217614851818 5.473887898407034 0
11.08465641649019 6.988718782975029 0
13.89550851988723 4.350813210926202 0
11.42093151812682 4.78084168802061 0
5.670565404045676 4.184666578462724 0
10.15569293955473 5.311614961363539 0
9.92588591849483 4.782829693186652 0
6.460645362311226 4.554759543624018 0
11.16086907515569 6.241524604227275 0
10.04720468898374 4.667929110703989 0
12.06987292659957 7.386492764760646 0
12.00478607694179 7.59247315418081 0
11.96429034908934 7.339259364124081 0
9.841881299019107 4.158485111674006 0
7.399244388636489 4.2459694158721 0
11.37670685977688 7.476334399145633 0
11.37624802280395 7.360240727431052 0
11.24684904058547 7.390068399708968 0
11.30328248412197 7.342261887955726 0
10.04082666022231 4.183054776507681 0
8.653721731043428 4.948519601292792 0
10.90326022832312 6.745225107449238 0
8.175350610052284 4.775525718334199 0
10.86563522766351 4.606751844309283 0
10.8842563995891 4.51544380499319 0
10.81014010001634 4.468204856826489 0
10.70484433500716 4.331532285500572 0
10.66101811618077 4.527436920299615 0
11.23367916147211 6.116719223821141 0
10.21755003955836 4.107298911909345 0
11.63348474689728 7.444270106353345 0
7.550811437220795 4.168570685287333 0
10.34825024751364 4.857339961928085 0
10.71405216254561 4.640061082879734 0
11.04503725136703 4.726197546617013 0
12.151927329375 6.849925215604662 0
11.16836297601965 7.095823320579118 0
11.08521497041515 7.204330921777537 0
11.11616507758912 7.297282916448629 0
10.97910396131526 7.205228604300165 0
10.91532384859872 7.184942957592664 0
7.529141700059498 4.568654034506435 0
7.705561189832513 4.757136398152783 0
12.06965593866666 7.271986283792716 0
7.996886236222659 4.765764512490596 0
7.117350471547367 4.244572636926696 0
7.374667482759262 4.164056329216204 0
11.0545164062477 5.430545059389613 0
10.0983520302695 5.187523283019578 0
8.302466619774055 5.101803025855638 0
10.58794788195927 6.479748030549239 0
6.410627373466827 4.396903821792105 0
6.228839071479971 4.25213150515402 0
11.41425594108034 6.488777514880101 0
14.63078160162048 4.374480409667319 0
10.02651413037677 4.106266964984367 0
11.29572533673769 6.236965649909136 0
9.960146735909275 4.675805012984155 0
11.28144604371061 7.275558245548888 0
6.952438814027763 4.166294659033525 0
11.37915001409345 4.728334789898707 0
9.88455006489678 4.976119108106527 0
14.65879336640286 7.652685383290172 0
10.78541688013978 7.099649661735424 0
10.71228512601435 7.044151476864839 0
10.63623393892919 6.895934032626794 0
12.09256657042765 5.455181339451227 0
10.2772801847319 6.740892210186241 0
10.96337313368017 5.579112754065632 0
10.14396900826197 4.762906143730671 0
8.711082372085622 5.290461134482755 0
8.062555664904682 5.042671099118948 0
8.072687356753107 4.867450296683034 0
8.603741905878712 5.03648976447209 0
8.524884082894575 5.160423327397483 0
11.59466191155968 6.500045951475775 0
12.44900907729084 6.088880429595936 0
12.46278488843653 6.213858960745648 0
10.22780955760471 5.190843860539651 0
10.78852274049621 6.982107039509939 0
14.26556137816196 7.427084245307229 0
7.26720629159312 4.679255297026939 0
12.33997056986603 6.611700988565644 0
8.7621516206436 4.960953696152873 0
12.36628264326248 6.135566596866665 0
12.35818331646139 6.201849935547827 0
12.32073143439063 6.116170681720486 0
12.34005164710864 6.269916542913961 0
12.43655526150285 5.82541950537516 0
7.367567999782324 4.999319241487074 0
11.07893716846185 4.638066931828237 0
11.55279184786512 5.030727914984297 0
11.44727586279973 7.272019904277756 0
10.87215676636882 6.670894577059292 0
13.53946953887081 7.330233846165681 0
12.0644006032722 5.225525560491026 0
12.25798017909626 4.649801332416779 0
12.20598304784785 5.957625258445441 0
12.27716167114595 6.737206157468152 0
10.15213220658626 6.109394094456448 0
10.69248496123546 4.435329407348982 0
11.84312900228236 7.252646958479556 0
13.02452643517218 4.64866986910912 0
$EndNodes
$Elements
7 2740 1 2740
1 1 1 38
1 1 19 
2 19 20 
3 20 21 
4 21 22 
5 22 23 
6 23 24 
7 24 25 
8 25 26 
9 26 27 
10 27 28 
11 28 29 
12 29 30 
13 30 31 
14 31 32 
15 32 33 
16 33 34 
17 34 35 
18 35 36 
19 36 37 
20 37 38 
21 38 39 
22 39 40 
23 40 41 
24 41 42 
25 42 43 
26 43 44 
27 44 45 
28 45 46 
29 46 47 
30 47 48 
31 48 49 
32 49 50 
33 50 51 
34 51 52 
35 52 53 
36 53 54 
37 54 55 
38 55 2 
1 2 1 10
39 2 56 
40 56 57 
41 57 58 
42 58 59 
43 59 60 
44 60 61 
45 61 62 
46 62 63 
47 63 64 
48 64 3 
1 5 1 10
49 5 133 
50 133 134 
51 134 135 
52 135 136 
53 136 137 
54 137 138 
55 138 139 
56 139 140 
57 140 141 
58 141 1 
1 6 1 10
59 3 142 
60 142 143 
61 143 144 
62 144 145 
63 145 146 
64 146 147 
65 147 148 
66 148 149 
67 149 150 
68 150 6 
1 7 1 8
69 6 151 
70 151 152 
71 152 153 
72 153 154 
73 154 155 
74 155 156 
75 156 157 
76 157 7 
2 1 3 1456
77 599 1450 499 598 
78 1367 622 1393 223 
79 1088 1084 1083 724 
80 1087 1086 1319 883 
81 916 915 914 17 
82 200 1552 566 558 
83 1457 1456 475 474 
84 1493 970 553 967 
85 1333 451 1503 1477 
86 1024 1375 219 1023 
87 1023 219 1300 560 
88 837 822 902 1110 
89 523 1109 837 1110 
90 967 553 960 905 
91 1426 1299 1389 625 
92 934 1148 1150 1355 
93 207 86 87 1236 
94 918 921 1170 1327 
95 552 1346 205 1340 
96 1072 1071 522 1511 
97 555 1385 14 1483 
98 1085 1087 1316 224 
99 1265 1522 1521 1267 
100 607 486 618 1543 
101 602 600 1469 194 
102 620 1392 531 1403 
103 340 1563 376 1256 
104 1110 902 959 1112 
105 1147 871 1063 1152 
106 66 610 1498 65 
107 1501 185 1527 606 
108 1078 1141 724 1083 
109 25 1501 605 1419 
110 496 1073 1513 1455 
111 1295 1420 1009 1351 
112 1396 1534 929 926 
113 20 597 1499 19 
114 1235 1191 1366 207 
115 1082 203 1081 1080 
116 1304 645 1480 1303 
117 1305 1308 1471 532 
118 690 1088 724 692 
119 1436 589 627 191 
120 1388 944 1542 948 
121 1089 1473 16 1445 
122 1448 981 1446 991 
123 906 909 910 657 
124 950 952 1348 931 
125 261 535 1404 437 
126 932 1355 1560 1559 
127 1395 182 1533 1139 
128 1349 1558 1348 952 
129 1385 562 1539 14 
130 200 1045 560 1300 
131 84 575 197 83 
132 1126 195 1387 564 
133 611 1322 455 1342 
134 1038 913 1365 15 
135 1343 565 1554 189 
136 1452 180 508 561 
137 1213 923 1327 1094 
138 591 588 411 613 
139 613 396 614 591 
140 915 916 923 1214 
141 1333 1477 1334 1332 
142 210 1432 567 1374 
143 863 862 906 958 
144 89 90 200 1300 
145 1081 203 1550 1551 
146 1348 1350 955 931 
147 1238 1040 1048 334 
148 1487 1509 117 118 
149 614 594 584 1298 
150 431 1149 1152 1151 
151 1558 1349 932 1559 
152 1238 1038 1039 1040 
153 620 196 1374 567 
154 1378 119 1379 1377 
155 1510 522 1467 1244 
156 1345 1372 1040 1039 
157 853 968 967 905 
158 951 931 955 954 
159 777 1430 925 1368 
160 400 614 396 397 
161 944 955 1350 908 
162 190 1444 574 571 
163 607 1383 495 640 
164 384 387 411 587 
165 576 206 1476 578 
166 1472 1543 618 497 
167 1191 548 575 1366 
168 1298 639 1468 590 
169 923 1213 716 1214 
170 81 582 181 80 
171 1549 1099 1435 972 
172 1078 1083 1082 1080 
173 75 573 563 1538 
174 502 581 494 570 
175 1032 1031 1030 521 
176 1166 1527 185 1344 
177 567 463 1392 620 
178 1450 599 600 601 
179 1024 1236 87 1375 
180 1151 1152 1063 1459 
181 1318 184 1508 650 
182 892 1376 229 1356 
183 1286 844 819 997 
184 229 1357 1359 995 
185 1096 1288 1021 1325 
186 1488 451 1333 1479 
187 1286 976 1002 844 
188 914 926 929 17 
189 1016 1015 1014 18 
190 997 818 996 987 
191 1200 1381 15 1441 
192 812 996 818 810 
193 1231 1021 1288 816 
194 1320 1337 197 580 
195 17 917 918 916 
196 581 484 493 494 
197 854 973 974 969 
198 840 1399 927 1411 
199 572 571 570 506 
200 191 1538 563 1436 
201 1393 622 1403 531 
202 574 503 491 502 
203 583 585 1514 192 
204 1034 1031 1032 1035 
205 996 812 1000 1271 
206 1172 1386 1382 890 
207 995 994 1356 229 
208 782 1306 1022 1339 
209 1285 359 1320 580 
210 586 222 134 135 
211 505 506 570 494 
212 540 1505 586 199 
213 502 570 571 574 
214 887 1002 976 975 
215 493 484 483 482 
216 812 1294 1001 1000 
217 718 1012 894 1001 
218 520 1459 1063 1460 
219 1515 1504 1296 498 
220 484 581 488 485 
221 910 911 912 657 
222 485 488 489 487 
223 199 586 135 136 
224 614 400 1289 594 
225 136 137 592 199 
226 944 1388 954 955 
227 1521 1522 1524 282 
228 181 231 260 230 
229 18 1020 1326 1018 
230 201 1290 1547 1328 
231 1455 1456 1457 1454 
232 483 640 495 480 
233 226 596 617 595 
234 499 617 596 598 
235 500 490 489 593 
236 119 1378 221 1402 
237 629 651 393 1297 
238 607 640 483 486 
239 1327 923 916 918 
240 887 975 974 973 
241 635 1307 651 633 
242 1074 1478 1073 496 
243 509 504 491 503 
244 1027 1336 1018 1326 
245 595 208 138 139 
246 1306 817 1325 1022 
247 1083 1084 1085 1082 
248 387 389 613 411 
249 208 592 137 138 
250 395 623 615 398 
251 225 609 612 608 
252 1016 18 1018 1017 
253 485 487 618 486 
254 403 413 455 414 
255 491 488 581 502 
256 225 608 62 63 
257 540 500 593 1309 
258 583 468 414 585 
259 231 181 582 232 
260 608 210 61 62 
261 226 595 139 140 
262 1110 1112 1111 523 
263 1557 635 633 634 
264 621 57 58 220 
265 613 389 391 392 
266 917 919 921 918 
267 589 588 591 590 
268 613 392 395 396 
269 628 527 526 410 
270 960 553 966 961 
271 196 619 58 59 
272 623 395 392 394 
273 48 49 637 193 
274 387 388 391 389 
275 231 232 234 233 
276 384 386 388 387 
277 615 628 399 398 
278 1289 401 402 403 
279 526 434 404 410 
280 1084 1086 1087 1085 
281 628 615 529 527 
282 1297 390 406 629 
283 410 401 399 628 
284 418 409 407 641 
285 553 970 1391 966 
286 234 235 259 233 
287 920 924 927 922 
288 976 977 978 975 
289 235 234 359 236 
290 419 654 454 422 
291 642 654 419 418 
292 962 964 965 963 
293 420 647 416 417 
294 647 420 652 648 
295 433 652 420 421 
296 977 980 982 979 
297 647 648 650 649 
298 238 237 254 239 
299 982 980 985 983 
300 652 433 1280 653 
301 239 240 241 238 
302 1278 253 240 239 
303 986 985 997 987 
304 242 243 256 241 
305 987 988 989 986 
306 428 1003 423 425 
307 911 426 424 656 
308 244 246 255 245 
309 244 247 248 246 
310 1264 1263 1262 1177 
311 991 990 993 992 
312 824 1207 836 1225 
313 953 1054 1055 1255 
314 270 1178 1177 1262 
315 942 1182 1004 940 
316 1255 1145 1182 953 
317 1207 1036 1061 836 
318 899 1037 337 1246 
319 560 1045 1044 461 
320 245 255 258 257 
321 800 1097 807 798 
322 247 249 250 248 
323 1127 511 1128 1011 
324 511 358 457 1128 
325 808 804 806 1041 
326 790 791 795 1064 
327 1011 370 1026 1127 
328 1099 1098 807 1097 
329 1030 1028 1218 859 
330 1187 747 744 1053 
331 1263 1261 351 1262 
332 1262 351 350 270 
333 306 303 1052 308 
334 696 1203 1095 693 
335 894 999 1000 1001 
336 1105 1059 778 1115 
337 832 1074 888 833 
338 993 994 995 992 
339 732 1055 1054 949 
340 360 1052 327 1056 
341 437 257 258 261 
342 461 1044 1011 1128 
343 200 558 1044 1045 
344 1115 778 772 1121 
345 1325 817 771 1096 
346 688 686 1158 1159 
347 197 575 548 580 
348 1061 830 834 836 
349 997 819 811 818 
350 1046 1042 1056 327 
351 292 291 357 326 
352 1046 307 1127 1026 
353 694 691 693 1095 
354 1077 730 1141 1078 
355 1059 1102 758 1058 
356 252 377 1251 378 
357 795 1065 1066 1064 
358 1502 950 942 941 
359 369 368 1026 370 
360 1513 1073 1069 1072 
361 360 361 1185 332 
362 270 269 272 1178 
363 1152 1149 1148 1147 
364 1059 1105 1106 1103 
365 248 250 252 251 
366 1101 687 689 1060 
367 733 1144 1090 874 
368 362 1056 1042 366 
369 1259 351 1261 1260 
370 1044 558 464 371 
371 699 1075 727 702 
372 720 717 718 719 
373 753 755 756 754 
374 998 802 804 808 
375 814 823 840 813 
376 247 262 263 249 
377 349 346 1155 374 
378 320 319 316 318 
379 1047 323 321 322 
380 1206 1142 330 325 
381 701 683 679 1157 
382 711 708 706 707 
383 1012 712 708 711 
384 829 831 834 830 
385 1025 1013 885 884 
386 1164 1116 289 356 
387 1047 322 325 329 
388 661 658 323 1049 
389 1048 1047 329 334 
390 1117 669 668 670 
391 677 675 674 676 
392 691 694 1060 689 
393 689 690 692 691 
394 700 702 705 703 
395 699 730 1077 1075 
396 743 742 1053 744 
397 1059 1103 776 1102 
398 1209 799 797 820 
399 1091 829 827 825 
400 1137 945 907 946 
401 931 951 942 950 
402 1182 942 951 953 
403 323 1047 1048 1049 
404 841 1091 1124 1173 
405 1249 1098 1100 1243 
406 837 1109 1105 1115 
407 839 1143 1117 1140 
408 469 470 1153 352 
409 751 752 838 750 
410 1093 759 760 761 
411 1013 1025 851 852 
412 1176 1177 1178 283 
413 1173 1129 1196 841 
414 788 787 785 786 
415 791 790 787 788 
416 1132 1162 341 1161 
417 1130 725 659 660 
418 714 671 667 669 
419 1055 732 671 714 
420 680 684 687 1101 
421 730 697 695 1141 
422 719 721 722 720 
423 789 784 783 785 
424 1326 820 797 1027 
425 779 810 818 811 
426 851 846 1057 852 
427 968 853 850 854 
428 939 1036 1207 943 
429 694 1095 1010 1043 
430 763 755 1096 771 
431 853 905 960 855 
432 861 789 1201 1218 
433 1102 760 759 758 
434 1062 867 770 866 
435 772 771 817 773 
436 788 793 794 791 
437 1323 449 447 520 
438 333 329 325 330 
439 537 515 355 514 
440 286 1174 439 1131 
441 680 683 685 684 
442 1094 704 700 703 
443 1062 871 869 867 
444 1036 939 940 1004 
445 473 474 475 1169 
446 269 270 350 268 
447 303 301 327 1052 
448 1003 428 432 436 
449 448 446 444 447 
450 446 448 452 1126 
451 1126 452 472 568 
452 664 1183 1125 666 
453 1120 864 725 1130 
454 726 879 1135 1138 
455 444 443 436 432 
456 443 444 446 445 
457 432 1118 447 444 
458 1035 453 452 450 
459 477 478 1165 476 
460 1067 1068 1070 1069 
461 1115 1121 809 837 
462 902 822 821 901 
463 959 902 901 904 
464 513 1210 331 1222 
465 473 472 452 453 
466 1091 841 831 829 
467 886 858 845 843 
468 672 1135 879 1161 
469 1015 885 1013 1014 
470 1136 1125 1183 947 
471 1078 1080 1081 1079 
472 1109 1107 1106 1105 
473 479 482 483 480 
474 1138 659 725 726 
475 1012 718 717 712 
476 1002 887 886 843 
477 475 476 501 1169 
478 480 495 1165 478 
479 477 1510 481 479 
480 1344 1167 501 1166 
481 1072 1069 1070 1071 
482 480 478 477 479 
483 207 1236 1024 1235 
484 541 364 366 367 
485 464 369 370 371 
486 1126 564 445 446 
487 809 1121 775 780 
488 832 792 787 790 
489 1027 797 796 794 
490 800 801 804 802 
491 1225 891 823 824 
492 816 1205 856 1231 
493 1051 715 698 1050 
494 708 712 717 716 
495 1052 360 332 308 
496 358 511 1208 326 
497 672 1161 341 339 
498 326 357 456 358 
499 366 364 363 362 
500 365 363 1181 536 
501 1139 367 368 369 
502 669 1117 1143 714 
503 1218 1028 957 861 
504 906 907 945 909 
505 1120 1125 1136 946 
506 1220 1146 1160 1221 
507 913 1038 1238 1037 
508 309 311 312 310 
509 315 316 1119 317 
510 338 317 672 339 
511 316 319 1122 1119 
512 1186 338 340 512 
513 1166 501 476 1165 
514 514 538 539 537 
515 666 662 663 664 
516 826 839 1140 682 
517 686 688 689 687 
518 697 696 693 695 
519 715 696 697 698 
520 743 741 722 742 
521 862 863 879 726 
522 741 914 915 740 
523 845 842 819 843 
524 1061 827 829 830 
525 1132 1161 879 880 
526 1008 1007 1043 1010 
527 278 280 282 279 
528 331 311 309 1184 
529 1180 469 352 353 
530 373 1195 372 1190 
531 825 682 677 681 
532 683 701 709 685 
533 710 701 1157 728 
534 733 710 729 1144 
535 748 749 751 750 
536 1004 1182 1145 828 
537 1138 1135 1119 1122 
538 262 264 265 263 
539 357 291 289 1116 
540 294 293 290 292 
541 298 297 295 296 
542 303 302 299 301 
543 308 309 310 306 
544 321 323 658 324 
545 1130 666 1125 1120 
546 673 674 675 670 
547 733 709 701 710 
548 707 706 703 705 
549 734 733 874 737 
550 815 1199 868 1204 
551 769 1163 1230 1114 
552 477 476 475 1511 
553 267 265 264 266 
554 1174 266 438 439 
555 268 267 271 269 
556 272 273 275 274 
557 274 275 277 276 
558 276 277 1092 278 
559 1092 281 280 278 
560 289 291 292 290 
561 330 335 337 333 
562 352 336 354 353 
563 345 346 349 347 
564 517 375 349 374 
565 353 354 513 355 
566 355 513 1222 514 
567 710 728 875 729 
568 751 753 754 752 
569 762 760 1102 776 
570 762 765 766 764 
571 765 767 768 766 
572 1104 866 769 1114 
573 1066 832 790 1064 
574 796 795 791 794 
575 770 867 869 868 
576 933 870 869 872 
577 898 896 878 897 
578 1211 937 939 943 
579 937 938 940 939 
580 938 941 942 940 
581 431 1150 1148 1149 
582 273 272 269 271 
583 273 1160 284 275 
584 296 295 293 294 
585 301 299 297 298 
586 306 304 302 303 
587 346 345 342 344 
588 457 458 460 459 
589 459 460 1024 1023 
590 542 519 544 543 
591 777 757 758 759 
592 787 1201 789 785 
593 954 1054 953 951 
594 772 773 775 1121 
595 1097 800 802 803 
596 1051 1050 704 1170 
597 1129 1173 1101 1060 
598 821 822 837 809 
599 1186 315 317 338 
600 1135 672 317 1119 
601 1122 324 659 1138 
602 335 330 1142 336 
603 353 355 515 1180 
604 662 660 658 661 
605 1048 1123 661 1049 
606 731 665 664 663 
607 669 667 665 668 
608 947 1183 667 671 
609 741 740 720 722 
610 848 746 744 747 
611 881 880 879 863 
612 1132 880 881 1133 
613 850 853 855 849 
614 892 736 735 873 
615 756 757 1179 754 
616 1058 756 755 763 
617 1168 774 761 764 
618 1163 769 767 765 
619 814 813 766 768 
620 767 769 866 770 
621 796 797 799 798 
622 849 806 846 847 
623 1037 899 897 913 
624 835 831 841 1196 
625 815 1211 943 1219 
626 994 993 1000 999 
627 711 736 894 1012 
628 861 860 784 789 
629 1192 263 265 1194 
630 283 274 276 1175 
631 373 300 281 1195 
632 288 285 284 287 
633 1208 307 296 294 
634 1188 295 297 328 
635 1046 327 301 298 
636 1206 325 322 320 
637 660 659 324 658 
638 1153 335 336 352 
639 458 457 358 456 
640 365 361 362 363 
641 1190 1216 1155 373 
642 1118 432 428 429 
643 465 467 1131 441 
644 307 1208 511 1127 
645 1191 545 547 548 
646 666 1130 660 662 
647 662 661 1123 663 
648 665 667 1183 664 
649 1171 673 670 668 
650 1140 1117 670 675 
651 739 738 674 673 
652 1156 679 678 676 
653 678 679 683 680 
654 1173 1124 680 1101 
655 825 681 1124 1091 
656 827 826 682 825 
657 709 1158 686 685 
658 689 688 713 690 
659 1043 1129 1060 694 
660 698 697 730 699 
661 704 1050 698 700 
662 736 711 707 735 
663 1159 1158 734 882 
664 746 745 743 744 
665 884 856 746 848 
666 1061 828 826 827 
667 1196 1007 1006 835 
668 907 906 862 864 
669 896 895 877 878 
670 864 1120 946 907 
671 275 284 285 277 
672 285 288 1189 372 
673 346 344 373 1155 
674 751 749 1205 816 
675 765 762 776 1163 
676 815 768 767 1199 
677 799 1209 805 801 
678 806 805 1057 846 
679 900 898 897 899 
680 1034 1029 957 1031 
681 308 332 1184 309 
682 314 312 311 313 
683 314 315 1186 312 
684 311 331 1210 313 
685 315 314 318 316 
686 319 320 322 321 
687 341 340 338 339 
688 286 1131 467 1221 
689 668 665 731 1171 
690 948 947 671 732 
691 676 674 738 1156 
692 681 677 676 678 
693 680 1124 681 678 
694 687 684 685 686 
695 691 692 695 693 
696 698 699 702 700 
697 1158 709 733 734 
698 721 723 810 779 
699 875 728 1157 1193 
700 882 734 737 865 
701 839 826 828 1145 
702 1005 834 831 835 
703 1129 1043 1007 1196 
704 538 1233 1232 539 
705 828 1061 1036 1004 
706 748 745 1205 749 
707 1005 1225 836 834 
708 1042 368 367 366 
709 1044 371 370 1011 
710 1002 843 819 844 
711 1198 842 845 1187 
712 1056 362 361 360 
713 459 461 1128 457 
714 1142 1206 1197 516 
715 865 737 1172 890 
716 288 290 293 1189 
717 324 1122 319 321 
718 1023 560 461 459 
719 542 466 518 519 
720 682 1140 675 677 
721 722 721 779 1224 
722 1200 1193 1156 738 
723 1198 811 819 842 
724 869 870 1204 868 
725 368 1042 1046 1026 
726 313 1210 516 1197 
727 273 271 1174 286 
728 787 792 857 1201 
729 768 815 1219 814 
730 373 344 342 300 
731 856 1205 745 746 
732 1058 758 757 756 
733 771 772 778 763 
734 801 800 798 799 
735 934 872 1147 1148 
736 809 780 1217 821 
737 824 1219 943 1207 
738 320 318 1197 1206 
739 354 516 1210 513 
740 872 869 871 1147 
741 933 935 1204 870 
742 873 735 1215 903 
743 876 877 1144 729 
744 332 1185 1227 1184 
745 266 1174 271 267 
746 313 1197 318 314 
747 516 354 336 1142 
748 541 1181 363 364 
749 1030 1031 957 1028 
750 763 778 1059 1058 
751 722 1224 1053 742 
752 783 784 1217 781 
753 764 761 760 762 
754 767 770 868 1199 
755 798 807 1228 796 
756 823 814 1219 824 
757 857 792 832 833 
758 848 747 1187 1229 
759 806 849 855 1041 
760 861 956 1241 860 
761 895 1090 1144 877 
762 1067 1065 1228 1068 
763 1216 1226 374 1155 
764 440 441 1131 439 
765 1024 460 555 1234 
766 470 1154 1246 1153 
767 287 284 1160 1146 
768 294 292 326 1208 
769 1116 562 456 357 
770 692 724 1141 695 
771 706 708 716 1213 
772 936 937 1211 935 
773 1037 1238 333 337 
774 696 715 1202 1203 
775 838 752 754 1179 
776 679 1156 1193 1157 
777 1164 356 1146 1220 
778 1188 1190 372 1189 
779 1221 467 559 1220 
780 1241 1217 784 860 
781 801 805 806 804 
782 716 717 720 1214 
783 796 1228 1065 795 
784 1184 1227 1222 331 
785 864 862 726 725 
786 815 1204 935 1211 
787 514 1222 1227 538 
788 764 766 813 1168 
789 298 296 307 1046 
790 466 465 441 442 
791 544 545 546 543 
792 775 781 1217 780 
793 329 333 1238 334 
794 335 1153 1246 337 
795 543 546 1234 1212 
796 299 1237 328 297 
797 1190 1188 328 1216 
798 903 1215 727 1247 
799 703 706 1213 1094 
800 1187 1053 1224 1198 
801 1230 1239 1104 1114 
802 278 279 1175 276 
803 372 1195 281 1092 
804 289 287 1146 356 
805 1194 265 267 268 
806 1178 272 274 283 
807 374 1226 1237 517 
808 899 1246 1154 900 
809 811 1198 1224 779 
810 1024 1234 546 1235 
811 287 289 290 288 
812 295 1188 1189 293 
813 273 286 1221 1160 
814 1095 1203 1202 1010 
815 538 1227 1185 1233 
816 377 1192 1194 1250 
817 1021 1231 885 1015 
818 915 1214 720 740 
819 1239 1230 1103 1106 
820 361 365 1233 1185 
821 702 727 1215 705 
822 1201 857 859 1218 
823 266 264 1223 438 
824 1217 1241 901 821 
825 277 285 372 1092 
826 973 854 850 1257 
827 1163 776 1103 1230 
828 1237 299 302 1240 
829 735 707 705 1215 
830 858 1229 1187 845 
831 884 885 1231 856 
832 1228 807 1098 1249 
833 884 848 1229 1254 
834 1242 1240 302 305 
835 1233 365 536 1232 
836 376 375 517 1242 
837 263 1192 250 249 
838 1075 1076 1247 727 
839 1216 328 1237 1226 
840 1237 1240 1242 517 
841 1228 1249 1070 1068 
842 252 250 1192 377 
843 1106 1108 1253 1239 
844 545 1191 1235 546 
845 714 1143 1255 1055 
846 268 350 1250 1194 
847 1252 851 1025 1258 
848 849 847 1252 850 
849 429 428 425 427 
850 1229 858 1258 1254 
851 884 1254 1258 1025 
852 1252 1258 858 886 
853 1143 839 1145 1255 
854 846 851 1252 847 
855 973 1257 886 887 
856 376 1242 305 1256 
857 1260 1363 1251 1259 
858 850 1252 886 1257 
859 1361 1362 1363 1260 
860 377 1250 1259 1251 
861 351 1259 1250 350 
862 378 1251 1363 1362 
863 1359 1268 992 995 
864 243 242 1270 244 
865 246 1269 379 255 
866 427 425 424 426 
867 246 248 251 1269 
868 656 424 422 454 
869 264 262 1270 1223 
870 244 1270 262 247 
871 1003 433 421 423 
872 425 423 422 424 
873 987 996 1271 988 
874 989 988 1271 990 
875 244 245 1272 243 
876 1000 993 990 1271 
877 437 1272 245 257 
878 423 421 419 422 
879 440 1276 253 1273 
880 466 442 1273 518 
881 441 440 1273 442 
882 241 240 1275 242 
883 439 438 1276 440 
884 240 253 1276 1275 
885 545 544 1274 547 
886 1223 1270 242 1275 
887 421 420 417 419 
888 651 630 632 633 
889 982 983 1277 984 
890 1275 1276 438 1223 
891 985 986 1277 983 
892 239 254 1279 1278 
893 1278 1279 519 518 
894 443 530 1280 436 
895 253 1278 518 1273 
896 1274 544 519 1279 
897 433 1003 436 1280 
898 238 241 256 1281 
899 647 646 644 416 
900 419 417 409 418 
901 644 631 630 415 
902 415 408 416 644 
903 651 629 415 630 
904 417 416 408 409 
905 1285 1284 236 359 
906 1279 254 1284 1274 
907 1284 1285 547 1274 
908 236 1284 254 237 
909 629 406 408 415 
910 548 547 1285 580 
911 976 1286 980 977 
912 213 72 73 627 
913 236 237 1287 235 
914 1289 400 399 401 
915 997 985 980 1286 
916 72 213 638 71 
917 238 1281 1287 237 
918 641 407 405 471 
919 409 408 406 407 
920 484 485 486 483 
921 396 395 398 397 
922 755 753 1288 1096 
923 400 397 398 399 
924 816 1288 753 751 
925 394 1291 626 624 
926 468 1289 403 414 
927 71 638 192 70 
928 413 403 402 412 
929 392 391 1291 394 
930 410 404 402 401 
931 74 191 627 73 
932 785 783 1292 786 
933 407 406 390 405 
934 1351 921 919 1295 
935 576 510 504 509 
936 529 615 623 616 
937 1001 1294 719 718 
938 810 723 1294 812 
939 1151 1537 1440 431 
940 920 922 1295 919 
941 1289 468 584 594 
942 500 498 492 490 
943 1296 499 492 498 
944 492 497 618 490 
945 525 435 404 434 
946 781 782 1292 783 
947 721 719 1294 723 
948 505 636 572 506 
949 394 624 616 623 
950 500 540 1515 498 
951 402 404 435 1293 
952 614 1298 590 591 
953 567 462 412 463 
954 51 52 1290 201 
955 781 775 1306 782 
956 504 510 1321 1309 
957 193 1299 47 48 
958 488 491 593 489 
959 489 490 618 487 
960 402 1293 463 412 
961 52 53 223 1290 
962 388 393 1291 391 
963 1126 568 1428 195 
964 576 577 1321 510 
965 607 1543 603 604 
966 1297 386 385 390 
967 635 626 1291 1307 
968 817 1306 775 773 
969 688 1159 1319 713 
970 386 1297 393 388 
971 651 1307 1291 393 
972 929 1534 1368 925 
973 411 588 534 587 
974 1455 1454 1453 496 
975 1501 606 604 605 
976 46 47 1299 211 
977 992 1268 1448 991 
978 386 384 382 385 
979 650 648 652 1318 
980 1309 593 491 504 
981 1540 1405 1564 1282 
982 1337 1320 232 582 
983 49 50 1324 637 
984 966 1437 962 961 
985 18 1014 1329 1020 
986 494 493 507 505 
987 1330 1329 852 1057 
988 883 1319 1159 882 
989 786 1292 1019 1335 
990 599 598 1449 209 
991 1300 219 88 89 
992 224 1316 114 115 
993 1038 15 1381 1039 
994 793 1335 1019 1336 
995 507 493 482 1338 
996 37 1301 189 36 
997 38 1302 1301 37 
998 43 1304 1303 42 
999 42 1303 214 41 
1000 39 184 1302 38 
1001 44 183 1304 43 
1002 984 1277 1446 1447 
1003 1301 1302 1489 1283 
1004 128 1305 190 127 
1005 359 234 232 1320 
1006 782 1339 1019 1292 
1007 564 565 1343 445 
1008 582 81 82 1337 
1009 587 383 382 384 
1010 203 1082 1085 1364 
1011 1015 1016 1325 1021 
1012 673 1171 1345 739 
1013 129 1308 1305 128 
1014 1322 212 1514 585 
1015 1017 1022 1325 1016 
1016 521 1030 859 1347 
1017 888 889 1347 833 
1018 414 455 1322 585 
1019 505 507 550 549 
1020 507 1338 481 554 
1021 201 1324 50 51 
1022 971 1245 1549 972 
1023 467 465 1353 559 
1024 1394 1312 202 1390 
1025 1094 1327 1170 704 
1026 1111 1112 449 1323 
1027 935 933 1354 936 
1028 805 1209 1330 1057 
1029 794 793 1336 1027 
1030 1014 1013 852 1329 
1031 1485 908 427 426 
1032 1209 820 1326 1330 
1033 736 892 1356 894 
1034 793 788 786 1335 
1035 877 876 1365 878 
1036 100 218 1313 99 
1037 97 1310 215 96 
1038 95 1317 182 94 
1039 99 1313 179 98 
1040 101 1314 218 100 
1041 108 109 1312 216 
1042 113 114 1316 187 
1043 96 215 1317 95 
1044 98 179 1310 97 
1045 102 188 1314 101 
1046 109 110 202 1312 
1047 107 108 216 1311 
1048 106 107 1311 217 
1049 105 106 217 1315 
1050 104 105 1315 204 
1051 1017 1018 1336 1019 
1052 230 79 80 181 
1053 1420 16 1561 1009 
1054 1548 1009 1561 1008 
1055 1391 550 507 554 
1056 757 777 1368 1179 
1057 481 1338 482 479 
1058 1019 1339 1022 1017 
1059 1396 926 914 1397 
1060 1463 578 1476 227 
1061 1540 1282 1545 1406 
1062 611 1342 612 609 
1063 575 84 85 1366 
1064 1054 954 1388 949 
1065 26 27 1344 185 
1066 59 60 1374 196 
1067 1347 1418 1033 521 
1068 1040 1372 1123 1048 
1069 527 529 1516 528 
1070 1329 1330 1326 1020 
1071 739 1345 1039 1381 
1072 1322 611 1451 212 
1073 932 1354 934 1355 
1074 1382 1373 865 890 
1075 83 197 1337 82 
1076 503 574 1444 532 
1077 530 443 445 1343 
1078 1247 1076 1380 1248 
1079 1078 1079 1380 1077 
1080 1109 523 1530 1107 
1081 342 343 1466 300 
1082 1550 203 1364 1370 
1083 283 1175 1524 1176 
1084 599 209 1469 600 
1085 460 458 1385 555 
1086 533 383 587 534 
1087 190 571 572 1429 
1088 1411 927 924 1425 
1089 1523 1265 642 643 
1090 857 833 1347 859 
1091 994 999 894 1356 
1092 1398 216 1312 1394 
1093 503 532 1471 509 
1094 737 874 1390 1172 
1095 921 1351 1051 1170 
1096 542 1353 465 466 
1097 1447 120 121 205 
1098 621 220 1403 622 
1099 45 46 211 1352 
1100 871 1062 1461 1063 
1101 1239 1253 1461 1104 
1102 872 934 1354 933 
1103 369 464 1395 1139 
1104 525 531 1392 435 
1105 196 620 1403 619 
1106 1397 748 750 1396 
1107 745 748 1397 743 
1108 222 586 1505 1484 
1109 936 1354 932 1408 
1110 1088 1531 1086 1084 
1111 1350 430 427 908 
1112 1434 1401 873 903 
1113 965 964 1424 971 
1114 913 897 878 1365 
1115 813 840 1411 1168 
1116 53 54 1367 223 
1117 906 657 1528 958 
1118 1171 731 1372 1345 
1119 1390 202 1386 1172 
1120 1488 956 1503 451 
1121 854 969 1517 968 
1122 876 1441 15 1365 
1123 64 3 65 1498 
1124 759 1093 1430 777 
1125 122 123 186 1369 
1126 630 631 1427 632 
1127 649 650 1508 214 
1128 110 111 1386 202 
1129 1379 1358 1376 1377 
1130 892 893 1377 1376 
1131 1421 1414 102 103 
1132 1400 1311 216 1398 
1133 86 207 1366 85 
1134 922 927 1399 928 
1135 609 225 1498 610 
1136 1193 1200 1441 875 
1137 1361 643 641 471 
1138 382 1497 557 385 
1139 572 125 126 1429 
1140 608 612 1432 210 
1141 802 998 1435 803 
1142 24 194 1469 23 
1143 595 617 1504 208 
1144 990 991 1446 989 
1145 447 449 1536 448 
1146 452 448 1536 450 
1147 520 447 1118 1537 
1148 56 1500 55 2 
1149 1358 1360 1371 1357 
1150 141 1 19 1499 
1151 499 1296 1504 617 
1152 1432 612 1342 1413 
1153 122 1340 205 121 
1154 413 1413 1342 455 
1155 596 226 1499 597 
1156 496 1453 888 1074 
1157 602 194 1419 603 
1158 542 1483 14 1353 
1159 572 636 186 1491 
1160 1280 1283 1489 653 
1161 533 381 382 383 
1162 632 1427 183 1566 
1163 1100 1244 1467 1243 
1164 522 1071 1070 1467 
1165 559 1353 14 1539 
1166 1502 1349 952 950 
1167 120 1268 1359 4 
1168 473 1169 1541 1384 
1169 835 1006 1473 1005 
1170 823 891 1473 1089 
1171 1357 229 1376 1358 
1172 663 1123 1372 731 
1173 732 949 1388 948 
1174 832 1066 1478 1074 
1175 1069 1073 1478 1067 
1176 644 646 1480 645 
1177 963 965 1435 998 
1178 1234 555 1483 1212 
1179 1479 904 901 1488 
1180 134 222 1463 1341 
1181 1450 601 1472 497 
1182 882 865 1373 883 
1183 210 1374 60 61 
1184 1079 228 1486 1380 
1185 1281 1282 1564 1287 
1186 861 957 1503 956 
1187 470 469 1433 556 
1188 1098 1099 1549 1100 
1189 1010 1202 1548 1008 
1190 808 1546 963 998 
1191 1406 1545 1272 437 
1192 1281 256 1545 1282 
1193 947 948 1542 1136 
1194 1116 1164 1539 562 
1195 70 192 1514 69 
1196 929 925 920 1529 
1197 1075 1077 1380 1076 
1198 738 739 1381 1200 
1199 1407 217 1311 1400 
1200 569 31 32 1428 
1201 1265 1523 1525 1522 
1202 549 550 1553 551 
1203 228 1079 1081 1551 
1204 281 300 1466 280 
1205 607 604 606 1383 
1206 282 1524 1175 279 
1207 572 1491 124 125 
1208 22 209 1449 21 
1209 1298 584 1462 639 
1210 1290 223 1393 1547 
1211 569 1555 30 31 
1212 27 28 1410 1344 
1213 1087 883 1373 1470 
1214 569 472 473 1384 
1215 187 1382 112 113 
1216 87 88 219 1375 
1217 562 1385 458 456 
1218 1266 1267 1521 1465 
1219 129 130 1476 206 
1220 191 74 75 1538 
1221 566 1552 91 92 
1222 1177 1176 1525 1264 
1223 41 214 1508 40 
1224 36 189 1554 35 
1225 505 549 1520 636 
1226 917 17 929 1529 
1227 649 214 1303 1480 
1228 624 625 1389 616 
1229 195 33 34 1387 
1230 1340 551 1553 552 
1231 1434 221 1378 1401 
1232 129 206 1471 1308 
1233 1412 1315 217 1407 
1234 68 212 1451 67 
1235 122 1369 551 1340 
1236 874 1090 1394 1390 
1237 463 1293 435 1392 
1238 111 112 1382 1386 
1239 194 24 25 1419 
1240 94 182 1535 93 
1241 866 1104 1461 1062 
1242 1377 893 1401 1378 
1243 1347 889 1417 1418 
1244 558 566 1395 464 
1245 1090 895 1398 1394 
1246 133 1518 132 5 
1247 657 912 1134 1528 
1248 914 741 743 1397 
1249 1034 1334 1477 1029 
1250 1357 1371 4 1359 
1251 390 385 557 405 
1252 1009 1548 1051 1351 
1253 1457 1532 1416 1454 
1254 895 896 1400 1398 
1255 563 1452 535 533 
1256 58 619 1403 220 
1257 823 1089 1399 840 
1258 892 873 1401 893 
1259 896 898 1407 1400 
1260 1409 204 1315 1412 
1261 627 589 590 1468 
1262 583 192 638 1462 
1263 134 1341 1518 133 
1264 937 936 1408 938 
1265 1154 470 556 1409 
1266 589 1436 534 588 
1267 898 900 1412 1407 
1268 888 1416 1417 889 
1269 527 528 1492 526 
1270 1409 1412 900 1154 
1271 198 1410 28 29 
1272 1280 530 1496 1283 
1273 1463 227 1518 1341 
1274 1168 1411 1425 774 
1275 1380 1486 1506 1248 
1276 412 462 1413 413 
1277 604 603 1419 605 
1278 967 968 1517 1493 
1279 33 195 1428 32 
1280 922 928 1420 1295 
1281 367 1139 1533 541 
1282 761 774 1425 1093 
1283 644 645 1427 631 
1284 920 925 1430 924 
1285 624 626 1426 625 
1286 204 1421 103 104 
1287 637 1324 1492 528 
1288 213 639 1462 638 
1289 971 972 1435 965 
1290 1352 1431 44 45 
1291 654 655 1474 454 
1292 472 569 1428 568 
1293 1487 228 1551 1509 
1294 610 66 67 1451 
1295 127 190 1429 126 
1296 1133 881 1528 1134 
1297 645 1304 183 1427 
1298 1413 462 567 1432 
1299 340 341 1162 1563 
1300 1473 1006 1561 16 
1301 1421 556 1433 1414 
1302 376 1563 930 375 
1303 903 1247 1248 1434 
1304 597 20 21 1449 
1305 1097 803 1435 1099 
1306 1437 1424 964 962 
1307 1181 541 1533 1526 
1308 536 1181 1526 1507 
1309 729 875 1441 876 
1310 418 641 643 642 
1311 960 1442 1041 855 
1312 469 1180 1443 1433 
1313 1180 515 1458 1443 
1314 1232 536 1507 1495 
1315 1165 495 1383 1438 
1316 515 537 1475 1458 
1317 539 1232 1495 1482 
1318 1544 579 1487 118 
1319 537 539 1482 1475 
1320 596 597 1449 598 
1321 986 989 1446 1277 
1322 609 610 1451 611 
1323 434 526 1492 1328 
1324 600 602 1472 601 
1325 564 1387 1554 565 
1326 750 838 1534 1396 
1327 569 1384 198 1555 
1328 1525 1523 643 1264 
1329 497 492 499 1450 
1330 206 576 509 1471 
1331 713 1319 1086 1531 
1332 1041 1442 1546 808 
1333 1454 1416 888 1453 
1334 576 578 1463 577 
1335 468 583 1462 584 
1336 959 904 1479 1331 
1337 532 1444 190 1305 
1338 533 534 1436 563 
1339 639 213 627 1468 
1340 1249 1243 1467 1070 
1341 603 1543 1472 602 
1342 1433 1443 1314 188 
1343 209 22 23 1469 
1344 1318 1489 1302 184 
1345 1323 1490 1113 1111 
1346 1225 1005 1473 891 
1347 1087 1470 187 1316 
1348 1007 1008 1561 1006 
1349 1111 1113 1530 523 
1350 1165 1438 1527 1166 
1351 530 1343 189 1496 
1352 227 1476 130 131 
1353 1361 1263 1264 643 
1354 1065 1067 1478 1066 
1355 690 713 1531 1088 
1356 1443 1458 218 1314 
1357 647 649 1480 646 
1358 543 1212 1483 542 
1359 1176 1524 1522 1525 
1360 1266 655 654 642 
1361 956 1488 901 1241 
1362 652 653 1489 1318 
1363 54 55 1500 1367 
1364 938 1408 1502 941 
1365 63 64 1498 225 
1366 434 1328 1547 525 
1367 140 141 1499 226 
1368 616 1389 1516 529 
1369 1328 1492 1324 201 
1370 57 621 1500 56 
1371 208 1504 1515 592 
1372 1458 1475 1313 218 
1373 540 199 592 1515 
1374 76 77 508 180 
1375 16 1420 928 1445 
1376 863 958 1528 881 
1377 204 1409 556 1421 
1378 260 508 77 78 
1379 1477 1503 957 1029 
1380 182 1395 566 1535 
1381 280 1466 1521 282 
1382 212 68 69 1514 
1383 974 1494 1517 969 
1384 222 1484 577 1463 
1385 528 1516 193 637 
1386 501 1167 1541 1169 
1387 1475 1482 179 1313 
1388 427 430 1440 429 
1389 184 39 40 1508 
1390 25 26 185 1501 
1391 1283 1496 189 1301 
1392 123 124 1491 186 
1393 1382 187 1470 1373 
1394 626 635 1557 1426 
1395 919 917 1529 920 
1396 1106 1107 1530 1108 
1397 633 632 1566 634 
1398 1482 1495 1310 179 
1399 1220 559 1539 1164 
1400 946 1136 1542 1137 
1401 115 116 1556 224 
1402 1383 606 1527 1438 
1403 243 1272 1545 256 
1404 473 453 1481 474 
1405 924 1430 1093 1425 
1406 962 963 1546 961 
1407 715 1051 1548 1202 
1408 1244 1100 1549 1245 
1409 977 979 1346 978 
1410 235 1287 1564 259 
1411 44 1431 1566 183 
1412 1384 1541 1410 198 
1413 1309 1321 1505 540 
1414 566 92 93 1535 
1415 549 551 1369 1520 
1416 1495 1507 215 1310 
1417 102 1414 1433 188 
1418 1387 34 35 1554 
1419 228 1487 579 1486 
1420 75 76 180 573 
1421 131 132 1518 227 
1422 1089 1445 928 1399 
1423 29 30 1555 198 
1424 577 1484 1505 1321 
1425 1507 1526 1317 215 
1426 563 573 180 1452 
1427 1113 1490 1460 1253 
1428 622 1367 1500 621 
1429 90 91 1552 200 
1430 1526 1533 182 1317 
1431 471 405 557 1565 
1432 259 561 508 260 
1433 636 1520 1369 186 
1434 1532 1457 474 1415 
1435 1364 1556 116 1370 
1436 1133 1134 656 1562 
1437 1452 561 1404 535 
1438 453 1035 1032 1481 
1439 1179 1368 1534 838 
1440 634 1352 211 1557 
1441 1299 193 1516 1389 
1442 343 1465 1521 1466 
1443 1402 221 1506 1544 
1444 1349 1502 1408 932 
1445 1085 224 1556 1364 
1446 429 1440 1537 1118 
1447 960 961 1546 1442 
1448 1344 1410 1541 1167 
1449 1331 1332 1536 449 
1450 533 535 261 381 
1451 531 525 1547 1393 
1452 1248 1506 221 1434 
1453 1415 1417 1416 1532 
1454 1151 1459 520 1537 
1455 381 380 1497 382 
1456 1447 205 1346 984 
1457 1352 634 1566 1431 
1458 1299 1426 1557 211 
1459 348 1464 1465 343 
1460 1493 552 1553 970 
1461 1486 579 1544 1506 
1462 1440 430 1560 1439 
1463 1558 1559 1560 430 
1464 1391 970 1553 550 
1465 1423 481 1510 1519 
1466 258 380 381 261 
1467 1334 450 1536 1332 
1468 347 930 454 1474 
1469 1509 1551 1550 117 
1470 1323 520 1460 1490 
1471 454 930 1562 656 
1472 1465 1464 655 1266 
1473 522 1510 477 1511 
1474 348 1474 655 1464 
1475 1162 1562 930 1563 
1476 521 1033 1481 1032 
1477 984 1346 979 982 
1478 255 379 380 258 
1479 1371 1360 119 4 
1480 79 230 260 78 
1481 1550 1370 116 117 
1482 119 1402 1544 118 
1483 1358 1379 119 1360 
1484 1446 981 120 1447 
1485 231 233 259 260 
1486 524 379 1269 251 
1487 251 252 378 524 
1488 561 259 1564 1405 
1489 302 304 512 305 
1490 304 306 310 512 
1491 312 1186 512 310 
1492 305 512 340 1256 
1493 342 345 348 343 
1494 345 347 1474 348 
1495 349 375 930 347 
1496 1497 524 378 557 
1497 557 378 1362 1565 
1498 1497 380 379 524 
1499 911 910 1485 426 
1500 1440 1439 1150 431 
1501 1540 1406 437 1404 
1502 1565 1362 1361 471 
1503 1511 475 1456 1512 
1504 1346 552 1494 978 
1505 481 1423 1422 554 
1506 911 656 1134 912 
1507 1485 910 909 945 
1508 908 1137 1542 944 
1509 908 1485 945 1137 
1510 449 1112 959 1331 
1511 554 1437 966 1391 
1512 974 975 978 1494 
1513 120 981 1448 1268 
1514 474 1481 1033 1415 
1515 450 1334 1034 1035 
1516 1511 1512 1513 1072 
1517 1530 1113 1253 1108 
1518 1562 1162 1132 1133 
1519 1560 1355 1150 1439 
1520 1510 1244 1245 1519 
1521 971 1423 1519 1245 
1522 1063 1461 1253 1460 
1523 1260 1261 1263 1361 
1524 642 1265 1267 1266 
1525 1479 1333 1332 1331 
1526 430 1350 1348 1558 
1527 561 1405 1540 1404 
1528 1033 1418 1417 1415 
1529 971 1424 1422 1423 
1530 554 1422 1424 1437 
1531 1456 1455 1513 1512 
1532 552 1493 1517 1494 
2 2 3 1208
1533 2578 1659 2401 2706 
1534 2668 1619 2690 2479 
1535 2634 159 160 2636 
1536 2512 2511 1588 2513 
1537 2556 2565 2564 1967 
1538 2177 1863 2175 2176 
1539 2171 2549 2161 2625 
1540 2200 2196 2216 1840 
1541 2485 1608 2486 10 
1542 2610 1640 2560 2298 
1543 2499 1611 1599 1612 
1544 2501 2502 2678 2584 
1545 2591 2101 2672 11 
1546 1664 2587 1598 2612 
1547 2096 2097 2488 2487 
1548 2325 2228 2324 2327 
1549 2191 2201 2192 1627 
1550 2604 2444 2663 1632 
1551 1613 2496 2120 2121 
1552 2532 2533 2588 2336 
1553 2715 2557 2558 2503 
1554 75 1604 2645 2572 
1555 1578 168 169 1624 
1556 2519 2096 2487 1572 
1557 2258 2045 2654 2257 
1558 2110 2519 1572 2515 
1559 2108 2705 2703 2704 
1560 1937 2200 1840 1839 
1561 2390 2460 2018 2562 
1562 1849 2216 2196 2197 
1563 2693 1621 2115 2692 
1564 2614 2244 2666 12 
1565 2195 1630 2193 1629 
1566 2620 2372 2655 1605 
1567 76 2118 2113 1607 
1568 1581 1618 2690 1619 
1569 2109 2110 2515 2517 
1570 2603 1601 2474 2632 
1571 2164 2175 1863 2458 
1572 2691 2240 2641 1623 
1573 1734 2651 2172 2582 
1574 2591 11 2694 2100 
1575 2690 1618 1594 1631 
1576 1778 2177 1949 1780 
1577 2528 2109 2517 1568 
1578 2451 2528 1568 2521 
1579 1609 173 174 1599 
1580 2288 2287 2117 1582 
1581 2116 2486 1608 2516 
1582 66 65 2673 2527 
1583 2108 2107 1654 2705 
1584 2627 2095 2647 8 
1585 2544 2575 1659 2578 
1586 2491 2545 2514 1617 
1587 2112 2508 2650 2098 
1588 2477 2530 1592 2523 
1589 2530 2451 2521 1592 
1590 2555 2563 2390 2562 
1591 1675 1677 2602 1586 
1592 2601 2259 2258 1665 
1593 2588 1596 2684 2334 
1594 2165 13 2166 2169 
1595 2338 2337 2332 2340 
1596 2195 2185 2568 1630 
1597 2494 2120 2496 2495 
1598 2614 12 2687 2248 
1599 2592 2378 2711 1606 
1600 10 2546 1602 2485 
1601 1577 2525 2520 2233 
1602 2514 2513 2594 1615 
1603 2661 2605 2604 1632 
1604 1660 1576 2587 1664 
1605 2642 2419 2652 1639 
1606 2645 2288 1582 2572 
1607 1844 1841 1840 2216 
1608 2523 1602 2546 2477 
1609 2185 2195 2196 2200 
1610 2623 2518 176 177 
1611 173 1609 2708 172 
1612 1823 2339 1825 1821 
1613 2624 9 2697 2103 
1614 2165 2163 2680 13 
1615 2173 2174 2676 2628 
1616 2357 2206 2531 2356 
1617 1618 1581 169 170 
1618 2202 2203 2204 1628 
1619 1593 2630 7 158 
1620 2212 2358 1860 2213 
1621 1663 1698 1683 1670 
1622 2358 2212 2482 1829 
1623 2233 2232 2638 1577 
1624 1638 2558 2556 2561 
1625 171 172 2708 1594 
1626 1672 1673 1681 2526 
1627 1594 1618 170 171 
1628 2625 1853 2676 2174 
1629 2195 2194 2197 2196 
1630 77 2674 1601 78 
1631 2332 2330 2581 2340 
1632 144 1682 1600 143 
1633 174 1614 1612 1599 
1634 2502 2501 2500 1616 
1635 2202 2531 2206 2203 
1636 1634 167 168 1578 
1637 2205 2482 2212 2208 
1638 2514 1615 1614 1617 
1639 1599 1611 2700 1609 
1640 2627 8 2675 2315 
1641 2213 1860 2219 2215 
1642 2065 2522 1583 2510 
1643 1613 2121 2111 2119 
1644 2115 1621 2613 2114 
1645 2126 2609 10 2579 
1646 2522 2116 2516 1583 
1647 1610 2661 1594 2708 
1648 1584 166 167 1634 
1649 1644 1683 1698 1647 
1650 2206 2357 1829 2482 
1651 2538 1901 2356 2531 
1652 2262 2570 1659 2574 
1653 1611 2499 2497 1613 
1654 1628 2201 2190 2202 
1655 2697 9 2667 2548 
1656 2628 1730 2688 2173 
1657 1569 1641 1668 1642 
1658 2617 1628 2204 2618 
1659 1594 2661 1632 1631 
1660 1670 1671 2713 1663 
1661 2702 2197 2194 2198 
1662 1669 1668 1641 1597 
1663 1970 2622 2561 1969 
1664 1585 1685 1643 1666 
1665 1676 1674 1684 1686 
1666 2544 1652 1651 1655 
1667 1644 1647 1648 1646 
1668 166 1584 1689 165 
1669 1635 2209 2210 2217 
1670 1644 1642 1668 1683 
1671 1657 1655 1651 1656 
1672 1685 1569 1642 1643 
1673 2328 2325 2330 2329 
1674 1651 1688 1661 1656 
1675 2165 2169 2176 2175 
1676 1660 1664 1665 1657 
1677 2139 2065 2510 2505 
1678 1684 1645 1644 1646 
1679 1828 2219 1860 1785 
1680 1645 1684 1674 1667 
1681 1642 1644 1645 1643 
1682 1646 1649 1686 1684 
1683 2482 2205 2203 2206 
1684 2203 2205 2207 2204 
1685 1576 1660 1661 1662 
1686 1641 1569 146 147 
1687 1685 1585 144 145 
1688 1597 1641 147 148 
1689 1674 1676 1677 1675 
1690 1658 2260 2258 2257 
1691 144 1585 1672 1682 
1692 1650 1649 1646 1648 
1693 1674 1673 1672 1667 
1694 2166 2167 2170 2168 
1695 1569 1685 145 146 
1696 1669 1670 1683 1668 
1697 2562 2564 2565 2555 
1698 1688 1698 1663 1661 
1699 1674 1675 1681 1673 
1700 2219 1828 2221 2220 
1701 2499 2500 2501 2497 
1702 2329 2330 2332 2331 
1703 2475 2129 1938 1848 
1704 2128 2127 1869 2470 
1705 2127 2146 1851 1869 
1706 2125 1852 1847 2146 
1707 1845 2147 1848 1843 
1708 2205 2208 2209 2207 
1709 2125 2124 2147 1852 
1710 2122 2123 2130 1933 
1711 1832 2151 1933 2130 
1712 1932 1927 2066 2138 
1713 1709 2137 2135 1707 
1714 1635 2211 2207 2209 
1715 2123 2131 2152 2130 
1716 2138 2066 2136 2473 
1717 2331 2332 2335 2334 
1718 2625 2174 2173 2171 
1719 2209 2208 2212 2210 
1720 2588 2334 2335 2336 
1721 2066 2135 2137 2136 
1722 2129 2138 2473 1938 
1723 2212 2213 2214 2210 
1724 2132 2133 2134 2131 
1725 2389 2142 2025 2460 
1726 2145 2360 1801 2144 
1727 2076 2464 2054 2465 
1728 2360 2145 2361 1802 
1729 1758 1914 2025 2235 
1730 2141 2140 2241 1759 
1731 2153 1856 2422 2148 
1732 2142 2461 2235 2025 
1733 2243 2242 2068 2090 
1734 2291 1801 1795 2150 
1735 1758 2235 2141 1759 
1736 1856 2153 1791 1789 
1737 1793 1791 2153 2463 
1738 1802 2361 1807 1803 
1739 1772 1859 2162 2178 
1740 2244 2245 2466 2243 
1741 1774 2458 1863 1776 
1742 2104 2341 2143 2249 
1743 2155 2157 2246 1936 
1744 1769 2246 1859 1770 
1745 1936 2181 2154 2155 
1746 1859 2246 2157 2159 
1747 1729 2154 1711 1714 
1748 2158 2156 2179 2180 
1749 2154 1729 2156 2155 
1750 1718 2181 1936 1767 
1751 2155 2156 2158 2157 
1752 1853 2179 1716 1720 
1753 2184 2183 2182 1908 
1754 2157 2158 2160 2159 
1755 1830 2188 2189 2187 
1756 1837 2182 2183 1937 
1757 1768 2186 2184 1908 
1758 1859 2159 2160 2162 
1759 2200 1937 2183 2185 
1760 1837 1764 1766 2182 
1761 2231 2234 2275 1899 
1762 2231 1899 1725 2229 
1763 2190 2201 2191 2189 
1764 1875 1872 1871 2264 
1765 1830 2187 2184 2186 
1766 2391 2141 2235 2461 
1767 2366 2323 2321 1817 
1768 2380 2379 2381 1911 
1769 2413 2029 2420 2353 
1770 2175 2164 2163 2165 
1771 2216 1849 1846 1844 
1772 2188 1830 1771 2300 
1773 1871 2446 2239 2264 
1774 2303 1945 1930 1944 
1775 1801 2291 2073 2144 
1776 2466 2245 2467 2462 
1777 2234 2231 2232 2233 
1778 2283 2281 1744 2282 
1779 2086 1907 1865 1913 
1780 2610 2298 2296 2297 
1781 1938 1842 1843 1848 
1782 2147 1845 1847 1852 
1783 2264 1912 1896 1875 
1784 2444 1915 1896 2237 
1785 1896 1912 2238 2237 
1786 2424 2382 1911 2381 
1787 1930 1943 1946 1944 
1788 2415 2014 2344 2317 
1789 1819 1820 1822 1821 
1790 2370 2368 1857 2369 
1791 1922 1880 1943 1930 
1792 1827 2302 1953 1881 
1793 2392 2102 1953 2311 
1794 2044 2040 2042 2043 
1795 2364 2301 2363 1810 
1796 2261 2255 2254 2252 
1797 2343 2262 2255 2261 
1798 2186 1770 1771 1830 
1799 1794 1792 1791 1793 
1800 1802 1798 1796 2360 
1801 1824 1826 1861 1823 
1802 1882 1858 1827 1881 
1803 1940 1879 1880 1922 
1804 1946 1947 2303 1944 
1805 2251 2046 2043 2042 
1806 2326 2323 2366 2338 
1807 1929 1931 2115 2114 
1808 1883 2369 1857 1858 
1809 1891 1939 2379 2380 
1810 2039 2409 1973 1975 
1811 2163 2164 2178 2162 
1812 1854 1732 1728 2274 
1813 1743 1742 1740 1741 
1814 1743 1741 2417 1745 
1815 2265 1763 1749 1747 
1816 2241 1877 1752 1754 
1817 1754 1753 2286 1755 
1818 2241 1756 1758 1759 
1819 1762 2280 1760 1757 
1820 1746 1761 2283 2282 
1821 1970 2280 1762 2299 
1822 1934 2341 1913 1865 
1823 2267 2284 1878 2279 
1824 2070 1935 2281 2071 
1825 1941 1951 2113 1942 
1826 2073 2291 2069 2070 
1827 2281 2283 2075 2071 
1828 2465 2145 2144 2076 
1829 2105 2106 2153 2148 
1830 1878 2284 2293 2285 
1831 1902 1876 1897 2273 
1832 1872 1875 1876 1874 
1833 1846 1845 1843 1844 
1834 2146 1847 1850 1851 
1835 1919 1918 1917 1916 
1836 1960 1920 1918 1919 
1837 2276 1735 1734 1733 
1838 1950 2276 1733 1831 
1839 1739 1737 1862 2277 
1840 2416 2265 1745 2417 
1841 1761 1746 1747 1748 
1842 1751 1753 1754 1752 
1843 2295 1762 1755 2286 
1844 2177 1778 1776 1863 
1845 2358 1783 1785 1860 
1846 1788 1786 1784 1787 
1847 2360 1796 1795 1801 
1848 2402 1797 1799 1814 
1849 1803 1800 1798 1802 
1850 2365 1811 1808 1813 
1851 1836 1822 1820 2313 
1852 1942 1923 1854 1941 
1853 1923 1924 2318 1855 
1854 1865 1864 1935 1934 
1855 1753 1878 2285 2286 
1856 2264 2239 2238 1912 
1857 1945 2429 1922 1930 
1858 2069 2143 2341 1934 
1859 1923 1942 2117 2287 
1860 1947 1948 2322 2324 
1861 1978 2304 1980 1976 
1862 2418 2423 2040 2044 
1863 2073 2070 2071 2072 
1864 2419 2268 2266 2269 
1865 1762 2295 2296 2299 
1866 2315 2392 2311 2312 
1867 1870 1869 1851 1868 
1868 1867 1900 1931 1929 
1869 2229 2230 2232 2231 
1870 1812 2364 1810 1809 
1871 2337 2338 2366 1825 
1872 1891 1894 2374 1939 
1873 1889 1909 1971 1910 
1874 1889 1910 1973 2373 
1875 1943 2363 2301 1946 
1876 1975 1974 1977 1976 
1877 1981 1982 2344 2014 
1878 2345 1992 1993 1994 
1879 1995 2352 2001 1997 
1880 1999 2384 2008 2003 
1881 2142 2389 2021 2020 
1882 2391 2022 2023 2067 
1883 2007 2022 2391 2250 
1884 2037 2432 2051 2035 
1885 2346 2439 2050 2435 
1886 2464 2085 2053 2054 
1887 2036 2053 2354 2290 
1888 2242 2140 2067 2068 
1889 2460 2390 2388 2389 
1890 1899 1727 1726 1725 
1891 1750 1748 1747 1749 
1892 1756 1757 1760 1758 
1893 1831 1855 2318 1950 
1894 2320 2427 2277 1862 
1895 2086 2087 2278 1907 
1896 2247 2072 2071 2075 
1897 1899 2275 2274 1727 
1898 1742 1744 1864 1833 
1899 2280 1966 1965 1760 
1900 1965 1966 1969 1967 
1901 2144 2073 2074 2076 
1902 2249 2106 2105 2104 
1903 1942 2113 2118 2117 
1904 2270 2267 2266 2268 
1905 2427 2416 2417 2277 
1906 2146 2127 2126 2125 
1907 1838 1841 1842 1904 
1908 1918 1921 1954 1917 
1909 2411 2410 1985 2024 
1910 2002 2435 2050 2048 
1911 1775 1901 2300 1773 
1912 1775 1776 1778 1777 
1913 1777 1778 1780 1779 
1914 1789 1787 2359 1856 
1915 1789 1791 1792 1790 
1916 1793 1795 1796 1794 
1917 1814 1799 2307 1866 
1918 1803 1807 2305 1805 
1919 1809 1811 1815 1812 
1920 2321 2364 1812 1817 
1921 1866 1879 2406 1814 
1922 1903 1818 1816 1815 
1923 1821 1825 2366 1819 
1924 2302 1827 1826 1824 
1925 1826 1827 1858 1857 
1926 1858 1882 1884 1883 
1927 1887 1886 1885 1884 
1928 1889 1888 1886 1887 
1929 2374 2378 2379 1939 
1930 1922 2091 2092 1940 
1931 1879 1940 2408 2406 
1932 2364 2321 1948 2301 
1933 1972 1974 1975 1973 
1934 1893 2373 1973 2409 
1935 2395 1977 1974 2394 
1936 2415 2343 1981 2014 
1937 2028 2027 1989 2013 
1938 1991 1990 1993 1992 
1939 1992 2002 2047 1991 
1940 1996 2005 2345 1994 
1941 1994 1995 1997 1996 
1942 1998 1999 2003 2000 
1943 2385 2384 1999 2001 
1944 2000 2003 2007 2004 
1945 2007 2250 2012 2004 
1946 2385 2030 2008 2384 
1947 2386 2019 2011 2017 
1948 2062 2289 2015 2016 
1949 2387 2386 2017 2021 
1950 2387 2021 2389 2388 
1951 2033 2032 2400 2034 
1952 2290 2033 2035 2036 
1953 2080 2037 2034 2038 
1954 2035 2051 2052 2036 
1955 2436 2050 2439 2438 
1956 2036 2052 2054 2053 
1957 2089 2289 2062 2355 
1958 2355 2062 2290 2354 
1959 2038 2083 2353 2082 
1960 2348 2347 2397 2349 
1961 1859 1772 1771 1770 
1962 2178 1774 1773 1772 
1963 1781 1829 2357 1779 
1964 1822 1836 2302 1824 
1965 1881 1952 2433 1882 
1966 1894 1905 1968 2374 
1967 1880 2306 2363 1943 
1968 1979 1981 2010 1978 
1969 2042 2040 2039 1980 
1970 2250 2026 2020 2012 
1971 2251 2252 2253 2046 
1972 1814 2406 2407 2402 
1973 1980 2304 2251 2042 
1974 2140 2242 1877 2241 
1975 1883 1925 2370 2369 
1976 2394 2430 2024 2395 
1977 2064 2421 2029 2028 
1978 2418 2440 2094 2060 
1979 2186 1768 1769 1770 
1980 1776 1775 1773 1774 
1981 1777 2356 1901 1775 
1982 1782 1781 1779 1780 
1983 1784 1783 1781 1782 
1984 1783 2358 1829 1781 
1985 1786 1785 1783 1784 
1986 2407 1834 1788 1790 
1987 2402 2407 1790 1792 
1988 1797 2402 1792 1794 
1989 2463 2150 1795 1793 
1990 1798 1797 1794 1796 
1991 1800 1799 1797 1798 
1992 1804 2307 1799 1800 
1993 1805 1804 1800 1803 
1994 1808 1806 1804 1805 
1995 1806 2362 2307 1804 
1996 1811 1809 1806 1808 
1997 1805 2305 1813 1808 
1998 1817 1812 1815 1816 
1999 1819 2366 1817 1816 
2000 1820 1819 1816 1818 
2001 1818 2316 2313 1820 
2002 1824 1823 1821 1822 
2003 1857 2367 1861 1826 
2004 2313 2312 2311 1836 
2005 1949 2422 1856 2359 
2006 2306 1880 1879 1866 
2007 2101 1952 1881 1953 
2008 1925 1883 1884 1885 
2009 2372 1925 1885 2382 
2010 2433 1909 1889 1887 
2011 2380 1888 1890 1891 
2012 1892 1890 2373 1893 
2013 1890 1892 1894 1891 
2014 1906 1905 1894 1895 
2015 2077 2041 1895 2342 
2016 1968 1905 1906 2308 
2017 1952 2442 1909 2433 
2018 2323 2322 1948 2321 
2019 1836 2311 1953 2302 
2020 1976 1980 2039 1975 
2021 2056 2393 2006 2414 
2022 2030 2385 2400 2032 
2023 2434 2039 2040 2423 
2024 2010 2261 2252 2251 
2025 1810 2363 2306 2362 
2026 2316 2314 2312 2313 
2027 2006 2393 2317 2344 
2028 2348 2349 2351 2350 
2029 1726 1724 1723 1725 
2030 1787 1784 1782 2359 
2031 2362 2306 1866 2307 
2032 1974 1972 2100 2394 
2033 2089 2023 2015 2289 
2034 2077 2060 2059 2041 
2035 1834 2407 2406 2408 
2036 2656 2426 2567 2657 
2037 1845 1846 1850 1847 
2038 1929 2272 1868 1867 
2039 1897 1876 1875 1896 
2040 1919 2605 2093 1960 
2041 1902 2404 2405 2403 
2042 2251 2304 1978 2010 
2043 1893 2409 2039 2434 
2044 1921 1918 1920 2445 
2045 1867 1850 2448 1900 
2046 1868 1871 1872 1870 
2047 1896 1915 1916 1897 
2048 2445 2110 2109 1921 
2049 1840 1841 1838 1839 
2050 2236 1961 1920 1960 
2051 2292 1740 1742 2278 
2052 2265 1747 1746 1745 
2053 1751 1749 1763 2279 
2054 1735 2276 2320 1862 
2055 2011 2019 2397 2398 
2056 2057 2058 2393 2056 
2057 2278 2087 2263 2292 
2058 2274 1728 1726 1727 
2059 1728 1732 1733 1731 
2060 1738 1739 1741 1740 
2061 1742 1743 2282 1744 
2062 1935 1864 1744 2281 
2063 1749 1751 1752 1750 
2064 2241 1754 1755 1756 
2065 1965 1914 1758 1760 
2066 2266 2267 2279 1763 
2067 1864 1865 1907 1833 
2068 2103 1913 2341 2104 
2069 1854 2274 2275 1941 
2070 2646 2319 1950 2318 
2071 2280 1970 1969 1966 
2072 2247 2074 2073 2072 
2073 1763 2265 2416 2266 
2074 2293 2284 2267 2270 
2075 2286 2285 2294 2295 
2076 1741 1739 2277 2417 
2077 1850 1846 1849 2448 
2078 1811 2365 1903 1815 
2079 1882 2433 1887 1884 
2080 2083 2428 2352 2441 
2081 1772 1773 2300 1771 
2082 2359 1782 1780 1949 
2083 1790 1788 1787 1789 
2084 2362 1806 1809 1810 
2085 1886 1911 2382 1885 
2086 1888 1889 2373 1890 
2087 1894 1892 2342 1895 
2088 1892 1893 2434 2342 
2089 1947 1946 2301 1948 
2090 1997 1998 2383 1996 
2091 2383 1998 2000 2398 
2092 2385 2001 2352 2428 
2093 2374 1968 2376 2375 
2094 1985 1984 1982 1983 
2095 2006 1984 1985 1986 
2096 2412 1990 1988 1989 
2097 2414 2396 1991 2047 
2098 1989 2027 2413 2412 
2099 2392 2421 2064 2449 
2100 1895 2041 2059 1906 
2101 1981 1979 1983 1982 
2102 2007 2015 2023 2022 
2103 2032 2033 2290 2031 
2104 1987 2410 2063 2013 
2105 2108 2401 2061 2058 
2106 1888 2380 1911 1886 
2107 1725 1723 1898 2229 
2108 1736 1735 1862 1737 
2109 2234 1951 1941 2275 
2110 2427 2269 2266 2416 
2111 1731 1730 1726 1728 
2112 1733 1732 1854 1831 
2113 1739 1738 1736 1737 
2114 1740 2292 1835 1738 
2115 2279 1878 1753 1751 
2116 1756 1755 1762 1757 
2117 1742 1833 1907 2278 
2118 1831 1854 1923 1855 
2119 2070 2069 1934 1935 
2120 2295 2294 2297 2296 
2121 1842 1841 1844 1843 
2122 1868 1851 1850 1867 
2123 1919 1916 1915 2443 
2124 1779 2357 2356 1777 
2125 1973 1910 1971 1972 
2126 1979 1978 1976 1977 
2127 2261 2010 1981 2343 
2128 2006 2344 1982 1984 
2129 1986 1985 2410 1987 
2130 1987 1988 2396 1986 
2131 1988 1987 2013 1989 
2132 2396 1988 1990 1991 
2133 2009 1993 1990 2412 
2134 1994 1993 2009 1995 
2135 1998 1997 2001 1999 
2136 2398 2000 2004 2011 
2137 2049 2047 2002 2048 
2138 2015 2007 2003 2008 
2139 2435 2345 2005 2346 
2140 2030 2016 2015 2008 
2141 2441 2009 2412 2413 
2142 2004 2012 2017 2011 
2143 2032 2031 2016 2030 
2144 2012 2020 2021 2017 
2145 2067 2023 2089 2068 
2146 2013 2063 2064 2028 
2147 2016 2031 2290 2062 
2148 2037 2035 2033 2034 
2149 2432 2037 2080 2081 
2150 2055 2049 2048 2084 
2151 2047 2049 2056 2414 
2152 2048 2050 2436 2084 
2153 2108 2058 2057 2107 
2154 2393 2058 2061 2317 
2155 2423 2418 2060 2077 
2156 2391 2067 2140 2141 
2157 2413 2353 2083 2441 
2158 2385 2428 2083 2400 
2159 2005 2347 2348 2346 
2160 2446 1871 1868 2272 
2161 1874 1873 1870 1872 
2162 1985 1983 2395 2024 
2163 2435 2002 1992 2345 
2164 2034 2400 2083 2038 
2165 2057 2056 2049 2055 
2166 2398 2397 2347 2383 
2167 2246 1769 1767 1936 
2168 1818 1903 2452 2316 
2169 2450 2273 1917 1954 
2170 2182 1766 1768 1908 
2171 1745 1746 2282 1743 
2172 2288 1924 1923 2287 
2173 2276 1950 2319 2320 
2174 2291 2150 2143 2069 
2175 2320 2431 2269 2427 
2176 1874 2403 2453 1873 
2177 1876 1902 2403 1874 
2178 1977 2395 1983 1979 
2179 1995 2009 2441 2352 
2180 2414 2006 1986 2396 
2181 2347 2005 1996 2383 
2182 2028 2029 2413 2027 
2183 2423 2077 2342 2434 
2184 2019 2399 2349 2397 
2185 1961 1962 2445 1920 
2186 2273 2450 2404 1902 
2187 1937 1839 1838 1837 
2188 2365 2454 2452 1903 
2189 1813 2455 2454 2365 
2190 1916 1917 2273 1897 
2191 2455 2081 2095 2454 
2192 2457 2432 2081 2455 
2193 1807 2456 2457 2305 
2194 2455 1813 2305 2457 
2195 2432 2457 2456 2051 
2196 1769 1768 1766 1767 
2197 1724 1722 1721 1723 
2198 2126 2079 2124 2125 
2199 1838 1765 1764 1837 
2200 1722 1720 1719 1721 
2201 1767 1766 1764 1718 
2202 2486 2116 1958 2078 
2203 2156 1729 1716 2179 
2204 1765 1717 1718 1764 
2205 2151 1832 1719 1715 
2206 1720 1716 1715 1719 
2207 2181 1718 1717 1713 
2208 2079 2078 1958 1959 
2209 1729 1714 1715 1716 
2210 2181 1713 1711 2154 
2211 2138 2129 1957 1932 
2212 1717 1712 1711 1713 
2213 1926 1928 2065 2139 
2214 2151 1715 1714 1710 
2215 1959 1958 1956 1957 
2216 2137 1709 1711 1712 
2217 1774 2178 2164 2458 
2218 2361 2459 2456 1807 
2219 1957 1956 1928 1932 
2220 1714 1711 1709 1710 
2221 2051 2456 2459 2052 
2222 2250 2391 2461 2026 
2223 2467 1761 1748 2462 
2224 2242 2243 2466 1877 
2225 1914 2018 2460 2025 
2226 2020 2026 2461 2142 
2227 1710 1708 1933 2151 
2228 2143 2150 2463 2249 
2229 2249 2463 2153 2106 
2230 1748 1750 2466 2462 
2231 2248 2464 2076 2074 
2232 2052 2459 2465 2054 
2233 1877 2466 1750 1752 
2234 2145 2465 2459 2361 
2235 1761 2467 2075 2283 
2236 2245 2468 2075 2467 
2237 2122 1933 1708 1706 
2238 2135 2066 1927 1705 
2239 1932 1928 1926 1927 
2240 1710 1709 1707 1708 
2241 1705 1704 1707 2135 
2242 1927 1926 1703 1705 
2243 1708 1707 1704 1706 
2244 2130 2152 2469 1832 
2245 1723 1721 2469 1898 
2246 2128 2470 1873 2453 
2247 2122 1706 1704 1702 
2248 1832 2469 1721 1719 
2249 2136 2137 1712 2472 
2250 2472 1904 2473 2136 
2251 1838 1904 2472 1765 
2252 1869 1870 1873 2470 
2253 1848 2147 2124 2475 
2254 2079 1959 2475 2124 
2255 2229 1898 2471 2230 
2256 1898 2469 2152 2471 
2257 2230 2471 2134 2474 
2258 2131 2134 2471 2152 
2259 1712 1717 1765 2472 
2260 1842 1938 2473 1904 
2261 2129 2475 1959 1957 
2262 1705 1703 1702 1704 
2263 2682 2535 2534 2536 
2264 1650 1648 1688 1651 
2265 2403 2405 2476 2453 
2266 2446 2447 2478 2239 
2267 2481 2221 1828 2480 
2268 1785 1786 2480 1828 
2269 2480 1834 2408 2481 
2270 1657 1656 1661 1660 
2271 2122 1702 1700 1701 
2272 1597 2554 2699 1669 
2273 1834 2480 1786 1788 
2274 1940 2092 2481 2408 
2275 1667 1666 1643 1645 
2276 2220 2221 2483 2222 
2277 1585 1666 1667 1672 
2278 1686 1679 1678 1676 
2279 1702 1703 2484 1700 
2280 2223 2222 2483 2225 
2281 2535 2533 2371 2534 
2282 2484 2139 2505 1567 
2283 2221 2481 2092 2483 
2284 1571 1687 71 70 
2285 1963 2096 2519 1962 
2286 1607 2113 1951 2520 
2287 1700 2484 1567 1699 
2288 2531 2202 2190 2538 
2289 1928 1956 2522 2065 
2290 2139 2484 1703 1926 
2291 1578 1624 2689 1625 
2292 1672 2526 1600 1682 
2293 1648 1647 1698 1688 
2294 1921 2109 2528 1954 
2295 2450 2451 2530 2404 
2296 1695 1680 1691 1692 
2297 2210 2214 2542 2217 
2298 2258 2259 2580 2045 
2299 2132 2539 2504 1570 
2300 1857 2368 2532 2367 
2301 2189 2188 2538 2190 
2302 2215 2219 2220 2537 
2303 1635 2217 2542 2218 
2304 2110 2445 1962 2519 
2305 2131 2123 2539 2132 
2306 2233 2520 1951 2234 
2307 2116 2522 1956 1958 
2308 2189 2191 2611 2187 
2309 1967 1969 2561 2556 
2310 1679 1686 1649 1697 
2311 2099 2236 2606 2660 
2312 1595 115 114 2489 
2313 1651 1652 1653 1650 
2314 169 1581 1620 1624 
2315 2647 2420 2675 8 
2316 2451 2450 1954 2528 
2317 2331 2333 2529 2329 
2318 2477 2405 2404 2530 
2319 2495 2498 2524 2506 
2320 1697 1691 1680 1679 
2321 2533 2532 2368 2371 
2322 1901 2538 2188 2300 
2323 2593 2583 2624 2149 
2324 1701 1700 1699 1591 
2325 2327 2581 2330 2325 
2326 2520 2525 2648 1607 
2327 1649 1650 1653 1697 
2328 2410 2411 2566 2063 
2329 1701 2539 2123 2122 
2330 74 73 2559 1637 
2331 2611 2568 2184 2187 
2332 2309 2540 1968 2308 
2333 1675 1586 2621 1681 
2334 2644 2643 2642 1639 
2335 2213 2215 2541 2214 
2336 2701 2577 2717 2254 
2337 113 1590 2489 114 
2338 101 100 2487 2488 
2339 102 101 2488 1573 
2340 84 83 1591 1699 
2341 91 90 1608 2485 
2342 87 86 2505 2510 
2343 85 84 1699 1567 
2344 104 103 2507 2493 
2345 108 2600 1588 109 
2346 111 1589 2509 112 
2347 105 104 2493 1574 
2348 100 99 1572 2487 
2349 71 2503 1580 72 
2350 82 81 1570 2504 
2351 86 85 1567 2505 
2352 106 105 1574 2506 
2353 103 102 1573 2507 
2354 109 1588 2511 110 
2355 83 82 2504 1591 
2356 88 87 2510 1583 
2357 92 91 2485 1602 
2358 112 2509 1590 113 
2359 110 2511 1589 111 
2360 99 98 2515 1572 
2361 2490 1590 2509 2491 
2362 2539 1701 1591 2504 
2363 2494 2495 2506 1574 
2364 89 88 1583 2516 
2365 90 89 2516 1608 
2366 97 96 1568 2517 
2367 98 97 2517 2515 
2368 95 94 1592 2521 
2369 96 95 2521 1568 
2370 93 92 1602 2523 
2371 94 93 2523 1592 
2372 108 107 2524 1575 
2373 107 106 2506 2524 
2374 165 1689 1579 164 
2375 2170 2167 2549 2171 
2376 1578 1626 2595 1634 
2377 2343 2415 2570 2262 
2378 1659 2570 2061 2401 
2379 2685 2351 2619 1694 
2380 2087 2088 2586 2263 
2381 2405 2477 2546 2476 
2382 1636 2542 2214 2541 
2383 2195 1629 2198 2194 
2384 1622 2692 2639 2199 
2385 75 74 1637 1604 
2386 1578 1625 2597 1626 
2387 2043 2045 2580 2044 
2388 1733 1734 2582 1731 
2389 1691 1693 2685 1692 
2390 2166 13 2549 2167 
2391 2436 2437 2716 2084 
2392 2511 2512 2545 1589 
2393 2597 2617 2618 1626 
2394 2225 2483 2092 2547 
2395 2098 2650 2097 2596 
2396 1972 1971 2591 2100 
2397 1952 2101 2591 2442 
2398 72 1580 2559 73 
2399 2424 2381 2592 2425 
2400 155 156 2587 1576 
2401 157 7 2630 1598 
2402 2491 2509 1589 2545 
2403 148 149 2554 1597 
2404 2094 2631 2310 2720 
2405 2268 2271 2550 2270 
2406 2177 2593 2422 1949 
2407 2526 1681 2621 2527 
2408 2449 2064 2063 2566 
2409 2223 2224 2598 2222 
2410 153 154 2590 1587 
2411 2319 2646 1639 2652 
2412 2270 2550 2653 2293 
2413 2575 2544 1655 2576 
2414 2185 2183 2184 2568 
2415 70 69 2602 1571 
2416 2338 2340 2581 2326 
2417 1659 2575 2256 2574 
2418 2583 2593 2177 2176 
2419 2697 2548 2586 2088 
2420 2133 2132 1570 2569 
2421 1915 2444 2604 2443 
2422 2585 2634 2635 2377 
2423 2127 2128 2609 2126 
2424 2197 2608 2448 1849 
2425 2078 2079 2126 2579 
2426 1929 2114 2613 2272 
2427 2215 2537 2598 2541 
2428 2478 2447 2613 2479 
2429 1922 2429 2718 2091 
2430 2074 2247 2614 2248 
2431 2245 2244 2614 2468 
2432 2632 2133 2569 2603 
2433 2635 2637 2677 1606 
2434 81 80 2569 1570 
2435 2317 2061 2570 2415 
2436 2377 2376 2649 2585 
2437 1694 2619 2386 2387 
2438 2349 2399 2619 2351 
2439 1925 2372 2620 2370 
2440 142 2673 65 3 
2441 1605 2534 2371 2620 
2442 1582 2117 2118 2571 
2443 2639 1955 2702 2199 
2444 2107 2057 2055 2573 
2445 1627 2193 2611 2191 
2446 2262 2574 2256 2255 
2447 2104 2105 2624 2103 
2448 2179 1853 2625 2180 
2449 2476 2546 10 2609 
2450 2237 2240 2663 2444 
2451 2312 2314 2627 2315 
2452 2454 2095 2627 2452 
2453 2078 2579 10 2486 
2454 1900 1955 2639 1931 
2455 2367 2532 2336 2640 
2456 2170 2172 2615 2168 
2457 2239 2478 2641 2238 
2458 2479 1623 2641 2478 
2459 2449 2566 11 2672 
2460 2268 2419 2642 2271 
2461 2353 2420 2647 2082 
2462 2081 2080 2647 2095 
2463 2411 2694 11 2566 
2464 1735 1736 2651 1734 
2465 2269 2431 2652 2419 
2466 2440 2418 2044 2580 
2467 2257 2654 2046 2253 
2468 2382 2424 2655 2372 
2469 2243 2090 2666 2244 
2470 12 2666 2089 2355 
2471 2327 2324 2322 2669 
2472 1953 2102 2672 2101 
2473 2060 2094 2720 2059 
2474 2309 2308 2720 2310 
2475 2029 2421 2675 2420 
2476 2392 2315 2675 2421 
2477 1720 1722 2676 1853 
2478 2158 2161 2680 2160 
2479 2255 2256 2701 2254 
2480 1613 2497 2664 2496 
2481 12 2355 2354 2687 
2482 2464 2248 2687 2085 
2483 2374 2375 2711 2378 
2484 2564 2710 1965 1967 
2485 2394 2100 2694 2430 
2486 1913 2103 2697 2086 
2487 2665 2633 2120 2494 
2488 1598 2587 156 157 
2489 2326 2581 2327 2669 
2490 2633 2665 2508 2112 
2491 1576 2590 154 155 
2492 2526 2527 2673 1600 
2493 1909 2442 2591 1971 
2494 2230 2474 2638 2232 
2495 2495 2496 2664 2498 
2496 2534 1605 2656 2658 
2497 2378 2592 2381 2379 
2498 2218 1584 1634 2595 
2499 1574 2493 2665 2494 
2500 2018 2710 2564 2562 
2501 150 6 151 2681 
2502 1581 1619 2668 1620 
2503 2401 2108 2704 2706 
2504 1679 1680 2589 1678 
2505 2689 2693 2692 1622 
2506 2148 2422 2593 2149 
2507 2096 1963 2596 2097 
2508 1587 2599 152 153 
2509 2111 2098 1964 2099 
2510 2318 1924 2719 2646 
2511 2097 2650 1573 2488 
2512 2168 2586 2548 2166 
2513 2527 2621 67 66 
2514 2351 2685 1693 2350 
2515 68 67 2621 1586 
2516 119 118 2623 1633 
2517 2668 1621 2693 1620 
2518 2220 2222 2598 2537 
2519 2170 2688 2582 2172 
2520 1586 2602 69 68 
2521 1919 2443 2604 2605 
2522 2377 2635 1606 2711 
2523 2535 2698 2588 2533 
2524 1696 1695 1692 2714 
2525 2111 2121 2120 2633 
2526 1900 2448 2608 1955 
2527 2453 2476 2609 2128 
2528 1697 1653 2707 1691 
2529 2192 2201 1628 2617 
2530 2629 2631 2094 2662 
2531 2446 2272 2613 2447 
2532 2670 2626 175 2492 
2533 2075 2468 2614 2247 
2534 2292 2263 2615 1835 
2535 1588 2600 2594 2513 
2536 2425 2592 1606 2677 
2537 1571 2721 1678 2589 
2538 2594 2600 2678 2502 
2539 2552 2551 2642 2643 
2540 2019 2386 2619 2399 
2541 2368 2370 2620 2371 
2542 2552 2643 2644 1604 
2543 2715 1695 1696 2557 
2544 80 79 2603 2569 
2545 2524 2584 2678 1575 
2546 2426 2656 1605 2655 
2547 2607 1595 2490 2671 
2548 2161 2549 13 2680 
2549 149 150 2681 2554 
2550 2176 2169 2667 2583 
2551 1825 2339 2712 2337 
2552 1614 174 175 2626 
2553 1609 2700 1610 2708 
2554 2257 2253 2717 1658 
2555 1671 1587 2590 2713 
2556 2172 2651 1835 2615 
2557 2332 2337 2712 2335 
2558 2168 2615 2263 2586 
2559 2148 2149 2624 2105 
2560 2158 2180 2625 2161 
2561 175 176 2518 2492 
2562 164 1579 2686 163 
2563 2552 2553 2709 2551 
2564 2316 2452 2627 2314 
2565 1730 2628 1724 1726 
2566 2474 2134 2133 2632 
2567 2667 9 2624 2583 
2568 2294 2653 2709 2297 
2569 2607 2671 2492 2518 
2570 2111 2099 2660 2119 
2571 2296 2298 2679 2299 
2572 2336 2335 2712 2640 
2573 2237 2238 2641 2240 
2574 2426 2425 2677 2567 
2575 1960 2093 2606 2236 
2576 2518 2623 118 117 
2577 2166 2548 2667 2169 
2578 2699 2554 2681 1603 
2579 1680 1695 2715 2589 
2580 2656 2657 160 2658 
2581 2038 2082 2647 2080 
2582 1968 2540 2649 2376 
2583 1738 1835 2651 1736 
2584 2320 2319 2652 2431 
2585 2285 2293 2653 2294 
2586 2252 2254 2717 2253 
2587 2045 2043 2046 2654 
2588 2425 2426 2655 2424 
2589 2440 2601 2662 2094 
2590 2507 1573 2650 2508 
2591 1617 2670 2490 2491 
2592 2550 2271 2642 2551 
2593 2584 2664 2497 2501 
2594 2068 2089 2666 2090 
2595 2717 2577 2260 1658 
2596 2323 2326 2669 2322 
2597 143 1600 2673 142 
2598 2670 1617 1614 2626 
2599 2309 1593 2649 2540 
2600 1731 2582 2688 1730 
2601 2606 2661 1610 2660 
2602 2392 2449 2672 2102 
2603 2683 1596 2588 2698 
2604 2628 2676 1722 1724 
2605 1576 1662 2713 2590 
2606 2162 2160 2680 2163 
2607 2334 2684 2333 2331 
2608 1670 1669 2699 1671 
2609 2508 2665 2493 2507 
2610 2053 2085 2687 2354 
2611 2171 2173 2688 2170 
2612 1639 2646 2719 2644 
2613 2024 2430 2694 2411 
2614 1823 1861 2712 2339 
2615 2087 2086 2697 2088 
2616 2303 2228 2227 1945 
2617 2682 2683 2698 2535 
2618 152 2599 2699 1603 
2619 152 1603 2681 151 
2620 1571 2589 2715 1687 
2621 2055 2084 2716 2573 
2622 1914 1965 2710 2018 
2623 1661 1663 2713 1662 
2624 2376 2377 2711 2375 
2625 1676 1678 2721 1677 
2626 2092 2091 2718 2547 
2627 1906 2059 2720 2308 
2628 2575 2576 2701 2256 
2629 2524 2498 2664 2584 
2630 108 1575 2678 2600 
2631 2119 2660 1610 2700 
2632 1657 2260 2577 1655 
2633 1571 2602 1677 2721 
2634 2288 2645 2719 1924 
2635 1638 2679 2298 2560 
2636 2636 2567 2677 2637 
2637 2198 1629 2689 1622 
2638 2367 2640 2712 1861 
2639 71 1687 2715 2503 
2640 2534 2658 2659 2536 
2641 2560 2559 2558 1638 
2642 1613 2119 2700 1611 
2643 2328 2686 2228 2325 
2644 2543 2563 2555 1696 
2645 2225 2547 2718 1690 
2646 1579 1689 2226 2227 
2647 2197 2702 1955 2608 
2648 2561 2622 2679 1638 
2649 1664 2612 2601 1665 
2650 2107 2573 2716 1654 
2651 2597 1625 2689 1629 
2652 1587 1671 2699 2599 
2653 2218 2595 2211 1635 
2654 2565 2556 2558 2557 
2655 1970 2299 2679 2622 
2656 2550 2551 2709 2653 
2657 2474 1601 2674 2638 
2658 2553 2610 2297 2709 
2659 1691 2707 2437 1693 
2660 1931 2639 2692 2115 
2661 2560 1640 1637 2559 
2662 1694 2543 1696 2714 
2663 2629 2612 1598 2630 
2664 2565 2557 1696 2555 
2665 2490 2670 2492 2671 
2666 1624 1620 2693 2689 
2667 115 1595 2607 116 
2668 1653 1652 2696 2695 
2669 2503 2558 2559 1580 
2670 2098 2596 1963 1964 
2671 2686 1579 2227 2228 
2672 1962 1961 1964 1963 
2673 1654 2707 1653 2695 
2674 1694 2714 1692 2685 
2675 2099 1964 1961 2236 
2676 2661 2606 2093 2605 
2677 1607 2648 77 76 
2678 2518 117 116 2607 
2679 2623 177 178 1633 
2680 1633 178 4 119 
2681 2118 76 75 2571 
2682 2571 75 2572 1582 
2683 2638 2674 77 1577 
2684 79 78 1601 2603 
2685 2634 2585 158 159 
2686 160 161 2659 2658 
2687 162 2683 2682 161 
2688 163 2686 2529 162 
2689 77 2648 2525 1577 
2690 1689 1584 1636 2224 
2691 2309 2310 2630 1593 
2692 158 2585 2649 1593 
2693 1590 2490 1595 2489 
2694 162 2684 1596 2683 
2695 1614 1615 1616 1612 
2696 2499 1612 1616 2500 
2697 2502 1616 1615 2594 
2698 2613 1621 2668 2479 
2699 2702 2198 1622 2199 
2700 2479 2690 2691 1623 
2701 2595 1626 2618 2211 
2702 2193 1627 2597 1629 
2703 2568 2611 2193 1630 
2704 1631 1632 2663 2616 
2705 1584 2218 2542 1636 
2706 2541 2598 2224 1636 
2707 1604 1637 2553 2552 
2708 1637 1640 2610 2553 
2709 2707 1654 2716 2437 
2710 2695 2703 2705 1654 
2711 1657 1665 2258 2260 
2712 2226 1690 1945 2227 
2713 2223 2225 1690 2226 
2714 1945 1690 2718 2429 
2715 2388 2543 1694 2387 
2716 2228 2303 1947 2324 
2717 2633 2112 2098 2111 
2718 1627 2192 2617 2597 
2719 2204 2207 2211 2618 
2720 1689 2224 2223 2226 
2721 2580 2259 2601 2440 
2722 2630 2310 2631 2629 
2723 2329 2529 2686 2328 
2724 162 2529 2333 2684 
2725 2346 2348 2350 2439 
2726 1693 2438 2439 2350 
2727 2390 2563 2543 2388 
2728 1693 2437 2436 2438 
2729 2513 2514 2545 2512 
2730 161 2682 2536 2659 
2731 1652 2544 2578 2696 
2732 160 2657 2567 2636 
2733 1655 2577 2701 2576 
2734 2704 2696 2578 2706 
2735 2612 2629 2662 2601 
2736 2691 2616 2663 2240 
2737 1631 2616 2691 2690 
2738 2634 2636 2637 2635 
2739 1604 2644 2719 2645 
2740 2695 2696 2704 2703 
$EndElements
