$MeshFormat
4.1 0 8
$EndMeshFormat
$PhysicalNames
7
1 201 "bottom_support"
1 202 "right_bot_support"
1 203 "right_top_support"
1 204 "left_support"
1 205 "loadings"
2 301 "soil_bot"
2 302 "soil_top"
$EndPhysicalNames
$Entities
18 8 2 0
1 0 0 0 0 
2 15 0 0 0 
3 15 4 0 0 
4 5 4 0 0 
5 0 4 0 0 
6 15 8 0 0 
7 12 8 0 0 
8 11.252 6.2098 0 0 
9 10.145 5.2189 0 0 
10 8.6716 4.1979 0 0 
11 11.5 6.5 0 0 
12 11 5.5 0 0 
13 10 5 0 0 
14 9 3.5 0 0 
15 7 3.5 0 0 
16 6 3 0 0 
17 5.5 3 0 0 
18 5 2.5 0 0 
1 -1.000000002804313e-07 -1e-07 -1e-07 15.0000001 1e-07 1e-07 1 201 2 1 -2 
2 14.9999999 -9.999999983634211e-08 -1e-07 15.0000001 4.0000001 1e-07 1 202 2 2 -3 
3 4.9999999 3.9999999 -1e-07 15.0000001 4.0000001 1e-07 0 2 3 -4 
4 -9.999999983634211e-08 3.9999999 -1e-07 5.0000001 4.0000001 1e-07 0 2 4 -5 
5 -1e-07 -9.999999983634211e-08 -1e-07 1e-07 4.0000001 1e-07 1 204 2 5 -1 
6 14.9999999 3.9999999 -1e-07 15.0000001 8.000000099999999 1e-07 1 203 2 3 -6 
7 11.9999999 7.9999999 -1e-07 15.0000001 8.000000099999999 1e-07 1 205 2 6 -7 
8 4.9999999 3.9999999 -1e-07 12.0000001 8.000000099999999 1e-07 0 2 7 -4 
1 -1.000000002804313e-07 -9.999999983634211e-08 -1e-07 15.0000001 4.0000001 1e-07 1 301 5 1 2 3 4 5 
2 4.9999999 3.9999999 -1e-07 15.0000001 8.000000099999999 1e-07 1 302 4 -3 6 7 8 
$EndEntities
$Nodes
28 2767 1 2767
0 1 0 1
1
0 0 0
0 2 0 1
2
15 0 0
0 3 0 1
3
15 4 0
0 4 0 1
4
5 4 0
0 5 0 1
5
0 4 0
0 6 0 1
6
15 8 0
0 7 0 1
7
12 8 0
0 8 0 1
8
11.252 6.2098 0
0 9 0 1
9
10.145 5.2189 0
0 10 0 1
10
8.6716 4.1979 0
0 11 0 1
11
11.5 6.5 0
0 12 0 1
12
11 5.5 0
0 13 0 1
13
10 5 0
0 14 0 1
14
9 3.5 0
0 15 0 1
15
7 3.5 0
0 16 0 1
16
6 3 0
0 17 0 1
17
5.5 3 0
0 18 0 1
18
5 2.5 0
1 1 0 49
19
20
21
22
23
24
25
26
27
28
29
30
31
32
33
34
35
36
37
38
39
40
41
42
43
44
45
46
47
48
49
50
51
52
53
54
55
56
57
58
59
60
61
62
63
64
65
66
67
0.3 0 0
0.6 0 0
0.9 0 0
1.2 0 0
1.5 0 0
1.8 0 0
2.1 0 0
2.4 0 0
2.7 0 0
3 0 0
3.3 0 0
3.6 0 0
3.9 0 0
4.2 0 0
4.5 0 0
4.8 0 0
5.1 0 0
5.4 0 0
5.7 0 0
6 0 0
6.3 0 0
6.6 0 0
6.9 0 0
7.2 0 0
7.5 0 0
7.8 0 0
8.1 0 0
8.4 0 0
8.699999999999999 0 0
9 0 0
9.300000000000001 0 0
9.6 0 0
9.9 0 0
10.2 0 0
10.5 0 0
10.8 0 0
11.1 0 0
11.4 0 0
11.7 0 0
12 0 0
12.3 0 0
12.6 0 0
12.9 0 0
13.2 0 0
13.5 0 0
13.8 0 0
14.1 0 0
14.4 0 0
14.7 0 0
1 2 0 13
68
69
70
71
72
73
74
75
76
77
78
79
80
15 0.2857142857142853 0
15 0.5714285714285704 0
15 0.857142857142856 0
15 1.142857142857142 0
15 1.428571428571426 0
15 1.714285714285711 0
15 1.999999999999995 0
15 2.28571428571428 0
15 2.571428571428566 0
15 2.857142857142853 0
15 3.142857142857139 0
15 3.428571428571426 0
15 3.714285714285713 0
1 3 0 61
81
82
83
84
85
86
87
88
89
90
91
92
93
94
95
96
97
98
99
100
101
102
103
104
105
106
107
108
109
110
111
112
113
114
115
116
117
118
119
120
121
122
123
124
125
126
127
128
129
130
131
132
133
134
135
136
137
138
139
140
141
14.7059819851003 4 0
14.41196397020059 4 0
14.11794595530089 4 0
13.82392794040118 4 0
13.52990992550148 4 0
13.23589191060177 4 0
12.94187389570207 4 0
12.64785588080236 4 0
12.35383786590266 4 0
12.05981985100295 4 0
11.76580183610325 4 0
11.47178382120354 4 0
11.17776580630384 4 0
10.88374779140413 4 0
10.58972977650443 4 0
10.30961220317029 4 0
10.10164205737656 4 0
9.951295254402009 4 0
9.842616625145101 4 0
9.744610620178534 4 0
9.646604615211967 4 0
9.548598610245397 4 0
9.45059260527883 4 0
9.352586600312261 4 0
9.254580595345693 4 0
9.156574590379126 4 0
9.058568585412557 4 0
8.960562580445988 4 0
8.86255657547942 4 0
8.764550570512853 4 0
8.666544565546285 4 0
8.568538560579716 4 0
8.470532555613147 4 0
8.37252655064658 4 0
8.274520545680012 4 0
8.176514540713445 4 0
8.078508535746876 4 0
7.980502530780308 4 0
7.88249652581374 4 0
7.784490520847172 4 0
7.686484515880602 4 0
7.588478510914035 4 0
7.490472505947467 4 0
7.392466500980898 4 0
7.29446049601433 4 0
7.196454491047762 4 0
7.098448486081194 4 0
7.000442481114626 4 0
6.902436476148058 4 0
6.80443047118149 4 0
6.706424466214921 4 0
6.608418461248354 4 0
6.510412456281784 4 0
6.412406451315217 4 0
6.31440044634865 4 0
6.21639444138208 4 0
6.117863026151809 4 0
5.994686569165861 4 0
5.824287117428609 4 0
5.586163083341958 4 0
5.294018014899708 4 0
1 4 0 17
142
143
144
145
146
147
148
149
150
151
152
153
154
155
156
157
158
4.722222222222221 4 0
4.444444444444443 4 0
4.166666666666666 4 0
3.888888888888888 4 0
3.611111111111109 4 0
3.33333333333333 4 0
3.055555555555552 4 0
2.777777777777773 4 0
2.499999999999995 4 0
2.222222222222218 4 0
1.944444444444441 4 0
1.666666666666664 4 0
1.388888888888888 4 0
1.111111111111111 4 0
0.8333333333333339 4 0
0.5555555555555571 4 0
0.2777777777777803 4 0
1 5 0 13
159
160
161
162
163
164
165
166
167
168
169
170
171
0 3.714285714285715 0
0 3.42857142857143 0
0 3.142857142857144 0
0 2.857142857142859 0
0 2.571428571428574 0
0 2.285714285714289 0
0 2.000000000000005 0
0 1.71428571428572 0
0 1.428571428571434 0
0 1.142857142857147 0
0 0.8571428571428608 0
0 0.5714285714285738 0
0 0.2857142857142869 0
1 6 0 13
172
173
174
175
176
177
178
179
180
181
182
183
184
15 4.285714285714286 0
15 4.57142857142857 0
15 4.857142857142856 0
15 5.142857142857141 0
15 5.428571428571426 0
15 5.714285714285711 0
15 5.999999999999995 0
15 6.285714285714279 0
15 6.571428571428566 0
15 6.857142857142852 0
15 7.142857142857139 0
15 7.428571428571426 0
15 7.714285714285714 0
1 7 0 9
185
186
187
188
189
190
191
192
193
14.7 8 0
14.4 8 0
14.1 8 0
13.8 8 0
13.5 8 0
13.2 8 0
12.9 8 0
12.6 8 0
12.3 8 0
1 8 0 27
194
195
196
197
198
199
200
201
202
203
204
205
206
207
208
209
210
211
212
213
214
215
216
217
218
219
220
11.75 7.857142857142858 0
11.5 7.714285714285714 0
11.25 7.571428571428572 0
11 7.428571428571429 0
10.75 7.285714285714286 0
10.5 7.142857142857144 0
10.25 7.000000000000002 0
10 6.857142857142859 0
9.750000000000004 6.714285714285716 0
9.500000000000004 6.571428571428573 0
9.250000000000004 6.428571428571431 0
9.000000000000004 6.285714285714287 0
8.750000000000004 6.142857142857144 0
8.500000000000004 6.000000000000002 0
8.250000000000002 5.857142857142859 0
8.000000000000002 5.714285714285715 0
7.750000000000003 5.571428571428573 0
7.500000000000002 5.42857142857143 0
7.250000000000002 5.285714285714286 0
7.000000000000002 5.142857142857144 0
6.750000000000001 5.000000000000001 0
6.500000000000001 4.857142857142858 0
6.250000000000001 4.714285714285715 0
6.000000000000001 4.571428571428572 0
5.750000000000001 4.428571428571429 0
5.5 4.285714285714286 0
5.25 4.142857142857142 0
2 1 0 1436
221
222
223
224
225
226
227
228
229
230
231
232
233
234
235
236
237
238
239
240
241
242
243
244
245
246
247
248
249
250
251
252
253
254
255
256
257
258
259
260
261
262
263
264
265
266
267
268
269
270
271
272
273
274
275
276
277
278
279
280
281
282
283
284
285
286
287
288
289
290
291
292
293
294
295
296
297
298
299
300
301
302
303
304
305
306
307
308
309
310
311
312
313
314
315
316
317
318
319
320
321
322
323
324
325
326
327
328
329
330
331
332
333
334
335
336
337
338
339
340
341
342
343
344
345
346
347
348
349
350
351
352
353
354
355
356
357
358
359
360
361
362
363
364
365
366
367
368
369
370
371
372
373
374
375
376
377
378
379
380
381
382
383
384
385
386
387
388
389
390
391
392
393
394
395
396
397
398
399
400
401
402
403
404
405
406
407
408
409
410
411
412
413
414
415
416
417
418
419
420
421
422
423
424
425
426
427
428
429
430
431
432
433
434
435
436
437
438
439
440
441
442
443
444
445
446
447
448
449
450
451
452
453
454
455
456
457
458
459
460
461
462
463
464
465
466
467
468
469
470
471
472
473
474
475
476
477
478
479
480
481
482
483
484
485
486
487
488
489
490
491
492
493
494
495
496
497
498
499
500
501
502
503
504
505
506
507
508
509
510
511
512
513
514
515
516
517
518
519
520
521
522
523
524
525
526
527
528
529
530
531
532
533
534
535
536
537
538
539
540
541
542
543
544
545
546
547
548
549
550
551
552
553
554
555
556
557
558
559
560
561
562
563
564
565
566
567
568
569
570
571
572
573
574
575
576
577
578
579
580
581
582
583
584
585
586
587
588
589
590
591
592
593
594
595
596
597
598
599
600
601
602
603
604
605
606
607
608
609
610
611
612
613
614
615
616
617
618
619
620
621
622
623
624
625
626
627
628
629
630
631
632
633
634
635
636
637
638
639
640
641
642
643
644
645
646
647
648
649
650
651
652
653
654
655
656
657
658
659
660
661
662
663
664
665
666
667
668
669
670
671
672
673
674
675
676
677
678
679
680
681
682
683
684
685
686
687
688
689
690
691
692
693
694
695
696
697
698
699
700
701
702
703
704
705
706
707
708
709
710
711
712
713
714
715
716
717
718
719
720
721
722
723
724
725
726
727
728
729
730
731
732
733
734
735
736
737
738
739
740
741
742
743
744
745
746
747
748
749
750
751
752
753
754
755
756
757
758
759
760
761
762
763
764
765
766
767
768
769
770
771
772
773
774
775
776
777
778
779
780
781
782
783
784
785
786
787
788
789
790
791
792
793
794
795
796
797
798
799
800
801
802
803
804
805
806
807
808
809
810
811
812
813
814
815
816
817
818
819
820
821
822
823
824
825
826
827
828
829
830
831
832
833
834
835
836
837
838
839
840
841
842
843
844
845
846
847
848
849
850
851
852
853
854
855
856
857
858
859
860
861
862
863
864
865
866
867
868
869
870
871
872
873
874
875
876
877
878
879
880
881
882
883
884
885
886
887
888
889
890
891
892
893
894
895
896
897
898
899
900
901
902
903
904
905
906
907
908
909
910
911
912
913
914
915
916
917
918
919
920
921
922
923
924
925
926
927
928
929
930
931
932
933
934
935
936
937
938
939
940
941
942
943
944
945
946
947
948
949
950
951
952
953
954
955
956
957
958
959
960
961
962
963
964
965
966
967
968
969
970
971
972
973
974
975
976
977
978
979
980
981
982
983
984
985
986
987
988
989
990
991
992
993
994
995
996
997
998
999
1000
1001
1002
1003
1004
1005
1006
1007
1008
1009
1010
1011
1012
1013
1014
1015
1016
1017
1018
1019
1020
1021
1022
1023
1024
1025
1026
1027
1028
1029
1030
1031
1032
1033
1034
1035
1036
1037
1038
1039
1040
1041
1042
1043
1044
1045
1046
1047
1048
1049
1050
1051
1052
1053
1054
1055
1056
1057
1058
1059
1060
1061
1062
1063
1064
1065
1066
1067
1068
1069
1070
1071
1072
1073
1074
1075
1076
1077
1078
1079
1080
1081
1082
1083
1084
1085
1086
1087
1088
1089
1090
1091
1092
1093
1094
1095
1096
1097
1098
1099
1100
1101
1102
1103
1104
1105
1106
1107
1108
1109
1110
1111
1112
1113
1114
1115
1116
1117
1118
1119
1120
1121
1122
1123
1124
1125
1126
1127
1128
1129
1130
1131
1132
1133
1134
1135
1136
1137
1138
1139
1140
1141
1142
1143
1144
1145
1146
1147
1148
1149
1150
1151
1152
1153
1154
1155
1156
1157
1158
1159
1160
1161
1162
1163
1164
1165
1166
1167
1168
1169
1170
1171
1172
1173
1174
1175
1176
1177
1178
1179
1180
1181
1182
1183
1184
1185
1186
1187
1188
1189
1190
1191
1192
1193
1194
1195
1196
1197
1198
1199
1200
1201
1202
1203
1204
1205
1206
1207
1208
1209
1210
1211
1212
1213
1214
1215
1216
1217
1218
1219
1220
1221
1222
1223
1224
1225
1226
1227
1228
1229
1230
1231
1232
1233
1234
1235
1236
1237
1238
1239
1240
1241
1242
1243
1244
1245
1246
1247
1248
1249
1250
1251
1252
1253
1254
1255
1256
1257
1258
1259
1260
1261
1262
1263
1264
1265
1266
1267
1268
1269
1270
1271
1272
1273
1274
1275
1276
1277
1278
1279
1280
1281
1282
1283
1284
1285
1286
1287
1288
1289
1290
1291
1292
1293
1294
1295
1296
1297
1298
1299
1300
1301
1302
1303
1304
1305
1306
1307
1308
1309
1310
1311
1312
1313
1314
1315
1316
1317
1318
1319
1320
1321
1322
1323
1324
1325
1326
1327
1328
1329
1330
1331
1332
1333
1334
1335
1336
1337
1338
1339
1340
1341
1342
1343
1344
1345
1346
1347
1348
1349
1350
1351
1352
1353
1354
1355
1356
1357
1358
1359
1360
1361
1362
1363
1364
1365
1366
1367
1368
1369
1370
1371
1372
1373
1374
1375
1376
1377
1378
1379
1380
1381
1382
1383
1384
1385
1386
1387
1388
1389
1390
1391
1392
1393
1394
1395
1396
1397
1398
1399
1400
1401
1402
1403
1404
1405
1406
1407
1408
1409
1410
1411
1412
1413
1414
1415
1416
1417
1418
1419
1420
1421
1422
1423
1424
1425
1426
1427
1428
1429
1430
1431
1432
1433
1434
1435
1436
1437
1438
1439
1440
1441
1442
1443
1444
1445
1446
1447
1448
1449
1450
1451
1452
1453
1454
1455
1456
1457
1458
1459
1460
1461
1462
1463
1464
1465
1466
1467
1468
1469
1470
1471
1472
1473
1474
1475
1476
1477
1478
1479
1480
1481
1482
1483
1484
1485
1486
1487
1488
1489
1490
1491
1492
1493
1494
1495
1496
1497
1498
1499
1500
1501
1502
1503
1504
1505
1506
1507
1508
1509
1510
1511
1512
1513
1514
1515
1516
1517
1518
1519
1520
1521
1522
1523
1524
1525
1526
1527
1528
1529
1530
1531
1532
1533
1534
1535
1536
1537
1538
1539
1540
1541
1542
1543
1544
1545
1546
1547
1548
1549
1550
1551
1552
1553
1554
1555
1556
1557
1558
1559
1560
1561
1562
1563
1564
1565
1566
1567
1568
1569
1570
1571
1572
1573
1574
1575
1576
1577
1578
1579
1580
1581
1582
1583
1584
1585
1586
1587
1588
1589
1590
1591
1592
1593
1594
1595
1596
1597
1598
1599
1600
1601
1602
1603
1604
1605
1606
1607
1608
1609
1610
1611
1612
1613
1614
1615
1616
1617
1618
1619
1620
1621
1622
1623
1624
1625
1626
1627
1628
1629
1630
1631
1632
1633
1634
1635
1636
1637
1638
1639
1640
1641
1642
1643
1644
1645
1646
1647
1648
1649
1650
1651
1652
1653
1654
1655
1656
10.36871341386766 3.777457143086755 0
8.700001114672373 0.2999980390880412 0
9.900043325026509 0.2994468079741972 0
7.499999997312471 0.3000000031448926 0
1.943403988183522 3.720309597090936 0
11.09817030363876 0.2969702485364214 0
12.3540887320598 3.706294831569952 0
6.299996245470998 0.3000001998802255 0
2.400081970890316 0.2990542669931562 0
11.18354341374933 3.719488803755958 0
12.60181800653794 0.2982309237908221 0
3.599992602788391 0.2999864834592865 0
4.799998278145654 0.2999984553538133 0
7.980192568465243 3.900660673230908 0
6.310432712240331 3.900072645832408 0
14.71249409991682 1.999703786708026 0
3.051942884956895 3.715392024879252 0
0.2863295330691038 2.001407477105667 0
5.834834686002695 3.879741271371397 0
9.648821948008196 3.895974394838637 0
4.185037080806953 3.717668634108022 0
13.53327485903069 3.70756916239692 0
1.497573826581758 0.2958458395173207 0
13.80565226932717 0.2951920022624683 0
8.372180173647806 3.900696997268104 0
7.489803324479149 3.900662956972809 0
0.2886746061572083 1.146258263105671 0
14.71219487747139 2.854504172149269 0
9.255696258746973 3.900609092832302 0
8.86331865129155 3.900613057696178 0
7.098499261171946 3.900631854814132 0
6.804053595263733 3.900702917802422 0
5.329714041196897 3.698305398931859 0
14.71068870334923 1.146088170875733 0
0.282229922168395 3.145241239522018 0
1.112295728842885 3.719614983693447 0
14.1218831479215 3.709474598853693 0
0.8941138331989036 0.2926389666463372 0
11.99998637442582 0.2977388663592582 0
5.699995792979452 0.2999961389608239 0
9.859127517491503 3.867656618402181 0
6.509025645951247 3.90072847144749 0
7.686009246618387 3.900700625023328 0
4.689254151646333 3.744767746870411 0
5.97548438205224 3.890254849179319 0
9.989733979491698 3.839991575143722 0
14.70283983645408 0.288643483762931 0
0.5945042618453851 0.2903963311354969 0
0.2906541080049303 0.8611415489998482 0
0.2935797624889105 0.5751718913843344 0
14.41524375557043 3.711058426425198 0
14.71122290931637 3.139884799073722 0
14.70963563973168 3.425922973999675 0
0.2791133799411032 3.71569212149363 0
14.40484490207248 0.2910916417549758 0
10.79873462084343 0.2974309015859649 0
11.69898748854848 0.2971629140882659 0
0.2836282039812907 2.859201802542175 0
13.50511750855792 0.2964865440945723 0
2.999972398806843 0.2998128089632746 0
2.100026018692088 0.2983090836905404 0
13.204122392442 0.2974365186441263 0
0.2847635588953681 2.573005124857488 0
12.94308429008623 3.706460933423476 0
11.47412460029465 3.711980153218427 0
9.300020779216485 0.2999416975700229 0
10.49941696272058 0.2981146461394582 0
5.399994899223706 0.2999954794109831 0
6.89999991813041 0.2999999341496842 0
4.199999583839923 0.2999996618915075 0
8.400000206500396 0.299999668475889 0
8.100000037260086 0.2999999440859467 0
11.76661510382974 3.708328186459377 0
14.71252792939774 2.284498626881849 0
2.220293488777583 3.71995682143749 0
1.389340402349798 3.720035336600675 0
2.496778088741666 3.719014048686637 0
0.2870023707759373 1.716345619195872 0
3.333332881933014 3.712008823142773 0
14.71167035441411 1.430476443472079 0
6.098852372501808 3.89562402216337 0
9.451909265197031 3.900347111357039 0
8.667362610265993 3.900627270842673 0
8.175880196400387 3.900665761260889 0
9.059350881248818 3.900616315922279 0
6.902357761463569 3.900668643599367 0
7.294113925242496 3.900641184409308 0
7.784200759534565 3.900679152125931 0
6.607421559920177 3.900712076401083 0
8.470614139102135 3.900667939998334 0
14.70778567575314 3.712746711759548 0
10.62191203381336 3.752058405566183 0
0.5575398535296721 3.717142491909144 0
0.2968698066676243 0.2879523652748213 0
3.617887702023305 3.709044591761101 0
14.70578991113577 0.5758026937425436 0
5.629178035684797 3.803283544325215 0
5.00840645774304 3.705846446244684 0
8.700002175704846 0.5999956115397087 0
10.3887155285369 3.551735299297566 0
1.942424201927348 3.439543540966003 0
11.09613488980767 0.5931379716834835 0
3.047861155550077 3.428002513337079 0
2.400145765615525 0.5976813912947292 0
11.4770460488133 3.425312426577883 0
5.699879572650596 0.6000191790919291 0
6.091568653780319 3.792275429332071 0
7.685253252192748 3.801183112284372 0
4.779570891369225 3.486809523827151 0
0.5730010545018009 2.003664570168172 0
8.371787133495516 3.801161571945435 0
14.42414661125067 1.999747828398744 0
0.5663031342097504 2.862059765744509 0
13.81462528377725 0.5874987557636111 0
6.507113705008321 3.801294218319133 0
6.803889133560856 3.801174111446152 0
14.42030529581236 1.150407303966961 0
1.115266356185232 3.437952027600092 0
11.69723459396582 0.5934471226389746 0
14.42341427903069 2.850931560609131 0
14.12631637665919 3.420319027897376 0
0.5797021189808307 1.150424182702728 0
0.8878005655582104 0.5825162375524058 0
14.41041004361299 0.5798999309628752 0
9.858629501533082 3.741786247417765 0
5.974244648438862 3.783558121586122 0
5.532096473669409 3.838880318577126 0
0.5842303847294232 0.865290278539893 0
10.89841169390879 3.733329192720749 0
14.42131011550138 3.13642605935578 0
0.560064498720469 3.43336066409671 0
10.15715858473002 3.808243400790594 0
9.750106251436923 3.885924336905165 0
11.39825721223536 0.2967759653861912 0
14.10595619007843 0.2928388408953251 0
10.79741772477028 0.5942257819779961 0
1.195487458125597 0.2939352900034189 0
1.799215216058588 0.2971446273877811 0
13.21109467491067 0.593269945839507 0
12.30088510732238 0.2980276800728594 0
13.8279815891439 3.708568330445353 0
12.90313789088 0.2978376045906381 0
13.23830609666722 3.706981879469044 0
10.19984558904986 0.2988319495706475 0
0.2804480099747098 3.430742102599728 0
0.2856488004348323 2.287096923880915 0
2.700007548946038 0.2994791036763271 0
7.199999981905576 0.2999999978964296 0
3.299985097438737 0.2999330663367124 0
4.499999714919698 0.2999995617212163 0
9.000006565580994 0.2999844428255236 0
3.899997770888553 0.2999967810930884 0
5.099994901251211 0.299995799594813 0
5.99998804161249 0.2999994690748045 0
6.599998117615224 0.3000005341310104 0
7.800000006156782 0.2999999911201701 0
8.400000483509841 0.5999991056031972 0
9.600041658638814 0.2997760827021658 0
12.64846591657599 3.706300049937512 0
12.06015379767303 3.706918007225645 0
14.71234373002477 2.569311637683525 0
0.2879424417159964 1.431402288487596 0
1.666375150206735 3.720106839646655 0
14.7120815238998 1.715108214191551 0
2.217405899542686 3.438579686103087 0
2.773721223728112 3.717199399481598 0
0.8352895821063688 3.718344987624203 0
14.70834922782808 0.8614520624661144 0
6.20767776324039 3.898484906695004 0
9.15753948064931 3.900595578048974 0
9.550120792394207 3.899262227975518 0
8.077945899529098 3.900643137318701 0
7.587797776965452 3.900651234926566 0
6.705755079156944 3.900672782813118 0
6.410001676433939 3.900544499091573 0
7.391858344631888 3.900633780070361 0
8.569043966573087 3.900624303762562 0
7.882222418160881 3.9006486910065 0
9.353794778955985 3.900515668361163 0
8.961304070288872 3.900591974385073 0
8.765406014223393 3.900595665947957 0
8.27391354569299 3.900649812638494 0
7.196283202604154 3.900612942759038 0
7.000499883575777 3.900625734957561 0
14.41828142800068 3.423297029311358 0
3.334514917156267 3.419824024347965 0
5.266299072357939 3.736516599944334 0
0.5896596526308224 0.5785376007976941 0
3.902796463379264 3.71052023935737 0
4.456652675533119 3.735337443686409 0
5.701823954857655 3.850108476312498 0
7.499997114907382 0.599999946213285 0
8.699983786205378 0.8999730560540078 0
12.94534886986186 3.413445618140941 0
3.599923903593582 0.6000033740382431 0
1.942499657604351 3.157408179683767 0
11.09405053750275 0.8880605632659879 0
3.043240461118535 3.137511493163007 0
4.799972901702246 0.6000063876831578 0
6.089049971806761 3.690455038331042 0
4.208851869407181 3.43887976342896 0
9.453481560142265 3.799934731743289 0
9.256719104008786 3.800941816240344 0
8.864666419474885 3.801006848670197 0
7.09814162986834 3.801070777672623 0
9.900011876533302 0.5987675828457566 0
7.979138374737381 3.801149109057298 0
5.737083619985037 3.747640940795201 0
1.797947820948884 0.5933105435545594 0
1.19018856042209 0.5858780542969784 0
12.30152310138926 0.5952332198363697 0
12.90774091713092 0.5946780297233043 0
6.899999133288937 0.6000007112703583 0
8.100000101036976 0.5999998267600788 0
0.5712524836872568 2.28901820560018 0
12.35473607188507 3.413123791148492 0
10.49876084743593 0.5958156375026786 0
14.4242202997659 2.282930963815127 0
0.5771694350283223 1.435064750748768 0
14.42233285574244 1.433708854223107 0
7.293113939222288 3.801106182467289 0
1.391588538065955 3.438814928657812 0
7.783415136767998 3.801163423075854 0
6.902337676733559 3.801115859918995 0
6.606399033414442 3.801243348579414 0
8.668143445268887 3.801041045068079 0
2.492057672977829 3.436372917490206 0
10.91129202906686 3.467279488451489 0
10.64304917402984 3.504358434698051 0
14.11354934366475 0.5833677134887492 0
0.5629744822953935 3.148285946869196 0
11.39607358099275 0.5927825941190712 0
6.305435447831869 3.800029292852727 0
6.200695049637479 3.797192425231399 0
2.09960229233026 0.5957351512568219 0
13.83280826953913 3.41814263303826 0
11.99916511336202 0.5942912777273492 0
11.19118713310153 3.442152717994462 0
13.51408874137188 0.5903034557407554 0
2.700071278855478 0.5988288929142951 0
13.24189980380829 3.414592066951837 0
3.000007145259412 0.5995132292145469 0
5.999903061204634 0.600045969973394 0
9.300035693186294 0.5998599954295758 0
9.000011309629587 0.5999579399819674 0
4.499937952630088 0.6001150300325762 0
5.39988435018012 0.5999707752243264 0
6.599990131335696 0.6000097002902538 0
4.199890393367253 0.6001798697395679 0
11.76802246073761 3.417982646544584 0
0.5689637864228683 2.575374653304389 0
8.470647884375168 3.801114029764936 0
9.060918577239901 3.801017201450738 0
14.42397394370128 2.566468914901402 0
0.5750129720732717 1.719467923315894 0
1.667321062024629 3.439159275852257 0
14.42336310955658 1.716839533443356 0
8.174842602613754 3.8011418087208 0
7.488718822959411 3.801135970761877 0
2.76848850901258 3.432479809376451 0
3.631960405340217 3.408372113098588 0
6.705300808494489 3.801174404446073 0
9.650863887328525 3.793832824754034 0
0.8383104636639924 3.435688854601422 0
14.13331215447319 2.846600696080446 0
14.13011263829281 3.132850380424392 0
6.406691876743954 3.800971799989779 0
7.586912957550087 3.801133097059797 0
8.273168302223025 3.801125213355387 0
14.41576583363423 0.8659721490441354 0
0.8751947968454408 1.155822097252869 0
0.8821579160569932 0.8698485152178637 0
9.750609674871679 3.777047053281477 0
9.990789160497833 3.684126553597674 0
10.16613959433019 3.614767513732625 0
5.317462465568349 3.759449073405459 0
10.38823110408912 3.313544531323156 0
6.899733666482319 0.9001671484099523 0
11.99805337202926 0.8891990487326602 0
1.79455267576251 0.887705904165645 0
11.19648162728721 3.16400296710329 0
2.700189891966065 0.897670753723492 0
5.999222037876397 0.9004952690510626 0
4.799894346040267 0.9002843664410325 0
6.505235736949077 3.701765580227898 0
7.684313314165871 3.701493483556091 0
8.371458198947824 3.701413923911676 0
12.91368533532789 0.8889843012843184 0
14.1345440544219 1.999228555891777 0
13.24619648452988 3.123189986977366 0
0.8525901313354431 2.578280175848616 0
5.978158188988659 3.680749601066769 0
5.236331649221492 3.653754385412304 0
13.52467519645398 0.8808881866518692 0
14.12809266286568 1.155522230600268 0
1.120594832633414 3.154102312057385 0
6.804154073722183 3.701427455282023 0
4.516245843675327 3.449377735936646 0
5.852697040414298 3.769086501014981 0
6.196153638564381 3.696614780917603 0
9.788704815649265 3.562470561433009 0
10.65284330454358 3.250841201682243 0
11.39354390418259 0.8873227421794836 0
5.402732578932508 3.740237665099373 0
1.493910994225136 0.5894655488408584 0
5.631574386498017 3.730227567491972 0
12.6043901337925 0.5950758529810296 0
13.53791243382703 3.416355770605422 0
2.097842597231567 0.892029984349495 0
10.19960988604017 0.5974223090094049 0
11.48050957790992 3.141235083258719 0
12.06092836475794 3.414638683284375 0
0.8566324442328908 2.292077853927445 0
7.199981416928985 0.6000105208015145 0
6.29992019728185 0.600055303668086 0
5.399207531118358 0.8999290317591813 0
8.399956871990785 0.8999537520219822 0
9.600055290710786 0.5994857893934318 0
9.000003962802266 0.8999337627184985 0
3.299951846104229 0.59983856428819 0
5.099901439767518 0.5999704718998886 0
4.499448798536773 0.9013737556512671 0
7.79999822265703 0.599999927908883 0
3.899874933310612 0.6001337459886649 0
8.076837564365817 3.801126841262928 0
7.390743455059547 3.801105221461905 0
9.158911240487479 3.800991320714265 0
12.64972580028302 3.41308377593832 0
0.8603495478231551 2.007626784343291 0
0.8697390389256938 1.440449827369231 0
10.79601028290342 0.8899464860676749 0
2.213764418172762 3.155893884529865 0
8.569473441071503 3.801053247624687 0
3.335043726895562 3.124070958880109 0
14.13343567987451 1.71850800795638 0
9.354867840259031 3.800519479380658 0
7.195556415858106 3.801067031570718 0
8.962990353594009 3.800983358223903 0
9.552534517959776 3.798241312927128 0
14.13444074099844 2.562591215814265 0
1.670584976595899 3.15687884210885 0
7.881276453104759 3.80113837220814 0
7.00037501693195 3.801062249080458 0
6.605780027597858 3.701634146341856 0
13.84137286927488 2.841981318838805 0
13.83727278322521 3.12941786634203 0
3.93010749897683 3.411620870581035 0
8.76653561699389 3.800997057272009 0
8.173726432756075 3.701485018333115 0
7.487610126279541 3.70143531804895 0
0.8425778461414692 3.151169759853055 0
1.183948731672606 0.8753687744542966 0
6.30066259649704 3.700037913343554 0
14.12127927488146 0.870710214977289 0
2.761563366474975 3.145970184904709 0
9.655920484561548 3.695786716594566 0
9.94900445740689 3.55705846837495 0
10.11034821371277 3.404458502317929 0
8.699884444330412 1.199779571307956 0
10.38664671231615 3.054492883379018 0
1.944407312419751 2.874842149869399 0
11.1980995690482 2.886314932489842 0
2.751292530500775 2.859354719455947 0
6.193941975604096 3.596567984327684 0
6.605531894123681 3.601970125561133 0
4.800450867667199 1.201488295374044 0
1.787203429366365 1.179445614217849 0
11.39261608278348 1.17880463486567 0
4.733821816679954 3.249189046524525 0
4.24585130211303 3.201228427209768 0
13.84296878112643 1.996554632085618 0
1.134949037336527 2.582114352853912 0
9.257981083083891 3.70099163444007 0
8.669416341375028 3.701261340345355 0
12.6074256631463 0.890253713557466 0
12.06199636249938 3.123000233032998 0
8.868228491536556 3.701158694060898 0
7.097388658449989 3.701320142646048 0
9.064903471640203 3.701190592171146 0
6.599498254353736 0.9002589983753788 0
3.898941235493862 0.9011452001504932 0
10.19908037496786 0.8955199877870861 0
6.902436002809557 3.701332371281453 0
7.977631319706964 3.701626965752111 0
13.84308159807895 2.557506731617318 0
9.874173804600336 3.4744007584654 0
5.150335965949393 3.791317430578385 0
1.488378848136378 0.8813041579599532 0
1.175899712268512 1.162801820390692 0
13.83295637362805 1.160611497000002 0
5.526389200109248 3.729750775058187 0
11.69526831524506 0.8876197633671923 0
13.54680227957466 2.837530049889242 0
6.089248746744558 3.58971531307462 0
1.127262936452226 2.868431130026964 0
12.30241851462317 0.8899294780054408 0
11.76990997132847 3.129226639999728 0
13.22012488783313 0.8848425683976264 0
2.3995038272626 0.8952231466075979 0
12.65169815419396 3.120619803166403 0
12.94873366246005 3.121604715834601 0
6.299299037893694 0.9003807463230618 0
8.099939894512158 0.8999385871390846 0
5.698863721425315 0.9004737559929932 0
7.199865601855215 0.9000846231883635 0
5.099675066403317 0.899811530279075 0
3.599320865946379 0.9003722658659423 0
9.599968341316206 0.8991266804221407 0
9.299996141910176 0.8996903443489885 0
7.799939547807341 0.899951852236319 0
4.198817988552737 0.9019863929631153 0
3.000161485459274 0.898888672062979 0
7.782279364861133 3.701542893792686 0
8.470747867873419 3.701364562166598 0
11.09318730663391 1.180342339479027 0
6.705285318677454 3.701500684571492 0
1.142025673477656 2.297010683460048 0
10.49771899781023 0.8925739424101569 0
6.403541223057977 3.701412042903448 0
8.272464674505644 3.701421492825675 0
7.586023627054617 3.70144088664668 0
14.13107438817062 1.437431428165906 0
3.64103696555022 3.101629833478301 0
5.753501962286371 3.647304166752961 0
13.54232197378971 3.126388777237907 0
0.8473093367269211 2.865122185162359 0
3.035431554489527 2.843891941139001 0
10.92110844858757 3.202471622204802 0
9.456801776455476 3.697198555937801 0
7.29174164158414 3.701424384825302 0
5.329515479413157 3.633617146714918 0
1.396715927663991 3.155512797538187 0
0.8648071868673952 1.724257681393027 0
14.13442122966537 2.280202699256189 0
13.82396705365568 0.8752762082216528 0
9.559709512292537 3.695009513539139 0
7.389521914096846 3.701420386218982 0
5.432152497360476 3.849323633250106 0
8.075526487345238 3.701582552780802 0
2.485973492032934 3.151989076632983 0
10.08635240128633 3.126695580581913 0
9.74453785093451 3.681256366063185 0
5.865739737465558 3.666678591785536 0
7.684057308314137 3.601709820907441 0
8.172472785204207 3.60187215766603 0
7.199155891454649 1.200552377454525 0
5.996183263346086 1.20192018447195 0
9.88088343721078 3.067646505884324 0
11.99953482165235 1.179559343139545 0
2.398564326935035 1.190680518693495 0
11.77007820768607 2.841434085382418 0
3.89508525172368 1.20456444783789 0
5.228154895721476 3.559243518138667 0
6.09076042721918 3.490026240806352 0
11.39829913798226 1.464623850701655 0
2.734654629421353 2.577911664309023 0
12.95201436307203 2.831399723233798 0
12.91985719718919 1.177081990610519 0
7.291010191336312 3.601649440609944 0
9.459279381980727 3.592903252785338 0
9.773984799025914 3.410511293015283 0
13.53287579763498 1.165456045832902 0
7.79954295734229 1.199536536984447 0
4.498325592301464 1.206681861784249 0
8.371051514757456 3.601478356472525 0
10.49448871465135 1.187180426628026 0
13.84079522072673 1.718932444780928 0
10.9242098814914 2.932674719872749 0
1.677155596991118 2.873309482665232 0
13.54903047977768 2.552016332271528 0
2.209081017127811 2.874460745220952 0
1.479972437162043 1.170832308472157 0
1.157504127644505 1.731375197625734 0
6.298078253178136 3.600405613389098 0
4.554399839898167 3.116942505800205 0
5.130028017457731 3.682291302368033 0
11.69600404576652 1.177878042622172 0
13.24981502194835 2.834161385286809 0
5.424216443632607 3.626804626033466 0
5.983540304237331 3.580513148833149 0
1.414600176704663 2.586570523758639 0
12.61170115309734 1.179995077241827 0
11.48105523846276 2.858585730397335 0
6.804686894051324 3.601549270596017 0
2.093356387035277 1.185413153605633 0
10.79359515355536 1.183051407385098 0
12.35634216730995 3.121276723617006 0
3.299857756028693 0.8996776130855044 0
6.295441731052669 1.201277662683325 0
7.499863455112126 0.9000068319425263 0
6.89744351791108 1.201762832568575 0
5.099827958349328 1.198983891781403 0
5.396761020137192 1.200100136271744 0
8.399649915887656 1.199561705576199 0
9.29988459053363 1.199423661222388 0
8.999985961318485 1.199734759516238 0
9.899638787190245 0.897651273500494 0
2.700857442226675 1.193758992102827 0
9.356234125120869 3.69962027021061 0
8.967563656770901 3.701123417342256 0
7.194523469418097 3.701365573918868 0
9.954501821229048 3.383866696068831 0
7.879983464296854 3.701617083225268 0
5.642281021047355 3.629416917488026 0
1.167153751127886 1.448171252625086 0
3.33085610005002 2.825338433049484 0
7.487091188998444 3.601617054938703 0
9.676507915964851 3.606688222884044 0
6.504007647256339 3.602264400064761 0
8.570128449793103 3.701297848155844 0
4.008970938625709 3.045226320792112 0
9.161677432775241 3.701178767872797 0
7.000103605489839 3.70126983424761 0
6.70558215989024 3.601719273148762 0
1.149654795269756 2.014081892380042 0
10.12888171235567 2.82408189413951 0
8.769001303243211 3.70118925607624 0
13.83706771488291 1.440720669100171 0
10.65605901110307 2.989589087353361 0
7.976719512471786 3.603056159906534 0
1.404161274280994 2.871067126418748 0
13.84310057016198 2.275789932107074 0
2.476993305351292 2.869967653327422 0
8.699769198432007 1.499054043616621 0
7.197354243045043 1.501527534429494 0
5.990774093864797 1.496685895243655 0
9.864089590280148 2.851010881668327 0
6.605055562105838 3.50227042344381 0
10.78620185281274 1.477974775234612 0
5.988731968369794 3.481728441153289 0
5.385574905892758 1.492438915783742 0
4.799248573473973 1.505205906170935 0
10.65413388797625 2.720322908915681 0
12.61829368513439 1.461126628870014 0
11.19183559434354 2.609254073480917 0
1.775638746389516 1.467385950058195 0
1.949354633858376 2.593008586805901 0
4.299606573950124 2.900559104279782 0
2.398522738850525 1.480056616008631 0
5.123468644861539 3.578667914279283 0
13.54737748958259 1.993227062946952 0
5.773682913734858 3.549592518269765 0
8.672095356272704 3.601306710884923 0
13.53852874640773 1.444322751687158 0
7.782124214189573 3.602038319301525 0
9.260475108386538 3.600957803163538 0
5.877983689622212 3.56804161465776 0
1.441040933306875 2.022577390008078 0
13.22747920176478 1.170332691678796 0
1.455746609300858 1.741289445276479 0
6.401495671072549 3.601968488952261 0
11.70274505518189 1.461363704636716 0
9.691962637591175 3.250200163935157 0
5.530630517400438 3.624696611045088 0
13.25204873480736 2.54795471430324 0
11.09454724428592 1.47201134029961 0
11.47473507217323 2.577540039273228 0
9.073116726393424 3.601128617766565 0
8.875961226312674 3.601037065831156 0
7.096916163713679 3.601345370224148 0
6.90267604989065 3.60129607815099 0
12.35751086282045 2.831342539505403 0
12.06279494530922 2.834873891903738 0
12.65403029791247 2.831301372537537 0
12.30583617823928 1.179437376411991 0
6.595192715289893 1.202334076095174 0
8.099446704496266 1.199366674584404 0
9.300138349311077 1.498289588622693 0
7.499388126362806 1.199909624615911 0
5.694976177122504 1.202705442553919 0
3.597839267329885 1.200557342027585 0
3.001498592924056 1.196527971321705 0
4.195192551419098 1.209488700256937 0
8.47104792756711 3.601402277842288 0
9.897783603856826 1.195485706197996 0
9.599017904773302 1.197839586784941 0
10.19547423845186 1.191178998519094 0
5.327706896782468 3.540420467564677 0
3.634613523784289 2.80284280168918 0
8.271442440971217 3.601536404076525 0
7.585737444636263 3.601624914730764 0
9.581956738151153 3.574914995012148 0
7.388963524743924 3.601629543842437 0
8.074333544816664 3.602704032392295 0
3.012022554422471 2.544390663685905 0
1.427074018045804 2.30392808673635 0
6.805261792718516 3.501632939941953 0
6.193494207247824 3.496687416841911 0
7.879706233870092 3.602800090259776 0
1.469282634306587 1.457229454755452 0
9.357670053524769 3.59878854052731 0
7.193962839808535 3.601557037926002 0
13.54861688791932 2.271067827774932 0
10.38920234820892 2.780516496908098 0
1.688777870197506 2.590666397292899 0
2.463053460155154 2.599626231925724 0
9.718500764950068 3.524210322850663 0
9.736675519478792 3.617466096597533 0
4.201223145167926 2.836080503944149 0
9.729199538536385 3.306909827865055 0
9.905914736996825 3.295833193726167 0
7.976963775684207 3.508390669545379 0
7.487779926513507 3.501711899626031 0
3.884044240154995 1.497809753822618 0
10.1841859847784 1.481513782494067 0
6.092093093679203 3.39040620478144 0
8.369029961134615 3.500755145272169 0
9.265639471170937 3.501330404313752 0
9.636046668440684 3.356930946171297 0
10.38745632624683 2.50971153679671 0
12.05986594636736 2.550320729211341 0
11.1738518693479 2.332968094158697 0
2.448605613124584 2.400863118044562 0
5.007846877637954 3.594377338442916 0
12.92666461275192 1.454979044424656 0
12.00794648245176 1.461008335025309 0
7.798055802992384 1.497792932877679 0
11.41462074594797 1.745080064119275 0
11.10994522556153 1.765316448043463 0
3.904533088430977 2.771882981447329 0
5.888632896781666 3.472154319628912 0
9.458397072245031 3.49244124396518 0
6.399905787732867 3.502746915504512 0
12.31315436631026 1.460794539576034 0
13.23403086370238 1.448449374187665 0
6.296608838538837 3.500834985071979 0
5.661278467759528 3.506731358822313 0
12.95293369841625 2.546411253935625 0
9.746108474678264 3.057510891864161 0
10.47961231257161 1.478218740876577 0
2.086564445187769 1.474568509295763 0
11.76511355617574 2.560195546004269 0
1.709470641135121 2.310449194206763 0
12.35561694220302 2.54812520333196 0
5.686666916924034 1.518956030982511 0
6.280533910575848 1.502923508637726 0
6.890154073985482 1.508145488083465 0
9.000517443592985 1.499061607114011 0
8.398643100944184 1.498097085040378 0
4.502800850069917 1.5104721067747 0
5.110332858132392 1.490972017866358 0
7.498237899235871 1.499000315187212 0
9.597412927573451 1.494921502138487 0
3.300573408058784 1.19884650913204 0
5.225646148059468 3.460485207298553 0
8.977402910685981 3.600933362999406 0
9.816340009628121 3.21304982146636 0
9.836175318763669 3.636315419729756 0
2.705630217951887 1.482620129204315 0
6.999992873337266 3.601135883861429 0
6.502720213307301 3.502684322451924 0
9.166902424720934 3.601228156259435 0
8.168849250375589 3.501411247238707 0
7.686335522676287 3.501622077328775 0
10.91873989634148 2.660513748602202 0
3.314339669692307 2.511361731751893 0
7.291838520902633 3.501827136393237 0
8.571514568350816 3.601325020377129 0
6.705721229782457 3.501897085923956 0
2.719498450753527 2.283235712477962 0
5.427835178881187 3.526520139757227 0
8.773752803854604 3.601191084823043 0
6.90329570183025 3.501249600070417 0
13.542636769067 1.719101004912529 0
7.785304713024152 3.502121466431324 0
7.097640484276408 3.501365768137986 0
1.736062132157017 2.031910020160719 0
1.759736478103832 1.7510744967288 0
13.24667039034406 1.992988056663084 0
13.25029909059804 2.268459536151335 0
10.13426469579372 2.553440771338141 0
2.200754097631378 2.599999489739741 0
9.650736873746494 3.442220404994054 0
9.655710337779292 3.508742622672985 0
7.09967114846287 3.40167629399449 0
7.797363090406131 3.400735450275055 0
8.698685888477623 1.798181772827065 0
7.496304568523541 1.797347176858819 0
6.604371611569958 3.402567680567123 0
5.967852219409902 1.792524213874797 0
4.112986218033802 2.608841495794615 0
9.675835994975877 2.789880141866781 0
9.59724157334959 1.787907175321477 0
5.372626133255993 1.808467858445801 0
4.781822214081151 1.791840601105011 0
10.43531625274495 1.754933861990579 0
11.75334097322485 2.282025136329454 0
12.32410572714721 1.73340738252503 0
3.632955762971148 2.500661093877491 0
9.89002160942589 2.577017051864789 0
6.295317160809577 3.401620059580743 0
10.90178625581123 2.38666144830697 0
9.600930644648662 3.264850926577662 0
2.075312577870672 1.760554591326341 0
5.727220794142414 3.446412447318549 0
2.404843006573143 1.763459026270702 0
11.71812736667146 1.736759927224246 0
12.05028147450961 2.275209387218717 0
1.984641456030126 2.313476534846379 0
9.173753366654239 3.501403949065436 0
8.884851150748833 3.500807961737427 0
8.676279732050562 3.500852219104263 0
6.193306837820611 3.396901942540996 0
5.01356070122308 3.489592583352345 0
10.75227187310795 1.821504081504156 0
11.45899376842678 2.301681338594055 0
12.62843970732281 1.730665988192045 0
12.94943310610723 2.268266520132081 0
9.538504000156408 3.32570106972015 0
7.193787673157944 1.803664665609651 0
8.097823775828525 1.497324579642307 0
6.580244017076645 1.510975801784383 0
8.470552748857722 3.500353433818326 0
9.303101872389712 1.795316441761903 0
4.18619288711114 1.544309425774524 0
3.598640067358564 1.497663319155754 0
3.006167839820957 1.488365620901156 0
5.326058585933222 3.442034948354391 0
7.586967352078528 3.501601924953105 0
9.556480949985636 3.47197882556457 0
9.890922981959662 1.488124414662324 0
12.65311326048747 2.547706807379579 0
6.398227916183699 3.403222419056338 0
8.267637085971723 3.500703482226825 0
2.928123217680202 2.258665891789499 0
7.389735743420388 3.501784404686265 0
6.805932994250045 3.401754398294361 0
7.881834248366472 3.505677012773672 0
9.361136519259103 3.499344153080697 0
8.072435340379149 3.505341336349516 0
5.121987572410807 3.477210962005882 0
7.194862271818935 3.501713660468007 0
5.53426326806054 3.517200205556216 0
6.904509192125269 3.4014908210689 0
10.64077650568172 2.449941257922267 0
11.43752524282016 2.025037018465027 0
4.866740672812614 3.72970426772411 0
10.13139623604828 2.288893365472764 0
2.418623569998243 2.067571787033157 0
13.23976231852672 1.721964366819649 0
5.79446300062172 3.459923426873615 0
2.160935602027313 2.308201935846417 0
9.082574541742254 3.501014186573919 0
8.152831191073949 3.396819681979692 0
6.906034010918309 3.301791331351895 0
8.889841251114156 3.400655062367322 0
7.491963623912119 2.099685169093612 0
9.534882750373608 3.034014376009137 0
5.894857671446996 3.376488789904934 0
9.275364220562341 3.402699467180574 0
3.889600188038928 1.76059035645134 0
6.29515897419506 3.302298032732948 0
5.019379939912729 3.388454830001141 0
7.490004437053372 3.40172443130271 0
5.170711089983067 1.678238395958968 0
9.499538360958475 3.231507042913322 0
5.224567788520478 3.360818991647283 0
8.361990286304525 3.39737795034927 0
10.15800215103357 1.760013927699264 0
2.797302402472115 2.007744336003418 0
12.34817976017712 2.272409009340075 0
5.751230967836733 1.732575088256294 0
4.563592279600709 1.735941965398712 0
4.895327651285075 3.490927993393273 0
10.61102785070034 2.192536361666683 0
9.605359335475537 2.075598485065746 0
3.939376762128829 2.514693159513982 0
12.94236123258285 1.996359013380766 0
12.02167832944933 1.73343470112706 0
12.64764298519722 2.271030811178034 0
10.86103008703662 2.117825397681391 0
9.460337273374511 3.400791736136191 0
9.088582520753649 3.401075340178289 0
9.881949607714025 1.773674794446559 0
6.247939986335905 1.784076345356353 0
6.882771170218749 1.81697095904284 0
9.002473417783401 1.798703504126183 0
8.394934872768333 1.79532451195357 0
7.79445931389369 1.794527922485879 0
3.303784681545081 1.495533172335172 0
9.718992162962444 3.171378127668611 0
6.501505620394983 3.403153596082648 0
7.294230653750798 3.402014055327928 0
8.573210839199602 3.500266756508383 0
6.705810310358283 3.402069827501129 0
5.4263512904242 3.425770564420846 0
3.24028017721121 2.136369487016074 0
7.69196147383814 3.400552258319595 0
7.976893763294576 3.437094173366952 0
7.002290506971892 3.401392249763652 0
8.779868302002049 3.500971679644429 0
4.887618261063041 3.828904571209037 0
6.093188736606547 3.291116091018299 0
5.627698380808278 3.395346430225921 0
7.884064307940593 3.401167152739318 0
7.197088758220221 3.401933765783623 0
2.038418735057158 2.040488024944973 0
4.873842073358141 3.600864053928603 0
5.644734977335666 1.734365852527947 0
10.37179934206616 2.250441811896978 0
5.80292296529246 3.372739779448642 0
9.884389234765434 2.318160095105923 0
11.73651763761535 2.010813931038716 0
9.547223991668488 3.386129336580407 0
2.72315039203503 1.75577516541678 0
11.1411618097546 2.058620524444712 0
12.93419599078567 1.726363255876894 0
12.33699989845613 2.001728910785667 0
4.468297450936295 1.817589279534323 0
9.666562363322853 2.591610702190386 0
7.810891032694428 3.295128320799472 0
5.908022112841734 2.022641301549982 0
8.690111968594724 2.10089766336514 0
5.801853551741885 3.279789001575154 0
4.101383044064216 2.426450709870967 0
4.91170549513466 3.389335843346646 0
7.788486311266634 2.092041990175561 0
7.102444813205238 3.302036146058057 0
4.305670372834904 1.749968307256383 0
3.008166757448604 1.962127431166131 0
3.61235770137743 1.795324154222131 0
3.687969733757845 2.144006986221126 0
8.785455997664542 3.400492930164478 0
8.680791781750315 3.398993342744605 0
5.009248306734333 3.838270982110863 0
6.398091528130688 3.303885887305674 0
6.604392842893801 3.302878506635752 0
9.482374329159402 2.629010311100523 0
8.991815796900056 3.400664891589409 0
10.13478957246638 2.025406825415889 0
6.536527174863918 1.859546686902205 0
7.189998033586345 2.108296512809296 0
8.093456537398936 1.793632436373668 0
9.314343392682298 2.094798391433696 0
8.466318951846711 3.394359504893185 0
5.323970492928475 3.342485845943151 0
7.391999028888922 3.401917707031983 0
5.122831280887889 3.37667429643384 0
9.369725405116707 3.40327314028933 0
5.528605803630773 3.411989832011947 0
6.8066718950474 3.301902231450582 0
8.257549782190182 3.396636057462465 0
7.58991053120322 3.401241037395391 0
8.072479002604595 3.401049467404756 0
5.99226648413072 3.383029103476805 0
6.193924758844783 3.297516625250896 0
7.004422473907556 3.301841096688694 0
9.620942335941256 3.152821496276952 0
5.717087759912976 3.378718580904509 0
7.297587142289126 3.302204623731849 0
7.966584211632536 3.304559209434315 0
5.343462255342238 1.705107817070378 0
4.773358660273956 1.681104742294958 0
5.468546849307264 1.771473798077865 0
4.860275860712214 1.710343826451545 0
10.3802060017363 2.006189795488223 0
12.03645227904318 2.004748804239306 0
9.474196600112561 3.316996707248015 0
12.6388357804708 1.999676261211569 0
5.98697852118278 2.109756643318075 0
9.182238379236132 3.4018006289987 0
3.011611947328282 1.762913639669324 0
9.878028782340618 2.049486425513306 0
5.45494653032327 1.663562634791457 0
9.63125479542807 2.347415758453472 0
4.225558333691046 2.453775685176337 0
8.68552000577268 3.296148156091557 0
7.10489890468665 3.20226838667011 0
9.093400139198419 3.300923065342372 0
7.925069221461154 3.156323151049154 0
7.479353923083019 2.421653224555691 0
5.022431505237547 3.288003791783615 0
9.528080358772502 2.787170254310988 0
6.09505608453123 3.192673117186644 0
5.478529695169067 1.869806803219432 0
8.083773798106071 2.088164738928857 0
5.223150567069402 3.261044524684912 0
6.90721065542659 3.201956834878875 0
5.896574070330255 3.280052190504801 0
6.297514661099891 3.203122723630808 0
7.49351771597202 3.301747075242459 0
4.190297829203036 2.042052044601006 0
9.403203071739362 3.216212075377183 0
5.709400165419713 3.285928660371626 0
6.355260348789578 2.061008349292178 0
6.858385891179572 2.142138813656994 0
9.343917027949226 2.416328417041396 0
5.257608932103701 1.750879404019914 0
4.681008383321229 1.796563722220762 0
4.876362859718736 1.793061804187419 0
8.348321039966656 3.297466324323958 0
6.501527228256071 3.303660012251412 0
8.381166839087721 2.093164554191223 0
9.520509997625403 3.136168939429888 0
3.949485405463395 2.289684318300517 0
9.004713286780092 2.10373595950383 0
3.303720999952383 1.791481839717277 0
8.573758131825084 3.394990963054684 0
5.422454312826371 3.325384107107542 0
8.123284959683854 3.274904450033363 0
6.706156380999592 3.302249551190064 0
8.993500903043454 3.300577459994935 0
8.789398128968745 3.299324467250241 0
7.696962964162328 3.298900116534035 0
7.200063562920285 3.302167618732039 0
9.289141477493557 3.304954389432742 0
9.384380335468627 3.310105714869858 0
5.99408558637143 3.284752631519726 0
7.395388350334719 3.30204677098742 0
6.210274552435599 2.000765544675907 0
4.495956557384554 1.992863680783059 0
5.616152267516433 3.296912852591739 0
9.637541478592142 3.047563572041432 0
10.57344314708047 2.014692416701437 0
8.690411425841333 3.194247302509486 0
4.888377904360032 1.892328253528963 0
5.276509517967574 1.848664125931052 0
7.498472289779839 3.2018632884765 0
9.097649059921688 3.200639907223047 0
8.659892002785107 2.423116720410534 0
8.065202103662246 2.383599824821256 0
6.502905121772203 3.204272658510034 0
5.609183318465181 3.197946749852731 0
4.920751509230852 3.289532789647022 0
5.799553961824236 3.182884832004612 0
4.689035827748528 1.89251667238116 0
5.896628359652628 3.182948870300387 0
6.60741464814943 2.114211186870054 0
8.093873224962138 3.087077457302687 0
9.249978398293623 2.609515226807354 0
4.136749880091087 2.28868534620673 0
6.400231333700964 3.204594883655676 0
9.747676346548712 2.956644051789339 0
9.538573279027805 2.918954538199138 0
9.009739974050452 2.416032459006848 0
5.321066718280067 3.242783839869893 0
7.187907644993562 2.40787643745373 0
5.520274581036761 3.310527684755962 0
8.891940901341611 3.300285458204705 0
8.245414183938699 3.285057007293706 0
7.593801960256897 3.300954123669166 0
6.807419755796066 3.202030094350362 0
5.123199065248631 3.276551303042915 0
6.605390511042481 3.203144980104943 0
5.995417260876415 3.187144647882377 0
8.452110415050493 3.26467197995559 0
8.578117936423212 3.285603722048311 0
7.781543569996366 2.387609754208698 0
7.301270748686157 3.20235102363551 0
7.006179931042107 3.202064322115306 0
5.382880129954597 1.909988490588309 0
6.196202488862911 3.198606410159631 0
9.303058724191866 3.207267207921038 0
7.203099355956426 3.202366969433099 0
5.23581526631507 1.685321024913171 0
4.674852252669194 1.698089793309171 0
4.935599865555759 1.676326397597066 0
6.034092112245858 2.020502714173428 0
7.80334629438408 3.190945448223364 0
9.426871967308095 3.019642413923728 0
9.417456432126208 3.119935308102596 0
9.191614996611468 3.30230099270026 0
5.921836529768038 2.119374275804201 0
6.384410620140306 2.32597332387281 0
6.403284773736907 3.105429355538296 0
5.286248014582108 1.948027259866368 0
5.487747837692432 1.9659475744174 0
7.106647718979712 3.102440641209351 0
9.037240613100998 2.621261348039342 0
6.899963577106361 2.402632731085076 0
7.844259707723638 3.055506392293156 0
7.9304262507576 2.931637938601811 0
7.549136076706044 2.636936385287412 0
6.907986183517769 3.102095791495639 0
5.513919361711929 3.210327074881076 0
7.699281213222964 3.200712949168232 0
8.381525682622973 3.207585218005492 0
8.591136210842892 3.181293053723271 0
9.423508999924966 2.913105093239214 0
9.200194008648729 3.202639982535401 0
4.288388989894914 2.345903040706866 0
6.301426147720031 3.103958769777317 0
4.805694670428857 3.373292510265419 0
5.798213011525851 3.084792167498257 0
6.098230927866331 3.095776689532137 0
8.346352813755068 2.38459324150944 0
6.70680672023236 3.202411040445114 0
5.023276458558245 3.188020020025303 0
5.220787449416916 3.161260552240835 0
8.995115438277182 3.200538984188446 0
8.791700751178885 3.19860902579551 0
8.339573703631029 3.221719390111908 0
4.789020791665642 1.891778018449554 0
6.505142619377146 3.104525228977598 0
7.399734514623325 3.202112409478483 0
5.704423615390114 3.188878842731974 0
7.599131813331958 3.201709412934005 0
7.752314512925557 2.678814813902468 0
7.305031083528087 3.102347217391743 0
5.41783501441138 3.225467788484027 0
5.897283131990707 3.086311764201707 0
9.011158700119481 2.698161984298421 0
9.316172153991602 3.010437635380358 0
9.311580649705128 3.109560357966525 0
3.955522533950531 1.979671037727162 0
9.656296534819795 2.93134998749436 0
5.170221282047141 1.775681299363841 0
4.575215034657821 1.806006289178817 0
4.971112463816223 1.789799335234629 0
6.18878540658271 2.146741217643065 0
4.44880641234178 1.703992557639961 0
6.305184483593582 3.005021725909762 0
4.894257668856346 1.992065154559559 0
9.099275253265311 3.101520900511001 0
8.693452751848382 3.094859261952801 0
7.292591387028216 2.635796989186449 0
8.784812740602588 2.670710226080268 0
5.823785796718822 2.062052736646633 0
4.924226712568668 3.191158618106225 0
8.197602572156997 2.908910168681157 0
5.701109052742391 3.089797092877925 0
7.506558035188736 3.101587686966068 0
6.074856369841059 2.247979044366879 0
9.206485400950264 3.005803426744848 0
6.279774590639409 2.155848922531402 0
6.585051789414559 2.394991263983245 0
7.773775372893705 2.880744610430697 0
9.312731921513524 2.910730225776543 0
5.413216147866114 3.124560316732527 0
5.07173720819951 1.783358194878532 0
5.180742375256534 1.873916521216313 0
5.587247348221414 1.830939378659646 0
4.82287871650658 3.277564086453615 0
4.586238319969159 1.897145348864008 0
6.808035502421059 3.102147707754162 0
6.606639775579837 3.103348016939644 0
8.89313515073542 3.20013934487761 0
7.784610886918676 3.118402048678739 0
5.122214676625796 3.176569633684879 0
7.007362870741193 3.102256605640852 0
4.694377990748984 1.990226350733434 0
5.389266053126459 2.008189193159163 0
6.199764117049487 3.100157111503192 0
8.262871724192875 3.168947560527076 0
7.205659236187191 3.102488827677316 0
6.406298169069819 3.005626918578433 0
7.405400863316205 3.10189545627425 0
7.709409471858651 3.108519755653417 0
5.604410964784269 3.09782360064772 0
4.98540175653909 1.891960020600458 0
5.317607084975679 3.142996315086803 0
8.051744573957265 2.708763715161701 0
8.91909187912119 2.578021138577252 0
5.997529390669801 3.09125015376121 0
9.405822995131588 2.800778580573418 0
7.198755296099453 2.702886187692345 0
8.732806632457828 2.728846187930957 0
6.010004326496652 2.150085374063806 0
4.582051732799379 1.620289419058471 0
4.488262827032215 1.906696773839025 0
5.960739025951266 2.216325501097525 0
6.309203700351116 2.905311235576312 0
5.290880403727368 2.046409466864412 0
5.499098274748211 2.063346044926907 0
6.65133092870534 2.601397552498852 0
6.908373097343674 3.002650012646572 0
5.829248462617305 2.131907370744224 0
7.107321216380881 3.002910647627856 0
7.308662189718295 3.001916843909915 0
4.992482031596061 1.99235603185954 0
6.959863234408679 2.626591421089064 0
4.40538264938516 1.986316715250387 0
5.798616662081141 2.986443965533527 0
5.18848947220785 1.973624639079355 0
5.707384703582903 1.875998055030709 0
6.181613253701838 2.259484919758259 0
6.43890943865811 2.175791068809855 0
7.738291923970865 3.01079984468628 0
4.700578161809229 3.340406057272689 0
8.496769308521269 3.147029779999418 0
8.521765756501685 2.635012138324004 0
9.303968155893623 2.812313914478285 0
4.829726285509253 3.187077290748145 0
5.022156785727498 3.088202291861748 0
5.217914950491711 3.061472757564544 0
6.707567117519775 3.102546563753075 0
4.794244122603383 1.990888976963065 0
8.995491770840339 3.10117270895148 0
8.792256090046356 3.098378181798513 0
6.50728329026392 3.004654501953856 0
4.593899500786796 1.991669910221962 0
5.508314731090222 3.108968914968254 0
7.610071588229177 3.102922895949921 0
8.601173913745713 3.087049773056243 0
5.564740955201309 1.934568792649778 0
9.204721576085449 3.104288029550617 0
8.912264708519022 2.764201376260129 0
5.082804611127302 1.885968649463465 0
5.601358424496544 2.996986432519516 0
6.102054292855334 2.998810214431388 0
7.517495155028365 2.999972199041391 0
8.369360080084032 3.056172067446965 0
5.314482459631732 3.043006223270715 0
7.104292906387667 2.568005736562915 0
6.080382052560127 2.144494262182272 0
5.54163595548649 1.754800045946573 0
6.203734229277119 3.001842631031809 0
4.661242723871384 1.61903402198134 0
5.059539817145482 1.663740900189123 0
4.374020299158016 1.862671695318232 0
8.761851558423778 2.597577024545293 0
5.84061003506829 2.228251862375489 0
5.958509506247387 2.335928744508322 0
6.106818370423672 2.899911982088851 0
5.215292631212365 2.961914763809794 0
4.697479886000228 2.088768199853097 0
4.89666392638042 2.091571545524688 0
8.504430299190954 3.005603430226413 0
8.693128118839448 2.995650873044589 0
9.100280341427817 3.00330696737617 0
5.62533235434432 2.007087555108102 0
4.76130936218831 3.183675549376136 0
9.207849579685385 2.811410056189768 0
4.49886240381498 2.086965324417847 0
5.192370487045871 2.072792423035352 0
5.600283946765274 2.89850786616875 0
5.750775030927574 2.035515562526009 0
7.640446064382119 2.887120258154662 0
6.0660882317071 2.349395563284386 0
8.802750306067628 2.767707587803617 0
6.208516113917144 2.902823376942985 0
9.292701342764907 2.739688913175186 0
5.899139976679097 2.989396847177812 0
4.923994516895514 3.092410562914721 0
6.808647474054098 3.002527565509605 0
5.394962890087049 2.106544977286745 0
8.893390941356531 3.100145167818409 0
6.608091074474443 3.003442612563093 0
5.120141865153162 3.076661573169406 0
7.007709670233327 3.002971656116192 0
6.409908060230149 2.905418827072123 0
7.412190097324364 3.000698805343118 0
7.207308844233018 3.002591070529427 0
4.421800546204884 1.919052469989665 0
5.089974897334658 1.986213938446916 0
5.699912450809002 2.990443078093948 0
5.409463440671301 3.023836144736204 0
6.310309604925363 2.261055421124439 0
8.381125696362066 2.870407891490872 0
5.197277282217353 1.61474582282091 0
9.206625306349633 2.907913921552154 0
7.626913923083478 2.999256000230629 0
4.718698768060092 3.5784580258831 0
4.679792915259154 3.421866727488182 0
6.859812562715156 2.594592511805401 0
5.586788750904722 1.669084015632312 0
8.696898002711279 2.808885328933265 0
5.850954178374191 2.33050210970266 0
5.799397468092367 2.888617038522709 0
6.115157803161726 2.800098824633453 0
5.958984992210744 2.436585744407241 0
5.293976108486227 2.144424114283566 0
4.399735184743681 2.080776308171634 0
6.908996386247116 2.905028756984999 0
7.105452910171871 2.904276843516435 0
7.310627587597645 2.900144510930009 0
7.528134617283474 2.893688453573708 0
6.27507370099699 2.385591322209062 0
5.093750139755661 2.086293505650062 0
5.020128818322707 2.988504000528832 0
8.762286524483343 2.816112582619608 0
8.793476753467532 2.995391406013105 0
9.102589471554625 2.903497270606531 0
7.636634479429466 2.790017179538024 0
5.734162715921407 2.231956948466516 0
6.471365248051724 2.296518410602225 0
9.219004691963018 2.718603635474898 0
4.315589610499124 1.950604428502424 0
4.65152761441432 3.193555867043417 0
6.004390144226933 2.895908657721101 0
9.355763233694089 2.691080624361393 0
5.510543374667645 2.165861401726597 0
8.530325389731942 3.077789672480202 0
4.797049702461168 2.090251424087067 0
5.730570487292152 2.133309029673366 0
6.708579330519624 3.002753182247715 0
4.826363519095921 3.093542216261133 0
6.510644695163195 2.904426752353289 0
6.316160021744732 2.804449492624614 0
5.311947926785455 2.943457750653089 0
5.503066956868736 2.909442619705121 0
8.997620965473928 3.001003996188469 0
6.172675873073919 2.365652153234166 0
4.597680201405964 2.088091163506262 0
4.995202412969613 2.091108390692292 0
5.699250452370456 2.892189485944083 0
5.117791157858765 2.977041273869846 0
8.882964158170854 2.699459211206471 0
8.598517300919779 2.995829958834405 0
5.825040826735371 1.939706159008605 0
5.274202729709076 1.621923382931102 0
8.652758851691383 2.682420659873205 0
5.745685096203982 2.330896287811671 0
5.017888705510877 2.888776138196813 0
5.797683484590502 2.793230185447988 0
6.162538210221456 2.468304161423545 0
4.699056203470901 2.187992653798642 0
4.897984530571824 2.191634453489316 0
6.372095152952474 2.401924600247079 0
6.009717741659658 2.798052238397208 0
5.21251912253835 2.862487437263107 0
4.499957817169443 2.18452574854884 0
8.606264683247151 2.792264711969133 0
9.00105943958752 2.900288230669467 0
5.629581757430516 2.240120300133495 0
7.418410408140982 2.896318562983382 0
5.858342921479078 2.429970322546572 0
9.11143734424566 2.592616576107472 0
4.297332523477202 2.060395742681038 0
9.116419640561775 2.704894131947955 0
8.49219209248808 2.895653100643856 0
8.692099283643026 2.89756171007497 0
8.993197006734514 2.792388693208752 0
5.623512169112709 2.13928018678941 0
4.716876471976844 3.106174049112037 0
5.402642142696616 2.208223699870303 0
8.896041799190257 2.997493752732962 0
6.810765127867843 2.903940979284768 0
7.006616850106314 2.905592094792397 0
5.194452433097835 2.171313378638273 0
5.598417319091018 2.802827576796984 0
6.611284204781386 2.903462093155031 0
6.416919576023064 2.804828968637017 0
5.90134565477571 2.891855464405158 0
6.060702070188773 2.448972762561644 0
6.216937709215405 2.802029771479233 0
7.541280146246884 2.780011854725845 0
7.206359868314755 2.902432408586689 0
4.823213697108428 2.994013384885363 0
4.922209839059223 2.992741853292147 0
4.996879955699868 2.191712455934221 0
5.407425028334083 2.925124762964355 0
9.106650501212155 2.80403715956945 0
8.86325165087761 2.800911581970508 0
4.526447257245749 3.221947755609371 0
4.598119197063847 3.285900859920648 0
4.724520728542095 2.991834718050352 0
5.757384503002497 2.427705142013828 0
5.297637373256707 2.245531452235447 0
6.328139449827384 2.702888819111807 0
5.959959723397508 2.526260430934047 0
6.132417906615233 2.696887840897548 0
4.998100280396584 2.292337162243221 0
6.912815202039135 2.811998919305934 0
4.400459374991534 2.18099543031459 0
7.308317235236645 2.796765512459629 0
6.51815400707393 2.804198556778117 0
6.04933007065609 2.535217254761149 0
5.527358877705424 2.264067709192829 0
5.643917833467409 2.335811122128092 0
6.473070408297559 2.40260853544015 0
5.902059810087374 2.795773653268379 0
4.633754499979415 3.067917319426027 0
7.09774409135405 2.806220976026903 0
4.79855850271032 2.189978076797388 0
5.309086919032463 2.844622025526314 0
5.501272595155569 2.813396951166132 0
6.260467534559375 2.48764400429133 0
6.711659960392327 2.903285469906203 0
5.696803449275131 2.796806462573151 0
5.115193678532186 2.877429753051241 0
4.599374993879932 2.186304183600698 0
5.095544449658709 2.185624020933415 0
4.422863861734834 3.234989428859434 0
4.920255451861651 2.892616780518567 0
4.212026750057221 2.13980531134695 0
8.49549780332941 2.776487399958134 0
4.166121958966018 1.886709093966501 0
8.596274484588593 2.896418367760887 0
8.905012370605766 2.897332821240056 0
8.801262971339234 2.879935785109445 0
8.915293785836274 2.831898530655436 0
7.420231384125734 2.78582938948268 0
5.657944139479484 2.42906915294369 0
4.630238387207599 2.992768210936444 0
5.014544010807013 2.788341328213621 0
4.700107009882567 2.287651158493835 0
5.208474044803022 2.764172158106588 0
5.791173702967464 2.701869277300469 0
6.4598649635415 2.504654831410589 0
6.42904605783531 2.704651826612082 0
4.500708539559046 2.282839009716866 0
5.096751517634248 2.286294565937977 0
6.619313326140112 2.803387757132064 0
6.81837590903004 2.806637790176072 0
5.768943516548291 2.521191415243328 0
7.407048117767124 2.670405615397896 0
5.866738333672568 2.522552327275403 0
5.419149697195735 2.325804244818561 0
5.593028700259246 2.709183825806396 0
7.003324800833106 2.812944056980818 0
6.358070817481361 2.499923123512909 0
6.164455638595624 2.5667759029924 0
4.899088584594431 2.291784895506193 0
6.231315409835286 2.697435604966623 0
7.200925398142408 2.80129154946631 0
5.196021356901271 2.270731505344934 0
4.29072339495488 2.182257467086339 0
6.019342119001013 2.706577044337636 0
4.822175015885282 2.892088610737507 0
5.404993178759059 2.827695267507368 0
4.078713845072182 2.152740899066845 0
4.42438511011912 3.094506116070821 0
4.180782349727036 2.176372461966206 0
5.971412427743866 2.606418609350036 0
8.285208179648226 2.819843626586476 0
8.403681997673328 2.772904978947531 0
4.069517516108136 1.73487750038572 0
5.549241356373063 2.350120537682054 0
5.298935489079651 2.350641291278121 0
5.400447597321039 2.730705335792791 0
5.564646560023924 2.434598338552615 0
5.670823820322186 2.521710315764799 0
6.531272473423027 2.704215740215355 0
4.403138012664218 2.277358727392861 0
6.5680790724506 2.50070366691997 0
7.070129150823811 2.692592662515755 0
4.99916837457322 2.392914746817981 0
4.537711051889255 2.99729030868059 0
6.24750169584378 2.590527880317332 0
6.929206247809369 2.723404268724965 0
5.690812773507775 2.704521234247174 0
4.799726051522082 2.289994909800149 0
6.720148334169373 2.803720252498058 0
5.496146980728263 2.718405154379969 0
5.111458246143767 2.77817339384346 0
6.444525823386991 2.604256576732892 0
4.600391205747692 2.285349012102755 0
5.19679570128471 2.372217589374438 0
5.304392302625352 2.747395945160246 0
4.91696407990797 2.791700520763955 0
7.349646805924549 2.578951264900815 0
4.216720631424547 2.244891940743734 0
7.300423471858093 2.69980154960674 0
5.895457187444959 2.703052631556325 0
8.29433040287196 2.647513279807664 0
6.034660793075432 2.592753780501389 0
5.880590957338798 2.611979058860233 0
6.065353711766308 2.619612765273716 0
6.343945134593698 2.600076853244868 0
4.220767653945149 2.952165445978664 0
4.818988536254616 2.791000943919629 0
4.70158337737668 2.387623998159589 0
4.305217654297498 2.822901568410022 0
5.20326570616036 2.667002549257275 0
4.534813334403715 2.901857026855686 0
5.0097258530097 2.688420086157202 0
4.501914789945817 2.38200482185892 0
5.197090092878053 2.472369814366577 0
5.393908944272548 2.635298096140233 0
5.390887333375268 2.441524574499707 0
5.575090773242092 2.524444232694105 0
6.681419413880636 2.497919393530764 0
4.446799448516481 2.982661158294556 0
6.835096570814157 2.707150629427175 0
4.305903206593319 3.044036165528725 0
4.066392890227465 2.339114404773251 0
4.900446645761281 2.392553538215133 0
6.54890524358454 2.603111875812288 0
5.097809724621682 2.385766297447742 0
5.584761274655821 2.617020673635074 0
7.219882585331946 2.612078370146303 0
4.112097319312064 2.83970237717317 0
5.479010610739733 2.438756301958163 0
4.330798179649944 2.269059662178496 0
6.633634846266835 2.702268696482929 0
6.997147424746419 2.744499645480865 0
5.780750937333504 2.611972549533168 0
5.681850312873383 2.613588065209991 0
6.987023730776785 2.539939726318574 0
4.902803521846798 2.493097959831904 0
4.628109831057772 2.894404300128012 0
4.402069944485719 2.3733088703657 0
4.203735513880929 2.725247901858805 0
5.389413403361488 2.539948883368925 0
4.468000209485679 2.909714030552155 0
6.755835819711737 2.592857593048814 0
4.801309843921732 2.390184473136274 0
5.10672894593543 2.679715855309212 0
4.601922685315399 2.385185257972792 0
5.482725222602697 2.530772119933724 0
5.09930669519678 2.485279482785637 0
4.724299118429819 2.89163671953429 0
4.911986217696291 2.691080161191843 0
5.298989315465201 2.651161284115685 0
6.715071437425317 2.280876630802922 0
6.713213607744577 2.381412154270468 0
5.296401764345255 2.454382868942424 0
5.489392193352094 2.624821680869266 0
6.735781687325579 2.70150454537238 0
4.362314917156635 2.941667637745575 0
4.189903256007862 2.382705282722744 0
5.484835438222717 2.372640254505835 0
7.269368559248393 2.561502655323926 0
4.50450996226103 2.484402194275942 0
4.704421604002803 2.48808703734452 0
4.623429164812871 2.794890452389456 0
4.304652545151527 2.714635855792308 0
4.813771628187196 2.690380441058473 0
4.416698557143458 2.837945713415867 0
6.603234517059379 2.273406975613386 0
4.086076057111439 2.743382247267193 0
4.906817894537721 2.591955790475536 0
5.004830021236886 2.590217466982605 0
4.80409733671511 2.490333745471932 0
6.767776442143695 2.503882767869757 0
4.720742148227451 2.791239904800084 0
5.199300666728279 2.569522402088158 0
4.175182491740879 2.512366934414736 0
5.295626615363386 2.554010621660701 0
4.298598002420902 2.465892912818411 0
4.525936721239948 2.805938120900308 0
4.515845834292112 2.700121362510981 0
4.616158893871575 2.693038952055298 0
4.277521100297992 2.587673734963317 0
4.409678148221925 2.707559778411107 0
4.808363294816318 2.590256778505945 0
4.400522788387852 2.478175245233151 0
4.604821217089635 2.486584967643168 0
4.714979728317468 2.690484441894317 0
5.102453708071619 2.582049229027651 0
4.197049259078924 2.644954750688759 0
4.402644320150469 2.590977113173638 0
4.70916830372145 2.589354802201598 0
4.508230213695807 2.591049208391431 0
4.609537811749783 2.589944102896761 0
2 2 0 1111
1657
1658
1659
1660
1661
1662
1663
1664
1665
1666
1667
1668
1669
1670
1671
1672
1673
1674
1675
1676
1677
1678
1679
1680
1681
1682
1683
1684
1685
1686
1687
1688
1689
1690
1691
1692
1693
1694
1695
1696
1697
1698
1699
1700
1701
1702
1703
1704
1705
1706
1707
1708
1709
1710
1711
1712
1713
1714
1715
1716
1717
1718
1719
1720
1721
1722
1723
1724
1725
1726
1727
1728
1729
1730
1731
1732
1733
1734
1735
1736
1737
1738
1739
1740
1741
1742
1743
1744
1745
1746
1747
1748
1749
1750
1751
1752
1753
1754
1755
1756
1757
1758
1759
1760
1761
1762
1763
1764
1765
1766
1767
1768
1769
1770
1771
1772
1773
1774
1775
1776
1777
1778
1779
1780
1781
1782
1783
1784
1785
1786
1787
1788
1789
1790
1791
1792
1793
1794
1795
1796
1797
1798
1799
1800
1801
1802
1803
1804
1805
1806
1807
1808
1809
1810
1811
1812
1813
1814
1815
1816
1817
1818
1819
1820
1821
1822
1823
1824
1825
1826
1827
1828
1829
1830
1831
1832
1833
1834
1835
1836
1837
1838
1839
1840
1841
1842
1843
1844
1845
1846
1847
1848
1849
1850
1851
1852
1853
1854
1855
1856
1857
1858
1859
1860
1861
1862
1863
1864
1865
1866
1867
1868
1869
1870
1871
1872
1873
1874
1875
1876
1877
1878
1879
1880
1881
1882
1883
1884
1885
1886
1887
1888
1889
1890
1891
1892
1893
1894
1895
1896
1897
1898
1899
1900
1901
1902
1903
1904
1905
1906
1907
1908
1909
1910
1911
1912
1913
1914
1915
1916
1917
1918
1919
1920
1921
1922
1923
1924
1925
1926
1927
1928
1929
1930
1931
1932
1933
1934
1935
1936
1937
1938
1939
1940
1941
1942
1943
1944
1945
1946
1947
1948
1949
1950
1951
1952
1953
1954
1955
1956
1957
1958
1959
1960
1961
1962
1963
1964
1965
1966
1967
1968
1969
1970
1971
1972
1973
1974
1975
1976
1977
1978
1979
1980
1981
1982
1983
1984
1985
1986
1987
1988
1989
1990
1991
1992
1993
1994
1995
1996
1997
1998
1999
2000
2001
2002
2003
2004
2005
2006
2007
2008
2009
2010
2011
2012
2013
2014
2015
2016
2017
2018
2019
2020
2021
2022
2023
2024
2025
2026
2027
2028
2029
2030
2031
2032
2033
2034
2035
2036
2037
2038
2039
2040
2041
2042
2043
2044
2045
2046
2047
2048
2049
2050
2051
2052
2053
2054
2055
2056
2057
2058
2059
2060
2061
2062
2063
2064
2065
2066
2067
2068
2069
2070
2071
2072
2073
2074
2075
2076
2077
2078
2079
2080
2081
2082
2083
2084
2085
2086
2087
2088
2089
2090
2091
2092
2093
2094
2095
2096
2097
2098
2099
2100
2101
2102
2103
2104
2105
2106
2107
2108
2109
2110
2111
2112
2113
2114
2115
2116
2117
2118
2119
2120
2121
2122
2123
2124
2125
2126
2127
2128
2129
2130
2131
2132
2133
2134
2135
2136
2137
2138
2139
2140
2141
2142
2143
2144
2145
2146
2147
2148
2149
2150
2151
2152
2153
2154
2155
2156
2157
2158
2159
2160
2161
2162
2163
2164
2165
2166
2167
2168
2169
2170
2171
2172
2173
2174
2175
2176
2177
2178
2179
2180
2181
2182
2183
2184
2185
2186
2187
2188
2189
2190
2191
2192
2193
2194
2195
2196
2197
2198
2199
2200
2201
2202
2203
2204
2205
2206
2207
2208
2209
2210
2211
2212
2213
2214
2215
2216
2217
2218
2219
2220
2221
2222
2223
2224
2225
2226
2227
2228
2229
2230
2231
2232
2233
2234
2235
2236
2237
2238
2239
2240
2241
2242
2243
2244
2245
2246
2247
2248
2249
2250
2251
2252
2253
2254
2255
2256
2257
2258
2259
2260
2261
2262
2263
2264
2265
2266
2267
2268
2269
2270
2271
2272
2273
2274
2275
2276
2277
2278
2279
2280
2281
2282
2283
2284
2285
2286
2287
2288
2289
2290
2291
2292
2293
2294
2295
2296
2297
2298
2299
2300
2301
2302
2303
2304
2305
2306
2307
2308
2309
2310
2311
2312
2313
2314
2315
2316
2317
2318
2319
2320
2321
2322
2323
2324
2325
2326
2327
2328
2329
2330
2331
2332
2333
2334
2335
2336
2337
2338
2339
2340
2341
2342
2343
2344
2345
2346
2347
2348
2349
2350
2351
2352
2353
2354
2355
2356
2357
2358
2359
2360
2361
2362
2363
2364
2365
2366
2367
2368
2369
2370
2371
2372
2373
2374
2375
2376
2377
2378
2379
2380
2381
2382
2383
2384
2385
2386
2387
2388
2389
2390
2391
2392
2393
2394
2395
2396
2397
2398
2399
2400
2401
2402
2403
2404
2405
2406
2407
2408
2409
2410
2411
2412
2413
2414
2415
2416
2417
2418
2419
2420
2421
2422
2423
2424
2425
2426
2427
2428
2429
2430
2431
2432
2433
2434
2435
2436
2437
2438
2439
2440
2441
2442
2443
2444
2445
2446
2447
2448
2449
2450
2451
2452
2453
2454
2455
2456
2457
2458
2459
2460
2461
2462
2463
2464
2465
2466
2467
2468
2469
2470
2471
2472
2473
2474
2475
2476
2477
2478
2479
2480
2481
2482
2483
2484
2485
2486
2487
2488
2489
2490
2491
2492
2493
2494
2495
2496
2497
2498
2499
2500
2501
2502
2503
2504
2505
2506
2507
2508
2509
2510
2511
2512
2513
2514
2515
2516
2517
2518
2519
2520
2521
2522
2523
2524
2525
2526
2527
2528
2529
2530
2531
2532
2533
2534
2535
2536
2537
2538
2539
2540
2541
2542
2543
2544
2545
2546
2547
2548
2549
2550
2551
2552
2553
2554
2555
2556
2557
2558
2559
2560
2561
2562
2563
2564
2565
2566
2567
2568
2569
2570
2571
2572
2573
2574
2575
2576
2577
2578
2579
2580
2581
2582
2583
2584
2585
2586
2587
2588
2589
2590
2591
2592
2593
2594
2595
2596
2597
2598
2599
2600
2601
2602
2603
2604
2605
2606
2607
2608
2609
2610
2611
2612
2613
2614
2615
2616
2617
2618
2619
2620
2621
2622
2623
2624
2625
2626
2627
2628
2629
2630
2631
2632
2633
2634
2635
2636
2637
2638
2639
2640
2641
2642
2643
2644
2645
2646
2647
2648
2649
2650
2651
2652
2653
2654
2655
2656
2657
2658
2659
2660
2661
2662
2663
2664
2665
2666
2667
2668
2669
2670
2671
2672
2673
2674
2675
2676
2677
2678
2679
2680
2681
2682
2683
2684
2685
2686
2687
2688
2689
2690
2691
2692
2693
2694
2695
2696
2697
2698
2699
2700
2701
2702
2703
2704
2705
2706
2707
2708
2709
2710
2711
2712
2713
2714
2715
2716
2717
2718
2719
2720
2721
2722
2723
2724
2725
2726
2727
2728
2729
2730
2731
2732
2733
2734
2735
2736
2737
2738
2739
2740
2741
2742
2743
2744
2745
2746
2747
2748
2749
2750
2751
2752
2753
2754
2755
2756
2757
2758
2759
2760
2761
2762
2763
2764
2765
2766
2767
14.71020069961222 5.7158390439331 0
12.94150187697307 4.297417519126747 0
9.851109420639853 4.101146290119967 0
9.549058724634687 4.099310318058626 0
8.176115741442135 4.099381442003201 0
7.783380853138708 4.099823690871843 0
8.710173960007376 5.826581308113143 0
12.32973663963984 7.716361289437181 0
13.19891398896731 7.70392436353943 0
7.295008920299198 4.099778953460117 0
9.162440455757 6.085913686858835 0
7.964822353432983 5.398884192749194 0
10.29546647769196 4.179059103176145 0
11.76817096238591 4.301838950791879 0
11.1747554799984 4.329823593157268 0
10.14406208696137 6.674240658052446 0
6.999467481237749 4.099939402588217 0
14.70978721429403 6.568302115109777 0
14.12070655413747 4.291387161881323 0
6.71172783872692 4.094952650914919 0
10.75841407068836 6.950305550163678 0
13.80034268174823 7.702395303071562 0
11.49336542929855 7.392672644450376 0
7.214791139481666 4.998092027361804 0
6.398514359511228 4.103364972192593 0
14.70671593433287 7.13673760701404 0
9.253657088925699 4.099363185660938 0
6.722889047662732 4.710394158892006 0
6.139251686762853 4.113219888129193 0
14.70920982748405 4.573819622753653 0
8.471027571631593 4.099198882740806 0
9.058033488959268 4.09932956849757 0
14.40290682545996 7.707629289730011 0
6.176065490217357 4.409828737412612 0
10.99188225727486 7.154936556262152 0
11.76010893521607 7.55075941936969 0
5.854956132970225 4.096158839503759 0
10.09193649274339 4.114730727508475 0
14.70418495554272 7.423092187741929 0
10.90872321816648 4.288648882470708 0
8.863483275385354 4.099185474828737 0
8.766144941314826 4.099097786461597 0
8.66830284880773 4.099060652554881 0
13.82573891858937 4.293697455534209 0
12.60906260198204 7.711905428324387 0
13.53063580896067 4.295530999047514 0
14.70982749228254 4.860194813863549 0
7.979953812538069 4.099569212214595 0
6.903443033921425 4.098563965585304 0
6.6189125525374 4.088544821406353 0
7.195797341207435 4.100885872799426 0
12.35475307578231 4.297048026982617 0
7.490647329422064 4.09785374748394 0
9.747736059394416 4.099799353916805 0
9.450489195180729 4.099332384205644 0
8.372527683914807 4.099285990937247 0
7.685200042056143 4.099485479377876 0
14.70997655649135 5.146097652597684 0
14.71021088025876 6.000366006565332 0
14.7076812956732 4.287136894751204 0
9.739889277032361 6.273633043837771 0
14.70189531414901 7.711130928902893 0
7.466284567801639 5.13339558574555 0
12.06469397483278 7.686131832714145 0
11.21435619902684 7.268130136964462 0
10.46234818831953 6.873915018245088 0
8.215039246135802 5.53510605580269 0
5.739207495450312 4.180077708006547 0
10.52774923176628 4.165347041422995 0
5.986370413421261 4.264925938986217 0
6.478724287180845 4.542296557508727 0
6.966690699265364 4.857174859016047 0
7.716494999894046 5.266927389166726 0
8.463026957843395 5.68143141920857 0
8.942600435191403 5.964182143081032 0
9.427669459926433 6.153274261094323 0
9.948883139011597 6.510868309471633 0
9.853276903177223 4.202208884011108 0
9.549223368905293 4.198857735118694 0
10.40426417248699 6.655368297254602 0
12.33786929815101 7.453720180455366 0
8.886595566243489 5.659954007122409 0
7.6817918183768 4.200037344033957 0
14.41887431852457 5.719146958281594 0
9.399944145300886 5.938981672305792 0
10.86587182998159 4.580430716177158 0
8.144415525995129 5.227632963819002 0
13.8274611287624 4.587150628330393 0
7.1977024807611 4.204781671371576 0
9.999445974872662 6.175252788527919 0
7.663990158024505 4.98258209711425 0
7.172439420777857 4.728828366433353 0
11.6592902072383 7.380542710478867 0
14.41847011090254 5.1514494633519 0
6.708683820020732 4.469036608078229 0
8.471428134099353 4.198645325921098 0
6.903389066238139 4.194305397147508 0
6.719591911160637 4.197256045982791 0
6.408671186042217 4.334844048033002 0
9.964897491779535 4.10559596347869 0
14.41673180423759 4.577550778237639 0
10.38669506968707 4.157328528535086 0
14.10208487387086 7.704667772029195 0
13.49875087042109 7.702778480308499 0
12.90100212845283 7.707115059914626 0
8.570817248485692 4.198488395688971 0
14.7083616211566 6.851999971436213 0
14.71002841372963 6.284564796733428 0
13.23588349635282 4.296779169570648 0
6.258980226143163 4.115868709037199 0
14.70982216812306 5.431484663604156 0
7.881623702657931 4.099845490080317 0
9.352013883914088 4.099372441189988 0
8.960821042951604 4.099292162729601 0
8.274233533741235 4.099362227798141 0
6.808010857775791 4.097435347894999 0
7.393716902235733 4.098340418816198 0
12.06198044532886 4.299562022478425 0
7.097120716465019 4.101086899691975 0
12.64780810421082 4.297389438555939 0
11.48017173370287 4.301452942307573 0
9.647903489258447 4.099451189582315 0
9.155707682058168 4.09937644470648 0
7.587591734778401 4.098437453776688 0
8.569773236197193 4.099152023014798 0
8.078038398893709 4.099475777903832 0
6.518100499490123 4.155852646314601 0
5.988927649055552 4.111884621498204 0
14.41444036713543 4.289043944338374 0
11.99587828501659 7.31240238600904 0
8.431712787311653 5.321348084532517 0
8.76786095892442 4.19844418208374 0
14.41082921753253 7.130285911568592 0
14.4061257055936 7.417633803335512 0
9.187961081623246 5.776107701605259 0
10.14708368535434 6.341553121638192 0
6.947091448484827 4.549701018538165 0
10.21699785666199 4.141616462565795 0
7.414610811195332 4.860943537812721 0
6.175620757251941 4.202204604169224 0
7.951324918883745 5.107046661175271 0
8.669545964782436 5.517622584167027 0
9.706083202803933 6.098117604585449 0
12.94128440217722 4.595229327926242 0
10.1874785612059 4.240653054155778 0
8.670650773425042 4.298083181902738 0
13.19339673805131 7.414785186336424 0
9.402431868803315 5.717607367067524 0
8.175463205395362 4.199000672320462 0
8.905502188186409 5.38509881950722 0
11.77121326452415 4.626983433952454 0
9.058366209725676 4.198838364791118 0
9.900103827858445 6.058445101416759 0
7.823256679734623 4.836784118074305 0
11.03922773905064 4.506623993062622 0
8.409532410068575 5.107377206748016 0
7.328198690100097 4.615891394703758 0
7.494596319824838 4.19041508444158 0
7.978536277594216 4.199948326091311 0
9.253127326862662 4.198924245271485 0
8.372459504600887 4.198792870305716 0
14.41803416492248 6.565779431965815 0
9.749446333736302 4.199835530427343 0
7.095092570075986 4.203959562277659 0
13.53155386686299 4.591048934084998 0
7.166658102196449 4.532228177812033 0
10.39189070571405 4.26373938960703 0
9.963261379697121 4.209356633909557 0
6.881194986264162 4.394372138745311 0
14.1058409901269 7.411765144105441 0
14.12259722726106 4.582188420404025 0
13.79996005447462 7.404755599846796 0
12.60111522326793 7.428625430435833 0
8.471639226767813 4.298344858966672 0
6.617489071611603 4.186448108343007 0
9.450241512926894 4.198885787079501 0
12.35636802384247 4.592979501935051 0
14.41762691054383 4.865284029873312 0
14.41891545807204 6.002131072165084 0
7.77998936261347 4.201293198655888 0
7.303044438037751 4.20125338112156 0
14.41497685615918 6.847259639930496 0
6.996573514786343 4.199573221501186 0
9.648663845713862 4.199116964009608 0
9.139949217760787 5.558354188839555 0
7.586593623730851 4.194903316882749 0
14.41837314081518 5.436215757159895 0
6.814002456677722 4.194330807152161 0
10.20401187172398 6.029435585920944 0
8.865000182091832 4.198622812474745 0
7.629634985865875 4.731498975566862 0
8.130382614672749 4.997594855777116 0
6.391732919263793 4.210430491241569 0
12.1136976040039 7.460178111556926 0
6.28767924557106 4.254912047169483 0
8.703597231610173 5.209101509614151 0
11.1384621646574 4.603121939382852 0
10.49908681527053 6.567046220764097 0
9.852410429770016 4.302875307442752 0
9.548789445842893 4.298621518443189 0
9.134841586307038 5.298166430169162 0
12.10377993396321 7.269610793316091 0
8.62574067626451 5.033676943776438 0
14.12570608083866 6.008245970006156 0
8.086492190497918 4.779755812668201 0
7.771713565547043 4.304935240430179 0
10.37671685636208 6.172605296360272 0
7.811122611245147 4.634450701818728 0
13.82865717370222 4.879281698993744 0
7.501654339394292 4.256764319318735 0
8.372322033097211 4.298479769645477 0
14.12631802064199 6.568281803696784 0
14.11316047793122 7.124724525660802 0
7.606294124034408 4.522769399056186 0
11.47982058209318 4.589360347096815 0
7.329504989472297 4.309106532815056 0
6.988945581295336 4.298058911247998 0
10.29057318556832 4.256928366315999 0
10.07761173045744 4.222385327909435 0
6.8946580645831 4.285207092093164 0
6.748741928795267 4.334233440485461 0
14.12463675645445 5.159322619760537 0
12.89489286263096 7.417327814289377 0
8.5712509895562 4.298202236227935 0
7.670283502944648 4.301915571712962 0
7.205778547955362 4.317001838825433 0
12.07185956513753 4.593494976836975 0
7.879048347192769 4.201022553418662 0
7.403984342843747 4.193256122425475 0
13.49238182695695 7.407203437657954 0
6.54720719169091 4.084584553667272 0
9.351543981811934 4.19893395335851 0
14.41858009299175 6.285064325420943 0
9.339123349930935 5.653051374882924 0
7.40068670634675 4.45151070551695 0
12.64753486077541 4.595018601500295 0
9.155533785583927 4.198913165385424 0
8.961852339196991 4.198758950954069 0
8.077019706562448 4.199358583930752 0
13.23614551634269 4.593709830273507 0
8.273838665856456 4.198917267248307 0
9.74930155620928 4.299906933908327 0
12.54660573208318 7.155569036764792 0
14.12363528805983 4.871713362062369 0
14.12518386628823 5.726340859472662 0
8.866731574652988 4.298251181638245 0
8.769060410387343 4.298144695166154 0
8.896921195439356 5.100921034155912 0
10.89237654434332 4.46033101351952 0
7.089928421977123 4.309807034217778 0
9.480248923279769 5.684330615947967 0
9.253293228644795 4.298637322198073 0
12.9408550542363 4.89297876254742 0
8.86825030577857 4.398033098762174 0
10.1788629823511 4.339053781829139 0
8.471691930294696 4.398216778912 0
9.74808014240768 4.399635241254479 0
8.174429188006176 4.298736380498836 0
11.21591641517121 4.817261732083581 0
11.74414519026161 4.869097405964202 0
8.294682833816836 4.861362276976178 0
13.82916897985955 5.739400541157092 0
13.18728398744096 7.19304750680346 0
13.53239275770191 4.885534425589525 0
13.82914635225624 5.168421437447233 0
12.35219459883774 4.890866950502478 0
10.2857205632837 4.354781974848597 0
9.959471903492837 4.310772612688999 0
6.978871394244866 4.377003364051982 0
12.89476589447631 7.080691540374175 0
8.670888914869215 4.398022340102019 0
9.449727401492428 4.298627877851042 0
9.648490527546818 4.298983179653144 0
13.81228288759323 7.114809067105472 0
7.583076716386878 4.297143362467924 0
6.824327883218936 4.268356655643632 0
14.1246284640977 5.444079735581633 0
7.87454629524328 4.303866408900182 0
9.059797127618108 4.298473829148204 0
8.273319670755697 4.298585281590726 0
7.975481851320074 4.30116304400565 0
12.28141961292241 7.196199712432008 0
7.438657322233739 4.283009495142432 0
14.12620801542732 6.290840453943296 0
14.12164089024006 6.845485905814641 0
9.016280187144552 5.222875687038806 0
8.963494315789305 4.298379876014936 0
6.598974075963565 4.304605164194601 0
7.518464049144823 4.35752455876869 0
10.64596370516053 4.573151801171715 0
7.759804755966232 4.411027806845935 0
8.063103785548725 4.584622589278094 0
7.197424930261048 4.437031836902872 0
10.9410426145543 4.693665236110751 0
9.201891616198207 5.25580184930362 0
12.60000015250918 6.799999936428946 0
10.17458157829429 4.438034570801259 0
9.436556941521175 5.596003268262191 0
10.39293678414912 4.36621856219668 0
8.173026850947821 4.397974159748163 0
11.53512065477257 4.780019646403684 0
13.84043546696475 6.585920705259469 0
9.548000942827093 4.39848830181628 0
13.5326885274927 5.177662432965578 0
12.07722429105621 4.875558891869987 0
9.955667668875613 4.409899062739282 0
9.511881185180542 5.77933827183006 0
10.72174573819309 4.338633767696656 0
12.88235345707054 6.670451258490788 0
8.571348772025209 4.398109218821626 0
13.45888568443722 7.071162101943631 0
8.769847812308912 4.398015521140335 0
8.372146243507814 4.398300048527182 0
9.156409131859119 4.298575362243769 0
8.075169142299512 4.299427172189921 0
7.972370634852338 4.401061668231271 0
7.869840085625286 4.406457707374951 0
6.469409021004212 4.257764335999187 0
9.351254002829871 4.298660207490421 0
13.82862304880737 6.026419526379388 0
9.850740732783938 4.403083563626955 0
12.6459822140992 4.893057294866558 0
13.23637591858253 4.889911059389109 0
9.647652131962207 4.39879410616007 0
10.06955919903018 4.323622999538244 0
12.29527751081017 6.988192474019996 0
7.068282574199038 4.429099311345452 0
8.965540373640419 4.398101908206689 0
13.82912604405507 5.454955804773117 0
13.83569086684512 6.847187697650412 0
7.636232883964055 4.398618437361153 0
12.12992860315168 7.120402305960927 0
9.149463239211 5.174383397564639 0
11.81191903205261 5.108553269765731 0
8.869401164751459 4.49797728727666 0
8.671083997075586 4.498002863662484 0
12.34598543244651 5.190887372596253 0
9.95328379305581 4.508858896797282 0
9.547976623688017 4.498443666258236 0
12.57522735221469 6.533409855570126 0
8.47161988118342 4.498336574495647 0
13.52936083296365 5.75924375522987 0
9.25447760917592 4.398458703300522 0
7.872764168235348 4.503676736396415 0
10.06492325411881 4.422521887874531 0
9.283401371505471 5.546122011559649 0
12.3983770877726 6.763795428642435 0
10.65493417050368 4.224556884495672 0
13.19448811955581 6.787365626343874 0
13.6161514739265 6.844470320519005 0
9.747051286357726 4.499427948368388 0
9.570824991132447 5.638834265261781 0
12.93916188893407 5.18927807093526 0
8.272670840283464 4.398161970638912 0
9.449370242729191 4.39850559402166 0
10.28278334656271 4.456452673178089 0
9.265891145683412 5.334328605127236 0
13.235817688805 5.184728912051874 0
13.83181456701878 6.313344069261913 0
9.388976171490807 5.8013161518467 0
8.072698267804993 4.398354365155643 0
9.062154765879065 4.398201325139361 0
11.31368206761969 4.801858965011414 0
13.53161915762651 5.46808686985796 0
10.75111825185252 4.571857569977358 0
10.47749845247311 4.259959284703084 0
9.26397915512533 5.216816230428166 0
12.4306908941485 6.584761781851936 0
10.17177737676868 4.537868690773044 0
9.526778786257369 5.54786696887925 0
9.612610481456136 5.73256264020491 0
10.39157814581327 4.476324612221481 0
12.08843697769349 7.186384472401158 0
9.450369172720364 4.498609749991628 0
12.18377800486939 6.905337983583635 0
10.52739336417724 4.350433421629441 0
10.06198712948635 4.521376406925093 0
8.170251131793407 4.495754236386388 0
12.01544556343354 5.200879890136379 0
7.969971687915438 4.494597186643357 0
13.55696612116324 6.646355974901232 0
7.760324761964949 4.5223685551074 0
10.75001382125288 4.674273328539575 0
9.017814977719695 5.14287797890077 0
12.82376504634678 6.392908715499153 0
8.571399104113578 4.498110740418236 0
8.371546293133708 4.498607757875554 0
9.386466285794828 5.505590860774569 0
8.770376505917367 4.497997230490421 0
9.351702665073802 4.398530911707036 0
9.849143280007667 4.502686500334745 0
12.64256312061022 5.189114392315946 0
9.647176018049741 4.498614723273938 0
9.158425735395955 4.398344478311566 0
12.93420884666664 5.482293773724893 0
13.22605516805581 5.773531329010866 0
13.52474793513918 6.054493543373114 0
9.151499397239354 5.403964307950413 0
13.23245007106779 5.477718123282693 0
9.065086085235345 4.498118460027522 0
8.967533822895362 4.498037908028483 0
9.254154492874186 5.947935198590479 0
9.545491475924686 5.894424325577241 0
10.65372839743763 4.667458385259761 0
9.660349846714402 5.58969846835101 0
9.551170182945226 4.598499632386009 0
9.108113390111697 5.07893660473004 0
8.869606287697327 4.598538336091755 0
8.670621395088938 4.598193190724203 0
12.46099034231058 6.368899452678727 0
9.951589905123754 4.60871012505774 0
9.477242644077998 5.456947149444396 0
9.658173262114889 5.831844569121291 0
8.471507977194783 4.59870271687531 0
12.92272852836602 5.77035256547537 0
9.35273770149912 5.254597669927943 0
10.51807284671754 4.50523681417104 0
13.21034240878375 6.073585202855049 0
12.55960495137513 6.222242877936502 0
10.63241703909868 4.476225076588693 0
9.260181372172919 5.459562853799635 0
13.1990188485266 6.389648641581513 0
9.246178116174551 5.145226680403776 0
8.270916004204327 4.49780061967647 0
10.27923311653391 4.559902076801429 0
9.746448389177312 4.59852215402822 0
12.63438731640231 5.478145547999353 0
12.34430943326698 5.47544136266202 0
9.068132269800085 4.598902719406118 0
9.257507283555471 4.498616594060617 0
9.353999018826292 4.498758445522808 0
8.06894597378005 4.493767675641236 0
13.52536968623774 6.355942826663789 0
9.161670246250841 4.498466536973643 0
7.885669297968116 4.573441040217274 0
10.62728996165725 4.392473685959063 0
8.988195067001719 5.544811383681902 0
12.22987565659823 6.457876603706021 0
11.71876708713502 5.269619799529649 0
9.343963393440903 5.135099629714117 0
10.65241743223211 4.765255390376502 0
9.2198039114216 5.042033292507747 0
9.263829102867302 4.599910734216092 0
10.16881332943088 4.638345737060119 0
12.37763059064058 6.138662149311014 0
8.162853511898147 4.590941721818635 0
12.31182119285463 5.752995587159982 0
9.614317168296903 6.017681679434805 0
10.05972880063812 4.621159719246166 0
9.329339494437523 5.416356631123225 0
12.8963517390903 6.056631110143673 0
12.08349067999477 5.505268344313652 0
10.75129890142518 4.460906472441625 0
12.6234876910876 5.752925400820435 0
8.945052786713003 5.023527692174802 0
9.615377164650482 5.497902202812615 0
8.370218340592299 4.600858023340047 0
10.38317939026652 4.586694851341835 0
10.56409574174851 4.65114357895612 0
8.571042895965821 4.598228358375954 0
9.704900942932683 5.681363860530452 0
9.847392326949469 4.602186147726806 0
9.455707709875748 4.599445685834869 0
8.769948219010978 4.598439545853406 0
8.968860390882229 4.598834591333467 0
9.648591469902462 4.59781244131457 0
7.950983206733511 4.697059658070616 0
9.166690243627599 4.599592785313487 0
10.57906601179719 4.580084228767529 0
7.962678174155405 4.582071369486858 0
9.74868067827043 5.539522903987055 0
9.561524430813218 4.699116396416096 0
10.55953416998503 4.74813496193656 0
8.840245800999007 5.008845117653872 0
12.04913511458871 5.802356288277302 0
9.071555050534867 4.70260580758073 0
8.668152165739984 4.698827959810959 0
9.566949392351825 5.404783982053353 0
9.947267192065601 4.710094917360747 0
9.75214813888031 5.773740294515822 0
9.467316244456331 5.222654837241934 0
9.712934754424705 5.932634890249889 0
11.85746724053012 5.52479912997968 0
10.74873854181472 4.773897345948156 0
8.471471661047074 4.698288098878465 0
12.32854676145958 6.26071455269223 0
9.420649086911542 5.363347948011193 0
8.265585106558055 4.600001469595784 0
10.27381766012237 4.662615386779467 0
9.746218120494248 4.694591782933159 0
8.867793581796024 4.700821387671593 0
9.360542162692283 4.600095020467914 0
9.274055104678132 4.703690657653481 0
12.60787532389389 6.007032435367643 0
8.062626214038936 4.648747349285832 0
9.324636122115942 5.02964569892896 0
9.440252549431124 5.127041503492496 0
10.16245866241131 4.738039281172011 0
9.304699870733284 4.92038143431086 0
9.802111865030477 5.867484243523549 0
9.467441488697146 4.701996048781119 0
8.136347637338158 4.682385705260875 0
8.372765605665579 4.701678365848847 0
10.37309537632559 4.691729833742713 0
10.05504913762461 4.721040385197449 0
8.965049509542247 4.91976719057728 0
11.7100831315917 5.358557523892598 0
9.197568838446543 4.926686288436332 0
12.24816154990142 6.02711550344014 0
9.512917437756338 5.312108946540266 0
9.704673640524051 5.445966225427674 0
9.79377013022617 5.630265483371181 0
9.842531541481605 4.702348151836821 0
8.569425812202724 4.698213602456225 0
8.767202233035334 4.699890415215725 0
8.96914749937806 4.702203028389087 0
10.65059236363203 4.865195393939675 0
9.655563647087046 4.69454713580903 0
9.173768978135127 4.703693162862608 0
11.79469395152765 5.535016153746202 0
9.372089243737365 4.703552272947007 0
10.85055067628698 4.681918139134282 0
10.4803833574658 4.619406843868077 0
12.34621333836795 5.97248027455695 0
9.423293380760118 5.024144195853062 0
10.74805252863142 4.8735102757918 0
9.836274139634847 5.489683819199114 0
10.55416666271119 4.848686342495023 0
9.744959172743226 4.768566545536745 0
9.405075870617329 4.917052256171771 0
8.662216333393363 4.799713179124276 0
9.941474970510429 4.81123294117351 0
9.083535491920838 4.928984586746738 0
8.854769022643302 4.907170652113631 0
9.581923981400235 4.803764115909473 0
9.484645917179702 4.807541585789902 0
10.97401285321434 4.61080520732459 0
9.28748268595754 4.811119421611468 0
9.531860018786332 5.196096797320319 0
8.863168345096895 4.804938978277772 0
9.603669447686885 5.243134378823407 0
9.656967824866594 5.350419503875494 0
10.26442274563961 4.762933632246287 0
8.257854210229169 4.722205978687365 0
9.840961831414116 5.720351420458991 0
8.471567631224088 4.79524296790421 0
9.770234196948106 6.031862226925262 0
8.203950370063652 4.825178449897821 0
9.076203356638917 4.811979360604874 0
10.84496252359708 4.778583250831657 0
9.518208584050928 5.022890370591111 0
10.4678097296021 4.721534663739638 0
10.84497064671302 4.876258502073792 0
9.688522287217104 5.22577125901117 0
10.93549663245951 4.779614812825208 0
9.794207397344776 5.397101259204891 0
9.889779077684825 5.810270679165763 0
10.04556333318873 4.819299184375496 0
10.45844058730666 4.823125718246276 0
10.14795201473801 4.83567817914145 0
8.751141046493963 4.902230470892866 0
9.502605203296103 4.915577344179741 0
9.183546064156413 4.812847841300555 0
8.566012701673301 4.797230767673551 0
9.881329616024098 5.57986373497362 0
9.823201108424831 4.819812108190329 0
10.64843088193403 4.965752937040085 0
8.761012549497382 4.801822676666662 0
8.968554450868401 4.809391052838572 0
9.678055986917505 4.790790723906151 0
9.527836694950393 5.123402759495612 0
11.00434493820651 4.709128951763328 0
9.852750513904338 5.961226191632277 0
8.379894196201244 4.794021940229607 0
10.36189991044889 4.792637191464399 0
8.040543586821601 4.918470824243584 0
9.387329947640444 4.809762376682245 0
8.312553466600328 4.796226562951989 0
9.613232893821253 5.132553740993784 0
11.05227115601739 4.66723911485369 0
9.92282302056519 5.440189634126753 0
9.700405132707374 5.150685933595572 0
10.93926940493185 4.872434862167621 0
9.72556612333044 4.914935907751872 0
8.474716277968499 4.888328125532079 0
11.01707434411756 4.771399807821207 0
10.24647290171332 4.859818131735482 0
8.744882326714491 4.975827350187544 0
11.18875927212582 4.713909464778373 0
9.613100941714562 5.02838194506228 0
9.603229614028011 4.915947321370028 0
9.932696068167784 4.907595130761219 0
10.74763099487814 4.973256609887723 0
9.928527924945973 5.668902436294723 0
9.756529768170765 5.285039877202263 0
10.54665919714677 4.950971946993312 0
9.939232019243352 5.901244071196791 0
8.386318142490227 4.88226775530226 0
9.81992313718121 6.102727411884768 0
8.651982897454404 4.900725104443884 0
10.34282573570086 4.892185552365601 0
8.192260915517981 4.915337360480822 0
11.09681818183141 4.747154749390948 0
10.22002090505279 4.952233518688988 0
11.0300412178043 4.860158018156906 0
9.990224891823772 5.993291772485976 0
9.710894755959686 5.047371589110857 0
8.28998830815017 4.955464864641421 0
9.968292276189301 5.529850108568443 0
9.859729434070591 4.908119091994497 0
9.879324293213729 5.35137875577384 0
10.64661433121547 5.06700791247457 0
10.94302885738983 4.970192035687878 0
10.84575377809666 4.974745764965385 0
9.977520098901454 5.757087179688463 0
10.44253543704955 4.925894967082355 0
8.394221633687224 4.980108616732321 0
10.02805337340361 4.914298835480182 0
9.790527735436772 5.174855660904924 0
11.12047518466361 4.84019171903662 0
8.558067543259122 4.966941340493077 0
8.562232141199688 4.893551228730198 0
8.87237718795374 5.151596039571811 0
8.76662782997569 5.079984542325749 0
10.94564079535007 5.069673258794759 0
10.00835194700834 5.389185961935246 0
10.74729021099243 5.073379515848606 0
9.829870216299353 4.978792969621996 0
10.10221756095897 5.022747185757228 0
9.809499377045833 5.073056719917106 0
10.0157047761391 5.618411393923297 0
10.54078984654829 5.056429714250513 0
11.03847249696243 4.956640646343041 0
10.02829416954003 5.843922193153853 0
10.31052808979488 4.984671757324088 0
8.550426348933819 5.084941875105612 0
8.23679677936258 5.06423493526074 0
11.23111420187323 4.920002826520409 0
8.494057285530552 4.980395010119365 0
9.918707060066348 4.997391976723692 0
10.12472720678178 4.930252938175725 0
10.14530604018225 6.146029424978144 0
8.132730837859896 5.033787990393336 0
11.13370049359194 4.938668428742842 0
11.04340504363652 5.056345860548878 0
11.32943695796848 4.907195213340857 0
10.27705863368457 5.068105906163361 0
9.960419889275206 5.300213704721672 0
10.07682048407308 5.928689541784582 0
9.993175875572934 5.103271727234276 0
10.05448458515312 5.479858132693541 0
10.64604417034194 5.16854176045939 0
10.84666490579743 5.07430939705486 0
10.06534274181721 5.705354360343016 0
10.18036466849043 5.966432403925276 0
10.41402378849305 5.045024242886484 0
11.23965805549236 5.021777157865074 0
9.903892463195017 5.091876801301048 0
11.14096260496032 5.039086098709847 0
10.19235479381075 5.044145336759454 0
8.188314967828294 4.996135264534312 0
11.33866809470575 5.010676027460272 0
10.94785070124772 5.169849545523726 0
10.74723167891513 5.173839020826666 0
10.11823766095383 5.789127812686848 0
10.09131065732155 5.340015507815846 0
10.07971252132428 5.118486302062574 0
9.897730315527632 5.207021368798784 0
10.10257032050691 5.568457638833473 0
10.3414951272602 5.093747475969273 0
10.54186632909038 5.162082538247895 0
11.14558545451769 5.139938943804873 0
11.41504055991145 4.788096260096642 0
10.16836933123437 5.135906296301648 0
9.846018144750408 5.28444746018636 0
10.2573583095064 5.153115937437357 0
10.13936264078604 5.429194487025575 0
10.64656295390035 5.269053070264133 0
10.84778156908882 5.174573501166023 0
10.15286844437262 5.655089712119502 0
11.04706363233585 5.156866258633128 0
10.4388401375743 5.161188116626233 0
11.34342073722251 5.111307396800624 0
11.24410790133802 5.123329581263777 0
9.981553481716649 5.177245718877659 0
11.43118410779453 4.902948307529309 0
11.27276723681495 4.553654212409703 0
10.04954200064816 5.230295117777401 0
10.17832403518413 5.865021955813225 0
11.34575999417821 5.211073083382177 0
10.95295321436298 5.271699352456912 0
11.53783172910999 4.910471812622104 0
10.74658302182931 5.274399418960269 0
11.15031788017137 5.240583725953366 0
10.24735119492436 5.246230170453592 0
10.34531717381489 5.162660602151695 0
10.18956885433905 5.519143511423313 0
10.20695982695671 5.738002297567942 0
11.29772049109499 4.69358615741635 0
10.54646077605169 5.264477888251236 0
11.44223831289897 5.110613277053188 0
11.4383695126858 5.010452156627009 0
10.15236258759212 5.305798593304378 0
10.11060424891858 6.04818704476765 0
10.2406522954216 5.933334688646828 0
11.44320029860744 5.209773112036133 0
10.34603203486549 5.258539255563112 0
10.29257249781313 6.004670420446974 0
10.23157309832531 5.362612643170758 0
11.66683062385442 4.811548813891902 0
10.44628181263302 5.261919469945818 0
10.64714670167174 5.36460675419845 0
10.84940443657747 5.276411052770426 0
10.23930674856576 5.607190640128629 0
11.05337639845147 5.258123889297922 0
11.24772630318799 5.223649204298329 0
10.24176211423493 6.114960901865002 0
10.26552842120611 5.816097462587588 0
10.03539770253493 6.062660946832243 0
11.53927559302207 5.122344066188632 0
11.53853111389516 5.021568587116471 0
11.38924193551503 4.697280219048545 0
11.34751376733099 5.310498368936901 0
10.45449603300642 5.363610108924245 0
11.63382909019224 5.145019161839666 0
11.15766532654681 5.34063227645826 0
10.96868434263211 5.377632187591797 0
10.73842852825923 5.373042591697359 0
10.35243239320164 5.361624268046824 0
10.35445760715429 6.379868417889024 0
11.64336087610275 4.934589163581999 0
10.55400698054603 5.364405539440369 0
10.29318225186859 5.689425167415271 0
10.33533536668742 6.085072988041177 0
11.53799229438414 5.220532052942712 0
10.27769316170741 5.478440388747651 0
10.32479748292449 5.891286132350557 0
10.18879514845369 6.220311224054692 0
10.27479336926194 6.205293722994971 0
10.47084634797559 6.133270909267043 0
10.64810678980774 5.433066522359721 0
11.74372502576573 4.968349523195573 0
10.30553241226751 6.505845851985253 0
10.461975936371 5.464027402662302 0
10.3757721880888 5.639742161846392 0
10.3211954482055 5.563322851174175 0
10.85426596172249 5.404512997232537 0
11.06510763247333 5.361281372084738 0
11.44303730417135 5.308847246196878 0
11.25207580937513 5.322836375773747 0
10.35186819722039 5.767932522089676 0
11.63732117048721 5.044264652459449 0
10.37906414534707 5.967641376646433 0
11.62947287184639 5.241581535003064 0
10.3674967833674 5.461146978036333 0
10.59667884934258 6.440706862748412 0
10.43703736634571 5.716866660048142 0
11.25805862017098 5.419217058398096 0
11.0796757957131 5.463867432828936 0
10.54877955316385 6.652259885519221 0
11.8538332469494 5.023360809534752 0
10.70984741328589 5.463754415906696 0
10.57448770721734 5.47385677627864 0
11.53596901275047 5.318039575375058 0
11.3500051278684 5.407740866928737 0
10.41131519265989 5.84522838519197 0
10.51154294553799 6.223279352020786 0
11.73313399846584 5.075366399246755 0
10.42656324004803 6.048062388091616 0
10.45790705370344 5.570502278210137 0
10.37889199249834 5.53058463318185 0
10.91810272963672 5.495205796927092 0
11.1683889989384 5.439201358562662 0
11.35165460709699 5.498924631605364 0
11.09579659167856 5.562502168524359 0
10.49755159780542 5.794970470338811 0
10.65864945681304 5.539580673793147 0
10.51984111800301 5.662599700897925 0
11.44256504499812 5.406807401511911 0
10.4664914907681 5.923637811405009 0
10.56151402610685 6.089919810250119 0
10.4898729753611 6.737537672711113 0
11.72633393411285 5.174872022991334 0
10.41385753093023 6.263514591098816 0
11.86247019526276 4.851356117776922 0
10.54484901074757 5.553545820571023 0
10.79305756031303 5.516135277399772 0
11.26829559009872 5.510426596969884 0
11.1834977313237 5.534343993801309 0
11.62535633796903 5.336126721358032 0
10.61630509166774 6.587138269577485 0
11.35017122206461 5.565627588942368 0
10.59883390962325 6.725871500734847 0
10.6046784661156 6.178465295329073 0
10.55363536966343 5.873909040552365 0
10.73127271467455 5.602410147996522 0
11.62343268172171 5.430250801994836 0
10.30954892380794 6.303624919110188 0
11.43902728187287 5.503653604217064 0
10.58061642280276 5.73802736687236 0
10.51563807983276 6.004956410908951 0
11.53397179643417 5.416025760233567 0
10.5939293968847 5.604678442054154 0
11.77211733810764 5.379263185451818 0
11.80813493641879 5.313773030123492 0
11.82640965851365 5.200018001310918 0
10.55063555793948 6.32129246896647 0
10.31833229761687 6.804548935933101 0
11.20633528382924 5.625767705333852 0
10.57018509061719 6.534538373187448 0
10.68508385747745 6.520238839460564 0
11.11979613094533 5.658678947514709 0
10.6380167410304 5.816918293769098 0
11.41801036709944 5.614860133192889 0
10.64970091868474 6.271580385075139 0
10.65060171062388 6.04304550557405 0
10.89274524965505 5.598000457987377 0
10.66993731563346 6.665000725595618 0
11.70816868970782 5.446436244273687 0
11.00687951553139 5.587375648506723 0
10.65785950200827 5.674352813424658 0
10.46561665233517 6.469107459383691 0
10.60336221140382 5.956457356530398 0
11.53130840909006 5.514803074300869 0
10.44240413995908 6.361578524124721 0
10.74500860954667 6.601236429578563 0
11.23947461427216 5.714223341374615 0
11.0318069092237 5.690720755281002 0
10.71869257903949 5.753432196215423 0
11.52933822183488 5.615592410718789 0
10.64437373304853 6.8072387691378 0
10.70297722108012 6.364956821017923 0
10.79839969871675 5.684327148985318 0
11.32523235975117 5.673792556436611 0
10.73756100696968 5.991751475437143 0
10.69534333336269 6.131134475524517 0
10.68886555459552 5.901980031575657 0
10.94250405241832 5.729458872839194 0
11.62248534302955 5.526769517975728 0
11.79457157754444 5.461243647772517 0
10.82320471006069 6.537276473770222 0
10.78369900571179 6.081616620407964 0
10.82197410254067 5.937289183348867 0
10.79813087897598 6.685495354537828 0
11.90291411242712 5.587575850212794 0
11.62067122491098 5.623552524977105 0
10.79439552154003 6.307247921634648 0
10.77196270652444 5.843123944693736 0
11.4480510944089 5.72508261032647 0
10.72044547108633 6.74706190022644 0
11.88362697123282 5.417732842723739 0
10.74271614204217 6.22005999079563 0
11.15411544099444 5.751836622146858 0
11.70970280562588 5.536147497933023 0
10.85520272856479 5.783110181713672 0
11.29041124325596 5.59274014447455 0
10.76387045495556 6.453265674333149 0
10.87657667252645 6.623076022822325 0
10.90461180099686 6.477484906527594 0
10.86944485334672 6.03036051253843 0
11.36501153351228 5.761355742397289 0
11.79872108266888 5.623281615183441 0
10.88356563647597 6.255344434083089 0
10.84885265797486 6.770342581489755 0
11.52873798418091 5.712482603266579 0
10.68659049705012 6.890943451161837 0
10.90461265485673 5.884010674743369 0
11.27841279408112 5.800285791606767 0
11.07028878488334 5.790699049566985 0
10.83202480671067 6.169517667997626 0
11.70882963201446 5.629092970574723 0
10.84988314189534 6.3934071626461 0
10.92752346733718 6.709037278697478 0
11.11302996754351 5.879374705694295 0
10.99040048831256 6.423799507492927 0
10.97273386790704 6.2029095985457 0
11.30823883727827 5.864926890305633 0
10.95414615664819 5.978485438120217 0
11.89695929267488 5.702984374677223 0
11.5180008207719 5.802087587004683 0
10.77091649190286 6.82887846200283 0
11.19357645990482 5.837271316143157 0
10.95708883751649 6.563541914571248 0
11.61247176016151 5.720535025353599 0
10.91885173741655 6.118135492275193 0
10.98781329719815 5.833671930808943 0
10.63576592580464 6.985113705645963 0
11.70238056706142 5.728990959225741 0
11.47081327298218 5.785124392449205 0
10.93787159038068 6.339747200890436 0
11.00787000934639 6.649500127188046 0
10.97807816446777 6.795255139690346 0
11.14791560131853 5.94006263986705 0
10.82085693252491 6.911647343197918 0
11.08250485450609 6.375044430898662 0
11.0554879952513 6.145731338280127 0
11.48524656875122 5.892255602686087 0
11.00358330159128 6.066061088894727 0
11.04189516578499 6.510040458664659 0
11.7996906409614 5.723465052468029 0
11.98946605431803 5.599989298674361 0
11.23959596317456 5.927728565343923 0
11.03614212419483 5.925593222718594 0
11.42092654206901 5.876232005504087 0
10.55974206304352 6.858709597352556 0
11.59392701836047 5.818043947667825 0
11.03040395991315 6.286854662353943 0
11.05833031666107 6.735808132855341 0
11.13191190039757 6.463609105810527 0
11.44346205634655 6.001687001985758 0
11.20578856880693 6.031240205590221 0
10.76944684301471 7.064684671764398 0
11.91286047226013 5.797299969223518 0
11.18120906810982 6.332433652448731 0
10.89934418474473 6.854852327785701 0
11.11199615584661 6.098993652660577 0
11.09244867505281 6.596400882320943 0
11.99100187491095 5.683303867075611 0
11.13912891796961 6.220276807401235 0
11.68463532790134 5.834162684118754 0
11.10276805125552 6.012651720867392 0
11.34552981288494 5.96547877390202 0
10.54910994793035 6.774577410926307 0
11.95560922522226 5.496798092079348 0
11.56098228789776 5.912500082202697 0
11.65535185794507 5.955921078758972 0
11.14247404388371 6.682409458974693 0
11.27911739432924 6.297170077641179 0
11.10950479648542 6.822244287851488 0
11.36206774032245 6.086165167936969 0
11.03019259521673 6.880678492276534 0
10.87224595241619 6.995825155675373 0
11.22604853364673 6.4227171856692 0
11.80005128858397 5.851617375919311 0
11.29269927016421 6.050934505603306 0
11.18167666814515 6.550625557061842 0
10.90609885216797 7.207539367768485 0
11.25948120544224 6.129720911147533 0
11.52923302320465 5.980852766138822 0
11.17749294102918 6.115801751074289 0
11.19296735770492 6.768644460275618 0
11.16286119601391 6.907262492555731 0
11.86922918345685 5.947084891706949 0
11.27355974554403 6.509179938600862 0
11.56729025043575 6.035338958888049 0
11.36894656821553 6.261910740999943 0
10.95196930407693 6.938560727716511 0
11.23146636954005 6.636780583850226 0
10.86892485701727 7.126410212974634 0
11.74749146263139 5.941551220322291 0
11.33719633000233 6.186440317091551 0
11.13336557323514 7.338040485624551 0
11.31873484238195 6.134477845417704 0
11.31960658682627 6.383495800422462 0
11.48835942520492 6.091571690956719 0
11.24450390042541 6.854370462610169 0
11.32247670960026 6.59458629199198 0
11.78483930576108 6.006617194254779 0
11.53370613170281 6.169350375290071 0
11.40916236579761 6.342162356194228 0
11.08576672695571 6.964094114018732 0
11.96260509111793 5.88133357898852 0
11.70171931666502 6.060377711593553 0
11.45222835927065 6.218548244484788 0
11.28145078303772 6.72279716178142 0
11.00880667155226 7.020515199918632 0
11.36492791629181 6.466935731063467 0
11.41164204567285 6.144404499239704 0
10.93121459813108 7.075991388329747 0
11.33157601654307 6.808611414231839 0
11.74938653945204 6.147085224541772 0
11.21958814754618 6.989487571818592 0
11.92403172570033 6.036666611624335 0
11.58001442038787 6.249763663953183 0
11.0555927250244 7.24219036216587 0
11.49540170652281 6.297194712769516 0
11.41272873510282 6.550642204122052 0
11.37207573141252 6.680354143352941 0
11.61709032668514 6.114724550650461 0
11.45378145868449 6.422329853739209 0
11.07097018184277 7.101499814356849 0
11.9847455871909 5.760020933589892 0
11.55053502409594 6.590205618566047 0
12.14519736827922 5.874892121434934 0
11.42175827160296 6.766506811650829 0
11.14041777131065 7.183959677077773 0
11.62753680070785 6.33154693539609 0
12.11025770614239 5.683598214701049 0
11.66500775947052 6.199289169619986 0
11.29709996616902 6.938383852790183 0
11.83458935808551 6.092378226236911 0
11.54116384599276 6.377282199769583 0
12.04584645959696 5.97692953162355 0
11.14682254008853 7.045078605722711 0
11.46196278591706 6.636247801750413 0
10.97554194217001 7.27794367845831 0
11.51171928837081 6.723092934497627 0
11.71363635898936 6.283489278337417 0
11.97282380420119 6.125022622116016 0
11.34693028581893 7.01798832326577 0
11.21428612507797 7.122430915740742 0
12.16890160769386 6.004309733646166 0
11.67655934486446 6.414482513680047 0
11.79907817199233 6.232458225035467 0
11.38177019988187 6.894017546298904 0
11.63838209413681 6.544105662672374 0
11.58909445063081 6.459461574029959 0
12.20381598441423 5.945741540937793 0
11.2785326737818 7.064716677089177 0
11.72655847514185 6.499081960331443 0
11.42921562855052 6.978485978602869 0
11.3086868596738 7.19834918078198 0
11.47095667723953 6.852841875150481 0
11.88600609385267 6.178372043917708 0
11.60035867770556 6.677204931665827 0
12.06137635925325 6.088069951374983 0
11.84996561294945 6.317856896946243 0
11.38749567960586 7.095783106470476 0
11.76363087000868 6.367534867425822 0
11.32531571945662 7.115746469737257 0
11.64996038860086 6.764505513799437 0
11.81421627160756 6.452453105609909 0
11.47261714493068 7.063239836806114 0
11.93821089036639 6.264111572184056 0
11.28622771711553 7.362938053934656 0
11.421113124881 7.18050765110688 0
11.77678761284179 6.584542202993118 0
12.03832220544084 6.204253216048227 0
11.56078773597925 6.810011408048192 0
11.68839274392726 6.630609373479847 0
11.51809986171965 6.93943061845013 0
12.24901186680859 6.10280492845753 0
12.15161585808371 6.084594198930084 0
11.86489813562199 6.538164262307999 0
11.69813380266968 6.852158029593144 0
11.51380657978252 7.15010861079703 0
12.0793832374428 6.303608200699157 0
12.13695923727896 6.153652485028243 0
11.82684598686859 6.671034327260749 0
11.60818577927285 6.897496497403884 0
11.56269005999764 7.026671078915568 0
11.73808484446628 6.717477319232775 0
11.369864362555 7.311303256888932 0
12.2205324274711 6.19072400284084 0
11.9012173009293 6.403114796113423 0
11.20854161408117 7.401395038230735 0
12.07834789579635 6.144026155062684 0
11.91510043512449 6.624574555228928 0
11.74441887448397 6.94066246245147 0
11.95152849626058 6.489357651077164 0
11.60653182090944 7.114343220171834 0
11.45987700885549 7.275133572200627 0
11.87621124294453 6.758153702676015 0
11.65364968389547 6.985555960696233 0
11.98953627927989 6.352108580348698 0
11.78687000558394 6.804912111298916 0
12.16156050877654 6.256507829433669 0
11.37664854818297 7.460411569175228 0
12.00107509710699 6.576052776097746 0
11.96456071849219 6.71160858416808 0
11.79020564810905 7.029907506223686 0
12.03745381786075 6.440404224483838 0
11.55651278090915 7.239129735104545 0
11.69884203649382 7.073765406234054 0
11.9248981751945 6.846092215523811 0
11.8344854573542 6.893218648535308 0
12.2408685867763 6.366137941636142 0
11.41641860777598 7.388592299232462 0
12.11643614183439 6.203014503175384 0
11.83895934835944 7.118244531837832 0
11.97464522802172 6.93729624398777 0
12.05057122431901 6.663250389238693 0
12.12572559605035 6.397093316836274 0
11.88170644921618 6.983688277329591 0
11.65247817599742 7.199939437599104 0
12.08462898565128 6.527634545402245 0
12.3593410951696 6.460312071693822 0
12.01376515198056 6.799671137016341 0
12.13374199675032 6.614380262613962 0
12.02089370141593 7.032836213014784 0
11.93074644713491 7.074490406652933 0
12.10153318944139 6.752968369044995 0
11.74620224065611 7.159855084522546 0
12.16644963776781 6.48486423370368 0
12.28370322726694 6.521849397173481 0
11.60447699424938 7.320656860445229 0
12.06512909540985 6.889322073595022 0
11.88919525324884 7.2007429592234 0
12.18826581869191 6.705441798874479 0
11.62961133089564 7.420872286669048 0
12.14873430950156 6.842455837115941 0
12.212798572372 6.569768359734308 0
12.13854463232969 6.990835478254125 0
11.7019742143286 7.281275948334483 0
11.75351846452681 7.363033214416649 0
12.25927440002817 6.81595456963366 0
11.9971125990959 7.163173868521993 0
11.52537889114192 7.539025295515067 0
12.26762119818203 6.6586197597536 0
11.79657782127539 7.242238837329544 0
12.24057934788189 6.90463609247762 0
12.05018921038979 7.101792142686778 0
12.42563513120721 6.911005505777664 0
11.9431395975163 7.27016093151493 0
12.00604199520242 7.233407554038537 0
11.94331182416931 7.414388995123737 0
11.8514103627965 7.327425122166817 0
12.33977982298188 6.617548482740523 0
12.33250494101943 6.736739274113321 0
12.37019285571614 6.686736466886309 0
12.43984648099944 6.706474808908168 0
$EndNodes
$Elements
8 2796 1 2796
1 1 1 50
1 1 19 
2 19 20 
3 20 21 
4 21 22 
5 22 23 
6 23 24 
7 24 25 
8 25 26 
9 26 27 
10 27 28 
11 28 29 
12 29 30 
13 30 31 
14 31 32 
15 32 33 
16 33 34 
17 34 35 
18 35 36 
19 36 37 
20 37 38 
21 38 39 
22 39 40 
23 40 41 
24 41 42 
25 42 43 
26 43 44 
27 44 45 
28 45 46 
29 46 47 
30 47 48 
31 48 49 
32 49 50 
33 50 51 
34 51 52 
35 52 53 
36 53 54 
37 54 55 
38 55 56 
39 56 57 
40 57 58 
41 58 59 
42 59 60 
43 60 61 
44 61 62 
45 62 63 
46 63 64 
47 64 65 
48 65 66 
49 66 67 
50 67 2 
1 2 1 14
51 2 68 
52 68 69 
53 69 70 
54 70 71 
55 71 72 
56 72 73 
57 73 74 
58 74 75 
59 75 76 
60 76 77 
61 77 78 
62 78 79 
63 79 80 
64 80 3 
1 5 1 14
65 5 159 
66 159 160 
67 160 161 
68 161 162 
69 162 163 
70 163 164 
71 164 165 
72 165 166 
73 166 167 
74 167 168 
75 168 169 
76 169 170 
77 170 171 
78 171 1 
1 6 1 14
79 3 172 
80 172 173 
81 173 174 
82 174 175 
83 175 176 
84 176 177 
85 177 178 
86 178 179 
87 179 180 
88 180 181 
89 181 182 
90 182 183 
91 183 184 
92 184 6 
1 7 1 10
93 6 185 
94 185 186 
95 186 187 
96 187 188 
97 188 189 
98 189 190 
99 190 191 
100 191 192 
101 192 193 
102 193 7 
2 1 3 1519
103 1368 1297 1396 1184 
104 496 141 607 407 
105 1632 901 1652 1604 
106 1350 1391 1377 1277 
107 1374 518 1466 1299 
108 1418 1317 1464 1350 
109 1273 1155 1438 1189 
110 1614 1629 1647 1633 
111 1472 1523 1550 1525 
112 1528 1563 1534 1496 
113 265 138 139 239 
114 1154 1199 1275 1093 
115 1324 1600 1190 1157 
116 901 1632 840 987 
117 518 421 590 1494 
118 1045 4 142 1012 
119 1166 1300 1198 1167 
120 1106 1616 1631 1148 
121 1605 1580 1615 1640 
122 1297 1148 1631 1396 
123 696 607 1045 318 
124 1202 1263 1327 1232 
125 1155 1107 1150 1438 
126 1646 1628 1645 1653 
127 1430 1400 1454 1482 
128 846 808 923 911 
129 1418 1237 1331 1273 
130 692 609 572 608 
131 1027 835 845 960 
132 1329 975 1227 1250 
133 1106 1190 1617 1616 
134 1322 1240 1536 1369 
135 731 1571 1586 590 
136 1532 1151 1587 1115 
137 1107 1085 1030 1048 
138 1494 590 1586 1533 
139 1191 1090 1179 1258 
140 769 845 835 678 
141 731 840 1632 1593 
142 849 668 867 1001 
143 1203 329 1374 1299 
144 1048 1030 902 1093 
145 1180 1223 1248 1199 
146 1130 1105 1245 1230 
147 1642 1630 1646 1643 
148 1653 1655 1643 1646 
149 577 494 345 868 
150 1436 1503 1457 1387 
151 849 1153 747 668 
152 1439 1102 1498 1398 
153 987 1115 1587 1035 
154 1227 1251 1318 1250 
155 747 1153 1226 902 
156 1373 1018 957 264 
157 1494 1465 1466 518 
158 142 264 957 1012 
159 1533 1586 1621 1584 
160 96 221 312 95 
161 518 1373 264 410 
162 1577 1634 1651 1609 
163 1073 1075 1110 905 
164 1547 1291 1600 1324 
165 904 1072 1084 1074 
166 901 1639 1645 1652 
167 860 1279 983 1231 
168 1434 1443 1463 1393 
169 1084 1072 1421 751 
170 1073 752 1177 1075 
171 1017 914 916 959 
172 1445 1399 695 1483 
173 1246 1481 1396 1631 
174 1631 1616 1617 1246 
175 1243 1325 1230 1296 
176 420 520 454 327 
177 97 352 221 96 
178 1327 1320 1334 1351 
179 698 677 848 775 
180 524 699 774 611 
181 1500 1502 1443 1434 
182 614 700 750 674 
183 611 347 658 524 
184 318 834 760 696 
185 752 861 1329 1177 
186 1438 1440 1222 1189 
187 230 93 94 349 
188 138 265 301 137 
189 1201 1603 1648 1641 
190 1626 1635 1647 1654 
191 943 911 972 1046 
192 1296 1368 1388 1413 
193 346 327 301 265 
194 520 420 614 584 
195 692 810 725 609 
196 239 411 428 519 
197 646 511 592 615 
198 612 523 452 339 
199 1397 1150 1401 1352 
200 1633 1634 1577 1614 
201 1588 1601 1635 1608 
202 1285 1583 1636 1607 
203 1190 1375 1607 1636 
204 572 430 525 608 
205 1547 1597 1551 1291 
206 1274 1221 1353 16 
207 16 1320 1205 1274 
208 1243 1296 1413 1349 
209 860 1231 1039 935 
210 615 592 701 741 
211 589 1253 1203 1299 
212 1645 1628 1604 1652 
213 1181 1224 1223 1180 
214 1019 982 1295 1252 
215 1026 991 925 839 
216 1246 1546 1510 1481 
217 722 821 661 578 
218 919 853 887 1017 
219 1497 1433 1499 1441 
220 1348 1372 1321 1387 
221 1285 1589 1546 1583 
222 741 701 815 689 
223 914 1017 887 888 
224 351 451 571 484 
225 1114 1181 1180 968 
226 1247 1298 1372 1348 
227 1302 1343 1397 1352 
228 448 349 312 449 
229 1526 1484 1547 1276 
230 349 448 458 230 
231 756 888 770 810 
232 1339 1419 1499 1442 
233 875 912 832 755 
234 1236 1562 1517 1564 
235 1433 1377 1442 1499 
236 836 669 785 844 
237 1503 1476 1564 1517 
238 312 349 94 95 
239 1193 1091 1168 1218 
240 317 347 611 526 
241 1023 956 838 917 
242 15 1010 895 886 
243 1442 1501 1392 1339 
244 1291 1551 1585 1375 
245 1231 983 1228 1029 
246 1280 1029 1228 1254 
247 1253 589 1342 1303 
248 752 1073 1176 1328 
249 1349 1333 1281 1243 
250 344 450 355 275 
251 409 567 421 241 
252 323 480 575 418 
253 1324 1592 1276 1547 
254 921 966 1049 14 
255 915 1069 1021 961 
256 1377 1391 1501 1442 
257 773 820 829 913 
258 1387 1321 1362 1436 
259 1125 1174 1169 1070 
260 1174 1265 1219 1169 
261 956 1023 907 926 
262 327 346 512 420 
263 583 743 816 676 
264 1396 1481 1429 1184 
265 501 458 448 648 
266 595 616 431 527 
267 351 365 255 451 
268 925 991 985 1134 
269 2 68 267 67 
270 887 768 770 888 
271 458 501 531 325 
272 1267 1362 1321 1242 
273 1215 1267 1242 1138 
274 816 892 962 833 
275 648 688 582 501 
276 948 1015 1009 822 
277 888 756 851 914 
278 920 1081 970 828 
279 866 14 963 778 
280 952 1016 1003 877 
281 1016 1125 1070 1003 
282 15 883 954 1010 
283 518 1374 329 1373 
284 452 354 277 339 
285 325 285 230 458 
286 810 692 587 756 
287 596 532 470 617 
288 578 577 606 722 
289 268 408 270 314 
290 768 735 693 770 
291 320 221 352 495 
292 1495 1561 1506 1424 
293 1333 1349 1455 1381 
294 1129 1215 1138 1101 
295 1057 1129 1101 974 
296 769 678 508 618 
297 1302 1275 1199 1248 
298 408 268 258 343 
299 815 701 806 853 
300 688 875 755 582 
301 983 1279 1328 1176 
302 743 691 892 816 
303 815 853 919 757 
304 5 159 274 158 
305 1422 1301 1140 1331 
306 853 806 768 887 
307 759 851 705 670 
308 19 314 171 1 
309 226 322 356 276 
310 653 475 439 550 
311 1059 1127 1078 992 
312 969 1021 1034 1099 
313 1433 1497 1301 1422 
314 1196 1268 1258 1179 
315 1585 1515 1554 1620 
316 1630 1642 1576 1606 
317 271 405 273 311 
318 656 649 680 802 
319 659 604 740 804 
320 610 738 764 682 
321 1039 1231 1029 1330 
322 1281 1332 1287 1183 
323 811 766 828 949 
324 812 780 886 952 
325 657 650 679 803 
326 529 619 670 705 
327 556 719 649 422 
328 547 732 593 423 
329 732 872 766 593 
330 489 478 569 640 
331 488 479 570 641 
332 1028 908 927 1079 
333 1087 1044 1118 1167 
334 487 453 573 639 
335 430 357 243 525 
336 874 1008 896 885 
337 431 457 259 360 
338 1222 1440 1463 1443 
339 671 617 531 703 
340 719 593 766 811 
341 1096 1113 1206 1141 
342 557 721 650 441 
343 558 720 599 473 
344 323 406 299 237 
345 636 734 704 517 
346 733 870 780 598 
347 562 723 604 427 
348 396 546 479 246 
349 390 547 423 249 
350 392 545 478 304 
351 734 879 807 704 
352 397 553 446 303 
353 395 235 453 487 
354 394 309 445 482 
355 391 559 483 240 
356 401 568 424 250 
357 399 556 422 302 
358 482 445 564 636 
359 882 1011 921 779 
360 545 427 604 659 
361 546 441 650 657 
362 1081 993 1089 1182 
363 1518 1471 1535 1568 
364 749 706 635 776 
365 825 979 994 941 
366 721 598 780 812 
367 1217 1313 1268 1196 
368 1161 1217 1196 1124 
369 940 842 992 1024 
370 723 633 765 809 
371 890 928 988 889 
372 809 765 885 948 
373 966 921 1011 1043 
374 388 254 337 490 
375 825 797 686 850 
376 318 957 1018 834 
377 575 660 743 583 
378 850 906 979 825 
379 343 492 348 408 
380 405 271 257 341 
381 602 797 795 717 
382 81 311 80 3 
383 660 552 691 743 
384 429 358 281 455 
385 237 386 480 323 
386 642 555 687 738 
387 1349 1413 1426 1455 
388 555 509 591 687 
389 480 447 660 575 
390 1079 988 928 990 
391 354 226 55 56 
392 276 54 55 226 
393 341 486 350 405 
394 612 697 588 523 
395 839 776 675 838 
396 382 439 475 298 
397 686 638 551 706 
398 282 279 459 359 
399 267 275 66 67 
400 698 510 621 677 
401 990 981 1028 1079 
402 1128 1099 1147 1165 
403 355 450 334 244 
404 258 268 20 21 
405 314 19 20 268 
406 527 431 360 231 
407 484 571 516 338 
408 851 756 587 705 
409 277 354 56 57 
410 531 617 470 325 
411 364 530 426 223 
412 358 429 525 243 
413 906 850 749 925 
414 669 836 772 697 
415 1457 1503 1517 1193 
416 782 707 596 783 
417 806 637 735 768 
418 742 813 761 591 
419 477 332 509 555 
420 836 844 908 989 
421 525 429 500 608 
422 359 459 514 618 
423 639 573 694 771 
424 549 330 475 653 
425 259 277 57 58 
426 1539 1623 1519 1479 
427 275 355 65 66 
428 618 508 432 359 
429 587 692 608 500 
430 645 528 461 510 
431 386 297 447 480 
432 229 324 455 281 
433 706 749 850 686 
434 231 362 432 527 
435 429 455 529 500 
436 831 783 671 852 
437 662 818 521 868 
438 813 890 889 761 
439 655 514 459 334 
440 1464 1317 1443 1502 
441 838 675 772 917 
442 1584 1621 1630 1606 
443 354 452 322 226 
444 311 81 82 271 
445 257 271 82 83 
446 754 835 1027 927 
447 357 258 21 22 
448 261 99 100 353 
449 1428 1461 1473 1524 
450 244 334 459 279 
451 456 361 242 528 
452 619 529 455 324 
453 697 612 499 669 
454 362 282 359 432 
455 255 278 333 451 
456 360 259 58 59 
457 707 782 784 620 
458 1540 1618 1579 1559 
459 571 646 615 516 
460 869 937 1082 1025 
461 776 839 925 749 
462 243 357 22 23 
463 916 914 851 759 
464 839 838 956 1026 
465 646 333 471 511 
466 505 729 585 564 
467 276 287 53 54 
468 783 831 854 782 
469 1340 1393 1371 1244 
470 848 928 890 775 
471 500 529 705 587 
472 596 707 436 532 
473 365 160 161 255 
474 358 243 23 24 
475 1504 1542 1539 1480 
476 988 1079 927 1027 
477 510 698 613 645 
478 279 63 64 244 
479 355 244 64 65 
480 274 159 160 365 
481 440 477 555 642 
482 435 471 283 366 
483 281 358 24 25 
484 777 703 582 755 
485 907 852 777 926 
486 383 296 442 476 
487 638 686 797 602 
488 776 635 588 675 
489 527 432 508 595 
490 281 25 26 229 
491 476 442 652 561 
492 361 257 83 84 
493 927 908 844 754 
494 962 959 880 833 
495 947 1061 965 954 
496 438 654 509 332 
497 231 360 59 60 
498 621 620 784 677 
499 635 417 523 588 
500 339 457 499 612 
501 707 620 548 436 
502 852 907 918 831 
503 255 161 162 278 
504 1381 1437 1378 1333 
505 242 361 84 85 
506 381 474 438 294 
507 689 815 757 581 
508 785 702 754 844 
509 417 635 706 551 
510 279 282 62 63 
511 474 560 654 438 
512 1280 1254 1311 1131 
513 461 414 621 510 
514 363 242 85 86 
515 1468 1516 1543 1504 
516 499 616 785 669 
517 461 363 284 414 
518 357 430 343 258 
519 702 678 835 754 
520 702 595 508 678 
521 1237 1277 1422 1331 
522 238 330 435 366 
523 384 477 440 300 
524 277 259 457 339 
525 366 283 163 164 
526 278 162 163 283 
527 282 362 61 62 
528 284 363 86 87 
529 605 690 813 742 
530 533 511 471 435 
531 363 461 528 242 
532 1530 1572 1561 1495 
533 287 364 52 53 
534 617 671 783 596 
535 362 231 60 61 
536 637 592 511 533 
537 690 775 890 813 
538 595 702 785 616 
539 588 697 772 675 
540 227 436 548 379 
541 379 284 87 88 
542 549 533 435 330 
543 906 1076 1050 979 
544 278 283 471 333 
545 342 491 550 439 
546 677 784 942 848 
547 361 456 341 257 
548 457 431 616 499 
549 725 693 653 550 
550 436 227 380 532 
551 385 321 416 552 
552 951 1058 977 865 
553 1354 1407 1459 1460 
554 863 941 994 903 
555 628 717 795 796 
556 460 367 280 462 
557 1239 1144 1253 1303 
558 1304 1390 1417 1359 
559 364 223 51 52 
560 791 672 824 936 
561 746 856 995 900 
562 716 715 788 858 
563 26 27 367 229 
564 27 28 280 367 
565 369 540 462 280 
566 708 632 462 540 
567 536 713 712 626 
568 539 629 715 716 
569 982 855 746 900 
570 718 792 937 869 
571 1130 1178 900 995 
572 986 903 994 1083 
573 289 368 534 433 
574 292 291 377 434 
575 222 371 465 319 
576 434 377 537 623 
577 464 629 539 465 
578 463 535 622 503 
579 751 713 790 855 
580 1155 1140 1033 1116 
581 47 48 371 222 
582 535 468 600 622 
583 864 1000 937 792 
584 1082 937 1000 1117 
585 30 232 369 29 
586 31 32 290 372 
587 535 463 374 228 
588 370 233 419 466 
589 465 371 286 464 
590 377 319 413 537 
591 290 370 466 469 
592 223 426 538 378 
593 534 412 710 625 
594 537 413 579 714 
595 466 419 504 542 
596 415 627 708 540 
597 601 672 791 627 
598 628 796 715 629 
599 623 787 683 630 
600 855 790 667 746 
601 793 935 824 672 
602 630 683 789 710 
603 667 709 856 746 
604 744 858 997 897 
605 791 936 1000 864 
606 1116 1033 897 997 
607 934 1054 1116 997 
608 936 1041 1117 1000 
609 425 598 721 557 
610 424 597 720 558 
611 517 704 781 603 
612 506 664 765 633 
613 507 685 794 634 
614 507 640 800 685 
615 597 779 866 720 
616 603 781 870 733 
617 594 763 882 737 
618 597 737 882 779 
619 673 760 951 865 
620 834 924 951 760 
621 14 866 779 921 
622 685 827 933 794 
623 673 865 938 798 
624 685 800 944 827 
625 665 873 944 800 
626 727 823 939 801 
627 727 803 946 823 
628 827 978 1055 933 
629 865 977 1056 938 
630 873 964 1062 944 
631 827 944 1062 978 
632 873 950 1064 964 
633 822 1009 1064 950 
634 1071 1120 964 1064 
635 933 1055 1118 1004 
636 938 1056 1119 1006 
637 977 1097 1156 1056 
638 964 1120 1160 1062 
639 1013 1094 1172 1066 
640 1056 1156 1220 1119 
641 1047 1164 1207 1121 
642 1097 1209 1271 1156 
643 1166 1197 1322 1300 
644 1354 1304 1208 1239 
645 1208 1304 1359 1259 
646 1209 1259 1359 1305 
647 1187 1284 1356 1262 
648 1209 1305 1323 1271 
649 1187 1315 1341 1284 
650 1332 1395 1405 1287 
651 1233 1290 1415 1337 
652 1235 1339 1392 1309 
653 1235 1314 1419 1339 
654 1284 1341 1444 1402 
655 1283 1382 1450 1345 
656 1304 1354 1460 1390 
657 1284 1402 1446 1356 
658 1309 1392 1447 1357 
659 1308 1357 1447 1412 
660 1482 1454 1379 1425 
661 1503 1436 1386 1476 
662 1501 1500 1447 1392 
663 1337 1428 1485 1404 
664 1402 1479 1519 1446 
665 1550 1570 1470 1525 
666 1585 1551 1474 1515 
667 1432 1512 1545 1475 
668 1431 1508 1560 1486 
669 1451 1487 1555 1520 
670 1427 1507 1558 1492 
671 1470 1570 1557 1511 
672 1488 1522 1570 1550 
673 1519 1581 1618 1540 
674 1512 1578 1603 1545 
675 1201 1595 1545 1603 
676 1506 1577 1609 1556 
677 1508 1575 1615 1560 
678 289 41 42 368 
679 622 600 786 709 
680 856 932 1051 995 
681 38 39 228 374 
682 41 289 375 40 
683 42 43 224 368 
684 286 49 50 378 
685 373 541 419 233 
686 378 538 464 286 
687 260 326 467 288 
688 373 288 467 541 
689 375 289 433 468 
690 222 319 377 291 
691 376 292 434 543 
692 624 536 467 326 
693 463 503 624 326 
694 224 412 534 368 
695 290 469 544 372 
696 544 601 627 415 
697 504 419 541 626 
698 468 433 498 600 
699 543 434 623 630 
700 460 462 632 502 
701 629 464 538 628 
702 466 542 631 469 
703 544 469 631 601 
704 433 534 625 498 
705 600 498 711 786 
706 709 667 503 622 
707 542 504 586 684 
708 586 504 626 712 
709 426 717 628 538 
710 858 744 579 716 
711 684 586 752 860 
712 712 861 752 586 
713 537 714 787 623 
714 536 624 790 713 
715 498 625 666 711 
716 666 625 710 789 
717 864 708 627 791 
718 601 631 793 672 
719 542 684 793 631 
720 745 666 789 862 
721 789 683 837 862 
722 632 708 864 792 
723 666 745 857 711 
724 713 751 861 712 
725 579 744 859 714 
726 788 715 796 863 
727 670 718 869 759 
728 862 898 930 745 
729 857 745 930 996 
730 1084 751 855 1376 
731 709 786 932 856 
732 711 857 932 786 
733 683 787 931 837 
734 714 859 931 787 
735 684 860 935 793 
736 932 857 996 1051 
737 788 934 997 858 
738 788 863 903 934 
739 898 967 1052 930 
740 859 998 1053 931 
741 837 931 1053 999 
742 930 1052 1106 996 
743 1096 1053 998 1113 
744 996 1106 1148 1051 
745 967 1091 1157 1052 
746 1052 1157 1190 1106 
747 44 45 292 376 
748 998 859 744 897 
749 1041 936 824 971 
750 862 837 999 898 
751 1037 967 898 999 
752 934 903 986 1054 
753 1037 1168 1091 967 
754 979 1050 1083 994 
755 897 1033 1113 998 
756 1053 1096 1037 999 
757 1033 1140 1206 1113 
758 1458 1363 1288 1385 
759 1492 1414 1336 1427 
760 1595 1528 1475 1545 
761 49 286 371 48 
762 1057 946 877 1003 
763 1404 1307 1233 1337 
764 1341 1315 1252 1295 
765 1262 1356 1382 1283 
766 1436 1362 1289 1386 
767 1415 1461 1428 1337 
768 1336 1404 1485 1427 
769 1558 1512 1432 1492 
770 1201 1563 1528 1595 
771 369 280 28 29 
772 290 32 33 370 
773 288 36 37 260 
774 15 870 781 883 
775 794 933 1004 878 
776 1162 1207 1306 1255 
777 16 1353 1454 1400 
778 1446 1519 1540 1469 
779 1508 1556 1609 1575 
780 31 372 232 30 
781 33 34 233 370 
782 35 373 233 34 
783 36 288 373 35 
784 38 374 260 37 
785 40 375 228 39 
786 44 376 224 43 
787 46 291 292 45 
788 376 543 412 224 
789 468 535 228 375 
790 324 229 367 460 
791 540 369 232 415 
792 326 260 374 463 
793 232 372 544 415 
794 630 710 412 543 
795 319 465 539 413 
796 716 579 413 539 
797 626 541 467 536 
798 790 624 503 667 
799 971 824 935 1538 
800 1481 1510 1522 1429 
801 51 223 378 50 
802 291 46 47 222 
803 424 568 737 597 
804 506 641 801 664 
805 594 730 878 763 
806 634 794 878 730 
807 665 804 950 873 
808 911 923 1066 972 
809 1163 1058 973 1092 
810 1253 1144 1036 1203 
811 1112 1142 1164 1047 
812 1167 1118 1055 1166 
813 977 1058 1163 1097 
814 1239 1208 1092 1144 
815 1092 1208 1259 1163 
816 1097 1163 1259 1209 
817 1303 1407 1354 1239 
818 1194 1255 1355 1286 
819 1194 1286 1360 1260 
820 1458 1386 1289 1363 
821 1431 1491 1556 1508 
822 1006 1119 1158 1060 
823 1119 1220 1195 1158 
824 1156 1271 1249 1220 
825 1427 1485 1553 1507 
826 633 443 328 506 
827 603 444 336 517 
828 1166 1111 1212 1197 
829 1274 1205 1094 1165 
830 1094 1205 1263 1172 
831 1327 1263 1205 1320 
832 1519 1623 1594 1581 
833 1127 1059 970 1126 
834 767 700 512 663 
835 1598 1599 1543 1516 
836 1307 1213 1136 1233 
837 1136 1270 1290 1233 
838 1475 1383 1344 1432 
839 1492 1432 1344 1414 
840 1383 1475 1528 1439 
841 1102 1439 1528 1496 
842 1299 1466 1399 589 
843 1613 1530 1459 1467 
844 695 1399 1466 1465 
845 1164 1256 1306 1207 
846 1255 1306 1406 1355 
847 1286 1355 1448 1384 
848 1286 1384 1449 1360 
849 1288 1360 1449 1385 
850 798 938 1006 881 
851 1404 1336 1261 1307 
852 1414 1311 1261 1336 
853 1146 1261 1311 1254 
854 1487 1451 1346 1411 
855 1520 1555 1619 1591 
856 1451 1520 1552 1490 
857 1591 1599 1552 1520 
858 1382 1469 1527 1450 
859 1540 1559 1527 1469 
860 1356 1446 1469 1382 
861 1507 1573 1610 1558 
862 1512 1558 1610 1578 
863 1315 1187 1095 1252 
864 1405 1347 1238 1287 
865 1452 1514 1554 1489 
866 1448 1489 1554 1515 
867 1514 1452 1408 1477 
868 1584 1549 695 1533 
869 1505 1483 695 1549 
870 1573 1626 1649 1610 
871 1654 1656 1649 1626 
872 863 796 795 941 
873 530 602 717 426 
874 1186 1283 1345 1294 
875 1122 1159 1257 1210 
876 792 718 502 632 
877 619 502 718 670 
878 798 651 513 673 
879 513 696 760 673 
880 1511 1453 1409 1470 
881 1525 1470 1409 1456 
882 1190 1636 1583 1617 
883 801 641 570 727 
884 800 640 569 665 
885 874 939 1063 1008 
886 940 802 680 842 
887 1139 1210 1308 1234 
888 1412 1340 1234 1308 
889 1210 1257 1357 1308 
890 1123 1211 1257 1159 
891 1211 1309 1357 1257 
892 1135 1235 1309 1211 
893 1314 1235 1135 1198 
894 1444 1405 1395 1435 
895 1599 1598 1509 1552 
896 797 825 941 795 
897 771 843 871 729 
898 1002 899 748 871 
899 1005 879 748 899 
900 1115 987 909 1042 
901 899 1047 1121 1005 
902 1112 1047 899 1002 
903 1207 1162 1061 1121 
904 1035 1622 1086 1639 
905 1384 1474 1521 1449 
906 1551 1597 1521 1474 
907 1515 1474 1384 1448 
908 1355 1406 1489 1448 
909 1256 1358 1406 1306 
910 1214 1310 1358 1256 
911 443 633 723 562 
912 444 603 733 563 
913 425 563 733 598 
914 428 526 724 644 
915 335 487 639 505 
916 331 489 640 507 
917 331 507 634 472 
918 719 556 423 593 
919 737 568 446 594 
920 1499 1419 1338 1441 
921 1522 1488 1388 1429 
922 576 656 802 728 
923 576 728 818 662 
924 1454 1353 1293 1379 
925 1255 1194 1098 1162 
926 946 803 679 877 
927 1161 1063 974 1101 
928 1572 1637 1650 1629 
929 1629 1614 1561 1572 
930 1506 1561 1614 1577 
931 868 345 493 662 
932 1605 1611 1619 1580 
933 1118 1044 922 1004 
934 1043 1011 922 1044 
935 1121 1061 947 1005 
936 1400 1334 1320 16 
937 950 804 740 822 
938 1098 1194 1260 1170 
939 1556 1491 1424 1506 
940 446 553 730 594 
941 472 634 730 553 
942 1066 923 826 1013 
943 973 1036 1144 1092 
944 1360 1288 1188 1260 
945 1363 1265 1188 1288 
946 1525 1456 1380 1472 
947 1437 1381 1471 1518 
948 1381 1455 1478 1471 
949 1486 1410 1335 1431 
950 1487 1411 1462 1531 
951 1410 1486 1531 1462 
952 1486 1560 1541 1531 
953 881 1006 1060 953 
954 1546 1589 1557 1510 
955 867 821 681 820 
956 893 829 820 681 
957 606 521 817 681 
958 728 817 521 818 
959 893 681 817 894 
960 310 245 331 472 
961 308 263 328 443 
962 306 252 336 444 
963 505 564 445 335 
964 335 445 309 262 
965 978 1111 1166 1055 
966 1013 1128 1165 1094 
967 1550 1523 1426 1488 
968 1049 993 963 14 
969 1623 1539 1542 1594 
970 1542 1582 1611 1594 
971 1386 1458 1526 1476 
972 1385 1484 1526 1458 
973 1521 1484 1385 1449 
974 1523 1569 1567 1478 
975 828 970 1059 949 
976 1313 1217 1138 1242 
977 968 1133 1068 1114 
978 700 614 420 512 
979 1215 1129 1070 1169 
980 1254 1228 1109 1146 
981 1270 1136 1110 1229 
982 1108 1137 1251 1227 
983 1159 1122 1049 966 
984 993 1049 1122 1089 
985 1292 1398 1330 1364 
986 1439 1398 1292 1383 
987 1142 1112 1046 1152 
988 1185 1152 1100 1202 
989 1125 1016 895 1038 
990 866 778 599 720 
991 1530 1495 1460 1459 
992 1445 1342 589 1399 
993 1445 1407 1303 1342 
994 1407 1445 1467 1459 
995 1483 1505 1467 1445 
996 1362 1267 1219 1289 
997 1363 1289 1219 1265 
998 599 778 872 732 
999 1518 1516 1468 1437 
1000 1256 1164 1142 1214 
1001 1152 1185 1214 1142 
1002 1158 1132 1014 1060 
1003 1576 1642 1627 1602 
1004 651 798 881 699 
1005 620 621 414 548 
1006 847 762 644 724 
1007 774 724 526 611 
1008 1274 1165 1147 1221 
1009 1307 1261 1146 1213 
1010 1002 871 843 943 
1011 846 911 943 843 
1012 1210 1139 1089 1122 
1013 1507 1553 1608 1573 
1014 1428 1524 1553 1485 
1015 336 482 636 517 
1016 704 807 883 781 
1017 1635 1626 1573 1608 
1018 1524 1588 1608 1553 
1019 1473 1548 1588 1524 
1020 18 1601 1588 1548 
1021 1590 1548 1473 1513 
1022 1345 1450 1493 1389 
1023 1025 1082 1040 980 
1024 980 1040 1007 945 
1025 1346 1451 1490 1416 
1026 1294 1251 1137 1186 
1027 1171 1262 1283 1186 
1028 273 405 350 272 
1029 1630 1574 1628 1646 
1030 1089 1139 1200 1182 
1031 1262 1171 1095 1187 
1032 554 726 799 643 
1033 643 799 840 731 
1034 1358 1452 1489 1406 
1035 1310 1408 1452 1358 
1036 1477 1544 1596 1514 
1037 1266 1361 1408 1310 
1038 1477 1408 1361 1453 
1039 1463 1440 1397 1343 
1040 1150 1397 1440 1438 
1041 1302 1352 1401 1275 
1042 819 1593 1632 1604 
1043 1504 1543 1582 1542 
1044 1599 1591 1582 1543 
1045 1465 1494 1533 695 
1046 1656 1655 1625 1649 
1047 1450 1527 1513 1493 
1048 1159 966 1043 1123 
1049 1044 1087 1123 1043 
1050 841 969 1065 750 
1051 771 729 505 639 
1052 324 460 502 619 
1053 696 513 407 607 
1054 1162 1098 965 1061 
1055 1282 1409 1453 1361 
1056 1453 1511 1544 1477 
1057 1282 1351 1456 1409 
1058 1366 1293 1204 1241 
1059 1546 1246 1617 1583 
1060 1160 1111 978 1062 
1061 328 488 641 506 
1062 939 874 664 801 
1063 765 664 874 885 
1064 802 894 817 728 
1065 802 940 893 894 
1066 965 1098 1170 1067 
1067 805 945 1007 876 
1068 1042 909 876 1007 
1069 1034 1104 1216 1145 
1070 1552 1509 1425 1490 
1071 1482 1425 1509 1565 
1072 1211 1123 1087 1135 
1073 1087 1167 1198 1135 
1074 1500 1434 1412 1447 
1075 1548 1590 1612 18 
1076 1634 18 1612 1651 
1077 1226 1153 849 1133 
1078 871 748 585 729 
1079 585 748 879 734 
1080 773 913 1068 1001 
1081 799 909 987 840 
1082 726 876 909 799 
1083 647 805 876 726 
1084 1587 1151 1622 1035 
1085 1310 1214 1185 1266 
1086 1202 1232 1266 1185 
1087 1597 1547 1484 1521 
1088 310 472 553 397 
1089 306 444 563 404 
1090 308 443 562 398 
1091 545 392 234 427 
1092 562 427 234 398 
1093 558 400 250 424 
1094 557 403 251 425 
1095 563 425 251 404 
1096 547 390 305 473 
1097 558 473 305 400 
1098 546 396 307 441 
1099 557 441 307 403 
1100 1071 1015 896 1031 
1101 896 1008 1124 1031 
1102 1168 1141 1272 1218 
1103 1206 1566 1272 1141 
1104 93 230 285 92 
1105 1322 1338 1403 1300 
1106 1314 1403 1338 1419 
1107 422 649 656 559 
1108 763 922 1011 882 
1109 740 809 948 822 
1110 481 643 731 567 
1111 614 674 808 584 
1112 1196 1179 1031 1124 
1113 1161 1124 1008 1063 
1114 1293 1366 1416 1379 
1115 1204 1293 1353 1221 
1116 570 657 803 727 
1117 823 974 1063 939 
1118 680 811 949 842 
1119 1530 1613 1637 1572 
1120 1057 974 823 946 
1121 963 993 1081 920 
1122 473 599 732 547 
1123 1059 992 842 949 
1124 662 493 483 576 
1125 656 576 483 559 
1126 1611 1582 1591 1619 
1127 1619 1555 1541 1580 
1128 1560 1615 1580 1541 
1129 1004 922 763 878 
1130 1005 947 807 879 
1131 883 807 947 954 
1132 1523 1478 1455 1426 
1133 1001 867 820 773 
1134 1258 1268 1298 1191 
1135 569 659 804 665 
1136 1335 1417 1491 1431 
1137 350 486 485 340 
1138 247 342 439 382 
1139 1260 1188 1088 1170 
1140 674 826 923 808 
1141 1058 951 924 973 
1142 1018 984 924 834 
1143 1036 973 924 984 
1144 1065 826 674 750 
1145 548 414 284 379 
1146 470 293 285 325 
1147 287 437 530 364 
1148 564 585 734 636 
1149 1088 1188 1265 1174 
1150 1334 1380 1456 1351 
1151 1650 1637 1627 1644 
1152 91 293 380 90 
1153 532 380 293 470 
1154 1305 1359 1417 1335 
1155 1323 1410 1462 1367 
1156 1411 17 1367 1462 
1157 699 881 953 774 
1158 724 774 953 847 
1159 1565 1529 1430 1482 
1160 1472 1380 1430 1529 
1161 1570 1522 1510 1557 
1162 679 812 952 877 
1163 1029 1280 1364 1330 
1164 722 606 681 821 
1165 782 854 942 784 
1166 1270 1318 1365 1290 
1167 1251 1294 1365 1318 
1168 1290 1365 1389 1415 
1169 1488 1426 1413 1388 
1170 92 285 293 91 
1171 1223 1244 1371 1248 
1172 486 566 565 485 
1173 1656 1654 1650 1644 
1174 417 322 452 523 
1175 489 331 245 402 
1176 482 336 252 394 
1177 487 335 262 395 
1178 488 328 263 393 
1179 315 299 406 481 
1180 643 481 406 554 
1181 1656 1644 1643 1655 
1182 759 869 1025 916 
1183 269 348 342 247 
1184 1514 1596 1620 1554 
1185 1375 1585 1620 1607 
1186 652 741 689 561 
1187 969 841 961 1021 
1188 1340 1412 1434 1393 
1189 826 1065 1128 1013 
1190 969 1099 1128 1065 
1191 1441 1369 1537 1497 
1192 1566 1537 1369 1536 
1193 366 164 165 238 
1194 379 88 89 227 
1195 778 963 920 872 
1196 89 90 380 227 
1197 976 1103 1181 1114 
1198 330 238 298 475 
1199 1103 1173 1224 1181 
1200 1101 1138 1217 1161 
1201 703 777 852 671 
1202 454 453 235 389 
1203 276 356 437 287 
1204 945 805 676 880 
1205 1390 1460 1495 1424 
1206 690 605 565 613 
1207 1114 1068 913 976 
1208 831 918 981 854 
1209 488 393 246 479 
1210 556 399 249 423 
1211 493 353 240 483 
1212 559 391 302 422 
1213 568 401 303 446 
1214 489 402 304 478 
1215 885 896 1015 948 
1216 880 676 816 833 
1217 954 965 1067 1010 
1218 895 1010 1067 1038 
1219 340 485 560 474 
1220 591 761 884 687 
1221 416 561 689 581 
1222 990 942 854 981 
1223 248 340 474 381 
1224 657 570 479 546 
1225 659 569 478 545 
1226 296 256 338 442 
1227 1003 1070 1129 1057 
1228 1268 1313 1372 1298 
1229 1242 1321 1372 1313 
1230 907 1023 1077 918 
1231 1312 1269 1143 1195 
1232 533 549 735 637 
1233 592 637 806 701 
1234 561 416 321 476 
1235 382 298 166 167 
1236 315 481 567 409 
1237 654 560 605 742 
1238 272 350 340 248 
1239 1414 1344 1131 1311 
1240 1072 904 1137 1108 
1241 1213 1146 1109 905 
1242 1213 905 1110 1136 
1243 1421 1072 1108 1175 
1244 905 1109 1176 1073 
1245 1229 1110 1075 1177 
1246 1383 1292 1131 1344 
1247 297 295 385 447 
1248 742 591 509 654 
1249 1152 1046 972 1100 
1250 1172 1100 972 1066 
1251 1433 1422 1277 1377 
1252 300 440 337 254 
1253 1332 1281 1333 1378 
1254 1027 960 889 988 
1255 1578 1625 1648 1603 
1256 811 680 649 719 
1257 652 442 338 516 
1258 886 895 1016 952 
1259 812 679 650 721 
1260 1060 1014 847 953 
1261 1169 1219 1267 1215 
1262 970 1081 1182 1126 
1263 384 73 74 236 
1264 141 496 524 658 
1265 1126 1173 1103 1127 
1266 764 738 687 884 
1267 1649 1625 1578 1610 
1268 476 321 225 383 
1269 381 294 75 76 
1270 755 832 926 777 
1271 166 298 238 165 
1272 1437 1468 1423 1378 
1273 385 552 660 447 
1274 381 76 77 248 
1275 775 690 613 698 
1276 725 550 491 609 
1277 602 530 437 638 
1278 416 581 691 552 
1279 501 582 703 531 
1280 383 225 152 153 
1281 1516 1518 1568 1598 
1282 1529 1565 1568 1535 
1283 1038 1088 1174 1125 
1284 438 332 236 294 
1285 1613 1467 1505 1602 
1286 1549 1576 1602 1505 
1287 761 889 960 884 
1288 253 651 699 524 
1289 1034 1145 1147 1099 
1290 647 418 575 583 
1291 917 989 1077 1023 
1292 522 449 320 497 
1293 490 344 316 388 
1294 383 153 154 296 
1295 638 437 356 551 
1296 15 886 780 870 
1297 1395 1332 1378 1423 
1298 387 256 155 156 
1299 809 740 604 723 
1300 365 351 313 274 
1301 382 167 168 247 
1302 313 351 484 387 
1303 1221 1147 1145 1204 
1304 1108 1227 975 1175 
1305 1109 1228 983 1176 
1306 386 149 150 297 
1307 1435 1395 1423 1480 
1308 477 384 236 332 
1309 1468 1504 1480 1423 
1310 322 417 551 356 
1311 484 338 256 387 
1312 581 757 892 691 
1313 337 440 642 515 
1314 1612 1590 1559 1579 
1315 845 764 884 960 
1316 384 300 72 73 
1317 270 408 348 269 
1318 311 273 79 80 
1319 295 225 321 385 
1320 1411 1346 1319 17 
1321 1045 1012 957 318 
1322 333 646 571 451 
1323 920 828 766 872 
1324 1590 1513 1527 1559 
1325 75 294 236 74 
1326 981 918 1077 1028 
1327 386 237 148 149 
1328 605 560 485 565 
1329 1493 1461 1415 1389 
1330 962 892 757 919 
1331 1461 1493 1513 1473 
1332 1511 1557 1589 1544 
1333 1490 1425 1379 1416 
1334 137 301 389 136 
1335 388 70 71 254 
1336 1641 1648 1653 1645 
1337 1625 1655 1653 1648 
1338 693 735 549 653 
1339 1651 1612 1579 1638 
1340 1618 1640 1638 1579 
1341 1368 1245 1105 1297 
1342 1368 1296 1230 1245 
1343 1294 1345 1389 1365 
1344 741 652 516 615 
1345 731 590 421 567 
1346 1319 1346 1416 1366 
1347 1002 943 1046 1112 
1348 387 156 157 313 
1349 274 313 157 158 
1350 904 1171 1186 1137 
1351 78 272 248 77 
1352 152 225 295 151 
1353 528 645 566 456 
1354 456 566 486 341 
1355 1630 1621 758 1574 
1356 1628 1574 819 1604 
1357 682 764 845 769 
1358 726 554 418 647 
1359 1252 1095 1074 1326 
1360 1281 1183 1080 1278 
1361 1287 1238 1032 1183 
1362 1178 1325 1278 1080 
1363 327 454 389 301 
1364 450 344 490 574 
1365 1644 1627 1642 1643 
1366 154 155 256 296 
1367 491 342 348 492 
1368 1361 1266 1232 1282 
1369 929 1024 992 1078 
1370 150 151 295 297 
1371 314 270 170 171 
1372 1249 1367 17 1312 
1373 1039 1330 1398 1498 
1374 1634 1633 1601 18 
1375 1647 1635 1601 1633 
1376 989 917 772 836 
1377 613 565 566 645 
1378 1371 1343 1302 1248 
1379 1387 1457 1394 1348 
1380 1102 1496 1534 1532 
1381 1535 1567 1569 1529 
1382 1637 1613 1602 1627 
1383 770 693 725 810 
1384 79 273 272 78 
1385 275 267 316 344 
1386 847 1014 1069 915 
1387 1276 1564 1476 1526 
1388 945 880 959 980 
1389 1054 986 1085 1107 
1390 1116 1054 1107 1155 
1391 1263 1202 1100 1172 
1392 651 253 407 513 
1393 454 520 573 453 
1394 169 269 247 168 
1395 1232 1327 1351 1282 
1396 1145 1216 1241 1204 
1397 1143 1269 1241 1216 
1398 72 300 254 71 
1399 491 492 572 609 
1400 267 68 69 316 
1401 388 316 69 70 
1402 391 240 101 102 
1403 390 249 105 106 
1404 392 304 116 117 
1405 394 252 130 131 
1406 395 262 133 134 
1407 393 263 121 122 
1408 397 303 111 112 
1409 389 235 135 136 
1410 353 100 101 240 
1411 399 302 103 104 
1412 399 104 105 249 
1413 400 108 109 250 
1414 401 250 109 110 
1415 401 110 111 303 
1416 402 245 114 115 
1417 402 115 116 304 
1418 396 246 123 124 
1419 398 234 118 119 
1420 393 122 123 246 
1421 403 307 125 126 
1422 404 251 127 128 
1423 404 128 129 306 
1424 390 106 107 305 
1425 400 305 107 108 
1426 397 112 113 310 
1427 398 119 120 308 
1428 396 124 125 307 
1429 391 102 103 302 
1430 392 117 118 234 
1431 403 126 127 251 
1432 394 131 132 309 
1433 395 134 135 235 
1434 1014 1132 1104 1069 
1435 1170 1088 1038 1067 
1436 1544 1589 1285 1596 
1437 1001 1068 1133 849 
1438 1316 1244 1223 1224 
1439 916 1025 980 959 
1440 170 270 269 169 
1441 1607 1620 1596 1285 
1442 738 610 515 642 
1443 829 893 940 1024 
1444 1024 929 913 829 
1445 518 410 241 421 
1446 583 676 805 647 
1447 580 814 753 739 
1448 526 428 411 317 
1449 925 1134 1076 906 
1450 618 514 682 769 
1451 1168 1037 1096 1141 
1452 221 320 449 312 
1453 958 1050 1076 1020 
1454 1198 1300 1403 1314 
1455 1429 1388 1368 1184 
1456 912 991 1026 832 
1457 688 648 522 739 
1458 1555 1487 1531 1541 
1459 1366 1241 1269 1319 
1460 17 1319 1269 1312 
1461 1535 1471 1478 1567 
1462 843 771 694 846 
1463 430 572 492 343 
1464 497 580 739 522 
1465 912 875 753 955 
1466 1615 1575 1638 1640 
1467 875 688 739 753 
1468 736 747 910 891 
1469 975 1370 1421 1175 
1470 661 736 814 580 
1471 120 121 263 308 
1472 114 245 310 113 
1473 130 252 306 129 
1474 133 262 309 132 
1475 1491 1417 1390 1424 
1476 1651 1638 1575 1609 
1477 1190 1600 1291 1375 
1478 767 841 750 700 
1479 514 655 610 682 
1480 1400 1430 1380 1334 
1481 942 990 928 848 
1482 991 912 955 985 
1483 449 522 648 448 
1484 1410 1323 1305 1335 
1485 148 237 299 147 
1486 337 515 574 490 
1487 1229 1250 1318 1270 
1488 1629 1650 1654 1647 
1489 323 418 554 406 
1490 855 982 1019 1376 
1491 830 1020 985 955 
1492 1367 1249 1271 1323 
1493 1127 1103 976 1078 
1494 1393 1463 1343 1371 
1495 334 450 574 655 
1496 409 145 146 315 
1497 410 264 142 143 
1498 409 241 144 145 
1499 410 143 144 241 
1500 1104 1034 1021 1069 
1501 808 846 694 584 
1502 1312 1195 1220 1249 
1503 751 1421 1370 861 
1504 1157 1091 1562 1624 
1505 1564 1276 1592 1236 
1506 580 497 578 661 
1507 1078 976 913 929 
1508 747 736 661 668 
1509 926 832 1026 956 
1510 610 655 574 515 
1511 1581 1605 1640 1618 
1512 1132 1158 1195 1143 
1513 955 753 814 830 
1514 1134 985 1020 1076 
1515 1364 1280 1131 1292 
1516 146 147 299 315 
1517 266 494 495 352 
1518 407 253 524 496 
1519 847 915 961 762 
1520 1611 1605 1581 1594 
1521 1247 1218 1272 1192 
1522 584 694 573 520 
1523 1584 1606 1576 1549 
1524 1216 1104 1132 1143 
1525 891 910 1022 958 
1526 497 320 495 578 
1527 1418 1222 1443 1317 
1528 1028 1077 989 908 
1529 1020 830 891 958 
1530 736 891 830 814 
1531 1598 1568 1565 1509 
1532 1050 958 1022 1083 
1533 1083 1022 1085 986 
1534 1563 1201 1622 1151 
1535 1498 1225 971 1538 
1536 1180 1199 1154 968 
1537 1418 1350 1277 1237 
1538 1022 910 1030 1085 
1539 1621 1586 1571 758 
1540 1571 819 1574 758 
1541 1171 904 1074 1095 
1542 910 747 902 1030 
1543 1523 1472 1529 1569 
1544 261 345 494 266 
1545 1111 1160 1264 1212 
1546 1502 1500 1501 1464 
1547 578 495 494 577 
1548 98 266 352 97 
1549 752 1328 1279 860 
1550 1133 968 1154 1226 
1551 99 261 266 98 
1552 1376 1326 1074 1084 
1553 1177 1329 1250 1229 
1554 1324 1157 1624 1592 
1555 1645 1639 1086 1641 
1556 900 1420 1295 982 
1557 1281 1278 1325 1243 
1558 1149 1090 1191 1192 
1559 1042 1225 1532 1115 
1560 1149 1120 1071 1090 
1561 1031 1179 1090 1071 
1562 1497 1537 1566 1301 
1563 1240 1272 1566 1536 
1564 867 668 661 821 
1565 1563 1151 1532 1534 
1566 975 1329 861 1370 
1567 1641 1086 1622 1201 
1568 1149 1192 1272 1240 
1569 959 962 919 1017 
1570 1498 1538 935 1039 
1571 1140 1301 1566 1206 
1572 1032 1420 900 1178 
1573 1183 1032 1178 1080 
1574 1350 1464 1501 1391 
1575 1032 1238 1347 1420 
1576 1252 1326 1376 1019 
1577 1562 1236 1592 1624 
1578 1064 1009 1015 1071 
1579 239 139 140 411 
1580 141 4 1045 607 
1581 411 140 347 317 
1582 141 658 347 140 
1583 265 239 519 346 
1584 353 493 345 261 
1585 1036 984 329 1203 
1586 984 1018 1373 329 
1587 512 346 519 663 
1588 428 644 663 519 
1589 606 577 868 521 
1590 663 644 762 767 
1591 819 1571 731 1593 
1592 841 767 762 961 
1593 987 1035 1639 901 
1594 1226 1154 1093 902 
1595 1051 1105 1130 995 
1596 1082 1117 1007 1040 
1597 1042 1007 1117 1041 
1598 971 1225 1042 1041 
1599 1401 1048 1093 1275 
1600 1107 1048 1401 1150 
1601 1517 1562 1091 1193 
1602 1498 1102 1532 1225 
1603 1051 1148 1297 1105 
1604 1160 1120 1149 1264 
1605 1182 1200 1173 1126 
1606 1178 1130 1230 1325 
1607 1240 1322 1264 1149 
1608 1140 1155 1273 1331 
1609 1224 1173 1200 1316 
1610 1418 1273 1189 1222 
1611 1298 1247 1192 1191 
1612 1218 1394 1457 1193 
1613 1212 1264 1322 1197 
1614 1139 1234 1316 1200 
1615 1348 1394 1218 1247 
1616 1340 1244 1316 1234 
1617 1420 1347 1341 1295 
1618 1441 1338 1322 1369 
1619 1444 1341 1347 1405 
1620 1402 1444 1435 1479 
1621 1480 1539 1479 1435 
2 2 2 4
1622 134 1681 135 
1623 1681 134 133 
1624 220 141 219 
1625 141 220 4 
2 2 3 1171
1626 2400 2419 2442 2426 
1627 2164 2189 2205 2219 
1628 2562 2576 2582 2581 
1629 2142 2066 2733 2723 
1630 2019 1915 2245 2355 
1631 1915 2276 2259 2245 
1632 2063 2189 2164 2098 
1633 2063 2111 2162 2189 
1634 2131 2618 2569 2638 
1635 2417 2035 2462 1990 
1636 2071 2107 2150 2110 
1637 2575 8 2584 2570 
1638 1847 1813 1891 1870 
1639 1863 2395 2373 2390 
1640 2240 2263 2246 2247 
1641 2108 2084 2103 2644 
1642 2412 2488 2513 2467 
1643 2511 2523 2499 2504 
1644 1756 1694 1875 1824 
1645 2240 2284 2286 2263 
1646 2552 2572 2596 2575 
1647 2092 1964 2109 2076 
1648 2088 1948 2126 2036 
1649 1871 2343 1671 1777 
1650 2697 2710 2720 2707 
1651 2463 2412 2478 2481 
1652 2759 2752 2765 2003 
1653 2693 2729 2718 2711 
1654 2736 2758 2753 2737 
1655 2324 2304 2267 2331 
1656 2243 2260 2297 2216 
1657 2365 2333 2322 2359 
1658 2631 2642 1721 2608 
1659 2177 2157 2192 2233 
1660 1872 1939 1945 1891 
1661 2149 2177 2233 2194 
1662 1725 2022 1823 1758 
1663 2383 2404 2415 12 
1664 1794 96 1758 1669 
1665 2485 2477 2452 2489 
1666 1736 2438 1722 2464 
1667 196 2702 2681 2714 
1668 2355 2343 1871 2378 
1669 2192 2191 2247 2218 
1670 2581 2582 2601 2595 
1671 2590 2576 2544 2556 
1672 2094 2740 2729 2723 
1673 1917 2254 2273 2264 
1674 1967 2005 2037 2006 
1675 1693 1724 140 139 
1676 2746 1749 2751 1692 
1677 2433 2418 2443 2452 
1678 2366 1916 2398 2387 
1679 1841 1791 1738 2093 
1680 2477 2485 2469 2456 
1681 2640 2103 2180 2664 
1682 2611 2615 2620 2624 
1683 2123 1861 2232 1810 
1684 1942 1857 2054 1806 
1685 1890 1804 2016 1791 
1686 2054 2013 2106 2077 
1687 1717 2255 1809 1746 
1688 2483 2490 2517 2524 
1689 2489 2511 2504 2485 
1690 2273 2254 2241 2295 
1691 2443 2473 2489 2452 
1692 2094 2741 2748 2740 
1693 1727 1751 1793 1684 
1694 2365 2351 2363 2385 
1695 2490 2483 2465 2512 
1696 2013 2072 2143 2106 
1697 2072 2137 2166 2143 
1698 2151 1948 2102 2158 
1699 2292 1859 2280 1852 
1700 2005 2078 2089 2037 
1701 1727 1755 1974 1944 
1702 1679 2708 2719 2742 
1703 2497 2513 2528 2515 
1704 1825 1925 1983 1793 
1705 2019 2302 2294 1915 
1706 141 140 1724 219 
1707 2593 198 2568 2605 
1708 98 97 1694 1756 
1709 1793 1822 1813 1748 
1710 1859 2256 2217 2244 
1711 2674 2679 2692 2682 
1712 1962 1924 1981 2001 
1713 2590 2599 2614 2606 
1714 1864 1847 1870 2038 
1715 1748 1728 1684 1793 
1716 2485 2504 2493 2469 
1717 1793 1751 1877 1825 
1718 2753 2758 1988 2029 
1719 2123 1810 1847 1864 
1720 2196 2190 2217 2224 
1721 1726 1796 1851 1690 
1722 2488 2503 2528 2513 
1723 1869 1789 1790 1826 
1724 2302 2318 2313 2294 
1725 2224 2217 2256 2187 
1726 2231 2257 2243 2199 
1727 96 1794 1694 97 
1728 2002 1841 2054 2077 
1729 1789 1869 1941 1838 
1730 2608 2702 196 197 
1731 2593 2652 197 198 
1732 139 138 1784 1693 
1733 1795 1847 1810 1747 
1734 1748 1813 1847 1795 
1735 2152 2181 2153 2096 
1736 1690 217 218 1726 
1737 193 7 1720 1664 
1738 1679 2742 1749 2746 
1739 2426 2442 2459 2434 
1740 2412 2463 2471 2488 
1741 2447 2466 2412 2467 
1742 1727 216 217 1690 
1743 2570 2584 2610 2589 
1744 2193 1811 1853 2236 
1745 1795 1680 1728 1748 
1746 1853 2343 2355 2245 
1747 1990 2424 2398 2417 
1748 2408 2424 2439 2381 
1749 2096 2079 2098 2152 
1750 2748 2755 2745 2735 
1751 2536 2521 2540 2562 
1752 2137 2153 2227 2195 
1753 2235 2246 2263 2238 
1754 2273 2295 2292 1812 
1755 1859 2292 2295 2277 
1756 1684 215 216 1727 
1757 2692 2679 2697 2707 
1758 2178 1950 2211 2206 
1759 2693 2713 2723 2729 
1760 2129 2184 2215 2208 
1761 2111 2130 2190 2162 
1762 1727 1690 1851 1755 
1763 2546 2563 2551 2531 
1764 1746 2375 2360 2298 
1765 2602 2620 2632 2616 
1766 2317 1848 2232 2258 
1767 2563 2575 2570 2551 
1768 2155 2164 2219 2194 
1769 2298 2394 1792 1746 
1770 1756 1659 99 98 
1771 2690 2678 2701 2706 
1772 2101 2142 2700 2688 
1773 1728 214 215 1684 
1774 2316 2330 2323 2285 
1775 2180 2103 2110 2150 
1776 2274 13 2296 2248 
1777 2531 2551 2565 2555 
1778 2610 2616 2636 2623 
1779 9 2359 2322 2344 
1780 2039 2060 1946 2021 
1781 2385 2363 2367 2380 
1782 1680 213 214 1728 
1783 1747 1810 2232 1797 
1784 2516 2499 2523 2534 
1785 1747 1719 1680 1795 
1786 2095 2461 2460 2163 
1787 2332 2352 2363 2351 
1788 1797 1729 1719 1747 
1789 2293 1743 1797 2299 
1790 1719 212 213 1680 
1791 1996 1952 2767 2024 
1792 1988 2758 2736 2749 
1793 2330 2332 2351 9 
1794 2194 2219 2175 2149 
1795 1942 1806 1852 2279 
1796 2551 2570 2589 2565 
1797 1858 2761 2753 2029 
1798 2388 2380 2367 2356 
1799 2484 2476 2431 2468 
1800 2571 2603 2588 2550 
1801 1827 1900 1865 1744 
1802 11 2636 2648 2663 
1803 2522 2537 2550 1677 
1804 2020 1998 2052 2055 
1805 1900 1878 1921 1865 
1806 2633 2623 2636 11 
1807 1824 1875 1981 1924 
1808 2181 2152 2155 2186 
1809 2706 2718 2732 2715 
1810 2286 2284 2296 2314 
1811 1743 1668 1729 1797 
1812 1729 211 212 1719 
1813 2660 2670 2680 2673 
1814 2630 2645 2654 2643 
1815 2632 2620 2615 2630 
1816 2232 1861 2204 2258 
1817 1794 1669 1874 1801 
1818 1689 1790 1695 1718 
1819 1960 2014 1979 1920 
1820 2467 2482 2474 2447 
1821 2513 2497 2482 2467 
1822 1790 1689 1759 1826 
1823 1940 1868 1958 2015 
1824 1806 1798 1787 1852 
1825 1982 2757 2752 2759 
1826 2186 2155 2194 2233 
1827 94 2004 1725 95 
1828 1933 1901 1918 1985 
1829 2017 2088 2036 1972 
1830 2619 2627 2645 2635 
1831 1668 210 211 1729 
1832 185 1718 184 6 
1833 2073 2076 1946 2125 
1834 1984 2018 2056 2057 
1835 1934 1937 1972 1973 
1836 2706 2715 2704 2690 
1837 2087 2148 2099 2086 
1838 2046 2087 2086 1999 
1839 1893 1970 1935 1808 
1840 1894 1808 1935 1943 
1841 2108 2644 2574 2557 
1842 1895 1971 1937 1815 
1843 1978 2048 1993 1922 
1844 1929 1980 1959 1856 
1845 1980 2049 1995 1959 
1846 1768 1884 1836 1662 
1847 1773 1885 1837 1666 
1848 1774 1883 1807 1670 
1849 1842 1931 1866 1814 
1850 1936 2010 1956 1914 
1851 1783 1974 1849 1681 
1852 1769 1888 1816 1683 
1853 1753 1844 1772 1705 
1854 1778 1710 1819 1840 
1855 1775 1820 1839 1673 
1856 1770 1894 1846 1697 
1857 1779 1893 1808 1688 
1858 1840 1819 1898 1929 
1859 2124 2099 2149 2175 
1860 2478 1854 1736 2399 
1861 1843 1740 1901 1933 
1862 2200 2159 2230 2234 
1863 2050 1999 2086 2090 
1864 1787 1723 1668 1743 
1865 2395 1863 2440 2454 
1866 1756 1824 1734 1659 
1867 1767 1657 1740 1843 
1868 81 3 172 1716 
1869 2358 2377 2376 2357 
1870 2377 2408 2381 2376 
1871 2148 2119 2157 2177 
1872 2071 2110 2083 2051 
1873 2063 2040 1904 2111 
1874 1976 2053 1998 1918 
1875 2715 2728 2716 2704 
1876 1759 1678 1828 1826 
1877 2314 2324 2275 2286 
1878 11 2663 2662 2639 
1879 1958 1986 2006 2037 
1880 2363 2352 2338 2367 
1881 1826 1828 1930 1869 
1882 1798 1730 1723 1787 
1883 2000 2036 2126 2091 
1884 1827 1744 1700 1675 
1885 1759 1689 186 187 
1886 1718 185 186 1689 
1887 1811 1905 1696 1671 
1888 2534 2554 2541 2516 
1889 2715 2732 2735 2728 
1890 2312 2338 2352 2326 
1891 1763 1838 1818 1674 
1892 1723 209 210 1668 
1893 1855 1977 1913 1898 
1894 1678 1759 187 188 
1895 1764 1889 1835 1715 
1896 1675 1785 1757 1827 
1897 2518 2556 2544 2527 
1898 1896 1979 1909 1800 
1899 2728 2735 2745 2738 
1900 2211 2242 2261 2239 
1901 1703 1834 1757 1686 
1902 188 189 1760 1678 
1903 1788 1846 1902 1903 
1904 2019 2329 2342 2302 
1905 2728 2738 2734 2716 
1906 2014 2055 2051 2009 
1907 1739 1836 1862 1881 
1908 1745 1837 1872 1882 
1909 2405 2435 2421 2379 
1910 2329 2019 2355 2378 
1911 2213 2271 2290 2253 
1912 1738 1663 1730 1798 
1913 1762 1880 1830 1752 
1914 1962 2001 2033 1994 
1915 1785 1675 83 82 
1916 2547 2564 2548 2529 
1917 2738 2747 2743 2734 
1918 2738 2745 2752 2747 
1919 2324 2314 2306 2341 
1920 2515 2539 2514 2497 
1921 2539 2547 2529 2514 
1922 2391 2420 2405 2362 
1923 2420 2458 2435 2405 
1924 1921 1960 1920 1865 
1925 2354 2389 2407 2374 
1926 2270 2309 2283 2249 
1927 2309 2335 2320 2283 
1928 2487 2522 2543 2561 
1929 2603 2622 2625 2588 
1930 2761 2760 2744 2753 
1931 190 191 1761 1665 
1932 1665 1803 1886 1760 
1933 1678 1760 1886 1828 
1934 1665 1761 1879 1803 
1935 1829 1899 1926 1879 
1936 2168 2221 2250 2201 
1937 2265 2307 2325 2287 
1938 1802 1927 1966 1880 
1939 1805 1914 1971 1895 
1940 1856 1959 2011 1928 
1941 1927 1992 2042 1966 
1942 1912 1966 2042 1997 
1943 1910 1991 2045 1968 
1944 1912 1997 2043 1969 
1945 1928 2011 2046 1975 
1946 2098 2079 1989 2063 
1947 2112 2061 2008 2026 
1948 2079 2096 2072 2023 
1949 2179 2114 2028 2073 
1950 2012 2028 2114 2081 
1951 1992 2065 2116 2042 
1952 1997 2070 2113 2043 
1953 1991 2064 2120 2045 
1954 1992 2045 2120 2065 
1955 2167 2127 2061 2112 
1956 2044 2106 2143 2068 
1957 2026 2068 2134 2112 
1958 2134 2068 2143 2166 
1959 2153 2137 2072 2096 
1960 2067 2105 2161 2135 
1961 2070 2141 2159 2113 
1962 2065 2133 2170 2116 
1963 2070 2116 2170 2141 
1964 2067 2135 2169 2118 
1965 2062 2128 2157 2119 
1966 2065 2120 2171 2133 
1967 2064 2147 2171 2120 
1968 2157 2128 2191 2192 
1969 2198 2134 2166 2197 
1970 2112 2134 2198 2167 
1971 2069 2136 2156 2138 
1972 2229 2203 2138 2156 
1973 2113 2159 2200 2144 
1974 2141 2202 2230 2159 
1975 2135 2161 2214 2188 
1976 2127 2183 2221 2168 
1977 2146 2169 2222 2185 
1978 2135 2188 2222 2169 
1979 2133 2187 2220 2170 
1980 2141 2170 2220 2202 
1981 2133 2171 2224 2187 
1982 2147 2196 2224 2171 
1983 2147 2172 2225 2196 
1984 2132 2205 2225 2172 
1985 2146 2185 2226 2174 
1986 2128 2174 2226 2191 
1987 2140 2206 2209 2182 
1988 2162 2225 2205 2189 
1989 2182 2209 2270 2249 
1990 2188 2214 2274 2248 
1991 2202 2220 2278 2241 
1992 2187 2256 2278 2220 
1993 2183 2237 2265 2221 
1994 2284 2240 2222 2266 
1995 2188 2248 2266 2222 
1996 2295 2241 2278 2277 
1997 2212 2251 2331 2267 
1998 2237 2282 2307 2265 
1999 2454 2440 2481 2386 
2000 2423 2463 2481 2440 
2001 2506 2487 2449 2474 
2002 2437 2472 2492 2450 
2003 2488 2471 2508 2503 
2004 2625 2605 2568 2588 
2005 2585 2598 2617 2587 
2006 2622 2603 2587 2617 
2007 2598 2628 2650 2617 
2008 2657 2650 2628 2665 
2009 193 1664 1701 192 
2010 1664 1737 1829 1701 
2011 1879 1926 1919 1803 
2012 1833 1922 1961 1883 
2013 1800 1909 1978 1892 
2014 1833 1892 1978 1922 
2015 2759 1952 1926 1899 
2016 1926 2005 1967 1919 
2017 1952 1965 2005 1926 
2018 2041 1965 1952 1996 
2019 2041 2078 2005 1965 
2020 1909 2009 2048 1978 
2021 2066 2075 2041 1996 
2022 2150 2107 2041 2075 
2023 2287 2250 2221 2265 
2024 2081 2114 2160 2145 
2025 2249 2223 2173 2182 
2026 2267 2237 2183 2212 
2027 2154 2199 2243 2216 
2028 2223 2249 2283 2268 
2029 2250 2287 2310 2271 
2030 2282 2322 2333 2307 
2031 2287 2325 2336 2310 
2032 2319 2347 2369 2335 
2033 2328 2350 2371 2337 
2034 2372 2406 2382 2350 
2035 2333 2365 2392 2353 
2036 2334 2368 2388 2356 
2037 2353 2392 2402 2370 
2038 2350 2382 2404 2371 
2039 2517 2490 2470 2505 
2040 2223 2268 2288 2252 
2041 2320 2308 2268 2283 
2042 2335 2309 2281 2319 
2043 2268 2308 2327 2288 
2044 2356 2327 2308 2334 
2045 2308 2320 2349 2334 
2046 2307 2333 2353 2325 
2047 2370 2336 2325 2353 
2048 2319 2337 2371 2347 
2049 2334 2349 2384 2368 
2050 2347 2383 2403 2369 
2051 2349 2369 2403 2384 
2052 2368 2384 2418 2397 
2053 2368 2397 2419 2388 
2054 2380 2388 2419 2400 
2055 2347 2371 2404 2383 
2056 12 2428 2403 2383 
2057 1760 189 190 1665 
2058 2045 1992 1927 1968 
2059 2116 2070 1997 2042 
2060 1969 2043 2080 2010 
2061 2138 2104 2059 2069 
2062 2043 2113 2144 2080 
2063 2199 2154 2100 2145 
2064 2200 2158 2102 2144 
2065 2061 2127 2168 2117 
2066 2201 2136 2117 2168 
2067 2064 2121 2172 2147 
2068 2219 2205 2132 2175 
2069 2136 2201 2213 2156 
2070 2229 2156 2213 2253 
2071 2145 2160 2231 2199 
2072 2137 2195 2197 2166 
2073 2127 2167 2212 2183 
2074 2222 2240 2226 2185 
2075 2197 2210 2251 2198 
2076 2167 2198 2251 2212 
2077 2284 2266 2248 2296 
2078 2237 2267 2304 2282 
2079 2281 2301 2337 2319 
2080 2369 2349 2320 2335 
2081 2419 2397 2418 2433 
2082 2382 2429 2415 2404 
2083 2512 2448 2470 2490 
2084 2423 2450 2471 2463 
2085 2508 2471 2450 2492 
2086 2449 2487 2561 2579 
2087 1879 1761 1701 1829 
2088 1737 1938 1899 1829 
2089 1803 1919 1967 1886 
2090 2271 2213 2201 2250 
2091 2344 2322 2282 2304 
2092 2548 2587 2603 2571 
2093 2656 2674 2676 2665 
2094 192 1701 1761 191 
2095 2106 2044 2002 2077 
2096 2434 2413 2401 2426 
2097 2622 2617 2650 2637 
2098 2686 2671 2639 2662 
2099 2680 2670 2655 2684 
2100 2679 2674 2656 2667 
2101 2068 2026 1954 2044 
2102 2487 2506 2537 2522 
2103 2241 2254 2230 2202 
2104 2482 2500 2506 2474 
2105 2667 2687 2697 2679 
2106 2687 2696 2710 2697 
2107 2105 2067 1994 2033 
2108 2720 2710 2705 2717 
2109 2590 2556 2535 2569 
2110 2574 2638 2569 2535 
2111 2730 2717 2705 2722 
2112 2406 2372 2346 2379 
2113 2550 2537 2520 2571 
2114 2405 2379 2346 2362 
2115 1928 1832 1735 1856 
2116 2737 2730 2727 2736 
2117 1924 1855 1734 1824 
2118 2747 2031 2749 2743 
2119 2727 2743 2749 2736 
2120 2402 2401 2389 2370 
2121 2426 2401 2402 2427 
2122 2389 2401 2413 2407 
2123 2008 2061 2117 2027 
2124 2027 2117 2136 2069 
2125 1994 2067 2118 2047 
2126 1963 2027 2069 2059 
2127 2628 2598 2612 2646 
2128 2612 2626 2661 2646 
2129 2169 2146 2082 2118 
2130 2626 2641 2669 2661 
2131 2685 2669 2641 2653 
2132 2172 2121 2085 2132 
2133 2670 2647 2629 2655 
2134 2062 2122 2174 2128 
2135 2082 2146 2174 2122 
2136 1955 2032 2073 2028 
2137 2076 2073 2032 2092 
2138 1880 1762 10 1802 
2139 10 1788 1903 1802 
2140 1802 1903 1968 1927 
2141 2450 2423 2396 2437 
2142 2474 2449 2416 2447 
2143 2579 2438 2416 2449 
2144 2182 2173 2097 2140 
2145 2206 2140 2039 2178 
2146 2173 2223 2252 2184 
2147 1913 1977 2047 2007 
2148 2063 1989 1942 2040 
2149 2079 2023 1951 1989 
2150 2144 2102 2034 2080 
2151 2119 2030 1995 2062 
2152 1951 2023 2072 2013 
2153 2677 2691 2696 2685 
2154 2677 2698 2712 2691 
2155 2684 2693 2711 2680 
2156 2709 2721 2722 2712 
2157 2111 1904 2280 2130 
2158 1859 2244 2130 2280 
2159 2145 2100 2025 2081 
2160 2587 2548 2564 2585 
2161 2709 2716 2734 2721 
2162 2309 2270 2269 2281 
2163 2671 2686 2698 2677 
2164 2691 2712 2722 2705 
2165 1966 1912 1830 1880 
2166 1830 1912 1969 1867 
2167 2578 2591 2567 2558 
2168 2396 2425 2457 2437 
2169 2030 2119 2148 2087 
2170 1832 1928 1975 1888 
2171 2698 2686 2683 2695 
2172 1931 1842 1739 1881 
2173 1906 1820 1745 1882 
2174 1932 1877 1754 1844 
2175 1754 1877 1944 1831 
2176 2435 2458 2480 2455 
2177 2455 2480 2486 2470 
2178 2505 2470 2486 2521 
2179 2302 2342 2358 2318 
2180 2339 2318 2358 2357 
2181 2357 2376 2391 2362 
2182 1975 1908 1816 1888 
2183 1970 1893 1816 1908 
2184 1910 1984 2057 1991 
2185 1991 2057 2121 2064 
2186 2269 2289 2301 2281 
2187 2108 2035 1993 2084 
2188 2418 2384 2403 2443 
2189 2512 2444 2430 2448 
2190 2430 2455 2470 2448 
2191 2247 2246 2207 2218 
2192 2235 2227 2207 2246 
2193 2665 2628 2646 2656 
2194 2646 2661 2667 2656 
2195 2721 2734 2743 2727 
2196 2730 2722 2721 2727 
2197 2710 2696 2691 2705 
2198 2669 2685 2696 2687 
2199 2661 2669 2687 2667 
2200 1867 1969 2010 1936 
2201 2374 2345 2321 2354 
2202 2755 2765 2752 2745 
2203 2044 1954 1890 2002 
2204 2026 2008 1907 1954 
2205 1913 2007 2049 1980 
2206 2683 2690 2704 2695 
2207 1679 2724 2699 2708 
2208 2007 2082 2122 2049 
2209 1995 2049 2122 2062 
2210 2118 2082 2007 2047 
2211 2574 2535 2501 2557 
2212 2263 2286 2275 2238 
2213 2537 2506 2500 2520 
2214 2350 2328 2340 2372 
2215 1673 1839 1753 1705 
2216 1711 1660 1735 1832 
2217 1706 1676 1754 1831 
2218 1712 1687 1752 1817 
2219 1855 1898 1819 1734 
2220 1734 1819 1710 1659 
2221 2571 2520 2529 2548 
2222 1746 1809 2262 2375 
2223 2310 2321 2290 2271 
2224 2336 2354 2321 2310 
2225 2345 2305 2290 2321 
2226 2370 2389 2354 2336 
2227 1923 1911 1801 1874 
2228 2337 2301 2315 2328 
2229 1907 2008 2027 1963 
2230 1752 1830 1867 1817 
2231 2413 2434 2456 2432 
2232 2477 2456 2434 2459 
2233 2339 2357 2362 2346 
2234 2621 2634 2641 2626 
2235 2634 2651 2653 2641 
2236 2639 2671 2653 2651 
2237 2379 2421 2414 2406 
2238 2619 2614 2647 2627 
2239 2711 2701 2673 2680 
2240 2753 2744 2726 2737 
2241 2726 2744 2756 2739 
2242 2744 2760 2763 2756 
2243 2032 1955 1823 2022 
2244 1911 1923 2012 1953 
2245 2028 2012 1923 1955 
2246 2654 2645 2627 2660 
2247 2670 2660 2627 2647 
2248 1862 1934 1973 1947 
2249 2588 2568 1677 2550 
2250 1698 1697 1846 1788 
2251 10 1762 1781 1699 
2252 1967 1930 1828 1886 
2253 2432 2456 2469 2451 
2254 1721 2668 2699 2681 
2255 1935 1970 2050 2018 
2256 2312 2326 2303 2291 
2257 2440 1863 2396 2423 
2258 2492 2498 2526 2508 
2259 2466 2447 2416 1854 
2260 1854 2416 2438 1736 
2261 2451 2469 2493 2479 
2262 2097 2173 2184 2129 
2263 1924 1962 1977 1855 
2264 2054 1857 1951 2013 
2265 1857 1942 1989 1951 
2266 2395 2394 2298 2373 
2267 2626 2612 2597 2621 
2268 1735 1840 1929 1856 
2269 2611 2601 2635 2615 
2270 2080 2034 1956 2010 
2271 1959 1995 2030 2011 
2272 1956 2034 2088 2017 
2273 2102 1948 2088 2034 
2274 2604 2613 2634 2621 
2275 2613 2633 2651 2634 
2276 11 2639 2651 2633 
2277 2717 2726 2739 2720 
2278 2520 2500 2514 2529 
2279 2498 2516 2541 2526 
2280 2348 2387 2408 2377 
2281 2424 2408 2387 2398 
2282 2756 2750 2731 2739 
2283 2695 2704 2716 2709 
2284 2712 2698 2695 2709 
2285 2685 2653 2671 2677 
2286 1973 2000 2038 1947 
2287 1864 2038 2000 2091 
2288 2236 2228 1950 2193 
2289 2713 2693 2684 2725 
2290 2352 2332 2303 2326 
2291 2324 2341 2344 2304 
2292 2530 2538 2558 2549 
2293 2538 2509 2483 2524 
2294 2323 2306 13 2285 
2295 2296 13 2306 2314 
2296 2244 2217 2190 2130 
2297 1981 1911 1953 2001 
2298 2420 2446 2453 2458 
2299 2446 2420 2391 2410 
2300 2374 2407 2422 2393 
2301 2393 2422 2436 2409 
2302 2081 2025 1953 2012 
2303 2164 2155 2152 2098 
2304 2239 2261 2289 2269 
2305 2270 2209 2239 2269 
2306 2444 2414 2421 2430 
2307 2455 2430 2421 2435 
2308 2444 2445 2429 2414 
2309 2429 2382 2406 2414 
2310 1817 1867 1936 1897 
2311 1805 1897 1936 1914 
2312 2558 2533 2560 2578 
2313 2457 2425 2409 2436 
2314 2011 2030 2087 2046 
2315 1712 1817 1897 1771 
2316 1711 1832 1888 1769 
2317 1944 1974 1783 1831 
2318 2686 2662 2666 2683 
2319 1883 1774 1708 1833 
2320 1892 1833 1708 1776 
2321 1897 1805 1661 1771 
2322 1895 1782 1661 1805 
2323 1884 1768 1704 1815 
2324 1895 1815 1704 1782 
2325 1892 1776 1658 1800 
2326 1885 1773 1709 1814 
2327 1709 1780 1842 1814 
2328 2009 2051 2083 2048 
2329 1993 2048 2083 2084 
2330 2318 2339 2340 2313 
2331 1908 1999 2050 1970 
2332 1968 1903 1902 1910 
2333 1902 1943 1984 1910 
2334 1935 2018 1984 1943 
2335 2046 1999 1908 1975 
2336 1922 1993 2035 1961 
2337 1814 1866 1939 1885 
2338 1815 1937 1934 1884 
2339 2526 2519 2503 2508 
2340 1950 2228 2242 2211 
2341 2510 2495 2453 2475 
2342 2458 2453 2495 2480 
2343 2181 2186 2218 2207 
2344 2073 2125 2115 2179 
2345 2666 2678 2690 2683 
2346 2598 2585 2597 2612 
2347 2253 2290 2305 2262 
2348 2203 2229 1809 2255 
2349 1914 1956 2017 1971 
2350 2505 2545 2560 2517 
2351 2200 2234 1917 2204 
2352 2016 1804 1907 1963 
2353 1804 1890 1954 1907 
2354 2312 2291 2257 2272 
2355 1898 1913 1980 1929 
2356 2684 2703 2694 2725 
2357 2621 2597 2583 2604 
2358 1834 1750 1878 1900 
2359 2739 2731 2707 2720 
2360 2301 2289 2300 2315 
2361 2724 2714 2681 2699 
2362 2047 1977 1962 1994 
2363 2486 2502 2540 2521 
2364 2668 2682 2708 2699 
2365 2592 2600 2613 2604 
2366 2556 2518 2501 2535 
2367 2238 2275 2251 2210 
2368 2497 2514 2500 2482 
2369 2372 2340 2339 2346 
2370 1844 1754 1676 1772 
2371 1840 1735 1660 1778 
2372 1820 1775 1707 1745 
2373 1842 1780 1713 1739 
2374 2262 1809 2229 2253 
2375 2629 2649 2672 2655 
2376 2689 2672 2649 2658 
2377 2672 2689 2694 2703 
2378 2703 2684 2655 2672 
2379 2407 2413 2432 2422 
2380 2600 2623 2633 2613 
2381 2110 2103 2084 2083 
2382 82 81 1716 1785 
2383 2750 2742 2719 2731 
2384 2452 2477 2459 2433 
2385 2590 2569 2618 2599 
2386 2645 2630 2615 2635 
2387 2121 2057 2056 2085 
2388 2599 2618 2649 2629 
2389 2131 2640 2649 2618 
2390 2647 2614 2599 2629 
2391 2585 2564 2583 2597 
2392 2056 2090 2124 2085 
2393 2085 2124 2175 2132 
2394 2660 2673 2675 2654 
2395 2534 2559 2577 2554 
2396 2552 2554 2577 2572 
2397 2530 2549 2577 2559 
2398 2730 2737 2726 2717 
2399 2729 2740 2732 2718 
2400 1934 1862 1836 1884 
2401 1939 1872 1837 1885 
2402 1739 1713 1662 1836 
2403 1745 1707 1666 1837 
2404 1871 1777 1670 1807 
2405 1893 1779 1683 1816 
2406 1894 1770 1688 1808 
2407 2436 2451 2479 2457 
2408 2437 2457 2479 2472 
2409 2682 2692 2719 2708 
2410 1874 1823 1955 1923 
2411 2422 2432 2451 2436 
2412 1961 2441 1807 1883 
2413 1921 1985 2020 1960 
2414 2055 2014 1960 2020 
2415 1909 1979 2014 2009 
2416 2503 2519 2546 2528 
2417 2515 2528 2546 2531 
2418 2387 2348 1957 2366 
2419 2476 2473 2428 12 
2420 1695 1790 1789 1682 
2421 1730 208 209 1723 
2422 2200 2204 1861 2158 
2423 1788 10 1699 1698 
2424 2197 2195 2227 2235 
2425 2385 2380 2400 2411 
2426 83 1675 1700 84 
2427 1976 2015 2089 2053 
2428 2642 2657 2668 1721 
2429 2017 1972 1937 1971 
2430 2089 2015 1958 2037 
2431 2365 2359 9 2351 
2432 2176 2510 2475 2496 
2433 1882 1949 1983 1906 
2434 1863 2390 2425 2396 
2435 1900 1827 1757 1834 
2436 2472 2491 2498 2492 
2437 2491 2499 2516 2498 
2438 2504 2499 2491 2493 
2439 2476 12 2415 2431 
2440 1682 1789 1838 1763 
2441 2643 2654 2675 2659 
2442 2663 2648 2643 2659 
2443 1915 2294 2300 2276 
2444 1703 1714 1750 1834 
2445 2659 2675 2678 2666 
2446 2673 2701 2678 2675 
2447 2124 2090 2086 2099 
2448 2177 2149 2099 2148 
2449 2140 2097 2060 2039 
2450 2060 2097 2129 2115 
2451 2179 2115 2129 2208 
2452 2564 2547 2573 2583 
2453 1878 1933 1985 1921 
2454 2107 2071 2052 2074 
2455 2052 2071 2051 2055 
2456 1998 2053 2074 2052 
2457 2360 1845 2373 2298 
2458 2390 2373 1845 2364 
2459 1716 172 173 1686 
2460 2565 2589 2600 2592 
2461 1906 1873 1839 1820 
2462 1753 1839 1873 1876 
2463 2584 8 2607 2602 
2464 1744 1865 1920 1821 
2465 2635 2601 2582 2619 
2466 2614 2619 2582 2606 
2467 2342 2348 2377 2358 
2468 1744 1821 1702 1700 
2469 2604 2583 2573 2592 
2470 1658 1765 1896 1800 
2471 1979 1896 1821 1920 
2472 2592 2573 2555 2565 
2473 1889 1764 1674 1818 
2474 2240 2247 2191 2226 
2475 2462 2461 2095 2439 
2476 136 135 1681 1766 
2477 1681 133 1887 1783 
2478 137 136 1766 1685 
2479 2591 2594 2596 2567 
2480 1720 1850 1737 1664 
2481 1940 1860 1835 1889 
2482 2020 1985 1918 1998 
2483 1763 181 182 1682 
2484 85 1702 1765 86 
2485 2589 2610 2623 2600 
2486 1764 179 180 1674 
2487 1763 1674 180 181 
2488 1933 1878 1750 1843 
2489 2305 2360 2375 2262 
2490 2160 2208 2215 2231 
2491 2015 1976 1860 1940 
2492 2502 2527 2544 2540 
2493 2484 2468 2509 2525 
2494 1663 207 208 1730 
2495 2511 2494 2542 2523 
2496 2441 2417 2398 1916 
2497 1972 2036 2000 1973 
2498 1791 1731 1663 1738 
2499 85 84 1700 1702 
2500 1785 1716 1686 1757 
2501 2554 2552 2532 2541 
2502 1843 1750 1714 1767 
2503 1718 1695 183 184 
2504 1740 1657 1715 1835 
2505 1767 1714 175 176 
2506 1964 2092 2032 2004 
2507 2538 2530 2525 2509 
2508 2465 2483 2509 2468 
2509 2731 2719 2692 2707 
2510 2297 2285 13 2274 
2511 2311 2361 2364 1845 
2512 2252 2272 2215 2184 
2513 2630 2643 2648 2632 
2514 1764 1715 178 179 
2515 2209 2206 2211 2239 
2516 1740 1835 1860 1901 
2517 2376 2381 2410 2391 
2518 1860 1976 1918 1901 
2519 1769 1683 105 104 
2520 1771 1661 116 115 
2521 1772 1676 131 130 
2522 1768 1662 120 119 
2523 1775 1673 128 127 
2524 1778 101 100 1710 
2525 1778 1660 102 101 
2526 1769 104 103 1711 
2527 1779 106 105 1683 
2528 1770 1697 109 108 
2529 1771 115 114 1712 
2530 1782 117 116 1661 
2531 1774 1670 91 90 
2532 1773 1666 125 124 
2533 1776 1708 89 88 
2534 1768 119 118 1704 
2535 1780 1709 123 122 
2536 1777 92 91 1670 
2537 1696 94 93 1671 
2538 1782 1704 118 117 
2539 1777 1671 93 92 
2540 1774 90 89 1708 
2541 1779 1688 107 106 
2542 1770 108 107 1688 
2543 1781 112 111 1699 
2544 1781 1687 113 112 
2545 1773 124 123 1709 
2546 1776 88 87 1658 
2547 1780 122 121 1713 
2548 1775 127 126 1707 
2549 1772 130 129 1705 
2550 2392 2411 2427 2402 
2551 1941 1869 1930 1986 
2552 1940 1889 1818 1868 
2553 1896 1765 1702 1821 
2554 173 174 1703 1686 
2555 2291 2303 2316 2260 
2556 2652 2593 1691 2631 
2557 2361 2393 2409 2364 
2558 87 86 1765 1658 
2559 1767 176 177 1657 
2560 2764 2766 2765 2755 
2561 2328 2315 2313 2340 
2562 2288 2312 2272 2252 
2563 2532 2552 2575 2563 
2564 1731 206 207 1663 
2565 1667 205 206 1731 
2566 182 183 1695 1682 
2567 1687 1781 1762 1752 
2568 2524 2533 2558 2538 
2569 2315 2300 2294 2313 
2570 2264 2258 2204 1917 
2571 2364 2409 2425 2390 
2572 174 175 1714 1703 
2573 2558 2567 2577 2549 
2574 2123 1864 2091 2126 
2575 2327 2338 2312 2288 
2576 2193 1950 2178 1742 
2577 2659 2666 2662 2663 
2578 1831 1783 1887 1706 
2579 1838 1941 1868 1818 
2580 2602 2616 2610 2584 
2581 2289 2261 2276 2300 
2582 1943 1902 1846 1894 
2583 2090 2056 2018 2050 
2584 1681 1849 1851 1766 
2585 2748 2741 2764 2755 
2586 205 1667 1732 204 
2587 2356 2367 2338 2327 
2588 2701 2711 2718 2706 
2589 2151 2123 2126 1948 
2590 2163 2460 2496 2475 
2591 2461 2507 2496 2460 
2592 2560 2533 2524 2517 
2593 131 1676 1706 132 
2594 121 120 1662 1713 
2595 99 1659 1710 100 
2596 103 102 1660 1711 
2597 109 1697 1698 110 
2598 111 110 1698 1699 
2599 113 1687 1712 114 
2600 129 128 1673 1705 
2601 125 1666 1707 126 
2602 133 132 1706 1887 
2603 177 178 1715 1657 
2604 2345 2374 2393 2361 
2605 2723 2713 2700 2142 
2606 2725 2694 2700 2713 
2607 2547 2539 2555 2573 
2608 1691 2637 2642 2631 
2609 2657 2642 2637 2650 
2610 2468 2431 2445 2465 
2611 2272 2257 2231 2215 
2612 2575 2596 2594 8 
2613 2586 2609 2594 2591 
2614 1853 2245 2259 2236 
2615 2480 2495 2502 2486 
2616 2668 2676 2674 2682 
2617 2501 2139 2507 2580 
2618 2510 2176 2518 2527 
2619 2197 2235 2238 2210 
2620 1868 1941 1986 1958 
2621 1717 1746 1792 1733 
2622 2649 2640 2664 2658 
2623 2752 2757 2031 2747 
2624 2735 2732 2740 2748 
2625 2525 2530 2559 2542 
2626 2523 2542 2559 2534 
2627 1806 2093 1738 1798 
2628 2260 2316 2285 2297 
2629 2582 2576 2590 2606 
2630 2519 2532 2563 2546 
2631 2754 1692 194 195 
2632 1825 1876 1873 1925 
2633 204 1732 1717 203 
2634 1983 1925 1873 1906 
2635 1967 2006 1986 1930 
2636 1801 1875 1694 1794 
2637 1911 1981 1875 1801 
2638 1812 2293 2264 2273 
2639 2258 2264 2293 2317 
2640 2329 1957 2348 2342 
2641 1791 2058 1667 1731 
2642 2616 2632 2648 2636 
2643 2411 2392 2365 2385 
2644 2541 2532 2519 2526 
2645 2035 2417 2441 1961 
2646 2218 2186 2233 2192 
2647 1859 2277 2278 2256 
2648 2539 2515 2531 2555 
2649 2462 2439 2424 1990 
2650 7 194 1692 1720 
2651 203 1717 1733 202 
2652 202 1733 1672 201 
2653 2681 2702 2608 1721 
2654 2484 2494 2473 2476 
2655 1672 2464 200 201 
2656 2561 1722 2438 2579 
2657 1766 1851 1796 1685 
2658 2542 2494 2484 2525 
2659 1727 1944 1877 1751 
2660 2473 2494 2511 2489 
2661 2493 2491 2472 2479 
2662 2764 2024 2767 2766 
2663 2536 2545 2505 2521 
2664 2242 2228 2236 2259 
2665 1862 1947 1987 1881 
2666 2261 2242 2259 2276 
2667 1881 1987 1945 1931 
2668 2109 2021 1946 2076 
2669 2419 2433 2459 2442 
2670 94 1696 1964 2004 
2671 2115 2125 1946 2060 
2672 2399 2386 2481 2478 
2673 2254 1917 2234 2230 
2674 2591 2578 2566 2586 
2675 2381 2439 2095 2410 
2676 2577 2567 2596 2572 
2677 2625 2622 2637 1691 
2678 2576 2562 2540 2544 
2679 2035 2108 2580 2507 
2680 1724 1693 1784 1726 
2681 2114 2179 2208 2160 
2682 2495 2510 2527 2502 
2683 2293 2299 1848 2317 
2684 1792 2399 1672 1733 
2685 2536 2553 2560 2545 
2686 1974 1755 1851 1849 
2687 1876 1932 1844 1753 
2688 2291 2260 2243 2257 
2689 2227 2153 2181 2207 
2690 2426 2427 2411 2400 
2691 2032 2022 1725 2004 
2692 2566 2611 2624 2586 
2693 1850 1858 1938 1737 
2694 2578 2560 2553 2566 
2695 1845 2360 2305 2311 
2696 1726 218 219 1724 
2697 2601 2611 2566 2595 
2698 2605 2625 1691 2593 
2699 2750 2756 2763 2751 
2700 2566 2553 2581 2595 
2701 2668 2657 2665 2676 
2702 1679 2746 1692 2754 
2703 2644 2131 2638 2574 
2704 2431 2415 2429 2445 
2705 2332 2330 2316 2303 
2706 2553 2536 2562 2581 
2707 2723 2733 2741 2094 
2708 2473 2443 2403 2428 
2709 2607 8 2594 2609 
2710 1964 1696 1905 2109 
2711 2475 2453 2446 2163 
2712 2742 2750 2751 1749 
2713 2324 2331 2251 2275 
2714 2700 2694 2689 2688 
2715 2180 2150 2075 2101 
2716 1841 2093 1806 2054 
2717 1741 2058 1791 2016 
2718 2305 2345 2361 2311 
2719 2386 2399 1792 2454 
2720 1854 2478 2412 2466 
2721 2767 2003 2765 2766 
2722 1793 1983 1949 1822 
2723 2464 1672 2399 1736 
2724 2762 2763 2760 1786 
2725 2518 2176 2139 2501 
2726 2410 2095 2163 2446 
2727 2763 2762 1692 2751 
2728 2620 2602 2607 2624 
2729 138 137 1685 1784 
2730 1692 2762 1850 1720 
2731 2507 2139 2176 2496 
2732 2394 2395 2454 1792 
2733 2586 2624 2607 2609 
2734 2465 2445 2444 2512 
2735 2165 2688 2689 2658 
2736 1726 1784 1685 1796 
2737 1870 1987 1947 2038 
2738 1939 1866 1931 1945 
2739 2501 2580 2108 2557 
2740 1811 2193 1742 1905 
2741 2330 9 2344 2323 
2742 96 95 1725 1758 
2743 195 196 2714 2754 
2744 200 2464 1722 199 
2745 198 199 2543 2568 
2746 1874 1669 1758 1823 
2747 2522 1677 2568 2543 
2748 2203 2255 1717 1799 
2749 199 1722 2561 2543 
2750 1667 2058 1741 1732 
2751 1717 1732 2104 1799 
2752 1963 2059 1741 2016 
2753 1732 1741 2059 2104 
2754 2178 2039 2021 1742 
2755 1905 1742 2021 2109 
2756 1787 1743 2293 1812 
2757 2762 1786 1858 1850 
2758 2760 2761 1858 1786 
2759 1852 1787 1812 2292 
2760 1890 1791 1841 2002 
2761 2138 2203 1799 2104 
2762 1671 2343 1853 1811 
2763 1949 1891 1813 1822 
2764 1876 1825 1877 1932 
2765 1797 2232 1848 2299 
2766 1938 1858 2029 1988 
2767 2158 1861 2123 2151 
2768 1987 1870 1891 1945 
2769 2378 1871 1957 2329 
2770 1807 2366 1957 1871 
2771 1882 1872 1891 1949 
2772 1938 1982 2759 1899 
2773 1852 2280 1904 2279 
2774 1807 2441 1916 2366 
2775 1904 2040 1942 2279 
2776 1938 1988 2749 1982 
2777 2757 1982 2749 2031 
2778 1952 2759 2003 2767 
2779 1996 2024 2733 2066 
2780 2764 2741 2733 2024 
2781 1953 2025 2033 2001 
2782 2033 2025 2100 2105 
2783 2462 2035 2507 2461 
2784 2075 2066 2142 2101 
2785 2053 2089 2078 2074 
2786 2041 2107 2074 2078 
2787 2105 2100 2154 2161 
2788 2165 2180 2101 2688 
2789 2131 2644 2103 2640 
2790 2161 2154 2216 2214 
2791 2190 2196 2225 2162 
2792 2165 2658 2664 2180 
2793 2214 2216 2297 2274 
2794 2306 2323 2344 2341 
2795 197 2652 2631 2608 
2796 1679 2754 2714 2724 
$EndElements
