0.01 0 0 0 0 0.0081789 -3.18488e-08 0.0081789 -3.18488e-08
0.02 0 0 0 0 0.0108966 -3.53056e-07 0.0108966 -3.53056e-07
0.03 0 0 0 0 0.0068366 -1.28465e-06 0.0068366 -1.28465e-06
0.04 0 0 0 0 -0.00111855 -1.36755e-06 -0.00111855 -1.36755e-06
0.05 0 0 0 0 -0.00789931 4.78336e-07 -0.00789931 4.78336e-07
0.06 0 0 0 0 -0.00947014 1.12262e-06 -0.00947014 1.12262e-06
0.07 0 0 0 0 -0.00520619 1.20993e-06 -0.00520619 1.20993e-06
0.08 0 0 0 0 0.00195122 -6.90314e-07 0.00195122 -6.90314e-07
0.09 0 0 0 0 0.00749432 -1.12935e-06 0.00749432 -1.12935e-06
0.1 0 0 0 0 0.0081724 -2.38091e-06 0.0081724 -2.38091e-06
0.11 0 0 0 0 0.00388483 -1.61871e-06 0.00388483 -1.61871e-06
0.12 0 0 0 0 -0.00246025 -4.57379e-07 -0.00246025 -4.57379e-07
0.13 0 0 0 0 -0.00690878 1.75285e-06 -0.00690878 1.75285e-06
0.14 0 0 0 0 -0.00691374 2.1902e-06 -0.00691374 2.1902e-06
0.15 0 0 0 0 -0.00275935 8.60048e-07 -0.00275935 8.60048e-07
0.16 0 0 0 0 0.00280106 -8.92942e-07 0.00280106 -8.92942e-07
0.17 0 0 0 0 0.00634954 -2.70578e-06 0.00634954 -2.70578e-06
0.18 0 0 0 0 0.00589426 -2.50314e-06 0.00589426 -2.50314e-06
0.19 0 0 0 0 0.00197261 -1.90409e-06 0.00197261 -1.90409e-06
0.2 0 0 0 0 -0.00284606 9.14294e-07 -0.00284606 9.14294e-07
0.21 0 0 0 0 -0.00564183 2.05418e-06 -0.00564183 2.05418e-06
0.22 0 0 0 0 -0.00489862 2.61313e-06 -0.00489862 2.61313e-06
0.23 0 0 0 0 -0.00129078 3.81169e-07 -0.00129078 3.81169e-07
0.24 0 0 0 0 0.00286758 -1.44068e-06 0.00286758 -1.44068e-06
0.25 0 0 0 0 0.0050931 -3.03857e-06 0.0050931 -3.03857e-06
0.26 0 0 0 0 0.00420877 -2.81753e-06 0.00420877 -2.81753e-06
0.27 0 0 0 0 0.000947736 -1.07013e-06 0.000947736 -1.07013e-06
0.28 0 0 0 0 -0.00261946 9.33594e-07 -0.00261946 9.33594e-07
0.29 0 0 0 0 -0.00439842 2.74818e-06 -0.00439842 2.74818e-06
0.3 0 0 0 0 -0.00348468 1.87637e-06 -0.00348468 1.87637e-06
0.31 0 0 0 0 -0.000590725 6.08338e-07 -0.000590725 6.08338e-07
0.32 0 0 0 0 0.0024822 -2.12223e-06 0.0024822 -2.12223e-06
0.33 0 0 0 0 0.00395607 -2.68103e-06 0.00395607 -2.68103e-06
0.34 0 0 0 0 0.00309831 -2.84754e-06 0.00309831 -2.84754e-06
0.35 0 0 0 0 0.000566326 -6.72236e-07 0.000566326 -6.72236e-07
0.36 0 0 0 0 -0.00207825 1.04994e-06 -0.00207825 1.04994e-06
0.37 0 0 0 0 -0.00333118 2.39373e-06 -0.00333118 2.39373e-06
0.38 0 0 0 0 -0.00258736 1.934e-06 -0.00258736 1.934e-06
0.39 0 0 0 0 -0.000405886 1.0814e-07 -0.000405886 1.0814e-07
0.4 0 0 0 0 0.00189202 -1.49738e-06 0.00189202 -1.49738e-06
0.41 0 0 0 0 0.00301701 -2.94258e-06 0.00301701 -2.94258e-06
0.42 0 0 0 0 0.00242928 -2.06198e-06 0.00242928 -2.06198e-06
0.43 0 0 0 0 0.000581266 -1.14259e-06 0.000581266 -1.14259e-06
0.44 0 0 0 0 -0.00141468 1.24493e-06 -0.00141468 1.24493e-06
0.45 0 0 0 0 -0.00245442 1.69421e-06 -0.00245442 1.69421e-06
0.46 0 0 0 0 -0.00204265 1.94894e-06 -0.00204265 1.94894e-06
0.47 0 0 0 0 -0.000508995 1.68646e-07 -0.000508995 1.68646e-07
0.48 0 0 0 0 0.00123683 -1.15741e-06 0.00123683 -1.15741e-06
0.49 0 0 0 0 0.00224047 -2.29373e-06 0.00224047 -2.29373e-06
0.5 0 0 0 0 0.00201999 -2.17188e-06 0.00201999 -2.17188e-06
0.51 0 0 0 0 0.000786371 -8.66572e-07 0.000786371 -8.66572e-07
0.52 0 0 0 0 -0.000727858 2.93993e-07 -0.000727858 2.93993e-07
0.53 0 0 0 0 -0.00170242 1.74841e-06 -0.00170242 1.74841e-06
0.54 0 0 0 0 -0.00166751 1.24481e-06 -0.00166751 1.24481e-06
0.55 0 0 0 0 -0.000717438 9.18188e-07 -0.000717438 9.18188e-07
0.56 0 0 0 0 0.000586363 -9.86745e-07 0.000586363 -9.86745e-07
0.57 0 0 0 0 0.00154412 -1.4121e-06 0.00154412 -1.4121e-06
0.58 0 0 0 0 0.00169005 -2.08845e-06 0.00169005 -2.08845e-06
0.59 0 0 0 0 0.00101252 -1.0264e-06 0.00101252 -1.0264e-06
0.6 0 0 0 0 -7.92157e-05 -1.50874e-07 -7.92157e-05 -1.50874e-07
0.61 0 0 0 0 -0.0010004 9.40177e-07 -0.0010004 9.40177e-07
0.62 0 0 0 0 -0.00130119 1.34296e-06 -0.00130119 1.34296e-06
0.63 0 0 0 0 -0.000879145 7.16387e-07 -0.000879145 7.16387e-07
0.64 0 0 0 0 5.25996e-07 1.40445e-07 5.25996e-07 1.40445e-07
0.65 0 0 0 0 0.000867654 -1.24423e-06 0.000867654 -1.24423e-06
0.66 0 0 0 0 0.00129624 -1.16908e-06 0.00129624 -1.16908e-06
0.67 0 0 0 0 0.0011101 -1.55915e-06 0.0011101 -1.55915e-06
0.68 0 0 0 0 0.000447531 -2.61387e-07 0.000447531 -2.61387e-07
0.69 0 0 0 0 -0.0003338 4.76279e-08 -0.0003338 4.76279e-08
0.7 0 0 0 0 -0.000849132 1.08444e-06 -0.000849132 1.08444e-06
0.71 0 0 0 0 -0.000873294 7.71528e-07 -0.000873294 7.71528e-07
0.72 0 0 0 0 -0.000433772 5.19626e-07 -0.000433772 5.19626e-07
0.73 0 0 0 0 0.000223867 -2.56033e-07 0.000223867 -2.56033e-07
0.74 0 0 0 0 0.000769701 -9.37973e-07 0.000769701 -9.37973e-07
0.75 0 0 0 0 0.0010806 -4.59275e-06 0.0010806 -4.59275e-06
0.76 0 0 0 0 0.00113227 -9.96975e-07 0.00113227 -9.96975e-07
0.77 0 0 0 0 0.000737264 1.50319e-06 0.000737264 1.50319e-06
0.78 0 0 0 0 0.000110029 -5.2335e-06 0.000110029 -5.2335e-06
0.79 0 0 0 0 -0.0004511 7.94151e-06 -0.0004511 7.94151e-06
0.8 0 0 0 0 -0.000703984 -8.27655e-06 -0.000703984 -8.27655e-06
0.81 0 0 0 0 -0.000563006 1.09716e-05 -0.000563006 1.09716e-05
0.82 0 0 0 0 -0.00012126 -1.04728e-05 -0.00012126 -1.04728e-05
0.83 0 0 0 0 0.000406885 9.79935e-06 0.000406885 9.79935e-06
0.84 0 0 0 0 0.000788916 -1.00939e-05 0.000788916 -1.00939e-05
0.85 0 0 0 0 0.000875347 6.39638e-06 0.000875347 6.39638e-06
0.86 0 0 0 0 0.000655043 -5.88155e-06 0.000655043 -5.88155e-06
0.87 0 0 0 0 0.000246771 2.28713e-06 0.000246771 2.28713e-06
0.88 0 0 0 0 -0.00016331 5.65725e-07 -0.00016331 5.65725e-07
0.89 0 0 0 0 -0.000405355 -2.48652e-06 -0.000405355 -2.48652e-06
0.9 0 0 0 0 -0.000393976 6.17361e-06 -0.000393976 6.17361e-06
0.91 0 0 0 0 -0.000154757 -7.4788e-06 -0.000154757 -7.4788e-06
0.92 0 0 0 0 0.000196974 9.20712e-06 0.000196974 9.20712e-06
0.93 0 0 0 0 0.000510938 -1.07692e-05 0.000510938 -1.07692e-05
0.94 0 0 0 0 0.000665448 9.78936e-06 0.000665448 9.78936e-06
0.95 0 0 0 0 0.000612754 -1.04992e-05 0.000612754 -1.04992e-05
0.96 0 0 0 0 0.00039096 8.34136e-06 0.00039096 8.34136e-06
0.97 0 0 0 0 0.000100533 -6.76089e-06 0.000100533 -6.76089e-06
0.98 0 0 0 0 -0.000140634 4.77165e-06 -0.000140634 4.77165e-06
0.99 0 0 0 0 -0.000244506 -1.37022e-06 -0.000244506 -1.37022e-06
1 0 0 0 0 -0.000183542 -6.01534e-07 -0.000183542 -6.01534e-07
1.01 0 0 0 0 4.58187e-06 3.80632e-06 4.58187e-06 3.80632e-06
1.02 0 0 0 0 0.000237328 -6.20118e-06 0.000237328 -6.20118e-06
1.03 0 0 0 0 0.000422368 7.75974e-06 0.000422368 7.75974e-06
1.04 0 0 0 0 0.000492587 -9.87898e-06 0.000492587 -9.87898e-06
1.05 0 0 0 0 0.000428291 9.90661e-06 0.000428291 9.90661e-06
1.06 0 0 0 0 0.000507887 -1.4568e-05 0.000507887 -1.4568e-05
1.07 0 0 0 0 0.000906711 8.93142e-06 0.000906711 8.93142e-06
1.08 0 0 0 0 0.00104457 -5.76637e-06 0.00104457 -5.76637e-06
1.09 0 0 0 0 0.000898308 -1.39483e-06 0.000898308 -1.39483e-06
1.1 0 0 0 0 0.000541762 5.56624e-06 0.000541762 5.56624e-06
1.11 0 0 0 0 0.000111276 -1.06049e-05 0.000111276 -1.06049e-05
1.12 0 0 0 0 -0.000245609 1.54746e-05 -0.000245609 1.54746e-05
1.13 0 0 0 0 -0.000419565 -1.71253e-05 -0.000419565 -1.71253e-05
1.14 0 0 0 0 -0.000370579 2.03833e-05 -0.000370579 2.03833e-05
1.15 0 0 0 0 -0.000133964 -1.95756e-05 -0.000133964 -1.95756e-05
1.16 0 0 0 0 0.000198792 1.90264e-05 0.000198792 1.90264e-05
1.17 0 0 0 0 0.000514129 -1.68108e-05 0.000514129 -1.68108e-05
1.18 0 0 0 0 0.000714528 1.25116e-05 0.000714528 1.25116e-05
1.19 0 0 0 0 0.000747012 -8.96018e-06 0.000747012 -8.96018e-06
1.2 0 0 0 0 0.000615377 3.11164e-06 0.000615377 3.11164e-06
1.21 0 0 0 0 0.000373211 1.85678e-06 0.000373211 1.85678e-06
1.22 0 0 0 0 0.000102674 -6.78124e-06 0.000102674 -6.78124e-06
1.23 0 0 0 0 -0.000113224 1.21641e-05 -0.000113224 1.21641e-05
1.24 0 0 0 0 -0.000215691 -1.49114e-05 -0.000215691 -1.49114e-05
1.25 0 0 0 0 -0.000185182 1.87087e-05 -0.000185182 1.87087e-05
1.26 0 0 0 0 -4.36096e-05 -1.92027e-05 -4.36096e-05 -1.92027e-05
1.27 0 0 0 0 0.00015618 1.97521e-05 0.00015618 1.97521e-05
1.28 0 0 0 0 0.000348295 -1.8231e-05 0.000348295 -1.8231e-05
1.29 0 0 0 0 0.000473898 1.53704e-05 0.000473898 1.53704e-05
1.3 0 0 0 0 0.00134091 -2.14762e-05 0.00134091 -2.14762e-05
1.31 0 0 0 0 0.00201551 2.04742e-05 0.00201551 2.04742e-05
1.32 0 0 0 0 0.00219354 -2.39165e-05 0.00219354 -2.39165e-05
1.33 0 0 0 0 0.00187259 1.93676e-05 0.00187259 1.93676e-05
1.34 0 0 0 0 0.00117692 -1.8282e-05 0.00117692 -1.8282e-05
1.35 0 0 0 0 0.000313168 1.38248e-05 0.000313168 1.38248e-05
1.36 0 0 0 0 -0.000490141 -7.28015e-06 -0.000490141 -7.28015e-06
1.37 0 0 0 0 -0.00104125 4.16908e-06 -0.00104125 4.16908e-06
1.38 0 0 0 0 -0.00122836 4.95714e-06 -0.00122836 4.95714e-06
1.39 0 0 0 0 -0.00103856 -7.50811e-06 -0.00103856 -7.50811e-06
1.4 0 0 0 0 -0.00055105 1.49156e-05 -0.00055105 1.49156e-05
1.41 0 0 0 0 9.05857e-05 -1.75901e-05 9.05857e-05 -1.75901e-05
1.42 0 0 0 0 0.000718791 2.0516e-05 0.000718791 2.0516e-05
1.43 0 0 0 0 0.00118386 -2.24764e-05 0.00118386 -2.24764e-05
1.44 0 0 0 0 0.0013878 2.09549e-05 0.0013878 2.09549e-05
1.45 0 0 0 0 0.00130238 -2.03436e-05 0.00130238 -2.03436e-05
1.46 0 0 0 0 0.000969376 1.62963e-05 0.000969376 1.62963e-05
1.47 0 0 0 0 0.000484061 -1.19981e-05 0.000484061 -1.19981e-05
1.48 0 0 0 0 -3.18566e-05 7.43133e-06 -3.18566e-05 7.43133e-06
1.49 0 0 0 0 -0.000312554 -1.52191e-06 -0.000312554 -1.52191e-06
1.5 0 0 0 0 0.000747865 -1.14416e-05 0.000747865 -1.14416e-05
1.51 0 0 0 0 0.00164068 2.35208e-05 0.00164068 2.35208e-05
1.52 0 0 0 0 0.00220361 -3.65259e-05 0.00220361 -3.65259e-05
1.53 0 0 0 0 0.00235343 4.28441e-05 0.00235343 4.28441e-05
1.54 0 0 0 0 0.00209457 -5.03031e-05 0.00209457 -5.03031e-05
1.55 0 0 0 0 0.00150986 5.10427e-05 0.00150986 5.10427e-05
1.56 0 0 0 0 0.000736923 -4.93939e-05 0.000736923 -4.93939e-05
1.57 0 0 0 0 -6.33213e-05 4.5298e-05 -6.33213e-05 4.5298e-05
1.58 0 0 0 0 -0.000739347 -3.47749e-05 -0.000739347 -3.47749e-05
1.59 0 0 0 0 -0.00117644 2.67256e-05 -0.00117644 2.67256e-05
1.6 0 0 0 0 -0.00131455 -1.09535e-05 -0.00131455 -1.09535e-05
1.61 0 0 0 0 -0.0011543 4.11912e-07 -0.0011543 4.11912e-07
1.62 0 0 0 0 -0.000751387 1.54649e-05 -0.000751387 1.54649e-05
1.63 0 0 0 0 -0.000201555 -2.60495e-05 -0.000201555 -2.60495e-05
1.64 0 0 0 0 0.000380334 3.74585e-05 0.000380334 3.74585e-05
1.65 0 0 0 0 0.000882833 -4.49309e-05 0.000882833 -4.49309e-05
1.66 0 0 0 0 0.00121765 4.926e-05 0.00121765 4.926e-05
1.67 0 0 0 0 0.00184417 -5.35723e-05 0.00184417 -5.35723e-05
1.68 0 0 0 0 0.00325161 4.58346e-05 0.00325161 4.58346e-05
1.69 0 0 0 0 0.00410828 -3.98308e-05 0.00410828 -3.98308e-05
1.7 0 0 0 0 0.00432838 2.45306e-05 0.00432838 2.45306e-05
1.71 0 0 0 0 0.00392884 -1.39592e-05 0.00392884 -1.39592e-05
1.72 0 0 0 0 0.00301724 -2.54712e-06 0.00301724 -2.54712e-06
1.73 0 0 0 0 0.00176768 1.62982e-05 0.00176768 1.62982e-05
1.74 0 0 0 0 0.000389056 -2.84661e-05 0.000389056 -2.84661e-05
1.75 0 0 0 0 -0.000908733 4.18715e-05 -0.000908733 4.18715e-05
1.76 0 0 0 0 -0.001945 -4.65479e-05 -0.001945 -4.65479e-05
1.77 0 0 0 0 -0.00259198 5.53299e-05 -0.00259198 5.53299e-05
1.78 0 0 0 0 -0.00278816 -5.19526e-05 -0.00278816 -5.19526e-05
1.79 0 0 0 0 -0.00254196 5.30233e-05 -0.00254196 5.30233e-05
1.8 0 0 0 0 -0.00192436 -4.30817e-05 -0.00192436 -4.30817e-05
1.81 0 0 0 0 -0.00105433 3.59227e-05 -0.00105433 3.59227e-05
1.82 0 0 0 0 -7.77443e-05 -2.21941e-05 -7.77443e-05 -2.21941e-05
1.83 0 0 0 0 0.0011308 8.12234e-06 0.0011308 8.12234e-06
1.84 0 0 0 0 0.00361555 1.00185e-06 0.00361555 1.00185e-06
1.85 0 0 0 0 0.00553107 -1.3754e-05 0.00553107 -1.3754e-05
1.86 0 0 0 0 0.00670032 1.89875e-05 0.00670032 1.89875e-05
1.87 0 0 0 0 0.00704531 -3.06403e-05 0.00704531 -3.06403e-05
1.88 0 0 0 0 0.00658772 3.25492e-05 0.00658772 3.25492e-05
1.89 0 0 0 0 0.00543845 -3.81618e-05 0.00543845 -3.81618e-05
1.9 0 0 0 0 0.00377731 3.749e-05 0.00377731 3.749e-05
1.91 0 0 0 0 0.00182766 -3.47937e-05 0.00182766 -3.47937e-05
1.92 0 0 0 0 -0.00017248 3.19908e-05 -0.00017248 3.19908e-05
1.93 0 0 0 0 -0.0019974 -2.19139e-05 -0.0019974 -2.19139e-05
1.94 0 0 0 0 -0.00345802 1.74006e-05 -0.00345802 1.74006e-05
1.95 0 0 0 0 -0.00441947 -3.23688e-06 -0.00441947 -3.23688e-06
1.96 0 0 0 0 -0.00481213 -2.13323e-06 -0.00481213 -2.13323e-06
1.97 0 0 0 0 -0.00463447 1.61361e-05 -0.00463447 1.61361e-05
1.98 0 0 0 0 -0.00343011 -2.22159e-05 -0.00343011 -2.22159e-05
1.99 0 0 0 0 -0.000329323 2.89945e-05 -0.000329323 2.89945e-05
2 0 0 0 0 0.00258782 -3.0902e-05 0.00258782 -3.0902e-05
2.01 0 0 0 0 0.00508427 3.01099e-05 0.00508427 3.01099e-05
2.02 0 0 0 0 0.00697637 -3.02046e-05 0.00697637 -3.02046e-05
2.03 0 0 0 0 0.00814478 2.35583e-05 0.00814478 2.35583e-05
2.04 0 0 0 0 0.0085404 -2.04641e-05 0.0085404 -2.04641e-05
2.05 0 0 0 0 0.00818276 1.10373e-05 0.00818276 1.10373e-05
2.06 0 0 0 0 0.00715373 -4.66496e-06 0.00715373 -4.66496e-06
2.07 0 0 0 0 0.00558579 -4.20943e-06 0.00558579 -4.20943e-06
2.08 0 0 0 0 0.00364748 1.24924e-05 0.00364748 1.24924e-05
2.09 0 0 0 0 0.00152687 -1.81691e-05 0.00152687 -1.81691e-05
2.1 0 0 0 0 -0.000585551 2.60517e-05 -0.000585551 2.60517e-05
2.11 0 0 0 0 -0.00251254 -2.70657e-05 -0.00251254 -2.70657e-05
2.12 0 0 0 0 -0.00410447 3.22356e-05 -0.00410447 3.22356e-05
2.13 0 0 0 0 -0.00434336 -2.96896e-05 -0.00434336 -2.96896e-05
2.14 0 0 0 0 -0.00213357 2.8336e-05 -0.00213357 2.8336e-05
2.15 0 0 0 0 4.63289e-05 -2.02009e-05 4.63289e-05 -2.02009e-05
2.16 0 0 0 0 0.00206244 1.37326e-05 0.00206244 1.37326e-05
2.17 0 0 0 0 0.00380029 -4.60901e-06 0.00380029 -4.60901e-06
2.18 0 0 0 0 0.00517003 -4.1369e-06 0.00517003 -4.1369e-06
2.19 0 0 0 0 0.00611049 1.26013e-05 0.00611049 1.26013e-05
2.2 0 0 0 0 0.00659101 -2.03998e-05 0.00659101 -2.03998e-05
2.21 0 0 0 0 0.00661102 2.65233e-05 0.00661102 2.65233e-05
2.22 0 0 0 0 0.00619861 -3.06505e-05 0.00619861 -3.06505e-05
2.23 0 0 0 0 0.00540629 3.32e-05 0.00540629 3.32e-05
2.24 0 0 0 0 0.00430716 -3.2161e-05 0.00430716 -3.2161e-05
2.25 0 0 0 0 0.00298822 3.07372e-05 0.00298822 3.07372e-05
2.26 0 0 0 0 0.00154521 -2.46137e-05 0.00154521 -2.46137e-05
2.27 0 0 0 0 7.53794e-05 1.98292e-05 7.53794e-05 1.98292e-05
2.28 0 0 0 0 -0.000625616 -1.06959e-05 -0.000625616 -1.06959e-05
2.29 0 0 0 0 0.0016192 2.08168e-06 0.0016192 2.08168e-06
2.3 0 0 0 0 0.00361629 9.28672e-06 0.00361629 9.28672e-06
2.31 0 0 0 0 0.00529569 -1.80681e-05 0.00529569 -1.80681e-05
2.32 0 0 0 0 0.00660503 2.69523e-05 0.00660503 2.69523e-05
2.33 0 0 0 0 0.00751113 -3.2768e-05 0.00751113 -3.2768e-05
2.34 0 0 0 0 0.00799945 3.73031e-05 0.00799945 3.73031e-05
2.35 0 0 0 0 0.00807458 -3.80408e-05 0.00807458 -3.80408e-05
2.36 0 0 0 0 0.0077578 3.74293e-05 0.0077578 3.74293e-05
2.37 0 0 0 0 0.00708646 -3.25267e-05 0.00708646 -3.25267e-05
2.38 0 0 0 0 0.00611031 2.73043e-05 0.00611031 2.73043e-05
2.39 0 0 0 0 0.00488992 -1.78494e-05 0.00488992 -1.78494e-05
2.4 0 0 0 0 0.00349258 9.77561e-06 0.00349258 9.77561e-06
2.41 0 0 0 0 0.00198985 1.84758e-06 0.00198985 1.84758e-06
2.42 0 0 0 0 0.000453907 -1.02503e-05 0.000453907 -1.02503e-05
2.43 0 0 0 0 2.04863e-05 2.0748e-05 2.04863e-05 2.0748e-05
2.44 0 0 0 0 0.00276855 -2.77973e-05 0.00276855 -2.77973e-05
2.45 0 0 0 0 0.00521328 3.51848e-05 0.00521328 3.51848e-05
2.46 0 0 0 0 0.00730592 -3.80817e-05 0.00730592 -3.80817e-05
2.47 0 0 0 0 0.00900925 4.00375e-05 0.00900925 4.00375e-05
2.48 0 0 0 0 0.0102994 -3.74762e-05 0.0102994 -3.74762e-05
2.49 0 0 0 0 0.0111641 3.3946e-05 0.0111641 3.3946e-05
2.5 0 0 0 0 0.0116042 -2.62538e-05 0.0116042 -2.62538e-05
2.51 0 0 0 0 0.0116312 1.86258e-05 0.0116312 1.86258e-05
2.52 0 0 0 0 0.011268 -7.61847e-06 0.011268 -7.61847e-06
2.53 0 0 0 0 0.0105464 -1.63254e-06 0.0105464 -1.63254e-06
2.54 0 0 0 0 0.00950684 1.31943e-05 0.00950684 1.31943e-05
2.55 0 0 0 0 0.00817628 -2.0529e-05 0.00817628 -2.0529e-05
2.56 0 0 0 0 0.00655877 3.13776e-05 0.00655877 3.13776e-05
2.57 0 0 0 0 0.00471342 -3.47713e-05 0.00471342 -3.47713e-05
2.58 0 0 0 0 0.00270394 4.10084e-05 0.00270394 4.10084e-05
2.59 0 0 0 0 0.00156899 -3.89609e-05 0.00156899 -3.89609e-05
2.6 0 0 0 0 0.00441035 3.91947e-05 0.00441035 3.91947e-05
2.61 0 0 0 0 0.00688308 -3.30987e-05 0.00688308 -3.30987e-05
2.62 0 0 0 0 0.00896365 2.83703e-05 0.00896365 2.83703e-05
2.63 0 0 0 0 0.0106358 -1.77316e-05 0.0106358 -1.77316e-05
2.64 0 0 0 0 0.0118894 1.00366e-05 0.0118894 1.00366e-05
2.65 0 0 0 0 0.0127216 2.81198e-06 0.0127216 2.81198e-06
2.66 0 0 0 0 0.0131361 -1.06641e-05 0.0131361 -1.06641e-05
2.67 0 0 0 0 0.0131435 2.27974e-05 0.0131435 2.27974e-05
2.68 0 0 0 0 0.0127608 -2.79525e-05 0.0127608 -2.79525e-05
2.69 0 0 0 0 0.0120113 3.66767e-05 0.0120113 3.66767e-05
2.7 0 0 0 0 0.0109244 -3.70317e-05 0.0109244 -3.70317e-05
2.71 0 0 0 0 0.00953456 4.0623e-05 0.00953456 4.0623e-05
2.72 0 0 0 0 0.00788192 -3.54224e-05 0.00788192 -3.54224e-05
2.73 0 0 0 0 0.00601017 3.35821e-05 0.00601017 3.35821e-05
2.74 0 0 0 0 0.00396741 -2.36441e-05 0.00396741 -2.36441e-05
2.75 0 0 0 0 0.00180389 1.75483e-05 0.00180389 1.75483e-05
2.76 0 0 0 0 -0.000427745 -5.05536e-06 -0.000427745 -5.05536e-06
2.77 0 0 0 0 -0.00267436 -3.00604e-06 -0.00267436 -3.00604e-06
2.78 0 0 0 0 -0.00488297 1.50959e-05 -0.00488297 1.50959e-05
2.79 0 0 0 0 -0.00495882 -2.16424e-05 -0.00495882 -2.16424e-05
2.8 0 0 0 0 -0.00216233 3.01687e-05 -0.00216233 3.01687e-05
2.81 0 0 0 0 0.000392936 -3.50195e-05 0.000392936 -3.50195e-05
2.82 0 0 0 0 0.00268722 3.94208e-05 0.00268722 3.94208e-05
2.83 0 0 0 0 0.00470527 -3.84559e-05 0.00470527 -3.84559e-05
2.84 0 0 0 0 0.00643486 3.78152e-05 0.00643486 3.78152e-05
2.85 0 0 0 0 0.00786858 -3.09951e-05 0.00786858 -3.09951e-05
2.86 0 0 0 0 0.00900218 2.59067e-05 0.00900218 2.59067e-05
2.87 0 0 0 0 0.00983603 -1.47223e-05 0.00983603 -1.47223e-05
2.88 0 0 0 0 0.0103738 7.10479e-06 0.0103738 7.10479e-06
2.89 0 0 0 0 0.0106232 5.82679e-06 0.0106232 5.82679e-06
2.9 0 0 0 0 0.0105954 -1.32932e-05 0.0105954 -1.32932e-05
2.91 0 0 0 0 0.0103047 2.49381e-05 0.0103047 2.49381e-05
2.92 0 0 0 0 0.00976889 -2.95882e-05 0.00976889 -2.95882e-05
2.93 0 0 0 0 0.00900806 3.73125e-05 0.00900806 3.73125e-05
2.94 0 0 0 0 0.00804544 -3.72677e-05 0.00804544 -3.72677e-05
2.95 0 0 0 0 0.00690565 3.95376e-05 0.00690565 3.95376e-05
2.96 0 0 0 0 0.00561598 -3.42547e-05 0.00561598 -3.42547e-05
2.97 0 0 0 0 0.00420427 3.10272e-05 0.00420427 3.10272e-05
2.98 0 0 0 0 0.00270018 -2.14714e-05 0.00270018 -2.14714e-05
2.99 0 0 0 0 0.00113325 1.41713e-05 0.00113325 1.41713e-05
3 0 0 0 0 -0.00046633 -2.56466e-06 -0.00046633 -2.56466e-06
3.01 0 0 0 0 -0.00206901 -6.34221e-06 -0.00206901 -6.34221e-06
3.02 0 0 0 0 -0.00364595 1.71257e-05 -0.00364595 1.71257e-05
3.03 0 0 0 0 -0.00516941 -2.48401e-05 -0.00516941 -2.48401e-05
3.04 0 0 0 0 -0.0066137 3.20646e-05 -0.0066137 3.20646e-05
3.05 0 0 0 0 -0.00795469 -3.62437e-05 -0.00795469 -3.62437e-05
3.06 0 0 0 0 -0.00917146 3.80663e-05 -0.00917146 3.80663e-05
3.07 0 0 0 0 -0.0102451 -3.74743e-05 -0.0102451 -3.74743e-05
3.08 0 0 0 0 -0.0111608 3.34548e-05 -0.0111608 3.34548e-05
3.09 0 0 0 0 -0.0119061 -2.82952e-05 -0.0119061 -2.82952e-05
3.1 0 0 0 0 -0.0124731 1.95207e-05 -0.0124731 1.95207e-05
3.11 0 0 0 0 -0.0128568 -1.13587e-05 -0.0128568 -1.13587e-05
3.12 0 0 0 0 -0.0130562 1.4874e-07 -0.0130562 1.4874e-07
3.13 0 0 0 0 -0.0130739 8.54931e-06 -0.0130739 8.54931e-06
3.14 0 0 0 0 -0.012916 -1.92735e-05 -0.012916 -1.92735e-05
3.15 0 0 0 0 -0.0125918 2.5854e-05 -0.0125918 2.5854e-05
3.16 0 0 0 0 -0.0121135 -3.33608e-05 -0.0121135 -3.33608e-05
3.17 0 0 0 0 -0.0114965 3.5747e-05 -0.0114965 3.5747e-05
3.18 0 0 0 0 -0.0107575 -3.82275e-05 -0.0107575 -3.82275e-05
3.19 0 0 0 0 -0.00991621 3.55189e-05 -0.00991621 3.55189e-05
3.2 0 0 0 0 -0.00868877 -3.23643e-05 -0.00868877 -3.23643e-05
3.21 0 0 0 0 -0.00519054 2.63554e-05 -0.00519054 2.63554e-05
3.22 0 0 0 0 -0.00187633 -2.01622e-05 -0.00187633 -2.01622e-05
3.23 0 0 0 0 0.00121523 1.21854e-05 0.00121523 1.21854e-05
3.24 0 0 0 0 0.00405172 -2.51626e-06 0.00405172 -2.51626e-06
3.25 0 0 0 0 0.00660635 -5.32452e-06 0.00660635 -5.32452e-06
3.26 0 0 0 0 0.00885834 1.57784e-05 0.00885834 1.57784e-05
3.27 0 0 0 0 0.0107929 -2.11563e-05 0.0107929 -2.11563e-05
3.28 0 0 0 0 0.0124007 2.97525e-05 0.0124007 2.97525e-05
3.29 0 0 0 0 0.0136784 -3.08069e-05 0.0136784 -3.08069e-05
3.3 0 0 0 0 0.0146272 3.56398e-05 0.0146272 3.56398e-05
3.31 0 0 0 0 0.015254 -3.15423e-05 0.015254 -3.15423e-05
3.32 0 0 0 0 0.0155694 3.19154e-05 0.0155694 3.19154e-05
3.33 0 0 0 0 0.0155887 -2.31496e-05 0.0155887 -2.31496e-05
3.34 0 0 0 0 0.0153303 1.97066e-05 0.0153303 1.97066e-05
3.35 0 0 0 0 0.0148162 -7.98345e-06 0.0148162 -7.98345e-06
3.36 0 0 0 0 0.0140704 2.46666e-06 0.0140704 2.46666e-06
3.37 0 0 0 0 0.0131193 9.70393e-06 0.0131193 9.70393e-06
3.38 0 0 0 0 0.0119909 -1.49956e-05 0.0119909 -1.49956e-05
3.39 0 0 0 0 0.0107142 2.49585e-05 0.0107142 2.49585e-05
3.4 0 0 0 0 0.00931877 -2.78563e-05 0.00931877 -2.78563e-05
3.41 0 0 0 0 0.00783405 3.35095e-05 0.00783405 3.35095e-05
3.42 0 0 0 0 0.00628969 -3.26136e-05 0.00628969 -3.26136e-05
3.43 0 0 0 0 0.0047138 3.29583e-05 0.0047138 3.29583e-05
3.44 0 0 0 0 0.00313411 -2.80493e-05 0.00313411 -2.80493e-05
3.45 0 0 0 0 0.00157606 2.34404e-05 0.00157606 2.34404e-05
3.46 0 0 0 0 6.39386e-05 -1.55505e-05 6.39386e-05 -1.55505e-05
3.47 0 0 0 0 -0.00138063 7.57937e-06 -0.00138063 7.57937e-06
3.48 0 0 0 0 -0.00273801 1.29505e-06 -0.00273801 1.29505e-06
3.49 0 0 0 0 -0.00399123 -1.02509e-05 -0.00399123 -1.02509e-05
3.5 0 0 0 0 -0.00512605 1.77128e-05 -0.00512605 1.77128e-05
3.51 0 0 0 0 -0.00613071 -2.51478e-05 -0.00613071 -2.51478e-05
3.52 0 0 0 0 -0.0069967 2.9079e-05 -0.0069967 2.9079e-05
3.53 0 0 0 0 -0.00771768 -3.30419e-05 -0.00771768 -3.30419e-05
3.54 0 0 0 0 -0.00829078 3.22087e-05 -0.00829078 3.22087e-05
3.55 0 0 0 0 -0.00871494 -3.18217e-05 -0.00871494 -3.18217e-05
3.56 0 0 0 0 -0.00899248 2.62357e-05 -0.00899248 2.62357e-05
3.57 0 0 0 0 -0.00912724 -2.19081e-05 -0.00912724 -2.19081e-05
3.58 0 0 0 0 -0.00912591 1.28418e-05 -0.00912591 1.28418e-05
3.59 0 0 0 0 -0.00899657 -6.12331e-06 -0.00899657 -6.12331e-06
3.6 0 0 0 0 -0.00874932 -4.22362e-06 -0.00874932 -4.22362e-06
3.61 0 0 0 0 -0.00839555 1.11065e-05 -0.00839555 1.11065e-05
3.62 0 0 0 0 -0.00794768 -2.01979e-05 -0.00794768 -2.01979e-05
3.63 0 0 0 0 -0.00741934 2.49892e-05 -0.00741934 2.49892e-05
3.64 0 0 0 0 -0.0068242 -3.06357e-05 -0.0068242 -3.06357e-05
3.65 0 0 0 0 -0.00617695 3.16988e-05 -0.00617695 3.16988e-05
3.66 0 0 0 0 -0.00549152 -3.2645e-05 -0.00549152 -3.2645e-05
3.67 0 0 0 0 -0.00478248 2.9432e-05 -0.00478248 2.9432e-05
3.68 0 0 0 0 -0.00406313 -2.56849e-05 -0.00406313 -2.56849e-05
3.69 0 0 0 0 -0.00334689 1.88958e-05 -0.00334689 1.88958e-05
3.7 0 0 0 0 -0.00264569 -1.17062e-05 -0.00264569 -1.17062e-05
3.71 0 0 0 0 -0.00197094 3.09508e-06 -0.00197094 3.09508e-06
3.72 0 0 0 0 -0.00133262 5.40155e-06 -0.00133262 5.40155e-06
3.73 0 0 0 0 -0.000739524 -1.35174e-05 -0.000739524 -1.35174e-05
3.74 0 0 0 0 -0.00019926 2.08992e-05 -0.00019926 2.08992e-05
3.75 0 0 0 0 0.000282304 -2.62886e-05 0.000282304 -2.62886e-05
3.76 0 0 0 0 0.00070017 3.05173e-05 0.00070017 3.05173e-05
3.77 0 0 0 0 0.00105145 -3.16616e-05 0.00105145 -3.16616e-05
3.78 0 0 0 0 0.00133384 3.16388e-05 0.00133384 3.16388e-05
3.79 0 0 0 0 0.00154723 -2.81597e-05 0.00154723 -2.81597e-05
3.8 0 0 0 0 0.00169193 2.40164e-05 0.00169193 2.40164e-05
3.81 0 0 0 0 0.00177021 -1.67867e-05 0.00177021 -1.67867e-05
3.82 0 0 0 0 0.00178478 9.82768e-06 0.00178478 9.82768e-06
3.83 0 0 0 0 0.00173976 -7.35447e-07 0.00173976 -7.35447e-07
3.84 0 0 0 0 0.00163986 -6.94256e-06 0.00163986 -6.94256e-06
3.85 0 0 0 0 0.00149054 1.55117e-05 0.00149054 1.55117e-05
3.86 0 0 0 0 0.00129797 -2.16196e-05 0.00129797 -2.16196e-05
3.87 0 0 0 0 0.00106838 2.74356e-05 0.00106838 2.74356e-05
3.88 0 0 0 0 0.000808826 -3.01406e-05 0.000808826 -3.01406e-05
3.89 0 0 0 0 0.000525809 3.17376e-05 0.000525809 3.17376e-05
3.9 0 0 0 0 0.000226628 -3.01798e-05 0.000226628 -3.01798e-05
3.91 0 0 0 0 -8.2368e-05 2.7251e-05 -8.2368e-05 2.7251e-05
3.92 0 0 0 0 -0.000394262 -2.17841e-05 -0.000394262 -2.17841e-05
3.93 0 0 0 0 -0.000703198 1.52549e-05 -0.000703198 1.52549e-05
3.94 0 0 0 0 -0.00100318 -7.34615e-06 -0.00100318 -7.34615e-06
3.95 0 0 0 0 -0.00128911 -8.92723e-07 -0.00128911 -8.92723e-07
3.96 0 0 0 0 -0.00155632 9.07414e-06 -0.00155632 9.07414e-06
3.97 0 0 0 0 -0.00180071 -1.6698e-05 -0.00180071 -1.6698e-05
3.98 0 0 0 0 -0.00201912 2.28881e-05 -0.00201912 2.28881e-05
3.99 0 0 0 0 -0.00220864 -2.7785e-05 -0.00220864 -2.7785e-05
4 0 0 0 0 -0.00236769 3.02574e-05 -0.00236769 3.02574e-05
4.01 0 0 0 0 -0.00249463 -3.11101e-05 -0.00249463 -3.11101e-05
4.02 0 0 0 0 -0.00258934 2.9157e-05 -0.00258934 2.9157e-05
4.03 0 0 0 0 -0.00265151 -2.58e-05 -0.00265151 -2.58e-05
4.04 0 0 0 0 -0.00268224 1.99294e-05 -0.00268224 1.99294e-05
4.05 0 0 0 0 -0.0026825 -1.33827e-05 -0.0026825 -1.33827e-05
4.06 0 0 0 0 -0.00265431 5.17644e-06 -0.00265431 5.17644e-06
4.07 0 0 0 0 -0.00259978 2.65063e-06 -0.00259978 2.65063e-06
4.08 0 0 0 0 -0.00252155 -1.09751e-05 -0.00252155 -1.09751e-05
4.09 0 0 0 0 -0.0024226 1.78253e-05 -0.0024226 1.78253e-05
4.1 0 0 0 0 -0.00230588 -2.40289e-05 -0.00230588 -2.40289e-05
4.11 0 0 0 0 -0.00217498 2.79318e-05 -0.00217498 2.79318e-05
4.12 0 0 0 0 -0.00203289 -3.03706e-05 -0.00203289 -3.03706e-05
4.13 0 0 0 0 -0.00188341 3.01935e-05 -0.00188341 3.01935e-05
4.14 0 0 0 0 -0.00172943 -2.82682e-05 -0.00172943 -2.82682e-05
4.15 0 0 0 0 -0.00157456 2.40296e-05 -0.00157456 2.40296e-05
4.16 0 0 0 0 -0.00142146 -1.83437e-05 -0.00142146 -1.83437e-05
4.17 0 0 0 0 -0.00127322 1.12045e-05 -0.00127322 1.12045e-05
4.18 0 0 0 0 -0.00113218 -3.38819e-06 -0.00113218 -3.38819e-06
4.19 0 0 0 0 -0.00100066 -4.67586e-06 -0.00100066 -4.67586e-06
4.2 0 0 0 0 -0.000880587 1.24239e-05 -0.000880587 1.24239e-05
4.21 0 0 0 0 -0.000773394 -1.91761e-05 -0.000773394 -1.91761e-05
4.22 0 0 0 0 -0.000680509 2.47018e-05 -0.000680509 2.47018e-05
4.23 0 0 0 0 -0.000602464 -2.82684e-05 -0.000602464 -2.82684e-05
4.24 0 0 0 0 -0.000540126 3.00589e-05 -0.000540126 3.00589e-05
4.25 0 0 0 0 -0.000493225 -2.94503e-05 -0.000493225 -2.94503e-05
4.26 0 0 0 0 -0.000462007 2.70479e-05 -0.000462007 2.70479e-05
4.27 0 0 0 0 -0.000445589 -2.24315e-05 -0.000445589 -2.24315e-05
4.28 0 0 0 0 -0.000443567 1.65523e-05 -0.000443567 1.65523e-05
4.29 0 0 0 0 -0.000454666 -9.20306e-06 -0.000454666 -9.20306e-06
4.3 0 0 0 0 -0.000477862 1.52882e-06 -0.000477862 1.52882e-06
4.31 0 0 0 0 -0.000511704 6.52775e-06 -0.000511704 6.52775e-06
4.32 0 0 0 0 -0.000554645 -1.38253e-05 -0.000554645 -1.38253e-05
4.33 0 0 0 0 -0.000605231 2.03768e-05 -0.000605231 2.03768e-05
4.34 0 0 0 0 -0.000661557 -2.52444e-05 -0.000661557 -2.52444e-05
4.35 0 0 0 0 -0.000722277 2.85047e-05 -0.000722277 2.85047e-05
4.36 0 0 0 0 -0.000785348 -2.95796e-05 -0.000785348 -2.95796e-05
4.37 0 0 0 0 -0.00084958 2.86808e-05 -0.00084958 2.86808e-05
4.38 0 0 0 0 -0.000913032 -2.56673e-05 -0.000913032 -2.56673e-05
4.39 0 0 0 0 -0.000974677 2.08949e-05 -0.000974677 2.08949e-05
4.4 0 0 0 0 -0.0010329 -1.46412e-05 -0.0010329 -1.46412e-05
4.41 0 0 0 0 -0.00108681 7.34803e-06 -0.00108681 7.34803e-06
4.42 0 0 0 0 -0.00113529 3.94458e-07 -0.00113529 3.94458e-07
4.43 0 0 0 0 -0.0011776 -8.16975e-06 -0.0011776 -8.16975e-06
4.44 0 0 0 0 -0.00121318 1.52388e-05 -0.00121318 1.52388e-05
4.45 0 0 0 0 -0.00124142 -2.13407e-05 -0.00124142 -2.13407e-05
4.46 0 0 0 0 -0.00126236 2.57666e-05 -0.00126236 2.57666e-05
4.47 0 0 0 0 -0.00127558 -2.85213e-05 -0.00127558 -2.85213e-05
4.48 0 0 0 0 -0.00128155 2.90742e-05 -0.00128155 2.90742e-05
4.49 0 0 0 0 -0.00128013 -2.77503e-05 -0.00128013 -2.77503e-05
4.5 0 0 0 0 -0.00127209 2.42798e-05 -0.00127209 2.42798e-05
4.51 0 0 0 0 -0.00125759 -1.92848e-05 -0.00125759 -1.92848e-05
4.52 0 0 0 0 -0.00123754 1.27571e-05 -0.00123754 1.27571e-05
4.53 0 0 0 0 -0.00121243 -5.517e-06 -0.00121243 -5.517e-06
4.54 0 0 0 0 -0.00118315 -2.25764e-06 -0.00118315 -2.25764e-06
4.55 0 0 0 0 -0.00115048 9.70166e-06 -0.00115048 9.70166e-06
4.56 0 0 0 0 -0.00111517 -1.65749e-05 -0.00111517 -1.65749e-05
4.57 0 0 0 0 -0.00107825 2.21377e-05 -0.00107825 2.21377e-05
4.58 0 0 0 0 -0.00104027 -2.62206e-05 -0.00104027 -2.62206e-05
4.59 0 0 0 0 -0.00100237 2.83534e-05 -0.00100237 2.83534e-05
4.6 0 0 0 0 -0.000964888 -2.85386e-05 -0.000964888 -2.85386e-05
4.61 0 0 0 0 -0.000928941 2.66569e-05 -0.000928941 2.66569e-05
4.62 0 0 0 0 -0.000894731 -2.29222e-05 -0.000894731 -2.29222e-05
4.63 0 0 0 0 -0.000863159 1.7563e-05 -0.000863159 1.7563e-05
4.64 0 0 0 0 -0.00083437 -1.09713e-05 -0.00083437 -1.09713e-05
4.65 0 0 0 0 -0.00080893 3.638e-06 -0.00080893 3.638e-06
4.66 0 0 0 0 -0.00078699 3.96334e-06 -0.00078699 3.96334e-06
4.67 0 0 0 0 -0.000768711 -1.12238e-05 -0.000768711 -1.12238e-05
4.68 0 0 0 0 -0.000754281 1.77196e-05 -0.000754281 1.77196e-05
4.69 0 0 0 0 -0.000743467 -2.28891e-05 -0.000743467 -2.28891e-05
4.7 0 0 0 0 -0.000736476 2.64843e-05 -0.000736476 2.64843e-05
4.71 0 0 0 0 -0.000732763 -2.81342e-05 -0.000732763 -2.81342e-05
4.72 0 0 0 0 -0.000732499 2.78504e-05 -0.000732499 2.78504e-05
4.73 0 0 0 0 -0.000734966 -2.55362e-05 -0.000734966 -2.55362e-05
4.74 0 0 0 0 -0.00074022 2.14777e-05 -0.00074022 2.14777e-05
4.75 0 0 0 0 -0.000747528 -1.58579e-05 -0.000747528 -1.58579e-05
4.76 0 0 0 0 -0.000756763 9.17649e-06 -0.000756763 9.17649e-06
4.77 0 0 0 0 -0.000767316 -1.82468e-06 -0.000767316 -1.82468e-06
4.78 0 0 0 0 -0.000778844 -5.60644e-06 -0.000778844 -5.60644e-06
4.79 0 0 0 0 -0.000790958 1.2643e-05 -0.000790958 1.2643e-05
4.8 0 0 0 0 -0.000803112 -1.87536e-05 -0.000803112 -1.87536e-05
4.81 0 0 0 0 -0.000815163 2.35244e-05 -0.000815163 2.35244e-05
4.82 0 0 0 0 -0.00082644 -2.66238e-05 -0.00082644 -2.66238e-05
4.83 0 0 0 0 -0.000837008 2.78162e-05 -0.000837008 2.78162e-05
4.84 0 0 0 0 -0.000846183 -2.70602e-05 -0.000846183 -2.70602e-05
4.85 0 0 0 0 -0.000854152 2.43604e-05 -0.000854152 2.43604e-05
4.86 0 0 0 0 -0.000860346 -1.99817e-05 -0.000860346 -1.99817e-05
4.87 0 0 0 0 -0.000864971 1.41568e-05 -0.000864971 1.41568e-05
4.88 0 0 0 0 -0.000867688 -7.39428e-06 -0.000867688 -7.39428e-06
4.89 0 0 0 0 -0.000868625 7.34166e-08 -0.000868625 7.34166e-08
4.9 0 0 0 0 -0.00086774 7.17747e-06 -0.00086774 7.17747e-06
4.91 0 0 0 0 -0.000865032 -1.39591e-05 -0.000865032 -1.39591e-05
4.92 0 0 0 0 -0.000860758 1.96767e-05 -0.000860758 1.96767e-05
4.93 0 0 0 0 -0.000854787 -2.40451e-05 -0.000854787 -2.40451e-05
4.94 0 0 0 0 -0.000847612 2.66436e-05 -0.000847612 2.66436e-05
4.95 0 0 0 0 -0.000839023 -2.7405e-05 -0.000839023 -2.7405e-05
4.96 0 0 0 0 -0.000829634 2.6173e-05 -0.000829634 2.6173e-05
4.97 0 0 0 0 -0.000819243 -2.31412e-05 -0.000819243 -2.31412e-05
4.98 0 0 0 0 -0.000808446 1.84352e-05 -0.000808446 1.84352e-05
4.99 0 0 0 0 -0.000797141 -1.24775e-05 -0.000797141 -1.24775e-05
5 0 0 0 0 -0.000785776 5.61697e-06 -0.000785776 5.61697e-06
5.01 0 0 0 0 -0.000774418 1.59204e-06 -0.000774418 1.59204e-06
5.02 0 0 0 0 -0.000763285 -8.69548e-06 -0.000763285 -8.69548e-06
5.03 0 0 0 0 -0.00075263 1.51437e-05 -0.00075263 1.51437e-05
5.04 0 0 0 0 -0.00074242 -2.05202e-05 -0.00074242 -2.05202e-05
5.05 0 0 0 0 -0.000733062 2.44182e-05 -0.000733062 2.44182e-05
5.06 0 0 0 0 -0.00072431 -2.6587e-05 -0.00072431 -2.6587e-05
5.07 0 0 0 0 -0.000716642 2.68637e-05 -0.000716642 2.68637e-05
5.08 0 0 0 0 -0.000709694 -2.52415e-05 -0.000709694 -2.52415e-05
5.09 0 0 0 0 -0.0007039 2.18377e-05 -0.0007039 2.18377e-05
5.1 0 0 0 0 -0.000698897 -1.6896e-05 -0.000698897 -1.6896e-05
5.11 0 0 0 0 -0.000694966 1.07751e-05 -0.000694966 1.07751e-05
5.12 0 0 0 0 -0.000691852 -3.90415e-06 -0.000691852 -3.90415e-06
5.13 0 0 0 0 -0.000689607 -3.22099e-06 -0.000689607 -3.22099e-06
5.14 0 0 0 0 -0.000688153 1.0103e-05 -0.000688153 1.0103e-05
5.15 0 0 0 0 -0.000687293 -1.62495e-05 -0.000687293 -1.62495e-05
5.16 0 0 0 0 -0.000687135 2.12317e-05 -0.000687135 2.12317e-05
5.17 0 0 0 0 -0.000687276 -2.46989e-05 -0.000687276 -2.46989e-05
5.18 0 0 0 0 -0.000687967 2.64075e-05 -0.000687967 2.64075e-05
5.19 0 0 0 0 -0.000688693 -2.62477e-05 -0.000688693 -2.62477e-05
5.2 0 0 0 0 -0.000689758 2.42249e-05 -0.000689758 2.42249e-05
5.21 0 0 0 0 -0.000690657 -2.05027e-05 -0.000690657 -2.05027e-05
5.22 0 0 0 0 -0.000691642 1.53285e-05 -0.000691642 1.53285e-05
5.23 0 0 0 0 -0.000692341 -9.09727e-06 -0.000692341 -9.09727e-06
5.24 0 0 0 0 -0.000692865 2.22285e-06 -0.000692865 2.22285e-06
5.25 0 0 0 0 -0.000693056 4.77255e-06 -0.000693056 4.77255e-06
5.26 0 0 0 0 -0.000692838 -1.1432e-05 -0.000692838 -1.1432e-05
5.27 0 0 0 0 -0.000692297 1.72435e-05 -0.000692297 1.72435e-05
5.28 0 0 0 0 -0.000691176 -2.18431e-05 -0.000691176 -2.18431e-05
5.29 0 0 0 0 -0.000689771 2.48611e-05 -0.000689771 2.48611e-05
5.3 0 0 0 0 -0.000687708 -2.61377e-05 -0.000687708 -2.61377e-05
5.31 0 0 0 0 -0.000685402 2.55363e-05 -0.000685402 2.55363e-05
5.32 0 0 0 0 -0.000682464 -2.31562e-05 -0.000682464 -2.31562e-05
5.33 0 0 0 0 -0.000679312 1.91183e-05 -0.000679312 1.91183e-05
5.34 0 0 0 0 -0.00067565 -1.37645e-05 -0.00067565 -1.37645e-05
5.35 0 0 0 0 -0.000671787 7.4259e-06 -0.000671787 7.4259e-06
5.36 0 0 0 0 -0.000667606 -6.03111e-07 -0.000667606 -6.03111e-07
5.37 0 0 0 0 -0.000663226 -6.26778e-06 -0.000663226 -6.26778e-06
5.38 0 0 0 0 -0.000658752 1.2655e-05 -0.000658752 1.2655e-05
5.39 0 0 0 0 -0.00065409 -1.81513e-05 -0.00065409 -1.81513e-05
5.4 0 0 0 0 -0.000649545 2.23295e-05 -0.000649545 2.23295e-05
5.41 0 0 0 0 -0.000644846 -2.49357e-05 -0.000644846 -2.49357e-05
5.42 0 0 0 0 -0.000640425 2.57543e-05 -0.000640425 2.57543e-05
5.43 0 0 0 0 -0.00063592 -2.47649e-05 -0.00063592 -2.47649e-05
5.44 0 0 0 0 -0.000631777 2.20119e-05 -0.000631777 2.20119e-05
5.45 0 0 0 0 -0.000627654 -1.77227e-05 -0.000627654 -1.77227e-05
5.46 0 0 0 0 -0.000623898 1.21789e-05 -0.000623898 1.21789e-05
5.47 0 0 0 0 -0.000620289 -5.79974e-06 -0.000620289 -5.79974e-06
5.48 0 0 0 0 -0.000616983 -9.83513e-07 -0.000616983 -9.83513e-07
5.49 0 0 0 0 -0.000613948 7.66931e-06 -0.000613948 7.66931e-06
5.5 0 0 0 0 -0.000611111 -1.38047e-05 -0.000611111 -1.38047e-05
5.51 0 0 0 0 -0.00060864 1.89383e-05 -0.00060864 1.89383e-05
5.52 0 0 0 0 -0.000606254 -2.27281e-05 -0.000606254 -2.27281e-05
5.53 0 0 0 0 -0.000604274 2.48913e-05 -0.000604274 2.48913e-05
5.54 0 0 0 0 -0.000602289 -2.52978e-05 -0.000602289 -2.52978e-05
5.55 0 0 0 0 -0.000600682 2.39044e-05 -0.000600682 2.39044e-05
5.56 0 0 0 0 -0.000599024 -2.08341e-05 -0.000599024 -2.08341e-05
5.57 0 0 0 0 -0.000597648 1.62879e-05 -0.000597648 1.62879e-05
5.58 0 0 0 0 -0.000596222 -1.06128e-05 -0.000596222 -1.06128e-05
5.59 0 0 0 0 -0.000594933 4.19051e-06 -0.000594933 4.19051e-06
5.6 0 0 0 0 -0.000593632 2.49904e-06 -0.000593632 2.49904e-06
5.61 0 0 0 0 -0.000592303 -9.00714e-06 -0.000592303 -9.00714e-06
5.62 0 0 0 0 -0.000591016 1.48476e-05 -0.000591016 1.48476e-05
5.63 0 0 0 0 -0.000589552 -1.96369e-05 -0.000589552 -1.96369e-05
5.64 0 0 0 0 -0.000588176 2.30101e-05 -0.000588176 2.30101e-05
5.65 0 0 0 0 -0.000586519 -2.47624e-05 -0.000586519 -2.47624e-05
5.66 0 0 0 0 -0.000584965 2.47434e-05 -0.000584965 2.47434e-05
5.67 0 0 0 0 -0.000583096 -2.29906e-05 -0.000583096 -2.29906e-05
5.68 0 0 0 0 -0.000581302 1.96003e-05 -0.000581302 1.96003e-05
5.69 0 0 0 0 -0.000579232 -1.48494e-05 -0.000579232 -1.48494e-05
5.7 0 0 0 0 -0.000577172 9.04429e-06 -0.000577172 9.04429e-06
5.71 0 0 0 0 -0.000574933 -2.63149e-06 -0.000574933 -2.63149e-06
5.72 0 0 0 0 -0.000572617 -3.96706e-06 -0.000572617 -3.96706e-06
5.73 0 0 0 0 -0.00057025 1.02513e-05 -0.00057025 1.02513e-05
5.74 0 0 0 0 -0.000567726 -1.58104e-05 -0.000567726 -1.58104e-05
5.75 0 0 0 0 -0.000565276 2.02209e-05 -0.000565276 2.02209e-05
5.76 0 0 0 0 -0.000562617 -2.32055e-05 -0.000562617 -2.32055e-05
5.77 0 0 0 0 -0.000560126 2.45261e-05 -0.000560126 2.45261e-05
5.78 0 0 0 0 -0.000557422 -2.41239e-05 -0.000557422 -2.41239e-05
5.79 0 0 0 0 -0.000554926 2.20024e-05 -0.000554926 2.20024e-05
5.8 0 0 0 0 -0.000552269 -1.83448e-05 -0.000552269 -1.83448e-05
5.81 0 0 0 0 -0.000549799 1.3386e-05 -0.000549799 1.3386e-05
5.82 0 0 0 0 -0.000547265 -7.507e-06 -0.000547265 -7.507e-06
5.83 0 0 0 0 -0.000544851 1.09971e-06 -0.000544851 1.09971e-06
5.84 0 0 0 0 -0.000542495 5.35585e-06 -0.000542495 5.35585e-06
5.85 0 0 0 0 -0.000540165 -1.14281e-05 -0.000540165 -1.14281e-05
5.86 0 0 0 0 -0.000538008 1.66642e-05 -0.000538008 1.66642e-05
5.87 0 0 0 0 -0.000535789 -2.07202e-05 -0.000535789 -2.07202e-05
5.88 0 0 0 0 -0.000533823 2.32887e-05 -0.000533823 2.32887e-05
5.89 0 0 0 0 -0.000531738 -2.42155e-05 -0.000531738 -2.42155e-05
5.9 0 0 0 0 -0.000529929 2.34161e-05 -0.000529929 2.34161e-05
5.91 0 0 0 0 -0.000527992 -2.09748e-05 -0.000527992 -2.09748e-05
5.92 0 0 0 0 -0.000526292 1.70453e-05 -0.000526292 1.70453e-05
5.93 0 0 0 0 -0.000524504 -1.19326e-05 -0.000524504 -1.19326e-05
5.94 0 0 0 0 -0.000522862 5.97801e-06 -0.000522862 5.97801e-06
5.95 0 0 0 0 -0.000521208 3.71793e-07 -0.000521208 3.71793e-07
5.96 0 0 0 0 -0.000519578 -6.69054e-06 -0.000519578 -6.69054e-06
5.97 0 0 0 0 -0.000518026 1.25076e-05 -0.000518026 1.25076e-05
5.98 0 0 0 0 -0.000516379 -1.74372e-05 -0.000516379 -1.74372e-05
5.99 0 0 0 0 -0.000514883 2.11088e-05 -0.000514883 2.11088e-05
6 0 0 0 0 -0.000513205 -2.32908e-05 -0.000513205 -2.32908e-05
6.01 0 0 0 0 -0.000511714 2.38077e-05 -0.000511714 2.38077e-05
6.02 0 0 0 0 -0.000510006 -2.2653e-05 -0.000510006 -2.2653e-05
6.03 0 0 0 0 -0.00050847 1.98869e-05 -0.00050847 1.98869e-05
6.04 0 0 0 0 -0.000506743 -1.57351e-05 -0.000506743 -1.57351e-05
6.05 0 0 0 0 -0.000505125 1.04687e-05 -0.000505125 1.04687e-05
6.06 0 0 0 0 -0.000503392 -4.48916e-06 -0.000503392 -4.48916e-06
6.07 0 0 0 0 -0.000501671 -1.80516e-06 -0.000501671 -1.80516e-06
6.08 0 0 0 0 -0.000499942 7.94213e-06 -0.000499942 7.94213e-06
6.09 0 0 0 0 -0.000498122 -1.35147e-05 -0.000498122 -1.35147e-05
6.1 0 0 0 0 -0.000496399 1.8104e-05 -0.000496399 1.8104e-05
6.11 0 0 0 0 -0.000494505 -2.14145e-05 -0.000494505 -2.14145e-05
6.12 0 0 0 0 -0.000492782 2.31895e-05 -0.000492782 2.31895e-05
6.13 0 0 0 0 -0.000490853 -2.33333e-05 -0.000490853 -2.33333e-05
6.14 0 0 0 0 -0.000489122 2.18146e-05 -0.000489122 2.18146e-05
6.15 0 0 0 0 -0.000487205 -1.87703e-05 -0.000487205 -1.87703e-05
6.16 0 0 0 0 -0.000485455 1.43947e-05 -0.000485455 1.43947e-05
6.17 0 0 0 0 -0.000483593 -9.02536e-06 -0.000483593 -9.02536e-06
6.18 0 0 0 0 -0.000481823 3.01994e-06 -0.000481823 3.01994e-06
6.19 0 0 0 0 -0.000480045 3.17113e-06 -0.000480045 3.17113e-06
6.2 0 0 0 0 -0.00047826 -9.13368e-06 -0.00047826 -9.13368e-06
6.21 0 0 0 0 -0.000476579 1.44231e-05 -0.000476579 1.44231e-05
6.22 0 0 0 0 -0.000474798 -1.86908e-05 -0.000474798 -1.86908e-05
6.23 0 0 0 0 -0.000473206 2.16144e-05 -0.000473206 2.16144e-05
6.24 0 0 0 0 -0.000471455 -2.30141e-05 -0.000471455 -2.30141e-05
6.25 0 0 0 0 -0.00046993 2.27718e-05 -0.00046993 2.27718e-05
6.26 0 0 0 0 -0.000468235 -2.09319e-05 -0.000468235 -2.09319e-05
6.27 0 0 0 0 -0.000466746 1.76059e-05 -0.000466746 1.76059e-05
6.28 0 0 0 0 -0.00046513 -1.30556e-05 -0.00046513 -1.30556e-05
6.29 0 0 0 0 -0.000463649 7.583e-06 -0.000463649 7.583e-06
6.3 0 0 0 0 -0.000462124 -1.60016e-06 -0.000462124 -1.60016e-06
6.31 0 0 0 0 -0.000460629 -4.4914e-06 -0.000460629 -4.4914e-06
6.32 0 0 0 0 -0.000459189 1.02381e-05 -0.000459189 1.02381e-05
6.33 0 0 0 0 -0.000457672 -1.52575e-05 -0.000457672 -1.52575e-05
6.34 0 0 0 0 -0.000456299 1.91738e-05 -0.000456299 1.91738e-05
6.35 0 0 0 0 -0.000454766 -2.1736e-05 -0.000454766 -2.1736e-05
6.36 0 0 0 0 -0.000453428 2.27438e-05 -0.000453428 2.27438e-05
6.37 0 0 0 0 -0.000451895 -2.21528e-05 -0.000451895 -2.21528e-05
6.38 0 0 0 0 -0.000450556 1.99861e-05 -0.000450556 1.99861e-05
6.39 0 0 0 0 -0.000449043 -1.64241e-05 -0.000449043 -1.64241e-05
6.4 0 0 0 0 -0.000447672 1.1699e-05 -0.000447672 1.1699e-05
6.41 0 0 0 0 -0.000446198 -6.17105e-06 -0.000446198 -6.17105e-06
6.42 0 0 0 0 -0.000444773 2.0993e-07 -0.000444773 2.0993e-07
6.43 0 0 0 0 -0.000443346 5.73884e-06 -0.000443346 5.73884e-06
6.44 0 0 0 0 -0.000441864 -1.12779e-05 -0.000441864 -1.12779e-05
6.45 0 0 0 0 -0.000440481 1.59938e-05 -0.000440481 1.59938e-05
6.46 0 0 0 0 -0.000438954 -1.95784e-05 -0.000438954 -1.95784e-05
6.47 0 0 0 0 -0.0004376 2.17585e-05 -0.0004376 2.17585e-05
6.48 0 0 0 0 -0.000436055 -2.24064e-05 -0.000436055 -2.24064e-05
6.49 0 0 0 0 -0.00043471 2.14578e-05 -0.00043471 2.14578e-05
6.5 0 0 0 0 -0.000433178 -1.90064e-05 -0.000433178 -1.90064e-05
6.51 0 0 0 0 -0.000431819 1.5207e-05 -0.000431819 1.5207e-05
6.52 0 0 0 0 -0.000430331 -1.03541e-05 -0.000430331 -1.03541e-05
6.53 0 0 0 0 -0.000428942 4.77104e-06 -0.000428942 4.77104e-06
6.54 0 0 0 0 -0.00042752 1.12347e-06 -0.00042752 1.12347e-06
6.55 0 0 0 0 -0.000426096 -6.93408e-06 -0.000426096 -6.93408e-06
6.56 0 0 0 0 -0.000424745 1.22284e-05 -0.000424745 1.22284e-05
6.57 0 0 0 0 -0.000423295 -1.66556e-05 -0.000423295 -1.66556e-05
6.58 0 0 0 0 -0.000422006 1.98832e-05 -0.000422006 1.98832e-05
6.59 0 0 0 0 -0.000420552 -2.17081e-05 -0.000420552 -2.17081e-05
6.6 0 0 0 0 -0.000419303 2.19833e-05 -0.000419303 2.19833e-05
6.61 0 0 0 0 -0.00041787 -2.0715e-05 -0.00041787 -2.0715e-05
6.62 0 0 0 0 -0.000416634 1.79754e-05 -0.000416634 1.79754e-05
6.63 0 0 0 0 -0.00041525 -1.39835e-05 -0.00041525 -1.39835e-05
6.64 0 0 0 0 -0.000414 9.0032e-06 -0.000414 9.0032e-06
6.65 0 0 0 0 -0.000412682 -3.41042e-06 -0.000412682 -3.41042e-06
6.66 0 0 0 0 -0.000411403 -2.41925e-06 -0.000411403 -2.41925e-06
6.67 0 0 0 0 -0.000410156 8.05207e-06 -0.000410156 8.05207e-06
6.68 0 0 0 0 -0.000408844 -1.31117e-05 -0.000408844 -1.31117e-05
6.69 0 0 0 0 -0.000407657 1.72209e-05 -0.000407657 1.72209e-05
6.7 0 0 0 0 -0.000406323 -2.0113e-05 -0.000406323 -2.0113e-05
6.71 0 0 0 0 -0.000405175 2.15657e-05 -0.000405175 2.15657e-05
6.72 0 0 0 0 -0.000403838 -2.15012e-05 -0.000403838 -2.15012e-05
6.73 0 0 0 0 -0.000402699 1.99071e-05 -0.000402699 1.99071e-05
6.74 0 0 0 0 -0.000401386 -1.6921e-05 -0.000401386 -1.6921e-05
6.75 0 0 0 0 -0.000400228 1.27366e-05 -0.000400228 1.27366e-05
6.76 0 0 0 0 -0.000398959 -7.67367e-06 -0.000398959 -7.67367e-06
6.77 0 0 0 0 -0.000397761 2.07138e-06 -0.000397761 2.07138e-06
6.78 0 0 0 0 -0.000396549 3.65209e-06 -0.000396549 3.65209e-06
6.79 0 0 0 0 -0.000395306 -9.11291e-06 -0.000395306 -9.11291e-06
6.8 0 0 0 0 -0.000394149 1.39051e-05 -0.000394149 1.39051e-05
6.81 0 0 0 0 -0.000392868 -1.77125e-05 -0.000392868 -1.77125e-05
6.82 0 0 0 0 -0.000391752 2.02481e-05 -0.000391752 2.02481e-05
6.83 0 0 0 0 -0.000390455 -2.13566e-05 -0.000390455 -2.13566e-05
6.84 0 0 0 0 -0.000389356 2.0943e-05 -0.000389356 2.0943e-05
6.85 0 0 0 0 -0.000388072 -1.9061e-05 -0.000388072 -1.9061e-05
6.86 0 0 0 0 -0.000386965 1.58269e-05 -0.000386965 1.58269e-05
6.87 0 0 0 0 -0.00038572 -1.14933e-05 -0.00038572 -1.14933e-05
6.88 0 0 0 0 -0.000384585 6.34877e-06 -0.000384585 6.34877e-06
6.89 0 0 0 0 -0.000383398 -7.79399e-07 -0.000383398 -7.79399e-07
6.9 0 0 0 0 -0.000382223 -4.84053e-06 -0.000382223 -4.84053e-06
6.91 0 0 0 0 -0.0003811 1.00936e-05 -0.0003811 1.00936e-05
6.92 0 0 0 0 -0.000379891 -1.46298e-05 -0.000379891 -1.46298e-05
6.93 0 0 0 0 -0.000378822 1.81104e-05 -0.000378822 1.81104e-05
6.94 0 0 0 0 -0.000377595 -2.03124e-05 -0.000377595 -2.03124e-05
6.95 0 0 0 0 -0.00037656 2.10635e-05 -0.00037656 2.10635e-05
6.96 0 0 0 0 -0.00037534 -2.03344e-05 -0.00037534 -2.03344e-05
6.97 0 0 0 0 -0.000374312 1.81607e-05 -0.000374312 1.81607e-05
6.98 0 0 0 0 -0.000373125 -1.47195e-05 -0.000373125 -1.47195e-05
6.99 0 0 0 0 -0.000372079 1.02376e-05 -0.000372079 1.02376e-05
7 0 0 0 0 -0.000370946 -5.05408e-06 -0.000370946 -5.05408e-06
7.01 0 0 0 0 -0.000369865 -4.82767e-07 -0.000369865 -4.82767e-07
7.02 0 0 0 0 -0.000368795 5.96114e-06 -0.000368795 5.96114e-06
7.03 0 0 0 0 -0.000367675 -1.10138e-05 -0.000367675 -1.10138e-05
7.04 0 0 0 0 -0.000366662 1.52653e-05 -0.000366662 1.52653e-05
7.05 0 0 0 0 -0.000365513 -1.84369e-05 -0.000365513 -1.84369e-05
7.06 0 0 0 0 -0.000364539 2.0288e-05 -0.000364539 2.0288e-05
7.07 0 0 0 0 -0.000363383 -2.07107e-05 -0.000363383 -2.07107e-05
7.08 0 0 0 0 -0.000362422 1.96595e-05 -0.000362422 1.96595e-05
7.09 0 0 0 0 -0.000361284 -1.72319e-05 -0.000361284 -1.72319e-05
7.1 0 0 0 0 -0.000360309 1.35837e-05 -0.000360309 1.35837e-05
7.11 0 0 0 0 -0.000359213 -8.99509e-06 -0.000359213 -8.99509e-06
7.12 0 0 0 0 -0.000358203 3.77347e-06 -0.000358203 3.77347e-06
7.13 0 0 0 0 -0.000357162 1.69137e-06 -0.000357162 1.69137e-06
7.14 0 0 0 0 -0.000356109 -7.03199e-06 -0.000356109 -7.03199e-06
7.15 0 0 0 0 -0.000355126 1.18522e-05 -0.000355126 1.18522e-05
7.16 0 0 0 0 -0.000354036 -1.58322e-05 -0.000354036 -1.58322e-05
7.17 0 0 0 0 -0.000353098 1.86737e-05 -0.000353098 1.86737e-05
7.18 0 0 0 0 -0.000351989 -2.01981e-05 -0.000351989 -2.01981e-05
7.19 0 0 0 0 -0.000351073 2.02823e-05 -0.000351073 2.02823e-05
7.2 0 0 0 0 -0.000349972 -1.8943e-05 -0.000349972 -1.8943e-05
7.21 0 0 0 0 -0.000349052 1.62597e-05 -0.000349052 1.62597e-05
7.22 0 0 0 0 -0.000347985 -1.24443e-05 -0.000347985 -1.24443e-05
7.23 0 0 0 0 -0.000347037 7.75043e-06 -0.000347037 7.75043e-06
7.24 0 0 0 0 -0.000346023 -2.53085e-06 -0.000346023 -2.53085e-06
7.25 0 0 0 0 -0.000345034 -2.86316e-06 -0.000345034 -2.86316e-06
7.26 0 0 0 0 -0.00034408 8.03141e-06 -0.00034408 8.03141e-06
7.27 0 0 0 0 -0.000343055 -1.26281e-05 -0.000343055 -1.26281e-05
7.28 0 0 0 0 -0.000342153 1.63114e-05 -0.000342153 1.63114e-05
7.29 0 0 0 0 -0.000341103 -1.88422e-05 -0.000341103 -1.88422e-05
7.3 0 0 0 0 -0.000340234 2.00262e-05 -0.000340234 2.00262e-05
7.31 0 0 0 0 -0.000339183 -1.98018e-05 -0.000339183 -1.98018e-05
7.32 0 0 0 0 -0.000338321 1.817e-05 -0.000338321 1.817e-05
7.33 0 0 0 0 -0.000337294 -1.52684e-05 -0.000337294 -1.52684e-05
7.34 0 0 0 0 -0.000336415 1.12867e-05 -0.000336415 1.12867e-05
7.35 0 0 0 0 -0.000335434 -6.52752e-06 -0.000335434 -6.52752e-06
7.36 0 0 0 0 -0.000334518 1.31059e-06 -0.000334518 1.31059e-06
7.37 0 0 0 0 -0.000333595 3.97608e-06 -0.000333595 3.97608e-06
7.38 0 0 0 0 -0.000332638 -8.97714e-06 -0.000332638 -8.97714e-06
7.39 0 0 0 0 -0.00033177 1.33219e-05 -0.00033177 1.33219e-05
7.4 0 0 0 0 -0.00033078 -1.67235e-05 -0.00033078 -1.67235e-05
7.41 0 0 0 0 -0.000329952 1.89258e-05 -0.000329952 1.89258e-05
7.42 0 0 0 0 -0.000328949 -1.97947e-05 -0.000328949 -1.97947e-05
7.43 0 0 0 0 -0.000328136 1.92543e-05 -0.000328136 1.92543e-05
7.44 0 0 0 0 -0.000327145 -1.73644e-05 -0.000327145 -1.73644e-05
7.45 0 0 0 0 -0.000326322 1.42441e-05 -0.000326322 1.42441e-05
7.46 0 0 0 0 -0.000325368 -1.01349e-05 -0.000325368 -1.01349e-05
7.47 0 0 0 0 -0.000324513 5.31173e-06 -0.000324513 5.31173e-06
7.48 0 0 0 0 -0.000323612 -1.35052e-07 -0.000323612 -1.35052e-07
7.49 0 0 0 0 -0.000322714 -5.04649e-06 -0.000322714 -5.04649e-06
7.5 0 0 0 0 -0.000321869 9.84912e-06 -0.000321869 9.84912e-06
7.51 0 0 0 0 -0.000320934 -1.39524e-05 -0.000320934 -1.39524e-05
7.52 0 0 0 0 -0.000320135 1.70507e-05 -0.000320135 1.70507e-05
7.53 0 0 0 0 -0.000319177 -1.89456e-05 -0.000319177 -1.89456e-05
7.54 0 0 0 0 -0.000318403 1.94886e-05 -0.000318403 1.94886e-05
7.55 0 0 0 0 -0.000317448 -1.86627e-05 -0.000317448 -1.86627e-05
7.56 0 0 0 0 -0.000316673 1.65121e-05 -0.000316673 1.65121e-05
7.57 0 0 0 0 -0.000315746 -1.32099e-05 -0.000315746 -1.32099e-05
7.58 0 0 0 0 -0.000314947 8.97468e-06 -0.000314947 8.97468e-06
7.59 0 0 0 0 -0.000314067 -4.12551e-06 -0.000314067 -4.12551e-06
7.6 0 0 0 0 -0.00031323 -1.01098e-06 -0.00031323 -1.01098e-06
7.61 0 0 0 0 -0.000312406 6.0539e-06 -0.000312406 6.0539e-06
7.62 0 0 0 0 -0.000311528 -1.06647e-05 -0.000311528 -1.06647e-05
7.63 0 0 0 0 -0.000310756 1.45017e-05 -0.000310756 1.45017e-05
7.64 0 0 0 0 -0.000309848 -1.73131e-05 -0.000309848 -1.73131e-05
7.65 0 0 0 0 -0.00030911 1.88859e-05 -0.00030911 1.88859e-05
7.66 0 0 0 0 -0.000308195 -1.91295e-05 -0.000308195 -1.91295e-05
7.67 0 0 0 0 -0.000307466 1.8013e-05 -0.000307466 1.8013e-05
7.68 0 0 0 0 -0.000306568 -1.5636e-05 -0.000306568 -1.5636e-05
7.69 0 0 0 0 -0.000305824 1.21525e-05 -0.000305824 1.21525e-05
7.7 0 0 0 0 -0.000304966 -7.82856e-06 -0.000304966 -7.82856e-06
7.71 0 0 0 0 -0.000304187 2.95462e-06 -0.000304187 2.95462e-06
7.72 0 0 0 0 -0.000303383 2.10665e-06 -0.000303383 2.10665e-06
7.73 0 0 0 0 -0.000302561 -7.01437e-06 -0.000302561 -7.01437e-06
7.74 0 0 0 0 -0.000301811 1.14054e-05 -0.000301811 1.14054e-05
7.75 0 0 0 0 -0.000300954 -1.4988e-05 -0.000300954 -1.4988e-05
7.76 0 0 0 0 -0.000300245 1.74944e-05 -0.000300245 1.74944e-05
7.77 0 0 0 0 -0.00029937 -1.87674e-05 -0.00029937 -1.87674e-05
7.78 0 0 0 0 -0.000298679 1.87033e-05 -0.000298679 1.87033e-05
7.79 0 0 0 0 -0.000297811 -1.73272e-05 -0.000297811 -1.73272e-05
7.8 0 0 0 0 -0.000297113 1.47228e-05 -0.000297113 1.47228e-05
7.81 0 0 0 0 -0.000296276 -1.10941e-05 -0.000296276 -1.10941e-05
7.82 0 0 0 0 -0.000295549 6.68309e-06 -0.000295549 6.68309e-06
7.83 0 0 0 0 -0.000294761 -1.82016e-06 -0.000294761 -1.82016e-06
7.84 0 0 0 0 -0.000293993 -3.16685e-06 -0.000293993 -3.16685e-06
7.85 0 0 0 0 -0.00029326 7.90885e-06 -0.00029326 7.90885e-06
7.86 0 0 0 0 -0.000292452 -1.20883e-05 -0.000292452 -1.20883e-05
7.87 0 0 0 0 -0.000291765 1.53949e-05 -0.000291765 1.53949e-05
7.88 0 0 0 0 -0.000290931 -1.76141e-05 -0.000290931 -1.76141e-05
7.89 0 0 0 0 -0.000290271 1.85756e-05 -0.000290271 1.85756e-05
7.9 0 0 0 0 -0.000289434 -1.82312e-05 -0.000289434 -1.82312e-05
7.91 0 0 0 0 -0.000288777 1.65923e-05 -0.000288777 1.65923e-05
7.92 0 0 0 0 -0.000287962 -1.37944e-05 -0.000287962 -1.37944e-05
7.93 0 0 0 0 -0.000287284 1.00217e-05 -0.000287284 1.00217e-05
7.94 0 0 0 0 -0.000286512 -5.55942e-06 -0.000286512 -5.55942e-06
7.95 0 0 0 0 -0.000285796 7.08229e-07 -0.000285796 7.08229e-07
7.96 0 0 0 0 -0.000285077 4.1721e-06 -0.000285077 4.1721e-06
7.97 0 0 0 0 -0.000284319 -8.75318e-06 -0.000284319 -8.75318e-06
7.98 0 0 0 0 -0.000283651 1.26961e-05 -0.000283651 1.26961e-05
7.99 0 0 0 0 -0.000282861 -1.57404e-05 -0.000282861 -1.57404e-05
8 0 0 0 0 -0.000282228 1.76574e-05 -0.000282228 1.76574e-05
8.01 0 0 0 0 -0.000281424 -1.83307e-05 -0.000281424 -1.83307e-05
8.02 0 0 0 0 -0.000280804 1.77001e-05 -0.000280804 1.77001e-05
8.03 0 0 0 0 -0.000280012 -1.58295e-05 -0.000280012 -1.58295e-05
8.04 0 0 0 0 -0.000279379 1.28382e-05 -0.000279379 1.28382e-05
8.05 0 0 0 0 -0.000278623 -8.95639e-06 -0.000278623 -8.95639e-06
8.06 0 0 0 0 -0.000277956 4.44449e-06 -0.000277956 4.44449e-06
8.07 0 0 0 0 -0.00027725 3.61383e-07 -0.00027725 3.61383e-07
8.08 0 0 0 0 -0.000276542 -5.13708e-06 -0.000276542 -5.13708e-06
8.09 0 0 0 0 -0.000275887 9.52964e-06 -0.000275887 9.52964e-06
8.1 0 0 0 0 -0.000275141 -1.32458e-05 -0.000275141 -1.32458e-05
8.11 0 0 0 0 -0.000274529 1.60092e-05 -0.000274529 1.60092e-05
8.12 0 0 0 0 -0.000273761 -1.76431e-05 -0.000273761 -1.76431e-05
8.13 0 0 0 0 -0.00027317 1.80192e-05 -0.00027317 1.80192e-05
8.14 0 0 0 0 -0.000272404 -1.71302e-05 -0.000272404 -1.71302e-05
8.15 0 0 0 0 -0.000271809 1.50263e-05 -0.000271809 1.50263e-05
8.16 0 0 0 0 -0.000271069 -1.1875e-05 -0.000271069 -1.1875e-05
8.17 0 0 0 0 -0.000270448 7.88583e-06 -0.000270448 7.88583e-06
8.18 0 0 0 0 -0.000269753 -3.35825e-06 -0.000269753 -3.35825e-06
8.19 0 0 0 0 -0.000269092 -1.40232e-06 -0.000269092 -1.40232e-06
8.2 0 0 0 0 -0.000268449 6.04361e-06 -0.000268449 6.04361e-06
8.21 0 0 0 0 -0.000267747 -1.02539e-05 -0.000267747 -1.02539e-05
8.22 0 0 0 0 -0.000267151 1.37215e-05 -0.000267151 1.37215e-05
8.23 0 0 0 0 -0.00026642 -1.62191e-05 -0.00026642 -1.62191e-05
8.24 0 0 0 0 -0.000265853 1.75575e-05 -0.000265853 1.75575e-05
8.25 0 0 0 0 -0.000265114 -1.76607e-05 -0.000265114 -1.76607e-05
8.26 0 0 0 0 -0.000264553 1.65093e-05 -0.000264553 1.65093e-05
8.27 0 0 0 0 -0.000263831 -1.42032e-05 -0.000263831 -1.42032e-05
8.28 0 0 0 0 -0.000263252 1.08929e-05 -0.000263252 1.08929e-05
8.29 0 0 0 0 -0.000262568 -6.82995e-06 -0.000262568 -6.82995e-06
8.3 0 0 0 0 -0.000261953 2.28794e-06 -0.000261953 2.28794e-06
8.31 0 0 0 0 -0.000261319 2.39602e-06 -0.000261319 2.39602e-06
8.32 0 0 0 0 -0.000260662 -6.90617e-06 -0.000260662 -6.90617e-06
8.33 0 0 0 0 -0.000260077 1.09094e-05 -0.000260077 1.09094e-05
8.34 0 0 0 0 -0.000259386 -1.41397e-05 -0.000259386 -1.41397e-05
8.35 0 0 0 0 -0.000258838 1.63558e-05 -0.000258838 1.63558e-05
8.36 0 0 0 0 -0.000258129 -1.74192e-05 -0.000258129 -1.74192e-05
8.37 0 0 0 0 -0.000257597 1.72427e-05 -0.000257597 1.72427e-05
8.38 0 0 0 0 -0.000256894 -1.58571e-05 -0.000256894 -1.58571e-05
8.39 0 0 0 0 -0.000256352 1.33484e-05 -0.000256352 1.33484e-05
8.4 0 0 0 0 -0.00025568 -9.91158e-06 -0.00025568 -9.91158e-06
8.41 0 0 0 0 -0.000255108 5.77668e-06 -0.000255108 5.77668e-06
8.42 0 0 0 0 -0.000254481 -1.25237e-06 -0.000254481 -1.25237e-06
8.43 0 0 0 0 -0.000253868 -3.35593e-06 -0.000253868 -3.35593e-06
8.44 0 0 0 0 -0.000253293 7.70781e-06 -0.000253293 7.70781e-06
8.45 0 0 0 0 -0.000252641 -1.15117e-05 -0.000252641 -1.15117e-05
8.46 0 0 0 0 -0.000252107 1.44856e-05 -0.000252107 1.44856e-05
8.47 0 0 0 0 -0.00025143 -1.64368e-05 -0.00025143 -1.64368e-05
8.48 0 0 0 0 -0.000250921 1.72153e-05 -0.000250921 1.72153e-05
8.49 0 0 0 0 -0.00025024 -1.67841e-05 -0.00025024 -1.67841e-05
8.5 0 0 0 0 -0.000249731 1.5162e-05 -0.000249731 1.5162e-05
8.51 0 0 0 0 -0.000249071 -1.24814e-05 -0.000249071 -1.24814e-05
8.52 0 0 0 0 -0.000248539 8.91962e-06 -0.000248539 8.91962e-06
8.53 0 0 0 0 -0.000247919 -4.74494e-06 -0.000247919 -4.74494e-06
8.54 0 0 0 0 -0.000247349 2.38999e-07 -0.000247349 2.38999e-07
8.55 0 0 0 0 -0.000246779 4.26467e-06 -0.000246779 4.26467e-06
8.56 0 0 0 0 -0.000246168 -8.46285e-06 -0.000246168 -8.46285e-06
8.57 0 0 0 0 -0.000245645 1.20454e-05 -0.000245645 1.20454e-05
8.58 0 0 0 0 -0.000245001 -1.47758e-05 -0.000245001 -1.47758e-05
8.59 0 0 0 0 -0.00024451 1.64489e-05 -0.00024451 1.64489e-05
8.6 0 0 0 0 -0.000243854 -1.69639e-05 -0.000243854 -1.69639e-05
8.61 0 0 0 0 -0.000243372 1.62732e-05 -0.000243372 1.62732e-05
8.62 0 0 0 0 -0.000242727 -1.4443e-05 -0.000242727 -1.4443e-05
8.63 0 0 0 0 -0.00024223 1.15911e-05 -0.00024223 1.15911e-05
8.64 0 0 0 0 -0.000241619 -7.93586e-06 -0.000241619 -7.93586e-06
8.65 0 0 0 0 -0.000241089 3.72294e-06 -0.000241089 3.72294e-06
8.66 0 0 0 0 -0.000240524 7.34477e-07 -0.000240524 7.34477e-07
8.67 0 0 0 0 -0.000239953 -5.13554e-06 -0.000239953 -5.13554e-06
8.68 0 0 0 0 -0.000239437 9.15548e-06 -0.000239437 9.15548e-06
8.69 0 0 0 0 -0.000238829 -1.25259e-05 -0.000238829 -1.25259e-05
8.7 0 0 0 0 -0.000238351 1.49964e-05 -0.000238351 1.49964e-05
8.71 0 0 0 0 -0.000237722 -1.64092e-05 -0.000237722 -1.64092e-05
8.72 0 0 0 0 -0.000237262 1.66532e-05 -0.000237262 1.66532e-05
8.73 0 0 0 0 -0.000236634 -1.57284e-05 -0.000236634 -1.57284e-05
8.74 0 0 0 0 -0.000236169 1.3689e-05 -0.000236169 1.3689e-05
8.75 0 0 0 0 -0.000235566 -1.06961e-05 -0.000235566 -1.06961e-05
8.76 0 0 0 0 -0.000235074 6.94908e-06 -0.000235074 6.94908e-06
8.77 0 0 0 0 -0.000234513 -2.72858e-06 -0.000234513 -2.72858e-06
8.78 0 0 0 0 -0.000233982 -1.68043e-06 -0.000233982 -1.68043e-06
8.79 0 0 0 0 -0.00023347 5.95227e-06 -0.00023347 5.95227e-06
8.8 0 0 0 0 -0.000232898 -9.79989e-06 -0.000232898 -9.79989e-06
8.81 0 0 0 0 -0.00023243 1.29389e-05 -0.00023243 1.29389e-05
8.82 0 0 0 0 -0.00023183 -1.51636e-05 -0.00023183 -1.51636e-05
8.83 0 0 0 0 -0.000231388 1.63054e-05 -0.000231388 1.63054e-05
8.84 0 0 0 0 -0.00023078 -1.63006e-05 -0.00023078 -1.63006e-05
8.85 0 0 0 0 -0.000230341 1.51387e-05 -0.000230341 1.51387e-05
8.86 0 0 0 0 -0.000229749 -1.29184e-05 -0.000229749 -1.29184e-05
8.87 0 0 0 0 -0.000229291 9.78552e-06 -0.000229291 9.78552e-06
8.88 0 0 0 0 -0.000228734 -5.97724e-06 -0.000228734 -5.97724e-06
8.89 0 0 0 0 -0.000228241 1.75027e-06 -0.000228241 1.75027e-06
8.9 0 0 0 0 -0.000227732 2.58222e-06 -0.000227732 2.58222e-06
8.91 0 0 0 0 -0.000227197 -6.72803e-06 -0.000227197 -6.72803e-06
8.92 0 0 0 0 -0.000226734 1.03813e-05 -0.000226734 1.03813e-05
8.93 0 0 0 0 -0.000226165 -1.32994e-05 -0.000226165 -1.32994e-05
8.94 0 0 0 0 -0.000225736 1.52646e-05 -0.000225736 1.52646e-05
8.95 0 0 0 0 -0.00022515 -1.61543e-05 -0.00022515 -1.61543e-05
8.96 0 0 0 0 -0.000224734 1.58951e-05 -0.000224734 1.58951e-05
8.97 0 0 0 0 -0.000224155 -1.45218e-05 -0.000224155 -1.45218e-05
8.98 0 0 0 0 -0.000223727 1.21206e-05 -0.000223727 1.21206e-05
8.99 0 0 0 0 -0.000223176 -8.87732e-06 -0.000223176 -8.87732e-06
9 0 0 0 0 -0.000222718 5.00938e-06 -0.000222718 5.00938e-06
9.01 0 0 0 0 -0.000222211 -8.04915e-07 -0.000222211 -8.04915e-07
9.02 0 0 0 0 -0.000221713 -3.45209e-06 -0.000221713 -3.45209e-06
9.03 0 0 0 0 -0.000221253 7.4476e-06 -0.000221253 7.4476e-06
9.04 0 0 0 0 -0.000220717 -1.09139e-05 -0.000220717 -1.09139e-05
9.05 0 0 0 0 -0.000220297 1.35943e-05 -0.000220297 1.35943e-05
9.06 0 0 0 0 -0.000219736 -1.53153e-05 -0.000219736 -1.53153e-05
9.07 0 0 0 0 -0.000219337 1.59445e-05 -0.000219337 1.59445e-05
9.08 0 0 0 0 -0.000218772 -1.54537e-05 -0.000218772 -1.54537e-05
9.09 0 0 0 0 -0.000218371 1.38672e-05 -0.000218371 1.38672e-05
9.1 0 0 0 0 -0.000217827 -1.13132e-05 -0.000217827 -1.13132e-05
9.11 0 0 0 0 -0.000217403 7.96097e-06 -0.000217403 7.96097e-06
9.12 0 0 0 0 -0.000216897 -4.06255e-06 -0.000216897 -4.06255e-06
9.13 0 0 0 0 -0.000216434 -1.18928e-07 -0.000216434 -1.18928e-07
9.14 0 0 0 0 -0.000215976 4.2744e-06 -0.000215976 4.2744e-06
9.15 0 0 0 0 -0.000215473 -8.12405e-06 -0.000215473 -8.12405e-06
9.16 0 0 0 0 -0.000215058 1.13838e-05 -0.000215058 1.13838e-05
9.17 0 0 0 0 -0.000214524 -1.38385e-05 -0.000214524 -1.38385e-05
9.18 0 0 0 0 -0.000214138 1.53038e-05 -0.000214138 1.53038e-05
9.19 0 0 0 0 -0.000213592 -1.56922e-05 -0.000213592 -1.56922e-05
9.2 0 0 0 0 -0.000213212 1.49659e-05 -0.000213212 1.49659e-05
9.21 0 0 0 0 -0.000212678 -1.31922e-05 -0.000212678 -1.31922e-05
9.22 0 0 0 0 -0.000212282 1.0486e-05 -0.000212282 1.0486e-05
9.23 0 0 0 0 -0.000211779 -7.05355e-06 -0.000211779 -7.05355e-06
9.24 0 0 0 0 -0.000211351 3.12598e-06 -0.000211351 3.12598e-06
9.25 0 0 0 0 -0.000210892 1.00529e-06 -0.000210892 1.00529e-06
9.26 0 0 0 0 -0.000210423 -5.06132e-06 -0.000210423 -5.06132e-06
9.27 0 0 0 0 -0.00021001 8.74315e-06 -0.00021001 8.74315e-06
9.28 0 0 0 0 -0.000209506 -1.1805e-05 -0.000209506 -1.1805e-05
9.29 0 0 0 0 -0.000209128 1.40196e-05 -0.000209128 1.40196e-05
9.3 0 0 0 0 -0.000208603 -1.52458e-05 -0.000208603 -1.52458e-05
9.31 0 0 0 0 -0.000208241 1.53868e-05 -0.000208241 1.53868e-05
9.32 0 0 0 0 -0.000207717 -1.44484e-05 -0.000207717 -1.44484e-05
9.33 0 0 0 0 -0.000207348 1.24868e-05 -0.000207348 1.24868e-05
9.34 0 0 0 0 -0.000206849 -9.65586e-06 -0.000206849 -9.65586e-06
9.35 0 0 0 0 -0.000206452 6.14478e-06 -0.000206452 6.14478e-06
9.36 0 0 0 0 -0.000205993 -2.21585e-06 -0.000205993 -2.21585e-06
9.37 0 0 0 0 -0.000205558 -1.86551e-06 -0.000205558 -1.86551e-06
9.38 0 0 0 0 -0.000205144 5.79816e-06 -0.000205144 5.79816e-06
9.39 0 0 0 0 -0.00020467 -9.31788e-06 -0.00020467 -9.31788e-06
9.4 0 0 0 0 -0.000204297 1.21647e-05 -0.000204297 1.21647e-05
9.41 0 0 0 0 -0.000203796 -1.41523e-05 -0.000203796 -1.41523e-05
9.42 0 0 0 0 -0.000203447 1.513e-05 -0.000203447 1.513e-05
9.43 0 0 0 0 -0.000202938 -1.50442e-05 -0.000202938 -1.50442e-05
9.44 0 0 0 0 -0.00020259 1.38911e-05 -0.00020259 1.38911e-05
9.45 0 0 0 0 -0.000202097 -1.17675e-05 -0.000202097 -1.17675e-05
9.46 0 0 0 0 -0.000201729 8.813e-06 -0.000201729 8.813e-06
9.47 0 0 0 0 -0.00020127 -5.25095e-06 -0.00020127 -5.25095e-06
9.48 0 0 0 0 -0.000200867 1.32151e-06 -0.000200867 1.32151e-06
9.49 0 0 0 0 -0.000200452 2.68453e-06 -0.000200452 2.68453e-06
9.5 0 0 0 0 -0.000200009 -6.497e-06 -0.000200009 -6.497e-06
9.51 0 0 0 0 -0.000199638 9.83491e-06 -0.000199638 9.83491e-06
9.52 0 0 0 0 -0.000199162 -1.24766e-05 -0.000199162 -1.24766e-05
9.53 0 0 0 0 -0.000198822 1.42251e-05 -0.000198822 1.42251e-05
9.54 0 0 0 0 -0.00019833 -1.49718e-05 -0.00019833 -1.49718e-05
9.55 0 0 0 0 -0.000198 1.46543e-05 -0.000198 1.46543e-05
9.56 0 0 0 0 -0.000197514 -1.33103e-05 -0.000197514 -1.33103e-05
9.57 0 0 0 0 -0.000197173 1.10246e-05 -0.000197173 1.10246e-05
9.58 0 0 0 0 -0.000196714 -7.97362e-06 -0.000196714 -7.97362e-06
9.59 0 0 0 0 -0.000196342 4.36196e-06 -0.000196342 4.36196e-06
9.6 0 0 0 0 -0.000195925 -4.58319e-07 -0.000195925 -4.58319e-07
9.61 0 0 0 0 -0.000195514 -3.47362e-06 -0.000195514 -3.47362e-06
9.62 0 0 0 0 -0.000195142 7.14406e-06 -0.000195142 7.14406e-06
9.63 0 0 0 0 -0.000194693 -1.03072e-05 -0.000194693 -1.03072e-05
9.64 0 0 0 0 -0.000194358 1.27288e-05 -0.000194358 1.27288e-05
9.65 0 0 0 0 -0.000193886 -1.42525e-05 -0.000193886 -1.42525e-05
9.66 0 0 0 0 -0.000193569 1.47608e-05 -0.000193569 1.47608e-05
9.67 0 0 0 0 -0.000193094 -1.42328e-05 -0.000193094 -1.42328e-05
9.68 0 0 0 0 -0.000192774 1.26962e-05 -0.000192774 1.26962e-05
9.69 0 0 0 0 -0.000192319 -1.02744e-05 -0.000192319 -1.02744e-05
9.7 0 0 0 0 -0.000191975 7.12804e-06 -0.000191975 7.12804e-06
9.71 0 0 0 0 -0.000191556 -3.49335e-06 -0.000191556 -3.49335e-06
9.72 0 0 0 0 -0.000191175 -3.84299e-07 -0.000191175 -3.84299e-07
9.73 0 0 0 0 -0.000190801 4.21858e-06 -0.000190801 4.21858e-06
9.74 0 0 0 0 -0.000190381 -7.75137e-06 -0.000190381 -7.75137e-06
9.75 0 0 0 0 -0.000190047 1.07221e-05 -0.000190047 1.07221e-05
9.76 0 0 0 0 -0.000189598 -1.2935e-05 -0.000189598 -1.2935e-05
9.77 0 0 0 0 -0.00018929 1.42237e-05 -0.00018929 1.42237e-05
9.78 0 0 0 0 -0.000188829 -1.4512e-05 -0.000188829 -1.4512e-05
9.79 0 0 0 0 -0.000188527 1.37699e-05 -0.000188527 1.37699e-05
9.8 0 0 0 0 -0.000188076 -1.20648e-05 -0.000188076 -1.20648e-05
9.81 0 0 0 0 -0.000187758 9.50718e-06 -0.000187758 9.50718e-06
9.82 0 0 0 0 -0.000187338 -6.29181e-06 -0.000187338 -6.29181e-06
9.83 0 0 0 0 -0.000186987 2.63513e-06 -0.000186987 2.63513e-06
9.84 0 0 0 0 -0.000186609 1.1918e-06 -0.000186609 1.1918e-06
9.85 0 0 0 0 -0.000186218 -4.93065e-06 -0.000186218 -4.93065e-06
9.86 0 0 0 0 -0.000185883 8.30598e-06 -0.000185883 8.30598e-06
9.87 0 0 0 0 -0.000185458 -1.10927e-05 -0.000185458 -1.10927e-05
9.88 0 0 0 0 -0.000185156 1.30838e-05 -0.000185156 1.30838e-05
9.89 0 0 0 0 -0.000184711 -1.4153e-05 -0.000184711 -1.4153e-05
9.9 0 0 0 0 -0.000184423 1.42154e-05 -0.000184423 1.42154e-05
9.91 0 0 0 0 -0.00018398 -1.3281e-05 -0.00018398 -1.3281e-05
9.92 0 0 0 0 -0.000183683 1.14066e-05 -0.000183683 1.14066e-05
9.93 0 0 0 0 -0.000183264 -8.73861e-06 -0.000183264 -8.73861e-06
9.94 0 0 0 0 -0.00018294 5.45543e-06 -0.00018294 5.45543e-06
9.95 0 0 0 0 -0.000182558 -1.80208e-06 -0.000182558 -1.80208e-06
9.96 0 0 0 0 -0.000182197 -1.97471e-06 -0.000182197 -1.97471e-06
9.97 0 0 0 0 -0.000181859 5.59641e-06 -0.000181859 5.59641e-06
9.98 0 0 0 0 -0.00018146 -8.81991e-06 -0.00018146 -8.81991e-06
9.99 0 0 0 0 -0.000181159 1.14071e-05 -0.000181159 1.14071e-05
10 0 0 0 0 -0.000180734 -1.3189e-05 -0.000180734 -1.3189e-05
10.01 0 0 0 0 -0.000180455 1.40302e-05 -0.000180455 1.40302e-05
10.02 0 0 0 0 -0.000180023 -1.38858e-05 -0.000180023 -1.38858e-05
10.03 0 0 0 0 -0.000179745 1.27567e-05 -0.000179745 1.27567e-05
10.04 0 0 0 0 -0.000179328 -1.07369e-05 -0.000179328 -1.07369e-05
10.05 0 0 0 0 -0.000179029 7.9594e-06 -0.000179029 7.9594e-06
10.06 0 0 0 0 -0.000178644 -4.63382e-06 -0.000178644 -4.63382e-06
10.07 0 0 0 0 -0.000178311 9.84244e-07 -0.000178311 9.84244e-07
10.08 0 0 0 0 -0.000114635 2.79568e-06 -0.000114635 2.79568e-06
10.09 0 0 0 0 0.000198402 -6.00369e-06 0.000198402 -6.00369e-06
10.1 0 0 0 0 0.000474506 9.14772e-06 0.000474506 9.14772e-06
10.11 0 0 0 0 0.000704227 -1.09595e-05 0.000704227 -1.09595e-05
10.12 0 0 0 0 0.000880428 1.29327e-05 0.000880428 1.29327e-05
10.13 0 0 0 0 0.000999289 -1.28491e-05 0.000999289 -1.28491e-05
10.14 0 0 0 0 0.00105925 1.31362e-05 0.00105925 1.31362e-05
10.15 0 0 0 0 0.00106202 -1.11487e-05 0.00106202 -1.11487e-05
10.16 0 0 0 0 0.00101115 9.73449e-06 0.00101115 9.73449e-06
10.17 0 0 0 0 0.000912845 -6.33726e-06 0.000912845 -6.33726e-06
10.18 0 0 0 0 0.000774555 3.69474e-06 0.000774555 3.69474e-06
10.19 0 0 0 0 0.000605279 2.40876e-07 0.000605279 2.40876e-07
10.2 0 0 0 0 0.000414634 -3.29847e-06 0.000414634 -3.29847e-06
10.21 0 0 0 0 0.000212519 6.75259e-06 0.000212519 6.75259e-06
10.22 0 0 0 0 8.81705e-06 -9.31173e-06 8.81705e-06 -9.31173e-06
10.23 0 0 0 0 -0.000187478 1.13874e-05 -0.000187478 1.13874e-05
10.24 0 0 0 0 -0.000367919 -1.26973e-05 -0.000367919 -1.26973e-05
10.25 0 0 0 0 -0.000525821 1.28607e-05 -0.000525821 1.28607e-05
10.26 0 0 0 0 -0.000655427 -1.25448e-05 -0.000655427 -1.25448e-05
10.27 0 0 0 0 -0.000753175 1.07686e-05 -0.000753175 1.07686e-05
10.28 0 0 0 0 -0.000816647 -8.92741e-06 -0.000816647 -8.92741e-06
10.29 0 0 0 0 -0.000845573 5.69749e-06 -0.000845573 5.69749e-06
10.3 0 0 0 0 -0.000840882 -2.87374e-06 -0.000840882 -2.87374e-06
10.31 0 0 0 0 -0.00080518 -9.41827e-07 -0.00080518 -9.41827e-07
10.32 0 0 0 0 -0.000742172 3.9226e-06 -0.000742172 3.9226e-06
10.33 0 0 0 0 -0.000656496 -7.30789e-06 -0.000656496 -7.30789e-06
10.34 0 0 0 0 -0.00055366 9.57577e-06 -0.00055366 9.57577e-06
10.35 0 0 0 0 -0.000439262 -1.16403e-05 -0.000439262 -1.16403e-05
10.36 0 0 0 0 -0.000319442 1.25301e-05 -0.000319442 1.25301e-05
10.37 0 0 0 0 -0.000199679 -1.27469e-05 -0.000199679 -1.27469e-05
10.38 0 0 0 0 -8.56e-05 1.19879e-05 -8.56e-05 1.19879e-05
10.39 0 0 0 0 1.83373e-05 -1.0332e-05 1.83373e-05 -1.0332e-05
10.4 0 0 0 0 0.000107937 8.12466e-06 0.000107937 8.12466e-06
10.41 0 0 0 0 0.000180365 -5.07469e-06 0.000180365 -5.07469e-06
10.42 0 0 0 0 0.00023342 2.03408e-06 0.00023342 2.03408e-06
10.43 0 0 0 0 0.000266134 1.56278e-06 0.000266134 1.56278e-06
10.44 0 0 0 0 0.000278442 -4.58072e-06 0.000278442 -4.58072e-06
10.45 0 0 0 0 0.00027114 7.7423e-06 0.00027114 7.7423e-06
10.46 0 0 0 0 0.000246053 -9.88258e-06 0.000246053 -9.88258e-06
10.47 0 0 0 0 0.000205358 1.17599e-05 0.000205358 1.17599e-05
10.48 0 0 0 0 0.000152212 -1.24097e-05 0.000152212 -1.24097e-05
10.49 0 0 0 0 8.96237e-05 1.2516e-05 8.96237e-05 1.2516e-05
10.5 0 0 0 0 2.13507e-05 -1.1478e-05 2.13507e-05 -1.1478e-05
10.51 0 0 0 0 -4.93741e-05 9.81687e-06 -4.93741e-05 9.81687e-06
10.52 0 0 0 0 -0.000118944 -7.36606e-06 -0.000118944 -7.36606e-06
10.53 0 0 0 0 -0.000184461 4.42398e-06 -0.000184461 4.42398e-06
10.54 0 0 0 0 -0.000243102 -1.23203e-06 -0.000243102 -1.23203e-06
10.55 0 0 0 0 -0.00029273 -2.16094e-06 -0.00029273 -2.16094e-06
10.56 0 0 0 0 -0.000331719 5.21213e-06 -0.000331719 5.21213e-06
10.57 0 0 0 0 -0.000358941 -8.11434e-06 -0.000358941 -8.11434e-06
10.58 0 0 0 0 -0.000374107 1.0178e-05 -0.000374107 1.0178e-05
10.59 0 0 0 0 -0.000377151 -1.17962e-05 -0.000377151 -1.17962e-05
10.6 0 0 0 0 -0.000369 1.22966e-05 -0.000369 1.22966e-05
10.61 0 0 0 0 -0.000350528 -1.22023e-05 -0.000350528 -1.22023e-05
10.62 0 0 0 0 -0.000323544 1.09951e-05 -0.000323544 1.09951e-05
10.63 0 0 0 0 -0.000289605 -9.23844e-06 -0.000289605 -9.23844e-06
10.64 0 0 0 0 -0.000250948 6.6512e-06 -0.000250948 6.6512e-06
10.65 0 0 0 0 -0.000209484 -3.74157e-06 -0.000209484 -3.74157e-06
10.66 0 0 0 0 -0.000167401 4.83765e-07 -0.000167401 4.83765e-07
10.67 0 0 0 0 -0.000126612 2.75613e-06 -0.000126612 2.75613e-06
10.68 0 0 0 0 -8.8858e-05 -5.78951e-06 -8.8858e-05 -5.78951e-06
10.69 0 0 0 0 -5.57419e-05 8.4544e-06 -5.57419e-05 8.4544e-06
10.7 0 0 0 0 -2.82947e-05 -1.04302e-05 -2.82947e-05 -1.04302e-05
10.71 0 0 0 0 -7.57981e-06 1.17838e-05 -7.57981e-06 1.17838e-05
10.72 0 0 0 0 6.16837e-06 -1.21606e-05 6.16837e-06 -1.21606e-05
10.73 0 0 0 0 1.25492e-05 1.18381e-05 1.25492e-05 1.18381e-05
10.74 0 0 0 0 1.20468e-05 -1.05154e-05 1.20468e-05 -1.05154e-05
10.75 0 0 0 0 4.92693e-06 8.62104e-06 4.92693e-06 8.62104e-06
10.76 0 0 0 0 -7.81181e-06 -5.96598e-06 -7.81181e-06 -5.96598e-06
10.77 0 0 0 0 -2.53432e-05 3.04058e-06 -2.53432e-05 3.04058e-06
10.78 0 0 0 0 -4.64257e-05 2.14329e-07 -4.64257e-05 2.14329e-07
10.79 0 0 0 0 -6.98628e-05 -3.3474e-06 -6.98628e-05 -3.3474e-06
10.8 0 0 0 0 -9.44447e-05 6.30703e-06 -9.44447e-05 6.30703e-06
10.81 0 0 0 0 -0.000118843 -8.77255e-06 -0.000118843 -8.77255e-06
10.82 0 0 0 0 -0.000142103 1.06262e-05 -0.000142103 1.06262e-05
10.83 0 0 0 0 -0.000163007 -1.17406e-05 -0.000163007 -1.17406e-05
10.84 0 0 0 0 -0.000180988 1.1985e-05 -0.000180988 1.1985e-05
10.85 0 0 0 0 -0.00019515 -1.14451e-05 -0.00019515 -1.14451e-05
10.86 0 0 0 0 -0.000205348 1.00217e-05 -0.000205348 1.00217e-05
10.87 0 0 0 0 -0.000211141 -7.98619e-06 -0.000211141 -7.98619e-06
10.88 0 0 0 0 -0.000212752 5.29524e-06 -0.000212752 5.29524e-06
10.89 0 0 0 0 -0.000210242 -2.33839e-06 -0.000210242 -2.33839e-06
10.9 0 0 0 0 -0.000204085 -8.73355e-07 -0.000204085 -8.73355e-07
10.91 0 0 0 0 -0.000194797 3.92411e-06 -0.000194797 3.92411e-06
10.92 0 0 0 0 -0.00018296 -6.77078e-06 -0.00018296 -6.77078e-06
10.93 0 0 0 0 -0.000169411 9.06585e-06 -0.000169411 9.06585e-06
10.94 0 0 0 0 -0.000154714 -1.07672e-05 -0.000154714 -1.07672e-05
10.95 0 0 0 0 -0.000139841 1.1671e-05 -0.000139841 1.1671e-05
10.96 0 0 0 0 -0.000125242 -1.17666e-05 -0.000125242 -1.17666e-05
10.97 0 0 0 0 -0.000111826 1.10329e-05 -0.000111826 1.10329e-05
10.98 0 0 0 0 -9.98771e-05 -9.5076e-06 -9.98771e-05 -9.5076e-06
10.99 0 0 0 0 -9.00677e-05 7.34611e-06 -9.00677e-05 7.34611e-06
11 0 0 0 0 -8.25157e-05 -4.63104e-06 -8.25157e-05 -4.63104e-06
11.01 0 0 0 0 -7.75384e-05 1.64705e-06 -7.75384e-05 1.64705e-06
11.02 0 0 0 0 -7.51155e-05 1.50143e-06 -7.51155e-05 1.50143e-06
11.03 0 0 0 0 -7.51744e-05 -4.47681e-06 -7.51744e-05 -4.47681e-06
11.04 0 0 0 0 -7.76008e-05 7.18778e-06 -7.76008e-05 7.18778e-06
11.05 0 0 0 0 -8.19789e-05 -9.3291e-06 -8.19789e-05 -9.3291e-06
11.06 0 0 0 0 -8.81438e-05 1.0858e-05 -8.81438e-05 1.0858e-05
11.07 0 0 0 0 -9.54518e-05 -1.15744e-05 -9.54518e-05 -1.15744e-05
11.08 0 0 0 0 -0.00010372 1.15076e-05 -0.00010372 1.15076e-05
11.09 0 0 0 0 -0.000112233 -1.06055e-05 -0.000112233 -1.06055e-05
11.1 0 0 0 0 -0.000120808 8.97243e-06 -0.000120808 8.97243e-06
11.11 0 0 0 0 -0.000128816 -6.70767e-06 -0.000128816 -6.70767e-06
11.12 0 0 0 0 -0.000136081 3.96992e-06 -0.000136081 3.96992e-06
11.13 0 0 0 0 -0.000142191 -9.74676e-07 -0.000142191 -9.74676e-07
11.14 0 0 0 0 -0.00014698 -2.10412e-06 -0.00014698 -2.10412e-06
11.15 0 0 0 0 -0.000150322 4.99783e-06 -0.000150322 4.99783e-06
11.16 0 0 0 0 -0.00015207 -7.56478e-06 -0.00015207 -7.56478e-06
11.17 0 0 0 0 -0.000152384 9.55645e-06 -0.000152384 9.55645e-06
11.18 0 0 0 0 -0.000151149 -1.09055e-05 -0.000151149 -1.09055e-05
11.19 0 0 0 0 -0.00014875 1.14476e-05 -0.00014875 1.14476e-05
11.2 0 0 0 0 -0.000145124 -1.12139e-05 -0.000145124 -1.12139e-05
11.21 0 0 0 0 -0.000140769 1.01622e-05 -0.000140769 1.01622e-05
11.22 0 0 0 0 -0.000135698 -8.4204e-06 -0.000135698 -8.4204e-06
11.23 0 0 0 0 -0.000130397 6.07231e-06 -0.000130397 6.07231e-06
11.24 0 0 0 0 -0.000124964 -3.31378e-06 -0.000124964 -3.31378e-06
11.25 0 0 0 0 -0.00011976 3.23934e-07 -0.00011976 3.23934e-07
11.26 0 0 0 0 -0.00011497 2.68197e-06 -0.00011497 2.68197e-06
11.27 0 0 0 0 -0.000110755 -5.48435e-06 -0.000110755 -5.48435e-06
11.28 0 0 0 0 -0.000107361 7.90447e-06 -0.000107361 7.90447e-06
11.29 0 0 0 0 -0.000104733 -9.74574e-06 -0.000104733 -9.74574e-06
11.3 0 0 0 0 -0.000103132 1.09139e-05 -0.000103132 1.09139e-05
11.31 0 0 0 0 -0.000102326 -1.12897e-05 -0.000102326 -1.12897e-05
11.32 0 0 0 0 -0.000102535 1.089e-05 -0.000102535 1.089e-05
11.33 0 0 0 0 -0.000103427 -9.7032e-06 -0.000103427 -9.7032e-06
11.34 0 0 0 0 -0.000105132 7.85527e-06 -0.000105132 7.85527e-06
11.35 0 0 0 0 -0.00010731 -5.44137e-06 -0.00010731 -5.44137e-06
11.36 0 0 0 0 -0.000109962 2.66481e-06 -0.000109962 2.66481e-06
11.37 0 0 0 0 -0.000112834 3.03317e-07 -0.000112834 3.03317e-07
11.38 0 0 0 0 -0.00011579 -3.23491e-06 -0.00011579 -3.23491e-06
11.39 0 0 0 0 -0.000118715 5.93449e-06 -0.000118715 5.93449e-06
11.4 0 0 0 0 -0.000121361 -8.20897e-06 -0.000121361 -8.20897e-06
11.41 0 0 0 0 -0.000123771 9.89547e-06 -0.000123771 9.89547e-06
11.42 0 0 0 0 -0.000125635 -1.0887e-05 -0.000125635 -1.0887e-05
11.43 0 0 0 0 -0.000127127 1.10996e-05 -0.000127127 1.10996e-05
11.44 0 0 0 0 -0.000127947 -1.05407e-05 -0.000127947 -1.05407e-05
11.45 0 0 0 0 -0.000128336 9.22811e-06 -0.000128336 9.22811e-06
11.46 0 0 0 0 -0.000128076 -7.2819e-06 -0.000128076 -7.2819e-06
11.47 0 0 0 0 -0.000127401 4.81455e-06 -0.000127401 4.81455e-06
11.48 0 0 0 0 -0.000126231 -2.02696e-06 -0.000126231 -2.02696e-06
11.49 0 0 0 0 -0.000124721 -9.07505e-07 -0.000124721 -9.07505e-07
11.5 0 0 0 0 -0.000122951 3.76062e-06 -0.000122951 3.76062e-06
11.51 0 0 0 0 -0.000120961 -6.34906e-06 -0.000120961 -6.34906e-06
11.52 0 0 0 0 -0.000118969 8.47781e-06 -0.000118969 8.47781e-06
11.53 0 0 0 0 -0.000116896 -1.0007e-05 -0.000116896 -1.0007e-05
11.54 0 0 0 0 -0.000115047 1.0826e-05 -0.000115047 1.0826e-05
11.55 0 0 0 0 -0.000113255 -1.08791e-05 -0.000113255 -1.08791e-05
11.56 0 0 0 0 -0.000111838 1.01685e-05 -0.000111838 1.01685e-05
11.57 0 0 0 0 -0.000110594 -8.73873e-06 -0.000110594 -8.73873e-06
11.58 0 0 0 0 -0.000109776 6.70295e-06 -0.000109776 6.70295e-06
11.59 0 0 0 0 -0.000109213 -4.1934e-06 -0.000109213 -4.1934e-06
11.6 0 0 0 0 -0.000109029 1.40231e-06 -0.000109029 1.40231e-06
11.61 0 0 0 0 -0.000109137 1.48768e-06 -0.000109137 1.48768e-06
11.62 0 0 0 0 -0.000109501 -4.25819e-06 -0.000109501 -4.25819e-06
11.63 0 0 0 0 -0.000110145 6.7279e-06 -0.000110145 6.7279e-06
11.64 0 0 0 0 -0.000110885 -8.71163e-06 -0.000110885 -8.71163e-06
11.65 0 0 0 0 -0.000111847 1.00808e-05 -0.000111847 1.00808e-05
11.66 0 0 0 0 -0.000112748 -1.07331e-05 -0.000112748 -1.07331e-05
11.67 0 0 0 0 -0.000113776 1.06292e-05 -0.000113776 1.06292e-05
11.68 0 0 0 0 -0.000114623 -9.7764e-06 -0.000114623 -9.7764e-06
11.69 0 0 0 0 -0.000115484 8.23609e-06 -0.000115484 8.23609e-06
11.7 0 0 0 0 -0.000116105 -6.12179e-06 -0.000116105 -6.12179e-06
11.71 0 0 0 0 -0.000116626 3.57852e-06 -0.000116626 3.57852e-06
11.72 0 0 0 0 -0.000116914 -7.93837e-07 -0.000116914 -7.93837e-07
11.73 0 0 0 0 -0.000117009 -2.0441e-06 -0.000117009 -2.0441e-06
11.74 0 0 0 0 -0.00011693 4.72565e-06 -0.00011693 4.72565e-06
11.75 0 0 0 0 -0.000116606 -7.0723e-06 -0.000116606 -7.0723e-06
11.76 0 0 0 0 -0.000116198 8.9097e-06 -0.000116198 8.9097e-06
11.77 0 0 0 0 -0.000115542 -1.01191e-05 -0.000115542 -1.01191e-05
11.78 0 0 0 0 -0.000114895 1.06086e-05 -0.000114895 1.06086e-05
11.79 0 0 0 0 -0.000114047 -1.03527e-05 -0.000114047 -1.03527e-05
11.8 0 0 0 0 -0.000113281 9.36561e-06 -0.000113281 9.36561e-06
11.81 0 0 0 0 -0.000112401 -7.72304e-06 -0.000112401 -7.72304e-06
11.82 0 0 0 0 -0.000111641 5.53988e-06 -0.000111641 5.53988e-06
11.83 0 0 0 0 -0.000110875 -2.9722e-06 -0.000110875 -2.9722e-06
11.84 0 0 0 0 -0.000110228 2.0258e-07 -0.000110228 2.0258e-07
11.85 0 0 0 0 -0.000109682 2.57541e-06 -0.000109682 2.57541e-06
11.86 0 0 0 0 -0.000109221 -5.16285e-06 -0.000109221 -5.16285e-06
11.87 0 0 0 0 -0.000108943 7.38205e-06 -0.000108943 7.38205e-06
11.88 0 0 0 0 -0.000108697 -9.07298e-06 -0.000108697 -9.07298e-06
11.89 0 0 0 0 -0.000108676 1.01229e-05 -0.000108676 1.01229e-05
11.9 0 0 0 0 -0.000108638 -1.04545e-05 -0.000108638 -1.04545e-05
11.91 0 0 0 0 -0.000108813 1.0051e-05 -0.000108813 1.0051e-05
11.92 0 0 0 0 -0.000108936 -8.93869e-06 -0.000108936 -8.93869e-06
11.93 0 0 0 0 -0.000109215 7.20111e-06 -0.000109215 7.20111e-06
11.94 0 0 0 0 -0.000109434 -4.9598e-06 -0.000109434 -4.9598e-06
11.95 0 0 0 0 -0.000109717 2.37549e-06 -0.000109717 2.37549e-06
11.96 0 0 0 0 -0.000109956 3.69376e-07 -0.000109956 3.69376e-07
11.97 0 0 0 0 -0.000110155 -3.08154e-06 -0.000110155 -3.08154e-06
11.98 0 0 0 0 -0.000110343 5.56859e-06 -0.000110343 5.56859e-06
11.99 0 0 0 0 -0.000110402 -7.65822e-06 -0.000110402 -7.65822e-06
12 0 0 0 0 -0.000110484 9.2013e-06 -0.000110484 9.2013e-06
12.01 0 0 0 0 -0.000110382 -1.00941e-05 -0.000110382 -1.00941e-05
12.02 0 0 0 0 -0.000110328 1.02715e-05 -0.000110328 1.02715e-05
12.03 0 0 0 0 -0.000110082 -9.72702e-06 -0.000110082 -9.72702e-06
12.04 0 0 0 0 -0.000109889 8.4968e-06 -0.000109889 8.4968e-06
12.05 0 0 0 0 -0.000109542 -6.67318e-06 -0.000109542 -6.67318e-06
12.06 0 0 0 0 -0.000109232 4.38262e-06 -0.000109232 4.38262e-06
12.07 0 0 0 0 -0.000108841 -1.79079e-06 -0.000108841 -1.79079e-06
12.08 0 0 0 0 -0.000108456 -9.2154e-07 -0.000108456 -9.2154e-07
12.09 0 0 0 0 -0.000108079 3.56102e-06 -0.000108079 3.56102e-06
12.1 0 0 0 0 -0.00010767 -5.9433e-06 -0.00010767 -5.9433e-06
12.11 0 0 0 0 -0.000107353 7.90051e-06 -0.000107353 7.90051e-06
12.12 0 0 0 0 -0.000106972 -9.29607e-06 -0.000106972 -9.29607e-06
12.13 0 0 0 0 -0.00010674 1.00335e-05 -0.00010674 1.00335e-05
12.14 0 0 0 0 -0.00010643 -1.00618e-05 -0.00010643 -1.00618e-05
12.15 0 0 0 0 -0.000106286 9.38201e-06 -0.000106286 9.38201e-06
12.16 0 0 0 0 -0.000106074 -8.04247e-06 -0.000106074 -8.04247e-06
12.17 0 0 0 0 -0.000106001 6.1407e-06 -0.000106001 6.1407e-06
12.18 0 0 0 0 -0.000105893 -3.8107e-06 -0.000105893 -3.8107e-06
12.19 0 0 0 0 -0.000105863 1.21903e-06 -0.000105863 1.21903e-06
12.2 0 0 0 0 -0.000105845 1.45222e-06 -0.000105845 1.45222e-06
12.21 0 0 0 0 -0.000105827 -4.01385e-06 -0.000105827 -4.01385e-06
12.22 0 0 0 0 -0.000105867 6.28624e-06 -0.000105867 6.28624e-06
12.23 0 0 0 0 -0.000105833 -8.10997e-06 -0.000105833 -8.10997e-06
12.24 0 0 0 0 -0.000105891 9.35753e-06 -0.000105891 9.35753e-06
12.25 0 0 0 0 -0.000105822 -9.94316e-06 -0.000105822 -9.94316e-06
12.26 0 0 0 0 -0.000105857 9.82641e-06 -0.000105857 9.82641e-06
12.27 0 0 0 0 -0.000105749 -9.0186e-06 -0.000105749 -9.0186e-06
12.28 0 0 0 0 -0.000105725 7.57693e-06 -0.000105725 7.57693e-06
12.29 0 0 0 0 -0.000105582 -5.60629e-06 -0.000105582 -5.60629e-06
12.3 0 0 0 0 -0.000105481 3.24503e-06 -0.000105481 3.24503e-06
12.31 0 0 0 0 -0.000105315 -6.62354e-07 -0.000105315 -6.62354e-07
12.32 0 0 0 0 -0.000105134 -1.96114e-06 -0.000105134 -1.96114e-06
12.33 0 0 0 0 -0.000104958 4.43877e-06 -0.000104958 4.43877e-06
12.34 0 0 0 0 -0.000104713 -6.59811e-06 -0.000104713 -6.59811e-06
12.35 0 0 0 0 -0.000104539 8.28642e-06 -0.000104539 8.28642e-06
12.36 0 0 0 0 -0.000104258 -9.38733e-06 -0.000104258 -9.38733e-06
12.37 0 0 0 0 -0.000104092 9.82377e-06 -0.000104092 9.82377e-06
12.38 0 0 0 0 -0.000103811 -9.56759e-06 -0.000103811 -9.56759e-06
12.39 0 0 0 0 -0.000103654 8.63804e-06 -0.000103654 8.63804e-06
12.4 0 0 0 0 -0.000103405 -7.10274e-06 -0.000103405 -7.10274e-06
12.41 0 0 0 0 -0.000103256 5.07119e-06 -0.000103256 5.07119e-06
12.42 0 0 0 0 -0.000103063 -2.68782e-06 -0.000103063 -2.68782e-06
12.43 0 0 0 0 -0.000102918 1.21457e-07 -0.000102918 1.21457e-07
12.44 0 0 0 0 -0.000102789 2.44682e-06 -0.000102789 2.44682e-06
12.45 0 0 0 0 -0.000102645 -4.83599e-06 -0.000102645 -4.83599e-06
12.46 0 0 0 0 -0.000102575 6.87841e-06 -0.000102575 6.87841e-06
12.47 0 0 0 0 -0.000102432 -8.43107e-06 -0.000102432 -8.43107e-06
12.48 0 0 0 0 -0.000102402 9.38592e-06 -0.000102402 9.38592e-06
12.49 0 0 0 0 -0.000102263 -9.67738e-06 -0.000102263 -9.67738e-06
12.5 0 0 0 0 -0.000102245 9.28645e-06 -0.000102245 9.28645e-06
12.51 0 0 0 0 -0.000102114 -8.2428e-06 -0.000102114 -8.2428e-06
12.52 0 0 0 0 -0.000102081 6.62114e-06 -0.000102081 6.62114e-06
12.53 0 0 0 0 -0.000101962 -4.53781e-06 -0.000101962 -4.53781e-06
12.54 0 0 0 0 -0.000101891 2.13998e-06 -0.000101891 2.13998e-06
12.55 0 0 0 0 -0.000101785 4.01814e-07 -0.000101785 4.01814e-07
12.56 0 0 0 0 -0.000101665 -2.90916e-06 -0.000101665 -2.90916e-06
12.57 0 0 0 0 -0.000101571 5.20457e-06 -0.000101571 5.20457e-06
12.58 0 0 0 0 -0.000101403 -7.12801e-06 -0.000101403 -7.12801e-06
12.59 0 0 0 0 -0.000101313 8.54395e-06 -0.000101313 8.54395e-06
12.6 0 0 0 0 -0.000101111 -9.35507e-06 -0.000101111 -9.35507e-06
12.61 0 0 0 0 -0.000101017 9.50481e-06 -0.000101017 9.50481e-06
12.62 0 0 0 0 -0.000100802 -8.98534e-06 -0.000100802 -8.98534e-06
12.63 0 0 0 0 -0.000100694 7.83408e-06 -0.000100694 7.83408e-06
12.64 0 0 0 0 -0.000100489 -6.13459e-06 -0.000100489 -6.13459e-06
12.65 0 0 0 0 -0.00010036 4.00722e-06 -0.00010036 4.00722e-06
12.66 0 0 0 0 -0.000100184 -1.60356e-06 -0.000100184 -1.60356e-06
12.67 0 0 0 0 -0.000100031 -9.06987e-07 -0.000100031 -9.06987e-07
12.68 0 0 0 0 -9.98954e-05 3.34688e-06 -9.98954e-05 3.34688e-06
12.69 0 0 0 0 -9.97236e-05 -5.54492e-06 -9.97236e-05 -5.54492e-06
12.7 0 0 0 0 -9.9627e-05 7.34659e-06 -9.9627e-05 7.34659e-06
12.71 0 0 0 0 -9.94458e-05 -8.62642e-06 -9.94458e-05 -8.62642e-06
12.72 0 0 0 0 -9.93776e-05 9.29534e-06 -9.93776e-05 9.29534e-06
12.73 0 0 0 0 -9.92003e-05 -9.30815e-06 -9.92003e-05 -9.30815e-06
12.74 0 0 0 0 -9.91431e-05 8.66537e-06 -9.91431e-05 8.66537e-06
12.75 0 0 0 0 -9.8983e-05 -7.4143e-06 -9.8983e-05 -7.4143e-06
12.76 0 0 0 0 -9.89174e-05 5.64426e-06 -9.89174e-05 5.64426e-06
12.77 0 0 0 0 -9.87843e-05 -3.48165e-06 -9.87843e-05 -3.48165e-06
12.78 0 0 0 0 -9.86945e-05 1.07931e-06 -9.86945e-05 1.07931e-06
12.79 0 0 0 0 -9.85916e-05 1.39247e-06 -9.85916e-05 1.39247e-06
12.8 0 0 0 0 -9.84696e-05 -3.76004e-06 -9.84696e-05 -3.76004e-06
12.81 0 0 0 0 -9.83925e-05 5.85635e-06 -9.83925e-05 5.85635e-06
12.82 0 0 0 0 -9.82396e-05 -7.53517e-06 -9.82396e-05 -7.53517e-06
12.83 0 0 0 0 -9.81772e-05 8.67871e-06 -9.81772e-05 8.67871e-06
12.84 0 0 0 0 -9.80034e-05 -9.20857e-06 -9.80034e-05 -9.20857e-06
12.85 0 0 0 0 -9.79404e-05 9.08832e-06 -9.79404e-05 9.08832e-06
12.86 0 0 0 0 -9.77612e-05 -8.32887e-06 -9.77612e-05 -8.32887e-06
12.87 0 0 0 0 -9.76823e-05 6.98462e-06 -9.76823e-05 6.98462e-06
12.88 0 0 0 0 -9.75144e-05 -5.15248e-06 -9.75144e-05 -5.15248e-06
12.89 0 0 0 0 -9.74081e-05 2.96202e-06 -9.74081e-05 2.96202e-06
12.9 0 0 0 0 -9.72642e-05 -5.69085e-07 -9.72642e-05 -5.69085e-07
12.91 0 0 0 0 -9.71263e-05 -1.85799e-06 -9.71263e-05 -1.85799e-06
12.92 0 0 0 0 -9.70122e-05 4.14758e-06 -9.70122e-05 4.14758e-06
12.93 0 0 0 0 -9.68468e-05 -6.13948e-06 -9.68468e-05 -6.13948e-06
12.94 0 0 0 0 -9.67595e-05 7.69363e-06 -9.67595e-05 7.69363e-06
12.95 0 0 0 0 -9.65781e-05 -8.70232e-06 -9.65781e-05 -8.70232e-06
12.96 0 0 0 0 -9.65074e-05 9.09544e-06 -9.65074e-05 9.09544e-06
12.97 0 0 0 0 -9.63258e-05 -8.84743e-06 -9.63258e-05 -8.84743e-06
12.98 0 0 0 0 -9.6257e-05 7.97694e-06 -9.6257e-05 7.97694e-06
12.99 0 0 0 0 -9.60915e-05 -6.54735e-06 -9.60915e-05 -6.54735e-06
13 0 0 0 0 -9.60097e-05 4.66033e-06 -9.60097e-05 4.66033e-06
13.01 0 0 0 0 -9.58723e-05 -2.45038e-06 -9.58723e-05 -2.45038e-06
13.02 0 0 0 0 -9.57669e-05 7.3458e-08 -9.57669e-05 7.3458e-08
13.03 0 0 0 0 -9.56625e-05 2.30217e-06 -9.56625e-05 2.30217e-06
13.04 0 0 0 0 -9.55299e-05 -4.50977e-06 -9.55299e-05 -4.50977e-06
13.05 0 0 0 0 -9.54546e-05 6.39383e-06 -9.54546e-05 6.39383e-06
13.06 0 0 0 0 -9.52992e-05 -7.82311e-06 -9.52992e-05 -7.82311e-06
13.07 0 0 0 0 -9.52416e-05 8.69763e-06 -9.52416e-05 8.69763e-06
13.08 0 0 0 0 -9.50745e-05 -8.95784e-06 -9.50745e-05 -8.95784e-06
13.09 0 0 0 0 -9.50187e-05 8.58644e-06 -9.50187e-05 8.58644e-06
13.1 0 0 0 0 -9.48544e-05 -7.61184e-06 -9.48544e-05 -7.61184e-06
13.11 0 0 0 0 -9.47841e-05 6.10362e-06 -9.47841e-05 6.10362e-06
13.12 0 0 0 0 -9.46364e-05 -4.16997e-06 -9.46364e-05 -4.16997e-06
13.13 0 0 0 0 -9.45394e-05 1.94751e-06 -9.45394e-05 1.94751e-06
13.14 0 0 0 0 -9.44174e-05 4.05923e-07 -9.44174e-05 4.05923e-07
13.15 0 0 0 0 -9.42889e-05 -2.72494e-06 -9.42889e-05 -2.72494e-06
13.16 0 0 0 0 -9.41944e-05 4.84575e-06 -9.41944e-05 4.84575e-06
13.17 0 0 0 0 -9.40383e-05 -6.6202e-06 -9.40383e-05 -6.6202e-06
13.18 0 0 0 0 -9.39655e-05 7.92367e-06 -9.39655e-05 7.92367e-06
13.19 0 0 0 0 -9.3793e-05 -8.66623e-06 -9.3793e-05 -8.66623e-06
13.2 0 0 0 0 -9.373e-05 8.79651e-06 -9.373e-05 8.79651e-06
13.21 0 0 0 0 -9.3557e-05 -8.30749e-06 -9.3557e-05 -8.30749e-06
13.22 0 0 0 0 -9.34891e-05 7.23467e-06 -9.34891e-05 7.23467e-06
13.23 0 0 0 0 -9.33314e-05 -5.65565e-06 -9.33314e-05 -5.65565e-06
13.24 0 0 0 0 -9.32455e-05 3.68237e-06 -9.32455e-05 3.68237e-06
13.25 0 0 0 0 -9.31149e-05 -1.45529e-06 -9.31149e-05 -1.45529e-06
13.26 0 0 0 0 -9.30032e-05 -8.68657e-07 -9.30032e-05 -8.68657e-07
13.27 0 0 0 0 -9.2904e-05 3.12513e-06 -9.2904e-05 3.12513e-06
13.28 0 0 0 0 -9.27658e-05 -5.15596e-06 -9.27658e-05 -5.15596e-06
13.29 0 0 0 0 -9.2694e-05 6.8183e-06 -9.2694e-05 6.8183e-06
13.3 0 0 0 0 -9.25365e-05 -7.99658e-06 -9.25365e-05 -7.99658e-06
13.31 0 0 0 0 -9.24807e-05 8.60864e-06 -9.24807e-05 8.60864e-06
13.32 0 0 0 0 -9.23165e-05 -8.61339e-06 -9.23165e-05 -8.61339e-06
13.33 0 0 0 0 -9.22612e-05 8.01155e-06 -9.22612e-05 8.01155e-06
13.34 0 0 0 0 -9.21049e-05 -6.84762e-06 -9.21049e-05 -6.84762e-06
13.35 0 0 0 0 -9.20348e-05 5.20446e-06 -9.20348e-05 5.20446e-06
13.36 0 0 0 0 -9.18991e-05 -3.19953e-06 -9.18991e-05 -3.19953e-06
13.37 0 0 0 0 -9.18032e-05 9.74353e-07 -9.18032e-05 9.74353e-07
13.38 0 0 0 0 -9.16951e-05 1.31331e-06 -9.16951e-05 1.31331e-06
13.39 0 0 0 0 -9.15695e-05 -3.50283e-06 -9.15695e-05 -3.50283e-06
13.4 0 0 0 0 -9.14884e-05 5.43978e-06 -9.14884e-05 5.43978e-06
13.41 0 0 0 0 -9.13378e-05 -6.98905e-06 -9.13378e-05 -6.98905e-06
13.42 0 0 0 0 -9.12758e-05 8.04206e-06 -9.12758e-05 8.04206e-06
13.43 0 0 0 0 -9.11115e-05 -8.52652e-06 -9.11115e-05 -8.52652e-06
13.44 0 0 0 0 -9.10554e-05 8.40929e-06 -9.10554e-05 8.40929e-06
13.45 0 0 0 0 -9.08928e-05 -7.70074e-06 -9.08928e-05 -7.70074e-06
13.46 0 0 0 0 -9.08278e-05 6.45174e-06 -9.08278e-05 6.45174e-06
13.47 0 0 0 0 -9.06815e-05 -4.75217e-06 -9.06815e-05 -4.75217e-06
13.48 0 0 0 0 -9.05955e-05 2.72229e-06 -9.05955e-05 2.72229e-06
13.49 0 0 0 0 -9.04758e-05 -5.06374e-07 -9.04758e-05 -5.06374e-07
13.5 0 0 0 0 -9.03626e-05 -1.73965e-06 -9.03626e-05 -1.73965e-06
13.51 0 0 0 0 -9.02724e-05 3.85709e-06 -9.02724e-05 3.85709e-06
13.52 0 0 0 0 -9.01333e-05 -5.69778e-06 -9.01333e-05 -5.69778e-06
13.53 0 0 0 0 -9.00676e-05 7.13237e-06 -9.00676e-05 7.13237e-06
13.54 0 0 0 0 -8.99114e-05 -8.06146e-06 -8.99114e-05 -8.06146e-06
13.55 0 0 0 0 -8.98584e-05 8.42048e-06 -8.98584e-05 8.42048e-06
13.56 0 0 0 0 -8.96987e-05 -8.18616e-06 -8.96987e-05 -8.18616e-06
13.57 0 0 0 0 -8.96435e-05 7.37603e-06 -8.96435e-05 7.37603e-06
13.58 0 0 0 0 -8.94948e-05 -6.04914e-06 -8.94948e-05 -6.04914e-06
13.59 0 0 0 0 -8.94232e-05 4.29971e-06 -8.94232e-05 4.29971e-06
13.6 0 0 0 0 -8.92974e-05 -2.2525e-06 -8.92974e-05 -2.2525e-06
13.61 0 0 0 0 -8.91999e-05 5.18472e-08 -8.91999e-05 5.18472e-08
13.62 0 0 0 0 -8.91024e-05 2.14644e-06 -8.91024e-05 2.14644e-06
13.63 0 0 0 0 -8.8977e-05 -4.18817e-06 -8.8977e-05 -4.18817e-06
13.64 0 0 0 0 -8.89056e-05 5.92954e-06 -8.89056e-05 5.92954e-06
13.65 0 0 0 0 -8.8758e-05 -7.2493e-06 -8.8758e-05 -7.2493e-06
13.66 0 0 0 0 -8.87034e-05 8.05515e-06 -8.87034e-05 8.05515e-06
13.67 0 0 0 0 -8.85456e-05 -8.29224e-06 -8.85456e-05 -8.29224e-06
13.68 0 0 0 0 -8.84939e-05 7.94485e-06 -8.84939e-05 7.94485e-06
13.69 0 0 0 0 -8.83407e-05 -7.03949e-06 -8.83407e-05 -7.03949e-06
13.7 0 0 0 0 -8.82774e-05 5.64082e-06 -8.82774e-05 5.64082e-06
13.71 0 0 0 0 -8.81423e-05 -3.84907e-06 -8.81423e-05 -3.84907e-06
13.72 0 0 0 0 -8.80563e-05 1.79086e-06 -8.80563e-05 1.79086e-06
13.73 0 0 0 0 -8.7948e-05 3.87744e-07 -8.7948e-05 3.87744e-07
13.74 0 0 0 0 -8.78344e-05 -2.53362e-06 -8.78344e-05 -2.53362e-06
13.75 0 0 0 0 -8.77541e-05 4.49532e-06 -8.77541e-05 4.49532e-06
13.76 0 0 0 0 -8.76159e-05 -6.13579e-06 -8.76159e-05 -6.13579e-06
13.77 0 0 0 0 -8.75571e-05 7.33991e-06 -8.75571e-05 7.33991e-06
13.78 0 0 0 0 -8.74042e-05 -8.02458e-06 -8.74042e-05 -8.02458e-06
13.79 0 0 0 0 -8.73548e-05 8.14249e-06 -8.73548e-05 8.14249e-06
13.8 0 0 0 0 -8.72011e-05 -7.68732e-06 -8.72011e-05 -7.68732e-06
13.81 0 0 0 0 -8.71463e-05 6.6921e-06 -8.71463e-05 6.6921e-06
13.82 0 0 0 0 -8.70061e-05 -5.22878e-06 -8.70061e-05 -5.22878e-06
13.83 0 0 0 0 -8.69331e-05 3.40108e-06 -8.69331e-05 3.40108e-06
13.84 0 0 0 0 -8.68169e-05 -1.33905e-06 -8.68169e-05 -1.33905e-06
13.85 0 0 0 0 -8.67178e-05 -8.12057e-07 -8.67178e-05 -8.12057e-07
13.86 0 0 0 0 -8.66298e-05 2.90015e-06 -8.66298e-05 2.90015e-06
13.87 0 0 0 0 -8.65042e-05 -4.77894e-06 -8.65042e-05 -4.77894e-06
13.88 0 0 0 0 -8.64406e-05 6.31627e-06 -8.64406e-05 6.31627e-06
13.89 0 0 0 0 -8.62956e-05 -7.40535e-06 -8.62956e-05 -7.40535e-06
13.9 0 0 0 0 -8.62463e-05 7.97021e-06 -8.62463e-05 7.97021e-06
13.91 0 0 0 0 -8.60942e-05 -7.97298e-06 -8.60942e-05 -7.97298e-06
13.92 0 0 0 0 -8.60451e-05 7.41442e-06 -8.60451e-05 7.41442e-06
13.93 0 0 0 0 -8.59006e-05 -6.33583e-06 -8.59006e-05 -6.33583e-06
13.94 0 0 0 0 -8.58376e-05 4.81396e-06 -8.58376e-05 4.81396e-06
13.95 0 0 0 0 -8.5713e-05 -2.95756e-06 -8.5713e-05 -2.95756e-06
13.96 0 0 0 0 -8.56263e-05 8.9765e-07 -8.56263e-05 8.9765e-07
13.97 0 0 0 0 -8.55286e-05 1.2198e-06 -8.55286e-05 1.2198e-06
13.98 0 0 0 0 -8.54148e-05 -3.24612e-06 -8.54148e-05 -3.24612e-06
13.99 0 0 0 0 -8.53436e-05 5.03848e-06 -8.53436e-05 5.03848e-06
14 0 0 0 0 -8.5207e-05 -6.47185e-06 -8.5207e-05 -6.47185e-06
14.01 0 0 0 0 -8.51547e-05 7.44582e-06 -8.51547e-05 7.44582e-06
14.02 0 0 0 0 -8.5006e-05 -7.89356e-06 -8.5006e-05 -7.89356e-06
14.03 0 0 0 0 -8.49598e-05 7.78444e-06 -8.49598e-05 7.78444e-06
14.04 0 0 0 0 -8.4813e-05 -7.12809e-06 -8.4813e-05 -7.12809e-06
14.05 0 0 0 0 -8.47587e-05 5.97164e-06 -8.47587e-05 5.97164e-06
14.06 0 0 0 0 -8.46274e-05 -4.39826e-06 -8.46274e-05 -4.39826e-06
14.07 0 0 0 0 -8.45531e-05 2.51927e-06 -8.45531e-05 2.51927e-06
14.08 0 0 0 0 -8.44467e-05 -4.6816e-07 -8.44467e-05 -4.6816e-07
14.09 0 0 0 0 -8.43461e-05 -1.61077e-06 -8.43461e-05 -1.61077e-06
14.1 0 0 0 0 -8.42672e-05 3.57068e-06 -8.42672e-05 3.57068e-06
14.11 0 0 0 0 -8.41416e-05 -5.27447e-06 -8.41416e-05 -5.27447e-06
14.12 0 0 0 0 -8.40851e-05 6.60243e-06 -8.40851e-05 6.60243e-06
14.13 0 0 0 0 -8.39427e-05 -7.46259e-06 -8.39427e-05 -7.46259e-06
14.14 0 0 0 0 -8.38976e-05 7.79518e-06 -8.38976e-05 7.79518e-06
14.15 0 0 0 0 -8.37513e-05 -7.57865e-06 -8.37513e-05 -7.57865e-06
14.16 0 0 0 0 -8.37037e-05 6.8292e-06 -8.37037e-05 6.8292e-06
14.17 0 0 0 0 -8.35675e-05 -5.60144e-06 -8.35675e-05 -5.60144e-06
14.18 0 0 0 0 -8.35041e-05 3.98252e-06 -8.35041e-05 3.98252e-06
14.19 0 0 0 0 -8.33893e-05 -2.08786e-06 -8.33893e-05 -2.08786e-06
14.2 0 0 0 0 -8.33014e-05 5.10135e-08 -8.33014e-05 5.10135e-08
14.21 0 0 0 0 -8.32135e-05 1.98386e-06 -8.32135e-05 1.98386e-06
14.22 0 0 0 0 -8.30995e-05 -3.87407e-06 -8.30995e-05 -3.87407e-06
14.23 0 0 0 0 -8.30365e-05 5.48653e-06 -8.30365e-05 5.48653e-06
14.24 0 0 0 0 -8.29017e-05 -6.70898e-06 -8.29017e-05 -6.70898e-06
14.25 0 0 0 0 -8.28549e-05 7.45596e-06 -8.28549e-05 7.45596e-06
14.26 0 0 0 0 -8.27108e-05 -7.67664e-06 -8.27108e-05 -7.67664e-06
14.27 0 0 0 0 -8.26671e-05 7.35639e-06 -8.26671e-05 7.35639e-06
14.28 0 0 0 0 -8.25277e-05 -6.51963e-06 -8.25277e-05 -6.51963e-06
14.29 0 0 0 0 -8.24733e-05 5.22612e-06 -8.24733e-05 5.22612e-06
14.3 0 0 0 0 -8.23512e-05 -3.56853e-06 -8.23512e-05 -3.56853e-06
14.31 0 0 0 0 -8.22755e-05 1.66397e-06 -8.22755e-05 1.66397e-06
14.32 0 0 0 0 -8.21787e-05 3.52445e-07 -8.21787e-05 3.52445e-07
14.33 0 0 0 0 -8.2077e-05 -2.33903e-06 -8.2077e-05 -2.33903e-06
14.34 0 0 0 0 -8.20065e-05 4.15563e-06 -8.20065e-05 4.15563e-06
14.35 0 0 0 0 -8.18814e-05 -5.67534e-06 -8.18814e-05 -5.67534e-06
14.36 0 0 0 0 -8.18312e-05 6.79155e-06 -8.18312e-05 6.79155e-06
14.37 0 0 0 0 -8.16919e-05 -7.42727e-06 -8.16919e-05 -7.42727e-06
14.38 0 0 0 0 -8.16502e-05 7.53854e-06 -8.16502e-05 7.53854e-06
14.39 0 0 0 0 -8.15099e-05 -7.1194e-06 -8.15099e-05 -7.1194e-06
14.4 0 0 0 0 -8.1463e-05 6.20024e-06 -8.1463e-05 6.20024e-06
14.41 0 0 0 0 -8.13351e-05 -4.84751e-06 -8.13351e-05 -4.84751e-06
14.42 0 0 0 0 -8.12707e-05 3.15704e-06 -8.12707e-05 3.15704e-06
14.43 0 0 0 0 -8.11654e-05 -1.24912e-06 -8.11654e-05 -1.24912e-06
14.44 0 0 0 0 -8.10762e-05 -7.41924e-07 -8.10762e-05 -7.41924e-07
14.45 0 0 0 0 -8.09973e-05 2.67534e-06 -8.09973e-05 2.67534e-06
14.46 0 0 0 0 -8.0883e-05 -4.41572e-06 -8.0883e-05 -4.41572e-06
14.47 0 0 0 0 -8.08273e-05 5.84066e-06 -8.08273e-05 5.84066e-06
14.48 0 0 0 0 -8.06946e-05 -6.85122e-06 -8.06946e-05 -6.85122e-06
14.49 0 0 0 0 -8.06524e-05 7.37692e-06 -8.06524e-05 7.37692e-06
14.5 0 0 0 0 -8.05132e-05 -7.3825e-06 -8.05132e-05 -7.3825e-06
14.51 0 0 0 0 -8.04713e-05 6.86848e-06 -8.04713e-05 6.86848e-06
14.52 0 0 0 0 -8.03393e-05 -5.87285e-06 -8.03393e-05 -5.87285e-06
14.53 0 0 0 0 -8.02845e-05 4.46643e-06 -8.02845e-05 4.46643e-06
14.54 0 0 0 0 -8.01714e-05 -2.74971e-06 -8.01714e-05 -2.74971e-06
14.55 0 0 0 0 -8.00943e-05 8.43806e-07 -8.00943e-05 8.43806e-07
14.56 0 0 0 0 -8.00066e-05 1.11625e-06 -8.00066e-05 1.11625e-06
14.57 0 0 0 0 -7.9904e-05 -2.99288e-06 -7.9904e-05 -2.99288e-06
14.58 0 0 0 0 -7.98414e-05 4.65384e-06 -7.98414e-05 4.65384e-06
14.59 0 0 0 0 -7.97172e-05 -5.9833e-06 -7.97172e-05 -5.9833e-06
14.6 0 0 0 0 -7.96724e-05 6.88815e-06 -7.96724e-05 6.88815e-06
14.61 0 0 0 0 -7.95367e-05 -7.30631e-06 -7.95367e-05 -7.30631e-06
14.62 0 0 0 0 -7.94977e-05 7.20917e-06 -7.94977e-05 7.20917e-06
14.63 0 0 0 0 -7.93636e-05 -6.60538e-06 -7.93636e-05 -6.60538e-06
14.64 0 0 0 0 -7.93168e-05 5.53829e-06 -7.93168e-05 5.53829e-06
14.65 0 0 0 0 -7.91973e-05 -4.08461e-06 -7.91973e-05 -4.08461e-06
14.66 0 0 0 0 -7.91315e-05 2.34718e-06 -7.91315e-05 2.34718e-06
14.67 0 0 0 0 -7.90353e-05 -4.49401e-07 -7.90353e-05 -4.49401e-07
14.68 0 0 0 0 -7.89447e-05 -1.47526e-06 -7.89447e-05 -1.47526e-06
14.69 0 0 0 0 -7.88743e-05 3.29088e-06 -7.88743e-05 3.29088e-06
14.7 0 0 0 0 -7.876e-05 -4.8705e-06 -7.876e-05 -4.8705e-06
14.71 0 0 0 0 -7.87107e-05 6.10315e-06 -7.87107e-05 6.10315e-06
14.72 0 0 0 0 -7.85804e-05 -6.9035e-06 -7.85804e-05 -6.9035e-06
14.73 0 0 0 0 -7.8542e-05 7.21592e-06 -7.8542e-05 7.21592e-06
14.74 0 0 0 0 -7.84079e-05 -7.02016e-06 -7.84079e-05 -7.02016e-06
14.75 0 0 0 0 -7.83671e-05 6.33088e-06 -7.83671e-05 6.33088e-06
14.76 0 0 0 0 -7.82426e-05 -5.1983e-06 -7.82426e-05 -5.1983e-06
14.77 0 0 0 0 -7.81869e-05 3.70281e-06 -7.81869e-05 3.70281e-06
14.78 0 0 0 0 -7.80826e-05 -1.95098e-06 -7.80826e-05 -1.95098e-06
14.79 0 0 0 0 -7.8004e-05 6.628e-08 -7.8004e-05 6.628e-08
14.8 0 0 0 0 -7.7925e-05 1.81794e-06 -7.7925e-05 1.81794e-06
14.81 0 0 0 0 -7.78216e-05 -3.56958e-06 -7.78216e-05 -3.56958e-06
14.82 0 0 0 0 -7.77662e-05 5.06534e-06 -7.77662e-05 5.06534e-06
14.83 0 0 0 0 -7.76433e-05 -6.20112e-06 -7.76433e-05 -6.20112e-06
14.84 0 0 0 0 -7.76032e-05 6.89754e-06 -7.76032e-05 6.89754e-06
14.85 0 0 0 0 -7.74714e-05 -7.10719e-06 -7.74714e-05 -7.10719e-06
14.86 0 0 0 0 -7.74343e-05 6.81616e-06 -7.74343e-05 6.81616e-06
14.87 0 0 0 0 -7.73067e-05 -6.04669e-06 -7.73067e-05 -6.04669e-06
14.88 0 0 0 0 -7.72597e-05 4.85369e-06 -7.72597e-05 4.85369e-06
14.89 0 0 0 0 -7.71484e-05 -3.32264e-06 -7.71484e-05 -3.32264e-06
14.9 0 0 0 0 -7.70811e-05 1.56166e-06 -7.70811e-05 1.56166e-06
14.91 0 0 0 0 -7.69936e-05 3.04335e-07 -7.69936e-05 3.04335e-07
14.92 0 0 0 0 -7.69017e-05 -2.14427e-06 -7.69017e-05 -2.14427e-06
14.93 0 0 0 0 -7.6839e-05 3.82836e-06 -7.6839e-05 3.82836e-06
14.94 0 0 0 0 -7.6725e-05 -5.239e-06 -7.6725e-05 -5.239e-06
14.95 0 0 0 0 -7.66814e-05 6.27724e-06 -7.66814e-05 6.27724e-06
14.96 0 0 0 0 -7.65538e-05 -6.87149e-06 -7.65538e-05 -6.87149e-06
14.97 0 0 0 0 -7.65184e-05 6.98066e-06 -7.65184e-05 6.98066e-06
14.98 0 0 0 0 -7.63897e-05 -6.59878e-06 -7.63897e-05 -6.59878e-06
14.99 0 0 0 0 -7.63494e-05 5.75357e-06 -7.63494e-05 5.75357e-06
15 0 0 0 0 -7.62324e-05 -4.50611e-06 -7.62324e-05 -4.50611e-06
15.01 0 0 0 0 -7.61755e-05 2.94477e-06 -7.61755e-05 2.94477e-06
15.02 0 0 0 0 -7.60798e-05 -1.18061e-06 -7.60798e-05 -1.18061e-06
15.03 0 0 0 0 -7.59995e-05 -6.62194e-07 -7.59995e-05 -6.62194e-07
15.04 0 0 0 0 -7.59288e-05 2.45339e-06 -7.59288e-05 2.45339e-06
15.05 0 0 0 0 -7.58248e-05 -4.06758e-06 -7.58248e-05 -4.06758e-06
15.06 0 0 0 0 -7.57759e-05 5.39125e-06 -7.57759e-05 5.39125e-06
15.07 0 0 0 0 -7.56546e-05 -6.3325e-06 -7.56546e-05 -6.3325e-06
15.08 0 0 0 0 -7.56185e-05 6.82571e-06 -7.56185e-05 6.82571e-06
15.09 0 0 0 0 -7.54909e-05 -6.83779e-06 -7.54909e-05 -6.83779e-06
15.1 0 0 0 0 -7.54552e-05 6.36872e-06 -7.54552e-05 6.36872e-06
15.11 0 0 0 0 -7.53342e-05 -5.45318e-06 -7.53342e-05 -5.45318e-06
15.12 0 0 0 0 -7.52864e-05 4.1563e-06 -7.52864e-05 4.1563e-06
15.13 0 0 0 0 -7.51832e-05 -2.57071e-06 -7.51832e-05 -2.57071e-06
15.14 0 0 0 0 -7.51143e-05 8.08256e-07 -7.51143e-05 8.08256e-07
15.15 0 0 0 0 -7.50351e-05 1.00623e-06 -7.50351e-05 1.00623e-06
15.16 0 0 0 0 -7.49421e-05 -2.74541e-06 -7.49421e-05 -2.74541e-06
15.17 0 0 0 0 -7.48866e-05 4.28677e-06 -7.48866e-05 4.28677e-06
15.18 0 0 0 0 -7.47731e-05 -5.52283e-06 -7.47731e-05 -5.52283e-06
15.19 0 0 0 0 -7.47344e-05 6.36704e-06 -7.47344e-05 6.36704e-06
15.2 0 0 0 0 -7.46099e-05 -6.76148e-06 -7.46099e-05 -6.76148e-06
15.21 0 0 0 0 -7.45767e-05 6.67918e-06 -7.45767e-05 6.67918e-06
15.22 0 0 0 0 -7.44537e-05 -6.12757e-06 -7.44537e-05 -6.12757e-06
15.23 0 0 0 0 -7.44133e-05 5.14627e-06 -7.44133e-05 5.14627e-06
15.24 0 0 0 0 -7.43038e-05 -3.80583e-06 -7.43038e-05 -3.80583e-06
15.25 0 0 0 0 -7.42455e-05 2.20104e-06 -7.42455e-05 2.20104e-06
15.26 0 0 0 0 -7.4158e-05 -4.45857e-07 -7.4158e-05 -4.45857e-07
15.27 0 0 0 0 -7.40763e-05 -1.3363e-06 -7.40763e-05 -1.3363e-06
15.28 0 0 0 0 -7.40131e-05 3.01962e-06 -7.40131e-05 3.01962e-06
15.29 0 0 0 0 -7.39089e-05 -4.4864e-06 -7.39089e-05 -4.4864e-06
15.3 0 0 0 0 -7.38657e-05 5.63364e-06 -7.38657e-05 5.63364e-06
15.31 0 0 0 0 -7.37464e-05 -6.38191e-06 -7.37464e-05 -6.38191e-06
15.32 0 0 0 0 -7.37135e-05 6.67923e-06 -7.37135e-05 6.67923e-06
15.33 0 0 0 0 -7.35905e-05 -6.50628e-06 -7.35905e-05 -6.50628e-06
15.34 0 0 0 0 -7.35555e-05 5.87603e-06 -7.35555e-05 5.87603e-06
15.35 0 0 0 0 -7.34413e-05 -4.83443e-06 -7.34413e-05 -4.83443e-06
15.36 0 0 0 0 -7.33924e-05 3.45537e-06 -7.33924e-05 3.45537e-06
15.37 0 0 0 0 -7.32972e-05 -1.83714e-06 -7.32972e-05 -1.83714e-06
15.38 0 0 0 0 -7.32266e-05 9.37345e-08 -7.32266e-05 9.37345e-08
15.39 0 0 0 0 -7.31553e-05 1.6515e-06 -7.31553e-05 1.6515e-06
15.4 0 0 0 0 -7.30613e-05 -3.27624e-06 -7.30613e-05 -3.27624e-06
15.41 0 0 0 0 -7.30122e-05 4.66615e-06 -7.30122e-05 4.66615e-06
15.42 0 0 0 0 -7.28997e-05 -5.72452e-06 -7.28997e-05 -5.72452e-06
15.43 0 0 0 0 -7.28652e-05 6.37736e-06 -7.28652e-05 6.37736e-06
15.44 0 0 0 0 -7.27441e-05 -6.58026e-06 -7.27441e-05 -6.58026e-06
15.45 0 0 0 0 -7.27125e-05 6.31971e-06 -7.27125e-05 6.31971e-06
15.46 0 0 0 0 -7.25954e-05 -5.61565e-06 -7.25954e-05 -5.61565e-06
15.47 0 0 0 0 -7.25544e-05 4.51835e-06 -7.25544e-05 4.51835e-06
15.48 0 0 0 0 -7.24524e-05 -3.10639e-06 -7.24524e-05 -3.10639e-06
15.49 0 0 0 0 -7.23925e-05 1.47949e-06 -7.23925e-05 1.47949e-06
15.5 0 0 0 0 -7.23129e-05 2.46994e-07 -7.23129e-05 2.46994e-07
15.51 0 0 0 0 -7.22297e-05 -1.9518e-06 -7.22297e-05 -1.9518e-06
15.52 0 0 0 0 -7.21736e-05 3.51471e-06 -7.21736e-05 3.51471e-06
15.53 0 0 0 0 -7.20694e-05 -4.8266e-06 -7.20694e-05 -4.8266e-06
15.54 0 0 0 0 -7.20313e-05 5.79547e-06 -7.20313e-05 5.79547e-06
15.55 0 0 0 0 -7.19143e-05 -6.35451e-06 -7.19143e-05 -6.35451e-06
15.56 0 0 0 0 -7.1884e-05 6.46506e-06 -7.1884e-05 6.46506e-06
15.57 0 0 0 0 -7.17657e-05 -6.12094e-06 -7.17657e-05 -6.12094e-06
15.58 0 0 0 0 -7.17309e-05 5.34712e-06 -7.17309e-05 5.34712e-06
15.59 0 0 0 0 -7.16236e-05 -4.19955e-06 -7.16236e-05 -4.19955e-06
15.6 0 0 0 0 -7.15733e-05 2.75949e-06 -7.15733e-05 2.75949e-06
15.61 0 0 0 0 -7.14859e-05 -1.12936e-06 -7.14859e-05 -1.12936e-06
15.62 0 0 0 0 -7.14135e-05 -5.76117e-07 -7.14135e-05 -5.76117e-07
15.63 0 0 0 0 -7.13496e-05 2.23643e-06 -7.13496e-05 2.23643e-06
15.64 0 0 0 0 -7.12549e-05 -3.73536e-06 -7.12549e-05 -3.73536e-06
15.65 0 0 0 0 -7.12117e-05 4.96754e-06 -7.12117e-05 4.96754e-06
15.66 0 0 0 0 -7.11005e-05 -5.84741e-06 -7.11005e-05 -5.84741e-06
15.67 0 0 0 0 -7.10694e-05 6.31365e-06 -7.10694e-05 6.31365e-06
15.68 0 0 0 0 -7.09521e-05 -6.33496e-06 -7.09521e-05 -6.33496e-06
15.69 0 0 0 0 -7.09215e-05 5.91059e-06 -7.09215e-05 5.91059e-06
15.7 0 0 0 0 -7.08104e-05 -5.07195e-06 -7.08104e-05 -5.07195e-06
15.71 0 0 0 0 -7.07685e-05 3.87869e-06 -7.07685e-05 3.87869e-06
15.72 0 0 0 0 -7.06739e-05 -2.41604e-06 -7.06739e-05 -2.41604e-06
15.73 0 0 0 0 -7.06122e-05 7.87138e-07 -7.06122e-05 7.87138e-07
15.74 0 0 0 0 -7.05402e-05 8.92652e-07 -7.05402e-05 8.92652e-07
15.75 0 0 0 0 -7.04557e-05 -2.50549e-06 -7.04557e-05 -2.50549e-06
15.76 0 0 0 0 -7.04061e-05 3.93776e-06 -7.04061e-05 3.93776e-06
15.77 0 0 0 0 -7.03022e-05 -5.08964e-06 -7.03022e-05 -5.08964e-06
15.78 0 0 0 0 -7.02685e-05 5.88046e-06 -7.02685e-05 5.88046e-06
15.79 0 0 0 0 -7.01542e-05 -6.25598e-06 -7.01542e-05 -6.25598e-06
15.8 0 0 0 0 -7.01258e-05 6.19047e-06 -7.01258e-05 6.19047e-06
15.81 0 0 0 0 -7.00126e-05 -5.6901e-06 -7.00126e-05 -5.6901e-06
15.82 0 0 0 0 -6.99775e-05 4.79079e-06 -6.99775e-05 4.79079e-06
15.83 0 0 0 0 -6.9877e-05 -3.5572e-06 -6.9877e-05 -3.5572e-06
15.84 0 0 0 0 -6.98251e-05 2.07655e-06 -6.98251e-05 2.07655e-06
15.85 0 0 0 0 -6.97452e-05 -4.53962e-07 -6.97452e-05 -4.53962e-07
15.86 0 0 0 0 -6.96713e-05 -1.1965e-06 -6.96713e-05 -1.1965e-06
15.87 0 0 0 0 -6.96143e-05 2.75833e-06 -6.96143e-05 2.75833e-06
15.88 0 0 0 0 -6.95191e-05 -4.12236e-06 -6.95191e-05 -4.12236e-06
15.89 0 0 0 0 -6.94811e-05 5.19281e-06 -6.94811e-05 5.19281e-06
15.9 0 0 0 0 -6.93714e-05 -5.89558e-06 -6.93714e-05 -5.89558e-06
15.91 0 0 0 0 -6.93432e-05 6.18184e-06 -6.93432e-05 6.18184e-06
15.92 0 0 0 0 -6.923e-05 -6.03295e-06 -6.923e-05 -6.03295e-06
15.93 0 0 0 0 -6.91999e-05 5.46011e-06 -6.91999e-05 5.46011e-06
15.94 0 0 0 0 -6.90948e-05 -4.5051e-06 -6.90948e-05 -4.5051e-06
15.95 0 0 0 0 -6.90517e-05 3.23568e-06 -6.90517e-05 3.23568e-06
15.96 0 0 0 0 -6.89644e-05 -1.74228e-06 -6.89644e-05 -1.74228e-06
15.97 0 0 0 0 -6.89009e-05 1.30111e-07 -6.89009e-05 1.30111e-07
15.98 0 0 0 0 -6.88361e-05 1.4868e-06 -6.88361e-05 1.4868e-06
15.99 0 0 0 0 -6.87505e-05 -2.99517e-06 -6.87505e-05 -2.99517e-06
16 0 0 0 0 -6.87067e-05 4.28883e-06 -6.87067e-05 4.28883e-06
16.01 0 0 0 0 -6.86035e-05 -5.27781e-06 -6.86035e-05 -5.27781e-06
16.02 0 0 0 0 -6.85736e-05 5.89297e-06 -6.85736e-05 5.89297e-06
16.03 0 0 0 0 -6.84622e-05 -6.09245e-06 -6.84622e-05 -6.09245e-06
16.04 0 0 0 0 -6.84351e-05 5.86292e-06 -6.84351e-05 5.86292e-06
16.05 0 0 0 0 -6.83272e-05 -5.22202e-06 -6.83272e-05 -5.22202e-06
16.06 0 0 0 0 -6.82914e-05 4.2155e-06 -6.82914e-05 4.2155e-06
16.07 0 0 0 0 -6.81977e-05 -2.91546e-06 -6.81977e-05 -2.91546e-06
16.08 0 0 0 0 -6.81441e-05 1.41367e-06 -6.81441e-05 1.41367e-06
16.09 0 0 0 0 -6.80715e-05 1.83388e-07 -6.80715e-05 1.83388e-07
16.1 0 0 0 0 -6.7996e-05 -1.76357e-06 -6.7996e-05 -1.76357e-06
16.11 0 0 0 0 -6.79454e-05 3.21547e-06 -6.79454e-05 3.21547e-06
16.12 0 0 0 0 -6.785e-05 -4.43772e-06 -6.785e-05 -4.43772e-06
16.13 0 0 0 0 -6.78166e-05 5.34464e-06 -6.78166e-05 5.34464e-06
16.14 0 0 0 0 -6.77089e-05 -5.87367e-06 -6.77089e-05 -5.87367e-06
16.15 0 0 0 0 -6.76829e-05 5.98823e-06 -6.76829e-05 5.98823e-06
16.16 0 0 0 0 -6.7574e-05 -5.68174e-06 -6.7574e-05 -5.68174e-06
16.17 0 0 0 0 -6.75438e-05 4.97645e-06 -6.75438e-05 4.97645e-06
16.18 0 0 0 0 -6.7445e-05 -3.92338e-06 -6.7445e-05 -3.92338e-06
16.19 0 0 0 0 -6.74004e-05 2.59708e-06 -6.74004e-05 2.59708e-06
16.2 0 0 0 0 -6.73202e-05 -1.09186e-06 -6.73202e-05 -1.09186e-06
16.21 0 0 0 0 -6.72549e-05 -4.86358e-07 -6.72549e-05 -4.86358e-07
16.22 0 0 0 0 -6.71969e-05 2.02608e-06 -6.71969e-05 2.02608e-06
16.23 0 0 0 0 -6.71104e-05 -3.41955e-06 -6.71104e-05 -3.41955e-06
16.24 0 0 0 0 -6.70719e-05 4.56883e-06 -6.70719e-05 4.56883e-06
16.25 0 0 0 0 -6.69697e-05 -5.39413e-06 -6.69697e-05 -5.39413e-06
16.26 0 0 0 0 -6.69429e-05 5.83793e-06 -6.69429e-05 5.83793e-06
16.27 0 0 0 0 -6.68348e-05 -5.87039e-06 -6.68348e-05 -5.87039e-06
16.28 0 0 0 0 -6.68085e-05 5.48994e-06 -6.68085e-05 5.48994e-06
16.29 0 0 0 0 -6.6706e-05 -4.72477e-06 -6.6706e-05 -4.72477e-06
16.3 0 0 0 0 -6.66692e-05 3.62931e-06 -6.66692e-05 3.62931e-06
16.31 0 0 0 0 -6.65823e-05 -2.28178e-06 -6.65823e-05 -2.28178e-06
16.32 0 0 0 0 -6.65268e-05 7.77202e-07 -6.65268e-05 7.77202e-07
16.33 0 0 0 0 -6.64611e-05 7.77895e-07 -6.64611e-05 7.77895e-07
16.34 0 0 0 0 -6.63842e-05 -2.27444e-06 -6.63842e-05 -2.27444e-06
16.35 0 0 0 0 -6.63395e-05 3.60702e-06 -6.63395e-05 3.60702e-06
16.36 0 0 0 0 -6.62443e-05 -4.68277e-06 -6.62443e-05 -4.68277e-06
16.37 0 0 0 0 -6.62147e-05 5.42638e-06 -6.62147e-05 5.42638e-06
16.38 0 0 0 0 -6.61094e-05 -5.78682e-06 -6.61094e-05 -5.78682e-06
16.39 0 0 0 0 -6.6085e-05 5.73939e-06 -6.6085e-05 5.73939e-06
16.4 0 0 0 0 -6.59806e-05 -5.28886e-06 -6.59806e-05 -5.28886e-06
16.41 0 0 0 0 -6.59501e-05 4.46757e-06 -6.59501e-05 4.46757e-06
16.42 0 0 0 0 -6.58574e-05 -3.3346e-06 -6.58574e-05 -3.3346e-06
16.43 0 0 0 0 -6.58112e-05 1.97003e-06 -6.58112e-05 1.97003e-06
16.44 0 0 0 0 -6.57379e-05 -4.70733e-07 -6.57379e-05 -4.70733e-07
16.45 0 0 0 0 -6.56709e-05 -1.05792e-06 -6.56709e-05 -1.05792e-06
16.46 0 0 0 0 -6.56192e-05 2.50804e-06 -6.56192e-05 2.50804e-06
16.47 0 0 0 0 -6.55321e-05 -3.77827e-06 -6.55321e-05 -3.77827e-06
16.48 0 0 0 0 -6.54983e-05 4.77945e-06 -6.54983e-05 4.77945e-06
16.49 0 0 0 0 -6.53974e-05 -5.44228e-06 -6.53974e-05 -5.44228e-06
16.5 0 0 0 0 -6.53731e-05 5.72068e-06 -6.53731e-05 5.72068e-06
16.51 0 0 0 0 -6.52686e-05 -5.59646e-06 -6.52686e-05 -5.59646e-06
16.52 0 0 0 0 -6.52426e-05 5.07904e-06 -6.52426e-05 5.07904e-06
16.53 0 0 0 0 -6.51457e-05 -4.20617e-06 -6.51457e-05 -4.20617e-06
16.54 0 0 0 0 -6.51076e-05 3.03978e-06 -6.51076e-05 3.03978e-06
16.55 0 0 0 0 -6.50272e-05 -1.66297e-06 -6.50272e-05 -1.66297e-06
16.56 0 0 0 0 -6.497e-05 1.72698e-07 -6.497e-05 1.72698e-07
16.57 0 0 0 0 -6.49108e-05 1.32564e-06 -6.49108e-05 1.32564e-06
16.58 0 0 0 0 -6.48327e-05 -2.72708e-06 -6.48327e-05 -2.72708e-06
16.59 0 0 0 0 -6.47933e-05 3.93302e-06 -6.47933e-05 3.93302e-06
16.6 0 0 0 0 -6.46985e-05 -4.85957e-06 -6.46985e-05 -4.85957e-06
16.61 0 0 0 0 -6.46724e-05 5.44198e-06 -6.46724e-05 5.44198e-06
16.62 0 0 0 0 -6.45696e-05 -5.64058e-06 -6.45696e-05 -5.64058e-06
16.63 0 0 0 0 -6.45464e-05 5.44206e-06 -6.45464e-05 5.44206e-06
16.64 0 0 0 0 -6.44467e-05 -4.86177e-06 -6.44467e-05 -4.86177e-06
16.65 0 0 0 0 -6.44154e-05 3.94113e-06 -6.44154e-05 3.94113e-06
16.66 0 0 0 0 -6.4329e-05 -2.74608e-06 -6.4329e-05 -2.74608e-06
16.67 0 0 0 0 -6.4281e-05 1.36099e-06 -6.4281e-05 1.36099e-06
16.68 0 0 0 0 -6.42143e-05 1.15961e-07 -6.42143e-05 1.15961e-07
16.69 0 0 0 0 -6.41456e-05 -1.58108e-06 -6.41456e-05 -1.58108e-06
16.7 0 0 0 0 -6.40998e-05 2.93109e-06 -6.40998e-05 2.93109e-06
16.71 0 0 0 0 -6.40123e-05 -4.07175e-06 -6.40123e-05 -4.07175e-06
16.72 0 0 0 0 -6.39827e-05 4.92311e-06 -6.39827e-05 4.92311e-06
16.73 0 0 0 0 -6.38835e-05 -5.42644e-06 -6.38835e-05 -5.42644e-06
16.74 0 0 0 0 -6.38611e-05 5.54691e-06 -6.38611e-05 5.54691e-06
16.75 0 0 0 0 -6.37605e-05 -5.27744e-06 -6.37605e-05 -5.27744e-06
16.76 0 0 0 0 -6.37343e-05 4.6376e-06 -6.37343e-05 4.6376e-06
16.77 0 0 0 0 -6.3643e-05 -3.6737e-06 -6.3643e-05 -3.6737e-06
16.78 0 0 0 0 -6.36034e-05 2.45397e-06 -6.36034e-05 2.45397e-06
16.79 0 0 0 0 -6.35296e-05 -1.06514e-06 -6.35296e-05 -1.06514e-06
16.8 0 0 0 0 -6.34705e-05 -3.95093e-07 -6.34705e-05 -3.95093e-07
16.81 0 0 0 0 -6.34175e-05 1.82357e-06 -6.34175e-05 1.82357e-06
16.82 0 0 0 0 -6.33384e-05 -3.12035e-06 -6.33384e-05 -3.12035e-06
16.83 0 0 0 0 -6.33039e-05 4.19428e-06 -6.33039e-05 4.19428e-06
16.84 0 0 0 0 -6.32098e-05 -4.97083e-06 -6.32098e-05 -4.97083e-06
16.85 0 0 0 0 -6.31864e-05 5.39587e-06 -6.31864e-05 5.39587e-06
16.86 0 0 0 0 -6.30866e-05 -5.44078e-06 -6.30866e-05 -5.44078e-06
16.87 0 0 0 0 -6.3064e-05 5.10306e-06 -6.3064e-05 5.10306e-06
16.88 0 0 0 0 -6.29692e-05 -4.40778e-06 -6.29692e-05 -4.40778e-06
16.89 0 0 0 0 -6.29368e-05 3.4044e-06 -6.29368e-05 3.4044e-06
16.9 0 0 0 0 -6.28566e-05 -2.16458e-06 -6.28566e-05 -2.16458e-06
16.91 0 0 0 0 -6.28067e-05 7.75716e-07 -6.28067e-05 7.75716e-07
16.92 0 0 0 0 -6.27463e-05 6.63863e-07 -6.27463e-05 6.63863e-07
16.93 0 0 0 0 -6.26763e-05 -2.05321e-06 -6.26763e-05 -2.05321e-06
16.94 0 0 0 0 -6.26358e-05 3.29447e-06 -6.26358e-05 3.29447e-06
16.95 0 0 0 0 -6.25483e-05 -4.30116e-06 -6.25483e-05 -4.30116e-06
16.96 0 0 0 0 -6.25222e-05 5.00281e-06 -6.25222e-05 5.00281e-06
16.97 0 0 0 0 -6.2425e-05 -5.35125e-06 -6.2425e-05 -5.35125e-06
16.98 0 0 0 0 -6.2404e-05 5.32257e-06 -6.2404e-05 5.32257e-06
16.99 0 0 0 0 -6.23075e-05 -4.92013e-06 -6.23075e-05 -4.92013e-06
17 0 0 0 0 -6.22808e-05 4.17283e-06 -6.22808e-05 4.17283e-06
17.01 0 0 0 0 -6.21952e-05 -3.13444e-06 -6.21952e-05 -3.13444e-06
17.02 0 0 0 0 -6.21539e-05 1.87833e-06 -6.21539e-05 1.87833e-06
17.03 0 0 0 0 -6.20863e-05 -4.93684e-07 -6.20863e-05 -4.93684e-07
17.04 0 0 0 0 -6.20255e-05 -9.22211e-07 -6.20255e-05 -9.22211e-07
17.05 0 0 0 0 -6.19783e-05 2.26943e-06 -6.19783e-05 2.26943e-06
17.06 0 0 0 0 -6.18985e-05 -3.45385e-06 -6.18985e-05 -3.45385e-06
17.07 0 0 0 0 -6.18683e-05 4.39231e-06 -6.18683e-05 4.39231e-06
17.08 0 0 0 0 -6.17753e-05 -5.01985e-06 -6.17753e-05 -5.01985e-06
17.09 0 0 0 0 -6.17541e-05 5.29286e-06 -6.17541e-05 5.29286e-06
17.1 0 0 0 0 -6.16575e-05 -5.19342e-06 -6.16575e-05 -5.19342e-06
17.11 0 0 0 0 -6.16351e-05 4.72915e-06 -6.16351e-05 4.72915e-06
17.12 0 0 0 0 -6.15453e-05 -3.93397e-06 -6.15453e-05 -3.93397e-06
17.13 0 0 0 0 -6.15116e-05 2.86427e-06 -6.15116e-05 2.86427e-06
17.14 0 0 0 0 -6.14374e-05 -1.59627e-06 -6.14374e-05 -1.59627e-06
17.15 0 0 0 0 -6.13857e-05 2.19251e-07 -6.13857e-05 2.19251e-07
17.16 0 0 0 0 -6.13313e-05 1.16941e-06 -6.13313e-05 1.16941e-06
17.17 0 0 0 0 -6.126e-05 -2.47245e-06 -6.126e-05 -2.47245e-06
17.18 0 0 0 0 -6.12244e-05 3.59819e-06 -6.12244e-05 3.59819e-06
17.19 0 0 0 0 -6.11372e-05 -4.46834e-06 -6.11372e-05 -4.46834e-06
17.2 0 0 0 0 -6.11141e-05 5.0221e-06 -6.11141e-05 5.0221e-06
17.21 0 0 0 0 -6.10192e-05 -5.22171e-06 -6.10192e-05 -5.22171e-06
17.22 0 0 0 0 -6.09991e-05 5.05374e-06 -6.09991e-05 5.05374e-06
17.23 0 0 0 0 -6.09069e-05 -4.5313e-06 -6.09069e-05 -4.5313e-06
17.24 0 0 0 0 -6.08794e-05 3.69167e-06 -6.08794e-05 3.69167e-06
17.25 0 0 0 0 -6.07994e-05 -2.59502e-06 -6.07994e-05 -2.59502e-06
17.26 0 0 0 0 -6.07564e-05 1.31873e-06 -6.07564e-05 1.31873e-06
17.27 0 0 0 0 -6.06949e-05 4.67115e-08 -6.06949e-05 4.67115e-08
17.28 0 0 0 0 -6.06324e-05 -1.40548e-06 -6.06324e-05 -1.40548e-06
17.29 0 0 0 0 -6.05905e-05 2.66178e-06 -6.05905e-05 2.66178e-06
17.3 0 0 0 0 -6.05103e-05 -3.72795e-06 -6.05103e-05 -3.72795e-06
17.31 0 0 0 0 -6.04838e-05 4.52925e-06 -6.04838e-05 4.52925e-06
17.32 0 0 0 0 -6.03923e-05 -5.01041e-06 -6.03923e-05 -5.01041e-06
17.33 0 0 0 0 -6.03728e-05 5.13811e-06 -6.03728e-05 5.13811e-06
17.34 0 0 0 0 -6.02797e-05 -4.90465e-06 -6.02797e-05 -4.90465e-06
17.35 0 0 0 0 -6.0257e-05 4.32704e-06 -6.0257e-05 4.32704e-06
17.36 0 0 0 0 -6.01724e-05 -3.4471e-06 -6.01724e-05 -3.4471e-06
17.37 0 0 0 0 -6.01371e-05 2.3271e-06 -6.01371e-05 2.3271e-06
17.38 0 0 0 0 -6.00688e-05 -1.04669e-06 -6.00688e-05 -1.04669e-06
17.39 0 0 0 0 -6.00153e-05 -3.0408e-07 -6.00153e-05 -3.0408e-07
17.4 0 0 0 0 -5.99666e-05 1.62979e-06 -5.99666e-05 1.62979e-06
17.41 0 0 0 0 -5.98942e-05 -2.83771e-06 -5.98942e-05 -2.83771e-06
17.42 0 0 0 0 -5.9863e-05 3.84294e-06 -5.9863e-05 3.84294e-06
17.43 0 0 0 0 -5.97764e-05 -4.57573e-06 -5.97764e-05 -4.57573e-06
17.44 0 0 0 0 -5.97558e-05 4.98496e-06 -5.97558e-05 4.98496e-06
17.45 0 0 0 0 -5.96635e-05 -5.04308e-06 -5.96635e-05 -5.04308e-06
17.46 0 0 0 0 -5.96439e-05 4.74657e-06 -5.96439e-05 4.74657e-06
17.47 0 0 0 0 -5.95561e-05 -4.11754e-06 -5.95561e-05 -4.11754e-06
17.48 0 0 0 0 -5.95275e-05 3.2007e-06 -5.95275e-05 3.2007e-06
17.49 0 0 0 0 -5.94531e-05 -2.06156e-06 -5.94531e-05 -2.06156e-06
17.5 0 0 0 0 -5.94083e-05 7.80401e-07 -5.94083e-05 7.80401e-07
17.51 0 0 0 0 -5.93526e-05 5.5208e-07 -5.93526e-05 5.5208e-07
17.52 0 0 0 0 -5.92886e-05 -1.84246e-06 -5.92886e-05 -1.84246e-06
17.53 0 0 0 0 -5.92517e-05 2.99988e-06 -5.92517e-05 2.99988e-06
17.54 0 0 0 0 -5.91712e-05 -3.94368e-06 -5.91712e-05 -3.94368e-06
17.55 0 0 0 0 -5.9148e-05 4.60781e-06 -5.9148e-05 4.60781e-06
17.56 0 0 0 0 -5.90582e-05 -4.94666e-06 -5.90582e-05 -4.94666e-06
17.57 0 0 0 0 -5.904e-05 4.93695e-06 -5.904e-05 4.93695e-06
17.58 0 0 0 0 -5.89505e-05 -4.58061e-06 -5.89505e-05 -4.58061e-06
17.59 0 0 0 0 -5.89272e-05 3.90324e-06 -5.89272e-05 3.90324e-06
17.6 0 0 0 0 -5.88478e-05 -2.95359e-06 -5.88478e-05 -2.95359e-06
17.61 0 0 0 0 -5.88109e-05 1.79877e-06 -5.88109e-05 1.79877e-06
17.62 0 0 0 0 -5.87484e-05 -5.20756e-07 -5.87484e-05 -5.20756e-07
17.63 0 0 0 0 -5.86931e-05 -7.90666e-07 -5.86931e-05 -7.90666e-07
17.64 0 0 0 0 -5.86497e-05 2.04296e-06 -5.86497e-05 2.04296e-06
17.65 0 0 0 0 -5.85765e-05 -3.14863e-06 -5.85765e-05 -3.14863e-06
17.66 0 0 0 0 -5.85492e-05 4.03006e-06 -5.85492e-05 4.03006e-06
17.67 0 0 0 0 -5.84634e-05 -4.62626e-06 -5.84634e-05 -4.62626e-06
17.68 0 0 0 0 -5.84449e-05 4.89574e-06 -5.84449e-05 4.89574e-06
17.69 0 0 0 0 -5.83555e-05 -4.82077e-06 -5.83555e-05 -4.82077e-06
17.7 0 0 0 0 -5.83359e-05 4.40719e-06 -5.83359e-05 4.40719e-06
17.71 0 0 0 0 -5.82527e-05 -3.68525e-06 -5.82527e-05 -3.68525e-06
17.72 0 0 0 0 -5.82228e-05 2.70616e-06 -5.82228e-05 2.70616e-06
17.73 0 0 0 0 -5.8154e-05 -1.53968e-06 -5.8154e-05 -1.53968e-06
17.74 0 0 0 0 -5.81072e-05 2.67932e-07 -5.81072e-05 2.67932e-07
17.75 0 0 0 0 -5.8057e-05 1.01916e-06 -5.8057e-05 1.01916e-06
17.76 0 0 0 0 -5.79918e-05 -2.23146e-06 -5.79918e-05 -2.23146e-06
17.77 0 0 0 0 -5.79593e-05 3.28369e-06 -5.79593e-05 3.28369e-06
17.78 0 0 0 0 -5.7879e-05 -4.10267e-06 -5.7879e-05 -4.10267e-06
17.79 0 0 0 0 -5.78585e-05 4.63116e-06 -5.78585e-05 4.63116e-06
17.8 0 0 0 0 -5.77707e-05 -4.83312e-06 -5.77707e-05 -4.83312e-06
17.81 0 0 0 0 -5.77533e-05 4.69489e-06 -5.77533e-05 4.69489e-06
17.82 0 0 0 0 -5.76677e-05 -4.2274e-06 -5.76677e-05 -4.2274e-06
17.83 0 0 0 0 -5.76436e-05 3.46401e-06 -5.76436e-05 3.46401e-06
17.84 0 0 0 0 -5.75693e-05 -2.45946e-06 -5.75693e-05 -2.45946e-06
17.85 0 0 0 0 -5.75307e-05 1.2846e-06 -5.75307e-05 1.2846e-06
17.86 0 0 0 0 -5.74737e-05 -2.27366e-08 -5.74737e-05 -2.27366e-08
17.87 0 0 0 0 -5.74168e-05 -1.23759e-06 -5.74168e-05 -1.23759e-06
17.88 0 0 0 0 -5.73783e-05 2.40754e-06 -5.73783e-05 2.40754e-06
17.89 0 0 0 0 -5.73045e-05 -3.40549e-06 -5.73045e-05 -3.40549e-06
17.9 0 0 0 0 -5.72807e-05 4.16146e-06 -5.72807e-05 4.16146e-06
17.91 0 0 0 0 -5.71961e-05 -4.62332e-06 -5.71961e-05 -4.62332e-06
17.92 0 0 0 0 -5.71791e-05 4.75906e-06 -5.71791e-05 4.75906e-06
17.93 0 0 0 0 -5.70928e-05 -4.56033e-06 -5.70928e-05 -4.56033e-06
17.94 0 0 0 0 -5.7073e-05 4.04164e-06 -5.7073e-05 4.04164e-06
17.95 0 0 0 0 -5.69944e-05 -3.24058e-06 -5.69944e-05 -3.24058e-06
17.96 0 0 0 0 -5.6963e-05 2.21383e-06 -5.6963e-05 2.21383e-06
17.97 0 0 0 0 -5.68996e-05 -1.03442e-06 -5.68996e-05 -1.03442e-06
17.98 0 0 0 0 -5.68511e-05 -2.14729e-07 -5.68511e-05 -2.14729e-07
17.99 0 0 0 0 -5.68061e-05 1.44538e-06 -5.68061e-05 1.44538e-06
18 0 0 0 0 -5.67397e-05 -2.57145e-06 -5.67397e-05 -2.57145e-06
18.01 0 0 0 0 -5.67113e-05 3.51382e-06 -5.67113e-05 3.51382e-06
18.02 0 0 0 0 -5.66314e-05 -4.20708e-06 -5.66314e-05 -4.20708e-06
18.03 0 0 0 0 -5.66132e-05 4.60288e-06 -5.66132e-05 4.60288e-06
18.04 0 0 0 0 -5.65277e-05 -4.67451e-06 -5.65277e-05 -4.67451e-06
18.05 0 0 0 0 -5.65107e-05 4.41747e-06 -5.65107e-05 4.41747e-06
18.06 0 0 0 0 -5.64291e-05 -3.85099e-06 -5.64291e-05 -3.85099e-06
18.07 0 0 0 0 -5.64038e-05 3.01535e-06 -5.64038e-05 3.01535e-06
18.08 0 0 0 0 -5.63347e-05 -1.97026e-06 -5.63347e-05 -1.97026e-06
18.09 0 0 0 0 -5.62943e-05 7.89362e-07 -5.62943e-05 7.89362e-07
18.1 0 0 0 0 -5.62426e-05 4.43742e-07 -5.62426e-05 4.43742e-07
18.11 0 0 0 0 -5.61842e-05 -1.64262e-06 -5.61842e-05 -1.64262e-06
18.12 0 0 0 0 -5.61503e-05 2.72285e-06 -5.61503e-05 2.72285e-06
18.13 0 0 0 0 -5.60762e-05 -3.60917e-06 -5.60762e-05 -3.60917e-06
18.14 0 0 0 0 -5.60554e-05 4.23954e-06 -5.60554e-05 4.23954e-06
18.15 0 0 0 0 -5.59723e-05 -4.57066e-06 -5.59723e-05 -4.57066e-06
18.16 0 0 0 0 -5.59564e-05 4.57974e-06 -5.59564e-05 4.57974e-06
18.17 0 0 0 0 -5.58733e-05 -4.26731e-06 -5.58733e-05 -4.26731e-06
18.18 0 0 0 0 -5.58529e-05 3.65583e-06 -5.58529e-05 3.65583e-06
18.19 0 0 0 0 -5.57791e-05 -2.78934e-06 -5.57791e-05 -2.78934e-06
18.2 0 0 0 0 -5.5746e-05 1.72905e-06 -5.5746e-05 1.72905e-06
18.21 0 0 0 0 -5.56879e-05 -5.50253e-07 -5.56879e-05 -5.50253e-07
18.22 0 0 0 0 -5.56377e-05 -6.64275e-07 -5.56377e-05 -6.64275e-07
18.23 0 0 0 0 -5.55976e-05 1.82882e-06 -5.55976e-05 1.82882e-06
18.24 0 0 0 0 -5.55303e-05 -2.86205e-06 -5.55303e-05 -2.86205e-06
18.25 0 0 0 0 -5.55056e-05 3.69142e-06 -5.55056e-05 3.69142e-06
18.26 0 0 0 0 -5.54263e-05 -4.25953e-06 -5.54263e-05 -4.25953e-06
18.27 0 0 0 0 -5.541e-05 4.52686e-06 -5.541e-05 4.52686e-06
18.28 0 0 0 0 -5.5327e-05 -4.47572e-06 -5.5327e-05 -4.47572e-06
18.29 0 0 0 0 -5.531e-05 4.11023e-06 -5.531e-05 4.11023e-06
18.3 0 0 0 0 -5.52326e-05 -3.45719e-06 -5.52326e-05 -3.45719e-06
18.31 0 0 0 0 -5.5206e-05 2.5629e-06 -5.5206e-05 2.5629e-06
18.32 0 0 0 0 -5.5142e-05 -1.49111e-06 -5.5142e-05 -1.49111e-06
18.33 0 0 0 0 -5.50997e-05 3.17241e-07 -5.50997e-05 3.17241e-07
18.34 0 0 0 0 -5.50531e-05 8.75689e-07 -5.50531e-05 8.75689e-07
18.35 0 0 0 0 -5.49934e-05 -2.00416e-06 -5.49934e-05 -2.00416e-06
18.36 0 0 0 0 -5.49636e-05 2.98879e-06 -5.49636e-05 2.98879e-06
18.37 0 0 0 0 -5.48895e-05 -3.76111e-06 -5.48895e-05 -3.76111e-06
18.38 0 0 0 0 -5.48712e-05 4.26713e-06 -5.48712e-05 4.26713e-06
18.39 0 0 0 0 -5.47899e-05 -4.47232e-06 -5.47899e-05 -4.47232e-06
18.4 0 0 0 0 -5.47747e-05 4.36274e-06 -5.47747e-05 4.36274e-06
18.41 0 0 0 0 -5.46951e-05 -3.94722e-06 -5.46951e-05 -3.94722e-06
18.42 0 0 0 0 -5.46738e-05 3.25543e-06 -5.46738e-05 3.25543e-06
18.43 0 0 0 0 -5.46047e-05 -2.33699e-06 -5.46047e-05 -2.33699e-06
18.44 0 0 0 0 -5.45699e-05 1.25667e-06 -5.45699e-05 1.25667e-06
18.45 0 0 0 0 -5.4517e-05 -9.10785e-08 -5.4517e-05 -9.10785e-08
18.46 0 0 0 0 -5.44651e-05 -1.07803e-06 -5.44651e-05 -1.07803e-06
18.47 0 0 0 0 -5.44295e-05 2.16822e-06 -5.44295e-05 2.16822e-06
18.48 0 0 0 0 -5.43617e-05 -3.10347e-06 -5.43617e-05 -3.10347e-06
18.49 0 0 0 0 -5.434e-05 3.81818e-06 -5.434e-05 3.81818e-06
18.5 0 0 0 0 -5.42618e-05 -4.26306e-06 -5.42618e-05 -4.26306e-06
18.51 0 0 0 0 -5.42468e-05 4.40726e-06 -5.42468e-05 4.40726e-06
18.52 0 0 0 0 -5.41666e-05 -4.24174e-06 -5.41666e-05 -4.24174e-06
18.53 0 0 0 0 -5.41493e-05 3.77864e-06 -5.41493e-05 3.77864e-06
18.54 0 0 0 0 -5.40761e-05 -3.05155e-06 -5.40761e-05 -3.05155e-06
18.55 0 0 0 0 -5.40481e-05 2.11192e-06 -5.40481e-05 2.11192e-06
18.56 0 0 0 0 -5.39891e-05 -1.02659e-06 -5.39891e-05 -1.02659e-06
18.57 0 0 0 0 -5.3945e-05 -1.28152e-07 -5.3945e-05 -1.28152e-07
18.58 0 0 0 0 -5.39033e-05 1.27073e-06 -5.39033e-05 1.27073e-06
18.59 0 0 0 0 -5.38424e-05 -2.32125e-06 -5.38424e-05 -2.32125e-06
18.6 0 0 0 0 -5.38163e-05 3.20587e-06 -5.38163e-05 3.20587e-06
18.61 0 0 0 0 -5.37425e-05 -3.86323e-06 -5.37425e-05 -3.86323e-06
18.62 0 0 0 0 -5.37263e-05 4.24744e-06 -5.37263e-05 4.24744e-06
18.63 0 0 0 0 -5.3647e-05 -4.33254e-06 -5.3647e-05 -4.33254e-06
18.64 0 0 0 0 -5.36321e-05 4.11305e-06 -5.36321e-05 4.11305e-06
18.65 0 0 0 0 -5.35562e-05 -3.60546e-06 -5.35562e-05 -3.60546e-06
18.66 0 0 0 0 -5.35338e-05 2.84588e-06 -5.35338e-05 2.84588e-06
18.67 0 0 0 0 -5.34694e-05 -1.88859e-06 -5.34694e-05 -1.88859e-06
18.68 0 0 0 0 -5.34329e-05 8.01035e-07 -5.34329e-05 8.01035e-07
18.69 0 0 0 0 -5.33848e-05 3.39778e-07 -5.33848e-05 3.39778e-07
18.7 0 0 0 0 -5.33314e-05 -1.45391e-06 -5.33314e-05 -1.45391e-06
18.71 0 0 0 0 -5.33001e-05 2.46289e-06 -5.33001e-05 2.46289e-06
18.72 0 0 0 0 -5.32318e-05 -3.29646e-06 -5.32318e-05 -3.29646e-06
18.73 0 0 0 0 -5.3213e-05 3.89623e-06 -5.3213e-05 3.89623e-06
18.74 0 0 0 0 -5.31359e-05 -4.22102e-06 -5.31359e-05 -4.22102e-06
18.75 0 0 0 0 -5.3122e-05 4.24842e-06 -5.3122e-05 4.24842e-06
18.76 0 0 0 0 -5.30448e-05 -3.97759e-06 -5.30448e-05 -3.97759e-06
18.77 0 0 0 0 -5.30268e-05 3.42803e-06 -5.30268e-05 3.42803e-06
18.78 0 0 0 0 -5.2958e-05 -2.63935e-06 -5.2958e-05 -2.63935e-06
18.79 0 0 0 0 -5.29284e-05 1.66726e-06 -5.29284e-05 1.66726e-06
18.8 0 0 0 0 -5.28742e-05 -5.80787e-07 -5.28742e-05 -5.80787e-07
18.81 0 0 0 0 -5.28284e-05 -5.43781e-07 -5.28284e-05 -5.43781e-07
18.82 0 0 0 0 -5.27912e-05 1.62709e-06 -5.27912e-05 1.62709e-06
18.83 0 0 0 0 -5.27294e-05 -2.59347e-06 -5.27294e-05 -2.59347e-06
18.84 0 0 0 0 -5.27067e-05 3.37509e-06 -5.27067e-05 3.37509e-06
18.85 0 0 0 0 -5.26334e-05 -3.91784e-06 -5.26334e-05 -3.91784e-06
18.86 0 0 0 0 -5.26189e-05 4.18395e-06 -5.26189e-05 4.18395e-06
18.87 0 0 0 0 -5.25418e-05 -4.15574e-06 -5.25418e-05 -4.15574e-06
18.88 0 0 0 0 -5.25269e-05 3.83568e-06 -5.25269e-05 3.83568e-06
18.89 0 0 0 0 -5.24548e-05 -3.24729e-06 -5.24548e-05 -3.24729e-06
18.9 0 0 0 0 -5.24311e-05 2.43228e-06 -5.24311e-05 2.43228e-06
18.91 0 0 0 0 -5.23714e-05 -1.44878e-06 -5.23714e-05 -1.44878e-06
18.92 0 0 0 0 -5.23331e-05 3.65967e-07 -5.23331e-05 3.65967e-07
18.93 0 0 0 0 -5.22897e-05 7.39564e-07 -5.22897e-05 7.39564e-07
18.94 0 0 0 0 -5.2235e-05 -1.79044e-06 -5.2235e-05 -1.79044e-06
18.95 0 0 0 0 -5.22075e-05 2.71271e-06 -5.22075e-05 2.71271e-06
18.96 0 0 0 0 -5.21391e-05 -3.44227e-06 -5.21391e-05 -3.44227e-06
18.97 0 0 0 0 -5.21226e-05 3.9281e-06 -5.21226e-05 3.9281e-06
18.98 0 0 0 0 -5.20471e-05 -4.13702e-06 -5.20471e-05 -4.13702e-06
18.99 0 0 0 0 -5.20337e-05 4.05479e-06 -5.20337e-05 4.05479e-06
19 0 0 0 0 -5.19597e-05 -3.68824e-06 -5.19597e-05 -3.68824e-06
19.01 0 0 0 0 -5.19409e-05 3.06355e-06 -5.19409e-05 3.06355e-06
19.02 0 0 0 0 -5.18764e-05 -2.22555e-06 -5.18764e-05 -2.22555e-06
19.03 0 0 0 0 -5.18451e-05 1.23334e-06 -5.18451e-05 1.23334e-06
19.04 0 0 0 0 -5.17956e-05 -1.57277e-07 -5.17956e-05 -1.57277e-07
19.05 0 0 0 0 -5.17483e-05 -9.27171e-07 -5.17483e-05 -9.27171e-07
19.06 0 0 0 0 -5.17152e-05 1.94355e-06 -5.17152e-05 1.94355e-06
19.07 0 0 0 0 -5.16528e-05 -2.82098e-06 -5.16528e-05 -2.82098e-06
19.08 0 0 0 0 -5.1633e-05 3.49792e-06 -5.1633e-05 3.49792e-06
19.09 0 0 0 0 -5.15605e-05 -3.92766e-06 -5.15605e-05 -3.92766e-06
19.1 0 0 0 0 -5.15472e-05 4.0804e-06 -5.15472e-05 4.0804e-06
19.11 0 0 0 0 -5.14726e-05 -3.94641e-06 -5.14726e-05 -3.94641e-06
19.12 0 0 0 0 -5.14574e-05 3.53557e-06 -5.14574e-05 3.53557e-06
19.13 0 0 0 0 -5.13892e-05 -2.87773e-06 -5.13892e-05 -2.87773e-06
19.14 0 0 0 0 -5.13641e-05 2.01943e-06 -5.13641e-05 2.01943e-06
19.15 0 0 0 0 -5.13089e-05 -1.02175e-06 -5.13089e-05 -1.02175e-06
19.16 0 0 0 0 -5.1269e-05 -4.52182e-08 -5.1269e-05 -4.52182e-08
19.17 0 0 0 0 -5.123e-05 1.10608e-06 -5.123e-05 1.10608e-06
19.18 0 0 0 0 -5.11741e-05 -2.08667e-06 -5.11741e-05 -2.08667e-06
19.19 0 0 0 0 -5.11501e-05 2.91807e-06 -5.11501e-05 2.91807e-06
19.2 0 0 0 0 -5.10818e-05 -3.54258e-06 -5.10818e-05 -3.54258e-06
19.21 0 0 0 0 -5.10672e-05 3.91663e-06 -5.10672e-05 3.91663e-06
19.22 0 0 0 0 -5.09935e-05 -4.01488e-06 -5.09935e-05 -4.01488e-06
19.23 0 0 0 0 -5.09805e-05 3.83089e-06 -5.09805e-05 3.83089e-06
19.24 0 0 0 0 -5.09097e-05 -3.37858e-06 -5.09097e-05 -3.37858e-06
19.25 0 0 0 0 -5.08899e-05 2.69013e-06 -5.08899e-05 2.69013e-06
19.26 0 0 0 0 -5.08297e-05 -1.81476e-06 -5.08297e-05 -1.81476e-06
19.27 0 0 0 0 -5.07967e-05 8.14136e-07 -5.07967e-05 8.14136e-07
19.28 0 0 0 0 -5.07518e-05 2.40888e-07 -5.07518e-05 2.40888e-07
19.29 0 0 0 0 -5.07029e-05 -1.2764e-06 -5.07029e-05 -1.2764e-06
19.3 0 0 0 0 -5.06738e-05 2.21946e-06 -5.06738e-05 2.21946e-06
19.31 0 0 0 0 -5.06108e-05 -3.00439e-06 -5.06108e-05 -3.00439e-06
19.32 0 0 0 0 -5.05936e-05 3.57624e-06 -5.05936e-05 3.57624e-06
19.33 0 0 0 0 -5.05222e-05 -3.89568e-06 -5.05222e-05 -3.89568e-06
19.34 0 0 0 0 -5.05098e-05 3.94068e-06 -5.05098e-05 3.94068e-06
19.35 0 0 0 0 -5.04379e-05 -3.70907e-06 -5.04379e-05 -3.70907e-06
19.36 0 0 0 0 -5.04221e-05 3.21756e-06 -5.04221e-05 3.21756e-06
19.37 0 0 0 0 -5.03578e-05 -2.5016e-06 -5.03578e-05 -2.5016e-06
19.38 0 0 0 0 -5.03312e-05 1.61175e-06 -5.03312e-05 1.61175e-06
19.39 0 0 0 0 -5.02805e-05 -6.11235e-07 -5.02805e-05 -6.11235e-07
19.4 0 0 0 0 -5.02389e-05 -4.29725e-07 -5.02389e-05 -4.29725e-07
19.41 0 0 0 0 -5.02041e-05 1.43766e-06 -5.02041e-05 1.43766e-06
19.42 0 0 0 0 -5.01473e-05 -2.3422e-06 -5.01473e-05 -2.3422e-06
19.43 0 0 0 0 -5.01263e-05 3.07982e-06 -5.01263e-05 3.07982e-06
19.44 0 0 0 0 -5.00584e-05 -3.59946e-06 -5.00584e-05 -3.59946e-06
19.45 0 0 0 0 -5.00454e-05 3.86495e-06 -5.00454e-05 3.86495e-06
19.46 0 0 0 0 -4.99737e-05 -3.85858e-06 -4.99737e-05 -3.85858e-06
19.47 0 0 0 0 -4.99606e-05 3.58123e-06 -4.99606e-05 3.58123e-06
19.48 0 0 0 0 -4.98933e-05 -3.05337e-06 -4.98933e-05 -3.05337e-06
19.49 0 0 0 0 -4.98722e-05 2.31241e-06 -4.98722e-05 2.31241e-06
19.5 0 0 0 0 -4.98163e-05 -1.4112e-06 -4.98163e-05 -1.4112e-06
19.51 0 0 0 0 -4.97816e-05 4.13145e-07 -4.97816e-05 4.13145e-07
19.52 0 0 0 0 -4.9741e-05 6.11167e-07 -4.9741e-05 6.11167e-07
19.53 0 0 0 0 -4.96909e-05 -1.59005e-06 -4.96909e-05 -1.59005e-06
19.54 0 0 0 0 -4.96652e-05 2.45463e-06 -4.96652e-05 2.45463e-06
19.55 0 0 0 0 -4.96021e-05 -3.1448e-06 -4.96021e-05 -3.1448e-06
19.56 0 0 0 0 -4.9587e-05 3.61228e-06 -4.9587e-05 3.61228e-06
19.57 0 0 0 0 -4.95169e-05 -3.82514e-06 -4.95169e-05 -3.82514e-06
19.58 0 0 0 0 -4.95052e-05 3.7688e-06 -4.95052e-05 3.7688e-06
19.59 0 0 0 0 -4.94361e-05 -3.44822e-06 -4.94361e-05 -3.44822e-06
19.6 0 0 0 0 -4.94195e-05 2.88629e-06 -4.94195e-05 2.88629e-06
19.61 0 0 0 0 -4.93591e-05 -2.12338e-06 -4.93591e-05 -2.12338e-06
19.62 0 0 0 0 -4.93309e-05 1.21327e-06 -4.93309e-05 1.21327e-06
19.63 0 0 0 0 -4.92846e-05 -2.20521e-07 -4.92846e-05 -2.20521e-07
19.64 0 0 0 0 -4.92414e-05 -7.85262e-07 -4.92414e-05 -7.85262e-07
19.65 0 0 0 0 -4.92105e-05 1.73317e-06 -4.92105e-05 1.73317e-06
19.66 0 0 0 0 -4.91529e-05 -2.55709e-06 -4.91529e-05 -2.55709e-06
19.67 0 0 0 0 -4.91347e-05 3.19924e-06 -4.91347e-05 3.19924e-06
19.68 0 0 0 0 -4.90675e-05 -3.61531e-06 -4.90675e-05 -3.61531e-06
19.69 0 0 0 0 -4.90556e-05 3.7764e-06 -4.90556e-05 3.7764e-06
19.7 0 0 0 0 -4.89861e-05 -3.67215e-06 -4.89861e-05 -3.67215e-06
19.71 0 0 0 0 -4.89727e-05 3.31029e-06 -4.89727e-05 3.31029e-06
19.72 0 0 0 0 -4.89089e-05 -2.71717e-06 -4.89089e-05 -2.71717e-06
19.73 0 0 0 0 -4.88865e-05 1.93474e-06 -4.88865e-05 1.93474e-06
19.74 0 0 0 0 -4.88348e-05 -1.0187e-06 -4.88348e-05 -1.0187e-06
19.75 0 0 0 0 -4.87985e-05 3.34141e-08 -4.87985e-05 3.34141e-08
19.76 0 0 0 0 -4.8762e-05 9.51514e-07 -4.8762e-05 9.51514e-07
19.77 0 0 0 0 -4.87107e-05 -1.86723e-06 -4.87107e-05 -1.86723e-06
19.78 0 0 0 0 -4.86883e-05 2.64937e-06 -4.86883e-05 2.64937e-06
19.79 0 0 0 0 -4.86251e-05 -3.24365e-06 -4.86251e-05 -3.24365e-06
19.8 0 0 0 0 -4.86119e-05 3.6086e-06 -4.86119e-05 3.6086e-06
19.81 0 0 0 0 -4.85433e-05 -3.71946e-06 -4.85433e-05 -3.71946e-06
19.82 0 0 0 0 -4.85318e-05 3.56884e-06 -4.85318e-05 3.56884e-06
19.83 0 0 0 0 -4.84657e-05 -3.16827e-06 -4.84657e-05 -3.16827e-06
19.84 0 0 0 0 -4.84481e-05 2.54625e-06 -4.84481e-05 2.54625e-06
19.85 0 0 0 0 -4.83917e-05 -1.74728e-06 -4.83917e-05 -1.74728e-06
19.86 0 0 0 0 -4.83619e-05 8.27622e-07 -4.83619e-05 8.27622e-07
19.87 0 0 0 0 -4.83198e-05 1.47584e-07 -4.83198e-05 1.47584e-07
19.88 0 0 0 0 -4.82751e-05 -1.11003e-06 -4.82751e-05 -1.11003e-06
19.89 0 0 0 0 -4.82478e-05 1.99192e-06 -4.82478e-05 1.99192e-06
19.9 0 0 0 0 -4.81897e-05 -2.73185e-06 -4.81897e-05 -2.73185e-06
19.91 0 0 0 0 -4.81738e-05 3.27799e-06 -4.81738e-05 3.27799e-06
19.92 0 0 0 0 -4.81075e-05 -3.59279e-06 -4.81075e-05 -3.59279e-06
19.93 0 0 0 0 -4.80965e-05 3.65448e-06 -4.80965e-05 3.65448e-06
19.94 0 0 0 0 -4.80295e-05 -3.45966e-06 -4.80295e-05 -3.45966e-06
19.95 0 0 0 0 -4.80155e-05 3.02242e-06 -4.80155e-05 3.02242e-06
19.96 0 0 0 0 -4.79553e-05 -2.37433e-06 -4.79553e-05 -2.37433e-06
19.97 0 0 0 0 -4.79314e-05 1.56117e-06 -4.79314e-05 1.56117e-06
19.98 0 0 0 0 -4.78839e-05 -6.40698e-07 -4.78839e-05 -6.40698e-07
19.99 0 0 0 0 -4.78459e-05 -3.22476e-07 -4.78459e-05 -3.22476e-07
20 0 0 0 0 -4.78133e-05 1.26037e-06 -4.78133e-05 1.26037e-06
