0.01 0 0 0 0 2.04472e-07 -2.54333e-05 2.04472e-07 -2.54333e-05
0.02 0 0 0 0 1.0903e-06 -2.54333e-05 1.0903e-06 -2.54333e-05
0.03 0 0 0 0 2.89635e-06 -2.54334e-05 2.89635e-06 -2.54334e-05
0.04 0 0 0 0 5.28868e-06 -2.54336e-05 5.28868e-06 -2.54336e-05
0.05 0 0 0 0 7.59851e-06 -2.54338e-05 7.59851e-06 -2.54338e-05
0.06 0 0 0 0 9.24866e-06 -2.54341e-05 9.24866e-06 -2.54341e-05
0.07 0 0 0 0 1.00977e-05 -2.54342e-05 1.00977e-05 -2.54342e-05
0.08 0 0 0 0 1.04984e-05 -2.54343e-05 1.04984e-05 -2.54343e-05
0.09 0 0 0 0 1.10539e-05 -2.54344e-05 1.10539e-05 -2.54344e-05
0.1 0 0 0 0 1.22372e-05 -2.54346e-05 1.22372e-05 -2.54346e-05
0.11 0 0 0 0 1.41136e-05 -2.5435e-05 1.41136e-05 -2.5435e-05
0.12 0 0 0 0 1.6327e-05 -2.54356e-05 1.6327e-05 -2.54356e-05
0.13 0 0 0 0 1.83418e-05 -2.54362e-05 1.83418e-05 -2.54362e-05
0.14 0 0 0 0 1.97769e-05 -2.54367e-05 1.97769e-05 -2.54367e-05
0.15 0 0 0 0 2.06245e-05 -2.5437e-05 2.06245e-05 -2.5437e-05
0.16 0 0 0 0 2.12314e-05 -2.54372e-05 2.12314e-05 -2.54372e-05
0.17 0 0 0 0 2.2068e-05 -2.54375e-05 2.2068e-05 -2.54375e-05
0.18 0 0 0 0 2.34396e-05 -2.5438e-05 2.34396e-05 -2.5438e-05
0.19 0 0 0 0 2.53139e-05 -2.54388e-05 2.53139e-05 -2.54388e-05
0.2 0 0 0 0 2.7363e-05 -2.54397e-05 2.7363e-05 -2.54397e-05
0.21 0 0 0 0 2.91781e-05 -2.54405e-05 2.91781e-05 -2.54405e-05
0.22 0 0 0 0 3.05175e-05 -2.54412e-05 3.05175e-05 -2.54412e-05
0.23 0 0 0 0 3.14386e-05 -2.54417e-05 3.14386e-05 -2.54417e-05
0.24 0 0 0 0 3.22445e-05 -2.54421e-05 3.22445e-05 -2.54421e-05
0.25 0 0 0 0 3.32887e-05 -2.54426e-05 3.32887e-05 -2.54426e-05
0.26 0 0 0 0 3.47646e-05 -2.54435e-05 3.47646e-05 -2.54435e-05
0.27 0 0 0 0 3.66019e-05 -2.54445e-05 3.66019e-05 -2.54445e-05
0.28 0 0 0 0 3.85263e-05 -2.54457e-05 3.85263e-05 -2.54457e-05
0.29 0 0 0 0 4.02334e-05 -2.54467e-05 4.02334e-05 -2.54467e-05
0.3 0 0 0 0 4.15681e-05 -2.54476e-05 4.15681e-05 -2.54476e-05
0.31 0 0 0 0 4.26038e-05 -2.54483e-05 4.26038e-05 -2.54483e-05
0.32 0 0 0 0 4.35848e-05 -2.5449e-05 4.35848e-05 -2.5449e-05
0.33 0 0 0 0 4.47742e-05 -2.54498e-05 4.47742e-05 -2.54498e-05
0.34 0 0 0 0 4.63008e-05 -2.54509e-05 4.63008e-05 -2.54509e-05
0.35 0 0 0 0 4.80954e-05 -2.54522e-05 4.80954e-05 -2.54522e-05
0.36 0 0 0 0 4.99439e-05 -2.54535e-05 4.99439e-05 -2.54535e-05
0.37 0 0 0 0 5.16193e-05 -2.54548e-05 5.16193e-05 -2.54548e-05
0.38 0 0 0 0 5.30115e-05 -2.54559e-05 5.30115e-05 -2.54559e-05
0.39 0 0 0 0 5.41809e-05 -2.54569e-05 5.41809e-05 -2.54569e-05
0.4 0 0 0 0 5.53126e-05 -2.54578e-05 5.53126e-05 -2.54578e-05
0.41 0 0 0 0 5.66042e-05 -2.54588e-05 5.66042e-05 -2.54588e-05
0.42 0 0 0 0 5.81547e-05 -2.54601e-05 5.81547e-05 -2.54601e-05
0.43 0 0 0 0 5.99166e-05 -2.54617e-05 5.99166e-05 -2.54617e-05
0.44 0 0 0 0 6.1733e-05 -2.54632e-05 6.1733e-05 -2.54632e-05
0.45 0 0 0 0 6.34318e-05 -2.54647e-05 6.34318e-05 -2.54647e-05
0.46 0 0 0 0 6.49214e-05 -2.54661e-05 6.49214e-05 -2.54661e-05
0.47 0 0 0 0 6.62348e-05 -2.54673e-05 6.62348e-05 -2.54673e-05
0.48 0 0 0 0 6.75026e-05 -2.54685e-05 6.75026e-05 -2.54685e-05
0.49 0 0 0 0 6.88755e-05 -2.54697e-05 6.88755e-05 -2.54697e-05
0.5 0 0 0 0 7.04419e-05 -2.54712e-05 7.04419e-05 -2.54712e-05
0.51 0 0 0 0 7.2185e-05 -2.54729e-05 7.2185e-05 -2.54729e-05
0.52 0 0 0 0 7.39997e-05 -2.54746e-05 7.39997e-05 -2.54746e-05
0.53 0 0 0 0 7.5755e-05 -2.54764e-05 7.5755e-05 -2.54764e-05
0.54 0 0 0 0 7.73654e-05 -2.54779e-05 7.73654e-05 -2.54779e-05
0.55 0 0 0 0 7.88319e-05 -2.54794e-05 7.88319e-05 -2.54794e-05
0.56 0 0 0 0 8.02355e-05 -2.54808e-05 8.02355e-05 -2.54808e-05
0.57 0 0 0 0 8.16891e-05 -2.54823e-05 8.16891e-05 -2.54823e-05
0.58 0 0 0 0 8.32768e-05 -2.54839e-05 8.32768e-05 -2.54839e-05
0.59 0 0 0 0 8.5013e-05 -2.54857e-05 8.5013e-05 -2.54857e-05
0.6 0 0 0 0 8.684e-05 -2.54876e-05 8.684e-05 -2.54876e-05
0.61 0 0 0 0 8.86633e-05 -2.54895e-05 8.86633e-05 -2.54895e-05
0.62 0 0 0 0 9.04022e-05 -2.54913e-05 9.04022e-05 -2.54913e-05
0.63 0 0 0 0 9.2029e-05 -2.54931e-05 9.2029e-05 -2.54931e-05
0.64 0 0 0 0 9.35793e-05 -2.54947e-05 9.35793e-05 -2.54947e-05
0.65 0 0 0 0 9.51293e-05 -2.54964e-05 9.51293e-05 -2.54964e-05
0.66 0 0 0 0 9.67552e-05 -2.54981e-05 9.67552e-05 -2.54981e-05
0.67 0 0 0 0 9.84953e-05 -2.55e-05 9.84953e-05 -2.55e-05
0.68 0 0 0 0 0.000100334 -2.55019e-05 0.000100334 -2.55019e-05
0.69 0 0 0 0 0.000102215 -2.5504e-05 0.000102215 -2.5504e-05
0.7 0 0 0 0 0.00010407 -2.5506e-05 0.00010407 -2.5506e-05
0.71 0 0 0 0 0.000105851 -2.55079e-05 0.000105851 -2.55079e-05
0.72 0 0 0 0 0.000107557 -2.55098e-05 0.000107557 -2.55098e-05
0.73 0 0 0 0 0.000109225 -2.55116e-05 0.000109225 -2.55116e-05
0.74 0 0 0 0 0.000110913 -2.55134e-05 0.000110913 -2.55134e-05
0.75 0 0 0 0 0.000112671 -2.55155e-05 0.000112671 -2.55155e-05
0.76 0 0 0 0 0.000114532 -2.55177e-05 0.000114532 -2.55177e-05
0.77 0 0 0 0 0.000116494 -2.55202e-05 0.000116494 -2.55202e-05
0.78 0 0 0 0 0.000118524 -2.55227e-05 0.000118524 -2.55227e-05
0.79 0 0 0 0 0.000120567 -2.55252e-05 0.000120567 -2.55252e-05
0.8 0 0 0 0 0.000122573 -2.55276e-05 0.000122573 -2.55276e-05
0.81 0 0 0 0 0.000124517 -2.553e-05 0.000124517 -2.553e-05
0.82 0 0 0 0 0.000126414 -2.55324e-05 0.000126414 -2.55324e-05
0.83 0 0 0 0 0.0001283 -2.55347e-05 0.0001283 -2.55347e-05
0.84 0 0 0 0 0.000130223 -2.5537e-05 0.000130223 -2.5537e-05
0.85 0 0 0 0 0.000132218 -2.55395e-05 0.000132218 -2.55395e-05
0.86 0 0 0 0 0.000134292 -2.5542e-05 0.000134292 -2.5542e-05
0.87 0 0 0 0 0.000136428 -2.55446e-05 0.000136428 -2.55446e-05
0.88 0 0 0 0 0.000138588 -2.55473e-05 0.000138588 -2.55473e-05
0.89 0 0 0 0 0.000140735 -2.55499e-05 0.000140735 -2.55499e-05
0.9 0 0 0 0 0.000142849 -2.55524e-05 0.000142849 -2.55524e-05
0.91 0 0 0 0 0.000144929 -2.55549e-05 0.000144929 -2.55549e-05
0.92 0 0 0 0 0.000146996 -2.55574e-05 0.000146996 -2.55574e-05
0.93 0 0 0 0 0.000149082 -2.55599e-05 0.000149082 -2.55599e-05
0.94 0 0 0 0 0.000151216 -2.55624e-05 0.000151216 -2.55624e-05
0.95 0 0 0 0 0.00015341 -2.5565e-05 0.00015341 -2.5565e-05
0.96 0 0 0 0 0.000155662 -2.55677e-05 0.000155662 -2.55677e-05
0.97 0 0 0 0 0.000157951 -2.55704e-05 0.000157951 -2.55704e-05
0.98 0 0 0 0 0.000160251 -2.5573e-05 0.000160251 -2.5573e-05
0.99 0 0 0 0 0.000162541 -2.55757e-05 0.000162541 -2.55757e-05
1 0 0 0 0 0.00016481 -2.55783e-05 0.00016481 -2.55783e-05
1.01 0 0 0 0 0.000167064 -2.55809e-05 0.000167064 -2.55809e-05
1.02 0 0 0 0 0.00016932 -2.55835e-05 0.00016932 -2.55835e-05
1.03 0 0 0 0 0.000171598 -2.5586e-05 0.000171598 -2.5586e-05
1.04 0 0 0 0 0.000173916 -2.55886e-05 0.000173916 -2.55886e-05
1.05 0 0 0 0 0.000176279 -2.55913e-05 0.000176279 -2.55913e-05
1.06 0 0 0 0 0.000178689 -2.55941e-05 0.000178689 -2.55941e-05
1.07 0 0 0 0 0.000181158 -2.55971e-05 0.000181158 -2.55971e-05
1.08 0 0 0 0 0.00018371 -2.56002e-05 0.00018371 -2.56002e-05
1.09 0 0 0 0 0.000186361 -2.56034e-05 0.000186361 -2.56034e-05
1.1 0 0 0 0 0.000189095 -2.56066e-05 0.000189095 -2.56066e-05
1.11 0 0 0 0 0.000191883 -2.56099e-05 0.000191883 -2.56099e-05
1.12 0 0 0 0 0.000194683 -2.56132e-05 0.000194683 -2.56132e-05
1.13 0 0 0 0 0.000197463 -2.56164e-05 0.000197463 -2.56164e-05
1.14 0 0 0 0 0.000200206 -2.56196e-05 0.000200206 -2.56196e-05
1.15 0 0 0 0 0.000202918 -2.56226e-05 0.000202918 -2.56226e-05
1.16 0 0 0 0 0.000205618 -2.56257e-05 0.000205618 -2.56257e-05
1.17 0 0 0 0 0.000208338 -2.56287e-05 0.000208338 -2.56287e-05
1.18 0 0 0 0 0.000211106 -2.56318e-05 0.000211106 -2.56318e-05
1.19 0 0 0 0 0.000213942 -2.56349e-05 0.000213942 -2.56349e-05
1.2 0 0 0 0 0.000216848 -2.5638e-05 0.000216848 -2.5638e-05
1.21 0 0 0 0 0.000219813 -2.56412e-05 0.000219813 -2.56412e-05
1.22 0 0 0 0 0.000222814 -2.56443e-05 0.000222814 -2.56443e-05
1.23 0 0 0 0 0.000225827 -2.56475e-05 0.000225827 -2.56475e-05
1.24 0 0 0 0 0.000228832 -2.56506e-05 0.000228832 -2.56506e-05
1.25 0 0 0 0 0.000231819 -2.56537e-05 0.000231819 -2.56537e-05
1.26 0 0 0 0 0.000234789 -2.56566e-05 0.000234789 -2.56566e-05
1.27 0 0 0 0 0.000237757 -2.56596e-05 0.000237757 -2.56596e-05
1.28 0 0 0 0 0.00024074 -2.56625e-05 0.00024074 -2.56625e-05
1.29 0 0 0 0 0.000243757 -2.56655e-05 0.000243757 -2.56655e-05
1.3 0 0 0 0 0.000246839 -2.56687e-05 0.000246839 -2.56687e-05
1.31 0 0 0 0 0.000250051 -2.5672e-05 0.000250051 -2.5672e-05
1.32 0 0 0 0 0.000253451 -2.56755e-05 0.000253451 -2.56755e-05
1.33 0 0 0 0 0.000257059 -2.56792e-05 0.000257059 -2.56792e-05
1.34 0 0 0 0 0.000260845 -2.56829e-05 0.000260845 -2.56829e-05
1.35 0 0 0 0 0.000264744 -2.56868e-05 0.000264744 -2.56868e-05
1.36 0 0 0 0 0.000268675 -2.56906e-05 0.000268675 -2.56906e-05
1.37 0 0 0 0 0.000272564 -2.56943e-05 0.000272564 -2.56943e-05
1.38 0 0 0 0 0.000276359 -2.56978e-05 0.000276359 -2.56978e-05
1.39 0 0 0 0 0.000280039 -2.57012e-05 0.000280039 -2.57012e-05
1.4 0 0 0 0 0.000283624 -2.57045e-05 0.000283624 -2.57045e-05
1.41 0 0 0 0 0.000287157 -2.57077e-05 0.000287157 -2.57077e-05
1.42 0 0 0 0 0.000290698 -2.57108e-05 0.000290698 -2.57108e-05
1.43 0 0 0 0 0.000294308 -2.57139e-05 0.000294308 -2.57139e-05
1.44 0 0 0 0 0.000298029 -2.57171e-05 0.000298029 -2.57171e-05
1.45 0 0 0 0 0.000301882 -2.57204e-05 0.000301882 -2.57204e-05
1.46 0 0 0 0 0.000305859 -2.57237e-05 0.000305859 -2.57237e-05
1.47 0 0 0 0 0.000309929 -2.5727e-05 0.000309929 -2.5727e-05
1.48 0 0 0 0 0.000314047 -2.57303e-05 0.000314047 -2.57303e-05
1.49 0 0 0 0 0.000318167 -2.57336e-05 0.000318167 -2.57336e-05
1.5 0 0 0 0 0.00032229 -2.5737e-05 0.00032229 -2.5737e-05
1.51 0 0 0 0 0.000326484 -2.57405e-05 0.000326484 -2.57405e-05
1.52 0 0 0 0 0.000330833 -2.5744e-05 0.000330833 -2.5744e-05
1.53 0 0 0 0 0.000335392 -2.57477e-05 0.000335392 -2.57477e-05
1.54 0 0 0 0 0.000340176 -2.57514e-05 0.000340176 -2.57514e-05
1.55 0 0 0 0 0.000345162 -2.57553e-05 0.000345162 -2.57553e-05
1.56 0 0 0 0 0.000350294 -2.57591e-05 0.000350294 -2.57591e-05
1.57 0 0 0 0 0.000355499 -2.5763e-05 0.000355499 -2.5763e-05
1.58 0 0 0 0 0.0003607 -2.57667e-05 0.0003607 -2.57667e-05
1.59 0 0 0 0 0.000365834 -2.57703e-05 0.000365834 -2.57703e-05
1.6 0 0 0 0 0.000370858 -2.57738e-05 0.000370858 -2.57738e-05
1.61 0 0 0 0 0.000375757 -2.57771e-05 0.000375757 -2.57771e-05
1.62 0 0 0 0 0.000380547 -2.57803e-05 0.000380547 -2.57803e-05
1.63 0 0 0 0 0.000385266 -2.57833e-05 0.000385266 -2.57833e-05
1.64 0 0 0 0 0.000389965 -2.57864e-05 0.000389965 -2.57864e-05
1.65 0 0 0 0 0.000394701 -2.57893e-05 0.000394701 -2.57893e-05
1.66 0 0 0 0 0.00039952 -2.57923e-05 0.00039952 -2.57923e-05
1.67 0 0 0 0 0.000404469 -2.57953e-05 0.000404469 -2.57953e-05
1.68 0 0 0 0 0.000409621 -2.57987e-05 0.000409621 -2.57987e-05
1.69 0 0 0 0 0.000415085 -2.5802e-05 0.000415085 -2.5802e-05
1.7 0 0 0 0 0.000420944 -2.58056e-05 0.000420944 -2.58056e-05
1.71 0 0 0 0 0.00042722 -2.58093e-05 0.00042722 -2.58093e-05
1.72 0 0 0 0 0.000433876 -2.58132e-05 0.000433876 -2.58132e-05
1.73 0 0 0 0 0.000440826 -2.58171e-05 0.000440826 -2.58171e-05
1.74 0 0 0 0 0.000447949 -2.5821e-05 0.000447949 -2.5821e-05
1.75 0 0 0 0 0.000455113 -2.58249e-05 0.000455113 -2.58249e-05
1.76 0 0 0 0 0.000462193 -2.58285e-05 0.000462193 -2.58285e-05
1.77 0 0 0 0 0.000469088 -2.58321e-05 0.000469088 -2.58321e-05
1.78 0 0 0 0 0.000475735 -2.58353e-05 0.000475735 -2.58353e-05
1.79 0 0 0 0 0.000482114 -2.58384e-05 0.000482114 -2.58384e-05
1.8 0 0 0 0 0.000488248 -2.58413e-05 0.000488248 -2.58413e-05
1.81 0 0 0 0 0.000494196 -2.5844e-05 0.000494196 -2.5844e-05
1.82 0 0 0 0 0.000500042 -2.58467e-05 0.000500042 -2.58467e-05
1.83 0 0 0 0 0.000505885 -2.58493e-05 0.000505885 -2.58493e-05
1.84 0 0 0 0 0.000511873 -2.5852e-05 0.000511873 -2.5852e-05
1.85 0 0 0 0 0.000518209 -2.58549e-05 0.000518209 -2.58549e-05
1.86 0 0 0 0 0.000525079 -2.58579e-05 0.000525079 -2.58579e-05
1.87 0 0 0 0 0.000532599 -2.58611e-05 0.000532599 -2.58611e-05
1.88 0 0 0 0 0.000540803 -2.58645e-05 0.000540803 -2.58645e-05
1.89 0 0 0 0 0.000549649 -2.5868e-05 0.000549649 -2.5868e-05
1.9 0 0 0 0 0.000559025 -2.58717e-05 0.000559025 -2.58717e-05
1.91 0 0 0 0 0.000568772 -2.58753e-05 0.000568772 -2.58753e-05
1.92 0 0 0 0 0.000578701 -2.5879e-05 0.000578701 -2.5879e-05
1.93 0 0 0 0 0.000588617 -2.58824e-05 0.000588617 -2.58824e-05
1.94 0 0 0 0 0.000598342 -2.58857e-05 0.000598342 -2.58857e-05
1.95 0 0 0 0 0.000607734 -2.58888e-05 0.000607734 -2.58888e-05
1.96 0 0 0 0 0.000616698 -2.58916e-05 0.000616698 -2.58916e-05
1.97 0 0 0 0 0.000625195 -2.58943e-05 0.000625195 -2.58943e-05
1.98 0 0 0 0 0.000633254 -2.58967e-05 0.000633254 -2.58967e-05
1.99 0 0 0 0 0.000641018 -2.58991e-05 0.000641018 -2.58991e-05
2 0 0 0 0 0.000648744 -2.59014e-05 0.000648744 -2.59014e-05
2.01 0 0 0 0 0.000656718 -2.59038e-05 0.000656718 -2.59038e-05
2.02 0 0 0 0 0.000665186 -2.59062e-05 0.000665186 -2.59062e-05
2.03 0 0 0 0 0.000674334 -2.59087e-05 0.000674334 -2.59087e-05
2.04 0 0 0 0 0.000684276 -2.59114e-05 0.000684276 -2.59114e-05
2.05 0 0 0 0 0.000695054 -2.59142e-05 0.000695054 -2.59142e-05
2.06 0 0 0 0 0.000706633 -2.5917e-05 0.000706633 -2.5917e-05
2.07 0 0 0 0 0.000718914 -2.592e-05 0.000718914 -2.592e-05
2.08 0 0 0 0 0.000731745 -2.59229e-05 0.000731745 -2.59229e-05
2.09 0 0 0 0 0.000744935 -2.59258e-05 0.000744935 -2.59258e-05
2.1 0 0 0 0 0.000758279 -2.59287e-05 0.000758279 -2.59287e-05
2.11 0 0 0 0 0.000771568 -2.59313e-05 0.000771568 -2.59313e-05
2.12 0 0 0 0 0.000784615 -2.59339e-05 0.000784615 -2.59339e-05
2.13 0 0 0 0 0.000797285 -2.59362e-05 0.000797285 -2.59362e-05
2.14 0 0 0 0 0.000809582 -2.59386e-05 0.000809582 -2.59386e-05
2.15 0 0 0 0 0.000821665 -2.59407e-05 0.000821665 -2.59407e-05
2.16 0 0 0 0 0.000833748 -2.59429e-05 0.000833748 -2.59429e-05
2.17 0 0 0 0 0.000846031 -2.59449e-05 0.000846031 -2.59449e-05
2.18 0 0 0 0 0.000858684 -2.5947e-05 0.000858684 -2.5947e-05
2.19 0 0 0 0 0.000871844 -2.5949e-05 0.000871844 -2.5949e-05
2.2 0 0 0 0 0.000885604 -2.59511e-05 0.000885604 -2.59511e-05
2.21 0 0 0 0 0.00090001 -2.59531e-05 0.00090001 -2.59531e-05
2.22 0 0 0 0 0.000915068 -2.59552e-05 0.000915068 -2.59552e-05
2.23 0 0 0 0 0.000930735 -2.59573e-05 0.000930735 -2.59573e-05
2.24 0 0 0 0 0.000946936 -2.59592e-05 0.000946936 -2.59592e-05
2.25 0 0 0 0 0.000963562 -2.59612e-05 0.000963562 -2.59612e-05
2.26 0 0 0 0 0.000980483 -2.59631e-05 0.000980483 -2.59631e-05
2.27 0 0 0 0 0.000997558 -2.59649e-05 0.000997558 -2.59649e-05
2.28 0 0 0 0 0.00101466 -2.59667e-05 0.00101466 -2.59667e-05
2.29 0 0 0 0 0.00103177 -2.59684e-05 0.00103177 -2.59684e-05
2.3 0 0 0 0 0.00104904 -2.597e-05 0.00104904 -2.597e-05
2.31 0 0 0 0 0.00106667 -2.59716e-05 0.00106667 -2.59716e-05
2.32 0 0 0 0 0.00108481 -2.59732e-05 0.00108481 -2.59732e-05
2.33 0 0 0 0 0.0011036 -2.59747e-05 0.0011036 -2.59747e-05
2.34 0 0 0 0 0.00112314 -2.59762e-05 0.00112314 -2.59762e-05
2.35 0 0 0 0 0.00114346 -2.59777e-05 0.00114346 -2.59777e-05
2.36 0 0 0 0 0.00116458 -2.59792e-05 0.00116458 -2.59792e-05
2.37 0 0 0 0 0.00118647 -2.59805e-05 0.00118647 -2.59805e-05
2.38 0 0 0 0 0.00120906 -2.59819e-05 0.00120906 -2.59819e-05
2.39 0 0 0 0 0.00123225 -2.59832e-05 0.00123225 -2.59832e-05
2.4 0 0 0 0 0.00125593 -2.59844e-05 0.00125593 -2.59844e-05
2.41 0 0 0 0 0.00127996 -2.59856e-05 0.00127996 -2.59856e-05
2.42 0 0 0 0 0.00130418 -2.59866e-05 0.00130418 -2.59866e-05
2.43 0 0 0 0 0.00132848 -2.59876e-05 0.00132848 -2.59876e-05
2.44 0 0 0 0 0.00135285 -2.59886e-05 0.00135285 -2.59886e-05
2.45 0 0 0 0 0.0013775 -2.59895e-05 0.0013775 -2.59895e-05
2.46 0 0 0 0 0.00140266 -2.59903e-05 0.00140266 -2.59903e-05
2.47 0 0 0 0 0.00142854 -2.59911e-05 0.00142854 -2.59911e-05
2.48 0 0 0 0 0.00145531 -2.59918e-05 0.00145531 -2.59918e-05
2.49 0 0 0 0 0.0014831 -2.59926e-05 0.0014831 -2.59926e-05
2.5 0 0 0 0 0.001512 -2.59932e-05 0.001512 -2.59932e-05
2.51 0 0 0 0 0.00154205 -2.59939e-05 0.00154205 -2.59939e-05
2.52 0 0 0 0 0.00157325 -2.59944e-05 0.00157325 -2.59944e-05
2.53 0 0 0 0 0.00160556 -2.59949e-05 0.00160556 -2.59949e-05
2.54 0 0 0 0 0.00163893 -2.59954e-05 0.00163893 -2.59954e-05
2.55 0 0 0 0 0.00167324 -2.59957e-05 0.00167324 -2.59957e-05
2.56 0 0 0 0 0.00170835 -2.5996e-05 0.00170835 -2.5996e-05
2.57 0 0 0 0 0.00174412 -2.59961e-05 0.00174412 -2.59961e-05
2.58 0 0 0 0 0.00178036 -2.59961e-05 0.00178036 -2.59961e-05
2.59 0 0 0 0 0.00181689 -2.59958e-05 0.00181689 -2.59958e-05
2.6 0 0 0 0 0.00185367 -2.59956e-05 0.00185367 -2.59956e-05
2.61 0 0 0 0 0.00189089 -2.59952e-05 0.00189089 -2.59952e-05
2.62 0 0 0 0 0.00192878 -2.59947e-05 0.00192878 -2.59947e-05
2.63 0 0 0 0 0.00196756 -2.59941e-05 0.00196756 -2.59941e-05
2.64 0 0 0 0 0.0020074 -2.59934e-05 0.0020074 -2.59934e-05
2.65 0 0 0 0 0.00204841 -2.59926e-05 0.00204841 -2.59926e-05
2.66 0 0 0 0 0.00209068 -2.59917e-05 0.00209068 -2.59917e-05
2.67 0 0 0 0 0.00213426 -2.59906e-05 0.00213426 -2.59906e-05
2.68 0 0 0 0 0.00217914 -2.59894e-05 0.00217914 -2.59894e-05
2.69 0 0 0 0 0.00222529 -2.59881e-05 0.00222529 -2.59881e-05
2.7 0 0 0 0 0.00227263 -2.59866e-05 0.00227263 -2.59866e-05
2.71 0 0 0 0 0.00232106 -2.5985e-05 0.00232106 -2.5985e-05
2.72 0 0 0 0 0.00237043 -2.59832e-05 0.00237043 -2.59832e-05
2.73 0 0 0 0 0.00242059 -2.59813e-05 0.00242059 -2.59813e-05
2.74 0 0 0 0 0.00247134 -2.59792e-05 0.00247134 -2.59792e-05
2.75 0 0 0 0 0.00252249 -2.5977e-05 0.00252249 -2.5977e-05
2.76 0 0 0 0 0.00257381 -2.59747e-05 0.00257381 -2.59747e-05
2.77 0 0 0 0 0.00262509 -2.59722e-05 0.00262509 -2.59722e-05
2.78 0 0 0 0 0.00267611 -2.59696e-05 0.00267611 -2.59696e-05
2.79 0 0 0 0 0.00272669 -2.59669e-05 0.00272669 -2.59669e-05
2.8 0 0 0 0 0.00277685 -2.59642e-05 0.00277685 -2.59642e-05
2.81 0 0 0 0 0.00282678 -2.59613e-05 0.00282678 -2.59613e-05
2.82 0 0 0 0 0.00287675 -2.59585e-05 0.00287675 -2.59585e-05
2.83 0 0 0 0 0.00292698 -2.59555e-05 0.00292698 -2.59555e-05
2.84 0 0 0 0 0.00297767 -2.59525e-05 0.00297767 -2.59525e-05
2.85 0 0 0 0 0.003029 -2.59494e-05 0.003029 -2.59494e-05
2.86 0 0 0 0 0.0030811 -2.59462e-05 0.0030811 -2.59462e-05
2.87 0 0 0 0 0.0031341 -2.59429e-05 0.0031341 -2.59429e-05
2.88 0 0 0 0 0.00318808 -2.59395e-05 0.00318808 -2.59395e-05
2.89 0 0 0 0 0.00324309 -2.59359e-05 0.00324309 -2.59359e-05
2.9 0 0 0 0 0.00329915 -2.59323e-05 0.00329915 -2.59323e-05
2.91 0 0 0 0 0.00335626 -2.59285e-05 0.00335626 -2.59285e-05
2.92 0 0 0 0 0.0034144 -2.59245e-05 0.0034144 -2.59245e-05
2.93 0 0 0 0 0.00347351 -2.59205e-05 0.00347351 -2.59205e-05
2.94 0 0 0 0 0.00353352 -2.59162e-05 0.00353352 -2.59162e-05
2.95 0 0 0 0 0.00359433 -2.59119e-05 0.00359433 -2.59119e-05
2.96 0 0 0 0 0.00365582 -2.59074e-05 0.00365582 -2.59074e-05
2.97 0 0 0 0 0.00371787 -2.59029e-05 0.00371787 -2.59029e-05
2.98 0 0 0 0 0.00378034 -2.58982e-05 0.00378034 -2.58982e-05
2.99 0 0 0 0 0.00384308 -2.58935e-05 0.00384308 -2.58935e-05
3 0 0 0 0 0.00390593 -2.58886e-05 0.00390593 -2.58886e-05
3.01 0 0 0 0 0.00396874 -2.58837e-05 0.00396874 -2.58837e-05
3.02 0 0 0 0 0.00403133 -2.58787e-05 0.00403133 -2.58787e-05
3.03 0 0 0 0 0.00409357 -2.58737e-05 0.00409357 -2.58737e-05
3.04 0 0 0 0 0.00415529 -2.58686e-05 0.00415529 -2.58686e-05
3.05 0 0 0 0 0.00421635 -2.58635e-05 0.00421635 -2.58635e-05
3.06 0 0 0 0 0.00427662 -2.58585e-05 0.00427662 -2.58585e-05
3.07 0 0 0 0 0.00433597 -2.58533e-05 0.00433597 -2.58533e-05
3.08 0 0 0 0 0.00439431 -2.58483e-05 0.00439431 -2.58483e-05
3.09 0 0 0 0 0.00445153 -2.58433e-05 0.00445153 -2.58433e-05
3.1 0 0 0 0 0.00450757 -2.58383e-05 0.00450757 -2.58383e-05
3.11 0 0 0 0 0.00456236 -2.58333e-05 0.00456236 -2.58333e-05
3.12 0 0 0 0 0.00461587 -2.58285e-05 0.00461587 -2.58285e-05
3.13 0 0 0 0 0.00466808 -2.58237e-05 0.00466808 -2.58237e-05
3.14 0 0 0 0 0.00471899 -2.58189e-05 0.00471899 -2.58189e-05
3.15 0 0 0 0 0.00476861 -2.58142e-05 0.00476861 -2.58142e-05
3.16 0 0 0 0 0.00481698 -2.58096e-05 0.00481698 -2.58096e-05
3.17 0 0 0 0 0.00486414 -2.58051e-05 0.00486414 -2.58051e-05
3.18 0 0 0 0 0.00491015 -2.58006e-05 0.00491015 -2.58006e-05
3.19 0 0 0 0 0.00495509 -2.57962e-05 0.00495509 -2.57962e-05
3.2 0 0 0 0 0.00499904 -2.57918e-05 0.00499904 -2.57918e-05
3.21 0 0 0 0 0.00504219 -2.57875e-05 0.00504219 -2.57875e-05
3.22 0 0 0 0 0.00508481 -2.57832e-05 0.00508481 -2.57832e-05
3.23 0 0 0 0 0.00512723 -2.57789e-05 0.00512723 -2.57789e-05
3.24 0 0 0 0 0.00516978 -2.57746e-05 0.00516978 -2.57746e-05
3.25 0 0 0 0 0.00521272 -2.57703e-05 0.00521272 -2.57703e-05
3.26 0 0 0 0 0.00525631 -2.57658e-05 0.00525631 -2.57658e-05
3.27 0 0 0 0 0.00530078 -2.57613e-05 0.00530078 -2.57613e-05
3.28 0 0 0 0 0.00534633 -2.57566e-05 0.00534633 -2.57566e-05
3.29 0 0 0 0 0.0053931 -2.57518e-05 0.0053931 -2.57518e-05
3.3 0 0 0 0 0.00544123 -2.57469e-05 0.00544123 -2.57469e-05
3.31 0 0 0 0 0.00549082 -2.57418e-05 0.00549082 -2.57418e-05
3.32 0 0 0 0 0.00554193 -2.57365e-05 0.00554193 -2.57365e-05
3.33 0 0 0 0 0.00559458 -2.5731e-05 0.00559458 -2.5731e-05
3.34 0 0 0 0 0.00564879 -2.57254e-05 0.00564879 -2.57254e-05
3.35 0 0 0 0 0.00570453 -2.57196e-05 0.00570453 -2.57196e-05
3.36 0 0 0 0 0.00576174 -2.57136e-05 0.00576174 -2.57136e-05
3.37 0 0 0 0 0.00582035 -2.57075e-05 0.00582035 -2.57075e-05
3.38 0 0 0 0 0.00588027 -2.57011e-05 0.00588027 -2.57011e-05
3.39 0 0 0 0 0.00594138 -2.56947e-05 0.00594138 -2.56947e-05
3.4 0 0 0 0 0.00600357 -2.56881e-05 0.00600357 -2.56881e-05
3.41 0 0 0 0 0.00606668 -2.56814e-05 0.00606668 -2.56814e-05
3.42 0 0 0 0 0.00613058 -2.56746e-05 0.00613058 -2.56746e-05
3.43 0 0 0 0 0.0061951 -2.56677e-05 0.0061951 -2.56677e-05
3.44 0 0 0 0 0.00626009 -2.56607e-05 0.00626009 -2.56607e-05
3.45 0 0 0 0 0.0063254 -2.56537e-05 0.0063254 -2.56537e-05
3.46 0 0 0 0 0.00639087 -2.56466e-05 0.00639087 -2.56466e-05
3.47 0 0 0 0 0.00645634 -2.56395e-05 0.00645634 -2.56395e-05
3.48 0 0 0 0 0.00652168 -2.56324e-05 0.00652168 -2.56324e-05
3.49 0 0 0 0 0.00658675 -2.56253e-05 0.00658675 -2.56253e-05
3.5 0 0 0 0 0.00665142 -2.56182e-05 0.00665142 -2.56182e-05
3.51 0 0 0 0 0.00671559 -2.56112e-05 0.00671559 -2.56112e-05
3.52 0 0 0 0 0.00677914 -2.56042e-05 0.00677914 -2.56042e-05
3.53 0 0 0 0 0.006842 -2.55972e-05 0.006842 -2.55972e-05
3.54 0 0 0 0 0.00690409 -2.55903e-05 0.00690409 -2.55903e-05
3.55 0 0 0 0 0.00696535 -2.55835e-05 0.00696535 -2.55835e-05
3.56 0 0 0 0 0.00702574 -2.55767e-05 0.00702574 -2.55767e-05
3.57 0 0 0 0 0.00708524 -2.557e-05 0.00708524 -2.557e-05
3.58 0 0 0 0 0.00714384 -2.55635e-05 0.00714384 -2.55635e-05
3.59 0 0 0 0 0.00720152 -2.55569e-05 0.00720152 -2.55569e-05
3.6 0 0 0 0 0.0072583 -2.55505e-05 0.0072583 -2.55505e-05
3.61 0 0 0 0 0.00731421 -2.55442e-05 0.00731421 -2.55442e-05
3.62 0 0 0 0 0.00736929 -2.55379e-05 0.00736929 -2.55379e-05
3.63 0 0 0 0 0.00742357 -2.55317e-05 0.00742357 -2.55317e-05
3.64 0 0 0 0 0.00747711 -2.55256e-05 0.00747711 -2.55256e-05
3.65 0 0 0 0 0.00752997 -2.55195e-05 0.00752997 -2.55195e-05
3.66 0 0 0 0 0.00758222 -2.55135e-05 0.00758222 -2.55135e-05
3.67 0 0 0 0 0.00763392 -2.55075e-05 0.00763392 -2.55075e-05
3.68 0 0 0 0 0.00768513 -2.55016e-05 0.00768513 -2.55016e-05
3.69 0 0 0 0 0.00773594 -2.54957e-05 0.00773594 -2.54957e-05
3.7 0 0 0 0 0.00778642 -2.54898e-05 0.00778642 -2.54898e-05
3.71 0 0 0 0 0.00783663 -2.5484e-05 0.00783663 -2.5484e-05
3.72 0 0 0 0 0.00788664 -2.54781e-05 0.00788664 -2.54781e-05
3.73 0 0 0 0 0.00793652 -2.54723e-05 0.00793652 -2.54723e-05
3.74 0 0 0 0 0.00798633 -2.54664e-05 0.00798633 -2.54664e-05
3.75 0 0 0 0 0.00803611 -2.54605e-05 0.00803611 -2.54605e-05
3.76 0 0 0 0 0.00808592 -2.54547e-05 0.00808592 -2.54547e-05
3.77 0 0 0 0 0.00813579 -2.54487e-05 0.00813579 -2.54487e-05
3.78 0 0 0 0 0.00818577 -2.54428e-05 0.00818577 -2.54428e-05
3.79 0 0 0 0 0.00823589 -2.54368e-05 0.00823589 -2.54368e-05
3.8 0 0 0 0 0.00828615 -2.54309e-05 0.00828615 -2.54309e-05
3.81 0 0 0 0 0.00833658 -2.54248e-05 0.00833658 -2.54248e-05
3.82 0 0 0 0 0.00838719 -2.54187e-05 0.00838719 -2.54187e-05
3.83 0 0 0 0 0.00843798 -2.54126e-05 0.00843798 -2.54126e-05
3.84 0 0 0 0 0.00848894 -2.54065e-05 0.00848894 -2.54065e-05
3.85 0 0 0 0 0.00854006 -2.54003e-05 0.00854006 -2.54003e-05
3.86 0 0 0 0 0.00859132 -2.53941e-05 0.00859132 -2.53941e-05
3.87 0 0 0 0 0.00864272 -2.53878e-05 0.00864272 -2.53878e-05
3.88 0 0 0 0 0.00869422 -2.53815e-05 0.00869422 -2.53815e-05
3.89 0 0 0 0 0.00874581 -2.53753e-05 0.00874581 -2.53753e-05
3.9 0 0 0 0 0.00879744 -2.53689e-05 0.00879744 -2.53689e-05
3.91 0 0 0 0 0.0088491 -2.53626e-05 0.0088491 -2.53626e-05
3.92 0 0 0 0 0.00890075 -2.53562e-05 0.00890075 -2.53562e-05
3.93 0 0 0 0 0.00895236 -2.53498e-05 0.00895236 -2.53498e-05
3.94 0 0 0 0 0.0090039 -2.53434e-05 0.0090039 -2.53434e-05
3.95 0 0 0 0 0.00905534 -2.53371e-05 0.00905534 -2.53371e-05
3.96 0 0 0 0 0.00910666 -2.53307e-05 0.00910666 -2.53307e-05
3.97 0 0 0 0 0.00915781 -2.53243e-05 0.00915781 -2.53243e-05
3.98 0 0 0 0 0.00920879 -2.53179e-05 0.00920879 -2.53179e-05
3.99 0 0 0 0 0.00925957 -2.53115e-05 0.00925957 -2.53115e-05
4 0 0 0 0 0.00931012 -2.53052e-05 0.00931012 -2.53052e-05
4.01 0 0 0 0 0.00936044 -2.52988e-05 0.00936044 -2.52988e-05
4.02 0 0 0 0 0.00941052 -2.52925e-05 0.00941052 -2.52925e-05
4.03 0 0 0 0 0.00946033 -2.52862e-05 0.00946033 -2.52862e-05
4.04 0 0 0 0 0.00950988 -2.52799e-05 0.00950988 -2.52799e-05
4.05 0 0 0 0 0.00955916 -2.52736e-05 0.00955916 -2.52736e-05
4.06 0 0 0 0 0.00960817 -2.52674e-05 0.00960817 -2.52674e-05
4.07 0 0 0 0 0.00965692 -2.52611e-05 0.00965692 -2.52611e-05
4.08 0 0 0 0 0.00970541 -2.52549e-05 0.00970541 -2.52549e-05
4.09 0 0 0 0 0.00975365 -2.52487e-05 0.00975365 -2.52487e-05
4.1 0 0 0 0 0.00980165 -2.52425e-05 0.00980165 -2.52425e-05
4.11 0 0 0 0 0.00984941 -2.52363e-05 0.00984941 -2.52363e-05
4.12 0 0 0 0 0.00989696 -2.52301e-05 0.00989696 -2.52301e-05
4.13 0 0 0 0 0.00994431 -2.5224e-05 0.00994431 -2.5224e-05
4.14 0 0 0 0 0.00999147 -2.52179e-05 0.00999147 -2.52179e-05
4.15 0 0 0 0 0.0100385 -2.52118e-05 0.0100385 -2.52118e-05
4.16 0 0 0 0 0.0100853 -2.52056e-05 0.0100853 -2.52056e-05
4.17 0 0 0 0 0.010132 -2.51995e-05 0.010132 -2.51995e-05
4.18 0 0 0 0 0.0101785 -2.51934e-05 0.0101785 -2.51934e-05
4.19 0 0 0 0 0.010225 -2.51873e-05 0.010225 -2.51873e-05
4.2 0 0 0 0 0.0102713 -2.51811e-05 0.0102713 -2.51811e-05
4.21 0 0 0 0 0.0103176 -2.5175e-05 0.0103176 -2.5175e-05
4.22 0 0 0 0 0.0103637 -2.51689e-05 0.0103637 -2.51689e-05
4.23 0 0 0 0 0.0104099 -2.51627e-05 0.0104099 -2.51627e-05
4.24 0 0 0 0 0.0104559 -2.51566e-05 0.0104559 -2.51566e-05
4.25 0 0 0 0 0.0105019 -2.51505e-05 0.0105019 -2.51505e-05
4.26 0 0 0 0 0.0105478 -2.51443e-05 0.0105478 -2.51443e-05
4.27 0 0 0 0 0.0105937 -2.51382e-05 0.0105937 -2.51382e-05
4.28 0 0 0 0 0.0106396 -2.5132e-05 0.0106396 -2.5132e-05
4.29 0 0 0 0 0.0106854 -2.51258e-05 0.0106854 -2.51258e-05
4.3 0 0 0 0 0.0107312 -2.51197e-05 0.0107312 -2.51197e-05
4.31 0 0 0 0 0.0107769 -2.51135e-05 0.0107769 -2.51135e-05
4.32 0 0 0 0 0.0108225 -2.51073e-05 0.0108225 -2.51073e-05
4.33 0 0 0 0 0.0108681 -2.51011e-05 0.0108681 -2.51011e-05
4.34 0 0 0 0 0.0109137 -2.50948e-05 0.0109137 -2.50948e-05
4.35 0 0 0 0 0.0109592 -2.50887e-05 0.0109592 -2.50887e-05
4.36 0 0 0 0 0.0110046 -2.50824e-05 0.0110046 -2.50824e-05
4.37 0 0 0 0 0.0110499 -2.50762e-05 0.0110499 -2.50762e-05
4.38 0 0 0 0 0.0110952 -2.507e-05 0.0110952 -2.507e-05
4.39 0 0 0 0 0.0111403 -2.50638e-05 0.0111403 -2.50638e-05
4.4 0 0 0 0 0.0111854 -2.50575e-05 0.0111854 -2.50575e-05
4.41 0 0 0 0 0.0112303 -2.50513e-05 0.0112303 -2.50513e-05
4.42 0 0 0 0 0.0112752 -2.50451e-05 0.0112752 -2.50451e-05
4.43 0 0 0 0 0.0113199 -2.50389e-05 0.0113199 -2.50389e-05
4.44 0 0 0 0 0.0113645 -2.50327e-05 0.0113645 -2.50327e-05
4.45 0 0 0 0 0.011409 -2.50264e-05 0.011409 -2.50264e-05
4.46 0 0 0 0 0.0114534 -2.50202e-05 0.0114534 -2.50202e-05
4.47 0 0 0 0 0.0114976 -2.5014e-05 0.0114976 -2.5014e-05
4.48 0 0 0 0 0.0115417 -2.50078e-05 0.0115417 -2.50078e-05
4.49 0 0 0 0 0.0115857 -2.50016e-05 0.0115857 -2.50016e-05
4.5 0 0 0 0 0.0116296 -2.49954e-05 0.0116296 -2.49954e-05
4.51 0 0 0 0 0.0116733 -2.49892e-05 0.0116733 -2.49892e-05
4.52 0 0 0 0 0.0117169 -2.49831e-05 0.0117169 -2.49831e-05
4.53 0 0 0 0 0.0117604 -2.49769e-05 0.0117604 -2.49769e-05
4.54 0 0 0 0 0.0118038 -2.49707e-05 0.0118038 -2.49707e-05
4.55 0 0 0 0 0.011847 -2.49645e-05 0.011847 -2.49645e-05
4.56 0 0 0 0 0.0118901 -2.49584e-05 0.0118901 -2.49584e-05
4.57 0 0 0 0 0.0119331 -2.49522e-05 0.0119331 -2.49522e-05
4.58 0 0 0 0 0.0119761 -2.4946e-05 0.0119761 -2.4946e-05
4.59 0 0 0 0 0.0120189 -2.49399e-05 0.0120189 -2.49399e-05
4.6 0 0 0 0 0.0120616 -2.49337e-05 0.0120616 -2.49337e-05
4.61 0 0 0 0 0.0121042 -2.49276e-05 0.0121042 -2.49276e-05
4.62 0 0 0 0 0.0121467 -2.49214e-05 0.0121467 -2.49214e-05
4.63 0 0 0 0 0.0121891 -2.49153e-05 0.0121891 -2.49153e-05
4.64 0 0 0 0 0.0122315 -2.49091e-05 0.0122315 -2.49091e-05
4.65 0 0 0 0 0.0122737 -2.49029e-05 0.0122737 -2.49029e-05
4.66 0 0 0 0 0.0123159 -2.48968e-05 0.0123159 -2.48968e-05
4.67 0 0 0 0 0.012358 -2.48906e-05 0.012358 -2.48906e-05
4.68 0 0 0 0 0.0124 -2.48845e-05 0.0124 -2.48845e-05
4.69 0 0 0 0 0.0124419 -2.48783e-05 0.0124419 -2.48783e-05
4.7 0 0 0 0 0.0124838 -2.48721e-05 0.0124838 -2.48721e-05
4.71 0 0 0 0 0.0125256 -2.4866e-05 0.0125256 -2.4866e-05
4.72 0 0 0 0 0.0125673 -2.48598e-05 0.0125673 -2.48598e-05
4.73 0 0 0 0 0.012609 -2.48536e-05 0.012609 -2.48536e-05
4.74 0 0 0 0 0.0126506 -2.48475e-05 0.0126506 -2.48475e-05
4.75 0 0 0 0 0.0126921 -2.48413e-05 0.0126921 -2.48413e-05
4.76 0 0 0 0 0.0127335 -2.48351e-05 0.0127335 -2.48351e-05
4.77 0 0 0 0 0.0127748 -2.4829e-05 0.0127748 -2.4829e-05
4.78 0 0 0 0 0.0128161 -2.48228e-05 0.0128161 -2.48228e-05
4.79 0 0 0 0 0.0128573 -2.48166e-05 0.0128573 -2.48166e-05
4.8 0 0 0 0 0.0128984 -2.48104e-05 0.0128984 -2.48104e-05
4.81 0 0 0 0 0.0129395 -2.48043e-05 0.0129395 -2.48043e-05
4.82 0 0 0 0 0.0129804 -2.47981e-05 0.0129804 -2.47981e-05
4.83 0 0 0 0 0.0130213 -2.47919e-05 0.0130213 -2.47919e-05
4.84 0 0 0 0 0.0130621 -2.47857e-05 0.0130621 -2.47857e-05
4.85 0 0 0 0 0.0131028 -2.47796e-05 0.0131028 -2.47796e-05
4.86 0 0 0 0 0.0131434 -2.47734e-05 0.0131434 -2.47734e-05
4.87 0 0 0 0 0.0131839 -2.47672e-05 0.0131839 -2.47672e-05
4.88 0 0 0 0 0.0132244 -2.47611e-05 0.0132244 -2.47611e-05
4.89 0 0 0 0 0.0132647 -2.47549e-05 0.0132647 -2.47549e-05
4.9 0 0 0 0 0.013305 -2.47487e-05 0.013305 -2.47487e-05
4.91 0 0 0 0 0.0133452 -2.47426e-05 0.0133452 -2.47426e-05
4.92 0 0 0 0 0.0133853 -2.47364e-05 0.0133853 -2.47364e-05
4.93 0 0 0 0 0.0134253 -2.47302e-05 0.0134253 -2.47302e-05
4.94 0 0 0 0 0.0134652 -2.47241e-05 0.0134652 -2.47241e-05
4.95 0 0 0 0 0.0135051 -2.47179e-05 0.0135051 -2.47179e-05
4.96 0 0 0 0 0.0135448 -2.47118e-05 0.0135448 -2.47118e-05
4.97 0 0 0 0 0.0135845 -2.47056e-05 0.0135845 -2.47056e-05
4.98 0 0 0 0 0.0136241 -2.46995e-05 0.0136241 -2.46995e-05
4.99 0 0 0 0 0.0136636 -2.46933e-05 0.0136636 -2.46933e-05
5 0 0 0 0 0.0137031 -2.46872e-05 0.0137031 -2.46872e-05
5.01 0 0 0 0 0.0137424 -2.4681e-05 0.0137424 -2.4681e-05
5.02 0 0 0 0 0.0137817 -2.46748e-05 0.0137817 -2.46748e-05
5.03 0 0 0 0 0.0138209 -2.46687e-05 0.0138209 -2.46687e-05
5.04 0 0 0 0 0.01386 -2.46625e-05 0.01386 -2.46625e-05
5.05 0 0 0 0 0.0138991 -2.46564e-05 0.0138991 -2.46564e-05
5.06 0 0 0 0 0.0139381 -2.46502e-05 0.0139381 -2.46502e-05
5.07 0 0 0 0 0.013977 -2.46441e-05 0.013977 -2.46441e-05
5.08 0 0 0 0 0.0140158 -2.46379e-05 0.0140158 -2.46379e-05
5.09 0 0 0 0 0.0140546 -2.46318e-05 0.0140546 -2.46318e-05
5.1 0 0 0 0 0.0140933 -2.46256e-05 0.0140933 -2.46256e-05
5.11 0 0 0 0 0.0141319 -2.46195e-05 0.0141319 -2.46195e-05
5.12 0 0 0 0 0.0141704 -2.46133e-05 0.0141704 -2.46133e-05
5.13 0 0 0 0 0.0142089 -2.46072e-05 0.0142089 -2.46072e-05
5.14 0 0 0 0 0.0142473 -2.46011e-05 0.0142473 -2.46011e-05
5.15 0 0 0 0 0.0142857 -2.45949e-05 0.0142857 -2.45949e-05
5.16 0 0 0 0 0.014324 -2.45888e-05 0.014324 -2.45888e-05
5.17 0 0 0 0 0.0143622 -2.45826e-05 0.0143622 -2.45826e-05
5.18 0 0 0 0 0.0144003 -2.45765e-05 0.0144003 -2.45765e-05
5.19 0 0 0 0 0.0144384 -2.45703e-05 0.0144384 -2.45703e-05
5.2 0 0 0 0 0.0144764 -2.45642e-05 0.0144764 -2.45642e-05
5.21 0 0 0 0 0.0145143 -2.4558e-05 0.0145143 -2.4558e-05
5.22 0 0 0 0 0.0145522 -2.45519e-05 0.0145522 -2.45519e-05
5.23 0 0 0 0 0.01459 -2.45457e-05 0.01459 -2.45457e-05
5.24 0 0 0 0 0.0146277 -2.45396e-05 0.0146277 -2.45396e-05
5.25 0 0 0 0 0.0146654 -2.45334e-05 0.0146654 -2.45334e-05
5.26 0 0 0 0 0.0147029 -2.45273e-05 0.0147029 -2.45273e-05
5.27 0 0 0 0 0.0147405 -2.45211e-05 0.0147405 -2.45211e-05
5.28 0 0 0 0 0.0147779 -2.4515e-05 0.0147779 -2.4515e-05
5.29 0 0 0 0 0.0148153 -2.45088e-05 0.0148153 -2.45088e-05
5.3 0 0 0 0 0.0148526 -2.45027e-05 0.0148526 -2.45027e-05
5.31 0 0 0 0 0.0148899 -2.44965e-05 0.0148899 -2.44965e-05
5.32 0 0 0 0 0.014927 -2.44904e-05 0.014927 -2.44904e-05
5.33 0 0 0 0 0.0149641 -2.44843e-05 0.0149641 -2.44843e-05
5.34 0 0 0 0 0.0150012 -2.44781e-05 0.0150012 -2.44781e-05
5.35 0 0 0 0 0.0150381 -2.4472e-05 0.0150381 -2.4472e-05
5.36 0 0 0 0 0.015075 -2.44658e-05 0.015075 -2.44658e-05
5.37 0 0 0 0 0.0151119 -2.44597e-05 0.0151119 -2.44597e-05
5.38 0 0 0 0 0.0151487 -2.44535e-05 0.0151487 -2.44535e-05
5.39 0 0 0 0 0.0151854 -2.44474e-05 0.0151854 -2.44474e-05
5.4 0 0 0 0 0.015222 -2.44413e-05 0.015222 -2.44413e-05
5.41 0 0 0 0 0.0152586 -2.44351e-05 0.0152586 -2.44351e-05
5.42 0 0 0 0 0.0152951 -2.4429e-05 0.0152951 -2.4429e-05
5.43 0 0 0 0 0.0153315 -2.44228e-05 0.0153315 -2.44228e-05
5.44 0 0 0 0 0.0153679 -2.44167e-05 0.0153679 -2.44167e-05
5.45 0 0 0 0 0.0154042 -2.44106e-05 0.0154042 -2.44106e-05
5.46 0 0 0 0 0.0154405 -2.44044e-05 0.0154405 -2.44044e-05
5.47 0 0 0 0 0.0154767 -2.43983e-05 0.0154767 -2.43983e-05
5.48 0 0 0 0 0.0155128 -2.43922e-05 0.0155128 -2.43922e-05
5.49 0 0 0 0 0.0155489 -2.4386e-05 0.0155489 -2.4386e-05
5.5 0 0 0 0 0.0155849 -2.43799e-05 0.0155849 -2.43799e-05
5.51 0 0 0 0 0.0156208 -2.43738e-05 0.0156208 -2.43738e-05
5.52 0 0 0 0 0.0156567 -2.43676e-05 0.0156567 -2.43676e-05
5.53 0 0 0 0 0.0156925 -2.43615e-05 0.0156925 -2.43615e-05
5.54 0 0 0 0 0.0157283 -2.43553e-05 0.0157283 -2.43553e-05
5.55 0 0 0 0 0.015764 -2.43492e-05 0.015764 -2.43492e-05
5.56 0 0 0 0 0.0157997 -2.43431e-05 0.0157997 -2.43431e-05
5.57 0 0 0 0 0.0158352 -2.4337e-05 0.0158352 -2.4337e-05
5.58 0 0 0 0 0.0158708 -2.43308e-05 0.0158708 -2.43308e-05
5.59 0 0 0 0 0.0159062 -2.43247e-05 0.0159062 -2.43247e-05
5.6 0 0 0 0 0.0159416 -2.43185e-05 0.0159416 -2.43185e-05
5.61 0 0 0 0 0.015977 -2.43124e-05 0.015977 -2.43124e-05
5.62 0 0 0 0 0.0160123 -2.43063e-05 0.0160123 -2.43063e-05
5.63 0 0 0 0 0.0160475 -2.43001e-05 0.0160475 -2.43001e-05
5.64 0 0 0 0 0.0160827 -2.4294e-05 0.0160827 -2.4294e-05
5.65 0 0 0 0 0.0161178 -2.42879e-05 0.0161178 -2.42879e-05
5.66 0 0 0 0 0.0161528 -2.42818e-05 0.0161528 -2.42818e-05
5.67 0 0 0 0 0.0161878 -2.42756e-05 0.0161878 -2.42756e-05
5.68 0 0 0 0 0.0162228 -2.42695e-05 0.0162228 -2.42695e-05
5.69 0 0 0 0 0.0162576 -2.42634e-05 0.0162576 -2.42634e-05
5.7 0 0 0 0 0.0162925 -2.42572e-05 0.0162925 -2.42572e-05
5.71 0 0 0 0 0.0163272 -2.42511e-05 0.0163272 -2.42511e-05
5.72 0 0 0 0 0.0163619 -2.4245e-05 0.0163619 -2.4245e-05
5.73 0 0 0 0 0.0163966 -2.42389e-05 0.0163966 -2.42389e-05
5.74 0 0 0 0 0.0164312 -2.42327e-05 0.0164312 -2.42327e-05
5.75 0 0 0 0 0.0164657 -2.42266e-05 0.0164657 -2.42266e-05
5.76 0 0 0 0 0.0165002 -2.42205e-05 0.0165002 -2.42205e-05
5.77 0 0 0 0 0.0165346 -2.42144e-05 0.0165346 -2.42144e-05
5.78 0 0 0 0 0.016569 -2.42082e-05 0.016569 -2.42082e-05
5.79 0 0 0 0 0.0166033 -2.42021e-05 0.0166033 -2.42021e-05
5.8 0 0 0 0 0.0166375 -2.4196e-05 0.0166375 -2.4196e-05
5.81 0 0 0 0 0.0166717 -2.41899e-05 0.0166717 -2.41899e-05
5.82 0 0 0 0 0.0167059 -2.41837e-05 0.0167059 -2.41837e-05
5.83 0 0 0 0 0.01674 -2.41776e-05 0.01674 -2.41776e-05
5.84 0 0 0 0 0.016774 -2.41715e-05 0.016774 -2.41715e-05
5.85 0 0 0 0 0.016808 -2.41653e-05 0.016808 -2.41653e-05
5.86 0 0 0 0 0.0168419 -2.41592e-05 0.0168419 -2.41592e-05
5.87 0 0 0 0 0.0168758 -2.41531e-05 0.0168758 -2.41531e-05
5.88 0 0 0 0 0.0169096 -2.4147e-05 0.0169096 -2.4147e-05
5.89 0 0 0 0 0.0169433 -2.41408e-05 0.0169433 -2.41408e-05
5.9 0 0 0 0 0.0169771 -2.41347e-05 0.0169771 -2.41347e-05
5.91 0 0 0 0 0.0170107 -2.41286e-05 0.0170107 -2.41286e-05
5.92 0 0 0 0 0.0170443 -2.41225e-05 0.0170443 -2.41225e-05
5.93 0 0 0 0 0.0170779 -2.41164e-05 0.0170779 -2.41164e-05
5.94 0 0 0 0 0.0171114 -2.41103e-05 0.0171114 -2.41103e-05
5.95 0 0 0 0 0.0171448 -2.41041e-05 0.0171448 -2.41041e-05
5.96 0 0 0 0 0.0171782 -2.4098e-05 0.0171782 -2.4098e-05
5.97 0 0 0 0 0.0172116 -2.40919e-05 0.0172116 -2.40919e-05
5.98 0 0 0 0 0.0172449 -2.40858e-05 0.0172449 -2.40858e-05
5.99 0 0 0 0 0.0172781 -2.40797e-05 0.0172781 -2.40797e-05
6 0 0 0 0 0.0173113 -2.40735e-05 0.0173113 -2.40735e-05
6.01 0 0 0 0 0.0173444 -2.40674e-05 0.0173444 -2.40674e-05
6.02 0 0 0 0 0.0173775 -2.40613e-05 0.0173775 -2.40613e-05
6.03 0 0 0 0 0.0174105 -2.40552e-05 0.0174105 -2.40552e-05
6.04 0 0 0 0 0.0174435 -2.40491e-05 0.0174435 -2.40491e-05
6.05 0 0 0 0 0.0174765 -2.40429e-05 0.0174765 -2.40429e-05
6.06 0 0 0 0 0.0175093 -2.40368e-05 0.0175093 -2.40368e-05
6.07 0 0 0 0 0.0175422 -2.40307e-05 0.0175422 -2.40307e-05
6.08 0 0 0 0 0.017575 -2.40246e-05 0.017575 -2.40246e-05
6.09 0 0 0 0 0.0176077 -2.40185e-05 0.0176077 -2.40185e-05
6.1 0 0 0 0 0.0176404 -2.40124e-05 0.0176404 -2.40124e-05
6.11 0 0 0 0 0.017673 -2.40062e-05 0.017673 -2.40062e-05
6.12 0 0 0 0 0.0177056 -2.40001e-05 0.0177056 -2.40001e-05
6.13 0 0 0 0 0.0177381 -2.3994e-05 0.0177381 -2.3994e-05
6.14 0 0 0 0 0.0177706 -2.39879e-05 0.0177706 -2.39879e-05
6.15 0 0 0 0 0.0178031 -2.39818e-05 0.0178031 -2.39818e-05
6.16 0 0 0 0 0.0178354 -2.39757e-05 0.0178354 -2.39757e-05
6.17 0 0 0 0 0.0178678 -2.39696e-05 0.0178678 -2.39696e-05
6.18 0 0 0 0 0.0179001 -2.39634e-05 0.0179001 -2.39634e-05
6.19 0 0 0 0 0.0179323 -2.39573e-05 0.0179323 -2.39573e-05
6.2 0 0 0 0 0.0179645 -2.39512e-05 0.0179645 -2.39512e-05
6.21 0 0 0 0 0.0179967 -2.39451e-05 0.0179967 -2.39451e-05
6.22 0 0 0 0 0.0180288 -2.3939e-05 0.0180288 -2.3939e-05
6.23 0 0 0 0 0.0180608 -2.39329e-05 0.0180608 -2.39329e-05
6.24 0 0 0 0 0.0180928 -2.39268e-05 0.0180928 -2.39268e-05
6.25 0 0 0 0 0.0181248 -2.39207e-05 0.0181248 -2.39207e-05
6.26 0 0 0 0 0.0181567 -2.39145e-05 0.0181567 -2.39145e-05
6.27 0 0 0 0 0.0181886 -2.39085e-05 0.0181886 -2.39085e-05
6.28 0 0 0 0 0.0182204 -2.39023e-05 0.0182204 -2.39023e-05
6.29 0 0 0 0 0.0182521 -2.38962e-05 0.0182521 -2.38962e-05
6.3 0 0 0 0 0.0182839 -2.38901e-05 0.0182839 -2.38901e-05
6.31 0 0 0 0 0.0183155 -2.3884e-05 0.0183155 -2.3884e-05
6.32 0 0 0 0 0.0183472 -2.38779e-05 0.0183472 -2.38779e-05
6.33 0 0 0 0 0.0183788 -2.38718e-05 0.0183788 -2.38718e-05
6.34 0 0 0 0 0.0184103 -2.38657e-05 0.0184103 -2.38657e-05
6.35 0 0 0 0 0.0184418 -2.38596e-05 0.0184418 -2.38596e-05
6.36 0 0 0 0 0.0184732 -2.38535e-05 0.0184732 -2.38535e-05
6.37 0 0 0 0 0.0185047 -2.38473e-05 0.0185047 -2.38473e-05
6.38 0 0 0 0 0.018536 -2.38413e-05 0.018536 -2.38413e-05
6.39 0 0 0 0 0.0185673 -2.38351e-05 0.0185673 -2.38351e-05
6.4 0 0 0 0 0.0185986 -2.3829e-05 0.0185986 -2.3829e-05
6.41 0 0 0 0 0.0186298 -2.38229e-05 0.0186298 -2.38229e-05
6.42 0 0 0 0 0.018661 -2.38168e-05 0.018661 -2.38168e-05
6.43 0 0 0 0 0.0186921 -2.38107e-05 0.0186921 -2.38107e-05
6.44 0 0 0 0 0.0187232 -2.38046e-05 0.0187232 -2.38046e-05
6.45 0 0 0 0 0.0187543 -2.37985e-05 0.0187543 -2.37985e-05
6.46 0 0 0 0 0.0187853 -2.37924e-05 0.0187853 -2.37924e-05
6.47 0 0 0 0 0.0188162 -2.37863e-05 0.0188162 -2.37863e-05
6.48 0 0 0 0 0.0188471 -2.37802e-05 0.0188471 -2.37802e-05
6.49 0 0 0 0 0.018878 -2.37741e-05 0.018878 -2.37741e-05
6.5 0 0 0 0 0.0189088 -2.3768e-05 0.0189088 -2.3768e-05
6.51 0 0 0 0 0.0189396 -2.37619e-05 0.0189396 -2.37619e-05
6.52 0 0 0 0 0.0189704 -2.37558e-05 0.0189704 -2.37558e-05
6.53 0 0 0 0 0.0190011 -2.37497e-05 0.0190011 -2.37497e-05
6.54 0 0 0 0 0.0190317 -2.37436e-05 0.0190317 -2.37436e-05
6.55 0 0 0 0 0.0190623 -2.37375e-05 0.0190623 -2.37375e-05
6.56 0 0 0 0 0.0190929 -2.37314e-05 0.0190929 -2.37314e-05
6.57 0 0 0 0 0.0191234 -2.37253e-05 0.0191234 -2.37253e-05
6.58 0 0 0 0 0.0191539 -2.37192e-05 0.0191539 -2.37192e-05
6.59 0 0 0 0 0.0191844 -2.37131e-05 0.0191844 -2.37131e-05
6.6 0 0 0 0 0.0192148 -2.3707e-05 0.0192148 -2.3707e-05
6.61 0 0 0 0 0.0192451 -2.37009e-05 0.0192451 -2.37009e-05
6.62 0 0 0 0 0.0192754 -2.36948e-05 0.0192754 -2.36948e-05
6.63 0 0 0 0 0.0193057 -2.36887e-05 0.0193057 -2.36887e-05
6.64 0 0 0 0 0.0193359 -2.36826e-05 0.0193359 -2.36826e-05
6.65 0 0 0 0 0.0193661 -2.36765e-05 0.0193661 -2.36765e-05
6.66 0 0 0 0 0.0193963 -2.36704e-05 0.0193963 -2.36704e-05
6.67 0 0 0 0 0.0194264 -2.36643e-05 0.0194264 -2.36643e-05
6.68 0 0 0 0 0.0194565 -2.36582e-05 0.0194565 -2.36582e-05
6.69 0 0 0 0 0.0194865 -2.36521e-05 0.0194865 -2.36521e-05
6.7 0 0 0 0 0.0195165 -2.3646e-05 0.0195165 -2.3646e-05
6.71 0 0 0 0 0.0195464 -2.36399e-05 0.0195464 -2.36399e-05
6.72 0 0 0 0 0.0195763 -2.36338e-05 0.0195763 -2.36338e-05
6.73 0 0 0 0 0.0196062 -2.36277e-05 0.0196062 -2.36277e-05
6.74 0 0 0 0 0.019636 -2.36216e-05 0.019636 -2.36216e-05
6.75 0 0 0 0 0.0196658 -2.36155e-05 0.0196658 -2.36155e-05
6.76 0 0 0 0 0.0196956 -2.36094e-05 0.0196956 -2.36094e-05
6.77 0 0 0 0 0.0197253 -2.36033e-05 0.0197253 -2.36033e-05
6.78 0 0 0 0 0.0197549 -2.35972e-05 0.0197549 -2.35972e-05
6.79 0 0 0 0 0.0197846 -2.35911e-05 0.0197846 -2.35911e-05
6.8 0 0 0 0 0.0198141 -2.3585e-05 0.0198141 -2.3585e-05
6.81 0 0 0 0 0.0198437 -2.35789e-05 0.0198437 -2.35789e-05
6.82 0 0 0 0 0.0198732 -2.35728e-05 0.0198732 -2.35728e-05
6.83 0 0 0 0 0.0199027 -2.35667e-05 0.0199027 -2.35667e-05
6.84 0 0 0 0 0.0199321 -2.35606e-05 0.0199321 -2.35606e-05
6.85 0 0 0 0 0.0199615 -2.35545e-05 0.0199615 -2.35545e-05
6.86 0 0 0 0 0.0199908 -2.35484e-05 0.0199908 -2.35484e-05
6.87 0 0 0 0 0.0200202 -2.35423e-05 0.0200202 -2.35423e-05
6.88 0 0 0 0 0.0200494 -2.35363e-05 0.0200494 -2.35363e-05
6.89 0 0 0 0 0.0200787 -2.35302e-05 0.0200787 -2.35302e-05
6.9 0 0 0 0 0.0201079 -2.35241e-05 0.0201079 -2.35241e-05
6.91 0 0 0 0 0.020137 -2.3518e-05 0.020137 -2.3518e-05
6.92 0 0 0 0 0.0201661 -2.35119e-05 0.0201661 -2.35119e-05
6.93 0 0 0 0 0.0201952 -2.35058e-05 0.0201952 -2.35058e-05
6.94 0 0 0 0 0.0202243 -2.34997e-05 0.0202243 -2.34997e-05
6.95 0 0 0 0 0.0202533 -2.34936e-05 0.0202533 -2.34936e-05
6.96 0 0 0 0 0.0202823 -2.34875e-05 0.0202823 -2.34875e-05
6.97 0 0 0 0 0.0203112 -2.34814e-05 0.0203112 -2.34814e-05
6.98 0 0 0 0 0.0203401 -2.34753e-05 0.0203401 -2.34753e-05
6.99 0 0 0 0 0.0203689 -2.34692e-05 0.0203689 -2.34692e-05
7 0 0 0 0 0.0203978 -2.34631e-05 0.0203978 -2.34631e-05
7.01 0 0 0 0 0.0204265 -2.34571e-05 0.0204265 -2.34571e-05
7.02 0 0 0 0 0.0204553 -2.3451e-05 0.0204553 -2.3451e-05
7.03 0 0 0 0 0.020484 -2.34449e-05 0.020484 -2.34449e-05
7.04 0 0 0 0 0.0205127 -2.34388e-05 0.0205127 -2.34388e-05
7.05 0 0 0 0 0.0205413 -2.34327e-05 0.0205413 -2.34327e-05
7.06 0 0 0 0 0.0205699 -2.34266e-05 0.0205699 -2.34266e-05
7.07 0 0 0 0 0.0205985 -2.34205e-05 0.0205985 -2.34205e-05
7.08 0 0 0 0 0.020627 -2.34144e-05 0.020627 -2.34144e-05
7.09 0 0 0 0 0.0206555 -2.34083e-05 0.0206555 -2.34083e-05
7.1 0 0 0 0 0.0206839 -2.34023e-05 0.0206839 -2.34023e-05
7.11 0 0 0 0 0.0207124 -2.33962e-05 0.0207124 -2.33962e-05
7.12 0 0 0 0 0.0207407 -2.33901e-05 0.0207407 -2.33901e-05
7.13 0 0 0 0 0.0207691 -2.3384e-05 0.0207691 -2.3384e-05
7.14 0 0 0 0 0.0207974 -2.33779e-05 0.0207974 -2.33779e-05
7.15 0 0 0 0 0.0208257 -2.33718e-05 0.0208257 -2.33718e-05
7.16 0 0 0 0 0.0208539 -2.33657e-05 0.0208539 -2.33657e-05
7.17 0 0 0 0 0.0208821 -2.33597e-05 0.0208821 -2.33597e-05
7.18 0 0 0 0 0.0209103 -2.33536e-05 0.0209103 -2.33536e-05
7.19 0 0 0 0 0.0209384 -2.33475e-05 0.0209384 -2.33475e-05
7.2 0 0 0 0 0.0209665 -2.33414e-05 0.0209665 -2.33414e-05
7.21 0 0 0 0 0.0209946 -2.33353e-05 0.0209946 -2.33353e-05
7.22 0 0 0 0 0.0210226 -2.33292e-05 0.0210226 -2.33292e-05
7.23 0 0 0 0 0.0210506 -2.33231e-05 0.0210506 -2.33231e-05
7.24 0 0 0 0 0.0210786 -2.33171e-05 0.0210786 -2.33171e-05
7.25 0 0 0 0 0.0211065 -2.3311e-05 0.0211065 -2.3311e-05
7.26 0 0 0 0 0.0211344 -2.33049e-05 0.0211344 -2.33049e-05
7.27 0 0 0 0 0.0211622 -2.32988e-05 0.0211622 -2.32988e-05
7.28 0 0 0 0 0.0211901 -2.32927e-05 0.0211901 -2.32927e-05
7.29 0 0 0 0 0.0212179 -2.32866e-05 0.0212179 -2.32866e-05
7.3 0 0 0 0 0.0212456 -2.32806e-05 0.0212456 -2.32806e-05
7.31 0 0 0 0 0.0212733 -2.32745e-05 0.0212733 -2.32745e-05
7.32 0 0 0 0 0.021301 -2.32684e-05 0.021301 -2.32684e-05
7.33 0 0 0 0 0.0213287 -2.32623e-05 0.0213287 -2.32623e-05
7.34 0 0 0 0 0.0213563 -2.32562e-05 0.0213563 -2.32562e-05
7.35 0 0 0 0 0.0213839 -2.32501e-05 0.0213839 -2.32501e-05
7.36 0 0 0 0 0.0214114 -2.32441e-05 0.0214114 -2.32441e-05
7.37 0 0 0 0 0.0214389 -2.3238e-05 0.0214389 -2.3238e-05
7.38 0 0 0 0 0.0214664 -2.32319e-05 0.0214664 -2.32319e-05
7.39 0 0 0 0 0.0214939 -2.32258e-05 0.0214939 -2.32258e-05
7.4 0 0 0 0 0.0215213 -2.32197e-05 0.0215213 -2.32197e-05
7.41 0 0 0 0 0.0215487 -2.32137e-05 0.0215487 -2.32137e-05
7.42 0 0 0 0 0.021576 -2.32076e-05 0.021576 -2.32076e-05
7.43 0 0 0 0 0.0216033 -2.32015e-05 0.0216033 -2.32015e-05
7.44 0 0 0 0 0.0216306 -2.31954e-05 0.0216306 -2.31954e-05
7.45 0 0 0 0 0.0216579 -2.31893e-05 0.0216579 -2.31893e-05
7.46 0 0 0 0 0.0216851 -2.31833e-05 0.0216851 -2.31833e-05
7.47 0 0 0 0 0.0217123 -2.31772e-05 0.0217123 -2.31772e-05
7.48 0 0 0 0 0.0217394 -2.31711e-05 0.0217394 -2.31711e-05
7.49 0 0 0 0 0.0217666 -2.3165e-05 0.0217666 -2.3165e-05
7.5 0 0 0 0 0.0217937 -2.31589e-05 0.0217937 -2.31589e-05
7.51 0 0 0 0 0.0218207 -2.31529e-05 0.0218207 -2.31529e-05
7.52 0 0 0 0 0.0218477 -2.31468e-05 0.0218477 -2.31468e-05
7.53 0 0 0 0 0.0218747 -2.31407e-05 0.0218747 -2.31407e-05
7.54 0 0 0 0 0.0219017 -2.31346e-05 0.0219017 -2.31346e-05
7.55 0 0 0 0 0.0219286 -2.31285e-05 0.0219286 -2.31285e-05
7.56 0 0 0 0 0.0219555 -2.31225e-05 0.0219555 -2.31225e-05
7.57 0 0 0 0 0.0219824 -2.31164e-05 0.0219824 -2.31164e-05
7.58 0 0 0 0 0.0220092 -2.31103e-05 0.0220092 -2.31103e-05
7.59 0 0 0 0 0.022036 -2.31042e-05 0.022036 -2.31042e-05
7.6 0 0 0 0 0.0220628 -2.30982e-05 0.0220628 -2.30982e-05
7.61 0 0 0 0 0.0220896 -2.30921e-05 0.0220896 -2.30921e-05
7.62 0 0 0 0 0.0221163 -2.3086e-05 0.0221163 -2.3086e-05
7.63 0 0 0 0 0.0221429 -2.30799e-05 0.0221429 -2.30799e-05
7.64 0 0 0 0 0.0221696 -2.30739e-05 0.0221696 -2.30739e-05
7.65 0 0 0 0 0.0221962 -2.30678e-05 0.0221962 -2.30678e-05
7.66 0 0 0 0 0.0222228 -2.30617e-05 0.0222228 -2.30617e-05
7.67 0 0 0 0 0.0222494 -2.30557e-05 0.0222494 -2.30557e-05
7.68 0 0 0 0 0.0222759 -2.30496e-05 0.0222759 -2.30496e-05
7.69 0 0 0 0 0.0223024 -2.30435e-05 0.0223024 -2.30435e-05
7.7 0 0 0 0 0.0223288 -2.30374e-05 0.0223288 -2.30374e-05
7.71 0 0 0 0 0.0223553 -2.30313e-05 0.0223553 -2.30313e-05
7.72 0 0 0 0 0.0223817 -2.30253e-05 0.0223817 -2.30253e-05
7.73 0 0 0 0 0.022408 -2.30192e-05 0.022408 -2.30192e-05
7.74 0 0 0 0 0.0224344 -2.30131e-05 0.0224344 -2.30131e-05
7.75 0 0 0 0 0.0224607 -2.3007e-05 0.0224607 -2.3007e-05
7.76 0 0 0 0 0.022487 -2.3001e-05 0.022487 -2.3001e-05
7.77 0 0 0 0 0.0225132 -2.29949e-05 0.0225132 -2.29949e-05
7.78 0 0 0 0 0.0225395 -2.29888e-05 0.0225395 -2.29888e-05
7.79 0 0 0 0 0.0225656 -2.29828e-05 0.0225656 -2.29828e-05
7.8 0 0 0 0 0.0225918 -2.29767e-05 0.0225918 -2.29767e-05
7.81 0 0 0 0 0.0226179 -2.29706e-05 0.0226179 -2.29706e-05
7.82 0 0 0 0 0.022644 -2.29646e-05 0.022644 -2.29646e-05
7.83 0 0 0 0 0.0226701 -2.29585e-05 0.0226701 -2.29585e-05
7.84 0 0 0 0 0.0226962 -2.29524e-05 0.0226962 -2.29524e-05
7.85 0 0 0 0 0.0227222 -2.29463e-05 0.0227222 -2.29463e-05
7.86 0 0 0 0 0.0227482 -2.29403e-05 0.0227482 -2.29403e-05
7.87 0 0 0 0 0.0227741 -2.29342e-05 0.0227741 -2.29342e-05
7.88 0 0 0 0 0.0228 -2.29281e-05 0.0228 -2.29281e-05
7.89 0 0 0 0 0.0228259 -2.29221e-05 0.0228259 -2.29221e-05
7.9 0 0 0 0 0.0228518 -2.2916e-05 0.0228518 -2.2916e-05
7.91 0 0 0 0 0.0228776 -2.29099e-05 0.0228776 -2.29099e-05
7.92 0 0 0 0 0.0229035 -2.29038e-05 0.0229035 -2.29038e-05
7.93 0 0 0 0 0.0229292 -2.28978e-05 0.0229292 -2.28978e-05
7.94 0 0 0 0 0.022955 -2.28917e-05 0.022955 -2.28917e-05
7.95 0 0 0 0 0.0229807 -2.28856e-05 0.0229807 -2.28856e-05
7.96 0 0 0 0 0.0230064 -2.28796e-05 0.0230064 -2.28796e-05
7.97 0 0 0 0 0.0230321 -2.28735e-05 0.0230321 -2.28735e-05
7.98 0 0 0 0 0.0230577 -2.28674e-05 0.0230577 -2.28674e-05
7.99 0 0 0 0 0.0230833 -2.28614e-05 0.0230833 -2.28614e-05
8 0 0 0 0 0.0231089 -2.28553e-05 0.0231089 -2.28553e-05
8.01 0 0 0 0 0.0231345 -2.28492e-05 0.0231345 -2.28492e-05
8.02 0 0 0 0 0.02316 -2.28432e-05 0.02316 -2.28432e-05
8.03 0 0 0 0 0.0231855 -2.28371e-05 0.0231855 -2.28371e-05
8.04 0 0 0 0 0.023211 -2.2831e-05 0.023211 -2.2831e-05
8.05 0 0 0 0 0.0232364 -2.2825e-05 0.0232364 -2.2825e-05
8.06 0 0 0 0 0.0232618 -2.28189e-05 0.0232618 -2.28189e-05
8.07 0 0 0 0 0.0232872 -2.28128e-05 0.0232872 -2.28128e-05
8.08 0 0 0 0 0.0233126 -2.28068e-05 0.0233126 -2.28068e-05
8.09 0 0 0 0 0.0233379 -2.28007e-05 0.0233379 -2.28007e-05
8.1 0 0 0 0 0.0233632 -2.27946e-05 0.0233632 -2.27946e-05
8.11 0 0 0 0 0.0233885 -2.27886e-05 0.0233885 -2.27886e-05
8.12 0 0 0 0 0.0234137 -2.27825e-05 0.0234137 -2.27825e-05
8.13 0 0 0 0 0.0234389 -2.27764e-05 0.0234389 -2.27764e-05
8.14 0 0 0 0 0.0234641 -2.27704e-05 0.0234641 -2.27704e-05
8.15 0 0 0 0 0.0234893 -2.27643e-05 0.0234893 -2.27643e-05
8.16 0 0 0 0 0.0235144 -2.27582e-05 0.0235144 -2.27582e-05
8.17 0 0 0 0 0.0235395 -2.27522e-05 0.0235395 -2.27522e-05
8.18 0 0 0 0 0.0235646 -2.27461e-05 0.0235646 -2.27461e-05
8.19 0 0 0 0 0.0235897 -2.27401e-05 0.0235897 -2.27401e-05
8.2 0 0 0 0 0.0236147 -2.2734e-05 0.0236147 -2.2734e-05
8.21 0 0 0 0 0.0236397 -2.27279e-05 0.0236397 -2.27279e-05
8.22 0 0 0 0 0.0236647 -2.27219e-05 0.0236647 -2.27219e-05
8.23 0 0 0 0 0.0236897 -2.27158e-05 0.0236897 -2.27158e-05
8.24 0 0 0 0 0.0237146 -2.27097e-05 0.0237146 -2.27097e-05
8.25 0 0 0 0 0.0237395 -2.27037e-05 0.0237395 -2.27037e-05
8.26 0 0 0 0 0.0237643 -2.26976e-05 0.0237643 -2.26976e-05
8.27 0 0 0 0 0.0237892 -2.26915e-05 0.0237892 -2.26915e-05
8.28 0 0 0 0 0.023814 -2.26855e-05 0.023814 -2.26855e-05
8.29 0 0 0 0 0.0238388 -2.26794e-05 0.0238388 -2.26794e-05
8.3 0 0 0 0 0.0238636 -2.26734e-05 0.0238636 -2.26734e-05
8.31 0 0 0 0 0.0238883 -2.26673e-05 0.0238883 -2.26673e-05
8.32 0 0 0 0 0.023913 -2.26612e-05 0.023913 -2.26612e-05
8.33 0 0 0 0 0.0239377 -2.26552e-05 0.0239377 -2.26552e-05
8.34 0 0 0 0 0.0239624 -2.26491e-05 0.0239624 -2.26491e-05
8.35 0 0 0 0 0.023987 -2.26431e-05 0.023987 -2.26431e-05
8.36 0 0 0 0 0.0240116 -2.2637e-05 0.0240116 -2.2637e-05
8.37 0 0 0 0 0.0240362 -2.26309e-05 0.0240362 -2.26309e-05
8.38 0 0 0 0 0.0240608 -2.26249e-05 0.0240608 -2.26249e-05
8.39 0 0 0 0 0.0240853 -2.26188e-05 0.0240853 -2.26188e-05
8.4 0 0 0 0 0.0241098 -2.26128e-05 0.0241098 -2.26128e-05
8.41 0 0 0 0 0.0241343 -2.26067e-05 0.0241343 -2.26067e-05
8.42 0 0 0 0 0.0241587 -2.26006e-05 0.0241587 -2.26006e-05
8.43 0 0 0 0 0.0241832 -2.25946e-05 0.0241832 -2.25946e-05
8.44 0 0 0 0 0.0242076 -2.25885e-05 0.0242076 -2.25885e-05
8.45 0 0 0 0 0.0242319 -2.25825e-05 0.0242319 -2.25825e-05
8.46 0 0 0 0 0.0242563 -2.25764e-05 0.0242563 -2.25764e-05
8.47 0 0 0 0 0.0242806 -2.25703e-05 0.0242806 -2.25703e-05
8.48 0 0 0 0 0.0243049 -2.25643e-05 0.0243049 -2.25643e-05
8.49 0 0 0 0 0.0243292 -2.25582e-05 0.0243292 -2.25582e-05
8.5 0 0 0 0 0.0243535 -2.25522e-05 0.0243535 -2.25522e-05
8.51 0 0 0 0 0.0243777 -2.25461e-05 0.0243777 -2.25461e-05
8.52 0 0 0 0 0.0244019 -2.25401e-05 0.0244019 -2.25401e-05
8.53 0 0 0 0 0.0244261 -2.2534e-05 0.0244261 -2.2534e-05
8.54 0 0 0 0 0.0244502 -2.25279e-05 0.0244502 -2.25279e-05
8.55 0 0 0 0 0.0244744 -2.25219e-05 0.0244744 -2.25219e-05
8.56 0 0 0 0 0.0244985 -2.25158e-05 0.0244985 -2.25158e-05
8.57 0 0 0 0 0.0245225 -2.25098e-05 0.0245225 -2.25098e-05
8.58 0 0 0 0 0.0245466 -2.25037e-05 0.0245466 -2.25037e-05
8.59 0 0 0 0 0.0245706 -2.24977e-05 0.0245706 -2.24977e-05
8.6 0 0 0 0 0.0245946 -2.24916e-05 0.0245946 -2.24916e-05
8.61 0 0 0 0 0.0246186 -2.24856e-05 0.0246186 -2.24856e-05
8.62 0 0 0 0 0.0246426 -2.24795e-05 0.0246426 -2.24795e-05
8.63 0 0 0 0 0.0246665 -2.24734e-05 0.0246665 -2.24734e-05
8.64 0 0 0 0 0.0246904 -2.24674e-05 0.0246904 -2.24674e-05
8.65 0 0 0 0 0.0247143 -2.24613e-05 0.0247143 -2.24613e-05
8.66 0 0 0 0 0.0247382 -2.24553e-05 0.0247382 -2.24553e-05
8.67 0 0 0 0 0.024762 -2.24492e-05 0.024762 -2.24492e-05
8.68 0 0 0 0 0.0247858 -2.24432e-05 0.0247858 -2.24432e-05
8.69 0 0 0 0 0.0248096 -2.24371e-05 0.0248096 -2.24371e-05
8.7 0 0 0 0 0.0248334 -2.24311e-05 0.0248334 -2.24311e-05
8.71 0 0 0 0 0.0248571 -2.2425e-05 0.0248571 -2.2425e-05
8.72 0 0 0 0 0.0248808 -2.2419e-05 0.0248808 -2.2419e-05
8.73 0 0 0 0 0.0249045 -2.24129e-05 0.0249045 -2.24129e-05
8.74 0 0 0 0 0.0249282 -2.24068e-05 0.0249282 -2.24068e-05
8.75 0 0 0 0 0.0249518 -2.24008e-05 0.0249518 -2.24008e-05
8.76 0 0 0 0 0.0249755 -2.23947e-05 0.0249755 -2.23947e-05
8.77 0 0 0 0 0.0249991 -2.23887e-05 0.0249991 -2.23887e-05
8.78 0 0 0 0 0.0250226 -2.23826e-05 0.0250226 -2.23826e-05
8.79 0 0 0 0 0.0250462 -2.23766e-05 0.0250462 -2.23766e-05
8.8 0 0 0 0 0.0250697 -2.23705e-05 0.0250697 -2.23705e-05
8.81 0 0 0 0 0.0250932 -2.23645e-05 0.0250932 -2.23645e-05
8.82 0 0 0 0 0.0251167 -2.23584e-05 0.0251167 -2.23584e-05
8.83 0 0 0 0 0.0251402 -2.23524e-05 0.0251402 -2.23524e-05
8.84 0 0 0 0 0.0251636 -2.23463e-05 0.0251636 -2.23463e-05
8.85 0 0 0 0 0.025187 -2.23403e-05 0.025187 -2.23403e-05
8.86 0 0 0 0 0.0252104 -2.23342e-05 0.0252104 -2.23342e-05
8.87 0 0 0 0 0.0252338 -2.23282e-05 0.0252338 -2.23282e-05
8.88 0 0 0 0 0.0252571 -2.23221e-05 0.0252571 -2.23221e-05
8.89 0 0 0 0 0.0252804 -2.23161e-05 0.0252804 -2.23161e-05
8.9 0 0 0 0 0.0253037 -2.231e-05 0.0253037 -2.231e-05
8.91 0 0 0 0 0.025327 -2.2304e-05 0.025327 -2.2304e-05
8.92 0 0 0 0 0.0253503 -2.22979e-05 0.0253503 -2.22979e-05
8.93 0 0 0 0 0.0253735 -2.22919e-05 0.0253735 -2.22919e-05
8.94 0 0 0 0 0.0253967 -2.22858e-05 0.0253967 -2.22858e-05
8.95 0 0 0 0 0.0254199 -2.22798e-05 0.0254199 -2.22798e-05
8.96 0 0 0 0 0.025443 -2.22737e-05 0.025443 -2.22737e-05
8.97 0 0 0 0 0.0254662 -2.22677e-05 0.0254662 -2.22677e-05
8.98 0 0 0 0 0.0254893 -2.22616e-05 0.0254893 -2.22616e-05
8.99 0 0 0 0 0.0255124 -2.22556e-05 0.0255124 -2.22556e-05
9 0 0 0 0 0.0255355 -2.22495e-05 0.0255355 -2.22495e-05
9.01 0 0 0 0 0.0255585 -2.22435e-05 0.0255585 -2.22435e-05
9.02 0 0 0 0 0.0255816 -2.22374e-05 0.0255816 -2.22374e-05
9.03 0 0 0 0 0.0256046 -2.22314e-05 0.0256046 -2.22314e-05
9.04 0 0 0 0 0.0256275 -2.22253e-05 0.0256275 -2.22253e-05
9.05 0 0 0 0 0.0256505 -2.22193e-05 0.0256505 -2.22193e-05
9.06 0 0 0 0 0.0256734 -2.22132e-05 0.0256734 -2.22132e-05
9.07 0 0 0 0 0.0256964 -2.22072e-05 0.0256964 -2.22072e-05
9.08 0 0 0 0 0.0257193 -2.22011e-05 0.0257193 -2.22011e-05
9.09 0 0 0 0 0.0257421 -2.21951e-05 0.0257421 -2.21951e-05
9.1 0 0 0 0 0.025765 -2.2189e-05 0.025765 -2.2189e-05
9.11 0 0 0 0 0.0257878 -2.2183e-05 0.0257878 -2.2183e-05
9.12 0 0 0 0 0.0258106 -2.21769e-05 0.0258106 -2.21769e-05
9.13 0 0 0 0 0.0258334 -2.21709e-05 0.0258334 -2.21709e-05
9.14 0 0 0 0 0.0258562 -2.21649e-05 0.0258562 -2.21649e-05
9.15 0 0 0 0 0.0258789 -2.21588e-05 0.0258789 -2.21588e-05
9.16 0 0 0 0 0.0259016 -2.21528e-05 0.0259016 -2.21528e-05
9.17 0 0 0 0 0.0259243 -2.21467e-05 0.0259243 -2.21467e-05
9.18 0 0 0 0 0.025947 -2.21407e-05 0.025947 -2.21407e-05
9.19 0 0 0 0 0.0259697 -2.21346e-05 0.0259697 -2.21346e-05
9.2 0 0 0 0 0.0259923 -2.21286e-05 0.0259923 -2.21286e-05
9.21 0 0 0 0 0.0260149 -2.21225e-05 0.0260149 -2.21225e-05
9.22 0 0 0 0 0.0260375 -2.21165e-05 0.0260375 -2.21165e-05
9.23 0 0 0 0 0.0260601 -2.21104e-05 0.0260601 -2.21104e-05
9.24 0 0 0 0 0.0260827 -2.21044e-05 0.0260827 -2.21044e-05
9.25 0 0 0 0 0.0261052 -2.20984e-05 0.0261052 -2.20984e-05
9.26 0 0 0 0 0.0261277 -2.20923e-05 0.0261277 -2.20923e-05
9.27 0 0 0 0 0.0261502 -2.20863e-05 0.0261502 -2.20863e-05
9.28 0 0 0 0 0.0261727 -2.20802e-05 0.0261727 -2.20802e-05
9.29 0 0 0 0 0.0261951 -2.20742e-05 0.0261951 -2.20742e-05
9.3 0 0 0 0 0.0262175 -2.20681e-05 0.0262175 -2.20681e-05
9.31 0 0 0 0 0.0262399 -2.20621e-05 0.0262399 -2.20621e-05
9.32 0 0 0 0 0.0262623 -2.2056e-05 0.0262623 -2.2056e-05
9.33 0 0 0 0 0.0262847 -2.205e-05 0.0262847 -2.205e-05
9.34 0 0 0 0 0.026307 -2.2044e-05 0.026307 -2.2044e-05
9.35 0 0 0 0 0.0263293 -2.20379e-05 0.0263293 -2.20379e-05
9.36 0 0 0 0 0.0263516 -2.20319e-05 0.0263516 -2.20319e-05
9.37 0 0 0 0 0.0263739 -2.20258e-05 0.0263739 -2.20258e-05
9.38 0 0 0 0 0.0263962 -2.20198e-05 0.0263962 -2.20198e-05
9.39 0 0 0 0 0.0264184 -2.20137e-05 0.0264184 -2.20137e-05
9.4 0 0 0 0 0.0264406 -2.20077e-05 0.0264406 -2.20077e-05
9.41 0 0 0 0 0.0264628 -2.20017e-05 0.0264628 -2.20017e-05
9.42 0 0 0 0 0.026485 -2.19956e-05 0.026485 -2.19956e-05
9.43 0 0 0 0 0.0265072 -2.19896e-05 0.0265072 -2.19896e-05
9.44 0 0 0 0 0.0265293 -2.19835e-05 0.0265293 -2.19835e-05
9.45 0 0 0 0 0.0265514 -2.19775e-05 0.0265514 -2.19775e-05
9.46 0 0 0 0 0.0265735 -2.19715e-05 0.0265735 -2.19715e-05
9.47 0 0 0 0 0.0265956 -2.19654e-05 0.0265956 -2.19654e-05
9.48 0 0 0 0 0.0266177 -2.19594e-05 0.0266177 -2.19594e-05
9.49 0 0 0 0 0.0266397 -2.19533e-05 0.0266397 -2.19533e-05
9.5 0 0 0 0 0.0266617 -2.19473e-05 0.0266617 -2.19473e-05
9.51 0 0 0 0 0.0266837 -2.19413e-05 0.0266837 -2.19413e-05
9.52 0 0 0 0 0.0267057 -2.19352e-05 0.0267057 -2.19352e-05
9.53 0 0 0 0 0.0267276 -2.19292e-05 0.0267276 -2.19292e-05
9.54 0 0 0 0 0.0267496 -2.19231e-05 0.0267496 -2.19231e-05
9.55 0 0 0 0 0.0267715 -2.19171e-05 0.0267715 -2.19171e-05
9.56 0 0 0 0 0.0267934 -2.1911e-05 0.0267934 -2.1911e-05
9.57 0 0 0 0 0.0268153 -2.1905e-05 0.0268153 -2.1905e-05
9.58 0 0 0 0 0.0268371 -2.1899e-05 0.0268371 -2.1899e-05
9.59 0 0 0 0 0.026859 -2.18929e-05 0.026859 -2.18929e-05
9.6 0 0 0 0 0.0268808 -2.18869e-05 0.0268808 -2.18869e-05
9.61 0 0 0 0 0.0269026 -2.18809e-05 0.0269026 -2.18809e-05
9.62 0 0 0 0 0.0269244 -2.18748e-05 0.0269244 -2.18748e-05
9.63 0 0 0 0 0.0269461 -2.18688e-05 0.0269461 -2.18688e-05
9.64 0 0 0 0 0.0269679 -2.18627e-05 0.0269679 -2.18627e-05
9.65 0 0 0 0 0.0269896 -2.18567e-05 0.0269896 -2.18567e-05
9.66 0 0 0 0 0.0270113 -2.18507e-05 0.0270113 -2.18507e-05
9.67 0 0 0 0 0.027033 -2.18446e-05 0.027033 -2.18446e-05
9.68 0 0 0 0 0.0270546 -2.18386e-05 0.0270546 -2.18386e-05
9.69 0 0 0 0 0.0270763 -2.18325e-05 0.0270763 -2.18325e-05
9.7 0 0 0 0 0.0270979 -2.18265e-05 0.0270979 -2.18265e-05
9.71 0 0 0 0 0.0271195 -2.18205e-05 0.0271195 -2.18205e-05
9.72 0 0 0 0 0.0271411 -2.18144e-05 0.0271411 -2.18144e-05
9.73 0 0 0 0 0.0271627 -2.18084e-05 0.0271627 -2.18084e-05
9.74 0 0 0 0 0.0271842 -2.18024e-05 0.0271842 -2.18024e-05
9.75 0 0 0 0 0.0272057 -2.17963e-05 0.0272057 -2.17963e-05
9.76 0 0 0 0 0.0272273 -2.17903e-05 0.0272273 -2.17903e-05
9.77 0 0 0 0 0.0272487 -2.17843e-05 0.0272487 -2.17843e-05
9.78 0 0 0 0 0.0272702 -2.17782e-05 0.0272702 -2.17782e-05
9.79 0 0 0 0 0.0272917 -2.17722e-05 0.0272917 -2.17722e-05
9.8 0 0 0 0 0.0273131 -2.17661e-05 0.0273131 -2.17661e-05
9.81 0 0 0 0 0.0273345 -2.17601e-05 0.0273345 -2.17601e-05
9.82 0 0 0 0 0.0273559 -2.17541e-05 0.0273559 -2.17541e-05
9.83 0 0 0 0 0.0273773 -2.1748e-05 0.0273773 -2.1748e-05
9.84 0 0 0 0 0.0273987 -2.1742e-05 0.0273987 -2.1742e-05
9.85 0 0 0 0 0.02742 -2.1736e-05 0.02742 -2.1736e-05
9.86 0 0 0 0 0.0274413 -2.17299e-05 0.0274413 -2.17299e-05
9.87 0 0 0 0 0.0274626 -2.17239e-05 0.0274626 -2.17239e-05
9.88 0 0 0 0 0.0274839 -2.17179e-05 0.0274839 -2.17179e-05
9.89 0 0 0 0 0.0275052 -2.17118e-05 0.0275052 -2.17118e-05
9.9 0 0 0 0 0.0275264 -2.17058e-05 0.0275264 -2.17058e-05
9.91 0 0 0 0 0.0275476 -2.16998e-05 0.0275476 -2.16998e-05
9.92 0 0 0 0 0.0275689 -2.16937e-05 0.0275689 -2.16937e-05
9.93 0 0 0 0 0.0275901 -2.16877e-05 0.0275901 -2.16877e-05
9.94 0 0 0 0 0.0276112 -2.16817e-05 0.0276112 -2.16817e-05
9.95 0 0 0 0 0.0276324 -2.16756e-05 0.0276324 -2.16756e-05
9.96 0 0 0 0 0.0276535 -2.16696e-05 0.0276535 -2.16696e-05
9.97 0 0 0 0 0.0276746 -2.16636e-05 0.0276746 -2.16636e-05
9.98 0 0 0 0 0.0276957 -2.16575e-05 0.0276957 -2.16575e-05
9.99 0 0 0 0 0.0277168 -2.16515e-05 0.0277168 -2.16515e-05
10 0 0 0 0 0.0277379 -2.16455e-05 0.0277379 -2.16455e-05
10.01 0 0 0 0 0.0277589 -2.16394e-05 0.0277589 -2.16394e-05
10.02 0 0 0 0 0.02778 -2.16334e-05 0.02778 -2.16334e-05
10.03 0 0 0 0 0.027801 -2.16274e-05 0.027801 -2.16274e-05
10.04 0 0 0 0 0.027822 -2.16213e-05 0.027822 -2.16213e-05
10.05 0 0 0 0 0.0278429 -2.16153e-05 0.0278429 -2.16153e-05
10.06 0 0 0 0 0.0278639 -2.16093e-05 0.0278639 -2.16093e-05
10.07 0 0 0 0 0.0278848 -2.16032e-05 0.0278848 -2.16032e-05
10.08 0 0 0 0 0.0279058 -2.15972e-05 0.0279058 -2.15972e-05
10.09 0 0 0 0 0.0279267 -2.15912e-05 0.0279267 -2.15912e-05
10.1 0 0 0 0 0.0279476 -2.15851e-05 0.0279476 -2.15851e-05
10.11 0 0 0 0 0.0279686 -2.1579e-05 0.0279686 -2.1579e-05
10.12 0 0 0 0 0.0279897 -2.1573e-05 0.0279897 -2.1573e-05
10.13 0 0 0 0 0.0280108 -2.15668e-05 0.0280108 -2.15668e-05
10.14 0 0 0 0 0.028032 -2.15607e-05 0.028032 -2.15607e-05
10.15 0 0 0 0 0.0280534 -2.15545e-05 0.0280534 -2.15545e-05
10.16 0 0 0 0 0.0280748 -2.15483e-05 0.0280748 -2.15483e-05
10.17 0 0 0 0 0.0280964 -2.1542e-05 0.0280964 -2.1542e-05
10.18 0 0 0 0 0.028118 -2.15357e-05 0.028118 -2.15357e-05
10.19 0 0 0 0 0.0281397 -2.15294e-05 0.0281397 -2.15294e-05
10.2 0 0 0 0 0.0281615 -2.15231e-05 0.0281615 -2.15231e-05
10.21 0 0 0 0 0.0281833 -2.15167e-05 0.0281833 -2.15167e-05
10.22 0 0 0 0 0.0282051 -2.15104e-05 0.0282051 -2.15104e-05
10.23 0 0 0 0 0.028227 -2.1504e-05 0.028227 -2.1504e-05
10.24 0 0 0 0 0.0282488 -2.14976e-05 0.0282488 -2.14976e-05
10.25 0 0 0 0 0.0282706 -2.14913e-05 0.0282706 -2.14913e-05
10.26 0 0 0 0 0.0282923 -2.14849e-05 0.0282923 -2.14849e-05
10.27 0 0 0 0 0.028314 -2.14786e-05 0.028314 -2.14786e-05
10.28 0 0 0 0 0.0283356 -2.14723e-05 0.0283356 -2.14723e-05
10.29 0 0 0 0 0.0283571 -2.1466e-05 0.0283571 -2.1466e-05
10.3 0 0 0 0 0.0283785 -2.14597e-05 0.0283785 -2.14597e-05
10.31 0 0 0 0 0.0283998 -2.14534e-05 0.0283998 -2.14534e-05
10.32 0 0 0 0 0.0284211 -2.14472e-05 0.0284211 -2.14472e-05
10.33 0 0 0 0 0.0284423 -2.1441e-05 0.0284423 -2.1441e-05
10.34 0 0 0 0 0.0284634 -2.14348e-05 0.0284634 -2.14348e-05
10.35 0 0 0 0 0.0284845 -2.14286e-05 0.0284845 -2.14286e-05
10.36 0 0 0 0 0.0285055 -2.14224e-05 0.0285055 -2.14224e-05
10.37 0 0 0 0 0.0285265 -2.14162e-05 0.0285265 -2.14162e-05
10.38 0 0 0 0 0.0285475 -2.14101e-05 0.0285475 -2.14101e-05
10.39 0 0 0 0 0.0285684 -2.14039e-05 0.0285684 -2.14039e-05
10.4 0 0 0 0 0.0285894 -2.13977e-05 0.0285894 -2.13977e-05
10.41 0 0 0 0 0.0286104 -2.13915e-05 0.0286104 -2.13915e-05
10.42 0 0 0 0 0.0286314 -2.13853e-05 0.0286314 -2.13853e-05
10.43 0 0 0 0 0.0286524 -2.13791e-05 0.0286524 -2.13791e-05
10.44 0 0 0 0 0.0286734 -2.13729e-05 0.0286734 -2.13729e-05
10.45 0 0 0 0 0.0286945 -2.13666e-05 0.0286945 -2.13666e-05
10.46 0 0 0 0 0.0287156 -2.13604e-05 0.0287156 -2.13604e-05
10.47 0 0 0 0 0.0287367 -2.13542e-05 0.0287367 -2.13542e-05
10.48 0 0 0 0 0.0287579 -2.13479e-05 0.0287579 -2.13479e-05
10.49 0 0 0 0 0.028779 -2.13416e-05 0.028779 -2.13416e-05
10.5 0 0 0 0 0.0288002 -2.13353e-05 0.0288002 -2.13353e-05
10.51 0 0 0 0 0.0288214 -2.1329e-05 0.0288214 -2.1329e-05
10.52 0 0 0 0 0.0288425 -2.13228e-05 0.0288425 -2.13228e-05
10.53 0 0 0 0 0.0288637 -2.13165e-05 0.0288637 -2.13165e-05
10.54 0 0 0 0 0.0288848 -2.13102e-05 0.0288848 -2.13102e-05
10.55 0 0 0 0 0.0289059 -2.13039e-05 0.0289059 -2.13039e-05
10.56 0 0 0 0 0.028927 -2.12976e-05 0.028927 -2.12976e-05
10.57 0 0 0 0 0.028948 -2.12913e-05 0.028948 -2.12913e-05
10.58 0 0 0 0 0.0289691 -2.12851e-05 0.0289691 -2.12851e-05
10.59 0 0 0 0 0.02899 -2.12788e-05 0.02899 -2.12788e-05
10.6 0 0 0 0 0.029011 -2.12726e-05 0.029011 -2.12726e-05
10.61 0 0 0 0 0.0290319 -2.12663e-05 0.0290319 -2.12663e-05
10.62 0 0 0 0 0.0290527 -2.12601e-05 0.0290527 -2.12601e-05
10.63 0 0 0 0 0.0290736 -2.12538e-05 0.0290736 -2.12538e-05
10.64 0 0 0 0 0.0290944 -2.12476e-05 0.0290944 -2.12476e-05
10.65 0 0 0 0 0.0291152 -2.12414e-05 0.0291152 -2.12414e-05
10.66 0 0 0 0 0.0291359 -2.12352e-05 0.0291359 -2.12352e-05
10.67 0 0 0 0 0.0291566 -2.1229e-05 0.0291566 -2.1229e-05
10.68 0 0 0 0 0.0291774 -2.12227e-05 0.0291774 -2.12227e-05
10.69 0 0 0 0 0.0291981 -2.12165e-05 0.0291981 -2.12165e-05
10.7 0 0 0 0 0.0292188 -2.12103e-05 0.0292188 -2.12103e-05
10.71 0 0 0 0 0.0292395 -2.12041e-05 0.0292395 -2.12041e-05
10.72 0 0 0 0 0.0292602 -2.11978e-05 0.0292602 -2.11978e-05
10.73 0 0 0 0 0.0292809 -2.11916e-05 0.0292809 -2.11916e-05
10.74 0 0 0 0 0.0293017 -2.11853e-05 0.0293017 -2.11853e-05
10.75 0 0 0 0 0.0293224 -2.11791e-05 0.0293224 -2.11791e-05
10.76 0 0 0 0 0.0293431 -2.11728e-05 0.0293431 -2.11728e-05
10.77 0 0 0 0 0.0293638 -2.11666e-05 0.0293638 -2.11666e-05
10.78 0 0 0 0 0.0293845 -2.11603e-05 0.0293845 -2.11603e-05
10.79 0 0 0 0 0.0294052 -2.11541e-05 0.0294052 -2.11541e-05
10.8 0 0 0 0 0.0294259 -2.11478e-05 0.0294259 -2.11478e-05
10.81 0 0 0 0 0.0294466 -2.11416e-05 0.0294466 -2.11416e-05
10.82 0 0 0 0 0.0294673 -2.11353e-05 0.0294673 -2.11353e-05
10.83 0 0 0 0 0.0294879 -2.1129e-05 0.0294879 -2.1129e-05
10.84 0 0 0 0 0.0295086 -2.11228e-05 0.0295086 -2.11228e-05
10.85 0 0 0 0 0.0295292 -2.11165e-05 0.0295292 -2.11165e-05
10.86 0 0 0 0 0.0295498 -2.11103e-05 0.0295498 -2.11103e-05
10.87 0 0 0 0 0.0295704 -2.1104e-05 0.0295704 -2.1104e-05
10.88 0 0 0 0 0.029591 -2.10978e-05 0.029591 -2.10978e-05
10.89 0 0 0 0 0.0296115 -2.10915e-05 0.0296115 -2.10915e-05
10.9 0 0 0 0 0.029632 -2.10853e-05 0.029632 -2.10853e-05
10.91 0 0 0 0 0.0296525 -2.1079e-05 0.0296525 -2.1079e-05
10.92 0 0 0 0 0.029673 -2.10728e-05 0.029673 -2.10728e-05
10.93 0 0 0 0 0.0296935 -2.10666e-05 0.0296935 -2.10666e-05
10.94 0 0 0 0 0.0297139 -2.10603e-05 0.0297139 -2.10603e-05
10.95 0 0 0 0 0.0297344 -2.10541e-05 0.0297344 -2.10541e-05
10.96 0 0 0 0 0.0297548 -2.10478e-05 0.0297548 -2.10478e-05
10.97 0 0 0 0 0.0297752 -2.10416e-05 0.0297752 -2.10416e-05
10.98 0 0 0 0 0.0297956 -2.10354e-05 0.0297956 -2.10354e-05
10.99 0 0 0 0 0.029816 -2.10291e-05 0.029816 -2.10291e-05
11 0 0 0 0 0.0298364 -2.10229e-05 0.0298364 -2.10229e-05
11.01 0 0 0 0 0.0298567 -2.10166e-05 0.0298567 -2.10166e-05
11.02 0 0 0 0 0.0298771 -2.10104e-05 0.0298771 -2.10104e-05
11.03 0 0 0 0 0.0298975 -2.10042e-05 0.0298975 -2.10042e-05
11.04 0 0 0 0 0.0299178 -2.09979e-05 0.0299178 -2.09979e-05
11.05 0 0 0 0 0.0299381 -2.09917e-05 0.0299381 -2.09917e-05
11.06 0 0 0 0 0.0299585 -2.09854e-05 0.0299585 -2.09854e-05
11.07 0 0 0 0 0.0299788 -2.09792e-05 0.0299788 -2.09792e-05
11.08 0 0 0 0 0.0299991 -2.09729e-05 0.0299991 -2.09729e-05
11.09 0 0 0 0 0.0300194 -2.09667e-05 0.0300194 -2.09667e-05
11.1 0 0 0 0 0.0300397 -2.09604e-05 0.0300397 -2.09604e-05
11.11 0 0 0 0 0.03006 -2.09542e-05 0.03006 -2.09542e-05
11.12 0 0 0 0 0.0300802 -2.09479e-05 0.0300802 -2.09479e-05
11.13 0 0 0 0 0.0301005 -2.09417e-05 0.0301005 -2.09417e-05
11.14 0 0 0 0 0.0301207 -2.09354e-05 0.0301207 -2.09354e-05
11.15 0 0 0 0 0.030141 -2.09292e-05 0.030141 -2.09292e-05
11.16 0 0 0 0 0.0301612 -2.09229e-05 0.0301612 -2.09229e-05
11.17 0 0 0 0 0.0301814 -2.09167e-05 0.0301814 -2.09167e-05
11.18 0 0 0 0 0.0302015 -2.09104e-05 0.0302015 -2.09104e-05
11.19 0 0 0 0 0.0302217 -2.09042e-05 0.0302217 -2.09042e-05
11.2 0 0 0 0 0.0302418 -2.08979e-05 0.0302418 -2.08979e-05
11.21 0 0 0 0 0.030262 -2.08917e-05 0.030262 -2.08917e-05
11.22 0 0 0 0 0.0302821 -2.08854e-05 0.0302821 -2.08854e-05
11.23 0 0 0 0 0.0303022 -2.08792e-05 0.0303022 -2.08792e-05
11.24 0 0 0 0 0.0303223 -2.0873e-05 0.0303223 -2.0873e-05
11.25 0 0 0 0 0.0303424 -2.08667e-05 0.0303424 -2.08667e-05
11.26 0 0 0 0 0.0303624 -2.08605e-05 0.0303624 -2.08605e-05
11.27 0 0 0 0 0.0303825 -2.08542e-05 0.0303825 -2.08542e-05
11.28 0 0 0 0 0.0304025 -2.0848e-05 0.0304025 -2.0848e-05
11.29 0 0 0 0 0.0304226 -2.08417e-05 0.0304226 -2.08417e-05
11.3 0 0 0 0 0.0304426 -2.08355e-05 0.0304426 -2.08355e-05
11.31 0 0 0 0 0.0304626 -2.08292e-05 0.0304626 -2.08292e-05
11.32 0 0 0 0 0.0304826 -2.0823e-05 0.0304826 -2.0823e-05
11.33 0 0 0 0 0.0305026 -2.08168e-05 0.0305026 -2.08168e-05
11.34 0 0 0 0 0.0305226 -2.08105e-05 0.0305226 -2.08105e-05
11.35 0 0 0 0 0.0305426 -2.08043e-05 0.0305426 -2.08043e-05
11.36 0 0 0 0 0.0305625 -2.0798e-05 0.0305625 -2.0798e-05
11.37 0 0 0 0 0.0305825 -2.07918e-05 0.0305825 -2.07918e-05
11.38 0 0 0 0 0.0306024 -2.07855e-05 0.0306024 -2.07855e-05
11.39 0 0 0 0 0.0306223 -2.07793e-05 0.0306223 -2.07793e-05
11.4 0 0 0 0 0.0306423 -2.0773e-05 0.0306423 -2.0773e-05
11.41 0 0 0 0 0.0306622 -2.07668e-05 0.0306622 -2.07668e-05
11.42 0 0 0 0 0.0306821 -2.07605e-05 0.0306821 -2.07605e-05
11.43 0 0 0 0 0.0307019 -2.07543e-05 0.0307019 -2.07543e-05
11.44 0 0 0 0 0.0307218 -2.0748e-05 0.0307218 -2.0748e-05
11.45 0 0 0 0 0.0307417 -2.07418e-05 0.0307417 -2.07418e-05
11.46 0 0 0 0 0.0307615 -2.07355e-05 0.0307615 -2.07355e-05
11.47 0 0 0 0 0.0307813 -2.07293e-05 0.0307813 -2.07293e-05
11.48 0 0 0 0 0.0308011 -2.07231e-05 0.0308011 -2.07231e-05
11.49 0 0 0 0 0.0308209 -2.07168e-05 0.0308209 -2.07168e-05
11.5 0 0 0 0 0.0308407 -2.07106e-05 0.0308407 -2.07106e-05
11.51 0 0 0 0 0.0308605 -2.07043e-05 0.0308605 -2.07043e-05
11.52 0 0 0 0 0.0308803 -2.06981e-05 0.0308803 -2.06981e-05
11.53 0 0 0 0 0.0309 -2.06918e-05 0.0309 -2.06918e-05
11.54 0 0 0 0 0.0309198 -2.06856e-05 0.0309198 -2.06856e-05
11.55 0 0 0 0 0.0309395 -2.06793e-05 0.0309395 -2.06793e-05
11.56 0 0 0 0 0.0309592 -2.06731e-05 0.0309592 -2.06731e-05
11.57 0 0 0 0 0.0309789 -2.06669e-05 0.0309789 -2.06669e-05
11.58 0 0 0 0 0.0309986 -2.06606e-05 0.0309986 -2.06606e-05
11.59 0 0 0 0 0.0310183 -2.06544e-05 0.0310183 -2.06544e-05
11.6 0 0 0 0 0.031038 -2.06481e-05 0.031038 -2.06481e-05
11.61 0 0 0 0 0.0310576 -2.06419e-05 0.0310576 -2.06419e-05
11.62 0 0 0 0 0.0310773 -2.06356e-05 0.0310773 -2.06356e-05
11.63 0 0 0 0 0.0310969 -2.06294e-05 0.0310969 -2.06294e-05
11.64 0 0 0 0 0.0311166 -2.06231e-05 0.0311166 -2.06231e-05
11.65 0 0 0 0 0.0311362 -2.06169e-05 0.0311362 -2.06169e-05
11.66 0 0 0 0 0.0311558 -2.06106e-05 0.0311558 -2.06106e-05
11.67 0 0 0 0 0.0311754 -2.06044e-05 0.0311754 -2.06044e-05
11.68 0 0 0 0 0.031195 -2.05982e-05 0.031195 -2.05982e-05
11.69 0 0 0 0 0.0312146 -2.05919e-05 0.0312146 -2.05919e-05
11.7 0 0 0 0 0.0312341 -2.05857e-05 0.0312341 -2.05857e-05
11.71 0 0 0 0 0.0312537 -2.05794e-05 0.0312537 -2.05794e-05
11.72 0 0 0 0 0.0312732 -2.05732e-05 0.0312732 -2.05732e-05
11.73 0 0 0 0 0.0312927 -2.05669e-05 0.0312927 -2.05669e-05
11.74 0 0 0 0 0.0313123 -2.05607e-05 0.0313123 -2.05607e-05
11.75 0 0 0 0 0.0313318 -2.05544e-05 0.0313318 -2.05544e-05
11.76 0 0 0 0 0.0313513 -2.05482e-05 0.0313513 -2.05482e-05
11.77 0 0 0 0 0.0313707 -2.05419e-05 0.0313707 -2.05419e-05
11.78 0 0 0 0 0.0313902 -2.05357e-05 0.0313902 -2.05357e-05
11.79 0 0 0 0 0.0314097 -2.05295e-05 0.0314097 -2.05295e-05
11.8 0 0 0 0 0.0314291 -2.05232e-05 0.0314291 -2.05232e-05
11.81 0 0 0 0 0.0314486 -2.0517e-05 0.0314486 -2.0517e-05
11.82 0 0 0 0 0.031468 -2.05107e-05 0.031468 -2.05107e-05
11.83 0 0 0 0 0.0314874 -2.05045e-05 0.0314874 -2.05045e-05
11.84 0 0 0 0 0.0315068 -2.04982e-05 0.0315068 -2.04982e-05
11.85 0 0 0 0 0.0315262 -2.0492e-05 0.0315262 -2.0492e-05
11.86 0 0 0 0 0.0315456 -2.04857e-05 0.0315456 -2.04857e-05
11.87 0 0 0 0 0.0315649 -2.04795e-05 0.0315649 -2.04795e-05
11.88 0 0 0 0 0.0315843 -2.04733e-05 0.0315843 -2.04733e-05
11.89 0 0 0 0 0.0316036 -2.0467e-05 0.0316036 -2.0467e-05
11.9 0 0 0 0 0.031623 -2.04608e-05 0.031623 -2.04608e-05
11.91 0 0 0 0 0.0316423 -2.04545e-05 0.0316423 -2.04545e-05
11.92 0 0 0 0 0.0316616 -2.04483e-05 0.0316616 -2.04483e-05
11.93 0 0 0 0 0.0316809 -2.0442e-05 0.0316809 -2.0442e-05
11.94 0 0 0 0 0.0317002 -2.04358e-05 0.0317002 -2.04358e-05
11.95 0 0 0 0 0.0317195 -2.04295e-05 0.0317195 -2.04295e-05
11.96 0 0 0 0 0.0317388 -2.04233e-05 0.0317388 -2.04233e-05
11.97 0 0 0 0 0.031758 -2.0417e-05 0.031758 -2.0417e-05
11.98 0 0 0 0 0.0317773 -2.04108e-05 0.0317773 -2.04108e-05
11.99 0 0 0 0 0.0317965 -2.04046e-05 0.0317965 -2.04046e-05
12 0 0 0 0 0.0318157 -2.03983e-05 0.0318157 -2.03983e-05
12.01 0 0 0 0 0.031835 -2.03921e-05 0.031835 -2.03921e-05
12.02 0 0 0 0 0.0318542 -2.03858e-05 0.0318542 -2.03858e-05
12.03 0 0 0 0 0.0318734 -2.03796e-05 0.0318734 -2.03796e-05
12.04 0 0 0 0 0.0318925 -2.03733e-05 0.0318925 -2.03733e-05
12.05 0 0 0 0 0.0319117 -2.03671e-05 0.0319117 -2.03671e-05
12.06 0 0 0 0 0.0319309 -2.03608e-05 0.0319309 -2.03608e-05
12.07 0 0 0 0 0.03195 -2.03546e-05 0.03195 -2.03546e-05
12.08 0 0 0 0 0.0319692 -2.03484e-05 0.0319692 -2.03484e-05
12.09 0 0 0 0 0.0319883 -2.03421e-05 0.0319883 -2.03421e-05
12.1 0 0 0 0 0.0320074 -2.03359e-05 0.0320074 -2.03359e-05
12.11 0 0 0 0 0.0320265 -2.03296e-05 0.0320265 -2.03296e-05
12.12 0 0 0 0 0.0320456 -2.03234e-05 0.0320456 -2.03234e-05
12.13 0 0 0 0 0.0320647 -2.03171e-05 0.0320647 -2.03171e-05
12.14 0 0 0 0 0.0320838 -2.03109e-05 0.0320838 -2.03109e-05
12.15 0 0 0 0 0.0321028 -2.03046e-05 0.0321028 -2.03046e-05
12.16 0 0 0 0 0.0321219 -2.02984e-05 0.0321219 -2.02984e-05
12.17 0 0 0 0 0.0321409 -2.02922e-05 0.0321409 -2.02922e-05
12.18 0 0 0 0 0.03216 -2.02859e-05 0.03216 -2.02859e-05
12.19 0 0 0 0 0.032179 -2.02797e-05 0.032179 -2.02797e-05
12.2 0 0 0 0 0.032198 -2.02734e-05 0.032198 -2.02734e-05
12.21 0 0 0 0 0.032217 -2.02672e-05 0.032217 -2.02672e-05
12.22 0 0 0 0 0.032236 -2.02609e-05 0.032236 -2.02609e-05
12.23 0 0 0 0 0.032255 -2.02547e-05 0.032255 -2.02547e-05
12.24 0 0 0 0 0.0322739 -2.02484e-05 0.0322739 -2.02484e-05
12.25 0 0 0 0 0.0322929 -2.02422e-05 0.0322929 -2.02422e-05
12.26 0 0 0 0 0.0323119 -2.02359e-05 0.0323119 -2.02359e-05
12.27 0 0 0 0 0.0323308 -2.02297e-05 0.0323308 -2.02297e-05
12.28 0 0 0 0 0.0323497 -2.02235e-05 0.0323497 -2.02235e-05
12.29 0 0 0 0 0.0323686 -2.02172e-05 0.0323686 -2.02172e-05
12.3 0 0 0 0 0.0323875 -2.0211e-05 0.0323875 -2.0211e-05
12.31 0 0 0 0 0.0324064 -2.02047e-05 0.0324064 -2.02047e-05
12.32 0 0 0 0 0.0324253 -2.01985e-05 0.0324253 -2.01985e-05
12.33 0 0 0 0 0.0324442 -2.01922e-05 0.0324442 -2.01922e-05
12.34 0 0 0 0 0.0324631 -2.0186e-05 0.0324631 -2.0186e-05
12.35 0 0 0 0 0.0324819 -2.01797e-05 0.0324819 -2.01797e-05
12.36 0 0 0 0 0.0325007 -2.01735e-05 0.0325007 -2.01735e-05
12.37 0 0 0 0 0.0325196 -2.01673e-05 0.0325196 -2.01673e-05
12.38 0 0 0 0 0.0325384 -2.0161e-05 0.0325384 -2.0161e-05
12.39 0 0 0 0 0.0325572 -2.01548e-05 0.0325572 -2.01548e-05
12.4 0 0 0 0 0.032576 -2.01485e-05 0.032576 -2.01485e-05
12.41 0 0 0 0 0.0325948 -2.01423e-05 0.0325948 -2.01423e-05
12.42 0 0 0 0 0.0326136 -2.0136e-05 0.0326136 -2.0136e-05
12.43 0 0 0 0 0.0326324 -2.01298e-05 0.0326324 -2.01298e-05
12.44 0 0 0 0 0.0326511 -2.01235e-05 0.0326511 -2.01235e-05
12.45 0 0 0 0 0.0326699 -2.01173e-05 0.0326699 -2.01173e-05
12.46 0 0 0 0 0.0326886 -2.01111e-05 0.0326886 -2.01111e-05
12.47 0 0 0 0 0.0327073 -2.01048e-05 0.0327073 -2.01048e-05
12.48 0 0 0 0 0.032726 -2.00986e-05 0.032726 -2.00986e-05
12.49 0 0 0 0 0.0327448 -2.00923e-05 0.0327448 -2.00923e-05
12.5 0 0 0 0 0.0327635 -2.00861e-05 0.0327635 -2.00861e-05
12.51 0 0 0 0 0.0327821 -2.00798e-05 0.0327821 -2.00798e-05
12.52 0 0 0 0 0.0328008 -2.00736e-05 0.0328008 -2.00736e-05
12.53 0 0 0 0 0.0328195 -2.00673e-05 0.0328195 -2.00673e-05
12.54 0 0 0 0 0.0328381 -2.00611e-05 0.0328381 -2.00611e-05
12.55 0 0 0 0 0.0328568 -2.00548e-05 0.0328568 -2.00548e-05
12.56 0 0 0 0 0.0328754 -2.00486e-05 0.0328754 -2.00486e-05
12.57 0 0 0 0 0.0328941 -2.00424e-05 0.0328941 -2.00424e-05
12.58 0 0 0 0 0.0329127 -2.00361e-05 0.0329127 -2.00361e-05
12.59 0 0 0 0 0.0329313 -2.00299e-05 0.0329313 -2.00299e-05
12.6 0 0 0 0 0.0329499 -2.00236e-05 0.0329499 -2.00236e-05
12.61 0 0 0 0 0.0329685 -2.00174e-05 0.0329685 -2.00174e-05
12.62 0 0 0 0 0.032987 -2.00111e-05 0.032987 -2.00111e-05
12.63 0 0 0 0 0.0330056 -2.00049e-05 0.0330056 -2.00049e-05
12.64 0 0 0 0 0.0330242 -1.99986e-05 0.0330242 -1.99986e-05
12.65 0 0 0 0 0.0330427 -1.99924e-05 0.0330427 -1.99924e-05
12.66 0 0 0 0 0.0330612 -1.99862e-05 0.0330612 -1.99862e-05
12.67 0 0 0 0 0.0330798 -1.99799e-05 0.0330798 -1.99799e-05
12.68 0 0 0 0 0.0330983 -1.99737e-05 0.0330983 -1.99737e-05
12.69 0 0 0 0 0.0331168 -1.99674e-05 0.0331168 -1.99674e-05
12.7 0 0 0 0 0.0331353 -1.99612e-05 0.0331353 -1.99612e-05
12.71 0 0 0 0 0.0331538 -1.99549e-05 0.0331538 -1.99549e-05
12.72 0 0 0 0 0.0331722 -1.99487e-05 0.0331722 -1.99487e-05
12.73 0 0 0 0 0.0331907 -1.99424e-05 0.0331907 -1.99424e-05
12.74 0 0 0 0 0.0332092 -1.99362e-05 0.0332092 -1.99362e-05
12.75 0 0 0 0 0.0332276 -1.993e-05 0.0332276 -1.993e-05
12.76 0 0 0 0 0.0332461 -1.99237e-05 0.0332461 -1.99237e-05
12.77 0 0 0 0 0.0332645 -1.99175e-05 0.0332645 -1.99175e-05
12.78 0 0 0 0 0.0332829 -1.99112e-05 0.0332829 -1.99112e-05
12.79 0 0 0 0 0.0333013 -1.9905e-05 0.0333013 -1.9905e-05
12.8 0 0 0 0 0.0333197 -1.98987e-05 0.0333197 -1.98987e-05
12.81 0 0 0 0 0.0333381 -1.98925e-05 0.0333381 -1.98925e-05
12.82 0 0 0 0 0.0333565 -1.98862e-05 0.0333565 -1.98862e-05
12.83 0 0 0 0 0.0333748 -1.988e-05 0.0333748 -1.988e-05
12.84 0 0 0 0 0.0333932 -1.98738e-05 0.0333932 -1.98738e-05
12.85 0 0 0 0 0.0334115 -1.98675e-05 0.0334115 -1.98675e-05
12.86 0 0 0 0 0.0334299 -1.98613e-05 0.0334299 -1.98613e-05
12.87 0 0 0 0 0.0334482 -1.9855e-05 0.0334482 -1.9855e-05
12.88 0 0 0 0 0.0334665 -1.98488e-05 0.0334665 -1.98488e-05
12.89 0 0 0 0 0.0334848 -1.98425e-05 0.0334848 -1.98425e-05
12.9 0 0 0 0 0.0335031 -1.98363e-05 0.0335031 -1.98363e-05
12.91 0 0 0 0 0.0335214 -1.983e-05 0.0335214 -1.983e-05
12.92 0 0 0 0 0.0335397 -1.98238e-05 0.0335397 -1.98238e-05
12.93 0 0 0 0 0.033558 -1.98176e-05 0.033558 -1.98176e-05
12.94 0 0 0 0 0.0335762 -1.98113e-05 0.0335762 -1.98113e-05
12.95 0 0 0 0 0.0335945 -1.98051e-05 0.0335945 -1.98051e-05
12.96 0 0 0 0 0.0336127 -1.97988e-05 0.0336127 -1.97988e-05
12.97 0 0 0 0 0.0336309 -1.97926e-05 0.0336309 -1.97926e-05
12.98 0 0 0 0 0.0336492 -1.97863e-05 0.0336492 -1.97863e-05
12.99 0 0 0 0 0.0336674 -1.97801e-05 0.0336674 -1.97801e-05
13 0 0 0 0 0.0336856 -1.97738e-05 0.0336856 -1.97738e-05
13.01 0 0 0 0 0.0337038 -1.97676e-05 0.0337038 -1.97676e-05
13.02 0 0 0 0 0.033722 -1.97614e-05 0.033722 -1.97614e-05
13.03 0 0 0 0 0.0337401 -1.97551e-05 0.0337401 -1.97551e-05
13.04 0 0 0 0 0.0337583 -1.97489e-05 0.0337583 -1.97489e-05
13.05 0 0 0 0 0.0337764 -1.97426e-05 0.0337764 -1.97426e-05
13.06 0 0 0 0 0.0337946 -1.97364e-05 0.0337946 -1.97364e-05
13.07 0 0 0 0 0.0338127 -1.97301e-05 0.0338127 -1.97301e-05
13.08 0 0 0 0 0.0338309 -1.97239e-05 0.0338309 -1.97239e-05
13.09 0 0 0 0 0.033849 -1.97177e-05 0.033849 -1.97177e-05
13.1 0 0 0 0 0.0338671 -1.97114e-05 0.0338671 -1.97114e-05
13.11 0 0 0 0 0.0338852 -1.97052e-05 0.0338852 -1.97052e-05
13.12 0 0 0 0 0.0339033 -1.96989e-05 0.0339033 -1.96989e-05
13.13 0 0 0 0 0.0339213 -1.96927e-05 0.0339213 -1.96927e-05
13.14 0 0 0 0 0.0339394 -1.96864e-05 0.0339394 -1.96864e-05
13.15 0 0 0 0 0.0339575 -1.96802e-05 0.0339575 -1.96802e-05
13.16 0 0 0 0 0.0339755 -1.96739e-05 0.0339755 -1.96739e-05
13.17 0 0 0 0 0.0339936 -1.96677e-05 0.0339936 -1.96677e-05
13.18 0 0 0 0 0.0340116 -1.96615e-05 0.0340116 -1.96615e-05
13.19 0 0 0 0 0.0340296 -1.96552e-05 0.0340296 -1.96552e-05
13.2 0 0 0 0 0.0340476 -1.9649e-05 0.0340476 -1.9649e-05
13.21 0 0 0 0 0.0340656 -1.96427e-05 0.0340656 -1.96427e-05
13.22 0 0 0 0 0.0340836 -1.96365e-05 0.0340836 -1.96365e-05
13.23 0 0 0 0 0.0341016 -1.96302e-05 0.0341016 -1.96302e-05
13.24 0 0 0 0 0.0341196 -1.9624e-05 0.0341196 -1.9624e-05
13.25 0 0 0 0 0.0341375 -1.96177e-05 0.0341375 -1.96177e-05
13.26 0 0 0 0 0.0341555 -1.96115e-05 0.0341555 -1.96115e-05
13.27 0 0 0 0 0.0341734 -1.96053e-05 0.0341734 -1.96053e-05
13.28 0 0 0 0 0.0341914 -1.9599e-05 0.0341914 -1.9599e-05
13.29 0 0 0 0 0.0342093 -1.95928e-05 0.0342093 -1.95928e-05
13.3 0 0 0 0 0.0342272 -1.95865e-05 0.0342272 -1.95865e-05
13.31 0 0 0 0 0.0342451 -1.95803e-05 0.0342451 -1.95803e-05
13.32 0 0 0 0 0.034263 -1.9574e-05 0.034263 -1.9574e-05
13.33 0 0 0 0 0.0342809 -1.95678e-05 0.0342809 -1.95678e-05
13.34 0 0 0 0 0.0342988 -1.95615e-05 0.0342988 -1.95615e-05
13.35 0 0 0 0 0.0343167 -1.95553e-05 0.0343167 -1.95553e-05
13.36 0 0 0 0 0.0343346 -1.95491e-05 0.0343346 -1.95491e-05
13.37 0 0 0 0 0.0343524 -1.95428e-05 0.0343524 -1.95428e-05
13.38 0 0 0 0 0.0343703 -1.95366e-05 0.0343703 -1.95366e-05
13.39 0 0 0 0 0.0343881 -1.95303e-05 0.0343881 -1.95303e-05
13.4 0 0 0 0 0.0344059 -1.95241e-05 0.0344059 -1.95241e-05
13.41 0 0 0 0 0.0344237 -1.95178e-05 0.0344237 -1.95178e-05
13.42 0 0 0 0 0.0344415 -1.95116e-05 0.0344415 -1.95116e-05
13.43 0 0 0 0 0.0344593 -1.95053e-05 0.0344593 -1.95053e-05
13.44 0 0 0 0 0.0344771 -1.94991e-05 0.0344771 -1.94991e-05
13.45 0 0 0 0 0.0344949 -1.94929e-05 0.0344949 -1.94929e-05
13.46 0 0 0 0 0.0345127 -1.94866e-05 0.0345127 -1.94866e-05
13.47 0 0 0 0 0.0345304 -1.94804e-05 0.0345304 -1.94804e-05
13.48 0 0 0 0 0.0345482 -1.94741e-05 0.0345482 -1.94741e-05
13.49 0 0 0 0 0.0345659 -1.94679e-05 0.0345659 -1.94679e-05
13.5 0 0 0 0 0.0345837 -1.94616e-05 0.0345837 -1.94616e-05
13.51 0 0 0 0 0.0346014 -1.94554e-05 0.0346014 -1.94554e-05
13.52 0 0 0 0 0.0346191 -1.94491e-05 0.0346191 -1.94491e-05
13.53 0 0 0 0 0.0346368 -1.94429e-05 0.0346368 -1.94429e-05
13.54 0 0 0 0 0.0346545 -1.94367e-05 0.0346545 -1.94367e-05
13.55 0 0 0 0 0.0346722 -1.94304e-05 0.0346722 -1.94304e-05
13.56 0 0 0 0 0.0346899 -1.94242e-05 0.0346899 -1.94242e-05
13.57 0 0 0 0 0.0347076 -1.94179e-05 0.0347076 -1.94179e-05
13.58 0 0 0 0 0.0347252 -1.94117e-05 0.0347252 -1.94117e-05
13.59 0 0 0 0 0.0347429 -1.94054e-05 0.0347429 -1.94054e-05
13.6 0 0 0 0 0.0347605 -1.93992e-05 0.0347605 -1.93992e-05
13.61 0 0 0 0 0.0347782 -1.9393e-05 0.0347782 -1.9393e-05
13.62 0 0 0 0 0.0347958 -1.93867e-05 0.0347958 -1.93867e-05
13.63 0 0 0 0 0.0348134 -1.93805e-05 0.0348134 -1.93805e-05
13.64 0 0 0 0 0.034831 -1.93742e-05 0.034831 -1.93742e-05
13.65 0 0 0 0 0.0348486 -1.9368e-05 0.0348486 -1.9368e-05
13.66 0 0 0 0 0.0348662 -1.93617e-05 0.0348662 -1.93617e-05
13.67 0 0 0 0 0.0348838 -1.93555e-05 0.0348838 -1.93555e-05
13.68 0 0 0 0 0.0349014 -1.93493e-05 0.0349014 -1.93493e-05
13.69 0 0 0 0 0.034919 -1.9343e-05 0.034919 -1.9343e-05
13.7 0 0 0 0 0.0349365 -1.93368e-05 0.0349365 -1.93368e-05
13.71 0 0 0 0 0.0349541 -1.93305e-05 0.0349541 -1.93305e-05
13.72 0 0 0 0 0.0349716 -1.93243e-05 0.0349716 -1.93243e-05
13.73 0 0 0 0 0.0349891 -1.9318e-05 0.0349891 -1.9318e-05
13.74 0 0 0 0 0.0350067 -1.93118e-05 0.0350067 -1.93118e-05
13.75 0 0 0 0 0.0350242 -1.93055e-05 0.0350242 -1.93055e-05
13.76 0 0 0 0 0.0350417 -1.92993e-05 0.0350417 -1.92993e-05
13.77 0 0 0 0 0.0350592 -1.92931e-05 0.0350592 -1.92931e-05
13.78 0 0 0 0 0.0350767 -1.92868e-05 0.0350767 -1.92868e-05
13.79 0 0 0 0 0.0350941 -1.92806e-05 0.0350941 -1.92806e-05
13.8 0 0 0 0 0.0351116 -1.92743e-05 0.0351116 -1.92743e-05
13.81 0 0 0 0 0.0351291 -1.92681e-05 0.0351291 -1.92681e-05
13.82 0 0 0 0 0.0351465 -1.92618e-05 0.0351465 -1.92618e-05
13.83 0 0 0 0 0.035164 -1.92556e-05 0.035164 -1.92556e-05
13.84 0 0 0 0 0.0351814 -1.92493e-05 0.0351814 -1.92493e-05
13.85 0 0 0 0 0.0351988 -1.92431e-05 0.0351988 -1.92431e-05
13.86 0 0 0 0 0.0352162 -1.92369e-05 0.0352162 -1.92369e-05
13.87 0 0 0 0 0.0352337 -1.92306e-05 0.0352337 -1.92306e-05
13.88 0 0 0 0 0.0352511 -1.92244e-05 0.0352511 -1.92244e-05
13.89 0 0 0 0 0.0352684 -1.92181e-05 0.0352684 -1.92181e-05
13.9 0 0 0 0 0.0352858 -1.92119e-05 0.0352858 -1.92119e-05
13.91 0 0 0 0 0.0353032 -1.92056e-05 0.0353032 -1.92056e-05
13.92 0 0 0 0 0.0353206 -1.91994e-05 0.0353206 -1.91994e-05
13.93 0 0 0 0 0.0353379 -1.91932e-05 0.0353379 -1.91932e-05
13.94 0 0 0 0 0.0353553 -1.91869e-05 0.0353553 -1.91869e-05
13.95 0 0 0 0 0.0353726 -1.91807e-05 0.0353726 -1.91807e-05
13.96 0 0 0 0 0.0353899 -1.91744e-05 0.0353899 -1.91744e-05
13.97 0 0 0 0 0.0354073 -1.91682e-05 0.0354073 -1.91682e-05
13.98 0 0 0 0 0.0354246 -1.91619e-05 0.0354246 -1.91619e-05
13.99 0 0 0 0 0.0354419 -1.91557e-05 0.0354419 -1.91557e-05
14 0 0 0 0 0.0354592 -1.91494e-05 0.0354592 -1.91494e-05
14.01 0 0 0 0 0.0354765 -1.91432e-05 0.0354765 -1.91432e-05
14.02 0 0 0 0 0.0354938 -1.9137e-05 0.0354938 -1.9137e-05
14.03 0 0 0 0 0.035511 -1.91307e-05 0.035511 -1.91307e-05
14.04 0 0 0 0 0.0355283 -1.91245e-05 0.0355283 -1.91245e-05
14.05 0 0 0 0 0.0355455 -1.91182e-05 0.0355455 -1.91182e-05
14.06 0 0 0 0 0.0355628 -1.9112e-05 0.0355628 -1.9112e-05
14.07 0 0 0 0 0.03558 -1.91057e-05 0.03558 -1.91057e-05
14.08 0 0 0 0 0.0355973 -1.90995e-05 0.0355973 -1.90995e-05
14.09 0 0 0 0 0.0356145 -1.90933e-05 0.0356145 -1.90933e-05
14.1 0 0 0 0 0.0356317 -1.9087e-05 0.0356317 -1.9087e-05
14.11 0 0 0 0 0.0356489 -1.90808e-05 0.0356489 -1.90808e-05
14.12 0 0 0 0 0.0356661 -1.90745e-05 0.0356661 -1.90745e-05
14.13 0 0 0 0 0.0356833 -1.90683e-05 0.0356833 -1.90683e-05
14.14 0 0 0 0 0.0357004 -1.9062e-05 0.0357004 -1.9062e-05
14.15 0 0 0 0 0.0357176 -1.90558e-05 0.0357176 -1.90558e-05
14.16 0 0 0 0 0.0357348 -1.90496e-05 0.0357348 -1.90496e-05
14.17 0 0 0 0 0.0357519 -1.90433e-05 0.0357519 -1.90433e-05
14.18 0 0 0 0 0.0357691 -1.90371e-05 0.0357691 -1.90371e-05
14.19 0 0 0 0 0.0357862 -1.90308e-05 0.0357862 -1.90308e-05
14.2 0 0 0 0 0.0358033 -1.90246e-05 0.0358033 -1.90246e-05
14.21 0 0 0 0 0.0358205 -1.90183e-05 0.0358205 -1.90183e-05
14.22 0 0 0 0 0.0358376 -1.90121e-05 0.0358376 -1.90121e-05
14.23 0 0 0 0 0.0358547 -1.90059e-05 0.0358547 -1.90059e-05
14.24 0 0 0 0 0.0358718 -1.89996e-05 0.0358718 -1.89996e-05
14.25 0 0 0 0 0.0358889 -1.89934e-05 0.0358889 -1.89934e-05
14.26 0 0 0 0 0.0359059 -1.89871e-05 0.0359059 -1.89871e-05
14.27 0 0 0 0 0.035923 -1.89809e-05 0.035923 -1.89809e-05
14.28 0 0 0 0 0.0359401 -1.89746e-05 0.0359401 -1.89746e-05
14.29 0 0 0 0 0.0359571 -1.89684e-05 0.0359571 -1.89684e-05
14.3 0 0 0 0 0.0359742 -1.89621e-05 0.0359742 -1.89621e-05
14.31 0 0 0 0 0.0359912 -1.89559e-05 0.0359912 -1.89559e-05
14.32 0 0 0 0 0.0360082 -1.89497e-05 0.0360082 -1.89497e-05
14.33 0 0 0 0 0.0360253 -1.89434e-05 0.0360253 -1.89434e-05
14.34 0 0 0 0 0.0360423 -1.89372e-05 0.0360423 -1.89372e-05
14.35 0 0 0 0 0.0360593 -1.89309e-05 0.0360593 -1.89309e-05
14.36 0 0 0 0 0.0360763 -1.89247e-05 0.0360763 -1.89247e-05
14.37 0 0 0 0 0.0360933 -1.89184e-05 0.0360933 -1.89184e-05
14.38 0 0 0 0 0.0361102 -1.89122e-05 0.0361102 -1.89122e-05
14.39 0 0 0 0 0.0361272 -1.8906e-05 0.0361272 -1.8906e-05
14.4 0 0 0 0 0.0361442 -1.88997e-05 0.0361442 -1.88997e-05
14.41 0 0 0 0 0.0361611 -1.88935e-05 0.0361611 -1.88935e-05
14.42 0 0 0 0 0.0361781 -1.88872e-05 0.0361781 -1.88872e-05
14.43 0 0 0 0 0.036195 -1.8881e-05 0.036195 -1.8881e-05
14.44 0 0 0 0 0.0362119 -1.88747e-05 0.0362119 -1.88747e-05
14.45 0 0 0 0 0.0362289 -1.88685e-05 0.0362289 -1.88685e-05
14.46 0 0 0 0 0.0362458 -1.88622e-05 0.0362458 -1.88622e-05
14.47 0 0 0 0 0.0362627 -1.8856e-05 0.0362627 -1.8856e-05
14.48 0 0 0 0 0.0362796 -1.88498e-05 0.0362796 -1.88498e-05
14.49 0 0 0 0 0.0362965 -1.88435e-05 0.0362965 -1.88435e-05
14.5 0 0 0 0 0.0363134 -1.88373e-05 0.0363134 -1.88373e-05
14.51 0 0 0 0 0.0363302 -1.8831e-05 0.0363302 -1.8831e-05
14.52 0 0 0 0 0.0363471 -1.88248e-05 0.0363471 -1.88248e-05
14.53 0 0 0 0 0.036364 -1.88185e-05 0.036364 -1.88185e-05
14.54 0 0 0 0 0.0363808 -1.88123e-05 0.0363808 -1.88123e-05
14.55 0 0 0 0 0.0363977 -1.88061e-05 0.0363977 -1.88061e-05
14.56 0 0 0 0 0.0364145 -1.87998e-05 0.0364145 -1.87998e-05
14.57 0 0 0 0 0.0364313 -1.87936e-05 0.0364313 -1.87936e-05
14.58 0 0 0 0 0.0364481 -1.87873e-05 0.0364481 -1.87873e-05
14.59 0 0 0 0 0.0364649 -1.87811e-05 0.0364649 -1.87811e-05
14.6 0 0 0 0 0.0364817 -1.87748e-05 0.0364817 -1.87748e-05
14.61 0 0 0 0 0.0364985 -1.87686e-05 0.0364985 -1.87686e-05
14.62 0 0 0 0 0.0365153 -1.87624e-05 0.0365153 -1.87624e-05
14.63 0 0 0 0 0.0365321 -1.87561e-05 0.0365321 -1.87561e-05
14.64 0 0 0 0 0.0365489 -1.87499e-05 0.0365489 -1.87499e-05
14.65 0 0 0 0 0.0365656 -1.87436e-05 0.0365656 -1.87436e-05
14.66 0 0 0 0 0.0365824 -1.87374e-05 0.0365824 -1.87374e-05
14.67 0 0 0 0 0.0365991 -1.87311e-05 0.0365991 -1.87311e-05
14.68 0 0 0 0 0.0366159 -1.87249e-05 0.0366159 -1.87249e-05
14.69 0 0 0 0 0.0366326 -1.87187e-05 0.0366326 -1.87187e-05
14.7 0 0 0 0 0.0366493 -1.87124e-05 0.0366493 -1.87124e-05
14.71 0 0 0 0 0.0366661 -1.87062e-05 0.0366661 -1.87062e-05
14.72 0 0 0 0 0.0366828 -1.86999e-05 0.0366828 -1.86999e-05
14.73 0 0 0 0 0.0366995 -1.86937e-05 0.0366995 -1.86937e-05
14.74 0 0 0 0 0.0367161 -1.86874e-05 0.0367161 -1.86874e-05
14.75 0 0 0 0 0.0367328 -1.86812e-05 0.0367328 -1.86812e-05
14.76 0 0 0 0 0.0367495 -1.8675e-05 0.0367495 -1.8675e-05
14.77 0 0 0 0 0.0367662 -1.86687e-05 0.0367662 -1.86687e-05
14.78 0 0 0 0 0.0367828 -1.86625e-05 0.0367828 -1.86625e-05
14.79 0 0 0 0 0.0367995 -1.86562e-05 0.0367995 -1.86562e-05
14.8 0 0 0 0 0.0368161 -1.865e-05 0.0368161 -1.865e-05
14.81 0 0 0 0 0.0368328 -1.86437e-05 0.0368328 -1.86437e-05
14.82 0 0 0 0 0.0368494 -1.86375e-05 0.0368494 -1.86375e-05
14.83 0 0 0 0 0.036866 -1.86312e-05 0.036866 -1.86312e-05
14.84 0 0 0 0 0.0368826 -1.8625e-05 0.0368826 -1.8625e-05
14.85 0 0 0 0 0.0368992 -1.86188e-05 0.0368992 -1.86188e-05
14.86 0 0 0 0 0.0369158 -1.86125e-05 0.0369158 -1.86125e-05
14.87 0 0 0 0 0.0369324 -1.86063e-05 0.0369324 -1.86063e-05
14.88 0 0 0 0 0.036949 -1.86e-05 0.036949 -1.86e-05
14.89 0 0 0 0 0.0369656 -1.85938e-05 0.0369656 -1.85938e-05
14.9 0 0 0 0 0.0369822 -1.85875e-05 0.0369822 -1.85875e-05
14.91 0 0 0 0 0.0369987 -1.85813e-05 0.0369987 -1.85813e-05
14.92 0 0 0 0 0.0370153 -1.85751e-05 0.0370153 -1.85751e-05
14.93 0 0 0 0 0.0370318 -1.85688e-05 0.0370318 -1.85688e-05
14.94 0 0 0 0 0.0370483 -1.85626e-05 0.0370483 -1.85626e-05
14.95 0 0 0 0 0.0370649 -1.85563e-05 0.0370649 -1.85563e-05
14.96 0 0 0 0 0.0370814 -1.85501e-05 0.0370814 -1.85501e-05
14.97 0 0 0 0 0.0370979 -1.85439e-05 0.0370979 -1.85439e-05
14.98 0 0 0 0 0.0371144 -1.85376e-05 0.0371144 -1.85376e-05
14.99 0 0 0 0 0.0371309 -1.85314e-05 0.0371309 -1.85314e-05
15 0 0 0 0 0.0371474 -1.85251e-05 0.0371474 -1.85251e-05
15.01 0 0 0 0 0.0371639 -1.85189e-05 0.0371639 -1.85189e-05
15.02 0 0 0 0 0.0371804 -1.85126e-05 0.0371804 -1.85126e-05
15.03 0 0 0 0 0.0371968 -1.85064e-05 0.0371968 -1.85064e-05
15.04 0 0 0 0 0.0372133 -1.85001e-05 0.0372133 -1.85001e-05
15.05 0 0 0 0 0.0372297 -1.84939e-05 0.0372297 -1.84939e-05
15.06 0 0 0 0 0.0372462 -1.84877e-05 0.0372462 -1.84877e-05
15.07 0 0 0 0 0.0372626 -1.84814e-05 0.0372626 -1.84814e-05
15.08 0 0 0 0 0.0372791 -1.84752e-05 0.0372791 -1.84752e-05
15.09 0 0 0 0 0.0372955 -1.84689e-05 0.0372955 -1.84689e-05
15.1 0 0 0 0 0.0373119 -1.84627e-05 0.0373119 -1.84627e-05
15.11 0 0 0 0 0.0373283 -1.84564e-05 0.0373283 -1.84564e-05
15.12 0 0 0 0 0.0373447 -1.84502e-05 0.0373447 -1.84502e-05
15.13 0 0 0 0 0.0373611 -1.8444e-05 0.0373611 -1.8444e-05
15.14 0 0 0 0 0.0373775 -1.84377e-05 0.0373775 -1.84377e-05
15.15 0 0 0 0 0.0373939 -1.84315e-05 0.0373939 -1.84315e-05
15.16 0 0 0 0 0.0374102 -1.84252e-05 0.0374102 -1.84252e-05
15.17 0 0 0 0 0.0374266 -1.8419e-05 0.0374266 -1.8419e-05
15.18 0 0 0 0 0.0374429 -1.84127e-05 0.0374429 -1.84127e-05
15.19 0 0 0 0 0.0374593 -1.84065e-05 0.0374593 -1.84065e-05
15.2 0 0 0 0 0.0374756 -1.84003e-05 0.0374756 -1.84003e-05
15.21 0 0 0 0 0.037492 -1.8394e-05 0.037492 -1.8394e-05
15.22 0 0 0 0 0.0375083 -1.83878e-05 0.0375083 -1.83878e-05
15.23 0 0 0 0 0.0375246 -1.83815e-05 0.0375246 -1.83815e-05
15.24 0 0 0 0 0.0375409 -1.83753e-05 0.0375409 -1.83753e-05
15.25 0 0 0 0 0.0375572 -1.8369e-05 0.0375572 -1.8369e-05
15.26 0 0 0 0 0.0375735 -1.83628e-05 0.0375735 -1.83628e-05
15.27 0 0 0 0 0.0375898 -1.83566e-05 0.0375898 -1.83566e-05
15.28 0 0 0 0 0.0376061 -1.83503e-05 0.0376061 -1.83503e-05
15.29 0 0 0 0 0.0376223 -1.83441e-05 0.0376223 -1.83441e-05
15.3 0 0 0 0 0.0376386 -1.83378e-05 0.0376386 -1.83378e-05
15.31 0 0 0 0 0.0376549 -1.83316e-05 0.0376549 -1.83316e-05
15.32 0 0 0 0 0.0376711 -1.83253e-05 0.0376711 -1.83253e-05
15.33 0 0 0 0 0.0376874 -1.83191e-05 0.0376874 -1.83191e-05
15.34 0 0 0 0 0.0377036 -1.83129e-05 0.0377036 -1.83129e-05
15.35 0 0 0 0 0.0377198 -1.83066e-05 0.0377198 -1.83066e-05
15.36 0 0 0 0 0.037736 -1.83004e-05 0.037736 -1.83004e-05
15.37 0 0 0 0 0.0377523 -1.82941e-05 0.0377523 -1.82941e-05
15.38 0 0 0 0 0.0377685 -1.82879e-05 0.0377685 -1.82879e-05
15.39 0 0 0 0 0.0377847 -1.82816e-05 0.0377847 -1.82816e-05
15.4 0 0 0 0 0.0378009 -1.82754e-05 0.0378009 -1.82754e-05
15.41 0 0 0 0 0.037817 -1.82692e-05 0.037817 -1.82692e-05
15.42 0 0 0 0 0.0378332 -1.82629e-05 0.0378332 -1.82629e-05
15.43 0 0 0 0 0.0378494 -1.82567e-05 0.0378494 -1.82567e-05
15.44 0 0 0 0 0.0378656 -1.82504e-05 0.0378656 -1.82504e-05
15.45 0 0 0 0 0.0378817 -1.82442e-05 0.0378817 -1.82442e-05
15.46 0 0 0 0 0.0378979 -1.82379e-05 0.0378979 -1.82379e-05
15.47 0 0 0 0 0.037914 -1.82317e-05 0.037914 -1.82317e-05
15.48 0 0 0 0 0.0379301 -1.82255e-05 0.0379301 -1.82255e-05
15.49 0 0 0 0 0.0379463 -1.82192e-05 0.0379463 -1.82192e-05
15.5 0 0 0 0 0.0379624 -1.8213e-05 0.0379624 -1.8213e-05
15.51 0 0 0 0 0.0379785 -1.82067e-05 0.0379785 -1.82067e-05
15.52 0 0 0 0 0.0379946 -1.82005e-05 0.0379946 -1.82005e-05
15.53 0 0 0 0 0.0380107 -1.81942e-05 0.0380107 -1.81942e-05
15.54 0 0 0 0 0.0380268 -1.8188e-05 0.0380268 -1.8188e-05
15.55 0 0 0 0 0.0380429 -1.81818e-05 0.0380429 -1.81818e-05
15.56 0 0 0 0 0.0380589 -1.81755e-05 0.0380589 -1.81755e-05
15.57 0 0 0 0 0.038075 -1.81693e-05 0.038075 -1.81693e-05
15.58 0 0 0 0 0.0380911 -1.8163e-05 0.0380911 -1.8163e-05
15.59 0 0 0 0 0.0381071 -1.81568e-05 0.0381071 -1.81568e-05
15.6 0 0 0 0 0.0381232 -1.81505e-05 0.0381232 -1.81505e-05
15.61 0 0 0 0 0.0381392 -1.81443e-05 0.0381392 -1.81443e-05
15.62 0 0 0 0 0.0381552 -1.81381e-05 0.0381552 -1.81381e-05
15.63 0 0 0 0 0.0381713 -1.81318e-05 0.0381713 -1.81318e-05
15.64 0 0 0 0 0.0381873 -1.81256e-05 0.0381873 -1.81256e-05
15.65 0 0 0 0 0.0382033 -1.81193e-05 0.0382033 -1.81193e-05
15.66 0 0 0 0 0.0382193 -1.81131e-05 0.0382193 -1.81131e-05
15.67 0 0 0 0 0.0382353 -1.81068e-05 0.0382353 -1.81068e-05
15.68 0 0 0 0 0.0382513 -1.81006e-05 0.0382513 -1.81006e-05
15.69 0 0 0 0 0.0382673 -1.80944e-05 0.0382673 -1.80944e-05
15.7 0 0 0 0 0.0382832 -1.80881e-05 0.0382832 -1.80881e-05
15.71 0 0 0 0 0.0382992 -1.80819e-05 0.0382992 -1.80819e-05
15.72 0 0 0 0 0.0383152 -1.80756e-05 0.0383152 -1.80756e-05
15.73 0 0 0 0 0.0383311 -1.80694e-05 0.0383311 -1.80694e-05
15.74 0 0 0 0 0.0383471 -1.80631e-05 0.0383471 -1.80631e-05
15.75 0 0 0 0 0.038363 -1.80569e-05 0.038363 -1.80569e-05
15.76 0 0 0 0 0.038379 -1.80507e-05 0.038379 -1.80507e-05
15.77 0 0 0 0 0.0383949 -1.80444e-05 0.0383949 -1.80444e-05
15.78 0 0 0 0 0.0384108 -1.80382e-05 0.0384108 -1.80382e-05
15.79 0 0 0 0 0.0384267 -1.80319e-05 0.0384267 -1.80319e-05
15.8 0 0 0 0 0.0384426 -1.80257e-05 0.0384426 -1.80257e-05
15.81 0 0 0 0 0.0384585 -1.80194e-05 0.0384585 -1.80194e-05
15.82 0 0 0 0 0.0384744 -1.80132e-05 0.0384744 -1.80132e-05
15.83 0 0 0 0 0.0384903 -1.8007e-05 0.0384903 -1.8007e-05
15.84 0 0 0 0 0.0385062 -1.80007e-05 0.0385062 -1.80007e-05
15.85 0 0 0 0 0.038522 -1.79945e-05 0.038522 -1.79945e-05
15.86 0 0 0 0 0.0385379 -1.79882e-05 0.0385379 -1.79882e-05
15.87 0 0 0 0 0.0385538 -1.7982e-05 0.0385538 -1.7982e-05
15.88 0 0 0 0 0.0385696 -1.79758e-05 0.0385696 -1.79758e-05
15.89 0 0 0 0 0.0385855 -1.79695e-05 0.0385855 -1.79695e-05
15.9 0 0 0 0 0.0386013 -1.79633e-05 0.0386013 -1.79633e-05
15.91 0 0 0 0 0.0386171 -1.7957e-05 0.0386171 -1.7957e-05
15.92 0 0 0 0 0.0386329 -1.79508e-05 0.0386329 -1.79508e-05
15.93 0 0 0 0 0.0386488 -1.79445e-05 0.0386488 -1.79445e-05
15.94 0 0 0 0 0.0386646 -1.79383e-05 0.0386646 -1.79383e-05
15.95 0 0 0 0 0.0386804 -1.79321e-05 0.0386804 -1.79321e-05
15.96 0 0 0 0 0.0386962 -1.79258e-05 0.0386962 -1.79258e-05
15.97 0 0 0 0 0.0387119 -1.79196e-05 0.0387119 -1.79196e-05
15.98 0 0 0 0 0.0387277 -1.79133e-05 0.0387277 -1.79133e-05
15.99 0 0 0 0 0.0387435 -1.79071e-05 0.0387435 -1.79071e-05
16 0 0 0 0 0.0387593 -1.79008e-05 0.0387593 -1.79008e-05
16.01 0 0 0 0 0.038775 -1.78946e-05 0.038775 -1.78946e-05
16.02 0 0 0 0 0.0387908 -1.78884e-05 0.0387908 -1.78884e-05
16.03 0 0 0 0 0.0388065 -1.78821e-05 0.0388065 -1.78821e-05
16.04 0 0 0 0 0.0388223 -1.78759e-05 0.0388223 -1.78759e-05
16.05 0 0 0 0 0.038838 -1.78696e-05 0.038838 -1.78696e-05
16.06 0 0 0 0 0.0388537 -1.78634e-05 0.0388537 -1.78634e-05
16.07 0 0 0 0 0.0388694 -1.78571e-05 0.0388694 -1.78571e-05
16.08 0 0 0 0 0.0388851 -1.78509e-05 0.0388851 -1.78509e-05
16.09 0 0 0 0 0.0389009 -1.78447e-05 0.0389009 -1.78447e-05
16.1 0 0 0 0 0.0389165 -1.78384e-05 0.0389165 -1.78384e-05
16.11 0 0 0 0 0.0389322 -1.78322e-05 0.0389322 -1.78322e-05
16.12 0 0 0 0 0.0389479 -1.78259e-05 0.0389479 -1.78259e-05
16.13 0 0 0 0 0.0389636 -1.78197e-05 0.0389636 -1.78197e-05
16.14 0 0 0 0 0.0389793 -1.78134e-05 0.0389793 -1.78134e-05
16.15 0 0 0 0 0.0389949 -1.78072e-05 0.0389949 -1.78072e-05
16.16 0 0 0 0 0.0390106 -1.7801e-05 0.0390106 -1.7801e-05
16.17 0 0 0 0 0.0390262 -1.77947e-05 0.0390262 -1.77947e-05
16.18 0 0 0 0 0.0390419 -1.77885e-05 0.0390419 -1.77885e-05
16.19 0 0 0 0 0.0390575 -1.77822e-05 0.0390575 -1.77822e-05
16.2 0 0 0 0 0.0390732 -1.7776e-05 0.0390732 -1.7776e-05
16.21 0 0 0 0 0.0390888 -1.77697e-05 0.0390888 -1.77697e-05
16.22 0 0 0 0 0.0391044 -1.77635e-05 0.0391044 -1.77635e-05
16.23 0 0 0 0 0.03912 -1.77573e-05 0.03912 -1.77573e-05
16.24 0 0 0 0 0.0391356 -1.7751e-05 0.0391356 -1.7751e-05
16.25 0 0 0 0 0.0391512 -1.77448e-05 0.0391512 -1.77448e-05
16.26 0 0 0 0 0.0391668 -1.77385e-05 0.0391668 -1.77385e-05
16.27 0 0 0 0 0.0391824 -1.77323e-05 0.0391824 -1.77323e-05
16.28 0 0 0 0 0.039198 -1.77261e-05 0.039198 -1.77261e-05
16.29 0 0 0 0 0.0392135 -1.77198e-05 0.0392135 -1.77198e-05
16.3 0 0 0 0 0.0392291 -1.77136e-05 0.0392291 -1.77136e-05
16.31 0 0 0 0 0.0392446 -1.77073e-05 0.0392446 -1.77073e-05
16.32 0 0 0 0 0.0392602 -1.77011e-05 0.0392602 -1.77011e-05
16.33 0 0 0 0 0.0392757 -1.76948e-05 0.0392757 -1.76948e-05
16.34 0 0 0 0 0.0392913 -1.76886e-05 0.0392913 -1.76886e-05
16.35 0 0 0 0 0.0393068 -1.76824e-05 0.0393068 -1.76824e-05
16.36 0 0 0 0 0.0393223 -1.76761e-05 0.0393223 -1.76761e-05
16.37 0 0 0 0 0.0393378 -1.76699e-05 0.0393378 -1.76699e-05
16.38 0 0 0 0 0.0393534 -1.76636e-05 0.0393534 -1.76636e-05
16.39 0 0 0 0 0.0393689 -1.76574e-05 0.0393689 -1.76574e-05
16.4 0 0 0 0 0.0393844 -1.76511e-05 0.0393844 -1.76511e-05
16.41 0 0 0 0 0.0393999 -1.76449e-05 0.0393999 -1.76449e-05
16.42 0 0 0 0 0.0394153 -1.76387e-05 0.0394153 -1.76387e-05
16.43 0 0 0 0 0.0394308 -1.76324e-05 0.0394308 -1.76324e-05
16.44 0 0 0 0 0.0394463 -1.76262e-05 0.0394463 -1.76262e-05
16.45 0 0 0 0 0.0394617 -1.76199e-05 0.0394617 -1.76199e-05
16.46 0 0 0 0 0.0394772 -1.76137e-05 0.0394772 -1.76137e-05
16.47 0 0 0 0 0.0394927 -1.76074e-05 0.0394927 -1.76074e-05
16.48 0 0 0 0 0.0395081 -1.76012e-05 0.0395081 -1.76012e-05
16.49 0 0 0 0 0.0395235 -1.7595e-05 0.0395235 -1.7595e-05
16.5 0 0 0 0 0.039539 -1.75887e-05 0.039539 -1.75887e-05
16.51 0 0 0 0 0.0395544 -1.75825e-05 0.0395544 -1.75825e-05
16.52 0 0 0 0 0.0395698 -1.75762e-05 0.0395698 -1.75762e-05
16.53 0 0 0 0 0.0395852 -1.757e-05 0.0395852 -1.757e-05
16.54 0 0 0 0 0.0396006 -1.75638e-05 0.0396006 -1.75638e-05
16.55 0 0 0 0 0.039616 -1.75575e-05 0.039616 -1.75575e-05
16.56 0 0 0 0 0.0396314 -1.75513e-05 0.0396314 -1.75513e-05
16.57 0 0 0 0 0.0396468 -1.7545e-05 0.0396468 -1.7545e-05
16.58 0 0 0 0 0.0396622 -1.75388e-05 0.0396622 -1.75388e-05
16.59 0 0 0 0 0.0396776 -1.75325e-05 0.0396776 -1.75325e-05
16.6 0 0 0 0 0.0396929 -1.75263e-05 0.0396929 -1.75263e-05
16.61 0 0 0 0 0.0397083 -1.75201e-05 0.0397083 -1.75201e-05
16.62 0 0 0 0 0.0397236 -1.75138e-05 0.0397236 -1.75138e-05
16.63 0 0 0 0 0.039739 -1.75076e-05 0.039739 -1.75076e-05
16.64 0 0 0 0 0.0397543 -1.75013e-05 0.0397543 -1.75013e-05
16.65 0 0 0 0 0.0397697 -1.74951e-05 0.0397697 -1.74951e-05
16.66 0 0 0 0 0.039785 -1.74888e-05 0.039785 -1.74888e-05
16.67 0 0 0 0 0.0398003 -1.74826e-05 0.0398003 -1.74826e-05
16.68 0 0 0 0 0.0398156 -1.74764e-05 0.0398156 -1.74764e-05
16.69 0 0 0 0 0.0398309 -1.74701e-05 0.0398309 -1.74701e-05
16.7 0 0 0 0 0.0398462 -1.74639e-05 0.0398462 -1.74639e-05
16.71 0 0 0 0 0.0398615 -1.74576e-05 0.0398615 -1.74576e-05
16.72 0 0 0 0 0.0398768 -1.74514e-05 0.0398768 -1.74514e-05
16.73 0 0 0 0 0.0398921 -1.74451e-05 0.0398921 -1.74451e-05
16.74 0 0 0 0 0.0399074 -1.74389e-05 0.0399074 -1.74389e-05
16.75 0 0 0 0 0.0399226 -1.74327e-05 0.0399226 -1.74327e-05
16.76 0 0 0 0 0.0399379 -1.74264e-05 0.0399379 -1.74264e-05
16.77 0 0 0 0 0.0399532 -1.74202e-05 0.0399532 -1.74202e-05
16.78 0 0 0 0 0.0399684 -1.74139e-05 0.0399684 -1.74139e-05
16.79 0 0 0 0 0.0399837 -1.74077e-05 0.0399837 -1.74077e-05
16.8 0 0 0 0 0.0399989 -1.74015e-05 0.0399989 -1.74015e-05
16.81 0 0 0 0 0.0400141 -1.73952e-05 0.0400141 -1.73952e-05
16.82 0 0 0 0 0.0400294 -1.7389e-05 0.0400294 -1.7389e-05
16.83 0 0 0 0 0.0400446 -1.73827e-05 0.0400446 -1.73827e-05
16.84 0 0 0 0 0.0400598 -1.73765e-05 0.0400598 -1.73765e-05
16.85 0 0 0 0 0.040075 -1.73702e-05 0.040075 -1.73702e-05
16.86 0 0 0 0 0.0400902 -1.7364e-05 0.0400902 -1.7364e-05
16.87 0 0 0 0 0.0401054 -1.73578e-05 0.0401054 -1.73578e-05
16.88 0 0 0 0 0.0401206 -1.73515e-05 0.0401206 -1.73515e-05
16.89 0 0 0 0 0.0401358 -1.73453e-05 0.0401358 -1.73453e-05
16.9 0 0 0 0 0.0401509 -1.7339e-05 0.0401509 -1.7339e-05
16.91 0 0 0 0 0.0401661 -1.73328e-05 0.0401661 -1.73328e-05
16.92 0 0 0 0 0.0401813 -1.73266e-05 0.0401813 -1.73266e-05
16.93 0 0 0 0 0.0401964 -1.73203e-05 0.0401964 -1.73203e-05
16.94 0 0 0 0 0.0402116 -1.73141e-05 0.0402116 -1.73141e-05
16.95 0 0 0 0 0.0402267 -1.73078e-05 0.0402267 -1.73078e-05
16.96 0 0 0 0 0.0402418 -1.73016e-05 0.0402418 -1.73016e-05
16.97 0 0 0 0 0.040257 -1.72953e-05 0.040257 -1.72953e-05
16.98 0 0 0 0 0.0402721 -1.72891e-05 0.0402721 -1.72891e-05
16.99 0 0 0 0 0.0402872 -1.72829e-05 0.0402872 -1.72829e-05
17 0 0 0 0 0.0403023 -1.72766e-05 0.0403023 -1.72766e-05
17.01 0 0 0 0 0.0403174 -1.72704e-05 0.0403174 -1.72704e-05
17.02 0 0 0 0 0.0403325 -1.72641e-05 0.0403325 -1.72641e-05
17.03 0 0 0 0 0.0403476 -1.72579e-05 0.0403476 -1.72579e-05
17.04 0 0 0 0 0.0403627 -1.72516e-05 0.0403627 -1.72516e-05
17.05 0 0 0 0 0.0403778 -1.72454e-05 0.0403778 -1.72454e-05
17.06 0 0 0 0 0.0403929 -1.72392e-05 0.0403929 -1.72392e-05
17.07 0 0 0 0 0.0404079 -1.72329e-05 0.0404079 -1.72329e-05
17.08 0 0 0 0 0.040423 -1.72267e-05 0.040423 -1.72267e-05
17.09 0 0 0 0 0.0404381 -1.72204e-05 0.0404381 -1.72204e-05
17.1 0 0 0 0 0.0404531 -1.72142e-05 0.0404531 -1.72142e-05
17.11 0 0 0 0 0.0404682 -1.7208e-05 0.0404682 -1.7208e-05
17.12 0 0 0 0 0.0404832 -1.72017e-05 0.0404832 -1.72017e-05
17.13 0 0 0 0 0.0404982 -1.71955e-05 0.0404982 -1.71955e-05
17.14 0 0 0 0 0.0405133 -1.71892e-05 0.0405133 -1.71892e-05
17.15 0 0 0 0 0.0405283 -1.7183e-05 0.0405283 -1.7183e-05
17.16 0 0 0 0 0.0405433 -1.71767e-05 0.0405433 -1.71767e-05
17.17 0 0 0 0 0.0405583 -1.71705e-05 0.0405583 -1.71705e-05
17.18 0 0 0 0 0.0405733 -1.71643e-05 0.0405733 -1.71643e-05
17.19 0 0 0 0 0.0405883 -1.7158e-05 0.0405883 -1.7158e-05
17.2 0 0 0 0 0.0406033 -1.71518e-05 0.0406033 -1.71518e-05
17.21 0 0 0 0 0.0406183 -1.71455e-05 0.0406183 -1.71455e-05
17.22 0 0 0 0 0.0406332 -1.71393e-05 0.0406332 -1.71393e-05
17.23 0 0 0 0 0.0406482 -1.7133e-05 0.0406482 -1.7133e-05
17.24 0 0 0 0 0.0406632 -1.71268e-05 0.0406632 -1.71268e-05
17.25 0 0 0 0 0.0406781 -1.71206e-05 0.0406781 -1.71206e-05
17.26 0 0 0 0 0.0406931 -1.71143e-05 0.0406931 -1.71143e-05
17.27 0 0 0 0 0.040708 -1.71081e-05 0.040708 -1.71081e-05
17.28 0 0 0 0 0.040723 -1.71018e-05 0.040723 -1.71018e-05
17.29 0 0 0 0 0.0407379 -1.70956e-05 0.0407379 -1.70956e-05
17.3 0 0 0 0 0.0407528 -1.70894e-05 0.0407528 -1.70894e-05
17.31 0 0 0 0 0.0407678 -1.70831e-05 0.0407678 -1.70831e-05
17.32 0 0 0 0 0.0407827 -1.70769e-05 0.0407827 -1.70769e-05
17.33 0 0 0 0 0.0407976 -1.70706e-05 0.0407976 -1.70706e-05
17.34 0 0 0 0 0.0408125 -1.70644e-05 0.0408125 -1.70644e-05
17.35 0 0 0 0 0.0408274 -1.70581e-05 0.0408274 -1.70581e-05
17.36 0 0 0 0 0.0408423 -1.70519e-05 0.0408423 -1.70519e-05
17.37 0 0 0 0 0.0408572 -1.70457e-05 0.0408572 -1.70457e-05
17.38 0 0 0 0 0.040872 -1.70394e-05 0.040872 -1.70394e-05
17.39 0 0 0 0 0.0408869 -1.70332e-05 0.0408869 -1.70332e-05
17.4 0 0 0 0 0.0409018 -1.70269e-05 0.0409018 -1.70269e-05
17.41 0 0 0 0 0.0409166 -1.70207e-05 0.0409166 -1.70207e-05
17.42 0 0 0 0 0.0409315 -1.70145e-05 0.0409315 -1.70145e-05
17.43 0 0 0 0 0.0409463 -1.70082e-05 0.0409463 -1.70082e-05
17.44 0 0 0 0 0.0409612 -1.7002e-05 0.0409612 -1.7002e-05
17.45 0 0 0 0 0.040976 -1.69957e-05 0.040976 -1.69957e-05
17.46 0 0 0 0 0.0409909 -1.69895e-05 0.0409909 -1.69895e-05
17.47 0 0 0 0 0.0410057 -1.69832e-05 0.0410057 -1.69832e-05
17.48 0 0 0 0 0.0410205 -1.6977e-05 0.0410205 -1.6977e-05
17.49 0 0 0 0 0.0410353 -1.69708e-05 0.0410353 -1.69708e-05
17.5 0 0 0 0 0.0410501 -1.69645e-05 0.0410501 -1.69645e-05
17.51 0 0 0 0 0.0410649 -1.69583e-05 0.0410649 -1.69583e-05
17.52 0 0 0 0 0.0410797 -1.6952e-05 0.0410797 -1.6952e-05
17.53 0 0 0 0 0.0410945 -1.69458e-05 0.0410945 -1.69458e-05
17.54 0 0 0 0 0.0411093 -1.69395e-05 0.0411093 -1.69395e-05
17.55 0 0 0 0 0.0411241 -1.69333e-05 0.0411241 -1.69333e-05
17.56 0 0 0 0 0.0411388 -1.69271e-05 0.0411388 -1.69271e-05
17.57 0 0 0 0 0.0411536 -1.69208e-05 0.0411536 -1.69208e-05
17.58 0 0 0 0 0.0411684 -1.69146e-05 0.0411684 -1.69146e-05
17.59 0 0 0 0 0.0411831 -1.69083e-05 0.0411831 -1.69083e-05
17.6 0 0 0 0 0.0411979 -1.69021e-05 0.0411979 -1.69021e-05
17.61 0 0 0 0 0.0412126 -1.68959e-05 0.0412126 -1.68959e-05
17.62 0 0 0 0 0.0412274 -1.68896e-05 0.0412274 -1.68896e-05
17.63 0 0 0 0 0.0412421 -1.68834e-05 0.0412421 -1.68834e-05
17.64 0 0 0 0 0.0412568 -1.68771e-05 0.0412568 -1.68771e-05
17.65 0 0 0 0 0.0412715 -1.68709e-05 0.0412715 -1.68709e-05
17.66 0 0 0 0 0.0412862 -1.68647e-05 0.0412862 -1.68647e-05
17.67 0 0 0 0 0.041301 -1.68584e-05 0.041301 -1.68584e-05
17.68 0 0 0 0 0.0413157 -1.68522e-05 0.0413157 -1.68522e-05
17.69 0 0 0 0 0.0413304 -1.68459e-05 0.0413304 -1.68459e-05
17.7 0 0 0 0 0.041345 -1.68397e-05 0.041345 -1.68397e-05
17.71 0 0 0 0 0.0413597 -1.68334e-05 0.0413597 -1.68334e-05
17.72 0 0 0 0 0.0413744 -1.68272e-05 0.0413744 -1.68272e-05
17.73 0 0 0 0 0.0413891 -1.6821e-05 0.0413891 -1.6821e-05
17.74 0 0 0 0 0.0414037 -1.68147e-05 0.0414037 -1.68147e-05
17.75 0 0 0 0 0.0414184 -1.68085e-05 0.0414184 -1.68085e-05
17.76 0 0 0 0 0.0414331 -1.68022e-05 0.0414331 -1.68022e-05
17.77 0 0 0 0 0.0414477 -1.6796e-05 0.0414477 -1.6796e-05
17.78 0 0 0 0 0.0414624 -1.67897e-05 0.0414624 -1.67897e-05
17.79 0 0 0 0 0.041477 -1.67835e-05 0.041477 -1.67835e-05
17.8 0 0 0 0 0.0414916 -1.67773e-05 0.0414916 -1.67773e-05
17.81 0 0 0 0 0.0415063 -1.6771e-05 0.0415063 -1.6771e-05
17.82 0 0 0 0 0.0415209 -1.67648e-05 0.0415209 -1.67648e-05
17.83 0 0 0 0 0.0415355 -1.67585e-05 0.0415355 -1.67585e-05
17.84 0 0 0 0 0.0415501 -1.67523e-05 0.0415501 -1.67523e-05
17.85 0 0 0 0 0.0415647 -1.67461e-05 0.0415647 -1.67461e-05
17.86 0 0 0 0 0.0415793 -1.67398e-05 0.0415793 -1.67398e-05
17.87 0 0 0 0 0.0415939 -1.67336e-05 0.0415939 -1.67336e-05
17.88 0 0 0 0 0.0416085 -1.67273e-05 0.0416085 -1.67273e-05
17.89 0 0 0 0 0.0416231 -1.67211e-05 0.0416231 -1.67211e-05
17.9 0 0 0 0 0.0416376 -1.67148e-05 0.0416376 -1.67148e-05
17.91 0 0 0 0 0.0416522 -1.67086e-05 0.0416522 -1.67086e-05
17.92 0 0 0 0 0.0416668 -1.67024e-05 0.0416668 -1.67024e-05
17.93 0 0 0 0 0.0416813 -1.66961e-05 0.0416813 -1.66961e-05
17.94 0 0 0 0 0.0416959 -1.66899e-05 0.0416959 -1.66899e-05
17.95 0 0 0 0 0.0417104 -1.66836e-05 0.0417104 -1.66836e-05
17.96 0 0 0 0 0.041725 -1.66774e-05 0.041725 -1.66774e-05
17.97 0 0 0 0 0.0417395 -1.66712e-05 0.0417395 -1.66712e-05
17.98 0 0 0 0 0.041754 -1.66649e-05 0.041754 -1.66649e-05
17.99 0 0 0 0 0.0417685 -1.66587e-05 0.0417685 -1.66587e-05
18 0 0 0 0 0.0417831 -1.66524e-05 0.0417831 -1.66524e-05
18.01 0 0 0 0 0.0417976 -1.66462e-05 0.0417976 -1.66462e-05
18.02 0 0 0 0 0.0418121 -1.66399e-05 0.0418121 -1.66399e-05
18.03 0 0 0 0 0.0418266 -1.66337e-05 0.0418266 -1.66337e-05
18.04 0 0 0 0 0.0418411 -1.66275e-05 0.0418411 -1.66275e-05
18.05 0 0 0 0 0.0418556 -1.66212e-05 0.0418556 -1.66212e-05
18.06 0 0 0 0 0.04187 -1.6615e-05 0.04187 -1.6615e-05
18.07 0 0 0 0 0.0418845 -1.66087e-05 0.0418845 -1.66087e-05
18.08 0 0 0 0 0.041899 -1.66025e-05 0.041899 -1.66025e-05
18.09 0 0 0 0 0.0419135 -1.65963e-05 0.0419135 -1.65963e-05
18.1 0 0 0 0 0.0419279 -1.659e-05 0.0419279 -1.659e-05
18.11 0 0 0 0 0.0419424 -1.65838e-05 0.0419424 -1.65838e-05
18.12 0 0 0 0 0.0419568 -1.65775e-05 0.0419568 -1.65775e-05
18.13 0 0 0 0 0.0419713 -1.65713e-05 0.0419713 -1.65713e-05
18.14 0 0 0 0 0.0419857 -1.65651e-05 0.0419857 -1.65651e-05
18.15 0 0 0 0 0.0420001 -1.65588e-05 0.0420001 -1.65588e-05
18.16 0 0 0 0 0.0420146 -1.65526e-05 0.0420146 -1.65526e-05
18.17 0 0 0 0 0.042029 -1.65463e-05 0.042029 -1.65463e-05
18.18 0 0 0 0 0.0420434 -1.65401e-05 0.0420434 -1.65401e-05
18.19 0 0 0 0 0.0420578 -1.65338e-05 0.0420578 -1.65338e-05
18.2 0 0 0 0 0.0420722 -1.65276e-05 0.0420722 -1.65276e-05
18.21 0 0 0 0 0.0420866 -1.65214e-05 0.0420866 -1.65214e-05
18.22 0 0 0 0 0.042101 -1.65151e-05 0.042101 -1.65151e-05
18.23 0 0 0 0 0.0421154 -1.65089e-05 0.0421154 -1.65089e-05
18.24 0 0 0 0 0.0421298 -1.65026e-05 0.0421298 -1.65026e-05
18.25 0 0 0 0 0.0421442 -1.64964e-05 0.0421442 -1.64964e-05
18.26 0 0 0 0 0.0421585 -1.64901e-05 0.0421585 -1.64901e-05
18.27 0 0 0 0 0.0421729 -1.64839e-05 0.0421729 -1.64839e-05
18.28 0 0 0 0 0.0421873 -1.64777e-05 0.0421873 -1.64777e-05
18.29 0 0 0 0 0.0422016 -1.64714e-05 0.0422016 -1.64714e-05
18.3 0 0 0 0 0.042216 -1.64652e-05 0.042216 -1.64652e-05
18.31 0 0 0 0 0.0422303 -1.64589e-05 0.0422303 -1.64589e-05
18.32 0 0 0 0 0.0422447 -1.64527e-05 0.0422447 -1.64527e-05
18.33 0 0 0 0 0.042259 -1.64465e-05 0.042259 -1.64465e-05
18.34 0 0 0 0 0.0422733 -1.64402e-05 0.0422733 -1.64402e-05
18.35 0 0 0 0 0.0422876 -1.6434e-05 0.0422876 -1.6434e-05
18.36 0 0 0 0 0.042302 -1.64277e-05 0.042302 -1.64277e-05
18.37 0 0 0 0 0.0423163 -1.64215e-05 0.0423163 -1.64215e-05
18.38 0 0 0 0 0.0423306 -1.64153e-05 0.0423306 -1.64153e-05
18.39 0 0 0 0 0.0423449 -1.6409e-05 0.0423449 -1.6409e-05
18.4 0 0 0 0 0.0423592 -1.64028e-05 0.0423592 -1.64028e-05
18.41 0 0 0 0 0.0423735 -1.63965e-05 0.0423735 -1.63965e-05
18.42 0 0 0 0 0.0423877 -1.63903e-05 0.0423877 -1.63903e-05
18.43 0 0 0 0 0.042402 -1.6384e-05 0.042402 -1.6384e-05
18.44 0 0 0 0 0.0424163 -1.63778e-05 0.0424163 -1.63778e-05
18.45 0 0 0 0 0.0424306 -1.63716e-05 0.0424306 -1.63716e-05
18.46 0 0 0 0 0.0424448 -1.63653e-05 0.0424448 -1.63653e-05
18.47 0 0 0 0 0.0424591 -1.63591e-05 0.0424591 -1.63591e-05
18.48 0 0 0 0 0.0424733 -1.63528e-05 0.0424733 -1.63528e-05
18.49 0 0 0 0 0.0424876 -1.63466e-05 0.0424876 -1.63466e-05
18.5 0 0 0 0 0.0425018 -1.63404e-05 0.0425018 -1.63404e-05
18.51 0 0 0 0 0.042516 -1.63341e-05 0.042516 -1.63341e-05
18.52 0 0 0 0 0.0425303 -1.63279e-05 0.0425303 -1.63279e-05
18.53 0 0 0 0 0.0425445 -1.63216e-05 0.0425445 -1.63216e-05
18.54 0 0 0 0 0.0425587 -1.63154e-05 0.0425587 -1.63154e-05
18.55 0 0 0 0 0.0425729 -1.63091e-05 0.0425729 -1.63091e-05
18.56 0 0 0 0 0.0425871 -1.63029e-05 0.0425871 -1.63029e-05
18.57 0 0 0 0 0.0426013 -1.62967e-05 0.0426013 -1.62967e-05
18.58 0 0 0 0 0.0426155 -1.62904e-05 0.0426155 -1.62904e-05
18.59 0 0 0 0 0.0426297 -1.62842e-05 0.0426297 -1.62842e-05
18.6 0 0 0 0 0.0426439 -1.62779e-05 0.0426439 -1.62779e-05
18.61 0 0 0 0 0.0426581 -1.62717e-05 0.0426581 -1.62717e-05
18.62 0 0 0 0 0.0426723 -1.62655e-05 0.0426723 -1.62655e-05
18.63 0 0 0 0 0.0426864 -1.62592e-05 0.0426864 -1.62592e-05
18.64 0 0 0 0 0.0427006 -1.6253e-05 0.0427006 -1.6253e-05
18.65 0 0 0 0 0.0427148 -1.62467e-05 0.0427148 -1.62467e-05
18.66 0 0 0 0 0.0427289 -1.62405e-05 0.0427289 -1.62405e-05
18.67 0 0 0 0 0.0427431 -1.62343e-05 0.0427431 -1.62343e-05
18.68 0 0 0 0 0.0427572 -1.6228e-05 0.0427572 -1.6228e-05
18.69 0 0 0 0 0.0427713 -1.62218e-05 0.0427713 -1.62218e-05
18.7 0 0 0 0 0.0427855 -1.62155e-05 0.0427855 -1.62155e-05
18.71 0 0 0 0 0.0427996 -1.62093e-05 0.0427996 -1.62093e-05
18.72 0 0 0 0 0.0428137 -1.6203e-05 0.0428137 -1.6203e-05
18.73 0 0 0 0 0.0428278 -1.61968e-05 0.0428278 -1.61968e-05
18.74 0 0 0 0 0.0428419 -1.61906e-05 0.0428419 -1.61906e-05
18.75 0 0 0 0 0.0428561 -1.61843e-05 0.0428561 -1.61843e-05
18.76 0 0 0 0 0.0428702 -1.61781e-05 0.0428702 -1.61781e-05
18.77 0 0 0 0 0.0428842 -1.61718e-05 0.0428842 -1.61718e-05
18.78 0 0 0 0 0.0428983 -1.61656e-05 0.0428983 -1.61656e-05
18.79 0 0 0 0 0.0429124 -1.61594e-05 0.0429124 -1.61594e-05
18.8 0 0 0 0 0.0429265 -1.61531e-05 0.0429265 -1.61531e-05
18.81 0 0 0 0 0.0429406 -1.61469e-05 0.0429406 -1.61469e-05
18.82 0 0 0 0 0.0429546 -1.61406e-05 0.0429546 -1.61406e-05
18.83 0 0 0 0 0.0429687 -1.61344e-05 0.0429687 -1.61344e-05
18.84 0 0 0 0 0.0429828 -1.61282e-05 0.0429828 -1.61282e-05
18.85 0 0 0 0 0.0429968 -1.61219e-05 0.0429968 -1.61219e-05
18.86 0 0 0 0 0.0430109 -1.61157e-05 0.0430109 -1.61157e-05
18.87 0 0 0 0 0.0430249 -1.61094e-05 0.0430249 -1.61094e-05
18.88 0 0 0 0 0.0430389 -1.61032e-05 0.0430389 -1.61032e-05
18.89 0 0 0 0 0.043053 -1.60969e-05 0.043053 -1.60969e-05
18.9 0 0 0 0 0.043067 -1.60907e-05 0.043067 -1.60907e-05
18.91 0 0 0 0 0.043081 -1.60845e-05 0.043081 -1.60845e-05
18.92 0 0 0 0 0.043095 -1.60782e-05 0.043095 -1.60782e-05
18.93 0 0 0 0 0.0431091 -1.6072e-05 0.0431091 -1.6072e-05
18.94 0 0 0 0 0.0431231 -1.60657e-05 0.0431231 -1.60657e-05
18.95 0 0 0 0 0.0431371 -1.60595e-05 0.0431371 -1.60595e-05
18.96 0 0 0 0 0.0431511 -1.60533e-05 0.0431511 -1.60533e-05
18.97 0 0 0 0 0.043165 -1.6047e-05 0.043165 -1.6047e-05
18.98 0 0 0 0 0.043179 -1.60408e-05 0.043179 -1.60408e-05
18.99 0 0 0 0 0.043193 -1.60345e-05 0.043193 -1.60345e-05
19 0 0 0 0 0.043207 -1.60283e-05 0.043207 -1.60283e-05
19.01 0 0 0 0 0.0432209 -1.6022e-05 0.0432209 -1.6022e-05
19.02 0 0 0 0 0.0432349 -1.60158e-05 0.0432349 -1.60158e-05
19.03 0 0 0 0 0.0432489 -1.60096e-05 0.0432489 -1.60096e-05
19.04 0 0 0 0 0.0432628 -1.60033e-05 0.0432628 -1.60033e-05
19.05 0 0 0 0 0.0432768 -1.59971e-05 0.0432768 -1.59971e-05
19.06 0 0 0 0 0.0432907 -1.59908e-05 0.0432907 -1.59908e-05
19.07 0 0 0 0 0.0433047 -1.59846e-05 0.0433047 -1.59846e-05
19.08 0 0 0 0 0.0433186 -1.59784e-05 0.0433186 -1.59784e-05
19.09 0 0 0 0 0.0433325 -1.59721e-05 0.0433325 -1.59721e-05
19.1 0 0 0 0 0.0433464 -1.59659e-05 0.0433464 -1.59659e-05
19.11 0 0 0 0 0.0433604 -1.59596e-05 0.0433604 -1.59596e-05
19.12 0 0 0 0 0.0433743 -1.59534e-05 0.0433743 -1.59534e-05
19.13 0 0 0 0 0.0433882 -1.59472e-05 0.0433882 -1.59472e-05
19.14 0 0 0 0 0.0434021 -1.59409e-05 0.0434021 -1.59409e-05
19.15 0 0 0 0 0.043416 -1.59347e-05 0.043416 -1.59347e-05
19.16 0 0 0 0 0.0434299 -1.59284e-05 0.0434299 -1.59284e-05
19.17 0 0 0 0 0.0434438 -1.59222e-05 0.0434438 -1.59222e-05
19.18 0 0 0 0 0.0434576 -1.59159e-05 0.0434576 -1.59159e-05
19.19 0 0 0 0 0.0434715 -1.59097e-05 0.0434715 -1.59097e-05
19.2 0 0 0 0 0.0434854 -1.59035e-05 0.0434854 -1.59035e-05
19.21 0 0 0 0 0.0434992 -1.58972e-05 0.0434992 -1.58972e-05
19.22 0 0 0 0 0.0435131 -1.5891e-05 0.0435131 -1.5891e-05
19.23 0 0 0 0 0.043527 -1.58847e-05 0.043527 -1.58847e-05
19.24 0 0 0 0 0.0435408 -1.58785e-05 0.0435408 -1.58785e-05
19.25 0 0 0 0 0.0435547 -1.58723e-05 0.0435547 -1.58723e-05
19.26 0 0 0 0 0.0435685 -1.5866e-05 0.0435685 -1.5866e-05
19.27 0 0 0 0 0.0435823 -1.58598e-05 0.0435823 -1.58598e-05
19.28 0 0 0 0 0.0435962 -1.58535e-05 0.0435962 -1.58535e-05
19.29 0 0 0 0 0.04361 -1.58473e-05 0.04361 -1.58473e-05
19.3 0 0 0 0 0.0436238 -1.58411e-05 0.0436238 -1.58411e-05
19.31 0 0 0 0 0.0436376 -1.58348e-05 0.0436376 -1.58348e-05
19.32 0 0 0 0 0.0436514 -1.58286e-05 0.0436514 -1.58286e-05
19.33 0 0 0 0 0.0436652 -1.58223e-05 0.0436652 -1.58223e-05
19.34 0 0 0 0 0.043679 -1.58161e-05 0.043679 -1.58161e-05
19.35 0 0 0 0 0.0436928 -1.58098e-05 0.0436928 -1.58098e-05
19.36 0 0 0 0 0.0437066 -1.58036e-05 0.0437066 -1.58036e-05
19.37 0 0 0 0 0.0437204 -1.57974e-05 0.0437204 -1.57974e-05
19.38 0 0 0 0 0.0437342 -1.57911e-05 0.0437342 -1.57911e-05
19.39 0 0 0 0 0.043748 -1.57849e-05 0.043748 -1.57849e-05
19.4 0 0 0 0 0.0437617 -1.57786e-05 0.0437617 -1.57786e-05
19.41 0 0 0 0 0.0437755 -1.57724e-05 0.0437755 -1.57724e-05
19.42 0 0 0 0 0.0437893 -1.57662e-05 0.0437893 -1.57662e-05
19.43 0 0 0 0 0.043803 -1.57599e-05 0.043803 -1.57599e-05
19.44 0 0 0 0 0.0438168 -1.57537e-05 0.0438168 -1.57537e-05
19.45 0 0 0 0 0.0438305 -1.57474e-05 0.0438305 -1.57474e-05
19.46 0 0 0 0 0.0438442 -1.57412e-05 0.0438442 -1.57412e-05
19.47 0 0 0 0 0.043858 -1.5735e-05 0.043858 -1.5735e-05
19.48 0 0 0 0 0.0438717 -1.57287e-05 0.0438717 -1.57287e-05
19.49 0 0 0 0 0.0438854 -1.57225e-05 0.0438854 -1.57225e-05
19.5 0 0 0 0 0.0438992 -1.57162e-05 0.0438992 -1.57162e-05
19.51 0 0 0 0 0.0439129 -1.571e-05 0.0439129 -1.571e-05
19.52 0 0 0 0 0.0439266 -1.57038e-05 0.0439266 -1.57038e-05
19.53 0 0 0 0 0.0439403 -1.56975e-05 0.0439403 -1.56975e-05
19.54 0 0 0 0 0.043954 -1.56913e-05 0.043954 -1.56913e-05
19.55 0 0 0 0 0.0439677 -1.5685e-05 0.0439677 -1.5685e-05
19.56 0 0 0 0 0.0439814 -1.56788e-05 0.0439814 -1.56788e-05
19.57 0 0 0 0 0.0439951 -1.56725e-05 0.0439951 -1.56725e-05
19.58 0 0 0 0 0.0440087 -1.56663e-05 0.0440087 -1.56663e-05
19.59 0 0 0 0 0.0440224 -1.56601e-05 0.0440224 -1.56601e-05
19.6 0 0 0 0 0.0440361 -1.56538e-05 0.0440361 -1.56538e-05
19.61 0 0 0 0 0.0440497 -1.56476e-05 0.0440497 -1.56476e-05
19.62 0 0 0 0 0.0440634 -1.56413e-05 0.0440634 -1.56413e-05
19.63 0 0 0 0 0.0440771 -1.56351e-05 0.0440771 -1.56351e-05
19.64 0 0 0 0 0.0440907 -1.56289e-05 0.0440907 -1.56289e-05
19.65 0 0 0 0 0.0441044 -1.56226e-05 0.0441044 -1.56226e-05
19.66 0 0 0 0 0.044118 -1.56164e-05 0.044118 -1.56164e-05
19.67 0 0 0 0 0.0441316 -1.56101e-05 0.0441316 -1.56101e-05
19.68 0 0 0 0 0.0441453 -1.56039e-05 0.0441453 -1.56039e-05
19.69 0 0 0 0 0.0441589 -1.55977e-05 0.0441589 -1.55977e-05
19.7 0 0 0 0 0.0441725 -1.55914e-05 0.0441725 -1.55914e-05
19.71 0 0 0 0 0.0441861 -1.55852e-05 0.0441861 -1.55852e-05
19.72 0 0 0 0 0.0441997 -1.55789e-05 0.0441997 -1.55789e-05
19.73 0 0 0 0 0.0442133 -1.55727e-05 0.0442133 -1.55727e-05
19.74 0 0 0 0 0.0442269 -1.55664e-05 0.0442269 -1.55664e-05
19.75 0 0 0 0 0.0442405 -1.55602e-05 0.0442405 -1.55602e-05
19.76 0 0 0 0 0.0442541 -1.5554e-05 0.0442541 -1.5554e-05
19.77 0 0 0 0 0.0442677 -1.55477e-05 0.0442677 -1.55477e-05
19.78 0 0 0 0 0.0442813 -1.55415e-05 0.0442813 -1.55415e-05
19.79 0 0 0 0 0.0442949 -1.55352e-05 0.0442949 -1.55352e-05
19.8 0 0 0 0 0.0443084 -1.5529e-05 0.0443084 -1.5529e-05
19.81 0 0 0 0 0.044322 -1.55228e-05 0.044322 -1.55228e-05
19.82 0 0 0 0 0.0443356 -1.55165e-05 0.0443356 -1.55165e-05
19.83 0 0 0 0 0.0443491 -1.55103e-05 0.0443491 -1.55103e-05
19.84 0 0 0 0 0.0443627 -1.5504e-05 0.0443627 -1.5504e-05
19.85 0 0 0 0 0.0443762 -1.54978e-05 0.0443762 -1.54978e-05
19.86 0 0 0 0 0.0443898 -1.54916e-05 0.0443898 -1.54916e-05
19.87 0 0 0 0 0.0444033 -1.54853e-05 0.0444033 -1.54853e-05
19.88 0 0 0 0 0.0444169 -1.54791e-05 0.0444169 -1.54791e-05
19.89 0 0 0 0 0.0444304 -1.54728e-05 0.0444304 -1.54728e-05
19.9 0 0 0 0 0.0444439 -1.54666e-05 0.0444439 -1.54666e-05
19.91 0 0 0 0 0.0444574 -1.54604e-05 0.0444574 -1.54604e-05
19.92 0 0 0 0 0.0444709 -1.54541e-05 0.0444709 -1.54541e-05
19.93 0 0 0 0 0.0444844 -1.54479e-05 0.0444844 -1.54479e-05
19.94 0 0 0 0 0.0444979 -1.54416e-05 0.0444979 -1.54416e-05
19.95 0 0 0 0 0.0445114 -1.54354e-05 0.0445114 -1.54354e-05
19.96 0 0 0 0 0.0445249 -1.54291e-05 0.0445249 -1.54291e-05
19.97 0 0 0 0 0.0445384 -1.54229e-05 0.0445384 -1.54229e-05
19.98 0 0 0 0 0.0445519 -1.54167e-05 0.0445519 -1.54167e-05
19.99 0 0 0 0 0.0445654 -1.54104e-05 0.0445654 -1.54104e-05
20 0 0 0 0 0.0445789 -1.54042e-05 0.0445789 -1.54042e-05
