2.575922e-03
-1.152390e-03
7.095107e-04
-5.307267e-04
3.984510e-04
-3.443613e-04
2.739620e-04
-2.557155e-04
2.071009e-04
-2.040305e-04
1.655375e-04
-1.703416e-04
1.371131e-04
-1.466912e-04
1.165295e-04
-1.290821e-04
1.007183e-04
-1.154692e-04
8.843002e-05
-1.048389e-04
7.837776e-05
-9.591193e-05
7.000561e-05
-8.882484e-05
6.334607e-05
-8.274898e-05
5.704167e-05
-7.759265e-05
5.230770e-05
-7.358268e-05
4.795971e-05
-6.968730e-05
4.425121e-05
-6.555469e-05
4.020322e-05
-6.307312e-05
3.755167e-05
-6.047032e-05
3.430141e-05
-5.772227e-05
3.100413e-05
-5.521756e-05
2.924612e-05
-5.419603e-05
2.661440e-05
-5.177262e-05
2.589122e-05
-5.157824e-05
2.356120e-05
-4.868451e-05
2.125864e-05
-4.894266e-05
2.141931e-05
-4.733039e-05
1.839527e-05
-4.669524e-05
1.773727e-05
-4.534943e-05
1.705439e-05
-4.363982e-05
1.545836e-05
-4.183748e-05
1.175867e-05
-4.325069e-05
1.415702e-05
-4.249161e-05
1.279469e-05
-4.025324e-05
1.080816e-05
-4.145833e-05
8.747197e-06
-3.960115e-05
8.752412e-06
-3.928022e-05
7.908271e-06
-3.886712e-05
7.222262e-06
-3.852279e-05
6.643038e-06
-3.881306e-05
2.513139e-06
-3.783564e-05
8.396656e-06
-3.790744e-05
2.576909e-06
-3.689403e-05
4.778046e-06
-3.490254e-05
2.255805e-06
-3.623226e-05
2.761613e-06
-3.821397e-05
1.499764e-06
-3.337422e-05
2.362289e-07
-3.570929e-05
1.813388e-06
-3.262873e-05
-2.059408e-06
-4.015765e-05
2.233503e-06
-3.209486e-05
-4.632575e-06
-3.591500e-05
-2.413585e-06
-3.273668e-05
-6.952497e-06
-3.190757e-05
-5.465428e-06
-2.978423e-05
-4.561924e-06
-3.642966e-05
-3.962332e-06
-3.339863e-05
-5.348023e-06
-3.267077e-05
-7.003520e-06
-2.907857e-05
-6.670007e-06
-3.485194e-05
7.590022e-07
-3.095893e-05
-8.239023e-06
-2.937623e-05
-4.246059e-06
-3.271321e-05
-1.035579e-05
-3.610618e-05
-7.169983e-06
-3.192892e-05
-1.169077e-05
-3.623735e-05
-7.720953e-06
-3.285840e-05
-9.640930e-06
-3.094262e-05
-1.504333e-05
-3.108611e-05
-1.016461e-05
-3.321705e-05
-9.094644e-06
-3.537076e-05
-3.634708e-06
-3.567627e-05
-9.274244e-06
-3.394090e-05
-1.015878e-05
-3.378502e-05
-1.072761e-05
-3.357403e-05
-1.119145e-05
-3.301444e-05
-1.346766e-05
-2.733053e-05
-1.147196e-05
-4.089583e-05
-7.790504e-06
-4.096540e-05
-1.285893e-05
-2.472690e-05
-2.244705e-05
-3.146595e-05
-1.126599e-05
-4.265181e-05
-7.849493e-06
-4.388652e-05
-8.849079e-06
-1.755475e-05
-2.907907e-05
-4.617095e-05
-5.142954e-06
-3.005133e-05
-1.357367e-05
-4.270464e-05
-1.032654e-05
-1.768470e-05
-2.396592e-05
-2.279531e-05
-1.729308e-05
-4.061644e-05
-1.698270e-05
-2.503435e-05
-1.812056e-05
-3.718797e-05
-3.627547e-06
-4.663851e-05
-1.560697e-05
-2.515899e-05
-2.015990e-05
-3.279496e-05
-1.872119e-05
-3.124136e-05
-2.615987e-05
-3.930085e-05
-2.333248e-05
-4.255620e-05
-1.767450e-05
-2.830667e-05
-1.024643e-05
-3.610364e-05
-2.363843e-05
-4.802447e-05
-4.586989e-06
-3.609576e-05
-3.160245e-05
-2.496067e-05
-7.967501e-06
-4.931754e-05
-1.894496e-05
-2.289635e-05
-2.728971e-05
-2.255131e-05
-2.010671e-05
-4.796444e-05
-1.560729e-05
-3.800209e-05
-1.890592e-05
-3.736408e-05
-1.901283e-05
-3.797451e-05
-1.774190e-05
-4.290778e-05
-2.842856e-06
-4.989998e-05
-3.414895e-05
-1.974984e-05
-2.364397e-05
-4.775661e-05
-2.100714e-05
-3.139492e-05
-3.722660e-05
-3.791747e-05
-4.174271e-05
-1.919740e-05
-1.504680e-05
-4.232821e-05
-5.151733e-05
-3.013424e-05
-1.351613e-05
-3.724691e-05
-2.925546e-05
-2.076981e-05
-2.364887e-05
-9.280616e-06
-2.213526e-05
-7.126445e-05
-6.413472e-06
-1.281442e-05
-2.997071e-05
-3.939946e-05
-1.461757e-05
-6.442751e-05
2.243941e-06
-4.652994e-05
-2.560647e-05
-2.191271e-05
-2.984981e-05
-3.480396e-05
-3.284004e-05
-6.572878e-05
-3.303550e-05
-3.670889e-05
-2.613461e-05
-3.734311e-05
-3.196619e-05
-7.244496e-05
-1.983994e-05
-2.506687e-05
-2.608140e-05
-5.278251e-05
-3.904945e-05
-3.985849e-05
-1.360703e-05
-2.497291e-05
-2.978619e-05
-4.406302e-05
-7.567760e-06
-4.150914e-05
-3.818520e-05
-1.433408e-06
-2.024583e-05
-4.223979e-05
-2.200328e-05
-5.794008e-05
-3.026152e-05
-1.619217e-05
-3.785988e-05
-3.249347e-05
-3.948988e-05
-1.036950e-05
-4.954723e-05
-6.416152e-05
8.682202e-06
-7.427412e-05
-1.908636e-05
-3.730100e-05
-4.953285e-05
-4.157608e-05
-4.950376e-06
-5.318986e-05
-7.899584e-05
-2.683253e-06
-3.558200e-05
-6.268034e-05
-1.919248e-05
-5.773297e-05
-5.406976e-05
-1.878355e-05
-7.910043e-06
-6.724627e-05
-3.758994e-05
8.660078e-06
-4.190368e-05
-5.297087e-05
2.037512e-05
-4.877807e-05
-5.746956e-05
-1.863338e-05
-4.757510e-06
-7.359634e-05
-2.762311e-05
-1.897955e-05
-3.279956e-05
-5.881287e-05
-5.174166e-05
-3.724489e-05
-2.633302e-05
-6.682379e-05
-3.324092e-05
-1.505306e-05
-3.710519e-05
-5.583888e-05
-6.052834e-05
-2.065663e-05
1.100669e-05
-4.554883e-05
-5.981675e-05
-3.709062e-05
-1.619314e-05
-2.385661e-05
-1.547480e-05
-4.095499e-05
-4.158527e-05
-2.739310e-05
-5.958088e-05
1.610011e-05
-9.634623e-05
4.825466e-06
-2.221431e-05
-5.153227e-05
-9.214631e-05
-3.177894e-05
-4.312812e-06
-6.639060e-05
-7.674820e-05
-6.286898e-05
-2.367326e-05
-5.512581e-05
-1.341268e-05
-9.383517e-05
8.871441e-06
-3.319160e-05
-2.517796e-05
-7.628812e-05
-4.043374e-05
1.647808e-05
-4.065603e-05
-7.828028e-05
-1.821192e-05
-5.915797e-05
-7.203414e-06
-1.329415e-05
-7.244444e-05
-4.114635e-05
-1.805682e-05
-9.444453e-05
4.217727e-07
-1.039749e-04
1.452122e-05
-3.835784e-05
-8.339415e-06
-2.857198e-05
-1.204757e-04
1.345564e-05
-4.026682e-05
-8.785768e-05
6.075233e-06
-3.298491e-05
-7.191287e-06
-4.221959e-05
-7.244119e-05
-3.601993e-05
-2.850056e-05
-8.241748e-05
-2.824000e-05
-3.801358e-05
-6.434086e-05
3.762947e-05
-5.234500e-05
-7.882114e-05
-1.882942e-05
-7.622666e-05
-6.367599e-05
-4.566931e-05
-6.730704e-06
-3.270079e-05
-1.084354e-04
-6.098250e-05
-3.124054e-05
-5.537752e-05
-8.840635e-06
-1.380808e-05
-4.893331e-05
-4.148866e-05
-3.653260e-05
-5.706123e-05
3.574379e-06
-5.437437e-05
-4.399516e-05
-2.286673e-05
-1.011701e-04
1.067774e-05
-3.018375e-05
-8.125925e-06
-3.746753e-05
-9.050861e-05
-1.287116e-05
-8.889409e-05
-4.777010e-05
2.892958e-05
-1.767488e-05
-5.906438e-05
-1.269438e-05
-1.210446e-04
-7.464479e-05
1.224403e-05
-6.085779e-05
-3.590203e-05
-4.491720e-05
-4.068597e-05
-4.609111e-05
-3.320408e-05
-7.102508e-05
-9.407401e-05
1.924859e-05
-6.151437e-05
-4.247059e-05
-2.703441e-05
-9.303002e-05
-3.602890e-05
-8.787273e-06
-3.361774e-05
-9.753372e-05
-2.361838e-05
-3.955627e-05
5.603180e-05
-7.649936e-05
-4.121096e-05
-6.979441e-07
-5.104902e-05
-4.917983e-05
-2.012599e-05
-1.087145e-04
5.324664e-06
7.930487e-06
-1.115592e-04
-1.707013e-05
-5.562817e-05
-3.466538e-05
-5.089959e-05
-3.495092e-05
-5.329191e-05
-2.806852e-05
-7.665436e-05
-1.098835e-04
-8.785299e-05
9.151657e-06
-1.650902e-05
-3.868918e-05
-8.205083e-05
-8.095961e-05
-3.343095e-05
-4.578434e-05
-4.567795e-05
-3.822499e-05
-5.811963e-05
-2.618923e-06
-5.136768e-06
-5.535318e-05
-4.061018e-05
-4.376152e-05
-4.560622e-05
-3.788880e-05
-6.130820e-05
9.025208e-06
-3.837760e-05
-1.154131e-04
2.693512e-05
-4.432797e-05
-1.117502e-04
1.720246e-05
-1.081917e-05
-4.913666e-05
-5.438674e-05
-3.804582e-06
5.185791e-06
-7.954347e-05
-1.423117e-04
-1.981465e-05
-2.763769e-05
-1.227916e-04
2.865224e-05
-3.326254e-05
-1.542489e-04
-3.225266e-05
2.664374e-05
-1.210131e-04
-3.071325e-05
-1.606132e-05
-1.455312e-04
8.531357e-05
-1.636486e-05
-9.212927e-05
-8.610452e-05
-3.426267e-05
-3.790906e-05
-7.045069e-05
3.018337e-05
-7.493887e-05
-2.606680e-05
-6.058306e-05
-1.960863e-05
-9.819486e-05
-8.393492e-05
-3.199879e-05
-5.250436e-05
-2.339937e-05
7.771719e-05
-9.932421e-05
-1.651766e-04
4.125650e-05
-1.847560e-05
-3.120974e-05
-1.105363e-04
-2.389744e-05
-4.617866e-05
-5.444048e-05
-1.526632e-05
-1.198175e-04
-2.432693e-05
-1.755536e-05
2.280169e-05
-8.162263e-05
-3.104194e-06
-1.233296e-04
-3.117213e-05
9.429500e-06
-5.508829e-05
-4.562153e-05
-3.717590e-05
-5.643523e-05
-1.437039e-05
-1.255655e-04
7.052074e-07
9.037279e-05
-1.387797e-04
-5.933544e-05
-9.746400e-05
-4.847905e-05
2.201022e-05
-5.509555e-05
-7.545059e-05
-1.238065e-04
4.487510e-05
-4.932310e-05
-1.206364e-04
2.088787e-05
1.967025e-05
-1.108131e-04
-9.123420e-05
-2.192758e-05
-7.121210e-05
3.071716e-05
-6.094190e-05
-5.099722e-05
-1.073108e-05
-1.324588e-04
-4.669435e-06
-6.788956e-05
-1.878564e-05
-8.139105e-05
3.999623e-05
-5.197154e-05
-1.127785e-04
1.116210e-06
8.208756e-05
-6.454102e-05
-1.035791e-04
-2.548540e-05
-4.725177e-05
-3.985810e-05
-5.518342e-05
5.249412e-06
1.997992e-05
-6.844029e-05
-2.997188e-05
-4.540193e-05
-5.984330e-05
-1.939456e-04
2.527549e-05
-1.139200e-04
-1.024554e-04
3.573260e-06
-1.367889e-04
-5.116769e-06
-6.791984e-05
-7.068502e-06
-1.259779e-04
-3.560249e-05
2.593542e-05
-5.702194e-05
-5.863741e-05
2.742415e-05
-3.241470e-05
-1.416680e-04
4.966971e-05
-1.376589e-05
-3.584770e-07
2.689511e-05
-7.943335e-05
1.867357e-05
2.924948e-05
-1.073353e-04
-1.232059e-04
6.607530e-05
-8.768669e-05
1.361630e-05
4.707275e-05
-1.414426e-04
-4.779631e-05
-1.348963e-04
1.508958e-05
-1.133264e-04
-1.231970e-04
-1.459294e-04
1.271281e-04
1.015364e-06
-1.313828e-04
-2.244660e-06
-9.492287e-05
-1.267856e-04
4.542041e-05
1.192475e-05
-7.328852e-05
3.326561e-05
-2.749165e-05
-1.383936e-04
9.962382e-06
-8.707755e-05
4.271576e-05
8.434091e-07
-3.788697e-05
-6.082991e-05
3.263407e-06
-1.389057e-04
-2.254027e-05
2.537710e-05
-4.933972e-05
-4.834845e-05
-2.127612e-05
-7.060424e-05
2.487362e-05
-2.063463e-04
-6.828543e-05
-1.141945e-05
-1.234140e-04
-2.749021e-05
-5.563703e-06
-1.585158e-04
7.036112e-05
-3.448150e-05
-1.576405e-04
8.982997e-05
-8.269713e-05
-3.273946e-05
2.404936e-06
5.901347e-05
-1.299551e-04
-1.051772e-04
4.021733e-05
5.477828e-06
1.901447e-05
-3.343471e-05
-8.263601e-05
8.587541e-05
-1.185932e-04
8.613179e-05
-8.122878e-05
-3.485908e-05
2.238721e-05
1.095758e-05
1.990115e-05
-1.734952e-05
-1.586647e-04
-1.750687e-04
1.016675e-05
-5.317688e-05
-4.089579e-05
-2.716072e-04
-5.222629e-05
-1.866685e-05
-8.296193e-05
9.271724e-05
-1.457494e-04
-8.113534e-05
-3.212215e-05
-2.258434e-05
-6.980088e-05
4.897938e-05
6.608211e-07
1.994205e-05
2.501387e-05
-2.755995e-05
-1.135373e-04
-5.653651e-05
1.198335e-04
1.429942e-05
-7.856041e-05
6.824482e-05
-6.161791e-05
-3.993169e-05
1.793616e-06
-1.371759e-04
-1.829412e-05
3.703415e-05
-3.778940e-05
-6.171264e-05
2.842930e-05
-1.737805e-04
4.817181e-05
-1.238139e-04
-1.426199e-04
-8.912692e-05
2.121382e-04
-1.962065e-04
-5.664608e-05
-3.323826e-05
-4.129648e-05
2.446517e-05
4.013183e-05
-2.756250e-05
-1.377735e-04
4.776303e-05
7.724327e-05
-1.824447e-04
6.893435e-05
7.442101e-05
-2.123198e-04
-9.824346e-05
8.327784e-05
-6.592862e-05
-2.665173e-05
-2.150511e-05
-5.534285e-05
2.445240e-05
-1.750875e-04
9.209013e-05
7.180553e-06
-9.045456e-06
-1.264927e-04
-2.881896e-05
7.322638e-05
-9.882731e-05
1.092806e-04
-1.482540e-04
-4.612685e-05
1.258798e-04
-2.208946e-04
1.426617e-04
-9.679532e-05
2.419520e-06
-4.271617e-05
-3.493980e-05
1.946102e-05
-1.979714e-04
-9.106828e-05
5.062334e-05
6.405948e-05
-1.227168e-04
-1.036851e-04
3.176837e-05
-1.652439e-04
8.815192e-05
7.910427e-07
-2.181857e-04
2.647161e-04
-1.991420e-04
-6.186744e-05
-1.993141e-05
-3.074267e-05
-1.410823e-05
-6.701077e-05
9.309601e-05
-7.708816e-05
1.440057e-05
-9.679099e-05
1.633808e-04
2.404370e-05
-8.349868e-05
1.246079e-04
-1.652296e-04
-9.453869e-06
6.763424e-05
-5.298246e-05
-1.707161e-05
-2.552766e-05
-2.500096e-05
-2.357088e-05
-2.349553e-05
-2.978015e-05
-2.966886e-06
-9.367663e-05
-1.138486e-04
3.821364e-05
-1.416165e-04
2.361195e-06
5.932933e-06
-1.452797e-04
4.299047e-05
-1.175004e-04
-8.932616e-05
-5.693343e-06
-2.252777e-05
-3.516813e-05
1.795397e-05
-1.430117e-04
3.963312e-05
1.969954e-04
-1.904363e-04
1.368341e-05
3.721315e-05
5.742048e-05
-2.992421e-05
-6.453485e-05
1.291405e-04
-1.531867e-04
-4.932049e-05
2.321562e-04
7.671640e-05
-2.584869e-04
3.863959e-05
5.004312e-05
-2.125711e-05
-5.911087e-05
9.683269e-05
-3.259086e-05
-1.072373e-04
-6.012973e-06
1.495019e-05
-1.351786e-04
1.937254e-05
-2.522807e-05
-3.020172e-05
2.466243e-05
-1.410300e-04
2.874875e-05
-3.674502e-05
-1.206273e-05
-3.556155e-06
-7.951538e-05
-1.248218e-04
8.208763e-05
8.547587e-05
-1.473054e-04
1.241281e-05
1.167932e-05
-1.264842e-04
-5.196595e-06
8.186485e-05
-5.766733e-05
5.860060e-05
6.576509e-05
-3.182328e-04
2.485148e-04
8.736970e-05
-2.073589e-05
-4.501363e-05
5.696559e-05
1.501208e-04
-3.760443e-05
-5.074070e-05
9.651923e-05
-3.019285e-04
1.657692e-04
3.692799e-05
-6.937875e-05
1.630226e-04
7.366709e-05
-1.261380e-04
-5.984363e-05
-3.875675e-05
-2.149479e-04
7.411364e-05
2.023907e-04
-1.461367e-04
-1.223935e-04
-1.145673e-04
9.693001e-05
9.129086e-05
1.541714e-04
2.588054e-05
-1.986791e-06
-3.435981e-05
3.663642e-05
-1.024424e-04
2.345381e-04
2.790526e-04
5.560745e-05
1.754973e-04
-6.679158e-05
-2.771070e-04
2.812195e-04
3.039160e-04
2.573421e-04
-1.961068e-04
2.070750e-05
1.171599e-04
-1.424307e-04
9.301635e-06
7.807481e-05
1.835331e-05
1.700432e-04
1.069417e-05
-2.131864e-04
-9.202261e-06
-4.154794e-04
3.715112e-05
-4.448774e-05
6.326629e-05
1.511630e-04
5.736020e-05
3.037484e-04
2.211823e-04
2.449406e-04
-6.378102e-05
-5.014434e-05
2.424522e-04
1.984671e-04
4.173621e-04
3.466995e-04
8.619809e-05
3.459463e-04
4.271765e-04
8.346680e-04
6.909806e-05
-4.189915e-04
6.062798e-05
2.180811e-04
8.619745e-04
4.940587e-04
-5.411269e-04
2.989332e-05
1.143876e-04
-6.612775e-05
4.267505e-04
3.043712e-04
1.879292e-04
-2.569519e-04
1.621218e-05
-4.566858e-04
-1.104870e-04
1.516586e-04
-2.126677e-05
8.699102e-04
-1.878467e-04
4.640094e-05
4.660145e-04
-3.732417e-05
-2.482418e-04
-1.895258e-04
-6.849502e-04
1.286428e-04
-3.545138e-04
5.523342e-05
5.422103e-04
9.812566e-05
1.359293e-04
-8.802477e-04
-4.423794e-04
-2.830685e-04
1.123610e-04
-1.315713e-04
-2.186689e-04
1.491797e-03
6.248710e-04
6.272292e-04
-2.755181e-04
-4.267491e-04
-7.998401e-04
-2.172777e-04
6.354910e-04
1.062798e-03
8.034435e-04
2.487300e-04
3.980239e-04
-8.771327e-04
-1.578901e-05
3.271299e-04
9.995684e-04
2.280881e-03
3.711342e-04
4.764771e-04
8.679452e-04
8.687632e-04
3.004552e-04
-1.956745e-03
-2.122907e-03
1.171116e-03
1.276125e-03
1.755682e-03
-1.553759e-04
-1.494760e-03
3.744432e-04
9.802937e-04
1.673580e-03
7.549858e-04
4.962513e-04
1.078866e-03
1.268740e-03
2.746072e-03
1.776526e-03
-9.735447e-04
2.777376e-04
5.477994e-04
2.514589e-04
2.109087e-03
1.941241e-03
1.513542e-03
1.626664e-03
9.153542e-04
3.321183e-03
2.052847e-03
1.742366e-03
1.590229e-03
2.822293e-04
1.004292e-03
1.378418e-03
1.077832e-03
-1.378437e-03
-3.645464e-03
-2.862999e-03
-2.201299e-03
-6.407910e-04
4.622688e-04
1.791654e-03
2.221202e-03
4.241998e-04
4.926084e-04
7.937803e-04
2.362405e-03
5.398265e-03
4.465602e-03
2.933383e-03
2.115401e-03
-9.058086e-04
8.629765e-04
1.724488e-03
-1.249330e-03
-4.271914e-04
-1.445097e-03
8.242913e-04
2.484817e-03
2.931642e-03
5.011398e-03
2.335139e-03
2.593307e-03
3.951127e-03
5.893936e-03
6.385149e-03
5.345875e-03
4.780643e-03
4.078030e-03
2.206469e-03
-3.211345e-04
-2.057709e-03
-4.147409e-03
-2.175801e-03
-3.007846e-03
-1.599425e-03
-2.235671e-04
-2.598207e-03
-2.691949e-03
-4.079847e-03
-3.155070e-03
-6.583636e-04
6.090469e-04
-1.934817e-03
-1.394013e-03
-2.543059e-03
-2.553514e-03
-2.490178e-03
-4.208995e-03
-2.648140e-03
-4.574685e-03
-5.441660e-04
2.293172e-04
-1.308320e-03
-3.054910e-03
-3.825983e-03
-1.234411e-03
-1.108979e-03
2.336721e-04
-1.793062e-03
-1.589000e-03
-2.883070e-03
-4.357453e-03
-1.339950e-03
-8.833758e-05
1.975030e-03
4.985168e-03
1.162255e-03
7.939254e-04
3.426489e-03
5.726982e-03
7.137211e-03
1.089220e-02
1.021468e-02
9.351591e-03
5.228245e-03
2.838406e-03
-1.633776e-03
-6.712383e-03
-6.574360e-03
-7.082820e-03
-4.275663e-03
-6.993973e-03
-5.630207e-03
-7.477141e-03
-9.109958e-03
-3.120046e-03
-1.297403e-03
6.676293e-04
3.473924e-03
3.785169e-03
3.594002e-03
2.736592e-03
5.185399e-03
7.164661e-03
8.154159e-03
7.822191e-03
1.455807e-03
-4.123307e-03
-5.873244e-03
-5.316782e-03
-6.489958e-04
-1.764217e-03
-1.963478e-03
-4.625013e-04
-2.200022e-03
1.074468e-03
2.200938e-03
1.983972e-03
4.255452e-03
8.619795e-03
1.176470e-02
1.186192e-02
1.092411e-02
1.023624e-02
6.698218e-03
6.534396e-03
7.684012e-03
3.727361e-03
7.333919e-04
1.051535e-03
-2.745792e-03
-4.906510e-03
-6.201290e-03
-6.085456e-03
-2.143152e-03
3.553722e-04
1.398196e-03
-1.789997e-03
-3.857087e-03
-8.342395e-03
-4.156386e-03
-2.110848e-03
3.142557e-03
8.818763e-03
8.262539e-03
1.044258e-02
4.333167e-03
-1.269908e-03
-5.238909e-03
-6.554298e-03
1.707058e-03
9.409790e-03
1.087470e-02
6.501375e-03
-1.973506e-03
-3.968336e-03
-1.508945e-03
-1.324327e-03
-9.104997e-04
-3.064749e-03
-1.738675e-03
1.647304e-03
4.203095e-03
7.307632e-03
5.334382e-03
4.160168e-04
-2.627953e-03
-2.621839e-03
-3.638491e-03
4.759215e-04
4.492097e-03
5.086407e-03
4.520368e-03
-1.143924e-04
-1.094097e-02
-1.329549e-02
-1.050715e-02
-1.073270e-02
-9.156243e-03
-4.634122e-03
3.678901e-03
8.088003e-03
5.834189e-03
-5.762501e-04
-3.962587e-03
-4.682944e-03
8.972670e-04
7.370598e-03
5.757688e-03
-7.957548e-04
-8.661485e-03
-1.314252e-02
-1.001648e-02
-8.812889e-03
-1.035455e-02
-1.016236e-02
-1.102677e-02
-1.297630e-02
-5.788873e-03
2.470214e-03
5.869159e-03
4.761766e-03
2.073006e-03
6.427685e-03
6.839877e-03
1.100219e-02
1.681904e-02
1.209137e-02
8.290384e-03
1.306728e-04
-9.453743e-03
-1.326216e-02
-2.024155e-02
-1.878436e-02
-1.517287e-02
-1.211960e-02
-3.003235e-03
-4.873869e-03
-1.010906e-02
-1.274904e-02
-1.112402e-02
-4.746964e-03
7.013709e-03
1.730206e-02
1.779232e-02
1.534073e-02
7.849236e-03
9.187960e-04
-2.814996e-03
1.179293e-03
4.252234e-03
1.570830e-03
-1.749080e-03
-5.968242e-03
-5.769206e-03
-4.530961e-03
-6.606010e-03
-8.886237e-03
-9.290307e-03
-6.900538e-03
-2.532702e-03
1.387720e-03
1.033381e-02
1.142273e-02
6.333541e-03
1.446718e-03
-1.522889e-03
1.434681e-04
2.863103e-03
-2.096140e-03
-2.309792e-03
-2.651175e-03
-4.467812e-03
-2.887872e-03
-1.152066e-03
-2.043296e-03
-2.517196e-03
2.182016e-04
3.473368e-03
1.071816e-02
1.152090e-02
1.153330e-02
8.724954e-03
1.980632e-03
1.691279e-03
2.415218e-03
1.305551e-03
1.932169e-03
-6.601951e-03
-1.064245e-02
-6.547214e-03
-4.234350e-03
-2.114527e-04
8.538245e-05
-9.318897e-05
1.715075e-03
4.614445e-03
1.293039e-02
1.585658e-02
1.285247e-02
1.230078e-02
8.784082e-03
4.758580e-03
6.030485e-03
5.867271e-03
3.405284e-03
1.346216e-03
-4.963763e-03
-1.524216e-02
-1.593071e-02
-1.497431e-02
-6.492551e-03
3.522067e-03
1.925898e-03
3.935945e-03
5.790250e-03
2.697139e-03
5.641270e-03
8.158592e-03
7.969466e-03
9.211189e-03
1.072641e-02
9.617848e-03
2.389547e-03
-5.151957e-03
-3.264988e-03
1.841772e-03
4.136937e-03
6.115362e-03
5.087923e-03
-1.827331e-03
-8.173930e-03
-9.304792e-03
-4.272057e-03
6.780647e-03
7.747682e-03
-1.114082e-03
-9.080170e-03
-1.337053e-02
-1.112162e-02
-3.955206e-03
-3.795212e-04
-6.622341e-04
-2.300307e-03
-5.819812e-03
-4.533762e-03
1.535644e-03
9.157632e-03
1.249163e-02
9.730714e-03
-8.169194e-04
-7.369296e-03
-5.649826e-03
-4.256359e-03
-4.004169e-04
-6.968027e-04
-3.708838e-04
7.248539e-04
-1.115721e-03
-1.037383e-03
3.189110e-03
8.246290e-03
1.174238e-02
1.249336e-02
9.111222e-03
3.593352e-03
2.035507e-03
1.502470e-03
4.819903e-04
4.161516e-03
7.330984e-03
8.048017e-03
4.991149e-03
-6.743267e-03
-1.227153e-02
-8.504958e-03
-5.165135e-03
-9.868543e-04
-6.146609e-03
-1.049770e-02
-1.068703e-02
-1.263926e-02
-5.392191e-03
3.652624e-03
7.671233e-03
1.037645e-02
7.550312e-03
3.744919e-03
4.455113e-03
6.803680e-03
4.819102e-03
-4.799957e-03
-7.077628e-03
-5.238720e-03
-8.977529e-04
8.847703e-03
1.076072e-02
1.453041e-02
1.237862e-02
-3.146627e-04
-4.416581e-03
-6.283689e-03
-2.794928e-03
1.525501e-03
-5.331953e-04
-2.329849e-04
1.087205e-03
3.495735e-03
5.416489e-03
1.557343e-03
-7.022456e-04
-5.036742e-03
-4.725902e-03
-1.786085e-03
6.269509e-04
5.955302e-03
3.382435e-03
2.222699e-03
3.378509e-03
-4.585265e-04
-5.664117e-03
-6.809353e-03
-8.810574e-03
-7.888623e-03
-8.185820e-03
-9.267409e-03
-5.362399e-03
-3.133182e-03
-2.675525e-03
-2.992250e-03
-2.499261e-03
5.679938e-03
1.098657e-02
1.584425e-02
1.022894e-02
6.292975e-03
1.074597e-02
1.108256e-02
1.869650e-02
1.632088e-02
5.626918e-03
-6.104411e-04
-7.782540e-03
-9.929931e-03
-4.607351e-03
-5.655536e-03
-9.952841e-04
3.845981e-03
2.354175e-03
6.764898e-03
7.804747e-03
3.856147e-03
5.513141e-03
1.250386e-02
1.745715e-02
1.508917e-02
1.255916e-02
3.097017e-03
-1.787387e-03
-3.766734e-03
-8.289843e-03
-6.275424e-03
-8.239112e-03
-1.398798e-02
-1.704451e-02
-1.560021e-02
-1.036136e-02
-4.491599e-03
-8.670970e-03
-8.297732e-03
-1.242469e-02
-1.602724e-02
-9.213126e-03
-1.244138e-03
8.244883e-03
6.294487e-03
4.050780e-03
3.062720e-03
4.544983e-03
6.476213e-03
2.793921e-03
4.713962e-03
8.460274e-03
1.184214e-02
1.098214e-02
2.880669e-03
-5.469958e-03
-7.409969e-03
-4.969322e-03
2.823500e-03
8.510661e-03
8.673833e-03
5.105165e-03
-7.640870e-04
-3.010076e-03
-5.031385e-03
-9.575640e-03
-2.089014e-02
-2.400412e-02
-1.444280e-02
-4.506118e-03
9.423861e-03
1.957147e-02
2.923562e-02
2.680519e-02
1.928051e-02
1.799472e-02
1.347215e-02
1.791752e-02
2.020535e-02
2.641766e-02
3.080544e-02
2.175917e-02
1.713617e-02
-4.155907e-04
-2.446447e-02
-3.127144e-02
-4.100925e-02
-5.405552e-02
-6.032614e-02
-6.470361e-02
-5.924961e-02
-4.915660e-02
-4.281510e-02
-2.750213e-02
5.388085e-04
2.588500e-02
3.606558e-02
3.380336e-02
2.767371e-02
2.752275e-02
2.582921e-02
1.655642e-02
8.962148e-03
-2.654447e-03
-2.017593e-02
-3.709672e-02
-5.409912e-02
-5.426521e-02
-5.222856e-02
-5.104927e-02
-4.668405e-02
-4.516707e-02
-3.348238e-02
-2.705986e-02
-2.131483e-02
-7.079846e-03
9.159281e-04
1.557203e-02
2.990275e-02
3.242177e-02
3.993563e-02
3.163870e-02
5.182985e-03
-7.980312e-03
-1.847334e-02
-1.415107e-02
1.445376e-03
-2.738005e-03
-1.722362e-03
-2.354408e-03
-1.167747e-03
4.198602e-03
-1.655326e-02
-3.048936e-02
-2.375374e-02
-1.208280e-02
1.192541e-03
9.957849e-03
1.671915e-02
1.755918e-02
9.806598e-03
1.003520e-02
1.508501e-02
3.527157e-02
4.898266e-02
5.800477e-02
6.480875e-02
6.008845e-02
4.613984e-02
1.924623e-02
6.721675e-03
9.119215e-03
9.433315e-03
9.128941e-03
2.179898e-03
-1.229338e-02
-9.124379e-03
8.679197e-03
1.564315e-02
3.270548e-03
-2.341448e-02
-4.375671e-02
-4.754705e-02
-3.390146e-02
-2.277726e-02
-1.144359e-02
-7.868452e-04
-2.227278e-03
-7.541336e-03
-1.669335e-02
-2.375480e-02
-3.183975e-02
-4.012121e-02
-3.825528e-02
-3.216408e-02
-2.054334e-02
-1.150621e-02
-1.553381e-02
-2.220521e-02
-2.150306e-02
-1.439446e-02
-5.599975e-03
-1.956467e-03
-7.936175e-03
-2.377442e-02
-4.052342e-02
-3.639709e-02
-1.973659e-02
-1.171719e-02
-1.685881e-02
-1.813583e-02
-5.275726e-03
1.780111e-02
3.691858e-02
4.254904e-02
3.522820e-02
2.154650e-02
2.064534e-02
1.439591e-02
8.215905e-03
1.433725e-02
1.281453e-02
-7.990221e-04
-1.936965e-02
-3.505955e-02
-3.650215e-02
-4.378472e-02
-4.147775e-02
-2.570417e-02
-2.153454e-02
-8.925137e-03
2.171438e-02
4.733951e-02
6.733679e-02
6.771050e-02
4.005878e-02
9.871834e-03
-1.922565e-02
-3.790853e-02
-4.028707e-02
-3.571286e-02
-1.907557e-02
-7.109095e-04
9.091140e-03
6.700680e-03
-3.792046e-03
-8.748866e-03
-8.855253e-03
-1.152650e-02
-1.005714e-02
2.340247e-03
1.464824e-02
2.936996e-02
5.085557e-02
6.053974e-02
5.770231e-02
3.797431e-02
5.403309e-03
-1.954196e-02
-3.149942e-02
-3.455170e-02
-2.904795e-02
-2.337041e-02
-2.223109e-02
-1.393007e-02
8.636368e-03
2.837627e-02
3.711881e-02
2.553763e-02
1.012906e-02
3.993265e-03
2.036190e-03
1.226592e-02
1.945225e-02
2.767103e-02
2.862100e-02
1.291718e-02
-1.359378e-03
-6.582624e-03
7.747645e-03
1.719067e-02
1.618081e-02
1.162148e-02
6.604424e-03
2.062543e-02
4.045680e-02
4.779879e-02
5.572014e-02
6.569043e-02
6.045439e-02
4.584830e-02
1.999719e-02
-7.800207e-03
-1.136314e-02
-9.553059e-04
1.922528e-02
4.442779e-02
5.471157e-02
5.009847e-02
4.075314e-02
2.841233e-02
2.423451e-02
2.963429e-02
4.119667e-02
4.031749e-02
2.552789e-02
9.236747e-03
-1.134537e-02
-2.894986e-02
-3.430813e-02
-3.018038e-02
-2.614783e-02
-3.262602e-02
-4.296604e-02
-5.337401e-02
-6.379417e-02
-6.602620e-02
-5.125575e-02
-1.940241e-02
1.440628e-02
3.254669e-02
3.697795e-02
5.005298e-02
7.218208e-02
8.310969e-02
8.384766e-02
6.477428e-02
3.098129e-02
-4.018956e-03
-4.731947e-02
-8.382831e-02
-1.074700e-01
-1.233938e-01
-1.261637e-01
-1.203215e-01
-1.090095e-01
-9.274116e-02
-8.568862e-02
-8.162112e-02
-6.736527e-02
-3.557282e-02
4.768462e-03
2.757577e-02
3.461300e-02
3.044728e-02
2.005705e-02
1.014697e-02
-7.925925e-03
-2.588913e-02
-3.348177e-02
-3.307485e-02
-3.832507e-02
-3.937821e-02
-3.634132e-02
-3.702204e-02
-3.078541e-02
-2.257466e-02
-1.354118e-02
-1.131845e-03
3.522492e-03
-8.947426e-04
-1.369683e-02
-1.436232e-02
-3.882727e-03
3.602069e-03
1.357375e-02
1.511508e-02
-3.972936e-04
-7.667651e-03
-8.854534e-03
-1.219587e-02
-6.462471e-03
-1.654520e-02
-3.818005e-02
-5.115877e-02
-4.984670e-02
-2.758247e-02
4.930233e-03
2.350881e-02
2.311624e-02
1.474751e-02
8.964700e-03
7.445502e-03
1.059845e-03
-5.163274e-04
2.151444e-04
-1.102614e-03
2.223587e-02
5.014895e-02
6.517052e-02
8.170776e-02
8.670624e-02
7.409005e-02
5.859716e-02
4.603324e-02
4.062348e-02
4.198588e-02
3.312297e-02
8.854352e-03
-1.167591e-02
-1.600719e-02
-3.489476e-03
1.058702e-02
1.601503e-02
1.915927e-02
1.137707e-02
-5.099921e-03
-6.529642e-03
-2.921826e-03
1.913720e-02
5.398794e-02
7.433481e-02
8.312323e-02
7.562955e-02
3.647309e-02
-1.351497e-02
-5.341146e-02
-6.686513e-02
-4.120224e-02
2.431550e-04
2.542979e-02
3.439410e-02
2.848134e-02
2.468475e-02
2.462617e-02
1.192857e-02
-9.740774e-03
-3.290474e-02
-5.254319e-02
-6.187334e-02
-6.635303e-02
-7.583859e-02
-8.988133e-02
-1.064449e-01
-1.246669e-01
-1.395324e-01
-1.459508e-01
-1.477539e-01
-1.429115e-01
-1.347313e-01
-1.301343e-01
-1.113635e-01
-7.322407e-02
-2.761890e-02
2.098276e-02
6.051333e-02
9.309113e-02
1.124856e-01
1.222673e-01
1.247011e-01
1.230296e-01
1.174769e-01
1.145378e-01
1.070605e-01
9.433666e-02
7.867639e-02
6.504877e-02
5.800187e-02
5.814675e-02
5.285286e-02
4.669897e-02
4.609047e-02
6.163450e-02
8.647238e-02
1.070077e-01
1.177105e-01
1.213705e-01
1.217054e-01
1.134260e-01
9.041338e-02
5.532919e-02
2.336458e-02
6.448643e-03
7.008507e-03
1.821930e-02
2.047511e-02
7.523765e-03
-1.917171e-02
-4.962775e-02
-7.667285e-02
-8.402568e-02
-7.315107e-02
-5.696107e-02
-3.222144e-02
-9.569267e-03
8.176860e-03
3.863163e-02
5.960385e-02
6.908600e-02
6.741062e-02
4.777015e-02
2.755939e-02
2.609293e-02
3.796569e-02
4.444208e-02
3.470571e-02
1.186639e-02
-1.305078e-02
-1.920075e-02
-3.691670e-03
1.256061e-02
1.278725e-02
-5.519876e-03
-2.822151e-02
-4.564902e-02
-6.183130e-02
-6.823981e-02
-6.927427e-02
-5.500838e-02
-3.192321e-02
-2.664467e-02
-4.046079e-02
-6.454562e-02
-9.610625e-02
-1.152104e-01
-1.088228e-01
-8.177961e-02
-4.461756e-02
-1.980035e-02
-9.772449e-03
-3.117629e-04
4.441951e-03
-1.710859e-03
-1.926065e-02
-3.633028e-02
-4.570052e-02
-4.491086e-02
-3.613431e-02
-2.459665e-02
-2.176621e-02
-3.603700e-02
-5.611664e-02
-7.763160e-02
-8.348743e-02
-6.786159e-02
-3.699643e-02
1.052588e-03
3.063117e-02
4.569812e-02
5.457478e-02
6.312309e-02
7.702586e-02
8.779014e-02
7.601175e-02
4.327556e-02
8.537267e-03
-8.553310e-03
-8.898833e-03
-1.695942e-02
-3.680575e-02
-6.826394e-02
-1.090640e-01
-1.337007e-01
-1.449320e-01
-1.522652e-01
-1.507480e-01
-1.388497e-01
-1.176411e-01
-1.005910e-01
-9.136387e-02
-7.070360e-02
-3.154953e-02
1.257124e-02
4.895966e-02
7.167869e-02
8.777660e-02
9.516625e-02
8.947553e-02
7.494225e-02
6.006322e-02
5.706179e-02
5.511590e-02
4.129253e-02
2.111337e-02
-4.830526e-03
-2.299001e-02
-3.217304e-02
-3.818745e-02
-3.269320e-02
-1.705306e-02
4.177281e-03
2.560402e-02
4.238883e-02
5.367576e-02
6.357355e-02
6.541689e-02
6.025252e-02
5.442421e-02
3.647353e-02
7.730635e-03
-1.673721e-02
-3.166492e-02
-2.817520e-02
-1.330614e-02
-9.561421e-03
-1.637449e-02
-2.694311e-02
-3.640820e-02
-3.123372e-02
-7.496004e-03
2.546950e-02
4.842264e-02
5.082244e-02
3.397263e-02
1.153847e-02
-8.020764e-03
-3.163690e-02
-4.599648e-02
-4.653863e-02
-4.676651e-02
-4.868695e-02
-4.553374e-02
-2.584492e-02
-7.893462e-03
-9.015256e-03
-1.761294e-02
-1.898202e-02
-3.369963e-03
1.155299e-02
4.264690e-03
-9.101829e-03
-1.473306e-02
-5.847452e-03
1.598899e-02
3.018772e-02
3.782330e-02
4.871017e-02
6.033447e-02
7.991500e-02
1.040007e-01
1.192851e-01
1.272005e-01
1.240091e-01
1.035785e-01
8.921541e-02
9.685545e-02
1.151337e-01
1.277727e-01
1.153587e-01
6.360228e-02
-1.402284e-03
-3.885398e-02
-4.831926e-02
-4.154246e-02
-3.883861e-02
-4.752760e-02
-5.398198e-02
-6.164504e-02
-5.662089e-02
-1.851912e-02
2.335103e-02
4.518895e-02
4.559442e-02
3.139583e-02
3.055503e-02
5.798539e-02
9.031003e-02
1.139210e-01
1.317483e-01
1.347560e-01
1.237181e-01
1.103360e-01
9.835620e-02
8.735971e-02
7.647991e-02
6.284844e-02
5.055997e-02
3.951204e-02
2.095115e-02
-2.875624e-03
-2.948915e-02
-5.427384e-02
-8.021545e-02
-1.096670e-01
-1.337682e-01
-1.429884e-01
-1.344123e-01
-1.120364e-01
-8.058531e-02
-5.129654e-02
-2.844971e-02
-1.413061e-02
-1.063740e-02
-1.837524e-02
-1.992863e-02
-1.178643e-02
3.880934e-03
3.530309e-02
7.087837e-02
9.038585e-02
8.510946e-02
4.721656e-02
5.520039e-04
-2.233458e-02
-2.739620e-02
-2.001218e-02
5.654802e-03
2.867864e-02
3.710835e-02
3.138201e-02
1.156034e-02
-1.029938e-02
-3.105537e-02
-4.400805e-02
-4.033448e-02
-1.759288e-02
1.197906e-02
3.070827e-02
3.451840e-02
3.016620e-02
1.861069e-02
1.119888e-02
1.907826e-02
2.898617e-02
2.709582e-02
6.541298e-03
-2.767631e-02
-5.773431e-02
-7.845884e-02
-9.753064e-02
-1.186434e-01
-1.325020e-01
-1.395126e-01
-1.267273e-01
-8.474562e-02
-4.531044e-02
-2.502796e-02
-2.241768e-02
-2.717796e-02
-2.579408e-02
-2.307835e-02
-2.291668e-02
-2.182228e-02
-1.415625e-02
-9.267391e-03
-6.655888e-03
-3.783121e-03
-1.409411e-03
-6.612438e-03
-1.950789e-02
-1.623414e-02
6.349061e-03
2.409325e-02
3.195880e-02
3.858011e-02
5.190066e-02
6.754191e-02
7.700456e-02
8.299336e-02
9.206777e-02
1.012931e-01
1.080850e-01
1.116974e-01
1.040923e-01
9.395568e-02
9.013393e-02
8.737572e-02
8.581916e-02
8.611810e-02
8.312754e-02
7.406798e-02
5.382759e-02
3.184355e-02
1.641990e-02
5.037538e-03
-7.937921e-03
-2.459513e-02
-3.871956e-02
-5.382271e-02
-7.773698e-02
-9.667974e-02
-9.814127e-02
-8.669175e-02
-7.038795e-02
-6.981912e-02
-8.970809e-02
-1.112540e-01
-1.260661e-01
-1.286697e-01
-1.122059e-01
-8.186915e-02
-4.860134e-02
-3.087194e-02
-3.610216e-02
-5.323155e-02
-6.414920e-02
-6.275603e-02
-5.200125e-02
-3.268227e-02
-1.494731e-02
1.259481e-03
7.640869e-03
4.690930e-03
4.104348e-03
4.088194e-03
6.937874e-04
-3.106897e-03
-2.611288e-03
5.567394e-03
2.148446e-02
3.870135e-02
4.751769e-02
4.028132e-02
2.215615e-02
-1.963769e-03
-2.760454e-02
-4.549887e-02
-5.165007e-02
-5.190970e-02
-5.717886e-02
-6.713536e-02
-7.721651e-02
-8.505629e-02
-8.687180e-02
-8.329317e-02
-8.112810e-02
-7.776663e-02
-6.587157e-02
-5.463560e-02
-4.663248e-02
-4.213543e-02
-3.270236e-02
-9.384905e-03
1.752135e-02
3.893406e-02
5.564856e-02
6.607415e-02
7.158965e-02
7.466515e-02
7.041581e-02
6.294362e-02
4.073364e-02
6.747613e-03
-6.466185e-03
3.842669e-03
2.530852e-02
4.369498e-02
3.810835e-02
7.745464e-03
-3.038218e-02
-6.076858e-02
-7.622534e-02
-7.765025e-02
-6.887365e-02
-5.831009e-02
-5.339410e-02
-5.355464e-02
-5.635052e-02
-5.688734e-02
-5.583844e-02
-5.368997e-02
-4.609066e-02
-3.162860e-02
-1.347952e-02
9.815504e-05
4.642469e-03
4.188364e-03
5.839956e-03
1.070365e-02
1.674059e-02
1.511914e-02
1.374575e-02
1.938585e-02
2.641801e-02
3.459629e-02
3.786646e-02
3.973852e-02
4.085673e-02
3.663140e-02
3.562135e-02
3.971097e-02
4.958098e-02
6.170908e-02
6.621077e-02
6.362911e-02
5.992406e-02
5.313969e-02
4.538693e-02
4.043395e-02
3.867692e-02
4.267971e-02
5.367445e-02
6.720802e-02
8.023622e-02
9.242839e-02
9.888694e-02
9.938714e-02
8.827754e-02
6.313871e-02
3.619677e-02
1.424203e-02
3.764541e-03
9.474113e-03
2.561318e-02
4.236794e-02
5.222660e-02
5.225167e-02
4.581424e-02
3.881722e-02
3.340958e-02
2.222986e-02
1.068958e-02
8.285858e-03
1.083733e-02
1.204351e-02
1.251500e-02
1.176982e-02
1.233608e-03
-1.585257e-02
-2.979286e-02
-3.852507e-02
-4.048922e-02
-3.565446e-02
-2.938630e-02
-2.095519e-02
2.609985e-03
3.956694e-02
6.924443e-02
8.513362e-02
8.539769e-02
6.804009e-02
4.695966e-02
3.723052e-02
4.255356e-02
5.409814e-02
6.439487e-02
6.637481e-02
5.421399e-02
3.005344e-02
2.320117e-03
-2.335400e-02
-4.162409e-02
-5.374261e-02
-5.870007e-02
-6.034639e-02
-5.560817e-02
-4.527937e-02
-3.635372e-02
-2.920706e-02
-2.615417e-02
-2.394211e-02
-2.694246e-02
-3.964453e-02
-5.694909e-02
-7.010100e-02
-6.873669e-02
-5.744927e-02
-4.765473e-02
-4.251572e-02
-3.800977e-02
-2.907635e-02
-2.121310e-02
-1.267045e-02
-4.233965e-03
-8.164918e-04
5.916509e-03
1.456409e-02
2.253300e-02
3.163102e-02
3.784755e-02
4.510160e-02
4.817774e-02
4.732318e-02
4.109377e-02
2.679158e-02
1.206306e-02
-1.445787e-03
-7.318255e-03
-8.046976e-05
5.069591e-03
1.173364e-03
-3.089033e-03
-5.044232e-03
2.828133e-04
5.994534e-03
7.695121e-03
1.335162e-03
-1.239236e-02
-2.006396e-02
-2.977958e-02
-4.264123e-02
-4.926825e-02
-4.915071e-02
-4.481817e-02
-3.596567e-02
-3.115105e-02
-3.796137e-02
-5.119057e-02
-5.890452e-02
-5.533667e-02
-3.864658e-02
-1.444370e-02
7.496197e-04
6.954479e-03
1.796872e-02
3.069743e-02
3.870803e-02
3.611436e-02
2.232344e-02
4.572681e-03
-6.855612e-03
-1.063053e-02
-6.922479e-03
2.433688e-03
1.212287e-02
1.263649e-02
9.954301e-03
2.053704e-02
3.076823e-02
3.162231e-02
3.064719e-02
2.757509e-02
2.710486e-02
2.616826e-02
1.739703e-02
1.192298e-02
8.860708e-03
2.209691e-03
-9.217891e-03
-2.695551e-02
-4.319474e-02
-5.414328e-02
-6.519005e-02
-7.300677e-02
-8.118457e-02
-9.062573e-02
-9.695661e-02
-1.011966e-01
-1.010313e-01
-1.011671e-01
-1.020303e-01
-9.510615e-02
-7.242142e-02
-3.964802e-02
-1.591262e-02
-3.604444e-03
8.443511e-04
-1.340746e-03
-3.188920e-03
8.269177e-04
8.059110e-03
1.174407e-02
1.073331e-02
1.007839e-02
1.567886e-02
2.517376e-02
3.659436e-02
4.669182e-02
5.095549e-02
5.273466e-02
4.974812e-02
4.573661e-02
4.465978e-02
4.760362e-02
5.456960e-02
6.178426e-02
6.331475e-02
5.850839e-02
4.230424e-02
1.624163e-02
-1.112723e-02
-3.296399e-02
-4.391658e-02
-4.618141e-02
-4.471807e-02
-4.484429e-02
-4.947762e-02
-5.573095e-02
-6.376613e-02
-6.425173e-02
-4.976988e-02
-3.346381e-02
-2.475285e-02
-2.433057e-02
-2.304758e-02
-1.817733e-02
-1.535217e-02
-1.659315e-02
-2.140071e-02
-2.374715e-02
-2.044209e-02
-1.513417e-02
-1.219100e-02
-1.412445e-02
-2.345398e-02
-3.288907e-02
-3.598054e-02
-3.285125e-02
-2.674300e-02
-2.108843e-02
-1.742244e-02
-1.115741e-02
2.199398e-03
2.196284e-02
4.167968e-02
5.518832e-02
6.169170e-02
6.120808e-02
5.288040e-02
4.075972e-02
2.753212e-02
1.749264e-02
1.021314e-02
3.303471e-03
-6.681160e-03
-2.043421e-02
-3.291843e-02
-4.141768e-02
-4.517686e-02
-4.058599e-02
-3.748696e-02
-3.737397e-02
-3.287018e-02
-2.627230e-02
-1.236935e-02
6.820695e-03
2.082037e-02
3.508703e-02
4.276037e-02
4.222184e-02
4.738473e-02
5.089067e-02
4.977624e-02
4.741567e-02
4.308386e-02
4.673600e-02
5.959809e-02
7.031909e-02
7.917643e-02
8.439948e-02
8.002582e-02
7.433055e-02
6.818679e-02
6.358517e-02
6.240135e-02
5.514991e-02
3.920771e-02
2.234728e-02
1.032088e-02
5.711651e-03
3.100140e-03
-4.950413e-03
-1.651302e-02
-3.140447e-02
-4.289453e-02
-4.859724e-02
-5.353501e-02
-5.778109e-02
-6.413027e-02
-7.214969e-02
-7.762377e-02
-7.749376e-02
-6.658582e-02
-4.843667e-02
-2.834478e-02
-1.034923e-02
6.741723e-04
3.480516e-04
-1.313625e-02
-3.048531e-02
-3.812926e-02
-3.098791e-02
-1.315473e-02
7.568437e-03
2.639239e-02
4.014673e-02
4.748438e-02
4.984588e-02
4.857723e-02
5.004229e-02
5.324092e-02
5.589616e-02
5.993823e-02
5.715486e-02
4.163848e-02
2.193968e-02
8.849867e-03
1.066982e-02
2.423889e-02
4.048751e-02
5.356501e-02
6.045119e-02
6.340905e-02
6.501979e-02
6.248402e-02
6.005355e-02
5.770964e-02
4.809369e-02
3.526133e-02
2.582195e-02
1.774274e-02
1.004237e-02
-6.357359e-04
-1.775046e-02
-4.054792e-02
-6.431908e-02
-8.317080e-02
-9.205844e-02
-8.825173e-02
-7.479614e-02
-6.125585e-02
-4.922232e-02
-3.827413e-02
-3.548126e-02
-3.280141e-02
-2.641078e-02
-2.231234e-02
-1.168391e-02
3.994496e-03
1.861628e-02
2.993642e-02
3.146138e-02
2.280792e-02
9.805913e-03
-6.679541e-03
-1.727665e-02
-1.919883e-02
-1.572786e-02
-9.412092e-03
-6.608073e-03
-9.887432e-03
-1.841763e-02
-3.156126e-02
-4.249600e-02
-4.516683e-02
-3.979827e-02
-2.658356e-02
-9.079638e-03
2.403292e-03
7.558245e-03
9.645745e-03
1.194329e-02
2.066300e-02
2.934901e-02
3.684746e-02
4.147451e-02
3.880186e-02
2.945885e-02
1.305313e-02
-8.701012e-04
-2.588412e-03
1.881378e-03
5.337976e-03
2.116485e-03
-6.871988e-03
-1.649486e-02
-2.509475e-02
-2.459734e-02
-1.532656e-02
-6.125599e-03
6.616130e-04
3.450276e-04
-6.201085e-03
-1.200922e-02
-1.798449e-02
-2.033954e-02
-1.866747e-02
-1.413057e-02
-9.542485e-03
-9.422831e-03
-1.100860e-02
-1.299077e-02
-1.447071e-02
-9.728049e-03
-2.375661e-03
-2.044785e-04
-3.259845e-03
-6.935769e-03
-8.680040e-03
-9.099086e-03
-1.041795e-02
-1.186083e-02
-1.132837e-02
-1.087562e-02
-5.934041e-03
-1.438418e-04
-2.154963e-04
-3.467252e-03
-1.034189e-02
-1.671163e-02
-1.768107e-02
-1.987928e-02
-2.392768e-02
-2.499789e-02
-2.329209e-02
-1.994955e-02
-1.563849e-02
-1.096171e-02
-9.873794e-03
-1.524426e-02
-1.993932e-02
-1.980415e-02
-1.477697e-02
-6.344148e-03
1.310012e-04
5.429156e-03
8.448839e-03
6.139860e-03
-6.167436e-04
-8.072793e-03
-1.082610e-02
-7.137411e-03
-1.834472e-03
3.698299e-03
8.179300e-03
1.325860e-02
1.885209e-02
2.522435e-02
2.947806e-02
2.967617e-02
2.880818e-02
2.351237e-02
1.703147e-02
1.393225e-02
1.232277e-02
1.501802e-02
1.770422e-02
1.427608e-02
7.963832e-03
3.772326e-03
7.257427e-04
1.732830e-03
2.948720e-03
1.473403e-03
4.097284e-03
1.117540e-02
1.900040e-02
2.619709e-02
3.275835e-02
3.754496e-02
3.952532e-02
4.011170e-02
3.835498e-02
2.993372e-02
1.945864e-02
1.105260e-02
6.598150e-03
6.499706e-03
4.581464e-03
-2.136231e-03
-1.225376e-02
-2.061107e-02
-2.485785e-02
-2.516039e-02
-2.035714e-02
-1.540206e-02
-1.266654e-02
-9.763024e-03
-5.851101e-03
-3.225086e-03
-2.279465e-04
4.751928e-03
7.352730e-03
1.029047e-02
1.422777e-02
1.604757e-02
1.945237e-02
2.411219e-02
2.597219e-02
2.525116e-02
2.182018e-02
1.529196e-02
5.097041e-03
-5.316857e-03
-1.139441e-02
-1.015533e-02
-4.059816e-03
6.806620e-04
-1.947663e-03
-9.070563e-03
-1.256969e-02
-7.335435e-03
5.943507e-03
1.995845e-02
3.032239e-02
3.698955e-02
3.877336e-02
4.096778e-02
4.431892e-02
4.671176e-02
4.558517e-02
4.125406e-02
3.697550e-02
3.033251e-02
2.128524e-02
1.418732e-02
1.020501e-02
1.078878e-02
1.498478e-02
1.843214e-02
2.032086e-02
1.645295e-02
8.277774e-03
2.636412e-03
-5.699534e-04
-4.190602e-03
-7.339448e-03
-1.211235e-02
-1.629567e-02
-1.836504e-02
-2.066967e-02
-2.287566e-02
-2.456579e-02
-2.806848e-02
-3.092179e-02
-3.458129e-02
-4.007302e-02
-4.324756e-02
-4.618986e-02
-4.259998e-02
-3.126383e-02
-1.818466e-02
-5.033097e-03
4.804081e-03
8.483832e-03
8.128664e-03
6.895266e-03
7.762659e-03
1.416697e-02
2.162544e-02
2.650426e-02
2.623824e-02
2.345355e-02
2.466597e-02
2.740603e-02
2.778778e-02
2.740113e-02
2.623312e-02
2.161445e-02
1.773013e-02
1.620468e-02
1.609959e-02
1.514270e-02
9.250627e-03
2.143746e-03
-3.282271e-03
-7.527328e-03
-9.724181e-03
-1.597109e-02
-2.621920e-02
-3.388427e-02
-3.843238e-02
-3.898650e-02
-3.367874e-02
-2.736447e-02
-1.975179e-02
-1.311559e-02
-1.120163e-02
-1.183287e-02
-1.380619e-02
-1.425970e-02
-1.030914e-02
-3.850013e-03
1.567419e-03
3.420418e-03
2.069817e-03
-1.057214e-03
-3.053439e-03
-3.473115e-03
-3.123910e-03
-2.851030e-03
-9.619522e-04
6.562634e-03
1.695193e-02
2.481788e-02
2.661930e-02
1.885373e-02
3.760111e-03
-8.560855e-03
-1.309229e-02
-1.436879e-02
-1.579656e-02
-1.576548e-02
-1.410087e-02
-1.107518e-02
-8.693816e-03
-8.020971e-03
-5.232805e-03
-1.481917e-03
4.204845e-03
1.338377e-02
2.308054e-02
3.011200e-02
3.338464e-02
3.336641e-02
3.035924e-02
2.928974e-02
2.892050e-02
2.669098e-02
2.172828e-02
1.155971e-02
8.682030e-04
-7.214124e-03
-1.436916e-02
-1.930738e-02
-2.366503e-02
-2.671989e-02
-2.751804e-02
-2.883647e-02
-3.039653e-02
-3.275964e-02
-3.328993e-02
-3.452605e-02
-3.795653e-02
-4.140825e-02
-4.325264e-02
-4.120522e-02
-3.900456e-02
-3.682896e-02
-3.261202e-02
-2.824744e-02
-2.251124e-02
-1.727647e-02
-1.678401e-02
-1.961265e-02
-2.311992e-02
-2.567164e-02
-2.623033e-02
-2.717632e-02
-2.743666e-02
-2.557233e-02
-2.323728e-02
-1.924828e-02
-1.431090e-02
-8.200876e-03
-1.041777e-03
4.410482e-03
8.153891e-03
9.113703e-03
6.781606e-03
3.169952e-03
5.000936e-05
-1.730272e-03
-1.676173e-03
-1.710320e-03
-6.669801e-06
3.668954e-03
6.464307e-03
8.370344e-03
8.401889e-03
6.449553e-03
4.306291e-03
5.317479e-04
-3.404601e-03
-8.787273e-03
-1.718233e-02
-2.540747e-02
-3.019290e-02
-3.006144e-02
-2.512599e-02
-1.836387e-02
-1.363980e-02
-1.241601e-02
-1.463624e-02
-1.995596e-02
-2.606180e-02
-3.035385e-02
-3.141719e-02
-2.953474e-02
-2.666426e-02
-2.527976e-02
-2.445414e-02
-2.177584e-02
-1.694665e-02
-1.292501e-02
-1.037490e-02
-8.594886e-03
-8.479358e-03
-9.934931e-03
-1.109165e-02
-1.167208e-02
-1.154627e-02
-1.041303e-02
-9.034134e-03
-7.050819e-03
-4.449634e-03
-1.967844e-03
-2.804632e-03
-9.227046e-03
-1.833410e-02
-2.560142e-02
-2.615780e-02
-2.066437e-02
-1.386561e-02
-8.754527e-03
-5.131773e-03
-2.284135e-03
6.555031e-04
5.715019e-03
1.275259e-02
1.867300e-02
2.338842e-02
2.804365e-02
3.313490e-02
4.011694e-02
4.715529e-02
5.140483e-02
5.337521e-02
5.321092e-02
5.087445e-02
4.763065e-02
4.562744e-02
4.425823e-02
4.220547e-02
4.175498e-02
4.126989e-02
3.891452e-02
3.606222e-02
3.330642e-02
3.078906e-02
2.786427e-02
2.254300e-02
1.772926e-02
1.470381e-02
1.470278e-02
1.634369e-02
1.741921e-02
1.979281e-02
2.237200e-02
2.291746e-02
2.191800e-02
2.315353e-02
2.538438e-02
2.694744e-02
2.944569e-02
3.114482e-02
3.227858e-02
3.411557e-02
3.476718e-02
3.339774e-02
3.312672e-02
3.373197e-02
3.362113e-02
3.223426e-02
2.869164e-02
2.492215e-02
1.893125e-02
1.385076e-02
1.269830e-02
1.252794e-02
1.222373e-02
1.197107e-02
1.161860e-02
1.449080e-02
2.096063e-02
2.812350e-02
3.277472e-02
3.453506e-02
3.414005e-02
3.382681e-02
3.543189e-02
3.795834e-02
3.946757e-02
3.971687e-02
3.696444e-02
3.165381e-02
2.673931e-02
2.227845e-02
1.884877e-02
1.602355e-02
1.085112e-02
3.644649e-03
-2.849684e-03
-8.159110e-03
-1.237742e-02
-1.432055e-02
-1.524680e-02
-1.537879e-02
-1.800963e-02
-2.033524e-02
-1.972329e-02
-1.674524e-02
-1.034710e-02
-4.306809e-03
5.885141e-04
5.413265e-03
7.303748e-03
8.168562e-03
8.746716e-03
7.677491e-03
8.488957e-03
1.121985e-02
1.383836e-02
1.725881e-02
1.898585e-02
1.668341e-02
1.165007e-02
5.386558e-03
1.249320e-03
-1.512397e-03
-3.879979e-03
-4.456752e-03
-4.937533e-03
-5.667216e-03
-4.834436e-03
-4.555123e-03
-4.852203e-03
-8.815704e-03
-1.490164e-02
-1.958818e-02
-2.307880e-02
-2.526802e-02
-2.660308e-02
-2.791527e-02
-2.787402e-02
-2.803216e-02
-2.861148e-02
-2.915396e-02
-2.981170e-02
-3.213960e-02
-3.703976e-02
-4.248429e-02
-4.537420e-02
-4.414193e-02
-3.968872e-02
-3.344564e-02
-2.794009e-02
-2.490920e-02
-2.481018e-02
-2.515497e-02
-2.472178e-02
-1.946707e-02
-1.180404e-02
-4.450120e-03
8.374503e-04
3.586274e-03
4.185436e-03
3.377489e-03
2.681296e-04
-3.103102e-03
-5.243513e-03
-7.745109e-03
-1.054038e-02
-1.297092e-02
-1.501241e-02
-1.640806e-02
-1.771952e-02
-1.928533e-02
-2.112910e-02
-2.468769e-02
-2.812559e-02
-2.781379e-02
-2.450039e-02
-2.171839e-02
-1.983480e-02
-1.781763e-02
-1.414512e-02
-1.079479e-02
-8.126546e-03
-5.013362e-03
-1.522477e-03
-1.025548e-04
-4.021997e-04
-2.462983e-03
-5.141039e-03
-7.093666e-03
-1.044375e-02
-1.187999e-02
-1.129556e-02
-1.067412e-02
-1.177146e-02
-1.480833e-02
-1.943121e-02
-2.377808e-02
-2.649841e-02
-2.867957e-02
-3.035219e-02
-3.190383e-02
-3.306605e-02
-3.357220e-02
-3.408987e-02
-3.446973e-02
-3.339059e-02
-3.333741e-02
-3.429274e-02
-3.509418e-02
-3.537571e-02
-3.420885e-02
-3.071790e-02
-2.358138e-02
-1.440280e-02
-4.861751e-03
2.828272e-03
7.336322e-03
8.535048e-03
7.765468e-03
6.653807e-03
6.256388e-03
7.395218e-03
8.533866e-03
8.134246e-03
5.222656e-03
-2.570721e-04
-6.548032e-03
-1.280818e-02
-1.743525e-02
-1.992484e-02
-2.066724e-02
-2.034780e-02
-1.977182e-02
-1.869481e-02
-1.725939e-02
-1.611242e-02
-1.406208e-02
-1.139405e-02
-8.464326e-03
-5.967902e-03
-4.660862e-03
-3.825337e-03
-2.210240e-03
-4.587930e-04
1.323269e-03
1.443026e-03
-1.367043e-03
-3.524982e-03
-2.203829e-03
3.145751e-03
9.072021e-03
1.356569e-02
1.516820e-02
1.428093e-02
1.284389e-02
1.268929e-02
1.404524e-02
1.623254e-02
1.778141e-02
1.837384e-02
1.886037e-02
1.934652e-02
2.021898e-02
2.154425e-02
2.282584e-02
2.319189e-02
2.333809e-02
2.390863e-02
2.551024e-02
2.686624e-02
2.758388e-02
2.641126e-02
2.155807e-02
1.547270e-02
9.876328e-03
5.911772e-03
4.813036e-03
5.122470e-03
6.384384e-03
8.212318e-03
1.072930e-02
1.280576e-02
1.454963e-02
1.535068e-02
1.592051e-02
1.731964e-02
1.970315e-02
2.229953e-02
2.480396e-02
2.608924e-02
2.625658e-02
2.606557e-02
2.389481e-02
2.142736e-02
2.028706e-02
1.955280e-02
1.812896e-02
1.663478e-02
1.542444e-02
1.466937e-02
1.405086e-02
1.326092e-02
1.389302e-02
1.593459e-02
1.870006e-02
2.029759e-02
2.079622e-02
2.090031e-02
2.076186e-02
2.075999e-02
1.916218e-02
1.578994e-02
1.074233e-02
5.500054e-03
1.262580e-03
-1.331257e-04
1.727044e-03
3.775716e-03
4.832242e-03
4.311873e-03
5.103698e-03
8.488436e-03
1.424295e-02
1.942617e-02
2.243078e-02
2.386390e-02
2.306216e-02
2.277374e-02
2.322223e-02
2.273016e-02
2.286943e-02
2.331540e-02
2.357813e-02
2.367173e-02
2.390319e-02
2.102306e-02
1.602496e-02
1.058967e-02
6.556663e-03
5.042414e-03
6.051636e-03
7.813813e-03
9.009308e-03
8.539501e-03
6.913717e-03
6.025218e-03
6.615328e-03
7.178109e-03
6.891476e-03
5.318602e-03
3.194943e-03
6.365956e-04
-1.300904e-03
-2.513920e-03
-3.198637e-03
-3.353512e-03
-3.154182e-03
-1.984437e-03
-8.107497e-04
-1.017962e-05
8.333629e-05
-1.376878e-03
-3.864844e-03
-5.992390e-03
-7.678391e-03
-9.539954e-03
-1.091408e-02
-1.072746e-02
-9.352024e-03
-7.865401e-03
-7.320786e-03
-7.234141e-03
-6.023242e-03
-3.730211e-03
-1.630423e-05
3.848392e-03
7.378495e-03
9.325794e-03
9.928351e-03
1.073404e-02
1.213489e-02
1.394762e-02
1.471014e-02
1.359209e-02
1.127070e-02
8.203970e-03
4.172439e-03
-5.808007e-04
-5.899319e-03
-1.088437e-02
-1.473352e-02
-1.580474e-02
-1.474321e-02
-1.332967e-02
-1.227912e-02
-1.362860e-02
-1.612503e-02
-1.861602e-02
-2.031904e-02
-2.008941e-02
-1.882094e-02
-1.669278e-02
-1.412928e-02
-1.162528e-02
-1.132386e-02
-1.182110e-02
-1.309360e-02
-1.524775e-02
-1.606409e-02
-1.639134e-02
-1.557911e-02
-1.460638e-02
-1.451093e-02
-1.501195e-02
-1.451707e-02
-1.563034e-02
-1.749454e-02
-1.930948e-02
-2.067595e-02
-2.012909e-02
-1.768512e-02
-1.512626e-02
-1.326218e-02
-1.170429e-02
-9.830483e-03
-8.661882e-03
-8.196314e-03
-9.278486e-03
-1.176561e-02
-1.423754e-02
-1.570525e-02
-1.600644e-02
-1.729210e-02
-1.974336e-02
-2.281882e-02
-2.493597e-02
-2.432853e-02
-2.232439e-02
-2.075993e-02
-2.012066e-02
-2.085056e-02
-2.268827e-02
-2.434411e-02
-2.489770e-02
-2.429657e-02
-2.176807e-02
-1.749460e-02
-1.247860e-02
-8.285075e-03
-4.437052e-03
-8.220488e-04
2.162689e-03
4.257775e-03
6.939010e-03
1.023561e-02
1.346905e-02
1.593479e-02
1.740957e-02
1.866153e-02
1.861536e-02
1.679668e-02
1.295136e-02
8.441904e-03
4.839139e-03
2.155600e-03
4.330221e-05
-1.851493e-03
-3.118107e-03
-5.314945e-03
-7.724966e-03
-1.005623e-02
-1.285377e-02
-1.544169e-02
-1.797592e-02
-2.050499e-02
-2.144085e-02
-2.143790e-02
-2.087537e-02
-1.947529e-02
-1.875828e-02
-1.787409e-02
-1.582311e-02
-1.260186e-02
-9.196482e-03
-7.625642e-03
-7.275020e-03
-6.601094e-03
-5.083599e-03
-2.200021e-03
8.945290e-04
3.164604e-03
3.747984e-03
2.479655e-03
-9.071756e-05
-2.127815e-03
-3.647675e-03
-4.841827e-03
-4.934860e-03
-3.404087e-03
-4.819237e-04
2.053771e-03
2.841895e-03
1.640906e-03
-3.664570e-04
-2.363403e-03
-4.254536e-03
-4.876566e-03
-4.223787e-03
-3.542196e-03
-3.510981e-03
-3.299642e-03
-2.642513e-03
-1.739392e-03
-4.008289e-04
1.538588e-03
4.043314e-03
7.311333e-03
9.069887e-03
9.201174e-03
8.725786e-03
7.615254e-03
7.529117e-03
8.314893e-03
9.686365e-03
1.059523e-02
1.007567e-02
8.973859e-03
7.864705e-03
6.429039e-03
5.658904e-03
5.057016e-03
4.450866e-03
4.135170e-03
3.719062e-03
2.810749e-03
2.221277e-03
7.837928e-04
-1.549725e-03
-4.864638e-03
-7.339046e-03
-7.600011e-03
-6.627485e-03
-4.653100e-03
-1.973062e-03
3.448701e-04
2.503369e-03
3.209952e-03
2.374351e-03
1.529922e-03
9.932364e-04
2.697717e-03
6.243854e-03
1.085900e-02
1.507646e-02
1.755904e-02
1.978264e-02
2.322470e-02
2.679043e-02
2.962581e-02
3.154772e-02
3.258140e-02
3.326038e-02
3.358368e-02
3.354720e-02
3.326647e-02
3.195719e-02
2.987577e-02
2.693434e-02
2.450316e-02
2.099179e-02
1.747766e-02
1.386739e-02
1.085620e-02
9.988097e-03
1.020281e-02
1.095388e-02
1.185811e-02
1.270486e-02
1.365455e-02
1.455805e-02
1.457390e-02
1.354109e-02
1.104579e-02
8.073023e-03
5.323856e-03
2.796206e-03
-6.146272e-04
-4.049596e-03
-8.046449e-03
-1.188831e-02
-1.490495e-02
-1.730204e-02
-1.818785e-02
-1.790217e-02
-1.868760e-02
-1.935728e-02
-1.925508e-02
-1.856304e-02
-1.627061e-02
-1.304252e-02
-9.566467e-03
-7.217738e-03
-6.564233e-03
-5.361610e-03
-3.665544e-03
-1.925555e-03
-8.535523e-04
-1.207550e-03
-1.706312e-03
-1.598465e-03
-7.968461e-04
7.210714e-05
9.664986e-04
1.776867e-03
2.157860e-03
2.805883e-03
5.284079e-03
7.951967e-03
1.013098e-02
1.214658e-02
1.393699e-02
1.729479e-02
2.121126e-02
2.390231e-02
2.453885e-02
2.268211e-02
1.902352e-02
1.560619e-02
1.278801e-02
1.034017e-02
8.311970e-03
5.157352e-03
1.420857e-03
-2.842176e-03
-6.399735e-03
-8.519597e-03
-1.086600e-02
-1.222475e-02
-1.297623e-02
-1.380655e-02
-1.390481e-02
-1.342595e-02
-1.258123e-02
-1.125033e-02
-9.567540e-03
-7.919282e-03
-7.144642e-03
-6.761335e-03
-6.802818e-03
-7.731415e-03
-8.532506e-03
-9.960810e-03
-1.232956e-02
-1.395444e-02
-1.609356e-02
-1.798286e-02
-1.947232e-02
-2.095555e-02
-2.214610e-02
-2.371549e-02
-2.558995e-02
-2.737600e-02
-2.878903e-02
-2.888251e-02
-2.781374e-02
-2.598864e-02
-2.287014e-02
-1.988381e-02
-1.772092e-02
-1.492370e-02
-1.212422e-02
-8.961344e-03
-5.778860e-03
-4.307556e-03
-3.086272e-03
-1.913891e-03
-7.680142e-04
-1.195796e-04
-4.995123e-04
-1.450204e-03
-2.187788e-03
-1.671304e-03
-4.777481e-05
9.359168e-04
1.579707e-03
4.216741e-04
-1.616148e-03
-2.148902e-03
-1.607032e-03
4.333955e-04
3.321537e-03
5.494253e-03
6.969102e-03
7.807492e-03
7.873161e-03
6.767611e-03
4.127428e-03
1.803135e-03
2.754747e-06
-6.595416e-04
-1.687733e-03
-3.642188e-03
-5.705277e-03
-8.121156e-03
-9.926604e-03
-1.110005e-02
-1.208045e-02
-1.327716e-02
-1.465426e-02
-1.543971e-02
-1.578802e-02
-1.572878e-02
-1.430480e-02
-1.242035e-02
-9.951944e-03
-7.754029e-03
-6.427111e-03
-7.018182e-03
-8.064108e-03
-9.479613e-03
-1.003201e-02
-1.038181e-02
-1.036237e-02
-9.733318e-03
-9.563556e-03
-9.124600e-03
-9.098316e-03
-9.637488e-03
-1.012139e-02
-9.948798e-03
-8.970888e-03
-6.435975e-03
-3.597090e-03
-3.818088e-04
2.957530e-03
5.151949e-03
6.052291e-03
5.161637e-03
2.600777e-03
2.240854e-04
-1.208183e-03
-2.303033e-03
-1.938703e-03
-2.091545e-03
-4.105156e-03
-7.862322e-03
-1.290716e-02
-1.840608e-02
-2.216037e-02
-2.401113e-02
-2.477173e-02
-2.473344e-02
-2.448547e-02
-2.403616e-02
-2.311370e-02
-2.164604e-02
-1.980705e-02
-1.710468e-02
-1.333757e-02
-9.005764e-03
-5.024326e-03
-1.071362e-03
2.285655e-03
4.068388e-03
4.703689e-03
4.553686e-03
5.117286e-03
6.129203e-03
7.431281e-03
8.045402e-03
8.655570e-03
9.372366e-03
1.003367e-02
1.109038e-02
1.254489e-02
1.394915e-02
1.482161e-02
1.647353e-02
1.844432e-02
2.078714e-02
2.295641e-02
2.389184e-02
2.395382e-02
2.346411e-02
2.214311e-02
2.175321e-02
2.212636e-02
2.356396e-02
2.535538e-02
2.683211e-02
2.807827e-02
2.909804e-02
3.010325e-02
3.036537e-02
3.014102e-02
3.037055e-02
3.082678e-02
3.174976e-02
3.274411e-02
3.140916e-02
2.817490e-02
2.346591e-02
1.927414e-02
1.718187e-02
1.635664e-02
1.649999e-02
1.602108e-02
1.413414e-02
1.195115e-02
9.578690e-03
7.697330e-03
5.776699e-03
4.408981e-03
4.335982e-03
4.851849e-03
5.221802e-03
6.054644e-03
6.600078e-03
6.852977e-03
6.535381e-03
6.649279e-03
6.969363e-03
6.676974e-03
5.371252e-03
4.401297e-03
4.055120e-03
4.511547e-03
5.992915e-03
7.141636e-03
7.427191e-03
6.610005e-03
4.780927e-03
3.480342e-03
3.082733e-03
3.693442e-03
4.654671e-03
4.396993e-03
3.309183e-03
2.237886e-03
9.689581e-04
1.034864e-03
2.382852e-03
2.703966e-03
1.547917e-03
5.169477e-04
-1.830208e-04
-1.067868e-03
-3.896842e-04
1.279954e-03
4.276753e-03
7.148929e-03
8.768704e-03
9.831112e-03
1.107622e-02
1.388072e-02
1.720205e-02
2.016101e-02
2.186980e-02
2.248645e-02
2.204267e-02
2.060390e-02
1.823243e-02
1.570919e-02
1.456605e-02
1.326353e-02
1.202494e-02
1.011026e-02
6.075724e-03
3.051258e-03
3.002262e-03
4.849829e-03
6.792710e-03
6.333487e-03
4.206394e-03
1.621606e-03
-8.714627e-04
-1.721941e-03
5.645280e-04
3.029594e-03
3.888056e-03
3.277988e-03
2.432351e-03
1.026087e-03
2.025056e-04
-5.612813e-04
-1.270709e-03
-3.099057e-03
-5.300350e-03
-6.693095e-03
-8.890856e-03
-1.212196e-02
-1.573123e-02
-1.828571e-02
-1.944204e-02
-2.070766e-02
-2.205429e-02
-2.357812e-02
-2.478393e-02
-2.547898e-02
-2.527009e-02
-2.355991e-02
-2.089236e-02
-1.826632e-02
-1.618158e-02
-1.548489e-02
-1.518755e-02
-1.448218e-02
-1.311092e-02
-1.144533e-02
-1.006643e-02
-8.036726e-03
-6.223389e-03
-4.743641e-03
-4.184728e-03
-4.885311e-03
-4.985640e-03
-4.276870e-03
-3.893213e-03
-3.288632e-03
-4.077987e-03
-6.077155e-03
-8.538914e-03
-1.223756e-02
-1.457127e-02
-1.468740e-02
-1.466151e-02
-1.437573e-02
-1.370214e-02
-1.365078e-02
-1.445556e-02
-1.444750e-02
-1.392743e-02
-1.235977e-02
-1.015088e-02
-8.189077e-03
-6.329278e-03
-5.232687e-03
-4.795556e-03
-5.383688e-03
-7.525806e-03
-1.035509e-02
-1.261958e-02
-1.344887e-02
-1.237170e-02
-1.055395e-02
-8.440991e-03
-6.094423e-03
-5.118545e-03
-5.108534e-03
-5.720895e-03
-6.290700e-03
-5.640838e-03
-3.248835e-03
3.404289e-05
2.839410e-03
4.078776e-03
4.444336e-03
3.676139e-03
2.629329e-03
2.597432e-03
2.088525e-03
1.112733e-03
6.550807e-04
1.153276e-03
2.320865e-03
3.775106e-03
4.060118e-03
3.933140e-03
3.529407e-03
3.672203e-03
5.027195e-03
7.235157e-03
8.451014e-03
9.104379e-03
9.781582e-03
1.120827e-02
1.309657e-02
1.461150e-02
1.596011e-02
1.691201e-02
1.736942e-02
1.757255e-02
1.775725e-02
1.759451e-02
1.695029e-02
1.562422e-02
1.511216e-02
1.514678e-02
1.486192e-02
1.471303e-02
1.315304e-02
1.119245e-02
9.404051e-03
7.695514e-03
6.241101e-03
5.131766e-03
3.963767e-03
2.325632e-03
1.352969e-03
1.272696e-03
1.495952e-03
1.783020e-03
1.550266e-03
3.798447e-04
-3.857385e-04
7.532705e-05
1.307122e-03
3.341681e-03
5.590799e-03
7.633191e-03
9.175489e-03
1.029800e-02
1.101190e-02
1.221420e-02
1.377367e-02
1.467010e-02
1.610259e-02
1.742793e-02
1.886465e-02
2.041542e-02
2.210277e-02
2.458882e-02
2.651755e-02
2.856908e-02
3.106128e-02
3.193224e-02
3.181443e-02
3.035905e-02
2.842089e-02
2.710864e-02
2.544237e-02
2.394936e-02
2.230567e-02
2.030526e-02
1.835208e-02
1.655287e-02
1.456924e-02
1.304915e-02
1.248669e-02
1.218837e-02
1.207709e-02
1.240102e-02
1.238430e-02
1.141225e-02
1.003858e-02
8.663658e-03
7.353433e-03
6.430009e-03
6.179429e-03
5.561004e-03
4.205035e-03
2.679183e-03
5.362066e-04
-1.059897e-03
-2.192101e-03
-3.530372e-03
-4.554714e-03
-5.480339e-03
-6.999679e-03
-8.305865e-03
-8.653630e-03
-7.839563e-03
-6.224330e-03
-4.949586e-03
-4.501044e-03
-4.298026e-03
-4.344487e-03
-4.120342e-03
-4.450257e-03
-5.299085e-03
-6.359126e-03
-7.019535e-03
-8.020011e-03
-8.729503e-03
-9.988910e-03
-1.178484e-02
-1.378434e-02
-1.592563e-02
-1.734073e-02
-1.781694e-02
-1.816825e-02
-1.851885e-02
-1.831255e-02
-1.799277e-02
-1.728780e-02
-1.663144e-02
-1.620066e-02
-1.461923e-02
-1.342749e-02
-1.333412e-02
-1.283142e-02
-1.256014e-02
-1.165351e-02
-1.092928e-02
-1.027247e-02
-8.898066e-03
-7.529351e-03
-6.144937e-03
-4.823534e-03
-3.650809e-03
-2.219014e-03
-1.219544e-03
-2.865951e-04
1.219975e-03
2.256267e-03
3.556900e-03
4.173053e-03
4.080026e-03
3.488019e-03
2.543455e-03
9.977249e-04
-1.239203e-03
-3.822966e-03
-5.868992e-03
-7.409730e-03
-8.838747e-03
-9.176959e-03
-8.588095e-03
-7.959155e-03
-7.684962e-03
-7.284028e-03
-8.220747e-03
-8.762171e-03
-8.302514e-03
-7.964125e-03
-6.568676e-03
-5.251058e-03
-4.154642e-03
-3.483754e-03
-3.875465e-03
-4.138561e-03
-4.237351e-03
-4.951452e-03
-5.504776e-03
-7.221587e-03
-8.251066e-03
-9.067593e-03
-1.101638e-02
-1.263443e-02
-1.461234e-02
-1.701347e-02
-1.930074e-02
-2.118817e-02
-2.293390e-02
-2.486412e-02
-2.631568e-02
-2.780177e-02
-2.800411e-02
-2.716527e-02
-2.579875e-02
-2.393152e-02
-2.222410e-02
-2.054717e-02
-1.881860e-02
-1.703514e-02
-1.601613e-02
-1.462371e-02
-1.389560e-02
-1.276247e-02
-1.118634e-02
-9.723780e-03
-8.160866e-03
-7.312415e-03
-7.653390e-03
-7.707355e-03
-7.741404e-03
-6.587635e-03
-5.074737e-03
-4.084729e-03
-3.938085e-03
-4.760013e-03
-5.750992e-03
-6.225994e-03
-5.970015e-03
-6.039018e-03
-5.744334e-03
-6.063330e-03
-7.634635e-03
-9.375121e-03
-1.157460e-02
-1.345613e-02
-1.523956e-02
-1.638945e-02
-1.739328e-02
-1.823602e-02
-1.838997e-02
-1.836107e-02
-1.761982e-02
-1.611909e-02
-1.393546e-02
-1.145207e-02
-1.001557e-02
-9.306159e-03
-8.104963e-03
-7.156311e-03
-6.233095e-03
-5.967760e-03
-6.457550e-03
-6.700598e-03
-7.031570e-03
-7.003582e-03
-6.778531e-03
-6.584285e-03
-6.472891e-03
-7.039004e-03
-7.226419e-03
-6.325450e-03
-5.853799e-03
-5.334499e-03
-4.609021e-03
-4.511877e-03
-4.261127e-03
-3.450114e-03
-2.550857e-03
-2.996859e-03
-3.477212e-03
-4.626965e-03
-5.373983e-03
-5.956284e-03
-7.060257e-03
-9.036719e-03
-1.104796e-02
-1.318364e-02
-1.396003e-02
-1.349762e-02
-1.274314e-02
-1.207627e-02
-1.214150e-02
-1.249754e-02
-1.155017e-02
-9.660267e-03
-7.355421e-03
-6.030719e-03
-5.465709e-03
-4.622622e-03
-2.974965e-03
-1.391547e-03
-7.038470e-04
7.435255e-04
1.926807e-03
3.147850e-03
4.535367e-03
5.279124e-03
6.099734e-03
6.248783e-03
6.658080e-03
8.132942e-03
9.500447e-03
1.169943e-02
1.362485e-02
1.453493e-02
1.533639e-02
1.669291e-02
1.773704e-02
1.911393e-02
1.987413e-02
2.056271e-02
2.122465e-02
2.228056e-02
2.344563e-02
2.442383e-02
2.495324e-02
2.450124e-02
2.350087e-02
2.200271e-02
2.003136e-02
1.820136e-02
1.731223e-02
1.610877e-02
1.465945e-02
1.305637e-02
1.156644e-02
9.821501e-03
7.495063e-03
5.719349e-03
3.700461e-03
2.258201e-03
1.797166e-03
1.066904e-03
6.625144e-04
3.845709e-04
8.144300e-05
1.775747e-05
2.524523e-04
1.149476e-03
1.593119e-03
2.472122e-03
3.136956e-03
3.304931e-03
3.451874e-03
3.412698e-03
2.764215e-03
2.306389e-03
1.840920e-03
1.185669e-03
8.720837e-04
5.584086e-04
2.541438e-04
-7.643789e-04
-9.652788e-04
-2.967876e-04
8.119785e-06
8.950827e-04
1.015660e-03
1.350179e-03
2.545374e-03
4.116963e-03
5.386018e-03
7.828271e-03
1.004332e-02
1.106647e-02
1.180393e-02
1.195612e-02
1.176853e-02
1.187501e-02
1.137127e-02
9.565746e-03
7.537422e-03
6.156414e-03
4.884473e-03
4.496482e-03
4.071410e-03
3.503986e-03
3.201334e-03
3.126299e-03
3.710720e-03
5.151325e-03
6.691391e-03
7.735414e-03
9.019384e-03
1.001789e-02
1.140100e-02
1.273794e-02
1.386978e-02
1.433227e-02
1.403884e-02
1.384036e-02
1.252684e-02
1.104043e-02
8.443931e-03
6.291284e-03
5.264045e-03
5.461339e-03
6.529063e-03
7.622896e-03
8.226533e-03
8.370142e-03
7.661358e-03
6.895303e-03
6.238920e-03
5.864625e-03
6.142887e-03
6.910224e-03
8.405065e-03
9.882626e-03
1.073873e-02
1.067802e-02
1.008441e-02
9.785913e-03
8.746274e-03
7.496804e-03
6.465137e-03
5.459286e-03
4.229526e-03
2.967945e-03
1.131430e-03
-8.108973e-04
-2.733925e-03
-4.349531e-03
-4.933401e-03
-5.098313e-03
-5.288974e-03
-5.565613e-03
-6.720637e-03
-6.904159e-03
-6.762300e-03
-6.790397e-03
-7.161139e-03
-7.560520e-03
-7.835657e-03
-8.177023e-03
-8.455920e-03
-9.511534e-03
-1.074232e-02
-1.286721e-02
-1.552667e-02
-1.772849e-02
-2.006927e-02
-2.229004e-02
-2.421948e-02
-2.609511e-02
-2.624136e-02
-2.615930e-02
-2.539563e-02
-2.467963e-02
-2.461340e-02
-2.481426e-02
-2.488076e-02
-2.435117e-02
-2.206260e-02
-1.967014e-02
-1.840901e-02
-1.804768e-02
-1.776342e-02
-1.672041e-02
-1.511072e-02
-1.299468e-02
-1.167461e-02
-1.098626e-02
-1.083183e-02
-9.752062e-03
-9.102184e-03
-8.097892e-03
-6.377173e-03
-4.583035e-03
-3.251283e-03
-1.888351e-03
-5.543537e-05
2.049467e-03
4.180248e-03
5.846527e-03
6.814667e-03
7.527702e-03
7.217530e-03
7.216921e-03
6.889773e-03
6.688735e-03
7.712638e-03
8.804717e-03
1.004752e-02
1.045157e-02
1.118955e-02
1.167279e-02
1.196787e-02
1.250766e-02
1.310031e-02
1.421705e-02
1.521618e-02
1.600228e-02
1.573039e-02
1.550499e-02
1.491025e-02
1.410559e-02
1.343880e-02
1.246722e-02
1.208578e-02
1.163995e-02
1.084325e-02
1.029030e-02
8.920937e-03
7.413160e-03
6.176850e-03
4.162879e-03
2.509363e-03
1.073641e-03
-1.018637e-04
-1.088187e-03
-1.920056e-03
-2.879565e-03
-4.439915e-03
-5.289570e-03
-6.458075e-03
-6.746994e-03
-6.529356e-03
-6.057134e-03
-5.480018e-03
-4.604440e-03
-3.738991e-03
-2.202112e-03
-5.816453e-04
5.779550e-05
2.767795e-04
-3.992774e-04
-9.989306e-04
-1.264958e-03
-1.816599e-03
-2.327581e-03
-2.762626e-03
-3.077748e-03
-2.615883e-03
-2.835039e-03
-2.941480e-03
-2.987008e-03
-3.077919e-03
-2.659915e-03
-1.294089e-03
1.041284e-03
3.787666e-03
5.488468e-03
6.379792e-03
7.015117e-03
7.392548e-03
7.767111e-03
7.182152e-03
6.718725e-03
6.295723e-03
6.124618e-03
6.210896e-03
7.004047e-03
7.634887e-03
7.592683e-03
6.835694e-03
5.339570e-03
3.606733e-03
3.222643e-03
3.341274e-03
4.199570e-03
4.580550e-03
5.010686e-03
5.273603e-03
5.197295e-03
5.276555e-03
4.650507e-03
3.410935e-03
2.117404e-03
-1.843097e-04
-1.195640e-03
-1.402769e-03
-1.845502e-03
-2.409385e-03
-2.831017e-03
-3.409746e-03
-3.118976e-03
-3.123614e-03
-2.799258e-03
-2.502315e-03
-2.211168e-03
-1.774730e-03
-1.535214e-03
-4.113743e-04
8.927132e-04
1.703348e-03
3.049084e-03
4.706954e-03
6.132620e-03
7.643267e-03
8.146805e-03
8.269163e-03
8.065516e-03
7.969112e-03
8.197274e-03
8.160706e-03
8.384815e-03
7.949866e-03
6.893200e-03
6.205446e-03
5.288843e-03
5.025345e-03
4.869740e-03
4.949984e-03
5.551011e-03
6.746512e-03
7.812638e-03
8.997817e-03
9.952590e-03
1.021542e-02
1.074990e-02
1.136651e-02
1.173629e-02
1.185531e-02
1.107836e-02
1.028512e-02
1.007801e-02
9.915863e-03
1.032814e-02
1.077159e-02
1.150773e-02
1.190153e-02
1.151291e-02
1.178548e-02
1.192386e-02
1.149211e-02
1.115649e-02
1.070728e-02
9.872955e-03
8.739478e-03
6.712066e-03
4.350236e-03
2.348952e-03
1.125814e-03
5.492407e-04
2.415282e-05
-3.463296e-04
-9.164143e-04
-1.650805e-03
-2.233783e-03
-2.562570e-03
-2.509052e-03
-2.428237e-03
-2.717778e-03
-3.224316e-03
-3.815384e-03
-3.692654e-03
-3.081280e-03
-1.705105e-03
-1.235766e-03
-9.594172e-04
-1.265559e-03
-1.903942e-03
-2.353374e-03
-2.259670e-03
-2.072206e-03
-2.203996e-03
-2.229465e-03
-2.066864e-03
-2.530782e-03
-2.841211e-03
-2.630843e-03
-2.412435e-03
-2.279303e-03
-1.327616e-03
-2.758547e-04
5.024635e-04
1.239345e-03
2.606043e-03
3.311057e-03
3.860319e-03
4.711197e-03
4.909883e-03
5.109686e-03
5.176109e-03
4.121608e-03
3.233739e-03
1.637328e-03
5.576796e-04
-1.967363e-04
-1.264506e-03
-1.602140e-03
-2.056785e-03
-2.558139e-03
-2.687554e-03
-2.150384e-03
-1.772343e-03
-1.322400e-03
-8.006392e-04
-8.613253e-05
5.876887e-05
4.622511e-04
3.514195e-04
2.362751e-04
-5.594576e-04
-1.784061e-03
-2.483506e-03
-2.916217e-03
-3.089967e-03
-3.070991e-03
-2.289014e-03
-1.632242e-03
-9.673613e-04
-5.480257e-04
-9.460421e-04
-1.022333e-03
-1.328806e-03
-1.194306e-03
4.933627e-05
2.027780e-03
4.462201e-03
5.897700e-03
7.006105e-03
7.804154e-03
7.419509e-03
7.567397e-03
7.888870e-03
8.579573e-03
9.349694e-03
1.029300e-02
1.041543e-02
9.960501e-03
9.162939e-03
8.933191e-03
9.285931e-03
1.054576e-02
1.167741e-02
1.287006e-02
1.345125e-02
1.426148e-02
1.465158e-02
1.416912e-02
1.376341e-02
1.293293e-02
1.213423e-02
1.132947e-02
1.012918e-02
8.990166e-03
7.647616e-03
6.360737e-03
5.647053e-03
4.684108e-03
4.240762e-03
3.769155e-03
3.733940e-03
4.069818e-03
4.912843e-03
6.135521e-03
7.415062e-03
7.230454e-03
6.888853e-03
6.985385e-03
6.981645e-03
7.594205e-03
8.148975e-03
8.010831e-03
7.558102e-03
6.192628e-03
4.929782e-03
3.904478e-03
2.952617e-03
2.485987e-03
1.676010e-03
1.537160e-03
1.494051e-03
1.752951e-03
2.233041e-03
2.355616e-03
1.737587e-03
4.110169e-04
-5.392262e-04
-1.595850e-03
-2.177013e-03
-3.494165e-03
-4.895629e-03
-6.446715e-03
-7.524928e-03
-7.982515e-03
-8.439557e-03
-9.110608e-03
-1.042188e-02
-1.131173e-02
-1.167808e-02
-1.186589e-02
-1.155648e-02
-1.106495e-02
-1.041013e-02
-1.006681e-02
-1.023093e-02
-9.989161e-03
-9.360034e-03
-8.979426e-03
-8.297990e-03
-8.257608e-03
-8.474644e-03
-9.025089e-03
-8.997570e-03
-9.172707e-03
-9.682654e-03
-1.007253e-02
-1.061336e-02
-1.103700e-02
-1.109750e-02
-1.110409e-02
-1.103203e-02
-1.024118e-02
-9.352120e-03
-8.408380e-03
-6.849385e-03
-5.672359e-03
-4.942878e-03
-5.160788e-03
-5.158931e-03
-4.514967e-03
-3.083513e-03
-2.186070e-03
-1.680793e-03
-8.986933e-04
-3.962798e-04
-5.118846e-04
-6.103987e-04
-4.915547e-04
-8.191437e-04
-8.173129e-04
-1.188813e-03
-1.918289e-03
-2.113998e-03
-2.702685e-03
-3.226232e-03
-3.846381e-03
-4.268720e-03
-4.166919e-03
-3.796587e-03
-3.111744e-03
-2.529953e-03
-2.476814e-03
-2.963038e-03
-4.311040e-03
-4.981181e-03
-4.946029e-03
-4.489515e-03
-4.368340e-03
-4.667632e-03
-5.706876e-03
-6.269716e-03
-6.953549e-03
-7.491988e-03
-7.972495e-03
-9.191331e-03
-9.897163e-03
-9.980522e-03
-1.033121e-02
-1.006307e-02
-1.034209e-02
-1.135058e-02
-1.201762e-02
-1.304237e-02
-1.329420e-02
-1.340038e-02
-1.386638e-02
-1.445433e-02
-1.437482e-02
-1.400927e-02
-1.338581e-02
-1.317114e-02
-1.357442e-02
-1.439248e-02
-1.524594e-02
-1.581753e-02
-1.571758e-02
-1.514261e-02
-1.421985e-02
-1.355854e-02
-1.305527e-02
-1.238619e-02
-1.181066e-02
-1.139393e-02
-1.070920e-02
-1.045401e-02
-1.100299e-02
-1.139843e-02
-1.183355e-02
-1.265712e-02
-1.310068e-02
-1.309807e-02
-1.332092e-02
-1.258805e-02
-1.221167e-02
-1.252831e-02
-1.219049e-02
-1.266154e-02
-1.312767e-02
-1.405140e-02
-1.516763e-02
-1.611856e-02
-1.681615e-02
-1.682992e-02
-1.642784e-02
-1.614638e-02
-1.582773e-02
-1.587741e-02
-1.630067e-02
-1.620370e-02
-1.673895e-02
-1.672995e-02
-1.651183e-02
-1.664846e-02
-1.636248e-02
-1.622832e-02
-1.588732e-02
-1.524824e-02
-1.501866e-02
-1.483584e-02
-1.456510e-02
-1.377752e-02
-1.395203e-02
-1.393687e-02
-1.427345e-02
-1.464358e-02
-1.527779e-02
-1.520813e-02
-1.534947e-02
-1.437114e-02
-1.346487e-02
-1.289890e-02
-1.161809e-02
-1.088993e-02
-1.025207e-02
-9.486705e-03
-9.326117e-03
-8.977295e-03
-8.624121e-03
-8.170634e-03
-7.658879e-03
-7.189944e-03
-6.613477e-03
-6.008348e-03
-5.266194e-03
-4.002860e-03
-2.351073e-03
-8.029455e-04
1.345657e-03
3.249204e-03
4.645352e-03
5.407391e-03
5.783043e-03
5.792474e-03
5.723648e-03
5.973410e-03
6.937763e-03
7.728399e-03
8.097340e-03
8.694581e-03
8.347366e-03
7.885941e-03
7.163208e-03
6.719149e-03
6.995772e-03
7.476161e-03
7.909411e-03
8.623240e-03
9.457064e-03
9.241335e-03
9.144889e-03
9.019941e-03
8.600016e-03
9.137076e-03
9.411812e-03
9.913265e-03
1.028865e-02
9.463157e-03
8.564778e-03
7.049518e-03
5.806278e-03
5.454450e-03
4.573503e-03
4.483902e-03
4.052653e-03
3.857915e-03
3.638967e-03
3.158771e-03
2.412046e-03
1.373391e-03
9.789593e-04
6.550223e-04
5.034343e-04
1.323129e-03
2.034236e-03
2.445129e-03
2.710246e-03
2.366927e-03
1.616539e-03
4.659525e-04
-1.617973e-04
7.030065e-05
2.930048e-04
1.575407e-03
2.752443e-03
3.062064e-03
2.213688e-03
1.047532e-03
-4.211453e-04
-1.669892e-03
-2.297197e-03
-2.312273e-03
-2.625130e-03
-2.572921e-03
-2.126163e-03
-2.696501e-03
-2.883522e-03
-3.009365e-03
-3.424174e-03
-3.891653e-03
-3.852889e-03
-3.179272e-03
-2.832088e-03
-2.017075e-03
-7.647867e-04
-5.023359e-04
-6.244305e-04
-4.851011e-04
-7.780528e-04
-1.300707e-03
-1.192504e-03
-1.442616e-03
-1.624437e-03
-1.197406e-03
-2.036357e-03
-1.729513e-03
-1.448035e-03
-1.147871e-03
-6.799951e-04
1.013228e-05
3.173396e-04
8.642351e-04
1.787379e-03
2.386480e-03
2.851819e-03
2.950310e-03
2.541454e-03
2.089959e-03
1.093455e-03
4.969723e-04
-4.672608e-04
-1.727793e-03
-3.071431e-03
-4.351478e-03
-5.649322e-03
-6.382365e-03
-6.213709e-03
-5.450140e-03
-4.846912e-03
-4.048730e-03
-3.963378e-03
-4.408893e-03
-4.602751e-03
-4.512740e-03
-3.896692e-03
-2.750941e-03
-1.220010e-03
8.384259e-05
5.497694e-04
1.018657e-03
1.695642e-03
2.595617e-03
3.613693e-03
4.926371e-03
6.529002e-03
7.765216e-03
8.737976e-03
9.868305e-03
1.012983e-02
1.076045e-02
1.108939e-02
1.100984e-02
1.165846e-02
1.252001e-02
1.332623e-02
1.338961e-02
1.269554e-02
1.197256e-02
1.113013e-02
9.999437e-03
9.327053e-03
8.315819e-03
6.783723e-03
6.263502e-03
5.918787e-03
5.833775e-03
5.157400e-03
4.116070e-03
3.022764e-03
2.016701e-03
1.247207e-03
1.148959e-03
1.614514e-03
2.413838e-03
2.951546e-03
3.652107e-03
4.465939e-03
5.324137e-03
6.336857e-03
7.045630e-03
7.697373e-03
8.776756e-03
9.891490e-03
1.136535e-02
1.299108e-02
1.428876e-02
1.470807e-02
1.534219e-02
1.584881e-02
1.647996e-02
1.721821e-02
1.773733e-02
1.792815e-02
1.774878e-02
1.752105e-02
1.750129e-02
1.744263e-02
1.768076e-02
1.789207e-02
1.765185e-02
1.786712e-02
1.741709e-02
1.734655e-02
1.744031e-02
1.746555e-02
1.732696e-02
1.741576e-02
1.798021e-02
1.896086e-02
1.973604e-02
1.977230e-02
1.924082e-02
1.869432e-02
1.876428e-02
1.942002e-02
2.012481e-02
2.110391e-02
2.170397e-02
2.171940e-02
2.174915e-02
2.135813e-02
2.195314e-02
2.200310e-02
2.120619e-02
2.088306e-02
2.041417e-02
1.997960e-02
1.956116e-02
1.872989e-02
1.759821e-02
1.658058e-02
1.581331e-02
1.508370e-02
1.495836e-02
1.473500e-02
1.464524e-02
1.514747e-02
1.487411e-02
1.458519e-02
1.386375e-02
1.324853e-02
1.272124e-02
1.243436e-02
1.258990e-02
1.269436e-02
1.244996e-02
1.154337e-02
1.079553e-02
9.994010e-03
9.335221e-03
8.688430e-03
8.810726e-03
8.817527e-03
9.247784e-03
9.529977e-03
1.009069e-02
1.066242e-02
1.110677e-02
1.140228e-02
1.125916e-02
1.117501e-02
1.088849e-02
1.031363e-02
1.017359e-02
9.935408e-03
9.814903e-03
9.112193e-03
8.585464e-03
8.096028e-03
7.241413e-03
6.610455e-03
5.932350e-03
5.866447e-03
6.097606e-03
6.333047e-03
6.637777e-03
6.356758e-03
5.328835e-03
4.414098e-03
3.532771e-03
2.771030e-03
2.188770e-03
1.520252e-03
1.017210e-03
3.983954e-04
-3.246389e-05
-6.467479e-04
-1.488363e-03
-2.024937e-03
-2.718258e-03
-3.205454e-03
-3.532582e-03
-3.595186e-03
-3.404704e-03
-3.323255e-03
-3.129252e-03
-2.822773e-03
-2.409699e-03
-2.126625e-03
-2.195783e-03
-2.515341e-03
-2.723913e-03
-2.636503e-03
-1.751338e-03
-7.617406e-04
6.328919e-04
1.627270e-03
2.525752e-03
3.224351e-03
3.632264e-03
3.915270e-03
4.238636e-03
4.910577e-03
5.333171e-03
6.520654e-03
7.414226e-03
7.581772e-03
7.783216e-03
7.642465e-03
7.894997e-03
7.558315e-03
7.408351e-03
7.262248e-03
6.894129e-03
7.329120e-03
7.881308e-03
8.242071e-03
8.808288e-03
9.222696e-03
9.269315e-03
9.328264e-03
9.425806e-03
9.376829e-03
8.761531e-03
7.879602e-03
7.145506e-03
6.514712e-03
6.028565e-03
5.251563e-03
4.693813e-03
4.346985e-03
3.744008e-03
3.080689e-03
2.621433e-03
2.475756e-03
1.790587e-03
1.479383e-03
1.254869e-03
1.303293e-03
1.041544e-03
5.054700e-04
2.557576e-04
-3.652229e-04
-1.018801e-03
-1.556533e-03
-1.762197e-03
-2.205142e-03
-2.827398e-03
-2.971866e-03
-2.828995e-03
-2.533469e-03
-2.297905e-03
-2.514744e-03
-3.286405e-03
-3.852513e-03
-4.741076e-03
-4.947564e-03
-5.635717e-03
-6.201819e-03
-7.200820e-03
-8.369546e-03
-9.382882e-03
-1.017216e-02
-1.114731e-02
-1.210923e-02
-1.254964e-02
-1.309931e-02
-1.345383e-02
-1.381221e-02
-1.428488e-02
-1.499115e-02
-1.612744e-02
-1.692460e-02
-1.708215e-02
-1.711231e-02
-1.718998e-02
-1.763206e-02
-1.872010e-02
-1.926085e-02
-1.965361e-02
-1.982113e-02
-1.952955e-02
-1.968911e-02
-1.939077e-02
-1.860598e-02
-1.787124e-02
-1.681279e-02
-1.607037e-02
-1.533173e-02
-1.451297e-02
-1.403360e-02
-1.372861e-02
-1.260793e-02
-1.233528e-02
-1.203783e-02
-1.093037e-02
-1.030826e-02
-9.505104e-03
-8.845281e-03
-8.827905e-03
-9.246830e-03
-8.797451e-03
-8.261375e-03
-8.111400e-03
-6.901308e-03
-6.733994e-03
-6.584416e-03
-6.823275e-03
-6.921518e-03
-7.644775e-03
-8.830130e-03
-9.726193e-03
-1.089587e-02
-1.171332e-02
-1.247575e-02
-1.307201e-02
-1.334912e-02
-1.418733e-02
-1.509212e-02
-1.584310e-02
-1.606435e-02
-1.556090e-02
-1.469031e-02
-1.311848e-02
-1.129341e-02
-1.005398e-02
-9.355665e-03
-8.599555e-03
-8.143491e-03
-7.772517e-03
-7.448962e-03
-6.874500e-03
-6.487902e-03
-6.390821e-03
-6.450195e-03
-6.991283e-03
-7.460425e-03
-8.315338e-03
-8.625065e-03
-8.352573e-03
-7.646539e-03
-6.652591e-03
-6.047158e-03
-5.406082e-03
-4.822858e-03
-4.449652e-03
-4.604091e-03
-4.760091e-03
-4.383816e-03
-3.845735e-03
-3.365644e-03
-2.515066e-03
-1.886533e-03
-2.215849e-03
-3.075679e-03
-4.494990e-03
-5.847551e-03
-7.219122e-03
-8.587771e-03
-9.279475e-03
-1.027690e-02
-1.125242e-02
-1.198822e-02
-1.320114e-02
-1.438586e-02
-1.553779e-02
-1.613745e-02
-1.630586e-02
-1.684760e-02
-1.720538e-02
-1.815670e-02
-1.922276e-02
-1.970142e-02
-2.068974e-02
-2.126385e-02
-2.197934e-02
-2.270052e-02
-2.318915e-02
-2.319966e-02
-2.332929e-02
-2.390641e-02
-2.487019e-02
-2.570336e-02
-2.697523e-02
-2.846977e-02
-2.922153e-02
-2.979256e-02
-2.954505e-02
-2.972974e-02
-2.981401e-02
-2.990533e-02
-2.962248e-02
-2.970758e-02
-2.982328e-02
-2.956550e-02
-2.873346e-02
-2.827746e-02
-2.746526e-02
-2.688561e-02
-2.574853e-02
-2.503881e-02
-2.433044e-02
-2.332082e-02
-2.217197e-02
-2.162007e-02
-2.102680e-02
-2.050156e-02
-1.954859e-02
-1.822823e-02
-1.734586e-02
-1.662725e-02
-1.592732e-02
-1.558381e-02
-1.511972e-02
-1.401510e-02
-1.322572e-02
-1.296860e-02
-1.264068e-02
-1.264826e-02
-1.260956e-02
-1.199031e-02
-1.116654e-02
-1.091845e-02
-1.129207e-02
-1.224368e-02
-1.334395e-02
-1.467990e-02
-1.506227e-02
-1.503477e-02
-1.510719e-02
-1.425965e-02
-1.336306e-02
-1.259840e-02
-1.205041e-02
-1.206067e-02
-1.252817e-02
-1.292160e-02
-1.376390e-02
-1.354826e-02
-1.309256e-02
-1.283825e-02
-1.184122e-02
-1.148824e-02
-1.169146e-02
-1.190929e-02
-1.131414e-02
-1.076244e-02
-9.890756e-03
-8.339070e-03
-6.764123e-03
-4.971002e-03
-3.244325e-03
-1.812694e-03
-1.006047e-03
1.917805e-04
1.364535e-03
2.250442e-03
3.420628e-03
3.909156e-03
4.760335e-03
5.543033e-03
6.044170e-03
6.890721e-03
7.523510e-03
7.886935e-03
7.700478e-03
7.638943e-03
8.044811e-03
8.460017e-03
9.321068e-03
1.031506e-02
1.107575e-02
1.120469e-02
1.101864e-02
1.119709e-02
1.143957e-02
1.184711e-02
1.221393e-02
1.256089e-02
1.299984e-02
1.288067e-02
1.316430e-02
1.332856e-02
1.312068e-02
1.305110e-02
1.281278e-02
1.269676e-02
1.295929e-02
1.287610e-02
1.252391e-02
1.212299e-02
1.144444e-02
1.056267e-02
1.019372e-02
9.642421e-03
9.151008e-03
8.715345e-03
7.975388e-03
7.242267e-03
7.106634e-03
6.979476e-03
6.868455e-03
6.668460e-03
6.120732e-03
6.170245e-03
5.537999e-03
4.939877e-03
4.907823e-03
4.678559e-03
5.135889e-03
5.474541e-03
5.486996e-03
5.140684e-03
4.605046e-03
4.123872e-03
3.908523e-03
3.833484e-03
3.948355e-03
3.959700e-03
4.113261e-03
3.925081e-03
3.763941e-03
4.136768e-03
4.693148e-03
5.514992e-03
6.238162e-03
7.613352e-03
8.241063e-03
8.774182e-03
9.352454e-03
9.579740e-03
1.052181e-02
1.087508e-02
1.169492e-02
1.231014e-02
1.300972e-02
1.345261e-02
1.388313e-02
1.437601e-02
1.490223e-02
1.572297e-02
1.677127e-02
1.775834e-02
1.904770e-02
2.006280e-02
2.106236e-02
2.233081e-02
2.342091e-02
2.445536e-02
2.495733e-02
2.551160e-02
2.589520e-02
2.665980e-02
2.711944e-02
2.771740e-02
2.794334e-02
2.786725e-02
2.732894e-02
2.648741e-02
2.593517e-02
2.591149e-02
2.558679e-02
2.529829e-02
2.497320e-02
2.498747e-02
2.534006e-02
2.573699e-02
2.609217e-02
2.678832e-02
2.715103e-02
2.787153e-02
2.878258e-02
2.998130e-02
3.142039e-02
3.267857e-02
3.333025e-02
3.355903e-02
3.383543e-02
3.403833e-02
3.437876e-02
3.436239e-02
3.407236e-02
3.341849e-02
3.289648e-02
3.231206e-02
3.146098e-02
3.092387e-02
3.019629e-02
2.949672e-02
2.928275e-02
2.903764e-02
2.871787e-02
2.836804e-02
2.820135e-02
2.778155e-02
2.734766e-02
2.720691e-02
2.679419e-02
2.630882e-02
2.568993e-02
2.489088e-02
2.387955e-02
2.273495e-02
2.125306e-02
2.000201e-02
1.871161e-02
1.729932e-02
1.598968e-02
1.480343e-02
1.374925e-02
1.283493e-02
1.190075e-02
1.063093e-02
9.814704e-03
9.231122e-03
8.943333e-03
8.868607e-03
9.002962e-03
8.691003e-03
8.532286e-03
8.051186e-03
8.166370e-03
8.642695e-03
8.866568e-03
8.621897e-03
7.887401e-03
7.306212e-03
6.670717e-03
6.356595e-03
6.062189e-03
6.042396e-03
6.060607e-03
6.003863e-03
6.175932e-03
6.021857e-03
6.370362e-03
6.972957e-03
7.259551e-03
7.376060e-03
7.373035e-03
7.594785e-03
7.542919e-03
7.848945e-03
8.536848e-03
8.865040e-03
8.746968e-03
8.862648e-03
9.261835e-03
9.466054e-03
9.693237e-03
9.434589e-03
8.721386e-03
7.930655e-03
7.337394e-03
6.837512e-03
6.435138e-03
5.921273e-03
5.058491e-03
4.499680e-03
3.924302e-03
4.052678e-03
4.178238e-03
3.972417e-03
3.847916e-03
3.508507e-03
3.401405e-03
3.529620e-03
3.790968e-03
3.814143e-03
4.390356e-03
4.551852e-03
4.994256e-03
5.090140e-03
4.880659e-03
3.924730e-03
3.279580e-03
1.760761e-03
4.873967e-04
-3.309253e-04
-1.667008e-03
-2.369354e-03
-3.338433e-03
-4.028243e-03
-4.369856e-03
-4.292599e-03
-3.872025e-03
-3.714395e-03
-3.993421e-03
-4.213641e-03
-4.166113e-03
-4.083471e-03
-3.381558e-03
-2.560061e-03
-2.014190e-03
-1.704388e-03
-1.902517e-03
-1.936322e-03
-2.567365e-03
-3.116569e-03
-3.894532e-03
-4.514390e-03
-5.259686e-03
-5.834732e-03
-6.445240e-03
-6.869680e-03
-7.495456e-03
-8.300483e-03
-8.952776e-03
-9.653854e-03
-1.033486e-02
-1.132506e-02
-1.197911e-02
-1.279747e-02
-1.340051e-02
-1.387556e-02
-1.465289e-02
-1.533791e-02
-1.625003e-02
-1.682432e-02
-1.761764e-02
-1.808317e-02
-1.837098e-02
-1.895508e-02
-1.899468e-02
-1.901190e-02
-1.957201e-02
-1.967031e-02
-1.974457e-02
-1.976687e-02
-1.959588e-02
-1.949360e-02
-1.929585e-02
-1.880271e-02
-1.899938e-02
-1.949368e-02
-1.958572e-02
-1.946276e-02
-1.944304e-02
-1.895615e-02
-1.827059e-02
-1.774891e-02
-1.720717e-02
-1.650679e-02
-1.574622e-02
-1.498360e-02
-1.401735e-02
-1.399134e-02
-1.369445e-02
-1.304172e-02
-1.292139e-02
-1.260404e-02
-1.249000e-02
-1.283245e-02
-1.316500e-02
-1.364391e-02
-1.406095e-02
-1.412740e-02
-1.390523e-02
-1.418496e-02
-1.385352e-02
-1.362112e-02
-1.314551e-02
-1.291512e-02
-1.288372e-02
-1.283801e-02
-1.308899e-02
-1.321505e-02
-1.290814e-02
-1.278397e-02
-1.256346e-02
-1.272833e-02
-1.273959e-02
-1.285186e-02
-1.316777e-02
-1.330050e-02
-1.388834e-02
-1.408390e-02
-1.420355e-02
-1.457477e-02
-1.453787e-02
-1.461110e-02
-1.482306e-02
-1.530810e-02
-1.516314e-02
-1.512118e-02
-1.513618e-02
-1.508206e-02
-1.494894e-02
-1.509362e-02
-1.543883e-02
-1.542389e-02
-1.514605e-02
-1.509565e-02
-1.522825e-02
-1.513554e-02
-1.463326e-02
-1.406449e-02
-1.351905e-02
-1.256802e-02
-1.202026e-02
-1.212077e-02
-1.201630e-02
-1.221912e-02
-1.198706e-02
-1.187007e-02
-1.188151e-02
-1.194401e-02
-1.240211e-02
-1.277142e-02
-1.273653e-02
-1.283687e-02
-1.284021e-02
-1.274374e-02
-1.306817e-02
-1.309494e-02
-1.331858e-02
-1.322284e-02
-1.331407e-02
-1.345633e-02
-1.319305e-02
-1.326522e-02
-1.295402e-02
-1.225867e-02
-1.192449e-02
-1.139357e-02
-1.086814e-02
-1.082992e-02
-1.046567e-02
-1.037077e-02
-1.005271e-02
-9.564805e-03
-9.165554e-03
-8.357867e-03
-8.125211e-03
-8.092994e-03
-8.028089e-03
-7.638034e-03
-7.649834e-03
-7.382892e-03
-7.235510e-03
-7.354988e-03
-7.418783e-03
-7.437382e-03
-7.622906e-03
-7.579199e-03
-6.913920e-03
-6.529244e-03
-6.186617e-03
-5.680024e-03
-5.104904e-03
-5.195707e-03
-5.150820e-03
-5.162629e-03
-5.542746e-03
-5.898060e-03
-6.348752e-03
-6.776710e-03
-7.248983e-03
-7.534060e-03
-7.122247e-03
-6.844163e-03
-6.586232e-03
-6.368626e-03
-6.066045e-03
-5.910030e-03
-5.782586e-03
-5.316003e-03
-4.735385e-03
-4.770546e-03
-4.624316e-03
-5.042904e-03
-5.476666e-03
-5.535683e-03
-5.615597e-03
-5.616215e-03
-5.563419e-03
-6.019731e-03
-6.228799e-03
-6.413242e-03
-7.263501e-03
-7.517070e-03
-7.493805e-03
-7.660400e-03
-7.465491e-03
-7.257531e-03
-6.830651e-03
-6.486909e-03
-6.074305e-03
-5.801770e-03
-5.793165e-03
-5.447181e-03
-5.614268e-03
-5.691002e-03
-5.587880e-03
-5.200198e-03
-4.628735e-03
-4.605569e-03
-4.609162e-03
-4.937055e-03
-5.181153e-03
-5.311082e-03
-5.662457e-03
-5.662832e-03
-5.351761e-03
-5.723956e-03
-6.136905e-03
-6.361560e-03
-6.204370e-03
-5.727923e-03
-5.553512e-03
-5.277815e-03
-5.083429e-03
-4.954544e-03
-4.290761e-03
-4.294320e-03
-3.642472e-03
-3.111193e-03
-2.927564e-03
-2.718712e-03
-2.611325e-03
-1.805002e-03
-1.316289e-03
-7.661924e-04
2.127901e-04
7.697925e-04
1.561012e-03
2.365836e-03
3.166202e-03
3.721293e-03
4.708096e-03
5.514801e-03
6.470494e-03
7.467497e-03
7.833016e-03
8.247667e-03
8.534410e-03
8.791269e-03
9.029864e-03
9.207714e-03
8.755278e-03
8.417898e-03
7.757239e-03
7.570260e-03
7.251338e-03
7.114939e-03
6.936807e-03
6.608723e-03
6.254949e-03
6.108986e-03
5.969214e-03
5.895496e-03
5.945819e-03
5.870620e-03
6.410617e-03
6.990878e-03
7.471795e-03
7.982951e-03
8.458002e-03
8.999383e-03
9.363568e-03
9.263277e-03
9.267159e-03
9.677880e-03
9.627007e-03
1.007340e-02
1.062277e-02
1.063342e-02
1.071098e-02
1.045269e-02
1.025040e-02
1.018150e-02
9.922055e-03
9.924490e-03
1.017955e-02
1.030355e-02
1.027694e-02
1.059861e-02
1.051048e-02
1.018555e-02
1.031652e-02
1.028486e-02
1.017616e-02
1.033547e-02
1.043700e-02
9.732606e-03
9.863055e-03
8.927076e-03
8.452499e-03
7.832267e-03
7.593588e-03
7.477385e-03
7.638596e-03
7.657972e-03
8.348180e-03
8.728057e-03
9.030498e-03
9.698169e-03
1.013536e-02
1.102501e-02
1.190696e-02
1.272909e-02
1.341191e-02
1.396096e-02
1.440711e-02
1.439660e-02
1.467184e-02
1.509965e-02
1.502811e-02
1.520026e-02
1.568333e-02
1.555275e-02
1.549478e-02
1.585742e-02
1.602092e-02
1.646590e-02
1.710942e-02
1.751903e-02
1.815141e-02
1.829565e-02
1.883344e-02
1.921079e-02
1.908552e-02
1.912079e-02
1.881593e-02
1.877590e-02
1.824385e-02
1.770223e-02
1.707984e-02
1.634419e-02
1.546044e-02
1.448523e-02
1.330225e-02
1.226648e-02
1.124262e-02
1.008430e-02
9.608181e-03
8.710889e-03
8.186970e-03
7.882602e-03
7.382625e-03
7.066768e-03
7.280223e-03
7.213206e-03
7.217723e-03
7.587831e-03
7.684383e-03
7.633766e-03
7.414451e-03
7.853085e-03
8.301443e-03
8.640844e-03
9.088391e-03
9.526352e-03
9.999470e-03
1.059338e-02
1.049275e-02
1.088640e-02
1.137077e-02
1.165165e-02
1.190388e-02
1.208503e-02
1.224315e-02
1.220340e-02
1.216397e-02
1.199968e-02
1.124026e-02
1.033437e-02
1.013080e-02
9.698239e-03
9.344554e-03
8.973836e-03
8.225212e-03
7.792552e-03
7.324447e-03
7.014074e-03
6.840301e-03
6.735078e-03
6.919484e-03
7.107428e-03
7.588194e-03
8.142930e-03
8.408625e-03
8.354112e-03
8.553249e-03
8.305356e-03
8.244969e-03
8.435458e-03
8.789558e-03
8.766543e-03
8.435283e-03
7.968904e-03
7.497506e-03
6.906211e-03
6.682419e-03
6.397096e-03
6.562810e-03
6.947578e-03
6.795351e-03
6.617017e-03
6.362642e-03
6.359565e-03
5.955456e-03
5.688270e-03
5.980905e-03
5.600699e-03
5.916961e-03
6.232481e-03
5.830847e-03
5.163627e-03
4.518653e-03
3.656899e-03
2.594927e-03
2.293509e-03
1.428958e-03
1.233834e-03
4.783052e-04
-2.145220e-04
-3.923182e-04
-8.232533e-04
-1.499063e-03
-1.827602e-03
-2.382316e-03
-3.179438e-03
-3.959657e-03
-4.519665e-03
-4.907085e-03
-5.668010e-03
-6.118512e-03
-7.125912e-03
-7.684359e-03
-8.385758e-03
-9.202429e-03
-9.377847e-03
-9.379694e-03
-9.450704e-03
-8.954837e-03
-8.831825e-03
-8.819401e-03
-8.895015e-03
-8.714112e-03
-8.847176e-03
-8.304001e-03
-7.596279e-03
-7.264304e-03
-7.043447e-03
-6.826374e-03
-7.050614e-03
-6.859762e-03
-6.617170e-03
-6.642802e-03
-6.797677e-03
-6.891693e-03
-7.114546e-03
-7.219010e-03
-6.692546e-03
-6.983699e-03
-6.939520e-03
-7.053923e-03
-7.096682e-03
-6.756323e-03
-6.266894e-03
-5.851767e-03
-5.101802e-03
-4.282045e-03
-2.907360e-03
-1.641138e-03
-6.654098e-04
-1.440602e-04
8.436342e-05
5.521125e-04
1.374114e-03
1.532207e-03
2.463839e-03
3.204316e-03
3.415271e-03
3.667969e-03
3.935087e-03
4.112844e-03
3.931065e-03
3.681070e-03
3.391509e-03
3.242229e-03
2.756226e-03
2.845379e-03
3.073171e-03
3.501371e-03
3.868972e-03
4.175080e-03
4.460204e-03
4.846356e-03
4.941624e-03
4.897819e-03
4.934410e-03
4.185834e-03
3.348186e-03
2.948406e-03
2.406313e-03
1.630455e-03
1.107093e-03
3.120530e-04
-5.042171e-04
-1.291828e-03
-1.810945e-03
-1.951991e-03
-2.307651e-03
-2.306393e-03
-1.930597e-03
-1.202740e-03
-7.125450e-04
-7.798115e-05
6.282754e-04
9.822794e-04
1.711807e-03
1.928649e-03
2.464562e-03
2.792845e-03
2.805652e-03
2.766687e-03
2.567608e-03
2.257010e-03
1.170543e-03
7.997739e-04
1.547541e-04
-3.111305e-04
-4.557407e-04
-1.173202e-03
-1.623818e-03
-2.341352e-03
-2.553855e-03
-3.109833e-03
-3.721261e-03
-4.073031e-03
-4.655648e-03
-5.336448e-03
-6.148862e-03
-7.058260e-03
-8.213721e-03
-9.421403e-03
-1.020115e-02
-1.139064e-02
-1.261184e-02
-1.333224e-02
-1.434718e-02
-1.522140e-02
-1.594037e-02
-1.634122e-02
-1.693976e-02
-1.718932e-02
-1.744655e-02
-1.797819e-02
-1.795934e-02
-1.810577e-02
-1.803152e-02
-1.808142e-02
-1.771028e-02
-1.751416e-02
-1.727817e-02
-1.721879e-02
-1.702488e-02
-1.701364e-02
-1.694346e-02
-1.686406e-02
-1.686712e-02
-1.693790e-02
-1.700740e-02
-1.673051e-02
-1.690931e-02
-1.694332e-02
-1.729178e-02
-1.778866e-02
-1.806148e-02
-1.833896e-02
-1.843728e-02
-1.854263e-02
-1.873691e-02
-1.899993e-02
-1.954245e-02
-1.949137e-02
-1.942545e-02
-1.941471e-02
-1.947802e-02
-1.965653e-02
-1.960875e-02
-1.964008e-02
-1.985641e-02
-1.982895e-02
-1.998456e-02
-1.988565e-02
-2.033286e-02
-2.032035e-02
-2.019884e-02
-2.032592e-02
-2.025442e-02
-1.977705e-02
-1.942667e-02
-1.912513e-02
-1.877252e-02
-1.829722e-02
-1.788774e-02
-1.742295e-02
-1.701472e-02
-1.621124e-02
-1.565090e-02
-1.534723e-02
-1.456579e-02
-1.418278e-02
-1.392363e-02
-1.349874e-02
-1.348967e-02
-1.328509e-02
-1.297950e-02
-1.288338e-02
-1.214510e-02
-1.176319e-02
-1.142738e-02
-1.063636e-02
-1.056578e-02
-9.971592e-03
-9.326662e-03
-8.812765e-03
-8.449906e-03
-7.554789e-03
-6.915424e-03
-6.316561e-03
-5.913022e-03
-5.872543e-03
-5.424101e-03
-5.298320e-03
-5.178649e-03
-5.359600e-03
-5.217596e-03
-5.179493e-03
-5.424326e-03
-5.307187e-03
-5.114869e-03
-4.574577e-03
-4.565530e-03
-4.489348e-03
-4.068201e-03
-3.923125e-03
-3.768124e-03
-3.449704e-03
-2.996063e-03
-2.182189e-03
-1.345963e-03
-3.279571e-04
7.541728e-04
1.402208e-03
2.209092e-03
3.155160e-03
3.518737e-03
4.333628e-03
4.935283e-03
5.400030e-03
5.909184e-03
6.032195e-03
6.216125e-03
6.443251e-03
6.495932e-03
6.389538e-03
6.074827e-03
6.217002e-03
6.065851e-03
6.061736e-03
5.933026e-03
5.678144e-03
5.324428e-03
4.769472e-03
4.323154e-03
4.080509e-03
3.953845e-03
3.993262e-03
4.290861e-03
3.967217e-03
4.364362e-03
4.400742e-03
4.503972e-03
4.837399e-03
4.887295e-03
5.090361e-03
5.356168e-03
5.628129e-03
6.426571e-03
7.135079e-03
7.616456e-03
8.313019e-03
9.142473e-03
9.985390e-03
1.069097e-02
1.149979e-02
1.239861e-02
1.323702e-02
1.419197e-02
1.481117e-02
1.544132e-02
1.602294e-02
1.613030e-02
1.618320e-02
1.625772e-02
1.625871e-02
1.621789e-02
1.630845e-02
1.572801e-02
1.522218e-02
1.490621e-02
1.478021e-02
1.452495e-02
1.413281e-02
1.373225e-02
1.311917e-02
1.259823e-02
1.227471e-02
1.190657e-02
1.177991e-02
1.157618e-02
1.102306e-02
1.079374e-02
1.075473e-02
1.046533e-02
1.041828e-02
1.026462e-02
1.012805e-02
9.780685e-03
9.712726e-03
1.001506e-02
1.032668e-02
1.035432e-02
1.020440e-02
1.011147e-02
1.016222e-02
9.840386e-03
1.009740e-02
9.637859e-03
9.161684e-03
8.324695e-03
8.203342e-03
7.845601e-03
7.443220e-03
7.193546e-03
6.743473e-03
6.859049e-03
6.919187e-03
6.911714e-03
7.232868e-03
7.453339e-03
7.443494e-03
7.882104e-03
8.142554e-03
8.777064e-03
9.442168e-03
1.017449e-02
1.042095e-02
1.115675e-02
1.147365e-02
1.131239e-02
1.122157e-02
1.102938e-02
1.075501e-02
1.023310e-02
1.023406e-02
1.011784e-02
1.012910e-02
9.903791e-03
9.607486e-03
9.195824e-03
8.855911e-03
8.431751e-03
8.183931e-03
8.100853e-03
7.967881e-03
7.811418e-03
7.491229e-03
7.358056e-03
7.168678e-03
6.892534e-03
6.724042e-03
6.840043e-03
6.338533e-03
6.542270e-03
6.737429e-03
6.829361e-03
7.372818e-03
7.745549e-03
7.963328e-03
8.142187e-03
8.045587e-03
8.182061e-03
8.523560e-03
8.862973e-03
9.072788e-03
9.328742e-03
8.948073e-03
8.957483e-03
8.990792e-03
8.527709e-03
8.390297e-03
8.317041e-03
8.009631e-03
7.477585e-03
7.217187e-03
6.969423e-03
6.699869e-03
6.219344e-03
6.087259e-03
6.033137e-03
5.975925e-03
5.916281e-03
5.473135e-03
5.382122e-03
5.439585e-03
4.684942e-03
4.827062e-03
4.424954e-03
3.638238e-03
3.693359e-03
2.953155e-03
2.342094e-03
1.846922e-03
1.434855e-03
1.347288e-03
9.935964e-04
6.412435e-04
4.736947e-04
-2.450490e-04
-7.079253e-04
-1.052412e-03
-1.475862e-03
-1.989130e-03
-1.879643e-03
-1.707081e-03
-1.771685e-03
-2.032252e-03
-1.786247e-03
-1.675419e-03
-1.966006e-03
-1.745356e-03
-1.529587e-03
-1.143895e-03
-6.519921e-04
-3.586503e-04
1.583253e-04
8.018806e-04
1.113898e-03
1.429132e-03
1.715740e-03
1.449222e-03
1.753916e-03
1.995253e-03
1.832369e-03
2.147479e-03
1.917419e-03
1.722526e-03
1.597536e-03
1.227074e-03
1.260601e-03
8.574986e-04
8.304845e-04
6.608600e-04
6.008680e-04
6.200368e-04
2.971589e-04
3.315234e-04
-7.553118e-05
-1.199446e-04
-1.928871e-04
-3.036595e-04
-4.553204e-04
-5.596813e-04
-6.653341e-04
-5.981587e-04
-6.527522e-04
-6.068260e-04
-6.518728e-04
-9.552733e-04
-1.119452e-03
-6.776432e-04
-9.290294e-04
-6.122630e-04
-6.737089e-04
-8.603375e-04
-1.127120e-03
-1.440023e-03
-2.074542e-03
-2.648856e-03
-3.412495e-03
-3.916957e-03
-4.152210e-03
-4.832353e-03
-5.054104e-03
-6.258649e-03
-7.372542e-03
-8.342706e-03
-9.376990e-03
-1.019884e-02
-1.080192e-02
-1.155944e-02
-1.181431e-02
-1.215287e-02
-1.213226e-02
-1.182509e-02
-1.159923e-02
-1.164256e-02
-1.139761e-02
-1.114708e-02
-1.092266e-02
-1.024899e-02
-1.009751e-02
-9.923894e-03
-9.679571e-03
-9.991691e-03
-9.845181e-03
-1.000655e-02
-9.614742e-03
-9.475129e-03
-9.643394e-03
-9.240681e-03
-9.722128e-03
-9.200429e-03
-9.100810e-03
-8.993110e-03
-8.423542e-03
-8.481203e-03
-8.162892e-03
-7.840230e-03
-7.577506e-03
-7.105951e-03
-6.633130e-03
-6.351882e-03
-6.103129e-03
-5.890039e-03
-5.505778e-03
-5.372211e-03
-5.527139e-03
-5.834579e-03
-6.600860e-03
-6.728554e-03
-6.834612e-03
-7.069476e-03
-7.134236e-03
-7.058939e-03
-7.214261e-03
-7.470764e-03
-7.400816e-03
-7.085113e-03
-7.185672e-03
-7.220432e-03
-7.283179e-03
-7.413942e-03
-7.517734e-03
-7.089353e-03
-7.054336e-03
-6.986591e-03
-6.864896e-03
-7.057191e-03
-7.140556e-03
-6.706339e-03
-6.728200e-03
-6.789375e-03
-6.873406e-03
-6.865252e-03
-7.138720e-03
-7.214204e-03
-7.056526e-03
-7.477103e-03
-7.598792e-03
-7.703313e-03
-7.639603e-03
-8.015857e-03
-7.880472e-03
-8.236467e-03
-8.570649e-03
-8.699941e-03
-8.977556e-03
-9.209132e-03
-9.186788e-03
-9.010141e-03
-8.951607e-03
-9.001142e-03
-8.893381e-03
-8.886060e-03
-9.002676e-03
-8.957806e-03
-8.977615e-03
-8.288483e-03
-8.268709e-03
-8.004806e-03
-7.614343e-03
-7.809992e-03
-7.249044e-03
-7.210319e-03
-6.647236e-03
-6.502202e-03
-6.278125e-03
-5.760068e-03
-5.477672e-03
-5.210092e-03
-4.783081e-03
-4.768938e-03
-4.618020e-03
-4.420927e-03
-3.928395e-03
-3.765037e-03
-3.841399e-03
-3.717224e-03
-3.734039e-03
-3.787303e-03
-3.594067e-03
-3.187765e-03
-2.729233e-03
-2.361796e-03
-2.398998e-03
-2.289162e-03
-1.940211e-03
-1.557772e-03
-1.211544e-03
-1.092915e-03
-8.235824e-04
-8.424032e-04
-7.021838e-04
-1.629606e-04
2.280765e-04
3.461830e-04
5.951254e-04
1.272800e-03
1.474599e-03
2.080174e-03
2.892168e-03
3.492366e-03
4.062310e-03
4.833098e-03
5.397124e-03
6.341216e-03
6.999822e-03
7.452449e-03
7.999724e-03
8.314232e-03
8.450920e-03
8.957634e-03
9.174622e-03
9.525754e-03
9.898987e-03
1.022724e-02
1.049544e-02
1.117888e-02
1.136388e-02
1.164040e-02
1.195084e-02
1.220380e-02
1.213832e-02
1.270844e-02
1.257263e-02
1.275190e-02
1.300273e-02
1.330490e-02
1.438150e-02
1.476444e-02
1.539933e-02
1.590436e-02
1.588378e-02
1.615851e-02
1.656981e-02
1.693990e-02
1.725578e-02
1.752143e-02
1.829886e-02
1.878093e-02
1.935529e-02
1.996561e-02
2.031335e-02
2.056019e-02
2.070178e-02
2.065758e-02
2.064464e-02
2.076704e-02
2.033526e-02
2.003601e-02
2.010793e-02
1.953952e-02
1.968202e-02
1.979715e-02
1.953917e-02
1.934299e-02
1.922155e-02
1.886418e-02
1.848475e-02
1.849656e-02
1.845702e-02
1.793274e-02
1.768514e-02
1.743338e-02
1.714428e-02
1.674489e-02
1.631824e-02
1.588036e-02
1.572469e-02
1.504713e-02
1.442117e-02
1.358635e-02
1.299732e-02
1.250032e-02
1.171716e-02
1.119878e-02
1.037596e-02
9.325715e-03
8.287532e-03
7.184886e-03
6.617976e-03
5.947250e-03
5.418804e-03
5.200638e-03
4.457509e-03
4.523191e-03
4.326691e-03
3.603930e-03
3.560228e-03
3.136100e-03
3.222975e-03
3.394579e-03
3.006933e-03
2.882249e-03
3.263882e-03
2.813382e-03
2.577916e-03
2.200886e-03
1.996019e-03
1.401837e-03
6.104253e-04
2.040584e-04
-3.008359e-04
-5.784514e-04
-1.088464e-03
-1.500669e-03
-2.214371e-03
-2.804983e-03
-3.685737e-03
-3.853094e-03
-4.402135e-03
-4.769612e-03
-4.597487e-03
-4.859550e-03
-5.130510e-03
-5.307110e-03
-5.419325e-03
-5.545286e-03
-6.028590e-03
-6.278528e-03
-6.613854e-03
-7.236624e-03
-7.472803e-03
-7.723118e-03
-7.982973e-03
-8.183441e-03
-8.621132e-03
-8.940000e-03
-9.096165e-03
-9.584962e-03
-9.786352e-03
-9.955964e-03
-1.017452e-02
-9.922783e-03
-9.912655e-03
-9.528634e-03
-9.525133e-03
-9.882308e-03
-9.715050e-03
-9.874720e-03
-9.894508e-03
-1.025686e-02
-1.045826e-02
-1.101785e-02
-1.133090e-02
-1.164332e-02
-1.203322e-02
-1.268343e-02
-1.316734e-02
-1.382717e-02
-1.452365e-02
-1.514139e-02
-1.540327e-02
-1.588054e-02
-1.604353e-02
-1.635476e-02
-1.681076e-02
-1.695753e-02
-1.733910e-02
-1.726837e-02
-1.743437e-02
-1.729771e-02
-1.689556e-02
-1.675939e-02
-1.624534e-02
-1.580147e-02
-1.543450e-02
-1.448322e-02
-1.402276e-02
-1.355430e-02
-1.321475e-02
-1.285641e-02
-1.270342e-02
-1.258192e-02
-1.245242e-02
-1.236466e-02
-1.211299e-02
-1.204741e-02
-1.184922e-02
-1.158736e-02
-1.167304e-02
-1.162237e-02
-1.138122e-02
-1.123471e-02
-1.133006e-02
-1.111214e-02
-1.079006e-02
-1.104986e-02
-1.053695e-02
-1.028047e-02
-1.003059e-02
-9.760187e-03
-9.283595e-03
-9.134325e-03
-8.771705e-03
-8.151058e-03
-7.916835e-03
-7.352458e-03
-7.094167e-03
-6.580166e-03
-6.177334e-03
-5.767065e-03
-5.488936e-03
-4.883843e-03
-4.837899e-03
-4.596845e-03
-4.068419e-03
-3.785793e-03
-3.612273e-03
-3.798323e-03
-3.336938e-03
-3.369253e-03
-3.399073e-03
-2.923962e-03
-3.155960e-03
-3.188467e-03
-2.822688e-03
-2.714568e-03
-2.406855e-03
-1.923052e-03
-1.829338e-03
-1.316806e-03
-1.089997e-03
-7.298185e-04
-4.850156e-04
-3.452052e-04
-4.399313e-05
1.334943e-04
2.136090e-04
1.219330e-04
8.851580e-06
-1.540833e-04
1.439498e-04
-1.748205e-05
-1.297315e-04
-2.405859e-04
-7.781155e-04
-8.224142e-04
-8.030255e-04
-8.226648e-04
-8.164712e-04
-1.132468e-03
-1.427539e-03
-1.748479e-03
-1.749253e-03
-2.067162e-03
-2.358785e-03
-2.699716e-03
-2.961498e-03
-3.400094e-03
-4.005267e-03
-4.521515e-03
-4.847387e-03
-4.915900e-03
-5.342177e-03
-5.525298e-03
-5.463948e-03
-5.516442e-03
-5.374322e-03
-5.165452e-03
-5.327592e-03
-4.999888e-03
-4.921321e-03
-4.862083e-03
-4.811270e-03
-5.038755e-03
-4.991575e-03
-5.249680e-03
-5.451965e-03
-5.488599e-03
-5.482254e-03
-5.455415e-03
-5.245409e-03
-4.968372e-03
-4.790575e-03
-4.658864e-03
-4.625330e-03
-4.516584e-03
-4.240722e-03
-3.933888e-03
-3.604657e-03
-3.335017e-03
-3.255035e-03
-3.090680e-03
-2.758461e-03
-2.677639e-03
-2.296138e-03
-2.297323e-03
-2.378009e-03
-2.056567e-03
-1.761341e-03
-1.712365e-03
-1.549384e-03
-1.438614e-03
-1.323260e-03
-1.114824e-03
-6.382182e-04
-4.221417e-04
1.589062e-05
3.523570e-04
4.187930e-04
9.026872e-04
1.534223e-03
1.950976e-03
1.861267e-03
2.154462e-03
2.880157e-03
2.871782e-03
3.770203e-03
4.147433e-03
4.259210e-03
4.586909e-03
4.974018e-03
5.063873e-03
5.341651e-03
5.688453e-03
5.869974e-03
5.919950e-03
5.927906e-03
5.851358e-03
6.111531e-03
5.924803e-03
5.352061e-03
5.420376e-03
5.158084e-03
5.212796e-03
4.710086e-03
4.600084e-03
4.211929e-03
3.876785e-03
3.467136e-03
3.122210e-03
3.064540e-03
2.859459e-03
2.345801e-03
1.911084e-03
1.586285e-03
1.058216e-03
5.420338e-04
4.215086e-04
-2.906365e-04
-4.719989e-04
-4.348402e-04
-7.809083e-05
1.370050e-05
9.120331e-06
6.086165e-04
6.072851e-04
9.979566e-04
1.709721e-03
2.243944e-03
2.765905e-03
3.453138e-03
3.973155e-03
4.531466e-03
5.150576e-03
5.486374e-03
5.754203e-03
5.847456e-03
5.962332e-03
6.123889e-03
5.814660e-03
6.023622e-03
5.975129e-03
5.918366e-03
6.146452e-03
6.116955e-03
5.976110e-03
5.498658e-03
5.566006e-03
5.504736e-03
5.274918e-03
5.125751e-03
4.825525e-03
4.342230e-03
3.921198e-03
3.500085e-03
2.987653e-03
2.821491e-03
2.872959e-03
2.528819e-03
2.625593e-03
2.654196e-03
2.818752e-03
3.214868e-03
3.750547e-03
4.505888e-03
4.815728e-03
5.630923e-03
5.972917e-03
6.625004e-03
7.161308e-03
7.648631e-03
8.186400e-03
8.516462e-03
8.571016e-03
8.708024e-03
8.869374e-03
8.850864e-03
9.111667e-03
8.886982e-03
8.395956e-03
8.259360e-03
7.561265e-03
7.033626e-03
6.856014e-03
6.622224e-03
6.264026e-03
6.022522e-03
5.866534e-03
5.623042e-03
5.611130e-03
5.551847e-03
5.770828e-03
6.070520e-03
6.217060e-03
6.727390e-03
7.232113e-03
7.645645e-03
7.810441e-03
8.812499e-03
9.299849e-03
9.617478e-03
1.010691e-02
1.011955e-02
1.027797e-02
1.038819e-02
1.020588e-02
1.039243e-02
1.058733e-02
1.076010e-02
1.098106e-02
1.144263e-02
1.229481e-02
1.267496e-02
1.350736e-02
1.439497e-02
1.516727e-02
1.574579e-02
1.630885e-02
1.657585e-02
1.705647e-02
1.688704e-02
1.694580e-02
1.695769e-02
1.647879e-02
1.608833e-02
1.555369e-02
1.509101e-02
1.483649e-02
1.447196e-02
1.360788e-02
1.323966e-02
1.263382e-02
1.172544e-02
1.136810e-02
1.086320e-02
1.120288e-02
1.091580e-02
1.084454e-02
1.109503e-02
1.094760e-02
1.113894e-02
1.098618e-02
1.065679e-02
1.061021e-02
1.039617e-02
1.019435e-02
1.005156e-02
9.435547e-03
9.273885e-03
9.145789e-03
9.024411e-03
8.598280e-03
8.445599e-03
8.433509e-03
8.255032e-03
8.233319e-03
8.076696e-03
7.671156e-03
7.492492e-03
6.872862e-03
6.428635e-03
6.260201e-03
6.228405e-03
5.866585e-03
5.721749e-03
5.607227e-03
5.103777e-03
4.617154e-03
4.390695e-03
3.990084e-03
3.545776e-03
2.790537e-03
2.400589e-03
2.141219e-03
1.740167e-03
1.332066e-03
7.740977e-04
3.769408e-04
-3.756913e-04
-7.924184e-04
-1.312947e-03
-1.825847e-03
-1.894900e-03
-2.504381e-03
-2.710209e-03
-2.764544e-03
-3.352739e-03
-3.667824e-03
-3.674335e-03
-3.721929e-03
-3.819126e-03
-3.508427e-03
-3.392327e-03
-3.181942e-03
-3.238788e-03
-3.005718e-03
-2.990183e-03
-2.706385e-03
-2.912078e-03
-2.915675e-03
-2.952362e-03
-2.892585e-03
-2.981917e-03
-2.775677e-03
-2.735522e-03
-2.766200e-03
-2.676889e-03
-2.941931e-03
-2.817007e-03
-2.965262e-03
-3.266961e-03
-3.401614e-03
-3.349693e-03
-3.376466e-03
-3.349887e-03
-3.393503e-03
-3.293194e-03
-3.246784e-03
-3.511836e-03
-3.633812e-03
-3.662377e-03
-3.772133e-03
-3.710722e-03
-4.137508e-03
-4.091962e-03
-4.172144e-03
-4.580316e-03
-4.479970e-03
-4.379443e-03
-4.223606e-03
-4.444445e-03
-4.258679e-03
-4.596944e-03
-4.711090e-03
-4.906800e-03
-4.844982e-03
-4.844455e-03
-4.962666e-03
-4.852963e-03
-5.131477e-03
-5.279375e-03
-5.186246e-03
-5.333301e-03
-5.274398e-03
-5.330365e-03
-5.558093e-03
-5.709536e-03
-5.985642e-03
-6.232475e-03
-6.478619e-03
-7.049384e-03
-7.203158e-03
-7.139739e-03
-7.569438e-03
-8.176146e-03
-8.695233e-03
-9.006838e-03
-9.456247e-03
-9.958839e-03
-1.014545e-02
-1.037041e-02
-1.078397e-02
-1.149702e-02
-1.200331e-02
-1.226257e-02
-1.288888e-02
-1.318422e-02
-1.320654e-02
-1.354938e-02
-1.405940e-02
-1.397794e-02
-1.409183e-02
-1.445053e-02
-1.449264e-02
-1.496945e-02
-1.534404e-02
-1.591808e-02
-1.631312e-02
-1.671108e-02
-1.699782e-02
-1.695869e-02
-1.716276e-02
-1.751429e-02
-1.744248e-02
-1.768849e-02
-1.825907e-02
-1.810015e-02
-1.803832e-02
-1.810798e-02
-1.790587e-02
-1.754745e-02
-1.759064e-02
-1.714532e-02
-1.693974e-02
-1.674475e-02
-1.661798e-02
-1.687337e-02
-1.649662e-02
-1.648169e-02
-1.626699e-02
-1.628982e-02
-1.613934e-02
-1.592847e-02
-1.580416e-02
-1.541172e-02
-1.521362e-02
-1.493426e-02
-1.508599e-02
-1.514783e-02
-1.515314e-02
-1.537227e-02
-1.500308e-02
-1.532199e-02
-1.532511e-02
-1.529167e-02
-1.509158e-02
-1.510568e-02
-1.528358e-02
-1.533814e-02
-1.562461e-02
-1.528349e-02
-1.547087e-02
-1.553924e-02
-1.507984e-02
-1.490996e-02
-1.459137e-02
-1.418919e-02
-1.383707e-02
-1.310182e-02
-1.293381e-02
-1.291473e-02
-1.243609e-02
-1.202910e-02
-1.155393e-02
-1.126553e-02
-1.101848e-02
-1.081413e-02
-1.072129e-02
-1.026741e-02
-1.018504e-02
-9.583906e-03
-9.012639e-03
-8.911895e-03
-8.795132e-03
-8.609507e-03
-8.347674e-03
-8.089806e-03
-7.904485e-03
-7.720607e-03
-7.556000e-03
-7.259546e-03
-6.464814e-03
-6.402046e-03
-6.117785e-03
-6.101033e-03
-6.125247e-03
-5.670072e-03
-5.204548e-03
-5.246557e-03
-4.875517e-03
-4.429485e-03
-4.253801e-03
-3.356886e-03
-2.826715e-03
-2.194780e-03
-1.778702e-03
-1.239720e-03
-1.041126e-03
-6.408003e-04
2.459938e-04
1.086233e-03
1.449590e-03
2.342633e-03
2.725495e-03
3.478690e-03
4.292436e-03
5.089619e-03
5.627735e-03
5.983780e-03
6.261309e-03
6.359492e-03
6.742976e-03
7.033394e-03
7.295134e-03
7.161683e-03
7.327959e-03
6.916082e-03
7.136291e-03
7.492947e-03
7.406451e-03
7.980120e-03
7.821744e-03
8.103466e-03
8.695292e-03
9.015846e-03
9.704095e-03
1.009812e-02
1.013911e-02
1.090068e-02
1.132059e-02
1.179519e-02
1.247370e-02
1.302761e-02
1.348451e-02
1.408465e-02
1.424989e-02
1.413184e-02
1.433253e-02
1.451917e-02
1.529794e-02
1.553577e-02
1.621199e-02
1.644554e-02
1.661274e-02
1.686962e-02
1.713155e-02
1.770149e-02
1.782629e-02
1.819766e-02
1.878826e-02
1.879171e-02
1.884474e-02
1.903350e-02
1.930633e-02
1.922478e-02
1.920395e-02
1.905343e-02
1.921568e-02
1.952571e-02
1.964716e-02
2.028057e-02
2.066132e-02
2.075817e-02
2.104242e-02
2.066966e-02
2.062175e-02
2.049612e-02
1.961996e-02
1.905287e-02
1.883627e-02
1.845361e-02
1.830311e-02
1.816736e-02
1.811314e-02
1.805492e-02
1.734910e-02
1.744166e-02
1.753112e-02
1.777501e-02
1.820910e-02
1.848701e-02
1.844039e-02
1.834273e-02
1.870760e-02
1.860645e-02
1.854230e-02
1.855933e-02
1.852222e-02
1.766517e-02
1.722894e-02
1.722304e-02
1.666216e-02
1.624001e-02
1.587248e-02
1.553671e-02
1.501226e-02
1.446675e-02
1.413488e-02
1.345894e-02
1.304575e-02
1.212224e-02
1.129466e-02
1.066689e-02
9.595188e-03
8.824186e-03
7.813042e-03
6.611859e-03
5.690273e-03
4.971495e-03
3.975980e-03
3.010301e-03
2.273874e-03
1.355839e-03
5.291967e-04
-1.499256e-04
-1.021684e-03
-1.436292e-03
-2.505858e-03
-3.508758e-03
-4.050939e-03
-4.896856e-03
-5.524441e-03
-6.272431e-03
-7.133779e-03
-7.790978e-03
-8.073289e-03
-8.479057e-03
-9.184555e-03
-9.718619e-03
-9.877808e-03
-1.016927e-02
-1.036114e-02
-1.042751e-02
-1.067229e-02
-1.045585e-02
-1.061360e-02
-1.061809e-02
-1.045546e-02
-1.066523e-02
-1.047688e-02
-1.053118e-02
-1.057721e-02
-1.066086e-02
-1.071715e-02
-1.106351e-02
-1.120161e-02
-1.136194e-02
-1.103810e-02
-1.097012e-02
-1.119830e-02
-1.116212e-02
-1.136679e-02
-1.105786e-02
-1.087004e-02
-1.086298e-02
-1.035313e-02
-9.780190e-03
-9.514382e-03
-9.026118e-03
-8.880499e-03
-8.561199e-03
-8.055329e-03
-7.813761e-03
-7.729979e-03
-7.303714e-03
-7.088035e-03
-6.640561e-03
-6.640756e-03
-6.462888e-03
-6.331823e-03
-5.995284e-03
-5.554164e-03
-5.409421e-03
-4.970009e-03
-4.615540e-03
-4.560996e-03
-4.097956e-03
-3.701176e-03
-3.513051e-03
-3.196533e-03
-3.130670e-03
-2.970134e-03
-2.929899e-03
-2.514994e-03
-2.000855e-03
-2.104490e-03
-1.651205e-03
-1.674093e-03
-1.439811e-03
-1.144339e-03
-1.102678e-03
-1.142183e-03
-7.585125e-04
-6.446615e-04
-7.727659e-04
-4.073125e-04
1.339613e-04
6.373931e-04
1.030781e-03
1.581748e-03
1.965305e-03
2.176073e-03
3.049938e-03
3.273485e-03
3.948770e-03
4.485891e-03
4.649746e-03
5.260599e-03
5.694504e-03
5.958334e-03
5.974107e-03
6.334604e-03
6.440026e-03
6.401035e-03
6.754085e-03
6.953206e-03
6.903248e-03
6.911455e-03
7.224592e-03
7.204473e-03
7.249194e-03
7.168856e-03
7.362837e-03
7.492901e-03
7.831124e-03
7.899772e-03
7.645366e-03
7.446056e-03
7.046239e-03
6.916755e-03
6.424805e-03
6.212391e-03
6.433408e-03
6.551503e-03
6.592802e-03
7.028399e-03
7.843447e-03
8.334192e-03
8.492087e-03
8.508645e-03
8.267341e-03
7.788173e-03
7.947575e-03
8.277506e-03
8.954917e-03
9.371664e-03
9.567963e-03
9.530816e-03
9.103144e-03
8.627826e-03
8.614834e-03
8.494295e-03
8.216662e-03
8.308786e-03
8.227429e-03
8.121221e-03
8.188606e-03
8.120841e-03
8.544350e-03
8.233646e-03
8.143816e-03
8.146850e-03
7.837256e-03
7.593416e-03
7.699318e-03
7.608991e-03
7.423573e-03
7.494333e-03
7.070566e-03
6.456078e-03
5.572092e-03
4.889930e-03
4.689638e-03
3.747173e-03
3.723948e-03
3.106810e-03
2.500713e-03
2.186880e-03
1.153370e-03
9.771378e-04
9.410565e-04
5.622206e-04
4.892651e-04
4.254937e-04
4.148845e-04
1.494713e-04
-2.578677e-04
-3.134920e-04
-1.023207e-03
-1.258385e-03
-1.417697e-03
-1.679558e-03
-1.956576e-03
-2.433729e-03
-2.551627e-03
-2.677603e-03
-3.155242e-03
-3.384852e-03
-3.518490e-03
-3.811787e-03
-3.721815e-03
-4.029388e-03
-4.131112e-03
-4.103250e-03
-4.491861e-03
-4.801966e-03
-5.121584e-03
-5.311738e-03
-5.112063e-03
-5.501292e-03
-5.160148e-03
-5.484177e-03
-5.162903e-03
-5.153717e-03
-5.625070e-03
-5.632793e-03
-5.523080e-03
-6.178885e-03
-6.090313e-03
-5.732160e-03
-6.025034e-03
-5.735095e-03
-5.750808e-03
-5.685162e-03
-6.207248e-03
-6.513072e-03
-6.616587e-03
-6.963032e-03
-6.704939e-03
-6.878252e-03
-7.267125e-03
-7.419927e-03
-7.541272e-03
-7.949194e-03
-7.813188e-03
-7.854828e-03
-8.195909e-03
-7.985235e-03
-8.044916e-03
-8.393220e-03
-8.482234e-03
-8.503116e-03
-8.684731e-03
-9.059621e-03
-9.266595e-03
-9.184588e-03
-9.623687e-03
-1.024896e-02
-1.069036e-02
-1.124118e-02
-1.161257e-02
-1.182525e-02
-1.207493e-02
-1.235161e-02
-1.250540e-02
-1.238909e-02
-1.264207e-02
-1.289859e-02
-1.312627e-02
-1.341885e-02
-1.356540e-02
-1.373742e-02
-1.372060e-02
-1.390661e-02
-1.367188e-02
-1.357084e-02
-1.352524e-02
-1.375153e-02
-1.371226e-02
-1.358754e-02
-1.338861e-02
-1.285484e-02
-1.285934e-02
-1.236410e-02
-1.202560e-02
-1.199576e-02
-1.144535e-02
-1.164995e-02
-1.217908e-02
-1.216770e-02
-1.238272e-02
-1.262825e-02
-1.262816e-02
-1.267764e-02
-1.257885e-02
-1.314300e-02
-1.338425e-02
-1.361197e-02
-1.366716e-02
-1.352894e-02
-1.333321e-02
-1.343000e-02
-1.334208e-02
-1.349519e-02
-1.339412e-02
-1.290902e-02
-1.266907e-02
-1.228969e-02
-1.214159e-02
-1.201561e-02
-1.191807e-02
-1.169134e-02
-1.120791e-02
-1.106813e-02
-1.069187e-02
-1.008759e-02
-9.838269e-03
-9.613448e-03
-9.298879e-03
-9.240211e-03
-9.360930e-03
-9.366233e-03
-9.229638e-03
-9.026306e-03
-9.177210e-03
-8.870578e-03
-8.773024e-03
-9.058497e-03
-8.858423e-03
-8.895960e-03
-9.008192e-03
-8.868984e-03
-8.256919e-03
-7.750418e-03
-7.133995e-03
-6.668741e-03
-6.191511e-03
-6.241265e-03
-5.897617e-03
-5.653703e-03
-5.471335e-03
-4.668548e-03
-4.558892e-03
-4.075808e-03
-3.776865e-03
-3.949456e-03
-3.637616e-03
-3.204230e-03
-2.961693e-03
-3.239732e-03
-3.182846e-03
-2.779363e-03
-2.787380e-03
-2.208160e-03
-1.792391e-03
-1.488319e-03
-1.196223e-03
-8.675810e-04
-5.498193e-04
-3.455292e-04
-2.646547e-04
-1.423328e-04
-2.364441e-04
-1.198614e-04
-3.381474e-04
-4.756568e-04
-1.049532e-03
-1.054219e-03
-1.012156e-03
-9.064949e-04
-5.764656e-04
-2.100141e-04
-3.756430e-04
-2.402484e-04
-4.929026e-04
-8.110907e-04
-7.558831e-04
-6.496352e-04
-3.901067e-04
-5.570038e-05
2.267443e-04
2.735084e-04
1.437723e-04
2.248537e-04
4.564526e-04
6.148432e-04
1.135618e-03
1.238921e-03
1.359058e-03
1.557591e-03
2.088624e-03
2.766369e-03
3.288004e-03
3.172977e-03
3.071714e-03
3.509654e-03
3.513559e-03
3.673361e-03
3.841502e-03
3.707797e-03
3.432340e-03
3.767732e-03
3.638343e-03
4.000177e-03
4.307092e-03
4.170773e-03
4.059331e-03
4.184624e-03
4.623495e-03
4.946280e-03
4.801813e-03
5.248420e-03
5.282582e-03
5.339424e-03
5.492544e-03
5.869773e-03
6.171741e-03
6.076087e-03
5.776108e-03
5.546772e-03
5.639195e-03
5.541494e-03
5.442275e-03
5.530773e-03
5.701531e-03
6.023682e-03
6.441054e-03
6.674845e-03
6.495638e-03
6.527678e-03
6.286427e-03
6.723808e-03
7.167745e-03
6.899293e-03
7.011544e-03
6.919760e-03
6.773502e-03
6.720939e-03
7.003195e-03
6.774853e-03
6.251624e-03
6.292581e-03
6.317469e-03
6.544364e-03
7.060478e-03
7.109785e-03
7.392878e-03
7.399506e-03
7.460008e-03
7.967142e-03
8.144080e-03
8.400094e-03
8.669405e-03
8.540472e-03
9.016057e-03
8.880524e-03
8.862727e-03
9.068425e-03
8.725785e-03
8.662541e-03
8.924832e-03
9.062188e-03
9.042133e-03
9.570169e-03
9.210292e-03
9.197389e-03
9.658432e-03
9.718482e-03
9.775415e-03
1.015230e-02
1.019332e-02
1.029998e-02
1.027370e-02
1.024318e-02
1.039645e-02
1.055390e-02
1.054667e-02
1.074580e-02
1.074417e-02
1.054239e-02
1.090281e-02
1.090355e-02
1.086381e-02
1.101515e-02
1.120412e-02
1.175943e-02
1.167403e-02
1.142105e-02
1.203207e-02
1.189564e-02
1.174370e-02
1.206593e-02
1.213375e-02
1.223592e-02
1.217033e-02
1.192296e-02
1.186461e-02
1.194661e-02
1.176843e-02
1.189935e-02
1.167893e-02
1.158681e-02
1.149436e-02
1.151460e-02
1.123259e-02
1.115559e-02
1.137887e-02
1.135171e-02
1.120842e-02
1.107110e-02
1.099898e-02
1.071644e-02
1.069390e-02
1.042715e-02
9.994396e-03
9.750224e-03
9.980787e-03
9.785022e-03
9.538124e-03
9.567071e-03
9.375447e-03
9.320967e-03
9.034839e-03
8.707696e-03
8.439806e-03
8.337992e-03
8.294885e-03
8.524283e-03
8.763625e-03
8.411893e-03
8.355574e-03
8.587768e-03
8.154318e-03
8.104677e-03
8.673445e-03
8.496215e-03
8.803155e-03
8.654014e-03
8.498434e-03
8.537544e-03
8.543566e-03
8.826533e-03
8.867472e-03
8.750725e-03
8.434136e-03
8.285874e-03
8.130887e-03
8.109088e-03
7.668972e-03
7.514431e-03
7.475401e-03
7.091748e-03
7.056483e-03
6.577175e-03
6.212927e-03
5.942062e-03
5.512824e-03
5.258234e-03
4.850291e-03
4.507298e-03
4.336005e-03
3.965866e-03
3.680440e-03
3.399233e-03
3.569289e-03
3.324916e-03
3.259450e-03
3.110823e-03
2.949689e-03
3.028063e-03
3.225230e-03
3.183362e-03
3.421150e-03
3.690012e-03
3.186958e-03
2.993554e-03
3.061782e-03
2.746845e-03
3.037617e-03
2.742089e-03
2.393590e-03
2.255177e-03
2.022922e-03
1.654309e-03
1.405349e-03
1.323851e-03
1.490100e-03
1.362729e-03
1.606868e-03
1.925778e-03
1.940812e-03
2.239425e-03
2.189190e-03
2.071433e-03
2.215376e-03
2.508935e-03
2.687935e-03
2.444334e-03
1.760867e-03
1.335494e-03
1.088005e-03
6.957054e-04
5.779576e-04
3.838567e-04
1.081180e-04
-4.021358e-04
-7.597858e-04
-1.003618e-03
-1.240366e-03
-1.495875e-03
-1.423348e-03
-1.716390e-03
-1.840117e-03
-1.759078e-03
-1.946491e-03
-2.025966e-03
-2.293819e-03
-2.587763e-03
-2.019731e-03
-1.949421e-03
-1.813699e-03
-1.982923e-03
-2.562064e-03
-3.065911e-03
-3.144742e-03
-3.054907e-03
-2.930826e-03
-3.154153e-03
-3.479143e-03
-3.555857e-03
-4.224801e-03
-4.303017e-03
-4.638796e-03
-4.868691e-03
-5.321047e-03
-5.668886e-03
-5.941740e-03
-6.123802e-03
-6.456487e-03
-6.586077e-03
-7.095626e-03
-7.022389e-03
-7.656814e-03
-8.003792e-03
-7.785139e-03
-7.938936e-03
-8.225171e-03
-8.162715e-03
-8.037707e-03
-7.934678e-03
-8.353048e-03
-8.768880e-03
-9.219201e-03
-9.677772e-03
-9.938659e-03
-9.655792e-03
-9.663470e-03
-9.657473e-03
-9.952118e-03
-1.034032e-02
-1.069528e-02
-1.114449e-02
-1.122612e-02
-1.086256e-02
-1.066658e-02
-1.039204e-02
-1.015799e-02
-1.024153e-02
-1.050569e-02
-1.053558e-02
-1.047613e-02
-1.031734e-02
-9.917432e-03
-9.786278e-03
-9.599362e-03
-9.371872e-03
-9.299023e-03
-8.783739e-03
-8.577194e-03
-8.121364e-03
-7.861748e-03
-7.504489e-03
-6.643665e-03
-6.201636e-03
-5.589049e-03
-5.031157e-03
-4.231887e-03
-3.745273e-03
-2.908567e-03
-2.495415e-03
-2.084001e-03
-1.497353e-03
-9.074561e-04
-4.671198e-04
-2.049197e-04
1.487141e-04
3.753964e-04
5.731149e-04
7.187095e-04
1.005763e-03
1.258651e-03
1.420457e-03
1.331066e-03
1.804565e-03
1.611206e-03
1.442517e-03
1.897159e-03
1.859854e-03
2.197118e-03
2.086921e-03
2.147448e-03
2.371365e-03
2.242518e-03
2.410806e-03
2.019794e-03
2.128624e-03
1.865908e-03
1.935358e-03
2.000627e-03
2.023696e-03
2.205289e-03
1.902187e-03
1.731850e-03
1.653181e-03
1.707082e-03
1.649950e-03
1.729114e-03
1.585270e-03
1.584156e-03
1.470582e-03
1.446898e-03
1.391889e-03
1.507459e-03
1.256101e-03
1.236837e-03
9.873438e-04
1.074750e-03
7.724207e-04
6.277531e-04
5.032011e-04
6.614638e-04
6.312564e-04
5.290077e-04
2.690628e-04
2.325790e-04
-6.163832e-05
-3.430476e-04
-1.277242e-04
-5.439244e-04
-4.103949e-04
-7.290125e-04
-1.170158e-03
-1.312877e-03
-1.454344e-03
-1.791475e-03
-1.887763e-03
-2.201836e-03
-2.410987e-03
-2.712058e-03
-3.160275e-03
-3.353991e-03
-3.589989e-03
-3.950531e-03
-4.143870e-03
-4.162022e-03
-4.559994e-03
-4.550956e-03
-4.822543e-03
-4.944564e-03
-4.931294e-03
-5.188978e-03
-4.997106e-03
-5.062152e-03
-5.381531e-03
-5.555997e-03
-5.653136e-03
-5.819861e-03
-6.183113e-03
-6.452299e-03
-6.865059e-03
-7.524477e-03
-7.905868e-03
-7.934911e-03
-8.173000e-03
-8.637098e-03
-8.900830e-03
-9.143381e-03
-9.132288e-03
-9.527129e-03
-8.939199e-03
-9.147091e-03
-9.073850e-03
-8.738945e-03
-8.972362e-03
-8.503363e-03
-8.520045e-03
-8.605435e-03
-8.280364e-03
-8.324829e-03
-8.449952e-03
-8.347723e-03
-8.200484e-03
-8.190112e-03
-8.308520e-03
-7.981871e-03
-8.235651e-03
-8.108917e-03
-8.207058e-03
-8.055801e-03
-8.091959e-03
-7.824261e-03
-7.669454e-03
-7.801605e-03
-7.508755e-03
-7.688428e-03
-7.376009e-03
-7.233997e-03
-7.387031e-03
-7.328627e-03
-7.376151e-03
-7.264626e-03
-7.275041e-03
-7.351467e-03
-7.411102e-03
-7.452264e-03
-7.261399e-03
-7.197998e-03
-6.942560e-03
-6.865455e-03
-7.049925e-03
-6.832937e-03
-6.704949e-03
-6.657232e-03
-6.637214e-03
-6.411233e-03
-6.212232e-03
-6.420411e-03
-6.271543e-03
-6.209090e-03
-6.267770e-03
-6.422482e-03
-6.552494e-03
-6.582491e-03
-6.739924e-03
-6.786811e-03
-6.885884e-03
-7.440610e-03
-7.534226e-03
-7.904414e-03
-7.649397e-03
-8.085118e-03
-7.927369e-03
-7.640213e-03
-8.157667e-03
-7.993536e-03
-8.045995e-03
-7.999912e-03
-7.462236e-03
-7.668734e-03
-7.836984e-03
-7.710635e-03
-7.647441e-03
-7.667345e-03
-7.992836e-03
-7.835028e-03
-7.724033e-03
-7.933528e-03
-7.665837e-03
-7.351683e-03
-7.364290e-03
-7.295158e-03
-7.194658e-03
-7.227564e-03
-7.250294e-03
-7.106534e-03
-6.945596e-03
-6.909848e-03
-6.581309e-03
-6.679989e-03
-6.392839e-03
-6.518213e-03
-6.426341e-03
-6.244763e-03
-5.978850e-03
-5.706550e-03
-5.906513e-03
-5.835223e-03
-5.867296e-03
-5.809952e-03
-5.637549e-03
-5.282344e-03
-5.001266e-03
-4.951903e-03
-4.749148e-03
-4.803426e-03
-4.506484e-03
-4.378895e-03
-4.126405e-03
-3.782224e-03
-3.523858e-03
-3.409783e-03
-3.013293e-03
-2.519128e-03
-2.527697e-03
-2.028471e-03
-1.973961e-03
-1.730483e-03
-1.872304e-03
-1.679796e-03
-1.465117e-03
-1.441427e-03
-1.023335e-03
-8.020836e-04
-5.992346e-04
-5.500635e-04
-5.354739e-04
9.288330e-06
1.969888e-04
6.375499e-04
1.013089e-03
1.631057e-03
2.202453e-03
2.627888e-03
2.978190e-03
3.385885e-03
4.000882e-03
4.173468e-03
4.645755e-03
4.922962e-03
5.190771e-03
5.315305e-03
4.985257e-03
5.297214e-03
5.268651e-03
4.998814e-03
4.981123e-03
4.953937e-03
4.770556e-03
5.045542e-03
4.980949e-03
5.258007e-03
5.381964e-03
5.365450e-03
5.943050e-03
6.063910e-03
6.723989e-03
6.722630e-03
7.059908e-03
7.618408e-03
7.727907e-03
8.468031e-03
8.518893e-03
8.963607e-03
9.084402e-03
8.910790e-03
9.699472e-03
9.557963e-03
9.562523e-03
9.707593e-03
9.838562e-03
9.996915e-03
9.997766e-03
1.049748e-02
1.080270e-02
1.060325e-02
1.100121e-02
1.150971e-02
1.139380e-02
1.196128e-02
1.216535e-02
1.225308e-02
1.273999e-02
1.270959e-02
1.331185e-02
1.366438e-02
1.382565e-02
1.398114e-02
1.394348e-02
1.394840e-02
1.394064e-02
1.398884e-02
1.414833e-02
1.389661e-02
1.391727e-02
1.376715e-02
1.394744e-02
1.411493e-02
1.373690e-02
1.413708e-02
1.388619e-02
1.394515e-02
1.404222e-02
1.427481e-02
1.444563e-02
1.427044e-02
1.438800e-02
1.482663e-02
1.489633e-02
1.488263e-02
1.519713e-02
1.481195e-02
1.516787e-02
1.565897e-02
1.532960e-02
1.593540e-02
1.590781e-02
1.604867e-02
1.592300e-02
1.554643e-02
1.560792e-02
1.514009e-02
1.526423e-02
1.468896e-02
1.411866e-02
1.401919e-02
1.384553e-02
1.323631e-02
1.308726e-02
1.290301e-02
1.229239e-02
1.189490e-02
1.182109e-02
1.113331e-02
1.050627e-02
9.944171e-03
9.497325e-03
9.196464e-03
8.346216e-03
8.133949e-03
7.742189e-03
7.210478e-03
6.778012e-03
6.358065e-03
5.937323e-03
5.709965e-03
5.287491e-03
5.198677e-03
4.982636e-03
4.734422e-03
4.523574e-03
4.728063e-03
4.647107e-03
4.656562e-03
4.425227e-03
4.478240e-03
4.238252e-03
3.968348e-03
4.139770e-03
3.792231e-03
3.477234e-03
3.551981e-03
3.273535e-03
2.798244e-03
2.681172e-03
2.556335e-03
2.083787e-03
1.777317e-03
1.957190e-03
1.643966e-03
1.190588e-03
1.022167e-03
7.204262e-04
5.588767e-04
7.282821e-05
-1.529114e-04
-5.713518e-04
-1.272407e-03
-1.491732e-03
-2.061051e-03
-2.605491e-03
-2.854121e-03
-3.498141e-03
-4.081801e-03
-4.155522e-03
-4.655984e-03
-5.245407e-03
-5.760537e-03
-6.097697e-03
-6.458914e-03
-6.899668e-03
-7.091220e-03
-7.655631e-03
-7.909477e-03
-8.134529e-03
-8.146270e-03
-8.213213e-03
-8.302697e-03
-8.270220e-03
-8.310493e-03
-8.228667e-03
-8.427249e-03
-8.188920e-03
-8.107635e-03
-7.976288e-03
-7.812741e-03
-7.832545e-03
-7.590076e-03
-7.397050e-03
-7.287734e-03
-7.519026e-03
-7.496940e-03
-7.354623e-03
-7.504864e-03
-7.495347e-03
-7.698831e-03
-7.713915e-03
-8.104484e-03
-8.109761e-03
-8.038324e-03
-8.278188e-03
-8.215248e-03
-8.502634e-03
-8.279595e-03
-8.413426e-03
-8.521149e-03
-8.699820e-03
-8.965141e-03
-8.935541e-03
-9.381108e-03
-9.300026e-03
-9.393737e-03
-9.244082e-03
-9.238099e-03
-8.817570e-03
-8.852448e-03
-8.861762e-03
-8.746274e-03
-8.132898e-03
-7.664307e-03
-7.856175e-03
-7.343134e-03
-7.523671e-03
-7.092917e-03
-6.692409e-03
-6.459595e-03
-5.664484e-03
-5.550461e-03
-5.443536e-03
-5.508312e-03
-5.114567e-03
-4.976003e-03
-4.569163e-03
-4.356380e-03
-4.188671e-03
-3.918109e-03
-3.692250e-03
-3.360217e-03
-3.056416e-03
-2.724922e-03
-2.490980e-03
-2.260793e-03
-1.943511e-03
-1.893333e-03
-1.724418e-03
-1.666333e-03
-1.701374e-03
-1.631827e-03
-1.490624e-03
-1.384643e-03
-1.200127e-03
-1.289542e-03
-1.464520e-03
-1.153251e-03
-1.318314e-03
-1.118340e-03
-9.092666e-04
-8.741840e-04
-8.108778e-04
-7.783095e-04
-8.859855e-04
-6.079016e-04
-3.801893e-04
-1.561285e-04
-8.212211e-05
5.608936e-05
-8.882520e-05
2.217250e-04
3.652281e-04
5.291874e-04
8.675866e-04
8.626150e-04
9.118733e-04
1.060284e-03
1.201940e-03
1.216571e-03
1.058330e-03
1.214965e-03
1.208301e-03
1.037501e-03
9.982911e-04
1.260359e-03
1.113129e-03
9.730526e-04
9.693024e-04
7.456133e-04
5.492414e-04
7.301835e-04
6.922140e-04
9.310049e-04
1.196871e-03
1.359266e-03
1.242640e-03
1.463290e-03
1.507815e-03
1.474675e-03
1.527940e-03
1.413207e-03
1.709010e-03
1.526608e-03
1.470488e-03
1.224317e-03
1.409667e-03
1.386585e-03
1.258661e-03
1.390506e-03
1.407685e-03
1.540093e-03
1.431937e-03
1.646891e-03
1.719235e-03
1.903358e-03
1.887521e-03
1.743258e-03
1.586918e-03
1.272080e-03
1.486664e-03
1.752621e-03
1.602361e-03
1.541944e-03
1.535762e-03
1.327725e-03
1.665047e-03
1.764146e-03
1.711289e-03
1.495040e-03
1.243347e-03
1.020107e-03
9.878608e-04
1.016624e-03
8.993935e-04
6.317271e-04
2.897533e-04
9.926954e-05
7.126429e-04
8.467054e-04
7.399468e-04
6.714198e-04
6.591568e-04
8.012971e-04
9.853935e-04
1.579819e-03
2.033862e-03
2.257825e-03
2.703879e-03
2.658141e-03
2.693461e-03
2.627566e-03
2.498358e-03
2.673521e-03
3.223682e-03
3.818761e-03
3.268199e-03
3.207781e-03
3.325461e-03
3.653245e-03
4.077073e-03
3.992860e-03
4.163393e-03
3.709946e-03
3.728153e-03
4.157946e-03
4.643501e-03
4.568752e-03
3.991982e-03
3.698101e-03
3.291147e-03
3.276043e-03
3.750566e-03
3.772484e-03
3.246425e-03
2.971315e-03
2.472528e-03
2.743149e-03
2.658529e-03
2.314975e-03
2.237698e-03
1.856355e-03
2.210590e-03
2.395812e-03
2.053411e-03
2.051505e-03
2.040576e-03
1.439820e-03
1.466451e-03
2.001366e-03
1.790025e-03
1.662116e-03
1.949426e-03
1.808981e-03
1.951276e-03
1.635698e-03
1.197464e-03
1.036038e-03
9.891787e-04
9.878131e-04
1.015360e-03
9.326407e-04
8.344904e-04
5.931729e-04
1.681062e-04
5.393723e-04
6.653073e-04
2.042183e-04
-6.044452e-05
-6.481709e-04
-4.324460e-04
-2.064924e-04
-2.544797e-04
-2.686332e-04
-5.561994e-04
-8.468999e-04
-6.212382e-04
-7.240476e-04
-6.441698e-04
-7.814360e-04
-7.549197e-04
-6.873141e-04
-9.509121e-04
-7.856664e-04
-4.090382e-04
-2.003304e-04
-2.630377e-04
-2.778353e-04
-1.266098e-04
9.298167e-06
-2.455163e-04
-2.170308e-04
-7.027263e-04
-7.631108e-04
-7.431563e-04
-1.081357e-03
-9.748178e-04
-9.645232e-04
-8.150584e-04
-9.700967e-04
-9.733488e-04
-1.086721e-03
-1.085636e-03
-1.261170e-03
-1.377735e-03
-1.093728e-03
-9.868450e-04
-1.272525e-03
-1.101172e-03
-1.375986e-03
-1.288514e-03
-1.323385e-03
-1.607304e-03
-1.306188e-03
-1.669262e-03
-1.455946e-03
-1.435610e-03
-1.434558e-03
-1.409090e-03
-1.541518e-03
-1.409470e-03
-1.423328e-03
-1.469175e-03
-9.965021e-04
-8.585499e-04
-8.223101e-04
-7.128892e-04
-4.733596e-04
-3.675392e-04
-3.174511e-04
-2.399433e-04
-2.278118e-04
-3.387161e-04
3.422293e-05
2.023848e-04
-5.542407e-05
3.020818e-04
3.784963e-04
4.078214e-04
5.953605e-04
9.078425e-04
1.021642e-03
9.701564e-04
1.058045e-03
1.129210e-03
1.161328e-03
1.294200e-03
1.503982e-03
1.637202e-03
1.675055e-03
2.050332e-03
1.773530e-03
1.648558e-03
2.052423e-03
2.117040e-03
2.183145e-03
2.544291e-03
2.612128e-03
2.676181e-03
2.739118e-03
2.795058e-03
2.894691e-03
3.165843e-03
3.467205e-03
3.171222e-03
2.872781e-03
2.863259e-03
2.505661e-03
2.407898e-03
2.393371e-03
1.904087e-03
1.857340e-03
1.541287e-03
1.272951e-03
8.680122e-04
7.978912e-04
4.532737e-04
3.441956e-04
4.327900e-05
-1.401732e-04
5.927794e-05
-3.740046e-04
-1.893679e-04
-6.336648e-04
-7.384305e-04
-8.443950e-04
-8.056734e-04
-7.542573e-04
-7.198026e-04
-8.157664e-04
-9.217267e-04
-1.068668e-03
-8.508632e-04
-7.299386e-04
-7.409168e-04
-1.137335e-03
-1.485883e-03
-1.874750e-03
-2.249983e-03
-2.238565e-03
-2.951421e-03
-3.166044e-03
-2.781940e-03
-3.157154e-03
-3.017759e-03
-3.385444e-03
-3.683889e-03
-4.247248e-03
-4.432499e-03
-4.532759e-03
-4.720588e-03
-4.640150e-03
-5.077576e-03
-4.986158e-03
-4.537761e-03
-4.473269e-03
-4.499591e-03
-4.448591e-03
-4.619169e-03
-5.055048e-03
-4.787043e-03
-4.885167e-03
-5.200457e-03
-4.987316e-03
-4.773106e-03
-5.005157e-03
-4.801765e-03
-4.888189e-03
-5.178381e-03
-5.076547e-03
-5.164200e-03
-5.608592e-03
-5.375825e-03
-5.368888e-03
-5.639188e-03
-5.389236e-03
-5.304778e-03
-5.506749e-03
-5.227517e-03
-4.983456e-03
-5.063990e-03
-4.725843e-03
-4.407950e-03
-4.187639e-03
-3.878729e-03
-3.525171e-03
-3.974892e-03
-3.836359e-03
-3.480150e-03
-3.533816e-03
-3.674262e-03
-3.491752e-03
-3.277852e-03
-3.209767e-03
-2.972926e-03
-3.187754e-03
-3.340028e-03
-2.958866e-03
-3.078008e-03
-3.070582e-03
-2.962634e-03
-3.015388e-03
-2.931437e-03
-2.838576e-03
-2.892880e-03
-2.802551e-03
-2.373008e-03
-2.260860e-03
-2.048924e-03
-1.909480e-03
-1.877085e-03
-1.838725e-03
-1.934375e-03
-1.386429e-03
-1.735097e-03
-1.499550e-03
-1.205925e-03
-1.178862e-03
-1.169644e-03
-1.279050e-03
-1.543581e-03
-1.569257e-03
-1.864756e-03
-1.846318e-03
-1.623846e-03
-2.066472e-03
-2.131944e-03
-2.108106e-03
-2.159393e-03
-1.981311e-03
-2.252921e-03
-2.433347e-03
-2.292193e-03
-2.510846e-03
-1.995754e-03
-2.100806e-03
-1.687038e-03
-1.896438e-03
-2.003904e-03
-1.687224e-03
-1.711943e-03
-1.918568e-03
-1.875617e-03
-2.144829e-03
-2.257933e-03
-1.972722e-03
-2.112195e-03
-1.630152e-03
-1.413145e-03
-1.357257e-03
-1.703205e-03
-1.625858e-03
-1.501325e-03
-1.709411e-03
-1.771189e-03
-1.701007e-03
-1.867513e-03
-2.056880e-03
-1.912946e-03
-2.224886e-03
-2.638623e-03
-2.604318e-03
-2.628849e-03
-2.590462e-03
-2.692115e-03
-2.738855e-03
-2.797909e-03
-2.892838e-03
-2.833451e-03
-2.614455e-03
-2.412879e-03
-2.306049e-03
-2.204606e-03
-1.974254e-03
-1.868097e-03
-1.762857e-03
-1.585012e-03
-1.593405e-03
-1.444984e-03
-1.550282e-03
-1.387538e-03
-1.458558e-03
-1.424077e-03
-1.429222e-03
-1.483138e-03
-1.597909e-03
-1.512072e-03
-1.329279e-03
-1.386498e-03
-1.360690e-03
-1.069286e-03
-1.076423e-03
-1.349300e-03
-1.420411e-03
-1.232858e-03
-1.458939e-03
-1.533826e-03
-1.423755e-03
-1.689239e-03
-1.612256e-03
-1.901766e-03
-2.047735e-03
-2.224345e-03
-2.183517e-03
-2.454278e-03
-2.607577e-03
-2.474281e-03
-2.784932e-03
-2.862056e-03
-2.968490e-03
-2.852709e-03
-2.810095e-03
-2.719392e-03
-2.439171e-03
-2.773959e-03
-2.618969e-03
-2.422537e-03
-2.301016e-03
-2.189082e-03
-2.056468e-03
-1.891712e-03
-1.291269e-03
-1.123250e-03
-9.811096e-04
-9.315019e-04
-9.248763e-04
-6.541931e-04
-9.003127e-04
-9.966267e-04
-7.605575e-04
-8.064006e-04
-8.835173e-04
-9.147516e-04
-1.069930e-03
-1.192462e-03
-1.621008e-03
-2.046871e-03
-2.187306e-03
-2.289393e-03
-2.491972e-03
-2.692482e-03
-2.833403e-03
-2.804105e-03
-2.442815e-03
-2.678503e-03
-2.592646e-03
-2.302600e-03
-2.373330e-03
-2.418588e-03
-2.178430e-03
-1.622643e-03
-1.387550e-03
-1.086164e-03
-9.809740e-04
-6.425702e-04
-2.007190e-04
-4.407697e-05
3.291151e-04
5.683079e-04
7.654085e-04
1.188842e-03
1.232518e-03
1.327298e-03
1.655550e-03
2.110934e-03
2.242741e-03
2.340024e-03
2.568959e-03
2.710225e-03
2.996737e-03
3.232552e-03
3.476862e-03
3.770716e-03
3.843322e-03
4.004779e-03
4.372858e-03
4.683830e-03
4.875975e-03
4.978963e-03
5.385061e-03
5.319649e-03
5.728495e-03
5.822594e-03
6.032204e-03
6.310109e-03
6.427985e-03
6.488522e-03
7.123599e-03
7.291032e-03
7.387443e-03
7.577448e-03
7.513822e-03
7.567189e-03
7.782572e-03
8.325722e-03
8.278662e-03
8.233516e-03
8.787553e-03
8.933216e-03
8.906736e-03
8.839321e-03
8.794325e-03
8.978264e-03
8.772826e-03
8.912547e-03
9.023691e-03
9.122160e-03
9.061311e-03
9.476302e-03
9.490775e-03
9.336964e-03
9.527146e-03
9.370577e-03
9.380037e-03
9.508173e-03
9.724637e-03
9.876008e-03
9.792294e-03
9.605460e-03
9.311669e-03
9.175380e-03
9.246016e-03
8.803729e-03
8.881667e-03
9.078093e-03
8.654400e-03
8.560117e-03
8.639968e-03
8.461870e-03
8.658712e-03
8.821113e-03
8.755421e-03
9.143011e-03
9.245831e-03
9.161774e-03
9.367482e-03
9.403240e-03
9.448981e-03
9.552776e-03
9.858278e-03
1.000679e-02
9.595292e-03
9.773763e-03
9.658511e-03
9.447317e-03
9.374549e-03
9.395311e-03
9.158515e-03
9.510752e-03
9.320694e-03
9.514361e-03
9.471767e-03
9.340404e-03
9.584519e-03
9.470154e-03
9.341643e-03
9.830473e-03
9.710195e-03
9.555201e-03
9.603399e-03
9.525049e-03
9.145185e-03
9.098186e-03
8.687789e-03
8.394960e-03
8.182262e-03
7.793208e-03
7.368447e-03
7.140588e-03
7.051755e-03
6.844375e-03
6.325676e-03
6.246332e-03
6.086084e-03
5.984039e-03
5.853142e-03
5.688297e-03
5.410618e-03
5.142879e-03
4.660786e-03
4.205520e-03
3.905274e-03
3.344990e-03
2.876138e-03
2.324985e-03
2.020161e-03
1.544828e-03
7.787679e-04
4.659608e-04
-3.265939e-04
-3.856379e-04
-7.035188e-04
-9.415067e-04
-7.977194e-04
-1.069846e-03
-1.309250e-03
-1.544918e-03
-1.527274e-03
-1.661851e-03
-1.942252e-03
-2.150227e-03
-2.199175e-03
-2.453430e-03
-2.281147e-03
-2.574739e-03
-2.780923e-03
-2.763502e-03
-2.979167e-03
-3.253443e-03
-3.106215e-03
-3.002514e-03
-3.177935e-03
-3.037199e-03
-3.317954e-03
-3.520070e-03
-3.545399e-03
-3.607922e-03
-3.696206e-03
-4.006311e-03
-4.220903e-03
-4.185696e-03
-4.080334e-03
-4.149625e-03
-4.020032e-03
-4.063936e-03
-4.357546e-03
-3.987851e-03
-3.944025e-03
-3.803524e-03
-3.312384e-03
-3.447145e-03
-3.484362e-03
-3.212394e-03
-3.432430e-03
-3.601614e-03
-3.165724e-03
-3.135049e-03
-3.012110e-03
-3.117719e-03
-3.207848e-03
-2.804615e-03
-3.076169e-03
-3.235717e-03
-3.421390e-03
-3.632111e-03
-3.382852e-03
-3.012922e-03
-2.536258e-03
-2.521527e-03
-3.054079e-03
-3.560916e-03
-3.680358e-03
-3.759088e-03
-3.374416e-03
-2.935533e-03
-2.818917e-03
-2.995528e-03
-3.492708e-03
-3.627640e-03
-3.665671e-03
-3.421082e-03
-3.205451e-03
-3.182571e-03
-3.142468e-03
-2.955676e-03
-2.970208e-03
-3.074961e-03
-2.741590e-03
-2.740683e-03
-2.778737e-03
-2.939946e-03
-3.068441e-03
-3.092054e-03
-3.262186e-03
-3.271913e-03
-2.796725e-03
-3.028169e-03
-3.090850e-03
-3.271552e-03
-3.296092e-03
-3.336593e-03
-3.524225e-03
-2.812149e-03
-2.754944e-03
-2.977592e-03
-2.981407e-03
-3.698562e-03
-3.983266e-03
-4.246553e-03
-4.138647e-03
-4.178644e-03
-4.234605e-03
-4.280607e-03
-4.469790e-03
-5.062749e-03
-5.253527e-03
-5.646997e-03
-5.818733e-03
-5.825597e-03
-5.647796e-03
-5.603545e-03
-5.912699e-03
-5.942445e-03
-6.496959e-03
-6.634787e-03
-6.907057e-03
-6.889459e-03
-6.993240e-03
-7.357571e-03
-7.336818e-03
-7.387454e-03
-7.578199e-03
-7.888862e-03
-7.983069e-03
-8.351532e-03
-8.680939e-03
-8.895759e-03
-9.150305e-03
-9.112272e-03
-9.288865e-03
-9.452311e-03
-9.676401e-03
-9.814071e-03
-1.040836e-02
-1.065345e-02
-1.085211e-02
-1.099049e-02
-1.129007e-02
-1.151407e-02
-1.142433e-02
-1.153414e-02
-1.155428e-02
-1.141703e-02
-1.149668e-02
-1.139345e-02
-1.128877e-02
-1.112260e-02
-1.108465e-02
-1.108069e-02
-1.107639e-02
-1.080583e-02
-1.067988e-02
-1.041619e-02
-1.004873e-02
-9.943446e-03
-9.942447e-03
-9.758584e-03
-9.630233e-03
-9.328846e-03
-9.409696e-03
-9.167308e-03
-9.158833e-03
-8.823414e-03
-8.572004e-03
-8.135350e-03
-7.808359e-03
-7.729849e-03
-7.613901e-03
-7.767373e-03
-7.315371e-03
-6.729145e-03
-6.806248e-03
-6.491207e-03
-6.417258e-03
-6.351745e-03
-6.281365e-03
-5.938952e-03
-5.807762e-03
-5.606759e-03
-5.423387e-03
-5.552208e-03
-5.306587e-03
-4.966574e-03
-4.748266e-03
-4.424446e-03
-3.801251e-03
-3.819149e-03
-3.469431e-03
-3.193794e-03
-2.848109e-03
-2.529778e-03
-2.062397e-03
-1.853433e-03
-1.454974e-03
-1.574936e-03
-1.322920e-03
-1.297248e-03
-1.025255e-03
-9.093446e-04
-6.215965e-04
-3.402427e-04
-2.549818e-04
1.900921e-04
2.616792e-04
5.808446e-04
7.886266e-04
1.118207e-03
1.449492e-03
2.035557e-03
2.688823e-03
2.616727e-03
3.162183e-03
3.463529e-03
3.848892e-03
3.976084e-03
4.108785e-03
4.258049e-03
4.590565e-03
4.675306e-03
4.699909e-03
4.871498e-03
4.625070e-03
4.616579e-03
4.557210e-03
4.417548e-03
4.292787e-03
4.177512e-03
4.023356e-03
3.988280e-03
3.929560e-03
3.836891e-03
3.860757e-03
3.884484e-03
4.102514e-03
4.018007e-03
4.075779e-03
4.308385e-03
4.475211e-03
4.684344e-03
4.811815e-03
5.174684e-03
5.503654e-03
5.687728e-03
6.085946e-03
6.198808e-03
6.126186e-03
6.240722e-03
6.296132e-03
6.617392e-03
6.518294e-03
6.482650e-03
6.418424e-03
6.280800e-03
6.218414e-03
6.515855e-03
6.268072e-03
6.099571e-03
5.956639e-03
5.917096e-03
5.868355e-03
5.718365e-03
5.617356e-03
5.445243e-03
5.447436e-03
5.285114e-03
5.147015e-03
5.129897e-03
4.962362e-03
4.899603e-03
4.916807e-03
4.623385e-03
4.553480e-03
4.464816e-03
4.452590e-03
4.640305e-03
4.948974e-03
4.777134e-03
4.986959e-03
4.853859e-03
4.701155e-03
4.742396e-03
5.036286e-03
4.709225e-03
4.821949e-03
5.114096e-03
4.669061e-03
4.560359e-03
4.718268e-03
4.595477e-03
4.548999e-03
4.447330e-03
4.231065e-03
4.320443e-03
3.975538e-03
3.972486e-03
3.750186e-03
4.078603e-03
3.939990e-03
3.996228e-03
4.014146e-03
3.827143e-03
3.495284e-03
3.434647e-03
3.332559e-03
3.040445e-03
3.149599e-03
3.051127e-03
2.956697e-03
3.020284e-03
2.924474e-03
3.159751e-03
3.146040e-03
2.924242e-03
2.713950e-03
2.625398e-03
2.149677e-03
2.166194e-03
2.241974e-03
1.988792e-03
2.068353e-03
2.089503e-03
1.885431e-03
1.615183e-03
1.994433e-03
1.372381e-03
1.031739e-03
1.216178e-03
1.191318e-03
1.151637e-03
1.245770e-03
1.362617e-03
1.476773e-03
1.021494e-03
1.060618e-03
7.702092e-04
3.294149e-04
4.861388e-04
3.492888e-04
1.923826e-05
2.316173e-04
-1.382279e-04
-8.017455e-04
-8.187572e-04
-1.134202e-03
-1.350888e-03
-1.020051e-03
-1.212436e-03
-1.283300e-03
-1.125998e-03
-1.334710e-03
-1.701356e-03
-1.673660e-03
-1.971555e-03
-1.754078e-03
-1.763186e-03
-1.387957e-03
-1.557912e-03
-1.785931e-03
-1.738972e-03
-1.754772e-03
-1.672100e-03
-1.348506e-03
-1.798434e-03
-1.646197e-03
-1.666323e-03
-1.780461e-03
-1.347682e-03
-1.388572e-03
-1.339325e-03
-1.465678e-03
-1.408505e-03
-1.140418e-03
-1.104333e-03
-8.377920e-04
-7.573002e-04
-9.767596e-04
-6.100745e-04
-3.271788e-04
-2.780613e-04
2.308212e-04
1.709105e-04
1.567875e-04
3.404551e-04
6.817478e-04
1.066769e-03
1.357098e-03
1.047569e-03
1.098397e-03
9.567515e-04
1.013275e-03
1.327497e-03
1.175520e-03
1.062812e-03
1.254454e-03
1.052651e-03
8.806118e-04
9.879563e-04
8.078443e-04
9.671093e-04
9.577311e-04
1.153852e-03
1.505533e-03
1.443711e-03
1.312871e-03
1.491396e-03
1.677373e-03
1.544305e-03
1.460673e-03
1.575556e-03
1.575990e-03
1.824559e-03
1.932528e-03
1.361219e-03
1.478180e-03
1.385281e-03
1.527775e-03
1.851014e-03
1.895430e-03
1.804086e-03
2.041992e-03
2.022130e-03
2.168818e-03
2.368726e-03
2.205434e-03
2.228445e-03
1.985277e-03
2.120827e-03
2.239182e-03
2.028683e-03
2.290348e-03
2.280341e-03
2.058089e-03
2.160418e-03
2.366180e-03
2.571615e-03
2.331567e-03
2.618415e-03
2.873043e-03
2.409234e-03
2.713208e-03
2.841917e-03
2.736958e-03
2.995539e-03
2.862275e-03
2.762505e-03
3.184227e-03
3.238471e-03
3.256287e-03
3.192091e-03
3.348888e-03
3.264203e-03
3.357459e-03
3.506039e-03
3.870664e-03
4.190042e-03
4.049719e-03
4.253896e-03
4.672909e-03
4.759012e-03
5.015881e-03
5.091608e-03
5.211557e-03
4.771628e-03
5.138153e-03
5.676204e-03
5.477749e-03
5.600335e-03
5.412573e-03
5.231129e-03
5.065283e-03
5.105136e-03
5.178146e-03
5.173834e-03
5.158264e-03
5.176278e-03
5.185877e-03
5.412833e-03
5.338802e-03
5.310169e-03
5.218499e-03
5.159125e-03
5.192566e-03
5.396235e-03
5.424770e-03
5.700933e-03
5.485768e-03
5.518481e-03
5.390578e-03
5.364689e-03
5.329241e-03
5.388434e-03
4.975944e-03
5.248661e-03
5.450488e-03
5.444725e-03
5.642394e-03
5.612420e-03
5.543001e-03
5.458545e-03
5.510431e-03
5.738973e-03
5.914850e-03
6.079350e-03
6.032494e-03
6.024572e-03
6.106402e-03
6.168312e-03
6.228507e-03
6.292568e-03
6.662808e-03
6.673615e-03
6.625978e-03
6.768975e-03
6.678419e-03
6.821498e-03
6.445983e-03
6.233347e-03
6.326622e-03
6.214122e-03
6.177615e-03
6.078627e-03
6.447376e-03
6.279665e-03
5.831669e-03
5.839365e-03
5.595817e-03
5.721198e-03
5.565528e-03
5.611531e-03
5.627645e-03
5.518076e-03
5.880215e-03
5.751033e-03
5.133950e-03
4.696549e-03
4.459242e-03
4.041924e-03
4.001954e-03
4.214891e-03
3.852339e-03
3.198928e-03
2.738336e-03
2.284839e-03
1.933393e-03
1.566647e-03
7.972093e-04
4.474012e-04
3.813823e-04
-3.102657e-05
4.740164e-05
-1.359324e-04
-6.247627e-04
-1.446406e-03
-2.189734e-03
-2.518271e-03
-2.668534e-03
-2.859888e-03
-3.419938e-03
-3.695397e-03
-4.178924e-03
-4.631027e-03
-4.952704e-03
-5.443111e-03
-6.121938e-03
-6.335183e-03
-6.643661e-03
-7.046853e-03
-7.411010e-03
-7.728165e-03
-7.695402e-03
-8.102291e-03
-8.170584e-03
-8.764963e-03
-9.158161e-03
-9.143307e-03
-9.234079e-03
-9.512886e-03
-9.261434e-03
-1.008062e-02
-1.030080e-02
-1.032224e-02
-1.045061e-02
-1.062516e-02
-1.094763e-02
-1.097644e-02
-1.125862e-02
-1.125882e-02
-1.133855e-02
-1.171046e-02
-1.209341e-02
-1.272670e-02
-1.291048e-02
-1.293535e-02
-1.308083e-02
-1.317155e-02
-1.313578e-02
-1.376125e-02
-1.409201e-02
-1.462020e-02
-1.456796e-02
-1.484229e-02
-1.535914e-02
-1.530048e-02
-1.568473e-02
-1.573214e-02
-1.556232e-02
-1.574618e-02
-1.566360e-02
-1.571793e-02
-1.599427e-02
-1.594174e-02
-1.557706e-02
-1.545114e-02
-1.533154e-02
-1.543965e-02
-1.528983e-02
-1.558078e-02
-1.551581e-02
-1.567047e-02
-1.531681e-02
-1.525504e-02
-1.524392e-02
-1.525936e-02
-1.529894e-02
-1.506143e-02
-1.490212e-02
-1.493170e-02
-1.439480e-02
-1.409247e-02
-1.372174e-02
-1.353723e-02
-1.327062e-02
-1.328125e-02
-1.323223e-02
-1.332999e-02
-1.308955e-02
-1.274945e-02
-1.248425e-02
-1.203757e-02
-1.218645e-02
-1.173780e-02
-1.148748e-02
-1.172153e-02
-1.125212e-02
-1.151531e-02
-1.115890e-02
-1.101603e-02
-1.061176e-02
-1.037348e-02
-1.030880e-02
-1.003327e-02
-9.747376e-03
-9.606243e-03
-9.369920e-03
-8.950056e-03
-8.624632e-03
-8.121842e-03
-7.482411e-03
-7.468990e-03
-7.145334e-03
-6.579095e-03
-6.448605e-03
-6.138459e-03
-5.612063e-03
-5.065841e-03
-4.714379e-03
-4.161030e-03
-3.996737e-03
-3.478914e-03
-3.298957e-03
-3.141901e-03
-2.801936e-03
-2.488443e-03
-2.157506e-03
-1.966741e-03
-1.554409e-03
-8.490128e-04
-9.155164e-04
-4.313911e-04
-2.994193e-04
-2.493288e-04
1.591735e-04
3.796014e-04
8.911497e-04
9.403090e-04
9.682996e-04
1.501113e-03
1.655362e-03
1.606922e-03
1.964807e-03
2.138989e-03
2.189846e-03
2.512438e-03
2.732111e-03
2.993147e-03
3.224028e-03
3.184257e-03
3.441283e-03
3.947347e-03
3.963324e-03
4.411181e-03
4.934112e-03
4.726961e-03
4.888693e-03
5.236790e-03
5.550762e-03
5.480209e-03
5.393127e-03
5.434877e-03
5.401110e-03
5.463722e-03
5.625782e-03
5.649169e-03
5.445852e-03
5.413901e-03
5.426543e-03
5.695564e-03
5.498785e-03
5.530204e-03
5.653408e-03
5.832317e-03
5.803520e-03
5.705535e-03
6.084288e-03
6.210834e-03
6.099698e-03
6.346144e-03
6.635346e-03
6.725116e-03
6.825653e-03
7.049999e-03
7.212390e-03
7.405690e-03
7.651252e-03
7.937319e-03
8.083809e-03
8.270540e-03
8.206834e-03
8.542275e-03
8.839582e-03
8.785020e-03
9.064831e-03
9.133353e-03
9.001606e-03
9.328438e-03
9.077216e-03
9.219892e-03
9.373017e-03
9.310102e-03
9.445281e-03
9.325677e-03
9.334062e-03
9.684640e-03
9.564555e-03
9.876938e-03
9.679572e-03
9.621559e-03
9.429698e-03
9.409933e-03
9.390725e-03
9.411018e-03
9.406779e-03
9.023514e-03
9.029847e-03
8.998317e-03
8.479865e-03
8.570191e-03
8.478242e-03
8.313014e-03
8.001205e-03
7.858875e-03
8.011243e-03
7.934472e-03
7.721904e-03
7.845534e-03
7.634469e-03
7.217996e-03
7.167556e-03
6.766698e-03
6.824858e-03
7.023490e-03
6.607861e-03
6.497471e-03
6.607508e-03
6.010827e-03
5.923532e-03
6.135872e-03
5.845271e-03
5.575265e-03
5.489956e-03
5.339488e-03
5.323661e-03
5.787549e-03
5.287044e-03
5.458666e-03
5.097969e-03
4.766221e-03
4.941205e-03
4.667184e-03
4.752882e-03
4.729217e-03
4.370736e-03
3.965174e-03
4.009893e-03
3.945726e-03
3.745929e-03
3.850794e-03
3.661800e-03
3.564801e-03
3.702588e-03
3.384069e-03
3.602467e-03
3.569755e-03
3.387957e-03
3.454770e-03
3.669745e-03
3.614671e-03
3.838232e-03
3.544146e-03
3.587027e-03
3.466652e-03
3.438706e-03
3.709826e-03
3.766176e-03
3.677985e-03
3.546910e-03
3.460053e-03
3.516095e-03
3.445161e-03
3.569100e-03
3.605708e-03
3.644981e-03
3.179647e-03
3.021534e-03
3.049606e-03
3.092099e-03
2.915410e-03
2.806505e-03
3.007979e-03
2.791980e-03
2.961526e-03
2.961703e-03
3.100870e-03
2.984572e-03
2.891120e-03
2.987468e-03
2.759635e-03
2.758489e-03
2.675315e-03
2.596393e-03
2.639820e-03
2.533703e-03
2.211565e-03
2.032020e-03
1.665063e-03
1.722076e-03
1.575169e-03
1.317710e-03
1.018548e-03
9.581566e-04
1.118436e-03
9.567828e-04
9.992328e-04
1.047319e-03
1.146674e-03
1.122703e-03
1.079975e-03
1.291453e-03
1.578496e-03
1.417505e-03
1.309932e-03
1.221038e-03
1.251276e-03
1.276048e-03
1.115227e-03
1.023745e-03
1.449351e-03
1.119408e-03
1.113952e-03
1.168342e-03
9.643681e-04
1.284419e-03
1.043876e-03
8.972744e-04
9.462845e-04
6.052794e-04
6.850451e-04
4.543662e-04
4.607083e-04
6.899193e-04
5.374763e-04
1.926013e-04
1.633411e-04
2.722088e-04
2.493468e-04
2.283862e-04
3.172559e-04
3.207137e-05
-8.406734e-05
-7.957702e-05
-2.842155e-04
2.632503e-05
2.150724e-04
-1.265516e-04
-4.303571e-04
-4.535955e-04
-1.007245e-03
-4.959947e-04
-6.373588e-04
-7.178268e-04
-6.197264e-04
-8.592001e-04
-4.892859e-04
-4.819995e-04
-2.562763e-04
-6.512232e-04
-9.069003e-04
-9.449572e-04
-9.248669e-04
-9.373984e-04
-9.327377e-04
-9.497506e-04
-1.550708e-03
-1.842484e-03
-1.549507e-03
-1.653812e-03
-1.887170e-03
-1.705699e-03
-2.030166e-03
-1.840898e-03
-2.104977e-03
-2.119397e-03
-2.095189e-03
-2.548094e-03
-2.671198e-03
-2.482539e-03
-2.668136e-03
-2.562663e-03
-2.760346e-03
-3.159102e-03
-2.986222e-03
-3.466307e-03
-3.415316e-03
-3.373885e-03
-3.638905e-03
-3.705451e-03
-3.296551e-03
-3.552999e-03
-3.828589e-03
-4.247962e-03
-4.270019e-03
-4.404234e-03
-4.639096e-03
-4.693305e-03
-4.964444e-03
-5.317475e-03
-5.500268e-03
-5.567700e-03
-5.487442e-03
-5.383819e-03
-5.795409e-03
-5.868688e-03
-6.176524e-03
-6.414300e-03
-5.938135e-03
-5.689506e-03
-5.989112e-03
-5.905539e-03
-5.868775e-03
-6.091183e-03
-6.369007e-03
-6.206936e-03
-6.140609e-03
-6.543137e-03
-6.242418e-03
-6.544378e-03
-6.794870e-03
-6.688652e-03
-7.081932e-03
-6.916250e-03
-7.008303e-03
-6.617977e-03
-6.773203e-03
-7.059322e-03
-7.178512e-03
-7.235086e-03
-7.514876e-03
-7.243693e-03
-6.809256e-03
-6.620945e-03
-6.651563e-03
-6.794775e-03
-7.560071e-03
-7.849178e-03
-7.719663e-03
-6.892993e-03
-5.814928e-03
-5.657749e-03
-5.929197e-03
-6.486832e-03
-6.969732e-03
-6.748736e-03
-6.024861e-03
-5.025207e-03
-4.498284e-03
-4.570403e-03
-4.540913e-03
-4.511423e-03
-4.351048e-03
-4.534042e-03
-4.123077e-03
-3.952992e-03
-4.011111e-03
-4.631339e-03
-6.195407e-03
-7.556595e-03
-7.722131e-03
-6.761516e-03
-5.245888e-03
-4.350119e-03
-4.608091e-03
-5.551156e-03
-6.105480e-03
-5.891893e-03
-5.125879e-03
-4.912519e-03
-5.116858e-03
-5.219526e-03
-4.351785e-03
-3.114437e-03
-2.258747e-03
-2.012416e-03
-2.783187e-03
-4.322107e-03
-5.070241e-03
-5.575677e-03
-4.873253e-03
-4.352968e-03
-3.902728e-03
-3.899744e-03
-4.055017e-03
-4.170502e-03
-4.637692e-03
-4.955412e-03
-5.389486e-03
-5.279600e-03
-4.847206e-03
-4.136820e-03
-3.604222e-03
-3.497229e-03
-3.673832e-03
-3.903386e-03
-4.561802e-03
-4.783910e-03
-4.661522e-03
-3.901477e-03
-3.581758e-03
-3.441918e-03
-3.219496e-03
-3.447793e-03
-3.569304e-03
-3.904762e-03
-3.999126e-03
-3.995088e-03
-3.924782e-03
-3.478193e-03
-2.741360e-03
-2.697236e-03
-2.908304e-03
-2.881916e-03
-3.072964e-03
-2.797374e-03
-2.523462e-03
-2.067708e-03
-1.531636e-03
-1.492727e-03
-1.125347e-03
-1.088406e-03
-1.206977e-03
-8.802971e-04
-1.151587e-03
-5.868223e-04
-1.850651e-04
1.773076e-04
5.727791e-04
5.542432e-04
5.867954e-04
4.838647e-04
8.129752e-04
1.130338e-03
1.064128e-03
1.307327e-03
1.565188e-03
2.136557e-03
2.600040e-03
2.803313e-03
2.622081e-03
2.432590e-03
2.548104e-03
2.757286e-03
3.851939e-03
4.029431e-03
4.590595e-03
4.589422e-03
4.306843e-03
4.334099e-03
4.146158e-03
4.130189e-03
4.347295e-03
4.998654e-03
5.557239e-03
5.696236e-03
5.979129e-03
5.918866e-03
5.490152e-03
5.721238e-03
6.320937e-03
6.786812e-03
7.221014e-03
7.014616e-03
7.234412e-03
7.443524e-03
7.792913e-03
8.133681e-03
8.564831e-03
8.834846e-03
8.777940e-03
8.763760e-03
9.158411e-03
9.230755e-03
9.545681e-03
1.012599e-02
1.011345e-02
9.989918e-03
1.038081e-02
1.058901e-02
1.108554e-02
1.126944e-02
1.142352e-02
1.146550e-02
1.176575e-02
1.177616e-02
1.171508e-02
1.164142e-02
1.156394e-02
1.162271e-02
1.179147e-02
1.187767e-02
1.235556e-02
1.234451e-02
1.188361e-02
1.150094e-02
1.157669e-02
1.205935e-02
1.232171e-02
1.264314e-02
1.293011e-02
1.299911e-02
1.278763e-02
1.248116e-02
1.269931e-02
1.263681e-02
1.292387e-02
1.305551e-02
1.294350e-02
1.322417e-02
1.302137e-02
1.281018e-02
1.301756e-02
1.290505e-02
1.303146e-02
1.310962e-02
1.331876e-02
1.325673e-02
1.319399e-02
1.321656e-02
1.311830e-02
1.283784e-02
1.279693e-02
1.229605e-02
1.192969e-02
1.105873e-02
1.097859e-02
1.084940e-02
1.062510e-02
1.053734e-02
1.001860e-02
9.543211e-03
8.987276e-03
8.320824e-03
8.146768e-03
8.033545e-03
7.604306e-03
7.455971e-03
7.091544e-03
7.104354e-03
6.777173e-03
6.464668e-03
5.878713e-03
5.150331e-03
4.883579e-03
4.480521e-03
4.111927e-03
4.089423e-03
3.853819e-03
3.658425e-03
3.551993e-03
3.449165e-03
3.554928e-03
2.947817e-03
2.580239e-03
2.436129e-03
2.312311e-03
2.435396e-03
1.832350e-03
1.728335e-03
1.054670e-03
7.414840e-04
1.164720e-03
1.010923e-03
7.639831e-04
5.061051e-05
-9.473406e-04
-1.509856e-03
-1.617371e-03
-1.720168e-03
-1.943853e-03
-2.092770e-03
-2.350783e-03
-2.713755e-03
-2.879340e-03
-3.321365e-03
-3.959473e-03
-4.077017e-03
-4.330988e-03
-4.412082e-03
-4.495670e-03
-4.551879e-03
-4.890934e-03
-5.083037e-03
-5.697775e-03
-5.817829e-03
-5.753542e-03
-5.898305e-03
-6.106430e-03
-6.323322e-03
-6.690956e-03
-6.903768e-03
-6.793895e-03
-6.636390e-03
-6.277060e-03
-5.992698e-03
-6.310622e-03
-6.532479e-03
-6.795156e-03
-7.338539e-03
-7.238170e-03
-7.040130e-03
-7.156109e-03
-6.940699e-03
-6.566154e-03
-6.730072e-03
-7.240163e-03
-7.651535e-03
-7.758580e-03
-7.974867e-03
-7.819841e-03
-7.446023e-03
-7.218801e-03
-7.372538e-03
-7.746088e-03
-7.976069e-03
-7.806554e-03
-7.506315e-03
-7.344119e-03
-7.216036e-03
-7.088177e-03
-7.049887e-03
-7.269001e-03
-7.283997e-03
-7.955333e-03
-8.051063e-03
-8.000142e-03
-7.798173e-03
-7.495548e-03
-7.776970e-03
-8.092889e-03
-8.095512e-03
-8.407724e-03
-8.363063e-03
-7.857158e-03
-7.643208e-03
-7.860004e-03
-8.356692e-03
-8.419380e-03
-8.056518e-03
-7.530248e-03
-7.054889e-03
-7.150387e-03
-6.998291e-03
-7.032033e-03
-7.114288e-03
-7.430326e-03
-7.305373e-03
-7.045353e-03
-7.081561e-03
-6.873449e-03
-6.894083e-03
-7.341397e-03
-7.471717e-03
-7.248259e-03
-6.875882e-03
-6.705443e-03
-6.649976e-03
-6.681132e-03
-6.942736e-03
-6.693410e-03
-6.599996e-03
-6.507343e-03
-6.239356e-03
-5.899324e-03
-5.656783e-03
-5.806880e-03
-5.548181e-03
-5.582456e-03
-5.732747e-03
-5.519413e-03
-5.429292e-03
-5.613176e-03
-5.389993e-03
-4.985865e-03
-4.891539e-03
-4.980855e-03
-5.398364e-03
-5.261810e-03
-5.605340e-03
-5.614782e-03
-5.209660e-03
-5.615394e-03
-5.619558e-03
-5.553554e-03
-6.058095e-03
-5.792629e-03
-5.489865e-03
-5.502977e-03
-5.716870e-03
-6.022301e-03
-6.036967e-03
-5.399738e-03
-5.161940e-03
-4.998234e-03
-5.072074e-03
-5.019058e-03
-5.059757e-03
-4.665163e-03
-3.592744e-03
-2.984392e-03
-3.091560e-03
-3.003337e-03
-3.169170e-03
-3.013714e-03
-2.378713e-03
-2.345125e-03
-2.109137e-03
-1.907303e-03
-1.837195e-03
-1.586225e-03
-1.540307e-03
-1.925707e-03
-2.009113e-03
-2.325108e-03
-2.176669e-03
-1.698005e-03
-1.793189e-03
-1.627813e-03
-1.755688e-03
-1.821054e-03
-1.792103e-03
-1.826572e-03
-1.413509e-03
-1.446259e-03
-1.746717e-03
-1.684270e-03
-1.600255e-03
-1.607909e-03
-1.338772e-03
-1.243754e-03
-1.505690e-03
-1.366660e-03
-1.229865e-03
-1.164963e-03
-8.673218e-04
-9.377058e-04
-9.957632e-04
-1.053451e-03
-1.134853e-03
-7.864232e-04
-5.583063e-04
-3.414135e-04
-3.197912e-04
-5.915174e-04
-3.600096e-04
-5.341230e-04
-5.221540e-04
-3.813222e-04
-5.184026e-04
-2.070284e-04
-4.608800e-04
-5.774394e-04
-2.523065e-04
-2.442897e-04
-2.656223e-04
-2.027677e-04
-4.792182e-05
-3.087166e-04
-2.369256e-04
1.041070e-04
-1.046437e-04
2.438927e-04
2.794867e-04
1.316012e-04
-5.419280e-05
-2.766877e-04
-3.501972e-04
-5.265458e-04
-2.135486e-04
-7.790065e-05
-2.278139e-04
-4.847117e-04
-4.855113e-04
-5.356803e-04
-7.396005e-04
-9.721684e-04
-1.006274e-03
-9.651538e-04
-1.111309e-03
-9.511389e-04
-7.141494e-04
-9.692804e-04
-1.076608e-03
-1.395884e-03
-1.601869e-03
-1.851277e-03
-1.543410e-03
-1.618147e-03
-1.728110e-03
-1.896852e-03
-1.931392e-03
-1.940715e-03
-2.250152e-03
-2.153429e-03
-2.221474e-03
-2.378802e-03
-2.146154e-03
-2.400369e-03
-2.158643e-03
-2.346497e-03
-2.319704e-03
-2.193759e-03
-2.341100e-03
-2.288976e-03
-2.312637e-03
-2.304511e-03
-2.627490e-03
-2.898836e-03
-2.609301e-03
-2.374681e-03
-2.423047e-03
-2.223307e-03
-2.409931e-03
-2.394500e-03
-2.861259e-03
-3.035063e-03
-2.899055e-03
-2.610250e-03
-2.996773e-03
-3.039808e-03
-2.759167e-03
-2.732271e-03
-2.719871e-03
-2.507486e-03
-2.516235e-03
-2.419604e-03
-2.703664e-03
-2.873513e-03
-2.962788e-03
-2.849111e-03
-2.809556e-03
-2.735401e-03
-2.689485e-03
-2.905858e-03
-2.565940e-03
-2.485775e-03
-2.442928e-03
-2.314443e-03
-2.478039e-03
-2.355402e-03
-1.954190e-03
-1.747850e-03
-1.545397e-03
-1.415372e-03
-1.389850e-03
-1.564591e-03
-1.361662e-03
-8.323155e-04
-5.460197e-04
-6.730677e-04
-9.098111e-04
-1.250908e-03
-8.847184e-04
-7.439529e-04
-3.056448e-04
-2.427633e-04
-5.695786e-04
-5.023986e-04
-4.049597e-04
-1.473231e-04
-9.209252e-05
1.168613e-04
3.682304e-05
1.002118e-04
6.485175e-04
1.060593e-03
1.105276e-03
1.221870e-03
1.457322e-03
1.228148e-03
1.428493e-03
1.663887e-03
1.999904e-03
2.629408e-03
2.485013e-03
2.688874e-03
3.181049e-03
3.326406e-03
3.658112e-03
3.738009e-03
3.793432e-03
3.889871e-03
3.815772e-03
4.001517e-03
4.432483e-03
4.486345e-03
4.842471e-03
4.943824e-03
4.893659e-03
4.994756e-03
5.017935e-03
5.183460e-03
5.610578e-03
5.674237e-03
6.041677e-03
6.380745e-03
6.231047e-03
6.379316e-03
6.403770e-03
6.792766e-03
6.840001e-03
6.922639e-03
7.310574e-03
7.536286e-03
7.436977e-03
7.852574e-03
8.247023e-03
8.114314e-03
8.228730e-03
8.624009e-03
8.535794e-03
8.738503e-03
8.846083e-03
8.928902e-03
9.233152e-03
9.426435e-03
9.499891e-03
9.716003e-03
9.919684e-03
9.664212e-03
9.350694e-03
9.667054e-03
9.912098e-03
9.739788e-03
9.772621e-03
1.017001e-02
1.047162e-02
1.035964e-02
1.047730e-02
1.083482e-02
1.088016e-02
1.098342e-02
1.097656e-02
1.118754e-02
1.086537e-02
1.103560e-02
1.115619e-02
1.121175e-02
1.125602e-02
1.102593e-02
1.108803e-02
1.113991e-02
1.087434e-02
1.075696e-02
1.104805e-02
1.088686e-02
1.109829e-02
1.091254e-02
1.096844e-02
1.133244e-02
1.135428e-02
1.125636e-02
1.124219e-02
1.138737e-02
1.159953e-02
1.169486e-02
1.151480e-02
1.167570e-02
1.134900e-02
1.125776e-02
1.125051e-02
1.100772e-02
1.085706e-02
1.093051e-02
1.081403e-02
1.081422e-02
1.056882e-02
1.010450e-02
1.020436e-02
1.005546e-02
1.005845e-02
9.923584e-03
9.944211e-03
9.768537e-03
9.930029e-03
9.635126e-03
9.390531e-03
9.601849e-03
9.719225e-03
9.510644e-03
9.675352e-03
9.413102e-03
9.399018e-03
9.445564e-03
9.220379e-03
9.009370e-03
9.221641e-03
8.765772e-03
8.684832e-03
8.801339e-03
8.441540e-03
8.257264e-03
8.188695e-03
8.318760e-03
8.227558e-03
7.784521e-03
7.973148e-03
7.494200e-03
7.212002e-03
7.032244e-03
6.860046e-03
7.003003e-03
6.643889e-03
6.426720e-03
6.419805e-03
5.708282e-03
5.763009e-03
5.316075e-03
5.066425e-03
5.033228e-03
4.388844e-03
4.260184e-03
3.995580e-03
3.656802e-03
3.427705e-03
3.169809e-03
2.628065e-03
2.687469e-03
2.720698e-03
2.180780e-03
1.962090e-03
1.888221e-03
1.378723e-03
1.159894e-03
1.074286e-03
8.986902e-04
5.792337e-04
1.625120e-04
-1.243737e-04
-4.145663e-04
-4.772980e-04
-9.957507e-04
-1.512956e-03
-1.593416e-03
-2.120355e-03
-2.273788e-03
-2.605778e-03
-3.013314e-03
-3.292635e-03
-3.949124e-03
-4.128749e-03
-4.543592e-03
-4.960050e-03
-5.140911e-03
-5.468362e-03
-5.537188e-03
-5.968331e-03
-6.454673e-03
-6.717137e-03
-7.029706e-03
-7.708194e-03
-8.096940e-03
-8.149405e-03
-8.930761e-03
-9.231132e-03
-9.429111e-03
-9.462115e-03
-9.183668e-03
-9.409097e-03
-9.620780e-03
-9.989501e-03
-1.024912e-02
-1.061204e-02
-1.085350e-02
-1.095307e-02
-1.111991e-02
-1.137636e-02
-1.139455e-02
-1.172252e-02
-1.135040e-02
-1.154175e-02
-1.200518e-02
-1.217849e-02
-1.253089e-02
-1.276458e-02
-1.268693e-02
-1.300737e-02
-1.306510e-02
-1.316244e-02
-1.314923e-02
-1.340647e-02
-1.324486e-02
-1.352894e-02
-1.404181e-02
-1.371808e-02
-1.395325e-02
-1.384712e-02
-1.393511e-02
-1.377643e-02
-1.387454e-02
-1.405096e-02
-1.400401e-02
-1.431956e-02
-1.397851e-02
-1.381060e-02
-1.406826e-02
-1.401086e-02
-1.395628e-02
-1.385013e-02
-1.359487e-02
-1.356474e-02
-1.360766e-02
-1.347188e-02
-1.356631e-02
-1.334573e-02
-1.304021e-02
-1.291214e-02
-1.270128e-02
-1.280141e-02
-1.241486e-02
-1.253841e-02
-1.224739e-02
-1.201928e-02
-1.183164e-02
-1.160598e-02
-1.128037e-02
-1.085753e-02
-1.035668e-02
-1.040593e-02
-1.010927e-02
-9.663140e-03
-9.175482e-03
-8.898965e-03
-8.326656e-03
-7.849976e-03
-7.697480e-03
-7.363026e-03
-7.275004e-03
-6.925938e-03
-6.831523e-03
-6.526398e-03
-6.618908e-03
-6.256809e-03
-6.074030e-03
-6.027922e-03
-5.402501e-03
-5.502953e-03
-5.187592e-03
-5.068319e-03
-4.861695e-03
-4.574844e-03
-4.175559e-03
-4.056968e-03
-3.599232e-03
-3.513288e-03
-3.322073e-03
-2.990645e-03
-2.684947e-03
-2.648159e-03
-2.455715e-03
-2.103900e-03
-2.189913e-03
-2.197869e-03
-1.778502e-03
-1.491833e-03
-1.252604e-03
-1.293996e-03
-1.088815e-03
-6.994254e-04
-6.047806e-04
-5.891966e-04
-4.441853e-04
-2.321092e-04
1.870343e-04
-3.591704e-05
2.514201e-04
5.504675e-04
5.385757e-04
6.616063e-04
8.990746e-04
1.000529e-03
1.403638e-03
1.625060e-03
1.468778e-03
1.786999e-03
1.864324e-03
1.969655e-03
2.188695e-03
2.363093e-03
2.526112e-03
2.517556e-03
2.679910e-03
2.511795e-03
2.885524e-03
2.825749e-03
2.960965e-03
3.240366e-03
2.820072e-03
2.982244e-03
3.195002e-03
3.295734e-03
3.421870e-03
3.553764e-03
3.663470e-03
3.817060e-03
3.852100e-03
3.953635e-03
3.885509e-03
4.038705e-03
4.212594e-03
3.858171e-03
4.164129e-03
4.202282e-03
4.026346e-03
3.659854e-03
3.684724e-03
3.693963e-03
3.905907e-03
3.886994e-03
3.689645e-03
3.416593e-03
3.172836e-03
3.315787e-03
3.371154e-03
3.389404e-03
3.570167e-03
2.965887e-03
2.814093e-03
2.949183e-03
2.617057e-03
2.620045e-03
2.593537e-03
2.342284e-03
2.215283e-03
1.890293e-03
1.790771e-03
1.758661e-03
1.306215e-03
1.197754e-03
1.024688e-03
1.036443e-03
8.325718e-04
8.478909e-04
9.795336e-04
5.342372e-04
5.413240e-04
3.331080e-04
-1.376758e-05
-2.626741e-04
-1.112110e-04
-3.531934e-04
-3.798531e-04
-3.743389e-04
-7.078761e-04
-5.720685e-04
-7.093174e-04
-7.194440e-04
-8.899745e-04
-1.297780e-03
-1.081860e-03
-1.418769e-03
-1.490031e-03
-1.593924e-03
-1.815426e-03
-1.677186e-03
-2.214158e-03
-2.263938e-03
-2.494733e-03
-2.746324e-03
-2.925448e-03
-2.797907e-03
-2.988643e-03
-2.865974e-03
-2.714210e-03
-2.733773e-03
-3.121728e-03
-3.475258e-03
-3.196325e-03
-3.144128e-03
-3.260069e-03
-3.277953e-03
-3.409442e-03
-3.641847e-03
-3.688615e-03
-3.684927e-03
-3.933974e-03
-3.810760e-03
-3.918821e-03
-3.744534e-03
-3.836573e-03
-3.752854e-03
-3.896391e-03
-3.865533e-03
-3.796930e-03
-3.730616e-03
-3.358027e-03
-3.351766e-03
-3.426961e-03
-3.478563e-03
-3.250093e-03
-3.285053e-03
-3.087668e-03
-3.024784e-03
-3.106718e-03
-3.230868e-03
-3.043360e-03
-2.915316e-03
-3.164196e-03
-2.824401e-03
-2.668996e-03
-2.247446e-03
-2.100548e-03
-1.739106e-03
-1.383139e-03
-1.323387e-03
-1.161512e-03
-8.080306e-04
-7.881502e-04
-5.556339e-04
9.686170e-06
1.630460e-04
1.184414e-04
7.689430e-04
9.726211e-04
9.432718e-04
1.197284e-03
1.373550e-03
1.534739e-03
1.814528e-03
2.038887e-03
2.354635e-03
2.720209e-03
2.847119e-03
3.367684e-03
3.546859e-03
3.744307e-03
4.250570e-03
4.320385e-03
4.619380e-03
5.185381e-03
5.328286e-03
5.591646e-03
5.595994e-03
5.975675e-03
6.028825e-03
5.800982e-03
6.202007e-03
6.411398e-03
6.627283e-03
6.684418e-03
6.962585e-03
6.964267e-03
7.034758e-03
7.422947e-03
7.089217e-03
7.118575e-03
7.419404e-03
7.628244e-03
7.358838e-03
7.670270e-03
7.624410e-03
7.740490e-03
8.114447e-03
8.020751e-03
8.012982e-03
8.423273e-03
8.413760e-03
8.354261e-03
8.595206e-03
8.815276e-03
8.851361e-03
8.820734e-03
8.923162e-03
8.904426e-03
8.898641e-03
8.903054e-03
8.604480e-03
8.904087e-03
8.894834e-03
8.911579e-03
8.902882e-03
8.538835e-03
8.489601e-03
8.655185e-03
8.501843e-03
8.490016e-03
8.373621e-03
8.429350e-03
8.366475e-03
8.180802e-03
8.205162e-03
8.313627e-03
8.235220e-03
7.740711e-03
7.809550e-03
7.753814e-03
7.522904e-03
7.357938e-03
7.460196e-03
7.281249e-03
6.793469e-03
6.948228e-03
6.923537e-03
6.824285e-03
6.865868e-03
6.464229e-03
6.136964e-03
6.292207e-03
6.108993e-03
5.881157e-03
5.848848e-03
5.835377e-03
5.592228e-03
5.403574e-03
5.285635e-03
4.861227e-03
4.769570e-03
4.817663e-03
4.756185e-03
4.880263e-03
4.553688e-03
4.160313e-03
4.198041e-03
4.068219e-03
3.861857e-03
3.946124e-03
3.262977e-03
3.433382e-03
3.268350e-03
3.264807e-03
3.453935e-03
3.125246e-03
3.070337e-03
2.915124e-03
2.816257e-03
2.648895e-03
2.639616e-03
2.506608e-03
2.619010e-03
2.362521e-03
2.143669e-03
2.437846e-03
2.027216e-03
1.735531e-03
1.865643e-03
1.635285e-03
1.015004e-03
1.260465e-03
1.141063e-03
8.614091e-04
6.855041e-04
7.948220e-04
3.590242e-04
2.987818e-04
6.674566e-06
-2.023714e-05
-2.408370e-04
-5.224732e-04
-3.084389e-04
-4.642656e-04
-7.880470e-04
-8.845253e-04
-1.259454e-03
-1.226422e-03
-1.306295e-03
-1.723643e-03
-1.589235e-03
-1.942393e-03
-1.895575e-03
-2.024828e-03
-1.982015e-03
-2.012787e-03
-2.255091e-03
-2.107952e-03
-2.319623e-03
-2.142913e-03
-2.463505e-03
-2.276166e-03
-2.214897e-03
-2.336331e-03
-2.271789e-03
-2.741509e-03
-2.846779e-03
-2.720881e-03
-3.011884e-03
-2.847889e-03
-2.762282e-03
-2.921103e-03
-3.103099e-03
-3.362166e-03
-3.593135e-03
-3.597956e-03
-3.299600e-03
-3.372732e-03
-3.705698e-03
-3.580540e-03
-3.911657e-03
-3.665498e-03
-3.755561e-03
-3.450997e-03
-3.655934e-03
-3.987573e-03
-3.939487e-03
-3.808642e-03
-3.616365e-03
-3.743633e-03
-3.838996e-03
-3.704480e-03
-3.758237e-03
-4.014732e-03
-4.137170e-03
-4.418915e-03
-4.049137e-03
-3.982509e-03
-3.959609e-03
-4.069327e-03
-4.076362e-03
-4.252773e-03
-4.329756e-03
-4.235724e-03
-4.460039e-03
-4.489451e-03
-4.465619e-03
-4.565052e-03
-4.876616e-03
-4.752595e-03
-5.171618e-03
-4.906803e-03
-4.704115e-03
-4.991545e-03
-4.559275e-03
-4.736838e-03
-4.900613e-03
-5.156353e-03
-4.781402e-03
-4.493765e-03
-4.809045e-03
-4.414212e-03
-4.700630e-03
-4.867145e-03
-4.931957e-03
-4.616520e-03
-4.897616e-03
-4.654516e-03
-4.831166e-03
-5.147971e-03
-4.905932e-03
-5.049734e-03
-4.852862e-03
-4.980337e-03
-4.815237e-03
-4.832820e-03
-4.696139e-03
-4.715195e-03
-4.875690e-03
-4.885480e-03
-4.446040e-03
-4.844818e-03
-4.672313e-03
-4.799326e-03
-4.921640e-03
-4.672621e-03
-4.762788e-03
-4.686502e-03
-4.876025e-03
-4.962620e-03
-5.153465e-03
-5.414012e-03
-5.015884e-03
-5.102562e-03
-5.219645e-03
-5.065350e-03
-5.480481e-03
-5.547484e-03
-5.584513e-03
-5.710993e-03
-5.608110e-03
-5.465316e-03
-5.428026e-03
-5.647964e-03
-5.323827e-03
-5.478069e-03
-5.327669e-03
-5.305895e-03
-5.234421e-03
-5.134615e-03
-5.224088e-03
-5.014906e-03
-4.966176e-03
-5.011229e-03
-4.869759e-03
-4.667388e-03
-4.807142e-03
-4.555709e-03
-4.586044e-03
-4.744351e-03
-4.837524e-03
-4.687206e-03
-4.449912e-03
-4.730404e-03
-4.702689e-03
-4.826895e-03
-4.778812e-03
-4.810398e-03
-4.762637e-03
-4.559744e-03
-4.951949e-03
-4.829769e-03
-4.851945e-03
-4.897888e-03
-4.729445e-03
-4.907051e-03
-4.834206e-03
-4.867753e-03
-4.859146e-03
-4.813003e-03
-4.693246e-03
-4.773566e-03
-4.651667e-03
-4.956862e-03
-4.730024e-03
-4.517891e-03
-4.782788e-03
-4.444034e-03
-4.647123e-03
-4.650264e-03
-4.409642e-03
-4.579595e-03
-4.554848e-03
-4.151899e-03
-4.185419e-03
-4.149994e-03
-3.896477e-03
-3.790050e-03
-3.733380e-03
-3.692673e-03
-3.554999e-03
-3.383786e-03
-3.093454e-03
-2.903194e-03
-2.850081e-03
-2.531407e-03
-2.337360e-03
-2.293853e-03
-1.986396e-03
-2.044827e-03
-1.823657e-03
-1.493135e-03
-1.524824e-03
-1.387671e-03
-1.162707e-03
-1.034451e-03
-7.232755e-04
-5.483252e-04
-4.398630e-04
-2.861056e-04
5.910355e-05
9.212660e-05
2.976856e-04
5.851366e-04
7.333765e-04
9.480836e-04
1.095464e-03
1.383409e-03
1.605824e-03
1.885702e-03
2.077525e-03
2.135051e-03
2.440861e-03
2.656576e-03
2.668813e-03
3.058208e-03
3.082476e-03
3.260253e-03
3.329876e-03
3.582364e-03
3.990758e-03
4.020552e-03
4.195988e-03
4.255205e-03
4.881886e-03
5.023383e-03
4.940274e-03
5.403296e-03
5.278886e-03
5.532815e-03
5.521808e-03
5.621603e-03
5.987021e-03
6.289317e-03
6.247830e-03
6.089442e-03
6.342192e-03
6.310137e-03
6.502326e-03
6.556871e-03
6.515891e-03
6.934114e-03
6.894175e-03
6.951160e-03
7.129208e-03
7.137535e-03
7.270090e-03
7.154555e-03
7.417740e-03
7.296516e-03
7.469251e-03
7.634913e-03
7.285574e-03
7.569150e-03
7.379691e-03
7.655097e-03
7.666751e-03
7.927721e-03
7.781848e-03
7.952786e-03
7.902173e-03
7.864193e-03
8.068050e-03
8.097465e-03
8.445230e-03
8.254576e-03
8.538279e-03
8.454783e-03
8.443596e-03
8.561412e-03
8.178759e-03
8.353723e-03
8.157099e-03
8.296398e-03
8.357392e-03
8.011635e-03
8.118189e-03
8.108335e-03
8.008505e-03
7.713000e-03
7.795442e-03
7.487618e-03
7.441487e-03
7.557106e-03
7.231365e-03
7.178898e-03
7.057391e-03
7.132664e-03
6.715172e-03
6.659054e-03
6.313685e-03
6.160933e-03
6.055440e-03
5.863878e-03
5.953173e-03
5.841156e-03
5.794174e-03
5.737079e-03
5.625307e-03
5.404483e-03
5.251702e-03
4.998838e-03
4.998708e-03
5.258301e-03
5.371761e-03
5.387995e-03
5.220859e-03
5.104446e-03
5.005234e-03
4.781446e-03
4.628659e-03
4.708408e-03
4.585865e-03
4.594577e-03
4.663160e-03
4.448917e-03
4.411468e-03
4.449892e-03
4.300712e-03
3.813413e-03
3.909333e-03
3.776271e-03
3.747169e-03
3.683641e-03
3.562032e-03
3.727633e-03
3.223804e-03
2.812514e-03
3.011267e-03
2.780531e-03
2.638107e-03
2.395884e-03
2.318448e-03
2.199212e-03
2.285532e-03
2.148835e-03
1.819778e-03
1.776097e-03
1.541036e-03
1.416384e-03
1.362003e-03
1.050963e-03
1.085577e-03
1.006206e-03
8.344603e-04
5.710872e-04
5.455688e-04
3.175326e-04
3.521421e-04
2.269184e-04
1.594326e-04
-3.661777e-05
-9.309672e-05
-2.453520e-04
-1.432918e-04
-5.395205e-04
-9.148280e-05
-4.251453e-04
-5.443645e-04
-3.556554e-04
-3.088915e-04
-2.264009e-04
-3.189848e-04
-3.258802e-04
-2.967140e-04
-6.249055e-04
-3.097903e-04
-2.844970e-04
-1.214199e-04
-2.649998e-04
-3.725538e-04
-4.307428e-04
-2.141593e-04
-4.795354e-04
-5.504126e-04
-6.417120e-04
-6.484690e-04
-4.884554e-04
-7.481202e-04
-9.833378e-04
-9.602644e-04
-1.098111e-03
-1.037460e-03
-1.070563e-03
-1.051448e-03
-1.048164e-03
-1.113103e-03
-1.203613e-03
-1.181578e-03
-1.469394e-03
-1.570436e-03
-1.265531e-03
-1.541958e-03
-1.895693e-03
-1.765950e-03
-1.843166e-03
-2.066958e-03
-2.216379e-03
-2.514075e-03
-2.667306e-03
-2.546560e-03
-2.779903e-03
-2.804013e-03
-2.810481e-03
-2.774291e-03
-3.226434e-03
-3.399191e-03
-3.388539e-03
-3.882296e-03
-3.599877e-03
-3.683812e-03
-3.747101e-03
-3.717478e-03
-3.822278e-03
-4.102193e-03
-4.124910e-03
-4.369344e-03
-4.585825e-03
-4.885908e-03
-4.709649e-03
-4.966512e-03
-4.966688e-03
-5.039869e-03
-5.137710e-03
-5.074474e-03
-5.512709e-03
-5.449635e-03
-5.868357e-03
-5.874316e-03
-5.746143e-03
-6.210828e-03
-6.073928e-03
-6.095737e-03
-6.135166e-03
-6.017294e-03
-6.348799e-03
-6.377617e-03
-6.568272e-03
-6.608908e-03
-6.572925e-03
-6.372911e-03
-6.370934e-03
-6.641415e-03
-6.664190e-03
-7.055920e-03
-7.279346e-03
-6.900789e-03
-7.201247e-03
-7.017441e-03
-7.547263e-03
-7.385531e-03
-7.285463e-03
-7.247666e-03
-7.355805e-03
-7.467741e-03
-7.556787e-03
-7.564715e-03
-7.696811e-03
-7.317987e-03
-7.413071e-03
-7.527751e-03
-7.649317e-03
-7.488727e-03
-7.223845e-03
-7.305244e-03
-7.284576e-03
-7.265075e-03
-7.362578e-03
-7.371900e-03
-7.263027e-03
-7.593981e-03
-7.616065e-03
-7.508135e-03
-7.559927e-03
-7.451780e-03
-7.485816e-03
-7.758361e-03
-7.518314e-03
-7.659825e-03
-7.482625e-03
-7.214625e-03
-7.033778e-03
-7.181424e-03
-7.249718e-03
-7.141792e-03
-6.821775e-03
-6.959252e-03
-6.852504e-03
-6.706174e-03
-6.327209e-03
-6.082437e-03
-6.289624e-03
-6.167311e-03
-6.020142e-03
-5.988878e-03
-6.215951e-03
-5.833143e-03
-5.546042e-03
-5.579688e-03
-5.404515e-03
-4.966086e-03
-4.961080e-03
-5.055560e-03
-4.760836e-03
-4.969731e-03
-4.916002e-03
-4.511067e-03
-4.313235e-03
-4.352647e-03
-4.114328e-03
-4.163052e-03
-3.938713e-03
-3.961313e-03
-4.123293e-03
-3.860313e-03
-3.590722e-03
-3.455512e-03
-3.159300e-03
-3.296198e-03
-3.411346e-03
-2.943734e-03
-3.020527e-03
-2.617553e-03
-2.850693e-03
-2.503374e-03
-2.411794e-03
-2.402116e-03
-1.859209e-03
-2.030360e-03
-1.675555e-03
-1.670527e-03
-1.396336e-03
-1.311030e-03
-1.210748e-03
-6.131999e-04
-7.366441e-04
-5.915581e-04
-6.078136e-04
-3.602996e-04
-1.869498e-04
-3.424801e-04
-1.285436e-05
7.939616e-05
5.629986e-05
1.011454e-04
5.730062e-04
3.333635e-04
2.742981e-04
4.457781e-04
5.290798e-04
4.850348e-04
8.404886e-04
7.055831e-04
7.908672e-04
9.853667e-04
9.141312e-04
1.278670e-03
1.126598e-03
1.278852e-03
1.267086e-03
1.481876e-03
1.757126e-03
1.630862e-03
1.763475e-03
1.813529e-03
2.124778e-03
2.094614e-03
2.163723e-03
2.356339e-03
2.566654e-03
2.406178e-03
2.678928e-03
2.975804e-03
2.965591e-03
2.782978e-03
3.371615e-03
3.591571e-03
3.559575e-03
3.477574e-03
3.797003e-03
4.105373e-03
3.756806e-03
3.958195e-03
4.015501e-03
4.227107e-03
4.172091e-03
4.436802e-03
4.644007e-03
4.628867e-03
4.509064e-03
4.589003e-03
4.795939e-03
4.999396e-03
5.104014e-03
5.227276e-03
5.364560e-03
5.464742e-03
5.624560e-03
5.697601e-03
5.925448e-03
5.787245e-03
5.992189e-03
6.149875e-03
6.375227e-03
6.489520e-03
6.507836e-03
6.708262e-03
6.655681e-03
6.661322e-03
7.004987e-03
6.856462e-03
6.999814e-03
7.009705e-03
6.819875e-03
7.138141e-03
7.254948e-03
7.198332e-03
7.284142e-03
7.374511e-03
7.332582e-03
7.369931e-03
7.295538e-03
7.507897e-03
7.537451e-03
7.560337e-03
7.776478e-03
7.707066e-03
7.705839e-03
7.808469e-03
7.754603e-03
7.548333e-03
7.929631e-03
7.881569e-03
7.617966e-03
7.605255e-03
7.876106e-03
7.662256e-03
7.417654e-03
7.483270e-03
7.496587e-03
7.389861e-03
7.394769e-03
7.484145e-03
7.177562e-03
7.130363e-03
7.255580e-03
7.200916e-03
7.265195e-03
7.104847e-03
6.915927e-03
7.057433e-03
7.094238e-03
7.164970e-03
7.207085e-03
7.000051e-03
6.987662e-03
6.921950e-03
6.798014e-03
6.974653e-03
6.795490e-03
6.597953e-03
6.731048e-03
6.183074e-03
6.537015e-03
6.589598e-03
6.351757e-03
6.455251e-03
6.333378e-03
5.975175e-03
5.997854e-03
6.239192e-03
6.104265e-03
6.270788e-03
5.888482e-03
5.969781e-03
5.789196e-03
5.611230e-03
5.757944e-03
5.391100e-03
5.520821e-03
5.755734e-03
5.180990e-03
5.205473e-03
5.385873e-03
5.061102e-03
4.999956e-03
5.166427e-03
5.022386e-03
4.985777e-03
4.941520e-03
4.772000e-03
4.750160e-03
4.975771e-03
4.914669e-03
4.853340e-03
4.823459e-03
4.629974e-03
4.681438e-03
4.652945e-03
4.409198e-03
4.555097e-03
4.349336e-03
4.504160e-03
4.225946e-03
3.977573e-03
3.794211e-03
3.642222e-03
3.676987e-03
3.716661e-03
3.519346e-03
3.149834e-03
3.231964e-03
3.042769e-03
2.871929e-03
2.696575e-03
2.725783e-03
2.537784e-03
2.400840e-03
2.110697e-03
2.168073e-03
1.991270e-03
2.135514e-03
1.868201e-03
1.581895e-03
1.867262e-03
1.477323e-03
1.190140e-03
1.526710e-03
1.031661e-03
1.021258e-03
1.222525e-03
8.693590e-04
8.703219e-04
5.491395e-04
2.980707e-04
4.652570e-04
4.820495e-04
2.465115e-04
2.743549e-05
-2.302138e-06
-3.391406e-04
-5.065942e-04
-6.321665e-04
-7.000797e-04
-6.962678e-04
-9.521553e-04
-1.128345e-03
-1.232064e-03
-1.085574e-03
-1.435590e-03
-1.456413e-03
-1.659931e-03
-1.653905e-03
-1.772745e-03
-2.082498e-03
-1.890397e-03
-2.253540e-03
-2.525615e-03
-2.284829e-03
-2.819576e-03
-2.925278e-03
-3.025991e-03
-3.259382e-03
-3.383810e-03
-3.711588e-03
-3.841679e-03
-4.047524e-03
-4.283481e-03
-4.549612e-03
-4.484248e-03
-5.047522e-03
-4.936509e-03
-5.023782e-03
-5.218557e-03
-5.474730e-03
-5.776300e-03
-5.816525e-03
-6.046074e-03
-6.251218e-03
-6.308043e-03
-6.274993e-03
-6.625932e-03
-6.520542e-03
-6.490043e-03
-6.748626e-03
-6.851980e-03
-6.962841e-03
-7.103741e-03
-6.901253e-03
-7.397675e-03
-7.309098e-03
-7.415697e-03
-7.838490e-03
-7.608303e-03
-7.661194e-03
-8.039164e-03
-8.041527e-03
-7.984131e-03
-8.186034e-03
-8.233659e-03
-8.203084e-03
-8.259125e-03
-8.433024e-03
-8.459973e-03
-8.186269e-03
-8.425809e-03
-8.547340e-03
-8.249993e-03
-8.457583e-03
-8.399915e-03
-8.706997e-03
-8.731815e-03
-8.331362e-03
-8.678080e-03
-8.559833e-03
-8.633432e-03
-8.807986e-03
-8.503190e-03
-8.662592e-03
-8.471388e-03
-8.575971e-03
-8.456010e-03
-8.372718e-03
-8.496927e-03
-8.445959e-03
-8.192522e-03
-8.413571e-03
-8.261898e-03
-8.218888e-03
-8.156720e-03
-7.769137e-03
-7.779764e-03
-7.506601e-03
-7.693507e-03
-7.382697e-03
-7.185159e-03
-7.231303e-03
-6.857189e-03
-6.805158e-03
-6.956479e-03
-6.564887e-03
-6.665589e-03
-6.454089e-03
-6.667099e-03
-6.546543e-03
-6.344217e-03
-6.202178e-03
-6.184137e-03
-6.418290e-03
-6.274657e-03
-6.209913e-03
-6.225116e-03
-5.925681e-03
-5.900632e-03
-5.960213e-03
-5.763517e-03
-5.725104e-03
-5.686347e-03
-5.209822e-03
-5.176412e-03
-5.115378e-03
-4.998915e-03
-4.779121e-03
-4.649490e-03
-4.628815e-03
-4.514000e-03
-4.545156e-03
-4.259381e-03
-4.157249e-03
-3.824242e-03
-3.999029e-03
-3.773153e-03
-3.677076e-03
-3.904787e-03
-3.545904e-03
-3.537802e-03
-3.258129e-03
-3.217677e-03
-3.280528e-03
-3.118911e-03
-3.252070e-03
-2.988475e-03
-3.049502e-03
-3.140154e-03
-3.068195e-03
-2.923125e-03
-2.766581e-03
-2.824679e-03
-2.741844e-03
-2.676964e-03
-2.920839e-03
-2.542630e-03
-2.531639e-03
-2.333183e-03
-2.291085e-03
-2.339852e-03
-2.176809e-03
-2.046628e-03
-1.945971e-03
-1.779361e-03
-1.432847e-03
-1.465345e-03
-1.602828e-03
-1.144314e-03
-1.201030e-03
-1.178217e-03
-8.115850e-04
-7.894137e-04
-8.529928e-04
-3.652380e-04
-5.719997e-04
-3.843920e-04
-1.278853e-04
-1.923622e-04
1.157419e-04
1.422938e-04
3.989243e-04
5.206545e-04
5.173113e-04
7.730567e-04
8.742713e-04
9.804167e-04
1.158065e-03
1.159543e-03
1.607456e-03
1.455732e-03
1.850645e-03
2.008616e-03
2.086665e-03
2.306674e-03
2.205483e-03
2.603766e-03
2.430965e-03
2.870006e-03
3.002208e-03
3.365340e-03
3.409635e-03
3.497508e-03
3.562503e-03
3.539067e-03
3.935847e-03
3.900942e-03
4.008205e-03
4.309096e-03
3.888825e-03
4.312318e-03
4.330065e-03
4.159443e-03
4.397674e-03
4.420561e-03
4.446819e-03
4.349144e-03
4.635493e-03
4.441279e-03
4.476619e-03
4.552698e-03
4.599645e-03
4.672723e-03
4.419569e-03
4.834898e-03
4.720664e-03
4.640005e-03
4.752689e-03
4.732976e-03
4.731055e-03
4.698598e-03
4.544570e-03
4.723347e-03
4.642662e-03
4.691850e-03
4.645738e-03
4.717910e-03
4.539186e-03
4.390651e-03
4.414051e-03
4.497048e-03
4.492604e-03
4.456094e-03
4.536904e-03
4.022400e-03
4.297390e-03
4.268643e-03
4.361453e-03
4.462065e-03
3.976008e-03
3.905481e-03
4.257556e-03
3.828953e-03
3.900143e-03
4.097598e-03
3.681014e-03
3.569557e-03
3.697850e-03
3.697524e-03
3.574592e-03
3.645684e-03
3.540766e-03
3.472537e-03
3.491852e-03
3.488416e-03
3.485505e-03
3.489515e-03
3.487221e-03
3.482661e-03
3.510602e-03
3.400563e-03
3.435202e-03
3.400238e-03
3.177663e-03
3.264029e-03
2.893483e-03
3.031605e-03
2.950847e-03
2.725246e-03
2.576169e-03
2.314368e-03
2.331551e-03
2.220417e-03
2.208106e-03
2.065999e-03
2.180756e-03
1.969474e-03
1.864204e-03
1.801222e-03
1.754171e-03
1.665601e-03
1.659071e-03
1.781506e-03
1.694470e-03
1.525291e-03
1.525238e-03
1.357359e-03
1.270539e-03
1.378840e-03
1.111652e-03
1.227820e-03
1.109631e-03
1.049197e-03
1.038887e-03
8.035654e-04
9.353106e-04
7.302995e-04
6.072806e-04
5.830060e-04
4.374080e-04
6.356146e-04
7.521235e-04
5.087872e-04
5.313584e-04
3.855243e-04
1.735243e-04
3.895607e-04
5.131689e-04
2.213928e-04
4.146899e-04
3.864668e-04
2.913970e-04
2.989872e-04
5.076349e-05
5.459209e-04
4.527778e-04
6.035118e-04
8.434077e-04
5.780646e-04
8.720377e-04
8.577256e-04
8.846007e-04
8.856238e-04
1.111943e-03
1.088035e-03
1.196833e-03
9.360193e-04
1.312320e-03
1.351000e-03
1.132816e-03
1.204182e-03
1.502100e-03
1.420466e-03
1.407374e-03
1.850527e-03
1.388957e-03
1.485215e-03
1.654823e-03
1.625271e-03
1.914944e-03
1.932907e-03
1.944647e-03
1.860198e-03
1.844309e-03
1.942047e-03
2.008889e-03
2.293395e-03
1.995152e-03
2.322743e-03
2.234968e-03
2.156903e-03
2.228721e-03
2.361628e-03
2.531417e-03
2.467222e-03
2.535842e-03
2.357205e-03
2.576496e-03
2.659957e-03
2.522348e-03
2.870535e-03
2.869298e-03
2.810952e-03
2.739619e-03
2.981497e-03
2.959562e-03
3.062018e-03
3.135123e-03
3.060851e-03
2.966144e-03
3.316403e-03
3.266009e-03
3.383664e-03
3.388629e-03
3.250115e-03
3.389087e-03
3.394769e-03
3.553363e-03
3.363334e-03
3.505952e-03
3.553366e-03
3.575401e-03
3.441027e-03
3.577413e-03
3.536502e-03
3.264981e-03
3.820251e-03
3.291200e-03
3.443870e-03
3.535266e-03
3.324529e-03
3.361593e-03
3.374133e-03
3.354698e-03
3.347786e-03
3.113988e-03
3.199584e-03
3.175956e-03
3.126823e-03
3.029033e-03
3.038744e-03
3.136154e-03
3.087771e-03
2.854085e-03
2.664238e-03
2.571612e-03
2.708320e-03
2.693456e-03
2.579855e-03
2.335314e-03
2.601033e-03
2.618732e-03
2.286627e-03
2.365392e-03
2.115275e-03
2.206820e-03
2.154904e-03
1.886887e-03
1.862553e-03
1.875633e-03
1.852556e-03
1.911579e-03
1.722211e-03
1.660407e-03
1.697446e-03
1.318535e-03
1.202415e-03
1.011796e-03
1.070580e-03
1.080922e-03
9.497097e-04
1.087865e-03
1.049846e-03
7.328560e-04
8.100072e-04
5.698555e-04
2.708147e-04
5.528990e-04
5.106447e-04
8.395606e-05
1.911649e-04
-3.280736e-05
-1.023718e-04
-2.625542e-04
-3.616231e-04
-5.092072e-04
-6.236656e-04
-7.161367e-04
-9.869892e-04
-9.538705e-04
-8.274916e-04
-1.268512e-03
-1.248781e-03
-1.202015e-03
-1.398630e-03
-1.444696e-03
-1.761323e-03
-1.976954e-03
-1.929465e-03
-1.882149e-03
-2.086790e-03
-2.126966e-03
-2.118517e-03
-2.449588e-03
-2.653339e-03
-2.648301e-03
-2.450026e-03
-2.486646e-03
-2.870583e-03
-2.560606e-03
-2.878521e-03
-3.123475e-03
-2.961616e-03
-2.939900e-03
-2.858839e-03
-3.138103e-03
-3.279152e-03
-3.178774e-03
-3.088254e-03
-3.466048e-03
-3.638179e-03
-3.647610e-03
-3.810280e-03
-3.893011e-03
-3.805537e-03
-4.014017e-03
-4.078444e-03
-4.312020e-03
-4.458498e-03
-4.401984e-03
-4.780277e-03
-4.560734e-03
-4.594505e-03
-5.044594e-03
-5.165015e-03
-5.288108e-03
-5.441840e-03
-5.443791e-03
-5.323096e-03
-5.698842e-03
-5.583212e-03
-5.907093e-03
-6.281385e-03
-6.008194e-03
-5.904151e-03
-6.211648e-03
-6.257744e-03
-6.149428e-03
-6.433356e-03
-6.290838e-03
-6.457617e-03
-6.406295e-03
-6.379861e-03
-6.555760e-03
-6.624014e-03
-6.576897e-03
-6.646914e-03
-6.812300e-03
-6.838718e-03
-6.938293e-03
-7.217294e-03
-7.195723e-03
-6.972212e-03
-7.118636e-03
-7.480316e-03
-7.126069e-03
-7.292536e-03
-7.430754e-03
-7.459042e-03
-7.541505e-03
-7.264135e-03
-7.429507e-03
-7.520064e-03
-7.655103e-03
-7.497583e-03
-7.511524e-03
-7.344541e-03
-7.515854e-03
-7.468803e-03
-7.433695e-03
-7.269067e-03
-7.185818e-03
-7.294517e-03
-7.030906e-03
-7.112217e-03
-6.801546e-03
-6.727820e-03
-6.662465e-03
-6.239268e-03
-6.109031e-03
-6.262509e-03
-5.913008e-03
-5.894610e-03
-6.006595e-03
-5.597298e-03
-5.255927e-03
-5.436436e-03
-5.198208e-03
-5.108311e-03
-5.030499e-03
-5.009177e-03
-4.860210e-03
-5.016284e-03
-4.990671e-03
-4.566456e-03
-4.366265e-03
-4.471678e-03
-4.303008e-03
-4.110501e-03
-4.240891e-03
-4.012167e-03
-3.963259e-03
-3.719171e-03
-3.542540e-03
-3.756547e-03
-3.498098e-03
-3.203814e-03
-3.402104e-03
-3.078449e-03
-2.915058e-03
-2.853933e-03
-2.808969e-03
-2.416657e-03
-2.386867e-03
-1.945964e-03
-1.735255e-03
-1.940387e-03
-1.730655e-03
-1.275376e-03
-1.305290e-03
-1.027863e-03
-9.078536e-04
-9.406477e-04
-5.846414e-04
-4.406110e-04
-2.662504e-04
-1.952691e-05
3.630498e-06
-5.784782e-06
2.827885e-05
2.328530e-04
2.039835e-04
4.014056e-04
4.483252e-04
4.018364e-04
5.650414e-04
7.097405e-04
7.220419e-04
8.659057e-04
7.032095e-04
8.021190e-04
1.268898e-03
1.279859e-03
1.419163e-03
1.308789e-03
1.510566e-03
1.304027e-03
1.453317e-03
1.835012e-03
1.709197e-03
1.753384e-03
1.760816e-03
2.016946e-03
2.149425e-03
2.090268e-03
2.188529e-03
2.231154e-03
2.348027e-03
2.548670e-03
2.796503e-03
3.052964e-03
2.985345e-03
3.244986e-03
3.503685e-03
3.635456e-03
3.667996e-03
4.017147e-03
3.901868e-03
4.211820e-03
4.343489e-03
4.523268e-03
4.517388e-03
4.643453e-03
4.933451e-03
4.779918e-03
4.727768e-03
5.031635e-03
5.090157e-03
5.212832e-03
5.452875e-03
5.482932e-03
5.513946e-03
6.009759e-03
5.669277e-03
5.990213e-03
6.249378e-03
6.061852e-03
6.758444e-03
6.612739e-03
6.719218e-03
6.866470e-03
6.910602e-03
6.979060e-03
7.021613e-03
7.490252e-03
7.522395e-03
7.619258e-03
7.924896e-03
7.789265e-03
7.959247e-03
8.204851e-03
8.194699e-03
8.328325e-03
8.545985e-03
8.690480e-03
8.636913e-03
8.692869e-03
8.875072e-03
8.897888e-03
8.936834e-03
8.818495e-03
8.807470e-03
8.677066e-03
8.751749e-03
8.666209e-03
8.835509e-03
8.720788e-03
8.577402e-03
8.529071e-03
8.492161e-03
8.327642e-03
8.267276e-03
8.273124e-03
8.008290e-03
8.192531e-03
7.872691e-03
7.723110e-03
7.588443e-03
7.490672e-03
7.315061e-03
7.310821e-03
7.161712e-03
7.014766e-03
6.973733e-03
6.614195e-03
6.498811e-03
6.297260e-03
6.374795e-03
6.359226e-03
6.261273e-03
6.004481e-03
5.910337e-03
5.543453e-03
5.484423e-03
5.445517e-03
5.586418e-03
5.858038e-03
6.064373e-03
5.801813e-03
5.445102e-03
4.957388e-03
4.598005e-03
4.666874e-03
4.746783e-03
4.429781e-03
4.390822e-03
4.539470e-03
4.724519e-03
4.618550e-03
4.791207e-03
4.634763e-03
4.353664e-03
4.421243e-03
3.828860e-03
4.069606e-03
4.228703e-03
4.399742e-03
4.356088e-03
4.306351e-03
4.202108e-03
3.595487e-03
3.410090e-03
3.318324e-03
3.127708e-03
2.877855e-03
2.894560e-03
3.102430e-03
3.027150e-03
2.738846e-03
2.428812e-03
1.783775e-03
1.624263e-03
2.149484e-03
2.505788e-03
2.770522e-03
2.500758e-03
2.181321e-03
1.825103e-03
1.397591e-03
1.485482e-03
1.337174e-03
1.668663e-03
1.424543e-03
1.185340e-03
9.811162e-04
8.201595e-04
6.327063e-04
7.120350e-04
6.696551e-04
6.851443e-04
3.664155e-04
8.040312e-05
4.903982e-05
-2.416655e-04
-2.327897e-04
3.787061e-05
-2.494378e-04
-5.219472e-04
-3.428047e-04
-6.313285e-04
-5.432460e-04
-5.388481e-04
-6.820033e-04
-1.164004e-03
-1.068031e-03
-9.145653e-04
-1.206804e-03
-1.386455e-03
-1.798756e-03
-1.923800e-03
-2.405265e-03
-2.334910e-03
-2.425692e-03
-2.871520e-03
-2.940833e-03
-3.232656e-03
-2.843125e-03
-2.573639e-03
-2.573846e-03
-3.171569e-03
-4.140261e-03
-4.253338e-03
-4.563955e-03
-4.066586e-03
-3.464648e-03
-3.677174e-03
-3.919545e-03
-4.506833e-03
-4.639145e-03
-4.905612e-03
-4.933922e-03
-5.196986e-03
-5.646642e-03
-5.499626e-03
-5.259641e-03
-5.527435e-03
-5.551869e-03
-5.509170e-03
-5.664238e-03
-5.825303e-03
-6.137613e-03
-6.233836e-03
-5.621766e-03
-5.927324e-03
-6.171244e-03
-5.708804e-03
-6.030823e-03
-6.415580e-03
-6.422554e-03
-6.385941e-03
-6.493481e-03
-6.530973e-03
-6.930925e-03
-6.889952e-03
-6.610075e-03
-6.625984e-03
-6.494485e-03
-6.617697e-03
-6.634771e-03
-6.480045e-03
-6.617498e-03
-6.347083e-03
-6.420093e-03
-6.485723e-03
-6.468777e-03
-6.504247e-03
-6.352348e-03
-5.884132e-03
-5.916921e-03
-6.321953e-03
-6.514080e-03
-6.166806e-03
-5.763962e-03
-5.555141e-03
-5.936881e-03
-5.898791e-03
-5.910468e-03
-5.624774e-03
-5.541026e-03
-5.136519e-03
-4.903021e-03
-5.093030e-03
-5.034994e-03
-5.005135e-03
-4.876947e-03
-5.287962e-03
-5.076867e-03
-4.988148e-03
-4.888590e-03
-4.938174e-03
-4.901820e-03
-4.951532e-03
-4.830395e-03
-4.860725e-03
-5.196182e-03
-4.710999e-03
-4.660819e-03
-4.678050e-03
-4.647302e-03
-4.753576e-03
-4.735906e-03
-4.703654e-03
-4.827236e-03
-4.777040e-03
-4.829020e-03
-5.025259e-03
-4.984093e-03
-4.909770e-03
-4.558045e-03
-4.475283e-03
-4.799690e-03
-4.747697e-03
-4.623204e-03
-4.721373e-03
-4.566839e-03
-4.611493e-03
-4.671412e-03
-4.687661e-03
-4.645734e-03
-4.690241e-03
-4.329455e-03
-4.422334e-03
-4.216162e-03
-4.405283e-03
-4.033031e-03
-3.709955e-03
-3.905612e-03
-3.845187e-03
-3.889926e-03
-3.739349e-03
-3.590083e-03
-3.533883e-03
-3.261361e-03
-3.505265e-03
-3.351016e-03
-3.221835e-03
-3.223276e-03
-3.257599e-03
-2.890561e-03
-3.023014e-03
-3.008129e-03
-2.853342e-03
-2.447527e-03
-2.611186e-03
-2.489915e-03
-2.349668e-03
-2.624038e-03
-2.173255e-03
-2.086250e-03
-2.175874e-03
-1.927871e-03
-1.701716e-03
-1.348785e-03
-1.129089e-03
-1.191663e-03
-8.944673e-04
-1.134095e-03
-9.719100e-04
-5.778827e-04
-4.378205e-04
5.412494e-05
2.405539e-04
1.489454e-04
5.921722e-04
8.703267e-04
8.000812e-04
7.851591e-04
8.905837e-04
9.068880e-04
1.066260e-03
1.196695e-03
1.239171e-03
1.321301e-03
1.312571e-03
1.293885e-03
1.334432e-03
1.590821e-03
1.981093e-03
1.774780e-03
1.700722e-03
1.553754e-03
1.749519e-03
1.943562e-03
2.031479e-03
1.921855e-03
1.837963e-03
1.946329e-03
1.947944e-03
1.873753e-03
2.083350e-03
1.817211e-03
1.804972e-03
1.811047e-03
1.785259e-03
1.887032e-03
1.873025e-03
1.832567e-03
1.644240e-03
1.663300e-03
1.770168e-03
1.390491e-03
1.239827e-03
1.473490e-03
1.487216e-03
1.535790e-03
1.694103e-03
1.436391e-03
1.495645e-03
1.517609e-03
1.103857e-03
1.104720e-03
1.235317e-03
1.389375e-03
1.143924e-03
1.752040e-03
1.669012e-03
1.608536e-03
1.630302e-03
1.581000e-03
1.752397e-03
1.866256e-03
1.643293e-03
1.642170e-03
1.839852e-03
1.879187e-03
2.158756e-03
1.901870e-03
1.755171e-03
1.592665e-03
1.882021e-03
1.803061e-03
2.037904e-03
2.053601e-03
2.045169e-03
2.109138e-03
1.849160e-03
1.713272e-03
1.732575e-03
1.839655e-03
2.074799e-03
1.876073e-03
1.957103e-03
2.262131e-03
2.433595e-03
2.248165e-03
2.343979e-03
2.236541e-03
2.149093e-03
2.224710e-03
2.053023e-03
1.892167e-03
1.955148e-03
2.220046e-03
2.278633e-03
2.457551e-03
2.487466e-03
2.508949e-03
2.443760e-03
2.279038e-03
2.273552e-03
2.417652e-03
2.306015e-03
2.495276e-03
2.328020e-03
2.001185e-03
1.648976e-03
1.812564e-03
1.962569e-03
1.930760e-03
2.237056e-03
2.218146e-03
1.970247e-03
1.827946e-03
1.227791e-03
1.425094e-03
1.648911e-03
1.047628e-03
1.158367e-03
1.101485e-03
1.123359e-03
1.157682e-03
9.567911e-04
1.016175e-03
1.265775e-03
1.101665e-03
9.829542e-04
6.510557e-04
7.955483e-04
7.419767e-04
9.997928e-04
9.536180e-04
1.079134e-03
7.969393e-04
8.722973e-04
6.512299e-04
5.900961e-04
1.080000e-03
1.083576e-03
9.654599e-04
9.832054e-04
7.555793e-04
7.966458e-04
5.917993e-04
5.373450e-04
6.263910e-04
6.878829e-04
7.485474e-04
1.133728e-03
1.100725e-03
8.362508e-04
1.090897e-03
8.534623e-04
1.042496e-03
1.326328e-03
1.151168e-03
8.131368e-04
1.135361e-03
1.041039e-03
1.058357e-03
1.381974e-03
9.836979e-04
9.517624e-04
8.848828e-04
1.396241e-03
1.804080e-03
1.810079e-03
1.148189e-03
1.313808e-03
1.496899e-03
1.295213e-03
1.537953e-03
1.843317e-03
1.634128e-03
1.639090e-03
1.569162e-03
1.741407e-03
1.618184e-03
1.803681e-03
2.023652e-03
1.702212e-03
1.628594e-03
1.817903e-03
1.629180e-03
1.701238e-03
1.689841e-03
1.955114e-03
2.097190e-03
1.983186e-03
1.933059e-03
1.856205e-03
2.201145e-03
2.068231e-03
1.877965e-03
2.279977e-03
1.822588e-03
1.926216e-03
2.083401e-03
2.065915e-03
2.348219e-03
2.366432e-03
2.398773e-03
2.565028e-03
2.335466e-03
2.256149e-03
2.115876e-03
2.319131e-03
2.452028e-03
2.449992e-03
2.656283e-03
2.283525e-03
2.017240e-03
1.964835e-03
2.084673e-03
2.380573e-03
2.599083e-03
2.541521e-03
2.212693e-03
2.362322e-03
2.215112e-03
2.202081e-03
2.417232e-03
2.343939e-03
2.401157e-03
2.600673e-03
2.539463e-03
2.535739e-03
2.281161e-03
2.163029e-03
2.476441e-03
2.538330e-03
2.663917e-03
2.526305e-03
2.518516e-03
2.364674e-03
2.222679e-03
2.529349e-03
2.627055e-03
2.303413e-03
2.329855e-03
2.205112e-03
1.967517e-03
2.165121e-03
1.794216e-03
2.138627e-03
2.388021e-03
2.134897e-03
1.801206e-03
1.809945e-03
1.824986e-03
1.716748e-03
1.769530e-03
2.005934e-03
1.835277e-03
1.824521e-03
1.710416e-03
1.434908e-03
1.488365e-03
1.230684e-03
1.399374e-03
1.396154e-03
1.259397e-03
1.353088e-03
8.850309e-04
9.874749e-04
8.356540e-04
4.998536e-04
5.334299e-04
6.744850e-04
2.345266e-04
5.142242e-04
3.990348e-04
4.636038e-04
3.842646e-04
2.338997e-04
1.490373e-04
-5.117673e-05
-1.111792e-06
-2.437081e-04
1.158233e-04
-1.087331e-04
-1.313243e-04
-7.286092e-05
-9.315547e-06
-1.880188e-04
-7.601052e-05
-1.864928e-04
-3.411189e-04
-2.788391e-04
2.506255e-04
1.220038e-04
2.979797e-04
2.296962e-04
2.398818e-04
3.123291e-04
2.467900e-05
2.937632e-04
3.172704e-04
3.097474e-04
6.310701e-04
2.306362e-04
2.656432e-04
5.462833e-04
2.193838e-04
4.861471e-05
-3.524814e-05
7.100847e-05
1.265239e-04
1.598067e-04
-8.101172e-06
-1.412639e-04
-1.901045e-04
-5.516538e-04
-2.786890e-04
-1.876114e-04
-4.396879e-04
-3.497857e-04
-7.283968e-04
-8.803673e-04
-9.813091e-04
-1.162270e-03
-1.107531e-03
-1.134741e-03
-1.087220e-03
-1.230171e-03
-1.116711e-03
-1.047824e-03
-1.711261e-03
-1.542114e-03
-1.437269e-03
-1.655649e-03
-1.677958e-03
-1.716462e-03
-1.573388e-03
-1.679559e-03
-2.158462e-03
-2.049045e-03
-1.982814e-03
-2.283905e-03
-1.720449e-03
-2.279521e-03
-2.315806e-03
-1.936748e-03
-2.216267e-03
-2.300370e-03
-2.403889e-03
-2.310922e-03
-2.517432e-03
-2.584461e-03
-2.482306e-03
-2.425584e-03
-2.744711e-03
-2.683559e-03
-2.620372e-03
-3.172212e-03
-2.769237e-03
-2.838316e-03
-2.761851e-03
-2.875284e-03
-2.974497e-03
-3.117956e-03
-2.926475e-03
-3.057929e-03
-3.170943e-03
-2.962729e-03
-2.892450e-03
-2.676098e-03
-2.478630e-03
-2.710970e-03
-3.091188e-03
-2.930672e-03
-3.066305e-03
-3.137077e-03
-2.722667e-03
-2.771778e-03
-2.967804e-03
-2.639703e-03
-2.815413e-03
-2.621124e-03
-2.364402e-03
-2.514966e-03
-2.839290e-03
-2.679207e-03
-3.143181e-03
-3.155945e-03
-3.234568e-03
-3.370064e-03
-3.425625e-03
-3.164628e-03
-2.933314e-03
-2.698774e-03
-2.682802e-03
-2.666452e-03
-2.699726e-03
-2.626079e-03
-2.493794e-03
-2.701485e-03
-2.776951e-03
-2.657561e-03
-2.636305e-03
-2.512788e-03
-2.263218e-03
-2.260606e-03
-2.485638e-03
-2.423517e-03
-2.369877e-03
-2.331199e-03
-2.818517e-03
-2.898996e-03
-3.117006e-03
-2.967832e-03
-2.941864e-03
-2.808842e-03
-2.344426e-03
-2.646491e-03
-2.509796e-03
-2.887852e-03
-2.514788e-03
-2.286115e-03
-2.232073e-03
-2.533752e-03
-2.660392e-03
-2.829000e-03
-2.550427e-03
-2.586571e-03
-2.479963e-03
-2.065275e-03
-2.311903e-03
-2.150899e-03
-1.853569e-03
-2.274482e-03
-1.895763e-03
-2.004629e-03
-2.098744e-03
-1.900947e-03
-1.573475e-03
-1.802061e-03
-1.765064e-03
-1.917841e-03
-1.822881e-03
-1.611639e-03
-1.457349e-03
-1.157558e-03
-1.021652e-03
-1.095975e-03
-1.318408e-03
-1.134581e-03
-8.784256e-04
-9.288747e-04
-6.861492e-04
-7.882028e-04
-1.014023e-03
-1.149061e-03
-1.105852e-03
-4.726364e-04
-3.033208e-04
-2.141031e-04
3.081419e-05
6.821403e-05
-2.482309e-04
-2.629059e-04
-1.666720e-04
1.309038e-04
7.329932e-05
2.524698e-04
8.428979e-05
1.174257e-04
2.035866e-04
1.926658e-04
4.856417e-04
5.020606e-04
4.860220e-04
5.346092e-04
7.152530e-04
7.318739e-04
8.208839e-04
8.391739e-04
6.918133e-04
8.368133e-04
8.342210e-04
6.848736e-04
8.791906e-04
1.025988e-03
1.014476e-03
1.221017e-03
8.737699e-04
8.527485e-04
9.363728e-04
1.012381e-03
1.320143e-03
8.894156e-04
1.368616e-03
1.513307e-03
1.205952e-03
1.436476e-03
1.312758e-03
1.479243e-03
1.395281e-03
1.495788e-03
1.602839e-03
1.443031e-03
1.565676e-03
1.624440e-03
1.312924e-03
1.301946e-03
1.324191e-03
1.258399e-03
1.460682e-03
1.500580e-03
1.498639e-03
1.460163e-03
1.267117e-03
1.293329e-03
1.402945e-03
1.666224e-03
1.661389e-03
1.407472e-03
1.273474e-03
9.852763e-04
7.555991e-04
8.258962e-04
8.035713e-04
8.221067e-04
1.100154e-03
1.163432e-03
1.320327e-03
1.751788e-03
1.762740e-03
1.322361e-03
1.100161e-03
6.771589e-04
6.320306e-04
9.093665e-04
1.304612e-03
1.391540e-03
1.675976e-03
1.993729e-03
1.933960e-03
1.846874e-03
1.503867e-03
1.126302e-03
1.041696e-03
1.084605e-03
1.299067e-03
1.245359e-03
1.481374e-03
1.130177e-03
1.035207e-03
1.098547e-03
1.263362e-03
1.338496e-03
1.223650e-03
1.230704e-03
1.310252e-03
1.376392e-03
1.404149e-03
1.577315e-03
1.635745e-03
1.590491e-03
1.699740e-03
1.695913e-03
1.616872e-03
1.872012e-03
1.773561e-03
1.829125e-03
1.758937e-03
1.590663e-03
1.572975e-03
1.463712e-03
1.181329e-03
1.602741e-03
1.749447e-03
1.544200e-03
1.693384e-03
1.483693e-03
1.611519e-03
1.499692e-03
1.626721e-03
1.453299e-03
2.106925e-03
2.202057e-03
2.083546e-03
1.872903e-03
2.239847e-03
1.992992e-03
1.670331e-03
1.463454e-03
1.727604e-03
1.782137e-03
1.909484e-03
1.480870e-03
1.102321e-03
1.184596e-03
1.257231e-03
1.259606e-03
1.184630e-03
1.426543e-03
1.365784e-03
1.305181e-03
1.269752e-03
1.433668e-03
1.599575e-03
1.856929e-03
1.834233e-03
1.983222e-03
2.170549e-03
1.717442e-03
1.738621e-03
1.786531e-03
1.608279e-03
1.819106e-03
1.957612e-03
1.924337e-03
1.579473e-03
1.430534e-03
1.304628e-03
1.192272e-03
1.380394e-03
1.492862e-03
1.274301e-03
1.224505e-03
1.296895e-03
1.418528e-03
1.274636e-03
1.303587e-03
1.348383e-03
1.162095e-03
1.070793e-03
9.197681e-04
8.391796e-04
9.539215e-04
1.277745e-03
1.094730e-03
1.027663e-03
1.138813e-03
1.138775e-03
1.046848e-03
1.343888e-03
1.097720e-03
9.794416e-04
1.280019e-03
1.062649e-03
1.132870e-03
8.027661e-04
8.326966e-04
7.504431e-04
6.439292e-04
1.096076e-03
6.471745e-04
3.983655e-04
3.422791e-04
1.410796e-04
5.148563e-04
4.738830e-04
5.314348e-04
4.212784e-04
3.651463e-04
3.777162e-04
3.445055e-04
4.876492e-04
6.633941e-04
6.243618e-04
5.399858e-04
2.432001e-04
3.019604e-04
4.375218e-04
5.355155e-04
4.350220e-04
3.120516e-04
2.038731e-04
3.248298e-04
3.880172e-04
3.518029e-04
4.470042e-04
4.580383e-04
3.614666e-04
6.463458e-04
4.731653e-04
4.142885e-04
4.751250e-04
3.087103e-04
1.618368e-04
1.462691e-04
3.550525e-04
3.169495e-04
2.396883e-04
2.075301e-04
6.035341e-05
2.621912e-04
5.129406e-05
-1.025874e-04
2.845250e-04
-2.021901e-04
-2.743558e-04
-2.142519e-04
-3.385565e-04
-3.312397e-04
-5.363604e-04
-2.216260e-04
-3.805982e-04
-5.300917e-04
-4.815021e-04
-2.002104e-04
-1.797457e-04
-2.230214e-04
-4.147925e-04
-7.208413e-04
-4.891501e-04
-2.981385e-04
-1.981699e-04
-3.832001e-04
-5.314675e-04
-4.925031e-04
-4.835157e-04
-5.574562e-04
-3.113481e-04
-4.221895e-04
-6.048072e-04
-5.669555e-04
-8.055287e-04
-4.116966e-04
-4.675103e-04
-7.303156e-04
-7.324754e-04
-8.439190e-04
-1.078645e-03
-8.930975e-04
-9.136204e-04
-1.070331e-03
-1.141773e-03
-7.815819e-04
-9.084809e-04
-1.194576e-03
-1.080893e-03
-1.197762e-03
-1.579243e-03
-1.838977e-03
-1.563528e-03
-1.590337e-03
-1.419817e-03
-9.998825e-04
-8.956304e-04
-1.058769e-03
-1.889164e-03
-1.955935e-03
-2.175624e-03
-2.089907e-03
-1.785519e-03
-1.618132e-03
-1.457781e-03
-1.874767e-03
-2.261259e-03
-2.557270e-03
-3.152324e-03
-3.200876e-03
-3.432377e-03
-3.275359e-03
-2.573252e-03
-2.793603e-03
-2.737238e-03
-2.722611e-03
-3.138449e-03
-3.444624e-03
-3.610487e-03
-3.467259e-03
-3.390876e-03
-3.212936e-03
-3.473894e-03
-3.183858e-03
-3.489353e-03
-3.495940e-03
-3.769552e-03
-4.245151e-03
-4.293232e-03
-4.717216e-03
-4.499709e-03
-3.887221e-03
-4.123282e-03
-4.007861e-03
-4.423723e-03
-4.528838e-03
-4.692075e-03
-4.758967e-03
-4.650845e-03
-4.328867e-03
-4.168786e-03
-4.382961e-03
-4.482426e-03
-4.583405e-03
-4.825705e-03
-4.536833e-03
-4.327136e-03
-4.601475e-03
-4.283393e-03
-4.328921e-03
-4.258227e-03
-4.351219e-03
-4.208708e-03
-4.489552e-03
-4.121385e-03
-4.324162e-03
-4.426011e-03
-4.119465e-03
-4.141918e-03
-4.301089e-03
-4.134305e-03
-4.143482e-03
-4.000979e-03
-4.098488e-03
-3.944706e-03
-3.999356e-03
-3.979881e-03
-3.652634e-03
-3.444254e-03
-3.499774e-03
-3.824387e-03
-3.705621e-03
-4.067876e-03
-3.984554e-03
-3.528178e-03
-3.206165e-03
-3.056091e-03
-2.914850e-03
-3.169268e-03
-3.130818e-03
-2.649878e-03
-2.667728e-03
-2.742908e-03
-2.477541e-03
-2.617285e-03
-2.405840e-03
-1.983485e-03
-1.953698e-03
-1.818894e-03
-1.601075e-03
-1.494275e-03
-1.370508e-03
-9.277295e-04
-8.430548e-04
-6.119294e-04
-7.753084e-04
-8.015515e-04
-5.107516e-04
-1.543608e-04
1.960282e-05
7.678864e-05
3.777949e-04
3.164345e-04
2.031329e-04
3.392251e-04
3.199745e-04
2.735716e-04
7.655595e-04
8.271850e-04
1.122879e-03
1.395231e-03
1.180183e-03
1.298789e-03
1.138074e-03
1.217862e-03
1.460673e-03
1.535839e-03
1.733052e-03
1.971693e-03
1.981224e-03
2.027074e-03
1.892593e-03
1.963776e-03
2.200775e-03
2.313653e-03
2.365998e-03
2.410220e-03
2.201391e-03
2.222017e-03
2.343153e-03
2.615440e-03
2.846601e-03
2.516530e-03
2.675883e-03
2.554407e-03
2.721697e-03
3.026867e-03
3.414154e-03
3.225777e-03
3.390520e-03
3.438594e-03
3.374189e-03
3.281689e-03
3.600803e-03
3.668141e-03
3.742222e-03
4.139143e-03
4.002738e-03
3.788653e-03
3.944097e-03
4.015434e-03
4.225446e-03
3.817987e-03
3.956133e-03
3.936001e-03
3.833290e-03
3.880073e-03
3.827833e-03
3.944300e-03
3.963817e-03
4.070072e-03
4.079315e-03
4.211303e-03
3.824669e-03
3.935563e-03
4.025210e-03
4.202254e-03
4.235698e-03
4.211108e-03
3.642452e-03
3.572907e-03
3.394081e-03
3.397563e-03
3.881060e-03
3.597627e-03
4.043638e-03
4.180468e-03
3.901707e-03
3.748796e-03
3.856122e-03
3.655593e-03
3.559966e-03
3.746405e-03
3.896708e-03
4.158101e-03
3.821188e-03
3.671159e-03
3.566692e-03
3.691743e-03
3.742310e-03
3.737328e-03
3.738113e-03
3.707424e-03
3.505001e-03
3.538069e-03
3.641274e-03
3.573580e-03
3.364063e-03
3.134710e-03
2.795667e-03
2.510304e-03
3.153922e-03
3.574411e-03
3.506038e-03
3.293720e-03
2.786789e-03
2.689731e-03
2.564392e-03
2.700695e-03
2.730483e-03
2.788085e-03
2.599611e-03
2.827928e-03
2.918227e-03
2.706071e-03
2.656502e-03
2.046504e-03
1.817054e-03
1.894141e-03
2.167444e-03
2.165429e-03
1.886697e-03
1.845340e-03
1.943432e-03
1.969669e-03
2.124283e-03
2.219008e-03
1.764737e-03
1.859237e-03
1.673742e-03
1.540535e-03
1.838602e-03
1.968481e-03
1.852478e-03
1.493349e-03
1.458313e-03
1.322103e-03
1.757952e-03
1.457982e-03
1.328488e-03
1.443540e-03
1.149879e-03
1.389229e-03
1.511365e-03
1.202673e-03
1.118564e-03
1.063510e-03
1.328368e-03
1.484306e-03
1.341477e-03
1.341809e-03
1.150355e-03
8.024094e-04
8.415227e-04
1.051405e-03
9.704399e-04
1.027594e-03
1.249996e-03
1.106653e-03
1.046753e-03
1.387879e-03
1.290141e-03
9.355072e-04
9.207658e-04
6.451972e-04
5.923116e-04
6.891533e-04
4.486545e-04
7.997213e-04
8.756338e-04
5.562213e-04
2.755118e-04
1.789241e-04
1.537151e-04
2.929604e-04
2.124976e-04
3.162439e-04
4.065261e-04
2.979360e-04
2.759762e-04
9.503051e-05
9.463696e-05
2.378386e-04
1.301437e-04
3.013262e-04
2.072867e-04
-3.995890e-05
-3.721178e-04
-3.945808e-04
-2.549845e-04
-1.262562e-04
-2.868227e-04
-2.920382e-04
-3.474941e-04
-2.572890e-04
-3.979981e-04
-1.257230e-04
-4.675567e-04
-3.594508e-04
-2.651963e-04
-1.344326e-04
-2.451554e-04
-9.123853e-05
-4.198552e-04
-5.275152e-04
-4.450261e-04
-6.734589e-04
-6.067443e-04
-6.396012e-04
-9.082744e-04
-6.443511e-04
-9.331136e-04
-8.707906e-04
-4.883085e-04
-8.186880e-04
-4.509787e-04
-6.533528e-04
-7.143284e-04
-5.923602e-04
-6.559706e-04
-8.583289e-04
-8.037379e-04
-7.650311e-04
-6.268386e-04
-4.760614e-04
-7.839791e-04
-9.016481e-04
-8.395735e-04
-9.561955e-04
-1.279261e-03
-1.089446e-03
-1.053378e-03
-1.054879e-03
-1.082763e-03
-1.321550e-03
-1.481851e-03
-1.354930e-03
-1.321051e-03
-1.541326e-03
-1.528692e-03
-1.639705e-03
-1.664587e-03
-1.749882e-03
-1.836942e-03
-2.046358e-03
-1.992112e-03
-1.889306e-03
-1.378965e-03
-1.803956e-03
-1.949605e-03
-1.954905e-03
-2.189694e-03
-2.325835e-03
-2.019053e-03
-1.888030e-03
-2.017275e-03
-2.343395e-03
-2.458832e-03
-2.396259e-03
-2.514344e-03
-2.838503e-03
-2.958005e-03
-2.906834e-03
-2.943759e-03
-2.896213e-03
-2.653757e-03
-2.564869e-03
-2.722037e-03
-2.326231e-03
-2.458181e-03
-2.462763e-03
-2.593655e-03
-2.524501e-03
-2.591296e-03
-2.799339e-03
-2.670081e-03
-2.577506e-03
-2.690445e-03
-2.740344e-03
-2.794014e-03
-3.222985e-03
-3.044195e-03
-2.898165e-03
-2.893556e-03
-2.749882e-03
-2.875166e-03
-2.967378e-03
-3.142792e-03
-2.842650e-03
-2.964455e-03
-2.913313e-03
-2.910140e-03
-3.008078e-03
-2.972438e-03
-2.707786e-03
-2.954077e-03
-3.402967e-03
-3.275036e-03
-3.271751e-03
-3.071005e-03
-2.770669e-03
-2.976202e-03
-2.925015e-03
-2.874080e-03
-3.117062e-03
-2.979668e-03
-2.908167e-03
-2.920037e-03
-2.994325e-03
-3.339728e-03
-2.810644e-03
-2.881410e-03
-2.884835e-03
-2.763341e-03
-2.864688e-03
-2.953858e-03
-2.892971e-03
-2.665725e-03
-2.838534e-03
-2.474247e-03
-2.541574e-03
-2.660332e-03
-2.210621e-03
-2.588705e-03
-2.449787e-03
-2.164858e-03
-2.309050e-03
-2.064080e-03
-1.788147e-03
-1.925329e-03
-1.775847e-03
-1.772814e-03
-1.967857e-03
-1.920406e-03
-1.600872e-03
-1.347300e-03
-1.254538e-03
-1.428995e-03
-1.320974e-03
-1.782685e-03
-1.712396e-03
-1.431757e-03
-1.507622e-03
-1.488841e-03
-1.177936e-03
-1.221459e-03
-1.410488e-03
-1.362864e-03
-1.356228e-03
-1.059234e-03
-1.121365e-03
-1.156211e-03
-1.031574e-03
-1.344105e-03
-8.128348e-04
-8.931863e-04
-5.635087e-04
-5.182959e-04
-7.326189e-04
-6.637528e-04
-7.218346e-04
-8.949953e-04
-5.986721e-04
-4.306375e-04
-6.274403e-04
-4.624958e-04
-4.731848e-04
-2.856154e-04
-2.268964e-04
-2.963332e-04
-9.172043e-05
-7.470999e-05
3.355196e-05
2.836435e-04
3.750375e-04
4.242109e-04
2.309706e-04
4.361995e-04
1.011116e-05
1.812316e-04
4.302515e-04
6.869340e-04
6.102928e-04
5.798254e-04
4.483493e-04
2.614859e-04
3.400606e-04
2.888527e-04
3.370714e-04
2.901377e-04
6.711852e-04
4.894566e-04
6.601362e-04
6.665930e-04
7.502392e-04
8.408240e-04
7.417334e-04
6.995514e-04
9.075004e-04
9.352010e-04
6.071684e-04
7.229550e-04
9.684077e-04
7.068449e-04
9.902554e-04
9.778150e-04
7.224028e-04
6.080073e-04
5.902862e-04
7.587476e-04
8.791847e-04
9.371794e-04
6.545898e-04
5.202104e-04
6.461428e-04
6.236178e-04
6.352426e-04
8.760972e-04
4.567991e-04
5.540769e-04
3.935531e-04
4.398000e-04
5.181350e-04
4.542756e-04
3.335343e-04
4.021211e-04
3.638795e-04
3.489741e-04
5.153745e-04
5.468330e-04
3.675574e-04
5.121176e-04
3.143784e-04
7.251196e-04
6.481438e-04
7.094068e-04
7.028144e-04
8.858593e-04
7.213725e-04
9.917584e-04
9.956260e-04
9.666205e-04
8.026155e-04
9.982863e-04
1.208212e-03
9.320749e-04
1.026365e-03
1.299248e-03
1.291802e-03
1.371232e-03
1.445460e-03
1.452050e-03
1.350683e-03
1.371493e-03
1.725123e-03
1.516444e-03
1.519147e-03
1.750009e-03
1.604435e-03
1.900922e-03
2.000166e-03
1.749146e-03
2.120975e-03
1.839443e-03
2.031229e-03
2.391109e-03
2.247481e-03
2.101921e-03
2.354236e-03
2.027148e-03
2.184820e-03
2.339216e-03
2.301381e-03
2.620711e-03
2.232575e-03
2.248054e-03
2.575681e-03
2.451531e-03
2.540379e-03
2.368889e-03
2.526043e-03
2.495970e-03
2.109849e-03
2.447782e-03
2.355830e-03
2.324866e-03
2.530630e-03
2.529083e-03
2.661423e-03
2.544821e-03
2.467614e-03
2.185050e-03
1.888231e-03
2.183751e-03
2.474817e-03
2.508197e-03
2.452175e-03
2.259460e-03
2.332048e-03
2.239887e-03
1.853090e-03
2.211115e-03
2.094948e-03
2.080366e-03
1.954480e-03
2.028097e-03
1.928186e-03
1.846545e-03
1.885855e-03
1.853057e-03
1.888834e-03
1.846767e-03
1.888449e-03
1.529515e-03
1.616033e-03
1.439972e-03
1.173985e-03
1.033204e-03
1.322273e-03
1.268506e-03
1.358971e-03
9.065425e-04
1.224899e-03
1.046476e-03
8.860055e-04
7.109589e-04
1.048519e-03
1.137026e-03
7.722081e-04
6.287899e-04
4.567266e-04
5.371909e-04
4.061524e-04
4.573767e-04
3.797297e-04
2.987652e-04
2.615294e-04
-1.341090e-04
1.710278e-04
-5.792184e-05
5.582364e-07
1.059036e-04
2.792870e-04
-1.971457e-05
-2.281668e-04
-1.793110e-04
-1.666931e-04
-2.490643e-04
-3.240422e-04
-3.306822e-04
-5.531321e-04
-4.772768e-04
-4.890874e-04
-5.605369e-04
-6.090483e-04
-7.398862e-04
-8.796822e-04
-6.450441e-04
-9.415471e-04
-8.628873e-04
-8.149483e-04
-1.070648e-03
-9.058975e-04
-8.825244e-04
-7.892821e-04
-8.010501e-04
-8.502996e-04
-6.726907e-04
-8.936410e-04
-9.949300e-04
-1.094255e-03
-1.318230e-03
-1.128188e-03
-8.819993e-04
-9.202850e-04
-1.025804e-03
-9.674185e-04
-1.042477e-03
-8.615659e-04
-7.261380e-04
-1.045270e-03
-1.085942e-03
-9.629559e-04
-1.001607e-03
-6.666593e-04
-7.723353e-04
-1.073905e-03
-9.419072e-04
-1.086477e-03
-7.235258e-04
-8.272516e-04
-8.132894e-04
-4.545105e-04
-9.768621e-04
-6.039241e-04
-6.326228e-04
-6.233994e-04
-5.835970e-04
-7.610848e-04
-5.018022e-04
-5.552352e-04
-6.249275e-04
-3.384324e-04
-5.751006e-04
-7.156906e-04
-3.427823e-04
-4.567586e-04
-4.568582e-04
-3.312174e-04
-4.311015e-04
-5.442244e-04
-3.949925e-04
-4.546214e-04
-3.973948e-04
-2.155349e-04
-5.430258e-04
-6.261844e-04
-6.614919e-04
-4.784686e-04
-3.842359e-04
-5.697255e-04
-3.484721e-04
-2.609253e-04
-4.311989e-04
-2.856386e-04
-2.587355e-04
-1.758939e-04
-1.322155e-04
-3.631914e-05
2.740391e-04
4.485733e-04
2.158486e-04
1.726811e-04
2.136735e-04
1.394600e-04
3.215871e-04
4.735794e-04
4.062100e-04
1.946041e-04
6.094625e-04
4.533440e-04
5.381421e-04
7.674492e-04
8.927288e-04
9.041852e-04
7.565503e-04
8.956065e-04
9.342138e-04
9.534005e-04
5.650882e-04
8.229640e-04
1.050538e-03
9.687849e-04
1.065049e-03
1.107026e-03
9.165356e-04
8.096686e-04
7.417872e-04
1.037713e-03
7.997971e-04
9.503441e-04
1.030398e-03
9.383746e-04
1.169703e-03
1.155007e-03
1.279175e-03
8.992634e-04
7.062095e-04
7.795949e-04
1.022080e-03
1.147279e-03
1.123682e-03
1.100284e-03
1.201288e-03
1.218202e-03
1.401785e-03
1.408357e-03
1.220841e-03
1.158331e-03
9.339085e-04
1.390821e-03
1.425024e-03
1.480674e-03
1.281317e-03
8.978402e-04
1.069571e-03
1.208635e-03
1.206746e-03
1.092330e-03
1.128896e-03
8.148718e-04
1.160008e-03
1.312133e-03
1.106183e-03
1.321263e-03
1.141831e-03
1.191397e-03
1.215464e-03
1.069364e-03
1.222157e-03
1.164878e-03
8.799857e-04
8.975793e-04
7.949444e-04
7.878496e-04
9.136969e-04
8.256376e-04
9.950943e-04
8.420703e-04
5.234451e-04
7.642226e-04
9.281716e-04
7.911541e-04
7.631076e-04
6.537316e-04
7.371230e-04
5.401170e-04
4.843917e-04
8.310179e-04
4.193175e-04
4.193740e-04
5.527599e-04
3.693426e-04
2.598013e-04
4.118994e-04
4.110511e-04
5.057328e-04
2.728428e-04
2.125841e-04
7.483136e-05
1.685888e-04
-2.502673e-04
-1.106406e-05
3.658250e-06
-2.820230e-05
-2.093296e-04
-2.741108e-04
-1.771766e-04
-4.676221e-04
-5.710436e-04
-5.954577e-04
-7.592468e-04
-8.393685e-04
-7.521002e-04
-9.614884e-04
-1.017823e-03
-1.283721e-03
-1.320368e-03
-1.272388e-03
-1.390448e-03
-1.060729e-03
-1.388110e-03
-1.615229e-03
-1.846338e-03
-1.829132e-03
-1.685757e-03
-2.164287e-03
-2.061171e-03
-2.219230e-03
-2.167148e-03
-2.142676e-03
-1.991087e-03
-2.167659e-03
-2.409092e-03
-2.398930e-03
-2.525000e-03
-2.452188e-03
-2.221654e-03
-2.111806e-03
-2.357424e-03
-2.663614e-03
-3.003621e-03
-2.576311e-03
-2.666117e-03
-2.822079e-03
-2.516638e-03
-2.741267e-03
-2.943907e-03
-2.693302e-03
-2.685784e-03
-2.610792e-03
-2.568733e-03
-2.749284e-03
-2.548446e-03
-2.671238e-03
-2.505914e-03
-2.556521e-03
-2.601197e-03
-2.339026e-03
-2.240935e-03
-2.449353e-03
-2.226276e-03
-2.387887e-03
-2.440406e-03
-2.391434e-03
-2.204844e-03
-2.193887e-03
-2.100839e-03
-2.090797e-03
-2.205268e-03
-2.178139e-03
-2.126131e-03
-2.037509e-03
-2.347822e-03
-2.096569e-03
-2.247142e-03
-2.378914e-03
-2.059695e-03
-2.072891e-03
-2.290814e-03
-2.261561e-03
-2.406376e-03
-2.002733e-03
-1.840565e-03
-1.863206e-03
-2.221640e-03
-2.353999e-03
-2.161958e-03
-1.720195e-03
-1.735620e-03
-1.796253e-03
-1.905841e-03
-2.123500e-03
-1.964618e-03
-2.258953e-03
-1.778868e-03
-1.763986e-03
-1.980913e-03
-1.919158e-03
-2.236205e-03
-2.235436e-03
-2.243208e-03
-2.248362e-03
-2.529806e-03
-2.596918e-03
-2.391534e-03
-2.386597e-03
-2.235926e-03
-2.117352e-03
-1.962819e-03
-1.645988e-03
-1.821836e-03
-1.590783e-03
-1.468576e-03
-1.512699e-03
-1.412854e-03
-1.444106e-03
-1.693915e-03
-1.212322e-03
-1.190856e-03
-8.148041e-04
-7.239684e-04
-1.124697e-03
-1.127495e-03
-1.092430e-03
-1.173477e-03
-9.684423e-04
-8.838630e-04
-7.321312e-04
-6.522850e-04
-7.596282e-04
-1.116953e-03
-1.137664e-03
-7.045778e-04
-8.293886e-04
-8.315324e-04
-3.572745e-04
-3.088343e-04
-2.726222e-04
-4.426647e-04
-5.397756e-04
-6.454553e-05
-2.303040e-04
-1.647293e-04
-1.937682e-04
-1.753208e-04
1.387691e-04
4.233594e-05
6.977826e-05
6.294503e-05
6.697047e-05
5.173053e-05
-2.240792e-04
5.273624e-05
6.297735e-05
8.333187e-05
3.368274e-04
1.308228e-04
2.361980e-04
4.307003e-04
3.206924e-04
1.735622e-04
4.498045e-04
3.313613e-04
4.620363e-04
7.846655e-04
2.444299e-04
4.060315e-04
4.171377e-04
1.934064e-04
2.889931e-04
1.841867e-04
4.652436e-04
5.870591e-04
5.804779e-04
4.554475e-04
2.636414e-04
6.657794e-04
5.391944e-04
8.541428e-04
9.605072e-04
9.123812e-04
1.008614e-03
1.041776e-03
1.192842e-03
1.297714e-03
1.465492e-03
1.456665e-03
1.333483e-03
1.419613e-03
1.596427e-03
1.559669e-03
1.530148e-03
1.643995e-03
1.654802e-03
1.807677e-03
1.989745e-03
2.169956e-03
2.095401e-03
2.124618e-03
2.163376e-03
2.604833e-03
2.449002e-03
2.166801e-03
2.344547e-03
2.635059e-03
2.520904e-03
2.569292e-03
2.910983e-03
2.984577e-03
2.773904e-03
3.037524e-03
2.738375e-03
2.784468e-03
2.958105e-03
2.970510e-03
3.104409e-03
3.300909e-03
3.497141e-03
3.310958e-03
3.407152e-03
3.287509e-03
3.242252e-03
3.539080e-03
3.215337e-03
3.391022e-03
3.738233e-03
3.438803e-03
3.713835e-03
3.482827e-03
3.591564e-03
3.520179e-03
3.587144e-03
3.489121e-03
3.373568e-03
3.567233e-03
3.665410e-03
3.484136e-03
3.325479e-03
3.388939e-03
3.327756e-03
3.469721e-03
3.375935e-03
3.227558e-03
3.484690e-03
3.438400e-03
3.321765e-03
3.448987e-03
3.449417e-03
3.338004e-03
3.356120e-03
3.087131e-03
2.971578e-03
2.978084e-03
3.057081e-03
3.116523e-03
2.821053e-03
2.779121e-03
2.527868e-03
2.451131e-03
2.588493e-03
2.576970e-03
2.746805e-03
2.243532e-03
2.383626e-03
2.145227e-03
2.084499e-03
2.244649e-03
2.374892e-03
2.480056e-03
1.956579e-03
1.999825e-03
2.342295e-03
1.826988e-03
1.871739e-03
1.929477e-03
1.995600e-03
2.063458e-03
1.744225e-03
1.774383e-03
1.651030e-03
1.375418e-03
1.771971e-03
1.678044e-03
1.625237e-03
1.863788e-03
1.480314e-03
1.494406e-03
1.218114e-03
1.419843e-03
1.391582e-03
1.227509e-03
1.188976e-03
1.124157e-03
1.070858e-03
1.296971e-03
1.248591e-03
8.557254e-04
9.027891e-04
7.969113e-04
7.665017e-04
6.419498e-04
4.277300e-04
6.150176e-04
5.210141e-04
6.568177e-04
6.053694e-04
3.281179e-04
2.863861e-04
8.589196e-05
8.221733e-05
2.137998e-05
1.544886e-04
-1.574794e-04
1.670618e-05
-1.913717e-04
-4.004438e-04
-4.121027e-04
-2.291768e-04
-4.598910e-04
-5.723588e-04
-5.945303e-04
-7.580311e-04
-8.482783e-04
-7.098717e-04
-7.744394e-04
-1.002413e-03
-8.665039e-04
-1.057270e-03
-9.301512e-04
-1.121718e-03
-1.330457e-03
-1.384545e-03
-1.365155e-03
-1.674744e-03
-1.339227e-03
-1.151973e-03
-1.469318e-03
-1.236054e-03
-1.385464e-03
-1.438039e-03
-1.455157e-03
-1.669575e-03
-1.607063e-03
-1.916601e-03
-1.614365e-03
-1.314702e-03
-1.662926e-03
-1.767200e-03
-1.735319e-03
-2.068601e-03
-1.963135e-03
-1.674839e-03
-1.740711e-03
-1.835221e-03
-2.080721e-03
-1.852574e-03
-2.015916e-03
-2.059695e-03
-2.051785e-03
-2.056714e-03
-2.038390e-03
-2.096327e-03
-2.268830e-03
-2.263327e-03
-2.148348e-03
-2.159437e-03
-1.969245e-03
-2.200776e-03
-2.012305e-03
-2.338478e-03
-2.161834e-03
-2.033435e-03
-2.043942e-03
-2.080041e-03
-1.986961e-03
-1.904609e-03
-1.963506e-03
-2.168416e-03
-2.073963e-03
-1.871937e-03
-1.965797e-03
-1.882102e-03
-2.029236e-03
-1.989119e-03
-1.931478e-03
-1.882487e-03
-2.063464e-03
-1.867981e-03
-1.981443e-03
-1.815519e-03
-1.583440e-03
-1.885780e-03
-1.742422e-03
-1.931063e-03
-1.752617e-03
-1.528549e-03
-1.773878e-03
-1.534788e-03
-1.714876e-03
-1.729059e-03
-1.440993e-03
-1.479596e-03
-1.896971e-03
-1.846254e-03
-1.853449e-03
-1.625963e-03
-1.653015e-03
-1.527145e-03
-1.514717e-03
-1.421885e-03
-1.339748e-03
-1.452638e-03
-1.405524e-03
-1.200781e-03
-1.525218e-03
-1.383630e-03
-1.449705e-03
-1.458629e-03
-1.609738e-03
-1.503810e-03
-1.631949e-03
-1.378337e-03
-1.383832e-03
-1.676831e-03
-1.620978e-03
-1.556487e-03
-1.459742e-03
-1.224824e-03
-1.423217e-03
-1.342091e-03
-1.396556e-03
-1.638966e-03
-1.415978e-03
-1.271935e-03
-1.316663e-03
-1.306062e-03
-1.303636e-03
-1.306403e-03
-1.314050e-03
-1.269306e-03
-1.100287e-03
-1.368458e-03
-1.304326e-03
-1.236785e-03
-1.212084e-03
-1.027915e-03
-1.347382e-03
-1.438671e-03
-1.139924e-03
-1.061345e-03
-9.620836e-04
-7.001809e-04
-7.000210e-04
-6.022682e-04
-6.263592e-04
-6.045217e-04
-3.665838e-04
-8.133973e-04
-5.793034e-04
-5.337144e-04
-6.520266e-04
-2.338389e-04
-2.674740e-04
-4.970900e-04
-8.460869e-05
-1.796164e-04
-9.788951e-06
-8.433597e-05
-6.755811e-05
2.980592e-05
2.754345e-04
4.164988e-04
2.894998e-04
3.201440e-04
6.182208e-04
3.038548e-04
6.906246e-04
7.361315e-04
8.274132e-04
8.253008e-04
4.063057e-04
8.329876e-04
8.119262e-04
7.764126e-04
9.360027e-04
1.082006e-03
1.106332e-03
8.708292e-04
9.884767e-04
1.160991e-03
1.126857e-03
1.402973e-03
1.497953e-03
1.239270e-03
1.359833e-03
1.543904e-03
1.470491e-03
1.527009e-03
1.752000e-03
1.584406e-03
1.277235e-03
1.478495e-03
1.450528e-03
1.662493e-03
1.638556e-03
1.511914e-03
1.624078e-03
1.386581e-03
1.387713e-03
1.311615e-03
1.202692e-03
1.009379e-03
1.079103e-03
1.058059e-03
1.037071e-03
1.147782e-03
1.106575e-03
1.152803e-03
1.026088e-03
1.101481e-03
1.615509e-03
1.483682e-03
1.391551e-03
1.536709e-03
1.444533e-03
1.303623e-03
1.513837e-03
1.291244e-03
1.154689e-03
1.188854e-03
1.199515e-03
1.463387e-03
1.219077e-03
1.117100e-03
1.378868e-03
9.135863e-04
9.095518e-04
1.032369e-03
6.419237e-04
8.080666e-04
6.707927e-04
5.964291e-04
6.930439e-04
7.245532e-04
5.707730e-04
6.824125e-04
8.355498e-04
8.287597e-04
7.408790e-04
1.007585e-03
8.906534e-04
6.516251e-04
6.144828e-04
6.196228e-04
6.657668e-04
8.091904e-04
9.660418e-04
9.263749e-04
5.944316e-04
4.100701e-04
3.928683e-04
6.098843e-04
5.685028e-04
4.683328e-04
5.455152e-04
3.587671e-04
6.095518e-04
5.711422e-04
1.622453e-04
5.427872e-04
3.809302e-04
4.908979e-04
6.697058e-04
5.606735e-04
4.779595e-04
4.730720e-04
2.963470e-04
1.790659e-04
1.382936e-04
3.349989e-04
9.305055e-05
-1.182612e-05
-2.091565e-05
-2.806353e-04
-3.255854e-04
2.677247e-05
-7.176542e-05
1.764325e-04
-1.829548e-04
-5.851227e-04
-4.850083e-04
-4.674892e-04
-6.038934e-04
-8.579225e-04
-8.401249e-04
-1.005701e-03
-1.438911e-03
-1.161206e-03
-9.845779e-04
-1.226649e-03
-1.219668e-03
-1.017466e-03
-1.026596e-03
-8.826506e-04
-1.019788e-03
-1.025921e-03
-8.750603e-04
-1.041473e-03
-9.782394e-04
-1.338209e-03
-1.194317e-03
-9.831235e-04
-1.189539e-03
-1.378879e-03
-1.514138e-03
-1.898044e-03
-2.083332e-03
-1.791698e-03
-1.877100e-03
-1.619540e-03
-2.009575e-03
-2.001591e-03
-1.906785e-03
-1.968212e-03
-1.802751e-03
-2.019376e-03
-2.065594e-03
-1.739594e-03
-2.087240e-03
-1.944547e-03
-1.707439e-03
-2.045521e-03
-2.415916e-03
-2.534797e-03
-2.374474e-03
-2.194980e-03
-2.586373e-03
-2.143621e-03
-2.221517e-03
-2.424118e-03
-2.317169e-03
-2.471489e-03
-2.398541e-03
-2.466788e-03
-2.011630e-03
-2.114620e-03
-2.258212e-03
-1.955614e-03
-1.876344e-03
-2.079607e-03
-1.822806e-03
-1.802966e-03
-1.809413e-03
-1.800829e-03
-1.818455e-03
-1.780915e-03
-1.871633e-03
-1.961028e-03
-1.851930e-03
-1.526288e-03
-1.682752e-03
-1.882485e-03
-1.954387e-03
-1.598914e-03
-1.636276e-03
-1.304373e-03
-1.278425e-03
-1.131614e-03
-1.217514e-03
-8.280144e-04
-9.832444e-04
-9.123619e-04
-9.373148e-04
-9.597720e-04
-4.982944e-04
-7.211892e-04
-7.591672e-04
-3.898186e-04
-6.230917e-04
-4.993226e-04
-5.937222e-05
-2.920992e-04
8.436052e-06
-5.290688e-05
-2.040650e-04
-2.320406e-04
-5.233119e-05
-2.313743e-04
-1.977830e-04
2.700692e-04
5.869159e-04
4.347974e-04
5.793411e-04
3.020284e-04
3.896486e-04
4.132056e-04
5.401820e-04
7.749198e-04
5.062160e-04
5.282175e-04
7.158327e-04
3.911803e-04
3.179199e-04
8.863712e-04
1.037698e-03
9.393107e-04
1.151834e-03
1.175536e-03
1.253507e-03
1.252069e-03
1.240621e-03
1.549618e-03
1.250178e-03
1.535752e-03
1.295307e-03
1.077286e-03
1.143357e-03
1.381778e-03
1.244034e-03
1.062216e-03
8.876562e-04
9.404895e-04
9.920701e-04
1.376588e-03
1.394939e-03
1.247515e-03
1.437280e-03
1.584120e-03
1.587274e-03
1.743368e-03
1.898959e-03
1.869326e-03
1.835698e-03
1.967694e-03
2.235157e-03
2.172916e-03
1.796748e-03
1.787078e-03
1.545672e-03
1.359184e-03
1.580292e-03
1.664898e-03
1.834037e-03
1.830334e-03
1.684894e-03
1.835829e-03
1.488809e-03
1.507649e-03
2.140399e-03
1.950077e-03
1.990831e-03
2.353017e-03
2.115863e-03
2.185042e-03
1.891882e-03
1.783155e-03
1.815120e-03
1.778632e-03
1.902020e-03
2.161950e-03
2.173584e-03
2.192470e-03
2.130755e-03
1.986365e-03
2.216104e-03
2.234534e-03
2.289271e-03
2.403804e-03
2.312832e-03
2.494267e-03
2.322423e-03
2.716951e-03
2.883573e-03
2.596352e-03
2.723104e-03
2.608367e-03
2.503180e-03
2.348442e-03
2.597508e-03
2.618922e-03
2.580874e-03
2.397645e-03
2.354373e-03
2.387806e-03
2.276760e-03
2.323467e-03
2.230000e-03
2.217084e-03
2.299176e-03
2.091279e-03
2.307043e-03
1.855619e-03
1.765412e-03
1.936987e-03
2.022126e-03
1.969916e-03
1.986089e-03
1.721489e-03
1.877289e-03
1.663166e-03
1.867153e-03
2.083182e-03
2.126611e-03
2.433106e-03
2.027888e-03
2.090036e-03
2.301887e-03
2.164903e-03
2.102491e-03
2.093789e-03
1.865375e-03
1.631988e-03
1.670783e-03
1.743069e-03
1.475205e-03
1.283201e-03
1.230463e-03
1.238791e-03
9.488442e-04
1.233829e-03
1.237159e-03
9.275142e-04
9.701976e-04
8.151477e-04
6.145923e-04
8.085157e-04
9.708412e-04
5.955746e-04
6.686757e-04
5.072977e-04
5.983419e-04
4.843858e-04
8.046930e-05
2.618337e-04
3.468537e-04
-1.032450e-04
-1.147273e-05
1.372014e-04
-1.405774e-04
-3.492287e-04
-3.559880e-04
-4.576432e-04
-4.494986e-04
-5.363854e-05
-4.054152e-04
-6.011354e-04
-5.965696e-04
-7.303264e-04
-6.396425e-04
-7.875337e-04
-4.208643e-04
-8.153417e-04
-1.210644e-03
-7.674825e-04
-9.200776e-04
-1.146889e-03
-9.265661e-04
-1.080301e-03
-1.152877e-03
-1.384884e-03
-1.229307e-03
-1.155189e-03
-1.610698e-03
-1.425720e-03
-1.316233e-03
-1.824163e-03
-1.600892e-03
-1.797644e-03
-1.736291e-03
-1.700213e-03
-1.588699e-03
-1.309282e-03
-1.393477e-03
-1.710366e-03
-1.884990e-03
-1.984686e-03
-2.124666e-03
-1.914393e-03
-2.133691e-03
-2.292871e-03
-2.172402e-03
-2.118075e-03
-2.409960e-03
-2.489617e-03
-2.583342e-03
-2.526406e-03
-2.639047e-03
-2.968940e-03
-2.751371e-03
-2.808282e-03
-2.864059e-03
-2.928498e-03
-3.012736e-03
-2.968528e-03
-3.065084e-03
-3.085568e-03
-2.950739e-03
-3.021322e-03
-2.954416e-03
-3.078014e-03
-3.091851e-03
-3.220864e-03
-3.140283e-03
-3.261376e-03
-3.625089e-03
-3.571180e-03
-3.411187e-03
-3.329594e-03
-3.120504e-03
-3.236234e-03
-3.395234e-03
-3.728346e-03
-3.768648e-03
-3.296567e-03
-3.191763e-03
-3.036276e-03
-2.986213e-03
-3.317223e-03
-3.220706e-03
-2.900325e-03
-3.069805e-03
-2.830625e-03
-2.796587e-03
-3.159401e-03
-3.286336e-03
-3.152098e-03
-2.820927e-03
-2.739050e-03
-2.696563e-03
-2.573539e-03
-2.703473e-03
-3.038564e-03
-2.431413e-03
-2.168683e-03
-2.321875e-03
-2.083703e-03
-2.365575e-03
-2.007906e-03
-1.901408e-03
-1.988307e-03
-1.769097e-03
-1.785216e-03
-1.920594e-03
-1.785983e-03
-1.427508e-03
-1.119382e-03
-1.188245e-03
-1.258509e-03
-1.283227e-03
-1.446049e-03
-1.207927e-03
-8.391542e-04
-6.918012e-04
-8.715573e-04
-1.086522e-03
-1.144253e-03
-7.516540e-04
-6.789128e-04
-3.297538e-04
-2.522532e-04
-5.163783e-04
-3.732098e-04
-2.189248e-04
7.320196e-05
3.114019e-04
4.871472e-04
3.881316e-04
4.765088e-04
2.193277e-05
7.040004e-05
4.462145e-04
3.661389e-04
3.763895e-06
2.385037e-04
2.250029e-04
2.886864e-04
4.918156e-04
6.628886e-04
2.852430e-04
3.339332e-04
2.781324e-04
3.721058e-04
8.305325e-04
1.126976e-03
1.370038e-03
8.636070e-04
4.120104e-04
7.277355e-04
4.944891e-04
5.582327e-04
3.105902e-04
3.582187e-04
5.070676e-04
5.574337e-04
6.271059e-04
6.265571e-04
6.052687e-04
6.334610e-04
6.074657e-04
6.321415e-04
9.548195e-04
1.449476e-03
1.157532e-03
9.464468e-04
6.774262e-04
7.590212e-04
1.117922e-03
7.702047e-04
6.193146e-04
7.853432e-04
6.257641e-05
3.459139e-04
7.706323e-04
7.176589e-04
1.109704e-03
5.258227e-04
4.305730e-04
3.708518e-04
6.539449e-04
1.102690e-03
1.295336e-03
1.849762e-03
1.800243e-03
1.383478e-03
1.226600e-03
1.137217e-03
9.804123e-04
1.559201e-03
1.791933e-03
2.053257e-03
2.308489e-03
2.158826e-03
2.455307e-03
2.561096e-03
2.632441e-03
2.899848e-03
2.955545e-03
2.374841e-03
-3.651490e-04
-3.266040e-03
-5.953836e-03
-7.015662e-03
-5.992254e-03
-3.797468e-03
-5.084904e-04
2.782790e-03
5.104848e-03
6.235950e-03
5.537645e-03
4.424752e-03
4.395642e-03
5.855476e-03
7.010699e-03
7.490490e-03
6.466043e-03
5.338424e-03
2.903790e-03
-1.663849e-04
-2.259526e-03
-2.843566e-03
-2.105029e-03
-1.824314e-03
-2.478192e-03
-2.875204e-03
-1.406574e-03
1.623309e-03
3.629547e-03
4.729243e-03
5.483393e-03
6.072027e-03
5.104432e-03
3.687030e-03
2.612034e-03
3.228709e-03
3.598243e-03
3.236961e-03
1.475595e-03
-2.419932e-04
-9.448238e-04
-1.231804e-03
-1.241517e-03
-1.263930e-03
-5.250921e-04
1.188365e-06
-2.192506e-04
-6.220259e-04
-3.495020e-04
5.084313e-04
1.976495e-03
2.814419e-03
2.855025e-03
3.227084e-03
3.252524e-03
1.751412e-03
-1.618049e-04
-8.268665e-04
-2.838457e-04
1.487433e-03
2.579301e-03
2.406415e-03
1.592097e-03
5.550456e-04
2.548935e-04
9.766213e-04
2.133015e-03
2.121010e-03
1.335354e-03
6.892919e-04
2.094410e-05
-8.704718e-05
-6.142954e-05
-5.904088e-05
-8.185235e-05
3.364633e-04
9.204694e-04
8.561842e-04
1.275224e-04
-6.193280e-04
-3.760017e-04
-8.291615e-05
6.406451e-04
1.263233e-03
1.727153e-03
1.899588e-03
1.160190e-03
8.721206e-04
8.930398e-04
4.592408e-04
5.332347e-04
7.143351e-05
-1.240542e-04
3.764300e-04
8.539873e-04
1.748508e-03
1.855936e-03
9.739210e-04
5.095782e-04
6.965614e-04
1.129388e-03
1.199471e-03
1.800230e-03
2.104580e-03
2.390097e-03
1.843582e-03
1.003470e-03
1.185460e-04
-7.625958e-04
-1.187447e-03
-5.513343e-04
5.323733e-05
1.033598e-03
1.722039e-03
7.692391e-04
-4.076178e-04
-1.714016e-03
-1.813165e-03
-1.079505e-03
1.125804e-03
2.955255e-03
3.139153e-03
2.410152e-03
1.008753e-03
-4.743706e-04
-1.425209e-03
-2.035910e-03
-2.055456e-03
-1.372625e-03
-7.252130e-04
-1.254463e-03
-1.788497e-03
-1.739134e-03
-1.722903e-03
-1.463137e-03
-7.098993e-04
1.772041e-04
7.203952e-04
6.916558e-04
5.613889e-04
6.618864e-05
-1.394441e-04
-2.585239e-04
-1.929321e-06
2.378525e-04
-1.748539e-04
-3.531075e-04
-6.543915e-04
-8.008675e-04
-6.517835e-04
-3.533745e-04
1.578800e-04
4.415296e-04
-2.888936e-05
-3.725895e-04
-3.994487e-04
-6.423356e-04
-8.161782e-04
-1.316909e-03
-1.788583e-03
-1.671985e-03
-1.614236e-03
-1.236429e-03
-6.003582e-04
-4.329770e-04
1.869942e-05
3.555186e-04
7.276740e-04
1.397034e-04
-9.292064e-04
-1.356259e-03
-1.838737e-03
-1.410979e-03
2.831108e-04
1.762616e-03
2.002680e-03
3.666198e-04
-1.636102e-03
-2.839101e-03
-2.746928e-03
-1.562369e-03
-7.002375e-04
-5.078466e-04
-9.881199e-04
-1.202872e-03
-9.617668e-04
-5.876254e-04
-4.266499e-04
-6.977683e-04
-5.730130e-04
-4.088846e-04
-3.971483e-04
-3.102211e-04
-5.802862e-04
-8.060324e-04
-1.380683e-03
-1.605290e-03
-1.525496e-03
-1.311970e-03
-6.915168e-04
2.443693e-04
5.459109e-04
1.166223e-03
8.498561e-04
2.126108e-04
-5.517628e-04
-1.072783e-03
-1.134459e-03
-1.167953e-03
-1.259220e-03
-9.921085e-04
-1.067698e-03
-8.137989e-04
-8.597661e-04
-6.751706e-04
-1.827922e-04
2.352450e-04
3.595239e-04
-2.023041e-04
-1.382935e-03
-1.834472e-03
-2.101668e-03
-1.760261e-03
-1.001728e-03
-9.068174e-04
-6.716208e-04
-5.254792e-04
-6.253753e-04
-1.059002e-03
-1.202490e-03
-1.577116e-03
-1.881812e-03
-2.100051e-03
-2.087679e-03
-1.529598e-03
-8.136074e-04
-4.282503e-04
-5.012237e-04
-9.139809e-04
-1.164002e-03
-1.838767e-03
-2.024399e-03
-1.647412e-03
-8.153531e-04
-6.372573e-04
-8.038999e-04
-1.356591e-03
-1.675867e-03
-1.665753e-03
-1.410224e-03
-9.448255e-04
-7.882687e-04
-7.772235e-04
-6.323735e-04
-8.132210e-04
-1.330606e-03
-1.415894e-03
-1.596199e-03
-1.922268e-03
-1.939297e-03
-1.231821e-03
-5.928536e-04
-1.602122e-04
8.955997e-05
-1.986363e-04
-4.362086e-04
-3.563925e-04
-3.669120e-04
-9.642019e-05
1.688350e-05
3.466985e-04
4.550813e-04
7.099079e-05
-3.981019e-04
-1.087969e-03
-1.278680e-03
-9.267871e-04
-6.094911e-04
3.082949e-04
8.423370e-04
1.317020e-04
-3.414943e-04
-9.840776e-04
-1.002764e-03
-2.730983e-04
5.793907e-04
1.291477e-03
1.009871e-03
6.113677e-04
2.430132e-04
-8.144177e-05
2.491283e-05
3.537531e-04
7.540002e-04
7.861873e-04
1.222755e-03
1.087376e-03
3.700950e-04
-6.771898e-04
-1.452764e-03
-1.357986e-03
-2.758359e-04
1.692346e-03
3.523909e-03
3.737749e-03
3.116804e-03
1.784844e-03
8.490188e-04
4.421023e-04
3.053624e-04
2.563200e-04
7.955034e-04
7.724183e-04
1.568487e-03
1.620310e-03
1.257583e-03
1.135868e-03
2.256869e-04
-2.093330e-04
1.974905e-04
1.243101e-03
2.295674e-03
2.638865e-03
2.122557e-03
1.525116e-03
1.117477e-03
1.412783e-03
1.822366e-03
2.103469e-03
1.746376e-03
1.358123e-03
1.723388e-03
2.204691e-03
2.855914e-03
2.484089e-03
1.768646e-03
1.567019e-03
9.896029e-04
1.132973e-03
1.916245e-03
2.406228e-03
2.663048e-03
2.594780e-03
2.302795e-03
2.303834e-03
1.980227e-03
1.666284e-03
1.121963e-03
1.212947e-03
1.174674e-03
1.488314e-03
1.492817e-03
1.465632e-03
1.234415e-03
7.275660e-04
1.347229e-03
1.773178e-03
2.346417e-03
2.662155e-03
2.323702e-03
1.845907e-03
1.124827e-03
7.411944e-04
1.077587e-03
1.302063e-03
1.174210e-03
3.786927e-04
-1.058311e-04
-1.055506e-06
4.908480e-04
1.335847e-03
1.682043e-03
1.598335e-03
9.527777e-04
8.460931e-04
9.305510e-04
1.686915e-03
1.745653e-03
2.090216e-03
2.211321e-03
1.448373e-03
1.241199e-03
7.239840e-04
6.455915e-04
1.028169e-04
-3.397316e-04
-2.813823e-04
-3.784346e-04
-1.195640e-04
1.035947e-04
6.243118e-05
-3.352205e-04
-6.322476e-04
-8.677492e-04
-7.842242e-04
-4.791968e-04
5.323360e-05
6.150276e-04
5.050904e-04
3.312425e-04
3.668054e-04
9.317304e-05
-2.320670e-05
-1.960307e-05
-2.694995e-04
-4.183203e-04
-6.727244e-04
-6.295099e-04
1.260724e-04
5.366722e-04
6.883014e-04
4.629195e-04
4.538314e-05
-2.755202e-04
-4.640205e-04
-4.739133e-04
4.252709e-05
-2.279706e-05
-3.369809e-04
-5.209730e-04
-5.808832e-04
-5.430802e-04
-6.028284e-04
-8.031548e-04
-1.020847e-03
-7.869967e-04
-6.405046e-04
-9.266004e-05
-5.526895e-05
-1.161671e-04
-5.692827e-04
-9.956436e-04
-1.078693e-03
-1.048907e-03
-1.079516e-03
-9.874129e-04
-6.206980e-04
-5.818806e-04
2.267535e-04
4.653749e-04
1.547073e-04
-3.435632e-04
-6.584420e-04
-4.257920e-04
-2.269146e-04
1.531181e-04
2.916027e-05
-3.001586e-04
-6.855955e-04
-7.531474e-04
-1.123039e-03
-1.507356e-03
-1.825047e-03
-2.376680e-03
-2.169514e-03
-1.666514e-03
-1.236334e-03
-8.885592e-04
-7.949220e-04
-8.157816e-04
-7.844573e-04
-5.834566e-04
-5.678308e-04
-2.325766e-04
-6.579780e-04
-1.289738e-03
-1.642907e-03
-1.553753e-03
-1.785305e-03
-1.835093e-03
-2.047584e-03
-2.334934e-03
-2.430984e-03
-2.532032e-03
-2.374065e-03
-1.854402e-03
-1.739319e-03
-1.691671e-03
-1.923152e-03
-1.874233e-03
-1.782466e-03
-1.831094e-03
-1.743379e-03
-1.656045e-03
-1.364539e-03
-1.112031e-03
-9.354345e-04
-1.468702e-03
-2.159932e-03
-2.617179e-03
-2.687220e-03
-2.018108e-03
-1.877405e-03
-1.722268e-03
-1.699926e-03
-2.277955e-03
-2.310721e-03
-2.325231e-03
-2.548805e-03
-2.832514e-03
-2.908434e-03
-2.783785e-03
-2.700335e-03
-2.219182e-03
-2.468461e-03
-1.558550e-03
-1.599798e-03
-1.482357e-03
-1.392834e-03
-1.567653e-03
-1.654304e-03
-1.568827e-03
-1.402931e-03
-1.418897e-03
-1.528055e-03
-2.154781e-03
-2.578783e-03
-2.864098e-03
-3.140993e-03
-3.273980e-03
-3.546078e-03
-3.499873e-03
-3.713708e-03
-3.351529e-03
-2.712340e-03
-2.546736e-03
-2.114471e-03
-2.009102e-03
-1.509007e-03
-1.243376e-03
-1.041276e-03
-1.251633e-03
-1.120179e-03
-9.677334e-04
-9.944722e-04
-1.025580e-03
-9.176524e-04
-1.245952e-03
-1.584684e-03
-1.792028e-03
-2.401066e-03
-2.837805e-03
-3.040100e-03
-2.970470e-03
-2.607407e-03
-1.976473e-03
-1.731756e-03
-9.243723e-04
-8.216356e-04
-7.103131e-04
-7.832651e-04
-1.036443e-03
-1.044490e-03
-1.157648e-03
-1.394204e-03
-1.524866e-03
-1.804883e-03
-1.764731e-03
-1.921554e-03
-1.794574e-03
-1.369628e-03
-1.299973e-03
-1.276621e-03
-1.097120e-03
-1.388095e-03
-1.232057e-03
-1.158578e-03
-1.186808e-03
-5.468453e-04
-6.384609e-04
-6.985862e-04
-9.905076e-04
-6.550350e-04
-4.266128e-04
-2.723052e-04
3.776135e-04
6.200861e-04
2.051118e-04
-1.916094e-05
-4.456485e-04
-4.922587e-04
-5.313632e-04
-4.089915e-04
-4.047685e-04
-2.376164e-04
2.261111e-04
4.499594e-04
2.528583e-04
1.456781e-05
5.527782e-05
-2.159540e-04
-3.060190e-04
-1.102345e-04
-6.391407e-04
-4.186244e-04
-2.562074e-04
-6.612368e-05
1.594889e-04
1.794386e-04
2.427117e-04
3.404632e-04
2.669705e-04
9.283779e-05
-2.790344e-04
-7.914827e-04
-7.333774e-04
-7.017829e-04
-6.024300e-04
-5.607472e-04
1.398588e-04
4.621001e-04
9.375306e-04
1.063788e-03
7.778392e-04
3.388147e-04
9.182999e-05
4.054649e-04
8.973929e-04
1.260465e-03
1.519461e-03
1.634387e-03
1.310743e-03
9.803994e-04
1.066987e-03
7.836828e-04
2.918691e-04
2.765449e-04
4.508555e-04
5.821006e-04
9.214631e-04
1.009788e-03
1.330991e-03
8.636754e-04
7.694962e-04
1.255104e-03
9.998880e-04
1.081295e-03
1.380899e-03
1.296914e-03
1.602711e-03
1.322640e-03
1.312823e-03
1.606637e-03
1.296459e-03
1.026267e-03
6.278080e-04
8.709089e-04
8.212065e-04
6.850777e-04
9.212568e-04
8.714604e-04
8.645921e-04
1.562329e-03
1.583774e-03
1.756782e-03
1.521790e-03
7.873104e-04
8.920443e-04
1.237511e-03
1.319289e-03
1.672050e-03
2.095776e-03
2.281353e-03
2.266855e-03
2.441643e-03
2.567835e-03
2.584953e-03
2.094623e-03
1.712430e-03
1.536615e-03
1.480066e-03
1.531800e-03
1.720268e-03
1.717532e-03
1.855211e-03
2.070905e-03
1.853258e-03
1.726740e-03
1.696847e-03
1.609943e-03
1.917053e-03
1.965854e-03
1.818514e-03
1.608393e-03
1.814757e-03
1.982223e-03
1.895218e-03
2.324842e-03
2.329685e-03
2.165423e-03
2.115109e-03
2.055668e-03
2.044050e-03
2.399513e-03
1.938469e-03
2.088646e-03
2.097118e-03
2.206484e-03
2.176091e-03
1.818723e-03
1.739030e-03
1.723174e-03
2.160396e-03
2.057192e-03
2.274658e-03
2.680892e-03
2.714115e-03
2.561507e-03
2.347414e-03
2.261822e-03
2.068196e-03
1.845722e-03
2.433552e-03
2.691634e-03
2.863639e-03
3.047454e-03
2.894477e-03
2.581118e-03
2.112790e-03
1.689030e-03
1.578367e-03
1.371924e-03
1.178456e-03
1.368272e-03
1.590964e-03
1.637171e-03
1.957931e-03
2.468897e-03
2.781538e-03
2.837982e-03
2.380993e-03
2.509944e-03
2.232687e-03
2.350069e-03
2.576777e-03
2.336451e-03
2.253433e-03
1.776546e-03
1.471372e-03
1.325760e-03
1.436135e-03
1.547705e-03
1.377152e-03
1.521831e-03
1.524885e-03
1.384028e-03
1.513587e-03
1.564558e-03
1.569436e-03
1.532691e-03
1.627493e-03
1.703729e-03
1.637522e-03
1.151779e-03
8.358456e-04
7.631259e-04
9.546909e-04
1.079391e-03
1.430336e-03
1.807647e-03
1.472781e-03
9.272536e-04
7.552719e-04
2.433721e-04
1.106152e-04
4.370399e-04
4.174066e-04
5.279504e-04
4.596842e-04
3.145230e-04
8.140280e-04
6.582591e-04
6.102889e-04
3.331434e-04
2.665379e-04
1.616616e-04
5.355980e-04
7.383786e-04
6.584153e-04
1.079024e-03
1.054572e-03
1.053028e-03
7.321744e-04
1.664192e-04
-2.651414e-04
-2.098490e-04
6.687387e-04
6.450342e-04
4.710754e-04
4.493043e-04
-3.367935e-04
-9.501882e-04
-1.122678e-03
-1.229021e-03
-1.076319e-03
-1.120505e-03
-8.234732e-04
-4.018640e-04
1.719888e-04
5.193674e-04
7.486208e-04
1.353304e-03
2.062355e-03
2.777994e-03
3.596292e-03
3.810232e-03
2.874082e-03
1.588216e-03
1.503066e-03
1.803150e-03
2.087637e-03
1.189387e-03
1.739704e-04
-1.430160e-03
-3.373383e-03
-3.772639e-03
-2.532595e-03
-1.328997e-03
-3.743072e-04
-4.439808e-04
-4.756213e-04
6.312792e-05
-5.137196e-05
1.297616e-04
6.560457e-04
1.002511e-03
9.976511e-04
9.873340e-04
1.057381e-03
1.472835e-03
1.332512e-03
7.097955e-04
3.117614e-04
2.737006e-04
1.271677e-04
-3.505314e-04
-2.535918e-04
-1.089520e-04
-3.687444e-04
-2.991684e-04
-2.671049e-04
-1.096957e-04
3.288678e-04
3.521878e-04
5.091550e-04
9.710398e-04
1.259798e-03
1.819231e-03
1.941969e-03
9.537476e-04
-1.461900e-04
-1.089516e-03
-1.130568e-03
-1.089985e-03
-1.508918e-03
-1.153480e-03
-5.653217e-04
-3.061766e-04
-3.642183e-04
-1.544926e-04
2.854651e-04
4.852004e-04
1.422884e-04
6.794194e-04
3.072700e-04
5.908449e-04
4.190677e-04
-3.675902e-04
-4.507976e-04
-4.382563e-04
-3.489723e-04
2.935121e-04
3.798712e-04
4.320935e-04
5.136797e-04
1.944838e-04
1.858517e-04
2.081562e-04
1.197586e-04
-2.536773e-04
-2.498119e-04
-1.980793e-04
-5.669143e-05
4.262791e-04
6.356498e-04
7.950809e-04
1.037710e-03
1.067018e-03
7.071222e-04
2.481120e-04
1.530578e-04
-4.302721e-05
1.056227e-05
3.845679e-04
3.609262e-04
4.380392e-04
4.824274e-04
-2.127616e-05
-7.462525e-05
1.236301e-05
3.689854e-04
4.647479e-04
7.005139e-04
2.038345e-04
-7.550588e-04
-9.288300e-04
-1.131698e-03
-1.525565e-03
-1.081724e-03
-7.574832e-04
-6.289225e-05
3.692735e-04
7.697179e-04
7.662086e-04
5.927167e-04
-3.069854e-05
-5.336667e-04
-1.091115e-03
-1.166707e-03
-1.595010e-03
-2.205065e-03
-2.913556e-03
-2.678326e-03
-1.974720e-03
-1.410613e-03
-1.232393e-03
-8.560970e-04
-1.160436e-03
-9.555333e-04
-8.657562e-04
-1.646150e-04
1.459039e-04
-6.415939e-05
-5.527064e-04
-7.597628e-04
-8.192485e-04
-4.866546e-04
-5.196842e-04
-7.891464e-04
-1.147274e-03
-1.687845e-03
-1.812502e-03
-1.867092e-03
-1.552950e-03
-1.589132e-03
-1.757939e-03
-1.499941e-03
-1.510652e-03
-1.433745e-03
-1.660321e-03
-1.653141e-03
-1.761745e-03
-1.745659e-03
-1.358851e-03
-1.701824e-03
-1.922862e-03
-2.503976e-03
-2.623008e-03
-1.986927e-03
-1.663479e-03
-1.111273e-03
-9.121238e-04
-8.449885e-04
-5.160540e-04
2.282987e-04
1.026948e-04
-2.873317e-04
-7.577756e-04
-8.242320e-04
-7.502888e-04
-6.638044e-04
-1.002172e-03
-1.311696e-03
-1.573888e-03
-2.061670e-03
-2.133645e-03
-2.081020e-03
-1.854011e-03
-1.688328e-03
-1.800024e-03
-1.574268e-03
-1.217612e-03
-6.435163e-04
-2.911108e-04
-3.797551e-04
-4.534405e-04
-1.089043e-03
-1.554875e-03
-1.982679e-03
-2.092178e-03
-1.945139e-03
-1.348760e-03
-1.197130e-03
-1.288510e-03
-1.158401e-03
-1.458776e-03
-1.633202e-03
-2.007766e-03
-1.969838e-03
-1.980610e-03
-1.734628e-03
-1.809587e-03
-1.541165e-03
-1.305138e-03
-1.445044e-03
-1.812473e-03
-1.804238e-03
-1.749114e-03
-1.659512e-03
-1.654751e-03
-1.802020e-03
-1.938421e-03
-2.377257e-03
-2.710858e-03
-2.856868e-03
-2.975485e-03
-2.491470e-03
-2.623006e-03
-2.382530e-03
-2.001670e-03
-1.923087e-03
-2.195533e-03
-2.382889e-03
-2.438498e-03
-2.420213e-03
-2.419159e-03
-2.450830e-03
-2.335474e-03
-2.370993e-03
-2.365894e-03
-2.692635e-03
-2.910206e-03
-2.862684e-03
-3.121728e-03
-2.985644e-03
-2.828509e-03
-2.856868e-03
-2.897449e-03
-2.746764e-03
-2.864106e-03
-2.621703e-03
-2.325504e-03
-2.574129e-03
-2.357412e-03
-2.505468e-03
-2.544219e-03
-2.267664e-03
-2.159109e-03
-1.827629e-03
-2.385514e-03
-2.831321e-03
-2.738461e-03
-2.612418e-03
-2.474755e-03
-2.402276e-03
-2.120599e-03
-2.130895e-03
-2.061755e-03
-1.928474e-03
-2.133209e-03
-1.870339e-03
-1.587740e-03
-1.779046e-03
-1.446719e-03
-1.684804e-03
-1.899301e-03
-1.904731e-03
-1.690973e-03
-1.392036e-03
-1.638931e-03
-1.416829e-03
-1.259640e-03
-1.331069e-03
-9.254761e-04
-8.745820e-04
-8.136286e-04
-7.054155e-04
-1.167524e-03
-1.333197e-03
-1.026605e-03
-1.520964e-03
-1.524757e-03
-9.721472e-04
-5.577692e-04
-8.007519e-04
-7.561945e-04
-6.290107e-04
-7.919600e-04
-6.698965e-04
-2.513975e-04
5.671077e-04
1.347752e-03
1.568495e-03
1.010777e-03
3.901026e-04
1.315231e-05
-7.095200e-04
-6.080398e-04
-5.206218e-04
-3.091152e-04
-5.982283e-05
1.677633e-04
1.816955e-04
-1.237035e-04
-3.978234e-04
-1.742550e-04
1.436011e-05
1.357659e-04
2.156356e-04
1.619459e-04
6.093417e-04
8.146880e-04
1.011049e-03
1.466251e-03
1.055320e-03
6.582997e-04
4.375079e-04
2.557233e-04
7.430652e-04
9.311775e-04
4.610473e-04
5.669875e-04
9.968066e-04
1.127028e-03
1.562330e-03
1.660172e-03
1.875468e-03
2.076862e-03
2.157553e-03
2.031247e-03
1.687419e-03
1.314050e-03
5.809144e-04
1.091365e-04
1.061003e-04
2.489614e-04
7.536996e-04
8.937348e-04
5.812693e-04
8.516611e-04
9.081917e-04
7.877875e-04
7.888972e-04
5.990552e-04
8.909573e-04
1.125271e-03
1.332572e-03
1.771157e-03
1.706380e-03
1.543036e-03
1.771906e-03
1.215451e-03
1.153431e-03
1.316604e-03
1.425837e-03
1.608907e-03
1.482073e-03
1.123275e-03
1.085422e-03
9.617884e-04
1.364157e-03
1.499574e-03
1.249292e-03
1.347945e-03
1.219575e-03
9.445642e-04
1.293311e-03
1.439555e-03
1.883891e-03
2.282770e-03
2.438997e-03
2.557912e-03
2.285929e-03
1.806822e-03
1.651677e-03
1.366010e-03
1.097782e-03
1.010972e-03
1.173878e-03
1.098994e-03
1.124025e-03
1.184899e-03
1.203609e-03
8.242864e-04
6.754253e-04
6.504726e-04
7.966797e-04
7.411431e-04
1.376505e-03
1.360082e-03
1.715598e-03
2.251753e-03
1.685858e-03
1.465185e-03
1.394364e-03
1.250100e-03
1.407813e-03
1.421249e-03
1.805073e-03
1.562106e-03
1.589640e-03
1.153446e-03
1.213584e-03
1.492376e-03
1.440452e-03
1.350366e-03
1.035633e-03
8.592927e-04
7.916078e-04
1.177405e-03
1.283406e-03
1.510011e-03
1.322482e-03
1.059292e-03
1.143258e-03
7.848106e-04
5.703468e-04
6.723930e-04
5.135569e-04
6.367569e-04
6.715254e-04
1.300279e-04
2.207176e-04
-1.800770e-04
-6.096663e-04
-3.755004e-04
2.283194e-04
6.283591e-04
6.427094e-04
5.516815e-04
5.160493e-04
4.013799e-04
4.964212e-04
6.046192e-04
4.936104e-04
4.076847e-04
5.122723e-04
8.733552e-04
5.723135e-04
5.136785e-04
5.070277e-05
-6.898400e-04
-6.741191e-04
-3.661880e-04
-4.022768e-04
-2.915039e-04
-2.629956e-04
-1.594139e-04
-1.880565e-04
-2.109460e-04
-4.230512e-04
-3.479091e-04
-5.739453e-05
-1.138315e-04
1.118042e-04
7.649488e-05
-3.973884e-05
-2.754362e-04
-6.965933e-04
-6.885063e-04
-6.326504e-04
-1.656871e-04
-1.645359e-04
-6.046439e-04
-4.668425e-04
-1.072394e-04
1.373768e-04
5.385317e-06
1.345028e-04
-4.145061e-04
-4.242417e-04
-9.323980e-05
4.368643e-05
-1.153877e-05
2.939072e-04
4.536085e-05
-4.865888e-04
-6.991815e-04
-8.477233e-04
-1.071628e-03
-9.010326e-04
-8.568078e-04
-5.752796e-04
-5.162183e-04
-3.855182e-04
-4.891825e-04
-3.063563e-04
2.306133e-04
5.185225e-04
7.088908e-04
7.441456e-04
4.665910e-04
3.502646e-04
5.479034e-05
1.459565e-04
4.841425e-04
2.115246e-04
1.586707e-04
2.535199e-04
1.924348e-05
3.528054e-04
4.839566e-04
3.453488e-04
3.814391e-04
7.115534e-04
5.664427e-04
3.900359e-04
4.644187e-04
4.043552e-04
5.216106e-04
5.372742e-04
1.004740e-03
7.469414e-04
1.418274e-04
1.455886e-04
4.075052e-04
8.375914e-04
1.121885e-03
1.043417e-03
1.057473e-03
1.063554e-03
7.379758e-04
1.143348e-03
1.453458e-03
1.628811e-03
1.415586e-03
1.294619e-03
1.602301e-03
1.671761e-03
1.789618e-03
1.661079e-03
1.646256e-03
1.836614e-03
1.862273e-03
1.917697e-03
1.696089e-03
1.410247e-03
1.595142e-03
1.934346e-03
1.893073e-03
1.723007e-03
1.644241e-03
1.470228e-03
1.746985e-03
1.709158e-03
1.826928e-03
1.864045e-03
1.887377e-03
1.500649e-03
1.738401e-03
1.694570e-03
1.571110e-03
1.716768e-03
1.675618e-03
1.668424e-03
1.753157e-03
2.114805e-03
2.171261e-03
2.250182e-03
2.302553e-03
2.340923e-03
2.204100e-03
2.251129e-03
2.275095e-03
2.091520e-03
2.083172e-03
2.234569e-03
2.126248e-03
2.264730e-03
1.983370e-03
2.059192e-03
2.163343e-03
2.308665e-03
2.129750e-03
2.185563e-03
2.242447e-03
2.264185e-03
1.855225e-03
2.186982e-03
2.492844e-03
2.096135e-03
2.148900e-03
2.033365e-03
2.034885e-03
1.804683e-03
1.595545e-03
1.861821e-03
2.184243e-03
2.113878e-03
2.078983e-03
2.214694e-03
1.855876e-03
1.857638e-03
1.626571e-03
1.655041e-03
1.532422e-03
1.495629e-03
1.154704e-03
1.276976e-03
1.265225e-03
1.123910e-03
1.331196e-03
1.394630e-03
1.347171e-03
1.389356e-03
1.339465e-03
1.092326e-03
1.035553e-03
1.417612e-03
1.223466e-03
1.106912e-03
7.534546e-04
6.798540e-04
6.618165e-04
4.040997e-04
3.398770e-04
1.003657e-04
2.920191e-05
4.620961e-04
4.475808e-04
6.691459e-04
6.458662e-04
4.643586e-04
1.502407e-04
3.700567e-04
6.223762e-04
5.299834e-04
5.967850e-04
4.595095e-04
5.196146e-04
1.139667e-04
-2.347222e-04
-3.318401e-04
-6.417636e-04
-8.633924e-04
-1.106238e-03
-1.114822e-03
-1.472170e-03
-1.287575e-03
-1.189031e-03
-1.070463e-03
-8.909356e-04
-9.524298e-04
-9.220568e-04
-9.566781e-04
-8.827795e-04
-1.075501e-03
-8.505766e-04
-7.351781e-04
-1.049430e-03
-1.074272e-03
-1.365599e-03
-1.666346e-03
-1.384789e-03
-1.689706e-03
-1.618374e-03
-1.547866e-03
-1.525977e-03
-1.348889e-03
-1.619273e-03
-1.577431e-03
-1.751522e-03
-1.907508e-03
-2.175837e-03
-2.135447e-03
-2.320516e-03
-2.070020e-03
-1.743036e-03
-2.098659e-03
-1.916200e-03
-2.135070e-03
-2.285117e-03
-2.185730e-03
-2.419676e-03
-2.680327e-03
-2.267777e-03
-2.375142e-03
-2.454991e-03
-2.043776e-03
-2.051602e-03
-2.075951e-03
-2.015275e-03
-2.158237e-03
-2.098008e-03
-2.131692e-03
-2.119055e-03
-2.427336e-03
-2.423831e-03
-2.432800e-03
-2.436522e-03
-2.396116e-03
-2.543227e-03
-2.409031e-03
-2.390583e-03
-2.583090e-03
-2.272979e-03
-2.144594e-03
-2.208581e-03
-2.142010e-03
-2.272208e-03
-2.259088e-03
-2.475885e-03
-2.117413e-03
-2.088674e-03
-2.241307e-03
-2.060046e-03
-2.206033e-03
-2.205301e-03
-2.079154e-03
-2.158179e-03
-2.033155e-03
-2.034403e-03
-2.164569e-03
-2.382781e-03
-2.180200e-03
-2.314954e-03
-2.381503e-03
-1.707897e-03
-1.902002e-03
-1.942130e-03
-1.580973e-03
-1.794387e-03
-2.058309e-03
-1.647117e-03
-1.410327e-03
-1.667266e-03
-1.660759e-03
-1.455694e-03
-1.787009e-03
-1.577457e-03
-1.584092e-03
-1.813454e-03
-1.654903e-03
-2.014177e-03
-2.234794e-03
-1.840303e-03
-1.906551e-03
-1.469152e-03
-1.493947e-03
-1.566192e-03
-1.230883e-03
-1.356182e-03
-1.541228e-03
-1.173885e-03
-1.519183e-03
-1.424613e-03
-1.376644e-03
-1.649522e-03
-1.754462e-03
-1.456763e-03
-1.046167e-03
-1.389939e-03
-1.329322e-03
-1.482955e-03
-1.719005e-03
-1.402564e-03
-1.275382e-03
-1.662835e-03
-1.500630e-03
-1.298740e-03
-1.509115e-03
-1.296605e-03
-1.186240e-03
-1.392861e-03
-1.519318e-03
-1.821367e-03
-1.394353e-03
-1.491425e-03
-1.312422e-03
-1.442191e-03
-1.537692e-03
-1.054530e-03
-9.465687e-04
-7.985889e-04
-1.075857e-03
-1.277062e-03
-1.314390e-03
-1.316606e-03
-1.295320e-03
-1.337086e-03
-1.247463e-03
-1.133801e-03
-9.919422e-04
-1.192997e-03
-7.106480e-04
-7.582149e-04
-1.134754e-03
-1.087534e-03
-9.124011e-04
-1.187926e-03
-1.129676e-03
-1.025826e-03
-1.115514e-03
-9.098875e-04
-8.546134e-04
-9.119141e-04
-7.540519e-04
-5.749874e-04
-6.681127e-04
-5.346541e-04
-5.449378e-04
-3.024034e-04
2.096977e-04
2.325619e-04
-2.598254e-05
-1.492787e-04
1.898262e-04
1.674303e-04
2.278138e-04
3.828357e-04
1.278527e-04
1.686514e-04
-3.688045e-05
-5.252592e-05
2.065411e-04
4.517199e-06
9.986015e-05
3.173683e-04
1.516699e-04
5.040730e-04
7.975148e-04
4.562634e-04
3.085665e-04
1.684651e-04
1.278807e-04
4.050153e-04
8.178994e-04
4.738077e-04
-9.110633e-05
5.191497e-04
6.689839e-04
5.490460e-04
7.902208e-04
4.483322e-04
3.487526e-04
3.961347e-04
6.426400e-04
1.126653e-03
1.194107e-03
1.199224e-03
1.400123e-03
1.099630e-03
8.627616e-04
6.996013e-04
1.106142e-03
1.277450e-03
1.557268e-03
1.481227e-03
1.090008e-03
8.706786e-04
9.808554e-04
1.169078e-03
1.066247e-03
9.046363e-04
8.875290e-04
1.112330e-03
1.013779e-03
8.014283e-04
5.993570e-04
5.263448e-04
6.073760e-04
4.410359e-04
5.435869e-04
4.140593e-04
7.067714e-04
8.877795e-04
9.383944e-04
9.508022e-04
8.312176e-04
5.902239e-04
5.117906e-04
1.046326e-03
1.277820e-03
1.315808e-03
1.250374e-03
8.225834e-04
9.630693e-04
9.672114e-04
1.071384e-03
7.761977e-04
6.161969e-04
8.556552e-04
1.139581e-03
9.860465e-04
1.173816e-03
1.072107e-03
8.642296e-04
1.038485e-03
1.297781e-03
1.250314e-03
1.141957e-03
8.932905e-04
8.662572e-04
1.186465e-03
1.149896e-03
1.249996e-03
1.324350e-03
1.258466e-03
1.132098e-03
1.226409e-03
1.104472e-03
1.007341e-03
8.787099e-04
9.881231e-04
8.379477e-04
1.131862e-03
7.207396e-04
7.186015e-04
9.108156e-04
8.195826e-04
6.969701e-04
7.789350e-04
3.825791e-04
9.041033e-04
9.261465e-04
9.460484e-04
1.233060e-03
1.217702e-03
1.320734e-03
9.863078e-04
6.790150e-04
7.551140e-04
1.099679e-03
1.213277e-03
1.112617e-03
1.055488e-03
1.306280e-03
8.853847e-04
6.831824e-04
8.452549e-04
7.731990e-04
8.998702e-04
8.163655e-04
3.726756e-04
9.107936e-04
9.120826e-04
9.689198e-04
8.258331e-04
2.125656e-04
4.923600e-04
7.692213e-04
5.932800e-04
8.656666e-04
8.371250e-04
9.508189e-04
9.782344e-04
1.057310e-03
1.142144e-03
1.064248e-03
9.520485e-04
1.040586e-03
8.920511e-04
9.387872e-04
1.288738e-03
1.019679e-03
6.113561e-04
9.051059e-04
6.789012e-04
4.536674e-04
8.110988e-04
7.846412e-04
8.894672e-04
8.439970e-04
6.230456e-04
1.030116e-03
9.417513e-04
1.429459e-03
1.605684e-03
1.445412e-03
1.563911e-03
1.587729e-03
1.460232e-03
1.795646e-03
1.516660e-03
1.398493e-03
1.473499e-03
1.275468e-03
1.265871e-03
1.433139e-03
1.261121e-03
1.290906e-03
1.080516e-03
1.397789e-03
1.564762e-03
1.651033e-03
1.869433e-03
1.370581e-03
1.185721e-03
1.313855e-03
1.390758e-03
1.336637e-03
1.436063e-03
1.485713e-03
1.220783e-03
1.063475e-03
1.213204e-03
1.168857e-03
1.189005e-03
1.126282e-03
7.000832e-04
8.226730e-04
8.928225e-04
7.921446e-04
8.091460e-04
1.096184e-03
8.612674e-04
9.455075e-04
6.537292e-04
8.068945e-04
6.534458e-04
6.183324e-04
6.129445e-04
6.210160e-04
6.277586e-04
5.843262e-04
7.210719e-04
6.447477e-04
4.056610e-04
3.348638e-04
4.315286e-04
2.237067e-04
4.357115e-04
3.244982e-04
4.183310e-04
2.820977e-04
2.439360e-04
2.503783e-04
1.948012e-04
1.094918e-04
3.947066e-04
2.332260e-04
4.436398e-04
2.630957e-04
-2.920035e-05
1.687069e-04
1.077418e-04
1.129015e-04
1.570308e-04
-9.488915e-06
-1.394930e-04
-2.108582e-04
-1.493181e-04
3.553340e-04
2.653059e-04
4.190459e-05
2.552223e-04
5.821038e-05
-1.188276e-04
-2.888981e-05
-1.125868e-04
2.250320e-05
-2.936765e-04
-4.239891e-04
-2.600973e-04
-9.695690e-05
-4.096865e-04
-2.542299e-04
-3.959834e-04
-4.619837e-04
-3.721683e-04
7.233885e-06
7.104352e-07
-5.250899e-05
1.579166e-04
-1.805670e-04
-2.324205e-04
-5.859527e-05
-2.640386e-04
-4.112052e-04
-3.801340e-04
-3.288285e-04
-5.474184e-04
-5.053166e-04
-1.215214e-04
-4.407660e-04
-4.373091e-04
-4.354948e-04
-4.681195e-04
-6.821600e-04
-5.931632e-04
-6.911179e-04
-7.578165e-04
-4.695685e-04
-6.614242e-04
-3.677191e-04
-4.312827e-04
-5.930994e-04
-5.524747e-04
-6.205146e-04
-6.544655e-04
9.472305e-05
1.299783e-05
1.024585e-04
-3.541049e-04
-6.416511e-04
-4.540071e-04
-5.525713e-04
-3.386562e-04
-4.302542e-05
-5.229274e-04
-5.906960e-04
-4.735366e-04
-5.484565e-04
-6.708040e-04
-5.943880e-04
-6.400841e-04
-3.151023e-04
-2.819842e-04
-1.475226e-04
-2.056699e-04
-2.352243e-04
-3.088550e-04
-1.238432e-04
-2.575416e-04
-7.875539e-05
-4.777016e-04
-7.073711e-04
-8.080911e-04
-9.554306e-04
-9.832808e-04
-1.120149e-03
-9.258385e-04
-1.153700e-03
-1.202334e-03
-8.502082e-04
-1.287872e-03
-8.591759e-04
-8.442260e-04
-1.008904e-03
-7.855203e-04
-7.042103e-04
-5.570308e-04
-7.685554e-04
-5.774881e-04
-6.280514e-04
-7.018856e-04
-1.015201e-03
-5.844245e-04
-7.165856e-04
-1.047093e-03
-1.137771e-03
-1.471361e-03
-1.291937e-03
-1.523769e-03
-1.305525e-03
-1.428979e-03
-1.278356e-03
-1.286678e-03
-1.446466e-03
-1.207989e-03
-1.538534e-03
-1.643763e-03
-1.289743e-03
-1.395497e-03
-1.380401e-03
-1.343486e-03
-1.460908e-03
-1.456243e-03
-1.663313e-03
-1.324752e-03
-1.583250e-03
-1.730470e-03
-1.626298e-03
-1.830409e-03
-1.585316e-03
-1.536049e-03
-1.637112e-03
-1.645567e-03
-1.541278e-03
-1.525281e-03
-1.378876e-03
-1.536228e-03
-1.493176e-03
-1.478333e-03
-1.568971e-03
-1.622436e-03
-1.662251e-03
-1.500055e-03
-1.645388e-03
-1.354029e-03
-1.487629e-03
-1.698521e-03
-1.474582e-03
-1.391784e-03
-1.543267e-03
-1.468499e-03
-1.888572e-03
-1.868799e-03
-1.522948e-03
-1.704955e-03
-1.457297e-03
-1.420032e-03
-1.490593e-03
-1.587649e-03
-1.549625e-03
-1.547878e-03
-1.279645e-03
-1.177508e-03
-1.131995e-03
-1.050078e-03
-1.025440e-03
-8.811717e-04
-1.038595e-03
-1.346555e-03
-1.436904e-03
-1.197112e-03
-1.552476e-03
-1.289606e-03
-1.127603e-03
-1.302179e-03
-1.190121e-03
-1.402404e-03
-1.443004e-03
-1.093252e-03
-9.131997e-04
-8.711665e-04
-8.597280e-04
-9.295858e-04
-7.041023e-04
-7.346921e-04
-8.553256e-04
-7.492965e-04
-9.887449e-04
-9.463501e-04
-8.517011e-04
-8.745583e-04
-5.702081e-04
-5.644118e-04
-5.714473e-04
-5.288122e-04
-6.933950e-04
-8.121590e-04
-6.125288e-04
-8.024591e-04
-7.210299e-04
-4.409215e-04
-1.667047e-04
-3.583098e-04
-3.186854e-04
-2.610131e-04
-1.437437e-04
-3.101194e-04
-4.648281e-04
-1.840478e-04
-2.051898e-04
1.208614e-04
-1.553144e-04
-3.948724e-05
-3.000623e-04
-4.701521e-05
2.207579e-04
8.495441e-04
3.076283e-04
3.270686e-04
-3.415409e-04
-2.496908e-04
-8.266665e-05
1.265313e-04
3.495171e-04
2.983532e-04
3.251195e-04
2.382543e-04
2.142419e-04
3.474600e-04
2.861151e-04
3.469883e-04
8.944790e-04
1.283260e-03
1.105384e-03
9.704712e-04
9.657963e-04
7.743214e-04
7.730261e-04
1.295356e-03
1.183997e-03
1.043784e-03
1.297002e-03
9.305362e-04
1.238784e-03
1.226759e-03
9.549170e-04
8.870213e-04
7.344095e-04
9.751490e-04
1.010259e-03
1.625563e-03
2.196897e-03
1.935818e-03
1.618271e-03
1.265820e-03
8.178147e-04
9.881528e-04
1.212579e-03
1.237987e-03
9.574490e-04
8.508491e-04
8.586588e-04
5.787984e-04
5.621382e-04
1.553048e-03
2.227287e-03
2.624050e-03
3.317566e-03
4.593513e-03
5.895850e-03
5.184220e-03
3.973001e-03
3.143466e-03
2.523029e-03
2.770125e-03
3.214708e-03
3.749801e-03
3.496022e-03
2.806642e-03
2.417027e-03
2.068697e-03
1.262650e-03
-6.576140e-06
-1.239413e-03
-1.412229e-03
4.948854e-05
1.264414e-03
1.966496e-03
1.734668e-03
1.174099e-03
1.355613e-03
1.964871e-03
2.370870e-03
2.382214e-03
2.277204e-03
2.317010e-03
2.619144e-03
2.905101e-03
3.278559e-03
3.395848e-03
2.587765e-03
1.580136e-03
1.121595e-03
1.401415e-03
2.167138e-03
2.317485e-03
1.967943e-03
1.102291e-03
9.921987e-04
9.707245e-04
1.056686e-03
8.452224e-04
7.341880e-04
3.855766e-04
2.998944e-04
6.561729e-04
1.162409e-03
1.428217e-03
1.335691e-03
7.319516e-04
5.705156e-04
1.380734e-03
1.802851e-03
2.185644e-03
1.804587e-03
1.040598e-03
3.676329e-04
4.197299e-04
8.944505e-04
9.055742e-04
1.356841e-03
1.513939e-03
1.161814e-03
9.052432e-04
1.091758e-03
7.371544e-04
3.804388e-04
2.916620e-04
-7.133814e-05
-7.469290e-05
-6.581105e-05
-4.116199e-04
-6.099091e-04
-5.585066e-04
-5.717717e-04
-5.386622e-04
-1.972280e-05
-1.028609e-04
-5.094633e-05
-9.918191e-05
-1.339208e-05
1.060691e-04
2.647053e-04
6.155454e-04
5.848431e-04
6.821555e-04
3.709927e-04
3.477105e-04
3.661228e-04
-3.128665e-04
-4.023631e-04
-7.099285e-04
-6.232055e-04
-5.788647e-04
-5.314612e-04
-7.124701e-04
-1.167533e-03
-1.087883e-03
-1.250609e-03
-1.446437e-03
-1.286029e-03
-1.301786e-03
-1.064640e-03
-8.576243e-04
-4.401216e-04
2.411470e-04
1.947593e-04
-3.583029e-05
-4.884710e-04
-7.608548e-04
-9.947987e-04
-9.791284e-04
-7.503021e-04
-2.674217e-04
-4.307609e-04
-3.981423e-04
-3.162500e-04
-6.571405e-04
-1.237112e-03
-1.588277e-03
-1.807658e-03
-1.684343e-03
-9.231459e-04
-6.164239e-04
-8.062773e-04
-1.075414e-03
-1.014010e-03
-1.554682e-03
-1.496331e-03
-1.104088e-03
-1.218466e-03
-1.514523e-03
-1.077707e-03
-9.167100e-04
-9.216559e-04
-1.071475e-03
-1.536900e-03
-1.476823e-03
-1.853014e-03
-1.652345e-03
-1.277493e-03
-1.450485e-03
-1.552447e-03
-1.698756e-03
-1.737557e-03
-1.462191e-03
-1.022216e-03
-8.199064e-04
-9.438416e-04
-1.064368e-03
-1.500849e-03
-1.565789e-03
-1.562214e-03
-1.852174e-03
-1.847284e-03
-1.567619e-03
-1.190928e-03
-7.635457e-04
-6.053246e-04
-5.672561e-04
-5.196644e-04
-7.128436e-04
-7.573144e-04
-7.465255e-04
-7.362469e-04
-8.018046e-04
-1.233795e-03
-1.352609e-03
-1.146983e-03
-4.192462e-04
-1.285313e-04
-2.022846e-04
-5.820069e-04
-1.162399e-03
-1.479298e-03
-1.414282e-03
-1.056345e-03
-9.419535e-04
-4.682320e-04
-7.637361e-04
-1.003569e-03
-1.074960e-03
-1.051503e-03
-1.246315e-03
-7.421665e-04
-8.033079e-04
-2.326405e-04
-3.399254e-04
1.669157e-05
3.129853e-04
-1.300992e-04
-1.828762e-04
-2.420097e-04
-2.953979e-04
-6.226584e-05
1.836776e-04
9.794099e-05
1.376248e-04
-2.318704e-04
-3.194225e-04
1.354544e-05
-4.910925e-05
-1.929332e-04
-6.089797e-04
-1.025399e-03
-8.083939e-04
-4.953869e-04
-4.511246e-04
-2.886047e-04
-5.257969e-04
-8.716736e-04
-3.962397e-04
2.716814e-04
4.938433e-04
6.663826e-04
2.287688e-04
-1.230455e-04
-7.890675e-05
-2.455044e-04
1.387859e-05
8.754201e-04
1.337901e-03
1.447350e-03
1.019039e-03
1.318277e-03
1.112896e-03
4.515752e-04
3.524015e-05
9.787482e-05
3.464856e-04
3.459156e-04
1.490907e-04
1.216213e-04
1.294624e-04
6.714558e-05
-6.557441e-04
-7.735024e-04
-2.421269e-04
2.931792e-04
5.888005e-04
6.324898e-04
8.885411e-04
8.987766e-04
2.700116e-06
8.824354e-05
4.111649e-04
8.248405e-04
1.365928e-03
1.372622e-03
1.133713e-03
6.376954e-04
6.145077e-04
-1.193584e-04
-1.807057e-04
4.100720e-04
1.154640e-04
7.990650e-04
7.533987e-04
5.089434e-04
4.463898e-04
2.316616e-04
6.018776e-05
-1.010939e-04
2.850514e-04
7.743699e-04
1.270434e-03
1.063044e-03
1.245137e-03
1.170101e-03
5.682141e-04
1.137634e-04
-3.161688e-04
-1.567182e-05
3.567426e-04
3.803570e-04
5.832531e-04
4.977813e-04
2.780978e-04
1.158616e-04
-3.740600e-04
-4.974539e-04
-1.855017e-04
4.442648e-04
9.096740e-04
8.913420e-04
2.097369e-04
-5.467531e-05
-3.583150e-04
-3.744650e-04
3.401710e-06
3.181795e-04
4.830793e-04
5.523039e-04
4.690830e-04
-2.827553e-04
-8.411861e-04
-7.446365e-04
-8.375149e-04
-6.208776e-04
-3.236705e-04
-5.796013e-04
-9.876475e-04
-1.217518e-03
-1.336808e-03
-1.279807e-03
-7.701153e-04
-5.813298e-04
-2.048670e-04
-6.539001e-04
-8.250806e-04
-1.009969e-03
-1.198526e-03
-9.743589e-04
-9.316247e-04
-6.459259e-04
-7.273641e-04
-1.023665e-03
-1.224248e-03
-1.148088e-03
-9.337521e-04
-1.043427e-03
-6.294186e-04
-9.091484e-04
-1.064457e-03
-1.460971e-03
-1.575424e-03
-1.374763e-03
-1.339282e-03
-9.997300e-04
-1.258221e-03
-1.311435e-03
-1.212978e-03
-1.444629e-03
-1.428728e-03
-1.492151e-03
-1.040605e-03
-1.169398e-03
-1.261413e-03
-1.361825e-03
-1.627577e-03
-2.110915e-03
-1.827217e-03
-1.612088e-03
-1.408015e-03
-1.326583e-03
-1.191476e-03
-1.084904e-03
-1.577051e-03
-1.887060e-03
-1.884085e-03
-1.909967e-03
-2.111692e-03
-2.033917e-03
-2.056676e-03
-1.744531e-03
-1.508496e-03
-1.688711e-03
-1.915860e-03
-2.192585e-03
-1.935458e-03
-1.590368e-03
-1.442618e-03
-1.360990e-03
-1.429307e-03
-1.604130e-03
-1.501620e-03
-1.100457e-03
-1.245060e-03
-1.222637e-03
-1.370648e-03
-1.261232e-03
-1.391318e-03
-8.143417e-04
-1.036789e-03
-1.519795e-03
-1.783600e-03
-2.267028e-03
-2.199476e-03
-2.241192e-03
-1.847348e-03
-1.572443e-03
-1.653884e-03
-1.310475e-03
-1.147655e-03
-1.100910e-03
-1.113272e-03
-1.399005e-03
-1.320492e-03
-9.609072e-04
-7.388176e-04
-5.903849e-04
-7.331833e-04
-1.264271e-03
-1.508663e-03
-1.608700e-03
-1.390722e-03
-1.334813e-03
-1.197559e-03
-1.312428e-03
-8.030183e-04
-8.001445e-04
-1.334675e-04
8.864191e-05
-1.057355e-04
3.154843e-05
-2.038559e-04
1.149004e-04
-6.018589e-05
1.559141e-04
2.750859e-04
1.984961e-04
1.053611e-04
1.417519e-04
1.674874e-04
2.921822e-04
2.005160e-04
3.593253e-05
1.291964e-04
2.288314e-04
-1.450284e-04
6.957359e-05
6.937474e-05
1.280962e-04
5.821901e-04
1.077003e-03
1.382535e-03
1.343863e-03
1.185067e-03
1.152041e-03
1.120338e-03
9.465983e-04
1.279685e-03
1.500437e-03
1.635462e-03
1.505505e-03
9.559591e-04
1.091553e-03
9.338510e-04
1.268513e-03
1.536751e-03
1.726796e-03
1.442772e-03
9.796440e-04
1.068575e-03
1.208263e-03
1.541420e-03
1.739938e-03
1.634348e-03
1.477936e-03
1.533562e-03
1.760062e-03
1.852807e-03
1.866359e-03
1.747679e-03
2.101376e-03
1.924513e-03
2.143788e-03
2.456235e-03
2.049752e-03
2.212341e-03
2.063422e-03
2.385827e-03
2.607909e-03
2.407969e-03
2.840538e-03
2.760364e-03
2.848434e-03
3.229186e-03
2.978725e-03
2.866357e-03
3.145301e-03
2.914033e-03
3.068065e-03
3.369466e-03
3.309761e-03
3.213536e-03
3.254475e-03
3.208921e-03
3.265394e-03
3.105992e-03
2.960575e-03
3.011325e-03
2.932045e-03
2.841046e-03
2.603416e-03
2.615812e-03
2.759282e-03
2.542865e-03
2.495766e-03
2.298420e-03
2.386757e-03
2.881962e-03
3.394598e-03
3.782621e-03
3.924699e-03
3.636631e-03
3.248627e-03
3.119816e-03
3.288394e-03
3.427786e-03
3.577124e-03
3.527194e-03
3.750668e-03
3.636275e-03
3.422282e-03
3.408324e-03
3.284369e-03
2.868131e-03
2.875226e-03
3.002285e-03
3.036145e-03
2.817850e-03
2.569001e-03
2.524037e-03
2.815675e-03
2.480487e-03
2.660567e-03
2.998467e-03
3.006390e-03
2.672427e-03
2.860901e-03
3.148670e-03
3.036462e-03
2.849212e-03
2.665977e-03
2.630487e-03
2.568508e-03
2.257361e-03
2.738421e-03
2.842195e-03
2.791583e-03
2.556753e-03
2.234332e-03
2.404314e-03
2.404005e-03
2.461581e-03
2.254800e-03
1.998552e-03
1.940711e-03
2.057229e-03
1.996780e-03
2.322181e-03
2.391767e-03
2.072628e-03
2.227160e-03
2.270920e-03
2.225447e-03
2.282947e-03
2.113363e-03
2.027118e-03
1.623789e-03
1.352086e-03
1.254695e-03
9.838266e-04
8.623121e-04
9.560125e-04
1.023423e-03
9.664546e-04
1.074582e-03
1.310701e-03
1.213816e-03
1.300194e-03
1.347884e-03
1.086291e-03
1.053597e-03
8.764601e-04
9.143289e-04
9.656521e-04
9.891670e-04
1.145311e-03
1.100563e-03
1.102605e-03
1.082118e-03
8.987802e-04
6.356737e-04
3.738258e-04
3.328236e-04
-1.917397e-05
2.878857e-04
2.161376e-04
3.245832e-04
3.889990e-04
5.063366e-04
1.135300e-04
-1.353920e-04
-1.923087e-04
-3.838662e-04
-4.445724e-04
-4.033437e-04
-9.704196e-04
-1.061678e-03
-1.499384e-03
-1.596898e-03
-1.608635e-03
-1.750253e-03
-1.526633e-03
-1.582833e-03
-1.616876e-03
-1.673373e-03
-1.467998e-03
-1.520920e-03
-1.569760e-03
-1.567013e-03
-1.559724e-03
-1.536599e-03
-1.651748e-03
-1.758433e-03
-1.594570e-03
-1.706203e-03
-1.810965e-03
-2.061036e-03
-1.983154e-03
-2.175939e-03
-2.194831e-03
-2.379258e-03
-2.322987e-03
-2.511706e-03
-2.498047e-03
-2.547017e-03
-2.682273e-03
-2.650149e-03
-2.619697e-03
-2.710341e-03
-2.683829e-03
-2.648866e-03
-2.765009e-03
-2.635324e-03
-2.677635e-03
-2.627343e-03
-2.741169e-03
-2.884542e-03
-2.806858e-03
-3.133598e-03
-2.893556e-03
-3.064508e-03
-3.508577e-03
-3.614730e-03
-3.570013e-03
-3.304816e-03
-3.436692e-03
-3.469177e-03
-3.451085e-03
-3.682626e-03
-3.681017e-03
-3.659906e-03
-3.437552e-03
-3.367952e-03
-3.274425e-03
-3.076667e-03
-3.029275e-03
-2.808833e-03
-2.805792e-03
-2.979754e-03
-2.890211e-03
-2.957620e-03
-2.808923e-03
-2.934842e-03
-3.154321e-03
-3.256563e-03
-3.173867e-03
-3.055796e-03
-2.986078e-03
-3.050955e-03
-3.358290e-03
-3.253779e-03
-3.235633e-03
-3.390087e-03
-3.317032e-03
-3.405083e-03
-3.339809e-03
-2.961963e-03
-3.195216e-03
-2.786221e-03
-3.088280e-03
-3.222956e-03
-2.895866e-03
-3.084228e-03
-2.718350e-03
-2.460587e-03
-2.651605e-03
-2.453552e-03
-2.416758e-03
-2.403556e-03
-2.239411e-03
-2.224989e-03
-1.959311e-03
-2.791118e-03
-2.760787e-03
-2.700788e-03
-2.669630e-03
-2.030659e-03
-1.938895e-03
-2.124845e-03
-2.525329e-03
-2.714069e-03
-2.588402e-03
-1.830038e-03
-1.726481e-03
-1.834721e-03
-2.008868e-03
-2.272782e-03
-1.907552e-03
-1.607825e-03
-1.480462e-03
-1.442033e-03
-1.675975e-03
-2.114679e-03
-1.828106e-03
-1.355006e-03
-1.244266e-03
-1.106408e-03
-1.636952e-03
-1.934079e-03
-1.820913e-03
-1.906786e-03
-1.914318e-03
-1.804474e-03
-1.606339e-03
-1.407379e-03
-1.240768e-03
-8.036059e-04
-1.669587e-03
-2.085415e-03
-1.681485e-03
-1.400015e-03
-5.368904e-04
-1.067584e-04
-4.749078e-04
-1.338319e-03
-2.121724e-03
-1.699542e-03
-1.121520e-03
-5.842775e-04
-3.462761e-04
-9.215216e-04
-1.382480e-03
-1.819078e-03
-1.578124e-03
-1.402701e-03
-1.058192e-03
-6.526615e-04
-7.254024e-04
-8.089766e-04
-7.160181e-04
-8.766495e-04
-6.897516e-04
-6.258862e-04
-3.402202e-04
-6.161202e-04
-9.244359e-04
-7.386409e-04
-5.748394e-04
-1.142858e-04
4.021842e-05
-4.691925e-04
-1.225436e-03
-1.417659e-03
-6.894587e-04
-1.403538e-04
-1.257517e-04
-5.356662e-06
3.025942e-04
2.963803e-04
-2.029000e-04
-3.856077e-04
-3.914470e-04
-1.966963e-04
3.460737e-04
8.456209e-04
4.782910e-04
4.245478e-05
-3.979304e-04
-7.813636e-04
-4.125115e-04
1.036420e-04
3.031229e-04
3.196603e-05
-1.469352e-04
4.903554e-05
4.399487e-05
3.128774e-04
3.323543e-04
-5.456072e-06
-5.813552e-06
1.053034e-04
1.941085e-04
2.419149e-04
4.627847e-04
8.116780e-04
7.649112e-04
7.994638e-04
7.188478e-04
2.860956e-04
4.684947e-04
7.388655e-04
9.903873e-04
9.886302e-04
9.628690e-04
1.022752e-03
4.020043e-04
-4.361137e-05
3.244290e-04
1.057736e-03
1.139254e-03
9.754967e-04
8.070931e-04
3.860046e-04
2.384975e-04
6.727232e-04
9.452553e-04
1.302553e-03
1.193628e-03
9.272265e-04
8.753235e-04
1.042151e-03
9.999840e-04
1.368660e-03
1.276342e-03
1.181623e-03
1.384444e-03
9.834735e-04
1.257224e-03
1.353053e-03
9.766544e-04
1.253923e-03
1.350794e-03
1.571781e-03
1.376086e-03
9.128882e-04
9.533213e-04
1.260722e-03
1.912871e-03
2.388807e-03
2.259119e-03
1.736602e-03
1.047099e-03
6.344348e-04
1.010719e-03
1.594538e-03
1.607773e-03
1.553906e-03
8.967018e-04
7.705828e-04
1.244599e-03
1.413485e-03
1.448687e-03
1.746383e-03
1.565570e-03
1.406084e-03
1.496756e-03
1.511966e-03
1.788833e-03
1.622735e-03
1.072279e-03
1.373318e-03
1.757448e-03
1.976909e-03
1.675058e-03
9.547636e-04
5.716335e-04
1.088198e-03
1.598341e-03
1.600995e-03
1.489976e-03
1.207943e-03
1.024088e-03
1.277222e-03
1.640680e-03
2.199478e-03
2.406976e-03
2.355361e-03
2.501083e-03
2.640764e-03
2.576078e-03
2.195253e-03
1.635127e-03
1.225673e-03
1.266607e-03
1.326511e-03
1.424561e-03
1.443293e-03
1.220978e-03
9.580115e-04
1.401891e-03
1.596623e-03
1.435576e-03
1.195055e-03
1.308814e-03
1.579253e-03
1.698778e-03
1.632868e-03
1.893860e-03
2.279318e-03
2.454272e-03
2.243996e-03
1.717523e-03
1.292114e-03
1.414023e-03
1.799545e-03
1.905503e-03
1.736480e-03
1.347692e-03
1.045254e-03
1.006114e-03
1.056856e-03
1.247613e-03
1.164755e-03
1.376778e-03
1.164740e-03
1.204220e-03
1.300152e-03
1.267157e-03
1.289475e-03
1.600348e-03
1.878899e-03
2.146881e-03
2.276515e-03
1.730396e-03
1.451148e-03
1.372140e-03
1.481468e-03
1.741038e-03
1.861845e-03
1.547155e-03
1.498701e-03
1.748997e-03
1.681933e-03
1.790473e-03
1.255154e-03
6.276196e-04
5.782949e-04
7.922478e-04
1.219245e-03
1.459589e-03
1.486024e-03
9.787566e-04
9.016569e-04
1.122112e-03
1.324703e-03
1.366411e-03
1.328666e-03
1.047688e-03
1.040791e-03
1.155674e-03
1.470583e-03
1.391347e-03
1.117693e-03
1.157614e-03
1.085277e-03
1.064173e-03
1.002345e-03
1.191513e-03
1.152065e-03
1.059552e-03
1.201693e-03
1.146576e-03
9.723013e-04
8.552672e-04
8.417671e-04
7.998057e-04
9.312170e-04
1.051247e-03
1.219125e-03
1.027398e-03
5.837783e-04
5.984566e-04
4.497933e-04
7.131341e-04
1.058336e-03
1.018966e-03
7.970564e-04
2.718953e-04
-5.620508e-05
2.854120e-04
7.250866e-04
9.914558e-04
7.305132e-04
4.034966e-04
1.832445e-04
3.122715e-04
4.688176e-04
6.438656e-04
6.156047e-04
3.102857e-04
1.499596e-04
4.260628e-04
3.672205e-04
4.219818e-04
4.750039e-04
3.950828e-04
4.293297e-04
7.251844e-04
7.034760e-04
2.968111e-04
8.245394e-05
-1.599647e-04
1.319359e-04
4.569312e-04
3.856105e-04
1.615346e-04
5.727964e-05
-3.507817e-04
-3.097391e-04
-1.598499e-04
8.687817e-05
4.996041e-06
-2.379153e-05
-3.158038e-04
-3.641179e-04
-2.175381e-04
-1.827628e-04
-9.775253e-05
-9.489052e-05
-1.860671e-04
-2.272179e-04
-3.413847e-04
-5.889494e-04
-4.758075e-04
-4.374137e-04
-3.474191e-04
-1.874605e-04
-4.815818e-04
-4.755967e-04
-3.722723e-04
-5.531363e-04
-5.453617e-04
-5.422098e-04
-4.073005e-04
-5.321062e-04
-5.726584e-04
-6.379160e-04
-6.891789e-04
-4.619492e-04
-4.967682e-04
-4.685397e-04
-6.681460e-04
-8.619269e-04
-1.112576e-03
-1.058111e-03
-9.546331e-04
-8.745588e-04
-5.734955e-04
-7.062349e-04
-1.024233e-03
-1.097259e-03
-1.145851e-03
-9.011737e-04
-8.553903e-04
-9.242979e-04
-7.174415e-04
-8.587523e-04
-1.212963e-03
-1.122388e-03
-1.057654e-03
-1.184912e-03
-9.628734e-04
-1.091193e-03
-1.172059e-03
-1.228839e-03
-1.548084e-03
-1.494062e-03
-1.297827e-03
-1.078456e-03
-1.029243e-03
-1.117333e-03
-1.581475e-03
-1.625167e-03
-1.570896e-03
-1.554091e-03
-1.604589e-03
-1.733709e-03
-1.491494e-03
-1.235919e-03
-1.380611e-03
-1.271064e-03
-1.303701e-03
-1.577193e-03
-1.337593e-03
-1.388387e-03
-1.567592e-03
-1.329229e-03
-1.462713e-03
-1.510155e-03
-1.327902e-03
-1.412165e-03
-1.420150e-03
-1.576575e-03
-1.733732e-03
-1.898660e-03
-1.854977e-03
-1.508281e-03
-1.472165e-03
-1.338265e-03
-1.303565e-03
-1.251049e-03
-1.246607e-03
-1.164708e-03
-1.525224e-03
-1.526236e-03
-1.245081e-03
-1.301268e-03
-1.203221e-03
-1.296705e-03
-1.466522e-03
-1.328359e-03
-1.445974e-03
-1.557391e-03
-1.311346e-03
-1.260913e-03
-1.219877e-03
-1.066114e-03
-8.958524e-04
-1.008371e-03
-9.143941e-04
-7.899929e-04
-7.276214e-04
-7.568887e-04
-1.116356e-03
-1.365193e-03
-1.366222e-03
-1.350368e-03
-1.071648e-03
-7.601086e-04
-8.116239e-04
-9.354092e-04
-1.367561e-03
-1.521451e-03
-1.184057e-03
-9.128876e-04
-7.608447e-04
-3.010636e-04
-3.653441e-04
-8.545627e-04
-9.895465e-04
-1.206289e-03
-1.104210e-03
-9.193332e-04
-6.790575e-04
-3.163441e-04
-4.353503e-04
-6.320543e-04
-6.045673e-04
-4.793274e-04
-5.183814e-04
-7.496979e-04
-8.058623e-04
-6.093790e-04
-4.118532e-04
-4.783850e-04
-4.235529e-04
-3.963243e-04
-6.429561e-04
-7.116627e-04
-7.044731e-04
-5.110968e-04
-5.040638e-04
-7.023728e-04
-7.570419e-04
-7.176586e-04
-5.068689e-04
-3.550752e-04
-3.031792e-04
-2.341746e-04
-3.719925e-04
-4.553389e-04
-5.048808e-04
-7.299165e-04
-7.467654e-04
-8.071739e-04
-1.025558e-03
-6.686229e-04
-2.701300e-04
1.196319e-04
3.424999e-04
1.788819e-04
-2.244644e-04
-6.932422e-04
-5.032561e-04
-2.616879e-04
-9.212933e-05
-2.219413e-05
2.661893e-04
1.971826e-04
-4.530406e-06
-4.095669e-04
-1.066282e-03
-1.430906e-03
-1.698404e-03
-1.502739e-03
-5.531169e-04
3.623944e-04
6.987770e-04
4.772339e-04
-2.684544e-04
-1.387948e-03
-2.162154e-03
-2.312170e-03
-1.944327e-03
-9.000523e-04
6.815195e-04
1.932234e-03
2.357902e-03
2.164054e-03
1.339696e-03
5.009068e-04
5.421957e-05
3.086583e-04
9.827824e-04
1.818700e-03
2.401492e-03
2.144573e-03
2.022585e-03
1.647650e-03
1.018570e-03
7.871534e-04
6.582108e-04
8.605946e-04
9.024266e-04
5.204434e-04
3.873612e-04
3.630275e-04
4.770735e-04
1.045705e-03
1.600186e-03
2.127284e-03
2.308770e-03
2.220736e-03
1.710882e-03
7.735113e-04
-1.418555e-04
-1.325257e-03
-2.105412e-03
-2.537367e-03
-1.910793e-03
-1.430230e-04
1.610532e-03
2.393494e-03
1.589765e-03
-1.940003e-04
-1.680045e-03
-2.001182e-03
-8.342555e-04
8.962362e-04
2.368639e-03
3.021126e-03
2.940642e-03
2.654736e-03
2.230160e-03
1.615335e-03
9.454209e-04
2.269207e-05
-7.667779e-04
-6.741850e-04
-2.640124e-04
2.385429e-04
4.830810e-04
5.455314e-04
5.430368e-04
9.966655e-05
-2.503051e-04
-1.753046e-04
2.505446e-05
4.789948e-04
1.101064e-03
1.513129e-03
1.514028e-03
1.049971e-03
7.708250e-04
8.917167e-04
1.061315e-03
1.033968e-03
1.073112e-03
1.091088e-03
5.740313e-04
-8.955599e-05
-2.169297e-04
1.920395e-05
4.659763e-04
8.620034e-04
9.343737e-04
8.573023e-04
5.741876e-04
1.352550e-04
-6.420197e-05
3.620254e-05
1.361112e-04
2.884319e-04
4.891238e-04
6.573829e-04
8.380124e-04
8.641788e-04
7.726238e-04
3.860771e-04
1.022270e-04
8.524884e-05
3.049418e-04
4.824532e-04
7.354162e-04
9.020443e-04
1.051309e-03
9.127894e-04
8.398851e-04
7.254090e-04
4.890293e-04
3.722783e-04
2.592048e-04
3.735518e-04
7.465073e-04
8.120990e-04
6.811077e-04
3.608907e-04
8.377815e-05
1.447234e-04
4.669493e-04
3.688871e-04
4.066705e-04
6.044199e-04
7.330532e-04
7.413761e-04
6.647304e-04
4.451585e-04
5.060286e-05
-2.797874e-04
-7.179078e-05
4.979090e-04
9.017610e-04
9.216988e-04
5.337400e-04
3.734668e-05
-2.777724e-05
2.614756e-04
6.395276e-04
6.320631e-04
3.102817e-04
7.245565e-05
-5.018650e-05
-2.925309e-05
-5.383314e-05
-7.132620e-05
-1.892653e-04
-2.376720e-04
-1.488289e-04
6.938277e-06
1.787842e-04
2.338106e-04
3.830761e-04
5.292480e-04
6.882116e-04
6.145220e-04
3.996114e-04
2.670757e-04
1.303409e-04
-5.997012e-07
-1.291880e-04
-1.417287e-04
-1.005916e-04
-2.423948e-04
-6.656827e-04
-9.245817e-04
-8.061922e-04
-3.535643e-04
1.624254e-04
5.180619e-04
6.536736e-04
5.916903e-04
3.845079e-04
2.225841e-04
1.677470e-04
2.321376e-05
-5.000829e-05
-1.900100e-04
-4.119705e-04
-5.454732e-04
-5.512897e-04
-4.794057e-04
-3.593051e-04
-2.966567e-04
-2.821234e-04
-3.149162e-04
-4.413557e-04
-6.160376e-04
-6.001860e-04
-4.316091e-04
-1.269239e-04
1.298022e-05
4.078391e-05
3.234742e-05
-9.670904e-05
-3.920643e-04
-5.449360e-04
-5.493518e-04
-4.690460e-04
-3.855604e-04
-2.080517e-04
-9.484815e-05
-2.381816e-04
-4.696215e-04
-5.422974e-04
-3.419135e-04
-1.137145e-04
3.012902e-05
1.823133e-05
-1.872225e-04
-4.178495e-04
-4.518710e-04
-3.815117e-04
-2.688705e-04
-1.720822e-04
-2.063744e-04
-1.798025e-04
-2.186351e-04
-2.991227e-04
-2.515952e-04
-2.294058e-04
-2.401029e-04
-2.209136e-04
-3.954326e-04
-4.534776e-04
-4.196382e-04
-4.027489e-04
-1.936466e-04
-4.350549e-05
-7.985604e-05
-1.914418e-04
-3.924051e-04
-5.495442e-04
-5.370633e-04
-4.260432e-04
-2.192949e-04
-7.574724e-06
1.505575e-04
1.308895e-04
2.682995e-05
-1.998940e-04
-4.602063e-04
-5.887677e-04
-6.059574e-04
-4.650366e-04
-3.085608e-04
-1.759897e-04
-1.452742e-04
-1.651800e-04
-1.515266e-04
-1.669801e-04
-1.910788e-04
-1.199267e-04
2.903002e-05
7.807768e-05
-4.545183e-05
-2.160626e-04
-3.458040e-04
-2.887528e-04
-1.418478e-04
-7.764639e-05
-1.823743e-05
-5.284626e-05
-9.734901e-05
-5.363293e-05
-3.902831e-05
1.643283e-05
3.316353e-05
2.972309e-05
2.383621e-05
4.807436e-05
1.060077e-04
2.184219e-05
-7.547806e-05
-2.467345e-04
-3.862798e-04
-3.684274e-04
-2.624123e-04
-1.736125e-04
-1.199557e-04
-4.075125e-05
-1.566440e-05
2.269467e-05
3.653976e-05
1.375885e-05
-1.900012e-05
-1.104475e-04
-1.430722e-04
-9.156027e-05
-6.301440e-05
-1.531450e-05
2.062127e-05
3.890808e-05
3.562117e-05
-3.355631e-06
1.386779e-05
5.368958e-05
8.218626e-05
8.783995e-05
8.876593e-06
-2.814316e-05
-2.260114e-05
2.498293e-05
1.226005e-04
1.661426e-04
1.441334e-04
1.024947e-04
6.980533e-06
-8.473852e-05
-1.705986e-04
-1.680408e-04
-1.274173e-04
-6.616770e-05
-3.007443e-05
9.545526e-06
5.943758e-05
1.180658e-04
2.310702e-04
2.211078e-04
1.218925e-04
-3.477867e-05
-2.022619e-04
-2.303451e-04
-1.537288e-04
-6.765075e-05
9.217087e-07
1.222078e-05
6.066465e-05
1.254846e-04
1.211992e-04
5.837859e-05
-3.379067e-05
4.658862e-06
6.963514e-05
1.781821e-04
2.973989e-04
3.119956e-04
1.450541e-04
-5.240667e-05
-1.417925e-04
-8.516746e-05
6.433823e-05
1.175057e-04
4.725286e-05
-3.261499e-05
-7.689476e-05
-3.387321e-05
8.228965e-05
1.496549e-04
1.333876e-04
4.830223e-05
-2.320664e-06
2.422448e-05
4.631062e-05
5.973570e-05
5.057125e-05
8.599255e-07
-7.349611e-05
-6.632310e-05
1.413937e-05
3.915888e-05
-2.406612e-05
-4.805293e-05
-7.889628e-05
-4.897925e-06
8.240640e-05
1.306383e-04
1.511662e-04
1.462912e-04
1.330386e-04
1.322931e-04
1.706775e-04
1.637065e-04
8.062398e-05
-8.527722e-06
-7.295389e-05
-8.802302e-05
-4.898058e-05
5.594386e-06
2.011179e-05
1.506124e-05
2.024699e-05
5.443567e-05
7.703724e-05
1.033545e-04
1.262383e-04
1.208276e-04
1.044980e-04
9.258031e-05
1.219491e-04
1.418295e-04
7.350202e-05
-7.023509e-05
-1.681188e-04
-1.828337e-04
-1.200697e-04
-4.425478e-05
6.736814e-06
2.916841e-05
-3.715644e-05
-1.011705e-04
-1.247319e-04
-9.713257e-05
-6.968455e-05
-4.889728e-05
-5.318269e-05
-2.735563e-05
1.774291e-05
7.395078e-05
1.209022e-04
1.121321e-04
3.404199e-05
-3.985176e-05
-6.061526e-05
-2.325924e-05
3.270851e-05
3.828326e-05
3.395346e-05
5.483223e-05
1.246522e-04
1.627219e-04
1.446883e-04
1.053720e-04
4.749624e-05
1.369789e-05
2.305862e-05
4.296427e-05
5.934802e-05
2.089626e-05
-3.024354e-05
-3.303444e-05
-1.156013e-05
2.297814e-05
8.934175e-06
-4.236205e-05
-9.530743e-05
-1.102929e-04
-7.410795e-05
-2.319170e-05
1.176489e-05
3.897816e-05
4.602969e-05
3.869081e-05
3.310836e-05
2.619690e-05
1.384246e-05
-1.388423e-05
-3.407485e-05
-1.598698e-05
4.386926e-05
1.026199e-04
1.065453e-04
8.265178e-05
4.525309e-05
8.684078e-06
-1.180366e-05
-1.537225e-05
-7.954898e-06
-3.825467e-06
-1.737827e-06
-1.157588e-05
-1.228859e-05
-1.365616e-05
-1.648131e-05
-3.377848e-05
-6.828806e-05
-7.572735e-05
-3.826847e-05
-2.569685e-06
1.605754e-05
1.964311e-05
3.594468e-05
3.040280e-05
4.228924e-08
-2.431279e-05
-4.015490e-05
-3.258659e-05
-1.169491e-05
-9.908516e-07
8.642448e-06
1.649616e-05
4.603686e-06
-1.477817e-05
-2.374890e-05
-2.113040e-05
5.203193e-07
2.791643e-05
3.200744e-05
2.801926e-05
1.615390e-05
-9.344734e-07
-1.230514e-05
-1.647534e-06
1.843742e-05
3.212390e-05
3.238743e-05
3.304936e-06
-1.344596e-05
-1.206880e-05
-9.946068e-06
-1.205210e-05
-1.068876e-05
-6.611356e-06
-3.208040e-07
8.802240e-06
1.543328e-05
2.949413e-05
3.846701e-05
3.955711e-05
2.587448e-05
1.019442e-05
5.479939e-06
-1.074358e-05
-3.040391e-05
-4.191278e-05
-4.641257e-05
-3.161647e-05
-2.025602e-05
-2.049748e-05
-2.200187e-05
-2.271113e-05
-2.931590e-05
-2.712230e-05
-1.751470e-05
7.269985e-06
2.284948e-05
2.802180e-05
1.925167e-05
2.015186e-05
2.013528e-05
1.778657e-05
1.989387e-05
2.396878e-05
2.195149e-05
1.578909e-05
-7.573402e-07
-1.360958e-05
-1.436469e-05
-1.123608e-05
-1.259950e-05
-1.314166e-05
-1.667822e-05
-1.734782e-05
-1.453169e-05
-1.217022e-05
-2.985681e-06
4.573752e-06
6.928969e-06
6.812608e-06
4.057786e-06
6.272394e-06
5.872420e-06
3.120693e-06
-7.939836e-07
1.278530e-06
7.929845e-06
9.023245e-06
4.599463e-06
1.936688e-06
-2.238249e-06
-5.050442e-06
-5.105688e-06
-4.221199e-06
-2.039786e-06
7.722334e-07
6.417682e-06
8.948837e-06
8.038327e-06
6.044956e-06
-1.907149e-07
-5.117997e-06
-7.814061e-06
-3.706891e-06
3.325756e-06
8.491319e-06
5.572997e-06
4.274575e-06
3.097037e-06
4.602453e-06
6.354601e-06
5.353466e-06
3.540219e-06
2.924627e-07
-1.219920e-06
-4.973042e-07
1.070855e-06
1.566522e-06
-2.595395e-06
-8.234893e-06
-1.150308e-05
-1.039831e-05
-9.358561e-06
-1.017160e-05
-1.374210e-05
-1.437698e-05
-1.290088e-05
-8.555165e-06
-3.255188e-06
-4.860601e-07
1.109453e-07
-2.767263e-06
-5.935653e-06
-6.701626e-06
-6.091825e-06
-4.576451e-06
-4.963269e-06
-3.695491e-06
-5.557675e-07
1.238395e-06
6.032344e-08
-7.475469e-07
-1.461193e-06
-3.860785e-06
-5.801900e-06
-7.256246e-06
-7.011826e-06
-5.663897e-06
-6.593360e-06
-6.807392e-06
-7.402791e-06
-8.601722e-06
-1.066015e-05
-1.252687e-05
-1.276711e-05
-1.016339e-05
-8.030410e-06
-4.678030e-06
-3.576218e-06
-2.688035e-06
-2.922778e-06
-2.808972e-06
-1.516198e-06
5.909857e-08
-3.411096e-07
-3.738469e-07
-1.753778e-06
-2.845790e-06
-2.871022e-06
-2.620988e-06
-1.722749e-06
-1.395426e-06
-1.953404e-06
-2.483220e-06
-2.899130e-06
-2.209736e-06
-1.545314e-06
-1.778943e-06
-2.242907e-06
-2.167767e-06
-2.387375e-06
-2.361771e-06
-2.541696e-06
-2.912242e-06
-3.283699e-06
-3.219410e-06
-2.942521e-06
-2.563435e-06
-3.196979e-06
-2.393186e-06
-2.092255e-06
-1.276280e-06
-2.301506e-07
-5.100433e-08
-2.228363e-07
-3.416392e-07
-6.458423e-07
-5.536094e-07
-7.245863e-07
-5.913620e-07
-7.142610e-07
-1.304737e-06
-1.914665e-06
-1.960946e-06
-1.653434e-06
-1.030564e-06
-9.777938e-07
-8.940058e-07
-6.577304e-07
-1.478100e-07
-1.709699e-07
-1.227529e-07
-4.313473e-07
-4.233053e-07
-6.515564e-07
-7.211127e-07
-6.655911e-07
-2.474407e-07
-5.897385e-08
-2.367827e-07
-5.495062e-07
-8.851018e-07
-7.664249e-07
-6.671358e-07
-8.229709e-07
-6.836549e-07
-7.146907e-07
-5.070827e-07
-5.611676e-07
-6.754349e-07
-8.943570e-07
-8.952829e-07
-9.604246e-07
-8.071633e-07
-6.690821e-07
-5.718707e-07
-5.735121e-07
-4.742032e-07
-4.467894e-07
-2.669908e-07
-2.261991e-07
-2.305777e-07
-2.269738e-07
-2.633484e-07
-4.540255e-07
-4.764475e-07
-5.446927e-07
-6.534265e-07
-7.535360e-07
-6.858721e-07
-7.942795e-07
-8.042856e-07
-9.735248e-07
-9.768104e-07
-1.086552e-06
-9.714960e-07
-1.028923e-06
-1.025206e-06
-1.115288e-06
-1.141814e-06
-1.183372e-06
-1.068791e-06
-9.398827e-07
-8.529430e-07
-9.418304e-07
-1.017587e-06
-1.185225e-06
-1.145933e-06
-1.193751e-06
-1.150661e-06
-1.201937e-06
-1.263805e-06
-1.379133e-06
-1.420257e-06
-1.480790e-06
-1.424989e-06
-1.446823e-06
-1.446364e-06
-1.508627e-06
-1.510888e-06
-1.585042e-06
-1.607800e-06
-1.644498e-06
-1.630835e-06
-1.668264e-06
-1.655811e-06
-1.684935e-06
-1.703917e-06
-1.773952e-06
-1.779661e-06
-1.799571e-06
-1.774685e-06
-1.803616e-06
-1.794422e-06
-1.843334e-06
-1.849794e-06
-1.888784e-06
-1.892553e-06
-1.927364e-06
-1.924517e-06
-1.959861e-06
-1.961888e-06
-1.999601e-06
-2.004487e-06
-2.033354e-06
-2.037515e-06
-2.068873e-06
-2.074323e-06
-2.099385e-06
-2.095024e-06
-2.115180e-06
-2.111191e-06
-2.133027e-06
-2.136423e-06
-2.159438e-06
-2.162120e-06
-2.181944e-06
-2.184232e-06
-2.204147e-06
-2.207561e-06
-2.226784e-06
-2.230061e-06
-2.248119e-06
-2.252301e-06
-2.270344e-06
-2.275114e-06
-2.292104e-06
-2.296352e-06
-2.311533e-06
-2.315408e-06
-2.329902e-06
-2.334653e-06
-2.348762e-06
-2.354269e-06
-2.368079e-06
-2.374297e-06
-2.387666e-06
-2.394341e-06
-2.407220e-06
-2.414323e-06
-2.426709e-06
-2.434266e-06
-2.446167e-06
-2.454123e-06
-2.465567e-06
-2.473906e-06
-2.484923e-06
-2.493649e-06
-2.504269e-06
-2.513376e-06
-2.523627e-06
-2.533094e-06
-2.542996e-06
-2.552718e-06
