-1.120228e-04
-1.118446e-04
-1.116716e-04
-1.114948e-04
-1.113121e-04
-1.111377e-04
-1.109779e-04
-1.108093e-04
-1.106108e-04
-1.104190e-04
-1.102467e-04
-1.100661e-04
-1.098780e-04
-1.097108e-04
-1.095399e-04
-1.093535e-04
-1.091706e-04
-1.089969e-04
-1.088052e-04
-1.086857e-04
-1.085355e-04
-1.082700e-04
-1.081304e-04
-1.081123e-04
-1.079619e-04
-1.076888e-04
-1.074148e-04
-1.071051e-04
-1.069457e-04
-1.069470e-04
-1.068375e-04
-1.066431e-04
-1.064288e-04
-1.060153e-04
-1.057464e-04
-1.059573e-04
-1.059041e-04
-1.053686e-04
-1.051963e-04
-1.054043e-04
-1.053064e-04
-1.048747e-04
-1.049293e-04
-1.052746e-04
-1.050145e-04
-1.042233e-04
-1.037097e-04
-1.037464e-04
-1.034696e-04
-1.028826e-04
-1.025525e-04
-1.023573e-04
-1.020712e-04
-1.020263e-04
-1.026961e-04
-1.031285e-04
-1.023633e-04
-1.014825e-04
-1.009468e-04
-1.013861e-04
-1.015550e-04
-1.004898e-04
-9.983599e-05
-1.001159e-04
-9.992962e-05
-9.948597e-05
-9.968167e-05
-1.000359e-04
-9.979099e-05
-9.980324e-05
-9.992204e-05
-1.000990e-04
-9.963056e-05
-9.865069e-05
-9.810408e-05
-9.741459e-05
-9.731455e-05
-9.864359e-05
-9.949380e-05
-9.795713e-05
-9.681656e-05
-9.851446e-05
-1.005901e-04
-1.004941e-04
-9.888497e-05
-9.725580e-05
-9.728850e-05
-9.864759e-05
-9.956228e-05
-9.811577e-05
-9.593914e-05
-9.438839e-05
-9.401307e-05
-9.498971e-05
-9.434886e-05
-9.328927e-05
-9.316571e-05
-9.477168e-05
-9.821295e-05
-9.851725e-05
-9.521737e-05
-9.253685e-05
-9.340370e-05
-9.475920e-05
-9.338438e-05
-9.158670e-05
-9.146105e-05
-9.206984e-05
-9.287556e-05
-9.310920e-05
-9.514385e-05
-9.722587e-05
-9.515929e-05
-9.134179e-05
-8.877392e-05
-8.813142e-05
-8.912680e-05
-9.054987e-05
-8.949614e-05
-8.672632e-05
-8.617549e-05
-8.703768e-05
-8.875280e-05
-8.992089e-05
-8.842274e-05
-8.830836e-05
-9.008661e-05
-9.065462e-05
-8.838525e-05
-8.819295e-05
-9.106831e-05
-9.019011e-05
-8.777693e-05
-8.701391e-05
-8.823023e-05
-9.059352e-05
-9.064621e-05
-8.697588e-05
-8.295347e-05
-8.316389e-05
-8.787192e-05
-9.058334e-05
-8.781032e-05
-8.774291e-05
-9.016227e-05
-8.676591e-05
-8.237077e-05
-8.318583e-05
-8.732407e-05
-9.000476e-05
-8.725413e-05
-8.319455e-05
-7.986910e-05
-7.866871e-05
-8.243624e-05
-8.801975e-05
-8.786519e-05
-8.441285e-05
-8.052661e-05
-8.112289e-05
-8.561595e-05
-8.798004e-05
-8.449271e-05
-8.419823e-05
-8.732461e-05
-8.509791e-05
-8.134972e-05
-7.858681e-05
-7.903202e-05
-8.567049e-05
-8.973038e-05
-8.618756e-05
-8.423688e-05
-8.612256e-05
-8.288949e-05
-7.905155e-05
-8.025175e-05
-8.434643e-05
-8.578460e-05
-8.438769e-05
-8.431962e-05
-8.861656e-05
-9.065247e-05
-8.271041e-05
-7.695089e-05
-7.873734e-05
-8.129170e-05
-8.079759e-05
-8.211674e-05
-8.405870e-05
-8.403721e-05
-8.183447e-05
-7.978136e-05
-7.980123e-05
-7.782678e-05
-7.620790e-05
-7.578640e-05
-7.442974e-05
-7.444810e-05
-8.175072e-05
-8.825996e-05
-7.865880e-05
-6.938927e-05
-7.291913e-05
-7.688568e-05
-7.690285e-05
-7.924779e-05
-7.680895e-05
-7.990782e-05
-8.630743e-05
-8.101705e-05
-7.810172e-05
-8.284763e-05
-8.535653e-05
-7.794885e-05
-6.601248e-05
-5.805471e-05
-6.540769e-05
-7.781033e-05
-7.421604e-05
-6.719211e-05
-7.570035e-05
-7.968466e-05
-7.306064e-05
-6.338424e-05
-6.757981e-05
-7.712877e-05
-6.824635e-05
-5.901190e-05
-6.451480e-05
-8.166918e-05
-9.071290e-05
-7.148323e-05
-5.550842e-05
-5.798618e-05
-6.692177e-05
-7.261942e-05
-7.139262e-05
-6.443085e-05
-6.181037e-05
-6.169360e-05
-6.328947e-05
-6.603434e-05
-7.598887e-05
-8.521320e-05
-7.492255e-05
-6.519018e-05
-6.515702e-05
-6.503269e-05
-6.216826e-05
-6.803067e-05
-7.817370e-05
-7.132499e-05
-6.755352e-05
-6.664751e-05
-6.456058e-05
-6.360043e-05
-6.577256e-05
-7.060841e-05
-7.460681e-05
-7.311131e-05
-6.074242e-05
-6.218707e-05
-7.425358e-05
-7.103693e-05
-5.467984e-05
-5.076417e-05
-5.884293e-05
-5.943495e-05
-5.753081e-05
-6.459248e-05
-6.952124e-05
-6.873355e-05
-6.175848e-05
-6.247222e-05
-7.612672e-05
-8.056547e-05
-6.327759e-05
-5.027945e-05
-5.513269e-05
-6.003466e-05
-5.925810e-05
-6.263359e-05
-6.865913e-05
-6.329280e-05
-4.894803e-05
-4.479689e-05
-6.245859e-05
-6.996009e-05
-6.749192e-05
-7.909805e-05
-9.376499e-05
-9.396938e-05
-7.781311e-05
-7.012726e-05
-7.653685e-05
-7.456804e-05
-5.579808e-05
-4.590025e-05
-4.555506e-05
-5.148117e-05
-5.996963e-05
-6.852963e-05
-6.878900e-05
-6.332042e-05
-5.779462e-05
-5.215418e-05
-5.827107e-05
-6.698328e-05
-7.138392e-05
-6.912773e-05
-7.547240e-05
-8.026795e-05
-7.453612e-05
-6.327678e-05
-6.700114e-05
-7.252034e-05
-5.567244e-05
-3.573191e-05
-4.866193e-05
-5.752657e-05
-3.628954e-05
-3.855174e-05
-7.109263e-05
-7.369922e-05
-6.168073e-05
-5.191416e-05
-4.774171e-05
-5.381381e-05
-6.681071e-05
-6.880747e-05
-5.002007e-05
-2.516946e-05
-2.449932e-05
-5.422433e-05
-7.409157e-05
-7.241526e-05
-5.539990e-05
-3.863323e-05
-5.239029e-05
-7.108829e-05
-6.307015e-05
-5.281282e-05
-5.384211e-05
-4.848209e-05
-1.655992e-05
-2.130150e-05
-5.663377e-05
-7.316832e-05
-7.138573e-05
-5.646612e-05
-3.210773e-05
-2.184749e-05
-2.938571e-05
-3.848466e-05
-4.168184e-05
-6.249618e-05
-9.450876e-05
-7.960772e-05
-4.044336e-05
-4.083283e-05
-5.469461e-05
-4.392284e-05
-4.299013e-05
-6.208134e-05
-5.057189e-05
-2.978480e-05
-3.300558e-05
-4.251571e-05
-5.041724e-05
-5.497085e-05
-4.742819e-05
-4.131533e-05
-4.129833e-05
-3.995454e-05
-3.611148e-05
-3.869700e-05
-3.557843e-05
-4.876720e-06
-6.963821e-06
-4.945414e-05
-5.655547e-05
-3.259454e-05
-3.742730e-05
-5.252384e-05
-4.413896e-05
-4.249518e-05
-6.647971e-05
-7.559860e-05
-4.354095e-05
-1.968861e-05
-3.565774e-05
-5.309891e-05
-5.010663e-05
-5.446056e-05
-7.070584e-05
-7.923997e-05
-6.258898e-05
-4.697902e-05
-5.342268e-05
-5.647666e-05
-5.672337e-05
-6.264354e-05
-5.455419e-05
-5.386496e-05
-6.055463e-05
-6.885494e-05
-7.626324e-05
-7.566270e-05
-7.536291e-05
-6.797997e-05
-6.221506e-05
-5.542116e-05
-3.999968e-05
-2.584202e-05
-1.928682e-05
-1.824530e-05
-9.704031e-06
-1.803145e-05
-4.110391e-05
-4.146908e-05
-3.894472e-05
-4.550660e-05
-4.667604e-05
-4.746906e-05
-4.070829e-05
-3.147645e-05
-1.812854e-05
-1.774505e-05
-5.595729e-05
-8.411751e-05
-5.670748e-05
-1.386765e-05
-1.370989e-05
-4.752905e-05
-7.556978e-05
-5.434678e-05
-2.335842e-05
-3.123505e-05
-4.617463e-05
-5.715646e-05
-4.540422e-05
-1.810536e-05
-1.453786e-05
-2.467418e-05
-4.662483e-05
-7.065246e-05
-5.427510e-05
-2.778009e-05
-2.126166e-05
-7.898961e-06
-3.874565e-05
-1.150706e-04
-1.352184e-04
-7.514331e-05
-2.704156e-05
-2.081255e-05
-1.426904e-05
-7.637562e-06
-3.609179e-05
-5.325525e-05
-2.174437e-05
-2.059366e-05
-5.199938e-05
-4.950082e-05
-8.508352e-06
1.994188e-05
1.907429e-05
-1.913165e-05
-6.727582e-05
-4.393178e-05
1.771836e-06
-1.482623e-05
-4.289504e-05
-5.724545e-05
-4.103212e-05
-1.460596e-06
9.073245e-06
-1.344264e-06
-1.042400e-05
-3.843048e-05
-6.817841e-05
-7.958745e-05
-5.883537e-05
-2.773925e-05
-6.221158e-06
3.582237e-06
-1.682348e-05
-4.976424e-05
-6.894916e-05
-6.519107e-05
-4.581979e-05
-4.682093e-05
-3.527837e-05
-8.036774e-06
-1.724423e-05
-2.687311e-05
-9.578110e-06
-1.863028e-05
-2.714011e-05
-6.330018e-06
-1.274195e-05
-4.340346e-05
-6.031212e-05
-6.669942e-05
-5.316073e-05
-3.055315e-05
-4.390929e-05
-4.714087e-05
-3.804085e-05
-2.423393e-05
-2.760289e-05
-7.722716e-05
-1.251382e-04
-6.671312e-05
-6.674170e-06
-3.483861e-06
-1.630412e-05
-2.969953e-05
-2.626925e-05
1.838359e-07
2.222456e-06
-2.180113e-05
-4.907443e-05
-4.968829e-05
-2.192924e-05
4.963057e-06
3.838018e-06
-3.525540e-05
-5.727560e-05
-4.498041e-05
-3.022610e-05
-2.949451e-05
-1.971219e-05
-2.152796e-05
-3.423274e-05
-2.299900e-05
-5.557430e-06
-5.417614e-06
-3.332546e-05
-5.764675e-05
-3.215196e-05
-9.198046e-06
-1.694738e-06
2.227078e-05
5.291287e-05
4.187134e-05
-2.899250e-05
-5.720726e-05
6.070576e-07
6.856873e-05
5.342296e-05
-2.535270e-06
-4.377284e-06
1.144573e-06
4.147300e-06
1.602866e-05
1.822612e-05
4.786628e-06
-2.493633e-05
-2.018568e-05
9.522734e-06
1.114511e-05
-3.078276e-05
-4.541268e-05
-1.979152e-05
-2.503045e-06
8.579054e-06
1.775028e-05
7.331246e-06
-2.852381e-06
-9.410737e-06
-2.126523e-05
-3.403865e-06
3.901755e-05
1.129128e-05
-4.303079e-05
-4.494560e-05
-1.577201e-05
-3.394000e-06
1.078680e-05
3.916569e-05
2.381258e-05
-3.379445e-05
-3.640526e-05
2.183311e-05
5.328255e-05
3.932489e-05
1.008481e-05
-1.716342e-05
-4.400665e-05
-3.782379e-05
3.191204e-06
1.289483e-05
-1.388021e-05
2.609004e-06
1.605693e-05
-3.636259e-05
-6.505058e-05
-3.482043e-05
-3.155509e-05
-4.951953e-05
-3.853464e-05
-3.780447e-06
-3.211203e-06
-4.806515e-05
-7.539161e-05
-5.917040e-05
-5.008996e-05
-4.168672e-05
1.717366e-05
8.145689e-05
4.752353e-05
-4.749304e-05
-6.301408e-05
1.733228e-05
5.423041e-05
3.003825e-05
7.961979e-06
4.465723e-06
2.314837e-05
-1.208023e-05
-5.372809e-05
-8.465728e-06
2.743417e-05
-1.460138e-05
-5.259054e-05
-5.122020e-05
-3.044010e-05
-1.442333e-05
-2.495975e-05
-4.217666e-05
-7.684882e-05
-9.464582e-05
-3.129186e-05
3.307903e-05
2.988360e-05
-2.791644e-05
-4.128435e-05
9.536286e-06
3.151179e-05
-5.693504e-06
-2.736126e-05
-1.079146e-05
2.898634e-05
2.987777e-05
-5.759313e-06
-4.150011e-05
-2.582449e-05
2.870391e-05
4.823144e-05
1.502394e-05
-5.456400e-05
-6.723532e-05
-2.610225e-05
9.545496e-06
-1.724974e-05
-5.749360e-05
-6.796853e-06
7.293245e-05
7.393985e-05
1.357946e-05
-4.647491e-06
-3.674294e-05
-7.943412e-05
-1.661180e-05
5.174004e-05
2.613599e-05
-4.410148e-05
-8.433634e-05
-7.589224e-05
-2.485108e-05
3.668514e-05
1.742860e-05
-1.075403e-05
-2.185976e-05
-3.675126e-05
-1.963027e-05
6.606429e-05
8.146322e-05
2.719326e-06
-5.528882e-05
-3.857860e-05
-9.474397e-06
2.896307e-05
2.310442e-05
-5.985156e-05
-9.453967e-05
-4.690864e-05
7.489121e-06
3.576608e-05
4.112632e-05
8.522423e-06
-5.967795e-05
-1.268188e-04
-7.193291e-05
1.271130e-05
1.827317e-05
-2.257716e-05
-5.781866e-05
-8.480507e-05
-8.457671e-05
-5.623319e-05
-2.162842e-05
1.490382e-05
1.140242e-05
-4.314677e-05
-6.949542e-05
-1.526574e-05
5.956429e-05
8.725207e-05
2.806269e-05
-5.248778e-06
3.314505e-05
3.864527e-05
6.606817e-06
-1.157853e-05
-8.351886e-06
-2.850996e-05
-3.181161e-05
2.195644e-05
7.470331e-05
5.243219e-05
-2.130297e-06
1.373190e-05
4.235906e-05
1.716610e-05
-2.384992e-05
-7.684671e-05
-7.300399e-05
-9.946210e-06
2.931215e-05
4.844298e-05
4.808908e-05
-3.449925e-06
1.877863e-06
9.008652e-05
6.376602e-05
-1.070343e-05
-3.345914e-05
-3.239402e-05
-1.352289e-05
-4.370149e-05
-5.107596e-05
4.153428e-05
1.195790e-04
8.026034e-05
-3.809147e-05
-5.252937e-05
2.591388e-05
5.854872e-05
1.530699e-05
-3.232118e-05
-5.001549e-05
1.209107e-05
8.080677e-05
6.561583e-05
8.730908e-06
-1.416890e-05
-2.626185e-05
-1.129721e-05
1.962530e-05
-2.057015e-05
-7.606657e-05
-1.178269e-05
6.311450e-05
7.161100e-05
6.094824e-05
7.925396e-06
-5.028209e-05
-5.043008e-05
-5.433450e-05
-5.570987e-05
1.634416e-05
8.595710e-05
6.129022e-05
4.091121e-06
2.710275e-05
5.185994e-05
-1.245941e-05
-5.920108e-05
-3.993132e-05
-1.114484e-05
2.395588e-05
-1.493737e-06
-3.270676e-05
-2.096342e-05
-6.149348e-06
8.412253e-06
7.024113e-05
1.001727e-04
8.344989e-06
-1.444622e-04
-1.757708e-04
-5.776823e-05
1.693873e-05
4.031660e-06
1.562071e-06
1.993581e-05
-9.362470e-06
-8.458035e-05
-6.407038e-05
-3.151671e-05
-2.296728e-05
-1.437336e-05
1.724124e-05
1.155542e-05
2.087714e-05
5.650351e-05
2.689636e-05
-6.862866e-05
-8.818382e-05
-4.727380e-05
-5.675974e-07
-3.523077e-06
-3.194453e-05
-5.410780e-05
-3.259159e-05
3.919298e-05
5.458079e-05
3.845084e-05
3.393117e-05
1.376803e-05
-1.025777e-05
3.147924e-05
1.095336e-04
1.082220e-04
1.384684e-05
-2.064339e-05
2.366828e-06
-1.186179e-05
-2.602974e-05
-1.322007e-06
-1.436907e-05
-1.143135e-04
-1.540746e-04
-6.235727e-05
3.824761e-05
3.443977e-05
4.076711e-06
-2.049197e-05
-1.687527e-05
2.182556e-05
5.133412e-05
3.532261e-05
-4.883637e-05
-1.240501e-04
-6.632350e-05
4.861730e-05
7.679501e-05
6.656183e-05
8.301429e-05
1.080262e-04
5.430515e-05
-1.985385e-06
1.139209e-05
3.811246e-05
6.072361e-05
7.411641e-05
4.050296e-05
3.247462e-06
-2.328964e-06
2.804196e-06
4.564684e-05
7.750246e-05
3.742694e-05
3.190398e-06
2.721323e-05
2.478269e-05
-2.877319e-05
-1.532639e-05
6.039442e-05
5.038772e-05
1.853133e-05
-1.435688e-05
-6.554953e-05
-6.161039e-05
3.485347e-05
5.448557e-05
-6.535747e-06
-3.249450e-05
-7.965353e-06
1.567420e-05
-7.009199e-07
-7.115492e-06
-1.060283e-05
-2.176971e-05
1.460121e-05
2.616472e-05
-4.655693e-06
9.910689e-06
3.119074e-05
-7.275494e-06
-1.180171e-05
2.241843e-05
6.614566e-05
6.510349e-05
4.162177e-05
2.001073e-05
1.118316e-05
3.242943e-05
1.530510e-05
-2.723509e-05
-1.310980e-05
2.964531e-05
7.315323e-05
5.026795e-05
-9.792693e-06
-3.048803e-05
-2.893916e-06
3.615221e-05
2.961995e-05
2.042341e-07
4.185323e-06
-1.920569e-05
-9.441499e-05
-5.891389e-05
5.355310e-05
7.393274e-05
4.202070e-05
3.913143e-05
6.465361e-05
6.190263e-05
2.224916e-05
4.456307e-05
8.486432e-05
4.912146e-05
1.055362e-06
2.362961e-05
8.310680e-05
9.926732e-05
4.877498e-05
4.788527e-05
2.849445e-05
-4.242581e-05
-8.243537e-06
6.571068e-05
8.931330e-05
6.523602e-05
4.759218e-05
2.813878e-05
-8.107293e-06
7.292754e-06
7.829262e-05
1.188425e-04
1.195348e-04
9.519620e-05
4.129731e-05
9.429593e-06
3.057508e-05
4.769335e-05
4.676981e-05
6.615709e-05
8.795209e-05
5.082092e-05
-5.817169e-06
-6.184762e-06
2.340692e-05
2.430752e-05
3.790524e-07
-2.130174e-05
1.544426e-05
5.082225e-05
5.933801e-05
6.670190e-05
4.315341e-05
1.248251e-05
6.907760e-05
8.692866e-05
3.379912e-05
2.923155e-05
5.043452e-05
3.917688e-05
1.624826e-05
2.758227e-05
4.777788e-05
7.451734e-05
9.337707e-05
3.948068e-05
-3.790782e-05
-5.040990e-05
-2.256007e-05
-3.959966e-06
-3.412876e-05
-1.810473e-05
5.499950e-05
9.493235e-05
6.927641e-05
4.651022e-05
5.170792e-05
5.426397e-05
3.343054e-05
2.878561e-05
7.006361e-05
9.238187e-05
7.435782e-05
2.763639e-05
8.080470e-06
1.441749e-05
-9.369178e-06
-9.243790e-05
-3.277457e-05
1.000653e-04
1.068757e-04
1.870354e-05
-2.235846e-05
1.453846e-06
2.500430e-05
3.699933e-05
7.456719e-05
8.304781e-05
4.232784e-05
-3.585667e-05
-5.416870e-05
2.757340e-05
6.422668e-05
5.751639e-05
3.683577e-05
5.774917e-05
5.271789e-05
4.910909e-06
4.215145e-05
7.161421e-05
2.120415e-05
2.665475e-05
7.962925e-05
2.366591e-05
-5.064642e-05
2.152115e-05
8.240149e-05
3.335573e-05
6.198265e-06
1.853543e-05
3.306628e-06
2.339361e-05
9.718621e-05
1.014073e-04
2.513006e-05
-1.777536e-05
-9.418105e-06
1.365035e-05
2.546633e-05
2.584159e-05
6.055292e-05
7.423773e-05
4.181954e-05
4.889737e-05
4.708989e-05
-2.533651e-05
-6.562549e-05
8.947264e-06
6.629162e-05
6.475761e-05
6.213904e-05
6.145939e-05
2.153296e-05
-1.524722e-05
4.422906e-05
1.000987e-04
6.443082e-05
2.482663e-05
3.814759e-05
3.601088e-05
3.943331e-05
1.148351e-04
1.488912e-04
7.354087e-05
3.124766e-05
7.427156e-05
8.382236e-05
5.608527e-05
4.774400e-05
9.296905e-05
1.404629e-04
8.694835e-05
-1.131572e-05
-5.528359e-05
-9.684955e-06
7.388951e-05
1.099955e-04
6.030397e-05
3.637422e-07
2.228322e-05
8.367819e-05
8.433652e-05
6.108662e-05
5.745314e-05
5.066735e-05
3.285929e-05
9.763413e-06
-8.949696e-06
3.345559e-05
7.022500e-05
5.046863e-05
2.187232e-05
4.122492e-05
8.257903e-05
1.003891e-04
7.741640e-05
6.209172e-05
6.375047e-05
4.506761e-05
2.411279e-05
5.838508e-05
1.046925e-04
9.603184e-05
3.476097e-05
-6.000808e-05
-7.897591e-05
8.224786e-07
6.326462e-05
7.817750e-05
2.857517e-05
-8.275168e-06
1.302680e-05
5.441760e-05
6.478011e-05
6.060767e-05
8.602404e-05
1.061468e-04
4.650659e-05
-1.360226e-05
4.053507e-05
1.096809e-04
1.101176e-04
6.270840e-05
7.394549e-06
2.185428e-05
3.508859e-05
1.062220e-05
1.315121e-05
1.081905e-04
1.238588e-04
2.815148e-05
2.685718e-05
8.029986e-05
7.231710e-05
3.842168e-05
6.943086e-05
3.186448e-05
-3.264315e-05
2.042700e-05
5.330916e-05
1.507749e-05
4.324509e-05
1.388728e-04
1.429642e-04
7.903012e-05
5.513466e-05
8.041188e-05
1.028082e-04
9.552432e-05
1.093895e-04
1.359733e-04
1.411956e-04
8.554265e-05
7.227332e-06
1.075326e-05
5.338263e-05
9.210691e-05
8.453939e-05
8.010240e-05
9.855099e-05
1.029281e-04
1.013921e-04
8.148245e-05
7.068732e-05
6.994456e-05
4.800807e-05
3.143178e-05
7.350779e-05
1.068468e-04
6.597243e-05
4.782595e-05
9.559792e-05
8.088051e-05
-1.502835e-05
-5.827169e-05
1.908915e-05
8.026577e-05
8.372304e-05
7.247715e-05
3.438069e-05
-2.460478e-06
3.396793e-05
8.955252e-05
1.136935e-04
9.532860e-05
4.549572e-05
-3.039124e-05
-8.133753e-05
-6.122700e-05
1.416248e-05
4.500573e-05
5.944929e-05
8.477192e-05
1.016049e-04
9.566460e-05
9.914114e-05
3.593461e-05
-9.731884e-05
-1.316952e-04
-9.419069e-05
6.696991e-06
3.744293e-05
3.884402e-05
7.776203e-06
-4.606103e-05
-4.166305e-05
1.620743e-05
3.551424e-05
3.158787e-06
2.815263e-05
9.521756e-05
1.566169e-04
1.135927e-04
-4.918794e-06
-5.393189e-06
5.587979e-05
1.031710e-04
1.060046e-04
9.768922e-05
1.043755e-04
1.332792e-04
1.084400e-04
1.764837e-05
3.422419e-06
6.353437e-05
4.635680e-05
1.916948e-05
6.717911e-05
1.226846e-04
1.088602e-04
2.213212e-05
-6.213659e-05
-3.300393e-06
1.350075e-04
1.946460e-04
1.404317e-04
6.219303e-05
5.358451e-05
8.227682e-05
4.558421e-05
9.053927e-06
2.625189e-05
4.616698e-05
2.901987e-05
4.342368e-05
7.983544e-05
6.347284e-05
4.753777e-05
4.254609e-05
3.031391e-05
1.149418e-05
3.002172e-05
3.362326e-05
3.002321e-05
3.512298e-05
5.611454e-05
1.338274e-04
1.675970e-04
9.682340e-05
3.899057e-05
3.585848e-05
2.596603e-05
4.966286e-05
1.006045e-04
7.951759e-05
3.954766e-05
6.217646e-05
8.728341e-05
4.892521e-05
-8.124674e-06
1.273336e-05
4.832043e-05
3.292265e-05
4.674154e-05
8.533217e-05
5.581047e-05
1.075562e-05
-9.647599e-06
1.447840e-05
6.988767e-05
6.702154e-05
6.354211e-05
7.457643e-05
8.016364e-05
8.600952e-05
8.275890e-05
4.402651e-05
1.047928e-05
4.927035e-05
6.832263e-05
3.863400e-05
3.247289e-05
2.901182e-05
2.849436e-07
3.156870e-05
7.620332e-05
7.049867e-05
1.076047e-04
1.120028e-04
1.809140e-05
4.027725e-05
1.572361e-04
1.437310e-04
3.921424e-05
2.988622e-05
1.026795e-04
1.257071e-04
8.369968e-05
3.863070e-05
6.303546e-05
7.036014e-05
6.897469e-05
5.922076e-05
6.117084e-05
1.043263e-04
1.095420e-04
5.611697e-05
-2.002709e-05
-4.058175e-05
-4.332602e-06
5.472133e-05
1.260864e-04
1.288398e-04
6.617094e-05
8.187901e-06
-6.902208e-06
5.667373e-05
7.606169e-05
5.884946e-05
3.105927e-05
1.468924e-05
2.235412e-05
4.292980e-05
3.792749e-05
-1.816999e-07
2.012571e-05
5.835019e-05
4.016724e-05
1.733502e-05
3.389350e-05
6.592723e-05
7.864798e-05
1.173752e-04
1.777812e-04
1.503878e-04
6.518709e-05
7.063520e-05
1.799555e-04
1.802858e-04
4.491072e-05
-2.655251e-07
8.003898e-05
1.131990e-04
1.073244e-04
9.849541e-05
6.787951e-05
5.521682e-05
3.821673e-05
1.317928e-05
-1.015949e-05
-3.169050e-05
-3.221723e-05
5.257618e-05
1.138890e-04
1.163565e-04
9.262993e-05
-2.459881e-06
-3.517033e-05
5.940869e-07
6.156262e-05
9.127693e-05
9.380497e-05
9.132979e-05
5.211258e-05
4.667563e-07
2.259305e-05
6.043658e-05
4.057372e-05
3.448992e-05
7.368713e-05
9.457488e-05
6.114698e-05
2.178718e-05
1.990687e-05
3.881773e-06
2.600409e-05
7.434139e-05
7.769580e-05
6.026341e-05
5.795234e-05
2.469918e-05
-9.038180e-06
4.965940e-06
2.470809e-05
4.484923e-05
7.521825e-05
7.646575e-05
5.966093e-05
5.492786e-05
3.659959e-05
4.096772e-05
7.584746e-05
7.712460e-05
5.548963e-05
5.811760e-05
6.093972e-05
4.396210e-05
1.544994e-05
4.687408e-05
1.117148e-04
1.681300e-04
1.398413e-04
4.899696e-05
6.376875e-05
1.015100e-04
9.577339e-05
1.273464e-04
1.222763e-04
5.591944e-05
4.860021e-05
8.659938e-05
9.468327e-05
1.141592e-04
1.041889e-04
6.584394e-05
6.802372e-05
1.301757e-04
1.332608e-04
5.816203e-05
1.927294e-05
2.603789e-05
2.977799e-05
2.457200e-05
4.446718e-05
8.349612e-05
7.751138e-05
3.731278e-05
5.542453e-05
1.030525e-04
8.149696e-05
3.212379e-05
3.011406e-05
1.195532e-04
1.553534e-04
7.410156e-05
1.238835e-05
6.154729e-05
9.194573e-05
3.120527e-05
-2.102394e-05
2.265118e-05
1.075428e-04
1.189732e-04
5.197992e-05
5.031500e-05
1.242917e-04
1.442265e-04
1.271189e-04
1.445100e-04
1.250244e-04
4.251458e-05
2.412896e-05
6.055661e-05
3.148492e-05
3.439508e-05
6.510513e-05
3.183823e-05
-4.269251e-06
2.797641e-05
5.989158e-05
5.203406e-05
7.884021e-05
7.166036e-05
-6.260855e-05
-9.968230e-05
4.590033e-05
1.296305e-04
1.023241e-04
1.023799e-04
1.070953e-04
1.027691e-04
8.370142e-05
3.880645e-05
1.524864e-05
7.196987e-05
1.743823e-04
1.876791e-04
1.093496e-04
4.780179e-05
7.512572e-05
8.536310e-05
7.412617e-05
4.457686e-05
8.224420e-06
1.176860e-05
6.951553e-05
8.724288e-05
6.097126e-05
6.964963e-05
1.108110e-04
1.541164e-04
1.468943e-04
9.274994e-05
7.239149e-05
9.277754e-05
8.376636e-05
9.681651e-05
9.629495e-05
6.712732e-05
7.927641e-05
5.778643e-05
5.337255e-05
9.134984e-05
5.729373e-05
-3.881053e-05
-4.289717e-05
3.185760e-05
8.058780e-05
8.141918e-05
5.200010e-05
-2.553394e-05
-4.140105e-05
5.173912e-05
1.088326e-04
1.026382e-04
9.454703e-05
9.979527e-05
8.574099e-05
4.680580e-05
2.973589e-05
5.029943e-05
6.963635e-05
6.383469e-05
7.139156e-05
8.803884e-05
6.663867e-05
7.773509e-06
5.081016e-05
1.072352e-04
8.472997e-05
5.235693e-05
1.083400e-04
1.904218e-04
1.743462e-04
1.064678e-04
7.881326e-05
1.117357e-04
1.741139e-04
1.699625e-04
9.097621e-05
7.494582e-05
1.017851e-04
9.092773e-05
4.689050e-05
4.068052e-05
8.307249e-05
1.238292e-04
1.245272e-04
8.085507e-05
5.734810e-05
6.312498e-05
1.078433e-04
1.233837e-04
6.773260e-05
4.410493e-05
6.542188e-05
7.580357e-05
7.628232e-05
4.798894e-05
2.615294e-05
6.358986e-05
1.407637e-04
1.579934e-04
1.154343e-04
9.166068e-05
9.800428e-05
1.063508e-04
9.160281e-05
5.173470e-05
2.471691e-05
4.233117e-05
1.218038e-04
1.858376e-04
1.407389e-04
4.312101e-05
-3.947520e-06
4.493849e-05
3.151746e-05
-2.902495e-05
-8.059564e-06
5.361676e-05
1.203965e-04
1.334858e-04
5.151803e-05
-2.161219e-05
1.349156e-06
5.110150e-05
3.293237e-05
2.908834e-06
-3.862320e-06
4.164076e-05
9.856621e-05
9.342933e-05
4.903367e-05
4.791557e-05
8.980159e-05
9.791395e-05
7.032667e-05
4.658843e-05
5.068462e-05
1.087059e-04
1.192890e-04
1.013275e-04
1.205101e-04
1.398770e-04
8.768290e-05
4.585569e-05
8.257093e-05
1.043801e-04
1.228711e-04
1.323862e-04
1.387011e-04
1.332362e-04
1.161897e-04
1.022326e-04
1.223649e-04
1.028658e-04
6.860480e-05
8.634062e-05
9.624076e-05
7.171232e-05
4.606999e-05
6.465151e-05
1.465048e-04
1.509009e-04
9.008242e-05
2.720654e-05
2.010168e-05
7.454219e-05
8.812109e-05
8.997221e-05
1.428386e-04
1.414588e-04
6.979194e-05
5.364667e-05
7.844717e-05
4.417700e-05
6.887394e-07
3.667905e-05
9.966474e-05
1.014024e-04
5.521849e-05
3.354533e-05
5.519877e-05
9.086702e-05
1.068075e-04
1.246423e-04
1.411134e-04
1.084373e-04
7.032127e-05
6.607019e-05
7.071428e-05
1.076665e-04
1.406292e-04
1.285576e-04
1.104285e-04
7.308696e-05
1.868236e-05
2.238321e-05
6.390296e-05
8.283174e-05
5.603195e-05
5.336964e-05
9.398724e-05
1.124615e-04
8.958948e-05
8.144272e-05
1.221668e-04
1.472667e-04
1.414003e-04
9.897082e-05
7.984616e-05
1.003767e-04
4.073647e-05
-3.975570e-05
5.015880e-05
1.712836e-04
1.782749e-04
1.039092e-04
4.114032e-05
5.339691e-05
1.146033e-04
1.307354e-04
9.121648e-05
9.026721e-05
9.337408e-05
6.187589e-05
5.136847e-05
7.374092e-05
1.121287e-04
1.437277e-04
1.104637e-04
1.091833e-04
1.043266e-04
5.784665e-05
7.869646e-05
9.780401e-05
5.986914e-05
3.701941e-05
7.678772e-05
1.199934e-04
8.300265e-05
4.133461e-05
3.746218e-05
5.647331e-05
9.452775e-05
1.352059e-04
1.400818e-04
6.293517e-05
-1.814880e-05
-1.478751e-05
6.826698e-05
1.260704e-04
8.593184e-05
4.113165e-05
3.196601e-05
5.416804e-05
1.291432e-04
2.019418e-04
1.810626e-04
1.178940e-04
9.585985e-05
1.213507e-04
1.534229e-04
1.391792e-04
6.600598e-05
-3.036964e-05
-4.517467e-05
1.464150e-05
8.743211e-05
1.127065e-04
1.253088e-04
1.599766e-04
1.629695e-04
1.252383e-04
1.013307e-04
1.064622e-04
1.292979e-04
1.417412e-04
1.233437e-04
1.309642e-04
1.457205e-04
9.131818e-05
4.560769e-05
8.373844e-05
6.584346e-05
-5.444054e-06
2.951993e-05
8.711302e-05
5.702136e-05
2.624957e-05
5.499429e-05
8.239058e-05
1.205834e-04
1.325154e-04
8.263658e-05
5.793968e-05
5.688442e-05
6.246414e-05
1.167749e-04
1.324509e-04
1.122771e-04
1.046774e-04
1.141818e-04
1.221433e-04
8.571434e-05
1.127577e-05
-9.762099e-06
3.006123e-05
8.219867e-05
1.302956e-04
1.535429e-04
1.619154e-04
8.528273e-05
-4.590120e-05
-6.492790e-05
3.405483e-05
1.119027e-04
1.208559e-04
1.119059e-04
1.108131e-04
9.910433e-05
8.182820e-05
7.834279e-05
6.596312e-05
7.164012e-05
7.046271e-05
1.898616e-05
-1.555359e-06
1.694092e-05
2.563798e-05
3.956006e-05
3.337284e-05
2.068032e-05
5.037272e-05
6.441522e-05
6.354982e-05
1.211377e-04
1.401468e-04
8.543293e-05
2.496133e-05
4.110711e-05
8.206941e-05
1.067129e-04
1.378267e-04
1.116735e-04
7.232417e-05
1.063416e-04
1.678428e-04
1.759477e-04
1.315353e-04
7.381954e-05
4.323180e-05
8.040393e-05
1.017427e-04
1.050389e-04
1.193361e-04
8.203205e-05
4.673903e-05
6.036066e-05
9.736774e-05
1.290614e-04
1.664823e-04
1.976455e-04
1.812110e-04
1.286720e-04
1.237153e-04
1.080293e-04
1.043194e-04
1.386953e-04
9.826409e-05
3.699056e-05
8.843447e-05
1.842792e-04
2.201949e-04
1.956124e-04
1.797169e-04
1.507982e-04
7.777993e-05
2.843324e-05
4.864787e-05
8.972497e-05
7.006157e-05
8.314514e-05
1.109934e-04
1.190272e-04
1.371416e-04
1.390872e-04
8.350367e-05
4.116617e-05
5.828395e-05
1.201237e-04
1.704037e-04
1.661983e-04
1.480767e-04
1.485555e-04
1.145552e-04
7.891509e-05
9.542621e-05
1.199881e-04
1.234210e-04
1.122152e-04
9.498122e-05
1.147343e-04
1.566829e-04
1.250351e-04
7.524110e-05
1.762037e-05
-3.006065e-05
-3.432654e-05
2.042156e-05
8.933302e-05
1.436152e-04
1.466649e-04
1.086487e-04
2.916708e-05
-2.522362e-05
3.456358e-05
1.143105e-04
1.262120e-04
9.697691e-05
9.776430e-05
1.369982e-04
1.209198e-04
8.673682e-05
9.654705e-05
9.547987e-05
1.001436e-04
1.576549e-04
1.712477e-04
1.107888e-04
9.191623e-05
1.552900e-04
1.612606e-04
8.485731e-05
4.779491e-05
6.712587e-05
7.154503e-05
6.667563e-05
1.294064e-04
1.723307e-04
1.709837e-04
1.382750e-04
2.135711e-05
-2.691572e-05
1.056692e-04
1.709088e-04
1.118786e-04
7.441437e-05
7.546495e-05
1.083647e-04
1.339959e-04
1.093769e-04
2.944780e-05
-2.732157e-06
7.462169e-05
1.101719e-04
8.694556e-05
1.137051e-04
1.581332e-04
1.452463e-04
9.805524e-05
6.106577e-05
8.684514e-05
1.284386e-04
1.042486e-04
8.200953e-05
9.316001e-05
1.056987e-04
3.523431e-05
-4.939777e-05
3.156600e-05
2.044964e-04
2.165073e-04
1.121136e-04
1.113364e-04
1.458750e-04
7.879691e-05
-2.036959e-06
1.390835e-05
7.849512e-05
9.581250e-05
1.021977e-04
1.185605e-04
1.421191e-04
1.404140e-04
8.908153e-05
6.911238e-05
7.724636e-05
8.255734e-05
1.560010e-04
2.280891e-04
1.755842e-04
1.130863e-04
9.372786e-05
9.141807e-05
1.066993e-04
9.906879e-05
1.002312e-04
1.576812e-04
1.763009e-04
1.314865e-04
1.099251e-04
1.527809e-04
1.833753e-04
1.235320e-04
6.265248e-05
4.940927e-05
9.583206e-05
1.069176e-04
8.293148e-05
1.204161e-04
1.773999e-04
1.567766e-04
9.840564e-05
1.166896e-04
1.431865e-04
1.082842e-04
8.458106e-05
8.802856e-05
1.079179e-04
1.025037e-04
1.022719e-04
1.475824e-04
1.385346e-04
5.446731e-05
-2.605886e-05
1.647595e-05
1.412949e-04
1.413750e-04
6.203489e-05
-2.197241e-06
6.969062e-06
2.796983e-05
6.016396e-05
1.057317e-04
1.341571e-04
1.386526e-04
7.447522e-05
-2.399354e-05
8.563654e-08
1.175265e-04
1.470424e-04
7.511657e-05
2.939358e-05
3.543733e-05
1.027742e-04
1.033859e-04
6.027053e-05
3.115023e-05
4.129186e-05
1.016892e-04
1.112672e-04
6.999116e-05
8.715851e-05
1.462312e-04
1.296958e-04
7.654784e-05
7.114092e-05
7.133748e-05
5.516637e-05
1.082854e-04
1.630190e-04
1.363717e-04
8.128760e-05
2.447974e-05
-3.393110e-05
-1.501731e-05
9.341813e-05
1.899545e-04
1.819477e-04
1.361359e-04
9.719754e-05
1.048261e-04
1.236290e-04
1.272847e-04
1.284532e-04
1.118096e-04
7.058121e-05
5.046787e-05
8.965936e-05
1.505089e-04
1.469168e-04
1.059866e-04
8.634910e-05
1.049648e-04
1.097153e-04
1.131627e-04
1.290685e-04
8.983754e-05
5.757093e-05
7.799103e-05
9.566357e-05
7.029638e-05
8.653642e-05
1.644138e-04
1.745974e-04
9.518615e-05
2.630302e-05
3.005743e-05
1.175088e-04
1.764739e-04
1.207357e-04
3.278051e-05
1.102830e-05
5.950422e-05
1.446480e-04
1.487087e-04
7.375646e-05
4.982139e-05
1.126944e-04
1.009443e-04
8.235917e-05
7.140629e-05
6.057412e-05
7.543239e-05
1.071577e-04
1.301831e-04
1.487088e-04
1.411049e-04
8.760530e-05
9.052766e-05
1.297669e-04
1.091037e-04
9.032131e-05
1.128941e-04
1.347423e-04
7.415909e-05
3.597891e-05
9.485820e-05
1.329709e-04
1.084418e-04
1.031860e-04
1.615014e-04
1.669984e-04
1.084804e-04
8.575067e-05
9.374760e-05
1.030501e-04
7.811560e-05
5.349842e-05
7.500280e-05
1.249955e-04
1.223985e-04
4.053150e-05
-2.484600e-06
7.575385e-05
1.511984e-04
1.650422e-04
1.557569e-04
1.630054e-04
1.352679e-04
6.134367e-05
4.559888e-07
1.974011e-05
1.026344e-04
1.545202e-04
1.439053e-04
1.155624e-04
1.539607e-04
1.874781e-04
1.586650e-04
7.301668e-05
-2.036668e-05
1.894357e-05
1.336365e-04
1.746002e-04
1.662508e-04
1.257318e-04
8.546318e-05
7.216612e-05
9.667440e-05
1.523042e-04
1.148020e-04
7.659607e-05
8.019285e-05
6.737913e-05
4.650181e-05
2.532780e-05
8.074254e-05
1.171155e-04
1.060284e-04
9.934798e-05
6.043508e-05
1.665468e-05
3.171342e-05
4.939079e-05
2.998795e-05
8.009254e-05
1.307190e-04
1.339564e-04
1.291244e-04
1.267994e-04
1.092431e-04
9.339280e-05
1.143230e-04
1.175933e-04
8.201427e-05
5.897426e-05
6.196475e-05
8.225323e-05
9.883578e-05
9.746862e-05
1.110155e-04
1.224042e-04
1.317741e-04
1.559409e-04
1.260004e-04
1.003895e-05
-4.864528e-05
-5.847353e-06
9.348119e-05
1.226672e-04
9.823912e-05
1.089734e-04
1.222073e-04
1.249979e-04
1.636303e-04
2.036069e-04
1.469966e-04
7.050202e-05
7.040299e-05
1.138371e-04
1.312766e-04
1.329959e-04
1.468787e-04
1.293493e-04
6.946733e-05
6.563945e-05
4.358744e-05
-3.845676e-06
6.974171e-05
1.210294e-04
8.258220e-05
7.460973e-05
1.306735e-04
1.503414e-04
1.109755e-04
1.164019e-04
1.256431e-04
5.279700e-05
-3.465434e-05
1.205086e-06
1.373579e-04
2.156815e-04
1.789948e-04
1.324438e-04
1.366214e-04
1.840754e-04
1.646794e-04
1.163345e-04
9.462056e-05
7.441030e-05
5.201460e-05
1.249695e-04
2.258182e-04
2.161195e-04
1.109355e-04
7.842009e-06
2.169804e-05
1.354704e-04
1.891065e-04
1.512770e-04
1.589282e-04
1.405846e-04
9.233547e-05
1.278732e-04
1.528379e-04
1.234714e-04
7.407063e-05
5.361287e-05
8.503420e-05
1.326538e-04
1.035465e-04
1.454489e-05
3.476152e-05
1.753980e-04
2.197394e-04
1.134641e-04
4.315862e-05
8.435694e-05
1.716655e-04
2.045850e-04
1.799317e-04
1.435069e-04
1.247448e-04
1.052453e-04
1.101210e-04
1.695544e-04
1.830676e-04
1.260497e-04
1.082526e-04
1.491742e-04
1.321365e-04
9.136241e-05
1.231420e-04
1.708265e-04
1.593523e-04
1.016216e-04
3.763473e-05
2.555993e-05
7.051111e-05
1.293067e-04
1.007232e-04
5.909826e-05
9.022075e-05
1.512765e-04
1.668997e-04
1.652981e-04
1.532960e-04
1.187413e-04
4.329711e-05
6.195631e-06
7.914987e-05
1.408523e-04
1.492219e-04
1.202626e-04
4.302239e-05
-7.593042e-06
4.976698e-05
1.080516e-04
1.052896e-04
1.102476e-04
1.283995e-04
1.506166e-04
1.629715e-04
1.450762e-04
1.470520e-04
1.521022e-04
1.134949e-04
8.693313e-05
1.061192e-04
1.850657e-04
2.209096e-04
1.688721e-04
1.261466e-04
1.010422e-04
9.081125e-05
1.525320e-04
2.094363e-04
1.499450e-04
7.370088e-05
8.002317e-05
1.066660e-04
6.848787e-05
4.385843e-05
9.845977e-05
1.391857e-04
1.256209e-04
1.001070e-04
7.921993e-05
4.902584e-05
7.079238e-05
1.005827e-04
8.414212e-05
9.936492e-05
1.470999e-04
1.450320e-04
1.492184e-04
1.878724e-04
1.657971e-04
7.743975e-05
6.516747e-05
1.094582e-04
5.293635e-05
6.333485e-06
7.508513e-05
1.778741e-04
1.938423e-04
1.432973e-04
1.205247e-04
1.441373e-04
1.696526e-04
1.550025e-04
1.295167e-04
9.424057e-05
8.042736e-05
1.191995e-04
1.173512e-04
1.129446e-04
1.300438e-04
1.563219e-04
1.518280e-04
9.447184e-05
8.222204e-05
1.177070e-04
1.027945e-04
7.807584e-05
1.276201e-04
1.667764e-04
1.759355e-04
1.631348e-04
1.254683e-04
9.490541e-05
1.381610e-04
1.363164e-04
8.183959e-05
7.924465e-05
1.193040e-04
1.195032e-04
9.738138e-05
1.205934e-04
1.384797e-04
9.699090e-05
6.119972e-05
1.205195e-04
1.456995e-04
7.281342e-05
3.961354e-05
6.056425e-05
1.104745e-04
1.561510e-04
1.295707e-04
1.131255e-04
1.558836e-04
1.411628e-04
6.429160e-05
3.838339e-05
9.934099e-05
1.464348e-04
1.414543e-04
1.074692e-04
9.058023e-05
1.482130e-04
1.956574e-04
1.560096e-04
1.051658e-04
7.072483e-05
1.356139e-04
1.924012e-04
1.408689e-04
9.785471e-05
7.645132e-05
6.797126e-05
8.760912e-05
1.111616e-04
9.133964e-05
4.868268e-05
3.967957e-05
1.000617e-04
1.664668e-04
1.696525e-04
7.707934e-05
-2.229878e-06
6.108512e-05
1.977332e-04
1.987626e-04
1.179754e-04
9.041284e-05
7.769437e-05
8.425625e-05
1.342135e-04
1.713709e-04
1.564736e-04
1.326285e-04
1.073599e-04
8.756757e-05
1.143431e-04
1.035885e-04
5.799200e-06
4.150623e-05
1.901525e-04
2.161333e-04
1.533306e-04
1.229765e-04
1.112046e-04
1.005938e-04
1.233788e-04
1.366791e-04
1.012688e-04
7.084536e-05
1.011068e-04
8.415797e-05
6.429117e-05
1.472756e-04
1.766855e-04
1.625097e-04
1.270581e-04
5.923451e-05
8.198112e-05
1.416198e-04
1.259849e-04
9.714267e-05
9.325165e-05
1.328362e-04
1.685270e-04
1.707106e-04
1.713688e-04
1.345549e-04
7.862519e-05
7.142954e-05
1.284566e-04
2.050553e-04
2.408767e-04
2.034014e-04
1.431849e-04
9.557596e-05
8.125836e-05
1.040654e-04
1.001043e-04
1.214846e-04
1.270853e-04
1.112728e-04
4.658740e-05
6.927255e-06
8.601427e-05
1.649386e-04
1.616187e-04
9.886084e-05
8.224219e-05
8.949749e-05
5.855874e-05
4.116379e-05
3.821334e-05
3.916545e-05
4.743454e-05
1.011945e-04
1.715393e-04
2.083027e-04
1.730411e-04
1.316735e-04
9.095596e-05
6.616390e-05
1.218237e-04
1.515578e-04
1.183888e-04
1.394150e-04
1.585169e-04
8.242865e-05
3.567098e-05
1.147243e-04
2.023878e-04
1.803857e-04
8.103753e-05
4.221092e-05
7.035054e-05
7.559812e-05
8.924162e-05
1.002900e-04
1.202712e-04
1.361319e-04
1.387079e-04
1.342887e-04
1.164597e-04
1.043590e-04
1.183452e-04
1.101410e-04
1.133125e-04
1.898877e-04
2.232653e-04
1.488429e-04
1.099297e-04
1.476887e-04
1.381294e-04
1.065960e-04
1.178054e-04
1.020313e-04
6.843770e-05
9.292696e-05
9.912780e-05
4.246452e-05
-2.166427e-05
1.407583e-05
1.085948e-04
1.519117e-04
1.457228e-04
1.012680e-04
3.679195e-05
2.461867e-05
3.584952e-05
2.875629e-05
9.678642e-05
2.263234e-04
2.649477e-04
1.978523e-04
1.332348e-04
1.346239e-04
1.525019e-04
9.039095e-05
-2.493427e-05
-5.483933e-06
1.145224e-04
1.262430e-04
7.563210e-05
2.828886e-05
1.819306e-05
7.499845e-05
1.043131e-04
1.214714e-04
1.552271e-04
1.718717e-04
1.317136e-04
1.097742e-04
1.522050e-04
1.640995e-04
1.242227e-04
5.869065e-05
5.366755e-05
1.385209e-04
2.036563e-04
1.831822e-04
6.247905e-05
5.555152e-06
5.897449e-05
1.317310e-04
1.741840e-04
1.436583e-04
2.690845e-05
-9.183573e-06
8.640277e-05
1.491531e-04
1.460074e-04
1.308586e-04
1.146294e-04
1.069301e-04
1.219259e-04
1.001296e-04
8.025742e-05
1.372666e-04
1.717667e-04
1.542416e-04
1.322717e-04
1.513764e-04
1.338417e-04
1.039365e-04
1.218512e-04
1.184372e-04
8.157717e-05
1.022235e-04
1.618166e-04
1.307535e-04
5.247446e-05
3.152585e-05
4.122616e-05
6.131878e-05
6.859390e-05
8.606128e-05
1.402609e-04
1.717009e-04
1.480186e-04
1.485782e-04
1.776288e-04
1.446286e-04
5.040497e-05
5.654545e-06
7.588660e-05
1.588310e-04
2.214991e-04
2.124300e-04
9.334983e-05
2.705295e-05
1.077820e-04
2.344015e-04
2.685141e-04
1.651400e-04
8.692902e-05
1.050912e-04
1.387739e-04
1.670478e-04
1.626049e-04
6.991379e-05
-7.209432e-06
3.020218e-05
9.791689e-05
1.358548e-04
1.088828e-04
6.077232e-05
7.527249e-05
1.349630e-04
2.132722e-04
2.095649e-04
1.393900e-04
8.855791e-05
7.312808e-05
1.069014e-04
1.979081e-04
1.718388e-04
8.199766e-05
1.093646e-04
1.495414e-04
1.391305e-04
1.796018e-04
2.130540e-04
1.935357e-04
1.890442e-04
1.299159e-04
4.332958e-05
8.416836e-05
1.426820e-04
1.266913e-04
9.937630e-05
1.278400e-04
1.538520e-04
1.498371e-04
1.470066e-04
5.287066e-05
-3.882706e-05
1.431069e-05
9.796417e-05
1.354512e-04
1.221684e-04
9.798049e-05
1.119576e-04
1.375397e-04
1.652619e-04
1.578250e-04
7.766883e-05
4.650212e-05
1.219218e-04
1.494236e-04
9.270698e-05
7.898136e-05
8.071391e-05
1.070719e-04
1.559599e-04
1.548581e-04
1.383782e-04
1.340864e-04
1.167260e-04
1.004243e-04
1.242375e-04
1.389880e-04
1.121604e-04
1.098537e-04
1.894828e-04
2.290497e-04
1.551453e-04
9.194661e-05
1.054431e-04
1.354377e-04
1.773816e-04
1.982335e-04
1.232626e-04
3.331631e-05
-7.498693e-07
3.697634e-05
6.940208e-05
1.209401e-04
2.086170e-04
2.225939e-04
1.788117e-04
1.568121e-04
1.863134e-04
1.899916e-04
1.342303e-04
9.639361e-05
1.162138e-04
1.244742e-04
1.104304e-04
1.048699e-04
7.969412e-05
7.984093e-05
1.419132e-04
1.875314e-04
1.268519e-04
2.450701e-05
2.358736e-05
1.200813e-04
1.830899e-04
1.798507e-04
1.511214e-04
9.260248e-05
8.037466e-05
1.358435e-04
1.660050e-04
1.305491e-04
8.133447e-05
2.750776e-05
5.533401e-05
1.313704e-04
1.215383e-04
9.608164e-05
1.351397e-04
1.987459e-04
1.422706e-04
5.817758e-05
8.485634e-05
1.560305e-04
2.176104e-04
2.055956e-04
1.230154e-04
1.101510e-04
1.582011e-04
1.630704e-04
8.643048e-05
4.909910e-05
8.406895e-05
8.885181e-05
9.731255e-05
1.299327e-04
9.011123e-05
1.204791e-05
5.013911e-05
1.322021e-04
1.326759e-04
8.048912e-05
7.947153e-05
1.392644e-04
1.604781e-04
1.225943e-04
1.161598e-04
1.156185e-04
1.045442e-04
1.251476e-04
1.271565e-04
8.479732e-05
5.929675e-05
1.025878e-04
1.710280e-04
1.475871e-04
4.881255e-05
9.772852e-06
7.554223e-05
1.105849e-04
1.032432e-04
1.189519e-04
1.671117e-04
1.305212e-04
1.873541e-05
-2.010448e-05
3.732979e-05
7.765928e-05
1.073806e-04
1.569889e-04
1.623713e-04
1.239995e-04
6.537429e-05
3.895046e-05
6.104661e-05
4.777079e-05
9.544113e-06
2.137119e-05
3.895518e-05
7.412434e-05
1.226395e-04
1.552567e-04
1.695998e-04
1.581137e-04
1.426240e-04
8.729463e-05
1.395287e-05
3.426698e-05
9.141296e-05
1.248723e-04
1.345656e-04
1.657400e-04
1.947472e-04
1.596565e-04
1.007886e-04
3.738738e-05
7.923611e-05
1.613297e-04
2.014583e-04
1.536408e-04
7.611706e-05
9.360082e-05
1.361854e-04
1.518311e-04
1.449800e-04
8.192190e-05
1.164519e-05
6.654095e-05
1.444322e-04
1.352419e-04
1.201091e-04
9.172045e-05
7.989138e-05
1.565800e-04
1.972101e-04
1.442042e-04
7.893649e-05
5.983035e-05
8.562063e-05
1.306451e-04
1.454091e-04
1.033823e-04
6.080147e-05
9.682956e-05
1.534130e-04
1.894838e-04
2.000122e-04
1.888025e-04
1.663846e-04
1.258001e-04
9.570205e-05
1.579995e-04
1.762735e-04
1.035839e-04
7.740117e-05
1.145996e-04
1.390576e-04
1.452069e-04
1.456259e-04
9.125600e-05
-1.464114e-06
-3.265831e-06
6.870562e-05
1.378376e-04
1.903251e-04
2.293301e-04
2.084140e-04
9.335320e-05
3.717638e-05
1.016773e-04
1.533945e-04
1.283903e-04
7.153995e-05
7.674121e-05
1.541065e-04
1.741683e-04
3.990934e-05
-7.451745e-05
-1.298954e-05
4.812321e-05
6.127312e-05
9.022363e-05
1.375895e-04
1.109723e-04
7.002712e-06
8.610159e-06
1.487463e-04
1.885607e-04
9.962462e-05
6.964228e-05
1.381860e-04
1.726293e-04
1.050935e-04
3.802585e-05
6.231204e-05
1.521899e-04
1.519263e-04
6.818864e-05
2.487542e-05
7.020427e-05
1.176918e-04
9.924277e-05
5.581916e-05
1.943316e-05
2.131212e-05
4.466224e-05
6.327518e-05
7.655313e-05
5.480490e-05
5.970079e-05
7.764681e-05
5.962927e-05
3.326491e-05
5.599152e-05
1.003207e-04
9.691032e-05
3.284454e-05
2.963354e-05
1.059116e-04
1.462884e-04
1.378474e-04
1.293434e-04
1.470151e-04
1.696649e-04
1.702897e-04
1.577085e-04
1.186116e-04
7.907544e-05
6.174339e-05
1.141321e-04
1.397836e-04
5.933967e-05
-4.180070e-05
-1.787031e-05
8.779011e-05
1.020316e-04
5.120292e-05
4.884918e-05
1.132754e-04
1.125570e-04
4.978418e-05
6.205381e-05
1.253193e-04
1.449235e-04
1.167037e-04
1.009260e-04
1.349754e-04
1.338712e-04
1.114395e-04
1.791777e-04
2.218166e-04
2.092083e-04
1.652015e-04
9.976784e-05
6.936615e-05
5.342903e-05
3.833217e-05
5.854409e-05
8.025043e-05
6.512977e-05
2.310666e-05
2.040994e-06
1.476989e-05
3.835794e-05
1.278209e-05
-5.067555e-05
-2.994692e-06
1.083118e-04
1.695080e-04
1.758010e-04
1.301551e-04
9.479988e-05
1.146229e-04
1.384043e-04
1.422377e-04
1.326166e-04
1.112327e-04
1.163284e-04
1.693653e-04
1.710327e-04
1.354170e-04
1.440603e-04
1.409715e-04
1.521825e-04
2.056414e-04
2.015971e-04
1.244837e-04
1.280161e-04
1.856483e-04
1.704968e-04
1.172427e-04
1.333745e-04
1.350165e-04
8.051373e-05
1.092229e-04
1.819277e-04
2.096991e-04
2.014457e-04
1.728242e-04
1.521606e-04
1.931389e-04
2.538764e-04
2.519863e-04
1.912239e-04
1.563554e-04
1.775909e-04
1.807785e-04
1.742290e-04
2.100494e-04
2.381289e-04
2.321768e-04
1.679014e-04
1.501975e-04
2.431774e-04
2.823658e-04
2.625297e-04
2.537273e-04
2.437251e-04
2.120848e-04
1.764641e-04
1.498048e-04
1.379153e-04
1.013022e-04
4.089313e-05
3.223560e-05
2.919509e-06
-9.587329e-05
-1.076628e-04
1.437472e-06
1.482899e-04
1.771135e-04
8.294769e-05
-4.997222e-06
6.246921e-05
1.861919e-04
1.869106e-04
8.576841e-05
1.975986e-05
8.198501e-06
-3.808029e-05
-8.384391e-05
-3.481147e-05
-3.456198e-05
-7.046704e-05
-1.344235e-05
7.912914e-07
-8.253451e-05
-2.172802e-04
-2.817165e-04
-2.544811e-04
-2.289970e-04
-2.165035e-04
-1.912578e-04
-1.607027e-04
-1.127881e-04
-5.108654e-05
1.090256e-05
7.378336e-05
1.368912e-04
1.841500e-04
2.020356e-04
2.026838e-04
1.692989e-04
1.001881e-04
5.219949e-05
2.570976e-05
-1.071237e-07
-4.794715e-05
-9.832258e-05
-1.319069e-04
-1.583860e-04
-1.657255e-04
-1.928686e-04
-2.758197e-04
-3.625273e-04
-4.135808e-04
-4.228382e-04
-4.093124e-04
-3.975887e-04
-4.243085e-04
-4.429724e-04
-3.516910e-04
-3.017087e-04
-3.172393e-04
-2.757522e-04
-1.685726e-04
-7.973488e-05
-9.555581e-05
-8.531016e-05
-3.561392e-05
-1.092172e-05
-2.132030e-05
-1.333138e-05
1.556655e-05
5.205101e-05
3.943822e-05
-1.875146e-05
4.377700e-05
9.919956e-05
1.343562e-06
-1.675273e-04
-2.902771e-04
-2.898885e-04
-2.649870e-04
-2.467516e-04
-2.201342e-04
-1.853843e-04
-1.606615e-04
-1.352632e-04
-7.883982e-05
7.176822e-06
2.426577e-05
4.374847e-06
1.204519e-04
2.995043e-04
3.876717e-04
4.198831e-04
5.321053e-04
7.371981e-04
8.163457e-04
6.837733e-04
5.280247e-04
4.403132e-04
4.390133e-04
5.030246e-04
5.612972e-04
5.415716e-04
4.639030e-04
4.064407e-04
3.696912e-04
3.015330e-04
1.847197e-04
1.797416e-04
2.736737e-04
2.606513e-04
7.942195e-05
-6.354510e-05
-3.094495e-05
1.405755e-04
1.901075e-04
8.568128e-05
3.560648e-05
8.308579e-05
1.003704e-04
6.847346e-05
8.366574e-06
-6.199001e-05
-9.397177e-05
-5.642895e-05
-1.190088e-05
-6.703688e-06
-3.257918e-05
-9.754444e-05
-1.086232e-04
-3.040058e-05
1.254395e-05
-5.840933e-05
-1.264740e-04
-1.772657e-04
-2.485227e-04
-2.732972e-04
-1.688012e-04
-1.528575e-05
6.826135e-05
1.242855e-04
1.888443e-04
2.005997e-04
2.659732e-04
3.962177e-04
4.368885e-04
4.813718e-04
5.791266e-04
6.451518e-04
6.220413e-04
6.214917e-04
6.600279e-04
5.944284e-04
5.105185e-04
4.839397e-04
4.321353e-04
3.159651e-04
2.008297e-04
1.413721e-04
8.548723e-05
7.429904e-06
-2.496784e-05
-5.566385e-05
-9.383750e-05
-1.087517e-04
-1.552275e-04
-2.451526e-04
-3.066250e-04
-3.939537e-04
-5.087530e-04
-5.179546e-04
-4.731290e-04
-5.067826e-04
-5.461239e-04
-5.189610e-04
-4.794975e-04
-4.651578e-04
-4.048069e-04
-3.478469e-04
-2.963292e-04
-2.137876e-04
-1.489731e-04
-1.511557e-04
-1.225050e-04
2.173304e-05
2.427022e-04
4.238225e-04
5.215366e-04
5.613033e-04
5.116966e-04
4.291068e-04
4.764701e-04
6.074925e-04
7.009906e-04
7.220866e-04
6.920672e-04
6.778921e-04
6.850666e-04
6.517146e-04
5.565450e-04
4.227923e-04
2.443537e-04
1.181751e-04
5.805004e-06
-1.860375e-04
-4.075299e-04
-5.299224e-04
-5.488780e-04
-5.751127e-04
-6.042362e-04
-5.653740e-04
-5.672981e-04
-6.380582e-04
-6.417353e-04
-5.864120e-04
-5.840261e-04
-5.798013e-04
-5.204926e-04
-4.399026e-04
-3.336297e-04
-1.979968e-04
1.673425e-05
3.164376e-04
6.404930e-04
7.917777e-04
7.662924e-04
7.362569e-04
7.398464e-04
7.119673e-04
6.701511e-04
6.981125e-04
7.533419e-04
8.205490e-04
8.795394e-04
9.034709e-04
9.262106e-04
8.717489e-04
7.248867e-04
6.343118e-04
5.533083e-04
3.691915e-04
1.662271e-04
-3.415002e-05
-2.679504e-04
-5.171523e-04
-6.631218e-04
-6.799458e-04
-6.460675e-04
-6.219686e-04
-6.484621e-04
-7.150414e-04
-8.347522e-04
-9.661225e-04
-1.007576e-03
-1.024251e-03
-1.034160e-03
-9.516137e-04
-7.405281e-04
-4.794357e-04
-2.314993e-04
-2.034269e-06
2.058347e-04
3.649706e-04
4.190965e-04
4.055733e-04
4.049140e-04
4.038250e-04
3.854014e-04
3.685653e-04
4.160839e-04
4.548064e-04
4.874602e-04
6.135764e-04
7.030821e-04
6.307443e-04
5.231168e-04
4.779073e-04
3.977382e-04
2.601687e-04
1.428467e-04
-3.909048e-06
-1.265992e-04
-1.525558e-04
-1.777352e-04
-2.200510e-04
-2.408561e-04
-3.034754e-04
-4.893901e-04
-7.687948e-04
-1.035670e-03
-1.240676e-03
-1.343855e-03
-1.332841e-03
-1.298099e-03
-1.218082e-03
-1.073026e-03
-8.309926e-04
-4.908903e-04
-2.158977e-04
2.787328e-05
3.306872e-04
6.715760e-04
9.832350e-04
1.158438e-03
1.247279e-03
1.304943e-03
1.379588e-03
1.406207e-03
1.328101e-03
1.294016e-03
1.291404e-03
1.120706e-03
7.723117e-04
5.115497e-04
4.119032e-04
2.974976e-04
1.385449e-04
9.271998e-05
1.612713e-04
1.323379e-04
-6.349728e-05
-2.757717e-04
-3.639557e-04
-3.930616e-04
-4.464351e-04
-4.826647e-04
-5.278836e-04
-5.993791e-04
-6.420776e-04
-6.949747e-04
-6.551995e-04
-4.074169e-04
-1.228801e-04
8.887254e-05
2.547434e-04
3.427268e-04
3.311986e-04
3.164538e-04
3.472937e-04
4.027010e-04
4.605288e-04
4.650795e-04
4.120084e-04
3.037742e-04
2.270149e-04
2.560021e-04
3.511151e-04
4.880295e-04
5.409432e-04
4.303178e-04
2.616285e-04
1.458207e-04
1.535867e-05
-2.013392e-04
-3.682578e-04
-4.184894e-04
-4.321518e-04
-4.929543e-04
-5.713433e-04
-6.224628e-04
-6.985941e-04
-7.384127e-04
-6.180442e-04
-4.541077e-04
-3.851658e-04
-3.814185e-04
-4.112945e-04
-4.286227e-04
-3.784510e-04
-1.954472e-04
9.155580e-05
3.031284e-04
3.973276e-04
4.383090e-04
3.753320e-04
1.978618e-04
2.233038e-05
-1.682644e-04
-3.677722e-04
-5.222744e-04
-6.372696e-04
-7.635869e-04
-8.765615e-04
-9.298897e-04
-9.012173e-04
-8.225774e-04
-6.542844e-04
-4.550797e-04
-3.375625e-04
-2.630774e-04
-1.451253e-04
3.800022e-05
1.855072e-04
2.663576e-04
3.088599e-04
2.756951e-04
1.760540e-04
9.068572e-05
9.162643e-06
-4.533845e-05
-6.256948e-05
-1.262902e-04
-2.874952e-04
-4.982796e-04
-6.591605e-04
-6.721753e-04
-5.247640e-04
-2.974543e-04
-4.176118e-05
2.527453e-04
4.477238e-04
4.947460e-04
4.413574e-04
3.293270e-04
2.421379e-04
2.685065e-04
3.199129e-04
3.099357e-04
1.988270e-04
-1.993223e-05
-2.522325e-04
-2.881563e-04
-8.665163e-05
1.558172e-04
4.627739e-04
8.239217e-04
1.042027e-03
1.047216e-03
9.328791e-04
7.625033e-04
5.426289e-04
2.931072e-04
3.814243e-05
-1.526067e-04
-3.499171e-04
-5.270293e-04
-6.706067e-04
-6.973096e-04
-5.685015e-04
-4.375366e-04
-3.891737e-04
-3.991130e-04
-4.631885e-04
-5.507154e-04
-6.696999e-04
-8.103862e-04
-8.768812e-04
-8.032188e-04
-7.076723e-04
-6.583609e-04
-6.152588e-04
-6.233339e-04
-6.313776e-04
-5.992617e-04
-4.905303e-04
-2.961298e-04
-5.889519e-05
1.669008e-04
3.934975e-04
6.659987e-04
9.099168e-04
1.037705e-03
1.061757e-03
1.019905e-03
9.063847e-04
7.737428e-04
6.439813e-04
4.310062e-04
1.784071e-04
3.860354e-05
2.916471e-05
-6.857451e-06
-8.868389e-05
-1.187030e-04
-1.207590e-04
-8.839596e-05
5.516426e-05
1.979377e-04
3.225601e-04
4.390794e-04
4.449368e-04
3.300407e-04
2.881290e-04
3.500328e-04
3.649948e-04
3.430004e-04
2.572087e-04
6.571417e-05
-2.231162e-04
-4.831982e-04
-5.881981e-04
-6.595909e-04
-7.492421e-04
-7.108542e-04
-4.143383e-04
-2.290359e-05
1.741940e-04
1.520717e-04
6.107015e-05
-8.050275e-05
-3.059543e-04
-5.245682e-04
-6.694146e-04
-8.285209e-04
-1.026960e-03
-1.093829e-03
-1.019185e-03
-9.679797e-04
-8.636608e-04
-6.780154e-04
-4.517391e-04
-1.214779e-04
3.723082e-04
9.173251e-04
1.475865e-03
1.962761e-03
2.233588e-03
2.396327e-03
2.442489e-03
2.343527e-03
2.113066e-03
1.769209e-03
1.435482e-03
1.182832e-03
9.384113e-04
6.684242e-04
3.551405e-04
2.822586e-05
-2.337567e-04
-3.673705e-04
-3.389563e-04
-3.140427e-04
-3.974044e-04
-5.730597e-04
-8.363436e-04
-1.130722e-03
-1.357660e-03
-1.434696e-03
-1.415666e-03
-1.308243e-03
-1.108087e-03
-9.502025e-04
-8.721461e-04
-7.560775e-04
-5.958236e-04
-4.530218e-04
-3.412980e-04
-1.926942e-04
-2.648724e-06
1.798248e-04
3.150380e-04
3.629105e-04
2.886624e-04
1.378557e-04
1.182008e-05
-1.049523e-04
-2.585453e-04
-3.986535e-04
-5.356080e-04
-6.726441e-04
-8.059150e-04
-9.061245e-04
-9.093597e-04
-8.177593e-04
-6.509793e-04
-3.816702e-04
-4.224750e-05
2.778120e-04
4.957361e-04
6.340965e-04
6.922465e-04
6.320751e-04
5.427836e-04
4.955540e-04
4.652244e-04
3.873587e-04
2.452308e-04
8.639888e-06
-2.741080e-04
-5.217384e-04
-8.080730e-04
-1.035310e-03
-1.133938e-03
-1.122273e-03
-1.011761e-03
-8.851209e-04
-7.712017e-04
-6.454206e-04
-4.251087e-04
-1.663216e-04
1.000572e-05
3.284615e-05
-1.753537e-04
-5.127175e-04
-9.424658e-04
-1.370214e-03
-1.609971e-03
-1.630614e-03
-1.505772e-03
-1.299197e-03
-1.002307e-03
-6.816356e-04
-3.481629e-04
4.108846e-05
4.438272e-04
7.680077e-04
9.334242e-04
9.567761e-04
8.671213e-04
6.707742e-04
3.418848e-04
-5.614818e-05
-3.330987e-04
-4.233367e-04
-4.041919e-04
-2.324084e-04
8.071740e-05
4.221119e-04
7.199949e-04
9.504801e-04
1.245140e-03
1.534407e-03
1.590234e-03
1.437699e-03
1.192223e-03
8.344874e-04
4.075628e-04
1.330123e-05
-3.392051e-04
-6.252455e-04
-8.601671e-04
-1.036529e-03
-1.102038e-03
-1.044648e-03
-9.075108e-04
-7.605099e-04
-6.475777e-04
-5.630847e-04
-5.684791e-04
-7.038995e-04
-9.473794e-04
-1.277705e-03
-1.583409e-03
-1.778351e-03
-1.899097e-03
-2.014864e-03
-2.137014e-03
-2.217422e-03
-2.177693e-03
-1.956099e-03
-1.582739e-03
-1.025338e-03
-2.337557e-04
5.418036e-04
1.070617e-03
1.282357e-03
1.218282e-03
1.044189e-03
8.175323e-04
5.996261e-04
4.038251e-04
2.275701e-04
5.717934e-05
-1.531657e-04
-2.981454e-04
-3.450089e-04
-3.510306e-04
-2.958513e-04
-2.225584e-04
-2.150366e-04
-2.753601e-04
-3.985400e-04
-5.427728e-04
-6.321674e-04
-5.662439e-04
-4.284234e-04
-3.600178e-04
-3.318091e-04
-2.778139e-04
-3.415225e-04
-4.771297e-04
-5.787498e-04
-6.526501e-04
-7.127720e-04
-7.519145e-04
-7.126506e-04
-6.101399e-04
-4.088755e-04
-9.739900e-05
2.519990e-04
6.176800e-04
9.473881e-04
1.165506e-03
1.285446e-03
1.330659e-03
1.306116e-03
1.283346e-03
1.284820e-03
1.147329e-03
8.893289e-04
6.541144e-04
4.418224e-04
2.945204e-04
3.315991e-04
4.852722e-04
6.627808e-04
8.502258e-04
1.056601e-03
1.218549e-03
1.277051e-03
1.293124e-03
1.244043e-03
1.127822e-03
9.866715e-04
9.008087e-04
8.721767e-04
8.092843e-04
6.792757e-04
6.214726e-04
6.750473e-04
6.465463e-04
4.650543e-04
3.033079e-04
1.678091e-04
1.383599e-04
3.650575e-04
7.646876e-04
1.107924e-03
1.255499e-03
1.188537e-03
9.332450e-04
5.031472e-04
3.695931e-05
-2.894247e-04
-3.873987e-04
-3.217214e-04
-1.661930e-04
3.281211e-05
1.916282e-04
2.785492e-04
3.235431e-04
3.926138e-04
5.103315e-04
6.943726e-04
9.226093e-04
1.176408e-03
1.343868e-03
1.310447e-03
1.168257e-03
9.671608e-04
7.407994e-04
5.951822e-04
4.837649e-04
3.554050e-04
1.614369e-04
-2.481992e-05
-1.861361e-04
-3.327259e-04
-4.026485e-04
-3.334438e-04
-2.013462e-04
-9.109782e-05
-5.197925e-05
-1.169346e-04
-1.671713e-04
-1.553248e-04
-1.996047e-04
-3.380580e-04
-5.344093e-04
-7.813793e-04
-9.861701e-04
-1.054499e-03
-9.211953e-04
-5.491864e-04
-1.936832e-05
4.811265e-04
7.927681e-04
8.417807e-04
6.447792e-04
3.392187e-04
6.516817e-05
-1.560435e-04
-2.770894e-04
-2.990240e-04
-2.530228e-04
-2.067827e-04
-1.766969e-04
-8.087533e-05
1.263128e-04
3.987237e-04
6.289148e-04
7.417540e-04
7.108717e-04
5.730460e-04
2.951189e-04
-6.537784e-05
-3.743857e-04
-6.018278e-04
-8.457384e-04
-1.144320e-03
-1.336848e-03
-1.370721e-03
-1.371966e-03
-1.365677e-03
-1.272154e-03
-1.098907e-03
-8.366077e-04
-5.462387e-04
-3.327227e-04
-1.599632e-04
2.498115e-06
1.720902e-04
2.964422e-04
2.850701e-04
1.198091e-04
-1.177005e-04
-3.609149e-04
-5.605069e-04
-6.610779e-04
-7.403383e-04
-7.896650e-04
-7.425075e-04
-6.385273e-04
-5.419107e-04
-4.510416e-04
-3.606550e-04
-2.720508e-04
-1.880708e-04
-6.496347e-05
1.027414e-04
2.473236e-04
3.261969e-04
3.785634e-04
4.964677e-04
6.047207e-04
5.881439e-04
5.175805e-04
4.142084e-04
2.541618e-04
1.344307e-05
-2.848958e-04
-5.167136e-04
-6.588575e-04
-7.792360e-04
-9.206266e-04
-1.005734e-03
-1.087849e-03
-1.373853e-03
-1.802108e-03
-2.136566e-03
-2.398195e-03
-2.689353e-03
-2.918642e-03
-3.050595e-03
-3.070405e-03
-2.987830e-03
-2.839948e-03
-2.633888e-03
-2.313228e-03
-1.906406e-03
-1.577370e-03
-1.364463e-03
-1.133511e-03
-8.735746e-04
-6.104718e-04
-3.225113e-04
-1.223605e-05
2.921978e-04
5.447497e-04
7.058606e-04
7.923005e-04
8.930112e-04
1.046355e-03
1.186822e-03
1.196286e-03
1.077780e-03
8.475228e-04
4.340921e-04
-6.343827e-05
-5.101114e-04
-8.702352e-04
-1.110528e-03
-1.164913e-03
-9.946669e-04
-6.386402e-04
-1.546507e-04
3.607081e-04
7.592497e-04
1.012068e-03
1.073552e-03
9.353133e-04
6.643902e-04
3.543301e-04
1.287029e-04
-7.068074e-05
-2.983571e-04
-5.779694e-04
-9.372680e-04
-1.275509e-03
-1.423905e-03
-1.316990e-03
-9.395312e-04
-3.316314e-04
3.579766e-04
1.013048e-03
1.397141e-03
1.440382e-03
1.356532e-03
1.174589e-03
8.566985e-04
5.820403e-04
3.340546e-04
-4.752041e-06
-3.861317e-04
-6.737014e-04
-8.091427e-04
-8.788532e-04
-9.401615e-04
-8.928234e-04
-6.614727e-04
-3.530657e-04
-4.967102e-05
2.624025e-04
6.567633e-04
1.048222e-03
1.308497e-03
1.428537e-03
1.393803e-03
1.255060e-03
1.112287e-03
1.005736e-03
8.762427e-04
7.639799e-04
7.569048e-04
7.648214e-04
7.299639e-04
7.318461e-04
8.141631e-04
9.640044e-04
1.230062e-03
1.611626e-03
1.985824e-03
2.284415e-03
2.447240e-03
2.330673e-03
1.912599e-03
1.286575e-03
5.981885e-04
-9.544770e-05
-7.489754e-04
-1.214475e-03
-1.422851e-03
-1.517408e-03
-1.616541e-03
-1.685515e-03
-1.738557e-03
-1.755813e-03
-1.683431e-03
-1.554969e-03
-1.382469e-03
-1.207493e-03
-1.170966e-03
-1.285218e-03
-1.438779e-03
-1.518789e-03
-1.451393e-03
-1.278958e-03
-1.075209e-03
-1.001031e-03
-1.066553e-03
-1.055275e-03
-1.062634e-03
-1.036481e-03
-7.990598e-04
-3.279280e-04
1.264395e-04
4.204312e-04
5.239622e-04
4.138799e-04
1.511740e-04
-1.184023e-04
-2.729335e-04
-3.704581e-04
-5.360427e-04
-7.787803e-04
-9.443055e-04
-9.400275e-04
-7.303835e-04
-3.053562e-04
2.887955e-04
9.243012e-04
1.300805e-03
1.312450e-03
1.058804e-03
5.353970e-04
-2.171743e-04
-9.853036e-04
-1.510227e-03
-1.779622e-03
-1.949657e-03
-1.959160e-03
-1.694260e-03
-1.191489e-03
-6.273487e-04
-2.269833e-04
-8.892985e-06
6.806218e-06
-2.289314e-04
-6.421750e-04
-1.130220e-03
-1.515511e-03
-1.630467e-03
-1.473927e-03
-1.119151e-03
-6.752152e-04
-2.391217e-04
1.952928e-04
7.188687e-04
1.240133e-03
1.572934e-03
1.699445e-03
1.684307e-03
1.522234e-03
1.160434e-03
6.404580e-04
1.320163e-04
-3.121893e-04
-6.835830e-04
-9.654674e-04
-1.084078e-03
-9.432208e-04
-6.407472e-04
-3.165316e-04
1.871491e-05
4.064553e-04
7.774703e-04
9.487627e-04
1.027099e-03
1.190035e-03
1.353991e-03
1.455949e-03
1.419713e-03
1.203719e-03
9.267320e-04
6.754766e-04
4.153849e-04
1.928405e-04
5.004368e-05
-4.050446e-05
-8.485395e-05
-2.237338e-04
-5.557712e-04
-9.482574e-04
-1.215339e-03
-1.316861e-03
-1.393182e-03
-1.487362e-03
-1.534545e-03
-1.582413e-03
-1.621550e-03
-1.603359e-03
-1.469708e-03
-1.213645e-03
-8.502735e-04
-3.327047e-04
2.879419e-04
8.835013e-04
1.390975e-03
1.868452e-03
2.361081e-03
2.788555e-03
2.969756e-03
2.771867e-03
2.248358e-03
1.589539e-03
9.110887e-04
2.935232e-04
-4.812917e-05
-4.757271e-05
8.708511e-05
2.400699e-04
4.785020e-04
8.082968e-04
1.141846e-03
1.466629e-03
1.769379e-03
1.974966e-03
2.014297e-03
1.782123e-03
1.290114e-03
6.694921e-04
1.507711e-04
-1.307651e-04
-2.285064e-04
-3.025377e-04
-4.664325e-04
-7.534462e-04
-1.051000e-03
-1.187230e-03
-1.075530e-03
-7.186217e-04
-2.354750e-04
1.455708e-04
3.335313e-04
3.208702e-04
4.561766e-05
-2.986877e-04
-3.778345e-04
-2.262221e-04
4.647871e-05
3.753255e-04
6.590672e-04
9.351704e-04
1.113099e-03
1.145264e-03
1.168779e-03
1.217281e-03
1.154197e-03
9.488976e-04
6.515933e-04
2.883515e-04
-1.650701e-04
-6.844762e-04
-1.112566e-03
-1.322053e-03
-1.304895e-03
-1.096571e-03
-8.009993e-04
-5.346475e-04
-2.812065e-04
-3.550726e-05
2.343641e-04
5.899864e-04
9.902295e-04
1.347161e-03
1.598146e-03
1.644687e-03
1.435447e-03
9.913443e-04
4.947247e-04
2.080825e-04
2.120592e-04
4.725378e-04
9.404874e-04
1.526398e-03
2.080695e-03
2.431554e-03
2.548584e-03
2.448730e-03
2.150946e-03
1.708912e-03
1.150539e-03
5.935016e-04
1.365015e-04
-1.877390e-04
-3.345754e-04
-2.954220e-04
-3.854708e-05
4.180547e-04
8.559811e-04
1.063201e-03
8.913146e-04
3.385047e-04
-4.577789e-04
-1.335481e-03
-2.215813e-03
-3.052793e-03
-3.644720e-03
-3.903298e-03
-3.861671e-03
-3.436419e-03
-2.776007e-03
-2.055708e-03
-1.182319e-03
-1.635243e-04
8.129169e-04
1.613244e-03
2.151642e-03
2.321589e-03
2.109948e-03
1.445956e-03
4.826506e-04
-5.246226e-04
-1.492461e-03
-2.418411e-03
-3.238658e-03
-3.829505e-03
-4.109094e-03
-3.996094e-03
-3.455882e-03
-2.560340e-03
-1.515765e-03
-6.026471e-04
1.063286e-04
6.399541e-04
9.117878e-04
1.007762e-03
1.084310e-03
1.174424e-03
1.196553e-03
1.081172e-03
7.687006e-04
1.951842e-04
-5.671877e-04
-1.295693e-03
-1.854555e-03
-2.287162e-03
-2.558528e-03
-2.538998e-03
-2.318392e-03
-1.941844e-03
-1.389044e-03
-6.961302e-04
1.725948e-05
6.870747e-04
1.191382e-03
1.428347e-03
1.413503e-03
1.190716e-03
8.323713e-04
5.196924e-04
3.329300e-04
2.990610e-04
3.519619e-04
5.033227e-04
8.094988e-04
1.211513e-03
1.547582e-03
1.851589e-03
2.203614e-03
2.454114e-03
2.496105e-03
2.363620e-03
2.016335e-03
1.389353e-03
5.736424e-04
-3.070942e-04
-1.222154e-03
-2.164168e-03
-2.936381e-03
-3.336460e-03
-3.391167e-03
-3.201351e-03
-2.787300e-03
-2.140024e-03
-1.381421e-03
-7.836271e-04
-4.544948e-04
-2.210985e-04
1.258116e-05
1.547357e-04
2.383114e-04
2.897965e-04
3.435198e-04
3.773243e-04
3.577636e-04
3.638239e-04
5.008749e-04
8.094807e-04
1.152745e-03
1.488314e-03
1.893290e-03
2.247546e-03
2.376615e-03
2.249199e-03
2.009995e-03
1.689607e-03
1.210291e-03
6.548349e-04
7.918240e-05
-5.824916e-04
-1.319721e-03
-1.966304e-03
-2.354114e-03
-2.491042e-03
-2.457394e-03
-2.281142e-03
-2.009574e-03
-1.666086e-03
-1.185652e-03
-5.745981e-04
4.292580e-05
5.776574e-04
1.008050e-03
1.153423e-03
1.014214e-03
8.670892e-04
7.036821e-04
5.548315e-04
5.277649e-04
6.336926e-04
8.362100e-04
9.682746e-04
9.453816e-04
7.531827e-04
4.472548e-04
1.743424e-04
2.591696e-05
-7.261838e-05
-1.610749e-04
-1.753912e-04
-1.854672e-04
-2.165831e-04
-2.083647e-04
-1.952831e-04
-1.422220e-04
-5.143218e-05
2.901614e-05
1.481363e-04
3.727845e-04
6.308357e-04
8.084276e-04
9.926076e-04
1.199551e-03
1.345550e-03
1.421459e-03
1.566986e-03
1.776847e-03
1.813920e-03
1.720288e-03
1.627964e-03
1.515071e-03
1.416766e-03
1.388587e-03
1.417278e-03
1.379708e-03
1.167491e-03
7.919909e-04
3.559433e-04
-5.959046e-05
-3.628061e-04
-5.221560e-04
-5.123869e-04
-3.903845e-04
-3.721048e-04
-6.230842e-04
-1.060600e-03
-1.531929e-03
-1.904285e-03
-2.039244e-03
-1.960897e-03
-1.775128e-03
-1.507088e-03
-1.202710e-03
-8.854323e-04
-5.104307e-04
-6.338131e-05
4.238308e-04
9.245458e-04
1.364901e-03
1.741134e-03
2.117621e-03
2.488871e-03
2.806976e-03
3.078566e-03
3.222046e-03
3.186676e-03
3.050606e-03
2.834402e-03
2.595099e-03
2.402706e-03
2.236501e-03
2.010877e-03
1.691972e-03
1.378740e-03
1.097112e-03
7.756612e-04
3.933789e-04
-5.152905e-05
-5.211875e-04
-9.208747e-04
-1.251803e-03
-1.567869e-03
-1.793613e-03
-1.885319e-03
-1.835739e-03
-1.737432e-03
-1.622483e-03
-1.438736e-03
-1.138177e-03
-7.134058e-04
-2.084405e-04
2.684692e-04
5.484261e-04
5.480902e-04
3.134094e-04
-1.176532e-04
-6.043861e-04
-9.333965e-04
-9.938262e-04
-7.019574e-04
-1.235817e-04
5.426396e-04
1.100393e-03
1.368201e-03
1.320916e-03
1.043517e-03
6.419282e-04
2.662949e-04
2.928802e-05
-5.923006e-05
-6.229058e-05
-7.401814e-05
-1.958613e-04
-3.726224e-04
-4.851142e-04
-4.862920e-04
-4.939548e-04
-5.372043e-04
-5.463954e-04
-6.059507e-04
-7.542576e-04
-8.869737e-04
-9.537112e-04
-9.906777e-04
-9.638405e-04
-7.939207e-04
-6.024869e-04
-4.978901e-04
-4.285707e-04
-2.790703e-04
9.443583e-05
6.966839e-04
1.331228e-03
1.834816e-03
2.182675e-03
2.332343e-03
2.254637e-03
2.015400e-03
1.830200e-03
1.727911e-03
1.685698e-03
1.589684e-03
1.328890e-03
8.352957e-04
1.929236e-04
-4.481853e-04
-9.817570e-04
-1.372047e-03
-1.598853e-03
-1.741119e-03
-1.896900e-03
-1.996317e-03
-2.053453e-03
-2.194604e-03
-2.467821e-03
-2.775616e-03
-3.063364e-03
-3.359355e-03
-3.670483e-03
-4.002415e-03
-4.241053e-03
-4.262437e-03
-4.057163e-03
-3.682722e-03
-3.205246e-03
-2.711935e-03
-2.390723e-03
-2.164432e-03
-1.842529e-03
-1.541621e-03
-1.341657e-03
-1.140189e-03
-9.766599e-04
-9.555101e-04
-1.006853e-03
-9.508784e-04
-6.851398e-04
-1.740784e-04
5.741829e-04
1.405598e-03
2.148046e-03
2.560107e-03
2.530296e-03
2.187733e-03
1.631519e-03
8.662779e-04
6.321734e-05
-5.756774e-04
-1.050022e-03
-1.387299e-03
-1.609128e-03
-1.628491e-03
-1.352066e-03
-9.766387e-04
-6.923880e-04
-5.255200e-04
-5.411541e-04
-8.547165e-04
-1.457322e-03
-2.226963e-03
-3.024179e-03
-3.562383e-03
-3.653769e-03
-3.419070e-03
-3.062299e-03
-2.702378e-03
-2.383571e-03
-2.047971e-03
-1.636995e-03
-1.118906e-03
-6.325862e-04
-3.106639e-04
-2.021596e-04
-2.810767e-04
-5.233961e-04
-7.817801e-04
-7.732248e-04
-4.751749e-04
2.654666e-05
7.236382e-04
1.413476e-03
1.910599e-03
2.228996e-03
2.447591e-03
2.582446e-03
2.639289e-03
2.641784e-03
2.594295e-03
2.435270e-03
2.111187e-03
1.710655e-03
1.372451e-03
1.167999e-03
1.008113e-03
7.142819e-04
1.794603e-04
-5.565015e-04
-1.441001e-03
-2.313441e-03
-2.901361e-03
-2.978577e-03
-2.548420e-03
-1.816393e-03
-1.019050e-03
-3.034024e-04
2.949426e-04
7.750349e-04
1.105164e-03
1.359312e-03
1.533534e-03
1.448117e-03
1.130988e-03
7.074840e-04
2.999480e-04
5.925547e-05
-6.858649e-06
6.860874e-05
2.079811e-04
2.131484e-04
4.867697e-05
-2.339670e-04
-5.325990e-04
-6.320293e-04
-5.169781e-04
-3.063885e-04
-1.481472e-04
-1.258065e-04
-2.220032e-04
-2.881532e-04
-1.747117e-04
1.431466e-04
5.649793e-04
9.066498e-04
1.032995e-03
9.001605e-04
4.932176e-04
-1.799409e-05
-4.231830e-04
-7.218357e-04
-9.813187e-04
-1.173652e-03
-1.271312e-03
-1.417779e-03
-1.687793e-03
-1.902463e-03
-1.936158e-03
-1.893116e-03
-1.888212e-03
-2.045381e-03
-2.286030e-03
-2.394733e-03
-2.336621e-03
-2.085080e-03
-1.667693e-03
-9.769985e-04
-1.131886e-04
5.852235e-04
1.049911e-03
1.384716e-03
1.603281e-03
1.649958e-03
1.568491e-03
1.323328e-03
8.451884e-04
1.194602e-04
-6.625463e-04
-1.280019e-03
-1.687787e-03
-1.826790e-03
-1.714288e-03
-1.371766e-03
-1.038002e-03
-9.550808e-04
-1.062275e-03
-1.310690e-03
-1.660245e-03
-2.037932e-03
-2.329436e-03
-2.470973e-03
-2.441096e-03
-2.258605e-03
-1.919137e-03
-1.447206e-03
-1.014230e-03
-7.240651e-04
-5.172364e-04
-4.416189e-04
-5.727985e-04
-9.036898e-04
-1.227390e-03
-1.361810e-03
-1.316432e-03
-9.884194e-04
-3.043968e-04
4.517907e-04
1.099173e-03
1.638247e-03
2.006295e-03
2.031707e-03
1.804281e-03
1.621003e-03
1.456897e-03
1.201058e-03
8.402106e-04
3.499036e-04
-2.792857e-04
-9.943125e-04
-1.596870e-03
-1.971388e-03
-2.169179e-03
-2.293150e-03
-2.298576e-03
-2.181993e-03
-2.104959e-03
-2.151841e-03
-2.184038e-03
-2.106215e-03
-1.896547e-03
-1.539516e-03
-1.159149e-03
-8.222929e-04
-5.031427e-04
-2.071726e-04
4.112765e-05
2.194387e-04
3.929035e-04
6.327969e-04
9.061911e-04
1.032453e-03
1.032162e-03
9.923335e-04
9.710699e-04
1.004476e-03
1.101225e-03
1.191047e-03
1.200660e-03
1.007286e-03
4.133676e-04
-3.892774e-04
-1.144686e-03
-1.768639e-03
-2.184964e-03
-2.389070e-03
-2.374277e-03
-2.292239e-03
-2.255616e-03
-2.182730e-03
-2.016456e-03
-1.736729e-03
-1.442082e-03
-1.175591e-03
-9.162500e-04
-7.164937e-04
-7.144685e-04
-8.244874e-04
-8.503776e-04
-7.213501e-04
-3.789599e-04
1.664128e-04
6.463565e-04
9.848478e-04
1.230612e-03
1.358261e-03
1.309203e-03
1.145457e-03
1.052250e-03
9.966046e-04
8.422207e-04
6.057467e-04
3.000393e-04
-3.675018e-05
-3.147457e-04
-4.600261e-04
-3.976433e-04
-7.880386e-05
4.874659e-04
1.098255e-03
1.560997e-03
1.903900e-03
2.173280e-03
2.172553e-03
1.864272e-03
1.491904e-03
1.138702e-03
6.619090e-04
4.049693e-05
-6.136986e-04
-1.295472e-03
-1.983488e-03
-2.526782e-03
-2.767515e-03
-2.637742e-03
-2.267895e-03
-1.800891e-03
-1.337913e-03
-1.059495e-03
-1.070606e-03
-1.273817e-03
-1.541061e-03
-1.757295e-03
-1.808971e-03
-1.725191e-03
-1.649792e-03
-1.611152e-03
-1.553701e-03
-1.442751e-03
-1.170122e-03
-6.448086e-04
1.073363e-04
9.228708e-04
1.662728e-03
2.242785e-03
2.593477e-03
2.672351e-03
2.438012e-03
1.994992e-03
1.528185e-03
1.162317e-03
9.649200e-04
7.731320e-04
5.012778e-04
3.289453e-04
3.578721e-04
4.333787e-04
3.954424e-04
3.124961e-04
3.231593e-04
3.186295e-04
1.901462e-04
-5.827624e-05
-3.739928e-04
-7.038104e-04
-1.061079e-03
-1.519644e-03
-2.049238e-03
-2.600779e-03
-3.175406e-03
-3.732366e-03
-4.213676e-03
-4.456629e-03
-4.499501e-03
-4.461395e-03
-4.357060e-03
-4.268577e-03
-4.224159e-03
-4.156084e-03
-4.040884e-03
-3.909505e-03
-3.614179e-03
-3.072503e-03
-2.273994e-03
-1.263756e-03
-2.114700e-04
7.757686e-04
1.602272e-03
2.201708e-03
2.528233e-03
2.624490e-03
2.592609e-03
2.414870e-03
2.206123e-03
2.139837e-03
2.159066e-03
2.218764e-03
2.257644e-03
2.226773e-03
2.124068e-03
1.801918e-03
1.274573e-03
6.387478e-04
-4.969361e-05
-7.061249e-04
-1.116908e-03
-1.261164e-03
-1.295112e-03
-1.270550e-03
-1.374026e-03
-1.594674e-03
-1.752950e-03
-1.927700e-03
-2.172855e-03
-2.256827e-03
-2.193552e-03
-2.111579e-03
-1.919735e-03
-1.623595e-03
-1.413316e-03
-1.306453e-03
-1.184025e-03
-1.038885e-03
-9.095049e-04
-8.342918e-04
-8.583991e-04
-9.032669e-04
-7.689669e-04
-4.875191e-04
-1.315213e-04
3.239094e-04
8.536179e-04
1.265479e-03
1.394074e-03
1.318859e-03
1.185263e-03
9.895713e-04
7.274631e-04
4.267643e-04
1.135531e-04
-2.136104e-04
-6.045646e-04
-1.060536e-03
-1.417620e-03
-1.639886e-03
-1.843799e-03
-2.099083e-03
-2.265645e-03
-2.184886e-03
-1.937814e-03
-1.601599e-03
-1.196666e-03
-7.659097e-04
-4.048792e-04
-1.377763e-04
4.345871e-05
1.771474e-04
2.378063e-04
1.284246e-04
-5.226648e-06
-7.823474e-05
-2.543137e-04
-5.832863e-04
-1.030905e-03
-1.448071e-03
-1.692191e-03
-1.675585e-03
-1.303137e-03
-6.684259e-04
1.948406e-06
4.613397e-04
5.752621e-04
3.515293e-04
-1.821520e-04
-8.969783e-04
-1.507056e-03
-1.804001e-03
-1.893424e-03
-1.857399e-03
-1.791039e-03
-1.686225e-03
-1.464671e-03
-1.190787e-03
-9.238026e-04
-5.624037e-04
-1.277821e-04
1.154961e-04
4.223238e-05
-2.334370e-04
-3.955749e-04
-3.487368e-04
-6.657264e-05
5.071571e-04
1.228466e-03
1.943289e-03
2.555738e-03
3.011655e-03
3.259372e-03
3.287390e-03
3.277353e-03
3.368572e-03
3.476952e-03
3.553032e-03
3.548145e-03
3.303043e-03
2.776298e-03
2.194366e-03
1.700763e-03
1.258259e-03
8.486005e-04
5.340322e-04
2.386241e-04
-2.406908e-04
-8.202818e-04
-1.335005e-03
-1.797567e-03
-2.240037e-03
-2.662509e-03
-2.955026e-03
-3.050999e-03
-2.987322e-03
-2.872288e-03
-2.765318e-03
-2.504427e-03
-1.977971e-03
-1.538887e-03
-1.335191e-03
-1.130007e-03
-7.897366e-04
-4.200807e-04
-5.019911e-05
3.496814e-04
7.532347e-04
1.161865e-03
1.531287e-03
1.681351e-03
1.702883e-03
1.839696e-03
2.086385e-03
2.357186e-03
2.574377e-03
2.672309e-03
2.553483e-03
2.181540e-03
1.661913e-03
1.130645e-03
6.253107e-04
1.395883e-04
-3.316662e-04
-7.668789e-04
-1.226818e-03
-1.710668e-03
-2.140162e-03
-2.467867e-03
-2.683599e-03
-2.782637e-03
-2.836421e-03
-2.870587e-03
-2.752179e-03
-2.610875e-03
-2.632582e-03
-2.666557e-03
-2.504212e-03
-2.252076e-03
-2.108613e-03
-2.038070e-03
-1.945750e-03
-1.810180e-03
-1.677032e-03
-1.572595e-03
-1.521630e-03
-1.464909e-03
-1.420652e-03
-1.532690e-03
-1.864390e-03
-2.284413e-03
-2.604201e-03
-2.822817e-03
-2.963284e-03
-3.057532e-03
-3.189978e-03
-3.389188e-03
-3.753858e-03
-4.254707e-03
-4.701330e-03
-5.001912e-03
-5.092891e-03
-4.843823e-03
-4.284503e-03
-3.513096e-03
-2.535343e-03
-1.364077e-03
-2.203613e-04
6.880458e-04
1.331530e-03
1.680913e-03
1.708628e-03
1.471979e-03
1.040059e-03
5.245829e-04
1.031464e-04
-2.297107e-04
-5.169595e-04
-6.951329e-04
-7.774452e-04
-7.347967e-04
-5.305113e-04
-2.807556e-04
-7.586012e-05
-7.816902e-05
-2.045185e-04
-2.807815e-04
-3.448066e-04
-3.493103e-04
-1.175385e-04
3.142760e-04
7.385401e-04
1.106798e-03
1.462346e-03
1.882257e-03
2.433510e-03
2.973498e-03
3.342532e-03
3.453925e-03
3.391974e-03
3.167888e-03
2.767033e-03
2.329135e-03
2.089875e-03
2.062762e-03
2.099598e-03
2.194152e-03
2.283518e-03
2.236630e-03
2.052094e-03
1.754227e-03
1.309892e-03
8.314849e-04
4.101393e-04
1.124146e-04
3.658235e-05
2.516036e-04
7.073682e-04
1.200867e-03
1.571269e-03
1.789104e-03
1.837598e-03
1.700579e-03
1.547618e-03
1.541730e-03
1.678802e-03
1.990725e-03
2.454282e-03
2.845319e-03
3.065864e-03
3.204794e-03
3.339377e-03
3.545505e-03
3.857864e-03
4.235163e-03
4.604822e-03
4.794146e-03
4.725179e-03
4.459351e-03
4.089474e-03
3.793564e-03
3.612187e-03
3.417522e-03
3.171672e-03
2.878477e-03
2.543862e-03
2.195432e-03
1.810604e-03
1.502414e-03
1.293958e-03
9.364181e-04
3.321791e-04
-3.921870e-04
-1.191798e-03
-2.004632e-03
-2.632041e-03
-2.865655e-03
-2.690950e-03
-2.478675e-03
-2.454702e-03
-2.575517e-03
-2.798578e-03
-3.009349e-03
-3.181042e-03
-3.409271e-03
-3.761898e-03
-4.235806e-03
-4.917600e-03
-5.808566e-03
-6.650924e-03
-7.131311e-03
-7.068010e-03
-6.430775e-03
-5.407241e-03
-4.219731e-03
-2.988167e-03
-1.873180e-03
-1.044355e-03
-4.673022e-04
3.730073e-05
5.432300e-04
8.979934e-04
1.058223e-03
1.060311e-03
8.676602e-04
5.902696e-04
4.300387e-04
4.191354e-04
5.890802e-04
9.655788e-04
1.463313e-03
1.883035e-03
2.109088e-03
2.227332e-03
2.217442e-03
2.031240e-03
1.725364e-03
1.378287e-03
1.123432e-03
9.916696e-04
8.565230e-04
8.002089e-04
1.013490e-03
1.404916e-03
1.878388e-03
2.356148e-03
2.728650e-03
2.908982e-03
2.865228e-03
2.624488e-03
2.301958e-03
2.063552e-03
1.961216e-03
2.088460e-03
2.494179e-03
3.042074e-03
3.505265e-03
3.881712e-03
4.096762e-03
4.130860e-03
3.989153e-03
3.671774e-03
3.199252e-03
2.532414e-03
1.711354e-03
8.232013e-04
-1.326133e-04
-1.144905e-03
-2.065685e-03
-2.655086e-03
-2.837309e-03
-2.697858e-03
-2.391580e-03
-2.120212e-03
-2.020840e-03
-2.082314e-03
-2.311007e-03
-2.735217e-03
-3.282349e-03
-3.848796e-03
-4.304409e-03
-4.582964e-03
-4.689827e-03
-4.630135e-03
-4.366156e-03
-3.932904e-03
-3.390948e-03
-2.762239e-03
-2.158818e-03
-1.720199e-03
-1.390004e-03
-1.277108e-03
-1.364196e-03
-1.545136e-03
-1.784921e-03
-2.077272e-03
-2.347502e-03
-2.486188e-03
-2.606762e-03
-2.789055e-03
-2.942500e-03
-2.947530e-03
-2.711681e-03
-2.315493e-03
-1.818749e-03
-1.374722e-03
-1.138467e-03
-9.797307e-04
-8.232349e-04
-6.795634e-04
-4.995388e-04
-3.796332e-04
-3.680120e-04
-4.792307e-04
-7.399006e-04
-1.058388e-03
-1.319211e-03
-1.399912e-03
-1.173461e-03
-5.713517e-04
3.726539e-04
1.367369e-03
2.180586e-03
2.765161e-03
3.041353e-03
2.943901e-03
2.747015e-03
2.723821e-03
2.720566e-03
2.618611e-03
2.488898e-03
2.389882e-03
2.367324e-03
2.559130e-03
3.047907e-03
3.804618e-03
4.762457e-03
5.734120e-03
6.564993e-03
7.156828e-03
7.523200e-03
7.752564e-03
7.857118e-03
7.864441e-03
7.729103e-03
7.313281e-03
6.637418e-03
5.911723e-03
5.220781e-03
4.657722e-03
4.241714e-03
3.835121e-03
3.331758e-03
2.619811e-03
1.813203e-03
1.084724e-03
4.745328e-04
2.557501e-05
-1.649783e-04
-2.145279e-04
-3.343965e-04
-6.139827e-04
-1.034666e-03
-1.521638e-03
-1.939148e-03
-2.218381e-03
-2.332208e-03
-2.309869e-03
-2.203141e-03
-1.988671e-03
-1.674415e-03
-1.297360e-03
-9.096620e-04
-5.380725e-04
-1.766428e-04
1.041385e-04
2.745473e-04
3.637135e-04
4.038457e-04
4.676322e-04
6.715647e-04
9.306288e-04
1.175733e-03
1.425960e-03
1.624818e-03
1.845107e-03
2.208261e-03
2.562729e-03
2.860100e-03
3.111979e-03
3.295995e-03
3.440379e-03
3.515946e-03
3.497951e-03
3.417653e-03
3.310145e-03
3.138077e-03
2.937373e-03
2.787555e-03
2.707569e-03
2.696179e-03
2.594046e-03
2.286913e-03
1.826536e-03
1.294010e-03
6.936271e-04
7.587143e-05
-5.100015e-04
-1.091458e-03
-1.628577e-03
-2.155263e-03
-2.727298e-03
-3.271259e-03
-3.540716e-03
-3.345077e-03
-2.783599e-03
-2.078222e-03
-1.466291e-03
-1.150149e-03
-1.180545e-03
-1.491585e-03
-1.919170e-03
-2.373318e-03
-2.731437e-03
-2.953829e-03
-3.086682e-03
-3.191376e-03
-3.289533e-03
-3.304684e-03
-3.079413e-03
-2.557892e-03
-1.780848e-03
-8.152477e-04
1.246303e-04
7.859644e-04
1.055410e-03
9.094464e-04
4.064849e-04
-2.747798e-04
-8.684328e-04
-1.286911e-03
-1.511775e-03
-1.561589e-03
-1.459502e-03
-1.291649e-03
-1.191901e-03
-1.091674e-03
-9.115790e-04
-7.774367e-04
-7.987818e-04
-1.005261e-03
-1.467650e-03
-2.142326e-03
-2.783101e-03
-3.192521e-03
-3.310814e-03
-3.089396e-03
-2.448135e-03
-1.491595e-03
-3.779781e-04
7.296013e-04
1.698939e-03
2.530382e-03
3.189779e-03
3.590065e-03
3.666317e-03
3.402510e-03
2.899864e-03
2.269794e-03
1.636924e-03
1.166470e-03
9.647339e-04
1.044171e-03
1.288707e-03
1.546304e-03
1.750860e-03
1.996662e-03
2.237325e-03
2.410698e-03
2.469294e-03
2.343427e-03
1.981170e-03
1.384884e-03
6.116201e-04
-1.919759e-04
-7.947543e-04
-1.072357e-03
-1.099586e-03
-1.053174e-03
-9.340248e-04
-7.981174e-04
-6.737629e-04
-5.023716e-04
-1.696536e-04
3.119932e-04
7.507420e-04
9.876879e-04
1.134381e-03
1.220125e-03
1.133713e-03
8.866107e-04
5.686461e-04
2.260268e-04
-1.785773e-04
-7.022483e-04
-1.300660e-03
-1.923458e-03
-2.588444e-03
-3.205080e-03
-3.597107e-03
-3.849043e-03
-4.081335e-03
-4.272997e-03
-4.430103e-03
-4.530985e-03
-4.575875e-03
-4.611105e-03
-4.591150e-03
-4.453962e-03
-4.180871e-03
-3.701054e-03
-3.001740e-03
-2.268470e-03
-1.790780e-03
-1.674208e-03
-1.886597e-03
-2.335550e-03
-2.869583e-03
-3.354201e-03
-3.680874e-03
-3.800816e-03
-3.621821e-03
-3.180924e-03
-2.638621e-03
-2.060121e-03
-1.438143e-03
-7.134953e-04
1.642920e-04
1.153805e-03
2.132169e-03
2.987732e-03
3.584957e-03
3.857604e-03
3.805034e-03
3.526661e-03
3.158541e-03
2.811981e-03
2.624955e-03
2.641864e-03
2.919106e-03
3.476650e-03
4.196582e-03
4.928665e-03
5.528066e-03
5.856376e-03
5.761224e-03
5.321595e-03
4.583097e-03
3.582182e-03
2.446424e-03
1.283610e-03
1.398485e-04
-9.519771e-04
-1.831929e-03
-2.430878e-03
-2.667405e-03
-2.417408e-03
-1.776756e-03
-1.029104e-03
-2.709497e-04
3.066363e-04
3.894268e-04
-1.010132e-04
-9.485894e-04
-1.858446e-03
-2.680163e-03
-3.352986e-03
-3.718418e-03
-3.653855e-03
-3.320405e-03
-2.904020e-03
-2.508735e-03
-2.364635e-03
-2.561383e-03
-2.899292e-03
-3.171513e-03
-3.349166e-03
-3.298504e-03
-2.952867e-03
-2.420303e-03
-1.948644e-03
-1.684162e-03
-1.490251e-03
-1.144390e-03
-5.433456e-04
3.338526e-04
1.443438e-03
2.568307e-03
3.413566e-03
3.917732e-03
4.193657e-03
4.262121e-03
4.182238e-03
4.102463e-03
4.154569e-03
4.159381e-03
3.865224e-03
3.273298e-03
2.566807e-03
1.925520e-03
1.466136e-03
1.202345e-03
1.038092e-03
7.767632e-04
2.865742e-04
-3.749259e-04
-9.624008e-04
-1.334770e-03
-1.499040e-03
-1.511511e-03
-1.498040e-03
-1.618464e-03
-1.992281e-03
-2.521867e-03
-2.960215e-03
-3.281125e-03
-3.446071e-03
-3.387340e-03
-3.234052e-03
-3.226079e-03
-3.436884e-03
-3.763057e-03
-4.102510e-03
-4.302203e-03
-4.168486e-03
-3.781404e-03
-3.479969e-03
-3.401804e-03
-3.343434e-03
-3.145753e-03
-2.866722e-03
-2.372623e-03
-1.474659e-03
-3.429177e-04
6.793412e-04
1.374760e-03
1.780276e-03
2.091089e-03
2.520190e-03
3.155431e-03
3.869483e-03
4.466153e-03
4.885494e-03
5.052144e-03
5.002617e-03
4.895821e-03
4.745773e-03
4.565075e-03
4.456187e-03
4.377396e-03
4.123801e-03
3.543142e-03
2.779137e-03
2.123917e-03
1.846020e-03
1.907996e-03
2.050753e-03
2.097265e-03
1.941543e-03
1.332984e-03
2.354660e-04
-1.037952e-03
-2.179988e-03
-3.015467e-03
-3.504488e-03
-3.629435e-03
-3.294946e-03
-2.623276e-03
-1.895778e-03
-1.148769e-03
-3.965297e-04
2.153707e-04
5.439324e-04
5.613123e-04
1.857571e-04
-6.059785e-04
-1.604426e-03
-2.557207e-03
-3.407482e-03
-4.159074e-03
-4.685180e-03
-4.881000e-03
-4.857525e-03
-4.739809e-03
-4.675606e-03
-4.656229e-03
-4.697859e-03
-4.958778e-03
-5.387865e-03
-5.666526e-03
-5.591644e-03
-5.210719e-03
-4.653425e-03
-4.010392e-03
-3.488855e-03
-3.266376e-03
-3.231438e-03
-3.091801e-03
-2.601726e-03
-1.768939e-03
-7.995790e-04
1.244171e-04
8.491649e-04
1.176695e-03
1.214290e-03
1.278698e-03
1.379065e-03
1.432511e-03
1.284130e-03
7.826661e-04
6.406300e-05
-5.199674e-04
-7.060575e-04
-3.343561e-04
4.802386e-04
1.345136e-03
1.883336e-03
1.821951e-03
1.022375e-03
-2.394145e-04
-1.428436e-03
-2.227657e-03
-2.568884e-03
-2.579643e-03
-2.484661e-03
-2.479403e-03
-2.620265e-03
-2.922229e-03
-3.220344e-03
-3.332335e-03
-3.179485e-03
-2.918336e-03
-2.698373e-03
-2.688277e-03
-2.880992e-03
-3.082070e-03
-3.123615e-03
-2.892605e-03
-2.455694e-03
-1.978992e-03
-1.657296e-03
-1.562244e-03
-1.646357e-03
-1.741901e-03
-1.726528e-03
-1.477479e-03
-9.564871e-04
-2.206358e-04
5.414779e-04
1.114295e-03
1.476818e-03
1.734721e-03
1.931520e-03
1.988548e-03
1.803040e-03
1.219614e-03
2.546935e-04
-7.707523e-04
-1.698469e-03
-2.462437e-03
-2.829985e-03
-2.780891e-03
-2.587180e-03
-2.450659e-03
-2.412109e-03
-2.384795e-03
-2.305280e-03
-2.185674e-03
-2.116903e-03
-2.227915e-03
-2.551538e-03
-3.047515e-03
-3.770514e-03
-4.690858e-03
-5.697401e-03
-6.510334e-03
-6.971625e-03
-7.135284e-03
-7.041321e-03
-6.743747e-03
-6.374160e-03
-6.028638e-03
-5.827036e-03
-5.815521e-03
-5.909570e-03
-6.129503e-03
-6.490654e-03
-6.844982e-03
-7.062469e-03
-7.062920e-03
-6.818751e-03
-6.256604e-03
-5.312522e-03
-4.165597e-03
-2.944796e-03
-1.734095e-03
-6.336283e-04
2.165911e-04
7.213524e-04
8.212105e-04
5.263669e-04
-6.591490e-05
-7.847689e-04
-1.466330e-03
-1.914491e-03
-2.118598e-03
-2.188211e-03
-2.255186e-03
-2.381417e-03
-2.474807e-03
-2.383764e-03
-2.021122e-03
-1.319728e-03
-2.871455e-04
8.346197e-04
1.727208e-03
2.266047e-03
2.463978e-03
2.354910e-03
2.043042e-03
1.774233e-03
1.713109e-03
1.838353e-03
2.020226e-03
2.135229e-03
2.169820e-03
2.231153e-03
2.510399e-03
3.277787e-03
4.553640e-03
5.996945e-03
7.300585e-03
8.374525e-03
9.158887e-03
9.442433e-03
9.201371e-03
8.617756e-03
7.962469e-03
7.367612e-03
6.770086e-03
6.148580e-03
5.471151e-03
4.589320e-03
3.474000e-03
2.292100e-03
1.258780e-03
5.167488e-04
2.091732e-04
4.265237e-04
1.077472e-03
1.747833e-03
2.066682e-03
1.873451e-03
1.035050e-03
-3.977270e-04
-2.173024e-03
-3.967844e-03
-5.471009e-03
-6.525969e-03
-6.922780e-03
-6.494561e-03
-5.296952e-03
-3.483937e-03
-1.307724e-03
8.820279e-04
2.757250e-03
4.240087e-03
5.281909e-03
5.677593e-03
5.201041e-03
3.791905e-03
1.663577e-03
-1.133251e-03
-4.289064e-03
-7.126900e-03
-9.251638e-03
-1.071297e-02
-1.170517e-02
-1.238334e-02
-1.265228e-02
-1.220575e-02
-1.106699e-02
-9.406879e-03
-7.094648e-03
-4.368549e-03
-1.793544e-03
1.566514e-04
1.213292e-03
1.450995e-03
1.285839e-03
1.395249e-03
2.113268e-03
3.322129e-03
4.636365e-03
5.494734e-03
5.493804e-03
4.692091e-03
3.635432e-03
3.011417e-03
3.201457e-03
4.106055e-03
5.037285e-03
5.128568e-03
4.012625e-03
1.965755e-03
-2.280348e-04
-1.444819e-03
-9.362714e-04
1.116154e-03
3.725270e-03
5.589767e-03
5.834384e-03
4.446923e-03
2.110647e-03
-8.151099e-05
-1.176355e-03
-9.794646e-04
1.417093e-05
1.012793e-03
1.383730e-03
1.000156e-03
2.547708e-04
-5.129673e-05
7.472270e-04
2.698196e-03
5.297651e-03
7.797067e-03
9.343402e-03
9.436284e-03
8.272159e-03
6.585951e-03
5.112564e-03
4.354416e-03
4.549653e-03
5.658062e-03
7.463902e-03
9.662404e-03
1.210288e-02
1.467820e-02
1.721769e-02
1.951444e-02
2.112224e-02
2.144636e-02
2.023425e-02
1.758845e-02
1.394281e-02
1.008082e-02
6.626969e-03
3.764436e-03
1.338093e-03
-9.110964e-04
-3.022947e-03
-4.890757e-03
-6.095229e-03
-6.042291e-03
-4.454731e-03
-1.665347e-03
1.500453e-03
4.085528e-03
5.373386e-03
5.157816e-03
3.533564e-03
9.895474e-04
-1.663045e-03
-3.655939e-03
-4.580472e-03
-4.569909e-03
-4.111760e-03
-3.601458e-03
-3.042485e-03
-2.243285e-03
-1.167742e-03
9.413489e-05
1.444246e-03
2.637843e-03
3.578136e-03
4.125383e-03
3.979899e-03
3.126533e-03
1.850489e-03
3.549025e-04
-1.018575e-03
-1.728767e-03
-1.336694e-03
2.364281e-04
2.507168e-03
4.585211e-03
5.625124e-03
5.351072e-03
4.158546e-03
2.585617e-03
1.149576e-03
4.085498e-04
5.927803e-04
1.352268e-03
2.268904e-03
3.233785e-03
4.286121e-03
5.622679e-03
7.271570e-03
8.921702e-03
1.021986e-02
1.099770e-02
1.103188e-02
1.010790e-02
8.436550e-03
6.646520e-03
5.276203e-03
4.453992e-03
4.122353e-03
4.447863e-03
5.605587e-03
7.564869e-03
1.007637e-02
1.274553e-02
1.515806e-02
1.698908e-02
1.787504e-02
1.739268e-02
1.569384e-02
1.344405e-02
1.120812e-02
9.211421e-03
7.614334e-03
6.665921e-03
6.472819e-03
6.694331e-03
6.689542e-03
5.955900e-03
4.259940e-03
1.550139e-03
-1.814420e-03
-5.067020e-03
-7.575179e-03
-9.168960e-03
-1.003546e-02
-1.044781e-02
-1.068287e-02
-1.097987e-02
-1.121277e-02
-1.107921e-02
-1.038153e-02
-9.029586e-03
-7.136119e-03
-5.058898e-03
-3.195555e-03
-1.842687e-03
-1.373042e-03
-2.000170e-03
-3.499953e-03
-5.374732e-03
-7.124255e-03
-8.532019e-03
-9.617495e-03
-1.035524e-02
-1.070556e-02
-1.067406e-02
-1.034709e-02
-9.673176e-03
-8.503138e-03
-6.685669e-03
-4.358164e-03
-2.082788e-03
-4.042346e-04
4.627526e-04
4.212637e-04
-8.813879e-04
-3.689534e-03
-7.544009e-03
-1.142952e-02
-1.446448e-02
-1.621621e-02
-1.657996e-02
-1.566002e-02
-1.393985e-02
-1.227285e-02
-1.157703e-02
-1.227229e-02
-1.424899e-02
-1.695805e-02
-1.949626e-02
-2.088358e-02
-2.031432e-02
-1.749822e-02
-1.280176e-02
-7.027672e-03
-1.203207e-03
3.813314e-03
7.540212e-03
9.735750e-03
1.044464e-02
1.007092e-02
9.132618e-03
7.574868e-03
5.257342e-03
2.444324e-03
-7.934993e-05
-1.300070e-03
-7.033043e-04
1.644241e-03
5.328798e-03
9.586683e-03
1.339860e-02
1.578745e-02
1.598228e-02
1.382859e-02
1.003195e-02
5.805157e-03
2.211664e-03
-2.394192e-04
-1.589321e-03
-1.914696e-03
-1.482193e-03
-6.882390e-04
1.975112e-04
1.050564e-03
1.800975e-03
2.331479e-03
2.281830e-03
1.205825e-03
-1.221244e-03
-4.811649e-03
-8.871203e-03
-1.264824e-02
-1.533544e-02
-1.624938e-02
-1.501123e-02
-1.192327e-02
-7.883180e-03
-4.004426e-03
-1.056116e-03
6.119327e-04
1.044039e-03
6.450597e-04
-8.214014e-05
-1.013308e-03
-2.281443e-03
-3.929067e-03
-5.748334e-03
-7.226812e-03
-8.037436e-03
-8.100056e-03
-7.536939e-03
-6.826440e-03
-6.625578e-03
-7.399172e-03
-9.039853e-03
-1.098548e-02
-1.265579e-02
-1.372563e-02
-1.409619e-02
-1.399187e-02
-1.401675e-02
-1.450676e-02
-1.519854e-02
-1.533114e-02
-1.423693e-02
-1.184775e-02
-8.698156e-03
-5.562073e-03
-3.052625e-03
-1.547490e-03
-1.184977e-03
-1.757169e-03
-2.786988e-03
-3.785048e-03
-4.407203e-03
-4.643394e-03
-4.735408e-03
-4.831757e-03
-4.762934e-03
-4.277840e-03
-3.340730e-03
-2.076476e-03
-5.993368e-04
8.643717e-04
2.013530e-03
2.757084e-03
3.180303e-03
3.470040e-03
3.886629e-03
4.372319e-03
4.534829e-03
4.192981e-03
3.412904e-03
2.408927e-03
1.535656e-03
1.213724e-03
1.737208e-03
3.028794e-03
4.554149e-03
5.842912e-03
6.456337e-03
6.319722e-03
5.666015e-03
4.770177e-03
3.967762e-03
3.325597e-03
2.599462e-03
1.601920e-03
3.779251e-04
-8.404125e-04
-1.683096e-03
-1.899399e-03
-1.483028e-03
-7.337844e-04
-1.668908e-04
-2.306216e-04
-1.080659e-03
-2.658289e-03
-4.781126e-03
-7.207394e-03
-9.587189e-03
-1.167755e-02
-1.320033e-02
-1.395317e-02
-1.388350e-02
-1.285073e-02
-1.099516e-02
-8.863799e-03
-7.182425e-03
-6.397124e-03
-6.395114e-03
-6.684125e-03
-6.662940e-03
-5.907875e-03
-4.233868e-03
-1.954421e-03
1.976840e-04
1.586157e-03
2.179196e-03
2.491034e-03
3.196012e-03
4.708806e-03
6.887722e-03
8.972788e-03
1.008568e-02
9.763045e-03
7.947607e-03
5.051791e-03
2.026399e-03
-1.115980e-04
-7.992954e-04
-6.748852e-05
1.454924e-03
2.841466e-03
3.449911e-03
3.064652e-03
1.568738e-03
-8.050361e-04
-3.565090e-03
-6.170761e-03
-8.384043e-03
-1.028544e-02
-1.209325e-02
-1.379315e-02
-1.516150e-02
-1.567612e-02
-1.481378e-02
-1.251604e-02
-9.185620e-03
-5.511450e-03
-2.147023e-03
4.539657e-04
2.080634e-03
2.768327e-03
2.735065e-03
2.343525e-03
1.855579e-03
1.186721e-03
-8.674219e-06
-1.738877e-03
-3.540865e-03
-5.069133e-03
-6.123436e-03
-6.348993e-03
-5.551743e-03
-4.150900e-03
-2.928904e-03
-2.356613e-03
-2.429459e-03
-2.914928e-03
-3.674036e-03
-4.648006e-03
-5.852716e-03
-7.366721e-03
-9.300388e-03
-1.183450e-02
-1.482065e-02
-1.757481e-02
-1.930098e-02
-1.956394e-02
-1.849575e-02
-1.640466e-02
-1.380990e-02
-1.137440e-02
-9.479212e-03
-8.114161e-03
-6.844442e-03
-5.338404e-03
-3.701524e-03
-2.259019e-03
-1.305532e-03
-1.075855e-03
-1.635128e-03
-2.800701e-03
-4.165105e-03
-5.073293e-03
-4.970850e-03
-3.758390e-03
-1.775390e-03
3.393944e-04
1.815164e-03
2.094956e-03
1.172411e-03
-3.714532e-04
-1.690632e-03
-2.044168e-03
-1.277376e-03
2.193621e-04
1.772554e-03
2.651263e-03
2.641548e-03
2.090371e-03
1.495203e-03
1.277626e-03
1.523445e-03
1.876626e-03
1.971039e-03
1.852841e-03
1.706800e-03
1.607091e-03
1.506168e-03
1.451621e-03
1.590653e-03
2.006943e-03
2.590894e-03
3.106836e-03
3.712446e-03
4.665429e-03
5.759878e-03
6.244497e-03
5.358584e-03
3.038545e-03
-2.173522e-04
-3.607121e-03
-6.406723e-03
-8.097348e-03
-8.540740e-03
-7.992385e-03
-6.908065e-03
-5.626024e-03
-4.373822e-03
-3.312797e-03
-2.487531e-03
-1.910867e-03
-1.695483e-03
-1.988212e-03
-2.595101e-03
-3.265494e-03
-3.856277e-03
-4.253647e-03
-4.300191e-03
-3.777384e-03
-2.682347e-03
-1.331370e-03
-1.625584e-05
1.237238e-03
2.666651e-03
4.276307e-03
5.736761e-03
6.624887e-03
6.508238e-03
5.146820e-03
2.697407e-03
-3.244927e-04
-3.255422e-03
-5.437351e-03
-6.499283e-03
-6.243386e-03
-4.740768e-03
-2.542379e-03
-3.579478e-04
1.520697e-03
3.006238e-03
3.995674e-03
4.504185e-03
4.615978e-03
4.309942e-03
3.499430e-03
2.230323e-03
7.466460e-04
-7.429109e-04
-2.128961e-03
-3.113354e-03
-3.301331e-03
-2.498291e-03
-1.112989e-03
4.291216e-05
4.321779e-04
-1.034018e-04
-1.454693e-03
-3.160828e-03
-4.624729e-03
-5.586100e-03
-6.160550e-03
-6.727219e-03
-7.676058e-03
-9.085607e-03
-1.079901e-02
-1.248225e-02
-1.374590e-02
-1.433870e-02
-1.446041e-02
-1.433689e-02
-1.388755e-02
-1.292682e-02
-1.122606e-02
-8.605622e-03
-5.153783e-03
-1.252450e-03
2.351397e-03
4.851368e-03
6.060087e-03
6.197389e-03
5.366910e-03
3.703885e-03
1.589964e-03
-7.246876e-04
-3.352376e-03
-6.374412e-03
-9.383119e-03
-1.145256e-02
-1.191180e-02
-1.080084e-02
-8.699964e-03
-6.278070e-03
-4.197482e-03
-3.087659e-03
-3.157252e-03
-4.067667e-03
-5.307962e-03
-6.565884e-03
-7.547809e-03
-7.977664e-03
-7.917960e-03
-7.833744e-03
-7.955735e-03
-8.000408e-03
-7.645017e-03
-6.697250e-03
-5.202311e-03
-3.440667e-03
-1.818309e-03
-5.888696e-04
3.077853e-04
9.553000e-04
1.210777e-03
1.086282e-03
1.064324e-03
1.594259e-03
2.502029e-03
3.074529e-03
2.865157e-03
2.076129e-03
1.294918e-03
1.107590e-03
1.774025e-03
3.371836e-03
5.762668e-03
8.363930e-03
1.048147e-02
1.173397e-02
1.204623e-02
1.164751e-02
1.105891e-02
1.039185e-02
9.108692e-03
6.766768e-03
3.616383e-03
2.633236e-04
-2.891315e-03
-5.301140e-03
-6.382829e-03
-6.152005e-03
-5.493060e-03
-5.322756e-03
-5.777002e-03
-6.347529e-03
-6.485609e-03
-6.029566e-03
-5.121092e-03
-4.077847e-03
-3.107202e-03
-2.348899e-03
-2.096218e-03
-2.466360e-03
-3.143409e-03
-3.660256e-03
-3.568541e-03
-2.776210e-03
-1.473940e-03
2.353329e-04
2.334173e-03
4.410300e-03
5.751334e-03
6.064329e-03
5.575711e-03
4.913285e-03
4.729909e-03
5.196871e-03
5.811979e-03
5.820261e-03
4.848146e-03
2.827195e-03
1.831754e-05
-2.878905e-03
-4.994293e-03
-5.749427e-03
-5.133946e-03
-3.704155e-03
-2.279755e-03
-1.500506e-03
-1.294769e-03
-9.625401e-04
1.709784e-04
1.737275e-03
2.717142e-03
2.437597e-03
1.112801e-03
-3.871317e-04
-1.344647e-03
-1.394568e-03
-5.643727e-04
3.937562e-04
6.165746e-04
-2.274653e-04
-1.878494e-03
-3.748564e-03
-4.985560e-03
-4.897735e-03
-3.750522e-03
-2.510150e-03
-1.918779e-03
-2.129473e-03
-2.692005e-03
-2.799868e-03
-1.839510e-03
2.660607e-04
2.780021e-03
4.436409e-03
4.663626e-03
3.664706e-03
2.024878e-03
7.789076e-04
1.049158e-03
3.026063e-03
5.438037e-03
6.820025e-03
6.658625e-03
5.337623e-03
3.450326e-03
1.316303e-03
-6.696330e-04
-2.003731e-03
-2.338674e-03
-1.742676e-03
-1.009447e-03
-8.522828e-04
-1.092603e-03
-1.107845e-03
-6.303551e-04
-1.503935e-04
-3.764413e-04
-1.484385e-03
-3.206126e-03
-5.075975e-03
-6.442764e-03
-6.614658e-03
-5.431802e-03
-3.367581e-03
-8.742939e-04
1.606976e-03
3.507969e-03
4.407612e-03
4.341653e-03
3.810584e-03
3.266338e-03
2.739005e-03
2.185051e-03
1.671727e-03
1.325066e-03
1.193085e-03
1.487934e-03
2.537617e-03
4.486182e-03
7.136374e-03
1.012931e-02
1.320554e-02
1.615283e-02
1.883735e-02
2.104613e-02
2.223368e-02
2.200704e-02
2.042105e-02
1.780030e-02
1.457335e-02
1.133736e-02
8.819151e-03
7.365157e-03
6.701516e-03
6.336744e-03
6.108791e-03
6.157437e-03
6.592245e-03
7.170534e-03
7.355721e-03
6.501305e-03
4.145128e-03
4.280909e-04
-3.798362e-03
-7.396426e-03
-9.434903e-03
-9.694976e-03
-8.665295e-03
-7.112820e-03
-5.766745e-03
-4.994134e-03
-4.284072e-03
-2.632124e-03
5.081623e-04
4.950156e-03
1.006185e-02
1.478351e-02
1.787503e-02
1.843366e-02
1.669053e-02
1.397086e-02
1.183045e-02
1.130794e-02
1.227615e-02
1.406735e-02
1.618884e-02
1.807917e-02
1.921189e-02
1.943714e-02
1.912941e-02
1.893042e-02
1.904104e-02
1.922074e-02
1.910660e-02
1.833279e-02
1.672128e-02
1.426566e-02
1.114448e-02
7.817061e-03
4.670871e-03
1.656423e-03
-1.478097e-03
-4.392981e-03
-6.278383e-03
-6.589567e-03
-5.566739e-03
-3.928449e-03
-2.484823e-03
-2.126652e-03
-3.389663e-03
-5.745239e-03
-8.037050e-03
-9.398781e-03
-9.571990e-03
-8.767293e-03
-7.572657e-03
-6.692420e-03
-6.397447e-03
-6.597174e-03
-6.794517e-03
-6.205382e-03
-4.314545e-03
-1.213542e-03
2.434345e-03
5.670893e-03
7.629838e-03
8.028576e-03
7.085310e-03
5.175091e-03
2.855971e-03
4.986136e-04
-1.811538e-03
-3.864771e-03
-5.366370e-03
-6.430573e-03
-7.215702e-03
-7.468724e-03
-6.812784e-03
-5.040315e-03
-2.259895e-03
9.653841e-04
4.123753e-03
7.019003e-03
9.377720e-03
1.076916e-02
1.107028e-02
1.052413e-02
9.424940e-03
7.893271e-03
5.980231e-03
3.928631e-03
2.147902e-03
8.239541e-04
-1.217155e-04
-5.333096e-04
-1.888077e-04
6.728613e-04
1.527503e-03
1.847213e-03
1.252488e-03
-3.317635e-04
-2.859707e-03
-5.958283e-03
-9.037513e-03
-1.153159e-02
-1.285027e-02
-1.282238e-02
-1.169750e-02
-9.757403e-03
-7.269391e-03
-4.728117e-03
-2.933148e-03
-2.543033e-03
-3.705467e-03
-5.728346e-03
-7.416508e-03
-8.101984e-03
-7.789468e-03
-6.474143e-03
-3.950281e-03
-5.517344e-04
2.580563e-03
4.285892e-03
4.459735e-03
3.857584e-03
3.233866e-03
3.116793e-03
3.899391e-03
5.621838e-03
7.716088e-03
9.292409e-03
9.651193e-03
8.506873e-03
5.971067e-03
3.136145e-03
1.718896e-03
2.644799e-03
5.314750e-03
8.459051e-03
1.112798e-02
1.242781e-02
1.138835e-02
7.836454e-03
2.912438e-03
-1.488339e-03
-4.167174e-03
-5.036281e-03
-4.193975e-03
-1.814326e-03
1.337624e-03
3.984346e-03
5.233958e-03
5.024951e-03
4.146880e-03
3.576010e-03
3.606518e-03
3.812632e-03
4.040901e-03
4.685895e-03
6.153967e-03
8.412750e-03
1.114204e-02
1.404463e-02
1.693849e-02
1.921432e-02
1.968413e-02
1.768336e-02
1.371249e-02
8.822703e-03
3.969579e-03
5.219563e-05
-2.065777e-03
-2.320221e-03
-1.594596e-03
-8.941921e-04
-9.282657e-04
-1.850174e-03
-3.289625e-03
-4.797564e-03
-6.112899e-03
-7.217018e-03
-8.306413e-03
-9.725126e-03
-1.163197e-02
-1.373119e-02
-1.531959e-02
-1.579564e-02
-1.482989e-02
-1.235840e-02
-8.720963e-03
-4.796213e-03
-1.767862e-03
-6.006159e-04
-1.559344e-03
-4.186176e-03
-7.649207e-03
-1.099409e-02
-1.339859e-02
-1.457645e-02
-1.485872e-02
-1.499392e-02
-1.542423e-02
-1.599066e-02
-1.618998e-02
-1.564688e-02
-1.441976e-02
-1.285840e-02
-1.144065e-02
-1.060328e-02
-1.067332e-02
-1.143934e-02
-1.235779e-02
-1.313704e-02
-1.373163e-02
-1.395420e-02
-1.349026e-02
-1.225279e-02
-1.029098e-02
-7.389983e-03
-3.446450e-03
8.638796e-04
4.214655e-03
5.827149e-03
5.913817e-03
5.094139e-03
3.916678e-03
2.848062e-03
2.034755e-03
1.147109e-03
-9.621440e-05
-1.364687e-03
-1.867989e-03
-1.072485e-03
7.609206e-04
3.010873e-03
5.122796e-03
6.596764e-03
6.907975e-03
6.193521e-03
5.252276e-03
4.823551e-03
5.079800e-03
5.749340e-03
6.691829e-03
7.737768e-03
8.383804e-03
8.377328e-03
8.552550e-03
1.037497e-02
1.450359e-02
1.986488e-02
2.422598e-02
2.550415e-02
2.297587e-02
1.772575e-02
1.218324e-02
8.697940e-03
8.368850e-03
1.105188e-02
1.576771e-02
2.068543e-02
2.349760e-02
2.246030e-02
1.797880e-02
1.240253e-02
8.048484e-03
5.530390e-03
3.795384e-03
1.699776e-03
-8.586371e-04
-3.195432e-03
-4.851257e-03
-5.956620e-03
-6.822352e-03
-7.109286e-03
-5.675282e-03
-2.044748e-03
1.555691e-03
1.334072e-03
-3.896899e-03
-1.119823e-02
-1.633503e-02
-1.721735e-02
-1.481386e-02
-1.129502e-02
-7.686354e-03
-3.287558e-03
2.529412e-03
8.282439e-03
1.147274e-02
1.206879e-02
1.319464e-02
1.653327e-02
1.953252e-02
1.848568e-02
1.252556e-02
4.144007e-03
-3.261918e-03
-7.508822e-03
-8.201476e-03
-6.677812e-03
-4.831476e-03
-3.579075e-03
-2.632271e-03
-1.485089e-03
-2.199281e-04
7.017653e-04
8.088710e-04
-6.993264e-05
-1.074433e-03
-6.085096e-04
1.544840e-03
3.278767e-03
2.814900e-03
1.091041e-03
4.920449e-04
1.361138e-03
1.817583e-03
1.306055e-03
2.033591e-03
5.721716e-03
1.066589e-02
1.370354e-02
1.424173e-02
1.463449e-02
1.656843e-02
1.890521e-02
1.955094e-02
1.810659e-02
1.600520e-02
1.422467e-02
1.192163e-02
7.790960e-03
2.042558e-03
-3.536039e-03
-7.005858e-03
-7.131301e-03
-3.750340e-03
1.799768e-03
7.205435e-03
1.080642e-02
1.213428e-02
1.086495e-02
6.719601e-03
1.319929e-03
-2.012799e-03
-1.669236e-03
3.811923e-04
1.048187e-03
-1.174764e-03
-5.815949e-03
-1.064316e-02
-1.292639e-02
-1.214879e-02
-1.049800e-02
-9.799406e-03
-9.291876e-03
-7.502252e-03
-4.948233e-03
-3.043348e-03
-1.646915e-03
7.731455e-05
1.634747e-03
1.755810e-03
1.829781e-04
-2.699900e-03
-6.227199e-03
-8.374767e-03
-6.861503e-03
-2.242010e-03
2.712325e-03
6.635810e-03
9.864140e-03
1.170075e-02
1.021686e-02
5.493870e-03
6.156224e-04
-1.480393e-03
-2.652287e-04
3.269079e-03
8.124770e-03
1.238920e-02
1.267949e-02
7.244265e-03
-1.212069e-03
-7.475923e-03
-8.901780e-03
-7.346879e-03
-5.829757e-03
-5.307099e-03
-5.221205e-03
-4.881521e-03
-3.588655e-03
-4.301505e-04
5.243196e-03
1.266953e-02
1.884321e-02
1.974278e-02
1.439477e-02
6.888666e-03
2.099419e-03
2.623650e-04
-1.302070e-03
-3.125301e-03
-3.686694e-03
-3.134574e-03
-3.532953e-03
-5.368037e-03
-6.002094e-03
-2.603824e-03
4.019815e-03
1.010103e-02
1.268426e-02
1.172268e-02
9.137617e-03
6.865789e-03
5.790576e-03
6.024031e-03
7.243601e-03
8.680299e-03
9.277250e-03
8.006357e-03
4.492892e-03
-2.665994e-04
-3.849044e-03
-4.255476e-03
-1.643712e-03
2.522322e-03
6.879065e-03
9.751310e-03
8.995530e-03
3.834858e-03
-3.649824e-03
-9.668435e-03
-1.166524e-02
-1.021281e-02
-7.902109e-03
-6.692765e-03
-6.991979e-03
-8.540992e-03
-1.148956e-02
-1.549417e-02
-1.774405e-02
-1.446873e-02
-5.645237e-03
3.427805e-03
7.073138e-03
4.638726e-03
-5.408871e-04
-6.027942e-03
-1.154944e-02
-1.598841e-02
-1.706371e-02
-1.467037e-02
-1.181555e-02
-1.156243e-02
-1.472552e-02
-1.987560e-02
-2.429731e-02
-2.569357e-02
-2.389707e-02
-2.079564e-02
-1.824443e-02
-1.719585e-02
-1.829331e-02
-2.173159e-02
-2.632220e-02
-2.940292e-02
-2.879753e-02
-2.483114e-02
-1.977034e-02
-1.568204e-02
-1.313939e-02
-1.143056e-02
-9.498317e-03
-6.809886e-03
-3.950462e-03
-1.906539e-03
-1.050735e-03
-7.485178e-04
7.265765e-05
2.001839e-03
5.011874e-03
8.618924e-03
1.176921e-02
1.347296e-02
1.366388e-02
1.301535e-02
1.198569e-02
1.108194e-02
1.114756e-02
1.219211e-02
1.273138e-02
1.105740e-02
7.140872e-03
2.662611e-03
-2.792438e-04
-2.311364e-04
2.750584e-03
6.885577e-03
9.804112e-03
9.876654e-03
7.159358e-03
3.033275e-03
-1.079001e-03
-4.473629e-03
-6.772980e-03
-6.884307e-03
-3.744369e-03
1.137556e-03
3.918052e-03
2.906092e-03
5.838739e-04
4.402285e-05
1.361626e-03
2.683493e-03
2.980956e-03
1.802186e-03
-1.385977e-03
-5.837661e-03
-8.744275e-03
-7.729990e-03
-3.298838e-03
2.085285e-03
6.440537e-03
8.722137e-03
7.645743e-03
2.671553e-03
-4.160797e-03
-9.391240e-03
-1.127233e-02
-1.053270e-02
-8.676353e-03
-7.046208e-03
-6.896522e-03
-8.647995e-03
-1.081696e-02
-1.131876e-02
-9.693007e-03
-6.928939e-03
-3.951579e-03
-1.438089e-03
-2.814438e-04
-1.354883e-03
-4.598816e-03
-8.576211e-03
-1.110468e-02
-1.107579e-02
-9.211359e-03
-6.816591e-03
-4.645144e-03
-3.074701e-03
-2.363201e-03
-2.173201e-03
-1.552596e-03
1.533619e-04
2.728196e-03
5.497273e-03
7.867819e-03
9.698321e-03
1.157225e-02
1.408022e-02
1.711418e-02
2.017804e-02
2.228003e-02
2.206255e-02
1.934760e-02
1.610059e-02
1.475076e-02
1.535779e-02
1.605505e-02
1.533827e-02
1.245400e-02
7.009876e-03
-1.549027e-04
-6.239696e-03
-8.534177e-03
-6.992618e-03
-3.623660e-03
-1.041696e-04
2.404567e-03
2.532052e-03
-3.048461e-04
-4.993661e-03
-9.639794e-03
-1.341729e-02
-1.651288e-02
-1.856796e-02
-1.857219e-02
-1.605283e-02
-1.208643e-02
-8.827782e-03
-7.985816e-03
-8.988073e-03
-9.095721e-03
-6.495788e-03
-2.483105e-03
5.864744e-04
2.493769e-03
4.783552e-03
7.703036e-03
9.804140e-03
1.116679e-02
1.401442e-02
1.968420e-02
2.665932e-02
3.211252e-02
3.429349e-02
3.296225e-02
2.865835e-02
2.244996e-02
1.595700e-02
1.073309e-02
7.335844e-03
5.118708e-03
2.944064e-03
2.342868e-04
-2.646523e-03
-5.123696e-03
-7.566376e-03
-1.071607e-02
-1.368900e-02
-1.398975e-02
-1.080549e-02
-6.780805e-03
-5.414170e-03
-7.585204e-03
-1.165646e-02
-1.653042e-02
-2.257061e-02
-2.950213e-02
-3.507307e-02
-3.668997e-02
-3.426103e-02
-3.064525e-02
-2.888216e-02
-2.931257e-02
-2.979725e-02
-2.879342e-02
-2.660439e-02
-2.390413e-02
-2.058469e-02
-1.651425e-02
-1.252556e-02
-9.288979e-03
-6.136838e-03
-2.585042e-03
-7.656335e-05
-7.410921e-04
-4.690645e-03
-9.736597e-03
-1.371197e-02
-1.592076e-02
-1.651135e-02
-1.533243e-02
-1.171441e-02
-5.608027e-03
1.382415e-03
6.749893e-03
9.247670e-03
9.430719e-03
7.812977e-03
4.624975e-03
1.592965e-03
1.866451e-03
6.910642e-03
1.423095e-02
1.989438e-02
2.257338e-02
2.362388e-02
2.330826e-02
2.010259e-02
1.452321e-02
1.028843e-02
9.633829e-03
1.011137e-02
8.726749e-03
6.842674e-03
8.189257e-03
1.336617e-02
1.951515e-02
2.412647e-02
2.644804e-02
2.624457e-02
2.388106e-02
2.119898e-02
2.006650e-02
2.069125e-02
2.216221e-02
2.377696e-02
2.440620e-02
2.172729e-02
1.428244e-02
3.699999e-03
-6.444257e-03
-1.393760e-02
-1.857275e-02
-2.060179e-02
-2.042030e-02
-1.944345e-02
-1.940340e-02
-2.048031e-02
-2.103947e-02
-1.980424e-02
-1.783226e-02
-1.725272e-02
-1.845447e-02
-1.969815e-02
-1.963954e-02
-1.944675e-02
-2.144853e-02
-2.603567e-02
-3.083555e-02
-3.319901e-02
-3.257740e-02
-3.013420e-02
-2.684030e-02
-2.279709e-02
-1.834283e-02
-1.485933e-02
-1.399182e-02
-1.619192e-02
-1.999363e-02
-2.322395e-02
-2.449666e-02
-2.310444e-02
-1.876792e-02
-1.218018e-02
-4.865911e-03
1.997205e-03
8.139715e-03
1.270911e-02
1.351517e-02
1.011546e-02
5.967156e-03
5.022553e-03
7.558162e-03
1.105682e-02
1.397103e-02
1.676253e-02
1.943331e-02
2.090885e-02
2.065009e-02
1.930307e-02
1.788609e-02
1.713217e-02
1.758733e-02
1.910115e-02
2.065147e-02
2.088253e-02
1.871161e-02
1.356009e-02
5.771089e-03
-2.869712e-03
-9.631969e-03
-1.230380e-02
-1.102478e-02
-8.480302e-03
-7.760329e-03
-9.954891e-03
-1.413138e-02
-1.916047e-02
-2.416432e-02
-2.744874e-02
-2.714141e-02
-2.317685e-02
-1.764064e-02
-1.343417e-02
-1.284633e-02
-1.602972e-02
-2.055130e-02
-2.292783e-02
-2.104350e-02
-1.524291e-02
-7.448754e-03
1.332324e-04
5.087901e-03
5.381788e-03
1.337131e-03
-4.155239e-03
-7.709012e-03
-7.151467e-03
-1.310596e-03
9.762839e-03
2.354299e-02
3.525209e-02
4.034680e-02
3.714463e-02
2.812421e-02
1.857996e-02
1.306831e-02
1.312622e-02
1.761877e-02
2.429193e-02
3.041026e-02
3.318342e-02
3.175888e-02
2.787158e-02
2.412471e-02
2.180598e-02
2.057125e-02
1.918333e-02
1.621135e-02
1.098887e-02
4.426795e-03
-1.959028e-03
-7.626577e-03
-1.232839e-02
-1.406273e-02
-1.100592e-02
-5.373123e-03
-1.696800e-03
-1.340038e-03
-1.429775e-03
4.469351e-04
3.651681e-03
6.346045e-03
7.470851e-03
6.569289e-03
3.175887e-03
-2.372787e-03
-8.258327e-03
-1.236408e-02
-1.403089e-02
-1.391351e-02
-1.298506e-02
-1.218194e-02
-1.229659e-02
-1.367210e-02
-1.583917e-02
-1.739145e-02
-1.682416e-02
-1.364119e-02
-8.948763e-03
-4.460589e-03
-6.581718e-04
3.464236e-03
8.732735e-03
1.461044e-02
1.996365e-02
2.417242e-02
2.678488e-02
2.715439e-02
2.536674e-02
2.288172e-02
2.144662e-02
2.166536e-02
2.325526e-02
2.618205e-02
3.050904e-02
3.538785e-02
3.954013e-02
4.279420e-02
4.593910e-02
4.907772e-02
5.132911e-02
5.206410e-02
5.141845e-02
4.966596e-02
4.719951e-02
4.492104e-02
4.369216e-02
4.360096e-02
4.386307e-02
4.354587e-02
4.250906e-02
4.130583e-02
3.998772e-02
3.760524e-02
3.360132e-02
2.865657e-02
2.360462e-02
1.824111e-02
1.205140e-02
5.348196e-03
-1.158694e-03
-7.296235e-03
-1.312643e-02
-1.858168e-02
-2.366552e-02
-2.845234e-02
-3.260686e-02
-3.535844e-02
-3.610989e-02
-3.512291e-02
-3.353565e-02
-3.242862e-02
-3.209701e-02
-3.221892e-02
-3.245514e-02
-3.261579e-02
-3.251336e-02
-3.222517e-02
-3.241075e-02
-3.383161e-02
-3.665437e-02
-4.036807e-02
-4.410274e-02
-4.724226e-02
-4.923363e-02
-4.965152e-02
-4.834328e-02
-4.522697e-02
-4.051128e-02
-3.510220e-02
-3.006702e-02
-2.593628e-02
-2.256652e-02
-1.965698e-02
-1.713935e-02
-1.510285e-02
-1.382165e-02
-1.341384e-02
-1.348362e-02
-1.379461e-02
-1.480157e-02
-1.718224e-02
-2.091375e-02
-2.506023e-02
-2.843519e-02
-3.030094e-02
-3.075988e-02
-3.054585e-02
-3.053388e-02
-3.132177e-02
-3.317603e-02
-3.614264e-02
-3.985407e-02
-4.328865e-02
-4.538476e-02
-4.584728e-02
-4.520868e-02
-4.416551e-02
-4.319115e-02
-4.243337e-02
-4.182748e-02
-4.120832e-02
-4.054722e-02
-3.965713e-02
-3.804425e-02
-3.561093e-02
-3.276166e-02
-2.968095e-02
-2.619826e-02
-2.203793e-02
-1.711925e-02
-1.166422e-02
-5.967273e-03
-2.057078e-04
5.740287e-03
1.215877e-02
1.883663e-02
2.507481e-02
3.001798e-02
3.311570e-02
3.467820e-02
3.533520e-02
3.535132e-02
3.500454e-02
3.489237e-02
3.573139e-02
3.767608e-02
3.994430e-02
4.158224e-02
4.235651e-02
4.241279e-02
4.196697e-02
4.171356e-02
4.252184e-02
4.462805e-02
4.744318e-02
5.006436e-02
5.195124e-02
5.297029e-02
5.304036e-02
5.182849e-02
4.934720e-02
4.628879e-02
4.321241e-02
4.036640e-02
3.791037e-02
3.595677e-02
3.428659e-02
3.239505e-02
3.005776e-02
2.765083e-02
2.574204e-02
2.427061e-02
2.253620e-02
2.006562e-02
1.686110e-02
1.320020e-02
9.458663e-03
6.115738e-03
3.542391e-03
1.861964e-03
1.013417e-03
7.170684e-04
8.204124e-04
1.554946e-03
3.259633e-03
5.831244e-03
8.635870e-03
1.066110e-02
1.092808e-02
9.302408e-03
6.635914e-03
3.920275e-03
1.725794e-03
3.212839e-04
5.319016e-05
9.972483e-04
2.394454e-03
3.149751e-03
2.717596e-03
1.437557e-03
-2.029189e-04
-1.894209e-03
-3.178385e-03
-3.780613e-03
-4.020060e-03
-4.562548e-03
-5.561314e-03
-6.356135e-03
-6.471057e-03
-6.066658e-03
-5.390758e-03
-4.276046e-03
-2.480558e-03
1.500063e-04
3.759701e-03
8.121764e-03
1.231252e-02
1.511909e-02
1.568628e-02
1.406248e-02
1.078627e-02
6.433290e-03
1.922274e-03
-1.333595e-03
-2.169699e-03
-6.663217e-04
1.971381e-03
4.537823e-03
6.309251e-03
6.704298e-03
5.356616e-03
2.598805e-03
-7.824696e-04
-4.022637e-03
-6.410300e-03
-7.396440e-03
-6.790588e-03
-4.889331e-03
-1.854589e-03
2.620472e-03
8.475472e-03
1.466953e-02
2.008725e-02
2.447958e-02
2.791086e-02
3.024376e-02
3.173849e-02
3.314228e-02
3.476386e-02
3.638971e-02
3.794239e-02
3.965405e-02
4.138611e-02
4.248792e-02
4.289639e-02
4.323236e-02
4.404718e-02
4.531864e-02
4.675091e-02
4.819286e-02
4.954762e-02
5.047671e-02
5.043505e-02
4.926378e-02
4.715503e-02
4.421721e-02
4.078490e-02
3.733738e-02
3.365709e-02
2.896297e-02
2.267783e-02
1.470929e-02
5.364533e-03
-4.611246e-03
-1.405126e-02
-2.142984e-02
-2.566236e-02
-2.677775e-02
-2.602875e-02
-2.501231e-02
-2.458316e-02
-2.453981e-02
-2.471514e-02
-2.544323e-02
-2.651014e-02
-2.676661e-02
-2.526717e-02
-2.245970e-02
-1.973208e-02
-1.804709e-02
-1.743614e-02
-1.753619e-02
-1.804947e-02
-1.824396e-02
-1.720145e-02
-1.488777e-02
-1.242885e-02
-1.100389e-02
-1.073513e-02
-1.107328e-02
-1.156073e-02
-1.220737e-02
-1.293853e-02
-1.324067e-02
-1.281167e-02
-1.210741e-02
-1.194587e-02
-1.273523e-02
-1.441560e-02
-1.642658e-02
-1.763743e-02
-1.702668e-02
-1.434124e-02
-9.962399e-03
-4.365246e-03
1.878498e-03
7.960960e-03
1.303615e-02
1.627893e-02
1.726461e-02
1.624610e-02
1.396346e-02
1.105541e-02
7.564691e-03
3.405229e-03
-1.073091e-03
-4.961666e-03
-7.286784e-03
-7.876532e-03
-7.505357e-03
-7.012882e-03
-6.748398e-03
-6.697792e-03
-7.000873e-03
-7.791018e-03
-8.840160e-03
-1.015005e-02
-1.220580e-02
-1.530732e-02
-1.900323e-02
-2.241566e-02
-2.479582e-02
-2.583582e-02
-2.560785e-02
-2.428723e-02
-2.207062e-02
-1.934878e-02
-1.674907e-02
-1.503689e-02
-1.477979e-02
-1.606426e-02
-1.847453e-02
-2.124415e-02
-2.362414e-02
-2.534622e-02
-2.654625e-02
-2.715647e-02
-2.662542e-02
-2.441044e-02
-2.037809e-02
-1.471024e-02
-7.647036e-03
1.546078e-04
7.411912e-03
1.330179e-02
1.782028e-02
2.102070e-02
2.244364e-02
2.159345e-02
1.886226e-02
1.527700e-02
1.160863e-02
8.141031e-03
5.204639e-03
3.271748e-03
2.510767e-03
2.671044e-03
3.378070e-03
4.399457e-03
5.302556e-03
5.458501e-03
4.499197e-03
2.501983e-03
2.080421e-04
-1.235774e-03
-1.145681e-03
3.855937e-04
2.764971e-03
5.302364e-03
7.731635e-03
1.020546e-02
1.298196e-02
1.607473e-02
1.938890e-02
2.335910e-02
2.810602e-02
3.259276e-02
3.506811e-02
3.442858e-02
3.083410e-02
2.521309e-02
1.868164e-02
1.224752e-02
6.467307e-03
1.375986e-03
-3.273813e-03
-7.673069e-03
-1.191047e-02
-1.611355e-02
-2.014276e-02
-2.340000e-02
-2.535262e-02
-2.603583e-02
-2.589108e-02
-2.518604e-02
-2.431669e-02
-2.413101e-02
-2.525856e-02
-2.730516e-02
-2.901974e-02
-2.956906e-02
-2.934520e-02
-2.915203e-02
-2.902869e-02
-2.823090e-02
-2.609673e-02
-2.251970e-02
-1.789974e-02
-1.282823e-02
-7.591865e-03
-2.152277e-03
3.304151e-03
8.396039e-03
1.286264e-02
1.642640e-02
1.874436e-02
1.994365e-02
2.058098e-02
2.098463e-02
2.117013e-02
2.104045e-02
2.073157e-02
2.080567e-02
2.194926e-02
2.420080e-02
2.659040e-02
2.827516e-02
2.916381e-02
2.954226e-02
2.944694e-02
2.832363e-02
2.592432e-02
2.297431e-02
2.050048e-02
1.891068e-02
1.808518e-02
1.791241e-02
1.826113e-02
1.888968e-02
1.947116e-02
1.982761e-02
1.979418e-02
1.891350e-02
1.696190e-02
1.449781e-02
1.262323e-02
1.206269e-02
1.286356e-02
1.477627e-02
1.732210e-02
1.951025e-02
2.029374e-02
1.919064e-02
1.665891e-02
1.351553e-02
1.040546e-02
7.761181e-03
5.702065e-03
3.966432e-03
2.219534e-03
4.965181e-04
-5.542710e-04
1.100813e-05
2.767664e-03
7.281006e-03
1.254078e-02
1.813027e-02
2.422956e-02
3.039327e-02
3.545454e-02
3.850329e-02
3.942011e-02
3.871506e-02
3.700232e-02
3.454278e-02
3.121185e-02
2.722212e-02
2.372645e-02
2.213948e-02
2.280445e-02
2.491784e-02
2.751489e-02
3.015931e-02
3.265422e-02
3.454890e-02
3.531478e-02
3.476227e-02
3.282322e-02
2.928220e-02
2.431829e-02
1.890453e-02
1.419041e-02
1.086288e-02
8.881150e-03
7.550539e-03
5.977745e-03
3.506900e-03
5.870037e-05
-3.708603e-03
-6.705839e-03
-8.087237e-03
-7.996783e-03
-7.609461e-03
-8.429179e-03
-1.132943e-02
-1.610063e-02
-2.166147e-02
-2.665230e-02
-2.991211e-02
-3.086899e-02
-2.964673e-02
-2.716165e-02
-2.480332e-02
-2.384062e-02
-2.473759e-02
-2.693064e-02
-2.936283e-02
-3.114995e-02
-3.182728e-02
-3.120037e-02
-2.948116e-02
-2.765230e-02
-2.661039e-02
-2.597667e-02
-2.446212e-02
-2.135799e-02
-1.699969e-02
-1.194330e-02
-6.416784e-03
-6.773037e-04
4.571930e-03
8.662002e-03
1.135655e-02
1.268684e-02
1.256214e-02
1.107659e-02
8.614553e-03
5.540328e-03
1.905639e-03
-2.355662e-03
-7.077292e-03
-1.197811e-02
-1.673297e-02
-2.049971e-02
-2.238681e-02
-2.249345e-02
-2.170566e-02
-2.097273e-02
-2.099340e-02
-2.228923e-02
-2.513763e-02
-2.960877e-02
-3.540336e-02
-4.155429e-02
-4.678714e-02
-5.001951e-02
-5.080206e-02
-4.988030e-02
-4.873729e-02
-4.842967e-02
-4.902746e-02
-5.021895e-02
-5.165731e-02
-5.281248e-02
-5.300844e-02
-5.166093e-02
-4.852668e-02
-4.381415e-02
-3.798031e-02
-3.130857e-02
-2.386557e-02
-1.563013e-02
-6.658523e-03
2.479687e-03
1.062057e-02
1.650116e-02
1.923202e-02
1.847820e-02
1.492930e-02
1.047939e-02
7.079990e-03
5.512055e-03
5.392125e-03
5.799947e-03
5.879132e-03
4.848079e-03
2.488215e-03
-5.191027e-04
-3.043693e-03
-4.376258e-03
-4.808435e-03
-5.337251e-03
-6.901621e-03
-9.784179e-03
-1.378286e-02
-1.833554e-02
-2.284463e-02
-2.678268e-02
-2.967855e-02
-3.134736e-02
-3.228664e-02
-3.342731e-02
-3.516583e-02
-3.710263e-02
-3.868639e-02
-3.969500e-02
-4.006282e-02
-3.968678e-02
-3.841814e-02
-3.610983e-02
-3.259466e-02
-2.774249e-02
-2.163185e-02
-1.456792e-02
-7.093613e-03
-3.951066e-05
5.669531e-03
9.629361e-03
1.179011e-02
1.231780e-02
1.189808e-02
1.142040e-02
1.167483e-02
1.296680e-02
1.500752e-02
1.719505e-02
1.910437e-02
2.037857e-02
2.046450e-02
1.897662e-02
1.622568e-02
1.312363e-02
1.044916e-02
8.211956e-03
6.289482e-03
5.157311e-03
5.601860e-03
7.827878e-03
1.139068e-02
1.577111e-02
2.053776e-02
2.507596e-02
2.851247e-02
3.051669e-02
3.170139e-02
3.271037e-02
3.371248e-02
3.457836e-02
3.529377e-02
3.597886e-02
3.665059e-02
3.735802e-02
3.829713e-02
3.970037e-02
4.172002e-02
4.420167e-02
4.664068e-02
4.869172e-02
5.024327e-02
5.115325e-02
5.149491e-02
5.168522e-02
5.210098e-02
5.234202e-02
5.145586e-02
4.875559e-02
4.414140e-02
3.789155e-02
3.078587e-02
2.404801e-02
1.885053e-02
1.565513e-02
1.407245e-02
1.328766e-02
1.246567e-02
1.090508e-02
8.214235e-03
4.545306e-03
3.649158e-04
-3.547241e-03
-6.321238e-03
-7.481340e-03
-6.923036e-03
-4.973283e-03
-2.059413e-03
1.672091e-03
6.168731e-03
1.107473e-02
1.583723e-02
2.007063e-02
2.386488e-02
2.738500e-02
3.058487e-02
3.295506e-02
3.369400e-02
3.253276e-02
3.026199e-02
2.795987e-02
2.607329e-02
2.491178e-02
2.488438e-02
2.623606e-02
2.869529e-02
3.163291e-02
3.417586e-02
3.536196e-02
3.433981e-02
3.087699e-02
2.576133e-02
2.001298e-02
1.401352e-02
7.677887e-03
1.316408e-03
-4.121892e-03
-7.832092e-03
-9.599633e-03
-9.709612e-03
-8.617669e-03
-6.827517e-03
-5.074769e-03
-3.963626e-03
-3.848660e-03
-4.962703e-03
-6.882041e-03
-8.489842e-03
-8.747910e-03
-7.609362e-03
-5.805126e-03
-3.678663e-03
-1.031671e-03
2.273015e-03
5.963075e-03
9.611165e-03
1.288341e-02
1.554300e-02
1.740949e-02
1.860416e-02
1.965320e-02
2.109835e-02
2.319791e-02
2.607977e-02
2.980654e-02
3.406018e-02
3.811522e-02
4.111302e-02
4.252373e-02
4.229728e-02
4.063429e-02
3.786443e-02
3.463105e-02
3.189464e-02
3.030065e-02
2.962543e-02
2.920665e-02
2.860591e-02
2.767524e-02
2.641140e-02
2.503562e-02
2.372741e-02
2.262879e-02
2.176256e-02
2.089015e-02
1.958330e-02
1.751834e-02
1.483779e-02
1.183307e-02
8.632841e-03
5.219497e-03
1.413310e-03
-2.812694e-03
-7.254172e-03
-1.188085e-02
-1.682148e-02
-2.183296e-02
-2.618688e-02
-2.932047e-02
-3.132403e-02
-3.244863e-02
-3.287629e-02
-3.294687e-02
-3.330347e-02
-3.448315e-02
-3.665495e-02
-3.976252e-02
-4.358396e-02
-4.778085e-02
-5.188739e-02
-5.526477e-02
-5.734824e-02
-5.786289e-02
-5.693729e-02
-5.506533e-02
-5.282677e-02
-5.072980e-02
-4.906099e-02
-4.774154e-02
-4.636485e-02
-4.460673e-02
-4.260600e-02
-4.088160e-02
-3.975830e-02
-3.900958e-02
-3.792064e-02
-3.584923e-02
-3.240992e-02
-2.774303e-02
-2.253971e-02
-1.744752e-02
-1.259771e-02
-7.781557e-03
-3.293507e-03
-1.865966e-04
6.356983e-04
-7.793993e-04
-3.592989e-03
-7.045607e-03
-1.036642e-02
-1.246012e-02
-1.229605e-02
-9.798050e-03
-5.977402e-03
-1.952180e-03
1.605804e-03
4.684322e-03
7.683159e-03
1.075098e-02
1.391194e-02
1.678242e-02
1.854882e-02
1.871375e-02
1.773142e-02
1.654867e-02
1.578662e-02
1.561291e-02
1.577640e-02
1.567275e-02
1.459664e-02
1.213452e-02
8.728612e-03
5.811008e-03
4.750129e-03
5.613760e-03
6.979677e-03
7.314749e-03
6.071795e-03
3.567451e-03
3.023029e-04
-3.379785e-03
-6.922148e-03
-9.566403e-03
-1.086473e-02
-1.100766e-02
-1.053642e-02
-1.010776e-02
-1.021307e-02
-1.083794e-02
-1.171674e-02
-1.230820e-02
-1.188253e-02
-9.974167e-03
-6.481147e-03
-1.688592e-03
3.726539e-03
8.808808e-03
1.250141e-02
1.407035e-02
1.342574e-02
1.125038e-02
8.801535e-03
7.447879e-03
7.843473e-03
9.529237e-03
1.165732e-02
1.347157e-02
1.433268e-02
1.363756e-02
1.127037e-02
7.875084e-03
4.654056e-03
2.391118e-03
9.494196e-04
-1.424961e-04
-1.111697e-03
-1.856041e-03
-2.147966e-03
-1.754192e-03
-4.425454e-04
1.963331e-03
5.225825e-03
8.597464e-03
1.115991e-02
1.213553e-02
1.150708e-02
1.001889e-02
8.615750e-03
7.919021e-03
8.118368e-03
8.914845e-03
9.654658e-03
9.665529e-03
8.413811e-03
5.760417e-03
2.078053e-03
-1.890439e-03
-5.410200e-03
-8.108472e-03
-1.019001e-02
-1.208458e-02
-1.404293e-02
-1.597795e-02
-1.778918e-02
-1.944600e-02
-2.071685e-02
-2.136789e-02
-2.121430e-02
-2.022749e-02
-1.879246e-02
-1.736798e-02
-1.613003e-02
-1.528693e-02
-1.530384e-02
-1.640060e-02
-1.835134e-02
-2.054563e-02
-2.242890e-02
-2.388825e-02
-2.487188e-02
-2.515805e-02
-2.479597e-02
-2.403261e-02
-2.291613e-02
-2.135024e-02
-1.909844e-02
-1.590026e-02
-1.174605e-02
-6.816759e-03
-1.318355e-03
4.523262e-03
1.047242e-02
1.658497e-02
2.306714e-02
2.975851e-02
3.590649e-02
4.055818e-02
4.308939e-02
4.349205e-02
4.250871e-02
4.103063e-02
3.946976e-02
3.796654e-02
3.665676e-02
3.563942e-02
3.465953e-02
3.275398e-02
2.917192e-02
2.439257e-02
1.962072e-02
1.563676e-02
1.232412e-02
9.297116e-03
6.306415e-03
2.967630e-03
-1.011568e-03
-5.268334e-03
-9.202741e-03
-1.266494e-02
-1.573254e-02
-1.833813e-02
-2.039829e-02
-2.214858e-02
-2.394812e-02
-2.607964e-02
-2.842728e-02
-3.052938e-02
-3.205705e-02
-3.280059e-02
-3.296674e-02
-3.283435e-02
-3.225641e-02
-3.081579e-02
-2.804314e-02
-2.349112e-02
-1.683311e-02
-8.421848e-03
7.538666e-04
9.840826e-03
1.832964e-02
2.569278e-02
3.127995e-02
3.453860e-02
3.546129e-02
3.475915e-02
3.349086e-02
3.233082e-02
3.155220e-02
3.128891e-02
3.152272e-02
3.234452e-02
3.382573e-02
3.581049e-02
3.762765e-02
3.830590e-02
3.716830e-02
3.414954e-02
2.976238e-02
2.489460e-02
2.043326e-02
1.690424e-02
1.444760e-02
1.287717e-02
1.170237e-02
1.060960e-02
9.611744e-03
8.840318e-03
8.343152e-03
7.956244e-03
7.433392e-03
6.593672e-03
5.254188e-03
3.281577e-03
7.991991e-04
-1.929360e-03
-4.572743e-03
-6.561794e-03
-7.296079e-03
-6.649429e-03
-4.866508e-03
-2.351528e-03
2.719020e-04
2.371284e-03
3.517181e-03
3.510525e-03
2.435352e-03
6.284523e-04
-1.465185e-03
-3.450686e-03
-5.217859e-03
-6.949161e-03
-9.030485e-03
-1.185940e-02
-1.547923e-02
-1.961658e-02
-2.374784e-02
-2.702802e-02
-2.880035e-02
-2.890611e-02
-2.740423e-02
-2.449791e-02
-2.067377e-02
-1.654457e-02
-1.260709e-02
-9.238029e-03
-6.729875e-03
-5.389797e-03
-5.526773e-03
-7.230434e-03
-1.018237e-02
-1.379019e-02
-1.741020e-02
-2.038733e-02
-2.233499e-02
-2.329988e-02
-2.362742e-02
-2.385294e-02
-2.443306e-02
-2.571389e-02
-2.772292e-02
-3.016633e-02
-3.281517e-02
-3.542695e-02
-3.768653e-02
-3.923792e-02
-4.003951e-02
-4.030604e-02
-4.022611e-02
-3.980898e-02
-3.904399e-02
-3.769048e-02
-3.552461e-02
-3.278275e-02
-2.994101e-02
-2.742961e-02
-2.541350e-02
-2.380907e-02
-2.245408e-02
-2.111327e-02
-1.940608e-02
-1.701064e-02
-1.391708e-02
-1.058137e-02
-7.623350e-03
-5.457674e-03
-4.085477e-03
-3.671999e-03
-4.527533e-03
-6.494096e-03
-8.976498e-03
-1.137338e-02
-1.336207e-02
-1.470985e-02
-1.508673e-02
-1.432629e-02
-1.252895e-02
-9.913386e-03
-6.759045e-03
-3.409532e-03
-1.672036e-04
2.742955e-03
4.804274e-03
5.619376e-03
5.303611e-03
4.329409e-03
3.174852e-03
2.495378e-03
2.869553e-03
4.249784e-03
6.269041e-03
8.580403e-03
1.093310e-02
1.310032e-02
1.490101e-02
1.631202e-02
1.734261e-02
1.821050e-02
1.896673e-02
1.940699e-02
1.952476e-02
1.941946e-02
1.906456e-02
1.827743e-02
1.685350e-02
1.508273e-02
1.378063e-02
1.358996e-02
1.453203e-02
1.614730e-02
1.775154e-02
1.858472e-02
1.816464e-02
1.640916e-02
1.367389e-02
1.046472e-02
7.439485e-03
5.144796e-03
3.589523e-03
2.483996e-03
1.890010e-03
2.124824e-03
3.243519e-03
4.958225e-03
6.903877e-03
8.766245e-03
1.035078e-02
1.133203e-02
1.128998e-02
1.030501e-02
8.931408e-03
7.817259e-03
7.349250e-03
7.419580e-03
7.628751e-03
7.531514e-03
6.813197e-03
5.494336e-03
3.850997e-03
2.207872e-03
8.254531e-04
-2.852274e-04
-1.203739e-03
-1.962969e-03
-2.601487e-03
-3.154701e-03
-3.796631e-03
-4.616673e-03
-5.371016e-03
-5.541124e-03
-4.686113e-03
-2.729790e-03
-1.914725e-05
3.024753e-03
6.098259e-03
8.873201e-03
1.088292e-02
1.170087e-02
1.130320e-02
1.029326e-02
9.406044e-03
9.057940e-03
9.420749e-03
1.054550e-02
1.212207e-02
1.363925e-02
1.438172e-02
1.406516e-02
1.286417e-02
1.095973e-02
8.436015e-03
5.210686e-03
1.414213e-03
-2.522242e-03
-6.160220e-03
-9.078725e-03
-1.089866e-02
-1.157541e-02
-1.139297e-02
-1.087264e-02
-1.060771e-02
-1.082755e-02
-1.136578e-02
-1.170673e-02
-1.133385e-02
-1.016947e-02
-8.234472e-03
-5.603622e-03
-2.483675e-03
6.662014e-04
3.320178e-03
5.176770e-03
6.314895e-03
7.019513e-03
7.478369e-03
7.673551e-03
7.643971e-03
7.691781e-03
8.182610e-03
9.110459e-03
1.019247e-02
1.141007e-02
1.295240e-02
1.470817e-02
1.645489e-02
1.797410e-02
1.882760e-02
1.863888e-02
1.736518e-02
1.509120e-02
1.173767e-02
7.351017e-03
2.260940e-03
-3.053617e-03
-7.975128e-03
-1.199263e-02
-1.494011e-02
-1.695880e-02
-1.821122e-02
-1.898920e-02
-1.947239e-02
-1.981654e-02
-2.029685e-02
-2.115505e-02
-2.259961e-02
-2.477019e-02
-2.748846e-02
-3.044355e-02
-3.330640e-02
-3.576697e-02
-3.760408e-02
-3.854201e-02
-3.840627e-02
-3.733006e-02
-3.575877e-02
-3.425821e-02
-3.323724e-02
-3.275435e-02
-3.273755e-02
-3.295043e-02
-3.291384e-02
-3.214238e-02
-3.042273e-02
-2.772190e-02
-2.438446e-02
-2.110096e-02
-1.871704e-02
-1.766225e-02
-1.773577e-02
-1.855959e-02
-1.984706e-02
-2.108183e-02
-2.151380e-02
-2.050445e-02
-1.792024e-02
-1.417389e-02
-9.793073e-03
-5.154832e-03
-7.492558e-04
2.513218e-03
4.233862e-03
5.023313e-03
5.904507e-03
7.637229e-03
1.025176e-02
1.325326e-02
1.625977e-02
1.914853e-02
2.191896e-02
2.441982e-02
2.638907e-02
2.780887e-02
2.891750e-02
2.993735e-02
3.054508e-02
3.018160e-02
2.863151e-02
2.606068e-02
2.269195e-02
1.883773e-02
1.508387e-02
1.208082e-02
1.045315e-02
1.052747e-02
1.202200e-02
1.405079e-02
1.568184e-02
1.633583e-02
1.587719e-02
1.439148e-02
1.224246e-02
9.941881e-03
7.782659e-03
5.642551e-03
3.176815e-03
2.983172e-04
-2.559482e-03
-5.100299e-03
-7.185258e-03
-8.431417e-03
-8.582965e-03
-7.770137e-03
-6.356205e-03
-4.733702e-03
-3.149099e-03
-1.607631e-03
-8.506158e-05
1.343372e-03
2.816387e-03
4.512044e-03
6.483909e-03
8.757037e-03
1.122395e-02
1.374091e-02
1.625532e-02
1.877277e-02
2.114597e-02
2.323531e-02
2.508883e-02
2.676691e-02
2.816751e-02
2.917875e-02
2.981927e-02
3.017398e-02
3.036800e-02
3.038905e-02
2.997870e-02
2.897095e-02
2.737582e-02
2.537551e-02
2.319405e-02
2.084822e-02
1.822017e-02
1.548180e-02
1.324252e-02
1.213054e-02
1.230351e-02
1.345634e-02
1.512727e-02
1.679254e-02
1.769431e-02
1.701862e-02
1.443152e-02
1.032647e-02
5.809019e-03
1.780446e-03
-1.655560e-03
-4.842335e-03
-8.098302e-03
-1.140011e-02
-1.441551e-02
-1.673549e-02
-1.775764e-02
-1.678235e-02
-1.382467e-02
-9.985516e-03
-6.845765e-03
-5.632592e-03
-6.791818e-03
-9.909760e-03
-1.389290e-02
-1.738868e-02
-1.944064e-02
-2.003643e-02
-1.991818e-02
-1.993053e-02
-2.040050e-02
-2.101352e-02
-2.124469e-02
-2.079817e-02
-1.968122e-02
-1.805921e-02
-1.638197e-02
-1.538956e-02
-1.552334e-02
-1.633569e-02
-1.670276e-02
-1.595333e-02
-1.421102e-02
-1.176289e-02
-8.843388e-03
-5.758148e-03
-3.081947e-03
-1.353582e-03
-5.959740e-04
-2.932401e-04
1.025840e-04
5.454395e-04
5.250830e-04
-2.752899e-04
-1.697188e-03
-3.682521e-03
-6.332018e-03
-9.436221e-03
-1.257816e-02
-1.538843e-02
-1.776570e-02
-1.975289e-02
-2.133782e-02
-2.259924e-02
-2.358416e-02
-2.413407e-02
-2.387942e-02
-2.246907e-02
-1.988485e-02
-1.647125e-02
-1.273293e-02
-9.243648e-03
-6.446726e-03
-4.592870e-03
-3.631085e-03
-2.986096e-03
-1.907558e-03
8.063651e-05
2.635151e-03
4.611136e-03
4.971415e-03
3.442405e-03
6.874152e-04
-1.921131e-03
-3.109585e-03
-2.018155e-03
1.374283e-03
6.121240e-03
1.078728e-02
1.395602e-02
1.472433e-02
1.328379e-02
1.065575e-02
8.045711e-03
6.220032e-03
5.163350e-03
4.345095e-03
3.314300e-03
1.948524e-03
2.404631e-04
-1.575734e-03
-2.910518e-03
-3.324413e-03
-2.996385e-03
-2.698478e-03
-3.102872e-03
-4.455020e-03
-6.559159e-03
-8.793282e-03
-1.037658e-02
-1.050018e-02
-8.789438e-03
-5.591404e-03
-1.842882e-03
1.213877e-03
2.796115e-03
3.045649e-03
2.462722e-03
1.494482e-03
8.595130e-04
1.364269e-03
3.500405e-03
7.010614e-03
1.103287e-02
1.453569e-02
1.677641e-02
1.741619e-02
1.636463e-02
1.390028e-02
1.049535e-02
6.886901e-03
3.726061e-03
1.149333e-03
-1.117701e-03
-3.415994e-03
-6.036925e-03
-8.950129e-03
-1.184366e-02
-1.436057e-02
-1.637417e-02
-1.799402e-02
-1.932068e-02
-2.037618e-02
-2.124555e-02
-2.193761e-02
-2.235287e-02
-2.236761e-02
-2.197518e-02
-2.139576e-02
-2.099714e-02
-2.099952e-02
-2.125365e-02
-2.130543e-02
-2.077701e-02
-1.939471e-02
-1.723913e-02
-1.493206e-02
-1.319510e-02
-1.238926e-02
-1.247986e-02
-1.310083e-02
-1.355500e-02
-1.310154e-02
-1.151102e-02
-9.088156e-03
-6.265602e-03
-3.547970e-03
-1.274830e-03
3.029746e-04
1.221675e-03
1.828198e-03
2.442957e-03
3.001416e-03
3.399402e-03
3.579307e-03
3.295542e-03
2.484967e-03
1.542544e-03
8.422051e-04
5.240702e-04
9.559911e-04
2.313855e-03
4.249716e-03
6.107834e-03
7.430907e-03
8.129967e-03
8.232526e-03
8.011431e-03
7.962360e-03
8.441828e-03
9.281268e-03
1.002556e-02
1.036004e-02
1.034550e-02
1.013963e-02
9.793982e-03
9.544667e-03
9.671383e-03
1.004924e-02
1.019397e-02
9.545588e-03
7.823730e-03
5.307347e-03
2.723509e-03
8.832204e-04
1.378831e-04
4.335733e-04
1.470045e-03
2.630866e-03
3.288918e-03
3.295247e-03
2.905743e-03
2.485082e-03
2.336443e-03
2.561910e-03
2.898223e-03
2.818843e-03
2.182499e-03
1.213078e-03
2.265723e-04
-4.910770e-04
-6.648166e-04
-1.950827e-04
5.980137e-04
1.459688e-03
2.373456e-03
3.380704e-03
4.503075e-03
5.761847e-03
7.058260e-03
8.208653e-03
9.137662e-03
9.620940e-03
9.378719e-03
8.406532e-03
7.009284e-03
5.493217e-03
3.872847e-03
1.979940e-03
-1.557916e-04
-2.304088e-03
-4.274119e-03
-5.834560e-03
-6.705571e-03
-6.687369e-03
-5.852480e-03
-4.514365e-03
-3.075573e-03
-1.900378e-03
-1.363361e-03
-1.635879e-03
-2.613292e-03
-3.787671e-03
-4.694942e-03
-5.498732e-03
-6.568893e-03
-7.999512e-03
-9.578966e-03
-1.119797e-02
-1.296345e-02
-1.481300e-02
-1.629865e-02
-1.693473e-02
-1.658725e-02
-1.522110e-02
-1.294839e-02
-1.009696e-02
-7.154321e-03
-4.649958e-03
-3.078334e-03
-2.799854e-03
-3.891716e-03
-6.039996e-03
-8.502946e-03
-1.045594e-02
-1.129298e-02
-1.072012e-02
-8.682067e-03
-5.235903e-03
-7.156647e-04
4.208591e-03
8.816305e-03
1.248319e-02
1.470273e-02
1.515352e-02
1.396081e-02
1.150316e-02
8.189157e-03
4.311140e-03
-1.464967e-05
-4.556809e-03
-8.773442e-03
-1.202977e-02
-1.402741e-02
-1.471866e-02
-1.403424e-02
-1.212689e-02
-9.618166e-03
-7.365133e-03
-5.981919e-03
-5.311751e-03
-4.788557e-03
-4.321721e-03
-4.164439e-03
-4.425528e-03
-5.113238e-03
-6.263029e-03
-7.716942e-03
-9.260203e-03
-1.093711e-02
-1.283140e-02
-1.485482e-02
-1.672475e-02
-1.808106e-02
-1.866945e-02
-1.833299e-02
-1.708049e-02
-1.525441e-02
-1.323113e-02
-1.121781e-02
-9.285537e-03
-7.603601e-03
-6.305485e-03
-5.202996e-03
-3.940773e-03
-2.381836e-03
-6.175486e-04
1.461681e-03
4.081507e-03
7.234061e-03
1.061950e-02
1.380940e-02
1.634014e-02
1.770644e-02
1.737021e-02
1.525488e-02
1.186032e-02
8.080097e-03
5.082817e-03
3.514261e-03
3.219442e-03
3.849733e-03
5.143173e-03
6.567574e-03
7.597060e-03
8.080800e-03
8.390287e-03
9.243640e-03
1.095918e-02
1.341109e-02
1.606636e-02
1.840043e-02
2.022236e-02
2.148515e-02
2.221662e-02
2.242905e-02
2.219602e-02
2.173788e-02
2.112800e-02
2.001891e-02
1.799532e-02
1.512427e-02
1.177239e-02
8.344926e-03
5.527381e-03
4.035460e-03
4.216859e-03
6.071265e-03
9.163647e-03
1.264528e-02
1.548066e-02
1.705477e-02
1.754937e-02
1.730221e-02
1.646448e-02
1.522509e-02
1.366617e-02
1.188579e-02
1.010533e-02
8.642662e-03
7.733826e-03
7.421777e-03
7.718331e-03
8.422757e-03
9.181487e-03
9.669010e-03
9.705310e-03
9.253288e-03
8.429586e-03
7.278074e-03
5.793184e-03
3.904860e-03
1.719836e-03
-3.712668e-04
-1.955617e-03
-2.684789e-03
-2.656521e-03
-2.056171e-03
-1.233942e-03
-6.641302e-04
-6.405822e-04
-1.518334e-03
-3.625597e-03
-6.706456e-03
-1.000127e-02
-1.286631e-02
-1.502716e-02
-1.640056e-02
-1.713081e-02
-1.758434e-02
-1.802558e-02
-1.848001e-02
-1.879972e-02
-1.877287e-02
-1.821010e-02
-1.723071e-02
-1.613775e-02
-1.513481e-02
-1.429201e-02
-1.369905e-02
-1.343380e-02
-1.345988e-02
-1.368992e-02
-1.412327e-02
-1.480751e-02
-1.550555e-02
-1.590693e-02
-1.576133e-02
-1.481038e-02
-1.300691e-02
-1.063801e-02
-8.174181e-03
-6.198480e-03
-5.074759e-03
-4.836598e-03
-5.280149e-03
-6.315288e-03
-7.811074e-03
-9.422485e-03
-1.078499e-02
-1.171018e-02
-1.221385e-02
-1.230292e-02
-1.207738e-02
-1.172883e-02
-1.122765e-02
-1.044654e-02
-9.428107e-03
-8.306534e-03
-7.083904e-03
-5.660799e-03
-3.982378e-03
-2.193514e-03
-6.749786e-04
4.227123e-04
1.262432e-03
2.083485e-03
3.011658e-03
4.037767e-03
5.172858e-03
6.379936e-03
7.526146e-03
8.343534e-03
8.455938e-03
7.735157e-03
6.438062e-03
4.848807e-03
3.022413e-03
1.125906e-03
-4.269592e-04
-1.244667e-03
-1.180072e-03
-5.215251e-04
4.164662e-04
1.657611e-03
3.287343e-03
5.096207e-03
6.702205e-03
7.891605e-03
8.622047e-03
8.940650e-03
9.016256e-03
9.060925e-03
9.240206e-03
9.492554e-03
9.859908e-03
1.032854e-02
1.065505e-02
1.049767e-02
9.771828e-03
8.792934e-03
7.952611e-03
7.283704e-03
6.798064e-03
6.647638e-03
6.749792e-03
6.760267e-03
6.359855e-03
5.395818e-03
3.851546e-03
1.826074e-03
-6.480543e-04
-3.561575e-03
-6.786091e-03
-1.004063e-02
-1.284153e-02
-1.489231e-02
-1.619227e-02
-1.682117e-02
-1.670587e-02
-1.573662e-02
-1.418593e-02
-1.255407e-02
-1.119979e-02
-1.039337e-02
-1.009355e-02
-1.011028e-02
-1.011708e-02
-9.757985e-03
-9.019065e-03
-8.134437e-03
-7.217157e-03
-6.354135e-03
-5.728359e-03
-5.313111e-03
-4.956507e-03
-4.539180e-03
-3.972637e-03
-3.218511e-03
-2.359644e-03
-1.500369e-03
-5.388059e-04
5.353978e-04
1.342477e-03
1.594082e-03
1.201331e-03
1.148290e-04
-1.656447e-03
-3.976927e-03
-6.487088e-03
-8.612048e-03
-9.764806e-03
-9.672572e-03
-8.468292e-03
-6.527021e-03
-4.280175e-03
-2.061490e-03
-1.495423e-04
1.500543e-03
3.149890e-03
4.908914e-03
6.856982e-03
9.068223e-03
1.137299e-02
1.337141e-02
1.468039e-02
1.524282e-02
1.523912e-02
1.506426e-02
1.522017e-02
1.595469e-02
1.708612e-02
1.826307e-02
1.912007e-02
1.938040e-02
1.895695e-02
1.779342e-02
1.590865e-02
1.333065e-02
9.991701e-03
6.058481e-03
1.989202e-03
-1.685539e-03
-4.479206e-03
-6.017210e-03
-6.174717e-03
-5.418003e-03
-4.352365e-03
-3.364423e-03
-2.496608e-03
-1.554997e-03
-3.008893e-04
1.445009e-03
3.619516e-03
5.884123e-03
7.809991e-03
9.214463e-03
1.013724e-02
1.064263e-02
1.082526e-02
1.090443e-02
1.109487e-02
1.154151e-02
1.220495e-02
1.278310e-02
1.296817e-02
1.271502e-02
1.222511e-02
1.188164e-02
1.197087e-02
1.253718e-02
1.339998e-02
1.424123e-02
1.466327e-02
1.443976e-02
1.356919e-02
1.224151e-02
1.073671e-02
9.396704e-03
8.415740e-03
7.654889e-03
6.739011e-03
5.471338e-03
4.081915e-03
2.795650e-03
1.928749e-03
1.724108e-03
2.075392e-03
2.698269e-03
3.146007e-03
2.928232e-03
1.827877e-03
-6.459210e-06
-2.155620e-03
-4.074692e-03
-5.343307e-03
-5.902920e-03
-6.072419e-03
-6.443851e-03
-7.568592e-03
-9.654581e-03
-1.244511e-02
-1.552219e-02
-1.844396e-02
-2.088108e-02
-2.262244e-02
-2.375798e-02
-2.446437e-02
-2.485942e-02
-2.503289e-02
-2.490655e-02
-2.420087e-02
-2.254897e-02
-1.976107e-02
-1.605075e-02
-1.182249e-02
-7.555696e-03
-3.658561e-03
-2.771790e-04
2.461068e-03
4.388051e-03
5.618682e-03
6.471817e-03
7.130691e-03
7.539552e-03
7.602832e-03
7.288472e-03
6.522564e-03
5.270188e-03
3.472471e-03
1.039808e-03
-1.844550e-03
-4.769883e-03
-7.648635e-03
-1.064966e-02
-1.376307e-02
-1.673316e-02
-1.934208e-02
-2.135370e-02
-2.248278e-02
-2.261119e-02
-2.167463e-02
-1.992002e-02
-1.788779e-02
-1.610500e-02
-1.492150e-02
-1.441025e-02
-1.431462e-02
-1.428325e-02
-1.399197e-02
-1.306457e-02
-1.129342e-02
-8.724570e-03
-5.720599e-03
-2.576225e-03
5.902535e-04
3.759596e-03
6.861710e-03
9.740676e-03
1.247699e-02
1.528740e-02
1.807659e-02
2.056417e-02
2.257364e-02
2.373182e-02
2.384811e-02
2.296914e-02
2.118021e-02
1.874146e-02
1.594304e-02
1.288818e-02
9.571857e-03
6.070131e-03
2.482407e-03
-8.714617e-04
-3.533882e-03
-5.171603e-03
-5.553508e-03
-4.776585e-03
-3.295224e-03
-1.662024e-03
-3.026069e-04
6.181720e-04
1.182571e-03
1.732920e-03
2.796562e-03
4.686591e-03
7.330644e-03
1.029826e-02
1.297151e-02
1.488137e-02
1.606105e-02
1.716475e-02
1.891857e-02
2.181061e-02
2.575153e-02
2.999350e-02
3.366575e-02
3.623905e-02
3.752946e-02
3.773516e-02
3.733039e-02
3.682102e-02
3.655205e-02
3.650961e-02
3.640822e-02
3.598780e-02
3.524406e-02
3.437048e-02
3.371160e-02
3.347741e-02
3.357909e-02
3.377315e-02
3.364039e-02
3.270713e-02
3.067791e-02
2.745731e-02
2.341619e-02
1.935453e-02
1.592270e-02
1.320003e-02
1.100086e-02
8.953550e-03
6.589163e-03
3.674485e-03
3.301062e-04
-3.001830e-03
-5.746142e-03
-7.512035e-03
-8.145883e-03
-7.893263e-03
-7.119004e-03
-6.115465e-03
-5.194339e-03
-4.581960e-03
-4.335458e-03
-4.387230e-03
-4.663161e-03
-5.107680e-03
-5.641019e-03
-6.206597e-03
-6.718997e-03
-7.057153e-03
-6.983034e-03
-6.291541e-03
-5.214724e-03
-4.258757e-03
-3.797514e-03
-3.951721e-03
-4.603249e-03
-5.491662e-03
-6.258959e-03
-6.640355e-03
-6.515190e-03
-5.790223e-03
-4.642029e-03
-3.570148e-03
-3.011270e-03
-3.040760e-03
-3.458549e-03
-3.934101e-03
-4.403799e-03
-5.040549e-03
-5.883516e-03
-7.087063e-03
-8.937801e-03
-1.146839e-02
-1.449060e-02
-1.754084e-02
-1.982975e-02
-2.071117e-02
-2.009720e-02
-1.819926e-02
-1.547800e-02
-1.240452e-02
-9.307892e-03
-6.480923e-03
-3.938605e-03
-1.448302e-03
1.204839e-03
4.046087e-03
6.755660e-03
8.920960e-03
1.029026e-02
1.097507e-02
1.123296e-02
1.133366e-02
1.149469e-02
1.171837e-02
1.164521e-02
1.081247e-02
9.082606e-03
6.782346e-03
4.509220e-03
2.702723e-03
1.389357e-03
2.935567e-04
-7.873709e-04
-1.876481e-03
-3.002218e-03
-4.153223e-03
-4.981037e-03
-4.818263e-03
-3.262065e-03
-7.576794e-04
1.855207e-03
3.960571e-03
5.309024e-03
6.044676e-03
6.576812e-03
7.351043e-03
8.580726e-03
1.009059e-02
1.151744e-02
1.252721e-02
1.298258e-02
1.291090e-02
1.242896e-02
1.169717e-02
1.103622e-02
1.072747e-02
1.070440e-02
1.084658e-02
1.116486e-02
1.158705e-02
1.207250e-02
1.277837e-02
1.386574e-02
1.516434e-02
1.626612e-02
1.683221e-02
1.659062e-02
1.538386e-02
1.315990e-02
1.011114e-02
6.986171e-03
4.530409e-03
3.084228e-03
2.669523e-03
2.936685e-03
3.303559e-03
3.173899e-03
2.216887e-03
6.292264e-04
-1.045289e-03
-2.345877e-03
-2.823220e-03
-2.241899e-03
-7.517100e-04
1.132280e-03
2.767064e-03
3.678699e-03
3.807808e-03
3.272922e-03
2.200531e-03
8.390806e-04
-5.427740e-04
-1.903861e-03
-3.416537e-03
-4.987145e-03
-6.484162e-03
-7.984106e-03
-9.367761e-03
-1.052283e-02
-1.164133e-02
-1.301711e-02
-1.476973e-02
-1.663516e-02
-1.809772e-02
-1.862514e-02
-1.776442e-02
-1.549768e-02
-1.238933e-02
-9.103227e-03
-6.284644e-03
-4.479384e-03
-3.733480e-03
-3.661233e-03
-3.596512e-03
-2.892849e-03
-1.265866e-03
1.002563e-03
3.228543e-03
4.953347e-03
5.844429e-03
5.727722e-03
4.844765e-03
3.731814e-03
2.833645e-03
2.364392e-03
2.297052e-03
2.266587e-03
1.829872e-03
6.875480e-04
-1.248966e-03
-3.864069e-03
-6.928665e-03
-1.029263e-02
-1.380781e-02
-1.732023e-02
-2.062510e-02
-2.347051e-02
-2.552995e-02
-2.650945e-02
-2.642562e-02
-2.545984e-02
-2.379690e-02
-2.165053e-02
-1.936305e-02
-1.729191e-02
-1.552753e-02
-1.398332e-02
-1.270263e-02
-1.173024e-02
-1.089922e-02
-9.942633e-03
-8.757451e-03
-7.303103e-03
-5.422085e-03
-2.987311e-03
6.213934e-06
3.526225e-03
7.367721e-03
1.093985e-02
1.383081e-02
1.583763e-02
1.676830e-02
1.655568e-02
1.529082e-02
1.327422e-02
1.069189e-02
7.611305e-03
4.273279e-03
9.490777e-04
-2.078308e-03
-4.570422e-03
-6.486352e-03
-7.834437e-03
-8.767363e-03
-9.528789e-03
-1.038567e-02
-1.149738e-02
-1.290626e-02
-1.458366e-02
-1.627533e-02
-1.765244e-02
-1.854694e-02
-1.890594e-02
-1.871090e-02
-1.784110e-02
-1.607359e-02
-1.333693e-02
-9.695010e-03
-5.237919e-03
-1.215154e-04
5.128625e-03
9.724175e-03
1.279189e-02
1.382676e-02
1.287368e-02
1.044281e-02
7.257524e-03
4.134735e-03
1.629527e-03
-5.050671e-06
-8.165460e-04
-1.116745e-03
-1.014579e-03
-3.750046e-04
6.969048e-04
1.805638e-03
2.592695e-03
2.555764e-03
1.371002e-03
-9.239949e-04
-4.069431e-03
-7.584429e-03
-1.079026e-02
-1.294400e-02
-1.363774e-02
-1.307963e-02
-1.191073e-02
-1.061807e-02
-9.331042e-03
-8.132017e-03
-7.108654e-03
-5.962051e-03
-4.349455e-03
-2.278140e-03
-5.313878e-05
1.999065e-03
3.859559e-03
5.580915e-03
7.242456e-03
9.026805e-03
1.099756e-02
1.304457e-02
1.488347e-02
1.602128e-02
1.582818e-02
1.399044e-02
1.065811e-02
6.345396e-03
1.674036e-03
-2.929131e-03
-7.084553e-03
-1.055076e-02
-1.334585e-02
-1.552227e-02
-1.731001e-02
-1.902694e-02
-2.063774e-02
-2.178849e-02
-2.218102e-02
-2.177218e-02
-2.065779e-02
-1.933142e-02
-1.843627e-02
-1.836759e-02
-1.903631e-02
-1.993789e-02
-2.046471e-02
-2.014552e-02
-1.874096e-02
-1.647400e-02
-1.399815e-02
-1.185071e-02
-1.030357e-02
-9.320594e-03
-8.621499e-03
-7.743473e-03
-6.142368e-03
-3.590266e-03
-4.697499e-04
2.464754e-03
4.465914e-03
5.021740e-03
4.346764e-03
3.191832e-03
2.256581e-03
1.895820e-03
2.187855e-03
3.056285e-03
4.207014e-03
5.186922e-03
5.780114e-03
5.930982e-03
5.712448e-03
5.198141e-03
4.400794e-03
3.345044e-03
1.867084e-03
-1.142924e-04
-2.424693e-03
-4.731767e-03
-6.401516e-03
-6.769089e-03
-5.504154e-03
-2.819611e-03
4.732027e-04
3.204114e-03
4.547064e-03
4.273636e-03
2.517690e-03
-1.300375e-04
-3.021275e-03
-5.800082e-03
-8.188295e-03
-1.004590e-02
-1.149837e-02
-1.270694e-02
-1.377603e-02
-1.464324e-02
-1.513680e-02
-1.513509e-02
-1.471296e-02
-1.422251e-02
-1.400295e-02
-1.389266e-02
-1.356215e-02
-1.291819e-02
-1.208658e-02
-1.129412e-02
-1.071025e-02
-1.049280e-02
-1.089185e-02
-1.202790e-02
-1.376041e-02
-1.584195e-02
-1.782920e-02
-1.915360e-02
-1.926781e-02
-1.789113e-02
-1.512542e-02
-1.134582e-02
-7.108048e-03
-3.035931e-03
4.297898e-04
3.209158e-03
5.346165e-03
6.994833e-03
8.410848e-03
9.920713e-03
1.175623e-02
1.405001e-02
1.676577e-02
1.980319e-02
2.303998e-02
2.606538e-02
2.822226e-02
2.900759e-02
2.814550e-02
2.528516e-02
2.039045e-02
1.407924e-02
7.240927e-03
7.818438e-04
-4.503360e-03
-7.853770e-03
-8.686046e-03
-6.907472e-03
-3.108290e-03
1.485537e-03
5.685260e-03
8.758789e-03
1.018664e-02
9.682294e-03
7.312812e-03
3.742984e-03
-1.094329e-04
-3.637179e-03
-6.442659e-03
-8.359427e-03
-9.421249e-03
-9.653220e-03
-9.140547e-03
-8.270095e-03
-7.422356e-03
-6.618062e-03
-5.814700e-03
-5.153614e-03
-4.788441e-03
-4.709193e-03
-4.712321e-03
-4.689955e-03
-4.660732e-03
-4.732108e-03
-4.972853e-03
-5.220934e-03
-5.331180e-03
-5.283686e-03
-5.046977e-03
-4.651381e-03
-4.169315e-03
-3.624271e-03
-3.006487e-03
-2.216412e-03
-1.195678e-03
2.809111e-05
1.193097e-03
1.879986e-03
1.761386e-03
6.339147e-04
-1.403685e-03
-3.899170e-03
-6.184274e-03
-7.703358e-03
-8.256047e-03
-7.837240e-03
-6.679465e-03
-5.233055e-03
-3.682248e-03
-2.107998e-03
-6.078560e-04
6.415954e-04
1.428567e-03
1.666866e-03
1.420483e-03
7.216044e-04
-2.661613e-04
-1.297064e-03
-2.146809e-03
-2.774894e-03
-3.258179e-03
-3.672474e-03
-4.017682e-03
-4.308244e-03
-4.388539e-03
-3.919267e-03
-2.768888e-03
-9.722253e-04
1.437440e-03
4.378392e-03
7.304342e-03
9.526254e-03
1.053573e-02
9.981540e-03
7.876826e-03
4.607297e-03
8.264452e-04
-2.731680e-03
-5.521205e-03
-7.442520e-03
-8.566731e-03
-9.079630e-03
-9.414152e-03
-9.971131e-03
-1.082507e-02
-1.175963e-02
-1.239409e-02
-1.229842e-02
-1.085421e-02
-7.743440e-03
-3.225361e-03
2.282352e-03
8.120370e-03
1.334248e-02
1.724787e-02
1.939035e-02
1.951705e-02
1.769876e-02
1.428340e-02
9.947967e-03
5.517147e-03
1.684213e-03
-9.931458e-04
-2.381455e-03
-2.768524e-03
-2.599222e-03
-2.475931e-03
-2.697091e-03
-3.174404e-03
-3.777738e-03
-4.601019e-03
-5.589812e-03
-6.294691e-03
-6.367408e-03
-5.912742e-03
-5.205439e-03
-4.537165e-03
-4.220095e-03
-4.464428e-03
-5.370555e-03
-6.789237e-03
-8.478063e-03
-1.037613e-02
-1.243448e-02
-1.443916e-02
-1.616662e-02
-1.756312e-02
-1.867569e-02
-1.949412e-02
-1.990200e-02
-1.976630e-02
-1.894200e-02
-1.740964e-02
-1.534709e-02
-1.294167e-02
-1.035422e-02
-7.723825e-03
-5.254218e-03
-3.159295e-03
-1.485613e-03
-1.993009e-04
7.128577e-04
1.345530e-03
1.834023e-03
2.374114e-03
3.086890e-03
3.879732e-03
4.603302e-03
5.003986e-03
4.768482e-03
3.734014e-03
1.893908e-03
-5.607668e-04
-3.080226e-03
-5.241476e-03
-6.956829e-03
-8.119130e-03
-8.411458e-03
-7.653643e-03
-6.147330e-03
-4.308974e-03
-2.436754e-03
-7.495989e-04
5.305676e-04
1.208860e-03
1.314259e-03
1.049615e-03
6.621377e-04
2.381005e-04
-7.786493e-05
-1.110945e-04
-2.745671e-05
-2.546944e-04
-1.043765e-03
-2.096960e-03
-2.934109e-03
-3.355296e-03
-3.186508e-03
-2.340569e-03
-9.001581e-04
7.909902e-04
2.292922e-03
3.314760e-03
3.727062e-03
3.623201e-03
3.322422e-03
3.192603e-03
3.532437e-03
4.615582e-03
6.625513e-03
9.383550e-03
1.242068e-02
1.529259e-02
1.758377e-02
1.892912e-02
1.921717e-02
1.859202e-02
1.733675e-02
1.584998e-02
1.444407e-02
1.333145e-02
1.250127e-02
1.177753e-02
1.097159e-02
9.852674e-03
8.297691e-03
6.230901e-03
3.692897e-03
1.006829e-03
-1.536455e-03
-3.657873e-03
-5.128077e-03
-5.738417e-03
-5.443405e-03
-4.551680e-03
-3.461595e-03
-2.490068e-03
-1.868085e-03
-1.774202e-03
-2.336289e-03
-3.369080e-03
-4.283501e-03
-4.755336e-03
-4.724719e-03
-4.147305e-03
-2.959393e-03
-1.085619e-03
1.418756e-03
4.380520e-03
7.591402e-03
1.093389e-02
1.442526e-02
1.786223e-02
2.093667e-02
2.349496e-02
2.541743e-02
2.665371e-02
2.720704e-02
2.719059e-02
2.692237e-02
2.662145e-02
2.632683e-02
2.617793e-02
2.625671e-02
2.660341e-02
2.711494e-02
2.745793e-02
2.737338e-02
2.682320e-02
2.567608e-02
2.375963e-02
2.133168e-02
1.874690e-02
1.628304e-02
1.432118e-02
1.317652e-02
1.278639e-02
1.287771e-02
1.294629e-02
1.266227e-02
1.212000e-02
1.155096e-02
1.107383e-02
1.072836e-02
1.057268e-02
1.056263e-02
1.030633e-02
9.405844e-03
7.736147e-03
5.366005e-03
2.609169e-03
-7.638842e-05
-2.186185e-03
-3.427205e-03
-3.772430e-03
-3.272842e-03
-1.936085e-03
-7.643010e-05
1.881242e-03
3.723832e-03
5.309905e-03
6.448019e-03
6.940314e-03
6.841694e-03
6.349736e-03
5.591439e-03
4.612734e-03
3.638531e-03
2.941856e-03
2.634968e-03
2.732806e-03
3.166892e-03
3.781128e-03
4.433243e-03
5.004545e-03
5.428599e-03
5.564222e-03
5.305140e-03
4.794923e-03
4.469379e-03
4.472892e-03
4.678244e-03
5.084932e-03
5.771513e-03
6.477738e-03
6.851370e-03
6.822172e-03
6.240698e-03
4.968008e-03
3.217588e-03
1.323615e-03
-4.057743e-04
-1.921227e-03
-3.424280e-03
-5.077802e-03
-6.819065e-03
-8.528756e-03
-1.010305e-02
-1.146403e-02
-1.258033e-02
-1.345105e-02
-1.404430e-02
-1.421797e-02
-1.398700e-02
-1.361970e-02
-1.345844e-02
-1.358965e-02
-1.385786e-02
-1.409277e-02
-1.411038e-02
-1.366652e-02
-1.279345e-02
-1.173485e-02
-1.094808e-02
-1.078759e-02
-1.132380e-02
-1.237829e-02
-1.361084e-02
-1.463771e-02
-1.504412e-02
-1.441245e-02
-1.272589e-02
-1.024887e-02
-7.266663e-03
-4.052535e-03
-9.628627e-04
1.592674e-03
3.168083e-03
3.658600e-03
3.394891e-03
2.717785e-03
1.909814e-03
1.270875e-03
9.063115e-04
7.855288e-04
7.779674e-04
7.145238e-04
3.468355e-04
-4.404649e-04
-1.367821e-03
-2.077274e-03
-2.381898e-03
-2.280548e-03
-1.937769e-03
-1.543095e-03
-1.360205e-03
-1.547491e-03
-2.154907e-03
-3.037232e-03
-3.793263e-03
-4.054444e-03
-3.588993e-03
-2.488598e-03
-1.263577e-03
-5.430670e-04
-5.481409e-04
-1.211488e-03
-2.426839e-03
-4.104844e-03
-6.028217e-03
-7.994990e-03
-9.728786e-03
-1.112113e-02
-1.221066e-02
-1.293254e-02
-1.322231e-02
-1.307697e-02
-1.268046e-02
-1.238494e-02
-1.240566e-02
-1.271835e-02
-1.325721e-02
-1.385627e-02
-1.409019e-02
-1.348438e-02
-1.169893e-02
-8.801884e-03
-5.372198e-03
-1.980436e-03
9.532378e-04
3.018047e-03
4.150086e-03
4.626957e-03
4.864895e-03
5.346258e-03
6.292948e-03
7.568473e-03
8.892938e-03
1.005120e-02
1.107530e-02
1.192955e-02
1.247940e-02
1.277914e-02
1.271629e-02
1.228568e-02
1.158606e-02
1.064292e-02
9.631743e-03
8.764554e-03
8.055551e-03
7.479466e-03
7.179552e-03
7.255363e-03
7.530227e-03
7.782067e-03
8.044477e-03
8.353331e-03
8.687632e-03
8.939328e-03
9.037707e-03
9.058108e-03
9.071900e-03
9.005274e-03
8.907465e-03
8.860186e-03
8.812989e-03
8.759053e-03
8.772740e-03
8.864669e-03
8.930837e-03
8.902082e-03
8.745814e-03
8.388369e-03
7.832677e-03
7.200523e-03
6.594723e-03
6.006428e-03
5.482318e-03
5.092864e-03
4.827784e-03
4.740855e-03
4.997306e-03
5.603986e-03
6.336860e-03
6.938756e-03
7.071943e-03
6.426635e-03
4.936909e-03
2.769967e-03
4.339438e-04
-1.522404e-03
-2.837549e-03
-3.404411e-03
-3.224494e-03
-2.574639e-03
-2.014269e-03
-1.967664e-03
-2.485081e-03
-3.309788e-03
-4.238230e-03
-5.208591e-03
-6.199069e-03
-7.065010e-03
-7.881656e-03
-8.636509e-03
-9.137434e-03
-9.116213e-03
-8.324703e-03
-6.706991e-03
-4.354437e-03
-1.433808e-03
1.696365e-03
4.510818e-03
6.640158e-03
8.146898e-03
9.255375e-03
1.005032e-02
1.047502e-02
1.058545e-02
1.058129e-02
1.039397e-02
9.854907e-03
9.065787e-03
8.350670e-03
7.883535e-03
7.502924e-03
6.944580e-03
6.117729e-03
5.203939e-03
4.360063e-03
3.696131e-03
3.331536e-03
3.312461e-03
3.543176e-03
3.776955e-03
3.706065e-03
3.237143e-03
2.411533e-03
1.372479e-03
4.105974e-04
-3.372744e-04
-9.043051e-04
-1.411386e-03
-1.855592e-03
-2.265579e-03
-2.541052e-03
-2.519424e-03
-2.111139e-03
-1.323262e-03
-1.990671e-04
1.138043e-03
2.328735e-03
2.925386e-03
2.706509e-03
1.763361e-03
4.943098e-04
-7.200135e-04
-1.804431e-03
-2.533496e-03
-2.745297e-03
-2.718303e-03
-2.797419e-03
-3.073035e-03
-3.522150e-03
-4.196681e-03
-4.978994e-03
-5.720779e-03
-6.312015e-03
-6.701931e-03
-7.058262e-03
-7.605141e-03
-8.288641e-03
-8.982491e-03
-9.523711e-03
-9.648912e-03
-9.062396e-03
-7.780982e-03
-6.185731e-03
-4.709947e-03
-3.510919e-03
-2.491188e-03
-1.691022e-03
-1.177379e-03
-9.323194e-04
-1.009861e-03
-1.586012e-03
-2.762581e-03
-4.499743e-03
-6.645675e-03
-8.684357e-03
-1.005104e-02
-1.036059e-02
-9.336439e-03
-6.938659e-03
-3.562546e-03
1.371294e-04
3.536840e-03
6.195950e-03
7.821510e-03
8.371755e-03
8.060534e-03
7.139480e-03
5.870149e-03
4.446286e-03
3.034289e-03
1.758801e-03
8.353606e-04
5.727095e-04
1.068535e-03
2.207978e-03
3.507971e-03
4.368844e-03
4.339716e-03
3.170563e-03
9.372025e-04
-1.789433e-03
-4.360861e-03
-6.480732e-03
-7.952343e-03
-8.689413e-03
-8.768333e-03
-8.281678e-03
-7.243671e-03
-5.794412e-03
-4.364490e-03
-3.312902e-03
-2.769468e-03
-2.757171e-03
-3.266496e-03
-4.133338e-03
-5.059105e-03
-5.912490e-03
-6.484192e-03
-6.689750e-03
-6.705082e-03
-6.739746e-03
-6.984830e-03
-7.624914e-03
-8.570503e-03
-9.616537e-03
-1.058323e-02
-1.131558e-02
-1.174672e-02
-1.192735e-02
-1.198068e-02
-1.200859e-02
-1.197531e-02
-1.167348e-02
-1.090650e-02
-9.565986e-03
-7.590417e-03
-5.155805e-03
-2.750350e-03
-7.482326e-04
5.807778e-04
1.015915e-03
5.778455e-04
-3.469597e-04
-1.130111e-03
-1.349223e-03
-1.062415e-03
-4.330647e-04
3.894200e-04
1.150926e-03
1.548130e-03
1.383978e-03
7.598553e-04
1.016958e-05
-5.559749e-04
-7.909313e-04
-5.828304e-04
5.578709e-05
9.728692e-04
1.967548e-03
2.842249e-03
3.252361e-03
2.914302e-03
1.875364e-03
4.107596e-04
-1.154822e-03
-2.492403e-03
-3.317243e-03
-3.606318e-03
-3.452811e-03
-2.913103e-03
-2.170729e-03
-1.414761e-03
-8.051180e-04
-5.869075e-04
-9.500427e-04
-1.780783e-03
-2.728839e-03
-3.536589e-03
-4.025170e-03
-3.955566e-03
-3.461983e-03
-2.868326e-03
-2.410168e-03
-2.274834e-03
-2.555506e-03
-3.198656e-03
-4.038879e-03
-4.917546e-03
-5.509952e-03
-5.645583e-03
-5.587777e-03
-5.628236e-03
-5.889907e-03
-6.210977e-03
-6.333884e-03
-5.903400e-03
-4.654005e-03
-2.774549e-03
-6.819668e-04
1.231537e-03
2.422232e-03
2.518589e-03
1.603341e-03
1.017526e-04
-1.551486e-03
-2.858832e-03
-3.330900e-03
-2.904946e-03
-1.758961e-03
-2.495380e-04
1.235992e-03
2.370508e-03
2.910240e-03
2.825585e-03
2.458467e-03
1.905395e-03
1.101675e-03
1.517440e-04
-7.442878e-04
-1.378609e-03
-1.645876e-03
-1.570680e-03
-1.291879e-03
-9.315733e-04
-6.435685e-04
-6.130717e-04
-9.567001e-04
-1.651913e-03
-2.479892e-03
-3.166396e-03
-3.527380e-03
-3.554448e-03
-3.299163e-03
-2.913118e-03
-2.616975e-03
-2.509059e-03
-2.525455e-03
-2.490226e-03
-2.360420e-03
-2.058459e-03
-1.504109e-03
-8.500018e-04
-3.284412e-04
-4.114152e-06
2.522427e-04
3.963738e-04
4.251424e-04
5.038961e-04
7.782912e-04
1.239892e-03
1.793406e-03
2.599997e-03
3.729336e-03
4.939211e-03
5.908632e-03
6.563111e-03
6.818319e-03
6.425772e-03
5.327358e-03
3.671740e-03
1.722721e-03
-2.847699e-04
-2.162780e-03
-3.781155e-03
-5.074958e-03
-6.242524e-03
-7.391565e-03
-8.440798e-03
-9.303950e-03
-9.899403e-03
-1.012266e-02
-9.909018e-03
-9.382503e-03
-8.915637e-03
-8.621033e-03
-8.284953e-03
-7.885939e-03
-7.548903e-03
-7.307831e-03
-7.073070e-03
-6.828871e-03
-6.656559e-03
-6.731946e-03
-7.060934e-03
-7.348712e-03
-7.527708e-03
-7.727650e-03
-7.849481e-03
-7.943276e-03
-8.027571e-03
-7.937264e-03
-7.710388e-03
-7.479171e-03
-7.208880e-03
-6.974068e-03
-6.906192e-03
-7.023252e-03
-7.385222e-03
-7.900098e-03
-8.361741e-03
-8.581073e-03
-8.444232e-03
-7.864000e-03
-6.884397e-03
-5.733118e-03
-4.608567e-03
-3.611250e-03
-2.710101e-03
-1.829007e-03
-9.597519e-04
-1.838026e-04
4.161745e-04
7.064706e-04
5.812654e-04
1.424780e-04
-3.646438e-04
-7.179189e-04
-6.998802e-04
-2.641231e-04
4.874977e-04
1.356640e-03
2.122473e-03
2.618342e-03
2.750282e-03
2.561549e-03
1.906205e-03
8.667631e-04
-4.211328e-04
-1.997969e-03
-3.880948e-03
-6.003757e-03
-8.109530e-03
-9.905394e-03
-1.130373e-02
-1.229788e-02
-1.294593e-02
-1.350194e-02
-1.399660e-02
-1.446654e-02
-1.494924e-02
-1.535802e-02
-1.555894e-02
-1.516397e-02
-1.398269e-02
-1.223055e-02
-1.004714e-02
-7.487461e-03
-4.768296e-03
-2.159215e-03
1.131488e-04
1.878246e-03
2.981728e-03
3.315380e-03
2.959500e-03
2.193151e-03
1.316188e-03
6.152292e-04
1.998878e-04
9.802098e-05
2.584429e-04
6.700670e-04
1.307814e-03
1.990868e-03
2.659700e-03
3.207138e-03
3.480233e-03
3.345956e-03
2.654999e-03
1.403175e-03
-1.365486e-04
-1.556036e-03
-2.489184e-03
-2.765901e-03
-2.499713e-03
-1.831660e-03
-8.656110e-04
1.278477e-04
9.789102e-04
1.596638e-03
1.910495e-03
1.884742e-03
1.366283e-03
2.744764e-04
-1.163817e-03
-2.701506e-03
-4.331089e-03
-5.927328e-03
-7.267387e-03
-8.211933e-03
-8.683330e-03
-8.590305e-03
-7.972288e-03
-7.096742e-03
-6.211788e-03
-5.493034e-03
-5.075391e-03
-5.008745e-03
-5.312870e-03
-5.743562e-03
-5.968149e-03
-5.870636e-03
-5.460291e-03
-4.655608e-03
-3.517806e-03
-2.238182e-03
-1.003798e-03
-3.150254e-05
5.726002e-04
7.705480e-04
4.646555e-04
-2.686007e-04
-1.070415e-03
-1.612390e-03
-1.876090e-03
-1.863240e-03
-1.445982e-03
-6.446074e-04
3.142710e-04
1.102515e-03
1.571091e-03
1.659085e-03
1.256378e-03
3.225342e-04
-8.275627e-04
-1.702912e-03
-2.195708e-03
-2.507768e-03
-2.703027e-03
-2.835118e-03
-3.068140e-03
-3.448028e-03
-4.036634e-03
-4.793360e-03
-5.459204e-03
-5.736607e-03
-5.524810e-03
-4.869772e-03
-4.000683e-03
-3.216604e-03
-2.809221e-03
-2.869467e-03
-3.310324e-03
-3.935035e-03
-4.379256e-03
-4.239118e-03
-3.369425e-03
-1.928537e-03
-3.146882e-04
1.063514e-03
2.088119e-03
2.683196e-03
2.832446e-03
2.781720e-03
2.770419e-03
2.870382e-03
3.061393e-03
3.443760e-03
4.023079e-03
4.657828e-03
5.312289e-03
5.890339e-03
6.218973e-03
6.227901e-03
5.900779e-03
5.196065e-03
4.111518e-03
2.754717e-03
1.361639e-03
4.915285e-05
-1.173553e-03
-2.227894e-03
-3.185442e-03
-4.153742e-03
-5.136353e-03
-6.067817e-03
-6.876320e-03
-7.585757e-03
-8.341990e-03
-9.141310e-03
-9.807202e-03
-1.036696e-02
-1.099508e-02
-1.157484e-02
-1.182402e-02
-1.161796e-02
-1.100248e-02
-1.009237e-02
-8.863274e-03
-7.403709e-03
-5.887519e-03
-4.361908e-03
-2.837170e-03
-1.494985e-03
-5.115755e-04
3.161591e-05
7.717970e-05
-1.887833e-04
-4.560078e-04
-6.563128e-04
-6.864127e-04
-2.944539e-04
5.770222e-04
1.742484e-03
2.791264e-03
3.375729e-03
3.332990e-03
2.612618e-03
1.350128e-03
-1.967010e-04
-1.777878e-03
-3.126056e-03
-3.976911e-03
-4.174876e-03
-3.807566e-03
-3.066277e-03
-1.969727e-03
-6.675352e-04
5.555320e-04
1.570561e-03
2.491613e-03
3.373728e-03
4.299259e-03
5.472337e-03
6.912740e-03
8.390082e-03
9.559339e-03
1.021076e-02
1.014545e-02
9.152865e-03
7.471004e-03
5.513835e-03
3.647787e-03
2.084341e-03
1.006514e-03
5.103716e-04
3.977944e-04
5.672795e-04
8.632137e-04
1.064579e-03
1.143003e-03
1.149467e-03
1.169082e-03
1.253347e-03
1.362942e-03
1.452886e-03
1.480695e-03
1.534512e-03
1.700944e-03
1.791844e-03
1.640661e-03
1.149480e-03
3.090416e-04
-7.459219e-04
-1.791483e-03
-2.572842e-03
-3.002335e-03
-3.210426e-03
-3.219647e-03
-3.107411e-03
-3.054408e-03
-3.177949e-03
-3.574111e-03
-4.144471e-03
-4.811599e-03
-5.559972e-03
-6.336405e-03
-7.144333e-03
-7.843968e-03
-8.270658e-03
-8.392878e-03
-8.109231e-03
-7.341654e-03
-6.208235e-03
-4.726814e-03
-2.999634e-03
-1.306015e-03
1.376905e-04
1.026104e-03
1.161238e-03
6.951717e-04
-1.660963e-04
-1.140291e-03
-1.852894e-03
-1.968897e-03
-1.505216e-03
-7.270921e-04
-8.308240e-06
2.088586e-04
-1.778800e-04
-1.009658e-03
-1.984579e-03
-2.704594e-03
-2.893800e-03
-2.392987e-03
-1.271476e-03
7.752393e-05
1.278548e-03
2.075734e-03
2.353801e-03
2.173223e-03
1.675055e-03
9.197076e-04
3.527516e-06
-9.827508e-04
-2.008928e-03
-3.025029e-03
-3.849664e-03
-4.233099e-03
-4.074073e-03
-3.405391e-03
-2.560365e-03
-1.833813e-03
-1.318995e-03
-1.023507e-03
-8.879487e-04
-7.346525e-04
-4.995289e-04
-2.518263e-04
-4.845274e-05
5.356564e-05
-7.433094e-05
-5.167628e-04
-1.217858e-03
-1.969641e-03
-2.454585e-03
-2.624183e-03
-2.652984e-03
-2.648591e-03
-2.589463e-03
-2.499575e-03
-2.369559e-03
-2.094348e-03
-1.481586e-03
-3.082822e-04
1.353032e-03
3.047659e-03
4.478517e-03
5.622484e-03
6.477067e-03
7.087215e-03
7.599864e-03
8.070937e-03
8.691183e-03
9.653112e-03
1.074393e-02
1.171693e-02
1.248959e-02
1.300752e-02
1.321114e-02
1.320080e-02
1.302636e-02
1.265682e-02
1.214712e-02
1.152314e-02
1.075644e-02
9.833620e-03
8.736929e-03
7.546148e-03
6.365513e-03
5.132945e-03
3.939934e-03
2.832092e-03
1.788918e-03
8.385402e-04
1.019688e-04
-3.668200e-04
-4.953277e-04
-1.521616e-04
6.954761e-04
1.914163e-03
3.363791e-03
4.850024e-03
6.143671e-03
7.011659e-03
7.118259e-03
6.303960e-03
4.785113e-03
2.946880e-03
1.251381e-03
2.314606e-04
1.519781e-04
8.741214e-04
2.034538e-03
3.375803e-03
4.672557e-03
5.694404e-03
6.338855e-03
6.558085e-03
6.308447e-03
5.592835e-03
4.563724e-03
3.348133e-03
2.053648e-03
7.510462e-04
-5.360222e-04
-1.679165e-03
-2.637194e-03
-3.528129e-03
-4.297500e-03
-4.777334e-03
-5.023072e-03
-5.026628e-03
-4.746406e-03
-4.207731e-03
-3.584273e-03
-3.117526e-03
-2.833428e-03
-2.565186e-03
-2.346527e-03
-2.163274e-03
-1.865580e-03
-1.277290e-03
-4.473833e-04
4.023166e-04
1.112208e-03
1.640437e-03
2.067429e-03
2.347202e-03
2.483000e-03
2.624355e-03
2.793691e-03
2.928197e-03
3.041151e-03
3.102956e-03
3.001169e-03
2.715068e-03
2.138910e-03
1.241761e-03
1.095414e-04
-1.144501e-03
-2.321552e-03
-3.190742e-03
-3.541824e-03
-3.351201e-03
-2.845398e-03
-2.179904e-03
-1.537192e-03
-1.204289e-03
-1.367167e-03
-1.972696e-03
-2.763526e-03
-3.551404e-03
-4.223404e-03
-4.796025e-03
-5.430473e-03
-6.135455e-03
-6.824023e-03
-7.506680e-03
-8.102555e-03
-8.378455e-03
-8.323427e-03
-7.987130e-03
-7.325889e-03
-6.467039e-03
-5.681536e-03
-4.928576e-03
-4.068716e-03
-3.212983e-03
-2.340195e-03
-1.349928e-03
-4.046759e-04
4.439282e-04
1.273882e-03
2.140467e-03
3.087578e-03
4.092714e-03
5.134397e-03
6.264792e-03
7.322135e-03
8.080427e-03
8.423846e-03
8.354321e-03
8.073085e-03
7.898582e-03
8.019357e-03
8.462310e-03
9.228198e-03
1.016190e-02
1.109606e-02
1.198884e-02
1.275645e-02
1.325230e-02
1.330454e-02
1.295166e-02
1.233935e-02
1.162256e-02
1.080645e-02
9.979352e-03
9.286426e-03
8.702955e-03
8.147261e-03
7.595308e-03
6.918166e-03
5.961501e-03
4.761406e-03
3.359534e-03
1.782672e-03
1.068894e-04
-1.527604e-03
-2.989359e-03
-4.226837e-03
-5.108404e-03
-5.646897e-03
-5.955507e-03
-6.023025e-03
-5.873164e-03
-5.602465e-03
-5.236684e-03
-4.762468e-03
-4.190036e-03
-3.553018e-03
-2.916434e-03
-2.351122e-03
-2.036819e-03
-2.178234e-03
-2.733317e-03
-3.488257e-03
-4.247492e-03
-4.922374e-03
-5.541648e-03
-5.985688e-03
-5.922398e-03
-5.314868e-03
-4.484507e-03
-3.818889e-03
-3.502925e-03
-3.392058e-03
-3.333548e-03
-3.193108e-03
-2.713374e-03
-1.750104e-03
-4.377952e-04
8.754229e-04
2.082695e-03
3.063664e-03
3.494129e-03
3.326411e-03
2.803289e-03
2.200140e-03
1.732035e-03
1.470427e-03
1.345297e-03
1.345377e-03
1.605907e-03
2.229006e-03
3.069894e-03
3.891225e-03
4.647378e-03
5.295526e-03
5.795198e-03
6.222945e-03
6.784233e-03
7.814110e-03
9.316953e-03
1.103030e-02
1.268596e-02
1.399158e-02
1.472890e-02
1.478386e-02
1.419205e-02
1.325240e-02
1.237660e-02
1.170063e-02
1.122862e-02
1.091745e-02
1.054779e-02
9.987786e-03
9.279657e-03
8.446953e-03
7.538449e-03
6.754541e-03
6.386321e-03
6.429762e-03
6.668068e-03
7.061015e-03
7.527880e-03
7.695832e-03
7.277528e-03
6.406561e-03
5.287271e-03
4.156058e-03
3.256980e-03
2.666414e-03
2.430735e-03
2.479390e-03
2.619310e-03
2.618154e-03
2.434150e-03
2.172823e-03
1.852286e-03
1.500821e-03
1.113383e-03
6.848566e-04
2.886819e-04
-1.189611e-04
-4.704409e-04
-5.280472e-04
-1.739025e-04
4.213291e-04
9.558910e-04
1.210093e-03
1.104764e-03
7.787512e-04
4.185608e-04
9.746809e-05
-2.648429e-05
1.755632e-04
5.489531e-04
9.598438e-04
1.254820e-03
1.304833e-03
1.038299e-03
6.045018e-04
3.145977e-04
1.919753e-04
2.981497e-04
7.527308e-04
1.540611e-03
2.579972e-03
3.696329e-03
4.843244e-03
5.938838e-03
6.759642e-03
7.165832e-03
7.235347e-03
7.030147e-03
6.497155e-03
5.744825e-03
5.071552e-03
4.555811e-03
4.144021e-03
3.827307e-03
3.518563e-03
3.112145e-03
2.514126e-03
1.784708e-03
1.122658e-03
6.886829e-04
5.175794e-04
6.298730e-04
1.014002e-03
1.409919e-03
1.625229e-03
1.639639e-03
1.444481e-03
1.026464e-03
3.850379e-04
-3.459887e-04
-9.986425e-04
-1.528188e-03
-1.905384e-03
-2.056297e-03
-2.183394e-03
-2.453531e-03
-2.897646e-03
-3.485310e-03
-4.052669e-03
-4.473421e-03
-4.685085e-03
-4.771551e-03
-4.795592e-03
-4.671009e-03
-4.389224e-03
-4.088204e-03
-3.811364e-03
-3.426261e-03
-2.817419e-03
-2.028255e-03
-1.278602e-03
-6.717285e-04
-2.049528e-04
7.313692e-05
2.228450e-04
3.322015e-04
3.698914e-04
3.989131e-04
6.058987e-04
8.522455e-04
9.256980e-04
9.015175e-04
9.738488e-04
1.170103e-03
1.431943e-03
1.722332e-03
2.013741e-03
2.299920e-03
2.507374e-03
2.389611e-03
1.737867e-03
5.501565e-04
-1.003696e-03
-2.689753e-03
-4.341082e-03
-5.835350e-03
-7.040998e-03
-7.769144e-03
-8.124657e-03
-8.496686e-03
-9.035660e-03
-9.573862e-03
-1.000744e-02
-1.030119e-02
-1.035327e-02
-1.009066e-02
-9.620463e-03
-9.104549e-03
-8.506268e-03
-7.806512e-03
-6.988979e-03
-5.938445e-03
-4.759959e-03
-3.603090e-03
-2.577141e-03
-1.819918e-03
-1.292918e-03
-8.696565e-04
-5.198362e-04
-2.046733e-04
7.823003e-05
3.333081e-04
5.867155e-04
6.417385e-04
3.651065e-04
-1.421623e-04
-6.585127e-04
-1.088725e-03
-1.448624e-03
-1.751082e-03
-2.023423e-03
-2.372838e-03
-2.851615e-03
-3.292309e-03
-3.643268e-03
-3.928285e-03
-4.069756e-03
-4.024873e-03
-4.069731e-03
-4.414879e-03
-4.978157e-03
-5.707062e-03
-6.445989e-03
-7.014713e-03
-7.333002e-03
-7.421095e-03
-7.322321e-03
-6.962604e-03
-6.365572e-03
-5.636754e-03
-4.840723e-03
-3.931076e-03
-3.003808e-03
-2.296357e-03
-1.914498e-03
-1.870819e-03
-2.170960e-03
-2.650709e-03
-3.018579e-03
-3.219671e-03
-3.238542e-03
-3.083175e-03
-2.869412e-03
-2.669880e-03
-2.583820e-03
-2.566825e-03
-2.409387e-03
-2.105283e-03
-1.792329e-03
-1.518947e-03
-1.452410e-03
-1.798251e-03
-2.373285e-03
-2.903792e-03
-3.307619e-03
-3.475260e-03
-3.330015e-03
-2.892537e-03
-2.334899e-03
-1.849939e-03
-1.442900e-03
-1.084583e-03
-7.678606e-04
-4.369706e-04
2.760350e-05
6.801003e-04
1.388967e-03
2.133488e-03
2.827429e-03
3.289546e-03
3.498474e-03
3.398966e-03
2.881662e-03
2.047727e-03
1.280890e-03
7.886108e-04
6.643795e-04
9.737319e-04
1.568717e-03
2.153904e-03
2.439720e-03
2.403513e-03
2.280683e-03
2.138279e-03
1.822770e-03
1.440479e-03
1.164128e-03
1.006597e-03
9.236275e-04
8.949255e-04
9.248588e-04
9.404965e-04
8.131329e-04
4.115051e-04
-3.450637e-04
-1.360787e-03
-2.352286e-03
-3.152296e-03
-3.548448e-03
-3.413757e-03
-2.907412e-03
-2.239310e-03
-1.506753e-03
-7.418320e-04
-7.651150e-05
2.764934e-04
2.908119e-04
5.329560e-05
-3.364307e-04
-6.942294e-04
-9.083821e-04
-1.003516e-03
-9.768457e-04
-7.504428e-04
-2.617044e-04
3.289687e-04
8.156040e-04
1.200552e-03
1.459960e-03
1.536936e-03
1.346065e-03
9.720283e-04
6.697429e-04
5.891943e-04
7.494002e-04
1.049910e-03
1.385274e-03
1.662843e-03
1.737079e-03
1.532384e-03
1.142863e-03
7.552797e-04
4.347061e-04
1.620260e-04
-5.130823e-05
-2.020841e-04
-2.966105e-04
-3.377645e-04
-2.211321e-04
2.069518e-04
1.017408e-03
2.121577e-03
3.361864e-03
4.642259e-03
5.820573e-03
6.810050e-03
7.593772e-03
8.116656e-03
8.318805e-03
8.153597e-03
7.597007e-03
6.897857e-03
6.352643e-03
6.042107e-03
6.042040e-03
6.435814e-03
7.074882e-03
7.724904e-03
8.306280e-03
8.756653e-03
9.014519e-03
9.216051e-03
9.394435e-03
9.345094e-03
8.990483e-03
8.410267e-03
7.653432e-03
6.888325e-03
6.295568e-03
5.881404e-03
5.589837e-03
5.334774e-03
4.973915e-03
4.397838e-03
3.665502e-03
2.978771e-03
2.496220e-03
2.325270e-03
2.421443e-03
2.650670e-03
2.869387e-03
3.056666e-03
3.289409e-03
3.526364e-03
3.684242e-03
3.668789e-03
3.478400e-03
3.181580e-03
2.762978e-03
2.248468e-03
1.732334e-03
1.266728e-03
9.480740e-04
8.331462e-04
7.231056e-04
4.910925e-04
2.203130e-04
1.179732e-04
2.252830e-04
4.081959e-04
6.524723e-04
9.357057e-04
1.109806e-03
1.092749e-03
9.738508e-04
9.037241e-04
9.953765e-04
1.141895e-03
1.087163e-03
6.788656e-04
1.825874e-05
-7.331104e-04
-1.334571e-03
-1.528341e-03
-1.302674e-03
-8.275071e-04
-4.040028e-04
-3.272991e-04
-7.308580e-04
-1.515428e-03
-2.400137e-03
-3.119414e-03
-3.438955e-03
-3.369740e-03
-3.106750e-03
-2.791824e-03
-2.555848e-03
-2.374910e-03
-2.085906e-03
-1.589733e-03
-8.388032e-04
7.883085e-05
1.033314e-03
1.890573e-03
2.487192e-03
2.780002e-03
2.821456e-03
2.769951e-03
2.873445e-03
3.237274e-03
3.722969e-03
4.253262e-03
4.793141e-03
5.156555e-03
5.323730e-03
5.350761e-03
5.184469e-03
4.860726e-03
4.425606e-03
3.974463e-03
3.593960e-03
3.145060e-03
2.629864e-03
2.096538e-03
1.645466e-03
1.343134e-03
1.086437e-03
7.571775e-04
2.646557e-04
-3.870275e-04
-1.118574e-03
-1.897523e-03
-2.673537e-03
-3.312708e-03
-3.761610e-03
-4.037117e-03
-4.253507e-03
-4.369179e-03
-4.297451e-03
-4.106970e-03
-3.796307e-03
-3.387907e-03
-3.014249e-03
-2.692688e-03
-2.360737e-03
-2.177371e-03
-2.266528e-03
-2.632995e-03
-3.089327e-03
-3.435237e-03
-3.600924e-03
-3.600521e-03
-3.450149e-03
-3.243245e-03
-3.030872e-03
-2.795363e-03
-2.674456e-03
-2.752899e-03
-2.969183e-03
-3.312610e-03
-3.844390e-03
-4.573590e-03
-5.363297e-03
-6.061533e-03
-6.502383e-03
-6.562797e-03
-6.189681e-03
-5.417256e-03
-4.384436e-03
-3.316536e-03
-2.437227e-03
-1.744246e-03
-1.191510e-03
-7.663830e-04
-4.544652e-04
-2.492590e-04
-2.020785e-04
-3.536560e-04
-6.352137e-04
-1.104795e-03
-1.834472e-03
-2.697641e-03
-3.555684e-03
-4.250401e-03
-4.527587e-03
-4.270310e-03
-3.512944e-03
-2.493749e-03
-1.470303e-03
-5.738316e-04
7.509738e-05
4.665778e-04
8.275529e-04
1.441431e-03
2.412888e-03
3.620627e-03
4.863042e-03
5.974662e-03
6.764303e-03
7.093210e-03
7.037767e-03
6.728915e-03
6.367731e-03
6.137860e-03
6.069605e-03
6.162407e-03
6.281263e-03
6.300633e-03
6.152364e-03
5.846623e-03
5.413842e-03
4.979083e-03
4.752703e-03
4.690849e-03
4.621672e-03
4.395659e-03
4.084444e-03
4.004864e-03
4.310174e-03
4.837808e-03
5.345111e-03
5.736256e-03
5.936162e-03
5.762530e-03
5.134028e-03
4.151462e-03
3.019790e-03
2.041479e-03
1.340480e-03
7.876654e-04
4.831984e-04
6.599466e-04
1.180404e-03
1.792935e-03
2.311234e-03
2.585848e-03
2.682540e-03
2.622392e-03
2.274601e-03
1.826950e-03
1.515460e-03
1.406468e-03
1.521081e-03
1.732307e-03
1.942249e-03
2.208802e-03
2.401391e-03
2.407958e-03
2.343348e-03
2.310234e-03
2.235116e-03
2.130614e-03
2.048380e-03
1.915248e-03
1.680388e-03
1.456383e-03
1.379564e-03
1.414885e-03
1.469826e-03
1.539501e-03
1.636437e-03
1.803268e-03
2.041397e-03
2.316151e-03
2.566407e-03
2.703416e-03
2.679697e-03
2.443500e-03
2.054943e-03
1.590199e-03
1.172842e-03
9.988909e-04
1.122242e-03
1.525773e-03
2.148079e-03
2.810876e-03
3.313795e-03
3.504666e-03
3.432595e-03
3.247349e-03
3.001268e-03
2.792682e-03
2.655647e-03
2.386803e-03
1.871907e-03
1.063418e-03
-2.410253e-05
-1.231238e-03
-2.362702e-03
-3.292628e-03
-3.964423e-03
-4.395427e-03
-4.583547e-03
-4.606881e-03
-4.521259e-03
-4.283011e-03
-4.044516e-03
-3.923592e-03
-3.931497e-03
-4.045261e-03
-4.200315e-03
-4.253243e-03
-4.035880e-03
-3.518638e-03
-2.756871e-03
-1.941881e-03
-1.289335e-03
-1.055655e-03
-1.282334e-03
-1.621303e-03
-1.853194e-03
-2.029135e-03
-2.009326e-03
-1.573590e-03
-7.388237e-04
2.843739e-04
1.229792e-03
2.014590e-03
2.750164e-03
3.404989e-03
3.846937e-03
4.141833e-03
4.356873e-03
4.431272e-03
4.324193e-03
4.060742e-03
3.697711e-03
3.341678e-03
3.094021e-03
2.956605e-03
2.858443e-03
2.725307e-03
2.470794e-03
2.062413e-03
1.566348e-03
1.069811e-03
6.567370e-04
4.066031e-04
3.312422e-04
3.614578e-04
3.564595e-04
1.138544e-04
-4.073817e-04
-9.902006e-04
-1.526722e-03
-2.000021e-03
-2.300916e-03
-2.380704e-03
-2.305502e-03
-2.247864e-03
-2.376062e-03
-2.796149e-03
-3.455397e-03
-4.236168e-03
-4.955408e-03
-5.448450e-03
-5.717357e-03
-5.852267e-03
-5.916968e-03
-5.963208e-03
-6.021696e-03
-6.191693e-03
-6.483198e-03
-6.785631e-03
-7.054602e-03
-7.338751e-03
-7.660498e-03
-7.981408e-03
-8.252434e-03
-8.398098e-03
-8.236480e-03
-7.718823e-03
-6.976218e-03
-6.232145e-03
-5.529894e-03
-4.952205e-03
-4.710918e-03
-4.766187e-03
-4.910592e-03
-5.022051e-03
-5.091063e-03
-5.148120e-03
-5.200003e-03
-5.266395e-03
-5.401872e-03
-5.585476e-03
-5.645952e-03
-5.452872e-03
-5.046025e-03
-4.425349e-03
-3.684823e-03
-2.991453e-03
-2.508655e-03
-2.329089e-03
-2.454419e-03
-2.935408e-03
-3.607432e-03
-4.175723e-03
-4.431109e-03
-4.252887e-03
-3.661621e-03
-2.866081e-03
-2.083543e-03
-1.578224e-03
-1.567829e-03
-2.051795e-03
-2.902116e-03
-3.829407e-03
-4.553839e-03
-5.026971e-03
-5.266680e-03
-5.261969e-03
-5.078715e-03
-4.900906e-03
-4.892387e-03
-4.986664e-03
-5.036666e-03
-5.131132e-03
-5.194252e-03
-5.027609e-03
-4.581180e-03
-3.970730e-03
-3.313985e-03
-2.627148e-03
-2.007560e-03
-1.489777e-03
-1.068686e-03
-7.263837e-04
-5.085173e-04
-5.774253e-04
-9.622663e-04
-1.402550e-03
-1.673347e-03
-1.896193e-03
-2.125792e-03
-2.307353e-03
-2.389878e-03
-2.247608e-03
-1.833928e-03
-1.205633e-03
-3.945590e-04
4.348390e-04
1.033541e-03
1.291160e-03
1.356520e-03
1.272340e-03
9.309805e-04
4.057373e-04
-1.426762e-04
-5.760175e-04
-8.226311e-04
-9.422462e-04
-1.016498e-03
-9.158597e-04
-6.427737e-04
-4.084637e-04
-2.863293e-04
-1.996037e-04
-2.068404e-04
-4.193538e-04
-7.377176e-04
-9.854050e-04
-1.207251e-03
-1.394509e-03
-1.385367e-03
-9.906048e-04
-2.885697e-04
4.868161e-04
1.216142e-03
1.801891e-03
2.127008e-03
2.168497e-03
2.033999e-03
1.893909e-03
1.895126e-03
2.202391e-03
2.768396e-03
3.340293e-03
3.771708e-03
4.051980e-03
4.126402e-03
3.941268e-03
3.648677e-03
3.313588e-03
2.932455e-03
2.616871e-03
2.465680e-03
2.509307e-03
2.732192e-03
3.004963e-03
3.202801e-03
3.265523e-03
3.086303e-03
2.733443e-03
2.511208e-03
2.657676e-03
3.144140e-03
3.862268e-03
4.712929e-03
5.509213e-03
6.016226e-03
5.973393e-03
5.329451e-03
4.362178e-03
3.444373e-03
2.674040e-03
1.994305e-03
1.393380e-03
9.209592e-04
5.568317e-04
2.221110e-04
-6.543173e-05
-2.429494e-04
-1.515485e-04
1.630209e-04
4.492376e-04
6.620599e-04
8.302274e-04
9.521966e-04
1.061768e-03
1.166784e-03
1.226941e-03
1.330323e-03
1.569532e-03
1.946012e-03
2.421648e-03
2.972630e-03
3.607792e-03
4.249655e-03
4.673236e-03
4.720131e-03
4.399263e-03
3.813181e-03
3.152694e-03
2.511170e-03
1.997670e-03
1.735452e-03
1.621060e-03
1.573736e-03
1.679486e-03
1.960650e-03
2.288738e-03
2.675416e-03
3.125258e-03
3.392627e-03
3.357241e-03
3.130091e-03
2.750485e-03
2.154434e-03
1.431235e-03
7.388958e-04
1.812248e-04
-2.942443e-04
-7.240645e-04
-9.643043e-04
-9.540671e-04
-7.632296e-04
-3.249309e-04
4.302278e-04
1.302890e-03
2.041237e-03
2.495248e-03
2.741365e-03
2.922576e-03
3.040912e-03
3.016876e-03
2.878512e-03
2.750902e-03
2.587767e-03
2.244327e-03
1.775135e-03
1.340525e-03
9.414556e-04
4.912836e-04
3.864850e-05
-2.850478e-04
-4.170053e-04
-4.232081e-04
-3.473506e-04
-3.028671e-04
-4.159223e-04
-6.074216e-04
-8.260742e-04
-1.152509e-03
-1.609956e-03
-2.092083e-03
-2.356639e-03
-2.259383e-03
-1.900578e-03
-1.479922e-03
-1.248534e-03
-1.299490e-03
-1.718683e-03
-2.539446e-03
-3.568241e-03
-4.489331e-03
-5.138867e-03
-5.448057e-03
-5.401831e-03
-5.127994e-03
-4.821618e-03
-4.484419e-03
-4.142745e-03
-3.977900e-03
-4.002669e-03
-4.136780e-03
-4.374003e-03
-4.677904e-03
-4.989293e-03
-5.212206e-03
-5.302053e-03
-5.246080e-03
-4.990807e-03
-4.493128e-03
-3.859423e-03
-3.086143e-03
-2.238159e-03
-1.458469e-03
-8.414750e-04
-3.382565e-04
-1.685035e-05
-2.358091e-05
-2.620437e-04
-6.225434e-04
-1.049252e-03
-1.451285e-03
-1.718014e-03
-1.754508e-03
-1.577882e-03
-1.499371e-03
-1.619362e-03
-1.712144e-03
-1.688420e-03
-1.626447e-03
-1.565182e-03
-1.496299e-03
-1.384980e-03
-1.263646e-03
-1.138616e-03
-1.006592e-03
-8.844616e-04
-8.726911e-04
-9.652777e-04
-1.041824e-03
-1.073408e-03
-1.081539e-03
-1.038854e-03
-9.613481e-04
-8.218643e-04
-5.237948e-04
-1.624574e-04
3.708429e-05
-9.889450e-05
-4.289128e-04
-6.707612e-04
-7.860258e-04
-7.795974e-04
-6.712046e-04
-5.017232e-04
-3.066639e-04
-3.355688e-04
-6.962672e-04
-1.169953e-03
-1.691682e-03
-2.217364e-03
-2.678991e-03
-3.008978e-03
-3.174884e-03
-3.178970e-03
-3.076656e-03
-2.957118e-03
-2.925064e-03
-3.093956e-03
-3.402048e-03
-3.793115e-03
-4.211661e-03
-4.500170e-03
-4.637171e-03
-4.594820e-03
-4.304000e-03
-3.782467e-03
-3.131151e-03
-2.362893e-03
-1.511413e-03
-6.192774e-04
1.711127e-04
6.769302e-04
8.179300e-04
6.550429e-04
3.146850e-04
-1.678620e-04
-6.735231e-04
-1.065728e-03
-1.264985e-03
-1.276055e-03
-1.279962e-03
-1.412811e-03
-1.620961e-03
-1.955936e-03
-2.491042e-03
-3.225262e-03
-4.030584e-03
-4.696065e-03
-5.161346e-03
-5.352645e-03
-5.210423e-03
-4.786581e-03
-4.355620e-03
-4.122622e-03
-4.063606e-03
-4.084405e-03
-4.074501e-03
-4.055906e-03
-4.116608e-03
-4.160226e-03
-4.062220e-03
-3.935308e-03
-3.813321e-03
-3.556806e-03
-3.125434e-03
-2.568301e-03
-1.930608e-03
-1.275146e-03
-6.369270e-04
4.989750e-05
7.304201e-04
1.309019e-03
1.854767e-03
2.510116e-03
3.146985e-03
3.463231e-03
3.383197e-03
3.036292e-03
2.509689e-03
1.903642e-03
1.453058e-03
1.391503e-03
1.561542e-03
1.645259e-03
1.539267e-03
1.284170e-03
8.707665e-04
3.683752e-04
2.711879e-05
8.822242e-05
6.868972e-04
1.504710e-03
2.167646e-03
2.550721e-03
2.657506e-03
2.653331e-03
2.740965e-03
2.907687e-03
3.040055e-03
3.103372e-03
2.992983e-03
2.522676e-03
1.811358e-03
1.191343e-03
8.951767e-04
8.766322e-04
1.034691e-03
1.258835e-03
1.240525e-03
8.460967e-04
2.676585e-04
-2.966552e-04
-6.600143e-04
-7.165608e-04
-4.444219e-04
1.072233e-04
6.483740e-04
9.444198e-04
1.048894e-03
1.161475e-03
1.423142e-03
1.690887e-03
1.865747e-03
1.946890e-03
1.797341e-03
1.308279e-03
5.518707e-04
-3.964724e-04
-1.446786e-03
-2.438842e-03
-3.304272e-03
-4.057725e-03
-4.641610e-03
-5.001648e-03
-5.220836e-03
-5.275148e-03
-5.090635e-03
-4.686770e-03
-4.233355e-03
-3.874974e-03
-3.714617e-03
-3.726238e-03
-3.839635e-03
-4.035077e-03
-4.291930e-03
-4.479151e-03
-4.432036e-03
-4.140118e-03
-3.646165e-03
-3.083187e-03
-2.610848e-03
-2.247321e-03
-1.974443e-03
-1.775676e-03
-1.544410e-03
-1.224343e-03
-8.582344e-04
-4.165776e-04
4.210826e-05
4.180440e-04
5.602348e-04
4.956007e-04
4.037708e-04
2.208484e-04
-1.128324e-04
-4.625627e-04
-7.500227e-04
-1.074701e-03
-1.446694e-03
-1.782827e-03
-2.099098e-03
-2.276667e-03
-2.238537e-03
-2.084250e-03
-2.026716e-03
-2.124589e-03
-2.205369e-03
-2.104185e-03
-1.823142e-03
-1.433105e-03
-8.492583e-04
-7.299939e-05
7.226369e-04
1.376251e-03
1.805104e-03
1.990787e-03
2.095914e-03
2.235735e-03
2.294426e-03
2.322591e-03
2.378237e-03
2.383473e-03
2.242196e-03
1.969359e-03
1.649525e-03
1.247441e-03
6.365866e-04
-1.141712e-04
-7.538952e-04
-1.380177e-03
-2.072263e-03
-2.758258e-03
-3.329111e-03
-3.750971e-03
-4.133250e-03
-4.515134e-03
-4.847910e-03
-5.010152e-03
-4.943122e-03
-4.769764e-03
-4.560621e-03
-4.352202e-03
-4.112877e-03
-3.846187e-03
-3.514955e-03
-3.080386e-03
-2.607676e-03
-2.177389e-03
-1.937889e-03
-1.962811e-03
-2.115745e-03
-2.273209e-03
-2.360009e-03
-2.348534e-03
-2.103006e-03
-1.486600e-03
-5.151799e-04
5.643973e-04
1.519237e-03
2.262700e-03
2.831222e-03
3.253629e-03
3.526258e-03
3.714621e-03
3.808290e-03
3.853024e-03
3.926551e-03
3.909102e-03
3.746386e-03
3.471116e-03
3.043578e-03
2.414660e-03
1.557951e-03
4.934367e-04
-5.811129e-04
-1.481258e-03
-2.201168e-03
-2.733874e-03
-3.041419e-03
-3.184287e-03
-3.292585e-03
-3.405915e-03
-3.489468e-03
-3.510745e-03
-3.457957e-03
-3.314706e-03
-3.003402e-03
-2.561907e-03
-2.074747e-03
-1.561629e-03
-1.017920e-03
-4.325553e-04
2.126212e-04
8.118497e-04
1.330839e-03
1.857840e-03
2.486977e-03
3.191410e-03
3.901445e-03
4.572590e-03
5.223572e-03
5.829995e-03
6.247987e-03
6.413043e-03
6.333800e-03
6.077492e-03
5.719069e-03
5.266216e-03
4.797936e-03
4.442133e-03
4.202767e-03
3.822383e-03
3.137899e-03
2.273354e-03
1.336800e-03
2.962345e-04
-8.135395e-04
-1.831576e-03
-2.594671e-03
-3.043300e-03
-3.415654e-03
-3.813830e-03
-4.164253e-03
-4.486000e-03
-4.866799e-03
-5.328990e-03
-5.716357e-03
-5.969620e-03
-6.074783e-03
-5.881558e-03
-5.405961e-03
-4.837781e-03
-4.135029e-03
-3.176888e-03
-2.094765e-03
-1.033556e-03
-1.430736e-04
5.143037e-04
1.002626e-03
1.296070e-03
1.384170e-03
1.478297e-03
1.735826e-03
2.176822e-03
2.764920e-03
3.294383e-03
3.616061e-03
3.781819e-03
3.676853e-03
3.238869e-03
2.661015e-03
2.092780e-03
1.632987e-03
1.334870e-03
1.165089e-03
1.030475e-03
9.602586e-04
9.276587e-04
8.650191e-04
7.305330e-04
5.450236e-04
4.089047e-04
3.442251e-04
2.445564e-04
1.375423e-04
1.558890e-04
2.601486e-04
2.887949e-04
2.335336e-04
1.458115e-04
8.918177e-05
1.243540e-04
2.808171e-04
4.582772e-04
7.077857e-04
1.140205e-03
1.632662e-03
2.161762e-03
2.700250e-03
3.221163e-03
3.804592e-03
4.340599e-03
4.651758e-03
4.740810e-03
4.619709e-03
4.442116e-03
4.405142e-03
4.417469e-03
4.321549e-03
4.133836e-03
3.823978e-03
3.263497e-03
2.348921e-03
1.224878e-03
1.369949e-04
-7.417722e-04
-1.325632e-03
-1.564986e-03
-1.493453e-03
-1.182928e-03
-6.548291e-04
-4.604634e-05
5.007989e-04
9.480227e-04
1.170091e-03
1.170506e-03
1.109691e-03
1.111133e-03
1.163854e-03
1.205112e-03
1.266654e-03
1.419812e-03
1.578598e-03
1.749466e-03
2.086884e-03
2.437922e-03
2.556430e-03
2.403039e-03
2.225483e-03
2.112229e-03
1.989664e-03
1.802314e-03
1.632310e-03
1.526253e-03
1.361902e-03
9.727191e-04
5.604132e-04
4.535425e-04
6.818646e-04
1.228242e-03
2.110421e-03
3.218610e-03
4.272106e-03
5.058535e-03
5.456982e-03
5.394541e-03
5.030223e-03
4.568980e-03
4.099827e-03
3.692375e-03
3.391618e-03
3.205570e-03
3.145774e-03
3.063532e-03
2.808495e-03
2.487053e-03
2.210755e-03
2.029810e-03
1.907459e-03
1.743775e-03
1.519624e-03
1.278075e-03
9.132326e-04
3.685970e-04
-2.046322e-04
-6.626637e-04
-1.080348e-03
-1.510114e-03
-1.851848e-03
-2.141219e-03
-2.404990e-03
-2.615115e-03
-2.824203e-03
-3.027599e-03
-3.077039e-03
-2.902730e-03
-2.535748e-03
-1.923146e-03
-1.118368e-03
-3.457622e-04
2.079399e-04
4.232010e-04
2.981298e-04
5.191839e-05
-7.301412e-05
-5.994407e-05
7.955824e-05
3.880883e-04
8.028475e-04
1.134727e-03
1.280336e-03
1.276022e-03
1.094429e-03
8.008444e-04
5.984178e-04
5.444961e-04
4.475702e-04
2.753779e-04
2.034608e-04
2.099714e-04
2.552392e-04
3.624502e-04
5.850696e-04
9.199803e-04
1.211653e-03
1.378527e-03
1.521570e-03
1.734124e-03
2.015199e-03
2.273400e-03
2.444939e-03
2.534507e-03
2.557546e-03
2.508908e-03
2.481358e-03
2.600910e-03
2.908955e-03
3.411896e-03
3.990518e-03
4.462092e-03
4.648281e-03
4.479067e-03
4.022630e-03
3.449402e-03
2.984113e-03
2.783033e-03
2.910106e-03
3.340157e-03
4.009747e-03
4.748655e-03
5.348193e-03
5.650865e-03
5.728314e-03
5.789639e-03
6.003985e-03
6.398858e-03
6.952088e-03
7.479903e-03
7.734633e-03
7.586559e-03
7.142273e-03
6.530850e-03
5.850052e-03
5.401709e-03
5.345812e-03
5.573962e-03
5.927030e-03
6.152596e-03
6.038464e-03
5.722029e-03
5.261550e-03
4.569691e-03
3.782896e-03
3.118771e-03
2.734045e-03
2.603021e-03
2.569890e-03
2.671004e-03
2.996293e-03
3.404979e-03
3.698388e-03
3.812572e-03
3.679303e-03
3.267119e-03
2.631902e-03
1.756075e-03
8.005334e-04
1.646274e-05
-3.773103e-04
-2.373850e-04
3.816193e-04
1.201867e-03
2.043154e-03
2.785784e-03
3.382879e-03
3.949148e-03
4.497535e-03
4.898155e-03
5.160821e-03
5.366211e-03
5.470425e-03
5.365494e-03
5.005693e-03
4.564775e-03
4.223644e-03
3.897627e-03
3.475813e-03
3.076378e-03
2.765927e-03
2.332706e-03
1.749151e-03
1.218204e-03
8.851023e-04
7.914353e-04
9.238692e-04
1.329840e-03
1.992321e-03
2.723004e-03
3.366622e-03
3.836451e-03
4.161665e-03
4.415436e-03
4.587153e-03
4.789224e-03
5.005438e-03
4.979112e-03
4.731380e-03
4.456104e-03
4.241152e-03
4.093102e-03
4.018332e-03
4.104848e-03
4.315712e-03
4.320175e-03
3.967904e-03
3.415024e-03
2.766486e-03
2.074858e-03
1.438622e-03
9.884207e-04
7.332151e-04
5.922595e-04
4.717012e-04
2.803317e-04
1.341444e-05
-3.473499e-04
-7.981177e-04
-1.185934e-03
-1.265211e-03
-9.713824e-04
-4.675473e-04
1.354315e-05
2.680436e-04
1.852474e-04
-2.250007e-04
-8.088613e-04
-1.386842e-03
-1.765021e-03
-1.707654e-03
-1.255338e-03
-6.391761e-04
1.401364e-05
7.255612e-04
1.393713e-03
1.951849e-03
2.439033e-03
2.798310e-03
3.000013e-03
3.026990e-03
2.775629e-03
2.328783e-03
1.923121e-03
1.725693e-03
1.700311e-03
1.757618e-03
1.885819e-03
2.045443e-03
2.204143e-03
2.352256e-03
2.549117e-03
2.911206e-03
3.500875e-03
4.100105e-03
4.377988e-03
4.281974e-03
4.024736e-03
3.720474e-03
3.461432e-03
3.368063e-03
3.427294e-03
3.563438e-03
3.746446e-03
3.956210e-03
4.156582e-03
4.258124e-03
4.084223e-03
3.669639e-03
3.173646e-03
2.549341e-03
1.779154e-03
1.000895e-03
3.166688e-04
-2.147546e-04
-6.826320e-04
-1.148536e-03
-1.651991e-03
-2.143974e-03
-2.515540e-03
-2.769765e-03
-2.921954e-03
-2.978732e-03
-2.899620e-03
-2.665240e-03
-2.382125e-03
-2.169353e-03
-2.043282e-03
-2.011768e-03
-2.073248e-03
-2.067759e-03
-1.817516e-03
-1.328868e-03
-6.741005e-04
-6.852460e-05
3.617655e-04
6.148361e-04
5.756207e-04
1.627410e-04
-4.895655e-04
-1.120561e-03
-1.704893e-03
-2.253562e-03
-2.531431e-03
-2.492507e-03
-2.358909e-03
-2.212373e-03
-1.978351e-03
-1.829922e-03
-1.899699e-03
-2.127512e-03
-2.441568e-03
-2.716220e-03
-2.821808e-03
-2.836672e-03
-2.956014e-03
-3.191704e-03
-3.549125e-03
-4.114110e-03
-4.840444e-03
-5.531053e-03
-6.010983e-03
-6.339575e-03
-6.521043e-03
-6.554973e-03
-6.628806e-03
-6.857178e-03
-7.259906e-03
-7.805565e-03
-8.316996e-03
-8.599759e-03
-8.656026e-03
-8.566661e-03
-8.374231e-03
-8.064446e-03
-7.572620e-03
-6.931851e-03
-6.206528e-03
-5.462578e-03
-4.786511e-03
-4.239205e-03
-3.884264e-03
-3.885372e-03
-4.152775e-03
-4.478555e-03
-4.832198e-03
-5.232720e-03
-5.699878e-03
-6.091834e-03
-6.210649e-03
-6.174846e-03
-6.139882e-03
-5.949671e-03
-5.391215e-03
-4.546411e-03
-3.671819e-03
-2.851696e-03
-2.123779e-03
-1.549436e-03
-1.175364e-03
-9.711106e-04
-8.231655e-04
-7.098372e-04
-6.597898e-04
-7.400726e-04
-8.613586e-04
-1.022802e-03
-1.289577e-03
-1.475717e-03
-1.454334e-03
-1.241217e-03
-8.454169e-04
-4.172282e-04
-5.522889e-05
1.241009e-04
1.059640e-04
2.055161e-05
-6.107287e-05
-8.716225e-05
2.636651e-05
2.599011e-04
4.922190e-04
6.636512e-04
7.933271e-04
8.715525e-04
9.539480e-04
1.109155e-03
1.305033e-03
1.483399e-03
1.612266e-03
1.661042e-03
1.584481e-03
1.344072e-03
1.027362e-03
8.880724e-04
9.382191e-04
1.135491e-03
1.478915e-03
1.910678e-03
2.344177e-03
2.648970e-03
2.654539e-03
2.246318e-03
1.520474e-03
7.574726e-04
1.153489e-04
-3.398231e-04
-4.926621e-04
-3.775560e-04
-2.325652e-04
-1.754559e-04
-2.036851e-04
-3.417549e-04
-4.819264e-04
-5.363193e-04
-5.368249e-04
-4.639692e-04
-4.571623e-04
-6.495437e-04
-9.851763e-04
-1.442543e-03
-1.933831e-03
-2.337664e-03
-2.668940e-03
-3.062408e-03
-3.484483e-03
-3.694100e-03
-3.603440e-03
-3.281137e-03
-2.745016e-03
-2.081699e-03
-1.573924e-03
-1.408740e-03
-1.600463e-03
-2.079096e-03
-2.641199e-03
-3.053901e-03
-3.100852e-03
-2.750902e-03
-2.074235e-03
-1.209509e-03
-4.920156e-04
-1.830074e-04
-3.043334e-04
-7.710435e-04
-1.379142e-03
-1.899410e-03
-2.245151e-03
-2.405327e-03
-2.337434e-03
-2.221759e-03
-2.242654e-03
-2.423059e-03
-2.635999e-03
-2.748743e-03
-2.736735e-03
-2.549329e-03
-2.223568e-03
-1.972459e-03
-1.876439e-03
-1.910175e-03
-2.062761e-03
-2.322829e-03
-2.490257e-03
-2.279354e-03
-1.648286e-03
-7.440648e-04
1.656488e-04
8.853106e-04
1.287223e-03
1.359309e-03
1.290522e-03
1.253071e-03
1.263046e-03
1.383006e-03
1.598848e-03
1.768921e-03
1.846397e-03
1.878875e-03
1.847241e-03
1.830383e-03
1.893446e-03
1.920609e-03
1.837365e-03
1.708227e-03
1.588324e-03
1.376476e-03
1.030529e-03
6.856278e-04
4.923693e-04
3.568727e-04
2.043527e-04
9.374457e-05
1.294930e-05
-2.392393e-05
-1.398721e-05
1.105969e-04
2.693861e-04
2.760267e-04
8.579859e-05
-2.898389e-04
-6.995657e-04
-1.015983e-03
-1.176975e-03
-1.248151e-03
-1.195070e-03
-9.359988e-04
-5.452865e-04
-2.150343e-04
-2.562170e-05
6.547567e-05
1.142574e-04
1.273018e-04
2.039601e-05
-1.978359e-04
-4.225619e-04
-5.754406e-04
-5.797119e-04
-4.296090e-04
-1.743101e-04
1.069131e-04
3.002043e-04
4.635725e-04
7.721408e-04
1.309567e-03
1.879606e-03
2.380253e-03
2.879583e-03
3.415655e-03
3.860169e-03
4.177057e-03
4.474896e-03
4.707884e-03
4.711423e-03
4.589823e-03
4.489500e-03
4.419667e-03
4.287272e-03
4.056786e-03
3.830560e-03
3.653426e-03
3.424352e-03
3.048858e-03
2.512196e-03
2.041277e-03
1.849413e-03
1.838785e-03
1.855248e-03
1.698558e-03
1.292611e-03
7.340054e-04
3.476843e-05
-7.754333e-04
-1.565225e-03
-2.136072e-03
-2.410161e-03
-2.492420e-03
-2.484365e-03
-2.563081e-03
-2.816270e-03
-3.145331e-03
-3.483670e-03
-3.775365e-03
-3.924854e-03
-3.907098e-03
-3.705812e-03
-3.411055e-03
-3.118691e-03
-2.855037e-03
-2.669997e-03
-2.514864e-03
-2.258227e-03
-1.835112e-03
-1.282903e-03
-7.374949e-04
-2.766453e-04
1.218535e-04
4.935152e-04
7.203976e-04
9.082377e-04
1.210118e-03
1.588397e-03
1.955781e-03
2.205487e-03
2.356189e-03
2.396195e-03
2.195580e-03
1.900379e-03
1.772551e-03
1.905984e-03
2.169258e-03
2.553162e-03
3.164403e-03
3.790300e-03
4.210000e-03
4.411533e-03
4.413886e-03
4.256011e-03
3.977645e-03
3.578144e-03
3.081593e-03
2.515559e-03
1.940962e-03
1.480285e-03
1.225275e-03
1.258632e-03
1.525964e-03
1.790359e-03
1.984258e-03
2.007859e-03
1.760820e-03
1.312820e-03
7.467598e-04
1.493305e-04
-3.207391e-04
-5.407435e-04
-5.048432e-04
-2.429160e-04
1.867558e-04
6.829081e-04
1.033626e-03
1.128412e-03
9.691210e-04
4.909190e-04
-1.563384e-04
-6.909536e-04
-1.057240e-03
-1.281295e-03
-1.452723e-03
-1.609347e-03
-1.627408e-03
-1.604072e-03
-1.652883e-03
-1.650343e-03
-1.557107e-03
-1.465213e-03
-1.352387e-03
-1.251479e-03
-1.202967e-03
-1.086282e-03
-9.008458e-04
-7.266653e-04
-6.433907e-04
-6.968561e-04
-8.188354e-04
-1.028523e-03
-1.286365e-03
-1.490295e-03
-1.471662e-03
-1.217498e-03
-9.466083e-04
-8.273561e-04
-9.121616e-04
-1.247374e-03
-1.835835e-03
-2.454308e-03
-2.941526e-03
-3.291684e-03
-3.476883e-03
-3.501680e-03
-3.378747e-03
-3.213683e-03
-3.165112e-03
-3.225941e-03
-3.243116e-03
-3.129787e-03
-2.825814e-03
-2.389057e-03
-1.932092e-03
-1.504966e-03
-1.170434e-03
-9.560639e-04
-9.780959e-04
-1.183607e-03
-1.452300e-03
-1.682654e-03
-1.714802e-03
-1.471088e-03
-1.022475e-03
-4.673414e-04
1.037384e-04
6.665193e-04
1.052341e-03
1.208661e-03
1.261595e-03
1.234775e-03
1.041538e-03
7.099852e-04
3.245820e-04
-1.116350e-04
-4.232754e-04
-4.244059e-04
-6.707610e-05
5.392221e-04
1.301127e-03
2.115829e-03
2.830392e-03
3.265619e-03
3.329049e-03
3.076212e-03
2.666215e-03
2.274477e-03
1.989538e-03
1.815219e-03
1.641033e-03
1.362513e-03
1.015862e-03
6.734097e-04
4.631155e-04
3.666311e-04
2.941249e-04
2.844327e-04
3.543368e-04
4.608666e-04
5.355541e-04
4.397818e-04
2.691498e-04
1.942134e-04
1.064736e-04
-8.319563e-05
-3.150016e-04
-6.418700e-04
-1.034793e-03
-1.373166e-03
-1.546809e-03
-1.475039e-03
-1.315823e-03
-1.171164e-03
-1.017211e-03
-8.736818e-04
-7.783493e-04
-7.019514e-04
-5.004238e-04
-9.823763e-05
3.862014e-04
8.254688e-04
1.204235e-03
1.504466e-03
1.638197e-03
1.644575e-03
1.757392e-03
2.020749e-03
2.218374e-03
2.211354e-03
1.993366e-03
1.590379e-03
1.133296e-03
6.735541e-04
2.401225e-04
-3.724346e-05
-9.496672e-05
3.802030e-05
2.682718e-04
4.707560e-04
5.692289e-04
5.683755e-04
5.585156e-04
5.656163e-04
4.728868e-04
3.425006e-04
3.789122e-04
4.951969e-04
5.345456e-04
5.279054e-04
5.250854e-04
4.880261e-04
4.241980e-04
4.708663e-04
6.598413e-04
9.272722e-04
1.242171e-03
1.482004e-03
1.561947e-03
1.527433e-03
1.393570e-03
1.142312e-03
9.104147e-04
8.025838e-04
7.571559e-04
7.374042e-04
7.196562e-04
6.331563e-04
4.627962e-04
1.974176e-04
-8.489679e-05
-3.921420e-04
-6.953260e-04
-8.449305e-04
-9.056402e-04
-9.789785e-04
-1.064862e-03
-1.215461e-03
-1.466594e-03
-1.738723e-03
-1.947335e-03
-1.963870e-03
-1.657896e-03
-1.157506e-03
-7.579154e-04
-5.569690e-04
-4.854416e-04
-4.705544e-04
-4.566745e-04
-4.183547e-04
-2.486512e-04
-2.897051e-05
6.970159e-05
1.129238e-04
1.645033e-04
2.482938e-04
4.812084e-04
8.147873e-04
1.103886e-03
1.298801e-03
1.285367e-03
1.137288e-03
9.282330e-04
6.242665e-04
1.948846e-04
-3.007301e-04
-6.834991e-04
-1.021160e-03
-1.336835e-03
-1.512384e-03
-1.542672e-03
-1.499367e-03
-1.437391e-03
-1.307083e-03
-1.055583e-03
-8.160684e-04
-8.389317e-04
-1.160817e-03
-1.465319e-03
-1.530852e-03
-1.621302e-03
-1.822168e-03
-1.848285e-03
-1.660847e-03
-1.384459e-03
-1.113077e-03
-8.244113e-04
-4.696525e-04
-5.037463e-05
3.653228e-04
6.917397e-04
1.061310e-03
1.576138e-03
2.031864e-03
2.212412e-03
2.131658e-03
2.021297e-03
1.838881e-03
1.461302e-03
9.580212e-04
4.332318e-04
-1.217700e-05
-2.554169e-04
-2.965782e-04
-2.154114e-04
4.887406e-06
3.236327e-04
5.074144e-04
4.172608e-04
1.435539e-04
-1.788676e-04
-5.060897e-04
-8.340007e-04
-1.035562e-03
-1.045775e-03
-8.891796e-04
-6.884312e-04
-5.376651e-04
-3.870386e-04
-1.148713e-04
1.807512e-04
2.199691e-04
-2.722935e-05
-3.659743e-04
-7.173007e-04
-1.198820e-03
-1.792288e-03
-2.248127e-03
-2.410507e-03
-2.338796e-03
-2.095673e-03
-1.784373e-03
-1.392014e-03
-9.928940e-04
-7.970300e-04
-8.241749e-04
-9.855537e-04
-1.226397e-03
-1.509804e-03
-1.757868e-03
-1.978502e-03
-2.164070e-03
-2.268279e-03
-2.313167e-03
-2.370877e-03
-2.447744e-03
-2.504031e-03
-2.462142e-03
-2.420776e-03
-2.592145e-03
-3.001653e-03
-3.476538e-03
-3.812714e-03
-3.936984e-03
-3.951276e-03
-3.840908e-03
-3.583473e-03
-3.249692e-03
-2.992817e-03
-2.819130e-03
-2.696993e-03
-2.589194e-03
-2.401818e-03
-2.124802e-03
-1.701398e-03
-1.160047e-03
-6.428934e-04
-3.516255e-04
-3.190796e-04
-3.680293e-04
-4.322673e-04
-6.002462e-04
-8.512677e-04
-1.053943e-03
-1.035700e-03
-8.427452e-04
-7.212873e-04
-7.241695e-04
-7.352252e-04
-8.246384e-04
-1.089953e-03
-1.341940e-03
-1.481856e-03
-1.618409e-03
-1.790665e-03
-1.952983e-03
-1.947913e-03
-1.844232e-03
-1.903401e-03
-2.157932e-03
-2.505435e-03
-2.930539e-03
-3.446759e-03
-3.889032e-03
-4.131315e-03
-4.283696e-03
-4.362953e-03
-4.239524e-03
-4.038271e-03
-3.942864e-03
-3.917666e-03
-3.880176e-03
-3.786750e-03
-3.738070e-03
-3.757209e-03
-3.777239e-03
-3.783217e-03
-3.815617e-03
-3.759196e-03
-3.500433e-03
-3.104415e-03
-2.605303e-03
-2.079221e-03
-1.638350e-03
-1.364593e-03
-1.207195e-03
-1.119815e-03
-1.089036e-03
-9.496390e-04
-6.191682e-04
-1.751920e-04
2.786419e-04
7.651839e-04
1.239837e-03
1.546101e-03
1.739673e-03
1.871359e-03
1.903144e-03
1.835958e-03
1.738527e-03
1.608471e-03
1.456225e-03
1.369753e-03
1.391499e-03
1.485242e-03
1.572146e-03
1.621998e-03
1.629034e-03
1.608754e-03
1.634017e-03
1.807734e-03
2.112767e-03
2.410339e-03
2.600573e-03
2.722793e-03
2.861081e-03
3.005102e-03
3.089665e-03
3.169227e-03
3.313536e-03
3.470853e-03
3.558771e-03
3.527997e-03
3.396381e-03
3.144876e-03
2.724140e-03
2.156814e-03
1.539357e-03
9.283965e-04
2.674711e-04
-3.675853e-04
-8.256018e-04
-1.156208e-03
-1.561869e-03
-2.079489e-03
-2.457761e-03
-2.618632e-03
-2.646508e-03
-2.705744e-03
-2.814937e-03
-2.852868e-03
-2.952517e-03
-3.174373e-03
-3.368659e-03
-3.561791e-03
-3.783763e-03
-4.022337e-03
-4.283516e-03
-4.519422e-03
-4.763056e-03
-5.061837e-03
-5.289556e-03
-5.319523e-03
-5.159725e-03
-4.956887e-03
-4.820447e-03
-4.678126e-03
-4.372299e-03
-3.947445e-03
-3.487529e-03
-2.962442e-03
-2.374367e-03
-1.843948e-03
-1.523857e-03
-1.398049e-03
-1.479859e-03
-1.771916e-03
-2.027235e-03
-2.048170e-03
-1.909235e-03
-1.798908e-03
-1.821727e-03
-1.902076e-03
-1.981442e-03
-2.153776e-03
-2.258051e-03
-2.035675e-03
-1.516058e-03
-9.173771e-04
-3.932682e-04
-2.942468e-05
1.624605e-04
2.306790e-04
2.117713e-04
1.432329e-04
1.368242e-04
2.601939e-04
3.958336e-04
4.732823e-04
5.386167e-04
5.796995e-04
5.032354e-04
3.131092e-04
1.081695e-04
-1.476349e-04
-4.938482e-04
-8.510248e-04
-1.270709e-03
-1.687246e-03
-1.936251e-03
-2.086549e-03
-2.305073e-03
-2.633563e-03
-2.944919e-03
-3.192596e-03
-3.467142e-03
-3.751277e-03
-3.802567e-03
-3.519316e-03
-3.102973e-03
-2.630073e-03
-2.138964e-03
-1.698155e-03
-1.300851e-03
-9.861047e-04
-7.028240e-04
-2.781081e-04
2.566703e-04
7.946855e-04
1.316491e-03
1.741267e-03
1.942086e-03
1.850691e-03
1.522507e-03
1.118931e-03
7.383188e-04
3.820671e-04
2.161635e-05
-2.264711e-04
-2.713999e-04
-3.042245e-04
-4.833441e-04
-6.899773e-04
-8.232806e-04
-9.344506e-04
-1.082189e-03
-1.206613e-03
-1.196564e-03
-1.084081e-03
-9.025354e-04
-6.409083e-04
-4.184929e-04
-3.415275e-04
-4.216596e-04
-6.893555e-04
-1.044161e-03
-1.320113e-03
-1.427680e-03
-1.339921e-03
-1.153502e-03
-1.043880e-03
-1.051400e-03
-1.146312e-03
-1.270714e-03
-1.337950e-03
-1.334193e-03
-1.268611e-03
-1.227641e-03
-1.300666e-03
-1.562717e-03
-1.967622e-03
-2.282006e-03
-2.270486e-03
-1.868450e-03
-1.168851e-03
-2.923002e-04
6.384977e-04
1.463447e-03
1.978787e-03
2.231339e-03
2.387094e-03
2.446743e-03
2.490815e-03
2.623002e-03
2.707814e-03
2.708827e-03
2.755937e-03
2.902478e-03
3.187072e-03
3.544097e-03
3.778327e-03
3.817522e-03
3.730734e-03
3.625439e-03
3.625633e-03
3.800365e-03
3.918525e-03
3.883825e-03
3.752319e-03
3.596858e-03
3.443460e-03
3.213164e-03
2.868887e-03
2.435086e-03
1.997175e-03
1.681997e-03
1.488543e-03
1.439935e-03
1.464900e-03
1.497109e-03
1.534842e-03
1.449537e-03
1.197433e-03
8.905850e-04
6.734052e-04
5.574800e-04
4.284027e-04
2.655006e-04
1.186104e-04
4.338035e-05
-5.196639e-06
-6.783729e-05
-1.557273e-04
-3.968204e-04
-7.874686e-04
-1.281194e-03
-1.797310e-03
-2.295428e-03
-2.720125e-03
-2.976568e-03
-2.977713e-03
-2.632757e-03
-2.176984e-03
-1.795522e-03
-1.487370e-03
-1.244627e-03
-9.957594e-04
-7.470127e-04
-5.142873e-04
-3.523874e-04
-2.011332e-04
-8.932125e-05
-1.590192e-04
-4.172157e-04
-7.249185e-04
-9.658113e-04
-1.089107e-03
-1.137100e-03
-1.139360e-03
-1.086037e-03
-9.748430e-04
-1.095577e-03
-1.558864e-03
-2.104216e-03
-2.542720e-03
-2.821310e-03
-2.925205e-03
-2.945195e-03
-3.005624e-03
-3.125879e-03
-3.361990e-03
-3.665138e-03
-3.998914e-03
-4.391036e-03
-4.713824e-03
-4.765077e-03
-4.544820e-03
-4.019836e-03
-3.143007e-03
-2.049803e-03
-9.313224e-04
6.574733e-05
7.328834e-04
8.726914e-04
5.461131e-04
2.300422e-05
-3.504782e-04
-4.409950e-04
-2.759390e-04
7.558308e-05
5.277138e-04
1.021391e-03
1.595018e-03
2.164837e-03
2.701125e-03
3.233967e-03
3.688544e-03
3.966060e-03
3.965910e-03
3.762952e-03
3.465333e-03
3.075446e-03
2.561276e-03
1.986840e-03
1.487664e-03
1.238020e-03
1.298782e-03
1.505096e-03
1.739439e-03
2.041036e-03
2.420941e-03
2.763094e-03
3.031287e-03
3.136398e-03
2.996353e-03
2.679530e-03
2.367700e-03
2.234025e-03
2.222827e-03
2.278984e-03
2.349277e-03
2.444755e-03
2.545988e-03
2.465254e-03
2.093501e-03
1.626949e-03
1.297351e-03
1.044322e-03
8.618289e-04
9.357876e-04
1.232916e-03
1.528690e-03
1.773194e-03
1.914740e-03
2.040709e-03
2.267343e-03
2.503140e-03
2.684051e-03
2.905938e-03
3.306139e-03
3.767139e-03
4.129912e-03
4.369055e-03
4.535867e-03
4.616526e-03
4.539562e-03
4.392197e-03
4.175265e-03
3.869759e-03
3.552037e-03
3.148028e-03
2.700985e-03
2.243206e-03
1.768546e-03
1.246126e-03
6.838009e-04
2.848486e-04
1.974264e-04
1.983636e-04
8.001815e-05
-1.113625e-04
-2.922969e-04
-4.079808e-04
-4.692442e-04
-3.762202e-04
-4.408080e-05
4.047939e-04
8.879946e-04
1.234206e-03
1.344384e-03
1.326991e-03
1.256058e-03
1.139051e-03
1.065475e-03
1.223683e-03
1.695416e-03
2.273790e-03
2.720160e-03
3.080976e-03
3.483090e-03
3.873419e-03
4.239774e-03
4.586486e-03
4.799083e-03
4.872082e-03
4.888206e-03
4.823667e-03
4.630069e-03
4.448339e-03
4.389895e-03
4.326853e-03
4.118124e-03
3.850093e-03
3.618679e-03
3.437312e-03
3.205270e-03
2.945367e-03
2.801866e-03
2.851526e-03
3.081307e-03
3.338670e-03
3.554568e-03
3.628873e-03
3.560110e-03
3.418554e-03
3.195368e-03
2.929976e-03
2.684862e-03
2.573633e-03
2.555280e-03
2.500937e-03
2.507523e-03
2.702115e-03
3.093552e-03
3.708096e-03
4.513885e-03
5.279753e-03
5.693716e-03
5.701715e-03
5.505104e-03
5.234147e-03
4.957498e-03
4.671388e-03
4.386994e-03
4.226982e-03
4.113060e-03
3.972028e-03
3.881727e-03
3.882984e-03
3.954867e-03
4.063508e-03
4.195785e-03
4.379258e-03
4.618140e-03
4.854159e-03
5.004132e-03
4.976475e-03
4.682704e-03
4.186329e-03
3.697648e-03
3.387118e-03
3.154769e-03
2.752805e-03
2.234492e-03
1.775826e-03
1.354793e-03
7.837424e-04
4.125100e-05
-6.763721e-04
-1.147700e-03
-1.259902e-03
-1.038446e-03
-6.546496e-04
-2.204734e-04
2.193642e-04
7.246692e-04
1.337842e-03
1.906920e-03
2.244359e-03
2.378003e-03
2.400832e-03
2.292966e-03
2.025315e-03
1.743089e-03
1.863226e-03
2.383951e-03
2.919267e-03
3.346767e-03
3.663012e-03
3.802958e-03
3.628087e-03
3.319469e-03
3.177382e-03
3.309894e-03
3.570163e-03
3.737700e-03
3.747315e-03
3.762258e-03
3.772167e-03
3.790936e-03
3.872608e-03
3.989573e-03
4.178208e-03
4.458521e-03
4.696669e-03
4.801603e-03
4.756246e-03
4.580186e-03
4.365810e-03
4.222559e-03
4.082747e-03
3.872060e-03
3.614565e-03
3.356769e-03
3.077969e-03
2.766908e-03
2.400476e-03
2.104101e-03
2.028834e-03
2.054919e-03
2.013867e-03
1.837750e-03
1.562923e-03
1.275222e-03
9.705537e-04
7.356128e-04
6.306969e-04
5.851831e-04
5.670159e-04
5.529789e-04
4.840887e-04
4.186064e-04
3.963508e-04
3.512385e-04
2.289316e-04
3.859570e-05
-1.484974e-04
-2.306440e-04
-1.880373e-04
-1.059121e-04
-1.403581e-05
2.200061e-06
-1.038404e-04
-2.553961e-04
-4.891524e-04
-8.402939e-04
-1.168974e-03
-1.398924e-03
-1.512841e-03
-1.426385e-03
-1.134357e-03
-6.740195e-04
-8.584310e-05
4.788902e-04
8.350232e-04
9.190577e-04
9.043265e-04
9.659897e-04
9.419325e-04
6.524856e-04
1.438339e-04
-2.970265e-04
-6.202948e-04
-9.735296e-04
-1.253677e-03
-1.244959e-03
-9.475921e-04
-5.846331e-04
-2.099798e-04
1.628056e-04
4.643405e-04
6.230264e-04
5.887278e-04
4.136601e-04
2.640361e-04
8.940232e-05
-1.922242e-04
-4.941018e-04
-7.016420e-04
-7.594550e-04
-6.129661e-04
-2.521590e-04
1.862521e-04
5.523628e-04
8.201036e-04
8.671668e-04
6.010462e-04
2.680026e-04
4.427600e-05
-4.037834e-05
2.105025e-05
2.064343e-04
3.778764e-04
4.812867e-04
5.262753e-04
4.303461e-04
3.003344e-04
2.813971e-04
3.809404e-04
5.757354e-04
8.181567e-04
9.342607e-04
8.734550e-04
7.537279e-04
6.038538e-04
4.029506e-04
1.462212e-04
-8.898977e-05
-2.535085e-04
-4.242236e-04
-5.721839e-04
-6.584346e-04
-7.564748e-04
-9.293076e-04
-1.091531e-03
-1.280789e-03
-1.553356e-03
-1.883014e-03
-2.127133e-03
-2.241382e-03
-2.427495e-03
-2.638687e-03
-2.705743e-03
-2.576960e-03
-2.297766e-03
-1.902171e-03
-1.388294e-03
-9.115478e-04
-7.039811e-04
-6.924958e-04
-6.695138e-04
-6.292017e-04
-5.538599e-04
-3.825207e-04
-1.519321e-04
4.688644e-05
1.649423e-04
1.880282e-04
1.124568e-04
2.212876e-05
1.161388e-04
3.754899e-04
6.459826e-04
9.410150e-04
1.252218e-03
1.344644e-03
1.118615e-03
7.794928e-04
4.510888e-04
1.111566e-04
-2.099427e-04
-4.185368e-04
-4.794827e-04
-4.837623e-04
-5.023218e-04
-6.090647e-04
-8.006108e-04
-9.990744e-04
-1.217734e-03
-1.342719e-03
-1.316841e-03
-1.236808e-03
-1.129734e-03
-9.042525e-04
-5.232788e-04
-1.362873e-04
1.430349e-04
3.856667e-04
6.935793e-04
9.716442e-04
1.101776e-03
1.138869e-03
1.223001e-03
1.288264e-03
1.239298e-03
1.090127e-03
9.851635e-04
9.698979e-04
9.444209e-04
8.706858e-04
7.168831e-04
5.408154e-04
4.092299e-04
2.726211e-04
6.941222e-05
-1.806129e-04
-3.965733e-04
-4.819131e-04
-4.938153e-04
-4.966287e-04
-5.234137e-04
-5.676321e-04
-5.370006e-04
-4.269531e-04
-3.503411e-04
-3.460500e-04
-4.257504e-04
-5.946384e-04
-8.793792e-04
-1.318443e-03
-1.907160e-03
-2.475498e-03
-3.004822e-03
-3.552522e-03
-4.007020e-03
-4.240463e-03
-4.400536e-03
-4.480661e-03
-4.309648e-03
-3.900936e-03
-3.514276e-03
-3.256260e-03
-3.053297e-03
-2.890645e-03
-2.677027e-03
-2.379803e-03
-2.176959e-03
-2.143107e-03
-2.078263e-03
-2.047576e-03
-2.213608e-03
-2.431281e-03
-2.544581e-03
-2.509275e-03
-2.365650e-03
-2.091121e-03
-1.742050e-03
-1.435485e-03
-1.176658e-03
-9.588681e-04
-8.086722e-04
-5.905688e-04
-3.192565e-04
-1.386301e-04
-1.554906e-04
-3.557893e-04
-6.540556e-04
-1.039103e-03
-1.484094e-03
-1.936834e-03
-2.299552e-03
-2.519562e-03
-2.755162e-03
-3.080129e-03
-3.330892e-03
-3.489961e-03
-3.696805e-03
-4.035963e-03
-4.415245e-03
-4.710717e-03
-4.895745e-03
-5.012195e-03
-5.004604e-03
-4.774208e-03
-4.464173e-03
-4.153959e-03
-3.823040e-03
-3.459774e-03
-3.081226e-03
-2.729773e-03
-2.412190e-03
-2.251453e-03
-2.163910e-03
-1.985463e-03
-1.747130e-03
-1.604558e-03
-1.542125e-03
-1.601845e-03
-1.790688e-03
-1.982137e-03
-2.231033e-03
-2.601763e-03
-2.943623e-03
-3.123504e-03
-3.244805e-03
-3.311656e-03
-3.230548e-03
-3.038414e-03
-2.878381e-03
-2.765565e-03
-2.628225e-03
-2.475951e-03
-2.396513e-03
-2.402348e-03
-2.432882e-03
-2.498524e-03
-2.678413e-03
-2.957152e-03
-3.296381e-03
-3.666564e-03
-3.978282e-03
-4.114139e-03
-4.108392e-03
-3.981235e-03
-3.758245e-03
-3.397606e-03
-2.939605e-03
-2.466379e-03
-2.030543e-03
-1.656094e-03
-1.368807e-03
-1.204358e-03
-1.104368e-03
-1.021029e-03
-1.006034e-03
-9.269079e-04
-7.287550e-04
-4.686869e-04
-1.608506e-04
1.116389e-04
2.851923e-04
3.417536e-04
3.050995e-04
2.124020e-04
8.757153e-05
2.356009e-05
7.902494e-05
1.534851e-04
2.386069e-04
4.235988e-04
6.495185e-04
7.211749e-04
6.186146e-04
4.840292e-04
2.686083e-04
1.544477e-05
-1.387589e-04
-2.871687e-04
-6.072038e-04
-1.070941e-03
-1.490561e-03
-1.674423e-03
-1.663332e-03
-1.667672e-03
-1.624715e-03
-1.418780e-03
-1.253917e-03
-1.330470e-03
-1.588970e-03
-2.044396e-03
-2.599541e-03
-3.059569e-03
-3.334872e-03
-3.394680e-03
-3.361249e-03
-3.357591e-03
-3.364223e-03
-3.313006e-03
-3.296482e-03
-3.296315e-03
-3.225588e-03
-3.054770e-03
-2.787392e-03
-2.600673e-03
-2.647270e-03
-2.762337e-03
-2.867063e-03
-3.014745e-03
-3.189437e-03
-3.348316e-03
-3.340883e-03
-3.201198e-03
-3.072382e-03
-2.881142e-03
-2.560401e-03
-2.185327e-03
-1.978474e-03
-1.916168e-03
-1.937562e-03
-2.044601e-03
-2.268133e-03
-2.673428e-03
-3.143032e-03
-3.542627e-03
-3.824817e-03
-3.970179e-03
-3.880059e-03
-3.477789e-03
-2.822863e-03
-2.130291e-03
-1.514314e-03
-8.649068e-04
-1.638451e-04
4.716036e-04
9.778905e-04
1.315600e-03
1.430256e-03
1.399197e-03
1.402612e-03
1.476297e-03
1.511691e-03
1.493088e-03
1.426492e-03
1.331507e-03
1.359533e-03
1.457007e-03
1.477737e-03
1.423194e-03
1.427392e-03
1.512746e-03
1.619422e-03
1.710247e-03
1.792135e-03
1.886814e-03
2.051908e-03
2.303948e-03
2.605437e-03
2.903854e-03
3.170756e-03
3.382814e-03
3.480284e-03
3.445677e-03
3.325436e-03
3.260183e-03
3.307913e-03
3.322215e-03
3.260706e-03
3.185328e-03
3.034219e-03
2.754977e-03
2.326348e-03
1.765638e-03
1.219585e-03
7.602965e-04
3.215188e-04
-7.971783e-05
-3.765804e-04
-6.157662e-04
-7.327904e-04
-6.480433e-04
-3.826582e-04
4.683104e-05
6.020825e-04
1.172799e-03
1.658062e-03
2.054116e-03
2.326424e-03
2.486152e-03
2.615220e-03
2.720735e-03
2.918662e-03
3.203453e-03
3.315938e-03
3.202278e-03
2.978516e-03
2.795595e-03
2.708753e-03
2.687349e-03
2.719080e-03
2.779691e-03
2.867353e-03
2.979395e-03
3.045759e-03
3.098802e-03
3.283885e-03
3.568396e-03
3.842237e-03
3.983294e-03
3.979542e-03
3.818134e-03
3.459888e-03
2.930326e-03
2.508171e-03
2.353582e-03
2.279187e-03
2.118229e-03
1.966009e-03
1.920918e-03
1.841652e-03
1.622320e-03
1.342056e-03
1.088773e-03
9.747252e-04
9.640105e-04
8.453476e-04
5.732593e-04
3.621283e-04
2.481808e-04
1.075645e-04
8.023385e-06
7.929991e-05
2.986955e-04
5.793877e-04
8.528034e-04
1.118024e-03
1.405726e-03
1.750269e-03
2.087710e-03
2.347680e-03
2.507652e-03
2.495568e-03
2.363697e-03
2.241150e-03
2.233804e-03
2.413986e-03
2.825720e-03
3.398650e-03
3.954492e-03
4.402439e-03
4.637296e-03
4.733448e-03
4.768268e-03
4.563153e-03
4.245309e-03
4.051047e-03
3.911499e-03
3.740165e-03
3.596380e-03
3.412529e-03
3.066048e-03
2.608746e-03
2.095601e-03
1.574896e-03
1.166199e-03
9.104324e-04
7.482324e-04
6.608196e-04
5.420651e-04
3.337579e-04
1.536146e-04
2.258637e-05
-6.221154e-05
-3.131611e-05
1.315946e-04
3.567109e-04
5.720741e-04
8.338068e-04
1.109592e-03
1.352269e-03
1.615252e-03
1.894405e-03
2.128688e-03
2.290674e-03
2.415940e-03
2.378255e-03
2.096179e-03
1.711071e-03
1.301887e-03
9.790320e-04
9.920195e-04
1.296407e-03
1.722246e-03
2.183506e-03
2.552503e-03
2.793977e-03
2.995084e-03
3.097901e-03
3.087048e-03
3.065195e-03
3.112193e-03
3.232214e-03
3.478165e-03
3.797863e-03
4.027744e-03
4.112838e-03
4.090258e-03
4.005364e-03
3.815993e-03
3.509562e-03
3.196875e-03
2.932845e-03
2.619522e-03
2.284436e-03
2.091060e-03
2.137420e-03
2.326184e-03
2.544261e-03
2.692962e-03
2.771971e-03
2.835855e-03
2.767564e-03
2.493829e-03
2.143253e-03
1.823791e-03
1.548163e-03
1.366536e-03
1.250104e-03
1.172002e-03
1.115738e-03
1.007617e-03
8.723592e-04
7.436423e-04
5.337170e-04
2.323783e-04
-8.765910e-05
-3.797567e-04
-6.294835e-04
-8.374013e-04
-9.574715e-04
-9.563381e-04
-9.466598e-04
-9.728144e-04
-9.551531e-04
-8.640023e-04
-7.508163e-04
-7.528140e-04
-9.589072e-04
-1.267476e-03
-1.493062e-03
-1.635170e-03
-1.749670e-03
-1.818293e-03
-1.845241e-03
-1.783406e-03
-1.613950e-03
-1.421751e-03
-1.282353e-03
-1.191650e-03
-1.012550e-03
-6.359342e-04
-3.229773e-04
-2.001592e-04
-1.093609e-04
5.845114e-05
2.403580e-04
4.242519e-04
6.145379e-04
8.030912e-04
1.011549e-03
1.144861e-03
1.093202e-03
9.122756e-04
7.182617e-04
4.193751e-04
3.045487e-05
-2.931645e-04
-4.638160e-04
-5.543222e-04
-5.400572e-04
-3.427772e-04
-1.025932e-04
1.361940e-04
3.773930e-04
5.709164e-04
5.857548e-04
4.075823e-04
1.834593e-04
2.013533e-05
-8.262768e-05
-8.320797e-05
8.200040e-05
3.335371e-04
5.185548e-04
6.631292e-04
7.099406e-04
5.959922e-04
4.226950e-04
1.980375e-04
-6.308555e-05
-2.901702e-04
-3.316997e-04
-1.744123e-04
1.008805e-04
4.048719e-04
6.151331e-04
7.966293e-04
9.716987e-04
1.052211e-03
1.064822e-03
1.060877e-03
1.124945e-03
1.261068e-03
1.318441e-03
1.216208e-03
9.245279e-04
5.600327e-04
2.690819e-04
1.150240e-04
5.432018e-05
1.183557e-04
2.807975e-04
3.633828e-04
2.966019e-04
1.508109e-04
-8.537453e-05
-3.668091e-04
-6.744348e-04
-9.311909e-04
-1.076529e-03
-1.112393e-03
-1.036365e-03
-9.209280e-04
-8.420129e-04
-7.563145e-04
-7.006701e-04
-7.628406e-04
-9.088816e-04
-1.033240e-03
-1.089729e-03
-1.064156e-03
-1.024185e-03
-9.706347e-04
-8.177615e-04
-6.280440e-04
-5.480425e-04
-5.785533e-04
-5.957039e-04
-6.365171e-04
-7.491538e-04
-8.714778e-04
-9.437382e-04
-9.801212e-04
-1.040532e-03
-1.127635e-03
-1.159307e-03
-1.166973e-03
-1.176141e-03
-1.191144e-03
-1.190342e-03
-1.085492e-03
-8.490104e-04
-5.624670e-04
-2.025066e-04
2.873493e-04
8.477084e-04
1.319760e-03
1.643902e-03
1.904998e-03
2.012733e-03
1.977718e-03
1.991998e-03
2.036651e-03
1.982870e-03
1.883871e-03
1.898944e-03
1.996371e-03
2.031104e-03
2.040793e-03
2.062805e-03
2.047364e-03
1.920457e-03
1.705432e-03
1.491434e-03
1.281264e-03
1.045378e-03
8.250607e-04
7.838951e-04
8.747277e-04
7.920700e-04
5.467588e-04
3.358769e-04
2.086259e-04
1.312018e-04
1.082481e-04
2.092700e-04
5.241344e-04
8.552260e-04
9.353187e-04
7.453212e-04
4.199248e-04
1.991842e-04
2.647742e-04
6.060392e-04
1.031014e-03
1.447125e-03
1.805554e-03
1.995293e-03
1.923700e-03
1.624256e-03
1.265089e-03
9.621611e-04
6.518867e-04
2.278308e-04
-1.887876e-04
-3.556463e-04
-3.558687e-04
-3.058663e-04
-1.333972e-04
1.590494e-04
4.200354e-04
5.983048e-04
7.785955e-04
9.088668e-04
9.657669e-04
9.397723e-04
8.262326e-04
7.316371e-04
7.524081e-04
8.385346e-04
8.988932e-04
8.678024e-04
7.446611e-04
5.744591e-04
3.172474e-04
2.126400e-05
-1.823301e-04
-2.867234e-04
-3.368478e-04
-3.610028e-04
-3.327002e-04
-3.759472e-04
-4.948284e-04
-6.281340e-04
-7.998920e-04
-9.562461e-04
-9.450581e-04
-8.244210e-04
-7.669767e-04
-8.039229e-04
-8.660157e-04
-1.011487e-03
-1.378750e-03
-1.912119e-03
-2.358274e-03
-2.600473e-03
-2.711728e-03
-2.679524e-03
-2.558980e-03
-2.447889e-03
-2.405881e-03
-2.402840e-03
-2.420207e-03
-2.370764e-03
-2.254178e-03
-2.135405e-03
-2.071306e-03
-2.036159e-03
-2.063492e-03
-2.185367e-03
-2.328009e-03
-2.411265e-03
-2.381445e-03
-2.338362e-03
-2.329073e-03
-2.345817e-03
-2.426215e-03
-2.550069e-03
-2.627506e-03
-2.609224e-03
-2.440618e-03
-2.138116e-03
-1.730505e-03
-1.320512e-03
-9.942338e-04
-6.997423e-04
-3.684465e-04
-5.463539e-05
1.228128e-04
1.894857e-04
2.652530e-04
4.283758e-04
5.919938e-04
7.259086e-04
8.680485e-04
1.026859e-03
1.209015e-03
1.348250e-03
1.399734e-03
1.444490e-03
1.499966e-03
1.485616e-03
1.393974e-03
1.316976e-03
1.277860e-03
1.190587e-03
1.049584e-03
9.814649e-04
9.576192e-04
1.001037e-03
1.065865e-03
1.199171e-03
1.464020e-03
1.589605e-03
1.508517e-03
1.331214e-03
1.103280e-03
8.457850e-04
6.603460e-04
5.590834e-04
4.366584e-04
2.389937e-04
1.951516e-06
-1.407299e-04
-2.191142e-04
-4.045711e-04
-7.294845e-04
-1.082886e-03
-1.414457e-03
-1.748693e-03
-2.144054e-03
-2.604598e-03
-3.071072e-03
-3.438912e-03
-3.681825e-03
-3.895105e-03
-4.145101e-03
-4.384392e-03
-4.582610e-03
-4.730699e-03
-4.869217e-03
-4.991989e-03
-5.053003e-03
-5.094907e-03
-5.090926e-03
-4.940174e-03
-4.641753e-03
-4.295594e-03
-3.887347e-03
-3.433234e-03
-3.062699e-03
-2.756900e-03
-2.470440e-03
-2.248526e-03
-2.068319e-03
-1.820518e-03
-1.519727e-03
-1.278614e-03
-1.190622e-03
-1.135132e-03
-9.885907e-04
-8.085788e-04
-5.742424e-04
-2.457783e-04
6.030470e-05
1.841336e-04
1.793206e-04
2.269277e-04
4.014133e-04
5.368284e-04
6.057507e-04
6.798232e-04
7.315826e-04
7.043109e-04
5.238098e-04
2.809937e-04
9.691278e-05
-1.458637e-04
-3.597974e-04
-4.607077e-04
-5.289620e-04
-6.581564e-04
-6.850210e-04
-5.295407e-04
-3.396429e-04
-2.049110e-04
-7.126047e-05
8.240732e-05
1.547594e-04
1.049217e-04
1.725219e-05
2.810826e-06
8.216766e-05
1.264067e-04
9.426798e-05
5.224214e-05
-1.755216e-05
-3.117309e-05
1.280860e-04
4.233854e-04
7.058212e-04
9.929379e-04
1.325752e-03
1.596133e-03
1.725019e-03
1.639395e-03
1.341214e-03
9.356328e-04
5.667029e-04
2.435409e-04
2.447079e-05
2.195397e-05
1.282942e-04
2.454664e-04
4.435078e-04
7.333193e-04
9.893835e-04
1.051786e-03
9.933396e-04
9.915545e-04
1.011812e-03
9.849082e-04
9.987603e-04
1.158034e-03
1.331749e-03
1.368306e-03
1.247624e-03
1.101603e-03
1.033032e-03
9.875339e-04
9.114998e-04
7.970088e-04
7.498720e-04
8.299856e-04
1.020056e-03
1.244529e-03
1.426381e-03
1.594284e-03
1.765703e-03
1.831958e-03
1.732608e-03
1.482720e-03
1.217682e-03
1.067093e-03
9.491246e-04
7.305032e-04
4.565646e-04
2.520453e-04
1.814110e-05
-3.086272e-04
-5.944270e-04
-6.916687e-04
-5.710305e-04
-3.853714e-04
-3.316552e-04
-3.723026e-04
-3.192278e-04
-2.510912e-04
-2.632751e-04
-2.452352e-04
-3.888105e-05
2.445357e-04
5.195708e-04
7.604527e-04
9.564077e-04
1.122770e-03
1.252368e-03
1.339144e-03
1.329507e-03
1.187869e-03
1.016896e-03
9.189738e-04
1.011587e-03
1.238295e-03
1.436317e-03
1.568911e-03
1.684038e-03
1.787439e-03
1.864713e-03
1.949896e-03
2.020273e-03
1.985836e-03
1.881782e-03
1.796220e-03
1.729668e-03
1.690304e-03
1.747149e-03
1.911718e-03
2.116487e-03
2.280937e-03
2.321825e-03
2.165242e-03
1.821300e-03
1.442497e-03
1.070445e-03
8.028221e-04
6.735229e-04
5.218600e-04
2.750444e-04
2.799908e-07
-2.547676e-04
-4.946018e-04
-6.406723e-04
-6.933209e-04
-7.812207e-04
-1.001028e-03
-1.283603e-03
-1.534255e-03
-1.722738e-03
-1.773527e-03
-1.724861e-03
-1.701192e-03
-1.692584e-03
-1.682871e-03
-1.651689e-03
-1.594320e-03
-1.525024e-03
-1.375519e-03
-1.153095e-03
-9.139169e-04
-7.095832e-04
-6.557176e-04
-7.578299e-04
-8.549058e-04
-8.653341e-04
-8.572807e-04
-8.316570e-04
-7.661463e-04
-6.285836e-04
-4.159024e-04
-1.781428e-04
4.365270e-05
2.535103e-04
5.629149e-04
9.636727e-04
1.336676e-03
1.593096e-03
1.746027e-03
1.746625e-03
1.616173e-03
1.538998e-03
1.527859e-03
1.542450e-03
1.581879e-03
1.585151e-03
1.563786e-03
1.578724e-03
1.622270e-03
1.488909e-03
1.212364e-03
1.021642e-03
9.230492e-04
7.541564e-04
5.306949e-04
4.206638e-04
4.257996e-04
3.886737e-04
3.154534e-04
2.982982e-04
2.952018e-04
2.664986e-04
2.053702e-04
1.696013e-04
2.091212e-04
2.542310e-04
2.424915e-04
1.983208e-04
1.443625e-04
1.636296e-04
3.419726e-04
6.233869e-04
8.833256e-04
1.096842e-03
1.265478e-03
1.364633e-03
1.442618e-03
1.526279e-03
1.681006e-03
1.839130e-03
1.881077e-03
1.830608e-03
1.790244e-03
1.813911e-03
1.812720e-03
1.807232e-03
1.865688e-03
1.962067e-03
2.047822e-03
2.136669e-03
2.194059e-03
2.137348e-03
2.082796e-03
2.112414e-03
2.050701e-03
1.911474e-03
1.710670e-03
1.471898e-03
1.280179e-03
1.146931e-03
1.109933e-03
1.213485e-03
1.461338e-03
1.776865e-03
2.062000e-03
2.212215e-03
2.229313e-03
2.167229e-03
2.113155e-03
2.022714e-03
1.886751e-03
1.748058e-03
1.694953e-03
1.669563e-03
1.475119e-03
1.119884e-03
8.748766e-04
8.443284e-04
7.565882e-04
4.524562e-04
7.046088e-05
-2.630938e-04
-6.202489e-04
-1.014516e-03
-1.378557e-03
-1.608193e-03
-1.644086e-03
-1.518177e-03
-1.296922e-03
-1.063894e-03
-7.824015e-04
-5.117538e-04
-4.496142e-04
-5.578085e-04
-6.693065e-04
-6.944630e-04
-5.865124e-04
-3.813406e-04
-1.947093e-04
-1.138944e-04
-1.148348e-04
-2.164136e-04
-3.989357e-04
-5.706466e-04
-6.667042e-04
-6.844710e-04
-6.488159e-04
-6.538866e-04
-7.541246e-04
-8.957139e-04
-1.010273e-03
-1.055720e-03
-1.035811e-03
-9.440683e-04
-6.724782e-04
-2.083645e-04
3.119494e-04
8.000545e-04
1.150714e-03
1.315523e-03
1.374481e-03
1.454339e-03
1.436219e-03
1.197427e-03
7.936483e-04
4.288318e-04
3.091166e-04
4.008588e-04
5.752326e-04
7.376176e-04
8.808384e-04
9.894977e-04
9.815303e-04
9.511068e-04
9.229153e-04
8.211164e-04
7.010429e-04
6.982542e-04
8.305586e-04
9.434431e-04
8.795769e-04
7.302762e-04
6.721902e-04
5.089176e-04
1.572686e-04
-1.011362e-04
-1.850050e-04
-2.101122e-04
-2.124039e-04
-2.004566e-04
-2.582513e-04
-4.409932e-04
-6.255837e-04
-7.483255e-04
-8.517164e-04
-9.162144e-04
-9.432828e-04
-9.359584e-04
-9.605597e-04
-1.110419e-03
-1.298892e-03
-1.383139e-03
-1.428389e-03
-1.408035e-03
-1.298737e-03
-1.214131e-03
-1.231163e-03
-1.368293e-03
-1.489936e-03
-1.491298e-03
-1.428777e-03
-1.325899e-03
-1.078651e-03
-7.546422e-04
-4.679921e-04
-2.384121e-04
-1.745491e-04
-2.765301e-04
-3.608515e-04
-3.432375e-04
-3.014279e-04
-2.187119e-04
-1.249382e-04
-7.093507e-05
-3.838384e-05
-5.135062e-05
-1.049204e-04
-1.099075e-04
-8.163794e-05
-1.677890e-04
-3.103656e-04
-3.700167e-04
-4.584843e-04
-6.456028e-04
-7.094406e-04
-6.937059e-04
-7.136338e-04
-7.752129e-04
-7.914592e-04
-7.144540e-04
-5.826007e-04
-3.789963e-04
-2.113884e-04
-1.580102e-04
-2.081712e-04
-3.271533e-04
-4.474328e-04
-5.388500e-04
-7.351525e-04
-1.008364e-03
-1.278091e-03
-1.490487e-03
-1.566163e-03
-1.487261e-03
-1.301231e-03
-1.022668e-03
-6.186222e-04
-2.112125e-04
6.999651e-05
1.868947e-04
1.416521e-04
-3.497301e-05
-2.009609e-04
-3.266351e-04
-4.085894e-04
-4.632980e-04
-5.176944e-04
-5.565442e-04
-4.929657e-04
-2.208720e-04
1.683930e-04
5.500101e-04
9.252085e-04
1.239317e-03
1.428095e-03
1.495783e-03
1.478502e-03
1.427890e-03
1.430672e-03
1.544786e-03
1.735484e-03
1.916795e-03
2.011493e-03
2.025345e-03
1.991988e-03
1.869058e-03
1.732877e-03
1.675413e-03
1.657039e-03
1.564058e-03
1.348747e-03
1.062767e-03
8.380164e-04
7.204314e-04
6.649855e-04
7.123185e-04
9.316587e-04
1.315702e-03
1.639765e-03
1.722850e-03
1.526461e-03
1.211997e-03
9.948581e-04
8.567124e-04
7.020407e-04
5.774449e-04
5.710278e-04
6.773327e-04
8.273367e-04
9.525159e-04
9.663446e-04
8.737619e-04
8.605683e-04
9.707504e-04
9.685660e-04
7.907152e-04
6.416265e-04
5.860745e-04
5.450623e-04
5.072299e-04
4.253438e-04
2.908528e-04
1.824636e-04
1.067433e-04
-5.569894e-07
-2.239683e-04
-5.069398e-04
-7.359401e-04
-8.827940e-04
-9.556695e-04
-1.012282e-03
-1.110603e-03
-1.209260e-03
-1.235138e-03
-1.262575e-03
-1.308875e-03
-1.314902e-03
-1.296751e-03
-1.286091e-03
-1.272030e-03
-1.332993e-03
-1.504775e-03
-1.670088e-03
-1.711747e-03
-1.614875e-03
-1.396446e-03
-1.114262e-03
-8.690632e-04
-7.505798e-04
-7.171240e-04
-7.152511e-04
-7.124432e-04
-6.585851e-04
-5.054184e-04
-2.628839e-04
-5.258509e-06
2.465094e-04
4.254435e-04
5.183063e-04
5.297083e-04
4.629922e-04
5.327998e-04
7.800318e-04
1.069483e-03
1.288152e-03
1.466794e-03
1.595010e-03
1.672721e-03
1.747235e-03
1.771388e-03
1.650660e-03
1.451251e-03
1.306081e-03
1.141043e-03
8.436898e-04
4.949962e-04
1.970402e-04
-9.294051e-06
-1.567500e-04
-2.725370e-04
-2.247531e-04
-6.473673e-05
-1.394217e-05
2.892628e-05
2.134259e-04
4.090803e-04
4.092504e-04
2.415795e-04
5.746099e-05
-8.397056e-05
-2.692206e-04
-4.743794e-04
-5.865575e-04
-5.440309e-04
-3.841245e-04
-1.971602e-04
-3.736000e-05
1.711447e-04
4.132205e-04
5.048880e-04
4.005168e-04
2.020044e-04
6.380278e-07
-1.167671e-04
-3.740851e-05
1.845535e-04
3.385940e-04
4.875700e-04
7.126015e-04
8.667671e-04
9.005551e-04
8.968325e-04
9.135144e-04
9.570078e-04
9.508519e-04
9.207075e-04
9.549293e-04
1.085225e-03
1.263647e-03
1.459529e-03
1.632340e-03
1.745790e-03
1.766349e-03
1.709180e-03
1.529837e-03
1.253367e-03
9.901495e-04
7.623140e-04
5.146616e-04
2.646721e-04
1.077492e-04
-5.304279e-05
-2.921497e-04
-5.492412e-04
-8.259788e-04
-1.210569e-03
-1.579308e-03
-1.792476e-03
-1.941427e-03
-2.051412e-03
-2.036374e-03
-1.907630e-03
-1.764852e-03
-1.576510e-03
-1.319587e-03
-1.138010e-03
-1.044632e-03
-1.015962e-03
-1.088214e-03
-1.208003e-03
-1.323220e-03
-1.371502e-03
-1.432773e-03
-1.530212e-03
-1.589390e-03
-1.555116e-03
-1.451931e-03
-1.216894e-03
-8.797095e-04
-6.690683e-04
-6.206864e-04
-6.112778e-04
-6.602039e-04
-8.261862e-04
-1.069302e-03
-1.246054e-03
-1.279291e-03
-1.363289e-03
-1.556971e-03
-1.798228e-03
-2.005303e-03
-2.103357e-03
-2.181029e-03
-2.266021e-03
-2.362714e-03
-2.507752e-03
-2.611545e-03
-2.651393e-03
-2.624296e-03
-2.497835e-03
-2.400274e-03
-2.396224e-03
-2.363091e-03
-2.276259e-03
-2.204158e-03
-2.157528e-03
-2.118363e-03
-1.966873e-03
-1.675943e-03
-1.373880e-03
-1.090172e-03
-8.194671e-04
-6.280067e-04
-5.920766e-04
-6.338005e-04
-6.796584e-04
-7.836161e-04
-9.470584e-04
-1.100013e-03
-1.206591e-03
-1.240174e-03
-1.216112e-03
-1.126045e-03
-8.931057e-04
-6.470700e-04
-4.672512e-04
-3.227410e-04
-1.796037e-04
-6.655868e-05
-1.241920e-04
-2.336108e-04
-1.615099e-04
-1.487587e-04
-3.651711e-04
-6.170913e-04
-7.549082e-04
-7.829788e-04
-7.124279e-04
-4.622449e-04
-1.349051e-04
9.323470e-05
1.092216e-04
-1.287792e-05
-1.580358e-04
-2.277528e-04
-2.000602e-04
-7.409397e-05
1.790207e-04
4.813093e-04
7.747494e-04
1.044074e-03
1.203089e-03
1.259490e-03
1.351798e-03
1.471001e-03
1.481156e-03
1.322418e-03
1.104835e-03
9.550438e-04
7.960074e-04
6.194038e-04
5.497491e-04
5.666189e-04
4.899121e-04
3.759352e-04
3.449654e-04
2.757660e-04
1.481675e-04
7.905128e-05
1.098129e-05
-6.203058e-05
-1.302787e-04
-2.170879e-04
-2.276448e-04
-2.028327e-04
-1.747534e-04
-1.668247e-04
-1.258932e-04
-2.083345e-05
-4.453329e-05
-1.240635e-04
-1.223133e-04
-1.796247e-04
-3.270248e-04
-3.494141e-04
-2.291595e-04
-2.567692e-05
1.587589e-04
2.200225e-04
2.173950e-04
2.495683e-04
3.271554e-04
3.204249e-04
2.715791e-04
3.040835e-04
3.777630e-04
3.799997e-04
2.762871e-04
2.050042e-04
3.047270e-04
4.677085e-04
6.177668e-04
6.906172e-04
6.359849e-04
5.411892e-04
5.666207e-04
6.281310e-04
5.842221e-04
5.226536e-04
4.728967e-04
3.384314e-04
2.011419e-04
2.204042e-04
2.806501e-04
3.027001e-04
3.586065e-04
4.141664e-04
4.476812e-04
5.362741e-04
6.481711e-04
7.149165e-04
8.054303e-04
8.212415e-04
7.196870e-04
5.986333e-04
5.612366e-04
6.069861e-04
7.200084e-04
7.916424e-04
7.977633e-04
8.376877e-04
8.981432e-04
8.177756e-04
6.525784e-04
5.929043e-04
5.966995e-04
6.706262e-04
7.991930e-04
9.194725e-04
9.959875e-04
1.011145e-03
9.859358e-04
9.600492e-04
9.254499e-04
9.793374e-04
1.049321e-03
1.053219e-03
1.064423e-03
1.045076e-03
1.000443e-03
9.691387e-04
9.248699e-04
8.608491e-04
8.039482e-04
7.848436e-04
8.142416e-04
8.733000e-04
8.694034e-04
7.935534e-04
7.786695e-04
7.984641e-04
7.811859e-04
7.736901e-04
8.421596e-04
9.107813e-04
9.276475e-04
9.351058e-04
9.133935e-04
7.705938e-04
5.380920e-04
3.481837e-04
1.769470e-04
-1.853144e-05
-2.322995e-04
-4.330941e-04
-5.098218e-04
-4.752151e-04
-3.824867e-04
-2.558202e-04
-1.602535e-04
-2.263986e-04
-4.163787e-04
-6.056457e-04
-7.526619e-04
-8.561682e-04
-9.185653e-04
-9.459537e-04
-8.038336e-04
-5.576092e-04
-4.553441e-04
-4.597037e-04
-4.625459e-04
-4.681894e-04
-4.612292e-04
-4.734248e-04
-5.164553e-04
-4.715043e-04
-3.755450e-04
-3.884296e-04
-4.641035e-04
-3.872081e-04
-1.798605e-04
-4.039019e-05
8.469395e-05
3.038173e-04
5.330520e-04
6.726110e-04
7.747293e-04
8.882687e-04
9.439506e-04
1.008436e-03
1.154890e-03
1.216061e-03
1.211254e-03
1.267646e-03
1.310376e-03
1.325903e-03
1.447601e-03
1.669925e-03
1.851063e-03
1.892246e-03
1.833707e-03
1.710844e-03
1.588658e-03
1.456342e-03
1.326039e-03
1.145613e-03
9.271011e-04
7.759319e-04
6.624650e-04
5.132394e-04
4.793670e-04
5.559867e-04
4.875940e-04
2.853702e-04
1.514996e-04
1.380650e-04
1.847821e-04
1.737432e-04
6.448367e-05
-5.292763e-05
-1.109231e-04
-1.575858e-04
-2.142765e-04
-1.819745e-04
-6.510473e-05
4.141161e-05
1.587737e-04
3.895354e-04
7.198783e-04
1.046867e-03
1.244453e-03
1.354656e-03
1.401359e-03
1.302365e-03
1.098748e-03
9.310722e-04
7.698508e-04
5.622546e-04
3.416538e-04
2.427063e-04
2.418577e-04
1.999467e-04
1.415681e-04
1.760661e-04
2.078647e-04
1.960186e-04
1.462065e-04
9.072355e-05
1.272668e-04
1.952747e-04
1.850054e-04
8.510348e-05
-1.436157e-04
-3.762773e-04
-4.510411e-04
-4.631672e-04
-4.935702e-04
-5.120441e-04
-5.845088e-04
-6.816728e-04
-6.898409e-04
-6.962396e-04
-7.744086e-04
-8.541820e-04
-9.068502e-04
-9.855009e-04
-1.041900e-03
-9.757993e-04
-9.077289e-04
-8.095398e-04
-6.868277e-04
-5.540623e-04
-3.419222e-04
-7.367409e-05
7.878102e-05
6.955150e-05
-1.056653e-06
-1.505016e-04
-3.398973e-04
-5.123752e-04
-6.424165e-04
-7.958527e-04
-9.583361e-04
-1.068483e-03
-1.134690e-03
-1.184802e-03
-1.278909e-03
-1.396836e-03
-1.485018e-03
-1.517512e-03
-1.474795e-03
-1.391164e-03
-1.320209e-03
-1.254414e-03
-1.100475e-03
-8.910924e-04
-6.935097e-04
-4.731090e-04
-2.192780e-04
5.827837e-05
2.244736e-04
1.660570e-04
-1.978436e-05
-2.199082e-04
-4.982509e-04
-8.391740e-04
-1.107484e-03
-1.242635e-03
-1.254658e-03
-1.194786e-03
-1.150459e-03
-1.106658e-03
-1.036423e-03
-9.812983e-04
-1.004511e-03
-1.076251e-03
-1.095562e-03
-1.094174e-03
-1.109967e-03
-1.062207e-03
-9.971883e-04
-9.555322e-04
-8.948559e-04
-8.064105e-04
-7.336900e-04
-7.742905e-04
-8.489690e-04
-8.743364e-04
-8.724265e-04
-8.262399e-04
-7.139819e-04
-5.878522e-04
-4.532140e-04
-3.054233e-04
-1.243038e-04
6.642292e-05
2.004810e-04
3.250208e-04
6.191090e-04
1.057986e-03
1.416208e-03
1.581329e-03
1.567078e-03
1.478639e-03
1.430108e-03
1.439263e-03
1.464235e-03
1.443514e-03
1.437473e-03
1.450948e-03
1.483507e-03
1.544265e-03
1.617594e-03
1.713568e-03
1.780166e-03
1.728425e-03
1.455325e-03
1.096832e-03
6.979336e-04
2.180881e-04
-1.867687e-04
-3.611683e-04
-3.935852e-04
-3.163813e-04
-1.500131e-04
-1.153005e-04
-2.595488e-04
-3.810183e-04
-4.552988e-04
-5.565199e-04
-6.079848e-04
-5.013113e-04
-2.954642e-04
-1.763555e-04
-2.241927e-04
-2.857850e-04
-3.086598e-04
-3.502789e-04
-3.057426e-04
-1.313876e-04
3.164398e-05
6.154603e-05
3.842748e-06
-8.085109e-05
-2.083818e-04
-3.424131e-04
-4.004595e-04
-3.821336e-04
-2.761375e-04
-1.213621e-04
-3.639869e-05
-1.333538e-05
-3.943755e-05
-8.473891e-05
-1.093851e-04
-1.770432e-04
-2.649800e-04
-2.987209e-04
-2.666410e-04
-2.554825e-04
-3.100807e-04
-3.853426e-04
-4.271268e-04
-4.334276e-04
-4.684076e-04
-5.346916e-04
-5.499678e-04
-5.891652e-04
-7.839848e-04
-1.083311e-03
-1.344208e-03
-1.549257e-03
-1.865455e-03
-2.235321e-03
-2.470245e-03
-2.495375e-03
-2.440581e-03
-2.383919e-03
-2.338125e-03
-2.335351e-03
-2.382081e-03
-2.464872e-03
-2.559092e-03
-2.614073e-03
-2.583817e-03
-2.473860e-03
-2.436745e-03
-2.454677e-03
-2.344192e-03
-2.176454e-03
-2.074576e-03
-1.955057e-03
-1.730881e-03
-1.481524e-03
-1.336840e-03
-1.336413e-03
-1.377840e-03
-1.284374e-03
-1.114313e-03
-9.839064e-04
-8.421646e-04
-7.323718e-04
-7.009821e-04
-7.200641e-04
-7.170672e-04
-6.539809e-04
-5.259962e-04
-4.273832e-04
-4.396637e-04
-5.923020e-04
-8.135267e-04
-9.840917e-04
-1.088274e-03
-1.049491e-03
-8.732527e-04
-6.849350e-04
-5.871731e-04
-5.649112e-04
-5.752499e-04
-6.391127e-04
-6.354959e-04
-5.194046e-04
-3.518963e-04
-2.177367e-04
-2.141361e-04
-2.756859e-04
-3.023834e-04
-3.450783e-04
-4.304268e-04
-5.088421e-04
-4.769340e-04
-3.787187e-04
-2.513008e-04
-8.074975e-05
1.020012e-04
2.471839e-04
3.131975e-04
3.253721e-04
4.050775e-04
6.253768e-04
8.189713e-04
1.013254e-03
1.050460e-03
8.781893e-04
6.368857e-04
4.084514e-04
2.264940e-04
1.113301e-04
3.986829e-05
-2.979547e-05
-7.993531e-05
-5.068515e-05
6.708135e-06
-3.138898e-05
-9.891739e-05
-1.109452e-04
-2.033966e-04
-4.560984e-04
-7.497214e-04
-9.168061e-04
-9.732439e-04
-1.058593e-03
-1.156258e-03
-1.203920e-03
-1.250493e-03
-1.300893e-03
-1.297900e-03
-1.246960e-03
-1.220153e-03
-1.195703e-03
-1.091911e-03
-1.001538e-03
-1.005153e-03
-1.054752e-03
-1.073037e-03
-1.060263e-03
-1.067682e-03
-1.133074e-03
-1.225110e-03
-1.290852e-03
-1.316029e-03
-1.285260e-03
-1.263843e-03
-1.188610e-03
-1.004362e-03
-8.512291e-04
-7.756807e-04
-7.411421e-04
-6.813955e-04
-5.272714e-04
-2.396305e-04
6.998467e-05
3.660507e-04
7.088471e-04
1.005327e-03
1.182365e-03
1.344129e-03
1.491400e-03
1.591870e-03
1.693917e-03
1.845658e-03
1.961794e-03
1.964213e-03
1.931716e-03
1.954441e-03
1.970595e-03
1.909136e-03
1.816779e-03
1.832391e-03
2.001851e-03
2.112702e-03
2.062528e-03
1.969439e-03
1.856395e-03
1.719976e-03
1.712103e-03
1.829939e-03
1.850458e-03
1.776362e-03
1.737739e-03
1.706481e-03
1.584551e-03
1.423865e-03
1.248644e-03
1.070013e-03
8.799845e-04
7.040039e-04
5.673830e-04
4.900723e-04
4.065930e-04
2.577053e-04
1.090079e-04
2.296141e-05
-2.592142e-05
-1.225785e-04
-2.187878e-04
-2.249820e-04
-1.372316e-04
2.051242e-05
1.695261e-04
3.464443e-04
5.683788e-04
6.795455e-04
6.901470e-04
7.097504e-04
6.596444e-04
6.189061e-04
7.226409e-04
8.596708e-04
8.682613e-04
7.938348e-04
7.767279e-04
8.804225e-04
9.881634e-04
1.085025e-03
1.140001e-03
1.119396e-03
1.109616e-03
1.100818e-03
1.105991e-03
1.163912e-03
1.180314e-03
1.109168e-03
1.047050e-03
1.051898e-03
1.050205e-03
1.037474e-03
9.748641e-04
9.012652e-04
9.283315e-04
1.018173e-03
1.094769e-03
1.141096e-03
1.098809e-03
1.011575e-03
9.651136e-04
9.262111e-04
8.623184e-04
7.838624e-04
7.168329e-04
6.329185e-04
4.520654e-04
2.706402e-04
2.130825e-04
2.979454e-04
4.748254e-04
5.775442e-04
5.866153e-04
6.249852e-04
6.060120e-04
4.082680e-04
1.820005e-04
5.380048e-05
1.031665e-05
-5.693531e-06
-5.274808e-05
-1.650950e-04
-3.796400e-04
-6.602946e-04
-8.145497e-04
-7.269813e-04
-5.500899e-04
-4.699174e-04
-4.926363e-04
-5.164745e-04
-4.931385e-04
-4.896014e-04
-4.920811e-04
-3.673432e-04
-1.254764e-04
1.980051e-05
4.737424e-05
6.198949e-05
1.114629e-04
1.425249e-04
1.470183e-04
1.959609e-04
2.654383e-04
2.851760e-04
2.260862e-04
1.944277e-04
2.111645e-04
3.062656e-04
5.230404e-04
7.600902e-04
9.476578e-04
1.107425e-03
1.137466e-03
1.022454e-03
8.393181e-04
6.882090e-04
6.341660e-04
6.979621e-04
7.343605e-04
7.150643e-04
7.184987e-04
7.095174e-04
6.854715e-04
6.524574e-04
5.485455e-04
4.795964e-04
4.829290e-04
5.044258e-04
4.858378e-04
3.613366e-04
1.419122e-04
-9.291625e-05
-3.170965e-04
-5.275193e-04
-6.801528e-04
-7.891916e-04
-8.215275e-04
-7.945177e-04
-7.904596e-04
-8.435687e-04
-8.787227e-04
-9.205134e-04
-1.066791e-03
-1.297944e-03
-1.391415e-03
-1.235350e-03
-1.008054e-03
-7.810832e-04
-5.311861e-04
-2.684789e-04
-1.011303e-04
-2.707794e-05
-7.238471e-06
-7.001711e-05
-1.450710e-04
-1.107949e-04
-8.958007e-06
4.338893e-05
6.503284e-05
1.035207e-04
1.014851e-04
1.253598e-04
1.808478e-04
2.418479e-04
3.489432e-04
4.273978e-04
4.749697e-04
4.738386e-04
4.046291e-04
3.310012e-04
2.750340e-04
3.153224e-04
3.929755e-04
4.138066e-04
3.594975e-04
3.012547e-04
3.804023e-04
5.803658e-04
7.442831e-04
7.990149e-04
8.408704e-04
9.005879e-04
9.861743e-04
1.009593e-03
9.735079e-04
9.566274e-04
9.203441e-04
8.064371e-04
6.443677e-04
4.242852e-04
1.418038e-04
-1.573061e-04
-3.892293e-04
-4.487876e-04
-2.839480e-04
-8.988729e-06
2.145259e-04
4.175636e-04
5.605727e-04
6.334971e-04
6.340098e-04
6.041273e-04
6.050687e-04
6.287700e-04
6.343604e-04
5.614342e-04
5.006245e-04
5.091537e-04
5.837528e-04
6.825349e-04
7.187514e-04
7.001802e-04
7.269008e-04
7.992827e-04
8.143528e-04
7.170816e-04
5.658286e-04
4.166224e-04
3.602654e-04
3.965126e-04
4.725245e-04
5.532170e-04
6.700710e-04
8.181191e-04
9.203503e-04
9.723989e-04
1.029029e-03
1.072466e-03
1.155977e-03
1.339168e-03
1.491071e-03
1.549243e-03
1.562340e-03
1.535746e-03
1.472443e-03
1.453644e-03
1.406060e-03
1.242266e-03
1.016777e-03
8.400179e-04
7.662913e-04
7.990072e-04
9.289610e-04
1.111689e-03
1.327909e-03
1.536526e-03
1.606660e-03
1.440954e-03
1.215258e-03
1.027633e-03
7.427570e-04
4.591012e-04
3.548461e-04
3.029676e-04
1.571876e-04
3.432445e-05
-1.358834e-05
-1.043192e-04
-2.544000e-04
-3.765356e-04
-4.637456e-04
-5.759115e-04
-7.328826e-04
-9.561567e-04
-1.175377e-03
-1.322664e-03
-1.447108e-03
-1.556590e-03
-1.631095e-03
-1.626094e-03
-1.613423e-03
-1.550418e-03
-1.433575e-03
-1.323820e-03
-1.219659e-03
-1.059548e-03
-8.563835e-04
-7.535961e-04
-7.654314e-04
-8.133987e-04
-8.664452e-04
-9.697392e-04
-1.104561e-03
-1.164249e-03
-1.205279e-03
-1.320949e-03
-1.464329e-03
-1.520419e-03
-1.492234e-03
-1.470398e-03
-1.448625e-03
-1.391868e-03
-1.323946e-03
-1.272238e-03
-1.292671e-03
-1.356150e-03
-1.398145e-03
-1.418472e-03
-1.458683e-03
-1.504307e-03
-1.516664e-03
-1.508537e-03
-1.505206e-03
-1.518198e-03
-1.524935e-03
-1.502604e-03
-1.447744e-03
-1.309347e-03
-1.171128e-03
-1.110421e-03
-1.127021e-03
-1.185828e-03
-1.246112e-03
-1.240760e-03
-1.046756e-03
-7.999002e-04
-5.932174e-04
-3.697596e-04
-1.360057e-04
7.213702e-05
2.410696e-04
3.857137e-04
5.214761e-04
6.330024e-04
6.819044e-04
6.906664e-04
6.729439e-04
6.306252e-04
5.476890e-04
4.572023e-04
3.763760e-04
3.177727e-04
3.596226e-04
4.126212e-04
3.772733e-04
3.061433e-04
2.912495e-04
3.156899e-04
2.940188e-04
2.795982e-04
3.385571e-04
4.801752e-04
6.432248e-04
8.198870e-04
9.881675e-04
1.091698e-03
1.080807e-03
9.558406e-04
8.118864e-04
7.056600e-04
5.727974e-04
4.677059e-04
4.654352e-04
5.278396e-04
4.965206e-04
3.700775e-04
3.158686e-04
2.911003e-04
1.798535e-04
3.750025e-05
-2.405414e-05
2.289053e-05
1.002112e-04
2.190970e-04
4.163428e-04
5.916396e-04
6.312144e-04
5.785132e-04
5.034727e-04
4.637002e-04
5.181869e-04
5.509593e-04
5.351880e-04
5.947507e-04
7.551763e-04
8.459334e-04
8.481268e-04
8.250741e-04
7.553945e-04
6.741978e-04
5.607556e-04
4.616824e-04
3.693985e-04
2.350944e-04
8.702499e-05
-1.992692e-05
-1.480968e-04
-3.414982e-04
-5.202137e-04
-5.918841e-04
-6.470703e-04
-7.304797e-04
-7.880766e-04
-8.896058e-04
-1.074904e-03
-1.259209e-03
-1.400108e-03
-1.555911e-03
-1.679448e-03
-1.679123e-03
-1.619923e-03
-1.534681e-03
-1.469086e-03
-1.475968e-03
-1.388033e-03
-1.152344e-03
-1.001733e-03
-9.835826e-04
-1.042061e-03
-1.103810e-03
-1.166260e-03
-1.250982e-03
-1.296171e-03
-1.249523e-03
-1.162792e-03
-1.124053e-03
-1.167723e-03
-1.277647e-03
-1.354727e-03
-1.326267e-03
-1.197308e-03
-1.038793e-03
-8.781697e-04
-6.964548e-04
-5.144704e-04
-3.983992e-04
-4.151306e-04
-4.752477e-04
-4.754500e-04
-5.335953e-04
-6.923426e-04
-8.386619e-04
-9.291397e-04
-1.062734e-03
-1.209625e-03
-1.292012e-03
-1.301511e-03
-1.235525e-03
-1.112707e-03
-9.518286e-04
-8.397737e-04
-8.761989e-04
-9.851071e-04
-1.030738e-03
-1.014309e-03
-9.586030e-04
-8.519671e-04
-7.262967e-04
-6.590951e-04
-6.745720e-04
-7.395001e-04
-8.269796e-04
-9.567057e-04
-1.077593e-03
-1.123440e-03
-1.122833e-03
-1.132654e-03
-1.234130e-03
-1.380093e-03
-1.386978e-03
-1.293889e-03
-1.253968e-03
-1.305063e-03
-1.368838e-03
-1.350460e-03
-1.304782e-03
-1.261787e-03
-1.201437e-03
-1.137476e-03
-1.089222e-03
-1.029237e-03
-9.555377e-04
-8.827845e-04
-8.301824e-04
-8.301705e-04
-8.956257e-04
-9.500197e-04
-1.032560e-03
-1.158126e-03
-1.268850e-03
-1.285596e-03
-1.200802e-03
-1.050484e-03
-8.792977e-04
-7.638343e-04
-6.501396e-04
-5.168283e-04
-5.045867e-04
-5.944937e-04
-6.645831e-04
-6.885425e-04
-7.155528e-04
-7.837440e-04
-8.229416e-04
-7.810009e-04
-6.776174e-04
-5.762997e-04
-5.938774e-04
-6.674557e-04
-7.355167e-04
-7.706169e-04
-7.864804e-04
-8.318827e-04
-8.740202e-04
-8.348679e-04
-7.571925e-04
-7.944443e-04
-8.999450e-04
-9.372725e-04
-9.700056e-04
-1.018406e-03
-9.851286e-04
-8.840160e-04
-7.874343e-04
-6.698830e-04
-5.230458e-04
-4.070565e-04
-3.731013e-04
-3.959447e-04
-4.476660e-04
-4.928470e-04
-5.169667e-04
-5.487110e-04
-5.320398e-04
-4.565475e-04
-4.176311e-04
-5.056931e-04
-6.417568e-04
-7.327080e-04
-7.528369e-04
-6.788357e-04
-5.569079e-04
-4.047886e-04
-2.626650e-04
-2.054585e-04
-1.840198e-04
-1.036769e-04
-2.587373e-06
3.676978e-05
3.665463e-05
-5.862837e-06
-1.402850e-04
-3.393055e-04
-5.636040e-04
-7.723286e-04
-9.189790e-04
-9.898106e-04
-9.934944e-04
-9.671812e-04
-9.180528e-04
-8.245701e-04
-7.338384e-04
-6.534826e-04
-5.483968e-04
-4.598535e-04
-4.114246e-04
-3.524345e-04
-2.625071e-04
-2.377552e-04
-3.109482e-04
-3.445064e-04
-3.087094e-04
-2.446459e-04
-1.705652e-04
-7.575129e-05
1.348337e-05
3.924260e-05
-4.709978e-05
-1.682437e-04
-2.707812e-04
-3.778236e-04
-4.524779e-04
-5.045195e-04
-5.536278e-04
-5.930069e-04
-6.455973e-04
-7.091567e-04
-7.756644e-04
-8.305790e-04
-8.642441e-04
-8.608777e-04
-8.138263e-04
-7.455470e-04
-6.727341e-04
-5.902078e-04
-5.466318e-04
-5.691734e-04
-5.883613e-04
-6.278907e-04
-7.350367e-04
-8.392957e-04
-9.094697e-04
-9.512695e-04
-9.350065e-04
-9.341030e-04
-1.032935e-03
-1.136584e-03
-1.211446e-03
-1.265896e-03
-1.284261e-03
-1.280259e-03
-1.250657e-03
-1.198930e-03
-1.171902e-03
-1.171316e-03
-1.174401e-03
-1.170485e-03
-1.140135e-03
-1.079336e-03
-9.939472e-04
-8.518031e-04
-7.637050e-04
-7.860189e-04
-7.648904e-04
-6.924791e-04
-6.011713e-04
-4.726898e-04
-3.277487e-04
-2.235855e-04
-1.715331e-04
-1.260885e-04
-3.962568e-05
3.512100e-05
7.339413e-05
1.220601e-04
1.654965e-04
1.764000e-04
1.674103e-04
1.596277e-04
1.797401e-04
2.357901e-04
2.870872e-04
3.263881e-04
3.876215e-04
5.047569e-04
6.581647e-04
7.483782e-04
7.668551e-04
7.827059e-04
8.067621e-04
8.379572e-04
8.915676e-04
9.195526e-04
8.908447e-04
8.524651e-04
8.353669e-04
8.169676e-04
8.205994e-04
8.946085e-04
9.773338e-04
1.006524e-03
1.003356e-03
9.789902e-04
8.782173e-04
7.564651e-04
6.960826e-04
6.501211e-04
5.884536e-04
5.326863e-04
5.113647e-04
4.874700e-04
4.427709e-04
3.823233e-04
2.602463e-04
1.449668e-04
1.045456e-04
1.073101e-04
8.484488e-05
5.408424e-05
-7.867483e-06
-6.768298e-05
-3.975000e-05
6.691691e-05
1.798479e-04
2.720103e-04
3.585091e-04
4.156700e-04
4.071392e-04
2.990921e-04
1.352843e-04
3.804078e-06
-1.304439e-04
-2.881490e-04
-3.970488e-04
-4.186408e-04
-4.238361e-04
-4.092045e-04
-3.324966e-04
-2.171163e-04
-1.116931e-04
-7.382624e-05
-1.001153e-04
-1.816443e-04
-3.142770e-04
-4.559351e-04
-5.082543e-04
-5.064061e-04
-5.041000e-04
-4.816423e-04
-4.191692e-04
-3.051663e-04
-1.993736e-04
-1.343545e-04
-1.468087e-04
-1.863573e-04
-1.808419e-04
-2.171434e-04
-3.016602e-04
-3.217866e-04
-2.712946e-04
-1.783543e-04
-6.380590e-05
2.482527e-05
6.716567e-05
3.799195e-05
-7.990350e-05
-2.309431e-04
-3.732500e-04
-5.127421e-04
-6.429476e-04
-6.903781e-04
-5.877535e-04
-4.378494e-04
-3.151811e-04
-1.797542e-04
-8.279440e-05
-4.672401e-05
-3.605736e-05
-5.898434e-05
-1.592943e-04
-2.957801e-04
-3.694551e-04
-3.873403e-04
-4.536385e-04
-5.112125e-04
-4.625851e-04
-4.318086e-04
-4.781746e-04
-5.049689e-04
-4.379661e-04
-3.051920e-04
-2.043103e-04
-1.430672e-04
-8.532970e-05
-2.129507e-05
2.671231e-05
4.303571e-05
9.771056e-05
1.827922e-04
2.141138e-04
2.061730e-04
2.461266e-04
3.275801e-04
3.740873e-04
3.496421e-04
3.272077e-04
3.652249e-04
4.196629e-04
4.435940e-04
4.554715e-04
4.883397e-04
4.702627e-04
4.264693e-04
3.873258e-04
3.004554e-04
2.061698e-04
1.301202e-04
2.966456e-05
-7.625009e-05
-1.539931e-04
-1.991048e-04
-2.261794e-04
-2.685828e-04
-3.301780e-04
-4.274359e-04
-5.596085e-04
-6.414458e-04
-6.559523e-04
-6.756973e-04
-6.923964e-04
-6.681661e-04
-6.128045e-04
-5.647300e-04
-5.136206e-04
-4.935055e-04
-5.447585e-04
-6.063723e-04
-5.927428e-04
-5.154055e-04
-4.598216e-04
-4.070046e-04
-2.698230e-04
-8.680117e-05
7.349955e-05
1.822205e-04
2.541238e-04
3.321325e-04
3.857322e-04
3.365493e-04
2.369771e-04
1.883422e-04
1.885306e-04
2.104306e-04
2.205511e-04
2.217177e-04
2.589446e-04
3.093644e-04
3.460105e-04
3.824139e-04
4.233433e-04
5.002344e-04
5.706466e-04
5.549716e-04
4.631916e-04
3.419479e-04
2.324346e-04
1.722422e-04
1.628917e-04
2.264934e-04
3.130960e-04
3.448836e-04
3.189420e-04
2.699872e-04
2.139902e-04
1.379787e-04
5.168736e-05
4.564220e-05
8.262328e-05
9.851137e-05
1.018792e-04
9.007462e-05
6.700876e-05
1.022103e-04
1.748409e-04
1.762049e-04
1.114039e-04
4.972993e-05
9.849643e-06
-2.931125e-05
-6.770919e-05
-7.007823e-05
-1.018729e-06
5.910404e-05
5.846726e-05
2.601062e-05
-3.585149e-05
-1.261082e-04
-2.150006e-04
-2.260681e-04
-1.743648e-04
-1.449353e-04
-1.040428e-04
-3.059458e-05
3.192091e-05
7.364420e-05
1.426875e-04
2.552246e-04
3.259339e-04
3.523984e-04
3.888933e-04
4.131230e-04
3.999721e-04
3.408849e-04
2.542743e-04
1.799792e-04
1.308332e-04
8.708600e-05
5.708116e-05
5.574769e-05
6.951177e-05
8.721306e-05
1.211527e-04
1.639284e-04
1.960185e-04
2.027882e-04
2.126167e-04
2.397952e-04
2.466754e-04
2.299399e-04
2.055355e-04
1.624644e-04
1.095763e-04
6.704809e-05
5.463630e-05
9.690668e-05
1.756232e-04
2.450966e-04
2.809256e-04
2.930800e-04
2.870999e-04
2.731061e-04
2.543818e-04
2.042303e-04
1.236407e-04
5.644645e-05
2.905424e-05
2.947378e-05
5.573846e-05
9.884270e-05
1.505842e-04
1.963771e-04
2.212145e-04
1.975793e-04
1.157538e-04
1.396404e-05
-3.186927e-05
-6.136504e-05
-1.232023e-04
-2.156008e-04
-2.814185e-04
-3.110657e-04
-3.371048e-04
-3.796352e-04
-4.320059e-04
-4.611033e-04
-4.998971e-04
-5.312864e-04
-5.628751e-04
-6.170347e-04
-6.483258e-04
-6.646850e-04
-7.117673e-04
-7.666516e-04
-7.819889e-04
-7.459699e-04
-7.038925e-04
-6.874954e-04
-6.440982e-04
-5.722242e-04
-5.248351e-04
-4.954340e-04
-4.611009e-04
-4.242944e-04
-3.497298e-04
-2.121407e-04
-8.156064e-05
1.056286e-05
5.292932e-05
8.073766e-05
1.125944e-04
1.301086e-04
1.417542e-04
1.296265e-04
9.193778e-05
5.927418e-05
4.309132e-05
1.979439e-05
3.727595e-05
9.845608e-05
1.301061e-04
1.225386e-04
1.084807e-04
9.472811e-05
9.246001e-05
9.267788e-05
1.056850e-04
1.454795e-04
1.810378e-04
1.860296e-04
1.524143e-04
1.023191e-04
6.036437e-05
6.084117e-05
1.162726e-04
1.505131e-04
1.413090e-04
1.234707e-04
9.273997e-05
4.728495e-05
1.682624e-05
1.133419e-07
-1.796437e-05
-2.968032e-05
-5.480729e-05
-8.984196e-05
-9.050296e-05
-8.364942e-05
-8.765088e-05
-9.229684e-05
-1.123712e-04
-1.583411e-04
-2.269140e-04
-2.926533e-04
-3.563905e-04
-4.074226e-04
-4.193188e-04
-3.919553e-04
-3.739906e-04
-3.690134e-04
-3.575264e-04
-3.519264e-04
-3.644861e-04
-3.712988e-04
-3.430917e-04
-3.179217e-04
-3.188432e-04
-3.322558e-04
-3.650450e-04
-3.924532e-04
-3.719627e-04
-3.305988e-04
-2.758377e-04
-2.157958e-04
-1.590436e-04
-1.113961e-04
-8.447880e-05
-8.286215e-05
-1.044939e-04
-1.291922e-04
-1.582521e-04
-1.927759e-04
-2.116692e-04
-2.145054e-04
-2.094647e-04
-2.045608e-04
-1.842467e-04
-1.342634e-04
-7.776870e-05
-3.853078e-05
-1.247774e-05
-1.501099e-06
9.911736e-06
2.904109e-05
3.328494e-05
3.938726e-06
-3.001266e-05
-3.412838e-05
-2.110996e-05
-2.615939e-05
-4.824925e-05
-5.403879e-05
-3.027873e-05
8.695489e-06
1.386345e-05
-1.990113e-05
-7.087034e-05
-1.365493e-04
-1.910524e-04
-2.285157e-04
-2.478132e-04
-2.548308e-04
-2.583969e-04
-2.780470e-04
-3.335283e-04
-3.739003e-04
-3.959086e-04
-4.207603e-04
-4.289397e-04
-4.155899e-04
-3.886294e-04
-3.561850e-04
-3.325527e-04
-3.316243e-04
-3.637695e-04
-3.967978e-04
-4.131087e-04
-4.381161e-04
-5.017684e-04
-5.542041e-04
-5.692481e-04
-5.834686e-04
-6.151070e-04
-6.360045e-04
-6.333908e-04
-6.325629e-04
-6.362407e-04
-6.409656e-04
-6.455975e-04
-6.357133e-04
-6.247689e-04
-6.183224e-04
-6.338119e-04
-6.592411e-04
-6.726510e-04
-6.844482e-04
-6.925477e-04
-6.908421e-04
-6.852321e-04
-6.778504e-04
-6.627350e-04
-6.385067e-04
-6.148199e-04
-6.061751e-04
-6.040884e-04
-5.905938e-04
-5.709414e-04
-5.726247e-04
-5.805365e-04
-5.603497e-04
-5.435816e-04
-5.537234e-04
-5.600508e-04
-5.472830e-04
-5.294018e-04
-4.990475e-04
-4.562134e-04
-4.231829e-04
-4.024491e-04
-3.861710e-04
-3.749755e-04
-3.642215e-04
-3.552825e-04
-3.577888e-04
-3.671747e-04
-3.570137e-04
-3.394279e-04
-3.364394e-04
-3.428207e-04
-3.421218e-04
-3.329668e-04
-3.221282e-04
-3.114343e-04
-3.148302e-04
-3.397283e-04
-3.674425e-04
-3.878967e-04
-4.059173e-04
-4.074197e-04
-3.834864e-04
-3.405169e-04
-2.964920e-04
-2.680738e-04
-2.467250e-04
-2.254435e-04
-1.989337e-04
-1.697288e-04
-1.438686e-04
-1.297576e-04
-1.261571e-04
-1.328246e-04
-1.563031e-04
-1.909085e-04
-2.253606e-04
-2.498033e-04
-2.611011e-04
-2.564289e-04
-2.376167e-04
-2.078481e-04
-1.823634e-04
-1.734588e-04
-1.743037e-04
-1.855707e-04
-2.119019e-04
-2.394862e-04
-2.459953e-04
-2.364521e-04
-2.380281e-04
-2.401646e-04
-2.377734e-04
-2.509378e-04
-2.654618e-04
-2.610545e-04
-2.432255e-04
-2.223339e-04
-1.990666e-04
-1.692081e-04
-1.519625e-04
-1.582951e-04
-1.624863e-04
-1.472615e-04
-1.311403e-04
-1.143046e-04
-9.397638e-05
-8.043155e-05
-7.798124e-05
-9.139326e-05
-1.223456e-04
-1.515349e-04
-1.589829e-04
-1.554622e-04
-1.627315e-04
-1.804479e-04
-2.011130e-04
-2.212102e-04
-2.334844e-04
-2.257657e-04
-2.081002e-04
-1.934003e-04
-1.737029e-04
-1.572732e-04
-1.618678e-04
-1.852395e-04
-2.047225e-04
-2.069872e-04
-2.054002e-04
-2.022008e-04
-1.927482e-04
-1.869538e-04
-1.952769e-04
-2.080946e-04
-2.113517e-04
-2.066884e-04
-2.043474e-04
-2.053913e-04
-2.097884e-04
-2.135147e-04
-2.080772e-04
-1.945364e-04
-1.862291e-04
-1.852938e-04
-1.799941e-04
-1.683624e-04
-1.577182e-04
-1.524220e-04
-1.515176e-04
-1.629404e-04
-1.793390e-04
-1.802828e-04
-1.689665e-04
-1.595395e-04
-1.531540e-04
-1.523699e-04
-1.612868e-04
-1.749894e-04
-1.869144e-04
-1.979251e-04
-2.046271e-04
-2.020524e-04
-1.957562e-04
-1.872719e-04
-1.849678e-04
-1.822047e-04
-1.725209e-04
-1.656037e-04
-1.629152e-04
-1.643685e-04
-1.718827e-04
-1.848347e-04
-1.906373e-04
-1.886195e-04
-1.884868e-04
-1.947632e-04
-1.923965e-04
-1.843205e-04
-1.797134e-04
-1.799897e-04
-1.805101e-04
-1.755862e-04
-1.741521e-04
-1.800510e-04
-1.829764e-04
-1.827743e-04
-1.848533e-04
-1.816904e-04
-1.659151e-04
-1.433378e-04
-1.232489e-04
-1.025106e-04
-8.332508e-05
-7.163705e-05
-6.321453e-05
-5.142815e-05
-3.516260e-05
-2.234037e-05
-1.364832e-05
-4.619588e-06
2.920359e-07
-3.231265e-06
-1.060956e-05
-1.326981e-05
-1.917060e-06
2.129231e-05
4.388527e-05
5.244759e-05
4.802449e-05
3.743596e-05
2.093815e-05
-4.566366e-06
-3.110812e-05
-4.228482e-05
-3.946018e-05
-3.543167e-05
-3.324832e-05
-3.017220e-05
-2.220267e-05
-8.675677e-06
1.184101e-05
3.247021e-05
4.983386e-05
6.597615e-05
7.447277e-05
7.109848e-05
5.829004e-05
3.726477e-05
1.348371e-05
-6.222658e-06
-2.273029e-05
-3.569600e-05
-4.121511e-05
-3.594451e-05
-2.331391e-05
-8.422879e-06
7.135140e-06
2.040397e-05
3.113654e-05
4.327433e-05
5.653640e-05
7.221967e-05
8.634954e-05
9.299502e-05
9.336720e-05
9.242559e-05
9.018515e-05
8.790304e-05
9.284916e-05
1.073465e-04
1.223752e-04
1.379159e-04
1.599534e-04
1.785401e-04
1.868392e-04
1.958008e-04
2.112747e-04
2.224849e-04
2.221157e-04
2.145613e-04
2.060653e-04
1.975611e-04
1.879900e-04
1.818539e-04
1.826089e-04
1.879126e-04
1.933593e-04
1.929778e-04
1.831204e-04
1.704972e-04
1.647456e-04
1.668571e-04
1.705641e-04
1.716225e-04
1.706351e-04
1.658890e-04
1.542905e-04
1.399954e-04
1.352585e-04
1.417680e-04
1.479136e-04
1.499513e-04
1.491974e-04
1.448768e-04
1.385970e-04
1.374921e-04
1.482109e-04
1.677694e-04
1.860760e-04
1.947420e-04
1.885329e-04
1.706003e-04
1.518034e-04
1.395641e-04
1.373061e-04
1.434860e-04
1.523703e-04
1.561805e-04
1.500236e-04
1.393384e-04
1.330574e-04
1.350043e-04
1.433203e-04
1.518896e-04
1.564592e-04
1.541530e-04
1.397290e-04
1.178949e-04
1.033919e-04
1.035564e-04
1.162288e-04
1.370566e-04
1.604841e-04
1.747515e-04
1.747656e-04
1.694838e-04
1.674750e-04
1.666764e-04
1.656417e-04
1.627162e-04
1.573498e-04
1.527051e-04
1.490002e-04
1.459509e-04
1.484140e-04
1.603628e-04
1.781315e-04
1.948671e-04
2.054073e-04
2.067606e-04
1.990040e-04
1.856356e-04
1.732826e-04
1.648716e-04
1.594025e-04
1.568461e-04
1.572572e-04
1.591458e-04
1.598558e-04
1.598953e-04
1.646267e-04
1.740401e-04
1.834002e-04
1.926697e-04
2.012216e-04
2.036963e-04
1.972932e-04
1.836831e-04
1.673122e-04
1.531454e-04
1.454294e-04
1.477123e-04
1.564331e-04
1.656109e-04
1.749572e-04
1.837427e-04
1.873690e-04
1.838580e-04
1.782399e-04
1.742143e-04
1.717297e-04
1.691327e-04
1.656416e-04
1.615277e-04
1.587403e-04
1.590824e-04
1.636098e-04
1.711024e-04
1.773781e-04
1.800573e-04
1.800526e-04
1.790362e-04
1.766790e-04
1.736267e-04
1.717958e-04
1.707675e-04
1.691483e-04
1.667082e-04
1.638025e-04
1.625126e-04
1.639619e-04
1.675976e-04
1.721089e-04
1.747211e-04
1.736848e-04
1.717248e-04
1.707895e-04
1.674478e-04
1.618240e-04
1.592867e-04
1.615199e-04
1.648526e-04
1.660075e-04
1.670927e-04
1.706154e-04
1.744535e-04
1.757534e-04
1.739597e-04
1.694679e-04
1.636733e-04
1.595075e-04
1.584302e-04
1.600885e-04
1.639781e-04
1.693826e-04
1.737838e-04
1.751235e-04
1.746386e-04
1.739221e-04
1.721846e-04
1.690900e-04
1.670641e-04
1.680947e-04
1.706380e-04
1.727320e-04
1.741136e-04
1.747599e-04
1.751447e-04
1.762983e-04
1.775052e-04
1.778422e-04
1.782862e-04
1.798148e-04
1.819775e-04
1.840557e-04
1.857612e-04
1.867009e-04
1.864700e-04
1.855485e-04
1.846891e-04
1.842043e-04
1.844488e-04
1.852165e-04
1.858520e-04
1.868998e-04
1.883404e-04
1.894975e-04
1.905567e-04
1.919839e-04
1.929773e-04
1.928444e-04
1.923939e-04
1.926256e-04
1.938499e-04
1.956641e-04
1.969845e-04
1.973769e-04
1.972980e-04
1.973128e-04
1.981136e-04
1.992562e-04
1.996617e-04
1.998396e-04
2.008663e-04
2.027052e-04
2.039588e-04
2.040313e-04
2.042569e-04
2.054108e-04
2.065504e-04
2.069176e-04
2.069072e-04
2.072098e-04
2.078665e-04
2.083568e-04
2.082067e-04
2.074957e-04
2.071352e-04
2.076851e-04
2.085690e-04
2.091168e-04
2.096479e-04
2.107180e-04
2.118261e-04
2.124167e-04
2.125693e-04
2.127129e-04
2.131669e-04
2.138374e-04
2.145231e-04
2.151926e-04
2.157659e-04
2.162431e-04
2.167417e-04
2.170909e-04
2.172730e-04
2.175574e-04
2.181424e-04
2.189812e-04
2.200088e-04
2.211013e-04
2.222336e-04
2.233087e-04
2.239443e-04
2.239957e-04
2.237824e-04
2.236816e-04
2.238664e-04
2.242914e-04
2.247725e-04
2.252521e-04
2.257493e-04
2.262222e-04
2.266261e-04
2.271454e-04
2.278932e-04
2.287558e-04
2.295810e-04
2.302664e-04
2.308327e-04
2.312424e-04
2.315314e-04
2.318423e-04
2.323041e-04
2.328136e-04
2.332645e-04
2.337375e-04
2.342867e-04
2.348122e-04
2.352239e-04
2.356546e-04
2.362584e-04
2.369456e-04
2.375997e-04
2.381309e-04
2.385866e-04
2.390760e-04
2.396090e-04
2.402063e-04
2.408446e-04
2.413764e-04
2.417846e-04
2.421849e-04
2.425792e-04
2.429138e-04
2.432279e-04
2.436488e-04
2.441672e-04
2.446287e-04
2.449883e-04
2.452973e-04
2.455987e-04
2.459257e-04
2.462872e-04
2.466484e-04
2.469859e-04
2.473162e-04
2.476744e-04
2.480424e-04
2.483906e-04
2.487084e-04
2.490288e-04
2.493814e-04
2.497543e-04
2.501060e-04
2.504153e-04
2.506877e-04
2.509654e-04
2.513013e-04
2.516870e-04
2.520795e-04
2.524696e-04
2.528609e-04
2.532396e-04
2.535779e-04
2.538750e-04
2.541654e-04
2.544679e-04
2.547688e-04
2.550668e-04
2.553725e-04
2.556909e-04
2.560127e-04
2.563311e-04
2.566501e-04
2.569629e-04
2.572575e-04
2.575320e-04
2.577997e-04
2.580695e-04
2.583429e-04
2.586222e-04
2.589061e-04
2.591905e-04
2.594699e-04
2.597422e-04
2.600106e-04
2.602784e-04
2.605486e-04
2.608215e-04
2.610925e-04
2.613593e-04
2.616205e-04
2.618757e-04
2.621261e-04
2.623736e-04
2.626190e-04
2.628631e-04
2.631073e-04
2.633524e-04
2.635967e-04
2.638358e-04
2.640671e-04
2.642937e-04
2.645194e-04
2.647445e-04
2.649677e-04
2.651885e-04
2.654068e-04
2.656222e-04
2.658338e-04
2.660421e-04
2.662477e-04
2.664511e-04
2.666521e-04
2.668503e-04
2.670454e-04
2.672374e-04
2.674265e-04
2.676132e-04
2.677977e-04
2.679796e-04
2.681588e-04
2.683352e-04
2.685086e-04
2.686792e-04
2.688470e-04
2.690121e-04
2.691747e-04
2.693344e-04
2.694915e-04
2.696457e-04
2.697971e-04
2.699458e-04
2.700918e-04
2.702349e-04
2.703754e-04
2.705130e-04
2.706479e-04
2.707800e-04
2.709094e-04
2.710360e-04
2.711598e-04
2.712808e-04
2.713991e-04
2.715146e-04
2.716273e-04
2.717372e-04
