-8.501396e-07
-8.492988e-07
-8.513359e-07
-8.527489e-07
-8.507200e-07
-8.517620e-07
-8.542099e-07
-8.573389e-07
-8.566618e-07
-8.561166e-07
-8.561024e-07
-8.566602e-07
-8.605450e-07
-8.610967e-07
-8.595884e-07
-8.629210e-07
-8.628526e-07
-8.625402e-07
-8.648858e-07
-8.666953e-07
-8.675377e-07
-8.682252e-07
-8.682626e-07
-8.690509e-07
-8.691753e-07
-8.700906e-07
-8.706998e-07
-8.708980e-07
-8.712792e-07
-8.735054e-07
-8.723245e-07
-8.707076e-07
-8.736406e-07
-8.754436e-07
-8.760056e-07
-8.743646e-07
-8.759095e-07
-8.789383e-07
-8.805962e-07
-8.762740e-07
-8.761457e-07
-8.801725e-07
-8.783402e-07
-8.817158e-07
-8.782214e-07
-8.758690e-07
-8.839856e-07
-8.842161e-07
-8.814206e-07
-8.782560e-07
-8.822265e-07
-8.802968e-07
-8.780712e-07
-8.801615e-07
-8.826878e-07
-8.834430e-07
-8.828072e-07
-8.798714e-07
-8.834745e-07
-8.865526e-07
-8.842896e-07
-8.814557e-07
-8.907807e-07
-8.910966e-07
-8.905015e-07
-8.943084e-07
-8.934503e-07
-8.771021e-07
-8.803759e-07
-8.896196e-07
-8.896893e-07
-8.905910e-07
-8.887106e-07
-8.920012e-07
-8.998908e-07
-8.949964e-07
-8.933448e-07
-9.085783e-07
-9.093137e-07
-8.884291e-07
-8.883645e-07
-9.115968e-07
-9.141031e-07
-9.040894e-07
-9.028756e-07
-8.974718e-07
-8.840329e-07
-8.744140e-07
-8.975031e-07
-9.247771e-07
-9.211281e-07
-9.125311e-07
-8.989511e-07
-8.842140e-07
-8.907008e-07
-8.988437e-07
-9.016405e-07
-8.870802e-07
-8.937679e-07
-9.118876e-07
-8.823133e-07
-8.697369e-07
-8.834415e-07
-8.966460e-07
-9.039666e-07
-9.008050e-07
-8.891735e-07
-8.736809e-07
-8.836943e-07
-9.010346e-07
-8.933279e-07
-8.893822e-07
-9.088954e-07
-9.042416e-07
-8.970028e-07
-8.912709e-07
-8.669500e-07
-8.648141e-07
-8.880711e-07
-9.104941e-07
-8.974210e-07
-8.898350e-07
-8.900018e-07
-8.907307e-07
-9.285505e-07
-9.556253e-07
-9.524620e-07
-9.112117e-07
-8.993914e-07
-8.980931e-07
-9.201447e-07
-9.580942e-07
-9.718998e-07
-9.402063e-07
-8.852187e-07
-9.239332e-07
-9.638516e-07
-9.231349e-07
-9.094012e-07
-9.271125e-07
-9.134608e-07
-9.124430e-07
-9.422582e-07
-9.385883e-07
-9.202915e-07
-8.744205e-07
-8.607676e-07
-8.989426e-07
-8.906396e-07
-8.981555e-07
-9.172374e-07
-8.936423e-07
-8.647701e-07
-8.329539e-07
-8.354747e-07
-8.895764e-07
-8.980661e-07
-8.864538e-07
-8.688964e-07
-8.599680e-07
-8.156425e-07
-7.740011e-07
-8.777665e-07
-9.384770e-07
-8.785254e-07
-8.439368e-07
-8.511561e-07
-8.757984e-07
-8.655987e-07
-8.191880e-07
-8.072602e-07
-8.333993e-07
-9.197935e-07
-9.743996e-07
-9.386326e-07
-9.128797e-07
-8.708077e-07
-8.145046e-07
-7.940936e-07
-8.414484e-07
-9.343013e-07
-9.387081e-07
-8.546689e-07
-8.238017e-07
-8.901884e-07
-9.425411e-07
-9.241777e-07
-8.947213e-07
-8.318589e-07
-7.972834e-07
-8.759829e-07
-8.851444e-07
-8.868909e-07
-8.877393e-07
-8.437256e-07
-8.682630e-07
-8.221933e-07
-8.415975e-07
-8.983078e-07
-8.938439e-07
-8.814461e-07
-8.113762e-07
-8.639883e-07
-9.399404e-07
-9.141094e-07
-7.970294e-07
-7.519353e-07
-8.575112e-07
-9.381231e-07
-9.949360e-07
-9.189878e-07
-7.675316e-07
-7.950413e-07
-9.674720e-07
-1.025450e-06
-9.523023e-07
-9.203909e-07
-8.278115e-07
-8.109150e-07
-8.583635e-07
-9.019880e-07
-9.516894e-07
-8.654598e-07
-8.618701e-07
-9.004345e-07
-8.986648e-07
-8.920440e-07
-9.284372e-07
-8.971874e-07
-7.074046e-07
-7.534137e-07
-9.114918e-07
-9.648808e-07
-9.416348e-07
-8.744428e-07
-8.603307e-07
-8.411276e-07
-8.894765e-07
-8.566973e-07
-8.038091e-07
-7.611789e-07
-6.849626e-07
-8.461033e-07
-8.858530e-07
-8.158486e-07
-8.714082e-07
-7.923128e-07
-7.923703e-07
-7.588008e-07
-7.405292e-07
-8.490557e-07
-8.027430e-07
-7.654254e-07
-7.446707e-07
-7.910120e-07
-9.289872e-07
-8.850344e-07
-7.224906e-07
-7.007758e-07
-7.837569e-07
-9.369429e-07
-1.060119e-06
-9.631610e-07
-9.285589e-07
-8.525699e-07
-6.747368e-07
-7.474476e-07
-7.920845e-07
-7.775543e-07
-8.335420e-07
-8.601317e-07
-9.051644e-07
-9.036501e-07
-9.205627e-07
-9.590703e-07
-7.921718e-07
-6.569194e-07
-7.479238e-07
-8.487543e-07
-8.198817e-07
-6.737131e-07
-5.579364e-07
-6.240217e-07
-8.188610e-07
-9.348892e-07
-9.625624e-07
-8.008666e-07
-6.710397e-07
-7.841798e-07
-9.866959e-07
-1.025156e-06
-7.028799e-07
-5.875739e-07
-8.812258e-07
-1.101535e-06
-1.041079e-06
-8.450674e-07
-8.215832e-07
-8.462699e-07
-7.242927e-07
-7.401253e-07
-8.877840e-07
-9.029006e-07
-9.430882e-07
-7.409697e-07
-5.662262e-07
-6.542827e-07
-5.485592e-07
-7.129596e-07
-9.681709e-07
-8.069363e-07
-5.610056e-07
-6.266408e-07
-8.468121e-07
-8.069803e-07
-7.348034e-07
-6.222536e-07
-4.679077e-07
-5.049457e-07
-7.270648e-07
-8.374188e-07
-7.556017e-07
-7.381316e-07
-4.536105e-07
-3.432294e-07
-6.809242e-07
-7.681640e-07
-6.389527e-07
-3.883154e-07
-2.002381e-07
-3.968078e-07
-7.842794e-07
-9.701140e-07
-9.447835e-07
-7.339170e-07
-5.779085e-07
-7.304429e-07
-6.762473e-07
-6.710077e-07
-9.183220e-07
-9.844063e-07
-1.070348e-06
-7.350818e-07
-3.464290e-07
-7.394202e-07
-1.053107e-06
-1.142714e-06
-1.172257e-06
-8.524445e-07
-7.171635e-07
-8.227444e-07
-9.343364e-07
-9.298722e-07
-9.569851e-07
-1.037454e-06
-8.090557e-07
-6.026864e-07
-7.644242e-07
-9.794588e-07
-7.251035e-07
-4.665371e-07
-4.248007e-07
-4.921182e-07
-7.836367e-07
-6.662572e-07
-5.320256e-07
-5.779800e-07
-3.066604e-07
-3.575577e-07
-7.118590e-07
-4.850563e-07
-7.106853e-08
-3.164477e-07
-6.105309e-07
-5.214950e-07
-3.827241e-07
-4.436922e-07
-7.201382e-07
-6.258712e-07
-5.089761e-07
-4.216361e-07
-1.779889e-07
-3.867848e-07
-5.767706e-07
-6.835204e-07
-6.291971e-07
-4.191329e-07
-7.576225e-07
-8.042512e-07
-2.460358e-07
-2.297237e-08
-3.775309e-07
-7.050054e-07
-5.959549e-07
-3.180613e-07
-2.544007e-07
-6.570301e-07
-7.203164e-07
-5.005587e-07
-4.137500e-07
-3.644082e-07
-6.309144e-07
-7.781206e-07
-9.768087e-07
-5.692048e-07
-2.776889e-09
-5.466619e-07
-7.671989e-07
-8.745339e-07
-8.791048e-07
-4.611337e-07
-6.237635e-07
-5.594553e-07
-6.301601e-07
-9.891779e-07
-9.261436e-07
-7.436023e-07
-5.372549e-07
-7.927655e-07
-8.321131e-07
-5.295047e-07
-4.021022e-07
-6.057866e-07
-9.386621e-07
-8.834205e-07
-9.487369e-07
-6.740252e-07
-6.006945e-07
-8.834418e-07
-4.868860e-07
-5.736522e-07
-1.069524e-06
-1.016886e-06
-7.016976e-07
-6.670917e-07
-8.399417e-07
-8.497567e-07
-6.589147e-07
-9.655459e-08
-1.066735e-07
-7.889313e-07
-7.788672e-07
-4.999910e-07
-7.002637e-07
-3.294034e-07
3.628208e-07
2.029512e-07
-2.197304e-07
-6.472580e-07
-3.273925e-07
1.873650e-07
-2.222251e-08
1.356730e-07
-1.815774e-07
-4.300887e-07
-4.012241e-07
-7.534294e-07
-4.411887e-07
-9.731291e-08
6.395689e-08
-3.795053e-07
-8.650074e-07
-5.712715e-07
-4.208606e-07
-2.163786e-07
-2.999386e-07
-7.082976e-07
-9.145115e-07
-7.223564e-07
-6.686729e-08
-1.815941e-07
-1.119252e-06
-1.377646e-06
-7.999384e-07
-3.356831e-07
-1.845217e-07
-4.554124e-07
-8.924810e-07
-9.932925e-07
-9.492590e-07
-4.911765e-07
-2.909780e-07
-3.651744e-07
-1.206388e-07
-2.829081e-07
-3.575894e-07
-5.928117e-07
-8.025790e-07
-6.199842e-07
-5.465224e-07
1.432849e-08
2.030784e-07
-4.543687e-07
-1.057780e-06
-8.845567e-07
-3.369717e-07
-3.768877e-07
-3.693736e-07
-1.584784e-07
-3.355073e-07
-7.197621e-07
-7.031358e-07
-6.456426e-07
-7.093443e-07
-4.814039e-07
-7.703957e-08
1.398668e-07
-6.257077e-07
-1.229209e-06
-8.598878e-07
-5.918102e-07
-6.671726e-07
-1.028885e-06
-7.927884e-07
-1.705387e-07
-2.102020e-07
-5.424043e-07
-8.039715e-07
-1.126338e-06
-9.011568e-07
-3.798979e-07
-3.920070e-07
-2.005061e-07
1.288199e-07
-6.389908e-08
-4.961020e-07
-2.026749e-07
5.416634e-07
5.543679e-07
-2.936625e-07
-1.136177e-06
-6.715040e-07
3.047153e-07
8.275660e-07
5.063032e-07
2.556194e-07
9.440150e-07
4.739920e-07
-4.916533e-07
-6.739372e-08
6.577284e-08
1.394724e-07
1.091166e-06
1.244540e-06
5.937184e-07
1.273772e-07
-2.801471e-07
-1.012253e-06
-1.035368e-06
3.554962e-07
1.206690e-06
5.154156e-07
-7.777727e-07
-9.224987e-07
-2.000827e-07
-1.278776e-07
-7.392315e-07
-8.159794e-07
4.136930e-07
7.606035e-07
-3.761397e-07
-9.487015e-07
-4.561011e-07
-3.386588e-07
-6.457444e-07
-4.872390e-07
-1.763486e-07
-1.380101e-07
-5.531836e-07
-1.015915e-06
-7.614774e-07
-4.421158e-07
-6.717821e-07
-5.700365e-07
-2.135577e-07
-4.532399e-08
4.466880e-08
-3.140114e-07
-2.533585e-07
-2.491766e-07
-5.947027e-07
-7.956742e-09
4.634743e-07
5.446428e-08
-5.469197e-07
-3.013616e-07
-3.738436e-09
-1.826543e-07
4.904726e-07
7.315017e-07
1.477394e-07
-2.388573e-07
-1.496909e-07
4.693542e-08
-5.306142e-07
-5.969917e-07
6.017784e-07
8.715987e-07
-2.795372e-07
-8.013747e-07
-5.486431e-07
3.247676e-07
4.150554e-07
-5.165580e-07
-3.719393e-07
-3.227695e-07
1.025933e-07
3.654118e-07
-8.887640e-07
-1.056850e-06
1.301009e-07
2.961098e-07
-4.675042e-07
-7.340551e-07
-9.659240e-07
-7.326889e-07
1.038322e-07
-1.474936e-07
-1.044422e-06
-4.516451e-07
5.164855e-07
-2.180525e-07
-6.066102e-07
-4.231118e-07
-3.320904e-07
4.727109e-07
3.040306e-07
-9.576549e-07
-1.236491e-06
6.613598e-07
2.332786e-06
6.387560e-07
-9.530368e-07
2.123694e-08
1.074269e-06
1.450235e-06
1.211833e-07
-5.975958e-07
1.298701e-06
1.479952e-06
-3.359860e-07
-7.637880e-07
5.046068e-07
1.332173e-06
1.021046e-06
3.510099e-07
-6.240536e-07
1.660016e-07
2.035290e-06
6.644145e-07
-1.349251e-06
-6.970362e-07
1.130931e-06
2.079984e-06
6.072373e-07
-7.096146e-07
3.605700e-07
1.053896e-06
4.250012e-07
2.153457e-07
1.633513e-07
2.641880e-07
1.241457e-07
-3.866536e-07
-3.249778e-07
-2.632840e-07
3.966021e-07
8.776338e-07
3.928363e-08
-4.092544e-07
-6.385325e-07
1.563346e-07
1.189287e-06
-4.807903e-07
-1.418667e-06
-9.456506e-08
2.392281e-07
-4.335767e-07
-2.085904e-07
9.047572e-07
7.789513e-07
1.250145e-07
-3.817721e-07
-2.166987e-07
7.426583e-07
5.178978e-07
4.383426e-07
1.926213e-07
-7.348861e-07
-1.117416e-06
-2.715208e-07
1.007921e-06
5.996255e-07
-9.701267e-08
-8.579879e-09
6.538337e-07
-2.916820e-08
-6.038393e-07
9.833893e-07
1.007611e-06
-3.077984e-07
-7.500674e-07
2.234136e-07
1.578622e-06
1.413335e-06
-5.613399e-08
-7.670628e-07
3.417543e-08
-5.333443e-07
-7.008800e-07
3.917804e-07
6.635361e-07
3.961417e-07
-5.544345e-07
-2.198730e-07
6.882204e-07
8.300324e-07
6.652085e-07
1.461741e-07
5.182621e-07
1.007924e-06
8.910874e-07
2.992343e-07
3.084412e-07
-7.191857e-08
-9.745847e-07
5.667512e-08
8.068827e-07
3.676139e-07
-1.960231e-07
4.452165e-07
1.493078e-06
2.665010e-07
-4.754329e-07
4.481777e-07
1.510969e-06
1.283447e-06
-3.693431e-07
-6.881219e-07
8.576101e-07
1.221093e-06
1.920092e-07
7.457543e-07
1.040633e-06
6.771155e-07
7.168783e-07
6.066027e-07
8.569022e-07
-5.229413e-07
-1.027262e-06
4.526393e-07
1.098642e-06
7.249710e-07
-2.745538e-07
3.730964e-07
1.447192e-06
-3.349822e-07
-1.802466e-06
-2.493314e-07
1.531157e-06
1.605498e-06
4.700736e-07
-1.769463e-07
9.492908e-07
1.481773e-06
4.029692e-07
-8.341263e-08
7.616854e-07
9.867601e-07
2.516321e-08
4.923000e-07
8.689518e-07
9.478282e-07
1.263362e-06
6.579101e-07
6.240320e-07
1.309273e-07
-1.554511e-07
-7.130647e-08
-2.337458e-07
1.116659e-07
5.127967e-07
1.745079e-06
1.875074e-06
2.347239e-07
-7.166442e-07
-9.722113e-07
-8.112974e-07
-2.912325e-07
-4.206105e-07
-3.801075e-07
3.987017e-07
1.797266e-08
-9.503722e-07
-7.017901e-07
3.272206e-07
5.555451e-07
-4.387674e-07
-6.164751e-07
-1.198068e-07
-4.551745e-07
-1.332233e-06
-1.383393e-06
2.626413e-07
1.828443e-06
1.218901e-06
-6.285986e-07
-1.412523e-06
-9.493774e-07
-1.439938e-06
-1.351935e-06
-1.064659e-06
-1.621916e-06
-8.455638e-07
-1.660502e-06
-3.175338e-06
-4.716987e-06
-6.063375e-06
-2.760232e-06
9.479860e-07
1.088871e-06
-2.365322e-06
-6.093195e-06
-6.432154e-06
-6.828359e-06
-6.837891e-06
-4.674175e-06
-3.079997e-06
-2.145125e-06
-4.325035e-06
-8.363500e-06
-7.166008e-06
-2.593085e-06
1.689070e-06
1.719652e-06
-4.837818e-06
-1.353761e-05
-1.755640e-05
-1.319283e-05
-4.294919e-06
5.884956e-06
1.494626e-05
1.716832e-05
1.041935e-05
-6.368568e-07
-1.018698e-05
-1.262391e-05
-5.416522e-06
7.712722e-06
1.940357e-05
2.270157e-05
1.760957e-05
8.082243e-06
3.151020e-06
5.943235e-06
7.289459e-06
7.556422e-06
1.262941e-05
2.153176e-05
2.598121e-05
2.153281e-05
1.363898e-05
8.033387e-06
6.140337e-06
3.326361e-06
-7.286148e-07
-4.011278e-06
-2.082472e-06
7.452547e-06
1.339829e-05
1.249197e-05
1.142298e-05
1.010296e-05
3.069270e-06
-1.095381e-05
-2.257889e-05
-1.907036e-05
2.545285e-06
2.539554e-05
3.437986e-05
2.854560e-05
9.414661e-06
-1.254989e-05
-2.565434e-05
-2.392583e-05
-1.034139e-05
4.419976e-06
1.455055e-05
1.625462e-05
1.061582e-05
-3.670388e-06
-2.033496e-05
-2.139590e-05
-5.626151e-06
1.321696e-05
1.753512e-05
4.851055e-06
-1.125310e-05
-1.960497e-05
-1.727346e-05
-9.622741e-06
2.342011e-06
1.030634e-05
-1.399970e-07
-2.731842e-05
-4.979906e-05
-4.716775e-05
-2.210996e-05
1.066731e-05
3.349894e-05
3.466211e-05
1.180540e-05
-2.852420e-05
-6.318523e-05
-6.711066e-05
-4.036807e-05
-3.468336e-06
2.162242e-05
1.989278e-05
-4.134386e-06
-2.798606e-05
-2.974038e-05
-7.933760e-06
1.847947e-05
2.852816e-05
1.722530e-05
-4.343690e-06
-1.699469e-05
-4.746188e-06
2.814277e-05
6.220576e-05
6.826542e-05
3.375451e-05
-1.811933e-05
-5.366475e-05
-4.469281e-05
8.145757e-06
7.774850e-05
1.318814e-04
1.328494e-04
6.885767e-05
-2.332447e-05
-9.279037e-05
-1.113719e-04
-7.665522e-05
-2.297099e-06
8.402597e-05
1.388030e-04
1.257331e-04
5.092743e-05
-4.090332e-05
-1.036701e-04
-1.183755e-04
-8.861265e-05
-2.821418e-05
4.027524e-05
8.626911e-05
8.092886e-05
2.461277e-05
-4.716851e-05
-9.936777e-05
-1.136186e-04
-8.628182e-05
-2.623110e-05
4.353903e-05
8.492290e-05
8.294866e-05
4.866270e-05
1.167510e-06
-3.695756e-05
-6.066575e-05
-5.751010e-05
-1.343849e-05
5.397695e-05
1.107082e-04
1.243301e-04
8.938028e-05
2.081887e-05
-5.792405e-05
-1.101494e-04
-1.129557e-04
-6.829219e-05
-2.056459e-06
4.524096e-05
5.046112e-05
1.644602e-05
-4.003282e-05
-9.336695e-05
-1.131907e-04
-8.732547e-05
-3.244658e-05
2.071603e-05
4.882578e-05
4.540814e-05
7.977269e-06
-4.713698e-05
-8.507729e-05
-8.265178e-05
-3.851223e-05
2.903724e-05
9.226688e-05
1.106561e-04
6.448753e-05
-1.030839e-05
-6.200576e-05
-6.459977e-05
-2.807725e-05
1.996344e-05
5.637714e-05
7.300515e-05
6.841095e-05
4.626420e-05
2.464101e-05
9.573929e-06
-1.738760e-06
1.154809e-06
1.871041e-05
3.032512e-05
2.302075e-05
9.394388e-06
1.246522e-05
2.485586e-05
1.273597e-05
-2.755329e-05
-6.642822e-05
-7.900920e-05
-6.611527e-05
-3.913320e-05
6.758242e-07
4.286681e-05
5.855332e-05
2.693057e-05
-3.168860e-05
-7.562102e-05
-8.949765e-05
-8.561906e-05
-7.248032e-05
-4.470374e-05
-1.018779e-05
8.188770e-06
2.843611e-06
-7.245678e-06
-2.103314e-06
4.820506e-06
-1.183303e-05
-5.290798e-05
-8.715212e-05
-7.827546e-05
-3.505007e-05
-1.008868e-05
-2.867471e-05
-6.237579e-05
-7.694955e-05
-6.137373e-05
-3.139703e-05
1.771959e-06
3.821386e-05
5.297081e-05
1.886271e-05
-5.595891e-05
-1.130131e-04
-9.386491e-05
-1.590378e-05
5.786566e-05
8.747113e-05
8.158393e-05
6.070027e-05
2.836737e-05
1.459245e-06
7.143530e-06
5.580721e-05
1.248300e-04
1.702216e-04
1.679121e-04
1.186022e-04
3.220292e-05
-5.228866e-05
-7.066067e-05
-6.844105e-06
8.476554e-05
1.351458e-04
1.196168e-04
6.285560e-05
-1.041685e-05
-7.995299e-05
-1.069210e-04
-5.338305e-05
6.802196e-05
1.710857e-04
1.690133e-04
5.325308e-05
-1.120279e-04
-2.313118e-04
-2.411980e-04
-1.534720e-04
-4.262069e-05
1.772087e-05
2.048128e-05
-1.560397e-05
-9.312702e-05
-1.988349e-04
-2.643352e-04
-2.116834e-04
-5.432904e-05
9.762617e-05
1.484672e-04
1.115012e-04
5.747374e-05
6.251326e-06
-6.808663e-05
-1.645537e-04
-2.365518e-04
-2.351636e-04
-1.563387e-04
-4.629710e-05
4.483701e-05
8.124901e-05
4.739612e-05
-2.437960e-05
-7.131640e-05
-4.755438e-05
4.805149e-05
1.823614e-04
3.004948e-04
3.354880e-04
2.446502e-04
6.697592e-05
-7.719349e-05
-9.473852e-05
-2.128757e-05
4.450611e-05
6.464421e-05
6.293787e-05
6.736941e-05
5.999460e-05
4.623100e-06
-9.239416e-05
-1.890207e-04
-2.327042e-04
-1.842325e-04
-4.653403e-05
1.134967e-04
2.014506e-04
1.636261e-04
2.604195e-05
-1.343244e-04
-2.500526e-04
-2.615809e-04
-1.351824e-04
8.140127e-05
2.560104e-04
2.760290e-04
1.521851e-04
-3.281327e-05
-2.034592e-04
-3.143540e-04
-3.336070e-04
-2.314290e-04
-3.655446e-05
1.472979e-04
2.226058e-04
1.796118e-04
8.290312e-05
-1.753559e-05
-1.249793e-04
-2.280340e-04
-2.665426e-04
-2.038313e-04
-7.645349e-05
2.780281e-05
4.338909e-05
-3.077588e-05
-1.321533e-04
-1.757951e-04
-1.589657e-04
-1.531029e-04
-1.701528e-04
-1.392067e-04
-2.854671e-05
8.059958e-05
7.226604e-05
-4.527858e-05
-1.106939e-04
-1.741976e-06
2.178748e-04
3.847323e-04
3.983166e-04
2.884862e-04
1.358102e-04
-3.223914e-05
-1.826057e-04
-2.178450e-04
-7.373342e-05
1.717100e-04
3.416456e-04
3.280452e-04
1.733171e-04
-3.714974e-06
-1.269233e-04
-1.701062e-04
-1.197237e-04
8.703092e-06
1.663681e-04
2.880138e-04
3.225900e-04
2.379801e-04
5.499022e-05
-1.166157e-04
-1.574613e-04
-4.943224e-05
1.118340e-04
2.284342e-04
2.684148e-04
2.133435e-04
2.069223e-05
-2.821063e-04
-5.188636e-04
-5.067283e-04
-2.572310e-04
3.743208e-05
2.089501e-04
2.393716e-04
1.848497e-04
7.532389e-05
-6.660399e-05
-1.822251e-04
-2.063842e-04
-1.361154e-04
-2.725678e-05
5.667991e-05
7.408898e-05
3.132615e-05
-2.796800e-05
-5.234632e-05
-8.558203e-06
8.251216e-05
1.532264e-04
1.507770e-04
8.670959e-05
2.336658e-05
1.620817e-05
3.470625e-05
-2.569252e-05
-2.066692e-04
-4.204065e-04
-5.284776e-04
-4.734123e-04
-2.979109e-04
-4.796362e-05
2.244138e-04
4.038458e-04
3.802383e-04
1.655855e-04
-9.213687e-05
-2.339502e-04
-2.282804e-04
-1.415138e-04
-1.901965e-05
1.271540e-04
2.605951e-04
3.020511e-04
2.039328e-04
5.342587e-05
-6.357637e-06
5.108248e-05
1.152622e-04
5.575977e-05
-1.353763e-04
-3.263020e-04
-3.852474e-04
-3.024749e-04
-1.531766e-04
2.086998e-05
1.965769e-04
2.966784e-04
2.371419e-04
1.461406e-05
-2.341156e-04
-3.231254e-04
-2.100827e-04
-1.376506e-06
1.616394e-04
2.035529e-04
1.212949e-04
-4.810814e-05
-1.945158e-04
-1.836024e-04
3.726834e-05
3.441591e-04
5.240903e-04
4.804616e-04
2.674425e-04
3.769132e-05
-6.290835e-05
-4.396952e-06
1.208082e-04
1.824201e-04
1.575713e-04
1.449524e-04
1.822759e-04
1.753119e-04
4.042432e-05
-1.557558e-04
-2.685257e-04
-2.893720e-04
-3.426519e-04
-4.567618e-04
-5.095810e-04
-4.343683e-04
-3.171321e-04
-2.830136e-04
-3.477566e-04
-4.121023e-04
-3.987070e-04
-2.890951e-04
-1.327770e-04
-2.963357e-05
-2.310319e-05
-5.615242e-05
3.294442e-06
1.957862e-04
3.655063e-04
3.503116e-04
1.688950e-04
-9.731296e-06
-4.196673e-05
8.138091e-05
2.813320e-04
4.809258e-04
6.093990e-04
5.509023e-04
2.560104e-04
-1.493345e-04
-4.667449e-04
-6.094601e-04
-6.413595e-04
-6.092225e-04
-4.794086e-04
-2.750941e-04
-1.433736e-04
-2.239566e-04
-5.320537e-04
-9.481161e-04
-1.238764e-03
-1.197958e-03
-7.827535e-04
-1.376850e-04
4.729077e-04
7.905203e-04
6.398826e-04
7.653183e-05
-5.181205e-04
-6.839308e-04
-2.572889e-04
4.995241e-04
1.094336e-03
1.196828e-03
8.786779e-04
4.108159e-04
-3.357343e-05
-3.896529e-04
-5.687257e-04
-4.985398e-04
-3.095051e-04
-2.711920e-04
-4.479885e-04
-6.161393e-04
-6.142963e-04
-5.784703e-04
-6.738810e-04
-7.735935e-04
-5.917365e-04
-2.370028e-05
6.863980e-04
1.164833e-03
1.234487e-03
9.321371e-04
4.038618e-04
-1.551027e-04
-4.990534e-04
-4.069457e-04
1.235978e-04
8.371095e-04
1.363345e-03
1.409883e-03
9.419424e-04
1.532577e-04
-6.909102e-04
-1.303428e-03
-1.485919e-03
-1.204745e-03
-5.676060e-04
1.197419e-04
4.329640e-04
1.378864e-04
-5.754703e-04
-1.173202e-03
-1.152384e-03
-4.153260e-04
6.656299e-04
1.523676e-03
1.778648e-03
1.354248e-03
4.595437e-04
-4.745069e-04
-1.039137e-03
-9.892876e-04
-3.590927e-04
4.368490e-04
8.258208e-04
5.157360e-04
-2.586316e-04
-9.204025e-04
-1.006841e-03
-5.012894e-04
2.418406e-04
8.102858e-04
9.538542e-04
6.142676e-04
-4.927769e-05
-6.284890e-04
-7.011711e-04
-2.347110e-04
3.747680e-04
7.516541e-04
8.191740e-04
6.231924e-04
2.587821e-04
-6.718976e-05
-2.069319e-04
-1.125826e-04
1.822233e-04
4.832492e-04
5.372264e-04
1.484505e-04
-5.319883e-04
-9.706329e-04
-8.930296e-04
-5.545085e-04
-3.351425e-04
-3.567065e-04
-4.914456e-04
-7.165081e-04
-1.092997e-03
-1.422150e-03
-1.398130e-03
-9.140464e-04
-2.088241e-04
3.235513e-04
5.433241e-04
5.600337e-04
5.348824e-04
4.493090e-04
2.325201e-04
1.398178e-05
-8.939231e-05
-5.597925e-05
7.186563e-05
2.556936e-04
4.912215e-04
7.019925e-04
7.946661e-04
7.349492e-04
5.354671e-04
1.716538e-04
-2.411278e-04
-3.396831e-04
5.119594e-05
6.622966e-04
1.056672e-03
1.034221e-03
6.213138e-04
-1.022239e-04
-8.398973e-04
-1.147104e-03
-7.478620e-04
1.965009e-04
1.030480e-03
1.162002e-03
4.959648e-04
-6.680419e-04
-1.802452e-03
-2.278610e-03
-1.637015e-03
-2.144983e-06
1.826829e-03
2.803113e-03
2.347462e-03
7.788448e-04
-9.449934e-04
-1.911600e-03
-1.675239e-03
-3.827602e-04
1.157951e-03
2.053244e-03
2.025269e-03
1.333452e-03
3.041584e-04
-8.317261e-04
-1.677841e-03
-1.688130e-03
-8.407996e-04
1.356219e-04
6.780205e-04
7.825764e-04
4.726364e-04
-3.103729e-04
-1.348708e-03
-1.934402e-03
-1.515702e-03
-5.007598e-04
2.173786e-04
2.689114e-04
-1.328846e-05
-1.905870e-04
-2.177893e-04
-1.871411e-04
6.032219e-05
5.401743e-04
7.851949e-04
3.437046e-04
-6.557943e-04
-1.702073e-03
-2.448555e-03
-2.715925e-03
-2.337566e-03
-1.335294e-03
-8.400148e-05
8.918314e-04
1.218336e-03
7.214461e-04
-4.118517e-04
-1.619864e-03
-2.231517e-03
-1.776205e-03
-3.876934e-04
1.313763e-03
2.731631e-03
3.354042e-03
2.834215e-03
1.476588e-03
1.968920e-04
-2.273654e-04
3.278908e-04
1.413748e-03
2.290659e-03
2.420637e-03
1.909467e-03
1.114307e-03
3.032904e-04
-2.183859e-04
-3.459602e-04
-3.578723e-04
-4.839077e-04
-4.349539e-04
6.339388e-05
6.582202e-04
8.727405e-04
8.227366e-04
1.053662e-03
1.581189e-03
1.832376e-03
1.649565e-03
1.382132e-03
1.168937e-03
7.869937e-04
1.312252e-04
-5.047725e-04
-8.056019e-04
-8.778852e-04
-9.426500e-04
-7.666636e-04
-1.189764e-05
9.698650e-04
1.313559e-03
6.454659e-04
-4.421944e-04
-1.108323e-03
-1.251065e-03
-1.350664e-03
-1.481477e-03
-1.195899e-03
-4.306698e-04
2.316565e-04
3.928630e-04
2.164174e-04
-4.707444e-05
-2.732342e-04
-3.154877e-04
-2.663627e-05
5.156609e-04
9.518758e-04
1.000801e-03
7.413707e-04
3.829558e-04
1.002411e-04
1.354826e-04
5.489995e-04
1.010152e-03
1.106823e-03
6.545667e-04
-2.565700e-04
-1.282247e-03
-1.895644e-03
-1.699763e-03
-8.253343e-04
6.934908e-05
3.846355e-04
1.357359e-04
-2.193250e-04
-2.879652e-04
4.780893e-06
5.012600e-04
1.056471e-03
1.567207e-03
1.695907e-03
9.421541e-04
-6.413274e-04
-2.164829e-03
-2.692783e-03
-2.150990e-03
-1.147158e-03
-8.585021e-05
9.546316e-04
1.554864e-03
1.043102e-03
-4.323463e-04
-1.756122e-03
-2.084146e-03
-1.584452e-03
-6.924400e-04
5.717628e-04
2.042030e-03
2.947446e-03
2.550978e-03
1.124553e-03
-1.627236e-04
-4.951348e-04
-7.536939e-05
4.385315e-04
7.142770e-04
6.579515e-04
1.833349e-05
-1.235079e-03
-2.460904e-03
-2.853151e-03
-2.377653e-03
-1.597405e-03
-7.708353e-04
1.602780e-04
1.077411e-03
1.594700e-03
1.443018e-03
8.405603e-04
2.678175e-04
8.340796e-05
4.927617e-04
1.438108e-03
2.490560e-03
3.201326e-03
3.302632e-03
2.473325e-03
6.464010e-04
-1.404256e-03
-2.567523e-03
-2.270465e-03
-8.569894e-04
5.208652e-04
9.481675e-04
4.723652e-04
-3.707067e-04
-1.121575e-03
-1.505772e-03
-1.197363e-03
4.361400e-05
1.692850e-03
2.642672e-03
2.281581e-03
9.745948e-04
-3.631954e-04
-1.118102e-03
-1.272441e-03
-1.054169e-03
-6.858155e-04
-1.354273e-04
6.928903e-04
1.494808e-03
1.588674e-03
6.535841e-04
-5.598960e-04
-9.576961e-04
-3.743641e-04
4.771043e-04
1.026279e-03
1.274257e-03
1.441231e-03
1.303913e-03
3.436260e-04
-1.107851e-03
-2.041970e-03
-1.927832e-03
-1.183686e-03
-6.970981e-04
-6.597238e-04
-5.349896e-04
-1.169879e-04
1.835083e-04
5.046377e-05
-2.344124e-04
-2.533684e-04
-5.301432e-05
-8.606097e-05
-4.799925e-04
-6.968950e-04
-3.759467e-04
8.844228e-05
1.487115e-04
-2.166427e-04
-5.537368e-04
-4.675655e-04
-5.599098e-06
5.389815e-04
8.626126e-04
7.701274e-04
4.203977e-04
1.141626e-04
-6.599497e-05
-2.992067e-04
-7.861160e-04
-1.216625e-03
-9.711353e-04
-3.288354e-05
9.228296e-04
1.381948e-03
1.485916e-03
1.528779e-03
1.480583e-03
1.261330e-03
1.000519e-03
9.393385e-04
1.151840e-03
1.333191e-03
1.183103e-03
7.355656e-04
1.184083e-04
-4.828619e-04
-7.854800e-04
-6.009671e-04
3.015022e-05
8.406794e-04
1.532523e-03
1.734777e-03
1.111598e-03
-1.390573e-04
-1.351840e-03
-1.871246e-03
-1.627185e-03
-1.040636e-03
-2.407849e-04
7.192007e-04
1.259541e-03
6.505587e-04
-1.016447e-03
-2.657863e-03
-3.202367e-03
-2.437058e-03
-8.484656e-04
1.088287e-03
2.879706e-03
3.630279e-03
2.717043e-03
7.365799e-04
-9.203295e-04
-1.498399e-03
-1.336109e-03
-8.537852e-04
1.385739e-04
1.623323e-03
2.642277e-03
2.373545e-03
1.370390e-03
7.537972e-04
6.164286e-04
1.090143e-04
-9.929257e-04
-1.882267e-03
-1.947224e-03
-1.425336e-03
-8.278308e-04
-2.803329e-04
1.162968e-04
-7.267731e-05
-9.066631e-04
-1.789213e-03
-2.130404e-03
-1.938396e-03
-1.592347e-03
-1.150445e-03
-4.233897e-04
5.699968e-04
1.538985e-03
2.048701e-03
1.833030e-03
9.099312e-04
-5.450281e-04
-2.070916e-03
-2.998189e-03
-2.943806e-03
-2.073613e-03
-8.735215e-04
2.076585e-04
8.313202e-04
7.073143e-04
-1.166633e-04
-1.057533e-03
-1.411949e-03
-9.786618e-04
-2.097382e-04
4.210269e-04
6.116452e-04
-5.499973e-06
-1.309277e-03
-2.285943e-03
-1.817841e-03
-6.043622e-05
1.668998e-03
2.548352e-03
2.724146e-03
2.395516e-03
1.323016e-03
-4.291288e-04
-1.773083e-03
-1.637994e-03
-2.766712e-04
1.185029e-03
1.980851e-03
2.056099e-03
1.439981e-03
1.325004e-04
-1.250660e-03
-1.701501e-03
-8.987370e-04
4.130679e-04
1.320005e-03
1.536470e-03
1.034577e-03
-1.533713e-04
-1.521779e-03
-2.291420e-03
-2.154484e-03
-1.511385e-03
-7.953972e-04
-1.651147e-04
1.376270e-04
-4.476219e-05
-5.513420e-04
-8.963968e-04
-5.320089e-04
5.047683e-04
1.454124e-03
1.409859e-03
1.532834e-04
-1.525984e-03
-2.529794e-03
-2.359529e-03
-1.331483e-03
-2.035364e-04
5.619604e-04
1.047471e-03
1.235442e-03
9.265936e-04
2.295717e-04
-3.899174e-04
-4.234596e-04
2.126169e-04
1.010682e-03
1.418692e-03
1.348897e-03
1.095053e-03
1.044853e-03
1.167928e-03
1.143208e-03
1.065817e-03
1.386957e-03
2.155273e-03
2.501540e-03
1.688794e-03
1.926625e-04
-9.809946e-04
-1.397227e-03
-1.555394e-03
-1.950589e-03
-2.230900e-03
-1.830006e-03
-8.828718e-04
-1.456121e-04
3.971876e-05
8.635887e-05
4.011482e-04
8.434248e-04
8.529069e-04
1.314880e-04
-8.160272e-04
-1.123560e-03
-4.647922e-04
6.874634e-04
1.662389e-03
2.316004e-03
2.775948e-03
2.721419e-03
1.801665e-03
4.487916e-04
-4.296971e-04
-4.374481e-04
-5.690673e-05
1.860117e-04
4.525135e-04
9.651206e-04
1.316560e-03
8.787677e-04
-5.447545e-04
-2.476498e-03
-4.022767e-03
-4.535518e-03
-3.978323e-03
-2.905966e-03
-2.046359e-03
-1.626407e-03
-1.501503e-03
-1.568235e-03
-1.582005e-03
-1.016957e-03
5.452408e-04
2.737226e-03
4.402596e-03
4.423994e-03
2.533677e-03
-4.765118e-04
-3.306229e-03
-4.923821e-03
-4.950346e-03
-3.642965e-03
-1.861081e-03
-5.290204e-04
1.628541e-04
3.744614e-04
-8.998557e-05
-1.280693e-03
-2.402811e-03
-2.582042e-03
-1.879540e-03
-8.304731e-04
2.620683e-04
1.243109e-03
1.805229e-03
1.591606e-03
7.979298e-04
2.860777e-04
7.074143e-04
1.951544e-03
3.356099e-03
3.981774e-03
3.208929e-03
1.407327e-03
-2.282108e-04
-7.148774e-04
-1.736385e-04
5.303304e-04
7.941170e-04
6.230509e-04
2.113975e-04
-4.802250e-04
-1.468186e-03
-2.254353e-03
-2.135322e-03
-1.132643e-03
-7.567862e-05
3.380956e-04
-9.130602e-05
-1.106984e-03
-2.003892e-03
-2.158531e-03
-1.534212e-03
-6.404553e-04
2.094167e-05
2.459402e-04
-8.273451e-05
-8.984541e-04
-1.628952e-03
-1.488243e-03
-3.270818e-04
1.224358e-03
2.331686e-03
2.562841e-03
2.142965e-03
1.604121e-03
1.413066e-03
1.642529e-03
1.857387e-03
1.423516e-03
2.347427e-04
-9.833162e-04
-1.604601e-03
-1.463553e-03
-4.948423e-04
1.225348e-03
3.246764e-03
4.576484e-03
4.262338e-03
2.272279e-03
-1.096620e-04
-1.110382e-03
-2.173345e-04
1.636134e-03
3.286898e-03
4.153234e-03
4.069038e-03
2.740261e-03
4.268622e-04
-1.260850e-03
-7.815029e-04
1.275953e-03
2.781122e-03
2.424057e-03
6.221514e-04
-1.489266e-03
-3.305872e-03
-4.601383e-03
-4.880861e-03
-3.862238e-03
-2.088464e-03
-6.152376e-04
-2.341337e-04
-9.424701e-04
-1.803608e-03
-1.744273e-03
-7.522965e-04
2.588474e-04
2.393494e-04
-1.055902e-03
-2.717962e-03
-3.740441e-03
-3.725338e-03
-2.639635e-03
-3.095591e-04
3.039882e-03
6.070818e-03
7.396340e-03
6.347692e-03
3.191885e-03
-4.931132e-04
-3.048757e-03
-3.946060e-03
-3.410962e-03
-2.109689e-03
-8.342761e-04
-2.013994e-04
-7.830139e-04
-2.662619e-03
-5.003276e-03
-6.365128e-03
-5.603766e-03
-3.021623e-03
-1.985237e-04
1.541668e-03
1.917704e-03
1.059011e-03
-8.495191e-04
-3.060648e-03
-4.201974e-03
-3.255799e-03
-7.134861e-04
1.923612e-03
3.546708e-03
3.897620e-03
3.249595e-03
2.086938e-03
1.233279e-03
1.470976e-03
2.819209e-03
4.416051e-03
5.136296e-03
4.541225e-03
3.178145e-03
2.185406e-03
2.228448e-03
2.906905e-03
3.315372e-03
2.732318e-03
1.172738e-03
-5.651654e-04
-1.587403e-03
-1.562138e-03
-4.920274e-04
1.410842e-03
3.132385e-03
3.230621e-03
1.286657e-03
-1.479456e-03
-3.338936e-03
-3.639652e-03
-3.037210e-03
-2.234399e-03
-1.281761e-03
-2.723275e-04
8.392092e-05
-7.255186e-04
-1.566998e-03
-7.715992e-04
1.423704e-03
3.169384e-03
3.249810e-03
2.352136e-03
1.566254e-03
7.648084e-04
-3.172927e-04
-1.078750e-03
-1.001598e-03
-7.666010e-04
-1.423072e-03
-2.794994e-03
-3.852535e-03
-3.903737e-03
-3.027985e-03
-1.993202e-03
-1.604659e-03
-2.192372e-03
-3.372126e-03
-4.028526e-03
-3.467955e-03
-2.073417e-03
-1.582566e-04
2.177193e-03
4.009804e-03
4.080673e-03
2.092455e-03
-5.703835e-04
-1.724950e-03
-1.072824e-03
-1.456875e-04
1.685501e-04
-1.596206e-04
-8.668737e-04
-1.482064e-03
-1.242437e-03
5.736291e-04
3.392199e-03
5.356567e-03
5.094480e-03
3.058224e-03
3.505307e-04
-2.574996e-03
-5.028344e-03
-5.461311e-03
-2.662364e-03
2.091389e-03
5.586211e-03
6.123402e-03
4.528278e-03
2.321579e-03
6.174901e-04
-3.389043e-04
-8.899851e-04
-9.206967e-04
-4.095087e-04
3.659423e-05
-2.911534e-04
-1.677856e-03
-3.310096e-03
-3.881993e-03
-2.840603e-03
-7.620190e-04
1.294666e-03
2.655562e-03
2.792350e-03
1.626968e-03
-2.103879e-04
-2.217642e-03
-4.003940e-03
-5.354583e-03
-6.211313e-03
-6.239698e-03
-5.328440e-03
-3.750971e-03
-1.888753e-03
-1.009469e-04
1.468727e-03
2.828806e-03
4.009346e-03
4.824092e-03
4.922849e-03
4.239389e-03
3.119168e-03
2.120621e-03
1.515425e-03
1.183441e-03
1.019321e-03
9.496136e-04
1.155074e-03
2.400913e-03
5.169193e-03
8.261453e-03
9.222528e-03
6.879577e-03
2.713058e-03
-7.753382e-04
-2.350198e-03
-2.049965e-03
1.663556e-04
3.813670e-03
6.660744e-03
6.258438e-03
2.493142e-03
-2.327484e-03
-5.552156e-03
-6.009306e-03
-4.158470e-03
-1.033251e-03
2.040217e-03
3.504823e-03
2.332009e-03
-1.039696e-03
-4.482287e-03
-6.036265e-03
-5.112139e-03
-2.203584e-03
1.183825e-03
3.297242e-03
2.656202e-03
-8.477069e-04
-4.953110e-03
-7.256700e-03
-6.998210e-03
-4.576914e-03
-1.274565e-03
1.505292e-03
2.535338e-03
4.267555e-04
-4.389773e-03
-8.841170e-03
-9.920456e-03
-6.560446e-03
-3.556331e-04
5.191867e-03
7.378965e-03
5.957947e-03
2.520643e-03
-1.143791e-03
-3.662342e-03
-4.150016e-03
-2.133829e-03
2.037572e-03
6.118364e-03
7.427372e-03
5.237079e-03
1.028815e-03
-2.905531e-03
-5.019208e-03
-4.403830e-03
-9.351758e-04
3.854465e-03
7.239685e-03
6.769042e-03
2.531896e-03
-2.867892e-03
-6.785389e-03
-7.786072e-03
-5.987845e-03
-2.608486e-03
5.469770e-04
2.062752e-03
1.882631e-03
4.564086e-04
-1.231594e-03
-1.955057e-03
-1.697808e-03
-8.610054e-04
5.601287e-04
2.029137e-03
2.654738e-03
2.270328e-03
1.311433e-03
3.738620e-04
-1.106564e-04
-2.176999e-04
3.621627e-05
9.148245e-04
2.403351e-03
3.983898e-03
4.600824e-03
3.532518e-03
1.262586e-03
-9.800364e-04
-2.079944e-03
-1.653726e-03
9.465996e-05
2.430865e-03
4.104014e-03
4.387432e-03
3.364372e-03
1.425840e-03
-7.259826e-04
-2.288428e-03
-2.537021e-03
-1.083646e-03
1.134127e-03
2.462179e-03
2.484879e-03
1.725678e-03
4.906656e-04
-1.401268e-03
-3.778083e-03
-5.252186e-03
-4.858468e-03
-3.345149e-03
-2.395128e-03
-2.490173e-03
-2.005822e-03
-8.980741e-05
1.555897e-03
9.480419e-04
-9.834464e-04
-1.337525e-03
7.029659e-04
2.959955e-03
3.192536e-03
1.849807e-03
6.880259e-04
4.204962e-05
-8.750601e-04
-2.217786e-03
-2.809094e-03
-1.510575e-03
9.868270e-04
2.672552e-03
2.536498e-03
1.521757e-03
9.323074e-04
7.000091e-04
-8.625289e-05
-1.686699e-03
-3.261556e-03
-3.430119e-03
-1.818230e-03
4.673226e-04
2.311329e-03
3.683450e-03
5.135785e-03
6.558795e-03
7.210682e-03
6.428502e-03
3.875448e-03
1.058043e-04
-3.120010e-03
-4.068661e-03
-2.492862e-03
6.471403e-04
4.032834e-03
6.160890e-03
5.708838e-03
2.766650e-03
-7.341871e-04
-2.568540e-03
-1.881632e-03
5.474286e-04
3.042558e-03
4.231513e-03
3.666354e-03
1.553576e-03
-9.581236e-04
-2.376117e-03
-2.303535e-03
-1.174100e-03
3.697013e-04
1.323219e-03
8.585831e-04
-7.217461e-04
-2.409120e-03
-3.384392e-03
-3.739025e-03
-4.122247e-03
-4.287995e-03
-3.382476e-03
-1.398126e-03
4.412359e-04
1.228852e-03
1.203063e-03
6.277112e-04
-3.580643e-04
-1.177117e-03
-7.337841e-04
1.308736e-03
3.474191e-03
4.397564e-03
4.477514e-03
4.630488e-03
4.459314e-03
2.461190e-03
-1.383658e-03
-4.874165e-03
-6.363187e-03
-6.153702e-03
-5.021993e-03
-3.001897e-03
-1.551076e-04
2.542603e-03
3.818003e-03
2.897971e-03
1.156776e-04
-2.902549e-03
-4.347634e-03
-3.565532e-03
-1.137430e-03
1.819164e-03
4.328754e-03
5.999818e-03
6.756545e-03
6.528357e-03
5.539689e-03
4.282233e-03
3.184472e-03
2.553380e-03
2.510525e-03
2.934526e-03
3.192919e-03
2.678681e-03
1.893313e-03
1.700744e-03
2.328159e-03
3.243317e-03
3.578040e-03
3.135053e-03
2.448814e-03
1.908082e-03
1.274312e-03
3.546069e-04
-5.908657e-04
-1.411408e-03
-2.357973e-03
-3.601988e-03
-4.530311e-03
-4.172243e-03
-2.009098e-03
1.371258e-03
4.230729e-03
5.129189e-03
3.996454e-03
1.693232e-03
-9.877044e-04
-3.494113e-03
-4.924350e-03
-4.133220e-03
-1.155372e-03
1.994577e-03
3.297504e-03
2.549629e-03
6.181292e-04
-1.347881e-03
-2.199929e-03
-1.422357e-03
7.434292e-04
3.559256e-03
5.789506e-03
6.283608e-03
5.211318e-03
3.781573e-03
2.905034e-03
2.845630e-03
3.507496e-03
4.410787e-03
4.770821e-03
4.303111e-03
3.158768e-03
1.541328e-03
-1.418402e-04
-1.580587e-03
-2.468310e-03
-2.556278e-03
-2.054700e-03
-1.666217e-03
-2.229785e-03
-3.649146e-03
-4.808843e-03
-5.046313e-03
-4.575298e-03
-3.749546e-03
-2.688351e-03
-1.251353e-03
3.285616e-04
1.468370e-03
1.958816e-03
2.003953e-03
2.146254e-03
2.489947e-03
2.453791e-03
1.518436e-03
-2.531340e-04
-1.998841e-03
-2.869280e-03
-2.753201e-03
-2.259379e-03
-1.914455e-03
-1.578410e-03
-1.114373e-03
-8.450463e-04
-1.166915e-03
-1.556027e-03
-1.515384e-03
-2.111493e-03
-4.382831e-03
-7.549367e-03
-9.507560e-03
-9.008997e-03
-6.724876e-03
-3.960623e-03
-1.580918e-03
8.679772e-05
7.158566e-04
-2.127637e-04
-2.730023e-03
-5.790449e-03
-7.852528e-03
-8.087387e-03
-6.489124e-03
-3.554062e-03
-9.358307e-05
2.967462e-03
4.466297e-03
3.563212e-03
1.035955e-03
-1.062884e-03
-1.513332e-03
-4.115601e-04
1.778176e-03
4.260135e-03
5.752475e-03
5.167071e-03
2.887566e-03
6.984623e-04
1.778684e-04
1.504852e-03
3.418237e-03
4.668239e-03
4.981581e-03
4.387900e-03
2.675469e-03
-4.198734e-05
-2.444053e-03
-2.847944e-03
-1.264786e-03
4.866764e-04
1.051301e-03
9.192976e-04
1.319783e-03
2.411905e-03
3.155622e-03
3.036228e-03
2.571749e-03
1.935327e-03
5.133492e-04
-1.894165e-03
-4.289736e-03
-5.240561e-03
-4.194956e-03
-1.988163e-03
2.513552e-04
2.290701e-03
4.104221e-03
4.926150e-03
3.984439e-03
1.556900e-03
-1.272243e-03
-3.461362e-03
-4.514563e-03
-4.401976e-03
-3.207632e-03
-1.404022e-03
9.546817e-05
7.425514e-04
6.520168e-04
3.219370e-04
1.811477e-04
2.388199e-04
3.186014e-04
4.107599e-04
7.441461e-04
1.605553e-03
2.842780e-03
3.531344e-03
2.745319e-03
6.287133e-04
-1.737643e-03
-3.344589e-03
-3.871957e-03
-3.813206e-03
-4.245832e-03
-5.728650e-03
-7.785477e-03
-9.522306e-03
-1.009117e-02
-9.124046e-03
-6.884549e-03
-3.918631e-03
-1.144606e-03
2.475565e-04
-3.309674e-04
-2.522601e-03
-5.001168e-03
-5.951296e-03
-4.348442e-03
-8.114328e-04
2.553093e-03
4.097280e-03
3.961620e-03
2.701700e-03
5.078331e-04
-2.068496e-03
-3.910945e-03
-4.076905e-03
-2.554618e-03
-2.721682e-04
1.469163e-03
2.039739e-03
1.760616e-03
1.287435e-03
1.459590e-03
2.774194e-03
4.791171e-03
6.742641e-03
8.002521e-03
8.140625e-03
7.290708e-03
5.810306e-03
3.916254e-03
2.011833e-03
8.804986e-04
1.240702e-03
2.536971e-03
3.083152e-03
1.820609e-03
-7.264717e-04
-3.154890e-03
-4.721527e-03
-5.665049e-03
-6.168125e-03
-5.602216e-03
-3.441976e-03
-8.287530e-04
1.651012e-04
-1.195045e-03
-3.594484e-03
-5.366912e-03
-5.929955e-03
-5.315483e-03
-3.742717e-03
-1.869942e-03
-9.425773e-04
-2.061132e-03
-5.009347e-03
-8.373967e-03
-1.075616e-02
-1.123164e-02
-9.148637e-03
-4.693578e-03
4.581990e-04
3.859805e-03
4.308098e-03
2.686561e-03
6.493236e-04
-7.231928e-04
-1.282665e-03
-1.092498e-03
1.232750e-04
2.301459e-03
4.391132e-03
5.217140e-03
4.591846e-03
3.140831e-03
1.822297e-03
1.284758e-03
1.837786e-03
3.399011e-03
5.017211e-03
5.654485e-03
4.796693e-03
2.661568e-03
4.602756e-04
-3.590044e-04
4.986134e-04
1.922109e-03
2.667663e-03
2.373221e-03
1.465554e-03
9.133186e-05
-1.965263e-03
-4.051068e-03
-4.741140e-03
-3.020723e-03
5.756109e-04
3.984590e-03
5.325443e-03
4.333659e-03
2.168464e-03
1.408353e-05
-1.575779e-03
-2.041054e-03
-6.266774e-04
2.522415e-03
5.688310e-03
7.070409e-03
6.249450e-03
4.007470e-03
1.583567e-03
1.512453e-04
2.796131e-04
1.268275e-03
1.663611e-03
5.233216e-04
-1.981294e-03
-4.701780e-03
-6.174073e-03
-5.512925e-03
-3.106007e-03
-2.902175e-04
1.797895e-03
2.803394e-03
2.758308e-03
1.644014e-03
-3.099773e-05
-9.008646e-04
-3.119129e-04
5.391197e-04
-1.517819e-05
-1.905973e-03
-3.616028e-03
-4.451595e-03
-4.964948e-03
-5.525798e-03
-5.428132e-03
-4.126394e-03
-2.644962e-03
-2.647986e-03
-4.576819e-03
-6.938536e-03
-7.869844e-03
-7.007306e-03
-5.173331e-03
-3.015872e-03
-7.458038e-04
1.050324e-03
1.323718e-03
-4.719888e-04
-3.557768e-03
-6.240367e-03
-7.213316e-03
-6.132175e-03
-3.280004e-03
5.660321e-04
4.100061e-03
6.183111e-03
6.581601e-03
5.858330e-03
5.128692e-03
5.416940e-03
6.801837e-03
8.634922e-03
1.025087e-02
1.137145e-02
1.151054e-02
9.885309e-03
7.152265e-03
5.341160e-03
5.551341e-03
6.951740e-03
8.042333e-03
8.146450e-03
7.156547e-03
4.759109e-03
8.065276e-04
-3.516579e-03
-6.154314e-03
-6.474739e-03
-5.418243e-03
-3.806780e-03
-1.834268e-03
3.849004e-04
2.067830e-03
2.299725e-03
1.327652e-03
1.438893e-04
-8.532460e-04
-1.705933e-03
-1.916897e-03
-1.069292e-03
1.543963e-04
5.446909e-04
-2.982882e-04
-1.326341e-03
-1.397395e-03
-6.866141e-04
8.214836e-05
6.689992e-04
9.904353e-04
6.080579e-04
-7.285635e-04
-2.603876e-03
-4.051550e-03
-4.111660e-03
-2.917584e-03
-1.674028e-03
-1.292144e-03
-1.651115e-03
-2.037575e-03
-1.927701e-03
-1.706693e-03
-2.185157e-03
-3.215648e-03
-3.774017e-03
-3.259491e-03
-2.172818e-03
-1.302750e-03
-7.901655e-04
-5.938280e-04
-1.026873e-03
-2.408082e-03
-4.282039e-03
-5.470929e-03
-5.198761e-03
-3.605993e-03
-1.695599e-03
-6.940372e-04
-1.009039e-03
-2.304431e-03
-4.104150e-03
-5.869431e-03
-6.773415e-03
-6.086235e-03
-4.034777e-03
-1.710201e-03
-2.850228e-04
-1.792766e-04
-7.421432e-04
-1.368651e-03
-1.958627e-03
-2.143935e-03
-1.464371e-03
6.458296e-05
1.399031e-03
1.028454e-03
-1.164498e-03
-3.772032e-03
-5.435995e-03
-5.968823e-03
-5.759070e-03
-4.947140e-03
-3.716627e-03
-2.525434e-03
-2.008763e-03
-2.284516e-03
-2.482099e-03
-1.586824e-03
3.955469e-04
2.371916e-03
3.314352e-03
3.025226e-03
1.947018e-03
7.180323e-04
-4.245601e-05
2.883167e-04
2.139362e-03
4.884749e-03
6.705056e-03
6.348011e-03
4.188977e-03
1.497531e-03
-6.243857e-04
-1.702916e-03
-1.366379e-03
6.052587e-04
3.671738e-03
6.573844e-03
7.754780e-03
6.659332e-03
4.330334e-03
2.221713e-03
1.195574e-03
1.370888e-03
2.650220e-03
4.652456e-03
6.014646e-03
5.137767e-03
1.866185e-03
-1.942783e-03
-4.034491e-03
-3.825821e-03
-2.294007e-03
-2.780238e-04
2.190851e-03
4.633217e-03
5.663765e-03
4.187132e-03
7.166466e-04
-2.692369e-03
-4.628844e-03
-5.053604e-03
-4.224131e-03
-2.231766e-03
4.404060e-04
2.132881e-03
1.782872e-03
4.636776e-04
-2.362584e-04
-1.959889e-04
-7.701405e-04
-2.612811e-03
-4.843253e-03
-6.865082e-03
-8.847733e-03
-1.029966e-02
-9.913071e-03
-6.962202e-03
-2.236931e-03
2.480703e-03
5.724463e-03
7.063916e-03
6.854337e-03
5.486265e-03
3.381227e-03
1.411064e-03
5.074995e-04
1.000719e-03
2.165751e-03
2.719066e-03
1.961003e-03
1.699200e-04
-1.672475e-03
-2.640931e-03
-2.750336e-03
-3.117853e-03
-4.819271e-03
-7.675825e-03
-1.072152e-02
-1.309513e-02
-1.404352e-02
-1.292414e-02
-9.787642e-03
-5.641008e-03
-2.051010e-03
-1.263708e-04
-4.534723e-05
-1.557051e-03
-3.390943e-03
-3.883844e-03
-2.521656e-03
5.637548e-04
4.697789e-03
8.870853e-03
1.189316e-02
1.244465e-02
1.057528e-02
7.781912e-03
5.593018e-03
4.542894e-03
4.346447e-03
4.503798e-03
4.451447e-03
3.968418e-03
2.988000e-03
1.418368e-03
-5.667546e-04
-2.408997e-03
-3.431029e-03
-3.506420e-03
-2.912792e-03
-1.527507e-03
1.095510e-03
4.866343e-03
8.993078e-03
1.248735e-02
1.449098e-02
1.426698e-02
1.172692e-02
8.292737e-03
5.905375e-03
5.200965e-03
5.523208e-03
6.130179e-03
6.672880e-03
6.662461e-03
5.419234e-03
3.264639e-03
1.611581e-03
1.383209e-03
2.445372e-03
3.969671e-03
4.828748e-03
4.307277e-03
2.541484e-03
3.533573e-04
-1.180013e-03
-1.422601e-03
-6.062127e-04
7.109576e-04
2.065519e-03
2.871130e-03
2.525884e-03
9.758337e-04
-1.068346e-03
-2.747209e-03
-3.933686e-03
-4.928891e-03
-5.539083e-03
-5.450274e-03
-5.057669e-03
-5.127072e-03
-5.712300e-03
-6.090460e-03
-5.779149e-03
-5.109593e-03
-4.773864e-03
-5.026009e-03
-5.496463e-03
-5.699233e-03
-5.564248e-03
-5.310645e-03
-5.295001e-03
-5.678771e-03
-6.303587e-03
-7.259394e-03
-8.692113e-03
-1.026547e-02
-1.108752e-02
-1.053668e-02
-8.806851e-03
-6.383850e-03
-3.967607e-03
-2.543096e-03
-2.891573e-03
-4.694563e-03
-6.624301e-03
-7.691282e-03
-7.939454e-03
-8.064741e-03
-8.423565e-03
-8.485546e-03
-7.834201e-03
-6.938771e-03
-6.187687e-03
-5.164379e-03
-3.318048e-03
-9.696536e-04
7.198286e-04
9.744838e-04
3.035334e-04
-3.483289e-05
8.450799e-04
2.854476e-03
5.371602e-03
7.980346e-03
1.001338e-02
1.076038e-02
1.011865e-02
8.187400e-03
5.354394e-03
2.390025e-03
3.151094e-04
2.004555e-05
1.255219e-03
2.538856e-03
2.639390e-03
1.853152e-03
1.373749e-03
2.002056e-03
3.775744e-03
6.429476e-03
9.730614e-03
1.286187e-02
1.450740e-02
1.399815e-02
1.186126e-02
8.975969e-03
5.590018e-03
2.245399e-03
-2.371913e-04
-1.636419e-03
-2.560233e-03
-4.437386e-03
-7.673832e-03
-1.113511e-02
-1.359865e-02
-1.436414e-02
-1.320823e-02
-1.012951e-02
-5.790461e-03
-1.627623e-03
1.146269e-03
2.378952e-03
2.929317e-03
3.163278e-03
2.803097e-03
2.478673e-03
3.003298e-03
4.022102e-03
4.317639e-03
3.427295e-03
2.373992e-03
2.024007e-03
2.017355e-03
1.762675e-03
1.585521e-03
2.058122e-03
2.910223e-03
3.454910e-03
3.754004e-03
4.352287e-03
5.662039e-03
7.789701e-03
1.007494e-02
1.231333e-02
1.455105e-02
1.619351e-02
1.690333e-02
1.637866e-02
1.455687e-02
1.202528e-02
9.709071e-03
8.267523e-03
7.654338e-03
7.438596e-03
7.190266e-03
6.990411e-03
6.924278e-03
6.840731e-03
6.811344e-03
6.905531e-03
6.979819e-03
6.595707e-03
5.700919e-03
4.696194e-03
3.603906e-03
2.188569e-03
5.456245e-04
-8.513797e-04
-1.833145e-03
-2.607486e-03
-3.425833e-03
-4.263104e-03
-4.694019e-03
-4.622252e-03
-4.372544e-03
-4.350908e-03
-4.766707e-03
-5.580034e-03
-6.806149e-03
-8.258398e-03
-9.780833e-03
-1.136984e-02
-1.266494e-02
-1.350257e-02
-1.422101e-02
-1.493807e-02
-1.548684e-02
-1.542912e-02
-1.408113e-02
-1.129746e-02
-7.416937e-03
-2.987292e-03
1.010108e-03
3.594330e-03
4.514328e-03
4.595823e-03
4.957354e-03
5.927998e-03
7.187725e-03
8.585884e-03
1.018742e-02
1.181449e-02
1.326897e-02
1.460406e-02
1.596331e-02
1.710686e-02
1.757982e-02
1.737228e-02
1.668121e-02
1.542874e-02
1.316795e-02
1.019100e-02
8.012044e-03
7.551842e-03
8.321141e-03
9.223025e-03
9.378771e-03
8.289734e-03
5.338148e-03
3.412522e-04
-5.224276e-03
-8.963006e-03
-9.651657e-03
-7.810991e-03
-4.556803e-03
-8.051533e-04
2.418803e-03
4.042077e-03
3.752209e-03
2.425439e-03
1.311751e-03
5.615643e-04
-6.487456e-04
-2.815917e-03
-5.614496e-03
-8.383942e-03
-1.084705e-02
-1.295229e-02
-1.454624e-02
-1.542307e-02
-1.579725e-02
-1.643133e-02
-1.761309e-02
-1.915331e-02
-2.058960e-02
-2.119453e-02
-2.039072e-02
-1.763041e-02
-1.319465e-02
-8.393449e-03
-4.123316e-03
-4.509411e-04
2.412834e-03
4.279307e-03
5.445876e-03
6.203352e-03
6.820492e-03
7.184954e-03
6.987169e-03
6.109929e-03
4.472638e-03
1.853558e-03
-2.029634e-03
-6.671188e-03
-1.094313e-02
-1.360433e-02
-1.415532e-02
-1.319223e-02
-1.144606e-02
-9.777740e-03
-8.813230e-03
-8.555639e-03
-8.648798e-03
-8.259846e-03
-6.642074e-03
-3.593522e-03
7.459006e-05
2.988081e-03
5.048279e-03
6.501914e-03
6.943495e-03
6.408645e-03
5.656016e-03
5.713244e-03
7.188639e-03
1.010212e-02
1.380649e-02
1.761021e-02
2.091998e-02
2.303903e-02
2.369736e-02
2.253597e-02
2.005142e-02
1.736449e-02
1.467168e-02
1.181995e-02
8.106417e-03
2.983361e-03
-2.705985e-03
-7.723683e-03
-1.164333e-02
-1.438276e-02
-1.592057e-02
-1.667682e-02
-1.702013e-02
-1.730454e-02
-1.735150e-02
-1.626589e-02
-1.362248e-02
-1.020605e-02
-7.906411e-03
-7.888873e-03
-9.971358e-03
-1.306318e-02
-1.546472e-02
-1.610375e-02
-1.520794e-02
-1.428847e-02
-1.458982e-02
-1.632066e-02
-1.929998e-02
-2.245469e-02
-2.399393e-02
-2.291976e-02
-1.975902e-02
-1.563492e-02
-1.182677e-02
-9.118580e-03
-7.396513e-03
-6.458004e-03
-5.596177e-03
-4.414397e-03
-3.166250e-03
-1.912652e-03
-1.467839e-03
-2.219791e-03
-3.122837e-03
-2.872376e-03
-5.236306e-04
3.619008e-03
8.209603e-03
1.200805e-02
1.426315e-02
1.446641e-02
1.241246e-02
9.026710e-03
6.662929e-03
7.141682e-03
9.504027e-03
1.140183e-02
1.148426e-02
1.022650e-02
8.898877e-03
7.664622e-03
6.675044e-03
6.954778e-03
8.602633e-03
1.027247e-02
9.847904e-03
5.739672e-03
-1.232117e-03
-8.852039e-03
-1.513506e-02
-1.799848e-02
-1.688184e-02
-1.335232e-02
-9.137999e-03
-5.422279e-03
-2.788258e-03
-1.082151e-03
8.611564e-04
4.150974e-03
8.699709e-03
1.313739e-02
1.531048e-02
1.396007e-02
8.504571e-03
1.411755e-04
-7.557987e-03
-1.229248e-02
-1.343913e-02
-1.097813e-02
-5.892445e-03
2.552355e-05
4.849570e-03
7.420109e-03
7.362195e-03
5.786239e-03
5.280065e-03
7.651562e-03
1.243547e-02
1.777465e-02
2.204069e-02
2.406396e-02
2.310825e-02
1.912339e-02
1.316229e-02
6.959851e-03
1.411129e-03
-3.038133e-03
-6.077431e-03
-8.880032e-03
-1.267480e-02
-1.653116e-02
-1.908178e-02
-1.987527e-02
-1.893562e-02
-1.670734e-02
-1.360360e-02
-1.011831e-02
-6.597042e-03
-3.252703e-03
-4.384134e-04
1.204026e-03
7.419261e-04
-1.472153e-03
-4.235557e-03
-6.589498e-03
-8.057777e-03
-9.108112e-03
-9.794793e-03
-9.926399e-03
-1.000454e-02
-9.593345e-03
-7.881766e-03
-5.645520e-03
-3.562469e-03
-1.698106e-03
-2.880709e-04
1.022200e-03
2.483116e-03
4.321205e-03
6.546709e-03
8.892257e-03
1.160075e-02
1.403408e-02
1.505525e-02
1.440935e-02
1.256556e-02
9.872808e-03
6.432498e-03
3.020914e-03
4.243725e-04
-1.130973e-03
-1.540670e-03
-7.930874e-04
9.225652e-04
3.118267e-03
5.135209e-03
6.560551e-03
7.355241e-03
7.682125e-03
7.739795e-03
7.585648e-03
7.311523e-03
6.714259e-03
5.314832e-03
3.302238e-03
1.410035e-03
-8.199282e-05
-1.369007e-03
-2.310644e-03
-2.457154e-03
-1.400253e-03
1.148821e-03
5.454329e-03
1.108003e-02
1.618238e-02
1.863852e-02
1.728510e-02
1.242856e-02
5.782293e-03
1.723363e-04
-2.064168e-03
-1.293198e-03
4.860755e-04
1.556487e-03
6.874239e-04
-2.266985e-03
-5.795721e-03
-8.054684e-03
-8.994253e-03
-9.649650e-03
-1.009766e-02
-9.560729e-03
-7.156085e-03
-3.132504e-03
1.110946e-03
5.030413e-03
8.500929e-03
1.074752e-02
1.135746e-02
1.025119e-02
8.172754e-03
7.463520e-03
9.074885e-03
1.131422e-02
1.282509e-02
1.380811e-02
1.495862e-02
1.614984e-02
1.640629e-02
1.515384e-02
1.276612e-02
1.003893e-02
6.939571e-03
3.274620e-03
-8.404114e-04
-5.812199e-03
-1.124704e-02
-1.591954e-02
-1.903862e-02
-2.038513e-02
-1.993619e-02
-1.797867e-02
-1.537289e-02
-1.286051e-02
-1.084755e-02
-8.864352e-03
-6.218964e-03
-3.617880e-03
-2.308946e-03
-2.888617e-03
-5.428538e-03
-9.297989e-03
-1.297153e-02
-1.488698e-02
-1.399547e-02
-9.893307e-03
-3.346516e-03
3.678261e-03
9.753986e-03
1.433003e-02
1.622923e-02
1.508157e-02
1.200615e-02
7.977286e-03
3.684239e-03
-3.590193e-04
-3.569524e-03
-5.302055e-03
-5.630270e-03
-4.714234e-03
-2.391895e-03
7.982350e-04
3.426568e-03
4.067617e-03
2.370010e-03
-9.250572e-04
-4.167759e-03
-5.659245e-03
-5.233766e-03
-3.228917e-03
-2.843297e-04
2.204023e-03
3.964332e-03
5.349703e-03
6.235607e-03
6.879546e-03
7.579603e-03
8.187005e-03
7.954808e-03
5.398377e-03
3.446117e-04
-5.194428e-03
-9.656056e-03
-1.286303e-02
-1.460081e-02
-1.404687e-02
-1.079361e-02
-6.200974e-03
-2.510944e-03
-8.779902e-04
-9.581971e-04
-1.817303e-03
-3.004797e-03
-4.087334e-03
-4.060260e-03
-2.555220e-03
-3.542987e-04
7.001682e-04
-1.551519e-03
-7.047596e-03
-1.326360e-02
-1.791489e-02
-2.024702e-02
-2.040977e-02
-1.903460e-02
-1.679375e-02
-1.418881e-02
-1.177395e-02
-9.383422e-03
-6.641172e-03
-3.887479e-03
-1.683514e-03
-6.548057e-04
-9.113392e-04
-2.155846e-03
-3.769208e-03
-4.736210e-03
-4.779295e-03
-4.019012e-03
-2.684380e-03
-1.566340e-03
-1.036149e-03
-7.106446e-04
-5.064525e-04
-6.484747e-04
-8.096481e-04
2.697823e-04
3.882841e-03
9.268383e-03
1.364918e-02
1.472822e-02
1.229217e-02
7.737254e-03
2.492689e-03
-2.347896e-03
-5.780849e-03
-6.944020e-03
-5.136916e-03
-7.806586e-04
4.546153e-03
9.273930e-03
1.297131e-02
1.624972e-02
1.931897e-02
2.193508e-02
2.355560e-02
2.398498e-02
2.368642e-02
2.195751e-02
1.816081e-02
1.375668e-02
1.084520e-02
1.070239e-02
1.309226e-02
1.638018e-02
1.832072e-02
1.677727e-02
1.147410e-02
4.567847e-03
-1.410022e-03
-4.869762e-03
-5.368846e-03
-3.608522e-03
-1.014750e-03
3.850337e-04
-8.595872e-04
-4.115628e-03
-7.396678e-03
-9.561430e-03
-1.046665e-02
-9.840231e-03
-8.256329e-03
-7.256607e-03
-8.169600e-03
-1.124828e-02
-1.500777e-02
-1.751651e-02
-1.751066e-02
-1.413443e-02
-7.980910e-03
-1.054079e-03
4.973871e-03
7.910302e-03
6.388971e-03
2.463424e-03
-6.690243e-04
-8.893257e-04
2.347729e-03
8.911937e-03
1.814260e-02
2.730961e-02
3.292613e-02
3.435623e-02
3.308765e-02
2.987607e-02
2.596159e-02
2.248560e-02
2.056170e-02
2.140973e-02
2.355625e-02
2.426867e-02
2.195692e-02
1.733992e-02
1.199811e-02
6.035285e-03
7.095769e-05
-4.206570e-03
-6.256629e-03
-6.612733e-03
-6.200372e-03
-6.062608e-03
-6.667126e-03
-8.340990e-03
-1.110216e-02
-1.480674e-02
-1.869787e-02
-2.115165e-02
-2.195309e-02
-2.134103e-02
-1.914231e-02
-1.641365e-02
-1.510690e-02
-1.607282e-02
-1.780170e-02
-1.819624e-02
-1.583883e-02
-1.053113e-02
-3.889403e-03
2.399872e-03
7.153920e-03
9.321495e-03
9.278591e-03
9.038454e-03
1.043329e-02
1.412396e-02
1.932261e-02
2.380388e-02
2.515356e-02
2.221472e-02
1.575603e-02
7.500137e-03
-3.913942e-04
-5.767244e-03
-7.621818e-03
-6.166774e-03
-3.171329e-03
-1.495616e-03
-3.048511e-03
-6.655345e-03
-9.341936e-03
-9.908587e-03
-8.450421e-03
-5.072244e-03
-1.003665e-03
1.939994e-03
2.398948e-03
-7.117781e-04
-7.302442e-03
-1.540796e-02
-2.259468e-02
-2.827955e-02
-3.311574e-02
-3.669140e-02
-3.821184e-02
-3.764990e-02
-3.587070e-02
-3.335101e-02
-2.926071e-02
-2.301966e-02
-1.502868e-02
-6.611479e-03
1.336465e-03
8.692722e-03
1.433174e-02
1.676615e-02
1.526256e-02
1.164081e-02
9.788073e-03
1.114362e-02
1.428253e-02
1.701358e-02
1.796496e-02
1.736697e-02
1.522262e-02
1.051695e-02
3.120851e-03
-4.559804e-03
-8.990708e-03
-8.262494e-03
-3.545852e-03
1.965243e-03
6.041096e-03
8.421700e-03
9.270701e-03
8.207723e-03
5.477782e-03
2.301350e-03
-2.857504e-04
-1.883349e-03
-2.556994e-03
-2.560551e-03
-2.548904e-03
-3.148197e-03
-4.275893e-03
-5.177794e-03
-4.749671e-03
-2.485744e-03
9.910178e-04
4.410980e-03
5.860300e-03
3.770885e-03
-8.660128e-04
-5.683882e-03
-8.583221e-03
-8.264476e-03
-5.316721e-03
-1.340186e-03
1.594233e-03
2.019761e-03
3.052857e-04
-1.794398e-03
-2.461388e-03
-1.929935e-03
-1.463077e-03
-1.740418e-03
-2.589084e-03
-3.480469e-03
-4.413441e-03
-4.617795e-03
-3.779368e-03
-3.672434e-03
-6.085215e-03
-1.073407e-02
-1.524297e-02
-1.751014e-02
-1.708614e-02
-1.475112e-02
-1.105606e-02
-6.375958e-03
-3.044852e-03
-2.966233e-03
-4.842297e-03
-6.439854e-03
-7.232274e-03
-8.158842e-03
-9.496258e-03
-1.018306e-02
-9.280324e-03
-7.118611e-03
-4.618109e-03
-2.236100e-03
5.482148e-04
4.205664e-03
7.197640e-03
7.610073e-03
5.688481e-03
3.151476e-03
1.015751e-03
-1.255001e-03
-3.644952e-03
-4.785856e-03
-4.077139e-03
-2.055603e-03
1.256993e-03
6.431389e-03
1.321201e-02
2.022299e-02
2.656764e-02
3.225326e-02
3.607557e-02
3.590383e-02
3.083631e-02
2.282441e-02
1.624501e-02
1.414398e-02
1.664365e-02
2.168498e-02
2.690529e-02
3.052172e-02
3.031924e-02
2.486663e-02
1.527769e-02
5.361690e-03
-1.603367e-03
-5.251463e-03
-6.835300e-03
-7.835027e-03
-8.853680e-03
-9.832012e-03
-1.026359e-02
-9.195640e-03
-6.202201e-03
-1.583646e-03
3.339216e-03
5.686781e-03
5.024584e-03
3.543810e-03
6.481937e-04
-3.434031e-03
-5.588086e-03
-4.803412e-03
-2.688625e-03
-1.894580e-03
-3.926747e-03
-6.668741e-03
-7.132093e-03
-6.094535e-03
-5.655771e-03
-5.964209e-03
-6.756015e-03
-7.854221e-03
-9.181198e-03
-1.085241e-02
-1.274651e-02
-1.403884e-02
-1.364701e-02
-1.151694e-02
-8.321660e-03
-6.189402e-03
-6.714065e-03
-8.097324e-03
-8.299923e-03
-7.030096e-03
-5.046468e-03
-2.523479e-03
1.842177e-03
7.952117e-03
1.283521e-02
1.416229e-02
1.276046e-02
1.035171e-02
8.164348e-03
6.789811e-03
5.029501e-03
1.594443e-03
-2.479049e-03
-5.087556e-03
-5.726754e-03
-7.331283e-03
-1.227682e-02
-1.758608e-02
-1.938218e-02
-1.764479e-02
-1.460695e-02
-1.096718e-02
-6.045318e-03
-4.212694e-04
3.795529e-03
4.050129e-03
1.151592e-03
-6.902434e-04
1.065383e-03
5.864864e-03
1.172295e-02
1.676325e-02
1.919283e-02
1.736997e-02
1.149949e-02
4.376297e-03
-4.743096e-04
-1.469886e-03
1.229174e-03
7.059992e-03
1.355810e-02
1.616090e-02
1.307965e-02
7.553326e-03
4.495544e-03
6.544347e-03
1.169607e-02
1.647602e-02
1.916693e-02
1.951533e-02
1.745244e-02
1.202430e-02
5.448376e-03
1.008517e-03
-1.763331e-03
-4.061595e-03
-6.379409e-03
-8.392066e-03
-1.128660e-02
-1.684985e-02
-2.295186e-02
-2.650070e-02
-2.639908e-02
-2.302236e-02
-1.886380e-02
-1.729968e-02
-1.830557e-02
-2.077141e-02
-2.446457e-02
-2.578051e-02
-2.303266e-02
-1.892585e-02
-1.445196e-02
-9.112428e-03
-3.512457e-03
-3.946047e-04
-1.676887e-03
-5.154892e-03
-7.302714e-03
-7.426327e-03
-7.464005e-03
-8.881785e-03
-1.133312e-02
-1.292906e-02
-1.265675e-02
-1.115370e-02
-8.458958e-03
-4.503324e-03
9.444112e-04
9.154760e-03
2.026382e-02
3.090267e-02
3.634485e-02
3.576784e-02
3.166286e-02
2.612214e-02
1.988756e-02
1.260130e-02
5.965201e-03
2.997989e-03
3.449944e-03
5.220388e-03
6.897205e-03
8.015024e-03
8.454446e-03
7.110368e-03
4.045789e-03
1.189155e-03
-1.182179e-03
-4.104864e-03
-7.205982e-03
-9.185357e-03
-9.566883e-03
-8.713669e-03
-8.175640e-03
-9.334656e-03
-1.102881e-02
-1.115156e-02
-8.727699e-03
-5.643184e-03
-3.870086e-03
-3.267953e-03
-4.419672e-03
-6.450792e-03
-7.241994e-03
-5.830549e-03
-1.628193e-03
4.837312e-03
1.098467e-02
1.287960e-02
9.471768e-03
3.728783e-03
-1.395746e-03
-6.303474e-03
-1.259133e-02
-1.783575e-02
-1.955613e-02
-1.950896e-02
-2.042172e-02
-2.371377e-02
-2.830283e-02
-3.182132e-02
-3.249858e-02
-2.998492e-02
-2.522408e-02
-1.883574e-02
-1.288614e-02
-9.789900e-03
-8.662601e-03
-6.578638e-03
-8.399325e-04
9.040549e-03
2.109124e-02
3.196408e-02
3.856883e-02
3.935080e-02
3.383050e-02
2.423958e-02
1.532628e-02
1.024000e-02
9.814424e-03
1.462464e-02
2.338302e-02
3.173497e-02
3.636311e-02
3.655682e-02
3.173242e-02
2.248876e-02
1.130640e-02
1.091930e-03
-4.854916e-03
-6.129948e-03
-6.457474e-03
-9.173489e-03
-1.431991e-02
-1.898410e-02
-2.105429e-02
-2.155526e-02
-2.235643e-02
-2.291119e-02
-2.020458e-02
-1.380550e-02
-7.665940e-03
-5.374691e-03
-6.579172e-03
-7.636018e-03
-6.055165e-03
-1.935943e-03
4.521401e-03
1.240711e-02
1.980630e-02
2.427080e-02
2.456211e-02
2.339778e-02
2.397876e-02
2.546941e-02
2.498387e-02
2.202403e-02
1.852088e-02
1.523645e-02
1.080345e-02
4.981263e-03
7.677373e-04
1.381071e-03
6.128513e-03
1.140613e-02
1.507088e-02
1.754539e-02
1.945173e-02
1.942324e-02
1.612729e-02
1.146329e-02
8.403728e-03
7.976819e-03
9.241451e-03
1.043322e-02
1.066924e-02
1.000387e-02
8.584669e-03
7.181398e-03
6.184074e-03
4.982246e-03
3.373743e-03
1.242123e-03
-1.861679e-03
-5.381119e-03
-7.522110e-03
-7.423821e-03
-5.789545e-03
-3.407961e-03
-1.575167e-03
-2.053551e-03
-3.539927e-03
-3.131238e-03
-1.883956e-03
-2.702143e-03
-6.428719e-03
-1.132632e-02
-1.405319e-02
-1.326458e-02
-1.130840e-02
-1.080604e-02
-1.079681e-02
-9.059232e-03
-6.417893e-03
-5.467276e-03
-6.925014e-03
-8.580956e-03
-7.366863e-03
-3.158077e-03
4.639739e-04
7.026627e-04
-1.670039e-03
-4.179879e-03
-4.812977e-03
-3.282583e-03
-7.825637e-04
1.391226e-03
2.540522e-03
2.718854e-03
3.069739e-03
4.995558e-03
7.519854e-03
8.792076e-03
9.266955e-03
9.990977e-03
1.129301e-02
1.241567e-02
1.185475e-02
9.949712e-03
8.417556e-03
7.732630e-03
6.806210e-03
5.140096e-03
3.680737e-03
2.668373e-03
9.442749e-04
-2.694543e-03
-8.413177e-03
-1.506333e-02
-2.066319e-02
-2.372380e-02
-2.499519e-02
-2.604820e-02
-2.656745e-02
-2.532134e-02
-2.222451e-02
-1.956376e-02
-1.997724e-02
-2.242965e-02
-2.352530e-02
-2.160792e-02
-1.809504e-02
-1.471397e-02
-1.090455e-02
-6.365621e-03
-3.901077e-03
-6.719990e-03
-1.386465e-02
-2.110539e-02
-2.414721e-02
-2.190750e-02
-1.765720e-02
-1.391159e-02
-1.052842e-02
-8.145155e-03
-9.119204e-03
-1.340104e-02
-1.657648e-02
-1.411375e-02
-4.834953e-03
6.680537e-03
1.437989e-02
1.750768e-02
1.786331e-02
1.563298e-02
1.021807e-02
5.019554e-03
6.518923e-03
1.644918e-02
2.920008e-02
3.698742e-02
3.628820e-02
2.796215e-02
1.529483e-02
1.295838e-03
-1.103376e-02
-1.705513e-02
-1.661122e-02
-1.252342e-02
-5.680039e-03
2.493656e-03
8.588420e-03
8.323266e-03
2.494667e-03
-3.500097e-03
-6.451974e-03
-6.163793e-03
-3.837101e-03
3.865865e-04
7.458514e-03
1.624745e-02
2.131714e-02
1.747048e-02
6.771935e-03
-3.863178e-03
-9.442612e-03
-9.500324e-03
-4.713831e-03
2.955753e-03
8.554015e-03
9.869237e-03
7.096124e-03
5.219293e-04
-7.451021e-03
-1.320846e-02
-1.367730e-02
-8.974564e-03
-2.089054e-03
2.693703e-03
2.885575e-03
5.320067e-04
-2.294353e-03
-4.796214e-03
-5.180228e-03
-5.663987e-04
9.235299e-03
1.927916e-02
2.459647e-02
2.409222e-02
1.976212e-02
1.380049e-02
8.698674e-03
6.013141e-03
5.495957e-03
7.948887e-03
1.119365e-02
1.208975e-02
1.206117e-02
1.265107e-02
1.363427e-02
1.462855e-02
1.497906e-02
1.304902e-02
8.264969e-03
2.839714e-03
-5.845663e-04
-2.480750e-04
2.863771e-03
5.368521e-03
5.070823e-03
1.318196e-03
-4.629331e-03
-1.041742e-02
-1.517080e-02
-1.834347e-02
-1.953289e-02
-1.972955e-02
-2.039158e-02
-2.139794e-02
-2.081469e-02
-1.801765e-02
-1.379863e-02
-1.061762e-02
-1.151653e-02
-1.612200e-02
-2.357383e-02
-3.346381e-02
-4.368286e-02
-5.194121e-02
-5.607023e-02
-5.515777e-02
-4.946890e-02
-3.970996e-02
-2.863986e-02
-1.901082e-02
-1.409478e-02
-1.623627e-02
-2.202041e-02
-2.715252e-02
-3.047652e-02
-3.242828e-02
-3.300380e-02
-3.112745e-02
-2.566892e-02
-1.917657e-02
-1.699096e-02
-1.810317e-02
-1.712079e-02
-1.163062e-02
-4.265081e-03
2.784891e-04
1.668831e-03
3.062282e-03
6.777498e-03
1.095301e-02
1.265785e-02
1.391503e-02
1.795469e-02
2.442490e-02
2.968745e-02
3.107304e-02
3.047121e-02
2.989831e-02
2.932562e-02
2.910109e-02
2.876191e-02
2.723091e-02
2.397041e-02
1.965081e-02
1.686040e-02
1.719169e-02
1.919482e-02
1.970157e-02
1.734378e-02
1.376543e-02
1.057373e-02
8.792582e-03
8.891036e-03
1.050954e-02
1.292726e-02
1.488982e-02
1.605808e-02
1.678178e-02
1.701588e-02
1.664486e-02
1.645820e-02
1.809412e-02
2.032448e-02
1.900514e-02
1.248607e-02
3.640853e-03
-4.491597e-03
-1.153023e-02
-1.747146e-02
-2.065505e-02
-1.894408e-02
-1.304812e-02
-6.577947e-03
-2.858563e-03
-1.765531e-03
-1.633394e-03
-3.854055e-03
-1.053863e-02
-2.065037e-02
-3.062429e-02
-3.735023e-02
-3.991695e-02
-3.930736e-02
-3.777008e-02
-3.683879e-02
-3.636932e-02
-3.497498e-02
-3.086624e-02
-2.430162e-02
-1.656424e-02
-7.187951e-03
3.614447e-03
1.261356e-02
1.657205e-02
1.673344e-02
1.814940e-02
2.316363e-02
2.939526e-02
3.430799e-02
3.759868e-02
4.014892e-02
4.169285e-02
4.149803e-02
4.031473e-02
3.856092e-02
3.617658e-02
3.377668e-02
3.256835e-02
3.352649e-02
3.559403e-02
3.738529e-02
3.984964e-02
4.470611e-02
5.123377e-02
5.554576e-02
5.380254e-02
4.577042e-02
3.448297e-02
2.273871e-02
1.148144e-02
1.656783e-03
-5.696668e-03
-1.042604e-02
-1.284632e-02
-1.539634e-02
-2.074528e-02
-2.694239e-02
-3.191807e-02
-3.659578e-02
-4.020792e-02
-4.073202e-02
-3.757951e-02
-3.270526e-02
-3.006340e-02
-3.258963e-02
-4.054784e-02
-5.135504e-02
-5.974602e-02
-6.143507e-02
-5.692818e-02
-4.793382e-02
-3.669374e-02
-2.836997e-02
-2.630800e-02
-2.930751e-02
-3.440776e-02
-3.746784e-02
-3.367257e-02
-2.240230e-02
-8.174617e-03
4.272528e-03
1.317752e-02
1.817024e-02
1.874638e-02
1.623393e-02
1.330807e-02
1.196835e-02
1.181014e-02
1.051148e-02
6.676332e-03
3.940079e-04
-6.778464e-03
-1.156311e-02
-1.081802e-02
-6.199593e-03
-1.982211e-03
7.749838e-04
2.436693e-03
3.644688e-03
4.844385e-03
5.166595e-03
4.113421e-03
3.029381e-03
3.553946e-03
3.099886e-03
-2.428682e-03
-1.171871e-02
-1.946137e-02
-2.212346e-02
-2.130706e-02
-2.073156e-02
-2.014484e-02
-1.834448e-02
-1.757689e-02
-2.022595e-02
-2.676692e-02
-3.452371e-02
-3.942655e-02
-3.901843e-02
-3.322261e-02
-2.466053e-02
-1.568627e-02
-8.149514e-03
-3.516360e-03
-1.087591e-03
7.260399e-04
2.083063e-03
3.155463e-03
5.769802e-03
9.654039e-03
1.231313e-02
1.261000e-02
1.148308e-02
1.000999e-02
8.023063e-03
5.688170e-03
5.026765e-03
8.627353e-03
1.548540e-02
2.111477e-02
2.180863e-02
1.762492e-02
1.273521e-02
1.101917e-02
1.301758e-02
1.706931e-02
2.052541e-02
2.152934e-02
1.941349e-02
1.384255e-02
5.398062e-03
-3.932977e-03
-1.094279e-02
-1.357759e-02
-1.115896e-02
-4.636136e-03
1.790396e-03
4.612164e-03
1.991809e-03
-5.612889e-03
-1.307351e-02
-1.515982e-02
-1.222016e-02
-8.507891e-03
-4.943567e-03
4.404980e-04
6.554104e-03
9.688510e-03
8.054767e-03
3.545328e-03
-8.834264e-04
-3.304170e-03
-4.091216e-03
-5.176813e-03
-7.067395e-03
-8.847215e-03
-8.490621e-03
-5.723312e-03
-4.046113e-03
-3.503504e-03
-2.383261e-04
7.662871e-03
1.850275e-02
2.525611e-02
2.339480e-02
1.827988e-02
1.631600e-02
1.698634e-02
1.745082e-02
1.818301e-02
2.119719e-02
2.648850e-02
3.049959e-02
2.948551e-02
2.496050e-02
2.065784e-02
1.628017e-02
9.812520e-03
3.139299e-03
-1.830111e-04
-6.766934e-04
-3.137878e-03
-1.013273e-02
-1.617936e-02
-1.524655e-02
-9.941637e-03
-5.434216e-03
-1.467532e-03
4.801101e-03
1.211347e-02
1.508680e-02
1.108701e-02
4.544888e-03
2.149585e-03
5.085184e-03
8.610433e-03
9.380822e-03
9.055649e-03
8.783370e-03
5.978053e-03
-7.874713e-04
-7.708790e-03
-8.974435e-03
-2.627898e-03
7.359432e-03
1.541182e-02
2.031126e-02
2.386332e-02
2.478333e-02
1.984807e-02
1.091471e-02
5.049893e-03
6.775154e-03
1.264854e-02
1.634726e-02
1.607177e-02
1.512404e-02
1.536273e-02
1.253915e-02
4.643584e-03
-3.813275e-03
-7.542095e-03
-5.565179e-03
-3.240997e-03
-4.099443e-03
-6.131128e-03
-7.379740e-03
-7.596869e-03
-8.824374e-03
-9.762850e-03
-6.841841e-03
-2.344236e-03
2.409045e-03
6.951228e-03
7.151888e-03
2.414355e-03
-3.517652e-03
-6.377910e-03
-5.081083e-03
-1.577969e-03
3.619738e-03
9.940098e-03
1.564722e-02
1.845671e-02
1.685978e-02
1.370623e-02
1.374999e-02
1.880107e-02
2.652959e-02
3.298054e-02
3.606108e-02
3.549183e-02
3.125229e-02
2.302851e-02
1.249586e-02
2.890333e-03
-3.798710e-03
-6.780712e-03
-7.882717e-03
-1.061860e-02
-1.569031e-02
-2.055364e-02
-2.413793e-02
-2.789721e-02
-3.065994e-02
-2.838084e-02
-2.097350e-02
-1.506490e-02
-1.588879e-02
-2.235069e-02
-3.118462e-02
-3.854108e-02
-4.276699e-02
-4.404316e-02
-4.019398e-02
-3.077170e-02
-2.007093e-02
-1.415126e-02
-1.546701e-02
-2.256648e-02
-3.266567e-02
-4.040046e-02
-4.261870e-02
-4.025884e-02
-3.419069e-02
-2.466013e-02
-1.347440e-02
-3.446935e-03
4.202317e-03
8.414153e-03
1.027719e-02
1.281195e-02
1.652967e-02
1.927049e-02
1.865904e-02
1.539327e-02
1.185330e-02
1.007848e-02
9.983159e-03
8.884339e-03
6.608782e-03
5.564793e-03
7.290702e-03
1.120545e-02
1.511356e-02
1.797353e-02
2.080489e-02
2.518620e-02
3.009484e-02
3.256951e-02
3.206554e-02
3.105979e-02
3.213227e-02
3.340864e-02
3.060596e-02
2.418512e-02
1.826891e-02
1.453011e-02
1.112951e-02
7.147365e-03
4.442834e-03
4.007959e-03
3.539950e-03
-3.663251e-04
-7.232139e-03
-1.364715e-02
-1.917255e-02
-2.454060e-02
-2.827622e-02
-2.860200e-02
-2.665252e-02
-2.645687e-02
-2.974848e-02
-3.437114e-02
-3.698005e-02
-3.658440e-02
-3.500548e-02
-3.227422e-02
-2.615023e-02
-1.559489e-02
-3.888024e-03
3.045803e-03
2.405797e-03
-2.894694e-03
-6.832751e-03
-6.480755e-03
-3.167736e-03
1.685879e-03
7.373924e-03
1.228902e-02
1.449170e-02
1.320480e-02
9.170939e-03
4.951213e-03
4.232684e-03
8.454435e-03
1.509831e-02
1.962670e-02
1.873857e-02
1.229489e-02
1.868541e-03
-8.532306e-03
-1.469034e-02
-1.442240e-02
-7.187755e-03
2.561565e-03
9.755759e-03
1.318055e-02
1.493336e-02
1.472167e-02
9.516562e-03
3.750031e-03
2.999550e-03
7.113042e-03
1.344236e-02
1.707810e-02
1.528679e-02
1.118266e-02
8.164511e-03
4.943391e-03
3.096866e-04
-2.823406e-03
-1.686896e-03
2.466817e-03
6.554084e-03
9.203040e-03
9.799638e-03
7.652740e-03
4.353357e-03
2.035036e-03
3.468390e-03
7.943863e-03
1.076579e-02
1.489278e-02
1.999296e-02
1.856846e-02
1.194066e-02
4.339135e-03
-3.221165e-03
-1.055829e-02
-1.606660e-02
-1.490063e-02
-5.200416e-03
7.282966e-03
1.470563e-02
1.724066e-02
1.845003e-02
1.687106e-02
1.226065e-02
8.429968e-03
9.444125e-03
1.645540e-02
2.507472e-02
2.905089e-02
2.693117e-02
2.128366e-02
1.446551e-02
7.964800e-03
3.711407e-03
4.352477e-03
9.740533e-03
1.529899e-02
1.613904e-02
1.176084e-02
5.764125e-03
2.380044e-03
3.403896e-03
6.923444e-03
1.157043e-02
1.670930e-02
1.980216e-02
1.799054e-02
9.891172e-03
-5.476601e-04
-7.930606e-03
-1.196565e-02
-1.396639e-02
-1.372190e-02
-1.143620e-02
-1.001910e-02
-1.194321e-02
-1.649588e-02
-2.100542e-02
-2.056313e-02
-1.488035e-02
-1.050065e-02
-9.360607e-03
-9.167130e-03
-9.968705e-03
-1.255052e-02
-1.696528e-02
-2.031563e-02
-1.888625e-02
-1.447228e-02
-1.215156e-02
-1.479293e-02
-2.101844e-02
-2.640830e-02
-2.864396e-02
-2.744631e-02
-2.273630e-02
-1.543731e-02
-7.039431e-03
-1.503055e-03
-2.178708e-03
-8.029651e-03
-1.538240e-02
-1.855162e-02
-1.347065e-02
-2.096427e-03
9.383468e-03
1.674854e-02
2.055902e-02
2.066708e-02
1.456399e-02
4.403743e-03
-4.380056e-03
-8.514096e-03
-6.517150e-03
2.773055e-04
7.580920e-03
1.242858e-02
1.524683e-02
1.518524e-02
1.140859e-02
6.944899e-03
5.375258e-03
8.800731e-03
1.557796e-02
2.036054e-02
1.929725e-02
1.342997e-02
5.761892e-03
-2.450021e-03
-9.228097e-03
-1.194046e-02
-9.543919e-03
-1.860186e-03
7.230862e-03
1.151511e-02
9.430932e-03
3.336929e-03
-3.529178e-03
-8.914222e-03
-1.040872e-02
-5.091175e-03
4.796899e-03
1.354583e-02
1.795260e-02
1.583073e-02
7.118615e-03
-4.557543e-03
-1.397715e-02
-1.715776e-02
-1.596895e-02
-1.297939e-02
-7.564284e-03
-1.888261e-03
-9.898951e-04
-7.473176e-03
-1.715452e-02
-2.333765e-02
-2.390341e-02
-2.145236e-02
-1.986246e-02
-1.838891e-02
-1.328860e-02
-6.097420e-03
-3.441990e-03
-8.935752e-03
-1.717545e-02
-2.032318e-02
-1.733696e-02
-1.112593e-02
-4.448115e-03
5.755140e-06
8.580643e-04
-8.101345e-04
-4.132610e-03
-8.050031e-03
-9.442116e-03
-7.028212e-03
-7.112308e-04
8.687973e-03
1.745415e-02
2.129863e-02
1.834312e-02
1.216570e-02
7.275412e-03
5.505042e-03
7.964033e-03
1.436595e-02
2.278923e-02
2.842912e-02
2.713893e-02
1.913745e-02
6.610563e-03
-5.673632e-03
-1.151064e-02
-9.609249e-03
-3.550544e-03
3.557777e-03
8.807154e-03
1.187878e-02
1.562823e-02
1.954011e-02
2.214296e-02
2.420003e-02
2.576388e-02
2.615039e-02
2.507738e-02
2.281676e-02
1.999859e-02
1.679552e-02
1.319669e-02
1.057602e-02
1.058804e-02
1.234946e-02
1.322654e-02
1.244375e-02
1.134174e-02
9.786486e-03
6.236064e-03
3.135203e-04
-6.743176e-03
-1.238687e-02
-1.503131e-02
-1.498060e-02
-1.344462e-02
-1.176379e-02
-9.152766e-03
-4.996403e-03
-9.801069e-04
1.891032e-03
2.140851e-03
-1.399372e-03
-6.049875e-03
-9.342215e-03
-1.162672e-02
-1.361638e-02
-1.536001e-02
-1.531568e-02
-1.247824e-02
-8.605243e-03
-6.165150e-03
-6.684362e-03
-9.756122e-03
-1.348893e-02
-1.603411e-02
-1.642087e-02
-1.413326e-02
-8.846658e-03
-2.550706e-03
2.401333e-03
5.977167e-03
7.962693e-03
7.928429e-03
6.660504e-03
5.596354e-03
6.761432e-03
1.104074e-02
1.613987e-02
1.937346e-02
2.117025e-02
2.322465e-02
2.472448e-02
2.322263e-02
1.881541e-02
1.452022e-02
1.320699e-02
1.470156e-02
1.618338e-02
1.674703e-02
1.820784e-02
2.041217e-02
1.934398e-02
1.228885e-02
2.891931e-03
-2.167812e-03
-7.057045e-04
3.526054e-03
6.275241e-03
6.676074e-03
5.852055e-03
2.677603e-03
-4.774766e-03
-1.286780e-02
-1.512692e-02
-9.796522e-03
1.739263e-05
9.214848e-03
1.357376e-02
1.212060e-02
6.837783e-03
-3.638219e-04
-9.126830e-03
-1.594718e-02
-1.646925e-02
-1.093172e-02
-2.593870e-03
4.504291e-03
9.488660e-03
1.202095e-02
9.153070e-03
9.547418e-04
-7.339692e-03
-9.739063e-03
-5.825934e-03
-8.957043e-04
7.169262e-04
2.666928e-04
1.766217e-03
5.389185e-03
7.639692e-03
6.203552e-03
2.331145e-03
-8.830168e-04
-2.816036e-03
-4.536245e-03
-5.551232e-03
-4.876958e-03
-3.083701e-03
-7.131712e-04
3.286198e-03
7.589562e-03
9.455822e-03
1.001075e-02
1.155684e-02
1.479067e-02
1.950134e-02
2.326383e-02
2.410718e-02
2.372608e-02
2.284380e-02
1.854886e-02
8.643743e-03
-3.731311e-03
-1.258776e-02
-1.565059e-02
-1.524439e-02
-1.502676e-02
-1.627321e-02
-1.854368e-02
-2.188875e-02
-2.539730e-02
-2.758055e-02
-2.733121e-02
-2.390920e-02
-1.773752e-02
-1.074860e-02
-5.948685e-03
-5.508759e-03
-8.137953e-03
-1.126258e-02
-1.515498e-02
-1.960267e-02
-2.085781e-02
-1.522143e-02
-3.373007e-03
9.343241e-03
1.790839e-02
2.089841e-02
1.966410e-02
1.551721e-02
9.215215e-03
4.405396e-03
5.536402e-03
1.262024e-02
2.093175e-02
2.543861e-02
2.527212e-02
2.242068e-02
1.896239e-02
1.608184e-02
1.389158e-02
1.171551e-02
7.671381e-03
1.157113e-03
-5.491704e-03
-1.049375e-02
-1.343290e-02
-1.389001e-02
-1.198990e-02
-8.296262e-03
-3.850919e-03
4.317354e-04
3.539195e-03
3.359441e-03
-6.609471e-04
-5.910588e-03
-8.770018e-03
-8.049229e-03
-6.302173e-03
-5.514046e-03
-4.624487e-03
-3.315266e-03
-3.634489e-03
-7.106992e-03
-1.227938e-02
-1.523800e-02
-1.348054e-02
-9.522250e-03
-7.334452e-03
-6.769470e-03
-6.278316e-03
-6.065225e-03
-6.407342e-03
-6.657161e-03
-5.369216e-03
-1.641494e-03
3.466007e-03
7.952659e-03
1.140699e-02
1.347983e-02
1.111989e-02
3.223612e-03
-4.496701e-03
-4.555553e-03
2.607091e-03
9.405026e-03
1.156581e-02
1.063856e-02
8.888061e-03
6.487424e-03
1.926471e-03
-4.342387e-03
-8.525726e-03
-8.173173e-03
-5.220603e-03
-3.621594e-03
-5.039456e-03
-7.081227e-03
-7.413367e-03
-7.625384e-03
-1.006319e-02
-1.380706e-02
-1.588197e-02
-1.473843e-02
-1.221359e-02
-1.142570e-02
-1.264339e-02
-1.237644e-02
-7.035387e-03
2.281972e-03
1.018700e-02
1.273903e-02
1.152771e-02
9.445673e-03
5.964705e-03
4.866415e-04
-5.162744e-03
-7.221186e-03
-3.701585e-03
1.598815e-03
3.832034e-03
1.375672e-03
-4.265640e-03
-9.658544e-03
-1.243018e-02
-1.164051e-02
-7.607846e-03
-1.640852e-03
4.448889e-03
8.396970e-03
8.123656e-03
1.901952e-03
-7.218259e-03
-1.168765e-02
-7.962373e-03
2.179747e-03
1.447712e-02
2.508370e-02
3.341830e-02
3.847404e-02
3.721686e-02
2.865652e-02
1.605258e-02
6.208564e-03
3.671767e-03
7.560892e-03
1.467240e-02
2.146033e-02
2.672739e-02
2.984521e-02
2.790476e-02
1.990644e-02
1.118674e-02
9.419938e-03
1.503690e-02
2.443636e-02
3.415207e-02
3.978380e-02
4.116844e-02
4.021443e-02
3.771639e-02
3.510270e-02
3.396797e-02
3.495569e-02
3.585632e-02
3.452011e-02
3.176123e-02
2.752125e-02
2.084675e-02
1.258285e-02
5.320928e-03
8.586596e-04
-2.571807e-03
-5.231742e-03
-5.560143e-03
-5.895862e-03
-8.057180e-03
-1.102424e-02
-1.493846e-02
-1.909540e-02
-2.122618e-02
-2.106266e-02
-1.866890e-02
-1.434587e-02
-1.143462e-02
-1.345317e-02
-2.021365e-02
-2.892148e-02
-3.637621e-02
-3.883813e-02
-3.528147e-02
-2.843483e-02
-2.244954e-02
-2.137723e-02
-2.588065e-02
-3.359694e-02
-3.995953e-02
-3.910251e-02
-2.805701e-02
-1.090676e-02
5.127501e-03
1.704117e-02
2.329395e-02
2.217082e-02
1.495720e-02
6.558707e-03
3.716220e-03
9.430596e-03
1.965776e-02
2.726699e-02
2.952361e-02
2.924356e-02
2.640798e-02
1.890389e-02
9.743071e-03
3.737746e-03
3.620197e-03
8.634417e-03
1.336705e-02
1.280824e-02
6.867861e-03
-3.078276e-03
-1.494703e-02
-2.549057e-02
-3.254599e-02
-3.528303e-02
-3.589749e-02
-3.513210e-02
-3.171763e-02
-2.767780e-02
-2.618386e-02
-2.922881e-02
-3.395204e-02
-3.615888e-02
-3.679898e-02
-3.607208e-02
-3.299356e-02
-2.857446e-02
-2.299507e-02
-1.820685e-02
-1.696359e-02
-1.795334e-02
-1.909761e-02
-1.991096e-02
-1.981862e-02
-1.935475e-02
-2.089280e-02
-2.554961e-02
-3.154576e-02
-3.507070e-02
-3.317270e-02
-2.628327e-02
-1.742245e-02
-9.952894e-03
-4.729441e-03
-9.705323e-04
-4.569346e-05
-4.309148e-03
-1.220355e-02
-1.803722e-02
-1.695881e-02
-9.709855e-03
4.048487e-06
1.082645e-02
2.149696e-02
2.964942e-02
3.269777e-02
2.990980e-02
2.583697e-02
2.562099e-02
2.993073e-02
3.573724e-02
3.985098e-02
4.023786e-02
3.522860e-02
2.809224e-02
2.414638e-02
2.378344e-02
2.568822e-02
2.916940e-02
3.471340e-02
4.186328e-02
4.628751e-02
4.310131e-02
3.138739e-02
1.702332e-02
6.552398e-03
1.231635e-03
8.108233e-04
2.447655e-03
2.362475e-03
2.468497e-03
2.974316e-03
-6.548490e-04
-9.429640e-03
-2.047549e-02
-2.928160e-02
-3.156165e-02
-2.702383e-02
-1.994533e-02
-1.530639e-02
-1.500302e-02
-1.449038e-02
-1.202511e-02
-1.392968e-02
-1.970869e-02
-2.479686e-02
-2.759485e-02
-2.696078e-02
-2.339378e-02
-1.738834e-02
-1.189834e-02
-9.587357e-03
-9.473777e-03
-1.130349e-02
-1.422750e-02
-1.545795e-02
-1.249051e-02
-4.679109e-03
5.847901e-03
1.554408e-02
2.213492e-02
2.479439e-02
2.386443e-02
2.111890e-02
1.642085e-02
1.150692e-02
1.229628e-02
1.739235e-02
2.158041e-02
2.391563e-02
2.255577e-02
1.591834e-02
5.535015e-03
-4.425781e-03
-1.100761e-02
-1.282051e-02
-8.579152e-03
-4.765008e-04
7.954842e-03
1.289914e-02
1.279502e-02
1.011040e-02
8.331741e-03
9.916283e-03
1.449733e-02
2.143507e-02
2.973364e-02
3.706099e-02
3.962773e-02
3.449420e-02
2.340853e-02
1.122694e-02
3.185334e-03
-2.719899e-03
-1.066397e-02
-1.457584e-02
-8.583729e-03
2.326804e-03
8.155983e-03
5.055152e-03
-1.527992e-03
-6.788328e-03
-1.178170e-02
-1.841138e-02
-2.440085e-02
-2.499754e-02
-2.044732e-02
-1.754487e-02
-2.138181e-02
-2.813939e-02
-2.997769e-02
-2.590668e-02
-2.116301e-02
-1.872332e-02
-1.878167e-02
-2.128384e-02
-2.539536e-02
-3.257359e-02
-4.422822e-02
-5.537759e-02
-5.863202e-02
-5.098527e-02
-3.732370e-02
-2.433920e-02
-1.438203e-02
-8.510288e-03
-7.912512e-03
-1.443583e-02
-2.501379e-02
-3.200930e-02
-3.259787e-02
-2.814109e-02
-2.056696e-02
-1.201300e-02
-6.478739e-03
-7.878020e-03
-1.716655e-02
-3.120633e-02
-4.352761e-02
-5.033511e-02
-4.921971e-02
-3.930509e-02
-2.358128e-02
-8.301672e-03
3.576931e-04
4.052333e-03
2.622201e-03
-4.627593e-03
-8.648605e-03
-4.163121e-03
6.921163e-03
2.050603e-02
3.110286e-02
3.678331e-02
3.924893e-02
3.889261e-02
3.276589e-02
2.141780e-02
1.162252e-02
8.834528e-03
1.367474e-02
1.773018e-02
1.312480e-02
6.410857e-03
2.920845e-03
-9.447230e-04
-8.351573e-03
-1.517746e-02
-1.215366e-02
1.399045e-03
1.602921e-02
2.004144e-02
1.223669e-02
2.960151e-03
-1.089406e-03
-1.411588e-03
-5.023599e-03
-1.432975e-02
-2.063870e-02
-1.679266e-02
-7.630665e-03
-1.300720e-03
1.971887e-03
6.587882e-03
1.421299e-02
2.239771e-02
2.766841e-02
2.933148e-02
3.033491e-02
3.390061e-02
3.995713e-02
4.738782e-02
5.667389e-02
6.759850e-02
7.798914e-02
8.427864e-02
8.493999e-02
8.334223e-02
8.081928e-02
7.610322e-02
7.115721e-02
6.811692e-02
6.684657e-02
6.474942e-02
5.805841e-02
4.536171e-02
3.153954e-02
2.400916e-02
2.324174e-02
2.646391e-02
3.302376e-02
4.352419e-02
5.405175e-02
5.522310e-02
4.541507e-02
3.047265e-02
1.436455e-02
-2.094772e-03
-1.487312e-02
-1.990102e-02
-2.174936e-02
-2.194318e-02
-2.037339e-02
-2.147778e-02
-2.640449e-02
-3.247639e-02
-3.654513e-02
-3.731756e-02
-3.404307e-02
-2.920414e-02
-2.590212e-02
-2.297413e-02
-2.038259e-02
-1.914991e-02
-1.851668e-02
-1.995483e-02
-2.607070e-02
-3.164874e-02
-3.085838e-02
-2.734458e-02
-2.407699e-02
-2.158960e-02
-2.259365e-02
-2.388583e-02
-2.096297e-02
-1.764081e-02
-1.799289e-02
-2.039821e-02
-2.151672e-02
-2.167113e-02
-2.430106e-02
-2.974897e-02
-3.369353e-02
-3.073770e-02
-2.091277e-02
-1.000375e-02
2.765579e-04
1.198234e-02
2.346549e-02
3.181925e-02
3.486246e-02
3.267120e-02
2.905768e-02
2.612567e-02
2.361807e-02
2.168696e-02
2.132087e-02
2.269905e-02
2.517067e-02
2.953614e-02
3.395258e-02
3.561857e-02
3.657962e-02
4.055920e-02
4.787676e-02
5.537800e-02
6.055490e-02
6.170989e-02
6.038040e-02
6.087220e-02
6.134935e-02
5.840287e-02
5.286231e-02
4.881716e-02
5.080872e-02
5.163238e-02
4.381126e-02
3.312535e-02
2.299314e-02
1.396561e-02
6.549270e-03
-4.141263e-05
-2.599939e-03
-4.497091e-04
3.074079e-03
3.916224e-03
-8.667347e-04
-1.189409e-02
-2.991528e-02
-5.292518e-02
-7.748087e-02
-9.974845e-02
-1.161750e-01
-1.271426e-01
-1.327690e-01
-1.331703e-01
-1.318321e-01
-1.329453e-01
-1.366534e-01
-1.413896e-01
-1.486870e-01
-1.577982e-01
-1.622400e-01
-1.582182e-01
-1.484998e-01
-1.331640e-01
-1.132002e-01
-9.586822e-02
-8.318810e-02
-7.411121e-02
-7.155249e-02
-7.474455e-02
-7.585071e-02
-7.016036e-02
-5.994172e-02
-4.856539e-02
-4.102745e-02
-3.932695e-02
-4.116994e-02
-4.490399e-02
-4.709033e-02
-4.521470e-02
-3.889633e-02
-2.745895e-02
-1.102844e-02
5.750844e-03
1.615130e-02
1.958519e-02
1.908734e-02
1.633219e-02
1.436552e-02
1.730141e-02
2.289677e-02
2.642375e-02
2.655986e-02
2.072231e-02
7.586578e-03
-7.275497e-03
-1.819073e-02
-2.403333e-02
-2.212586e-02
-1.414151e-02
-5.236753e-03
3.111068e-03
8.302783e-03
8.681795e-03
5.834022e-03
6.349832e-03
1.475104e-02
2.552586e-02
3.326984e-02
3.697885e-02
3.759836e-02
3.580865e-02
3.111462e-02
2.416144e-02
1.631720e-02
1.062810e-02
8.494274e-03
4.778884e-03
-4.530548e-03
-1.641341e-02
-2.663255e-02
-3.317587e-02
-3.575857e-02
-3.407669e-02
-2.718051e-02
-1.534161e-02
-7.438333e-04
1.208642e-02
2.014952e-02
2.566388e-02
3.329540e-02
4.431576e-02
5.620074e-02
6.794376e-02
7.920291e-02
8.850134e-02
9.401967e-02
9.402722e-02
8.881380e-02
8.075698e-02
7.206977e-02
6.352481e-02
5.575327e-02
4.939641e-02
4.391719e-02
3.687031e-02
2.867765e-02
2.368981e-02
2.210699e-02
2.168191e-02
2.152135e-02
2.384523e-02
2.980972e-02
3.399176e-02
3.267004e-02
2.554987e-02
1.422066e-02
-1.514037e-04
-1.714242e-02
-3.209268e-02
-4.205669e-02
-4.785253e-02
-5.053669e-02
-5.202117e-02
-5.379845e-02
-5.474396e-02
-5.641469e-02
-6.220486e-02
-6.963489e-02
-7.352731e-02
-6.870982e-02
-5.470059e-02
-3.650746e-02
-1.854879e-02
-3.533093e-03
9.114891e-03
2.039877e-02
2.486648e-02
2.373861e-02
2.932089e-02
3.537613e-02
3.167600e-02
2.526674e-02
1.924614e-02
1.485641e-02
1.299122e-02
1.587299e-02
2.699827e-02
3.917934e-02
4.992273e-02
6.105943e-02
6.977915e-02
7.503041e-02
7.560296e-02
7.366544e-02
7.044519e-02
6.376670e-02
5.420620e-02
4.187193e-02
2.759724e-02
1.409510e-02
3.679955e-03
-1.642864e-03
-6.397879e-04
4.593181e-03
8.698390e-03
8.215846e-03
3.561657e-03
-1.851888e-03
-3.694538e-03
-3.559226e-04
7.293724e-03
1.560892e-02
2.103755e-02
2.333189e-02
1.943772e-02
6.665711e-03
-1.048414e-02
-2.591195e-02
-3.453144e-02
-3.045205e-02
-1.603379e-02
-1.077354e-03
1.205678e-02
2.439027e-02
3.441264e-02
4.071691e-02
4.282796e-02
4.304848e-02
4.483652e-02
5.085147e-02
5.957502e-02
6.616670e-02
6.748712e-02
6.343674e-02
5.553159e-02
4.481354e-02
3.330614e-02
2.310280e-02
1.739854e-02
1.982359e-02
2.592243e-02
2.731743e-02
2.165512e-02
1.239937e-02
4.483033e-03
1.218114e-03
4.413042e-03
1.332059e-02
2.468718e-02
3.573922e-02
4.465964e-02
4.957344e-02
4.957290e-02
4.498531e-02
3.850228e-02
3.661645e-02
4.212443e-02
5.013572e-02
5.338967e-02
4.787188e-02
3.427099e-02
1.340498e-02
-1.155185e-02
-3.428901e-02
-4.863668e-02
-5.047999e-02
-4.219752e-02
-2.858309e-02
-1.789773e-02
-1.621897e-02
-1.867184e-02
-2.446492e-02
-3.405797e-02
-3.836956e-02
-3.084284e-02
-1.409866e-02
3.588485e-03
1.408913e-02
1.706565e-02
1.588920e-02
1.100304e-02
3.187505e-03
-5.056474e-03
-5.400127e-03
8.446173e-03
2.942277e-02
4.695895e-02
5.620488e-02
5.775974e-02
5.375336e-02
4.608551e-02
3.538176e-02
2.383704e-02
1.666063e-02
1.172171e-02
3.542952e-03
-4.933871e-03
-1.226013e-02
-2.106590e-02
-3.112994e-02
-4.119602e-02
-4.689553e-02
-4.599668e-02
-4.387499e-02
-4.806180e-02
-5.791377e-02
-6.680682e-02
-7.825973e-02
-9.849726e-02
-1.221992e-01
-1.389487e-01
-1.411443e-01
-1.317042e-01
-1.239125e-01
-1.212097e-01
-1.166572e-01
-1.106141e-01
-1.095272e-01
-1.130183e-01
-1.118943e-01
-1.043287e-01
-9.561442e-02
-8.680386e-02
-7.676595e-02
-6.301440e-02
-4.750525e-02
-3.629942e-02
-2.477999e-02
-5.190905e-03
1.706914e-02
3.280673e-02
3.917353e-02
3.965212e-02
3.937717e-02
3.947051e-02
3.769804e-02
3.102527e-02
2.195722e-02
1.592095e-02
1.228911e-02
1.013557e-02
1.344909e-02
2.184930e-02
2.921380e-02
3.410201e-02
3.641868e-02
3.352665e-02
2.656397e-02
1.623776e-02
1.578553e-03
-1.488046e-02
-2.832343e-02
-3.579088e-02
-4.085629e-02
-4.485614e-02
-4.525382e-02
-4.849811e-02
-6.145126e-02
-8.139663e-02
-1.033589e-01
-1.206735e-01
-1.265932e-01
-1.235569e-01
-1.176532e-01
-1.119733e-01
-1.095634e-01
-1.101936e-01
-1.135056e-01
-1.229463e-01
-1.361141e-01
-1.441496e-01
-1.425921e-01
-1.348677e-01
-1.262095e-01
-1.171497e-01
-1.058987e-01
-9.298613e-02
-7.884958e-02
-6.411503e-02
-4.876036e-02
-2.771532e-02
1.363930e-03
3.300244e-02
6.084160e-02
8.141705e-02
9.509139e-02
1.033982e-01
1.041550e-01
9.680586e-02
8.730299e-02
7.954673e-02
7.264126e-02
6.575552e-02
5.812041e-02
5.024868e-02
4.349228e-02
3.526988e-02
2.167286e-02
2.539063e-03
-1.838700e-02
-3.572104e-02
-4.629109e-02
-5.020481e-02
-5.193335e-02
-5.439104e-02
-5.465033e-02
-5.195185e-02
-4.918384e-02
-4.864142e-02
-4.736505e-02
-3.851578e-02
-1.931859e-02
5.930083e-03
2.898832e-02
4.674592e-02
6.076292e-02
6.977693e-02
7.184179e-02
6.637753e-02
5.492060e-02
3.811368e-02
1.417863e-02
-1.390081e-02
-3.832847e-02
-5.219111e-02
-5.530026e-02
-4.967775e-02
-3.562886e-02
-1.823465e-02
-1.822940e-03
1.235558e-02
2.445221e-02
3.489890e-02
4.020120e-02
3.978299e-02
3.636282e-02
3.200434e-02
3.122044e-02
3.735292e-02
4.847693e-02
5.997634e-02
6.966749e-02
7.940653e-02
8.714756e-02
8.915424e-02
8.774114e-02
8.505559e-02
8.282432e-02
8.036179e-02
7.187752e-02
5.653995e-02
4.085966e-02
3.089899e-02
2.404778e-02
1.566615e-02
9.482341e-03
1.150944e-02
2.405445e-02
4.114427e-02
5.212896e-02
5.606800e-02
5.853363e-02
5.827423e-02
5.114483e-02
4.441136e-02
4.952943e-02
6.451634e-02
7.817590e-02
8.081067e-02
6.934712e-02
4.902401e-02
2.834851e-02
1.266761e-02
7.451205e-03
1.767950e-02
3.605182e-02
5.139408e-02
6.407949e-02
7.654040e-02
8.565526e-02
8.955257e-02
8.569068e-02
7.567656e-02
6.969826e-02
6.976561e-02
6.920183e-02
6.627909e-02
6.336825e-02
5.955411e-02
4.951944e-02
2.893621e-02
5.664136e-05
-2.729131e-02
-4.490509e-02
-5.253745e-02
-5.669699e-02
-6.418623e-02
-7.264030e-02
-8.082067e-02
-9.229188e-02
-1.057362e-01
-1.194522e-01
-1.289536e-01
-1.286347e-01
-1.186928e-01
-1.028905e-01
-8.509432e-02
-6.680203e-02
-5.266758e-02
-4.712274e-02
-4.810775e-02
-4.974166e-02
-4.694013e-02
-4.236747e-02
-4.330063e-02
-4.956863e-02
-5.281772e-02
-5.241869e-02
-5.259881e-02
-4.907065e-02
-3.911158e-02
-2.376299e-02
-4.013294e-03
1.625281e-02
3.477003e-02
5.146215e-02
6.687311e-02
7.865952e-02
8.193316e-02
8.092840e-02
8.320016e-02
8.748395e-02
8.915441e-02
8.525202e-02
7.639263e-02
6.433623e-02
5.160735e-02
4.041246e-02
2.681071e-02
1.370916e-02
1.002148e-02
1.418344e-02
2.080092e-02
2.750183e-02
3.190844e-02
3.093139e-02
2.402320e-02
1.506278e-02
7.743828e-03
7.134666e-04
-8.002804e-03
-1.560644e-02
-1.851376e-02
-1.732716e-02
-1.851677e-02
-2.676056e-02
-3.812707e-02
-4.818147e-02
-5.883371e-02
-7.390861e-02
-9.310939e-02
-1.091989e-01
-1.142770e-01
-1.125812e-01
-1.123152e-01
-1.133898e-01
-1.134848e-01
-1.138795e-01
-1.169718e-01
-1.200828e-01
-1.182866e-01
-1.090768e-01
-9.601889e-02
-8.289971e-02
-6.924167e-02
-5.870682e-02
-5.205744e-02
-4.651962e-02
-4.196051e-02
-4.044429e-02
-4.354532e-02
-4.950671e-02
-5.836275e-02
-6.636686e-02
-6.834929e-02
-6.335399e-02
-4.828740e-02
-2.309425e-02
6.738016e-03
3.488004e-02
5.523623e-02
6.428007e-02
6.372042e-02
5.629477e-02
4.553062e-02
3.797415e-02
3.789735e-02
4.390748e-02
5.124121e-02
5.653703e-02
5.587086e-02
4.942457e-02
4.349497e-02
4.371507e-02
5.037553e-02
6.008114e-02
6.915302e-02
7.137338e-02
7.137676e-02
7.108909e-02
6.506398e-02
5.907889e-02
5.892371e-02
6.962145e-02
8.649710e-02
9.787670e-02
1.008411e-01
9.687862e-02
8.845874e-02
7.624189e-02
6.552326e-02
6.149199e-02
6.118930e-02
6.076124e-02
5.724527e-02
5.041253e-02
4.638585e-02
4.713578e-02
4.562679e-02
4.306331e-02
4.440315e-02
4.375983e-02
3.710973e-02
2.616884e-02
9.123755e-03
-1.436281e-02
-3.650244e-02
-4.979833e-02
-5.298133e-02
-5.275542e-02
-5.779331e-02
-6.080220e-02
-5.432713e-02
-4.709945e-02
-4.843568e-02
-6.016164e-02
-7.242009e-02
-7.376318e-02
-6.435843e-02
-5.322470e-02
-4.883483e-02
-4.653949e-02
-4.051799e-02
-3.711504e-02
-3.876174e-02
-3.660899e-02
-2.541030e-02
-9.817039e-03
8.910391e-04
7.515279e-04
-5.668035e-03
-1.130934e-02
-1.362207e-02
-1.496831e-02
-1.778407e-02
-1.660104e-02
-7.056797e-03
7.766771e-03
1.930573e-02
2.150730e-02
1.766260e-02
1.363391e-02
1.140153e-02
1.031669e-02
1.281500e-02
2.162039e-02
4.013353e-02
6.681805e-02
9.212805e-02
1.097905e-01
1.176958e-01
1.194279e-01
1.183638e-01
1.138478e-01
1.053917e-01
9.615946e-02
8.942593e-02
8.320050e-02
7.985943e-02
7.646256e-02
6.599270e-02
5.389426e-02
4.454137e-02
3.691429e-02
3.094773e-02
2.544482e-02
2.059191e-02
1.557229e-02
7.436724e-03
-4.044763e-03
-1.625039e-02
-2.492281e-02
-3.159106e-02
-4.099210e-02
-4.789414e-02
-4.451649e-02
-3.233893e-02
-1.805424e-02
-5.813407e-03
4.249134e-03
1.219292e-02
1.542895e-02
1.204172e-02
5.006909e-03
2.140985e-04
-2.466976e-04
-1.006309e-03
-5.788887e-03
-1.175252e-02
-1.574953e-02
-1.907759e-02
-2.170677e-02
-2.024035e-02
-1.330646e-02
-4.243608e-03
4.015891e-04
-2.703939e-03
-8.178428e-03
-9.826620e-03
-1.043243e-02
-1.115648e-02
-7.008761e-03
1.448294e-03
9.917226e-03
1.722109e-02
2.311285e-02
2.476578e-02
2.221416e-02
1.864593e-02
1.427033e-02
1.235875e-02
1.487178e-02
1.498727e-02
9.492120e-03
2.358073e-03
-6.389740e-04
3.714003e-03
1.097708e-02
1.480704e-02
1.362038e-02
1.281702e-02
1.526693e-02
1.382909e-02
3.492319e-03
-1.008959e-02
-1.366153e-02
-1.875871e-03
1.525754e-02
2.596854e-02
2.878762e-02
2.938288e-02
2.920061e-02
2.664304e-02
2.222297e-02
2.058661e-02
2.824385e-02
4.328457e-02
5.793036e-02
6.597550e-02
6.440515e-02
5.669021e-02
4.744911e-02
3.603694e-02
2.340535e-02
1.541009e-02
1.482395e-02
2.013405e-02
2.732748e-02
2.916367e-02
2.131779e-02
6.427685e-03
-8.264881e-03
-1.751823e-02
-1.935190e-02
-1.280634e-02
-3.170154e-03
2.943541e-03
1.556409e-03
-7.393014e-03
-1.684872e-02
-2.241908e-02
-2.358512e-02
-1.897714e-02
-1.011081e-02
-1.845036e-03
2.446605e-03
-1.944783e-03
-1.815719e-02
-4.219880e-02
-6.980404e-02
-9.471184e-02
-1.094466e-01
-1.100900e-01
-9.976328e-02
-8.574296e-02
-7.117611e-02
-6.062383e-02
-5.580457e-02
-5.221170e-02
-5.233825e-02
-6.266517e-02
-7.454568e-02
-7.504960e-02
-6.824724e-02
-6.125656e-02
-5.901499e-02
-6.056641e-02
-5.932616e-02
-5.581269e-02
-4.876901e-02
-4.060195e-02
-3.301437e-02
-2.549348e-02
-1.724566e-02
6.090136e-04
1.497812e-02
1.001457e-02
6.275020e-04
6.337402e-04
5.826849e-03
9.564836e-03
1.326296e-02
1.638860e-02
1.763154e-02
2.180537e-02
2.545225e-02
2.635421e-02
2.996497e-02
3.333662e-02
3.423725e-02
3.391747e-02
3.181314e-02
2.869439e-02
2.375457e-02
1.641731e-02
9.252653e-03
6.051051e-03
9.512382e-03
1.421660e-02
1.296132e-02
1.205826e-02
1.504205e-02
1.741563e-02
1.801423e-02
1.382979e-02
2.116755e-03
-1.202755e-02
-1.808281e-02
-1.446483e-02
-9.489014e-03
-1.035845e-02
-1.193063e-02
-2.464764e-03
1.356749e-02
2.525002e-02
3.228081e-02
3.790307e-02
4.349636e-02
5.063200e-02
5.820535e-02
5.900803e-02
5.408639e-02
4.978642e-02
3.977267e-02
2.327516e-02
1.046925e-02
2.885712e-03
-3.344546e-03
-7.494853e-03
-7.750588e-03
-8.387032e-03
-1.320554e-02
-1.872755e-02
-1.890277e-02
-1.071411e-02
1.570286e-03
1.138767e-02
1.778966e-02
2.085029e-02
2.187106e-02
2.625162e-02
3.427858e-02
4.126169e-02
4.282071e-02
3.890584e-02
3.752676e-02
4.316770e-02
5.099924e-02
5.556567e-02
5.630746e-02
5.668894e-02
5.843513e-02
5.750062e-02
4.764440e-02
3.366327e-02
3.012013e-02
4.171368e-02
6.039088e-02
7.516361e-02
7.998000e-02
7.834738e-02
7.413856e-02
5.921153e-02
3.098310e-02
1.325765e-03
-2.415895e-02
-3.631400e-02
-2.850064e-02
-1.687668e-02
-1.714796e-02
-3.042452e-02
-4.891656e-02
-6.870762e-02
-8.776647e-02
-1.004665e-01
-1.068569e-01
-1.033695e-01
-8.933452e-02
-7.469548e-02
-6.778214e-02
-7.038527e-02
-7.453119e-02
-7.162354e-02
-6.250263e-02
-5.497487e-02
-4.729586e-02
-3.242676e-02
-1.738116e-02
-7.498374e-03
-3.394150e-03
-6.093017e-03
-1.086698e-02
-1.293099e-02
-9.731115e-03
2.566912e-04
1.720303e-02
3.732214e-02
6.011179e-02
8.496363e-02
1.007625e-01
1.042978e-01
1.023459e-01
9.463805e-02
8.060548e-02
6.710907e-02
5.997742e-02
5.699313e-02
5.589552e-02
6.100860e-02
6.957314e-02
7.114084e-02
6.439425e-02
4.894393e-02
2.514753e-02
7.634589e-03
3.902621e-03
5.226568e-03
5.242370e-03
8.685652e-03
2.364803e-02
4.398690e-02
5.664990e-02
5.613519e-02
4.700004e-02
4.202456e-02
4.685091e-02
5.605225e-02
6.401560e-02
7.164418e-02
8.417233e-02
9.876388e-02
1.058299e-01
1.001267e-01
7.515547e-02
3.319880e-02
-5.729724e-03
-3.115626e-02
-4.471074e-02
-4.700912e-02
-3.982337e-02
-2.770480e-02
-2.325620e-02
-3.021695e-02
-4.182426e-02
-5.460668e-02
-5.849001e-02
-5.052479e-02
-4.042902e-02
-3.167583e-02
-1.968121e-02
-5.299147e-03
5.331931e-03
1.065275e-02
4.781634e-03
-1.090762e-02
-2.009194e-02
-1.208025e-02
1.069603e-02
3.862675e-02
6.541104e-02
8.496132e-02
9.338734e-02
9.523722e-02
9.083713e-02
7.733279e-02
6.355091e-02
6.412683e-02
7.584604e-02
8.438128e-02
8.973104e-02
9.480299e-02
9.622288e-02
9.617313e-02
9.475548e-02
8.615217e-02
7.046475e-02
5.827299e-02
6.123778e-02
7.454727e-02
8.747799e-02
9.463982e-02
9.006324e-02
7.810538e-02
6.214152e-02
3.976816e-02
1.988311e-02
1.164169e-02
1.497405e-02
2.235788e-02
2.902714e-02
3.436355e-02
3.345414e-02
2.691617e-02
1.993474e-02
8.295786e-03
-1.563264e-02
-4.090114e-02
-5.492592e-02
-6.633533e-02
-8.206926e-02
-9.987513e-02
-1.184203e-01
-1.372889e-01
-1.528472e-01
-1.606299e-01
-1.621500e-01
-1.641726e-01
-1.664265e-01
-1.607634e-01
-1.497273e-01
-1.376654e-01
-1.270071e-01
-1.232911e-01
-1.218449e-01
-1.169316e-01
-1.113505e-01
-1.115971e-01
-1.169172e-01
-1.106363e-01
-8.496568e-02
-4.913899e-02
-8.502594e-03
3.090175e-02
6.203174e-02
8.162274e-02
8.969191e-02
9.251795e-02
9.414005e-02
9.491524e-02
9.111679e-02
8.274014e-02
8.127632e-02
8.768394e-02
9.461243e-02
1.014887e-01
1.049946e-01
1.031823e-01
9.525991e-02
7.671669e-02
4.900922e-02
1.984451e-02
1.198770e-03
-1.051685e-03
2.536543e-03
4.962207e-04
-6.707751e-03
-9.668001e-03
-5.604170e-03
-6.897994e-03
-1.796383e-02
-2.673773e-02
-2.407303e-02
-1.375357e-02
-6.093520e-03
-8.009049e-03
-2.020008e-02
-3.529825e-02
-4.873900e-02
-6.307448e-02
-7.626991e-02
-8.443219e-02
-8.419581e-02
-7.487338e-02
-6.312666e-02
-5.870643e-02
-6.325965e-02
-7.131660e-02
-8.240857e-02
-9.626204e-02
-1.105628e-01
-1.186154e-01
-1.124006e-01
-9.468051e-02
-7.005822e-02
-4.456800e-02
-2.484258e-02
-1.243375e-02
-1.023365e-02
-1.533706e-02
-2.019912e-02
-2.006363e-02
-1.372456e-02
-4.854077e-03
4.508053e-03
1.362981e-02
2.178539e-02
2.699258e-02
2.579525e-02
2.059814e-02
1.532433e-02
9.426296e-03
2.252883e-03
-2.715326e-03
-5.767879e-03
-1.400298e-02
-2.711327e-02
-3.662846e-02
-3.986556e-02
-4.260184e-02
-4.447137e-02
-3.786781e-02
-2.203494e-02
-3.557280e-03
1.057350e-02
1.887251e-02
2.138163e-02
2.056179e-02
2.061679e-02
1.664066e-02
3.853649e-03
-1.092611e-02
-1.745965e-02
-1.285714e-02
-7.014436e-04
9.564712e-03
1.134089e-02
9.223895e-03
7.187188e-03
4.055040e-03
-2.912110e-03
-1.283905e-02
-2.089248e-02
-2.457130e-02
-2.474190e-02
-2.422499e-02
-2.416432e-02
-2.353419e-02
-2.047147e-02
-1.481504e-02
-9.418286e-03
-5.337216e-03
1.622838e-03
1.452057e-02
2.799430e-02
3.638897e-02
3.752884e-02
3.201371e-02
2.373277e-02
1.270875e-02
-2.039505e-04
-1.077269e-02
-1.911049e-02
-2.923542e-02
-4.189492e-02
-5.430027e-02
-6.481791e-02
-6.965599e-02
-6.384978e-02
-4.766200e-02
-2.997171e-02
-1.491635e-02
2.856424e-03
2.076794e-02
3.419598e-02
4.432529e-02
5.556616e-02
7.235543e-02
9.129729e-02
1.068175e-01
1.145740e-01
1.160294e-01
1.200102e-01
1.237947e-01
1.182341e-01
1.049276e-01
8.903410e-02
7.411790e-02
6.273970e-02
5.578287e-02
5.373190e-02
5.686809e-02
6.331861e-02
7.040356e-02
7.827949e-02
8.379323e-02
8.386063e-02
8.058247e-02
7.311402e-02
6.461710e-02
6.325017e-02
6.988902e-02
8.088013e-02
9.239542e-02
9.657125e-02
8.808855e-02
7.267299e-02
5.809101e-02
4.666257e-02
3.955386e-02
4.015304e-02
4.504761e-02
4.818095e-02
5.361431e-02
6.056333e-02
5.941064e-02
4.903658e-02
3.566560e-02
2.224534e-02
9.403888e-03
-6.205273e-03
-3.063741e-02
-6.158596e-02
-9.282381e-02
-1.222828e-01
-1.480804e-01
-1.688819e-01
-1.849181e-01
-1.932171e-01
-1.913773e-01
-1.837578e-01
-1.774654e-01
-1.737502e-01
-1.705400e-01
-1.678539e-01
-1.649761e-01
-1.643347e-01
-1.682115e-01
-1.684572e-01
-1.556889e-01
-1.338401e-01
-1.102722e-01
-8.830341e-02
-6.744649e-02
-4.408214e-02
-2.239651e-02
-5.322968e-03
3.988496e-03
-2.104339e-04
-1.264048e-02
-2.551273e-02
-3.594599e-02
-4.477819e-02
-4.883204e-02
-3.695626e-02
-5.185750e-03
3.504725e-02
7.184315e-02
9.815817e-02
1.095860e-01
1.104191e-01
1.058823e-01
9.550956e-02
8.056947e-02
6.893133e-02
6.437944e-02
6.384051e-02
6.280552e-02
5.684345e-02
4.782522e-02
3.990552e-02
3.451295e-02
3.273498e-02
3.580490e-02
4.172918e-02
4.965300e-02
6.088723e-02
7.232759e-02
7.767525e-02
6.982224e-02
5.140943e-02
3.190976e-02
1.792386e-02
1.337769e-02
1.076841e-02
3.296019e-03
-5.824340e-03
-1.997917e-02
-4.309040e-02
-7.122488e-02
-1.000222e-01
-1.252125e-01
-1.367877e-01
-1.279374e-01
-1.184250e-01
-1.214688e-01
-1.196971e-01
-1.132854e-01
-1.130517e-01
-1.117723e-01
-1.040554e-01
-9.156660e-02
-7.214165e-02
-4.694804e-02
-2.723347e-02
-1.601626e-02
-8.000803e-03
-4.723897e-03
-8.565939e-03
-1.799936e-02
-2.850613e-02
-3.264326e-02
-2.686775e-02
-1.626229e-02
-7.111538e-03
-3.380181e-03
-7.688932e-03
-1.428470e-02
-1.798700e-02
-2.075885e-02
-1.772532e-02
-5.707280e-03
1.132790e-02
3.309198e-02
5.762805e-02
7.929466e-02
9.802938e-02
1.128018e-01
1.147132e-01
1.055019e-01
9.296961e-02
7.455906e-02
5.231008e-02
3.280563e-02
1.502168e-02
-1.825913e-03
-1.913044e-02
-3.991189e-02
-5.957105e-02
-7.282033e-02
-7.842596e-02
-7.728854e-02
-7.253048e-02
-6.482926e-02
-5.314866e-02
-3.800759e-02
-2.496231e-02
-1.636295e-02
-5.430737e-03
9.721067e-03
2.649572e-02
4.323454e-02
5.869516e-02
7.226229e-02
8.457949e-02
9.729187e-02
1.047964e-01
1.012263e-01
9.020120e-02
7.985774e-02
7.111331e-02
6.143291e-02
6.036820e-02
7.478390e-02
9.851843e-02
1.238563e-01
1.432440e-01
1.474386e-01
1.352179e-01
1.181860e-01
1.038925e-01
9.040375e-02
7.600767e-02
6.057867e-02
4.449859e-02
2.806150e-02
1.064936e-02
-7.731586e-03
-2.621418e-02
-4.329697e-02
-5.941347e-02
-7.886058e-02
-1.021407e-01
-1.255303e-01
-1.455375e-01
-1.594275e-01
-1.694585e-01
-1.804650e-01
-1.923980e-01
-2.016614e-01
-2.053910e-01
-1.993491e-01
-1.885014e-01
-1.761119e-01
-1.511497e-01
-1.215221e-01
-1.011595e-01
-9.139758e-02
-9.354266e-02
-1.037231e-01
-1.202491e-01
-1.390358e-01
-1.511056e-01
-1.525915e-01
-1.460503e-01
-1.348788e-01
-1.180731e-01
-1.001176e-01
-9.058988e-02
-9.055148e-02
-9.336588e-02
-9.674705e-02
-9.762420e-02
-8.790247e-02
-6.461100e-02
-3.834995e-02
-2.119616e-02
-1.108306e-02
-5.682640e-03
-5.266184e-03
-1.101508e-02
-2.230971e-02
-2.630941e-02
-1.327446e-02
1.656785e-02
6.129482e-02
1.151277e-01
1.659184e-01
2.026818e-01
2.265689e-01
2.381395e-01
2.322835e-01
2.142895e-01
1.935028e-01
1.779462e-01
1.734194e-01
1.732540e-01
1.641645e-01
1.459710e-01
1.215736e-01
8.885269e-02
5.594332e-02
2.233866e-02
-1.127107e-02
-3.110185e-02
-4.415132e-02
-5.483195e-02
-5.196828e-02
-4.877763e-02
-6.351703e-02
-8.466659e-02
-1.007090e-01
-1.212368e-01
-1.454081e-01
-1.600135e-01
-1.663462e-01
-1.704007e-01
-1.690371e-01
-1.627588e-01
-1.556347e-01
-1.381752e-01
-1.095332e-01
-8.601101e-02
-7.025818e-02
-6.025521e-02
-6.101124e-02
-7.078161e-02
-8.129460e-02
-8.680940e-02
-8.337797e-02
-7.213189e-02
-6.090325e-02
-5.300934e-02
-5.191561e-02
-5.985391e-02
-7.107961e-02
-8.323928e-02
-9.372070e-02
-9.358103e-02
-7.641458e-02
-4.709500e-02
-1.959286e-02
7.529917e-03
4.117221e-02
6.757181e-02
8.056686e-02
8.969003e-02
9.556046e-02
9.648473e-02
9.990642e-02
1.024780e-01
9.645171e-02
8.803343e-02
7.621906e-02
5.462781e-02
2.957501e-02
1.098901e-02
-3.750777e-03
-1.251173e-02
-1.938062e-02
-3.540719e-02
-4.207389e-02
-3.518544e-02
-3.282803e-02
-3.709136e-02
-3.822312e-02
-3.403071e-02
-3.394433e-02
-3.931988e-02
-4.867948e-02
-5.743607e-02
-6.273426e-02
-6.788246e-02
-6.953476e-02
-6.608326e-02
-5.751691e-02
-4.316480e-02
-2.582750e-02
-1.245960e-02
-8.508359e-03
-8.793584e-03
-6.405585e-03
2.246475e-04
9.601448e-03
2.246098e-02
3.838114e-02
5.262078e-02
6.842441e-02
7.751267e-02
6.514676e-02
3.855505e-02
1.062560e-02
-3.476015e-03
7.093232e-04
1.220696e-02
2.704617e-02
4.069571e-02
4.720734e-02
4.818896e-02
4.817786e-02
4.773377e-02
4.354095e-02
3.667314e-02
3.189183e-02
2.827394e-02
2.275232e-02
1.287871e-02
-3.800290e-03
-2.353939e-02
-4.289085e-02
-5.969154e-02
-6.851499e-02
-6.869735e-02
-6.566298e-02
-6.102422e-02
-5.405890e-02
-4.973459e-02
-5.073781e-02
-5.329744e-02
-5.284903e-02
-5.020663e-02
-4.657072e-02
-3.675184e-02
-2.086762e-02
-2.904128e-03
1.419964e-02
2.764257e-02
4.014587e-02
5.219668e-02
6.075831e-02
6.841234e-02
7.731578e-02
8.452265e-02
9.068092e-02
9.834906e-02
1.048135e-01
1.073876e-01
1.059750e-01
1.020803e-01
9.767277e-02
9.309374e-02
8.896863e-02
8.338700e-02
7.462626e-02
6.593927e-02
5.926501e-02
5.175383e-02
4.234551e-02
3.582476e-02
3.296887e-02
3.261473e-02
3.200233e-02
2.309089e-02
7.677154e-03
-6.742057e-03
-1.838471e-02
-2.597956e-02
-2.681521e-02
-2.298088e-02
-1.756827e-02
-1.028045e-02
-2.730713e-03
2.932947e-04
-1.223684e-03
1.543398e-03
2.270955e-03
-6.050415e-03
-1.432954e-02
-2.823406e-02
-5.142504e-02
-6.768245e-02
-6.223554e-02
-4.206504e-02
-2.170191e-02
4.671199e-03
3.904720e-02
6.810030e-02
8.769325e-02
1.025959e-01
1.106687e-01
1.124643e-01
1.158182e-01
1.176839e-01
1.141505e-01
1.089691e-01
1.041133e-01
9.843407e-02
9.104858e-02
8.511482e-02
8.308360e-02
8.544487e-02
8.766910e-02
8.236634e-02
7.338592e-02
6.617762e-02
5.721174e-02
4.476836e-02
3.113665e-02
1.776479e-02
7.590848e-03
1.018249e-03
-5.828041e-03
-1.336819e-02
-2.194544e-02
-3.142331e-02
-3.783134e-02
-3.899129e-02
-3.838552e-02
-3.786851e-02
-3.460150e-02
-3.347049e-02
-3.750712e-02
-4.155016e-02
-4.329089e-02
-3.885404e-02
-2.847182e-02
-2.199156e-02
-2.335069e-02
-2.694577e-02
-2.967724e-02
-3.127495e-02
-3.225850e-02
-3.470488e-02
-3.643318e-02
-3.469646e-02
-3.239816e-02
-3.353827e-02
-3.818160e-02
-4.351747e-02
-4.868069e-02
-5.435900e-02
-5.945637e-02
-6.324310e-02
-6.639954e-02
-6.869888e-02
-6.979841e-02
-7.158536e-02
-7.298389e-02
-6.449514e-02
-3.988162e-02
-5.103243e-03
3.131920e-02
6.130523e-02
8.004970e-02
9.156479e-02
9.438370e-02
8.433581e-02
6.912734e-02
5.561545e-02
4.380587e-02
3.672183e-02
3.743965e-02
4.079473e-02
4.437518e-02
4.632883e-02
3.650769e-02
1.375150e-02
-1.579897e-02
-4.411319e-02
-6.275448e-02
-7.347225e-02
-7.928409e-02
-8.069592e-02
-7.864214e-02
-7.113898e-02
-5.801765e-02
-4.324633e-02
-2.982358e-02
-2.072285e-02
-1.748763e-02
-1.705822e-02
-1.991988e-02
-2.654133e-02
-3.228838e-02
-3.481841e-02
-3.321133e-02
-2.711743e-02
-1.641037e-02
-1.546052e-03
1.507173e-02
3.288308e-02
5.264097e-02
7.381595e-02
9.282610e-02
1.113783e-01
1.348343e-01
1.551739e-01
1.620110e-01
1.562465e-01
1.428467e-01
1.275376e-01
1.154666e-01
1.074181e-01
1.008752e-01
9.377103e-02
8.583893e-02
7.767018e-02
6.652216e-02
4.967486e-02
3.028781e-02
1.246966e-02
-1.752274e-03
-1.611993e-02
-3.585636e-02
-5.779894e-02
-7.830229e-02
-9.573518e-02
-1.087952e-01
-1.185736e-01
-1.271495e-01
-1.376592e-01
-1.492606e-01
-1.626842e-01
-1.804496e-01
-2.023194e-01
-2.252578e-01
-2.397909e-01
-2.459935e-01
-2.447702e-01
-2.317679e-01
-2.138030e-01
-1.941170e-01
-1.729576e-01
-1.537549e-01
-1.369117e-01
-1.220403e-01
-1.052731e-01
-8.252322e-02
-5.878857e-02
-4.015167e-02
-2.298892e-02
-6.256105e-03
3.703413e-03
5.489334e-03
6.386555e-03
8.818092e-03
1.208919e-02
2.460085e-02
4.778044e-02
7.578165e-02
1.073097e-01
1.405437e-01
1.678605e-01
1.787724e-01
1.753297e-01
1.697768e-01
1.673991e-01
1.680695e-01
1.685847e-01
1.610113e-01
1.485242e-01
1.430422e-01
1.432753e-01
1.415667e-01
1.394619e-01
1.362506e-01
1.234677e-01
1.006617e-01
7.355008e-02
4.395578e-02
9.051016e-03
-2.114832e-02
-3.360070e-02
-4.221503e-02
-5.839103e-02
-7.508374e-02
-8.924437e-02
-1.033978e-01
-1.146148e-01
-1.199744e-01
-1.240486e-01
-1.270271e-01
-1.243976e-01
-1.169223e-01
-1.113202e-01
-1.077781e-01
-1.005904e-01
-8.736442e-02
-6.485763e-02
-3.526708e-02
-8.192949e-03
9.719121e-03
2.127671e-02
3.030506e-02
3.485115e-02
3.375714e-02
2.640233e-02
1.616896e-02
6.568187e-03
-4.041012e-03
-1.358935e-02
-1.881144e-02
-2.330033e-02
-2.663945e-02
-2.184801e-02
-1.439032e-02
-1.129716e-02
-8.794518e-03
-7.161962e-03
-1.537961e-02
-2.851431e-02
-3.529376e-02
-4.720905e-02
-5.835977e-02
-4.804433e-02
-2.363925e-02
-4.050388e-03
1.684409e-03
-8.417234e-04
-1.072130e-02
-2.979761e-02
-5.290903e-02
-7.606186e-02
-9.389752e-02
-1.055191e-01
-1.098181e-01
-1.097339e-01
-1.122653e-01
-1.133588e-01
-1.143529e-01
-1.182825e-01
-1.189459e-01
-1.117894e-01
-9.147950e-02
-5.833343e-02
-2.294774e-02
3.286950e-03
1.461028e-02
1.355393e-02
8.552730e-03
5.253226e-03
2.593195e-03
3.862572e-03
1.114693e-02
2.374076e-02
4.351335e-02
6.174366e-02
7.289660e-02
7.636956e-02
6.688037e-02
5.286325e-02
4.536796e-02
4.079620e-02
3.680211e-02
3.746397e-02
3.822275e-02
3.224661e-02
2.202213e-02
1.141705e-02
1.525041e-03
-9.028451e-03
-1.789095e-02
-2.205132e-02
-2.687424e-02
-3.362871e-02
-3.871843e-02
-4.090053e-02
-3.988376e-02
-3.882021e-02
-3.717132e-02
-3.168484e-02
-2.320251e-02
-1.413922e-02
-8.028540e-03
-9.829547e-03
-2.395321e-02
-4.886909e-02
-7.831942e-02
-1.061133e-01
-1.273689e-01
-1.383975e-01
-1.397602e-01
-1.378795e-01
-1.341259e-01
-1.257663e-01
-1.182196e-01
-1.156994e-01
-1.136239e-01
-1.093678e-01
-1.058834e-01
-1.055117e-01
-1.035618e-01
-9.865439e-02
-9.476697e-02
-8.796083e-02
-7.698350e-02
-6.718963e-02
-5.761629e-02
-4.297164e-02
-2.574011e-02
-1.013162e-02
5.617628e-03
2.038421e-02
3.369842e-02
4.618060e-02
5.652928e-02
6.542569e-02
7.160182e-02
7.417811e-02
7.300611e-02
6.454434e-02
5.082031e-02
3.494060e-02
1.562925e-02
-2.661871e-03
-1.433154e-02
-1.653231e-02
-1.231093e-02
-8.026578e-03
-1.675283e-03
8.076061e-03
1.745641e-02
2.351531e-02
2.740803e-02
3.509288e-02
4.252568e-02
4.640909e-02
5.685902e-02
6.754613e-02
6.856994e-02
6.528522e-02
5.912414e-02
5.279055e-02
4.364963e-02
2.722505e-02
1.091895e-02
3.600230e-03
3.467403e-03
-3.070275e-03
-1.004891e-02
-8.244744e-03
-1.062628e-02
-1.849728e-02
-2.195343e-02
-1.960298e-02
-1.417910e-02
-6.861330e-03
1.747247e-03
1.196424e-02
2.340642e-02
3.627968e-02
4.388967e-02
4.334674e-02
5.047368e-02
6.251883e-02
6.862248e-02
7.595563e-02
8.546021e-02
9.432127e-02
1.052772e-01
1.183824e-01
1.289091e-01
1.354443e-01
1.360442e-01
1.265559e-01
1.120565e-01
9.897646e-02
8.839833e-02
8.015165e-02
7.269197e-02
6.548424e-02
6.012881e-02
5.813743e-02
6.007819e-02
6.489475e-02
6.898019e-02
7.021910e-02
6.569145e-02
5.554424e-02
4.866544e-02
4.237501e-02
2.997795e-02
2.094958e-02
2.105208e-02
2.783240e-02
4.072118e-02
5.542592e-02
6.674375e-02
7.396458e-02
8.117981e-02
8.541651e-02
7.678187e-02
6.144319e-02
4.890602e-02
3.695158e-02
2.281896e-02
6.365134e-03
-1.063266e-02
-2.857145e-02
-4.927751e-02
-7.265714e-02
-9.889306e-02
-1.257072e-01
-1.453719e-01
-1.514859e-01
-1.460291e-01
-1.339666e-01
-1.193227e-01
-1.068982e-01
-9.736768e-02
-8.949313e-02
-8.547825e-02
-8.427405e-02
-7.889980e-02
-6.566181e-02
-4.640605e-02
-2.560834e-02
-7.314977e-03
1.194778e-02
2.946214e-02
3.468157e-02
3.006411e-02
2.437481e-02
2.046451e-02
1.795852e-02
1.609366e-02
1.121165e-02
2.769320e-03
-3.296518e-03
-7.711743e-03
-1.462675e-02
-2.188425e-02
-2.577826e-02
-2.514376e-02
-2.117548e-02
-1.548356e-02
-7.133514e-03
4.482101e-03
1.647334e-02
2.680407e-02
3.596997e-02
4.612537e-02
5.704780e-02
6.662013e-02
7.571048e-02
8.531598e-02
9.390735e-02
9.750413e-02
9.629857e-02
9.122213e-02
8.228744e-02
7.521677e-02
7.200960e-02
6.944580e-02
6.611924e-02
6.570982e-02
6.713248e-02
6.617950e-02
6.654692e-02
6.471338e-02
5.620621e-02
4.763053e-02
4.406089e-02
4.206918e-02
3.457346e-02
1.913308e-02
-1.375840e-04
-1.986572e-02
-4.231772e-02
-6.359913e-02
-7.917438e-02
-8.855456e-02
-8.654519e-02
-7.827842e-02
-7.739188e-02
-8.692305e-02
-9.784601e-02
-1.046294e-01
-1.096980e-01
-1.111449e-01
-1.057432e-01
-9.733961e-02
-9.062085e-02
-8.520962e-02
-8.318998e-02
-8.462592e-02
-8.744263e-02
-9.255877e-02
-9.633639e-02
-9.739183e-02
-9.692996e-02
-9.272047e-02
-8.297038e-02
-6.890287e-02
-5.302840e-02
-3.515822e-02
-1.586582e-02
8.346942e-04
1.286268e-02
2.232606e-02
3.066429e-02
3.634232e-02
3.870098e-02
3.762850e-02
3.280035e-02
3.029731e-02
3.584373e-02
4.765851e-02
6.377303e-02
8.515416e-02
1.097092e-01
1.299580e-01
1.435223e-01
1.500653e-01
1.490457e-01
1.433463e-01
1.344606e-01
1.235411e-01
1.129123e-01
1.049916e-01
9.777762e-02
8.960203e-02
8.198879e-02
7.622858e-02
7.460107e-02
7.624377e-02
7.811988e-02
7.841078e-02
7.745996e-02
7.582233e-02
7.239529e-02
6.607883e-02
5.596102e-02
4.278894e-02
2.594209e-02
4.040465e-03
-1.986312e-02
-4.153963e-02
-5.894121e-02
-7.297552e-02
-8.549396e-02
-9.622759e-02
-1.059360e-01
-1.154970e-01
-1.221464e-01
-1.221872e-01
-1.152808e-01
-1.050541e-01
-9.271263e-02
-7.751832e-02
-6.240222e-02
-4.856642e-02
-3.427198e-02
-2.141229e-02
-1.109129e-02
-2.416610e-04
1.126970e-02
2.336787e-02
3.870241e-02
5.818605e-02
8.163631e-02
1.066887e-01
1.272763e-01
1.399653e-01
1.464953e-01
1.478158e-01
1.431014e-01
1.324924e-01
1.199696e-01
1.089001e-01
1.001635e-01
9.752116e-02
1.019680e-01
1.105346e-01
1.181837e-01
1.205315e-01
1.175190e-01
1.100150e-01
1.001705e-01
9.033370e-02
8.178232e-02
7.699516e-02
7.954485e-02
8.762848e-02
9.566453e-02
1.027147e-01
1.073636e-01
1.080638e-01
1.077345e-01
1.084712e-01
1.093069e-01
1.088431e-01
1.060592e-01
1.009354e-01
9.499371e-02
8.940163e-02
8.458393e-02
7.980523e-02
7.448735e-02
6.942416e-02
6.364664e-02
5.623861e-02
4.598187e-02
3.032549e-02
1.300730e-02
-1.765890e-03
-1.605974e-02
-2.858858e-02
-3.688163e-02
-4.202679e-02
-4.355949e-02
-4.100486e-02
-3.627857e-02
-3.203720e-02
-3.002419e-02
-3.037898e-02
-3.304909e-02
-3.728994e-02
-3.939449e-02
-3.805510e-02
-3.484925e-02
-2.983338e-02
-2.610556e-02
-2.532537e-02
-2.821258e-02
-3.513409e-02
-4.173135e-02
-4.894579e-02
-5.710783e-02
-6.199083e-02
-6.306690e-02
-6.166932e-02
-5.911718e-02
-5.469336e-02
-4.900416e-02
-4.307205e-02
-3.523859e-02
-2.718904e-02
-2.108813e-02
-1.613587e-02
-1.176435e-02
-6.555284e-03
-1.068588e-03
4.592593e-04
-2.452485e-04
2.416552e-03
8.394921e-03
1.471267e-02
1.992431e-02
2.434778e-02
2.433716e-02
1.835332e-02
1.093458e-02
2.518917e-03
-7.286998e-03
-1.355775e-02
-1.166777e-02
-4.598086e-03
5.765014e-03
2.140355e-02
3.741805e-02
4.723633e-02
5.221273e-02
5.510617e-02
5.362963e-02
4.990705e-02
4.887256e-02
5.044069e-02
5.441801e-02
6.165209e-02
6.957836e-02
7.402293e-02
7.423729e-02
6.943486e-02
5.848172e-02
4.284658e-02
2.539903e-02
8.960864e-03
-5.331099e-03
-1.665459e-02
-2.680850e-02
-3.889950e-02
-5.210748e-02
-6.368448e-02
-7.328348e-02
-8.214136e-02
-8.827065e-02
-9.301487e-02
-9.870391e-02
-1.010576e-01
-1.005898e-01
-1.024172e-01
-1.071505e-01
-1.111581e-01
-1.128204e-01
-1.125172e-01
-1.070144e-01
-9.544907e-02
-7.926396e-02
-5.829194e-02
-3.451040e-02
-1.115561e-02
1.020770e-02
3.066056e-02
5.005700e-02
6.351044e-02
7.069986e-02
7.602358e-02
7.969487e-02
8.105948e-02
7.832716e-02
7.302614e-02
6.833868e-02
6.180506e-02
5.563445e-02
5.444233e-02
5.818745e-02
6.169336e-02
6.223991e-02
6.754176e-02
7.622523e-02
7.776544e-02
7.569878e-02
7.629966e-02
7.841606e-02
8.243532e-02
8.607187e-02
8.712959e-02
8.490163e-02
7.926302e-02
7.440662e-02
7.022265e-02
6.504954e-02
6.004285e-02
5.608642e-02
5.413240e-02
5.135478e-02
4.328973e-02
3.025607e-02
1.604795e-02
3.615299e-03
-5.583757e-03
-1.080067e-02
-1.074445e-02
-5.904955e-03
5.727334e-04
6.414058e-03
8.524048e-03
5.352873e-03
-6.165957e-04
-6.861642e-03
-9.862845e-03
-8.611525e-03
-6.634898e-03
-6.066447e-03
-9.395111e-03
-1.837560e-02
-3.157444e-02
-4.524186e-02
-5.605287e-02
-6.345476e-02
-6.353454e-02
-5.840773e-02
-5.494349e-02
-4.975899e-02
-4.339564e-02
-4.280633e-02
-4.915426e-02
-5.718144e-02
-6.108494e-02
-6.101857e-02
-5.724759e-02
-4.887750e-02
-3.670512e-02
-2.095162e-02
-1.995563e-03
1.694343e-02
3.327340e-02
4.827179e-02
6.258987e-02
7.559805e-02
8.446784e-02
8.878947e-02
9.102786e-02
9.037324e-02
8.606078e-02
8.084283e-02
8.017848e-02
8.286239e-02
8.811723e-02
9.671584e-02
9.821181e-02
9.248431e-02
8.762363e-02
7.821982e-02
6.335585e-02
5.051641e-02
4.101547e-02
3.573639e-02
3.522008e-02
3.408397e-02
2.936429e-02
2.235493e-02
1.375702e-02
3.805786e-03
-6.019154e-03
-1.157460e-02
-1.024351e-02
-3.292614e-03
4.984953e-03
1.095347e-02
1.377347e-02
1.217854e-02
5.855571e-03
-2.063950e-03
-1.029217e-02
-2.263598e-02
-3.098033e-02
-2.525491e-02
-1.597737e-02
-1.154180e-02
-8.684924e-03
-6.846896e-03
-9.030096e-03
-1.460423e-02
-2.014989e-02
-2.175902e-02
-1.545247e-02
-6.600975e-03
-2.526333e-03
-1.620115e-03
-4.133829e-04
8.642497e-04
1.843604e-03
3.241139e-03
3.041414e-03
3.238300e-03
6.885036e-03
1.007015e-02
9.923742e-03
6.538044e-03
2.444919e-03
1.876097e-03
5.525408e-03
1.163690e-02
2.007093e-02
3.253894e-02
4.827155e-02
6.369586e-02
7.510483e-02
8.188163e-02
8.513022e-02
8.432201e-02
8.153371e-02
7.801700e-02
7.308489e-02
6.831262e-02
6.579557e-02
6.522992e-02
6.385584e-02
6.197130e-02
6.060240e-02
5.831306e-02
5.434361e-02
5.088350e-02
4.961371e-02
4.876636e-02
4.739775e-02
4.469685e-02
3.999599e-02
3.480541e-02
3.005621e-02
2.312897e-02
1.285976e-02
2.893949e-03
-5.874101e-03
-1.546254e-02
-2.564321e-02
-3.504131e-02
-4.314718e-02
-4.852863e-02
-4.985911e-02
-4.842382e-02
-4.481089e-02
-3.890922e-02
-3.251288e-02
-2.829844e-02
-2.643431e-02
-2.499829e-02
-2.380491e-02
-2.317832e-02
-2.283817e-02
-2.293089e-02
-2.395453e-02
-2.642128e-02
-3.091558e-02
-3.745405e-02
-4.397003e-02
-4.803102e-02
-4.992068e-02
-5.100311e-02
-5.235234e-02
-5.629182e-02
-6.210601e-02
-6.632518e-02
-6.881180e-02
-7.063816e-02
-7.110735e-02
-6.901794e-02
-6.476328e-02
-5.989095e-02
-5.661630e-02
-5.787911e-02
-6.224514e-02
-6.407275e-02
-6.129215e-02
-5.411728e-02
-4.395756e-02
-3.509618e-02
-2.761423e-02
-1.862951e-02
-1.111028e-02
-6.247047e-03
1.530250e-03
9.681272e-03
1.425054e-02
1.947759e-02
2.500890e-02
2.727208e-02
2.804807e-02
3.193471e-02
3.762239e-02
4.300029e-02
4.867351e-02
5.184439e-02
5.210740e-02
5.361941e-02
5.827841e-02
5.987763e-02
5.630717e-02
5.351756e-02
4.958267e-02
4.219827e-02
3.541777e-02
3.122210e-02
2.924916e-02
2.906042e-02
3.046255e-02
3.107869e-02
2.938332e-02
2.635870e-02
2.038258e-02
1.140966e-02
2.925286e-03
-1.283536e-03
-4.666884e-03
-1.319521e-02
-2.038041e-02
-2.475964e-02
-3.331172e-02
-4.317401e-02
-4.910414e-02
-5.111613e-02
-4.904680e-02
-4.316188e-02
-3.753718e-02
-3.535640e-02
-3.518552e-02
-3.441381e-02
-4.007416e-02
-4.907736e-02
-4.704037e-02
-4.332594e-02
-4.636271e-02
-5.052011e-02
-5.483774e-02
-5.965304e-02
-6.393252e-02
-6.493235e-02
-6.466050e-02
-6.384720e-02
-5.932374e-02
-5.239720e-02
-4.284533e-02
-2.861723e-02
-1.123261e-02
5.713527e-03
2.147909e-02
3.447138e-02
4.065926e-02
4.324923e-02
4.656450e-02
4.884401e-02
4.928339e-02
5.064017e-02
5.298443e-02
5.457320e-02
5.845912e-02
6.462112e-02
6.716909e-02
6.233877e-02
5.235895e-02
4.210642e-02
3.604734e-02
3.622755e-02
3.897118e-02
3.950065e-02
3.335242e-02
2.169136e-02
8.582304e-03
-5.904255e-03
-1.723978e-02
-2.152425e-02
-1.883665e-02
-1.083275e-02
-1.768198e-03
3.952893e-03
5.237974e-03
6.960124e-03
5.996693e-03
-2.178375e-03
-1.077788e-02
-1.828180e-02
-2.795417e-02
-3.998351e-02
-5.178664e-02
-6.060524e-02
-6.920735e-02
-7.966147e-02
-8.830402e-02
-9.461353e-02
-1.001592e-01
-1.017343e-01
-1.001733e-01
-9.798640e-02
-9.396507e-02
-8.849499e-02
-8.184004e-02
-7.513951e-02
-6.924701e-02
-6.350258e-02
-5.900494e-02
-5.651715e-02
-5.524817e-02
-5.333692e-02
-4.923816e-02
-4.479317e-02
-4.274844e-02
-4.263976e-02
-4.366931e-02
-4.606636e-02
-4.886373e-02
-5.175676e-02
-5.425300e-02
-5.489500e-02
-5.516409e-02
-5.579410e-02
-5.390034e-02
-4.652022e-02
-3.748179e-02
-3.272178e-02
-2.869017e-02
-2.638996e-02
-3.015452e-02
-3.546327e-02
-3.991079e-02
-4.242273e-02
-3.848447e-02
-2.786492e-02
-1.582164e-02
-3.101748e-03
1.013253e-02
1.761561e-02
1.712108e-02
1.454908e-02
1.478674e-02
1.644083e-02
1.954134e-02
2.395876e-02
2.545686e-02
2.405581e-02
2.208814e-02
1.723996e-02
8.198417e-03
-3.704158e-04
-5.422377e-03
-8.464580e-03
-1.054565e-02
-1.237607e-02
-1.587352e-02
-2.114426e-02
-2.642937e-02
-3.224249e-02
-3.873881e-02
-4.405574e-02
-4.694589e-02
-4.707240e-02
-4.610824e-02
-4.615714e-02
-4.746969e-02
-4.965572e-02
-5.252473e-02
-5.592660e-02
-6.036105e-02
-6.622348e-02
-7.153932e-02
-7.543004e-02
-7.946291e-02
-8.356904e-02
-8.696566e-02
-8.950195e-02
-9.073553e-02
-8.923035e-02
-8.521292e-02
-8.151345e-02
-7.814565e-02
-7.359205e-02
-6.933806e-02
-6.629906e-02
-6.246027e-02
-5.613718e-02
-4.670455e-02
-3.444549e-02
-2.107049e-02
-9.117680e-03
-8.230757e-04
3.353882e-03
3.106082e-03
-1.051539e-03
-6.512243e-03
-1.022196e-02
-8.963692e-03
-1.750633e-03
8.687283e-03
2.119249e-02
3.687769e-02
5.272602e-02
6.540181e-02
7.456143e-02
7.920992e-02
7.748829e-02
6.859750e-02
5.434142e-02
3.822014e-02
2.593022e-02
2.214441e-02
2.627205e-02
3.386859e-02
4.187706e-02
4.977734e-02
5.592321e-02
5.939396e-02
5.990276e-02
5.812624e-02
5.693851e-02
5.756731e-02
5.883808e-02
5.887855e-02
5.667949e-02
5.279592e-02
4.702607e-02
3.914399e-02
3.105847e-02
2.391815e-02
1.795653e-02
1.410089e-02
1.033364e-02
2.494575e-03
-9.128860e-03
-2.221628e-02
-3.484054e-02
-4.470198e-02
-5.214007e-02
-5.647180e-02
-5.704204e-02
-5.504482e-02
-5.070792e-02
-4.613088e-02
-4.390438e-02
-4.520348e-02
-4.885321e-02
-5.072539e-02
-4.855662e-02
-4.273506e-02
-3.357679e-02
-2.328786e-02
-1.510139e-02
-9.681535e-03
-5.612011e-03
-2.140148e-03
-3.812741e-04
1.436062e-03
6.136818e-03
1.266363e-02
2.022599e-02
3.004662e-02
4.133242e-02
4.973171e-02
5.333387e-02
5.246985e-02
4.666326e-02
3.773841e-02
2.777879e-02
1.908243e-02
1.489189e-02
1.584366e-02
2.016040e-02
2.593412e-02
3.084352e-02
3.207319e-02
2.930535e-02
2.450985e-02
1.848242e-02
1.258121e-02
9.627707e-03
9.110559e-03
8.545926e-03
6.809580e-03
3.339290e-03
-1.884319e-03
-8.800964e-03
-1.620171e-02
-2.145252e-02
-2.340324e-02
-2.338113e-02
-2.209976e-02
-1.950999e-02
-1.726914e-02
-1.653766e-02
-1.644084e-02
-1.644265e-02
-1.818901e-02
-2.150124e-02
-2.351774e-02
-2.481802e-02
-2.769446e-02
-3.188788e-02
-3.630806e-02
-4.120516e-02
-4.679537e-02
-5.222824e-02
-5.693955e-02
-5.958145e-02
-5.834597e-02
-5.380017e-02
-4.928729e-02
-4.748181e-02
-4.800410e-02
-4.889790e-02
-4.871521e-02
-4.705745e-02
-4.272300e-02
-3.528149e-02
-2.702059e-02
-1.991227e-02
-1.482601e-02
-1.290811e-02
-1.511609e-02
-2.011003e-02
-2.406602e-02
-2.430424e-02
-2.041175e-02
-1.365846e-02
-6.965508e-03
-2.737290e-03
-2.065546e-03
-5.450116e-03
-1.177625e-02
-1.876047e-02
-2.417773e-02
-2.526269e-02
-2.192012e-02
-1.633083e-02
-8.746547e-03
-4.214620e-04
5.785701e-03
8.925463e-03
1.050104e-02
1.169171e-02
1.214486e-02
1.254699e-02
1.536131e-02
1.986458e-02
2.210277e-02
2.207699e-02
2.162837e-02
2.075737e-02
1.890565e-02
1.683237e-02
1.518116e-02
1.234693e-02
7.406512e-03
-6.575408e-04
-1.261948e-02
-2.663347e-02
-3.858684e-02
-4.644792e-02
-5.095476e-02
-5.152015e-02
-4.930411e-02
-4.523469e-02
-3.793611e-02
-2.795570e-02
-1.638606e-02
-3.544371e-03
1.029829e-02
2.433898e-02
3.688946e-02
4.664852e-02
5.302652e-02
5.549125e-02
5.350430e-02
4.700584e-02
3.774323e-02
2.834014e-02
2.109477e-02
1.816686e-02
1.888604e-02
2.010513e-02
1.992914e-02
1.761614e-02
1.211647e-02
3.026891e-03
-8.940945e-03
-2.244596e-02
-3.464061e-02
-4.333394e-02
-4.924058e-02
-5.354585e-02
-5.553763e-02
-5.401454e-02
-4.904385e-02
-4.048191e-02
-2.869626e-02
-1.571754e-02
-3.753259e-03
5.685846e-03
1.183559e-02
1.396498e-02
1.211630e-02
7.747627e-03
3.287469e-03
1.375602e-03
3.258616e-03
8.723430e-03
1.680822e-02
2.608813e-02
3.585088e-02
4.549204e-02
5.257714e-02
5.540261e-02
5.488203e-02
5.226444e-02
4.754218e-02
4.142278e-02
3.640314e-02
3.255791e-02
2.876218e-02
2.583755e-02
2.370945e-02
2.070285e-02
1.620206e-02
1.120601e-02
6.205249e-03
2.394075e-03
9.671776e-04
-1.226115e-04
-3.695753e-03
-9.981069e-03
-1.660007e-02
-2.165372e-02
-2.505402e-02
-2.748795e-02
-2.939979e-02
-2.961060e-02
-2.666863e-02
-2.135974e-02
-1.599890e-02
-1.236281e-02
-1.076950e-02
-9.366643e-03
-7.574004e-03
-7.451347e-03
-9.382235e-03
-1.189983e-02
-1.420428e-02
-1.593282e-02
-1.632149e-02
-1.599035e-02
-1.651017e-02
-1.836889e-02
-2.151074e-02
-2.630908e-02
-3.195929e-02
-3.697871e-02
-4.183792e-02
-4.598177e-02
-4.808772e-02
-4.777701e-02
-4.461855e-02
-3.837907e-02
-2.897605e-02
-1.747481e-02
-5.826677e-03
3.074721e-03
7.682597e-03
7.933427e-03
3.486183e-03
-4.121039e-03
-1.366314e-02
-2.414057e-02
-3.390509e-02
-4.219600e-02
-4.926878e-02
-5.548302e-02
-5.935139e-02
-6.048678e-02
-6.057495e-02
-6.120432e-02
-6.293021e-02
-6.616252e-02
-7.119126e-02
-7.725939e-02
-8.447824e-02
-9.082374e-02
-9.287519e-02
-8.990474e-02
-8.266700e-02
-7.139440e-02
-5.724078e-02
-4.459481e-02
-3.471753e-02
-2.642552e-02
-2.027597e-02
-1.641682e-02
-1.432891e-02
-1.231323e-02
-9.834896e-03
-6.768464e-03
-4.105450e-03
-3.689378e-03
-5.975826e-03
-1.130425e-02
-1.784244e-02
-2.499345e-02
-3.247150e-02
-3.824414e-02
-4.253511e-02
-4.545617e-02
-4.697891e-02
-4.798867e-02
-4.869871e-02
-4.818098e-02
-4.541078e-02
-3.999384e-02
-3.025746e-02
-1.556492e-02
2.414502e-04
1.269972e-02
2.056038e-02
2.358572e-02
2.285997e-02
2.204446e-02
2.323683e-02
2.570936e-02
2.824851e-02
2.962727e-02
2.856186e-02
2.464522e-02
1.904578e-02
1.347719e-02
9.259000e-03
7.764796e-03
9.247718e-03
1.176135e-02
1.352134e-02
1.371462e-02
1.187166e-02
8.006244e-03
2.083215e-03
-5.420717e-03
-1.320458e-02
-1.995799e-02
-2.499049e-02
-2.865413e-02
-3.172233e-02
-3.440927e-02
-3.619803e-02
-3.624970e-02
-3.457725e-02
-3.272975e-02
-3.228048e-02
-3.391944e-02
-3.770670e-02
-4.301834e-02
-4.911068e-02
-5.511369e-02
-5.988084e-02
-6.209842e-02
-6.152086e-02
-5.913921e-02
-5.514192e-02
-5.022449e-02
-4.572328e-02
-4.218439e-02
-4.066481e-02
-4.177781e-02
-4.425543e-02
-4.615119e-02
-4.645070e-02
-4.491371e-02
-4.084867e-02
-3.395182e-02
-2.528507e-02
-1.620304e-02
-7.555312e-03
1.046394e-03
1.119808e-02
2.334469e-02
3.610955e-02
4.770284e-02
5.706405e-02
6.426294e-02
6.946041e-02
7.292147e-02
7.501755e-02
7.599596e-02
7.702624e-02
7.942251e-02
8.325441e-02
8.713084e-02
8.938256e-02
8.758842e-02
7.999216e-02
6.933289e-02
5.736782e-02
4.394063e-02
3.266476e-02
2.700763e-02
2.561451e-02
2.438538e-02
2.251319e-02
2.116681e-02
1.894189e-02
1.517349e-02
1.041658e-02
4.534778e-03
-1.020873e-03
-4.225586e-03
-5.568190e-03
-5.901498e-03
-6.157351e-03
-7.584575e-03
-9.585485e-03
-1.131370e-02
-1.273153e-02
-1.362044e-02
-1.262883e-02
-9.260681e-03
-4.791497e-03
2.436463e-04
3.766844e-03
2.937337e-03
-1.140715e-03
-5.997164e-03
-1.038024e-02
-1.267209e-02
-1.209518e-02
-8.933535e-03
-3.466214e-03
3.278672e-03
1.042741e-02
1.772567e-02
2.482988e-02
3.018388e-02
3.283358e-02
3.374741e-02
3.280215e-02
2.946110e-02
2.446011e-02
1.939164e-02
1.590210e-02
1.491691e-02
1.570289e-02
1.644549e-02
1.673732e-02
1.709498e-02
1.766257e-02
1.732770e-02
1.480280e-02
1.084385e-02
7.423386e-03
6.514552e-03
8.508492e-03
1.207395e-02
1.656000e-02
2.159538e-02
2.676735e-02
3.304334e-02
4.028637e-02
4.668497e-02
5.174530e-02
5.585336e-02
5.918056e-02
6.153508e-02
6.188332e-02
5.900569e-02
5.360596e-02
4.815734e-02
4.398465e-02
4.123401e-02
3.996723e-02
3.985416e-02
4.052436e-02
4.160293e-02
4.247846e-02
4.299420e-02
4.416476e-02
4.709379e-02
5.147754e-02
5.624768e-02
6.010801e-02
6.164010e-02
6.005585e-02
5.522069e-02
4.811567e-02
4.065622e-02
3.422136e-02
2.908344e-02
2.454687e-02
1.999613e-02
1.537441e-02
1.092158e-02
7.244500e-03
4.271158e-03
1.658446e-03
-2.368207e-04
-2.139134e-03
-5.332056e-03
-9.719840e-03
-1.468477e-02
-1.963229e-02
-2.382760e-02
-2.606328e-02
-2.503361e-02
-2.078875e-02
-1.484698e-02
-9.013191e-03
-4.626705e-03
-2.594777e-03
-2.951393e-03
-5.000020e-03
-8.220434e-03
-1.232841e-02
-1.703021e-02
-2.204033e-02
-2.688400e-02
-3.069277e-02
-3.364239e-02
-3.716390e-02
-4.177365e-02
-4.660180e-02
-5.039558e-02
-5.248813e-02
-5.327714e-02
-5.389597e-02
-5.392149e-02
-5.140843e-02
-4.683919e-02
-4.349631e-02
-4.240484e-02
-4.107105e-02
-4.016047e-02
-4.092188e-02
-4.129317e-02
-4.141511e-02
-4.267408e-02
-4.442135e-02
-4.504797e-02
-4.569806e-02
-4.763622e-02
-4.937915e-02
-5.040681e-02
-5.098727e-02
-5.043248e-02
-4.699991e-02
-4.125633e-02
-3.416112e-02
-2.506760e-02
-1.560177e-02
-7.116987e-03
1.008709e-03
8.782809e-03
1.485875e-02
1.909070e-02
2.184531e-02
2.229556e-02
2.149041e-02
2.146656e-02
2.277989e-02
2.449921e-02
2.614446e-02
2.824173e-02
3.031118e-02
3.201509e-02
3.353281e-02
3.454155e-02
3.510706e-02
3.596151e-02
3.695167e-02
3.666222e-02
3.408892e-02
2.881552e-02
2.096481e-02
1.157035e-02
1.617186e-03
-8.557915e-03
-1.851860e-02
-2.724024e-02
-3.441088e-02
-4.070874e-02
-4.601255e-02
-5.022013e-02
-5.378039e-02
-5.580155e-02
-5.612287e-02
-5.597703e-02
-5.510183e-02
-5.292501e-02
-4.834718e-02
-3.994062e-02
-2.926967e-02
-1.824797e-02
-7.525628e-03
9.313551e-04
5.276906e-03
5.543169e-03
2.894198e-03
-1.468776e-03
-6.163474e-03
-9.635012e-03
-1.209135e-02
-1.403067e-02
-1.464051e-02
-1.372280e-02
-1.177230e-02
-9.673831e-03
-7.880947e-03
-5.202935e-03
-5.678105e-04
5.133991e-03
1.081418e-02
1.648888e-02
2.191169e-02
2.698368e-02
3.174642e-02
3.615972e-02
3.991963e-02
4.204860e-02
4.226353e-02
4.008195e-02
3.485655e-02
2.665712e-02
1.632805e-02
5.437761e-03
-4.924317e-03
-1.318727e-02
-1.804676e-02
-1.931338e-02
-1.747192e-02
-1.435320e-02
-1.171115e-02
-1.055251e-02
-1.072055e-02
-1.059743e-02
-8.687591e-03
-4.346101e-03
2.065789e-03
9.269270e-03
1.546475e-02
1.977066e-02
2.224149e-02
2.214097e-02
1.952159e-02
1.552514e-02
1.125116e-02
8.187463e-03
7.450807e-03
8.701509e-03
1.014005e-02
1.125164e-02
1.257308e-02
1.348182e-02
1.382252e-02
1.436108e-02
1.531131e-02
1.641155e-02
1.800210e-02
1.929738e-02
1.941713e-02
1.932589e-02
1.930866e-02
1.987067e-02
2.186607e-02
2.531009e-02
3.021544e-02
3.574066e-02
4.069403e-02
4.403352e-02
4.508013e-02
4.413808e-02
4.150600e-02
3.781692e-02
3.365121e-02
2.909685e-02
2.500797e-02
2.190974e-02
1.971624e-02
1.812167e-02
1.587251e-02
1.249108e-02
8.676666e-03
4.449511e-03
1.547968e-04
-3.974074e-03
-8.558751e-03
-1.256121e-02
-1.471890e-02
-1.505818e-02
-1.400651e-02
-1.221471e-02
-1.009230e-02
-8.466201e-03
-7.856570e-03
-8.074768e-03
-8.738891e-03
-9.363665e-03
-1.016354e-02
-1.185261e-02
-1.432357e-02
-1.643073e-02
-1.777600e-02
-1.830879e-02
-1.827679e-02
-1.842513e-02
-1.847944e-02
-1.838649e-02
-1.902101e-02
-2.106167e-02
-2.388447e-02
-2.612511e-02
-2.689238e-02
-2.630803e-02
-2.547399e-02
-2.472782e-02
-2.390681e-02
-2.295445e-02
-2.166196e-02
-2.008319e-02
-1.797149e-02
-1.447286e-02
-8.648386e-03
-6.792852e-04
8.148543e-03
1.623735e-02
2.162298e-02
2.361209e-02
2.358328e-02
2.222020e-02
1.896882e-02
1.477750e-02
1.147872e-02
1.026059e-02
1.173110e-02
1.489470e-02
1.909607e-02
2.472187e-02
3.123307e-02
3.796595e-02
4.350507e-02
4.600414e-02
4.575932e-02
4.438512e-02
4.218073e-02
3.908576e-02
3.569594e-02
3.243012e-02
2.961803e-02
2.640990e-02
2.217278e-02
1.730311e-02
1.241185e-02
8.851006e-03
6.702121e-03
5.230746e-03
4.391356e-03
4.200111e-03
5.099133e-03
7.236590e-03
1.023784e-02
1.368350e-02
1.692032e-02
1.989496e-02
2.234000e-02
2.352991e-02
2.332283e-02
2.165689e-02
1.941267e-02
1.745587e-02
1.556028e-02
1.372285e-02
1.183356e-02
9.983190e-03
8.555752e-03
7.674498e-03
7.228923e-03
6.813223e-03
6.859593e-03
7.983567e-03
9.579882e-03
1.128030e-02
1.367631e-02
1.703662e-02
2.058567e-02
2.309392e-02
2.360139e-02
2.213023e-02
1.977757e-02
1.742152e-02
1.535191e-02
1.344401e-02
1.180699e-02
1.115793e-02
1.123963e-02
1.088702e-02
9.785982e-03
8.531467e-03
7.834338e-03
8.191803e-03
9.404075e-03
1.082212e-02
1.236391e-02
1.457140e-02
1.744835e-02
2.018679e-02
2.253452e-02
2.482184e-02
2.714234e-02
2.935546e-02
3.100662e-02
3.151063e-02
3.070924e-02
2.890721e-02
2.669871e-02
2.475029e-02
2.349332e-02
2.307302e-02
2.317440e-02
2.342102e-02
2.342525e-02
2.272867e-02
2.149981e-02
1.988882e-02
1.797006e-02
1.628070e-02
1.454606e-02
1.250480e-02
1.100546e-02
1.009165e-02
9.533988e-03
8.979433e-03
7.865494e-03
6.749889e-03
6.079111e-03
6.597088e-03
8.612065e-03
1.107743e-02
1.376030e-02
1.681554e-02
1.967827e-02
2.179462e-02
2.312698e-02
2.395595e-02
2.485854e-02
2.579649e-02
2.619881e-02
2.639375e-02
2.676657e-02
2.704394e-02
2.681456e-02
2.569563e-02
2.349455e-02
2.032111e-02
1.639625e-02
1.176419e-02
6.844924e-03
2.809321e-03
7.705524e-04
1.050372e-03
3.306037e-03
7.021924e-03
1.126534e-02
1.497681e-02
1.764166e-02
1.965614e-02
2.188486e-02
2.402934e-02
2.590941e-02
2.799791e-02
2.986644e-02
3.129195e-02
3.226468e-02
3.269441e-02
3.271320e-02
3.215591e-02
3.116567e-02
2.982486e-02
2.790487e-02
2.576381e-02
2.347741e-02
2.047949e-02
1.711703e-02
1.430166e-02
1.187080e-02
9.215815e-03
6.938762e-03
5.993553e-03
5.803284e-03
5.526037e-03
5.114620e-03
4.567311e-03
4.117425e-03
4.048769e-03
3.943896e-03
3.016458e-03
1.526201e-03
2.777451e-04
-7.103973e-04
-1.547126e-03
-2.314824e-03
-3.145114e-03
-3.719479e-03
-3.879382e-03
-3.829788e-03
-3.692924e-03
-4.258641e-03
-6.271851e-03
-8.984278e-03
-1.145780e-02
-1.338667e-02
-1.489623e-02
-1.642013e-02
-1.773853e-02
-1.817645e-02
-1.750117e-02
-1.580091e-02
-1.309631e-02
-9.864294e-03
-6.823635e-03
-4.219900e-03
-2.628721e-03
-2.321129e-03
-2.834009e-03
-3.832586e-03
-4.765338e-03
-5.313850e-03
-5.588571e-03
-5.784519e-03
-6.500372e-03
-8.013329e-03
-9.953862e-03
-1.196064e-02
-1.373847e-02
-1.510983e-02
-1.574061e-02
-1.518864e-02
-1.365927e-02
-1.150889e-02
-8.988366e-03
-6.166118e-03
-2.444551e-03
2.302559e-03
7.806139e-03
1.370092e-02
1.864212e-02
2.166066e-02
2.289543e-02
2.261879e-02
2.086063e-02
1.767270e-02
1.387244e-02
1.070511e-02
8.817134e-03
8.027795e-03
7.877181e-03
8.020293e-03
8.054885e-03
7.648095e-03
6.785587e-03
5.749529e-03
5.128074e-03
5.469880e-03
6.629222e-03
8.008946e-03
9.290113e-03
1.054215e-02
1.174072e-02
1.252114e-02
1.259691e-02
1.192441e-02
1.023462e-02
7.201835e-03
3.371930e-03
-1.278727e-04
-2.696277e-03
-4.701066e-03
-7.068165e-03
-1.037819e-02
-1.435024e-02
-1.797237e-02
-2.056606e-02
-2.238476e-02
-2.384900e-02
-2.492141e-02
-2.517929e-02
-2.466995e-02
-2.396012e-02
-2.309245e-02
-2.171788e-02
-1.973070e-02
-1.733728e-02
-1.490264e-02
-1.276616e-02
-1.118601e-02
-1.004672e-02
-8.711501e-03
-6.771789e-03
-4.424338e-03
-1.625941e-03
1.874647e-03
5.746568e-03
9.414044e-03
1.205889e-02
1.264281e-02
1.092487e-02
7.467431e-03
3.071298e-03
-1.437261e-03
-5.247603e-03
-7.933109e-03
-9.924402e-03
-1.152919e-02
-1.262300e-02
-1.357368e-02
-1.488161e-02
-1.647866e-02
-1.758180e-02
-1.764865e-02
-1.710535e-02
-1.646644e-02
-1.624684e-02
-1.687308e-02
-1.801924e-02
-1.912119e-02
-2.002271e-02
-2.066220e-02
-2.063135e-02
-1.934200e-02
-1.670398e-02
-1.348113e-02
-1.057427e-02
-8.676733e-03
-8.180987e-03
-8.660295e-03
-9.757198e-03
-1.180821e-02
-1.430278e-02
-1.586435e-02
-1.604668e-02
-1.521151e-02
-1.343086e-02
-1.044985e-02
-6.592121e-03
-2.563985e-03
1.538600e-03
5.328378e-03
8.238974e-03
1.032079e-02
1.138964e-02
1.136008e-02
1.085815e-02
1.049360e-02
9.975324e-03
8.517838e-03
5.923046e-03
2.497617e-03
-1.260366e-03
-5.088146e-03
-9.123271e-03
-1.326901e-02
-1.686243e-02
-1.943934e-02
-2.123791e-02
-2.244565e-02
-2.328786e-02
-2.397953e-02
-2.441559e-02
-2.448304e-02
-2.403197e-02
-2.291019e-02
-2.088969e-02
-1.802770e-02
-1.462587e-02
-1.092783e-02
-7.237683e-03
-4.058682e-03
-1.950022e-03
-8.174815e-04
-3.625480e-04
-1.516884e-04
3.462289e-04
1.307575e-03
2.779437e-03
4.303883e-03
5.522437e-03
6.034362e-03
5.487645e-03
4.683747e-03
4.433027e-03
4.967749e-03
6.128744e-03
7.547492e-03
9.170622e-03
1.085795e-02
1.227089e-02
1.343721e-02
1.446474e-02
1.517005e-02
1.568690e-02
1.617463e-02
1.647996e-02
1.656281e-02
1.596831e-02
1.420628e-02
1.155640e-02
8.336609e-03
4.882053e-03
1.679887e-03
-9.653082e-04
-2.844137e-03
-4.204668e-03
-5.603636e-03
-7.456604e-03
-9.776871e-03
-1.205153e-02
-1.399718e-02
-1.567171e-02
-1.674554e-02
-1.667429e-02
-1.554854e-02
-1.402726e-02
-1.255018e-02
-1.123554e-02
-1.011516e-02
-9.193754e-03
-8.654184e-03
-8.429203e-03
-7.835173e-03
-6.329446e-03
-3.812993e-03
-4.806020e-04
3.180105e-03
6.653736e-03
9.561689e-03
1.190318e-02
1.407120e-02
1.624772e-02
1.831108e-02
2.011216e-02
2.133689e-02
2.194787e-02
2.216803e-02
2.191451e-02
2.143104e-02
2.135736e-02
2.209742e-02
2.359918e-02
2.542971e-02
2.696320e-02
2.759772e-02
2.767921e-02
2.759337e-02
2.686084e-02
2.590149e-02
2.537097e-02
2.501675e-02
2.487802e-02
2.515605e-02
2.569495e-02
2.599272e-02
2.562842e-02
2.475813e-02
2.341956e-02
2.173420e-02
2.025243e-02
1.897357e-02
1.724146e-02
1.504305e-02
1.292031e-02
1.087092e-02
8.989350e-03
7.473191e-03
6.126622e-03
4.760406e-03
3.266112e-03
1.720547e-03
5.827147e-06
-1.888475e-03
-3.484675e-03
-4.583254e-03
-5.028058e-03
-4.626263e-03
-3.621118e-03
-2.371363e-03
-1.246201e-03
-5.121551e-04
-2.942043e-04
-1.051405e-03
-3.106771e-03
-5.810223e-03
-8.273274e-03
-1.020373e-02
-1.138453e-02
-1.155567e-02
-1.082149e-02
-9.511909e-03
-8.069161e-03
-7.002577e-03
-6.603390e-03
-6.588643e-03
-6.669044e-03
-7.187641e-03
-8.177272e-03
-9.385501e-03
-1.064958e-02
-1.160409e-02
-1.243963e-02
-1.336690e-02
-1.389871e-02
-1.380137e-02
-1.347914e-02
-1.331932e-02
-1.329652e-02
-1.337933e-02
-1.355352e-02
-1.339204e-02
-1.247226e-02
-1.090998e-02
-8.978797e-03
-6.988477e-03
-5.302955e-03
-3.992037e-03
-3.000116e-03
-2.449472e-03
-2.255190e-03
-2.228413e-03
-2.309214e-03
-2.115482e-03
-1.700610e-03
-1.110467e-03
-3.082720e-04
-1.367281e-05
-3.682918e-04
-1.199725e-03
-2.227593e-03
-3.149072e-03
-4.034938e-03
-4.690133e-03
-5.140527e-03
-5.613824e-03
-6.604720e-03
-8.432899e-03
-1.053556e-02
-1.236464e-02
-1.371032e-02
-1.459605e-02
-1.513825e-02
-1.540843e-02
-1.583902e-02
-1.711478e-02
-1.942706e-02
-2.248425e-02
-2.610855e-02
-3.005254e-02
-3.377170e-02
-3.691295e-02
-3.946406e-02
-4.174615e-02
-4.438454e-02
-4.763164e-02
-5.118207e-02
-5.468430e-02
-5.783889e-02
-6.000077e-02
-6.044048e-02
-5.932758e-02
-5.728356e-02
-5.473016e-02
-5.200163e-02
-4.909012e-02
-4.608700e-02
-4.320741e-02
-4.031534e-02
-3.696471e-02
-3.257476e-02
-2.735186e-02
-2.209275e-02
-1.731139e-02
-1.325155e-02
-1.000850e-02
-7.572725e-03
-5.365719e-03
-2.503315e-03
1.497512e-03
6.656991e-03
1.275600e-02
1.987617e-02
2.753239e-02
3.405337e-02
3.836215e-02
4.067072e-02
4.166764e-02
4.247630e-02
4.404097e-02
4.643920e-02
4.957772e-02
5.325826e-02
5.673445e-02
5.926636e-02
6.052987e-02
6.073079e-02
6.067082e-02
6.108791e-02
6.216279e-02
6.378798e-02
6.564420e-02
6.694497e-02
6.716489e-02
6.640743e-02
6.449536e-02
6.135984e-02
5.751085e-02
5.367283e-02
5.043515e-02
4.766507e-02
4.495329e-02
4.177014e-02
3.747269e-02
3.208321e-02
2.620050e-02
2.051189e-02
1.541997e-02
1.099025e-02
7.119838e-03
3.772291e-03
6.377556e-04
-3.093262e-03
-7.645109e-03
-1.256145e-02
-1.729788e-02
-2.125282e-02
-2.386979e-02
-2.500968e-02
-2.500588e-02
-2.415219e-02
-2.307024e-02
-2.248936e-02
-2.233730e-02
-2.214287e-02
-2.177532e-02
-2.111087e-02
-1.969106e-02
-1.777068e-02
-1.590360e-02
-1.408476e-02
-1.232926e-02
-1.027965e-02
-7.336786e-03
-3.366603e-03
1.248903e-03
5.904408e-03
1.017804e-02
1.343222e-02
1.488332e-02
1.481292e-02
1.427725e-02
1.369794e-02
1.358836e-02
1.464065e-02
1.633378e-02
1.775703e-02
1.860670e-02
1.900047e-02
1.917967e-02
1.913687e-02
1.879787e-02
1.834891e-02
1.813290e-02
1.832934e-02
1.885322e-02
1.953240e-02
2.017716e-02
2.073247e-02
2.108728e-02
2.090522e-02
2.013225e-02
1.892353e-02
1.740922e-02
1.578593e-02
1.411791e-02
1.235487e-02
1.060019e-02
9.163615e-03
8.396070e-03
8.342625e-03
8.643988e-03
8.973555e-03
9.177329e-03
9.073911e-03
8.545641e-03
7.389725e-03
5.382835e-03
2.558676e-03
-9.397615e-04
-4.713155e-03
-8.335646e-03
-1.182765e-02
-1.533570e-02
-1.879981e-02
-2.213397e-02
-2.544770e-02
-2.867026e-02
-3.147566e-02
-3.366745e-02
-3.515603e-02
-3.595877e-02
-3.609808e-02
-3.552307e-02
-3.424649e-02
-3.236760e-02
-3.013861e-02
-2.786991e-02
-2.596038e-02
-2.460657e-02
-2.336640e-02
-2.195827e-02
-2.065700e-02
-1.947438e-02
-1.824068e-02
-1.702213e-02
-1.562987e-02
-1.377539e-02
-1.163059e-02
-9.734236e-03
-8.190126e-03
-6.699517e-03
-5.619808e-03
-5.335667e-03
-5.610798e-03
-6.046643e-03
-6.659660e-03
-7.483636e-03
-7.818264e-03
-7.566341e-03
-7.281811e-03
-6.974031e-03
-6.628190e-03
-6.436464e-03
-6.302696e-03
-5.804171e-03
-4.784693e-03
-3.346431e-03
-1.349054e-03
1.192077e-03
3.886633e-03
6.399872e-03
8.498622e-03
1.005250e-02
1.098205e-02
1.105519e-02
1.025777e-02
8.948563e-03
7.421289e-03
5.650568e-03
3.308377e-03
1.594821e-04
-3.690635e-03
-8.206375e-03
-1.335910e-02
-1.864522e-02
-2.339449e-02
-2.737458e-02
-3.072512e-02
-3.347461e-02
-3.570463e-02
-3.782122e-02
-4.006429e-02
-4.248952e-02
-4.519404e-02
-4.790478e-02
-5.011732e-02
-5.169057e-02
-5.275799e-02
-5.338474e-02
-5.369846e-02
-5.408662e-02
-5.434025e-02
-5.414796e-02
-5.392335e-02
-5.337645e-02
-5.207540e-02
-5.014332e-02
-4.788478e-02
-4.564300e-02
-4.313118e-02
-4.080046e-02
-3.939351e-02
-3.827372e-02
-3.679872e-02
-3.520145e-02
-3.382159e-02
-3.233390e-02
-3.049968e-02
-2.858651e-02
-2.644511e-02
-2.419654e-02
-2.242989e-02
-2.093299e-02
-1.946310e-02
-1.837897e-02
-1.765390e-02
-1.686426e-02
-1.561436e-02
-1.402160e-02
-1.252992e-02
-1.123081e-02
-1.033410e-02
-1.002571e-02
-1.003780e-02
-1.034231e-02
-1.106434e-02
-1.193547e-02
-1.286527e-02
-1.407387e-02
-1.537779e-02
-1.639034e-02
-1.708362e-02
-1.749370e-02
-1.742690e-02
-1.698107e-02
-1.646529e-02
-1.585003e-02
-1.514084e-02
-1.435376e-02
-1.313470e-02
-1.128383e-02
-9.041096e-03
-6.740960e-03
-4.518005e-03
-2.466938e-03
-8.119140e-04
7.708573e-04
2.642566e-03
4.601672e-03
6.762413e-03
9.044806e-03
1.098192e-02
1.215949e-02
1.198572e-02
1.013502e-02
6.741822e-03
2.400933e-03
-2.021017e-03
-5.643442e-03
-7.703281e-03
-8.124295e-03
-7.345377e-03
-5.945708e-03
-4.523720e-03
-3.702611e-03
-4.099734e-03
-5.322438e-03
-6.484348e-03
-7.341420e-03
-7.643257e-03
-7.136755e-03
-5.875966e-03
-4.216456e-03
-2.816459e-03
-2.169192e-03
-2.358528e-03
-3.134225e-03
-3.864918e-03
-3.825317e-03
-2.939532e-03
-1.401656e-03
5.382859e-04
2.172709e-03
3.047974e-03
3.237202e-03
3.065703e-03
2.855827e-03
2.897888e-03
3.640675e-03
5.079656e-03
6.604723e-03
7.712977e-03
8.189868e-03
8.077681e-03
7.675382e-03
6.975419e-03
5.783408e-03
4.268177e-03
2.622119e-03
8.843124e-04
-1.199711e-03
-3.907936e-03
-6.795888e-03
-9.442224e-03
-1.192670e-02
-1.403202e-02
-1.552675e-02
-1.646201e-02
-1.692836e-02
-1.705182e-02
-1.703748e-02
-1.718381e-02
-1.757650e-02
-1.819863e-02
-1.872933e-02
-1.917895e-02
-2.014577e-02
-2.121841e-02
-2.183037e-02
-2.202060e-02
-2.162135e-02
-2.049728e-02
-1.867402e-02
-1.654626e-02
-1.449165e-02
-1.273690e-02
-1.159105e-02
-1.062144e-02
-9.168293e-03
-7.047869e-03
-4.369000e-03
-1.287982e-03
2.265701e-03
5.963988e-03
9.322665e-03
1.209835e-02
1.400694e-02
1.519770e-02
1.610249e-02
1.691957e-02
1.768949e-02
1.839241e-02
1.911060e-02
1.986730e-02
2.047250e-02
2.097184e-02
2.158121e-02
2.238730e-02
2.315072e-02
2.378285e-02
2.458838e-02
2.510443e-02
2.507626e-02
2.513766e-02
2.550221e-02
2.611669e-02
2.678233e-02
2.702191e-02
2.641486e-02
2.526503e-02
2.419697e-02
2.296916e-02
2.107355e-02
1.865996e-02
1.640859e-02
1.432127e-02
1.165226e-02
8.136525e-03
3.936251e-03
-2.936874e-04
-3.730528e-03
-6.032377e-03
-7.072714e-03
-6.875986e-03
-5.441748e-03
-3.207674e-03
-1.250023e-03
-1.154916e-05
9.360138e-04
2.007858e-03
3.522375e-03
5.624242e-03
8.015386e-03
1.025194e-02
1.184129e-02
1.237717e-02
1.163156e-02
9.711758e-03
7.157101e-03
4.581780e-03
2.661685e-03
1.772909e-03
1.726755e-03
2.076205e-03
1.975428e-03
6.115402e-04
-1.903204e-03
-4.983360e-03
-8.310732e-03
-1.140869e-02
-1.384533e-02
-1.571290e-02
-1.695187e-02
-1.752450e-02
-1.791237e-02
-1.872340e-02
-2.028099e-02
-2.240460e-02
-2.471016e-02
-2.702983e-02
-2.921316e-02
-3.094620e-02
-3.210411e-02
-3.280137e-02
-3.318451e-02
-3.334043e-02
-3.312277e-02
-3.206669e-02
-2.976924e-02
-2.633449e-02
-2.195540e-02
-1.670220e-02
-1.099403e-02
-5.408195e-03
-3.220106e-04
3.980462e-03
7.613210e-03
1.088250e-02
1.348232e-02
1.525037e-02
1.663067e-02
1.794903e-02
1.922425e-02
2.000812e-02
1.984202e-02
1.881215e-02
1.726648e-02
1.571075e-02
1.471718e-02
1.454090e-02
1.508475e-02
1.634660e-02
1.825136e-02
2.024116e-02
2.169449e-02
2.238356e-02
2.262316e-02
2.297542e-02
2.384467e-02
2.553764e-02
2.807718e-02
3.135499e-02
3.516364e-02
3.867108e-02
4.112025e-02
4.264793e-02
4.372075e-02
4.460100e-02
4.550929e-02
4.663271e-02
4.816347e-02
5.016572e-02
5.209412e-02
5.315252e-02
5.283486e-02
5.159791e-02
5.031423e-02
4.915510e-02
4.839607e-02
4.840015e-02
4.914568e-02
5.020491e-02
5.084197e-02
5.040794e-02
4.869394e-02
4.644308e-02
4.428903e-02
4.251912e-02
4.160416e-02
4.155513e-02
4.227554e-02
4.337395e-02
4.389855e-02
4.320723e-02
4.141667e-02
3.924231e-02
3.744556e-02
3.658828e-02
3.677422e-02
3.763629e-02
3.875233e-02
3.961778e-02
3.969545e-02
3.866054e-02
3.673497e-02
3.448560e-02
3.217551e-02
2.986671e-02
2.768450e-02
2.567214e-02
2.349342e-02
2.069928e-02
1.709128e-02
1.256360e-02
7.234873e-03
1.696007e-03
-3.291851e-03
-7.356420e-03
-1.017186e-02
-1.135349e-02
-1.114022e-02
-1.035133e-02
-9.697534e-03
-9.302858e-03
-8.998261e-03
-8.589530e-03
-8.012167e-03
-7.253630e-03
-6.144852e-03
-4.877057e-03
-4.063887e-03
-3.632857e-03
-3.275148e-03
-3.477233e-03
-3.923707e-03
-3.851950e-03
-3.166585e-03
-1.909393e-03
-5.358693e-04
7.430176e-04
1.490753e-03
1.041172e-03
-1.067446e-04
-1.288058e-03
-2.406361e-03
-3.114040e-03
-3.045144e-03
-2.833283e-03
-3.011594e-03
-3.572645e-03
-4.886821e-03
-6.695685e-03
-8.432889e-03
-9.905676e-03
-1.101428e-02
-1.187442e-02
-1.234659e-02
-1.272188e-02
-1.354221e-02
-1.452762e-02
-1.540784e-02
-1.584929e-02
-1.552626e-02
-1.494165e-02
-1.463362e-02
-1.478914e-02
-1.531608e-02
-1.580750e-02
-1.621163e-02
-1.670752e-02
-1.704651e-02
-1.708572e-02
-1.711798e-02
-1.716082e-02
-1.727998e-02
-1.765611e-02
-1.799317e-02
-1.805275e-02
-1.781917e-02
-1.719713e-02
-1.603746e-02
-1.451593e-02
-1.307103e-02
-1.163616e-02
-9.935934e-03
-8.025230e-03
-6.023680e-03
-4.104459e-03
-2.420511e-03
-8.539698e-04
6.100706e-04
1.845915e-03
2.933053e-03
4.012231e-03
5.179959e-03
6.440165e-03
7.481525e-03
7.645174e-03
6.716586e-03
5.364398e-03
4.311257e-03
3.986080e-03
4.421201e-03
5.240242e-03
6.060795e-03
6.385549e-03
5.959700e-03
4.869352e-03
3.130465e-03
9.904657e-04
-9.455436e-04
-2.166907e-03
-2.747156e-03
-3.026080e-03
-3.378279e-03
-4.175833e-03
-5.215753e-03
-5.997654e-03
-6.143670e-03
-5.336484e-03
-3.370243e-03
-2.759956e-04
3.216945e-03
6.045912e-03
7.751764e-03
8.521022e-03
8.923057e-03
9.441600e-03
1.015169e-02
1.113756e-02
1.256098e-02
1.429176e-02
1.585344e-02
1.680324e-02
1.712565e-02
1.701840e-02
1.662898e-02
1.607181e-02
1.560558e-02
1.557290e-02
1.604642e-02
1.712611e-02
1.883597e-02
2.078710e-02
2.264640e-02
2.422647e-02
2.539916e-02
2.626612e-02
2.699387e-02
2.745044e-02
2.744801e-02
2.709398e-02
2.632500e-02
2.497987e-02
2.338332e-02
2.203805e-02
2.119613e-02
2.087820e-02
2.099083e-02
2.148313e-02
2.226104e-02
2.296841e-02
2.322715e-02
2.298550e-02
2.247844e-02
2.190126e-02
2.117900e-02
2.028574e-02
1.948330e-02
1.897238e-02
1.874893e-02
1.878327e-02
1.892512e-02
1.887774e-02
1.837719e-02
1.733744e-02
1.591667e-02
1.426919e-02
1.244420e-02
1.051056e-02
8.503821e-03
6.592910e-03
5.006346e-03
3.758697e-03
2.822887e-03
2.132117e-03
1.410369e-03
4.116239e-04
-6.027482e-04
-1.413557e-03
-2.181080e-03
-2.768992e-03
-3.173965e-03
-3.633552e-03
-4.322764e-03
-5.520141e-03
-7.287441e-03
-9.418051e-03
-1.119374e-02
-1.188190e-02
-1.148545e-02
-1.016540e-02
-8.219839e-03
-6.192845e-03
-4.597802e-03
-3.779408e-03
-3.887293e-03
-4.578366e-03
-4.787548e-03
-3.982868e-03
-2.393886e-03
-2.803072e-04
1.664551e-03
2.848112e-03
3.466058e-03
3.941845e-03
4.407860e-03
4.748334e-03
4.937343e-03
5.033421e-03
5.113138e-03
5.353478e-03
5.886351e-03
6.743007e-03
7.975780e-03
9.647717e-03
1.145349e-02
1.286642e-02
1.393015e-02
1.504576e-02
1.634373e-02
1.770694e-02
1.881927e-02
1.932552e-02
1.902367e-02
1.793073e-02
1.618713e-02
1.380755e-02
1.110807e-02
8.771814e-03
6.968600e-03
5.461162e-03
4.129941e-03
2.828662e-03
1.387290e-03
-2.771723e-04
-1.969803e-03
-3.347626e-03
-4.244654e-03
-4.670640e-03
-4.976712e-03
-5.651260e-03
-7.076657e-03
-9.318093e-03
-1.185125e-02
-1.427362e-02
-1.630645e-02
-1.735735e-02
-1.727530e-02
-1.652529e-02
-1.556140e-02
-1.472614e-02
-1.440382e-02
-1.460427e-02
-1.487716e-02
-1.492628e-02
-1.460806e-02
-1.371785e-02
-1.218056e-02
-1.015923e-02
-8.196245e-03
-6.897364e-03
-6.295822e-03
-5.959345e-03
-5.330046e-03
-4.043433e-03
-2.116938e-03
2.783414e-04
3.100962e-03
6.260447e-03
9.133665e-03
1.104615e-02
1.197670e-02
1.237505e-02
1.270164e-02
1.324254e-02
1.417979e-02
1.545573e-02
1.691746e-02
1.847355e-02
1.976786e-02
2.047749e-02
2.058671e-02
2.013363e-02
1.928493e-02
1.820427e-02
1.703256e-02
1.601360e-02
1.524060e-02
1.478656e-02
1.474352e-02
1.505605e-02
1.569097e-02
1.657928e-02
1.751105e-02
1.836656e-02
1.913204e-02
1.968980e-02
2.001476e-02
1.997968e-02
1.931407e-02
1.816424e-02
1.666642e-02
1.489085e-02
1.321682e-02
1.158350e-02
9.882527e-03
8.669100e-03
7.997445e-03
7.282561e-03
6.360830e-03
5.442334e-03
4.520604e-03
3.216036e-03
1.338844e-03
-8.644472e-04
-3.073454e-03
-4.942020e-03
-6.346000e-03
-7.321893e-03
-7.446652e-03
-6.532697e-03
-5.057158e-03
-3.504637e-03
-2.429893e-03
-2.034077e-03
-2.070901e-03
-2.295418e-03
-2.480206e-03
-2.504610e-03
-2.088091e-03
-1.435776e-03
-9.914865e-04
-7.208135e-04
-8.011995e-04
-1.087135e-03
-1.182052e-03
-1.100074e-03
-1.066917e-03
-1.201929e-03
-1.168680e-03
-1.147389e-03
-1.441799e-03
-1.411843e-03
-7.631280e-04
1.093233e-04
1.165726e-03
2.630933e-03
4.192275e-03
5.175352e-03
5.397499e-03
5.171406e-03
4.618238e-03
3.762793e-03
2.882029e-03
2.121016e-03
1.561832e-03
1.343912e-03
1.342810e-03
1.231466e-03
7.824681e-04
-1.345131e-05
-9.722172e-04
-1.808963e-03
-2.455550e-03
-2.973988e-03
-3.209027e-03
-3.163298e-03
-3.232842e-03
-3.774936e-03
-4.851161e-03
-6.361513e-03
-7.869670e-03
-8.700215e-03
-8.761866e-03
-8.380779e-03
-7.638648e-03
-6.573369e-03
-5.772604e-03
-5.712754e-03
-6.085756e-03
-6.766643e-03
-7.737605e-03
-8.805824e-03
-9.858763e-03
-1.083642e-02
-1.174374e-02
-1.250287e-02
-1.321461e-02
-1.390118e-02
-1.433208e-02
-1.424131e-02
-1.349660e-02
-1.242812e-02
-1.124475e-02
-9.971964e-03
-9.004375e-03
-8.504165e-03
-8.171507e-03
-7.682534e-03
-6.838557e-03
-5.650576e-03
-4.147003e-03
-2.494871e-03
-1.057647e-03
-1.612362e-04
-1.397998e-04
-8.549698e-04
-1.807949e-03
-2.863036e-03
-3.865713e-03
-4.567461e-03
-4.853420e-03
-4.486488e-03
-3.589217e-03
-2.703025e-03
-2.100134e-03
-1.692951e-03
-1.281600e-03
-7.083718e-04
1.842018e-04
1.511729e-03
3.308223e-03
5.517294e-03
7.821501e-03
9.640577e-03
1.071455e-02
1.131582e-02
1.178916e-02
1.245605e-02
1.333350e-02
1.425610e-02
1.518867e-02
1.596956e-02
1.646567e-02
1.654156e-02
1.606999e-02
1.532126e-02
1.460814e-02
1.388982e-02
1.310736e-02
1.228288e-02
1.135231e-02
1.017905e-02
8.711730e-03
7.107386e-03
5.358961e-03
3.358248e-03
1.144173e-03
-1.306150e-03
-3.787665e-03
-5.999567e-03
-7.799273e-03
-9.228485e-03
-1.045075e-02
-1.149497e-02
-1.244346e-02
-1.333556e-02
-1.449663e-02
-1.592766e-02
-1.699597e-02
-1.776647e-02
-1.833994e-02
-1.862546e-02
-1.893515e-02
-1.949468e-02
-2.010942e-02
-2.045454e-02
-2.075598e-02
-2.112797e-02
-2.106320e-02
-2.035663e-02
-1.924581e-02
-1.780654e-02
-1.590061e-02
-1.357429e-02
-1.115079e-02
-8.881901e-03
-7.110241e-03
-6.225864e-03
-6.079053e-03
-6.357317e-03
-6.872040e-03
-7.361888e-03
-7.567198e-03
-7.394445e-03
-7.059378e-03
-6.722905e-03
-6.531724e-03
-6.817627e-03
-7.716233e-03
-9.018575e-03
-1.040053e-02
-1.176132e-02
-1.316488e-02
-1.468253e-02
-1.647558e-02
-1.858229e-02
-2.082451e-02
-2.312040e-02
-2.542005e-02
-2.757600e-02
-2.950112e-02
-3.127298e-02
-3.303990e-02
-3.464033e-02
-3.583406e-02
-3.667301e-02
-3.717529e-02
-3.715965e-02
-3.659732e-02
-3.594305e-02
-3.542702e-02
-3.479598e-02
-3.418538e-02
-3.387116e-02
-3.382937e-02
-3.403270e-02
-3.449409e-02
-3.506255e-02
-3.547565e-02
-3.564530e-02
-3.561150e-02
-3.549515e-02
-3.544298e-02
-3.541287e-02
-3.527986e-02
-3.511790e-02
-3.512715e-02
-3.517998e-02
-3.495911e-02
-3.447635e-02
-3.396065e-02
-3.366232e-02
-3.381503e-02
-3.453516e-02
-3.565833e-02
-3.693265e-02
-3.822670e-02
-3.915553e-02
-3.931326e-02
-3.867954e-02
-3.756700e-02
-3.649790e-02
-3.574740e-02
-3.530922e-02
-3.519131e-02
-3.540844e-02
-3.582077e-02
-3.599914e-02
-3.544267e-02
-3.423203e-02
-3.296437e-02
-3.194888e-02
-3.139876e-02
-3.155203e-02
-3.217651e-02
-3.283671e-02
-3.327121e-02
-3.308676e-02
-3.198426e-02
-3.037301e-02
-2.872052e-02
-2.720141e-02
-2.607447e-02
-2.526812e-02
-2.438388e-02
-2.317050e-02
-2.145935e-02
-1.937814e-02
-1.744892e-02
-1.601551e-02
-1.518068e-02
-1.525392e-02
-1.628696e-02
-1.764519e-02
-1.893180e-02
-1.995343e-02
-2.053494e-02
-2.086532e-02
-2.102171e-02
-2.104446e-02
-2.114075e-02
-2.159268e-02
-2.235991e-02
-2.306004e-02
-2.350801e-02
-2.366603e-02
-2.365226e-02
-2.367402e-02
-2.388235e-02
-2.423955e-02
-2.485661e-02
-2.588695e-02
-2.675162e-02
-2.704103e-02
-2.694477e-02
-2.653988e-02
-2.592117e-02
-2.520236e-02
-2.439782e-02
-2.338692e-02
-2.207302e-02
-2.049956e-02
-1.853094e-02
-1.631925e-02
-1.432534e-02
-1.261746e-02
-1.105626e-02
-9.464019e-03
-7.808524e-03
-6.149618e-03
-4.075346e-03
-1.346277e-03
1.468102e-03
3.857223e-03
5.582760e-03
6.492859e-03
6.747809e-03
6.704290e-03
6.761441e-03
6.998250e-03
7.495371e-03
8.467114e-03
9.412511e-03
9.665264e-03
9.324559e-03
8.693844e-03
7.893119e-03
7.274081e-03
7.129926e-03
7.434217e-03
8.290829e-03
9.642630e-03
1.116107e-02
1.262262e-02
1.379879e-02
1.457509e-02
1.507798e-02
1.566228e-02
1.671625e-02
1.828015e-02
2.011115e-02
2.184892e-02
2.309143e-02
2.353385e-02
2.305309e-02
2.186762e-02
2.059143e-02
1.983173e-02
1.994109e-02
2.076455e-02
2.166824e-02
2.211744e-02
2.182885e-02
2.083082e-02
1.922453e-02
1.706749e-02
1.481330e-02
1.315809e-02
1.230562e-02
1.193701e-02
1.176482e-02
1.149776e-02
1.091259e-02
1.016943e-02
9.479472e-03
8.764449e-03
7.859672e-03
6.635091e-03
5.004237e-03
2.977271e-03
4.929831e-04
-2.456114e-03
-5.517851e-03
-8.154256e-03
-9.983195e-03
-1.090092e-02
-1.112112e-02
-1.094668e-02
-1.053210e-02
-1.008529e-02
-9.921861e-03
-1.023722e-02
-1.102431e-02
-1.219285e-02
-1.373569e-02
-1.556640e-02
-1.742990e-02
-1.911451e-02
-2.022838e-02
-2.058872e-02
-2.056468e-02
-2.041977e-02
-2.031390e-02
-2.026181e-02
-2.014381e-02
-1.995475e-02
-1.961785e-02
-1.912973e-02
-1.827924e-02
-1.697935e-02
-1.566423e-02
-1.442113e-02
-1.335017e-02
-1.269048e-02
-1.225839e-02
-1.189358e-02
-1.154768e-02
-1.110789e-02
-1.047666e-02
-9.862141e-03
-9.691549e-03
-1.015687e-02
-1.122589e-02
-1.254998e-02
-1.380536e-02
-1.495395e-02
-1.577264e-02
-1.614538e-02
-1.638584e-02
-1.688514e-02
-1.781650e-02
-1.905818e-02
-2.034732e-02
-2.143172e-02
-2.217964e-02
-2.250149e-02
-2.243082e-02
-2.215679e-02
-2.178183e-02
-2.162804e-02
-2.195339e-02
-2.242549e-02
-2.276176e-02
-2.286868e-02
-2.275277e-02
-2.253645e-02
-2.213263e-02
-2.157213e-02
-2.100859e-02
-2.045020e-02
-1.983151e-02
-1.901642e-02
-1.811413e-02
-1.742464e-02
-1.723068e-02
-1.759333e-02
-1.816096e-02
-1.862643e-02
-1.875172e-02
-1.835427e-02
-1.753354e-02
-1.645200e-02
-1.515282e-02
-1.362637e-02
-1.194901e-02
-1.026118e-02
-8.715110e-03
-7.200958e-03
-5.658421e-03
-4.417559e-03
-3.697327e-03
-3.253313e-03
-2.641873e-03
-1.908224e-03
-1.071335e-03
2.598864e-05
1.267451e-03
2.507396e-03
3.387022e-03
3.798882e-03
3.850773e-03
3.601993e-03
3.050723e-03
2.234624e-03
1.341453e-03
6.780479e-05
-1.150537e-03
-1.646523e-03
-1.828887e-03
-1.974529e-03
-2.302239e-03
-2.579417e-03
-2.080518e-03
-9.956918e-04
-2.823949e-04
-5.542013e-04
-1.567656e-03
-2.772881e-03
-3.933294e-03
-5.233896e-03
-6.827867e-03
-8.352613e-03
-9.510704e-03
-1.048299e-02
-1.147539e-02
-1.265709e-02
-1.418037e-02
-1.595593e-02
-1.783169e-02
-1.973967e-02
-2.149188e-02
-2.267241e-02
-2.295918e-02
-2.248969e-02
-2.158563e-02
-2.037543e-02
-1.909951e-02
-1.813633e-02
-1.764482e-02
-1.759013e-02
-1.749467e-02
-1.689327e-02
-1.599004e-02
-1.506335e-02
-1.420543e-02
-1.347385e-02
-1.303701e-02
-1.311191e-02
-1.358991e-02
-1.412419e-02
-1.429711e-02
-1.377855e-02
-1.278200e-02
-1.179498e-02
-1.099219e-02
-1.039003e-02
-9.971567e-03
-9.592333e-03
-8.858346e-03
-7.593152e-03
-5.858429e-03
-3.698101e-03
-1.432695e-03
6.465636e-04
2.405006e-03
3.900885e-03
4.815615e-03
5.150302e-03
5.722081e-03
6.531476e-03
7.381989e-03
8.302271e-03
9.183816e-03
9.960521e-03
1.051567e-02
1.089710e-02
1.098513e-02
1.076648e-02
1.049946e-02
1.035465e-02
1.033377e-02
1.025883e-02
1.008159e-02
9.817940e-03
9.530035e-03
9.241773e-03
8.777198e-03
8.200966e-03
7.684147e-03
7.331174e-03
7.280455e-03
7.447248e-03
7.654257e-03
7.701395e-03
7.546908e-03
7.526504e-03
7.918447e-03
8.747486e-03
9.856799e-03
1.084905e-02
1.131310e-02
1.116106e-02
1.051688e-02
9.451823e-03
8.004139e-03
6.413463e-03
5.098779e-03
4.353355e-03
4.061192e-03
3.728202e-03
3.030096e-03
1.833633e-03
1.668984e-04
-1.643434e-03
-3.585796e-03
-5.692052e-03
-7.451902e-03
-8.512898e-03
-8.967338e-03
-8.901475e-03
-8.358379e-03
-7.548377e-03
-6.833762e-03
-6.220227e-03
-5.271007e-03
-4.073575e-03
-3.189430e-03
-2.527499e-03
-1.979824e-03
-1.947137e-03
-2.430005e-03
-3.455890e-03
-4.941287e-03
-6.273604e-03
-7.140210e-03
-7.398750e-03
-7.272679e-03
-7.234122e-03
-7.457054e-03
-8.253070e-03
-9.769784e-03
-1.173595e-02
-1.357280e-02
-1.488395e-02
-1.565605e-02
-1.560657e-02
-1.465878e-02
-1.313540e-02
-1.146988e-02
-1.006705e-02
-8.959900e-03
-8.040294e-03
-7.132194e-03
-6.238573e-03
-5.476844e-03
-4.810512e-03
-4.226984e-03
-3.659996e-03
-3.130181e-03
-2.621825e-03
-2.014507e-03
-1.371059e-03
-8.752252e-04
-5.105005e-04
-1.729721e-04
-4.008252e-05
-3.156385e-05
-3.087786e-05
-2.015013e-04
-2.699133e-04
-1.731465e-05
4.281167e-04
9.345507e-04
1.321715e-03
1.650653e-03
2.110176e-03
2.789923e-03
3.768375e-03
5.022042e-03
6.459522e-03
7.900945e-03
9.107563e-03
1.002660e-02
1.068357e-02
1.120689e-02
1.174751e-02
1.222013e-02
1.258274e-02
1.276240e-02
1.264756e-02
1.228230e-02
1.161467e-02
1.059600e-02
9.462600e-03
8.538264e-03
7.840103e-03
7.285971e-03
6.744576e-03
5.843203e-03
4.528313e-03
3.005171e-03
1.282668e-03
-5.945360e-04
-2.568902e-03
-4.631002e-03
-6.537311e-03
-8.092094e-03
-9.481015e-03
-1.080982e-02
-1.198373e-02
-1.287508e-02
-1.328010e-02
-1.326441e-02
-1.312057e-02
-1.282588e-02
-1.222820e-02
-1.137054e-02
-1.035564e-02
-9.368275e-03
-8.309108e-03
-6.769325e-03
-4.587679e-03
-1.873590e-03
1.023465e-03
3.729284e-03
6.033317e-03
7.845612e-03
9.014117e-03
9.294223e-03
8.849848e-03
8.248844e-03
8.031191e-03
8.287575e-03
8.791351e-03
9.297031e-03
9.450749e-03
9.224719e-03
8.841890e-03
8.288630e-03
7.662245e-03
7.437158e-03
7.915250e-03
8.705194e-03
9.323945e-03
9.674856e-03
9.598972e-03
8.859933e-03
7.542874e-03
6.088411e-03
4.961953e-03
4.523125e-03
5.064717e-03
6.468207e-03
8.219803e-03
1.003916e-02
1.188021e-02
1.356764e-02
1.502446e-02
1.628433e-02
1.732726e-02
1.820799e-02
1.897452e-02
1.979182e-02
2.075026e-02
2.165161e-02
2.250200e-02
2.348771e-02
2.467343e-02
2.590768e-02
2.702983e-02
2.813533e-02
2.925588e-02
3.026109e-02
3.110780e-02
3.180087e-02
3.225344e-02
3.248516e-02
3.272546e-02
3.299409e-02
3.326722e-02
3.370290e-02
3.417060e-02
3.436410e-02
3.417206e-02
3.370151e-02
3.300960e-02
3.188017e-02
3.015652e-02
2.802361e-02
2.584515e-02
2.380901e-02
2.202959e-02
2.059240e-02
1.939339e-02
1.848126e-02
1.790574e-02
1.739215e-02
1.665529e-02
1.573316e-02
1.487783e-02
1.419275e-02
1.373212e-02
1.358778e-02
1.364528e-02
1.364355e-02
1.338939e-02
1.276305e-02
1.165928e-02
1.023478e-02
8.858289e-03
7.702640e-03
6.906465e-03
6.625408e-03
6.796725e-03
7.326429e-03
8.185822e-03
9.328671e-03
1.072995e-02
1.248555e-02
1.480129e-02
1.765130e-02
2.062089e-02
2.332996e-02
2.570647e-02
2.771887e-02
2.942808e-02
3.121331e-02
3.317450e-02
3.508083e-02
3.687952e-02
3.851211e-02
3.987089e-02
4.092520e-02
4.173062e-02
4.238714e-02
4.304774e-02
4.373007e-02
4.435554e-02
4.501560e-02
4.548599e-02
4.558534e-02
4.551341e-02
4.516694e-02
4.454282e-02
4.394671e-02
4.334563e-02
4.251269e-02
4.154934e-02
4.052939e-02
3.921050e-02
3.743356e-02
3.515078e-02
3.240828e-02
2.933497e-02
2.614166e-02
2.301525e-02
2.007651e-02
1.750486e-02
1.526895e-02
1.330874e-02
1.151577e-02
9.837949e-03
8.560121e-03
7.767107e-03
7.381377e-03
7.362343e-03
7.595557e-03
8.015275e-03
8.562799e-03
8.998220e-03
9.343848e-03
9.763681e-03
1.005392e-02
1.039611e-02
1.100617e-02
1.171977e-02
1.255126e-02
1.321187e-02
1.336173e-02
1.306944e-02
1.243392e-02
1.183760e-02
1.170967e-02
1.215519e-02
1.327599e-02
1.488315e-02
1.673235e-02
1.858068e-02
1.981185e-02
2.026066e-02
2.016451e-02
1.955941e-02
1.870202e-02
1.805111e-02
1.762441e-02
1.722559e-02
1.689904e-02
1.666757e-02
1.651343e-02
1.647171e-02
1.688320e-02
1.796927e-02
1.925309e-02
2.037570e-02
2.098754e-02
2.045081e-02
1.876999e-02
1.644934e-02
1.396765e-02
1.185397e-02
1.049879e-02
1.014914e-02
1.054482e-02
1.090590e-02
1.071828e-02
9.729516e-03
8.187365e-03
6.558068e-03
5.130456e-03
4.527311e-03
4.798570e-03
5.486800e-03
6.440368e-03
7.156408e-03
7.308680e-03
7.132214e-03
6.920752e-03
7.102351e-03
7.938997e-03
9.300532e-03
1.100505e-02
1.274179e-02
1.391492e-02
1.427799e-02
1.382203e-02
1.256672e-02
1.097449e-02
9.443805e-03
8.215499e-03
7.455972e-03
7.192405e-03
7.360399e-03
7.596918e-03
7.792164e-03
8.001586e-03
8.109093e-03
8.285800e-03
8.721786e-03
9.428887e-03
1.036383e-02
1.143022e-02
1.254594e-02
1.338698e-02
1.370350e-02
1.379529e-02
1.404849e-02
1.450018e-02
1.515287e-02
1.620282e-02
1.741748e-02
1.846801e-02
1.955186e-02
2.063466e-02
2.149616e-02
2.223578e-02
2.301993e-02
2.377708e-02
2.435156e-02
2.485902e-02
2.549299e-02
2.637746e-02
2.761275e-02
2.916342e-02
3.067218e-02
3.168655e-02
3.224844e-02
3.254286e-02
3.248447e-02
3.227655e-02
3.233481e-02
3.283048e-02
3.375357e-02
3.491696e-02
3.603393e-02
3.683665e-02
3.723319e-02
3.734247e-02
3.720568e-02
3.683771e-02
3.650811e-02
3.641979e-02
3.638526e-02
3.617197e-02
3.573418e-02
3.507764e-02
3.416910e-02
3.309097e-02
3.207888e-02
3.135517e-02
3.105293e-02
3.122410e-02
3.179675e-02
3.252260e-02
3.303987e-02
3.297952e-02
3.219405e-02
3.076652e-02
2.892072e-02
2.695790e-02
2.509261e-02
2.350913e-02
2.230210e-02
2.147015e-02
2.087387e-02
2.015125e-02
1.925991e-02
1.839883e-02
1.747539e-02
1.632536e-02
1.479553e-02
1.286212e-02
1.073020e-02
8.739156e-03
7.068078e-03
5.477620e-03
4.154895e-03
3.549326e-03
3.343573e-03
3.235578e-03
3.431921e-03
4.020881e-03
4.897342e-03
5.816685e-03
6.773002e-03
7.936911e-03
9.186050e-03
1.042838e-02
1.146018e-02
1.218667e-02
1.274240e-02
1.314606e-02
1.347470e-02
1.361684e-02
1.358674e-02
1.339512e-02
1.286941e-02
1.214099e-02
1.116609e-02
1.003488e-02
9.226916e-03
8.724477e-03
8.256556e-03
7.795205e-03
7.282057e-03
6.582072e-03
5.700024e-03
4.745317e-03
3.829424e-03
3.200190e-03
2.887601e-03
2.751692e-03
3.127614e-03
3.904009e-03
4.542400e-03
5.150990e-03
5.913551e-03
6.769379e-03
7.548234e-03
8.270836e-03
9.133637e-03
9.948401e-03
1.052486e-02
1.090649e-02
1.119086e-02
1.148990e-02
1.186751e-02
1.255265e-02
1.356469e-02
1.455004e-02
1.546663e-02
1.622157e-02
1.648289e-02
1.635270e-02
1.612554e-02
1.604547e-02
1.617684e-02
1.652137e-02
1.712536e-02
1.758827e-02
1.763027e-02
1.734113e-02
1.667125e-02
1.574544e-02
1.489214e-02
1.434784e-02
1.405840e-02
1.384131e-02
1.373990e-02
1.356824e-02
1.292859e-02
1.186872e-02
1.082629e-02
1.019265e-02
1.008606e-02
1.027479e-02
1.040018e-02
1.045766e-02
1.043490e-02
1.004396e-02
9.240494e-03
8.354539e-03
7.905049e-03
8.083233e-03
8.655105e-03
9.351152e-03
9.887748e-03
1.003971e-02
9.719792e-03
8.932223e-03
7.909916e-03
7.052258e-03
6.460029e-03
5.941584e-03
5.347893e-03
4.620235e-03
3.737116e-03
2.708492e-03
1.576338e-03
4.809169e-04
-4.059425e-04
-1.180387e-03
-1.981521e-03
-2.803746e-03
-3.690760e-03
-4.659500e-03
-5.738094e-03
-7.088652e-03
-8.763416e-03
-1.034276e-02
-1.145044e-02
-1.224411e-02
-1.279650e-02
-1.288280e-02
-1.241220e-02
-1.147996e-02
-1.017491e-02
-8.717529e-03
-7.362423e-03
-6.035969e-03
-4.690018e-03
-3.469316e-03
-2.407209e-03
-1.422538e-03
-4.984936e-04
1.688807e-04
2.647629e-04
-2.678276e-04
-1.138966e-03
-1.991962e-03
-2.569151e-03
-2.746426e-03
-2.629395e-03
-2.488271e-03
-2.577717e-03
-3.219834e-03
-4.553562e-03
-6.208581e-03
-7.610147e-03
-8.393707e-03
-8.453686e-03
-7.898550e-03
-7.107168e-03
-6.400444e-03
-6.011258e-03
-6.257668e-03
-7.131338e-03
-8.292255e-03
-9.327958e-03
-9.866680e-03
-9.830464e-03
-9.344080e-03
-8.551229e-03
-7.637160e-03
-6.735831e-03
-6.004864e-03
-5.633285e-03
-5.628946e-03
-5.699657e-03
-5.517617e-03
-5.279882e-03
-5.377216e-03
-5.851532e-03
-6.489969e-03
-6.982293e-03
-7.152214e-03
-6.849770e-03
-5.830672e-03
-4.028296e-03
-1.693709e-03
6.895544e-04
2.649552e-03
3.975720e-03
4.724087e-03
5.131100e-03
5.522714e-03
6.009539e-03
6.504644e-03
6.933492e-03
7.203941e-03
7.326591e-03
7.395313e-03
7.406015e-03
7.288954e-03
7.083742e-03
6.894051e-03
6.636247e-03
6.199736e-03
5.654069e-03
5.147693e-03
4.851586e-03
4.799468e-03
4.858292e-03
4.963335e-03
5.182901e-03
5.507296e-03
5.727182e-03
5.757110e-03
5.712244e-03
5.701891e-03
5.835434e-03
6.112828e-03
6.443531e-03
6.827134e-03
7.366433e-03
8.079109e-03
8.763433e-03
9.255221e-03
9.482948e-03
9.366727e-03
8.805972e-03
7.629702e-03
5.868681e-03
3.828991e-03
1.869828e-03
2.261180e-04
-1.020587e-03
-1.824954e-03
-2.223966e-03
-2.432928e-03
-2.755181e-03
-3.345222e-03
-4.287900e-03
-5.492324e-03
-6.537049e-03
-7.208522e-03
-7.703503e-03
-8.235734e-03
-8.937255e-03
-1.002025e-02
-1.147496e-02
-1.298966e-02
-1.430313e-02
-1.512853e-02
-1.529226e-02
-1.495610e-02
-1.446391e-02
-1.408422e-02
-1.388985e-02
-1.397246e-02
-1.433526e-02
-1.463803e-02
-1.447384e-02
-1.368362e-02
-1.241577e-02
-1.103206e-02
-9.928859e-03
-9.293168e-03
-9.103303e-03
-9.318543e-03
-9.735845e-03
-1.007204e-02
-1.012442e-02
-9.887015e-03
-9.622358e-03
-9.505435e-03
-9.537289e-03
-9.610772e-03
-9.656119e-03
-9.775037e-03
-1.002999e-02
-1.036903e-02
-1.065928e-02
-1.089434e-02
-1.131615e-02
-1.201299e-02
-1.280654e-02
-1.356696e-02
-1.434886e-02
-1.522127e-02
-1.597175e-02
-1.651448e-02
-1.692455e-02
-1.713143e-02
-1.748003e-02
-1.831312e-02
-1.944021e-02
-2.058116e-02
-2.148590e-02
-2.206140e-02
-2.236927e-02
-2.260362e-02
-2.300982e-02
-2.373767e-02
-2.490983e-02
-2.642144e-02
-2.795716e-02
-2.923316e-02
-3.000942e-02
-3.023632e-02
-3.019029e-02
-3.019187e-02
-3.039106e-02
-3.091060e-02
-3.166556e-02
-3.232849e-02
-3.262868e-02
-3.242038e-02
-3.173063e-02
-3.065612e-02
-2.945371e-02
-2.865334e-02
-2.849551e-02
-2.867498e-02
-2.894000e-02
-2.908376e-02
-2.870469e-02
-2.787147e-02
-2.692868e-02
-2.588816e-02
-2.483172e-02
-2.405821e-02
-2.364750e-02
-2.327435e-02
-2.273030e-02
-2.197951e-02
-2.081766e-02
-1.927250e-02
-1.767386e-02
-1.633286e-02
-1.525039e-02
-1.426326e-02
-1.329851e-02
-1.205238e-02
-1.042701e-02
-8.774210e-03
-7.179992e-03
-5.700650e-03
-4.628798e-03
-4.060418e-03
-3.856258e-03
-3.768439e-03
-3.730173e-03
-3.686807e-03
-3.518104e-03
-3.488185e-03
-3.714697e-03
-3.942256e-03
-4.177510e-03
-4.588550e-03
-5.107649e-03
-5.652007e-03
-6.328536e-03
-7.122461e-03
-7.858116e-03
-8.419367e-03
-8.767183e-03
-8.920099e-03
-8.998619e-03
-9.284504e-03
-9.949230e-03
-1.094227e-02
-1.234371e-02
-1.412113e-02
-1.590811e-02
-1.750137e-02
-1.888915e-02
-1.991468e-02
-2.047703e-02
-2.076082e-02
-2.088009e-02
-2.075991e-02
-2.056617e-02
-2.060014e-02
-2.091019e-02
-2.140335e-02
-2.194041e-02
-2.235075e-02
-2.253471e-02
-2.245176e-02
-2.206738e-02
-2.137533e-02
-2.062918e-02
-2.015653e-02
-2.009712e-02
-2.040047e-02
-2.080937e-02
-2.120753e-02
-2.157109e-02
-2.182439e-02
-2.200576e-02
-2.218363e-02
-2.246078e-02
-2.289214e-02
-2.331439e-02
-2.343554e-02
-2.310368e-02
-2.252066e-02
-2.190898e-02
-2.123579e-02
-2.059024e-02
-2.007890e-02
-1.983886e-02
-1.988093e-02
-1.989643e-02
-1.991974e-02
-1.987446e-02
-1.956008e-02
-1.917926e-02
-1.877227e-02
-1.835396e-02
-1.817373e-02
-1.832116e-02
-1.857788e-02
-1.894862e-02
-1.963264e-02
-2.045917e-02
-2.133340e-02
-2.220782e-02
-2.290964e-02
-2.336412e-02
-2.362848e-02
-2.400958e-02
-2.439193e-02
-2.459671e-02
-2.494417e-02
-2.542962e-02
-2.574541e-02
-2.580599e-02
-2.573709e-02
-2.545287e-02
-2.501306e-02
-2.468022e-02
-2.440716e-02
-2.414842e-02
-2.382046e-02
-2.347548e-02
-2.311795e-02
-2.231971e-02
-2.113942e-02
-2.010326e-02
-1.922055e-02
-1.831490e-02
-1.758223e-02
-1.718925e-02
-1.705115e-02
-1.703832e-02
-1.703007e-02
-1.693473e-02
-1.685894e-02
-1.685811e-02
-1.696289e-02
-1.727893e-02
-1.762082e-02
-1.776336e-02
-1.777726e-02
-1.781202e-02
-1.776266e-02
-1.769301e-02
-1.802715e-02
-1.884913e-02
-2.003060e-02
-2.147891e-02
-2.302464e-02
-2.455371e-02
-2.582520e-02
-2.664704e-02
-2.733974e-02
-2.811038e-02
-2.877226e-02
-2.958797e-02
-3.079094e-02
-3.190743e-02
-3.270453e-02
-3.332428e-02
-3.355723e-02
-3.321086e-02
-3.260497e-02
-3.215116e-02
-3.183505e-02
-3.160832e-02
-3.162777e-02
-3.173231e-02
-3.171369e-02
-3.148386e-02
-3.096581e-02
-3.032126e-02
-2.965105e-02
-2.904676e-02
-2.870425e-02
-2.878635e-02
-2.925351e-02
-2.975213e-02
-3.000654e-02
-2.987295e-02
-2.937301e-02
-2.874774e-02
-2.810929e-02
-2.759931e-02
-2.735514e-02
-2.733853e-02
-2.760944e-02
-2.796327e-02
-2.811656e-02
-2.817837e-02
-2.803930e-02
-2.762749e-02
-2.722190e-02
-2.697900e-02
-2.699362e-02
-2.719752e-02
-2.734100e-02
-2.729157e-02
-2.711247e-02
-2.686250e-02
-2.646519e-02
-2.587736e-02
-2.520562e-02
-2.469299e-02
-2.433282e-02
-2.387786e-02
-2.336342e-02
-2.285050e-02
-2.221605e-02
-2.150020e-02
-2.084606e-02
-2.030359e-02
-1.989490e-02
-1.952807e-02
-1.902364e-02
-1.831407e-02
-1.750609e-02
-1.662367e-02
-1.560467e-02
-1.461499e-02
-1.370064e-02
-1.275703e-02
-1.181748e-02
-1.080991e-02
-9.652291e-03
-8.513357e-03
-7.659759e-03
-7.153534e-03
-6.997602e-03
-7.381480e-03
-8.215447e-03
-9.203158e-03
-1.027262e-02
-1.126207e-02
-1.198992e-02
-1.254971e-02
-1.306519e-02
-1.343478e-02
-1.366472e-02
-1.400650e-02
-1.436095e-02
-1.435484e-02
-1.407058e-02
-1.377861e-02
-1.338317e-02
-1.288871e-02
-1.250120e-02
-1.226428e-02
-1.218031e-02
-1.226437e-02
-1.252128e-02
-1.287536e-02
-1.322994e-02
-1.358094e-02
-1.387794e-02
-1.414946e-02
-1.444247e-02
-1.463774e-02
-1.467904e-02
-1.463728e-02
-1.455479e-02
-1.433842e-02
-1.393629e-02
-1.350679e-02
-1.308889e-02
-1.264258e-02
-1.226058e-02
-1.189091e-02
-1.127582e-02
-1.040024e-02
-9.599898e-03
-8.885364e-03
-8.024551e-03
-7.133156e-03
-6.389947e-03
-5.763829e-03
-5.133441e-03
-4.460185e-03
-3.671516e-03
-2.706814e-03
-1.758575e-03
-9.581091e-04
-2.636473e-04
2.627131e-04
5.722564e-04
8.314806e-04
1.181925e-03
1.645612e-03
2.259873e-03
2.964161e-03
3.566758e-03
3.986721e-03
4.252819e-03
4.409255e-03
4.565014e-03
4.724174e-03
4.903368e-03
5.238345e-03
5.785844e-03
6.460255e-03
6.982845e-03
7.097792e-03
6.729929e-03
5.966154e-03
4.984419e-03
3.976984e-03
3.071269e-03
2.327714e-03
1.890821e-03
1.707482e-03
1.519068e-03
1.053217e-03
1.327458e-04
-1.063099e-03
-2.288679e-03
-3.347991e-03
-4.078248e-03
-4.425854e-03
-4.403692e-03
-4.186348e-03
-3.894308e-03
-3.649527e-03
-3.621080e-03
-3.708248e-03
-3.709639e-03
-3.544716e-03
-3.169686e-03
-2.485540e-03
-1.508187e-03
-4.971875e-04
3.225695e-04
9.648228e-04
1.326569e-03
1.148961e-03
6.252939e-04
-3.205707e-05
-8.130703e-04
-1.403780e-03
-1.849428e-03
-2.266422e-03
-2.496285e-03
-2.766865e-03
-3.045332e-03
-3.352597e-03
-3.955077e-03
-4.609198e-03
-5.214811e-03
-5.759270e-03
-6.080717e-03
-6.205036e-03
-6.215840e-03
-6.168217e-03
-6.036052e-03
-5.884422e-03
-5.813741e-03
-5.800834e-03
-5.807979e-03
-5.737712e-03
-5.459286e-03
-4.988514e-03
-4.499470e-03
-4.118480e-03
-3.908508e-03
-3.989221e-03
-4.408309e-03
-5.076958e-03
-5.854862e-03
-6.522590e-03
-6.923481e-03
-7.088401e-03
-7.032855e-03
-6.722659e-03
-6.238351e-03
-5.743385e-03
-5.299409e-03
-4.774976e-03
-4.038444e-03
-3.165592e-03
-2.285094e-03
-1.400769e-03
-4.788773e-04
5.415201e-04
1.733103e-03
3.003160e-03
4.198533e-03
5.307242e-03
6.342785e-03
7.177951e-03
7.783476e-03
8.297588e-03
8.772547e-03
9.327212e-03
1.006441e-02
1.088412e-02
1.156516e-02
1.194052e-02
1.206699e-02
1.193105e-02
1.143408e-02
1.056696e-02
9.426224e-03
8.183495e-03
6.948897e-03
5.806452e-03
4.650303e-03
3.285050e-03
1.681309e-03
-2.334246e-04
-2.477046e-03
-4.908815e-03
-7.320826e-03
-9.460760e-03
-1.120550e-02
-1.246789e-02
-1.321715e-02
-1.382654e-02
-1.466749e-02
-1.566729e-02
-1.678171e-02
-1.808480e-02
-1.929023e-02
-2.007131e-02
-2.041929e-02
-2.031625e-02
-1.984362e-02
-1.913961e-02
-1.830188e-02
-1.757949e-02
-1.702818e-02
-1.656777e-02
-1.609492e-02
-1.536007e-02
-1.423312e-02
-1.278502e-02
-1.114733e-02
-9.332159e-03
-7.303543e-03
-5.159753e-03
-3.083216e-03
-1.219700e-03
4.484911e-04
1.980423e-03
3.434423e-03
4.914815e-03
6.389574e-03
7.770719e-03
9.032276e-03
1.011977e-02
1.102770e-02
1.170562e-02
1.207805e-02
1.231706e-02
1.254497e-02
1.274952e-02
1.306190e-02
1.355677e-02
1.415396e-02
1.475613e-02
1.530421e-02
1.569264e-02
1.584036e-02
1.581760e-02
1.570766e-02
1.560368e-02
1.556712e-02
1.563042e-02
1.586382e-02
1.630303e-02
1.687932e-02
1.747894e-02
1.807395e-02
1.857916e-02
1.895804e-02
1.936687e-02
1.998736e-02
2.081303e-02
2.166455e-02
2.261944e-02
2.384447e-02
2.525859e-02
2.673562e-02
2.823677e-02
2.969491e-02
3.096134e-02
3.208412e-02
3.311614e-02
3.398211e-02
3.477934e-02
3.566022e-02
3.673173e-02
3.788085e-02
3.895013e-02
3.996645e-02
4.089969e-02
4.177137e-02
4.274430e-02
4.393144e-02
4.521352e-02
4.640787e-02
4.754615e-02
4.860761e-02
4.940257e-02
4.985061e-02
4.997010e-02
4.981985e-02
4.955327e-02
4.932442e-02
4.924668e-02
4.922678e-02
4.908089e-02
4.876350e-02
4.815223e-02
4.717582e-02
4.588632e-02
4.436634e-02
4.282882e-02
4.149290e-02
4.035120e-02
3.917834e-02
3.795774e-02
3.675208e-02
3.550250e-02
3.431336e-02
3.311642e-02
3.177312e-02
3.041511e-02
2.918759e-02
2.817285e-02
2.736433e-02
2.672492e-02
2.621761e-02
2.581897e-02
2.562080e-02
2.573644e-02
2.607652e-02
2.642892e-02
2.690364e-02
2.769529e-02
2.883588e-02
3.012900e-02
3.123345e-02
3.208556e-02
3.275803e-02
3.342669e-02
3.414191e-02
3.486881e-02
3.577773e-02
3.688144e-02
3.808464e-02
3.930955e-02
4.036889e-02
4.097205e-02
4.112958e-02
4.135162e-02
4.190501e-02
4.253475e-02
4.311486e-02
4.370138e-02
4.408984e-02
4.410225e-02
4.386527e-02
4.335450e-02
4.246225e-02
4.153775e-02
4.092512e-02
4.039220e-02
3.968574e-02
3.897280e-02
3.830885e-02
3.743023e-02
3.642651e-02
3.554918e-02
3.469134e-02
3.385261e-02
3.315339e-02
3.249114e-02
3.168043e-02
3.068662e-02
2.965970e-02
2.857482e-02
2.734577e-02
2.606854e-02
2.476123e-02
2.341943e-02
2.203768e-02
2.054274e-02
1.890816e-02
1.717061e-02
1.551485e-02
1.415668e-02
1.302584e-02
1.197525e-02
1.104184e-02
1.015413e-02
9.141900e-03
8.052739e-03
7.041764e-03
6.197942e-03
5.583624e-03
5.265158e-03
5.165757e-03
5.074830e-03
4.958392e-03
4.890832e-03
4.998128e-03
5.305016e-03
5.595256e-03
5.994296e-03
6.621979e-03
7.176080e-03
7.547017e-03
7.754873e-03
7.640687e-03
7.268871e-03
7.028387e-03
6.966906e-03
6.865849e-03
6.858853e-03
7.170673e-03
7.569417e-03
7.579218e-03
7.273672e-03
7.037336e-03
6.853950e-03
6.795961e-03
7.091787e-03
7.727304e-03
8.609315e-03
9.612317e-03
1.058600e-02
1.117168e-02
1.126732e-02
1.128927e-02
1.132970e-02
1.156650e-02
1.241363e-02
1.368898e-02
1.498784e-02
1.604254e-02
1.665217e-02
1.672783e-02
1.629401e-02
1.572813e-02
1.542553e-02
1.547627e-02
1.592881e-02
1.681533e-02
1.779872e-02
1.831092e-02
1.843313e-02
1.831533e-02
1.773835e-02
1.693379e-02
1.629111e-02
1.600247e-02
1.595708e-02
1.592583e-02
1.590273e-02
1.573394e-02
1.533670e-02
1.495376e-02
1.468984e-02
1.443279e-02
1.423688e-02
1.427399e-02
1.429508e-02
1.388255e-02
1.298745e-02
1.177844e-02
1.049924e-02
9.435656e-03
8.728521e-03
8.195423e-03
7.597058e-03
6.917050e-03
6.140043e-03
5.253713e-03
4.349859e-03
3.557003e-03
2.981259e-03
2.604956e-03
2.383615e-03
2.144887e-03
1.635643e-03
9.951751e-04
4.079726e-04
-1.625225e-04
-5.936967e-04
-7.069910e-04
-5.201595e-04
-2.136594e-04
9.250333e-05
2.659509e-04
8.804865e-05
-4.584153e-04
-1.216852e-03
-2.074317e-03
-2.955855e-03
-3.652986e-03
-4.003648e-03
-4.195423e-03
-4.482897e-03
-4.949297e-03
-5.642127e-03
-6.541048e-03
-7.500157e-03
-8.222027e-03
-8.553860e-03
-8.666378e-03
-8.730731e-03
-8.957485e-03
-9.423740e-03
-1.003964e-02
-1.082031e-02
-1.163517e-02
-1.216047e-02
-1.210753e-02
-1.162540e-02
-1.122063e-02
-1.112874e-02
-1.133352e-02
-1.179996e-02
-1.245060e-02
-1.321844e-02
-1.396168e-02
-1.445141e-02
-1.466823e-02
-1.474553e-02
-1.480914e-02
-1.489223e-02
-1.490690e-02
-1.488994e-02
-1.498297e-02
-1.516737e-02
-1.519633e-02
-1.494051e-02
-1.452142e-02
-1.404191e-02
-1.348745e-02
-1.278073e-02
-1.192888e-02
-1.096025e-02
-9.874213e-03
-8.728133e-03
-7.578791e-03
-6.564084e-03
-5.866811e-03
-5.525454e-03
-5.492250e-03
-5.634684e-03
-5.853666e-03
-6.111728e-03
-6.356338e-03
-6.598724e-03
-6.784311e-03
-6.866179e-03
-6.869450e-03
-6.942662e-03
-7.285266e-03
-7.778673e-03
-8.193625e-03
-8.559738e-03
-9.009525e-03
-9.434635e-03
-9.655040e-03
-9.631993e-03
-9.383308e-03
-9.074615e-03
-8.895775e-03
-8.807027e-03
-8.700440e-03
-8.663337e-03
-8.763058e-03
-8.835720e-03
-8.670181e-03
-8.184839e-03
-7.471899e-03
-6.772793e-03
-6.318819e-03
-6.106098e-03
-5.988329e-03
-5.886805e-03
-5.658596e-03
-5.106987e-03
-4.243101e-03
-3.242224e-03
-2.388802e-03
-2.008572e-03
-2.182558e-03
-2.730623e-03
-3.381125e-03
-3.821481e-03
-3.706292e-03
-2.827114e-03
-1.342131e-03
2.841391e-04
1.569728e-03
2.256588e-03
2.364531e-03
2.096724e-03
1.698430e-03
1.478322e-03
1.690120e-03
2.287575e-03
3.009992e-03
3.527668e-03
3.612561e-03
3.236951e-03
2.509958e-03
1.608333e-03
7.369733e-04
5.624750e-05
-4.100270e-04
-7.519597e-04
-1.123535e-03
-1.685313e-03
-2.517922e-03
-3.504896e-03
-4.433977e-03
-5.134011e-03
-5.520700e-03
-5.682111e-03
-5.667247e-03
-5.579821e-03
-5.601603e-03
-5.746010e-03
-6.073642e-03
-6.565911e-03
-7.032312e-03
-7.361186e-03
-7.535864e-03
-7.747255e-03
-8.121102e-03
-8.509252e-03
-8.875618e-03
-9.203626e-03
-9.435722e-03
-9.541175e-03
-9.390548e-03
-9.006844e-03
-8.653134e-03
-8.640865e-03
-9.033457e-03
-9.621982e-03
-1.023203e-02
-1.073117e-02
-1.105794e-02
-1.121531e-02
-1.114596e-02
-1.089450e-02
-1.071206e-02
-1.073326e-02
-1.081972e-02
-1.078188e-02
-1.050993e-02
-9.977033e-03
-9.257799e-03
-8.459209e-03
-7.565993e-03
-6.640174e-03
-5.901090e-03
-5.435029e-03
-5.134009e-03
-4.793934e-03
-4.325884e-03
-3.778139e-03
-3.190681e-03
-2.606547e-03
-2.105740e-03
-1.801776e-03
-1.797296e-03
-2.178674e-03
-2.890492e-03
-3.762652e-03
-4.680841e-03
-5.609269e-03
-6.543653e-03
-7.415671e-03
-8.137294e-03
-8.624800e-03
-9.000054e-03
-9.546445e-03
-1.023671e-02
-1.096054e-02
-1.180760e-02
-1.278751e-02
-1.381504e-02
-1.482943e-02
-1.566769e-02
-1.619855e-02
-1.662855e-02
-1.726184e-02
-1.804123e-02
-1.879831e-02
-1.946440e-02
-1.984459e-02
-1.983870e-02
-1.950011e-02
-1.890042e-02
-1.825155e-02
-1.776562e-02
-1.749066e-02
-1.733796e-02
-1.711411e-02
-1.661948e-02
-1.582175e-02
-1.483484e-02
-1.375201e-02
-1.272107e-02
-1.203289e-02
-1.179407e-02
-1.184959e-02
-1.204153e-02
-1.222359e-02
-1.226802e-02
-1.211233e-02
-1.186012e-02
-1.165486e-02
-1.156038e-02
-1.164265e-02
-1.183431e-02
-1.208839e-02
-1.242515e-02
-1.261317e-02
-1.246243e-02
-1.210726e-02
-1.171616e-02
-1.130678e-02
-1.080569e-02
-1.017656e-02
-9.486814e-03
-8.950890e-03
-8.724165e-03
-8.611136e-03
-8.484284e-03
-8.495311e-03
-8.680452e-03
-8.931572e-03
-9.211034e-03
-9.487450e-03
-9.615079e-03
-9.594806e-03
-9.484103e-03
-9.142008e-03
-8.568654e-03
-7.963868e-03
-7.514729e-03
-7.310286e-03
-7.330231e-03
-7.485129e-03
-7.586026e-03
-7.570927e-03
-7.464602e-03
-7.157843e-03
-6.701889e-03
-6.291168e-03
-5.967444e-03
-5.665536e-03
-5.307394e-03
-4.788527e-03
-4.066264e-03
-3.280702e-03
-2.519753e-03
-1.721327e-03
-9.177410e-04
-2.806199e-04
1.145605e-04
4.050482e-04
7.109962e-04
1.116905e-03
1.649048e-03
2.199025e-03
2.657351e-03
2.899286e-03
2.864538e-03
2.569280e-03
2.012767e-03
1.328364e-03
8.083877e-04
6.144299e-04
6.953108e-04
9.070910e-04
1.071426e-03
1.102524e-03
9.011642e-04
3.661476e-04
-3.978281e-04
-1.252833e-03
-2.050238e-03
-2.576645e-03
-2.827950e-03
-2.992931e-03
-3.254198e-03
-3.717490e-03
-4.310672e-03
-4.825038e-03
-5.044732e-03
-4.842355e-03
-4.210433e-03
-3.201512e-03
-1.917611e-03
-5.379283e-04
6.826245e-04
1.541777e-03
1.971630e-03
2.046583e-03
1.900062e-03
1.565399e-03
1.087311e-03
5.758527e-04
1.035969e-04
-2.929784e-04
-6.534687e-04
-1.118435e-03
-1.813138e-03
-2.645233e-03
-3.379329e-03
-3.951227e-03
-4.458421e-03
-4.963829e-03
-5.462599e-03
-5.914245e-03
-6.350741e-03
-6.864821e-03
-7.445688e-03
-7.974126e-03
-8.329732e-03
-8.493627e-03
-8.555658e-03
-8.633179e-03
-8.787614e-03
-9.073292e-03
-9.491234e-03
-9.981834e-03
-1.048034e-02
-1.083361e-02
-1.098223e-02
-1.099230e-02
-1.100833e-02
-1.111212e-02
-1.133983e-02
-1.177691e-02
-1.221815e-02
-1.255680e-02
-1.281836e-02
-1.289473e-02
-1.290101e-02
-1.299290e-02
-1.320236e-02
-1.352091e-02
-1.400714e-02
-1.464711e-02
-1.522354e-02
-1.555728e-02
-1.552482e-02
-1.519394e-02
-1.473448e-02
-1.421416e-02
-1.372793e-02
-1.329698e-02
-1.286000e-02
-1.240577e-02
-1.189820e-02
-1.121059e-02
-1.029155e-02
-9.234212e-03
-8.196700e-03
-7.366017e-03
-6.720554e-03
-6.113934e-03
-5.549198e-03
-5.000840e-03
-4.440639e-03
-3.946156e-03
-3.606512e-03
-3.417487e-03
-3.299369e-03
-3.333222e-03
-3.559348e-03
-3.721277e-03
-3.598420e-03
-3.138671e-03
-2.374810e-03
-1.477067e-03
-6.397618e-04
3.329356e-06
3.551805e-04
3.904206e-04
2.312596e-04
1.511558e-04
3.326082e-04
7.744871e-04
1.369974e-03
1.952828e-03
2.374540e-03
2.515238e-03
2.376916e-03
2.081851e-03
1.794788e-03
1.637082e-03
1.568086e-03
1.528158e-03
1.513007e-03
1.463525e-03
1.331828e-03
1.110281e-03
8.256480e-04
6.008643e-04
4.346946e-04
1.753953e-04
-1.513666e-04
-3.918752e-04
-5.078972e-04
-5.436188e-04
-5.951594e-04
-7.613352e-04
-9.464843e-04
-1.086590e-03
-1.295197e-03
-1.609883e-03
-1.979185e-03
-2.262338e-03
-2.368505e-03
-2.378009e-03
-2.359873e-03
-2.353570e-03
-2.435884e-03
-2.711509e-03
-3.280171e-03
-4.167021e-03
-5.206221e-03
-6.172279e-03
-6.967337e-03
-7.607808e-03
-8.228593e-03
-9.060748e-03
-1.035179e-02
-1.214217e-02
-1.420682e-02
-1.629969e-02
-1.827028e-02
-1.998547e-02
-2.132805e-02
-2.239958e-02
-2.339370e-02
-2.440783e-02
-2.555717e-02
-2.685400e-02
-2.817404e-02
-2.939975e-02
-3.047820e-02
-3.134332e-02
-3.192695e-02
-3.239953e-02
-3.290632e-02
-3.339508e-02
-3.389541e-02
-3.442454e-02
-3.490551e-02
-3.522790e-02
-3.531039e-02
-3.520230e-02
-3.507923e-02
-3.512600e-02
-3.537712e-02
-3.577142e-02
-3.620766e-02
-3.655592e-02
-3.672656e-02
-3.668439e-02
-3.645845e-02
-3.602307e-02
-3.537101e-02
-3.463128e-02
-3.392458e-02
-3.323259e-02
-3.244323e-02
-3.156866e-02
-3.063546e-02
-2.962541e-02
-2.859676e-02
-2.757412e-02
-2.652747e-02
-2.540898e-02
-2.424488e-02
-2.308180e-02
-2.183637e-02
-2.044409e-02
-1.892808e-02
-1.742709e-02
-1.604900e-02
-1.468047e-02
-1.332469e-02
-1.207753e-02
-1.096570e-02
-1.010382e-02
-9.606282e-03
-9.408818e-03
-9.217140e-03
-8.865854e-03
-8.392647e-03
-7.773897e-03
-7.060174e-03
-6.284951e-03
-5.428848e-03
-4.602079e-03
-3.959854e-03
-3.584554e-03
-3.482887e-03
-3.613668e-03
-3.852571e-03
-4.108051e-03
-4.381033e-03
-4.654912e-03
-4.923744e-03
-5.234670e-03
-5.641662e-03
-6.072482e-03
-6.349552e-03
-6.397473e-03
-6.273246e-03
-6.022299e-03
-5.696751e-03
-5.387952e-03
-5.142620e-03
-5.075486e-03
-5.315750e-03
-5.781583e-03
-6.229327e-03
-6.458443e-03
-6.428979e-03
-6.207786e-03
-5.918029e-03
-5.665890e-03
-5.456539e-03
-5.290745e-03
-5.160977e-03
-4.907103e-03
-4.365097e-03
-3.527016e-03
-2.507166e-03
-1.551558e-03
-8.041972e-04
-1.885550e-04
3.459715e-04
7.896434e-04
1.194960e-03
1.665480e-03
2.233033e-03
2.920843e-03
3.679636e-03
4.272377e-03
4.559393e-03
4.546902e-03
4.337309e-03
4.084529e-03
3.882663e-03
3.817032e-03
3.916874e-03
4.140801e-03
4.341090e-03
4.365126e-03
4.189999e-03
3.890721e-03
3.595598e-03
3.422059e-03
3.536347e-03
3.972855e-03
4.607707e-03
5.318358e-03
5.915861e-03
6.292938e-03
6.471695e-03
6.512947e-03
6.483619e-03
6.453137e-03
6.496725e-03
6.510103e-03
6.363658e-03
6.070352e-03
5.668309e-03
5.294846e-03
5.031862e-03
4.840670e-03
4.765200e-03
4.837256e-03
4.944141e-03
4.831794e-03
4.384338e-03
3.784857e-03
3.195446e-03
2.722405e-03
2.491406e-03
2.511190e-03
2.745412e-03
3.181801e-03
3.824933e-03
4.542151e-03
5.130235e-03
5.796674e-03
6.656447e-03
7.488794e-03
8.273213e-03
9.010749e-03
9.712570e-03
1.020075e-02
1.037804e-02
1.041917e-02
1.027330e-02
1.005509e-02
9.875904e-03
9.921336e-03
1.041675e-02
1.095631e-02
1.124430e-02
1.140304e-02
1.140080e-02
1.123048e-02
1.113884e-02
1.117823e-02
1.130025e-02
1.169061e-02
1.231234e-02
1.278820e-02
1.303134e-02
1.326966e-02
1.342838e-02
1.343827e-02
1.336236e-02
1.310705e-02
1.268122e-02
1.203946e-02
1.115867e-02
1.024797e-02
9.510499e-03
9.054389e-03
8.770732e-03
8.648725e-03
8.930243e-03
9.425377e-03
9.799225e-03
1.021662e-02
1.087803e-02
1.154372e-02
1.200942e-02
1.255072e-02
1.325121e-02
1.378682e-02
1.408375e-02
1.438933e-02
1.480715e-02
1.528280e-02
1.580076e-02
1.627161e-02
1.660323e-02
1.683473e-02
1.721215e-02
1.778330e-02
1.830678e-02
1.885183e-02
1.965109e-02
2.067412e-02
2.160960e-02
2.221539e-02
2.248215e-02
2.251030e-02
2.249201e-02
2.256864e-02
2.281062e-02
2.326508e-02
2.376686e-02
2.409114e-02
2.415187e-02
2.385503e-02
2.332569e-02
2.286303e-02
2.270894e-02
2.296900e-02
2.352109e-02
2.420248e-02
2.474330e-02
2.484272e-02
2.443912e-02
2.366119e-02
2.285894e-02
2.244899e-02
2.274680e-02
2.382454e-02
2.526589e-02
2.669383e-02
2.793553e-02
2.877758e-02
2.917821e-02
2.921133e-02
2.912212e-02
2.922963e-02
2.982587e-02
3.093717e-02
3.209830e-02
3.295696e-02
3.351730e-02
3.388328e-02
3.405454e-02
3.416912e-02
3.446108e-02
3.506105e-02
3.621952e-02
3.779340e-02
3.925485e-02
4.048651e-02
4.147318e-02
4.194598e-02
4.209967e-02
4.236908e-02
4.270386e-02
4.312369e-02
4.378170e-02
4.443487e-02
4.466823e-02
4.431245e-02
4.342461e-02
4.211518e-02
4.066921e-02
3.954184e-02
3.896656e-02
3.887628e-02
3.909229e-02
3.932235e-02
3.928987e-02
3.893683e-02
3.829033e-02
3.742018e-02
3.663398e-02
3.624950e-02
3.628918e-02
3.661784e-02
3.698358e-02
3.716952e-02
3.717754e-02
3.694914e-02
3.633578e-02
3.549962e-02
3.487837e-02
3.462788e-02
3.457970e-02
3.460160e-02
3.453771e-02
3.424821e-02
3.378133e-02
3.325967e-02
3.286069e-02
3.277771e-02
3.296288e-02
3.314416e-02
3.319769e-02
3.312791e-02
3.278987e-02
3.208379e-02
3.109632e-02
3.002748e-02
2.917206e-02
2.868433e-02
2.843279e-02
2.814559e-02
2.772361e-02
2.723328e-02
2.663977e-02
2.590803e-02
2.520409e-02
2.479016e-02
2.468881e-02
2.476726e-02
2.488491e-02
2.497605e-02
2.519673e-02
2.554824e-02
2.586064e-02
2.610545e-02
2.632639e-02
2.652242e-02
2.675528e-02
2.703608e-02
2.711967e-02
2.699178e-02
2.687329e-02
2.659455e-02
2.594835e-02
2.514658e-02
2.430495e-02
2.344803e-02
2.275777e-02
2.215136e-02
2.150542e-02
2.094314e-02
2.050039e-02
2.000535e-02
1.934305e-02
1.857892e-02
1.777365e-02
1.710192e-02
1.659749e-02
1.603469e-02
1.546068e-02
1.506313e-02
1.475801e-02
1.432698e-02
1.390962e-02
1.350691e-02
1.291811e-02
1.250304e-02
1.221744e-02
1.173152e-02
1.134433e-02
1.109478e-02
1.063665e-02
9.935866e-03
9.298331e-03
8.878460e-03
8.394005e-03
7.655232e-03
6.982331e-03
6.481182e-03
5.773404e-03
4.904870e-03
3.998482e-03
2.984047e-03
2.124508e-03
1.484001e-03
8.661580e-04
1.484010e-04
-5.296958e-04
-1.041051e-03
-1.675251e-03
-2.263783e-03
-2.534717e-03
-2.728045e-03
-2.783853e-03
-2.608039e-03
-2.327317e-03
-2.124485e-03
-2.048538e-03
-1.802320e-03
-1.373816e-03
-9.834488e-04
-5.616042e-04
4.437670e-05
7.595293e-04
1.514942e-03
2.273981e-03
2.843450e-03
3.354312e-03
3.990287e-03
4.645450e-03
5.321846e-03
6.048124e-03
6.880945e-03
7.821748e-03
8.637571e-03
9.145934e-03
9.353131e-03
9.401175e-03
9.327862e-03
9.156508e-03
9.131161e-03
9.241184e-03
9.387997e-03
9.619895e-03
9.766269e-03
9.717110e-03
9.477091e-03
9.061006e-03
8.539761e-03
7.968453e-03
7.453977e-03
7.026185e-03
6.695835e-03
6.492122e-03
6.281905e-03
5.901579e-03
5.301163e-03
4.545965e-03
3.736338e-03
2.848198e-03
1.914959e-03
1.109251e-03
4.357349e-04
-1.951859e-04
-7.965967e-04
-1.383591e-03
-2.048051e-03
-2.792627e-03
-3.456265e-03
-4.054421e-03
-4.606609e-03
-4.920139e-03
-4.936782e-03
-4.792529e-03
-4.657751e-03
-4.608124e-03
-4.676099e-03
-4.977322e-03
-5.491225e-03
-5.931219e-03
-6.070171e-03
-5.841725e-03
-5.260903e-03
-4.487452e-03
-3.622887e-03
-2.731970e-03
-1.996203e-03
-1.529513e-03
-1.292542e-03
-1.115004e-03
-8.577458e-04
-5.682306e-04
-4.223121e-04
-5.011998e-04
-7.352988e-04
-1.172665e-03
-1.861355e-03
-2.656928e-03
-3.446304e-03
-4.109328e-03
-4.454162e-03
-4.442847e-03
-4.238186e-03
-4.039664e-03
-3.933003e-03
-3.918968e-03
-4.015996e-03
-4.241659e-03
-4.582782e-03
-5.046333e-03
-5.637073e-03
-6.294296e-03
-6.982570e-03
-7.694240e-03
-8.373635e-03
-8.991973e-03
-9.627740e-03
-1.038730e-02
-1.124127e-02
-1.209417e-02
-1.289289e-02
-1.360319e-02
-1.422448e-02
-1.472559e-02
-1.510351e-02
-1.540973e-02
-1.565770e-02
-1.586843e-02
-1.604654e-02
-1.617849e-02
-1.626329e-02
-1.626166e-02
-1.611411e-02
-1.584243e-02
-1.553338e-02
-1.530769e-02
-1.534675e-02
-1.575474e-02
-1.646303e-02
-1.731164e-02
-1.807354e-02
-1.851549e-02
-1.853425e-02
-1.822030e-02
-1.783538e-02
-1.755767e-02
-1.744077e-02
-1.757349e-02
-1.791149e-02
-1.823685e-02
-1.832340e-02
-1.805817e-02
-1.752947e-02
-1.694723e-02
-1.651836e-02
-1.632239e-02
-1.627249e-02
-1.627911e-02
-1.632785e-02
-1.631597e-02
-1.612934e-02
-1.581261e-02
-1.541899e-02
-1.499218e-02
-1.463264e-02
-1.436818e-02
-1.416957e-02
-1.405604e-02
-1.401843e-02
-1.395492e-02
-1.381289e-02
-1.358064e-02
-1.317119e-02
-1.258355e-02
-1.194849e-02
-1.140035e-02
-1.105599e-02
-1.101326e-02
-1.128880e-02
-1.174707e-02
-1.222733e-02
-1.259648e-02
-1.270380e-02
-1.255786e-02
-1.225695e-02
-1.181836e-02
-1.138635e-02
-1.118020e-02
-1.119352e-02
-1.133195e-02
-1.152573e-02
-1.167037e-02
-1.174824e-02
-1.179753e-02
-1.182541e-02
-1.189708e-02
-1.217295e-02
-1.272876e-02
-1.337309e-02
-1.389864e-02
-1.428432e-02
-1.451718e-02
-1.458233e-02
-1.448410e-02
-1.425328e-02
-1.404283e-02
-1.399513e-02
-1.408404e-02
-1.422634e-02
-1.441020e-02
-1.463009e-02
-1.480039e-02
-1.490400e-02
-1.499267e-02
-1.507631e-02
-1.521765e-02
-1.544761e-02
-1.568217e-02
-1.584555e-02
-1.586691e-02
-1.570129e-02
-1.541993e-02
-1.507410e-02
-1.462804e-02
-1.410590e-02
-1.349044e-02
-1.268884e-02
-1.174747e-02
-1.087737e-02
-1.013313e-02
-9.369768e-03
-8.644685e-03
-7.982354e-03
-7.251074e-03
-6.402238e-03
-5.340291e-03
-4.138054e-03
-2.929349e-03
-1.721428e-03
-5.072907e-04
6.099166e-04
1.397149e-03
1.955766e-03
2.468912e-03
2.940630e-03
3.415732e-03
3.743500e-03
3.749198e-03
3.538760e-03
3.297236e-03
3.061659e-03
2.767769e-03
2.457674e-03
2.229233e-03
2.142232e-03
2.084981e-03
1.770993e-03
1.174881e-03
4.949596e-04
-1.417042e-04
-6.988384e-04
-1.249517e-03
-1.715162e-03
-1.838668e-03
-1.651618e-03
-1.407946e-03
-1.311824e-03
-1.497856e-03
-1.886365e-03
-2.333894e-03
-2.816483e-03
-3.381637e-03
-3.933758e-03
-4.314190e-03
-4.620892e-03
-4.916096e-03
-5.324388e-03
-5.906052e-03
-6.362372e-03
-6.638880e-03
-6.919364e-03
-7.240917e-03
-7.546126e-03
-7.928888e-03
-8.470403e-03
-9.180716e-03
-1.017722e-02
-1.130331e-02
-1.220028e-02
-1.273449e-02
-1.298029e-02
-1.302013e-02
-1.299191e-02
-1.300911e-02
-1.301478e-02
-1.302111e-02
-1.303244e-02
-1.299792e-02
-1.300169e-02
-1.310559e-02
-1.317481e-02
-1.309256e-02
-1.290181e-02
-1.268563e-02
-1.241954e-02
-1.193477e-02
-1.129246e-02
-1.078636e-02
-1.061936e-02
-1.082938e-02
-1.123290e-02
-1.167348e-02
-1.211714e-02
-1.247932e-02
-1.271732e-02
-1.283463e-02
-1.280564e-02
-1.281032e-02
-1.320154e-02
-1.397134e-02
-1.479222e-02
-1.555225e-02
-1.632091e-02
-1.704653e-02
-1.771488e-02
-1.841962e-02
-1.910989e-02
-1.974566e-02
-2.040916e-02
-2.117141e-02
-2.193837e-02
-2.247110e-02
-2.276261e-02
-2.302677e-02
-2.336140e-02
-2.371139e-02
-2.415249e-02
-2.478051e-02
-2.551486e-02
-2.630651e-02
-2.707462e-02
-2.775738e-02
-2.843895e-02
-2.915113e-02
-2.983962e-02
-3.043656e-02
-3.091187e-02
-3.128464e-02
-3.157760e-02
-3.181393e-02
-3.194235e-02
-3.191481e-02
-3.176893e-02
-3.154556e-02
-3.132513e-02
-3.112045e-02
-3.085518e-02
-3.057699e-02
-3.037712e-02
-3.016181e-02
-2.981007e-02
-2.945491e-02
-2.919329e-02
-2.898304e-02
-2.880820e-02
-2.862090e-02
-2.846701e-02
-2.843619e-02
-2.855912e-02
-2.875229e-02
-2.892257e-02
-2.912356e-02
-2.940691e-02
-2.988790e-02
-3.051930e-02
-3.108526e-02
-3.149227e-02
-3.168499e-02
-3.167407e-02
-3.142725e-02
-3.103705e-02
-3.069515e-02
-3.036409e-02
-3.007222e-02
-2.990107e-02
-2.977181e-02
-2.958534e-02
-2.931541e-02
-2.896639e-02
-2.854003e-02
-2.815785e-02
-2.794898e-02
-2.785638e-02
-2.780720e-02
-2.770806e-02
-2.749502e-02
-2.730579e-02
-2.712108e-02
-2.681970e-02
-2.651987e-02
-2.636226e-02
-2.643709e-02
-2.670776e-02
-2.695082e-02
-2.704634e-02
-2.710156e-02
-2.715671e-02
-2.701611e-02
-2.657895e-02
-2.588032e-02
-2.495058e-02
-2.390963e-02
-2.288346e-02
-2.191453e-02
-2.109444e-02
-2.051634e-02
-2.002888e-02
-1.946911e-02
-1.882837e-02
-1.806139e-02
-1.722228e-02
-1.647793e-02
-1.588787e-02
-1.549838e-02
-1.536737e-02
-1.544723e-02
-1.561126e-02
-1.568255e-02
-1.549694e-02
-1.493981e-02
-1.408543e-02
-1.322222e-02
-1.255490e-02
-1.210700e-02
-1.180611e-02
-1.159224e-02
-1.143399e-02
-1.125395e-02
-1.093156e-02
-1.043936e-02
-9.921837e-03
-9.505662e-03
-9.197081e-03
-8.931249e-03
-8.641888e-03
-8.324189e-03
-7.956877e-03
-7.466165e-03
-6.807595e-03
-6.045779e-03
-5.229445e-03
-4.425576e-03
-3.775275e-03
-3.264601e-03
-2.819454e-03
-2.401491e-03
-1.942405e-03
-1.426404e-03
-8.701787e-04
-3.369111e-04
3.590111e-05
1.435318e-04
6.493461e-06
-2.607929e-04
-5.314028e-04
-7.857315e-04
-1.116814e-03
-1.527782e-03
-1.954690e-03
-2.401686e-03
-2.922424e-03
-3.605143e-03
-4.493117e-03
-5.481202e-03
-6.421608e-03
-7.311095e-03
-8.204105e-03
-9.025580e-03
-9.620940e-03
-9.980226e-03
-1.025198e-02
-1.052420e-02
-1.086714e-02
-1.136395e-02
-1.193543e-02
-1.245472e-02
-1.286850e-02
-1.311631e-02
-1.306103e-02
-1.264973e-02
-1.212053e-02
-1.172381e-02
-1.155496e-02
-1.172726e-02
-1.218906e-02
-1.268164e-02
-1.306088e-02
-1.335171e-02
-1.350441e-02
-1.344552e-02
-1.325786e-02
-1.304547e-02
-1.289771e-02
-1.285813e-02
-1.300425e-02
-1.321549e-02
-1.310566e-02
-1.264416e-02
-1.190095e-02
-1.081898e-02
-9.558492e-03
-8.305158e-03
-7.015656e-03
-5.681007e-03
-4.467791e-03
-3.289077e-03
-1.957282e-03
-5.675310e-04
7.602960e-04
1.995682e-03
3.069073e-03
3.964094e-03
4.779811e-03
5.589052e-03
6.499579e-03
7.633690e-03
8.938161e-03
1.029835e-02
1.155702e-02
1.254808e-02
1.324880e-02
1.371695e-02
1.405963e-02
1.427991e-02
1.439867e-02
1.457686e-02
1.478812e-02
1.488890e-02
1.480224e-02
1.453774e-02
1.414514e-02
1.371024e-02
1.330315e-02
1.284568e-02
1.236005e-02
1.191683e-02
1.152706e-02
1.135908e-02
1.133374e-02
1.125978e-02
1.127286e-02
1.142353e-02
1.157347e-02
1.156374e-02
1.134977e-02
1.097712e-02
1.058725e-02
1.030398e-02
1.005516e-02
1.006212e-02
1.029117e-02
1.042759e-02
1.074014e-02
1.124056e-02
1.162365e-02
1.190252e-02
1.230123e-02
1.283983e-02
1.329485e-02
1.389541e-02
1.474697e-02
1.548909e-02
1.604187e-02
1.663172e-02
1.732228e-02
1.792046e-02
1.849593e-02
1.911145e-02
1.955407e-02
1.986885e-02
2.017309e-02
2.028938e-02
2.011510e-02
1.997926e-02
2.000285e-02
1.988137e-02
1.968528e-02
1.959869e-02
1.950349e-02
1.938140e-02
1.932622e-02
1.930017e-02
1.912525e-02
1.887052e-02
1.879933e-02
1.884341e-02
1.884314e-02
1.889057e-02
1.903712e-02
1.917003e-02
1.927287e-02
1.933952e-02
1.925545e-02
1.901935e-02
1.876233e-02
1.853137e-02
1.827036e-02
1.798369e-02
1.772876e-02
1.751468e-02
1.736867e-02
1.731935e-02
1.730278e-02
1.728548e-02
1.731063e-02
1.728057e-02
1.710059e-02
1.688136e-02
1.667122e-02
1.645732e-02
1.629953e-02
1.630640e-02
1.656472e-02
1.696121e-02
1.727553e-02
1.744983e-02
1.756416e-02
1.760265e-02
1.760801e-02
1.771982e-02
1.782821e-02
1.786912e-02
1.805628e-02
1.838652e-02
1.861200e-02
1.872484e-02
1.888860e-02
1.915716e-02
1.959410e-02
2.017308e-02
2.063727e-02
2.085854e-02
2.091597e-02
2.089518e-02
2.084890e-02
2.078165e-02
2.071701e-02
2.068872e-02
2.070650e-02
2.065448e-02
2.031603e-02
1.974571e-02
1.916803e-02
1.865290e-02
1.821556e-02
1.790953e-02
1.782924e-02
1.798125e-02
1.823536e-02
1.852567e-02
1.883574e-02
1.906444e-02
1.904396e-02
1.874917e-02
1.841336e-02
1.825232e-02
1.827936e-02
1.842863e-02
1.856255e-02
1.861785e-02
1.872367e-02
1.885134e-02
1.880362e-02
1.854400e-02
1.829846e-02
1.834303e-02
1.865231e-02
1.901684e-02
1.929263e-02
1.937266e-02
1.923917e-02
1.903999e-02
1.889844e-02
1.880081e-02
1.879707e-02
1.895896e-02
1.931730e-02
1.978309e-02
2.013421e-02
2.040066e-02
2.078315e-02
2.136227e-02
2.202977e-02
2.256347e-02
2.293842e-02
2.325298e-02
2.356593e-02
2.383400e-02
2.391916e-02
2.390223e-02
2.400848e-02
2.430010e-02
2.465827e-02
2.497931e-02
2.528032e-02
2.547984e-02
2.545650e-02
2.520122e-02
2.462552e-02
2.385504e-02
2.317668e-02
2.259046e-02
2.211147e-02
2.171030e-02
2.123965e-02
2.061726e-02
1.973456e-02
1.863943e-02
1.756856e-02
1.673515e-02
1.618423e-02
1.587532e-02
1.577918e-02
1.571178e-02
1.543219e-02
1.478475e-02
1.372774e-02
1.233223e-02
1.080828e-02
9.432026e-03
8.326383e-03
7.512100e-03
6.915972e-03
6.372309e-03
5.712247e-03
4.794506e-03
3.604365e-03
2.300704e-03
1.150506e-03
3.435644e-04
-9.669907e-05
-1.977236e-04
-7.566246e-05
1.034564e-04
2.774578e-04
3.544804e-04
3.258514e-04
3.555076e-04
5.783435e-04
1.101873e-03
1.937539e-03
2.955060e-03
3.988306e-03
4.946524e-03
5.725244e-03
6.176483e-03
6.336095e-03
6.387045e-03
6.517814e-03
6.711871e-03
6.762570e-03
6.556119e-03
6.035990e-03
5.260052e-03
4.356895e-03
3.375073e-03
2.465341e-03
1.871818e-03
1.670293e-03
1.691403e-03
1.802685e-03
2.077132e-03
2.450036e-03
2.669370e-03
2.657769e-03
2.512635e-03
2.372743e-03
2.334611e-03
2.340754e-03
2.291899e-03
2.129929e-03
1.815502e-03
1.352103e-03
8.286249e-04
4.128793e-04
2.744380e-04
4.824999e-04
9.204498e-04
1.381484e-03
1.648231e-03
1.564785e-03
1.130948e-03
5.139918e-04
-5.676798e-05
-4.354478e-04
-5.111056e-04
-2.643451e-04
6.941752e-05
1.377344e-04
-1.328188e-04
-5.744558e-04
-1.098698e-03
-1.630751e-03
-1.974120e-03
-1.986342e-03
-1.759407e-03
-1.489008e-03
-1.507155e-03
-2.101741e-03
-3.071534e-03
-4.008673e-03
-4.767571e-03
-5.333900e-03
-5.665085e-03
-5.790051e-03
-5.812078e-03
-5.925637e-03
-6.304651e-03
-6.899597e-03
-7.498817e-03
-7.848548e-03
-7.788999e-03
-7.371910e-03
-6.843129e-03
-6.468503e-03
-6.269456e-03
-6.100062e-03
-5.927233e-03
-5.736056e-03
-5.380629e-03
-4.695402e-03
-3.647560e-03
-2.430593e-03
-1.384296e-03
-7.733495e-04
-5.915383e-04
-6.211167e-04
-6.881356e-04
-6.420209e-04
-2.761149e-04
4.873307e-04
1.420161e-03
2.238731e-03
2.894788e-03
3.321370e-03
3.552578e-03
3.786098e-03
4.094222e-03
4.674265e-03
5.651667e-03
6.795316e-03
7.810078e-03
8.498456e-03
8.721049e-03
8.577890e-03
8.445108e-03
8.406262e-03
8.460008e-03
8.810947e-03
9.269130e-03
9.510124e-03
9.490191e-03
9.142622e-03
8.490659e-03
7.816863e-03
7.483343e-03
7.720833e-03
8.432314e-03
9.385377e-03
1.036181e-02
1.110044e-02
1.138719e-02
1.122015e-02
1.087256e-02
1.059079e-02
1.052103e-02
1.069088e-02
1.098547e-02
1.126526e-02
1.121923e-02
1.068316e-02
9.840103e-03
8.865526e-03
7.862178e-03
6.957650e-03
6.344783e-03
6.111974e-03
6.140102e-03
6.224659e-03
6.137024e-03
5.796618e-03
5.240582e-03
4.507322e-03
3.754460e-03
3.130769e-03
2.714033e-03
2.545754e-03
2.403190e-03
1.917593e-03
1.058315e-03
7.548976e-05
-9.493713e-04
-1.978716e-03
-2.759827e-03
-3.040125e-03
-2.812318e-03
-2.404092e-03
-2.201553e-03
-2.195687e-03
-2.173431e-03
-2.192883e-03
-2.444303e-03
-2.888719e-03
-3.160630e-03
-2.954784e-03
-2.528119e-03
-2.296247e-03
-2.332936e-03
-2.501764e-03
-2.666583e-03
-2.869698e-03
-3.152518e-03
-3.363799e-03
-3.290666e-03
-2.838298e-03
-2.140577e-03
-1.442249e-03
-9.636234e-04
-7.286702e-04
-5.645167e-04
-3.823206e-04
-2.048507e-04
-2.636334e-05
1.657099e-04
3.627947e-04
5.793950e-04
7.855695e-04
8.506734e-04
7.240501e-04
5.144891e-04
2.833975e-04
6.854068e-05
-7.821594e-05
-2.002723e-04
-2.902361e-04
-2.295511e-04
3.717659e-05
3.961014e-04
7.181102e-04
9.831427e-04
1.151940e-03
1.213939e-03
1.158136e-03
8.898871e-04
3.511339e-04
-3.625107e-04
-1.041434e-03
-1.666474e-03
-2.326063e-03
-2.956891e-03
-3.481845e-03
-3.960652e-03
-4.496082e-03
-5.076807e-03
-5.702856e-03
-6.371687e-03
-7.032597e-03
-7.685714e-03
-8.189048e-03
-8.387831e-03
-8.351594e-03
-8.208084e-03
-8.029182e-03
-7.800714e-03
-7.602063e-03
-7.640447e-03
-8.002931e-03
-8.558638e-03
-9.045075e-03
-9.343950e-03
-9.564805e-03
-9.785362e-03
-9.830362e-03
-9.601337e-03
-9.316684e-03
-9.142808e-03
-9.086789e-03
-9.106276e-03
-9.156779e-03
-9.204122e-03
-9.289528e-03
-9.437882e-03
-9.484704e-03
-9.347624e-03
-9.153864e-03
-8.989232e-03
-8.710686e-03
-8.215204e-03
-7.662122e-03
-7.164880e-03
-6.675551e-03
-6.146247e-03
-5.623634e-03
-5.213271e-03
-5.000434e-03
-4.881598e-03
-4.560547e-03
-3.942240e-03
-3.211306e-03
-2.466975e-03
-1.630487e-03
-7.673103e-04
-1.384478e-04
6.513697e-05
-1.459261e-04
-5.889807e-04
-1.021612e-03
-1.287227e-03
-1.470103e-03
-1.755129e-03
-2.207718e-03
-2.809589e-03
-3.520072e-03
-4.262624e-03
-4.945427e-03
-5.517295e-03
-5.876172e-03
-6.027371e-03
-6.194996e-03
-6.528403e-03
-7.064987e-03
-7.761350e-03
-8.519302e-03
-9.254270e-03
-9.874682e-03
-1.030534e-02
-1.059213e-02
-1.089387e-02
-1.128726e-02
-1.186724e-02
-1.275622e-02
-1.382816e-02
-1.483561e-02
-1.559042e-02
-1.596236e-02
-1.595939e-02
-1.570361e-02
-1.527735e-02
-1.474155e-02
-1.417802e-02
-1.365238e-02
-1.321055e-02
-1.286368e-02
-1.260659e-02
-1.241415e-02
-1.223593e-02
-1.200106e-02
-1.155849e-02
-1.091681e-02
-1.031244e-02
-9.891279e-03
-9.635432e-03
-9.415406e-03
-9.209335e-03
-9.131641e-03
-9.137098e-03
-9.086766e-03
-8.977441e-03
-8.919163e-03
-9.014947e-03
-9.250875e-03
-9.494879e-03
-9.719724e-03
-1.004937e-02
-1.059265e-02
-1.127503e-02
-1.190204e-02
-1.238224e-02
-1.271378e-02
-1.295836e-02
-1.318000e-02
-1.340316e-02
-1.367212e-02
-1.401261e-02
-1.448600e-02
-1.511826e-02
-1.574734e-02
-1.617911e-02
-1.635976e-02
-1.631223e-02
-1.607496e-02
-1.573794e-02
-1.538612e-02
-1.505444e-02
-1.477625e-02
-1.451858e-02
-1.416916e-02
-1.366876e-02
-1.304723e-02
-1.239319e-02
-1.185276e-02
-1.159237e-02
-1.170786e-02
-1.212990e-02
-1.271481e-02
-1.325701e-02
-1.357510e-02
-1.363332e-02
-1.340592e-02
-1.297266e-02
-1.255682e-02
-1.232856e-02
-1.235084e-02
-1.261634e-02
-1.303318e-02
-1.341368e-02
-1.359827e-02
-1.362681e-02
-1.368748e-02
-1.388517e-02
-1.428889e-02
-1.493742e-02
-1.566141e-02
-1.618348e-02
-1.640532e-02
-1.632594e-02
-1.590958e-02
-1.530694e-02
-1.471195e-02
-1.424462e-02
-1.398631e-02
-1.385230e-02
-1.373554e-02
-1.349766e-02
-1.298117e-02
-1.225743e-02
-1.161143e-02
-1.128399e-02
-1.140895e-02
-1.204820e-02
-1.300480e-02
-1.395775e-02
-1.471860e-02
-1.519215e-02
-1.535339e-02
-1.529014e-02
-1.515995e-02
-1.510492e-02
-1.527842e-02
-1.563992e-02
-1.597114e-02
-1.608666e-02
-1.582523e-02
-1.520800e-02
-1.439343e-02
-1.358965e-02
-1.293616e-02
-1.242507e-02
-1.202241e-02
-1.166476e-02
-1.113343e-02
-1.030148e-02
-9.271222e-03
-8.145047e-03
-7.212430e-03
-6.513477e-03
-6.038126e-03
-5.824058e-03
-5.464141e-03
-4.992283e-03
-4.538331e-03
-4.019770e-03
-3.607848e-03
-3.390839e-03
-3.301415e-03
-3.328329e-03
-3.509264e-03
-3.772448e-03
-4.178950e-03
-4.677721e-03
-5.063414e-03
-5.275742e-03
-5.307049e-03
-5.277366e-03
-5.267359e-03
-5.327951e-03
-5.464492e-03
-5.704950e-03
-6.173875e-03
-6.785572e-03
-7.366737e-03
-7.782214e-03
-7.924575e-03
-7.827399e-03
-7.599296e-03
-7.375629e-03
-7.194717e-03
-7.010067e-03
-6.934000e-03
-6.989260e-03
-7.027703e-03
-7.023360e-03
-7.075079e-03
-7.237411e-03
-7.484488e-03
-7.832226e-03
-8.217155e-03
-8.498819e-03
-8.567263e-03
-8.428681e-03
-8.202985e-03
-8.026555e-03
-8.095695e-03
-8.307820e-03
-8.429569e-03
-8.466288e-03
-8.410480e-03
-8.265453e-03
-7.929102e-03
-7.270022e-03
-6.380057e-03
-5.418286e-03
-4.496143e-03
-3.619877e-03
-2.818002e-03
-2.181554e-03
-1.701586e-03
-1.343619e-03
-1.076353e-03
-8.717622e-04
-8.178790e-04
-9.105851e-04
-9.970551e-04
-9.772825e-04
-7.629229e-04
-3.713590e-04
1.194537e-04
7.517535e-04
1.442111e-03
1.976558e-03
2.350201e-03
2.692299e-03
3.018207e-03
3.281435e-03
3.517043e-03
3.738028e-03
3.930532e-03
4.210203e-03
4.513566e-03
4.564834e-03
4.353634e-03
4.036926e-03
3.661485e-03
3.236108e-03
2.844915e-03
2.587229e-03
2.369611e-03
1.977066e-03
1.311744e-03
3.959760e-04
-6.684584e-04
-1.755775e-03
-2.717947e-03
-3.303250e-03
-3.408256e-03
-3.225212e-03
-2.932438e-03
-2.616921e-03
-2.412713e-03
-2.363137e-03
-2.347881e-03
-2.162498e-03
-1.587382e-03
-6.420995e-04
4.413295e-04
1.452423e-03
2.291352e-03
2.977115e-03
3.506960e-03
3.847027e-03
4.049342e-03
4.273995e-03
4.547652e-03
4.681734e-03
4.510294e-03
3.971593e-03
3.177260e-03
2.332983e-03
1.610308e-03
1.121742e-03
8.874023e-04
8.935750e-04
1.056279e-03
1.232592e-03
1.326823e-03
1.366732e-03
1.448713e-03
1.638064e-03
1.980747e-03
2.461370e-03
2.936250e-03
3.195010e-03
3.100830e-03
2.615829e-03
1.806775e-03
7.831232e-04
-2.723033e-04
-1.141214e-03
-1.782646e-03
-2.233202e-03
-2.597653e-03
-3.031906e-03
-3.564994e-03
-4.086797e-03
-4.434167e-03
-4.540083e-03
-4.413207e-03
-4.079791e-03
-3.653391e-03
-3.316307e-03
-3.102770e-03
-2.872280e-03
-2.522211e-03
-2.082272e-03
-1.609077e-03
-1.093721e-03
-6.276493e-04
-3.349969e-04
-2.495314e-04
-3.014733e-04
-2.932965e-04
-9.978145e-05
3.227052e-04
9.146476e-04
1.486173e-03
1.932581e-03
2.214053e-03
2.336586e-03
2.436877e-03
2.620098e-03
2.870823e-03
3.225681e-03
3.692471e-03
4.070887e-03
4.211154e-03
4.153770e-03
3.986523e-03
3.865473e-03
3.942463e-03
4.266937e-03
4.784692e-03
5.387649e-03
6.030590e-03
6.669197e-03
7.237153e-03
7.731634e-03
8.226510e-03
8.763229e-03
9.261542e-03
9.711338e-03
1.017880e-02
1.063836e-02
1.112691e-02
1.175829e-02
1.242381e-02
1.291225e-02
1.320754e-02
1.340151e-02
1.354208e-02
1.358436e-02
1.351269e-02
1.337302e-02
1.325031e-02
1.322012e-02
1.318887e-02
1.310416e-02
1.308756e-02
1.320681e-02
1.345405e-02
1.380604e-02
1.416233e-02
1.439441e-02
1.450655e-02
1.453769e-02
1.438940e-02
1.410539e-02
1.393583e-02
1.393929e-02
1.406214e-02
1.429307e-02
1.454887e-02
1.473854e-02
1.478033e-02
1.465688e-02
1.442683e-02
1.418497e-02
1.405906e-02
1.409849e-02
1.427350e-02
1.446228e-02
1.453775e-02
1.452347e-02
1.448534e-02
1.449014e-02
1.457244e-02
1.469937e-02
1.489648e-02
1.513605e-02
1.528999e-02
1.535354e-02
1.545433e-02
1.566720e-02
1.604814e-02
1.663162e-02
1.735440e-02
1.817691e-02
1.905235e-02
1.986281e-02
2.051874e-02
2.101340e-02
2.146778e-02
2.195902e-02
2.244414e-02
2.284489e-02
2.305072e-02
2.312015e-02
2.309519e-02
2.294801e-02
2.284132e-02
2.281471e-02
2.282905e-02
2.293225e-02
2.308375e-02
2.321167e-02
2.326023e-02
2.321084e-02
2.304016e-02
2.269594e-02
2.223134e-02
2.176234e-02
2.144736e-02
2.134552e-02
2.137963e-02
2.154608e-02
2.174367e-02
2.184086e-02
2.187462e-02
2.185882e-02
2.181837e-02
2.182454e-02
2.188594e-02
2.201440e-02
2.211878e-02
2.209447e-02
2.195643e-02
2.163794e-02
2.110738e-02
2.045925e-02
1.988773e-02
1.948459e-02
1.913420e-02
1.888106e-02
1.867969e-02
1.836730e-02
1.797702e-02
1.744261e-02
1.676485e-02
1.609499e-02
1.539749e-02
1.464275e-02
1.388208e-02
1.313504e-02
1.248045e-02
1.195784e-02
1.159075e-02
1.147434e-02
1.168025e-02
1.215367e-02
1.275598e-02
1.344974e-02
1.410000e-02
1.446557e-02
1.458418e-02
1.455450e-02
1.428876e-02
1.395578e-02
1.388806e-02
1.399163e-02
1.405652e-02
1.415169e-02
1.433732e-02
1.450371e-02
1.459307e-02
1.456205e-02
1.430764e-02
1.383971e-02
1.333548e-02
1.288549e-02
1.229691e-02
1.170156e-02
1.139734e-02
1.114690e-02
1.068217e-02
1.011728e-02
9.608803e-03
9.102825e-03
8.691051e-03
8.481981e-03
8.272631e-03
7.992504e-03
7.666957e-03
7.206186e-03
6.667576e-03
6.277657e-03
6.111308e-03
6.165867e-03
6.477203e-03
6.851571e-03
7.085744e-03
7.152046e-03
7.000864e-03
6.635480e-03
6.230737e-03
5.954326e-03
5.776800e-03
5.670131e-03
5.649219e-03
5.628341e-03
5.463413e-03
5.134634e-03
4.785541e-03
4.456637e-03
4.197983e-03
4.190706e-03
4.431431e-03
4.704139e-03
4.904040e-03
5.068435e-03
5.141288e-03
5.085365e-03
5.004072e-03
4.985824e-03
5.012750e-03
5.051538e-03
5.114838e-03
5.160650e-03
5.034691e-03
4.671284e-03
4.202848e-03
3.723697e-03
3.292514e-03
3.040508e-03
3.043223e-03
3.173194e-03
3.175852e-03
2.943471e-03
2.524015e-03
2.048319e-03
1.652542e-03
1.424624e-03
1.429349e-03
1.642852e-03
2.007665e-03
2.393478e-03
2.668202e-03
2.815684e-03
2.890814e-03
2.979265e-03
3.140837e-03
3.434015e-03
3.794481e-03
4.177695e-03
4.704510e-03
5.421221e-03
6.275821e-03
7.162498e-03
7.977727e-03
8.733014e-03
9.457268e-03
9.966265e-03
1.008198e-02
9.959444e-03
9.808789e-03
9.653780e-03
9.464821e-03
9.222359e-03
8.952942e-03
8.717238e-03
8.447617e-03
8.065816e-03
7.570432e-03
6.947245e-03
6.210635e-03
5.415256e-03
4.696393e-03
4.198354e-03
3.917658e-03
3.763224e-03
3.682050e-03
3.596201e-03
3.405138e-03
3.068461e-03
2.615366e-03
2.163383e-03
1.789561e-03
1.512677e-03
1.291606e-03
1.052745e-03
8.308508e-04
5.595766e-04
1.072529e-04
-4.298277e-04
-9.304738e-04
-1.373348e-03
-1.699890e-03
-1.835468e-03
-1.744200e-03
-1.581084e-03
-1.495064e-03
-1.471224e-03
-1.496658e-03
-1.561376e-03
-1.702607e-03
-1.861624e-03
-2.040779e-03
-2.229685e-03
-2.350665e-03
-2.613303e-03
-3.039120e-03
-3.419080e-03
-3.731223e-03
-3.996501e-03
-4.179049e-03
-4.412556e-03
-4.675762e-03
-4.771522e-03
-4.914354e-03
-5.169550e-03
-5.482055e-03
-5.861032e-03
-6.125628e-03
-6.312800e-03
-6.425824e-03
-6.404915e-03
-6.289418e-03
-6.177218e-03
-6.241558e-03
-6.418409e-03
-6.648915e-03
-6.910903e-03
-6.994842e-03
-6.941446e-03
-6.926364e-03
-6.852360e-03
-6.686594e-03
-6.538113e-03
-6.403820e-03
-6.256395e-03
-6.031783e-03
-5.707037e-03
-5.322412e-03
-4.874028e-03
-4.515746e-03
-4.284085e-03
-4.044601e-03
-3.895019e-03
-3.831378e-03
-3.690712e-03
-3.450063e-03
-3.097344e-03
-2.620737e-03
-2.087779e-03
-1.580954e-03
-1.160908e-03
-9.273856e-04
-9.846205e-04
-1.332353e-03
-1.857283e-03
-2.406388e-03
-2.940263e-03
-3.496731e-03
-4.061055e-03
-4.571815e-03
-4.960164e-03
-5.286084e-03
-5.624191e-03
-5.909416e-03
-6.160687e-03
-6.356157e-03
-6.360894e-03
-6.338640e-03
-6.488345e-03
-6.699210e-03
-6.894334e-03
-7.160147e-03
-7.610387e-03
-8.189200e-03
-8.714474e-03
-9.192434e-03
-9.626026e-03
-9.903067e-03
-1.003822e-02
-1.005381e-02
-9.956384e-03
-9.749773e-03
-9.494665e-03
-9.368119e-03
-9.305890e-03
-9.134979e-03
-8.860155e-03
-8.492273e-03
-8.056548e-03
-7.532024e-03
-6.943118e-03
-6.512683e-03
-6.300418e-03
-6.218951e-03
-6.237034e-03
-6.290462e-03
-6.278867e-03
-6.070632e-03
-5.835736e-03
-5.692416e-03
-5.473517e-03
-5.402053e-03
-5.599657e-03
-5.927807e-03
-6.439048e-03
-7.034177e-03
-7.520903e-03
-7.876049e-03
-8.127546e-03
-8.375988e-03
-8.739769e-03
-9.091990e-03
-9.474876e-03
-1.005008e-02
-1.068102e-02
-1.122110e-02
-1.150093e-02
-1.144085e-02
-1.110528e-02
-1.068782e-02
-1.031332e-02
-9.951866e-03
-9.672058e-03
-9.417334e-03
-9.317516e-03
-9.390834e-03
-9.258744e-03
-8.893747e-03
-8.513608e-03
-8.254300e-03
-8.047359e-03
-7.801876e-03
-7.596120e-03
-7.539989e-03
-7.661554e-03
-7.855696e-03
-8.052190e-03
-8.214247e-03
-8.388194e-03
-8.647726e-03
-8.962265e-03
-9.249186e-03
-9.454343e-03
-9.597433e-03
-9.700733e-03
-9.767422e-03
-9.748736e-03
-9.743803e-03
-9.878455e-03
-9.980017e-03
-9.869350e-03
-9.630247e-03
-9.440280e-03
-9.263794e-03
-9.018692e-03
-8.803037e-03
-8.687495e-03
-8.689078e-03
-8.778323e-03
-8.882455e-03
-8.923390e-03
-8.825337e-03
-8.706813e-03
-8.657591e-03
-8.570705e-03
-8.442604e-03
-8.365556e-03
-8.397035e-03
-8.463041e-03
-8.457717e-03
-8.399229e-03
-8.206310e-03
-7.885509e-03
-7.618506e-03
-7.371647e-03
-7.059077e-03
-6.633922e-03
-6.153697e-03
-5.660704e-03
-5.027305e-03
-4.413299e-03
-3.942540e-03
-3.549371e-03
-3.355695e-03
-3.417933e-03
-3.623367e-03
-3.810874e-03
-3.989142e-03
-4.185873e-03
-4.214011e-03
-4.182944e-03
-4.314329e-03
-4.519873e-03
-4.778758e-03
-5.126084e-03
-5.573411e-03
-6.038034e-03
-6.417687e-03
-6.820405e-03
-7.216125e-03
-7.636450e-03
-8.260160e-03
-9.033204e-03
-9.863827e-03
-1.061862e-02
-1.111830e-02
-1.136189e-02
-1.141143e-02
-1.131512e-02
-1.116581e-02
-1.098164e-02
-1.074558e-02
-1.055566e-02
-1.052663e-02
-1.057429e-02
-1.051230e-02
-1.036041e-02
-1.020142e-02
-1.014182e-02
-1.031005e-02
-1.064240e-02
-1.105925e-02
-1.153616e-02
-1.199256e-02
-1.232978e-02
-1.251915e-02
-1.264902e-02
-1.277040e-02
-1.296904e-02
-1.329859e-02
-1.361486e-02
-1.384242e-02
-1.389883e-02
-1.369886e-02
-1.336902e-02
-1.307011e-02
-1.288700e-02
-1.280744e-02
-1.275969e-02
-1.279398e-02
-1.296333e-02
-1.318104e-02
-1.331121e-02
-1.327227e-02
-1.323076e-02
-1.339493e-02
-1.369490e-02
-1.389157e-02
-1.383985e-02
-1.361134e-02
-1.329090e-02
-1.300581e-02
-1.272516e-02
-1.231726e-02
-1.193388e-02
-1.169885e-02
-1.161676e-02
-1.154754e-02
-1.131550e-02
-1.091362e-02
-1.047892e-02
-1.010874e-02
-9.719895e-03
-9.243476e-03
-8.577729e-03
-7.772234e-03
-7.020300e-03
-6.358508e-03
-5.699946e-03
-5.060274e-03
-4.702207e-03
-4.647783e-03
-4.654353e-03
-4.553339e-03
-4.184090e-03
-3.556755e-03
-2.777319e-03
-1.903552e-03
-1.010625e-03
-1.655136e-04
3.843259e-04
4.768033e-04
3.491103e-04
2.309400e-04
1.407743e-04
9.814849e-05
2.185990e-04
4.903592e-04
8.283579e-04
1.129346e-03
1.115618e-03
7.556728e-04
3.596505e-04
4.876379e-05
-3.000466e-04
-6.188312e-04
-7.590119e-04
-8.346671e-04
-8.583353e-04
-7.479852e-04
-5.807426e-04
-4.000447e-04
-9.375402e-05
4.478587e-04
1.157323e-03
1.982595e-03
2.779622e-03
3.389248e-03
3.864558e-03
4.168197e-03
4.241946e-03
4.113773e-03
3.916480e-03
3.837338e-03
3.878655e-03
3.978017e-03
4.212358e-03
4.608473e-03
4.944557e-03
5.092882e-03
5.135898e-03
5.029187e-03
4.665877e-03
4.148636e-03
3.659338e-03
3.152659e-03
2.522890e-03
1.895770e-03
1.396857e-03
1.028481e-03
7.915814e-04
6.544029e-04
5.136233e-04
3.249983e-04
2.248538e-04
1.782378e-04
-2.101564e-05
-3.297019e-04
-5.622410e-04
-6.221210e-04
-5.127998e-04
-3.244348e-04
-2.906125e-04
-4.216077e-04
-3.979043e-04
-1.362802e-04
1.928830e-04
4.606164e-04
8.024327e-04
1.230657e-03
1.392726e-03
1.339851e-03
1.306778e-03
1.227993e-03
1.131398e-03
1.254341e-03
1.699142e-03
2.272687e-03
2.871931e-03
3.437409e-03
3.829071e-03
4.038982e-03
4.140240e-03
4.182877e-03
4.105732e-03
4.000988e-03
4.035753e-03
4.148519e-03
4.276831e-03
4.375786e-03
4.443689e-03
4.458819e-03
4.333789e-03
4.149478e-03
3.925785e-03
3.697869e-03
3.684579e-03
3.949529e-03
4.402054e-03
4.893535e-03
5.342458e-03
5.780438e-03
6.149285e-03
6.380361e-03
6.602340e-03
6.974451e-03
7.342579e-03
7.641168e-03
8.243477e-03
8.988485e-03
9.353123e-03
9.657850e-03
9.924037e-03
9.925259e-03
9.910937e-03
9.760439e-03
9.836042e-03
1.011969e-02
9.999489e-03
9.942478e-03
1.006302e-02
1.003521e-02
9.949241e-03
9.821345e-03
9.761824e-03
9.743272e-03
9.764020e-03
9.850468e-03
9.734814e-03
9.578708e-03
9.470640e-03
9.147281e-03
8.747001e-03
8.312500e-03
7.824488e-03
7.482410e-03
7.377407e-03
7.280368e-03
7.037069e-03
7.038738e-03
7.160183e-03
6.954677e-03
6.735712e-03
6.667495e-03
6.579071e-03
6.483920e-03
6.384044e-03
6.328292e-03
6.288675e-03
6.251470e-03
6.293896e-03
6.124712e-03
5.613016e-03
5.071648e-03
4.488300e-03
3.884497e-03
3.538638e-03
3.289580e-03
2.994713e-03
2.806303e-03
2.675313e-03
2.403873e-03
2.001860e-03
1.851393e-03
2.038111e-03
2.350739e-03
2.822807e-03
3.399731e-03
3.920488e-03
4.276056e-03
4.478509e-03
4.549250e-03
4.488210e-03
4.485266e-03
4.572038e-03
4.571256e-03
4.516864e-03
4.609157e-03
4.745215e-03
4.749066e-03
4.875435e-03
5.199869e-03
5.487806e-03
5.681095e-03
5.809428e-03
5.826223e-03
5.539857e-03
4.958933e-03
4.391317e-03
3.981467e-03
3.738601e-03
3.603392e-03
3.467264e-03
3.415254e-03
3.413608e-03
3.304126e-03
3.180740e-03
3.064494e-03
2.863642e-03
2.639267e-03
2.458011e-03
2.335614e-03
2.246026e-03
2.164660e-03
2.068957e-03
1.863610e-03
1.547452e-03
1.191264e-03
8.494297e-04
5.311685e-04
2.130034e-04
-8.450185e-06
-1.587542e-04
-3.449970e-04
-4.590737e-04
-4.416233e-04
-5.159728e-04
-7.915795e-04
-1.009037e-03
-1.154351e-03
-1.372040e-03
-1.529482e-03
-1.672204e-03
-1.867973e-03
-2.001335e-03
-2.098591e-03
-2.301133e-03
-2.641176e-03
-2.936747e-03
-3.109656e-03
-3.179984e-03
-3.045955e-03
-2.782920e-03
-2.509465e-03
-2.180823e-03
-1.838547e-03
-1.571235e-03
-1.431298e-03
-1.450402e-03
-1.585853e-03
-1.709620e-03
-1.782523e-03
-1.919498e-03
-2.084799e-03
-2.137421e-03
-2.080904e-03
-2.020022e-03
-2.020339e-03
-2.094527e-03
-2.277456e-03
-2.524331e-03
-2.779525e-03
-3.041766e-03
-3.300627e-03
-3.590345e-03
-3.878825e-03
-4.059085e-03
-4.105442e-03
-4.150593e-03
-4.307238e-03
-4.480138e-03
-4.633696e-03
-4.920818e-03
-5.452375e-03
-6.192439e-03
-7.024626e-03
-7.821415e-03
-8.590376e-03
-9.381363e-03
-1.001426e-02
-1.035719e-02
-1.051385e-02
-1.061138e-02
-1.072171e-02
-1.079552e-02
-1.074179e-02
-1.059155e-02
-1.049012e-02
-1.045212e-02
-1.031803e-02
-1.003096e-02
-9.687203e-03
-9.353969e-03
-9.009475e-03
-8.608318e-03
-8.158920e-03
-7.720136e-03
-7.274316e-03
-6.739505e-03
-6.123696e-03
-5.541722e-03
-5.092316e-03
-4.729371e-03
-4.280818e-03
-3.782143e-03
-3.453221e-03
-3.174214e-03
-2.685555e-03
-2.049640e-03
-1.509948e-03
-1.047496e-03
-5.618409e-04
-1.985947e-04
1.408822e-04
4.519097e-04
5.332496e-04
6.555564e-04
1.022627e-03
1.407010e-03
1.605030e-03
1.817551e-03
2.255770e-03
2.736483e-03
3.126772e-03
3.455196e-03
3.789114e-03
4.183648e-03
4.553856e-03
4.809274e-03
4.961868e-03
5.035687e-03
5.085331e-03
5.157614e-03
5.185102e-03
5.064432e-03
4.811814e-03
4.596844e-03
4.457721e-03
4.284856e-03
4.062441e-03
3.857461e-03
3.670297e-03
3.385822e-03
2.979466e-03
2.436191e-03
1.740613e-03
1.017200e-03
3.493834e-04
-2.696717e-04
-8.437284e-04
-1.285584e-03
-1.541012e-03
-1.693423e-03
-1.887510e-03
-2.244255e-03
-2.689350e-03
-3.125185e-03
-3.565844e-03
-4.048213e-03
-4.604294e-03
-5.166748e-03
-5.731995e-03
-6.344285e-03
-6.914231e-03
-7.346205e-03
-7.645593e-03
-7.833699e-03
-7.860443e-03
-7.799122e-03
-7.793069e-03
-7.797597e-03
-7.772443e-03
-7.766717e-03
-7.717815e-03
-7.564461e-03
-7.321939e-03
-6.952345e-03
-6.466508e-03
-5.890841e-03
-5.243796e-03
-4.605984e-03
-3.987091e-03
-3.344992e-03
-2.682691e-03
-2.097048e-03
-1.645374e-03
-1.256138e-03
-9.010327e-04
-6.019806e-04
-3.576034e-04
-1.391302e-04
6.596043e-05
2.188873e-04
2.609272e-04
1.593787e-04
3.081672e-06
-1.256033e-04
-2.790854e-04
-5.201157e-04
-8.948014e-04
-1.423143e-03
-2.101582e-03
-2.901684e-03
-3.728801e-03
-4.464279e-03
-5.048626e-03
-5.545312e-03
-5.995095e-03
-6.445731e-03
-6.994236e-03
-7.586413e-03
-8.165758e-03
-8.695612e-03
-9.082160e-03
-9.327523e-03
-9.489070e-03
-9.585037e-03
-9.616749e-03
-9.655365e-03
-9.782090e-03
-9.960518e-03
-1.015187e-02
-1.037699e-02
-1.058058e-02
-1.073004e-02
-1.088348e-02
-1.106902e-02
-1.128673e-02
-1.150592e-02
-1.169312e-02
-1.182158e-02
-1.185638e-02
-1.176096e-02
-1.145179e-02
-1.088417e-02
-1.013086e-02
-9.293981e-03
-8.455702e-03
-7.728220e-03
-7.190396e-03
-6.807435e-03
-6.472519e-03
-6.087724e-03
-5.605116e-03
-5.004856e-03
-4.325499e-03
-3.622369e-03
-2.948512e-03
-2.431105e-03
-2.236055e-03
-2.306169e-03
-2.360470e-03
-2.373501e-03
-2.407073e-03
-2.330009e-03
-2.137982e-03
-1.914521e-03
-1.657177e-03
-1.339556e-03
-1.029044e-03
-7.651973e-04
-4.595626e-04
-1.689944e-04
-4.898742e-05
-1.529200e-04
-4.636553e-04
-8.928735e-04
-1.346375e-03
-1.792565e-03
-2.171523e-03
-2.338629e-03
-2.316329e-03
-2.337529e-03
-2.523511e-03
-2.865418e-03
-3.418655e-03
-4.252677e-03
-5.247922e-03
-6.190861e-03
-6.916655e-03
-7.427945e-03
-7.912202e-03
-8.400836e-03
-8.881240e-03
-9.360536e-03
-9.820848e-03
-1.027762e-02
-1.057482e-02
-1.081020e-02
-1.113592e-02
-1.141893e-02
-1.173905e-02
-1.211056e-02
-1.242880e-02
-1.272988e-02
-1.297462e-02
-1.305610e-02
-1.290834e-02
-1.255061e-02
-1.210285e-02
-1.167154e-02
-1.123457e-02
-1.081390e-02
-1.045871e-02
-1.011917e-02
-9.745707e-03
-9.284523e-03
-8.724564e-03
-8.146817e-03
-7.696396e-03
-7.462833e-03
-7.405142e-03
-7.442265e-03
-7.471485e-03
-7.419966e-03
-7.187380e-03
-6.687965e-03
-6.027515e-03
-5.373661e-03
-4.853915e-03
-4.538614e-03
-4.449758e-03
-4.571255e-03
-4.737936e-03
-4.804852e-03
-4.699060e-03
-4.348947e-03
-3.871773e-03
-3.417466e-03
-2.990263e-03
-2.599304e-03
-2.299591e-03
-2.134269e-03
-2.056662e-03
-1.965074e-03
-1.775573e-03
-1.462962e-03
-1.111002e-03
-7.810909e-04
-4.255309e-04
-2.248002e-05
3.898928e-04
7.853577e-04
1.156251e-03
1.554980e-03
1.983041e-03
2.329424e-03
2.529667e-03
2.589835e-03
2.589867e-03
2.575691e-03
2.504727e-03
2.358895e-03
2.189011e-03
2.126778e-03
2.235931e-03
2.448993e-03
2.689865e-03
2.906429e-03
3.068086e-03
3.151076e-03
3.113382e-03
2.911175e-03
2.590697e-03
2.286881e-03
2.007065e-03
1.705016e-03
1.451766e-03
1.273228e-03
1.096860e-03
9.092867e-04
7.759013e-04
7.145410e-04
7.599555e-04
9.477817e-04
1.143708e-03
1.207578e-03
1.158017e-03
1.027867e-03
7.712849e-04
4.157744e-04
7.325108e-05
-2.013933e-04
-3.792002e-04
-4.710898e-04
-5.798884e-04
-7.301301e-04
-8.191478e-04
-8.310376e-04
-8.464852e-04
-8.808945e-04
-8.562364e-04
-7.408136e-04
-5.647207e-04
-3.363325e-04
-1.038977e-04
1.274512e-04
4.468536e-04
8.443593e-04
1.261132e-03
1.696205e-03
2.108871e-03
2.406916e-03
2.532182e-03
2.555510e-03
2.535497e-03
2.476186e-03
2.482221e-03
2.636599e-03
2.963775e-03
3.475568e-03
4.101198e-03
4.770767e-03
5.389125e-03
5.801011e-03
5.980895e-03
6.075178e-03
6.257088e-03
6.566554e-03
6.948287e-03
7.394519e-03
7.892002e-03
8.339404e-03
8.610187e-03
8.623634e-03
8.343088e-03
7.899618e-03
7.482591e-03
7.065514e-03
6.629525e-03
6.230513e-03
5.850624e-03
5.491792e-03
5.183147e-03
4.904929e-03
4.582503e-03
4.259437e-03
4.009197e-03
3.860857e-03
3.877025e-03
3.954210e-03
4.019525e-03
4.102053e-03
4.217023e-03
4.359387e-03
4.395228e-03
4.370348e-03
4.489449e-03
4.779281e-03
5.113686e-03
5.330024e-03
5.401902e-03
5.420100e-03
5.393756e-03
5.346874e-03
5.394373e-03
5.583787e-03
5.862462e-03
6.199552e-03
6.571005e-03
6.898998e-03
7.161768e-03
7.353966e-03
7.479242e-03
7.586487e-03
7.690593e-03
7.806382e-03
7.909128e-03
8.021339e-03
8.213437e-03
8.446434e-03
8.668872e-03
8.893136e-03
9.135987e-03
9.322153e-03
9.443216e-03
9.587217e-03
9.710731e-03
9.742655e-03
9.687721e-03
9.585053e-03
9.449701e-03
9.254751e-03
8.965015e-03
8.579196e-03
8.179841e-03
7.835264e-03
7.511826e-03
7.171813e-03
6.820295e-03
6.428068e-03
6.015054e-03
5.657673e-03
5.375501e-03
5.200006e-03
5.180524e-03
5.266991e-03
5.361014e-03
5.474506e-03
5.674394e-03
5.948075e-03
6.222105e-03
6.465296e-03
6.677105e-03
6.854881e-03
6.995960e-03
7.059927e-03
7.084361e-03
7.118342e-03
7.072198e-03
6.870546e-03
6.517973e-03
6.026462e-03
5.433092e-03
4.784503e-03
4.115601e-03
3.514469e-03
3.061392e-03
2.749293e-03
2.501750e-03
2.223136e-03
1.857354e-03
1.374899e-03
8.269110e-04
3.001358e-04
-1.671181e-04
-5.377027e-04
-7.891363e-04
-8.711814e-04
-7.055414e-04
-3.771435e-04
-8.315224e-05
7.877403e-05
9.456770e-05
1.944862e-05
-2.703354e-05
1.829891e-06
1.206840e-04
4.033978e-04
8.487096e-04
1.383754e-03
1.931845e-03
2.383040e-03
2.733961e-03
3.084661e-03
3.491878e-03
3.932163e-03
4.364690e-03
4.781267e-03
5.117768e-03
5.342144e-03
5.402691e-03
5.209938e-03
4.857382e-03
4.472632e-03
4.144193e-03
3.873097e-03
3.593397e-03
3.344263e-03
3.099667e-03
2.799691e-03
2.466782e-03
2.136999e-03
1.887132e-03
1.811673e-03
1.888946e-03
2.010201e-03
2.149482e-03
2.268321e-03
2.285471e-03
2.194092e-03
2.018410e-03
1.799180e-03
1.601202e-03
1.457143e-03
1.320247e-03
1.147633e-03
9.194219e-04
6.415632e-04
3.613718e-04
7.151830e-05
-2.647692e-04
-6.763719e-04
-1.132713e-03
-1.551776e-03
-1.939549e-03
-2.273145e-03
-2.512649e-03
-2.722258e-03
-2.893037e-03
-2.960307e-03
-2.928590e-03
-2.825224e-03
-2.667108e-03
-2.470685e-03
-2.272465e-03
-2.123964e-03
-2.095543e-03
-2.174092e-03
-2.290654e-03
-2.385477e-03
-2.375153e-03
-2.242886e-03
-1.986656e-03
-1.612724e-03
-1.154133e-03
-6.901149e-04
-3.181867e-04
-5.663151e-05
7.352964e-05
7.383531e-05
-6.839995e-05
-3.132299e-04
-5.581147e-04
-7.626763e-04
-8.638446e-04
-8.524086e-04
-7.865945e-04
-7.349643e-04
-7.580461e-04
-8.869841e-04
-1.118028e-03
-1.374191e-03
-1.588332e-03
-1.699981e-03
-1.679005e-03
-1.586899e-03
-1.492487e-03
-1.427227e-03
-1.433813e-03
-1.584383e-03
-1.860366e-03
-2.160388e-03
-2.434246e-03
-2.692007e-03
-2.930329e-03
-3.124509e-03
-3.273987e-03
-3.307818e-03
-3.167233e-03
-2.909508e-03
-2.578827e-03
-2.225366e-03
-1.884542e-03
-1.583054e-03
-1.364006e-03
-1.220797e-03
-1.137547e-03
-1.074866e-03
-9.506646e-04
-7.737912e-04
-5.947847e-04
-3.486084e-04
-4.135821e-05
2.460561e-04
4.808112e-04
6.105653e-04
5.951541e-04
4.183565e-04
1.492024e-04
-1.436520e-04
-4.139444e-04
-5.355393e-04
-4.635885e-04
-2.044894e-04
1.784479e-04
5.713440e-04
9.948316e-04
1.480850e-03
1.981753e-03
2.414540e-03
2.737600e-03
3.053416e-03
3.463554e-03
3.939312e-03
4.407014e-03
4.895078e-03
5.483646e-03
6.164311e-03
6.908748e-03
7.645954e-03
8.311469e-03
8.908958e-03
9.425282e-03
9.842846e-03
1.014705e-02
1.039699e-02
1.067480e-02
1.103861e-02
1.149899e-02
1.199291e-02
1.253130e-02
1.302023e-02
1.333637e-02
1.358390e-02
1.373400e-02
1.374569e-02
1.380486e-02
1.384476e-02
1.369423e-02
1.346571e-02
1.324153e-02
1.301457e-02
1.280441e-02
1.260996e-02
1.254504e-02
1.272986e-02
1.302468e-02
1.323093e-02
1.340461e-02
1.364373e-02
1.384636e-02
1.395829e-02
1.394140e-02
1.376504e-02
1.358740e-02
1.346691e-02
1.337101e-02
1.329084e-02
1.327361e-02
1.336521e-02
1.342029e-02
1.331660e-02
1.303252e-02
1.264509e-02
1.221152e-02
1.170256e-02
1.113093e-02
1.057984e-02
1.018219e-02
9.855375e-03
9.490716e-03
9.195863e-03
8.994410e-03
8.782773e-03
8.533831e-03
8.352570e-03
8.265112e-03
8.172398e-03
8.022146e-03
7.797542e-03
7.517717e-03
7.219496e-03
6.947122e-03
6.826572e-03
6.903466e-03
7.076953e-03
7.297749e-03
7.493464e-03
7.555125e-03
7.528706e-03
7.437295e-03
7.211507e-03
6.920493e-03
6.716342e-03
6.637482e-03
6.647378e-03
6.747836e-03
6.846820e-03
6.832705e-03
6.720590e-03
6.499488e-03
6.202221e-03
5.945704e-03
5.778809e-03
5.674102e-03
5.625365e-03
5.631228e-03
5.655245e-03
5.687659e-03
5.663891e-03
5.586019e-03
5.606126e-03
5.784389e-03
6.095211e-03
6.444846e-03
6.701551e-03
6.761799e-03
6.559838e-03
6.109409e-03
5.458236e-03
4.786464e-03
4.288082e-03
4.022513e-03
3.992252e-03
4.070948e-03
4.124725e-03
4.115293e-03
4.028699e-03
3.873039e-03
3.704442e-03
3.626104e-03
3.692929e-03
3.896801e-03
4.233200e-03
4.669543e-03
5.095949e-03
5.378750e-03
5.471047e-03
5.476129e-03
5.507138e-03
5.595710e-03
5.714501e-03
5.786439e-03
5.848346e-03
5.939672e-03
5.977564e-03
5.930650e-03
5.798275e-03
5.610153e-03
5.425983e-03
5.232566e-03
5.013723e-03
4.764639e-03
4.473529e-03
4.118822e-03
3.644117e-03
3.139167e-03
2.705554e-03
2.304389e-03
1.917102e-03
1.536711e-03
1.161472e-03
7.048480e-04
1.592083e-04
-3.543997e-04
-8.572561e-04
-1.401726e-03
-1.955335e-03
-2.469626e-03
-3.007796e-03
-3.536933e-03
-3.950408e-03
-4.321973e-03
-4.663100e-03
-4.985288e-03
-5.363602e-03
-5.781661e-03
-6.164473e-03
-6.462751e-03
-6.768089e-03
-7.125913e-03
-7.433677e-03
-7.624235e-03
-7.743070e-03
-7.868137e-03
-7.982282e-03
-8.075021e-03
-8.192118e-03
-8.353847e-03
-8.568005e-03
-8.819517e-03
-9.007756e-03
-9.085495e-03
-9.216402e-03
-9.439522e-03
-9.621363e-03
-9.747714e-03
-9.888191e-03
-1.015339e-02
-1.056067e-02
-1.096706e-02
-1.131333e-02
-1.168278e-02
-1.213705e-02
-1.264394e-02
-1.309276e-02
-1.341095e-02
-1.363983e-02
-1.381944e-02
-1.394157e-02
-1.399501e-02
-1.398491e-02
-1.391503e-02
-1.384403e-02
-1.382746e-02
-1.378091e-02
-1.366307e-02
-1.343390e-02
-1.316630e-02
-1.298355e-02
-1.271693e-02
-1.239548e-02
-1.210977e-02
-1.169612e-02
-1.137288e-02
-1.130530e-02
-1.109609e-02
-1.077321e-02
-1.063135e-02
-1.055926e-02
-1.049749e-02
-1.049812e-02
-1.062838e-02
-1.076050e-02
-1.067202e-02
-1.032999e-02
-9.947069e-03
-9.768283e-03
-9.506017e-03
-9.216157e-03
-9.096912e-03
-8.880128e-03
-8.764315e-03
-8.852423e-03
-8.963070e-03
-9.032574e-03
-9.092957e-03
-9.282182e-03
-9.531434e-03
-9.727995e-03
-9.754516e-03
-9.732441e-03
-9.895027e-03
-1.000339e-02
-1.003964e-02
-1.025136e-02
-1.043869e-02
-1.056160e-02
-1.072526e-02
-1.083045e-02
-1.086039e-02
-1.067661e-02
-1.037394e-02
-1.015826e-02
-9.901694e-03
-9.659978e-03
-9.509661e-03
-9.389898e-03
-9.326775e-03
-9.348304e-03
-9.561930e-03
-9.726324e-03
-9.683347e-03
-9.699487e-03
-9.613012e-03
-9.523637e-03
-9.657933e-03
-9.652354e-03
-9.533942e-03
-9.595796e-03
-9.722490e-03
-9.817306e-03
-1.007197e-02
-1.046311e-02
-1.063019e-02
-1.049584e-02
-1.055757e-02
-1.100172e-02
-1.115453e-02
-1.122173e-02
-1.167571e-02
-1.175666e-02
-1.167109e-02
-1.209525e-02
-1.271494e-02
-1.303410e-02
-1.302965e-02
-1.345943e-02
-1.409677e-02
-1.413684e-02
-1.392747e-02
-1.384219e-02
-1.393206e-02
-1.394499e-02
-1.362796e-02
-1.348499e-02
-1.370016e-02
-1.368204e-02
-1.331889e-02
-1.335041e-02
-1.389769e-02
-1.406431e-02
-1.394992e-02
-1.429502e-02
-1.448779e-02
-1.414708e-02
-1.407572e-02
-1.434910e-02
-1.431091e-02
-1.378736e-02
-1.355087e-02
-1.380882e-02
-1.358893e-02
-1.304826e-02
-1.285849e-02
-1.266760e-02
-1.206606e-02
-1.141471e-02
-1.111832e-02
-1.081419e-02
-1.043112e-02
-1.024978e-02
-1.025919e-02
-1.031108e-02
-1.004317e-02
-9.607044e-03
-9.405855e-03
-9.204151e-03
-8.800400e-03
-8.362199e-03
-8.129919e-03
-8.023080e-03
-7.858868e-03
-7.823835e-03
-7.650262e-03
-7.042571e-03
-6.479123e-03
-6.223610e-03
-5.789390e-03
-4.899746e-03
-4.229850e-03
-4.111461e-03
-3.922640e-03
-3.301270e-03
-2.695645e-03
-2.393227e-03
-1.983463e-03
-1.426858e-03
-1.042790e-03
-8.468823e-04
-6.907140e-04
-5.598316e-04
-4.591057e-04
-2.132553e-04
7.956480e-05
2.943513e-04
5.563270e-04
9.427650e-04
1.353583e-03
1.515370e-03
1.564852e-03
1.726179e-03
1.799710e-03
1.750448e-03
1.641330e-03
1.505855e-03
1.452265e-03
1.407819e-03
1.306584e-03
1.178285e-03
1.000211e-03
8.589920e-04
7.662210e-04
5.581999e-04
2.823508e-04
1.380225e-04
1.712803e-04
2.432533e-04
2.904718e-04
4.588841e-04
7.547105e-04
1.027394e-03
1.262924e-03
1.547455e-03
1.855367e-03
2.045692e-03
2.190582e-03
2.455290e-03
2.751294e-03
3.016004e-03
3.251853e-03
3.374357e-03
3.401354e-03
3.460819e-03
3.661875e-03
3.951270e-03
4.255249e-03
4.604814e-03
4.930451e-03
5.174840e-03
5.394803e-03
5.581876e-03
5.715893e-03
5.871830e-03
6.086383e-03
6.357181e-03
6.699651e-03
7.038960e-03
7.252816e-03
7.362998e-03
7.542218e-03
7.729576e-03
7.730150e-03
7.722290e-03
7.866021e-03
8.010503e-03
8.052197e-03
8.054119e-03
8.023423e-03
7.845921e-03
7.589644e-03
7.420429e-03
7.322097e-03
7.227272e-03
7.135167e-03
7.094116e-03
7.075791e-03
6.987823e-03
6.927115e-03
6.945285e-03
6.925767e-03
6.873888e-03
6.804234e-03
6.657063e-03
6.397956e-03
6.055492e-03
5.666446e-03
5.262998e-03
4.907022e-03
4.590606e-03
4.322520e-03
4.150982e-03
4.054301e-03
3.971754e-03
3.878119e-03
3.769840e-03
3.598011e-03
3.362653e-03
3.090197e-03
2.833272e-03
2.652055e-03
2.513676e-03
2.474868e-03
2.493080e-03
2.381487e-03
2.156752e-03
1.926140e-03
1.777053e-03
1.792065e-03
1.925138e-03
2.082808e-03
2.301238e-03
2.570612e-03
2.783185e-03
2.918422e-03
3.025310e-03
3.148390e-03
3.317333e-03
3.539099e-03
3.730164e-03
3.824802e-03
3.882174e-03
3.933508e-03
3.898677e-03
3.777927e-03
3.688355e-03
3.622322e-03
3.579625e-03
3.655007e-03
3.822129e-03
4.048413e-03
4.456020e-03
5.036345e-03
5.598043e-03
6.141152e-03
6.760987e-03
7.444198e-03
8.111047e-03
8.670669e-03
9.142972e-03
9.584443e-03
1.000102e-02
1.042640e-02
1.083110e-02
1.116838e-02
1.157596e-02
1.211256e-02
1.265511e-02
1.310685e-02
1.341140e-02
1.359788e-02
1.375183e-02
1.384849e-02
1.383145e-02
1.380236e-02
1.391249e-02
1.420477e-02
1.457453e-02
1.488900e-02
1.514829e-02
1.540153e-02
1.566343e-02
1.592402e-02
1.619790e-02
1.648663e-02
1.674526e-02
1.702772e-02
1.737989e-02
1.769226e-02
1.786630e-02
1.794794e-02
1.808334e-02
1.828615e-02
1.849872e-02
1.880327e-02
1.918636e-02
1.956822e-02
1.996378e-02
2.035777e-02
2.071580e-02
2.102534e-02
2.132829e-02
2.165979e-02
2.201407e-02
2.236734e-02
2.266237e-02
2.287264e-02
2.298291e-02
2.300000e-02
2.293941e-02
2.282249e-02
2.272705e-02
2.268715e-02
2.266632e-02
2.259727e-02
2.241153e-02
2.210365e-02
2.173052e-02
2.135150e-02
2.094307e-02
2.050714e-02
2.013227e-02
1.987841e-02
1.975705e-02
1.967977e-02
1.952879e-02
1.931346e-02
1.914385e-02
1.907348e-02
1.898062e-02
1.880667e-02
1.866438e-02
1.857244e-02
1.846886e-02
1.832193e-02
1.814632e-02
1.803883e-02
1.800924e-02
1.796503e-02
1.783914e-02
1.760123e-02
1.730502e-02
1.699784e-02
1.666322e-02
1.632206e-02
1.599305e-02
1.567384e-02
1.537561e-02
1.500779e-02
1.452211e-02
1.402560e-02
1.353352e-02
1.298719e-02
1.239212e-02
1.183523e-02
1.140501e-02
1.107757e-02
1.075634e-02
1.038269e-02
1.002288e-02
9.720622e-03
9.403143e-03
9.023981e-03
8.577043e-03
8.138862e-03
7.753732e-03
7.372743e-03
6.986488e-03
6.598997e-03
6.250689e-03
5.966769e-03
5.740278e-03
5.556484e-03
5.383522e-03
5.254764e-03
5.220031e-03
5.264174e-03
5.320043e-03
5.364671e-03
5.403268e-03
5.421336e-03
5.457143e-03
5.546070e-03
5.646980e-03
5.748125e-03
5.886587e-03
6.040769e-03
6.131179e-03
6.057123e-03
5.809697e-03
5.431683e-03
4.923451e-03
4.395779e-03
3.935403e-03
3.542795e-03
3.288974e-03
3.179254e-03
3.113515e-03
2.965827e-03
2.711136e-03
2.450882e-03
2.187953e-03
1.906779e-03
1.691348e-03
1.506963e-03
1.280919e-03
1.042441e-03
7.300506e-04
2.849155e-04
-2.484067e-04
-8.691953e-04
-1.516177e-03
-2.091896e-03
-2.605816e-03
-3.047631e-03
-3.413036e-03
-3.766861e-03
-4.163211e-03
-4.569223e-03
-4.953217e-03
-5.333305e-03
-5.625700e-03
-5.781545e-03
-5.776713e-03
-5.606749e-03
-5.368873e-03
-5.083714e-03
-4.793913e-03
-4.587214e-03
-4.404849e-03
-4.175113e-03
-3.971622e-03
-3.801949e-03
-3.573024e-03
-3.288517e-03
-2.989423e-03
-2.709318e-03
-2.508833e-03
-2.430379e-03
-2.421370e-03
-2.377750e-03
-2.328913e-03
-2.370461e-03
-2.449300e-03
-2.469363e-03
-2.396469e-03
-2.276805e-03
-2.253041e-03
-2.404330e-03
-2.595162e-03
-2.664317e-03
-2.678481e-03
-2.715323e-03
-2.735410e-03
-2.708260e-03
-2.670595e-03
-2.719086e-03
-2.919469e-03
-3.232236e-03
-3.507655e-03
-3.685291e-03
-3.825745e-03
-3.958785e-03
-4.079032e-03
-4.231824e-03
-4.461190e-03
-4.713854e-03
-5.020005e-03
-5.341864e-03
-5.553651e-03
-5.676619e-03
-5.713523e-03
-5.654004e-03
-5.512007e-03
-5.323467e-03
-5.148216e-03
-4.991648e-03
-4.813617e-03
-4.574880e-03
-4.294210e-03
-3.976102e-03
-3.642048e-03
-3.326394e-03
-3.003325e-03
-2.696769e-03
-2.466088e-03
-2.319680e-03
-2.184790e-03
-1.995161e-03
-1.767042e-03
-1.470666e-03
-1.052073e-03
-5.564712e-04
-1.130161e-04
1.782669e-04
3.294929e-04
3.617657e-04
2.811357e-04
1.425555e-04
-1.403965e-05
-1.443477e-04
-2.022886e-04
-2.223613e-04
-2.754206e-04
-3.892810e-04
-5.537751e-04
-7.836824e-04
-1.063842e-03
-1.381376e-03
-1.757726e-03
-2.142901e-03
-2.530387e-03
-2.920782e-03
-3.297627e-03
-3.712991e-03
-4.151200e-03
-4.558423e-03
-4.890251e-03
-5.182374e-03
-5.497337e-03
-5.804771e-03
-6.148416e-03
-6.572238e-03
-7.001098e-03
-7.349708e-03
-7.650620e-03
-7.982573e-03
-8.261712e-03
-8.419063e-03
-8.513698e-03
-8.572888e-03
-8.628486e-03
-8.724304e-03
-8.837631e-03
-8.887300e-03
-8.832330e-03
-8.759646e-03
-8.731040e-03
-8.712107e-03
-8.638784e-03
-8.449833e-03
-8.208595e-03
-8.036006e-03
-7.918864e-03
-7.737511e-03
-7.459876e-03
-7.189910e-03
-6.951323e-03
-6.613976e-03
-6.119289e-03
-5.606511e-03
-5.210159e-03
-4.917230e-03
-4.602988e-03
-4.179476e-03
-3.672273e-03
-3.069566e-03
-2.392942e-03
-1.700304e-03
-1.040757e-03
-5.269539e-04
-2.096989e-04
-5.501456e-05
6.379840e-05
2.658936e-04
5.734056e-04
1.021817e-03
1.628571e-03
2.273740e-03
2.747430e-03
2.941342e-03
2.900193e-03
2.773632e-03
2.630512e-03
2.494321e-03
2.442467e-03
2.412920e-03
2.285851e-03
1.949198e-03
1.338639e-03
5.969703e-04
-3.596998e-05
-4.558043e-04
-6.927834e-04
-7.977803e-04
-7.925430e-04
-6.563252e-04
-4.960295e-04
-4.881940e-04
-6.762212e-04
-9.496260e-04
-1.136306e-03
-1.231847e-03
-1.322893e-03
-1.406307e-03
-1.451796e-03
-1.550293e-03
-1.848410e-03
-2.282700e-03
-2.632583e-03
-2.718515e-03
-2.565849e-03
-2.368294e-03
-2.267599e-03
-2.311525e-03
-2.477323e-03
-2.839735e-03
-3.437809e-03
-3.929692e-03
-3.991833e-03
-3.690905e-03
-3.213912e-03
-2.722271e-03
-2.417728e-03
-2.379065e-03
-2.493027e-03
-2.632366e-03
-2.682257e-03
-2.597820e-03
-2.381602e-03
-2.021021e-03
-1.643279e-03
-1.373208e-03
-1.219400e-03
-1.209905e-03
-1.333719e-03
-1.483582e-03
-1.570788e-03
-1.561038e-03
-1.475740e-03
-1.431477e-03
-1.514732e-03
-1.784733e-03
-2.349279e-03
-3.220900e-03
-4.184341e-03
-4.971725e-03
-5.507902e-03
-5.835081e-03
-6.040301e-03
-6.187548e-03
-6.312323e-03
-6.532809e-03
-6.923335e-03
-7.424073e-03
-7.879552e-03
-8.156087e-03
-8.291065e-03
-8.417597e-03
-8.571980e-03
-8.721346e-03
-8.940531e-03
-9.301442e-03
-9.755114e-03
-1.023096e-02
-1.067159e-02
-1.103693e-02
-1.135131e-02
-1.166664e-02
-1.194635e-02
-1.217744e-02
-1.243024e-02
-1.269245e-02
-1.290558e-02
-1.308326e-02
-1.327194e-02
-1.343270e-02
-1.345764e-02
-1.331411e-02
-1.311027e-02
-1.297250e-02
-1.285229e-02
-1.269532e-02
-1.263936e-02
-1.271887e-02
-1.277887e-02
-1.274976e-02
-1.265047e-02
-1.252269e-02
-1.241898e-02
-1.236755e-02
-1.238851e-02
-1.248689e-02
-1.264543e-02
-1.282322e-02
-1.297265e-02
-1.301558e-02
-1.291905e-02
-1.276199e-02
-1.254488e-02
-1.224801e-02
-1.195563e-02
-1.173356e-02
-1.157855e-02
-1.139901e-02
-1.117293e-02
-1.099754e-02
-1.081222e-02
-1.052935e-02
-1.017899e-02
-9.774572e-03
-9.368533e-03
-9.001621e-03
-8.663296e-03
-8.385654e-03
-8.246577e-03
-8.230725e-03
-8.239807e-03
-8.214765e-03
-8.061917e-03
-7.758515e-03
-7.415013e-03
-7.100619e-03
-6.870352e-03
-6.829136e-03
-7.015558e-03
-7.312115e-03
-7.543761e-03
-7.641576e-03
-7.611369e-03
-7.507608e-03
-7.436010e-03
-7.452011e-03
-7.561756e-03
-7.688799e-03
-7.730919e-03
-7.678818e-03
-7.529469e-03
-7.301420e-03
-7.063747e-03
-6.960455e-03
-7.119394e-03
-7.491586e-03
-7.996483e-03
-8.507132e-03
-8.845593e-03
-9.001632e-03
-9.082538e-03
-9.129351e-03
-9.098796e-03
-9.020139e-03
-9.003764e-03
-9.074036e-03
-9.197315e-03
-9.304262e-03
-9.282619e-03
-9.171975e-03
-9.102577e-03
-9.069148e-03
-8.991901e-03
-8.808990e-03
-8.552133e-03
-8.346606e-03
-8.211495e-03
-8.008463e-03
-7.665685e-03
-7.261914e-03
-6.917206e-03
-6.645319e-03
-6.338684e-03
-5.954131e-03
-5.580624e-03
-5.367307e-03
-5.322722e-03
-5.310189e-03
-5.221867e-03
-5.007388e-03
-4.735544e-03
-4.485370e-03
-4.277842e-03
-4.130600e-03
-4.011764e-03
-3.947888e-03
-3.979680e-03
-4.010002e-03
-3.907575e-03
-3.674621e-03
-3.466618e-03
-3.389402e-03
-3.432026e-03
-3.590754e-03
-3.823122e-03
-4.025854e-03
-4.111977e-03
-4.021766e-03
-3.782294e-03
-3.504101e-03
-3.303443e-03
-3.272966e-03
-3.406888e-03
-3.639355e-03
-3.895115e-03
-4.054978e-03
-4.033838e-03
-3.870126e-03
-3.753562e-03
-3.842713e-03
-4.142613e-03
-4.582346e-03
-5.053357e-03
-5.423944e-03
-5.591756e-03
-5.599464e-03
-5.531795e-03
-5.475384e-03
-5.541014e-03
-5.776165e-03
-6.237387e-03
-6.782325e-03
-7.095313e-03
-7.083322e-03
-6.818240e-03
-6.433299e-03
-6.120738e-03
-6.020694e-03
-6.137431e-03
-6.376415e-03
-6.673308e-03
-6.930945e-03
-7.022537e-03
-6.961851e-03
-6.867232e-03
-6.834033e-03
-6.893059e-03
-7.028979e-03
-7.220386e-03
-7.446270e-03
-7.641453e-03
-7.705600e-03
-7.666553e-03
-7.652053e-03
-7.697325e-03
-7.785691e-03
-7.903703e-03
-8.057957e-03
-8.244094e-03
-8.390925e-03
-8.416263e-03
-8.312732e-03
-8.162018e-03
-7.977466e-03
-7.771868e-03
-7.685454e-03
-7.760411e-03
-7.928248e-03
-8.154159e-03
-8.356641e-03
-8.446951e-03
-8.393855e-03
-8.206067e-03
-7.961519e-03
-7.746683e-03
-7.676282e-03
-7.828629e-03
-8.126982e-03
-8.430342e-03
-8.576875e-03
-8.502083e-03
-8.266882e-03
-7.962116e-03
-7.703729e-03
-7.536082e-03
-7.456463e-03
-7.444064e-03
-7.389843e-03
-7.147352e-03
-6.628642e-03
-5.892851e-03
-5.105754e-03
-4.386356e-03
-3.787599e-03
-3.310988e-03
-2.936848e-03
-2.677723e-03
-2.482024e-03
-2.247813e-03
-1.955646e-03
-1.686442e-03
-1.543796e-03
-1.504659e-03
-1.438370e-03
-1.280737e-03
-1.091471e-03
-9.238231e-04
-6.874849e-04
-3.343165e-04
3.839673e-05
3.274850e-04
4.636391e-04
4.573974e-04
3.671947e-04
2.660387e-04
2.285118e-04
2.794529e-04
4.213923e-04
6.265261e-04
8.088527e-04
9.034517e-04
9.763438e-04
1.109644e-03
1.332378e-03
1.638827e-03
1.966525e-03
2.306685e-03
2.641529e-03
2.910500e-03
3.146446e-03
3.398230e-03
3.671447e-03
3.961846e-03
4.189320e-03
4.268811e-03
4.267595e-03
4.321637e-03
4.478490e-03
4.679565e-03
4.901871e-03
5.216802e-03
5.640706e-03
6.078884e-03
6.428474e-03
6.709473e-03
7.020597e-03
7.428058e-03
7.980455e-03
8.679325e-03
9.406106e-03
1.002948e-02
1.056975e-02
1.106237e-02
1.150049e-02
1.196324e-02
1.249880e-02
1.307737e-02
1.369702e-02
1.431314e-02
1.478392e-02
1.506025e-02
1.523679e-02
1.534931e-02
1.540311e-02
1.552535e-02
1.579474e-02
1.618582e-02
1.665235e-02
1.705156e-02
1.731335e-02
1.752192e-02
1.771771e-02
1.788102e-02
1.802802e-02
1.827779e-02
1.869676e-02
1.914107e-02
1.941959e-02
1.950042e-02
1.951310e-02
1.954520e-02
1.959739e-02
1.963966e-02
1.963191e-02
1.957634e-02
1.944298e-02
1.920004e-02
1.886087e-02
1.844315e-02
1.806663e-02
1.785516e-02
1.773334e-02
1.756084e-02
1.738602e-02
1.733657e-02
1.736448e-02
1.736175e-02
1.730415e-02
1.721623e-02
1.710792e-02
1.696445e-02
1.679046e-02
1.656970e-02
1.633123e-02
1.615412e-02
1.600138e-02
1.575210e-02
1.540353e-02
1.513557e-02
1.506663e-02
1.510048e-02
1.516430e-02
1.526036e-02
1.531297e-02
1.526540e-02
1.512208e-02
1.488922e-02
1.460119e-02
1.436592e-02
1.427860e-02
1.422559e-02
1.405605e-02
1.376070e-02
1.337662e-02
1.289425e-02
1.234756e-02
1.188538e-02
1.151011e-02
1.119375e-02
1.093941e-02
1.061720e-02
1.017756e-02
9.633380e-03
9.039197e-03
8.493803e-03
8.039183e-03
7.727955e-03
7.560546e-03
7.479555e-03
7.393674e-03
7.249824e-03
7.064651e-03
6.793988e-03
6.480219e-03
6.248979e-03
6.173598e-03
6.266157e-03
6.390522e-03
6.467218e-03
6.503726e-03
6.424450e-03
6.228652e-03
6.022224e-03
5.923814e-03
6.023939e-03
6.288304e-03
6.566450e-03
6.692251e-03
6.541837e-03
6.136560e-03
5.583796e-03
4.975451e-03
4.457791e-03
4.160736e-03
4.080316e-03
4.079864e-03
4.006642e-03
3.775146e-03
3.345243e-03
2.835972e-03
2.421303e-03
2.083766e-03
1.834835e-03
1.748814e-03
1.737116e-03
1.679612e-03
1.503066e-03
1.163135e-03
7.068544e-04
2.368870e-04
-1.989626e-04
-5.828869e-04
-8.952342e-04
-1.189986e-03
-1.554048e-03
-2.011014e-03
-2.553988e-03
-3.181084e-03
-3.798973e-03
-4.335117e-03
-4.791627e-03
-5.105319e-03
-5.285791e-03
-5.439272e-03
-5.621626e-03
-5.846582e-03
-6.060465e-03
-6.211959e-03
-6.388002e-03
-6.602472e-03
-6.714511e-03
-6.625234e-03
-6.367500e-03
-6.100796e-03
-5.934733e-03
-5.905005e-03
-5.966064e-03
-6.055275e-03
-6.201417e-03
-6.330194e-03
-6.328932e-03
-6.201176e-03
-6.047768e-03
-5.951122e-03
-5.928677e-03
-6.019261e-03
-6.241715e-03
-6.587448e-03
-6.958592e-03
-7.185241e-03
-7.205866e-03
-7.160272e-03
-7.193323e-03
-7.267077e-03
-7.384836e-03
-7.573961e-03
-7.785053e-03
-7.943685e-03
-7.941620e-03
-7.827387e-03
-7.786490e-03
-7.906582e-03
-8.150624e-03
-8.425994e-03
-8.674699e-03
-8.887570e-03
-9.063441e-03
-9.169240e-03
-9.141136e-03
-9.035609e-03
-8.962385e-03
-8.947441e-03
-9.012289e-03
-9.139273e-03
-9.268682e-03
-9.333968e-03
-9.324420e-03
-9.325258e-03
-9.341798e-03
-9.295948e-03
-9.201713e-03
-9.117844e-03
-9.049540e-03
-8.956170e-03
-8.751157e-03
-8.433418e-03
-8.152343e-03
-7.963293e-03
-7.815589e-03
-7.726944e-03
-7.711361e-03
-7.787933e-03
-7.966981e-03
-8.106487e-03
-8.040884e-03
-7.770785e-03
-7.465140e-03
-7.291756e-03
-7.255868e-03
-7.329364e-03
-7.514278e-03
-7.775983e-03
-8.084882e-03
-8.323223e-03
-8.356241e-03
-8.240007e-03
-8.103168e-03
-8.055573e-03
-8.151143e-03
-8.319044e-03
-8.465756e-03
-8.563038e-03
-8.600688e-03
-8.557859e-03
-8.420679e-03
-8.219406e-03
-8.101821e-03
-8.170849e-03
-8.346333e-03
-8.510318e-03
-8.536585e-03
-8.354485e-03
-8.061849e-03
-7.792479e-03
-7.588104e-03
-7.501835e-03
-7.570072e-03
-7.729103e-03
-7.996544e-03
-8.380598e-03
-8.689705e-03
-8.743069e-03
-8.562584e-03
-8.311378e-03
-8.132259e-03
-8.088455e-03
-8.222811e-03
-8.536274e-03
-8.928137e-03
-9.279491e-03
-9.458655e-03
-9.428336e-03
-9.307150e-03
-9.167610e-03
-9.021417e-03
-8.884585e-03
-8.835477e-03
-8.856056e-03
-8.823209e-03
-8.581325e-03
-8.069903e-03
-7.543003e-03
-7.044376e-03
-6.573366e-03
-6.316353e-03
-6.164043e-03
-6.065606e-03
-5.994338e-03
-5.695668e-03
-5.282129e-03
-4.937018e-03
-4.471518e-03
-4.019937e-03
-3.896488e-03
-3.980820e-03
-3.997249e-03
-4.080395e-03
-4.315731e-03
-4.252335e-03
-3.925291e-03
-3.736532e-03
-3.622796e-03
-3.412339e-03
-3.271398e-03
-3.432977e-03
-3.623125e-03
-3.649449e-03
-3.634164e-03
-3.512422e-03
-3.299778e-03
-3.093848e-03
-2.946297e-03
-2.834539e-03
-2.760291e-03
-2.794569e-03
-2.828158e-03
-2.882737e-03
-2.936577e-03
-2.747079e-03
-2.499075e-03
-2.504909e-03
-2.540946e-03
-2.514598e-03
-2.776010e-03
-3.188141e-03
-3.433430e-03
-3.594074e-03
-3.734380e-03
-3.700462e-03
-3.464793e-03
-3.208743e-03
-2.969872e-03
-2.827426e-03
-2.714651e-03
-2.578687e-03
-2.555602e-03
-2.582096e-03
-2.607139e-03
-2.559817e-03
-2.424531e-03
-2.283054e-03
-2.187192e-03
-2.084009e-03
-1.930830e-03
-1.769563e-03
-1.644526e-03
-1.600283e-03
-1.466097e-03
-1.213266e-03
-8.846511e-04
-5.008747e-04
-1.193436e-04
3.008522e-04
5.381443e-04
6.234596e-04
6.830158e-04
5.945271e-04
4.539141e-04
2.738316e-04
9.163146e-05
-1.535016e-05
-1.342973e-04
-2.052039e-04
-2.287388e-04
-3.669044e-04
-5.891043e-04
-7.480183e-04
-8.371108e-04
-8.924822e-04
-8.698920e-04
-7.567472e-04
-5.845505e-04
-4.265121e-04
-3.111297e-04
-2.483895e-04
-3.205119e-04
-3.518414e-04
-2.046282e-04
-5.714735e-05
4.707307e-05
2.006036e-04
4.404951e-04
5.874214e-04
5.162806e-04
3.523977e-04
8.003521e-05
-2.195690e-04
-4.417366e-04
-7.127626e-04
-9.609002e-04
-1.012438e-03
-8.827034e-04
-8.133865e-04
-9.129258e-04
-9.474307e-04
-1.036702e-03
-1.352917e-03
-1.595143e-03
-1.742793e-03
-1.975592e-03
-2.140872e-03
-2.156242e-03
-2.245584e-03
-2.521603e-03
-2.899595e-03
-3.376718e-03
-3.874410e-03
-4.280834e-03
-4.604722e-03
-4.759016e-03
-4.807000e-03
-4.866534e-03
-4.808137e-03
-4.847344e-03
-5.184974e-03
-5.517221e-03
-5.763597e-03
-5.951928e-03
-6.044324e-03
-6.126441e-03
-6.209720e-03
-6.443168e-03
-6.908309e-03
-7.464854e-03
-8.062269e-03
-8.538125e-03
-8.768911e-03
-8.752919e-03
-8.478222e-03
-8.111567e-03
-7.790739e-03
-7.615563e-03
-7.618359e-03
-7.625686e-03
-7.568384e-03
-7.387098e-03
-7.051689e-03
-6.677682e-03
-6.268362e-03
-5.920921e-03
-5.742666e-03
-5.644811e-03
-5.597801e-03
-5.550299e-03
-5.444606e-03
-5.275593e-03
-5.041890e-03
-4.871131e-03
-4.848500e-03
-4.913705e-03
-5.053353e-03
-5.256852e-03
-5.424955e-03
-5.510688e-03
-5.488762e-03
-5.315807e-03
-5.121556e-03
-5.065655e-03
-5.170520e-03
-5.363067e-03
-5.526388e-03
-5.594072e-03
-5.569979e-03
-5.521729e-03
-5.423018e-03
-5.263060e-03
-5.190080e-03
-5.212361e-03
-5.277512e-03
-5.363292e-03
-5.365930e-03
-5.225816e-03
-4.985364e-03
-4.770928e-03
-4.640993e-03
-4.514343e-03
-4.398105e-03
-4.346212e-03
-4.308357e-03
-4.261729e-03
-4.186327e-03
-4.057639e-03
-3.952589e-03
-3.913719e-03
-3.924938e-03
-3.984112e-03
-4.053032e-03
-4.082891e-03
-4.045959e-03
-3.951337e-03
-3.848751e-03
-3.740038e-03
-3.595353e-03
-3.415284e-03
-3.154162e-03
-2.779397e-03
-2.390750e-03
-2.125998e-03
-1.989720e-03
-1.856979e-03
-1.741952e-03
-1.705889e-03
-1.671905e-03
-1.593916e-03
-1.483796e-03
-1.429487e-03
-1.509474e-03
-1.729891e-03
-2.052473e-03
-2.334653e-03
-2.553550e-03
-2.745351e-03
-2.823114e-03
-2.732019e-03
-2.494017e-03
-2.263130e-03
-2.161765e-03
-2.090509e-03
-1.915343e-03
-1.627709e-03
-1.303475e-03
-9.941093e-04
-6.882124e-04
-3.545635e-04
-3.948127e-05
1.872228e-04
3.060358e-04
3.199991e-04
3.383833e-04
4.268069e-04
5.356032e-04
6.597877e-04
7.535882e-04
8.132732e-04
8.987847e-04
1.012833e-03
1.080581e-03
1.016043e-03
9.400417e-04
1.018666e-03
1.204881e-03
1.316718e-03
1.306221e-03
1.284673e-03
1.311533e-03
1.385464e-03
1.488196e-03
1.639508e-03
1.847271e-03
2.127551e-03
2.487941e-03
2.831140e-03
3.096144e-03
3.287579e-03
3.443782e-03
3.602926e-03
3.831674e-03
4.168649e-03
4.535058e-03
4.920180e-03
5.320004e-03
5.714894e-03
6.111456e-03
6.494743e-03
6.914408e-03
7.399611e-03
7.960070e-03
8.522063e-03
8.977209e-03
9.419638e-03
9.887558e-03
1.028941e-02
1.059223e-02
1.084311e-02
1.116454e-02
1.157090e-02
1.196167e-02
1.224568e-02
1.238169e-02
1.242074e-02
1.242347e-02
1.244958e-02
1.254277e-02
1.272304e-02
1.304892e-02
1.345085e-02
1.380015e-02
1.402234e-02
1.407157e-02
1.404647e-02
1.403948e-02
1.404756e-02
1.402249e-02
1.391368e-02
1.377194e-02
1.360844e-02
1.337926e-02
1.307544e-02
1.275447e-02
1.254287e-02
1.247576e-02
1.252153e-02
1.261811e-02
1.267901e-02
1.269358e-02
1.265924e-02
1.250858e-02
1.221131e-02
1.182766e-02
1.148786e-02
1.131804e-02
1.129926e-02
1.134369e-02
1.135727e-02
1.128019e-02
1.111394e-02
1.081200e-02
1.037526e-02
9.894649e-03
9.549520e-03
9.522823e-03
9.723952e-03
9.906042e-03
9.969319e-03
9.956884e-03
9.896988e-03
9.844663e-03
9.843721e-03
9.888452e-03
1.003652e-02
1.027646e-02
1.055716e-02
1.084670e-02
1.103652e-02
1.106841e-02
1.100706e-02
1.096167e-02
1.096730e-02
1.101777e-02
1.109457e-02
1.114532e-02
1.119795e-02
1.129649e-02
1.141594e-02
1.153791e-02
1.162342e-02
1.162280e-02
1.154878e-02
1.148528e-02
1.149941e-02
1.151590e-02
1.143109e-02
1.130244e-02
1.125732e-02
1.132534e-02
1.140662e-02
1.139845e-02
1.134362e-02
1.130272e-02
1.126212e-02
1.123139e-02
1.126304e-02
1.140858e-02
1.161786e-02
1.181059e-02
1.197447e-02
1.206402e-02
1.201567e-02
1.190738e-02
1.192303e-02
1.209357e-02
1.230619e-02
1.253071e-02
1.273805e-02
1.285531e-02
1.286818e-02
1.275677e-02
1.251784e-02
1.220867e-02
1.195777e-02
1.187285e-02
1.192596e-02
1.200569e-02
1.198257e-02
1.179112e-02
1.141348e-02
1.084041e-02
1.013539e-02
9.454820e-03
8.941826e-03
8.638729e-03
8.490907e-03
8.379666e-03
8.250614e-03
8.115551e-03
7.948039e-03
7.696067e-03
7.409956e-03
7.204124e-03
7.038988e-03
6.898127e-03
6.857586e-03
6.890299e-03
6.926776e-03
6.932137e-03
6.957137e-03
7.065846e-03
7.265610e-03
7.513124e-03
7.712253e-03
7.808180e-03
7.815093e-03
7.780488e-03
7.701521e-03
7.666926e-03
7.842760e-03
8.178112e-03
8.559525e-03
8.922993e-03
9.197025e-03
9.347039e-03
9.313625e-03
9.129538e-03
8.967343e-03
8.941884e-03
9.063889e-03
9.290964e-03
9.535886e-03
9.656807e-03
9.539832e-03
9.243237e-03
8.955839e-03
8.803292e-03
8.751041e-03
8.732192e-03
8.765538e-03
8.815005e-03
8.728456e-03
8.422103e-03
7.962429e-03
7.504434e-03
7.168886e-03
6.968913e-03
6.859154e-03
6.793943e-03
6.702848e-03
6.462367e-03
6.055327e-03
5.614582e-03
5.272727e-03
5.108460e-03
5.115042e-03
5.231595e-03
5.400128e-03
5.485272e-03
5.343112e-03
4.993135e-03
4.597174e-03
4.302491e-03
4.098929e-03
3.937321e-03
3.849280e-03
3.874477e-03
3.936759e-03
3.846567e-03
3.551161e-03
3.214784e-03
3.043192e-03
3.018373e-03
2.919950e-03
2.713873e-03
2.548290e-03
2.477291e-03
2.404154e-03
2.249552e-03
2.110484e-03
2.155666e-03
2.482284e-03
2.988681e-03
3.444306e-03
3.788820e-03
4.076324e-03
4.316583e-03
4.480195e-03
4.583122e-03
4.754826e-03
5.089466e-03
5.530568e-03
5.919835e-03
6.178500e-03
6.312786e-03
6.340718e-03
6.334031e-03
6.350188e-03
6.477930e-03
6.795551e-03
7.252593e-03
7.777446e-03
8.306622e-03
8.725929e-03
9.003100e-03
9.231666e-03
9.485812e-03
9.834237e-03
1.027587e-02
1.073908e-02
1.117823e-02
1.157162e-02
1.188698e-02
1.203994e-02
1.203943e-02
1.202347e-02
1.214107e-02
1.240248e-02
1.270536e-02
1.293698e-02
1.300172e-02
1.294199e-02
1.275666e-02
1.244893e-02
1.213690e-02
1.193893e-02
1.190514e-02
1.195590e-02
1.207536e-02
1.218545e-02
1.215717e-02
1.199245e-02
1.168524e-02
1.130598e-02
1.095204e-02
1.065684e-02
1.042373e-02
1.021534e-02
1.000053e-02
9.744989e-03
9.451015e-03
9.120190e-03
8.773809e-03
8.519526e-03
8.370036e-03
8.243889e-03
8.153986e-03
8.106023e-03
7.972117e-03
7.650703e-03
7.171143e-03
6.642522e-03
6.178534e-03
5.862698e-03
5.695197e-03
5.613358e-03
5.584609e-03
5.528881e-03
5.360180e-03
5.113675e-03
4.919113e-03
4.880325e-03
4.964171e-03
5.051020e-03
5.090194e-03
5.109664e-03
5.073936e-03
4.880584e-03
4.488691e-03
4.091918e-03
3.939976e-03
3.987979e-03
4.067521e-03
4.074492e-03
3.985221e-03
3.851631e-03
3.671607e-03
3.396407e-03
3.029272e-03
2.721108e-03
2.588606e-03
2.547976e-03
2.519130e-03
2.491892e-03
2.523401e-03
2.629496e-03
2.717696e-03
2.761825e-03
2.760344e-03
2.634003e-03
2.309509e-03
1.864772e-03
1.462218e-03
1.119716e-03
7.881052e-04
4.741880e-04
1.785380e-04
-8.350993e-05
-3.666831e-04
-8.019050e-04
-1.350065e-03
-1.858904e-03
-2.279658e-03
-2.611583e-03
-2.884452e-03
-3.193230e-03
-3.575269e-03
-4.012725e-03
-4.517102e-03
-5.059293e-03
-5.556006e-03
-5.929593e-03
-6.157939e-03
-6.273799e-03
-6.286606e-03
-6.214728e-03
-6.139131e-03
-6.142914e-03
-6.238416e-03
-6.406332e-03
-6.605383e-03
-6.701404e-03
-6.642345e-03
-6.531376e-03
-6.385505e-03
-6.208090e-03
-6.107302e-03
-6.122732e-03
-6.213552e-03
-6.301260e-03
-6.258945e-03
-6.065233e-03
-5.859364e-03
-5.777357e-03
-5.840257e-03
-6.004653e-03
-6.189233e-03
-6.294391e-03
-6.271761e-03
-6.049675e-03
-5.565906e-03
-4.925374e-03
-4.395460e-03
-4.151932e-03
-4.086716e-03
-4.012077e-03
-3.822192e-03
-3.579764e-03
-3.401700e-03
-3.216254e-03
-3.014747e-03
-2.966820e-03
-3.144947e-03
-3.453097e-03
-3.735727e-03
-3.898471e-03
-3.973477e-03
-4.022496e-03
-4.025626e-03
-4.016299e-03
-4.155881e-03
-4.537289e-03
-4.980909e-03
-5.244593e-03
-5.318770e-03
-5.318364e-03
-5.355740e-03
-5.427293e-03
-5.444138e-03
-5.442293e-03
-5.565487e-03
-5.853761e-03
-6.144608e-03
-6.318897e-03
-6.418649e-03
-6.548805e-03
-6.770208e-03
-6.973620e-03
-6.997564e-03
-6.860009e-03
-6.749502e-03
-6.744042e-03
-6.805535e-03
-6.945913e-03
-7.124386e-03
-7.321152e-03
-7.554059e-03
-7.722156e-03
-7.726805e-03
-7.599347e-03
-7.416602e-03
-7.289671e-03
-7.350902e-03
-7.554254e-03
-7.694735e-03
-7.695901e-03
-7.673308e-03
-7.649827e-03
-7.548928e-03
-7.444257e-03
-7.432325e-03
-7.479926e-03
-7.626160e-03
-7.952659e-03
-8.081339e-03
-7.861754e-03
-7.738243e-03
-7.559077e-03
-7.190768e-03
-7.166399e-03
-7.506184e-03
-7.616835e-03
-7.406819e-03
-7.333727e-03
-7.544929e-03
-7.491849e-03
-7.057119e-03
-7.217278e-03
-7.611224e-03
-7.350122e-03
-7.277225e-03
-7.877717e-03
-8.252306e-03
-7.853960e-03
-7.810270e-03
-8.588128e-03
-9.022754e-03
-8.904267e-03
-8.905486e-03
-9.082564e-03
-9.006193e-03
-9.349055e-03
-1.027559e-02
-1.038765e-02
-1.025334e-02
-1.065119e-02
-1.071199e-02
-1.051361e-02
-1.034246e-02
-1.022603e-02
-1.041442e-02
-1.090828e-02
-1.113000e-02
-1.085400e-02
-1.109402e-02
-1.162407e-02
-1.134839e-02
-1.075544e-02
-1.083435e-02
-1.130905e-02
-1.145766e-02
-1.192452e-02
-1.253350e-02
-1.228482e-02
-1.204917e-02
-1.229343e-02
-1.236928e-02
-1.246315e-02
-1.281989e-02
-1.301871e-02
-1.309062e-02
-1.340087e-02
-1.380256e-02
-1.397116e-02
-1.387915e-02
-1.395297e-02
-1.420076e-02
-1.451851e-02
-1.496817e-02
-1.513316e-02
-1.512045e-02
-1.512068e-02
-1.496742e-02
-1.484489e-02
-1.493587e-02
-1.509944e-02
-1.502439e-02
-1.493983e-02
-1.543876e-02
-1.603375e-02
-1.585366e-02
-1.542738e-02
-1.537627e-02
-1.539377e-02
-1.528798e-02
-1.540505e-02
-1.585065e-02
-1.616896e-02
-1.641256e-02
-1.662383e-02
-1.644494e-02
-1.613631e-02
-1.617445e-02
-1.647051e-02
-1.663802e-02
-1.657323e-02
-1.658862e-02
-1.688287e-02
-1.706524e-02
-1.680871e-02
-1.639329e-02
-1.617461e-02
-1.594505e-02
-1.535201e-02
-1.476196e-02
-1.454145e-02
-1.424598e-02
-1.353862e-02
-1.287031e-02
-1.253405e-02
-1.206512e-02
-1.129671e-02
-1.052417e-02
-9.751235e-03
-9.069119e-03
-8.606587e-03
-8.060930e-03
-7.373620e-03
-7.009455e-03
-6.971514e-03
-6.686065e-03
-6.068847e-03
-5.484899e-03
-5.054584e-03
-4.701629e-03
-4.397083e-03
-4.217731e-03
-4.285010e-03
-4.579478e-03
-4.862410e-03
-5.023368e-03
-5.093206e-03
-5.015006e-03
-4.864898e-03
-4.824194e-03
-4.771729e-03
-4.533618e-03
-4.359529e-03
-4.363955e-03
-4.352121e-03
-4.239214e-03
-4.082972e-03
-4.006833e-03
-4.113894e-03
-4.395734e-03
-4.541359e-03
-4.525432e-03
-4.688414e-03
-4.970977e-03
-5.132236e-03
-5.103875e-03
-5.042184e-03
-5.119577e-03
-5.290027e-03
-5.362358e-03
-5.286885e-03
-5.291357e-03
-5.378317e-03
-5.344537e-03
-5.251964e-03
-5.214920e-03
-5.107563e-03
-4.920932e-03
-4.901436e-03
-5.004787e-03
-4.972556e-03
-4.821420e-03
-4.690030e-03
-4.616932e-03
-4.701480e-03
-4.920589e-03
-5.128657e-03
-5.432081e-03
-5.758869e-03
-5.809428e-03
-5.568190e-03
-5.232551e-03
-5.041277e-03
-5.068762e-03
-5.241162e-03
-5.460837e-03
-5.596529e-03
-5.579143e-03
-5.432264e-03
-5.303697e-03
-5.214458e-03
-5.062771e-03
-4.950569e-03
-4.950099e-03
-5.007483e-03
-5.051912e-03
-4.979072e-03
-4.727175e-03
-4.288374e-03
-3.816464e-03
-3.544475e-03
-3.454045e-03
-3.363848e-03
-3.254427e-03
-3.099100e-03
-2.729296e-03
-2.173567e-03
-1.582041e-03
-1.024705e-03
-5.811742e-04
-3.299393e-04
-3.103006e-04
-4.297842e-04
-4.650098e-04
-2.073673e-04
2.887501e-04
7.221991e-04
1.019529e-03
1.333514e-03
1.627692e-03
1.773636e-03
1.859064e-03
2.020472e-03
2.273838e-03
2.605023e-03
2.934893e-03
3.226968e-03
3.559840e-03
3.925469e-03
4.246198e-03
4.521810e-03
4.730723e-03
4.799764e-03
4.673015e-03
4.314791e-03
3.848906e-03
3.439271e-03
3.148978e-03
3.047129e-03
3.100323e-03
3.209810e-03
3.372554e-03
3.615015e-03
3.866797e-03
4.012726e-03
4.112651e-03
4.359383e-03
4.786984e-03
5.218535e-03
5.488689e-03
5.570897e-03
5.447942e-03
5.085986e-03
4.543220e-03
3.954555e-03
3.550140e-03
3.484147e-03
3.659289e-03
3.905264e-03
4.106790e-03
4.169292e-03
4.061987e-03
3.886186e-03
3.697588e-03
3.536463e-03
3.548112e-03
3.794541e-03
4.148311e-03
4.383554e-03
4.515345e-03
4.713901e-03
4.948288e-03
5.140377e-03
5.295236e-03
5.583726e-03
6.179111e-03
6.828393e-03
7.157546e-03
7.091376e-03
6.806425e-03
6.520328e-03
6.274601e-03
6.181943e-03
6.419270e-03
6.941768e-03
7.591662e-03
8.103977e-03
8.279969e-03
8.258262e-03
8.325395e-03
8.533517e-03
8.719111e-03
8.887753e-03
9.134989e-03
9.412673e-03
9.628763e-03
9.745098e-03
9.821179e-03
9.978622e-03
1.028715e-02
1.070252e-02
1.111911e-02
1.151335e-02
1.190136e-02
1.219712e-02
1.234947e-02
1.238763e-02
1.233494e-02
1.229320e-02
1.234318e-02
1.237284e-02
1.225536e-02
1.206171e-02
1.193952e-02
1.186479e-02
1.171778e-02
1.146594e-02
1.117444e-02
1.092473e-02
1.070171e-02
1.045206e-02
1.016354e-02
9.874703e-03
9.634781e-03
9.458015e-03
9.355328e-03
9.297037e-03
9.273156e-03
9.316149e-03
9.460518e-03
9.673431e-03
9.808723e-03
9.858928e-03
9.896939e-03
9.801039e-03
9.508740e-03
9.169905e-03
8.848461e-03
8.491143e-03
8.139376e-03
7.854746e-03
7.527999e-03
7.050651e-03
6.443917e-03
5.768377e-03
5.113889e-03
4.587735e-03
4.310418e-03
4.247797e-03
4.220585e-03
4.114765e-03
3.888306e-03
3.545847e-03
3.101900e-03
2.631461e-03
2.296156e-03
2.238820e-03
2.481696e-03
2.937548e-03
3.437528e-03
3.702232e-03
3.576734e-03
3.152110e-03
2.551680e-03
1.812915e-03
9.939272e-04
3.243745e-04
-2.139690e-05
-1.131045e-04
-1.538009e-04
-2.657448e-04
-3.884109e-04
-5.662390e-04
-8.853122e-04
-1.313559e-03
-1.811036e-03
-2.270575e-03
-2.631020e-03
-2.952630e-03
-3.324442e-03
-3.755689e-03
-4.193357e-03
-4.624180e-03
-4.997342e-03
-5.269869e-03
-5.415051e-03
-5.329020e-03
-5.133163e-03
-5.169873e-03
-5.470450e-03
-5.853510e-03
-6.243509e-03
-6.601674e-03
-6.876175e-03
-6.962555e-03
-6.735842e-03
-6.259010e-03
-5.794533e-03
-5.499486e-03
-5.349472e-03
-5.318032e-03
-5.398807e-03
-5.519401e-03
-5.681894e-03
-5.863262e-03
-5.877195e-03
-5.824551e-03
-5.903661e-03
-6.092152e-03
-6.260560e-03
-6.340087e-03
-6.429184e-03
-6.431171e-03
-6.305844e-03
-6.117366e-03
-5.896703e-03
-5.698987e-03
-5.504278e-03
-5.447399e-03
-5.482285e-03
-5.640534e-03
-5.877013e-03
-5.978246e-03
-6.187352e-03
-6.174557e-03
-5.712099e-03
-5.492407e-03
-5.570784e-03
-5.578152e-03
-5.563391e-03
-5.608005e-03
-5.816845e-03
-6.148052e-03
-6.207247e-03
-5.971880e-03
-5.931322e-03
-6.146385e-03
-6.296880e-03
-6.558066e-03
-6.898848e-03
-6.894965e-03
-6.925863e-03
-7.275515e-03
-7.414003e-03
-7.404582e-03
-7.762345e-03
-8.108062e-03
-8.124755e-03
-8.375155e-03
-8.836163e-03
-9.054339e-03
-9.189456e-03
-9.375937e-03
-9.519555e-03
-9.759791e-03
-1.016984e-02
-1.051089e-02
-1.082006e-02
-1.124351e-02
-1.148175e-02
-1.135436e-02
-1.110626e-02
-1.096981e-02
-1.092459e-02
-1.086261e-02
-1.075572e-02
-1.073164e-02
-1.091042e-02
-1.111932e-02
-1.119723e-02
-1.120526e-02
-1.124416e-02
-1.137262e-02
-1.152179e-02
-1.169890e-02
-1.196281e-02
-1.219819e-02
-1.226849e-02
-1.200768e-02
-1.151524e-02
-1.100650e-02
-1.035617e-02
-9.835320e-03
-9.843102e-03
-1.023506e-02
-1.072765e-02
-1.110687e-02
-1.138697e-02
-1.161367e-02
-1.172614e-02
-1.165834e-02
-1.147191e-02
-1.153195e-02
-1.200555e-02
-1.254885e-02
-1.283138e-02
-1.299198e-02
-1.314813e-02
-1.300311e-02
-1.254923e-02
-1.206980e-02
-1.164518e-02
-1.143875e-02
-1.141750e-02
-1.136038e-02
-1.134565e-02
-1.127526e-02
-1.104305e-02
-1.077746e-02
-1.056705e-02
-1.050055e-02
-1.052562e-02
-1.065162e-02
-1.095156e-02
-1.118906e-02
-1.109766e-02
-1.084833e-02
-1.066163e-02
-1.044318e-02
-1.021237e-02
-1.016040e-02
-1.031394e-02
-1.056914e-02
-1.084447e-02
-1.093098e-02
-1.075837e-02
-1.056495e-02
-1.046519e-02
-1.048741e-02
-1.055105e-02
-1.050603e-02
-1.053454e-02
-1.074921e-02
-1.078562e-02
-1.049182e-02
-1.018213e-02
-9.987896e-03
-9.898245e-03
-9.936237e-03
-9.934595e-03
-9.917042e-03
-1.001912e-02
-9.994659e-03
-9.698966e-03
-9.356591e-03
-9.006405e-03
-8.551814e-03
-8.156863e-03
-8.040864e-03
-8.196301e-03
-8.357110e-03
-8.463451e-03
-8.629862e-03
-8.689270e-03
-8.652657e-03
-8.660694e-03
-8.440231e-03
-8.270872e-03
-8.798771e-03
-9.157016e-03
-8.963404e-03
-9.253120e-03
-9.403790e-03
-8.916319e-03
-8.694489e-03
-8.654960e-03
-8.582577e-03
-8.592954e-03
-8.674265e-03
-8.706174e-03
-8.665277e-03
-8.689002e-03
-8.564799e-03
-8.536829e-03
-8.482691e-03
-8.237169e-03
-8.312358e-03
-8.223715e-03
-7.938049e-03
-7.933395e-03
-7.747933e-03
-7.564800e-03
-7.358573e-03
-6.701737e-03
-6.624855e-03
-7.020872e-03
-6.841899e-03
-6.783313e-03
-7.144685e-03
-7.395862e-03
-7.254428e-03
-6.904049e-03
-6.837005e-03
-6.742230e-03
-6.340806e-03
-5.907847e-03
-5.739183e-03
-5.691964e-03
-5.404734e-03
-5.081277e-03
-4.945346e-03
-4.837983e-03
-4.425066e-03
-4.146086e-03
-4.354676e-03
-4.323940e-03
-4.171784e-03
-4.262313e-03
-4.114068e-03
-3.743368e-03
-3.585642e-03
-3.484930e-03
-3.226090e-03
-3.017973e-03
-2.977615e-03
-3.148249e-03
-3.225195e-03
-3.088002e-03
-3.164759e-03
-3.387775e-03
-3.406776e-03
-3.130506e-03
-2.879823e-03
-2.769992e-03
-2.602474e-03
-2.469475e-03
-2.425412e-03
-2.623900e-03
-2.808662e-03
-2.616241e-03
-2.552539e-03
-2.635423e-03
-2.608986e-03
-2.696021e-03
-2.664936e-03
-2.800606e-03
-3.266344e-03
-3.175891e-03
-2.687290e-03
-2.297760e-03
-1.819736e-03
-1.326532e-03
-1.010942e-03
-9.689208e-04
-1.008931e-03
-7.448297e-04
-1.546710e-04
2.376853e-04
3.316057e-04
8.137326e-04
1.372337e-03
1.281758e-03
1.208051e-03
1.637246e-03
1.892956e-03
1.887147e-03
2.245856e-03
2.653277e-03
2.806560e-03
3.180316e-03
3.522516e-03
3.463652e-03
3.504310e-03
3.985509e-03
4.395699e-03
4.408671e-03
4.479131e-03
4.761451e-03
4.954149e-03
4.858094e-03
4.791581e-03
5.115596e-03
5.461088e-03
5.694491e-03
5.992362e-03
6.390042e-03
6.872435e-03
7.151327e-03
7.219762e-03
7.260908e-03
7.309195e-03
7.548632e-03
8.010443e-03
8.360076e-03
8.467432e-03
8.609089e-03
8.734751e-03
8.642565e-03
8.763357e-03
9.266078e-03
9.710432e-03
1.010121e-02
1.068416e-02
1.141204e-02
1.196013e-02
1.215402e-02
1.219080e-02
1.228858e-02
1.256711e-02
1.278890e-02
1.279806e-02
1.281552e-02
1.281585e-02
1.278309e-02
1.291832e-02
1.308020e-02
1.308472e-02
1.320858e-02
1.348929e-02
1.352942e-02
1.332220e-02
1.315675e-02
1.314848e-02
1.330638e-02
1.350088e-02
1.362376e-02
1.366227e-02
1.361461e-02
1.350609e-02
1.327054e-02
1.303826e-02
1.301433e-02
1.318179e-02
1.347671e-02
1.372291e-02
1.374985e-02
1.347901e-02
1.296366e-02
1.228968e-02
1.166210e-02
1.144038e-02
1.154798e-02
1.180055e-02
1.207157e-02
1.220394e-02
1.218297e-02
1.178569e-02
1.108584e-02
1.047890e-02
1.006718e-02
9.919057e-03
1.011446e-02
1.048827e-02
1.074187e-02
1.069197e-02
1.037067e-02
9.955459e-03
9.560098e-03
9.299464e-03
9.409963e-03
9.866079e-03
1.032716e-02
1.057622e-02
1.066091e-02
1.064656e-02
1.054662e-02
1.046477e-02
1.050607e-02
1.084106e-02
1.145404e-02
1.201790e-02
1.238148e-02
1.255292e-02
1.260371e-02
1.257514e-02
1.245080e-02
1.235107e-02
1.245470e-02
1.285195e-02
1.336510e-02
1.374523e-02
1.388968e-02
1.384598e-02
1.378570e-02
1.371296e-02
1.359571e-02
1.343680e-02
1.329205e-02
1.331962e-02
1.347446e-02
1.347521e-02
1.316202e-02
1.274373e-02
1.234171e-02
1.185689e-02
1.133821e-02
1.085653e-02
1.044665e-02
1.010248e-02
9.798505e-03
9.540636e-03
9.240526e-03
8.898080e-03
8.589826e-03
8.246012e-03
7.813326e-03
7.394650e-03
7.076978e-03
6.833779e-03
6.623860e-03
6.463293e-03
6.379018e-03
6.310680e-03
6.161534e-03
5.885605e-03
5.607659e-03
5.458348e-03
5.359757e-03
5.231243e-03
4.954836e-03
4.530121e-03
4.151098e-03
3.895871e-03
3.735036e-03
3.528909e-03
3.295553e-03
3.266387e-03
3.478235e-03
3.765843e-03
3.972150e-03
4.204230e-03
4.642561e-03
5.189576e-03
5.673790e-03
5.990452e-03
6.089281e-03
5.998145e-03
5.794180e-03
5.622170e-03
5.636126e-03
5.883946e-03
6.263868e-03
6.642615e-03
6.921363e-03
7.035872e-03
7.015322e-03
6.927158e-03
6.859950e-03
6.892154e-03
7.069434e-03
7.376545e-03
7.702910e-03
7.949218e-03
8.040973e-03
7.928952e-03
7.665931e-03
7.365106e-03
7.132786e-03
7.044000e-03
7.096242e-03
7.286833e-03
7.572286e-03
7.790977e-03
7.821416e-03
7.602376e-03
7.194370e-03
6.751054e-03
6.398878e-03
6.268597e-03
6.293306e-03
6.342128e-03
6.455814e-03
6.593814e-03
6.589454e-03
6.291407e-03
5.699308e-03
5.029484e-03
4.613814e-03
4.609955e-03
4.822894e-03
5.046014e-03
5.296299e-03
5.607696e-03
5.846114e-03
5.818065e-03
5.488300e-03
5.143944e-03
5.109156e-03
5.375411e-03
5.847519e-03
6.422519e-03
6.917652e-03
7.216406e-03
7.289862e-03
7.146704e-03
6.784199e-03
6.316348e-03
6.010338e-03
5.996909e-03
6.214113e-03
6.454444e-03
6.426152e-03
6.071563e-03
5.563484e-03
5.056718e-03
4.635171e-03
4.296901e-03
4.050806e-03
4.010861e-03
4.168818e-03
4.210005e-03
3.888255e-03
3.323829e-03
2.746343e-03
2.269999e-03
1.954733e-03
1.891956e-03
2.170782e-03
2.689797e-03
3.122653e-03
3.220700e-03
2.993084e-03
2.615232e-03
2.282397e-03
2.109759e-03
2.157194e-03
2.531423e-03
3.162197e-03
3.687746e-03
3.886116e-03
3.810547e-03
3.664812e-03
3.655260e-03
3.792132e-03
3.978900e-03
4.187993e-03
4.402788e-03
4.479614e-03
4.294616e-03
3.943789e-03
3.609579e-03
3.404892e-03
3.427742e-03
3.721905e-03
4.107006e-03
4.328034e-03
4.299337e-03
4.064793e-03
3.750310e-03
3.472506e-03
3.284077e-03
3.249190e-03
3.360695e-03
3.561414e-03
3.726046e-03
3.688885e-03
3.451844e-03
3.117461e-03
2.861341e-03
2.785752e-03
2.874353e-03
3.158156e-03
3.591985e-03
4.022651e-03
4.227760e-03
4.087459e-03
3.715484e-03
3.363036e-03
3.301085e-03
3.560878e-03
3.901697e-03
4.142708e-03
4.313497e-03
4.425969e-03
4.428364e-03
4.369377e-03
4.325870e-03
4.331828e-03
4.385479e-03
4.401269e-03
4.319425e-03
4.260939e-03
4.339054e-03
4.498955e-03
4.677977e-03
4.926508e-03
5.271902e-03
5.643292e-03
5.905369e-03
5.923674e-03
5.787946e-03
5.678642e-03
5.656077e-03
5.716478e-03
5.790878e-03
5.876483e-03
5.989973e-03
6.036801e-03
5.911826e-03
5.604882e-03
5.293131e-03
5.139881e-03
5.136575e-03
5.230004e-03
5.373902e-03
5.542041e-03
5.663720e-03
5.640663e-03
5.471750e-03
5.179419e-03
4.864076e-03
4.731403e-03
4.797368e-03
4.951085e-03
5.137959e-03
5.240060e-03
5.195965e-03
5.032650e-03
4.713672e-03
4.279471e-03
3.902737e-03
3.749842e-03
3.868332e-03
4.239814e-03
4.782592e-03
5.304069e-03
5.671974e-03
5.834759e-03
5.819842e-03
5.786776e-03
5.861985e-03
6.064800e-03
6.426630e-03
6.844639e-03
7.129035e-03
7.311254e-03
7.418682e-03
7.453412e-03
7.487134e-03
7.552789e-03
7.684910e-03
7.818779e-03
7.915129e-03
8.001851e-03
8.075058e-03
8.120734e-03
8.090758e-03
8.066771e-03
8.238023e-03
8.646417e-03
9.111264e-03
9.431876e-03
9.539264e-03
9.435232e-03
9.173011e-03
8.843368e-03
8.561512e-03
8.471728e-03
8.627446e-03
8.843453e-03
8.913336e-03
8.844091e-03
8.735543e-03
8.669710e-03
8.651757e-03
8.623858e-03
8.633862e-03
8.846033e-03
9.249291e-03
9.622962e-03
9.867806e-03
1.005994e-02
1.023748e-02
1.036651e-02
1.044477e-02
1.044796e-02
1.043694e-02
1.049120e-02
1.044424e-02
1.021988e-02
9.973080e-03
9.821365e-03
9.753410e-03
9.697244e-03
9.595845e-03
9.452919e-03
9.415540e-03
9.519976e-03
9.627760e-03
9.664072e-03
9.644283e-03
9.688350e-03
9.844619e-03
1.000156e-02
1.012033e-02
1.032444e-02
1.060411e-02
1.074916e-02
1.070286e-02
1.056928e-02
1.048228e-02
1.050841e-02
1.054043e-02
1.046210e-02
1.029197e-02
1.013678e-02
1.008067e-02
1.012005e-02
1.025164e-02
1.052348e-02
1.084790e-02
1.101808e-02
1.094889e-02
1.074422e-02
1.056223e-02
1.043239e-02
1.027204e-02
1.001033e-02
9.741002e-03
9.550455e-03
9.440489e-03
9.441029e-03
9.402906e-03
9.195049e-03
8.877213e-03
8.550647e-03
8.263198e-03
8.088024e-03
8.181691e-03
8.466946e-03
8.737072e-03
8.848427e-03
8.743588e-03
8.480512e-03
8.171553e-03
7.969021e-03
7.852677e-03
7.777017e-03
7.780314e-03
7.821428e-03
7.812710e-03
7.652741e-03
7.362241e-03
7.070839e-03
6.892327e-03
6.835222e-03
6.838777e-03
6.834611e-03
6.799774e-03
6.778699e-03
6.718762e-03
6.579515e-03
6.397481e-03
6.185541e-03
5.947578e-03
5.615660e-03
5.089592e-03
4.377894e-03
3.549852e-03
2.739190e-03
2.138707e-03
1.718332e-03
1.353405e-03
1.034571e-03
7.388689e-04
4.044086e-04
-6.202683e-05
-6.036599e-04
-9.801077e-04
-9.744480e-04
-6.065038e-04
-1.216026e-04
3.623372e-04
8.496805e-04
1.286593e-03
1.536012e-03
1.484398e-03
1.257976e-03
1.070308e-03
9.159635e-04
6.345894e-04
1.547258e-04
-4.819587e-04
-1.171266e-03
-1.808201e-03
-2.359710e-03
-2.805145e-03
-3.108305e-03
-3.218105e-03
-3.167236e-03
-3.065053e-03
-2.949728e-03
-2.790129e-03
-2.573202e-03
-2.360497e-03
-2.183978e-03
-2.036849e-03
-1.922442e-03
-1.902322e-03
-2.012426e-03
-2.112400e-03
-2.099282e-03
-1.961278e-03
-1.718125e-03
-1.470108e-03
-1.313762e-03
-1.284330e-03
-1.372678e-03
-1.568993e-03
-1.763423e-03
-1.771776e-03
-1.536045e-03
-1.198806e-03
-9.480793e-04
-7.869799e-04
-6.593155e-04
-6.122802e-04
-7.345471e-04
-1.019066e-03
-1.300970e-03
-1.435302e-03
-1.432908e-03
-1.389276e-03
-1.307175e-03
-1.152568e-03
-9.742802e-04
-8.366006e-04
-7.851381e-04
-7.752348e-04
-7.462943e-04
-6.979514e-04
-6.237602e-04
-4.421289e-04
-1.556217e-04
9.042367e-05
3.930761e-04
7.273985e-04
8.992528e-04
1.051488e-03
1.260282e-03
1.481423e-03
1.670611e-03
1.794095e-03
1.947630e-03
2.189038e-03
2.401358e-03
2.435105e-03
2.434045e-03
2.451275e-03
2.364171e-03
2.299660e-03
2.373953e-03
2.543819e-03
2.719223e-03
2.931282e-03
3.188155e-03
3.304933e-03
3.229435e-03
3.139732e-03
3.122358e-03
3.144413e-03
3.246968e-03
3.422404e-03
3.651622e-03
3.761008e-03
3.649483e-03
3.487552e-03
3.284255e-03
3.081021e-03
2.947855e-03
3.094146e-03
3.680118e-03
4.406634e-03
5.097903e-03
5.660104e-03
5.987793e-03
6.104114e-03
6.045194e-03
5.959384e-03
5.999500e-03
6.090914e-03
6.059882e-03
5.932583e-03
5.754565e-03
5.488945e-03
5.089109e-03
4.691261e-03
4.457320e-03
4.174397e-03
3.700653e-03
3.099095e-03
2.431958e-03
1.773324e-03
1.123929e-03
4.951466e-04
-1.909287e-06
-2.722413e-04
-2.861929e-04
-1.618313e-04
-7.916942e-05
3.238899e-05
1.281509e-04
4.907696e-05
-2.673201e-04
-8.802577e-04
-1.635165e-03
-2.370943e-03
-2.927626e-03
-3.233288e-03
-3.373143e-03
-3.363686e-03
-3.339171e-03
-3.398925e-03
-3.520597e-03
-3.701690e-03
-3.960168e-03
-4.406339e-03
-5.008517e-03
-5.526713e-03
-5.889321e-03
-6.165240e-03
-6.313217e-03
-6.203491e-03
-5.823250e-03
-5.354240e-03
-4.979817e-03
-4.838479e-03
-4.963098e-03
-5.261756e-03
-5.656398e-03
-6.032052e-03
-6.248359e-03
-6.165289e-03
-5.694804e-03
-5.010599e-03
-4.430822e-03
-4.086540e-03
-3.945844e-03
-3.996606e-03
-4.337601e-03
-5.048511e-03
-5.960685e-03
-6.784105e-03
-7.372577e-03
-7.736200e-03
-7.882487e-03
-7.804953e-03
-7.593487e-03
-7.412121e-03
-7.363402e-03
-7.522581e-03
-7.931147e-03
-8.444522e-03
-8.959577e-03
-9.514715e-03
-1.009963e-02
-1.070975e-02
-1.122330e-02
-1.143942e-02
-1.139365e-02
-1.118837e-02
-1.084134e-02
-1.041333e-02
-1.012187e-02
-1.019137e-02
-1.056606e-02
-1.111941e-02
-1.175462e-02
-1.229057e-02
-1.259087e-02
-1.266420e-02
-1.264284e-02
-1.264091e-02
-1.272428e-02
-1.281727e-02
-1.280874e-02
-1.276479e-02
-1.277809e-02
-1.291522e-02
-1.312838e-02
-1.333801e-02
-1.357486e-02
-1.389822e-02
-1.429565e-02
-1.462758e-02
-1.477741e-02
-1.467115e-02
-1.432213e-02
-1.388446e-02
-1.352071e-02
-1.338908e-02
-1.360939e-02
-1.411114e-02
-1.464496e-02
-1.500837e-02
-1.504398e-02
-1.468337e-02
-1.407814e-02
-1.346054e-02
-1.307851e-02
-1.310472e-02
-1.349961e-02
-1.406241e-02
-1.462112e-02
-1.508465e-02
-1.531092e-02
-1.521651e-02
-1.484469e-02
-1.427448e-02
-1.363174e-02
-1.299503e-02
-1.239369e-02
-1.198430e-02
-1.191290e-02
-1.209939e-02
-1.239141e-02
-1.264947e-02
-1.274725e-02
-1.264245e-02
-1.235694e-02
-1.192052e-02
-1.135351e-02
-1.076786e-02
-1.030126e-02
-1.000034e-02
-9.898698e-03
-9.913277e-03
-9.936890e-03
-1.003721e-02
-1.024203e-02
-1.050411e-02
-1.079443e-02
-1.109240e-02
-1.138024e-02
-1.156808e-02
-1.153669e-02
-1.124021e-02
-1.078236e-02
-1.038818e-02
-1.022095e-02
-1.031808e-02
-1.064392e-02
-1.114294e-02
-1.174096e-02
-1.225468e-02
-1.245754e-02
-1.231348e-02
-1.199018e-02
-1.172032e-02
-1.166158e-02
-1.184266e-02
-1.220718e-02
-1.262207e-02
-1.290109e-02
-1.291353e-02
-1.272074e-02
-1.247577e-02
-1.233413e-02
-1.239849e-02
-1.258915e-02
-1.274311e-02
-1.270428e-02
-1.241156e-02
-1.193048e-02
-1.137118e-02
-1.097300e-02
-1.100827e-02
-1.152026e-02
-1.228269e-02
-1.298134e-02
-1.339283e-02
-1.338618e-02
-1.290336e-02
-1.208810e-02
-1.126548e-02
-1.070524e-02
-1.049529e-02
-1.051480e-02
-1.065580e-02
-1.091254e-02
-1.120449e-02
-1.142134e-02
-1.148212e-02
-1.140932e-02
-1.134773e-02
-1.141253e-02
-1.157877e-02
-1.174072e-02
-1.185082e-02
-1.189515e-02
-1.187316e-02
-1.183279e-02
-1.180092e-02
-1.177963e-02
-1.183348e-02
-1.199776e-02
-1.222391e-02
-1.239309e-02
-1.234388e-02
-1.205220e-02
-1.163939e-02
-1.130177e-02
-1.115239e-02
-1.113848e-02
-1.118816e-02
-1.128136e-02
-1.143229e-02
-1.159035e-02
-1.167329e-02
-1.159411e-02
-1.132285e-02
-1.098743e-02
-1.069016e-02
-1.049578e-02
-1.044840e-02
-1.050603e-02
-1.056323e-02
-1.054085e-02
-1.044637e-02
-1.028878e-02
-1.006586e-02
-9.840205e-03
-9.763367e-03
-9.894550e-03
-1.009388e-02
-1.022513e-02
-1.029381e-02
-1.038921e-02
-1.054907e-02
-1.069985e-02
-1.074543e-02
-1.072926e-02
-1.074814e-02
-1.077946e-02
-1.068951e-02
-1.039484e-02
-9.998117e-03
-9.627994e-03
-9.295804e-03
-8.973680e-03
-8.703289e-03
-8.586671e-03
-8.659231e-03
-8.786269e-03
-8.745671e-03
-8.497898e-03
-8.123206e-03
-7.684022e-03
-7.217216e-03
-6.698865e-03
-6.246329e-03
-5.972017e-03
-5.799257e-03
-5.653901e-03
-5.515029e-03
-5.435787e-03
-5.423397e-03
-5.371866e-03
-5.216495e-03
-4.988500e-03
-4.737035e-03
-4.481380e-03
-4.233166e-03
-4.043773e-03
-4.006817e-03
-4.145678e-03
-4.361011e-03
-4.479509e-03
-4.441026e-03
-4.390329e-03
-4.488239e-03
-4.782513e-03
-5.226973e-03
-5.767267e-03
-6.379630e-03
-6.986937e-03
-7.455705e-03
-7.711885e-03
-7.778764e-03
-7.789720e-03
-7.937497e-03
-8.275694e-03
-8.708513e-03
-9.148710e-03
-9.522918e-03
-9.731491e-03
-9.683008e-03
-9.400676e-03
-9.003916e-03
-8.608522e-03
-8.327316e-03
-8.128187e-03
-7.851833e-03
-7.426151e-03
-6.859120e-03
-6.120976e-03
-5.165266e-03
-4.192158e-03
-3.599134e-03
-3.599161e-03
-4.114077e-03
-4.897712e-03
-5.671537e-03
-6.181008e-03
-6.263750e-03
-5.890188e-03
-5.201682e-03
-4.511136e-03
-4.156280e-03
-4.343828e-03
-5.005860e-03
-5.850183e-03
-6.545491e-03
-6.828641e-03
-6.521128e-03
-5.608211e-03
-4.367243e-03
-3.151239e-03
-2.278482e-03
-2.011259e-03
-2.360924e-03
-3.148258e-03
-4.001536e-03
-4.490759e-03
-4.429523e-03
-3.878066e-03
-3.088241e-03
-2.340245e-03
-1.821938e-03
-1.679365e-03
-1.982643e-03
-2.597214e-03
-3.182041e-03
-3.469820e-03
-3.452282e-03
-3.294168e-03
-3.178581e-03
-3.222049e-03
-3.405254e-03
-3.608726e-03
-3.767242e-03
-3.828879e-03
-3.775072e-03
-3.661178e-03
-3.564536e-03
-3.572439e-03
-3.743319e-03
-4.070066e-03
-4.383421e-03
-4.528335e-03
-4.404254e-03
-3.897236e-03
-3.140468e-03
-2.425580e-03
-1.949184e-03
-1.822482e-03
-2.041536e-03
-2.470856e-03
-2.982615e-03
-3.403443e-03
-3.649100e-03
-3.802150e-03
-3.875482e-03
-3.901718e-03
-4.028472e-03
-4.283151e-03
-4.543892e-03
-4.755643e-03
-4.920735e-03
-5.126775e-03
-5.186702e-03
-5.133572e-03
-5.363687e-03
-5.653418e-03
-5.822599e-03
-5.914797e-03
-5.789552e-03
-5.305874e-03
-4.662330e-03
-4.290038e-03
-4.137327e-03
-4.151642e-03
-4.604432e-03
-5.619664e-03
-6.681928e-03
-7.207347e-03
-7.355335e-03
-7.204629e-03
-6.908090e-03
-6.866729e-03
-6.978739e-03
-7.097994e-03
-7.287300e-03
-7.648207e-03
-8.081072e-03
-8.349143e-03
-8.516900e-03
-8.572785e-03
-8.616428e-03
-8.800808e-03
-8.873217e-03
-8.834679e-03
-8.805207e-03
-8.859206e-03
-9.024882e-03
-9.190021e-03
-9.455718e-03
-9.681918e-03
-9.760375e-03
-9.766729e-03
-9.674913e-03
-9.634401e-03
-9.680696e-03
-9.764753e-03
-9.800377e-03
-9.828620e-03
-9.855742e-03
-9.634574e-03
-9.321754e-03
-9.044936e-03
-8.797869e-03
-8.787550e-03
-9.003836e-03
-9.272957e-03
-9.466342e-03
-9.632534e-03
-9.667064e-03
-9.482405e-03
-9.324766e-03
-9.156053e-03
-9.044564e-03
-9.066804e-03
-9.001442e-03
-8.920299e-03
-8.682956e-03
-8.256783e-03
-7.987181e-03
-7.824682e-03
-7.769377e-03
-7.883298e-03
-8.119969e-03
-8.457394e-03
-8.597844e-03
-8.439110e-03
-8.033388e-03
-7.373208e-03
-6.807401e-03
-6.514617e-03
-6.378848e-03
-6.432782e-03
-6.552483e-03
-6.619343e-03
-6.657055e-03
-6.513966e-03
-6.230843e-03
-5.958403e-03
-5.667930e-03
-5.374085e-03
-5.139361e-03
-4.948875e-03
-4.710304e-03
-4.545042e-03
-4.529527e-03
-4.460782e-03
-4.387766e-03
-4.474847e-03
-4.606690e-03
-4.665704e-03
-4.663721e-03
-4.571960e-03
-4.388360e-03
-4.214915e-03
-4.099783e-03
-3.993388e-03
-3.929796e-03
-3.937258e-03
-3.853734e-03
-3.623850e-03
-3.412244e-03
-3.207970e-03
-2.933665e-03
-2.581446e-03
-2.197168e-03
-2.053722e-03
-2.125400e-03
-2.221093e-03
-2.377333e-03
-2.534759e-03
-2.709675e-03
-2.830528e-03
-2.733459e-03
-2.477346e-03
-2.139081e-03
-1.860621e-03
-1.673152e-03
-1.409693e-03
-1.144302e-03
-1.009806e-03
-9.392167e-04
-9.246127e-04
-9.644512e-04
-9.708496e-04
-8.820118e-04
-7.347837e-04
-5.569409e-04
-3.073194e-04
-6.754889e-05
8.182190e-05
1.753156e-04
1.812587e-04
4.399450e-05
-1.610762e-04
-3.400122e-04
-4.113945e-04
-3.672700e-04
-4.017129e-04
-5.062683e-04
-5.248076e-04
-4.357243e-04
-2.322115e-04
3.286280e-06
1.842931e-04
3.454564e-04
5.868788e-04
9.020486e-04
1.139795e-03
1.264828e-03
1.288509e-03
1.336252e-03
1.518749e-03
1.525509e-03
1.438224e-03
1.559638e-03
1.576523e-03
1.496579e-03
1.559582e-03
1.443415e-03
1.129614e-03
1.144094e-03
1.565247e-03
2.010304e-03
2.314439e-03
2.675323e-03
3.073449e-03
3.341235e-03
3.693061e-03
4.254933e-03
4.921898e-03
5.610199e-03
6.351765e-03
7.066513e-03
7.488118e-03
7.603802e-03
7.463151e-03
7.141215e-03
6.857487e-03
6.554924e-03
6.186023e-03
6.027848e-03
5.884480e-03
5.542882e-03
5.295803e-03
5.051487e-03
4.675808e-03
4.397960e-03
4.319836e-03
4.296394e-03
4.247263e-03
4.086999e-03
3.656230e-03
3.009451e-03
2.259617e-03
1.535413e-03
1.010005e-03
8.005500e-04
7.849407e-04
8.778491e-04
1.120269e-03
1.222293e-03
1.112644e-03
9.630709e-04
8.284050e-04
9.099613e-04
1.211856e-03
1.455982e-03
1.520975e-03
1.447184e-03
1.118159e-03
3.764441e-04
-6.165894e-04
-1.497459e-03
-2.097537e-03
-2.398980e-03
-2.415775e-03
-2.300203e-03
-2.049804e-03
-1.774911e-03
-1.733727e-03
-1.814298e-03
-1.870154e-03
-1.916074e-03
-1.939150e-03
-1.904928e-03
-1.830704e-03
-1.738344e-03
-1.620835e-03
-1.623620e-03
-1.943491e-03
-2.446688e-03
-2.934835e-03
-3.476028e-03
-4.025561e-03
-4.389131e-03
-4.616536e-03
-4.889150e-03
-5.200724e-03
-5.623285e-03
-6.234139e-03
-6.812508e-03
-7.250061e-03
-7.567580e-03
-7.609820e-03
-7.390215e-03
-7.053799e-03
-6.499097e-03
-5.932154e-03
-5.590221e-03
-5.312494e-03
-5.176944e-03
-5.164965e-03
-5.198504e-03
-5.354081e-03
-5.531018e-03
-5.752314e-03
-5.982061e-03
-6.147537e-03
-6.287835e-03
-6.322509e-03
-6.256455e-03
-5.979262e-03
-5.559372e-03
-5.214501e-03
-4.775461e-03
-4.488356e-03
-4.344130e-03
-4.028096e-03
-3.887822e-03
-3.788298e-03
-3.580579e-03
-3.413735e-03
-3.111749e-03
-2.923756e-03
-2.928330e-03
-3.003927e-03
-3.239899e-03
-3.327878e-03
-3.379192e-03
-3.518406e-03
-3.384303e-03
-3.257659e-03
-3.240572e-03
-3.141862e-03
-3.114777e-03
-3.162354e-03
-3.117019e-03
-2.778602e-03
-2.442454e-03
-2.313549e-03
-2.179465e-03
-2.231484e-03
-2.366696e-03
-2.416820e-03
-2.608366e-03
-2.812137e-03
-2.774874e-03
-2.420735e-03
-1.889823e-03
-1.294468e-03
-6.190853e-04
-8.297231e-05
2.551337e-04
5.459223e-04
7.797353e-04
1.054812e-03
1.454167e-03
1.862803e-03
2.451070e-03
3.259732e-03
3.995469e-03
4.592460e-03
4.902523e-03
4.920845e-03
4.862305e-03
4.633211e-03
4.224181e-03
3.907273e-03
3.839611e-03
3.859349e-03
3.864153e-03
4.137623e-03
4.629003e-03
5.081703e-03
5.690480e-03
6.266622e-03
6.503474e-03
6.717212e-03
6.989504e-03
7.022819e-03
6.861113e-03
6.760965e-03
6.725534e-03
6.799660e-03
7.124307e-03
7.403006e-03
7.467700e-03
7.651886e-03
7.839708e-03
7.684687e-03
7.422725e-03
7.249377e-03
6.958629e-03
6.703968e-03
6.720750e-03
6.727486e-03
6.654242e-03
6.606563e-03
6.412892e-03
6.039726e-03
5.682627e-03
5.360430e-03
4.993387e-03
4.772123e-03
4.761689e-03
4.865113e-03
4.985023e-03
4.916340e-03
4.702068e-03
4.421640e-03
4.088281e-03
3.804375e-03
3.595211e-03
3.493825e-03
3.458549e-03
3.441141e-03
3.446281e-03
3.424908e-03
3.402638e-03
3.333044e-03
3.167307e-03
3.032374e-03
3.007813e-03
3.047535e-03
3.132714e-03
3.290278e-03
3.398377e-03
3.408408e-03
3.463871e-03
3.521261e-03
3.469193e-03
3.420800e-03
3.520115e-03
3.736636e-03
4.091157e-03
4.567733e-03
4.925455e-03
5.107670e-03
5.150337e-03
4.935657e-03
4.504513e-03
4.037414e-03
3.645854e-03
3.405695e-03
3.398780e-03
3.559867e-03
3.708158e-03
3.747986e-03
3.608591e-03
3.328650e-03
3.073015e-03
2.951690e-03
2.994119e-03
3.187633e-03
3.493235e-03
3.794218e-03
4.015039e-03
4.131965e-03
4.113155e-03
4.020437e-03
3.971862e-03
4.091625e-03
4.336737e-03
4.472051e-03
4.411055e-03
4.296246e-03
4.190599e-03
4.051837e-03
3.934016e-03
3.838175e-03
3.737574e-03
3.676439e-03
3.646659e-03
3.617844e-03
3.507348e-03
3.295451e-03
3.088232e-03
2.946120e-03
2.905845e-03
2.931623e-03
3.003565e-03
3.211752e-03
3.463009e-03
3.645011e-03
3.809608e-03
3.946728e-03
3.997684e-03
3.865998e-03
3.571192e-03
3.280537e-03
3.103013e-03
3.100843e-03
3.223943e-03
3.382493e-03
3.544463e-03
3.646822e-03
3.621785e-03
3.464472e-03
3.344974e-03
3.513812e-03
4.002535e-03
4.632897e-03
5.253077e-03
5.771857e-03
6.094533e-03
6.234039e-03
6.279337e-03
6.319398e-03
6.530616e-03
7.025382e-03
7.695537e-03
8.373247e-03
8.976039e-03
9.436715e-03
9.696240e-03
9.783529e-03
9.836181e-03
1.011014e-02
1.072214e-02
1.152765e-02
1.231702e-02
1.286561e-02
1.303616e-02
1.288839e-02
1.262476e-02
1.247989e-02
1.261481e-02
1.304058e-02
1.370312e-02
1.447799e-02
1.510910e-02
1.539262e-02
1.530602e-02
1.500938e-02
1.465116e-02
1.435669e-02
1.418693e-02
1.411468e-02
1.427516e-02
1.457714e-02
1.480971e-02
1.503749e-02
1.515311e-02
1.522891e-02
1.559984e-02
1.602069e-02
1.619841e-02
1.636829e-02
1.638036e-02
1.592936e-02
1.554580e-02
1.532400e-02
1.502724e-02
1.531138e-02
1.596207e-02
1.639279e-02
1.681291e-02
1.709552e-02
1.700591e-02
1.666416e-02
1.654052e-02
1.645325e-02
1.638073e-02
1.692747e-02
1.740199e-02
1.752993e-02
1.779475e-02
1.782646e-02
1.751601e-02
1.715620e-02
1.685115e-02
1.659774e-02
1.647111e-02
1.662528e-02
1.678928e-02
1.673805e-02
1.678494e-02
1.687192e-02
1.679129e-02
1.680518e-02
1.691888e-02
1.703893e-02
1.737737e-02
1.778540e-02
1.782290e-02
1.758150e-02
1.739849e-02
1.715488e-02
1.685442e-02
1.663711e-02
1.631825e-02
1.612524e-02
1.633218e-02
1.659278e-02
1.669698e-02
1.672221e-02
1.653596e-02
1.620750e-02
1.602760e-02
1.586033e-02
1.578589e-02
1.610918e-02
1.654068e-02
1.674220e-02
1.685576e-02
1.695012e-02
1.683247e-02
1.664120e-02
1.656360e-02
1.646356e-02
1.637914e-02
1.637242e-02
1.623712e-02
1.596180e-02
1.574376e-02
1.554445e-02
1.532489e-02
1.523502e-02
1.520339e-02
1.515157e-02
1.520521e-02
1.529480e-02
1.531804e-02
1.529159e-02
1.528414e-02
1.524050e-02
1.510593e-02
1.502365e-02
1.490928e-02
1.476328e-02
1.470190e-02
1.465646e-02
1.463158e-02
1.461133e-02
1.461713e-02
1.466691e-02
1.470995e-02
1.465398e-02
1.450021e-02
1.448055e-02
1.464858e-02
1.500050e-02
1.547737e-02
1.591609e-02
1.636271e-02
1.675728e-02
1.698826e-02
1.702525e-02
1.689570e-02
1.679302e-02
1.676471e-02
1.681487e-02
1.697940e-02
1.716334e-02
1.726571e-02
1.729810e-02
1.737620e-02
1.748461e-02
1.757113e-02
1.770181e-02
1.793016e-02
1.821925e-02
1.844428e-02
1.856905e-02
1.863430e-02
1.864009e-02
1.858468e-02
1.849402e-02
1.844261e-02
1.853642e-02
1.880374e-02
1.911439e-02
1.933524e-02
1.942169e-02
1.938073e-02
1.929782e-02
1.919037e-02
1.903945e-02
1.892976e-02
1.894807e-02
1.911597e-02
1.934396e-02
1.951209e-02
1.958220e-02
1.958583e-02
1.954911e-02
1.939587e-02
1.909919e-02
1.877393e-02
1.853099e-02
1.840289e-02
1.836436e-02
1.841969e-02
1.858954e-02
1.882801e-02
1.901241e-02
1.903315e-02
1.894841e-02
1.888605e-02
1.887818e-02
1.894185e-02
1.910973e-02
1.935432e-02
1.960588e-02
1.978630e-02
1.983406e-02
1.976776e-02
1.962425e-02
1.943361e-02
1.925626e-02
1.914368e-02
1.912535e-02
1.914510e-02
1.907552e-02
1.883411e-02
1.843000e-02
1.795434e-02
1.749664e-02
1.711864e-02
1.686360e-02
1.677480e-02
1.685863e-02
1.700364e-02
1.712698e-02
1.715475e-02
1.697366e-02
1.666665e-02
1.639255e-02
1.616618e-02
1.598217e-02
1.587768e-02
1.586304e-02
1.587452e-02
1.586019e-02
1.578291e-02
1.555470e-02
1.523236e-02
1.501158e-02
1.495267e-02
1.494222e-02
1.491076e-02
1.491244e-02
1.494843e-02
1.502139e-02
1.512980e-02
1.515722e-02
1.510596e-02
1.509214e-02
1.511021e-02
1.508165e-02
1.503466e-02
1.504607e-02
1.508359e-02
1.509754e-02
1.511983e-02
1.518335e-02
1.529575e-02
1.545381e-02
1.561213e-02
1.576760e-02
1.595246e-02
1.615590e-02
1.635427e-02
1.654262e-02
1.673019e-02
1.692195e-02
1.712266e-02
1.727636e-02
1.734387e-02
1.736844e-02
1.736595e-02
1.738742e-02
1.747213e-02
1.757787e-02
1.768131e-02
1.773195e-02
1.767921e-02
1.756602e-02
1.746460e-02
1.736126e-02
1.721535e-02
1.709792e-02
1.705082e-02
1.701206e-02
1.695366e-02
1.681905e-02
1.659599e-02
1.637357e-02
1.611824e-02
1.581260e-02
1.554928e-02
1.535177e-02
1.519324e-02
1.501630e-02
1.478904e-02
1.451890e-02
1.417034e-02
1.373298e-02
1.327143e-02
1.284644e-02
1.246850e-02
1.214590e-02
1.184883e-02
1.152743e-02
1.122404e-02
1.096214e-02
1.066398e-02
1.031565e-02
9.964285e-03
9.600851e-03
9.272067e-03
8.997393e-03
8.748884e-03
8.551884e-03
8.377823e-03
8.182028e-03
7.959481e-03
7.718179e-03
7.463278e-03
7.199022e-03
6.942524e-03
6.691188e-03
6.419498e-03
6.069112e-03
5.641593e-03
5.209215e-03
4.793291e-03
4.429960e-03
4.121410e-03
3.816376e-03
3.495140e-03
3.182694e-03
2.913379e-03
2.599829e-03
2.232537e-03
1.931908e-03
1.689574e-03
1.443819e-03
1.176999e-03
8.886241e-04
5.479339e-04
1.607059e-04
-2.386940e-04
-6.776522e-04
-1.145382e-03
-1.602225e-03
-2.021225e-03
-2.415238e-03
-2.787693e-03
-3.117860e-03
-3.462036e-03
-3.853927e-03
-4.254942e-03
-4.625185e-03
-4.948720e-03
-5.207898e-03
-5.380890e-03
-5.473127e-03
-5.578596e-03
-5.793193e-03
-6.084197e-03
-6.431926e-03
-6.807893e-03
-7.151455e-03
-7.473554e-03
-7.709664e-03
-7.829264e-03
-7.981127e-03
-8.240950e-03
-8.553522e-03
-8.845334e-03
-9.115924e-03
-9.412909e-03
-9.686261e-03
-9.860709e-03
-9.920028e-03
-9.941034e-03
-1.005091e-02
-1.023025e-02
-1.036241e-02
-1.045236e-02
-1.060239e-02
-1.080328e-02
-1.096886e-02
-1.107736e-02
-1.119678e-02
-1.141162e-02
-1.173067e-02
-1.211739e-02
-1.247651e-02
-1.275022e-02
-1.298062e-02
-1.310618e-02
-1.306864e-02
-1.300938e-02
-1.308664e-02
-1.330635e-02
-1.362237e-02
-1.403004e-02
-1.447590e-02
-1.486863e-02
-1.515653e-02
-1.530334e-02
-1.534451e-02
-1.540240e-02
-1.557369e-02
-1.586661e-02
-1.622201e-02
-1.658628e-02
-1.697012e-02
-1.736626e-02
-1.767850e-02
-1.783028e-02
-1.787213e-02
-1.794536e-02
-1.811111e-02
-1.829496e-02
-1.843821e-02
-1.853501e-02
-1.863161e-02
-1.876897e-02
-1.893016e-02
-1.911607e-02
-1.932957e-02
-1.955185e-02
-1.973584e-02
-1.986351e-02
-1.997699e-02
-2.012176e-02
-2.031382e-02
-2.048700e-02
-2.061993e-02
-2.076445e-02
-2.090854e-02
-2.096871e-02
-2.099473e-02
-2.104001e-02
-2.112928e-02
-2.130870e-02
-2.144295e-02
-2.143709e-02
-2.147529e-02
-2.176605e-02
-2.143380e-02
-2.044226e-02
-2.050934e-02
-2.093998e-02
-2.056488e-02
-2.079789e-02
-2.146987e-02
-2.095184e-02
-2.004313e-02
-2.020719e-02
-2.080572e-02
-2.060501e-02
-2.008721e-02
-1.962551e-02
-1.899436e-02
-1.933299e-02
-1.989958e-02
-1.899898e-02
-1.795127e-02
-1.793755e-02
-1.814006e-02
-1.780080e-02
-1.741722e-02
-1.761586e-02
-1.792967e-02
-1.819293e-02
-1.858563e-02
-1.871744e-02
-1.894896e-02
-1.928454e-02
-1.891718e-02
-1.847221e-02
-1.853675e-02
-1.874548e-02
-1.894717e-02
-1.890430e-02
-1.860951e-02
-1.865596e-02
-1.893772e-02
-1.884592e-02
-1.885322e-02
-1.917893e-02
-1.916177e-02
-1.915728e-02
-1.964031e-02
-1.989507e-02
-1.960779e-02
-1.941877e-02
-1.951128e-02
-1.945595e-02
-1.932559e-02
-1.948487e-02
-1.969799e-02
-1.989624e-02
-2.012541e-02
-1.988067e-02
-1.933088e-02
-1.899395e-02
-1.887012e-02
-1.890903e-02
-1.895038e-02
-1.890309e-02
-1.884446e-02
-1.893749e-02
-1.908048e-02
-1.887747e-02
-1.846137e-02
-1.818454e-02
-1.810349e-02
-1.834597e-02
-1.889283e-02
-1.920770e-02
-1.914442e-02
-1.916320e-02
-1.920008e-02
-1.898370e-02
-1.870649e-02
-1.864170e-02
-1.876613e-02
-1.892900e-02
-1.918865e-02
-1.937404e-02
-1.926304e-02
-1.907190e-02
-1.892581e-02
-1.884101e-02
-1.884465e-02
-1.887516e-02
-1.904739e-02
-1.915467e-02
-1.884311e-02
-1.865329e-02
-1.893176e-02
-1.906690e-02
-1.887166e-02
-1.875088e-02
-1.883015e-02
-1.887237e-02
-1.868300e-02
-1.833879e-02
-1.806852e-02
-1.793267e-02
-1.771128e-02
-1.751166e-02
-1.760031e-02
-1.774905e-02
-1.765626e-02
-1.738694e-02
-1.707928e-02
-1.680419e-02
-1.662359e-02
-1.646355e-02
-1.628545e-02
-1.612833e-02
-1.610559e-02
-1.615328e-02
-1.601734e-02
-1.582417e-02
-1.567306e-02
-1.555725e-02
-1.558805e-02
-1.564385e-02
-1.569752e-02
-1.580940e-02
-1.579193e-02
-1.550861e-02
-1.514537e-02
-1.502417e-02
-1.517642e-02
-1.543980e-02
-1.568962e-02
-1.592040e-02
-1.621546e-02
-1.631394e-02
-1.611984e-02
-1.590734e-02
-1.562631e-02
-1.535920e-02
-1.536082e-02
-1.559695e-02
-1.591759e-02
-1.608815e-02
-1.601330e-02
-1.580121e-02
-1.561127e-02
-1.549642e-02
-1.536044e-02
-1.527905e-02
-1.529602e-02
-1.526686e-02
-1.517639e-02
-1.506071e-02
-1.480892e-02
-1.436203e-02
-1.394740e-02
-1.362729e-02
-1.329082e-02
-1.304045e-02
-1.289736e-02
-1.270818e-02
-1.232910e-02
-1.191942e-02
-1.162338e-02
-1.132237e-02
-1.100745e-02
-1.067240e-02
-1.034371e-02
-1.006463e-02
-9.695386e-03
-9.203854e-03
-8.816869e-03
-8.594935e-03
-8.418431e-03
-8.270788e-03
-8.114592e-03
-8.066016e-03
-8.155339e-03
-8.072724e-03
-7.901469e-03
-7.851854e-03
-7.778115e-03
-7.764539e-03
-7.840011e-03
-7.879202e-03
-7.947712e-03
-7.977830e-03
-7.978992e-03
-7.963141e-03
-7.900765e-03
-7.949347e-03
-8.032689e-03
-8.100749e-03
-8.157319e-03
-8.153882e-03
-8.132604e-03
-7.991509e-03
-7.923098e-03
-8.014318e-03
-8.201678e-03
-8.528678e-03
-8.647317e-03
-8.623519e-03
-8.724579e-03
-8.638177e-03
-8.302785e-03
-8.071340e-03
-8.037536e-03
-8.201966e-03
-8.314802e-03
-8.320471e-03
-8.390896e-03
-8.250232e-03
-8.150033e-03
-8.020546e-03
-7.707900e-03
-7.577776e-03
-7.504707e-03
-7.453818e-03
-7.227533e-03
-6.914705e-03
-6.673399e-03
-6.316032e-03
-5.981796e-03
-5.752354e-03
-5.695191e-03
-5.611591e-03
-5.414584e-03
-5.259160e-03
-5.048682e-03
-4.791936e-03
-4.564102e-03
-4.312905e-03
-4.120624e-03
-4.076129e-03
-3.913271e-03
-3.708168e-03
-3.623407e-03
-3.426214e-03
-3.293414e-03
-3.351395e-03
-3.390235e-03
-3.377359e-03
-3.288804e-03
-3.139487e-03
-2.925961e-03
-2.648780e-03
-2.360937e-03
-2.164183e-03
-2.197332e-03
-2.195932e-03
-2.012727e-03
-1.863123e-03
-1.778823e-03
-1.616878e-03
-1.339941e-03
-1.019353e-03
-6.602477e-04
-4.287064e-04
-4.548835e-04
-5.672195e-04
-4.809360e-04
-2.420387e-04
-1.306602e-04
-4.279407e-05
1.267181e-04
2.901328e-04
3.516140e-04
2.609993e-04
1.509102e-04
3.713638e-06
-2.597672e-04
-4.390427e-04
-4.099790e-04
-3.330294e-04
-4.206879e-04
-5.752552e-04
-6.503993e-04
-6.588719e-04
-7.027673e-04
-9.188545e-04
-1.034510e-03
-1.067595e-03
-1.071862e-03
-1.091565e-03
-1.124895e-03
-1.077431e-03
-1.205914e-03
-1.399100e-03
-1.988086e-03
-1.565230e-03
-6.952443e-04
-1.518131e-03
-1.236912e-03
-1.613505e-04
-5.422657e-04
-1.070179e-03
-9.581224e-04
-9.533753e-04
-9.407049e-04
-5.745154e-05
-1.929187e-04
-1.129648e-03
-7.530108e-04
-1.062979e-05
3.184494e-04
3.709283e-04
-1.069664e-04
-8.009006e-04
-3.100030e-04
8.031415e-04
5.440917e-04
-7.345516e-04
-1.064327e-03
-1.423735e-04
-7.329787e-05
-2.763293e-04
5.531126e-04
6.916528e-04
6.261927e-04
6.728788e-04
1.617685e-04
1.220180e-04
3.574835e-04
3.046572e-04
-4.987742e-04
-5.304116e-04
6.264948e-04
5.422160e-04
3.178312e-05
-1.924505e-04
-5.597688e-04
-4.919610e-04
-2.545613e-04
-4.825269e-04
-1.118326e-03
-1.401755e-03
-1.234226e-03
-1.570646e-03
-2.524742e-03
-2.865775e-03
-2.813470e-03
-3.086454e-03
-3.176124e-03
-2.975026e-03
-2.671979e-03
-2.441925e-03
-2.530022e-03
-3.259913e-03
-3.726505e-03
-3.039070e-03
-2.855008e-03
-3.550238e-03
-3.538743e-03
-2.806363e-03
-2.355999e-03
-2.786041e-03
-3.159125e-03
-3.010897e-03
-3.152628e-03
-3.121573e-03
-2.927526e-03
-2.890921e-03
-2.894034e-03
-2.719911e-03
-2.234111e-03
-2.551112e-03
-2.788084e-03
-2.228535e-03
-2.336273e-03
-2.457680e-03
-2.177109e-03
-2.024651e-03
-1.570523e-03
-1.304521e-03
-1.499790e-03
-1.284452e-03
-9.021117e-04
-1.024526e-03
-1.259998e-03
-1.250958e-03
-9.976091e-04
-8.283321e-04
-7.566368e-04
-5.556247e-04
-7.125744e-04
-7.460529e-04
-4.825965e-04
-5.993189e-04
-4.665211e-04
-1.483783e-04
-1.814505e-04
-2.184550e-04
-5.950146e-05
1.151141e-04
1.111940e-04
2.174903e-04
3.059821e-04
2.621658e-04
6.281899e-04
9.191399e-04
7.987522e-04
1.049816e-03
1.363794e-03
1.059144e-03
6.269277e-04
5.646040e-04
6.736719e-04
6.671622e-04
6.164186e-04
6.833521e-04
7.806498e-04
7.231943e-04
5.252065e-04
5.331069e-04
9.782123e-04
1.342742e-03
1.373852e-03
1.657461e-03
2.116129e-03
2.186321e-03
1.965226e-03
1.843733e-03
1.979779e-03
2.241316e-03
2.489684e-03
2.820327e-03
3.233800e-03
3.491876e-03
3.650547e-03
3.711051e-03
3.395230e-03
3.032249e-03
3.157064e-03
3.579325e-03
3.703637e-03
3.605098e-03
3.701085e-03
3.823986e-03
3.769652e-03
3.524864e-03
3.328200e-03
3.437210e-03
3.702350e-03
3.906438e-03
3.878838e-03
3.758370e-03
3.794649e-03
3.872364e-03
3.770144e-03
3.497902e-03
3.415349e-03
3.605717e-03
3.735571e-03
3.683330e-03
3.545040e-03
3.552952e-03
3.625542e-03
3.467888e-03
3.341036e-03
3.417354e-03
3.481558e-03
3.518976e-03
3.464761e-03
3.271258e-03
3.203260e-03
3.368502e-03
3.589413e-03
3.703243e-03
3.792893e-03
4.068116e-03
4.240040e-03
4.011106e-03
3.763079e-03
3.704093e-03
3.609976e-03
3.550270e-03
3.790710e-03
4.196049e-03
4.476455e-03
4.645563e-03
4.761336e-03
4.795171e-03
4.776621e-03
4.779794e-03
4.889773e-03
5.140176e-03
5.485152e-03
5.856628e-03
6.128254e-03
6.124940e-03
5.903025e-03
5.745060e-03
5.802079e-03
5.983712e-03
6.222524e-03
6.599656e-03
6.920349e-03
7.041071e-03
7.144123e-03
7.163550e-03
7.085056e-03
7.087029e-03
7.196717e-03
7.373424e-03
7.595806e-03
7.862497e-03
8.071266e-03
8.177321e-03
8.230008e-03
8.172829e-03
8.073844e-03
8.075088e-03
8.195103e-03
8.386815e-03
8.507533e-03
8.553905e-03
8.636976e-03
8.789992e-03
8.942149e-03
8.959850e-03
9.047461e-03
9.356171e-03
9.641561e-03
9.808895e-03
9.974608e-03
1.018467e-02
1.037131e-02
1.049184e-02
1.055178e-02
1.063655e-02
1.076914e-02
1.087789e-02
1.094927e-02
1.094794e-02
1.090255e-02
1.087791e-02
1.089643e-02
1.091987e-02
1.093485e-02
1.099653e-02
1.107274e-02
1.124310e-02
1.152967e-02
1.172558e-02
1.173682e-02
1.160580e-02
1.145070e-02
1.132823e-02
1.112701e-02
1.096848e-02
1.103676e-02
1.114440e-02
1.110754e-02
1.098921e-02
1.086817e-02
1.070667e-02
1.052047e-02
1.034693e-02
1.017284e-02
1.004731e-02
9.946231e-03
9.779498e-03
9.561771e-03
9.333233e-03
9.097709e-03
8.906776e-03
8.682488e-03
8.348963e-03
8.102338e-03
7.961593e-03
7.770628e-03
7.483739e-03
7.063602e-03
6.631222e-03
6.364925e-03
6.217723e-03
6.026549e-03
5.754993e-03
5.599775e-03
5.596081e-03
5.500806e-03
5.303569e-03
5.179358e-03
5.146159e-03
5.088554e-03
4.946708e-03
4.755269e-03
4.571966e-03
4.477586e-03
4.468310e-03
4.488727e-03
4.537560e-03
4.581752e-03
4.648498e-03
4.781041e-03
4.807370e-03
4.621719e-03
4.397259e-03
4.270879e-03
4.184557e-03
4.031192e-03
3.831485e-03
3.670617e-03
3.553245e-03
3.446942e-03
3.370084e-03
3.341683e-03
3.286448e-03
3.189889e-03
3.092874e-03
2.970797e-03
2.850395e-03
2.806145e-03
2.877141e-03
3.016620e-03
3.130249e-03
3.123329e-03
3.005025e-03
2.899433e-03
2.783486e-03
2.598761e-03
2.437223e-03
2.363434e-03
2.395083e-03
2.503846e-03
2.575826e-03
2.527283e-03
2.347007e-03
2.087825e-03
1.831909e-03
1.629254e-03
1.512461e-03
1.500633e-03
1.516935e-03
1.507218e-03
1.453442e-03
1.298830e-03
1.134891e-03
9.096779e-04
5.446977e-04
2.738715e-04
1.601443e-04
1.318825e-04
1.772665e-04
2.160833e-04
1.846712e-04
4.795657e-05
-1.961623e-04
-4.853499e-04
-7.477295e-04
-9.274594e-04
-9.782499e-04
-8.617596e-04
-5.992149e-04
-3.749269e-04
-3.407495e-04
-4.658904e-04
-7.200063e-04
-1.038618e-03
-1.242719e-03
-1.260547e-03
-1.200678e-03
-1.069736e-03
-8.574872e-04
-7.050159e-04
-7.110691e-04
-8.347079e-04
-9.386149e-04
-9.243483e-04
-7.915226e-04
-6.292575e-04
-4.362790e-04
-1.457686e-04
1.325013e-04
2.752264e-04
2.486619e-04
9.483095e-05
-9.195710e-05
-2.251413e-04
-2.484857e-04
-1.705352e-04
-1.926871e-05
1.693734e-04
2.869349e-04
2.664634e-04
1.683687e-04
1.466272e-05
-1.044209e-04
-9.048387e-05
3.031565e-05
2.545665e-04
4.943215e-04
6.604713e-04
7.269293e-04
6.919181e-04
6.697314e-04
7.141884e-04
8.188549e-04
1.034812e-03
1.362937e-03
1.722731e-03
1.952578e-03
1.959714e-03
1.806673e-03
1.624582e-03
1.545086e-03
1.568036e-03
1.635143e-03
1.715851e-03
1.793706e-03
1.854740e-03
1.820128e-03
1.658972e-03
1.448416e-03
1.241808e-03
1.031652e-03
7.993210e-04
6.131676e-04
5.947287e-04
6.988422e-04
7.425448e-04
6.037858e-04
3.532196e-04
1.583480e-04
1.371600e-04
2.623713e-04
3.920701e-04
5.371352e-04
7.171532e-04
8.383758e-04
8.606404e-04
8.059015e-04
6.987378e-04
5.821724e-04
5.866001e-04
7.140551e-04
8.395304e-04
9.700408e-04
1.104885e-03
1.195409e-03
1.268543e-03
1.280049e-03
1.161570e-03
9.738259e-04
7.929460e-04
6.284184e-04
4.870982e-04
3.548834e-04
1.620565e-04
-9.154928e-05
-3.881100e-04
-6.618002e-04
-8.158342e-04
-8.556778e-04
-8.054736e-04
-7.012349e-04
-5.531381e-04
-4.102569e-04
-3.207972e-04
-2.838150e-04
-3.035616e-04
-3.882747e-04
-5.605352e-04
-6.941442e-04
-7.492043e-04
-8.487906e-04
-1.043754e-03
-1.341728e-03
-1.636117e-03
-1.807169e-03
-1.848199e-03
-1.838216e-03
-1.777588e-03
-1.562779e-03
-1.259365e-03
-1.033417e-03
-9.510050e-04
-9.138216e-04
-8.051036e-04
-6.978650e-04
-6.396430e-04
-5.963532e-04
-5.386482e-04
-4.266087e-04
-4.033665e-04
-6.481463e-04
-1.068265e-03
-1.417194e-03
-1.565381e-03
-1.553361e-03
-1.392712e-03
-1.013095e-03
-4.377317e-04
1.431014e-04
4.754395e-04
4.005252e-04
2.953904e-05
-3.868673e-04
-7.326656e-04
-9.950397e-04
-1.168775e-03
-1.239572e-03
-1.223083e-03
-1.157313e-03
-1.157487e-03
-1.343067e-03
-1.553055e-03
-1.567787e-03
-1.413409e-03
-1.242331e-03
-1.197907e-03
-1.321855e-03
-1.540654e-03
-1.771788e-03
-2.029700e-03
-2.381409e-03
-2.747424e-03
-2.900877e-03
-2.824983e-03
-2.738206e-03
-2.752605e-03
-2.837049e-03
-2.933557e-03
-3.010631e-03
-3.129009e-03
-3.358791e-03
-3.597854e-03
-3.730054e-03
-3.775385e-03
-3.767295e-03
-3.745319e-03
-3.717706e-03
-3.651023e-03
-3.532623e-03
-3.375303e-03
-3.194363e-03
-2.961986e-03
-2.683382e-03
-2.464176e-03
-2.313309e-03
-2.136030e-03
-1.953643e-03
-1.763793e-03
-1.563907e-03
-1.439121e-03
-1.364305e-03
-1.306473e-03
-1.291750e-03
-1.266125e-03
-1.178044e-03
-1.080609e-03
-9.993998e-04
-8.683447e-04
-6.919804e-04
-5.500656e-04
-4.179480e-04
-2.317791e-04
3.063823e-05
3.579656e-04
6.905956e-04
9.979299e-04
1.221499e-03
1.367184e-03
1.449291e-03
1.392548e-03
1.286590e-03
1.248189e-03
1.252337e-03
1.262011e-03
1.325809e-03
1.420880e-03
1.420795e-03
1.393774e-03
1.433808e-03
1.484063e-03
1.568001e-03
1.780177e-03
2.045305e-03
2.198814e-03
2.263554e-03
2.308495e-03
2.274507e-03
2.136018e-03
1.998006e-03
1.964662e-03
2.083700e-03
2.322080e-03
2.518147e-03
2.583862e-03
2.579956e-03
2.547885e-03
2.467317e-03
2.323428e-03
2.152786e-03
2.075274e-03
2.134557e-03
2.193705e-03
2.243392e-03
2.309744e-03
2.351276e-03
2.397499e-03
2.404277e-03
2.365582e-03
2.352950e-03
2.379576e-03
2.448225e-03
2.558879e-03
2.601307e-03
2.534830e-03
2.481292e-03
2.471504e-03
2.488527e-03
2.501770e-03
2.534512e-03
2.640832e-03
2.774346e-03
2.908927e-03
3.015511e-03
3.093178e-03
3.155578e-03
3.219369e-03
3.289160e-03
3.309172e-03
3.343148e-03
3.360489e-03
3.240448e-03
3.001637e-03
2.683527e-03
2.481431e-03
2.543622e-03
2.760712e-03
3.022307e-03
3.274542e-03
3.456675e-03
3.466644e-03
3.295348e-03
3.051468e-03
2.804329e-03
2.558818e-03
2.333065e-03
2.187276e-03
2.120856e-03
2.069200e-03
2.032508e-03
2.005506e-03
1.997355e-03
2.066611e-03
2.105636e-03
2.016910e-03
1.852436e-03
1.707811e-03
1.639945e-03
1.586880e-03
1.512576e-03
1.372531e-03
1.206447e-03
1.141612e-03
1.143051e-03
1.166030e-03
1.227875e-03
1.324130e-03
1.417812e-03
1.470857e-03
1.487216e-03
1.432223e-03
1.262071e-03
1.058572e-03
9.629114e-04
9.662873e-04
9.903727e-04
1.041813e-03
1.113374e-03
1.201199e-03
1.288431e-03
1.325304e-03
1.348049e-03
1.373003e-03
1.397895e-03
1.481780e-03
1.629510e-03
1.750528e-03
1.781626e-03
1.766253e-03
1.748941e-03
1.757299e-03
1.753777e-03
1.651434e-03
1.514495e-03
1.421086e-03
1.322442e-03
1.187709e-03
1.044471e-03
9.361766e-04
8.874364e-04
8.900315e-04
9.428946e-04
1.064200e-03
1.250631e-03
1.385814e-03
1.410459e-03
1.449105e-03
1.525726e-03
1.557549e-03
1.488336e-03
1.317489e-03
1.164031e-03
1.130888e-03
1.148959e-03
1.108819e-03
1.035977e-03
9.659826e-04
8.970121e-04
8.164996e-04
6.924497e-04
5.501895e-04
4.822728e-04
5.844582e-04
7.964461e-04
9.962940e-04
1.144439e-03
1.223956e-03
1.209174e-03
1.072856e-03
8.868176e-04
7.070670e-04
5.228666e-04
3.918984e-04
3.230378e-04
2.712918e-04
2.294359e-04
1.834070e-04
1.266109e-04
7.368751e-05
6.678196e-05
1.694781e-04
3.233826e-04
3.890014e-04
3.510194e-04
2.113227e-04
-3.941471e-05
-3.111971e-04
-5.603968e-04
-7.847977e-04
-9.212141e-04
-9.728164e-04
-1.003367e-03
-1.063114e-03
-1.229862e-03
-1.500034e-03
-1.785603e-03
-2.027477e-03
-2.221070e-03
-2.343361e-03
-2.342697e-03
-2.307043e-03
-2.321696e-03
-2.383603e-03
-2.515402e-03
-2.643819e-03
-2.692802e-03
-2.714004e-03
-2.754031e-03
-2.843569e-03
-3.008345e-03
-3.221391e-03
-3.463383e-03
-3.715189e-03
-3.882074e-03
-3.881186e-03
-3.719769e-03
-3.443451e-03
-3.167973e-03
-3.036894e-03
-3.082639e-03
-3.270163e-03
-3.550245e-03
-3.828593e-03
-4.023467e-03
-4.088935e-03
-3.966772e-03
-3.713504e-03
-3.516293e-03
-3.477364e-03
-3.589224e-03
-3.806098e-03
-4.042562e-03
-4.229731e-03
-4.327616e-03
-4.308139e-03
-4.230359e-03
-4.204148e-03
-4.285981e-03
-4.480166e-03
-4.701903e-03
-4.874379e-03
-4.999796e-03
-5.043836e-03
-4.976387e-03
-4.841664e-03
-4.771809e-03
-4.894005e-03
-5.196505e-03
-5.550921e-03
-5.851783e-03
-6.132744e-03
-6.372990e-03
-6.472855e-03
-6.464540e-03
-6.408409e-03
-6.363786e-03
-6.424873e-03
-6.603327e-03
-6.801345e-03
-6.947820e-03
-7.036720e-03
-7.044753e-03
-6.985001e-03
-6.939882e-03
-6.956499e-03
-7.005328e-03
-7.050763e-03
-7.047417e-03
-6.940435e-03
-6.761449e-03
-6.578141e-03
-6.415093e-03
-6.327025e-03
-6.352547e-03
-6.453589e-03
-6.588288e-03
-6.697320e-03
-6.710711e-03
-6.605909e-03
-6.415101e-03
-6.188005e-03
-6.005890e-03
-5.942982e-03
-5.905321e-03
-5.823504e-03
-5.732156e-03
-5.548354e-03
-5.245718e-03
-4.899100e-03
-4.563180e-03
-4.335359e-03
-4.252006e-03
-4.246070e-03
-4.262961e-03
-4.306433e-03
-4.370473e-03
-4.414919e-03
-4.452580e-03
-4.469781e-03
-4.424251e-03
-4.332666e-03
-4.265834e-03
-4.284346e-03
-4.377696e-03
-4.486829e-03
-4.459961e-03
-4.335782e-03
-4.273160e-03
-4.290797e-03
-4.393582e-03
-4.490682e-03
-4.616309e-03
-4.778303e-03
-5.002159e-03
-5.076529e-03
-4.962432e-03
-5.072808e-03
-4.864154e-03
-4.795848e-03
-5.000357e-03
-4.558391e-03
-4.720150e-03
-5.199223e-03
-5.652337e-03
-6.680871e-03
-6.473472e-03
-5.804229e-03
-5.933749e-03
-5.590086e-03
-5.421990e-03
-5.688820e-03
-5.167327e-03
-4.366044e-03
-4.522079e-03
-5.132575e-03
-4.858767e-03
-4.176893e-03
-4.095593e-03
-4.205586e-03
-4.237514e-03
-4.417728e-03
-4.381547e-03
-4.089851e-03
-4.130806e-03
-4.397331e-03
-4.673843e-03
-5.061718e-03
-5.048055e-03
-4.406872e-03
-3.977740e-03
-3.811225e-03
-3.272356e-03
-2.935256e-03
-2.975297e-03
-2.904530e-03
-2.836101e-03
-2.826703e-03
-2.951527e-03
-2.909381e-03
-2.558503e-03
-2.578245e-03
-2.707873e-03
-2.323296e-03
-2.221137e-03
-2.779319e-03
-2.976392e-03
-2.506542e-03
-2.261580e-03
-2.604805e-03
-2.751195e-03
-2.252391e-03
-1.799409e-03
-2.035986e-03
-2.518022e-03
-2.453399e-03
-1.913009e-03
-1.625125e-03
-1.832436e-03
-2.208973e-03
-2.375594e-03
-2.237357e-03
-2.278119e-03
-2.640310e-03
-2.964219e-03
-3.055199e-03
-2.865252e-03
-2.725360e-03
-2.905281e-03
-3.059288e-03
-2.879709e-03
-2.529515e-03
-2.322657e-03
-2.287766e-03
-2.186979e-03
-2.239615e-03
-2.665662e-03
-2.932153e-03
-2.629736e-03
-2.349992e-03
-2.440797e-03
-2.203932e-03
-1.734151e-03
-1.644975e-03
-1.848638e-03
-1.996037e-03
-2.121375e-03
-2.404468e-03
-2.546734e-03
-2.447956e-03
-2.045992e-03
-1.727227e-03
-1.929596e-03
-1.986390e-03
-1.663904e-03
-1.265639e-03
-1.041254e-03
-1.097546e-03
-9.763530e-04
-5.477797e-04
-3.126630e-04
-2.927371e-04
-2.742326e-04
-3.690220e-04
-4.404651e-04
-3.851077e-04
-2.924647e-04
-2.444921e-04
-1.235820e-04
5.394735e-05
-7.867703e-05
-3.919148e-04
-6.046882e-04
-5.332326e-04
-2.600760e-04
-1.854972e-04
-2.470134e-04
-1.743631e-04
1.434144e-04
4.047006e-04
2.702317e-04
1.650725e-04
3.583966e-04
5.718230e-04
7.730736e-04
1.016180e-03
1.143086e-03
9.904216e-04
7.781487e-04
7.266850e-04
7.569023e-04
1.002271e-03
1.357916e-03
1.653352e-03
2.022982e-03
2.300325e-03
2.500788e-03
2.767179e-03
2.854834e-03
2.631343e-03
2.488098e-03
2.636520e-03
2.684605e-03
2.619922e-03
2.590117e-03
2.604740e-03
2.697511e-03
2.615195e-03
2.414091e-03
2.452825e-03
2.702234e-03
2.873884e-03
2.994498e-03
3.089104e-03
2.870928e-03
2.510249e-03
2.363597e-03
2.262783e-03
2.018035e-03
1.801050e-03
1.837507e-03
2.007127e-03
2.022274e-03
1.917606e-03
1.748736e-03
1.398662e-03
9.952385e-04
7.218603e-04
5.464531e-04
5.276543e-04
7.158700e-04
9.203791e-04
1.020002e-03
1.028453e-03
1.011887e-03
1.053040e-03
1.157861e-03
1.339435e-03
1.544973e-03
1.688948e-03
1.791740e-03
1.891402e-03
1.926810e-03
1.792261e-03
1.680372e-03
1.800384e-03
2.106401e-03
2.536666e-03
2.870900e-03
3.010148e-03
2.956882e-03
2.653477e-03
2.388874e-03
2.377701e-03
2.486292e-03
2.601207e-03
2.729544e-03
2.856844e-03
2.914305e-03
2.915676e-03
2.859228e-03
2.739179e-03
2.633029e-03
2.564491e-03
2.479846e-03
2.343359e-03
2.155879e-03
1.935033e-03
1.732108e-03
1.573272e-03
1.519328e-03
1.580708e-03
1.631095e-03
1.650940e-03
1.631179e-03
1.517220e-03
1.352845e-03
1.220398e-03
1.204127e-03
1.340129e-03
1.566685e-03
1.730958e-03
1.691769e-03
1.521079e-03
1.353208e-03
1.204658e-03
1.216220e-03
1.347439e-03
1.440038e-03
1.671261e-03
1.969426e-03
2.084013e-03
2.038705e-03
1.933689e-03
1.858895e-03
1.845182e-03
1.860494e-03
1.865670e-03
1.905300e-03
2.073557e-03
2.364406e-03
2.598573e-03
2.586797e-03
2.487859e-03
2.500320e-03
2.527491e-03
2.572346e-03
2.683729e-03
2.755378e-03
2.829784e-03
2.925981e-03
2.861151e-03
2.728036e-03
2.650900e-03
2.500773e-03
2.370239e-03
2.408622e-03
2.561646e-03
2.652293e-03
2.616074e-03
2.582172e-03
2.572840e-03
2.572559e-03
2.559383e-03
2.537044e-03
2.502053e-03
2.434182e-03
2.498947e-03
2.666836e-03
2.740523e-03
2.704068e-03
2.594071e-03
2.492967e-03
2.416627e-03
2.412053e-03
2.578725e-03
2.795817e-03
2.995567e-03
3.155945e-03
3.172112e-03
3.110940e-03
3.065504e-03
3.025097e-03
3.054928e-03
3.289205e-03
3.665928e-03
3.917832e-03
4.043429e-03
4.151022e-03
4.123991e-03
4.044901e-03
4.015043e-03
3.926810e-03
3.857941e-03
3.952405e-03
4.103781e-03
4.117870e-03
3.992783e-03
3.812048e-03
3.655157e-03
3.568749e-03
3.516974e-03
3.471105e-03
3.558227e-03
3.840017e-03
4.015097e-03
3.997903e-03
3.997664e-03
3.983649e-03
3.845758e-03
3.686118e-03
3.664022e-03
3.729967e-03
3.819763e-03
3.943515e-03
4.054665e-03
4.102343e-03
4.096318e-03
4.054480e-03
3.955878e-03
3.811289e-03
3.676026e-03
3.714515e-03
3.970786e-03
4.163667e-03
4.153800e-03
4.139369e-03
4.184311e-03
4.135158e-03
4.045437e-03
4.033237e-03
4.006916e-03
3.878822e-03
3.701093e-03
3.630995e-03
3.710400e-03
3.755092e-03
3.691995e-03
3.638391e-03
3.641180e-03
3.653023e-03
3.685896e-03
3.796871e-03
3.848168e-03
3.749095e-03
3.654031e-03
3.634888e-03
3.687288e-03
3.754696e-03
3.824914e-03
3.909591e-03
3.966114e-03
4.065656e-03
4.155800e-03
4.179396e-03
4.151356e-03
4.069809e-03
4.072623e-03
4.156681e-03
4.251191e-03
4.356635e-03
4.441063e-03
4.531866e-03
4.573442e-03
4.484301e-03
4.311195e-03
4.161072e-03
4.120409e-03
4.130994e-03
4.139233e-03
4.157506e-03
4.153875e-03
4.157052e-03
4.224222e-03
4.324560e-03
4.363345e-03
4.338556e-03
4.400749e-03
4.638247e-03
4.950681e-03
5.196497e-03
5.391353e-03
5.621356e-03
5.844939e-03
6.033460e-03
6.259632e-03
6.454248e-03
6.477636e-03
6.448098e-03
6.575608e-03
6.832915e-03
7.070812e-03
7.258054e-03
7.484877e-03
7.752039e-03
7.908572e-03
7.919597e-03
7.905831e-03
7.943690e-03
8.025537e-03
8.163964e-03
8.395206e-03
8.654470e-03
8.854141e-03
8.989828e-03
9.038569e-03
8.940499e-03
8.758380e-03
8.706931e-03
8.836792e-03
8.941791e-03
8.933571e-03
8.890269e-03
8.892751e-03
9.012788e-03
9.108376e-03
8.747963e-03
8.271787e-03
8.419703e-03
8.555575e-03
8.394387e-03
8.497090e-03
8.596835e-03
8.539083e-03
8.410451e-03
8.068038e-03
7.457048e-03
7.141465e-03
7.470800e-03
7.464338e-03
6.924945e-03
6.813110e-03
7.077300e-03
7.228847e-03
7.255195e-03
6.991446e-03
6.745810e-03
6.926870e-03
7.137242e-03
7.236721e-03
7.348789e-03
7.323928e-03
7.004091e-03
6.770000e-03
6.797454e-03
6.788948e-03
6.982225e-03
7.217652e-03
7.349334e-03
7.591747e-03
7.664268e-03
7.541232e-03
7.346379e-03
7.090893e-03
7.054471e-03
7.498908e-03
7.809986e-03
7.459314e-03
7.309928e-03
7.648137e-03
7.663535e-03
7.500680e-03
7.671708e-03
7.663767e-03
7.104502e-03
6.682845e-03
6.906015e-03
7.023524e-03
6.665356e-03
6.821402e-03
7.547208e-03
7.796674e-03
7.440445e-03
7.191992e-03
7.178627e-03
7.048925e-03
7.041406e-03
7.141273e-03
7.163160e-03
7.339235e-03
7.517761e-03
7.748306e-03
7.986019e-03
7.717008e-03
7.151262e-03
6.935734e-03
7.112169e-03
7.156118e-03
6.987030e-03
6.877235e-03
6.986652e-03
7.432024e-03
7.705774e-03
7.436400e-03
7.157217e-03
7.323604e-03
7.750765e-03
7.950122e-03
7.835336e-03
7.705157e-03
7.589610e-03
7.437204e-03
7.485257e-03
7.585410e-03
7.361925e-03
7.137418e-03
7.026323e-03
6.997265e-03
7.138300e-03
7.059579e-03
6.968323e-03
7.055024e-03
6.920096e-03
6.772832e-03
6.932266e-03
7.096651e-03
6.971086e-03
6.744033e-03
6.616754e-03
6.754570e-03
7.160310e-03
7.444687e-03
7.458303e-03
7.398813e-03
7.438314e-03
7.526809e-03
7.505143e-03
7.366112e-03
7.237640e-03
7.242166e-03
7.324149e-03
7.259103e-03
6.964303e-03
6.697392e-03
6.604562e-03
6.501712e-03
6.262202e-03
6.081953e-03
6.231522e-03
6.387974e-03
6.317565e-03
6.250837e-03
6.115856e-03
6.087649e-03
6.195817e-03
6.042714e-03
5.808209e-03
5.721431e-03
5.787820e-03
5.885635e-03
5.831949e-03
5.746021e-03
5.615532e-03
5.475539e-03
5.496135e-03
5.588529e-03
5.620870e-03
5.568768e-03
5.569997e-03
5.646857e-03
5.648463e-03
5.614123e-03
5.655706e-03
5.704466e-03
5.714294e-03
5.835392e-03
6.021853e-03
6.113245e-03
6.178362e-03
6.335986e-03
6.492694e-03
6.441160e-03
6.345776e-03
6.391196e-03
6.456907e-03
6.520343e-03
6.598805e-03
6.739647e-03
6.886440e-03
6.838035e-03
6.706494e-03
6.673093e-03
6.712563e-03
6.780262e-03
6.793268e-03
6.791386e-03
6.761734e-03
6.596217e-03
6.436985e-03
6.365960e-03
6.321698e-03
6.240146e-03
6.166930e-03
6.251605e-03
6.398579e-03
6.437530e-03
6.441009e-03
6.475285e-03
6.422416e-03
6.377200e-03
6.411406e-03
6.391609e-03
6.380843e-03
6.401176e-03
6.427122e-03
6.410455e-03
6.343710e-03
6.346592e-03
6.399167e-03
6.439925e-03
6.451759e-03
6.500180e-03
6.531853e-03
6.434788e-03
6.330968e-03
6.293761e-03
6.313765e-03
6.307124e-03
6.267474e-03
6.404248e-03
6.600307e-03
6.580934e-03
6.472135e-03
6.463113e-03
6.472663e-03
6.429893e-03
6.456679e-03
6.573725e-03
6.699706e-03
6.813094e-03
6.878821e-03
6.898415e-03
6.830570e-03
6.680693e-03
6.631811e-03
6.687556e-03
6.701900e-03
6.719967e-03
6.766884e-03
6.718290e-03
6.495707e-03
6.214316e-03
6.139336e-03
6.268801e-03
6.356054e-03
6.321263e-03
6.254483e-03
6.188338e-03
6.113037e-03
6.072625e-03
5.969564e-03
5.847578e-03
5.865143e-03
5.870059e-03
5.863568e-03
5.953348e-03
5.975119e-03
5.885237e-03
5.850559e-03
5.908544e-03
5.929153e-03
5.847113e-03
5.696240e-03
5.496140e-03
5.307948e-03
5.212918e-03
5.179500e-03
5.195981e-03
5.271478e-03
5.379900e-03
5.533401e-03
5.608052e-03
5.488907e-03
5.332777e-03
5.307516e-03
5.313945e-03
5.274054e-03
5.340508e-03
5.533962e-03
5.672818e-03
5.619290e-03
5.471064e-03
5.355388e-03
5.203450e-03
5.050317e-03
4.937675e-03
4.824080e-03
4.785522e-03
4.841682e-03
4.791166e-03
4.479918e-03
4.013955e-03
3.564200e-03
3.262916e-03
2.988623e-03
2.585231e-03
2.300553e-03
2.211870e-03
1.987524e-03
1.495909e-03
9.702083e-04
5.780747e-04
3.075663e-04
1.499036e-04
-4.421246e-05
-3.511068e-04
-6.652536e-04
-1.023024e-03
-1.419395e-03
-1.805941e-03
-2.142763e-03
-2.336316e-03
-2.493648e-03
-2.704098e-03
-2.883676e-03
-3.023731e-03
-3.216849e-03
-3.480091e-03
-3.742134e-03
-3.998659e-03
-4.229746e-03
-4.466886e-03
-4.757725e-03
-5.062528e-03
-5.388850e-03
-5.688186e-03
-5.920461e-03
-6.133695e-03
-6.343238e-03
-6.504658e-03
-6.604509e-03
-6.720013e-03
-6.920158e-03
-7.244585e-03
-7.634576e-03
-7.928857e-03
-8.111540e-03
-8.355786e-03
-8.676711e-03
-8.938047e-03
-9.140741e-03
-9.297370e-03
-9.489834e-03
-9.845754e-03
-1.025515e-02
-1.054628e-02
-1.072308e-02
-1.091649e-02
-1.114562e-02
-1.130666e-02
-1.145912e-02
-1.175356e-02
-1.208988e-02
-1.229403e-02
-1.246285e-02
-1.270864e-02
-1.299502e-02
-1.329853e-02
-1.351181e-02
-1.359437e-02
-1.372085e-02
-1.390561e-02
-1.403418e-02
-1.410142e-02
-1.416340e-02
-1.428533e-02
-1.445259e-02
-1.460310e-02
-1.468069e-02
-1.472198e-02
-1.479776e-02
-1.487622e-02
-1.498483e-02
-1.514214e-02
-1.527658e-02
-1.543854e-02
-1.570201e-02
-1.600464e-02
-1.621367e-02
-1.625371e-02
-1.617908e-02
-1.609106e-02
-1.607641e-02
-1.611792e-02
-1.616572e-02
-1.625202e-02
-1.632244e-02
-1.633204e-02
-1.633274e-02
-1.631445e-02
-1.627792e-02
-1.625136e-02
-1.626108e-02
-1.633683e-02
-1.645871e-02
-1.658062e-02
-1.660358e-02
-1.651165e-02
-1.641840e-02
-1.635510e-02
-1.633605e-02
-1.638027e-02
-1.645344e-02
-1.652340e-02
-1.660926e-02
-1.672543e-02
-1.677429e-02
-1.672862e-02
-1.669883e-02
-1.681483e-02
-1.706177e-02
-1.725888e-02
-1.735289e-02
-1.737749e-02
-1.738066e-02
-1.733252e-02
-1.717704e-02
-1.703980e-02
-1.698283e-02
-1.699798e-02
-1.706196e-02
-1.712349e-02
-1.718298e-02
-1.713641e-02
-1.691477e-02
-1.663342e-02
-1.639890e-02
-1.623706e-02
-1.615006e-02
-1.614398e-02
-1.623027e-02
-1.636086e-02
-1.641836e-02
-1.634368e-02
-1.614627e-02
-1.588268e-02
-1.567028e-02
-1.553140e-02
-1.542495e-02
-1.537910e-02
-1.539562e-02
-1.542246e-02
-1.539127e-02
-1.526347e-02
-1.507619e-02
-1.490356e-02
-1.481014e-02
-1.480742e-02
-1.487787e-02
-1.498157e-02
-1.506566e-02
-1.508488e-02
-1.498061e-02
-1.474749e-02
-1.453231e-02
-1.448450e-02
-1.454562e-02
-1.464324e-02
-1.477109e-02
-1.484721e-02
-1.482420e-02
-1.478261e-02
-1.481015e-02
-1.486086e-02
-1.489462e-02
-1.495893e-02
-1.505256e-02
-1.509013e-02
-1.497948e-02
-1.471868e-02
-1.438674e-02
-1.410354e-02
-1.387038e-02
-1.368383e-02
-1.369192e-02
-1.385190e-02
-1.389682e-02
-1.374888e-02
-1.364205e-02
-1.365749e-02
-1.361897e-02
-1.357218e-02
-1.358890e-02
-1.357021e-02
-1.353910e-02
-1.352847e-02
-1.344533e-02
-1.324851e-02
-1.310214e-02
-1.312579e-02
-1.308021e-02
-1.288390e-02
-1.275833e-02
-1.273020e-02
-1.272265e-02
-1.268612e-02
-1.256763e-02
-1.240253e-02
-1.227071e-02
-1.213538e-02
-1.196263e-02
-1.181752e-02
-1.164161e-02
-1.134867e-02
-1.103374e-02
-1.083371e-02
-1.074322e-02
-1.069250e-02
-1.065690e-02
-1.060324e-02
-1.051926e-02
-1.044126e-02
-1.037331e-02
-1.019509e-02
-9.824091e-03
-9.404828e-03
-9.092632e-03
-8.930994e-03
-8.916981e-03
-8.969502e-03
-8.982318e-03
-8.937170e-03
-8.835204e-03
-8.623890e-03
-8.352510e-03
-8.171686e-03
-8.152136e-03
-8.208234e-03
-8.219329e-03
-8.211391e-03
-8.214967e-03
-8.161545e-03
-8.028351e-03
-7.837749e-03
-7.638715e-03
-7.517875e-03
-7.550206e-03
-7.665515e-03
-7.704052e-03
-7.656403e-03
-7.513201e-03
-7.285912e-03
-7.067522e-03
-6.848588e-03
-6.668984e-03
-6.592474e-03
-6.591701e-03
-6.596241e-03
-6.580353e-03
-6.636411e-03
-6.707355e-03
-6.641781e-03
-6.472983e-03
-6.273032e-03
-6.073283e-03
-5.891231e-03
-5.750908e-03
-5.644265e-03
-5.568561e-03
-5.567930e-03
-5.565120e-03
-5.478394e-03
-5.352997e-03
-5.271687e-03
-5.224442e-03
-5.168187e-03
-5.110977e-03
-5.015082e-03
-4.944631e-03
-4.943599e-03
-4.956322e-03
-4.972743e-03
-4.922947e-03
-4.793201e-03
-4.645863e-03
-4.537120e-03
-4.505062e-03
-4.515969e-03
-4.556233e-03
-4.616071e-03
-4.613025e-03
-4.511562e-03
-4.380586e-03
-4.261543e-03
-4.147526e-03
-4.079297e-03
-4.072594e-03
-4.037332e-03
-3.919941e-03
-3.780155e-03
-3.637892e-03
-3.455989e-03
-3.287091e-03
-3.239323e-03
-3.313742e-03
-3.414537e-03
-3.476232e-03
-3.449052e-03
-3.274018e-03
-2.988595e-03
-2.704503e-03
-2.497792e-03
-2.393963e-03
-2.404313e-03
-2.520381e-03
-2.649452e-03
-2.663674e-03
-2.537980e-03
-2.337582e-03
-2.136271e-03
-1.978103e-03
-1.868597e-03
-1.832830e-03
-1.870511e-03
-1.937037e-03
-2.029839e-03
-2.089022e-03
-2.048760e-03
-1.974313e-03
-1.931838e-03
-1.914452e-03
-1.883250e-03
-1.836051e-03
-1.786146e-03
-1.715344e-03
-1.635939e-03
-1.549187e-03
-1.438502e-03
-1.344072e-03
-1.296850e-03
-1.294376e-03
-1.331605e-03
-1.353001e-03
-1.322538e-03
-1.259374e-03
-1.201855e-03
-1.195462e-03
-1.188017e-03
-1.120133e-03
-1.024964e-03
-9.349024e-04
-8.698292e-04
-7.886418e-04
-6.724110e-04
-6.303594e-04
-6.898674e-04
-7.303226e-04
-6.762249e-04
-5.476630e-04
-4.053667e-04
-2.690896e-04
-7.698057e-05
2.032257e-04
5.055127e-04
7.085777e-04
7.755521e-04
8.115452e-04
9.076487e-04
1.031285e-03
1.113677e-03
1.167308e-03
1.210966e-03
1.207648e-03
1.109524e-03
9.377057e-04
8.116956e-04
8.061984e-04
8.804464e-04
9.710933e-04
1.044302e-03
1.065604e-03
1.037721e-03
9.870608e-04
8.605605e-04
6.482726e-04
5.003509e-04
5.415517e-04
7.042213e-04
8.006425e-04
7.060393e-04
5.252365e-04
4.744486e-04
4.534770e-04
3.062193e-04
2.179503e-04
2.067529e-04
1.738392e-04
1.673544e-04
1.607713e-04
1.706470e-04
1.758180e-04
8.732312e-05
-8.986437e-05
-2.095686e-04
-2.029686e-04
-1.515895e-04
-1.288354e-05
4.072443e-05
-6.470125e-05
-1.196138e-05
1.189618e-05
-2.272787e-04
-4.112159e-04
-4.558178e-04
-4.567257e-04
-3.440361e-04
-1.694058e-04
1.015830e-05
2.118204e-04
2.717930e-04
5.684302e-05
-2.403012e-04
-4.520160e-04
-6.003164e-04
-6.726661e-04
-5.977545e-04
-3.945295e-04
-2.105573e-04
-1.277396e-04
-2.525850e-04
-5.406919e-04
-7.545200e-04
-9.443564e-04
-1.082486e-03
-1.026124e-03
-8.805572e-04
-6.918382e-04
-5.735063e-04
-7.001648e-04
-9.056981e-04
-1.070737e-03
-1.316770e-03
-1.497914e-03
-1.476489e-03
-1.373928e-03
-1.193568e-03
-1.019579e-03
-1.015704e-03
-1.144150e-03
-1.299389e-03
-1.462137e-03
-1.644823e-03
-1.723811e-03
-1.651462e-03
-1.595975e-03
-1.591148e-03
-1.529245e-03
-1.478415e-03
-1.540678e-03
-1.562942e-03
-1.509302e-03
-1.528943e-03
-1.513467e-03
-1.350871e-03
-1.127361e-03
-9.094078e-04
-7.013616e-04
-5.534176e-04
-5.562940e-04
-6.567444e-04
-7.715242e-04
-8.839596e-04
-9.474282e-04
-9.609875e-04
-9.172610e-04
-8.060345e-04
-6.878649e-04
-5.759491e-04
-4.828836e-04
-4.291844e-04
-3.646335e-04
-2.845517e-04
-1.923640e-04
-9.068067e-05
-3.759255e-05
2.525315e-05
1.749216e-04
3.089495e-04
3.408681e-04
3.361905e-04
3.699124e-04
4.264949e-04
4.373160e-04
4.360885e-04
4.946963e-04
5.322232e-04
4.919145e-04
4.401153e-04
4.173715e-04
4.102702e-04
4.335959e-04
4.958604e-04
5.672467e-04
6.493547e-04
6.938075e-04
6.470488e-04
5.952904e-04
5.991203e-04
5.751986e-04
4.895932e-04
3.944506e-04
3.397517e-04
3.679019e-04
3.923378e-04
3.411197e-04
3.117008e-04
3.411850e-04
3.674028e-04
3.671026e-04
4.092134e-04
4.805541e-04
4.915974e-04
4.808415e-04
4.955072e-04
5.889880e-04
7.738505e-04
9.294687e-04
9.621708e-04
9.505532e-04
1.014954e-03
1.081261e-03
1.055756e-03
1.009455e-03
1.040911e-03
1.089758e-03
1.080788e-03
1.063575e-03
1.092699e-03
1.225538e-03
1.432043e-03
1.600554e-03
1.711235e-03
1.861395e-03
2.058052e-03
2.150250e-03
2.117837e-03
2.076190e-03
2.107796e-03
2.219390e-03
2.352545e-03
2.464865e-03
2.578195e-03
2.704527e-03
2.782295e-03
2.785969e-03
2.777721e-03
2.849525e-03
3.016016e-03
3.201857e-03
3.357178e-03
3.457162e-03
3.528726e-03
3.650607e-03
3.850522e-03
4.049659e-03
4.150055e-03
4.203483e-03
4.296139e-03
4.421113e-03
4.542329e-03
4.656050e-03
4.797212e-03
4.969579e-03
5.191607e-03
5.413229e-03
5.505258e-03
5.509040e-03
5.512150e-03
5.506248e-03
5.519711e-03
5.602039e-03
5.760107e-03
5.967738e-03
6.181192e-03
6.341089e-03
6.369875e-03
6.267374e-03
6.173539e-03
6.182775e-03
6.232013e-03
6.289311e-03
6.427263e-03
6.639003e-03
6.818621e-03
6.911090e-03
6.940326e-03
6.935626e-03
6.894476e-03
6.806805e-03
6.714100e-03
6.724038e-03
6.815431e-03
6.863844e-03
6.813974e-03
6.613869e-03
6.356468e-03
6.193747e-03
6.125377e-03
6.156039e-03
6.247383e-03
6.313973e-03
6.381648e-03
6.485637e-03
6.568953e-03
6.583904e-03
6.551528e-03
6.507035e-03
6.498875e-03
6.564778e-03
6.649790e-03
6.681656e-03
6.705903e-03
6.772782e-03
6.829054e-03
6.866013e-03
6.933830e-03
6.994406e-03
6.939441e-03
6.775117e-03
6.622554e-03
6.526405e-03
6.462541e-03
6.499451e-03
6.689490e-03
6.864208e-03
6.840106e-03
6.671384e-03
6.459841e-03
6.180774e-03
5.892296e-03
5.751497e-03
5.777822e-03
5.846936e-03
5.884630e-03
5.897809e-03
5.818311e-03
5.592984e-03
5.288666e-03
5.064874e-03
5.027611e-03
5.111921e-03
5.251045e-03
5.381839e-03
5.444191e-03
5.408715e-03
5.329333e-03
5.301565e-03
5.258063e-03
5.199581e-03
5.210465e-03
5.253653e-03
5.254421e-03
5.170832e-03
5.060227e-03
4.985597e-03
4.920417e-03
4.823408e-03
4.730784e-03
4.685453e-03
4.625208e-03
4.540657e-03
4.500064e-03
4.523569e-03
4.563658e-03
4.565116e-03
4.537492e-03
4.515693e-03
4.511762e-03
4.502241e-03
4.511541e-03
4.547741e-03
4.542016e-03
4.516580e-03
4.504841e-03
4.472193e-03
4.426358e-03
4.361648e-03
4.205827e-03
3.970443e-03
3.789881e-03
3.738094e-03
3.751281e-03
3.777293e-03
3.805015e-03
3.849547e-03
3.926486e-03
3.962523e-03
3.938568e-03
3.898174e-03
3.836234e-03
3.782754e-03
3.780627e-03
3.821824e-03
3.888035e-03
3.963587e-03
4.008691e-03
4.040189e-03
4.117222e-03
4.234096e-03
4.359158e-03
4.485841e-03
4.652754e-03
4.853173e-03
5.007417e-03
5.099928e-03
5.179667e-03
5.250968e-03
5.296461e-03
5.337392e-03
5.420779e-03
5.579817e-03
5.766977e-03
5.938455e-03
6.080093e-03
6.184989e-03
6.289597e-03
6.393087e-03
6.468312e-03
6.519310e-03
6.581887e-03
6.702860e-03
6.889619e-03
7.096562e-03
7.248838e-03
7.327636e-03
7.350340e-03
7.345988e-03
7.368456e-03
7.453314e-03
7.622706e-03
7.855067e-03
8.088149e-03
8.299053e-03
8.488496e-03
8.605640e-03
8.627794e-03
8.611774e-03
8.580444e-03
8.530372e-03
8.492869e-03
8.497777e-03
8.518690e-03
8.543088e-03
8.619164e-03
8.734581e-03
8.873036e-03
9.082501e-03
9.336909e-03
9.568259e-03
9.760096e-03
9.904776e-03
9.980553e-03
9.991141e-03
9.966828e-03
9.920479e-03
9.915097e-03
1.000569e-02
1.012315e-02
1.019955e-02
1.023851e-02
1.025988e-02
1.026959e-02
1.025439e-02
1.018238e-02
1.004711e-02
9.890541e-03
9.729886e-03
9.565445e-03
9.424639e-03
9.308132e-03
9.196630e-03
9.134536e-03
9.174451e-03
9.260894e-03
9.365646e-03
9.526742e-03
9.659235e-03
9.609798e-03
9.365036e-03
9.045965e-03
8.770801e-03
8.549665e-03
8.312697e-03
8.044687e-03
7.780609e-03
7.558403e-03
7.406178e-03
7.249763e-03
7.044965e-03
6.881064e-03
6.740481e-03
6.572142e-03
6.433936e-03
6.277335e-03
6.031578e-03
5.763412e-03
5.520725e-03
5.307717e-03
5.106354e-03
4.903692e-03
4.730634e-03
4.574992e-03
4.440528e-03
4.353750e-03
4.318607e-03
4.337082e-03
4.330584e-03
4.252727e-03
4.143647e-03
4.004249e-03
3.870118e-03
3.757043e-03
3.636746e-03
3.565157e-03
3.547207e-03
3.556971e-03
3.513404e-03
3.304999e-03
3.055995e-03
2.872441e-03
2.739761e-03
2.608971e-03
2.433025e-03
2.343494e-03
2.345912e-03
2.300944e-03
2.216345e-03
2.103405e-03
1.964590e-03
1.891568e-03
1.935805e-03
2.078962e-03
2.277037e-03
2.432224e-03
2.481443e-03
2.463033e-03
2.407341e-03
2.237358e-03
1.947035e-03
1.667014e-03
1.478489e-03
1.397195e-03
1.360269e-03
1.288091e-03
1.166154e-03
9.996347e-04
7.990514e-04
5.321235e-04
2.039516e-04
-4.830892e-05
-1.529127e-04
-1.874229e-04
-2.364924e-04
-3.291758e-04
-4.041390e-04
-3.886100e-04
-2.911001e-04
-1.615459e-04
-3.402652e-05
7.182411e-05
9.247965e-05
2.668779e-05
-8.945515e-05
-2.695400e-04
-4.824126e-04
-7.171824e-04
-9.746528e-04
-1.143184e-03
-1.115656e-03
-9.991573e-04
-9.389977e-04
-9.029124e-04
-9.263968e-04
-1.027489e-03
-1.082631e-03
-1.128842e-03
-1.225631e-03
-1.314643e-03
-1.386648e-03
-1.418073e-03
-1.359352e-03
-1.226524e-03
-1.120373e-03
-1.137900e-03
-1.236154e-03
-1.335819e-03
-1.459540e-03
-1.633308e-03
-1.781096e-03
-1.824256e-03
-1.774964e-03
-1.698592e-03
-1.696545e-03
-1.771699e-03
-1.780773e-03
-1.667019e-03
-1.523736e-03
-1.431838e-03
-1.422304e-03
-1.430451e-03
-1.359140e-03
-1.322914e-03
-1.476097e-03
-1.755902e-03
-2.035563e-03
-2.242638e-03
-2.303836e-03
-2.252365e-03
-2.209760e-03
-2.159285e-03
-2.053275e-03
-1.978327e-03
-2.018416e-03
-2.134659e-03
-2.230739e-03
-2.247512e-03
-2.207239e-03
-2.175390e-03
-2.200953e-03
-2.294855e-03
-2.410196e-03
-2.484963e-03
-2.536697e-03
-2.628349e-03
-2.739335e-03
-2.829113e-03
-2.864864e-03
-2.791622e-03
-2.739378e-03
-2.899682e-03
-3.178662e-03
-3.392416e-03
-3.475634e-03
-3.423848e-03
-3.307388e-03
-3.174295e-03
-3.005053e-03
-2.865759e-03
-2.839481e-03
-2.881558e-03
-2.938956e-03
-3.049846e-03
-3.258413e-03
-3.538919e-03
-3.815630e-03
-4.010544e-03
-4.175989e-03
-4.401775e-03
-4.629646e-03
-4.831884e-03
-5.001578e-03
-5.024981e-03
-4.860835e-03
-4.621934e-03
-4.387267e-03
-4.184452e-03
-4.043333e-03
-3.926513e-03
-3.809032e-03
-3.704704e-03
-3.604502e-03
-3.494105e-03
-3.380355e-03
-3.276247e-03
-3.231797e-03
-3.301563e-03
-3.408181e-03
-3.469881e-03
-3.498184e-03
-3.499126e-03
-3.455242e-03
-3.376857e-03
-3.396303e-03
-3.590993e-03
-3.841873e-03
-4.070674e-03
-4.250847e-03
-4.349987e-03
-4.398266e-03
-4.390815e-03
-4.263577e-03
-4.015363e-03
-3.748350e-03
-3.570811e-03
-3.513030e-03
-3.548924e-03
-3.641649e-03
-3.739967e-03
-3.817994e-03
-3.914250e-03
-4.056738e-03
-4.255927e-03
-4.485716e-03
-4.707119e-03
-4.925072e-03
-5.108614e-03
-5.206248e-03
-5.242252e-03
-5.258407e-03
-5.209894e-03
-5.129360e-03
-5.108234e-03
-5.124878e-03
-5.190215e-03
-5.337771e-03
-5.541768e-03
-5.715499e-03
-5.792618e-03
-5.810237e-03
-5.804672e-03
-5.816583e-03
-5.847102e-03
-5.866525e-03
-5.895081e-03
-5.961433e-03
-6.081044e-03
-6.204132e-03
-6.228654e-03
-6.139910e-03
-6.057031e-03
-6.036023e-03
-6.010327e-03
-5.952224e-03
-5.920298e-03
-5.980625e-03
-6.084761e-03
-6.124121e-03
-6.052141e-03
-5.942262e-03
-5.894680e-03
-5.868807e-03
-5.803384e-03
-5.700522e-03
-5.557043e-03
-5.437480e-03
-5.422621e-03
-5.465442e-03
-5.484444e-03
-5.478145e-03
-5.507477e-03
-5.586182e-03
-5.647792e-03
-5.639900e-03
-5.547252e-03
-5.438750e-03
-5.371210e-03
-5.322945e-03
-5.302785e-03
-5.306768e-03
-5.339301e-03
-5.349637e-03
-5.219641e-03
-4.960997e-03
-4.648491e-03
-4.368294e-03
-4.217439e-03
-4.197300e-03
-4.250759e-03
-4.347368e-03
-4.466903e-03
-4.552377e-03
-4.488899e-03
-4.245088e-03
-3.907767e-03
-3.536935e-03
-3.233744e-03
-3.073426e-03
-2.988659e-03
-2.895976e-03
-2.765431e-03
-2.602697e-03
-2.396331e-03
-2.162352e-03
-1.965172e-03
-1.820050e-03
-1.756009e-03
-1.798449e-03
-1.862765e-03
-1.852962e-03
-1.728702e-03
-1.519565e-03
-1.302314e-03
-1.144561e-03
-1.098136e-03
-1.162422e-03
-1.296788e-03
-1.463742e-03
-1.598335e-03
-1.576359e-03
-1.334668e-03
-9.396391e-04
-4.751891e-04
-1.663223e-05
3.661575e-04
6.261181e-04
7.166116e-04
6.716139e-04
6.185595e-04
6.309528e-04
6.988967e-04
7.481501e-04
7.235654e-04
6.843721e-04
7.030335e-04
7.587226e-04
8.027979e-04
8.554731e-04
9.539657e-04
1.100466e-03
1.253165e-03
1.345905e-03
1.353378e-03
1.269610e-03
1.115718e-03
9.856154e-04
9.691070e-04
1.064698e-03
1.230878e-03
1.399557e-03
1.505599e-03
1.565082e-03
1.585384e-03
1.573350e-03
1.574218e-03
1.599220e-03
1.654555e-03
1.741704e-03
1.824879e-03
1.878645e-03
1.884101e-03
1.822525e-03
1.717702e-03
1.618062e-03
1.575934e-03
1.564856e-03
1.540785e-03
1.550246e-03
1.553889e-03
1.498197e-03
1.380763e-03
1.194497e-03
1.041112e-03
1.019215e-03
1.085499e-03
1.137852e-03
1.148627e-03
1.130768e-03
1.080312e-03
1.011214e-03
9.408275e-04
8.603491e-04
7.619146e-04
7.216004e-04
8.116176e-04
9.844465e-04
1.147208e-03
1.222326e-03
1.176725e-03
1.043221e-03
9.094367e-04
8.141533e-04
7.049947e-04
5.874779e-04
5.435178e-04
5.901230e-04
6.704571e-04
7.095871e-04
6.651385e-04
5.953291e-04
5.506369e-04
4.900177e-04
4.094475e-04
3.716951e-04
4.264131e-04
5.324003e-04
6.059137e-04
6.167709e-04
5.949472e-04
5.888847e-04
5.976462e-04
6.017960e-04
6.433313e-04
7.813162e-04
9.401870e-04
9.923943e-04
9.272833e-04
7.970376e-04
6.455934e-04
4.897643e-04
3.438997e-04
2.257163e-04
1.432865e-04
1.141346e-04
1.568350e-04
2.008131e-04
1.222941e-04
-8.835308e-05
-3.275706e-04
-5.165756e-04
-6.781968e-04
-8.312750e-04
-9.366634e-04
-9.680617e-04
-9.511799e-04
-9.437393e-04
-9.626286e-04
-9.864869e-04
-1.010490e-03
-1.092208e-03
-1.241756e-03
-1.365984e-03
-1.382063e-03
-1.313458e-03
-1.271194e-03
-1.311510e-03
-1.431425e-03
-1.597847e-03
-1.795126e-03
-2.017517e-03
-2.214106e-03
-2.339226e-03
-2.339185e-03
-2.241866e-03
-2.167876e-03
-2.172637e-03
-2.250781e-03
-2.367218e-03
-2.469256e-03
-2.574094e-03
-2.696628e-03
-2.783340e-03
-2.781885e-03
-2.725484e-03
-2.724929e-03
-2.790805e-03
-2.866453e-03
-2.907441e-03
-2.892056e-03
-2.896496e-03
-2.930904e-03
-2.931589e-03
-2.944000e-03
-3.012717e-03
-3.116787e-03
-3.246215e-03
-3.349654e-03
-3.388368e-03
-3.366552e-03
-3.265682e-03
-3.099248e-03
-2.913131e-03
-2.794011e-03
-2.764953e-03
-2.777406e-03
-2.817676e-03
-2.867815e-03
-2.963641e-03
-3.106319e-03
-3.199245e-03
-3.190296e-03
-3.138183e-03
-3.177514e-03
-3.313032e-03
-3.416782e-03
-3.488377e-03
-3.620700e-03
-3.837980e-03
-4.064521e-03
-4.182134e-03
-4.199423e-03
-4.246130e-03
-4.348826e-03
-4.448286e-03
-4.504177e-03
-4.513636e-03
-4.519993e-03
-4.484076e-03
-4.352817e-03
-4.178482e-03
-4.040179e-03
-3.981654e-03
-3.965695e-03
-3.948273e-03
-3.964917e-03
-4.063974e-03
-4.185191e-03
-4.177663e-03
-3.998067e-03
-3.775902e-03
-3.608758e-03
-3.492239e-03
-3.453118e-03
-3.482927e-03
-3.545665e-03
-3.670830e-03
-3.763472e-03
-3.665997e-03
-3.406732e-03
-3.107762e-03
-2.870913e-03
-2.721113e-03
-2.633945e-03
-2.569711e-03
-2.458110e-03
-2.314101e-03
-2.171596e-03
-2.046392e-03
-1.963119e-03
-1.876197e-03
-1.772393e-03
-1.713506e-03
-1.731597e-03
-1.731396e-03
-1.607263e-03
-1.406079e-03
-1.173583e-03
-8.915690e-04
-5.771017e-04
-2.614915e-04
4.674852e-05
3.376743e-04
5.783118e-04
7.323613e-04
8.031910e-04
8.514205e-04
8.824772e-04
9.060541e-04
9.426022e-04
9.272747e-04
8.672344e-04
7.886741e-04
6.829288e-04
5.834506e-04
5.092117e-04
4.467063e-04
3.741509e-04
3.363673e-04
3.831327e-04
4.807779e-04
5.917002e-04
7.387402e-04
9.357921e-04
1.152604e-03
1.340678e-03
1.440450e-03
1.474446e-03
1.519628e-03
1.629032e-03
1.813007e-03
2.019487e-03
2.184741e-03
2.295342e-03
2.397910e-03
2.532294e-03
2.715679e-03
2.941435e-03
3.228498e-03
3.550581e-03
3.800890e-03
3.976861e-03
4.112638e-03
4.270228e-03
4.480948e-03
4.660733e-03
4.816839e-03
4.994805e-03
5.180955e-03
5.303268e-03
5.279606e-03
5.139572e-03
4.970958e-03
4.834635e-03
4.700032e-03
4.576138e-03
4.574129e-03
4.710281e-03
4.892091e-03
4.990166e-03
4.908885e-03
4.654316e-03
4.366629e-03
4.196049e-03
4.145811e-03
4.162247e-03
4.238870e-03
4.397257e-03
4.563902e-03
4.593755e-03
4.404497e-03
4.069453e-03
3.785954e-03
3.640173e-03
3.594354e-03
3.626399e-03
3.706460e-03
3.729646e-03
3.594702e-03
3.303174e-03
2.917791e-03
2.584790e-03
2.508590e-03
2.703555e-03
2.997769e-03
3.270135e-03
3.441007e-03
3.439295e-03
3.258354e-03
2.948719e-03
2.584249e-03
2.294828e-03
2.214213e-03
2.335178e-03
2.549148e-03
2.708087e-03
2.708930e-03
2.585981e-03
2.464748e-03
2.419528e-03
2.410423e-03
2.428737e-03
2.529182e-03
2.689785e-03
2.832267e-03
2.949436e-03
3.062580e-03
3.132653e-03
3.127136e-03
3.100912e-03
3.104090e-03
3.059421e-03
2.914571e-03
2.746772e-03
2.580099e-03
2.393039e-03
2.237323e-03
2.141972e-03
2.099446e-03
2.096355e-03
2.134231e-03
2.221850e-03
2.359807e-03
2.525439e-03
2.635868e-03
2.712204e-03
2.786723e-03
2.827351e-03
2.905333e-03
3.056383e-03
3.115383e-03
2.982506e-03
2.876996e-03
2.884853e-03
2.865554e-03
2.917781e-03
3.050992e-03
3.086746e-03
3.097727e-03
3.121849e-03
3.162175e-03
3.252047e-03
3.306431e-03
3.378303e-03
3.455197e-03
3.509774e-03
3.494333e-03
3.403606e-03
3.427851e-03
3.407236e-03
3.262410e-03
3.213539e-03
3.239030e-03
3.218816e-03
3.171962e-03
3.076863e-03
2.913273e-03
2.874920e-03
2.936450e-03
2.953492e-03
2.983194e-03
2.974261e-03
2.937900e-03
3.018056e-03
3.094716e-03
2.997956e-03
2.860814e-03
2.775999e-03
2.664202e-03
2.618274e-03
2.695181e-03
2.649092e-03
2.465960e-03
2.390358e-03
2.374417e-03
2.349767e-03
2.366982e-03
2.354676e-03
2.380997e-03
2.502195e-03
2.518346e-03
2.436307e-03
2.455248e-03
2.535361e-03
2.476327e-03
2.315736e-03
2.266496e-03
2.323077e-03
2.390771e-03
2.459612e-03
2.513875e-03
2.524004e-03
2.501450e-03
2.462798e-03
2.370904e-03
2.287556e-03
2.314023e-03
2.430597e-03
2.577783e-03
2.707369e-03
2.836733e-03
3.011535e-03
3.124514e-03
3.082539e-03
3.017541e-03
3.022989e-03
3.057872e-03
3.095366e-03
3.102157e-03
3.069606e-03
3.050117e-03
3.069392e-03
3.069831e-03
2.959418e-03
2.825316e-03
2.845493e-03
2.975213e-03
3.080879e-03
3.085323e-03
3.010150e-03
3.000059e-03
3.107201e-03
3.215923e-03
3.271295e-03
3.407408e-03
3.648869e-03
3.858268e-03
4.037787e-03
4.231505e-03
4.397696e-03
4.542410e-03
4.713240e-03
4.908260e-03
5.100893e-03
5.274484e-03
5.394704e-03
5.431497e-03
5.442744e-03
5.504406e-03
5.627979e-03
5.797467e-03
5.991080e-03
6.184460e-03
6.322279e-03
6.435869e-03
6.584997e-03
6.724224e-03
6.892245e-03
7.143650e-03
7.420094e-03
7.698480e-03
7.994075e-03
8.221017e-03
8.304625e-03
8.367347e-03
8.537449e-03
8.821067e-03
9.139507e-03
9.390698e-03
9.587477e-03
9.782777e-03
9.924828e-03
9.965477e-03
1.004100e-02
1.024135e-02
1.047255e-02
1.065458e-02
1.076404e-02
1.085079e-02
1.092980e-02
1.092402e-02
1.086009e-02
1.083903e-02
1.087132e-02
1.093632e-02
1.097239e-02
1.089915e-02
1.076062e-02
1.062592e-02
1.050471e-02
1.041949e-02
1.039228e-02
1.045954e-02
1.065503e-02
1.092294e-02
1.111569e-02
1.114405e-02
1.106472e-02
1.092122e-02
1.082643e-02
1.089871e-02
1.103505e-02
1.114633e-02
1.119925e-02
1.112741e-02
1.102524e-02
1.098744e-02
1.091019e-02
1.075499e-02
1.067762e-02
1.073862e-02
1.081945e-02
1.079508e-02
1.065063e-02
1.049188e-02
1.042269e-02
1.038759e-02
1.031790e-02
1.027581e-02
1.032739e-02
1.045659e-02
1.055176e-02
1.051078e-02
1.034984e-02
1.013295e-02
9.936187e-03
9.830731e-03
9.806205e-03
9.847606e-03
9.893819e-03
9.847052e-03
9.760023e-03
9.631211e-03
9.384284e-03
9.094126e-03
8.867467e-03
8.715222e-03
8.618650e-03
8.580270e-03
8.549514e-03
8.496741e-03
8.406091e-03
8.197654e-03
7.910981e-03
7.712872e-03
7.614131e-03
7.520044e-03
7.493227e-03
7.524095e-03
7.462149e-03
7.267313e-03
6.972773e-03
6.615654e-03
6.269011e-03
6.024403e-03
5.914204e-03
5.922135e-03
5.980769e-03
6.020693e-03
6.045305e-03
6.026011e-03
5.846143e-03
5.508311e-03
5.244269e-03
5.154091e-03
5.152309e-03
5.158519e-03
5.118204e-03
5.019500e-03
4.830344e-03
4.563821e-03
4.245084e-03
3.922294e-03
3.683109e-03
3.568886e-03
3.564908e-03
3.558590e-03
3.453175e-03
3.264454e-03
3.058838e-03
2.847866e-03
2.623239e-03
2.457530e-03
2.373944e-03
2.272059e-03
2.099070e-03
1.901072e-03
1.677697e-03
1.406457e-03
1.141284e-03
9.344820e-04
7.748941e-04
7.016998e-04
7.232759e-04
7.261115e-04
6.946443e-04
6.812155e-04
6.132612e-04
4.104901e-04
1.749011e-04
-4.794154e-06
-1.706091e-04
-3.223734e-04
-5.167377e-04
-7.565784e-04
-8.632972e-04
-8.229008e-04
-8.144233e-04
-9.063403e-04
-1.047269e-03
-1.171937e-03
-1.218566e-03
-1.247706e-03
-1.332586e-03
-1.400166e-03
-1.369440e-03
-1.247642e-03
-1.211612e-03
-1.364658e-03
-1.539448e-03
-1.666647e-03
-1.796919e-03
-1.941555e-03
-2.054467e-03
-2.046294e-03
-1.926348e-03
-1.775501e-03
-1.697895e-03
-1.685297e-03
-1.627497e-03
-1.525623e-03
-1.460482e-03
-1.439277e-03
-1.430921e-03
-1.503102e-03
-1.611409e-03
-1.672877e-03
-1.741031e-03
-1.813622e-03
-1.891098e-03
-2.001594e-03
-2.127150e-03
-2.228894e-03
-2.306775e-03
-2.425938e-03
-2.597371e-03
-2.736477e-03
-2.787911e-03
-2.794971e-03
-2.835783e-03
-2.940258e-03
-3.056960e-03
-3.171815e-03
-3.340015e-03
-3.558482e-03
-3.799160e-03
-4.037417e-03
-4.227344e-03
-4.369799e-03
-4.488754e-03
-4.611694e-03
-4.791386e-03
-5.005941e-03
-5.200583e-03
-5.369101e-03
-5.510381e-03
-5.616378e-03
-5.688483e-03
-5.812205e-03
-6.008923e-03
-6.185223e-03
-6.312328e-03
-6.409432e-03
-6.516558e-03
-6.615672e-03
-6.644447e-03
-6.633156e-03
-6.644447e-03
-6.659259e-03
-6.637105e-03
-6.602613e-03
-6.603083e-03
-6.670414e-03
-6.797045e-03
-6.942723e-03
-7.088799e-03
-7.304925e-03
-7.597574e-03
-7.857960e-03
-8.045162e-03
-8.126802e-03
-8.069103e-03
-7.881881e-03
-7.618205e-03
-7.381760e-03
-7.277611e-03
-7.345569e-03
-7.474309e-03
-7.558485e-03
-7.611792e-03
-7.660261e-03
-7.685697e-03
-7.664726e-03
-7.627538e-03
-7.662727e-03
-7.830782e-03
-8.036773e-03
-8.155837e-03
-8.162435e-03
-8.083984e-03
-7.973270e-03
-7.810569e-03
-7.571202e-03
-7.368791e-03
-7.327113e-03
-7.470180e-03
-7.760886e-03
-8.054821e-03
-8.158775e-03
-8.040586e-03
-7.887119e-03
-7.839435e-03
-7.815714e-03
-7.811211e-03
-7.946489e-03
-8.206904e-03
-8.454533e-03
-8.574636e-03
-8.518193e-03
-8.317840e-03
-8.082643e-03
-7.877868e-03
-7.749393e-03
-7.742692e-03
-7.828692e-03
-7.969200e-03
-8.120431e-03
-8.259159e-03
-8.372703e-03
-8.431712e-03
-8.384379e-03
-8.242942e-03
-8.176079e-03
-8.253728e-03
-8.399522e-03
-8.549954e-03
-8.711012e-03
-8.929074e-03
-9.121177e-03
-9.162442e-03
-9.086958e-03
-9.032078e-03
-9.084816e-03
-9.222289e-03
-9.355216e-03
-9.444927e-03
-9.585508e-03
-9.811998e-03
-9.983005e-03
-9.993030e-03
-9.891388e-03
-9.810814e-03
-9.838535e-03
-9.968789e-03
-1.012695e-02
-1.024607e-02
-1.038045e-02
-1.054526e-02
-1.061403e-02
-1.054609e-02
-1.045360e-02
-1.043086e-02
-1.051138e-02
-1.073341e-02
-1.101868e-02
-1.121525e-02
-1.133071e-02
-1.139426e-02
-1.137258e-02
-1.131831e-02
-1.133654e-02
-1.151232e-02
-1.184998e-02
-1.228688e-02
-1.269835e-02
-1.293667e-02
-1.298557e-02
-1.294951e-02
-1.285522e-02
-1.267307e-02
-1.249743e-02
-1.252453e-02
-1.283024e-02
-1.322405e-02
-1.345647e-02
-1.349085e-02
-1.343290e-02
-1.334498e-02
-1.321558e-02
-1.308430e-02
-1.310048e-02
-1.332167e-02
-1.351599e-02
-1.350149e-02
-1.340062e-02
-1.334511e-02
-1.334948e-02
-1.335265e-02
-1.331012e-02
-1.327778e-02
-1.335251e-02
-1.356167e-02
-1.375768e-02
-1.383336e-02
-1.381765e-02
-1.375228e-02
-1.368574e-02
-1.363888e-02
-1.360080e-02
-1.357734e-02
-1.356177e-02
-1.348823e-02
-1.331771e-02
-1.304432e-02
-1.268777e-02
-1.232655e-02
-1.209585e-02
-1.204803e-02
-1.204368e-02
-1.206076e-02
-1.219271e-02
-1.239827e-02
-1.254894e-02
-1.253907e-02
-1.246384e-02
-1.249071e-02
-1.263251e-02
-1.278717e-02
-1.287096e-02
-1.283262e-02
-1.264785e-02
-1.243309e-02
-1.233538e-02
-1.236673e-02
-1.244721e-02
-1.250470e-02
-1.251204e-02
-1.242170e-02
-1.225099e-02
-1.209372e-02
-1.196735e-02
-1.187442e-02
-1.184859e-02
-1.189382e-02
-1.197557e-02
-1.198968e-02
-1.186418e-02
-1.161131e-02
-1.126008e-02
-1.087165e-02
-1.051297e-02
-1.023772e-02
-1.007372e-02
-9.952239e-03
-9.765763e-03
-9.458068e-03
-9.066389e-03
-8.679670e-03
-8.329482e-03
-7.989144e-03
-7.694047e-03
-7.555907e-03
-7.588245e-03
-7.653519e-03
-7.634573e-03
-7.520399e-03
-7.327150e-03
-7.088426e-03
-6.846431e-03
-6.580486e-03
-6.307365e-03
-6.091387e-03
-5.920188e-03
-5.792011e-03
-5.610637e-03
-5.243162e-03
-4.799700e-03
-4.362355e-03
-3.899267e-03
-3.499297e-03
-3.257983e-03
-3.131093e-03
-3.032348e-03
-2.963255e-03
-2.924584e-03
-2.835071e-03
-2.647817e-03
-2.400711e-03
-2.141014e-03
-1.888754e-03
-1.700700e-03
-1.554260e-03
-1.323606e-03
-1.016342e-03
-7.481260e-04
-6.101011e-04
-5.986631e-04
-6.936879e-04
-8.757220e-04
-1.032436e-03
-1.089538e-03
-1.060265e-03
-9.429150e-04
-6.622872e-04
-3.003275e-04
-6.163179e-05
4.965604e-05
1.277921e-04
2.179138e-04
3.573781e-04
5.889283e-04
8.127025e-04
9.981214e-04
1.244614e-03
1.438035e-03
1.473279e-03
1.451545e-03
1.484099e-03
1.535472e-03
1.575004e-03
1.636680e-03
1.711827e-03
1.784083e-03
1.760811e-03
1.619060e-03
1.434290e-03
1.253200e-03
1.124058e-03
9.924642e-04
8.246468e-04
7.702318e-04
8.237957e-04
7.956729e-04
6.660652e-04
5.172001e-04
4.474917e-04
5.083246e-04
6.407319e-04
7.423854e-04
8.153615e-04
9.749715e-04
1.158320e-03
1.233720e-03
1.182716e-03
1.133563e-03
1.213747e-03
1.388719e-03
1.663778e-03
2.028844e-03
2.430251e-03
2.788863e-03
3.041069e-03
3.227499e-03
3.316331e-03
3.322442e-03
3.367831e-03
3.464413e-03
3.543148e-03
3.678143e-03
3.915189e-03
4.068109e-03
4.047389e-03
3.960622e-03
3.912917e-03
3.890495e-03
3.840884e-03
3.764430e-03
3.687475e-03
3.645043e-03
3.650498e-03
3.695777e-03
3.675515e-03
3.499064e-03
3.303405e-03
3.258918e-03
3.240950e-03
3.135418e-03
3.049790e-03
2.917631e-03
2.626089e-03
2.237568e-03
1.870016e-03
1.579828e-03
1.341789e-03
1.169267e-03
1.097629e-03
1.134219e-03
1.253228e-03
1.422702e-03
1.536753e-03
1.503625e-03
1.392580e-03
1.242554e-03
1.043051e-03
8.202845e-04
6.150787e-04
4.802444e-04
3.894408e-04
2.818353e-04
1.683031e-04
9.025728e-05
8.238540e-05
1.212965e-04
1.853478e-04
2.973299e-04
4.017374e-04
4.797372e-04
5.393505e-04
5.247069e-04
5.087102e-04
6.092232e-04
8.056581e-04
9.773812e-04
1.034936e-03
1.029448e-03
9.606105e-04
7.528089e-04
5.200359e-04
4.349574e-04
4.700822e-04
5.183780e-04
5.132692e-04
3.676070e-04
3.591995e-05
-3.975474e-04
-7.811723e-04
-1.057211e-03
-1.246142e-03
-1.333454e-03
-1.324977e-03
-1.249437e-03
-1.167688e-03
-1.099205e-03
-9.962565e-04
-9.011202e-04
-8.225790e-04
-7.193151e-04
-6.570125e-04
-6.862495e-04
-8.325786e-04
-1.069927e-03
-1.270133e-03
-1.441110e-03
-1.623435e-03
-1.756813e-03
-1.818077e-03
-1.830978e-03
-1.892141e-03
-2.087262e-03
-2.386348e-03
-2.659613e-03
-2.818134e-03
-2.885517e-03
-2.897444e-03
-2.913575e-03
-2.953180e-03
-2.928145e-03
-2.844181e-03
-2.796740e-03
-2.760368e-03
-2.696526e-03
-2.615915e-03
-2.508314e-03
-2.440264e-03
-2.440501e-03
-2.469389e-03
-2.606794e-03
-2.887700e-03
-3.197891e-03
-3.404278e-03
-3.446026e-03
-3.388442e-03
-3.337194e-03
-3.333042e-03
-3.335828e-03
-3.336982e-03
-3.405356e-03
-3.506487e-03
-3.533901e-03
-3.535394e-03
-3.598774e-03
-3.662454e-03
-3.637912e-03
-3.511418e-03
-3.328480e-03
-3.126337e-03
-2.910318e-03
-2.724684e-03
-2.603301e-03
-2.499021e-03
-2.384631e-03
-2.294067e-03
-2.188501e-03
-2.000043e-03
-1.715321e-03
-1.357008e-03
-9.726943e-04
-6.059694e-04
-3.197225e-04
-1.593335e-04
-1.659238e-04
-3.157127e-04
-5.028197e-04
-6.494091e-04
-6.942392e-04
-6.472611e-04
-5.550975e-04
-4.382713e-04
-2.842167e-04
-8.582800e-05
1.210401e-04
3.077144e-04
4.377162e-04
5.331464e-04
6.869920e-04
9.153743e-04
1.104551e-03
1.137261e-03
1.030556e-03
8.829918e-04
7.147141e-04
5.358472e-04
4.495210e-04
4.492007e-04
4.432758e-04
4.177774e-04
4.234629e-04
5.143045e-04
6.118320e-04
6.330711e-04
5.925624e-04
5.429310e-04
5.486684e-04
6.390494e-04
7.414842e-04
7.107624e-04
5.887560e-04
4.611915e-04
3.298175e-04
2.273200e-04
1.384370e-04
5.420021e-05
-1.715667e-05
-6.507662e-05
-7.650198e-05
-5.278230e-05
2.023838e-05
1.449784e-04
3.268163e-04
5.727094e-04
8.494730e-04
1.121959e-03
1.355707e-03
1.493596e-03
1.494011e-03
1.394574e-03
1.311148e-03
1.291934e-03
1.317975e-03
1.371003e-03
1.428206e-03
1.505302e-03
1.593998e-03
1.653498e-03
1.680813e-03
1.689174e-03
1.686978e-03
1.727732e-03
1.884531e-03
2.138420e-03
2.387821e-03
2.538153e-03
2.595286e-03
2.672134e-03
2.837440e-03
3.018836e-03
3.115561e-03
3.121074e-03
3.069452e-03
2.948254e-03
2.721677e-03
2.423803e-03
2.148169e-03
2.007470e-03
2.074052e-03
2.305785e-03
2.657707e-03
3.043319e-03
3.350480e-03
3.593690e-03
3.771374e-03
3.846224e-03
3.821047e-03
3.705316e-03
3.550564e-03
3.449104e-03
3.490221e-03
3.640059e-03
3.828443e-03
4.083827e-03
4.380133e-03
4.635052e-03
4.798873e-03
4.901740e-03
5.023337e-03
5.224593e-03
5.515497e-03
5.811978e-03
6.056690e-03
6.212314e-03
6.285941e-03
6.416938e-03
6.633201e-03
6.849007e-03
7.053417e-03
7.221444e-03
7.310211e-03
7.264940e-03
7.002532e-03
6.574682e-03
6.158622e-03
5.916193e-03
5.865946e-03
5.957361e-03
6.220614e-03
6.609116e-03
6.986484e-03
7.250131e-03
7.363094e-03
7.404832e-03
7.503455e-03
7.713873e-03
7.993756e-03
8.248077e-03
8.429295e-03
8.519794e-03
8.487231e-03
8.395129e-03
8.323536e-03
8.325760e-03
8.455493e-03
8.621674e-03
8.710046e-03
8.705110e-03
8.622863e-03
8.483572e-03
8.348044e-03
8.303348e-03
8.337253e-03
8.446848e-03
8.635836e-03
8.819541e-03
8.945476e-03
8.956304e-03
8.831924e-03
8.660308e-03
8.482757e-03
8.288076e-03
8.121012e-03
7.996726e-03
7.855294e-03
7.715983e-03
7.606181e-03
7.413185e-03
7.099474e-03
6.809503e-03
6.631151e-03
6.581458e-03
6.641836e-03
6.679112e-03
6.618765e-03
6.475338e-03
6.263973e-03
6.056172e-03
5.899963e-03
5.781807e-03
5.697648e-03
5.684941e-03
5.747878e-03
5.775020e-03
5.746290e-03
5.709642e-03
5.595403e-03
5.432616e-03
5.373101e-03
5.406480e-03
5.419837e-03
5.458572e-03
5.564981e-03
5.577363e-03
5.444081e-03
5.276926e-03
5.171462e-03
5.160038e-03
5.210510e-03
5.321686e-03
5.434073e-03
5.465826e-03
5.413909e-03
5.435791e-03
5.473060e-03
5.282049e-03
5.121821e-03
5.046320e-03
4.882459e-03
4.799178e-03
4.762782e-03
4.757335e-03
4.908495e-03
5.068579e-03
5.135611e-03
5.239491e-03
5.257655e-03
5.089496e-03
5.009019e-03
5.012484e-03
4.946380e-03
4.939106e-03
4.959148e-03
4.883621e-03
4.849381e-03
4.863117e-03
4.761838e-03
4.616136e-03
4.541015e-03
4.463956e-03
4.361553e-03
4.308081e-03
4.261302e-03
4.139278e-03
4.074651e-03
4.256693e-03
4.511364e-03
4.615286e-03
4.703079e-03
4.878431e-03
4.937262e-03
4.812021e-03
4.785942e-03
4.878784e-03
4.877007e-03
4.846237e-03
4.872369e-03
4.799927e-03
4.533190e-03
4.259010e-03
4.057783e-03
3.788492e-03
3.601976e-03
3.752273e-03
4.060257e-03
4.230454e-03
4.249722e-03
4.191248e-03
4.015431e-03
3.753338e-03
3.532398e-03
3.381479e-03
3.306399e-03
3.306685e-03
3.336001e-03
3.361050e-03
3.320450e-03
3.207831e-03
3.077849e-03
2.910131e-03
2.744843e-03
2.707913e-03
2.833854e-03
2.912909e-03
2.763438e-03
2.623194e-03
2.601234e-03
2.488099e-03
2.265442e-03
2.032828e-03
1.835532e-03
1.747001e-03
1.826712e-03
1.953554e-03
2.003198e-03
2.056204e-03
2.124135e-03
2.114837e-03
1.980684e-03
1.698114e-03
1.449073e-03
1.435605e-03
1.511523e-03
1.504444e-03
1.440234e-03
1.355773e-03
1.287140e-03
1.248605e-03
1.176269e-03
1.046797e-03
9.538313e-04
9.327455e-04
8.675699e-04
7.050426e-04
5.154100e-04
3.836837e-04
3.249030e-04
2.415063e-04
1.097321e-04
-5.884405e-06
-7.853177e-05
-7.789683e-05
-5.560570e-05
-7.029993e-05
-9.891377e-05
-1.118860e-04
-3.694742e-05
7.212926e-05
7.336023e-05
9.035323e-06
-3.866991e-05
-8.870764e-05
-1.523639e-04
-1.880992e-04
-1.515530e-04
2.086031e-07
2.233963e-04
4.095267e-04
5.406233e-04
5.648260e-04
4.481409e-04
3.462924e-04
3.725233e-04
4.846103e-04
6.566331e-04
8.907398e-04
1.119925e-03
1.243958e-03
1.225380e-03
1.125728e-03
1.039404e-03
1.076368e-03
1.322696e-03
1.720535e-03
2.148566e-03
2.515535e-03
2.798695e-03
2.951308e-03
2.916098e-03
2.816511e-03
2.758433e-03
2.755416e-03
2.843818e-03
3.032780e-03
3.235026e-03
3.334191e-03
3.353620e-03
3.298781e-03
3.244923e-03
3.368943e-03
3.599465e-03
3.772570e-03
3.878847e-03
3.993702e-03
4.102901e-03
4.162746e-03
4.161138e-03
4.098685e-03
4.105020e-03
4.241020e-03
4.445977e-03
4.638332e-03
4.699261e-03
4.647478e-03
4.610224e-03
4.590073e-03
4.572659e-03
4.624162e-03
4.701461e-03
4.730898e-03
4.706030e-03
4.551980e-03
4.274904e-03
4.019782e-03
3.885389e-03
3.876880e-03
3.908490e-03
3.912561e-03
3.939194e-03
4.049861e-03
4.186626e-03
4.247978e-03
4.216582e-03
4.214839e-03
4.399796e-03
4.694130e-03
4.938098e-03
5.094204e-03
5.121326e-03
4.993369e-03
4.833467e-03
4.742965e-03
4.621980e-03
4.537572e-03
4.628751e-03
4.835532e-03
5.123478e-03
5.362710e-03
5.422516e-03
5.362317e-03
5.241805e-03
5.096801e-03
4.995231e-03
4.980215e-03
5.056298e-03
5.187913e-03
5.261957e-03
5.216651e-03
5.123061e-03
5.072088e-03
5.049130e-03
5.015498e-03
5.014400e-03
5.092996e-03
5.271304e-03
5.470332e-03
5.544294e-03
5.463705e-03
5.369946e-03
5.357380e-03
5.342730e-03
5.298983e-03
5.235399e-03
5.156685e-03
5.085253e-03
4.969847e-03
4.848075e-03
4.750285e-03
4.603844e-03
4.420158e-03
4.260932e-03
4.194283e-03
4.185613e-03
4.149926e-03
4.088938e-03
3.972340e-03
3.808430e-03
3.618812e-03
3.401164e-03
3.199051e-03
3.040090e-03
2.964711e-03
2.964694e-03
2.961827e-03
2.944778e-03
2.950386e-03
2.938692e-03
2.848165e-03
2.731348e-03
2.643832e-03
2.564799e-03
2.487111e-03
2.438103e-03
2.429545e-03
2.463239e-03
2.587598e-03
2.756259e-03
2.879233e-03
2.955443e-03
2.920805e-03
2.742738e-03
2.553887e-03
2.484203e-03
2.510111e-03
2.553280e-03
2.599621e-03
2.637495e-03
2.652838e-03
2.630300e-03
2.556406e-03
2.464589e-03
2.374837e-03
2.299115e-03
2.266192e-03
2.252777e-03
2.198412e-03
2.071599e-03
1.940593e-03
1.865828e-03
1.820819e-03
1.782612e-03
1.742087e-03
1.682792e-03
1.557621e-03
1.367553e-03
1.154251e-03
9.086653e-04
6.531439e-04
4.797266e-04
4.321029e-04
4.331666e-04
4.350330e-04
4.496227e-04
4.762193e-04
4.740829e-04
3.740614e-04
2.186316e-04
8.287642e-05
-2.992679e-05
-1.804414e-04
-3.897529e-04
-5.491066e-04
-6.218538e-04
-6.485033e-04
-6.579596e-04
-7.348200e-04
-9.292681e-04
-1.156017e-03
-1.311175e-03
-1.390752e-03
-1.425417e-03
-1.481283e-03
-1.621961e-03
-1.790796e-03
-1.917923e-03
-2.010430e-03
-2.125452e-03
-2.280121e-03
-2.376901e-03
-2.390205e-03
-2.425821e-03
-2.522737e-03
-2.602255e-03
-2.628025e-03
-2.695845e-03
-2.832620e-03
-2.981123e-03
-3.118571e-03
-3.239958e-03
-3.321001e-03
-3.312651e-03
-3.267482e-03
-3.248627e-03
-3.220766e-03
-3.148234e-03
-3.088939e-03
-3.152418e-03
-3.313004e-03
-3.420855e-03
-3.413876e-03
-3.403402e-03
-3.415556e-03
-3.393457e-03
-3.364050e-03
-3.364566e-03
-3.433890e-03
-3.542421e-03
-3.655812e-03
-3.723279e-03
-3.718234e-03
-3.740807e-03
-3.755445e-03
-3.743069e-03
-3.801648e-03
-3.945207e-03
-4.121995e-03
-4.269952e-03
-4.417885e-03
-4.557037e-03
-4.678328e-03
-4.820948e-03
-4.933302e-03
-5.018244e-03
-5.136048e-03
-5.272073e-03
-5.391502e-03
-5.535877e-03
-5.700160e-03
-5.820958e-03
-5.963421e-03
-6.198904e-03
-6.471899e-03
-6.698902e-03
-6.845363e-03
-6.903478e-03
-6.909503e-03
-6.954036e-03
-7.036960e-03
-7.133901e-03
-7.277895e-03
-7.445567e-03
-7.636672e-03
-7.886621e-03
-8.134119e-03
-8.321798e-03
-8.481117e-03
-8.627461e-03
-8.769388e-03
-8.919670e-03
-9.053676e-03
-9.173114e-03
-9.318934e-03
-9.502913e-03
-9.677388e-03
-9.836556e-03
-1.003512e-02
-1.024940e-02
-1.044669e-02
-1.063635e-02
-1.077993e-02
-1.082562e-02
-1.086324e-02
-1.101076e-02
-1.115120e-02
-1.119515e-02
-1.123517e-02
-1.131231e-02
-1.140303e-02
-1.147941e-02
-1.151735e-02
-1.150568e-02
-1.145869e-02
-1.141240e-02
-1.140168e-02
-1.145248e-02
-1.148811e-02
-1.145683e-02
-1.142158e-02
-1.135483e-02
-1.125176e-02
-1.118220e-02
-1.115387e-02
-1.111889e-02
-1.105039e-02
-1.102096e-02
-1.107151e-02
-1.111831e-02
-1.109416e-02
-1.105035e-02
-1.106239e-02
-1.112687e-02
-1.117841e-02
-1.116172e-02
-1.107255e-02
-1.092861e-02
-1.077757e-02
-1.065110e-02
-1.051492e-02
-1.036607e-02
-1.023616e-02
-1.010784e-02
-9.979352e-03
-9.939681e-03
-9.936690e-03
-9.818667e-03
-9.624120e-03
-9.458493e-03
-9.338977e-03
-9.194870e-03
-9.018549e-03
-8.880381e-03
-8.771297e-03
-8.671217e-03
-8.553239e-03
-8.446185e-03
-8.408906e-03
-8.399217e-03
-8.382755e-03
-8.339499e-03
-8.258902e-03
-8.130885e-03
-7.951014e-03
-7.796418e-03
-7.666199e-03
-7.492063e-03
-7.322177e-03
-7.215017e-03
-7.124268e-03
-6.995767e-03
-6.843723e-03
-6.667102e-03
-6.437503e-03
-6.211058e-03
-6.059685e-03
-5.963495e-03
-5.853234e-03
-5.700694e-03
-5.504971e-03
-5.244577e-03
-4.995191e-03
-4.835627e-03
-4.717060e-03
-4.605752e-03
-4.494078e-03
-4.377137e-03
-4.240760e-03
-4.074419e-03
-3.921967e-03
-3.785387e-03
-3.637385e-03
-3.508972e-03
-3.443833e-03
-3.381027e-03
-3.291099e-03
-3.214258e-03
-3.082878e-03
-2.867143e-03
-2.629014e-03
-2.438327e-03
-2.293694e-03
-2.178772e-03
-2.098488e-03
-1.960745e-03
-1.776402e-03
-1.654185e-03
-1.617905e-03
-1.619085e-03
-1.548458e-03
-1.379116e-03
-1.229869e-03
-1.174003e-03
-1.072967e-03
-8.216038e-04
-5.229000e-04
-3.107437e-04
-2.390742e-04
-2.013121e-04
-1.183980e-04
-4.276890e-05
-4.051322e-05
-1.147962e-04
-1.312585e-04
-2.113101e-05
1.200220e-04
1.787176e-04
1.672112e-04
1.648779e-04
1.805553e-04
1.907903e-04
1.695131e-04
1.502592e-04
1.473733e-04
1.213749e-04
5.403148e-05
-3.232013e-05
-1.219321e-04
-2.417792e-04
-3.436542e-04
-3.861118e-04
-3.709536e-04
-2.969414e-04
-2.300883e-04
-2.490507e-04
-3.179450e-04
-3.275499e-04
-2.988121e-04
-2.758060e-04
-2.420282e-04
-2.347662e-04
-2.522157e-04
-1.991916e-04
-8.669736e-05
-1.435466e-05
1.266122e-05
-6.386370e-05
-2.303353e-04
-4.128171e-04
-6.582608e-04
-8.963205e-04
-1.013056e-03
-9.811798e-04
-8.196429e-04
-5.732446e-04
-2.774986e-04
-3.563336e-05
4.020270e-05
-6.195291e-05
-2.920071e-04
-5.148725e-04
-6.172769e-04
-6.429490e-04
-6.545695e-04
-7.022939e-04
-7.889806e-04
-8.343428e-04
-7.860796e-04
-6.423931e-04
-4.223509e-04
-1.036656e-04
2.485838e-04
5.103473e-04
6.761532e-04
7.258390e-04
6.386576e-04
4.744303e-04
3.285063e-04
2.833142e-04
3.924206e-04
6.947462e-04
1.090788e-03
1.438804e-03
1.817962e-03
2.237741e-03
2.484528e-03
2.556871e-03
2.513540e-03
2.307722e-03
2.118824e-03
2.036100e-03
1.948419e-03
1.933056e-03
2.038920e-03
2.167249e-03
2.322213e-03
2.527599e-03
2.659806e-03
2.701703e-03
2.809177e-03
2.974603e-03
3.044126e-03
3.089616e-03
3.243828e-03
3.340596e-03
3.285599e-03
3.189737e-03
3.171624e-03
3.281240e-03
3.505931e-03
3.837325e-03
4.081618e-03
4.191884e-03
4.351451e-03
4.464082e-03
4.448583e-03
4.445386e-03
4.504781e-03
4.618125e-03
4.871623e-03
5.216727e-03
5.401715e-03
5.398811e-03
5.339029e-03
5.192857e-03
4.937588e-03
4.749609e-03
4.809109e-03
5.054827e-03
5.319582e-03
5.512566e-03
5.658304e-03
5.802025e-03
5.885480e-03
5.855516e-03
5.766331e-03
5.751453e-03
5.891832e-03
6.082275e-03
6.181538e-03
6.201101e-03
6.168861e-03
6.041915e-03
5.902979e-03
5.886248e-03
5.996428e-03
6.223980e-03
6.514687e-03
6.749328e-03
6.866656e-03
6.859230e-03
6.751127e-03
6.591302e-03
6.405472e-03
6.191814e-03
6.055003e-03
6.121577e-03
6.319651e-03
6.534905e-03
6.723641e-03
6.799100e-03
6.741077e-03
6.628460e-03
6.494072e-03
6.430432e-03
6.503665e-03
6.630024e-03
6.761008e-03
6.853307e-03
6.807807e-03
6.630822e-03
6.420711e-03
6.210764e-03
6.115203e-03
6.245007e-03
6.481663e-03
6.683831e-03
6.787219e-03
6.782518e-03
6.657553e-03
6.432610e-03
6.259200e-03
6.290434e-03
6.526679e-03
6.804843e-03
6.982380e-03
6.953649e-03
6.740530e-03
6.523623e-03
6.351553e-03
6.228025e-03
6.207677e-03
6.290711e-03
6.386762e-03
6.355142e-03
6.163149e-03
5.875660e-03
5.623250e-03
5.534686e-03
5.588156e-03
5.716992e-03
5.897611e-03
6.056844e-03
6.081662e-03
5.949578e-03
5.765429e-03
5.668911e-03
5.683622e-03
5.739866e-03
5.811851e-03
5.866416e-03
5.835982e-03
5.686901e-03
5.436629e-03
5.211046e-03
5.173087e-03
5.337833e-03
5.554030e-03
5.669281e-03
5.650102e-03
5.482874e-03
5.187575e-03
4.914169e-03
4.755491e-03
4.718949e-03
4.852782e-03
5.105116e-03
5.271810e-03
5.226897e-03
4.995384e-03
4.647662e-03
4.346399e-03
4.270686e-03
4.390996e-03
4.535152e-03
4.605680e-03
4.557555e-03
4.339899e-03
3.999271e-03
3.670369e-03
3.485929e-03
3.536368e-03
3.730092e-03
3.859413e-03
3.831944e-03
3.613059e-03
3.228099e-03
2.839275e-03
2.548935e-03
2.362484e-03
2.291355e-03
2.366161e-03
2.539503e-03
2.623070e-03
2.545158e-03
2.432504e-03
2.361902e-03
2.273544e-03
2.182111e-03
2.203411e-03
2.279753e-03
2.311926e-03
2.300903e-03
2.232542e-03
2.138825e-03
2.084555e-03
2.078278e-03
2.094752e-03
2.106645e-03
2.065861e-03
1.933777e-03
1.734655e-03
1.538759e-03
1.397301e-03
1.280297e-03
1.166701e-03
1.056140e-03
9.208268e-04
7.891139e-04
6.965259e-04
6.223132e-04
4.919065e-04
3.279237e-04
2.584681e-04
2.961789e-04
3.783720e-04
4.066525e-04
2.760418e-04
-3.271344e-05
-4.498565e-04
-8.693530e-04
-1.237715e-03
-1.488489e-03
-1.571161e-03
-1.521452e-03
-1.380732e-03
-1.204831e-03
-1.086827e-03
-1.146884e-03
-1.343913e-03
-1.535020e-03
-1.748932e-03
-1.964449e-03
-2.094498e-03
-2.176479e-03
-2.285037e-03
-2.443572e-03
-2.580121e-03
-2.671257e-03
-2.742260e-03
-2.754786e-03
-2.739067e-03
-2.731386e-03
-2.706970e-03
-2.725061e-03
-2.850842e-03
-3.060345e-03
-3.303495e-03
-3.509148e-03
-3.568276e-03
-3.448184e-03
-3.227274e-03
-2.957016e-03
-2.670278e-03
-2.486570e-03
-2.538465e-03
-2.780781e-03
-3.098544e-03
-3.430340e-03
-3.648033e-03
-3.667205e-03
-3.498506e-03
-3.197970e-03
-2.940875e-03
-2.894159e-03
-3.127020e-03
-3.569350e-03
-3.990646e-03
-4.256219e-03
-4.377794e-03
-4.400064e-03
-4.386422e-03
-4.365666e-03
-4.424822e-03
-4.637330e-03
-4.929040e-03
-5.204681e-03
-5.376769e-03
-5.402072e-03
-5.351371e-03
-5.294350e-03
-5.241923e-03
-5.235250e-03
-5.359826e-03
-5.623895e-03
-5.897967e-03
-6.064735e-03
-6.084805e-03
-5.937123e-03
-5.670119e-03
-5.328417e-03
-5.024705e-03
-4.911149e-03
-4.930586e-03
-5.044974e-03
-5.239296e-03
-5.371029e-03
-5.383133e-03
-5.316579e-03
-5.272537e-03
-5.286030e-03
-5.297156e-03
-5.322770e-03
-5.334311e-03
-5.302322e-03
-5.269880e-03
-5.229167e-03
-5.207688e-03
-5.218701e-03
-5.257024e-03
-5.364088e-03
-5.531267e-03
-5.689903e-03
-5.692890e-03
-5.483527e-03
-5.170435e-03
-4.855844e-03
-4.686550e-03
-4.741603e-03
-4.920831e-03
-5.139612e-03
-5.371762e-03
-5.538625e-03
-5.538851e-03
-5.387896e-03
-5.174490e-03
-4.984716e-03
-4.913144e-03
-5.004262e-03
-5.204986e-03
-5.414224e-03
-5.536200e-03
-5.483628e-03
-5.256921e-03
-4.955125e-03
-4.697235e-03
-4.592637e-03
-4.668559e-03
-4.846985e-03
-5.022904e-03
-5.129767e-03
-5.113006e-03
-4.944172e-03
-4.666967e-03
-4.388056e-03
-4.258052e-03
-4.339599e-03
-4.574227e-03
-4.858630e-03
-5.106480e-03
-5.258510e-03
-5.199624e-03
-4.950111e-03
-4.689375e-03
-4.512892e-03
-4.494911e-03
-4.634244e-03
-4.776289e-03
-4.798862e-03
-4.675725e-03
-4.442022e-03
-4.126057e-03
-3.783934e-03
-3.571954e-03
-3.580219e-03
-3.727040e-03
-3.856820e-03
-3.888269e-03
-3.852749e-03
-3.731028e-03
-3.470635e-03
-3.154870e-03
-2.889258e-03
-2.748795e-03
-2.808828e-03
-2.949288e-03
-3.006870e-03
-2.959471e-03
-2.814678e-03
-2.655112e-03
-2.535657e-03
-2.395582e-03
-2.228389e-03
-2.097661e-03
-2.013878e-03
-1.992715e-03
-2.033600e-03
-2.038176e-03
-1.959944e-03
-1.834408e-03
-1.713529e-03
-1.619995e-03
-1.548700e-03
-1.466940e-03
-1.358462e-03
-1.262903e-03
-1.157685e-03
-1.009282e-03
-8.366542e-04
-6.919511e-04
-6.180609e-04
-6.352835e-04
-7.178987e-04
-7.895295e-04
-8.532187e-04
-9.045736e-04
-9.368659e-04
-9.335278e-04
-8.280059e-04
-6.969511e-04
-6.696751e-04
-7.317957e-04
-7.740895e-04
-7.899996e-04
-8.559980e-04
-9.873244e-04
-1.103402e-03
-1.081036e-03
-9.600875e-04
-8.846256e-04
-9.078265e-04
-1.030670e-03
-1.208516e-03
-1.365720e-03
-1.473927e-03
-1.506799e-03
-1.429230e-03
-1.262159e-03
-1.087585e-03
-1.008428e-03
-1.042862e-03
-1.152930e-03
-1.375079e-03
-1.695494e-03
-1.962732e-03
-2.058963e-03
-2.010435e-03
-1.920309e-03
-1.813251e-03
-1.667851e-03
-1.555751e-03
-1.557358e-03
-1.645288e-03
-1.756807e-03
-1.835724e-03
-1.862859e-03
-1.867815e-03
-1.795658e-03
-1.695243e-03
-1.731687e-03
-1.893692e-03
-2.104725e-03
-2.266261e-03
-2.284213e-03
-2.190555e-03
-2.061258e-03
-1.964274e-03
-1.925005e-03
-1.919883e-03
-1.936600e-03
-1.972093e-03
-2.008755e-03
-1.987062e-03
-1.868022e-03
-1.712558e-03
-1.568517e-03
-1.448391e-03
-1.404873e-03
-1.456954e-03
-1.590435e-03
-1.806869e-03
-2.010880e-03
-2.068642e-03
-1.995372e-03
-1.838441e-03
-1.659751e-03
-1.591418e-03
-1.672862e-03
-1.861197e-03
-2.121249e-03
-2.397693e-03
-2.590182e-03
-2.614301e-03
-2.497203e-03
-2.312535e-03
-2.103761e-03
-1.941535e-03
-1.860903e-03
-1.801019e-03
-1.687847e-03
-1.492687e-03
-1.261923e-03
-1.025061e-03
-7.805323e-04
-5.673592e-04
-4.352109e-04
-4.126464e-04
-4.635542e-04
-5.168645e-04
-4.670762e-04
-2.356293e-04
5.512460e-05
2.629521e-04
4.124062e-04
5.442213e-04
6.237178e-04
6.050803e-04
5.193848e-04
4.600971e-04
4.754310e-04
5.464469e-04
6.570647e-04
7.789473e-04
8.882308e-04
9.709443e-04
1.022328e-03
1.052661e-03
1.020305e-03
1.011725e-03
1.084280e-03
1.141527e-03
1.277488e-03
1.558603e-03
1.882753e-03
2.174992e-03
2.427151e-03
2.704233e-03
3.004228e-03
3.215307e-03
3.274936e-03
3.259450e-03
3.250893e-03
3.293441e-03
3.423812e-03
3.615880e-03
3.842084e-03
4.084751e-03
4.279965e-03
4.360376e-03
4.327957e-03
4.240583e-03
4.178467e-03
4.202053e-03
4.276551e-03
4.302046e-03
4.304042e-03
4.348906e-03
4.346824e-03
4.289883e-03
4.242086e-03
4.176057e-03
4.103070e-03
4.090007e-03
4.146013e-03
4.206147e-03
4.247314e-03
4.276363e-03
4.303822e-03
4.308348e-03
4.205395e-03
4.000412e-03
3.790382e-03
3.604302e-03
3.448597e-03
3.358466e-03
3.327140e-03
3.339737e-03
3.343120e-03
3.340939e-03
3.403695e-03
3.479140e-03
3.542678e-03
3.608678e-03
3.660977e-03
3.631922e-03
3.472541e-03
3.299862e-03
3.145510e-03
2.976662e-03
2.818217e-03
2.639916e-03
2.465350e-03
2.354158e-03
2.285120e-03
2.223726e-03
2.166107e-03
2.082566e-03
1.973554e-03
1.864849e-03
1.742790e-03
1.618379e-03
1.509640e-03
1.415160e-03
1.314905e-03
1.188500e-03
1.064460e-03
9.926752e-04
9.950854e-04
1.033777e-03
1.013481e-03
8.865282e-04
6.944096e-04
5.399178e-04
5.472598e-04
6.433582e-04
7.272526e-04
8.722722e-04
1.043786e-03
1.209751e-03
1.426311e-03
1.656696e-03
1.807019e-03
1.875584e-03
1.950946e-03
2.023043e-03
2.090979e-03
2.182478e-03
2.258564e-03
2.286717e-03
2.266946e-03
2.248056e-03
2.198533e-03
2.104169e-03
2.059349e-03
2.071265e-03
2.082732e-03
2.073147e-03
2.104920e-03
2.239017e-03
2.432479e-03
2.634756e-03
2.877736e-03
3.204728e-03
3.543394e-03
3.756106e-03
3.772146e-03
3.638231e-03
3.437541e-03
3.196616e-03
2.968125e-03
2.906638e-03
3.118133e-03
3.511800e-03
3.933875e-03
4.258481e-03
4.379612e-03
4.300457e-03
4.155227e-03
4.052221e-03
4.015231e-03
4.086771e-03
4.233222e-03
4.405244e-03
4.586179e-03
4.718682e-03
4.778264e-03
4.766647e-03
4.707043e-03
4.617634e-03
4.542330e-03
4.502781e-03
4.485445e-03
4.500318e-03
4.485907e-03
4.422385e-03
4.329040e-03
4.238635e-03
4.212422e-03
4.235647e-03
4.315059e-03
4.471378e-03
4.675128e-03
4.835521e-03
4.876764e-03
4.870092e-03
4.850890e-03
4.827300e-03
4.877149e-03
5.026240e-03
5.238284e-03
5.424552e-03
5.560781e-03
5.680631e-03
5.753523e-03
5.763503e-03
5.756656e-03
5.760974e-03
5.787384e-03
5.881085e-03
5.994095e-03
6.076919e-03
6.170856e-03
6.251286e-03
6.289498e-03
6.291376e-03
6.276372e-03
6.265338e-03
6.274326e-03
6.318929e-03
6.396671e-03
6.484781e-03
6.510695e-03
6.464315e-03
6.424452e-03
6.431157e-03
6.424719e-03
6.346672e-03
6.259909e-03
6.214378e-03
6.164042e-03
6.072119e-03
5.933406e-03
5.751309e-03
5.572033e-03
5.404948e-03
5.206531e-03
5.009215e-03
4.894149e-03
4.886990e-03
4.927437e-03
4.933786e-03
4.849300e-03
4.664574e-03
4.408368e-03
4.141896e-03
3.886822e-03
3.611603e-03
3.400057e-03
3.292501e-03
3.219040e-03
3.163710e-03
3.054951e-03
2.815912e-03
2.482941e-03
2.159051e-03
1.924798e-03
1.767880e-03
1.695934e-03
1.741190e-03
1.827929e-03
1.821289e-03
1.631214e-03
1.287185e-03
9.318003e-04
6.783581e-04
5.297597e-04
4.595784e-04
4.273504e-04
3.870223e-04
3.516828e-04
2.861280e-04
1.323180e-04
-8.642894e-05
-3.089880e-04
-4.578264e-04
-5.088077e-04
-5.520869e-04
-6.419734e-04
-6.961239e-04
-7.061012e-04
-7.461979e-04
-8.055464e-04
-8.436866e-04
-8.681117e-04
-9.818996e-04
-1.209635e-03
-1.438699e-03
-1.648358e-03
-1.859800e-03
-2.058873e-03
-2.239171e-03
-2.397508e-03
-2.509235e-03
-2.565545e-03
-2.623126e-03
-2.767432e-03
-2.998053e-03
-3.190357e-03
-3.322905e-03
-3.406873e-03
-3.385301e-03
-3.309876e-03
-3.257463e-03
-3.241283e-03
-3.273751e-03
-3.397616e-03
-3.561811e-03
-3.692348e-03
-3.816408e-03
-3.871583e-03
-3.815594e-03
-3.772907e-03
-3.780960e-03
-3.874894e-03
-4.149936e-03
-4.465251e-03
-4.704604e-03
-4.906937e-03
-5.028943e-03
-5.052270e-03
-5.001542e-03
-4.924093e-03
-4.897780e-03
-5.026247e-03
-5.320157e-03
-5.592246e-03
-5.771565e-03
-5.926184e-03
-6.057979e-03
-6.117422e-03
-6.051435e-03
-5.875265e-03
-5.673730e-03
-5.598180e-03
-5.647866e-03
-5.645842e-03
-5.580383e-03
-5.513833e-03
-5.398328e-03
-5.174931e-03
-4.871914e-03
-4.571311e-03
-4.338280e-03
-4.198019e-03
-4.055262e-03
-3.803581e-03
-3.500586e-03
-3.237760e-03
-3.028304e-03
-2.895829e-03
-2.839636e-03
-2.790398e-03
-2.721708e-03
-2.599147e-03
-2.375729e-03
-2.099877e-03
-1.884170e-03
-1.802428e-03
-1.765338e-03
-1.634694e-03
-1.391469e-03
-1.116572e-03
-8.921069e-04
-6.622463e-04
-3.130210e-04
6.862710e-05
2.642152e-04
2.881176e-04
3.234390e-04
4.409488e-04
6.568315e-04
9.687350e-04
1.307207e-03
1.599932e-03
1.817616e-03
1.935600e-03
1.955446e-03
1.931094e-03
1.942829e-03
2.081963e-03
2.356700e-03
2.690662e-03
3.010069e-03
3.239492e-03
3.308971e-03
3.280604e-03
3.329743e-03
3.543861e-03
3.876392e-03
4.140582e-03
4.209733e-03
4.171142e-03
4.151637e-03
4.214310e-03
4.289904e-03
4.345948e-03
4.487009e-03
4.739600e-03
5.015788e-03
5.177640e-03
5.136205e-03
5.007339e-03
4.982190e-03
5.046103e-03
5.111742e-03
5.206613e-03
5.380240e-03
5.631413e-03
5.889638e-03
6.066025e-03
6.127552e-03
6.108943e-03
6.087858e-03
6.064330e-03
5.965299e-03
5.875796e-03
5.909777e-03
5.976474e-03
5.983297e-03
5.943515e-03
5.855322e-03
5.784073e-03
5.821987e-03
5.933333e-03
6.149063e-03
6.477753e-03
6.805718e-03
7.056496e-03
7.157140e-03
7.136979e-03
7.072175e-03
6.984664e-03
6.880469e-03
6.816975e-03
6.861505e-03
6.942496e-03
7.007280e-03
7.065978e-03
7.111449e-03
7.105821e-03
7.021345e-03
6.914208e-03
6.861943e-03
6.856357e-03
6.793634e-03
6.644427e-03
6.478026e-03
6.365673e-03
6.315394e-03
6.245118e-03
6.065589e-03
5.791945e-03
5.555430e-03
5.426803e-03
5.367859e-03
5.281539e-03
5.113756e-03
4.928978e-03
4.761309e-03
4.568759e-03
4.337883e-03
4.128870e-03
4.005763e-03
3.988236e-03
3.994484e-03
3.958114e-03
3.908511e-03
3.819899e-03
3.722449e-03
3.676165e-03
3.650217e-03
3.591636e-03
3.499403e-03
3.437900e-03
3.365321e-03
3.253081e-03
3.159367e-03
3.052485e-03
2.933874e-03
2.882542e-03
2.895869e-03
2.886775e-03
2.822219e-03
2.738544e-03
2.637966e-03
2.540749e-03
2.452026e-03
2.309413e-03
2.153239e-03
2.091253e-03
2.144818e-03
2.260245e-03
2.372905e-03
2.428374e-03
2.395201e-03
2.288799e-03
2.133803e-03
1.914076e-03
1.632564e-03
1.419746e-03
1.402490e-03
1.520059e-03
1.612745e-03
1.593251e-03
1.512980e-03
1.423567e-03
1.301212e-03
1.173644e-03
1.128591e-03
1.167454e-03
1.190237e-03
1.150609e-03
1.088873e-03
1.026183e-03
9.151903e-04
7.441324e-04
5.899969e-04
5.026180e-04
4.581016e-04
4.421490e-04
4.382080e-04
3.645223e-04
2.461841e-04
1.823909e-04
1.521701e-04
1.316767e-04
7.240408e-05
-4.824837e-05
-8.798557e-05
-5.719983e-05
-3.879647e-05
2.036162e-05
1.216843e-04
2.500948e-04
3.250527e-04
2.760296e-04
1.770353e-04
5.103834e-05
-1.123045e-04
-2.840889e-04
-4.507187e-04
-5.589681e-04
-5.349099e-04
-3.776831e-04
-1.648698e-04
-1.576741e-06
7.835402e-05
7.246042e-05
-4.008385e-05
-1.929721e-04
-2.695975e-04
-2.485111e-04
-1.889889e-04
-1.166015e-04
-4.084509e-05
4.856550e-05
1.624107e-04
2.054729e-04
1.172723e-04
-2.002134e-05
-1.269663e-04
-1.945661e-04
-2.340011e-04
-2.618047e-04
-3.068920e-04
-3.818330e-04
-4.920469e-04
-6.484086e-04
-7.914238e-04
-8.883735e-04
-1.020329e-03
-1.155367e-03
-1.185957e-03
-1.197005e-03
-1.296165e-03
-1.456294e-03
-1.575502e-03
-1.523276e-03
-1.386693e-03
-1.391800e-03
-1.554142e-03
-1.663504e-03
-1.638879e-03
-1.694037e-03
-1.902921e-03
-2.078007e-03
-2.119658e-03
-2.056542e-03
-1.956505e-03
-1.977160e-03
-2.112063e-03
-2.126111e-03
-2.049462e-03
-2.061709e-03
-2.080440e-03
-2.040469e-03
-2.037586e-03
-2.051257e-03
-2.123376e-03
-2.355696e-03
-2.575292e-03
-2.692122e-03
-2.814922e-03
-2.915505e-03
-2.950955e-03
-2.987031e-03
-3.038430e-03
-3.067556e-03
-3.149920e-03
-3.347666e-03
-3.596503e-03
-3.827672e-03
-3.970262e-03
-4.043350e-03
-4.177647e-03
-4.382630e-03
-4.556734e-03
-4.678462e-03
-4.798221e-03
-4.948073e-03
-5.133165e-03
-5.312252e-03
-5.426860e-03
-5.493919e-03
-5.573905e-03
-5.735285e-03
-5.973109e-03
-6.178462e-03
-6.304452e-03
-6.361538e-03
-6.373159e-03
-6.428098e-03
-6.575731e-03
-6.791849e-03
-6.988473e-03
-7.091011e-03
-7.176371e-03
-7.254716e-03
-7.261464e-03
-7.238822e-03
-7.207701e-03
-7.225698e-03
-7.363045e-03
-7.544645e-03
-7.727589e-03
-7.968107e-03
-8.195912e-03
-8.292257e-03
-8.285792e-03
-8.277936e-03
-8.366557e-03
-8.551799e-03
-8.761648e-03
-8.919677e-03
-9.027964e-03
-9.181819e-03
-9.290200e-03
-9.253600e-03
-9.158315e-03
-9.094271e-03
-9.177463e-03
-9.408901e-03
-9.607419e-03
-9.688152e-03
-9.682171e-03
-9.608432e-03
-9.500137e-03
-9.384834e-03
-9.319892e-03
-9.437922e-03
-9.736476e-03
-1.002146e-02
-1.016671e-02
-1.024209e-02
-1.029939e-02
-1.027465e-02
-1.019850e-02
-1.015112e-02
-1.014493e-02
-1.021694e-02
-1.032219e-02
-1.033864e-02
-1.024621e-02
-1.016282e-02
-1.019859e-02
-1.023943e-02
-1.019484e-02
-1.019207e-02
-1.025564e-02
-1.031044e-02
-1.034255e-02
-1.034139e-02
-1.031669e-02
-1.028479e-02
-1.025605e-02
-1.023721e-02
-1.023390e-02
-1.025362e-02
-1.022139e-02
-1.013382e-02
-1.010236e-02
-1.008482e-02
-1.003197e-02
-9.988218e-03
-9.876321e-03
-9.666513e-03
-9.464117e-03
-9.310429e-03
-9.183018e-03
-9.092473e-03
-9.080930e-03
-9.139305e-03
-9.190862e-03
-9.177745e-03
-9.074342e-03
-8.920882e-03
-8.820082e-03
-8.785170e-03
-8.809828e-03
-8.907690e-03
-9.004100e-03
-9.021994e-03
-8.919315e-03
-8.697799e-03
-8.438791e-03
-8.278406e-03
-8.281315e-03
-8.361101e-03
-8.450169e-03
-8.564751e-03
-8.686156e-03
-8.727753e-03
-8.658404e-03
-8.497622e-03
-8.306465e-03
-8.208357e-03
-8.232190e-03
-8.340771e-03
-8.448300e-03
-8.438690e-03
-8.328403e-03
-8.223365e-03
-8.122062e-03
-7.975830e-03
-7.883676e-03
-7.957990e-03
-8.163234e-03
-8.367678e-03
-8.491382e-03
-8.477477e-03
-8.296702e-03
-8.057416e-03
-7.832975e-03
-7.636344e-03
-7.546132e-03
-7.609527e-03
-7.704733e-03
-7.742327e-03
-7.749951e-03
-7.684786e-03
-7.542502e-03
-7.387329e-03
-7.229237e-03
-7.081218e-03
-7.001849e-03
-6.989918e-03
-6.976397e-03
-6.903916e-03
-6.771037e-03
-6.666454e-03
-6.669863e-03
-6.769983e-03
-6.913546e-03
-7.053783e-03
-7.132756e-03
-7.134545e-03
-7.031779e-03
-6.769679e-03
-6.468783e-03
-6.296971e-03
-6.303675e-03
-6.479386e-03
-6.731191e-03
-6.938891e-03
-7.055199e-03
-7.074329e-03
-6.969582e-03
-6.783189e-03
-6.595039e-03
-6.430950e-03
-6.368006e-03
-6.426928e-03
-6.551266e-03
-6.727966e-03
-6.882967e-03
-6.891029e-03
-6.743372e-03
-6.563725e-03
-6.423684e-03
-6.349540e-03
-6.385095e-03
-6.481023e-03
-6.580254e-03
-6.640778e-03
-6.583734e-03
-6.416523e-03
-6.189667e-03
-5.937605e-03
-5.749836e-03
-5.722434e-03
-5.830611e-03
-5.922935e-03
-5.891092e-03
-5.704149e-03
-5.393699e-03
-5.105054e-03
-4.915844e-03
-4.789739e-03
-4.742251e-03
-4.783826e-03
-4.909092e-03
-5.103084e-03
-5.214673e-03
-5.115099e-03
-4.852571e-03
-4.541172e-03
-4.232419e-03
-3.940821e-03
-3.703518e-03
-3.509294e-03
-3.348511e-03
-3.233224e-03
-3.145403e-03
-3.016359e-03
-2.802975e-03
-2.611613e-03
-2.462161e-03
-2.341234e-03
-2.349492e-03
-2.458704e-03
-2.559894e-03
-2.556931e-03
-2.446795e-03
-2.327041e-03
-2.207168e-03
-2.047882e-03
-1.859243e-03
-1.729222e-03
-1.699154e-03
-1.708842e-03
-1.679455e-03
-1.594364e-03
-1.551065e-03
-1.569744e-03
-1.580234e-03
-1.519482e-03
-1.329119e-03
-1.051252e-03
-7.890439e-04
-6.355938e-04
-5.597431e-04
-4.708039e-04
-3.877574e-04
-3.015846e-04
-2.300751e-04
-1.776307e-04
-7.024963e-05
4.841015e-05
1.404690e-04
2.127093e-04
2.762682e-04
3.746867e-04
5.006033e-04
6.391173e-04
7.778744e-04
9.116497e-04
1.035944e-03
1.130548e-03
1.233054e-03
1.363667e-03
1.507002e-03
1.680208e-03
1.877292e-03
2.069396e-03
2.202409e-03
2.205020e-03
2.094122e-03
2.007250e-03
2.066863e-03
2.245060e-03
2.450264e-03
2.630043e-03
2.783143e-03
2.912021e-03
2.935556e-03
2.775068e-03
2.533412e-03
2.388468e-03
2.381750e-03
2.465763e-03
2.578158e-03
2.681939e-03
2.740264e-03
2.708675e-03
2.619364e-03
2.551872e-03
2.581404e-03
2.682892e-03
2.751974e-03
2.737378e-03
2.689227e-03
2.694708e-03
2.725484e-03
2.736735e-03
2.776448e-03
2.845525e-03
2.897308e-03
2.965716e-03
3.101807e-03
3.272340e-03
3.423612e-03
3.499351e-03
3.482956e-03
3.433024e-03
3.362283e-03
3.262009e-03
3.197342e-03
3.224210e-03
3.329597e-03
3.443307e-03
3.501241e-03
3.569948e-03
3.714016e-03
3.823409e-03
3.806136e-03
3.772919e-03
3.875078e-03
4.108275e-03
4.344499e-03
4.441086e-03
4.458592e-03
4.586416e-03
4.790106e-03
4.944240e-03
5.043958e-03
5.102895e-03
5.140733e-03
5.195233e-03
5.245566e-03
5.251350e-03
5.235684e-03
5.271974e-03
5.403651e-03
5.541353e-03
5.622815e-03
5.736609e-03
5.862384e-03
5.902286e-03
5.868317e-03
5.810612e-03
5.791815e-03
5.859437e-03
5.995141e-03
6.159294e-03
6.280614e-03
6.314775e-03
6.301387e-03
6.267216e-03
6.241996e-03
6.267594e-03
6.380947e-03
6.527193e-03
6.642186e-03
6.786631e-03
6.914122e-03
6.980623e-03
7.035177e-03
7.098313e-03
7.178445e-03
7.292187e-03
7.496472e-03
7.732937e-03
7.979291e-03
8.232522e-03
8.322865e-03
8.250048e-03
8.181098e-03
8.197497e-03
8.237837e-03
8.244276e-03
8.266639e-03
8.320151e-03
8.405922e-03
8.522427e-03
8.607989e-03
8.661335e-03
8.777509e-03
8.971527e-03
9.146746e-03
9.241886e-03
9.270450e-03
9.245299e-03
9.176184e-03
9.104853e-03
9.075196e-03
9.123906e-03
9.256132e-03
9.382803e-03
9.397041e-03
9.365544e-03
9.433333e-03
9.610830e-03
9.799865e-03
9.888897e-03
9.866392e-03
9.811575e-03
9.767916e-03
9.658960e-03
9.428631e-03
9.236526e-03
9.250939e-03
9.423214e-03
9.603403e-03
9.731642e-03
9.834693e-03
9.932888e-03
9.975300e-03
9.882545e-03
9.692920e-03
9.509127e-03
9.402167e-03
9.378941e-03
9.416107e-03
9.502041e-03
9.554082e-03
9.530339e-03
9.430430e-03
9.243542e-03
9.082050e-03
9.013431e-03
9.012271e-03
9.100965e-03
9.237892e-03
9.271654e-03
9.148563e-03
8.983616e-03
8.878055e-03
8.866716e-03
8.920389e-03
8.948347e-03
8.938050e-03
8.938855e-03
8.935658e-03
8.878468e-03
8.745237e-03
8.546499e-03
8.341004e-03
8.216256e-03
8.162798e-03
8.102832e-03
8.000968e-03
7.836008e-03
7.615639e-03
7.444894e-03
7.384352e-03
7.346103e-03
7.267163e-03
7.193225e-03
7.210329e-03
7.328332e-03
7.439729e-03
7.414222e-03
7.204750e-03
6.921387e-03
6.723435e-03
6.666166e-03
6.709852e-03
6.747815e-03
6.652534e-03
6.454220e-03
6.333767e-03
6.349044e-03
6.361912e-03
6.253086e-03
6.108074e-03
6.150393e-03
6.403029e-03
6.595368e-03
6.530313e-03
6.293334e-03
6.090037e-03
5.981285e-03
5.865372e-03
5.713560e-03
5.707826e-03
6.000769e-03
6.450584e-03
6.680041e-03
6.327899e-03
5.479692e-03
4.614019e-03
4.119640e-03
4.139846e-03
4.563353e-03
5.177845e-03
5.811615e-03
6.186962e-03
5.932535e-03
4.993951e-03
3.836749e-03
3.105255e-03
3.143421e-03
3.830773e-03
4.769862e-03
5.427618e-03
5.427942e-03
4.786889e-03
3.809990e-03
2.975521e-03
2.539075e-03
2.482679e-03
2.786331e-03
3.300436e-03
3.778191e-03
3.944629e-03
3.653095e-03
3.102337e-03
2.654766e-03
2.553455e-03
2.670606e-03
2.725922e-03
2.632932e-03
2.474956e-03
2.430856e-03
2.497038e-03
2.498754e-03
2.408154e-03
2.229658e-03
1.935220e-03
1.606938e-03
1.396434e-03
1.420053e-03
1.655030e-03
1.945494e-03
2.136676e-03
2.103036e-03
1.753210e-03
1.173414e-03
6.154484e-04
3.397993e-04
4.556365e-04
8.847216e-04
1.463600e-03
1.877050e-03
1.868903e-03
1.507143e-03
1.026436e-03
6.942008e-04
6.210894e-04
7.021407e-04
8.416163e-04
9.946139e-04
1.048801e-03
9.930645e-04
9.970031e-04
1.120485e-03
1.288918e-03
1.396802e-03
1.421009e-03
1.417211e-03
1.338224e-03
1.073758e-03
5.804609e-04
1.187254e-04
1.081826e-04
5.992134e-04
1.224314e-03
1.579587e-03
1.537221e-03
1.202915e-03
7.163214e-04
1.789970e-04
-2.838896e-04
-4.975358e-04
-3.176453e-04
2.078504e-04
7.595401e-04
9.951350e-04
8.025294e-04
3.102011e-04
-2.351695e-04
-6.490308e-04
-8.780052e-04
-8.718344e-04
-5.469294e-04
-1.789022e-05
4.017321e-04
4.755640e-04
1.719290e-04
-3.923364e-04
-9.989009e-04
-1.402748e-03
-1.561530e-03
-1.538613e-03
-1.340926e-03
-1.096220e-03
-9.616072e-04
-9.794559e-04
-1.183388e-03
-1.579972e-03
-1.980298e-03
-2.117367e-03
-1.979074e-03
-1.718324e-03
-1.443873e-03
-1.213959e-03
-1.099954e-03
-1.212495e-03
-1.522343e-03
-1.831954e-03
-1.935004e-03
-1.757122e-03
-1.432705e-03
-1.164627e-03
-1.081461e-03
-1.174605e-03
-1.419195e-03
-1.821096e-03
-2.250556e-03
-2.526905e-03
-2.544482e-03
-2.340712e-03
-2.081066e-03
-1.882728e-03
-1.787178e-03
-1.826682e-03
-2.026896e-03
-2.337847e-03
-2.572257e-03
-2.577252e-03
-2.405288e-03
-2.179082e-03
-1.979838e-03
-1.923015e-03
-2.062285e-03
-2.329836e-03
-2.627181e-03
-2.812423e-03
-2.790609e-03
-2.604717e-03
-2.367440e-03
-2.192887e-03
-2.173967e-03
-2.385057e-03
-2.827162e-03
-3.319476e-03
-3.602239e-03
-3.575043e-03
-3.292271e-03
-2.957650e-03
-2.807413e-03
-2.881980e-03
-3.063807e-03
-3.241613e-03
-3.411094e-03
-3.517662e-03
-3.397575e-03
-3.002409e-03
-2.541658e-03
-2.326689e-03
-2.449035e-03
-2.742653e-03
-2.975629e-03
-3.036146e-03
-2.915996e-03
-2.610776e-03
-2.250930e-03
-2.036789e-03
-2.065543e-03
-2.335693e-03
-2.623518e-03
-2.707756e-03
-2.675531e-03
-2.643550e-03
-2.575534e-03
-2.387321e-03
-2.139618e-03
-2.014835e-03
-2.072104e-03
-2.260363e-03
-2.395285e-03
-2.282724e-03
-1.970457e-03
-1.631959e-03
-1.384399e-03
-1.255154e-03
-1.249537e-03
-1.330518e-03
-1.400668e-03
-1.423991e-03
-1.396219e-03
-1.305700e-03
-1.186023e-03
-1.107008e-03
-1.119006e-03
-1.199702e-03
-1.269000e-03
-1.238792e-03
-1.148779e-03
-1.113274e-03
-1.120899e-03
-1.091711e-03
-1.046898e-03
-1.050456e-03
-1.053325e-03
-1.003890e-03
-8.648130e-04
-6.305533e-04
-4.185193e-04
-3.187267e-04
-3.185766e-04
-3.432011e-04
-2.880419e-04
-1.442247e-04
-6.456138e-05
-1.154985e-04
-1.945428e-04
-2.699756e-04
-3.977846e-04
-5.580301e-04
-6.443545e-04
-5.979254e-04
-4.739956e-04
-3.764119e-04
-3.325868e-04
-3.327700e-04
-3.806868e-04
-4.807344e-04
-6.091895e-04
-6.156222e-04
-3.340256e-04
1.855384e-04
6.261062e-04
7.122182e-04
5.297770e-04
3.277893e-04
2.063147e-04
1.083311e-04
-1.754729e-05
-3.524912e-05
2.605289e-04
7.732429e-04
1.179288e-03
1.291296e-03
1.177139e-03
1.058430e-03
1.058174e-03
1.112559e-03
1.114298e-03
1.055357e-03
1.078302e-03
1.272518e-03
1.528556e-03
1.666084e-03
1.589890e-03
1.426796e-03
1.369786e-03
1.428448e-03
1.506098e-03
1.520961e-03
1.509896e-03
1.591965e-03
1.738040e-03
1.761040e-03
1.548403e-03
1.267434e-03
1.168904e-03
1.262265e-03
1.407026e-03
1.550166e-03
1.769681e-03
2.091729e-03
2.376423e-03
2.439353e-03
2.205555e-03
1.824652e-03
1.463716e-03
1.164460e-03
1.062202e-03
1.239660e-03
1.555153e-03
1.807004e-03
1.849057e-03
1.650451e-03
1.357086e-03
1.162599e-03
1.116540e-03
1.160671e-03
1.234669e-03
1.410351e-03
1.637102e-03
1.612954e-03
1.226410e-03
6.776190e-04
3.655586e-04
4.735989e-04
7.994432e-04
1.127237e-03
1.341517e-03
1.428342e-03
1.397947e-03
1.227582e-03
9.338989e-04
6.775467e-04
6.949529e-04
9.303019e-04
1.095924e-03
1.096232e-03
1.024275e-03
9.173468e-04
7.368667e-04
4.915871e-04
2.889760e-04
2.783185e-04
5.115734e-04
8.687563e-04
1.156144e-03
1.228083e-03
1.049591e-03
6.992936e-04
2.625832e-04
-1.680793e-04
-3.812679e-04
-2.592649e-04
3.052084e-07
1.482767e-04
8.297096e-05
-2.457278e-04
-7.660302e-04
-1.252940e-03
-1.536775e-03
-1.548121e-03
-1.304435e-03
-9.804760e-04
-7.072601e-04
-4.767231e-04
-3.196305e-04
-3.182819e-04
-4.950326e-04
-7.246566e-04
-8.315261e-04
-7.394494e-04
-5.162636e-04
-3.498290e-04
-2.641379e-04
-8.050784e-05
2.462533e-04
5.564885e-04
7.229068e-04
8.524037e-04
1.026993e-03
1.106995e-03
9.893971e-04
7.105675e-04
4.054943e-04
2.694309e-04
3.442811e-04
4.796633e-04
6.899073e-04
1.047740e-03
1.349065e-03
1.422365e-03
1.282063e-03
1.012938e-03
8.237443e-04
8.456725e-04
9.534229e-04
9.932654e-04
9.821199e-04
9.808307e-04
9.287838e-04
7.707315e-04
6.067208e-04
4.979621e-04
4.348756e-04
4.588060e-04
5.154950e-04
4.873953e-04
3.610649e-04
1.808196e-04
-3.313978e-06
-5.755003e-05
1.043997e-04
3.473140e-04
5.254560e-04
6.355043e-04
7.227981e-04
8.236084e-04
9.340444e-04
9.866802e-04
9.535200e-04
9.300974e-04
9.961351e-04
1.169921e-03
1.386883e-03
1.537336e-03
1.662104e-03
1.826570e-03
1.966621e-03
1.978681e-03
1.847079e-03
1.679766e-03
1.632315e-03
1.765370e-03
1.964201e-03
2.118332e-03
2.174614e-03
2.151783e-03
2.159035e-03
2.216156e-03
2.285719e-03
2.377349e-03
2.558357e-03
2.805998e-03
2.967633e-03
2.971393e-03
2.849295e-03
2.707062e-03
2.621764e-03
2.578097e-03
2.600561e-03
2.706201e-03
2.835652e-03
2.929870e-03
2.960197e-03
2.904879e-03
2.734499e-03
2.516817e-03
2.387236e-03
2.349422e-03
2.336093e-03
2.336079e-03
2.377492e-03
2.439226e-03
2.446789e-03
2.340087e-03
2.106570e-03
1.894609e-03
1.846930e-03
1.908123e-03
1.987117e-03
2.044342e-03
2.064808e-03
2.058394e-03
2.021267e-03
1.894067e-03
1.681382e-03
1.452182e-03
1.249308e-03
1.034642e-03
6.992398e-04
2.906939e-04
-4.525740e-05
-2.317297e-04
-2.674264e-04
-2.556606e-04
-2.803812e-04
-3.546453e-04
-4.773843e-04
-6.315348e-04
-7.970035e-04
-9.384463e-04
-1.012791e-03
-9.823565e-04
-8.602166e-04
-7.207351e-04
-6.490197e-04
-7.078388e-04
-8.542609e-04
-9.940324e-04
-1.071677e-03
-1.103383e-03
-1.148793e-03
-1.226388e-03
-1.375188e-03
-1.593732e-03
-1.843745e-03
-2.192923e-03
-2.627748e-03
-2.991594e-03
-3.205264e-03
-3.242464e-03
-3.154894e-03
-3.056451e-03
-2.955645e-03
-2.847941e-03
-2.778537e-03
-2.747865e-03
-2.710356e-03
-2.642967e-03
-2.555321e-03
-2.459846e-03
-2.388659e-03
-2.428013e-03
-2.586720e-03
-2.769042e-03
-2.927343e-03
-3.051161e-03
-3.087104e-03
-3.012059e-03
-2.916827e-03
-2.888554e-03
-2.967636e-03
-3.101725e-03
-3.190628e-03
-3.244522e-03
-3.302420e-03
-3.351625e-03
-3.366257e-03
-3.394978e-03
-3.525193e-03
-3.808338e-03
-4.168183e-03
-4.454157e-03
-4.672133e-03
-4.853885e-03
-4.999178e-03
-5.145751e-03
-5.343341e-03
-5.652882e-03
-6.009031e-03
-6.282708e-03
-6.425836e-03
-6.436113e-03
-6.358080e-03
-6.284325e-03
-6.240810e-03
-6.172860e-03
-6.114258e-03
-6.142903e-03
-6.218276e-03
-6.276944e-03
-6.290238e-03
-6.169684e-03
-5.872281e-03
-5.510506e-03
-5.243756e-03
-5.114076e-03
-5.074194e-03
-5.089796e-03
-5.103487e-03
-5.115606e-03
-5.105136e-03
-4.922522e-03
-4.575653e-03
-4.264935e-03
-4.099115e-03
-4.035097e-03
-3.972949e-03
-3.876421e-03
-3.768853e-03
-3.661550e-03
-3.604050e-03
-3.560484e-03
-3.471222e-03
-3.425397e-03
-3.435298e-03
-3.419919e-03
-3.312238e-03
-3.147558e-03
-3.011630e-03
-2.899755e-03
-2.897408e-03
-3.013549e-03
-3.084998e-03
-3.016173e-03
-2.803332e-03
-2.533181e-03
-2.296237e-03
-2.166459e-03
-2.193036e-03
-2.338183e-03
-2.580890e-03
-2.874674e-03
-3.139629e-03
-3.345656e-03
-3.433383e-03
-3.400571e-03
-3.335876e-03
-3.304473e-03
-3.321061e-03
-3.323598e-03
-3.238212e-03
-3.055911e-03
-2.814351e-03
-2.561542e-03
-2.387695e-03
-2.364787e-03
-2.459075e-03
-2.656057e-03
-2.913921e-03
-3.068921e-03
-3.008139e-03
-2.793123e-03
-2.518712e-03
-2.279542e-03
-2.232014e-03
-2.408747e-03
-2.738543e-03
-3.124485e-03
-3.384474e-03
-3.354645e-03
-3.032160e-03
-2.630973e-03
-2.343399e-03
-2.222822e-03
-2.312883e-03
-2.594624e-03
-2.914238e-03
-3.088871e-03
-2.997900e-03
-2.632690e-03
-2.253395e-03
-2.114859e-03
-2.131943e-03
-2.165385e-03
-2.245990e-03
-2.440940e-03
-2.728260e-03
-3.039301e-03
-3.270319e-03
-3.366706e-03
-3.398787e-03
-3.415866e-03
-3.389109e-03
-3.300920e-03
-3.240176e-03
-3.340634e-03
-3.606325e-03
-3.831637e-03
-3.861765e-03
-3.719734e-03
-3.483505e-03
-3.347108e-03
-3.354157e-03
-3.397727e-03
-3.568433e-03
-3.915864e-03
-4.254330e-03
-4.327162e-03
-4.013393e-03
-3.482951e-03
-3.090185e-03
-3.035245e-03
-3.229811e-03
-3.548466e-03
-3.966305e-03
-4.390565e-03
-4.551419e-03
-4.225155e-03
-3.608419e-03
-3.152277e-03
-3.017057e-03
-2.997428e-03
-2.851637e-03
-2.588959e-03
-2.413912e-03
-2.423175e-03
-2.490038e-03
-2.439039e-03
-2.359981e-03
-2.504573e-03
-2.890488e-03
-3.278993e-03
-3.439859e-03
-3.391907e-03
-3.338524e-03
-3.444059e-03
-3.754115e-03
-4.194845e-03
-4.631341e-03
-4.902100e-03
-4.778833e-03
-4.011298e-03
-2.622378e-03
-1.068429e-03
-1.438509e-05
8.558936e-05
-6.305806e-04
-1.622143e-03
-2.448547e-03
-2.932816e-03
-2.958483e-03
-2.431282e-03
-1.579641e-03
-8.821664e-04
-6.599202e-04
-9.270622e-04
-1.485845e-03
-2.108392e-03
-2.674118e-03
-3.022926e-03
-2.920530e-03
-2.461186e-03
-2.098643e-03
-2.190127e-03
-2.746824e-03
-3.396597e-03
-3.618227e-03
-3.263053e-03
-2.675134e-03
-2.123521e-03
-1.556412e-03
-1.007581e-03
-7.127087e-04
-9.250037e-04
-1.663478e-03
-2.498433e-03
-2.842329e-03
-2.473530e-03
-1.571881e-03
-3.492140e-04
9.757108e-04
1.994768e-03
2.244001e-03
1.624794e-03
5.780334e-04
-4.372165e-04
-1.176845e-03
-1.374308e-03
-9.274554e-04
-1.020884e-04
6.148247e-04
7.712596e-04
3.501583e-04
-1.911996e-04
-5.733835e-04
-9.209971e-04
-1.246745e-03
-1.239734e-03
-5.911004e-04
5.839938e-04
1.566122e-03
1.599427e-03
8.417441e-04
2.151291e-05
-5.415078e-04
-8.812742e-04
-1.117643e-03
-1.273381e-03
-1.084887e-03
-4.402004e-04
2.094221e-04
2.101920e-04
-5.194378e-04
-1.279730e-03
-1.412782e-03
-1.026138e-03
-6.852198e-04
-5.631678e-04
-3.247079e-04
1.509238e-05
5.504382e-05
-1.857826e-04
-3.233495e-04
-1.543964e-04
1.952124e-04
3.802106e-04
1.196915e-04
-4.270490e-04
-8.184816e-04
-7.939046e-04
-3.431543e-04
2.699251e-04
7.495983e-04
1.007083e-03
9.294269e-04
4.735374e-04
-1.979912e-04
-7.839310e-04
-9.376130e-04
-4.079119e-04
7.781205e-04
1.911517e-03
2.170710e-03
1.628420e-03
8.149866e-04
9.053996e-05
-2.876416e-04
-1.712861e-04
6.073885e-04
1.985275e-03
3.052690e-03
2.711373e-03
9.723722e-04
-9.599934e-04
-1.892089e-03
-1.705644e-03
-1.091387e-03
-5.104365e-04
2.986903e-04
1.415733e-03
2.089141e-03
1.822784e-03
1.052881e-03
5.644294e-04
6.634599e-04
1.177242e-03
1.964326e-03
2.823699e-03
3.568616e-03
3.945168e-03
3.607846e-03
2.543139e-03
1.177453e-03
2.364819e-04
1.522156e-04
8.201553e-04
1.792521e-03
2.460977e-03
2.480583e-03
1.861660e-03
8.903627e-04
1.541611e-06
-4.736951e-04
-3.620836e-04
3.873485e-04
1.651533e-03
3.020992e-03
3.799375e-03
3.427395e-03
2.135427e-03
8.817162e-04
5.328809e-04
1.209055e-03
2.462234e-03
3.940991e-03
5.430010e-03
6.336369e-03
5.855148e-03
4.027257e-03
1.784723e-03
-1.756993e-04
-1.304425e-03
-9.306979e-04
8.082035e-04
2.936310e-03
4.370085e-03
4.392756e-03
3.052529e-03
1.036479e-03
-6.924402e-04
-1.371517e-03
-7.358860e-04
9.998085e-04
3.147619e-03
4.793025e-03
5.140524e-03
4.081560e-03
2.293169e-03
6.442943e-04
-1.366651e-04
1.306691e-04
1.161701e-03
2.681027e-03
4.120493e-03
4.560380e-03
3.613399e-03
1.812137e-03
-1.001833e-04
-1.522601e-03
-2.113659e-03
-1.873967e-03
-7.567123e-04
9.590925e-04
2.345265e-03
2.629690e-03
1.893242e-03
7.262472e-04
-5.023746e-04
-1.469752e-03
-1.578314e-03
-4.140560e-04
1.645794e-03
3.600524e-03
4.736608e-03
4.716197e-03
3.201549e-03
5.613265e-04
-1.964238e-03
-3.332178e-03
-3.121578e-03
-1.469477e-03
8.538102e-04
2.723984e-03
3.303110e-03
2.358692e-03
4.009482e-04
-1.493367e-03
-2.657749e-03
-3.112964e-03
-2.915472e-03
-1.867008e-03
-1.174829e-04
1.406047e-03
1.923984e-03
1.225848e-03
-4.042130e-04
-1.993509e-03
-2.722449e-03
-2.513524e-03
-1.584367e-03
-1.308650e-04
1.337023e-03
1.895001e-03
1.173230e-03
-4.237188e-04
-2.186733e-03
-3.300890e-03
-3.465277e-03
-2.906978e-03
-1.921320e-03
-9.584629e-04
-4.684962e-04
-5.291488e-04
-9.971431e-04
-1.733227e-03
-2.579824e-03
-3.396124e-03
-3.977884e-03
-3.968122e-03
-3.158529e-03
-2.050454e-03
-1.510891e-03
-1.699593e-03
-2.221822e-03
-2.835718e-03
-3.490293e-03
-4.054590e-03
-4.223727e-03
-3.976733e-03
-3.692717e-03
-3.613402e-03
-3.662312e-03
-3.764749e-03
-4.035886e-03
-4.435614e-03
-4.642075e-03
-4.531585e-03
-4.272332e-03
-4.141030e-03
-4.352526e-03
-4.571327e-03
-4.209925e-03
-3.454282e-03
-3.098835e-03
-3.335110e-03
-3.527872e-03
-3.227268e-03
-2.796272e-03
-2.940122e-03
-3.818301e-03
-4.742614e-03
-4.961782e-03
-4.774375e-03
-4.912317e-03
-5.212640e-03
-5.126780e-03
-4.561348e-03
-3.901223e-03
-3.689392e-03
-4.108213e-03
-4.666306e-03
-4.746031e-03
-4.615557e-03
-4.664453e-03
-4.609416e-03
-4.263504e-03
-3.623207e-03
-2.846484e-03
-2.364651e-03
-2.483670e-03
-3.021649e-03
-3.511588e-03
-3.824877e-03
-4.052708e-03
-4.049701e-03
-3.476243e-03
-2.413281e-03
-1.691700e-03
-1.873604e-03
-2.611779e-03
-3.454779e-03
-4.309093e-03
-5.033778e-03
-5.322135e-03
-4.931735e-03
-3.839755e-03
-2.446768e-03
-1.518413e-03
-1.634903e-03
-2.534453e-03
-3.333591e-03
-3.526974e-03
-3.335391e-03
-3.190314e-03
-3.030390e-03
-2.381962e-03
-1.259347e-03
-4.212616e-04
-5.690320e-04
-1.543078e-03
-2.464391e-03
-2.724905e-03
-2.679947e-03
-3.020150e-03
-3.611854e-03
-3.483396e-03
-2.144310e-03
-4.726800e-04
2.193752e-04
-2.445349e-04
-9.036164e-04
-1.227500e-03
-1.658877e-03
-2.459846e-03
-3.066269e-03
-2.779286e-03
-1.616484e-03
-2.045007e-04
8.814758e-04
1.441032e-03
1.533344e-03
1.253178e-03
6.613847e-04
2.532856e-05
-6.989125e-05
6.638490e-04
1.803863e-03
2.739359e-03
3.273985e-03
3.498337e-03
3.479364e-03
3.209756e-03
2.697285e-03
2.292338e-03
2.469705e-03
3.220060e-03
4.084315e-03
4.595185e-03
4.615647e-03
4.413851e-03
4.295885e-03
4.119218e-03
3.729113e-03
3.596050e-03
4.261759e-03
5.514381e-03
6.527580e-03
6.750429e-03
6.354983e-03
5.818022e-03
5.430486e-03
5.236894e-03
5.256867e-03
5.491722e-03
5.799155e-03
6.003451e-03
6.000745e-03
5.891458e-03
5.984361e-03
6.333552e-03
6.687354e-03
6.974187e-03
7.080284e-03
6.646517e-03
5.742989e-03
4.903227e-03
4.631367e-03
5.194437e-03
6.258533e-03
7.086994e-03
7.313566e-03
7.073567e-03
6.507589e-03
5.650228e-03
4.779645e-03
4.375173e-03
4.743992e-03
5.835454e-03
7.229500e-03
8.242931e-03
8.332031e-03
7.564384e-03
6.504950e-03
5.697410e-03
5.555929e-03
6.217276e-03
7.277769e-03
8.171725e-03
8.441166e-03
7.829579e-03
6.600585e-03
5.445747e-03
4.910096e-03
5.016941e-03
5.636231e-03
6.691840e-03
7.847818e-03
8.661110e-03
8.641924e-03
7.481284e-03
5.785451e-03
4.498138e-03
4.064306e-03
4.521853e-03
5.487154e-03
6.512307e-03
7.358003e-03
7.706791e-03
7.212714e-03
5.975199e-03
4.735757e-03
4.227971e-03
4.676191e-03
5.895583e-03
7.307444e-03
8.266864e-03
8.467520e-03
7.788062e-03
6.293762e-03
4.463614e-03
3.045433e-03
2.643443e-03
3.239034e-03
4.177064e-03
4.839836e-03
5.183458e-03
5.387170e-03
5.145787e-03
4.205963e-03
3.140515e-03
2.674648e-03
2.920559e-03
3.413667e-03
3.703655e-03
3.847111e-03
3.981729e-03
3.909428e-03
3.469196e-03
2.882276e-03
2.568193e-03
2.572333e-03
2.639121e-03
2.817275e-03
3.188754e-03
3.505930e-03
3.450692e-03
2.973900e-03
2.300523e-03
1.614031e-03
1.020728e-03
7.086342e-04
8.144790e-04
1.095292e-03
1.177060e-03
1.057215e-03
1.065235e-03
1.320612e-03
1.427571e-03
1.104225e-03
5.624056e-04
2.222690e-04
2.508433e-04
3.039869e-04
1.021297e-04
-1.120250e-04
2.554036e-05
4.066462e-04
6.164581e-04
4.968043e-04
1.428986e-04
-2.501649e-04
-5.482386e-04
-8.342787e-04
-1.111679e-03
-1.140760e-03
-7.998272e-04
-2.829586e-04
1.047876e-05
-2.404034e-04
-9.176510e-04
-1.613268e-03
-2.074274e-03
-2.244281e-03
-2.138484e-03
-1.872807e-03
-1.576288e-03
-1.408273e-03
-1.616137e-03
-2.158959e-03
-2.617896e-03
-2.594654e-03
-2.129865e-03
-1.773259e-03
-1.871890e-03
-2.227644e-03
-2.642723e-03
-3.128445e-03
-3.589151e-03
-3.761120e-03
-3.453184e-03
-2.607964e-03
-1.478883e-03
-7.019012e-04
-7.023860e-04
-1.284610e-03
-2.051893e-03
-2.870010e-03
-3.649661e-03
-4.197815e-03
-4.311827e-03
-3.749278e-03
-2.577324e-03
-1.387879e-03
-7.859384e-04
-8.923026e-04
-1.351228e-03
-1.798487e-03
-2.296193e-03
-2.965977e-03
-3.491383e-03
-3.480811e-03
-3.043167e-03
-2.719353e-03
-2.915301e-03
-3.416304e-03
-3.622045e-03
-3.260315e-03
-2.520023e-03
-1.729913e-03
-1.056717e-03
-4.806971e-04
-1.851264e-04
-5.047050e-04
-1.474481e-03
-2.629842e-03
-3.280089e-03
-3.219469e-03
-2.687833e-03
-1.848492e-03
-1.062071e-03
-7.631356e-04
-9.672129e-04
-1.572506e-03
-2.401076e-03
-3.031789e-03
-3.165791e-03
-2.722327e-03
-1.726355e-03
-4.727927e-04
5.458678e-04
1.027957e-03
9.743696e-04
4.166937e-04
-4.266936e-04
-1.066555e-03
-1.352412e-03
-1.350620e-03
-1.060268e-03
-7.820996e-04
-7.500473e-04
-7.477384e-04
-6.193274e-04
-3.617928e-04
2.913600e-05
3.526682e-04
4.327688e-04
3.631591e-04
2.390651e-04
6.994167e-05
-8.774024e-05
-1.670286e-04
-1.588477e-04
-8.484437e-05
1.137769e-05
8.233097e-05
1.027516e-04
6.792467e-05
-6.508938e-05
-2.418474e-04
-1.410431e-04
3.859376e-04
1.058380e-03
1.695478e-03
2.272042e-03
2.612834e-03
2.514954e-03
1.903766e-03
9.685652e-04
1.981574e-04
7.427212e-05
5.426468e-04
1.067709e-03
1.338573e-03
1.387575e-03
1.197769e-03
7.052512e-04
1.627360e-04
-3.614180e-05
1.773451e-04
6.934680e-04
1.303996e-03
1.771219e-03
2.023776e-03
1.853204e-03
1.143424e-03
4.102694e-04
2.604549e-04
6.896945e-04
1.362737e-03
2.026419e-03
2.452668e-03
2.613781e-03
2.508011e-03
1.818587e-03
6.035996e-04
-2.431466e-04
1.448633e-04
1.641707e-03
3.417437e-03
4.714661e-03
5.193301e-03
4.899483e-03
3.835332e-03
2.018463e-03
1.252709e-04
-7.866956e-04
-2.625647e-04
1.340880e-03
3.194778e-03
4.442499e-03
4.713492e-03
4.233011e-03
3.433739e-03
2.568902e-03
1.910131e-03
1.773986e-03
2.125739e-03
2.719487e-03
3.247845e-03
3.451721e-03
3.341270e-03
3.076226e-03
2.946582e-03
3.200747e-03
3.736015e-03
4.188462e-03
4.239261e-03
3.798740e-03
2.962267e-03
1.961898e-03
1.073716e-03
6.794659e-04
1.114006e-03
2.262329e-03
3.642121e-03
4.698759e-03
5.061782e-03
4.629818e-03
3.606520e-03
2.446503e-03
1.704053e-03
1.874085e-03
3.032143e-03
4.712662e-03
6.113220e-03
6.600915e-03
6.135458e-03
5.103481e-03
3.977269e-03
3.208787e-03
3.171905e-03
3.968189e-03
5.343601e-03
6.640493e-03
7.113469e-03
6.661675e-03
5.842437e-03
5.127718e-03
4.615429e-03
4.475449e-03
5.003298e-03
6.025673e-03
6.917256e-03
7.125128e-03
6.464792e-03
5.379626e-03
4.487319e-03
3.846148e-03
3.291476e-03
2.995487e-03
3.308434e-03
4.166211e-03
5.038979e-03
5.518170e-03
5.517159e-03
5.128320e-03
4.470263e-03
3.701623e-03
3.122592e-03
3.019573e-03
3.436726e-03
4.053935e-03
4.378360e-03
4.120698e-03
3.409322e-03
2.591450e-03
1.918812e-03
1.511536e-03
1.377670e-03
1.532397e-03
1.993168e-03
2.542336e-03
2.723579e-03
2.427639e-03
2.058321e-03
1.903479e-03
1.953273e-03
1.976199e-03
1.829336e-03
1.788601e-03
2.054238e-03
2.327130e-03
2.260152e-03
1.906845e-03
1.509316e-03
1.222349e-03
1.112987e-03
1.223647e-03
1.555002e-03
2.070846e-03
2.704466e-03
3.101787e-03
2.768596e-03
1.769415e-03
6.969593e-04
7.924661e-05
2.843951e-04
1.240285e-03
2.323438e-03
3.121632e-03
3.517666e-03
3.324142e-03
2.575529e-03
1.659986e-03
9.175786e-04
5.391057e-04
5.277559e-04
5.544861e-04
4.639463e-04
3.667108e-04
1.800438e-04
-2.326229e-04
-7.997866e-04
-1.329750e-03
-1.583057e-03
-1.326337e-03
-6.523597e-04
9.205027e-06
3.774941e-04
4.629051e-04
3.157508e-04
-1.432621e-05
-4.943997e-04
-1.075422e-03
-1.470165e-03
-1.441516e-03
-1.127660e-03
-8.102990e-04
-6.826637e-04
-7.941579e-04
-9.860947e-04
-1.115716e-03
-1.298463e-03
-1.463398e-03
-1.429797e-03
-1.452601e-03
-1.758558e-03
-2.308235e-03
-3.165758e-03
-4.190189e-03
-4.857808e-03
-4.778571e-03
-3.914546e-03
-2.655771e-03
-1.769512e-03
-1.685552e-03
-2.084448e-03
-2.570468e-03
-3.137605e-03
-3.702810e-03
-3.936835e-03
-3.572493e-03
-2.644872e-03
-1.605028e-03
-9.254452e-04
-7.241968e-04
-9.271867e-04
-1.438382e-03
-2.185456e-03
-3.068035e-03
-3.807375e-03
-4.154380e-03
-4.123770e-03
-3.843707e-03
-3.512041e-03
-3.345490e-03
-3.471356e-03
-3.769620e-03
-3.838179e-03
-3.462947e-03
-2.730567e-03
-1.849179e-03
-1.108846e-03
-6.945281e-04
-7.306228e-04
-1.354541e-03
-2.457061e-03
-3.552277e-03
-4.175028e-03
-4.151141e-03
-3.464758e-03
-2.269361e-03
-1.006959e-03
-3.301396e-04
-6.065247e-04
-1.688535e-03
-3.152126e-03
-4.466769e-03
-5.246347e-03
-5.439885e-03
-5.183248e-03
-4.662465e-03
-4.206725e-03
-4.131745e-03
-4.433638e-03
-4.822019e-03
-4.991929e-03
-4.900624e-03
-4.725661e-03
-4.564911e-03
-4.502615e-03
-4.719546e-03
-5.202933e-03
-5.710653e-03
-5.923391e-03
-5.646193e-03
-4.993309e-03
-4.280856e-03
-3.885562e-03
-4.003573e-03
-4.536878e-03
-5.194282e-03
-5.729680e-03
-6.081091e-03
-6.098656e-03
-5.574270e-03
-4.591105e-03
-3.564359e-03
-2.944794e-03
-3.034091e-03
-3.874213e-03
-5.027175e-03
-5.931798e-03
-6.469677e-03
-6.751048e-03
-6.624756e-03
-5.806669e-03
-4.393994e-03
-2.894731e-03
-1.829642e-03
-1.467140e-03
-1.723293e-03
-2.194284e-03
-2.462558e-03
-2.333534e-03
-1.809579e-03
-1.158386e-03
-7.158739e-04
-5.500369e-04
-6.388255e-04
-9.614213e-04
-1.268196e-03
-1.199224e-03
-7.530847e-04
-2.489060e-04
4.453124e-05
-1.859996e-04
-9.740933e-04
-1.842811e-03
-2.510200e-03
-2.927178e-03
-2.880809e-03
-2.155557e-03
-7.966731e-04
6.666038e-04
1.438515e-03
1.173070e-03
2.096915e-04
-9.420814e-04
-1.980731e-03
-2.651876e-03
-2.619912e-03
-1.725112e-03
-3.537644e-04
7.371653e-04
1.085356e-03
7.422367e-04
-6.977518e-06
-9.101301e-04
-1.789380e-03
-2.328062e-03
-2.101993e-03
-1.080240e-03
2.738930e-04
1.455363e-03
1.947763e-03
1.430393e-03
2.126717e-04
-1.086892e-03
-1.796041e-03
-1.503772e-03
-5.396045e-04
4.593424e-04
1.216535e-03
1.593570e-03
1.321533e-03
5.168946e-04
-2.624204e-04
-4.859964e-04
1.334615e-04
1.277824e-03
2.242658e-03
2.666409e-03
2.432138e-03
1.493206e-03
1.919104e-04
-9.274560e-04
-1.518566e-03
-1.402938e-03
-5.113562e-04
9.586330e-04
2.373480e-03
2.914617e-03
2.216931e-03
6.635503e-04
-9.930921e-04
-2.210048e-03
-2.770055e-03
-2.486407e-03
-1.313505e-03
3.068286e-04
1.596579e-03
2.014949e-03
1.583446e-03
6.253933e-04
-5.336169e-04
-1.577376e-03
-2.040677e-03
-1.598837e-03
-5.599417e-04
4.820021e-04
1.051815e-03
8.645468e-04
2.186556e-05
-9.961694e-04
-1.602661e-03
-1.339658e-03
-1.453476e-04
1.438609e-03
2.663036e-03
2.963949e-03
2.069991e-03
2.553898e-04
-1.761681e-03
-3.169175e-03
-3.355888e-03
-2.379901e-03
-8.820770e-04
5.798510e-04
1.520587e-03
1.460012e-03
3.839983e-04
-1.108562e-03
-2.206666e-03
-2.425475e-03
-1.819149e-03
-8.772911e-04
-2.289717e-05
5.995274e-04
7.779214e-04
3.143569e-04
-4.918191e-04
-8.753322e-04
-3.747893e-04
7.471980e-04
1.801819e-03
2.266870e-03
2.063855e-03
1.228547e-03
-2.614380e-04
-2.169083e-03
-3.694887e-03
-3.959695e-03
-2.873926e-03
-1.214452e-03
1.330852e-04
8.246070e-04
9.778783e-04
6.531035e-04
-2.067271e-04
-1.166331e-03
-1.484374e-03
-9.422389e-04
1.362481e-05
7.559409e-04
1.029285e-03
8.410185e-04
2.978166e-04
-3.131266e-04
-7.206832e-04
-7.307022e-04
-2.478392e-04
4.775038e-04
9.816335e-04
1.089842e-03
8.228744e-04
2.329295e-04
-3.814811e-04
-6.524909e-04
-4.524215e-04
-1.339076e-05
1.677134e-04
-1.104619e-04
-4.657641e-04
-5.679130e-04
-5.461680e-04
-5.633499e-04
-5.715661e-04
-5.016232e-04
-4.068810e-04
-4.544055e-04
-7.080630e-04
-1.033883e-03
-1.334575e-03
-1.537581e-03
-1.479152e-03
-1.112378e-03
-5.907186e-04
-9.158569e-05
2.732714e-04
5.212958e-04
7.592277e-04
7.783304e-04
2.087588e-04
-7.711238e-04
-1.626468e-03
-2.057189e-03
-2.100720e-03
-2.010170e-03
-1.922074e-03
-1.691372e-03
-1.226349e-03
-7.733028e-04
-6.489921e-04
-6.898453e-04
-4.549463e-04
8.379517e-05
5.063696e-04
2.949264e-04
-6.337971e-04
-1.666134e-03
-2.116652e-03
-1.839171e-03
-1.116200e-03
-1.940933e-04
7.891957e-04
1.621359e-03
2.032909e-03
1.703354e-03
6.257177e-04
-5.667865e-04
-1.087859e-03
-6.779525e-04
3.054791e-04
1.377791e-03
2.219497e-03
2.606750e-03
2.453607e-03
1.820792e-03
9.123663e-04
4.606110e-05
-5.300048e-04
-7.540158e-04
-5.967930e-04
-1.128636e-05
7.130232e-04
1.138441e-03
1.263519e-03
1.397206e-03
1.731226e-03
2.138542e-03
2.267677e-03
2.015702e-03
1.690255e-03
1.433379e-03
1.068224e-03
5.733870e-04
1.547498e-04
3.955547e-05
3.555971e-04
1.005918e-03
1.524112e-03
1.414217e-03
7.775495e-04
1.625852e-04
-7.325751e-05
4.867886e-05
3.357720e-04
5.609099e-04
7.224335e-04
1.084925e-03
1.559259e-03
1.743322e-03
1.586584e-03
1.286328e-03
9.627147e-04
7.044089e-04
6.146429e-04
6.172569e-04
3.962760e-04
-1.823222e-04
-8.528949e-04
-1.184268e-03
-9.663483e-04
-3.698368e-04
3.368262e-04
1.021365e-03
1.643230e-03
1.952596e-03
1.560865e-03
4.490986e-04
-8.517499e-04
-1.555686e-03
-1.238859e-03
-1.371159e-04
1.211982e-03
2.397976e-03
3.230670e-03
3.765084e-03
4.065132e-03
3.925052e-03
3.310523e-03
2.601011e-03
2.216930e-03
2.312463e-03
2.669920e-03
2.927135e-03
2.903960e-03
2.595807e-03
2.038579e-03
1.368317e-03
7.724791e-04
4.822013e-04
8.349531e-04
1.887826e-03
3.195625e-03
4.102577e-03
4.016966e-03
2.758512e-03
8.686710e-04
-7.582293e-04
-1.544373e-03
-1.380657e-03
-4.078685e-04
9.394977e-04
1.896185e-03
1.972366e-03
1.331662e-03
4.036915e-04
-4.780499e-04
-1.120879e-03
-1.331421e-03
-8.972587e-04
9.760306e-05
1.100069e-03
1.472880e-03
9.677835e-04
-5.993903e-05
-9.770703e-04
-1.424876e-03
-1.390167e-03
-9.725237e-04
-1.115849e-04
1.108122e-03
2.099670e-03
2.205884e-03
1.380112e-03
2.429595e-04
-6.243878e-04
-9.621118e-04
-7.532860e-04
-1.222538e-04
8.234368e-04
1.779828e-03
2.236402e-03
1.796904e-03
5.745346e-04
-6.873634e-04
-1.258196e-03
-1.047453e-03
-4.204187e-04
2.893634e-04
7.452875e-04
6.360953e-04
5.290966e-05
-7.109373e-04
-1.423820e-03
-1.815486e-03
-1.749280e-03
-1.319586e-03
-6.490767e-04
9.365927e-05
6.362663e-04
9.394412e-04
1.350583e-03
2.094809e-03
3.001310e-03
3.807004e-03
4.310490e-03
4.462213e-03
4.374650e-03
4.153401e-03
4.006876e-03
4.254229e-03
4.955965e-03
5.730546e-03
6.185512e-03
6.255313e-03
5.948079e-03
5.286165e-03
4.368287e-03
3.275044e-03
2.236255e-03
1.632791e-03
1.549890e-03
1.645475e-03
1.532480e-03
1.105880e-03
4.798738e-04
-3.185792e-04
-1.331354e-03
-2.491738e-03
-3.563372e-03
-4.170522e-03
-4.226255e-03
-4.085656e-03
-4.119113e-03
-4.526259e-03
-5.338872e-03
-6.319223e-03
-7.156997e-03
-7.537073e-03
-7.025300e-03
-5.572222e-03
-3.785936e-03
-2.320024e-03
-1.315264e-03
-6.778540e-04
-3.423267e-04
-9.409156e-05
2.877283e-04
9.517766e-04
1.889408e-03
2.765582e-03
3.219101e-03
3.330030e-03
3.430820e-03
3.509039e-03
3.428166e-03
3.316936e-03
3.284543e-03
3.184835e-03
2.761186e-03
1.930154e-03
9.305013e-04
1.264642e-04
-4.237592e-04
-9.319913e-04
-1.478878e-03
-2.042894e-03
-2.660134e-03
-3.416087e-03
-4.353266e-03
-5.382130e-03
-6.352108e-03
-7.140590e-03
-7.810463e-03
-8.639645e-03
-9.717805e-03
-1.072586e-02
-1.139326e-02
-1.182788e-02
-1.220043e-02
-1.257255e-02
-1.288513e-02
-1.287731e-02
-1.246922e-02
-1.193529e-02
-1.134779e-02
-1.039038e-02
-8.798901e-03
-6.706597e-03
-4.551114e-03
-2.564940e-03
-5.772914e-04
1.563513e-03
3.731259e-03
5.734627e-03
7.619228e-03
9.762927e-03
1.251007e-02
1.566884e-02
1.877064e-02
2.165770e-02
2.441471e-02
2.688990e-02
2.873786e-02
2.986798e-02
3.033554e-02
3.033126e-02
2.994489e-02
2.899511e-02
2.762399e-02
2.610992e-02
2.479377e-02
2.383211e-02
2.289825e-02
2.186730e-02
2.058677e-02
1.877322e-02
1.628790e-02
1.310791e-02
9.413962e-03
5.606780e-03
2.081764e-03
-1.370488e-03
-5.179845e-03
-9.386640e-03
-1.378679e-02
-1.793030e-02
-2.160838e-02
-2.514277e-02
-2.871484e-02
-3.191085e-02
-3.413814e-02
-3.526271e-02
-3.542806e-02
-3.462656e-02
-3.250886e-02
-2.860162e-02
-2.355552e-02
-1.897108e-02
-1.580032e-02
-1.435158e-02
-1.430851e-02
-1.480045e-02
-1.537198e-02
-1.566520e-02
-1.496970e-02
-1.294931e-02
-1.019392e-02
-7.694333e-03
-6.107726e-03
-5.558825e-03
-5.744995e-03
-6.424611e-03
-7.212616e-03
-7.581066e-03
-7.372031e-03
-6.595649e-03
-5.696287e-03
-5.424774e-03
-5.819970e-03
-6.126589e-03
-5.608220e-03
-4.027869e-03
-1.711860e-03
5.531416e-04
2.150144e-03
3.020172e-03
3.165050e-03
2.324648e-03
8.537895e-04
-1.307790e-04
-1.234135e-04
8.692791e-04
2.886110e-03
5.395018e-03
7.740217e-03
9.951181e-03
1.213568e-02
1.371922e-02
1.424710e-02
1.419423e-02
1.389416e-02
1.344310e-02
1.336875e-02
1.371319e-02
1.389325e-02
1.366340e-02
1.334541e-02
1.300597e-02
1.208172e-02
1.044024e-02
8.761394e-03
7.654454e-03
7.397440e-03
8.065250e-03
9.149784e-03
1.005940e-02
1.093661e-02
1.177682e-02
1.211190e-02
1.186674e-02
1.107790e-02
9.935612e-03
8.881271e-03
7.807787e-03
6.288556e-03
4.101975e-03
1.243983e-03
-2.100236e-03
-5.658134e-03
-9.168154e-03
-1.241118e-02
-1.526592e-02
-1.784370e-02
-2.041843e-02
-2.334629e-02
-2.675652e-02
-3.023733e-02
-3.292040e-02
-3.406264e-02
-3.354467e-02
-3.150540e-02
-2.852940e-02
-2.564120e-02
-2.348011e-02
-2.233115e-02
-2.209046e-02
-2.219667e-02
-2.201405e-02
-2.098233e-02
-1.900884e-02
-1.648230e-02
-1.389503e-02
-1.184407e-02
-1.049692e-02
-9.339094e-03
-7.814987e-03
-5.564699e-03
-2.538451e-03
1.143070e-03
5.246804e-03
9.253884e-03
1.271621e-02
1.531244e-02
1.693198e-02
1.773315e-02
1.788088e-02
1.775500e-02
1.782550e-02
1.824433e-02
1.894561e-02
1.966635e-02
1.993697e-02
1.945078e-02
1.818386e-02
1.634809e-02
1.459197e-02
1.360877e-02
1.332909e-02
1.308046e-02
1.239925e-02
1.121998e-02
9.522080e-03
7.325045e-03
4.822940e-03
2.389579e-03
4.537357e-04
-1.012276e-03
-2.441997e-03
-4.123726e-03
-6.102025e-03
-8.262315e-03
-1.040487e-02
-1.226072e-02
-1.348622e-02
-1.375863e-02
-1.306650e-02
-1.192753e-02
-1.099184e-02
-1.063574e-02
-1.110185e-02
-1.251713e-02
-1.457662e-02
-1.667170e-02
-1.837868e-02
-1.937336e-02
-1.944433e-02
-1.884985e-02
-1.816923e-02
-1.800019e-02
-1.857960e-02
-1.958849e-02
-2.044103e-02
-2.053446e-02
-1.941911e-02
-1.717114e-02
-1.431225e-02
-1.119265e-02
-8.165533e-03
-5.670887e-03
-3.692347e-03
-1.819317e-03
2.695393e-04
2.525660e-03
4.691708e-03
6.427495e-03
7.408844e-03
7.598092e-03
7.106362e-03
5.915035e-03
4.071562e-03
1.995470e-03
3.556632e-04
-3.181179e-04
1.333572e-05
9.508550e-04
2.109855e-03
3.151761e-03
3.522981e-03
2.890787e-03
1.473722e-03
-2.082179e-04
-1.554244e-03
-2.337900e-03
-2.856718e-03
-3.423036e-03
-3.935415e-03
-4.147498e-03
-4.149799e-03
-4.422573e-03
-5.552395e-03
-7.606209e-03
-1.013293e-02
-1.260062e-02
-1.449609e-02
-1.543098e-02
-1.500953e-02
-1.303482e-02
-1.004510e-02
-7.206210e-03
-5.472501e-03
-4.988110e-03
-5.313198e-03
-5.894559e-03
-6.537749e-03
-7.079025e-03
-6.999485e-03
-6.157791e-03
-4.985194e-03
-4.031275e-03
-3.594137e-03
-3.655211e-03
-4.145585e-03
-4.828897e-03
-5.558866e-03
-6.273016e-03
-6.581026e-03
-6.254619e-03
-5.324828e-03
-3.820392e-03
-1.763208e-03
6.913954e-04
3.072423e-03
4.889284e-03
5.873853e-03
6.207156e-03
6.461107e-03
6.982532e-03
7.669889e-03
8.262423e-03
8.540693e-03
8.305182e-03
7.377878e-03
5.610606e-03
3.181863e-03
7.820673e-04
-8.875615e-04
-1.524575e-03
-1.340605e-03
-9.497344e-04
-9.040163e-04
-1.546093e-03
-3.211511e-03
-6.048784e-03
-9.526519e-03
-1.253901e-02
-1.410123e-02
-1.383614e-02
-1.212546e-02
-9.827865e-03
-7.848070e-03
-6.979589e-03
-7.732918e-03
-1.015080e-02
-1.371610e-02
-1.742745e-02
-2.022146e-02
-2.139246e-02
-2.067997e-02
-1.818028e-02
-1.418102e-02
-9.211540e-03
-4.116214e-03
4.183170e-04
3.842843e-03
5.749085e-03
6.467233e-03
6.600393e-03
6.807574e-03
7.922079e-03
1.035770e-02
1.377103e-02
1.714554e-02
1.967835e-02
2.098373e-02
2.072080e-02
1.887715e-02
1.566887e-02
1.161781e-02
7.632210e-03
4.532961e-03
2.674472e-03
1.989385e-03
2.225849e-03
2.769436e-03
2.873447e-03
2.158882e-03
3.316370e-04
-2.536538e-03
-5.512559e-03
-7.639776e-03
-8.409092e-03
-7.731043e-03
-6.147793e-03
-4.415807e-03
-3.044978e-03
-2.223874e-03
-1.927546e-03
-1.915388e-03
-1.683020e-03
-6.663569e-04
1.386177e-03
4.250120e-03
7.420256e-03
1.012263e-02
1.152483e-02
1.136319e-02
1.030070e-02
9.162494e-03
8.382163e-03
8.260480e-03
8.482610e-03
8.500003e-03
8.136358e-03
7.307502e-03
6.068581e-03
4.343747e-03
2.308190e-03
7.243148e-04
1.939605e-04
9.401155e-04
2.728011e-03
4.813352e-03
6.254545e-03
6.311205e-03
5.046516e-03
3.059949e-03
7.312565e-04
-1.484021e-03
-3.087016e-03
-4.017598e-03
-4.385202e-03
-4.458682e-03
-4.624597e-03
-4.999207e-03
-5.355794e-03
-5.367978e-03
-5.073877e-03
-4.643923e-03
-4.145878e-03
-3.671197e-03
-3.143247e-03
-2.399916e-03
-1.432466e-03
-3.378283e-04
1.037204e-03
2.597142e-03
3.865705e-03
4.806365e-03
5.431652e-03
5.632270e-03
5.308319e-03
4.404937e-03
3.370948e-03
2.896143e-03
3.519003e-03
5.306534e-03
7.893154e-03
1.081855e-02
1.351844e-02
1.560373e-02
1.685477e-02
1.708563e-02
1.644668e-02
1.527438e-02
1.377684e-02
1.204934e-02
1.023670e-02
8.698810e-03
7.664220e-03
7.073412e-03
6.784810e-03
6.448954e-03
5.847036e-03
5.112186e-03
4.391429e-03
3.932333e-03
3.936804e-03
4.236398e-03
4.605385e-03
4.968738e-03
5.099400e-03
4.698846e-03
3.782533e-03
2.681724e-03
1.883829e-03
1.635645e-03
1.611654e-03
1.383269e-03
9.127879e-04
4.452119e-04
2.880545e-04
5.995884e-04
1.307984e-03
2.273089e-03
3.272903e-03
3.859687e-03
3.759797e-03
3.298373e-03
3.039157e-03
3.323190e-03
4.066284e-03
4.792058e-03
4.995633e-03
4.417400e-03
3.169717e-03
1.549277e-03
3.272969e-05
-4.138113e-04
9.921276e-04
4.061298e-03
7.847936e-03
1.121635e-02
1.332397e-02
1.393881e-02
1.336495e-02
1.197346e-02
1.027094e-02
9.093223e-03
9.065907e-03
1.016010e-02
1.169759e-02
1.279099e-02
1.306922e-02
1.266859e-02
1.185289e-02
1.100105e-02
1.050182e-02
1.056065e-02
1.106246e-02
1.166255e-02
1.187251e-02
1.135749e-02
1.034703e-02
9.255400e-03
8.443853e-03
8.198721e-03
8.513979e-03
9.189490e-03
1.000912e-02
1.071679e-02
1.105342e-02
1.096302e-02
1.046459e-02
9.903204e-03
9.852666e-03
1.027409e-02
1.097587e-02
1.180425e-02
1.229445e-02
1.217144e-02
1.136495e-02
9.916200e-03
8.060400e-03
6.226899e-03
4.878796e-03
4.068793e-03
3.670653e-03
3.413901e-03
2.960069e-03
2.371369e-03
1.852146e-03
1.746747e-03
2.330987e-03
3.531886e-03
5.268932e-03
7.282710e-03
9.015575e-03
9.865209e-03
9.679301e-03
8.956548e-03
8.289751e-03
8.093914e-03
8.477643e-03
9.204354e-03
9.987929e-03
1.050629e-02
1.037852e-02
9.426129e-03
7.989517e-03
6.749216e-03
6.132974e-03
6.236723e-03
6.955917e-03
8.152847e-03
9.730344e-03
1.126681e-02
1.220815e-02
1.245200e-02
1.228989e-02
1.217674e-02
1.238402e-02
1.264290e-02
1.267923e-02
1.264701e-02
1.268615e-02
1.267075e-02
1.251421e-02
1.227958e-02
1.200270e-02
1.179284e-02
1.169897e-02
1.178770e-02
1.228711e-02
1.304609e-02
1.359065e-02
1.361282e-02
1.307270e-02
1.190229e-02
1.005767e-02
7.912960e-03
5.813879e-03
4.067607e-03
3.166440e-03
3.165222e-03
3.542848e-03
3.740010e-03
3.537046e-03
2.876940e-03
1.816090e-03
6.276633e-04
-4.062467e-04
-8.940073e-04
-5.179351e-04
6.844273e-04
2.424210e-03
4.096640e-03
5.218392e-03
5.694964e-03
5.573396e-03
5.144157e-03
4.809169e-03
4.792372e-03
5.068998e-03
5.520101e-03
6.027015e-03
6.483332e-03
6.933077e-03
7.400503e-03
7.796932e-03
7.932087e-03
7.598007e-03
6.751247e-03
5.400134e-03
3.770748e-03
2.322706e-03
1.411063e-03
1.248322e-03
1.864386e-03
3.026750e-03
4.222784e-03
4.881307e-03
4.721820e-03
3.666755e-03
1.873686e-03
-1.069717e-04
-1.703756e-03
-2.625420e-03
-2.835560e-03
-2.508164e-03
-2.009198e-03
-1.670093e-03
-1.506331e-03
-1.334586e-03
-9.293207e-04
-1.615039e-04
9.295478e-04
2.017001e-03
2.531480e-03
2.146722e-03
9.349955e-04
-6.861924e-04
-2.186984e-03
-3.034112e-03
-2.694464e-03
-1.176612e-03
8.649804e-04
2.580503e-03
3.376845e-03
3.225412e-03
2.395682e-03
1.035635e-03
-5.285647e-04
-1.561595e-03
-1.611749e-03
-9.370295e-04
-1.100823e-04
3.568767e-04
1.810180e-04
-4.370406e-04
-1.053700e-03
-1.443259e-03
-1.536290e-03
-1.400478e-03
-1.229394e-03
-1.275221e-03
-1.787192e-03
-2.736303e-03
-3.931849e-03
-5.239648e-03
-6.461662e-03
-7.496454e-03
-8.434832e-03
-9.288869e-03
-9.991240e-03
-1.049441e-02
-1.077207e-02
-1.087216e-02
-1.079852e-02
-1.059941e-02
-1.044823e-02
-1.047777e-02
-1.072618e-02
-1.101782e-02
-1.115824e-02
-1.108300e-02
-1.071372e-02
-1.001980e-02
-9.027686e-03
-7.883825e-03
-6.858588e-03
-6.132044e-03
-5.727885e-03
-5.547503e-03
-5.400096e-03
-5.088456e-03
-4.485005e-03
-3.542693e-03
-2.296728e-03
-9.095640e-04
2.836561e-04
9.749101e-04
1.085195e-03
5.229164e-04
-7.597448e-04
-2.444776e-03
-4.128762e-03
-5.540976e-03
-6.490877e-03
-6.924998e-03
-6.921273e-03
-6.694368e-03
-6.613724e-03
-7.009987e-03
-7.883785e-03
-9.004709e-03
-1.007180e-02
-1.077529e-02
-1.101527e-02
-1.090345e-02
-1.061435e-02
-1.032857e-02
-1.017665e-02
-1.018830e-02
-1.025627e-02
-1.019435e-02
-9.940634e-03
-9.593260e-03
-9.234925e-03
-8.978882e-03
-8.999518e-03
-9.368829e-03
-1.002069e-02
-1.081428e-02
-1.150803e-02
-1.176229e-02
-1.138577e-02
-1.054352e-02
-9.526817e-03
-8.614648e-03
-8.073641e-03
-7.924369e-03
-7.990450e-03
-8.098357e-03
-8.025653e-03
-7.603783e-03
-6.848576e-03
-5.992278e-03
-5.461311e-03
-5.466975e-03
-5.793617e-03
-6.124801e-03
-6.292722e-03
-6.276487e-03
-6.073687e-03
-5.728104e-03
-5.349788e-03
-5.169786e-03
-5.460974e-03
-6.154749e-03
-6.921710e-03
-7.433558e-03
-7.557926e-03
-7.468199e-03
-7.386502e-03
-7.390769e-03
-7.456402e-03
-7.645076e-03
-7.998007e-03
-8.368254e-03
-8.576160e-03
-8.487809e-03
-8.133738e-03
-7.678850e-03
-7.342015e-03
-7.308030e-03
-7.548884e-03
-8.001738e-03
-8.540390e-03
-8.932768e-03
-9.064366e-03
-8.949470e-03
-8.759128e-03
-8.607720e-03
-8.369830e-03
-7.927985e-03
-7.260740e-03
-6.421656e-03
-5.535983e-03
-4.673023e-03
-3.867135e-03
-3.217300e-03
-2.787625e-03
-2.502129e-03
-2.162341e-03
-1.622891e-03
-9.875262e-04
-4.516289e-04
-5.128937e-05
3.028381e-04
6.108185e-04
7.182224e-04
5.409363e-04
1.729594e-04
-2.068588e-04
-4.754393e-04
-7.871015e-04
-1.350669e-03
-2.032810e-03
-2.669140e-03
-3.353466e-03
-4.139929e-03
-4.924356e-03
-5.548984e-03
-5.903364e-03
-6.087175e-03
-6.274541e-03
-6.376644e-03
-6.314050e-03
-6.201457e-03
-6.106873e-03
-6.136079e-03
-6.244045e-03
-6.295508e-03
-6.270432e-03
-6.131650e-03
-5.866471e-03
-5.371844e-03
-4.602464e-03
-3.681796e-03
-2.785505e-03
-2.011100e-03
-1.301893e-03
-7.309617e-04
-4.702252e-04
-6.246913e-04
-1.211222e-03
-2.117602e-03
-3.094204e-03
-3.790394e-03
-3.946830e-03
-3.554328e-03
-2.702712e-03
-1.471744e-03
-2.472072e-04
4.853876e-04
5.045843e-04
-1.670995e-04
-1.238347e-03
-2.355196e-03
-3.259798e-03
-3.830581e-03
-3.934771e-03
-3.556550e-03
-3.079840e-03
-2.913935e-03
-3.201048e-03
-3.861394e-03
-4.813755e-03
-5.995998e-03
-7.164145e-03
-7.982892e-03
-8.210506e-03
-7.961364e-03
-7.610743e-03
-7.363037e-03
-7.172860e-03
-6.934054e-03
-6.529283e-03
-5.762560e-03
-4.536853e-03
-2.925993e-03
-1.169539e-03
2.598586e-04
9.625639e-04
1.026321e-03
8.817144e-04
6.700390e-04
3.145828e-04
-2.195363e-05
-1.625111e-04
-5.724036e-05
2.038380e-04
4.053419e-04
4.448199e-04
2.822736e-04
-5.507137e-05
-3.289017e-04
-2.597417e-04
1.904362e-04
7.886130e-04
1.316549e-03
1.711173e-03
2.002323e-03
2.233533e-03
2.436419e-03
2.650197e-03
2.910685e-03
3.238637e-03
3.559076e-03
3.720852e-03
3.671480e-03
3.539313e-03
3.447909e-03
3.328263e-03
3.029408e-03
2.554910e-03
2.074436e-03
1.659664e-03
1.180136e-03
5.695094e-04
-8.577858e-05
-7.253185e-04
-1.295455e-03
-1.845316e-03
-2.418683e-03
-2.849076e-03
-2.993621e-03
-2.797383e-03
-2.435763e-03
-2.217077e-03
-2.139357e-03
-2.084614e-03
-2.123458e-03
-2.299875e-03
-2.543185e-03
-2.778568e-03
-2.908426e-03
-2.933887e-03
-2.803259e-03
-2.294756e-03
-1.358943e-03
-1.800656e-04
9.929612e-04
1.971244e-03
2.609093e-03
2.780660e-03
2.473208e-03
1.785918e-03
9.090728e-04
1.283152e-04
-2.847819e-04
-3.102897e-04
-1.134955e-04
1.477354e-04
2.666949e-04
1.119221e-04
-2.554942e-04
-7.664007e-04
-1.366142e-03
-1.861199e-03
-2.045616e-03
-1.851302e-03
-1.343281e-03
-6.513009e-04
2.842972e-05
5.392739e-04
9.181943e-04
1.052380e-03
7.763526e-04
2.454436e-04
-2.708479e-04
-5.945858e-04
-7.923661e-04
-9.818217e-04
-1.112686e-03
-1.066355e-03
-6.825815e-04
7.434527e-05
1.004631e-03
1.832936e-03
2.426657e-03
2.673898e-03
2.427246e-03
1.707872e-03
7.533162e-04
3.694270e-05
-1.818038e-05
7.183793e-04
1.965470e-03
3.251800e-03
4.413497e-03
5.234960e-03
5.410170e-03
4.944496e-03
3.968369e-03
2.748673e-03
1.644536e-03
8.923346e-04
6.471372e-04
8.753699e-04
1.397160e-03
2.024599e-03
2.482392e-03
2.596404e-03
2.396209e-03
1.931980e-03
1.240721e-03
4.445308e-04
-3.366691e-04
-1.115487e-03
-1.898354e-03
-2.583392e-03
-2.947791e-03
-2.897832e-03
-2.615394e-03
-2.281951e-03
-1.961545e-03
-1.607093e-03
-1.221541e-03
-9.284450e-04
-8.185126e-04
-8.461989e-04
-8.823489e-04
-7.861937e-04
-4.301099e-04
1.759335e-04
9.025738e-04
1.512893e-03
1.772103e-03
1.567879e-03
9.678352e-04
2.152130e-04
-5.480825e-04
-1.237622e-03
-1.754936e-03
-2.036512e-03
-2.073376e-03
-1.953748e-03
-1.741249e-03
-1.534887e-03
-1.414423e-03
-1.359833e-03
-1.390993e-03
-1.552742e-03
-1.834349e-03
-2.178784e-03
-2.537316e-03
-2.830070e-03
-2.886220e-03
-2.625410e-03
-2.192519e-03
-1.776392e-03
-1.451830e-03
-1.205877e-03
-1.030684e-03
-9.348878e-04
-9.612178e-04
-1.182186e-03
-1.509639e-03
-1.816683e-03
-2.129198e-03
-2.364491e-03
-2.310786e-03
-1.974154e-03
-1.632866e-03
-1.555292e-03
-1.772165e-03
-2.155924e-03
-2.613277e-03
-3.095252e-03
-3.597141e-03
-4.079129e-03
-4.457826e-03
-4.772258e-03
-5.066900e-03
-5.344133e-03
-5.510624e-03
-5.402873e-03
-5.000172e-03
-4.321843e-03
-3.493814e-03
-2.727100e-03
-2.120449e-03
-1.744829e-03
-1.661768e-03
-1.884830e-03
-2.363291e-03
-2.938412e-03
-3.444264e-03
-3.886396e-03
-4.245617e-03
-4.427824e-03
-4.411463e-03
-4.147304e-03
-3.707264e-03
-3.220122e-03
-2.743846e-03
-2.394342e-03
-2.202020e-03
-2.090715e-03
-1.896759e-03
-1.471775e-03
-9.788895e-04
-6.428936e-04
-4.566979e-04
-3.946190e-04
-4.703548e-04
-6.126755e-04
-7.873989e-04
-1.051050e-03
-1.335192e-03
-1.566323e-03
-1.784554e-03
-1.841079e-03
-1.570414e-03
-1.086782e-03
-5.382653e-04
2.673462e-05
5.484915e-04
9.273064e-04
1.085881e-03
9.698081e-04
5.987383e-04
1.402727e-04
-3.065354e-04
-8.114412e-04
-1.438018e-03
-2.162930e-03
-2.849230e-03
-3.395029e-03
-3.883844e-03
-4.387749e-03
-4.830304e-03
-5.090550e-03
-5.085429e-03
-4.904104e-03
-4.787599e-03
-4.792048e-03
-4.788612e-03
-4.736958e-03
-4.640631e-03
-4.505217e-03
-4.364552e-03
-4.183742e-03
-3.991485e-03
-3.935335e-03
-4.057356e-03
-4.308032e-03
-4.597310e-03
-4.800283e-03
-4.817928e-03
-4.558699e-03
-4.071210e-03
-3.590376e-03
-3.300689e-03
-3.186087e-03
-3.161681e-03
-3.177407e-03
-3.137727e-03
-3.104582e-03
-3.188095e-03
-3.204606e-03
-3.122905e-03
-3.199409e-03
-3.535041e-03
-3.957870e-03
-4.174169e-03
-4.011744e-03
-3.511416e-03
-2.873520e-03
-2.315950e-03
-1.967862e-03
-1.918761e-03
-2.200845e-03
-2.671190e-03
-3.049448e-03
-3.080492e-03
-2.668240e-03
-1.905278e-03
-9.524569e-04
1.510493e-05
8.140795e-04
1.283545e-03
1.446550e-03
1.488213e-03
1.579499e-03
1.960602e-03
2.848463e-03
4.199094e-03
5.618148e-03
6.675001e-03
7.214328e-03
7.232813e-03
6.785385e-03
6.062594e-03
5.433573e-03
5.144160e-03
5.216686e-03
5.551824e-03
5.918507e-03
6.233865e-03
6.508864e-03
6.616196e-03
6.465786e-03
6.125060e-03
5.673463e-03
5.084333e-03
4.393339e-03
3.683867e-03
2.956113e-03
2.198013e-03
1.456888e-03
8.032779e-04
1.680315e-04
-5.267776e-04
-1.307087e-03
-2.252439e-03
-3.281997e-03
-4.241739e-03
-5.074503e-03
-5.725443e-03
-6.198261e-03
-6.495544e-03
-6.519085e-03
-6.311124e-03
-6.063841e-03
-5.802622e-03
-5.404107e-03
-4.827497e-03
-4.200023e-03
-3.690761e-03
-3.377603e-03
-3.229010e-03
-3.049081e-03
-2.710314e-03
-2.291653e-03
-1.817992e-03
-1.268955e-03
-6.196078e-04
1.304223e-04
8.180106e-04
1.359292e-03
1.862000e-03
2.374655e-03
2.896403e-03
3.502525e-03
4.269137e-03
5.163926e-03
6.129202e-03
7.121644e-03
8.049043e-03
8.869232e-03
9.597441e-03
1.014012e-02
1.042321e-02
1.057079e-02
1.071452e-02
1.083736e-02
1.081596e-02
1.064209e-02
1.041663e-02
1.010077e-02
9.633889e-03
9.093493e-03
8.651120e-03
8.407826e-03
8.294462e-03
8.193567e-03
8.059457e-03
7.864291e-03
7.561100e-03
7.201909e-03
6.846116e-03
6.487961e-03
6.090133e-03
5.602122e-03
5.073549e-03
4.549180e-03
3.972193e-03
3.317563e-03
2.641543e-03
2.028567e-03
1.615943e-03
1.488406e-03
1.607714e-03
1.877738e-03
2.222254e-03
2.640780e-03
3.003667e-03
3.170865e-03
3.071509e-03
2.617607e-03
1.922218e-03
1.188101e-03
5.682427e-04
1.157501e-04
-1.746685e-04
-2.908447e-04
-3.025963e-04
-2.716594e-04
-3.324784e-04
-6.393075e-04
-1.082430e-03
-1.450035e-03
-1.691354e-03
-1.933483e-03
-2.314591e-03
-2.841742e-03
-3.404715e-03
-3.867590e-03
-4.221553e-03
-4.474530e-03
-4.523032e-03
-4.400464e-03
-4.281255e-03
-4.289867e-03
-4.408896e-03
-4.450000e-03
-4.250890e-03
-3.758654e-03
-2.943889e-03
-1.772316e-03
-2.880673e-04
1.317038e-03
2.831226e-03
4.155320e-03
5.233787e-03
6.104990e-03
6.887275e-03
7.566958e-03
8.134712e-03
8.617609e-03
9.102229e-03
9.574935e-03
9.900518e-03
1.010702e-02
1.014093e-02
1.012122e-02
1.005941e-02
9.856598e-03
9.697184e-03
9.397971e-03
9.006866e-03
8.759440e-03
8.428189e-03
7.960320e-03
7.500180e-03
7.084701e-03
6.527213e-03
5.665617e-03
4.591809e-03
3.444084e-03
2.418818e-03
1.582600e-03
9.138364e-04
5.226584e-04
3.907111e-04
3.486725e-04
1.763420e-04
-2.658406e-04
-9.343564e-04
-1.732383e-03
-2.548146e-03
-3.321632e-03
-4.051381e-03
-4.720152e-03
-5.315572e-03
-5.930044e-03
-6.663168e-03
-7.403735e-03
-7.925310e-03
-8.080220e-03
-7.922779e-03
-7.600789e-03
-7.197704e-03
-6.786134e-03
-6.395948e-03
-6.067377e-03
-5.854168e-03
-5.686583e-03
-5.462616e-03
-5.093115e-03
-4.577606e-03
-3.974080e-03
-3.226070e-03
-2.316953e-03
-1.311738e-03
-3.061276e-04
5.950444e-04
1.431985e-03
2.251022e-03
2.982409e-03
3.614204e-03
4.261670e-03
5.067445e-03
5.963891e-03
6.715119e-03
7.273543e-03
7.709247e-03
8.114198e-03
8.621640e-03
9.149879e-03
9.561037e-03
9.914145e-03
1.025590e-02
1.054180e-02
1.073458e-02
1.082299e-02
1.082819e-02
1.081658e-02
1.081755e-02
1.077574e-02
1.063559e-02
1.035647e-02
9.918125e-03
9.272500e-03
8.328812e-03
7.143392e-03
5.907278e-03
4.715752e-03
3.518459e-03
2.267632e-03
9.845227e-04
-2.459572e-04
-1.320845e-03
-2.306573e-03
-3.260766e-03
-4.021275e-03
-4.476378e-03
-4.649787e-03
-4.581264e-03
-4.293800e-03
-3.805367e-03
-3.193556e-03
-2.625054e-03
-2.278329e-03
-2.213282e-03
-2.402930e-03
-2.810352e-03
-3.410180e-03
-4.189363e-03
-5.011765e-03
-5.631024e-03
-5.910865e-03
-5.900225e-03
-5.685575e-03
-5.278499e-03
-4.708263e-03
-4.021596e-03
-3.225253e-03
-2.343698e-03
-1.352798e-03
-2.293105e-04
8.883679e-04
1.859134e-03
2.637354e-03
3.216721e-03
3.624943e-03
3.881813e-03
4.064009e-03
4.296922e-03
4.650964e-03
5.157156e-03
5.831279e-03
6.699741e-03
7.724983e-03
8.821706e-03
9.913918e-03
1.084622e-02
1.148116e-02
1.177371e-02
1.168147e-02
1.120042e-02
1.047378e-02
9.694705e-03
8.931206e-03
8.162060e-03
7.393813e-03
6.610862e-03
5.805826e-03
5.103382e-03
4.567949e-03
4.202712e-03
4.081545e-03
4.146121e-03
4.231758e-03
4.234829e-03
4.118579e-03
3.933648e-03
3.806752e-03
3.796600e-03
3.842361e-03
3.879598e-03
3.892122e-03
3.833553e-03
3.683714e-03
3.449450e-03
3.073330e-03
2.592582e-03
1.998918e-03
1.281858e-03
6.301081e-04
1.303058e-04
-1.731748e-04
-2.210335e-04
-1.196616e-04
-2.281240e-05
-3.706000e-05
-2.671344e-04
-7.977449e-04
-1.595958e-03
-2.495729e-03
-3.347760e-03
-4.114220e-03
-4.711255e-03
-5.055042e-03
-5.169427e-03
-5.096191e-03
-4.874034e-03
-4.540886e-03
-4.203277e-03
-3.893709e-03
-3.618241e-03
-3.492945e-03
-3.437324e-03
-3.304995e-03
-3.063262e-03
-2.671337e-03
-2.160306e-03
-1.535921e-03
-7.554129e-04
1.336717e-04
1.034720e-03
1.857572e-03
2.632729e-03
3.437473e-03
4.248143e-03
5.069949e-03
5.939976e-03
6.836412e-03
7.674367e-03
8.283354e-03
8.480505e-03
8.261745e-03
7.822499e-03
7.374502e-03
7.039179e-03
6.808600e-03
6.625155e-03
6.446172e-03
6.215154e-03
5.900293e-03
5.414742e-03
4.722116e-03
3.972788e-03
3.298871e-03
2.716819e-03
2.184302e-03
1.640778e-03
1.031826e-03
4.065471e-04
-1.081455e-04
-4.610638e-04
-6.449978e-04
-6.586878e-04
-5.781428e-04
-5.501491e-04
-6.024373e-04
-6.924790e-04
-8.244485e-04
-9.537639e-04
-1.049934e-03
-1.028227e-03
-7.398162e-04
-1.966152e-04
4.326079e-04
9.743469e-04
1.283917e-03
1.246450e-03
8.849930e-04
3.121773e-04
-3.226114e-04
-7.810188e-04
-8.555888e-04
-5.724863e-04
-1.945144e-04
8.070031e-05
1.927837e-04
1.193691e-04
-7.416974e-05
-3.230920e-04
-5.272816e-04
-5.253116e-04
-3.110841e-04
1.129220e-05
3.483715e-04
6.238791e-04
8.685055e-04
1.124554e-03
1.319241e-03
1.435738e-03
1.579415e-03
1.769872e-03
1.926642e-03
2.010549e-03
1.985832e-03
1.793524e-03
1.442422e-03
9.975267e-04
4.752625e-04
-9.462279e-05
-6.198465e-04
-1.046941e-03
-1.396189e-03
-1.727193e-03
-1.966353e-03
-2.047273e-03
-2.034277e-03
-1.908541e-03
-1.731486e-03
-1.589538e-03
-1.412545e-03
-1.155154e-03
-8.298900e-04
-4.518368e-04
-6.844004e-05
2.030639e-04
3.663506e-04
5.713849e-04
8.566555e-04
1.143817e-03
1.344775e-03
1.480730e-03
1.636564e-03
1.812759e-03
2.038582e-03
2.364428e-03
2.771094e-03
3.235008e-03
3.725276e-03
4.173481e-03
4.502613e-03
4.741440e-03
4.981433e-03
5.211391e-03
5.379490e-03
5.467397e-03
5.478818e-03
5.411634e-03
5.257334e-03
4.991588e-03
4.592521e-03
4.140121e-03
3.705686e-03
3.282208e-03
2.869620e-03
2.451246e-03
2.094505e-03
1.885513e-03
1.759031e-03
1.658194e-03
1.609853e-03
1.649207e-03
1.776411e-03
1.943904e-03
2.131653e-03
2.359935e-03
2.616053e-03
2.810004e-03
2.770273e-03
2.437579e-03
2.030225e-03
1.784135e-03
1.747207e-03
1.849229e-03
1.983816e-03
2.104625e-03
2.179037e-03
2.160449e-03
2.123403e-03
2.186834e-03
2.400184e-03
2.708685e-03
2.984092e-03
3.130560e-03
3.050103e-03
2.741759e-03
2.295027e-03
1.784905e-03
1.361168e-03
1.130330e-03
1.097303e-03
1.231266e-03
1.423946e-03
1.528772e-03
1.436360e-03
1.148664e-03
7.814772e-04
4.751913e-04
3.274869e-04
3.061380e-04
3.366682e-04
4.277723e-04
5.284028e-04
4.975984e-04
3.078696e-04
1.187853e-04
4.138088e-05
4.990939e-05
1.030749e-04
1.385359e-04
1.429052e-04
1.655270e-04
2.397143e-04
3.810448e-04
6.158487e-04
1.013962e-03
1.576043e-03
2.165085e-03
2.650479e-03
2.945475e-03
3.041257e-03
3.026067e-03
2.982372e-03
3.001960e-03
3.116295e-03
3.277545e-03
3.428872e-03
3.489719e-03
3.420591e-03
3.250244e-03
3.050482e-03
2.879092e-03
2.783025e-03
2.804294e-03
2.875579e-03
2.876651e-03
2.810161e-03
2.695907e-03
2.495888e-03
2.253500e-03
2.005018e-03
1.813023e-03
1.771201e-03
1.833107e-03
1.890561e-03
1.824811e-03
1.591972e-03
1.236285e-03
7.906104e-04
3.044159e-04
-1.527008e-04
-4.951390e-04
-7.005113e-04
-8.264159e-04
-9.058078e-04
-1.019964e-03
-1.225061e-03
-1.426102e-03
-1.610688e-03
-1.824099e-03
-1.968083e-03
-1.986568e-03
-1.938226e-03
-1.849584e-03
-1.720886e-03
-1.585273e-03
-1.477877e-03
-1.404183e-03
-1.352958e-03
-1.292141e-03
-1.198579e-03
-1.086239e-03
-1.031232e-03
-1.043920e-03
-9.907180e-04
-8.356054e-04
-6.482309e-04
-4.272655e-04
-1.429310e-04
1.820307e-04
5.023001e-04
7.746893e-04
9.328266e-04
1.018064e-03
1.154943e-03
1.312542e-03
1.364097e-03
1.298042e-03
1.254904e-03
1.283684e-03
1.278913e-03
1.209875e-03
1.083597e-03
8.357287e-04
4.580537e-04
4.448708e-06
-5.212243e-04
-1.042177e-03
-1.443115e-03
-1.702067e-03
-1.855804e-03
-1.961238e-03
-2.085316e-03
-2.366316e-03
-2.830799e-03
-3.292455e-03
-3.588421e-03
-3.697758e-03
-3.687122e-03
-3.686370e-03
-3.826184e-03
-4.157787e-03
-4.682211e-03
-5.366528e-03
-6.126946e-03
-6.805882e-03
-7.259661e-03
-7.448985e-03
-7.388681e-03
-7.170463e-03
-6.953700e-03
-6.771039e-03
-6.600818e-03
-6.480570e-03
-6.305885e-03
-5.939923e-03
-5.392215e-03
-4.727218e-03
-4.042885e-03
-3.471698e-03
-3.140400e-03
-3.095197e-03
-3.293070e-03
-3.640907e-03
-4.020154e-03
-4.280328e-03
-4.316531e-03
-4.195784e-03
-4.011657e-03
-3.874638e-03
-3.949588e-03
-4.204803e-03
-4.472254e-03
-4.679210e-03
-4.811493e-03
-4.806425e-03
-4.665882e-03
-4.504552e-03
-4.399935e-03
-4.427513e-03
-4.566117e-03
-4.700644e-03
-4.822954e-03
-4.994611e-03
-5.345594e-03
-5.911360e-03
-6.508408e-03
-6.975928e-03
-7.298812e-03
-7.539289e-03
-7.663869e-03
-7.592341e-03
-7.441079e-03
-7.283438e-03
-7.064173e-03
-6.824663e-03
-6.545715e-03
-6.169297e-03
-5.697342e-03
-5.155325e-03
-4.592199e-03
-4.040736e-03
-3.593065e-03
-3.356333e-03
-3.373891e-03
-3.574631e-03
-3.790272e-03
-3.885283e-03
-3.781828e-03
-3.486592e-03
-3.067508e-03
-2.654808e-03
-2.394521e-03
-2.332449e-03
-2.365821e-03
-2.383130e-03
-2.419373e-03
-2.417094e-03
-2.259171e-03
-2.002854e-03
-1.788342e-03
-1.701932e-03
-1.724491e-03
-1.797703e-03
-1.836668e-03
-1.778721e-03
-1.654383e-03
-1.496962e-03
-1.327891e-03
-1.198621e-03
-1.126320e-03
-1.096536e-03
-1.120224e-03
-1.210237e-03
-1.398317e-03
-1.655099e-03
-1.848145e-03
-1.873038e-03
-1.693380e-03
-1.334443e-03
-8.767540e-04
-4.462591e-04
-1.629477e-04
-3.573510e-05
-4.497634e-06
-3.061496e-05
-5.773306e-05
-6.280377e-05
-7.139095e-05
-5.364871e-05
2.064812e-05
1.458899e-04
3.168799e-04
4.734567e-04
5.583859e-04
5.696519e-04
5.142389e-04
4.150405e-04
2.653378e-04
2.347193e-05
-3.028700e-04
-5.641509e-04
-6.111452e-04
-4.758741e-04
-2.316930e-04
8.925337e-05
3.934302e-04
4.847571e-04
2.688756e-04
-1.796218e-04
-7.305442e-04
-1.175937e-03
-1.340441e-03
-1.240888e-03
-9.850908e-04
-5.874755e-04
-1.344037e-04
1.715461e-04
2.958329e-04
3.572876e-04
4.457869e-04
5.585530e-04
7.228463e-04
1.039302e-03
1.507108e-03
1.999529e-03
2.394371e-03
2.639624e-03
2.725109e-03
2.698648e-03
2.631905e-03
2.514427e-03
2.346604e-03
2.255818e-03
2.304538e-03
2.427929e-03
2.602216e-03
2.773493e-03
2.850873e-03
2.782377e-03
2.601633e-03
2.406383e-03
2.228995e-03
2.087214e-03
1.976995e-03
1.853398e-03
1.770434e-03
1.812824e-03
1.869487e-03
1.825718e-03
1.841708e-03
1.988799e-03
2.141431e-03
2.301033e-03
2.493116e-03
2.644995e-03
2.648678e-03
2.470011e-03
2.187449e-03
1.850591e-03
1.531809e-03
1.309003e-03
1.120691e-03
9.647197e-04
9.646782e-04
1.078522e-03
1.114073e-03
1.021302e-03
8.581747e-04
6.589241e-04
4.507449e-04
2.493418e-04
7.618204e-05
-7.406080e-05
-2.328337e-04
-3.972487e-04
-5.746922e-04
-7.651638e-04
-8.951369e-04
-8.793372e-04
-7.474532e-04
-6.029213e-04
-5.567272e-04
-6.746201e-04
-8.138512e-04
-8.567589e-04
-8.711401e-04
-8.127550e-04
-6.792906e-04
-6.157172e-04
-6.515232e-04
-7.456223e-04
-8.559413e-04
-9.279167e-04
-8.950693e-04
-6.959315e-04
-4.086692e-04
-1.168930e-04
2.484387e-04
5.865347e-04
7.415222e-04
8.963356e-04
1.132273e-03
1.226457e-03
1.122882e-03
9.633740e-04
7.904553e-04
5.611561e-04
3.290593e-04
1.770503e-04
1.109862e-04
1.632738e-04
3.646747e-04
5.794035e-04
6.363646e-04
5.317017e-04
3.328527e-04
2.381883e-05
-3.619411e-04
-6.600023e-04
-7.767716e-04
-7.376994e-04
-6.397773e-04
-5.393391e-04
-3.977441e-04
-2.141978e-04
4.412414e-05
3.880359e-04
7.360109e-04
1.028259e-03
1.225553e-03
1.300418e-03
1.215758e-03
1.010115e-03
8.135294e-04
7.300176e-04
7.430651e-04
7.733923e-04
8.396708e-04
8.998677e-04
7.884512e-04
4.558137e-04
3.316478e-05
-3.906670e-04
-8.598734e-04
-1.344821e-03
-1.720430e-03
-1.931597e-03
-2.003162e-03
-1.986012e-03
-2.003207e-03
-2.179590e-03
-2.445333e-03
-2.645769e-03
-2.793891e-03
-2.951575e-03
-3.070764e-03
-3.089909e-03
-3.021650e-03
-2.931637e-03
-2.818632e-03
-2.636570e-03
-2.420630e-03
-2.261672e-03
-2.130439e-03
-1.948161e-03
-1.776456e-03
-1.594062e-03
-1.294877e-03
-9.732339e-04
-7.067160e-04
-3.955354e-04
-8.979588e-05
7.766622e-05
2.355412e-04
5.130565e-04
7.900302e-04
1.041936e-03
1.373292e-03
1.690604e-03
1.864081e-03
1.939083e-03
1.956395e-03
1.880585e-03
1.821340e-03
1.924529e-03
2.080352e-03
2.152925e-03
2.111357e-03
1.895555e-03
1.495616e-03
1.008017e-03
5.356899e-04
9.549137e-05
-3.087721e-04
-6.264979e-04
-8.237892e-04
-9.949583e-04
-1.213007e-03
-1.359351e-03
-1.468687e-03
-1.690555e-03
-2.001735e-03
-2.356411e-03
-2.716336e-03
-3.042607e-03
-3.295005e-03
-3.512264e-03
-3.789768e-03
-4.078989e-03
-4.346148e-03
-4.631598e-03
-4.940437e-03
-5.208598e-03
-5.393195e-03
-5.577513e-03
-5.808594e-03
-6.066590e-03
-6.308642e-03
-6.523574e-03
-6.716093e-03
-6.829503e-03
-6.870730e-03
-6.839045e-03
-6.653423e-03
-6.314576e-03
-5.940728e-03
-5.583489e-03
-5.238936e-03
-4.997246e-03
-4.893314e-03
-4.846087e-03
-4.775321e-03
-4.649432e-03
-4.392960e-03
-3.916916e-03
-3.347702e-03
-2.865046e-03
-2.469133e-03
-2.160193e-03
-2.044092e-03
-2.024114e-03
-1.825312e-03
-1.420606e-03
-9.581557e-04
-4.960197e-04
-5.822157e-05
2.573288e-04
4.196252e-04
5.039938e-04
4.868111e-04
3.617748e-04
2.932268e-04
3.751878e-04
5.104454e-04
6.096748e-04
6.499688e-04
5.713626e-04
3.188115e-04
-6.161324e-05
-5.069408e-04
-9.905902e-04
-1.420885e-03
-1.764686e-03
-2.109802e-03
-2.523737e-03
-3.037060e-03
-3.660100e-03
-4.385116e-03
-5.047374e-03
-5.459399e-03
-5.682383e-03
-5.790404e-03
-5.782757e-03
-5.754169e-03
-5.792283e-03
-5.853988e-03
-5.889991e-03
-5.885018e-03
-5.773651e-03
-5.496702e-03
-5.100622e-03
-4.702362e-03
-4.393068e-03
-4.279436e-03
-4.386029e-03
-4.529759e-03
-4.571133e-03
-4.527700e-03
-4.398248e-03
-4.186758e-03
-3.947058e-03
-3.753931e-03
-3.682468e-03
-3.706186e-03
-3.734093e-03
-3.657174e-03
-3.383475e-03
-2.977253e-03
-2.580108e-03
-2.268545e-03
-2.075028e-03
-2.038106e-03
-2.175309e-03
-2.424525e-03
-2.671293e-03
-2.751029e-03
-2.606054e-03
-2.385946e-03
-2.126911e-03
-1.809656e-03
-1.561419e-03
-1.418610e-03
-1.243368e-03
-9.417360e-04
-5.539750e-04
-1.206726e-04
3.242273e-04
6.243869e-04
6.542096e-04
5.801826e-04
5.216341e-04
3.534822e-04
1.058914e-04
-8.012433e-05
-2.294875e-04
-4.233622e-04
-6.133013e-04
-7.887174e-04
-1.076630e-03
-1.416046e-03
-1.615302e-03
-1.734281e-03
-1.899974e-03
-2.003158e-03
-1.998486e-03
-2.027623e-03
-2.081852e-03
-2.120263e-03
-2.203966e-03
-2.335839e-03
-2.494902e-03
-2.642996e-03
-2.819446e-03
-3.040777e-03
-3.169876e-03
-3.153581e-03
-3.032761e-03
-2.842185e-03
-2.610682e-03
-2.425609e-03
-2.299527e-03
-2.119170e-03
-1.941954e-03
-1.884268e-03
-1.894310e-03
-1.858076e-03
-1.798178e-03
-1.753341e-03
-1.645865e-03
-1.558311e-03
-1.623937e-03
-1.761747e-03
-1.880636e-03
-1.991992e-03
-2.073011e-03
-2.096210e-03
-2.158442e-03
-2.337129e-03
-2.516341e-03
-2.619932e-03
-2.677279e-03
-2.621589e-03
-2.428430e-03
-2.180732e-03
-1.916847e-03
-1.621899e-03
-1.387880e-03
-1.349448e-03
-1.369485e-03
-1.251970e-03
-1.034385e-03
-8.044530e-04
-5.539286e-04
-2.965416e-04
-1.158555e-04
2.096652e-05
1.405324e-04
1.729284e-04
1.768602e-04
2.714234e-04
4.153491e-04
5.158508e-04
5.942761e-04
6.487907e-04
6.055431e-04
4.808578e-04
3.921739e-04
3.496048e-04
2.749150e-04
1.893897e-04
9.271729e-05
-7.960407e-05
-3.821155e-04
-8.485449e-04
-1.435959e-03
-2.120773e-03
-2.848047e-03
-3.486114e-03
-4.041257e-03
-4.582559e-03
-5.080778e-03
-5.528908e-03
-5.936600e-03
-6.312744e-03
-6.707747e-03
-7.050085e-03
-7.280149e-03
-7.448189e-03
-7.504999e-03
-7.427736e-03
-7.296345e-03
-7.100182e-03
-6.779062e-03
-6.410955e-03
-6.049647e-03
-5.651128e-03
-5.260771e-03
-4.904103e-03
-4.562198e-03
-4.246437e-03
-3.964311e-03
-3.751488e-03
-3.559190e-03
-3.307430e-03
-3.085704e-03
-2.922871e-03
-2.732333e-03
-2.592971e-03
-2.553813e-03
-2.487486e-03
-2.357279e-03
-2.188727e-03
-1.915797e-03
-1.500724e-03
-1.033309e-03
-5.859276e-04
-1.398703e-04
2.685432e-04
5.982986e-04
8.840115e-04
1.102495e-03
1.180840e-03
1.136939e-03
1.046183e-03
9.096985e-04
6.950092e-04
4.398285e-04
2.125607e-04
6.415106e-05
-6.616166e-06
-2.836226e-05
-2.987085e-05
-1.027605e-04
-2.839894e-04
-5.204779e-04
-8.125300e-04
-1.145787e-03
-1.415839e-03
-1.561362e-03
-1.618686e-03
-1.620733e-03
-1.597964e-03
-1.573363e-03
-1.554042e-03
-1.557289e-03
-1.577911e-03
-1.649732e-03
-1.759163e-03
-1.770049e-03
-1.608794e-03
-1.337161e-03
-1.044330e-03
-7.853873e-04
-5.741583e-04
-4.028986e-04
-2.672856e-04
-1.387492e-04
-2.641722e-05
1.218274e-04
4.539472e-04
9.086590e-04
1.361528e-03
1.786076e-03
2.094686e-03
2.298249e-03
2.531821e-03
2.839834e-03
3.191483e-03
3.581398e-03
3.945383e-03
4.166883e-03
4.235210e-03
4.231693e-03
4.248578e-03
4.332897e-03
4.500279e-03
4.695808e-03
4.811890e-03
4.782230e-03
4.593464e-03
4.319399e-03
3.961472e-03
3.520085e-03
3.141429e-03
2.865076e-03
2.651593e-03
2.499781e-03
2.378743e-03
2.252784e-03
2.071444e-03
1.827943e-03
1.588767e-03
1.340747e-03
1.045899e-03
7.607079e-04
5.404606e-04
3.853410e-04
3.126026e-04
3.230593e-04
3.531993e-04
4.166995e-04
5.908660e-04
8.979851e-04
1.277119e-03
1.614794e-03
1.887143e-03
2.051222e-03
2.043871e-03
1.939188e-03
1.812101e-03
1.691548e-03
1.588627e-03
1.512134e-03
1.434517e-03
1.323685e-03
1.214558e-03
1.084110e-03
8.879630e-04
6.419591e-04
3.914384e-04
1.604166e-04
-4.971081e-05
-2.028547e-04
-2.829533e-04
-2.957321e-04
-2.284684e-04
-6.803673e-05
1.600752e-04
3.719647e-04
4.755936e-04
4.994252e-04
5.037623e-04
4.798237e-04
5.047191e-04
6.081268e-04
8.112267e-04
1.160002e-03
1.563515e-03
2.025035e-03
2.480602e-03
2.843950e-03
3.245638e-03
3.698402e-03
4.143975e-03
4.591618e-03
5.026764e-03
5.396742e-03
5.672616e-03
5.841226e-03
5.849192e-03
5.677960e-03
5.392890e-03
5.139354e-03
4.923239e-03
4.659858e-03
4.418429e-03
4.223831e-03
4.032181e-03
3.876324e-03
3.775460e-03
3.727278e-03
3.760413e-03
3.842706e-03
3.890467e-03
3.855008e-03
3.718086e-03
3.540279e-03
3.434713e-03
3.436670e-03
3.512320e-03
3.641842e-03
3.766325e-03
3.796503e-03
3.772298e-03
3.732969e-03
3.581085e-03
3.360676e-03
3.231561e-03
3.229497e-03
3.321668e-03
3.430952e-03
3.516319e-03
3.555768e-03
3.516117e-03
3.457385e-03
3.418974e-03
3.410749e-03
3.460829e-03
3.555958e-03
3.633581e-03
3.644652e-03
3.610815e-03
3.509536e-03
3.377225e-03
3.330562e-03
3.378497e-03
3.469925e-03
3.549005e-03
3.602032e-03
3.606092e-03
3.507665e-03
3.333306e-03
3.152962e-03
3.012455e-03
2.967229e-03
3.042775e-03
3.187084e-03
3.354348e-03
3.532133e-03
3.663052e-03
3.628267e-03
3.427979e-03
3.272845e-03
3.286056e-03
3.304875e-03
3.295029e-03
3.461054e-03
3.749026e-03
3.943989e-03
4.046134e-03
4.134673e-03
4.148988e-03
4.171985e-03
4.387184e-03
4.588414e-03
4.638427e-03
4.726518e-03
4.843117e-03
4.837971e-03
4.777906e-03
4.768165e-03
4.705978e-03
4.644869e-03
4.725628e-03
4.858290e-03
4.962047e-03
5.026711e-03
5.047616e-03
4.923272e-03
4.609420e-03
4.272452e-03
4.014159e-03
3.893767e-03
3.988887e-03
4.242101e-03
4.523593e-03
4.729659e-03
4.776176e-03
4.662176e-03
4.493190e-03
4.365934e-03
4.284721e-03
4.195878e-03
4.067359e-03
3.926374e-03
3.805034e-03
3.645451e-03
3.405271e-03
3.153543e-03
3.004477e-03
3.025571e-03
3.086201e-03
2.977299e-03
2.694794e-03
2.349095e-03
1.964903e-03
1.578823e-03
1.290506e-03
1.152448e-03
1.180681e-03
1.254872e-03
1.138244e-03
7.626126e-04
2.424518e-04
-2.887790e-04
-7.976081e-04
-1.217629e-03
-1.364242e-03
-1.221542e-03
-8.977424e-04
-5.026196e-04
-1.342126e-04
2.387895e-04
6.185433e-04
1.004097e-03
1.431930e-03
1.864285e-03
2.348938e-03
2.867474e-03
3.211218e-03
3.399432e-03
3.604658e-03
3.794008e-03
3.957405e-03
4.178492e-03
4.422379e-03
4.646154e-03
4.907667e-03
5.206712e-03
5.390457e-03
5.418133e-03
5.491114e-03
5.677528e-03
5.824743e-03
5.992386e-03
6.342996e-03
6.721974e-03
6.950953e-03
7.031826e-03
6.992951e-03
6.854408e-03
6.620502e-03
6.344467e-03
6.048883e-03
5.748353e-03
5.503691e-03
5.315302e-03
5.107660e-03
4.754577e-03
4.274495e-03
3.800538e-03
3.290002e-03
2.694736e-03
2.167376e-03
1.712288e-03
1.285386e-03
1.037894e-03
8.826705e-04
5.974509e-04
2.579385e-04
2.474737e-05
-1.764781e-04
-4.765496e-04
-7.809729e-04
-9.669469e-04
-1.091440e-03
-1.196878e-03
-1.181167e-03
-1.035730e-03
-8.538805e-04
-5.976703e-04
-2.364833e-04
1.550598e-04
5.336415e-04
9.179358e-04
1.281714e-03
1.548456e-03
1.777090e-03
2.024829e-03
2.198811e-03
2.286777e-03
2.340442e-03
2.321913e-03
2.200183e-03
2.039839e-03
1.861753e-03
1.678060e-03
1.573444e-03
1.529117e-03
1.487884e-03
1.503464e-03
1.621190e-03
1.794616e-03
1.981811e-03
2.110363e-03
2.090778e-03
2.007669e-03
1.956059e-03
1.858984e-03
1.692856e-03
1.539878e-03
1.436006e-03
1.376895e-03
1.383898e-03
1.472318e-03
1.549126e-03
1.581973e-03
1.676491e-03
1.763090e-03
1.710504e-03
1.626419e-03
1.605276e-03
1.546196e-03
1.449731e-03
1.397375e-03
1.349452e-03
1.282544e-03
1.264783e-03
1.325982e-03
1.409159e-03
1.518086e-03
1.651296e-03
1.699000e-03
1.651709e-03
1.600701e-03
1.574849e-03
1.530783e-03
1.459708e-03
1.500237e-03
1.690968e-03
1.874960e-03
2.043434e-03
2.173116e-03
2.153490e-03
2.085875e-03
2.068085e-03
2.025895e-03
1.886260e-03
1.708498e-03
1.611967e-03
1.562319e-03
1.479876e-03
1.471118e-03
1.539629e-03
1.485350e-03
1.367996e-03
1.281638e-03
1.087732e-03
7.988909e-04
5.423368e-04
3.904262e-04
3.323473e-04
3.033583e-04
3.421404e-04
4.544448e-04
5.929624e-04
7.893156e-04
9.806291e-04
1.052526e-03
1.067279e-03
1.077173e-03
1.003156e-03
8.994185e-04
9.446758e-04
1.203950e-03
1.587042e-03
1.951964e-03
2.249812e-03
2.486692e-03
2.631826e-03
2.685989e-03
2.683543e-03
2.639264e-03
2.570509e-03
2.538429e-03
2.516256e-03
2.399134e-03
2.239923e-03
2.130829e-03
2.059692e-03
1.946319e-03
1.759416e-03
1.628656e-03
1.578816e-03
1.503881e-03
1.410104e-03
1.331038e-03
1.306586e-03
1.412487e-03
1.605206e-03
1.739654e-03
1.799927e-03
1.934165e-03
2.132191e-03
2.213255e-03
2.205987e-03
2.261994e-03
2.345006e-03
2.370380e-03
2.350427e-03
2.289900e-03
2.266520e-03
2.330653e-03
2.387423e-03
2.394697e-03
2.345181e-03
2.252992e-03
2.166159e-03
2.081913e-03
1.965449e-03
1.859763e-03
1.830299e-03
1.757449e-03
1.603685e-03
1.462593e-03
1.281826e-03
1.071138e-03
1.000584e-03
1.090550e-03
1.162547e-03
1.200478e-03
1.309675e-03
1.425389e-03
1.480493e-03
1.570337e-03
1.713270e-03
1.819370e-03
1.939368e-03
2.096421e-03
2.140417e-03
1.997481e-03
1.737266e-03
1.432255e-03
1.159317e-03
9.928822e-04
8.595456e-04
6.703941e-04
5.301625e-04
4.978577e-04
4.545110e-04
3.380491e-04
2.119511e-04
1.531275e-04
1.342362e-04
1.473947e-04
2.298323e-04
3.231144e-04
4.403904e-04
6.051218e-04
7.492263e-04
8.297782e-04
8.727010e-04
9.535862e-04
1.067075e-03
1.257206e-03
1.545950e-03
1.747176e-03
1.792699e-03
1.803760e-03
1.825041e-03
1.768196e-03
1.650336e-03
1.608585e-03
1.633673e-03
1.712203e-03
1.827535e-03
1.818036e-03
1.657254e-03
1.423295e-03
1.120405e-03
7.415972e-04
3.527595e-04
8.920959e-05
-3.305633e-05
-1.079495e-04
-1.890875e-04
-2.635199e-04
-3.346386e-04
-4.789614e-04
-6.941848e-04
-8.683182e-04
-1.023441e-03
-1.209749e-03
-1.279534e-03
-1.247555e-03
-1.225889e-03
-1.165670e-03
-1.141365e-03
-1.269234e-03
-1.535011e-03
-1.820886e-03
-1.964309e-03
-1.982175e-03
-1.945644e-03
-1.711187e-03
-1.313273e-03
-1.038849e-03
-8.779748e-04
-7.658922e-04
-7.949488e-04
-8.366642e-04
-7.378808e-04
-5.898528e-04
-5.223218e-04
-4.919382e-04
-4.388075e-04
-4.830077e-04
-6.477778e-04
-8.039624e-04
-9.335409e-04
-1.000441e-03
-9.179942e-04
-7.649042e-04
-6.665960e-04
-6.595121e-04
-7.122031e-04
-7.810379e-04
-8.889116e-04
-1.016252e-03
-1.020837e-03
-8.742644e-04
-7.792874e-04
-7.616540e-04
-7.431194e-04
-8.369016e-04
-1.020842e-03
-1.220015e-03
-1.455386e-03
-1.711343e-03
-1.965752e-03
-2.199425e-03
-2.478874e-03
-2.889378e-03
-3.404936e-03
-3.953782e-03
-4.505255e-03
-4.995198e-03
-5.299021e-03
-5.460902e-03
-5.596300e-03
-5.673914e-03
-5.708664e-03
-5.820305e-03
-6.028553e-03
-6.263149e-03
-6.507570e-03
-6.729227e-03
-6.831443e-03
-6.800774e-03
-6.691507e-03
-6.556386e-03
-6.426777e-03
-6.330694e-03
-6.310862e-03
-6.262059e-03
-6.127876e-03
-6.037607e-03
-5.952331e-03
-5.796951e-03
-5.680471e-03
-5.627160e-03
-5.565910e-03
-5.548820e-03
-5.586210e-03
-5.519730e-03
-5.336963e-03
-5.182671e-03
-5.073711e-03
-4.963232e-03
-4.897283e-03
-4.940467e-03
-4.987623e-03
-4.935168e-03
-4.878614e-03
-4.841626e-03
-4.755797e-03
-4.719561e-03
-4.832736e-03
-5.004834e-03
-5.191559e-03
-5.408031e-03
-5.563522e-03
-5.620938e-03
-5.651943e-03
-5.708141e-03
-5.805842e-03
-5.964235e-03
-6.209718e-03
-6.432492e-03
-6.472725e-03
-6.400759e-03
-6.281570e-03
-6.075556e-03
-5.883243e-03
-5.790135e-03
-5.751015e-03
-5.762859e-03
-5.857598e-03
-5.955969e-03
-5.919025e-03
-5.740786e-03
-5.540290e-03
-5.384496e-03
-5.295903e-03
-5.296118e-03
-5.369194e-03
-5.493212e-03
-5.638166e-03
-5.782275e-03
-5.880650e-03
-5.911498e-03
-5.939139e-03
-5.972667e-03
-6.001321e-03
-6.027110e-03
-6.044968e-03
-6.087818e-03
-6.154487e-03
-6.220068e-03
-6.260180e-03
-6.336737e-03
-6.471028e-03
-6.575598e-03
-6.641817e-03
-6.701405e-03
-6.843658e-03
-7.033001e-03
-7.143376e-03
-7.231870e-03
-7.397615e-03
-7.637020e-03
-7.856170e-03
-8.006850e-03
-8.040053e-03
-7.939707e-03
-7.835966e-03
-7.798806e-03
-7.780039e-03
-7.802756e-03
-7.953506e-03
-8.147965e-03
-8.261441e-03
-8.303735e-03
-8.296481e-03
-8.202605e-03
-8.010507e-03
-7.845289e-03
-7.753097e-03
-7.633499e-03
-7.527961e-03
-7.492741e-03
-7.402826e-03
-7.245280e-03
-7.116664e-03
-6.946907e-03
-6.714220e-03
-6.465703e-03
-6.132838e-03
-5.718695e-03
-5.325059e-03
-5.028111e-03
-4.845544e-03
-4.715686e-03
-4.584412e-03
-4.476244e-03
-4.369635e-03
-4.243317e-03
-4.135268e-03
-3.966219e-03
-3.736666e-03
-3.590075e-03
-3.523354e-03
-3.458250e-03
-3.399001e-03
-3.364678e-03
-3.291076e-03
-3.170221e-03
-3.093267e-03
-3.039047e-03
-2.975511e-03
-2.994610e-03
-3.096044e-03
-3.138813e-03
-3.113078e-03
-3.118941e-03
-3.071309e-03
-2.930211e-03
-2.823420e-03
-2.714159e-03
-2.570555e-03
-2.505861e-03
-2.573894e-03
-2.709411e-03
-2.809562e-03
-2.830660e-03
-2.775992e-03
-2.680453e-03
-2.568240e-03
-2.473845e-03
-2.442643e-03
-2.474473e-03
-2.585141e-03
-2.738332e-03
-2.834009e-03
-2.874136e-03
-2.926922e-03
-3.000026e-03
-3.078345e-03
-3.194797e-03
-3.336983e-03
-3.435593e-03
-3.540965e-03
-3.709796e-03
-3.861608e-03
-3.971165e-03
-4.128147e-03
-4.325845e-03
-4.474494e-03
-4.641064e-03
-4.859469e-03
-5.028784e-03
-5.150181e-03
-5.245105e-03
-5.312541e-03
-5.297529e-03
-5.188300e-03
-5.125250e-03
-5.053963e-03
-4.888534e-03
-4.739547e-03
-4.616837e-03
-4.446328e-03
-4.159669e-03
-3.777063e-03
-3.389637e-03
-3.012661e-03
-2.635549e-03
-2.206651e-03
-1.722469e-03
-1.253716e-03
-7.913023e-04
-2.924684e-04
2.467770e-04
7.943246e-04
1.294593e-03
1.685581e-03
1.955297e-03
2.157726e-03
2.337443e-03
2.516878e-03
2.696889e-03
2.892598e-03
3.159699e-03
3.483208e-03
3.755187e-03
3.896391e-03
3.891040e-03
3.793856e-03
3.671917e-03
3.503689e-03
3.347374e-03
3.331824e-03
3.459206e-03
3.644355e-03
3.759022e-03
3.682200e-03
3.403984e-03
3.057339e-03
2.749402e-03
2.486438e-03
2.323713e-03
2.302255e-03
2.339902e-03
2.318912e-03
2.204312e-03
1.980309e-03
1.620568e-03
1.191186e-03
8.313610e-04
6.228495e-04
5.251478e-04
5.273359e-04
6.234430e-04
6.852679e-04
6.918767e-04
7.209470e-04
6.967610e-04
5.741352e-04
4.615809e-04
4.186439e-04
4.291782e-04
4.476417e-04
4.118715e-04
2.855441e-04
1.324169e-04
6.947437e-05
3.504599e-05
-8.242660e-05
-1.944154e-04
-1.956235e-04
-1.233019e-04
-4.493247e-05
4.435803e-05
1.439119e-04
2.046147e-04
2.359215e-04
2.794357e-04
3.021633e-04
2.465826e-04
1.867554e-04
2.001927e-04
2.356985e-04
3.308227e-04
5.633077e-04
8.410000e-04
1.049025e-03
1.190206e-03
1.275399e-03
1.309497e-03
1.334571e-03
1.380557e-03
1.470796e-03
1.591368e-03
1.724020e-03
1.885209e-03
2.035442e-03
2.150142e-03
2.262424e-03
2.342366e-03
2.344327e-03
2.306630e-03
2.303441e-03
2.356059e-03
2.405272e-03
2.424983e-03
2.433699e-03
2.394292e-03
2.366103e-03
2.445877e-03
2.542435e-03
2.573529e-03
2.564610e-03
2.512390e-03
2.413781e-03
2.279834e-03
2.161859e-03
2.087659e-03
2.015432e-03
2.023831e-03
2.104008e-03
2.103114e-03
2.027528e-03
1.911811e-03
1.763103e-03
1.629652e-03
1.523953e-03
1.470075e-03
1.503273e-03
1.537885e-03
1.474721e-03
1.383224e-03
1.359363e-03
1.407276e-03
1.519198e-03
1.686026e-03
1.889178e-03
2.128845e-03
2.411057e-03
2.677403e-03
2.835327e-03
2.940706e-03
3.110849e-03
3.265498e-03
3.252861e-03
3.140226e-03
3.066774e-03
3.039161e-03
3.059043e-03
3.091073e-03
3.053434e-03
2.967232e-03
2.900386e-03
2.831556e-03
2.695186e-03
2.551577e-03
2.473212e-03
2.439761e-03
2.453297e-03
2.485537e-03
2.485731e-03
2.460950e-03
2.480767e-03
2.580410e-03
2.630906e-03
2.577293e-03
2.526175e-03
2.470133e-03
2.386479e-03
2.394703e-03
2.524085e-03
2.614206e-03
2.555767e-03
2.394165e-03
2.184669e-03
1.920075e-03
1.619933e-03
1.392926e-03
1.318683e-03
1.436124e-03
1.732208e-03
2.037958e-03
2.199382e-03
2.236267e-03
2.190241e-03
2.037778e-03
1.821215e-03
1.651279e-03
1.585343e-03
1.617199e-03
1.681714e-03
1.697346e-03
1.582154e-03
1.315612e-03
1.021310e-03
7.737083e-04
5.207674e-04
2.750425e-04
1.385289e-04
9.689367e-05
5.850955e-05
3.101332e-05
-2.290927e-05
-1.523274e-04
-2.397179e-04
-1.891026e-04
-7.582330e-05
4.855956e-05
2.349625e-04
4.501834e-04
5.790675e-04
6.276220e-04
6.814773e-04
7.228778e-04
7.211757e-04
7.733185e-04
9.296854e-04
1.087260e-03
1.236290e-03
1.389936e-03
1.449358e-03
1.458737e-03
1.539032e-03
1.677944e-03
1.803042e-03
1.902978e-03
1.990365e-03
2.049825e-03
2.111389e-03
2.157448e-03
2.127450e-03
2.066483e-03
2.057515e-03
2.090377e-03
2.084210e-03
2.015994e-03
1.919586e-03
1.849683e-03
1.823397e-03
1.801212e-03
1.770172e-03
1.720103e-03
1.613030e-03
1.453210e-03
1.285631e-03
1.082515e-03
8.385529e-04
6.343323e-04
5.023760e-04
4.482624e-04
4.211870e-04
3.525740e-04
2.715516e-04
2.226552e-04
2.060394e-04
1.572162e-04
9.241017e-06
-1.874002e-04
-3.597006e-04
-4.986465e-04
-6.058899e-04
-6.848114e-04
-6.882693e-04
-5.548650e-04
-3.037532e-04
-2.975559e-05
1.796553e-04
3.373000e-04
4.886473e-04
6.964926e-04
1.052058e-03
1.545109e-03
2.062576e-03
2.537554e-03
2.966343e-03
3.322166e-03
3.587053e-03
3.791890e-03
3.954868e-03
4.098431e-03
4.265216e-03
4.435172e-03
4.571009e-03
4.676825e-03
4.756758e-03
4.820325e-03
4.864742e-03
4.893255e-03
4.907519e-03
4.896049e-03
4.913106e-03
4.951773e-03
4.930342e-03
4.841384e-03
4.673374e-03
4.417032e-03
4.102060e-03
3.745851e-03
3.425309e-03
3.223398e-03
3.136064e-03
3.081637e-03
2.983105e-03
2.822477e-03
2.582434e-03
2.305427e-03
2.060919e-03
1.880276e-03
1.802351e-03
1.818395e-03
1.897093e-03
1.966125e-03
1.981098e-03
1.999105e-03
1.996595e-03
1.927197e-03
1.814872e-03
1.676474e-03
1.519159e-03
1.341855e-03
1.172530e-03
1.084008e-03
1.125166e-03
1.261569e-03
1.452555e-03
1.723395e-03
2.058453e-03
2.396550e-03
2.673041e-03
2.818753e-03
2.878852e-03
2.931290e-03
2.952886e-03
2.941523e-03
2.917932e-03
2.884616e-03
2.861043e-03
2.846073e-03
2.789541e-03
2.657741e-03
2.499365e-03
2.357688e-03
2.227896e-03
2.101904e-03
1.992863e-03
1.960562e-03
1.992056e-03
1.980021e-03
1.892995e-03
1.742453e-03
1.505570e-03
1.224525e-03
1.042383e-03
1.010659e-03
1.026665e-03
1.060965e-03
1.150156e-03
1.229930e-03
1.183781e-03
1.006127e-03
7.858791e-04
5.815169e-04
5.096266e-04
6.088994e-04
7.579622e-04
9.274165e-04
1.093492e-03
1.198155e-03
1.225472e-03
1.218941e-03
1.279661e-03
1.441835e-03
1.698087e-03
2.017291e-03
2.353431e-03
2.642604e-03
2.804802e-03
2.792802e-03
2.593421e-03
2.356481e-03
2.211993e-03
2.135793e-03
2.174789e-03
2.314579e-03
2.433348e-03
2.497410e-03
2.534743e-03
2.489117e-03
2.312670e-03
2.102128e-03
1.903951e-03
1.715246e-03
1.510882e-03
1.212539e-03
8.612948e-04
5.741134e-04
4.139831e-04
3.119840e-04
2.134168e-04
1.831325e-04
2.169227e-04
2.594733e-04
2.200098e-04
5.689950e-05
-1.182489e-04
-2.131121e-04
-2.715468e-04
-3.627844e-04
-4.617103e-04
-5.696529e-04
-7.371616e-04
-9.454965e-04
-1.148373e-03
-1.344994e-03
-1.501748e-03
-1.573986e-03
-1.570238e-03
-1.499462e-03
-1.441072e-03
-1.401565e-03
-1.330932e-03
-1.288744e-03
-1.262822e-03
-1.238313e-03
-1.210855e-03
-1.124835e-03
-9.720364e-04
-7.683937e-04
-5.750926e-04
-4.511029e-04
-4.223577e-04
-4.864420e-04
-5.843325e-04
-6.531096e-04
-6.706442e-04
-6.394292e-04
-5.448105e-04
-4.505958e-04
-4.204541e-04
-3.926235e-04
-3.437955e-04
-2.719546e-04
-1.930400e-04
-1.470276e-04
-1.075562e-04
-5.128319e-05
1.727174e-05
7.229023e-05
8.945429e-05
6.486630e-05
3.689215e-05
9.368424e-05
1.885919e-04
2.134397e-04
2.251390e-04
2.887025e-04
3.457935e-04
3.216655e-04
2.314912e-04
1.073410e-04
1.238547e-06
-8.625675e-07
5.732572e-05
1.274181e-04
2.123332e-04
3.046720e-04
3.711552e-04
3.586745e-04
3.296376e-04
3.278654e-04
3.215680e-04
3.514701e-04
4.571006e-04
5.787146e-04
6.680726e-04
7.420258e-04
8.176758e-04
8.982917e-04
1.003031e-03
1.196213e-03
1.427679e-03
1.626085e-03
1.846962e-03
2.050719e-03
2.176315e-03
2.225612e-03
2.233138e-03
2.267237e-03
2.328962e-03
2.437552e-03
2.567078e-03
2.672874e-03
2.845617e-03
3.054572e-03
3.204933e-03
3.328079e-03
3.426808e-03
3.498179e-03
3.561834e-03
3.614782e-03
3.606898e-03
3.505330e-03
3.401553e-03
3.360689e-03
3.340293e-03
3.309343e-03
3.297264e-03
3.269678e-03
3.093317e-03
2.775848e-03
2.421823e-03
2.098903e-03
1.899167e-03
1.850565e-03
1.890245e-03
1.915951e-03
1.847668e-03
1.685762e-03
1.436659e-03
1.093667e-03
6.978832e-04
3.481867e-04
1.300745e-04
1.908874e-05
-7.235843e-05
-2.262787e-04
-4.582616e-04
-6.925528e-04
-8.880087e-04
-1.024003e-03
-1.085750e-03
-1.100438e-03
-1.086943e-03
-1.068055e-03
-1.078275e-03
-1.152160e-03
-1.264271e-03
-1.366437e-03
-1.443506e-03
-1.467915e-03
-1.440113e-03
-1.361002e-03
-1.244895e-03
-1.125532e-03
-9.808083e-04
-8.185425e-04
-6.748808e-04
-5.667527e-04
-5.003161e-04
-4.422302e-04
-3.731920e-04
-2.465744e-04
-2.580992e-05
2.235018e-04
4.348047e-04
5.840096e-04
6.612304e-04
6.598486e-04
6.064649e-04
5.174459e-04
4.014392e-04
3.582808e-04
4.374583e-04
5.738045e-04
7.238586e-04
8.693524e-04
1.029429e-03
1.226427e-03
1.408394e-03
1.545606e-03
1.656187e-03
1.762866e-03
1.838780e-03
1.803759e-03
1.653561e-03
1.436555e-03
1.238079e-03
1.127316e-03
1.087378e-03
1.083515e-03
1.118317e-03
1.202544e-03
1.236527e-03
1.155239e-03
9.999422e-04
7.887300e-04
5.825023e-04
4.065815e-04
2.835648e-04
2.475486e-04
2.061221e-04
1.192822e-04
4.823618e-05
2.946620e-05
3.849906e-05
2.586183e-05
2.099945e-05
2.297357e-05
-6.337153e-05
-2.680353e-04
-5.717591e-04
-9.160832e-04
-1.172699e-03
-1.286226e-03
-1.324936e-03
-1.326005e-03
-1.253563e-03
-1.162368e-03
-1.112705e-03
-1.092442e-03
-1.148434e-03
-1.305426e-03
-1.483669e-03
-1.594951e-03
-1.667286e-03
-1.728117e-03
-1.739080e-03
-1.703230e-03
-1.608427e-03
-1.484088e-03
-1.388559e-03
-1.294542e-03
-1.161438e-03
-9.939016e-04
-8.053531e-04
-6.108580e-04
-4.538266e-04
-3.363581e-04
-2.262358e-04
-1.470607e-04
-9.768752e-05
-2.730365e-05
8.026311e-05
2.347756e-04
4.723194e-04
7.835709e-04
1.063908e-03
1.302772e-03
1.581415e-03
1.817220e-03
1.963780e-03
2.075700e-03
2.130686e-03
2.184400e-03
2.283991e-03
2.339832e-03
2.333058e-03
2.374891e-03
2.489045e-03
2.559390e-03
2.574083e-03
2.574433e-03
2.537167e-03
2.462675e-03
2.346340e-03
2.210888e-03
2.104515e-03
2.038887e-03
1.993211e-03
1.886868e-03
1.714635e-03
1.547688e-03
1.367198e-03
1.204200e-03
1.111019e-03
1.083538e-03
1.122424e-03
1.149786e-03
1.145152e-03
1.161592e-03
1.192392e-03
1.225088e-03
1.225399e-03
1.191268e-03
1.168120e-03
1.155463e-03
1.152275e-03
1.102093e-03
9.305889e-04
7.272896e-04
5.677734e-04
4.201825e-04
2.906327e-04
2.201220e-04
2.173173e-04
2.549330e-04
3.430819e-04
4.370477e-04
4.279057e-04
3.000385e-04
1.134064e-04
-8.356334e-05
-2.877438e-04
-4.564434e-04
-5.586692e-04
-5.754856e-04
-4.381067e-04
-1.662977e-04
1.600682e-04
4.414102e-04
6.616821e-04
8.760264e-04
1.031014e-03
1.114521e-03
1.197908e-03
1.329175e-03
1.523876e-03
1.725416e-03
1.849669e-03
1.909963e-03
1.964352e-03
2.023565e-03
2.090610e-03
2.164715e-03
2.288126e-03
2.460464e-03
2.591148e-03
2.676082e-03
2.745077e-03
2.780182e-03
2.767178e-03
2.688302e-03
2.545169e-03
2.346006e-03
2.131402e-03
1.949705e-03
1.750391e-03
1.491205e-03
1.235128e-03
1.051756e-03
9.462106e-04
9.251202e-04
9.495361e-04
9.189363e-04
8.597846e-04
7.942659e-04
6.676182e-04
5.099284e-04
3.700934e-04
2.573495e-04
1.548158e-04
6.563068e-05
-5.528362e-05
-2.954016e-04
-5.694943e-04
-7.326803e-04
-7.818401e-04
-7.643496e-04
-6.857358e-04
-5.583079e-04
-4.574049e-04
-4.495635e-04
-5.333897e-04
-6.615246e-04
-7.524413e-04
-7.664187e-04
-6.991124e-04
-5.338409e-04
-3.183410e-04
-1.335842e-04
-5.049999e-05
-9.028867e-05
-2.030475e-04
-3.385341e-04
-4.434606e-04
-4.740896e-04
-3.879395e-04
-1.819189e-04
7.247315e-05
3.323773e-04
5.851098e-04
7.766872e-04
8.768023e-04
9.340139e-04
1.013222e-03
1.126491e-03
1.217370e-03
1.267679e-03
1.325731e-03
1.365847e-03
1.317464e-03
1.158449e-03
9.320239e-04
7.551265e-04
6.726040e-04
6.514817e-04
6.437028e-04
5.901594e-04
5.094831e-04
3.618854e-04
1.138797e-04
-1.621851e-04
-3.917981e-04
-4.853789e-04
-4.917460e-04
-5.082263e-04
-4.981334e-04
-4.622990e-04
-4.784082e-04
-5.917599e-04
-8.129460e-04
-1.086973e-03
-1.267455e-03
-1.292065e-03
-1.226569e-03
-1.077292e-03
-8.426007e-04
-5.774683e-04
-3.264641e-04
-1.902378e-04
-2.220535e-04
-3.106547e-04
-3.262742e-04
-2.721938e-04
-2.628174e-04
-3.199526e-04
-3.777712e-04
-4.059173e-04
-3.828496e-04
-3.591935e-04
-4.469303e-04
-6.413031e-04
-8.218990e-04
-9.434692e-04
-1.067222e-03
-1.218212e-03
-1.316731e-03
-1.303248e-03
-1.208661e-03
-1.067211e-03
-9.303588e-04
-8.668658e-04
-9.064030e-04
-9.764443e-04
-1.011330e-03
-1.043069e-03
-1.043636e-03
-9.782149e-04
-8.341264e-04
-6.663024e-04
-5.436412e-04
-4.290263e-04
-3.946859e-04
-4.034894e-04
-3.263242e-04
-2.591260e-04
-2.538263e-04
-2.457786e-04
-2.052154e-04
-9.792530e-05
8.436789e-05
2.382084e-04
2.842667e-04
2.629915e-04
2.240519e-04
1.343949e-04
-6.896557e-05
-3.025279e-04
-4.125175e-04
-3.407625e-04
-1.375521e-04
3.339369e-05
4.528488e-05
-5.418891e-05
-1.288729e-04
-1.047097e-04
-1.342483e-04
-3.150117e-04
-4.024469e-04
-2.732984e-04
-1.266360e-04
-1.737460e-04
-4.269466e-04
-7.421820e-04
-1.024883e-03
-1.251134e-03
-1.440185e-03
-1.542543e-03
-1.499303e-03
-1.433917e-03
-1.493438e-03
-1.696855e-03
-1.949883e-03
-2.144179e-03
-2.203212e-03
-2.085840e-03
-1.842249e-03
-1.570564e-03
-1.359766e-03
-1.268331e-03
-1.324245e-03
-1.518386e-03
-1.762610e-03
-1.873091e-03
-1.772537e-03
-1.624219e-03
-1.560758e-03
-1.572118e-03
-1.623224e-03
-1.667470e-03
-1.694917e-03
-1.708323e-03
-1.629578e-03
-1.393651e-03
-1.096113e-03
-9.065702e-04
-8.323243e-04
-7.652433e-04
-6.947198e-04
-6.799275e-04
-7.077181e-04
-6.989301e-04
-6.263752e-04
-5.494087e-04
-5.483442e-04
-6.220709e-04
-7.027776e-04
-8.313331e-04
-1.088887e-03
-1.403589e-03
-1.651044e-03
-1.785673e-03
-1.878884e-03
-2.052232e-03
-2.276838e-03
-2.470370e-03
-2.687125e-03
-3.007269e-03
-3.413624e-03
-3.795191e-03
-4.057487e-03
-4.234397e-03
-4.417498e-03
-4.599170e-03
-4.712860e-03
-4.765221e-03
-4.784890e-03
-4.774582e-03
-4.712021e-03
-4.570177e-03
-4.337657e-03
-4.045207e-03
-3.826522e-03
-3.762927e-03
-3.838837e-03
-4.048666e-03
-4.346916e-03
-4.691204e-03
-5.036393e-03
-5.304939e-03
-5.491619e-03
-5.644972e-03
-5.819003e-03
-6.068997e-03
-6.403679e-03
-6.727090e-03
-6.929455e-03
-7.006817e-03
-6.959902e-03
-6.792556e-03
-6.573381e-03
-6.385514e-03
-6.277291e-03
-6.279292e-03
-6.415651e-03
-6.599645e-03
-6.670155e-03
-6.550640e-03
-6.297600e-03
-5.997291e-03
-5.691037e-03
-5.410447e-03
-5.204077e-03
-5.117361e-03
-5.122718e-03
-5.103314e-03
-4.978876e-03
-4.802755e-03
-4.644622e-03
-4.533786e-03
-4.485613e-03
-4.482999e-03
-4.537658e-03
-4.665033e-03
-4.800789e-03
-4.884454e-03
-4.961063e-03
-5.057837e-03
-5.193050e-03
-5.411845e-03
-5.554891e-03
-5.487323e-03
-5.355746e-03
-5.237974e-03
-5.120854e-03
-5.083633e-03
-5.056189e-03
-4.922566e-03
-4.791182e-03
-4.725212e-03
-4.659328e-03
-4.581103e-03
-4.531354e-03
-4.516390e-03
-4.501885e-03
-4.462830e-03
-4.344664e-03
-4.172115e-03
-4.032717e-03
-4.012177e-03
-4.171471e-03
-4.393896e-03
-4.582295e-03
-4.750650e-03
-4.875433e-03
-4.912741e-03
-4.853567e-03
-4.777936e-03
-4.727009e-03
-4.673109e-03
-4.595564e-03
-4.463848e-03
-4.275131e-03
-4.038656e-03
-3.768840e-03
-3.500116e-03
-3.278049e-03
-3.108197e-03
-2.937366e-03
-2.772321e-03
-2.701571e-03
-2.743380e-03
-2.819776e-03
-2.875576e-03
-2.883876e-03
-2.847291e-03
-2.765501e-03
-2.603493e-03
-2.404422e-03
-2.279510e-03
-2.271661e-03
-2.308723e-03
-2.331081e-03
-2.362432e-03
-2.450564e-03
-2.555714e-03
-2.579636e-03
-2.541559e-03
-2.523769e-03
-2.555050e-03
-2.602398e-03
-2.661874e-03
-2.710782e-03
-2.759687e-03
-2.943201e-03
-3.207947e-03
-3.416223e-03
-3.598239e-03
-3.803090e-03
-3.988864e-03
-4.111343e-03
-4.220699e-03
-4.322390e-03
-4.322247e-03
-4.231903e-03
-4.189161e-03
-4.237951e-03
-4.378293e-03
-4.537234e-03
-4.643283e-03
-4.801922e-03
-5.038882e-03
-5.288950e-03
-5.422710e-03
-5.409099e-03
-5.352175e-03
-5.283164e-03
-5.281108e-03
-5.248965e-03
-5.124225e-03
-5.061172e-03
-5.030421e-03
-4.952261e-03
-4.828997e-03
-4.678734e-03
-4.511691e-03
-4.387394e-03
-4.353591e-03
-4.320970e-03
-4.232514e-03
-4.080934e-03
-3.880792e-03
-3.676788e-03
-3.491225e-03
-3.352396e-03
-3.222419e-03
-3.045725e-03
-2.847874e-03
-2.640465e-03
-2.433889e-03
-2.239445e-03
-2.039818e-03
-1.912753e-03
-1.894475e-03
-1.889626e-03
-1.835822e-03
-1.676836e-03
-1.482799e-03
-1.355216e-03
-1.219488e-03
-1.149250e-03
-1.225134e-03
-1.315470e-03
-1.393360e-03
-1.513555e-03
-1.654781e-03
-1.705501e-03
-1.630002e-03
-1.514851e-03
-1.408617e-03
-1.410103e-03
-1.458595e-03
-1.361376e-03
-1.222786e-03
-1.155617e-03
-1.050927e-03
-8.343820e-04
-5.635309e-04
-3.625847e-04
-3.157295e-04
-4.243909e-04
-5.924872e-04
-7.509891e-04
-8.694195e-04
-9.397751e-04
-1.071504e-03
-1.262008e-03
-1.427315e-03
-1.575262e-03
-1.788802e-03
-2.096418e-03
-2.360307e-03
-2.539323e-03
-2.640329e-03
-2.674888e-03
-2.741843e-03
-2.879103e-03
-3.065692e-03
-3.195067e-03
-3.247311e-03
-3.267618e-03
-3.225626e-03
-3.113929e-03
-2.919336e-03
-2.740685e-03
-2.663513e-03
-2.624431e-03
-2.606444e-03
-2.604124e-03
-2.564554e-03
-2.472673e-03
-2.345927e-03
-2.166534e-03
-1.948939e-03
-1.755746e-03
-1.578729e-03
-1.376816e-03
-1.147595e-03
-9.046458e-04
-6.539323e-04
-4.583366e-04
-3.553252e-04
-2.868681e-04
-2.774630e-04
-2.750086e-04
-1.544268e-04
2.178595e-05
2.350203e-04
5.179108e-04
7.763052e-04
9.332928e-04
9.898624e-04
9.978639e-04
1.021590e-03
1.082564e-03
1.181297e-03
1.299065e-03
1.341353e-03
1.251238e-03
1.087942e-03
9.204299e-04
7.856623e-04
6.851856e-04
6.763756e-04
7.642627e-04
8.827132e-04
1.072641e-03
1.276271e-03
1.369627e-03
1.370938e-03
1.345621e-03
1.302424e-03
1.247189e-03
1.222656e-03
1.216827e-03
1.239648e-03
1.314993e-03
1.398445e-03
1.437478e-03
1.413074e-03
1.361365e-03
1.287845e-03
1.224028e-03
1.253524e-03
1.326307e-03
1.385952e-03
1.467035e-03
1.533166e-03
1.547813e-03
1.562880e-03
1.618763e-03
1.734565e-03
1.967549e-03
2.310456e-03
2.634072e-03
2.880282e-03
3.049275e-03
3.134003e-03
3.215174e-03
3.348049e-03
3.517538e-03
3.731974e-03
4.015105e-03
4.345693e-03
4.626623e-03
4.775574e-03
4.795313e-03
4.782694e-03
4.815215e-03
4.865077e-03
4.938378e-03
5.074131e-03
5.230616e-03
5.373410e-03
5.496818e-03
5.503796e-03
5.381329e-03
5.250774e-03
5.170060e-03
5.181615e-03
5.290127e-03
5.471608e-03
5.669320e-03
5.760430e-03
5.777943e-03
5.807620e-03
5.805725e-03
5.726128e-03
5.595383e-03
5.498660e-03
5.454022e-03
5.375220e-03
5.206737e-03
4.970852e-03
4.764756e-03
4.644269e-03
4.598685e-03
4.635285e-03
4.744989e-03
4.907598e-03
5.094011e-03
5.311296e-03
5.487704e-03
5.513619e-03
5.471077e-03
5.417346e-03
5.354872e-03
5.308211e-03
5.294825e-03
5.367588e-03
5.497904e-03
5.660781e-03
5.853444e-03
5.968527e-03
5.949264e-03
5.877907e-03
5.801306e-03
5.681394e-03
5.582551e-03
5.615993e-03
5.754294e-03
5.943883e-03
6.175506e-03
6.416300e-03
6.645887e-03
6.818014e-03
6.902025e-03
6.965495e-03
7.028102e-03
7.046525e-03
7.060738e-03
7.164142e-03
7.346851e-03
7.537757e-03
7.698117e-03
7.823471e-03
7.951179e-03
8.062705e-03
8.087267e-03
8.024523e-03
7.926947e-03
7.836622e-03
7.799034e-03
7.773606e-03
7.719391e-03
7.755240e-03
7.859463e-03
7.871615e-03
7.791583e-03
7.669101e-03
7.504888e-03
7.332911e-03
7.182246e-03
7.053224e-03
6.966246e-03
6.912293e-03
6.864290e-03
6.800886e-03
6.695021e-03
6.537930e-03
6.317436e-03
6.041623e-03
5.743422e-03
5.480052e-03
5.292822e-03
5.100862e-03
4.842697e-03
4.549880e-03
4.253440e-03
4.033282e-03
3.934853e-03
3.905154e-03
3.876708e-03
3.834603e-03
3.851081e-03
3.870374e-03
3.767304e-03
3.596846e-03
3.447674e-03
3.369782e-03
3.371041e-03
3.421930e-03
3.446847e-03
3.413845e-03
3.364963e-03
3.225670e-03
3.009359e-03
2.810089e-03
2.648926e-03
2.600548e-03
2.665765e-03
2.709502e-03
2.646632e-03
2.548842e-03
2.461011e-03
2.263895e-03
1.967776e-03
1.748939e-03
1.668828e-03
1.721332e-03
1.883090e-03
2.081116e-03
2.232287e-03
2.319648e-03
2.385628e-03
2.400768e-03
2.383090e-03
2.428088e-03
2.526737e-03
2.668477e-03
2.903640e-03
3.169362e-03
3.364266e-03
3.512909e-03
3.675939e-03
3.810051e-03
3.907199e-03
4.074716e-03
4.255921e-03
4.374788e-03
4.391005e-03
4.167768e-03
3.805334e-03
3.506659e-03
3.286607e-03
3.099406e-03
2.981447e-03
3.003572e-03
3.095664e-03
3.143865e-03
3.126609e-03
3.065154e-03
2.949652e-03
2.763433e-03
2.603429e-03
2.577796e-03
2.670917e-03
2.760525e-03
2.772079e-03
2.766231e-03
2.717877e-03
2.586900e-03
2.392201e-03
2.113082e-03
1.854710e-03
1.689863e-03
1.538149e-03
1.346862e-03
1.102765e-03
8.622157e-04
7.025267e-04
6.308922e-04
6.182159e-04
6.707715e-04
8.105486e-04
9.595868e-04
1.030591e-03
1.064168e-03
1.133091e-03
1.250777e-03
1.387736e-03
1.515584e-03
1.647713e-03
1.783556e-03
1.869414e-03
1.878970e-03
1.840259e-03
1.845268e-03
1.937081e-03
1.993249e-03
1.971347e-03
1.983611e-03
2.001022e-03
1.953488e-03
1.912637e-03
1.916553e-03
1.991141e-03
2.151354e-03
2.336229e-03
2.447911e-03
2.434354e-03
2.390776e-03
2.326031e-03
2.222502e-03
2.168189e-03
2.141373e-03
2.146443e-03
2.172766e-03
2.145899e-03
2.095870e-03
2.001688e-03
1.790633e-03
1.482835e-03
1.189209e-03
1.008381e-03
9.198215e-04
8.567682e-04
7.861266e-04
7.424620e-04
7.610211e-04
7.651694e-04
6.753992e-04
5.299763e-04
4.368656e-04
4.156164e-04
3.856431e-04
3.237473e-04
2.261181e-04
8.939452e-05
-8.261298e-05
-3.355693e-04
-6.487782e-04
-9.158608e-04
-1.079728e-03
-1.172458e-03
-1.274835e-03
-1.428376e-03
-1.599789e-03
-1.775709e-03
-1.944402e-03
-2.069931e-03
-2.184647e-03
-2.316564e-03
-2.433455e-03
-2.518416e-03
-2.613779e-03
-2.743680e-03
-2.867580e-03
-2.971791e-03
-2.991477e-03
-2.890707e-03
-2.781956e-03
-2.754272e-03
-2.808463e-03
-2.843304e-03
-2.801043e-03
-2.700220e-03
-2.540470e-03
-2.385189e-03
-2.283389e-03
-2.220070e-03
-2.181704e-03
-2.189003e-03
-2.210892e-03
-2.162004e-03
-2.019659e-03
-1.810516e-03
-1.624602e-03
-1.528700e-03
-1.494119e-03
-1.517520e-03
-1.588752e-03
-1.622240e-03
-1.568267e-03
-1.455889e-03
-1.311598e-03
-1.135797e-03
-9.504443e-04
-8.268727e-04
-7.978719e-04
-7.855314e-04
-6.984568e-04
-5.504782e-04
-4.192208e-04
-3.187950e-04
-2.322664e-04
-1.538481e-04
-8.492200e-05
-8.396172e-05
-1.421479e-04
-1.566003e-04
-1.229843e-04
-1.587835e-04
-2.645390e-04
-3.072730e-04
-2.373166e-04
-8.224015e-05
5.413201e-05
8.636410e-05
6.142066e-05
1.718033e-05
-3.715468e-05
-8.299809e-05
-1.762636e-04
-3.242543e-04
-4.059869e-04
-3.775683e-04
-2.916437e-04
-2.563790e-04
-3.538258e-04
-4.887167e-04
-5.159638e-04
-3.859115e-04
-1.625979e-04
7.856717e-05
3.323830e-04
5.941767e-04
8.070558e-04
9.110677e-04
8.625503e-04
6.846856e-04
5.168593e-04
4.599028e-04
4.844233e-04
4.930892e-04
4.688699e-04
4.499440e-04
4.345885e-04
4.175488e-04
3.750043e-04
3.419450e-04
3.908279e-04
5.138867e-04
6.406060e-04
7.450675e-04
8.350741e-04
8.668508e-04
8.414065e-04
8.093123e-04
7.791784e-04
7.167043e-04
6.350751e-04
5.614826e-04
5.087799e-04
5.418121e-04
6.256944e-04
6.728321e-04
6.438110e-04
5.282827e-04
3.963868e-04
2.646255e-04
9.257077e-05
-9.117061e-05
-2.295926e-04
-2.565761e-04
-1.598398e-04
6.170536e-06
2.057987e-04
3.783626e-04
4.878166e-04
5.621113e-04
6.026138e-04
6.012861e-04
5.589586e-04
4.952740e-04
4.720084e-04
5.296143e-04
6.192280e-04
6.499956e-04
5.942579e-04
5.025179e-04
4.278050e-04
4.266021e-04
5.227170e-04
6.206326e-04
6.811308e-04
7.490363e-04
7.407686e-04
5.869214e-04
3.646342e-04
1.516791e-04
-1.580798e-05
-9.896938e-05
-1.047368e-04
-8.916357e-05
-9.487406e-05
-1.634186e-04
-2.809200e-04
-4.022022e-04
-5.213575e-04
-6.338359e-04
-7.385440e-04
-8.363019e-04
-9.079401e-04
-8.730165e-04
-7.476956e-04
-6.401682e-04
-5.373824e-04
-4.167054e-04
-2.625253e-04
-1.090703e-04
-1.249710e-04
-3.534732e-04
-6.399276e-04
-8.807661e-04
-1.105525e-03
-1.366027e-03
-1.649383e-03
-1.835769e-03
-1.853616e-03
-1.841370e-03
-1.936472e-03
-2.060532e-03
-2.096609e-03
-2.078209e-03
-2.091218e-03
-2.147265e-03
-2.190270e-03
-2.188600e-03
-2.178659e-03
-2.210819e-03
-2.272314e-03
-2.325831e-03
-2.347666e-03
-2.308994e-03
-2.241722e-03
-2.207386e-03
-2.224155e-03
-2.280445e-03
-2.340234e-03
-2.385441e-03
-2.403751e-03
-2.405764e-03
-2.423083e-03
-2.449232e-03
-2.494395e-03
-2.556354e-03
-2.639004e-03
-2.777657e-03
-2.961343e-03
-3.074724e-03
-3.062181e-03
-3.074503e-03
-3.140139e-03
-3.179527e-03
-3.255009e-03
-3.374125e-03
-3.487832e-03
-3.647537e-03
-3.881382e-03
-4.041209e-03
-3.984896e-03
-3.860704e-03
-3.836247e-03
-3.803762e-03
-3.667559e-03
-3.495858e-03
-3.386217e-03
-3.421600e-03
-3.620526e-03
-3.809909e-03
-3.817801e-03
-3.758002e-03
-3.711025e-03
-3.611596e-03
-3.478725e-03
-3.342646e-03
-3.258972e-03
-3.310890e-03
-3.462094e-03
-3.523687e-03
-3.401268e-03
-3.270015e-03
-3.225995e-03
-3.124794e-03
-2.941998e-03
-2.823897e-03
-2.827461e-03
-2.927324e-03
-3.011579e-03
-2.913006e-03
-2.653756e-03
-2.358167e-03
-2.083328e-03
-1.875757e-03
-1.823746e-03
-1.975668e-03
-2.212081e-03
-2.412896e-03
-2.525045e-03
-2.507953e-03
-2.435270e-03
-2.350255e-03
-2.218547e-03
-2.090181e-03
-2.097404e-03
-2.288581e-03
-2.464412e-03
-2.464202e-03
-2.381479e-03
-2.318347e-03
-2.310772e-03
-2.308479e-03
-2.292141e-03
-2.356443e-03
-2.477501e-03
-2.613067e-03
-2.704586e-03
-2.684105e-03
-2.690312e-03
-2.838475e-03
-3.058811e-03
-3.167344e-03
-3.034354e-03
-2.767490e-03
-2.579450e-03
-2.573254e-03
-2.650398e-03
-2.669506e-03
-2.659625e-03
-2.697701e-03
-2.774854e-03
-2.798143e-03
-2.678096e-03
-2.479349e-03
-2.283552e-03
-2.098720e-03
-1.914060e-03
-1.688759e-03
-1.476454e-03
-1.328867e-03
-1.219379e-03
-1.167447e-03
-1.172995e-03
-1.190530e-03
-1.152672e-03
-1.057781e-03
-9.416781e-04
-7.432302e-04
-4.716815e-04
-2.317654e-04
-7.423644e-05
-2.277579e-05
-6.058413e-05
-1.217403e-04
-1.727038e-04
-2.320640e-04
-2.870790e-04
-2.402494e-04
-3.890146e-05
2.119687e-04
4.450366e-04
7.026142e-04
9.384440e-04
1.083954e-03
1.115772e-03
1.026703e-03
8.732766e-04
7.258710e-04
6.221472e-04
4.944171e-04
2.832926e-04
1.194588e-04
1.361512e-04
2.575194e-04
3.182057e-04
2.598365e-04
1.578612e-04
1.242979e-04
1.437092e-04
1.120242e-04
3.420491e-05
-2.347875e-05
-1.023334e-04
-3.143793e-04
-6.480086e-04
-1.001202e-03
-1.280699e-03
-1.380160e-03
-1.276346e-03
-1.058079e-03
-8.358929e-04
-7.710296e-04
-9.853768e-04
-1.348924e-03
-1.626422e-03
-1.734109e-03
-1.678706e-03
-1.448832e-03
-1.100951e-03
-8.241100e-04
-7.887412e-04
-1.012778e-03
-1.360913e-03
-1.655812e-03
-1.804041e-03
-1.779550e-03
-1.604364e-03
-1.316344e-03
-1.006532e-03
-8.036266e-04
-7.625251e-04
-9.133097e-04
-1.145440e-03
-1.231555e-03
-1.162331e-03
-1.036586e-03
-8.702826e-04
-7.144126e-04
-6.018496e-04
-5.146743e-04
-4.842753e-04
-5.130678e-04
-5.041074e-04
-3.778191e-04
-1.292657e-04
1.361705e-04
2.842711e-04
3.043046e-04
2.343148e-04
1.256427e-04
4.445946e-05
6.247845e-05
2.427611e-04
5.479560e-04
8.919399e-04
1.195031e-03
1.384848e-03
1.472702e-03
1.534683e-03
1.614057e-03
1.752635e-03
1.992944e-03
2.288973e-03
2.548299e-03
2.710254e-03
2.756456e-03
2.741238e-03
2.747427e-03
2.768628e-03
2.798246e-03
2.918902e-03
3.138413e-03
3.337326e-03
3.434519e-03
3.450297e-03
3.432702e-03
3.377680e-03
3.245230e-03
3.048427e-03
2.875572e-03
2.776513e-03
2.685744e-03
2.589181e-03
2.516131e-03
2.415088e-03
2.275112e-03
2.069990e-03
1.798868e-03
1.603158e-03
1.539357e-03
1.506636e-03
1.416767e-03
1.260064e-03
1.056870e-03
8.381809e-04
6.230639e-04
4.239875e-04
3.123840e-04
3.495317e-04
5.171793e-04
7.348723e-04
8.943501e-04
9.530406e-04
9.370697e-04
8.971222e-04
8.779038e-04
8.426453e-04
7.804523e-04
7.637964e-04
8.485991e-04
1.012060e-03
1.134245e-03
1.119016e-03
1.013426e-03
9.787695e-04
1.121349e-03
1.359063e-03
1.544115e-03
1.636235e-03
1.702225e-03
1.820870e-03
1.981404e-03
2.127779e-03
2.273754e-03
2.424096e-03
2.544084e-03
2.639908e-03
2.712317e-03
2.736936e-03
2.722217e-03
2.681213e-03
2.598247e-03
2.494775e-03
2.459056e-03
2.510142e-03
2.553906e-03
2.505202e-03
2.317158e-03
2.056290e-03
1.881074e-03
1.857322e-03
1.957238e-03
2.138431e-03
2.383823e-03
2.662910e-03
2.890091e-03
2.989080e-03
2.954450e-03
2.836311e-03
2.676594e-03
2.506014e-03
2.385212e-03
2.341684e-03
2.349002e-03
2.452980e-03
2.687762e-03
2.902497e-03
2.912224e-03
2.705692e-03
2.404062e-03
2.154932e-03
2.036326e-03
1.983336e-03
1.938934e-03
1.921076e-03
1.912686e-03
1.897210e-03
1.799872e-03
1.592620e-03
1.393457e-03
1.163598e-03
9.308584e-04
7.105946e-04
5.263351e-04
7.368334e-04
8.577955e-04
4.594621e-04
4.402914e-04
7.580930e-04
6.059017e-04
2.016147e-04
-5.386457e-06
1.794963e-04
6.227087e-04
9.385829e-04
8.062379e-04
2.889313e-04
3.416495e-04
8.921965e-04
8.589827e-04
7.046522e-04
8.736081e-04
1.154305e-03
1.537425e-03
1.519437e-03
1.136286e-03
8.852129e-04
9.020914e-04
1.148290e-03
1.245029e-03
1.272331e-03
1.511883e-03
1.683663e-03
1.685348e-03
1.582249e-03
1.539085e-03
1.777982e-03
1.969601e-03
1.910350e-03
1.841051e-03
1.869469e-03
2.069384e-03
2.167589e-03
1.871103e-03
1.585486e-03
1.658635e-03
1.915203e-03
2.024558e-03
1.959840e-03
1.899488e-03
1.720507e-03
1.422216e-03
1.184228e-03
9.224239e-04
7.075801e-04
7.014653e-04
7.289863e-04
6.084073e-04
4.020159e-04
2.211188e-04
6.514546e-05
-5.161937e-05
-1.020892e-04
-1.736472e-04
-2.244600e-04
-1.684092e-04
-1.619074e-04
-2.835395e-04
-3.978734e-04
-4.313252e-04
-4.220582e-04
-4.544943e-04
-5.681221e-04
-7.033739e-04
-7.881960e-04
-8.832013e-04
-1.068630e-03
-1.210849e-03
-1.210785e-03
-1.171812e-03
-1.187515e-03
-1.256690e-03
-1.329352e-03
-1.453326e-03
-1.710814e-03
-2.006974e-03
-2.210275e-03
-2.347874e-03
-2.481413e-03
-2.554935e-03
-2.482128e-03
-2.286086e-03
-2.072590e-03
-1.904771e-03
-1.812690e-03
-1.794756e-03
-1.814930e-03
-1.855916e-03
-1.869768e-03
-1.865576e-03
-1.885361e-03
-1.892349e-03
-1.849769e-03
-1.726654e-03
-1.580499e-03
-1.520987e-03
-1.494984e-03
-1.443386e-03
-1.454945e-03
-1.598563e-03
-1.872831e-03
-2.194146e-03
-2.421997e-03
-2.529347e-03
-2.572100e-03
-2.572404e-03
-2.555273e-03
-2.614291e-03
-2.828226e-03
-3.136734e-03
-3.388757e-03
-3.477119e-03
-3.393876e-03
-3.273039e-03
-3.287437e-03
-3.432642e-03
-3.602912e-03
-3.732082e-03
-3.830551e-03
-3.958589e-03
-4.101548e-03
-4.199246e-03
-4.243257e-03
-4.274409e-03
-4.336310e-03
-4.414257e-03
-4.478017e-03
-4.564407e-03
-4.684251e-03
-4.812794e-03
-4.932322e-03
-5.014771e-03
-5.080938e-03
-5.095291e-03
-5.006685e-03
-4.919599e-03
-4.961499e-03
-5.147278e-03
-5.368703e-03
-5.535683e-03
-5.669873e-03
-5.827763e-03
-5.959879e-03
-5.943162e-03
-5.835514e-03
-5.855483e-03
-6.116741e-03
-6.532242e-03
-6.885440e-03
-6.997086e-03
-6.907491e-03
-6.766187e-03
-6.626201e-03
-6.470559e-03
-6.315176e-03
-6.220186e-03
-6.236964e-03
-6.346953e-03
-6.411892e-03
-6.354986e-03
-6.229065e-03
-6.077969e-03
-5.943482e-03
-5.847210e-03
-5.805117e-03
-5.836663e-03
-5.963219e-03
-6.154458e-03
-6.298383e-03
-6.346743e-03
-6.346875e-03
-6.366053e-03
-6.426506e-03
-6.523940e-03
-6.668128e-03
-6.823258e-03
-6.888598e-03
-6.787563e-03
-6.546566e-03
-6.242817e-03
-5.934080e-03
-5.635462e-03
-5.361889e-03
-5.177142e-03
-5.116506e-03
-5.112783e-03
-5.027143e-03
-4.802005e-03
-4.569993e-03
-4.438555e-03
-4.353556e-03
-4.260573e-03
-4.142237e-03
-4.040653e-03
-4.033197e-03
-4.062852e-03
-4.052042e-03
-4.000845e-03
-3.936843e-03
-3.906913e-03
-3.931483e-03
-4.036560e-03
-4.185879e-03
-4.325906e-03
-4.462914e-03
-4.540179e-03
-4.526522e-03
-4.456534e-03
-4.379602e-03
-4.325231e-03
-4.263160e-03
-4.174359e-03
-4.075089e-03
-4.035677e-03
-4.082699e-03
-4.149129e-03
-4.193101e-03
-4.200206e-03
-4.156919e-03
-4.130152e-03
-4.226550e-03
-4.395108e-03
-4.523012e-03
-4.617449e-03
-4.684078e-03
-4.667847e-03
-4.525757e-03
-4.251697e-03
-3.962280e-03
-3.828792e-03
-3.843758e-03
-3.911453e-03
-3.977017e-03
-3.983250e-03
-3.924177e-03
-3.790128e-03
-3.508500e-03
-3.135675e-03
-2.824571e-03
-2.649943e-03
-2.615975e-03
-2.644416e-03
-2.641480e-03
-2.569269e-03
-2.396948e-03
-2.075835e-03
-1.619095e-03
-1.171389e-03
-8.831398e-04
-7.899965e-04
-8.520217e-04
-9.985941e-04
-1.131209e-03
-1.204005e-03
-1.241932e-03
-1.246891e-03
-1.235674e-03
-1.273349e-03
-1.355943e-03
-1.454809e-03
-1.580404e-03
-1.689159e-03
-1.747061e-03
-1.761134e-03
-1.742324e-03
-1.745813e-03
-1.766041e-03
-1.740392e-03
-1.683433e-03
-1.619972e-03
-1.516626e-03
-1.348502e-03
-1.146629e-03
-9.579416e-04
-8.379914e-04
-7.975871e-04
-7.959328e-04
-8.367263e-04
-9.269759e-04
-1.042874e-03
-1.128559e-03
-1.141789e-03
-1.108018e-03
-1.040971e-03
-9.454489e-04
-8.428008e-04
-7.674831e-04
-7.640112e-04
-8.162275e-04
-8.367701e-04
-7.825933e-04
-7.125759e-04
-6.468178e-04
-5.435132e-04
-3.913907e-04
-2.237714e-04
-1.069091e-04
-7.696142e-05
-7.741777e-05
2.141625e-06
1.838503e-04
3.417249e-04
3.669799e-04
3.318933e-04
4.196312e-04
6.457637e-04
7.805633e-04
7.597443e-04
7.925093e-04
9.064280e-04
9.449951e-04
9.053005e-04
8.341843e-04
7.376533e-04
7.067655e-04
7.893882e-04
9.030640e-04
9.533992e-04
9.227489e-04
8.336263e-04
7.132355e-04
6.324303e-04
6.190780e-04
6.601647e-04
7.491616e-04
8.175992e-04
7.999615e-04
6.823569e-04
4.879535e-04
2.904617e-04
1.626075e-04
1.651909e-04
3.443009e-04
6.385915e-04
8.928517e-04
9.715420e-04
8.266395e-04
5.343439e-04
2.175446e-04
-6.260729e-05
-2.866808e-04
-4.111215e-04
-3.544133e-04
-1.697790e-04
-5.948463e-05
-9.100674e-05
-1.551417e-04
-1.208043e-04
5.467129e-05
2.771795e-04
4.033798e-04
4.409524e-04
5.138062e-04
6.211368e-04
6.629478e-04
6.519562e-04
6.494602e-04
6.529280e-04
6.902847e-04
7.397468e-04
7.829108e-04
9.046214e-04
1.112836e-03
1.319994e-03
1.452271e-03
1.520398e-03
1.575965e-03
1.594675e-03
1.565608e-03
1.535263e-03
1.560912e-03
1.688160e-03
1.819208e-03
1.847969e-03
1.872559e-03
2.021852e-03
2.179599e-03
2.070994e-03
1.769021e-03
1.682316e-03
1.886262e-03
2.079016e-03
2.170548e-03
2.266474e-03
2.320283e-03
2.270551e-03
2.154163e-03
2.027038e-03
1.993398e-03
2.123889e-03
2.352065e-03
2.573301e-03
2.757180e-03
2.876247e-03
2.896811e-03
2.837476e-03
2.752670e-03
2.722132e-03
2.774276e-03
2.899533e-03
3.076240e-03
3.224494e-03
3.262818e-03
3.183653e-03
3.068660e-03
3.000570e-03
2.979650e-03
2.996684e-03
3.111290e-03
3.369872e-03
3.683415e-03
3.873552e-03
3.819380e-03
3.614753e-03
3.473802e-03
3.478043e-03
3.584878e-03
3.725926e-03
3.857132e-03
3.967275e-03
4.041250e-03
4.035430e-03
3.919884e-03
3.746555e-03
3.622106e-03
3.589918e-03
3.631166e-03
3.722491e-03
3.756609e-03
3.683464e-03
3.591173e-03
3.529504e-03
3.507354e-03
3.552014e-03
3.654921e-03
3.731900e-03
3.721943e-03
3.609215e-03
3.424157e-03
3.239778e-03
3.085301e-03
2.941532e-03
2.812682e-03
2.748435e-03
2.664939e-03
2.493397e-03
2.393628e-03
2.362264e-03
2.203580e-03
2.023134e-03
2.034687e-03
2.105697e-03
2.103590e-03
2.113553e-03
2.137154e-03
2.079629e-03
1.942369e-03
1.832917e-03
1.827337e-03
1.927538e-03
2.020336e-03
1.978114e-03
1.829500e-03
1.654953e-03
1.501695e-03
1.373519e-03
1.241004e-03
1.141526e-03
1.184004e-03
1.344539e-03
1.486198e-03
1.547699e-03
1.513374e-03
1.435500e-03
1.406151e-03
1.410983e-03
1.418754e-03
1.499512e-03
1.692009e-03
1.908195e-03
2.047369e-03
2.081882e-03
2.064399e-03
2.096498e-03
2.194494e-03
2.282228e-03
2.329245e-03
2.362968e-03
2.391065e-03
2.374933e-03
2.292970e-03
2.197381e-03
2.226213e-03
2.453683e-03
2.751642e-03
2.956336e-03
3.040718e-03
3.089281e-03
3.111841e-03
3.054290e-03
2.941523e-03
2.864619e-03
2.939860e-03
3.088400e-03
3.100175e-03
2.999268e-03
2.907459e-03
2.823458e-03
2.760766e-03
2.790448e-03
2.965425e-03
3.266478e-03
3.554757e-03
3.716417e-03
3.799294e-03
3.840891e-03
3.757636e-03
3.566027e-03
3.441540e-03
3.476961e-03
3.570148e-03
3.634809e-03
3.710887e-03
3.729504e-03
3.616039e-03
3.456827e-03
3.297055e-03
3.138571e-03
3.050819e-03
3.095075e-03
3.243890e-03
3.420450e-03
3.506891e-03
3.436036e-03
3.238528e-03
2.947012e-03
2.628935e-03
2.360471e-03
2.173112e-03
2.098903e-03
2.189973e-03
2.379661e-03
2.506295e-03
2.550728e-03
2.522222e-03
2.409466e-03
2.242886e-03
2.052768e-03
1.917251e-03
1.934900e-03
2.129181e-03
2.378115e-03
2.565276e-03
2.648068e-03
2.602087e-03
2.469863e-03
2.325074e-03
2.245542e-03
2.287065e-03
2.448308e-03
2.645926e-03
2.747411e-03
2.731900e-03
2.659334e-03
2.544704e-03
2.390872e-03
2.219884e-03
2.099962e-03
2.102506e-03
2.214682e-03
2.364214e-03
2.462609e-03
2.466758e-03
2.376737e-03
2.188579e-03
1.952489e-03
1.735368e-03
1.521183e-03
1.290554e-03
1.116459e-03
1.051404e-03
1.034385e-03
9.775772e-04
8.987841e-04
9.013334e-04
9.917058e-04
1.067192e-03
1.073538e-03
1.068342e-03
1.098935e-03
1.096710e-03
1.041017e-03
1.037930e-03
1.147921e-03
1.320169e-03
1.472547e-03
1.572805e-03
1.610132e-03
1.581729e-03
1.544690e-03
1.587358e-03
1.716583e-03
1.858220e-03
2.015981e-03
2.194030e-03
2.337555e-03
2.390529e-03
2.301859e-03
2.146550e-03
2.065835e-03
2.125256e-03
2.294827e-03
2.502429e-03
2.709437e-03
2.867233e-03
2.952193e-03
3.001558e-03
3.030750e-03
3.051226e-03
3.103147e-03
3.199710e-03
3.299379e-03
3.371005e-03
3.394835e-03
3.367573e-03
3.343886e-03
3.382340e-03
3.467860e-03
3.538443e-03
3.592432e-03
3.632123e-03
3.651693e-03
3.662836e-03
3.614438e-03
3.518169e-03
3.489587e-03
3.560581e-03
3.659831e-03
3.717482e-03
3.693078e-03
3.611081e-03
3.496184e-03
3.368676e-03
3.298784e-03
3.249856e-03
3.197306e-03
3.221532e-03
3.298725e-03
3.320593e-03
3.166040e-03
2.861082e-03
2.633348e-03
2.616350e-03
2.743203e-03
2.903088e-03
3.089360e-03
3.288472e-03
3.414828e-03
3.419544e-03
3.273114e-03
3.072766e-03
3.016144e-03
3.161850e-03
3.403265e-03
3.654858e-03
3.909965e-03
4.153095e-03
4.370242e-03
4.509487e-03
4.532675e-03
4.494869e-03
4.419100e-03
4.328892e-03
4.314686e-03
4.385340e-03
4.481783e-03
4.589333e-03
4.658925e-03
4.609783e-03
4.454976e-03
4.303439e-03
4.239482e-03
4.235037e-03
4.239334e-03
4.247311e-03
4.277472e-03
4.343929e-03
4.344690e-03
4.201629e-03
4.017860e-03
3.878574e-03
3.818668e-03
3.874717e-03
4.002688e-03
4.127624e-03
4.243675e-03
4.359707e-03
4.388347e-03
4.286911e-03
4.163357e-03
4.116022e-03
4.157181e-03
4.257919e-03
4.366861e-03
4.425048e-03
4.393215e-03
4.231963e-03
3.935876e-03
3.629828e-03
3.451138e-03
3.411367e-03
3.480008e-03
3.647644e-03
3.854842e-03
3.956071e-03
3.856854e-03
3.628392e-03
3.408700e-03
3.260067e-03
3.163521e-03
3.113066e-03
3.145609e-03
3.253184e-03
3.296399e-03
3.194904e-03
3.079160e-03
2.987402e-03
2.842687e-03
2.712081e-03
2.680727e-03
2.683893e-03
2.683784e-03
2.731434e-03
2.778170e-03
2.720322e-03
2.519539e-03
2.261303e-03
2.117279e-03
2.145715e-03
2.270459e-03
2.423007e-03
2.558155e-03
2.593933e-03
2.508791e-03
2.337428e-03
2.057770e-03
1.699608e-03
1.373958e-03
1.173924e-03
1.122956e-03
1.183319e-03
1.253318e-03
1.257242e-03
1.280736e-03
1.404408e-03
1.612028e-03
1.965065e-03
2.567670e-03
3.465963e-03
4.634096e-03
5.881661e-03
6.944110e-03
7.739633e-03
8.308147e-03
8.644034e-03
8.742464e-03
8.566014e-03
8.080894e-03
7.336623e-03
6.349558e-03
5.119711e-03
3.731725e-03
2.367754e-03
1.260369e-03
5.966940e-04
4.510431e-04
7.661246e-04
1.375361e-03
2.127938e-03
3.024589e-03
4.028900e-03
4.973921e-03
5.752611e-03
6.297845e-03
6.489040e-03
6.242038e-03
5.651516e-03
4.810469e-03
3.687159e-03
2.335184e-03
1.080244e-03
3.766387e-04
6.837517e-05
-3.745621e-04
-7.929182e-04
-8.090439e-04
-5.527497e-04
-1.969289e-04
2.480756e-04
6.872060e-04
1.076913e-03
1.439036e-03
1.747247e-03
2.042816e-03
2.345900e-03
2.647013e-03
2.920350e-03
3.090730e-03
3.169734e-03
3.175258e-03
3.093882e-03
2.971361e-03
2.900120e-03
2.878045e-03
2.800721e-03
2.697120e-03
2.623728e-03
2.529917e-03
2.409270e-03
2.272833e-03
2.098380e-03
1.936246e-03
1.832085e-03
1.720598e-03
1.567445e-03
1.376731e-03
1.147010e-03
8.673389e-04
5.763254e-04
3.740711e-04
2.941680e-04
3.551843e-04
4.926387e-04
6.122695e-04
6.763068e-04
6.107359e-04
3.822378e-04
5.323197e-05
-1.869069e-04
-1.718711e-04
6.111990e-05
4.071772e-04
8.252032e-04
1.252541e-03
1.524782e-03
1.520802e-03
1.248221e-03
8.367462e-04
5.235128e-04
3.859300e-04
3.477362e-04
4.098204e-04
5.394606e-04
6.418973e-04
6.578479e-04
5.619134e-04
4.159560e-04
3.750308e-04
4.795010e-04
6.069564e-04
6.774689e-04
6.188431e-04
3.807508e-04
1.018378e-05
-4.001648e-04
-7.236167e-04
-9.144566e-04
-9.863061e-04
-9.492712e-04
-8.825696e-04
-8.941887e-04
-1.026806e-03
-1.248623e-03
-1.474468e-03
-1.652687e-03
-1.856029e-03
-2.136889e-03
-2.430205e-03
-2.654624e-03
-2.771114e-03
-2.813940e-03
-2.831090e-03
-2.819008e-03
-2.792006e-03
-2.847666e-03
-3.068813e-03
-3.339391e-03
-3.473527e-03
-3.431851e-03
-3.274601e-03
-3.059844e-03
-2.815659e-03
-2.604912e-03
-2.528020e-03
-2.666397e-03
-2.989049e-03
-3.338545e-03
-3.628622e-03
-3.851826e-03
-4.018218e-03
-4.143741e-03
-4.241895e-03
-4.363728e-03
-4.536202e-03
-4.716507e-03
-4.751776e-03
-4.568600e-03
-4.345983e-03
-4.206861e-03
-4.133229e-03
-4.112305e-03
-4.065993e-03
-3.916125e-03
-3.716032e-03
-3.532580e-03
-3.395022e-03
-3.348464e-03
-3.417346e-03
-3.588054e-03
-3.776899e-03
-3.935077e-03
-4.079470e-03
-4.192922e-03
-4.323620e-03
-4.514551e-03
-4.701980e-03
-4.779875e-03
-4.703977e-03
-4.558450e-03
-4.435372e-03
-4.334416e-03
-4.170592e-03
-3.966929e-03
-3.883013e-03
-3.940812e-03
-4.062637e-03
-4.218011e-03
-4.395688e-03
-4.598482e-03
-4.776918e-03
-4.821164e-03
-4.728392e-03
-4.601858e-03
-4.490647e-03
-4.405138e-03
-4.347251e-03
-4.310241e-03
-4.300782e-03
-4.286029e-03
-4.178466e-03
-3.938718e-03
-3.701473e-03
-3.624800e-03
-3.683147e-03
-3.796937e-03
-3.987828e-03
-4.315581e-03
-4.718937e-03
-5.088945e-03
-5.351689e-03
-5.471846e-03
-5.564121e-03
-5.736822e-03
-5.966968e-03
-6.209019e-03
-6.415294e-03
-6.555193e-03
-6.642387e-03
-6.715063e-03
-6.779360e-03
-6.819472e-03
-6.825405e-03
-6.802957e-03
-6.805304e-03
-6.866478e-03
-6.925637e-03
-6.885765e-03
-6.733426e-03
-6.526602e-03
-6.301167e-03
-6.042916e-03
-5.752726e-03
-5.539545e-03
-5.510892e-03
-5.653374e-03
-5.918597e-03
-6.211083e-03
-6.427131e-03
-6.586243e-03
-6.714236e-03
-6.800362e-03
-6.859222e-03
-6.872803e-03
-6.848930e-03
-6.832868e-03
-6.819580e-03
-6.767597e-03
-6.688840e-03
-6.641694e-03
-6.616545e-03
-6.576659e-03
-6.545496e-03
-6.557100e-03
-6.616274e-03
-6.688061e-03
-6.687498e-03
-6.585240e-03
-6.467058e-03
-6.393646e-03
-6.356202e-03
-6.368003e-03
-6.425418e-03
-6.506261e-03
-6.640195e-03
-6.801697e-03
-6.909269e-03
-6.943418e-03
-6.915806e-03
-6.864548e-03
-6.849165e-03
-6.884196e-03
-6.933665e-03
-6.996433e-03
-7.091863e-03
-7.110398e-03
-6.938752e-03
-6.580766e-03
-6.085633e-03
-5.626372e-03
-5.311605e-03
-5.007352e-03
-4.668161e-03
-4.396946e-03
-4.242569e-03
-4.221386e-03
-4.308685e-03
-4.436453e-03
-4.586625e-03
-4.810134e-03
-5.074534e-03
-5.282389e-03
-5.456269e-03
-5.608538e-03
-5.678703e-03
-5.644365e-03
-5.509255e-03
-5.334940e-03
-5.240399e-03
-5.283159e-03
-5.384794e-03
-5.497725e-03
-5.640645e-03
-5.729433e-03
-5.690069e-03
-5.521733e-03
-5.247989e-03
-4.961076e-03
-4.765896e-03
-4.680313e-03
-4.662870e-03
-4.688267e-03
-4.736217e-03
-4.768629e-03
-4.774950e-03
-4.798131e-03
-4.885139e-03
-5.015546e-03
-5.117454e-03
-5.159384e-03
-5.101279e-03
-4.931842e-03
-4.744836e-03
-4.559701e-03
-4.356937e-03
-4.201644e-03
-4.159087e-03
-4.222324e-03
-4.295089e-03
-4.313908e-03
-4.264537e-03
-4.128768e-03
-3.929341e-03
-3.703052e-03
-3.496505e-03
-3.360602e-03
-3.313661e-03
-3.323066e-03
-3.352281e-03
-3.403128e-03
-3.452637e-03
-3.453791e-03
-3.410628e-03
-3.362481e-03
-3.294404e-03
-3.180005e-03
-3.029866e-03
-2.853263e-03
-2.688872e-03
-2.579294e-03
-2.508197e-03
-2.451980e-03
-2.474944e-03
-2.641206e-03
-2.919108e-03
-3.273970e-03
-3.626525e-03
-3.844123e-03
-3.901209e-03
-3.855268e-03
-3.733282e-03
-3.585432e-03
-3.513060e-03
-3.526610e-03
-3.565558e-03
-3.570293e-03
-3.514136e-03
-3.453796e-03
-3.416054e-03
-3.407322e-03
-3.417856e-03
-3.403032e-03
-3.394913e-03
-3.421253e-03
-3.412141e-03
-3.254717e-03
-2.923257e-03
-2.488359e-03
-2.009424e-03
-1.563168e-03
-1.215484e-03
-9.854675e-04
-8.750203e-04
-8.710182e-04
-9.603579e-04
-1.071645e-03
-1.093196e-03
-1.020783e-03
-9.334505e-04
-9.064621e-04
-9.170692e-04
-8.433236e-04
-7.065083e-04
-6.209420e-04
-5.799724e-04
-6.035705e-04
-7.168265e-04
-7.926441e-04
-7.915391e-04
-8.129489e-04
-8.488389e-04
-8.232714e-04
-7.026308e-04
-4.846508e-04
-2.263870e-04
-2.756755e-05
7.714654e-05
1.125590e-04
5.219208e-05
-9.378022e-05
-2.640274e-04
-4.517486e-04
-5.684481e-04
-5.398997e-04
-4.642933e-04
-3.937154e-04
-3.020375e-04
-2.550183e-04
-3.042679e-04
-4.255578e-04
-6.295820e-04
-9.101180e-04
-1.177607e-03
-1.337147e-03
-1.420056e-03
-1.471427e-03
-1.465842e-03
-1.445380e-03
-1.420288e-03
-1.331091e-03
-1.156273e-03
-9.013189e-04
-6.068414e-04
-3.556151e-04
-1.715506e-04
9.626139e-06
2.107382e-04
4.077659e-04
6.076861e-04
8.248829e-04
1.008517e-03
1.086797e-03
1.056750e-03
9.331203e-04
7.432394e-04
5.547534e-04
4.482728e-04
5.059586e-04
7.375935e-04
1.007705e-03
1.236903e-03
1.458962e-03
1.628207e-03
1.688981e-03
1.645072e-03
1.560129e-03
1.523665e-03
1.537463e-03
1.560328e-03
1.556999e-03
1.526184e-03
1.490308e-03
1.398793e-03
1.303820e-03
1.329799e-03
1.349588e-03
1.293600e-03
1.297617e-03
1.377305e-03
1.482731e-03
1.561579e-03
1.602668e-03
1.643313e-03
1.673462e-03
1.699184e-03
1.757834e-03
1.852071e-03
1.928841e-03
1.903355e-03
1.723104e-03
1.431139e-03
1.097086e-03
7.896117e-04
5.982216e-04
5.362526e-04
5.514796e-04
5.631680e-04
4.964002e-04
3.258239e-04
9.374660e-05
-1.088721e-04
-2.282057e-04
-2.289479e-04
-8.423402e-05
2.118918e-04
6.252295e-04
1.028929e-03
1.306682e-03
1.453988e-03
1.490868e-03
1.387922e-03
1.147245e-03
8.396074e-04
6.078796e-04
5.811718e-04
6.738082e-04
7.041098e-04
6.613118e-04
6.491313e-04
6.982424e-04
7.464075e-04
7.368837e-04
6.891371e-04
6.742058e-04
7.177417e-04
7.468036e-04
6.761374e-04
4.978994e-04
2.875935e-04
1.251991e-04
-3.393315e-06
-8.652502e-05
-4.397192e-05
1.596078e-04
4.428038e-04
6.241893e-04
6.406358e-04
5.175876e-04
2.537791e-04
-6.186056e-05
-2.796821e-04
-2.993978e-04
-1.308571e-04
1.090799e-04
3.133374e-04
5.038079e-04
6.383287e-04
5.620715e-04
3.088486e-04
1.553341e-05
-1.787199e-04
-7.341684e-05
3.458350e-04
7.417332e-04
8.609374e-04
8.577765e-04
8.438627e-04
6.782833e-04
3.166943e-04
-5.583290e-05
-2.451831e-04
-2.201052e-04
-4.187647e-05
1.772842e-04
3.435244e-04
4.056463e-04
3.195739e-04
1.123617e-04
-8.509886e-05
-1.610334e-04
-2.142197e-04
-3.610817e-04
-5.327328e-04
-6.442823e-04
-7.383589e-04
-9.009449e-04
-1.079856e-03
-1.158790e-03
-1.079181e-03
-9.039702e-04
-7.825489e-04
-7.649081e-04
-7.718023e-04
-7.186755e-04
-6.109325e-04
-4.792551e-04
-3.684599e-04
-3.480607e-04
-3.802646e-04
-3.638374e-04
-2.804571e-04
-1.505487e-04
1.142118e-05
1.655399e-04
2.893152e-04
3.804886e-04
4.120009e-04
3.929873e-04
4.069962e-04
4.536339e-04
4.515484e-04
3.906667e-04
2.822712e-04
1.610491e-04
5.444646e-05
-9.282863e-05
-2.463565e-04
-3.004762e-04
-2.719554e-04
-1.796546e-04
7.264764e-05
5.058550e-04
9.118625e-04
1.092191e-03
1.098643e-03
1.053375e-03
1.004833e-03
9.672677e-04
9.138093e-04
8.568094e-04
8.896138e-04
1.023613e-03
1.115223e-03
1.046401e-03
9.133418e-04
8.870976e-04
9.793571e-04
1.150298e-03
1.404973e-03
1.729097e-03
2.059901e-03
2.283259e-03
2.332977e-03
2.256913e-03
2.172968e-03
2.175928e-03
2.263060e-03
2.378511e-03
2.462178e-03
2.463598e-03
2.370696e-03
2.161230e-03
1.854505e-03
1.609928e-03
1.532239e-03
1.566358e-03
1.663564e-03
1.868558e-03
2.237891e-03
2.681898e-03
3.000825e-03
3.097466e-03
3.047211e-03
3.017589e-03
3.076906e-03
3.139176e-03
3.146382e-03
3.151857e-03
3.218149e-03
3.311862e-03
3.325805e-03
3.191881e-03
3.001470e-03
2.863163e-03
2.729129e-03
2.565972e-03
2.476450e-03
2.568079e-03
2.810361e-03
3.087376e-03
3.280848e-03
3.339380e-03
3.275744e-03
3.109593e-03
2.912122e-03
2.742607e-03
2.648833e-03
2.689472e-03
2.798653e-03
2.837549e-03
2.754572e-03
2.627221e-03
2.567484e-03
2.551503e-03
2.462418e-03
2.349009e-03
2.393688e-03
2.584742e-03
2.738064e-03
2.738171e-03
2.597352e-03
2.478927e-03
2.538217e-03
2.740279e-03
2.976884e-03
3.205605e-03
3.400899e-03
3.514132e-03
3.509002e-03
3.377759e-03
3.159674e-03
2.927760e-03
2.720094e-03
2.605511e-03
2.692129e-03
2.922383e-03
3.146569e-03
3.313819e-03
3.410605e-03
3.449577e-03
3.479431e-03
3.477101e-03
3.373468e-03
3.181904e-03
2.994042e-03
2.859934e-03
2.742773e-03
2.662697e-03
2.691111e-03
2.822620e-03
3.008070e-03
3.165556e-03
3.200350e-03
3.100653e-03
2.914054e-03
2.707717e-03
2.575050e-03
2.530570e-03
2.533625e-03
2.583388e-03
2.673418e-03
2.776533e-03
2.781037e-03
2.634385e-03
2.465576e-03
2.334903e-03
2.236969e-03
2.171119e-03
2.100363e-03
1.998770e-03
1.843994e-03
1.632010e-03
1.362897e-03
1.063989e-03
8.038406e-04
6.448645e-04
6.119296e-04
6.567687e-04
7.137542e-04
7.462112e-04
7.245506e-04
6.437313e-04
5.265694e-04
3.812817e-04
2.944146e-04
3.546783e-04
4.414501e-04
4.523714e-04
4.731795e-04
5.827230e-04
7.634879e-04
8.999583e-04
9.059458e-04
8.588330e-04
8.627633e-04
8.995205e-04
8.914267e-04
8.172783e-04
7.275756e-04
6.922583e-04
7.436916e-04
8.525740e-04
1.003663e-03
1.142231e-03
1.162208e-03
1.105810e-03
1.052967e-03
9.780298e-04
9.205810e-04
9.566479e-04
1.109637e-03
1.383811e-03
1.699543e-03
1.912173e-03
1.977013e-03
1.986398e-03
2.029648e-03
2.125067e-03
2.223427e-03
2.240949e-03
2.201352e-03
2.131779e-03
1.967178e-03
1.718204e-03
1.475214e-03
1.313573e-03
1.239850e-03
1.212486e-03
1.200044e-03
1.180498e-03
1.134985e-03
1.077627e-03
1.060566e-03
1.111666e-03
1.185599e-03
1.191672e-03
1.119750e-03
1.006613e-03
8.237090e-04
6.430420e-04
5.851291e-04
6.324184e-04
7.546725e-04
9.099729e-04
1.046616e-03
1.164954e-03
1.235530e-03
1.252239e-03
1.233156e-03
1.206588e-03
1.213137e-03
1.255058e-03
1.354269e-03
1.511423e-03
1.672496e-03
1.765736e-03
1.712560e-03
1.558475e-03
1.480873e-03
1.501018e-03
1.516282e-03
1.531741e-03
1.587620e-03
1.686349e-03
1.687694e-03
1.391933e-03
8.921742e-04
4.965181e-04
3.162044e-04
3.502592e-04
6.647702e-04
1.136820e-03
1.484819e-03
1.537688e-03
1.335801e-03
1.022402e-03
7.025568e-04
4.804348e-04
4.336051e-04
5.784294e-04
8.561737e-04
1.126553e-03
1.250419e-03
1.177491e-03
9.418291e-04
6.249004e-04
3.706122e-04
3.114864e-04
4.582272e-04
7.049909e-04
9.010203e-04
9.533763e-04
8.679866e-04
6.883880e-04
4.459714e-04
2.353402e-04
1.899919e-04
3.193550e-04
5.338513e-04
6.830499e-04
6.313262e-04
3.900098e-04
4.855297e-05
-3.380236e-04
-7.157286e-04
-9.660354e-04
-9.653880e-04
-7.060760e-04
-3.436772e-04
-5.519385e-05
8.726285e-05
1.238786e-04
1.702797e-04
3.024896e-04
5.086967e-04
7.696053e-04
1.052836e-03
1.247429e-03
1.270682e-03
1.116263e-03
8.083637e-04
4.508933e-04
1.860803e-04
8.522609e-05
1.629739e-04
3.474674e-04
4.754456e-04
4.885045e-04
4.263415e-04
3.421497e-04
2.937860e-04
3.183986e-04
5.052144e-04
8.978215e-04
1.381299e-03
1.779229e-03
1.964589e-03
1.911519e-03
1.700598e-03
1.471340e-03
1.302800e-03
1.211668e-03
1.209012e-03
1.276782e-03
1.359282e-03
1.389701e-03
1.328425e-03
1.170911e-03
9.210531e-04
6.105731e-04
3.208905e-04
1.362651e-04
7.532118e-05
1.090220e-04
1.992232e-04
3.045486e-04
4.321640e-04
5.935624e-04
7.602391e-04
9.106832e-04
1.034964e-03
1.121623e-03
1.135993e-03
1.078319e-03
9.922084e-04
9.182216e-04
8.971650e-04
9.648999e-04
1.153739e-03
1.429961e-03
1.728013e-03
2.003342e-03
2.233180e-03
2.448579e-03
2.638861e-03
2.732719e-03
2.706619e-03
2.615308e-03
2.524217e-03
2.451016e-03
2.398141e-03
2.337114e-03
2.258303e-03
2.220103e-03
2.244501e-03
2.310301e-03
2.403699e-03
2.536317e-03
2.691613e-03
2.830391e-03
2.943286e-03
3.036889e-03
3.131160e-03
3.235397e-03
3.362357e-03
3.469967e-03
3.506614e-03
3.517923e-03
3.565316e-03
3.642601e-03
3.663541e-03
3.587463e-03
3.434240e-03
3.222049e-03
3.014829e-03
2.832212e-03
2.624266e-03
2.393569e-03
2.187958e-03
2.051225e-03
1.980096e-03
1.921496e-03
1.848917e-03
1.766378e-03
1.716235e-03
1.728426e-03
1.789609e-03
1.905017e-03
2.023030e-03
2.088122e-03
2.150218e-03
2.240063e-03
2.271635e-03
2.190615e-03
2.091196e-03
2.070055e-03
2.101120e-03
2.116395e-03
2.079014e-03
1.991179e-03
1.907147e-03
1.854869e-03
1.796041e-03
1.702957e-03
1.595519e-03
1.552066e-03
1.593559e-03
1.622210e-03
1.615895e-03
1.622767e-03
1.658124e-03
1.701861e-03
1.678035e-03
1.570290e-03
1.444395e-03
1.336806e-03
1.271263e-03
1.256354e-03
1.262018e-03
1.286191e-03
1.305951e-03
1.263826e-03
1.172547e-03
1.068437e-03
1.001694e-03
1.003888e-03
1.064440e-03
1.163350e-03
1.241789e-03
1.261586e-03
1.224812e-03
1.164936e-03
1.118022e-03
1.077733e-03
1.005111e-03
8.826880e-04
7.307913e-04
5.625908e-04
4.087009e-04
3.018894e-04
2.799378e-04
3.517971e-04
4.820049e-04
5.948586e-04
6.145281e-04
5.887862e-04
5.622743e-04
5.219319e-04
5.004166e-04
5.067005e-04
5.092734e-04
5.081265e-04
4.633636e-04
3.375878e-04
2.254880e-04
1.768613e-04
1.833385e-04
2.466180e-04
3.231790e-04
3.948095e-04
4.363107e-04
4.554391e-04
4.640722e-04
4.443579e-04
4.657323e-04
5.560728e-04
6.523196e-04
7.282702e-04
7.832091e-04
8.286607e-04
8.469252e-04
7.812511e-04
6.541297e-04
5.532510e-04
5.114783e-04
5.092755e-04
4.930616e-04
4.329124e-04
3.968901e-04
4.164330e-04
4.574854e-04
4.986895e-04
5.092061e-04
4.976720e-04
4.905011e-04
5.000660e-04
5.553274e-04
6.459420e-04
7.207741e-04
7.237315e-04
6.345023e-04
4.997265e-04
3.466612e-04
1.689691e-04
-4.083384e-05
-2.829511e-04
-4.981762e-04
-6.597700e-04
-8.029130e-04
-9.263503e-04
-9.690136e-04
-8.859734e-04
-7.216093e-04
-5.672258e-04
-5.056221e-04
-5.344150e-04
-5.955304e-04
-6.838126e-04
-8.303814e-04
-9.846898e-04
-1.044013e-03
-1.000470e-03
-8.797492e-04
-7.214444e-04
-5.826573e-04
-4.975303e-04
-5.688983e-04
-8.702271e-04
-1.294324e-03
-1.716734e-03
-2.081650e-03
-2.321362e-03
-2.394183e-03
-2.336730e-03
-2.245746e-03
-2.210306e-03
-2.250737e-03
-2.288762e-03
-2.265585e-03
-2.249194e-03
-2.246206e-03
-2.174187e-03
-2.028514e-03
-1.841390e-03
-1.646780e-03
-1.525223e-03
-1.469486e-03
-1.384316e-03
-1.261281e-03
-1.138170e-03
-1.063947e-03
-1.021271e-03
-9.607866e-04
-9.248838e-04
-8.951631e-04
-8.515016e-04
-8.312690e-04
-8.140424e-04
-8.117650e-04
-8.552013e-04
-9.398328e-04
-1.089233e-03
-1.296744e-03
-1.513406e-03
-1.708014e-03
-1.875574e-03
-2.028891e-03
-2.171505e-03
-2.343105e-03
-2.551881e-03
-2.762080e-03
-3.004031e-03
-3.260916e-03
-3.451510e-03
-3.542390e-03
-3.572146e-03
-3.601137e-03
-3.655455e-03
-3.737695e-03
-3.868195e-03
-4.051173e-03
-4.223480e-03
-4.315554e-03
-4.301003e-03
-4.245729e-03
-4.208056e-03
-4.162272e-03
-4.095032e-03
-4.000802e-03
-3.925375e-03
-3.918762e-03
-3.981442e-03
-4.079651e-03
-4.146398e-03
-4.210414e-03
-4.275243e-03
-4.255871e-03
-4.156155e-03
-4.038386e-03
-3.956870e-03
-3.965355e-03
-4.065875e-03
-4.179662e-03
-4.300028e-03
-4.437438e-03
-4.527636e-03
-4.577212e-03
-4.613590e-03
-4.663168e-03
-4.748646e-03
-4.888627e-03
-5.049541e-03
-5.134644e-03
-5.155596e-03
-5.132965e-03
-5.074493e-03
-5.010154e-03
-4.920362e-03
-4.812711e-03
-4.755544e-03
-4.785552e-03
-4.833767e-03
-4.883012e-03
-4.970732e-03
-5.070647e-03
-5.208193e-03
-5.422846e-03
-5.653170e-03
-5.842637e-03
-6.004185e-03
-6.155437e-03
-6.303763e-03
-6.425034e-03
-6.474243e-03
-6.462847e-03
-6.426176e-03
-6.379602e-03
-6.334354e-03
-6.266760e-03
-6.136172e-03
-6.002259e-03
-5.953239e-03
-5.950245e-03
-5.929799e-03
-5.919963e-03
-5.976284e-03
-6.095775e-03
-6.192978e-03
-6.175185e-03
-6.052587e-03
-5.887016e-03
-5.711832e-03
-5.553255e-03
-5.434357e-03
-5.409207e-03
-5.495607e-03
-5.667294e-03
-5.884530e-03
-6.060258e-03
-6.195226e-03
-6.282699e-03
-6.243257e-03
-6.116106e-03
-5.997679e-03
-5.917071e-03
-5.874733e-03
-5.910886e-03
-6.077636e-03
-6.353127e-03
-6.636367e-03
-6.843021e-03
-6.932961e-03
-6.925425e-03
-6.863302e-03
-6.716413e-03
-6.497209e-03
-6.253683e-03
-6.030334e-03
-5.890940e-03
-5.820688e-03
-5.803372e-03
-5.841991e-03
-5.900191e-03
-5.978823e-03
-6.094705e-03
-6.196249e-03
-6.243584e-03
-6.231670e-03
-6.154869e-03
-6.076666e-03
-6.063639e-03
-6.112623e-03
-6.180419e-03
-6.217084e-03
-6.211920e-03
-6.176374e-03
-6.120014e-03
-6.000852e-03
-5.796467e-03
-5.568649e-03
-5.368357e-03
-5.251006e-03
-5.259810e-03
-5.397658e-03
-5.635964e-03
-5.863167e-03
-5.981022e-03
-5.961569e-03
-5.822122e-03
-5.641949e-03
-5.513693e-03
-5.505327e-03
-5.623059e-03
-5.783101e-03
-5.878023e-03
-5.871248e-03
-5.790590e-03
-5.670338e-03
-5.543992e-03
-5.434272e-03
-5.376468e-03
-5.404867e-03
-5.418777e-03
-5.232812e-03
-4.860744e-03
-4.472236e-03
-4.149180e-03
-3.958885e-03
-3.948315e-03
-4.041849e-03
-4.188420e-03
-4.374081e-03
-4.480883e-03
-4.398147e-03
-4.166266e-03
-3.922094e-03
-3.820328e-03
-3.874799e-03
-3.944962e-03
-3.972199e-03
-4.015998e-03
-4.081144e-03
-4.067387e-03
-3.931955e-03
-3.770697e-03
-3.724082e-03
-3.842288e-03
-3.997253e-03
-4.032550e-03
-3.956331e-03
-3.832427e-03
-3.671927e-03
-3.478619e-03
-3.284576e-03
-3.193537e-03
-3.245374e-03
-3.315370e-03
-3.298584e-03
-3.252635e-03
-3.244197e-03
-3.208913e-03
-3.105193e-03
-2.958736e-03
-2.827886e-03
-2.772009e-03
-2.731410e-03
-2.599866e-03
-2.412750e-03
-2.308614e-03
-2.318963e-03
-2.371302e-03
-2.383173e-03
-2.345004e-03
-2.338452e-03
-2.392601e-03
-2.429150e-03
-2.324125e-03
-2.076074e-03
-1.787754e-03
-1.557852e-03
-1.448187e-03
-1.378418e-03
-1.254799e-03
-1.141617e-03
-1.125640e-03
-1.124051e-03
-1.035319e-03
-8.706897e-04
-7.031026e-04
-6.149494e-04
-5.599690e-04
-4.705731e-04
-3.642634e-04
-2.846171e-04
-2.864106e-04
-3.423927e-04
-3.432684e-04
-2.468104e-04
-1.274690e-04
-5.896906e-05
-2.649081e-05
2.498111e-05
1.058630e-04
2.104782e-04
3.208010e-04
4.113314e-04
5.367950e-04
7.174819e-04
8.606914e-04
8.645416e-04
7.600871e-04
6.696126e-04
6.222034e-04
6.167313e-04
6.682564e-04
7.929474e-04
9.920174e-04
1.184124e-03
1.298558e-03
1.362926e-03
1.402447e-03
1.390870e-03
1.377175e-03
1.412907e-03
1.472887e-03
1.560939e-03
1.705300e-03
1.885647e-03
2.004458e-03
2.070794e-03
2.193948e-03
2.335368e-03
2.401852e-03
2.357761e-03
2.252110e-03
2.195326e-03
2.179651e-03
2.140230e-03
2.056126e-03
1.952238e-03
1.906723e-03
1.927456e-03
1.962404e-03
1.979933e-03
1.968560e-03
1.934239e-03
1.874153e-03
1.780528e-03
1.662378e-03
1.562303e-03
1.502318e-03
1.497625e-03
1.592129e-03
1.767979e-03
1.966104e-03
2.157891e-03
2.290838e-03
2.319231e-03
2.278120e-03
2.185299e-03
2.057865e-03
1.975666e-03
1.959609e-03
1.989057e-03
2.058534e-03
2.161303e-03
2.274121e-03
2.343353e-03
2.343094e-03
2.314810e-03
2.331095e-03
2.371384e-03
2.371795e-03
2.351159e-03
2.319204e-03
2.251686e-03
2.165647e-03
2.108920e-03
2.082168e-03
2.095974e-03
2.196341e-03
2.372793e-03
2.561554e-03
2.645106e-03
2.592250e-03
2.517704e-03
2.481377e-03
2.471975e-03
2.514100e-03
2.613584e-03
2.732915e-03
2.886056e-03
3.095197e-03
3.268783e-03
3.282800e-03
3.150721e-03
2.992373e-03
2.890753e-03
2.864829e-03
2.878921e-03
2.891356e-03
2.961059e-03
3.127872e-03
3.321647e-03
3.507597e-03
3.670426e-03
3.805984e-03
3.920229e-03
3.970212e-03
3.954841e-03
3.900352e-03
3.847652e-03
3.862291e-03
3.919168e-03
3.992494e-03
4.084561e-03
4.162210e-03
4.234746e-03
4.309430e-03
4.365479e-03
4.384065e-03
4.340019e-03
4.229161e-03
4.117599e-03
4.072526e-03
4.064767e-03
4.039066e-03
3.975550e-03
3.920934e-03
3.935349e-03
4.013445e-03
4.119241e-03
4.233228e-03
4.375472e-03
4.520262e-03
4.610725e-03
4.624261e-03
4.568607e-03
4.529284e-03
4.580726e-03
4.695354e-03
4.814484e-03
4.898454e-03
4.898831e-03
4.786498e-03
4.632497e-03
4.497504e-03
4.355252e-03
4.220590e-03
4.159109e-03
4.212630e-03
4.395466e-03
4.608054e-03
4.714605e-03
4.725004e-03
4.714305e-03
4.723489e-03
4.744330e-03
4.767484e-03
4.786450e-03
4.838475e-03
4.950761e-03
5.029575e-03
5.031113e-03
4.985023e-03
4.937193e-03
4.927094e-03
4.968515e-03
5.036340e-03
5.041906e-03
5.022030e-03
5.074453e-03
5.188575e-03
5.315204e-03
5.396640e-03
5.455063e-03
5.568699e-03
5.673180e-03
5.638542e-03
5.495039e-03
5.405920e-03
5.493127e-03
5.694768e-03
5.876779e-03
5.979634e-03
6.002699e-03
5.974154e-03
5.861530e-03
5.653885e-03
5.422841e-03
5.242662e-03
5.217363e-03
5.368682e-03
5.552852e-03
5.665043e-03
5.710071e-03
5.689678e-03
5.608003e-03
5.456308e-03
5.231850e-03
5.013737e-03
4.889734e-03
4.882827e-03
4.934847e-03
4.975679e-03
4.958586e-03
4.864146e-03
4.767047e-03
4.709227e-03
4.677837e-03
4.713266e-03
4.799370e-03
4.856190e-03
4.859501e-03
4.801114e-03
4.659039e-03
4.470265e-03
4.281105e-03
4.159394e-03
4.214663e-03
4.440140e-03
4.713608e-03
4.891503e-03
4.947981e-03
4.947642e-03
4.881335e-03
4.752730e-03
4.602030e-03
4.501744e-03
4.535653e-03
4.691152e-03
4.879516e-03
5.050684e-03
5.186258e-03
5.238339e-03
5.226865e-03
5.204070e-03
5.197389e-03
5.202629e-03
5.168520e-03
5.114885e-03
5.106590e-03
5.151985e-03
5.218884e-03
5.276984e-03
5.353598e-03
5.502446e-03
5.687596e-03
5.803641e-03
5.835592e-03
5.859996e-03
5.881570e-03
5.873404e-03
5.882355e-03
5.955763e-03
6.110093e-03
6.290146e-03
6.404225e-03
6.425738e-03
6.374959e-03
6.320770e-03
6.299801e-03
6.294237e-03
6.341819e-03
6.485891e-03
6.635136e-03
6.717795e-03
6.759084e-03
6.747282e-03
6.739309e-03
6.801010e-03
6.895114e-03
6.983404e-03
7.087770e-03
7.249185e-03
7.412446e-03
7.497402e-03
7.435030e-03
7.244994e-03
7.101546e-03
7.053577e-03
7.046940e-03
7.092257e-03
7.181414e-03
7.264146e-03
7.300243e-03
7.263178e-03
7.124568e-03
6.959790e-03
6.854493e-03
6.783647e-03
6.769019e-03
6.825246e-03
6.877216e-03
6.900397e-03
6.922223e-03
6.943658e-03
6.919458e-03
6.806446e-03
6.634615e-03
6.463474e-03
6.345537e-03
6.277211e-03
6.217331e-03
6.185350e-03
6.199686e-03
6.263152e-03
6.339677e-03
6.362647e-03
6.340572e-03
6.294508e-03
6.246620e-03
6.238273e-03
6.279651e-03
6.356435e-03
6.424544e-03
6.434151e-03
6.403230e-03
6.390807e-03
6.392866e-03
6.386046e-03
6.355515e-03
6.299760e-03
6.270323e-03
6.267253e-03
6.236660e-03
6.159144e-03
6.088228e-03
6.073548e-03
6.082822e-03
6.053734e-03
5.926132e-03
5.772787e-03
5.692859e-03
5.668496e-03
5.662145e-03
5.646187e-03
5.663064e-03
5.727311e-03
5.799039e-03
5.860240e-03
5.863998e-03
5.808390e-03
5.741849e-03
5.690004e-03
5.620906e-03
5.514289e-03
5.390076e-03
5.236590e-03
5.075443e-03
4.932919e-03
4.812912e-03
4.725903e-03
4.644017e-03
4.545997e-03
4.440160e-03
4.299233e-03
4.059422e-03
3.712211e-03
3.323923e-03
2.975088e-03
2.713934e-03
2.508727e-03
2.293496e-03
2.043685e-03
1.793362e-03
1.605141e-03
1.487132e-03
1.376338e-03
1.201908e-03
9.789573e-04
7.750974e-04
5.613308e-04
2.943256e-04
9.002325e-05
5.560099e-05
1.906301e-04
4.524136e-04
6.828959e-04
7.665827e-04
7.509260e-04
7.046073e-04
6.545972e-04
6.095047e-04
5.803884e-04
5.799796e-04
6.257290e-04
6.764473e-04
6.801950e-04
6.374101e-04
5.781983e-04
5.349323e-04
4.979845e-04
4.692021e-04
4.106649e-04
3.310652e-04
2.726062e-04
2.009613e-04
1.687826e-04
1.860272e-04
1.617212e-04
1.071036e-04
7.885277e-05
7.083145e-05
6.440116e-05
6.480128e-05
4.434856e-05
1.062146e-06
-3.044272e-05
-1.159302e-04
-2.630753e-04
-3.893688e-04
-4.769936e-04
-5.160236e-04
-5.182152e-04
-4.746692e-04
-4.277339e-04
-4.653503e-04
-5.712250e-04
-7.378841e-04
-9.575914e-04
-1.191952e-03
-1.382430e-03
-1.477283e-03
-1.492396e-03
-1.458005e-03
-1.403299e-03
-1.349397e-03
-1.327598e-03
-1.346792e-03
-1.387649e-03
-1.423538e-03
-1.404366e-03
-1.335080e-03
-1.255750e-03
-1.195522e-03
-1.179019e-03
-1.233693e-03
-1.363366e-03
-1.513691e-03
-1.655439e-03
-1.771494e-03
-1.846561e-03
-1.889130e-03
-1.923138e-03
-1.996701e-03
-2.129920e-03
-2.296822e-03
-2.452916e-03
-2.574533e-03
-2.654766e-03
-2.664292e-03
-2.594725e-03
-2.496882e-03
-2.422340e-03
-2.385384e-03
-2.409662e-03
-2.503314e-03
-2.635434e-03
-2.793908e-03
-2.959536e-03
-3.092385e-03
-3.170154e-03
-3.153799e-03
-3.046584e-03
-2.942808e-03
-2.885223e-03
-2.857898e-03
-2.837567e-03
-2.811628e-03
-2.849290e-03
-2.972407e-03
-3.099728e-03
-3.175476e-03
-3.227055e-03
-3.319077e-03
-3.427482e-03
-3.486662e-03
-3.508690e-03
-3.552588e-03
-3.627484e-03
-3.668028e-03
-3.644739e-03
-3.615433e-03
-3.631911e-03
-3.665912e-03
-3.684053e-03
-3.705040e-03
-3.758091e-03
-3.845151e-03
-3.862292e-03
-3.747328e-03
-3.588375e-03
-3.457435e-03
-3.365074e-03
-3.300301e-03
-3.311701e-03
-3.456569e-03
-3.707446e-03
-3.994882e-03
-4.221156e-03
-4.346315e-03
-4.389311e-03
-4.376881e-03
-4.360274e-03
-4.361116e-03
-4.410303e-03
-4.536017e-03
-4.697259e-03
-4.857841e-03
-5.002870e-03
-5.110486e-03
-5.163618e-03
-5.172817e-03
-5.165033e-03
-5.179794e-03
-5.202566e-03
-5.125021e-03
-4.992434e-03
-4.933526e-03
-4.955712e-03
-5.052259e-03
-5.170671e-03
-5.270062e-03
-5.371948e-03
-5.473237e-03
-5.565217e-03
-5.647164e-03
-5.703655e-03
-5.717711e-03
-5.740143e-03
-5.793960e-03
-5.836606e-03
-5.859236e-03
-5.859855e-03
-5.853243e-03
-5.845473e-03
-5.825544e-03
-5.794609e-03
-5.766892e-03
-5.779315e-03
-5.815903e-03
-5.847297e-03
-5.844281e-03
-5.768956e-03
-5.658942e-03
-5.538020e-03
-5.435538e-03
-5.401595e-03
-5.411783e-03
-5.454554e-03
-5.527908e-03
-5.624053e-03
-5.747921e-03
-5.863216e-03
-5.900427e-03
-5.850318e-03
-5.800113e-03
-5.762480e-03
-5.765640e-03
-5.897402e-03
-6.097459e-03
-6.291058e-03
-6.444369e-03
-6.495672e-03
-6.455146e-03
-6.396436e-03
-6.343752e-03
-6.319894e-03
-6.375529e-03
-6.448578e-03
-6.460094e-03
-6.415430e-03
-6.297086e-03
-6.087541e-03
-5.869630e-03
-5.728170e-03
-5.675437e-03
-5.739766e-03
-5.866421e-03
-5.908873e-03
-5.806568e-03
-5.565237e-03
-5.257020e-03
-5.027639e-03
-4.922840e-03
-4.902654e-03
-4.986537e-03
-5.142512e-03
-5.253891e-03
-5.258305e-03
-5.142231e-03
-4.916089e-03
-4.657781e-03
-4.450397e-03
-4.338158e-03
-4.353363e-03
-4.410225e-03
-4.370289e-03
-4.223068e-03
-4.019051e-03
-3.810628e-03
-3.632683e-03
-3.484868e-03
-3.374326e-03
-3.324938e-03
-3.304742e-03
-3.183930e-03
-2.933390e-03
-2.639118e-03
-2.361279e-03
-2.141244e-03
-1.991994e-03
-1.970221e-03
-2.080266e-03
-2.188350e-03
-2.190681e-03
-2.071037e-03
-1.920323e-03
-1.840128e-03
-1.816990e-03
-1.821395e-03
-1.878965e-03
-1.992301e-03
-2.102238e-03
-2.162357e-03
-2.154403e-03
-2.090992e-03
-2.027060e-03
-1.942283e-03
-1.797399e-03
-1.632001e-03
-1.482342e-03
-1.359662e-03
-1.232929e-03
-1.075357e-03
-8.983003e-04
-7.372304e-04
-6.240593e-04
-5.568062e-04
-5.658185e-04
-6.666474e-04
-7.938100e-04
-8.727212e-04
-8.494733e-04
-6.924492e-04
-4.466424e-04
-2.042646e-04
-1.219213e-05
9.502112e-05
6.569523e-05
-1.050194e-04
-3.446133e-04
-5.613805e-04
-6.676191e-04
-6.107509e-04
-4.425264e-04
-2.734070e-04
-1.841373e-04
-1.957441e-04
-2.786549e-04
-4.049879e-04
-5.433495e-04
-6.210974e-04
-5.869897e-04
-4.712303e-04
-3.648045e-04
-3.463417e-04
-3.951085e-04
-4.495474e-04
-5.170305e-04
-5.802658e-04
-5.674666e-04
-5.040254e-04
-4.466619e-04
-4.126766e-04
-4.428905e-04
-5.518504e-04
-7.462711e-04
-9.806465e-04
-1.124439e-03
-1.112087e-03
-9.950437e-04
-8.600942e-04
-7.647360e-04
-7.769477e-04
-9.241173e-04
-1.149186e-03
-1.381661e-03
-1.564467e-03
-1.659380e-03
-1.665500e-03
-1.614404e-03
-1.545016e-03
-1.521523e-03
-1.561757e-03
-1.613863e-03
-1.623378e-03
-1.582705e-03
-1.525358e-03
-1.448339e-03
-1.379258e-03
-1.394090e-03
-1.534743e-03
-1.770581e-03
-1.986856e-03
-2.094969e-03
-2.110927e-03
-2.100986e-03
-2.074435e-03
-1.999258e-03
-1.925208e-03
-1.957077e-03
-2.079866e-03
-2.201188e-03
-2.300299e-03
-2.379054e-03
-2.460055e-03
-2.560527e-03
-2.658071e-03
-2.749379e-03
-2.816229e-03
-2.862004e-03
-2.870211e-03
-2.790445e-03
-2.699982e-03
-2.684061e-03
-2.726971e-03
-2.835985e-03
-2.976757e-03
-3.041266e-03
-3.019835e-03
-2.941100e-03
-2.800314e-03
-2.654587e-03
-2.575532e-03
-2.572637e-03
-2.588448e-03
-2.576739e-03
-2.515044e-03
-2.392894e-03
-2.243912e-03
-2.050980e-03
-1.765386e-03
-1.460733e-03
-1.261596e-03
-1.219530e-03
-1.289707e-03
-1.340278e-03
-1.289800e-03
-1.171221e-03
-1.024959e-03
-8.700053e-04
-6.981459e-04
-4.931384e-04
-3.119525e-04
-2.138368e-04
-1.564827e-04
-8.391255e-05
3.391797e-05
1.893746e-04
3.420500e-04
4.756816e-04
5.838402e-04
6.775257e-04
7.518214e-04
7.891964e-04
8.312136e-04
9.268770e-04
1.055139e-03
1.189993e-03
1.310686e-03
1.365208e-03
1.319324e-03
1.170890e-03
1.003172e-03
8.836187e-04
8.208375e-04
8.600319e-04
1.018236e-03
1.251706e-03
1.412837e-03
1.389971e-03
1.234433e-03
1.023140e-03
8.354959e-04
6.931292e-04
5.537239e-04
4.384722e-04
4.102624e-04
4.408379e-04
4.415026e-04
3.929298e-04
3.037761e-04
2.230467e-04
1.848742e-04
1.184361e-04
1.770761e-05
-4.258103e-05
-4.037624e-05
-2.848975e-05
-6.966085e-05
-1.441210e-04
-2.020030e-04
-2.056776e-04
-1.304486e-04
2.107010e-06
1.751180e-04
3.548634e-04
4.773737e-04
5.109431e-04
4.271335e-04
2.268446e-04
-1.343812e-05
-2.085846e-04
-3.052536e-04
-2.825975e-04
-2.139347e-04
-1.929766e-04
-2.172081e-04
-2.778120e-04
-3.617985e-04
-4.544292e-04
-5.445839e-04
-6.015824e-04
-6.309568e-04
-6.444858e-04
-6.701449e-04
-7.656235e-04
-9.619568e-04
-1.197755e-03
-1.387452e-03
-1.536436e-03
-1.669575e-03
-1.793039e-03
-1.892943e-03
-1.961595e-03
-2.049423e-03
-2.185703e-03
-2.318583e-03
-2.399081e-03
-2.427113e-03
-2.357128e-03
-2.182764e-03
-2.034166e-03
-1.967322e-03
-2.003989e-03
-2.163272e-03
-2.357605e-03
-2.526654e-03
-2.640723e-03
-2.684643e-03
-2.650882e-03
-2.535976e-03
-2.363526e-03
-2.243706e-03
-2.228901e-03
-2.221815e-03
-2.240429e-03
-2.271526e-03
-2.220069e-03
-2.191276e-03
-2.446028e-03
-2.587316e-03
-2.257084e-03
-2.280257e-03
-2.536343e-03
-2.075659e-03
-1.640972e-03
-2.000502e-03
-2.284702e-03
-2.075049e-03
-1.782608e-03
-1.397506e-03
-1.112457e-03
-1.395802e-03
-1.681054e-03
-1.113031e-03
-7.921513e-04
-1.391142e-03
-1.585697e-03
-1.292982e-03
-1.131709e-03
-1.052085e-03
-1.195553e-03
-1.509645e-03
-1.560723e-03
-1.269380e-03
-1.221707e-03
-1.476005e-03
-1.426823e-03
-1.183482e-03
-1.145717e-03
-1.266179e-03
-1.476340e-03
-1.596856e-03
-1.427551e-03
-1.273742e-03
-1.431083e-03
-1.701808e-03
-1.690154e-03
-1.353659e-03
-1.185945e-03
-1.327681e-03
-1.373769e-03
-1.205653e-03
-1.044967e-03
-1.049488e-03
-1.114752e-03
-1.122962e-03
-1.181447e-03
-1.211245e-03
-1.155812e-03
-1.156678e-03
-1.073634e-03
-9.259073e-04
-9.520028e-04
-1.085127e-03
-1.147159e-03
-1.107852e-03
-1.057148e-03
-9.846577e-04
-9.261441e-04
-9.774153e-04
-9.688074e-04
-8.310407e-04
-7.873813e-04
-8.720776e-04
-8.866943e-04
-8.270191e-04
-8.363427e-04
-9.364165e-04
-1.053335e-03
-1.114264e-03
-1.155002e-03
-1.235575e-03
-1.248778e-03
-1.085501e-03
-9.239921e-04
-9.529596e-04
-1.101811e-03
-1.284421e-03
-1.479775e-03
-1.686058e-03
-1.850818e-03
-1.854565e-03
-1.713160e-03
-1.559153e-03
-1.505004e-03
-1.560465e-03
-1.647917e-03
-1.725108e-03
-1.742327e-03
-1.676154e-03
-1.562843e-03
-1.431312e-03
-1.384655e-03
-1.493157e-03
-1.689265e-03
-1.896353e-03
-2.058588e-03
-2.100080e-03
-2.002184e-03
-1.854047e-03
-1.722852e-03
-1.634495e-03
-1.612995e-03
-1.692332e-03
-1.896341e-03
-2.097498e-03
-2.122153e-03
-1.978923e-03
-1.806787e-03
-1.679421e-03
-1.595086e-03
-1.566854e-03
-1.592946e-03
-1.683986e-03
-1.803887e-03
-1.816013e-03
-1.670225e-03
-1.420308e-03
-1.137477e-03
-9.555683e-04
-9.981819e-04
-1.219640e-03
-1.446340e-03
-1.573501e-03
-1.571798e-03
-1.408689e-03
-1.116476e-03
-8.057712e-04
-6.257795e-04
-6.488788e-04
-7.979661e-04
-9.749819e-04
-1.093164e-03
-1.113452e-03
-1.057912e-03
-9.351624e-04
-7.756525e-04
-6.421626e-04
-5.876275e-04
-6.082845e-04
-7.227409e-04
-9.150478e-04
-1.016202e-03
-9.858385e-04
-9.699272e-04
-1.002005e-03
-1.004588e-03
-9.755193e-04
-9.790122e-04
-1.015052e-03
-1.080778e-03
-1.208854e-03
-1.355586e-03
-1.407606e-03
-1.300297e-03
-1.102383e-03
-9.628602e-04
-9.859368e-04
-1.128130e-03
-1.273705e-03
-1.356781e-03
-1.360387e-03
-1.299593e-03
-1.215594e-03
-1.129775e-03
-1.022261e-03
-9.655043e-04
-1.035406e-03
-1.162202e-03
-1.276369e-03
-1.363562e-03
-1.456262e-03
-1.592414e-03
-1.746071e-03
-1.897997e-03
-2.040371e-03
-2.164985e-03
-2.271451e-03
-2.310004e-03
-2.268946e-03
-2.196527e-03
-2.120258e-03
-2.017533e-03
-1.867079e-03
-1.751511e-03
-1.684402e-03
-1.584459e-03
-1.443569e-03
-1.239745e-03
-9.892397e-04
-7.822014e-04
-6.309481e-04
-5.097223e-04
-4.380210e-04
-4.812940e-04
-6.279461e-04
-7.419745e-04
-7.154156e-04
-5.899999e-04
-5.041023e-04
-5.310596e-04
-6.706510e-04
-8.272194e-04
-9.125035e-04
-9.660807e-04
-9.376291e-04
-7.575107e-04
-5.123799e-04
-3.575458e-04
-3.741033e-04
-4.983793e-04
-6.373138e-04
-7.573241e-04
-8.528750e-04
-8.420625e-04
-6.877253e-04
-5.390934e-04
-4.865801e-04
-4.578677e-04
-3.947184e-04
-3.735906e-04
-4.657518e-04
-5.839325e-04
-6.114492e-04
-5.126211e-04
-3.982163e-04
-3.976097e-04
-4.642761e-04
-5.292974e-04
-6.021122e-04
-7.225980e-04
-9.051362e-04
-1.090187e-03
-1.217743e-03
-1.278144e-03
-1.283226e-03
-1.269336e-03
-1.289901e-03
-1.364878e-03
-1.482137e-03
-1.602609e-03
-1.695626e-03
-1.768568e-03
-1.793740e-03
-1.766788e-03
-1.722160e-03
-1.673013e-03
-1.640746e-03
-1.590729e-03
-1.491550e-03
-1.390716e-03
-1.298132e-03
-1.210005e-03
-1.167511e-03
-1.176667e-03
-1.228603e-03
-1.336481e-03
-1.479354e-03
-1.619174e-03
-1.696139e-03
-1.653749e-03
-1.525990e-03
-1.364106e-03
-1.217885e-03
-1.158078e-03
-1.159761e-03
-1.167175e-03
-1.188335e-03
-1.199622e-03
-1.140300e-03
-9.919632e-04
-8.194840e-04
-7.001384e-04
-6.496404e-04
-6.536692e-04
-6.606345e-04
-6.487824e-04
-6.184408e-04
-4.943650e-04
-3.226686e-04
-2.197956e-04
-1.685013e-04
-1.925525e-04
-2.926531e-04
-4.217564e-04
-6.025460e-04
-6.957003e-04
-5.271694e-04
-2.768469e-04
-1.669801e-04
-1.472160e-04
-1.668424e-04
-2.146697e-04
-3.255496e-04
-4.888403e-04
-4.949981e-04
-3.181944e-04
-1.450818e-04
-3.732759e-05
6.128782e-05
1.464880e-04
1.959121e-04
2.841485e-04
4.300498e-04
5.749293e-04
6.872854e-04
7.254471e-04
6.831366e-04
6.081734e-04
5.074408e-04
4.109667e-04
4.133921e-04
5.449583e-04
7.667265e-04
9.945506e-04
1.133625e-03
1.191374e-03
1.216198e-03
1.239418e-03
1.256400e-03
1.235407e-03
1.235639e-03
1.325754e-03
1.476580e-03
1.604338e-03
1.631621e-03
1.590956e-03
1.586037e-03
1.664572e-03
1.759623e-03
1.793890e-03
1.802413e-03
1.788468e-03
1.722081e-03
1.621208e-03
1.477050e-03
1.330622e-03
1.282736e-03
1.351881e-03
1.481801e-03
1.614426e-03
1.700629e-03
1.719304e-03
1.678271e-03
1.573368e-03
1.436518e-03
1.316243e-03
1.264997e-03
1.333624e-03
1.475459e-03
1.651070e-03
1.830319e-03
1.971174e-03
2.092853e-03
2.147088e-03
2.108724e-03
2.122309e-03
2.340956e-03
2.672682e-03
2.897229e-03
3.019434e-03
3.174829e-03
3.371197e-03
3.490343e-03
3.443425e-03
3.294957e-03
3.168810e-03
3.089932e-03
2.993166e-03
2.807681e-03
2.519120e-03
2.220547e-03
2.015172e-03
1.898873e-03
1.877583e-03
2.005116e-03
2.268179e-03
2.639075e-03
3.061067e-03
3.449810e-03
3.752027e-03
3.906575e-03
3.901815e-03
3.752915e-03
3.532303e-03
3.326978e-03
3.113239e-03
2.902048e-03
2.699357e-03
2.450428e-03
2.185813e-03
1.980762e-03
1.854414e-03
1.844933e-03
2.037238e-03
2.411084e-03
2.885433e-03
3.404719e-03
3.855925e-03
4.123269e-03
4.240326e-03
4.293494e-03
4.312375e-03
4.344777e-03
4.364322e-03
4.310138e-03
4.203314e-03
4.010385e-03
3.724068e-03
3.448556e-03
3.271739e-03
3.232878e-03
3.316979e-03
3.433837e-03
3.523789e-03
3.604164e-03
3.620290e-03
3.532697e-03
3.407111e-03
3.366554e-03
3.467452e-03
3.599029e-03
3.711091e-03
3.788010e-03
3.762525e-03
3.661574e-03
3.534582e-03
3.388129e-03
3.298862e-03
3.419526e-03
3.761437e-03
4.144320e-03
4.435553e-03
4.661542e-03
4.855747e-03
5.006861e-03
5.064361e-03
5.004151e-03
4.886197e-03
4.697517e-03
4.414752e-03
4.045384e-03
3.628666e-03
3.274565e-03
3.046223e-03
3.014618e-03
3.215845e-03
3.617873e-03
4.144145e-03
4.649767e-03
5.010146e-03
5.170501e-03
5.178209e-03
5.072863e-03
4.887197e-03
4.730583e-03
4.665750e-03
4.667444e-03
4.692778e-03
4.749449e-03
4.816932e-03
4.868141e-03
4.924892e-03
4.953409e-03
4.924287e-03
4.886671e-03
4.865751e-03
4.811936e-03
4.697946e-03
4.560152e-03
4.445879e-03
4.390884e-03
4.393349e-03
4.433372e-03
4.524563e-03
4.655663e-03
4.798976e-03
4.931668e-03
5.011211e-03
5.054496e-03
5.076358e-03
5.014036e-03
4.868319e-03
4.734722e-03
4.672501e-03
4.691530e-03
4.776273e-03
4.885710e-03
5.006893e-03
5.095118e-03
5.051646e-03
4.834890e-03
4.536746e-03
4.302624e-03
4.168576e-03
4.131118e-03
4.221600e-03
4.433599e-03
4.698656e-03
4.911079e-03
4.994730e-03
4.949817e-03
4.804510e-03
4.582666e-03
4.333478e-03
4.101697e-03
3.948725e-03
3.895994e-03
3.854788e-03
3.866612e-03
3.986768e-03
4.044645e-03
3.957267e-03
3.811461e-03
3.686578e-03
3.680070e-03
3.804046e-03
3.910490e-03
3.939979e-03
3.979892e-03
4.038458e-03
4.040176e-03
3.979955e-03
3.892304e-03
3.870300e-03
3.994384e-03
4.099689e-03
4.053720e-03
3.962712e-03
3.927156e-03
3.936615e-03
3.919367e-03
3.852059e-03
3.767213e-03
3.709527e-03
3.638100e-03
3.452293e-03
3.182137e-03
2.943643e-03
2.817366e-03
2.795125e-03
2.821967e-03
2.844764e-03
2.839766e-03
2.809400e-03
2.753065e-03
2.694173e-03
2.617409e-03
2.528886e-03
2.468405e-03
2.451825e-03
2.486522e-03
2.517441e-03
2.520645e-03
2.509690e-03
2.486869e-03
2.499703e-03
2.557890e-03
2.606585e-03
2.636427e-03
2.665993e-03
2.659551e-03
2.584657e-03
2.417031e-03
2.154961e-03
1.915349e-03
1.788299e-03
1.747357e-03
1.764300e-03
1.820343e-03
1.915327e-03
2.049988e-03
2.169170e-03
2.249818e-03
2.272094e-03
2.227607e-03
2.181719e-03
2.140109e-03
2.106844e-03
2.082850e-03
2.050415e-03
2.065254e-03
2.118822e-03
2.190034e-03
2.252537e-03
2.265481e-03
2.273004e-03
2.288231e-03
2.286128e-03
2.231109e-03
2.100182e-03
1.954418e-03
1.909890e-03
2.015420e-03
2.162567e-03
2.227232e-03
2.195342e-03
2.193339e-03
2.328713e-03
2.504939e-03
2.617562e-03
2.651352e-03
2.643995e-03
2.630345e-03
2.560934e-03
2.419548e-03
2.281370e-03
2.264566e-03
2.371271e-03
2.438736e-03
2.371506e-03
2.241171e-03
2.107712e-03
1.943394e-03
1.790474e-03
1.715949e-03
1.792226e-03
2.016106e-03
2.195011e-03
2.213311e-03
2.091258e-03
1.880086e-03
1.643591e-03
1.427453e-03
1.281345e-03
1.245473e-03
1.329183e-03
1.467504e-03
1.567177e-03
1.609936e-03
1.604821e-03
1.579404e-03
1.581515e-03
1.585859e-03
1.569633e-03
1.580345e-03
1.638966e-03
1.707010e-03
1.726884e-03
1.700228e-03
1.702699e-03
1.774714e-03
1.865394e-03
1.927542e-03
1.939589e-03
1.897655e-03
1.814341e-03
1.696181e-03
1.602338e-03
1.588927e-03
1.699189e-03
1.924140e-03
2.163335e-03
2.333896e-03
2.370420e-03
2.227558e-03
1.926351e-03
1.574777e-03
1.292982e-03
1.136921e-03
1.119803e-03
1.188398e-03
1.218912e-03
1.138924e-03
9.007034e-04
5.180499e-04
1.534704e-04
-7.263151e-05
-1.169252e-04
1.024428e-05
2.462321e-04
5.143196e-04
7.089163e-04
7.632413e-04
6.724568e-04
5.092128e-04
3.598933e-04
2.260225e-04
1.108186e-04
7.526267e-05
1.119520e-04
1.378336e-04
8.686631e-05
-1.100950e-04
-3.971197e-04
-6.373084e-04
-8.016214e-04
-8.467981e-04
-7.580450e-04
-6.079288e-04
-4.170223e-04
-2.471615e-04
-2.216768e-04
-3.837454e-04
-6.614826e-04
-9.235789e-04
-1.102103e-03
-1.135034e-03
-1.000695e-03
-7.968631e-04
-5.873459e-04
-4.370507e-04
-4.383717e-04
-5.917532e-04
-7.889210e-04
-9.305043e-04
-9.835624e-04
-9.591306e-04
-9.161976e-04
-8.968986e-04
-9.395345e-04
-1.052667e-03
-1.199428e-03
-1.357745e-03
-1.479064e-03
-1.509903e-03
-1.449562e-03
-1.375158e-03
-1.328009e-03
-1.277943e-03
-1.256164e-03
-1.275936e-03
-1.316060e-03
-1.400354e-03
-1.491177e-03
-1.543110e-03
-1.587518e-03
-1.656645e-03
-1.725166e-03
-1.722974e-03
-1.647017e-03
-1.548286e-03
-1.493765e-03
-1.524953e-03
-1.551209e-03
-1.522242e-03
-1.505150e-03
-1.522460e-03
-1.518510e-03
-1.456047e-03
-1.384579e-03
-1.353794e-03
-1.402087e-03
-1.512968e-03
-1.598246e-03
-1.660820e-03
-1.726320e-03
-1.752510e-03
-1.706374e-03
-1.583375e-03
-1.409486e-03
-1.261025e-03
-1.169399e-03
-1.091865e-03
-1.051051e-03
-1.106903e-03
-1.275331e-03
-1.498629e-03
-1.674773e-03
-1.783378e-03
-1.840194e-03
-1.829811e-03
-1.779401e-03
-1.747644e-03
-1.773383e-03
-1.842294e-03
-1.847515e-03
-1.749073e-03
-1.683216e-03
-1.694446e-03
-1.651512e-03
-1.576701e-03
-1.567636e-03
-1.583138e-03
-1.588403e-03
-1.531837e-03
-1.383045e-03
-1.190615e-03
-1.003742e-03
-8.756718e-04
-8.045207e-04
-8.110367e-04
-9.453227e-04
-1.179398e-03
-1.437708e-03
-1.615442e-03
-1.694544e-03
-1.771106e-03
-1.892032e-03
-2.034816e-03
-2.131703e-03
-2.130762e-03
-2.083941e-03
-2.021030e-03
-1.922716e-03
-1.864550e-03
-1.913476e-03
-2.012139e-03
-2.087429e-03
-2.115243e-03
-2.117267e-03
-2.092726e-03
-2.003405e-03
-1.858810e-03
-1.710921e-03
-1.646773e-03
-1.687914e-03
-1.776264e-03
-1.891688e-03
-2.004489e-03
-2.090467e-03
-2.106512e-03
-2.008222e-03
-1.883544e-03
-1.831206e-03
-1.873533e-03
-1.975602e-03
-2.066341e-03
-2.114899e-03
-2.116682e-03
-2.063676e-03
-1.964670e-03
-1.837437e-03
-1.723003e-03
-1.723216e-03
-1.885846e-03
-2.186706e-03
-2.530377e-03
-2.787359e-03
-2.950260e-03
-3.008853e-03
-2.983767e-03
-2.978847e-03
-3.014067e-03
-3.061997e-03
-3.110365e-03
-3.139600e-03
-3.124152e-03
-3.042982e-03
-2.892739e-03
-2.711320e-03
-2.595432e-03
-2.610302e-03
-2.722552e-03
-2.870364e-03
-3.004338e-03
-3.093334e-03
-3.102781e-03
-3.034514e-03
-2.931544e-03
-2.816864e-03
-2.760737e-03
-2.841075e-03
-3.015849e-03
-3.133107e-03
-3.148823e-03
-3.143394e-03
-3.117132e-03
-3.004776e-03
-2.777133e-03
-2.570847e-03
-2.534910e-03
-2.631150e-03
-2.727825e-03
-2.754690e-03
-2.738985e-03
-2.709239e-03
-2.676251e-03
-2.594041e-03
-2.496821e-03
-2.492480e-03
-2.510756e-03
-2.478588e-03
-2.413389e-03
-2.303006e-03
-2.164792e-03
-2.051764e-03
-1.974393e-03
-1.936903e-03
-1.957608e-03
-2.034830e-03
-2.163466e-03
-2.298209e-03
-2.343600e-03
-2.246216e-03
-2.052989e-03
-1.794935e-03
-1.510390e-03
-1.339313e-03
-1.346954e-03
-1.479425e-03
-1.614174e-03
-1.680807e-03
-1.699202e-03
-1.677382e-03
-1.660824e-03
-1.673022e-03
-1.729273e-03
-1.827720e-03
-1.868668e-03
-1.822248e-03
-1.732824e-03
-1.579808e-03
-1.431606e-03
-1.401636e-03
-1.461421e-03
-1.620011e-03
-1.839566e-03
-1.989079e-03
-2.049829e-03
-2.045168e-03
-1.981369e-03
-1.839330e-03
-1.654925e-03
-1.509212e-03
-1.413347e-03
-1.395360e-03
-1.473678e-03
-1.616670e-03
-1.770823e-03
-1.868477e-03
-1.869077e-03
-1.808925e-03
-1.773512e-03
-1.791296e-03
-1.877709e-03
-2.025738e-03
-2.177118e-03
-2.320610e-03
-2.433284e-03
-2.471660e-03
-2.476270e-03
-2.518550e-03
-2.592497e-03
-2.634366e-03
-2.612354e-03
-2.496202e-03
-2.288031e-03
-2.075844e-03
-1.940012e-03
-1.913990e-03
-1.984065e-03
-2.122631e-03
-2.302839e-03
-2.470758e-03
-2.541242e-03
-2.467883e-03
-2.351829e-03
-2.298483e-03
-2.314490e-03
-2.377191e-03
-2.432478e-03
-2.472491e-03
-2.492624e-03
-2.415409e-03
-2.236178e-03
-2.027225e-03
-1.859574e-03
-1.793620e-03
-1.863083e-03
-2.069408e-03
-2.336471e-03
-2.554105e-03
-2.700597e-03
-2.793176e-03
-2.824497e-03
-2.825798e-03
-2.852251e-03
-2.900771e-03
-2.975048e-03
-3.092205e-03
-3.191235e-03
-3.201186e-03
-3.121677e-03
-2.974351e-03
-2.808610e-03
-2.718109e-03
-2.711731e-03
-2.733766e-03
-2.777685e-03
-2.863732e-03
-2.993831e-03
-3.091725e-03
-3.079802e-03
-2.999402e-03
-2.940207e-03
-2.974215e-03
-3.117375e-03
-3.286915e-03
-3.424373e-03
-3.533104e-03
-3.576273e-03
-3.529498e-03
-3.438646e-03
-3.374218e-03
-3.366085e-03
-3.416843e-03
-3.512429e-03
-3.611275e-03
-3.694649e-03
-3.701431e-03
-3.593521e-03
-3.422933e-03
-3.235719e-03
-3.084961e-03
-2.985721e-03
-2.935180e-03
-2.962858e-03
-3.042986e-03
-3.128989e-03
-3.196420e-03
-3.222640e-03
-3.210287e-03
-3.167725e-03
-3.106275e-03
-3.048599e-03
-2.994858e-03
-2.968233e-03
-2.969357e-03
-2.951569e-03
-2.939946e-03
-2.964836e-03
-3.009355e-03
-3.081325e-03
-3.218064e-03
-3.414817e-03
-3.602309e-03
-3.720666e-03
-3.752224e-03
-3.728564e-03
-3.689030e-03
-3.631258e-03
-3.559299e-03
-3.523229e-03
-3.515450e-03
-3.489741e-03
-3.482531e-03
-3.514598e-03
-3.618897e-03
-3.797561e-03
-3.942652e-03
-4.029497e-03
-4.080795e-03
-4.092197e-03
-4.048486e-03
-3.944244e-03
-3.871000e-03
-3.895675e-03
-3.970705e-03
-4.027144e-03
-4.024744e-03
-3.989307e-03
-3.927381e-03
-3.777507e-03
-3.579530e-03
-3.423434e-03
-3.318788e-03
-3.252791e-03
-3.174170e-03
-3.040415e-03
-2.888339e-03
-2.736308e-03
-2.579595e-03
-2.446229e-03
-2.353653e-03
-2.300497e-03
-2.290967e-03
-2.328885e-03
-2.395887e-03
-2.439355e-03
-2.440651e-03
-2.402568e-03
-2.322573e-03
-2.245867e-03
-2.181759e-03
-2.108215e-03
-2.060040e-03
-2.038526e-03
-2.001392e-03
-1.926054e-03
-1.808788e-03
-1.694670e-03
-1.613749e-03
-1.547581e-03
-1.506097e-03
-1.519340e-03
-1.571218e-03
-1.591809e-03
-1.558683e-03
-1.481188e-03
-1.364583e-03
-1.244932e-03
-1.157284e-03
-1.107526e-03
-1.092470e-03
-1.113848e-03
-1.134958e-03
-1.177328e-03
-1.258335e-03
-1.302151e-03
-1.285723e-03
-1.217523e-03
-1.152699e-03
-1.115307e-03
-1.070774e-03
-1.012825e-03
-9.432481e-04
-9.115684e-04
-9.181431e-04
-9.209185e-04
-9.334830e-04
-9.514002e-04
-9.397863e-04
-8.804130e-04
-7.852968e-04
-6.705360e-04
-5.471097e-04
-4.231618e-04
-3.341292e-04
-3.432517e-04
-4.546523e-04
-5.935544e-04
-6.788847e-04
-7.086129e-04
-7.122436e-04
-6.655930e-04
-5.609850e-04
-4.519906e-04
-3.888910e-04
-3.688821e-04
-3.512234e-04
-3.179919e-04
-2.840431e-04
-2.768710e-04
-2.668800e-04
-1.792424e-04
-4.765266e-05
6.848247e-05
2.036869e-04
3.740571e-04
5.674877e-04
7.516328e-04
8.807196e-04
9.686423e-04
1.036601e-03
1.095375e-03
1.149283e-03
1.199114e-03
1.244673e-03
1.269825e-03
1.293532e-03
1.358729e-03
1.453025e-03
1.506520e-03
1.491322e-03
1.449917e-03
1.445606e-03
1.458862e-03
1.423601e-03
1.379005e-03
1.363555e-03
1.368449e-03
1.368134e-03
1.315908e-03
1.245424e-03
1.224797e-03
1.279837e-03
1.372914e-03
1.449788e-03
1.512730e-03
1.545102e-03
1.529651e-03
1.472881e-03
1.377423e-03
1.273972e-03
1.188393e-03
1.123821e-03
1.080089e-03
1.078995e-03
1.103176e-03
1.071169e-03
1.013586e-03
1.028355e-03
1.111190e-03
1.214657e-03
1.301205e-03
1.380935e-03
1.507338e-03
1.665979e-03
1.778175e-03
1.783663e-03
1.725072e-03
1.663740e-03
1.618337e-03
1.619902e-03
1.650542e-03
1.745843e-03
1.933194e-03
2.128596e-03
2.266654e-03
2.304453e-03
2.246584e-03
2.128126e-03
2.001205e-03
1.905450e-03
1.881552e-03
1.983171e-03
2.164997e-03
2.346155e-03
2.495674e-03
2.607686e-03
2.646892e-03
2.617274e-03
2.570229e-03
2.536276e-03
2.571517e-03
2.689532e-03
2.838009e-03
2.948350e-03
2.961890e-03
2.873855e-03
2.720030e-03
2.570978e-03
2.498541e-03
2.511502e-03
2.603400e-03
2.754665e-03
2.879406e-03
2.901734e-03
2.780886e-03
2.594030e-03
2.477764e-03
2.472482e-03
2.574442e-03
2.751181e-03
2.944184e-03
3.054978e-03
3.028132e-03
2.917654e-03
2.796183e-03
2.717192e-03
2.698137e-03
2.774831e-03
2.963529e-03
3.179856e-03
3.318661e-03
3.324863e-03
3.232285e-03
3.121987e-03
3.040236e-03
2.995365e-03
2.997114e-03
3.086196e-03
3.213494e-03
3.251122e-03
3.178757e-03
3.065904e-03
2.983696e-03
2.947135e-03
2.966086e-03
3.050762e-03
3.146813e-03
3.230621e-03
3.248727e-03
3.139054e-03
2.992664e-03
2.905224e-03
2.913817e-03
3.018389e-03
3.141605e-03
3.224347e-03
3.258733e-03
3.241424e-03
3.147472e-03
2.987041e-03
2.848409e-03
2.785651e-03
2.787878e-03
2.809689e-03
2.815490e-03
2.819615e-03
2.829470e-03
2.833601e-03
2.850528e-03
2.900246e-03
2.950225e-03
2.970155e-03
2.938980e-03
2.853660e-03
2.752120e-03
2.643386e-03
2.558863e-03
2.554071e-03
2.623546e-03
2.723669e-03
2.771955e-03
2.688668e-03
2.527110e-03
2.392376e-03
2.292482e-03
2.233023e-03
2.240305e-03
2.265160e-03
2.237370e-03
2.154869e-03
2.023668e-03
1.830849e-03
1.617403e-03
1.427544e-03
1.282121e-03
1.208324e-03
1.158245e-03
1.074032e-03
1.005199e-03
9.666538e-04
9.429793e-04
9.640527e-04
1.006612e-03
1.105426e-03
1.280965e-03
1.448312e-03
1.559351e-03
1.607051e-03
1.627565e-03
1.623010e-03
1.587901e-03
1.555960e-03
1.559350e-03
1.658594e-03
1.838743e-03
2.013741e-03
2.126432e-03
2.158284e-03
2.151482e-03
2.168318e-03
2.228697e-03
2.311282e-03
2.418951e-03
2.554730e-03
2.661127e-03
2.727455e-03
2.760531e-03
2.736357e-03
2.719291e-03
2.769702e-03
2.839629e-03
2.868937e-03
2.856259e-03
2.821222e-03
2.764549e-03
2.688884e-03
2.583437e-03
2.496337e-03
2.495825e-03
2.589704e-03
2.768822e-03
3.018453e-03
3.292782e-03
3.487711e-03
3.566006e-03
3.544292e-03
3.460587e-03
3.396390e-03
3.362764e-03
3.326603e-03
3.262635e-03
3.184632e-03
3.087115e-03
2.967894e-03
2.879049e-03
2.793947e-03
2.722524e-03
2.742342e-03
2.853244e-03
2.995622e-03
3.109563e-03
3.162522e-03
3.137783e-03
3.059356e-03
2.952435e-03
2.844477e-03
2.796745e-03
2.812081e-03
2.847361e-03
2.872633e-03
2.868215e-03
2.864044e-03
2.879850e-03
2.893337e-03
2.912649e-03
2.935632e-03
2.951007e-03
2.921797e-03
2.813306e-03
2.617537e-03
2.335104e-03
2.077839e-03
1.912173e-03
1.801183e-03
1.757596e-03
1.779588e-03
1.808087e-03
1.834847e-03
1.918331e-03
2.020870e-03
2.108037e-03
2.185683e-03
2.237177e-03
2.288615e-03
2.298525e-03
2.240831e-03
2.180954e-03
2.159899e-03
2.171610e-03
2.217938e-03
2.315013e-03
2.419738e-03
2.481056e-03
2.480374e-03
2.396385e-03
2.252500e-03
2.101072e-03
1.976160e-03
1.928271e-03
1.942098e-03
1.984628e-03
2.065734e-03
2.139921e-03
2.199004e-03
2.255309e-03
2.270102e-03
2.188296e-03
2.003071e-03
1.781186e-03
1.598448e-03
1.503202e-03
1.463392e-03
1.493791e-03
1.640319e-03
1.838411e-03
2.020465e-03
2.150128e-03
2.203783e-03
2.158862e-03
2.045068e-03
1.895872e-03
1.719065e-03
1.606338e-03
1.578205e-03
1.589370e-03
1.630977e-03
1.652067e-03
1.645045e-03
1.632173e-03
1.614076e-03
1.583236e-03
1.520847e-03
1.456493e-03
1.387578e-03
1.286503e-03
1.166878e-03
1.058764e-03
9.999323e-04
9.627506e-04
9.410880e-04
9.542279e-04
9.921833e-04
1.037056e-03
1.042542e-03
1.017976e-03
9.543933e-04
8.381934e-04
7.329214e-04
6.788287e-04
6.559732e-04
6.209066e-04
5.849148e-04
5.547767e-04
5.396333e-04
5.702639e-04
6.268408e-04
7.047952e-04
7.727443e-04
7.945487e-04
7.813821e-04
7.693010e-04
7.939487e-04
8.461470e-04
9.301518e-04
1.001456e-03
1.019383e-03
1.013442e-03
9.854738e-04
9.577494e-04
9.288255e-04
8.855398e-04
8.901924e-04
9.547912e-04
1.048961e-03
1.149356e-03
1.220209e-03
1.250854e-03
1.219752e-03
1.147624e-03
1.073937e-03
1.017997e-03
1.016039e-03
1.029615e-03
9.941477e-04
9.211313e-04
8.654095e-04
8.241930e-04
7.807706e-04
7.676485e-04
7.827742e-04
8.230852e-04
8.624851e-04
8.539140e-04
7.959176e-04
6.942351e-04
5.781213e-04
4.820713e-04
4.499422e-04
4.935478e-04
5.384899e-04
5.539476e-04
5.305733e-04
4.736377e-04
4.189941e-04
3.601043e-04
3.088503e-04
2.915947e-04
3.151131e-04
3.332104e-04
2.980662e-04
2.182904e-04
1.053648e-04
-1.632241e-06
-8.278085e-05
-1.362989e-04
-1.337831e-04
-6.429921e-05
4.418460e-05
1.312028e-04
1.811031e-04
2.211174e-04
2.607158e-04
2.876497e-04
2.786638e-04
2.472544e-04
2.141697e-04
1.258741e-04
-3.057992e-05
-1.719629e-04
-2.603970e-04
-3.180868e-04
-3.791450e-04
-4.448889e-04
-5.302134e-04
-6.718903e-04
-8.344171e-04
-9.919469e-04
-1.122154e-03
-1.170518e-03
-1.123954e-03
-1.044951e-03
-9.958643e-04
-9.890865e-04
-1.047451e-03
-1.131827e-03
-1.194849e-03
-1.252578e-03
-1.301334e-03
-1.304753e-03
-1.271162e-03
-1.291759e-03
-1.383002e-03
-1.515728e-03
-1.636161e-03
-1.662264e-03
-1.628973e-03
-1.567320e-03
-1.477348e-03
-1.366878e-03
-1.257290e-03
-1.221825e-03
-1.288036e-03
-1.434317e-03
-1.581014e-03
-1.647573e-03
-1.627310e-03
-1.556426e-03
-1.477752e-03
-1.381125e-03
-1.307077e-03
-1.289877e-03
-1.305952e-03
-1.368756e-03
-1.407708e-03
-1.370376e-03
-1.309423e-03
-1.291929e-03
-1.326917e-03
-1.363114e-03
-1.416924e-03
-1.478157e-03
-1.513723e-03
-1.528814e-03
-1.515822e-03
-1.456892e-03
-1.379250e-03
-1.341163e-03
-1.293258e-03
-1.228095e-03
-1.207665e-03
-1.205987e-03
-1.207449e-03
-1.213271e-03
-1.203087e-03
-1.194391e-03
-1.206856e-03
-1.180925e-03
-1.104796e-03
-1.051999e-03
-9.899919e-04
-8.676041e-04
-7.162085e-04
-5.527398e-04
-4.306014e-04
-4.343301e-04
-5.294115e-04
-6.014193e-04
-6.543199e-04
-7.238700e-04
-7.703059e-04
-8.206593e-04
-8.805668e-04
-8.962937e-04
-9.063669e-04
-9.729504e-04
-1.082046e-03
-1.157976e-03
-1.145313e-03
-1.066864e-03
-9.630572e-04
-9.065965e-04
-9.565391e-04
-1.044579e-03
-1.092996e-03
-1.130621e-03
-1.196946e-03
-1.231051e-03
-1.198518e-03
-1.151159e-03
-1.131951e-03
-1.173969e-03
-1.257489e-03
-1.315188e-03
-1.273868e-03
-1.162646e-03
-1.089823e-03
-1.041638e-03
-9.739419e-04
-9.060123e-04
-8.783936e-04
-9.328620e-04
-1.055503e-03
-1.158452e-03
-1.167358e-03
-1.114987e-03
-1.045085e-03
-9.627854e-04
-8.992119e-04
-8.817786e-04
-9.174031e-04
-1.010815e-03
-1.134220e-03
-1.231021e-03
-1.269176e-03
-1.265843e-03
-1.262103e-03
-1.289944e-03
-1.367190e-03
-1.482091e-03
-1.561227e-03
-1.556438e-03
-1.510653e-03
-1.456373e-03
-1.418104e-03
-1.409071e-03
-1.416207e-03
-1.458776e-03
-1.530269e-03
-1.613001e-03
-1.702412e-03
-1.784288e-03
-1.848527e-03
-1.861481e-03
-1.847403e-03
-1.859893e-03
-1.839857e-03
-1.780532e-03
-1.758208e-03
-1.779866e-03
-1.854065e-03
-1.983479e-03
-2.099986e-03
-2.153850e-03
-2.183480e-03
-2.223752e-03
-2.265772e-03
-2.302145e-03
-2.319827e-03
-2.332817e-03
-2.380537e-03
-2.477868e-03
-2.576105e-03
-2.627973e-03
-2.611771e-03
-2.548740e-03
-2.580066e-03
-2.708691e-03
-2.796439e-03
-2.862172e-03
-2.943375e-03
-2.987769e-03
-3.032172e-03
-3.124823e-03
-3.196160e-03
-3.173034e-03
-3.085836e-03
-3.067067e-03
-3.164143e-03
-3.282944e-03
-3.327962e-03
-3.307458e-03
-3.334593e-03
-3.428319e-03
-3.504101e-03
-3.578216e-03
-3.671444e-03
-3.731290e-03
-3.777018e-03
-3.818350e-03
-3.818715e-03
-3.717982e-03
-3.580256e-03
-3.506709e-03
-3.406819e-03
-3.355777e-03
-3.388043e-03
-3.341126e-03
-3.240538e-03
-3.172598e-03
-3.179918e-03
-3.247689e-03
-3.322765e-03
-3.344365e-03
-3.283724e-03
-3.220297e-03
-3.184336e-03
-3.111593e-03
-3.026897e-03
-3.009364e-03
-3.002569e-03
-2.951466e-03
-2.885877e-03
-2.799093e-03
-2.698597e-03
-2.567013e-03
-2.418674e-03
-2.334166e-03
-2.299741e-03
-2.274461e-03
-2.246556e-03
-2.217657e-03
-2.208052e-03
-2.227746e-03
-2.242496e-03
-2.232615e-03
-2.259865e-03
-2.330127e-03
-2.374280e-03
-2.340023e-03
-2.255654e-03
-2.197390e-03
-2.172784e-03
-2.144265e-03
-2.060553e-03
-1.946980e-03
-1.900401e-03
-1.916854e-03
-1.929057e-03
-1.922484e-03
-1.924758e-03
-1.962452e-03
-2.002183e-03
-2.012073e-03
-2.006701e-03
-1.980608e-03
-1.925786e-03
-1.862438e-03
-1.804452e-03
-1.731151e-03
-1.643506e-03
-1.591199e-03
-1.568456e-03
-1.546000e-03
-1.534953e-03
-1.521511e-03
-1.502762e-03
-1.476661e-03
-1.409824e-03
-1.328610e-03
-1.248489e-03
-1.161124e-03
-1.095710e-03
-1.052123e-03
-1.001832e-03
-9.244384e-04
-8.497005e-04
-8.096319e-04
-7.847626e-04
-7.629744e-04
-7.772866e-04
-8.084869e-04
-8.297577e-04
-8.914783e-04
-9.756419e-04
-1.059568e-03
-1.118331e-03
-1.131118e-03
-1.147581e-03
-1.174353e-03
-1.169116e-03
-1.089191e-03
-1.006986e-03
-9.640139e-04
-8.883867e-04
-8.031729e-04
-7.297670e-04
-6.739263e-04
-6.621614e-04
-6.689684e-04
-6.777350e-04
-6.970838e-04
-7.029246e-04
-6.599537e-04
-6.146549e-04
-5.873302e-04
-5.311053e-04
-4.580640e-04
-3.953789e-04
-3.708027e-04
-4.321906e-04
-5.629236e-04
-6.581060e-04
-6.690161e-04
-6.257096e-04
-5.212305e-04
-4.004889e-04
-3.201434e-04
-2.677841e-04
-2.774994e-04
-3.583013e-04
-4.387755e-04
-4.693208e-04
-4.633763e-04
-4.360220e-04
-4.100036e-04
-4.030776e-04
-3.895665e-04
-3.885131e-04
-3.939251e-04
-3.715436e-04
-2.948220e-04
-1.459177e-04
-3.492145e-05
-4.490888e-05
-1.140780e-04
-2.079544e-04
-3.113813e-04
-3.312431e-04
-2.289371e-04
-6.347414e-05
1.250046e-04
2.757101e-04
3.093649e-04
2.345888e-04
1.026178e-04
-4.315588e-05
-1.624749e-04
-2.597914e-04
-3.124522e-04
-2.683901e-04
-1.841890e-04
-1.602360e-04
-2.159749e-04
-3.045177e-04
-3.578712e-04
-3.481565e-04
-3.146029e-04
-2.822776e-04
-2.022814e-04
-6.836673e-05
5.233094e-05
1.145419e-04
1.115753e-04
6.094865e-05
1.636620e-05
2.758482e-05
4.180994e-05
4.153357e-05
7.035014e-05
8.013222e-05
3.212037e-05
-5.421455e-05
-1.331579e-04
-1.641039e-04
-1.367614e-04
-7.922773e-05
-5.728493e-05
-9.849172e-05
-1.608052e-04
-2.044202e-04
-2.771419e-04
-3.831601e-04
-4.401758e-04
-4.470402e-04
-4.287748e-04
-3.734873e-04
-3.066225e-04
-2.598163e-04
-2.796674e-04
-4.221389e-04
-6.384838e-04
-8.452517e-04
-9.948231e-04
-1.092673e-03
-1.133981e-03
-1.086441e-03
-1.033391e-03
-1.010725e-03
-9.851118e-04
-9.982772e-04
-1.085901e-03
-1.206565e-03
-1.295902e-03
-1.385641e-03
-1.485079e-03
-1.542014e-03
-1.538210e-03
-1.507525e-03
-1.516039e-03
-1.572724e-03
-1.676773e-03
-1.785916e-03
-1.810809e-03
-1.770985e-03
-1.730435e-03
-1.725456e-03
-1.766742e-03
-1.810547e-03
-1.857959e-03
-1.928881e-03
-2.010197e-03
-2.069749e-03
-2.056005e-03
-1.988683e-03
-1.907969e-03
-1.868874e-03
-1.927969e-03
-2.050896e-03
-2.187315e-03
-2.310792e-03
-2.403734e-03
-2.448794e-03
-2.448022e-03
-2.396247e-03
-2.312414e-03
-2.285013e-03
-2.324051e-03
-2.384841e-03
-2.445161e-03
-2.477306e-03
-2.450819e-03
-2.350889e-03
-2.211750e-03
-2.084887e-03
-2.017217e-03
-2.026994e-03
-2.106925e-03
-2.246562e-03
-2.386038e-03
-2.497226e-03
-2.544720e-03
-2.464248e-03
-2.323759e-03
-2.205389e-03
-2.146902e-03
-2.215500e-03
-2.401175e-03
-2.562039e-03
-2.573461e-03
-2.485204e-03
-2.375725e-03
-2.253320e-03
-2.173665e-03
-2.191717e-03
-2.261513e-03
-2.330773e-03
-2.392644e-03
-2.421175e-03
-2.408776e-03
-2.363608e-03
-2.315349e-03
-2.346211e-03
-2.450195e-03
-2.500641e-03
-2.436148e-03
-2.424044e-03
-2.623562e-03
-2.909207e-03
-3.036344e-03
-2.921530e-03
-2.753006e-03
-2.697228e-03
-2.699641e-03
-2.677675e-03
-2.679273e-03
-2.891602e-03
-3.299779e-03
-3.573183e-03
-3.496144e-03
-3.187097e-03
-2.938906e-03
-2.884806e-03
-2.940327e-03
-3.080587e-03
-3.342535e-03
-3.626671e-03
-3.749473e-03
-3.626191e-03
-3.298779e-03
-2.921544e-03
-2.702175e-03
-2.739379e-03
-2.966837e-03
-3.279735e-03
-3.584053e-03
-3.723572e-03
-3.628768e-03
-3.351804e-03
-3.021161e-03
-2.865876e-03
-2.965069e-03
-3.248630e-03
-3.642725e-03
-3.978049e-03
-4.094129e-03
-3.979951e-03
-3.676686e-03
-3.251063e-03
-2.905038e-03
-2.825424e-03
-2.955526e-03
-3.140785e-03
-3.307062e-03
-3.391362e-03
-3.340724e-03
-3.165896e-03
-2.932846e-03
-2.757126e-03
-2.759251e-03
-2.964336e-03
-3.259272e-03
-3.498122e-03
-3.573476e-03
-3.494423e-03
-3.370619e-03
-3.249560e-03
-3.140813e-03
-3.075417e-03
-3.105810e-03
-3.230692e-03
-3.342069e-03
-3.372724e-03
-3.320794e-03
-3.196344e-03
-3.027878e-03
-2.855905e-03
-2.709415e-03
-2.615274e-03
-2.670129e-03
-2.871771e-03
-3.045077e-03
-3.097254e-03
-3.059696e-03
-2.992826e-03
-2.952993e-03
-2.936180e-03
-2.930479e-03
-2.964157e-03
-3.020431e-03
-3.040206e-03
-2.955699e-03
-2.738884e-03
-2.498871e-03
-2.395849e-03
-2.460869e-03
-2.575333e-03
-2.638150e-03
-2.640232e-03
-2.624130e-03
-2.586447e-03
-2.457080e-03
-2.262413e-03
-2.108738e-03
-2.030568e-03
-1.969007e-03
-1.926184e-03
-1.968360e-03
-2.058216e-03
-2.105106e-03
-2.059065e-03
-1.901925e-03
-1.663509e-03
-1.436054e-03
-1.285446e-03
-1.236210e-03
-1.263393e-03
-1.285001e-03
-1.267421e-03
-1.179757e-03
-1.022847e-03
-8.877498e-04
-8.424529e-04
-8.864689e-04
-9.819447e-04
-1.097111e-03
-1.122032e-03
-9.492609e-04
-6.360491e-04
-2.791040e-04
3.383313e-05
2.418891e-04
3.222474e-04
2.549182e-04
1.196112e-04
4.003265e-05
6.517789e-05
1.796198e-04
3.528973e-04
5.544847e-04
7.184172e-04
7.756181e-04
7.072288e-04
6.068381e-04
6.312595e-04
8.131415e-04
1.049092e-03
1.206206e-03
1.243514e-03
1.221554e-03
1.119017e-03
8.967280e-04
6.645351e-04
5.766024e-04
6.856908e-04
8.980037e-04
1.098875e-03
1.263432e-03
1.421216e-03
1.523881e-03
1.434550e-03
1.176319e-03
9.416628e-04
8.754596e-04
9.470905e-04
1.031261e-03
1.094968e-03
1.130006e-03
1.102782e-03
9.873560e-04
8.100796e-04
6.927202e-04
7.207521e-04
8.846606e-04
1.095076e-03
1.278373e-03
1.441001e-03
1.537407e-03
1.496930e-03
1.335439e-03
1.143797e-03
1.012782e-03
1.008885e-03
1.127641e-03
1.262861e-03
1.402269e-03
1.573056e-03
1.665603e-03
1.615647e-03
1.493940e-03
1.381042e-03
1.321488e-03
1.319153e-03
1.319709e-03
1.291594e-03
1.326780e-03
1.457171e-03
1.581152e-03
1.660980e-03
1.706251e-03
1.743855e-03
1.783402e-03
1.760431e-03
1.674558e-03
1.630970e-03
1.702763e-03
1.802527e-03
1.829878e-03
1.812770e-03
1.768562e-03
1.699711e-03
1.611876e-03
1.495325e-03
1.397611e-03
1.394894e-03
1.501392e-03
1.651731e-03
1.801415e-03
1.918221e-03
1.948969e-03
1.905656e-03
1.824877e-03
1.743016e-03
1.715108e-03
1.765601e-03
1.870720e-03
2.000776e-03
2.084715e-03
2.051888e-03
1.953095e-03
1.862603e-03
1.852936e-03
1.957387e-03
2.119629e-03
2.333482e-03
2.565129e-03
2.716566e-03
2.760039e-03
2.728441e-03
2.696902e-03
2.717994e-03
2.814153e-03
2.972853e-03
3.113611e-03
3.216611e-03
3.277252e-03
3.245587e-03
3.126908e-03
2.975455e-03
2.855769e-03
2.788530e-03
2.788044e-03
2.895415e-03
3.082437e-03
3.307249e-03
3.546391e-03
3.722241e-03
3.775433e-03
3.735284e-03
3.703484e-03
3.702368e-03
3.650710e-03
3.525438e-03
3.386787e-03
3.372053e-03
3.553335e-03
3.814301e-03
3.982938e-03
4.065358e-03
4.161174e-03
4.225226e-03
4.178829e-03
3.990157e-03
3.778596e-03
3.750549e-03
3.900988e-03
4.087223e-03
4.209408e-03
4.260221e-03
4.349144e-03
4.530931e-03
4.665850e-03
4.667390e-03
4.615850e-03
4.598292e-03
4.608029e-03
4.599856e-03
4.570368e-03
4.535023e-03
4.571477e-03
4.698839e-03
4.837358e-03
4.956898e-03
5.026238e-03
4.999684e-03
4.912110e-03
4.858753e-03
4.862620e-03
4.925786e-03
5.020049e-03
5.073119e-03
5.110482e-03
5.156353e-03
5.194514e-03
5.222635e-03
5.241776e-03
5.278363e-03
5.337029e-03
5.366263e-03
5.307143e-03
5.173667e-03
5.062625e-03
5.028045e-03
5.040768e-03
5.066122e-03
5.076953e-03
5.069049e-03
5.034282e-03
4.935698e-03
4.783740e-03
4.636791e-03
4.552241e-03
4.566038e-03
4.695657e-03
4.873768e-03
4.988956e-03
5.025228e-03
5.015309e-03
4.958513e-03
4.817387e-03
4.641600e-03
4.538248e-03
4.539787e-03
4.638408e-03
4.764048e-03
4.800666e-03
4.741502e-03
4.655858e-03
4.560282e-03
4.500739e-03
4.527143e-03
4.638242e-03
4.832152e-03
5.039157e-03
5.111024e-03
4.972418e-03
4.713223e-03
4.446217e-03
4.216557e-03
4.093267e-03
4.157760e-03
4.356668e-03
4.562498e-03
4.721220e-03
4.783219e-03
4.719653e-03
4.551025e-03
4.331806e-03
4.179306e-03
4.171545e-03
4.289546e-03
4.466659e-03
4.644717e-03
4.789109e-03
4.832209e-03
4.705526e-03
4.490292e-03
4.371869e-03
4.406984e-03
4.476245e-03
4.516292e-03
4.583146e-03
4.666983e-03
4.669220e-03
4.505755e-03
4.234771e-03
4.011530e-03
3.911940e-03
3.903842e-03
3.983096e-03
4.187972e-03
4.420838e-03
4.530614e-03
4.510142e-03
4.435792e-03
4.346095e-03
4.210125e-03
4.014384e-03
3.857685e-03
3.813036e-03
3.846311e-03
3.923814e-03
4.004585e-03
4.081730e-03
4.176322e-03
4.298311e-03
4.434260e-03
4.478253e-03
4.399808e-03
4.276178e-03
4.172578e-03
4.144631e-03
4.130791e-03
4.073881e-03
4.071231e-03
4.185447e-03
4.326728e-03
4.396635e-03
4.397690e-03
4.371301e-03
4.360649e-03
4.397749e-03
4.461591e-03
4.487443e-03
4.436001e-03
4.359261e-03
4.356594e-03
4.420269e-03
4.446240e-03
4.431253e-03
4.493551e-03
4.682130e-03
4.872981e-03
4.901828e-03
4.781532e-03
4.671649e-03
4.644774e-03
4.669553e-03
4.747646e-03
4.882983e-03
5.025744e-03
5.161195e-03
5.289137e-03
5.304247e-03
5.162115e-03
5.052179e-03
5.119504e-03
5.224882e-03
5.198889e-03
5.107256e-03
5.084452e-03
5.103425e-03
5.043541e-03
4.884155e-03
4.778165e-03
4.804924e-03
4.861886e-03
4.905749e-03
5.002305e-03
5.184237e-03
5.385528e-03
5.565549e-03
5.707634e-03
5.717650e-03
5.601269e-03
5.519129e-03
5.560403e-03
5.642677e-03
5.639305e-03
5.574307e-03
5.576016e-03
5.630423e-03
5.626073e-03
5.562265e-03
5.535206e-03
5.593592e-03
5.703226e-03
5.800121e-03
5.796240e-03
5.674630e-03
5.533608e-03
5.445559e-03
5.407544e-03
5.401655e-03
5.433481e-03
5.551366e-03
5.753784e-03
5.923015e-03
5.924050e-03
5.772424e-03
5.632485e-03
5.564724e-03
5.546510e-03
5.575595e-03
5.582669e-03
5.562806e-03
5.567225e-03
5.576830e-03
5.520082e-03
5.342802e-03
5.150215e-03
5.097260e-03
5.169786e-03
5.229053e-03
5.208055e-03
5.182181e-03
5.222968e-03
5.283132e-03
5.282099e-03
5.242346e-03
5.222329e-03
5.238471e-03
5.266965e-03
5.272432e-03
5.272396e-03
5.261961e-03
5.210050e-03
5.173450e-03
5.189165e-03
5.184342e-03
5.105880e-03
5.003867e-03
4.929733e-03
4.871652e-03
4.817724e-03
4.729388e-03
4.596847e-03
4.499173e-03
4.472098e-03
4.480947e-03
4.470725e-03
4.417821e-03
4.396953e-03
4.488819e-03
4.580860e-03
4.500680e-03
4.281701e-03
4.091176e-03
4.054081e-03
4.096813e-03
4.116315e-03
4.194538e-03
4.383416e-03
4.598971e-03
4.701288e-03
4.665074e-03
4.575613e-03
4.466220e-03
4.363552e-03
4.295874e-03
4.290101e-03
4.317247e-03
4.332330e-03
4.376387e-03
4.465922e-03
4.538468e-03
4.499667e-03
4.365229e-03
4.254957e-03
4.195484e-03
4.144862e-03
4.095345e-03
4.065634e-03
4.057524e-03
4.025912e-03
3.942224e-03
3.834311e-03
3.731403e-03
3.704019e-03
3.793060e-03
3.923856e-03
4.008017e-03
3.976237e-03
3.904474e-03
3.918776e-03
3.925281e-03
3.803521e-03
3.621169e-03
3.538723e-03
3.580963e-03
3.644582e-03
3.689406e-03
3.690387e-03
3.620573e-03
3.522097e-03
3.444982e-03
3.370272e-03
3.256903e-03
3.111919e-03
3.029844e-03
3.086416e-03
3.161780e-03
3.140509e-03
3.072855e-03
2.996022e-03
2.922690e-03
2.868445e-03
2.803582e-03
2.696493e-03
2.548223e-03
2.454576e-03
2.456990e-03
2.432517e-03
2.344698e-03
2.283776e-03
2.309168e-03
2.360150e-03
2.341739e-03
2.274627e-03
2.149068e-03
1.919575e-03
1.692641e-03
1.607809e-03
1.674421e-03
1.792427e-03
1.843490e-03
1.843088e-03
1.838040e-03
1.750049e-03
1.560088e-03
1.356844e-03
1.211754e-03
1.200745e-03
1.332061e-03
1.464305e-03
1.436240e-03
1.297324e-03
1.217856e-03
1.175351e-03
1.068360e-03
9.474308e-04
9.557651e-04
1.073728e-03
1.140740e-03
1.145602e-03
1.122685e-03
1.030365e-03
8.623877e-04
6.884499e-04
5.369629e-04
3.801619e-04
2.982168e-04
3.675243e-04
4.696763e-04
4.276942e-04
2.898547e-04
2.209862e-04
1.817927e-04
1.256268e-05
-2.816566e-04
-5.164997e-04
-6.284641e-04
-7.021618e-04
-7.704925e-04
-8.208559e-04
-8.236819e-04
-7.655525e-04
-6.734927e-04
-6.505214e-04
-8.001490e-04
-1.009575e-03
-1.090365e-03
-1.103303e-03
-1.210731e-03
-1.384592e-03
-1.511451e-03
-1.564728e-03
-1.581325e-03
-1.585496e-03
-1.636104e-03
-1.793535e-03
-1.959512e-03
-2.029714e-03
-2.059010e-03
-2.161869e-03
-2.329269e-03
-2.406898e-03
-2.362831e-03
-2.347163e-03
-2.451835e-03
-2.579478e-03
-2.636989e-03
-2.702260e-03
-2.793098e-03
-2.808360e-03
-2.755272e-03
-2.751207e-03
-2.837056e-03
-2.915643e-03
-2.957826e-03
-3.031754e-03
-3.194313e-03
-3.455392e-03
-3.686447e-03
-3.801190e-03
-3.794329e-03
-3.656935e-03
-3.491635e-03
-3.411425e-03
-3.453335e-03
-3.636118e-03
-3.934664e-03
-4.246923e-03
-4.449288e-03
-4.466612e-03
-4.343646e-03
-4.198982e-03
-4.107609e-03
-4.112969e-03
-4.209044e-03
-4.352027e-03
-4.506196e-03
-4.612471e-03
-4.646549e-03
-4.664419e-03
-4.695332e-03
-4.709231e-03
-4.699944e-03
-4.729847e-03
-4.851100e-03
-5.028742e-03
-5.196638e-03
-5.279958e-03
-5.296780e-03
-5.344508e-03
-5.444041e-03
-5.610094e-03
-5.800793e-03
-5.967892e-03
-6.169136e-03
-6.394244e-03
-6.548507e-03
-6.550001e-03
-6.464190e-03
-6.465422e-03
-6.567382e-03
-6.630936e-03
-6.607263e-03
-6.594644e-03
-6.637638e-03
-6.669404e-03
-6.682085e-03
-6.742775e-03
-6.855985e-03
-6.959386e-03
-7.034003e-03
-7.105396e-03
-7.201730e-03
-7.284517e-03
-7.316567e-03
-7.367295e-03
-7.468782e-03
-7.586549e-03
-7.692938e-03
-7.801992e-03
-7.926344e-03
-8.062820e-03
-8.263445e-03
-8.463821e-03
-8.474563e-03
-8.291986e-03
-8.123442e-03
-8.082862e-03
-8.096161e-03
-8.123442e-03
-8.219898e-03
-8.365416e-03
-8.434379e-03
-8.379032e-03
-8.231146e-03
-8.040733e-03
-7.909390e-03
-7.921946e-03
-8.055950e-03
-8.211541e-03
-8.384747e-03
-8.607327e-03
-8.793687e-03
-8.799315e-03
-8.595901e-03
-8.383121e-03
-8.305570e-03
-8.313242e-03
-8.378505e-03
-8.527162e-03
-8.715818e-03
-8.800124e-03
-8.767580e-03
-8.743815e-03
-8.752815e-03
-8.817352e-03
-9.006035e-03
-9.265768e-03
-9.477072e-03
-9.621859e-03
-9.715652e-03
-9.644195e-03
-9.396721e-03
-9.248877e-03
-9.335869e-03
-9.515538e-03
-9.666453e-03
-9.764234e-03
-9.817701e-03
-9.789987e-03
-9.677930e-03
-9.563394e-03
-9.488629e-03
-9.476341e-03
-9.618859e-03
-9.877119e-03
-9.987815e-03
-9.885344e-03
-9.785096e-03
-9.772608e-03
-9.772334e-03
-9.761553e-03
-9.790329e-03
-9.865823e-03
-9.933020e-03
-9.934350e-03
-9.791918e-03
-9.544551e-03
-9.417847e-03
-9.460328e-03
-9.523370e-03
-9.579729e-03
-9.656994e-03
-9.657880e-03
-9.552758e-03
-9.530941e-03
-9.514764e-03
-9.358558e-03
-9.270024e-03
-9.352349e-03
-9.556039e-03
-9.710862e-03
-9.675259e-03
-9.515444e-03
-9.275018e-03
-9.053009e-03
-8.941550e-03
-8.857752e-03
-8.716660e-03
-8.633564e-03
-8.735135e-03
-8.872880e-03
-8.919760e-03
-8.932861e-03
-8.904810e-03
-8.840155e-03
-8.844092e-03
-8.902089e-03
-8.876669e-03
-8.784703e-03
-8.769168e-03
-8.823919e-03
-8.819481e-03
-8.778763e-03
-8.799309e-03
-8.827377e-03
-8.846849e-03
-8.899163e-03
-8.889157e-03
-8.726893e-03
-8.544440e-03
-8.519101e-03
-8.573490e-03
-8.613930e-03
-8.734264e-03
-8.916888e-03
-8.992901e-03
-8.957614e-03
-8.871127e-03
-8.676319e-03
-8.444865e-03
-8.348336e-03
-8.351403e-03
-8.307232e-03
-8.284823e-03
-8.380108e-03
-8.450671e-03
-8.396638e-03
-8.274125e-03
-8.107433e-03
-7.938104e-03
-7.894792e-03
-8.003295e-03
-8.098786e-03
-8.086780e-03
-8.053435e-03
-8.029671e-03
-7.970786e-03
-7.873980e-03
-7.753150e-03
-7.624353e-03
-7.581922e-03
-7.750421e-03
-7.975810e-03
-8.004357e-03
-7.919920e-03
-7.908757e-03
-7.876872e-03
-7.687590e-03
-7.428156e-03
-7.163863e-03
-6.938793e-03
-6.880621e-03
-6.935402e-03
-6.882012e-03
-6.733251e-03
-6.677442e-03
-6.621642e-03
-6.393813e-03
-6.131624e-03
-6.002832e-03
-5.941243e-03
-5.909383e-03
-5.930963e-03
-5.901099e-03
-5.827981e-03
-5.871374e-03
-5.971352e-03
-5.935464e-03
-5.803211e-03
-5.654455e-03
-5.458771e-03
-5.261981e-03
-5.131477e-03
-4.997886e-03
-4.791597e-03
-4.668085e-03
-4.687378e-03
-4.637595e-03
-4.427600e-03
-4.178125e-03
-4.012740e-03
-3.912438e-03
-3.854791e-03
-3.829011e-03
-3.788778e-03
-3.801887e-03
-3.840102e-03
-3.756450e-03
-3.525079e-03
-3.241229e-03
-3.002340e-03
-2.805486e-03
-2.679877e-03
-2.688077e-03
-2.783886e-03
-2.871230e-03
-2.898305e-03
-2.872824e-03
-2.772689e-03
-2.577450e-03
-2.333285e-03
-2.110620e-03
-2.049869e-03
-2.206047e-03
-2.382498e-03
-2.414553e-03
-2.326369e-03
-2.140563e-03
-1.893396e-03
-1.648169e-03
-1.414737e-03
-1.247354e-03
-1.209248e-03
-1.303139e-03
-1.454744e-03
-1.502733e-03
-1.386645e-03
-1.213502e-03
-1.071191e-03
-9.700740e-04
-9.360944e-04
-9.815502e-04
-1.071624e-03
-1.190765e-03
-1.305022e-03
-1.331045e-03
-1.233375e-03
-1.054272e-03
-8.676975e-04
-7.299716e-04
-6.324312e-04
-5.552407e-04
-5.256257e-04
-5.034932e-04
-4.135500e-04
-3.458967e-04
-3.630515e-04
-3.686577e-04
-3.740141e-04
-4.019122e-04
-3.489140e-04
-2.440951e-04
-1.849487e-04
-1.237998e-04
-3.977636e-05
7.153391e-06
3.281019e-05
6.190908e-05
3.718043e-05
2.960094e-05
1.566439e-04
2.824669e-04
2.936623e-04
2.459721e-04
1.714271e-04
1.175350e-04
1.945725e-04
3.961772e-04
5.572462e-04
6.878852e-04
8.566613e-04
9.356800e-04
8.645950e-04
7.156506e-04
5.657495e-04
4.991338e-04
5.867645e-04
7.656785e-04
9.500784e-04
1.143084e-03
1.263212e-03
1.257057e-03
1.219783e-03
1.216962e-03
1.214672e-03
1.163234e-03
1.109876e-03
1.165626e-03
1.333373e-03
1.461507e-03
1.450447e-03
1.389517e-03
1.418063e-03
1.543183e-03
1.651249e-03
1.658093e-03
1.591679e-03
1.540632e-03
1.527451e-03
1.490812e-03
1.377521e-03
1.217934e-03
1.128335e-03
1.123111e-03
1.069488e-03
9.694352e-04
9.286084e-04
9.689879e-04
1.051958e-03
1.152721e-03
1.305911e-03
1.466514e-03
1.501632e-03
1.372357e-03
1.158957e-03
1.008158e-03
1.035874e-03
1.204605e-03
1.442486e-03
1.721130e-03
1.984408e-03
2.192751e-03
2.241425e-03
2.061947e-03
1.821480e-03
1.682460e-03
1.682161e-03
1.841801e-03
2.053035e-03
2.153185e-03
2.150951e-03
2.071867e-03
1.947232e-03
1.912573e-03
1.998288e-03
2.128667e-03
2.294452e-03
2.498013e-03
2.631401e-03
2.564567e-03
2.345086e-03
2.141757e-03
2.074557e-03
2.137893e-03
2.259724e-03
2.419324e-03
2.633644e-03
2.912101e-03
3.158737e-03
3.250650e-03
3.215725e-03
3.117180e-03
2.996557e-03
2.938835e-03
2.998610e-03
3.127614e-03
3.324442e-03
3.584799e-03
3.708786e-03
3.620564e-03
3.469275e-03
3.347620e-03
3.302039e-03
3.360803e-03
3.529201e-03
3.775447e-03
4.021199e-03
4.202557e-03
4.224032e-03
4.084278e-03
3.974494e-03
4.008030e-03
4.114453e-03
4.173366e-03
4.134150e-03
4.121707e-03
4.216860e-03
4.281889e-03
4.243090e-03
4.161201e-03
4.119754e-03
4.188653e-03
4.318047e-03
4.445583e-03
4.575358e-03
4.670588e-03
4.669978e-03
4.554303e-03
4.363468e-03
4.170615e-03
4.066844e-03
4.115718e-03
4.298982e-03
4.565387e-03
4.841100e-03
5.053297e-03
5.174332e-03
5.091615e-03
4.772021e-03
4.441862e-03
4.241320e-03
4.153622e-03
4.186118e-03
4.344538e-03
4.639360e-03
5.004861e-03
5.239021e-03
5.220778e-03
5.020800e-03
4.825206e-03
4.836919e-03
5.012212e-03
5.168633e-03
5.318436e-03
5.484896e-03
5.541516e-03
5.420373e-03
5.247161e-03
5.182789e-03
5.296565e-03
5.472222e-03
5.516730e-03
5.459104e-03
5.416508e-03
5.410455e-03
5.311055e-03
5.047315e-03
4.805655e-03
4.744033e-03
4.838550e-03
4.938718e-03
5.010214e-03
5.197115e-03
5.506193e-03
5.765945e-03
5.800141e-03
5.581944e-03
5.320674e-03
5.217340e-03
5.232147e-03
5.281743e-03
5.371549e-03
5.514075e-03
5.696795e-03
5.851633e-03
5.801542e-03
5.472404e-03
5.076579e-03
4.859928e-03
4.882484e-03
5.067109e-03
5.352981e-03
5.650905e-03
5.881982e-03
5.979972e-03
5.708693e-03
5.117852e-03
4.623817e-03
4.503897e-03
4.732315e-03
5.070635e-03
5.377058e-03
5.619517e-03
5.767777e-03
5.783951e-03
5.654540e-03
5.434469e-03
5.158939e-03
4.972770e-03
5.010075e-03
5.173038e-03
5.304960e-03
5.320244e-03
5.207467e-03
5.031421e-03
4.916463e-03
4.874426e-03
4.865574e-03
4.896378e-03
4.902291e-03
4.854470e-03
4.833612e-03
4.860725e-03
4.754265e-03
4.529698e-03
4.445418e-03
4.548037e-03
4.701425e-03
4.709044e-03
4.546056e-03
4.385300e-03
4.357638e-03
4.379574e-03
4.291841e-03
4.217399e-03
4.314999e-03
4.500069e-03
4.627941e-03
4.696794e-03
4.716408e-03
4.698091e-03
4.751207e-03
4.876794e-03
5.007316e-03
5.100965e-03
5.180972e-03
5.326464e-03
5.560586e-03
5.768541e-03
5.833686e-03
5.852637e-03
5.926509e-03
6.049600e-03
6.216084e-03
6.421724e-03
6.569712e-03
6.592829e-03
6.538380e-03
6.431066e-03
6.286669e-03
6.106077e-03
5.992754e-03
6.069383e-03
6.292065e-03
6.462668e-03
6.453864e-03
6.321067e-03
6.037773e-03
5.610370e-03
5.091930e-03
4.595155e-03
4.321112e-03
4.307140e-03
4.453978e-03
4.643741e-03
4.739236e-03
4.489104e-03
3.818261e-03
3.060032e-03
2.652399e-03
2.739137e-03
3.067923e-03
3.335297e-03
3.552479e-03
3.912734e-03
4.293382e-03
4.411926e-03
4.156701e-03
3.602413e-03
3.093544e-03
2.892852e-03
2.939895e-03
3.129118e-03
3.357386e-03
3.505732e-03
3.665801e-03
3.935908e-03
4.192227e-03
4.348751e-03
4.514207e-03
4.794297e-03
5.070854e-03
5.174830e-03
4.925913e-03
4.374545e-03
3.924626e-03
3.697086e-03
3.589187e-03
3.582867e-03
3.680003e-03
3.948158e-03
4.360897e-03
4.756351e-03
5.004857e-03
5.029287e-03
4.865761e-03
4.686561e-03
4.549200e-03
4.318790e-03
3.910603e-03
3.476497e-03
3.235468e-03
3.256860e-03
3.398641e-03
3.367153e-03
3.173057e-03
3.086932e-03
3.103635e-03
3.081206e-03
3.030681e-03
2.921210e-03
2.655103e-03
2.210735e-03
1.609174e-03
1.128690e-03
1.052051e-03
1.269763e-03
1.555096e-03
1.756833e-03
1.833391e-03
1.828693e-03
1.810131e-03
1.745984e-03
1.635786e-03
1.614278e-03
1.628175e-03
1.562529e-03
1.482047e-03
1.501082e-03
1.644180e-03
1.806237e-03
1.890108e-03
1.933639e-03
2.015323e-03
2.103535e-03
2.106584e-03
1.988754e-03
1.853522e-03
1.817304e-03
1.757600e-03
1.590772e-03
1.485335e-03
1.520719e-03
1.640706e-03
1.852556e-03
2.160607e-03
2.427571e-03
2.554052e-03
2.561045e-03
2.321332e-03
1.871919e-03
1.590269e-03
1.572466e-03
1.661526e-03
1.796034e-03
1.865496e-03
1.790404e-03
1.740542e-03
1.773191e-03
1.675979e-03
1.480231e-03
1.343243e-03
1.190371e-03
9.506129e-04
6.316131e-04
2.993478e-04
1.666266e-04
2.771160e-04
3.998947e-04
5.526678e-04
8.816620e-04
1.126614e-03
1.026288e-03
7.354790e-04
3.758911e-04
-5.461964e-05
-4.085577e-04
-6.226732e-04
-7.125806e-04
-6.645277e-04
-6.865893e-04
-9.314084e-04
-1.133038e-03
-1.072067e-03
-8.866403e-04
-7.399803e-04
-7.077285e-04
-8.145410e-04
-8.872852e-04
-8.406736e-04
-8.857954e-04
-9.864101e-04
-8.299273e-04
-3.953095e-04
1.768819e-05
1.442337e-04
-3.823003e-05
-4.108023e-04
-8.924263e-04
-1.381964e-03
-1.766857e-03
-2.026669e-03
-2.171890e-03
-2.132119e-03
-1.761523e-03
-1.235680e-03
-9.476843e-04
-9.793394e-04
-1.042525e-03
-8.469800e-04
-6.057066e-04
-5.921284e-04
-7.217378e-04
-9.237723e-04
-1.138695e-03
-1.313073e-03
-1.513169e-03
-1.789089e-03
-2.117069e-03
-2.427665e-03
-2.528175e-03
-2.290346e-03
-1.895012e-03
-1.590674e-03
-1.509474e-03
-1.673792e-03
-1.909572e-03
-2.123058e-03
-2.405251e-03
-2.598834e-03
-2.498076e-03
-2.326707e-03
-2.352665e-03
-2.461370e-03
-2.505337e-03
-2.441359e-03
-2.152434e-03
-1.756043e-03
-1.526347e-03
-1.499317e-03
-1.655416e-03
-2.073267e-03
-2.713067e-03
-3.293837e-03
-3.559582e-03
-3.459167e-03
-3.002457e-03
-2.306699e-03
-1.630532e-03
-1.147507e-03
-8.477428e-04
-6.885446e-04
-6.688891e-04
-8.015660e-04
-1.163525e-03
-1.723050e-03
-2.295093e-03
-2.757942e-03
-3.013613e-03
-3.026807e-03
-2.908760e-03
-2.858668e-03
-2.897101e-03
-2.788511e-03
-2.510468e-03
-2.265651e-03
-2.129399e-03
-2.091329e-03
-2.083983e-03
-1.997065e-03
-1.942999e-03
-2.112144e-03
-2.462637e-03
-2.780601e-03
-2.808603e-03
-2.593662e-03
-2.471479e-03
-2.500106e-03
-2.439298e-03
-2.247204e-03
-2.106030e-03
-2.098504e-03
-2.245809e-03
-2.544302e-03
-2.839155e-03
-2.966966e-03
-2.995580e-03
-3.001918e-03
-2.839091e-03
-2.428537e-03
-1.900784e-03
-1.480399e-03
-1.351515e-03
-1.511020e-03
-1.856198e-03
-2.253611e-03
-2.513248e-03
-2.484873e-03
-2.085507e-03
-1.426531e-03
-8.397385e-04
-5.186586e-04
-4.774396e-04
-6.778580e-04
-9.793122e-04
-1.251947e-03
-1.424602e-03
-1.438512e-03
-1.310953e-03
-1.186939e-03
-1.220086e-03
-1.376036e-03
-1.498362e-03
-1.589508e-03
-1.802835e-03
-2.188376e-03
-2.669829e-03
-3.225218e-03
-3.816168e-03
-4.347445e-03
-4.866062e-03
-5.384952e-03
-5.782171e-03
-5.987997e-03
-6.051950e-03
-6.056557e-03
-5.983330e-03
-5.839021e-03
-5.641372e-03
-5.441302e-03
-5.408575e-03
-5.498103e-03
-5.428417e-03
-5.052838e-03
-4.509629e-03
-4.000775e-03
-3.408279e-03
-2.540079e-03
-1.549116e-03
-7.452950e-04
-4.013667e-04
-5.147883e-04
-8.379212e-04
-1.276321e-03
-1.878660e-03
-2.628548e-03
-3.342765e-03
-3.760517e-03
-3.764114e-03
-3.422104e-03
-2.865009e-03
-2.250368e-03
-1.723758e-03
-1.385481e-03
-1.366306e-03
-1.704077e-03
-2.131838e-03
-2.293938e-03
-2.220119e-03
-2.182181e-03
-2.245905e-03
-2.399860e-03
-2.751657e-03
-3.356930e-03
-4.152202e-03
-4.946539e-03
-5.430185e-03
-5.416759e-03
-5.027027e-03
-4.581249e-03
-4.252335e-03
-4.048995e-03
-3.889746e-03
-3.669383e-03
-3.498198e-03
-3.418885e-03
-3.282017e-03
-3.145803e-03
-3.270054e-03
-3.679749e-03
-4.155293e-03
-4.524923e-03
-4.655404e-03
-4.629406e-03
-4.710303e-03
-4.877298e-03
-4.847931e-03
-4.482636e-03
-3.898604e-03
-3.385142e-03
-3.171722e-03
-3.025126e-03
-2.690258e-03
-2.477261e-03
-2.638199e-03
-2.971880e-03
-3.242529e-03
-3.313307e-03
-3.210368e-03
-3.178459e-03
-3.311414e-03
-3.334200e-03
-3.046421e-03
-2.763355e-03
-2.758447e-03
-2.786161e-03
-2.723320e-03
-2.729773e-03
-2.846383e-03
-3.161425e-03
-3.625833e-03
-3.876058e-03
-3.822051e-03
-3.693182e-03
-3.592145e-03
-3.357876e-03
-2.897270e-03
-2.422557e-03
-2.164631e-03
-2.239173e-03
-2.550123e-03
-2.897430e-03
-3.175627e-03
-3.237061e-03
-3.029156e-03
-2.750368e-03
-2.654501e-03
-2.726174e-03
-2.763455e-03
-2.708034e-03
-2.463835e-03
-1.990488e-03
-1.580428e-03
-1.442109e-03
-1.501344e-03
-1.724254e-03
-2.126475e-03
-2.572341e-03
-2.969747e-03
-3.279141e-03
-3.316701e-03
-2.986171e-03
-2.374151e-03
-1.745115e-03
-1.471013e-03
-1.629928e-03
-1.991537e-03
-2.406378e-03
-2.855181e-03
-3.224637e-03
-3.336217e-03
-3.185956e-03
-2.907825e-03
-2.594457e-03
-2.285423e-03
-2.015753e-03
-1.903711e-03
-1.985755e-03
-2.130939e-03
-2.191298e-03
-2.055148e-03
-1.758352e-03
-1.500667e-03
-1.470056e-03
-1.632926e-03
-1.959666e-03
-2.434482e-03
-2.815841e-03
-2.954637e-03
-2.883468e-03
-2.704374e-03
-2.482949e-03
-2.166354e-03
-1.793857e-03
-1.548223e-03
-1.567087e-03
-1.782041e-03
-1.982576e-03
-2.087129e-03
-2.203278e-03
-2.352274e-03
-2.459220e-03
-2.465038e-03
-2.374193e-03
-2.329177e-03
-2.299754e-03
-2.125664e-03
-1.905447e-03
-1.864528e-03
-2.018252e-03
-2.180914e-03
-2.230287e-03
-2.195493e-03
-2.262699e-03
-2.470112e-03
-2.488196e-03
-2.213221e-03
-1.926237e-03
-1.744131e-03
-1.577370e-03
-1.420753e-03
-1.357030e-03
-1.467740e-03
-1.772882e-03
-2.029388e-03
-1.983260e-03
-1.764873e-03
-1.641098e-03
-1.611090e-03
-1.466262e-03
-1.220961e-03
-1.066017e-03
-1.057775e-03
-1.013572e-03
-9.243482e-04
-1.250397e-03
-2.054952e-03
-2.802960e-03
-3.105024e-03
-2.937104e-03
-2.677692e-03
-2.704891e-03
-2.855580e-03
-2.851754e-03
-2.680211e-03
-2.430980e-03
-2.239387e-03
-2.164171e-03
-2.222544e-03
-2.408126e-03
-2.660750e-03
-2.921771e-03
-2.981561e-03
-2.765677e-03
-2.447693e-03
-2.052577e-03
-1.551510e-03
-1.020507e-03
-5.986166e-04
-3.330462e-04
-1.594554e-04
-1.407739e-04
-3.860183e-04
-8.310134e-04
-1.294717e-03
-1.667932e-03
-1.846551e-03
-1.668100e-03
-1.205283e-03
-7.920371e-04
-6.073590e-04
-6.577825e-04
-9.078990e-04
-1.240750e-03
-1.628312e-03
-1.929957e-03
-1.868350e-03
-1.506366e-03
-1.178609e-03
-1.074316e-03
-9.862149e-04
-7.352650e-04
-5.162852e-04
-4.123159e-04
-3.949324e-04
-4.402574e-04
-3.545359e-04
-2.376070e-05
3.735239e-04
5.526607e-04
5.520957e-04
5.039431e-04
3.333711e-04
2.235777e-04
4.311968e-04
8.069241e-04
1.113586e-03
1.253849e-03
1.181191e-03
9.551321e-04
6.769387e-04
3.901470e-04
1.618760e-04
1.070767e-04
1.955891e-04
1.976365e-04
1.642440e-04
3.701684e-04
6.152855e-04
5.247355e-04
2.706093e-04
3.168303e-04
7.245439e-04
1.175580e-03
1.425517e-03
1.422436e-03
1.210138e-03
9.321642e-04
7.327086e-04
5.519294e-04
3.920956e-04
2.550191e-04
-8.905112e-06
-2.411674e-04
-2.240316e-04
-1.378602e-04
-3.054432e-04
-6.831059e-04
-7.677143e-04
-2.386623e-04
5.323180e-04
1.043733e-03
1.214166e-03
9.873841e-04
4.281275e-04
-6.003418e-05
-2.000715e-04
-2.289808e-05
3.645721e-04
8.986089e-04
1.330670e-03
1.419278e-03
1.242598e-03
9.718453e-04
7.770365e-04
7.084664e-04
7.008526e-04
7.965088e-04
1.062119e-03
1.454918e-03
1.639642e-03
1.282102e-03
7.979156e-04
8.314765e-04
1.201899e-03
1.390687e-03
1.305805e-03
1.119525e-03
1.079136e-03
1.236087e-03
1.274387e-03
9.935441e-04
6.924490e-04
7.571776e-04
1.137756e-03
1.786922e-03
2.720761e-03
3.317373e-03
3.071332e-03
2.376186e-03
1.715991e-03
1.241260e-03
9.686575e-04
7.399698e-04
6.110327e-04
1.078917e-03
2.144191e-03
2.980918e-03
2.986322e-03
2.349907e-03
1.629057e-03
1.213034e-03
1.011647e-03
7.241201e-04
2.652390e-04
-8.280830e-05
4.233585e-05
4.155125e-04
7.280386e-04
1.179429e-03
1.938299e-03
2.782904e-03
3.318465e-03
3.399080e-03
3.114988e-03
2.522983e-03
1.699970e-03
9.200483e-04
3.544085e-04
1.579745e-04
6.144484e-04
1.466284e-03
2.208299e-03
2.673187e-03
2.952974e-03
3.022314e-03
2.586818e-03
1.767789e-03
1.005534e-03
7.068567e-04
1.283494e-03
2.405799e-03
3.132526e-03
3.123669e-03
2.746937e-03
2.358804e-03
2.092088e-03
1.959692e-03
1.696641e-03
1.198574e-03
9.336015e-04
1.165277e-03
1.515381e-03
1.563607e-03
1.597683e-03
2.058995e-03
2.555189e-03
2.896853e-03
3.578051e-03
4.238901e-03
4.093189e-03
3.532255e-03
3.109027e-03
2.628765e-03
2.145569e-03
1.858777e-03
1.794896e-03
2.218209e-03
2.923886e-03
3.092562e-03
2.646778e-03
2.329504e-03
2.435391e-03
2.606087e-03
2.721220e-03
2.886039e-03
2.985365e-03
3.148950e-03
3.475191e-03
3.676226e-03
3.608918e-03
3.338929e-03
3.244064e-03
3.626735e-03
4.109987e-03
4.368453e-03
4.576122e-03
4.695484e-03
4.431382e-03
3.938503e-03
3.726437e-03
3.840872e-03
3.957756e-03
3.958998e-03
3.931834e-03
4.341043e-03
5.174102e-03
5.443793e-03
4.865135e-03
4.400184e-03
4.721678e-03
5.422599e-03
5.744801e-03
5.267909e-03
4.606021e-03
4.677601e-03
5.167237e-03
5.415325e-03
5.305215e-03
4.824508e-03
4.085377e-03
3.542605e-03
3.761957e-03
4.669456e-03
5.360667e-03
5.491184e-03
5.712077e-03
6.171990e-03
6.457091e-03
6.401327e-03
5.915783e-03
5.121839e-03
4.428115e-03
4.165086e-03
4.411835e-03
4.758661e-03
4.916783e-03
5.389840e-03
6.072763e-03
6.088061e-03
5.834834e-03
6.087818e-03
6.257388e-03
5.906837e-03
5.578066e-03
5.514935e-03
5.540166e-03
5.848522e-03
6.432795e-03
6.599314e-03
6.163885e-03
5.808179e-03
6.056553e-03
6.577153e-03
6.780534e-03
6.908302e-03
7.308637e-03
7.603122e-03
7.405178e-03
6.954302e-03
6.814246e-03
7.023389e-03
7.079399e-03
6.693666e-03
6.123458e-03
5.873069e-03
6.101234e-03
6.320089e-03
6.064201e-03
5.529579e-03
5.169227e-03
5.353026e-03
5.921390e-03
6.421781e-03
6.849757e-03
7.135001e-03
6.939150e-03
5.981114e-03
4.724619e-03
4.132055e-03
4.212787e-03
4.755292e-03
5.815213e-03
6.862985e-03
7.441159e-03
7.282261e-03
6.255374e-03
5.271941e-03
5.150082e-03
5.572088e-03
5.982926e-03
6.027453e-03
5.992808e-03
6.351010e-03
6.590513e-03
6.036196e-03
5.235096e-03
5.065218e-03
5.438882e-03
6.005084e-03
6.713078e-03
7.442181e-03
7.619108e-03
7.070378e-03
6.361712e-03
5.326850e-03
4.137635e-03
3.961851e-03
4.778907e-03
5.607397e-03
6.118203e-03
6.467194e-03
6.403479e-03
5.654461e-03
4.505944e-03
3.445550e-03
3.235921e-03
3.993174e-03
4.791845e-03
5.269410e-03
5.426820e-03
5.090873e-03
4.717728e-03
4.486358e-03
3.806529e-03
3.048640e-03
3.044340e-03
3.641966e-03
4.279569e-03
4.477422e-03
4.130579e-03
3.431426e-03
2.681144e-03
2.335007e-03
2.364723e-03
2.401915e-03
2.646560e-03
3.172253e-03
3.567024e-03
4.006601e-03
4.574682e-03
4.376313e-03
3.200995e-03
2.274220e-03
2.088792e-03
2.041822e-03
1.935264e-03
1.730143e-03
1.452836e-03
1.431768e-03
1.584816e-03
1.804311e-03
2.325871e-03
2.593867e-03
2.209382e-03
1.833239e-03
1.973426e-03
2.444874e-03
2.433825e-03
1.778209e-03
1.426112e-03
1.934166e-03
2.354684e-03
1.868448e-03
1.335074e-03
1.227722e-03
1.381642e-03
1.684823e-03
1.496571e-03
1.215679e-03
1.780932e-03
2.122195e-03
1.372977e-03
5.503339e-04
3.435318e-04
7.972240e-04
1.566228e-03
1.912600e-03
1.474711e-03
7.156699e-04
1.579876e-04
-2.587538e-04
-5.425509e-04
-1.074781e-03
-1.828750e-03
-1.417164e-03
5.137688e-05
7.221763e-04
5.018140e-04
1.285495e-04
-4.820230e-04
-7.745550e-04
-6.994085e-04
-1.023352e-03
-1.370143e-03
-1.607645e-03
-2.049338e-03
-1.888369e-03
-1.135645e-03
-9.699357e-04
-1.318354e-03
-1.241788e-03
-6.989202e-04
-2.668230e-04
3.707270e-05
4.565910e-04
3.095742e-04
-6.129368e-04
-7.099777e-04
1.088178e-05
-1.514782e-04
-6.318233e-04
-1.219365e-04
5.946637e-04
4.555326e-04
-6.760557e-05
-5.285205e-04
-6.601354e-04
-3.728068e-04
-8.517403e-04
-2.080386e-03
-2.281734e-03
-1.151821e-03
-2.187871e-04
-8.996052e-04
-3.384615e-03
-5.109367e-03
-3.097437e-03
1.726912e-04
8.101827e-05
-2.759749e-03
-3.883731e-03
-1.065324e-03
2.510904e-03
2.128199e-03
-1.838048e-03
-4.711752e-03
-4.181027e-03
-2.077474e-03
-9.000745e-04
-1.890795e-03
-4.036527e-03
-4.082541e-03
-1.458694e-03
2.903586e-04
-2.556000e-04
-1.742458e-03
-3.263267e-03
-3.669666e-03
-2.544858e-03
-1.298481e-03
-1.424846e-03
-2.717794e-03
-3.289833e-03
-2.022513e-03
-1.520361e-04
-1.522039e-06
-1.910301e-03
-3.646329e-03
-3.628968e-03
-2.237009e-03
-1.266215e-03
-1.921745e-03
-2.822997e-03
-2.779434e-03
-2.169592e-03
-1.605947e-03
-1.646790e-03
-1.725097e-03
-1.426726e-03
-1.314924e-03
-1.090187e-03
-3.709225e-04
-1.611867e-04
-1.938582e-03
-4.634820e-03
-5.288476e-03
-3.576180e-03
-1.617270e-03
-1.032655e-03
-1.916033e-03
-3.187611e-03
-3.026867e-03
-7.991546e-04
5.022207e-04
-1.550681e-03
-4.277490e-03
-4.003011e-03
-1.610649e-03
-7.672115e-04
-1.710352e-03
-2.579584e-03
-2.979908e-03
-2.707346e-03
-2.644899e-03
-3.102139e-03
-2.681583e-03
-9.446859e-04
5.631949e-04
8.077868e-05
-1.144188e-03
-1.583975e-03
-1.547569e-03
-1.625322e-03
-2.302286e-03
-3.205895e-03
-2.874349e-03
-6.936454e-04
7.733920e-04
-6.473598e-05
-1.416223e-03
-2.379573e-03
-3.380077e-03
-3.514734e-03
-2.286003e-03
-1.536227e-03
-1.837402e-03
-2.043229e-03
-2.239033e-03
-2.773182e-03
-3.355472e-03
-4.257292e-03
-4.743687e-03
-3.281750e-03
-1.362267e-03
-1.251151e-03
-1.977577e-03
-1.606942e-03
-1.140340e-03
-2.038201e-03
-3.361016e-03
-4.305108e-03
-3.627195e-03
-1.211748e-03
-3.425820e-06
-9.752540e-04
-2.304205e-03
-3.423890e-03
-4.669022e-03
-4.206176e-03
-2.246184e-03
-1.856074e-03
-2.182071e-03
-1.605486e-03
-8.296568e-04
-7.034296e-04
-1.887618e-03
-3.249219e-03
-3.508155e-03
-3.360007e-03
-3.344439e-03
-3.187188e-03
-2.363387e-03
-7.659787e-04
-1.224477e-06
-3.772924e-04
-5.603976e-04
-7.136159e-04
-8.279405e-04
-8.843133e-04
-1.862169e-03
-2.894334e-03
-2.188212e-03
-1.234413e-03
-1.322778e-03
-1.629013e-03
-2.302394e-03
-2.343188e-03
-1.296972e-03
-8.890355e-04
-1.512581e-03
-2.009195e-03
-1.971630e-03
-1.607433e-03
-9.072170e-04
-1.152105e-03
-2.510303e-03
-2.547164e-03
-9.222286e-04
-7.719351e-04
-2.976828e-03
-4.313444e-03
-2.812770e-03
-1.597059e-04
5.594293e-04
-1.186480e-03
-2.990193e-03
-2.845900e-03
-2.334202e-03
-3.252506e-03
-3.856458e-03
-3.523881e-03
-2.876523e-03
-2.047828e-03
-1.380717e-03
-1.310429e-03
-1.509920e-03
-9.969384e-04
-4.465767e-04
-9.171320e-04
-1.714385e-03
-1.261983e-03
-5.524586e-04
-8.894362e-04
-1.216829e-03
-1.158189e-03
-5.508341e-04
4.107251e-04
1.363111e-04
-2.206336e-03
-3.463560e-03
-1.889259e-03
-9.071659e-04
-7.667504e-04
-8.442093e-04
-2.437135e-03
-3.309094e-03
-1.724707e-03
3.343284e-04
-1.211930e-04
-2.389332e-03
-3.067859e-03
-2.532435e-03
-1.773018e-03
-1.353567e-03
-1.684035e-03
-1.320638e-03
-4.096786e-04
8.803151e-04
1.413091e-03
-3.050878e-04
-2.060539e-03
-2.191302e-03
-1.479329e-03
-7.427714e-04
-1.839003e-04
-2.824791e-04
-1.292834e-03
-1.626638e-03
-4.189671e-04
9.695508e-04
7.294284e-04
-1.352447e-03
-2.442754e-03
-2.163996e-03
-1.720968e-03
-2.072269e-04
8.575465e-04
2.085535e-05
-1.851542e-03
-2.475119e-03
-1.814332e-03
-2.299992e-03
-2.996931e-03
-2.788647e-03
-1.698773e-03
1.318826e-04
1.127207e-03
4.689375e-05
-1.692974e-03
-1.314093e-03
4.216583e-04
9.067377e-04
-5.193821e-05
-1.702699e-03
-2.445868e-03
-1.234439e-03
-3.428181e-04
-1.054303e-03
-1.388892e-03
-3.432665e-04
6.254699e-04
5.501506e-04
2.070944e-04
5.483353e-04
1.056222e-03
-3.796731e-04
-2.510614e-03
-2.279953e-03
-5.917269e-04
1.466261e-03
2.387633e-03
1.362311e-03
2.324905e-04
-6.114072e-04
1.399498e-04
1.014761e-03
1.145260e-05
-2.881212e-04
-2.262741e-04
-3.054382e-04
2.847701e-04
1.655781e-03
1.931332e-03
-8.079145e-04
-2.806740e-03
-2.244291e-03
-6.928977e-04
-4.450691e-04
-2.788338e-03
-3.928550e-03
-2.954877e-03
-2.605491e-03
-2.410548e-03
-1.759961e-03
-2.250684e-03
-3.210504e-03
-2.163851e-03
-2.209609e-04
1.051434e-03
1.610552e-03
7.945719e-04
-1.366864e-04
-1.642141e-04
3.705056e-06
-2.664563e-04
-1.359540e-03
-2.254150e-03
-2.324564e-03
-7.142040e-04
1.322563e-03
3.965239e-04
-1.282068e-03
-8.768472e-04
8.001797e-04
1.668941e-03
-1.625961e-04
-1.482801e-03
-3.632965e-04
-9.145199e-04
-3.164441e-03
-3.531823e-03
-1.790464e-03
-7.650063e-04
-1.632922e-03
-1.327198e-03
-6.372136e-04
-5.319923e-04
1.171103e-03
1.564954e-03
4.799027e-04
-2.515131e-04
-1.409336e-03
-2.004297e-03
-1.513987e-03
-5.275643e-04
-4.397835e-04
-4.306863e-04
-7.067882e-05
-1.167063e-03
-2.118642e-03
-8.662715e-04
4.092856e-04
-5.482347e-04
-1.318785e-03
-1.161451e-03
-1.493924e-03
-1.318334e-03
-8.894244e-04
-1.063435e-03
-1.370513e-03
-1.729383e-03
-1.799235e-03
-1.006660e-03
-2.595472e-04
-3.497325e-04
-1.890264e-03
-3.331398e-03
-2.577030e-03
-2.129453e-03
-2.894893e-03
-2.782544e-03
-1.698261e-03
-1.156219e-03
-5.954103e-04
1.080848e-03
1.082196e-03
-1.100552e-03
-2.962323e-03
-3.561945e-03
-2.406229e-03
-7.245484e-04
1.839015e-04
3.765463e-04
-6.281863e-04
-2.141272e-03
-2.235714e-03
-1.200963e-03
-1.967497e-04
1.838086e-04
-2.507461e-05
-8.209414e-04
-2.861201e-03
-3.737906e-03
-1.805404e-03
-4.607079e-05
-7.166315e-04
-1.671559e-03
-1.083550e-03
-3.314168e-04
-4.646171e-04
-1.409644e-03
-1.798934e-03
-1.466506e-03
-1.683438e-03
-1.947973e-03
-1.897589e-03
-1.424408e-03
-5.222368e-04
-2.257020e-04
-3.550067e-04
-8.429363e-04
-1.341596e-03
-1.335792e-03
-1.098557e-03
-7.034005e-05
1.334346e-03
1.138599e-03
-1.551158e-03
-3.469383e-03
-2.600523e-03
-6.980116e-04
-1.543299e-04
-1.180254e-03
-1.813749e-03
-2.089939e-03
-1.618775e-03
-7.985565e-04
-2.303089e-04
3.891267e-04
8.547303e-05
-1.719857e-03
-2.765506e-03
-1.479291e-03
-1.454686e-03
-2.661628e-03
-2.663920e-03
-2.474211e-03
-2.058886e-03
-8.614035e-04
-1.966854e-04
-4.639549e-04
-4.623747e-04
-1.445209e-03
-3.423582e-03
-3.771326e-03
-2.322203e-03
-1.119044e-03
-6.658847e-04
-7.575944e-04
-2.136029e-03
-2.362862e-03
-1.115387e-03
-1.355271e-03
-1.778754e-03
-1.706014e-03
-2.053505e-03
-2.637690e-03
-3.183933e-03
-2.209384e-03
-7.756760e-04
-1.862829e-03
-3.534642e-03
-3.198690e-03
-2.353188e-03
-2.228883e-03
-2.643899e-03
-1.866251e-03
-3.563135e-04
-1.277453e-05
6.604141e-05
-4.634781e-04
-2.599227e-03
-4.517776e-03
-3.305558e-03
-2.338219e-03
-3.515266e-03
-3.233304e-03
-1.719964e-03
7.438693e-04
4.222412e-04
-2.714533e-03
-1.020345e-03
1.121191e-03
-1.066614e-03
-1.187159e-03
-9.102938e-04
-3.917165e-03
-5.011982e-03
-3.184401e-03
-1.797949e-03
-1.839901e-03
-2.569981e-03
-3.591631e-03
-4.754786e-03
-3.805027e-03
-1.548275e-03
-9.508727e-04
-1.149571e-03
-2.270693e-03
-4.161649e-03
-4.462471e-03
-4.203343e-03
-4.996813e-03
-5.735038e-03
-3.913773e-03
-1.632323e-03
-2.924446e-03
-3.986945e-03
-2.651087e-03
-1.000289e-03
3.719439e-05
-7.882071e-04
-4.206408e-03
-8.999129e-03
-8.716672e-03
-3.722676e-03
-2.163503e-03
-4.417121e-03
-6.881012e-03
-5.718901e-03
-1.386372e-03
-3.569017e-04
-2.674441e-03
-3.542037e-03
-3.922907e-03
-4.655489e-03
-3.972318e-03
-4.050485e-03
-5.239677e-03
-5.191847e-03
-3.467819e-03
-1.728784e-03
-2.195509e-03
-3.902790e-03
-4.638610e-03
-3.407555e-03
-2.091421e-03
-2.898974e-03
-4.129312e-03
-4.649551e-03
-4.879274e-03
-3.552898e-03
-2.070056e-03
-2.524477e-03
-3.318860e-03
-4.798057e-03
-6.020351e-03
-3.868449e-03
-1.337618e-03
-1.810025e-03
-3.408155e-03
-5.110034e-03
-6.583535e-03
-5.252876e-03
-1.330001e-03
2.837503e-04
-2.236076e-03
-5.078568e-03
-5.476693e-03
-5.244260e-03
-6.295049e-03
-6.405611e-03
-5.234427e-03
-5.304591e-03
-6.603410e-03
-7.094489e-03
-4.977226e-03
-2.602145e-03
-2.311383e-03
-3.058627e-03
-4.304372e-03
-4.147309e-03
-2.904959e-03
-2.880044e-03
-3.296064e-03
-4.495999e-03
-5.889577e-03
-5.463555e-03
-4.690938e-03
-5.623832e-03
-6.549722e-03
-4.438852e-03
-7.964456e-04
1.273342e-03
7.309611e-04
-1.745344e-03
-3.978687e-03
-4.343733e-03
-2.557446e-03
-1.903360e-03
-4.126739e-03
-6.177144e-03
-6.062239e-03
-3.316463e-03
-1.270552e-03
-2.272139e-03
-3.137626e-03
-3.687491e-03
-4.877658e-03
-4.938533e-03
-3.325420e-03
-1.786890e-03
-1.822594e-03
-2.986079e-03
-4.477557e-03
-4.982678e-03
-3.815528e-03
-1.893910e-03
-8.324377e-04
-3.140989e-03
-6.845308e-03
-5.380386e-03
-1.070038e-03
-1.032275e-03
-2.398278e-03
-1.481720e-03
-6.845120e-04
-1.258642e-03
-1.335455e-03
-3.129702e-04
-1.685938e-03
-5.416049e-03
-6.504951e-03
-4.030546e-03
-1.127991e-03
-7.477546e-04
-2.998969e-03
-5.314182e-03
-6.411633e-03
-4.115874e-03
2.152614e-04
-2.745568e-04
-3.115312e-03
-2.289753e-03
6.153717e-06
5.003189e-04
-1.137911e-03
-2.919124e-03
-3.770530e-03
-4.122545e-03
-4.379761e-03
-3.691894e-03
-1.305292e-03
-6.972522e-04
-1.763073e-03
-1.408011e-03
-7.228844e-04
-2.051000e-04
-5.451912e-04
-1.923593e-03
-2.379207e-03
-2.509404e-03
-2.782967e-03
-1.541895e-03
-1.063460e-03
-3.001544e-03
-4.007414e-03
-3.660418e-03
-1.673654e-03
2.158482e-03
3.031997e-03
3.011539e-05
-1.758359e-03
-1.025349e-03
-6.132931e-04
-1.973600e-03
-3.760828e-03
-3.021618e-03
-1.168583e-03
-1.071599e-03
-6.615541e-04
4.052285e-04
-3.704077e-04
-9.712071e-04
-3.230405e-04
-1.678157e-03
-3.026318e-03
-9.526072e-04
2.110120e-03
2.829218e-03
1.276268e-03
-1.570480e-03
-4.012752e-03
-2.277650e-03
1.081996e-03
1.973550e-05
-3.854414e-03
-6.000551e-03
-3.552020e-03
2.978838e-03
6.786632e-03
3.938691e-03
-8.822800e-04
-2.029363e-03
-4.637789e-04
-1.029309e-03
-2.680992e-03
-2.499767e-03
-1.270428e-03
3.520570e-04
1.355022e-03
1.294241e-03
1.183288e-03
1.193191e-03
1.010935e-03
7.082214e-04
-8.740858e-04
-3.925485e-03
-3.751485e-03
1.135472e-03
3.370686e-03
5.438047e-04
-5.994584e-04
1.173565e-04
-7.633188e-04
-6.284709e-04
5.240517e-04
4.301695e-04
-6.722569e-04
-1.913374e-03
-1.307266e-03
5.369983e-04
7.655006e-04
-1.395045e-03
-3.949068e-03
-3.060238e-03
9.860248e-05
9.840345e-04
6.772877e-04
2.298726e-04
-2.010960e-03
-3.472556e-03
-1.908901e-03
1.304150e-04
-1.518127e-04
-1.696751e-03
-1.028913e-03
9.146166e-04
8.603691e-04
-7.961726e-04
-1.195263e-03
1.949409e-04
-2.311176e-04
-2.146209e-03
-2.405148e-03
-1.835930e-03
-9.360283e-04
3.219248e-05
9.556207e-05
-1.852509e-04
1.776175e-04
9.686357e-04
5.530323e-04
-8.250560e-04
-1.662415e-03
-2.044147e-03
-1.631801e-03
-9.227783e-04
-1.176719e-03
-6.924026e-04
9.955562e-04
1.882649e-03
1.598202e-03
2.246020e-04
-2.293115e-03
-4.153208e-03
-3.155363e-03
-1.040308e-03
6.742178e-04
2.735253e-03
2.733315e-03
6.718355e-04
5.558064e-04
1.587691e-03
5.316372e-04
-2.340984e-03
-3.840444e-03
-2.139220e-03
-5.693635e-04
-8.082059e-04
-6.086696e-04
-1.268556e-04
-1.742924e-04
1.702110e-04
1.066793e-03
3.954333e-04
-1.337126e-03
-1.865182e-03
-1.868106e-03
-9.654517e-04
2.833742e-04
1.520576e-03
4.025698e-03
4.021908e-03
2.303712e-04
-2.092874e-03
-7.846605e-04
5.964584e-04
-6.466852e-04
-1.692399e-03
-1.028743e-03
-4.910922e-05
1.542388e-03
2.720860e-03
1.657623e-03
2.678410e-04
6.687566e-04
1.319098e-04
-1.510459e-03
-1.251421e-03
-9.561577e-05
1.310781e-03
2.272277e-03
1.593888e-03
8.706080e-04
9.930057e-04
1.216836e-03
1.764055e-03
3.181913e-03
2.669104e-03
7.724890e-04
1.543232e-03
1.960044e-03
4.188027e-04
2.256125e-04
2.065779e-04
-7.781288e-04
2.109446e-04
1.340588e-03
-4.137602e-04
-2.092571e-04
1.879767e-03
1.171189e-03
1.247903e-03
3.401527e-03
3.250581e-03
2.748086e-03
3.822034e-03
2.338635e-03
-2.612462e-04
-8.142543e-04
9.710597e-05
2.488097e-03
3.336388e-03
2.559817e-03
3.203434e-03
3.192972e-03
2.284092e-03
3.095059e-03
2.865344e-03
6.452366e-04
1.468489e-03
3.128272e-03
1.509447e-03
9.121447e-04
2.712067e-03
3.637402e-03
3.204913e-03
2.071883e-03
1.617722e-03
2.972672e-03
4.048057e-03
3.011393e-03
1.426248e-03
9.539127e-04
1.369166e-03
1.707443e-03
1.332499e-03
2.006145e-03
4.575464e-03
5.544300e-03
3.651348e-03
2.335167e-03
3.048411e-03
3.532389e-03
2.610257e-03
2.024377e-03
2.666965e-03
2.808852e-03
1.873710e-03
1.419822e-03
2.496086e-03
3.900169e-03
4.069844e-03
3.886404e-03
4.221684e-03
4.596105e-03
4.524334e-03
4.276324e-03
3.700289e-03
2.342406e-03
2.232007e-03
3.512563e-03
3.697916e-03
3.329251e-03
3.262005e-03
3.295842e-03
3.897058e-03
4.092081e-03
2.962014e-03
2.302781e-03
3.282028e-03
4.237535e-03
4.004602e-03
3.008467e-03
2.498202e-03
2.825082e-03
2.712115e-03
2.498605e-03
2.682554e-03
2.331576e-03
1.568889e-03
1.895096e-03
3.406640e-03
3.948937e-03
3.258330e-03
2.588154e-03
2.696057e-03
3.101473e-03
2.527968e-03
2.548923e-03
3.501790e-03
3.363861e-03
3.351342e-03
4.478231e-03
4.365649e-03
2.597512e-03
2.379469e-03
3.646858e-03
3.391105e-03
2.464374e-03
2.995189e-03
4.444118e-03
5.166987e-03
4.180932e-03
2.386948e-03
1.964746e-03
2.737334e-03
2.466522e-03
2.416172e-03
4.071034e-03
4.517439e-03
3.526200e-03
3.762479e-03
4.682110e-03
4.630435e-03
3.508619e-03
2.894702e-03
3.479515e-03
3.506098e-03
2.053666e-03
1.153820e-03
2.343840e-03
2.984435e-03
2.156175e-03
1.890593e-03
1.681677e-03
1.558704e-03
2.265986e-03
3.250611e-03
4.517041e-03
4.966500e-03
3.719598e-03
2.834996e-03
3.254088e-03
3.414703e-03
3.241784e-03
3.548139e-03
3.612522e-03
3.172336e-03
2.926674e-03
2.871691e-03
3.146127e-03
3.493258e-03
3.242695e-03
3.226629e-03
3.632586e-03
3.587947e-03
3.502169e-03
3.791208e-03
3.562174e-03
2.303453e-03
1.530225e-03
2.132862e-03
2.798325e-03
2.935125e-03
3.393148e-03
4.654702e-03
5.308925e-03
4.153049e-03
2.185671e-03
6.639664e-04
5.315403e-04
1.449209e-03
2.398595e-03
3.348902e-03
3.968643e-03
4.297836e-03
4.599697e-03
4.525302e-03
4.058854e-03
3.270888e-03
2.708494e-03
2.979650e-03
3.448795e-03
3.412489e-03
3.160254e-03
3.321438e-03
3.892891e-03
4.008391e-03
3.283233e-03
2.683349e-03
3.041753e-03
3.768732e-03
4.089150e-03
3.912748e-03
3.231263e-03
2.446472e-03
1.913619e-03
1.747057e-03
2.605396e-03
4.145600e-03
5.236113e-03
5.719141e-03
5.577385e-03
4.743286e-03
3.756844e-03
3.381995e-03
3.536111e-03
3.359191e-03
3.023546e-03
3.288452e-03
3.738507e-03
3.954134e-03
4.122784e-03
4.025348e-03
3.618040e-03
3.363180e-03
3.645328e-03
4.246315e-03
4.739754e-03
5.169058e-03
5.140992e-03
4.560191e-03
4.029019e-03
3.445056e-03
3.115795e-03
3.030653e-03
2.859781e-03
3.537815e-03
4.498310e-03
4.640909e-03
4.563218e-03
4.479379e-03
4.226028e-03
4.046256e-03
3.696925e-03
2.704442e-03
1.994372e-03
2.252449e-03
2.911705e-03
3.569560e-03
3.497723e-03
3.028134e-03
3.059896e-03
3.163701e-03
3.074919e-03
3.147817e-03
3.610197e-03
4.068916e-03
4.256347e-03
4.048137e-03
3.546140e-03
3.653596e-03
3.950931e-03
3.791423e-03
3.809659e-03
3.895746e-03
3.811431e-03
3.778051e-03
3.602572e-03
3.205893e-03
3.073070e-03
3.376577e-03
3.387408e-03
3.033205e-03
2.954255e-03
3.081056e-03
3.446527e-03
3.747352e-03
3.589143e-03
3.605584e-03
3.687090e-03
3.618395e-03
3.782398e-03
3.919230e-03
3.704110e-03
3.221627e-03
2.900194e-03
2.830738e-03
2.730119e-03
2.762492e-03
3.065606e-03
3.412406e-03
3.589144e-03
3.380847e-03
2.934953e-03
2.746623e-03
2.812320e-03
3.033503e-03
3.308080e-03
3.340979e-03
3.181973e-03
2.810842e-03
2.331091e-03
2.187392e-03
2.375720e-03
2.776546e-03
3.579878e-03
4.395269e-03
4.237015e-03
3.419371e-03
3.055210e-03
3.058306e-03
3.153167e-03
3.183652e-03
3.014134e-03
3.164316e-03
3.467319e-03
3.374118e-03
3.317286e-03
3.433939e-03
3.183588e-03
2.747571e-03
2.741193e-03
3.346796e-03
4.126575e-03
4.376117e-03
4.043338e-03
3.575265e-03
3.223165e-03
2.818785e-03
2.312286e-03
2.221585e-03
2.832674e-03
3.672822e-03
3.989594e-03
3.606802e-03
3.119642e-03
2.891619e-03
2.679935e-03
2.424204e-03
2.234280e-03
2.208370e-03
2.423953e-03
2.473258e-03
2.396825e-03
2.742294e-03
3.114511e-03
3.060240e-03
2.805884e-03
2.591931e-03
2.589871e-03
2.809506e-03
3.119515e-03
3.306078e-03
3.419786e-03
3.656806e-03
3.576424e-03
2.963500e-03
2.503536e-03
2.423089e-03
2.393939e-03
2.344642e-03
2.137185e-03
2.218066e-03
2.996125e-03
3.543478e-03
3.372151e-03
2.998107e-03
2.886186e-03
2.973335e-03
2.920433e-03
3.023451e-03
3.334884e-03
3.488871e-03
3.480981e-03
3.207105e-03
2.832398e-03
2.694391e-03
2.681446e-03
2.610374e-03
2.695585e-03
3.073449e-03
3.111717e-03
2.666258e-03
2.383406e-03
2.399950e-03
2.504651e-03
2.447484e-03
2.357786e-03
2.721744e-03
3.184400e-03
3.121956e-03
2.780480e-03
2.586321e-03
2.342171e-03
1.929671e-03
1.938976e-03
2.543953e-03
3.126094e-03
2.924999e-03
1.958883e-03
1.324188e-03
1.302785e-03
1.437760e-03
1.751362e-03
2.312647e-03
3.086203e-03
3.510671e-03
3.079721e-03
2.252330e-03
1.861423e-03
2.196481e-03
2.685349e-03
2.889463e-03
2.943744e-03
3.039507e-03
3.096780e-03
2.970735e-03
2.819362e-03
2.696649e-03
2.493373e-03
2.126990e-03
1.864255e-03
2.028802e-03
2.306275e-03
2.371337e-03
2.176118e-03
1.874201e-03
1.735430e-03
1.840270e-03
2.091955e-03
2.321173e-03
2.394354e-03
2.306309e-03
2.148717e-03
1.856809e-03
1.517012e-03
1.217860e-03
8.622425e-04
7.036618e-04
8.465599e-04
1.276440e-03
1.984403e-03
2.432677e-03
2.430107e-03
2.376065e-03
2.411904e-03
2.436464e-03
2.239464e-03
1.859825e-03
1.617460e-03
1.529962e-03
1.564792e-03
1.521247e-03
1.238762e-03
1.028374e-03
9.914995e-04
1.260494e-03
1.722247e-03
1.887738e-03
1.878905e-03
1.969367e-03
2.187502e-03
2.439750e-03
2.595281e-03
2.608160e-03
2.470666e-03
2.264240e-03
2.099534e-03
2.169591e-03
2.424268e-03
2.546045e-03
2.621084e-03
2.841659e-03
2.955320e-03
2.778467e-03
2.349321e-03
1.739771e-03
1.273103e-03
1.099409e-03
9.825988e-04
8.279987e-04
9.276817e-04
1.343027e-03
1.539048e-03
1.393828e-03
1.184139e-03
1.000644e-03
1.220512e-03
1.767339e-03
1.865963e-03
1.662670e-03
1.753687e-03
2.048989e-03
2.194923e-03
1.833372e-03
1.228032e-03
8.326746e-04
6.349325e-04
6.507070e-04
6.087982e-04
4.234871e-04
3.367169e-04
3.704635e-04
4.976573e-04
5.310777e-04
6.172678e-04
8.936702e-04
1.140226e-03
1.416335e-03
1.542704e-03
1.257132e-03
8.097876e-04
4.923162e-04
4.549554e-04
7.978279e-04
1.265390e-03
1.494691e-03
1.569482e-03
1.480757e-03
1.128606e-03
8.234149e-04
7.118534e-04
7.150678e-04
9.324753e-04
1.325155e-03
1.718252e-03
2.069802e-03
2.243623e-03
2.128449e-03
1.861652e-03
1.521816e-03
1.088956e-03
7.273162e-04
7.176075e-04
1.002972e-03
1.190180e-03
1.136684e-03
9.517043e-04
5.955333e-04
1.459439e-04
-4.819095e-05
4.327874e-05
1.470956e-04
3.393555e-04
7.002937e-04
8.855167e-04
7.767528e-04
5.489332e-04
3.046902e-04
4.621550e-05
-2.839928e-04
-3.991884e-04
-1.101774e-04
1.849295e-04
2.515877e-04
1.898747e-04
-1.582758e-05
-4.883078e-04
-9.392293e-04
-8.259432e-04
-3.248628e-04
-1.317840e-05
2.603650e-05
3.849346e-05
2.451052e-05
-2.349797e-04
-5.772139e-04
-6.105482e-04
-4.477199e-04
-2.508677e-04
1.423697e-04
5.980212e-04
9.501554e-04
9.198797e-04
1.123328e-04
-9.647315e-04
-1.607061e-03
-1.918849e-03
-1.965067e-03
-1.555519e-03
-9.886273e-04
-5.560747e-04
-1.751875e-04
1.700342e-04
3.046042e-04
6.940758e-05
-3.310674e-04
-6.542139e-04
-6.964403e-04
-3.828281e-04
-6.456003e-05
4.933108e-05
-8.228603e-05
-3.586025e-04
-4.523665e-04
-3.623483e-04
-2.789655e-04
-1.451868e-04
1.945928e-04
7.122089e-04
1.095904e-03
1.078473e-03
7.564446e-04
3.852097e-04
1.513108e-04
1.348788e-04
3.076395e-04
4.135013e-04
2.971999e-04
3.168331e-04
5.816711e-04
7.201257e-04
5.435962e-04
1.603353e-04
-1.856728e-04
-4.576580e-04
-8.257972e-04
-1.323581e-03
-1.813335e-03
-2.150440e-03
-2.347065e-03
-2.320876e-03
-1.898408e-03
-1.218023e-03
-5.760154e-04
-9.289659e-05
1.849848e-04
1.150763e-04
-2.475441e-04
-7.424086e-04
-1.303370e-03
-1.721856e-03
-1.854684e-03
-1.659082e-03
-1.237781e-03
-9.689310e-04
-1.064298e-03
-1.218145e-03
-1.060204e-03
-9.015868e-04
-1.124452e-03
-1.488534e-03
-1.708378e-03
-1.775392e-03
-1.859551e-03
-1.951265e-03
-1.941436e-03
-1.886607e-03
-1.552097e-03
-9.374097e-04
-5.174763e-04
-5.759400e-04
-1.097608e-03
-1.469018e-03
-1.346372e-03
-1.275818e-03
-1.380448e-03
-1.469390e-03
-1.755033e-03
-2.269289e-03
-2.702611e-03
-2.991739e-03
-3.266783e-03
-3.224566e-03
-2.738397e-03
-2.159704e-03
-1.474461e-03
-7.694271e-04
-4.447020e-04
-5.214468e-04
-9.575499e-04
-1.690874e-03
-2.371834e-03
-2.851308e-03
-3.191311e-03
-3.304217e-03
-3.014898e-03
-2.321655e-03
-1.484994e-03
-5.666246e-04
2.844114e-04
4.231800e-04
-1.075938e-04
-6.852155e-04
-1.439355e-03
-2.533201e-03
-3.534219e-03
-4.077621e-03
-4.031337e-03
-3.631498e-03
-3.163830e-03
-2.623516e-03
-2.203473e-03
-2.017173e-03
-2.101735e-03
-2.724044e-03
-3.785609e-03
-4.924505e-03
-5.786620e-03
-6.205924e-03
-6.303206e-03
-5.993427e-03
-5.385877e-03
-4.862232e-03
-4.453954e-03
-4.034471e-03
-3.558231e-03
-3.096728e-03
-2.640913e-03
-2.065856e-03
-1.473668e-03
-1.050008e-03
-8.936334e-04
-1.014191e-03
-1.377680e-03
-2.037304e-03
-2.837501e-03
-3.511915e-03
-3.963918e-03
-4.106370e-03
-3.987191e-03
-3.683119e-03
-3.225443e-03
-2.810308e-03
-2.635007e-03
-2.630698e-03
-2.523959e-03
-2.157706e-03
-1.513707e-03
-6.680948e-04
9.389618e-05
5.017524e-04
5.487541e-04
1.906773e-04
-6.374186e-04
-1.564492e-03
-2.267697e-03
-2.842555e-03
-3.184218e-03
-3.087481e-03
-2.855714e-03
-2.792338e-03
-2.623191e-03
-2.304638e-03
-2.201880e-03
-2.269566e-03
-2.359130e-03
-2.520800e-03
-2.808133e-03
-3.297935e-03
-3.835265e-03
-4.170482e-03
-4.280720e-03
-4.123006e-03
-3.632420e-03
-2.965996e-03
-2.256094e-03
-1.656268e-03
-1.550065e-03
-2.118957e-03
-3.057593e-03
-3.761807e-03
-3.941199e-03
-3.895068e-03
-3.835881e-03
-3.730214e-03
-3.622245e-03
-3.528952e-03
-3.503665e-03
-3.628960e-03
-3.744991e-03
-3.579557e-03
-3.069330e-03
-2.420219e-03
-1.879052e-03
-1.568983e-03
-1.574225e-03
-1.916302e-03
-2.473965e-03
-3.024713e-03
-3.408133e-03
-3.609617e-03
-3.587210e-03
-3.391847e-03
-3.197577e-03
-3.013248e-03
-2.942162e-03
-2.966623e-03
-2.788392e-03
-2.525633e-03
-2.374820e-03
-2.318556e-03
-2.354364e-03
-2.281859e-03
-2.085972e-03
-2.056017e-03
-2.309589e-03
-2.668658e-03
-3.014673e-03
-3.471266e-03
-3.866852e-03
-4.038509e-03
-4.193331e-03
-4.337949e-03
-4.410251e-03
-4.227607e-03
-3.687670e-03
-3.255495e-03
-3.116139e-03
-2.978613e-03
-2.733039e-03
-2.495568e-03
-2.352207e-03
-2.369957e-03
-2.683098e-03
-3.140582e-03
-3.414241e-03
-3.516892e-03
-3.582990e-03
-3.640871e-03
-3.775668e-03
-3.966368e-03
-4.164613e-03
-4.365679e-03
-4.461783e-03
-4.559635e-03
-4.861764e-03
-5.239990e-03
-5.372406e-03
-5.112521e-03
-4.693663e-03
-4.362082e-03
-4.069751e-03
-3.741452e-03
-3.426979e-03
-3.246500e-03
-3.206579e-03
-3.304106e-03
-3.619821e-03
-3.920824e-03
-3.927923e-03
-3.857155e-03
-3.982912e-03
-4.093346e-03
-3.989649e-03
-3.879057e-03
-3.880230e-03
-3.899895e-03
-3.955362e-03
-4.152798e-03
-4.332169e-03
-4.271172e-03
-4.183277e-03
-4.224318e-03
-4.129101e-03
-3.819903e-03
-3.580439e-03
-3.408900e-03
-3.024311e-03
-2.596192e-03
-2.535519e-03
-2.755851e-03
-2.997877e-03
-3.422240e-03
-4.019715e-03
-4.394917e-03
-4.438672e-03
-4.213686e-03
-3.810020e-03
-3.417851e-03
-3.157378e-03
-3.190278e-03
-3.544529e-03
-3.943572e-03
-4.172126e-03
-4.209664e-03
-4.082687e-03
-3.795669e-03
-3.420715e-03
-3.176782e-03
-3.163300e-03
-3.374687e-03
-3.839834e-03
-4.367906e-03
-4.726516e-03
-4.809524e-03
-4.632267e-03
-4.348580e-03
-4.059775e-03
-3.899662e-03
-3.838974e-03
-3.732743e-03
-3.711447e-03
-3.918321e-03
-4.294781e-03
-4.650958e-03
-4.903224e-03
-5.072000e-03
-5.095367e-03
-5.011007e-03
-4.936916e-03
-4.832197e-03
-4.604213e-03
-4.390974e-03
-4.354685e-03
-4.441766e-03
-4.566784e-03
-4.630056e-03
-4.625704e-03
-4.650772e-03
-4.610039e-03
-4.483668e-03
-4.446886e-03
-4.468598e-03
-4.467070e-03
-4.520478e-03
-4.666905e-03
-4.814921e-03
-4.841012e-03
-4.733286e-03
-4.588545e-03
-4.579611e-03
-4.778438e-03
-5.101501e-03
-5.531279e-03
-5.917683e-03
-6.040017e-03
-5.879152e-03
-5.485512e-03
-5.036320e-03
-4.669274e-03
-4.353926e-03
-4.212996e-03
-4.371509e-03
-4.768385e-03
-5.247919e-03
-5.649960e-03
-5.949110e-03
-6.106783e-03
-6.090847e-03
-5.990455e-03
-5.861057e-03
-5.737774e-03
-5.591871e-03
-5.391215e-03
-5.238334e-03
-5.168025e-03
-5.127306e-03
-5.100996e-03
-5.033874e-03
-4.851037e-03
-4.524816e-03
-4.116552e-03
-3.777143e-03
-3.588565e-03
-3.544207e-03
-3.565830e-03
-3.573232e-03
-3.585761e-03
-3.646625e-03
-3.884856e-03
-4.275393e-03
-4.566103e-03
-4.811957e-03
-5.166259e-03
-5.496784e-03
-5.651580e-03
-5.633652e-03
-5.530364e-03
-5.442583e-03
-5.437071e-03
-5.470134e-03
-5.503859e-03
-5.566991e-03
-5.530414e-03
-5.349096e-03
-5.225844e-03
-5.162845e-03
-5.025539e-03
-4.772916e-03
-4.409404e-03
-4.072819e-03
-3.843517e-03
-3.715627e-03
-3.804252e-03
-4.146965e-03
-4.601906e-03
-5.008547e-03
-5.304627e-03
-5.477981e-03
-5.509688e-03
-5.400785e-03
-5.116311e-03
-4.715621e-03
-4.429704e-03
-4.401471e-03
-4.521552e-03
-4.604350e-03
-4.668225e-03
-4.756460e-03
-4.722325e-03
-4.516180e-03
-4.227271e-03
-3.963517e-03
-3.841154e-03
-3.862185e-03
-3.992336e-03
-4.138010e-03
-4.124310e-03
-3.943200e-03
-3.777243e-03
-3.763239e-03
-3.797601e-03
-3.806562e-03
-3.898530e-03
-4.082219e-03
-4.261697e-03
-4.318778e-03
-4.271082e-03
-4.267785e-03
-4.282914e-03
-4.246107e-03
-4.111483e-03
-3.912232e-03
-3.843998e-03
-3.857667e-03
-3.780386e-03
-3.671227e-03
-3.616797e-03
-3.568121e-03
-3.506693e-03
-3.534172e-03
-3.636542e-03
-3.694171e-03
-3.664670e-03
-3.535494e-03
-3.312191e-03
-3.064795e-03
-2.853321e-03
-2.695253e-03
-2.639522e-03
-2.697597e-03
-2.830027e-03
-3.038052e-03
-3.250611e-03
-3.337801e-03
-3.316685e-03
-3.292684e-03
-3.274766e-03
-3.220664e-03
-3.144343e-03
-3.157450e-03
-3.288336e-03
-3.321130e-03
-3.200082e-03
-3.136452e-03
-3.149138e-03
-3.103187e-03
-2.953815e-03
-2.689981e-03
-2.371168e-03
-2.148158e-03
-2.052756e-03
-2.030338e-03
-2.090861e-03
-2.190143e-03
-2.219371e-03
-2.108344e-03
-1.880882e-03
-1.618170e-03
-1.387927e-03
-1.302010e-03
-1.465803e-03
-1.790597e-03
-2.029429e-03
-2.039839e-03
-1.859287e-03
-1.603918e-03
-1.372058e-03
-1.185518e-03
-1.092980e-03
-1.191005e-03
-1.499452e-03
-1.834095e-03
-1.929522e-03
-1.762567e-03
-1.430415e-03
-9.847445e-04
-5.717698e-04
-3.697219e-04
-4.441835e-04
-7.179032e-04
-1.049460e-03
-1.263448e-03
-1.157731e-03
-7.546331e-04
-2.722581e-04
9.664733e-05
1.665622e-04
-5.528057e-05
-3.607308e-04
-6.209132e-04
-8.155137e-04
-9.268812e-04
-8.629021e-04
-5.694790e-04
-1.398309e-04
2.096689e-04
2.758605e-04
9.501413e-05
-1.539590e-04
-3.442040e-04
-4.526593e-04
-5.108001e-04
-5.338897e-04
-5.890971e-04
-6.998265e-04
-8.117538e-04
-9.269151e-04
-1.032333e-03
-1.014633e-03
-7.899603e-04
-3.747305e-04
1.588174e-04
6.331713e-04
9.281640e-04
1.028191e-03
9.313627e-04
7.856328e-04
7.362958e-04
8.094953e-04
9.888306e-04
1.222550e-03
1.447962e-03
1.557689e-03
1.503708e-03
1.307727e-03
1.039009e-03
8.476686e-04
8.201808e-04
9.524800e-04
1.159008e-03
1.326934e-03
1.404205e-03
1.358134e-03
1.191486e-03
9.770502e-04
8.211407e-04
8.366758e-04
1.054485e-03
1.418108e-03
1.863021e-03
2.279129e-03
2.521258e-03
2.485959e-03
2.227382e-03
1.872901e-03
1.493071e-03
1.234045e-03
1.208840e-03
1.433223e-03
1.856086e-03
2.256998e-03
2.427279e-03
2.352734e-03
2.173909e-03
1.995628e-03
1.835535e-03
1.778791e-03
1.940477e-03
2.239554e-03
2.454096e-03
2.507484e-03
2.432147e-03
2.260314e-03
2.076949e-03
1.990957e-03
2.011885e-03
2.096254e-03
2.203246e-03
2.225092e-03
2.093425e-03
1.828097e-03
1.498881e-03
1.156352e-03
8.201524e-04
6.030655e-04
5.486564e-04
6.065478e-04
7.950400e-04
1.052646e-03
1.267607e-03
1.413179e-03
1.488342e-03
1.593263e-03
1.812751e-03
2.033657e-03
2.189044e-03
2.338675e-03
2.529618e-03
2.714114e-03
2.774904e-03
2.709847e-03
2.578220e-03
2.416944e-03
2.310038e-03
2.315789e-03
2.341958e-03
2.266226e-03
2.113569e-03
1.944223e-03
1.756632e-03
1.568867e-03
1.439194e-03
1.408837e-03
1.504177e-03
1.723405e-03
1.976325e-03
2.203123e-03
2.377267e-03
2.410162e-03
2.307192e-03
2.161365e-03
2.011341e-03
1.887939e-03
1.808109e-03
1.732159e-03
1.627501e-03
1.519664e-03
1.452966e-03
1.456446e-03
1.515038e-03
1.574120e-03
1.642984e-03
1.773580e-03
2.019401e-03
2.299557e-03
2.422272e-03
2.452899e-03
2.544382e-03
2.695685e-03
2.867141e-03
2.989661e-03
3.045673e-03
3.070704e-03
3.051500e-03
2.923778e-03
2.683843e-03
2.453174e-03
2.319914e-03
2.256941e-03
2.234491e-03
2.269387e-03
2.395654e-03
2.600228e-03
2.791751e-03
2.912955e-03
2.963152e-03
2.941123e-03
2.861285e-03
2.718801e-03
2.487310e-03
2.217702e-03
2.012287e-03
1.831453e-03
1.541345e-03
1.227371e-03
1.084099e-03
1.152179e-03
1.366656e-03
1.548164e-03
1.624403e-03
1.727069e-03
1.889906e-03
2.042647e-03
2.105778e-03
2.103814e-03
2.189833e-03
2.397928e-03
2.585625e-03
2.662476e-03
2.672438e-03
2.632590e-03
2.545906e-03
2.447719e-03
2.348589e-03
2.272133e-03
2.272473e-03
2.361527e-03
2.473121e-03
2.597076e-03
2.730766e-03
2.816636e-03
2.862971e-03
2.858071e-03
2.822525e-03
2.849079e-03
2.922579e-03
2.981431e-03
3.021749e-03
3.030788e-03
2.919207e-03
2.673565e-03
2.415433e-03
2.206853e-03
2.068102e-03
2.037147e-03
2.098741e-03
2.203626e-03
2.303989e-03
2.365312e-03
2.368554e-03
2.363710e-03
2.400352e-03
2.451330e-03
2.523593e-03
2.608402e-03
2.657704e-03
2.665328e-03
2.663122e-03
2.650829e-03
2.610301e-03
2.636073e-03
2.687415e-03
2.641900e-03
2.614819e-03
2.630852e-03
2.574778e-03
2.463643e-03
2.371771e-03
2.343994e-03
2.405822e-03
2.541274e-03
2.669555e-03
2.747958e-03
2.839053e-03
2.964434e-03
3.111047e-03
3.332576e-03
3.616912e-03
3.878671e-03
4.072319e-03
4.175191e-03
4.152137e-03
4.018246e-03
3.838644e-03
3.651393e-03
3.517584e-03
3.462470e-03
3.480026e-03
3.615630e-03
3.856081e-03
4.081484e-03
4.186884e-03
4.206371e-03
4.198587e-03
4.152417e-03
4.033808e-03
3.849511e-03
3.698995e-03
3.655761e-03
3.721008e-03
3.851223e-03
3.957385e-03
4.050386e-03
4.217915e-03
4.412305e-03
4.564438e-03
4.688135e-03
4.754687e-03
4.748247e-03
4.714752e-03
4.706815e-03
4.746255e-03
4.864838e-03
5.035597e-03
5.082200e-03
4.908605e-03
4.626470e-03
4.432656e-03
4.413423e-03
4.518627e-03
4.720401e-03
4.945606e-03
5.079308e-03
5.076769e-03
4.945359e-03
4.707247e-03
4.374964e-03
4.070685e-03
4.015467e-03
4.269887e-03
4.632399e-03
4.832151e-03
4.774976e-03
4.546005e-03
4.296455e-03
4.103482e-03
3.946158e-03
3.854069e-03
3.908335e-03
4.125708e-03
4.371221e-03
4.455070e-03
4.343894e-03
4.183856e-03
4.066032e-03
3.975395e-03
3.929188e-03
3.967517e-03
4.120290e-03
4.292143e-03
4.377380e-03
4.400546e-03
4.376788e-03
4.353575e-03
4.398822e-03
4.520367e-03
4.715837e-03
4.980499e-03
5.255285e-03
5.391663e-03
5.331598e-03
5.147955e-03
4.929290e-03
4.793372e-03
4.798312e-03
4.902244e-03
5.012039e-03
5.086536e-03
5.106100e-03
4.999062e-03
4.776585e-03
4.533987e-03
4.358584e-03
4.256152e-03
4.180796e-03
4.197713e-03
4.387773e-03
4.655217e-03
4.833070e-03
4.874115e-03
4.877701e-03
4.939186e-03
5.006094e-03
5.057609e-03
5.154755e-03
5.271889e-03
5.352145e-03
5.364251e-03
5.341236e-03
5.321699e-03
5.232247e-03
5.017259e-03
4.711852e-03
4.455054e-03
4.368148e-03
4.352205e-03
4.321220e-03
4.305907e-03
4.354139e-03
4.462055e-03
4.545415e-03
4.579879e-03
4.534927e-03
4.434860e-03
4.377350e-03
4.374197e-03
4.375824e-03
4.338952e-03
4.312754e-03
4.319314e-03
4.335071e-03
4.338194e-03
4.293383e-03
4.258008e-03
4.257467e-03
4.294192e-03
4.406686e-03
4.517340e-03
4.541615e-03
4.523445e-03
4.532054e-03
4.555451e-03
4.542862e-03
4.486293e-03
4.418497e-03
4.388924e-03
4.370701e-03
4.290538e-03
4.202607e-03
4.209444e-03
4.287669e-03
4.374974e-03
4.444173e-03
4.457586e-03
4.451480e-03
4.468617e-03
4.443253e-03
4.358885e-03
4.260066e-03
4.161882e-03
4.072720e-03
3.998599e-03
3.957723e-03
3.948567e-03
4.000442e-03
4.162634e-03
4.314895e-03
4.347702e-03
4.339877e-03
4.297670e-03
4.166215e-03
3.981619e-03
3.760846e-03
3.532531e-03
3.385156e-03
3.345815e-03
3.372450e-03
3.422821e-03
3.469323e-03
3.525078e-03
3.627043e-03
3.748240e-03
3.812532e-03
3.792539e-03
3.715051e-03
3.631743e-03
3.603326e-03
3.593538e-03
3.475457e-03
3.302668e-03
3.218301e-03
3.224425e-03
3.271496e-03
3.274401e-03
3.204552e-03
3.100584e-03
2.963092e-03
2.817508e-03
2.685000e-03
2.569033e-03
2.469646e-03
2.319995e-03
2.112422e-03
1.956203e-03
1.886954e-03
1.900338e-03
2.040116e-03
2.277839e-03
2.538964e-03
2.742045e-03
2.810940e-03
2.735154e-03
2.535890e-03
2.331646e-03
2.236722e-03
2.161531e-03
2.077770e-03
2.070944e-03
2.097257e-03
2.098479e-03
2.012245e-03
1.818780e-03
1.618386e-03
1.426228e-03
1.211305e-03
9.840357e-04
7.840669e-04
6.573852e-04
5.934196e-04
5.901570e-04
6.054375e-04
5.660385e-04
5.217755e-04
5.404274e-04
5.928740e-04
6.829004e-04
7.955646e-04
8.548935e-04
8.406387e-04
7.440419e-04
6.229850e-04
5.250860e-04
4.258962e-04
3.808943e-04
3.954190e-04
4.486817e-04
5.239724e-04
5.560757e-04
6.014525e-04
6.889775e-04
7.386400e-04
7.273065e-04
6.327488e-04
4.932663e-04
3.713544e-04
2.571268e-04
1.855308e-04
1.297786e-04
5.188944e-05
-6.641704e-06
-8.628591e-05
-2.172976e-04
-3.697798e-04
-4.915734e-04
-5.735884e-04
-6.618689e-04
-7.414197e-04
-7.805096e-04
-7.673246e-04
-7.327631e-04
-7.054667e-04
-6.854074e-04
-6.624723e-04
-6.489266e-04
-6.819568e-04
-7.699555e-04
-9.111257e-04
-1.007486e-03
-9.866417e-04
-8.941748e-04
-7.494043e-04
-5.660999e-04
-3.763310e-04
-2.295537e-04
-1.686708e-04
-2.124176e-04
-3.264123e-04
-4.552192e-04
-5.961096e-04
-7.511536e-04
-8.994246e-04
-1.012153e-03
-1.101132e-03
-1.199292e-03
-1.306358e-03
-1.378178e-03
-1.342609e-03
-1.200580e-03
-1.052790e-03
-9.968173e-04
-1.043876e-03
-1.143978e-03
-1.271506e-03
-1.468178e-03
-1.728312e-03
-1.933259e-03
-1.992829e-03
-1.918421e-03
-1.787713e-03
-1.662774e-03
-1.592162e-03
-1.593489e-03
-1.572070e-03
-1.489367e-03
-1.413306e-03
-1.363180e-03
-1.323811e-03
-1.293817e-03
-1.291360e-03
-1.356367e-03
-1.501879e-03
-1.683870e-03
-1.818931e-03
-1.876980e-03
-1.936222e-03
-2.031612e-03
-2.100730e-03
-2.110348e-03
-2.096133e-03
-2.106929e-03
-2.120396e-03
-2.122369e-03
-2.137753e-03
-2.137037e-03
-2.092503e-03
-2.050308e-03
-2.068352e-03
-2.143977e-03
-2.263645e-03
-2.397899e-03
-2.511521e-03
-2.588168e-03
-2.592731e-03
-2.533911e-03
-2.491527e-03
-2.550158e-03
-2.673945e-03
-2.772697e-03
-2.875486e-03
-3.004977e-03
-3.093397e-03
-3.099763e-03
-3.073362e-03
-3.088942e-03
-3.140825e-03
-3.220984e-03
-3.324622e-03
-3.395725e-03
-3.456612e-03
-3.545018e-03
-3.574777e-03
-3.478481e-03
-3.325504e-03
-3.183874e-03
-3.060148e-03
-3.007495e-03
-3.046675e-03
-3.113638e-03
-3.164761e-03
-3.218417e-03
-3.254643e-03
-3.215927e-03
-3.178023e-03
-3.192479e-03
-3.277475e-03
-3.503275e-03
-3.744157e-03
-3.844987e-03
-3.805586e-03
-3.724076e-03
-3.688491e-03
-3.671184e-03
-3.736324e-03
-3.938771e-03
-4.217666e-03
-4.520792e-03
-4.709124e-03
-4.725017e-03
-4.606358e-03
-4.368480e-03
-4.111231e-03
-3.924869e-03
-3.876676e-03
-3.980565e-03
-4.168059e-03
-4.399463e-03
-4.596970e-03
-4.704143e-03
-4.726419e-03
-4.685708e-03
-4.669270e-03
-4.696147e-03
-4.752434e-03
-4.865993e-03
-5.001047e-03
-5.110750e-03
-5.135009e-03
-5.047163e-03
-4.903437e-03
-4.753891e-03
-4.605960e-03
-4.472319e-03
-4.403836e-03
-4.383494e-03
-4.331300e-03
-4.191895e-03
-4.004253e-03
-3.855992e-03
-3.755844e-03
-3.719311e-03
-3.739040e-03
-3.792885e-03
-3.899754e-03
-4.010882e-03
-4.074047e-03
-4.075622e-03
-4.028877e-03
-3.944486e-03
-3.824299e-03
-3.720586e-03
-3.674553e-03
-3.713701e-03
-3.829550e-03
-3.922863e-03
-3.916745e-03
-3.830352e-03
-3.736934e-03
-3.692218e-03
-3.697221e-03
-3.738422e-03
-3.848291e-03
-4.022612e-03
-4.133844e-03
-4.098231e-03
-3.967689e-03
-3.818857e-03
-3.698572e-03
-3.642688e-03
-3.651140e-03
-3.693286e-03
-3.780531e-03
-3.852566e-03
-3.788887e-03
-3.575834e-03
-3.269384e-03
-2.997339e-03
-2.879985e-03
-2.900625e-03
-2.989352e-03
-3.110412e-03
-3.191967e-03
-3.157647e-03
-3.042981e-03
-2.915195e-03
-2.829354e-03
-2.818934e-03
-2.870883e-03
-2.936355e-03
-2.954167e-03
-2.930064e-03
-2.817001e-03
-2.547685e-03
-2.236273e-03
-2.025525e-03
-1.980671e-03
-2.082494e-03
-2.230382e-03
-2.383987e-03
-2.535975e-03
-2.610383e-03
-2.499562e-03
-2.257565e-03
-2.067415e-03
-1.944792e-03
-1.874608e-03
-1.876457e-03
-1.877046e-03
-1.900416e-03
-1.958294e-03
-1.974547e-03
-1.999793e-03
-2.079987e-03
-2.130906e-03
-2.091788e-03
-1.998969e-03
-1.900933e-03
-1.785761e-03
-1.661096e-03
-1.602027e-03
-1.605113e-03
-1.623442e-03
-1.620736e-03
-1.536606e-03
-1.436091e-03
-1.412417e-03
-1.406342e-03
-1.367477e-03
-1.372418e-03
-1.470987e-03
-1.588546e-03
-1.673777e-03
-1.733271e-03
-1.759726e-03
-1.783789e-03
-1.823801e-03
-1.813277e-03
-1.750190e-03
-1.756797e-03
-1.857352e-03
-1.935657e-03
-1.945330e-03
-1.904472e-03
-1.834658e-03
-1.790582e-03
-1.808889e-03
-1.850776e-03
-1.850245e-03
-1.856524e-03
-1.895396e-03
-1.887475e-03
-1.874679e-03
-1.866637e-03
-1.772277e-03
-1.607575e-03
-1.437052e-03
-1.282519e-03
-1.187491e-03
-1.187872e-03
-1.194758e-03
-1.163819e-03
-1.210232e-03
-1.359526e-03
-1.495922e-03
-1.532608e-03
-1.475142e-03
-1.405040e-03
-1.427206e-03
-1.552652e-03
-1.689888e-03
-1.822132e-03
-1.983296e-03
-2.075130e-03
-1.968847e-03
-1.711403e-03
-1.506240e-03
-1.464450e-03
-1.564494e-03
-1.780879e-03
-1.974258e-03
-2.078797e-03
-2.178123e-03
-2.225998e-03
-2.175458e-03
-2.037497e-03
-1.845233e-03
-1.689500e-03
-1.625012e-03
-1.624606e-03
-1.579066e-03
-1.478073e-03
-1.403147e-03
-1.359270e-03
-1.347070e-03
-1.324310e-03
-1.221444e-03
-1.077288e-03
-9.506674e-04
-8.385344e-04
-7.459593e-04
-7.165540e-04
-7.736319e-04
-9.027827e-04
-1.044708e-03
-1.135415e-03
-1.192667e-03
-1.223851e-03
-1.230318e-03
-1.259319e-03
-1.325492e-03
-1.411425e-03
-1.494220e-03
-1.557529e-03
-1.546838e-03
-1.437744e-03
-1.278765e-03
-1.084236e-03
-9.018574e-04
-8.096996e-04
-8.131768e-04
-8.671227e-04
-9.472833e-04
-1.004677e-03
-9.729579e-04
-8.914660e-04
-7.914087e-04
-6.601669e-04
-5.790187e-04
-5.947278e-04
-6.541011e-04
-7.565631e-04
-8.828677e-04
-9.237786e-04
-8.663407e-04
-7.785964e-04
-6.309559e-04
-4.149207e-04
-2.789735e-04
-2.523192e-04
-2.203738e-04
-1.851285e-04
-1.430027e-04
-6.755599e-05
1.115383e-05
1.195230e-04
2.786726e-04
4.033063e-04
4.272177e-04
4.187895e-04
4.447509e-04
4.785997e-04
4.584030e-04
3.760490e-04
3.245359e-04
3.996883e-04
5.842697e-04
7.599032e-04
8.741715e-04
9.499672e-04
9.764601e-04
9.356717e-04
8.463924e-04
7.666499e-04
7.350107e-04
7.733093e-04
8.457949e-04
8.337621e-04
6.892608e-04
4.674582e-04
2.686070e-04
1.751451e-04
1.928298e-04
3.132658e-04
5.213417e-04
7.448876e-04
8.593734e-04
8.354457e-04
7.795294e-04
7.041482e-04
6.304351e-04
6.637030e-04
7.823910e-04
9.181572e-04
1.048391e-03
1.124159e-03
1.092718e-03
1.005500e-03
9.507543e-04
9.391262e-04
9.773009e-04
1.076395e-03
1.229687e-03
1.418614e-03
1.578735e-03
1.651760e-03
1.658714e-03
1.662768e-03
1.693890e-03
1.766375e-03
1.882141e-03
1.994199e-03
2.072368e-03
2.091218e-03
2.025385e-03
1.904959e-03
1.754954e-03
1.619006e-03
1.560940e-03
1.580067e-03
1.653874e-03
1.749939e-03
1.804876e-03
1.790673e-03
1.710287e-03
1.627364e-03
1.611555e-03
1.631322e-03
1.668589e-03
1.692515e-03
1.679448e-03
1.656035e-03
1.562170e-03
1.367585e-03
1.157105e-03
1.047915e-03
1.071198e-03
1.107274e-03
1.089116e-03
1.041919e-03
1.016969e-03
1.057865e-03
1.070968e-03
1.020106e-03
9.571044e-04
8.764318e-04
8.049289e-04
7.487976e-04
7.143674e-04
7.484566e-04
8.488666e-04
9.524764e-04
1.015548e-03
1.065672e-03
1.096029e-03
1.097714e-03
1.109462e-03
1.155763e-03
1.242130e-03
1.376731e-03
1.540927e-03
1.643523e-03
1.644785e-03
1.553975e-03
1.419508e-03
1.338008e-03
1.327605e-03
1.379338e-03
1.452409e-03
1.518041e-03
1.571466e-03
1.554448e-03
1.502655e-03
1.475005e-03
1.468545e-03
1.485585e-03
1.494473e-03
1.466111e-03
1.399579e-03
1.300575e-03
1.208375e-03
1.163115e-03
1.127356e-03
1.079147e-03
1.094602e-03
1.239149e-03
1.473808e-03
1.653355e-03
1.693529e-03
1.671176e-03
1.639658e-03
1.599270e-03
1.580365e-03
1.584660e-03
1.616276e-03
1.683906e-03
1.768492e-03
1.813584e-03
1.758724e-03
1.652285e-03
1.581062e-03
1.594542e-03
1.676107e-03
1.732224e-03
1.710408e-03
1.662693e-03
1.611544e-03
1.499080e-03
1.355795e-03
1.277557e-03
1.287726e-03
1.311958e-03
1.327967e-03
1.430080e-03
1.587338e-03
1.706857e-03
1.767140e-03
1.740818e-03
1.683569e-03
1.651964e-03
1.624896e-03
1.600238e-03
1.573359e-03
1.545479e-03
1.504623e-03
1.411737e-03
1.302199e-03
1.195345e-03
1.067154e-03
9.702976e-04
9.440204e-04
9.989473e-04
1.140907e-03
1.329434e-03
1.492735e-03
1.580025e-03
1.614890e-03
1.619515e-03
1.560630e-03
1.438810e-03
1.310573e-03
1.211188e-03
1.199507e-03
1.239961e-03
1.225378e-03
1.196702e-03
1.140100e-03
1.006648e-03
8.507560e-04
7.693283e-04
8.265976e-04
9.542924e-04
1.092704e-03
1.254158e-03
1.386232e-03
1.398833e-03
1.237344e-03
9.214983e-04
6.264360e-04
4.345593e-04
2.721880e-04
1.776590e-04
1.642148e-04
2.189232e-04
3.228446e-04
4.039409e-04
4.929585e-04
5.962573e-04
6.946317e-04
7.562105e-04
6.928566e-04
5.399515e-04
3.730574e-04
2.409451e-04
1.861735e-04
1.929876e-04
2.045145e-04
1.967745e-04
2.162717e-04
2.477335e-04
2.833364e-04
3.237979e-04
3.202249e-04
3.361395e-04
3.771584e-04
3.667866e-04
2.948055e-04
1.930206e-04
1.377489e-04
1.215875e-04
1.365655e-04
1.883033e-04
1.848777e-04
1.283872e-04
1.970583e-05
-1.843561e-04
-3.557167e-04
-3.838112e-04
-2.729225e-04
-5.300962e-05
1.897433e-04
3.993631e-04
5.138754e-04
4.503544e-04
2.676223e-04
6.516920e-05
-8.559172e-05
-1.413412e-04
-1.782522e-04
-2.092636e-04
-1.959530e-04
-1.994203e-04
-2.270397e-04
-2.252830e-04
-1.674750e-04
-5.572138e-05
6.689842e-05
1.525392e-04
1.978233e-04
2.212106e-04
2.101563e-04
1.555415e-04
1.046500e-04
1.260190e-04
1.953289e-04
2.632250e-04
3.146044e-04
3.293804e-04
3.697830e-04
4.345151e-04
4.280435e-04
3.696758e-04
2.859598e-04
1.727345e-04
1.155322e-04
1.476195e-04
1.645120e-04
1.416400e-04
1.319079e-04
1.403297e-04
1.767710e-04
2.370009e-04
2.865667e-04
2.989720e-04
3.262234e-04
3.944798e-04
3.938828e-04
3.000188e-04
1.891042e-04
1.119359e-04
1.316436e-04
2.326401e-04
2.836559e-04
2.142940e-04
9.160064e-05
-2.004398e-05
-1.408500e-04
-2.607876e-04
-3.106460e-04
-2.824630e-04
-2.207749e-04
-1.423878e-04
-9.656972e-05
-1.479221e-04
-2.340662e-04
-3.170732e-04
-4.147833e-04
-4.892824e-04
-4.898391e-04
-3.848703e-04
-2.744573e-04
-2.016591e-04
-1.466504e-04
-1.954092e-04
-3.349796e-04
-4.426380e-04
-4.751643e-04
-4.809070e-04
-4.153066e-04
-3.071562e-04
-2.775272e-04
-2.564479e-04
-1.953992e-04
-1.430848e-04
-1.363195e-04
-1.386701e-04
-1.104746e-04
-1.005759e-04
-7.649197e-05
-4.533173e-05
-5.494802e-05
-6.960285e-05
-1.005193e-04
-1.428249e-04
-1.641063e-04
-1.286173e-04
-4.240181e-05
3.540557e-05
1.409811e-04
2.293333e-04
1.686884e-04
2.657618e-05
-6.455009e-05
-8.108077e-05
-5.422675e-05
6.347402e-06
1.220661e-04
2.607600e-04
3.568629e-04
3.577681e-04
2.585032e-04
1.643209e-04
1.624839e-04
2.041916e-04
2.455977e-04
2.987081e-04
3.335831e-04
3.447003e-04
3.383018e-04
2.573515e-04
1.075111e-04
-2.310190e-05
-9.318977e-05
-1.182595e-04
-1.410211e-04
-1.555964e-04
-1.081646e-04
-4.404523e-05
-1.511975e-05
-2.635500e-05
-6.370972e-05
-5.173699e-05
2.801134e-05
1.544834e-04
2.963822e-04
4.106495e-04
4.755001e-04
4.249574e-04
3.189048e-04
2.873871e-04
2.696091e-04
2.166436e-04
2.114142e-04
2.694656e-04
2.904014e-04
2.052114e-04
6.277831e-05
-3.867760e-05
-3.905411e-05
6.195601e-05
1.910169e-04
3.000979e-04
4.731824e-04
6.827239e-04
7.824120e-04
7.861482e-04
7.911705e-04
8.582548e-04
9.312485e-04
9.480294e-04
9.483578e-04
9.663146e-04
1.038501e-03
1.122659e-03
1.152598e-03
1.157266e-03
1.171649e-03
1.204612e-03
1.219062e-03
1.192078e-03
1.153724e-03
1.115955e-03
1.091857e-03
1.127409e-03
1.205551e-03
1.280697e-03
1.381734e-03
1.491483e-03
1.527629e-03
1.456022e-03
1.362692e-03
1.305433e-03
1.258024e-03
1.284639e-03
1.358061e-03
1.439164e-03
1.598634e-03
1.769451e-03
1.872400e-03
1.906646e-03
1.896938e-03
1.863212e-03
1.825327e-03
1.828082e-03
1.809901e-03
1.736010e-03
1.673894e-03
1.626493e-03
1.543606e-03
1.376332e-03
1.161118e-03
9.548199e-04
7.902962e-04
7.119205e-04
6.686315e-04
6.434083e-04
6.631477e-04
6.903183e-04
6.999382e-04
6.453160e-04
6.022926e-04
6.642182e-04
7.452726e-04
8.351350e-04
9.549543e-04
1.091531e-03
1.251054e-03
1.378574e-03
1.474623e-03
1.605081e-03
1.792895e-03
2.011356e-03
2.178021e-03
2.271286e-03
2.354151e-03
2.355914e-03
2.209833e-03
1.964438e-03
1.639053e-03
1.305347e-03
1.016987e-03
8.276043e-04
7.822729e-04
8.117925e-04
9.082920e-04
1.018989e-03
1.050763e-03
1.062224e-03
1.068337e-03
1.095554e-03
1.220396e-03
1.340274e-03
1.405874e-03
1.459926e-03
1.490137e-03
1.490617e-03
1.429642e-03
1.377914e-03
1.402731e-03
1.473453e-03
1.591377e-03
1.646235e-03
1.596572e-03
1.555162e-03
1.479019e-03
1.334354e-03
1.173958e-03
9.968133e-04
8.713118e-04
8.149206e-04
7.625395e-04
7.176652e-04
6.466253e-04
5.568917e-04
5.061008e-04
4.281775e-04
2.958923e-04
1.511756e-04
9.994976e-06
-7.557653e-05
-7.914443e-05
2.443659e-05
2.263545e-04
3.950423e-04
5.303125e-04
6.859494e-04
7.764435e-04
7.709134e-04
6.734284e-04
5.410624e-04
5.026497e-04
5.882102e-04
7.627003e-04
9.823291e-04
1.191909e-03
1.330687e-03
1.346632e-03
1.253536e-03
1.107246e-03
8.872344e-04
6.353472e-04
5.030432e-04
5.177339e-04
7.083738e-04
9.994383e-04
1.205919e-03
1.359913e-03
1.464549e-03
1.521963e-03
1.541757e-03
1.452584e-03
1.372868e-03
1.347710e-03
1.308984e-03
1.224191e-03
1.028934e-03
8.085823e-04
6.305004e-04
5.061407e-04
4.716901e-04
4.454874e-04
4.349678e-04
4.940688e-04
5.758783e-04
6.527673e-04
6.766088e-04
6.440287e-04
6.023524e-04
5.245792e-04
4.208060e-04
3.757202e-04
4.497011e-04
6.197206e-04
7.547867e-04
7.895237e-04
7.857665e-04
7.656257e-04
6.417242e-04
3.771118e-04
7.384648e-05
-1.339035e-04
-1.379787e-04
-9.174341e-06
1.035817e-04
1.696863e-04
2.333640e-04
3.006263e-04
2.916985e-04
2.502420e-04
2.111211e-04
1.779532e-04
2.591707e-04
4.130539e-04
5.094748e-04
5.048379e-04
3.843358e-04
1.838209e-04
1.533653e-05
-6.730116e-05
-3.616650e-05
1.616908e-04
4.511321e-04
7.203616e-04
9.075899e-04
9.902233e-04
9.819483e-04
8.624689e-04
6.908850e-04
5.857570e-04
5.641840e-04
5.786989e-04
6.086086e-04
6.895021e-04
7.948235e-04
8.279832e-04
8.156510e-04
8.485759e-04
9.098512e-04
9.070984e-04
7.759926e-04
5.817734e-04
4.444376e-04
3.622143e-04
3.004800e-04
2.943618e-04
3.570420e-04
4.375516e-04
4.929867e-04
5.350471e-04
5.494948e-04
5.048943e-04
4.437738e-04
4.165180e-04
4.090655e-04
3.934132e-04
3.748748e-04
3.553137e-04
3.236035e-04
2.454562e-04
9.935772e-05
-4.855908e-05
-1.523466e-04
-2.020336e-04
-1.788758e-04
-1.487429e-04
-1.709905e-04
-1.988609e-04
-1.770871e-04
-1.408359e-04
-1.256545e-04
-7.150919e-05
6.195977e-05
1.978777e-04
2.861673e-04
3.727076e-04
4.248043e-04
4.234514e-04
4.102632e-04
3.668692e-04
2.986135e-04
2.319345e-04
1.810170e-04
1.449598e-04
1.065259e-04
3.633092e-05
-8.084093e-05
-1.936136e-04
-2.487507e-04
-2.282398e-04
-1.745246e-04
-1.569691e-04
-1.876985e-04
-2.579038e-04
-3.520516e-04
-4.753034e-04
-5.971130e-04
-6.271866e-04
-5.378962e-04
-3.752731e-04
-2.045204e-04
-6.724712e-05
-2.857469e-05
-1.609241e-04
-3.895697e-04
-6.095122e-04
-7.967654e-04
-8.226851e-04
-6.530935e-04
-4.266416e-04
-1.964365e-04
-4.449378e-05
-3.116326e-05
-1.348869e-04
-2.893695e-04
-3.886604e-04
-4.192364e-04
-3.524859e-04
-1.897957e-04
-3.057999e-05
5.346687e-05
2.371129e-05
-1.241702e-04
-3.021077e-04
-4.576068e-04
-6.377361e-04
-7.856115e-04
-8.448866e-04
-8.554474e-04
-8.338091e-04
-7.804246e-04
-7.321295e-04
-7.042112e-04
-6.438678e-04
-5.589539e-04
-5.016044e-04
-4.811083e-04
-4.535106e-04
-4.285931e-04
-4.573433e-04
-5.190210e-04
-6.442206e-04
-7.527289e-04
-7.577394e-04
-7.826324e-04
-8.389099e-04
-8.929690e-04
-9.465265e-04
-9.701621e-04
-1.003656e-03
-1.029712e-03
-9.985890e-04
-9.256539e-04
-8.256404e-04
-7.473196e-04
-6.811541e-04
-6.150648e-04
-6.201468e-04
-6.487726e-04
-6.819788e-04
-7.713767e-04
-9.007992e-04
-1.040120e-03
-1.137207e-03
-1.184045e-03
-1.173020e-03
-1.097152e-03
-9.506206e-04
-7.533590e-04
-5.940824e-04
-4.726356e-04
-4.258597e-04
-4.714415e-04
-5.461014e-04
-6.632802e-04
-7.416849e-04
-7.026672e-04
-5.914788e-04
-4.442585e-04
-3.204188e-04
-2.094785e-04
-3.582650e-05
1.430689e-04
2.803646e-04
3.722252e-04
3.744204e-04
3.342132e-04
2.469638e-04
8.836500e-05
-2.490880e-05
-3.466670e-05
4.781696e-05
1.973369e-04
3.323824e-04
3.931427e-04
3.372915e-04
1.804260e-04
-1.538298e-05
-2.943185e-04
-5.882050e-04
-7.681296e-04
-8.661059e-04
-8.065872e-04
-5.736308e-04
-3.258688e-04
-1.347920e-04
-5.007804e-05
-8.411187e-05
-1.976622e-04
-3.667783e-04
-5.531504e-04
-7.226782e-04
-8.388160e-04
-8.447809e-04
-7.597836e-04
-6.561053e-04
-5.564974e-04
-4.886181e-04
-4.558578e-04
-4.625540e-04
-5.549526e-04
-6.791330e-04
-7.785866e-04
-8.657080e-04
-9.338092e-04
-9.907966e-04
-9.944445e-04
-9.160798e-04
-8.252846e-04
-6.927693e-04
-4.866638e-04
-2.919109e-04
-1.246018e-04
1.636098e-05
9.871483e-05
1.031802e-04
2.735532e-05
-9.259444e-05
-2.460962e-04
-3.631835e-04
-3.455965e-04
-2.036289e-04
6.279902e-05
3.837830e-04
5.852105e-04
6.518680e-04
5.962660e-04
3.849214e-04
1.201012e-04
-1.166211e-04
-2.992862e-04
-4.165388e-04
-4.888828e-04
-5.005586e-04
-4.667847e-04
-4.331142e-04
-4.201839e-04
-4.311789e-04
-4.318532e-04
-3.462289e-04
-1.873181e-04
-7.705984e-05
-4.476600e-05
-2.323030e-05
4.038012e-06
-7.436818e-06
-8.376928e-05
-1.870852e-04
-2.586616e-04
-3.000649e-04
-3.716106e-04
-4.959838e-04
-6.168429e-04
-7.096363e-04
-7.934574e-04
-8.451407e-04
-8.458742e-04
-7.776443e-04
-6.683457e-04
-5.942729e-04
-5.530079e-04
-5.245390e-04
-5.114402e-04
-5.271054e-04
-5.809981e-04
-6.156341e-04
-5.724076e-04
-4.747878e-04
-3.647796e-04
-2.589894e-04
-1.959490e-04
-1.585943e-04
-1.263799e-04
-1.766500e-04
-2.974129e-04
-3.820601e-04
-3.490138e-04
-2.500037e-04
-2.001448e-04
-1.732508e-04
-1.474362e-04
-1.354312e-04
-1.506880e-04
-2.125714e-04
-2.702572e-04
-2.741064e-04
-2.577137e-04
-2.884361e-04
-3.591444e-04
-4.174428e-04
-4.534068e-04
-5.226641e-04
-6.162130e-04
-6.822464e-04
-7.422195e-04
-7.808729e-04
-8.100587e-04
-8.443361e-04
-8.520491e-04
-8.355726e-04
-8.036724e-04
-7.625041e-04
-7.119082e-04
-6.925669e-04
-7.464810e-04
-8.284748e-04
-9.003868e-04
-1.007357e-03
-1.167642e-03
-1.337436e-03
-1.466381e-03
-1.545382e-03
-1.615494e-03
-1.641964e-03
-1.619114e-03
-1.586804e-03
-1.519728e-03
-1.477656e-03
-1.481143e-03
-1.491475e-03
-1.541258e-03
-1.623923e-03
-1.729373e-03
-1.835193e-03
-1.932725e-03
-2.023880e-03
-2.051212e-03
-2.029692e-03
-1.999601e-03
-1.944211e-03
-1.877721e-03
-1.816579e-03
-1.735387e-03
-1.680812e-03
-1.716016e-03
-1.792125e-03
-1.883402e-03
-1.990176e-03
-2.059226e-03
-2.059065e-03
-1.984222e-03
-1.828578e-03
-1.654992e-03
-1.570883e-03
-1.619805e-03
-1.782292e-03
-1.972885e-03
-2.108982e-03
-2.177290e-03
-2.190015e-03
-2.168015e-03
-2.117201e-03
-2.086039e-03
-2.110785e-03
-2.140839e-03
-2.140960e-03
-2.118352e-03
-2.071376e-03
-1.996768e-03
-1.904522e-03
-1.826952e-03
-1.831474e-03
-1.921206e-03
-2.047655e-03
-2.172430e-03
-2.246382e-03
-2.277238e-03
-2.284760e-03
-2.248392e-03
-2.165631e-03
-2.098762e-03
-2.126169e-03
-2.260092e-03
-2.433353e-03
-2.596698e-03
-2.746255e-03
-2.850097e-03
-2.877563e-03
-2.766634e-03
-2.554159e-03
-2.395844e-03
-2.313600e-03
-2.263550e-03
-2.253921e-03
-2.283454e-03
-2.336745e-03
-2.419614e-03
-2.490968e-03
-2.469558e-03
-2.384620e-03
-2.354840e-03
-2.402130e-03
-2.462553e-03
-2.539171e-03
-2.642258e-03
-2.758745e-03
-2.884488e-03
-2.952252e-03
-2.922342e-03
-2.866342e-03
-2.807142e-03
-2.750453e-03
-2.724106e-03
-2.715847e-03
-2.732130e-03
-2.719956e-03
-2.654704e-03
-2.602502e-03
-2.573004e-03
-2.595244e-03
-2.691714e-03
-2.797708e-03
-2.902754e-03
-3.023018e-03
-3.129351e-03
-3.212891e-03
-3.219088e-03
-3.139351e-03
-3.031682e-03
-2.927719e-03
-2.902712e-03
-2.944336e-03
-2.999635e-03
-3.073535e-03
-3.145523e-03
-3.195382e-03
-3.194979e-03
-3.147382e-03
-3.111802e-03
-3.127603e-03
-3.170571e-03
-3.202941e-03
-3.185849e-03
-3.114815e-03
-3.072202e-03
-3.071151e-03
-3.081074e-03
-3.130090e-03
-3.216300e-03
-3.312283e-03
-3.382286e-03
-3.410374e-03
-3.404511e-03
-3.374643e-03
-3.345684e-03
-3.333473e-03
-3.356730e-03
-3.417889e-03
-3.457298e-03
-3.429382e-03
-3.339343e-03
-3.219062e-03
-3.109635e-03
-3.038170e-03
-3.020134e-03
-3.044055e-03
-3.071850e-03
-3.106078e-03
-3.171507e-03
-3.180593e-03
-3.070210e-03
-2.935507e-03
-2.831400e-03
-2.750527e-03
-2.708893e-03
-2.720232e-03
-2.762332e-03
-2.793079e-03
-2.816248e-03
-2.814569e-03
-2.776024e-03
-2.740094e-03
-2.702818e-03
-2.684432e-03
-2.720419e-03
-2.773856e-03
-2.807782e-03
-2.838487e-03
-2.866968e-03
-2.875125e-03
-2.882599e-03
-2.874058e-03
-2.852441e-03
-2.829662e-03
-2.795903e-03
-2.753811e-03
-2.681394e-03
-2.630965e-03
-2.639619e-03
-2.656410e-03
-2.619278e-03
-2.494988e-03
-2.349634e-03
-2.217484e-03
-2.092530e-03
-1.991081e-03
-1.929004e-03
-1.935679e-03
-1.976279e-03
-1.995557e-03
-1.953896e-03
-1.879415e-03
-1.872903e-03
-1.912969e-03
-1.963373e-03
-2.043951e-03
-2.112828e-03
-2.167138e-03
-2.206383e-03
-2.186473e-03
-2.128324e-03
-2.083529e-03
-2.075594e-03
-2.099233e-03
-2.145473e-03
-2.184186e-03
-2.151172e-03
-2.100888e-03
-2.130316e-03
-2.183458e-03
-2.223148e-03
-2.303943e-03
-2.382781e-03
-2.393468e-03
-2.381349e-03
-2.370656e-03
-2.329059e-03
-2.276425e-03
-2.227163e-03
-2.134301e-03
-2.027483e-03
-1.980128e-03
-1.953231e-03
-1.900736e-03
-1.881586e-03
-1.911635e-03
-1.932805e-03
-1.932870e-03
-1.874395e-03
-1.760502e-03
-1.672986e-03
-1.638541e-03
-1.639661e-03
-1.615848e-03
-1.547370e-03
-1.459993e-03
-1.369673e-03
-1.272978e-03
-1.187085e-03
-1.185047e-03
-1.246277e-03
-1.343325e-03
-1.457944e-03
-1.512218e-03
-1.480472e-03
-1.378372e-03
-1.264517e-03
-1.131640e-03
-1.006971e-03
-9.666879e-04
-9.557982e-04
-9.905604e-04
-1.063082e-03
-1.075622e-03
-1.032198e-03
-9.323862e-04
-8.175471e-04
-7.779413e-04
-7.977470e-04
-8.174016e-04
-8.259534e-04
-8.631178e-04
-9.208611e-04
-9.259341e-04
-8.876602e-04
-8.585043e-04
-8.480251e-04
-8.617401e-04
-8.928691e-04
-9.335414e-04
-9.682409e-04
-9.575968e-04
-8.826441e-04
-7.678435e-04
-6.467376e-04
-5.516162e-04
-4.861273e-04
-4.449693e-04
-4.596112e-04
-4.865382e-04
-4.834951e-04
-4.881479e-04
-4.771893e-04
-4.409478e-04
-4.297686e-04
-4.453763e-04
-4.691355e-04
-5.026981e-04
-5.033437e-04
-4.181449e-04
-2.991534e-04
-2.453647e-04
-2.747003e-04
-3.268350e-04
-3.659199e-04
-3.555384e-04
-3.044708e-04
-2.590277e-04
-1.533507e-04
-1.554722e-06
1.313062e-04
2.576748e-04
3.042804e-04
2.418761e-04
1.415430e-04
9.428196e-05
1.811366e-04
3.357943e-04
4.621609e-04
5.559107e-04
6.380794e-04
7.411229e-04
8.280826e-04
8.430151e-04
8.276245e-04
8.243734e-04
8.248510e-04
7.824222e-04
6.960184e-04
6.263772e-04
5.880856e-04
5.875541e-04
6.022850e-04
6.319704e-04
7.260394e-04
8.465091e-04
9.477753e-04
9.717187e-04
8.654558e-04
7.399100e-04
6.843734e-04
6.612038e-04
6.714437e-04
6.905952e-04
7.015874e-04
7.387668e-04
8.132796e-04
9.131574e-04
9.706072e-04
9.615836e-04
9.007109e-04
8.061012e-04
7.430075e-04
7.464569e-04
8.049438e-04
8.999306e-04
9.961043e-04
1.041760e-03
1.051989e-03
1.068714e-03
1.069630e-03
1.059123e-03
1.051315e-03
1.035495e-03
1.072713e-03
1.175590e-03
1.218232e-03
1.162081e-03
1.145351e-03
1.189268e-03
1.177007e-03
1.161655e-03
1.222438e-03
1.306903e-03
1.391852e-03
1.480258e-03
1.524371e-03
1.523676e-03
1.548965e-03
1.554901e-03
1.544190e-03
1.610457e-03
1.660582e-03
1.652072e-03
1.677659e-03
1.715184e-03
1.741952e-03
1.798209e-03
1.831768e-03
1.832447e-03
1.926030e-03
2.083262e-03
2.178663e-03
2.233450e-03
2.274979e-03
2.264811e-03
2.225472e-03
2.213785e-03
2.219338e-03
2.258785e-03
2.342713e-03
2.377342e-03
2.357002e-03
2.370506e-03
2.407222e-03
2.426031e-03
2.442354e-03
2.434039e-03
2.402026e-03
2.428006e-03
2.466950e-03
2.418970e-03
2.387052e-03
2.410988e-03
2.394298e-03
2.362291e-03
2.310983e-03
2.213032e-03
2.161848e-03
2.224595e-03
2.345534e-03
2.410913e-03
2.396560e-03
2.349884e-03
2.285758e-03
2.203287e-03
2.089846e-03
2.008615e-03
2.071789e-03
2.224851e-03
2.345434e-03
2.386655e-03
2.290856e-03
2.137516e-03
2.070509e-03
2.058520e-03
2.093355e-03
2.195100e-03
2.326957e-03
2.469455e-03
2.583709e-03
2.637688e-03
2.635143e-03
2.594299e-03
2.541370e-03
2.507114e-03
2.529402e-03
2.615583e-03
2.701048e-03
2.763877e-03
2.812987e-03
2.793241e-03
2.768950e-03
2.796540e-03
2.801094e-03
2.774978e-03
2.772180e-03
2.834276e-03
2.909645e-03
2.926787e-03
2.925132e-03
2.885190e-03
2.775486e-03
2.720043e-03
2.718192e-03
2.663131e-03
2.602793e-03
2.540804e-03
2.429514e-03
2.322963e-03
2.221252e-03
2.122854e-03
2.107792e-03
2.174288e-03
2.262066e-03
2.323708e-03
2.355269e-03
2.358000e-03
2.316752e-03
2.306157e-03
2.328751e-03
2.346060e-03
2.405770e-03
2.487403e-03
2.525302e-03
2.520151e-03
2.524935e-03
2.499918e-03
2.422671e-03
2.385381e-03
2.401628e-03
2.438234e-03
2.470308e-03
2.510604e-03
2.550147e-03
2.525112e-03
2.475368e-03
2.462949e-03
2.490670e-03
2.540313e-03
2.573019e-03
2.616686e-03
2.696804e-03
2.757077e-03
2.787961e-03
2.780371e-03
2.704394e-03
2.611283e-03
2.556570e-03
2.539022e-03
2.527135e-03
2.518411e-03
2.543411e-03
2.586582e-03
2.594960e-03
2.554661e-03
2.523282e-03
2.494066e-03
2.443698e-03
2.427745e-03
2.417415e-03
2.388885e-03
2.364259e-03
2.328904e-03
2.300480e-03
2.278098e-03
2.262910e-03
2.286513e-03
2.332042e-03
2.366971e-03
2.389532e-03
2.379961e-03
2.297846e-03
2.219231e-03
2.215633e-03
2.211375e-03
2.181882e-03
2.169932e-03
2.176679e-03
2.207689e-03
2.268784e-03
2.330896e-03
2.383066e-03
2.449709e-03
2.480962e-03
2.439896e-03
2.403315e-03
2.373019e-03
2.301722e-03
2.197381e-03
2.086181e-03
2.005588e-03
1.969792e-03
1.979945e-03
2.000320e-03
2.036674e-03
2.092496e-03
2.085776e-03
2.039012e-03
2.001285e-03
1.973406e-03
1.948354e-03
1.890979e-03
1.818178e-03
1.779084e-03
1.797371e-03
1.820046e-03
1.793277e-03
1.755608e-03
1.722435e-03
1.674333e-03
1.641697e-03
1.653398e-03
1.681574e-03
1.735607e-03
1.832930e-03
1.939128e-03
2.029714e-03
2.072964e-03
2.079190e-03
2.102342e-03
2.130772e-03
2.167535e-03
2.239585e-03
2.314627e-03
2.383586e-03
2.421969e-03
2.395743e-03
2.336336e-03
2.259883e-03
2.196039e-03
2.143363e-03
2.084967e-03
2.049015e-03
2.033612e-03
2.024355e-03
1.999186e-03
1.992429e-03
2.056798e-03
2.140737e-03
2.177057e-03
2.165977e-03
2.158750e-03
2.150533e-03
2.117699e-03
2.093051e-03
2.067286e-03
2.027243e-03
1.998417e-03
1.971304e-03
1.919752e-03
1.814058e-03
1.712212e-03
1.683894e-03
1.690220e-03
1.710131e-03
1.680812e-03
1.571062e-03
1.469897e-03
1.415644e-03
1.404682e-03
1.399647e-03
1.389953e-03
1.403764e-03
1.413681e-03
1.401187e-03
1.359971e-03
1.310639e-03
1.284114e-03
1.250841e-03
1.165182e-03
1.038042e-03
9.346786e-04
8.774292e-04
8.670529e-04
8.947667e-04
9.461166e-04
1.060361e-03
1.209458e-03
1.310092e-03
1.317531e-03
1.229834e-03
1.131317e-03
1.084579e-03
1.069643e-03
1.077113e-03
1.105694e-03
1.150681e-03
1.199754e-03
1.219462e-03
1.215298e-03
1.176867e-03
1.116887e-03
1.115649e-03
1.157796e-03
1.209017e-03
1.290467e-03
1.392702e-03
1.473014e-03
1.499158e-03
1.449159e-03
1.335119e-03
1.266952e-03
1.302536e-03
1.372518e-03
1.448914e-03
1.545819e-03
1.597661e-03
1.543960e-03
1.436264e-03
1.323587e-03
1.215579e-03
1.176843e-03
1.203111e-03
1.195359e-03
1.141873e-03
1.076367e-03
9.810234e-04
8.751381e-04
7.996387e-04
7.284851e-04
7.128451e-04
7.955794e-04
8.765770e-04
9.082678e-04
8.817786e-04
7.998481e-04
6.753912e-04
5.046820e-04
3.500788e-04
2.340698e-04
2.000864e-04
2.581862e-04
2.916839e-04
3.440103e-04
4.178836e-04
4.529781e-04
4.765482e-04
4.362466e-04
3.981720e-04
4.309260e-04
4.646567e-04
5.134109e-04
5.714376e-04
5.879684e-04
6.000157e-04
6.186219e-04
6.277939e-04
6.483412e-04
6.648162e-04
7.141663e-04
7.893438e-04
7.955251e-04
7.838234e-04
7.999336e-04
7.636048e-04
6.913930e-04
6.482817e-04
6.176254e-04
6.276913e-04
7.016859e-04
7.761967e-04
7.705950e-04
6.975886e-04
6.784116e-04
6.828521e-04
6.648764e-04
6.905294e-04
7.223347e-04
7.647870e-04
8.443087e-04
8.801794e-04
8.567721e-04
7.839968e-04
6.790429e-04
6.091000e-04
5.478225e-04
4.679219e-04
4.096478e-04
3.570464e-04
3.155385e-04
3.053623e-04
3.033936e-04
2.884428e-04
2.565494e-04
2.322142e-04
1.755810e-04
5.947111e-05
-3.294373e-05
-5.237589e-05
-3.640549e-05
-2.112309e-05
-2.067816e-05
-1.728215e-05
2.549060e-05
4.411417e-05
1.503520e-05
1.856665e-05
5.349115e-05
9.528787e-05
1.434809e-04
2.013693e-04
2.455118e-04
2.324251e-04
1.989829e-04
1.790680e-04
1.627635e-04
1.658838e-04
1.915807e-04
2.268334e-04
2.644110e-04
2.757275e-04
2.819125e-04
3.302665e-04
3.908893e-04
4.596497e-04
5.042892e-04
4.688542e-04
4.392061e-04
4.681873e-04
4.873769e-04
4.554047e-04
4.237062e-04
4.724914e-04
6.028040e-04
7.358197e-04
7.605303e-04
6.634529e-04
5.528567e-04
4.624685e-04
3.561668e-04
2.338964e-04
1.529081e-04
2.289274e-04
4.698552e-04
7.051703e-04
7.888718e-04
6.963972e-04
5.137873e-04
3.839947e-04
3.417184e-04
3.317555e-04
3.664688e-04
4.796072e-04
6.246388e-04
7.093609e-04
6.365300e-04
4.206847e-04
2.523714e-04
2.351497e-04
2.716090e-04
2.951589e-04
3.223832e-04
3.693185e-04
4.343381e-04
4.146419e-04
2.333286e-04
4.129414e-05
4.485191e-06
8.308693e-05
1.599443e-04
2.112071e-04
2.580637e-04
2.788039e-04
2.447062e-04
1.165543e-04
-5.100831e-05
-1.016473e-04
-2.161738e-05
8.052714e-05
1.267182e-04
1.275205e-04
1.131770e-04
5.605233e-05
-2.661866e-05
-9.579136e-05
-1.402519e-04
-1.034112e-04
1.439841e-05
1.176412e-04
1.862947e-04
2.426657e-04
2.466770e-04
1.732675e-04
8.539421e-05
7.300369e-05
1.068155e-04
1.453278e-04
2.082164e-04
2.160830e-04
1.405821e-04
7.007481e-05
2.427255e-05
3.138221e-06
3.767361e-05
1.007255e-04
1.620135e-04
2.503514e-04
3.341156e-04
3.531672e-04
3.418241e-04
3.434175e-04
3.379429e-04
3.696822e-04
4.813522e-04
5.601218e-04
5.905091e-04
6.579294e-04
7.329895e-04
7.747597e-04
7.857015e-04
7.731830e-04
7.454037e-04
7.108159e-04
6.729543e-04
6.254097e-04
5.544423e-04
5.349784e-04
6.080397e-04
6.736848e-04
6.878821e-04
6.305029e-04
5.239179e-04
4.481791e-04
4.241558e-04
4.390758e-04
4.810237e-04
5.800200e-04
7.035685e-04
7.846009e-04
8.099970e-04
7.624778e-04
6.957657e-04
6.588525e-04
6.441971e-04
6.792580e-04
7.493680e-04
7.862560e-04
7.486514e-04
6.589445e-04
5.626639e-04
4.820123e-04
4.833200e-04
6.050605e-04
7.511310e-04
8.641097e-04
9.552827e-04
9.562314e-04
8.400403e-04
6.689429e-04
4.963151e-04
3.608808e-04
3.168835e-04
4.178864e-04
5.913850e-04
7.442946e-04
8.577289e-04
9.163316e-04
9.416186e-04
9.329927e-04
8.688854e-04
7.929704e-04
7.886561e-04
8.437361e-04
8.813605e-04
8.863933e-04
8.212596e-04
6.806691e-04
5.710756e-04
5.447385e-04
5.592756e-04
6.112402e-04
6.864983e-04
7.164566e-04
6.950711e-04
6.498547e-04
5.587722e-04
4.596780e-04
4.596860e-04
5.447593e-04
6.527321e-04
7.426220e-04
7.455526e-04
6.905383e-04
6.715820e-04
6.676890e-04
5.856497e-04
4.744479e-04
4.548329e-04
4.658418e-04
4.303008e-04
4.084401e-04
3.776934e-04
2.951321e-04
2.334916e-04
2.237034e-04
1.961694e-04
1.281372e-04
1.143729e-04
2.004437e-04
3.212678e-04
4.015033e-04
4.178265e-04
4.052514e-04
4.266338e-04
4.870923e-04
5.495019e-04
5.923715e-04
5.691936e-04
5.427168e-04
5.947551e-04
6.158777e-04
4.815730e-04
2.567619e-04
1.230605e-04
9.258859e-05
5.620901e-05
1.381210e-06
-2.466646e-05
-9.733689e-06
1.306226e-05
2.159586e-05
-5.870089e-05
-2.194772e-04
-3.030662e-04
-2.723223e-04
-2.063283e-04
-1.717417e-04
-1.513211e-04
-1.064159e-04
-1.033025e-04
-1.512573e-04
-2.095607e-04
-2.912434e-04
-3.750495e-04
-4.260868e-04
-3.886426e-04
-2.571727e-04
-1.725040e-04
-2.036230e-04
-2.445055e-04
-2.119627e-04
-1.730285e-04
-1.773357e-04
-1.465873e-04
-8.403387e-05
-4.458368e-05
-4.250917e-05
-1.060489e-04
-1.634797e-04
-1.250307e-04
-3.500896e-05
2.852989e-05
3.057251e-05
-5.427221e-06
-5.391494e-07
2.450862e-05
-5.401111e-06
-4.797663e-05
-4.157242e-05
6.278721e-06
5.773861e-06
-4.632451e-05
-3.601110e-05
2.296741e-05
6.855504e-05
9.321634e-05
8.864925e-05
7.777955e-05
1.002615e-04
1.361520e-04
1.860858e-04
2.595702e-04
2.928021e-04
2.651307e-04
1.830211e-04
9.095258e-05
4.495182e-05
5.084954e-06
-4.011745e-05
-8.628419e-05
-1.081368e-04
-5.432435e-05
-2.905056e-05
-1.137182e-04
-1.870427e-04
-2.036694e-04
-2.496069e-04
-3.204687e-04
-3.549329e-04
-3.402394e-04
-3.093305e-04
-3.146529e-04
-3.903861e-04
-4.505453e-04
-3.827480e-04
-2.861809e-04
-2.614182e-04
-2.579288e-04
-2.380012e-04
-2.205316e-04
-2.100556e-04
-2.539917e-04
-3.757606e-04
-4.330336e-04
-3.961709e-04
-3.399834e-04
-2.902774e-04
-2.918009e-04
-3.303410e-04
-3.802520e-04
-4.491887e-04
-5.183022e-04
-4.834395e-04
-3.208685e-04
-1.966053e-04
-2.026476e-04
-2.699853e-04
-3.446252e-04
-4.387712e-04
-5.237476e-04
-5.509332e-04
-4.774560e-04
-3.341291e-04
-2.327194e-04
-1.934426e-04
-2.412920e-04
-3.648284e-04
-4.660960e-04
-5.558156e-04
-6.507291e-04
-6.805386e-04
-6.084484e-04
-4.919251e-04
-4.026163e-04
-3.374252e-04
-2.738672e-04
-2.496376e-04
-3.014236e-04
-4.000881e-04
-5.029316e-04
-6.105062e-04
-7.103049e-04
-7.341735e-04
-6.822609e-04
-6.402302e-04
-6.390026e-04
-6.494747e-04
-6.653465e-04
-6.794153e-04
-7.086210e-04
-7.773986e-04
-8.261437e-04
-8.300018e-04
-8.376890e-04
-8.723007e-04
-9.208015e-04
-9.213772e-04
-8.702890e-04
-8.607050e-04
-9.297933e-04
-1.003237e-03
-1.013209e-03
-1.006046e-03
-1.030217e-03
-1.083880e-03
-1.149995e-03
-1.167654e-03
-1.159735e-03
-1.216919e-03
-1.292884e-03
-1.306465e-03
-1.260533e-03
-1.166840e-03
-1.112375e-03
-1.161450e-03
-1.243540e-03
-1.302808e-03
-1.362229e-03
-1.440199e-03
-1.474717e-03
-1.440495e-03
-1.368211e-03
-1.277638e-03
-1.216320e-03
-1.202154e-03
-1.222846e-03
-1.264570e-03
-1.308569e-03
-1.346632e-03
-1.380406e-03
-1.389088e-03
-1.336383e-03
-1.220172e-03
-1.065534e-03
-9.415227e-04
-8.658470e-04
-8.105459e-04
-8.058672e-04
-8.315878e-04
-8.350481e-04
-8.506444e-04
-9.353945e-04
-1.039387e-03
-1.136456e-03
-1.258747e-03
-1.347217e-03
-1.326893e-03
-1.211408e-03
-1.086331e-03
-9.653462e-04
-8.812647e-04
-9.364504e-04
-1.056546e-03
-1.155891e-03
-1.268953e-03
-1.373867e-03
-1.387092e-03
-1.284855e-03
-1.167229e-03
-1.103759e-03
-1.096307e-03
-1.203844e-03
-1.397496e-03
-1.548871e-03
-1.628983e-03
-1.639837e-03
-1.587245e-03
-1.544594e-03
-1.515923e-03
-1.492128e-03
-1.537679e-03
-1.591718e-03
-1.576363e-03
-1.514117e-03
-1.434269e-03
-1.405572e-03
-1.391953e-03
-1.377996e-03
-1.438156e-03
-1.510881e-03
-1.588485e-03
-1.657695e-03
-1.649204e-03
-1.624343e-03
-1.591398e-03
-1.532754e-03
-1.476554e-03
-1.434875e-03
-1.470659e-03
-1.542467e-03
-1.574928e-03
-1.599538e-03
-1.588377e-03
-1.547805e-03
-1.523186e-03
-1.489059e-03
-1.452408e-03
-1.402593e-03
-1.362243e-03
-1.419507e-03
-1.510721e-03
-1.534377e-03
-1.515849e-03
-1.506675e-03
-1.558158e-03
-1.606507e-03
-1.582647e-03
-1.589921e-03
-1.643418e-03
-1.742912e-03
-1.879829e-03
-1.920070e-03
-1.826482e-03
-1.676459e-03
-1.592730e-03
-1.584756e-03
-1.554729e-03
-1.489417e-03
-1.476855e-03
-1.595222e-03
-1.777872e-03
-1.896434e-03
-1.873046e-03
-1.775047e-03
-1.720194e-03
-1.754708e-03
-1.833454e-03
-1.829036e-03
-1.776985e-03
-1.783234e-03
-1.846118e-03
-1.892273e-03
-1.856996e-03
-1.836218e-03
-1.883533e-03
-1.965741e-03
-2.049249e-03
-2.055569e-03
-2.032797e-03
-2.020153e-03
-1.958050e-03
-1.886792e-03
-1.891042e-03
-1.973257e-03
-2.071142e-03
-2.151931e-03
-2.191796e-03
-2.177904e-03
-2.138439e-03
-2.047783e-03
-1.902530e-03
-1.822466e-03
-1.870546e-03
-1.977810e-03
-2.075225e-03
-2.129544e-03
-2.144962e-03
-2.148424e-03
-2.141322e-03
-2.118050e-03
-2.133514e-03
-2.233143e-03
-2.359776e-03
-2.431074e-03
-2.418434e-03
-2.346950e-03
-2.219353e-03
-2.069724e-03
-2.014824e-03
-2.089004e-03
-2.237787e-03
-2.413067e-03
-2.530806e-03
-2.516147e-03
-2.411077e-03
-2.298146e-03
-2.194371e-03
-2.139562e-03
-2.173776e-03
-2.248283e-03
-2.361462e-03
-2.465086e-03
-2.448571e-03
-2.395754e-03
-2.392953e-03
-2.362817e-03
-2.301298e-03
-2.301619e-03
-2.391780e-03
-2.533969e-03
-2.674104e-03
-2.735074e-03
-2.683523e-03
-2.619170e-03
-2.597770e-03
-2.541133e-03
-2.496073e-03
-2.545124e-03
-2.599320e-03
-2.611777e-03
-2.581546e-03
-2.476684e-03
-2.366820e-03
-2.330900e-03
-2.340037e-03
-2.354180e-03
-2.409789e-03
-2.499700e-03
-2.533518e-03
-2.490645e-03
-2.403157e-03
-2.326105e-03
-2.337753e-03
-2.451462e-03
-2.566571e-03
-2.618752e-03
-2.660446e-03
-2.674068e-03
-2.635115e-03
-2.575757e-03
-2.503583e-03
-2.470396e-03
-2.524867e-03
-2.625036e-03
-2.702509e-03
-2.739118e-03
-2.767253e-03
-2.807573e-03
-2.809765e-03
-2.774794e-03
-2.759952e-03
-2.739236e-03
-2.715145e-03
-2.708461e-03
-2.696998e-03
-2.662337e-03
-2.626317e-03
-2.646650e-03
-2.656004e-03
-2.624609e-03
-2.668322e-03
-2.766946e-03
-2.826359e-03
-2.859346e-03
-2.882286e-03
-2.875129e-03
-2.838438e-03
-2.763245e-03
-2.635470e-03
-2.505971e-03
-2.457843e-03
-2.498061e-03
-2.552344e-03
-2.556346e-03
-2.510247e-03
-2.486137e-03
-2.516516e-03
-2.510727e-03
-2.440494e-03
-2.401668e-03
-2.428285e-03
-2.473341e-03
-2.542122e-03
-2.649263e-03
-2.728244e-03
-2.732765e-03
-2.697557e-03
-2.652551e-03
-2.608596e-03
-2.581402e-03
-2.558371e-03
-2.526871e-03
-2.511177e-03
-2.502395e-03
-2.476839e-03
-2.416459e-03
-2.289866e-03
-2.166037e-03
-2.124878e-03
-2.123095e-03
-2.090429e-03
-2.045924e-03
-2.059661e-03
-2.054007e-03
-1.957852e-03
-1.859860e-03
-1.806107e-03
-1.790248e-03
-1.799884e-03
-1.788927e-03
-1.747999e-03
-1.687958e-03
-1.589584e-03
-1.481261e-03
-1.392479e-03
-1.332795e-03
-1.337795e-03
-1.380982e-03
-1.422056e-03
-1.464042e-03
-1.506747e-03
-1.503600e-03
-1.431686e-03
-1.343184e-03
-1.270789e-03
-1.257940e-03
-1.299912e-03
-1.328100e-03
-1.354677e-03
-1.399042e-03
-1.440955e-03
-1.478654e-03
-1.475501e-03
-1.411365e-03
-1.361472e-03
-1.362289e-03
-1.376931e-03
-1.364039e-03
-1.361995e-03
-1.405656e-03
-1.441896e-03
-1.442375e-03
-1.390821e-03
-1.313168e-03
-1.275147e-03
-1.282233e-03
-1.292493e-03
-1.300537e-03
-1.321303e-03
-1.330444e-03
-1.305148e-03
-1.216768e-03
-1.075706e-03
-9.490803e-04
-8.809990e-04
-8.524173e-04
-8.317076e-04
-8.792268e-04
-1.007636e-03
-1.101626e-03
-1.126830e-03
-1.130477e-03
-1.073214e-03
-9.479193e-04
-8.538628e-04
-8.300374e-04
-8.604531e-04
-9.376948e-04
-1.026254e-03
-1.068211e-03
-1.062071e-03
-1.050493e-03
-1.019828e-03
-9.652580e-04
-9.467673e-04
-9.700228e-04
-9.598631e-04
-9.229124e-04
-8.911038e-04
-8.099434e-04
-7.397225e-04
-7.580359e-04
-7.898615e-04
-8.220375e-04
-8.920126e-04
-9.321587e-04
-8.686840e-04
-7.544399e-04
-6.431142e-04
-5.303265e-04
-4.383892e-04
-3.712956e-04
-3.195316e-04
-3.031578e-04
-3.005971e-04
-2.605653e-04
-2.331972e-04
-2.452179e-04
-2.330071e-04
-2.206594e-04
-2.662261e-04
-3.338539e-04
-3.654903e-04
-3.582979e-04
-3.172049e-04
-2.717904e-04
-2.529933e-04
-2.653498e-04
-2.863344e-04
-2.536920e-04
-2.044868e-04
-1.991842e-04
-1.907732e-04
-1.323396e-04
-3.219195e-05
6.485545e-05
1.475115e-04
2.125881e-04
2.113274e-04
1.687346e-04
1.550565e-04
1.402358e-04
9.562385e-05
1.017247e-04
1.600385e-04
1.737125e-04
1.530623e-04
1.253468e-04
4.498137e-05
-5.609098e-05
-7.608220e-05
-2.251514e-05
1.312291e-05
3.143739e-05
7.836693e-05
1.205713e-04
1.270842e-04
1.092309e-04
6.430198e-05
1.765112e-05
-1.435312e-05
2.167912e-06
9.252623e-05
1.677005e-04
1.900339e-04
1.982636e-04
1.842771e-04
1.329603e-04
1.041538e-04
1.312272e-04
1.550140e-04
1.978625e-04
2.642014e-04
2.699249e-04
2.224061e-04
1.568151e-04
9.811492e-05
8.556261e-05
8.486977e-05
1.020890e-04
2.031568e-04
3.328189e-04
4.197752e-04
4.803436e-04
5.014907e-04
4.356684e-04
3.613321e-04
4.006516e-04
4.679219e-04
4.808527e-04
5.071826e-04
5.287422e-04
5.070682e-04
5.045114e-04
5.200379e-04
5.112568e-04
5.284019e-04
6.199919e-04
7.367010e-04
8.323467e-04
9.222347e-04
9.609033e-04
9.439869e-04
9.571049e-04
9.661911e-04
9.435342e-04
9.814530e-04
1.077846e-03
1.140786e-03
1.202278e-03
1.289777e-03
1.331782e-03
1.318710e-03
1.295214e-03
1.246852e-03
1.102636e-03
9.523514e-04
8.944325e-04
8.359990e-04
7.777750e-04
7.893495e-04
8.618293e-04
9.400265e-04
1.000856e-03
1.056091e-03
1.083374e-03
1.086202e-03
1.057532e-03
1.010252e-03
1.011718e-03
1.073453e-03
1.141149e-03
1.200199e-03
1.270331e-03
1.288567e-03
1.242820e-03
1.202134e-03
1.173143e-03
1.174531e-03
1.230271e-03
1.310194e-03
1.349447e-03
1.335212e-03
1.360398e-03
1.383686e-03
1.301955e-03
1.220878e-03
1.225330e-03
1.258901e-03
1.255131e-03
1.244878e-03
1.272020e-03
1.270157e-03
1.241903e-03
1.238943e-03
1.237381e-03
1.214593e-03
1.176273e-03
1.160570e-03
1.173220e-03
1.174972e-03
1.169507e-03
1.177870e-03
1.198009e-03
1.181317e-03
1.141863e-03
1.126041e-03
1.089573e-03
1.029224e-03
9.799428e-04
9.510922e-04
9.148487e-04
8.825929e-04
9.040113e-04
9.336984e-04
9.573536e-04
1.002740e-03
1.058427e-03
1.098791e-03
1.092010e-03
1.034251e-03
9.500947e-04
8.799918e-04
8.586101e-04
8.856301e-04
9.627726e-04
1.079557e-03
1.179056e-03
1.241114e-03
1.266172e-03
1.228066e-03
1.159447e-03
1.139694e-03
1.178585e-03
1.240886e-03
1.304826e-03
1.326639e-03
1.304339e-03
1.263484e-03
1.183819e-03
1.092296e-03
1.041270e-03
1.006320e-03
9.483661e-04
8.811406e-04
8.053403e-04
7.029820e-04
6.436861e-04
6.892198e-04
7.807680e-04
8.919924e-04
1.019758e-03
1.090338e-03
1.080555e-03
1.016627e-03
8.944320e-04
7.441443e-04
6.191814e-04
5.334571e-04
4.940456e-04
5.042541e-04
5.210418e-04
5.033778e-04
4.746583e-04
4.370649e-04
3.823499e-04
3.584734e-04
3.767932e-04
3.904303e-04
3.825436e-04
3.809035e-04
3.676722e-04
3.443678e-04
3.347624e-04
3.050163e-04
3.082320e-04
3.822391e-04
4.677854e-04
5.242243e-04
5.168165e-04
4.495216e-04
3.392161e-04
2.146846e-04
1.054534e-04
2.266501e-05
-5.700145e-06
8.369658e-06
4.883973e-05
8.731690e-05
8.556248e-05
9.285891e-05
1.349814e-04
1.515429e-04
1.291752e-04
1.134121e-04
9.205184e-05
5.696881e-06
-1.004190e-04
-1.460882e-04
-1.504901e-04
-1.156391e-04
-6.577493e-05
-5.035404e-05
-4.530840e-05
-6.194349e-05
-9.513008e-05
-1.079383e-04
-1.160429e-04
-1.225114e-04
-1.007180e-04
-3.949426e-05
1.645794e-05
7.009529e-05
1.621491e-04
2.065070e-04
2.002444e-04
2.478983e-04
2.766940e-04
2.105564e-04
1.011138e-04
2.454001e-05
3.267818e-05
8.050291e-05
1.232942e-04
1.725354e-04
2.168035e-04
2.596666e-04
2.822884e-04
2.359597e-04
1.687088e-04
1.458386e-04
1.534203e-04
1.290756e-04
8.013721e-05
9.051729e-05
1.193204e-04
9.498729e-05
5.961808e-05
3.732787e-05
1.361670e-05
1.928406e-05
6.410299e-05
9.482361e-05
1.212364e-04
1.662264e-04
1.949636e-04
2.169373e-04
2.513703e-04
2.713489e-04
2.973951e-04
3.514396e-04
3.601425e-04
3.119142e-04
2.967643e-04
3.092890e-04
2.467106e-04
1.547374e-04
1.341040e-04
1.254139e-04
1.187337e-04
1.659937e-04
2.319977e-04
2.505033e-04
2.250179e-04
2.082278e-04
1.886092e-04
1.721478e-04
1.874196e-04
2.192271e-04
2.728430e-04
3.603257e-04
4.318367e-04
4.564210e-04
4.816360e-04
4.948303e-04
4.860014e-04
4.779314e-04
4.605208e-04
4.597230e-04
4.793712e-04
5.236829e-04
5.863120e-04
6.063513e-04
5.589612e-04
4.695973e-04
3.823549e-04
3.432927e-04
4.167628e-04
5.867358e-04
7.403777e-04
8.220299e-04
8.470288e-04
8.225643e-04
7.236253e-04
6.287391e-04
6.489955e-04
7.508238e-04
8.894497e-04
1.018279e-03
1.028113e-03
9.217784e-04
8.247642e-04
7.562139e-04
7.074316e-04
7.308831e-04
8.140459e-04
9.200507e-04
9.942733e-04
1.006128e-03
9.521384e-04
8.552800e-04
8.100588e-04
8.192576e-04
8.403442e-04
8.475628e-04
8.469818e-04
9.235077e-04
1.026946e-03
1.069718e-03
1.116859e-03
1.169430e-03
1.176527e-03
1.159289e-03
1.104575e-03
1.044372e-03
1.063959e-03
1.155032e-03
1.287597e-03
1.436410e-03
1.565622e-03
1.655273e-03
1.694645e-03
1.670726e-03
1.589660e-03
1.539913e-03
1.576788e-03
1.647612e-03
1.733303e-03
1.820245e-03
1.835675e-03
1.822126e-03
1.852378e-03
1.867257e-03
1.867758e-03
1.883925e-03
1.920012e-03
1.999001e-03
2.069971e-03
2.066658e-03
2.009851e-03
1.963033e-03
1.922103e-03
1.880211e-03
1.877970e-03
1.928093e-03
2.037206e-03
2.199208e-03
2.336611e-03
2.373743e-03
2.332956e-03
2.260960e-03
2.158877e-03
2.049380e-03
1.990856e-03
2.019538e-03
2.156647e-03
2.373138e-03
2.579396e-03
2.676808e-03
2.639989e-03
2.525012e-03
2.366159e-03
2.226659e-03
2.198212e-03
2.316423e-03
2.579579e-03
2.878211e-03
3.072500e-03
3.104486e-03
2.947428e-03
2.753893e-03
2.696798e-03
2.747955e-03
2.861041e-03
3.010309e-03
3.176729e-03
3.283867e-03
3.214660e-03
2.989036e-03
2.787162e-03
2.766121e-03
2.876345e-03
3.020489e-03
3.173960e-03
3.322924e-03
3.435544e-03
3.420466e-03
3.241457e-03
2.990750e-03
2.834749e-03
2.857649e-03
2.987037e-03
3.148873e-03
3.289230e-03
3.381754e-03
3.401713e-03
3.309978e-03
3.180213e-03
3.100843e-03
3.056972e-03
3.019368e-03
3.012032e-03
3.047799e-03
3.137984e-03
3.253085e-03
3.294966e-03
3.276382e-03
3.237191e-03
3.175867e-03
3.117662e-03
3.068350e-03
3.058310e-03
3.104178e-03
3.181290e-03
3.248423e-03
3.300044e-03
3.372438e-03
3.449340e-03
3.501999e-03
3.512961e-03
3.519947e-03
3.564202e-03
3.581757e-03
3.562570e-03
3.533896e-03
3.497289e-03
3.487119e-03
3.515496e-03
3.565302e-03
3.599507e-03
3.601044e-03
3.596377e-03
3.598457e-03
3.556232e-03
3.421468e-03
3.250231e-03
3.134632e-03
3.110602e-03
3.151637e-03
3.206998e-03
3.245274e-03
3.260699e-03
3.289444e-03
3.339420e-03
3.327027e-03
3.237310e-03
3.164882e-03
3.163263e-03
3.197757e-03
3.201613e-03
3.169805e-03
3.129995e-03
3.102609e-03
3.115348e-03
3.157439e-03
3.220682e-03
3.335033e-03
3.461740e-03
3.531836e-03
3.509958e-03
3.351881e-03
3.081063e-03
2.790590e-03
2.585079e-03
2.533577e-03
2.631864e-03
2.811346e-03
2.946333e-03
2.996872e-03
2.968622e-03
2.887445e-03
2.804882e-03
2.720397e-03
2.701576e-03
2.787103e-03
2.894661e-03
2.913961e-03
2.798642e-03
2.619449e-03
2.475894e-03
2.477919e-03
2.627037e-03
2.800240e-03
2.941114e-03
3.051523e-03
3.101400e-03
3.054932e-03
2.934397e-03
2.784099e-03
2.649795e-03
2.555401e-03
2.489838e-03
2.458563e-03
2.458150e-03
2.466643e-03
2.475007e-03
2.486102e-03
2.499883e-03
2.534344e-03
2.588997e-03
2.599674e-03
2.527324e-03
2.411342e-03
2.302571e-03
2.180686e-03
1.999852e-03
1.822465e-03
1.755854e-03
1.823461e-03
1.990744e-03
2.174478e-03
2.272726e-03
2.274036e-03
2.230417e-03
2.148302e-03
1.972480e-03
1.728375e-03
1.553531e-03
1.497800e-03
1.503192e-03
1.495794e-03
1.435819e-03
1.392988e-03
1.429485e-03
1.495725e-03
1.538199e-03
1.553234e-03
1.592027e-03
1.674978e-03
1.722577e-03
1.685802e-03
1.581815e-03
1.464647e-03
1.392151e-03
1.350952e-03
1.308663e-03
1.301017e-03
1.349712e-03
1.407410e-03
1.426345e-03
1.407580e-03
1.379207e-03
1.321388e-03
1.236201e-03
1.174160e-03
1.107328e-03
1.046722e-03
1.040389e-03
1.013064e-03
9.628764e-04
9.932538e-04
1.067273e-03
1.100543e-03
1.105178e-03
1.078606e-03
1.034943e-03
1.023130e-03
1.006616e-03
9.122686e-04
7.442906e-04
5.981164e-04
5.695497e-04
6.402207e-04
6.949946e-04
6.510957e-04
5.314574e-04
4.266232e-04
3.609016e-04
2.873488e-04
1.858281e-04
8.379109e-05
6.753073e-05
1.551617e-04
2.530526e-04
2.766503e-04
2.218973e-04
1.384007e-04
4.643573e-05
-3.504975e-05
-8.343587e-05
-7.690969e-05
-1.052631e-05
6.474520e-05
1.273137e-04
1.469165e-04
6.267023e-05
-7.496045e-05
-2.007518e-04
-3.090018e-04
-3.433439e-04
-2.920137e-04
-2.243689e-04
-1.835088e-04
-1.884838e-04
-2.274378e-04
-2.886953e-04
-3.649841e-04
-4.567332e-04
-5.572542e-04
-6.042989e-04
-6.030324e-04
-6.015567e-04
-5.910771e-04
-6.061013e-04
-6.885916e-04
-7.913760e-04
-8.737068e-04
-9.430934e-04
-9.908417e-04
-9.910351e-04
-9.499547e-04
-9.075855e-04
-8.696651e-04
-8.331055e-04
-8.442539e-04
-9.063858e-04
-9.500641e-04
-9.301974e-04
-8.426619e-04
-7.277716e-04
-6.343907e-04
-5.698120e-04
-5.579795e-04
-6.277142e-04
-7.959107e-04
-9.868484e-04
-1.070104e-03
-1.045112e-03
-9.409714e-04
-8.336863e-04
-8.222668e-04
-8.552940e-04
-8.890091e-04
-9.446924e-04
-1.054296e-03
-1.187090e-03
-1.238094e-03
-1.233785e-03
-1.233381e-03
-1.258871e-03
-1.321738e-03
-1.378282e-03
-1.445033e-03
-1.510918e-03
-1.539420e-03
-1.542211e-03
-1.498279e-03
-1.427994e-03
-1.387510e-03
-1.416430e-03
-1.540685e-03
-1.707746e-03
-1.830278e-03
-1.902016e-03
-1.958722e-03
-1.974108e-03
-1.933051e-03
-1.898236e-03
-1.931739e-03
-2.033815e-03
-2.132537e-03
-2.201428e-03
-2.262948e-03
-2.318111e-03
-2.375032e-03
-2.380042e-03
-2.309485e-03
-2.243108e-03
-2.219892e-03
-2.208065e-03
-2.170792e-03
-2.146011e-03
-2.203381e-03
-2.321105e-03
-2.409493e-03
-2.420880e-03
-2.393068e-03
-2.367464e-03
-2.308353e-03
-2.238238e-03
-2.240616e-03
-2.337391e-03
-2.512486e-03
-2.665370e-03
-2.683909e-03
-2.615142e-03
-2.587767e-03
-2.562390e-03
-2.460211e-03
-2.387072e-03
-2.440122e-03
-2.615369e-03
-2.807032e-03
-2.878514e-03
-2.854486e-03
-2.828045e-03
-2.807659e-03
-2.749798e-03
-2.668052e-03
-2.639360e-03
-2.685203e-03
-2.773049e-03
-2.813501e-03
-2.706927e-03
-2.525421e-03
-2.418200e-03
-2.408817e-03
-2.439368e-03
-2.465075e-03
-2.498550e-03
-2.593709e-03
-2.699320e-03
-2.694896e-03
-2.568239e-03
-2.426755e-03
-2.384150e-03
-2.438228e-03
-2.514443e-03
-2.537874e-03
-2.521038e-03
-2.531928e-03
-2.544561e-03
-2.532528e-03
-2.525903e-03
-2.543909e-03
-2.613250e-03
-2.736585e-03
-2.852931e-03
-2.914751e-03
-2.937206e-03
-2.931633e-03
-2.913484e-03
-2.908721e-03
-2.899107e-03
-2.860523e-03
-2.804699e-03
-2.793496e-03
-2.829456e-03
-2.838930e-03
-2.792883e-03
-2.675414e-03
-2.513297e-03
-2.377767e-03
-2.333459e-03
-2.392792e-03
-2.463630e-03
-2.490770e-03
-2.516941e-03
-2.579702e-03
-2.645320e-03
-2.646683e-03
-2.599822e-03
-2.576227e-03
-2.644291e-03
-2.804237e-03
-2.933012e-03
-2.946557e-03
-2.908965e-03
-2.929482e-03
-2.993270e-03
-3.015757e-03
-2.987776e-03
-2.935715e-03
-2.886446e-03
-2.822942e-03
-2.742291e-03
-2.695123e-03
-2.694061e-03
-2.752420e-03
-2.857714e-03
-2.987465e-03
-3.108238e-03
-3.148337e-03
-3.146217e-03
-3.115363e-03
-3.024685e-03
-2.932473e-03
-2.878239e-03
-2.874966e-03
-2.920490e-03
-2.980852e-03
-3.021266e-03
-3.039827e-03
-3.056674e-03
-3.062033e-03
-3.063239e-03
-3.070735e-03
-3.054650e-03
-3.020709e-03
-2.992412e-03
-2.985500e-03
-3.035498e-03
-3.117306e-03
-3.170608e-03
-3.176014e-03
-3.138002e-03
-3.057958e-03
-2.966746e-03
-2.932068e-03
-2.923018e-03
-2.903362e-03
-2.922124e-03
-2.967397e-03
-2.986473e-03
-2.975381e-03
-2.943674e-03
-2.871927e-03
-2.813424e-03
-2.794396e-03
-2.752078e-03
-2.697952e-03
-2.653308e-03
-2.626304e-03
-2.671120e-03
-2.801964e-03
-2.921080e-03
-2.983941e-03
-3.067493e-03
-3.152276e-03
-3.153038e-03
-3.079285e-03
-2.975355e-03
-2.874427e-03
-2.840234e-03
-2.869294e-03
-2.881663e-03
-2.880401e-03
-2.901624e-03
-2.923108e-03
-2.913163e-03
-2.849631e-03
-2.737645e-03
-2.615825e-03
-2.517391e-03
-2.504158e-03
-2.605289e-03
-2.769944e-03
-2.908491e-03
-2.955925e-03
-2.958924e-03
-2.914178e-03
-2.774448e-03
-2.634758e-03
-2.622663e-03
-2.775242e-03
-3.014460e-03
-3.203547e-03
-3.244036e-03
-3.135185e-03
-2.952275e-03
-2.767385e-03
-2.661787e-03
-2.680834e-03
-2.782594e-03
-2.934863e-03
-3.108336e-03
-3.202312e-03
-3.136023e-03
-2.948962e-03
-2.753804e-03
-2.630767e-03
-2.618136e-03
-2.725649e-03
-2.888587e-03
-3.030000e-03
-3.112856e-03
-3.081030e-03
-2.909217e-03
-2.648886e-03
-2.423214e-03
-2.327559e-03
-2.348381e-03
-2.471767e-03
-2.669286e-03
-2.855220e-03
-2.917084e-03
-2.831279e-03
-2.692008e-03
-2.538263e-03
-2.396463e-03
-2.306680e-03
-2.295986e-03
-2.361070e-03
-2.422448e-03
-2.437869e-03
-2.409114e-03
-2.332233e-03
-2.216355e-03
-2.095430e-03
-2.034946e-03
-2.036490e-03
-2.038932e-03
-2.018345e-03
-1.970012e-03
-1.912515e-03
-1.870934e-03
-1.815387e-03
-1.716590e-03
-1.628635e-03
-1.636724e-03
-1.724196e-03
-1.835906e-03
-1.922620e-03
-1.924298e-03
-1.883580e-03
-1.851722e-03
-1.811936e-03
-1.773242e-03
-1.735399e-03
-1.666130e-03
-1.553229e-03
-1.427549e-03
-1.291368e-03
-1.149546e-03
-1.061612e-03
-1.027348e-03
-1.022670e-03
-1.052621e-03
-1.114905e-03
-1.204903e-03
-1.304444e-03
-1.361222e-03
-1.327655e-03
-1.245607e-03
-1.188197e-03
-1.141835e-03
-1.099915e-03
-1.115890e-03
-1.184774e-03
-1.265031e-03
-1.308317e-03
-1.276273e-03
-1.203257e-03
-1.115155e-03
-9.837206e-04
-8.134465e-04
-6.724627e-04
-6.156888e-04
-6.026169e-04
-5.425665e-04
-4.186074e-04
-3.073944e-04
-2.645856e-04
-2.580540e-04
-2.717717e-04
-3.522188e-04
-5.039022e-04
-6.655299e-04
-7.355103e-04
-6.320985e-04
-4.080003e-04
-1.999026e-04
-6.227870e-05
2.780694e-05
4.884889e-05
-5.044862e-05
-2.355905e-04
-3.800955e-04
-3.627211e-04
-1.871991e-04
-7.601910e-06
4.044869e-05
-3.568021e-07
-4.031108e-05
-9.848400e-05
-1.828406e-04
-2.018405e-04
-6.941919e-05
1.939142e-04
4.592607e-04
5.936364e-04
5.538467e-04
4.087818e-04
2.592305e-04
1.623735e-04
1.697294e-04
2.784269e-04
4.551561e-04
6.844833e-04
8.342207e-04
7.613237e-04
5.295153e-04
3.087977e-04
2.108930e-04
2.650829e-04
4.315505e-04
6.314091e-04
7.790333e-04
8.175639e-04
7.505624e-04
6.465975e-04
5.999246e-04
6.378359e-04
7.730670e-04
1.023911e-03
1.281167e-03
1.392004e-03
1.340171e-03
1.186949e-03
1.009643e-03
9.010042e-04
8.192899e-04
7.568344e-04
8.342005e-04
9.937256e-04
1.113412e-03
1.169198e-03
1.182773e-03
1.212955e-03
1.256273e-03
1.282863e-03
1.315114e-03
1.377805e-03
1.447111e-03
1.489456e-03
1.504356e-03
1.488314e-03
1.477142e-03
1.500347e-03
1.547228e-03
1.602493e-03
1.636133e-03
1.674525e-03
1.744392e-03
1.804158e-03
1.807842e-03
1.748634e-03
1.662100e-03
1.603122e-03
1.636496e-03
1.753074e-03
1.916151e-03
2.102490e-03
2.255367e-03
2.354548e-03
2.348766e-03
2.221405e-03
2.063902e-03
1.979818e-03
2.019614e-03
2.132856e-03
2.273424e-03
2.423039e-03
2.567230e-03
2.644325e-03
2.586647e-03
2.466019e-03
2.376914e-03
2.344996e-03
2.372598e-03
2.467632e-03
2.550994e-03
2.570460e-03
2.622479e-03
2.677238e-03
2.673102e-03
2.675373e-03
2.710748e-03
2.791335e-03
2.917097e-03
3.063507e-03
3.239999e-03
3.358663e-03
3.303008e-03
3.085843e-03
2.789105e-03
2.590663e-03
2.588475e-03
2.664889e-03
2.752527e-03
2.878549e-03
3.037306e-03
3.161897e-03
3.189948e-03
3.147684e-03
3.101231e-03
3.121406e-03
3.229214e-03
3.340306e-03
3.430798e-03
3.537781e-03
3.593542e-03
3.507351e-03
3.299658e-03
3.080431e-03
2.928218e-03
2.895227e-03
3.010750e-03
3.215832e-03
3.449268e-03
3.660127e-03
3.766670e-03
3.723585e-03
3.593972e-03
3.472761e-03
3.362000e-03
3.280111e-03
3.269317e-03
3.318754e-03
3.427140e-03
3.555154e-03
3.627295e-03
3.621145e-03
3.586514e-03
3.589715e-03
3.666254e-03
3.797881e-03
3.911576e-03
3.983634e-03
4.001965e-03
3.935921e-03
3.820674e-03
3.716036e-03
3.665200e-03
3.694459e-03
3.839588e-03
4.054800e-03
4.211133e-03
4.278044e-03
4.265526e-03
4.201454e-03
4.148111e-03
4.096212e-03
4.039593e-03
4.038564e-03
4.145548e-03
4.298056e-03
4.387847e-03
4.391499e-03
4.336854e-03
4.278071e-03
4.216837e-03
4.152874e-03
4.144613e-03
4.195036e-03
4.278838e-03
4.365018e-03
4.429254e-03
4.446833e-03
4.375828e-03
4.258798e-03
4.176048e-03
4.166678e-03
4.218542e-03
4.294710e-03
4.372289e-03
4.407200e-03
4.393725e-03
4.341806e-03
4.239493e-03
4.130564e-03
4.016697e-03
3.914535e-03
3.929255e-03
4.070619e-03
4.206801e-03
4.248243e-03
4.234575e-03
4.187753e-03
4.115900e-03
4.023923e-03
3.916529e-03
3.921817e-03
4.106039e-03
4.318180e-03
4.386104e-03
4.287797e-03
4.132163e-03
4.002840e-03
3.902892e-03
3.793335e-03
3.713321e-03
3.790330e-03
4.023908e-03
4.268084e-03
4.343173e-03
4.218811e-03
4.032893e-03
3.848605e-03
3.658264e-03
3.506464e-03
3.478201e-03
3.599150e-03
3.802779e-03
3.974607e-03
4.029381e-03
3.988330e-03
3.893820e-03
3.728077e-03
3.525228e-03
3.410101e-03
3.438730e-03
3.558382e-03
3.707772e-03
3.849623e-03
3.942026e-03
3.938551e-03
3.859643e-03
3.759242e-03
3.681141e-03
3.635389e-03
3.621986e-03
3.692218e-03
3.811959e-03
3.865672e-03
3.768690e-03
3.525258e-03
3.279155e-03
3.140432e-03
3.079256e-03
3.050869e-03
3.049567e-03
3.033336e-03
2.975038e-03
2.917939e-03
2.878125e-03
2.837873e-03
2.823374e-03
2.885753e-03
3.012129e-03
3.107950e-03
3.105297e-03
3.002390e-03
2.829765e-03
2.665212e-03
2.558045e-03
2.507468e-03
2.528809e-03
2.592185e-03
2.647873e-03
2.647106e-03
2.507694e-03
2.243367e-03
1.974549e-03
1.820926e-03
1.859565e-03
2.050354e-03
2.290662e-03
2.476242e-03
2.549992e-03
2.536668e-03
2.410592e-03
2.187215e-03
1.996036e-03
1.948975e-03
2.066483e-03
2.226492e-03
2.293893e-03
2.280276e-03
2.247084e-03
2.197817e-03
2.112463e-03
1.985047e-03
1.887881e-03
1.902326e-03
1.967201e-03
1.997736e-03
1.967118e-03
1.889356e-03
1.840088e-03
1.784151e-03
1.665617e-03
1.563883e-03
1.542874e-03
1.616410e-03
1.715574e-03
1.721511e-03
1.612716e-03
1.469772e-03
1.328659e-03
1.180303e-03
1.100767e-03
1.090310e-03
1.057643e-03
9.809213e-04
9.268292e-04
9.384033e-04
9.549861e-04
9.388497e-04
8.737747e-04
8.198678e-04
8.700765e-04
9.398158e-04
9.443517e-04
8.840395e-04
8.193735e-04
8.165395e-04
8.026056e-04
7.091584e-04
5.675964e-04
4.754870e-04
4.523409e-04
3.954607e-04
3.105132e-04
2.655398e-04
2.836968e-04
3.498590e-04
3.863404e-04
3.662535e-04
3.537584e-04
3.628861e-04
3.053964e-04
1.514127e-04
-6.445469e-05
-3.032717e-04
-5.011219e-04
-6.111482e-04
-5.884801e-04
-4.287091e-04
-1.890328e-04
-1.756295e-05
-5.471729e-05
-2.479426e-04
-5.267278e-04
-8.471986e-04
-1.091242e-03
-1.161067e-03
-1.013475e-03
-7.248201e-04
-4.981415e-04
-4.475242e-04
-5.208939e-04
-6.674366e-04
-8.638335e-04
-1.056959e-03
-1.212264e-03
-1.284326e-03
-1.211913e-03
-1.052335e-03
-9.691095e-04
-1.031098e-03
-1.199471e-03
-1.428334e-03
-1.676922e-03
-1.866146e-03
-1.925087e-03
-1.870440e-03
-1.723847e-03
-1.573935e-03
-1.596333e-03
-1.829843e-03
-2.128737e-03
-2.351699e-03
-2.452221e-03
-2.432121e-03
-2.384434e-03
-2.350573e-03
-2.308152e-03
-2.359280e-03
-2.499879e-03
-2.583036e-03
-2.589542e-03
-2.583954e-03
-2.578466e-03
-2.592222e-03
-2.664889e-03
-2.786914e-03
-2.878691e-03
-2.868257e-03
-2.829239e-03
-2.839551e-03
-2.921008e-03
-3.043368e-03
-3.089478e-03
-3.108086e-03
-3.218745e-03
-3.380108e-03
-3.445937e-03
-3.330395e-03
-3.162790e-03
-3.099766e-03
-3.143288e-03
-3.225637e-03
-3.276737e-03
-3.294324e-03
-3.369382e-03
-3.485241e-03
-3.499419e-03
-3.369394e-03
-3.240984e-03
-3.240055e-03
-3.300497e-03
-3.385008e-03
-3.526263e-03
-3.743080e-03
-3.954967e-03
-3.993346e-03
-3.852170e-03
-3.640710e-03
-3.511815e-03
-3.578064e-03
-3.775138e-03
-4.008480e-03
-4.243232e-03
-4.406917e-03
-4.408575e-03
-4.237957e-03
-3.982421e-03
-3.777392e-03
-3.683836e-03
-3.703388e-03
-3.811124e-03
-3.928952e-03
-4.026355e-03
-4.084972e-03
-4.037858e-03
-3.888788e-03
-3.747031e-03
-3.725711e-03
-3.821846e-03
-3.958941e-03
-4.089225e-03
-4.170540e-03
-4.218664e-03
-4.238857e-03
-4.144191e-03
-3.951859e-03
-3.844190e-03
-3.865248e-03
-3.899189e-03
-3.924726e-03
-3.917742e-03
-3.863984e-03
-3.822910e-03
-3.792454e-03
-3.722675e-03
-3.642720e-03
-3.658040e-03
-3.767930e-03
-3.885558e-03
-3.939488e-03
-3.880709e-03
-3.748086e-03
-3.673443e-03
-3.702182e-03
-3.733653e-03
-3.757761e-03
-3.835058e-03
-3.910297e-03
-3.905888e-03
-3.821974e-03
-3.706986e-03
-3.615404e-03
-3.572645e-03
-3.605516e-03
-3.728487e-03
-3.857644e-03
-3.920867e-03
-3.926555e-03
-3.876073e-03
-3.768360e-03
-3.651248e-03
-3.547352e-03
-3.416459e-03
-3.322341e-03
-3.316121e-03
-3.345241e-03
-3.410136e-03
-3.445116e-03
-3.351908e-03
-3.200837e-03
-3.106630e-03
-3.040376e-03
-2.918020e-03
-2.817301e-03
-2.846482e-03
-2.986931e-03
-3.181837e-03
-3.295883e-03
-3.284873e-03
-3.266862e-03
-3.255088e-03
-3.185529e-03
-3.043856e-03
-2.911023e-03
-2.884726e-03
-2.978182e-03
-3.137802e-03
-3.266735e-03
-3.312212e-03
-3.269695e-03
-3.118286e-03
-2.914989e-03
-2.757040e-03
-2.654459e-03
-2.645740e-03
-2.767324e-03
-2.934467e-03
-3.003899e-03
-2.914762e-03
-2.727673e-03
-2.555053e-03
-2.522156e-03
-2.604782e-03
-2.720034e-03
-2.852277e-03
-2.923335e-03
-2.908649e-03
-2.839099e-03
-2.695833e-03
-2.491490e-03
-2.345036e-03
-2.372059e-03
-2.479899e-03
-2.543442e-03
-2.584222e-03
-2.620794e-03
-2.609651e-03
-2.460066e-03
-2.192569e-03
-2.021374e-03
-2.071417e-03
-2.275370e-03
-2.441255e-03
-2.409601e-03
-2.271497e-03
-2.204513e-03
-2.236275e-03
-2.283509e-03
-2.280100e-03
-2.267620e-03
-2.340818e-03
-2.465361e-03
-2.502967e-03
-2.396267e-03
-2.232709e-03
-2.118912e-03
-2.053634e-03
-2.062516e-03
-2.169254e-03
-2.331703e-03
-2.509372e-03
-2.619674e-03
-2.621270e-03
-2.531059e-03
-2.367493e-03
-2.145619e-03
-1.905376e-03
-1.774441e-03
-1.843715e-03
-2.030363e-03
-2.165757e-03
-2.185259e-03
-2.182395e-03
-2.208867e-03
-2.163120e-03
-1.994421e-03
-1.846513e-03
-1.889221e-03
-2.082554e-03
-2.234280e-03
-2.244766e-03
-2.185434e-03
-2.138551e-03
-2.086546e-03
-2.000129e-03
-1.896959e-03
-1.919224e-03
-2.124524e-03
-2.315650e-03
-2.389458e-03
-2.385633e-03
-2.317094e-03
-2.205252e-03
-2.123161e-03
-2.125569e-03
-2.173513e-03
-2.250170e-03
-2.346461e-03
-2.390839e-03
-2.366777e-03
-2.260623e-03
-2.083742e-03
-1.997731e-03
-2.015623e-03
-1.993849e-03
-1.917859e-03
-1.792052e-03
-1.596399e-03
-1.319507e-03
-9.562940e-04
-5.563887e-04
-2.193277e-04
-8.438382e-05
-1.686161e-04
-3.487319e-04
-4.801237e-04
-4.707198e-04
-3.544209e-04
-2.060627e-04
-1.087147e-04
-1.076682e-04
-1.626917e-04
-2.534525e-04
-4.118519e-04
-6.079455e-04
-6.833582e-04
-5.947153e-04
-4.779316e-04
-4.270818e-04
-4.801546e-04
-5.939902e-04
-6.455538e-04
-5.908943e-04
-4.809326e-04
-3.706881e-04
-2.964811e-04
-2.645668e-04
-2.672746e-04
-3.577185e-04
-5.648254e-04
-8.147666e-04
-1.047265e-03
-1.216715e-03
-1.280776e-03
-1.278687e-03
-1.218597e-03
-1.087769e-03
-9.451721e-04
-8.406629e-04
-8.386674e-04
-9.429772e-04
-1.059268e-03
-1.124352e-03
-1.134500e-03
-1.084848e-03
-9.394080e-04
-7.027743e-04
-3.928210e-04
-7.350343e-05
1.855006e-04
4.024448e-04
5.035857e-04
3.996913e-04
8.897577e-05
-4.337649e-04
-1.042047e-03
-1.484191e-03
-1.590518e-03
-1.377843e-03
-9.676113e-04
-4.702023e-04
2.208758e-05
4.320465e-04
6.913509e-04
7.406126e-04
5.799005e-04
3.108511e-04
4.202490e-05
-1.761826e-04
-3.671707e-04
-5.447212e-04
-6.235887e-04
-5.461187e-04
-3.332994e-04
-1.116032e-04
6.985009e-05
2.581937e-04
3.512856e-04
3.341975e-04
2.449815e-04
9.317498e-05
-7.978523e-05
-2.417985e-04
-3.099466e-04
-3.405184e-04
-2.885225e-04
-1.622988e-04
-2.156567e-04
-3.912005e-04
-5.618755e-04
-6.943365e-04
-8.157463e-04
-9.012109e-04
-8.065466e-04
-7.381486e-04
-7.712841e-04
-7.725000e-04
-8.468951e-04
-9.405543e-04
-8.700702e-04
-5.807519e-04
-1.792744e-04
1.740068e-04
3.880560e-04
3.725338e-04
1.634450e-04
-1.507064e-04
-5.130943e-04
-7.853027e-04
-8.635559e-04
-6.954003e-04
-3.102567e-04
1.556229e-04
5.528016e-04
7.501715e-04
7.106513e-04
4.357758e-04
1.790238e-05
-3.091331e-04
-4.556791e-04
-5.240118e-04
-5.493897e-04
-5.486716e-04
-6.017381e-04
-6.838743e-04
-7.245331e-04
-6.781322e-04
-5.677920e-04
-4.437736e-04
-2.911434e-04
-2.464711e-04
-4.535313e-04
-7.936684e-04
-1.039883e-03
-1.060429e-03
-8.757010e-04
-5.825861e-04
-2.944548e-04
-6.308471e-05
7.674564e-05
6.326079e-05
-1.094159e-04
-3.259005e-04
-4.556951e-04
-4.868771e-04
-3.921411e-04
-2.144132e-04
-6.233161e-05
5.860898e-05
8.870684e-05
-1.529771e-05
-1.456861e-04
-1.996506e-04
-1.523967e-04
6.430674e-06
1.756779e-04
2.270585e-04
1.685515e-04
2.492328e-05
-1.670664e-04
-3.621678e-04
-4.644170e-04
-3.638120e-04
-9.560852e-05
2.216284e-04
4.136369e-04
3.772392e-04
1.781259e-04
-9.936562e-05
-3.860465e-04
-5.968628e-04
-6.344839e-04
-4.870554e-04
-2.942714e-04
-1.694348e-04
-1.410519e-04
-1.762746e-04
-2.167401e-04
-2.316397e-04
-2.087117e-04
-2.206439e-04
-2.380886e-04
-1.463459e-04
-1.439043e-06
8.647010e-05
6.501060e-05
-3.697711e-05
-1.087788e-04
-6.734744e-05
4.225696e-05
1.838563e-04
3.453725e-04
4.364648e-04
4.287440e-04
3.049265e-04
9.708372e-05
-2.217251e-05
-2.849055e-06
1.007548e-04
2.346739e-04
3.022178e-04
2.180359e-04
-3.573379e-05
-2.898390e-04
-3.796485e-04
-3.081725e-04
-8.848976e-05
2.205851e-04
5.421763e-04
7.887423e-04
8.547586e-04
7.706678e-04
6.335598e-04
4.343389e-04
1.897724e-04
-2.968068e-06
-8.253119e-05
5.229799e-06
2.220480e-04
4.502530e-04
5.788354e-04
5.938976e-04
6.006053e-04
5.839122e-04
4.959819e-04
3.652251e-04
2.093890e-04
9.510183e-05
4.641038e-05
3.077824e-05
7.025996e-05
1.514833e-04
2.149204e-04
2.419253e-04
2.587059e-04
3.216089e-04
4.572080e-04
5.958722e-04
6.797680e-04
7.194352e-04
7.323983e-04
7.230550e-04
6.541087e-04
5.446284e-04
4.538594e-04
4.118723e-04
4.599895e-04
5.932174e-04
8.095608e-04
1.038615e-03
1.148623e-03
1.145436e-03
1.048346e-03
8.541236e-04
6.635563e-04
5.828520e-04
6.378643e-04
7.834894e-04
9.289403e-04
1.038532e-03
1.074491e-03
9.696697e-04
7.788481e-04
6.507163e-04
7.026812e-04
8.821502e-04
1.052631e-03
1.191566e-03
1.284203e-03
1.281933e-03
1.207475e-03
1.100280e-03
9.644280e-04
8.446843e-04
7.965716e-04
7.942432e-04
7.382997e-04
5.838473e-04
4.018892e-04
2.626681e-04
1.737377e-04
1.023207e-04
6.305817e-05
1.139580e-04
2.278566e-04
2.910675e-04
2.202560e-04
4.337103e-05
-1.727464e-04
-3.433544e-04
-3.715339e-04
-2.680634e-04
-8.765982e-05
1.683266e-04
5.376729e-04
1.034695e-03
1.548276e-03
1.936568e-03
2.158989e-03
2.247243e-03
2.213294e-03
2.061264e-03
1.797817e-03
1.399413e-03
9.862373e-04
7.415419e-04
6.496423e-04
6.561087e-04
7.859351e-04
1.021847e-03
1.287148e-03
1.460380e-03
1.445252e-03
1.227577e-03
8.956404e-04
6.534383e-04
6.153283e-04
7.510092e-04
1.021553e-03
1.371149e-03
1.744468e-03
2.065757e-03
2.259088e-03
2.293273e-03
2.108786e-03
1.720958e-03
1.225993e-03
7.288647e-04
3.940736e-04
2.669056e-04
2.792320e-04
3.685851e-04
4.693392e-04
5.535554e-04
5.721494e-04
5.340412e-04
5.045821e-04
4.888776e-04
5.218355e-04
6.290096e-04
7.633485e-04
8.361491e-04
7.902517e-04
6.581896e-04
5.181567e-04
4.356223e-04
4.154450e-04
4.721712e-04
6.267299e-04
8.589037e-04
1.130925e-03
1.377606e-03
1.537645e-03
1.587677e-03
1.560712e-03
1.489277e-03
1.394328e-03
1.326288e-03
1.297475e-03
1.273472e-03
1.213527e-03
1.059318e-03
7.900131e-04
4.919870e-04
2.572393e-04
9.155455e-05
-2.124640e-05
-4.618925e-05
4.975641e-05
2.548152e-04
5.400468e-04
8.393471e-04
1.077609e-03
1.216165e-03
1.313595e-03
1.426295e-03
1.502292e-03
1.512318e-03
1.445407e-03
1.312275e-03
1.158157e-03
1.006287e-03
8.980661e-04
8.571029e-04
8.921307e-04
9.931820e-04
1.092627e-03
1.133593e-03
1.070235e-03
9.106656e-04
7.187868e-04
5.334890e-04
4.054551e-04
3.924380e-04
5.095762e-04
6.789964e-04
7.784787e-04
7.969090e-04
7.785436e-04
7.362885e-04
7.237202e-04
8.185743e-04
1.005573e-03
1.179985e-03
1.254377e-03
1.198031e-03
1.041348e-03
8.352213e-04
5.917151e-04
3.723692e-04
2.651213e-04
2.824374e-04
3.954551e-04
5.292877e-04
6.145697e-04
6.389766e-04
6.082391e-04
5.189728e-04
3.988916e-04
3.285132e-04
3.150484e-04
3.579546e-04
4.547566e-04
5.183892e-04
5.472691e-04
5.686439e-04
5.656249e-04
5.693644e-04
6.344809e-04
8.107882e-04
1.025907e-03
1.142446e-03
1.170329e-03
1.132967e-03
1.019054e-03
8.733293e-04
7.351235e-04
6.825243e-04
7.429088e-04
8.661687e-04
1.011202e-03
1.033199e-03
8.524936e-04
5.657941e-04
2.821927e-04
9.095483e-05
3.480977e-05
1.376604e-04
3.616381e-04
5.691191e-04
6.621701e-04
6.376222e-04
5.428049e-04
4.402298e-04
3.698996e-04
3.657227e-04
4.683006e-04
6.227705e-04
7.508999e-04
8.116432e-04
7.718426e-04
6.993724e-04
6.801033e-04
7.200638e-04
7.637618e-04
8.228941e-04
9.275390e-04
1.006480e-03
1.040987e-03
1.010223e-03
8.802805e-04
6.945162e-04
5.039110e-04
3.647181e-04
3.174101e-04
3.225812e-04
2.836133e-04
2.074937e-04
1.716093e-04
1.876192e-04
2.547800e-04
3.764053e-04
5.324937e-04
6.328780e-04
6.282131e-04
5.574433e-04
4.279108e-04
3.011282e-04
2.569094e-04
3.316530e-04
5.181437e-04
7.709196e-04
1.033431e-03
1.224102e-03
1.325044e-03
1.299887e-03
1.103490e-03
8.170888e-04
5.460592e-04
3.499076e-04
2.425564e-04
2.308209e-04
3.068983e-04
4.629450e-04
6.757139e-04
8.338378e-04
8.995010e-04
9.168843e-04
8.859533e-04
8.314165e-04
7.939980e-04
7.922891e-04
8.322510e-04
8.917676e-04
9.177343e-04
8.923316e-04
8.572494e-04
8.045317e-04
7.495095e-04
7.453594e-04
7.984284e-04
9.355877e-04
1.120695e-03
1.255989e-03
1.312745e-03
1.302878e-03
1.209204e-03
1.016547e-03
7.862084e-04
5.937400e-04
5.166442e-04
5.894964e-04
7.598520e-04
9.527687e-04
1.096340e-03
1.140439e-03
1.060478e-03
9.178912e-04
7.583644e-04
6.076719e-04
5.515784e-04
5.931061e-04
6.964739e-04
8.243272e-04
9.254817e-04
9.447349e-04
8.645590e-04
7.602434e-04
6.728075e-04
6.252859e-04
6.578211e-04
7.459704e-04
8.819214e-04
1.044346e-03
1.102634e-03
9.931457e-04
7.979501e-04
6.302398e-04
5.467844e-04
5.482546e-04
5.970947e-04
6.345554e-04
6.606008e-04
6.739355e-04
6.446958e-04
6.075560e-04
6.260978e-04
7.087703e-04
8.003144e-04
8.854692e-04
9.997742e-04
1.123978e-03
1.234273e-03
1.325664e-03
1.384449e-03
1.410583e-03
1.374395e-03
1.254454e-03
1.093340e-03
9.752276e-04
9.603801e-04
1.020686e-03
1.091222e-03
1.138334e-03
1.176656e-03
1.229191e-03
1.270149e-03
1.263504e-03
1.240626e-03
1.251634e-03
1.305410e-03
1.362758e-03
1.370715e-03
1.336558e-03
1.282141e-03
1.245487e-03
1.248319e-03
1.257282e-03
1.266410e-03
1.288589e-03
1.345757e-03
1.416902e-03
1.428393e-03
1.356643e-03
1.222522e-03
1.054506e-03
9.185815e-04
8.762580e-04
9.538530e-04
1.139454e-03
1.316493e-03
1.392133e-03
1.361302e-03
1.228157e-03
1.029414e-03
8.563281e-04
7.814838e-04
7.976683e-04
8.766556e-04
9.706977e-04
1.046890e-03
1.071485e-03
1.043023e-03
1.020694e-03
1.019143e-03
1.095851e-03
1.281629e-03
1.476497e-03
1.583313e-03
1.570522e-03
1.498870e-03
1.468590e-03
1.492809e-03
1.561974e-03
1.694476e-03
1.817671e-03
1.854672e-03
1.791396e-03
1.631697e-03
1.431705e-03
1.298436e-03
1.291781e-03
1.339684e-03
1.377120e-03
1.407411e-03
1.409778e-03
1.381016e-03
1.336920e-03
1.286830e-03
1.276924e-03
1.350365e-03
1.505825e-03
1.708958e-03
1.877634e-03
1.937273e-03
1.884568e-03
1.719704e-03
1.460158e-03
1.238435e-03
1.174622e-03
1.240367e-03
1.375551e-03
1.513793e-03
1.547005e-03
1.440122e-03
1.244588e-03
1.019806e-03
8.238256e-04
6.954174e-04
6.452129e-04
6.735747e-04
7.470830e-04
8.042724e-04
8.634412e-04
9.561835e-04
1.021779e-03
1.028250e-03
9.813567e-04
9.324350e-04
9.181738e-04
8.907270e-04
8.654694e-04
8.525595e-04
8.413018e-04
8.683060e-04
9.549120e-04
1.102643e-03
1.256364e-03
1.364118e-03
1.429252e-03
1.467727e-03
1.508139e-03
1.532051e-03
1.492768e-03
1.403660e-03
1.314987e-03
1.237989e-03
1.143838e-03
1.026082e-03
9.239468e-04
8.679686e-04
8.245784e-04
7.988791e-04
8.348595e-04
8.844918e-04
9.075933e-04
9.431337e-04
1.011682e-03
1.074853e-03
1.093287e-03
1.110354e-03
1.140089e-03
1.162282e-03
1.225100e-03
1.272891e-03
1.241410e-03
1.170351e-03
1.072597e-03
9.652401e-04
8.391969e-04
6.964817e-04
6.225867e-04
6.489416e-04
7.129215e-04
7.505644e-04
7.440532e-04
7.289689e-04
7.181061e-04
6.881708e-04
6.715587e-04
6.912806e-04
7.462154e-04
8.471960e-04
9.062328e-04
8.173095e-04
6.206117e-04
4.390559e-04
3.491118e-04
3.457807e-04
3.871036e-04
4.489455e-04
5.529436e-04
6.698158e-04
6.981084e-04
6.240608e-04
5.192824e-04
4.149295e-04
3.305935e-04
2.843871e-04
2.489497e-04
2.129191e-04
2.070457e-04
2.046611e-04
1.533392e-04
1.204817e-04
1.489628e-04
1.952944e-04
2.352396e-04
2.298105e-04
1.667939e-04
5.587546e-05
-9.014809e-05
-2.345619e-04
-3.288744e-04
-3.410304e-04
-2.764712e-04
-1.484295e-04
1.471101e-05
1.574814e-04
2.182303e-04
2.151542e-04
1.721332e-04
9.144798e-05
3.452387e-05
9.035943e-06
-3.146678e-05
-1.461084e-04
-3.378867e-04
-5.130195e-04
-5.962195e-04
-6.046479e-04
-5.912687e-04
-5.508754e-04
-4.798594e-04
-3.963257e-04
-3.556361e-04
-3.787642e-04
-3.739285e-04
-2.989653e-04
-1.806081e-04
-7.841748e-05
-3.943381e-05
-6.664219e-07
6.201738e-05
7.036845e-05
-1.234284e-05
-1.585149e-04
-2.979651e-04
-3.797339e-04
-4.115247e-04
-4.291904e-04
-4.576042e-04
-4.575840e-04
-4.392692e-04
-4.642638e-04
-5.315876e-04
-6.031866e-04
-6.045606e-04
-5.152276e-04
-3.958979e-04
-3.004247e-04
-2.470382e-04
-2.290734e-04
-2.965979e-04
-4.554102e-04
-6.033579e-04
-6.948656e-04
-7.328107e-04
-6.687664e-04
-5.084126e-04
-3.669506e-04
-2.854820e-04
-2.618187e-04
-3.343170e-04
-4.657239e-04
-5.856835e-04
-6.761803e-04
-7.354136e-04
-7.743334e-04
-7.949944e-04
-7.649652e-04
-6.697386e-04
-5.416204e-04
-4.217832e-04
-3.524860e-04
-3.764054e-04
-4.692136e-04
-5.758332e-04
-6.786520e-04
-7.603683e-04
-7.564972e-04
-6.330040e-04
-4.831213e-04
-3.736895e-04
-3.027448e-04
-2.880088e-04
-3.132446e-04
-3.582239e-04
-4.162070e-04
-4.406265e-04
-3.851443e-04
-2.733246e-04
-2.151588e-04
-2.608994e-04
-3.452255e-04
-4.339320e-04
-5.103834e-04
-5.788649e-04
-6.206702e-04
-5.646143e-04
-4.365667e-04
-2.934942e-04
-1.981211e-04
-1.893040e-04
-2.025344e-04
-2.378807e-04
-3.144549e-04
-3.777962e-04
-3.852443e-04
-3.218518e-04
-2.443052e-04
-2.056467e-04
-2.350761e-04
-3.654530e-04
-5.522995e-04
-7.509788e-04
-9.106488e-04
-9.949348e-04
-1.017455e-03
-9.826729e-04
-9.506553e-04
-9.768104e-04
-1.022471e-03
-1.024736e-03
-9.963188e-04
-9.821229e-04
-9.637405e-04
-8.908193e-04
-7.389943e-04
-5.691113e-04
-4.688285e-04
-4.379154e-04
-4.596486e-04
-5.446181e-04
-6.576683e-04
-7.516184e-04
-7.861517e-04
-7.738677e-04
-7.655926e-04
-7.802191e-04
-8.113891e-04
-7.971991e-04
-7.241780e-04
-6.292364e-04
-5.029630e-04
-3.498795e-04
-2.296246e-04
-1.929495e-04
-2.081762e-04
-2.302279e-04
-2.414558e-04
-2.466107e-04
-2.416300e-04
-1.798674e-04
-6.441206e-05
7.519723e-05
1.788251e-04
1.778157e-04
1.367161e-04
1.281853e-04
1.400395e-04
1.235679e-04
4.421458e-05
-7.272580e-05
-2.133243e-04
-3.571873e-04
-4.654812e-04
-5.438427e-04
-5.832120e-04
-5.537447e-04
-4.692285e-04
-3.690144e-04
-2.815266e-04
-2.498288e-04
-2.989530e-04
-4.003099e-04
-5.143356e-04
-6.043140e-04
-6.422635e-04
-6.381458e-04
-6.090294e-04
-5.351705e-04
-4.458365e-04
-4.179341e-04
-4.513323e-04
-5.053721e-04
-5.388157e-04
-5.260683e-04
-4.911904e-04
-4.512935e-04
-3.714197e-04
-2.663875e-04
-2.073857e-04
-1.961806e-04
-2.287232e-04
-2.793690e-04
-2.783275e-04
-2.132533e-04
-1.218542e-04
-5.196599e-05
-3.830079e-07
3.488905e-05
3.589571e-05
-1.697193e-06
-9.119177e-05
-1.733039e-04
-1.505913e-04
-1.609374e-05
1.399816e-04
2.673463e-04
3.669294e-04
4.127698e-04
4.082353e-04
3.277195e-04
1.560067e-04
-9.984397e-06
-8.109891e-05
-7.000101e-05
-3.136142e-05
3.221451e-06
7.014445e-05
1.880320e-04
3.117358e-04
4.472254e-04
5.473622e-04
5.825276e-04
6.070973e-04
5.843060e-04
4.919965e-04
4.011673e-04
3.593481e-04
3.504291e-04
3.687685e-04
3.971343e-04
4.137847e-04
4.266369e-04
4.184691e-04
3.984850e-04
3.599381e-04
2.849598e-04
1.909215e-04
1.025686e-04
3.407798e-05
-3.355997e-05
-8.260057e-05
-1.000870e-04
-1.132060e-04
-1.132907e-04
-9.526347e-05
-6.566570e-05
-3.195578e-05
-1.195625e-05
6.237470e-07
1.732072e-05
1.616927e-05
-3.790584e-05
-1.151500e-04
-1.661575e-04
-1.881578e-04
-1.906040e-04
-1.976083e-04
-2.151849e-04
-2.154167e-04
-1.724224e-04
-1.096849e-04
-9.272035e-05
-1.249921e-04
-1.480691e-04
-1.359047e-04
-1.283019e-04
-1.706893e-04
-2.405661e-04
-2.835224e-04
-2.683141e-04
-2.213554e-04
-1.988836e-04
-1.999109e-04
-1.920757e-04
-1.672528e-04
-1.525040e-04
-1.849056e-04
-2.363157e-04
-2.473006e-04
-2.174510e-04
-1.599604e-04
-7.010558e-05
3.076304e-05
1.212828e-04
1.739421e-04
1.567256e-04
9.273552e-05
1.316271e-05
-7.030489e-05
-1.097200e-04
-1.046892e-04
-1.389032e-04
-2.260311e-04
-3.049357e-04
-3.505004e-04
-3.892736e-04
-4.293102e-04
-4.380795e-04
-4.220536e-04
-4.033729e-04
-4.051706e-04
-4.591895e-04
-5.142177e-04
-4.930643e-04
-4.013751e-04
-3.080139e-04
-2.393099e-04
-1.823821e-04
-1.333042e-04
-7.574581e-05
-4.810503e-05
-5.759533e-05
-6.895785e-05
-1.051226e-04
-1.450991e-04
-1.540401e-04
-1.351390e-04
-1.188425e-04
-1.408331e-04
-1.644936e-04
-1.275137e-04
-2.861141e-05
1.050821e-04
2.561502e-04
3.935628e-04
4.993546e-04
5.542760e-04
5.108340e-04
3.688340e-04
2.049638e-04
7.382847e-05
-2.346056e-05
-6.576221e-05
-7.000397e-05
-4.580842e-05
2.115575e-05
5.563755e-05
4.715530e-05
3.404663e-05
-1.020054e-05
-1.038030e-04
-2.074770e-04
-2.540469e-04
-2.565313e-04
-2.613758e-04
-2.803427e-04
-2.897241e-04
-2.253491e-04
-1.036346e-04
2.152978e-06
8.084087e-05
1.321754e-04
1.825644e-04
2.275463e-04
2.277610e-04
2.242422e-04
2.301039e-04
2.815951e-04
3.958644e-04
4.870102e-04
5.146579e-04
4.705917e-04
4.409422e-04
5.275385e-04
7.055533e-04
9.078348e-04
1.078275e-03
1.240797e-03
1.406151e-03
1.517798e-03
1.534962e-03
1.473618e-03
1.409079e-03
1.428785e-03
1.531115e-03
1.581521e-03
1.561388e-03
1.557810e-03
1.570792e-03
1.576652e-03
1.522474e-03
1.398078e-03
1.291889e-03
1.245827e-03
1.188874e-03
1.096611e-03
1.049589e-03
1.045484e-03
1.000837e-03
9.161290e-04
8.472305e-04
8.189132e-04
8.151734e-04
7.683209e-04
6.416749e-04
4.978135e-04
4.256747e-04
4.557415e-04
5.827636e-04
7.778401e-04
9.666116e-04
1.105200e-03
1.163480e-03
1.157315e-03
1.159108e-03
1.109161e-03
9.628341e-04
8.489338e-04
8.508124e-04
9.369151e-04
1.016564e-03
1.056057e-03
1.081229e-03
1.076479e-03
1.056442e-03
9.837927e-04
8.666422e-04
8.239471e-04
8.336544e-04
8.309360e-04
8.140071e-04
7.773305e-04
7.227252e-04
6.914441e-04
7.392659e-04
8.633369e-04
1.030778e-03
1.186056e-03
1.316368e-03
1.443190e-03
1.510590e-03
1.469554e-03
1.338487e-03
1.188687e-03
1.090288e-03
1.046455e-03
1.028855e-03
9.919498e-04
9.393338e-04
8.966773e-04
8.096829e-04
6.838924e-04
5.939662e-04
5.440909e-04
5.068093e-04
4.658270e-04
4.344964e-04
4.413968e-04
4.946511e-04
5.978311e-04
6.795799e-04
7.003059e-04
6.835426e-04
5.976469e-04
5.127949e-04
5.035849e-04
5.421715e-04
6.013010e-04
6.317339e-04
6.183934e-04
5.848424e-04
5.683442e-04
5.293434e-04
4.070366e-04
2.822394e-04
2.188712e-04
2.542786e-04
3.706076e-04
4.430756e-04
4.636046e-04
4.777338e-04
5.082779e-04
5.696886e-04
6.137253e-04
6.151117e-04
5.865923e-04
5.833670e-04
6.076200e-04
5.565633e-04
4.049853e-04
2.490409e-04
1.835135e-04
1.920435e-04
2.111779e-04
2.211206e-04
2.223479e-04
2.281861e-04
2.113109e-04
1.083223e-04
-8.625410e-05
-2.609515e-04
-3.367609e-04
-3.853894e-04
-4.756107e-04
-6.143191e-04
-7.410655e-04
-8.045619e-04
-8.380312e-04
-8.359871e-04
-7.785992e-04
-6.843014e-04
-6.008534e-04
-5.658280e-04
-5.568850e-04
-5.726761e-04
-6.015951e-04
-6.212028e-04
-6.418088e-04
-6.333457e-04
-5.897207e-04
-5.634222e-04
-5.767721e-04
-6.569763e-04
-8.065471e-04
-9.425058e-04
-1.029199e-03
-1.089763e-03
-1.087091e-03
-1.019034e-03
-9.948349e-04
-1.055539e-03
-1.145802e-03
-1.251275e-03
-1.332631e-03
-1.319314e-03
-1.229616e-03
-1.107750e-03
-9.697554e-04
-8.704803e-04
-8.796552e-04
-9.506214e-04
-9.888705e-04
-1.025504e-03
-1.076732e-03
-1.092285e-03
-1.056976e-03
-1.011902e-03
-1.031171e-03
-1.121319e-03
-1.240422e-03
-1.317948e-03
-1.370021e-03
-1.465748e-03
-1.564306e-03
-1.665603e-03
-1.784071e-03
-1.923039e-03
-2.071245e-03
-2.118981e-03
-2.075237e-03
-2.028137e-03
-1.982008e-03
-1.947574e-03
-1.909147e-03
-1.877656e-03
-1.891075e-03
-1.949691e-03
-2.017461e-03
-2.030971e-03
-2.056662e-03
-2.108313e-03
-2.120477e-03
-2.154590e-03
-2.186355e-03
-2.149616e-03
-2.087306e-03
-2.043777e-03
-2.018047e-03
-2.034932e-03
-2.095990e-03
-2.110676e-03
-2.064657e-03
-2.019029e-03
-1.980467e-03
-1.929860e-03
-1.917324e-03
-2.011367e-03
-2.171789e-03
-2.325767e-03
-2.426535e-03
-2.461532e-03
-2.450532e-03
-2.430844e-03
-2.462737e-03
-2.556758e-03
-2.686795e-03
-2.829593e-03
-2.908345e-03
-2.883672e-03
-2.813878e-03
-2.748074e-03
-2.728412e-03
-2.779066e-03
-2.834968e-03
-2.875270e-03
-2.942612e-03
-2.976975e-03
-2.940896e-03
-2.874574e-03
-2.802857e-03
-2.798244e-03
-2.871243e-03
-2.917420e-03
-2.948755e-03
-3.026185e-03
-3.073587e-03
-3.055496e-03
-3.007462e-03
-2.926537e-03
-2.845021e-03
-2.818720e-03
-2.833049e-03
-2.860887e-03
-2.951861e-03
-3.058420e-03
-3.051245e-03
-2.966813e-03
-2.878714e-03
-2.818502e-03
-2.824530e-03
-2.883682e-03
-3.004836e-03
-3.160027e-03
-3.243494e-03
-3.211970e-03
-3.113078e-03
-3.035035e-03
-3.036119e-03
-3.101767e-03
-3.181023e-03
-3.269087e-03
-3.350522e-03
-3.408180e-03
-3.451518e-03
-3.448654e-03
-3.397308e-03
-3.319582e-03
-3.239547e-03
-3.160755e-03
-3.107837e-03
-3.131563e-03
-3.208805e-03
-3.304622e-03
-3.372272e-03
-3.391254e-03
-3.387527e-03
-3.383742e-03
-3.408922e-03
-3.424014e-03
-3.420065e-03
-3.448978e-03
-3.474530e-03
-3.439502e-03
-3.358741e-03
-3.318450e-03
-3.360614e-03
-3.378748e-03
-3.281064e-03
-3.148924e-03
-3.064996e-03
-3.022053e-03
-3.014604e-03
-3.010265e-03
-3.048995e-03
-3.168932e-03
-3.261718e-03
-3.257817e-03
-3.178429e-03
-3.097088e-03
-3.079031e-03
-3.101482e-03
-3.122450e-03
-3.171171e-03
-3.264736e-03
-3.317905e-03
-3.304345e-03
-3.262955e-03
-3.214331e-03
-3.218135e-03
-3.320656e-03
-3.482703e-03
-3.611524e-03
-3.664399e-03
-3.631003e-03
-3.505212e-03
-3.359815e-03
-3.253536e-03
-3.183914e-03
-3.168994e-03
-3.222780e-03
-3.319017e-03
-3.387497e-03
-3.386976e-03
-3.322643e-03
-3.183126e-03
-3.018552e-03
-2.917455e-03
-2.893355e-03
-2.866301e-03
-2.821828e-03
-2.878048e-03
-2.997822e-03
-3.038355e-03
-2.970260e-03
-2.836098e-03
-2.732622e-03
-2.698576e-03
-2.699973e-03
-2.692578e-03
-2.699848e-03
-2.760194e-03
-2.759577e-03
-2.651620e-03
-2.509074e-03
-2.346033e-03
-2.196783e-03
-2.098313e-03
-2.005413e-03
-1.913643e-03
-1.863673e-03
-1.846776e-03
-1.853584e-03
-1.868234e-03
-1.903426e-03
-1.934891e-03
-1.923475e-03
-1.958534e-03
-2.061790e-03
-2.162829e-03
-2.222730e-03
-2.213899e-03
-2.142986e-03
-2.049538e-03
-1.980682e-03
-1.938132e-03
-1.869804e-03
-1.785685e-03
-1.786823e-03
-1.881135e-03
-1.958038e-03
-1.964623e-03
-1.941175e-03
-1.934735e-03
-1.917954e-03
-1.887646e-03
-1.843985e-03
-1.768684e-03
-1.766407e-03
-1.826062e-03
-1.835734e-03
-1.813551e-03
-1.740983e-03
-1.624757e-03
-1.507494e-03
-1.405674e-03
-1.360705e-03
-1.349895e-03
-1.342933e-03
-1.331159e-03
-1.328893e-03
-1.346733e-03
-1.359619e-03
-1.356687e-03
-1.315358e-03
-1.284360e-03
-1.324635e-03
-1.399948e-03
-1.468855e-03
-1.463232e-03
-1.363544e-03
-1.243058e-03
-1.126694e-03
-1.012326e-03
-8.999379e-04
-8.344268e-04
-8.739045e-04
-9.433852e-04
-9.481073e-04
-8.450707e-04
-6.593757e-04
-4.930611e-04
-4.109930e-04
-4.362262e-04
-4.989111e-04
-5.617920e-04
-6.638294e-04
-7.196392e-04
-6.670056e-04
-5.343871e-04
-3.739468e-04
-2.748507e-04
-2.615331e-04
-2.784004e-04
-3.049857e-04
-3.514803e-04
-3.611262e-04
-3.395145e-04
-3.407213e-04
-3.609171e-04
-4.311069e-04
-5.322883e-04
-5.794873e-04
-5.324590e-04
-4.430733e-04
-3.610614e-04
-2.650950e-04
-1.591412e-04
-5.655424e-05
-3.303060e-06
-2.915464e-05
-6.798798e-05
-7.032533e-05
-4.024482e-05
8.658265e-06
5.721568e-05
9.117287e-05
1.346590e-04
2.166553e-04
3.409959e-04
4.575405e-04
5.186171e-04
5.788989e-04
6.413921e-04
6.458607e-04
6.149860e-04
5.571356e-04
4.876471e-04
4.871353e-04
5.697467e-04
6.588597e-04
7.070013e-04
7.389216e-04
7.574628e-04
7.551967e-04
7.318545e-04
6.727135e-04
6.383399e-04
6.501049e-04
6.443064e-04
6.541843e-04
7.159126e-04
7.667663e-04
7.721141e-04
7.526699e-04
7.585558e-04
8.352955e-04
9.301925e-04
9.828057e-04
1.034221e-03
1.115785e-03
1.157676e-03
1.091087e-03
9.687531e-04
9.000646e-04
9.479305e-04
1.081846e-03
1.208794e-03
1.287672e-03
1.364789e-03
1.419811e-03
1.365609e-03
1.265097e-03
1.193496e-03
1.161433e-03
1.214723e-03
1.315179e-03
1.388866e-03
1.460618e-03
1.582109e-03
1.714567e-03
1.790325e-03
1.812163e-03
1.816305e-03
1.843915e-03
1.894140e-03
1.909417e-03
1.883010e-03
1.843275e-03
1.815588e-03
1.803870e-03
1.774440e-03
1.757213e-03
1.799437e-03
1.903722e-03
2.031810e-03
2.118468e-03
2.158153e-03
2.149471e-03
2.088402e-03
2.004667e-03
1.921911e-03
1.879246e-03
1.907015e-03
1.965466e-03
2.013524e-03
2.060048e-03
2.060915e-03
2.009668e-03
1.958391e-03
1.907800e-03
1.900630e-03
1.964647e-03
2.082740e-03
2.220416e-03
2.314649e-03
2.371953e-03
2.387915e-03
2.344855e-03
2.320011e-03
2.335950e-03
2.391831e-03
2.532658e-03
2.689573e-03
2.803567e-03
2.865870e-03
2.834632e-03
2.765098e-03
2.743844e-03
2.790153e-03
2.871543e-03
2.945308e-03
3.019506e-03
3.099042e-03
3.129508e-03
3.065904e-03
2.940521e-03
2.871607e-03
2.934642e-03
3.068261e-03
3.232164e-03
3.400701e-03
3.530766e-03
3.570219e-03
3.445852e-03
3.227550e-03
3.045697e-03
2.960877e-03
2.971772e-03
3.021402e-03
3.085973e-03
3.155816e-03
3.208520e-03
3.213762e-03
3.147805e-03
3.065733e-03
3.056164e-03
3.142048e-03
3.234182e-03
3.259703e-03
3.254647e-03
3.234913e-03
3.222062e-03
3.216251e-03
3.175410e-03
3.151852e-03
3.187367e-03
3.266240e-03
3.347375e-03
3.361523e-03
3.324441e-03
3.296696e-03
3.313058e-03
3.350810e-03
3.354250e-03
3.362716e-03
3.396534e-03
3.431892e-03
3.453462e-03
3.431213e-03
3.406580e-03
3.403668e-03
3.392708e-03
3.380235e-03
3.409683e-03
3.515589e-03
3.686290e-03
3.840974e-03
3.893069e-03
3.840821e-03
3.707281e-03
3.533826e-03
3.352515e-03
3.201536e-03
3.161590e-03
3.246422e-03
3.424468e-03
3.607885e-03
3.695459e-03
3.686822e-03
3.642483e-03
3.622545e-03
3.638213e-03
3.679158e-03
3.709098e-03
3.710733e-03
3.716002e-03
3.680658e-03
3.573964e-03
3.455845e-03
3.401236e-03
3.465796e-03
3.611132e-03
3.739503e-03
3.794971e-03
3.804731e-03
3.791886e-03
3.733242e-03
3.645821e-03
3.577240e-03
3.589969e-03
3.673766e-03
3.743567e-03
3.764211e-03
3.750177e-03
3.736423e-03
3.740595e-03
3.751749e-03
3.722635e-03
3.673044e-03
3.692430e-03
3.757096e-03
3.776119e-03
3.695467e-03
3.556145e-03
3.461418e-03
3.449695e-03
3.485763e-03
3.523388e-03
3.565880e-03
3.625816e-03
3.696104e-03
3.752899e-03
3.757792e-03
3.725387e-03
3.684120e-03
3.661214e-03
3.667145e-03
3.670379e-03
3.666558e-03
3.647028e-03
3.588808e-03
3.533004e-03
3.533726e-03
3.564772e-03
3.598976e-03
3.624219e-03
3.630072e-03
3.634203e-03
3.626295e-03
3.590337e-03
3.557218e-03
3.576952e-03
3.629705e-03
3.655382e-03
3.666695e-03
3.695775e-03
3.716981e-03
3.732104e-03
3.788145e-03
3.860162e-03
3.897243e-03
3.907322e-03
3.872540e-03
3.792003e-03
3.729204e-03
3.684163e-03
3.637545e-03
3.631472e-03
3.696559e-03
3.794064e-03
3.844304e-03
3.811453e-03
3.740567e-03
3.680129e-03
3.612899e-03
3.566905e-03
3.589692e-03
3.665633e-03
3.761031e-03
3.809047e-03
3.790958e-03
3.748773e-03
3.692132e-03
3.616964e-03
3.531971e-03
3.496397e-03
3.515052e-03
3.489682e-03
3.430991e-03
3.417796e-03
3.444432e-03
3.442350e-03
3.398595e-03
3.371311e-03
3.366466e-03
3.387308e-03
3.393392e-03
3.322610e-03
3.250273e-03
3.247542e-03
3.270463e-03
3.264259e-03
3.234061e-03
3.228733e-03
3.304016e-03
3.424880e-03
3.493627e-03
3.500350e-03
3.485285e-03
3.459639e-03
3.415548e-03
3.373515e-03
3.354745e-03
3.370575e-03
3.450124e-03
3.540964e-03
3.539919e-03
3.443923e-03
3.305074e-03
3.153636e-03
3.044733e-03
2.982179e-03
2.952883e-03
3.008862e-03
3.110139e-03
3.179251e-03
3.185838e-03
3.133621e-03
3.063273e-03
2.972112e-03
2.861489e-03
2.769272e-03
2.764641e-03
2.882199e-03
2.977695e-03
2.961119e-03
2.910289e-03
2.843350e-03
2.745160e-03
2.612755e-03
2.469521e-03
2.408727e-03
2.476397e-03
2.608308e-03
2.679432e-03
2.625492e-03
2.490963e-03
2.348729e-03
2.241272e-03
2.133685e-03
2.016009e-03
1.981205e-03
2.064806e-03
2.163237e-03
2.142337e-03
1.990779e-03
1.822928e-03
1.737111e-03
1.710530e-03
1.688913e-03
1.726679e-03
1.875351e-03
2.091945e-03
2.244244e-03
2.209404e-03
2.069201e-03
1.944176e-03
1.821604e-03
1.677899e-03
1.553513e-03
1.541447e-03
1.619566e-03
1.626889e-03
1.513504e-03
1.361949e-03
1.238410e-03
1.160026e-03
1.090389e-03
1.013845e-03
1.017173e-03
1.135706e-03
1.259164e-03
1.282926e-03
1.201114e-03
1.098739e-03
1.038968e-03
1.022530e-03
1.049503e-03
1.095035e-03
1.168619e-03
1.221180e-03
1.165174e-03
1.040195e-03
9.090814e-04
8.105959e-04
7.168095e-04
6.004300e-04
5.480517e-04
6.238326e-04
7.527716e-04
7.901466e-04
7.101086e-04
5.739180e-04
4.352219e-04
3.596890e-04
3.583236e-04
3.978035e-04
4.822058e-04
5.742017e-04
5.585257e-04
4.538087e-04
3.507463e-04
2.576969e-04
2.285287e-04
2.903385e-04
3.651159e-04
4.134402e-04
4.342137e-04
3.802149e-04
2.435727e-04
9.666011e-05
-2.503893e-06
-3.684973e-05
-2.993182e-05
-3.036008e-05
-4.714427e-05
-7.170181e-05
-1.107937e-04
-1.800597e-04
-2.770249e-04
-3.365411e-04
-3.026197e-04
-2.272362e-04
-2.192912e-04
-3.132429e-04
-4.610526e-04
-6.074558e-04
-7.278492e-04
-8.050529e-04
-8.162270e-04
-7.536867e-04
-6.235626e-04
-4.786415e-04
-3.850685e-04
-3.678697e-04
-4.552870e-04
-6.476370e-04
-8.429404e-04
-9.550036e-04
-1.020632e-03
-1.071649e-03
-1.072993e-03
-1.010744e-03
-9.252231e-04
-8.783298e-04
-8.998013e-04
-9.750922e-04
-1.030933e-03
-9.789648e-04
-8.807501e-04
-8.245082e-04
-8.026668e-04
-8.168973e-04
-8.426812e-04
-8.976062e-04
-1.028479e-03
-1.188300e-03
-1.279277e-03
-1.249496e-03
-1.163841e-03
-1.101802e-03
-1.094917e-03
-1.160013e-03
-1.263623e-03
-1.378248e-03
-1.496709e-03
-1.572841e-03
-1.591165e-03
-1.579978e-03
-1.580044e-03
-1.597744e-03
-1.618540e-03
-1.690993e-03
-1.800572e-03
-1.861003e-03
-1.834959e-03
-1.750063e-03
-1.676263e-03
-1.639843e-03
-1.603159e-03
-1.571667e-03
-1.615736e-03
-1.736299e-03
-1.839862e-03
-1.830202e-03
-1.743347e-03
-1.720033e-03
-1.789343e-03
-1.894939e-03
-1.982766e-03
-2.014080e-03
-2.016017e-03
-2.014468e-03
-1.965149e-03
-1.857598e-03
-1.751849e-03
-1.716742e-03
-1.811767e-03
-1.972089e-03
-2.092209e-03
-2.147855e-03
-2.119487e-03
-2.055817e-03
-2.017164e-03
-2.000352e-03
-2.020203e-03
-2.085668e-03
-2.182580e-03
-2.282908e-03
-2.358539e-03
-2.389989e-03
-2.351148e-03
-2.243900e-03
-2.137575e-03
-2.101343e-03
-2.134387e-03
-2.198928e-03
-2.243177e-03
-2.269005e-03
-2.292639e-03
-2.271717e-03
-2.213902e-03
-2.192139e-03
-2.235897e-03
-2.279535e-03
-2.254185e-03
-2.184149e-03
-2.145048e-03
-2.170916e-03
-2.209141e-03
-2.209064e-03
-2.205713e-03
-2.258072e-03
-2.347415e-03
-2.409040e-03
-2.392109e-03
-2.332815e-03
-2.347674e-03
-2.426955e-03
-2.506532e-03
-2.589453e-03
-2.677139e-03
-2.745796e-03
-2.732422e-03
-2.643338e-03
-2.564026e-03
-2.556583e-03
-2.635882e-03
-2.720976e-03
-2.762030e-03
-2.791505e-03
-2.799434e-03
-2.778187e-03
-2.717321e-03
-2.636714e-03
-2.609110e-03
-2.651916e-03
-2.713980e-03
-2.724611e-03
-2.711133e-03
-2.724051e-03
-2.752094e-03
-2.803888e-03
-2.868891e-03
-2.938483e-03
-3.001406e-03
-3.037154e-03
-3.090185e-03
-3.170256e-03
-3.204516e-03
-3.175169e-03
-3.143217e-03
-3.134980e-03
-3.135621e-03
-3.124947e-03
-3.090444e-03
-3.088727e-03
-3.170423e-03
-3.248379e-03
-3.244019e-03
-3.196510e-03
-3.147469e-03
-3.124539e-03
-3.101493e-03
-3.052502e-03
-3.030570e-03
-3.066307e-03
-3.129254e-03
-3.157781e-03
-3.163152e-03
-3.180417e-03
-3.212267e-03
-3.248289e-03
-3.257571e-03
-3.241950e-03
-3.217156e-03
-3.236201e-03
-3.303733e-03
-3.349354e-03
-3.354383e-03
-3.319756e-03
-3.284359e-03
-3.274065e-03
-3.260351e-03
-3.243001e-03
-3.266176e-03
-3.341317e-03
-3.407680e-03
-3.446733e-03
-3.445114e-03
-3.384528e-03
-3.317919e-03
-3.281320e-03
-3.305080e-03
-3.394279e-03
-3.476121e-03
-3.507982e-03
-3.523594e-03
-3.552786e-03
-3.577928e-03
-3.606564e-03
-3.676300e-03
-3.761246e-03
-3.828672e-03
-3.917221e-03
-3.984020e-03
-3.963647e-03
-3.913656e-03
-3.860542e-03
-3.813673e-03
-3.822674e-03
-3.883547e-03
-3.937724e-03
-3.956245e-03
-3.961464e-03
-3.949074e-03
-3.908570e-03
-3.858807e-03
-3.805945e-03
-3.744576e-03
-3.739484e-03
-3.848648e-03
-3.991372e-03
-4.074533e-03
-4.051672e-03
-3.972944e-03
-3.979949e-03
-4.088719e-03
-4.206265e-03
-4.282194e-03
-4.343105e-03
-4.412865e-03
-4.439747e-03
-4.396597e-03
-4.334879e-03
-4.316728e-03
-4.369409e-03
-4.474600e-03
-4.583553e-03
-4.666927e-03
-4.707707e-03
-4.674682e-03
-4.587589e-03
-4.492930e-03
-4.424430e-03
-4.381053e-03
-4.368856e-03
-4.475818e-03
-4.692963e-03
-4.877905e-03
-4.938591e-03
-4.906159e-03
-4.871062e-03
-4.844722e-03
-4.810841e-03
-4.790100e-03
-4.751699e-03
-4.716530e-03
-4.730801e-03
-4.700611e-03
-4.589068e-03
-4.482918e-03
-4.437896e-03
-4.432306e-03
-4.436832e-03
-4.474250e-03
-4.535002e-03
-4.606408e-03
-4.672385e-03
-4.691741e-03
-4.688589e-03
-4.707503e-03
-4.748997e-03
-4.810440e-03
-4.881651e-03
-4.946872e-03
-4.998256e-03
-5.002076e-03
-4.922603e-03
-4.789790e-03
-4.686561e-03
-4.664378e-03
-4.739672e-03
-4.874143e-03
-4.991310e-03
-5.060270e-03
-5.061955e-03
-4.982042e-03
-4.864050e-03
-4.779636e-03
-4.763731e-03
-4.809146e-03
-4.866736e-03
-4.901510e-03
-4.944128e-03
-4.987774e-03
-4.948463e-03
-4.820232e-03
-4.708933e-03
-4.655248e-03
-4.625990e-03
-4.571347e-03
-4.495177e-03
-4.483586e-03
-4.526715e-03
-4.554178e-03
-4.559184e-03
-4.575949e-03
-4.636173e-03
-4.719502e-03
-4.776532e-03
-4.802593e-03
-4.848932e-03
-4.907484e-03
-4.938265e-03
-4.953503e-03
-4.925428e-03
-4.852733e-03
-4.775185e-03
-4.705755e-03
-4.685207e-03
-4.708613e-03
-4.699877e-03
-4.629800e-03
-4.509803e-03
-4.303409e-03
-4.026872e-03
-3.782207e-03
-3.638996e-03
-3.650310e-03
-3.821821e-03
-4.075060e-03
-4.303647e-03
-4.443469e-03
-4.462608e-03
-4.347461e-03
-4.187211e-03
-4.077683e-03
-4.012249e-03
-3.981816e-03
-3.998512e-03
-4.012712e-03
-3.987013e-03
-3.911875e-03
-3.773422e-03
-3.643390e-03
-3.568909e-03
-3.546630e-03
-3.591021e-03
-3.669913e-03
-3.723150e-03
-3.711837e-03
-3.678227e-03
-3.661946e-03
-3.664512e-03
-3.707612e-03
-3.729340e-03
-3.694049e-03
-3.689390e-03
-3.709287e-03
-3.655648e-03
-3.508931e-03
-3.310691e-03
-3.126928e-03
-3.055951e-03
-3.120136e-03
-3.245022e-03
-3.381655e-03
-3.525678e-03
-3.651910e-03
-3.704381e-03
-3.681568e-03
-3.617525e-03
-3.544901e-03
-3.518014e-03
-3.488967e-03
-3.394546e-03
-3.261691e-03
-3.138813e-03
-3.066544e-03
-3.006446e-03
-2.933647e-03
-2.909994e-03
-2.955742e-03
-3.009223e-03
-2.993459e-03
-2.903554e-03
-2.780980e-03
-2.653192e-03
-2.572531e-03
-2.556959e-03
-2.551061e-03
-2.531934e-03
-2.524563e-03
-2.545514e-03
-2.595832e-03
-2.635146e-03
-2.638385e-03
-2.643658e-03
-2.638794e-03
-2.595587e-03
-2.499320e-03
-2.343647e-03
-2.159496e-03
-1.968677e-03
-1.825399e-03
-1.772448e-03
-1.788655e-03
-1.827515e-03
-1.872886e-03
-1.919454e-03
-1.949797e-03
-1.991138e-03
-2.031186e-03
-2.032894e-03
-2.028759e-03
-2.048714e-03
-2.076309e-03
-2.060231e-03
-1.979621e-03
-1.883640e-03
-1.814819e-03
-1.763897e-03
-1.708479e-03
-1.652002e-03
-1.607451e-03
-1.555703e-03
-1.477839e-03
-1.388867e-03
-1.330802e-03
-1.355642e-03
-1.408785e-03
-1.395420e-03
-1.337016e-03
-1.285577e-03
-1.258916e-03
-1.252323e-03
-1.243528e-03
-1.220390e-03
-1.216332e-03
-1.232165e-03
-1.179463e-03
-1.053757e-03
-9.402019e-04
-8.757346e-04
-8.767376e-04
-9.237056e-04
-9.736374e-04
-1.015553e-03
-1.032655e-03
-9.976939e-04
-9.124949e-04
-8.180303e-04
-7.241171e-04
-6.393154e-04
-6.086167e-04
-6.142372e-04
-6.115584e-04
-5.800441e-04
-5.250111e-04
-4.679484e-04
-4.141657e-04
-3.757328e-04
-3.530611e-04
-3.207858e-04
-2.533948e-04
-1.564595e-04
-4.871411e-05
4.426805e-05
7.615869e-05
-4.022241e-06
-1.642107e-04
-2.892041e-04
-3.486629e-04
-3.212954e-04
-2.089797e-04
-8.070802e-05
7.608615e-05
2.239580e-04
3.205568e-04
3.748179e-04
3.505600e-04
2.935914e-04
2.782435e-04
3.228738e-04
3.945268e-04
4.762241e-04
6.013460e-04
7.336800e-04
8.524814e-04
9.401556e-04
9.569154e-04
9.690355e-04
1.044343e-03
1.154281e-03
1.231266e-03
1.239142e-03
1.228704e-03
1.239844e-03
1.252969e-03
1.282414e-03
1.285926e-03
1.244854e-03
1.226356e-03
1.208467e-03
1.217041e-03
1.328649e-03
1.499046e-03
1.640465e-03
1.747771e-03
1.850361e-03
1.930464e-03
1.983095e-03
2.009178e-03
2.016543e-03
2.034500e-03
2.061819e-03
2.076059e-03
2.104107e-03
2.147168e-03
2.171297e-03
2.195201e-03
2.197673e-03
2.200174e-03
2.250603e-03
2.306154e-03
2.332283e-03
2.344381e-03
2.381370e-03
2.404319e-03
2.399630e-03
2.420814e-03
2.432879e-03
2.449346e-03
2.507012e-03
2.547439e-03
2.577541e-03
2.636150e-03
2.687197e-03
2.678685e-03
2.635541e-03
2.643148e-03
2.686459e-03
2.694215e-03
2.689601e-03
2.732584e-03
2.813024e-03
2.881304e-03
2.890984e-03
2.841370e-03
2.841521e-03
2.937208e-03
3.063622e-03
3.182614e-03
3.272666e-03
3.353515e-03
3.427199e-03
3.469842e-03
3.507635e-03
3.542640e-03
3.547496e-03
3.541396e-03
3.546303e-03
3.529287e-03
3.485494e-03
3.471546e-03
3.553879e-03
3.695437e-03
3.792710e-03
3.856177e-03
3.893274e-03
3.896654e-03
3.888691e-03
3.859595e-03
3.860481e-03
3.925193e-03
4.036259e-03
4.163506e-03
4.252294e-03
4.299020e-03
4.329902e-03
4.358978e-03
4.399144e-03
4.487781e-03
4.608732e-03
4.679427e-03
4.698890e-03
4.699404e-03
4.670554e-03
4.595746e-03
4.492987e-03
4.432793e-03
4.441975e-03
4.476531e-03
4.500457e-03
4.509706e-03
4.509162e-03
4.493551e-03
4.448127e-03
4.401574e-03
4.409996e-03
4.484107e-03
4.610678e-03
4.754199e-03
4.844665e-03
4.856488e-03
4.842467e-03
4.827834e-03
4.825879e-03
4.887419e-03
5.022679e-03
5.191543e-03
5.308157e-03
5.338309e-03
5.296576e-03
5.180892e-03
5.058951e-03
5.002612e-03
5.050879e-03
5.187306e-03
5.285472e-03
5.295659e-03
5.259723e-03
5.182673e-03
5.088778e-03
5.017986e-03
5.015691e-03
5.121313e-03
5.319576e-03
5.536854e-03
5.666792e-03
5.683016e-03
5.637688e-03
5.548577e-03
5.451450e-03
5.400506e-03
5.359677e-03
5.335948e-03
5.370290e-03
5.412309e-03
5.434389e-03
5.436329e-03
5.404847e-03
5.392396e-03
5.474007e-03
5.589910e-03
5.642239e-03
5.608405e-03
5.491798e-03
5.332395e-03
5.178983e-03
5.069967e-03
5.019074e-03
5.078780e-03
5.259369e-03
5.440340e-03
5.538661e-03
5.507639e-03
5.382813e-03
5.260097e-03
5.180755e-03
5.142311e-03
5.119318e-03
5.146995e-03
5.256880e-03
5.419914e-03
5.550206e-03
5.564174e-03
5.503463e-03
5.460351e-03
5.453115e-03
5.434953e-03
5.426227e-03
5.460102e-03
5.492617e-03
5.486014e-03
5.421079e-03
5.311815e-03
5.205808e-03
5.143203e-03
5.144723e-03
5.199010e-03
5.296563e-03
5.397716e-03
5.438379e-03
5.398036e-03
5.279096e-03
5.127615e-03
5.019042e-03
4.998725e-03
5.047462e-03
5.102923e-03
5.157920e-03
5.206379e-03
5.182205e-03
5.101229e-03
5.020202e-03
4.947472e-03
4.925291e-03
4.952449e-03
4.964033e-03
4.967902e-03
5.015892e-03
5.099412e-03
5.151654e-03
5.129612e-03
5.060534e-03
4.992215e-03
4.944927e-03
4.903830e-03
4.880662e-03
4.910210e-03
4.957471e-03
4.985850e-03
5.003203e-03
5.014415e-03
5.035475e-03
5.065911e-03
5.082506e-03
5.107133e-03
5.153842e-03
5.206178e-03
5.251935e-03
5.280374e-03
5.306207e-03
5.329649e-03
5.324539e-03
5.253181e-03
5.134063e-03
5.054188e-03
5.002378e-03
4.961057e-03
4.945983e-03
4.917290e-03
4.892617e-03
4.884512e-03
4.858586e-03
4.808220e-03
4.772443e-03
4.787084e-03
4.814053e-03
4.838695e-03
4.830824e-03
4.759334e-03
4.684840e-03
4.639973e-03
4.620455e-03
4.624585e-03
4.627680e-03
4.625510e-03
4.634039e-03
4.594563e-03
4.481598e-03
4.386947e-03
4.356713e-03
4.368722e-03
4.420820e-03
4.499213e-03
4.544166e-03
4.541085e-03
4.507864e-03
4.431071e-03
4.338490e-03
4.286405e-03
4.281999e-03
4.338400e-03
4.447450e-03
4.541415e-03
4.572432e-03
4.516484e-03
4.395932e-03
4.274151e-03
4.191716e-03
4.163799e-03
4.180145e-03
4.220479e-03
4.263738e-03
4.276290e-03
4.217951e-03
4.107117e-03
4.011635e-03
3.973040e-03
4.010934e-03
4.107119e-03
4.223493e-03
4.290059e-03
4.251942e-03
4.128130e-03
3.925221e-03
3.698493e-03
3.510911e-03
3.399547e-03
3.394357e-03
3.460520e-03
3.594508e-03
3.741574e-03
3.813585e-03
3.814966e-03
3.760385e-03
3.680934e-03
3.591328e-03
3.495891e-03
3.421837e-03
3.398430e-03
3.452495e-03
3.534951e-03
3.546864e-03
3.467743e-03
3.361378e-03
3.248917e-03
3.129658e-03
3.036581e-03
2.993781e-03
3.006303e-03
3.037400e-03
3.065061e-03
3.089369e-03
3.081108e-03
3.009698e-03
2.886730e-03
2.771107e-03
2.728371e-03
2.787221e-03
2.871642e-03
2.891742e-03
2.870659e-03
2.817071e-03
2.717613e-03
2.618026e-03
2.509349e-03
2.416114e-03
2.424338e-03
2.480138e-03
2.518122e-03
2.522128e-03
2.484420e-03
2.439533e-03
2.388945e-03
2.325576e-03
2.260427e-03
2.238555e-03
2.273444e-03
2.311585e-03
2.351688e-03
2.362232e-03
2.306872e-03
2.222239e-03
2.120888e-03
2.045473e-03
2.031018e-03
2.044892e-03
2.014604e-03
1.917898e-03
1.861523e-03
1.867021e-03
1.893348e-03
1.911317e-03
1.865540e-03
1.808412e-03
1.778519e-03
1.724759e-03
1.652129e-03
1.618274e-03
1.647396e-03
1.679642e-03
1.664145e-03
1.604346e-03
1.473834e-03
1.318827e-03
1.197354e-03
1.102391e-03
1.073401e-03
1.102134e-03
1.147035e-03
1.162489e-03
1.132499e-03
1.096206e-03
1.042113e-03
1.010735e-03
1.060135e-03
1.141928e-03
1.217639e-03
1.248831e-03
1.203127e-03
1.129048e-03
1.043113e-03
9.456351e-04
8.628209e-04
8.363433e-04
9.059787e-04
9.595170e-04
9.077555e-04
8.254029e-04
7.666106e-04
7.328698e-04
6.951233e-04
6.546060e-04
6.713581e-04
7.422256e-04
8.236966e-04
8.754274e-04
8.371446e-04
7.167637e-04
5.929113e-04
4.903897e-04
3.996035e-04
3.459340e-04
3.438527e-04
4.024550e-04
5.145980e-04
5.933917e-04
5.779033e-04
4.815882e-04
3.662401e-04
2.909737e-04
2.265612e-04
1.453984e-04
5.178265e-05
-1.680582e-05
1.622130e-05
9.783968e-05
1.475471e-04
1.545551e-04
8.599705e-05
-3.868059e-06
-5.342505e-05
-1.102791e-04
-1.996923e-04
-2.815299e-04
-3.119757e-04
-2.899089e-04
-2.687499e-04
-3.342004e-04
-4.720015e-04
-5.498616e-04
-5.299718e-04
-5.138392e-04
-5.657601e-04
-6.425520e-04
-6.627077e-04
-6.305902e-04
-6.567131e-04
-7.644793e-04
-8.842695e-04
-9.553773e-04
-9.735970e-04
-9.961811e-04
-1.040918e-03
-1.075116e-03
-1.064521e-03
-1.025353e-03
-1.016544e-03
-1.080370e-03
-1.204472e-03
-1.312532e-03
-1.357300e-03
-1.332450e-03
-1.251130e-03
-1.161964e-03
-1.094757e-03
-1.069639e-03
-1.088047e-03
-1.142078e-03
-1.232767e-03
-1.338239e-03
-1.438174e-03
-1.482379e-03
-1.457705e-03
-1.427791e-03
-1.417047e-03
-1.449863e-03
-1.531158e-03
-1.628863e-03
-1.732390e-03
-1.808928e-03
-1.829562e-03
-1.790363e-03
-1.697958e-03
-1.592044e-03
-1.558480e-03
-1.650419e-03
-1.810564e-03
-1.973853e-03
-2.088036e-03
-2.120098e-03
-2.066448e-03
-1.907724e-03
-1.710344e-03
-1.579858e-03
-1.593248e-03
-1.741218e-03
-1.902737e-03
-2.032908e-03
-2.139661e-03
-2.199494e-03
-2.212930e-03
-2.207478e-03
-2.191025e-03
-2.189317e-03
-2.257968e-03
-2.355789e-03
-2.413469e-03
-2.410610e-03
-2.334302e-03
-2.241261e-03
-2.188185e-03
-2.156939e-03
-2.150150e-03
-2.162824e-03
-2.178913e-03
-2.215962e-03
-2.269056e-03
-2.304630e-03
-2.315937e-03
-2.347966e-03
-2.395189e-03
-2.455758e-03
-2.547624e-03
-2.575098e-03
-2.516218e-03
-2.459902e-03
-2.439895e-03
-2.426074e-03
-2.400849e-03
-2.397733e-03
-2.414808e-03
-2.469574e-03
-2.548654e-03
-2.578679e-03
-2.587563e-03
-2.596208e-03
-2.565122e-03
-2.526305e-03
-2.525484e-03
-2.508717e-03
-2.437240e-03
-2.365989e-03
-2.342437e-03
-2.353092e-03
-2.363826e-03
-2.352101e-03
-2.344698e-03
-2.410237e-03
-2.517026e-03
-2.546593e-03
-2.492141e-03
-2.445413e-03
-2.442058e-03
-2.437578e-03
-2.402437e-03
-2.400190e-03
-2.463673e-03
-2.515033e-03
-2.514224e-03
-2.448077e-03
-2.328030e-03
-2.238728e-03
-2.218807e-03
-2.238984e-03
-2.259766e-03
-2.295439e-03
-2.366525e-03
-2.415401e-03
-2.396495e-03
-2.331466e-03
-2.251645e-03
-2.190024e-03
-2.178370e-03
-2.185454e-03
-2.222306e-03
-2.311896e-03
-2.404185e-03
-2.449276e-03
-2.404663e-03
-2.328252e-03
-2.299798e-03
-2.292624e-03
-2.301815e-03
-2.359143e-03
-2.461194e-03
-2.584567e-03
-2.690540e-03
-2.726697e-03
-2.694152e-03
-2.655939e-03
-2.643247e-03
-2.635213e-03
-2.615108e-03
-2.598442e-03
-2.607683e-03
-2.589503e-03
-2.530676e-03
-2.477524e-03
-2.393816e-03
-2.289171e-03
-2.206004e-03
-2.182651e-03
-2.219349e-03
-2.251890e-03
-2.269789e-03
-2.257029e-03
-2.233295e-03
-2.183443e-03
-2.050038e-03
-1.915021e-03
-1.848296e-03
-1.850002e-03
-1.890090e-03
-1.918054e-03
-1.923349e-03
-1.926593e-03
-1.932923e-03
-1.904590e-03
-1.869123e-03
-1.871661e-03
-1.899341e-03
-1.965614e-03
-2.027292e-03
-2.038490e-03
-2.036698e-03
-2.021491e-03
-1.980787e-03
-1.921332e-03
-1.895171e-03
-1.950170e-03
-2.038824e-03
-2.115555e-03
-2.120973e-03
-2.076064e-03
-2.054084e-03
-2.008395e-03
-1.966796e-03
-1.996810e-03
-2.080241e-03
-2.209557e-03
-2.348193e-03
-2.421954e-03
-2.412640e-03
-2.356678e-03
-2.270381e-03
-2.184996e-03
-2.154094e-03
-2.186296e-03
-2.250471e-03
-2.320167e-03
-2.360224e-03
-2.309002e-03
-2.194770e-03
-2.075991e-03
-1.991694e-03
-1.986560e-03
-2.036857e-03
-2.111580e-03
-2.189123e-03
-2.246389e-03
-2.249895e-03
-2.202676e-03
-2.159467e-03
-2.146471e-03
-2.162296e-03
-2.199864e-03
-2.325546e-03
-2.465845e-03
-2.459228e-03
-2.373373e-03
-2.278957e-03
-2.193797e-03
-2.169665e-03
-2.184754e-03
-2.190955e-03
-2.246483e-03
-2.356651e-03
-2.384215e-03
-2.343223e-03
-2.312229e-03
-2.275235e-03
-2.263505e-03
-2.277552e-03
-2.249507e-03
-2.198797e-03
-2.170167e-03
-2.129191e-03
-2.058027e-03
-1.968758e-03
-1.892324e-03
-1.875166e-03
-1.908083e-03
-1.947758e-03
-1.982988e-03
-2.033123e-03
-2.105237e-03
-2.171305e-03
-2.213656e-03
-2.245581e-03
-2.267092e-03
-2.314496e-03
-2.379954e-03
-2.391340e-03
-2.369813e-03
-2.337908e-03
-2.279312e-03
-2.222256e-03
-2.204585e-03
-2.206775e-03
-2.176229e-03
-2.114924e-03
-2.053121e-03
-2.009153e-03
-1.996517e-03
-1.990886e-03
-1.998898e-03
-2.088924e-03
-2.248419e-03
-2.408535e-03
-2.533123e-03
-2.578619e-03
-2.554655e-03
-2.534452e-03
-2.526180e-03
-2.504568e-03
-2.518918e-03
-2.588260e-03
-2.637092e-03
-2.661542e-03
-2.683713e-03
-2.653796e-03
-2.585040e-03
-2.519980e-03
-2.444506e-03
-2.400399e-03
-2.430182e-03
-2.443541e-03
-2.398655e-03
-2.332065e-03
-2.217743e-03
-2.063354e-03
-1.899510e-03
-1.758993e-03
-1.739740e-03
-1.858659e-03
-2.034414e-03
-2.208014e-03
-2.327879e-03
-2.387686e-03
-2.398364e-03
-2.367877e-03
-2.313739e-03
-2.259604e-03
-2.319724e-03
-2.458814e-03
-2.524684e-03
-2.582993e-03
-2.686818e-03
-2.764810e-03
-2.748573e-03
-2.623716e-03
-2.515857e-03
-2.502391e-03
-2.514343e-03
-2.511394e-03
-2.526731e-03
-2.620084e-03
-2.761951e-03
-2.855613e-03
-2.891164e-03
-2.918619e-03
-2.972282e-03
-3.022281e-03
-3.024578e-03
-2.998114e-03
-2.963196e-03
-2.964926e-03
-3.033431e-03
-3.085888e-03
-3.098250e-03
-3.132722e-03
-3.167313e-03
-3.156457e-03
-3.098762e-03
-3.015848e-03
-2.962894e-03
-2.979111e-03
-3.059301e-03
-3.149556e-03
-3.264184e-03
-3.440336e-03
-3.549102e-03
-3.500633e-03
-3.320087e-03
-3.106312e-03
-3.001190e-03
-2.992741e-03
-3.028678e-03
-3.132131e-03
-3.280603e-03
-3.414131e-03
-3.468470e-03
-3.412628e-03
-3.285160e-03
-3.166405e-03
-3.157558e-03
-3.290792e-03
-3.532418e-03
-3.817435e-03
-4.007480e-03
-3.985887e-03
-3.767551e-03
-3.509119e-03
-3.322562e-03
-3.206678e-03
-3.249554e-03
-3.494473e-03
-3.790927e-03
-3.972688e-03
-3.944881e-03
-3.747488e-03
-3.515422e-03
-3.354882e-03
-3.347365e-03
-3.531250e-03
-3.891538e-03
-4.304643e-03
-4.588017e-03
-4.667025e-03
-4.519368e-03
-4.197058e-03
-3.885884e-03
-3.716076e-03
-3.709822e-03
-3.868774e-03
-4.135307e-03
-4.432465e-03
-4.664017e-03
-4.669683e-03
-4.445120e-03
-4.197620e-03
-4.054323e-03
-4.002648e-03
-4.038878e-03
-4.148871e-03
-4.264310e-03
-4.300861e-03
-4.212368e-03
-4.077185e-03
-4.014144e-03
-4.087634e-03
-4.299263e-03
-4.566787e-03
-4.803668e-03
-4.900009e-03
-4.784464e-03
-4.525991e-03
-4.190009e-03
-3.875367e-03
-3.757759e-03
-3.896524e-03
-4.213937e-03
-4.566206e-03
-4.770831e-03
-4.750811e-03
-4.547508e-03
-4.221340e-03
-3.891511e-03
-3.713188e-03
-3.777822e-03
-4.046368e-03
-4.354472e-03
-4.538909e-03
-4.495497e-03
-4.243136e-03
-3.951892e-03
-3.769368e-03
-3.806449e-03
-4.119961e-03
-4.562339e-03
-4.910032e-03
-5.033482e-03
-4.915462e-03
-4.666587e-03
-4.406750e-03
-4.184177e-03
-4.080901e-03
-4.157827e-03
-4.413054e-03
-4.744388e-03
-4.909386e-03
-4.805862e-03
-4.548440e-03
-4.301065e-03
-4.164092e-03
-4.133457e-03
-4.194120e-03
-4.348643e-03
-4.552365e-03
-4.636995e-03
-4.474696e-03
-4.174654e-03
-3.954167e-03
-3.913229e-03
-4.008607e-03
-4.176181e-03
-4.362882e-03
-4.528055e-03
-4.599594e-03
-4.515871e-03
-4.351838e-03
-4.215040e-03
-4.164958e-03
-4.242066e-03
-4.407606e-03
-4.574655e-03
-4.689037e-03
-4.685760e-03
-4.540073e-03
-4.320625e-03
-4.136551e-03
-4.089890e-03
-4.145532e-03
-4.201992e-03
-4.225110e-03
-4.214495e-03
-4.230934e-03
-4.267830e-03
-4.236894e-03
-4.153359e-03
-4.110928e-03
-4.123688e-03
-4.105384e-03
-4.033988e-03
-3.947899e-03
-3.900200e-03
-3.905762e-03
-3.914391e-03
-3.946945e-03
-4.005600e-03
-4.041617e-03
-4.038379e-03
-3.979711e-03
-3.869193e-03
-3.744837e-03
-3.646686e-03
-3.578113e-03
-3.548460e-03
-3.553134e-03
-3.515511e-03
-3.416056e-03
-3.307807e-03
-3.251223e-03
-3.299869e-03
-3.407183e-03
-3.495866e-03
-3.541500e-03
-3.539383e-03
-3.476476e-03
-3.341545e-03
-3.178410e-03
-3.052523e-03
-3.046764e-03
-3.194238e-03
-3.390778e-03
-3.550111e-03
-3.655081e-03
-3.659076e-03
-3.563985e-03
-3.445205e-03
-3.335371e-03
-3.250194e-03
-3.217404e-03
-3.241829e-03
-3.284172e-03
-3.285511e-03
-3.233466e-03
-3.150418e-03
-3.117780e-03
-3.156777e-03
-3.162040e-03
-3.128020e-03
-3.100847e-03
-3.039415e-03
-2.900924e-03
-2.707571e-03
-2.529642e-03
-2.442345e-03
-2.477243e-03
-2.581721e-03
-2.704935e-03
-2.815795e-03
-2.852515e-03
-2.786605e-03
-2.675677e-03
-2.606487e-03
-2.611426e-03
-2.698601e-03
-2.800591e-03
-2.816745e-03
-2.731491e-03
-2.586632e-03
-2.449575e-03
-2.375324e-03
-2.418234e-03
-2.518125e-03
-2.558287e-03
-2.548609e-03
-2.504343e-03
-2.406387e-03
-2.232321e-03
-2.023390e-03
-1.921717e-03
-1.994318e-03
-2.130558e-03
-2.202104e-03
-2.212303e-03
-2.187769e-03
-2.125507e-03
-2.001311e-03
-1.811095e-03
-1.682075e-03
-1.719869e-03
-1.836974e-03
-1.879845e-03
-1.833228e-03
-1.790444e-03
-1.768865e-03
-1.695491e-03
-1.535058e-03
-1.355294e-03
-1.241878e-03
-1.207454e-03
-1.237036e-03
-1.252679e-03
-1.183539e-03
-1.088249e-03
-9.984309e-04
-9.011769e-04
-8.165109e-04
-7.930715e-04
-8.311212e-04
-8.643342e-04
-8.488642e-04
-7.600908e-04
-6.253569e-04
-4.782656e-04
-3.590649e-04
-2.842456e-04
-2.368912e-04
-2.703305e-04
-3.949032e-04
-5.398172e-04
-6.031530e-04
-5.458389e-04
-4.211253e-04
-2.558687e-04
-9.503509e-06
3.056986e-04
5.278222e-04
5.845757e-04
5.373582e-04
4.596713e-04
4.189437e-04
3.875596e-04
3.314865e-04
2.979973e-04
3.202513e-04
3.556237e-04
3.796703e-04
4.110038e-04
4.682788e-04
5.755775e-04
7.108982e-04
8.412103e-04
9.838864e-04
1.153725e-03
1.295369e-03
1.341290e-03
1.321812e-03
1.311110e-03
1.315651e-03
1.301630e-03
1.279038e-03
1.321611e-03
1.424147e-03
1.521641e-03
1.589507e-03
1.619778e-03
1.658620e-03
1.729393e-03
1.800450e-03
1.848316e-03
1.886805e-03
1.940798e-03
2.001654e-03
2.065771e-03
2.078012e-03
2.026247e-03
1.968000e-03
1.882589e-03
1.792477e-03
1.748690e-03
1.738760e-03
1.764809e-03
1.811385e-03
1.847369e-03
1.846899e-03
1.790979e-03
1.716942e-03
1.683998e-03
1.732924e-03
1.853337e-03
2.008669e-03
2.174420e-03
2.319153e-03
2.399539e-03
2.395731e-03
2.334645e-03
2.240444e-03
2.164495e-03
2.178185e-03
2.281012e-03
2.436543e-03
2.609107e-03
2.724224e-03
2.740743e-03
2.729817e-03
2.763794e-03
2.860012e-03
3.017709e-03
3.178654e-03
3.286144e-03
3.369072e-03
3.435026e-03
3.435013e-03
3.383919e-03
3.324540e-03
3.308747e-03
3.409895e-03
3.550988e-03
3.608076e-03
3.619686e-03
3.643245e-03
3.651405e-03
3.607330e-03
3.542761e-03
3.539790e-03
3.686359e-03
3.932897e-03
4.083126e-03
4.074057e-03
3.967812e-03
3.811495e-03
3.658473e-03
3.598450e-03
3.665667e-03
3.800271e-03
3.967510e-03
4.066881e-03
4.014163e-03
3.885355e-03
3.726249e-03
3.574596e-03
3.504370e-03
3.534394e-03
3.618618e-03
3.662783e-03
3.613206e-03
3.495767e-03
3.377769e-03
3.312617e-03
3.315156e-03
3.388027e-03
3.527781e-03
3.717464e-03
3.920114e-03
4.059287e-03
4.055673e-03
3.917054e-03
3.720488e-03
3.595683e-03
3.609906e-03
3.720475e-03
3.937381e-03
4.233020e-03
4.509004e-03
4.701407e-03
4.746389e-03
4.649036e-03
4.507250e-03
4.406344e-03
4.391845e-03
4.489627e-03
4.651045e-03
4.785599e-03
4.897023e-03
5.006192e-03
5.071428e-03
5.102714e-03
5.133697e-03
5.178105e-03
5.271300e-03
5.405919e-03
5.507702e-03
5.505720e-03
5.427940e-03
5.336186e-03
5.256570e-03
5.205452e-03
5.166871e-03
5.162822e-03
5.225252e-03
5.289467e-03
5.274991e-03
5.185680e-03
5.062863e-03
4.951859e-03
4.890290e-03
4.814684e-03
4.697389e-03
4.658807e-03
4.748965e-03
4.902092e-03
5.048709e-03
5.144903e-03
5.215556e-03
5.288875e-03
5.317291e-03
5.309250e-03
5.329658e-03
5.360546e-03
5.389166e-03
5.428830e-03
5.460555e-03
5.498674e-03
5.541256e-03
5.507550e-03
5.353212e-03
5.180849e-03
5.083139e-03
5.059934e-03
5.139771e-03
5.299532e-03
5.453411e-03
5.543545e-03
5.517367e-03
5.379567e-03
5.230403e-03
5.187497e-03
5.254626e-03
5.367802e-03
5.493393e-03
5.584783e-03
5.626505e-03
5.621520e-03
5.553259e-03
5.463053e-03
5.435821e-03
5.518889e-03
5.643746e-03
5.697246e-03
5.680581e-03
5.671043e-03
5.658857e-03
5.591617e-03
5.536176e-03
5.595492e-03
5.744510e-03
5.892218e-03
5.984291e-03
5.970451e-03
5.870923e-03
5.743972e-03
5.589141e-03
5.475585e-03
5.467798e-03
5.535275e-03
5.589784e-03
5.558952e-03
5.505071e-03
5.427433e-03
5.304407e-03
5.201939e-03
5.120825e-03
5.104555e-03
5.202029e-03
5.330443e-03
5.410103e-03
5.435602e-03
5.410157e-03
5.352194e-03
5.264041e-03
5.191215e-03
5.221745e-03
5.297161e-03
5.344539e-03
5.348237e-03
5.295016e-03
5.209653e-03
5.088509e-03
4.953980e-03
4.868827e-03
4.887254e-03
5.053426e-03
5.314400e-03
5.527497e-03
5.632275e-03
5.611699e-03
5.448118e-03
5.247550e-03
5.086935e-03
4.969466e-03
4.973272e-03
5.126862e-03
5.329139e-03
5.456576e-03
5.470460e-03
5.431079e-03
5.370171e-03
5.286994e-03
5.209199e-03
5.173694e-03
5.247751e-03
5.378127e-03
5.424392e-03
5.405673e-03
5.394738e-03
5.377022e-03
5.308777e-03
5.214744e-03
5.165983e-03
5.190054e-03
5.248113e-03
5.266648e-03
5.244950e-03
5.235384e-03
5.208654e-03
5.087153e-03
4.864509e-03
4.627049e-03
4.475817e-03
4.452691e-03
4.531254e-03
4.662702e-03
4.810389e-03
4.921366e-03
4.960499e-03
4.895413e-03
4.673365e-03
4.353722e-03
4.114605e-03
4.091180e-03
4.249726e-03
4.466971e-03
4.648920e-03
4.727828e-03
4.700506e-03
4.591625e-03
4.418937e-03
4.232472e-03
4.145370e-03
4.243493e-03
4.418038e-03
4.515110e-03
4.509151e-03
4.419438e-03
4.283296e-03
4.174308e-03
4.140251e-03
4.171878e-03
4.241691e-03
4.304938e-03
4.329089e-03
4.296365e-03
4.192328e-03
4.057295e-03
3.959758e-03
3.982830e-03
4.115093e-03
4.240530e-03
4.319459e-03
4.333901e-03
4.259274e-03
4.105742e-03
3.896349e-03
3.699713e-03
3.619621e-03
3.694407e-03
3.867039e-03
4.036394e-03
4.107967e-03
4.090876e-03
4.039700e-03
3.942827e-03
3.801456e-03
3.662030e-03
3.579281e-03
3.595556e-03
3.682576e-03
3.754912e-03
3.740630e-03
3.656142e-03
3.565170e-03
3.481454e-03
3.409799e-03
3.334122e-03
3.312788e-03
3.443275e-03
3.609511e-03
3.631602e-03
3.507537e-03
3.341809e-03
3.209505e-03
3.125188e-03
3.056839e-03
3.000744e-03
3.020318e-03
3.112595e-03
3.153677e-03
3.058063e-03
2.877163e-03
2.694332e-03
2.555237e-03
2.495988e-03
2.552221e-03
2.729068e-03
2.944628e-03
3.050757e-03
2.987630e-03
2.823904e-03
2.638500e-03
2.477833e-03
2.358299e-03
2.298634e-03
2.359418e-03
2.525352e-03
2.676081e-03
2.749876e-03
2.746045e-03
2.677142e-03
2.565111e-03
2.418694e-03
2.281922e-03
2.250325e-03
2.357543e-03
2.503640e-03
2.566212e-03
2.507074e-03
2.373892e-03
2.250572e-03
2.194407e-03
2.196487e-03
2.234752e-03
2.309146e-03
2.349431e-03
2.260708e-03
2.043688e-03
1.786277e-03
1.574620e-03
1.446842e-03
1.456408e-03
1.606584e-03
1.827343e-03
2.031119e-03
2.116183e-03
2.064875e-03
1.950178e-03
1.849181e-03
1.769062e-03
1.684237e-03
1.615129e-03
1.596242e-03
1.620039e-03
1.651021e-03
1.691531e-03
1.744376e-03
1.802850e-03
1.832924e-03
1.781460e-03
1.661642e-03
1.508399e-03
1.348685e-03
1.184411e-03
1.042227e-03
9.684447e-04
9.460368e-04
9.336388e-04
9.167916e-04
8.987862e-04
8.756822e-04
8.861874e-04
9.646378e-04
1.070393e-03
1.151318e-03
1.183583e-03
1.156594e-03
1.075713e-03
9.651274e-04
8.287545e-04
7.175949e-04
7.031504e-04
7.674110e-04
8.426034e-04
8.743362e-04
8.717389e-04
8.593937e-04
8.247771e-04
7.740312e-04
7.597586e-04
8.147112e-04
8.924705e-04
9.512269e-04
9.895365e-04
9.633334e-04
8.355568e-04
6.300333e-04
4.055768e-04
2.536606e-04
2.444985e-04
3.563188e-04
5.083120e-04
6.344367e-04
6.958775e-04
6.808597e-04
5.863965e-04
4.443454e-04
3.591678e-04
3.565358e-04
3.890656e-04
4.385335e-04
4.744159e-04
4.894098e-04
4.577939e-04
3.647574e-04
2.440058e-04
1.591202e-04
1.779793e-04
2.615316e-04
3.258409e-04
3.203854e-04
2.790975e-04
2.489588e-04
1.974618e-04
1.104395e-04
4.465443e-05
7.182944e-05
1.213738e-04
1.126134e-04
7.311511e-05
-1.494129e-06
-1.054963e-04
-1.931788e-04
-2.340612e-04
-2.258703e-04
-1.833860e-04
-1.430240e-04
-1.163342e-04
-1.053492e-04
-1.443629e-04
-2.425762e-04
-3.827339e-04
-5.014950e-04
-5.695448e-04
-5.987975e-04
-6.114416e-04
-6.396477e-04
-6.072733e-04
-5.442411e-04
-5.568403e-04
-5.928314e-04
-5.965895e-04
-5.440197e-04
-4.809021e-04
-4.943922e-04
-5.752593e-04
-6.917663e-04
-8.059558e-04
-8.917889e-04
-9.994159e-04
-1.098108e-03
-1.112072e-03
-1.086159e-03
-1.036850e-03
-9.961720e-04
-1.025638e-03
-1.061574e-03
-1.052288e-03
-1.033511e-03
-1.034631e-03
-1.053909e-03
-1.073622e-03
-1.068329e-03
-1.070280e-03
-1.143413e-03
-1.302437e-03
-1.474964e-03
-1.562481e-03
-1.548172e-03
-1.478744e-03
-1.461458e-03
-1.465138e-03
-1.380078e-03
-1.276365e-03
-1.220014e-03
-1.242863e-03
-1.319670e-03
-1.338764e-03
-1.308540e-03
-1.338389e-03
-1.429734e-03
-1.479596e-03
-1.497664e-03
-1.574645e-03
-1.761264e-03
-2.022415e-03
-2.234848e-03
-2.328555e-03
-2.349275e-03
-2.372640e-03
-2.398005e-03
-2.444129e-03
-2.551864e-03
-2.668162e-03
-2.755153e-03
-2.809559e-03
-2.817565e-03
-2.808994e-03
-2.845095e-03
-2.933509e-03
-3.056463e-03
-3.190296e-03
-3.247814e-03
-3.187474e-03
-3.063407e-03
-2.930730e-03
-2.798091e-03
-2.671232e-03
-2.580380e-03
-2.567029e-03
-2.661044e-03
-2.830254e-03
-3.021729e-03
-3.180134e-03
-3.263286e-03
-3.266247e-03
-3.176609e-03
-3.032285e-03
-2.922684e-03
-2.887745e-03
-2.917492e-03
-2.992161e-03
-3.078424e-03
-3.169491e-03
-3.298800e-03
-3.437001e-03
-3.557243e-03
-3.671373e-03
-3.727135e-03
-3.691806e-03
-3.609858e-03
-3.522340e-03
-3.402793e-03
-3.225900e-03
-3.054564e-03
-2.975147e-03
-3.036457e-03
-3.208087e-03
-3.406085e-03
-3.592402e-03
-3.761762e-03
-3.868526e-03
-3.849901e-03
-3.708395e-03
-3.562049e-03
-3.522497e-03
-3.559998e-03
-3.601619e-03
-3.667535e-03
-3.799646e-03
-3.953229e-03
-4.056564e-03
-4.053405e-03
-3.961995e-03
-3.908380e-03
-3.971122e-03
-4.112286e-03
-4.219867e-03
-4.234298e-03
-4.178267e-03
-4.089458e-03
-3.997365e-03
-3.855572e-03
-3.682840e-03
-3.607897e-03
-3.671567e-03
-3.826259e-03
-3.961426e-03
-3.963058e-03
-3.899997e-03
-3.902726e-03
-3.950755e-03
-3.964109e-03
-3.927684e-03
-3.871099e-03
-3.825709e-03
-3.818416e-03
-3.816655e-03
-3.786291e-03
-3.769872e-03
-3.802850e-03
-3.877545e-03
-3.952088e-03
-3.976394e-03
-3.964850e-03
-3.971978e-03
-3.998836e-03
-3.988014e-03
-3.903380e-03
-3.820142e-03
-3.804814e-03
-3.820344e-03
-3.864043e-03
-3.925636e-03
-3.959454e-03
-3.984676e-03
-4.036850e-03
-4.116243e-03
-4.169214e-03
-4.166394e-03
-4.146807e-03
-4.134713e-03
-4.118923e-03
-4.073978e-03
-4.033355e-03
-4.060650e-03
-4.146077e-03
-4.247864e-03
-4.305783e-03
-4.234533e-03
-4.054913e-03
-3.894280e-03
-3.827330e-03
-3.881088e-03
-4.034504e-03
-4.192963e-03
-4.316711e-03
-4.393207e-03
-4.374894e-03
-4.282589e-03
-4.195638e-03
-4.158525e-03
-4.156946e-03
-4.181294e-03
-4.225217e-03
-4.250205e-03
-4.232048e-03
-4.130259e-03
-3.968333e-03
-3.866873e-03
-3.836404e-03
-3.843784e-03
-3.900936e-03
-4.002958e-03
-4.130483e-03
-4.222438e-03
-4.216284e-03
-4.078182e-03
-3.862323e-03
-3.680740e-03
-3.591313e-03
-3.607094e-03
-3.692483e-03
-3.805107e-03
-3.905240e-03
-3.978549e-03
-4.023751e-03
-3.999282e-03
-3.937229e-03
-3.899296e-03
-3.905898e-03
-3.961279e-03
-4.041414e-03
-4.106699e-03
-4.115750e-03
-4.085152e-03
-4.032054e-03
-3.958377e-03
-3.926463e-03
-3.927618e-03
-3.923662e-03
-3.934728e-03
-3.959374e-03
-3.988442e-03
-3.979537e-03
-3.902179e-03
-3.783895e-03
-3.666737e-03
-3.593926e-03
-3.580483e-03
-3.613254e-03
-3.617058e-03
-3.576715e-03
-3.566651e-03
-3.578195e-03
-3.580201e-03
-3.574470e-03
-3.578872e-03
-3.588095e-03
-3.577920e-03
-3.545322e-03
-3.473722e-03
-3.388860e-03
-3.313706e-03
-3.240036e-03
-3.182204e-03
-3.173034e-03
-3.238906e-03
-3.319688e-03
-3.373050e-03
-3.405949e-03
-3.411579e-03
-3.400283e-03
-3.364671e-03
-3.311670e-03
-3.278748e-03
-3.294166e-03
-3.375579e-03
-3.489800e-03
-3.548342e-03
-3.509520e-03
-3.391475e-03
-3.235593e-03
-3.099321e-03
-3.014102e-03
-3.002574e-03
-3.078713e-03
-3.232670e-03
-3.385023e-03
-3.433537e-03
-3.366208e-03
-3.223611e-03
-3.060487e-03
-2.915300e-03
-2.850813e-03
-2.892835e-03
-2.952643e-03
-3.013490e-03
-3.078848e-03
-3.090565e-03
-3.026176e-03
-2.887507e-03
-2.701743e-03
-2.541793e-03
-2.468548e-03
-2.470770e-03
-2.539567e-03
-2.657807e-03
-2.735023e-03
-2.735000e-03
-2.711745e-03
-2.704901e-03
-2.749112e-03
-2.841706e-03
-2.914459e-03
-2.958051e-03
-2.963995e-03
-2.894511e-03
-2.789506e-03
-2.716658e-03
-2.688577e-03
-2.666086e-03
-2.625718e-03
-2.556506e-03
-2.483138e-03
-2.430269e-03
-2.362388e-03
-2.286983e-03
-2.219164e-03
-2.159126e-03
-2.120007e-03
-2.068934e-03
-2.006467e-03
-1.999770e-03
-2.066581e-03
-2.152813e-03
-2.219656e-03
-2.267004e-03
-2.286444e-03
-2.238708e-03
-2.141828e-03
-2.062059e-03
-2.025590e-03
-2.035775e-03
-2.067442e-03
-2.089792e-03
-2.116734e-03
-2.174037e-03
-2.192775e-03
-2.098195e-03
-1.942723e-03
-1.804552e-03
-1.724412e-03
-1.681063e-03
-1.672097e-03
-1.721441e-03
-1.801787e-03
-1.873317e-03
-1.856994e-03
-1.750286e-03
-1.636310e-03
-1.562799e-03
-1.572063e-03
-1.646169e-03
-1.727622e-03
-1.800522e-03
-1.822283e-03
-1.727624e-03
-1.536939e-03
-1.350509e-03
-1.277638e-03
-1.338936e-03
-1.461571e-03
-1.581705e-03
-1.665390e-03
-1.732618e-03
-1.747310e-03
-1.633943e-03
-1.453101e-03
-1.285491e-03
-1.200965e-03
-1.244228e-03
-1.326208e-03
-1.353256e-03
-1.317228e-03
-1.238869e-03
-1.150030e-03
-1.089460e-03
-1.064302e-03
-1.067462e-03
-1.116683e-03
-1.201552e-03
-1.261634e-03
-1.259795e-03
-1.216326e-03
-1.175855e-03
-1.129802e-03
-1.047726e-03
-9.627622e-04
-9.254051e-04
-9.614476e-04
-1.051227e-03
-1.136728e-03
-1.142208e-03
-1.030536e-03
-8.290482e-04
-5.923762e-04
-4.297837e-04
-3.920098e-04
-4.513379e-04
-5.564882e-04
-6.031242e-04
-5.846247e-04
-5.293469e-04
-4.284864e-04
-3.283215e-04
-2.793926e-04
-3.067809e-04
-3.517421e-04
-3.734354e-04
-3.916267e-04
-3.776303e-04
-3.299546e-04
-2.323318e-04
-7.390803e-05
3.268777e-05
4.391203e-05
5.283805e-05
7.628342e-05
1.168748e-04
2.000801e-04
2.637828e-04
2.637249e-04
1.965556e-04
9.775385e-05
4.269107e-05
4.912828e-05
8.951650e-05
1.198988e-04
1.358341e-04
1.717092e-04
2.081556e-04
2.286909e-04
2.435064e-04
2.585741e-04
3.568870e-04
5.473327e-04
7.064557e-04
8.067264e-04
8.334138e-04
7.669848e-04
6.505092e-04
5.117081e-04
3.926079e-04
3.402308e-04
3.766479e-04
4.853383e-04
6.272178e-04
7.690809e-04
8.738815e-04
9.302595e-04
9.341824e-04
8.800453e-04
8.014521e-04
7.536919e-04
7.794115e-04
9.146442e-04
1.135738e-03
1.304485e-03
1.338997e-03
1.285714e-03
1.210926e-03
1.166933e-03
1.155420e-03
1.164336e-03
1.187316e-03
1.219050e-03
1.285586e-03
1.355491e-03
1.384476e-03
1.401808e-03
1.415818e-03
1.437067e-03
1.482339e-03
1.529987e-03
1.582991e-03
1.660046e-03
1.742709e-03
1.786020e-03
1.758613e-03
1.688586e-03
1.650486e-03
1.682332e-03
1.773900e-03
1.874497e-03
1.941238e-03
2.006297e-03
2.060261e-03
2.085065e-03
2.033518e-03
1.851961e-03
1.672180e-03
1.617287e-03
1.707842e-03
1.909539e-03
2.100449e-03
2.220775e-03
2.304499e-03
2.325447e-03
2.229905e-03
2.084825e-03
2.013093e-03
2.026451e-03
2.045018e-03
2.019927e-03
1.978152e-03
1.993003e-03
2.036475e-03
2.051335e-03
2.096007e-03
2.197422e-03
2.323031e-03
2.391543e-03
2.311783e-03
2.124384e-03
1.969771e-03
1.935150e-03
1.998365e-03
2.138084e-03
2.321380e-03
2.469902e-03
2.529499e-03
2.511770e-03
2.442889e-03
2.341875e-03
2.293237e-03
2.312576e-03
2.367922e-03
2.455515e-03
2.501157e-03
2.504046e-03
2.518235e-03
2.527677e-03
2.537021e-03
2.563633e-03
2.606655e-03
2.683385e-03
2.778357e-03
2.861389e-03
2.892635e-03
2.828452e-03
2.736191e-03
2.681314e-03
2.663270e-03
2.676194e-03
2.696156e-03
2.725646e-03
2.747848e-03
2.725241e-03
2.669747e-03
2.603505e-03
2.555784e-03
2.588868e-03
2.711159e-03
2.844166e-03
2.909951e-03
2.883983e-03
2.814880e-03
2.728319e-03
2.612679e-03
2.508287e-03
2.484944e-03
2.572485e-03
2.722518e-03
2.847247e-03
2.872185e-03
2.807192e-03
2.697850e-03
2.582519e-03
2.547169e-03
2.620659e-03
2.755284e-03
2.891547e-03
2.959054e-03
2.903094e-03
2.737680e-03
2.566116e-03
2.445745e-03
2.387723e-03
2.462014e-03
2.687364e-03
2.971789e-03
3.202056e-03
3.301098e-03
3.271087e-03
3.161888e-03
3.023781e-03
2.884609e-03
2.772186e-03
2.766255e-03
2.819419e-03
2.793204e-03
2.688006e-03
2.543026e-03
2.371028e-03
2.153373e-03
1.882498e-03
1.690732e-03
1.702060e-03
1.847812e-03
1.984832e-03
2.073467e-03
2.145424e-03
2.201800e-03
2.241271e-03
2.293273e-03
2.403946e-03
2.619692e-03
2.899697e-03
3.093238e-03
3.113609e-03
2.989265e-03
2.787376e-03
2.627246e-03
2.559174e-03
2.539803e-03
2.529680e-03
2.472452e-03
2.365891e-03
2.262515e-03
2.158180e-03
2.039607e-03
1.965167e-03
1.993834e-03
2.103866e-03
2.177763e-03
2.133908e-03
2.003936e-03
1.848582e-03
1.758083e-03
1.742164e-03
1.783203e-03
1.932009e-03
2.133832e-03
2.306787e-03
2.428858e-03
2.451485e-03
2.336952e-03
2.138066e-03
1.954027e-03
1.863159e-03
1.865558e-03
1.877002e-03
1.866642e-03
1.867480e-03
1.903104e-03
1.923982e-03
1.870192e-03
1.823238e-03
1.875404e-03
1.993917e-03
2.113626e-03
2.184170e-03
2.172764e-03
2.096200e-03
1.964229e-03
1.813069e-03
1.715433e-03
1.648140e-03
1.560308e-03
1.512976e-03
1.589539e-03
1.726658e-03
1.799997e-03
1.756947e-03
1.624803e-03
1.493008e-03
1.396942e-03
1.306686e-03
1.237136e-03
1.252811e-03
1.373372e-03
1.560543e-03
1.704528e-03
1.683266e-03
1.552133e-03
1.432174e-03
1.359551e-03
1.355463e-03
1.431582e-03
1.548707e-03
1.634753e-03
1.640702e-03
1.532098e-03
1.326641e-03
1.112570e-03
9.941121e-04
1.059127e-03
1.260910e-03
1.458900e-03
1.538593e-03
1.424559e-03
1.177817e-03
9.476624e-04
8.343437e-04
8.654160e-04
9.607958e-04
1.035322e-03
1.110359e-03
1.217292e-03
1.285744e-03
1.216992e-03
1.052111e-03
9.011341e-04
8.224313e-04
8.140910e-04
8.200371e-04
8.176931e-04
8.435119e-04
9.173971e-04
9.947382e-04
1.016545e-03
9.607310e-04
8.383973e-04
7.125511e-04
6.263578e-04
5.805478e-04
5.699126e-04
5.752560e-04
6.092818e-04
6.299772e-04
5.519306e-04
3.880850e-04
2.386333e-04
2.069220e-04
2.475667e-04
2.843614e-04
3.640467e-04
5.329846e-04
7.267711e-04
7.968521e-04
7.135620e-04
5.592579e-04
4.055603e-04
2.816255e-04
2.132460e-04
2.925954e-04
5.223587e-04
7.580995e-04
8.234552e-04
6.770981e-04
4.779258e-04
3.551760e-04
3.119282e-04
3.328369e-04
3.997543e-04
4.788879e-04
5.343620e-04
5.323704e-04
4.854807e-04
4.443958e-04
4.184900e-04
3.783574e-04
3.335561e-04
3.346846e-04
4.080736e-04
5.227770e-04
5.747481e-04
4.884354e-04
2.720165e-04
8.975277e-06
-1.784157e-04
-3.120631e-04
-4.552546e-04
-5.315650e-04
-4.582425e-04
-3.005958e-04
-1.922735e-04
-2.067309e-04
-3.176008e-04
-3.866887e-04
-3.846537e-04
-4.025063e-04
-4.480462e-04
-4.743501e-04
-4.264029e-04
-3.402322e-04
-3.094668e-04
-3.102940e-04
-2.520070e-04
-1.139868e-04
5.119180e-05
1.761052e-04
2.134913e-04
1.401163e-04
4.086671e-06
-1.087439e-04
-1.664830e-04
-1.652175e-04
-1.728423e-04
-2.361020e-04
-2.978136e-04
-3.652112e-04
-4.705654e-04
-5.574931e-04
-5.611807e-04
-5.029073e-04
-4.517421e-04
-4.288903e-04
-4.276025e-04
-4.604383e-04
-5.119537e-04
-5.589230e-04
-5.871221e-04
-5.356613e-04
-4.246944e-04
-3.540546e-04
-3.467800e-04
-3.846970e-04
-4.731433e-04
-5.966516e-04
-6.878015e-04
-7.163993e-04
-6.971697e-04
-6.529009e-04
-6.230230e-04
-6.541658e-04
-7.340375e-04
-7.931311e-04
-8.327159e-04
-8.308778e-04
-7.186945e-04
-5.621690e-04
-4.444342e-04
-3.610516e-04
-3.109126e-04
-3.281639e-04
-4.520839e-04
-6.380995e-04
-8.118090e-04
-9.289738e-04
-9.331219e-04
-8.031598e-04
-5.963108e-04
-4.291329e-04
-3.547804e-04
-3.474744e-04
-4.061211e-04
-5.283336e-04
-7.023942e-04
-9.271790e-04
-1.131243e-03
-1.222318e-03
-1.199577e-03
-1.092667e-03
-8.934850e-04
-6.530955e-04
-5.133361e-04
-5.433247e-04
-7.012213e-04
-8.910924e-04
-1.052015e-03
-1.162021e-03
-1.151675e-03
-1.004087e-03
-7.862283e-04
-5.908729e-04
-5.124229e-04
-5.828865e-04
-7.343551e-04
-8.904890e-04
-1.018937e-03
-1.064590e-03
-1.012235e-03
-9.260731e-04
-8.744295e-04
-9.093499e-04
-1.046936e-03
-1.245773e-03
-1.479877e-03
-1.716539e-03
-1.850663e-03
-1.787105e-03
-1.500912e-03
-1.089077e-03
-7.071887e-04
-4.715542e-04
-4.563326e-04
-6.059988e-04
-8.273593e-04
-1.077701e-03
-1.298446e-03
-1.425552e-03
-1.380114e-03
-1.205343e-03
-1.021421e-03
-8.313202e-04
-6.387208e-04
-4.313935e-04
-2.433374e-04
-2.170571e-04
-3.910530e-04
-7.286860e-04
-1.077268e-03
-1.284578e-03
-1.391354e-03
-1.442061e-03
-1.465416e-03
-1.459858e-03
-1.406805e-03
-1.318327e-03
-1.221355e-03
-1.129752e-03
-1.012494e-03
-8.963216e-04
-8.336430e-04
-8.529461e-04
-9.321852e-04
-1.025816e-03
-1.100451e-03
-1.130453e-03
-1.151098e-03
-1.156531e-03
-1.115479e-03
-1.036194e-03
-9.438775e-04
-8.869714e-04
-8.973777e-04
-9.876215e-04
-1.121772e-03
-1.265206e-03
-1.416256e-03
-1.544150e-03
-1.590993e-03
-1.514199e-03
-1.391704e-03
-1.344095e-03
-1.356474e-03
-1.344687e-03
-1.265326e-03
-1.126914e-03
-9.864510e-04
-8.787046e-04
-7.921631e-04
-7.368199e-04
-7.461322e-04
-8.253516e-04
-9.476101e-04
-1.056232e-03
-1.055727e-03
-9.719435e-04
-8.984156e-04
-8.429756e-04
-8.304957e-04
-8.489704e-04
-8.781524e-04
-9.566807e-04
-1.051113e-03
-1.078739e-03
-1.025356e-03
-9.045216e-04
-7.299099e-04
-5.759374e-04
-4.965097e-04
-4.867556e-04
-5.507667e-04
-6.838881e-04
-8.555045e-04
-1.012734e-03
-1.081158e-03
-1.010123e-03
-8.413454e-04
-6.429982e-04
-4.751669e-04
-4.291770e-04
-5.204371e-04
-6.793067e-04
-8.038612e-04
-8.013956e-04
-6.889581e-04
-5.304529e-04
-3.773579e-04
-3.116611e-04
-3.952293e-04
-6.071493e-04
-8.680657e-04
-1.072714e-03
-1.138968e-03
-1.051584e-03
-8.361639e-04
-5.716739e-04
-3.891412e-04
-3.656842e-04
-4.807036e-04
-6.370120e-04
-7.315856e-04
-7.447522e-04
-6.894369e-04
-5.891381e-04
-4.636806e-04
-3.434481e-04
-3.144765e-04
-3.788698e-04
-4.342219e-04
-4.166602e-04
-3.596801e-04
-3.494834e-04
-4.097912e-04
-4.822064e-04
-5.278648e-04
-5.269159e-04
-4.602837e-04
-3.408125e-04
-1.769976e-04
-2.045788e-06
1.185610e-04
1.415194e-04
6.936885e-05
-7.515092e-05
-2.384493e-04
-3.347334e-04
-3.598261e-04
-3.452038e-04
-2.825306e-04
-2.177176e-04
-2.330337e-04
-3.702774e-04
-6.061641e-04
-8.307671e-04
-9.025118e-04
-7.646883e-04
-4.803286e-04
-1.312347e-04
2.255620e-04
5.064469e-04
5.962009e-04
4.643809e-04
2.106416e-04
-4.246209e-05
-1.842129e-04
-2.197839e-04
-1.866998e-04
-5.084055e-05
1.217753e-04
1.935596e-04
7.649065e-05
-1.637689e-04
-3.657023e-04
-4.770068e-04
-5.225208e-04
-5.067952e-04
-4.071525e-04
-2.214786e-04
-5.173352e-05
-2.503486e-05
-1.309512e-04
-2.721421e-04
-3.899038e-04
-5.059755e-04
-5.958549e-04
-5.427223e-04
-3.462479e-04
-1.228434e-04
4.235322e-05
1.098409e-04
8.588848e-05
1.536595e-05
-7.449121e-05
-1.533293e-04
-1.568047e-04
-8.338827e-05
5.144872e-06
8.175619e-05
1.356012e-04
1.393779e-04
1.139622e-04
1.095266e-04
1.355204e-04
1.928950e-04
2.557321e-04
3.078958e-04
3.897240e-04
4.663233e-04
4.338555e-04
2.782804e-04
7.418784e-05
-9.343923e-05
-1.727868e-04
-2.047810e-04
-2.251766e-04
-2.191804e-04
-2.034462e-04
-1.678193e-04
-9.004186e-05
2.985235e-05
1.708465e-04
2.803322e-04
3.269607e-04
3.082232e-04
2.075041e-04
9.699790e-06
-2.179490e-04
-3.334096e-04
-2.328082e-04
1.481091e-05
2.502256e-04
3.802503e-04
4.101618e-04
3.916610e-04
3.050657e-04
1.304286e-04
-3.926401e-05
-5.664173e-05
9.024668e-05
2.486928e-04
3.126452e-04
2.933768e-04
2.713519e-04
2.805351e-04
2.537065e-04
1.922158e-04
2.160723e-04
3.557322e-04
4.916608e-04
5.323982e-04
4.717616e-04
4.038469e-04
3.896899e-04
3.335909e-04
2.047846e-04
6.969447e-05
3.554007e-06
2.323452e-05
4.963077e-05
8.488841e-05
1.670907e-04
2.489008e-04
2.506088e-04
1.067399e-04
-1.252900e-04
-2.871095e-04
-3.015178e-04
-2.048622e-04
-8.199302e-05
4.046179e-05
1.544086e-04
1.978370e-04
1.597258e-04
5.674814e-05
-7.212122e-05
-1.515938e-04
-1.478891e-04
-8.925271e-05
-2.677823e-05
3.970992e-05
9.204111e-05
7.759071e-05
3.294194e-05
1.626344e-05
4.510826e-05
1.165063e-04
1.983438e-04
2.613242e-04
2.806978e-04
2.326294e-04
1.201337e-04
-2.817895e-05
-1.766054e-04
-2.827519e-04
-3.071346e-04
-2.470811e-04
-1.304896e-04
2.371350e-05
1.931656e-04
3.199526e-04
3.683146e-04
3.393211e-04
2.789505e-04
2.662691e-04
3.066457e-04
3.580600e-04
4.148399e-04
4.801608e-04
4.755277e-04
3.579660e-04
2.124699e-04
1.250403e-04
1.342203e-04
1.770562e-04
1.394147e-04
3.162100e-05
-2.653856e-05
-2.687987e-06
1.423330e-05
-1.554938e-05
-4.972704e-06
1.340633e-04
3.374255e-04
4.743369e-04
4.991923e-04
4.224573e-04
2.980085e-04
1.967878e-04
1.220625e-04
8.049486e-05
1.256122e-04
2.519125e-04
3.777235e-04
4.179747e-04
3.518267e-04
2.119152e-04
8.858866e-05
3.875792e-05
7.825184e-06
1.442206e-05
9.473937e-05
2.108051e-04
3.204881e-04
3.721386e-04
3.789811e-04
3.694643e-04
3.653526e-04
4.083963e-04
4.808839e-04
5.839024e-04
7.005864e-04
7.275841e-04
6.096204e-04
3.867945e-04
1.745511e-04
4.367956e-05
-3.122163e-05
-1.902323e-05
9.298199e-05
2.403090e-04
3.740167e-04
4.150393e-04
3.150238e-04
1.533731e-04
5.444263e-06
-1.015588e-04
-1.110039e-04
4.445718e-06
2.078484e-04
4.096008e-04
5.380521e-04
5.618992e-04
4.572236e-04
2.626753e-04
4.998247e-05
-8.039329e-05
-5.034291e-05
9.247914e-05
2.855203e-04
5.094461e-04
6.763557e-04
6.927828e-04
5.917381e-04
4.507059e-04
3.392300e-04
3.152124e-04
3.664079e-04
4.418394e-04
5.227536e-04
5.743029e-04
5.384690e-04
4.561177e-04
4.002145e-04
3.800326e-04
3.852147e-04
4.013258e-04
3.929788e-04
3.498056e-04
3.027540e-04
2.174239e-04
1.038009e-04
7.770899e-05
1.580279e-04
2.956101e-04
4.907167e-04
7.022598e-04
8.541568e-04
9.201251e-04
9.261827e-04
9.704598e-04
1.116434e-03
1.314137e-03
1.455231e-03
1.479308e-03
1.417933e-03
1.275279e-03
1.082381e-03
8.916404e-04
7.423198e-04
6.964225e-04
7.074972e-04
6.963603e-04
6.107067e-04
4.367273e-04
2.412625e-04
5.677170e-05
-1.080792e-04
-2.412845e-04
-3.313094e-04
-3.833814e-04
-4.585759e-04
-5.979719e-04
-7.907888e-04
-9.849195e-04
-1.118269e-03
-1.163168e-03
-1.097156e-03
-8.761385e-04
-4.772494e-04
4.210376e-05
5.456873e-04
9.441976e-04
1.259265e-03
1.490545e-03
1.624460e-03
1.700399e-03
1.737885e-03
1.730100e-03
1.699160e-03
1.649662e-03
1.537006e-03
1.384304e-03
1.256777e-03
1.174200e-03
1.111371e-03
1.045486e-03
9.755734e-04
8.871276e-04
8.246537e-04
8.272530e-04
8.216155e-04
7.353829e-04
5.630403e-04
3.432260e-04
1.445312e-04
1.973415e-05
-4.376273e-05
-6.873962e-05
-7.351710e-06
1.616410e-04
3.267942e-04
3.656985e-04
3.056660e-04
2.668328e-04
3.009601e-04
3.732473e-04
4.796953e-04
6.323718e-04
7.959786e-04
9.016596e-04
8.759563e-04
7.829092e-04
7.064112e-04
6.337253e-04
5.723442e-04
5.406317e-04
5.580883e-04
5.687740e-04
4.900547e-04
3.406986e-04
1.937957e-04
9.516595e-05
3.212801e-05
-1.666304e-05
-2.683253e-05
5.052626e-05
1.808649e-04
2.712798e-04
2.662766e-04
1.815019e-04
8.394029e-05
-3.911584e-06
-5.114574e-05
-9.571864e-06
1.277646e-04
3.197211e-04
4.715163e-04
5.314801e-04
5.408165e-04
5.454211e-04
5.438217e-04
5.652009e-04
5.961627e-04
5.531548e-04
4.620007e-04
3.689844e-04
2.742484e-04
1.807690e-04
4.476234e-05
-1.030342e-04
-1.590604e-04
-1.089350e-04
-6.828227e-07
8.306618e-05
1.113559e-04
1.575526e-04
2.496430e-04
3.504615e-04
4.052181e-04
3.868111e-04
3.660200e-04
4.092316e-04
4.856024e-04
5.262470e-04
4.788599e-04
3.432134e-04
1.743585e-04
6.382935e-05
7.057532e-05
1.817957e-04
3.740192e-04
5.960265e-04
7.617381e-04
7.921664e-04
6.498564e-04
4.093270e-04
1.641898e-04
-1.465460e-05
-7.863723e-05
-5.746758e-05
3.195746e-05
1.435951e-04
1.928839e-04
1.499812e-04
1.516492e-06
-2.059194e-04
-3.787787e-04
-4.905441e-04
-5.411695e-04
-5.267204e-04
-4.894268e-04
-4.643449e-04
-4.664903e-04
-4.982013e-04
-4.930490e-04
-4.182411e-04
-3.322748e-04
-2.677503e-04
-2.258794e-04
-2.176571e-04
-2.456426e-04
-3.058626e-04
-3.578730e-04
-3.410217e-04
-2.541261e-04
-1.494652e-04
-6.748222e-05
-1.199890e-05
1.974636e-05
4.589077e-05
8.140120e-05
1.182840e-04
1.828412e-04
2.513385e-04
2.340948e-04
1.259709e-04
-2.999919e-05
-1.864148e-04
-3.008516e-04
-3.919324e-04
-5.042397e-04
-6.504469e-04
-7.845214e-04
-9.008918e-04
-9.858205e-04
-9.501321e-04
-7.753539e-04
-4.940053e-04
-2.012904e-04
-5.206722e-05
-1.142239e-04
-3.179071e-04
-5.448868e-04
-7.416531e-04
-8.224023e-04
-7.367053e-04
-5.559223e-04
-3.634546e-04
-2.870289e-04
-3.693555e-04
-5.095029e-04
-6.453575e-04
-7.415950e-04
-7.597331e-04
-6.648059e-04
-4.650828e-04
-2.295068e-04
-4.042779e-05
3.431186e-05
1.440365e-05
-7.054975e-05
-2.045376e-04
-3.538499e-04
-5.127579e-04
-6.987503e-04
-9.035539e-04
-1.047021e-03
-1.114211e-03
-1.136864e-03
-1.146176e-03
-1.158432e-03
-1.128915e-03
-1.067490e-03
-9.956823e-04
-9.343042e-04
-8.955156e-04
-8.364200e-04
-7.573813e-04
-7.100075e-04
-7.088945e-04
-7.214133e-04
-7.125941e-04
-7.039631e-04
-7.828827e-04
-9.556612e-04
-1.146459e-03
-1.278497e-03
-1.317327e-03
-1.312199e-03
-1.304376e-03
-1.320670e-03
-1.367978e-03
-1.462425e-03
-1.595199e-03
-1.622449e-03
-1.470000e-03
-1.191931e-03
-8.495732e-04
-5.374087e-04
-3.418250e-04
-2.938070e-04
-3.722517e-04
-5.130413e-04
-6.311774e-04
-6.840463e-04
-7.299607e-04
-8.047359e-04
-8.821258e-04
-9.749316e-04
-1.112847e-03
-1.309816e-03
-1.528601e-03
-1.691814e-03
-1.768475e-03
-1.763337e-03
-1.730956e-03
-1.724355e-03
-1.711315e-03
-1.672914e-03
-1.603079e-03
-1.507480e-03
-1.415035e-03
-1.333858e-03
-1.278470e-03
-1.255051e-03
-1.287756e-03
-1.374434e-03
-1.454554e-03
-1.487021e-03
-1.477738e-03
-1.432383e-03
-1.319658e-03
-1.144825e-03
-9.720028e-04
-9.140368e-04
-1.050720e-03
-1.327812e-03
-1.621053e-03
-1.857867e-03
-2.033314e-03
-2.089877e-03
-1.986100e-03
-1.801655e-03
-1.642447e-03
-1.567860e-03
-1.566145e-03
-1.606431e-03
-1.669474e-03
-1.713513e-03
-1.697619e-03
-1.595644e-03
-1.440925e-03
-1.319227e-03
-1.263553e-03
-1.250873e-03
-1.248973e-03
-1.241823e-03
-1.221655e-03
-1.172202e-03
-1.125455e-03
-1.111511e-03
-1.146234e-03
-1.280867e-03
-1.500417e-03
-1.738037e-03
-1.905899e-03
-1.920917e-03
-1.799998e-03
-1.625820e-03
-1.466851e-03
-1.365551e-03
-1.360465e-03
-1.453672e-03
-1.596544e-03
-1.682503e-03
-1.653622e-03
-1.559889e-03
-1.454513e-03
-1.368036e-03
-1.275140e-03
-1.200726e-03
-1.227829e-03
-1.298688e-03
-1.312377e-03
-1.280433e-03
-1.231930e-03
-1.195647e-03
-1.210980e-03
-1.234417e-03
-1.214800e-03
-1.191137e-03
-1.219007e-03
-1.279067e-03
-1.343092e-03
-1.389228e-03
-1.375701e-03
-1.321293e-03
-1.257246e-03
-1.197260e-03
-1.150294e-03
-1.116498e-03
-1.118736e-03
-1.178514e-03
-1.263969e-03
-1.297139e-03
-1.275082e-03
-1.228596e-03
-1.161356e-03
-1.088511e-03
-1.014957e-03
-9.690745e-04
-9.647978e-04
-9.922496e-04
-1.047631e-03
-1.122520e-03
-1.208941e-03
-1.274706e-03
-1.305961e-03
-1.320723e-03
-1.331969e-03
-1.337404e-03
-1.358877e-03
-1.384350e-03
-1.373700e-03
-1.354803e-03
-1.291106e-03
-1.125539e-03
-9.162805e-04
-7.658492e-04
-7.135625e-04
-6.912718e-04
-6.754399e-04
-6.682238e-04
-6.585357e-04
-7.025522e-04
-7.729413e-04
-8.427509e-04
-9.307944e-04
-9.852482e-04
-1.013097e-03
-1.036928e-03
-1.059810e-03
-1.109756e-03
-1.187143e-03
-1.267369e-03
-1.292675e-03
-1.250538e-03
-1.151528e-03
-1.005494e-03
-8.818235e-04
-8.143253e-04
-8.069672e-04
-8.657348e-04
-9.702848e-04
-1.070771e-03
-1.130901e-03
-1.161054e-03
-1.155494e-03
-1.122925e-03
-1.063084e-03
-9.794741e-04
-9.416413e-04
-9.749252e-04
-1.012796e-03
-9.874199e-04
-9.069245e-04
-7.971177e-04
-6.784995e-04
-5.734767e-04
-5.126600e-04
-5.402182e-04
-6.224598e-04
-6.874496e-04
-7.106556e-04
-6.956464e-04
-6.467622e-04
-5.621471e-04
-4.872490e-04
-4.782314e-04
-5.436022e-04
-6.625500e-04
-7.796282e-04
-8.655474e-04
-9.335678e-04
-9.897507e-04
-1.013110e-03
-1.002082e-03
-9.913435e-04
-9.708967e-04
-9.264364e-04
-8.523886e-04
-7.659573e-04
-7.339747e-04
-7.812598e-04
-8.820845e-04
-9.878205e-04
-1.068056e-03
-1.105820e-03
-1.067071e-03
-9.537496e-04
-8.229235e-04
-7.597284e-04
-7.871455e-04
-8.900467e-04
-1.053439e-03
-1.197346e-03
-1.235247e-03
-1.126914e-03
-8.971195e-04
-6.371758e-04
-4.189296e-04
-2.694784e-04
-2.076757e-04
-2.175726e-04
-2.467959e-04
-2.602157e-04
-2.390067e-04
-1.901623e-04
-1.524592e-04
-1.751491e-04
-2.537944e-04
-3.475446e-04
-4.798943e-04
-6.452099e-04
-7.723024e-04
-8.128060e-04
-7.577959e-04
-6.463921e-04
-5.524648e-04
-5.306052e-04
-5.682520e-04
-6.387190e-04
-7.407110e-04
-8.729614e-04
-1.013511e-03
-1.106812e-03
-1.120655e-03
-1.066477e-03
-9.724390e-04
-8.460244e-04
-6.947746e-04
-5.947407e-04
-5.840769e-04
-6.330713e-04
-6.958334e-04
-7.210855e-04
-7.075850e-04
-6.453466e-04
-5.391649e-04
-4.498547e-04
-4.243332e-04
-4.473489e-04
-4.565099e-04
-4.287555e-04
-3.793875e-04
-3.349166e-04
-3.204964e-04
-3.307166e-04
-3.614201e-04
-4.353985e-04
-5.257911e-04
-5.496441e-04
-4.846096e-04
-3.552237e-04
-2.156929e-04
-1.354476e-04
-1.266279e-04
-1.790849e-04
-2.786795e-04
-3.976612e-04
-4.818646e-04
-4.943838e-04
-4.478761e-04
-3.891134e-04
-3.986104e-04
-5.010865e-04
-6.326249e-04
-7.399783e-04
-7.927478e-04
-7.826666e-04
-7.072412e-04
-5.771445e-04
-4.776934e-04
-4.763140e-04
-5.979889e-04
-8.011874e-04
-9.514978e-04
-9.792307e-04
-8.865307e-04
-7.021025e-04
-4.947171e-04
-3.204275e-04
-2.225374e-04
-2.524375e-04
-3.766948e-04
-4.922066e-04
-5.291276e-04
-4.707721e-04
-3.540103e-04
-2.058978e-04
-6.999492e-05
-1.357759e-08
-1.202926e-05
-9.134245e-05
-1.932767e-04
-2.763028e-04
-2.802251e-04
-1.963223e-04
-8.218874e-05
1.469698e-05
7.204736e-05
6.608181e-05
-2.198035e-05
-1.070634e-04
-1.421054e-04
-1.479625e-04
-1.064152e-04
-6.928040e-05
-8.217059e-05
-1.248533e-04
-1.842469e-04
-2.838741e-04
-4.345575e-04
-5.592220e-04
-6.271164e-04
-6.375427e-04
-5.756291e-04
-4.909565e-04
-3.683445e-04
-1.723198e-04
2.890153e-05
1.222548e-04
8.562003e-05
2.333780e-06
-1.026870e-04
-2.309817e-04
-3.444798e-04
-4.346014e-04
-4.562776e-04
-3.614176e-04
-2.439145e-04
-1.923309e-04
-1.734154e-04
-1.295808e-04
-7.133083e-05
-5.633438e-05
-7.285823e-05
-7.848529e-05
-2.925044e-05
7.885635e-05
1.622715e-04
2.022191e-04
2.162730e-04
2.295300e-04
2.568184e-04
2.586859e-04
2.491424e-04
2.487708e-04
2.594466e-04
2.629028e-04
2.434233e-04
2.445590e-04
2.927302e-04
3.769647e-04
4.546099e-04
5.115235e-04
5.429613e-04
5.189054e-04
4.495129e-04
3.454613e-04
2.705037e-04
2.653171e-04
2.843495e-04
3.395832e-04
4.330003e-04
5.207302e-04
5.670022e-04
5.415335e-04
4.556911e-04
3.597973e-04
3.329084e-04
4.040185e-04
4.999669e-04
5.688679e-04
6.057682e-04
5.746677e-04
4.501449e-04
2.616416e-04
8.665440e-05
1.887147e-06
3.672465e-05
1.720394e-04
3.246438e-04
4.400410e-04
5.105277e-04
4.964793e-04
4.093419e-04
3.068165e-04
2.296559e-04
2.069238e-04
2.614739e-04
3.951916e-04
5.476385e-04
6.531318e-04
6.513734e-04
5.522845e-04
4.688562e-04
4.696583e-04
5.614152e-04
6.832570e-04
8.023027e-04
9.435074e-04
1.045498e-03
1.057371e-03
9.896783e-04
8.732881e-04
7.967954e-04
8.038157e-04
8.618073e-04
9.781953e-04
1.157162e-03
1.331678e-03
1.421277e-03
1.385702e-03
1.247488e-03
1.102110e-03
1.009253e-03
9.852803e-04
1.072781e-03
1.229413e-03
1.366462e-03
1.411073e-03
1.353672e-03
1.237037e-03
1.076029e-03
9.348571e-04
8.372323e-04
7.898131e-04
8.416363e-04
9.552314e-04
1.081710e-03
1.205370e-03
1.288035e-03
1.335810e-03
1.375413e-03
1.398304e-03
1.391110e-03
1.360943e-03
1.326584e-03
1.286719e-03
1.251281e-03
1.216347e-03
1.155099e-03
1.066127e-03
1.011215e-03
1.061948e-03
1.193322e-03
1.361459e-03
1.526506e-03
1.626620e-03
1.677975e-03
1.724645e-03
1.724101e-03
1.668687e-03
1.604756e-03
1.553203e-03
1.533008e-03
1.533449e-03
1.532757e-03
1.518839e-03
1.531740e-03
1.583846e-03
1.602355e-03
1.583006e-03
1.559310e-03
1.561076e-03
1.595257e-03
1.635346e-03
1.684804e-03
1.726729e-03
1.778933e-03
1.828903e-03
1.819378e-03
1.769197e-03
1.713601e-03
1.706948e-03
1.758457e-03
1.828835e-03
1.901060e-03
1.950008e-03
1.947637e-03
1.879269e-03
1.793360e-03
1.742527e-03
1.765899e-03
1.873353e-03
2.011876e-03
2.130575e-03
2.194559e-03
2.208862e-03
2.191305e-03
2.159864e-03
2.143210e-03
2.150726e-03
2.170900e-03
2.181109e-03
2.175292e-03
2.162411e-03
2.147198e-03
2.111636e-03
2.054919e-03
2.033347e-03
2.062265e-03
2.128136e-03
2.211283e-03
2.295071e-03
2.383743e-03
2.450876e-03
2.479551e-03
2.455904e-03
2.432307e-03
2.465048e-03
2.529833e-03
2.597870e-03
2.628354e-03
2.635947e-03
2.637008e-03
2.620414e-03
2.574341e-03
2.506714e-03
2.464964e-03
2.456349e-03
2.499260e-03
2.533928e-03
2.489637e-03
2.422478e-03
2.369532e-03
2.360280e-03
2.400739e-03
2.460259e-03
2.532750e-03
2.621436e-03
2.742286e-03
2.836647e-03
2.828882e-03
2.771152e-03
2.738785e-03
2.765164e-03
2.834315e-03
2.898069e-03
2.947366e-03
2.982570e-03
2.995089e-03
2.991234e-03
2.983647e-03
2.971525e-03
2.958656e-03
2.978258e-03
3.039575e-03
3.090257e-03
3.100520e-03
3.074982e-03
3.027207e-03
3.017054e-03
3.051535e-03
3.080328e-03
3.130431e-03
3.244534e-03
3.395617e-03
3.511989e-03
3.565758e-03
3.571103e-03
3.532616e-03
3.485786e-03
3.425801e-03
3.355016e-03
3.335338e-03
3.378590e-03
3.452709e-03
3.516914e-03
3.562577e-03
3.550003e-03
3.432062e-03
3.234779e-03
2.987585e-03
2.788451e-03
2.744020e-03
2.839438e-03
3.018811e-03
3.216265e-03
3.377364e-03
3.491108e-03
3.558473e-03
3.539940e-03
3.420876e-03
3.291018e-03
3.237729e-03
3.267747e-03
3.310257e-03
3.302713e-03
3.305560e-03
3.405495e-03
3.548405e-03
3.585494e-03
3.493495e-03
3.383244e-03
3.322507e-03
3.296358e-03
3.244204e-03
3.169257e-03
3.159681e-03
3.250922e-03
3.363093e-03
3.423680e-03
3.469534e-03
3.523376e-03
3.516040e-03
3.367385e-03
3.117055e-03
2.939380e-03
2.943780e-03
3.082604e-03
3.239320e-03
3.330422e-03
3.360885e-03
3.348660e-03
3.268346e-03
3.141152e-03
3.104411e-03
3.260458e-03
3.541519e-03
3.763531e-03
3.799289e-03
3.707860e-03
3.583176e-03
3.426383e-03
3.238009e-03
3.104112e-03
3.162475e-03
3.415616e-03
3.644466e-03
3.660101e-03
3.513742e-03
3.357876e-03
3.244214e-03
3.118335e-03
3.005034e-03
3.030429e-03
3.230462e-03
3.448043e-03
3.457500e-03
3.272925e-03
3.096794e-03
3.021834e-03
3.031216e-03
3.026387e-03
2.936899e-03
2.878670e-03
2.934917e-03
2.998211e-03
2.914118e-03
2.671625e-03
2.490833e-03
2.566263e-03
2.842716e-03
3.102483e-03
3.194292e-03
3.180929e-03
3.194563e-03
3.207055e-03
3.082701e-03
2.824677e-03
2.633459e-03
2.671244e-03
2.870882e-03
3.061401e-03
3.123051e-03
3.067714e-03
2.984139e-03
2.917338e-03
2.865217e-03
2.786018e-03
2.656741e-03
2.524532e-03
2.486133e-03
2.559292e-03
2.636566e-03
2.598237e-03
2.425154e-03
2.249958e-03
2.193949e-03
2.247692e-03
2.337281e-03
2.446163e-03
2.611039e-03
2.761028e-03
2.785012e-03
2.651692e-03
2.410263e-03
2.204612e-03
2.164128e-03
2.298266e-03
2.486365e-03
2.572466e-03
2.548201e-03
2.472232e-03
2.355368e-03
2.175486e-03
1.930457e-03
1.778943e-03
1.867251e-03
2.116791e-03
2.332279e-03
2.375809e-03
2.281085e-03
2.150479e-03
2.015479e-03
1.852275e-03
1.676187e-03
1.598167e-03
1.701579e-03
1.908579e-03
2.057699e-03
2.067878e-03
1.957731e-03
1.798013e-03
1.676797e-03
1.622174e-03
1.602757e-03
1.601962e-03
1.620211e-03
1.631797e-03
1.577261e-03
1.422550e-03
1.273502e-03
1.280151e-03
1.414475e-03
1.523039e-03
1.502508e-03
1.376686e-03
1.213388e-03
1.026719e-03
8.285425e-04
7.116740e-04
8.082685e-04
1.057319e-03
1.247539e-03
1.275040e-03
1.204400e-03
1.185976e-03
1.196525e-03
1.105516e-03
9.528441e-04
8.841731e-04
9.369028e-04
9.861888e-04
9.798101e-04
9.908477e-04
1.057877e-03
1.117015e-03
1.104579e-03
1.040653e-03
9.205450e-04
7.989867e-04
7.078637e-04
5.781365e-04
4.402626e-04
3.300345e-04
2.557946e-04
2.538302e-04
3.145561e-04
3.732275e-04
3.816312e-04
4.002506e-04
4.490255e-04
4.579994e-04
4.655270e-04
5.453790e-04
6.882846e-04
7.990169e-04
7.771258e-04
6.388926e-04
4.679796e-04
3.293401e-04
1.789578e-04
-7.976977e-06
-1.311840e-04
-1.383801e-04
-9.632041e-05
-1.242063e-04
-2.247098e-04
-3.035631e-04
-2.970333e-04
-2.341902e-04
-1.962773e-04
-1.854772e-04
-1.779118e-04
-1.416724e-04
-1.296279e-04
-2.386512e-04
-3.625344e-04
-3.533336e-04
-2.311592e-04
-1.196648e-04
-1.087533e-04
-2.029422e-04
-3.400599e-04
-4.320269e-04
-4.683331e-04
-4.849610e-04
-4.789582e-04
-5.072458e-04
-6.441255e-04
-8.225636e-04
-9.710524e-04
-1.105640e-03
-1.209078e-03
-1.207602e-03
-1.073550e-03
-8.973606e-04
-8.211367e-04
-8.919258e-04
-1.032177e-03
-1.155900e-03
-1.249019e-03
-1.313208e-03
-1.279978e-03
-1.115914e-03
-9.153920e-04
-7.918173e-04
-8.253923e-04
-9.975359e-04
-1.210676e-03
-1.430298e-03
-1.617457e-03
-1.680384e-03
-1.614974e-03
-1.500891e-03
-1.368381e-03
-1.255811e-03
-1.265195e-03
-1.435450e-03
-1.690099e-03
-1.917273e-03
-2.054642e-03
-2.061131e-03
-1.977485e-03
-1.896075e-03
-1.808094e-03
-1.736054e-03
-1.709836e-03
-1.716459e-03
-1.800571e-03
-1.951838e-03
-2.107462e-03
-2.217045e-03
-2.246954e-03
-2.194560e-03
-2.074501e-03
-1.953292e-03
-1.880507e-03
-1.893141e-03
-2.018296e-03
-2.153348e-03
-2.203628e-03
-2.170174e-03
-2.077925e-03
-1.992551e-03
-1.967515e-03
-2.032071e-03
-2.194572e-03
-2.402133e-03
-2.577780e-03
-2.650187e-03
-2.562132e-03
-2.325758e-03
-2.048366e-03
-1.874986e-03
-1.903087e-03
-2.059969e-03
-2.212240e-03
-2.363803e-03
-2.502765e-03
-2.563015e-03
-2.527815e-03
-2.404028e-03
-2.281236e-03
-2.240517e-03
-2.246399e-03
-2.255847e-03
-2.271375e-03
-2.312252e-03
-2.368289e-03
-2.382803e-03
-2.344685e-03
-2.338509e-03
-2.447780e-03
-2.661429e-03
-2.879835e-03
-3.046114e-03
-3.154482e-03
-3.179327e-03
-3.167973e-03
-3.165987e-03
-3.186525e-03
-3.264409e-03
-3.345595e-03
-3.334289e-03
-3.173378e-03
-2.856191e-03
-2.475592e-03
-2.179188e-03
-2.062080e-03
-2.128830e-03
-2.340912e-03
-2.629152e-03
-2.888652e-03
-3.071318e-03
-3.232195e-03
-3.415912e-03
-3.605380e-03
-3.783301e-03
-3.914639e-03
-3.958485e-03
-3.904852e-03
-3.719550e-03
-3.413931e-03
-3.115173e-03
-2.933414e-03
-2.903219e-03
-3.012931e-03
-3.182521e-03
-3.326977e-03
-3.418300e-03
-3.448735e-03
-3.422476e-03
-3.369134e-03
-3.306462e-03
-3.232198e-03
-3.202026e-03
-3.288822e-03
-3.464119e-03
-3.640150e-03
-3.783395e-03
-3.869319e-03
-3.864068e-03
-3.791994e-03
-3.700668e-03
-3.627533e-03
-3.592605e-03
-3.594044e-03
-3.613959e-03
-3.644757e-03
-3.671498e-03
-3.676383e-03
-3.672532e-03
-3.718855e-03
-3.853210e-03
-4.009739e-03
-4.119892e-03
-4.196202e-03
-4.286139e-03
-4.341297e-03
-4.257155e-03
-4.049104e-03
-3.836370e-03
-3.718782e-03
-3.685102e-03
-3.716379e-03
-3.794270e-03
-3.869796e-03
-3.947890e-03
-3.989419e-03
-3.933107e-03
-3.798768e-03
-3.685692e-03
-3.673889e-03
-3.727119e-03
-3.810421e-03
-3.924554e-03
-4.053342e-03
-4.190612e-03
-4.284222e-03
-4.276847e-03
-4.205378e-03
-4.113342e-03
-3.992857e-03
-3.859650e-03
-3.761426e-03
-3.728362e-03
-3.771415e-03
-3.858011e-03
-3.935581e-03
-4.002113e-03
-4.085177e-03
-4.207499e-03
-4.352546e-03
-4.498089e-03
-4.624487e-03
-4.688511e-03
-4.687422e-03
-4.622942e-03
-4.507064e-03
-4.379745e-03
-4.245869e-03
-4.145201e-03
-4.089522e-03
-4.054505e-03
-4.067687e-03
-4.112604e-03
-4.135670e-03
-4.097794e-03
-4.025098e-03
-3.944652e-03
-3.853245e-03
-3.786686e-03
-3.752462e-03
-3.755457e-03
-3.801614e-03
-3.911037e-03
-4.080893e-03
-4.240647e-03
-4.361112e-03
-4.409024e-03
-4.380909e-03
-4.336412e-03
-4.284103e-03
-4.219302e-03
-4.162048e-03
-4.113530e-03
-4.070111e-03
-4.016351e-03
-3.931852e-03
-3.845876e-03
-3.803656e-03
-3.829797e-03
-3.892437e-03
-3.950269e-03
-4.014147e-03
-4.063690e-03
-4.088039e-03
-4.112428e-03
-4.145518e-03
-4.201774e-03
-4.263580e-03
-4.305945e-03
-4.339471e-03
-4.377188e-03
-4.421444e-03
-4.444275e-03
-4.388712e-03
-4.242445e-03
-4.043876e-03
-3.832364e-03
-3.634796e-03
-3.472753e-03
-3.376375e-03
-3.370007e-03
-3.434291e-03
-3.508211e-03
-3.555666e-03
-3.576607e-03
-3.587680e-03
-3.578243e-03
-3.524964e-03
-3.458057e-03
-3.394117e-03
-3.341830e-03
-3.297386e-03
-3.236238e-03
-3.157208e-03
-3.100369e-03
-3.122590e-03
-3.203069e-03
-3.318286e-03
-3.430145e-03
-3.464604e-03
-3.441047e-03
-3.381502e-03
-3.260067e-03
-3.129100e-03
-3.098824e-03
-3.172689e-03
-3.288912e-03
-3.396824e-03
-3.428569e-03
-3.363983e-03
-3.222002e-03
-3.015472e-03
-2.767084e-03
-2.561745e-03
-2.492704e-03
-2.556925e-03
-2.712444e-03
-2.895717e-03
-3.049913e-03
-3.160076e-03
-3.199031e-03
-3.162430e-03
-3.084976e-03
-3.007815e-03
-2.969268e-03
-2.988742e-03
-3.048274e-03
-3.107621e-03
-3.125363e-03
-3.080735e-03
-2.993071e-03
-2.907064e-03
-2.867933e-03
-2.839494e-03
-2.771859e-03
-2.683656e-03
-2.564747e-03
-2.421716e-03
-2.286291e-03
-2.151826e-03
-2.034008e-03
-2.011205e-03
-2.121096e-03
-2.274718e-03
-2.349573e-03
-2.304128e-03
-2.210283e-03
-2.144861e-03
-2.092649e-03
-2.002063e-03
-1.891943e-03
-1.828721e-03
-1.827980e-03
-1.840928e-03
-1.791458e-03
-1.681968e-03
-1.579531e-03
-1.480249e-03
-1.364645e-03
-1.273435e-03
-1.274928e-03
-1.415022e-03
-1.614576e-03
-1.752154e-03
-1.802900e-03
-1.772886e-03
-1.682741e-03
-1.539698e-03
-1.362891e-03
-1.247704e-03
-1.247906e-03
-1.350124e-03
-1.497035e-03
-1.603338e-03
-1.675300e-03
-1.738454e-03
-1.733167e-03
-1.637826e-03
-1.497864e-03
-1.361780e-03
-1.280141e-03
-1.246990e-03
-1.180708e-03
-1.048884e-03
-9.206958e-04
-8.944652e-04
-9.855967e-04
-1.137292e-03
-1.296481e-03
-1.380419e-03
-1.384337e-03
-1.348975e-03
-1.239185e-03
-1.059351e-03
-8.706466e-04
-7.410685e-04
-6.950642e-04
-6.939948e-04
-6.837359e-04
-6.569261e-04
-6.562245e-04
-6.693179e-04
-6.519534e-04
-6.027290e-04
-5.255009e-04
-4.480626e-04
-3.988013e-04
-4.007397e-04
-4.793255e-04
-5.778130e-04
-6.256075e-04
-6.136605e-04
-5.618156e-04
-4.782464e-04
-3.787052e-04
-2.987941e-04
-2.552988e-04
-2.662968e-04
-2.935568e-04
-2.670412e-04
-1.853534e-04
-9.106156e-05
-2.830070e-05
8.393132e-06
1.914969e-05
-8.064864e-06
-4.455273e-05
-5.326595e-05
2.530318e-06
1.245023e-04
2.575292e-04
3.404625e-04
3.615806e-04
3.486764e-04
3.181102e-04
2.749390e-04
2.555034e-04
3.037573e-04
3.969547e-04
4.877318e-04
5.492414e-04
5.440088e-04
4.589010e-04
3.292213e-04
2.036501e-04
1.493031e-04
2.313470e-04
4.148664e-04
6.237888e-04
8.228084e-04
9.653239e-04
1.011292e-03
9.704144e-04
9.063538e-04
8.764856e-04
9.016577e-04
9.867631e-04
1.084214e-03
1.151886e-03
1.192448e-03
1.169750e-03
1.083745e-03
1.005945e-03
9.851471e-04
1.040280e-03
1.117397e-03
1.163463e-03
1.197906e-03
1.198919e-03
1.126251e-03
9.799162e-04
8.501143e-04
8.643399e-04
1.000498e-03
1.175995e-03
1.326720e-03
1.420143e-03
1.466271e-03
1.436679e-03
1.349535e-03
1.278891e-03
1.274254e-03
1.359180e-03
1.502683e-03
1.645868e-03
1.715693e-03
1.667281e-03
1.530321e-03
1.370707e-03
1.297547e-03
1.359468e-03
1.490215e-03
1.653942e-03
1.809387e-03
1.902982e-03
1.923142e-03
1.853118e-03
1.725946e-03
1.623963e-03
1.618739e-03
1.732188e-03
1.912275e-03
2.089467e-03
2.218383e-03
2.281638e-03
2.277106e-03
2.208359e-03
2.092020e-03
2.002057e-03
2.022265e-03
2.131852e-03
2.257850e-03
2.332353e-03
2.347689e-03
2.333292e-03
2.272597e-03
2.157099e-03
2.047175e-03
2.046364e-03
2.148127e-03
2.263064e-03
2.357274e-03
2.430802e-03
2.469770e-03
2.440960e-03
2.338903e-03
2.220872e-03
2.200270e-03
2.299481e-03
2.436227e-03
2.565390e-03
2.655855e-03
2.685802e-03
2.660567e-03
2.567607e-03
2.410391e-03
2.285064e-03
2.286792e-03
2.382252e-03
2.489725e-03
2.577222e-03
2.631873e-03
2.637206e-03
2.603351e-03
2.535103e-03
2.445976e-03
2.399761e-03
2.435883e-03
2.529555e-03
2.636990e-03
2.707618e-03
2.731737e-03
2.730562e-03
2.704449e-03
2.671586e-03
2.622805e-03
2.571162e-03
2.559367e-03
2.605251e-03
2.700275e-03
2.755007e-03
2.780946e-03
2.823389e-03
2.830131e-03
2.803074e-03
2.763384e-03
2.731317e-03
2.713376e-03
2.701246e-03
2.716414e-03
2.762483e-03
2.794392e-03
2.767791e-03
2.736013e-03
2.767499e-03
2.839425e-03
2.891062e-03
2.922740e-03
2.991371e-03
3.069345e-03
3.086637e-03
3.025011e-03
2.895392e-03
2.786977e-03
2.760759e-03
2.758863e-03
2.738787e-03
2.703740e-03
2.679446e-03
2.683397e-03
2.692735e-03
2.726886e-03
2.786683e-03
2.834259e-03
2.847302e-03
2.816648e-03
2.768896e-03
2.695143e-03
2.615669e-03
2.584630e-03
2.596163e-03
2.648796e-03
2.725329e-03
2.798812e-03
2.853373e-03
2.878335e-03
2.861385e-03
2.810330e-03
2.782860e-03
2.784687e-03
2.780294e-03
2.754697e-03
2.700515e-03
2.601763e-03
2.475348e-03
2.397068e-03
2.379298e-03
2.429380e-03
2.571409e-03
2.743971e-03
2.897441e-03
2.992995e-03
2.989039e-03
2.911200e-03
2.788472e-03
2.655456e-03
2.574230e-03
2.579792e-03
2.648812e-03
2.703055e-03
2.703084e-03
2.652684e-03
2.552208e-03
2.467779e-03
2.458719e-03
2.497375e-03
2.537910e-03
2.553507e-03
2.552579e-03
2.523833e-03
2.438289e-03
2.286047e-03
2.121943e-03
2.062844e-03
2.106087e-03
2.155193e-03
2.164232e-03
2.163489e-03
2.199225e-03
2.249764e-03
2.272356e-03
2.270305e-03
2.271486e-03
2.285466e-03
2.291734e-03
2.279799e-03
2.255532e-03
2.236949e-03
2.262649e-03
2.327421e-03
2.395190e-03
2.431981e-03
2.413591e-03
2.346097e-03
2.238316e-03
2.126542e-03
2.041277e-03
2.019722e-03
2.088412e-03
2.188767e-03
2.291133e-03
2.364446e-03
2.327136e-03
2.180831e-03
2.009899e-03
1.898002e-03
1.857883e-03
1.884984e-03
1.982144e-03
2.105858e-03
2.231865e-03
2.304947e-03
2.233552e-03
2.041210e-03
1.840239e-03
1.708259e-03
1.633338e-03
1.596461e-03
1.594897e-03
1.625558e-03
1.655985e-03
1.608802e-03
1.518700e-03
1.447520e-03
1.413728e-03
1.455846e-03
1.539355e-03
1.627514e-03
1.712918e-03
1.769174e-03
1.756703e-03
1.661168e-03
1.562656e-03
1.497302e-03
1.468400e-03
1.529871e-03
1.659007e-03
1.789003e-03
1.870173e-03
1.861770e-03
1.763151e-03
1.628809e-03
1.502214e-03
1.369792e-03
1.280710e-03
1.306271e-03
1.401007e-03
1.490662e-03
1.542841e-03
1.545487e-03
1.498311e-03
1.385981e-03
1.235197e-03
1.118025e-03
1.058459e-03
1.036768e-03
1.017562e-03
9.842631e-04
9.358181e-04
8.657979e-04
7.966634e-04
7.559423e-04
7.736687e-04
8.772918e-04
1.022371e-03
1.143501e-03
1.200409e-03
1.179707e-03
1.116760e-03
1.046828e-03
9.802824e-04
8.981441e-04
7.857879e-04
6.787197e-04
6.153456e-04
6.169184e-04
6.640283e-04
6.835432e-04
6.889563e-04
7.555500e-04
8.524086e-04
8.893483e-04
8.274831e-04
7.211537e-04
6.612160e-04
6.838136e-04
7.548863e-04
8.350333e-04
8.987861e-04
9.317450e-04
9.385308e-04
8.984509e-04
8.320040e-04
7.720881e-04
7.259298e-04
7.239434e-04
7.515863e-04
7.927897e-04
8.234522e-04
8.025320e-04
7.606995e-04
7.360228e-04
7.052741e-04
6.276419e-04
5.205338e-04
4.440157e-04
4.280063e-04
4.497798e-04
4.659009e-04
4.718014e-04
4.897489e-04
4.838499e-04
3.856534e-04
2.359014e-04
1.451764e-04
1.561364e-04
2.758623e-04
4.865528e-04
7.115912e-04
8.478290e-04
8.373023e-04
6.909013e-04
4.669769e-04
2.703160e-04
1.883619e-04
2.332294e-04
3.785897e-04
5.650860e-04
6.895167e-04
6.800217e-04
5.349105e-04
3.100405e-04
1.302588e-04
9.521860e-05
1.811165e-04
2.975625e-04
3.700562e-04
3.931003e-04
3.839923e-04
3.371017e-04
2.800905e-04
2.540656e-04
2.914116e-04
3.923894e-04
4.909457e-04
5.258787e-04
5.053472e-04
4.776722e-04
4.422552e-04
3.799383e-04
3.340020e-04
3.444504e-04
3.858370e-04
4.060505e-04
3.833973e-04
3.317203e-04
2.678567e-04
1.798411e-04
8.512945e-05
5.726812e-05
1.124243e-04
2.114425e-04
3.067602e-04
3.588294e-04
3.892166e-04
4.112065e-04
3.970411e-04
3.722229e-04
3.938092e-04
4.802141e-04
5.891968e-04
6.393258e-04
5.942154e-04
4.789311e-04
3.531727e-04
2.670145e-04
2.449010e-04
3.033261e-04
4.277445e-04
5.505186e-04
5.929743e-04
5.432084e-04
4.103716e-04
2.098388e-04
4.355214e-05
1.438334e-05
8.763120e-05
1.717312e-04
2.306045e-04
2.713260e-04
3.053930e-04
2.922102e-04
1.941149e-04
5.737109e-05
-1.870185e-05
2.135823e-05
1.011155e-04
1.314736e-04
1.061417e-04
4.814536e-05
-2.403839e-05
-8.622833e-05
-1.262700e-04
-1.086466e-04
8.998384e-06
1.471977e-04
2.378372e-04
2.535416e-04
1.616916e-04
3.424547e-05
-4.360245e-05
-2.892643e-05
9.249866e-05
3.083212e-04
5.510544e-04
7.132852e-04
7.352488e-04
5.887698e-04
3.443564e-04
1.602990e-04
1.190991e-04
1.790980e-04
2.612414e-04
3.232026e-04
3.130669e-04
1.850771e-04
-2.095944e-05
-1.989902e-04
-2.272762e-04
-9.745673e-05
4.710042e-05
1.257914e-04
1.557260e-04
1.573793e-04
1.126807e-04
5.068652e-06
-8.078461e-05
-8.234510e-05
-1.860887e-05
5.248269e-05
6.088647e-05
2.378276e-05
-1.367956e-05
-6.493455e-05
-1.373026e-04
-1.830295e-04
-1.550190e-04
-3.360012e-05
1.351614e-04
2.401323e-04
2.403812e-04
1.841810e-04
1.034457e-04
-2.685626e-05
-1.803073e-04
-2.794221e-04
-2.983246e-04
-2.502550e-04
-1.906719e-04
-1.510478e-04
-9.668951e-05
-1.612745e-05
3.008111e-05
2.847740e-05
2.261725e-05
5.287854e-06
-1.654184e-05
-5.785795e-05
-1.360469e-04
-1.894183e-04
-1.913804e-04
-1.953055e-04
-2.277921e-04
-2.068975e-04
-1.281879e-04
-6.773904e-05
-1.298518e-05
1.730132e-05
-3.642527e-06
-6.739639e-05
-1.815912e-04
-3.024735e-04
-3.853788e-04
-4.149848e-04
-3.650753e-04
-2.301910e-04
-5.158094e-05
1.042515e-04
1.981362e-04
2.449575e-04
2.280438e-04
1.229102e-04
6.436509e-06
-6.887237e-05
-1.166625e-04
-1.499403e-04
-1.769451e-04
-1.891660e-04
-2.009865e-04
-2.455185e-04
-3.192021e-04
-3.664765e-04
-3.469372e-04
-2.895450e-04
-2.706701e-04
-3.272359e-04
-4.232873e-04
-5.276621e-04
-6.203865e-04
-6.872475e-04
-6.723367e-04
-5.383314e-04
-3.547517e-04
-2.009877e-04
-1.245485e-04
-1.226033e-04
-1.521378e-04
-2.111297e-04
-3.046271e-04
-3.754049e-04
-3.982324e-04
-4.053610e-04
-4.087275e-04
-3.893776e-04
-3.397974e-04
-2.955207e-04
-2.832556e-04
-3.065536e-04
-3.264631e-04
-3.135601e-04
-3.006461e-04
-3.148738e-04
-3.336312e-04
-3.157362e-04
-3.108510e-04
-3.448664e-04
-3.685762e-04
-3.599055e-04
-3.001493e-04
-2.238374e-04
-1.648680e-04
-1.170335e-04
-8.333421e-05
-1.171901e-04
-2.420388e-04
-3.978285e-04
-5.359803e-04
-5.866840e-04
-5.607729e-04
-5.276472e-04
-5.106754e-04
-4.999407e-04
-4.579996e-04
-4.323674e-04
-4.796454e-04
-5.802268e-04
-6.623229e-04
-6.711947e-04
-6.549528e-04
-6.667558e-04
-7.071134e-04
-7.532041e-04
-7.810285e-04
-8.018053e-04
-8.317457e-04
-8.206366e-04
-7.287947e-04
-5.945330e-04
-4.789150e-04
-4.197612e-04
-4.048666e-04
-4.340994e-04
-5.297343e-04
-6.666193e-04
-7.803042e-04
-8.026709e-04
-7.252102e-04
-6.123850e-04
-5.370337e-04
-5.286773e-04
-5.807747e-04
-6.975189e-04
-8.506472e-04
-9.708608e-04
-1.006678e-03
-9.529836e-04
-8.602703e-04
-7.728390e-04
-6.991179e-04
-6.625277e-04
-6.932262e-04
-8.156616e-04
-9.918239e-04
-1.118303e-03
-1.158005e-03
-1.090877e-03
-9.549261e-04
-8.415379e-04
-7.743538e-04
-7.857900e-04
-8.513317e-04
-9.058938e-04
-9.463431e-04
-9.900149e-04
-1.042087e-03
-1.077360e-03
-1.092355e-03
-1.123799e-03
-1.178871e-03
-1.213565e-03
-1.191002e-03
-1.132349e-03
-1.107269e-03
-1.117238e-03
-1.128741e-03
-1.194072e-03
-1.296438e-03
-1.356668e-03
-1.377882e-03
-1.395618e-03
-1.430768e-03
-1.436855e-03
-1.356534e-03
-1.261178e-03
-1.257681e-03
-1.329847e-03
-1.361145e-03
-1.305243e-03
-1.268185e-03
-1.342467e-03
-1.482395e-03
-1.549436e-03
-1.491216e-03
-1.457141e-03
-1.536855e-03
-1.614262e-03
-1.573659e-03
-1.439033e-03
-1.367206e-03
-1.446759e-03
-1.544569e-03
-1.533704e-03
-1.455779e-03
-1.409551e-03
-1.483125e-03
-1.641919e-03
-1.765746e-03
-1.834277e-03
-1.911724e-03
-2.000955e-03
-2.002883e-03
-1.889675e-03
-1.727721e-03
-1.600361e-03
-1.607387e-03
-1.759617e-03
-1.947550e-03
-2.063019e-03
-2.068833e-03
-1.994974e-03
-1.927773e-03
-1.895094e-03
-1.855345e-03
-1.850693e-03
-1.973453e-03
-2.238617e-03
-2.526942e-03
-2.619830e-03
-2.445063e-03
-2.165302e-03
-1.920132e-03
-1.710502e-03
-1.514629e-03
-1.374620e-03
-1.406347e-03
-1.642739e-03
-1.893450e-03
-1.959406e-03
-1.839806e-03
-1.664111e-03
-1.547438e-03
-1.509361e-03
-1.511615e-03
-1.555365e-03
-1.701268e-03
-1.922563e-03
-2.118102e-03
-2.201806e-03
-2.128643e-03
-2.023554e-03
-2.066525e-03
-2.275210e-03
-2.490124e-03
-2.554754e-03
-2.462910e-03
-2.316014e-03
-2.171596e-03
-1.991299e-03
-1.790730e-03
-1.664197e-03
-1.693718e-03
-1.835572e-03
-1.928067e-03
-1.907743e-03
-1.867220e-03
-1.907249e-03
-2.036860e-03
-2.179035e-03
-2.230542e-03
-2.199235e-03
-2.151911e-03
-2.071850e-03
-1.952785e-03
-1.849120e-03
-1.790513e-03
-1.807032e-03
-1.926854e-03
-2.068690e-03
-2.159132e-03
-2.182577e-03
-2.117910e-03
-2.023564e-03
-1.956485e-03
-1.921235e-03
-1.923648e-03
-1.973647e-03
-2.077433e-03
-2.220914e-03
-2.357272e-03
-2.408535e-03
-2.359149e-03
-2.270086e-03
-2.232770e-03
-2.275758e-03
-2.335914e-03
-2.403111e-03
-2.516581e-03
-2.695054e-03
-2.838417e-03
-2.799709e-03
-2.597201e-03
-2.400852e-03
-2.385664e-03
-2.507637e-03
-2.609189e-03
-2.683700e-03
-2.827913e-03
-3.046109e-03
-3.145765e-03
-2.984914e-03
-2.628368e-03
-2.212841e-03
-1.885342e-03
-1.670927e-03
-1.498027e-03
-1.442950e-03
-1.581046e-03
-1.806954e-03
-1.989697e-03
-2.014445e-03
-1.910626e-03
-1.876649e-03
-2.014176e-03
-2.263403e-03
-2.483687e-03
-2.581315e-03
-2.565099e-03
-2.450224e-03
-2.232422e-03
-1.950727e-03
-1.737390e-03
-1.763656e-03
-2.056621e-03
-2.449540e-03
-2.742051e-03
-2.826151e-03
-2.782069e-03
-2.719236e-03
-2.635004e-03
-2.572922e-03
-2.573454e-03
-2.634018e-03
-2.709203e-03
-2.672823e-03
-2.466602e-03
-2.115124e-03
-1.703200e-03
-1.365352e-03
-1.207760e-03
-1.274664e-03
-1.492322e-03
-1.726656e-03
-1.868655e-03
-1.897740e-03
-1.897497e-03
-1.935960e-03
-2.015361e-03
-2.169931e-03
-2.417919e-03
-2.655769e-03
-2.784575e-03
-2.768576e-03
-2.669288e-03
-2.580239e-03
-2.481461e-03
-2.353130e-03
-2.239524e-03
-2.208210e-03
-2.259911e-03
-2.251166e-03
-2.062716e-03
-1.750084e-03
-1.446408e-03
-1.226767e-03
-1.112245e-03
-1.115697e-03
-1.254657e-03
-1.517043e-03
-1.802962e-03
-1.943709e-03
-1.865717e-03
-1.647610e-03
-1.441546e-03
-1.377142e-03
-1.441240e-03
-1.553230e-03
-1.660116e-03
-1.739367e-03
-1.765644e-03
-1.694887e-03
-1.582230e-03
-1.513234e-03
-1.517799e-03
-1.581220e-03
-1.644613e-03
-1.657960e-03
-1.567039e-03
-1.374159e-03
-1.146881e-03
-9.656180e-04
-9.050601e-04
-9.642541e-04
-1.114138e-03
-1.308399e-03
-1.455946e-03
-1.499837e-03
-1.468489e-03
-1.437056e-03
-1.413003e-03
-1.391552e-03
-1.413394e-03
-1.480007e-03
-1.545764e-03
-1.510405e-03
-1.340344e-03
-1.144579e-03
-1.044697e-03
-1.054155e-03
-1.084151e-03
-1.135513e-03
-1.236205e-03
-1.319062e-03
-1.299878e-03
-1.102473e-03
-7.774997e-04
-5.135989e-04
-4.476004e-04
-5.557842e-04
-7.137691e-04
-8.559637e-04
-9.642318e-04
-9.960694e-04
-9.105236e-04
-7.051904e-04
-4.441035e-04
-2.514901e-04
-2.431302e-04
-3.871345e-04
-5.016996e-04
-4.965501e-04
-4.573805e-04
-4.809573e-04
-5.481932e-04
-5.612318e-04
-4.987032e-04
-4.168745e-04
-3.584857e-04
-2.953569e-04
-1.670819e-04
-3.469466e-06
1.171474e-04
1.690016e-04
2.013014e-04
2.342308e-04
2.306737e-04
1.961813e-04
1.612446e-04
1.342001e-04
1.060290e-04
6.301668e-05
6.487692e-06
-4.532629e-05
-8.442932e-05
-1.285695e-04
-1.994229e-04
-2.324434e-04
-1.426872e-04
-4.761804e-06
9.588938e-05
1.869545e-04
2.943160e-04
4.147503e-04
5.085028e-04
5.365539e-04
4.817442e-04
3.912827e-04
3.635643e-04
3.894933e-04
4.254878e-04
4.657697e-04
4.961327e-04
5.245120e-04
5.798795e-04
6.429883e-04
6.341041e-04
5.663324e-04
5.702344e-04
6.664492e-04
7.677112e-04
8.355690e-04
8.727534e-04
9.310313e-04
1.036595e-03
1.155965e-03
1.293544e-03
1.462468e-03
1.627349e-03
1.696796e-03
1.600945e-03
1.350039e-03
1.045229e-03
7.978349e-04
6.321784e-04
5.867813e-04
7.449690e-04
1.116646e-03
1.536769e-03
1.837540e-03
1.997812e-03
2.047080e-03
2.082135e-03
2.115677e-03
2.088177e-03
2.075203e-03
2.097828e-03
2.054199e-03
1.900375e-03
1.644374e-03
1.262118e-03
8.304317e-04
5.796239e-04
6.484524e-04
9.799195e-04
1.435532e-03
1.873359e-03
2.207646e-03
2.461463e-03
2.606439e-03
2.556959e-03
2.370151e-03
2.160919e-03
1.978406e-03
1.806837e-03
1.606882e-03
1.422100e-03
1.370625e-03
1.470880e-03
1.605654e-03
1.741560e-03
1.966297e-03
2.260833e-03
2.476749e-03
2.508198e-03
2.363391e-03
2.171020e-03
2.053639e-03
1.988785e-03
1.949076e-03
2.004655e-03
2.188962e-03
2.418652e-03
2.598972e-03
2.679113e-03
2.685370e-03
2.720729e-03
2.775192e-03
2.749552e-03
2.633548e-03
2.481199e-03
2.322290e-03
2.167961e-03
2.097298e-03
2.183399e-03
2.420126e-03
2.753382e-03
3.062683e-03
3.251789e-03
3.322510e-03
3.289461e-03
3.142900e-03
2.959154e-03
2.888780e-03
2.957166e-03
3.067483e-03
3.104470e-03
3.000159e-03
2.792294e-03
2.505135e-03
2.170812e-03
1.905419e-03
1.804194e-03
1.914755e-03
2.161215e-03
2.376302e-03
2.495189e-03
2.547697e-03
2.531391e-03
2.439242e-03
2.361702e-03
2.414476e-03
2.593863e-03
2.775486e-03
2.855516e-03
2.851586e-03
2.805550e-03
2.708145e-03
2.583347e-03
2.507156e-03
2.553025e-03
2.736644e-03
2.980313e-03
3.195949e-03
3.352611e-03
3.430252e-03
3.399631e-03
3.272021e-03
3.072202e-03
2.811740e-03
2.525910e-03
2.266696e-03
2.078613e-03
1.992470e-03
2.037389e-03
2.217568e-03
2.494513e-03
2.793293e-03
3.018359e-03
3.158257e-03
3.279476e-03
3.413777e-03
3.547290e-03
3.648688e-03
3.726493e-03
3.779454e-03
3.739402e-03
3.594864e-03
3.408861e-03
3.244745e-03
3.098211e-03
2.941031e-03
2.782552e-03
2.637467e-03
2.528975e-03
2.447037e-03
2.378951e-03
2.364820e-03
2.439159e-03
2.588206e-03
2.737678e-03
2.777507e-03
2.663748e-03
2.454621e-03
2.232116e-03
2.052150e-03
1.924615e-03
1.884823e-03
1.997119e-03
2.214375e-03
2.419601e-03
2.548747e-03
2.615058e-03
2.708172e-03
2.891588e-03
3.104829e-03
3.261386e-03
3.345702e-03
3.380207e-03
3.350341e-03
3.195065e-03
2.900838e-03
2.567745e-03
2.360854e-03
2.350573e-03
2.443155e-03
2.568809e-03
2.728103e-03
2.884341e-03
2.997925e-03
3.026677e-03
2.965478e-03
2.904694e-03
2.909533e-03
2.936320e-03
2.921287e-03
2.889243e-03
2.890201e-03
2.891964e-03
2.827583e-03
2.707265e-03
2.644557e-03
2.715081e-03
2.859028e-03
3.008980e-03
3.175868e-03
3.311757e-03
3.341125e-03
3.232479e-03
3.005524e-03
2.803164e-03
2.724397e-03
2.749611e-03
2.812390e-03
2.865637e-03
2.931002e-03
2.955899e-03
2.850197e-03
2.573009e-03
2.180423e-03
1.853859e-03
1.704829e-03
1.740652e-03
1.925571e-03
2.211610e-03
2.548834e-03
2.829999e-03
2.961587e-03
2.904316e-03
2.698945e-03
2.465395e-03
2.293659e-03
2.193989e-03
2.161770e-03
2.220156e-03
2.314061e-03
2.356312e-03
2.339791e-03
2.298964e-03
2.311062e-03
2.387067e-03
2.460819e-03
2.512396e-03
2.541576e-03
2.533214e-03
2.453799e-03
2.309361e-03
2.164878e-03
2.053601e-03
1.962001e-03
1.887001e-03
1.840694e-03
1.894035e-03
2.095424e-03
2.352848e-03
2.579835e-03
2.720232e-03
2.741393e-03
2.642614e-03
2.401572e-03
2.096701e-03
1.845049e-03
1.676204e-03
1.620142e-03
1.681487e-03
1.760345e-03
1.777422e-03
1.753893e-03
1.719188e-03
1.687309e-03
1.668633e-03
1.645320e-03
1.604502e-03
1.599831e-03
1.655497e-03
1.715554e-03
1.737811e-03
1.723317e-03
1.689686e-03
1.675944e-03
1.724852e-03
1.804175e-03
1.876826e-03
1.954158e-03
2.033594e-03
2.090986e-03
2.063029e-03
1.928850e-03
1.744126e-03
1.573772e-03
1.421796e-03
1.238720e-03
1.052086e-03
9.183296e-04
8.694022e-04
8.847670e-04
9.093529e-04
9.641125e-04
1.075644e-03
1.231258e-03
1.380645e-03
1.487190e-03
1.560863e-03
1.586227e-03
1.564652e-03
1.509276e-03
1.373752e-03
1.183124e-03
1.030334e-03
9.084221e-04
7.944047e-04
6.851104e-04
5.919180e-04
5.563230e-04
5.932054e-04
6.614594e-04
7.073457e-04
7.806969e-04
9.199574e-04
1.041481e-03
1.095310e-03
1.082312e-03
9.801634e-04
8.371981e-04
7.254171e-04
6.165298e-04
5.188256e-04
4.839132e-04
4.789092e-04
4.587065e-04
4.227794e-04
3.672845e-04
2.889462e-04
2.170152e-04
1.983764e-04
2.596503e-04
3.607443e-04
4.345921e-04
4.622648e-04
4.695447e-04
4.415464e-04
3.242479e-04
1.300875e-04
-7.861973e-05
-2.062651e-04
-2.332550e-04
-2.558962e-04
-2.946664e-04
-2.773672e-04
-1.670752e-04
-4.551987e-05
-3.813815e-06
-3.525132e-05
-7.742118e-05
-6.303732e-05
-3.014377e-05
-5.783162e-05
-1.234689e-04
-1.609637e-04
-1.677242e-04
-1.795752e-04
-2.157621e-04
-2.511966e-04
-2.174660e-04
-1.266092e-04
-8.250119e-05
-1.269056e-04
-1.927540e-04
-2.513166e-04
-3.477679e-04
-4.836301e-04
-6.421436e-04
-7.862020e-04
-8.777415e-04
-9.691487e-04
-1.082093e-03
-1.136288e-03
-1.082930e-03
-9.567881e-04
-8.298914e-04
-7.222818e-04
-6.211488e-04
-5.676159e-04
-5.795699e-04
-6.520964e-04
-7.786307e-04
-8.971123e-04
-9.583555e-04
-9.836294e-04
-9.975027e-04
-9.840736e-04
-9.722224e-04
-9.868465e-04
-9.967494e-04
-9.686328e-04
-9.013335e-04
-8.485369e-04
-8.670383e-04
-9.774959e-04
-1.131449e-03
-1.271753e-03
-1.357580e-03
-1.372030e-03
-1.371770e-03
-1.369826e-03
-1.361205e-03
-1.353882e-03
-1.331844e-03
-1.313519e-03
-1.331553e-03
-1.373463e-03
-1.379236e-03
-1.349501e-03
-1.325333e-03
-1.311177e-03
-1.284024e-03
-1.224919e-03
-1.173865e-03
-1.158360e-03
-1.181071e-03
-1.205601e-03
-1.188923e-03
-1.169948e-03
-1.179096e-03
-1.221661e-03
-1.278043e-03
-1.334048e-03
-1.414525e-03
-1.511622e-03
-1.584076e-03
-1.583681e-03
-1.516908e-03
-1.445341e-03
-1.431887e-03
-1.507511e-03
-1.635087e-03
-1.808065e-03
-2.034633e-03
-2.248798e-03
-2.359773e-03
-2.308534e-03
-2.141812e-03
-1.937914e-03
-1.766927e-03
-1.671646e-03
-1.623735e-03
-1.636079e-03
-1.735009e-03
-1.882487e-03
-1.984326e-03
-2.004203e-03
-1.996582e-03
-1.996903e-03
-2.064370e-03
-2.176827e-03
-2.237704e-03
-2.236328e-03
-2.140130e-03
-1.954869e-03
-1.790638e-03
-1.710449e-03
-1.715726e-03
-1.817489e-03
-1.992702e-03
-2.160514e-03
-2.264206e-03
-2.233783e-03
-2.036450e-03
-1.782869e-03
-1.591584e-03
-1.498296e-03
-1.490172e-03
-1.561870e-03
-1.686678e-03
-1.800259e-03
-1.874978e-03
-1.912499e-03
-1.953795e-03
-2.030140e-03
-2.084357e-03
-2.073659e-03
-2.042396e-03
-2.021368e-03
-2.022723e-03
-2.018073e-03
-1.921669e-03
-1.777758e-03
-1.692705e-03
-1.679017e-03
-1.698548e-03
-1.756506e-03
-1.915925e-03
-2.167883e-03
-2.409059e-03
-2.504645e-03
-2.391254e-03
-2.160981e-03
-1.955287e-03
-1.842394e-03
-1.841246e-03
-1.948318e-03
-2.111008e-03
-2.282393e-03
-2.420267e-03
-2.460502e-03
-2.405759e-03
-2.315619e-03
-2.215849e-03
-2.120536e-03
-2.050731e-03
-2.008336e-03
-1.995089e-03
-1.993918e-03
-1.986594e-03
-1.995548e-03
-2.036821e-03
-2.104737e-03
-2.165974e-03
-2.194484e-03
-2.206196e-03
-2.183617e-03
-2.102980e-03
-2.002335e-03
-1.921616e-03
-1.891674e-03
-1.925677e-03
-1.972331e-03
-1.971827e-03
-1.918883e-03
-1.815345e-03
-1.638221e-03
-1.438125e-03
-1.324620e-03
-1.340654e-03
-1.513531e-03
-1.838680e-03
-2.183595e-03
-2.427605e-03
-2.538516e-03
-2.487979e-03
-2.308025e-03
-2.076744e-03
-1.844962e-03
-1.708545e-03
-1.728154e-03
-1.833099e-03
-1.949056e-03
-2.033900e-03
-2.057964e-03
-2.056880e-03
-2.067930e-03
-2.065107e-03
-2.018224e-03
-1.964306e-03
-1.930421e-03
-1.882619e-03
-1.807319e-03
-1.725739e-03
-1.683276e-03
-1.698571e-03
-1.726248e-03
-1.735162e-03
-1.742039e-03
-1.767026e-03
-1.824869e-03
-1.891429e-03
-1.893807e-03
-1.850499e-03
-1.825862e-03
-1.805844e-03
-1.787253e-03
-1.764502e-03
-1.769584e-03
-1.863550e-03
-2.021461e-03
-2.168559e-03
-2.221650e-03
-2.130439e-03
-1.902359e-03
-1.616987e-03
-1.364761e-03
-1.207382e-03
-1.168147e-03
-1.182657e-03
-1.206314e-03
-1.265256e-03
-1.372049e-03
-1.488650e-03
-1.556504e-03
-1.551441e-03
-1.530665e-03
-1.546633e-03
-1.550304e-03
-1.513103e-03
-1.465297e-03
-1.424144e-03
-1.393576e-03
-1.370224e-03
-1.360676e-03
-1.399624e-03
-1.480207e-03
-1.507733e-03
-1.462632e-03
-1.396328e-03
-1.327481e-03
-1.276500e-03
-1.219625e-03
-1.142833e-03
-1.067975e-03
-9.800113e-04
-8.655725e-04
-7.701775e-04
-7.773784e-04
-8.629430e-04
-9.297084e-04
-9.622635e-04
-9.837116e-04
-1.029726e-03
-1.110171e-03
-1.183258e-03
-1.236568e-03
-1.293327e-03
-1.371183e-03
-1.401634e-03
-1.309255e-03
-1.126896e-03
-9.540723e-04
-8.777760e-04
-8.771161e-04
-8.908731e-04
-8.919977e-04
-8.980062e-04
-9.151247e-04
-8.733462e-04
-7.930926e-04
-7.226274e-04
-6.340861e-04
-5.378276e-04
-4.751183e-04
-4.958963e-04
-6.118145e-04
-7.622371e-04
-8.775358e-04
-9.230615e-04
-8.936019e-04
-8.029316e-04
-6.782104e-04
-5.396004e-04
-4.206405e-04
-3.884309e-04
-5.026451e-04
-7.212688e-04
-9.174283e-04
-1.015120e-03
-1.028994e-03
-1.011497e-03
-9.498663e-04
-8.062954e-04
-6.219622e-04
-4.584440e-04
-3.529811e-04
-2.878367e-04
-2.559834e-04
-2.734076e-04
-3.114382e-04
-3.499593e-04
-3.975286e-04
-4.687611e-04
-5.304000e-04
-5.346893e-04
-4.998724e-04
-4.624420e-04
-4.552683e-04
-4.818048e-04
-4.970699e-04
-5.061328e-04
-5.370513e-04
-5.757514e-04
-6.027565e-04
-5.948538e-04
-5.731773e-04
-6.030203e-04
-6.847354e-04
-7.054749e-04
-6.001244e-04
-4.087566e-04
-1.956724e-04
-4.761557e-05
2.299513e-05
3.983882e-05
2.970257e-05
2.231454e-05
-2.271630e-06
-8.557450e-06
4.047715e-05
1.528773e-04
2.359579e-04
1.377329e-04
-4.068092e-05
-1.235168e-04
-6.104772e-05
6.305204e-05
9.643157e-05
4.319508e-05
6.123566e-06
1.236617e-05
1.146949e-05
-1.224220e-05
1.698774e-06
1.050521e-04
1.966932e-04
1.597802e-04
2.041663e-05
-1.620305e-04
-2.553223e-04
-1.798223e-04
8.452461e-06
2.366758e-04
4.460745e-04
5.987369e-04
6.443438e-04
5.393033e-04
2.787478e-04
-4.309205e-05
-2.636787e-04
-2.754509e-04
-1.344264e-04
8.082692e-06
1.136641e-04
1.966849e-04
2.564549e-04
2.561055e-04
1.607470e-04
9.622207e-05
1.821887e-04
3.691439e-04
5.487141e-04
6.216127e-04
5.617611e-04
4.396426e-04
3.129970e-04
2.174749e-04
2.241116e-04
3.601756e-04
5.900526e-04
8.646563e-04
1.084336e-03
1.152755e-03
1.054696e-03
8.705086e-04
7.362891e-04
7.206654e-04
8.473457e-04
1.042782e-03
1.185424e-03
1.291965e-03
1.359341e-03
1.360781e-03
1.325078e-03
1.265488e-03
1.237621e-03
1.293176e-03
1.384391e-03
1.398459e-03
1.292225e-03
1.111753e-03
9.054293e-04
7.447608e-04
6.976226e-04
7.918390e-04
1.018509e-03
1.292900e-03
1.480404e-03
1.526726e-03
1.470998e-03
1.345028e-03
1.212562e-03
1.152336e-03
1.164132e-03
1.232245e-03
1.342810e-03
1.456889e-03
1.563458e-03
1.670222e-03
1.749308e-03
1.781494e-03
1.807056e-03
1.848365e-03
1.879366e-03
1.880090e-03
1.864214e-03
1.866550e-03
1.926043e-03
1.988667e-03
1.897722e-03
1.671838e-03
1.465881e-03
1.340892e-03
1.315558e-03
1.384942e-03
1.549216e-03
1.791117e-03
2.013875e-03
2.083181e-03
1.970959e-03
1.820688e-03
1.732145e-03
1.686786e-03
1.700020e-03
1.810722e-03
1.974311e-03
2.099935e-03
2.135998e-03
2.100545e-03
2.071530e-03
2.105587e-03
2.161339e-03
2.192800e-03
2.222538e-03
2.249291e-03
2.221202e-03
2.097079e-03
1.936508e-03
1.843365e-03
1.848640e-03
1.924463e-03
1.970217e-03
1.941287e-03
1.923685e-03
1.950781e-03
1.967791e-03
1.922367e-03
1.843510e-03
1.886868e-03
2.119206e-03
2.383927e-03
2.547558e-03
2.591399e-03
2.555748e-03
2.441109e-03
2.198928e-03
1.918269e-03
1.769336e-03
1.853016e-03
2.110189e-03
2.314681e-03
2.328612e-03
2.242270e-03
2.166292e-03
2.116630e-03
2.083857e-03
2.038838e-03
2.003516e-03
2.039897e-03
2.125118e-03
2.185713e-03
2.182414e-03
2.150562e-03
2.167969e-03
2.245180e-03
2.322296e-03
2.358450e-03
2.355832e-03
2.312831e-03
2.223339e-03
2.087536e-03
1.943450e-03
1.887830e-03
1.930008e-03
1.997377e-03
2.057012e-03
2.104551e-03
2.141522e-03
2.152727e-03
2.146018e-03
2.145457e-03
2.161495e-03
2.189664e-03
2.176713e-03
2.117194e-03
2.070017e-03
2.059406e-03
2.073556e-03
2.061877e-03
2.036342e-03
2.067163e-03
2.108016e-03
2.071320e-03
1.935421e-03
1.718146e-03
1.503254e-03
1.361898e-03
1.291586e-03
1.303629e-03
1.367761e-03
1.458463e-03
1.545349e-03
1.569917e-03
1.566013e-03
1.521664e-03
1.429033e-03
1.352980e-03
1.317379e-03
1.303476e-03
1.247798e-03
1.170884e-03
1.144936e-03
1.148468e-03
1.141743e-03
1.128040e-03
1.183149e-03
1.363654e-03
1.579931e-03
1.732012e-03
1.825595e-03
1.914852e-03
1.991774e-03
1.966151e-03
1.864472e-03
1.791096e-03
1.757253e-03
1.703200e-03
1.575334e-03
1.420150e-03
1.308105e-03
1.268774e-03
1.263963e-03
1.229682e-03
1.168578e-03
1.101940e-03
1.062872e-03
1.019322e-03
9.427926e-04
8.758970e-04
8.302982e-04
8.410428e-04
9.370965e-04
1.081283e-03
1.188422e-03
1.199879e-03
1.159881e-03
1.114395e-03
1.080909e-03
1.093438e-03
1.110036e-03
1.066026e-03
9.659190e-04
8.093757e-04
6.279725e-04
4.585696e-04
2.904047e-04
1.580904e-04
1.430345e-04
2.801896e-04
4.958871e-04
6.613903e-04
7.170411e-04
7.226795e-04
7.294483e-04
7.016957e-04
6.185580e-04
5.389462e-04
5.414897e-04
5.737210e-04
5.493400e-04
4.701933e-04
3.879934e-04
3.949857e-04
4.771380e-04
5.576134e-04
5.930828e-04
5.614431e-04
4.852086e-04
3.683149e-04
2.229014e-04
8.493090e-05
1.113707e-05
8.553076e-06
3.441088e-07
-5.563043e-05
-1.445080e-04
-2.239138e-04
-2.351551e-04
-2.091817e-04
-1.896695e-04
-1.823404e-04
-1.724100e-04
-1.443228e-04
-1.547056e-04
-2.281386e-04
-3.005954e-04
-3.300644e-04
-3.060661e-04
-2.428438e-04
-1.905505e-04
-1.729167e-04
-1.727167e-04
-2.079972e-04
-2.703415e-04
-3.015638e-04
-2.925045e-04
-2.587956e-04
-2.192769e-04
-1.944132e-04
-2.227571e-04
-3.602915e-04
-5.886755e-04
-8.627400e-04
-1.123955e-03
-1.326688e-03
-1.530711e-03
-1.787759e-03
-2.081616e-03
-2.386280e-03
-2.698141e-03
-3.017850e-03
-3.302551e-03
-3.452612e-03
-3.395282e-03
-3.148646e-03
-2.776328e-03
-2.354508e-03
-1.874140e-03
-1.338635e-03
-8.545930e-04
-4.740887e-04
-1.824527e-04
8.078811e-05
3.228043e-04
4.603250e-04
4.828505e-04
5.187042e-04
7.208077e-04
1.103184e-03
1.603591e-03
2.182956e-03
2.815652e-03
3.423041e-03
3.816365e-03
3.809504e-03
3.329394e-03
2.447935e-03
1.245627e-03
-2.130271e-04
-1.759191e-03
-3.200484e-03
-4.362032e-03
-5.151253e-03
-5.563706e-03
-5.631310e-03
-5.402550e-03
-4.851192e-03
-4.044621e-03
-3.153595e-03
-2.266655e-03
-1.412632e-03
-7.057459e-04
-1.969508e-04
1.988370e-04
3.006909e-04
3.135026e-05
-4.415410e-04
-1.112009e-03
-1.897352e-03
-2.716176e-03
-3.522337e-03
-4.208146e-03
-4.733558e-03
-5.135435e-03
-5.485943e-03
-5.695908e-03
-5.666363e-03
-5.429126e-03
-4.999742e-03
-4.437440e-03
-3.797665e-03
-3.099038e-03
-2.343609e-03
-1.578670e-03
-9.158867e-04
-3.407575e-04
1.350571e-04
3.852447e-04
3.188486e-04
-1.002570e-04
-8.049090e-04
-1.632486e-03
-2.400425e-03
-3.022823e-03
-3.397510e-03
-3.387511e-03
-2.996967e-03
-2.277774e-03
-1.433009e-03
-7.963800e-04
-5.023128e-04
-5.192234e-04
-7.520289e-04
-1.069381e-03
-1.366293e-03
-1.625677e-03
-1.926934e-03
-2.287150e-03
-2.714559e-03
-3.195353e-03
-3.564755e-03
-3.720509e-03
-3.703268e-03
-3.581019e-03
-3.396270e-03
-3.233192e-03
-3.150756e-03
-3.122798e-03
-3.195630e-03
-3.351023e-03
-3.436247e-03
-3.362474e-03
-3.109894e-03
-2.758722e-03
-2.437332e-03
-2.169338e-03
-2.038922e-03
-2.185653e-03
-2.605307e-03
-3.160420e-03
-3.631629e-03
-3.930415e-03
-4.134773e-03
-4.299955e-03
-4.422234e-03
-4.472591e-03
-4.464225e-03
-4.374924e-03
-4.175417e-03
-3.875649e-03
-3.479171e-03
-3.080228e-03
-2.782765e-03
-2.623709e-03
-2.576987e-03
-2.562397e-03
-2.490068e-03
-2.314229e-03
-2.117779e-03
-2.004012e-03
-2.005240e-03
-2.100995e-03
-2.280084e-03
-2.544697e-03
-2.860793e-03
-3.189565e-03
-3.522109e-03
-3.871379e-03
-4.180354e-03
-4.333155e-03
-4.221203e-03
-3.835949e-03
-3.236545e-03
-2.396885e-03
-1.436106e-03
-6.573265e-04
-2.685652e-04
-3.265575e-04
-7.353534e-04
-1.358821e-03
-2.066604e-03
-2.737657e-03
-3.274410e-03
-3.596243e-03
-3.752598e-03
-3.836293e-03
-3.875531e-03
-3.853430e-03
-3.776860e-03
-3.683931e-03
-3.557617e-03
-3.420614e-03
-3.279085e-03
-3.087155e-03
-2.900531e-03
-2.805816e-03
-2.823148e-03
-2.931374e-03
-3.073309e-03
-3.165018e-03
-3.195343e-03
-3.222984e-03
-3.281908e-03
-3.378930e-03
-3.439205e-03
-3.397282e-03
-3.295410e-03
-3.147055e-03
-2.962328e-03
-2.828350e-03
-2.808892e-03
-2.900591e-03
-3.040688e-03
-3.135618e-03
-3.166483e-03
-3.159650e-03
-3.110415e-03
-3.025801e-03
-2.899064e-03
-2.751896e-03
-2.669060e-03
-2.668649e-03
-2.686044e-03
-2.648752e-03
-2.612744e-03
-2.715729e-03
-2.933421e-03
-3.149553e-03
-3.323881e-03
-3.462882e-03
-3.540180e-03
-3.463801e-03
-3.186957e-03
-2.795680e-03
-2.409577e-03
-2.072931e-03
-1.793200e-03
-1.663265e-03
-1.769340e-03
-2.079357e-03
-2.506077e-03
-2.894501e-03
-3.154635e-03
-3.308225e-03
-3.351845e-03
-3.293701e-03
-3.142212e-03
-2.965841e-03
-2.891734e-03
-2.951096e-03
-3.058693e-03
-3.091255e-03
-3.016679e-03
-2.892475e-03
-2.767579e-03
-2.668726e-03
-2.603914e-03
-2.543979e-03
-2.497732e-03
-2.528840e-03
-2.574060e-03
-2.523763e-03
-2.423984e-03
-2.374959e-03
-2.431677e-03
-2.552568e-03
-2.645395e-03
-2.703709e-03
-2.770870e-03
-2.860167e-03
-2.913771e-03
-2.879233e-03
-2.790585e-03
-2.649141e-03
-2.433589e-03
-2.141808e-03
-1.843083e-03
-1.691698e-03
-1.719927e-03
-1.874176e-03
-2.115937e-03
-2.418108e-03
-2.764106e-03
-3.091149e-03
-3.342987e-03
-3.513223e-03
-3.593014e-03
-3.545575e-03
-3.360264e-03
-3.037266e-03
-2.595766e-03
-2.112878e-03
-1.682360e-03
-1.419190e-03
-1.355244e-03
-1.443897e-03
-1.674576e-03
-1.997298e-03
-2.346263e-03
-2.688183e-03
-2.974541e-03
-3.162132e-03
-3.217070e-03
-3.118689e-03
-2.900362e-03
-2.648988e-03
-2.421588e-03
-2.232652e-03
-2.122143e-03
-2.103289e-03
-2.115318e-03
-2.091125e-03
-2.025365e-03
-1.932788e-03
-1.824177e-03
-1.707727e-03
-1.551263e-03
-1.328562e-03
-1.026967e-03
-7.065231e-04
-4.785043e-04
-4.076618e-04
-5.647583e-04
-9.419077e-04
-1.410942e-03
-1.860020e-03
-2.199576e-03
-2.394103e-03
-2.434373e-03
-2.282771e-03
-2.054513e-03
-1.858437e-03
-1.677317e-03
-1.517576e-03
-1.332057e-03
-1.082889e-03
-8.315348e-04
-6.488583e-04
-5.241491e-04
-4.954603e-04
-6.630498e-04
-1.008614e-03
-1.445928e-03
-1.840446e-03
-2.095389e-03
-2.205903e-03
-2.185214e-03
-2.078441e-03
-1.913163e-03
-1.756090e-03
-1.662739e-03
-1.559762e-03
-1.373917e-03
-1.117475e-03
-8.760284e-04
-6.982277e-04
-5.350654e-04
-3.863440e-04
-2.929153e-04
-2.762648e-04
-3.615509e-04
-5.127906e-04
-6.822021e-04
-8.575784e-04
-1.043701e-03
-1.251949e-03
-1.449988e-03
-1.566995e-03
-1.561828e-03
-1.462316e-03
-1.328527e-03
-1.242846e-03
-1.180500e-03
-1.070271e-03
-9.240087e-04
-7.067944e-04
-4.664075e-04
-3.224207e-04
-2.889299e-04
-3.182925e-04
-3.463364e-04
-3.436110e-04
-2.786599e-04
-1.722948e-04
-8.096416e-05
-5.270994e-06
-8.032572e-06
-1.025117e-04
-2.154638e-04
-2.691464e-04
-2.283547e-04
-1.852771e-04
-2.054807e-04
-2.587338e-04
-2.698242e-04
-1.826732e-04
-6.684051e-05
-9.029638e-06
6.922949e-06
3.811146e-05
9.324843e-05
1.198220e-04
8.263565e-05
-6.193463e-06
-1.323654e-04
-2.840507e-04
-4.426651e-04
-5.816549e-04
-6.433518e-04
-5.570742e-04
-3.423837e-04
-9.324393e-05
1.121931e-04
2.670926e-04
4.205475e-04
5.517913e-04
6.453708e-04
7.069328e-04
6.976138e-04
6.017896e-04
3.693733e-04
-8.768659e-06
-3.973351e-04
-6.596126e-04
-8.042186e-04
-9.150702e-04
-9.831203e-04
-9.524399e-04
-7.854438e-04
-4.749858e-04
-9.404310e-05
2.908968e-04
6.426150e-04
9.077175e-04
1.102207e-03
1.276790e-03
1.449099e-03
1.642911e-03
1.853198e-03
1.995162e-03
1.986189e-03
1.843536e-03
1.644401e-03
1.432238e-03
1.236737e-03
1.089068e-03
9.300411e-04
7.243430e-04
4.948685e-04
2.276237e-04
-2.472289e-05
-1.652254e-04
-1.446248e-04
8.589205e-06
2.565081e-04
5.536573e-04
8.212528e-04
1.048039e-03
1.223172e-03
1.347129e-03
1.432026e-03
1.457448e-03
1.473325e-03
1.520746e-03
1.581546e-03
1.648303e-03
1.710332e-03
1.760985e-03
1.776624e-03
1.720531e-03
1.594463e-03
1.464268e-03
1.407627e-03
1.413982e-03
1.450339e-03
1.462555e-03
1.432368e-03
1.449022e-03
1.497411e-03
1.481221e-03
1.359656e-03
1.175144e-03
1.036962e-03
9.831412e-04
9.649729e-04
9.733216e-04
1.062890e-03
1.209090e-03
1.339474e-03
1.398299e-03
1.348525e-03
1.303453e-03
1.369299e-03
1.517172e-03
1.715593e-03
1.936469e-03
2.155260e-03
2.364957e-03
2.535872e-03
2.618904e-03
2.614465e-03
2.578293e-03
2.535252e-03
2.479726e-03
2.392049e-03
2.215661e-03
1.952831e-03
1.678930e-03
1.482228e-03
1.438560e-03
1.556849e-03
1.820012e-03
2.144413e-03
2.428443e-03
2.691456e-03
2.956888e-03
3.195124e-03
3.360677e-03
3.441703e-03
3.454266e-03
3.383417e-03
3.207519e-03
2.907695e-03
2.512760e-03
2.102015e-03
1.746399e-03
1.476967e-03
1.305619e-03
1.252180e-03
1.337122e-03
1.507633e-03
1.669458e-03
1.812009e-03
1.963323e-03
2.175139e-03
2.405837e-03
2.557921e-03
2.625691e-03
2.609344e-03
2.560314e-03
2.531746e-03
2.540677e-03
2.609872e-03
2.724012e-03
2.853487e-03
2.975233e-03
3.082039e-03
3.136436e-03
3.092319e-03
2.961593e-03
2.762147e-03
2.516657e-03
2.277560e-03
2.083116e-03
2.005440e-03
2.105363e-03
2.314780e-03
2.560474e-03
2.807334e-03
3.021946e-03
3.181408e-03
3.235640e-03
3.186480e-03
3.058318e-03
2.874998e-03
2.673416e-03
2.479565e-03
2.391890e-03
2.489587e-03
2.761972e-03
3.145664e-03
3.558690e-03
3.952044e-03
4.253166e-03
4.378626e-03
4.298540e-03
4.069957e-03
3.808035e-03
3.598962e-03
3.467844e-03
3.397736e-03
3.385084e-03
3.408952e-03
3.469570e-03
3.592906e-03
3.735303e-03
3.853434e-03
3.916661e-03
3.902769e-03
3.822730e-03
3.655997e-03
3.444900e-03
3.281303e-03
3.188304e-03
3.162196e-03
3.163390e-03
3.166158e-03
3.143619e-03
3.060698e-03
2.939814e-03
2.812512e-03
2.714268e-03
2.643374e-03
2.596719e-03
2.626523e-03
2.745720e-03
2.873016e-03
2.946548e-03
2.987926e-03
3.017137e-03
3.073978e-03
3.176852e-03
3.295818e-03
3.452946e-03
3.670354e-03
3.895765e-03
4.063662e-03
4.160772e-03
4.209556e-03
4.236588e-03
4.261500e-03
4.312445e-03
4.397945e-03
4.504940e-03
4.601478e-03
4.617040e-03
4.570368e-03
4.490655e-03
4.359383e-03
4.239559e-03
4.145251e-03
4.063081e-03
3.994586e-03
3.840877e-03
3.539635e-03
3.168041e-03
2.825325e-03
2.571713e-03
2.473736e-03
2.557444e-03
2.796882e-03
3.158050e-03
3.580599e-03
3.952263e-03
4.182494e-03
4.273892e-03
4.244540e-03
4.183664e-03
4.165615e-03
4.167160e-03
4.193901e-03
4.220716e-03
4.213429e-03
4.155701e-03
4.036865e-03
3.887224e-03
3.770626e-03
3.733451e-03
3.753354e-03
3.781092e-03
3.756384e-03
3.648620e-03
3.482280e-03
3.333415e-03
3.270066e-03
3.304618e-03
3.449971e-03
3.681407e-03
3.940804e-03
4.172908e-03
4.307370e-03
4.308875e-03
4.219395e-03
4.124489e-03
4.068060e-03
4.037107e-03
4.016802e-03
3.988050e-03
3.958224e-03
3.950326e-03
3.933320e-03
3.875376e-03
3.771146e-03
3.649972e-03
3.576474e-03
3.527235e-03
3.445762e-03
3.330265e-03
3.195058e-03
3.094112e-03
3.067053e-03
3.137177e-03
3.299007e-03
3.488605e-03
3.658233e-03
3.749269e-03
3.714202e-03
3.589908e-03
3.465210e-03
3.379059e-03
3.365219e-03
3.471950e-03
3.637887e-03
3.791651e-03
3.934318e-03
4.074225e-03
4.218852e-03
4.354156e-03
4.443087e-03
4.476582e-03
4.500113e-03
4.515523e-03
4.440894e-03
4.243574e-03
3.952762e-03
3.637870e-03
3.373835e-03
3.172648e-03
3.039727e-03
2.975755e-03
2.953916e-03
2.948072e-03
2.950327e-03
2.971088e-03
3.021375e-03
3.116578e-03
3.266115e-03
3.477725e-03
3.744862e-03
4.019173e-03
4.206511e-03
4.227904e-03
4.123334e-03
3.975279e-03
3.826328e-03
3.712203e-03
3.626894e-03
3.555535e-03
3.503708e-03
3.448161e-03
3.376331e-03
3.323878e-03
3.315360e-03
3.340503e-03
3.402042e-03
3.490678e-03
3.559019e-03
3.569783e-03
3.542537e-03
3.515443e-03
3.506167e-03
3.535523e-03
3.572076e-03
3.576819e-03
3.571309e-03
3.582888e-03
3.621263e-03
3.657768e-03
3.638936e-03
3.554857e-03
3.455985e-03
3.392147e-03
3.384591e-03
3.422875e-03
3.471791e-03
3.519616e-03
3.567196e-03
3.604675e-03
3.616111e-03
3.601336e-03
3.578003e-03
3.538168e-03
3.446418e-03
3.282043e-03
3.050666e-03
2.768130e-03
2.477266e-03
2.237883e-03
2.093874e-03
2.080807e-03
2.219871e-03
2.486050e-03
2.804559e-03
3.083616e-03
3.269899e-03
3.377003e-03
3.436789e-03
3.452206e-03
3.415899e-03
3.341614e-03
3.254520e-03
3.189791e-03
3.126127e-03
3.008562e-03
2.869735e-03
2.743528e-03
2.628388e-03
2.552408e-03
2.532674e-03
2.542809e-03
2.571931e-03
2.624736e-03
2.685295e-03
2.722488e-03
2.718537e-03
2.713885e-03
2.713958e-03
2.705459e-03
2.679222e-03
2.607194e-03
2.503561e-03
2.371496e-03
2.225101e-03
2.102892e-03
2.045128e-03
2.091346e-03
2.221955e-03
2.396619e-03
2.563939e-03
2.658681e-03
2.661605e-03
2.571667e-03
2.391886e-03
2.160983e-03
1.947464e-03
1.809910e-03
1.745624e-03
1.735782e-03
1.769431e-03
1.825310e-03
1.893069e-03
1.943766e-03
1.946919e-03
1.925274e-03
1.899225e-03
1.851014e-03
1.778712e-03
1.700904e-03
1.645715e-03
1.603444e-03
1.526334e-03
1.449528e-03
1.398423e-03
1.358237e-03
1.371337e-03
1.437160e-03
1.532138e-03
1.603443e-03
1.574320e-03
1.455970e-03
1.282294e-03
1.097185e-03
9.699067e-04
9.486640e-04
1.020211e-03
1.138131e-03
1.266494e-03
1.352471e-03
1.372686e-03
1.340857e-03
1.273633e-03
1.209241e-03
1.183722e-03
1.204908e-03
1.250169e-03
1.266423e-03
1.227029e-03
1.140706e-03
1.029226e-03
9.392244e-04
9.022396e-04
9.223443e-04
9.841889e-04
1.052618e-03
1.086304e-03
1.052054e-03
9.381538e-04
7.374053e-04
5.055948e-04
3.243528e-04
1.986757e-04
1.358489e-04
1.375543e-04
1.584122e-04
1.768332e-04
1.622855e-04
7.448770e-05
-3.905068e-05
-9.051711e-05
-6.672128e-05
6.690632e-07
7.232258e-05
1.322051e-04
1.875244e-04
2.264510e-04
2.584919e-04
2.693927e-04
2.522799e-04
2.401665e-04
2.305187e-04
2.509990e-04
3.017597e-04
3.175049e-04
2.979561e-04
2.568965e-04
2.007908e-04
1.532176e-04
1.204472e-04
9.670245e-05
5.513682e-05
7.109751e-06
-3.099835e-05
-9.404342e-05
-1.701195e-04
-2.398353e-04
-3.023880e-04
-3.323722e-04
-3.524210e-04
-4.027336e-04
-5.004990e-04
-6.610125e-04
-8.577697e-04
-1.013186e-03
-1.083741e-03
-1.112792e-03
-1.138989e-03
-1.134541e-03
-1.060422e-03
-9.469542e-04
-8.612667e-04
-8.358093e-04
-8.597119e-04
-8.727820e-04
-8.412319e-04
-8.071474e-04
-8.182087e-04
-8.611055e-04
-9.110296e-04
-9.652262e-04
-1.036212e-03
-1.185855e-03
-1.374606e-03
-1.471317e-03
-1.463205e-03
-1.398193e-03
-1.317021e-03
-1.255776e-03
-1.221604e-03
-1.210955e-03
-1.231888e-03
-1.294543e-03
-1.329010e-03
-1.268840e-03
-1.127740e-03
-9.378485e-04
-7.640232e-04
-6.584878e-04
-6.294380e-04
-6.936383e-04
-8.546079e-04
-1.021669e-03
-1.116962e-03
-1.173186e-03
-1.207705e-03
-1.235561e-03
-1.298355e-03
-1.396275e-03
-1.494672e-03
-1.577737e-03
-1.652576e-03
-1.712095e-03
-1.742922e-03
-1.742547e-03
-1.762102e-03
-1.836708e-03
-1.946412e-03
-2.028904e-03
-2.034887e-03
-2.021371e-03
-2.012064e-03
-2.011932e-03
-2.038806e-03
-2.073261e-03
-2.130841e-03
-2.188130e-03
-2.184799e-03
-2.117505e-03
-2.030792e-03
-1.951093e-03
-1.907011e-03
-1.911771e-03
-1.933168e-03
-1.993043e-03
-2.112242e-03
-2.242912e-03
-2.353539e-03
-2.426125e-03
-2.432654e-03
-2.395823e-03
-2.356660e-03
-2.365140e-03
-2.456564e-03
-2.584780e-03
-2.692504e-03
-2.739027e-03
-2.692934e-03
-2.556241e-03
-2.359189e-03
-2.178572e-03
-2.082810e-03
-2.076691e-03
-2.121070e-03
-2.194841e-03
-2.266213e-03
-2.245343e-03
-2.097282e-03
-1.874814e-03
-1.682539e-03
-1.610402e-03
-1.647420e-03
-1.759573e-03
-1.920239e-03
-2.085877e-03
-2.218703e-03
-2.274293e-03
-2.275426e-03
-2.311667e-03
-2.419939e-03
-2.587860e-03
-2.740906e-03
-2.819734e-03
-2.844202e-03
-2.793332e-03
-2.667133e-03
-2.513532e-03
-2.364891e-03
-2.289933e-03
-2.306995e-03
-2.343119e-03
-2.347679e-03
-2.304659e-03
-2.221320e-03
-2.131958e-03
-2.055301e-03
-2.012364e-03
-2.028261e-03
-2.110283e-03
-2.241594e-03
-2.360196e-03
-2.444182e-03
-2.517869e-03
-2.602468e-03
-2.702699e-03
-2.782789e-03
-2.816134e-03
-2.809406e-03
-2.783195e-03
-2.736609e-03
-2.676398e-03
-2.637079e-03
-2.661396e-03
-2.749646e-03
-2.816642e-03
-2.795267e-03
-2.680847e-03
-2.541865e-03
-2.426157e-03
-2.312443e-03
-2.210970e-03
-2.133893e-03
-2.109793e-03
-2.165674e-03
-2.240380e-03
-2.255401e-03
-2.234282e-03
-2.236390e-03
-2.249429e-03
-2.228910e-03
-2.149871e-03
-2.040039e-03
-1.968187e-03
-1.983025e-03
-2.071486e-03
-2.200832e-03
-2.353334e-03
-2.501918e-03
-2.635056e-03
-2.749156e-03
-2.852241e-03
-2.948146e-03
-2.992336e-03
-2.970224e-03
-2.915004e-03
-2.854985e-03
-2.804187e-03
-2.727987e-03
-2.628461e-03
-2.561715e-03
-2.537192e-03
-2.559710e-03
-2.615699e-03
-2.659592e-03
-2.720411e-03
-2.813932e-03
-2.870162e-03
-2.869177e-03
-2.819318e-03
-2.734064e-03
-2.669985e-03
-2.651281e-03
-2.692949e-03
-2.800907e-03
-2.908153e-03
-2.932248e-03
-2.858810e-03
-2.757865e-03
-2.672444e-03
-2.606913e-03
-2.578089e-03
-2.587333e-03
-2.622778e-03
-2.632480e-03
-2.602452e-03
-2.562535e-03
-2.528541e-03
-2.529829e-03
-2.559056e-03
-2.587391e-03
-2.589662e-03
-2.558734e-03
-2.514811e-03
-2.457787e-03
-2.397320e-03
-2.360826e-03
-2.388625e-03
-2.523854e-03
-2.727679e-03
-2.934779e-03
-3.118384e-03
-3.245110e-03
-3.303213e-03
-3.286745e-03
-3.197521e-03
-3.084255e-03
-2.996184e-03
-2.940262e-03
-2.867270e-03
-2.773682e-03
-2.694580e-03
-2.622613e-03
-2.582286e-03
-2.576818e-03
-2.603996e-03
-2.683166e-03
-2.758440e-03
-2.808740e-03
-2.837995e-03
-2.824951e-03
-2.791077e-03
-2.763634e-03
-2.789266e-03
-2.905794e-03
-3.087442e-03
-3.275419e-03
-3.429594e-03
-3.527471e-03
-3.560214e-03
-3.528595e-03
-3.446217e-03
-3.371510e-03
-3.317454e-03
-3.295737e-03
-3.296554e-03
-3.247050e-03
-3.188846e-03
-3.145652e-03
-3.094176e-03
-3.073507e-03
-3.085940e-03
-3.110963e-03
-3.129139e-03
-3.139529e-03
-3.128348e-03
-3.071489e-03
-2.981977e-03
-2.867334e-03
-2.765626e-03
-2.731993e-03
-2.752044e-03
-2.768820e-03
-2.786107e-03
-2.841924e-03
-2.897697e-03
-2.911207e-03
-2.886254e-03
-2.828066e-03
-2.763468e-03
-2.708820e-03
-2.662531e-03
-2.626369e-03
-2.602485e-03
-2.597920e-03
-2.592168e-03
-2.574975e-03
-2.514364e-03
-2.403253e-03
-2.318279e-03
-2.270037e-03
-2.258153e-03
-2.286480e-03
-2.344427e-03
-2.464157e-03
-2.625990e-03
-2.785117e-03
-2.919255e-03
-3.016237e-03
-3.070103e-03
-3.087075e-03
-3.078382e-03
-3.045742e-03
-3.024611e-03
-3.055470e-03
-3.130415e-03
-3.208855e-03
-3.262759e-03
-3.269895e-03
-3.250925e-03
-3.252106e-03
-3.244078e-03
-3.208074e-03
-3.165827e-03
-3.135778e-03
-3.116152e-03
-3.096744e-03
-3.067385e-03
-3.021907e-03
-2.993289e-03
-3.005446e-03
-3.057110e-03
-3.134422e-03
-3.240795e-03
-3.341086e-03
-3.365398e-03
-3.331234e-03
-3.249627e-03
-3.101027e-03
-2.912439e-03
-2.712784e-03
-2.500232e-03
-2.309256e-03
-2.185938e-03
-2.112069e-03
-2.072572e-03
-2.030429e-03
-1.948352e-03
-1.864735e-03
-1.798123e-03
-1.724986e-03
-1.667448e-03
-1.668042e-03
-1.732928e-03
-1.841705e-03
-1.943459e-03
-2.008495e-03
-2.077945e-03
-2.199022e-03
-2.324473e-03
-2.414259e-03
-2.517523e-03
-2.645494e-03
-2.779170e-03
-2.886680e-03
-2.925379e-03
-2.906463e-03
-2.892666e-03
-2.911563e-03
-2.917513e-03
-2.894051e-03
-2.868714e-03
-2.821288e-03
-2.707126e-03
-2.542407e-03
-2.374959e-03
-2.238805e-03
-2.169836e-03
-2.188720e-03
-2.249774e-03
-2.288407e-03
-2.312674e-03
-2.327634e-03
-2.294111e-03
-2.188156e-03
-2.003586e-03
-1.813809e-03
-1.711370e-03
-1.683842e-03
-1.715019e-03
-1.793986e-03
-1.876714e-03
-1.961445e-03
-2.042173e-03
-2.098465e-03
-2.106416e-03
-2.065381e-03
-2.036414e-03
-2.022542e-03
-1.995940e-03
-1.969986e-03
-1.962471e-03
-1.984606e-03
-2.006366e-03
-2.012942e-03
-2.006514e-03
-1.996088e-03
-1.997078e-03
-1.987837e-03
-1.962928e-03
-1.960134e-03
-2.003879e-03
-2.054722e-03
-2.077968e-03
-2.088137e-03
-2.108035e-03
-2.142288e-03
-2.151465e-03
-2.100536e-03
-2.023994e-03
-1.999720e-03
-2.035819e-03
-2.059888e-03
-2.058022e-03
-2.066526e-03
-2.061959e-03
-1.999178e-03
-1.881495e-03
-1.760362e-03
-1.694444e-03
-1.681143e-03
-1.677255e-03
-1.691435e-03
-1.725349e-03
-1.722098e-03
-1.653592e-03
-1.550350e-03
-1.460983e-03
-1.386858e-03
-1.321512e-03
-1.267226e-03
-1.209984e-03
-1.172114e-03
-1.111681e-03
-9.771567e-04
-8.182407e-04
-6.984871e-04
-6.606782e-04
-6.853384e-04
-7.295289e-04
-7.867180e-04
-8.562435e-04
-9.396349e-04
-1.041147e-03
-1.157945e-03
-1.282166e-03
-1.412698e-03
-1.559583e-03
-1.710031e-03
-1.816882e-03
-1.864395e-03
-1.886662e-03
-1.907281e-03
-1.917487e-03
-1.888696e-03
-1.805015e-03
-1.685078e-03
-1.552441e-03
-1.400561e-03
-1.223231e-03
-1.057401e-03
-9.646950e-04
-9.871773e-04
-1.099428e-03
-1.252007e-03
-1.408599e-03
-1.557747e-03
-1.702586e-03
-1.787044e-03
-1.777877e-03
-1.710651e-03
-1.634006e-03
-1.577079e-03
-1.529652e-03
-1.484103e-03
-1.419738e-03
-1.323406e-03
-1.201812e-03
-1.050891e-03
-9.085375e-04
-7.841601e-04
-6.498573e-04
-5.373710e-04
-4.570826e-04
-3.906497e-04
-3.396900e-04
-3.013488e-04
-2.694808e-04
-2.512496e-04
-2.742663e-04
-3.356291e-04
-3.878067e-04
-4.025319e-04
-3.842214e-04
-3.703032e-04
-3.900267e-04
-3.959117e-04
-3.881736e-04
-4.400973e-04
-5.520421e-04
-6.910113e-04
-8.438665e-04
-1.002259e-03
-1.130768e-03
-1.194980e-03
-1.202376e-03
-1.156857e-03
-1.042489e-03
-8.855228e-04
-7.656736e-04
-7.075938e-04
-7.010609e-04
-7.380359e-04
-7.794094e-04
-8.122296e-04
-8.159769e-04
-7.568805e-04
-6.504659e-04
-5.378135e-04
-4.603381e-04
-4.429199e-04
-4.752307e-04
-5.363337e-04
-6.106128e-04
-6.411799e-04
-6.061829e-04
-5.494034e-04
-4.905597e-04
-4.745421e-04
-5.372809e-04
-6.387364e-04
-7.228548e-04
-7.669994e-04
-7.759725e-04
-7.292516e-04
-5.915630e-04
-3.698366e-04
-1.463132e-04
2.657311e-06
8.817009e-05
1.350311e-04
1.636204e-04
1.639736e-04
7.107726e-05
-8.201035e-05
-2.033531e-04
-2.899383e-04
-3.622641e-04
-4.288992e-04
-4.593535e-04
-4.353222e-04
-3.915725e-04
-3.324240e-04
-2.800781e-04
-2.401648e-04
-1.742773e-04
-7.266647e-05
7.168565e-05
2.184561e-04
2.958997e-04
3.023822e-04
2.547975e-04
1.895143e-04
1.598226e-04
1.752984e-04
2.340547e-04
3.024907e-04
3.205747e-04
2.568078e-04
1.352701e-04
4.790611e-06
-1.220133e-04
-2.290497e-04
-2.644954e-04
-1.946039e-04
-6.142249e-05
6.831385e-05
1.725033e-04
2.540752e-04
3.305528e-04
3.880589e-04
3.984223e-04
3.987312e-04
4.436594e-04
5.436994e-04
6.495354e-04
7.217723e-04
7.785368e-04
8.111506e-04
7.923700e-04
7.334857e-04
6.656923e-04
6.065801e-04
5.408399e-04
4.721515e-04
4.377489e-04
4.487478e-04
4.790006e-04
5.042476e-04
5.278023e-04
5.750135e-04
6.395574e-04
6.896873e-04
7.321980e-04
7.738503e-04
7.986490e-04
7.823664e-04
7.321699e-04
6.738627e-04
6.100967e-04
5.728580e-04
5.818721e-04
6.440251e-04
7.884877e-04
9.999629e-04
1.217302e-03
1.371707e-03
1.443955e-03
1.454198e-03
1.404207e-03
1.280683e-03
1.108924e-03
9.777498e-04
9.471005e-04
9.943515e-04
1.048954e-03
1.063298e-03
1.032730e-03
9.647762e-04
8.957867e-04
8.429137e-04
8.195265e-04
8.649790e-04
9.914468e-04
1.164571e-03
1.292528e-03
1.362348e-03
1.429801e-03
1.484947e-03
1.512045e-03
1.500543e-03
1.436279e-03
1.378921e-03
1.389180e-03
1.405088e-03
1.380836e-03
1.351555e-03
1.348710e-03
1.377984e-03
1.414755e-03
1.470561e-03
1.536370e-03
1.596960e-03
1.688293e-03
1.783906e-03
1.857598e-03
1.909454e-03
1.912145e-03
1.882369e-03
1.867124e-03
1.858541e-03
1.813551e-03
1.733855e-03
1.664866e-03
1.638246e-03
1.651185e-03
1.712294e-03
1.802869e-03
1.896793e-03
1.996027e-03
2.046461e-03
2.021317e-03
1.968779e-03
1.936754e-03
1.938942e-03
1.967136e-03
2.002812e-03
2.014962e-03
1.991183e-03
1.915296e-03
1.803312e-03
1.699297e-03
1.643271e-03
1.672562e-03
1.772923e-03
1.909860e-03
2.049663e-03
2.166666e-03
2.211481e-03
2.155739e-03
2.056359e-03
1.953919e-03
1.884084e-03
1.890969e-03
1.972067e-03
2.099494e-03
2.251296e-03
2.361758e-03
2.360812e-03
2.282002e-03
2.185029e-03
2.090107e-03
2.033478e-03
2.029426e-03
2.025114e-03
2.020812e-03
2.039556e-03
2.055412e-03
2.065592e-03
2.067993e-03
2.061382e-03
2.064465e-03
2.103457e-03
2.179259e-03
2.271350e-03
2.348554e-03
2.379296e-03
2.381013e-03
2.383027e-03
2.403999e-03
2.408177e-03
2.362329e-03
2.318478e-03
2.319443e-03
2.378206e-03
2.437614e-03
2.416796e-03
2.358081e-03
2.353804e-03
2.393283e-03
2.399266e-03
2.355505e-03
2.316850e-03
2.330550e-03
2.348711e-03
2.306379e-03
2.223373e-03
2.169817e-03
2.172019e-03
2.190236e-03
2.203900e-03
2.209952e-03
2.208890e-03
2.196656e-03
2.162375e-03
2.142658e-03
2.167065e-03
2.203114e-03
2.213852e-03
2.216523e-03
2.251304e-03
2.289499e-03
2.286563e-03
2.273944e-03
2.250118e-03
2.196391e-03
2.164201e-03
2.154190e-03
2.129304e-03
2.103404e-03
2.085759e-03
2.079164e-03
2.087581e-03
2.077989e-03
2.026393e-03
1.987927e-03
2.003301e-03
2.046455e-03
2.094838e-03
2.133861e-03
2.163641e-03
2.174283e-03
2.148059e-03
2.089058e-03
2.044532e-03
2.054382e-03
2.080145e-03
2.109428e-03
2.135018e-03
2.150162e-03
2.182262e-03
2.211907e-03
2.234694e-03
2.265510e-03
2.287911e-03
2.292445e-03
2.287276e-03
2.281739e-03
2.271731e-03
2.260340e-03
2.258782e-03
2.241406e-03
2.182996e-03
2.102946e-03
2.017059e-03
1.933398e-03
1.862139e-03
1.824735e-03
1.814643e-03
1.803442e-03
1.789879e-03
1.768155e-03
1.715975e-03
1.637937e-03
1.599169e-03
1.610666e-03
1.651301e-03
1.724355e-03
1.773490e-03
1.788333e-03
1.805856e-03
1.817907e-03
1.813620e-03
1.805066e-03
1.821886e-03
1.880787e-03
1.945208e-03
1.936293e-03
1.822325e-03
1.655053e-03
1.520852e-03
1.464287e-03
1.479583e-03
1.534539e-03
1.602884e-03
1.693028e-03
1.768002e-03
1.784590e-03
1.772265e-03
1.765983e-03
1.809178e-03
1.916211e-03
2.026874e-03
2.103587e-03
2.134988e-03
2.107505e-03
2.045429e-03
1.992166e-03
1.966237e-03
1.965852e-03
1.994154e-03
2.052596e-03
2.104914e-03
2.114937e-03
2.084729e-03
2.004156e-03
1.885211e-03
1.768901e-03
1.680984e-03
1.647227e-03
1.643410e-03
1.637003e-03
1.624309e-03
1.593780e-03
1.543590e-03
1.461614e-03
1.383721e-03
1.360941e-03
1.394152e-03
1.460152e-03
1.496190e-03
1.500359e-03
1.489833e-03
1.427861e-03
1.327386e-03
1.231470e-03
1.183394e-03
1.206246e-03
1.262199e-03
1.300703e-03
1.344481e-03
1.420890e-03
1.468004e-03
1.452287e-03
1.397779e-03
1.334524e-03
1.277885e-03
1.219500e-03
1.172512e-03
1.123147e-03
1.068675e-03
1.055914e-03
1.084005e-03
1.129185e-03
1.160946e-03
1.148673e-03
1.132803e-03
1.136746e-03
1.111676e-03
1.060985e-03
1.046984e-03
1.092144e-03
1.153313e-03
1.187728e-03
1.199075e-03
1.209507e-03
1.237826e-03
1.248047e-03
1.181611e-03
1.093063e-03
1.058370e-03
1.039895e-03
9.885745e-04
9.147734e-04
8.568167e-04
8.344243e-04
8.181918e-04
7.632350e-04
6.833235e-04
6.412769e-04
6.264617e-04
6.014327e-04
5.656837e-04
5.184297e-04
4.955215e-04
5.159222e-04
5.535540e-04
5.886714e-04
6.251450e-04
6.677843e-04
6.985954e-04
7.275699e-04
7.588614e-04
7.684021e-04
7.567756e-04
7.455377e-04
7.402040e-04
7.264725e-04
6.825664e-04
6.223581e-04
5.840162e-04
5.629615e-04
5.351901e-04
4.747055e-04
4.062339e-04
3.695390e-04
3.332879e-04
2.669653e-04
1.656038e-04
6.947031e-05
1.079272e-05
-3.884413e-05
-7.437115e-05
-8.490880e-05
-6.836928e-05
-3.044898e-05
-1.497866e-05
-1.537588e-05
-3.726924e-06
1.572567e-05
3.116447e-05
3.687973e-06
-3.779673e-05
-3.944923e-05
-3.956917e-05
-7.019406e-05
-1.134545e-04
-1.241845e-04
-8.834216e-05
-4.149101e-05
-1.870444e-05
-3.816086e-05
-6.554414e-05
-6.143702e-05
-4.923785e-05
-8.368416e-05
-1.542452e-04
-1.872297e-04
-1.626412e-04
-1.059922e-04
-6.771830e-05
-7.009320e-05
-7.233360e-05
-6.713246e-05
-8.737392e-05
-1.454611e-04
-1.975636e-04
-2.001496e-04
-1.879953e-04
-2.136078e-04
-2.687642e-04
-3.183703e-04
-3.508740e-04
-3.614540e-04
-3.808121e-04
-4.504452e-04
-5.121255e-04
-5.078322e-04
-4.988625e-04
-5.272328e-04
-5.455647e-04
-5.226352e-04
-4.645161e-04
-3.957639e-04
-3.520037e-04
-3.300838e-04
-3.098117e-04
-3.059504e-04
-3.371722e-04
-3.978903e-04
-4.804278e-04
-5.562664e-04
-5.832236e-04
-6.071384e-04
-6.805366e-04
-7.468594e-04
-7.541199e-04
-7.236416e-04
-6.989238e-04
-6.568936e-04
-5.912446e-04
-5.306009e-04
-4.856390e-04
-5.015192e-04
-5.458420e-04
-5.617774e-04
-5.695929e-04
-5.932840e-04
-6.094511e-04
-5.718141e-04
-4.969481e-04
-4.423615e-04
-4.532899e-04
-4.981609e-04
-5.230282e-04
-5.585604e-04
-6.213234e-04
-6.749993e-04
-6.938202e-04
-6.818347e-04
-6.955477e-04
-7.868031e-04
-9.188763e-04
-9.992090e-04
-9.811470e-04
-9.240445e-04
-8.742499e-04
-8.148834e-04
-7.648049e-04
-7.608678e-04
-8.180975e-04
-9.236424e-04
-1.030639e-03
-1.084239e-03
-1.080174e-03
-1.070224e-03
-1.080637e-03
-1.094013e-03
-1.102844e-03
-1.117408e-03
-1.120821e-03
-1.115566e-03
-1.116453e-03
-1.109101e-03
-1.115656e-03
-1.139302e-03
-1.155306e-03
-1.162270e-03
-1.160082e-03
-1.142934e-03
-1.114815e-03
-1.085930e-03
-1.047091e-03
-9.902985e-04
-9.091839e-04
-8.241355e-04
-7.814513e-04
-7.870365e-04
-8.234236e-04
-8.706252e-04
-9.119469e-04
-9.339285e-04
-9.326525e-04
-9.353373e-04
-9.344547e-04
-9.136544e-04
-8.956032e-04
-8.881918e-04
-9.003459e-04
-9.426947e-04
-9.876825e-04
-9.901712e-04
-9.816653e-04
-1.019888e-03
-1.075712e-03
-1.121160e-03
-1.141490e-03
-1.147469e-03
-1.156152e-03
-1.134284e-03
-1.067767e-03
-9.679293e-04
-9.002668e-04
-8.887476e-04
-9.057959e-04
-9.578035e-04
-1.026697e-03
-1.110013e-03
-1.186470e-03
-1.239274e-03
-1.251325e-03
-1.206990e-03
-1.169647e-03
-1.155804e-03
-1.151077e-03
-1.150953e-03
-1.138169e-03
-1.100919e-03
-1.034984e-03
-9.778298e-04
-9.379402e-04
-9.300636e-04
-9.675454e-04
-9.831021e-04
-9.665835e-04
-9.437772e-04
-9.151686e-04
-8.876254e-04
-8.625000e-04
-8.515415e-04
-8.676615e-04
-9.139313e-04
-9.441915e-04
-9.172449e-04
-8.465101e-04
-7.470765e-04
-6.292278e-04
-5.162439e-04
-4.611099e-04
-4.808645e-04
-5.535176e-04
-6.507242e-04
-7.234239e-04
-7.491942e-04
-7.197873e-04
-6.548721e-04
-5.924387e-04
-5.491162e-04
-5.465679e-04
-5.872004e-04
-6.579480e-04
-7.399969e-04
-7.874841e-04
-7.780668e-04
-7.427351e-04
-7.216456e-04
-7.281963e-04
-7.415171e-04
-7.380614e-04
-7.126987e-04
-6.650526e-04
-6.123696e-04
-5.797651e-04
-5.920327e-04
-6.573727e-04
-7.286602e-04
-7.540481e-04
-7.209187e-04
-6.328097e-04
-5.353908e-04
-4.707110e-04
-4.282507e-04
-4.068058e-04
-4.215849e-04
-4.696784e-04
-5.165866e-04
-5.389010e-04
-5.705817e-04
-6.329919e-04
-6.999072e-04
-7.433084e-04
-7.424767e-04
-7.427403e-04
-7.995266e-04
-8.511242e-04
-8.606852e-04
-8.841209e-04
-9.497226e-04
-1.017285e-03
-1.027368e-03
-9.697082e-04
-8.895374e-04
-8.382011e-04
-7.745079e-04
-6.432623e-04
-4.765998e-04
-3.360281e-04
-2.557125e-04
-1.923139e-04
-1.386099e-04
-1.313269e-04
-1.805712e-04
-2.909486e-04
-3.788728e-04
-3.863570e-04
-3.517528e-04
-2.895143e-04
-1.971060e-04
-7.945949e-05
1.918436e-05
4.829344e-05
2.628877e-05
-2.843799e-07
-1.532639e-05
-4.006155e-05
-9.361697e-05
-1.559139e-04
-1.813741e-04
-1.729499e-04
-1.694537e-04
-1.664528e-04
-1.559943e-04
-1.282328e-04
-9.267329e-05
-7.683597e-05
-3.461081e-05
6.407312e-05
1.774896e-04
2.516784e-04
2.408875e-04
1.556248e-04
2.806121e-05
-1.210331e-04
-2.330116e-04
-2.489450e-04
-1.788104e-04
-8.778064e-05
-4.120124e-05
-5.276473e-05
-9.929673e-05
-1.578770e-04
-1.808818e-04
-1.624212e-04
-1.244339e-04
-5.713806e-05
-2.477749e-05
-4.805528e-05
-6.791737e-05
-8.131694e-05
-9.285635e-05
-1.104396e-04
-1.144967e-04
-4.411056e-05
9.627341e-05
2.107669e-04
2.220404e-04
1.938585e-04
2.195428e-04
2.868809e-04
3.385941e-04
3.454244e-04
3.503778e-04
4.160369e-04
5.293674e-04
6.046632e-04
5.861463e-04
5.395066e-04
5.241008e-04
5.235119e-04
5.300821e-04
5.410747e-04
5.591632e-04
5.970127e-04
6.426016e-04
6.703996e-04
6.675663e-04
6.405822e-04
6.160935e-04
5.905050e-04
5.328268e-04
4.223206e-04
2.854700e-04
2.019414e-04
1.727593e-04
1.770969e-04
2.418048e-04
3.684663e-04
5.394435e-04
6.928232e-04
7.525351e-04
7.030912e-04
6.037550e-04
5.046550e-04
4.081509e-04
3.182811e-04
2.686799e-04
3.014359e-04
3.845760e-04
4.609101e-04
5.053675e-04
5.216759e-04
5.405094e-04
5.620442e-04
5.882284e-04
6.252950e-04
6.668118e-04
7.164098e-04
7.112778e-04
6.088603e-04
5.058247e-04
4.744908e-04
5.059947e-04
5.653823e-04
6.140558e-04
6.676400e-04
7.272172e-04
7.505175e-04
7.080047e-04
6.352289e-04
6.058245e-04
6.338949e-04
6.828195e-04
7.306247e-04
7.809176e-04
8.121506e-04
8.101009e-04
7.756817e-04
7.229066e-04
6.911280e-04
6.851117e-04
6.942408e-04
6.917072e-04
6.675303e-04
6.366842e-04
5.931197e-04
5.627150e-04
5.715881e-04
6.205053e-04
6.908889e-04
7.595769e-04
8.377672e-04
9.038988e-04
9.047228e-04
8.304608e-04
7.588066e-04
7.431262e-04
7.505231e-04
7.901547e-04
8.441922e-04
8.879468e-04
9.507234e-04
1.000955e-03
1.007452e-03
9.784285e-04
9.246663e-04
8.754347e-04
8.482737e-04
8.066607e-04
7.299985e-04
6.415240e-04
5.522395e-04
4.767927e-04
4.274959e-04
4.079683e-04
4.191546e-04
4.764216e-04
5.827867e-04
6.958607e-04
8.004808e-04
8.857952e-04
8.940973e-04
8.112268e-04
7.250238e-04
7.107257e-04
7.690265e-04
8.783612e-04
9.897547e-04
1.058239e-03
1.096552e-03
1.123955e-03
1.115514e-03
1.057867e-03
9.855764e-04
9.138008e-04
8.578600e-04
8.203751e-04
7.342698e-04
5.934909e-04
4.650236e-04
3.912342e-04
3.761567e-04
3.936026e-04
4.499822e-04
5.495468e-04
6.403339e-04
6.720654e-04
6.286626e-04
5.529200e-04
4.972894e-04
4.558250e-04
4.369851e-04
4.652471e-04
5.441439e-04
6.371635e-04
6.965834e-04
7.330340e-04
7.560294e-04
7.622797e-04
7.439915e-04
7.098887e-04
7.108088e-04
7.697773e-04
8.533509e-04
9.042789e-04
9.161319e-04
9.059758e-04
8.802868e-04
8.547950e-04
8.698515e-04
9.883311e-04
1.157773e-03
1.251965e-03
1.215729e-03
1.086914e-03
9.406411e-04
7.898241e-04
6.403829e-04
5.639460e-04
6.371723e-04
8.426854e-04
1.061222e-03
1.185260e-03
1.204521e-03
1.157288e-03
1.079802e-03
9.958872e-04
9.070247e-04
8.639267e-04
8.980879e-04
9.523071e-04
9.693432e-04
9.431341e-04
8.999732e-04
8.488585e-04
8.069754e-04
7.951219e-04
8.072958e-04
8.079088e-04
7.650932e-04
7.107972e-04
6.676695e-04
6.283356e-04
6.035700e-04
6.319513e-04
7.312422e-04
8.571228e-04
9.502107e-04
9.584546e-04
8.818345e-04
7.693992e-04
6.572300e-04
5.630986e-04
5.234809e-04
5.912491e-04
7.639657e-04
9.645776e-04
1.078441e-03
1.055695e-03
9.548034e-04
8.411524e-04
7.311222e-04
6.507381e-04
6.511525e-04
7.429882e-04
9.020703e-04
1.070101e-03
1.156720e-03
1.139527e-03
1.067108e-03
9.829081e-04
9.107082e-04
8.352658e-04
7.541096e-04
7.211499e-04
7.526181e-04
8.039935e-04
8.101981e-04
7.567105e-04
7.052735e-04
6.966164e-04
7.215805e-04
7.404554e-04
7.505247e-04
7.777921e-04
8.017376e-04
7.900919e-04
7.411707e-04
6.977895e-04
6.924752e-04
7.310139e-04
8.067684e-04
8.954036e-04
9.653803e-04
9.647902e-04
8.842045e-04
7.612928e-04
6.599141e-04
6.196110e-04
5.850181e-04
5.534785e-04
5.595709e-04
5.679121e-04
5.430480e-04
4.778832e-04
4.388744e-04
4.869384e-04
5.987462e-04
7.311013e-04
8.226395e-04
8.640159e-04
8.596062e-04
7.840216e-04
6.917540e-04
6.342429e-04
6.237375e-04
6.707369e-04
7.566717e-04
8.465713e-04
8.941238e-04
8.881377e-04
8.428555e-04
7.727944e-04
6.986948e-04
6.562310e-04
6.759827e-04
7.320764e-04
7.816253e-04
8.168575e-04
8.299986e-04
7.905763e-04
7.170795e-04
6.495342e-04
5.830876e-04
5.285649e-04
5.237381e-04
5.732464e-04
6.256869e-04
6.372542e-04
6.066865e-04
5.608097e-04
5.197375e-04
5.052457e-04
5.464931e-04
5.885828e-04
5.615223e-04
4.837457e-04
4.209839e-04
4.160699e-04
4.243734e-04
4.071108e-04
3.857287e-04
3.928806e-04
4.429134e-04
4.527876e-04
3.656716e-04
2.762325e-04
2.680064e-04
3.170705e-04
3.531655e-04
3.489899e-04
3.292476e-04
3.101817e-04
2.694571e-04
1.785650e-04
6.637531e-05
4.563372e-06
2.826547e-05
1.156714e-04
2.255574e-04
3.322448e-04
4.532332e-04
5.751425e-04
6.186974e-04
5.706681e-04
4.794799e-04
3.813282e-04
3.052377e-04
2.608123e-04
2.415433e-04
2.484322e-04
2.892321e-04
3.309570e-04
3.399944e-04
3.250337e-04
3.124173e-04
3.187309e-04
3.358307e-04
3.631713e-04
3.674317e-04
3.263171e-04
2.759246e-04
2.139962e-04
1.222094e-04
2.839111e-05
-1.894438e-05
3.524713e-08
7.560766e-05
1.702853e-04
2.201164e-04
2.218688e-04
2.068417e-04
1.622932e-04
1.005582e-04
5.934386e-05
5.780268e-05
9.387443e-05
1.403380e-04
1.484981e-04
7.573839e-05
-5.351760e-05
-1.746155e-04
-2.414987e-04
-2.451101e-04
-2.072899e-04
-1.588942e-04
-1.315665e-04
-1.416920e-04
-1.920771e-04
-2.727211e-04
-3.551717e-04
-3.898519e-04
-3.390675e-04
-2.255693e-04
-1.105270e-04
-5.220970e-05
-9.384354e-05
-2.118101e-04
-3.143977e-04
-3.672925e-04
-3.881020e-04
-3.459546e-04
-2.266148e-04
-6.928408e-05
6.464450e-05
1.040554e-04
2.564758e-05
-1.331894e-04
-2.660901e-04
-3.120350e-04
-3.132519e-04
-2.702033e-04
-1.958663e-04
-1.362287e-04
-1.102883e-04
-1.393188e-04
-2.161790e-04
-3.021828e-04
-3.327261e-04
-2.921730e-04
-2.217342e-04
-1.228485e-04
-3.103275e-05
-8.421883e-06
-4.723314e-05
-1.089455e-04
-1.604885e-04
-1.893925e-04
-1.989355e-04
-1.906533e-04
-1.725663e-04
-1.564032e-04
-1.889789e-04
-3.037073e-04
-4.455284e-04
-5.278084e-04
-5.250232e-04
-4.743856e-04
-4.028826e-04
-3.303896e-04
-2.823482e-04
-3.017703e-04
-4.074620e-04
-5.466279e-04
-6.820378e-04
-7.727871e-04
-7.919891e-04
-7.627572e-04
-6.886135e-04
-5.899439e-04
-5.242201e-04
-5.353425e-04
-5.885890e-04
-6.232303e-04
-6.441802e-04
-6.612157e-04
-6.780608e-04
-6.677717e-04
-5.976442e-04
-5.243843e-04
-5.022638e-04
-5.242810e-04
-5.240598e-04
-4.498543e-04
-3.574300e-04
-3.001595e-04
-2.754899e-04
-2.570799e-04
-2.385634e-04
-2.717206e-04
-3.719810e-04
-4.997468e-04
-6.107372e-04
-6.606662e-04
-6.723903e-04
-7.010799e-04
-7.234334e-04
-7.138347e-04
-6.861150e-04
-6.618813e-04
-6.580227e-04
-6.557726e-04
-6.413174e-04
-6.026783e-04
-5.585221e-04
-5.271277e-04
-4.909915e-04
-4.771558e-04
-4.944744e-04
-5.149211e-04
-5.205066e-04
-5.320566e-04
-5.547323e-04
-5.566221e-04
-5.573200e-04
-5.609354e-04
-5.869457e-04
-6.656480e-04
-7.600534e-04
-8.393337e-04
-9.168005e-04
-1.016712e-03
-1.106085e-03
-1.144367e-03
-1.151321e-03
-1.142317e-03
-1.120397e-03
-1.089393e-03
-1.043245e-03
-1.004768e-03
-1.008018e-03
-1.025249e-03
-1.001680e-03
-9.380867e-04
-8.649760e-04
-7.859197e-04
-7.101562e-04
-6.586965e-04
-6.450350e-04
-6.727733e-04
-7.151936e-04
-7.329712e-04
-7.271736e-04
-7.287919e-04
-7.280969e-04
-7.268636e-04
-7.444029e-04
-7.611349e-04
-7.868747e-04
-8.199537e-04
-8.359133e-04
-8.653224e-04
-9.275650e-04
-9.917150e-04
-1.034870e-03
-1.061918e-03
-1.081679e-03
-1.096505e-03
-1.107196e-03
-1.097708e-03
-1.064516e-03
-1.034918e-03
-1.014226e-03
-9.716582e-04
-9.204723e-04
-8.996731e-04
-9.079058e-04
-9.469433e-04
-9.796709e-04
-9.656005e-04
-9.491540e-04
-9.655925e-04
-1.003086e-03
-1.032881e-03
-1.043185e-03
-1.050593e-03
-1.057908e-03
-1.056312e-03
-1.029086e-03
-9.861599e-04
-9.825253e-04
-1.022138e-03
-1.062081e-03
-1.087080e-03
-1.090749e-03
-1.076234e-03
-1.075901e-03
-1.097980e-03
-1.115410e-03
-1.115324e-03
-1.106061e-03
-1.095469e-03
-1.072081e-03
-1.042540e-03
-1.020721e-03
-9.913880e-04
-9.598246e-04
-9.302942e-04
-9.000826e-04
-8.963774e-04
-9.134663e-04
-9.242242e-04
-9.401091e-04
-9.909473e-04
-1.066099e-03
-1.113302e-03
-1.117131e-03
-1.108490e-03
-1.124998e-03
-1.167578e-03
-1.195079e-03
-1.192967e-03
-1.179706e-03
-1.177247e-03
-1.199975e-03
-1.229103e-03
-1.242430e-03
-1.250396e-03
-1.259218e-03
-1.260756e-03
-1.245623e-03
-1.200046e-03
-1.146098e-03
-1.109086e-03
-1.086650e-03
-1.083067e-03
-1.090634e-03
-1.099922e-03
-1.110377e-03
-1.109528e-03
-1.087269e-03
-1.055843e-03
-1.047702e-03
-1.066613e-03
-1.071520e-03
-1.067929e-03
-1.096851e-03
-1.151457e-03
-1.205358e-03
-1.245556e-03
-1.269359e-03
-1.279874e-03
-1.282786e-03
-1.282696e-03
-1.286092e-03
-1.290893e-03
-1.283332e-03
-1.256732e-03
-1.222758e-03
-1.200297e-03
-1.189323e-03
-1.193047e-03
-1.216218e-03
-1.260252e-03
-1.304583e-03
-1.314711e-03
-1.293669e-03
-1.257386e-03
-1.234634e-03
-1.235172e-03
-1.233610e-03
-1.209978e-03
-1.174401e-03
-1.152232e-03
-1.150225e-03
-1.159734e-03
-1.148330e-03
-1.132866e-03
-1.154441e-03
-1.200734e-03
-1.234840e-03
-1.222592e-03
-1.176079e-03
-1.123593e-03
-1.088619e-03
-1.064347e-03
-1.035211e-03
-1.031529e-03
-1.059045e-03
-1.089118e-03
-1.094414e-03
-1.068954e-03
-1.030535e-03
-9.963169e-04
-9.550371e-04
-8.989775e-04
-8.766040e-04
-9.165639e-04
-9.926127e-04
-1.064146e-03
-1.099474e-03
-1.105939e-03
-1.113753e-03
-1.130417e-03
-1.145815e-03
-1.162170e-03
-1.181511e-03
-1.207296e-03
-1.235231e-03
-1.245913e-03
-1.228907e-03
-1.183695e-03
-1.153726e-03
-1.180503e-03
-1.218776e-03
-1.211845e-03
-1.146927e-03
-1.077738e-03
-1.073415e-03
-1.109628e-03
-1.136771e-03
-1.130403e-03
-1.093432e-03
-1.055295e-03
-1.020870e-03
-9.757551e-04
-9.258537e-04
-8.898295e-04
-8.772054e-04
-8.877246e-04
-9.100271e-04
-9.121882e-04
-8.773862e-04
-8.312318e-04
-7.886963e-04
-7.439660e-04
-6.958881e-04
-6.797755e-04
-7.371690e-04
-8.290709e-04
-8.930748e-04
-8.961291e-04
-8.462129e-04
-7.925606e-04
-7.640794e-04
-7.481328e-04
-7.371295e-04
-7.427709e-04
-7.562196e-04
-7.718885e-04
-7.811148e-04
-7.734758e-04
-7.625602e-04
-7.431128e-04
-7.245629e-04
-7.379360e-04
-7.917189e-04
-8.694498e-04
-9.458093e-04
-1.003403e-03
-1.021701e-03
-9.987888e-04
-9.436245e-04
-8.678964e-04
-8.102359e-04
-7.900352e-04
-7.789132e-04
-7.537058e-04
-7.165217e-04
-6.772097e-04
-6.432221e-04
-6.027882e-04
-5.685987e-04
-5.604552e-04
-5.752918e-04
-5.976733e-04
-5.903093e-04
-5.589838e-04
-5.293065e-04
-5.013368e-04
-4.628854e-04
-4.050330e-04
-3.563538e-04
-3.414308e-04
-3.470484e-04
-3.431052e-04
-3.262885e-04
-3.113036e-04
-3.120593e-04
-3.458128e-04
-4.069481e-04
-4.734981e-04
-5.233803e-04
-5.417583e-04
-5.195044e-04
-4.736793e-04
-4.396815e-04
-4.280405e-04
-4.419361e-04
-4.791167e-04
-5.264563e-04
-5.566349e-04
-5.336183e-04
-4.548540e-04
-3.698134e-04
-3.401754e-04
-3.566068e-04
-3.821373e-04
-4.237387e-04
-4.711410e-04
-4.829350e-04
-4.326851e-04
-3.433516e-04
-2.881015e-04
-3.098391e-04
-3.958791e-04
-5.091344e-04
-6.009934e-04
-6.488348e-04
-6.482060e-04
-6.013970e-04
-5.119332e-04
-3.880632e-04
-3.025764e-04
-3.131666e-04
-3.879841e-04
-4.685382e-04
-5.179050e-04
-5.159235e-04
-4.625532e-04
-3.894295e-04
-3.079151e-04
-2.406119e-04
-2.197461e-04
-2.448415e-04
-2.919738e-04
-3.138122e-04
-2.921308e-04
-2.206880e-04
-1.068819e-04
1.084472e-05
7.957722e-05
6.242461e-05
-5.083268e-06
-7.226602e-05
-1.142482e-04
-1.287245e-04
-1.172995e-04
-6.417726e-05
2.264943e-05
9.281262e-05
9.652639e-05
2.602152e-05
-7.478285e-05
-1.403622e-04
-1.601123e-04
-1.484577e-04
-9.595775e-05
-1.009362e-05
6.314603e-05
6.719280e-05
1.181189e-05
-5.478525e-05
-1.116495e-04
-1.509010e-04
-1.593242e-04
-1.230776e-04
-6.574847e-05
-2.957117e-05
-2.108816e-05
-3.134795e-05
-5.540445e-05
-9.565649e-05
-1.723643e-04
-2.549229e-04
-2.712834e-04
-2.166855e-04
-1.283839e-04
-5.959886e-05
-3.223336e-05
-6.817681e-06
5.921421e-06
-2.593143e-05
-7.568225e-05
-1.022418e-04
-8.054392e-05
-1.599105e-05
6.025375e-05
1.246555e-04
1.677512e-04
1.784523e-04
1.591410e-04
1.249667e-04
1.013393e-04
1.107151e-04
1.420775e-04
1.797300e-04
2.123628e-04
2.212598e-04
2.091986e-04
1.886423e-04
1.570591e-04
1.260271e-04
1.190971e-04
1.472371e-04
1.729746e-04
1.616051e-04
1.510624e-04
1.599828e-04
1.665776e-04
1.414035e-04
6.437058e-05
-1.877329e-05
-6.274461e-05
-8.478241e-05
-1.056706e-04
-1.129608e-04
-7.983473e-05
-1.243064e-05
5.155461e-05
1.038643e-04
1.488728e-04
1.826792e-04
2.081107e-04
2.232710e-04
2.323078e-04
2.469093e-04
2.721998e-04
2.994661e-04
3.071747e-04
3.017299e-04
3.169808e-04
3.375172e-04
3.362856e-04
3.426034e-04
3.720912e-04
3.943462e-04
3.683833e-04
2.850616e-04
1.849786e-04
1.292534e-04
1.335993e-04
1.699878e-04
2.399336e-04
3.534077e-04
4.897665e-04
6.044693e-04
6.693766e-04
7.118240e-04
7.650098e-04
8.138095e-04
8.213475e-04
7.808451e-04
7.059197e-04
6.131257e-04
5.098035e-04
3.976369e-04
3.123099e-04
2.710428e-04
2.479035e-04
2.316368e-04
2.223498e-04
2.314769e-04
2.629372e-04
2.997804e-04
3.304704e-04
3.478768e-04
3.723350e-04
3.960664e-04
3.756897e-04
3.220358e-04
2.581493e-04
2.037129e-04
1.942300e-04
2.305390e-04
2.815930e-04
3.445562e-04
4.120626e-04
4.406119e-04
4.140569e-04
3.436540e-04
2.744420e-04
2.577576e-04
2.988371e-04
3.736110e-04
4.441846e-04
4.944215e-04
5.174770e-04
5.118671e-04
4.910297e-04
4.685549e-04
4.591965e-04
4.681627e-04
4.973386e-04
5.460288e-04
6.013726e-04
6.471690e-04
6.954368e-04
7.519610e-04
8.089954e-04
8.756518e-04
9.331895e-04
9.489699e-04
9.055000e-04
8.125531e-04
7.090124e-04
6.266932e-04
5.912736e-04
6.066859e-04
6.371055e-04
6.552858e-04
6.524526e-04
6.149925e-04
5.503249e-04
5.016681e-04
5.147170e-04
5.792350e-04
6.463943e-04
6.913538e-04
6.941874e-04
6.393968e-04
5.598258e-04
4.931179e-04
4.404869e-04
4.176500e-04
4.362916e-04
4.719896e-04
5.068882e-04
5.339803e-04
5.503938e-04
5.459109e-04
5.296391e-04
5.380223e-04
5.752061e-04
6.257311e-04
6.709230e-04
6.880880e-04
6.715348e-04
6.363613e-04
6.092678e-04
6.057533e-04
6.517345e-04
7.613273e-04
8.761832e-04
9.492847e-04
9.846249e-04
9.628755e-04
8.633171e-04
7.092932e-04
5.591914e-04
4.782309e-04
4.945168e-04
5.711394e-04
6.433107e-04
6.878648e-04
7.076675e-04
6.989791e-04
6.502128e-04
5.767173e-04
5.324112e-04
5.438003e-04
5.923931e-04
6.377815e-04
6.522663e-04
6.349350e-04
6.189397e-04
6.463124e-04
6.922835e-04
7.231408e-04
7.541702e-04
7.978379e-04
8.369017e-04
8.479923e-04
8.260563e-04
7.781022e-04
7.341639e-04
7.113657e-04
7.036073e-04
7.179388e-04
7.355510e-04
7.372964e-04
7.236120e-04
6.998932e-04
6.829615e-04
6.703059e-04
6.567517e-04
6.486307e-04
6.624868e-04
7.082914e-04
7.573907e-04
7.731161e-04
7.520322e-04
7.023106e-04
6.270534e-04
5.558590e-04
5.222781e-04
5.382748e-04
6.052432e-04
6.894697e-04
7.484971e-04
7.741286e-04
7.569913e-04
6.904821e-04
6.136466e-04
5.646891e-04
5.475583e-04
5.615241e-04
5.920299e-04
6.101004e-04
6.042221e-04
5.801791e-04
5.305099e-04
4.535887e-04
3.967979e-04
4.067889e-04
4.777998e-04
5.671929e-04
6.258310e-04
6.332992e-04
5.989125e-04
5.443366e-04
4.871803e-04
4.408991e-04
4.295971e-04
4.768365e-04
5.636344e-04
6.436878e-04
6.781047e-04
6.575434e-04
6.160503e-04
5.729743e-04
5.461355e-04
5.624598e-04
6.083591e-04
6.750563e-04
7.580917e-04
8.197876e-04
8.256169e-04
7.736700e-04
6.867976e-04
6.054953e-04
5.634581e-04
5.604724e-04
5.886752e-04
6.469623e-04
7.148085e-04
7.447713e-04
7.279265e-04
6.886488e-04
6.330419e-04
5.861953e-04
5.549247e-04
5.153445e-04
4.686509e-04
4.289088e-04
3.909861e-04
3.519997e-04
3.276467e-04
3.261572e-04
3.417877e-04
3.618033e-04
3.643109e-04
3.348875e-04
3.078437e-04
3.069202e-04
3.449464e-04
4.191249e-04
4.751128e-04
5.129434e-04
5.416999e-04
5.506044e-04
5.534729e-04
5.394309e-04
5.083411e-04
4.797299e-04
4.478661e-04
4.047157e-04
3.597728e-04
3.107786e-04
2.613774e-04
2.266241e-04
2.060781e-04
1.893484e-04
1.641452e-04
1.316307e-04
1.019340e-04
9.213988e-05
8.683018e-05
6.722826e-05
4.669995e-05
3.711635e-05
5.691988e-05
8.273228e-05
8.959214e-05
9.203636e-05
8.722095e-05
8.213609e-05
9.080625e-05
1.094572e-04
1.450070e-04
2.141275e-04
2.969800e-04
3.478041e-04
3.473044e-04
3.084756e-04
2.624791e-04
2.466092e-04
2.605303e-04
2.755986e-04
2.923187e-04
3.051468e-04
2.964158e-04
2.689839e-04
2.396304e-04
2.303407e-04
2.669980e-04
3.634964e-04
4.857901e-04
6.014225e-04
7.024506e-04
7.611055e-04
7.600882e-04
7.183748e-04
6.671760e-04
6.311660e-04
6.258389e-04
6.456586e-04
6.713287e-04
6.997594e-04
7.290912e-04
7.299217e-04
6.792379e-04
6.054092e-04
5.472142e-04
5.049714e-04
4.544712e-04
3.781871e-04
2.960477e-04
2.292136e-04
1.649478e-04
9.831052e-05
4.764464e-05
2.969631e-05
3.176270e-05
1.514577e-05
-4.562350e-05
-1.203828e-04
-1.678197e-04
-1.803942e-04
-1.603058e-04
-1.098373e-04
-1.498091e-05
1.036332e-04
2.042533e-04
2.785998e-04
3.112268e-04
3.139571e-04
3.094856e-04
2.909330e-04
2.464267e-04
1.615425e-04
4.944388e-05
-5.962986e-05
-1.383436e-04
-1.884105e-04
-2.212577e-04
-2.210834e-04
-1.975905e-04
-1.637120e-04
-1.205790e-04
-6.740377e-05
2.632711e-06
7.832063e-05
1.466972e-04
1.985823e-04
2.402710e-04
2.850580e-04
3.352354e-04
4.005249e-04
4.772892e-04
5.397897e-04
5.702483e-04
5.584779e-04
5.138325e-04
4.606187e-04
4.069925e-04
3.440263e-04
2.517518e-04
1.549739e-04
8.757058e-05
4.354204e-05
2.439233e-05
1.703243e-06
-3.882761e-05
-5.755399e-05
-4.996220e-05
-3.965068e-05
-2.527382e-05
1.020427e-05
6.332799e-05
1.190191e-04
1.629266e-04
1.707538e-04
1.481739e-04
1.331048e-04
1.398404e-04
1.537837e-04
1.609505e-04
1.614759e-04
1.612496e-04
1.660524e-04
1.705093e-04
1.679801e-04
1.624546e-04
1.530871e-04
1.454442e-04
1.374718e-04
1.239741e-04
1.095177e-04
9.104975e-05
7.968747e-05
9.089539e-05
1.252096e-04
1.597519e-04
1.763795e-04
1.884668e-04
1.928059e-04
1.820726e-04
1.728721e-04
1.686614e-04
1.667768e-04
1.663214e-04
1.548110e-04
1.315278e-04
1.098104e-04
9.825669e-05
1.014242e-04
1.172261e-04
1.419958e-04
1.729366e-04
1.955785e-04
1.915542e-04
1.467786e-04
7.033381e-05
-1.121179e-05
-6.833970e-05
-7.864683e-05
-4.742498e-05
1.496167e-05
9.350650e-05
1.840366e-04
2.766774e-04
3.446212e-04
3.954717e-04
4.332728e-04
4.425778e-04
4.105284e-04
3.491186e-04
2.892111e-04
2.477982e-04
2.450381e-04
2.737287e-04
3.137728e-04
3.617265e-04
4.109261e-04
4.546773e-04
4.710884e-04
4.485449e-04
4.036394e-04
3.565389e-04
3.269272e-04
3.158018e-04
3.105916e-04
3.093460e-04
3.058850e-04
2.909839e-04
2.550685e-04
1.959574e-04
1.516962e-04
1.585643e-04
2.023122e-04
2.447396e-04
2.597461e-04
2.308207e-04
1.595703e-04
7.999699e-05
2.583619e-05
1.385913e-05
4.050686e-05
7.504907e-05
7.054598e-05
1.485475e-05
-6.561393e-05
-1.491509e-04
-1.951678e-04
-1.664537e-04
-7.075696e-05
5.911987e-05
1.767179e-04
2.354274e-04
2.367652e-04
2.156500e-04
1.797702e-04
1.471499e-04
1.464689e-04
1.769841e-04
2.185229e-04
2.528768e-04
2.684839e-04
2.426181e-04
1.867907e-04
1.512907e-04
1.502280e-04
1.721885e-04
2.061383e-04
2.276956e-04
2.296040e-04
2.227563e-04
2.064846e-04
1.868783e-04
1.728286e-04
1.754264e-04
2.086914e-04
2.508297e-04
2.701258e-04
2.571403e-04
2.314114e-04
2.234875e-04
2.319497e-04
2.703344e-04
3.495461e-04
4.374062e-04
5.042697e-04
5.193717e-04
4.711747e-04
3.858707e-04
2.830237e-04
1.680018e-04
6.293338e-05
1.549358e-06
-4.979914e-06
1.793602e-05
2.909188e-05
1.097230e-05
-1.852065e-05
-3.561885e-05
-3.970531e-05
-2.934730e-05
1.531055e-05
9.361334e-05
1.719206e-04
2.163240e-04
2.197768e-04
1.904075e-04
1.403034e-04
8.626179e-05
4.824954e-05
3.950097e-05
4.933043e-05
6.415839e-05
6.384936e-05
3.569224e-05
-6.909996e-06
-4.079914e-05
-4.504948e-05
-2.717359e-05
1.220319e-05
7.400403e-05
1.302227e-04
1.552524e-04
1.463806e-04
1.251526e-04
1.077734e-04
1.098770e-04
1.466456e-04
2.098690e-04
2.803626e-04
3.366365e-04
3.600583e-04
3.441632e-04
2.968493e-04
2.274406e-04
1.561365e-04
1.078217e-04
8.767845e-05
9.572937e-05
1.130810e-04
1.155830e-04
1.089316e-04
1.077852e-04
1.196411e-04
1.406766e-04
1.592739e-04
1.609656e-04
1.439014e-04
1.276577e-04
1.049525e-04
5.743310e-05
-6.512952e-06
-6.553874e-05
-9.376543e-05
-9.137281e-05
-7.145601e-05
-4.438879e-05
-3.422580e-05
-5.985637e-05
-1.191001e-04
-1.903824e-04
-2.479953e-04
-2.729263e-04
-2.606222e-04
-2.124753e-04
-1.416951e-04
-6.989141e-05
-7.406961e-06
2.612873e-05
4.374489e-05
7.338304e-05
8.925950e-05
8.069714e-05
6.522529e-05
4.879628e-05
4.110252e-05
4.752930e-05
6.007542e-05
7.531023e-05
9.935640e-05
1.290642e-04
1.420657e-04
1.236200e-04
8.330385e-05
4.314294e-05
3.756426e-05
7.245645e-05
1.201669e-04
1.688354e-04
2.169007e-04
2.605922e-04
2.818431e-04
2.624047e-04
2.152331e-04
1.623279e-04
1.199075e-04
9.793573e-05
9.729557e-05
1.098230e-04
1.246746e-04
1.314424e-04
1.101648e-04
4.991588e-05
-2.858561e-05
-9.441709e-05
-1.304859e-04
-1.236439e-04
-7.698438e-05
-2.390917e-05
8.264465e-06
1.368078e-05
-1.222476e-05
-5.444484e-05
-8.765049e-05
-9.635674e-05
-7.940447e-05
-4.992632e-05
-1.740558e-05
-7.410086e-06
-3.541016e-05
-9.309977e-05
-1.664801e-04
-2.230237e-04
-2.337213e-04
-1.978675e-04
-1.408201e-04
-8.080735e-05
-2.628320e-05
6.011289e-06
2.158367e-06
-2.572814e-05
-4.682081e-05
-4.942225e-05
-3.846273e-05
-2.415492e-05
2.792558e-06
4.199282e-05
6.683890e-05
7.729521e-05
6.338962e-05
3.430083e-05
2.069303e-05
1.658427e-05
1.984309e-05
3.385371e-05
5.219008e-05
5.571405e-05
2.999405e-05
-1.417227e-05
-5.986136e-05
-9.351580e-05
-1.058770e-04
-8.948136e-05
-4.975864e-05
-7.453217e-06
9.252955e-06
-1.218890e-05
-5.487470e-05
-9.650073e-05
-1.197577e-04
-1.152219e-04
-8.877382e-05
-6.686947e-05
-7.374379e-05
-1.141653e-04
-1.849053e-04
-2.616939e-04
-3.066503e-04
-3.019274e-04
-2.534163e-04
-1.845774e-04
-1.336564e-04
-1.209083e-04
-1.406008e-04
-1.754033e-04
-1.900584e-04
-1.587427e-04
-8.833190e-05
-5.781460e-06
6.397710e-05
9.596300e-05
6.456519e-05
-1.986287e-05
-1.191515e-04
-2.016346e-04
-2.498599e-04
-2.605712e-04
-2.465150e-04
-2.238611e-04
-2.068761e-04
-2.081009e-04
-2.156002e-04
-2.097857e-04
-1.855302e-04
-1.440570e-04
-1.021530e-04
-8.252438e-05
-9.209024e-05
-1.357342e-04
-2.115544e-04
-2.932751e-04
-3.550853e-04
-3.857850e-04
-3.742089e-04
-3.182271e-04
-2.366067e-04
-1.596277e-04
-1.039853e-04
-7.135774e-05
-5.916174e-05
-4.302645e-05
-8.196084e-06
3.416304e-05
7.411260e-05
9.035812e-05
6.233686e-05
-1.177128e-05
-1.206695e-04
-2.459431e-04
-3.711764e-04
-4.853120e-04
-5.856549e-04
-6.712440e-04
-7.379296e-04
-7.775667e-04
-7.826606e-04
-7.541620e-04
-6.925634e-04
-5.967294e-04
-4.682750e-04
-3.184967e-04
-1.687703e-04
-3.820247e-05
6.215518e-05
1.429821e-04
2.059702e-04
2.470233e-04
2.858691e-04
3.121300e-04
3.134701e-04
3.043965e-04
2.888997e-04
2.622576e-04
1.914085e-04
6.198753e-05
-1.156092e-04
-3.357833e-04
-5.581004e-04
-7.674888e-04
-9.632454e-04
-1.102640e-03
-1.151071e-03
-1.106046e-03
-9.883034e-04
-8.187300e-04
-5.917886e-04
-3.011518e-04
1.602261e-05
3.181092e-04
5.759820e-04
7.566942e-04
8.496515e-04
8.526659e-04
7.535053e-04
5.523121e-04
2.853344e-04
-9.005145e-06
-3.011303e-04
-5.504390e-04
-7.366419e-04
-8.575686e-04
-9.249969e-04
-9.724250e-04
-1.016586e-03
-1.041179e-03
-1.026967e-03
-9.684247e-04
-8.698603e-04
-7.382898e-04
-5.779666e-04
-4.112651e-04
-2.807506e-04
-2.012699e-04
-1.570335e-04
-1.247717e-04
-9.276420e-05
-8.626620e-05
-1.243515e-04
-1.888327e-04
-2.618262e-04
-3.380924e-04
-4.130120e-04
-4.829495e-04
-5.357678e-04
-5.512547e-04
-5.318859e-04
-4.847034e-04
-4.206255e-04
-3.724809e-04
-3.509239e-04
-3.387247e-04
-3.215125e-04
-2.976542e-04
-2.697359e-04
-2.485652e-04
-2.506010e-04
-2.813150e-04
-3.555782e-04
-4.684233e-04
-5.745310e-04
-6.459425e-04
-6.733958e-04
-6.428254e-04
-5.615233e-04
-4.588339e-04
-3.521644e-04
-2.653433e-04
-2.104436e-04
-1.648158e-04
-1.314485e-04
-1.103337e-04
-7.945885e-05
-4.944991e-05
-3.681961e-05
-4.846015e-05
-1.013719e-04
-2.040660e-04
-3.470646e-04
-5.086092e-04
-6.566376e-04
-7.579644e-04
-7.895294e-04
-7.595716e-04
-6.978783e-04
-6.250794e-04
-5.600754e-04
-5.094136e-04
-4.651621e-04
-4.221239e-04
-3.765429e-04
-3.316673e-04
-2.956936e-04
-2.853896e-04
-3.066869e-04
-3.460376e-04
-4.058205e-04
-4.800867e-04
-5.479293e-04
-6.123272e-04
-6.899259e-04
-7.694206e-04
-8.321133e-04
-8.772807e-04
-8.832037e-04
-8.350022e-04
-7.493767e-04
-6.407863e-04
-5.167262e-04
-3.997983e-04
-3.096651e-04
-2.425085e-04
-2.100326e-04
-2.251327e-04
-2.746406e-04
-3.420310e-04
-4.268966e-04
-5.241453e-04
-6.165527e-04
-6.977831e-04
-7.604745e-04
-8.055967e-04
-8.308653e-04
-8.252449e-04
-7.917368e-04
-7.284417e-04
-6.332829e-04
-5.237093e-04
-4.236973e-04
-3.527738e-04
-3.244105e-04
-3.258153e-04
-3.304679e-04
-3.277309e-04
-3.245792e-04
-3.222009e-04
-3.143351e-04
-3.134762e-04
-3.294611e-04
-3.633145e-04
-4.071387e-04
-4.477459e-04
-4.873044e-04
-5.317126e-04
-5.769110e-04
-6.079701e-04
-6.191627e-04
-6.057242e-04
-5.552730e-04
-4.727497e-04
-3.885495e-04
-3.298644e-04
-3.102053e-04
-3.458210e-04
-4.121097e-04
-4.645569e-04
-4.968659e-04
-5.024715e-04
-4.763494e-04
-4.402383e-04
-4.154175e-04
-4.174430e-04
-4.554035e-04
-5.109864e-04
-5.615943e-04
-5.957859e-04
-6.113121e-04
-6.179797e-04
-6.193918e-04
-6.192399e-04
-6.083698e-04
-5.724611e-04
-5.155690e-04
-4.298136e-04
-3.193493e-04
-2.237440e-04
-1.655906e-04
-1.437172e-04
-1.640347e-04
-2.252342e-04
-3.049014e-04
-3.824037e-04
-4.430757e-04
-4.757100e-04
-4.914975e-04
-5.050539e-04
-5.177990e-04
-5.253777e-04
-5.244861e-04
-5.151938e-04
-4.916700e-04
-4.541990e-04
-4.036469e-04
-3.443028e-04
-2.992119e-04
-2.745460e-04
-2.603073e-04
-2.438975e-04
-2.102879e-04
-1.670872e-04
-1.370536e-04
-1.345701e-04
-1.545156e-04
-1.912893e-04
-2.466697e-04
-3.174488e-04
-3.923149e-04
-4.453080e-04
-4.681103e-04
-4.688705e-04
-4.577172e-04
-4.323516e-04
-3.788267e-04
-3.142805e-04
-2.505961e-04
-1.944611e-04
-1.603406e-04
-1.462287e-04
-1.547836e-04
-1.932486e-04
-2.495677e-04
-2.916832e-04
-3.104924e-04
-3.177863e-04
-3.109427e-04
-2.832117e-04
-2.409295e-04
-2.070718e-04
-2.049945e-04
-2.292128e-04
-2.570495e-04
-2.797435e-04
-2.781508e-04
-2.457986e-04
-2.126818e-04
-1.834816e-04
-1.541772e-04
-1.450536e-04
-1.561754e-04
-1.639158e-04
-1.639272e-04
-1.636099e-04
-1.607618e-04
-1.626215e-04
-1.703588e-04
-1.707865e-04
-1.705579e-04
-1.765557e-04
-1.859820e-04
-1.954242e-04
-1.939753e-04
-1.827487e-04
-1.709303e-04
-1.591251e-04
-1.387017e-04
-1.057951e-04
-7.881334e-05
-6.758576e-05
-6.554290e-05
-7.614696e-05
-1.013910e-04
-1.377393e-04
-1.768278e-04
-2.054676e-04
-2.252271e-04
-2.384194e-04
-2.336575e-04
-1.979052e-04
-1.396727e-04
-8.781363e-05
-4.551480e-05
-2.958073e-06
2.865355e-05
4.039678e-05
3.731403e-05
2.342922e-05
1.083623e-05
1.276916e-05
1.203334e-05
-5.049144e-06
-2.161063e-05
-2.670594e-05
-2.844783e-05
-2.780399e-05
-2.238533e-05
-1.742474e-05
-1.370225e-05
-1.374343e-05
-2.058859e-05
-3.329140e-05
-4.744183e-05
-5.300304e-05
-4.323484e-05
-2.430118e-05
-3.871259e-06
1.490904e-05
2.089847e-05
1.183666e-05
3.404458e-06
1.444497e-06
3.276570e-06
1.060258e-05
1.793929e-05
2.052594e-05
2.514906e-05
2.811791e-05
2.232410e-05
1.500721e-05
9.416738e-06
3.368425e-06
4.221773e-06
1.981755e-05
4.384616e-05
7.086543e-05
1.030044e-04
1.337767e-04
1.457484e-04
1.319299e-04
1.004502e-04
5.427304e-05
2.166340e-06
-4.014182e-05
-6.992488e-05
-8.194205e-05
-6.570076e-05
-2.659928e-05
1.589175e-05
4.624019e-05
6.162061e-05
6.907789e-05
7.741061e-05
8.394468e-05
9.432209e-05
1.226087e-04
1.626981e-04
2.020950e-04
2.279684e-04
2.322209e-04
2.210905e-04
2.066649e-04
1.896625e-04
1.726889e-04
1.730192e-04
1.884607e-04
2.007112e-04
1.929572e-04
1.560160e-04
1.018899e-04
5.049115e-05
1.730973e-05
1.144023e-05
3.958479e-05
9.742673e-05
1.567533e-04
1.940589e-04
1.972386e-04
1.608655e-04
1.052311e-04
6.009406e-05
4.080905e-05
4.897250e-05
7.962661e-05
1.239986e-04
1.719541e-04
2.099252e-04
2.252778e-04
2.222583e-04
2.147176e-04
2.068703e-04
1.979514e-04
1.843085e-04
1.533505e-04
1.003628e-04
3.463650e-05
-2.876898e-05
-7.122457e-05
-8.170904e-05
-6.831064e-05
-3.866765e-05
1.000842e-05
5.881721e-05
8.028966e-05
7.134512e-05
4.670432e-05
3.160585e-05
3.967843e-05
6.181612e-05
9.157256e-05
1.293321e-04
1.754601e-04
2.198684e-04
2.430499e-04
2.412769e-04
2.282112e-04
2.239353e-04
2.322753e-04
2.385912e-04
2.353590e-04
2.201503e-04
1.942964e-04
1.617257e-04
1.310461e-04
1.172556e-04
1.286519e-04
1.619076e-04
1.967933e-04
2.155103e-04
2.238183e-04
2.282153e-04
2.313147e-04
2.365541e-04
2.493885e-04
2.777118e-04
3.051134e-04
3.124291e-04
2.931902e-04
2.470380e-04
1.957950e-04
1.589870e-04
1.438905e-04
1.462491e-04
1.560682e-04
1.706330e-04
1.831240e-04
1.893407e-04
1.877806e-04
1.776346e-04
1.612664e-04
1.442258e-04
1.342538e-04
1.289698e-04
1.180420e-04
1.005667e-04
8.606314e-05
8.497711e-05
1.065598e-04
1.417548e-04
1.699055e-04
1.939018e-04
2.273350e-04
2.662325e-04
2.959893e-04
3.042675e-04
2.875783e-04
2.538238e-04
2.125450e-04
1.694560e-04
1.341533e-04
1.174731e-04
1.165540e-04
1.180515e-04
1.143215e-04
1.076530e-04
1.030956e-04
9.651933e-05
8.646639e-05
8.377509e-05
9.355403e-05
1.074667e-04
1.115569e-04
1.029970e-04
9.567225e-05
9.814399e-05
1.041441e-04
1.092193e-04
1.113197e-04
1.180628e-04
1.399959e-04
1.599426e-04
1.592437e-04
1.454881e-04
1.319765e-04
1.252172e-04
1.255562e-04
1.298581e-04
1.326806e-04
1.306607e-04
1.242147e-04
1.080007e-04
8.986158e-05
8.749637e-05
9.647001e-05
1.108817e-04
1.370211e-04
1.757019e-04
2.128630e-04
2.319743e-04
2.338551e-04
2.314068e-04
2.374926e-04
2.559896e-04
2.787816e-04
2.938972e-04
3.030507e-04
3.047511e-04
2.821620e-04
2.353777e-04
1.788656e-04
1.342073e-04
1.168417e-04
1.219141e-04
1.374919e-04
1.471027e-04
1.444910e-04
1.334084e-04
1.150307e-04
9.273835e-05
7.326477e-05
6.862845e-05
8.726349e-05
1.197537e-04
1.445128e-04
1.471612e-04
1.322676e-04
1.144858e-04
1.030705e-04
9.650437e-05
9.853928e-05
1.147984e-04
1.367954e-04
1.569928e-04
1.632469e-04
1.479992e-04
1.193891e-04
8.354186e-05
5.550125e-05
4.850733e-05
6.327660e-05
9.592560e-05
1.258760e-04
1.388957e-04
1.426771e-04
1.417571e-04
1.380934e-04
1.388172e-04
1.502051e-04
1.663303e-04
1.709732e-04
1.565771e-04
1.309021e-04
1.079761e-04
9.838823e-05
1.066012e-04
1.282260e-04
1.607995e-04
2.018582e-04
2.340792e-04
2.433313e-04
2.320893e-04
2.118727e-04
1.901939e-04
1.661903e-04
1.398211e-04
1.183333e-04
1.129927e-04
1.240224e-04
1.426246e-04
1.606330e-04
1.722769e-04
1.731376e-04
1.582177e-04
1.310506e-04
1.041439e-04
8.938767e-05
8.994619e-05
1.031163e-04
1.234029e-04
1.428955e-04
1.567258e-04
1.592402e-04
1.516848e-04
1.371494e-04
1.212225e-04
1.150540e-04
1.174592e-04
1.246018e-04
1.339076e-04
1.376643e-04
1.265701e-04
9.936376e-05
6.897244e-05
4.790370e-05
4.573198e-05
6.718608e-05
1.011026e-04
1.341760e-04
1.584951e-04
1.674356e-04
1.628182e-04
1.529610e-04
1.457804e-04
1.489604e-04
1.711087e-04
2.075124e-04
2.427750e-04
2.710286e-04
2.854477e-04
2.790274e-04
2.587415e-04
2.344715e-04
2.134585e-04
2.096093e-04
2.219962e-04
2.317129e-04
2.339732e-04
2.342416e-04
2.363175e-04
2.400038e-04
2.392929e-04
2.326152e-04
2.231495e-04
2.105372e-04
1.941885e-04
1.782388e-04
1.660439e-04
1.590114e-04
1.543723e-04
1.499244e-04
1.461405e-04
1.403669e-04
1.384852e-04
1.463586e-04
1.558260e-04
1.605175e-04
1.631981e-04
1.670295e-04
1.678176e-04
1.676670e-04
1.751325e-04
1.838832e-04
1.849471e-04
1.781803e-04
1.661304e-04
1.563324e-04
1.541477e-04
1.558316e-04
1.568269e-04
1.594512e-04
1.656556e-04
1.696770e-04
1.618327e-04
1.430364e-04
1.301977e-04
1.316443e-04
1.441331e-04
1.626845e-04
1.840004e-04
2.114402e-04
2.353101e-04
2.408748e-04
2.259108e-04
1.964408e-04
1.669299e-04
1.476038e-04
1.374342e-04
1.332143e-04
1.351029e-04
1.450657e-04
1.585698e-04
1.655089e-04
1.630470e-04
1.576447e-04
1.594512e-04
1.727444e-04
1.940895e-04
2.162330e-04
2.304830e-04
2.350506e-04
2.324657e-04
2.235750e-04
2.087502e-04
1.936888e-04
1.883554e-04
1.960059e-04
2.116964e-04
2.287769e-04
2.432877e-04
2.550015e-04
2.630617e-04
2.646690e-04
2.586554e-04
2.476149e-04
2.427581e-04
2.472981e-04
2.509867e-04
2.512532e-04
2.451972e-04
2.286796e-04
2.074615e-04
1.858942e-04
1.673617e-04
1.578984e-04
1.553048e-04
1.524719e-04
1.494595e-04
1.467298e-04
1.411279e-04
1.294650e-04
1.124030e-04
9.892715e-05
9.433889e-05
9.961018e-05
1.130483e-04
1.240132e-04
1.286313e-04
1.293424e-04
1.251175e-04
1.200955e-04
1.207492e-04
1.262367e-04
1.340693e-04
1.452914e-04
1.545721e-04
1.560328e-04
1.491583e-04
1.337619e-04
1.177078e-04
1.143351e-04
1.279562e-04
1.542282e-04
1.913135e-04
2.295476e-04
2.536920e-04
2.623362e-04
2.584385e-04
2.508443e-04
2.507498e-04
2.564481e-04
2.648898e-04
2.771294e-04
2.873941e-04
2.839142e-04
2.641823e-04
2.368662e-04
2.087668e-04
1.835696e-04
1.659455e-04
1.597493e-04
1.647610e-04
1.748997e-04
1.809516e-04
1.789231e-04
1.734845e-04
1.695588e-04
1.715439e-04
1.787364e-04
1.860256e-04
1.942810e-04
2.029669e-04
2.057835e-04
1.969417e-04
1.801168e-04
1.625199e-04
1.464054e-04
1.336504e-04
1.232800e-04
1.150258e-04
1.093007e-04
1.056025e-04
1.030670e-04
9.856079e-05
9.427293e-05
9.253293e-05
9.244900e-05
9.482323e-05
9.719740e-05
9.426331e-05
9.086738e-05
9.862859e-05
1.184350e-04
1.430286e-04
1.674386e-04
1.885722e-04
2.017960e-04
2.037976e-04
1.914257e-04
1.641657e-04
1.361049e-04
1.223872e-04
1.258367e-04
1.428837e-04
1.657322e-04
1.869206e-04
2.003046e-04
2.017303e-04
1.894314e-04
1.676733e-04
1.496384e-04
1.416923e-04
1.427276e-04
1.494464e-04
1.566570e-04
1.615251e-04
1.603519e-04
1.535710e-04
1.440136e-04
1.354260e-04
1.334527e-04
1.355487e-04
1.401968e-04
1.483836e-04
1.541349e-04
1.526588e-04
1.424532e-04
1.244759e-04
1.066074e-04
9.415249e-05
8.525239e-05
8.115958e-05
8.259389e-05
8.493833e-05
8.353125e-05
7.725849e-05
7.210778e-05
7.556545e-05
8.946867e-05
1.077542e-04
1.231023e-04
1.339925e-04
1.392135e-04
1.369177e-04
1.261919e-04
1.104390e-04
9.777329e-05
9.328005e-05
9.841987e-05
1.108370e-04
1.245234e-04
1.334303e-04
1.313470e-04
1.192863e-04
1.045128e-04
9.061762e-05
8.098086e-05
7.728048e-05
7.782152e-05
7.888379e-05
7.700130e-05
7.255532e-05
6.421352e-05
5.170411e-05
4.256553e-05
4.377109e-05
5.155233e-05
6.227985e-05
7.597089e-05
8.731972e-05
9.262894e-05
9.256698e-05
8.816434e-05
8.099807e-05
7.619076e-05
7.685844e-05
7.936336e-05
8.088886e-05
8.411019e-05
9.189021e-05
9.989621e-05
1.031412e-04
9.900219e-05
8.793561e-05
7.574401e-05
6.440884e-05
5.538842e-05
5.374877e-05
5.819873e-05
5.996791e-05
5.513296e-05
4.789653e-05
4.070948e-05
3.501001e-05
3.472372e-05
4.169887e-05
5.435123e-05
6.847814e-05
7.605234e-05
7.425124e-05
6.694895e-05
5.698644e-05
4.847968e-05
4.353989e-05
4.064348e-05
4.053097e-05
4.463286e-05
4.824135e-05
4.666578e-05
3.979103e-05
2.776962e-05
1.688248e-05
1.248422e-05
1.110325e-05
8.566147e-06
6.606232e-06
6.898876e-06
6.416109e-06
4.537958e-06
-1.713089e-06
-1.186151e-05
-1.713551e-05
-1.471656e-05
-1.181047e-05
-1.652382e-05
-2.552329e-05
-3.136748e-05
-3.488035e-05
-4.166556e-05
-5.167826e-05
-5.672850e-05
-5.082956e-05
-3.866323e-05
-3.077090e-05
-2.995305e-05
-3.219670e-05
-3.212074e-05
-2.975878e-05
-3.063763e-05
-3.365691e-05
-3.335089e-05
-2.513801e-05
-1.195260e-05
-1.019444e-06
7.336553e-06
1.344118e-05
1.888050e-05
2.378983e-05
2.208264e-05
1.769064e-05
2.076073e-05
2.720592e-05
2.860671e-05
2.321175e-05
1.195370e-05
-1.295237e-06
-1.395539e-05
-2.474868e-05
-3.138165e-05
-2.984561e-05
-1.748982e-05
-1.738752e-06
6.515222e-06
3.936654e-06
-5.799593e-06
-2.024930e-05
-4.046671e-05
-6.373923e-05
-8.164269e-05
-8.956890e-05
-9.045671e-05
-8.766318e-05
-8.424099e-05
-8.287972e-05
-8.495488e-05
-9.112917e-05
-1.011464e-04
-1.104961e-04
-1.131995e-04
-1.105664e-04
-1.059702e-04
-1.011949e-04
-9.833665e-05
-9.974956e-05
-1.042426e-04
-1.072726e-04
-1.061737e-04
-9.896407e-05
-8.749225e-05
-7.414707e-05
-6.107971e-05
-5.182581e-05
-4.684107e-05
-4.746947e-05
-5.184182e-05
-5.414578e-05
-5.243222e-05
-4.907704e-05
-4.758918e-05
-4.904741e-05
-5.461289e-05
-6.492504e-05
-7.803905e-05
-9.157264e-05
-1.019849e-04
-1.058678e-04
-1.041976e-04
-1.013539e-04
-9.771129e-05
-9.387566e-05
-9.335991e-05
-9.583281e-05
-1.004251e-04
-1.052568e-04
-1.077149e-04
-1.089334e-04
-1.102404e-04
-1.120415e-04
-1.137112e-04
-1.152514e-04
-1.171038e-04
-1.170410e-04
-1.140123e-04
-1.091591e-04
-1.049098e-04
-1.027663e-04
-9.954959e-05
-9.532756e-05
-9.303886e-05
-9.146716e-05
-9.015954e-05
-8.964959e-05
-8.981104e-05
-9.025684e-05
-8.906646e-05
-8.472410e-05
-7.750616e-05
-6.799929e-05
-5.964831e-05
-5.467560e-05
-5.160415e-05
-5.383709e-05
-6.169107e-05
-7.129099e-05
-8.031674e-05
-8.596154e-05
-8.873890e-05
-9.025296e-05
-9.228422e-05
-9.621725e-05
-1.023524e-04
-1.107362e-04
-1.178146e-04
-1.221132e-04
-1.248769e-04
-1.254158e-04
-1.231733e-04
-1.200019e-04
-1.185417e-04
-1.190580e-04
-1.211346e-04
-1.219460e-04
-1.192366e-04
-1.163152e-04
-1.164114e-04
-1.189041e-04
-1.217782e-04
-1.262902e-04
-1.328468e-04
-1.381599e-04
-1.399705e-04
-1.370858e-04
-1.311292e-04
-1.255661e-04
-1.219718e-04
-1.203619e-04
-1.194071e-04
-1.178411e-04
-1.143131e-04
-1.091176e-04
-1.044124e-04
-1.001676e-04
-9.665479e-05
-9.547764e-05
-9.736481e-05
-1.007587e-04
-1.030631e-04
-1.024407e-04
-9.904962e-05
-9.659960e-05
-9.721634e-05
-1.005453e-04
-1.059094e-04
-1.122959e-04
-1.189213e-04
-1.238648e-04
-1.244347e-04
-1.194221e-04
-1.120493e-04
-1.059669e-04
-1.027710e-04
-1.038991e-04
-1.090104e-04
-1.146484e-04
-1.170661e-04
-1.157338e-04
-1.113691e-04
-1.040316e-04
-9.542645e-05
-8.969101e-05
-9.026276e-05
-9.658434e-05
-1.049555e-04
-1.130295e-04
-1.181178e-04
-1.172976e-04
-1.125337e-04
-1.057773e-04
-9.943156e-05
-9.611341e-05
-9.455153e-05
-9.399351e-05
-9.282579e-05
-8.976526e-05
-8.593917e-05
-8.333526e-05
-8.356944e-05
-8.516028e-05
-8.768691e-05
-9.246897e-05
-9.910228e-05
-1.063673e-04
-1.125290e-04
-1.155108e-04
-1.157937e-04
-1.162471e-04
-1.169110e-04
-1.159480e-04
-1.132438e-04
-1.109876e-04
-1.110137e-04
-1.123353e-04
-1.135739e-04
-1.126072e-04
-1.087272e-04
-1.034189e-04
-9.586241e-05
-8.789827e-05
-8.370178e-05
-8.309070e-05
-8.511455e-05
-8.897007e-05
-9.190463e-05
-9.116455e-05
-8.633635e-05
-7.917622e-05
-7.168747e-05
-6.807815e-05
-7.090427e-05
-7.666580e-05
-8.176510e-05
-8.505445e-05
-8.546995e-05
-8.252905e-05
-7.772434e-05
-7.287203e-05
-6.850989e-05
-6.638046e-05
-6.806626e-05
-7.212868e-05
-7.564411e-05
-7.678928e-05
-7.588512e-05
-7.333504e-05
-6.847135e-05
-6.204434e-05
-5.887220e-05
-6.112588e-05
-6.449935e-05
-6.556869e-05
-6.403658e-05
-6.223133e-05
-6.245826e-05
-6.338174e-05
-6.379116e-05
-6.595203e-05
-7.209397e-05
-7.952789e-05
-8.282492e-05
-8.085278e-05
-7.650336e-05
-7.324589e-05
-7.293178e-05
-7.410347e-05
-7.613170e-05
-7.959347e-05
-8.354219e-05
-8.573308e-05
-8.390892e-05
-7.870779e-05
-7.179297e-05
-6.436164e-05
-5.917832e-05
-5.853524e-05
-6.128090e-05
-6.519372e-05
-6.869936e-05
-7.001747e-05
-6.913819e-05
-6.711381e-05
-6.440386e-05
-6.095559e-05
-5.705525e-05
-5.450684e-05
-5.347880e-05
-5.245388e-05
-5.101688e-05
-4.915113e-05
-4.808572e-05
-4.893191e-05
-5.003960e-05
-4.975855e-05
-4.857518e-05
-4.764668e-05
-4.710871e-05
-4.654809e-05
-4.630312e-05
-4.613377e-05
-4.526032e-05
-4.540868e-05
-4.690415e-05
-4.736334e-05
-4.679539e-05
-4.538547e-05
-4.445215e-05
-4.493236e-05
-4.493909e-05
-4.472684e-05
-4.482691e-05
-4.444939e-05
-4.319878e-05
-4.100252e-05
-3.911410e-05
-3.863559e-05
-3.922303e-05
-4.097090e-05
-4.378427e-05
-4.726694e-05
-4.973038e-05
-4.881947e-05
-4.512548e-05
-4.020429e-05
-3.621470e-05
-3.521551e-05
-3.684344e-05
-3.973195e-05
-4.223189e-05
-4.313503e-05
-4.190921e-05
-3.864968e-05
-3.452510e-05
-3.076684e-05
-2.834967e-05
-2.848260e-05
-3.086758e-05
-3.363204e-05
-3.562268e-05
-3.602965e-05
-3.502460e-05
-3.292047e-05
-2.952234e-05
-2.694793e-05
-2.692614e-05
-2.838937e-05
-2.954970e-05
-2.985157e-05
-2.983914e-05
-2.937212e-05
-2.839281e-05
-2.642495e-05
-2.257021e-05
-1.721126e-05
-1.169607e-05
-6.412350e-06
-1.441540e-06
8.109713e-07
4.965928e-07
-2.900120e-07
-2.812961e-06
-7.538137e-06
-1.294164e-05
-1.812519e-05
-2.243755e-05
-2.557446e-05
-2.858186e-05
-3.220998e-05
-3.460503e-05
-3.418644e-05
-3.253578e-05
-3.103303e-05
-2.944258e-05
-2.796917e-05
-2.685677e-05
-2.680606e-05
-2.825431e-05
-3.059480e-05
-3.328302e-05
-3.544528e-05
-3.630837e-05
-3.538206e-05
-3.255684e-05
-2.944558e-05
-2.783512e-05
-2.774046e-05
-2.917906e-05
-3.160568e-05
-3.429315e-05
-3.669241e-05
-3.657143e-05
-3.356333e-05
-2.901223e-05
-2.396058e-05
-2.037355e-05
-1.897820e-05
-1.858137e-05
-1.850311e-05
-1.942118e-05
-2.095063e-05
-2.113945e-05
-1.940148e-05
-1.686010e-05
-1.410558e-05
-1.227056e-05
-1.287137e-05
-1.441440e-05
-1.502096e-05
-1.509971e-05
-1.449283e-05
-1.280016e-05
-1.105268e-05
-9.499943e-06
-8.059742e-06
-7.242900e-06
-7.263512e-06
-7.649968e-06
-8.033884e-06
-8.959511e-06
-9.482266e-06
-8.821864e-06
-7.588602e-06
-6.153234e-06
-5.780786e-06
-6.750212e-06
-8.082745e-06
-9.693779e-06
-1.099096e-05
-1.075122e-05
-8.853099e-06
-6.496546e-06
-5.604679e-06
-7.051886e-06
-9.927936e-06
-1.309818e-05
-1.571293e-05
-1.648390e-05
-1.420723e-05
-9.515544e-06
-6.065198e-06
-6.412436e-06
-9.397285e-06
-1.390907e-05
-1.907844e-05
-2.318473e-05
-2.496619e-05
-2.419810e-05
-2.121829e-05
-1.754506e-05
-1.565301e-05
-1.603211e-05
-1.723117e-05
-1.820442e-05
-1.816630e-05
-1.665637e-05
-1.459929e-05
-1.294386e-05
-1.230820e-05
-1.365144e-05
-1.688346e-05
-2.061973e-05
-2.311076e-05
-2.376918e-05
-2.184240e-05
-1.649954e-05
-1.051555e-05
-6.564157e-06
-4.551926e-06
-3.858019e-06
-4.328216e-06
-5.575101e-06
-5.391831e-06
-2.336634e-06
1.467591e-06
3.708300e-06
4.596213e-06
4.291801e-06
2.322189e-06
-1.501387e-06
-6.102083e-06
-8.568051e-06
-7.948838e-06
-6.083317e-06
-5.005669e-06
-5.653676e-06
-7.520231e-06
-9.066011e-06
-9.115496e-06
-7.875116e-06
-5.228641e-06
-9.635581e-07
3.352138e-06
5.663256e-06
5.410988e-06
3.789268e-06
1.308099e-06
-1.579897e-06
-3.316298e-06
-4.040986e-06
-3.865685e-06
-3.222472e-06
-3.727361e-06
-4.936394e-06
-5.950259e-06
-6.986350e-06
-8.122666e-06
-8.541382e-06
-7.382290e-06
-4.560424e-06
-5.411379e-07
3.017363e-06
5.051406e-06
5.875178e-06
5.399105e-06
3.751399e-06
1.699370e-06
8.229694e-08
-6.777640e-07
-2.845543e-07
1.509942e-06
2.923382e-06
2.801368e-06
2.289185e-06
1.472682e-06
1.086616e-06
2.008246e-06
3.015918e-06
3.829984e-06
5.149570e-06
6.795737e-06
8.115656e-06
7.984873e-06
5.675699e-06
2.980277e-06
1.932527e-06
1.719966e-06
2.287354e-06
4.199384e-06
6.169258e-06
7.666802e-06
8.349182e-06
7.427381e-06
5.260565e-06
3.341633e-06
3.286795e-06
4.871761e-06
7.162931e-06
9.336196e-06
1.047772e-05
1.104452e-05
1.114001e-05
1.011345e-05
8.335997e-06
7.067166e-06
7.409901e-06
9.206403e-06
1.097507e-05
1.152926e-05
1.114313e-05
1.049590e-05
9.610832e-06
8.021971e-06
6.681715e-06
6.886526e-06
7.560896e-06
7.768561e-06
7.984166e-06
8.822008e-06
1.018022e-05
1.153006e-05
1.292436e-05
1.449193e-05
1.586783e-05
1.651108e-05
1.660117e-05
1.659767e-05
1.647276e-05
1.590413e-05
1.467008e-05
1.309835e-05
1.166080e-05
1.074577e-05
1.003060e-05
9.196668e-06
8.602495e-06
8.330965e-06
8.889217e-06
1.017231e-05
1.129099e-05
1.230696e-05
1.330634e-05
1.447717e-05
1.606304e-05
1.744310e-05
1.823443e-05
1.866333e-05
1.884742e-05
1.837672e-05
1.700028e-05
1.524317e-05
1.405827e-05
1.420264e-05
1.482698e-05
1.477046e-05
1.418193e-05
1.381179e-05
1.376110e-05
1.367606e-05
1.393919e-05
1.462103e-05
1.557263e-05
1.652763e-05
1.692951e-05
1.653428e-05
1.535960e-05
1.393147e-05
1.244597e-05
1.164751e-05
1.202026e-05
1.249317e-05
1.280141e-05
1.336011e-05
1.417731e-05
1.504255e-05
1.571429e-05
1.596908e-05
1.574172e-05
1.531949e-05
1.479487e-05
1.410930e-05
1.382383e-05
1.394856e-05
1.369711e-05
1.350972e-05
1.372047e-05
1.411688e-05
1.500641e-05
1.584973e-05
1.594177e-05
1.585505e-05
1.615099e-05
1.621114e-05
1.566229e-05
1.491300e-05
1.416580e-05
1.390848e-05
1.442312e-05
1.505491e-05
1.509038e-05
1.466002e-05
1.426687e-05
1.367439e-05
1.278778e-05
1.205111e-05
1.188954e-05
1.285012e-05
1.454642e-05
1.539802e-05
1.471460e-05
1.329307e-05
1.187378e-05
1.091876e-05
1.062463e-05
1.095268e-05
1.203038e-05
1.364560e-05
1.527283e-05
1.626089e-05
1.609972e-05
1.488476e-05
1.355470e-05
1.310131e-05
1.357479e-05
1.460430e-05
1.565412e-05
1.635889e-05
1.672041e-05
1.637389e-05
1.510196e-05
1.353890e-05
1.265444e-05
1.270388e-05
1.279982e-05
1.226885e-05
1.135240e-05
1.034296e-05
9.434405e-06
8.879770e-06
8.975896e-06
9.782091e-06
1.092535e-05
1.184211e-05
1.226358e-05
1.272058e-05
1.369743e-05
1.511949e-05
1.682443e-05
1.840469e-05
1.906478e-05
1.834795e-05
1.639142e-05
1.323044e-05
9.570889e-06
6.812875e-06
5.565959e-06
5.682131e-06
6.452137e-06
6.912904e-06
6.528690e-06
5.587516e-06
4.791248e-06
4.658620e-06
5.889847e-06
8.817123e-06
1.301156e-05
1.734738e-05
2.024907e-05
2.097631e-05
1.984064e-05
1.739893e-05
1.422163e-05
1.097582e-05
8.158501e-06
6.064902e-06
4.539535e-06
3.166316e-06
1.994086e-06
1.361675e-06
1.414407e-06
2.265704e-06
4.033142e-06
6.297444e-06
8.556576e-06
1.041064e-05
1.123517e-05
1.071760e-05
9.116958e-06
7.278639e-06
6.068528e-06
6.038705e-06
7.170176e-06
8.559360e-06
9.513388e-06
9.858139e-06
9.496624e-06
8.732727e-06
8.172585e-06
8.199424e-06
8.726036e-06
9.212837e-06
9.273924e-06
8.980034e-06
8.527702e-06
8.035948e-06
7.139454e-06
6.167360e-06
6.057009e-06
6.402269e-06
6.516395e-06
6.097899e-06
5.030764e-06
3.893883e-06
3.158157e-06
2.689561e-06
2.309880e-06
2.354159e-06
2.956781e-06
3.595258e-06
4.090145e-06
4.687780e-06
5.430179e-06
6.022153e-06
6.004153e-06
5.197189e-06
4.013264e-06
2.866192e-06
1.789382e-06
1.076105e-06
1.095084e-06
1.662827e-06
2.284800e-06
2.766358e-06
2.854470e-06
2.386437e-06
1.692163e-06
6.543293e-07
-8.162006e-07
-2.053725e-06
-2.299621e-06
-1.501911e-06
9.097515e-08
2.162828e-06
3.803957e-06
4.514958e-06
4.367148e-06
3.542457e-06
2.536548e-06
1.674008e-06
1.258995e-06
1.474225e-06
2.087954e-06
2.826793e-06
3.284402e-06
3.232950e-06
2.792381e-06
2.060068e-06
1.410837e-06
1.162857e-06
1.042401e-06
8.777970e-07
7.236037e-07
5.899608e-07
4.285622e-07
1.084973e-09
-7.634707e-07
-1.662915e-06
-2.432022e-06
-2.753878e-06
-2.469170e-06
-1.676340e-06
-4.632236e-07
1.065244e-06
2.416838e-06
3.121811e-06
3.046881e-06
2.336066e-06
1.429860e-06
8.399477e-07
7.795624e-07
9.101291e-07
8.143533e-07
1.334764e-07
-1.331114e-06
-3.258561e-06
-5.312987e-06
-7.107710e-06
-8.053417e-06
-8.031789e-06
-7.046679e-06
-5.198356e-06
-3.201762e-06
-1.597786e-06
-7.372925e-07
-6.381188e-07
-9.133055e-07
-1.478779e-06
-1.939867e-06
-1.995724e-06
-1.940019e-06
-1.849786e-06
-1.790255e-06
-1.896607e-06
-2.188525e-06
-2.533535e-06
-2.691184e-06
-2.575234e-06
-2.253953e-06
-2.036591e-06
-2.047636e-06
-2.112667e-06
-1.918013e-06
-1.220428e-06
-3.890696e-07
3.462187e-07
1.059377e-06
1.572250e-06
1.692230e-06
1.187492e-06
-1.316445e-07
-1.919413e-06
-3.484316e-06
-4.349427e-06
-4.334661e-06
-3.756743e-06
-3.008289e-06
-2.265287e-06
-1.873526e-06
-1.934861e-06
-2.313833e-06
-2.907611e-06
-3.433860e-06
-3.770994e-06
-3.909525e-06
-3.724491e-06
-3.320347e-06
-2.968173e-06
-2.840036e-06
-3.013330e-06
-3.447331e-06
-3.800505e-06
-3.921686e-06
-4.002875e-06
-3.978875e-06
-3.888875e-06
-3.827272e-06
-3.815078e-06
-3.908670e-06
-4.017960e-06
-4.080049e-06
-3.841422e-06
-3.320962e-06
-2.858420e-06
-2.463947e-06
-2.162696e-06
-2.084428e-06
-2.308984e-06
-2.714240e-06
-3.067712e-06
-3.212282e-06
-2.883019e-06
-2.039498e-06
-9.523305e-07
9.669917e-08
7.287447e-07
7.035870e-07
5.315092e-08
-9.786766e-07
-2.090892e-06
-2.934652e-06
-3.062221e-06
-2.501623e-06
-1.640506e-06
-8.816396e-07
-5.780062e-07
-7.560523e-07
-1.271816e-06
-1.937606e-06
-2.577177e-06
-2.884268e-06
-2.624066e-06
-1.975457e-06
-1.225709e-06
-7.916646e-07
-7.988126e-07
-1.014944e-06
-1.432523e-06
-1.981771e-06
-2.486135e-06
-2.875380e-06
-3.158724e-06
-3.439014e-06
-3.814451e-06
-4.242767e-06
-4.529159e-06
-4.569819e-06
-4.392200e-06
-3.969331e-06
-3.332902e-06
-2.683569e-06
-2.242926e-06
-2.068599e-06
-2.083864e-06
-2.262241e-06
-2.585831e-06
-3.010631e-06
-3.454572e-06
-3.722286e-06
-3.717509e-06
-3.564125e-06
-3.390978e-06
-3.230950e-06
-3.110678e-06
-3.078325e-06
-3.071482e-06
-3.024410e-06
-2.981296e-06
-2.847164e-06
-2.572511e-06
-2.299311e-06
-2.097702e-06
-1.959212e-06
-1.842748e-06
-1.640427e-06
-1.359251e-06
-1.173114e-06
-1.146799e-06
-1.217922e-06
-1.324988e-06
-1.453126e-06
-1.644282e-06
-1.877065e-06
-2.082198e-06
-2.165025e-06
-2.079833e-06
-1.908828e-06
-1.772536e-06
-1.707530e-06
-1.673867e-06
-1.686628e-06
-1.733339e-06
-1.771255e-06
-1.759884e-06
-1.696385e-06
-1.689025e-06
-1.853683e-06
-2.194792e-06
-2.559226e-06
-2.829496e-06
-2.973120e-06
-2.908112e-06
-2.645831e-06
-2.302659e-06
-1.989356e-06
-1.831443e-06
-1.868982e-06
-2.040368e-06
-2.275810e-06
-2.487963e-06
-2.593940e-06
-2.518931e-06
-2.256416e-06
-1.916365e-06
-1.605022e-06
-1.409473e-06
-1.337794e-06
-1.288855e-06
-1.243516e-06
-1.239918e-06
-1.256130e-06
-1.304612e-06
-1.449259e-06
-1.697069e-06
-2.016470e-06
-2.362686e-06
-2.613222e-06
-2.732727e-06
-2.755101e-06
-2.665688e-06
-2.497160e-06
-2.316203e-06
-2.263442e-06
-2.352982e-06
-2.443892e-06
-2.506373e-06
-2.518815e-06
-2.478907e-06
-2.400504e-06
-2.287445e-06
-2.186498e-06
-2.107255e-06
-2.076713e-06
-2.096277e-06
-2.086874e-06
-1.996239e-06
-1.851376e-06
-1.707041e-06
-1.588648e-06
-1.511204e-06
-1.472905e-06
-1.440120e-06
-1.408974e-06
-1.395908e-06
-1.338559e-06
-1.191731e-06
-1.084511e-06
-1.134098e-06
-1.254491e-06
-1.333537e-06
-1.328326e-06
-1.239898e-06
-1.160912e-06
-1.110645e-06
-1.049162e-06
-1.022639e-06
-1.092038e-06
-1.286388e-06
-1.529227e-06
-1.697115e-06
-1.736522e-06
-1.685240e-06
-1.597619e-06
-1.469125e-06
-1.344909e-06
-1.307605e-06
-1.408040e-06
-1.604191e-06
-1.755019e-06
-1.773900e-06
-1.661083e-06
-1.473164e-06
-1.281863e-06
-1.109010e-06
-9.885480e-07
-1.023595e-06
-1.232894e-06
-1.508843e-06
-1.750945e-06
-1.902130e-06
-1.958977e-06
-1.960786e-06
-1.923493e-06
-1.828366e-06
-1.696583e-06
-1.576212e-06
-1.492167e-06
-1.436602e-06
-1.379999e-06
-1.330598e-06
-1.310202e-06
-1.339662e-06
-1.406296e-06
-1.472850e-06
-1.547856e-06
-1.618098e-06
-1.657844e-06
-1.615580e-06
-1.492077e-06
-1.332300e-06
-1.133785e-06
-9.399876e-07
-7.632912e-07
-6.099845e-07
-5.494583e-07
-5.863243e-07
-6.357825e-07
-6.598165e-07
-6.769899e-07
-6.527366e-07
-5.787918e-07
-5.037468e-07
-4.387340e-07
-3.894972e-07
-3.839498e-07
-4.198169e-07
-4.708043e-07
-5.269962e-07
-5.880458e-07
-6.226443e-07
-6.197587e-07
-6.020855e-07
-5.564035e-07
-4.965371e-07
-4.451555e-07
-4.060322e-07
-3.664056e-07
-2.859564e-07
-1.821666e-07
-1.154547e-07
-1.254407e-07
-1.791280e-07
-2.268036e-07
-2.770050e-07
-3.300472e-07
-3.744384e-07
-3.988095e-07
-3.994232e-07
-3.842014e-07
-3.576130e-07
-3.338290e-07
-3.287691e-07
-3.490541e-07
-3.891089e-07
-4.419083e-07
-4.837681e-07
-4.982422e-07
-5.003483e-07
-5.048896e-07
-5.398928e-07
-6.011108e-07
-6.602994e-07
-7.321835e-07
-8.133430e-07
-8.664354e-07
-8.860856e-07
-8.682789e-07
-8.079534e-07
-7.489919e-07
-7.169381e-07
-6.890182e-07
-6.640630e-07
-6.456548e-07
-6.118083e-07
-5.693248e-07
-5.384562e-07
-5.115546e-07
-4.731076e-07
-4.288607e-07
-3.887963e-07
-3.484299e-07
-3.189067e-07
-2.831063e-07
-2.175674e-07
-1.574254e-07
-1.180753e-07
-7.783670e-08
-3.015935e-08
1.384060e-08
4.685250e-08
5.684442e-08
3.041401e-08
-1.387978e-08
-5.238419e-08
-8.945696e-08
-1.297261e-07
-1.733735e-07
-2.234981e-07
-2.658723e-07
-2.747962e-07
-2.433041e-07
-1.900721e-07
-1.343828e-07
-8.973718e-08
-6.680329e-08
-8.559745e-08
-1.635970e-07
-2.895205e-07
-4.119987e-07
-4.667214e-07
-4.574494e-07
-4.180232e-07
-3.790043e-07
-3.577612e-07
-3.449435e-07
-3.548251e-07
-3.919269e-07
-4.481051e-07
-4.955445e-07
-5.042008e-07
-4.883466e-07
-4.634542e-07
-4.407475e-07
-4.148278e-07
-3.829710e-07
-3.628346e-07
-3.494294e-07
-3.415131e-07
-3.513651e-07
-3.694165e-07
-3.832151e-07
-3.800443e-07
-3.655573e-07
-3.650511e-07
-3.700043e-07
-3.607812e-07
-3.405565e-07
-3.254562e-07
-3.293717e-07
-3.432691e-07
-3.476686e-07
-3.449717e-07
-3.516300e-07
-3.664822e-07
-3.775416e-07
-3.740853e-07
-3.559073e-07
-3.379686e-07
-3.218011e-07
-3.121527e-07
-3.181437e-07
-3.227335e-07
-3.177221e-07
-3.044386e-07
-2.865937e-07
-2.738582e-07
-2.662644e-07
-2.663878e-07
-2.763740e-07
-2.929079e-07
-3.096982e-07
-3.174590e-07
-3.216027e-07
-3.305563e-07
-3.453045e-07
-3.674734e-07
-3.920104e-07
-4.116655e-07
-4.256072e-07
-4.319211e-07
-4.221228e-07
-3.987096e-07
-3.696506e-07
-3.379793e-07
-3.106614e-07
-2.937951e-07
-2.939050e-07
-3.124120e-07
-3.483336e-07
-3.942120e-07
-4.359207e-07
-4.724490e-07
-4.973617e-07
-5.053578e-07
-5.046605e-07
-4.989508e-07
-4.860457e-07
-4.657234e-07
-4.470111e-07
-4.410331e-07
-4.527786e-07
-4.740989e-07
-4.914853e-07
-5.039988e-07
-5.194156e-07
-5.360066e-07
-5.466805e-07
-5.522186e-07
-5.520726e-07
-5.496477e-07
-5.503439e-07
-5.518477e-07
-5.549619e-07
-5.617535e-07
-5.725775e-07
-5.846462e-07
-5.963917e-07
-6.058132e-07
-6.050870e-07
-5.956119e-07
-5.852933e-07
-5.749875e-07
-5.642420e-07
-5.546331e-07
-5.483587e-07
-5.496157e-07
-5.593679e-07
-5.681752e-07
-5.702687e-07
-5.717002e-07
-5.747646e-07
-5.764956e-07
-5.780880e-07
-5.821525e-07
-5.899184e-07
-6.012339e-07
-6.139305e-07
-6.253486e-07
-6.340113e-07
-6.384463e-07
-6.362958e-07
-6.309526e-07
-6.248999e-07
-6.157998e-07
-6.086952e-07
-6.067405e-07
-6.087585e-07
-6.145061e-07
-6.213335e-07
-6.254248e-07
-6.245234e-07
-6.222417e-07
-6.209886e-07
-6.237490e-07
-6.336916e-07
-6.465996e-07
-6.585289e-07
-6.682095e-07
-6.756687e-07
-6.795543e-07
-6.791155e-07
-6.790317e-07
-6.854625e-07
-6.996296e-07
-7.169181e-07
-7.316516e-07
-7.406731e-07
-7.439909e-07
-7.408640e-07
-7.327797e-07
-7.251787e-07
-7.192649e-07
-7.156062e-07
-7.151715e-07
-7.156586e-07
-7.150758e-07
-7.132510e-07
-7.093164e-07
-7.025054e-07
-6.962308e-07
-6.948864e-07
-7.003857e-07
-7.103400e-07
-7.195363e-07
-7.253091e-07
-7.281594e-07
-7.312196e-07
-7.346587e-07
-7.358233e-07
-7.372543e-07
-7.429330e-07
-7.534622e-07
-7.662500e-07
-7.756872e-07
-7.796540e-07
-7.795759e-07
-7.770029e-07
-7.744155e-07
-7.716476e-07
-7.682871e-07
-7.665685e-07
-7.685999e-07
-7.726025e-07
-7.742979e-07
-7.736477e-07
-7.730795e-07
-7.744447e-07
-7.777998e-07
-7.810248e-07
-7.844383e-07
-7.895144e-07
-7.959943e-07
-8.014575e-07
-8.035152e-07
-8.026651e-07
-8.011644e-07
-8.014212e-07
-8.036410e-07
-8.066131e-07
-8.099698e-07
-8.138278e-07
-8.182813e-07
-8.211248e-07
-8.205122e-07
-8.176537e-07
-8.153039e-07
-8.151278e-07
-8.154326e-07
-8.154751e-07
-8.162042e-07
-8.174783e-07
-8.193692e-07
-8.214176e-07
-8.225261e-07
-8.229824e-07
-8.239114e-07
-8.253660e-07
-8.265121e-07
-8.272303e-07
-8.275812e-07
-8.281667e-07
-8.296357e-07
-8.313341e-07
-8.329721e-07
-8.349831e-07
-8.370786e-07
-8.380260e-07
-8.381591e-07
-8.382647e-07
-8.380733e-07
-8.379958e-07
-8.380729e-07
-8.383013e-07
-8.391726e-07
-8.407685e-07
-8.427549e-07
-8.447689e-07
-8.469327e-07
-8.488976e-07
-8.501918e-07
-8.510451e-07
-8.515476e-07
-8.518360e-07
-8.522685e-07
-8.528883e-07
-8.538459e-07
-8.553682e-07
-8.571354e-07
-8.585213e-07
-8.593070e-07
-8.596455e-07
-8.598574e-07
-8.603505e-07
-8.611228e-07
-8.621809e-07
-8.635149e-07
-8.647571e-07
-8.658054e-07
-8.665911e-07
-8.671003e-07
-8.673009e-07
-8.675914e-07
-8.684794e-07
-8.696295e-07
-8.707527e-07
-8.718654e-07
-8.728621e-07
-8.736603e-07
-8.742651e-07
-8.748489e-07
-8.756138e-07
-8.766731e-07
-8.779661e-07
-8.792996e-07
-8.804719e-07
-8.814782e-07
-8.823011e-07
-8.829237e-07
-8.835883e-07
-8.842856e-07
-8.849810e-07
-8.858083e-07
-8.865687e-07
-8.870697e-07
-8.874221e-07
-8.878235e-07
-8.884307e-07
-8.892106e-07
-8.900904e-07
-8.911114e-07
-8.921927e-07
-8.931750e-07
-8.940873e-07
-8.949523e-07
-8.957516e-07
-8.964596e-07
-8.970970e-07
-8.977548e-07
-8.984274e-07
-8.991909e-07
-9.000361e-07
-9.008016e-07
-9.015029e-07
-9.022476e-07
-9.031200e-07
-9.040897e-07
-9.050764e-07
-9.060651e-07
-9.070501e-07
-9.079935e-07
-9.088551e-07
-9.096133e-07
-9.103556e-07
-9.111280e-07
-9.119241e-07
-9.127615e-07
-9.136191e-07
-9.145217e-07
-9.154601e-07
-9.163695e-07
-9.172342e-07
-9.180763e-07
-9.189227e-07
-9.197658e-07
-9.206044e-07
-9.214368e-07
-9.222829e-07
-9.231661e-07
-9.240564e-07
-9.249158e-07
-9.257434e-07
-9.265655e-07
-9.273886e-07
-9.282197e-07
-9.290637e-07
-9.299000e-07
-9.307361e-07
-9.315692e-07
-9.323873e-07
-9.332132e-07
-9.340618e-07
-9.349188e-07
-9.357749e-07
-9.366332e-07
-9.374950e-07
-9.383607e-07
-9.392202e-07
-9.400713e-07
-9.409166e-07
-9.417670e-07
-9.426266e-07
-9.434877e-07
-9.443508e-07
-9.452175e-07
-9.460867e-07
-9.469538e-07
-9.478149e-07
-9.486676e-07
-9.495175e-07
-9.503700e-07
-9.512305e-07
-9.520969e-07
-9.529639e-07
-9.538291e-07
-9.546937e-07
-9.555566e-07
-9.564144e-07
-9.572663e-07
-9.581162e-07
-9.589650e-07
-9.598143e-07
-9.606632e-07
-9.615120e-07
-9.623604e-07
-9.632093e-07
-9.640571e-07
-9.649040e-07
-9.657506e-07
-9.665965e-07
-9.674404e-07
-9.682832e-07
-9.691250e-07
-9.699658e-07
-9.708054e-07
-9.716441e-07
-9.724817e-07
-9.733181e-07
-9.741536e-07
-9.749880e-07
-9.758213e-07
-9.766538e-07
-9.774853e-07
-9.783156e-07
-9.791450e-07
-9.799733e-07
-9.808006e-07
-9.816269e-07
-9.824522e-07
-9.832765e-07
-9.840997e-07
-9.849218e-07
-9.857429e-07
-9.865628e-07
-9.873817e-07
-9.881996e-07
-9.890163e-07
-9.898320e-07
-9.906466e-07
-9.914601e-07
