0.28098,0.16851,0.18694,0.30054,0.081062,0.25018,0.14002,0.17478,0.25775,0.419,0.039883,0.077905,0.13553,0.14778,0.24401,0.23386,0.10798,0.060955,0.063691,0.15266,0.086258,0.12069,0.072733,0.11634,0.057143,0.13602,0.095816,0.29164,0.23697,0.15239,0.10828,0.25516,0.25325,0.091122,0.14826,0.068089,0.068987,0.28864,0.18616
0.2815,0.17407,0.18763,0.30274,0.08156,0.25028,0.1402,0.17868,0.2583,0.42067,0.040111,0.078702,0.13725,0.14971,0.24554,0.23423,0.10813,0.061889,0.064541,0.1544,0.087012,0.12069,0.07302,0.11648,0.057194,0.13656,0.09607,0.31008,0.23657,0.15755,0.10964,0.27296,0.26083,0.092715,0.14919,0.069276,0.070206,0.29255,0.19121
0.28252,0.1939,0.18629,0.30415,0.081333,0.28635,0.13958,0.18447,0.25945,0.42251,0.040315,0.078421,0.1494,0.14887,0.25897,0.23444,0.10866,0.067038,0.06518,0.1612,0.089013,0.12899,0.073423,0.11687,0.058274,0.13841,0.10077,0.36134,0.25584,0.18918,0.11509,0.26235,0.25867,0.096063,0.15123,0.069383,0.076517,0.30208,0.19139
0.28414,0.21093,0.19963,0.30315,0.080916,0.25266,0.14501,0.1923,0.26149,0.42697,0.040739,0.079633,0.14836,0.14833,0.28431,0.23556,0.10855,0.065783,0.067943,0.17109,0.091824,0.13711,0.074117,0.11704,0.059051,0.1427,0.11029,0.47944,0.31228,0.30745,0.12727,0.30668,0.26328,0.10862,0.16467,0.083334,0.079653,0.29142,0.19856
0.285,0.22055,0.24598,0.30539,0.081811,0.2603,0.14755,0.19163,0.26381,0.44242,0.041217,0.087483,0.16726,0.15362,0.26811,0.23744,0.10967,0.077767,0.079332,0.16809,0.10367,0.12661,0.077254,0.11769,0.062953,0.15001,0.11559,0.42144,0.3533,0.27719,0.15712,0.41662,0.28202,0.12203,0.17201,0.10225,0.09912,0.30844,0.20859
0.32752,0.28627,0.28101,0.33166,0.084476,0.29765,0.14782,0.2325,0.26209,0.44148,0.044198,0.10073,0.18348,0.15148,0.39287,0.24351,0.11002,0.090599,0.080366,0.18644,0.10158,0.15167,0.077375,0.11769,0.067757,0.14713,0.13647,0.42385,0.39074,0.35829,0.16553,0.35723,0.30271,0.16566,0.18354,0.0915,0.10344,0.29322,0.22059
0.3618,0.38229,0.30508,0.38192,0.087152,0.35588,0.16033,0.24621,0.27004,0.48674,0.045332,0.10224,0.2937,0.15538,0.3803,0.24684,0.10921,0.078842,0.096204,0.2116,0.10555,0.17281,0.083903,0.11961,0.074835,0.14569,0.14893,0.49465,0.43116,0.41812,0.14887,0.31635,0.31904,0.15493,0.17643,0.10971,0.1249,0.32722,0.25899
0.43547,0.36194,0.44321,0.40297,0.081425,0.37619,0.15271,0.3133,0.27777,0.4588,0.053767,0.10628,0.30899,0.15648,0.34071,0.27014,0.11059,0.088694,0.10515,0.23446,0.16266,0.18424,0.083215,0.11889,0.06516,0.16295,0.13589,0.55345,0.52248,0.48758,0.1386,0.34672,0.32023,0.12786,0.17631,0.13833,0.15964,0.31002,0.25089
0.50791,0.43025,0.52374,0.4408,0.10361,0.53122,0.16437,0.2839,0.27373,0.498,0.05353,0.11561,0.30139,0.17432,0.4531,0.28488,0.11131,0.10638,0.10771,0.26302,0.15206,0.2088,0.093208,0.12235,0.064154,0.1714,0.15989,0.6793,0.47486,0.6349,0.15973,0.45382,0.37107,0.15587,0.20235,0.16005,0.19244,0.38097,0.25735
0.56022,0.44098,0.56179,0.4685,0.10094,0.39958,0.16117,0.30083,0.31787,0.52646,0.05262,0.1279,0.33612,0.182,0.39343,0.26143,0.10972,0.098532,0.13203,0.21572,0.19132,0.26449,0.092617,0.12636,0.076579,0.16932,0.16502,0.66845,0.5306,0.54542,0.17218,0.48127,0.45558,0.19327,0.25963,0.1962,0.20528,0.39259,0.32969
0.57722,0.4693,0.44594,0.4849,0.09744,0.35838,0.16432,0.46504,0.31243,0.4883,0.071683,0.1286,0.3678,0.1841,0.46322,0.28233,0.11088,0.10976,0.10827,0.21227,0.14407,0.2996,0.10184,0.12421,0.070304,0.18297,0.16974,0.6738,0.67253,0.51313,0.19663,0.59746,0.62183,0.1628,0.29939,0.15408,0.21882,0.4906,0.35747
0.72543,0.49502,0.49618,0.5003,0.11135,0.4336,0.20064,0.57165,0.38528,0.60849,0.070443,0.12925,0.41306,0.19688,0.66218,0.25471,0.1095,0.11959,0.11634,0.23303,0.14078,0.23737,0.1173,0.13204,0.06757,0.20609,0.17646,0.61081,0.63482,0.44663,0.20179,0.48629,0.67729,0.16253,0.28066,0.16169,0.23431,0.41154,0.3428
0.81206,0.44867,0.48425,0.58396,0.13041,0.49629,0.20777,0.59393,0.40484,0.57383,0.065477,0.15212,0.46951,0.20302,0.84326,0.26405,0.11464,0.15226,0.11617,0.25898,0.18092,0.21846,0.11653,0.14253,0.090558,0.18841,0.20949,0.48075,0.63632,0.38226,0.24964,0.52225,0.64554,0.18754,0.31002,0.15565,0.20314,0.40743,0.35595
0.70684,0.43176,0.40108,0.54736,0.17157,0.50249,0.19863,0.51176,0.43976,0.62287,0.078285,0.17987,0.58779,0.18379,0.78505,0.29908,0.10904,0.19803,0.11931,0.27012,0.23409,0.2664,0.1219,0.13704,0.078429,0.24745,0.19795,0.45309,0.64124,0.38009,0.24541,0.55516,0.66992,0.19643,0.33723,0.16855,0.22378,0.51088,0.37448
0.62019,0.49537,0.42188,0.56141,0.19233,0.53456,0.18034,0.52037,0.35798,0.65233,0.09433,0.16963,0.57128,0.19779,0.80799,0.2629,0.1094,0.22523,0.13112,0.28584,0.2133,0.23135,0.12327,0.13755,0.10461,0.27193,0.18022,0.46963,0.60469,0.46362,0.24042,0.48592,0.62218,0.21807,0.3278,0.14684,0.24664,0.49993,0.37622
0.59455,0.51868,0.4228,0.58059,0.2238,0.55879,0.17686,0.38959,0.35744,0.72672,0.10348,0.18373,0.54408,0.21479,0.93853,0.2765,0.11372,0.21666,0.16967,0.29412,0.26027,0.25106,0.14183,0.14662,0.11096,0.25867,0.18925,0.63795,0.5474,0.42485,0.251,0.44038,0.62095,0.22109,0.32497,0.13971,0.18502,0.41066,0.30338
0.76903,0.54869,0.42058,0.52613,0.23811,0.66571,0.18357,0.3525,0.39965,0.813,0.097344,0.18406,0.47665,0.20257,0.92667,0.3294,0.12199,0.25899,0.21752,0.32172,0.26181,0.31182,0.13965,0.15487,0.11057,0.267,0.16648,0.75283,0.56286,0.38928,0.25445,0.35613,0.61155,0.25146,0.31404,0.14963,0.1755,0.4301,0.32759
0.71329,0.49005,0.37086,0.51811,0.23586,0.79147,0.18983,0.36804,0.43376,0.68624,0.079776,0.1594,0.42939,0.23391,0.75964,0.34758,0.13093,0.2222,0.21515,0.35274,0.33882,0.30054,0.1461,0.15551,0.12553,0.26112,0.17784,0.7722,0.50113,0.37859,0.24537,0.37893,0.70586,0.30743,0.3482,0.12706,0.2014,0.51893,0.33928
0.62386,0.3854,0.3634,0.5933,0.20587,0.81171,0.18976,0.40542,0.43285,0.6648,0.080999,0.15734,0.41198,0.31951,0.63009,0.35405,0.12613,0.2215,0.22418,0.30279,0.3767,0.30843,0.16562,0.14119,0.13756,0.31361,0.19446,0.77303,0.45715,0.39195,0.25023,0.39202,0.86392,0.29103,0.44334,0.14974,0.20168,0.59037,0.3072
0.6181,0.38376,0.37523,0.62451,0.22457,0.81445,0.18648,0.43903,0.45808,0.63365,0.086808,0.15504,0.38815,0.42626,0.62806,0.33837,0.133,0.17148,0.19905,0.29593,0.32577,0.28231,0.1847,0.1503,0.13369,0.31349,0.2253,0.64328,0.4809,0.39663,0.27095,0.47667,0.83993,0.23639,0.38783,0.17743,0.1534,0.70989,0.2675
0.65782,0.44434,0.3909,0.64572,0.23442,0.87112,0.20391,0.45201,0.47295,0.58226,0.097385,0.17699,0.39225,0.46659,0.59191,0.34257,0.12943,0.16267,0.16034,0.34594,0.28391,0.22434,0.15017,0.15698,0.13399,0.32225,0.27974,0.59833,0.51323,0.47976,0.28746,0.59973,0.83535,0.18974,0.47284,0.19984,0.12524,0.87335,0.31782
0.69672,0.38454,0.3993,0.72089,0.24484,0.83701,0.19374,0.43581,0.54088,0.58712,0.096688,0.18624,0.40492,0.46065,0.55376,0.36972,0.13742,0.17854,0.17728,0.35869,0.22363,0.25824,0.1689,0.15328,0.13333,0.38755,0.3344,0.68027,0.46758,0.57332,0.35863,0.57265,0.80014,0.16283,0.48213,0.21677,0.12044,0.81653,0.31939
0.74558,0.43662,0.45429,0.71148,0.24964,0.85751,0.21553,0.39475,0.53309,0.67622,0.092483,0.18525,0.44331,0.35702,0.60213,0.37538,0.14412,0.19279,0.19105,0.34424,0.19225,0.29423,0.16999,0.15393,0.12561,0.42228,0.33287,0.7484,0.51018,0.61857,0.39784,0.45771,0.7737,0.14584,0.43211,0.23031,0.11269,0.77567,0.317
0.79347,0.45526,0.46262,0.68195,0.2435,0.97631,0.23661,0.34078,0.42601,0.75071,0.08312,0.17217,0.51707,0.32402,0.62563,0.3787,0.16444,0.15905,0.1946,0.28529,0.18456,0.33661,0.18544,0.15959,0.10925,0.43345,0.28674,0.81134,0.49667,0.58201,0.42412,0.47011,0.82068,0.11758,0.3729,0.22285,0.1128,0.67542,0.27693
0.81063,0.52316,0.43159,0.64322,0.25394,1.0047,0.2385,0.32662,0.41605,0.74904,0.087759,0.17972,0.5082,0.33089,0.53667,0.37525,0.18512,0.15569,0.22661,0.25977,0.17494,0.32399,0.20434,0.15651,0.11195,0.4339,0.26572,0.91078,0.49222,0.53836,0.45545,0.46198,0.81611,0.11842,0.3886,0.17968,0.10454,0.65588,0.27644
0.79443,0.5185,0.39353,0.62347,0.26117,0.91948,0.23697,0.32504,0.40274,0.72838,0.098516,0.20766,0.55115,0.29467,0.441,0.3594,0.18976,0.15134,0.2279,0.29796,0.17229,0.26755,0.19639,0.16268,0.12572,0.44733,0.25822,0.9811,0.47839,0.47324,0.46836,0.43499,0.98421,0.12334,0.45412,0.13415,0.099844,0.74871,0.29926
0.75665,0.55859,0.39112,0.70837,0.25026,0.80058,0.29442,0.34891,0.46057,0.76204,0.089545,0.19665,0.55368,0.26449,0.55089,0.34842,0.18516,0.1645,0.20723,0.32415,0.22602,0.24339,0.19066,0.18614,0.12212,0.43778,0.23574,1.0237,0.49241,0.43695,0.47282,0.44072,1.1216,0.12297,0.45952,0.11048,0.10874,0.74874,0.34232
0.71239,0.52149,0.38898,0.76249,0.22077,0.67001,0.32462,0.38895,0.5236,0.82597,0.094611,0.18769,0.52261,0.2648,0.67083,0.32074,0.18708,0.19725,0.18716,0.32669,0.26972,0.27145,0.17426,0.20259,0.13094,0.43482,0.21621,1.0807,0.50745,0.49703,0.46553,0.43633,1.0996,0.11658,0.45669,0.12302,0.12382,0.69457,0.43111
0.67708,0.58824,0.38592,0.7748,0.21602,0.56728,0.38843,0.42477,0.51642,0.88698,0.090754,0.17576,0.48742,0.28216,0.68019,0.321,0.19809,0.20753,0.15959,0.33612,0.27172,0.2777,0.19325,0.21338,0.15683,0.40455,0.21029,1.131,0.59426,0.53895,0.41359,0.3991,1.0757,0.11771,0.44148,0.13796,0.13113,0.70569,0.53268
0.64857,0.65002,0.38571,0.76851,0.21806,0.49429,0.4291,0.4529,0.52525,0.93977,0.088737,0.15873,0.46057,0.28593,0.60031,0.3532,0.20221,0.21352,0.18297,0.3255,0.23649,0.28058,0.19598,0.22781,0.1756,0.41771,0.20385,1.1357,0.61062,0.47962,0.34335,0.3868,1.1581,0.1106,0.42894,0.13639,0.13211,0.78425,0.57308
0.6508,0.67226,0.38236,0.84192,0.22584,0.42842,0.45684,0.47447,0.55655,0.99206,0.089305,0.16211,0.45818,0.29788,0.50961,0.38625,0.20183,0.1999,0.18215,0.30447,0.23278,0.29321,0.19402,0.24622,0.18098,0.40679,0.22032,1.0941,0.54967,0.41605,0.29235,0.3957,1.2473,0.11234,0.40854,0.13114,0.12587,0.79042,0.56596
0.66431,0.65677,0.37678,0.85814,0.2729,0.3866,0.48033,0.48845,0.53705,1.0439,0.085722,0.16761,0.49325,0.29659,0.45418,0.39294,0.2042,0.17826,0.19044,0.29871,0.20894,0.29443,0.22648,0.25839,0.1748,0.38231,0.22756,1.0199,0.47106,0.40683,0.27207,0.40814,1.1531,0.11387,0.39108,0.12005,0.12822,0.76254,0.54095
0.62479,0.60852,0.37155,0.80383,0.29827,0.36561,0.48424,0.49736,0.54523,1.0903,0.078192,0.19423,0.54021,0.2858,0.52529,0.4079,0.20728,0.15047,0.20317,0.28274,0.18512,0.28656,0.27754,0.25843,0.17446,0.35514,0.23356,0.92003,0.45405,0.42819,0.28267,0.40682,1.0404,0.11553,0.37719,0.11217,0.11376,0.83482,0.55154
0.5913,0.55495,0.36259,0.82502,0.28779,0.40142,0.47977,0.5001,0.5942,1.1291,0.070429,0.19978,0.55339,0.28886,0.55893,0.44353,0.22214,0.13848,0.20528,0.27052,0.19059,0.25467,0.28045,0.25618,0.17108,0.3329,0.24066,0.82306,0.47288,0.40979,0.28928,0.40338,1.0373,0.11458,0.40144,0.10358,0.11527,0.86145,0.54583
0.59552,0.50174,0.35411,0.84564,0.27078,0.45326,0.47065,0.49518,0.63226,1.1527,0.075319,0.19612,0.5209,0.31159,0.55566,0.4333,0.22367,0.14694,0.21313,0.29066,0.21218,0.22685,0.27904,0.25185,0.15954,0.3522,0.24002,0.72352,0.54774,0.3712,0.30441,0.40934,1.0343,0.10941,0.48111,0.08382,0.1201,0.85754,0.52288
0.66393,0.45559,0.34493,0.8693,0.25767,0.47836,0.43692,0.48672,0.61249,1.1618,0.08856,0.20599,0.47864,0.31257,0.56584,0.40812,0.21528,0.13956,0.22562,0.30565,0.23722,0.21542,0.27945,0.24602,0.1473,0.38739,0.22998,0.61891,0.59667,0.33244,0.30275,0.41745,1.0242,0.10443,0.54677,0.075611,0.11293,0.83049,0.48498
0.70095,0.49574,0.33497,0.89596,0.25249,0.4771,0.37989,0.49111,0.54393,1.1569,0.092027,0.20467,0.44787,0.30616,0.53801,0.3874,0.20632,0.12132,0.22337,0.29901,0.26473,0.20397,0.28907,0.23852,0.1387,0.40635,0.21509,0.51704,0.63046,0.31185,0.29351,0.42019,0.994,0.098452,0.57392,0.07092,0.11499,0.79287,0.45244
0.67129,0.5529,0.32689,0.92197,0.24822,0.45608,0.32135,0.49132,0.47504,1.1444,0.092439,0.19165,0.41973,0.31219,0.48409,0.38783,0.19393,0.10669,0.21895,0.32879,0.27895,0.20301,0.30891,0.24181,0.13434,0.3974,0.20194,0.43672,0.65643,0.3179,0.27972,0.41089,0.91504,0.095235,0.57276,0.076622,0.12164,0.75798,0.44627
0.64175,0.56764,0.33852,0.94303,0.22675,0.4087,0.29165,0.4823,0.496,1.1243,0.092157,0.17629,0.37892,0.333,0.46794,0.38692,0.16969,0.099007,0.20449,0.36499,0.26656,0.19792,0.31831,0.25965,0.13132,0.39182,0.19428,0.40734,0.71029,0.31235,0.26107,0.38351,0.8501,0.097761,0.54527,0.088341,0.13108,0.74595,0.45464
0.60808,0.55816,0.34264,0.95583,0.25068,0.36198,0.30576,0.46252,0.4958,1.0981,0.092818,0.17588,0.37995,0.33053,0.45948,0.37877,0.15188,0.086655,0.18858,0.3991,0.24105,0.19685,0.30887,0.27893,0.12859,0.39875,0.18967,0.38274,0.77205,0.28976,0.24081,0.36957,0.80232,0.098817,0.49367,0.094524,0.13308,0.76692,0.45903
0.5652,0.56277,0.33956,0.95799,0.3073,0.36311,0.33011,0.4382,0.49402,1.1562,0.090289,0.18616,0.39985,0.30111,0.43669,0.35701,0.14496,0.079487,0.16549,0.42259,0.22009,0.19141,0.28642,0.30651,0.12779,0.38717,0.20708,0.3614,0.75969,0.26041,0.22324,0.36071,0.71746,0.096837,0.51292,0.094057,0.12977,0.80843,0.45819
0.57175,0.54793,0.34053,0.94644,0.37105,0.37383,0.34736,0.42563,0.49474,1.2086,0.09957,0.19252,0.36172,0.26493,0.41586,0.35151,0.13487,0.075931,0.14448,0.43383,0.20674,0.22911,0.25948,0.31763,0.12759,0.37156,0.22087,0.3424,0.71182,0.23191,0.23331,0.34509,0.62844,0.094687,0.5829,0.092661,0.12382,0.84553,0.46004
0.64605,0.58343,0.33987,0.94623,0.40519,0.37273,0.32725,0.40965,0.52162,1.2357,0.10343,0.19833,0.34716,0.24914,0.41123,0.36135,0.13979,0.079053,0.14146,0.43753,0.1965,0.24751,0.23395,0.33352,0.12504,0.36461,0.22955,0.32737,0.69947,0.20744,0.2366,0.33893,0.5433,0.094858,0.58457,0.087684,0.12747,0.85985,0.46957
0.74271,0.56633,0.33484,1.0073,0.41589,0.36379,0.33349,0.38963,0.58478,1.2406,0.10246,0.21139,0.35516,0.25015,0.42788,0.39513,0.14,0.082625,0.14725,0.43775,0.18845,0.2498,0.21342,0.33176,0.14227,0.37477,0.2327,0.30955,0.72745,0.22265,0.23114,0.33088,0.47778,0.09825,0.53461,0.079028,0.12707,0.84661,0.4878
0.81321,0.52268,0.32647,0.99704,0.40406,0.3611,0.32838,0.36478,0.62726,1.2274,0.097148,0.2267,0.34242,0.25934,0.45745,0.40512,0.13474,0.084306,0.1605,0.43422,0.17833,0.24612,0.19974,0.31687,0.15868,0.38759,0.23142,0.28779,0.73658,0.22638,0.21988,0.34866,0.43725,0.10495,0.46482,0.0735,0.12686,0.81031,0.51164
0.8387,0.46458,0.31569,0.92,0.36725,0.37129,0.34044,0.33611,0.68524,1.1973,0.088197,0.23847,0.31209,0.2602,0.48933,0.44911,0.14179,0.079539,0.17083,0.42228,0.15728,0.2442,0.19221,0.31272,0.17105,0.39201,0.22648,0.26509,0.69336,0.2137,0.20678,0.34822,0.41592,0.10921,0.44193,0.078461,0.12751,0.76067,0.53576
0.82187,0.4977,0.30335,1.0511,0.31075,0.3887,0.36494,0.31234,0.76974,1.1531,0.07923,0.24387,0.30235,0.24496,0.51037,0.47286,0.14381,0.080681,0.16905,0.40149,0.15477,0.24627,0.19266,0.33629,0.17077,0.37945,0.21904,0.2623,0.6493,0.20941,0.19367,0.36021,0.41015,0.10936,0.42391,0.090883,0.12541,0.70681,0.55278
0.78378,0.51068,0.29069,1.1488,0.25125,0.40299,0.39369,0.29404,0.80023,1.0954,0.085832,0.24112,0.3171,0.22482,0.51617,0.49586,0.15391,0.088559,0.15449,0.37369,0.15882,0.25224,0.19144,0.37758,0.15993,0.3481,0.21208,0.27278,0.65155,0.20407,0.18577,0.37272,0.41015,0.11165,0.38474,0.10085,0.11805,0.67733,0.55653
0.74914,0.49796,0.28749,1.1783,0.21988,0.40775,0.41865,0.27349,0.80702,1.0277,0.088647,0.23274,0.32549,0.21221,0.50406,0.52626,0.17476,0.092139,0.15541,0.34245,0.14728,0.2604,0.18548,0.42197,0.14477,0.33536,0.20772,0.28414,0.70428,0.20952,0.18452,0.3697,0.44198,0.11552,0.36936,0.10734,0.10712,0.66219,0.54181
0.73697,0.46353,0.28585,1.1702,0.19763,0.40099,0.43227,0.25573,0.80068,0.95177,0.089723,0.22708,0.32459,0.21178,0.47798,0.55654,0.19526,0.09296,0.15053,0.31124,0.13274,0.26384,0.18246,0.46134,0.13173,0.33733,0.20423,0.29437,0.78039,0.22347,0.18565,0.35747,0.4567,0.12303,0.36076,0.11205,0.099304,0.65319,0.50934
0.7493,0.42159,0.28397,1.1552,0.17908,0.39551,0.43609,0.24815,0.77824,0.87195,0.084762,0.23019,0.31995,0.22379,0.47209,0.57527,0.20844,0.095464,0.14219,0.2821,0.12643,0.26142,0.1769,0.49296,0.12527,0.3624,0.1983,0.30237,0.83182,0.23358,0.18924,0.33707,0.44946,0.12013,0.35884,0.11563,0.095237,0.66677,0.46581
0.76832,0.39494,0.28148,1.1398,0.16749,0.43237,0.45265,0.2392,0.78637,0.79121,0.088865,0.23913,0.31555,0.24017,0.47283,0.57687,0.21426,0.10371,0.13205,0.25642,0.13099,0.25408,0.16694,0.51707,0.12566,0.40257,0.18862,0.30755,0.84681,0.23091,0.19501,0.34661,0.42802,0.11775,0.40378,0.11697,0.09369,0.69566,0.42357
0.77806,0.37471,0.27811,1.1284,0.16683,0.45364,0.45262,0.22878,0.79082,0.71362,0.088174,0.25018,0.31451,0.25576,0.46379,0.56132,0.21633,0.11667,0.12507,0.23517,0.12856,0.24251,0.15906,0.53558,0.12835,0.43506,0.17661,0.31002,0.8364,0.21516,0.19966,0.35257,0.40402,0.11334,0.44091,0.11419,0.0924,0.72364,0.3954
0.76619,0.3471,0.27498,1.1078,0.16969,0.4606,0.43438,0.22425,0.77185,0.66239,0.082832,0.261,0.31564,0.27047,0.45035,0.53525,0.21747,0.12777,0.11757,0.2212,0.12283,0.23227,0.15083,0.55011,0.12733,0.45069,0.16437,0.31068,0.82749,0.19162,0.20257,0.38005,0.38729,0.111,0.46147,0.11182,0.093221,0.77553,0.38583
0.73161,0.33417,0.27056,1.0925,0.17006,0.45565,0.40374,0.22343,0.72658,0.61037,0.077496,0.27053,0.31135,0.28875,0.42551,0.55557,0.21722,0.13166,0.12016,0.22907,0.11732,0.25523,0.14217,0.56092,0.13992,0.45656,0.15268,0.31077,0.79977,0.16675,0.20495,0.40623,0.37505,0.11286,0.46415,0.11712,0.097118,0.84342,0.38846
0.67553,0.33242,0.2656,1.0512,0.16519,0.44761,0.37244,0.22151,0.6677,0.57636,0.07537,0.27841,0.30165,0.31428,0.41371,0.56639,0.2137,0.1282,0.12542,0.2302,0.1124,0.27508,0.13509,0.56685,0.14079,0.46016,0.1413,0.31007,0.73921,0.14589,0.20728,0.41268,0.36519,0.11203,0.45216,0.11871,0.10047,0.88789,0.39308
0.6029,0.33325,0.26025,0.98555,0.15555,0.43413,0.37395,0.21867,0.61293,0.5447,0.076614,0.28399,0.29249,0.34522,0.4591,0.56314,0.20793,0.11984,0.13019,0.22096,0.10656,0.28671,0.13454,0.57676,0.13317,0.46771,0.13042,0.32047,0.65354,0.13077,0.20855,0.41339,0.34963,0.1162,0.46302,0.11901,0.10246,0.90598,0.39355
0.55286,0.34094,0.25408,0.90672,0.14297,0.41534,0.37388,0.21536,0.57724,0.51562,0.077146,0.28507,0.28644,0.37901,0.4819,0.5498,0.20975,0.10987,0.13204,0.20712,0.10915,0.30087,0.134,0.57964,0.12499,0.48233,0.12037,0.32785,0.56611,0.12051,0.2073,0.42182,0.32386,0.11861,0.45493,0.12544,0.10574,0.89995,0.38953
0.54663,0.34659,0.24798,0.82833,0.13298,0.39221,0.37516,0.21165,0.56414,0.48923,0.075179,0.29873,0.27945,0.40754,0.47719,0.53228,0.22237,0.10192,0.13223,0.19459,0.11134,0.31005,0.13256,0.57184,0.11935,0.49855,0.11098,0.33028,0.5008,0.11395,0.20297,0.44264,0.28723,0.11447,0.42485,0.12691,0.11427,0.89064,0.38381
0.53821,0.35148,0.241,0.76268,0.12371,0.36593,0.3741,0.20762,0.56759,0.46542,0.076093,0.30786,0.26987,0.42921,0.45097,0.5081,0.23543,0.093398,0.12913,0.18677,0.10971,0.31215,0.13241,0.55171,0.11518,0.50752,0.10173,0.32632,0.46355,0.11031,0.19636,0.46759,0.26833,0.10836,0.3899,0.12216,0.1148,0.87173,0.37941
0.53063,0.35271,0.23424,0.71693,0.11387,0.34537,0.37087,0.20353,0.57912,0.44402,0.081341,0.3083,0.27881,0.44058,0.41654,0.48411,0.26245,0.084681,0.12581,0.18282,0.10416,0.30912,0.13441,0.51834,0.11015,0.50691,0.092668,0.31665,0.43918,0.10803,0.20896,0.48915,0.23817,0.11116,0.37178,0.11278,0.12138,0.83859,0.37788
0.5213,0.34977,0.22654,0.69001,0.10341,0.35584,0.36649,0.19928,0.59335,0.42521,0.084684,0.30113,0.27975,0.44672,0.38638,0.50497,0.2855,0.075698,0.12095,0.18024,0.095293,0.30283,0.13921,0.47505,0.10332,0.49965,0.0851,0.30262,0.40914,0.10464,0.21484,0.50669,0.22671,0.11604,0.35732,0.10306,0.12516,0.79833,0.37841
0.51057,0.34361,0.2191,0.67484,0.09502,0.365,0.36052,0.1947,0.60726,0.40845,0.088021,0.28813,0.27566,0.44307,0.37048,0.51399,0.30213,0.073016,0.11295,0.17643,0.086319,0.29455,0.14636,0.42841,0.09688,0.48836,0.09159,0.29171,0.36493,0.09822,0.20955,0.52152,0.22873,0.12148,0.34071,0.10804,0.12336,0.75543,0.37904
0.50086,0.34093,0.21973,0.66278,0.098644,0.37217,0.35179,0.18993,0.61667,0.39332,0.09311,0.27018,0.26973,0.43447,0.36693,0.51287,0.31148,0.069486,0.10248,0.16994,0.089112,0.28517,0.15393,0.39349,0.090884,0.47551,0.096435,0.28007,0.3558,0.089673,0.19726,0.53114,0.22649,0.12559,0.35934,0.11167,0.11838,0.71389,0.3779
0.48997,0.33101,0.21675,0.64759,0.10565,0.37663,0.3393,0.18474,0.61647,0.37987,0.099917,0.24986,0.27674,0.42193,0.36971,0.50083,0.31235,0.064415,0.09121,0.16041,0.090457,0.27714,0.16034,0.36422,0.090464,0.46443,0.099993,0.27103,0.36007,0.090668,0.18576,0.5301,0.22374,0.1281,0.37151,0.1139,0.11277,0.67454,0.37397
0.49748,0.30027,0.21272,0.62645,0.11715,0.37819,0.32313,0.17904,0.60475,0.36968,0.10658,0.2306,0.29612,0.40651,0.37213,0.479,0.30593,0.058779,0.081008,0.14879,0.091023,0.29654,0.16394,0.33964,0.091773,0.45809,0.10265,0.26833,0.36678,0.091628,0.18172,0.51366,0.23744,0.13272,0.36891,0.11457,0.10669,0.64302,0.36724
0.51906,0.28361,0.20669,0.59993,0.12473,0.37677,0.33548,0.17291,0.58492,0.36164,0.11055,0.21071,0.31618,0.39142,0.37105,0.4542,0.29546,0.055309,0.073057,0.13678,0.090651,0.31649,0.16423,0.32301,0.094632,0.46558,0.10468,0.26515,0.3719,0.093118,0.18588,0.48376,0.24866,0.13651,0.35661,0.11362,0.10772,0.62817,0.35904
0.55456,0.26208,0.20306,0.57158,0.13254,0.37256,0.35611,0.1664,0.56393,0.35445,0.10995,0.2025,0.33485,0.37719,0.36432,0.43538,0.28423,0.058098,0.074339,0.13636,0.089007,0.32531,0.16198,0.31734,0.10083,0.49279,0.1062,0.2615,0.3759,0.10013,0.19423,0.45427,0.24859,0.14566,0.34338,0.11107,0.11402,0.61605,0.35155
0.56933,0.24294,0.20463,0.54891,0.13537,0.36595,0.36749,0.15949,0.54776,0.34801,0.10491,0.20203,0.35101,0.36345,0.35152,0.42856,0.27292,0.059439,0.077696,0.13794,0.085684,0.32395,0.15866,0.3211,0.10626,0.53375,0.10722,0.25697,0.3791,0.10684,0.2017,0.4247,0.23889,0.15515,0.33161,0.10687,0.11638,0.60434,0.34757
0.55505,0.22863,0.21098,0.53741,0.13413,0.35731,0.3705,0.15228,0.53796,0.34227,0.09803,0.20555,0.36426,0.35389,0.33266,0.42889,0.26964,0.060236,0.080445,0.13886,0.084757,0.31377,0.15537,0.32882,0.11067,0.57633,0.10778,0.25134,0.38171,0.1113,0.20474,0.39145,0.22306,0.16333,0.31852,0.10119,0.1137,0.59155,0.34911
0.51716,0.21694,0.21738,0.53443,0.13051,0.37746,0.36832,0.14487,0.53242,0.33721,0.09224,0.21021,0.37435,0.34639,0.30837,0.42879,0.26436,0.06424,0.082025,0.13881,0.08823,0.2963,0.15209,0.33769,0.11365,0.60718,0.10791,0.24458,0.38354,0.11289,0.20745,0.37133,0.20601,0.16954,0.33397,0.094538,0.10744,0.57666,0.35711
0.4724,0.20415,0.22049,0.53104,0.12658,0.39508,0.38477,0.13743,0.5281,0.33287,0.08825,0.21614,0.38147,0.3401,0.28058,0.42493,0.25787,0.066477,0.082523,0.13684,0.088406,0.27359,0.14835,0.34989,0.11459,0.61954,0.10751,0.23675,0.38422,0.11111,0.21461,0.36384,0.18698,0.1735,0.34024,0.087878,0.10584,0.55877,0.37078
0.43681,0.19234,0.21913,0.525,0.12424,0.40723,0.39348,0.13004,0.52285,0.32925,0.084916,0.22435,0.38494,0.33447,0.25239,0.42086,0.25426,0.06624,0.082127,0.13216,0.085749,0.24978,0.14381,0.3634,0.11306,0.61211,0.10656,0.22832,0.38336,0.11025,0.22787,0.36218,0.19782,0.17499,0.33497,0.082215,0.10166,0.5377,0.38802
0.437,0.17568,0.2098,0.52907,0.12468,0.41337,0.39411,0.12275,0.51565,0.33285,0.081648,0.24201,0.38369,0.33129,0.22977,0.44022,0.25295,0.064135,0.081037,0.12484,0.083993,0.2415,0.1387,0.37771,0.10901,0.58771,0.10531,0.2196,0.38066,0.11729,0.24345,0.36512,0.20287,0.17421,0.31963,0.078137,0.09571,0.5136,0.40625
0.43684,0.17192,0.19401,0.53575,0.1278,0.41354,0.40632,0.11817,0.50558,0.34499,0.079027,0.25879,0.37808,0.32911,0.22794,0.46375,0.25073,0.069075,0.079427,0.11582,0.079953,0.23444,0.13361,0.39001,0.10298,0.55107,0.10406,0.21034,0.37595,0.11945,0.26285,0.37851,0.20193,0.17954,0.29829,0.075415,0.08912,0.4869,0.4231
0.43632,0.16763,0.17562,0.53815,0.13442,0.40835,0.41825,0.11725,0.4921,0.35697,0.077887,0.27324,0.36823,0.33288,0.22491,0.48376,0.24527,0.072136,0.0775,0.10657,0.07486,0.22727,0.12915,0.3981,0.095906,0.50784,0.1031,0.20069,0.36917,0.11693,0.28244,0.38924,0.19708,0.1874,0.27487,0.073306,0.082905,0.45804,0.43688
0.43537,0.15902,0.1661,0.53631,0.14154,0.40572,0.42388,0.11817,0.47466,0.36836,0.079531,0.28448,0.35443,0.33701,0.22091,0.4996,0.23659,0.073901,0.076392,0.098773,0.069606,0.21989,0.12557,0.40115,0.088695,0.47448,0.10654,0.19089,0.36065,0.1111,0.30133,0.38801,0.18861,0.19126,0.25216,0.071106,0.077599,0.43165,0.45294
0.4567,0.15813,0.1638,0.538,0.1469,0.40101,0.42467,0.12342,0.46096,0.37883,0.083227,0.29063,0.33793,0.34363,0.21592,0.50995,0.22694,0.075316,0.079215,0.093597,0.064543,0.23405,0.12266,0.39949,0.08199,0.4576,0.11175,0.18028,0.36012,0.10505,0.32031,0.38284,0.17908,0.19194,0.23168,0.07448,0.078241,0.41407,0.47361
0.48162,0.15937,0.16056,0.53202,0.1498,0.39242,0.42321,0.12772,0.46026,0.39194,0.087359,0.28991,0.31979,0.34885,0.20979,0.51329,0.21846,0.077051,0.081721,0.091381,0.059644,0.25263,0.12125,0.39371,0.076121,0.4413,0.11666,0.16907,0.36276,0.10393,0.34327,0.39229,0.16839,0.18984,0.21395,0.076892,0.082203,0.4138,0.48928
0.50652,0.16249,0.15641,0.51862,0.15029,0.38062,0.42137,0.13426,0.45415,0.40359,0.091079,0.28049,0.30039,0.3553,0.21177,0.50887,0.21162,0.079116,0.083339,0.091452,0.058556,0.27206,0.12399,0.3843,0.071613,0.42793,0.12113,0.15752,0.3629,0.10113,0.3629,0.40061,0.15767,0.18573,0.1992,0.076496,0.084496,0.42061,0.49971
0.52887,0.16833,0.15911,0.49887,0.14892,0.36617,0.4197,0.14024,0.44422,0.41335,0.093482,0.26285,0.28095,0.35832,0.21118,0.49732,0.20525,0.08111,0.084101,0.092474,0.057604,0.28886,0.12284,0.37187,0.068676,0.41879,0.12482,0.15771,0.36044,0.097739,0.37844,0.40799,0.1476,0.18032,0.18761,0.073268,0.085554,0.42666,0.50509
0.5468,0.17244,0.16394,0.47446,0.14629,0.34933,0.41757,0.14511,0.4323,0.4209,0.094104,0.24006,0.26126,0.36009,0.20576,0.48041,0.21248,0.082704,0.085932,0.093064,0.056729,0.30288,0.119,0.35727,0.067343,0.41236,0.12746,0.15723,0.35556,0.094477,0.39051,0.44009,0.13798,0.17346,0.17946,0.074385,0.08464,0.4317,0.50588
0.55941,0.17402,0.16449,0.44759,0.14293,0.33041,0.41398,0.14857,0.42044,0.42585,0.093106,0.21669,0.24279,0.35831,0.20445,0.46049,0.22318,0.083772,0.088366,0.092191,0.059003,0.31358,0.11418,0.34166,0.072214,0.40671,0.12889,0.15564,0.35005,0.0917,0.39868,0.47627,0.12899,0.16495,0.17467,0.073838,0.081509,0.43566,0.50263
0.56495,0.173,0.15974,0.42084,0.13894,0.30985,0.40904,0.1505,0.41073,0.42796,0.090979,0.20149,0.22439,0.35349,0.2051,0.45216,0.23094,0.084314,0.09092,0.089269,0.062682,0.32131,0.10976,0.32575,0.08005,0.39989,0.12901,0.15335,0.34911,0.089523,0.40264,0.50352,0.1214,0.15564,0.17266,0.071402,0.076708,0.43827,0.49599
0.56344,0.16952,0.15022,0.40336,0.13432,0.28807,0.40467,0.15097,0.40434,0.42715,0.088087,0.19445,0.20648,0.34691,0.20082,0.44763,0.23546,0.084274,0.093585,0.084141,0.066447,0.32671,0.10582,0.31032,0.087678,0.39137,0.13344,0.15041,0.34757,0.087984,0.40179,0.52447,0.12671,0.14558,0.1725,0.068263,0.072924,0.43946,0.48711
0.55472,0.16373,0.14259,0.40938,0.1291,0.26877,0.39935,0.15009,0.40152,0.42346,0.084476,0.19368,0.19467,0.33699,0.19228,0.44114,0.2379,0.083432,0.09605,0.077741,0.069861,0.33416,0.10159,0.2957,0.094299,0.38139,0.14002,0.1467,0.34544,0.087059,0.39645,0.56109,0.13141,0.13722,0.17299,0.0679,0.070092,0.4389,0.47705
0.53886,0.15589,0.13187,0.41464,0.12488,0.25801,0.39431,0.14783,0.40103,0.41695,0.080055,0.19728,0.19155,0.33253,0.18071,0.43294,0.2402,0.081736,0.097857,0.077321,0.072675,0.34031,0.096038,0.28213,0.099266,0.37169,0.14339,0.14259,0.34292,0.086665,0.38742,0.59432,0.13569,0.12915,0.18171,0.068259,0.067956,0.43653,0.46699
0.51664,0.14665,0.12396,0.41919,0.12389,0.25732,0.39056,0.14493,0.40054,0.40778,0.07649,0.20221,0.1869,0.34491,0.18335,0.42338,0.24386,0.079346,0.098682,0.076418,0.074629,0.34403,0.08911,0.26965,0.1022,0.3654,0.1435,0.13857,0.34001,0.086698,0.37476,0.62167,0.1399,0.12125,0.19247,0.068542,0.068692,0.43208,0.45807
0.48923,0.13706,0.12688,0.4231,0.1249,0.25666,0.38958,0.14136,0.40343,0.39616,0.074203,0.20581,0.18129,0.35272,0.19236,0.41252,0.24973,0.076668,0.09842,0.075158,0.075595,0.34465,0.088848,0.25809,0.10507,0.36354,0.1407,0.13439,0.33679,0.086956,0.35986,0.64391,0.14412,0.11398,0.20457,0.068407,0.068339,0.4256,0.4509
0.49374,0.12846,0.12964,0.42641,0.12533,0.25594,0.39064,0.13697,0.40625,0.3825,0.071503,0.20679,0.17524,0.35679,0.20016,0.40023,0.25796,0.07416,0.097972,0.073613,0.07552,0.34141,0.086605,0.24725,0.10787,0.36674,0.13555,0.13022,0.33333,0.087129,0.34357,0.66105,0.14821,0.10855,0.21718,0.067672,0.06701,0.41704,0.44594
0.50014,0.12155,0.13225,0.42917,0.12522,0.25517,0.39329,0.13226,0.40388,0.36703,0.071819,0.20547,0.1695,0.35808,0.20692,0.38624,0.2683,0.072279,0.099653,0.071856,0.074431,0.3338,0.086013,0.23697,0.10945,0.37246,0.12869,0.12612,0.32962,0.086827,0.3269,0.67105,0.15226,0.10254,0.22952,0.06625,0.064705,0.40647,0.44335
0.504,0.11654,0.13442,0.43141,0.12449,0.25439,0.3961,0.12888,0.39532,0.35004,0.073997,0.20267,0.16445,0.35801,0.21278,0.37048,0.28025,0.071324,0.10591,0.069989,0.072365,0.32181,0.08769,0.22724,0.11244,0.37861,0.12063,0.12238,0.32558,0.088339,0.31089,0.6718,0.15602,0.098395,0.24082,0.064132,0.061788,0.39425,0.44279
0.5052,0.11282,0.13545,0.45174,0.12296,0.25355,0.39771,0.12551,0.4048,0.33196,0.076854,0.19942,0.16063,0.35762,0.2179,0.35301,0.29316,0.071348,0.11105,0.06803,0.069427,0.3059,0.088338,0.21821,0.11597,0.38208,0.11203,0.1194,0.32119,0.092499,0.29639,0.66263,0.15981,0.098324,0.25043,0.06133,0.061259,0.38043,0.44373
0.50378,0.1097,0.13494,0.47926,0.12049,0.25264,0.39754,0.12262,0.43021,0.31305,0.079223,0.19639,0.15811,0.35868,0.22235,0.33414,0.30633,0.072025,0.11566,0.066017,0.065753,0.28699,0.087733,0.20985,0.11899,0.38137,0.1036,0.11759,0.31622,0.09582,0.28885,0.64497,0.16424,0.098423,0.25782,0.057866,0.061879,0.36532,0.44563
0.49922,0.10679,0.13247,0.50605,0.11699,0.2517,0.39589,0.11986,0.44619,0.30082,0.080153,0.19376,0.1571,0.35959,0.22634,0.31419,0.31935,0.072806,0.1201,0.064099,0.061498,0.26645,0.085779,0.20283,0.12185,0.37617,0.095878,0.11584,0.31356,0.097961,0.29085,0.62268,0.16851,0.098262,0.26262,0.05453,0.061758,0.34925,0.44767
0.49191,0.10408,0.12752,0.5306,0.11254,0.25068,0.39304,0.11678,0.45332,0.29894,0.079184,0.19141,0.15766,0.35924,0.22984,0.29344,0.33178,0.073131,0.12408,0.063042,0.058121,0.2459,0.082492,0.19692,0.12477,0.36729,0.08921,0.11407,0.31317,0.098701,0.29749,0.59906,0.172,0.098057,0.26464,0.055869,0.060927,0.33252,0.44932
0.48198,0.10167,0.12017,0.55202,0.10729,0.24956,0.38976,0.11323,0.45365,0.29699,0.079763,0.18959,0.15937,0.35919,0.23267,0.28213,0.34314,0.072701,0.12843,0.061262,0.058724,0.2269,0.079827,0.19257,0.12784,0.35619,0.083628,0.1122,0.31234,0.09798,0.30815,0.57974,0.17438,0.097794,0.26386,0.057191,0.062341,0.31541,0.44993
0.47198,0.09954,0.11165,0.56948,0.10338,0.24831,0.38678,0.10913,0.44986,0.29501,0.081655,0.18975,0.16189,0.36152,0.2347,0.272,0.35269,0.071449,0.13267,0.058837,0.059046,0.21071,0.077779,0.19001,0.13113,0.3443,0.07896,0.11032,0.31107,0.095925,0.32152,0.56709,0.17576,0.097144,0.26048,0.0585,0.064337,0.29817,0.44901
0.47175,0.097647,0.10342,0.58244,0.10097,0.24689,0.38482,0.10468,0.4449,0.29314,0.082341,0.18764,0.16519,0.36173,0.2358,0.26133,0.35968,0.069492,0.13439,0.056609,0.059134,0.19814,0.07475,0.18674,0.13467,0.33264,0.074932,0.10827,0.30938,0.094456,0.33572,0.56161,0.17648,0.095931,0.25491,0.059753,0.065818,0.28101,0.4462
0.46964,0.095958,0.096637,0.59057,0.09771,0.24529,0.38359,0.10189,0.44917,0.29123,0.082032,0.18464,0.16859,0.3614,0.23578,0.25423,0.36364,0.067043,0.13306,0.057912,0.059067,0.18922,0.071032,0.18288,0.13842,0.3215,0.071205,0.10599,0.30742,0.093094,0.34892,0.56068,0.17682,0.094326,0.24753,0.060889,0.066649,0.26739,0.44132
0.46572,0.096061,0.096975,0.59379,0.09368,0.24348,0.38243,0.099499,0.45229,0.28933,0.081028,0.18194,0.17206,0.35916,0.23444,0.25702,0.3644,0.064274,0.12874,0.058732,0.059662,0.18331,0.06695,0.17869,0.14225,0.31057,0.067526,0.10348,0.30513,0.090845,0.35937,0.56139,0.17621,0.094656,0.2389,0.061929,0.069005,0.25716,0.43421
0.46014,0.099414,0.097717,0.59215,0.094148,0.24147,0.38057,0.099216,0.45621,0.28753,0.079713,0.1807,0.17507,0.35451,0.23161,0.25977,0.36213,0.061303,0.12202,0.059086,0.061524,0.17934,0.062757,0.17444,0.1459,0.2992,0.065796,0.10091,0.30254,0.087924,0.36606,0.57282,0.17455,0.095525,0.22952,0.062866,0.071162,0.24686,0.42489
0.45316,0.10346,0.097257,0.5858,0.10025,0.23919,0.3772,0.09875,0.47226,0.28569,0.078375,0.18035,0.1775,0.34957,0.24175,0.26061,0.35724,0.058221,0.11377,0.05899,0.063082,0.17613,0.058641,0.17031,0.14906,0.28674,0.068784,0.098191,0.2997,0.084512,0.37371,0.58121,0.17185,0.095655,0.22219,0.063665,0.071494,0.23653,0.41493
0.44497,0.10587,0.096687,0.57511,0.10425,0.23664,0.37168,0.098112,0.4913,0.28389,0.077248,0.18029,0.17923,0.34602,0.25118,0.26148,0.3499,0.055076,0.10511,0.058508,0.064305,0.17271,0.054789,0.16635,0.15135,0.27838,0.07239,0.095323,0.29664,0.080795,0.37722,0.60115,0.1685,0.098353,0.21734,0.064293,0.07015,0.22625,0.4089
0.4357,0.10878,0.096657,0.5617,0.10607,0.2338,0.36365,0.097316,0.51089,0.28214,0.076452,0.18028,0.17997,0.34166,0.26683,0.26103,0.34047,0.051894,0.097082,0.057627,0.065217,0.16831,0.051346,0.16248,0.15251,0.2687,0.076104,0.092351,0.29344,0.076961,0.37628,0.62109,0.16457,0.10334,0.21176,0.064705,0.067743,0.2165,0.40046
0.42539,0.11307,0.095619,0.56903,0.10583,0.23068,0.35354,0.096393,0.52845,0.28035,0.076042,0.17931,0.17975,0.33661,0.28272,0.26194,0.32908,0.050308,0.094467,0.056426,0.065838,0.16259,0.048822,0.15854,0.1523,0.27496,0.079497,0.089324,0.29008,0.074207,0.371,0.62993,0.16052,0.10824,0.20581,0.064877,0.06503,0.21811,0.38986
0.41406,0.11831,0.093797,0.57,0.10385,0.22727,0.35066,0.09536,0.54205,0.27862,0.075963,0.17854,0.17851,0.33097,0.2945,0.27448,0.316,0.050018,0.095562,0.054896,0.066237,0.15549,0.047845,0.15438,0.15061,0.27927,0.08224,0.086372,0.28658,0.073355,0.36241,0.62642,0.1564,0.11205,0.19993,0.064712,0.063125,0.21867,0.37745
0.40166,0.12423,0.09162,0.5649,0.10041,0.22361,0.3522,0.094213,0.55039,0.27687,0.076313,0.17778,0.17634,0.32368,0.30145,0.28666,0.30498,0.049575,0.096314,0.053102,0.066497,0.14718,0.047072,0.15287,0.14747,0.28041,0.084123,0.083473,0.28297,0.072723,0.3519,0.61067,0.1526,0.11416,0.19448,0.064256,0.06509,0.21829,0.36369
0.38862,0.13033,0.089401,0.55416,0.095723,0.21971,0.35175,0.092971,0.56207,0.27509,0.078223,0.17719,0.17807,0.31674,0.30347,0.29832,0.29398,0.048995,0.096624,0.051047,0.066646,0.13801,0.046512,0.15227,0.14303,0.27901,0.085067,0.080627,0.27925,0.072163,0.34038,0.59522,0.14936,0.11437,0.18998,0.063276,0.06702,0.21716,0.34905
0.37468,0.13646,0.087279,0.53916,0.089988,0.21554,0.34988,0.091675,0.57484,0.27334,0.079949,0.17676,0.18019,0.30809,0.30087,0.30927,0.28198,0.048286,0.096473,0.051352,0.066682,0.12845,0.047343,0.15166,0.13756,0.27596,0.085143,0.079596,0.27543,0.071675,0.32903,0.58358,0.14665,0.11298,0.18691,0.061424,0.068794,0.21548,0.33394
0.35982,0.14213,0.085251,0.52067,0.085126,0.21112,0.34712,0.090297,0.58191,0.27151,0.081428,0.17642,0.18119,0.29954,0.2945,0.31937,0.26958,0.04745,0.095826,0.05099,0.066628,0.11899,0.048832,0.15102,0.1314,0.27217,0.084557,0.079057,0.27154,0.071249,0.31893,0.58389,0.14456,0.11051,0.18566,0.058672,0.070286,0.21335,0.31894
0.34451,0.14705,0.083267,0.49788,0.084811,0.20647,0.34392,0.088882,0.58359,0.26973,0.082544,0.17589,0.18104,0.28966,0.28477,0.3285,0.25748,0.046502,0.094716,0.049815,0.066513,0.11085,0.050315,0.15034,0.12501,0.26845,0.083593,0.078431,0.26762,0.070797,0.31084,0.57642,0.14304,0.10746,0.18646,0.055415,0.071488,0.21087,0.3044
0.32874,0.1509,0.081388,0.47134,0.084219,0.20163,0.34057,0.087421,0.58023,0.26785,0.08322,0.17496,0.18002,0.28018,0.2723,0.33646,0.24637,0.045483,0.093198,0.047913,0.066355,0.10306,0.051492,0.14965,0.11883,0.2654,0.082559,0.077706,0.26364,0.07026,0.30475,0.56198,0.14201,0.1044,0.1893,0.053079,0.072559,0.20814,0.29069
0.31239,0.15342,0.083171,0.45174,0.083245,0.20693,0.33748,0.085927,0.57385,0.26599,0.084571,0.17355,0.17891,0.26957,0.25793,0.34316,0.2368,0.044451,0.091322,0.045554,0.066159,0.096026,0.052235,0.14898,0.11338,0.26347,0.081712,0.076915,0.25961,0.069565,0.30079,0.54112,0.14146,0.10168,0.19386,0.050821,0.073688,0.20521,0.27815
0.31926,0.15457,0.086886,0.44636,0.08188,0.21159,0.33446,0.084417,0.56822,0.26565,0.086538,0.17166,0.17851,0.25969,0.24252,0.34858,0.22929,0.043451,0.090789,0.044761,0.06595,0.090033,0.05247,0.14836,0.10907,0.26277,0.081228,0.076089,0.25551,0.068635,0.29824,0.51486,0.14105,0.099565,0.1996,0.050809,0.074791,0.20212,0.26697
0.32474,0.15462,0.090349,0.44227,0.080087,0.21301,0.33164,0.082883,0.55925,0.26559,0.087897,0.16932,0.17715,0.24931,0.22706,0.35273,0.22409,0.042519,0.090135,0.043809,0.065773,0.08581,0.052174,0.14779,0.10618,0.26299,0.081178,0.075251,0.25142,0.067768,0.29627,0.48429,0.14056,0.099128,0.20585,0.052202,0.07567,0.19892,0.25736
0.32818,0.15398,0.093707,0.43746,0.077829,0.2116,0.32899,0.081351,0.54741,0.26528,0.088686,0.16666,0.17493,0.23908,0.21229,0.3557,0.22132,0.041658,0.089251,0.042718,0.065641,0.082595,0.051366,0.14728,0.10482,0.26403,0.081524,0.074452,0.2473,0.066651,0.29913,0.45103,0.13979,0.098536,0.21598,0.053111,0.07623,0.19562,0.24933
0.33004,0.1531,0.097049,0.43201,0.075707,0.2101,0.32634,0.079807,0.53312,0.27414,0.090634,0.16359,0.17194,0.22935,0.19888,0.35757,0.22088,0.040839,0.088165,0.041523,0.066944,0.080102,0.050128,0.14933,0.10481,0.26539,0.082144,0.073738,0.24315,0.065266,0.30759,0.42765,0.13878,0.097743,0.22595,0.053845,0.076482,0.19223,0.24288
0.3302,0.15225,0.10037,0.42587,0.074932,0.20573,0.32361,0.078276,0.51684,0.28596,0.093148,0.16007,0.16828,0.21944,0.18839,0.36498,0.22251,0.040009,0.086905,0.040241,0.068863,0.078044,0.048558,0.15211,0.10584,0.26673,0.082862,0.073058,0.23897,0.063634,0.31235,0.42316,0.13713,0.096565,0.2349,0.054611,0.076452,0.18878,0.23794
0.32883,0.15148,0.10355,0.41919,0.074704,0.20359,0.32074,0.076745,0.49889,0.29715,0.094954,0.15609,0.16402,0.21013,0.18112,0.37472,0.22584,0.039095,0.085512,0.038906,0.070886,0.076157,0.049447,0.15506,0.10749,0.26781,0.083463,0.072421,0.23483,0.06177,0.313,0.41849,0.13484,0.095126,0.24245,0.055506,0.076143,0.18528,0.23435
0.32617,0.15066,0.10634,0.41189,0.074268,0.20058,0.31769,0.075235,0.47988,0.30764,0.096092,0.1518,0.15925,0.20108,0.17499,0.38013,0.23039,0.038055,0.084243,0.037544,0.072975,0.074237,0.051018,0.1581,0.10932,0.26845,0.083733,0.071834,0.23066,0.059687,0.30893,0.41341,0.13191,0.093531,0.24834,0.056478,0.075569,0.18175,0.2319
0.3225,0.14947,0.10863,0.4041,0.073586,0.19674,0.31443,0.073736,0.46007,0.31737,0.096585,0.1473,0.15404,0.19197,0.16945,0.38071,0.23571,0.036873,0.083648,0.036171,0.074848,0.072192,0.052495,0.16117,0.11092,0.26851,0.083509,0.0713,0.22648,0.057407,0.29985,0.40786,0.12817,0.0921,0.25245,0.057396,0.074752,0.17822,0.23037
0.31783,0.14751,0.11029,0.39893,0.072612,0.19214,0.31094,0.072265,0.43977,0.32629,0.096447,0.14272,0.1485,0.18493,0.16392,0.37669,0.24125,0.035597,0.082397,0.034808,0.076489,0.069971,0.053874,0.16416,0.11196,0.26792,0.082662,0.070818,0.22235,0.054926,0.28706,0.40185,0.1239,0.091,0.25471,0.058055,0.073669,0.17473,0.22951
0.31235,0.14454,0.11131,0.39731,0.071356,0.18683,0.30721,0.070814,0.41923,0.33443,0.095721,0.13852,0.14275,0.1791,0.15783,0.369,0.24655,0.034276,0.080585,0.03347,0.077898,0.067605,0.05515,0.16698,0.11221,0.2667,0.081168,0.070384,0.21822,0.052289,0.29688,0.39551,0.11889,0.090025,0.25518,0.058247,0.076774,0.1722,0.22916
0.30648,0.14049,0.1117,0.39544,0.070576,0.18092,0.30324,0.069395,0.39858,0.34173,0.096161,0.13648,0.13677,0.17313,0.15537,0.359,0.2512,0.032968,0.078319,0.032169,0.079077,0.06531,0.056309,0.16957,0.1115,0.26478,0.079063,0.069993,0.21408,0.051046,0.30455,0.38979,0.11435,0.089065,0.25392,0.057854,0.079736,0.17038,0.22903
0.30007,0.13551,0.11156,0.39331,0.071435,0.17454,0.29909,0.068004,0.37801,0.34817,0.096156,0.13791,0.13066,0.16715,0.15885,0.35171,0.25496,0.031778,0.076335,0.031283,0.08003,0.06314,0.057348,0.17181,0.1098,0.26206,0.076442,0.069635,0.21,0.04985,0.30939,0.38466,0.11317,0.088003,0.25102,0.05684,0.081744,0.16882,0.22902
0.29328,0.13171,0.11092,0.39092,0.071919,0.16783,0.29463,0.066648,0.35748,0.35383,0.095673,0.13817,0.1246,0.16155,0.16274,0.35049,0.25762,0.031072,0.074854,0.030614,0.08076,0.060922,0.058241,0.17367,0.10713,0.25853,0.073468,0.069303,0.20592,0.048491,0.31148,0.37929,0.11175,0.086692,0.24658,0.055246,0.082808,0.16719,0.22895
0.28624,0.12764,0.1099,0.38829,0.072072,0.16092,0.28982,0.065329,0.337,0.35861,0.094826,0.13736,0.12011,0.15583,0.16664,0.34945,0.25923,0.030706,0.073401,0.029986,0.081281,0.059612,0.058973,0.17507,0.10363,0.25389,0.070357,0.069324,0.20185,0.046999,0.31127,0.37372,0.11027,0.084957,0.24075,0.053622,0.083006,0.16447,0.22871
0.27883,0.12355,0.10862,0.38542,0.071954,0.1543,0.2846,0.064043,0.32243,0.36263,0.093711,0.13557,0.11617,0.15006,0.17015,0.34863,0.25985,0.03041,0.071992,0.029397,0.081596,0.058464,0.059537,0.17596,0.099481,0.24803,0.067354,0.070065,0.19784,0.045391,0.31184,0.36803,0.10882,0.082932,0.23366,0.052033,0.08242,0.16074,0.22825
0.27113,0.11985,0.10709,0.38233,0.071641,0.1531,0.27892,0.062807,0.31499,0.36581,0.092414,0.13291,0.11198,0.14428,0.17312,0.34805,0.2597,0.030184,0.070618,0.028867,0.08171,0.057314,0.059932,0.17633,0.094963,0.24094,0.064711,0.070742,0.19385,0.04372,0.31228,0.36222,0.10739,0.081576,0.22549,0.050217,0.081205,0.15611,0.22753
0.26319,0.11672,0.10533,0.37902,0.07118,0.15628,0.27276,0.061606,0.3076,0.36824,0.090986,0.12957,0.10877,0.13874,0.17534,0.34765,0.25902,0.030029,0.069279,0.028587,0.081635,0.056856,0.060151,0.17615,0.090381,0.2341,0.062641,0.071417,0.18986,0.042013,0.31186,0.3563,0.10598,0.080171,0.21644,0.048332,0.079483,0.15199,0.22657
0.2552,0.11422,0.10332,0.37549,0.070591,0.1595,0.26611,0.060448,0.30017,0.3699,0.089461,0.12599,0.10575,0.13347,0.17657,0.34748,0.25806,0.029947,0.067969,0.028239,0.081383,0.057076,0.060215,0.17751,0.086026,0.22775,0.061282,0.071999,0.18594,0.040721,0.31066,0.3503,0.10437,0.078515,0.20673,0.046524,0.077322,0.15018,0.22535
0.24715,0.11288,0.10102,0.37178,0.069854,0.16233,0.25907,0.059343,0.29261,0.37079,0.088031,0.12254,0.10275,0.1283,0.17671,0.35866,0.25701,0.029935,0.066672,0.027823,0.080968,0.057264,0.063711,0.18144,0.082175,0.22009,0.060675,0.072477,0.18204,0.040681,0.30895,0.34649,0.10294,0.076624,0.19658,0.044865,0.074808,0.14865,0.22384
0.2391,0.11585,0.098236,0.36788,0.068943,0.16445,0.25168,0.058281,0.28679,0.37101,0.090698,0.12002,0.099736,0.12327,0.17568,0.37013,0.25609,0.029996,0.06537,0.027343,0.080408,0.057915,0.067288,0.18484,0.079026,0.21138,0.06074,0.072875,0.17816,0.040581,0.30684,0.35529,0.10463,0.074865,0.18627,0.043381,0.072065,0.14737,0.22206
0.23114,0.1187,0.094922,0.36382,0.067852,0.16562,0.24399,0.057264,0.28348,0.37053,0.09311,0.11865,0.096692,0.1184,0.17349,0.38034,0.25541,0.030134,0.064067,0.026815,0.079722,0.058414,0.070574,0.18772,0.076701,0.20197,0.061311,0.073216,0.17434,0.040453,0.30405,0.36485,0.10634,0.073122,0.17605,0.042071,0.06911,0.14634,0.21995
0.22348,0.12061,0.091835,0.35961,0.066581,0.16575,0.23612,0.056297,0.28003,0.36939,0.095085,0.1191,0.093789,0.11373,0.17024,0.38803,0.25506,0.030353,0.062748,0.026234,0.078933,0.05873,0.073515,0.19007,0.075198,0.19254,0.062173,0.073423,0.17055,0.041093,0.30072,0.3739,0.10794,0.071387,0.16625,0.040923,0.065928,0.14738,0.21774
0.21603,0.12128,0.088706,0.35526,0.065152,0.16479,0.22827,0.055386,0.2764,0.36768,0.09645,0.1213,0.090899,0.10924,0.16743,0.3923,0.25506,0.030654,0.061428,0.025877,0.078065,0.058846,0.076062,0.1919,0.074421,0.1835,0.063097,0.07349,0.1668,0.041866,0.30019,0.38115,0.10918,0.069693,0.15724,0.03994,0.062483,0.1498,0.21637
0.2089,0.12054,0.085426,0.35078,0.063586,0.16281,0.22061,0.054525,0.27251,0.36539,0.097091,0.12495,0.088046,0.10493,0.16632,0.39259,0.25541,0.031033,0.060103,0.025546,0.077141,0.058755,0.0782,0.19318,0.074201,0.17914,0.063884,0.073503,0.16308,0.042364,0.29917,0.38592,0.10996,0.068101,0.14934,0.039121,0.058775,0.15212,0.21468
0.20217,0.11845,0.082139,0.34618,0.061914,0.15993,0.21317,0.053712,0.26838,0.36258,0.096941,0.12944,0.085317,0.10082,0.1659,0.38884,0.25609,0.031473,0.058776,0.025224,0.07621,0.058597,0.079922,0.19399,0.074323,0.18098,0.06437,0.073383,0.15943,0.042579,0.29732,0.38732,0.11024,0.066604,0.14292,0.038454,0.054918,0.15432,0.21262
0.19582,0.1152,0.079033,0.34148,0.060165,0.15632,0.20629,0.05295,0.26398,0.35928,0.095982,0.13406,0.082674,0.096974,0.16548,0.38106,0.25706,0.031957,0.058521,0.025675,0.07531,0.060209,0.081234,0.19428,0.074585,0.18513,0.064431,0.073111,0.15582,0.042522,0.29423,0.38564,0.11003,0.065214,0.1382,0.037905,0.051636,0.15641,0.21172
0.18995,0.11087,0.076208,0.33669,0.058371,0.15215,0.19989,0.052237,0.25931,0.35559,0.094258,0.13818,0.080092,0.09326,0.16485,0.36933,0.25824,0.032478,0.061025,0.026415,0.074459,0.061765,0.082155,0.1941,0.074812,0.1883,0.064009,0.072887,0.15224,0.042206,0.2899,0.38085,0.1094,0.063941,0.13531,0.037415,0.050293,0.15837,0.21114
0.18454,0.10573,0.073716,0.33182,0.056554,0.14762,0.19416,0.051573,0.25444,0.35161,0.093219,0.14133,0.077577,0.089682,0.1642,0.362,0.25957,0.033002,0.063708,0.027144,0.073615,0.063211,0.082715,0.19349,0.074874,0.19036,0.063083,0.074635,0.1487,0.041663,0.28507,0.37398,0.10846,0.062788,0.13424,0.036922,0.050818,0.16019,0.21038
0.1796,0.10103,0.071531,0.32688,0.054724,0.1429,0.18911,0.050958,0.24936,0.34754,0.091485,0.14317,0.075186,0.086243,0.16336,0.36622,0.26099,0.033525,0.066472,0.027764,0.072773,0.064505,0.082933,0.19244,0.074691,0.19142,0.061695,0.076229,0.14522,0.040923,0.28151,0.36684,0.10729,0.06174,0.13483,0.036351,0.053481,0.16187,0.20944
0.17518,0.099141,0.069585,0.32188,0.052905,0.13814,0.18471,0.05039,0.24416,0.34353,0.089445,0.14364,0.072875,0.082953,0.16244,0.37011,0.26243,0.034018,0.069231,0.028271,0.071923,0.065608,0.082845,0.191,0.074227,0.19147,0.059918,0.077689,0.14178,0.040012,0.27679,0.36157,0.10599,0.060757,0.13676,0.035658,0.055778,0.16336,0.20836
0.1713,0.096834,0.068369,0.31683,0.051087,0.13346,0.18094,0.04987,0.23884,0.33955,0.090487,0.14442,0.070624,0.080708,0.16143,0.37368,0.26384,0.034479,0.071916,0.028679,0.07107,0.066502,0.082482,0.1892,0.073488,0.19049,0.057819,0.078951,0.13975,0.03912,0.27099,0.35626,0.10569,0.060161,0.13967,0.034815,0.057609,0.16465,0.20712
0.16793,0.09387,0.067032,0.31175,0.049275,0.12893,0.17779,0.049393,0.2335,0.33552,0.092342,0.14486,0.071828,0.079308,0.16029,0.37691,0.26516,0.034892,0.074467,0.028977,0.070222,0.067174,0.081862,0.18705,0.072518,0.19114,0.055451,0.080079,0.13892,0.039135,0.26429,0.35163,0.10706,0.060406,0.14316,0.034053,0.058903,0.16573,0.20575
0.16508,0.091293,0.065507,0.30665,0.047459,0.12462,0.17512,0.048958,0.22815,0.33131,0.093904,0.14846,0.073266,0.077874,0.15914,0.37977,0.26639,0.035247,0.076841,0.029172,0.069387,0.067621,0.081002,0.1846,0.071377,0.20003,0.052864,0.080984,0.13806,0.039195,0.25689,0.34821,0.10825,0.060708,0.14687,0.033694,0.05965,0.16655,0.20428
0.16274,0.091731,0.063774,0.30154,0.045626,0.12057,0.17281,0.048562,0.22287,0.32692,0.095181,0.15405,0.074246,0.076392,0.15801,0.38226,0.26756,0.035536,0.079003,0.029273,0.070529,0.067846,0.079924,0.18187,0.070144,0.20877,0.050135,0.081756,0.1372,0.039301,0.24905,0.3461,0.10932,0.061071,0.15046,0.033233,0.059911,0.16711,0.2027
0.16088,0.0916,0.061849,0.29641,0.043776,0.11679,0.17079,0.048203,0.21766,0.32227,0.096184,0.15849,0.074777,0.074853,0.15697,0.38437,0.26868,0.035754,0.080929,0.029297,0.073862,0.067859,0.078624,0.17886,0.068903,0.21715,0.047344,0.082289,0.13634,0.039453,0.24211,0.34509,0.11031,0.061439,0.1537,0.032706,0.059771,0.16737,0.20102
0.1595,0.090989,0.059789,0.29129,0.042074,0.11327,0.16903,0.047879,0.2126,0.31737,0.096912,0.16201,0.074808,0.073252,0.15607,0.38611,0.26981,0.035896,0.082604,0.029257,0.077082,0.067658,0.077133,0.17563,0.067731,0.22469,0.04458,0.082693,0.13547,0.039648,0.24154,0.34479,0.11123,0.061798,0.15635,0.032154,0.059327,0.16727,0.19926
0.15856,0.090011,0.057682,0.28616,0.04055,0.11001,0.16738,0.047586,0.2077,0.31221,0.097376,0.16492,0.075375,0.071592,0.15525,0.38745,0.27217,0.035952,0.084045,0.029157,0.080132,0.067248,0.075464,0.17221,0.066695,0.23121,0.041923,0.082897,0.1346,0.039877,0.23983,0.34469,0.11212,0.062194,0.15825,0.031602,0.058675,0.16684,0.19743
0.15803,0.088688,0.055723,0.28105,0.038957,0.10699,0.1658,0.047323,0.20299,0.3068,0.097581,0.16751,0.07635,0.069876,0.15445,0.38843,0.27478,0.035915,0.085261,0.029008,0.082961,0.066652,0.074937,0.16859,0.065847,0.2366,0.039448,0.08291,0.13372,0.040142,0.23732,0.34423,0.11299,0.062563,0.1593,0.031061,0.057893,0.16599,0.19555
0.15788,0.087039,0.053963,0.27595,0.037607,0.10443,0.16435,0.047087,0.1985,0.30114,0.09755,0.17004,0.076901,0.068115,0.15708,0.38904,0.2776,0.035777,0.086281,0.028826,0.085541,0.06586,0.075431,0.1648,0.065206,0.24081,0.03721,0.082819,0.13282,0.040437,0.23422,0.3429,0.11386,0.062937,0.15942,0.030538,0.057066,0.16472,0.19361
0.15807,0.086266,0.052517,0.27088,0.03622,0.10293,0.16289,0.046875,0.19425,0.29524,0.097577,0.17266,0.07701,0.066323,0.16152,0.38928,0.28068,0.035753,0.087123,0.02862,0.087842,0.065828,0.075645,0.16087,0.064774,0.24383,0.035258,0.082533,0.13193,0.040755,0.23069,0.3403,0.11472,0.063298,0.15857,0.030037,0.056263,0.16303,0.19163
0.15856,0.085486,0.051458,0.26583,0.034623,0.10173,0.16149,0.046684,0.19026,0.28913,0.098226,0.17542,0.076653,0.064518,0.16632,0.38915,0.28398,0.0362,0.087803,0.028409,0.089841,0.067048,0.075602,0.15813,0.064524,0.2457,0.033848,0.082117,0.13103,0.041094,0.22676,0.33636,0.11556,0.063652,0.15678,0.029564,0.05556,0.16087,0.18962
0.15931,0.086184,0.050749,0.26081,0.034111,0.10081,0.16017,0.046512,0.18654,0.28281,0.098819,0.17833,0.075832,0.062737,0.17143,0.38868,0.28749,0.036496,0.088337,0.028197,0.091527,0.068159,0.075307,0.15868,0.064413,0.24654,0.032926,0.081599,0.13012,0.041454,0.22263,0.33086,0.11634,0.063976,0.15408,0.029127,0.055018,0.15823,0.18757
0.16028,0.0863,0.050348,0.25583,0.034164,0.10017,0.15887,0.046361,0.18311,0.27648,0.099365,0.18124,0.074555,0.061016,0.1766,0.38786,0.29115,0.036646,0.088735,0.027987,0.092882,0.069151,0.074776,0.15904,0.065122,0.24648,0.032049,0.080924,0.12921,0.041822,0.21819,0.32379,0.11697,0.0643,0.15053,0.028729,0.054694,0.15889,0.1855
0.16145,0.085872,0.050184,0.25088,0.034137,0.09976,0.15771,0.046225,0.18185,0.27327,0.09986,0.184,0.072839,0.059328,0.18172,0.3867,0.29491,0.03666,0.089013,0.027786,0.093907,0.070033,0.074013,0.1592,0.06682,0.24579,0.031193,0.08017,0.12829,0.042193,0.21349,0.31552,0.11731,0.064579,0.1462,0.02837,0.054613,0.15951,0.18341
0.16281,0.084968,0.050191,0.24598,0.034021,0.099567,0.15661,0.0461,0.18055,0.26983,0.10029,0.18648,0.071607,0.057854,0.18675,0.38521,0.29871,0.036532,0.089173,0.027598,0.094631,0.07078,0.073028,0.15921,0.068503,0.24517,0.030602,0.079329,0.12736,0.042573,0.20854,0.30925,0.11726,0.064811,0.14118,0.028038,0.054862,0.16015,0.18129
0.16427,0.083672,0.050317,0.24113,0.033811,0.099565,0.15562,0.045985,0.17863,0.26619,0.10065,0.18859,0.073969,0.057382,0.19152,0.38341,0.30247,0.036266,0.089246,0.027426,0.095057,0.071393,0.071822,0.15904,0.070109,0.24497,0.030103,0.078368,0.12643,0.042946,0.20342,0.30421,0.11676,0.065009,0.13576,0.027717,0.055454,0.16098,0.17916
0.16582,0.082052,0.050532,0.23633,0.033499,0.099706,0.15472,0.045877,0.17605,0.26235,0.10092,0.19028,0.076174,0.056913,0.19595,0.3813,0.30612,0.035865,0.089232,0.027274,0.095192,0.071851,0.070808,0.15869,0.071577,0.24418,0.029885,0.077374,0.12549,0.043306,0.19818,0.29831,0.11569,0.065132,0.1302,0.027378,0.056097,0.16211,0.17701
0.16746,0.080154,0.051254,0.23158,0.03309,0.099959,0.15388,0.045775,0.17285,0.25835,0.10106,0.19153,0.078185,0.056428,0.20192,0.37891,0.30958,0.035347,0.089153,0.027143,0.095022,0.072158,0.070458,0.15819,0.072841,0.24278,0.030488,0.076307,0.12454,0.043662,0.19288,0.29176,0.11402,0.065164,0.12704,0.026992,0.056695,0.16327,0.17484
0.16916,0.077995,0.05208,0.22689,0.032579,0.10028,0.15311,0.045676,0.16906,0.25422,0.10105,0.19242,0.080031,0.055913,0.20919,0.37625,0.3128,0.034731,0.088989,0.027035,0.096244,0.072291,0.069891,0.15753,0.073849,0.24083,0.030999,0.075152,0.12359,0.043996,0.18765,0.28473,0.11171,0.06509,0.12696,0.026525,0.057179,0.16426,0.17265
0.17085,0.07557,0.053001,0.22226,0.03197,0.10062,0.15235,0.045582,0.16678,0.24993,0.10084,0.19303,0.081661,0.055361,0.21613,0.37332,0.31575,0.034034,0.08874,0.026951,0.097379,0.072245,0.069126,0.15672,0.074557,0.23827,0.03128,0.074006,0.12264,0.044306,0.18257,0.27731,0.10874,0.064893,0.12678,0.025949,0.057506,0.16496,0.17045
0.17259,0.072977,0.054046,0.21768,0.031271,0.10094,0.15155,0.045492,0.1654,0.24553,0.1004,0.19345,0.083057,0.054767,0.22266,0.37015,0.31836,0.033282,0.088395,0.026889,0.098176,0.072012,0.068207,0.15577,0.074945,0.23533,0.031335,0.072789,0.12168,0.044597,0.18055,0.26956,0.10512,0.064559,0.12652,0.025244,0.057696,0.16533,0.16825
0.1743,0.073517,0.055217,0.21317,0.030486,0.1012,0.15072,0.045401,0.16419,0.24101,0.09968,0.19383,0.084212,0.054136,0.22871,0.36675,0.32062,0.032597,0.087965,0.026855,0.098635,0.071583,0.067173,0.15468,0.074998,0.23189,0.031186,0.07153,0.12071,0.044853,0.18335,0.26135,0.1009,0.064076,0.12618,0.024708,0.057796,0.16527,0.16603
0.17599,0.074185,0.056501,0.2087,0.02962,0.10135,0.14975,0.045307,0.16669,0.23642,0.09867,0.19432,0.085124,0.053484,0.23422,0.36314,0.3225,0.032066,0.087453,0.026843,0.098758,0.072573,0.066773,0.15347,0.07472,0.22817,0.030862,0.070273,0.11975,0.045083,0.18521,0.25487,0.099593,0.063439,0.12579,0.024612,0.057886,0.16476,0.1638
0.17765,0.074851,0.057885,0.2043,0.02869,0.10136,0.14862,0.045209,0.16977,0.23174,0.097361,0.19506,0.085823,0.052818,0.23915,0.35932,0.32401,0.031509,0.086869,0.026851,0.098554,0.073827,0.066542,0.15214,0.074126,0.22412,0.030883,0.068961,0.11877,0.045277,0.18599,0.25388,0.099013,0.062641,0.12539,0.024419,0.058042,0.16377,0.16156
0.17926,0.075463,0.059316,0.20037,0.028332,0.1012,0.14731,0.045106,0.17155,0.227,0.095762,0.1962,0.086286,0.052142,0.2435,0.3553,0.32512,0.030952,0.086199,0.026876,0.098059,0.075032,0.066124,0.1507,0.073252,0.21987,0.031067,0.067654,0.11779,0.045433,0.18561,0.25244,0.099368,0.061677,0.12508,0.024123,0.05832,0.16325,0.15933
0.18082,0.075919,0.060725,0.19799,0.028428,0.10085,0.14578,0.045004,0.17217,0.2222,0.093889,0.19785,0.086566,0.051471,0.24717,0.35108,0.32586,0.031065,0.085422,0.026918,0.097321,0.076189,0.065553,0.14915,0.072139,0.21543,0.03124,0.066323,0.11682,0.045556,0.18405,0.25039,0.10085,0.060543,0.125,0.023722,0.058737,0.16576,0.15708
0.18321,0.076146,0.062048,0.19563,0.028463,0.10029,0.14397,0.044896,0.17182,0.21737,0.091779,0.20004,0.086768,0.05082,0.25017,0.34668,0.32621,0.031062,0.084527,0.026972,0.096393,0.077288,0.064852,0.1475,0.070839,0.2126,0.031404,0.064988,0.11583,0.045632,0.18131,0.24826,0.10218,0.059241,0.12502,0.023216,0.059283,0.16807,0.15483
0.18544,0.076141,0.063231,0.19328,0.028452,0.099495,0.14188,0.044781,0.17073,0.2125,0.089461,0.20279,0.087666,0.050205,0.25245,0.34213,0.32618,0.030944,0.083505,0.027036,0.095313,0.078336,0.064051,0.14575,0.06941,0.21383,0.031561,0.064295,0.11484,0.045677,0.17748,0.24875,0.10333,0.058188,0.12503,0.022608,0.059921,0.17016,0.15259
0.18746,0.075833,0.064234,0.19097,0.028385,0.098478,0.13949,0.044657,0.16918,0.2076,0.087001,0.20609,0.08848,0.04964,0.254,0.33741,0.32581,0.030734,0.082326,0.027106,0.094102,0.079332,0.063365,0.14392,0.067908,0.21427,0.031716,0.063934,0.11386,0.045673,0.17265,0.24821,0.10431,0.057649,0.12501,0.021895,0.060592,0.17202,0.15033
0.18915,0.075219,0.064992,0.18865,0.028274,0.097234,0.13684,0.044525,0.16745,0.2027,0.084445,0.20987,0.089169,0.049138,0.25483,0.33253,0.32507,0.030853,0.080966,0.027178,0.092766,0.08028,0.063581,0.14201,0.066455,0.21401,0.031871,0.063494,0.11287,0.045637,0.16693,0.2465,0.10675,0.057019,0.12496,0.022169,0.061235,0.17362,0.14808
0.19051,0.074343,0.06542,0.18637,0.028117,0.095769,0.13389,0.044391,0.1658,0.19778,0.081854,0.21403,0.089794,0.04907,0.25493,0.32754,0.32397,0.030959,0.079414,0.027248,0.091328,0.081178,0.063717,0.14002,0.065473,0.21296,0.032028,0.063046,0.11188,0.045558,0.16613,0.24903,0.1095,0.056269,0.12489,0.023004,0.061791,0.17497,0.14583
0.1916,0.073211,0.066121,0.1841,0.027919,0.094108,0.13183,0.044248,0.16669,0.19286,0.079287,0.21843,0.090306,0.049106,0.25431,0.32239,0.32252,0.030952,0.077666,0.027319,0.089812,0.082016,0.063765,0.13795,0.064533,0.21122,0.032189,0.062529,0.1109,0.045758,0.16915,0.25508,0.11209,0.055396,0.1248,0.023796,0.062205,0.17605,0.14359
0.19233,0.071862,0.066616,0.18185,0.027687,0.092273,0.12989,0.044096,0.16772,0.18793,0.076793,0.22297,0.090736,0.04917,0.25302,0.31716,0.32074,0.030817,0.075711,0.027379,0.088223,0.082782,0.063724,0.13581,0.063675,0.20885,0.032353,0.061981,0.1099,0.045934,0.1721,0.26018,0.11451,0.054403,0.12465,0.024534,0.06243,0.17686,0.14136
0.19267,0.070357,0.066769,0.17962,0.027418,0.090289,0.12765,0.043933,0.1687,0.18302,0.07441,0.22749,0.091094,0.049262,0.2511,0.31179,0.31862,0.030586,0.073564,0.027423,0.086579,0.083466,0.063597,0.13361,0.06293,0.20589,0.032522,0.061393,0.10892,0.04608,0.17493,0.26418,0.11671,0.053299,0.12447,0.025209,0.063102,0.17833,0.13912
0.19262,0.068776,0.066579,0.17741,0.027125,0.088191,0.12545,0.043761,0.16961,0.17812,0.072183,0.23186,0.091362,0.049378,0.24862,0.30636,0.31615,0.030283,0.071256,0.027449,0.08491,0.084057,0.06338,0.13134,0.062324,0.20254,0.032695,0.060739,0.10794,0.046201,0.17763,0.26704,0.11877,0.052101,0.12422,0.025808,0.064181,0.17963,0.13691
0.19365,0.067148,0.066087,0.17521,0.026806,0.086018,0.12671,0.043587,0.1704,0.17323,0.070129,0.23602,0.091591,0.049508,0.2457,0.30084,0.31334,0.0299,0.068817,0.027452,0.083239,0.084554,0.063075,0.12901,0.061868,0.19885,0.032866,0.060084,0.10695,0.046352,0.18023,0.26862,0.12063,0.050837,0.12392,0.026323,0.06514,0.18073,0.1347
0.19462,0.065576,0.065307,0.17304,0.026462,0.08381,0.12765,0.043403,0.1711,0.16835,0.068277,0.23986,0.091751,0.049715,0.24239,0.29527,0.31019,0.029457,0.066257,0.027435,0.081595,0.084949,0.062685,0.12663,0.061569,0.19495,0.03303,0.059365,0.10597,0.046504,0.18259,0.26892,0.12232,0.049538,0.12357,0.02675,0.065927,0.18164,0.13251
0.19551,0.064086,0.064289,0.17088,0.026107,0.081607,0.12831,0.043209,0.17163,0.16348,0.066626,0.24339,0.091855,0.049917,0.23917,0.28965,0.30669,0.02897,0.063574,0.027395,0.080002,0.085234,0.062219,0.12419,0.061421,0.19093,0.033181,0.058613,0.105,0.046629,0.18474,0.26795,0.12388,0.048236,0.12316,0.027088,0.06652,0.18236,0.13033
0.1963,0.062776,0.063053,0.16874,0.025736,0.079461,0.12866,0.043005,0.17203,0.15864,0.065188,0.24651,0.091937,0.050095,0.23811,0.284,0.30287,0.028449,0.060789,0.027323,0.078479,0.085408,0.062666,0.12171,0.061409,0.18684,0.033314,0.057835,0.10403,0.046722,0.1872,0.26568,0.12541,0.046957,0.12269,0.02733,0.066899,0.18291,0.12818
0.19697,0.06166,0.061677,0.16662,0.025351,0.077407,0.12879,0.042793,0.17223,0.15509,0.063946,0.24915,0.091964,0.050233,0.2369,0.27834,0.29872,0.027889,0.057926,0.027218,0.077039,0.085478,0.063715,0.11918,0.061512,0.18277,0.033534,0.057,0.10306,0.046777,0.19093,0.26201,0.12698,0.045731,0.12427,0.027476,0.067054,0.18326,0.12605
0.19757,0.060776,0.060178,0.16452,0.024964,0.075497,0.12878,0.042577,0.17228,0.15402,0.063033,0.25125,0.091967,0.050374,0.23601,0.27269,0.29426,0.027289,0.055031,0.027084,0.075696,0.085434,0.064866,0.11661,0.0617,0.17869,0.034024,0.056168,0.1021,0.04679,0.1942,0.25694,0.12848,0.044575,0.12721,0.027527,0.067943,0.18341,0.12394
0.19809,0.060144,0.058541,0.16244,0.024571,0.073766,0.12869,0.042353,0.17211,0.15293,0.062485,0.25276,0.091948,0.05048,0.23526,0.26705,0.29766,0.026653,0.053297,0.026918,0.074442,0.085277,0.066076,0.11401,0.061947,0.17467,0.034483,0.055283,0.10114,0.046771,0.19684,0.25052,0.12985,0.043508,0.1297,0.027488,0.068799,0.18341,0.12187
0.19852,0.059776,0.056748,0.16036,0.024175,0.072251,0.1286,0.042119,0.17175,0.15183,0.062108,0.25371,0.091896,0.0505,0.23425,0.26147,0.30307,0.025989,0.0525,0.026712,0.073273,0.08501,0.067299,0.11138,0.062216,0.17075,0.034902,0.054386,0.10019,0.046712,0.19884,0.25181,0.13108,0.042539,0.13173,0.027365,0.06938,0.18322,0.11982
0.19886,0.059641,0.054819,0.15832,0.024064,0.070985,0.12857,0.041876,0.1712,0.1507,0.061864,0.25404,0.091835,0.050428,0.23292,0.25766,0.30689,0.025302,0.051654,0.026469,0.07267,0.084636,0.068492,0.10872,0.062479,0.16698,0.035274,0.053666,0.099245,0.046617,0.20005,0.2554,0.13219,0.041693,0.13473,0.027167,0.069715,0.18285,0.11781
0.19913,0.059709,0.05275,0.15628,0.024317,0.06999,0.12864,0.041629,0.17042,0.14956,0.061712,0.25373,0.09177,0.050347,0.23125,0.25505,0.30914,0.024606,0.050797,0.026194,0.072836,0.084149,0.069616,0.10605,0.062706,0.16337,0.035595,0.0535,0.0983,0.046489,0.20043,0.25809,0.13315,0.040954,0.13823,0.026902,0.069835,0.1823,0.11583
0.19932,0.059942,0.05057,0.15428,0.02464,0.069283,0.12886,0.041377,0.16948,0.14841,0.061604,0.25277,0.091696,0.050147,0.22925,0.25241,0.30987,0.023907,0.050003,0.025876,0.073031,0.083548,0.070633,0.10336,0.062872,0.15994,0.035857,0.053272,0.097362,0.046323,0.19997,0.25993,0.13396,0.040317,0.14125,0.027093,0.069777,0.1816,0.1139
0.19945,0.060305,0.0497,0.15227,0.025025,0.068876,0.12928,0.041118,0.16832,0.14723,0.061493,0.25125,0.091617,0.04982,0.22696,0.24976,0.3092,0.023216,0.049289,0.025523,0.073237,0.082845,0.071509,0.10112,0.062957,0.15672,0.036058,0.052962,0.096427,0.046134,0.19863,0.26088,0.13465,0.03977,0.14379,0.027253,0.069561,0.18073,0.11201
0.19951,0.060727,0.049132,0.1503,0.025465,0.068763,0.12988,0.040851,0.16697,0.14606,0.06134,0.24908,0.091532,0.049458,0.2244,0.24709,0.30719,0.022543,0.048597,0.025152,0.073434,0.082034,0.07222,0.099458,0.062945,0.15372,0.036194,0.052607,0.095489,0.045913,0.1976,0.26095,0.13524,0.039311,0.14584,0.027296,0.069191,0.17969,0.11016
0.19951,0.061182,0.048693,0.14833,0.025951,0.068931,0.13066,0.040577,0.16546,0.14487,0.061095,0.24636,0.091435,0.049261,0.2216,0.24441,0.30398,0.021895,0.047909,0.025103,0.073601,0.081123,0.07275,0.097803,0.062824,0.15093,0.036264,0.052151,0.094564,0.045668,0.20093,0.26016,0.13573,0.038906,0.1474,0.027239,0.068659,0.1785,0.10837
0.19944,0.061602,0.048324,0.14638,0.026468,0.069368,0.13162,0.0403,0.16376,0.14366,0.060737,0.24311,0.091335,0.049077,0.21868,0.24173,0.29967,0.021278,0.04722,0.025015,0.073702,0.080124,0.074123,0.096153,0.06259,0.14835,0.036264,0.05165,0.093635,0.045406,0.20383,0.25914,0.13613,0.038536,0.1485,0.027095,0.067961,0.17717,0.10663
0.1993,0.061944,0.047992,0.14446,0.027003,0.070047,0.13273,0.04002,0.1619,0.14246,0.060235,0.23935,0.09122,0.048812,0.21576,0.23905,0.29538,0.0207,0.046522,0.02489,0.073711,0.079049,0.075458,0.094512,0.062244,0.14597,0.036193,0.051057,0.092705,0.045244,0.20638,0.25815,0.13648,0.038185,0.14912,0.026883,0.067109,0.17567,0.10494
0.19908,0.062179,0.047661,0.14253,0.027541,0.070937,0.13394,0.039733,0.15991,0.14125,0.059577,0.23521,0.091078,0.048465,0.21302,0.23637,0.29016,0.020165,0.045816,0.024729,0.073594,0.077915,0.076651,0.092882,0.061791,0.14376,0.036052,0.050428,0.091788,0.045153,0.20854,0.25666,0.13678,0.037849,0.14931,0.026624,0.066127,0.17403,0.10331
0.19879,0.062246,0.047313,0.14064,0.028068,0.072002,0.13522,0.039441,0.15776,0.14001,0.058755,0.23065,0.090907,0.048038,0.2103,0.23369,0.28396,0.019675,0.045095,0.024528,0.07333,0.076736,0.077692,0.091267,0.061236,0.1417,0.035848,0.050022,0.090868,0.045064,0.21034,0.25466,0.13723,0.0375,0.14906,0.026341,0.065047,0.17226,0.10174
0.19843,0.062158,0.046927,0.13876,0.028572,0.073209,0.13655,0.039289,0.1555,0.13879,0.05777,0.22585,0.090712,0.047533,0.20742,0.23103,0.27696,0.019236,0.044356,0.024289,0.072888,0.075525,0.078572,0.089669,0.060594,0.13976,0.035581,0.049708,0.089946,0.045214,0.21172,0.25218,0.14029,0.037131,0.14837,0.02646,0.063908,0.17035,0.10023
0.198,0.06185,0.046507,0.13688,0.029038,0.074522,0.13789,0.039371,0.15312,0.13756,0.05663,0.22079,0.090497,0.047009,0.20435,0.22836,0.26932,0.018848,0.043598,0.024018,0.07225,0.074284,0.079278,0.088091,0.059876,0.13792,0.035258,0.049368,0.089036,0.045339,0.21268,0.24924,0.14321,0.036753,0.14727,0.026598,0.06277,0.16831,0.09879
0.19752,0.061368,0.046042,0.13504,0.029455,0.075897,0.13923,0.039425,0.15064,0.13631,0.055986,0.21553,0.090252,0.046421,0.20106,0.22572,0.26119,0.018513,0.042824,0.023711,0.071401,0.073006,0.07981,0.086538,0.059098,0.13615,0.034876,0.048976,0.088127,0.045418,0.21312,0.24588,0.14596,0.036343,0.14578,0.02675,0.061693,0.16613,0.097416
0.197,0.060658,0.04552,0.1332,0.029813,0.077309,0.14056,0.03946,0.14808,0.13506,0.055345,0.21018,0.089983,0.045769,0.19755,0.22308,0.25277,0.01823,0.042032,0.023371,0.070327,0.072076,0.080153,0.085009,0.058281,0.13443,0.034435,0.048572,0.087217,0.045465,0.21306,0.24211,0.14856,0.035911,0.14392,0.026931,0.060751,0.16383,0.096109
0.19642,0.059777,0.044908,0.13138,0.030102,0.078718,0.14187,0.039466,0.14545,0.13382,0.054581,0.20468,0.089696,0.045061,0.19385,0.22046,0.24418,0.018189,0.041278,0.023,0.069026,0.07203,0.080311,0.083507,0.057443,0.13275,0.033937,0.04813,0.086311,0.045455,0.21237,0.23798,0.151,0.03546,0.14171,0.027154,0.060005,0.16143,0.09487
0.1958,0.058701,0.044204,0.12958,0.030315,0.080097,0.1432,0.039456,0.14275,0.13257,0.05371,0.20143,0.089396,0.044302,0.18996,0.21786,0.23554,0.01839,0.040839,0.022602,0.069858,0.071965,0.08028,0.082032,0.056604,0.13179,0.033388,0.047674,0.085414,0.045449,0.211,0.2335,0.15324,0.034978,0.13918,0.027429,0.059498,0.15892,0.093699
0.19577,0.057469,0.043414,0.12778,0.030445,0.081417,0.1445,0.039418,0.14001,0.13131,0.052751,0.19963,0.089103,0.043503,0.18592,0.21528,0.22697,0.018572,0.040385,0.022178,0.07189,0.071883,0.080065,0.080588,0.055783,0.13081,0.032793,0.0472,0.084518,0.045651,0.2089,0.22873,0.15529,0.034489,0.13634,0.027759,0.059253,0.1563,0.092599
0.19604,0.056107,0.042562,0.12601,0.030489,0.082656,0.14576,0.039366,0.13722,0.13006,0.051722,0.19783,0.088801,0.042671,0.18176,0.21273,0.21856,0.01874,0.039921,0.021735,0.073911,0.071782,0.079675,0.079174,0.054994,0.12978,0.032157,0.046724,0.083622,0.045753,0.20604,0.22368,0.15714,0.033975,0.13324,0.028144,0.059254,0.15359,0.091569
0.1963,0.055183,0.041676,0.12425,0.030443,0.083797,0.14691,0.039287,0.1344,0.12881,0.050638,0.19607,0.088482,0.041815,0.1775,0.21019,0.21081,0.018898,0.039445,0.021273,0.07591,0.071663,0.079116,0.077792,0.05425,0.12869,0.031487,0.046251,0.082734,0.045747,0.20237,0.21839,0.15884,0.033441,0.12989,0.028577,0.059458,0.15081,0.09061
0.19645,0.055419,0.040753,0.1225,0.030306,0.084817,0.14788,0.039194,0.13168,0.12755,0.049522,0.19434,0.088137,0.040944,0.17315,0.20768,0.20356,0.019046,0.038959,0.020862,0.077869,0.071524,0.078396,0.076445,0.053557,0.12755,0.03079,0.045766,0.081853,0.045632,0.1979,0.2129,0.16036,0.032898,0.12633,0.029049,0.059798,0.14958,0.089723
0.19658,0.055504,0.039799,0.12077,0.030078,0.085711,0.14858,0.039079,0.13009,0.12628,0.048805,0.19263,0.087751,0.040065,0.16869,0.2052,0.19663,0.019183,0.038464,0.020833,0.079778,0.071366,0.077525,0.075133,0.05292,0.12631,0.030073,0.045273,0.080973,0.045411,0.19263,0.20723,0.16169,0.032328,0.12257,0.029545,0.060185,0.14884,0.088905
0.19661,0.055431,0.038803,0.11906,0.029759,0.086466,0.14897,0.038947,0.12835,0.12504,0.048528,0.19092,0.087313,0.039187,0.16491,0.20273,0.19004,0.019305,0.037962,0.02087,0.081623,0.071193,0.076508,0.073856,0.052338,0.12497,0.029343,0.044771,0.080094,0.045084,0.18658,0.20141,0.16283,0.03199,0.11865,0.03005,0.060531,0.14806,0.088155
0.1966,0.055204,0.037776,0.11736,0.029351,0.087077,0.14902,0.038798,0.12723,0.12378,0.048193,0.18921,0.086827,0.038317,0.1618,0.2003,0.18379,0.019408,0.037458,0.020867,0.0834,0.071002,0.075351,0.072619,0.051809,0.12353,0.028608,0.044268,0.079224,0.045175,0.18156,0.19544,0.16379,0.031717,0.11459,0.030543,0.06075,0.14727,0.087473
0.19651,0.054835,0.036722,0.11567,0.028859,0.087541,0.14874,0.038632,0.12675,0.12253,0.047805,0.18746,0.0863,0.037462,0.15862,0.19789,0.17786,0.019485,0.03695,0.020826,0.085097,0.070793,0.074076,0.071423,0.051328,0.12198,0.027874,0.043752,0.078361,0.045438,0.183,0.18937,0.16458,0.031403,0.11044,0.03101,0.06077,0.14645,0.086855
0.19635,0.054337,0.035648,0.11401,0.028287,0.087858,0.1481,0.038453,0.12628,0.12127,0.047358,0.18564,0.085713,0.036628,0.15532,0.19552,0.17224,0.019551,0.036439,0.02075,0.086708,0.070564,0.073418,0.070275,0.050888,0.12034,0.027148,0.043246,0.0775,0.045652,0.18393,0.18319,0.16522,0.031043,0.10621,0.031431,0.060541,0.14561,0.0863
0.19615,0.053727,0.034559,0.11235,0.027644,0.088024,0.1471,0.038255,0.12578,0.12002,0.046857,0.18474,0.085083,0.03582,0.15196,0.19317,0.16692,0.01982,0.035932,0.02064,0.088234,0.070322,0.072666,0.069189,0.05048,0.11859,0.026667,0.042735,0.076641,0.045821,0.18432,0.17693,0.1657,0.03064,0.10194,0.031792,0.060025,0.14475,0.085807
0.19585,0.053013,0.033459,0.11071,0.026934,0.088038,0.14578,0.038047,0.12523,0.11878,0.046293,0.18439,0.084416,0.035042,0.14854,0.19084,0.16184,0.020055,0.035991,0.020498,0.089671,0.070063,0.07183,0.068193,0.050093,0.11674,0.02643,0.04226,0.075787,0.045952,0.18414,0.17187,0.16602,0.030207,0.1003,0.03208,0.059209,0.14386,0.085372
0.19554,0.052203,0.032365,0.10909,0.026686,0.088183,0.14412,0.037824,0.12461,0.11753,0.04567,0.18392,0.0837,0.034299,0.14502,0.18854,0.157,0.020251,0.036582,0.02033,0.091021,0.069786,0.070917,0.067327,0.049716,0.11479,0.026189,0.041852,0.074945,0.046051,0.1834,0.16912,0.16625,0.029743,0.09843,0.032287,0.058106,0.14294,0.084992
0.19513,0.051299,0.031275,0.10748,0.026644,0.089264,0.14215,0.037587,0.1239,0.11628,0.044981,0.1833,0.082952,0.033593,0.1415,0.18628,0.15236,0.020405,0.037059,0.020138,0.092281,0.069496,0.069936,0.066564,0.049336,0.11276,0.025944,0.041482,0.074106,0.04613,0.18211,0.16628,0.16634,0.029253,0.096364,0.032417,0.056748,0.14198,0.084666
0.19467,0.050305,0.031438,0.10589,0.026598,0.090192,0.13989,0.037341,0.12312,0.11505,0.044225,0.18252,0.082177,0.032927,0.13789,0.18404,0.1479,0.020514,0.037419,0.019926,0.093443,0.069192,0.068891,0.065864,0.048943,0.11067,0.0257,0.041143,0.07327,0.046193,0.18025,0.16335,0.16667,0.028784,0.094115,0.032473,0.055184,0.14098,0.084389
0.19417,0.049202,0.031673,0.10432,0.026549,0.090957,0.13737,0.03708,0.1223,0.11382,0.043405,0.18155,0.081365,0.032302,0.13429,0.18183,0.1436,0.020575,0.037661,0.019698,0.094509,0.068874,0.067786,0.06521,0.048528,0.10849,0.025457,0.040801,0.072437,0.046232,0.17856,0.16033,0.16792,0.02845,0.091712,0.032446,0.053471,0.14045,0.084159
0.19357,0.047975,0.031921,0.10275,0.026498,0.091567,0.1346,0.036811,0.12145,0.11259,0.042519,0.18037,0.080533,0.031718,0.13064,0.17964,0.13946,0.020582,0.037787,0.01946,0.095476,0.068544,0.066623,0.06459,0.048099,0.10627,0.025221,0.040467,0.071612,0.046244,0.17924,0.1572,0.16907,0.028082,0.089375,0.032325,0.051848,0.14067,0.083974
0.19296,0.047363,0.032179,0.1012,0.026444,0.092018,0.13163,0.03653,0.12064,0.11136,0.041568,0.17897,0.079684,0.031176,0.12709,0.17748,0.13545,0.020533,0.037798,0.01922,0.096338,0.068204,0.065403,0.063997,0.047964,0.104,0.024996,0.040133,0.070796,0.046231,0.17945,0.15397,0.17014,0.027679,0.088583,0.032103,0.050251,0.14085,0.08383
0.19228,0.0468,0.032441,0.099678,0.026385,0.092318,0.12848,0.036237,0.11991,0.11013,0.040555,0.17733,0.07881,0.030675,0.12552,0.17534,0.1316,0.020424,0.037701,0.018992,0.097094,0.067859,0.064128,0.063423,0.047768,0.1017,0.024787,0.039796,0.069984,0.046193,0.17921,0.15065,0.17113,0.027344,0.087788,0.031785,0.048632,0.141,0.083723
0.19151,0.046163,0.032706,0.098163,0.026316,0.092466,0.1252,0.035938,0.11928,0.10892,0.039488,0.17545,0.077931,0.030214,0.12393,0.17323,0.12789,0.02026,0.037507,0.018772,0.09774,0.067682,0.062803,0.062863,0.047502,0.099385,0.024597,0.039457,0.069177,0.046133,0.1785,0.14724,0.17204,0.027001,0.086991,0.03138,0.047058,0.14113,0.083648
0.19075,0.045464,0.032978,0.09666,0.026232,0.092474,0.12182,0.035627,0.11877,0.10771,0.038367,0.17335,0.077042,0.029791,0.12235,0.17114,0.12435,0.020046,0.037222,0.018553,0.09827,0.067601,0.061502,0.062314,0.047163,0.097078,0.024426,0.039135,0.068374,0.046061,0.17734,0.1438,0.17287,0.026628,0.086189,0.030917,0.045587,0.14122,0.083602
0.1899,0.044682,0.033246,0.095179,0.026128,0.092339,0.11835,0.035309,0.11836,0.1065,0.037203,0.171,0.07614,0.029405,0.12076,0.16908,0.12096,0.019794,0.036866,0.018332,0.098686,0.067524,0.060533,0.061771,0.046743,0.094767,0.024272,0.038812,0.067575,0.045976,0.17581,0.14031,0.17362,0.02624,0.085385,0.030409,0.04427,0.14128,0.083584
0.18899,0.043803,0.033507,0.093712,0.026002,0.092078,0.11488,0.034981,0.11804,0.10529,0.036002,0.1684,0.075246,0.029053,0.11917,0.16703,0.11775,0.019512,0.036447,0.018111,0.098993,0.067465,0.059507,0.061234,0.046237,0.092511,0.024137,0.03849,0.06679,0.045868,0.17389,0.13678,0.17432,0.025853,0.084581,0.029846,0.043132,0.14131,0.083592
0.18807,0.042818,0.033769,0.092257,0.025853,0.091688,0.11139,0.034645,0.11776,0.1041,0.034777,0.16556,0.07434,0.028733,0.11758,0.16501,0.11587,0.019203,0.035984,0.01789,0.099198,0.067493,0.05843,0.060697,0.045641,0.090285,0.024018,0.038169,0.066009,0.045733,0.17159,0.13321,0.17494,0.025485,0.08378,0.02922,0.042185,0.14131,0.083618
0.18706,0.043442,0.034022,0.09082,0.025682,0.091183,0.10998,0.034302,0.11745,0.10291,0.033538,0.16251,0.073451,0.028442,0.11598,0.16301,0.11551,0.018872,0.035492,0.017667,0.099306,0.067544,0.057307,0.060161,0.044953,0.088105,0.023916,0.037858,0.065232,0.045571,0.16902,0.12962,0.17548,0.025158,0.08298,0.028597,0.041424,0.14128,0.08366
0.18602,0.044033,0.034268,0.089402,0.025487,0.090566,0.10987,0.03395,0.11705,0.10173,0.032361,0.15926,0.07256,0.028177,0.11438,0.16151,0.11529,0.018522,0.034987,0.017435,0.099329,0.067591,0.056144,0.059622,0.044172,0.088813,0.023827,0.037558,0.064461,0.045386,0.16615,0.12604,0.17595,0.024891,0.082181,0.028137,0.040828,0.14123,0.08372
0.18495,0.044538,0.034507,0.087995,0.025272,0.089848,0.11011,0.033593,0.11648,0.10055,0.031996,0.15583,0.071683,0.027935,0.11278,0.1621,0.11521,0.018153,0.034486,0.017196,0.099278,0.067629,0.054943,0.059081,0.043304,0.090293,0.023752,0.03726,0.063695,0.045175,0.16301,0.12245,0.17637,0.024697,0.081382,0.027625,0.040365,0.14114,0.083788
0.18381,0.044977,0.034731,0.086603,0.025037,0.089032,0.11074,0.033227,0.11614,0.09937,0.031592,0.15223,0.070822,0.027712,0.11118,0.16261,0.11525,0.017766,0.034335,0.016955,0.099154,0.067654,0.053708,0.058535,0.042354,0.09161,0.023687,0.036964,0.062937,0.044939,0.15968,0.11886,0.1767,0.024592,0.080591,0.027077,0.040215,0.14102,0.083867
0.18263,0.045302,0.034951,0.085232,0.024785,0.088136,0.11179,0.032858,0.11571,0.098206,0.031159,0.14848,0.069968,0.027508,0.10958,0.16306,0.11539,0.017364,0.034423,0.016716,0.098951,0.067669,0.052447,0.057984,0.041331,0.09278,0.023632,0.036675,0.062188,0.044682,0.15615,0.1153,0.17693,0.024574,0.079801,0.026653,0.040206,0.14088,0.083952
0.18144,0.045532,0.035152,0.083874,0.024517,0.08716,0.11323,0.032481,0.11502,0.097051,0.030702,0.1446,0.069151,0.02732,0.10797,0.16342,0.11563,0.016956,0.034486,0.016471,0.098669,0.067673,0.051226,0.057428,0.040238,0.093819,0.023587,0.036399,0.061445,0.044409,0.15246,0.11175,0.17705,0.024641,0.079013,0.026626,0.040289,0.14072,0.08404
0.18018,0.045628,0.035343,0.082528,0.024237,0.086116,0.11506,0.032099,0.11403,0.0959,0.030229,0.14062,0.068349,0.027144,0.10637,0.1637,0.11595,0.016547,0.034522,0.016213,0.098314,0.06767,0.05028,0.056868,0.039084,0.094746,0.023561,0.036125,0.060707,0.044123,0.14863,0.10869,0.17706,0.02479,0.078233,0.026743,0.040427,0.14053,0.084131
0.17889,0.045616,0.035514,0.081204,0.023947,0.085017,0.11722,0.031713,0.11274,0.094754,0.029748,0.13655,0.067567,0.026978,0.10476,0.16389,0.11633,0.016146,0.034531,0.01594,0.09789,0.067668,0.049312,0.056301,0.037871,0.095578,0.023608,0.035852,0.059974,0.04383,0.14471,0.10727,0.17695,0.025008,0.077455,0.026863,0.040584,0.14031,0.084221
0.17758,0.04546,0.035666,0.079893,0.02365,0.083871,0.11967,0.031321,0.11117,0.093612,0.029262,0.13244,0.066829,0.026818,0.10317,0.16399,0.11677,0.016007,0.034517,0.015653,0.097397,0.067772,0.048322,0.055725,0.03687,0.096333,0.023677,0.03559,0.059248,0.043537,0.14072,0.10584,0.17671,0.025284,0.076682,0.027011,0.040737,0.14007,0.084307
0.17621,0.045178,0.035798,0.078596,0.023349,0.082685,0.12235,0.030999,0.10934,0.092483,0.028777,0.1283,0.066113,0.026661,0.10157,0.16399,0.11726,0.015849,0.034571,0.015353,0.096843,0.067953,0.047314,0.055146,0.035954,0.09703,0.023747,0.035385,0.058529,0.043238,0.13669,0.10442,0.17636,0.025606,0.075915,0.027152,0.040867,0.1398,0.084392
0.17482,0.044765,0.035903,0.077317,0.023047,0.08147,0.1252,0.030934,0.10728,0.091364,0.028296,0.12414,0.065424,0.026506,0.099971,0.1639,0.11778,0.015668,0.034683,0.015042,0.097607,0.068143,0.046289,0.054561,0.034973,0.097686,0.023807,0.035419,0.05782,0.04293,0.13263,0.10302,0.17589,0.025964,0.07515,0.027277,0.041027,0.13952,0.084471
0.17341,0.044214,0.035982,0.076054,0.022746,0.080235,0.12818,0.030846,0.10504,0.09025,0.027821,0.11999,0.06478,0.026351,0.098382,0.16371,0.11832,0.015467,0.034768,0.014722,0.099572,0.068344,0.045252,0.053967,0.033933,0.098318,0.023852,0.035446,0.057116,0.04261,0.12905,0.10162,0.17532,0.026345,0.074396,0.02738,0.041303,0.13921,0.084541
0.17195,0.043538,0.036033,0.074804,0.022449,0.078989,0.13124,0.030738,0.10266,0.089142,0.027355,0.11588,0.064168,0.026193,0.096806,0.16342,0.11889,0.015472,0.034818,0.014394,0.10131,0.068547,0.044204,0.053371,0.032837,0.09894,0.023875,0.035471,0.056419,0.042277,0.1273,0.10023,0.17462,0.026744,0.073642,0.027458,0.041623,0.13887,0.084604
0.17048,0.042749,0.036046,0.07357,0.02216,0.077742,0.13436,0.03061,0.1002,0.08804,0.026897,0.11183,0.063586,0.026031,0.095225,0.16303,0.11946,0.015536,0.034828,0.014061,0.10281,0.06874,0.043149,0.052767,0.031692,0.099566,0.023873,0.035501,0.055727,0.041931,0.1255,0.098865,0.17381,0.027147,0.0729,0.027507,0.041994,0.13851,0.08466
0.16899,0.041861,0.036031,0.072355,0.021881,0.0765,0.13749,0.030471,0.098257,0.086948,0.026446,0.10784,0.063041,0.025863,0.09364,0.16255,0.12003,0.015584,0.034795,0.013725,0.10409,0.068923,0.042088,0.052158,0.031054,0.10021,0.023843,0.035537,0.055041,0.041572,0.12365,0.097499,0.17288,0.027548,0.072159,0.027527,0.042418,0.13814,0.084704
0.16746,0.040881,0.035974,0.071152,0.021614,0.075274,0.14061,0.030324,0.096771,0.085869,0.026002,0.10395,0.062538,0.025688,0.092092,0.16197,0.1206,0.015618,0.034717,0.013521,0.10514,0.069091,0.041023,0.051546,0.030698,0.10087,0.023782,0.035571,0.054361,0.041203,0.12177,0.096153,0.17182,0.027932,0.07143,0.027515,0.042889,0.13774,0.084737
0.16593,0.039814,0.035874,0.069964,0.021362,0.074068,0.14371,0.030379,0.09525,0.084796,0.025563,0.10015,0.062349,0.025505,0.090543,0.1613,0.12115,0.015638,0.034595,0.013524,0.10598,0.069244,0.039957,0.050928,0.030293,0.10157,0.023689,0.035599,0.053692,0.040826,0.11989,0.094822,0.17065,0.028291,0.070703,0.027471,0.043394,0.13732,0.084757
0.16438,0.039966,0.035735,0.069364,0.021125,0.073464,0.1468,0.030458,0.093714,0.083729,0.025125,0.096466,0.063035,0.025312,0.088996,0.16054,0.12168,0.015644,0.034812,0.013516,0.10659,0.069381,0.038891,0.050308,0.029837,0.10332,0.023565,0.035618,0.053029,0.04044,0.118,0.093884,0.16939,0.028614,0.069987,0.027392,0.043916,0.13689,0.084763
0.16281,0.040416,0.035552,0.070004,0.020907,0.073208,0.14987,0.030502,0.092161,0.082669,0.024684,0.092907,0.063638,0.02511,0.087454,0.15969,0.12219,0.01564,0.03541,0.013498,0.10699,0.069499,0.038093,0.049683,0.029337,0.10522,0.023414,0.035627,0.052373,0.040044,0.11612,0.093236,0.16803,0.028887,0.069274,0.027278,0.044437,0.13644,0.084754
0.16123,0.040827,0.035325,0.070531,0.020733,0.072925,0.15299,0.030509,0.090666,0.081618,0.024239,0.08988,0.064155,0.024897,0.085948,0.15876,0.12266,0.015624,0.036033,0.013469,0.10718,0.069599,0.037604,0.049058,0.028793,0.10711,0.023246,0.035631,0.051722,0.039637,0.11426,0.092601,0.16659,0.029103,0.06857,0.027131,0.044933,0.13611,0.08473
0.15965,0.041193,0.035055,0.070943,0.020856,0.072624,0.15627,0.030481,0.090987,0.080582,0.023856,0.088244,0.064588,0.024672,0.084447,0.15774,0.1231,0.015598,0.036666,0.013432,0.10716,0.069684,0.037108,0.048428,0.028209,0.10899,0.023055,0.035621,0.051078,0.039218,0.11245,0.091964,0.16509,0.029254,0.067872,0.026952,0.045383,0.13659,0.08469
0.15806,0.041517,0.034754,0.071242,0.020949,0.072308,0.15955,0.030416,0.091295,0.079552,0.023685,0.086603,0.064936,0.024437,0.082952,0.15666,0.1235,0.015564,0.037683,0.013384,0.10694,0.069748,0.036605,0.047798,0.028079,0.11089,0.022836,0.035599,0.050439,0.03879,0.11067,0.091324,0.16353,0.029333,0.067181,0.026745,0.045766,0.13705,0.084632
0.15647,0.041795,0.034427,0.071434,0.021012,0.071983,0.16281,0.030317,0.091574,0.07853,0.023476,0.08499,0.065202,0.02419,0.081467,0.15549,0.12385,0.015522,0.038724,0.013328,0.10652,0.069799,0.036097,0.047167,0.028416,0.11279,0.022591,0.035576,0.049807,0.038351,0.10894,0.090683,0.16193,0.02934,0.066497,0.026521,0.046063,0.13747,0.084556
0.15487,0.042024,0.034069,0.071528,0.021046,0.071656,0.16608,0.030184,0.091836,0.077515,0.023236,0.083389,0.065387,0.023933,0.080009,0.15427,0.12416,0.015472,0.039774,0.013264,0.10592,0.06983,0.035582,0.046534,0.028708,0.1147,0.022323,0.035553,0.049185,0.037903,0.10724,0.090046,0.1603,0.02927,0.065818,0.026282,0.046258,0.13787,0.084461
0.15329,0.04221,0.033672,0.071531,0.021053,0.07133,0.16934,0.030072,0.09207,0.076508,0.022972,0.081817,0.065495,0.023664,0.07857,0.15297,0.12441,0.015416,0.040824,0.013192,0.10513,0.069845,0.035059,0.045903,0.028957,0.11662,0.02203,0.035517,0.048569,0.037449,0.10561,0.089419,0.1586,0.029115,0.065148,0.026028,0.046344,0.13825,0.084346
0.1517,0.042354,0.033229,0.071453,0.021034,0.071007,0.17262,0.030045,0.09228,0.075516,0.022695,0.080271,0.065524,0.023384,0.077143,0.1516,0.12461,0.015355,0.041862,0.013111,0.10417,0.069843,0.034531,0.045269,0.029162,0.11856,0.021714,0.035469,0.04796,0.03699,0.10404,0.088792,0.15685,0.028874,0.064482,0.025896,0.046316,0.13859,0.084213
0.15012,0.042449,0.032741,0.071313,0.02099,0.070693,0.17591,0.030001,0.092465,0.074532,0.022414,0.078759,0.065475,0.023093,0.075727,0.15018,0.12476,0.015288,0.042881,0.013024,0.10305,0.069826,0.033997,0.04464,0.029325,0.12052,0.021383,0.035398,0.047356,0.03654,0.1025,0.088164,0.15501,0.028552,0.063824,0.026038,0.046173,0.1389,0.08406
0.14854,0.042499,0.032206,0.072076,0.020924,0.070391,0.17919,0.02994,0.092623,0.073556,0.022141,0.07728,0.065346,0.022793,0.074326,0.14869,0.12484,0.015217,0.04387,0.012929,0.10178,0.069792,0.033456,0.044011,0.029445,0.1225,0.021038,0.035317,0.046759,0.036111,0.10101,0.087535,0.1531,0.028162,0.063172,0.026173,0.045922,0.13919,0.083888
0.14695,0.042511,0.031624,0.073206,0.020834,0.0701,0.18248,0.02986,0.092753,0.072587,0.021884,0.07584,0.065133,0.022482,0.072959,0.14715,0.12487,0.01526,0.044825,0.012828,0.10038,0.069743,0.032911,0.043381,0.029524,0.12449,0.020673,0.035216,0.046167,0.035691,0.099578,0.086907,0.15112,0.027706,0.062525,0.026298,0.045572,0.13945,0.084131
0.14537,0.042475,0.030994,0.074243,0.020723,0.069826,0.18577,0.029764,0.09286,0.07163,0.021653,0.074433,0.064836,0.022517,0.071607,0.14555,0.12483,0.015392,0.045739,0.01272,0.098845,0.069678,0.032361,0.042758,0.029561,0.12648,0.020289,0.035104,0.045582,0.035271,0.098185,0.086295,0.14905,0.027191,0.061886,0.026412,0.045141,0.13968,0.085497
0.14379,0.042396,0.030331,0.075181,0.020589,0.069567,0.18902,0.029651,0.092941,0.070684,0.021458,0.073136,0.064454,0.022598,0.07027,0.14391,0.12474,0.015528,0.046608,0.012605,0.097196,0.0696,0.031807,0.042134,0.029559,0.12847,0.019884,0.034984,0.045005,0.034847,0.096823,0.085682,0.14692,0.026632,0.061249,0.026511,0.044647,0.13989,0.086824
0.14221,0.042274,0.029626,0.076019,0.020433,0.069325,0.19226,0.029523,0.092995,0.069747,0.021304,0.074341,0.063988,0.022677,0.06895,0.14222,0.12458,0.015669,0.047429,0.012485,0.095445,0.069505,0.031251,0.041512,0.029518,0.13046,0.019459,0.034854,0.044436,0.034418,0.095488,0.08507,0.14526,0.026036,0.060623,0.026593,0.044117,0.14006,0.088107
0.14062,0.042107,0.028892,0.076754,0.020255,0.069101,0.19543,0.02938,0.093023,0.068817,0.021196,0.075445,0.063437,0.022754,0.06765,0.14049,0.12435,0.015814,0.048202,0.012359,0.093603,0.0694,0.030694,0.041053,0.029439,0.13244,0.019015,0.034707,0.043872,0.033983,0.094182,0.084459,0.14415,0.025416,0.059998,0.026655,0.043577,0.14021,0.089341
0.13904,0.041885,0.028126,0.077388,0.020055,0.068891,0.19855,0.029226,0.093025,0.067897,0.021136,0.076438,0.0628,0.022828,0.066381,0.13871,0.12407,0.015959,0.048924,0.012228,0.09168,0.069277,0.030135,0.040599,0.029326,0.13439,0.018601,0.034541,0.043315,0.033543,0.093135,0.083849,0.14302,0.024787,0.059382,0.026693,0.043053,0.14034,0.090527
0.13745,0.041636,0.027346,0.077921,0.020077,0.068696,0.20155,0.029059,0.093002,0.06699,0.021124,0.077318,0.062079,0.022898,0.065127,0.1369,0.12618,0.016102,0.049597,0.012092,0.089692,0.069145,0.029578,0.040152,0.029179,0.1372,0.018367,0.034359,0.042763,0.033219,0.092951,0.083241,0.14187,0.024164,0.05877,0.026705,0.04257,0.14043,0.09166
0.13587,0.041335,0.026548,0.078353,0.020169,0.068515,0.20445,0.028883,0.092954,0.066309,0.021157,0.078081,0.061278,0.022965,0.063892,0.13505,0.12829,0.016242,0.050221,0.011951,0.087648,0.068995,0.029023,0.039708,0.029,0.14013,0.018104,0.034158,0.042218,0.033178,0.092803,0.082647,0.1407,0.023559,0.058164,0.026689,0.042146,0.1405,0.092739
0.13429,0.040985,0.025743,0.078686,0.020265,0.068348,0.20719,0.028698,0.092879,0.065933,0.02123,0.078724,0.060407,0.023028,0.062677,0.13317,0.13033,0.016378,0.050799,0.011805,0.086618,0.068839,0.028471,0.039272,0.028793,0.143,0.017814,0.033981,0.041678,0.033129,0.092685,0.082056,0.1395,0.022984,0.057563,0.026643,0.041799,0.14055,0.093766
0.13272,0.040605,0.024942,0.078923,0.020367,0.068217,0.20975,0.028507,0.092777,0.065557,0.021339,0.079256,0.059463,0.023086,0.061491,0.13127,0.13229,0.016509,0.051333,0.011656,0.086256,0.068666,0.027923,0.038839,0.028557,0.1458,0.017498,0.033831,0.041145,0.033074,0.09259,0.081466,0.13828,0.02245,0.056968,0.026564,0.041535,0.14057,0.09474
0.13115,0.040189,0.024148,0.079067,0.020471,0.068112,0.21214,0.028311,0.092648,0.065184,0.021475,0.07967,0.058464,0.02314,0.060599,0.12934,0.13416,0.016634,0.051825,0.011503,0.085867,0.068485,0.027382,0.038413,0.028298,0.14851,0.017155,0.033662,0.040619,0.033015,0.092513,0.080879,0.13704,0.021964,0.056376,0.026455,0.041356,0.14057,0.095662
0.12959,0.039732,0.023369,0.079124,0.020576,0.067987,0.2143,0.028114,0.09249,0.064815,0.021633,0.079965,0.057413,0.023189,0.059991,0.12738,0.1361,0.016752,0.05228,0.011346,0.085454,0.06829,0.026847,0.037992,0.028017,0.15113,0.016788,0.033477,0.0401,0.032959,0.092451,0.080295,0.13578,0.021534,0.055792,0.026315,0.041255,0.14055,0.096531
0.12804,0.039236,0.022614,0.079096,0.020682,0.067839,0.21621,0.027918,0.092304,0.064447,0.021805,0.080147,0.056971,0.023233,0.059382,0.12541,0.13861,0.016862,0.052698,0.011185,0.085013,0.068086,0.02632,0.037575,0.027715,0.15363,0.016397,0.033272,0.039587,0.032913,0.092387,0.079713,0.1345,0.02116,0.056848,0.02615,0.041221,0.1405,0.097348
0.12651,0.038997,0.02189,0.078989,0.020784,0.067665,0.21786,0.027731,0.092088,0.06408,0.021981,0.080222,0.056859,0.023273,0.058775,0.12343,0.14102,0.016965,0.053083,0.011023,0.084548,0.067871,0.025802,0.037165,0.027395,0.15602,0.016364,0.033055,0.03908,0.032865,0.092312,0.079135,0.1332,0.02084,0.057939,0.026025,0.041238,0.14043,0.098112
0.12499,0.038929,0.021206,0.078813,0.020884,0.067467,0.21922,0.027567,0.091845,0.063715,0.022156,0.080203,0.056746,0.023308,0.058177,0.12144,0.14333,0.017061,0.053439,0.010858,0.084057,0.067647,0.025296,0.036759,0.02706,0.15827,0.016493,0.03282,0.038578,0.032812,0.092219,0.078571,0.13187,0.020574,0.058988,0.02592,0.041283,0.14035,0.098819
0.1235,0.038827,0.020566,0.078573,0.020979,0.067307,0.22027,0.027412,0.091572,0.06335,0.022324,0.08009,0.056626,0.023344,0.057587,0.11943,0.14552,0.017153,0.053764,0.010691,0.083539,0.067413,0.024799,0.036359,0.026711,0.16038,0.016612,0.032573,0.038082,0.032752,0.092115,0.07801,0.13052,0.020351,0.059989,0.025851,0.041337,0.14024,0.099466
0.12202,0.038703,0.019978,0.078277,0.021068,0.067134,0.221,0.027261,0.091267,0.062988,0.022479,0.079892,0.056495,0.023377,0.056998,0.11742,0.14759,0.017243,0.05406,0.010521,0.082999,0.067169,0.024317,0.035964,0.026351,0.16234,0.016716,0.032315,0.037592,0.032689,0.091982,0.077453,0.12915,0.020167,0.060941,0.025875,0.041381,0.1401,0.10005
0.12056,0.038556,0.019712,0.077928,0.02115,0.066941,0.2214,0.027113,0.090932,0.062626,0.022615,0.079619,0.056358,0.023405,0.056411,0.1154,0.14955,0.01733,0.054327,0.010351,0.082433,0.066918,0.023847,0.035573,0.025982,0.16414,0.016806,0.032038,0.037108,0.032618,0.091807,0.076899,0.12774,0.020012,0.061842,0.02587,0.041397,0.13995,0.10056
0.12108,0.03838,0.019637,0.077531,0.021223,0.066726,0.22144,0.026963,0.09057,0.062266,0.022731,0.07928,0.056208,0.023428,0.055826,0.11339,0.15138,0.017415,0.054566,0.01018,0.081843,0.066657,0.023391,0.035189,0.025605,0.16577,0.016878,0.031753,0.036629,0.032544,0.091587,0.076348,0.12631,0.019876,0.062685,0.025833,0.041372,0.13978,0.101
0.12227,0.038182,0.019553,0.077089,0.021286,0.066488,0.22113,0.02681,0.090174,0.062243,0.022823,0.07889,0.056046,0.023446,0.055245,0.11203,0.15309,0.017497,0.054777,0.010008,0.081234,0.066389,0.022952,0.034809,0.025223,0.16722,0.016936,0.031448,0.036158,0.032462,0.091701,0.075802,0.12485,0.019749,0.063473,0.025761,0.041295,0.13959,0.10138
0.12328,0.037968,0.019459,0.076603,0.021339,0.066219,0.22048,0.02665,0.089753,0.063015,0.022888,0.078461,0.055875,0.02346,0.054666,0.11126,0.15467,0.017576,0.05496,0.0098354,0.080604,0.066113,0.022527,0.034434,0.024837,0.16849,0.017009,0.031134,0.035692,0.032376,0.092187,0.075259,0.12336,0.019624,0.064202,0.025658,0.04116,0.13938,0.10168
0.12412,0.03773,0.019362,0.076076,0.021384,0.065921,0.21947,0.026481,0.089301,0.063838,0.022924,0.077997,0.055695,0.023469,0.054091,0.11049,0.15614,0.017652,0.055117,0.0096623,0.079954,0.065831,0.022119,0.034064,0.024449,0.16976,0.017099,0.030806,0.035232,0.032284,0.092663,0.074722,0.12183,0.01949,0.064869,0.025527,0.040963,0.13915,0.1019
0.12479,0.037469,0.019256,0.075506,0.021465,0.065592,0.21811,0.026339,0.08882,0.064708,0.022932,0.077504,0.055508,0.023474,0.053522,0.10972,0.15748,0.017723,0.055248,0.0094898,0.07929,0.065541,0.021728,0.0337,0.024061,0.17086,0.017173,0.030466,0.034777,0.032186,0.093134,0.074197,0.12027,0.01934,0.065473,0.025382,0.040706,0.1389,0.10206
0.12527,0.0372,0.01914,0.07489,0.02154,0.065234,0.21643,0.026287,0.088313,0.06562,0.02291,0.076989,0.055317,0.023474,0.052966,0.10895,0.15871,0.017788,0.055355,0.0095283,0.078609,0.065245,0.021355,0.03334,0.023674,0.17169,0.017228,0.030118,0.034328,0.032084,0.093595,0.073676,0.1187,0.019165,0.066014,0.025231,0.04039,0.13864,0.10215
0.12558,0.036913,0.019015,0.07423,0.021609,0.064849,0.21443,0.026228,0.087777,0.06657,0.022859,0.076459,0.05512,0.023471,0.052413,0.10818,0.15982,0.017846,0.055438,0.0096275,0.077915,0.064944,0.020999,0.032985,0.023289,0.17227,0.017266,0.029754,0.033884,0.031976,0.09403,0.073158,0.11712,0.01896,0.066494,0.025067,0.040016,0.13835,0.10217
0.12572,0.036607,0.018881,0.073525,0.02167,0.064434,0.21212,0.026163,0.087218,0.067553,0.022779,0.075919,0.054916,0.023463,0.051865,0.10967,0.16082,0.017895,0.055502,0.0097801,0.077209,0.064636,0.020662,0.032636,0.022908,0.17258,0.017286,0.029384,0.033446,0.031865,0.094446,0.072645,0.11553,0.01872,0.066908,0.024886,0.040584,0.13805,0.10213
0.12571,0.036294,0.018738,0.072773,0.021723,0.063989,0.20989,0.026092,0.08663,0.068566,0.02267,0.075374,0.05471,0.023452,0.051321,0.11153,0.16171,0.017937,0.055542,0.0099387,0.076492,0.064324,0.020342,0.032291,0.022531,0.17264,0.017289,0.029,0.033013,0.031748,0.09484,0.072136,0.11394,0.018444,0.067257,0.024684,0.041431,0.13774,0.10201
0.12554,0.035969,0.018591,0.071976,0.021769,0.063512,0.20747,0.026017,0.086023,0.069604,0.022534,0.074829,0.054509,0.023436,0.050782,0.11347,0.16249,0.017971,0.055562,0.010103,0.075767,0.064007,0.020041,0.031952,0.022161,0.17245,0.017275,0.028605,0.032585,0.031628,0.095195,0.071631,0.11236,0.01813,0.067541,0.024457,0.042272,0.1374,0.10183
0.1252,0.03563,0.018436,0.071135,0.021805,0.063004,0.20475,0.025937,0.085386,0.070663,0.022371,0.074286,0.054312,0.023417,0.050247,0.11549,0.16318,0.017998,0.055557,0.010271,0.075035,0.063686,0.019758,0.031617,0.021798,0.172,0.017245,0.028203,0.032163,0.031503,0.095533,0.07113,0.11077,0.018196,0.06776,0.024209,0.043111,0.13705,0.10159
0.12471,0.035329,0.018272,0.070251,0.021832,0.062461,0.20173,0.025853,0.084734,0.07174,0.022182,0.073746,0.054111,0.023395,0.049718,0.11756,0.16377,0.018017,0.055528,0.010443,0.074296,0.063362,0.019492,0.031288,0.021842,0.17144,0.0172,0.027789,0.031747,0.031375,0.095828,0.070633,0.10919,0.018275,0.067913,0.023965,0.043949,0.13669,0.10128
0.12407,0.035104,0.018377,0.069325,0.02185,0.061881,0.19844,0.025767,0.084054,0.072829,0.021971,0.073209,0.053898,0.023369,0.049193,0.11969,0.16426,0.018029,0.055471,0.010618,0.073554,0.063034,0.019245,0.030963,0.021872,0.17096,0.017141,0.027372,0.031336,0.031244,0.096092,0.070141,0.10759,0.018339,0.068001,0.023723,0.044787,0.13631,0.1009
0.1233,0.034835,0.018643,0.068362,0.021859,0.061263,0.19492,0.025679,0.083361,0.073928,0.021881,0.072679,0.053668,0.023339,0.048677,0.12185,0.16466,0.018034,0.055388,0.010794,0.072807,0.062703,0.019015,0.030643,0.021869,0.17035,0.017067,0.026943,0.03093,0.03111,0.096316,0.06966,0.10597,0.018387,0.068026,0.023461,0.045624,0.13592,0.10046
0.12239,0.034524,0.018931,0.06736,0.021859,0.060604,0.19119,0.025588,0.082643,0.075033,0.021899,0.072152,0.053417,0.023307,0.048172,0.12401,0.16498,0.018031,0.055275,0.010972,0.072055,0.062371,0.018802,0.030329,0.021834,0.16956,0.016982,0.026514,0.030529,0.030972,0.096503,0.069183,0.10434,0.018417,0.067988,0.02318,0.046457,0.13551,0.099956
0.12133,0.034336,0.019232,0.066325,0.021849,0.060423,0.18728,0.025495,0.081912,0.076141,0.021891,0.071625,0.053178,0.023271,0.047671,0.12616,0.16522,0.018022,0.055132,0.011149,0.071299,0.062036,0.018606,0.030019,0.021765,0.16864,0.016885,0.026074,0.030133,0.030833,0.096647,0.068711,0.10267,0.018425,0.067885,0.02288,0.047282,0.13509,0.09939
0.12015,0.034187,0.019541,0.06526,0.02183,0.060914,0.18323,0.025398,0.08116,0.077249,0.02186,0.071094,0.053124,0.023232,0.047176,0.12826,0.16539,0.018008,0.054959,0.011324,0.070536,0.061698,0.018426,0.029715,0.021801,0.16755,0.016774,0.025634,0.029742,0.030689,0.096752,0.068242,0.10101,0.018413,0.067718,0.022568,0.048094,0.13465,0.098771
0.11886,0.034036,0.01985,0.064167,0.021801,0.06129,0.17904,0.025296,0.080397,0.078354,0.022023,0.070554,0.05305,0.023189,0.046687,0.13029,0.16548,0.017987,0.054758,0.011498,0.069767,0.061359,0.018261,0.029414,0.021954,0.16634,0.016651,0.025187,0.029356,0.030542,0.096811,0.067778,0.099323,0.018384,0.06749,0.022245,0.048887,0.13421,0.098101
0.11744,0.033876,0.020156,0.063049,0.021765,0.061555,0.17475,0.025189,0.079617,0.079453,0.022238,0.069998,0.052964,0.023144,0.046203,0.13311,0.16551,0.017961,0.05453,0.011669,0.068992,0.061019,0.01811,0.029119,0.022084,0.16499,0.016516,0.024739,0.028975,0.030392,0.096829,0.067318,0.097616,0.018343,0.0672,0.022267,0.049655,0.13374,0.09739
0.1159,0.033708,0.020451,0.061909,0.02172,0.061711,0.17039,0.025077,0.078824,0.080545,0.022413,0.069424,0.052854,0.023096,0.045725,0.13595,0.16547,0.017929,0.054273,0.011835,0.06821,0.060676,0.017974,0.028827,0.022192,0.16352,0.016369,0.024287,0.028599,0.030237,0.096799,0.066863,0.095904,0.018291,0.066853,0.02232,0.050394,0.13327,0.096641
0.11426,0.033534,0.020733,0.060751,0.021668,0.061753,0.16597,0.024961,0.078021,0.081629,0.022549,0.068825,0.052736,0.023045,0.045252,0.13874,0.16537,0.017891,0.053984,0.011997,0.067425,0.06033,0.017851,0.028539,0.022279,0.16196,0.016212,0.023836,0.028227,0.030078,0.096728,0.066411,0.094182,0.018224,0.066447,0.022311,0.051097,0.13279,0.095854
0.1125,0.033347,0.020999,0.059579,0.02161,0.061682,0.16152,0.024838,0.077204,0.082702,0.022645,0.0682,0.052595,0.022992,0.044786,0.14149,0.16522,0.017845,0.053661,0.012153,0.066635,0.059984,0.01774,0.028255,0.022347,0.16031,0.016044,0.023386,0.02786,0.029916,0.096605,0.065965,0.092447,0.018143,0.065983,0.022241,0.051762,0.13229,0.095029
0.11066,0.033154,0.021244,0.058395,0.02169,0.061504,0.15705,0.02471,0.076383,0.083763,0.022704,0.067546,0.052444,0.022935,0.044326,0.14418,0.16502,0.017792,0.053304,0.012303,0.06584,0.059634,0.017641,0.027975,0.022477,0.15858,0.015868,0.022944,0.027499,0.029749,0.096444,0.065522,0.090705,0.018052,0.065462,0.022115,0.052385,0.13178,0.094167
0.10871,0.032948,0.021464,0.057202,0.021832,0.061222,0.1526,0.024578,0.075551,0.084812,0.022725,0.066862,0.052274,0.022876,0.043877,0.1468,0.16477,0.017731,0.052915,0.012446,0.065042,0.059283,0.017552,0.027698,0.022613,0.1568,0.015684,0.022521,0.027142,0.029579,0.096228,0.065084,0.088969,0.017947,0.064891,0.021936,0.052963,0.13127,0.093265
0.10718,0.03274,0.02166,0.056002,0.021984,0.060838,0.14817,0.024441,0.074712,0.085847,0.022713,0.066145,0.052093,0.022817,0.043433,0.14934,0.16448,0.017662,0.052679,0.012582,0.064241,0.058928,0.017473,0.027424,0.022693,0.15498,0.015493,0.022117,0.02679,0.029405,0.095977,0.064655,0.08723,0.017827,0.064267,0.021709,0.053497,0.13074,0.092322
0.10638,0.032575,0.02183,0.0548,0.022139,0.060932,0.1438,0.024299,0.073869,0.086868,0.02267,0.065399,0.051895,0.02276,0.042996,0.15178,0.16416,0.017586,0.05249,0.012711,0.065265,0.058572,0.017403,0.027154,0.022718,0.15313,0.015295,0.021745,0.026442,0.029227,0.095669,0.064231,0.08549,0.017693,0.063593,0.02144,0.053986,0.1302,0.091341
0.10546,0.032396,0.021969,0.053596,0.022293,0.061211,0.1395,0.024154,0.073022,0.087873,0.022599,0.064621,0.051686,0.022701,0.042564,0.15413,0.16379,0.017504,0.052264,0.012832,0.066855,0.058212,0.017341,0.026887,0.02269,0.15128,0.01509,0.021383,0.026099,0.029047,0.095331,0.063812,0.083749,0.017641,0.06287,0.021137,0.05443,0.12965,0.090319
0.10444,0.032128,0.022081,0.052393,0.022442,0.061455,0.13529,0.024004,0.072173,0.088862,0.022506,0.063812,0.051462,0.022639,0.042139,0.15636,0.1634,0.017416,0.052002,0.012945,0.068414,0.057852,0.017287,0.026622,0.022651,0.14942,0.014879,0.021016,0.02576,0.028861,0.094936,0.063398,0.082015,0.017602,0.062104,0.020806,0.054831,0.12909,0.089257
0.10336,0.031822,0.022163,0.051196,0.022585,0.061669,0.13119,0.023851,0.071324,0.089835,0.022392,0.062972,0.051226,0.022575,0.041719,0.15849,0.16298,0.017323,0.051704,0.013051,0.069936,0.057488,0.017238,0.02636,0.022589,0.14759,0.01466,0.02075,0.025425,0.028674,0.094511,0.062988,0.080581,0.017552,0.061296,0.020453,0.05519,0.12852,0.088158
0.10223,0.031577,0.022215,0.050006,0.02272,0.061847,0.12721,0.023695,0.070476,0.090791,0.022261,0.062108,0.050979,0.022507,0.041305,0.16052,0.16253,0.017225,0.051372,0.013149,0.071416,0.057124,0.017195,0.026102,0.022663,0.14578,0.014435,0.020665,0.02512,0.028584,0.094036,0.062834,0.079324,0.017494,0.060446,0.020085,0.055508,0.12795,0.08703
0.10106,0.031326,0.02224,0.048823,0.022849,0.061993,0.12337,0.023536,0.069635,0.091728,0.02211,0.061226,0.050717,0.022437,0.040896,0.16244,0.16205,0.017125,0.051007,0.013242,0.072851,0.056756,0.017158,0.025845,0.022682,0.14402,0.014204,0.020577,0.024982,0.028545,0.093525,0.063132,0.078092,0.017429,0.059558,0.019706,0.055785,0.12736,0.085878
0.099838,0.031134,0.022237,0.047651,0.022968,0.062103,0.11968,0.023374,0.068806,0.092642,0.02194,0.060324,0.050449,0.022364,0.040494,0.16426,0.16155,0.017022,0.050613,0.01333,0.074238,0.056388,0.017124,0.025592,0.022646,0.14231,0.013966,0.020485,0.024846,0.0285,0.092974,0.063412,0.077315,0.017356,0.058633,0.019324,0.056023,0.12677,0.084708
0.098536,0.031109,0.022205,0.046491,0.02308,0.062179,0.11614,0.023211,0.067992,0.093528,0.021752,0.059421,0.050165,0.022288,0.040098,0.16598,0.16103,0.016919,0.050191,0.013416,0.075574,0.056017,0.017094,0.025341,0.022559,0.14067,0.013724,0.020391,0.024711,0.028447,0.092382,0.063672,0.076519,0.017277,0.057676,0.018941,0.056221,0.12616,0.083522
0.097158,0.031257,0.022151,0.045344,0.023184,0.06222,0.11428,0.023045,0.067195,0.094385,0.021545,0.058513,0.049876,0.022209,0.039711,0.16759,0.16049,0.016815,0.049744,0.013502,0.076859,0.055645,0.017065,0.025092,0.022423,0.1391,0.013476,0.020295,0.024576,0.028387,0.091759,0.063905,0.07573,0.017194,0.056689,0.018563,0.05638,0.12555,0.082321
0.09571,0.031606,0.022073,0.044215,0.023279,0.062225,0.11328,0.022877,0.066407,0.095205,0.021324,0.057616,0.049576,0.022127,0.03933,0.16908,0.15994,0.016713,0.049273,0.013589,0.078092,0.055272,0.017039,0.024846,0.022242,0.13761,0.013223,0.020196,0.024442,0.028323,0.091091,0.064118,0.074926,0.017106,0.055673,0.018194,0.056497,0.12493,0.081106
0.094211,0.03195,0.021973,0.043134,0.023366,0.062194,0.11229,0.022708,0.065628,0.09599,0.021087,0.056737,0.049265,0.022043,0.038954,0.17044,0.15936,0.016612,0.048781,0.013673,0.079271,0.054896,0.017014,0.024602,0.022021,0.1362,0.013264,0.020092,0.024309,0.028253,0.090399,0.064313,0.074128,0.017014,0.054629,0.017837,0.05657,0.12431,0.079874
0.092914,0.032274,0.021856,0.042608,0.023445,0.062125,0.11133,0.022593,0.064852,0.096733,0.020837,0.055884,0.048951,0.021955,0.038584,0.17168,0.15878,0.016516,0.04827,0.013749,0.080398,0.054521,0.01699,0.024361,0.021915,0.13489,0.013494,0.019986,0.024176,0.028177,0.089661,0.06448,0.073324,0.016923,0.053562,0.017496,0.056597,0.12367,0.078628
0.091828,0.032561,0.021724,0.042081,0.023516,0.06202,0.11042,0.022544,0.06408,0.097436,0.020575,0.055067,0.048624,0.021865,0.03822,0.17278,0.15818,0.016424,0.047741,0.013818,0.081472,0.054144,0.016966,0.024122,0.021975,0.13366,0.013713,0.019875,0.024044,0.028093,0.088902,0.064627,0.072518,0.016832,0.052471,0.017171,0.056595,0.12303,0.077372
0.090702,0.032797,0.021576,0.041552,0.023579,0.061876,0.10953,0.022493,0.063312,0.098096,0.020565,0.055179,0.048294,0.021771,0.037861,0.17375,0.15756,0.016338,0.047194,0.013878,0.082496,0.053767,0.016941,0.023886,0.022012,0.13254,0.013922,0.019762,0.023913,0.028006,0.088101,0.064757,0.071719,0.016742,0.051364,0.016861,0.056594,0.12238,0.076487
0.089546,0.032968,0.021418,0.041023,0.023635,0.061697,0.1087,0.022441,0.062547,0.098711,0.020598,0.05545,0.048138,0.021675,0.037508,0.17458,0.15694,0.01626,0.046628,0.013929,0.083469,0.053388,0.016916,0.023652,0.022026,0.1315,0.014118,0.019645,0.023782,0.027914,0.087277,0.064858,0.070923,0.016656,0.050238,0.016563,0.05654,0.12173,0.076238
0.088354,0.03307,0.021253,0.040493,0.023684,0.061479,0.10791,0.022387,0.061786,0.099281,0.020629,0.05569,0.048154,0.021576,0.03716,0.17528,0.1563,0.016189,0.046045,0.013974,0.084393,0.053008,0.016888,0.02342,0.022016,0.13056,0.014303,0.019525,0.023652,0.027814,0.086419,0.06494,0.070129,0.016577,0.049095,0.016277,0.056433,0.12107,0.07598
0.087123,0.033098,0.021084,0.039963,0.023724,0.061225,0.10717,0.02233,0.061028,0.099807,0.020658,0.055907,0.048148,0.021474,0.036817,0.17585,0.15566,0.016128,0.045446,0.014016,0.085268,0.05263,0.01686,0.02319,0.021981,0.12971,0.014477,0.019402,0.023523,0.027709,0.08553,0.065004,0.069338,0.016505,0.047939,0.015999,0.05627,0.1204,0.075711
0.085855,0.033439,0.020912,0.039435,0.023758,0.060935,0.10647,0.02227,0.060274,0.10028,0.020682,0.05609,0.04812,0.021368,0.03648,0.1763,0.15501,0.016077,0.044834,0.014059,0.086097,0.052249,0.016829,0.022962,0.021922,0.12895,0.014639,0.019276,0.023394,0.027601,0.084624,0.065041,0.068547,0.016441,0.046771,0.015729,0.056052,0.11973,0.075433
0.084568,0.033704,0.021085,0.03891,0.023786,0.060607,0.10582,0.02221,0.059523,0.10071,0.020698,0.056249,0.04807,0.02126,0.036148,0.17663,0.15434,0.016044,0.044212,0.014099,0.086881,0.05187,0.016794,0.022738,0.021837,0.12827,0.014791,0.019147,0.023266,0.027487,0.083682,0.065059,0.067762,0.016384,0.046059,0.015463,0.05578,0.11905,0.075149
0.083248,0.03389,0.021308,0.038388,0.023806,0.060245,0.10522,0.022147,0.058777,0.1011,0.020706,0.056378,0.048001,0.021149,0.035823,0.17685,0.15367,0.016061,0.043578,0.014135,0.087622,0.05149,0.016758,0.022515,0.021726,0.12767,0.014932,0.019016,0.023139,0.027367,0.082724,0.06506,0.066973,0.016335,0.04607,0.015202,0.055454,0.11836,0.074863
0.081901,0.033988,0.021501,0.03787,0.023821,0.059843,0.10466,0.022082,0.058035,0.10144,0.020705,0.056479,0.047916,0.021035,0.035504,0.17695,0.15299,0.016085,0.042932,0.014164,0.088321,0.051108,0.016718,0.022294,0.021589,0.12713,0.015062,0.018882,0.023013,0.027243,0.081745,0.065032,0.066182,0.016294,0.04605,0.014941,0.055077,0.11767,0.074581
0.080538,0.034006,0.021666,0.037356,0.023829,0.059408,0.10416,0.022014,0.057297,0.10173,0.020693,0.056555,0.047812,0.020918,0.03519,0.17695,0.1523,0.016119,0.042274,0.014184,0.088982,0.050729,0.016675,0.022075,0.021427,0.12666,0.015183,0.018746,0.022887,0.027115,0.080737,0.064989,0.06539,0.016255,0.045995,0.014681,0.054654,0.11697,0.074306
0.079161,0.033944,0.021804,0.036846,0.02383,0.058933,0.1037,0.021946,0.056566,0.10197,0.02067,0.056602,0.04769,0.020798,0.034881,0.17682,0.15161,0.016162,0.041604,0.014197,0.089605,0.050349,0.016628,0.021859,0.021239,0.12624,0.015296,0.018608,0.022762,0.026982,0.07972,0.064926,0.064593,0.016225,0.045906,0.01442,0.054188,0.11627,0.074037
0.077774,0.03381,0.021917,0.036343,0.023827,0.058422,0.10328,0.021876,0.055839,0.10217,0.020636,0.056629,0.047549,0.020675,0.034577,0.17659,0.1509,0.016215,0.040924,0.014201,0.090189,0.049969,0.016577,0.021645,0.021027,0.12587,0.015404,0.018467,0.022639,0.026843,0.078686,0.064836,0.063792,0.016204,0.045786,0.014235,0.053686,0.11556,0.073766
0.076382,0.033607,0.022009,0.035846,0.023817,0.058494,0.10291,0.021803,0.055118,0.10233,0.020589,0.056628,0.047395,0.020555,0.034278,0.17624,0.15019,0.016279,0.040235,0.014195,0.090735,0.049591,0.016522,0.021433,0.020791,0.12552,0.015503,0.018325,0.022515,0.026702,0.077632,0.064732,0.062992,0.016191,0.045636,0.014145,0.053153,0.11484,0.073489
0.075,0.033348,0.022082,0.035355,0.023802,0.058807,0.10258,0.021728,0.054401,0.10244,0.020532,0.05661,0.047226,0.020434,0.033984,0.17578,0.14948,0.016353,0.039539,0.014181,0.091241,0.049211,0.016462,0.021222,0.02053,0.1252,0.015593,0.018181,0.022393,0.026556,0.076567,0.064608,0.06218,0.016191,0.045454,0.014046,0.052597,0.11412,0.073201
0.074504,0.033245,0.022139,0.034869,0.023782,0.059103,0.10229,0.021652,0.053692,0.10251,0.020463,0.056567,0.047041,0.02031,0.033694,0.17521,0.14875,0.016438,0.038839,0.014158,0.091711,0.048835,0.016399,0.021014,0.020246,0.12491,0.015672,0.018035,0.022271,0.026405,0.075498,0.064459,0.061373,0.016192,0.045242,0.013937,0.052022,0.1134,0.072901
0.074035,0.03332,0.022187,0.034473,0.023756,0.059381,0.10204,0.021575,0.052987,0.10254,0.020384,0.056509,0.04684,0.020183,0.033409,0.17453,0.14801,0.016534,0.038136,0.014126,0.092143,0.048457,0.016331,0.020808,0.019938,0.12461,0.015738,0.017887,0.02215,0.026251,0.074414,0.064295,0.060559,0.016187,0.045004,0.013818,0.051436,0.11267,0.072589
0.073564,0.033359,0.022228,0.034196,0.023725,0.059642,0.10182,0.021496,0.052288,0.10254,0.020295,0.05643,0.046629,0.020053,0.033129,0.17375,0.14727,0.01664,0.037435,0.014085,0.092539,0.048081,0.016259,0.020604,0.019766,0.12432,0.015793,0.017738,0.02203,0.026094,0.073319,0.064113,0.059737,0.016174,0.044736,0.013688,0.050844,0.11194,0.072268
0.07309,0.033362,0.022268,0.033921,0.023689,0.059888,0.10163,0.021415,0.051596,0.1025,0.020196,0.056336,0.0464,0.01992,0.033316,0.17286,0.14652,0.016756,0.036736,0.014036,0.092899,0.047706,0.016182,0.020402,0.019869,0.12401,0.015836,0.017588,0.02191,0.025931,0.072227,0.063905,0.058921,0.016153,0.044444,0.013643,0.050252,0.1112,0.071942
0.072613,0.033331,0.022308,0.033648,0.023649,0.060118,0.10147,0.021331,0.050909,0.10243,0.020089,0.056225,0.046164,0.019784,0.033643,0.17188,0.14576,0.016881,0.036044,0.01398,0.093223,0.047331,0.016101,0.020202,0.019967,0.12368,0.015868,0.01744,0.021791,0.025767,0.071131,0.063683,0.058097,0.016122,0.044124,0.013607,0.049663,0.11046,0.071612
0.072145,0.033284,0.022349,0.033377,0.023604,0.060333,0.10133,0.021248,0.050229,0.10233,0.019974,0.056099,0.045912,0.019646,0.03396,0.17081,0.145,0.017016,0.03536,0.013917,0.093514,0.046959,0.016014,0.020004,0.020059,0.12332,0.015893,0.017289,0.021673,0.025599,0.07003,0.063445,0.057265,0.016081,0.043781,0.013562,0.04908,0.10971,0.071282
0.071676,0.033227,0.022394,0.033108,0.023554,0.060536,0.10122,0.021163,0.049555,0.10219,0.019853,0.056053,0.04565,0.019504,0.034264,0.16964,0.14423,0.017158,0.034688,0.013847,0.093772,0.046586,0.015924,0.019808,0.020146,0.12293,0.015912,0.017138,0.021555,0.025426,0.068927,0.063183,0.056586,0.016028,0.043415,0.013508,0.048505,0.10896,0.070952
0.071204,0.033179,0.022445,0.032841,0.0235,0.060728,0.10113,0.021076,0.048886,0.10203,0.019726,0.056953,0.045379,0.01936,0.034552,0.1684,0.14345,0.017307,0.03403,0.013772,0.094,0.046216,0.015828,0.019614,0.020227,0.1225,0.015923,0.016986,0.021438,0.025253,0.067829,0.062903,0.056192,0.015963,0.043026,0.013447,0.047939,0.10821,0.070621
0.070731,0.033144,0.022501,0.032576,0.023443,0.060915,0.10105,0.020987,0.048225,0.10187,0.019594,0.057894,0.04534,0.019213,0.034829,0.16708,0.14266,0.017464,0.033388,0.013692,0.094197,0.045847,0.015728,0.019422,0.020302,0.12204,0.015926,0.016833,0.021322,0.025075,0.066739,0.062612,0.055798,0.015886,0.042616,0.013377,0.047381,0.10745,0.070291
0.070256,0.033133,0.022557,0.032313,0.02338,0.061101,0.10099,0.020897,0.04757,0.10179,0.019459,0.058869,0.045872,0.019063,0.035086,0.16569,0.14187,0.017626,0.032764,0.013608,0.094368,0.045478,0.015624,0.019231,0.02037,0.12153,0.01592,0.016679,0.021206,0.024893,0.065651,0.062299,0.055405,0.015797,0.042185,0.013403,0.046832,0.10669,0.06996
0.069779,0.033162,0.022611,0.032051,0.023313,0.061291,0.10093,0.020807,0.046921,0.10165,0.019321,0.05987,0.046352,0.018911,0.03533,0.16425,0.14107,0.017793,0.032162,0.013521,0.094512,0.045112,0.015515,0.019043,0.020431,0.12098,0.015906,0.016524,0.021091,0.02471,0.064567,0.061962,0.055032,0.015692,0.041737,0.013431,0.046289,0.10593,0.069623
0.069302,0.033231,0.022661,0.031791,0.023243,0.061486,0.10089,0.020715,0.04628,0.10147,0.019182,0.060892,0.046786,0.018756,0.035553,0.16275,0.14027,0.017965,0.031583,0.013431,0.094631,0.044746,0.015402,0.018856,0.020485,0.12112,0.015882,0.016368,0.020977,0.024523,0.063491,0.061622,0.054684,0.015568,0.041269,0.013443,0.045749,0.10516,0.069281
0.068823,0.033347,0.022707,0.031533,0.023168,0.061683,0.10085,0.020622,0.045645,0.10125,0.019044,0.061932,0.047165,0.018599,0.035762,0.1612,0.13945,0.01814,0.031028,0.013339,0.094726,0.044383,0.015285,0.018672,0.020532,0.12131,0.015851,0.016212,0.020863,0.024334,0.062425,0.06126,0.054335,0.015457,0.040787,0.013437,0.045211,0.10439,0.068928
0.068343,0.033513,0.022747,0.031276,0.023089,0.061879,0.10081,0.020527,0.045016,0.10099,0.018907,0.062979,0.047492,0.018439,0.035947,0.1596,0.13864,0.018317,0.030502,0.013245,0.094801,0.044021,0.015163,0.018489,0.020571,0.12145,0.01581,0.016056,0.02075,0.024142,0.061376,0.060877,0.053986,0.015455,0.040287,0.013412,0.044671,0.10362,0.068566
0.06787,0.033733,0.02278,0.031021,0.023006,0.062074,0.10104,0.020431,0.044396,0.10069,0.018774,0.064031,0.047768,0.018277,0.036119,0.15797,0.13781,0.018496,0.030002,0.013148,0.094857,0.043661,0.015038,0.018308,0.020602,0.12153,0.015762,0.015899,0.020639,0.023947,0.060338,0.060542,0.053631,0.015438,0.039775,0.013367,0.044127,0.10285,0.068192
0.067399,0.034009,0.022805,0.030768,0.022919,0.062265,0.10151,0.020335,0.043781,0.10037,0.018645,0.065082,0.047994,0.018112,0.036265,0.1563,0.13698,0.018674,0.029533,0.013102,0.094895,0.043302,0.014908,0.018128,0.020625,0.12156,0.015705,0.015742,0.020528,0.023749,0.059313,0.061108,0.053277,0.015404,0.039247,0.013302,0.043577,0.10207,0.067807
0.066927,0.034334,0.02282,0.030517,0.022829,0.06245,0.10198,0.020237,0.043174,0.10003,0.018522,0.066131,0.048173,0.017945,0.036395,0.15461,0.13615,0.018851,0.029095,0.013061,0.094915,0.042945,0.014775,0.017952,0.02064,0.12151,0.01564,0.015584,0.020417,0.023549,0.058303,0.061615,0.052915,0.015423,0.038709,0.013216,0.043018,0.1013,0.067409
0.066454,0.034706,0.022824,0.030267,0.022734,0.062627,0.10246,0.020138,0.042575,0.099677,0.018406,0.067167,0.048314,0.017777,0.036504,0.15296,0.1353,0.019027,0.028688,0.01302,0.094921,0.04259,0.014638,0.017777,0.020647,0.1214,0.015568,0.015427,0.020308,0.023347,0.057309,0.062056,0.05255,0.015593,0.038157,0.013109,0.043778,0.10052,0.067
0.065981,0.035117,0.022816,0.03002,0.022636,0.062795,0.10294,0.020038,0.041982,0.099305,0.0183,0.06819,0.048422,0.017606,0.036591,0.15227,0.13445,0.0192,0.028313,0.01298,0.094912,0.042537,0.014537,0.017603,0.020645,0.12121,0.015487,0.01527,0.020199,0.023141,0.056332,0.062441,0.052183,0.015759,0.037598,0.012983,0.044664,0.099743,0.066581
0.065508,0.035567,0.022796,0.029775,0.022534,0.062955,0.10341,0.019937,0.041396,0.098923,0.018204,0.069198,0.048495,0.017433,0.036661,0.15155,0.1336,0.01937,0.027972,0.012943,0.094889,0.042501,0.014586,0.017432,0.020634,0.12094,0.0154,0.015112,0.02009,0.022935,0.055373,0.062753,0.05181,0.015921,0.037027,0.012836,0.045567,0.098968,0.066204
0.065034,0.036042,0.022761,0.029532,0.022429,0.063105,0.10388,0.019836,0.040819,0.098532,0.01812,0.070182,0.04858,0.017258,0.036711,0.15081,0.13274,0.019535,0.027662,0.012907,0.094856,0.042455,0.014633,0.017262,0.020615,0.12059,0.015305,0.014955,0.019982,0.022726,0.054435,0.063229,0.051429,0.016078,0.03645,0.012671,0.046479,0.098193,0.065892
0.064561,0.036533,0.02271,0.02929,0.022321,0.063247,0.10435,0.019734,0.040249,0.098137,0.01805,0.07114,0.048957,0.017082,0.036743,0.15005,0.13188,0.019695,0.027385,0.012873,0.094811,0.042401,0.014678,0.017094,0.020588,0.12016,0.015205,0.014798,0.019875,0.022514,0.053518,0.063978,0.051052,0.01623,0.035864,0.012489,0.047391,0.097421,0.065573
0.064088,0.037037,0.02264,0.029051,0.022209,0.063384,0.1048,0.019631,0.039686,0.097749,0.017994,0.072069,0.049289,0.016908,0.03676,0.14926,0.13101,0.01985,0.02714,0.012837,0.094756,0.042337,0.01472,0.016929,0.020552,0.11965,0.015098,0.014641,0.019769,0.0223,0.052625,0.064691,0.050667,0.016376,0.035273,0.012292,0.048295,0.096651,0.065248
0.063616,0.037536,0.022772,0.028813,0.022095,0.063517,0.10524,0.019527,0.039129,0.097373,0.017954,0.072968,0.049576,0.016734,0.036763,0.14845,0.13014,0.019997,0.026926,0.012801,0.094692,0.042266,0.01476,0.016765,0.020507,0.11905,0.014986,0.014485,0.019663,0.022085,0.051754,0.065368,0.050275,0.016516,0.034676,0.01238,0.049182,0.095885,0.064917
0.06315,0.038029,0.023089,0.028577,0.021977,0.063649,0.10566,0.019422,0.03858,0.097013,0.01793,0.073833,0.049823,0.016558,0.036756,0.14763,0.12927,0.020136,0.026743,0.012762,0.094621,0.042186,0.014797,0.016603,0.020454,0.11836,0.014869,0.014329,0.019558,0.021868,0.050907,0.066013,0.049882,0.016649,0.034075,0.012586,0.050048,0.095123,0.064581
0.062687,0.038498,0.023413,0.028342,0.021856,0.063783,0.10607,0.019317,0.03804,0.096673,0.017924,0.074663,0.050024,0.016381,0.03694,0.14679,0.12839,0.020266,0.026589,0.012722,0.094542,0.0421,0.014832,0.016443,0.020393,0.11761,0.014748,0.014173,0.019453,0.021649,0.050083,0.066618,0.049488,0.016775,0.033469,0.012787,0.050886,0.094367,0.06424
0.062224,0.038943,0.023743,0.02811,0.021733,0.063917,0.10646,0.019211,0.037507,0.096354,0.017936,0.075456,0.050178,0.016202,0.037217,0.14593,0.12751,0.020388,0.026462,0.012679,0.094457,0.042006,0.014865,0.016284,0.020324,0.11676,0.014623,0.014018,0.019349,0.021429,0.049285,0.067184,0.049087,0.016892,0.032862,0.012983,0.051689,0.093618,0.063895
0.061761,0.039353,0.024077,0.027879,0.021607,0.064054,0.10682,0.019104,0.036981,0.096043,0.017966,0.076211,0.050291,0.016021,0.037471,0.14507,0.12663,0.0205,0.026362,0.012635,0.094366,0.041906,0.014895,0.016128,0.020247,0.11583,0.014495,0.013864,0.019246,0.021208,0.04986,0.067715,0.048679,0.017001,0.032252,0.013169,0.052454,0.092874,0.063547
0.061299,0.039721,0.024415,0.02765,0.021478,0.064193,0.10716,0.018997,0.036462,0.095723,0.018014,0.076927,0.050358,0.01584,0.037702,0.14419,0.12574,0.020603,0.026285,0.012589,0.09427,0.041801,0.014923,0.015974,0.020162,0.11483,0.014366,0.01371,0.019144,0.020984,0.050485,0.068206,0.048274,0.017101,0.031643,0.013344,0.053176,0.092139,0.063196
0.060838,0.040043,0.024755,0.027423,0.021346,0.064336,0.10748,0.018889,0.03595,0.095377,0.018081,0.077602,0.050378,0.015657,0.037912,0.14331,0.12486,0.020697,0.026231,0.01254,0.094171,0.04169,0.014948,0.015822,0.020069,0.11374,0.014235,0.013557,0.019042,0.02076,0.051055,0.068657,0.047865,0.017192,0.031032,0.013507,0.053852,0.091409,0.062841
0.060378,0.040315,0.025094,0.027197,0.021213,0.064479,0.10777,0.018781,0.035446,0.094996,0.018164,0.078235,0.050357,0.015473,0.038104,0.14242,0.12397,0.020781,0.026198,0.012491,0.094067,0.041577,0.014971,0.015671,0.019969,0.11257,0.014104,0.013405,0.01894,0.020535,0.051556,0.069068,0.04745,0.017273,0.030422,0.013657,0.054482,0.090687,0.062483
0.059919,0.040541,0.025432,0.026973,0.021077,0.064619,0.10803,0.018673,0.035166,0.094578,0.018264,0.078827,0.050298,0.015288,0.038289,0.14152,0.12309,0.020855,0.026182,0.012439,0.093961,0.041461,0.014991,0.015522,0.019861,0.11168,0.013975,0.013254,0.018839,0.02031,0.052005,0.069445,0.04703,0.017346,0.029813,0.013796,0.055065,0.089971,0.062122
0.059461,0.040718,0.025765,0.026751,0.020938,0.064753,0.10826,0.018563,0.035373,0.094119,0.01838,0.079377,0.050203,0.015102,0.038481,0.14062,0.12221,0.020919,0.026183,0.012386,0.093852,0.041342,0.015008,0.015376,0.019746,0.11092,0.013848,0.013103,0.018739,0.020086,0.052385,0.069785,0.046614,0.01741,0.029206,0.01392,0.055603,0.089259,0.061758
0.059005,0.040856,0.026097,0.026531,0.020797,0.064878,0.10846,0.018454,0.035566,0.093617,0.018509,0.079888,0.050077,0.014915,0.038667,0.13972,0.12132,0.020973,0.026198,0.012332,0.093742,0.041222,0.015023,0.015231,0.019623,0.11009,0.013722,0.012953,0.01864,0.019867,0.052713,0.070086,0.046193,0.017568,0.028602,0.01403,0.056098,0.088551,0.061389
0.058552,0.040966,0.026445,0.026312,0.020655,0.064994,0.10863,0.018344,0.035745,0.093139,0.018651,0.080361,0.049928,0.014727,0.038834,0.13882,0.12044,0.021017,0.026223,0.012276,0.09363,0.041102,0.015035,0.015088,0.019494,0.10921,0.013598,0.012805,0.018541,0.019648,0.052979,0.070349,0.045768,0.017781,0.028,0.014124,0.056549,0.087846,0.061018
0.058105,0.04104,0.02682,0.026096,0.02051,0.0651,0.10876,0.018234,0.035909,0.092766,0.018803,0.080795,0.04976,0.014539,0.038978,0.13792,0.11956,0.021051,0.026259,0.012217,0.093519,0.04098,0.015045,0.014947,0.019358,0.10826,0.013474,0.012762,0.018443,0.019429,0.05319,0.070575,0.045339,0.017998,0.027403,0.014201,0.05696,0.087143,0.060643
0.057659,0.041074,0.027188,0.025881,0.020364,0.065193,0.10885,0.018123,0.036061,0.092382,0.018964,0.08119,0.049574,0.014361,0.039096,0.13701,0.11868,0.021074,0.026301,0.012157,0.093407,0.040855,0.015052,0.014808,0.019215,0.10725,0.013351,0.012725,0.018346,0.019349,0.053347,0.070761,0.044913,0.018215,0.026809,0.014262,0.05733,0.086442,0.060264
0.057214,0.041063,0.027548,0.025669,0.020216,0.065277,0.10891,0.018012,0.036197,0.091983,0.019133,0.081551,0.049371,0.014261,0.039185,0.13611,0.11844,0.021086,0.026349,0.012095,0.093296,0.040729,0.015057,0.014671,0.019066,0.10618,0.013229,0.012688,0.018249,0.019268,0.053448,0.070909,0.044483,0.018429,0.026667,0.014308,0.057663,0.085743,0.060265
0.056771,0.041002,0.027901,0.025458,0.020066,0.065347,0.10894,0.017901,0.036322,0.091571,0.019305,0.081879,0.04915,0.014159,0.039246,0.13521,0.11828,0.021088,0.026399,0.012032,0.093186,0.040598,0.015059,0.014536,0.018911,0.10507,0.013109,0.01265,0.018153,0.019185,0.053505,0.071017,0.04405,0.018639,0.026527,0.01434,0.057963,0.085366,0.060985
0.056329,0.040888,0.028243,0.025249,0.019915,0.065404,0.10892,0.01779,0.036433,0.091146,0.01948,0.082173,0.048911,0.014057,0.039282,0.13431,0.11811,0.02108,0.02645,0.011966,0.093077,0.040466,0.015058,0.014402,0.018749,0.10389,0.01299,0.012611,0.018058,0.019102,0.053507,0.071089,0.043614,0.018843,0.026386,0.014357,0.058232,0.085123,0.06175
0.055889,0.040722,0.028576,0.025041,0.019762,0.06545,0.10887,0.017679,0.036533,0.090709,0.019656,0.082435,0.048653,0.013956,0.039289,0.13341,0.11794,0.021061,0.026499,0.0119,0.092969,0.040331,0.015056,0.01427,0.018593,0.10267,0.012873,0.012572,0.017963,0.019018,0.053467,0.071118,0.043182,0.019043,0.026245,0.014362,0.058473,0.084879,0.062469
0.055451,0.040502,0.028899,0.024836,0.019608,0.065483,0.10877,0.017567,0.036619,0.090262,0.01983,0.082667,0.048375,0.013856,0.039267,0.13251,0.11777,0.021034,0.026546,0.011831,0.092864,0.040193,0.01505,0.01414,0.018617,0.10139,0.01276,0.012531,0.017869,0.018932,0.053379,0.071105,0.042745,0.019239,0.026104,0.014355,0.058686,0.084636,0.063143
0.055014,0.040231,0.029209,0.024632,0.019453,0.065502,0.10863,0.017456,0.036695,0.089805,0.020001,0.082874,0.048074,0.013755,0.03922,0.13161,0.11759,0.020997,0.026588,0.011762,0.09276,0.040053,0.015043,0.014012,0.01863,0.10007,0.01265,0.01249,0.017775,0.018845,0.053248,0.07105,0.042306,0.019431,0.025963,0.014339,0.058874,0.084391,0.063771
0.054579,0.039909,0.029508,0.024429,0.019296,0.065509,0.10846,0.017344,0.036758,0.089338,0.020166,0.083056,0.047753,0.013654,0.039149,0.13072,0.11741,0.020953,0.026623,0.011691,0.092657,0.039911,0.015033,0.013886,0.018633,0.098708,0.012543,0.012449,0.017682,0.018757,0.053078,0.070957,0.041865,0.019618,0.025822,0.014315,0.059034,0.084144,0.064352
0.054146,0.039543,0.029793,0.024229,0.019139,0.065504,0.10824,0.017232,0.03681,0.088861,0.020325,0.083215,0.047458,0.013551,0.039056,0.12982,0.11722,0.020901,0.026651,0.01162,0.092557,0.039769,0.01502,0.013761,0.018626,0.098166,0.01244,0.012407,0.01759,0.018668,0.052862,0.070821,0.041427,0.019798,0.025681,0.014285,0.059168,0.083895,0.064883
0.05372,0.039134,0.030061,0.02403,0.01898,0.065486,0.10798,0.017121,0.036853,0.088375,0.020474,0.083355,0.047516,0.013449,0.038941,0.12893,0.11702,0.020841,0.026669,0.011547,0.092458,0.039627,0.015006,0.013655,0.01861,0.097914,0.01234,0.012364,0.017498,0.018577,0.052616,0.070641,0.040987,0.019969,0.02554,0.014314,0.059277,0.083647,0.065364
0.053296,0.038689,0.030317,0.023832,0.01882,0.065456,0.10767,0.017009,0.036883,0.087878,0.020614,0.083478,0.047551,0.013345,0.038803,0.12803,0.11681,0.020773,0.026677,0.011475,0.09236,0.039485,0.014989,0.01358,0.018583,0.097621,0.012243,0.01232,0.017407,0.018486,0.052327,0.070428,0.040545,0.020131,0.025399,0.014402,0.05936,0.083398,0.065794
0.052874,0.038214,0.030555,0.023637,0.01866,0.065413,0.10733,0.016898,0.036904,0.087373,0.020743,0.083588,0.047567,0.013241,0.038644,0.12714,0.1166,0.020699,0.026674,0.011402,0.092263,0.039345,0.01497,0.013505,0.018548,0.097278,0.012149,0.012277,0.017316,0.018393,0.052004,0.070173,0.0401,0.020282,0.025258,0.01448,0.059415,0.083147,0.066174
0.052454,0.037712,0.030778,0.023443,0.018499,0.065359,0.10694,0.016786,0.036915,0.086859,0.020859,0.083687,0.047561,0.013136,0.038463,0.12624,0.11637,0.020617,0.026658,0.011328,0.092168,0.039207,0.014949,0.01343,0.018504,0.096899,0.012059,0.012232,0.017226,0.0183,0.051647,0.069874,0.039658,0.020422,0.025116,0.014549,0.059441,0.082895,0.066504
0.052036,0.037193,0.030982,0.023251,0.018337,0.065293,0.10652,0.016675,0.036916,0.086336,0.020962,0.083781,0.047532,0.013031,0.038263,0.12534,0.11614,0.020529,0.02663,0.011254,0.092075,0.039072,0.014926,0.013356,0.018451,0.096471,0.011972,0.012188,0.017137,0.018207,0.051252,0.069542,0.039216,0.020549,0.024975,0.014609,0.059436,0.082642,0.066787
0.05162,0.03666,0.03117,0.02306,0.018174,0.065216,0.10606,0.016564,0.036909,0.085803,0.021051,0.083872,0.047487,0.012926,0.038043,0.12444,0.1159,0.020436,0.026588,0.011179,0.091982,0.038939,0.014901,0.013282,0.018389,0.096006,0.011889,0.012143,0.017048,0.018112,0.050832,0.069169,0.038773,0.020665,0.024834,0.014661,0.059399,0.082492,0.067022
0.051206,0.036127,0.031339,0.022871,0.018011,0.065127,0.10556,0.016453,0.036892,0.085257,0.021126,0.083962,0.04742,0.01282,0.037805,0.12354,0.11565,0.020338,0.026534,0.011104,0.09189,0.038806,0.014874,0.013208,0.018321,0.095498,0.01181,0.012097,0.016959,0.018016,0.050375,0.068754,0.038328,0.020768,0.024692,0.014704,0.059329,0.082373,0.06721
0.050794,0.035712,0.031491,0.022683,0.017848,0.065027,0.10502,0.016342,0.036865,0.084698,0.021187,0.084053,0.047331,0.012714,0.037547,0.12263,0.11539,0.020235,0.026466,0.011028,0.091798,0.038672,0.014845,0.013135,0.018245,0.09495,0.011735,0.012051,0.016871,0.017919,0.049887,0.068309,0.037883,0.020859,0.024551,0.01474,0.059222,0.082247,0.067353
0.050385,0.035338,0.031625,0.022498,0.017684,0.064917,0.10444,0.016232,0.036832,0.084125,0.021232,0.084148,0.047228,0.012607,0.037271,0.12172,0.11512,0.02013,0.026386,0.010951,0.091707,0.038536,0.014815,0.013063,0.018163,0.094353,0.011664,0.012005,0.016784,0.017821,0.049371,0.067821,0.03744,0.020935,0.024409,0.014768,0.059077,0.082111,0.067449
0.049977,0.034964,0.031739,0.022314,0.017519,0.064797,0.10383,0.016122,0.036789,0.083538,0.021262,0.084252,0.047105,0.0125,0.036979,0.1208,0.11484,0.020023,0.026292,0.010875,0.091616,0.038397,0.014784,0.012991,0.018075,0.093718,0.011597,0.01196,0.016697,0.017722,0.048822,0.0673,0.036999,0.020998,0.024268,0.014792,0.058893,0.081966,0.067502
0.049573,0.03459,0.031839,0.022131,0.017354,0.064666,0.10318,0.016012,0.036738,0.082935,0.021277,0.084363,0.046964,0.012393,0.036673,0.11988,0.11454,0.019914,0.026184,0.010798,0.091526,0.038257,0.014752,0.012919,0.017981,0.093178,0.011535,0.011914,0.016611,0.017622,0.048247,0.066743,0.036556,0.021047,0.024127,0.014811,0.058671,0.081812,0.067508
0.049175,0.034219,0.031921,0.02195,0.017189,0.064525,0.1025,0.015902,0.036681,0.082317,0.021278,0.08462,0.046805,0.012285,0.036358,0.11895,0.11424,0.019804,0.026061,0.01072,0.091435,0.038113,0.014719,0.012848,0.017883,0.092792,0.011477,0.011868,0.016525,0.017523,0.047642,0.066148,0.036291,0.021083,0.023985,0.014825,0.058409,0.081647,0.067472
0.048778,0.033854,0.031987,0.021771,0.017024,0.064375,0.10178,0.015793,0.036616,0.081684,0.021264,0.085227,0.046634,0.012178,0.036042,0.11802,0.11392,0.019695,0.026107,0.010644,0.091344,0.037967,0.014684,0.012778,0.017778,0.092367,0.011423,0.011821,0.016441,0.017422,0.047007,0.065525,0.036085,0.021104,0.023844,0.014834,0.058109,0.081476,0.067392
0.048384,0.0335,0.032041,0.021593,0.016859,0.064216,0.10104,0.015684,0.036542,0.081038,0.021237,0.085814,0.046445,0.01207,0.035721,0.11709,0.11358,0.019586,0.026268,0.010568,0.091252,0.03782,0.014648,0.012708,0.017669,0.091901,0.011374,0.011775,0.016356,0.017321,0.046348,0.064863,0.035879,0.02111,0.023702,0.014837,0.057863,0.081292,0.067273
0.047992,0.033159,0.032085,0.021417,0.016705,0.064048,0.10026,0.015575,0.036464,0.080377,0.021198,0.086387,0.046241,0.011962,0.035389,0.11614,0.11324,0.019479,0.026415,0.010492,0.09116,0.037672,0.01461,0.012638,0.017555,0.091394,0.011329,0.011728,0.016273,0.017219,0.045661,0.064177,0.035672,0.021104,0.023562,0.014834,0.057673,0.081103,0.067115
0.047603,0.032833,0.032121,0.021242,0.016641,0.063871,0.099447,0.015466,0.036378,0.079704,0.021147,0.086945,0.04602,0.011854,0.035453,0.1152,0.11288,0.019373,0.026549,0.010418,0.091067,0.037525,0.014569,0.012569,0.017438,0.090847,0.011289,0.011681,0.01619,0.017116,0.044946,0.063455,0.035463,0.021085,0.023421,0.014823,0.057437,0.080901,0.066922
0.047216,0.032529,0.032152,0.021069,0.016573,0.063686,0.098604,0.015358,0.036284,0.079018,0.021084,0.087483,0.045786,0.011745,0.035607,0.11424,0.11251,0.019269,0.026669,0.010343,0.090974,0.037381,0.014526,0.012501,0.017317,0.09026,0.011253,0.011634,0.016107,0.017013,0.044207,0.062707,0.035251,0.021053,0.023279,0.014805,0.057158,0.080694,0.066697
0.046831,0.032246,0.032185,0.020898,0.016501,0.063493,0.097729,0.01525,0.036185,0.078321,0.021012,0.08801,0.045538,0.011637,0.035748,0.11328,0.11212,0.019166,0.026773,0.010269,0.090879,0.037349,0.014481,0.012434,0.017195,0.089635,0.011222,0.011587,0.016025,0.016909,0.043444,0.061965,0.035037,0.021012,0.023138,0.014781,0.05684,0.080474,0.066441
0.046448,0.031991,0.032219,0.020788,0.016424,0.063292,0.096821,0.015142,0.036081,0.077614,0.020932,0.088515,0.045276,0.011529,0.035878,0.11232,0.11172,0.019066,0.026862,0.010196,0.090783,0.037383,0.014432,0.012367,0.017072,0.088974,0.011195,0.011539,0.015943,0.016804,0.042655,0.061413,0.03482,0.02096,0.022997,0.014749,0.056484,0.080249,0.066156
0.046068,0.031761,0.032251,0.020697,0.016343,0.063082,0.095882,0.015035,0.035969,0.076898,0.020843,0.089003,0.044998,0.01142,0.035997,0.1114,0.11131,0.018968,0.026935,0.010122,0.090685,0.037417,0.014381,0.012301,0.017099,0.088281,0.011173,0.011492,0.015862,0.0167,0.041842,0.060819,0.034602,0.020897,0.022857,0.014712,0.056095,0.080013,0.065844
0.04569,0.031563,0.032278,0.020606,0.016259,0.062865,0.094913,0.014927,0.035853,0.076174,0.020748,0.08947,0.044707,0.011312,0.036111,0.11093,0.11088,0.018872,0.026992,0.010048,0.090586,0.037449,0.014328,0.012235,0.017184,0.087561,0.011155,0.011444,0.015782,0.016594,0.04101,0.060185,0.034381,0.020824,0.022717,0.014668,0.055672,0.079769,0.065506
0.045316,0.031393,0.032312,0.020515,0.01617,0.062639,0.093913,0.014821,0.035731,0.075444,0.020647,0.089914,0.044404,0.011204,0.03623,0.11045,0.11044,0.018778,0.027033,0.0099733,0.090485,0.037479,0.014271,0.01217,0.017259,0.086811,0.011141,0.011397,0.015702,0.016489,0.040155,0.059522,0.034159,0.02074,0.022577,0.014618,0.055221,0.079517,0.065144
0.044947,0.031252,0.032376,0.020425,0.016077,0.062405,0.09339,0.014714,0.035604,0.07471,0.020542,0.090338,0.044087,0.011096,0.036348,0.10997,0.10998,0.018687,0.027058,0.0098985,0.090383,0.037507,0.014212,0.012105,0.017321,0.086033,0.011131,0.011349,0.015622,0.016382,0.03928,0.058822,0.033935,0.020643,0.022436,0.01461,0.054742,0.079255,0.064758
0.04458,0.031143,0.032448,0.020335,0.015981,0.062162,0.093066,0.014607,0.03547,0.073972,0.020433,0.090735,0.043756,0.011098,0.036459,0.10947,0.10951,0.0186,0.027066,0.0098231,0.090279,0.037534,0.014149,0.012041,0.017371,0.085237,0.011124,0.011302,0.015543,0.016275,0.038387,0.058089,0.033709,0.020535,0.022296,0.014682,0.05424,0.078987,0.064349
0.044215,0.031063,0.032517,0.020245,0.015881,0.061912,0.09272,0.014501,0.035334,0.073231,0.020322,0.09111,0.043416,0.011109,0.036561,0.10898,0.10903,0.018516,0.027057,0.0097468,0.090173,0.037562,0.014084,0.011978,0.017406,0.084414,0.011122,0.011254,0.015465,0.016168,0.037699,0.057382,0.033481,0.020415,0.022157,0.014749,0.053717,0.078709,0.06392
0.043853,0.03101,0.032577,0.020154,0.015778,0.061654,0.092353,0.014395,0.035192,0.072487,0.020209,0.091457,0.043064,0.011118,0.036654,0.10847,0.10853,0.018435,0.027031,0.0096698,0.090064,0.037591,0.014016,0.011915,0.017426,0.083565,0.011123,0.011207,0.015387,0.01606,0.037635,0.056636,0.033252,0.020286,0.022018,0.014813,0.053175,0.078425,0.063471
0.043493,0.030987,0.032629,0.020063,0.015671,0.061387,0.091965,0.01429,0.035044,0.07174,0.020096,0.091774,0.042699,0.011126,0.036737,0.10796,0.10801,0.018358,0.026988,0.0095918,0.089954,0.03762,0.013945,0.011853,0.01743,0.082693,0.011127,0.011159,0.015309,0.015952,0.037714,0.05585,0.033021,0.020147,0.021879,0.014871,0.052615,0.078132,0.063004
0.043136,0.030986,0.03267,0.019972,0.015562,0.061112,0.09156,0.014184,0.034895,0.07099,0.019983,0.092064,0.042325,0.011132,0.036808,0.10745,0.10749,0.018284,0.026927,0.0095128,0.089842,0.037647,0.013872,0.011792,0.017416,0.081797,0.011135,0.011112,0.015232,0.015845,0.037798,0.055018,0.032789,0.019998,0.02174,0.014924,0.05204,0.077829,0.06252
0.042781,0.031008,0.032699,0.01988,0.015449,0.060831,0.091142,0.014079,0.034739,0.070235,0.019871,0.092319,0.041943,0.011136,0.036867,0.10692,0.10695,0.018214,0.026847,0.0094328,0.089727,0.037672,0.013795,0.011731,0.017385,0.080874,0.011145,0.011064,0.015156,0.015736,0.037884,0.054156,0.032558,0.01984,0.021601,0.01497,0.05145,0.077523,0.062021
0.042429,0.031051,0.032717,0.019789,0.015333,0.060542,0.090707,0.013974,0.034579,0.069477,0.01976,0.092533,0.041554,0.011138,0.036912,0.1064,0.10639,0.018148,0.026749,0.0093519,0.089611,0.037697,0.013716,0.011671,0.017334,0.079923,0.011159,0.011017,0.01512,0.015627,0.037974,0.053253,0.032327,0.019674,0.021462,0.015011,0.050845,0.077207,0.061509
0.042079,0.031111,0.032722,0.019697,0.015215,0.060245,0.090266,0.01387,0.034417,0.068713,0.019651,0.092711,0.041158,0.011138,0.036946,0.10587,0.10583,0.018086,0.026632,0.0092701,0.089492,0.03772,0.013634,0.011612,0.017265,0.078945,0.011174,0.01097,0.015086,0.015518,0.038066,0.052319,0.032094,0.019499,0.021325,0.015043,0.050226,0.076883,0.060986
0.041731,0.031185,0.032714,0.019604,0.015094,0.059941,0.089815,0.013766,0.03425,0.067944,0.019544,0.092842,0.040758,0.011137,0.036963,0.10534,0.10525,0.018028,0.026496,0.0091874,0.089371,0.037741,0.01355,0.011553,0.017238,0.077939,0.011192,0.010923,0.015049,0.015409,0.038159,0.051389,0.031861,0.019318,0.021187,0.015066,0.049594,0.076554,0.060452
0.041386,0.03127,0.032693,0.01951,0.014971,0.05963,0.089361,0.013661,0.034079,0.067168,0.01944,0.092923,0.040353,0.011136,0.03697,0.10492,0.10465,0.017973,0.02634,0.009104,0.089248,0.03776,0.013462,0.011495,0.017202,0.076907,0.011212,0.010876,0.015011,0.015299,0.038253,0.050476,0.031626,0.01913,0.02105,0.015079,0.048948,0.076215,0.05991
0.041046,0.031364,0.032657,0.019416,0.014845,0.059313,0.088902,0.013558,0.033906,0.066388,0.019338,0.09296,0.039945,0.011134,0.03696,0.10464,0.10405,0.017922,0.026167,0.0090198,0.089122,0.037775,0.013372,0.011437,0.017151,0.075848,0.011234,0.01083,0.014971,0.015189,0.038347,0.050191,0.031391,0.018937,0.020913,0.015081,0.048288,0.075871,0.05936
0.040708,0.031462,0.032605,0.019321,0.014717,0.05899,0.088435,0.013455,0.033728,0.065603,0.019269,0.09295,0.039532,0.01113,0.036939,0.10437,0.10343,0.017874,0.025975,0.0089352,0.088995,0.037788,0.01328,0.01138,0.017085,0.074765,0.011257,0.010783,0.014929,0.01508,0.038441,0.05004,0.031154,0.01874,0.020776,0.01507,0.047615,0.075521,0.058804
0.040374,0.031561,0.032541,0.019225,0.014586,0.058661,0.087959,0.013352,0.033548,0.064812,0.019235,0.09289,0.039113,0.011125,0.036902,0.1041,0.1028,0.01783,0.025765,0.0088579,0.088865,0.037797,0.013185,0.011324,0.017006,0.073661,0.011282,0.010737,0.014885,0.01497,0.038534,0.049887,0.030917,0.01854,0.02064,0.015046,0.046926,0.075162,0.058242
0.040041,0.03166,0.032457,0.019129,0.014454,0.058329,0.087592,0.013249,0.033365,0.064018,0.019202,0.092779,0.038689,0.011119,0.036853,0.10382,0.10217,0.01779,0.025834,0.0088036,0.088733,0.037801,0.013087,0.011269,0.016912,0.072535,0.011307,0.010691,0.014839,0.01486,0.038628,0.049727,0.030679,0.018336,0.020504,0.015009,0.046223,0.074798,0.057677
0.039711,0.031755,0.032364,0.019033,0.01432,0.057993,0.087438,0.013147,0.033178,0.06322,0.01917,0.092612,0.038258,0.01111,0.03679,0.10354,0.10152,0.017752,0.025966,0.0087494,0.088599,0.037802,0.012987,0.011214,0.016805,0.072,0.011334,0.010645,0.014791,0.01475,0.03872,0.049563,0.030441,0.018131,0.020368,0.014958,0.045504,0.074429,0.05711
0.039384,0.031844,0.03225,0.018935,0.014184,0.057654,0.087255,0.013045,0.03299,0.062418,0.019139,0.092387,0.037821,0.0111,0.036714,0.10324,0.10086,0.017718,0.026086,0.0086951,0.088463,0.037798,0.012885,0.01116,0.016685,0.071593,0.011361,0.010599,0.014743,0.014639,0.03881,0.049397,0.030202,0.017924,0.020234,0.014894,0.044769,0.074051,0.056542
0.039059,0.031924,0.032126,0.018837,0.014047,0.057313,0.087049,0.012944,0.032798,0.061615,0.01911,0.092102,0.037382,0.011089,0.036625,0.10293,0.10019,0.017688,0.026193,0.0086409,0.088325,0.037789,0.01278,0.011106,0.016554,0.071169,0.011388,0.010591,0.014692,0.014535,0.038897,0.049225,0.029962,0.017715,0.020099,0.014817,0.044018,0.073668,0.055975
0.038736,0.031994,0.031983,0.018737,0.013909,0.056973,0.086824,0.012843,0.032605,0.060809,0.019083,0.09176,0.036936,0.011076,0.036523,0.10262,0.099507,0.01766,0.026288,0.0085868,0.088185,0.037777,0.012673,0.011053,0.016411,0.070727,0.011415,0.010622,0.014639,0.014454,0.038981,0.049053,0.029722,0.017505,0.019965,0.014726,0.043251,0.073307,0.05541
0.038416,0.032051,0.031831,0.018637,0.013769,0.056632,0.086574,0.012742,0.032408,0.060002,0.019057,0.09136,0.036486,0.011061,0.03641,0.10229,0.09882,0.017634,0.02637,0.0085326,0.088043,0.037759,0.012564,0.011001,0.016257,0.070267,0.011443,0.010651,0.014586,0.014372,0.039062,0.048875,0.029482,0.017293,0.019831,0.01462,0.042468,0.073069,0.054848
0.038099,0.032093,0.03166,0.018535,0.013629,0.056291,0.086303,0.012641,0.032211,0.059196,0.019033,0.090905,0.036035,0.011045,0.036284,0.10196,0.098125,0.017612,0.026439,0.0084784,0.087899,0.037738,0.012453,0.01095,0.016091,0.069791,0.01147,0.010679,0.01453,0.01429,0.039139,0.048695,0.029242,0.017081,0.019697,0.014509,0.04167,0.07283,0.05429
0.037784,0.032121,0.031479,0.018434,0.013487,0.05595,0.086017,0.012541,0.03201,0.058392,0.019009,0.090398,0.035581,0.011028,0.036149,0.10162,0.097422,0.017592,0.026496,0.0084243,0.087753,0.037713,0.012339,0.010899,0.015913,0.069304,0.011496,0.010706,0.014474,0.014207,0.039211,0.048511,0.029001,0.016867,0.019564,0.014472,0.040858,0.072592,0.053738
0.037471,0.032132,0.031281,0.018331,0.013345,0.05561,0.085712,0.012441,0.031808,0.057591,0.018985,0.089838,0.035124,0.011009,0.036003,0.10127,0.096711,0.017575,0.026539,0.0083702,0.087606,0.037683,0.012224,0.010849,0.015724,0.06881,0.011522,0.010732,0.014416,0.014123,0.039279,0.048321,0.028761,0.016653,0.019432,0.014419,0.040034,0.072354,0.053193
0.037161,0.032126,0.031074,0.018228,0.013202,0.05527,0.085389,0.012342,0.031605,0.056795,0.018963,0.08922,0.034665,0.010989,0.035846,0.10091,0.095993,0.017561,0.026569,0.0083161,0.087458,0.03765,0.012106,0.0108,0.015523,0.068317,0.011548,0.010757,0.014356,0.014038,0.039341,0.048131,0.02852,0.016437,0.0193,0.014349,0.039198,0.072115,0.052655
0.036854,0.032103,0.030851,0.018123,0.013059,0.054929,0.08505,0.012244,0.0314,0.056004,0.018941,0.088545,0.034206,0.010968,0.035683,0.10054,0.095269,0.017548,0.026586,0.0082621,0.087307,0.037613,0.011987,0.010751,0.01531,0.067831,0.011572,0.01078,0.014295,0.013953,0.039398,0.047936,0.028282,0.01622,0.019169,0.014263,0.038353,0.071877,0.052127
0.036551,0.032063,0.030619,0.018017,0.012915,0.054587,0.084698,0.012145,0.031194,0.055221,0.018919,0.087811,0.033747,0.010945,0.03551,0.10016,0.094539,0.017538,0.02659,0.0082082,0.087156,0.037572,0.011865,0.010703,0.015087,0.067348,0.011597,0.010802,0.014234,0.013869,0.039454,0.047735,0.028044,0.016076,0.019038,0.014161,0.0375,0.071639,0.051608
0.03625,0.032006,0.030372,0.017911,0.012771,0.054243,0.084333,0.012047,0.030987,0.054446,0.018897,0.087019,0.033289,0.010921,0.035327,0.099767,0.093804,0.017531,0.026579,0.0081544,0.087003,0.037528,0.011763,0.010656,0.014853,0.066862,0.011626,0.010824,0.01417,0.013783,0.039503,0.047531,0.027807,0.015942,0.018907,0.014195,0.036642,0.071401,0.0511
0.035951,0.03193,0.030117,0.017803,0.012627,0.053897,0.083957,0.011949,0.030778,0.053677,0.018873,0.086169,0.032832,0.010896,0.035137,0.099361,0.093064,0.017525,0.026553,0.0081005,0.086849,0.03748,0.011769,0.01061,0.01461,0.066362,0.011657,0.010844,0.014106,0.013698,0.039546,0.047326,0.027569,0.015805,0.018777,0.014301,0.036153,0.071423,0.050603
0.035655,0.031836,0.02985,0.017695,0.012483,0.053548,0.083569,0.011852,0.030568,0.052915,0.018848,0.085262,0.032376,0.010869,0.034937,0.09894,0.092319,0.017522,0.026512,0.0080467,0.086693,0.037429,0.01177,0.010564,0.014357,0.065848,0.011687,0.010863,0.014041,0.013611,0.039583,0.047115,0.027332,0.015665,0.018647,0.014398,0.035669,0.07156,0.050117
0.035362,0.03172,0.029573,0.017586,0.012339,0.05334,0.083172,0.011756,0.030357,0.052283,0.018819,0.0843,0.031923,0.010841,0.03473,0.098505,0.09157,0.017521,0.026455,0.0079931,0.086537,0.037375,0.011765,0.010519,0.014096,0.065318,0.011717,0.01088,0.013974,0.013525,0.039613,0.046898,0.027095,0.015525,0.018519,0.014487,0.035169,0.071687,0.049644
0.03507,0.031582,0.029289,0.017477,0.012195,0.053228,0.082764,0.011659,0.030146,0.05169,0.018788,0.083284,0.031473,0.010812,0.034514,0.098053,0.090818,0.017522,0.026383,0.0079394,0.08638,0.037318,0.011756,0.010474,0.013828,0.064771,0.011745,0.010897,0.013906,0.013438,0.039636,0.046681,0.026859,0.015381,0.01839,0.014569,0.034652,0.071805,0.049183
0.034781,0.031424,0.028997,0.017366,0.012052,0.053112,0.082346,0.011564,0.029932,0.051096,0.018755,0.082218,0.031025,0.010782,0.034289,0.097586,0.090062,0.017525,0.026295,0.0078858,0.086222,0.037257,0.011741,0.01043,0.013552,0.064208,0.011771,0.010912,0.013838,0.01335,0.039652,0.046461,0.026623,0.015238,0.018263,0.014643,0.034121,0.071914,0.048736
0.034495,0.031244,0.028699,0.017254,0.011909,0.052992,0.081917,0.011468,0.029718,0.0505,0.018722,0.081102,0.030581,0.010751,0.034057,0.097102,0.089302,0.017531,0.026192,0.0078323,0.086063,0.037194,0.011721,0.010387,0.01327,0.063628,0.011795,0.010926,0.013768,0.013263,0.039664,0.046235,0.026387,0.015093,0.018135,0.014712,0.033575,0.072012,0.048301
0.03421,0.031041,0.028395,0.017141,0.011767,0.052868,0.081477,0.011373,0.029503,0.049903,0.018689,0.080149,0.03014,0.010719,0.033816,0.096599,0.088539,0.017538,0.026073,0.0077789,0.085903,0.037127,0.011697,0.010344,0.012982,0.063032,0.011816,0.010938,0.013697,0.013175,0.03967,0.046005,0.026153,0.014948,0.018008,0.014779,0.033016,0.072102,0.04788
0.033928,0.030817,0.028086,0.017028,0.011625,0.052741,0.081025,0.011278,0.029286,0.049304,0.018653,0.079217,0.029702,0.010686,0.033567,0.096079,0.087774,0.017548,0.025938,0.0077255,0.085743,0.037058,0.011668,0.010302,0.012689,0.062422,0.011835,0.01095,0.013625,0.013087,0.039668,0.045774,0.025918,0.014802,0.017882,0.014842,0.032444,0.07218,0.047473
0.033649,0.030572,0.027771,0.016913,0.011484,0.05261,0.080562,0.011185,0.029068,0.048705,0.018614,0.07823,0.029267,0.010651,0.033311,0.095542,0.087007,0.017561,0.02579,0.0076722,0.085582,0.036986,0.011634,0.010261,0.012393,0.061798,0.01185,0.01096,0.013553,0.012999,0.039659,0.045541,0.025685,0.014656,0.017756,0.014899,0.031861,0.07225,0.047079
0.033371,0.030308,0.027451,0.016799,0.011343,0.052475,0.080087,0.011091,0.028849,0.048105,0.018571,0.077184,0.028835,0.010616,0.033047,0.094985,0.086237,0.017575,0.025987,0.007619,0.085421,0.036911,0.011595,0.01022,0.012094,0.061161,0.011862,0.010969,0.013479,0.01291,0.039641,0.045302,0.025453,0.014511,0.017631,0.01495,0.031268,0.072309,0.0467
0.033097,0.030025,0.027126,0.016683,0.011204,0.052337,0.079599,0.010998,0.028629,0.047506,0.018521,0.076087,0.028407,0.01058,0.032777,0.09441,0.085466,0.017592,0.026176,0.007566,0.085261,0.036832,0.011552,0.01018,0.011814,0.060513,0.01187,0.010977,0.013405,0.012821,0.039616,0.045059,0.025221,0.014366,0.017507,0.014994,0.030666,0.07236,0.046334
0.032824,0.029725,0.026796,0.016566,0.011066,0.052194,0.0791,0.010905,0.028408,0.046906,0.018466,0.074933,0.027983,0.010544,0.032498,0.093815,0.084694,0.017611,0.026354,0.0075131,0.0851,0.03675,0.011505,0.010141,0.011614,0.059854,0.011874,0.010984,0.01333,0.012733,0.039585,0.044818,0.02499,0.014222,0.017383,0.015031,0.030057,0.072399,0.045982
0.032555,0.029407,0.026462,0.016449,0.010928,0.052049,0.078592,0.010813,0.028185,0.046306,0.018404,0.073734,0.027562,0.010508,0.032215,0.093203,0.083921,0.017633,0.026522,0.0074604,0.084939,0.036666,0.011454,0.010102,0.011405,0.059185,0.011873,0.010989,0.013253,0.012644,0.039548,0.044572,0.02476,0.014078,0.01726,0.015061,0.029442,0.07243,0.045644
0.032288,0.029073,0.026125,0.016331,0.010793,0.0519,0.078071,0.010722,0.027962,0.045757,0.018336,0.072485,0.027143,0.010471,0.031922,0.092572,0.083146,0.017658,0.026679,0.0074081,0.084778,0.036579,0.011398,0.010063,0.011189,0.058508,0.011866,0.010993,0.013177,0.012555,0.039503,0.044322,0.024531,0.013937,0.017137,0.015085,0.028994,0.072451,0.04532
0.032024,0.028726,0.025786,0.016212,0.010659,0.051748,0.077537,0.01063,0.027736,0.045413,0.018264,0.071189,0.02673,0.010434,0.031626,0.091923,0.082371,0.017685,0.026825,0.0073565,0.084617,0.036488,0.011339,0.010026,0.010966,0.057823,0.011905,0.010996,0.0131,0.012466,0.03945,0.044069,0.024304,0.013796,0.017015,0.015103,0.028898,0.072461,0.04501
0.031762,0.028367,0.025448,0.016092,0.010526,0.051593,0.076991,0.01054,0.027584,0.045064,0.018189,0.069855,0.026319,0.010395,0.031321,0.091257,0.081595,0.017715,0.02696,0.007306,0.084457,0.036395,0.011276,0.0099884,0.010737,0.057131,0.011956,0.010998,0.013021,0.012376,0.039388,0.043817,0.024077,0.013657,0.016893,0.015116,0.028791,0.072464,0.044712
0.031502,0.027999,0.025117,0.015972,0.010395,0.051434,0.076436,0.01045,0.027508,0.044713,0.018113,0.068484,0.025932,0.010356,0.031011,0.090571,0.08082,0.017747,0.027084,0.0072563,0.084297,0.036299,0.011209,0.0099518,0.010538,0.056433,0.012005,0.010999,0.012942,0.012287,0.039318,0.04356,0.023878,0.013521,0.016772,0.015123,0.028673,0.072456,0.044429
0.031244,0.027623,0.024796,0.015851,0.010265,0.051272,0.075871,0.01036,0.02743,0.044359,0.018035,0.067078,0.025725,0.010316,0.030696,0.089869,0.080044,0.017782,0.027196,0.0072071,0.084138,0.036199,0.011139,0.0099158,0.010363,0.055729,0.012051,0.011,0.012863,0.012198,0.039245,0.043299,0.023681,0.013386,0.016651,0.015124,0.028546,0.072439,0.044158
0.030989,0.027241,0.024486,0.01573,0.010135,0.051108,0.075293,0.010271,0.02735,0.044001,0.017953,0.065644,0.025515,0.010275,0.030373,0.089148,0.079269,0.01782,0.027296,0.0071582,0.083979,0.036097,0.011065,0.0098803,0.010186,0.05502,0.012095,0.010999,0.012783,0.012109,0.039164,0.043038,0.023485,0.013253,0.016532,0.015121,0.028409,0.072415,0.0439
0.030736,0.026856,0.024199,0.015608,0.010007,0.050941,0.074703,0.010182,0.027269,0.043641,0.017866,0.064189,0.025305,0.010234,0.030047,0.08841,0.078495,0.01786,0.027384,0.0071095,0.083821,0.035992,0.010988,0.0098453,0.010007,0.054306,0.012136,0.010998,0.012702,0.01202,0.039074,0.042775,0.023289,0.013124,0.016413,0.015113,0.028262,0.072379,0.043655
0.030485,0.026469,0.023932,0.015486,0.0098801,0.050772,0.074108,0.010094,0.027186,0.043278,0.017776,0.063817,0.025091,0.010191,0.029716,0.087655,0.07772,0.017903,0.02746,0.0070608,0.083663,0.035884,0.010909,0.0098109,0.0098259,0.053734,0.012174,0.010995,0.012621,0.011931,0.038975,0.042509,0.023093,0.012996,0.016294,0.0151,0.028106,0.072335,0.043421
0.030236,0.026081,0.023811,0.015363,0.0097539,0.050599,0.0735,0.010006,0.027101,0.042912,0.017681,0.063614,0.024876,0.010148,0.029378,0.086883,0.076946,0.017949,0.027523,0.0070121,0.083505,0.035774,0.010826,0.0097771,0.0096435,0.053287,0.01221,0.010991,0.012539,0.011842,0.038869,0.042239,0.022946,0.012871,0.016177,0.015082,0.027941,0.072284,0.043199
0.029989,0.025692,0.023712,0.015239,0.0096285,0.050424,0.072879,0.0099357,0.027015,0.042546,0.017582,0.063765,0.02466,0.010104,0.029037,0.086096,0.076173,0.017997,0.027575,0.0069634,0.083349,0.035661,0.010741,0.0097437,0.0094604,0.052839,0.012242,0.010986,0.012457,0.011754,0.038757,0.041971,0.022883,0.012749,0.01606,0.015059,0.027768,0.072222,0.042989
0.029745,0.025303,0.0236,0.015115,0.0095041,0.050247,0.072255,0.0099035,0.026928,0.042176,0.017477,0.064044,0.024443,0.01006,0.028693,0.085293,0.075402,0.018048,0.027614,0.0069147,0.083193,0.035545,0.010653,0.0097109,0.0092769,0.052387,0.012272,0.01098,0.012374,0.011666,0.038639,0.0417,0.022814,0.012628,0.015943,0.015032,0.027586,0.072152,0.04279
0.029502,0.024915,0.023475,0.01499,0.0093805,0.050067,0.071618,0.0098713,0.026839,0.041804,0.017367,0.0643,0.024226,0.010015,0.028342,0.084474,0.074631,0.018101,0.027641,0.0068659,0.083038,0.035426,0.010562,0.0096785,0.0090934,0.05193,0.012298,0.010973,0.012291,0.011578,0.038513,0.041425,0.02274,0.01251,0.015827,0.015001,0.027397,0.072075,0.042601
0.029262,0.024529,0.023338,0.014865,0.0092579,0.049885,0.070971,0.0098391,0.02675,0.041431,0.017251,0.064529,0.024007,0.009969,0.027989,0.083641,0.073862,0.018157,0.027655,0.0068172,0.082884,0.035305,0.010469,0.0096467,0.0089104,0.051467,0.012322,0.010965,0.012208,0.01149,0.038379,0.041151,0.022663,0.012394,0.015712,0.014966,0.027199,0.071989,0.042422
0.029024,0.024147,0.023187,0.01474,0.0091362,0.0497,0.070319,0.0098068,0.02666,0.041055,0.017293,0.064735,0.023788,0.0099227,0.027633,0.082793,0.073093,0.018214,0.027658,0.0067684,0.08273,0.035181,0.010374,0.0096153,0.0087282,0.050996,0.012343,0.010955,0.012124,0.011402,0.038236,0.040875,0.022582,0.012281,0.015597,0.014927,0.026995,0.071894,0.042253
0.028788,0.023768,0.023024,0.014614,0.0090154,0.049514,0.069654,0.0097745,0.026567,0.040678,0.017358,0.064916,0.02357,0.0098758,0.027273,0.081932,0.072327,0.018274,0.027648,0.0067197,0.082578,0.035055,0.010276,0.0095844,0.0085749,0.050518,0.01236,0.010945,0.01207,0.011315,0.038088,0.040596,0.022495,0.01217,0.015483,0.014885,0.026784,0.071793,0.042093
0.028554,0.023397,0.02285,0.014488,0.0088956,0.049324,0.068985,0.0097423,0.026474,0.040301,0.017412,0.065071,0.02335,0.0098284,0.026908,0.081058,0.071563,0.018336,0.027627,0.0066709,0.082426,0.034927,0.010176,0.0095539,0.0085092,0.050034,0.012374,0.010934,0.012015,0.011227,0.037935,0.040317,0.022403,0.012061,0.015369,0.01484,0.026566,0.071683,0.041942
0.028323,0.023031,0.022664,0.014362,0.0087768,0.049133,0.068308,0.00971,0.026379,0.039921,0.017455,0.065207,0.023133,0.0097805,0.026544,0.080172,0.0708,0.018399,0.027595,0.0066221,0.082275,0.034796,0.010073,0.009524,0.0084398,0.049545,0.012386,0.010921,0.011961,0.01114,0.037774,0.040037,0.022309,0.011954,0.015257,0.014792,0.026342,0.071563,0.041799
0.028093,0.022673,0.022467,0.014235,0.008659,0.048939,0.067621,0.0096777,0.026283,0.03954,0.017486,0.065317,0.022915,0.0097321,0.026325,0.079273,0.070038,0.018465,0.027552,0.0065733,0.082125,0.034663,0.0099686,0.0094944,0.008367,0.049049,0.012394,0.010908,0.011907,0.011054,0.037605,0.039755,0.022211,0.011849,0.015145,0.014743,0.026111,0.07144,0.041665
0.027867,0.022604,0.02226,0.014109,0.0085423,0.048743,0.066932,0.0096454,0.026186,0.039159,0.017506,0.065404,0.022696,0.0096832,0.026163,0.078363,0.06928,0.018531,0.027497,0.0065243,0.081975,0.034527,0.0099083,0.0094653,0.0082909,0.048546,0.012399,0.010894,0.011853,0.010968,0.037428,0.039471,0.022109,0.011747,0.015033,0.014693,0.025875,0.071308,0.041538
0.027642,0.022544,0.022043,0.013981,0.0084266,0.048545,0.066232,0.0096131,0.026087,0.038776,0.017515,0.06547,0.022481,0.0096338,0.025995,0.077442,0.068524,0.0186,0.027433,0.0064753,0.081827,0.03439,0.0098515,0.0094366,0.0082121,0.048038,0.012401,0.010878,0.0118,0.010884,0.037247,0.039188,0.022002,0.011646,0.014923,0.014646,0.025634,0.071167,0.041417
0.027419,0.022479,0.021817,0.013854,0.0083121,0.048344,0.06553,0.0095808,0.025987,0.038392,0.017515,0.065512,0.022266,0.009584,0.025821,0.076715,0.067769,0.018669,0.027359,0.0064263,0.081679,0.03425,0.0097938,0.0094083,0.0081307,0.047528,0.0124,0.010862,0.011747,0.010799,0.037061,0.038902,0.021892,0.011548,0.014813,0.014596,0.025389,0.071019,0.041304
0.027198,0.022409,0.021582,0.013726,0.0081987,0.048142,0.064821,0.0095485,0.025886,0.038009,0.017506,0.065537,0.022051,0.0095338,0.025643,0.076701,0.067017,0.018739,0.027275,0.0063772,0.081532,0.034109,0.0097346,0.0093804,0.008047,0.047013,0.012396,0.010845,0.011695,0.010715,0.036867,0.038613,0.021779,0.011452,0.014703,0.014543,0.025139,0.070866,0.041196
0.02698,0.022333,0.02134,0.013599,0.0080864,0.047937,0.064107,0.0095163,0.025784,0.037624,0.017488,0.065538,0.021839,0.0094833,0.02546,0.076678,0.066268,0.01881,0.027181,0.0063283,0.081387,0.033965,0.0096743,0.0093529,0.0079888,0.046494,0.012389,0.010827,0.011642,0.010631,0.036666,0.038326,0.021664,0.011358,0.014594,0.014488,0.024885,0.070705,0.041094
0.026763,0.022255,0.021092,0.013471,0.0079752,0.047732,0.06339,0.009484,0.025681,0.037238,0.017463,0.065521,0.021629,0.0094323,0.025276,0.076644,0.065521,0.018882,0.027078,0.0062888,0.081242,0.03382,0.009613,0.0093257,0.0079658,0.045973,0.012379,0.010807,0.01159,0.010547,0.036458,0.038038,0.021545,0.011266,0.014486,0.014429,0.024629,0.070536,0.040998
0.026548,0.022176,0.02084,0.013344,0.0078675,0.047524,0.062666,0.0094517,0.025578,0.036854,0.01743,0.065485,0.021419,0.009381,0.025088,0.0766,0.064778,0.018955,0.026965,0.0062535,0.081098,0.033672,0.0095503,0.009299,0.0079434,0.045499,0.012367,0.010787,0.011539,0.010464,0.036247,0.037747,0.021423,0.011176,0.014379,0.014368,0.02437,0.070363,0.040907
0.026335,0.022094,0.020589,0.013234,0.0078264,0.047314,0.061942,0.0094195,0.025473,0.036468,0.01739,0.065428,0.021211,0.0093293,0.024897,0.076544,0.064037,0.019028,0.026843,0.0062187,0.080956,0.033523,0.0094868,0.0092725,0.0079203,0.045083,0.012352,0.010767,0.011487,0.01038,0.03603,0.037454,0.021298,0.011089,0.014272,0.014303,0.024109,0.070183,0.04082
0.026124,0.022011,0.020352,0.013176,0.0077852,0.047103,0.061212,0.0093873,0.025367,0.036082,0.017342,0.065358,0.021007,0.0092774,0.024701,0.076476,0.063299,0.019101,0.026711,0.006184,0.080814,0.033372,0.0094221,0.0092465,0.0078966,0.044669,0.012335,0.010747,0.011436,0.010303,0.035806,0.037163,0.02117,0.011003,0.014165,0.014236,0.023847,0.069995,0.040738
0.025916,0.021928,0.020118,0.013117,0.0077442,0.046889,0.060483,0.0093551,0.02526,0.035887,0.017286,0.065269,0.020804,0.0092251,0.024501,0.076395,0.062565,0.019175,0.026569,0.0061494,0.080673,0.03322,0.0093562,0.0092207,0.0078721,0.044253,0.012317,0.010725,0.011386,0.010229,0.035576,0.03687,0.021039,0.010918,0.01406,0.014166,0.023585,0.069801,0.040659
0.025708,0.021846,0.019881,0.013058,0.007703,0.046675,0.059751,0.0093229,0.025152,0.035715,0.017223,0.065164,0.020602,0.0091726,0.0243,0.076301,0.061834,0.019248,0.026419,0.0061149,0.080534,0.033066,0.0092897,0.0091953,0.0078466,0.043834,0.012297,0.010703,0.011335,0.010155,0.035341,0.036576,0.020907,0.010836,0.013955,0.014093,0.023323,0.069603,0.040585
0.025503,0.021763,0.01964,0.012999,0.0076617,0.046459,0.059016,0.0092909,0.025043,0.035543,0.017153,0.065044,0.020403,0.0091198,0.024098,0.076195,0.061106,0.019321,0.026259,0.0060803,0.080395,0.032911,0.0092221,0.0091702,0.0078203,0.043412,0.012276,0.01068,0.011285,0.010081,0.035104,0.036279,0.020774,0.010756,0.013851,0.014019,0.023062,0.069397,0.040513
0.0253,0.021682,0.019395,0.012939,0.0076204,0.046241,0.058284,0.009259,0.024933,0.035368,0.017077,0.064908,0.020208,0.0090668,0.023892,0.076076,0.060383,0.019394,0.026091,0.0060528,0.080258,0.032754,0.0091535,0.0091455,0.007793,0.042988,0.012253,0.010656,0.011236,0.010007,0.034859,0.035985,0.020638,0.010677,0.013748,0.013943,0.022802,0.069185,0.040445
0.025099,0.021602,0.019146,0.012878,0.0075792,0.046022,0.057553,0.0092271,0.024822,0.035192,0.016996,0.06476,0.020014,0.0090136,0.023683,0.075944,0.059663,0.019466,0.025914,0.0060324,0.080122,0.032596,0.0090842,0.009121,0.0077647,0.042566,0.012228,0.010631,0.011186,0.0099328,0.034609,0.03569,0.020499,0.0106,0.013645,0.013865,0.022546,0.068969,0.040379
0.024899,0.021523,0.018892,0.012818,0.007538,0.045801,0.056822,0.0091953,0.02471,0.035016,0.016934,0.064598,0.019824,0.0089602,0.023471,0.075799,0.058948,0.019537,0.02573,0.0060119,0.079988,0.032436,0.0090139,0.0090967,0.0077355,0.042143,0.012201,0.010605,0.011137,0.009859,0.034355,0.035393,0.020359,0.010525,0.013543,0.013785,0.022292,0.068747,0.040316
0.024701,0.021446,0.018634,0.012757,0.0074967,0.04558,0.056093,0.0091635,0.024597,0.034838,0.016873,0.064422,0.019635,0.0089065,0.023259,0.075641,0.058236,0.019606,0.025538,0.0059911,0.079854,0.032276,0.0089428,0.0090728,0.0077054,0.041717,0.012171,0.010579,0.011088,0.0097852,0.034098,0.035095,0.020217,0.010451,0.013442,0.013703,0.022042,0.06852,0.040256
0.024505,0.02137,0.018371,0.012695,0.0074554,0.045357,0.055368,0.0091317,0.024484,0.034658,0.016806,0.064235,0.019449,0.0088527,0.023046,0.07547,0.05753,0.019674,0.02534,0.0059701,0.079722,0.032113,0.0088711,0.0090492,0.0076743,0.04129,0.012139,0.010552,0.01104,0.0097113,0.033836,0.034799,0.020073,0.010379,0.013341,0.01362,0.021798,0.068285,0.040197
0.024311,0.021296,0.018106,0.012633,0.0074143,0.045132,0.054646,0.0090999,0.024371,0.034478,0.016732,0.064033,0.019267,0.0087988,0.02283,0.075286,0.056827,0.019741,0.025137,0.0059491,0.079591,0.031951,0.0087984,0.0090259,0.0076423,0.040861,0.012104,0.010524,0.010991,0.0096374,0.033568,0.034502,0.019927,0.010309,0.013241,0.013536,0.021559,0.068048,0.040141
0.024119,0.021223,0.017836,0.012571,0.0073732,0.044906,0.053929,0.0090682,0.024256,0.034297,0.016653,0.063824,0.019088,0.0087447,0.022612,0.075089,0.05613,0.019806,0.024927,0.0059278,0.079461,0.031787,0.0087253,0.0090028,0.0076094,0.040434,0.012067,0.010496,0.010943,0.009564,0.033297,0.034203,0.019782,0.01024,0.013142,0.013451,0.021327,0.067806,0.040086
0.023928,0.02115,0.017563,0.012508,0.0073321,0.044679,0.053216,0.0090365,0.024141,0.034114,0.016568,0.063601,0.018911,0.0086914,0.022395,0.07488,0.055437,0.019869,0.024712,0.0059064,0.079332,0.031622,0.0086514,0.0089799,0.0075755,0.040007,0.012028,0.010466,0.010896,0.0094906,0.033024,0.033907,0.019636,0.010172,0.013043,0.013365,0.021102,0.067557,0.040033
0.02374,0.021079,0.017288,0.012446,0.007291,0.044452,0.052508,0.0090048,0.024025,0.03393,0.016479,0.063369,0.018737,0.0086384,0.022215,0.074658,0.05475,0.01993,0.024581,0.0058849,0.079204,0.031456,0.0085768,0.0089573,0.0075408,0.039578,0.011986,0.010436,0.010848,0.0094172,0.032745,0.03361,0.019488,0.010106,0.012945,0.013315,0.020885,0.067303,0.039981
0.023553,0.021008,0.017042,0.012383,0.0072501,0.044223,0.051803,0.0089732,0.023908,0.033746,0.016385,0.063127,0.018566,0.0085853,0.022034,0.074424,0.054068,0.019988,0.024536,0.0058632,0.079077,0.031289,0.0085018,0.0089349,0.0075052,0.039149,0.011942,0.010406,0.010801,0.0093438,0.032462,0.033315,0.019339,0.010041,0.012847,0.013301,0.020678,0.067047,0.03993
0.023367,0.020938,0.0168,0.012319,0.0072093,0.043994,0.051102,0.0089416,0.023791,0.033561,0.016286,0.062876,0.018399,0.0085321,0.021854,0.074177,0.053391,0.020044,0.024486,0.0058414,0.078951,0.031121,0.0084261,0.0089126,0.0074688,0.038718,0.011896,0.010391,0.010754,0.0092706,0.032179,0.03302,0.01919,0.0099777,0.012751,0.013287,0.02048,0.066786,0.03988
0.023184,0.020868,0.016555,0.012255,0.0071685,0.043763,0.050405,0.0089101,0.023672,0.033374,0.016184,0.062616,0.018235,0.0084788,0.021672,0.07392,0.052721,0.020098,0.024432,0.0058195,0.078827,0.030953,0.0083498,0.0088906,0.0074316,0.038288,0.011848,0.010378,0.010708,0.0091978,0.031891,0.032728,0.019039,0.0099148,0.012654,0.01327,0.020293,0.066519,0.03983
0.023002,0.020797,0.016309,0.012191,0.0071277,0.043533,0.049711,0.0088786,0.023554,0.033186,0.016079,0.062346,0.018074,0.0084254,0.021487,0.073651,0.052056,0.020149,0.024373,0.0057973,0.078703,0.030784,0.0082732,0.0088687,0.0073935,0.03786,0.011797,0.010364,0.010661,0.0091251,0.031599,0.032441,0.018888,0.0098537,0.012559,0.013253,0.020117,0.066247,0.039781
0.022822,0.020726,0.01606,0.012127,0.0070872,0.043302,0.04926,0.0088471,0.023434,0.032999,0.015971,0.062071,0.017915,0.0083719,0.021301,0.07337,0.051398,0.020196,0.024311,0.0057751,0.078581,0.030613,0.0081962,0.008847,0.0073547,0.037431,0.011744,0.010348,0.010615,0.0090524,0.031305,0.032371,0.018737,0.0097933,0.012465,0.013234,0.019953,0.065973,0.039733
0.022644,0.020655,0.015817,0.012063,0.0070468,0.043071,0.048925,0.0088157,0.023314,0.03281,0.01586,0.061786,0.01776,0.0083184,0.021114,0.073078,0.050746,0.020241,0.024275,0.0057527,0.078459,0.030443,0.0081185,0.0088255,0.0073151,0.037001,0.011689,0.01033,0.010569,0.0089798,0.03101,0.032317,0.018584,0.0097335,0.012371,0.013213,0.019802,0.065695,0.03975
0.022468,0.020584,0.015721,0.011998,0.0070065,0.042839,0.048587,0.0087844,0.023193,0.03262,0.015747,0.061496,0.017607,0.0082649,0.020926,0.072775,0.0501,0.020282,0.02426,0.0057302,0.078339,0.030271,0.0080406,0.0088041,0.0072749,0.036571,0.011632,0.01031,0.010524,0.0089077,0.03071,0.032262,0.018511,0.0096752,0.012277,0.013191,0.019665,0.065411,0.039803
0.022293,0.020639,0.01562,0.011933,0.0069662,0.042608,0.048248,0.0087531,0.023072,0.032429,0.015631,0.061198,0.017458,0.0082113,0.020736,0.072461,0.049461,0.020319,0.024246,0.0057076,0.078219,0.0301,0.0079624,0.0087829,0.0072338,0.036141,0.011573,0.010288,0.010479,0.0088748,0.030408,0.032206,0.018439,0.0096173,0.012185,0.013168,0.019541,0.065124,0.039858
0.02212,0.02069,0.015518,0.011867,0.0069261,0.042377,0.047905,0.0087218,0.022951,0.032239,0.015513,0.060896,0.017312,0.0081577,0.020545,0.072136,0.048829,0.020353,0.024235,0.0056848,0.0781,0.029927,0.0078837,0.0087618,0.0071922,0.035714,0.011513,0.010264,0.010434,0.0088458,0.03026,0.032149,0.018365,0.0095598,0.012093,0.01315,0.019431,0.064835,0.039915
0.021948,0.020736,0.015415,0.011802,0.0068862,0.042146,0.047558,0.0086906,0.022829,0.032047,0.015393,0.060585,0.017169,0.0081042,0.020354,0.071802,0.048204,0.020383,0.024223,0.0056618,0.077981,0.029754,0.0078048,0.0087408,0.0071499,0.035287,0.011451,0.010238,0.010389,0.008821,0.030633,0.032089,0.01829,0.0095034,0.012001,0.013136,0.019336,0.064541,0.039973
0.021779,0.020775,0.01531,0.011736,0.0068465,0.041916,0.04721,0.0086595,0.022707,0.031855,0.015271,0.060272,0.017029,0.0080506,0.020161,0.071458,0.047586,0.020409,0.024207,0.0056389,0.077864,0.029581,0.0077257,0.0087199,0.0071071,0.03486,0.01139,0.010228,0.010345,0.0087959,0.030989,0.032028,0.018212,0.0094473,0.011911,0.013122,0.019256,0.064243,0.040032
0.02161,0.020809,0.015205,0.01167,0.0068069,0.041687,0.046857,0.0086284,0.022585,0.031662,0.015147,0.059952,0.016892,0.007997,0.019967,0.071104,0.046976,0.02043,0.024188,0.0056157,0.077746,0.029406,0.0076462,0.0086991,0.0070635,0.034433,0.01133,0.010229,0.010301,0.0087707,0.031326,0.031965,0.018133,0.0093912,0.011821,0.013106,0.019192,0.063942,0.040093
0.021444,0.020836,0.0151,0.011603,0.0067674,0.04146,0.046502,0.0085974,0.022462,0.031468,0.015023,0.05963,0.016757,0.0079435,0.019774,0.070739,0.046373,0.020447,0.024165,0.0055923,0.077629,0.029232,0.0075666,0.0086785,0.0070195,0.034035,0.011269,0.010229,0.010257,0.0087454,0.031645,0.0319,0.018053,0.0093355,0.011731,0.01309,0.019144,0.063639,0.040155
0.021279,0.020854,0.014998,0.011537,0.0067281,0.041233,0.046144,0.0085666,0.022338,0.031275,0.014897,0.059301,0.016625,0.0078901,0.01958,0.070365,0.045778,0.020461,0.024138,0.0055689,0.077513,0.029057,0.007487,0.0086579,0.0069749,0.033749,0.011207,0.01023,0.010213,0.00872,0.031943,0.031833,0.017971,0.0092802,0.011642,0.013073,0.019111,0.063332,0.040217
0.021115,0.020865,0.014896,0.01147,0.0066891,0.041008,0.045783,0.0085358,0.022214,0.031081,0.014772,0.05897,0.016496,0.0078366,0.019385,0.069982,0.045191,0.02047,0.024107,0.0055452,0.077397,0.028972,0.007407,0.0086374,0.0069299,0.033458,0.011144,0.010233,0.01017,0.0086946,0.032223,0.031764,0.017889,0.0092246,0.011554,0.013056,0.019094,0.063021,0.040282
0.020953,0.020868,0.014793,0.011404,0.0066502,0.040784,0.045418,0.0085052,0.02209,0.030886,0.014646,0.058634,0.01637,0.0077833,0.019191,0.06959,0.044612,0.020476,0.024073,0.0055215,0.077282,0.028897,0.0073269,0.008617,0.0068843,0.033165,0.011101,0.010235,0.010127,0.008669,0.032481,0.031694,0.017805,0.0091686,0.011467,0.013037,0.019094,0.062707,0.040346
0.020793,0.020861,0.014688,0.011337,0.0066115,0.04056,0.045052,0.0084746,0.021966,0.030691,0.014521,0.058295,0.016246,0.00773,0.018996,0.069188,0.044042,0.020478,0.024034,0.0054975,0.077167,0.028819,0.0072469,0.0085966,0.0068383,0.032868,0.011059,0.010234,0.010084,0.0086433,0.032719,0.031624,0.017721,0.0091132,0.01138,0.013017,0.019109,0.062392,0.040412
0.020634,0.020845,0.014582,0.01127,0.006573,0.040337,0.044681,0.008444,0.021841,0.030495,0.014396,0.057954,0.016126,0.0076769,0.018802,0.068777,0.043479,0.020477,0.023991,0.0054733,0.077052,0.028738,0.0071668,0.0085763,0.006792,0.032569,0.011015,0.010233,0.010042,0.0086174,0.032935,0.031553,0.017635,0.0090572,0.011294,0.012997,0.01914,0.062074,0.040478
0.020476,0.020821,0.014476,0.011202,0.0065346,0.040115,0.04431,0.0084135,0.021716,0.0303,0.014273,0.057608,0.016008,0.0076238,0.018609,0.068359,0.042926,0.020472,0.023942,0.0054491,0.076937,0.028655,0.0070865,0.0085561,0.0067451,0.032266,0.010969,0.01023,0.0099992,0.0085914,0.033131,0.03148,0.017548,0.0090005,0.011208,0.012976,0.019186,0.061752,0.040545
0.02032,0.020787,0.01437,0.011135,0.0064965,0.039892,0.043934,0.0083831,0.02159,0.030104,0.014152,0.057262,0.015892,0.0075708,0.018416,0.067931,0.042518,0.020465,0.023887,0.0054315,0.076823,0.028569,0.0070063,0.0085359,0.0066981,0.031962,0.01092,0.010226,0.0099571,0.0085653,0.033305,0.031406,0.017459,0.008944,0.011123,0.012954,0.019248,0.061428,0.040613
0.020166,0.020743,0.014275,0.011068,0.0064587,0.03967,0.043559,0.0083527,0.021464,0.029908,0.014032,0.05691,0.015779,0.0075179,0.018224,0.067495,0.042142,0.020454,0.023827,0.0054258,0.076709,0.028481,0.0069653,0.0085158,0.0066506,0.031654,0.010869,0.010219,0.0099153,0.008539,0.033459,0.03133,0.017369,0.0088867,0.011039,0.012932,0.019323,0.061103,0.040681
0.020013,0.020691,0.014186,0.011,0.006421,0.039447,0.04318,0.0083224,0.021339,0.029711,0.013915,0.056561,0.015668,0.0074652,0.018034,0.067051,0.041767,0.02044,0.02376,0.0054208,0.076595,0.02839,0.0069596,0.0084957,0.0066029,0.031345,0.010816,0.010211,0.0098737,0.0085126,0.033592,0.031253,0.017277,0.008829,0.010956,0.012909,0.019413,0.060774,0.040749
0.019861,0.02063,0.014095,0.010933,0.0063835,0.039224,0.0428,0.0082922,0.021214,0.029515,0.013801,0.056207,0.015559,0.0074126,0.017844,0.066599,0.041392,0.020422,0.023688,0.0054167,0.076481,0.028332,0.0069531,0.0084756,0.006555,0.031032,0.010761,0.010202,0.0098323,0.0084861,0.033706,0.031174,0.017185,0.0087707,0.010873,0.012886,0.019517,0.060443,0.040819
0.019711,0.020559,0.014001,0.010865,0.0063461,0.039,0.042418,0.0082621,0.021088,0.029319,0.013689,0.055853,0.015452,0.0073601,0.017655,0.066138,0.041018,0.020401,0.02361,0.0054133,0.076368,0.028318,0.0069456,0.0084555,0.0065068,0.030765,0.010703,0.010192,0.0097912,0.0084594,0.033801,0.031094,0.017091,0.0087118,0.010791,0.012862,0.019633,0.060111,0.040889
0.019562,0.020481,0.013905,0.010797,0.0063091,0.038777,0.042034,0.008232,0.020962,0.029122,0.013581,0.055497,0.015347,0.0073078,0.017467,0.065672,0.040645,0.020374,0.023526,0.0054104,0.076255,0.0283,0.0069373,0.0084354,0.0064585,0.030705,0.010644,0.010179,0.0097503,0.0084326,0.033881,0.031012,0.016995,0.0086522,0.010709,0.012838,0.01976,0.059777,0.040959
0.019415,0.020395,0.013805,0.010729,0.0062723,0.038553,0.04165,0.0082019,0.020836,0.028925,0.013476,0.055141,0.015244,0.0072556,0.017279,0.065197,0.040274,0.020341,0.023437,0.0054078,0.076141,0.02828,0.0069281,0.0084154,0.00641,0.030645,0.010582,0.010181,0.0097097,0.008406,0.033944,0.030929,0.0169,0.0085917,0.010628,0.012824,0.019899,0.05944,0.041029
0.019269,0.0203,0.013703,0.010662,0.0062357,0.038329,0.041263,0.008172,0.02071,0.028728,0.013373,0.054784,0.015144,0.0072036,0.017107,0.065013,0.039903,0.020303,0.023342,0.0054054,0.076028,0.028258,0.0069181,0.0083954,0.0063614,0.030585,0.010518,0.010203,0.0096693,0.0083792,0.033992,0.030845,0.016803,0.0085304,0.010548,0.012813,0.020048,0.059103,0.0411
0.019125,0.0202,0.013599,0.010594,0.0061994,0.038105,0.040877,0.0081421,0.020584,0.028531,0.013274,0.054426,0.015046,0.0071518,0.016935,0.064836,0.039535,0.020339,0.023242,0.005403,0.075916,0.028233,0.0069075,0.0083753,0.0063127,0.030524,0.010453,0.010225,0.0096291,0.0083524,0.034023,0.030761,0.016705,0.008468,0.010468,0.012801,0.020206,0.058763,0.041171
0.018981,0.020091,0.013494,0.010527,0.0061632,0.037881,0.040489,0.0081123,0.020458,0.028335,0.013178,0.054069,0.014949,0.0071002,0.016763,0.064656,0.039167,0.020392,0.023137,0.0054007,0.075802,0.028206,0.0068961,0.0083553,0.006264,0.030463,0.010385,0.010246,0.0095891,0.0083254,0.03404,0.030677,0.016606,0.0084047,0.010389,0.01279,0.020372,0.058421,0.041242
0.01884,0.019977,0.013387,0.010459,0.0061387,0.037656,0.040099,0.0080826,0.020332,0.028138,0.013085,0.053712,0.014854,0.0070487,0.016593,0.064472,0.038802,0.020441,0.023028,0.0053983,0.075689,0.028176,0.006884,0.0083352,0.0062152,0.0304,0.010317,0.010266,0.0095494,0.0082984,0.034041,0.030591,0.016507,0.0083402,0.01031,0.012778,0.020545,0.058079,0.041313
0.018699,0.019857,0.01328,0.010391,0.0061212,0.037431,0.039711,0.0080529,0.020205,0.027942,0.012995,0.053354,0.014761,0.0069975,0.016423,0.064286,0.038438,0.020485,0.022915,0.0053957,0.075575,0.028145,0.006871,0.0083152,0.0061665,0.030338,0.010246,0.010285,0.0095099,0.0082712,0.034031,0.030504,0.016408,0.0082746,0.010233,0.012766,0.020724,0.057736,0.041385
0.01856,0.019733,0.013171,0.010324,0.0061038,0.037207,0.03932,0.0080233,0.020079,0.027745,0.012908,0.052999,0.014669,0.0069464,0.016252,0.064096,0.038077,0.020523,0.022798,0.005393,0.075461,0.028111,0.0068572,0.0082951,0.0061177,0.030276,0.010175,0.010303,0.0094706,0.008244,0.034012,0.030416,0.016309,0.0082081,0.010155,0.012754,0.020908,0.05739,0.041456
0.018422,0.019605,0.013063,0.010256,0.0060864,0.036982,0.03893,0.0079938,0.019953,0.027548,0.012824,0.052644,0.014578,0.0068956,0.016083,0.063902,0.037718,0.020557,0.022678,0.0053901,0.075346,0.028074,0.0068427,0.008275,0.0060689,0.030213,0.010102,0.01032,0.0094316,0.0082167,0.033985,0.030327,0.016208,0.0081407,0.010079,0.012742,0.021095,0.057045,0.041528
0.018286,0.019475,0.012954,0.010189,0.006069,0.036758,0.038539,0.0079644,0.019827,0.027352,0.012743,0.05229,0.014489,0.0068449,0.015914,0.063706,0.037361,0.020585,0.022555,0.0053869,0.075231,0.028036,0.0068277,0.008255,0.00602,0.030149,0.010028,0.010336,0.0093928,0.0081893,0.03395,0.030236,0.016107,0.0080727,0.010003,0.01273,0.021284,0.056698,0.0416
0.018151,0.019341,0.012846,0.010121,0.0060514,0.036534,0.038147,0.007935,0.0197,0.027156,0.012666,0.051939,0.014401,0.0067945,0.015745,0.063506,0.037007,0.020609,0.02243,0.0053834,0.075115,0.027995,0.006812,0.008235,0.0059712,0.030084,0.0099541,0.010352,0.0093543,0.0081618,0.033907,0.030145,0.016006,0.0080036,0.0099272,0.012718,0.021475,0.05635,0.041671
0.018031,0.019208,0.012739,0.010053,0.006034,0.03631,0.037758,0.0079057,0.019574,0.026961,0.012591,0.051588,0.014315,0.0067443,0.015577,0.063302,0.036655,0.020628,0.022301,0.0053795,0.074998,0.027952,0.0067957,0.0082149,0.0059224,0.03002,0.0098794,0.010366,0.009316,0.0081342,0.033853,0.030052,0.015906,0.007933,0.0098524,0.012708,0.021666,0.056002,0.041742
0.018031,0.019074,0.012631,0.009986,0.0060166,0.036088,0.037367,0.0078767,0.019449,0.026765,0.01252,0.051239,0.014229,0.0066943,0.015408,0.063095,0.036306,0.020644,0.02217,0.0053753,0.074881,0.027907,0.0067786,0.0081948,0.0058736,0.029956,0.0098046,0.01038,0.0092779,0.0081066,0.033789,0.029958,0.015805,0.0078614,0.0097782,0.012697,0.021855,0.055653,0.041814
0.018024,0.01894,0.012526,0.0099348,0.0059992,0.035865,0.036976,0.0078477,0.019342,0.02657,0.012452,0.050894,0.014145,0.0066446,0.015242,0.062885,0.03596,0.020658,0.022037,0.0053707,0.074763,0.027861,0.0067609,0.0081747,0.0058248,0.02989,0.0097305,0.010393,0.0092401,0.0080788,0.033715,0.029864,0.015704,0.0077878,0.0097046,0.012687,0.022042,0.055304,0.041884
0.018012,0.018809,0.012422,0.0099267,0.0059817,0.035644,0.036587,0.0078188,0.019358,0.026374,0.012387,0.05055,0.014063,0.0065951,0.015076,0.062671,0.035617,0.020668,0.021904,0.0053658,0.074643,0.027812,0.0067425,0.0081545,0.005776,0.029824,0.0096786,0.010406,0.0092024,0.0080512,0.03363,0.029768,0.015603,0.007713,0.0096315,0.012677,0.022226,0.054955,0.041955
0.017995,0.018679,0.012319,0.009918,0.0059643,0.035424,0.036197,0.00779,0.019369,0.02618,0.012324,0.050208,0.01398,0.0065458,0.01491,0.062453,0.035277,0.020674,0.021769,0.0053625,0.074523,0.027761,0.0067234,0.0081343,0.0057273,0.029757,0.0096432,0.010418,0.009165,0.0080235,0.033534,0.029672,0.015502,0.0076363,0.0095591,0.012666,0.022405,0.054607,0.042026
0.017971,0.018553,0.012219,0.0099084,0.005947,0.035205,0.035808,0.0077612,0.019375,0.025986,0.012265,0.049869,0.013899,0.0064968,0.014745,0.062232,0.034941,0.020677,0.021634,0.005371,0.074402,0.027709,0.006704,0.0081141,0.0056787,0.029691,0.0096065,0.010429,0.0091277,0.0079959,0.033429,0.029577,0.015402,0.0075577,0.0094873,0.012656,0.022578,0.054259,0.042096
0.017941,0.018431,0.012121,0.0098982,0.0059297,0.034988,0.035421,0.0077326,0.019379,0.025792,0.012209,0.049533,0.013819,0.0064481,0.014582,0.062007,0.034608,0.020675,0.021497,0.0053793,0.07428,0.027654,0.006684,0.0080938,0.0056301,0.029624,0.0095687,0.010439,0.0090907,0.0079681,0.033314,0.02948,0.015303,0.0074778,0.009416,0.012646,0.022744,0.053914,0.042165
0.017907,0.018313,0.012025,0.0098873,0.0059123,0.034773,0.035033,0.007704,0.019377,0.025598,0.012155,0.049199,0.013739,0.0063996,0.01442,0.06178,0.034278,0.020668,0.021358,0.0053875,0.074157,0.027598,0.0066635,0.0080735,0.0055816,0.029556,0.0095296,0.010449,0.0090539,0.0079403,0.03319,0.029383,0.015203,0.0073957,0.0093453,0.012637,0.022902,0.053575,0.042234
0.017867,0.018202,0.011932,0.0098756,0.0058949,0.034561,0.034647,0.0076755,0.019372,0.025405,0.012104,0.048869,0.01366,0.0063514,0.014258,0.061549,0.033953,0.020657,0.021215,0.0053956,0.074033,0.02754,0.0066423,0.0080531,0.0055805,0.029488,0.0094892,0.010457,0.0090173,0.0079125,0.033055,0.029285,0.015103,0.007312,0.0092752,0.012627,0.023052,0.053243,0.042303
0.017821,0.018097,0.011841,0.0098633,0.0058777,0.034352,0.034263,0.0076471,0.019363,0.025212,0.012055,0.04854,0.013581,0.0063034,0.014097,0.061315,0.033631,0.020641,0.02107,0.0054034,0.073908,0.02748,0.0066206,0.0080327,0.0055886,0.029419,0.0094477,0.010465,0.0089809,0.0078846,0.032909,0.029186,0.015004,0.0072266,0.0092057,0.012618,0.023191,0.052917,0.042371
0.017769,0.017998,0.011754,0.0098503,0.0058605,0.03415,0.033878,0.0076187,0.01935,0.025019,0.012008,0.048213,0.013503,0.0062557,0.013956,0.061078,0.033312,0.020621,0.020921,0.0054111,0.073781,0.027419,0.0065983,0.0080122,0.0055963,0.02935,0.0094052,0.010471,0.0089447,0.0078566,0.032751,0.029086,0.014906,0.0071391,0.0091368,0.012609,0.02332,0.052594,0.042439
0.017713,0.017906,0.011669,0.0098366,0.0058433,0.033953,0.033496,0.0075905,0.019333,0.024859,0.011963,0.047888,0.013426,0.0062083,0.013856,0.060837,0.032998,0.020597,0.020769,0.0054186,0.073654,0.027356,0.0065755,0.0079916,0.0056035,0.029281,0.0093616,0.010477,0.0089087,0.0078286,0.032579,0.028986,0.014808,0.0070501,0.0090684,0.012602,0.023437,0.052272,0.042505
0.017652,0.017822,0.011588,0.0098222,0.0058261,0.033758,0.033115,0.0075623,0.019312,0.024748,0.01192,0.047566,0.013349,0.0061611,0.013754,0.060594,0.032689,0.020569,0.020614,0.005426,0.073526,0.027291,0.0065524,0.007971,0.0056101,0.029211,0.0093169,0.010482,0.008873,0.0078006,0.032396,0.028884,0.014711,0.0069595,0.0090006,0.012595,0.023541,0.051953,0.042572
0.017585,0.017747,0.01151,0.0098072,0.0058088,0.033563,0.032735,0.0075342,0.019288,0.024636,0.011879,0.047243,0.013273,0.0061143,0.013653,0.060347,0.032383,0.020564,0.020455,0.0054331,0.073397,0.027225,0.0065289,0.0079504,0.0056159,0.029141,0.0092712,0.010487,0.0088374,0.0077725,0.032199,0.028782,0.014614,0.0068668,0.0089334,0.012589,0.023633,0.051635,0.042637
0.017514,0.017679,0.011436,0.0097916,0.0057918,0.03337,0.032357,0.0075062,0.01926,0.024525,0.011839,0.046924,0.013197,0.0060677,0.013551,0.060098,0.032081,0.020582,0.020294,0.00544,0.073266,0.027157,0.0065048,0.0079297,0.0056208,0.02907,0.0092245,0.010491,0.008802,0.0077444,0.03199,0.028679,0.014518,0.0067728,0.0088667,0.012582,0.02371,0.051318,0.042701
0.017438,0.01762,0.011365,0.0097753,0.0057748,0.033177,0.031982,0.0074783,0.019228,0.024414,0.0118,0.046605,0.013121,0.0060214,0.013478,0.059845,0.031784,0.020599,0.020129,0.0054467,0.073135,0.027088,0.0064803,0.0079089,0.0056246,0.028999,0.009177,0.010495,0.0087668,0.0077163,0.031769,0.028576,0.014423,0.0066772,0.0088006,0.012576,0.023774,0.051002,0.042765
0.017358,0.017569,0.011298,0.0097584,0.0057578,0.032984,0.031607,0.0074504,0.019194,0.024303,0.011761,0.046287,0.013045,0.0059754,0.013412,0.05959,0.031492,0.020615,0.019961,0.005453,0.073003,0.027017,0.0064554,0.0078881,0.0056273,0.028928,0.0091286,0.010497,0.0087318,0.0076881,0.031538,0.028471,0.014328,0.0065798,0.0087351,0.01257,0.023822,0.050687,0.042828
0.017273,0.017527,0.011235,0.0097409,0.0057407,0.032791,0.031234,0.0074227,0.019155,0.024193,0.011724,0.04597,0.012969,0.0059297,0.013345,0.059332,0.031204,0.02063,0.019791,0.0054591,0.072869,0.026945,0.00643,0.0078672,0.0056286,0.028857,0.0090795,0.010499,0.008697,0.0076599,0.031297,0.028366,0.014235,0.0064813,0.0086701,0.012564,0.023854,0.050372,0.04289
0.017186,0.017494,0.011175,0.0097228,0.0057237,0.032599,0.030864,0.007395,0.019113,0.024083,0.011687,0.045654,0.012894,0.0058842,0.013279,0.059071,0.03092,0.020644,0.019618,0.0054649,0.072734,0.026872,0.0064042,0.0078463,0.0056285,0.028784,0.0090296,0.0105,0.0086624,0.0076317,0.031046,0.028262,0.014141,0.006439,0.0086056,0.012558,0.023871,0.050058,0.042952
0.017093,0.017468,0.011119,0.009704,0.0057068,0.032407,0.030496,0.0073674,0.019069,0.023973,0.01165,0.045723,0.012818,0.0058391,0.013212,0.058806,0.030641,0.020658,0.019442,0.0054704,0.072597,0.026797,0.006378,0.0078253,0.0056267,0.028712,0.0089791,0.0105,0.008628,0.0076037,0.030788,0.028158,0.014049,0.0064459,0.0085418,0.012552,0.023871,0.049816,0.043012
0.016997,0.01745,0.011067,0.0096848,0.0056899,0.032214,0.030129,0.0073399,0.019021,0.023863,0.011614,0.045792,0.012743,0.0057943,0.013145,0.05854,0.030367,0.02067,0.019264,0.0054756,0.072459,0.026721,0.0063516,0.0078043,0.0056233,0.028639,0.0089283,0.0105,0.0085938,0.0075756,0.030523,0.028052,0.013957,0.0064512,0.0084784,0.012546,0.023855,0.049596,0.043072
0.016898,0.017439,0.011018,0.0096649,0.0056731,0.032022,0.029766,0.0073125,0.01897,0.023754,0.011577,0.045842,0.012668,0.0057498,0.013078,0.058271,0.030098,0.020683,0.019083,0.0054804,0.072319,0.026643,0.0063248,0.0077832,0.0056181,0.028566,0.0088773,0.010499,0.0085597,0.0075475,0.030254,0.027947,0.013867,0.0064554,0.0084157,0.012541,0.023821,0.049379,0.043131
0.016796,0.017435,0.010974,0.0096448,0.0056563,0.031829,0.029404,0.0072853,0.018916,0.023645,0.01154,0.045875,0.012593,0.0057055,0.013011,0.058,0.029833,0.020694,0.0189,0.005485,0.072177,0.026565,0.0062977,0.0077621,0.005611,0.028493,0.008826,0.010496,0.0085259,0.0075194,0.02998,0.02784,0.013777,0.0064583,0.0083535,0.012535,0.02377,0.049164,0.043188
0.01669,0.017438,0.010932,0.0096241,0.0056394,0.031636,0.029044,0.0072582,0.018859,0.023536,0.011503,0.04589,0.012518,0.0056616,0.012945,0.057726,0.029573,0.020704,0.018715,0.0054894,0.072034,0.026485,0.0062702,0.0077408,0.0056018,0.028419,0.0087745,0.010493,0.0084922,0.0074913,0.029705,0.027733,0.013688,0.0064594,0.0082918,0.01253,0.023702,0.048953,0.043245
0.016582,0.017446,0.010895,0.0096029,0.0056226,0.031444,0.028688,0.0072311,0.0188,0.023427,0.011466,0.045887,0.012443,0.005618,0.012879,0.057449,0.029319,0.020714,0.018529,0.0054934,0.071888,0.026404,0.0062424,0.0077196,0.0055906,0.028345,0.0087226,0.01049,0.0084588,0.0074632,0.029428,0.027626,0.0136,0.0064588,0.0082306,0.012525,0.023617,0.048756,0.043301
0.016472,0.017458,0.010861,0.0095812,0.0056059,0.031251,0.028333,0.0072042,0.018737,0.023319,0.011428,0.045867,0.012367,0.0055747,0.012812,0.05717,0.029069,0.020723,0.01834,0.0054971,0.071742,0.026322,0.0062142,0.0076983,0.0055771,0.028271,0.0086702,0.010485,0.0084255,0.0074351,0.02915,0.027517,0.013512,0.0064566,0.00817,0.012521,0.023514,0.048588,0.043356
0.016359,0.017475,0.01083,0.009559,0.0055893,0.031058,0.027981,0.0071774,0.018672,0.023211,0.011389,0.04583,0.012291,0.0055317,0.012746,0.056889,0.028824,0.020731,0.01815,0.0055005,0.071593,0.026239,0.0061858,0.0076769,0.0055614,0.028197,0.0086173,0.010481,0.0083924,0.0074069,0.02913,0.027409,0.013426,0.0064531,0.0081099,0.012516,0.023394,0.048419,0.043409
0.016244,0.017496,0.010803,0.0095363,0.0055726,0.030865,0.027632,0.0071506,0.018605,0.023103,0.01135,0.045778,0.012216,0.005489,0.012679,0.056606,0.028584,0.020738,0.017958,0.0055035,0.071442,0.026155,0.006157,0.0076555,0.0055434,0.028123,0.0085637,0.010476,0.0083595,0.0073788,0.029208,0.0273,0.013341,0.0064478,0.0080503,0.012512,0.023366,0.048249,0.043461
0.016126,0.017517,0.01078,0.009513,0.005556,0.030672,0.027286,0.0071239,0.018535,0.022995,0.01131,0.045709,0.01214,0.0054467,0.012613,0.05632,0.028349,0.020744,0.017764,0.0055061,0.07129,0.02607,0.0061281,0.007634,0.0055229,0.028047,0.0085096,0.01047,0.0083267,0.0073507,0.029328,0.02719,0.013257,0.0064404,0.0079912,0.012508,0.023433,0.048078,0.043511
0.016008,0.017542,0.010759,0.0094893,0.0055393,0.030479,0.026942,0.0070973,0.018463,0.022888,0.011269,0.045626,0.012064,0.0054046,0.012547,0.056032,0.028119,0.020749,0.017569,0.0055084,0.071136,0.025984,0.0060991,0.0076125,0.0054999,0.027973,0.008455,0.010463,0.0082942,0.0073226,0.029513,0.02708,0.013173,0.0064317,0.0079326,0.012505,0.023485,0.047906,0.043559
0.015888,0.017567,0.010742,0.009465,0.0055226,0.030286,0.0266,0.0070708,0.018388,0.022781,0.011227,0.045526,0.011988,0.0053628,0.01248,0.055742,0.027894,0.020753,0.017372,0.0055103,0.07098,0.025896,0.0060697,0.007591,0.0054865,0.027898,0.0083998,0.010455,0.0082619,0.0072944,0.029681,0.026969,0.01309,0.0064212,0.0078746,0.012501,0.023522,0.047732,0.043606
0.015767,0.01759,0.010727,0.0094403,0.0055061,0.030092,0.026262,0.0070444,0.018311,0.022674,0.011185,0.045412,0.011911,0.0053214,0.012414,0.05545,0.027674,0.020755,0.017173,0.0055118,0.070822,0.025809,0.0060401,0.0075695,0.0055152,0.027822,0.0083442,0.010447,0.0082298,0.0072663,0.029833,0.026858,0.013009,0.0064088,0.007817,0.012498,0.023542,0.047555,0.043651
0.015644,0.017613,0.010715,0.0094152,0.0054896,0.029899,0.025927,0.0070181,0.018232,0.022568,0.011141,0.045285,0.011835,0.0052803,0.012347,0.055156,0.027459,0.020757,0.017026,0.005513,0.070663,0.02572,0.0060102,0.0075479,0.0055426,0.027746,0.008288,0.010438,0.0081978,0.0072382,0.02997,0.026747,0.012928,0.0063951,0.00776,0.012495,0.023547,0.047378,0.043694
0.015521,0.017633,0.010706,0.0093896,0.0054731,0.029706,0.025594,0.0069918,0.01815,0.022462,0.011097,0.045143,0.011758,0.0052395,0.012281,0.054861,0.027248,0.020757,0.016927,0.005514,0.070502,0.02563,0.0059802,0.0075263,0.0055685,0.027671,0.0082313,0.010428,0.0081661,0.0072101,0.030091,0.026637,0.012848,0.0063799,0.0077035,0.012492,0.023537,0.047198,0.043735
0.015397,0.01765,0.010699,0.0093635,0.0054565,0.029512,0.025265,0.0069657,0.018067,0.022356,0.011052,0.044986,0.01168,0.005199,0.012215,0.054563,0.027043,0.020756,0.016826,0.0055147,0.070339,0.02554,0.0059499,0.0075047,0.005593,0.027596,0.0081742,0.010418,0.0081344,0.007182,0.030199,0.026526,0.012769,0.0063635,0.0076474,0.012489,0.023511,0.047017,0.043774
0.015273,0.017662,0.010695,0.009337,0.0054399,0.029319,0.024938,0.0069396,0.017982,0.022251,0.011006,0.044815,0.011603,0.0051588,0.012148,0.054264,0.026843,0.020754,0.016725,0.005515,0.070174,0.025449,0.0059194,0.0074829,0.005616,0.027519,0.0081167,0.010406,0.008103,0.007154,0.030293,0.026415,0.012691,0.0063466,0.0075919,0.012486,0.02347,0.046833,0.043811
0.015149,0.01767,0.010693,0.0093101,0.0054233,0.029126,0.024615,0.0069136,0.017895,0.022145,0.010959,0.044631,0.011525,0.005119,0.012082,0.053963,0.026648,0.020751,0.016622,0.0055149,0.070008,0.025357,0.0058888,0.0074612,0.0056374,0.027444,0.0080775,0.010394,0.0080717,0.0071259,0.030373,0.026303,0.012614,0.006329,0.0075368,0.012483,0.023413,0.046648,0.043846
0.015024,0.017671,0.010693,0.0092828,0.0054069,0.028932,0.024294,0.0068878,0.017807,0.02204,0.010912,0.044434,0.011447,0.0050795,0.012016,0.053659,0.026457,0.020747,0.016519,0.0055145,0.06984,0.025264,0.0058581,0.0074394,0.0056572,0.027368,0.0080391,0.010381,0.0080406,0.0070979,0.030442,0.026191,0.012537,0.0063101,0.0074822,0.012479,0.02334,0.046461,0.043879
0.014955,0.017666,0.010695,0.0092551,0.0053904,0.02874,0.024201,0.006862,0.017716,0.021936,0.010863,0.044223,0.011369,0.0050403,0.01195,0.053355,0.026272,0.020742,0.016413,0.0055136,0.06967,0.025171,0.0058273,0.0074175,0.0056755,0.027293,0.008005,0.010369,0.0080097,0.0070701,0.030499,0.026078,0.012461,0.00629,0.0074281,0.012476,0.023253,0.046272,0.04391
0.01489,0.017653,0.010698,0.009227,0.0053739,0.028547,0.02413,0.0068363,0.017624,0.021831,0.010814,0.044,0.011291,0.0050014,0.011884,0.053049,0.026091,0.020736,0.016307,0.0055125,0.069499,0.025077,0.0057964,0.0073956,0.0056922,0.027217,0.0079746,0.010355,0.007979,0.0070422,0.030545,0.025965,0.012387,0.0062678,0.0073745,0.012472,0.02315,0.046082,0.043939
0.014826,0.017631,0.010703,0.0091985,0.0053574,0.028355,0.024059,0.0068107,0.01753,0.021727,0.010763,0.043765,0.011212,0.0049628,0.011818,0.052742,0.025915,0.020729,0.0162,0.0055109,0.069326,0.024982,0.0057652,0.0073736,0.0057073,0.027141,0.0079436,0.010341,0.0079484,0.0070144,0.030582,0.025852,0.012313,0.0062443,0.0073214,0.012468,0.023034,0.04589,0.043965
0.014761,0.017601,0.010709,0.0091696,0.0053485,0.028163,0.023988,0.0067852,0.017435,0.021624,0.010712,0.043519,0.011133,0.0049245,0.011752,0.052433,0.025744,0.020721,0.016091,0.0055091,0.069151,0.024887,0.005734,0.0073516,0.0057209,0.027066,0.0079119,0.010326,0.0079179,0.0069866,0.03061,0.025739,0.012239,0.0062187,0.0072687,0.012463,0.022903,0.045696,0.04399
0.014698,0.017561,0.010716,0.0091404,0.0053405,0.027972,0.023918,0.0067599,0.017339,0.021521,0.010661,0.043261,0.011053,0.0048866,0.011686,0.052122,0.025577,0.020712,0.015981,0.0055069,0.068974,0.024791,0.0057026,0.0073296,0.005733,0.026991,0.0078798,0.010311,0.0078877,0.0069589,0.030629,0.025625,0.012167,0.0061916,0.0072165,0.012459,0.022759,0.045501,0.044012
0.014634,0.017512,0.010725,0.0091108,0.0053323,0.027781,0.023847,0.0067346,0.017241,0.021418,0.010609,0.042994,0.010974,0.004849,0.01162,0.05181,0.025415,0.020703,0.015869,0.0055045,0.068795,0.024694,0.0056711,0.0073075,0.0057438,0.026916,0.0078471,0.010295,0.0078576,0.0069311,0.030641,0.025511,0.012095,0.0061625,0.0071848,0.012453,0.022601,0.045303,0.044031
0.014571,0.017451,0.010735,0.0090811,0.0053237,0.027592,0.023776,0.0067095,0.017142,0.021315,0.010556,0.042715,0.010894,0.0048117,0.011555,0.051497,0.025258,0.020694,0.015756,0.0055018,0.068614,0.024597,0.0056395,0.0072854,0.0057531,0.026841,0.007814,0.010278,0.0078276,0.0069034,0.030645,0.025396,0.012024,0.0061315,0.0071626,0.012447,0.02243,0.045105,0.044048
0.014508,0.01738,0.010745,0.0090511,0.0053149,0.027404,0.023705,0.0066844,0.017042,0.021213,0.010504,0.042426,0.010814,0.0047747,0.011489,0.051183,0.025105,0.020685,0.015642,0.0054987,0.068431,0.0245,0.0056078,0.0072632,0.0057608,0.026765,0.0077805,0.01026,0.0077979,0.0068758,0.030644,0.025281,0.011953,0.0060991,0.0071404,0.012441,0.022246,0.044904,0.044062
0.014445,0.017297,0.010755,0.0090208,0.0053057,0.027217,0.023635,0.0066594,0.016941,0.021111,0.010451,0.042126,0.010734,0.004738,0.011424,0.050867,0.024956,0.020682,0.015527,0.0054952,0.068247,0.024402,0.0055762,0.007241,0.0057667,0.02669,0.0077466,0.010242,0.0077682,0.0068481,0.030637,0.025167,0.011884,0.0060646,0.0071181,0.012434,0.02205,0.044702,0.044074
0.014383,0.017203,0.010766,0.0089902,0.0052963,0.027034,0.023565,0.0066345,0.016838,0.021009,0.010398,0.041815,0.010654,0.0047017,0.011359,0.05055,0.024812,0.020694,0.01541,0.0054915,0.068061,0.024303,0.0055445,0.0072188,0.0057708,0.026615,0.0077124,0.010223,0.0077388,0.0068206,0.030625,0.025053,0.011814,0.0060288,0.0070959,0.012426,0.021843,0.044499,0.044083
0.014321,0.017098,0.010777,0.0089592,0.0052867,0.026852,0.023494,0.0066097,0.016735,0.020908,0.010346,0.041493,0.010573,0.0046656,0.011294,0.050233,0.024672,0.020733,0.015291,0.0054873,0.067873,0.024204,0.0055128,0.0071965,0.0057731,0.026539,0.0076776,0.010203,0.0077095,0.006793,0.030609,0.024939,0.011746,0.0059911,0.0070737,0.012418,0.021625,0.044294,0.04409
0.01426,0.017061,0.010789,0.008928,0.0052768,0.026673,0.023424,0.006585,0.016631,0.020807,0.010294,0.04116,0.010492,0.0046299,0.011229,0.049913,0.024536,0.020771,0.015171,0.0054829,0.067684,0.024104,0.005481,0.0071742,0.0057737,0.026463,0.0076423,0.010183,0.0076803,0.0067655,0.030589,0.024824,0.011678,0.0059519,0.0070514,0.012409,0.021396,0.044088,0.044093
0.014198,0.017101,0.0108,0.0088964,0.0052668,0.026494,0.023353,0.0065604,0.016526,0.020706,0.010243,0.040816,0.010411,0.0045945,0.011165,0.049594,0.024405,0.020807,0.01505,0.0054781,0.067493,0.024004,0.0054491,0.0071519,0.0057723,0.026388,0.0076065,0.010162,0.0076514,0.006738,0.030568,0.02471,0.01161,0.0059111,0.0070292,0.012399,0.021158,0.043879,0.044094
0.014137,0.017145,0.01081,0.0088646,0.0052567,0.026316,0.023283,0.0065359,0.01642,0.020605,0.010192,0.040463,0.01033,0.0045594,0.0111,0.049273,0.024277,0.020842,0.014953,0.005473,0.0673,0.023903,0.0054172,0.0071295,0.0057689,0.026312,0.0075699,0.010141,0.0076225,0.0067106,0.030544,0.024595,0.011543,0.005869,0.007007,0.012389,0.02091,0.043671,0.044091
0.014077,0.017181,0.010821,0.0088448,0.0052464,0.026139,0.023213,0.0065114,0.016314,0.020505,0.010142,0.040101,0.010249,0.0045246,0.011036,0.048951,0.024154,0.020875,0.014887,0.0054677,0.067105,0.023802,0.0053853,0.0071071,0.0057634,0.026236,0.0075328,0.010119,0.0075939,0.0066832,0.030518,0.02448,0.011477,0.0058254,0.0069847,0.012377,0.020653,0.043461,0.044085
0.014016,0.017207,0.010831,0.0088348,0.005236,0.025962,0.023143,0.0064871,0.016207,0.020406,0.010093,0.03973,0.010168,0.0044902,0.010972,0.048628,0.024034,0.020908,0.014821,0.0054621,0.066909,0.023701,0.0053533,0.0070846,0.0057557,0.026159,0.0074951,0.010097,0.0075653,0.0066558,0.030491,0.024365,0.011412,0.0057821,0.0069626,0.012366,0.020388,0.043249,0.044077
0.013956,0.017221,0.01084,0.0088247,0.0052256,0.025786,0.023073,0.0064628,0.016099,0.020306,0.010045,0.03935,0.010086,0.004456,0.010908,0.048305,0.023918,0.02094,0.014754,0.0054562,0.066712,0.023599,0.0053213,0.0070621,0.0057458,0.026082,0.0074567,0.010074,0.007537,0.0066285,0.030464,0.024249,0.011346,0.005785,0.0069405,0.012353,0.020115,0.043036,0.044065
0.013897,0.017224,0.010848,0.0088144,0.0052151,0.02561,0.023002,0.0064386,0.015991,0.020208,0.0099991,0.038961,0.010005,0.0044222,0.010844,0.047981,0.023814,0.02097,0.014687,0.00545,0.066514,0.023496,0.0052894,0.0070396,0.0057337,0.026006,0.0074178,0.010051,0.0075087,0.0066013,0.030437,0.024134,0.011282,0.0057862,0.0069185,0.01234,0.019835,0.042822,0.04405
0.013837,0.017214,0.010855,0.0088039,0.0052046,0.025435,0.022932,0.0064146,0.015883,0.020109,0.0099544,0.038563,0.009923,0.0043886,0.01078,0.047656,0.02371,0.021,0.014619,0.0054434,0.066314,0.023394,0.0052576,0.0070171,0.0057194,0.025929,0.0073783,0.010027,0.0074807,0.006574,0.030411,0.024018,0.011217,0.0057857,0.0068964,0.012325,0.019549,0.042607,0.044032
0.013778,0.017191,0.010862,0.0087933,0.0051941,0.02526,0.022863,0.0063907,0.015775,0.020011,0.0099116,0.038159,0.0098411,0.0043554,0.010716,0.04733,0.023607,0.021028,0.014551,0.0054366,0.066113,0.02329,0.0052257,0.0069945,0.0057028,0.025851,0.0073382,0.010002,0.0074527,0.0065469,0.030386,0.023902,0.011153,0.0057841,0.0068743,0.01231,0.019257,0.04239,0.044011
0.013719,0.017153,0.010867,0.0087825,0.0051836,0.025085,0.022793,0.0063668,0.015666,0.019913,0.0098706,0.037747,0.0097594,0.0043225,0.010653,0.047004,0.023505,0.021056,0.014482,0.0054294,0.065912,0.023187,0.0051939,0.006972,0.0056841,0.025773,0.0072975,0.0099763,0.007425,0.0065198,0.030363,0.023786,0.011089,0.0057807,0.0068523,0.012294,0.018961,0.042172,0.043986
0.013661,0.017102,0.010871,0.0087715,0.0051732,0.02491,0.022723,0.0063431,0.015558,0.019816,0.0098317,0.037447,0.0096777,0.0042899,0.010589,0.046677,0.023402,0.021083,0.014413,0.0054219,0.065709,0.023083,0.005162,0.0069493,0.0056631,0.025696,0.0072563,0.0099503,0.0073973,0.0064927,0.030341,0.02367,0.011026,0.0057755,0.0068302,0.012278,0.01866,0.041955,0.043959
0.013603,0.017037,0.010873,0.0087604,0.0051628,0.024736,0.022653,0.0063195,0.015451,0.019718,0.009826,0.037295,0.0095959,0.0042576,0.010526,0.046349,0.023299,0.021109,0.014344,0.005414,0.065504,0.022979,0.0051302,0.0069267,0.00564,0.025618,0.0072146,0.0099236,0.0073699,0.0064658,0.030323,0.023554,0.010964,0.0057686,0.0068082,0.01226,0.018356,0.041735,0.043929
0.013545,0.016958,0.010874,0.0087491,0.0051578,0.024562,0.022583,0.0062959,0.015345,0.019622,0.0098229,0.037136,0.009514,0.0042255,0.010463,0.046022,0.023203,0.021135,0.014274,0.0054061,0.065298,0.022875,0.0050985,0.0069041,0.0056146,0.02554,0.0071723,0.0098963,0.0073425,0.0064389,0.030308,0.023439,0.010901,0.0057605,0.0067862,0.012242,0.018082,0.041515,0.043895
0.013487,0.016864,0.010874,0.0087377,0.0051551,0.024388,0.022513,0.0062724,0.01524,0.019525,0.0098209,0.036974,0.0094322,0.0041938,0.0104,0.045693,0.023113,0.02116,0.014204,0.0053978,0.065091,0.02277,0.0050667,0.0068816,0.005587,0.025462,0.0071296,0.0098684,0.0073153,0.0064122,0.030295,0.023324,0.010839,0.0057508,0.0067642,0.012222,0.018008,0.041293,0.043858
0.01343,0.016757,0.010872,0.0087261,0.0051525,0.024215,0.022444,0.0062491,0.015136,0.019429,0.00982,0.036805,0.0093503,0.0041624,0.010337,0.045365,0.023027,0.021184,0.014133,0.0053893,0.064883,0.022665,0.005035,0.006859,0.0055571,0.025383,0.0070865,0.0098405,0.0072883,0.0063855,0.030287,0.023209,0.010778,0.0057394,0.0067422,0.012202,0.017921,0.041071,0.043817
0.013373,0.016634,0.010867,0.0087143,0.0051499,0.024041,0.022375,0.0062258,0.015032,0.019333,0.0098205,0.036631,0.0092685,0.0041313,0.010275,0.045035,0.023056,0.021207,0.014062,0.0053804,0.064673,0.022559,0.0050034,0.0068363,0.005525,0.025304,0.0070428,0.0098123,0.0072614,0.0063588,0.030283,0.023094,0.010716,0.0057263,0.0067203,0.012181,0.017823,0.040849,0.043773
0.013316,0.016498,0.010862,0.0087024,0.0051473,0.023869,0.022305,0.0062026,0.014928,0.019238,0.0098225,0.03645,0.0091867,0.0041005,0.010213,0.044706,0.023201,0.021229,0.013991,0.0053712,0.064462,0.022453,0.0049718,0.0068137,0.0054906,0.025225,0.0069988,0.0097835,0.0072346,0.0063322,0.030283,0.022978,0.010655,0.0057115,0.0066983,0.012159,0.017714,0.040666,0.043726
0.01326,0.016516,0.010855,0.0086904,0.0051449,0.023696,0.022236,0.0061794,0.014825,0.019142,0.009826,0.036263,0.0091054,0.00407,0.01015,0.044376,0.023349,0.021249,0.01392,0.0053617,0.064249,0.022348,0.0049404,0.006791,0.005454,0.025146,0.0069543,0.009754,0.007208,0.0063057,0.030288,0.022863,0.010594,0.0056956,0.0066764,0.012137,0.017595,0.040496,0.043674
0.013204,0.016676,0.010846,0.0086782,0.0051424,0.023524,0.022166,0.0061564,0.014721,0.019048,0.0098311,0.036068,0.0090241,0.0040398,0.010088,0.044066,0.023498,0.021268,0.013848,0.0053518,0.064036,0.022242,0.0049091,0.0067683,0.0054152,0.025067,0.0069094,0.0097301,0.0071816,0.0062792,0.030297,0.022748,0.010533,0.0056781,0.0066545,0.012113,0.017466,0.040327,0.04362
0.013148,0.016826,0.010834,0.0086658,0.0051401,0.023351,0.022096,0.0061335,0.014617,0.018953,0.0098378,0.035918,0.008943,0.0040099,0.010027,0.043968,0.023649,0.021285,0.013776,0.0053417,0.063821,0.022135,0.0048778,0.0067456,0.0053741,0.024987,0.0068642,0.0097162,0.0071553,0.0062528,0.030311,0.022633,0.010483,0.0056589,0.0066326,0.012088,0.017327,0.040158,0.043561
0.013092,0.016968,0.010822,0.0086533,0.0051377,0.02318,0.022027,0.0061107,0.014513,0.018859,0.0098461,0.035848,0.008862,0.0039803,0.0099651,0.04387,0.023801,0.021301,0.013704,0.0053313,0.063606,0.022029,0.0048466,0.0067229,0.0053734,0.024907,0.0068187,0.0097016,0.0071291,0.0062264,0.03033,0.022517,0.010455,0.0056383,0.0066108,0.012063,0.01718,0.03999,0.0435
0.013037,0.017099,0.010807,0.0086406,0.0051354,0.023018,0.021957,0.006088,0.01441,0.018766,0.009856,0.035771,0.0087812,0.0039509,0.0099037,0.043769,0.023955,0.021315,0.013632,0.0053207,0.063389,0.021922,0.0048155,0.0067002,0.0053732,0.024826,0.0067727,0.009687,0.0071031,0.0062001,0.030354,0.022402,0.010427,0.0056166,0.006589,0.012036,0.017025,0.039822,0.043434
0.012983,0.01722,0.01079,0.0086278,0.0051332,0.022945,0.021888,0.0060654,0.014306,0.018673,0.0098675,0.035686,0.0087006,0.0039219,0.0098425,0.043669,0.024109,0.021327,0.01356,0.0053098,0.06332,0.021815,0.0047844,0.0066775,0.0053707,0.024745,0.0067265,0.0096719,0.0070772,0.0061739,0.030383,0.022287,0.010398,0.0055933,0.0065672,0.012009,0.016864,0.039655,0.043366
0.012928,0.017332,0.010772,0.0086149,0.005131,0.022872,0.021819,0.0060429,0.014202,0.01858,0.0098806,0.035593,0.0086202,0.0038931,0.0097816,0.043567,0.024264,0.021338,0.013488,0.0052986,0.063267,0.021708,0.0047535,0.0066547,0.0053657,0.024665,0.00668,0.009656,0.0070515,0.0061477,0.030417,0.022172,0.010366,0.00557,0.0065454,0.011981,0.016696,0.039487,0.043293
0.012874,0.017432,0.010752,0.0086018,0.0051289,0.022799,0.02175,0.0060205,0.014098,0.018488,0.0098955,0.035494,0.0085402,0.0038647,0.0097211,0.043464,0.02442,0.021347,0.013416,0.005287,0.063211,0.021601,0.0047226,0.0066319,0.0053583,0.024585,0.0066331,0.0096395,0.0070259,0.0061216,0.030455,0.022056,0.010334,0.0055469,0.0065236,0.011952,0.016522,0.03932,0.043217
0.01282,0.017523,0.010731,0.0085886,0.0051268,0.022725,0.021681,0.0059981,0.013994,0.018395,0.0099118,0.035387,0.0084604,0.0038365,0.0096609,0.04336,0.024577,0.021355,0.013344,0.0052752,0.063152,0.021494,0.0046918,0.0066092,0.0053487,0.024504,0.006586,0.0096227,0.0070004,0.0060956,0.0305,0.021942,0.010299,0.0055224,0.006502,0.011922,0.016344,0.039153,0.043137
0.012767,0.017601,0.010708,0.0085752,0.0051248,0.022652,0.021612,0.0059759,0.01389,0.018304,0.0099298,0.035272,0.0083809,0.0038086,0.0096008,0.043254,0.024733,0.021361,0.013273,0.005263,0.063091,0.021387,0.0046611,0.0065864,0.0053366,0.024422,0.0065388,0.0096056,0.006975,0.0060697,0.030548,0.021828,0.010263,0.0054969,0.0064804,0.011891,0.016161,0.038987,0.043054
0.012713,0.017669,0.010684,0.0085617,0.0051227,0.022577,0.021543,0.0059537,0.013786,0.018212,0.0099494,0.03515,0.0083018,0.0037809,0.0095409,0.043148,0.02489,0.021365,0.013201,0.0052505,0.063028,0.021279,0.0046306,0.0065636,0.0053223,0.024341,0.0064912,0.0095883,0.0069498,0.0060438,0.030602,0.021714,0.010227,0.0054701,0.0064588,0.01186,0.015976,0.03882,0.042966
0.01266,0.017725,0.010659,0.0085481,0.0051207,0.022503,0.021474,0.0059317,0.013682,0.018121,0.0099705,0.03502,0.0082231,0.0037536,0.0094812,0.043041,0.025046,0.021368,0.013141,0.0052376,0.062963,0.021172,0.0046002,0.0065408,0.0053057,0.024259,0.0064434,0.0095763,0.0069247,0.006018,0.03066,0.0216,0.010188,0.0054418,0.0064373,0.011828,0.015788,0.038654,0.042875
0.012607,0.017769,0.010634,0.0085343,0.0051186,0.022429,0.021405,0.0059097,0.013578,0.018031,0.0099931,0.034885,0.0081448,0.0037265,0.0094217,0.042933,0.025202,0.02137,0.013082,0.0052247,0.062895,0.021064,0.0045699,0.006518,0.0052868,0.024176,0.0063954,0.0095753,0.0068997,0.0059922,0.030723,0.021487,0.010148,0.0054126,0.0064158,0.011799,0.015598,0.038489,0.04278
0.012555,0.0178,0.010608,0.0085204,0.0051166,0.022355,0.021336,0.0058879,0.013474,0.01794,0.010017,0.034742,0.0080669,0.0036997,0.0093625,0.042824,0.025357,0.02137,0.013022,0.0052114,0.062825,0.020956,0.0045398,0.0064951,0.0052658,0.024094,0.0063473,0.0095735,0.0068749,0.0059665,0.03079,0.021441,0.010107,0.0053822,0.0063944,0.011768,0.015407,0.038324,0.042681
0.012503,0.017819,0.010582,0.0085063,0.0051146,0.02228,0.021268,0.0058661,0.013371,0.01785,0.010042,0.034591,0.0079895,0.0036732,0.0093034,0.042715,0.025511,0.021368,0.012962,0.0051978,0.062753,0.020849,0.0045098,0.0064723,0.0052426,0.024013,0.006299,0.009571,0.0068502,0.0059409,0.030861,0.021471,0.010064,0.0053504,0.006373,0.011738,0.015215,0.03816,0.042578
0.012451,0.017826,0.010555,0.0084922,0.0051126,0.022205,0.0212,0.0058445,0.013267,0.017761,0.010069,0.034434,0.0079127,0.003647,0.0092446,0.042604,0.025664,0.021365,0.012901,0.0051838,0.062678,0.020741,0.0044799,0.0064495,0.0052173,0.02393,0.0062505,0.0095677,0.0068256,0.0059154,0.030935,0.021494,0.01002,0.0053173,0.0063516,0.011707,0.015023,0.037995,0.042471
0.012399,0.017819,0.010528,0.0084779,0.0051106,0.02213,0.021131,0.0058229,0.013164,0.017672,0.010097,0.034272,0.0078363,0.003621,0.009186,0.042492,0.025816,0.021361,0.012841,0.0051695,0.062601,0.020633,0.0044501,0.0064267,0.0051898,0.023848,0.0062019,0.0095636,0.0068012,0.0058899,0.031014,0.021513,0.0099748,0.0052835,0.0063302,0.011675,0.014832,0.037831,0.04236
0.012348,0.017801,0.010511,0.0084635,0.0051087,0.022054,0.021063,0.0058014,0.013061,0.017583,0.010126,0.034102,0.0077605,0.0035953,0.0091276,0.04238,0.025967,0.021355,0.01278,0.0051549,0.062522,0.020526,0.0044204,0.0064039,0.0051603,0.023765,0.0061532,0.0095588,0.0067769,0.0058651,0.031096,0.021527,0.009928,0.0052485,0.0063089,0.011642,0.014642,0.037667,0.042246
0.012297,0.01777,0.010496,0.0084489,0.0051067,0.021979,0.020994,0.0057801,0.012958,0.017494,0.010156,0.033927,0.0076853,0.0035698,0.0090695,0.042267,0.026115,0.021348,0.012719,0.0051399,0.06244,0.020418,0.0043909,0.006381,0.0051288,0.023682,0.0061044,0.0095532,0.0067526,0.0058416,0.031181,0.021537,0.0098797,0.0052123,0.0062876,0.011609,0.014453,0.037504,0.042127
0.012246,0.017728,0.010478,0.0084343,0.0051048,0.021903,0.020926,0.0057588,0.012856,0.017406,0.010186,0.033746,0.0076106,0.0035447,0.0090116,0.042153,0.026262,0.02134,0.012658,0.0051246,0.062357,0.02031,0.0043615,0.0063582,0.0050954,0.023599,0.0060554,0.0095473,0.0067286,0.005818,0.031269,0.021542,0.0098305,0.005175,0.0062664,0.011574,0.014279,0.037341,0.042005
0.012195,0.017672,0.010459,0.0084195,0.0051028,0.021827,0.020857,0.0057376,0.012754,0.017318,0.010218,0.033559,0.0075365,0.0035197,0.0089539,0.042038,0.026407,0.02133,0.012596,0.0051092,0.062271,0.020202,0.0043322,0.0063354,0.0050601,0.023515,0.0060065,0.009541,0.0067046,0.0057945,0.03136,0.021542,0.0097802,0.0051368,0.0062452,0.011539,0.014149,0.037179,0.041879
0.012145,0.017605,0.010438,0.0084046,0.0051009,0.021752,0.020788,0.0057166,0.012652,0.017231,0.010249,0.033367,0.0074631,0.0034951,0.0088964,0.041922,0.026549,0.02132,0.012535,0.0050934,0.062182,0.020095,0.004303,0.0063126,0.005023,0.023431,0.0059575,0.009534,0.0066808,0.0057711,0.031452,0.021537,0.0097284,0.0050978,0.006224,0.011503,0.01402,0.037017,0.041749
0.012095,0.017526,0.010414,0.0083895,0.0050989,0.021675,0.02072,0.0056957,0.01255,0.017144,0.010282,0.03317,0.0073903,0.0034707,0.0088392,0.041805,0.026689,0.021308,0.012473,0.0050773,0.062092,0.019987,0.004274,0.0062898,0.004984,0.023348,0.0059083,0.0095263,0.0066571,0.0057477,0.031547,0.021528,0.0096752,0.0050578,0.0062029,0.011466,0.013892,0.036855,0.041616
0.012046,0.017434,0.010388,0.0083744,0.0050969,0.021599,0.020652,0.0056748,0.012454,0.017058,0.010314,0.032968,0.0073181,0.0034465,0.0087822,0.041688,0.026826,0.021297,0.012412,0.0050608,0.061999,0.019879,0.0042452,0.006267,0.0049433,0.023264,0.0058592,0.0095178,0.0066335,0.0057244,0.031644,0.021515,0.0096206,0.0050169,0.0061818,0.011428,0.013765,0.036694,0.041478
0.012027,0.017331,0.010359,0.0083592,0.0050948,0.021523,0.020585,0.0056541,0.01238,0.016972,0.010347,0.032761,0.0072466,0.0034227,0.0087254,0.04157,0.02696,0.021287,0.01235,0.005044,0.061905,0.019772,0.0042166,0.0062442,0.0049009,0.023181,0.0058101,0.0095086,0.00661,0.0057012,0.031742,0.021498,0.0095655,0.004975,0.0061608,0.01139,0.013639,0.036533,0.041337
0.012009,0.017216,0.010329,0.0083438,0.0050928,0.021447,0.020517,0.0056335,0.012306,0.016886,0.01038,0.03255,0.0071759,0.003399,0.0086689,0.041451,0.02709,0.021277,0.012289,0.0050269,0.061808,0.019665,0.0041881,0.0062214,0.0048569,0.023097,0.0057609,0.0094988,0.0065867,0.0056779,0.031842,0.021475,0.0095091,0.0049322,0.0061398,0.01135,0.013514,0.036373,0.041193
0.011991,0.017091,0.010296,0.0083283,0.0050907,0.02137,0.020449,0.005613,0.012232,0.0168,0.010412,0.032335,0.0071059,0.0033756,0.0086126,0.041332,0.027218,0.021268,0.012228,0.0050094,0.061709,0.019557,0.0041597,0.0061986,0.0048114,0.023012,0.0057117,0.0094882,0.0065634,0.0056548,0.031943,0.021448,0.0094513,0.0048891,0.0061188,0.01131,0.01339,0.036212,0.041044
0.011973,0.016953,0.010261,0.0083127,0.0050887,0.021293,0.020382,0.0055926,0.012158,0.016715,0.010445,0.032116,0.0070366,0.0033525,0.0085566,0.041212,0.027342,0.021258,0.012168,0.0049917,0.061608,0.01945,0.0041315,0.0061759,0.0047643,0.022928,0.0056625,0.0094769,0.0065403,0.0056317,0.032044,0.021418,0.0093921,0.0048452,0.0060979,0.011269,0.013268,0.036053,0.040892
0.011954,0.016805,0.010224,0.0082971,0.0050866,0.021217,0.020314,0.0055723,0.012083,0.016631,0.010477,0.031892,0.0069681,0.0033296,0.0085029,0.041091,0.027462,0.021247,0.012108,0.0049737,0.061505,0.019343,0.0041034,0.0061531,0.0047158,0.022843,0.0056134,0.0094649,0.0065173,0.0056086,0.032146,0.021384,0.009332,0.0048004,0.006077,0.011228,0.013148,0.035893,0.040904
0.011936,0.016647,0.010184,0.0082813,0.0050844,0.02114,0.020246,0.0055521,0.012009,0.016546,0.010509,0.031666,0.0069004,0.003307,0.0084653,0.04097,0.027579,0.021235,0.012049,0.0049554,0.061399,0.019235,0.0040755,0.0061304,0.0046659,0.022758,0.0055644,0.0094522,0.0064944,0.0055857,0.032248,0.021345,0.0092712,0.004755,0.0060562,0.011185,0.01303,0.035735,0.040964
0.011918,0.016478,0.010142,0.0082654,0.0050823,0.021063,0.020178,0.005532,0.011934,0.016462,0.01054,0.031435,0.0068336,0.0032846,0.0084279,0.040848,0.027691,0.021222,0.01199,0.0049367,0.061292,0.019129,0.0040477,0.0061077,0.0046147,0.022673,0.0055153,0.0094389,0.0064717,0.0055627,0.03235,0.021302,0.0092092,0.0047089,0.0060354,0.011143,0.012915,0.035577,0.041021
0.011899,0.016299,0.010098,0.0082494,0.0050801,0.020986,0.02011,0.0055119,0.011859,0.016379,0.010571,0.031201,0.0067675,0.0032624,0.0083906,0.040726,0.0278,0.021207,0.011932,0.0049177,0.061182,0.019022,0.0040201,0.0060851,0.0045622,0.022588,0.0054663,0.0094248,0.006449,0.0055399,0.032451,0.021255,0.0091459,0.0046622,0.0060147,0.0111,0.012802,0.035419,0.041077
0.011881,0.016111,0.010052,0.0082333,0.0050778,0.020909,0.020043,0.0054919,0.011784,0.016296,0.010601,0.030964,0.006728,0.0032405,0.0083536,0.040602,0.027903,0.021191,0.011873,0.0048983,0.06107,0.018915,0.0039926,0.0060625,0.0045085,0.022504,0.0054174,0.0094101,0.0064265,0.0055171,0.032552,0.021206,0.0090813,0.0046154,0.005994,0.011057,0.012693,0.035262,0.041131
0.011861,0.015914,0.010003,0.0082171,0.0050755,0.020832,0.019976,0.0054721,0.011709,0.016213,0.01063,0.030725,0.0067192,0.0032188,0.0083167,0.040479,0.028003,0.021174,0.011815,0.0048787,0.060957,0.018808,0.0039653,0.0060399,0.0045187,0.022419,0.0053686,0.0093952,0.0064041,0.0054943,0.032653,0.021152,0.0090161,0.004568,0.0059734,0.011015,0.012585,0.035105,0.041183
0.011843,0.015707,0.009953,0.0082008,0.0050732,0.020755,0.019909,0.0054523,0.011634,0.01613,0.010658,0.030483,0.0067103,0.0031974,0.00828,0.040354,0.028098,0.021155,0.011756,0.0048587,0.060841,0.018702,0.0039382,0.0060173,0.0045337,0.022334,0.0053199,0.00938,0.0063818,0.0054717,0.032753,0.021094,0.0089501,0.0045246,0.0059528,0.010972,0.01248,0.034948,0.041233
0.011823,0.015563,0.0099002,0.0081845,0.0050728,0.020678,0.019842,0.0054326,0.011559,0.016048,0.010685,0.030238,0.0067011,0.0031761,0.0082434,0.040229,0.028188,0.021135,0.011698,0.0048385,0.060722,0.018596,0.0039112,0.0059948,0.0045482,0.022248,0.0052712,0.009364,0.0063596,0.005449,0.032852,0.021033,0.008883,0.0045239,0.0059323,0.010929,0.012379,0.034792,0.041281
0.011803,0.015597,0.0098459,0.008168,0.0050836,0.020601,0.019775,0.005413,0.011484,0.015966,0.010711,0.029991,0.0066917,0.0031552,0.008207,0.040104,0.028274,0.021113,0.011638,0.004818,0.060602,0.01849,0.0038843,0.0059722,0.0045623,0.022163,0.0052227,0.0093475,0.0063375,0.0054265,0.03295,0.020969,0.0088147,0.0045219,0.0059119,0.010885,0.012281,0.034636,0.041327
0.011783,0.015621,0.0097892,0.0081514,0.0050952,0.020524,0.019708,0.0053935,0.011409,0.015885,0.010735,0.029743,0.0066821,0.0031344,0.0081708,0.039978,0.028354,0.021091,0.011579,0.0047972,0.06048,0.018384,0.0038577,0.0059497,0.0045758,0.022077,0.0051744,0.0093303,0.0063155,0.005404,0.033047,0.020901,0.0087454,0.0045188,0.0058916,0.010841,0.012186,0.034481,0.04137
0.011763,0.015635,0.0097308,0.0081348,0.0051075,0.020446,0.019641,0.005374,0.011334,0.015804,0.010758,0.029492,0.0066722,0.0031139,0.0081348,0.039852,0.02843,0.021067,0.01152,0.0047761,0.060356,0.018278,0.0038312,0.0059273,0.0045889,0.021991,0.0051261,0.0093125,0.0062936,0.0053816,0.033142,0.02083,0.0086753,0.0045146,0.0058712,0.010797,0.012093,0.034327,0.041411
0.011742,0.01564,0.0096705,0.008118,0.0051206,0.020369,0.019574,0.0053547,0.011259,0.015723,0.010778,0.029239,0.006662,0.0030936,0.0080989,0.039725,0.0285,0.021042,0.01146,0.0047546,0.06023,0.018172,0.0038049,0.0059048,0.0046015,0.021905,0.0050779,0.009294,0.0062719,0.0053592,0.033236,0.020755,0.0086047,0.0045092,0.005851,0.010752,0.012003,0.034173,0.041449
0.01172,0.015635,0.009608,0.0081012,0.0051344,0.020292,0.019508,0.0053354,0.011184,0.01565,0.010797,0.028984,0.0066516,0.0030735,0.0080633,0.039598,0.028566,0.021017,0.011401,0.0047328,0.060102,0.018067,0.0037787,0.0058824,0.0046136,0.021819,0.00503,0.0092749,0.0062502,0.0053369,0.033327,0.020678,0.0085332,0.0045027,0.0058308,0.010706,0.011914,0.034019,0.041486
0.011698,0.01562,0.0095443,0.0080843,0.005149,0.020215,0.019441,0.0053161,0.01111,0.01565,0.010815,0.028727,0.006641,0.0030566,0.0080277,0.039471,0.028626,0.020992,0.011341,0.0047107,0.059972,0.017961,0.0037527,0.00586,0.0046253,0.021734,0.0049822,0.0092552,0.0062287,0.0053147,0.033417,0.020598,0.0084607,0.0044955,0.0058106,0.01066,0.011827,0.033866,0.041519
0.011676,0.015595,0.0094785,0.0080673,0.0051643,0.020138,0.019374,0.005297,0.011035,0.01565,0.01083,0.028469,0.00663,0.0030424,0.0079924,0.039342,0.02868,0.02097,0.011281,0.0046885,0.059839,0.017856,0.0037269,0.0058376,0.0046364,0.021648,0.0049345,0.0092349,0.0062073,0.0052925,0.033503,0.020514,0.0083872,0.0044873,0.0057905,0.010613,0.011742,0.033713,0.04155
0.011653,0.01556,0.0094107,0.0080503,0.0051803,0.02006,0.019307,0.0052779,0.010961,0.015648,0.010844,0.02821,0.0066189,0.0030283,0.0079572,0.039214,0.02873,0.020949,0.011221,0.0046659,0.059705,0.017751,0.0037012,0.0058153,0.0046472,0.021562,0.004887,0.009214,0.0061859,0.0052704,0.033588,0.020428,0.0083534,0.004478,0.0057704,0.010566,0.011659,0.033561,0.041579
0.01163,0.015516,0.009342,0.0080331,0.0051971,0.019983,0.019241,0.005259,0.010887,0.015644,0.010856,0.027949,0.0066074,0.0030142,0.0079222,0.039085,0.028774,0.020929,0.011161,0.004643,0.059569,0.017646,0.0036757,0.005793,0.0046574,0.021476,0.0048397,0.0091925,0.0061647,0.0052484,0.033669,0.020339,0.0083426,0.0044676,0.0057504,0.010518,0.011577,0.033409,0.041605
0.011605,0.015463,0.0092713,0.0080159,0.0052146,0.019906,0.019175,0.0052401,0.010813,0.01564,0.010866,0.027688,0.0065958,0.0030002,0.0078874,0.038956,0.028812,0.020908,0.0111,0.0046198,0.059431,0.017542,0.0036503,0.0057708,0.0046672,0.02139,0.0047926,0.0091704,0.0061436,0.0052266,0.033747,0.020247,0.008332,0.0044563,0.0057304,0.010469,0.011497,0.033258,0.041629
0.01158,0.015401,0.0091987,0.0079986,0.0052329,0.019829,0.019109,0.0052213,0.010739,0.015634,0.010874,0.027426,0.0065838,0.0029862,0.0078527,0.038826,0.028845,0.020886,0.01104,0.0045964,0.059291,0.017438,0.0036251,0.0057485,0.0046766,0.021304,0.0047457,0.0091478,0.0061226,0.0052047,0.033822,0.020152,0.0083216,0.004444,0.0057105,0.01042,0.011418,0.033107,0.04165
0.011555,0.01533,0.0091252,0.0079812,0.0052518,0.019752,0.019043,0.0052026,0.010665,0.015626,0.01088,0.027162,0.0065716,0.0029722,0.0078182,0.038696,0.028872,0.020863,0.010979,0.0045726,0.059149,0.017333,0.0036001,0.0057263,0.0046855,0.021217,0.004699,0.0091251,0.0061018,0.005183,0.033893,0.020055,0.0083114,0.0044306,0.0056907,0.010371,0.01134,0.032957,0.041667
0.011529,0.015254,0.0090502,0.0079638,0.0052714,0.019675,0.018977,0.0051839,0.010592,0.015617,0.010884,0.026899,0.0065592,0.0029583,0.0077838,0.038566,0.028894,0.020839,0.010919,0.0045487,0.059005,0.017229,0.0035752,0.0057042,0.004694,0.021131,0.0046525,0.009102,0.006081,0.0051613,0.033959,0.019955,0.0083014,0.0044164,0.0056709,0.010321,0.011263,0.032808,0.041681
0.011502,0.015178,0.0089735,0.0079463,0.0052918,0.019598,0.018911,0.0051653,0.010519,0.015607,0.010886,0.026635,0.0065464,0.0029445,0.0077496,0.038435,0.028911,0.020814,0.010858,0.0045245,0.05886,0.017126,0.0035505,0.0056821,0.0047019,0.021044,0.0046062,0.0090783,0.0060603,0.0051397,0.034022,0.019853,0.0082917,0.0044012,0.0056511,0.010271,0.011187,0.032658,0.041692
0.011473,0.0151,0.0088956,0.0079287,0.0053128,0.019522,0.018845,0.0051468,0.010446,0.015596,0.010885,0.02637,0.0065335,0.0029307,0.0077156,0.038304,0.028922,0.020788,0.010797,0.0045001,0.058713,0.017022,0.0035259,0.00566,0.0047095,0.020957,0.0045601,0.0090541,0.0060397,0.0051182,0.034081,0.019747,0.0082821,0.0043852,0.0056314,0.01022,0.011112,0.03251,0.041699
0.011445,0.015017,0.0088169,0.0079111,0.0053345,0.019445,0.018779,0.0051284,0.01039,0.015583,0.010883,0.026106,0.0065202,0.0029169,0.0076818,0.038172,0.028927,0.02076,0.010736,0.0044753,0.058564,0.016919,0.0035015,0.005638,0.0047167,0.020871,0.0045143,0.0090293,0.0060193,0.0050967,0.034134,0.019641,0.0082727,0.0043686,0.0056118,0.010169,0.011037,0.032361,0.041703
0.011416,0.014927,0.0087367,0.0078934,0.0053569,0.019368,0.018714,0.0051101,0.010346,0.015568,0.010879,0.025841,0.0065067,0.0029032,0.0076481,0.038041,0.028927,0.020733,0.010674,0.0044503,0.058413,0.016816,0.0034773,0.005616,0.0047233,0.020785,0.0044687,0.009004,0.0059989,0.0050753,0.034184,0.019532,0.0082635,0.0043512,0.0055922,0.010117,0.010964,0.032213,0.041703
0.011386,0.01483,0.0086916,0.0078756,0.0053799,0.019292,0.018648,0.0050918,0.010302,0.015553,0.010874,0.025576,0.006493,0.0028895,0.0076145,0.037909,0.028922,0.020705,0.010613,0.0044251,0.058261,0.016714,0.0034532,0.0055941,0.0047296,0.020699,0.0044234,0.0089782,0.0059786,0.0050539,0.034228,0.01942,0.0082545,0.0043329,0.0055727,0.010066,0.01089,0.032066,0.041699
0.011355,0.014725,0.0087095,0.0078577,0.0054036,0.019216,0.018582,0.0050736,0.010258,0.015536,0.010866,0.025311,0.006479,0.0028759,0.0075812,0.037777,0.028911,0.020678,0.010552,0.0044078,0.058107,0.016611,0.0034294,0.0055722,0.0047354,0.020612,0.0043783,0.0089518,0.0059585,0.0050327,0.034266,0.019307,0.0082456,0.0043138,0.0055532,0.010013,0.010817,0.031919,0.041692
0.011323,0.014614,0.0087263,0.0078399,0.0054278,0.019139,0.018516,0.0050555,0.010214,0.015518,0.010855,0.025046,0.0064647,0.0028623,0.007548,0.037644,0.028894,0.020653,0.01049,0.0043931,0.057951,0.016509,0.0034057,0.0055503,0.0047409,0.020526,0.0043334,0.0089249,0.0059384,0.0050115,0.034299,0.019192,0.0082368,0.0042939,0.0055338,0.0099608,0.010745,0.031773,0.041681
0.01129,0.014496,0.0087402,0.0078219,0.0054528,0.019064,0.018451,0.0050374,0.01017,0.015499,0.010843,0.024781,0.0064502,0.0028487,0.0075149,0.037511,0.028873,0.020628,0.010428,0.0043782,0.057794,0.016407,0.0033821,0.0055285,0.0047459,0.020439,0.0042888,0.0088975,0.0059184,0.0049904,0.034326,0.019074,0.0082282,0.0042732,0.0055144,0.009908,0.010673,0.031628,0.041667
0.011257,0.014371,0.0087504,0.0078039,0.0054783,0.018988,0.018386,0.0050194,0.010127,0.015478,0.010828,0.024515,0.0064355,0.0028353,0.007482,0.037378,0.028846,0.020603,0.010367,0.004363,0.057635,0.016305,0.0033587,0.0055068,0.0047505,0.020353,0.0042445,0.0088758,0.0058985,0.0049693,0.034347,0.018955,0.0082198,0.0042518,0.0054951,0.009855,0.010657,0.031483,0.041649
0.011222,0.01424,0.008757,0.0077858,0.0055044,0.018912,0.018321,0.0050015,0.010083,0.015456,0.010812,0.02425,0.0064204,0.0028218,0.0074493,0.037245,0.028814,0.020579,0.010309,0.0043476,0.057474,0.016204,0.0033355,0.0054851,0.0047547,0.020266,0.0042004,0.0088643,0.0058788,0.0049484,0.034362,0.018834,0.0082115,0.0042297,0.0054758,0.0098018,0.010647,0.031338,0.041628
0.011187,0.014102,0.00876,0.0077678,0.0055311,0.018837,0.018256,0.0049837,0.010039,0.015433,0.010793,0.023984,0.0064052,0.0028084,0.0074167,0.037112,0.028777,0.020555,0.010286,0.0043319,0.057312,0.016103,0.0033124,0.0054634,0.0047584,0.020179,0.0041565,0.0088525,0.0058591,0.0049274,0.034371,0.018712,0.0082034,0.004207,0.0054567,0.0097484,0.010638,0.031194,0.041603
0.011151,0.013994,0.0087598,0.0077497,0.0055583,0.018762,0.018191,0.0049659,0.0099958,0.015409,0.010772,0.023719,0.0063897,0.0027951,0.0073843,0.036978,0.028734,0.02053,0.010264,0.004316,0.057149,0.016002,0.0032895,0.0054418,0.0047618,0.020092,0.0041153,0.0088404,0.0058395,0.0049066,0.034372,0.018587,0.0081953,0.0041839,0.0054375,0.0096948,0.010631,0.03105,0.041574
0.011114,0.013924,0.008757,0.0077316,0.0055861,0.018687,0.018126,0.0049482,0.0099524,0.015383,0.01075,0.023454,0.0063739,0.0027818,0.0073521,0.036844,0.028687,0.020506,0.010241,0.0042998,0.056984,0.015902,0.0032667,0.0054203,0.0047648,0.020006,0.004079,0.008828,0.00582,0.0048859,0.034367,0.018462,0.0081874,0.0041602,0.0054184,0.0096411,0.010625,0.030907,0.041542
0.011076,0.01385,0.0087527,0.0077134,0.0056144,0.018614,0.018062,0.0049306,0.0099091,0.015357,0.010725,0.023189,0.0063579,0.0027686,0.00732,0.03671,0.028635,0.020482,0.010218,0.0042833,0.056818,0.015801,0.0032441,0.0053988,0.0047674,0.01992,0.0040427,0.008815,0.0058006,0.0048652,0.034355,0.018389,0.0081795,0.0041359,0.0053994,0.0095871,0.010621,0.030764,0.041507
0.011037,0.013772,0.0087481,0.0076952,0.0056433,0.01854,0.017997,0.0049131,0.0098659,0.015329,0.010698,0.022924,0.0063416,0.0027554,0.007288,0.036576,0.028577,0.020458,0.010194,0.0042792,0.056651,0.015702,0.0032217,0.0053774,0.0047695,0.019834,0.0040065,0.0088013,0.0057813,0.0048446,0.034336,0.018398,0.0081717,0.004111,0.0053805,0.009533,0.010617,0.030622,0.041468
0.010998,0.013689,0.0087426,0.0076769,0.0056726,0.018468,0.017932,0.0048957,0.0098231,0.015299,0.01067,0.02266,0.0063253,0.0027422,0.0072562,0.036441,0.028516,0.020433,0.010171,0.0042861,0.056482,0.015602,0.0031994,0.005356,0.0047713,0.019747,0.0039704,0.0087874,0.0057621,0.004824,0.03431,0.018406,0.0081641,0.0040855,0.0053616,0.0094787,0.010614,0.030481,0.041425
0.010957,0.013604,0.0087368,0.0076586,0.0057024,0.018396,0.017868,0.0048783,0.0097803,0.015269,0.010641,0.022397,0.0063088,0.0027291,0.0072246,0.036307,0.028449,0.020409,0.010148,0.0042927,0.056312,0.015503,0.0031773,0.0053347,0.0047728,0.019661,0.0039345,0.0087732,0.005743,0.0048036,0.034277,0.018412,0.0081567,0.0040596,0.0053427,0.0094242,0.010611,0.03034,0.041379
0.010915,0.013514,0.008731,0.0076402,0.0057327,0.018324,0.017803,0.004861,0.0097377,0.015238,0.010616,0.022134,0.006292,0.0027161,0.0071931,0.036172,0.028378,0.020385,0.010124,0.0042991,0.05614,0.015403,0.0031553,0.0053134,0.0047738,0.019575,0.0038986,0.0087584,0.0057239,0.0047832,0.034236,0.018415,0.0081493,0.0040331,0.0053239,0.0093696,0.010608,0.030199,0.041329
0.010873,0.013421,0.008723,0.0076218,0.0057634,0.018253,0.017739,0.0048438,0.0096953,0.015206,0.010592,0.021902,0.006275,0.0027031,0.0071618,0.036037,0.028302,0.020362,0.0101,0.0043053,0.055967,0.015305,0.0031335,0.0052922,0.0047745,0.019488,0.0038627,0.008743,0.005705,0.0047628,0.034189,0.018418,0.0081422,0.0040062,0.0053052,0.0093147,0.010605,0.030059,0.041276
0.01083,0.013323,0.0087122,0.0076033,0.0057945,0.018182,0.017674,0.0048266,0.009653,0.015172,0.010567,0.021814,0.0062578,0.0026902,0.0071306,0.035902,0.028221,0.020339,0.010076,0.0043113,0.055793,0.015206,0.0031119,0.0052711,0.0047748,0.019402,0.0038271,0.008727,0.0056862,0.0047426,0.034134,0.018417,0.0081351,0.0039789,0.0052866,0.0092598,0.010602,0.02992,0.041219
0.010785,0.013223,0.0086986,0.0075848,0.0058261,0.018111,0.01761,0.0048095,0.0096108,0.015137,0.01054,0.021724,0.0062403,0.0026773,0.0070996,0.035767,0.028137,0.020316,0.010052,0.0043171,0.055618,0.015108,0.0030904,0.00525,0.0047747,0.019316,0.0037915,0.0087104,0.0056674,0.0047224,0.034072,0.018415,0.008128,0.0039511,0.005268,0.0092046,0.010599,0.029781,0.041158
0.01074,0.01312,0.0086821,0.0075663,0.0058581,0.018041,0.017546,0.0047925,0.0095688,0.015102,0.010511,0.021631,0.0062226,0.0026645,0.0070688,0.035632,0.028048,0.020293,0.010028,0.0043227,0.055442,0.015011,0.003069,0.005229,0.0047743,0.019231,0.0037561,0.0086982,0.0056488,0.0047023,0.034003,0.018412,0.0081209,0.0039231,0.0052496,0.0091494,0.010594,0.029643,0.041094
0.010694,0.013012,0.0086632,0.0075477,0.0058904,0.01797,0.017482,0.0047755,0.009527,0.015065,0.010482,0.021536,0.0062046,0.0026517,0.007038,0.035497,0.027955,0.020272,0.010003,0.0043282,0.055265,0.014913,0.0030478,0.0052081,0.0047734,0.019145,0.0037208,0.0086885,0.0056302,0.0046823,0.033926,0.018406,0.0081139,0.0038949,0.0052311,0.009094,0.010589,0.029505,0.041026
0.010647,0.012901,0.0086418,0.0075291,0.005923,0.0179,0.017419,0.0047587,0.0094854,0.015027,0.010451,0.021438,0.0061865,0.002639,0.0070075,0.035362,0.027858,0.020251,0.0099788,0.0043334,0.055086,0.014816,0.0030268,0.0051872,0.0047723,0.019059,0.0036857,0.0086781,0.0056117,0.0046624,0.033843,0.018399,0.0081069,0.0038664,0.0052127,0.0090386,0.010582,0.029367,0.040955
0.010599,0.012803,0.008618,0.0075105,0.005956,0.01783,0.017355,0.0047419,0.009444,0.014988,0.010419,0.021338,0.0061681,0.0026264,0.0069771,0.035226,0.027757,0.020233,0.0099543,0.0043383,0.054907,0.014719,0.0030059,0.0051664,0.0047708,0.018975,0.0036507,0.008667,0.0055933,0.0046425,0.033752,0.018391,0.0081,0.0038375,0.0051944,0.0089831,0.010574,0.02923,0.04088
0.01055,0.01273,0.0085917,0.0074918,0.0059894,0.017761,0.017291,0.0047251,0.0094027,0.014948,0.010404,0.021235,0.0061495,0.0026137,0.0069468,0.035091,0.027652,0.020215,0.0099295,0.0043431,0.054726,0.014623,0.0029852,0.0051457,0.0047689,0.018894,0.0036158,0.0086555,0.005575,0.0046227,0.033654,0.01838,0.0080931,0.0038084,0.0051762,0.0089275,0.010565,0.029094,0.040802
0.010499,0.012657,0.0085631,0.0074731,0.006023,0.017691,0.017228,0.0047084,0.0093618,0.014907,0.010399,0.021131,0.0061307,0.0026012,0.0069167,0.034955,0.027543,0.020198,0.0099046,0.0043477,0.054544,0.014527,0.0029646,0.005125,0.0047668,0.018813,0.0035811,0.0086439,0.0055568,0.004603,0.033549,0.018367,0.0080862,0.003779,0.005158,0.0088718,0.010554,0.028959,0.04072
0.010448,0.012582,0.0085323,0.0074544,0.0060568,0.017622,0.017164,0.0046918,0.0093211,0.014865,0.010394,0.021024,0.0061117,0.0025887,0.0068867,0.034819,0.027431,0.020181,0.0098796,0.004352,0.054362,0.014431,0.0029442,0.0051044,0.0047642,0.018732,0.0035585,0.0086317,0.0055386,0.0045834,0.033437,0.018353,0.0080793,0.0037494,0.0051398,0.008816,0.010541,0.028824,0.040634
0.010396,0.012507,0.0084996,0.0074356,0.006091,0.017553,0.017101,0.0046753,0.0092806,0.014822,0.010387,0.020915,0.0060924,0.0025763,0.0068569,0.034684,0.027316,0.020164,0.0098544,0.0043562,0.054178,0.014381,0.002924,0.0050839,0.0047614,0.018652,0.0035478,0.0086189,0.0055206,0.0045639,0.033318,0.018338,0.0080724,0.0037196,0.0051218,0.0087602,0.010526,0.028689,0.040545
0.010343,0.01243,0.0084654,0.0074168,0.0061254,0.017484,0.017037,0.0046588,0.0092403,0.014779,0.010379,0.020805,0.006073,0.0025639,0.0068272,0.034547,0.027197,0.020147,0.0098291,0.0043601,0.053994,0.014345,0.0029038,0.0050634,0.0047582,0.018571,0.003537,0.0086055,0.0055026,0.0045445,0.033193,0.01832,0.0080654,0.0036896,0.0051038,0.0087043,0.010509,0.028555,0.040452
0.010289,0.012351,0.0084306,0.007398,0.00616,0.017415,0.016974,0.0046424,0.0092003,0.014734,0.010369,0.020692,0.0060533,0.0025515,0.0067977,0.034412,0.027074,0.020129,0.0098038,0.0043638,0.053808,0.014309,0.0028839,0.0050431,0.0047546,0.018491,0.0035261,0.0085915,0.0054847,0.0045251,0.033061,0.018301,0.0080583,0.0036594,0.0050858,0.0086484,0.01049,0.028421,0.040356
0.010234,0.012271,0.0083969,0.0073792,0.0061948,0.017347,0.016911,0.0046261,0.0091604,0.014688,0.010358,0.020578,0.0060335,0.0025393,0.0067683,0.034276,0.026949,0.02011,0.0097784,0.0043673,0.053622,0.014272,0.002864,0.0050228,0.0047508,0.018411,0.0035151,0.0085769,0.0054669,0.0045058,0.032923,0.01828,0.0080513,0.0036292,0.0050679,0.0085924,0.010468,0.028288,0.040257
0.010178,0.012205,0.0083639,0.0073603,0.0062298,0.017278,0.016847,0.0046098,0.0091208,0.014642,0.010347,0.020462,0.0060137,0.002527,0.006739,0.03414,0.026821,0.020091,0.0097529,0.0043707,0.053434,0.014235,0.0028444,0.0050026,0.0047467,0.018332,0.0035041,0.0085617,0.0054492,0.0044866,0.032779,0.018257,0.0080441,0.0035989,0.0050501,0.0085363,0.010444,0.028156,0.040154
0.010122,0.012203,0.0083295,0.0073414,0.0062649,0.01721,0.016785,0.0045936,0.0090814,0.014594,0.010334,0.020344,0.0059936,0.0025149,0.0067099,0.034004,0.026689,0.020072,0.0097272,0.0043739,0.053246,0.014198,0.0028248,0.0049825,0.0047422,0.018251,0.003493,0.0085462,0.0054316,0.0044675,0.032629,0.018233,0.008037,0.0035685,0.0050323,0.0084803,0.010417,0.028024,0.040048
0.010064,0.0122,0.0082935,0.0073225,0.0063002,0.017142,0.016722,0.0045775,0.0090423,0.014546,0.010321,0.020225,0.0059734,0.0025028,0.006681,0.033868,0.026555,0.020051,0.0097014,0.004377,0.053057,0.014161,0.0028054,0.0049624,0.0047374,0.018171,0.0034818,0.0085319,0.0054141,0.0044484,0.032473,0.018208,0.0080299,0.003538,0.0050146,0.0084241,0.010387,0.027892,0.039939
0.010005,0.012193,0.0082558,0.0073036,0.0063356,0.017074,0.016659,0.0045614,0.0090034,0.014497,0.010307,0.020105,0.0059529,0.0024907,0.0066522,0.033732,0.026419,0.020031,0.0096756,0.0043798,0.052867,0.014123,0.0027862,0.0049425,0.0047323,0.018092,0.0034705,0.0085188,0.0053966,0.0044294,0.032311,0.018181,0.0080228,0.0035077,0.0049969,0.008368,0.010354,0.027761,0.039827
0.0099452,0.012183,0.0082165,0.0072846,0.0063711,0.017006,0.016597,0.0045454,0.0089647,0.014447,0.010292,0.019984,0.0059323,0.0024787,0.0066235,0.033596,0.02628,0.020009,0.0096495,0.0043824,0.052676,0.014085,0.0027671,0.0049226,0.004727,0.018013,0.0034591,0.0085078,0.0053792,0.0044105,0.032143,0.018152,0.0080155,0.0034774,0.0049793,0.0083119,0.010408,0.027631,0.039712
0.0098848,0.012169,0.0081758,0.0072657,0.0064067,0.016939,0.016535,0.0045295,0.0089262,0.014396,0.010277,0.019861,0.0059115,0.0024668,0.0065949,0.03346,0.026138,0.019988,0.0096236,0.0043848,0.052484,0.014046,0.0027481,0.0049027,0.0047213,0.017933,0.0034476,0.0084968,0.0053619,0.0043917,0.031971,0.018122,0.0080082,0.0034471,0.0049618,0.0082557,0.010466,0.027501,0.039593
0.0098237,0.012152,0.0081339,0.0072467,0.0064424,0.016871,0.016472,0.0045136,0.008888,0.014344,0.010267,0.019737,0.0058905,0.0024549,0.0065666,0.033324,0.025995,0.019966,0.0095976,0.0043871,0.052292,0.014008,0.0027293,0.004883,0.0047154,0.017854,0.0034361,0.0084851,0.0053447,0.0043729,0.031793,0.018091,0.0080008,0.0034168,0.0049443,0.0081995,0.010522,0.027372,0.039471
0.0097616,0.012132,0.0080911,0.0072277,0.0064781,0.016804,0.01641,0.0044978,0.0088501,0.014292,0.01027,0.019613,0.0058695,0.0024431,0.0065383,0.033188,0.025849,0.019945,0.0095714,0.0043891,0.052098,0.013969,0.0027106,0.0048633,0.0047092,0.017774,0.0034245,0.0084731,0.0053276,0.0043543,0.03161,0.018058,0.0079933,0.0033866,0.0049269,0.0081433,0.010577,0.027243,0.039347
0.0096986,0.012109,0.0080475,0.0072087,0.0065138,0.016736,0.016348,0.0044821,0.0088125,0.014239,0.010273,0.019487,0.0058483,0.0024313,0.0065102,0.033051,0.025702,0.019923,0.0095452,0.004391,0.051904,0.013929,0.0026921,0.0048437,0.0047026,0.017695,0.0034127,0.0084609,0.0053105,0.0043364,0.031422,0.018023,0.0079857,0.0033565,0.0049096,0.0080872,0.010631,0.027115,0.039218
0.0096347,0.012084,0.0080035,0.0071896,0.0065495,0.016669,0.016285,0.0044664,0.0087752,0.014185,0.010275,0.01936,0.0058273,0.0024196,0.0064822,0.032916,0.025552,0.019902,0.0095188,0.0043927,0.051709,0.01389,0.0026737,0.0048242,0.0046959,0.017616,0.003401,0.0084481,0.0052936,0.0043186,0.031229,0.017988,0.007978,0.0033265,0.0048923,0.0080309,0.010684,0.026987,0.039087
0.0095698,0.012055,0.0079594,0.0071706,0.0065853,0.016602,0.016223,0.0044508,0.0087381,0.01413,0.010277,0.019233,0.0058063,0.0024079,0.0064544,0.03278,0.025401,0.019881,0.0094924,0.0043942,0.051513,0.01385,0.0026576,0.0048048,0.0046888,0.017537,0.003391,0.0084347,0.0052767,0.0043008,0.031032,0.017951,0.0079701,0.0032966,0.0048751,0.0079749,0.010735,0.02686,0.038953
0.0095047,0.012023,0.0079156,0.0071515,0.0066209,0.016535,0.016161,0.0044353,0.0087013,0.014075,0.010278,0.019105,0.0057853,0.0023963,0.0064267,0.032643,0.025248,0.01986,0.0094659,0.0043955,0.051317,0.013809,0.0026451,0.0047854,0.0046815,0.017458,0.0033827,0.0084208,0.0052598,0.0042831,0.030831,0.017913,0.0079622,0.0032669,0.0048579,0.0079187,0.010784,0.026733,0.038816
0.0094389,0.011989,0.0078714,0.0071325,0.0066566,0.016468,0.016099,0.0044199,0.0086647,0.014019,0.01028,0.018977,0.0057642,0.0023848,0.0063991,0.032508,0.025094,0.019839,0.0094394,0.0043968,0.051119,0.013769,0.0026327,0.0047662,0.004674,0.017379,0.0033741,0.0084062,0.0052431,0.0042655,0.030626,0.017873,0.0079541,0.0032373,0.0048408,0.0078627,0.010832,0.026607,0.038675
0.0093722,0.011951,0.0078267,0.0071134,0.0066922,0.016401,0.016037,0.0044045,0.0086284,0.013962,0.010281,0.018848,0.0057429,0.0023733,0.0063717,0.032372,0.024938,0.019818,0.0094129,0.0043978,0.050921,0.013728,0.0026204,0.004747,0.0046661,0.0173,0.0033652,0.0083912,0.0052264,0.0042479,0.030417,0.017833,0.0079459,0.0032079,0.0048237,0.0078067,0.010877,0.026482,0.038532
0.0093047,0.011911,0.0077816,0.0070943,0.0067277,0.016335,0.015976,0.0043892,0.0085924,0.013905,0.010282,0.018719,0.0057215,0.0023619,0.0063444,0.032236,0.024781,0.019796,0.0093863,0.0043987,0.050723,0.013687,0.0026081,0.0047279,0.0046581,0.017222,0.0033562,0.0083759,0.0052099,0.0042304,0.030204,0.017791,0.0079376,0.0031788,0.0048068,0.0077507,0.010921,0.026357,0.038386
0.0092365,0.011869,0.0077361,0.0070752,0.0067631,0.016269,0.015915,0.0043739,0.0085566,0.013847,0.010283,0.018589,0.0057,0.0023505,0.0063173,0.0321,0.024623,0.019773,0.0093596,0.0043995,0.050523,0.013646,0.002596,0.0047088,0.0046498,0.017144,0.0033469,0.0083604,0.0051934,0.004213,0.030014,0.017749,0.0079293,0.0031498,0.0047898,0.0076948,0.010963,0.026232,0.038237
0.0091676,0.011824,0.0076903,0.0070562,0.0067984,0.016202,0.015853,0.0043587,0.0085211,0.013788,0.010284,0.018459,0.0056783,0.0023392,0.0062903,0.031965,0.024464,0.01975,0.0093329,0.0044,0.050323,0.013604,0.0025839,0.0046899,0.0046413,0.017066,0.0033375,0.0083443,0.0051769,0.0041956,0.02999,0.017705,0.0079209,0.0031211,0.004773,0.007639,0.011002,0.026108,0.038085
0.0090983,0.011776,0.0076442,0.0070371,0.0068335,0.016136,0.015792,0.0043436,0.0084859,0.013729,0.010285,0.018329,0.0056566,0.0023279,0.0062634,0.031829,0.024304,0.019727,0.009306,0.0044004,0.050122,0.013562,0.002572,0.004671,0.0046325,0.016987,0.0033279,0.0083276,0.0051606,0.0041784,0.029962,0.017661,0.0079124,0.0030927,0.0047562,0.0075832,0.01104,0.025985,0.03793
0.0090286,0.011726,0.0075978,0.007018,0.0068685,0.01607,0.015731,0.0043285,0.0084509,0.013669,0.010286,0.018199,0.0056348,0.0023167,0.0062366,0.031694,0.024143,0.019703,0.0092792,0.0044006,0.049921,0.01352,0.0025601,0.0046522,0.0046235,0.016909,0.0033181,0.0083105,0.0051443,0.0041612,0.029928,0.017615,0.0079037,0.0030645,0.0047395,0.0075275,0.011075,0.025862,0.037773
0.0089583,0.011673,0.0075512,0.0069989,0.0069033,0.016004,0.01567,0.0043135,0.0084162,0.013609,0.010287,0.018069,0.0056128,0.0023056,0.00621,0.031559,0.023982,0.019679,0.0092522,0.0044007,0.049719,0.013477,0.0025483,0.0046335,0.0046143,0.016832,0.0033081,0.0082928,0.0051281,0.004144,0.029889,0.017569,0.0078948,0.0030367,0.0047228,0.0074719,0.011107,0.02574,0.037612
0.0088874,0.011618,0.0075044,0.0069798,0.006938,0.015938,0.015609,0.0042986,0.0083817,0.013548,0.010289,0.017938,0.0055907,0.0022945,0.0061835,0.031423,0.023819,0.019653,0.0092254,0.0044006,0.049517,0.013435,0.0025367,0.0046149,0.0046049,0.016754,0.003298,0.0082746,0.005112,0.0041269,0.029845,0.017523,0.0078859,0.0030091,0.0047062,0.0074163,0.011138,0.025618,0.03745
0.0088234,0.011561,0.0074579,0.0069607,0.0069724,0.015873,0.015548,0.0042837,0.0083475,0.013486,0.010291,0.017808,0.0055685,0.0022835,0.0061572,0.031288,0.023657,0.019628,0.0091985,0.0044003,0.049314,0.013392,0.0025251,0.0045964,0.0045952,0.016677,0.0032876,0.0082664,0.005096,0.0041099,0.029796,0.017475,0.0078767,0.0029819,0.0046896,0.0073609,0.011166,0.025496,0.037284
0.0087905,0.011502,0.0074115,0.0069416,0.0070066,0.015807,0.015487,0.0042689,0.0083136,0.013424,0.010293,0.017677,0.0055461,0.0022725,0.0061309,0.031153,0.023494,0.019602,0.0091715,0.0043999,0.04911,0.013348,0.0025135,0.0045779,0.0045854,0.016599,0.0032771,0.0082612,0.00508,0.004093,0.029743,0.017428,0.0078674,0.002955,0.0046731,0.0073055,0.011191,0.025376,0.037116
0.0087577,0.011441,0.0073652,0.0069225,0.0070405,0.015742,0.015426,0.0042541,0.00828,0.013361,0.010296,0.017547,0.0055236,0.0022616,0.0061048,0.031018,0.02333,0.019575,0.0091445,0.0043994,0.048906,0.013305,0.0025021,0.0045596,0.0045754,0.016523,0.0032664,0.0082558,0.0050641,0.0040761,0.029684,0.017379,0.0078579,0.0029284,0.0046567,0.0072502,0.011214,0.025255,0.036946
0.0087251,0.011377,0.0073188,0.0069034,0.0070743,0.015676,0.015365,0.0042394,0.0082466,0.013298,0.010299,0.017417,0.005501,0.0022507,0.0060789,0.030884,0.023166,0.019548,0.0091174,0.0043987,0.048701,0.013261,0.0024908,0.0045413,0.0045652,0.016446,0.0032556,0.0082505,0.0050483,0.0040593,0.02962,0.01733,0.0078483,0.0029023,0.0046403,0.0071951,0.011235,0.025136,0.036773
0.0086927,0.011312,0.0072722,0.0068843,0.0071077,0.015611,0.015305,0.0042248,0.0082135,0.013235,0.010302,0.017287,0.0054784,0.0022399,0.006053,0.030749,0.023003,0.01952,0.0090903,0.0043979,0.048496,0.013217,0.0024795,0.0045231,0.0045548,0.016369,0.0032445,0.008245,0.0050325,0.0040426,0.029553,0.01728,0.0078384,0.0028765,0.004624,0.0071402,0.011253,0.025016,0.036597
0.0086604,0.011244,0.0072255,0.0068652,0.0071409,0.015546,0.015245,0.0042102,0.0081806,0.013171,0.010307,0.017158,0.0054557,0.0022292,0.0060273,0.030615,0.022839,0.019491,0.0090632,0.004397,0.04829,0.013173,0.0024684,0.004505,0.0045442,0.016292,0.0032334,0.0082393,0.0050169,0.0040259,0.02948,0.017229,0.0078284,0.0028511,0.0046078,0.0070855,0.011268,0.024898,0.036419
0.0086283,0.011174,0.0071784,0.0068461,0.0071738,0.015481,0.015185,0.0041957,0.0081481,0.013106,0.010311,0.01703,0.0054328,0.0022185,0.0060018,0.030481,0.022675,0.019462,0.009036,0.0043959,0.048084,0.013129,0.0024573,0.004487,0.0045334,0.016216,0.0032222,0.0082333,0.0050013,0.0040093,0.029403,0.017177,0.0078183,0.0028261,0.0045916,0.0070761,0.011281,0.02478,0.036239
0.0085963,0.011103,0.0071315,0.006827,0.0072064,0.015417,0.015124,0.0041812,0.0081159,0.013041,0.010316,0.016901,0.0054099,0.0022078,0.0059763,0.030347,0.022511,0.019433,0.0090089,0.0043947,0.047878,0.013084,0.0024463,0.004469,0.0045224,0.01614,0.0032108,0.0082272,0.0049857,0.0039927,0.029322,0.017125,0.0078079,0.0028015,0.0045754,0.0070744,0.011292,0.024662,0.036057
0.0085645,0.011031,0.0070844,0.0068079,0.0072386,0.015352,0.015064,0.0041668,0.0080839,0.012976,0.010321,0.016773,0.0053868,0.0021973,0.005951,0.030213,0.022347,0.019402,0.0089818,0.0043934,0.047671,0.01304,0.0024394,0.0044512,0.0045114,0.016064,0.0031992,0.0082209,0.0049703,0.0039762,0.029237,0.017072,0.0077973,0.0027774,0.0045594,0.007073,0.0113,0.024545,0.035872
0.0085329,0.010956,0.0070373,0.0067889,0.0072705,0.015288,0.015004,0.0041525,0.0080522,0.01291,0.010327,0.016645,0.0053636,0.0021867,0.0059258,0.030079,0.022184,0.019372,0.0089547,0.0043919,0.047463,0.012995,0.0024382,0.0044334,0.0045001,0.015988,0.0031875,0.0082144,0.0049549,0.0039598,0.029148,0.017018,0.0077866,0.0027537,0.0045434,0.0070712,0.011305,0.024428,0.035685
0.0085014,0.01088,0.0069904,0.0067698,0.007302,0.015224,0.014945,0.0041382,0.0080208,0.012844,0.010333,0.016518,0.0053403,0.0021763,0.0059007,0.029946,0.02202,0.019341,0.0089275,0.0043902,0.047255,0.012949,0.0024368,0.0044157,0.0044887,0.015913,0.0031757,0.0082076,0.0049396,0.0039435,0.029055,0.016964,0.0077758,0.0027304,0.0045274,0.0070691,0.011308,0.024312,0.035496
0.0084701,0.010802,0.0069438,0.0067508,0.0073332,0.015159,0.014885,0.004124,0.0079896,0.012777,0.01034,0.016392,0.0053169,0.0021659,0.0058758,0.029813,0.021858,0.019309,0.0089004,0.0043884,0.047047,0.012904,0.0024353,0.0043981,0.0044771,0.015837,0.0031638,0.0082007,0.0049243,0.0039272,0.028959,0.016909,0.0077649,0.0027076,0.0045116,0.0070667,0.011308,0.024197,0.035304
0.0084389,0.010723,0.0068984,0.0067317,0.007364,0.015095,0.014825,0.0041098,0.0079587,0.012711,0.010347,0.016266,0.0052934,0.0021555,0.0058509,0.02968,0.021695,0.019277,0.0088731,0.0043865,0.046839,0.012858,0.0024337,0.0043806,0.0044654,0.015762,0.0031517,0.0081936,0.0049091,0.0039109,0.028858,0.016854,0.0077539,0.0026852,0.0044958,0.0070636,0.011306,0.024082,0.03511
0.0084079,0.010642,0.006855,0.0067127,0.0073944,0.015031,0.014765,0.0040957,0.0079281,0.012643,0.010354,0.016141,0.0052699,0.0021452,0.0058262,0.029547,0.021533,0.019245,0.0088459,0.0043844,0.04663,0.012813,0.0024319,0.0043632,0.0044535,0.015687,0.0031395,0.0081862,0.004894,0.0038948,0.028754,0.016797,0.0077426,0.0026634,0.0044801,0.0070598,0.011302,0.023967,0.034915
0.008377,0.01056,0.0068121,0.0066937,0.0074244,0.014968,0.014706,0.0040817,0.0078977,0.012576,0.010362,0.016017,0.0052463,0.002135,0.0058016,0.029415,0.021371,0.019212,0.0088187,0.0043823,0.046421,0.012767,0.0024299,0.0043458,0.0044415,0.015612,0.0031272,0.0081787,0.004879,0.0038787,0.028647,0.016741,0.0077311,0.002642,0.0044644,0.0070553,0.011295,0.023853,0.034717
0.0083463,0.010477,0.0067692,0.0066747,0.007454,0.014904,0.014647,0.0040677,0.0078675,0.012508,0.010371,0.015893,0.0052227,0.0021248,0.0057772,0.029282,0.02121,0.019179,0.0087915,0.0043799,0.046211,0.01272,0.0024278,0.0043286,0.0044294,0.015538,0.0031148,0.008171,0.004864,0.0038627,0.028536,0.016683,0.0077195,0.0026211,0.0044488,0.0070512,0.011285,0.02374,0.034518
0.0083157,0.010393,0.0067265,0.0066557,0.0074832,0.014841,0.014588,0.0040538,0.0078376,0.012494,0.01038,0.01577,0.005199,0.0021147,0.0057529,0.02915,0.02105,0.019147,0.0087644,0.0043775,0.046001,0.012674,0.0024256,0.0043114,0.0044171,0.015463,0.0031024,0.0081631,0.0048491,0.0038467,0.028422,0.016625,0.0077076,0.0026006,0.0044333,0.0070479,0.011274,0.023627,0.034317
0.0082853,0.010307,0.0066839,0.0066367,0.0075119,0.014778,0.014529,0.0040399,0.007808,0.012479,0.010389,0.015648,0.0051752,0.0021046,0.0057286,0.029019,0.02089,0.019113,0.0087372,0.004375,0.045791,0.012628,0.0024232,0.0042943,0.0044047,0.015389,0.0030898,0.0081551,0.0048405,0.0038308,0.028305,0.016566,0.0076955,0.0025807,0.0044178,0.0070452,0.01126,0.023514,0.034113
0.0082551,0.010219,0.0066414,0.0066178,0.0075402,0.014715,0.01447,0.0040261,0.0077786,0.012463,0.010399,0.015526,0.0051513,0.0020946,0.0057045,0.028887,0.020731,0.01908,0.00871,0.0043724,0.045581,0.012581,0.0024207,0.0042773,0.0043922,0.015315,0.0030771,0.0081471,0.0048376,0.003815,0.028185,0.016506,0.0076833,0.0025613,0.0044024,0.0070421,0.011244,0.023402,0.033908
0.008225,0.010131,0.0065989,0.0065988,0.007568,0.014652,0.014411,0.0040124,0.0077495,0.012446,0.010409,0.015406,0.0051274,0.0020847,0.0056806,0.028756,0.020573,0.019047,0.0086829,0.0043696,0.04537,0.012534,0.002418,0.0042604,0.0043795,0.015241,0.0030643,0.0081389,0.0048344,0.0037992,0.028062,0.016447,0.0076708,0.0025424,0.004387,0.0070383,0.011226,0.023291,0.033702
0.008195,0.010043,0.0065567,0.0065799,0.0075953,0.014589,0.014352,0.0039987,0.0077207,0.012427,0.010419,0.015336,0.0051034,0.0020748,0.0056567,0.028625,0.020526,0.019014,0.0086557,0.0043667,0.04516,0.012487,0.0024153,0.0042436,0.0043668,0.015167,0.0030515,0.0081305,0.0048308,0.0037835,0.027936,0.016386,0.0076581,0.002524,0.0043717,0.0070337,0.011206,0.02318,0.033493
0.0081652,0.0099529,0.0065145,0.006561,0.0076222,0.014527,0.014293,0.0039851,0.007692,0.012406,0.01043,0.015272,0.0050792,0.0020649,0.005633,0.028495,0.020511,0.018981,0.0086285,0.0043637,0.044949,0.01244,0.0024123,0.0042268,0.0043539,0.015094,0.0030385,0.0081219,0.0048268,0.0037679,0.027808,0.016324,0.0076452,0.0025061,0.0043564,0.007028,0.011184,0.02307,0.033283
0.0081355,0.009862,0.0064727,0.0065421,0.0076486,0.014464,0.014235,0.0039715,0.0076637,0.012385,0.010441,0.015207,0.0050551,0.0020551,0.0056094,0.028365,0.020495,0.018948,0.0086013,0.0043606,0.044738,0.012393,0.0024093,0.0042102,0.004341,0.015021,0.0030255,0.0081132,0.0048223,0.0037523,0.027678,0.016262,0.0076321,0.0024888,0.0043413,0.0070216,0.01116,0.02296,0.033072
0.008106,0.0097701,0.0064317,0.0065232,0.0076745,0.014402,0.014176,0.003958,0.0076356,0.012361,0.010452,0.015142,0.0050308,0.0020454,0.0055859,0.028235,0.020479,0.018915,0.0085743,0.0043573,0.044526,0.012346,0.0024061,0.0041936,0.0043279,0.014947,0.0030124,0.0081042,0.0048175,0.0037368,0.027544,0.016199,0.0076188,0.002472,0.0043261,0.0070143,0.011134,0.02285,0.032859
0.0080766,0.0096773,0.0063924,0.0065044,0.0076999,0.01434,0.014118,0.0039445,0.0076077,0.012337,0.010464,0.015078,0.0050065,0.0020357,0.0055626,0.028105,0.020463,0.018882,0.0085472,0.0043539,0.044315,0.012298,0.0024028,0.0041771,0.0043148,0.014874,0.0029992,0.0080951,0.0048123,0.0037213,0.027409,0.016136,0.0076053,0.0024557,0.0043111,0.0070064,0.011106,0.022741,0.032644
0.0080474,0.0095845,0.0063535,0.0064855,0.0077249,0.014278,0.01406,0.0039311,0.00758,0.012311,0.010476,0.015013,0.0049822,0.0020261,0.0055393,0.027976,0.020447,0.018849,0.0085202,0.0043504,0.044103,0.01225,0.0023994,0.0041607,0.0043015,0.014801,0.002986,0.0080858,0.0048066,0.003706,0.027271,0.016072,0.0075916,0.0024399,0.0042961,0.0069978,0.011076,0.022633,0.032428
0.0080183,0.0094907,0.006315,0.0064667,0.0077493,0.014216,0.014002,0.0039177,0.0075526,0.012284,0.010488,0.014948,0.0049579,0.0020165,0.0055162,0.027847,0.02043,0.018816,0.0084932,0.0043467,0.043892,0.012203,0.0023959,0.0041444,0.0042882,0.014729,0.0029727,0.0080763,0.0048006,0.0036907,0.027132,0.016007,0.0075777,0.0024246,0.0042811,0.0069887,0.011045,0.022525,0.032211
0.0079894,0.0093962,0.0062765,0.0064479,0.0077731,0.014155,0.013944,0.0039044,0.0075255,0.012255,0.0105,0.014884,0.0049336,0.002007,0.0054932,0.027719,0.020414,0.018782,0.0084661,0.004343,0.04368,0.012155,0.0023922,0.0041282,0.0042747,0.014656,0.0029594,0.0080667,0.0047943,0.0036754,0.02699,0.015942,0.0075635,0.0024099,0.0042662,0.0069786,0.011012,0.022418,0.031992
0.0079606,0.0093009,0.0062382,0.0064291,0.0077965,0.014093,0.013886,0.0038912,0.0074986,0.012226,0.010513,0.01482,0.0049092,0.0019975,0.0054703,0.027591,0.020398,0.018749,0.0084391,0.0043391,0.043468,0.012107,0.0023884,0.004112,0.0042612,0.014584,0.002946,0.0080568,0.0047875,0.0036602,0.026847,0.015876,0.0075493,0.0023957,0.0042514,0.0069676,0.010987,0.022311,0.031772
0.0079319,0.0092052,0.0062,0.0064104,0.0078194,0.014032,0.013828,0.0038781,0.0074719,0.012195,0.010527,0.014755,0.0048847,0.0019881,0.0054475,0.027464,0.020382,0.018716,0.0084121,0.0043351,0.043256,0.012059,0.0023845,0.0040959,0.0042477,0.014512,0.0029326,0.0080468,0.0047804,0.0036451,0.026701,0.01581,0.007535,0.0023821,0.0042366,0.0069556,0.01099,0.022204,0.031551
0.0079034,0.0091094,0.0061617,0.0063917,0.0078417,0.013971,0.013771,0.0038649,0.0074455,0.012163,0.01054,0.014691,0.0048603,0.0019788,0.0054249,0.027337,0.020366,0.018682,0.0083852,0.0043311,0.043043,0.012011,0.0023805,0.00408,0.004234,0.01444,0.0029191,0.0080366,0.0047729,0.00363,0.026555,0.015743,0.0075204,0.0023689,0.0042219,0.0069428,0.010988,0.022099,0.031328
0.007875,0.0090129,0.0061237,0.006373,0.0078635,0.01391,0.013713,0.0038519,0.0074193,0.012129,0.010554,0.014627,0.0048693,0.0019695,0.0054023,0.02721,0.02035,0.018648,0.0083583,0.0043269,0.042831,0.011962,0.0023763,0.0040641,0.0042203,0.014368,0.0029055,0.0080266,0.0047653,0.003615,0.026406,0.015675,0.0075057,0.0023563,0.0042073,0.0069289,0.010981,0.021993,0.031104
0.0078468,0.0089183,0.0060855,0.0063543,0.0078848,0.01385,0.013655,0.0038389,0.0073934,0.012095,0.010568,0.014562,0.0048817,0.0019602,0.0053799,0.027084,0.020335,0.018614,0.0083315,0.0043226,0.042619,0.011914,0.0023721,0.0040482,0.0042065,0.014297,0.002892,0.0080163,0.0047572,0.0036001,0.026257,0.015607,0.0074907,0.0023443,0.0041927,0.0069141,0.010971,0.021888,0.030878
0.0078187,0.0088642,0.0060474,0.0063356,0.0079055,0.013789,0.013598,0.003826,0.0073677,0.012059,0.010583,0.014498,0.0048942,0.001951,0.0053575,0.026958,0.020319,0.01858,0.0083047,0.0043182,0.042406,0.011866,0.0023678,0.0040325,0.0041927,0.01426,0.0028783,0.0080059,0.0047489,0.0035853,0.026106,0.015538,0.0074755,0.0023328,0.0041781,0.0068984,0.010956,0.021784,0.030652
0.0077907,0.0088097,0.0060093,0.006317,0.0079256,0.013729,0.013541,0.0038131,0.0073422,0.012023,0.010597,0.014434,0.0049069,0.0019419,0.0053353,0.026833,0.020304,0.018545,0.0082779,0.0043137,0.042194,0.011825,0.0023633,0.0040168,0.0041788,0.014281,0.0028647,0.0079954,0.0047401,0.0035705,0.025955,0.015469,0.0074602,0.0023219,0.0041637,0.006882,0.010936,0.02168,0.030452
0.0077629,0.0087547,0.0059712,0.0062984,0.0079452,0.013669,0.013484,0.0038002,0.007317,0.011985,0.010611,0.01437,0.0049196,0.0019328,0.0053206,0.026708,0.020289,0.018511,0.0082512,0.004309,0.041981,0.011785,0.0023588,0.0040013,0.0041648,0.014299,0.0028509,0.0079846,0.0047311,0.0035558,0.025801,0.0154,0.0074445,0.0023115,0.0041492,0.0068649,0.010912,0.021577,0.030392
0.0077352,0.0087108,0.005933,0.0062799,0.0079642,0.013609,0.013427,0.0037874,0.0073127,0.011946,0.010625,0.014306,0.0049324,0.0019238,0.0053112,0.026584,0.020275,0.018476,0.0082245,0.0043043,0.041768,0.011746,0.0023541,0.0039858,0.0041509,0.014315,0.0028372,0.0079737,0.0047217,0.0035412,0.025648,0.01533,0.0074287,0.0023016,0.0041349,0.0068476,0.010884,0.021474,0.03033
0.0077076,0.008688,0.0058949,0.0062613,0.0079827,0.013549,0.013371,0.0037747,0.0073118,0.011907,0.010638,0.014242,0.0049453,0.0019148,0.0053017,0.02646,0.020261,0.018441,0.0081978,0.0042994,0.041555,0.011707,0.0023493,0.0039704,0.0041368,0.014329,0.0028234,0.0079626,0.004712,0.0035266,0.025493,0.015259,0.0074127,0.0022922,0.0041206,0.00683,0.010852,0.021371,0.030268
0.0076802,0.0086651,0.0058567,0.0062428,0.0080006,0.013489,0.013314,0.003762,0.0073095,0.011866,0.010652,0.014178,0.0049582,0.0019058,0.0052919,0.026337,0.020247,0.018406,0.0081712,0.0042944,0.041343,0.011667,0.0023445,0.0039551,0.0041228,0.014341,0.0028097,0.0079514,0.004702,0.003512,0.025337,0.015188,0.0073965,0.0022834,0.0041063,0.0068116,0.010817,0.021269,0.030206
0.0076529,0.008642,0.0058185,0.0062243,0.0080178,0.01343,0.013257,0.0037494,0.007306,0.011824,0.010664,0.014115,0.0049712,0.001897,0.005282,0.026214,0.020233,0.018371,0.0081447,0.0042893,0.04113,0.011628,0.0023395,0.0039398,0.0041087,0.01435,0.0027959,0.00794,0.0046917,0.0034976,0.025181,0.015116,0.00738,0.0022751,0.0040921,0.0067925,0.010778,0.021168,0.030144
0.0076258,0.0086187,0.0057804,0.0062058,0.0080345,0.013371,0.013201,0.0037369,0.0073014,0.011782,0.010677,0.014052,0.0049843,0.0018881,0.0052719,0.026091,0.02022,0.018335,0.0081182,0.0042841,0.040917,0.011589,0.0023344,0.0039247,0.0040945,0.014356,0.0027822,0.0079284,0.0046811,0.0034832,0.025025,0.015045,0.0073633,0.0022672,0.004078,0.0067725,0.010735,0.021067,0.030082
0.0075987,0.0085953,0.0057425,0.0061874,0.0080506,0.013311,0.013144,0.0037243,0.0072956,0.011738,0.010689,0.013989,0.0049974,0.0018794,0.0052617,0.025969,0.020208,0.0183,0.0080917,0.0042787,0.040704,0.01155,0.0023292,0.0039096,0.0040804,0.014361,0.0027684,0.0079167,0.0046702,0.0034689,0.024868,0.014973,0.0073465,0.0022599,0.0040639,0.0067516,0.010689,0.020966,0.030021
0.0075718,0.0085717,0.0057054,0.006169,0.008066,0.013253,0.01318,0.0037119,0.0072886,0.011694,0.010701,0.013926,0.0050105,0.0018707,0.0052514,0.025847,0.020196,0.018265,0.0080653,0.0042733,0.040491,0.011512,0.002324,0.0038946,0.0040662,0.014364,0.0027545,0.0079048,0.0046589,0.0034546,0.02471,0.0149,0.0073294,0.0022531,0.0040499,0.0067299,0.01064,0.020866,0.029959
0.0075451,0.0085479,0.0056689,0.0061507,0.0080808,0.013194,0.013234,0.0036995,0.0072805,0.01165,0.010712,0.013863,0.0050236,0.001862,0.005241,0.025726,0.020184,0.01823,0.0080389,0.0042678,0.040278,0.011473,0.0023187,0.0038796,0.004052,0.014364,0.0027407,0.007893,0.0046476,0.0034404,0.024553,0.014827,0.0073121,0.0022468,0.004036,0.0067073,0.010587,0.020767,0.029897
0.0075184,0.0085239,0.0056332,0.0061324,0.0080951,0.013135,0.013288,0.0036871,0.0072713,0.011604,0.010723,0.0138,0.0050368,0.0018534,0.0052304,0.025605,0.020173,0.018194,0.0080126,0.0042622,0.040066,0.011434,0.0023132,0.0038648,0.0040378,0.014361,0.0027269,0.0078811,0.0046359,0.0034262,0.024395,0.014754,0.0072946,0.0022409,0.0040221,0.0066838,0.010531,0.020668,0.029834
0.0074919,0.0084998,0.005598,0.0061142,0.0081087,0.013077,0.013342,0.0036748,0.0072609,0.01156,0.010733,0.013738,0.0050499,0.0018448,0.0052195,0.025484,0.020162,0.018159,0.0079864,0.0042565,0.039853,0.011396,0.0023077,0.00385,0.0040236,0.014357,0.002713,0.0078691,0.004624,0.0034122,0.024237,0.01468,0.0072769,0.0022356,0.0040082,0.0066596,0.010472,0.020569,0.02977
0.0074656,0.0084758,0.0055629,0.0060959,0.0081217,0.013019,0.013395,0.0036625,0.0072493,0.011523,0.010742,0.013675,0.0050631,0.0018363,0.0052085,0.025364,0.020152,0.018123,0.0079602,0.0042506,0.03964,0.011357,0.0023021,0.0038354,0.0040094,0.014349,0.0026992,0.0078569,0.0046118,0.0033981,0.02408,0.014606,0.007259,0.0022307,0.0039944,0.0066345,0.010409,0.020471,0.029705
0.0074393,0.0084518,0.0055277,0.0060777,0.008134,0.012961,0.013448,0.0036503,0.0072368,0.011485,0.010751,0.013613,0.0050762,0.0018278,0.0051973,0.025244,0.020142,0.018087,0.0079341,0.0042447,0.039428,0.011319,0.0022964,0.0038208,0.0039952,0.01434,0.0026853,0.0078445,0.0045993,0.0033842,0.023922,0.014532,0.0072411,0.0022263,0.0039807,0.0066087,0.010344,0.020373,0.02964
0.0074132,0.0084276,0.0054924,0.0060596,0.0081457,0.012903,0.013501,0.0036382,0.0072232,0.011448,0.01076,0.013551,0.0050893,0.0018194,0.005186,0.025124,0.020133,0.018051,0.007908,0.0042386,0.039215,0.011281,0.0022906,0.0038062,0.0039809,0.014329,0.0026715,0.0078329,0.0045866,0.0033703,0.023765,0.014457,0.007223,0.0022224,0.003967,0.006582,0.010284,0.020279,0.029573
0.0073872,0.0084032,0.0054569,0.0060414,0.0081568,0.012846,0.013553,0.0036261,0.0072084,0.011412,0.010768,0.013489,0.0051023,0.0018117,0.0051744,0.025005,0.020125,0.018015,0.007882,0.0042325,0.039003,0.011243,0.0022847,0.0037918,0.0039667,0.014316,0.0026577,0.0078213,0.0045736,0.0033564,0.023608,0.014383,0.0072047,0.0022189,0.0039534,0.0065545,0.010263,0.020193,0.029506
0.0073613,0.0083787,0.0054212,0.0060233,0.0081672,0.012788,0.013605,0.003614,0.0071927,0.011387,0.010775,0.013428,0.0051153,0.001806,0.0051627,0.024886,0.020117,0.017979,0.007856,0.0042262,0.038791,0.011205,0.0022787,0.0037774,0.0039525,0.0143,0.0026439,0.0078096,0.0045603,0.0033427,0.023451,0.014308,0.0071862,0.0022159,0.0039398,0.0065262,0.010241,0.020108,0.029437
0.0073356,0.008354,0.0053853,0.0060053,0.008177,0.012731,0.013657,0.003602,0.0071759,0.01136,0.010781,0.013367,0.0051282,0.0018003,0.0051507,0.024768,0.020109,0.017943,0.0078302,0.0042198,0.038578,0.011167,0.0022727,0.0037631,0.0039383,0.014281,0.00263,0.0077977,0.0045469,0.003329,0.023295,0.014233,0.0071675,0.0022133,0.0039263,0.0064972,0.010218,0.020023,0.029368
0.0073099,0.0083293,0.0053491,0.0059873,0.0081862,0.012674,0.013708,0.00359,0.0071581,0.011332,0.010787,0.013305,0.0051411,0.0017947,0.0051484,0.02465,0.020102,0.017908,0.0078054,0.0042133,0.038366,0.011129,0.0022666,0.0037489,0.0039242,0.01426,0.0026163,0.0077857,0.0045331,0.0033153,0.023139,0.014157,0.0071487,0.0022111,0.0039129,0.0064674,0.010193,0.019938,0.029298
0.0072844,0.0083044,0.0053128,0.0059693,0.0081948,0.012617,0.013759,0.0035781,0.0071392,0.011303,0.010791,0.013245,0.0051539,0.0017891,0.0051507,0.024532,0.020096,0.017873,0.0077825,0.0042067,0.038154,0.011092,0.0022605,0.0037348,0.00391,0.014238,0.0026025,0.0077736,0.0045191,0.0033017,0.022984,0.014082,0.0071296,0.0022094,0.0038995,0.0064369,0.010166,0.019854,0.029227
0.0072591,0.0082793,0.0052763,0.0059513,0.0082028,0.012561,0.01381,0.0035663,0.0071195,0.011274,0.010795,0.013184,0.0051666,0.0017836,0.0051531,0.024415,0.02009,0.01784,0.0077597,0.0042,0.037942,0.011054,0.0022542,0.0037207,0.0038959,0.014214,0.0025888,0.0077612,0.0045049,0.0032882,0.022829,0.014006,0.0071103,0.0022081,0.0038861,0.0064059,0.010139,0.01977,0.029155
0.0072338,0.0082542,0.0052395,0.0059334,0.0082101,0.012504,0.01386,0.0035545,0.0070988,0.011243,0.010798,0.013124,0.0051793,0.0017781,0.0051554,0.024298,0.020085,0.017807,0.0077368,0.0041932,0.037731,0.011017,0.0022479,0.0037067,0.0038818,0.014187,0.0025751,0.0077488,0.0044905,0.0032747,0.022675,0.01393,0.0070908,0.0022073,0.0038728,0.0063743,0.01011,0.019686,0.029083
0.0072087,0.0082289,0.0052026,0.0059155,0.0082169,0.012448,0.01391,0.0035427,0.007077,0.011212,0.0108,0.013064,0.0051918,0.0017727,0.0051578,0.024181,0.02008,0.017775,0.007714,0.0041863,0.037519,0.01098,0.0022415,0.0036928,0.0038677,0.014157,0.0025614,0.0077364,0.0044759,0.0032613,0.022522,0.013853,0.0070712,0.0022068,0.0038596,0.0063423,0.01008,0.019602,0.02901
0.0071836,0.0082035,0.0051655,0.0058976,0.008223,0.012392,0.013959,0.003531,0.0070544,0.01118,0.010801,0.013005,0.0052043,0.0017673,0.0051601,0.024065,0.020076,0.017743,0.0076913,0.0041793,0.037308,0.010942,0.002235,0.003679,0.0038536,0.014126,0.0025477,0.007724,0.0044612,0.0032479,0.02237,0.013777,0.0070513,0.0022068,0.0038464,0.0063098,0.010049,0.019519,0.028937
0.0071587,0.008178,0.0051282,0.0058798,0.0082286,0.012336,0.014008,0.0035194,0.0070309,0.011147,0.010801,0.012945,0.0052166,0.001762,0.0051625,0.023949,0.020073,0.017711,0.0076686,0.0041723,0.037096,0.010905,0.0022284,0.0036652,0.0038396,0.014092,0.0025341,0.0077114,0.0044462,0.0032347,0.022218,0.0137,0.0070313,0.0022072,0.0038333,0.0062766,0.010016,0.019436,0.028862
0.007134,0.0081524,0.0050907,0.005862,0.0082335,0.01228,0.014056,0.0035077,0.0070064,0.011112,0.0108,0.012886,0.0052288,0.0017567,0.0051649,0.023834,0.02007,0.017679,0.0076459,0.0041651,0.036885,0.010868,0.0022218,0.0036515,0.0038257,0.014056,0.0025205,0.0076986,0.0044311,0.0032214,0.022068,0.013624,0.0070111,0.002208,0.0038203,0.006243,0.0099823,0.019353,0.028787
0.0071093,0.0081266,0.0050531,0.0058443,0.0082379,0.012225,0.014104,0.0034962,0.0069809,0.011077,0.010798,0.012827,0.0052409,0.0017515,0.0051673,0.023719,0.020068,0.017646,0.0076233,0.0041578,0.036674,0.010831,0.0022151,0.0036379,0.0038117,0.014019,0.0025069,0.0076857,0.0044157,0.0032083,0.021919,0.013547,0.0069907,0.0022092,0.0038072,0.0062087,0.0099473,0.019271,0.028711
0.0070848,0.0081011,0.0050157,0.0058266,0.0082416,0.01217,0.014152,0.0034847,0.0069547,0.011042,0.010794,0.012769,0.0052529,0.0017464,0.0051697,0.023604,0.020066,0.017614,0.0076007,0.0041505,0.036463,0.010795,0.0022083,0.0036244,0.0037979,0.013979,0.0024934,0.0076727,0.0044001,0.0031951,0.02177,0.013471,0.0069701,0.0022107,0.0037943,0.006174,0.0099111,0.019189,0.028634
0.0070603,0.0080754,0.0049784,0.0058089,0.0082448,0.012115,0.014199,0.0034732,0.0069276,0.011005,0.01079,0.01271,0.0052647,0.0017413,0.0051721,0.02349,0.020065,0.017581,0.0075782,0.004143,0.036253,0.010758,0.0022015,0.0036109,0.003784,0.013937,0.0024798,0.0076595,0.0043843,0.0031821,0.021622,0.013394,0.0069493,0.0022126,0.0037814,0.0061387,0.0098737,0.019107,0.028556
0.007036,0.0080497,0.0049408,0.0057913,0.0082473,0.01206,0.014246,0.0034618,0.0068996,0.010967,0.010785,0.012652,0.0052764,0.0017362,0.0051745,0.023376,0.020064,0.017548,0.0075557,0.0041354,0.036042,0.010722,0.0021946,0.0035975,0.0037702,0.013947,0.0024664,0.0076463,0.0043684,0.0031691,0.021476,0.013317,0.0069283,0.0022149,0.0037685,0.0061027,0.0098351,0.019026,0.028477
0.0070118,0.0080239,0.004903,0.0057737,0.0082493,0.012005,0.014293,0.0034504,0.0068707,0.010929,0.010778,0.012594,0.0052879,0.0017312,0.0051769,0.023263,0.020065,0.017515,0.0075333,0.0041277,0.035832,0.010685,0.0021877,0.0035842,0.0037565,0.013989,0.0024529,0.0076332,0.0043522,0.0031562,0.021331,0.01324,0.0069072,0.0022175,0.0037557,0.0060662,0.0097954,0.018945,0.028398
0.0069878,0.007998,0.0048647,0.0057562,0.0082505,0.011951,0.014339,0.0034391,0.0068412,0.010912,0.010771,0.012537,0.0052993,0.0017262,0.0051792,0.02315,0.020065,0.017481,0.0075109,0.00412,0.035622,0.010649,0.0021807,0.0035709,0.0037428,0.01403,0.0024395,0.0076202,0.0043359,0.0031433,0.021187,0.013163,0.0068859,0.0022204,0.003743,0.0060291,0.0097545,0.018864,0.028318
0.0069638,0.007972,0.0048504,0.0057387,0.0082512,0.011896,0.014384,0.0034278,0.0068107,0.0109,0.010763,0.012479,0.0053106,0.0017213,0.0051816,0.023037,0.020066,0.017447,0.0074885,0.0041121,0.035412,0.010613,0.0021736,0.0035578,0.0037292,0.01407,0.0024262,0.0076073,0.0043194,0.0031305,0.021044,0.013086,0.0068644,0.0022236,0.0037303,0.0059913,0.0097125,0.018783,0.028237
0.00694,0.0079459,0.0048445,0.0057212,0.0082513,0.011842,0.014429,0.0034166,0.0067795,0.010888,0.010755,0.012422,0.0053216,0.0017165,0.005184,0.022925,0.020068,0.017413,0.0074662,0.0041041,0.035203,0.010577,0.0021665,0.0035446,0.0037157,0.01411,0.0024129,0.0075943,0.0043027,0.0031177,0.020903,0.013009,0.0068429,0.0022272,0.0037177,0.005953,0.0096694,0.018703,0.028156
0.0069162,0.0079197,0.004839,0.0057038,0.0082507,0.011789,0.014474,0.0034054,0.0067474,0.010875,0.010745,0.012366,0.0053326,0.0017116,0.0051863,0.022813,0.02007,0.017378,0.007444,0.004096,0.034994,0.010541,0.0021593,0.0035316,0.0037022,0.014148,0.0023996,0.0075811,0.0042858,0.003105,0.020763,0.012931,0.0068213,0.002231,0.0037051,0.0059142,0.0096252,0.018623,0.028075
0.0068926,0.0078934,0.0048339,0.0056864,0.0082497,0.011735,0.014518,0.0033943,0.0067146,0.010862,0.010736,0.012309,0.0053434,0.0017069,0.0051886,0.022702,0.020072,0.017344,0.0074217,0.0040879,0.034785,0.010505,0.002152,0.0035186,0.0036888,0.014185,0.0023864,0.0075679,0.0042688,0.0030924,0.020624,0.012854,0.0067995,0.0022352,0.0036926,0.005875,0.0095799,0.018544,0.027993
0.0068691,0.0078671,0.0048291,0.005669,0.008248,0.011681,0.014561,0.0033832,0.0066812,0.010849,0.010725,0.012253,0.005354,0.0017021,0.0051909,0.02259,0.020075,0.017309,0.0073996,0.0040796,0.034576,0.010469,0.0021447,0.0035057,0.0036755,0.014222,0.0023732,0.0075547,0.0042517,0.0030798,0.020487,0.012777,0.0067776,0.0022396,0.0036801,0.0058354,0.0095335,0.018465,0.027911
0.0068457,0.0078407,0.0048247,0.0056517,0.0082458,0.011628,0.014604,0.0033721,0.0066469,0.010835,0.010713,0.012198,0.0053644,0.0016974,0.0051932,0.02248,0.020079,0.017274,0.0073774,0.0040713,0.034367,0.010433,0.0021373,0.0034929,0.0036622,0.014257,0.0023601,0.0075413,0.0042344,0.0030672,0.020351,0.0127,0.0067555,0.0022443,0.0036677,0.0057957,0.0094858,0.018386,0.027828
0.0068224,0.0078142,0.0048206,0.0056345,0.008243,0.011575,0.014646,0.0033611,0.0066118,0.010821,0.0107,0.012142,0.0053747,0.0016928,0.0051954,0.022369,0.020083,0.017239,0.0073553,0.0040629,0.034159,0.010398,0.0021299,0.0034802,0.003649,0.014292,0.0023471,0.0075279,0.0042171,0.0030548,0.020217,0.012623,0.0067332,0.0022493,0.0036553,0.0057601,0.009437,0.018307,0.027744
0.0067992,0.0077877,0.0048168,0.0056172,0.0082397,0.011522,0.014688,0.0033502,0.0065761,0.010807,0.010686,0.012087,0.0053848,0.0016882,0.0051976,0.02226,0.020087,0.017203,0.0073333,0.0040549,0.033951,0.010362,0.0021224,0.0034675,0.0036359,0.014326,0.0023341,0.0075143,0.0041995,0.0030424,0.020084,0.012547,0.0067108,0.0022545,0.003643,0.0057431,0.0093869,0.018229,0.02766
0.0067761,0.0077611,0.0048133,0.0056,0.0082358,0.01147,0.01473,0.0033393,0.0065398,0.010792,0.010671,0.012033,0.0053946,0.0016836,0.0051998,0.02215,0.020092,0.017167,0.0073114,0.0040512,0.033744,0.010327,0.0021149,0.0034549,0.0036229,0.014359,0.0023211,0.0075007,0.0041819,0.00303,0.019952,0.01247,0.0066882,0.00226,0.0036307,0.0057259,0.0093356,0.018151,0.027574
0.0067532,0.0077344,0.0048101,0.0055829,0.0082314,0.011417,0.01477,0.0033284,0.0065027,0.010777,0.010654,0.011979,0.0054043,0.0016791,0.0052019,0.022041,0.020097,0.017132,0.0072894,0.0040473,0.033537,0.010292,0.0021074,0.0034423,0.00361,0.014391,0.0023083,0.0074868,0.0041641,0.0030177,0.019822,0.012393,0.0066654,0.0022657,0.0036185,0.0057085,0.0092829,0.018073,0.027488
0.0067303,0.0077077,0.0048071,0.0055658,0.0082265,0.011365,0.014811,0.0033176,0.0064649,0.010762,0.010636,0.011925,0.0054138,0.0016746,0.0052041,0.021932,0.020102,0.017096,0.0072676,0.0040433,0.03333,0.010257,0.0020998,0.0034298,0.0035972,0.014423,0.0022954,0.0074729,0.0041461,0.0030055,0.019693,0.012317,0.0066425,0.0022717,0.0036063,0.0056908,0.0092289,0.017995,0.027401
0.0067076,0.0076812,0.0048043,0.0055487,0.0082211,0.011313,0.014851,0.0033068,0.0064265,0.010747,0.010617,0.011871,0.005423,0.0016701,0.0052061,0.021824,0.020108,0.01706,0.0072457,0.0040392,0.033123,0.010222,0.0020921,0.0034174,0.0035845,0.014453,0.0022826,0.0074589,0.004128,0.0029933,0.019566,0.01224,0.0066195,0.0022779,0.0035942,0.005673,0.0091735,0.017918,0.027313
0.0066849,0.0076546,0.0048017,0.0055317,0.0082153,0.011261,0.01489,0.0032961,0.0064083,0.010731,0.010596,0.011818,0.0054321,0.0016657,0.0052082,0.021716,0.020114,0.017024,0.0072239,0.004035,0.032917,0.010187,0.0020844,0.0034051,0.0035718,0.014483,0.0022699,0.0074447,0.0041098,0.0029811,0.01944,0.012164,0.0065963,0.0022843,0.0035821,0.0056549,0.0091167,0.017841,0.027223
0.0066624,0.007628,0.0047993,0.0055147,0.0082089,0.011209,0.014929,0.0032854,0.0063905,0.010715,0.010574,0.011765,0.0054409,0.0016614,0.0052102,0.021608,0.02012,0.016988,0.0072022,0.0040306,0.032815,0.010152,0.0020767,0.0033928,0.0035592,0.014512,0.0022573,0.0074305,0.0040915,0.0029691,0.019316,0.012088,0.0065729,0.0022909,0.0035701,0.0056367,0.0090585,0.017765,0.027133
0.00664,0.0076013,0.0047971,0.0054978,0.0082021,0.011158,0.014967,0.0032748,0.0063728,0.010699,0.010551,0.011712,0.0054496,0.001657,0.0052122,0.021501,0.020127,0.016952,0.0071805,0.0040261,0.032739,0.010118,0.0020689,0.0033805,0.0035468,0.014539,0.0022447,0.0074164,0.004073,0.002957,0.019194,0.012012,0.0065494,0.0022976,0.0035582,0.0056183,0.0089989,0.017689,0.027042
0.0066176,0.0075746,0.004795,0.0054809,0.0081948,0.011106,0.015005,0.0032642,0.0063552,0.010682,0.010526,0.01166,0.005458,0.0016527,0.0052151,0.021394,0.020134,0.016916,0.0071589,0.0040216,0.032662,0.010083,0.002061,0.0033684,0.0035344,0.014566,0.0022321,0.0074021,0.0040545,0.0029451,0.019073,0.011936,0.0065258,0.0023046,0.0035463,0.0055996,0.0089379,0.017613,0.02695
0.0065954,0.0075478,0.0047931,0.0054641,0.0081871,0.011055,0.015042,0.0032536,0.0063378,0.010665,0.0105,0.011608,0.0054661,0.0016485,0.0052182,0.021288,0.020141,0.01688,0.0071374,0.0040168,0.032585,0.010049,0.0020531,0.0033563,0.0035221,0.014593,0.0022197,0.0073877,0.0040474,0.0029332,0.018954,0.01186,0.006502,0.0023117,0.0035344,0.0055807,0.0088755,0.017537,0.026856
0.0065733,0.007521,0.0047913,0.0054473,0.008179,0.011004,0.015078,0.0032431,0.0063204,0.010648,0.010473,0.011556,0.0054741,0.0016443,0.0052214,0.021182,0.020148,0.016844,0.0071159,0.0040121,0.032508,0.010014,0.0020452,0.0033443,0.0035098,0.014618,0.0022073,0.0073733,0.0040437,0.0029213,0.018836,0.011784,0.0064781,0.0023191,0.0035226,0.0055617,0.0088117,0.017462,0.026762
0.0065513,0.0074942,0.0047896,0.0054305,0.0081704,0.010954,0.015114,0.0032327,0.0063032,0.01063,0.01046,0.011504,0.0054818,0.0016401,0.0052245,0.021076,0.020155,0.016808,0.0070944,0.0040072,0.032431,0.00998,0.0020372,0.0033323,0.0034977,0.014643,0.0021949,0.0073587,0.0040399,0.0029095,0.018719,0.011709,0.0064541,0.0023265,0.0035108,0.0055424,0.0087465,0.017387,0.026667
0.0065294,0.0074673,0.004788,0.0054138,0.0081612,0.010903,0.015149,0.0032223,0.0062861,0.010613,0.010459,0.011453,0.0054893,0.0016359,0.0052275,0.020971,0.020163,0.016772,0.007073,0.0040023,0.032353,0.0099459,0.0020291,0.0033204,0.0034856,0.014666,0.0021826,0.007344,0.004036,0.0028978,0.018605,0.011634,0.0064299,0.0023341,0.0034991,0.0055228,0.0086798,0.017312,0.026571
0.0065076,0.0074403,0.0047865,0.0053971,0.0081516,0.010853,0.015184,0.0032119,0.006269,0.010595,0.010458,0.011403,0.0054966,0.0016318,0.0052306,0.020866,0.02017,0.016735,0.0070516,0.0039972,0.032275,0.009912,0.0020211,0.0033086,0.0034737,0.014689,0.0021704,0.0073292,0.004032,0.0028861,0.018492,0.011558,0.0064056,0.0023419,0.0034875,0.0055032,0.0086119,0.017238,0.026475
0.0064859,0.0074134,0.0047851,0.0053805,0.0081414,0.010803,0.015218,0.0032015,0.0062521,0.010577,0.010456,0.011352,0.0055036,0.0016277,0.0052336,0.020761,0.020178,0.016699,0.0070303,0.003992,0.032197,0.0098781,0.002013,0.0032968,0.0034618,0.014711,0.0021583,0.0073143,0.0040278,0.0028745,0.01838,0.011483,0.0063811,0.0023498,0.0034759,0.0054832,0.0085424,0.017164,0.026378
0.0064642,0.0073864,0.0047838,0.0053639,0.0081307,0.010753,0.015252,0.0031913,0.0062353,0.010558,0.010454,0.011302,0.0055104,0.0016237,0.0052366,0.020657,0.020186,0.016663,0.007009,0.0039867,0.032118,0.0098444,0.0020049,0.0032851,0.00345,0.014732,0.0021462,0.0072993,0.0040236,0.0028629,0.01827,0.011409,0.0063566,0.0023578,0.0034644,0.005463,0.0084716,0.01709,0.026279
0.0064427,0.0073594,0.0047825,0.0053474,0.0081194,0.010703,0.015285,0.003181,0.0062186,0.010539,0.010451,0.011253,0.0055169,0.0016197,0.0052395,0.020553,0.020193,0.016627,0.0069879,0.0039812,0.032039,0.0098107,0.0019967,0.0032735,0.0034383,0.014752,0.0021342,0.0072842,0.0040192,0.0028514,0.018161,0.011334,0.0063319,0.0023659,0.0034529,0.0054427,0.0083994,0.017017,0.02618
0.0064213,0.0073323,0.0047811,0.0053309,0.0081076,0.010654,0.015317,0.0031708,0.0062019,0.010521,0.010447,0.011203,0.0055232,0.0016157,0.0052425,0.02045,0.020201,0.016591,0.0069667,0.0039757,0.03196,0.0097772,0.0019885,0.0032619,0.0034267,0.014772,0.0021222,0.007269,0.0040147,0.0028399,0.018054,0.01126,0.0063073,0.0023741,0.0034414,0.0054221,0.0083257,0.016944,0.026081
0.0064,0.0073053,0.0047798,0.0053145,0.0080953,0.010605,0.015349,0.0031606,0.0061854,0.010501,0.010442,0.011154,0.0055293,0.0016118,0.0052453,0.020347,0.020208,0.016555,0.0069457,0.0039701,0.03188,0.0097438,0.0019803,0.0032504,0.0034152,0.01479,0.0021104,0.0072537,0.0040101,0.0028285,0.017949,0.011186,0.0062826,0.0023824,0.00343,0.0054013,0.0082505,0.016871,0.02598
0.0063788,0.0072782,0.0047785,0.0052981,0.0080824,0.010556,0.015381,0.0031505,0.0061689,0.010482,0.010437,0.011105,0.0055351,0.0016078,0.0052482,0.020244,0.020216,0.016519,0.0069246,0.0039644,0.0318,0.0097104,0.001972,0.003239,0.0034038,0.014808,0.0020986,0.0072383,0.0040054,0.0028171,0.017845,0.011113,0.0062577,0.0023908,0.0034187,0.0053803,0.0081739,0.016798,0.025879
0.0063577,0.0072511,0.0047771,0.0052817,0.008069,0.010507,0.015411,0.0031405,0.0061526,0.010462,0.010431,0.011057,0.0055408,0.001604,0.0052509,0.020142,0.020223,0.016482,0.0069036,0.0039585,0.03172,0.0096772,0.0019637,0.0032276,0.0033924,0.014825,0.0020868,0.0072228,0.0040006,0.0028058,0.017742,0.01104,0.0062327,0.0023993,0.0034074,0.005359,0.0080958,0.016726,0.025777
0.0063367,0.007224,0.0047757,0.0052654,0.008055,0.010458,0.015441,0.0031304,0.0061363,0.010443,0.010424,0.011009,0.0055462,0.0016001,0.0052537,0.02004,0.02023,0.016446,0.0068827,0.0039526,0.03164,0.0096441,0.0019553,0.0032162,0.0033812,0.014842,0.0020752,0.0072073,0.0039957,0.0027945,0.017641,0.010967,0.0062077,0.0024078,0.0033962,0.0053376,0.0080161,0.016654,0.025674
0.0063158,0.0071969,0.0047742,0.0052491,0.0080406,0.01041,0.01547,0.0031204,0.0061201,0.010422,0.010416,0.010961,0.0055514,0.0015963,0.0052564,0.019939,0.020237,0.016409,0.0068618,0.0039466,0.031559,0.0096112,0.0019469,0.003205,0.00337,0.014857,0.0020636,0.0071918,0.0039906,0.0027833,0.017541,0.010894,0.0061825,0.0024164,0.003385,0.005316,0.0079349,0.016582,0.025571
0.006295,0.00717,0.0047726,0.0052329,0.0080257,0.010361,0.0155,0.0031105,0.006104,0.010402,0.010406,0.010914,0.0055563,0.0015925,0.005259,0.019837,0.020244,0.016373,0.006841,0.0039404,0.031478,0.0095783,0.0019385,0.0031938,0.003359,0.014872,0.0020521,0.0071763,0.0039855,0.0027722,0.017443,0.010822,0.0061572,0.0024251,0.0033738,0.0052941,0.0078522,0.016511,0.025466
0.0062742,0.007143,0.004771,0.0052168,0.0080103,0.010313,0.015528,0.0031006,0.006088,0.010382,0.010396,0.010867,0.005561,0.0015887,0.0052616,0.019737,0.020251,0.016336,0.0068203,0.0039343,0.031397,0.0095456,0.0019301,0.0031826,0.003348,0.014885,0.0020407,0.0071607,0.0039803,0.0027611,0.017347,0.010749,0.0061318,0.0024338,0.0033627,0.005272,0.007768,0.01644,0.025361
0.0062536,0.0071161,0.0047694,0.0052006,0.0079944,0.010265,0.015556,0.0030907,0.006072,0.010361,0.010385,0.01082,0.0055655,0.001585,0.0052642,0.019636,0.020257,0.0163,0.0067996,0.003928,0.031316,0.0095129,0.0019216,0.0031715,0.0033371,0.014898,0.0020294,0.0071449,0.003975,0.00275,0.017251,0.010678,0.0061063,0.0024425,0.0033516,0.0052498,0.0076824,0.016369,0.025255
0.0062331,0.0070892,0.0047676,0.0051846,0.007978,0.010218,0.015583,0.0030809,0.0060562,0.01034,0.010373,0.010774,0.0055696,0.0015813,0.0052667,0.019536,0.020263,0.016263,0.006779,0.0039217,0.031234,0.0094804,0.0019131,0.0031605,0.0033264,0.014911,0.0020181,0.0071291,0.0039696,0.0027391,0.017157,0.010606,0.0060807,0.0024512,0.0033406,0.0052273,0.0076002,0.016298,0.025149
0.0062126,0.0070622,0.0047657,0.0051685,0.0079612,0.01017,0.015609,0.0030711,0.0060404,0.010319,0.010359,0.010728,0.0055736,0.0015776,0.0052691,0.019437,0.020269,0.016226,0.0067584,0.0039152,0.031152,0.0094479,0.0019045,0.0031495,0.0033157,0.014922,0.0020069,0.0071133,0.0039642,0.0027281,0.017065,0.010535,0.006055,0.00246,0.0033297,0.0052046,0.0075891,0.016228,0.025041
0.0061923,0.0070353,0.0047636,0.0051525,0.007944,0.010123,0.015635,0.0030614,0.0060247,0.010297,0.010345,0.010682,0.0055772,0.001574,0.0052715,0.019338,0.020275,0.016189,0.0067378,0.0039087,0.03107,0.0094156,0.0018959,0.0031386,0.0033051,0.014933,0.0019958,0.0070973,0.0039586,0.0027172,0.016974,0.010464,0.0060292,0.0024688,0.0033187,0.0051818,0.007576,0.016158,0.024933
0.006172,0.0070083,0.0047614,0.0051366,0.0079264,0.010076,0.015661,0.0030517,0.0060091,0.010276,0.010329,0.010637,0.0055807,0.0015703,0.0052739,0.019239,0.02028,0.016152,0.0067173,0.0039021,0.030988,0.0093834,0.0018874,0.0031278,0.0032946,0.014943,0.0019847,0.0070812,0.003953,0.0027064,0.016884,0.010393,0.0060033,0.0024776,0.0033079,0.0051587,0.0075608,0.016088,0.024824
0.0061519,0.0069813,0.004759,0.0051207,0.0079085,0.010029,0.015685,0.003042,0.0059936,0.010254,0.010312,0.010592,0.0055838,0.0015667,0.0052762,0.01914,0.020285,0.016115,0.006697,0.0038954,0.030905,0.0093513,0.0018788,0.003117,0.0032842,0.014952,0.0019738,0.0070651,0.0039473,0.0026956,0.016795,0.010323,0.0059773,0.0024864,0.0032971,0.0051355,0.0075435,0.016019,0.024714
0.0061318,0.0069544,0.0047565,0.0051048,0.0078903,0.0099824,0.015709,0.0030324,0.0059781,0.010232,0.010295,0.010547,0.0055867,0.0015632,0.0052784,0.019042,0.02029,0.016078,0.0066766,0.0038886,0.030823,0.0093193,0.0018701,0.0031062,0.0032739,0.01496,0.0019629,0.0070489,0.0039414,0.0026849,0.016708,0.010253,0.0059513,0.0024952,0.0032863,0.005112,0.0075242,0.01595,0.024604
0.0061119,0.0069275,0.0047538,0.005089,0.0078718,0.0099359,0.015733,0.0030228,0.0059627,0.01021,0.010276,0.010503,0.0055894,0.0015596,0.0052806,0.018945,0.020295,0.016041,0.0066563,0.0038818,0.03074,0.0092875,0.0018615,0.0030956,0.0032637,0.014968,0.0019521,0.0070326,0.0039355,0.0026742,0.016622,0.010183,0.0059251,0.002504,0.0032755,0.0050884,0.0075026,0.015881,0.024493
0.006092,0.0069005,0.004751,0.0050733,0.007853,0.0098896,0.015756,0.0030133,0.0059474,0.010188,0.010256,0.010459,0.0055918,0.0015561,0.0052827,0.018847,0.020299,0.016004,0.0066361,0.0038748,0.030657,0.0092557,0.0018528,0.0030849,0.0032536,0.014975,0.0019413,0.0070163,0.0039295,0.0026636,0.016537,0.010114,0.0058989,0.0025127,0.0032649,0.0050646,0.0075044,0.015813,0.024381
0.0060722,0.0068736,0.0047479,0.0050576,0.007834,0.0098436,0.015778,0.0030038,0.0059322,0.010166,0.010234,0.010416,0.0055939,0.0015526,0.0052847,0.01875,0.020302,0.015966,0.0066159,0.0038678,0.030574,0.0092241,0.0018441,0.0030744,0.0032436,0.014981,0.0019307,0.0069998,0.0039235,0.002653,0.016453,0.010045,0.0058726,0.0025214,0.0032542,0.0050406,0.0075093,0.015745,0.024269
0.0060525,0.0068467,0.0047446,0.0050419,0.0078148,0.0097977,0.0158,0.0029943,0.005917,0.010143,0.010212,0.010372,0.0055958,0.0015492,0.0052867,0.018654,0.020305,0.015929,0.0065957,0.0038607,0.03049,0.0091925,0.0018353,0.0030639,0.0032337,0.014986,0.0019201,0.0069833,0.0039173,0.0026425,0.016371,0.0099764,0.0058462,0.0025301,0.0032436,0.0050165,0.0075137,0.015677,0.024156
0.0060329,0.0068198,0.0047411,0.0050263,0.0077954,0.0097521,0.015821,0.0029849,0.0059019,0.01012,0.010189,0.010329,0.0055975,0.0015457,0.0052886,0.018558,0.020308,0.015892,0.0065756,0.0038535,0.030407,0.009161,0.0018266,0.0030534,0.0032239,0.014991,0.0019096,0.0069667,0.0039111,0.002632,0.016289,0.0099082,0.0058197,0.0025387,0.0032331,0.0049922,0.0075176,0.01561,0.024043
0.0060133,0.0067929,0.0047373,0.0050107,0.0077758,0.0097066,0.015842,0.0029755,0.0058868,0.010097,0.010165,0.010287,0.005599,0.0015423,0.0052905,0.018462,0.020311,0.015854,0.0065556,0.0038462,0.030323,0.0091297,0.0018178,0.003043,0.0032142,0.014995,0.0018992,0.0069501,0.0039047,0.0026216,0.016209,0.0098404,0.0057932,0.0025473,0.0032226,0.0049677,0.007521,0.015542,0.02393
0.0059939,0.006766,0.0047334,0.0049952,0.0077561,0.0096613,0.015861,0.0029662,0.0058718,0.010074,0.010139,0.010244,0.0056002,0.0015389,0.0052923,0.018367,0.020313,0.015817,0.0065357,0.0038389,0.030239,0.0090985,0.001809,0.0030327,0.0032046,0.014998,0.0018888,0.0069334,0.0038983,0.0026112,0.01613,0.009773,0.0057666,0.0025558,0.0032121,0.004943,0.0075238,0.015475,0.023815
0.0059746,0.0067392,0.0047293,0.0049798,0.0077364,0.0096162,0.015881,0.0029569,0.0058568,0.010051,0.010113,0.010202,0.0056012,0.0015355,0.005294,0.018272,0.020314,0.015779,0.0065158,0.0038315,0.030155,0.0090674,0.0018001,0.0030224,0.003195,0.015,0.0018786,0.0069166,0.0038918,0.0026009,0.016052,0.0097059,0.0057399,0.0025642,0.0032017,0.0049183,0.0075259,0.015409,0.023701
0.0059553,0.0067123,0.0047248,0.0049643,0.0077165,0.0095712,0.0159,0.0029476,0.005842,0.010027,0.010085,0.01016,0.005602,0.0015322,0.0052956,0.018236,0.020316,0.015741,0.0064959,0.0038241,0.030071,0.0090364,0.0017913,0.0030121,0.0031856,0.015002,0.0018684,0.0068998,0.0038853,0.0025906,0.015975,0.0096392,0.0057132,0.0025726,0.0031913,0.0048933,0.0075274,0.015342,0.023586
0.0059361,0.0066855,0.0047201,0.0049489,0.0076967,0.0095265,0.015918,0.0029384,0.0058271,0.010004,0.010057,0.010119,0.0056025,0.0015289,0.0052972,0.018199,0.020316,0.015704,0.0064761,0.0038166,0.029987,0.0090055,0.0017824,0.0030019,0.0031763,0.015003,0.0018583,0.0068831,0.0038787,0.0025804,0.015899,0.0095729,0.0056864,0.0025809,0.003181,0.0048682,0.007528,0.015276,0.023471
0.005917,0.0066587,0.0047151,0.0049336,0.0076767,0.009482,0.015935,0.0029292,0.0058123,0.0099802,0.010028,0.010078,0.0056027,0.0015256,0.0052988,0.018163,0.020317,0.015666,0.0064564,0.0038091,0.029903,0.0089748,0.0017735,0.0029918,0.003167,0.015003,0.0018482,0.0068663,0.0038719,0.0025702,0.015823,0.009507,0.0056595,0.0025891,0.0031707,0.0048429,0.0075278,0.01521,0.023355
0.005898,0.006632,0.0047099,0.0049183,0.0076567,0.0094377,0.015952,0.00292,0.0057976,0.0099564,0.0099986,0.010037,0.0056027,0.0015223,0.0053002,0.018127,0.020316,0.015628,0.0064367,0.0038015,0.029818,0.0089441,0.0017646,0.0029817,0.0031579,0.015003,0.0018383,0.0068494,0.0038652,0.00256,0.015749,0.0094415,0.0056326,0.0025972,0.0031605,0.0048175,0.0075267,0.015145,0.023239
0.0058791,0.0066053,0.0047044,0.0049031,0.0076366,0.0093936,0.015968,0.0029109,0.0057829,0.0099324,0.0099682,0.0099963,0.0056024,0.001519,0.0053016,0.018091,0.020316,0.01559,0.0064171,0.0037938,0.029734,0.0089135,0.0017557,0.0029717,0.0031488,0.015002,0.0018284,0.0068325,0.0038583,0.00255,0.015676,0.0093765,0.0056057,0.0026052,0.0031503,0.004792,0.0075247,0.01508,0.023122
0.0058603,0.0065786,0.0046986,0.0048879,0.0076165,0.0093497,0.015984,0.0029018,0.0057683,0.0099082,0.0099372,0.009956,0.0056019,0.0015158,0.005303,0.018055,0.020314,0.015552,0.0063975,0.0037861,0.029649,0.008883,0.0017467,0.0029617,0.0031399,0.015,0.0018186,0.0068156,0.0038514,0.0025399,0.015604,0.0093118,0.0055788,0.0026131,0.0031402,0.0047662,0.0075218,0.015015,0.023005
0.0058416,0.0065519,0.0046925,0.0048728,0.0075966,0.0093059,0.015999,0.0028928,0.0057537,0.009884,0.0099055,0.0099161,0.0056011,0.0015126,0.0053043,0.018019,0.020313,0.015514,0.006378,0.0037783,0.029565,0.0088527,0.0017378,0.0029518,0.003131,0.014998,0.0018089,0.0067985,0.0038444,0.0025299,0.015532,0.0092475,0.0055519,0.0026209,0.0031301,0.0047404,0.0075179,0.01495,0.022887
0.0058229,0.0065252,0.0046861,0.0048577,0.0075769,0.0092624,0.016014,0.0028838,0.0057392,0.0098597,0.0098732,0.0098764,0.0056001,0.0015094,0.0053056,0.017983,0.020311,0.015476,0.0063586,0.0037704,0.02948,0.0088224,0.0017288,0.002942,0.0031222,0.014995,0.0017993,0.0067814,0.0038374,0.00252,0.015461,0.0091837,0.0055249,0.0026286,0.00312,0.0047145,0.007513,0.014885,0.02277
0.0058043,0.0064986,0.0046794,0.0048426,0.007558,0.009219,0.016028,0.0028748,0.0057247,0.0098352,0.0098404,0.0098371,0.0055988,0.0015062,0.0053068,0.017947,0.020308,0.015438,0.0063392,0.0037625,0.029395,0.0087923,0.0017199,0.0029321,0.0031135,0.014991,0.0017898,0.0067643,0.0038304,0.0025101,0.015391,0.0091202,0.0054978,0.0026362,0.00311,0.0046884,0.0075071,0.014821,0.022651
0.0057858,0.0064721,0.0046725,0.0048276,0.0075406,0.0091759,0.016041,0.0028659,0.0057103,0.0098105,0.0098069,0.009798,0.0055974,0.0015031,0.0053079,0.017911,0.020305,0.0154,0.0063198,0.0037545,0.02931,0.0087623,0.0017109,0.0029224,0.0031049,0.014987,0.0017803,0.0067471,0.0038232,0.0025003,0.015322,0.0090572,0.0054708,0.0026437,0.0031,0.0046622,0.0075002,0.014757,0.022533
0.0057674,0.0064457,0.0046652,0.0048127,0.007525,0.0091329,0.016054,0.002857,0.0056959,0.0097857,0.0097728,0.0097593,0.0055957,0.0014999,0.0053089,0.017875,0.020301,0.015362,0.0063005,0.0037465,0.029225,0.0087324,0.0017019,0.0029127,0.0030965,0.014982,0.0017709,0.0067298,0.0038161,0.0024905,0.015254,0.0089947,0.0054436,0.002651,0.0030901,0.0046359,0.0074922,0.014694,0.022414
0.0057491,0.0064193,0.0046575,0.0047978,0.0075109,0.0090901,0.016066,0.0028481,0.0056815,0.0097609,0.0097382,0.0097208,0.0055939,0.0014968,0.0053099,0.017839,0.020297,0.015324,0.0062813,0.0037384,0.02914,0.0087026,0.0016928,0.002903,0.003088,0.014976,0.0017616,0.0067125,0.0038088,0.0024807,0.015186,0.0089325,0.0054165,0.0026582,0.0030802,0.0046094,0.0074831,0.01463,0.022294
0.0057309,0.006393,0.0046495,0.0047829,0.0074974,0.0090475,0.016078,0.0028393,0.0056672,0.009736,0.009703,0.0096826,0.0055918,0.0014937,0.0053107,0.017803,0.020292,0.015286,0.0062621,0.0037303,0.029055,0.0086729,0.0016838,0.0028934,0.0030797,0.01497,0.0017524,0.0066951,0.0038015,0.002471,0.015119,0.0088708,0.0053893,0.0026652,0.0030703,0.0045829,0.0074728,0.014567,0.022175
0.0057127,0.0063668,0.0046412,0.0047681,0.0074844,0.0090051,0.016088,0.0028305,0.0056529,0.0097109,0.0096672,0.0096447,0.0055894,0.0014906,0.0053115,0.017767,0.020287,0.015249,0.006243,0.0037221,0.02897,0.0086433,0.0016747,0.0028838,0.0030715,0.01497,0.0017432,0.0066777,0.0037941,0.0024613,0.015052,0.0088096,0.005362,0.0026721,0.0030605,0.0045562,0.0074614,0.014505,0.022055
0.0056947,0.0063405,0.0046326,0.0047534,0.0074717,0.0089629,0.016099,0.0028217,0.0056387,0.0096857,0.0096309,0.009607,0.0055868,0.0014876,0.0053123,0.017732,0.020281,0.015211,0.0062239,0.0037139,0.028885,0.0086138,0.0016657,0.0028743,0.0030634,0.014971,0.0017342,0.0066603,0.0037867,0.0024517,0.014986,0.0087489,0.0053348,0.0026789,0.0030508,0.0045295,0.0074487,0.014442,0.021935
