0.00027501,0.00016493,0.00018297,0.00029416,7.934e-05,0.00024487,0.00013704,0.00017107,0.00025227,0.0004101,3.9036e-05,7.625e-05,0.00013265,0.00014464,0.00023883,0.00022889,0.00010569,5.9661e-05,6.2339e-05,0.00014942,8.4426e-05,0.00011813,7.1188e-05,0.00011387,5.5929e-05,0.00013313,9.3781e-05,0.00028544,0.00023193,0.00014915,0.00010598,0.00024974,0.00024787,8.9187e-05,0.00014511,6.6643e-05,6.7522e-05,0.00028251,0.00018221
0.0011021,0.00068148,0.00073458,0.0011853,0.00031931,0.00097984,0.00054888,0.00069955,0.0010113,0.0016469,0.00015704,0.00030812,0.00053735,0.00058612,0.00096132,0.00091702,0.00042333,0.0002423,0.00025268,0.00060448,0.00034066,0.00047252,0.00028588,0.00045603,0.00022392,0.00053464,0.00037612,0.001214,0.0009262,0.0006168,0.00042926,0.0010687,0.0010212,0.00036298,0.0005841,0.00027122,0.00027486,0.0011453,0.00074861
0.0024887,0.001708,0.001641,0.0026792,0.00071645,0.0025224,0.0012296,0.0016249,0.0022855,0.0037219,0.00035513,0.0006908,0.0013161,0.0013114,0.0022812,0.0020652,0.00095717,0.00059053,0.00057416,0.00142,0.0007841,0.0011362,0.00064677,0.0010295,0.00051333,0.0012192,0.00088767,0.003183,0.0022536,0.0016664,0.0010138,0.002311,0.0022786,0.00084621,0.0013321,0.00061119,0.00067403,0.002661,0.001686
0.0044496,0.0033032,0.0031263,0.0047474,0.0012672,0.0039568,0.0022709,0.0030115,0.004095,0.0066865,0.00063798,0.0012471,0.0023234,0.0023229,0.0044524,0.003689,0.0016999,0.0010302,0.001064,0.0026793,0.001438,0.0021472,0.0011607,0.0018328,0.00092475,0.0022346,0.0017272,0.0075081,0.0048903,0.0048147,0.001993,0.0048026,0.004123,0.001701,0.0025788,0.001305,0.0012474,0.0045638,0.0031095
0.0069736,0.0053966,0.006019,0.0074725,0.0020018,0.0063694,0.0036104,0.004689,0.0064552,0.010826,0.0010085,0.0021406,0.0040928,0.0037591,0.0065604,0.00581,0.0026836,0.0019029,0.0019412,0.004113,0.0025367,0.0030979,0.0018903,0.0028797,0.0015404,0.0036705,0.0028285,0.010312,0.0086449,0.0067825,0.0038445,0.010194,0.0069008,0.002986,0.0042088,0.0025021,0.0024254,0.0075473,0.0051041
0.01154,0.010087,0.0099016,0.011686,0.0029765,0.010488,0.0052085,0.0081922,0.0092347,0.015556,0.0015573,0.0035491,0.0064651,0.0053374,0.013843,0.0085801,0.0038766,0.0031923,0.0028317,0.0065693,0.0035794,0.0053441,0.0027263,0.004147,0.0023874,0.0051842,0.0048084,0.014935,0.013768,0.012625,0.0058325,0.012587,0.010666,0.0058373,0.006467,0.003224,0.0036449,0.010332,0.0077727
0.017352,0.018334,0.014632,0.018317,0.0041797,0.017068,0.0076892,0.011808,0.012951,0.023344,0.0021741,0.0049033,0.014086,0.0074519,0.018239,0.011838,0.0052375,0.0037812,0.0046139,0.010148,0.005062,0.0082877,0.0040239,0.0057363,0.003589,0.0069873,0.0071427,0.023723,0.020678,0.020053,0.0071395,0.015172,0.015301,0.0074305,0.0084615,0.0052617,0.0059902,0.015693,0.012421
0.027278,0.022672,0.027763,0.025242,0.0051005,0.023565,0.0095656,0.019626,0.0174,0.028739,0.003368,0.0066572,0.019355,0.009802,0.021342,0.016922,0.0069272,0.0055559,0.0065867,0.014687,0.010189,0.011541,0.0052127,0.0074472,0.0040817,0.010207,0.0085123,0.034669,0.032728,0.030542,0.0086819,0.021719,0.020059,0.0080095,0.011044,0.0086649,0.01,0.01942,0.015716
0.040267,0.03411,0.041522,0.034946,0.0082139,0.042115,0.013031,0.022507,0.021701,0.039481,0.0042439,0.0091657,0.023894,0.01382,0.035922,0.022585,0.0088246,0.0084338,0.0085388,0.020852,0.012056,0.016553,0.0073895,0.0096995,0.0050861,0.013589,0.012676,0.053855,0.037647,0.050335,0.012663,0.035979,0.029418,0.012357,0.016042,0.012689,0.015257,0.030204,0.020403
0.054832,0.043161,0.054986,0.045855,0.0098801,0.039109,0.015774,0.029444,0.031112,0.051528,0.0051502,0.012518,0.032898,0.017814,0.038508,0.025587,0.010739,0.0096439,0.012922,0.021114,0.018726,0.025887,0.009065,0.012368,0.0074952,0.016573,0.016152,0.065426,0.051934,0.053384,0.016852,0.047105,0.04459,0.018916,0.025412,0.019203,0.020093,0.038426,0.032269
0.06836,0.055579,0.052813,0.057427,0.01154,0.042443,0.01946,0.055074,0.037002,0.057829,0.0084895,0.015231,0.043559,0.021803,0.054859,0.033437,0.013131,0.012999,0.012822,0.025139,0.017062,0.035481,0.012061,0.01471,0.0083261,0.021669,0.020102,0.079798,0.079648,0.06077,0.023287,0.070757,0.073644,0.019281,0.035457,0.018247,0.025914,0.058101,0.042335
0.10224,0.069769,0.069933,0.070513,0.015693,0.061113,0.028279,0.08057,0.054302,0.085762,0.0099284,0.018216,0.058218,0.027748,0.09333,0.0359,0.015434,0.016855,0.016397,0.032844,0.019842,0.033455,0.016533,0.01861,0.0095235,0.029046,0.02487,0.086089,0.089473,0.062949,0.028441,0.068538,0.095459,0.022908,0.039557,0.022788,0.033025,0.058003,0.048314
0.13432,0.074215,0.0801,0.096593,0.021572,0.082093,0.034367,0.098243,0.066965,0.094918,0.010831,0.025163,0.077662,0.033582,0.13948,0.043677,0.018963,0.025185,0.019216,0.042837,0.029926,0.036135,0.019276,0.023576,0.014979,0.031165,0.034651,0.079522,0.10525,0.063229,0.041293,0.086385,0.10678,0.031022,0.05128,0.025746,0.033602,0.067393,0.058878
0.1356,0.082828,0.076942,0.105,0.032914,0.096397,0.038105,0.098175,0.084363,0.11949,0.015018,0.034505,0.11276,0.035258,0.1506,0.057376,0.020918,0.03799,0.022888,0.051819,0.044908,0.051106,0.023385,0.026289,0.015046,0.047469,0.037974,0.08692,0.12301,0.072916,0.04708,0.1065,0.12852,0.037682,0.064693,0.032334,0.042929,0.098005,0.071838
0.13658,0.10909,0.092907,0.12364,0.042355,0.11772,0.039715,0.1146,0.078836,0.14366,0.020773,0.037357,0.12581,0.043557,0.17794,0.057897,0.024091,0.049601,0.028874,0.062949,0.046973,0.050948,0.027147,0.030291,0.023036,0.059884,0.039689,0.10342,0.13317,0.1021,0.052945,0.10701,0.13702,0.048024,0.072189,0.032338,0.054315,0.1101,0.082852
0.14897,0.12996,0.10594,0.14547,0.056076,0.14001,0.044315,0.097618,0.089562,0.18209,0.025929,0.046037,0.13633,0.053818,0.23516,0.06928,0.028493,0.054287,0.042514,0.073695,0.065213,0.062907,0.035538,0.036737,0.027804,0.064814,0.047419,0.15985,0.13716,0.10645,0.062891,0.11034,0.15559,0.055397,0.081425,0.035007,0.04636,0.1029,0.076016
0.21753,0.1552,0.11897,0.14882,0.067351,0.1883,0.051924,0.099708,0.11305,0.22997,0.027535,0.052062,0.13483,0.057299,0.26212,0.093176,0.034505,0.073259,0.061529,0.091002,0.074056,0.088203,0.039501,0.043808,0.031275,0.075526,0.047091,0.21295,0.15921,0.11011,0.071974,0.10073,0.17299,0.071128,0.08883,0.042326,0.049641,0.12166,0.092663
0.2262,0.1554,0.11761,0.1643,0.074795,0.25099,0.060199,0.11671,0.13755,0.21762,0.025298,0.05055,0.13617,0.074177,0.2409,0.11022,0.041521,0.070463,0.068228,0.11186,0.10745,0.095308,0.04633,0.049314,0.039809,0.082807,0.056396,0.24488,0.15892,0.12006,0.077811,0.12017,0.22384,0.097492,0.11042,0.040293,0.063867,0.16456,0.10759
0.22043,0.13617,0.1284,0.20963,0.072742,0.2868,0.067049,0.14325,0.15294,0.23489,0.02862,0.055594,0.14557,0.11289,0.22263,0.1251,0.044565,0.078263,0.079211,0.10698,0.1331,0.10898,0.058518,0.049889,0.048603,0.11081,0.068709,0.27314,0.16153,0.13849,0.088416,0.13852,0.30525,0.10283,0.15665,0.05291,0.071261,0.2086,0.10854
0.24199,0.15024,0.1469,0.2445,0.087919,0.31886,0.07301,0.17188,0.17934,0.24808,0.033986,0.060699,0.15196,0.16688,0.24589,0.13247,0.052069,0.067134,0.077929,0.11586,0.12754,0.11052,0.07231,0.058842,0.052342,0.12273,0.088204,0.25185,0.18827,0.15528,0.10608,0.18662,0.32884,0.092546,0.15184,0.069464,0.060058,0.27793,0.10473
0.28394,0.19179,0.16873,0.27871,0.10118,0.37601,0.088013,0.1951,0.20414,0.25132,0.042035,0.076393,0.16931,0.20139,0.25549,0.14787,0.055866,0.070213,0.069207,0.14932,0.12255,0.096832,0.064818,0.067756,0.057837,0.13909,0.12074,0.25826,0.22153,0.20708,0.12408,0.25887,0.36057,0.081898,0.2041,0.086258,0.054058,0.37697,0.13718
0.33005,0.18216,0.18916,0.3415,0.11599,0.39651,0.091778,0.20645,0.25623,0.27813,0.045803,0.088226,0.19182,0.21822,0.26233,0.17514,0.0651,0.08458,0.083979,0.16992,0.10594,0.12233,0.080011,0.072613,0.063162,0.18359,0.15841,0.32226,0.2215,0.27159,0.16989,0.27128,0.37905,0.077134,0.22839,0.10269,0.057055,0.38681,0.1513
0.38603,0.22607,0.23522,0.36838,0.12925,0.44399,0.1116,0.20439,0.27602,0.35013,0.047884,0.095914,0.22953,0.18485,0.31176,0.19436,0.074621,0.099819,0.098917,0.17823,0.09954,0.15234,0.088014,0.079699,0.065037,0.21864,0.17235,0.38749,0.26416,0.32027,0.20599,0.23698,0.4006,0.075511,0.22373,0.11924,0.058349,0.40161,0.16413
0.44733,0.25666,0.26081,0.38446,0.13728,0.55041,0.13339,0.19212,0.24017,0.42323,0.046861,0.097062,0.29151,0.18267,0.35271,0.2135,0.092708,0.089667,0.10971,0.16084,0.10405,0.18977,0.10455,0.089973,0.061592,0.24436,0.16165,0.45741,0.28001,0.32812,0.23911,0.26503,0.46267,0.06629,0.21023,0.12564,0.063591,0.38078,0.15612
0.49588,0.32003,0.26402,0.39347,0.15534,0.61462,0.1459,0.1998,0.25451,0.45821,0.053685,0.10994,0.31088,0.20242,0.32829,0.22955,0.11324,0.095239,0.13862,0.15891,0.10702,0.19819,0.125,0.095743,0.06848,0.26543,0.16255,0.55715,0.30111,0.32933,0.27861,0.2826,0.49923,0.072444,0.23771,0.10992,0.063951,0.40122,0.16911
0.52563,0.34306,0.26038,0.41251,0.1728,0.60837,0.15679,0.21506,0.26647,0.48193,0.065182,0.1374,0.36466,0.19497,0.29179,0.2378,0.12555,0.10014,0.15079,0.19714,0.11399,0.17702,0.12994,0.10763,0.083184,0.29597,0.17085,0.64914,0.31652,0.31312,0.30989,0.28781,0.65119,0.081605,0.30047,0.08876,0.066061,0.49538,0.198
0.53989,0.39856,0.27907,0.50544,0.17857,0.57123,0.21007,0.24895,0.32863,0.54373,0.063892,0.14031,0.39506,0.18872,0.39307,0.2486,0.13211,0.11738,0.14786,0.23129,0.16127,0.17367,0.13604,0.13282,0.087133,0.31236,0.1682,0.73043,0.35134,0.31177,0.33737,0.31446,0.80027,0.087739,0.32787,0.078828,0.077587,0.53424,0.24425
0.54665,0.40017,0.29848,0.5851,0.16941,0.51413,0.2491,0.29846,0.40178,0.63381,0.0726,0.14402,0.40102,0.2032,0.51476,0.24612,0.14356,0.15136,0.14362,0.25069,0.20697,0.2083,0.13372,0.15546,0.10047,0.33366,0.16591,0.82929,0.38939,0.38139,0.35722,0.33481,0.84375,0.089461,0.35044,0.094402,0.095014,0.53298,0.33081
0.55733,0.4842,0.31767,0.63777,0.17781,0.46695,0.31973,0.34965,0.42508,0.73011,0.074703,0.14468,0.40121,0.23226,0.55989,0.26423,0.16306,0.17083,0.13136,0.27667,0.22366,0.22858,0.15907,0.17564,0.12909,0.333,0.1731,0.93097,0.48916,0.44363,0.34044,0.32852,0.88543,0.096892,0.3634,0.11356,0.10794,0.58088,0.43847
0.57132,0.57259,0.33977,0.67697,0.19209,0.43542,0.37799,0.39895,0.46268,0.82783,0.078167,0.13982,0.40571,0.25187,0.5288,0.31113,0.17812,0.18809,0.16118,0.28673,0.20832,0.24716,0.17264,0.20067,0.15468,0.36795,0.17957,1.0004,0.53788,0.42249,0.30246,0.34073,1.0201,0.097428,0.37785,0.12015,0.11637,0.69084,0.50482
0.61214,0.63233,0.35965,0.7919,0.21242,0.40297,0.4297,0.44628,0.52349,0.93312,0.083999,0.15248,0.43096,0.28018,0.47933,0.3633,0.18984,0.18802,0.17133,0.28638,0.21895,0.27579,0.1825,0.23159,0.17023,0.38262,0.20723,1.0291,0.51702,0.39133,0.27498,0.37219,1.1732,0.10566,0.38426,0.12335,0.11839,0.74346,0.53233
0.6658,0.65825,0.37763,0.86008,0.27352,0.38747,0.48141,0.48955,0.53826,1.0462,0.085915,0.16799,0.49436,0.29726,0.4552,0.39382,0.20466,0.17866,0.19087,0.29938,0.20941,0.2951,0.22699,0.25897,0.1752,0.38317,0.22807,1.0222,0.47212,0.40774,0.27268,0.40906,1.1557,0.11413,0.39196,0.12032,0.12851,0.76426,0.54217
0.66594,0.64861,0.39603,0.85678,0.31792,0.38969,0.51614,0.53012,0.58115,1.1621,0.083342,0.20703,0.57579,0.30463,0.55989,0.43476,0.22094,0.16038,0.21655,0.30137,0.19731,0.30543,0.29583,0.27545,0.18595,0.37853,0.24894,0.98063,0.48396,0.45639,0.30129,0.43362,1.1089,0.12314,0.40204,0.11956,0.12126,0.88981,0.58787
0.66902,0.6279,0.41025,0.93346,0.32562,0.45419,0.54283,0.56584,0.6723,1.2775,0.079687,0.22604,0.62614,0.32683,0.6324,0.50183,0.25134,0.15669,0.23226,0.30608,0.21564,0.28815,0.31732,0.28986,0.19357,0.37666,0.2723,0.93125,0.53504,0.46366,0.3273,0.45641,1.1737,0.12964,0.45421,0.1172,0.13042,0.97469,0.61758
0.71402,0.60158,0.42457,1.0139,0.32467,0.54345,0.5643,0.59371,0.75806,1.3821,0.090307,0.23515,0.62455,0.3736,0.66623,0.51952,0.26817,0.17618,0.25554,0.34849,0.25441,0.27199,0.33456,0.30197,0.19129,0.42229,0.28778,0.86749,0.65673,0.44506,0.36499,0.49079,1.2401,0.13118,0.57684,0.1005,0.144,1.0282,0.62693
0.84218,0.57791,0.43753,1.1027,0.32684,0.60679,0.55423,0.6174,0.77693,1.4738,0.11234,0.26129,0.60714,0.39648,0.71776,0.51769,0.27307,0.17703,0.2862,0.38771,0.3009,0.27326,0.35447,0.31207,0.18685,0.49139,0.29173,0.78507,0.75687,0.42169,0.38403,0.52953,1.2991,0.13247,0.69357,0.095911,0.14325,1.0535,0.61518
0.93922,0.66426,0.44883,1.2005,0.33832,0.63927,0.50902,0.65805,0.72883,1.5501,0.12331,0.27425,0.60012,0.41023,0.72089,0.51909,0.27645,0.16256,0.2993,0.40065,0.35472,0.27331,0.38733,0.3196,0.18585,0.54448,0.2882,0.69279,0.84477,0.41786,0.39328,0.56302,1.3319,0.13192,0.76901,0.095027,0.15408,1.0624,0.60623
0.94875,0.78143,0.46201,1.303,0.35081,0.64459,0.45418,0.69439,0.67139,1.6175,0.13065,0.27086,0.59321,0.44123,0.68418,0.54813,0.27408,0.15079,0.30944,0.46468,0.39425,0.28692,0.4366,0.34176,0.18987,0.56165,0.28541,0.61724,0.92776,0.44931,0.39533,0.58073,1.2933,0.1346,0.8095,0.10829,0.17192,1.0713,0.63072
0.95538,0.84505,0.50395,1.4039,0.33756,0.60844,0.43418,0.718,0.73839,1.6738,0.13719,0.26244,0.56409,0.49573,0.69662,0.576,0.25261,0.14739,0.30443,0.54335,0.39683,0.29464,0.47386,0.38655,0.1955,0.5833,0.28922,0.6064,1.0574,0.46499,0.38865,0.57093,1.2655,0.14554,0.81175,0.13151,0.19514,1.1105,0.67682
0.95227,0.8741,0.53659,1.4969,0.39257,0.56686,0.47882,0.72432,0.77643,1.7197,0.14536,0.27544,0.595,0.51762,0.71956,0.59317,0.23785,0.1357,0.29532,0.625,0.37749,0.30827,0.48369,0.43681,0.20138,0.62445,0.29702,0.59937,1.209,0.45377,0.37712,0.57875,1.2565,0.15475,0.7731,0.14803,0.2084,1.201,0.71885
0.92993,0.92593,0.55867,1.5762,0.50561,0.59743,0.54313,0.72096,0.81282,1.9023,0.14855,0.30629,0.65788,0.49541,0.71848,0.58738,0.23851,0.13078,0.27229,0.69529,0.36212,0.31492,0.47125,0.50431,0.21025,0.637,0.34071,0.59461,1.2499,0.42845,0.36729,0.59348,1.1804,0.15933,0.8439,0.15475,0.21352,1.3301,0.75387
0.98715,0.94603,0.58794,1.6341,0.64063,0.64543,0.59973,0.73486,0.85419,2.0866,0.17191,0.3324,0.62453,0.45741,0.718,0.6069,0.23286,0.1311,0.24946,0.74902,0.35695,0.39557,0.448,0.5484,0.22029,0.64151,0.38134,0.59117,1.229,0.4004,0.40281,0.59581,1.085,0.16348,1.0064,0.15998,0.21379,1.4598,0.79428
1.1692,1.0559,0.61508,1.7124,0.73328,0.67455,0.59224,0.74135,0.94398,2.2364,0.18719,0.35892,0.62826,0.45087,0.74421,0.65395,0.25299,0.14306,0.25601,0.79182,0.35562,0.44792,0.42338,0.60358,0.2263,0.65984,0.41542,0.59245,1.2659,0.37541,0.42819,0.61337,0.98324,0.17167,1.0579,0.15868,0.23069,1.5561,0.8498
1.4074,1.0731,0.63449,1.9087,0.78807,0.68935,0.63193,0.7383,1.1081,2.3508,0.19415,0.40056,0.67299,0.474,0.81079,0.74873,0.26528,0.15656,0.27902,0.82948,0.35709,0.47334,0.4044,0.62864,0.26958,0.71015,0.44093,0.58657,1.3784,0.4219,0.43798,0.62698,0.90533,0.18617,1.013,0.14975,0.24078,1.6042,0.92432
1.6118,1.036,0.64707,1.9761,0.80085,0.7157,0.65084,0.723,1.2432,2.4327,0.19255,0.44931,0.67867,0.51402,0.90667,0.80294,0.26705,0.16709,0.31811,0.86061,0.35344,0.48782,0.39589,0.62803,0.3145,0.7682,0.45867,0.5704,1.4599,0.44869,0.43581,0.69104,0.86663,0.20802,0.92126,0.14568,0.25143,1.606,1.0141
1.737,0.96217,0.65382,1.9054,0.7606,0.76896,0.70506,0.69611,1.4192,2.4797,0.18266,0.49388,0.64636,0.53888,1.0134,0.93013,0.29366,0.16473,0.3538,0.87456,0.32573,0.50575,0.39808,0.64767,0.35425,0.81188,0.46906,0.54902,1.436,0.44258,0.42826,0.72119,0.86139,0.22618,0.91527,0.1625,0.26408,1.5754,1.1096
1.777,1.0761,0.65587,2.2726,0.67186,0.84041,0.78902,0.67531,1.6642,2.493,0.1713,0.52728,0.65371,0.52963,1.1035,1.0224,0.31093,0.17444,0.3655,0.86805,0.33463,0.53245,0.41655,0.72709,0.36921,0.8204,0.47359,0.56712,1.4039,0.45277,0.41872,0.77881,0.88677,0.23645,0.91653,0.1965,0.27115,1.5282,1.1952
1.7675,1.1516,0.65551,2.5907,0.5666,0.90876,0.88779,0.66308,1.8046,2.4703,0.19356,0.54375,0.71508,0.50698,1.164,1.1182,0.34709,0.19971,0.34837,0.8427,0.35815,0.56881,0.43172,0.85148,0.36066,0.785,0.47826,0.61515,1.4693,0.4602,0.41893,0.8405,0.92492,0.25179,0.8676,0.22742,0.2662,1.5274,1.255
1.7605,1.1702,0.6756,2.7691,0.51673,0.95822,0.98383,0.6427,1.8965,2.4152,0.20832,0.54693,0.7649,0.49869,1.1846,1.2367,0.41069,0.21653,0.36522,0.80475,0.34611,0.61195,0.43587,0.99164,0.3402,0.78811,0.48814,0.66774,1.6551,0.49237,0.43363,0.86881,1.0386,0.27147,0.868,0.25226,0.25174,1.5562,1.2733
1.8033,1.1342,0.69944,2.8634,0.48358,0.98119,1.0577,0.62576,1.9592,2.3289,0.21954,0.55565,0.79424,0.5182,1.1696,1.3618,0.47779,0.22746,0.36834,0.76158,0.32479,0.6456,0.44645,1.1288,0.32233,0.82541,0.49973,0.72031,1.9095,0.54682,0.45427,0.87469,1.1175,0.30105,0.88274,0.27418,0.24299,1.5983,1.2463
1.9075,1.0733,0.72291,2.9409,0.4559,1.0069,1.1102,0.63173,1.9812,2.2198,0.21578,0.58601,0.81451,0.56972,1.2018,1.4645,0.53065,0.24303,0.36197,0.71816,0.32185,0.6655,0.45034,1.255,0.31892,0.92259,0.50482,0.76977,2.1176,0.59464,0.48176,0.85809,1.1442,0.30581,0.91353,0.29437,0.24245,1.6974,1.1858
2.0334,1.0452,0.74497,3.0166,0.44328,1.1443,1.198,0.63306,2.0812,2.094,0.23519,0.63288,0.83512,0.63564,1.2514,1.5267,0.56705,0.27449,0.34948,0.67863,0.34667,0.67245,0.44182,1.3685,0.33257,1.0654,0.4992,0.81396,2.2412,0.61112,0.5161,0.91734,1.1328,0.31163,1.0686,0.30958,0.24796,1.8411,1.121
2.1391,1.0302,0.76463,3.1024,0.45868,1.2472,1.2444,0.62901,2.1742,1.962,0.24242,0.68783,0.86469,0.70317,1.2751,1.5432,0.59477,0.32078,0.34387,0.64658,0.35346,0.66675,0.4373,1.4725,0.35287,1.1961,0.48556,0.85236,2.2995,0.59155,0.54893,0.96933,1.1108,0.31161,1.2122,0.31396,0.25404,1.9895,1.0871
2.1868,0.99066,0.78482,3.1618,0.48431,1.3146,1.2398,0.64002,2.2029,1.8905,0.23641,0.74492,0.90087,0.77195,1.2853,1.5277,0.62068,0.36468,0.33556,0.63132,0.35057,0.66291,0.43047,1.57,0.3634,1.2863,0.46912,0.8867,2.3617,0.54689,0.57816,1.0847,1.1054,0.31681,1.3171,0.31914,0.26606,2.2134,1.1012
2.1661,0.98938,0.80107,3.2345,0.5035,1.3491,1.1954,0.66152,2.1512,1.8071,0.22945,0.80096,0.92183,0.8549,1.2598,1.6449,0.64315,0.38983,0.35576,0.67822,0.34736,0.75566,0.42094,1.6607,0.41427,1.3518,0.45206,0.92011,2.3679,0.49371,0.60681,1.2028,1.1104,0.33416,1.3743,0.34677,0.28754,2.4972,1.1501
2.0735,1.0203,0.81525,3.2266,0.50704,1.3739,1.1432,0.67989,2.0494,1.7691,0.23134,0.85456,0.92587,0.96464,1.2698,1.7385,0.65594,0.39348,0.38497,0.70659,0.34501,0.84434,0.41464,1.7399,0.43214,1.4124,0.43372,0.95172,2.2689,0.44779,0.63623,1.2667,1.1209,0.34385,1.3879,0.36438,0.30837,2.7253,1.2065
1.9172,1.0598,0.82759,3.134,0.49465,1.3805,1.1892,0.69537,1.9491,1.7321,0.24363,0.9031,0.93012,1.0978,1.4599,1.7908,0.66122,0.3811,0.41401,0.70266,0.33885,0.91175,0.42785,1.8341,0.42347,1.4873,0.41473,1.0191,2.0782,0.41585,0.66318,1.3146,1.1118,0.36952,1.4724,0.37844,0.32584,2.881,1.2515
1.8203,1.1226,0.83657,2.9854,0.47075,1.3675,1.231,0.70907,1.9006,1.6977,0.25401,0.93861,0.94312,1.2479,1.5867,1.8103,0.69062,0.36175,0.43474,0.68195,0.35938,0.99063,0.44119,1.9085,0.41154,1.5881,0.39633,1.0795,1.8639,0.3968,0.68256,1.3889,1.0663,0.39052,1.4979,0.41302,0.34814,2.9631,1.2826
1.8624,1.1808,0.8449,2.8222,0.45307,1.3363,1.2782,0.72112,1.9221,1.6669,0.25614,1.0178,0.95209,1.3885,1.6258,1.8135,0.75764,0.34725,0.45051,0.66297,0.37933,1.0563,0.45165,1.9483,0.40663,1.6986,0.37811,1.1253,1.7063,0.38822,0.69152,1.5081,0.97862,0.39002,1.4475,0.43239,0.38932,3.0345,1.3077
1.8964,1.2385,0.84917,2.6873,0.43591,1.2894,1.3182,0.73155,1.9999,1.6399,0.26812,1.0847,0.9509,1.5123,1.589,1.7903,0.82955,0.32909,0.45501,0.6581,0.38658,1.0999,0.46657,1.944,0.40585,1.7883,0.35845,1.1498,1.6333,0.38868,0.69187,1.6476,0.94549,0.38182,1.3738,0.43044,0.40449,3.0716,1.3369
1.9325,1.2846,0.85309,2.611,0.41471,1.2578,1.3507,0.74126,2.1091,1.6171,0.29624,1.1228,1.0154,1.6046,1.517,1.7631,0.95583,0.30841,0.45821,0.66583,0.37935,1.1258,0.48953,1.8878,0.40115,1.8462,0.3375,1.1532,1.5995,0.39344,0.76103,1.7815,0.8674,0.40484,1.354,0.41073,0.44205,3.0541,1.3762
1.9613,1.3159,0.85232,2.5961,0.38908,1.3388,1.3789,0.74976,2.2324,1.5998,0.31861,1.133,1.0525,1.6807,1.4537,1.8999,1.0741,0.2848,0.45507,0.67814,0.35853,1.1393,0.52374,1.7873,0.38873,1.8798,0.32018,1.1386,1.5393,0.39368,0.80832,1.9064,0.85297,0.43657,1.3444,0.38775,0.47091,3.0036,1.4237
1.9834,1.3348,0.85116,2.6216,0.36913,1.4179,1.4005,0.75634,2.359,1.5867,0.34194,1.1193,1.0709,1.7212,1.4392,1.9967,1.1737,0.28364,0.43879,0.68537,0.33532,1.1443,0.56858,1.6643,0.37635,1.8972,0.3558,1.1332,1.4176,0.38155,0.81403,2.026,0.88855,0.47191,1.3235,0.41969,0.47921,2.9346,1.4725
2.008,1.3668,0.88091,2.6571,0.39547,1.492,1.4103,0.76142,2.4722,1.5768,0.37328,1.0831,1.0814,1.7418,1.471,2.0561,1.2487,0.27857,0.41085,0.68129,0.35725,1.1433,0.61709,1.5775,0.36436,1.9063,0.38661,1.1228,1.4264,0.3595,0.79082,2.1294,0.90799,0.5035,1.4406,0.44767,0.4746,2.862,1.515
2.0262,1.3688,0.89632,2.678,0.43687,1.5575,1.4031,0.76394,2.5493,1.5708,0.41318,1.0332,1.1444,1.7448,1.5289,2.0711,1.2916,0.26637,0.37718,0.66336,0.37406,1.1461,0.66306,1.5061,0.37409,1.9206,0.4135,1.1208,1.489,0.37494,0.76815,2.1921,0.92523,0.52973,1.5363,0.47099,0.46632,2.7894,1.5465
2.121,1.2802,0.90694,2.6709,0.49947,1.6124,1.3777,0.76334,2.5783,1.5761,0.45439,0.98318,1.2625,1.7331,1.5866,2.0422,1.3043,0.2506,0.34537,0.63436,0.38808,1.2643,0.69897,1.448,0.39127,1.953,0.43765,1.144,1.5638,0.39066,0.77476,2.19,1.0123,0.56586,1.5728,0.48847,0.45486,2.7415,1.5657
2.2806,1.2461,0.90812,2.6359,0.54801,1.6554,1.474,0.7597,2.5699,1.5889,0.4857,0.92577,1.3892,1.7198,1.6303,1.9956,1.2982,0.24301,0.32099,0.60099,0.39829,1.3905,0.72158,1.4192,0.41578,2.0456,0.45995,1.165,1.634,0.40913,0.81668,2.1255,1.0925,0.59977,1.5668,0.49922,0.47329,2.76,1.5775
2.5098,1.1861,0.919,2.5869,0.59985,1.6861,1.6117,0.75312,2.5522,1.6042,0.4976,0.91646,1.5155,1.7071,1.6488,1.9704,1.2863,0.26294,0.33644,0.61712,0.40283,1.4723,0.7331,1.4362,0.45635,2.2303,0.48064,1.1835,1.7012,0.45319,0.87905,2.0559,1.1251,0.65921,1.5541,0.50266,0.51604,2.7881,1.5911
2.653,1.1321,0.95355,2.5579,0.6308,1.7053,1.7125,0.74323,2.5525,1.6217,0.48889,0.94143,1.6356,1.6936,1.638,1.9971,1.2718,0.27698,0.36205,0.64279,0.39928,1.5096,0.73931,1.4963,0.49515,2.4872,0.49964,1.1975,1.7666,0.49787,0.93989,1.9791,1.1132,0.72296,1.5452,0.49801,0.54231,2.8162,1.6196
2.662,1.0965,1.0119,2.5774,0.64328,1.7136,1.7769,0.73032,2.58,1.6415,0.47015,0.98582,1.747,1.6972,1.5954,2.0569,1.2932,0.28889,0.38581,0.66594,0.40649,1.5048,0.74516,1.577,0.53078,2.7641,0.51692,1.2054,1.8307,0.53378,0.98191,1.8774,1.0698,0.7833,1.5276,0.4853,0.54529,2.837,1.6743
2.5516,1.0704,1.0725,2.6369,0.64395,1.8623,1.8172,0.71479,2.6269,1.6638,0.4551,1.0372,1.847,1.7091,1.5215,2.1156,1.3044,0.31696,0.4047,0.68486,0.43532,1.4619,0.7504,1.6662,0.56072,2.9958,0.53242,1.2067,1.8924,0.55697,1.0235,1.8321,1.0164,0.83652,1.6478,0.46645,0.53011,2.8452,1.7619
2.3969,1.0358,1.1187,2.6945,0.64223,2.0046,1.9523,0.69733,2.6795,1.6889,0.44777,1.0967,1.9355,1.7256,1.4236,2.156,1.3084,0.3373,0.41871,0.69429,0.44856,1.3882,0.75272,1.7753,0.58141,3.1435,0.54549,1.2013,1.9495,0.56377,1.0889,1.8461,0.94874,0.88033,1.7264,0.44588,0.53703,2.8352,1.8813
2.2783,1.0032,1.1429,2.7383,0.64801,2.124,2.0523,0.67826,2.7271,1.7173,0.44291,1.1701,2.0078,1.7445,1.3164,2.1951,1.3262,0.3455,0.42836,0.68932,0.44725,1.3028,0.7501,1.8954,0.58969,3.1927,0.55578,1.1909,1.9995,0.57503,1.1885,1.8891,1.0318,0.91273,1.7472,0.42882,0.53025,2.8045,2.0238
2.3422,0.94162,1.1245,2.8357,0.66825,2.2155,2.1123,0.6579,2.7637,1.784,0.43761,1.2971,2.0565,1.7756,1.2315,2.3595,1.3557,0.34375,0.43434,0.66913,0.45018,1.2944,0.74341,2.0244,0.58425,3.15,0.56441,1.177,2.0402,0.62866,1.3048,1.9569,1.0873,0.93369,1.7131,0.41879,0.51298,2.7528,2.1774
2.4051,0.94652,1.0681,2.9496,0.70364,2.2768,2.237,0.65059,2.7835,1.8994,0.43509,1.4248,2.0815,1.8119,1.2549,2.5532,1.3804,0.3803,0.43729,0.63766,0.44019,1.2907,0.7356,2.1472,0.56695,3.034,0.57289,1.158,2.0698,0.65765,1.4471,2.0839,1.1117,0.98845,1.6422,0.4152,0.49065,2.6807,2.3294
2.4666,0.94764,0.99283,3.0423,0.75994,2.3085,2.3645,0.66285,2.782,2.0181,0.44032,1.5447,2.0817,1.8819,1.2715,2.7349,1.3866,0.40781,0.43814,0.60247,0.42321,1.2848,0.73014,2.2506,0.54219,2.871,0.58286,1.1346,2.087,0.66104,1.5967,2.2005,1.1142,1.0594,1.5539,0.41442,0.46869,2.5895,2.4698
2.5265,0.9228,0.96391,3.1122,0.82135,2.3544,2.4598,0.68578,2.7545,2.1376,0.46152,1.6509,2.0568,1.9557,1.282,2.8992,1.3729,0.42885,0.44331,0.57319,0.40393,1.276,0.72868,2.3279,0.5147,2.7534,0.61827,1.1078,2.0929,0.6447,1.7486,2.2517,1.0945,1.1099,1.4633,0.41263,0.45031,2.5049,2.6284
2.7195,0.94161,0.9754,3.2037,0.87474,2.3879,2.5288,0.73493,2.7449,2.2558,0.4956,1.7306,2.0123,2.0462,1.2858,3.0366,1.3514,0.44849,0.47171,0.55735,0.38434,1.3937,0.73044,2.3789,0.48823,2.7249,0.66545,1.0735,2.1444,0.62552,1.9074,2.2798,1.0664,1.143,1.3796,0.44351,0.46591,2.4657,2.8203
2.942,0.97353,0.98079,3.2498,0.91504,2.3971,2.5851,0.78016,2.8115,2.3942,0.53363,1.7709,1.9534,2.131,1.2815,3.1354,1.3345,0.47067,0.49919,0.5582,0.36433,1.5432,0.74067,2.405,0.46498,2.6956,0.71263,1.0328,2.2159,0.63484,2.0969,2.3963,1.0286,1.1596,1.3069,0.46969,0.50213,2.5277,2.9887
3.1729,1.0178,0.97974,3.2487,0.94143,2.3842,2.6395,0.84102,2.8449,2.5281,0.57053,1.757,1.8817,2.2257,1.3265,3.1876,1.3256,0.49559,0.52204,0.57287,0.3668,1.7042,0.7767,2.4073,0.44859,2.6806,0.75878,0.98671,2.2732,0.63348,2.2733,2.5094,0.98767,1.1635,1.2478,0.47918,0.52929,2.6347,3.1302
3.3963,1.081,1.0218,3.2036,0.95628,2.3514,2.6951,0.90055,2.8526,2.6544,0.60031,1.6879,1.8042,2.301,1.3561,3.1936,1.318,0.52086,0.54007,0.59384,0.36992,1.855,0.78886,2.388,0.44102,2.6893,0.80157,1.0127,2.3146,0.62765,2.4302,2.6199,0.94785,1.1579,1.2047,0.4705,0.5494,2.7399,3.2435
3.5986,1.1349,1.0789,3.1225,0.96277,2.299,2.7481,0.95498,2.8451,2.77,0.61932,1.5799,1.7194,2.3698,1.3541,3.1617,1.3984,0.54429,0.56554,0.61248,0.37335,1.9933,0.78314,2.3513,0.4432,2.7139,0.83887,1.0348,2.34,0.62177,2.57,2.8963,0.90808,1.1416,1.1811,0.48954,0.55703,2.8411,3.3293
3.7719,1.1734,1.1091,3.018,0.96374,2.2279,2.7914,1.0018,2.8349,2.8714,0.62778,1.4611,1.637,2.416,1.3785,3.105,1.5048,0.56485,0.59583,0.62162,0.39784,2.1144,0.76989,2.3037,0.48692,2.7423,0.86909,1.0494,2.3603,0.6183,2.6882,3.2113,0.86976,1.1122,1.1777,0.49787,0.54959,2.9375,3.3891
3.9017,1.1947,1.1032,2.9064,0.95954,2.1399,2.8249,1.0394,2.8365,2.9555,0.62831,1.3915,1.5497,2.4413,1.4165,3.1227,1.5949,0.58229,0.6279,0.6165,0.43289,2.219,0.75801,2.2497,0.55284,2.7617,0.89093,1.0591,2.411,0.61826,2.7807,3.4774,0.83837,1.0749,1.1924,0.49311,0.52976,3.0268,3.4254
3.9844,1.1988,1.0623,2.8523,0.94986,2.0371,2.8616,1.0676,2.8593,3.0206,0.62291,1.3751,1.4602,2.4532,1.4201,3.1655,1.665,0.59595,0.66179,0.59501,0.46989,2.3104,0.74833,2.1945,0.62002,2.7676,0.94364,1.0636,2.4578,0.62218,2.8413,3.7089,0.89604,1.0295,1.2198,0.48272,0.51569,3.1077,3.4446
4.0156,1.1852,1.0322,2.9635,0.93452,1.9456,2.8909,1.0865,2.9066,3.0654,0.61152,1.402,1.4092,2.4395,1.3919,3.1934,1.7222,0.60396,0.6953,0.56276,0.50572,2.4189,0.73537,2.1406,0.68262,2.7608,1.0136,1.0619,2.5006,0.63021,2.8699,4.0617,0.95124,0.99335,1.2523,0.49153,0.50739,3.1771,3.4533
3.992,1.1548,0.97691,3.0718,0.92518,1.9114,2.9212,1.0952,2.971,3.0889,0.59307,1.4615,1.4191,2.4635,1.3388,3.2073,1.7794,0.60552,0.72495,0.57281,0.5384,2.5211,0.71147,2.0901,0.73539,2.7536,1.0623,1.0564,2.5404,0.64204,2.8701,4.4029,1.0052,0.95681,1.3462,0.50568,0.50344,3.234,3.4596
3.9159,1.1115,0.93956,3.1773,0.93902,1.9504,2.9603,1.0985,3.0359,3.0908,0.57976,1.5327,1.4166,2.6143,1.3897,3.209,1.8483,0.60141,0.74796,0.57922,0.56565,2.6076,0.67542,2.0438,0.77462,2.7695,1.0877,1.0503,2.5771,0.65713,2.8405,4.7119,1.0604,0.91903,1.4588,0.51952,0.52066,3.275,3.4719
3.7929,1.0626,0.98366,3.2802,0.96835,1.9898,3.0203,1.096,3.1277,3.0713,0.57528,1.5956,1.4055,2.7346,1.4913,3.1982,1.9361,0.59439,0.76303,0.58268,0.58607,2.672,0.68882,2.0009,0.81456,2.8184,1.0908,1.0419,2.6111,0.67415,2.7899,4.9921,1.1174,0.88363,1.586,0.53035,0.52981,3.2995,3.4957
3.9144,1.0184,1.0278,3.3805,0.99358,2.0291,3.097,1.0859,3.2208,3.0325,0.56687,1.6394,1.3893,2.8286,1.5869,3.173,2.0451,0.58794,0.77672,0.5836,0.59872,2.7067,0.6866,1.9602,0.85522,2.9075,1.0747,1.0324,2.6426,0.69076,2.7238,5.2408,1.175,0.86061,1.7218,0.5365,0.53126,3.3063,3.5354
4.0537,0.98519,1.0719,3.4784,1.0149,2.0682,3.1877,1.072,3.2735,2.9748,0.5821,1.6653,1.3738,2.9023,1.6771,3.1306,2.1746,0.58583,0.8077,0.5824,0.60327,2.7055,0.69715,1.9207,0.88709,3.0188,1.043,1.0222,2.6717,0.70374,2.6495,5.4389,1.2341,0.83108,1.8603,0.53696,0.52444,3.2945,3.5934
4.1753,0.96549,1.1136,3.5739,1.0313,2.1074,3.2814,1.0677,3.2749,2.8998,0.61301,1.679,1.3623,2.9658,1.7627,3.0691,2.3216,0.59087,0.8774,0.57981,0.59949,2.6659,0.72645,1.8825,0.93147,3.1365,0.99934,1.0138,2.6972,0.73182,2.5755,5.5653,1.2925,0.81512,1.995,0.53129,0.51187,3.2661,3.6682
4.2767,0.95502,1.1466,3.8242,1.0409,2.1464,3.3668,1.0625,3.4268,2.8101,0.6506,1.6881,1.3597,3.0274,1.8446,2.9883,2.4817,0.60398,0.94011,0.57589,0.58772,2.5896,0.74781,1.8472,0.98171,3.2345,0.94841,1.0108,2.719,0.78304,2.5091,5.6094,1.3528,0.83234,2.12,0.51918,0.51858,3.2205,3.7563
4.3569,0.94869,1.167,4.1448,1.042,2.1849,3.4381,1.0605,3.7206,2.7074,0.68515,1.6984,1.3674,3.1019,1.9229,2.8897,2.6492,0.62289,1.0003,0.57094,0.56865,2.482,0.75874,1.8149,1.0291,3.2982,0.89593,1.017,2.7348,0.82868,2.498,5.5779,1.4204,0.8512,2.2297,0.50044,0.53515,3.1594,3.8539
4.4097,0.94329,1.1701,4.4701,1.0334,2.2233,3.497,1.0587,3.9414,2.6573,0.70802,1.7115,1.3878,3.1764,1.9993,2.7753,2.821,0.64312,1.0609,0.56621,0.54323,2.3537,0.75771,1.7917,1.0763,3.3228,0.84692,1.0233,2.7698,0.86532,2.5692,5.5004,1.4885,0.86798,2.3198,0.48168,0.54553,3.085,3.9544
4.4371,0.93884,1.1503,4.7862,1.0152,2.2612,3.5453,1.0534,4.089,2.6965,0.71426,1.7265,1.4222,3.2404,2.0733,2.6469,2.9928,0.65967,1.1192,0.56866,0.52427,2.2181,0.7441,1.7763,1.1254,3.3131,0.8047,1.029,2.8249,0.89031,2.6834,5.4037,1.5514,0.8845,2.3872,0.50395,0.54958,2.9994,4.053
4.4387,0.93633,1.1067,5.0837,0.98804,2.2983,3.5894,1.0428,4.1777,2.735,0.73455,1.746,1.4677,3.3078,2.1427,2.5982,3.16,0.66951,1.1827,0.56417,0.5408,2.0896,0.73515,1.7734,1.1773,3.2802,0.77014,1.0332,2.8764,0.90232,2.8378,5.3389,1.6059,0.9006,2.43,0.52669,0.57411,2.9047,4.1435
4.4366,0.93568,1.0495,5.3531,0.9718,2.3341,3.6358,1.0258,4.2287,2.7731,0.76756,1.7837,1.5218,3.3983,2.2062,2.5568,3.3153,0.67162,1.2471,0.55307,0.55504,1.9807,0.73112,1.7861,1.2326,3.2365,0.74223,1.037,2.924,0.9017,3.0223,5.3306,1.6522,0.91315,2.4485,0.5499,0.60477,2.8028,4.2207
4.5254,0.93671,0.99209,5.5873,0.9686,2.3684,3.6915,1.0042,4.2679,2.812,0.78988,1.8,1.5846,3.47,2.262,2.5069,3.4504,0.66663,1.2892,0.54304,0.56727,1.9007,0.71706,1.7914,1.2919,3.191,0.71881,1.0386,2.9679,0.90611,3.2205,5.3874,1.693,0.92025,2.4453,0.5732,0.63139,2.6957,4.2803
4.5966,0.9392,0.94585,5.7802,0.95635,2.4008,3.7545,0.99729,4.3963,2.8505,0.8029,1.8072,1.6501,3.5372,2.3077,2.4883,3.5591,0.65619,1.3024,0.56682,0.57813,1.852,0.69523,1.7899,1.3548,3.1467,0.69692,1.0374,3.0089,0.91117,3.4151,5.4877,1.7306,0.92322,2.4227,0.59596,0.65234,2.6172,4.3194
4.6499,0.95911,0.96824,5.9286,0.93533,2.431,3.8183,0.99343,4.5159,2.8888,0.80902,1.8166,1.7179,3.586,2.3407,2.5662,3.6383,0.64174,1.2854,0.5864,0.59569,1.8302,0.66846,1.7841,1.4202,3.1009,0.6742,1.0331,3.0465,0.90703,3.5881,5.6051,1.7594,0.94508,2.3852,0.61832,0.68897,2.5676,4.3353
4.6857,1.0123,0.99506,6.0298,0.95871,2.4589,3.8754,1.0103,4.6457,2.9279,0.81172,1.8401,1.7828,3.61,2.3585,2.6453,3.6876,0.62426,1.2425,0.60167,0.6265,1.8263,0.63906,1.7764,1.4857,3.0468,0.67,1.0276,3.0808,0.89533,3.7276,5.833,1.7774,0.97273,2.3372,0.64017,0.72464,2.5138,4.3266
4.7055,1.0743,1.0099,6.0827,1.0409,2.4837,3.9168,1.0254,4.9038,2.9665,0.81382,1.8727,1.8431,3.6299,2.5102,2.7061,3.7094,0.60455,1.1814,0.61254,0.65503,1.8289,0.60891,1.7685,1.5477,2.9774,0.71423,1.0196,3.112,0.87754,3.8805,6.0351,1.7844,0.99325,2.3072,0.66107,0.74237,2.456,4.3085
4.7106,1.1208,1.0236,6.0883,1.1037,2.5051,3.9347,1.0386,5.201,3.0054,0.81777,1.9086,1.8974,3.6631,2.6591,2.7681,3.7041,0.58305,1.1127,0.61939,0.68075,1.8283,0.58001,1.761,1.6023,2.947,0.76634,1.0091,3.1403,0.85532,3.9934,6.364,1.7838,1.0412,2.3009,0.68062,0.74263,2.3951,4.3288
4.7015,1.1739,1.043,6.0612,1.1446,2.5229,3.9241,1.0501,5.5129,3.0446,0.82499,1.9454,1.942,3.6868,2.8793,2.8168,3.6739,0.55999,1.0476,0.62185,0.70374,1.8162,0.55406,1.7532,1.6457,2.8995,0.82123,0.99655,3.1665,0.83048,4.0604,6.7021,1.7759,1.1151,2.285,0.69823,0.731,2.3362,4.3213
4.6782,1.2434,1.0516,6.2578,1.1639,2.5369,3.8881,1.0601,5.8116,3.0831,0.83627,1.9719,1.9768,3.7018,3.1092,2.8807,3.619,0.55326,1.0389,0.62054,0.72404,1.7881,0.53691,1.7435,1.6749,3.0238,0.87426,0.98233,3.1901,0.81609,4.0801,6.9276,1.7653,1.1903,2.2634,0.71348,0.71516,2.3986,4.2874
4.6399,1.3258,1.0511,6.3874,1.1637,2.5468,3.9295,1.0686,6.0741,3.1222,0.85123,2.0007,2.0004,3.7088,3.3001,3.0757,3.5411,0.56049,1.0709,0.61516,0.74224,1.7424,0.53614,1.73,1.6877,3.1295,0.92157,0.96787,3.2114,0.822,4.0611,7.0196,1.7525,1.2556,2.2404,0.72516,0.70736,2.4503,4.2297
4.5855,1.4182,1.046,6.4491,1.1463,2.5528,4.0208,1.0756,6.2834,3.1608,0.87121,2.0296,2.0131,3.6953,3.4414,3.2726,3.4817,0.56596,1.0996,0.60623,0.75914,1.6803,0.53739,1.7452,1.6835,3.2012,0.96037,0.95296,3.2304,0.83023,4.0174,6.9715,1.7422,1.3033,2.2203,0.73357,0.74308,2.4921,4.152
4.5191,1.5156,1.0396,6.4441,1.1131,2.5549,4.0904,1.0811,6.5361,3.199,0.90963,2.0605,2.0707,3.6833,3.5289,3.469,3.4186,0.56975,1.1236,0.59361,0.775,1.6049,0.54087,1.7707,1.6632,3.2445,0.98922,0.93759,3.2473,0.83916,3.9581,6.9217,1.7368,1.33,2.2092,0.73581,0.77935,2.5253,4.059
4.4374,1.6161,1.0336,6.3853,1.0657,2.5527,4.1436,1.0857,6.8078,3.2372,0.94684,2.0934,2.134,3.6487,3.5632,3.6627,3.3395,0.57185,1.1425,0.60816,0.78972,1.5212,0.56068,1.7962,1.6291,3.2682,1.0083,0.94265,3.2619,0.84885,3.8967,6.9113,1.7368,1.3381,2.2135,0.72745,0.81473,2.5519,3.9549
4.3391,1.7139,1.0281,6.279,1.0266,2.546,4.1861,1.0889,7.0174,3.2743,0.98197,2.1275,2.185,3.6123,3.5515,3.8514,3.251,0.57221,1.1556,0.6149,0.80349,1.435,0.58888,1.8212,1.5846,3.2822,1.0197,0.95337,3.2746,0.85921,3.8461,7.0413,1.7432,1.3326,2.2389,0.70755,0.8476,2.5728,3.8462
4.2297,1.8054,1.0223,6.1128,1.0413,2.535,4.2225,1.0913,7.1651,3.3116,1.0134,2.1595,2.2228,3.5563,3.4963,4.0332,3.1612,0.57094,1.1629,0.61161,0.81662,1.361,0.61775,1.8458,1.5348,3.2959,1.0263,0.96294,3.2858,0.86922,3.8163,7.077,1.7562,1.3193,2.2893,0.68036,0.8777,2.589,3.7372
4.1085,1.886,1.0172,5.8907,1.0526,2.5199,4.2564,1.0926,7.2516,3.3475,1.0401,2.1866,2.2498,3.5016,3.4032,4.2051,3.0791,0.56844,1.1648,0.5988,0.82929,1.2881,0.64354,1.8703,1.4852,3.3169,1.0318,0.97115,3.295,0.87809,3.8087,7.0236,1.7748,1.3047,2.3658,0.66337,0.90684,2.6012,3.6331
3.9736,1.9515,1.0579,5.7461,1.0589,2.6321,4.2927,1.093,7.2994,3.3834,1.0757,2.2076,2.2758,3.4289,3.2809,4.365,3.0121,0.56542,1.1616,0.57944,0.84155,1.2214,0.66443,1.895,1.4422,3.3513,1.0394,0.97836,3.3022,0.88486,3.826,6.8831,1.7994,1.2933,2.4659,0.64644,0.93731,2.6102,3.538
4.1326,2.0008,1.1247,5.7777,1.0599,2.7389,4.3292,1.0927,7.3552,3.4386,1.1202,2.222,2.3106,3.3615,3.1392,4.512,2.9679,0.56243,1.1752,0.5794,0.85367,1.1654,0.67918,1.9204,1.4118,3.4014,1.0514,0.9849,3.3074,0.88842,3.8604,6.6644,1.8258,1.2888,2.5836,0.65769,0.9681,2.6163,3.4557
4.2769,2.0363,1.1899,5.8248,1.0548,2.8054,4.3678,1.0916,7.3655,3.4979,1.1576,2.23,2.3331,3.2835,2.9905,4.6456,2.9513,0.55998,1.1871,0.57698,0.86625,1.1301,0.68715,1.9464,1.3984,3.4637,1.0691,0.99108,3.3112,0.89252,3.9019,6.3782,1.8512,1.3055,2.7111,0.68751,0.9966,2.6199,3.3895
4.397,2.0631,1.2555,5.8613,1.0428,2.8351,4.4079,1.09,7.3344,3.5543,1.1882,2.2329,2.3438,3.2032,2.8443,4.7657,2.9653,0.55814,1.1958,0.57235,0.87947,1.1066,0.68821,1.9732,1.4043,3.5375,1.0923,0.99753,3.3135,0.89301,4.0079,6.0431,1.8729,1.3202,2.8937,0.71159,1.0213,2.621,3.3406
4.4979,2.0865,1.3226,5.8876,1.0318,2.8632,4.4474,1.0876,7.2656,3.736,1.2352,2.2295,2.3433,3.1257,2.7104,4.8731,3.0102,0.55656,1.2015,0.56589,0.91233,1.0917,0.68316,2.0351,1.4283,3.6168,1.1195,1.0049,3.3137,0.88947,4.192,5.8281,1.8913,1.3321,3.0794,0.73382,1.0423,2.6198,3.3101
4.5767,2.1102,1.3912,5.9026,1.0386,2.8515,4.4853,1.0849,7.1635,3.9635,1.2911,2.2187,2.3324,3.0414,2.6112,5.0588,3.084,0.55454,1.2045,0.55775,0.95445,1.0817,0.67302,2.1083,1.467,3.6969,1.1485,1.0126,3.3122,0.88199,4.3293,5.8651,1.9006,1.3384,3.2558,0.75692,1.0596,2.6165,3.2979
4.6346,2.135,1.4594,5.9081,1.0529,2.8695,4.5206,1.0817,7.0315,4.1881,1.3383,2.2,2.3117,2.9616,2.5527,5.2814,3.183,0.55101,1.2052,0.54835,0.99907,1.0734,0.69692,2.1854,1.515,3.7745,1.1763,1.0207,3.3098,0.8706,4.4115,5.8983,1.9004,1.3407,3.4172,0.78231,1.0732,2.6113,3.303
4.674,2.1589,1.5238,5.9024,1.0643,2.8744,4.5525,1.0781,6.8768,4.4085,1.377,2.1753,2.282,2.8816,2.5076,5.4474,3.3015,0.54533,1.2072,0.53801,1.0457,1.0638,0.7311,2.2656,1.5665,3.8469,1.1999,1.0294,3.3054,0.85532,4.427,5.9242,1.8903,1.3403,3.5587,0.80933,1.0829,2.6045,3.3232
4.6981,2.1774,1.5825,5.8869,1.072,2.8662,4.5805,1.0742,6.7022,4.6234,1.407,2.1458,2.244,2.7966,2.4686,5.5461,3.4337,0.53716,1.2186,0.52693,1.0904,1.0517,0.76474,2.3479,1.6158,3.9117,1.2166,1.0387,3.2993,0.8363,4.3683,5.9417,1.8672,1.3417,3.6776,0.83614,1.089,2.5963,3.356
4.7064,2.1843,1.6332,5.9073,1.0752,2.8451,4.6042,1.0701,6.512,4.8317,1.4282,2.1133,2.199,2.7384,2.4273,5.5779,3.5723,0.52711,1.2201,0.51542,1.1326,1.0361,0.79775,2.4308,1.6579,3.9673,1.224,1.0486,3.2926,0.81332,4.2507,5.9505,1.8347,1.3475,3.7717,0.85966,1.0909,2.5873,3.3986
4.7008,2.1752,1.6752,5.9793,1.0739,2.8117,4.6234,1.0657,6.3091,5.033,1.4406,2.0847,2.1484,2.6953,2.3752,5.5532,3.7104,0.51584,1.2128,0.50371,1.1723,1.0174,0.82997,2.5129,1.6886,4.0137,1.2215,1.0592,3.2841,0.78693,4.4678,5.9522,1.7893,1.3548,3.8403,0.87658,1.1554,2.5916,3.4487
4.687,2.1485,1.7083,6.0475,1.0793,2.7669,4.6375,1.0613,6.0956,5.2262,1.4706,2.0873,2.0917,2.6478,2.3761,5.4903,3.8416,0.50418,1.1977,0.49196,1.2093,0.99879,0.86115,2.5932,1.7052,4.0494,1.2091,1.0704,3.2739,0.78066,4.6575,5.9611,1.7488,1.3621,3.8832,0.88477,1.2194,2.6057,3.5026
4.6627,2.1056,1.7335,6.1116,1.11,2.7121,4.6475,1.0567,5.8739,5.4101,1.4942,2.143,2.0303,2.5973,2.4684,5.4651,3.9618,0.4938,1.1862,0.48609,1.2436,0.98112,0.89112,2.6697,1.7062,4.072,1.1878,1.0821,3.2631,0.77461,4.8076,5.9772,1.7585,1.3675,3.9005,0.88323,1.2702,2.6232,3.5588
4.6299,2.0793,1.7511,6.1713,1.1353,2.6494,4.6512,1.0521,5.6433,5.5857,1.5103,2.1811,1.967,2.5503,2.569,5.533,4.0669,0.49051,1.1817,0.48328,1.2749,0.96174,0.91942,2.7417,1.6912,4.0813,1.1598,1.094,3.2508,0.76551,4.9171,5.9876,1.7641,1.3686,3.8926,0.87214,1.3072,2.6394,3.6143
4.5901,2.0468,1.7624,6.2266,1.1557,2.5805,4.6476,1.0476,5.4042,5.7506,1.5206,2.2027,1.9261,2.4989,2.6723,5.6037,4.157,0.4924,1.1771,0.48086,1.3034,0.95593,0.94569,2.8074,1.6617,4.0714,1.1282,1.1117,3.2369,0.75368,4.9915,5.9931,1.7682,1.3624,3.8607,0.85988,1.3311,2.6375,3.6676
4.5415,2.0123,1.7692,6.2776,1.1719,2.5131,4.6355,1.0431,5.2516,5.9064,1.5263,2.2081,1.8921,2.4441,2.7714,5.6784,4.2324,0.4953,1.1726,0.47881,1.329,0.95223,0.96972,2.866,1.6203,4.0398,1.097,1.1412,3.2224,0.73931,5.079,5.9943,1.7724,1.3508,3.8058,0.84749,1.3424,2.6181,3.7176
4.4849,1.9824,1.7713,6.3241,1.185,2.5325,4.6137,1.0389,5.2102,6.051,1.5286,2.1985,1.8523,2.3865,2.8636,5.7571,4.2957,0.49928,1.1681,0.47749,1.3516,0.94804,0.99135,2.9167,1.5708,3.9853,1.0704,1.1701,3.2065,0.72318,5.1654,5.9915,1.7764,1.3494,3.7298,0.83065,1.3432,2.5822,3.7636
4.4208,1.9605,1.7691,6.3662,1.1956,2.625,4.5815,1.0348,5.1666,6.1852,1.5283,2.1763,1.8269,2.3304,2.945,5.8393,4.3507,0.50438,1.1637,0.48016,1.3712,0.95498,1.0103,2.9587,1.5181,3.9321,1.0522,1.1996,3.189,0.70568,5.2382,5.9846,1.78,1.3466,3.6354,0.8118,1.335,2.5529,3.8055
4.3522,1.948,1.762,6.4036,1.2038,2.7202,4.5383,1.0309,5.1191,6.3082,1.5257,2.1487,1.8034,2.2762,3.0113,5.9259,4.4009,0.51072,1.1591,0.48159,1.3879,0.97338,1.0269,3.0273,1.4671,3.884,1.0451,1.2279,3.1711,0.69446,5.2979,5.9739,1.7799,1.339,3.5255,0.79342,1.3186,2.5612,3.843
4.279,1.9542,1.749,6.4367,1.2094,2.8104,4.4854,1.0274,5.066,6.4196,1.5241,2.1216,1.7789,2.2212,3.0594,6.2095,4.4497,0.51828,1.1543,0.4817,1.4018,0.99144,1.103,3.1413,1.4227,3.8104,1.0505,1.2548,3.1518,0.70432,5.3489,5.9989,1.7822,1.3266,3.4035,0.77677,1.2952,2.5736,3.8754
4.2021,2.036,1.7265,6.4654,1.2116,2.8901,4.4232,1.0243,5.0402,6.5205,1.594,2.1093,1.7528,2.1664,3.0875,6.5048,4.5006,0.52716,1.1489,0.48055,1.4131,1.0178,1.1826,3.2485,1.3889,3.7149,1.0675,1.2808,3.1311,0.71319,5.3925,6.2442,1.8388,1.3157,3.2735,0.76241,1.2665,2.59,3.9026
4.123,2.1173,1.6932,6.4899,1.2103,2.9544,4.3523,1.0215,5.0567,6.6095,1.6609,2.1165,1.7248,2.1121,3.0948,6.7844,4.556,0.53753,1.1428,0.47833,1.4221,1.042,1.2589,3.3486,1.3682,3.6028,1.0937,1.306,3.1099,0.7216,5.4237,6.5082,1.8969,1.3044,3.1403,0.75046,1.2328,2.6104,3.9235
4.0457,2.1833,1.6625,6.5101,1.2053,3.0007,4.2745,1.0192,5.0694,6.6871,1.7213,2.156,1.6979,2.0588,3.0819,7.0246,4.6174,0.54948,1.1359,0.47492,1.4289,1.0632,1.3309,3.4409,1.3613,3.4857,1.1255,1.3292,3.0876,0.74391,5.444,6.7687,1.954,1.2923,3.0097,0.74085,1.1935,2.668,3.9418
3.9685,2.2279,1.6296,6.5262,1.1969,3.0273,4.1933,1.0175,5.0776,6.7544,1.7718,2.2283,1.6699,2.0067,3.0758,7.2066,4.6855,0.56312,1.1285,0.47537,1.4341,1.081,1.3973,3.5252,1.3672,3.371,1.1591,1.35,3.0642,0.7691,5.5146,7.0019,2.0057,1.2803,2.8885,0.73371,1.1478,2.7519,3.9748
3.8937,2.2468,1.5923,6.5383,1.1852,3.0346,4.112,1.0163,5.0795,6.8108,1.8097,2.329,1.6411,1.9558,3.1001,7.3178,4.7608,0.57844,1.1203,0.47616,1.4379,1.0952,1.4576,3.6008,1.3831,3.3391,1.1908,1.3701,3.0398,0.78964,5.5764,7.1935,2.0496,1.2694,2.7837,0.7292,1.0955,2.8354,4.0016
3.8232,2.2401,1.5533,6.5465,1.1708,3.0244,4.0312,1.0157,5.0752,6.8565,1.8332,2.4478,1.6134,1.9067,3.1374,7.3533,4.8429,0.59518,1.1115,0.47701,1.4412,1.1081,1.5114,3.6684,1.4055,3.4225,1.2173,1.3877,3.015,0.8052,5.6225,7.3246,2.0846,1.2595,2.7026,0.72719,1.0385,2.9183,4.0208
3.7566,2.2099,1.5161,6.5508,1.1542,2.9988,3.9574,1.0158,5.0641,6.8923,1.8413,2.5717,1.586,1.8603,3.1745,7.3101,4.9313,0.61306,1.1227,0.49254,1.4447,1.155,1.5584,3.727,1.4308,3.5516,1.236,1.4025,2.9892,0.81574,5.6444,7.398,2.1108,1.251,2.6511,0.72715,0.99058,3.0005,4.0615
3.6962,2.1574,1.4829,6.5515,1.1358,2.9607,3.8895,1.0165,5.0458,6.9193,1.8341,2.6888,1.5585,1.8147,3.2078,7.1867,5.025,0.63198,1.1875,0.514,1.4489,1.2019,1.5986,3.777,1.4557,3.664,1.2455,1.4183,2.9624,0.82127,5.641,7.4108,2.1288,1.2442,2.633,0.72805,0.97864,3.0816,4.1086
3.6421,2.0867,1.4548,6.5486,1.1161,2.9135,3.8318,1.0178,5.0216,6.9393,1.8397,2.7892,1.531,1.7699,3.2406,7.1443,5.1229,0.65133,1.2573,0.53571,1.4529,1.2475,1.6324,3.8187,1.4777,3.7569,1.245,1.473,2.9347,0.82225,5.6261,7.3807,2.1405,1.2392,2.6493,0.72869,1.0029,3.1615,4.1519
3.5946,2.0221,1.4317,6.5423,1.0953,2.8602,3.785,1.0199,4.9908,6.9558,1.831,2.8656,1.5048,1.7261,3.2696,7.3297,5.2236,0.67099,1.3304,0.55568,1.4565,1.291,1.6599,3.8516,1.4949,3.8313,1.2348,1.5257,2.9064,0.81906,5.6344,7.3422,2.1473,1.2357,2.6986,0.72756,1.0704,3.2397,4.192
3.5553,2.0121,1.4123,6.5327,1.0737,2.8037,3.7488,1.0227,4.9553,6.9721,1.8154,2.9152,1.479,1.6836,3.2969,7.5117,5.3261,0.69042,1.4051,0.57378,1.4597,1.3316,1.6814,3.8765,1.5065,3.8859,1.2161,1.5767,2.8776,0.81208,5.6176,7.3383,2.1512,1.2331,2.7756,0.7237,1.1321,3.3155,4.2288
3.5251,1.9927,1.4069,6.52,1.0513,2.7464,3.7234,1.0262,4.915,6.9875,1.8621,2.972,1.4533,1.6609,3.3219,7.6898,5.4294,0.70952,1.4799,0.59017,1.4625,1.3685,1.6973,3.8935,1.5123,3.9199,1.1898,1.6247,2.8758,0.80504,5.5766,7.3313,2.175,1.238,2.8741,0.71644,1.1855,3.3882,4.2622
3.5036,1.9584,1.3985,6.5042,1.028,2.6899,3.7094,1.0305,4.8716,7.0001,1.9266,3.0223,1.4986,1.6546,3.3443,7.8636,5.5322,0.72796,1.5536,0.60455,1.4651,1.4015,1.7079,3.9026,1.513,3.9877,1.1569,1.6707,2.8982,0.81649,5.5139,7.3362,2.2336,1.2603,2.9868,0.71045,1.2289,3.4577,4.2927
3.4915,1.9309,1.3855,6.4857,1.0038,2.6358,3.7038,1.0355,4.8254,7.0072,1.9861,3.1399,1.5496,1.647,3.3657,8.0323,5.6341,0.74547,1.6252,0.61699,1.4675,1.4302,1.7132,3.9043,1.5096,4.2307,1.1181,1.7128,2.92,0.82898,5.4333,7.3647,2.2895,1.284,3.1063,0.71264,1.2616,3.5226,4.3205
3.4889,1.9666,1.3672,6.4646,0.97818,2.5849,3.7048,1.0411,4.778,7.0087,2.0406,3.3026,1.5917,1.6377,3.3875,8.1953,5.7362,0.76185,1.6937,0.62757,1.512,1.4545,1.7135,3.899,1.5038,4.4758,1.0748,1.7527,2.9414,0.84257,5.3393,7.42,2.3437,1.3093,3.2258,0.71247,1.2844,3.5827,4.3455
3.4959,1.9904,1.344,6.4409,0.95122,2.5377,3.7111,1.0474,4.7298,7.0028,2.09,3.4439,1.6249,1.6265,3.4109,8.3523,5.8383,0.77691,1.7585,0.63661,1.605,1.4745,1.7085,3.8866,1.4972,4.7185,1.0288,1.7881,2.9627,0.8573,5.2608,7.4986,2.3969,1.335,3.3398,0.7107,1.2988,3.6368,4.368
3.5126,2.0038,1.3167,6.4147,0.92656,2.4944,3.7224,1.0544,4.6819,6.9892,2.1342,3.5678,1.6474,1.6132,3.4371,8.5029,5.9417,0.79051,1.8191,0.6443,1.6975,1.49,1.6986,3.8678,1.4916,4.9481,0.98174,1.8211,2.9833,0.87314,5.3193,7.5931,2.4496,1.3609,3.4432,0.70811,1.3065,3.6837,4.388
3.5386,2.0088,1.2873,6.3862,0.90494,2.4551,3.7355,1.062,4.6353,6.9675,2.1731,3.6804,1.6821,1.5977,3.4646,8.6467,6.074,0.80234,1.8756,0.65068,1.7883,1.5008,1.6841,3.8431,1.4884,5.1599,0.93558,1.85,3.0038,0.88992,5.3523,7.6924,2.5021,1.388,3.5317,0.70526,1.3094,3.7233,4.4059
3.5737,2.0055,1.2601,6.3555,0.88094,2.4194,3.7494,1.0701,4.5904,6.9377,2.2066,3.7879,1.7265,1.5801,3.4927,8.7837,6.2137,0.81216,1.928,0.65598,1.876,1.5072,1.6946,3.8123,1.489,5.3504,0.89205,1.8749,3.0238,0.90774,5.3665,7.7842,2.5551,1.4148,3.6023,0.70239,1.3092,3.7537,4.4219
3.6174,1.9942,1.2364,6.3226,0.86164,2.3927,3.7655,1.0788,4.548,6.8996,2.2351,3.8959,1.7619,1.5606,3.599,8.9136,6.3604,0.81973,1.9769,0.66045,1.9599,1.509,1.7283,3.7759,1.494,5.5174,0.85255,1.8975,3.0432,0.92648,5.3664,7.8564,2.6087,1.442,3.6527,0.69969,1.3075,3.7741,4.436
3.6692,2.0024,1.219,6.2877,0.84075,2.3893,3.7811,1.0881,4.509,6.8532,2.265,4.0079,1.7876,1.5395,3.7492,9.0361,6.5153,0.8299,2.0223,0.66434,2.039,1.528,1.7559,3.7342,1.5036,5.6598,0.81841,1.9158,3.0625,0.94601,5.3548,7.8991,2.663,1.4693,3.6808,0.69723,1.306,3.7843,4.4483
3.7285,2.0102,1.21,6.2509,0.81414,2.3922,3.7974,1.0978,4.474,6.7989,2.3098,4.125,1.8025,1.5171,3.911,9.1509,6.6778,0.85124,2.0647,0.66803,2.1126,1.5766,1.7778,3.7184,1.5173,5.7777,0.79593,1.931,3.0813,0.96632,5.3323,7.9095,2.7174,1.4968,3.6866,0.6952,1.3065,3.7827,4.4588
3.7946,2.0528,1.2088,6.2122,0.81249,2.4013,3.815,1.1079,4.4433,6.7363,2.3538,4.2476,1.8062,1.4943,4.0833,9.258,6.8477,0.86931,2.1041,0.67162,2.1801,1.6235,1.7938,3.7795,1.5343,5.8724,0.78428,1.9436,3.0993,0.9874,5.3028,7.8807,2.7711,1.5238,3.6701,0.69378,1.3105,3.7689,4.4678
3.8668,2.082,1.2147,6.1719,0.82423,2.4166,3.8327,1.1185,4.4176,6.6703,2.3972,4.3724,1.7987,1.472,4.2606,9.3572,7.0241,0.88411,2.1408,0.67521,2.2408,1.6683,1.804,3.8368,1.5711,5.9464,0.77319,1.9523,3.1172,1.009,5.264,7.8115,2.8219,1.5513,3.6316,0.69311,1.3195,3.8332,4.4753
3.9449,2.0982,1.2262,6.13,0.83409,2.4375,3.8534,1.1294,4.4432,6.6771,2.44,4.4957,1.7797,1.4496,4.4402,9.4485,7.2059,0.89575,2.1749,0.67892,2.2945,1.7112,1.8084,3.89,1.6327,6.0056,0.76216,1.9588,3.1347,1.0309,5.2163,7.7093,2.8664,1.5779,3.5723,0.69318,1.3344,3.8975,4.4813
4.0285,2.1025,1.2419,6.0866,0.84181,2.4637,3.8751,1.1407,4.4676,6.6767,2.4816,4.6143,1.7719,1.4316,4.621,9.5317,7.3914,0.90394,2.2065,0.68288,2.3415,1.7514,1.807,3.9396,1.6951,6.0666,0.75723,1.9629,3.1513,1.0534,5.1602,7.6522,2.9016,1.6037,3.4934,0.69378,1.3575,3.9627,4.4859
4.1161,2.0965,1.2607,6.0419,0.84719,2.4947,3.8992,1.1522,4.4758,6.6696,2.522,4.7255,1.8534,1.4378,4.7988,9.6068,7.5788,0.90869,2.2362,0.6872,2.3818,1.7888,1.7996,3.985,1.7567,6.1381,0.75428,1.9636,3.1678,1.0761,5.0969,7.6224,2.9256,1.6289,3.4016,0.69448,1.3895,4.0336,4.489
4.207,2.0817,1.282,5.9959,0.8499,2.5296,3.9253,1.1639,4.4664,6.6559,2.5603,4.8275,1.9326,1.4439,4.9713,9.6739,7.7663,0.90991,2.2639,0.69195,2.4151,1.8229,1.7964,4.0261,1.8159,6.1951,0.7582,1.963,3.1838,1.0987,5.0279,7.5683,2.9352,1.6524,3.3033,0.6946,1.4232,4.1128,4.4907
4.3014,2.0589,1.3166,5.9486,0.84997,2.5676,3.9528,1.1758,4.44,6.6362,2.5958,4.9198,2.0083,1.4494,5.1866,9.733,7.9521,0.90795,2.29,0.69722,2.4408,1.8535,1.8098,4.0634,1.871,6.2363,0.78313,1.9601,3.199,1.1215,4.9545,7.4944,2.9289,1.6738,3.2632,0.69333,1.4563,4.1939,4.491
4.3989,2.0282,1.3543,5.9003,0.8472,2.6078,3.9817,1.1878,4.3965,6.6108,2.6278,5.0039,2.0812,1.454,5.44,9.7842,8.1342,0.90318,2.3141,0.70304,2.5028,1.8799,1.8175,4.0966,1.9204,6.2626,0.80612,1.9543,3.214,1.1441,4.8797,7.4042,2.9051,1.6926,3.3016,0.68977,1.4869,4.2715,4.4898
4.4977,1.9894,1.3953,5.851,0.84162,2.6488,4.0106,1.1999,4.3905,6.5795,2.6547,5.0814,2.1497,1.4574,5.6896,9.8277,8.312,0.89593,2.3361,0.70947,2.5635,1.9018,1.8197,4.1257,1.9627,6.2725,0.82343,1.9482,3.2285,1.1663,4.8062,7.3002,2.8626,1.7083,3.3375,0.68311,1.5138,4.3427,4.487
4.5989,1.9446,1.4402,5.8006,0.83327,2.6898,4.0384,1.2122,4.4073,6.5425,2.6753,5.1548,2.2132,1.4594,5.9332,9.8634,8.4832,0.88687,2.3554,0.71652,2.6161,1.9189,1.8175,4.1507,1.9971,6.2708,0.83498,1.9396,3.2423,1.1884,4.8111,7.1828,2.8011,1.7203,3.3712,0.67268,1.5374,4.4055,4.4833
4.7011,1.9828,1.4893,5.7492,0.82222,2.7294,4.065,1.2245,4.4283,6.5001,2.6885,5.2278,2.2713,1.4601,6.1686,9.8916,8.6473,0.87916,2.3725,0.72431,2.6603,1.9307,1.8117,4.1717,2.0227,6.2544,0.84111,1.9292,3.2556,1.2097,4.945,7.0489,2.7214,1.7282,3.4031,0.6664,1.5588,4.4575,4.4781
4.8038,2.025,1.5423,5.6969,0.80854,2.7665,4.0877,1.2367,4.5501,6.4534,2.6934,5.3043,2.3236,1.4599,6.3936,9.9124,8.8033,0.87529,2.3872,0.73273,2.6958,1.981,1.8227,4.1892,2.0396,6.2284,0.84244,1.9182,3.2687,1.2306,5.0555,6.9572,2.7186,1.7317,3.4335,0.67182,1.5801,4.4974,4.4713
4.9075,2.0677,1.5991,5.6436,0.79256,2.8001,4.1055,1.2489,4.69,6.4018,2.6896,5.3885,2.3708,1.4591,6.6065,9.926,8.9507,0.87042,2.3997,0.74174,2.7225,2.0395,1.8382,4.2028,2.0477,6.1911,0.85314,1.905,3.281,1.2508,5.1379,7.0133,2.7352,1.7304,3.4638,0.67456,1.6034,4.524,4.4632
5.0111,2.1095,1.6582,5.6013,0.792,2.8291,4.1181,1.2609,4.7957,6.3455,2.677,5.4848,2.4121,1.4576,6.8068,9.9322,9.0884,0.86524,2.4096,0.75132,2.7412,2.0975,1.8485,4.2127,2.0477,6.1464,0.86846,1.8912,3.2927,1.2701,5.1887,7.0568,2.7778,1.7241,3.4964,0.67435,1.6303,4.5636,4.454
5.1147,2.1475,1.7177,5.6003,0.80412,2.8528,4.1235,1.273,4.8699,6.2851,2.6558,5.5964,2.4486,1.4559,6.9916,9.9308,9.2174,0.87871,2.4163,0.76141,2.7528,2.1551,1.8543,4.2188,2.0405,6.0937,0.88367,1.876,3.3043,1.2886,5.2059,7.0826,2.8527,1.7125,3.5357,0.671,1.6615,4.6886,4.4433
5.2435,2.1793,1.7758,5.599,0.81461,2.8703,4.1205,1.2849,4.9175,6.2211,2.6267,5.7251,2.4833,1.4545,7.1597,9.9219,9.3361,0.88899,2.4192,0.77195,2.7588,2.212,1.8561,4.2214,2.0274,6.0846,0.89878,1.86,3.3151,1.306,5.1892,7.1052,2.9244,1.6955,3.5781,0.66443,1.6967,4.8103,4.4312
5.3696,2.2047,1.8309,5.5966,0.82386,2.881,4.1081,1.2967,4.9437,6.153,2.5904,5.872,2.5384,1.4537,7.3098,9.9066,9.4448,0.89602,2.418,0.78286,2.7599,2.2683,1.8546,4.2204,2.0098,6.1917,0.91388,1.8617,3.3254,1.3226,5.1391,7.2027,2.9919,1.6849,3.6204,0.65464,1.7351,4.9271,4.4182
5.4913,2.2214,1.8816,5.594,0.8315,2.8847,4.0862,1.3082,4.9558,6.0812,2.5485,6.0369,2.5919,1.4541,7.4406,9.8839,9.544,0.9003,2.4116,0.79403,2.7566,2.3239,1.8562,4.216,1.9892,6.2768,0.92908,1.8728,3.3354,1.3379,5.0574,7.2708,3.0557,1.6887,3.662,0.64137,1.7749,5.0392,4.4036
5.6051,2.229,1.9259,5.5903,0.83785,2.8813,4.0549,1.3194,4.962,6.0065,2.5024,6.219,2.6424,1.4561,7.5513,9.8539,9.6327,0.91426,2.3993,0.80536,2.7489,2.3789,1.8841,4.2081,1.9693,6.3417,0.94444,1.8815,3.3447,1.3524,4.9467,7.3045,3.1632,1.6896,3.703,0.65692,1.8146,5.1449,4.3881
5.7104,2.2284,1.961,5.5864,0.8428,2.8706,4.0133,1.3306,4.9697,5.9285,2.4536,6.4154,2.6915,1.4708,7.6413,9.8178,9.7109,0.92799,2.3804,0.81675,2.7375,2.4333,1.9099,4.1969,1.9625,6.3835,0.96002,1.8898,3.3537,1.3656,4.9797,7.4646,3.2823,1.6866,3.7436,0.68952,1.8522,5.2447,4.3713
5.8091,2.2196,2.0047,5.5815,0.84644,2.8532,3.9968,1.3415,5.0539,5.8471,2.4038,6.6224,2.7379,1.4888,7.7102,9.7742,9.7783,0.93839,2.3547,0.82826,2.7229,2.4866,1.9332,4.1824,1.9565,6.4038,0.97591,1.8958,3.3623,1.3873,5.1283,7.7335,3.3984,1.6795,3.7836,0.72146,1.8859,5.3375,4.3534
5.8975,2.2035,2.0427,5.5763,0.84898,2.8294,3.9829,1.3521,5.1429,5.7627,2.3548,6.837,2.7823,1.5077,7.7584,9.7251,9.8352,0.94497,2.3216,0.83953,2.7052,2.5384,1.954,4.1646,1.9525,6.4042,0.99207,1.9006,3.3701,1.4085,5.2771,7.9781,3.5112,1.6682,3.8224,0.75231,1.9143,5.423,4.3345
5.9748,2.1818,2.0706,5.5701,0.85026,2.8,3.9586,1.3624,5.2315,5.6758,2.3075,7.0548,2.8249,1.5277,7.7869,9.669,9.8808,0.94851,2.2813,0.85043,2.6849,2.5884,1.9722,4.1434,1.9515,6.3849,1.0086,1.9039,3.3779,1.429,5.4246,8.1924,3.6195,1.6529,3.8599,0.78175,1.9569,5.5302,4.3143
6.0407,2.1569,2.0879,5.5636,0.85065,2.7657,3.9342,1.3724,5.3191,5.586,2.2637,7.2712,2.8651,1.5485,7.7968,9.6077,9.9147,0.94969,2.2346,0.86082,2.6628,2.6361,1.9876,4.119,1.9545,6.3518,1.0253,1.9048,3.385,1.4489,5.5706,8.3746,3.7247,1.6339,3.8957,0.80934,2.0128,5.6332,4.2935
6.1411,2.1294,2.0957,5.5562,0.85006,2.7278,4.0183,1.3822,5.4038,5.4934,2.2239,7.4847,2.9045,1.57,7.7915,9.5402,9.9366,0.94819,2.1823,0.87056,2.6397,2.6814,2.0002,4.0912,1.962,6.3059,1.0423,1.9054,3.3917,1.4699,5.7154,8.5185,3.8253,1.6121,3.9298,0.83476,2.0657,5.7313,4.2715
6.2405,2.1027,2.0941,5.5485,0.84851,2.6874,4.0933,1.3917,5.4865,5.3981,2.1893,7.6913,2.942,1.5941,7.7724,9.4679,9.9462,0.94453,2.1246,0.87971,2.6164,2.7239,2.01,4.0603,1.9742,6.251,1.0591,1.9035,3.3981,1.4912,5.8549,8.623,3.9221,1.5885,3.9622,0.85774,2.114,5.8242,4.249
6.3386,2.0777,2.0843,5.54,0.84641,2.6457,4.1597,1.4009,5.5644,5.3003,2.1601,7.8907,2.978,1.6183,7.7541,9.3905,9.9431,0.93923,2.0611,0.88815,2.5937,2.7633,2.0172,4.0264,1.9913,6.1899,1.0757,1.9003,3.4041,1.5117,5.9894,8.6872,4.0162,1.5638,3.9928,0.8782,2.1566,5.9122,4.2254
6.4342,2.0576,2.0667,5.531,0.84356,2.6045,4.2172,1.4096,5.6388,5.1999,2.1367,8.08,3.0135,1.642,7.8047,9.3089,9.9273,0.93249,1.9925,0.89559,2.5724,2.7995,2.0541,3.9893,2.0129,6.1241,1.0919,1.8957,3.4097,1.5315,6.1361,8.7083,4.1108,1.5391,4.0217,0.89581,2.1928,5.9952,4.2015
6.5271,2.0432,2.0438,5.5213,0.84007,2.565,4.2678,1.418,5.7073,5.1392,2.119,8.2561,3.0474,1.6646,7.85,9.2233,9.8987,0.92416,1.9195,0.90194,2.5529,2.8325,2.1113,3.9493,2.0383,6.0563,1.1112,1.8888,3.4151,1.5501,6.327,8.6822,4.2077,1.5154,4.1181,0.91046,2.222,6.0726,4.1768
6.6182,2.0359,2.0158,5.511,0.83624,2.529,4.3138,1.4263,5.7709,5.1594,2.1115,8.4164,3.0807,1.6874,7.9058,9.1347,9.8571,0.91412,1.8434,0.90725,2.5357,2.8619,2.1729,3.9063,2.0668,5.9859,1.1398,1.8815,3.42,1.5674,6.5053,8.6069,4.3039,1.4932,4.2612,0.92211,2.276,6.144,4.1519
6.7077,2.0366,1.9823,5.5003,0.832,2.4978,4.3577,1.4341,5.8278,5.1783,2.1158,8.5589,3.1135,1.7093,7.9663,9.0428,10.079,0.90251,1.8047,0.91147,2.5207,2.8876,2.2374,3.8605,2.0976,5.9147,1.1676,1.8719,3.4248,1.5837,6.6652,8.4829,4.397,1.4732,4.3917,0.93079,2.3296,6.2103,4.1265
6.7946,2.0459,1.9423,5.4887,0.82741,2.4729,4.4016,1.4416,5.8784,5.1965,2.1257,8.6835,3.1453,1.7284,8.0174,8.9491,10.373,0.88949,1.7969,0.91427,2.5079,2.9096,2.3034,3.812,2.1294,5.8442,1.1946,1.8614,3.4291,1.5988,6.8057,8.6185,4.4866,1.4559,4.5087,0.93661,2.3746,6.2709,4.1009
6.8793,2.0632,1.8964,5.4768,0.83246,2.4556,4.4476,1.4486,5.9222,5.2131,2.1401,8.7881,3.1769,1.7445,8.0574,8.9134,10.616,0.8753,1.7869,0.91566,2.5139,2.9279,2.3694,3.761,2.1614,5.7765,1.2203,1.8565,3.4332,1.6126,6.9204,8.8353,4.573,1.4423,4.6609,0.93981,2.4117,6.3253,4.0754
6.9619,2.0876,1.8443,5.4639,0.8502,2.447,4.4975,1.4554,5.9584,5.229,2.1576,8.8709,3.2085,1.7602,8.0849,8.9171,10.808,0.86028,1.776,0.9158,2.5465,2.942,2.4339,3.7076,2.1924,5.7117,1.2445,1.8705,3.4368,1.6254,7.0073,9.0235,4.6552,1.4319,4.833,0.94057,2.4416,6.3736,4.0496
7.0427,2.118,1.7868,5.4511,0.87063,2.448,4.5529,1.462,5.9881,5.2438,2.1767,8.9312,3.2399,1.7718,8.1002,8.9185,10.949,0.84471,1.7668,0.91429,2.5804,2.952,2.4957,3.652,2.2215,5.6512,1.267,1.8823,3.4401,1.6368,7.0657,9.184,4.7332,1.4245,4.9908,0.95727,2.4654,6.4166,4.0244
7.1216,2.1533,1.7746,5.4371,0.89356,2.4593,4.6161,1.4682,6.0101,5.2571,2.1957,8.9711,3.2713,1.7789,8.1039,8.9178,11.04,0.82895,1.7599,0.91133,2.615,2.9581,2.5533,3.6105,2.248,5.5959,1.2875,1.8911,3.443,1.6473,7.0924,9.3151,4.8077,1.42,5.1341,0.97312,2.4838,6.4532,3.9994
7.1985,2.1911,1.7727,5.4229,0.91881,2.481,4.6862,1.4739,6.0245,5.2701,2.2132,8.9871,3.3026,1.7845,8.0965,8.9152,11.084,0.81339,1.7534,0.90751,2.6496,2.9599,2.6058,3.5886,2.2711,5.5463,1.3059,1.8981,3.4453,1.6566,7.1297,9.4155,4.8796,1.4184,5.262,0.98487,2.4965,6.4834,3.9747
7.2737,2.2306,1.7752,5.4079,0.94611,2.5131,4.7635,1.4793,6.0323,5.2818,2.2274,8.9816,3.3335,1.796,8.079,8.9108,11.082,0.79826,1.7467,0.9152,2.6833,2.9576,2.6523,3.5657,2.2904,5.5026,1.3221,1.9013,3.4476,1.6649,7.3253,9.4849,4.9484,1.4184,5.374,0.99307,2.5032,6.5077,3.951
7.3468,2.2692,1.7801,5.3922,0.97498,2.5553,4.8485,1.4845,6.0325,5.2921,2.2374,8.9553,3.3645,1.8078,8.0554,8.9047,11.039,0.78383,1.7394,0.92147,2.7149,2.9515,2.7304,3.542,2.3056,5.4648,1.3358,1.9026,3.4492,1.6726,7.5083,9.546,5.0147,1.4195,5.4701,0.99808,2.5035,6.5262,3.9278
7.4174,2.3054,1.7862,5.3763,1.005,2.607,4.9397,1.4894,6.0257,5.3021,2.2418,8.908,3.395,1.8166,8.03,8.8969,10.993,0.77042,1.7314,0.92635,2.7433,2.942,2.8084,3.5175,2.3166,5.4325,1.347,1.9002,3.4502,1.6839,7.681,9.6078,5.0794,1.4211,5.55,1.0005,2.4976,6.5381,3.9055
7.4854,2.3379,1.7921,5.3593,1.0355,2.6672,5.0361,1.494,6.0126,5.3109,2.2401,8.8438,3.4246,1.8223,8.0095,8.8876,10.91,0.7582,1.7227,0.9298,2.7672,2.9296,2.8821,3.4924,2.3233,5.4053,1.3556,1.8961,3.4512,1.6978,7.8411,9.6505,5.143,1.4231,5.6142,1.0011,2.4864,6.5435,3.8845
7.5509,2.3644,1.7972,5.3422,1.0662,2.735,5.1363,1.4982,5.9926,5.3184,2.2318,8.7612,3.4531,1.8247,7.9883,8.8768,10.786,0.74736,1.7129,0.93169,2.7854,2.9148,2.9511,3.4667,2.326,5.3823,1.3617,1.9001,3.4516,1.7118,7.9898,9.6732,5.2126,1.4244,5.6619,1.0005,2.4708,6.5432,3.8647
7.6139,2.3851,1.8007,5.3243,1.0963,2.8091,5.2396,1.5076,5.9666,5.3255,2.2167,8.6661,3.4808,1.8239,7.959,8.8648,10.627,0.7381,1.702,0.93201,2.7968,2.898,3.0149,3.4407,2.3251,5.3628,1.3653,1.9074,3.4514,1.7349,8.1238,9.6764,5.3829,1.4248,5.6932,1.0153,2.4522,6.5366,3.8461
7.6746,2.3973,1.8026,5.3057,1.1255,2.8885,5.3447,1.526,5.9351,5.3317,2.195,8.5577,3.5077,1.8221,7.9204,8.8514,10.439,0.73055,1.6899,0.93094,2.8004,2.8792,3.0728,3.4144,2.3208,5.3457,1.3666,1.9135,3.451,1.7573,8.2436,9.6605,5.5508,1.4246,5.7081,1.0309,2.433,6.5235,3.8291
7.7332,2.4026,1.8026,5.2868,1.1532,2.9714,5.4509,1.5435,5.8978,5.3366,2.1919,8.4381,3.5334,1.8174,7.8715,8.8369,10.226,0.72479,1.6766,0.9283,2.7954,2.8582,3.1246,3.388,2.3137,5.3305,1.3654,1.9174,3.4502,1.7781,8.3438,9.6261,5.7145,1.4228,5.7073,1.0473,2.4153,6.5041,3.8139
7.7898,2.3986,1.8,5.2671,1.1789,3.057,5.5581,1.5604,5.8557,5.3408,2.1885,8.3111,3.5582,1.8099,7.8119,8.8213,9.9955,0.72088,1.6621,0.92414,2.7809,2.8501,3.1695,3.3615,2.3046,5.3156,1.3616,1.9207,3.4488,1.7978,8.425,9.5738,5.8746,1.42,5.6909,1.0649,2.4023,6.4784,3.8004
7.8445,2.3873,1.7935,5.2469,1.2022,3.1438,5.6661,1.5762,5.809,5.3445,2.1798,8.1745,3.5822,1.7996,7.7417,8.8047,9.7519,0.7264,1.6485,0.91855,2.7567,2.8767,3.2074,3.335,2.2941,5.3017,1.3554,1.9222,3.447,1.8154,8.4816,9.5042,6.0304,1.4162,5.6594,1.0845,2.3964,6.4471,3.7889
7.8972,2.3676,1.7829,5.2263,1.2227,3.2306,5.7758,1.5914,5.7576,5.347,2.1663,8.1245,3.6057,1.7869,7.6617,8.7871,9.5003,0.74173,1.6472,0.91161,2.8176,2.9026,3.238,3.3087,2.283,5.3154,1.3467,1.9229,3.4451,1.8331,8.5105,9.4181,6.1807,1.4108,5.6135,1.1063,2.3998,6.4097,3.7793
7.9741,2.3408,1.7683,5.2048,1.2401,3.3163,5.8858,1.6056,5.7028,5.3484,2.1487,8.1312,3.6294,1.772,7.5728,8.7689,9.2449,0.75647,1.645,0.90338,2.9282,2.928,3.2612,3.2825,2.2722,5.3281,1.3357,1.9226,3.4426,1.8595,8.509,9.3166,6.3251,1.4048,5.5536,1.1307,2.4135,6.3665,3.7718
8.0638,2.3078,1.7507,5.183,1.2541,3.3998,5.9955,1.6192,5.6442,5.3496,2.1275,8.1374,3.6526,1.7552,7.4762,8.75,8.9901,0.77083,1.6421,0.894,3.0402,2.9526,3.2772,3.2566,2.2621,5.3383,1.3227,1.9219,3.4396,1.8819,8.4748,9.2005,6.4637,1.3975,5.4805,1.1576,2.4373,6.3176,3.7665
8.1535,2.292,1.731,5.1607,1.2645,3.4805,6.102,1.6318,5.5821,5.3499,2.1033,8.1436,3.6751,1.7368,7.3725,8.7304,8.756,0.78492,1.6384,0.88357,3.1529,2.9765,3.2861,3.2311,2.2533,5.3452,1.3078,1.921,3.4363,1.9001,8.4055,9.0707,6.5976,1.3889,5.3951,1.187,2.4696,6.2639,3.7634
8.2389,2.3242,1.7091,5.1375,1.271,3.5572,6.2021,1.6438,5.5224,5.3492,2.0769,8.1502,3.6964,1.7171,7.2616,8.7101,8.5371,0.79876,1.6339,0.87493,3.2658,2.9996,3.2878,3.206,2.2461,5.3492,1.2913,1.9194,3.4328,1.9138,8.2996,8.9289,6.7253,1.3797,5.2982,1.2183,2.5079,6.2733,3.7629
8.3243,2.3503,1.6853,5.1142,1.2737,3.6294,6.2916,1.6548,5.5088,5.3474,2.0666,8.1568,3.7158,1.6966,7.1432,8.6891,8.3265,0.81232,1.6288,0.88216,3.3782,3.022,3.2828,3.1815,2.2409,5.3487,1.2734,1.9171,3.4288,1.9229,8.1569,8.7753,6.8467,1.3689,5.1903,1.2511,2.5485,6.3025,3.7647
8.4056,2.3699,1.659,5.0902,1.2723,3.6967,6.3689,1.6651,5.4875,5.3457,2.0747,8.1626,3.7329,1.6754,7.0506,8.6675,8.125,0.82537,1.623,0.89225,3.4897,3.0437,3.271,3.1576,2.2376,5.343,1.2545,1.9141,3.4243,1.9275,7.9767,8.6108,6.9615,1.3677,5.0726,1.2847,2.5879,6.3302,3.7689
8.4859,2.3828,1.6305,5.0655,1.2669,3.7586,6.4321,1.6747,5.4919,5.3429,2.0802,8.1669,3.7477,1.6539,6.984,8.6454,7.9329,0.8377,1.6168,0.90068,3.5998,3.0647,3.2524,3.1345,2.2363,5.332,1.2348,1.9107,3.4196,1.9499,7.8368,8.436,7.0697,1.369,4.9463,1.3184,2.6222,6.3566,3.7756
8.563,2.3894,1.6002,5.0406,1.2575,3.8146,6.4814,1.6834,5.5233,5.3392,2.0831,8.1686,3.7606,1.6324,6.9121,8.6233,7.7504,0.84908,1.6101,0.90751,3.7081,3.0848,3.2279,3.1123,2.2366,5.3153,1.2146,1.9065,3.4146,1.98,7.9742,8.2517,7.1718,1.3684,4.8125,1.3513,2.6481,6.3817,3.7847
8.6375,2.3903,1.5682,5.0152,1.2443,3.8648,6.5148,1.6915,5.555,5.3344,2.0832,8.1664,3.7705,1.6112,6.8325,8.6007,7.5769,0.86002,1.6029,0.91278,3.8143,3.1041,3.2296,3.0914,2.2385,5.2936,1.1942,1.9024,3.4092,2.0082,8.091,8.0583,7.2681,1.3656,4.6722,1.3826,2.6632,6.4054,3.7963
8.7103,2.3858,1.5346,4.989,1.2275,3.9088,6.532,1.6987,5.5853,5.3297,2.0807,8.2036,3.7782,1.5906,6.7481,8.5777,7.412,0.88011,1.5956,0.91652,3.9181,3.1227,3.2268,3.0724,2.2416,5.2662,1.1841,1.8977,3.4033,2.0347,8.1847,7.8564,7.358,1.3606,4.5269,1.4118,2.6654,6.4277,3.8103
8.7787,2.3762,1.4998,4.9625,1.2073,3.9462,6.5342,1.7054,5.6134,5.3241,2.075,8.2649,3.7838,1.5707,6.6579,8.5542,7.2543,0.89895,1.6132,0.91881,4.0194,3.1405,3.2197,3.0566,2.2453,5.2328,1.1847,1.8943,3.397,2.0597,8.2537,7.704,7.4418,1.354,4.4958,1.4379,2.6539,6.4481,3.8267
8.8469,2.3618,1.4643,4.9357,1.2074,3.9897,6.5207,1.7113,5.6378,5.3176,2.0662,8.321,3.7869,1.5518,6.5613,8.5302,7.1033,0.91624,1.6551,0.91981,4.1181,3.1574,3.2085,3.0461,2.2493,5.1936,1.1849,1.8935,3.3908,2.0835,8.2977,7.6515,7.5215,1.3457,4.4533,1.4608,2.6289,6.4669,3.8453
8.9108,2.3426,1.4282,4.9083,1.2167,4.0763,6.4915,1.7164,5.658,5.3101,2.054,8.3706,3.788,1.5341,6.4616,8.5064,6.9575,0.93179,1.6923,0.91959,4.214,3.1735,3.1936,3.0396,2.2529,5.1494,1.1847,1.8943,3.3841,2.1065,8.3163,7.5933,7.5961,1.3358,4.4005,1.4803,2.5914,6.4835,3.8663
8.9722,2.3185,1.449,4.8803,1.2259,4.1569,6.4475,1.721,5.6747,5.3025,2.0383,8.4122,3.7875,1.5176,6.3553,8.4822,6.8166,0.94548,1.7246,0.91835,4.3067,3.189,3.1751,3.0356,2.2558,5.1005,1.1845,1.8962,3.3769,2.129,8.3076,7.5288,7.6818,1.3266,4.3377,1.4966,2.5434,6.4976,3.8894
9.0317,2.2886,1.4733,4.8522,1.2349,4.2308,6.3895,1.7248,5.6885,5.2942,2.019,8.4447,3.7846,1.5025,6.2464,8.4576,6.6797,0.95703,1.7518,0.91626,4.3961,3.2037,3.1531,3.0332,2.2573,5.0462,1.1841,1.8979,3.3694,2.1505,8.3056,7.4576,7.8109,1.3233,4.2659,1.5092,2.4872,6.533,3.9146
9.0868,2.2521,1.4985,4.8235,1.2439,4.2984,6.3185,1.728,5.7013,5.2851,1.9959,8.467,3.7804,1.4889,6.1324,8.4325,6.5464,0.96618,1.7738,0.91349,4.4819,3.2176,3.1275,3.032,2.2579,4.9883,1.1839,1.8996,3.3616,2.1708,8.414,7.3793,7.9366,1.3182,4.1955,1.5174,2.4339,6.6033,3.942
9.141,2.2437,1.5244,4.7942,1.2527,4.3591,6.2355,1.7305,5.7151,5.2752,1.9692,8.4781,3.7748,1.4769,6.0205,8.4074,6.4168,0.97267,1.7906,0.91048,4.5637,3.231,3.0983,3.0317,2.2722,4.9265,1.1841,1.9012,3.3538,2.1901,8.501,7.2939,8.0601,1.3112,4.1964,1.5208,2.3805,6.6723,3.9712
9.1916,2.2372,1.5508,4.765,1.2613,4.4132,6.1416,1.7323,5.7321,5.2647,1.9387,8.477,3.7674,1.4664,6.0003,8.382,6.2909,0.97636,1.8022,0.90789,4.6415,3.2439,3.0655,3.0319,2.2835,4.8616,1.1849,1.9024,3.3455,2.2082,8.5668,7.2015,8.1808,1.3071,4.1966,1.5194,2.3248,6.7405,4.0023
9.238,2.2268,1.5777,4.7351,1.2694,4.4603,6.0392,1.7336,5.7537,5.254,1.9048,8.4633,3.7592,1.4574,5.9781,8.3562,6.1693,0.97729,1.8092,0.90552,4.7147,3.2648,3.0294,3.0324,2.2914,4.7941,1.1865,1.9033,3.3369,2.2253,8.6102,7.1027,8.2988,1.3024,4.1962,1.5137,2.2699,6.8076,4.0349
9.2842,2.2129,1.6051,4.7047,1.2768,4.501,5.9292,1.7341,5.7807,5.2425,1.8674,8.4374,3.7498,1.45,5.9551,8.3297,6.0523,0.97568,1.8117,0.90301,4.7831,3.2903,2.9935,3.033,2.2956,4.7251,1.1889,1.9048,3.3279,2.2419,8.6318,6.9993,8.414,1.2961,4.1951,1.5048,2.2189,6.8734,4.0692
9.3259,2.1944,1.6327,4.6743,1.2832,4.5348,5.8125,1.734,5.8128,5.2302,1.827,8.3977,3.7393,1.4441,5.9308,8.3034,5.9405,0.97208,1.8105,0.9003,4.8465,3.3161,2.9728,3.0336,2.2956,4.6541,1.192,1.9061,3.3187,2.2579,8.6343,6.8907,8.5266,1.2887,4.1933,1.4934,2.1741,6.9382,4.1049
9.3644,2.1704,1.6602,4.6434,1.2884,4.5624,5.6923,1.7333,5.849,5.2172,1.7839,8.3441,3.7284,1.4396,5.9047,8.2765,5.8345,0.9668,1.8059,0.89738,4.9051,3.3429,2.9486,3.0341,2.291,4.5839,1.196,1.9072,3.3094,2.2728,8.616,6.7773,8.6375,1.281,4.191,1.4789,2.1372,7.0019,4.142
9.4016,2.1405,1.6882,4.6121,1.2924,4.5836,5.5686,1.732,5.8871,5.2039,1.7385,8.2767,3.7164,1.4364,5.878,8.2489,5.7924,0.95998,1.7989,0.89436,4.959,3.3741,2.921,3.0343,2.2817,4.5135,1.2007,1.9081,3.2999,2.2863,8.5782,6.6593,8.7454,1.274,4.1883,1.4607,2.1089,7.0642,4.1802
9.4344,2.191,1.7159,4.5805,1.2953,4.5988,5.5468,1.73,5.9236,5.1903,1.6915,8.196,3.7045,1.4345,5.8492,8.2211,5.8255,0.95181,1.79,0.89101,5.0085,3.4066,2.8903,3.0342,2.2672,4.4435,1.2062,1.9094,3.29,2.2984,8.5245,6.5376,8.8504,1.2688,4.1851,1.4423,2.0892,7.1254,4.2193
9.4645,2.2404,1.7435,4.5487,1.2968,4.608,5.5901,1.7274,5.9555,5.1759,1.6465,8.1031,3.6918,1.4336,5.8199,8.2178,5.8661,0.94241,1.7801,0.8871,5.0538,3.439,2.8566,3.0336,2.2475,4.5188,1.2123,1.911,3.2798,2.3092,8.4536,6.4132,8.9525,1.2664,4.1813,1.4316,2.0773,7.1855,4.2597
9.493,2.286,1.7711,4.5166,1.2971,4.6117,5.6516,1.7243,5.9789,5.1608,1.6423,7.9982,3.6793,1.4338,5.7885,8.32,5.9135,0.93173,1.7701,0.88264,5.0957,3.4712,2.8201,3.0325,2.2227,4.6345,1.2191,1.9125,3.2693,2.3187,8.3669,6.2849,9.0526,1.2676,4.1771,1.4179,2.0718,7.2443,4.3006
9.5171,2.3288,1.7982,4.484,1.2963,4.6098,5.7339,1.7204,6.0134,5.145,1.6357,7.8817,3.6669,1.4349,5.7565,8.4194,5.9672,0.91984,1.7777,0.87787,5.1338,3.5029,2.7808,3.0307,2.193,4.7433,1.2264,1.9139,3.2586,2.3268,8.2677,6.1543,9.1489,1.2733,4.1727,1.4019,2.0822,7.3017,4.3423
9.5386,2.366,1.8254,4.4515,1.2944,4.6031,5.8383,1.7161,6.0435,5.1291,1.6274,7.7545,3.6542,1.4367,5.7229,8.5161,6.0267,0.90689,1.7979,0.87306,5.168,3.5342,2.7392,3.0284,2.1586,4.8457,1.2342,1.9155,3.2479,2.3337,8.1556,6.022,9.2407,1.2834,4.1678,1.392,2.0999,7.358,4.3846
9.5585,2.3987,1.8519,4.4185,1.2916,4.5917,5.9652,1.7111,6.0591,5.1127,1.6174,7.6176,3.6429,1.4393,5.6877,8.6092,6.0915,0.89324,1.8168,0.86773,5.198,3.5651,2.6986,3.0254,2.1198,4.9425,1.2426,1.9175,3.237,2.3395,8.0317,5.8871,9.3273,1.2981,4.1625,1.4027,2.1225,7.4133,4.4273
9.5741,2.4245,1.878,4.3852,1.2879,4.5758,6.1137,1.7056,6.0588,5.0958,1.6063,7.4719,3.6318,1.4423,5.6522,8.6984,6.1609,0.87925,1.8343,0.8615,5.224,3.5957,2.6717,3.0217,2.0767,5.0344,1.252,1.9195,3.2257,2.3445,7.8977,5.7754,9.4082,1.3172,4.157,1.421,2.1481,7.4672,4.4704
9.587,2.4447,1.9033,4.352,1.2834,4.5563,6.2821,1.6996,6.042,5.0781,1.5943,7.3184,3.6211,1.4458,5.6145,8.7835,6.2345,0.86532,1.8506,0.85428,5.2462,3.6265,2.6428,3.0173,2.0296,5.1223,1.2652,1.9214,3.2142,2.349,7.7554,5.7487,9.4832,1.3403,4.151,1.4397,2.175,7.5197,4.5137
9.5986,2.4572,1.9278,4.3184,1.2783,4.5334,6.4683,1.693,6.0088,5.0599,1.5817,7.1584,3.6122,1.4495,5.5763,8.8641,6.3118,0.8652,1.8657,0.84606,5.2645,3.6632,2.6119,3.0121,1.9929,5.207,1.2798,1.9237,3.2025,2.3533,7.6064,5.7207,9.5517,1.3667,4.1448,1.46,2.2019,7.5709,4.557
9.6059,2.4628,1.9514,4.2845,1.2728,4.5074,6.6696,1.6899,5.9602,5.0415,1.5687,6.9939,3.604,1.4534,5.5371,8.9399,6.3921,0.86398,1.8846,0.83693,5.2792,3.7043,2.5792,3.0062,1.96,5.2894,1.2945,1.929,3.1906,2.357,7.4513,5.6921,9.6139,1.3959,4.1383,1.4801,2.2278,7.6212,4.6005
9.6107,2.461,1.9738,4.2506,1.267,4.4789,6.8829,1.7006,5.8977,5.0228,1.5556,6.8249,3.5968,1.4572,5.496,9.0106,6.475,0.86137,1.9067,0.82695,5.3661,3.7462,2.5448,2.9995,1.9227,5.3704,1.3088,1.9472,3.1787,2.3601,7.2914,5.6636,9.6699,1.4274,4.1315,1.4996,2.2555,7.6701,4.6439
9.6142,2.4513,1.9949,4.2165,1.261,4.4483,7.1066,1.7101,5.8234,5.0036,1.5424,6.6525,3.5915,1.4609,5.4544,9.0762,6.56,0.85749,1.9276,0.81618,5.5204,3.7891,2.5088,2.992,1.8813,5.4508,1.3224,1.9652,3.1666,2.3624,7.1546,5.6339,9.7198,1.4606,4.1246,1.518,2.2899,7.7177,4.687
9.6136,2.4341,2.0145,4.1821,1.2551,4.4161,7.3374,1.7185,5.7397,4.9837,1.5293,6.4788,3.5875,1.4644,5.4122,9.1366,6.6468,0.86498,1.9466,0.80473,5.6639,3.8323,2.4713,2.9838,1.8359,5.5315,1.3348,1.9831,3.1542,2.3636,7.1172,5.6037,9.7628,1.4952,4.1172,1.5351,2.327,7.7639,4.7301
9.6111,2.4101,2.0321,4.1477,1.2493,4.3828,7.5747,1.7257,5.649,4.9634,1.5163,6.3047,3.5848,1.4676,5.3684,9.1912,6.7347,0.87587,1.9635,0.79271,5.7962,3.8754,2.4326,2.9748,1.7867,5.6132,1.3459,2.0015,3.1417,2.3639,7.0751,5.5737,9.7988,1.5305,4.1099,1.5508,2.3675,7.8088,4.7728
9.6068,2.3797,2.0483,4.1132,1.2439,4.3489,7.8157,1.7322,5.5857,4.9428,1.5034,6.1303,3.5837,1.4703,5.3232,9.2405,6.8234,0.8859,1.978,0.78021,5.9173,3.9181,2.3926,2.9651,1.7653,5.6966,1.3554,2.0202,3.1289,2.3633,7.0291,5.5426,9.8275,1.566,4.1021,1.5648,2.4113,7.8527,4.8152
9.5987,2.3433,2.062,4.0784,1.2389,4.3147,8.0596,1.7382,5.5469,4.922,1.4904,5.9584,3.5847,1.4725,5.2787,9.2841,6.9126,0.89524,1.99,0.77502,6.0269,3.9603,2.3515,2.9546,1.7596,5.7821,1.3632,2.039,3.116,2.3618,6.9801,5.5115,9.8488,1.6011,4.0944,1.5772,2.4584,7.8953,4.8571
9.5901,2.301,2.0733,4.0436,1.2346,4.2808,8.306,1.7557,5.505,4.9008,1.4774,5.788,3.6034,1.4741,5.233,9.3221,7.0017,0.9038,1.9994,0.78161,6.125,4.002,2.3093,2.9434,1.7508,5.87,1.3691,2.0574,3.1031,2.3595,6.9288,5.4802,9.863,1.6351,4.0863,1.5877,2.5079,7.9367,4.8985
9.5785,2.3289,2.0823,4.0419,1.231,4.2809,8.5545,1.7749,5.4609,4.879,1.464,5.6212,3.6732,1.475,5.1859,9.3547,7.0905,0.91161,2.0286,0.78759,6.2112,4.0429,2.2663,2.9315,1.7387,6.0206,1.3732,2.0755,3.0901,2.3565,6.8759,5.4708,9.8704,1.6674,4.0782,1.5962,2.5591,7.9769,4.9393
9.565,2.3744,2.0887,4.1128,1.2283,4.301,8.8046,1.792,5.4145,4.8568,1.4502,5.4583,3.7387,1.4752,5.138,9.3815,7.1785,0.91884,2.0804,0.793,6.2856,4.0831,2.238,2.9189,1.7235,6.1816,1.3756,2.0931,3.0769,2.3526,6.8221,5.4777,9.8716,1.6971,4.0699,1.6026,2.6107,8.0161,4.9793
9.55,2.4182,2.0923,4.1776,1.228,4.3194,9.0617,1.8071,5.3702,4.8343,1.4357,5.3237,3.8,1.4746,5.0908,9.4033,7.2653,0.92543,2.1343,0.79777,6.3482,4.1224,2.2273,2.9057,1.7054,6.344,1.3769,2.1104,3.0635,2.3477,6.7678,5.4848,9.8672,1.7238,4.0615,1.607,2.6614,8.0617,5.0186
9.533,2.4598,2.0933,4.2362,1.2454,4.3366,9.3316,1.8201,5.4331,4.8118,1.4245,5.2693,3.8568,1.4733,5.0426,9.4192,7.3508,0.9314,2.1895,0.80205,6.3989,4.1611,2.2158,2.8918,1.6844,6.5083,1.3767,2.1271,3.05,2.3418,6.7146,5.4914,9.8578,1.7469,4.0529,1.6094,2.71,8.1562,5.0571
9.5147,2.4992,2.0921,4.2886,1.2611,4.3528,9.6044,1.831,5.4957,4.7889,1.4258,5.2133,3.909,1.4711,4.9936,9.4305,7.4343,0.93691,2.2684,0.80568,6.4375,4.1987,2.2036,2.8773,1.6903,6.6751,1.3747,2.143,3.0363,2.335,6.6623,5.4975,9.8439,1.7658,4.0442,1.61,2.755,8.2498,5.0947
9.4953,2.5363,2.0892,4.3349,1.2751,4.3682,9.8802,1.8398,5.5571,4.7655,1.4246,5.1576,3.9567,1.468,4.9437,9.4361,7.516,0.94192,2.3499,0.80883,6.4643,4.2357,2.1905,2.8623,1.7244,6.8444,1.3709,2.1589,3.0225,2.3273,6.6108,5.503,9.8264,1.7805,4.0353,1.6094,2.7953,8.3425,5.1312
9.4738,2.5707,2.0841,4.3755,1.2874,4.3834,10.159,1.8464,5.6178,4.7418,1.4214,5.1011,3.9999,1.464,4.8944,9.4368,7.5951,0.94644,2.4331,0.81137,6.4793,4.2717,2.1766,2.8466,1.7561,7.0163,1.3656,2.1749,3.0088,2.3187,6.5604,5.5083,9.8057,1.7905,4.0262,1.6078,2.8297,8.4341,5.1667
9.4525,2.6028,2.0763,4.4108,1.2982,4.3984,10.442,1.8543,5.6773,4.7177,1.4165,5.0451,4.0386,1.4592,4.8449,9.4323,7.6718,0.95059,2.5173,0.81343,6.4826,4.3069,2.1619,2.8305,1.7855,7.1912,1.3584,2.1901,2.9949,2.3092,6.5125,5.5138,9.78,1.7953,4.0173,1.6049,2.8577,8.5247,5.2011
9.429,2.6325,2.0654,4.4412,1.3074,4.4135,10.729,1.8675,5.7357,4.6938,1.4106,4.9893,4.0727,1.4534,4.7948,9.4228,7.7454,0.95437,2.602,0.81491,6.4747,4.3411,2.1463,2.8137,1.8126,7.3692,1.3497,2.2046,2.9809,2.2991,6.4664,5.5189,9.7488,1.7947,4.0079,1.6096,2.8788,8.6141,5.2343
9.405,2.6594,2.0512,4.4678,1.315,4.4289,11.021,1.8796,5.7929,4.6694,1.4042,4.9342,4.102,1.4468,4.7443,9.4084,7.8159,0.95778,2.6865,0.81594,6.4562,4.3746,2.1299,2.7967,1.8372,7.5507,1.3396,2.2177,2.9668,2.2892,6.4217,5.5234,9.7115,1.7888,3.9986,1.6312,2.8927,8.7023,5.2663
9.3795,2.6836,2.0337,4.5513,1.3212,4.4449,11.315,1.8906,5.8487,4.6448,1.3981,4.8799,4.1263,1.4393,4.6934,9.389,7.8833,0.96089,2.7702,0.81638,6.4273,4.4071,2.1126,2.7791,1.8593,7.7354,1.3284,2.2301,2.9526,2.2802,6.3784,5.5275,9.6678,1.7783,3.989,1.6527,2.8998,8.7894,5.2972
9.3526,2.7056,2.0127,4.6591,1.326,4.4614,11.614,1.9004,5.9032,4.6198,1.3928,4.8268,4.1453,1.4309,4.6434,9.3652,7.947,0.97118,2.8528,0.81641,6.3885,4.4387,2.0946,2.761,1.879,7.9229,1.3157,2.2413,2.9383,2.2715,6.3376,5.5311,9.6176,1.7633,3.9793,1.6737,2.9004,8.8753,5.3544
9.3249,2.7245,1.9881,4.7622,1.3292,4.479,11.916,1.9092,5.9565,4.5946,1.3889,4.7745,4.1588,1.4443,4.5932,9.3364,8.0072,0.98729,2.9339,0.81589,6.3403,4.4695,2.0757,2.7427,1.8962,8.113,1.3014,2.2517,2.9238,2.2624,6.298,5.5353,9.5609,1.7441,3.9696,1.6942,2.8955,8.9599,5.4842
9.2952,2.7408,1.9608,4.8602,1.331,4.4973,12.22,1.9168,6.0083,4.5695,1.3872,4.728,4.1667,1.4609,4.5427,9.3035,8.0637,1.0038,3.013,0.81486,6.2834,4.4994,2.0562,2.7238,1.9109,8.3051,1.2854,2.2616,2.9094,2.2527,6.2592,5.539,9.4979,1.7217,3.9595,1.7138,2.8863,9.0431,5.6128
9.2648,2.7542,1.9301,4.9527,1.3312,4.5166,12.526,1.9234,6.0586,4.544,1.388,4.8434,4.1688,1.4774,4.4921,9.2658,8.1162,1.0209,3.09,0.81343,6.2183,4.5283,2.036,2.7045,1.9231,8.4997,1.2677,2.2707,2.895,2.2423,6.221,5.5423,9.4639,1.6963,3.9496,1.7326,2.8743,9.125,5.7402
9.2325,2.7646,1.8969,5.0394,1.3299,4.5369,12.831,1.929,6.1075,4.5183,1.3917,4.9534,4.165,1.4939,4.4417,9.2239,8.1646,1.0383,3.1648,0.81148,6.1456,4.5565,2.0152,2.6954,1.9329,8.6954,1.2484,2.2787,2.8805,2.2312,6.1836,5.5453,9.4641,1.6687,3.9393,1.7501,2.8611,9.2058,5.8658
9.1994,2.7713,1.8609,5.1203,1.3269,4.5581,13.137,1.9337,6.155,4.4923,1.3985,5.0575,4.1551,1.5104,4.392,9.1778,8.2092,1.0559,3.237,0.80904,6.066,4.5836,1.9939,2.6862,1.9403,8.8917,1.2307,2.2854,2.8659,2.2194,6.1622,5.5478,9.4628,1.64,3.929,1.7661,2.8486,9.2852,5.9897
9.1646,2.7761,1.8233,5.1953,1.3386,4.5803,13.438,1.9375,6.2009,4.4665,1.4084,5.1551,4.1391,1.5267,4.3423,9.1276,8.413,1.0736,3.3068,0.80624,5.9802,4.6102,1.9721,2.6771,1.9455,9.1478,1.2246,2.2908,2.8512,2.2149,6.1974,5.55,9.4591,1.6111,3.9184,1.7805,2.8383,9.3631,6.1114
9.1288,2.7772,1.7837,5.2642,1.3551,4.6033,13.736,1.9405,6.2452,4.4551,1.4214,5.246,4.117,1.5429,4.2926,9.0736,8.6194,1.0912,3.3742,0.80295,5.8888,4.6355,1.95,2.6679,1.9484,9.415,1.2164,2.295,2.8365,2.2291,6.2351,5.5528,9.4528,1.5828,3.9078,1.7931,2.8316,9.4398,6.2308
9.0916,2.7747,1.7428,5.3271,1.372,4.6271,14.027,1.9428,6.2879,4.4636,1.4373,5.3296,4.0896,1.559,4.2432,9.0156,8.8235,1.1088,3.4391,0.79919,5.864,4.6604,1.9275,2.6587,1.9493,9.681,1.206,2.3005,2.8216,2.2428,6.2748,5.5552,9.4441,1.556,3.897,1.8037,2.8298,9.5153,6.348
9.0537,2.7699,1.7014,5.3838,1.3894,4.6535,14.309,1.9446,6.3288,4.472,1.4556,5.4065,4.0563,1.5748,4.1947,8.9544,9.0245,1.1262,3.5017,0.79512,5.884,4.6841,1.9048,2.6495,1.9481,9.9456,1.1936,2.3078,2.8067,2.2562,6.3161,5.5573,9.4329,1.5314,3.8861,1.8121,2.8333,9.5893,6.4628
9.0142,2.7624,1.6598,5.4346,1.4071,4.6816,14.581,1.9459,6.368,4.4803,1.4761,5.476,4.0184,1.5905,4.1652,8.8897,9.2214,1.1433,3.5621,0.79063,5.902,4.7072,1.8821,2.6403,1.945,10.208,1.1791,2.3137,2.7919,2.2693,6.3588,5.5591,9.4192,1.5096,3.8749,1.8183,2.8425,9.6619,6.5752
8.9749,2.7516,1.6184,5.4796,1.425,4.7083,14.841,1.947,6.4053,4.4887,1.4982,5.5379,3.976,1.6059,4.1546,8.8217,9.4253,1.1601,3.6205,0.78572,5.918,4.7293,1.8592,2.631,1.9402,10.466,1.1626,2.3184,2.7771,2.2825,6.4025,5.5607,9.4031,1.4913,3.8638,1.8224,2.8571,9.7335,6.6851
8.9343,2.7377,1.5779,5.5189,1.4431,4.7335,15.086,1.948,6.4405,4.4968,1.5214,5.5923,3.9752,1.6211,4.1434,8.7508,9.6717,1.1766,3.677,0.78045,5.9318,4.7507,1.8365,2.6218,1.9338,10.719,1.1441,2.3216,2.7622,2.2965,6.4463,5.562,9.3847,1.4764,3.9666,1.8246,2.8762,9.8037,6.7925
8.8932,2.7415,1.5389,5.5528,1.4611,4.7567,15.315,1.9495,6.4736,4.5048,1.5452,5.6395,3.9971,1.6361,4.1318,8.6771,9.9137,1.1926,3.7317,0.77491,5.9436,4.7713,1.8139,2.6126,1.9258,10.968,1.1504,2.3237,2.7472,2.3104,6.4894,5.5631,9.3636,1.465,4.073,1.8295,2.8989,9.8722,6.8972
8.8526,2.7571,1.5019,5.5819,1.4791,4.7783,15.526,1.9524,6.5049,4.5125,1.5692,5.6803,4.019,1.6507,4.1204,8.6006,10.151,1.2083,3.7848,0.76902,5.9532,4.791,1.7916,2.6034,1.9165,11.21,1.1681,2.3244,2.7323,2.3239,6.5314,5.5647,9.3398,1.4571,4.1778,1.8358,2.9238,9.9399,6.9988
8.8117,2.7704,1.4674,5.6063,1.4969,4.8025,15.717,1.9559,6.5338,4.5202,1.5929,5.7146,4.0403,1.6657,4.1089,8.5215,10.383,1.2239,3.8362,0.7628,5.9607,4.81,1.7695,2.5943,1.9059,11.444,1.1853,2.3242,2.7172,2.3369,6.5726,5.5662,9.3131,1.4521,4.2803,1.8445,2.9495,10.006,7.0971
8.7708,2.7821,1.4361,5.6266,1.5144,4.8257,15.886,1.9596,6.5604,4.5276,1.6158,5.7427,4.061,1.6804,4.0971,8.4401,10.609,1.2394,3.8859,0.75627,5.966,4.8282,1.7479,2.5851,1.8942,11.669,1.2016,2.3229,2.7022,2.3498,6.6118,5.5674,9.2834,1.4496,4.3805,1.8599,2.9745,10.071,7.1915
8.7299,2.792,1.4274,5.643,1.5315,4.8474,16.032,1.9633,6.5847,4.5349,1.6376,5.7654,4.0811,1.6948,4.0849,8.3568,10.829,1.2549,3.934,0.74956,5.9692,4.8457,1.7268,2.576,1.8814,11.886,1.2169,2.32,2.6871,2.362,6.648,5.5684,9.2503,1.4491,4.4781,1.8733,2.9977,10.134,7.2819
8.8326,2.7997,1.4325,5.6556,1.5481,4.8674,16.153,1.9668,6.6067,4.542,1.6582,5.7832,4.1002,1.709,4.0723,8.2716,11.042,1.2704,3.9804,0.74261,5.9701,4.8624,1.7063,2.5669,1.8678,12.092,1.2312,2.3163,2.6719,2.374,6.681,5.5693,9.2138,1.4499,4.5726,1.8844,3.0179,10.196,7.3679
8.9844,2.8056,1.4368,5.6646,1.5641,4.8856,16.249,1.97,6.6261,4.5738,1.6771,5.7969,4.1184,1.7228,4.0595,8.2323,11.249,1.2857,4.0251,0.73542,5.9692,4.8784,1.6865,2.5578,1.8534,12.288,1.2445,2.3109,2.6569,2.3853,6.7384,5.57,9.1742,1.4512,4.6641,1.893,3.0344,10.257,7.4493
9.1254,2.8103,1.4403,5.6701,1.5795,4.9015,16.319,1.9726,6.6434,4.6643,1.6941,5.8076,4.1358,1.7365,4.0463,8.2354,11.449,1.301,4.0681,0.72801,5.9662,4.8936,1.6674,2.5488,1.8384,12.471,1.259,2.3045,2.6419,2.3964,6.8236,5.5706,9.1307,1.4526,4.7521,1.8992,3.0466,10.317,7.526
9.2545,2.8131,1.4436,5.6721,1.5944,4.915,16.363,1.9744,6.6581,4.7597,1.7092,5.8153,4.1525,1.7498,4.0329,8.2378,11.641,1.3161,4.1094,0.72041,5.9612,4.9082,1.6491,2.5398,1.8229,12.657,1.2749,2.2969,2.6268,2.407,6.9088,5.5711,9.0833,1.4532,4.8365,1.9033,3.0542,10.375,7.5978
9.3714,2.8139,1.4461,5.6704,1.612,4.9259,16.38,1.9781,6.6703,4.8595,1.7222,5.8205,4.1686,1.7629,4.0195,8.2399,11.827,1.331,4.1491,0.71268,5.9546,4.9221,1.6317,2.5308,1.807,12.831,1.2897,2.288,2.6118,2.4172,6.9943,5.5721,9.0325,1.4524,4.917,1.9062,3.057,10.432,7.6647
9.476,2.8139,1.4478,5.6649,1.6294,4.9345,16.371,1.9884,6.6803,4.9637,1.733,5.8237,4.1843,1.7757,4.0065,8.2412,12.005,1.3456,4.1872,0.72074,5.9462,4.9353,1.6153,2.5219,1.7908,12.987,1.3032,2.2782,2.5967,2.4269,7.0798,5.573,8.9788,1.4497,4.9935,1.9085,3.0552,10.487,7.7268
9.568,2.8123,1.4487,5.6554,1.6463,4.9407,16.337,1.9982,6.6875,5.0718,1.7416,5.8252,4.1994,1.7882,3.9933,8.242,12.176,1.3596,4.2237,0.7335,5.9362,4.9479,1.5999,2.5131,1.7744,13.125,1.3155,2.2669,2.5816,2.4362,7.1639,5.5738,8.9228,1.4445,5.066,1.9098,3.0487,10.541,7.7842
9.6474,2.809,1.4488,5.6419,1.6628,4.9443,16.277,2.0076,6.6927,5.1837,1.748,5.8256,4.214,1.8005,3.9799,8.4156,12.34,1.3732,4.2589,0.75048,5.9246,4.9598,1.5855,2.5043,1.7578,13.243,1.3265,2.2548,2.5665,2.4452,7.2473,5.5744,8.8651,1.4365,5.1342,1.9097,3.1142,10.594,7.8366
9.7154,2.805,1.4481,5.6242,1.6789,4.9453,16.221,2.0165,6.6951,5.2991,1.7521,5.8252,4.2282,1.8124,3.9663,8.6194,12.497,1.3863,4.2925,0.7681,5.9116,4.9713,1.5721,2.4956,1.7413,13.343,1.3362,2.2412,2.5514,2.4536,7.3296,5.575,8.8059,1.4254,5.1979,1.9077,3.2019,10.645,7.884
9.7712,2.7997,1.4471,5.6023,1.6944,4.9435,16.149,2.025,6.6956,5.4176,1.7539,5.8243,4.2427,1.8242,3.9526,8.8322,12.648,1.3988,4.3246,0.78633,5.8973,4.982,1.5599,2.487,1.7249,13.423,1.3446,2.2265,2.5363,2.4618,7.4095,5.5754,8.7454,1.4111,5.2571,1.9036,3.2902,10.695,7.9262
9.8144,2.793,1.4452,5.5761,1.7092,4.9387,16.05,2.0331,6.6933,5.5392,1.7536,5.8231,4.2574,1.8356,3.9388,9.053,12.791,1.4108,4.355,0.80511,5.8818,4.9923,1.5488,2.4784,1.7087,13.483,1.3518,2.2108,2.5212,2.4695,7.4887,5.5757,8.6834,1.4264,5.3116,1.8977,3.3794,10.743,7.9633
9.8449,2.789,1.4425,5.5459,1.7235,4.9308,15.925,2.0409,6.6892,5.6634,1.7512,5.8217,4.2717,1.8469,3.9249,9.2808,12.928,1.4223,4.3835,0.82438,5.8652,5.002,1.5388,2.4699,1.7243,13.534,1.3578,2.1938,2.5062,2.4768,7.565,5.576,8.6194,1.4427,5.3612,1.8919,3.4694,10.791,7.9952
9.8634,2.7908,1.4609,5.5113,1.7371,4.9195,15.776,2.0484,6.6823,5.7899,1.7467,5.8201,4.2849,1.8578,3.9109,9.5152,13.059,1.4333,4.41,0.8441,5.8475,5.0112,1.53,2.4616,1.7388,13.591,1.3627,2.1761,2.4912,2.4839,7.6394,5.5762,8.5531,1.4579,5.4061,1.8859,3.5605,10.837,8.0217
9.8712,2.7889,1.4925,5.473,1.75,4.9046,15.605,2.0558,6.6738,5.9186,1.7518,5.8186,4.2966,1.8685,3.8971,9.755,13.183,1.4438,4.4343,0.86417,5.8289,5.0199,1.5223,2.4533,1.7508,13.638,1.3664,2.1571,2.4762,2.4906,7.711,5.5769,8.484,1.4721,5.4461,1.8783,3.6526,10.882,8.0427
9.8667,2.7833,1.5262,5.4306,1.7622,4.8859,15.414,2.0629,6.6626,6.0491,1.7655,5.8169,4.3065,1.879,3.8836,9.9978,13.301,1.4537,4.4562,0.88453,5.8091,5.0283,1.5158,2.4451,1.7602,13.67,1.3691,2.1376,2.4612,2.497,7.78,5.5775,8.4115,1.4847,5.4811,1.8688,3.7454,10.925,8.0584
9.8499,2.7875,1.5613,5.3845,1.7737,4.9053,15.204,2.0698,6.6498,6.1813,1.7772,5.8147,4.3171,1.8892,3.8701,10.242,13.413,1.4631,4.4757,0.90508,5.7882,5.0362,1.5105,2.437,1.7669,13.691,1.3707,2.1168,2.4463,2.5031,7.8461,5.5781,8.3354,1.4958,5.511,1.8575,3.8385,10.967,8.0687
9.8221,2.7947,1.5974,5.3349,1.7845,4.9795,14.978,2.0762,6.6346,6.3149,1.787,5.8117,4.3427,1.8991,3.8565,10.485,13.52,1.4721,4.4928,0.92575,5.7661,5.0436,1.5063,2.4291,1.7822,13.697,1.3712,2.0955,2.4314,2.5088,7.9092,5.5786,8.2572,1.5052,5.5358,1.8449,3.9315,11.007,8.0743
9.7838,2.8016,1.634,5.2818,1.7945,5.045,14.738,2.0822,6.6178,6.4496,1.8128,5.8075,4.3668,1.9088,3.843,10.725,13.621,1.4806,4.5074,0.94646,5.7428,5.0507,1.5031,2.4212,1.8071,13.692,1.3706,2.0733,2.4164,2.514,7.9689,5.5791,8.1757,1.5133,5.5553,1.8311,4.0241,11.047,8.0751
9.7334,2.8078,1.6705,5.2257,1.8039,5.1019,14.484,2.0877,6.5988,6.5853,1.8431,5.8017,4.3898,1.9183,3.8294,11.032,13.718,1.4886,4.5196,0.96714,5.7182,5.0574,1.501,2.4134,1.8304,13.675,1.3689,2.0504,2.4015,2.5189,8.0255,5.5795,8.0907,1.5203,5.5697,1.8455,4.1156,11.085,8.072
9.672,2.813,1.7067,5.1665,1.8126,5.15,14.22,2.0928,6.5782,6.7218,1.8704,5.7936,4.4108,1.9275,3.8159,11.345,13.809,1.4962,4.5292,0.9877,5.6924,5.0636,1.5,2.4057,1.852,13.646,1.3661,2.0268,2.3867,2.5234,8.0782,5.5799,8.0035,1.5265,5.5791,1.8627,4.2055,11.122,8.065
9.6009,2.8177,1.7421,5.1047,1.8207,5.1889,13.946,2.0973,6.5558,6.8589,1.8947,5.7831,4.4312,1.9364,3.8024,11.658,13.896,1.5033,4.536,1.0081,5.6655,5.0693,1.4999,2.398,1.872,13.609,1.3622,2.0029,2.3718,2.5273,8.1276,5.5803,7.9137,1.5313,5.5833,1.8747,4.2935,11.158,8.0542
9.5174,2.8212,1.7765,5.0404,1.8282,5.2183,13.665,2.1013,6.5315,6.9966,1.9158,5.7697,4.4495,1.9451,3.7889,11.97,13.978,1.5097,4.5397,1.0282,5.6373,5.0747,1.5008,2.3904,1.8905,13.562,1.3574,1.9784,2.357,2.5309,8.1728,5.5806,7.821,1.5349,5.5822,1.8816,4.3791,11.192,8.0395
9.4256,2.824,1.8095,4.9739,1.8475,5.2387,13.377,2.1047,6.5061,7.1347,1.9338,5.7534,4.467,1.9535,3.7755,12.281,14.056,1.5155,4.5403,1.0479,5.6081,5.0794,1.5026,2.3828,1.9145,13.508,1.3516,1.9543,2.3422,2.5339,8.2148,5.581,7.7259,1.5376,5.5759,1.8837,4.462,11.225,8.0209
9.3223,2.8255,1.8407,4.9053,1.8722,5.2501,13.086,2.1077,6.4789,7.273,1.9488,5.7337,4.4828,1.9617,3.7627,12.589,14.13,1.5205,4.5377,1.0673,5.5777,5.0838,1.5052,2.3753,1.9392,13.446,1.345,1.9313,2.3276,2.5366,8.2521,5.5813,7.6296,1.539,5.5647,1.8811,4.5419,11.257,7.9979
9.2538,2.8266,1.87,4.835,1.898,5.2525,12.792,2.1101,6.4503,7.4117,1.9609,5.7107,4.4975,1.9699,3.7499,12.893,14.201,1.5249,4.5481,1.0863,5.5463,5.0876,1.5086,2.3677,1.9592,13.38,1.3376,1.9095,2.3129,2.5387,8.2863,5.582,7.5311,1.5391,5.5485,1.8743,4.6187,11.287,7.9707
9.2466,2.8313,1.8974,4.7631,1.9243,5.2961,12.498,2.112,6.4206,7.5504,1.9704,5.6843,4.5106,1.9783,3.7371,13.193,14.268,1.5286,4.5623,1.1048,5.6727,5.091,1.5127,2.3601,1.9746,13.31,1.3294,1.8901,2.2983,2.5403,8.3154,5.5829,7.4306,1.5379,5.5274,1.8636,4.6923,11.317,7.9392
9.2283,2.8347,1.9223,4.6897,1.9507,5.3561,12.206,2.1135,6.3896,7.6891,1.9775,5.6545,4.5226,1.9864,3.7245,13.486,14.332,1.5317,4.5732,1.1228,5.85,5.0937,1.5174,2.3526,1.9855,13.237,1.3204,1.8711,2.2837,2.5416,8.3417,5.5837,7.3282,1.5436,5.5013,1.8495,4.7628,11.344,7.9031
9.2003,2.8301,1.945,4.6152,1.9769,5.4135,11.917,2.1145,6.3576,7.8277,1.9825,5.6211,4.5332,1.9943,3.7119,13.774,14.394,1.5342,4.5808,1.1403,6.0265,5.0961,1.5227,2.3451,1.9953,13.162,1.3106,1.8512,2.2692,2.5423,8.3628,5.5846,7.2246,1.5505,5.4706,1.8328,4.83,11.372,7.8625
9.1654,2.8218,1.9654,4.5399,2.0027,5.4686,11.633,2.115,6.3248,7.9662,1.9857,5.5842,4.5425,2.0019,3.6995,14.055,14.452,1.5361,4.585,1.1573,6.2017,5.0978,1.5286,2.3375,2.0032,13.088,1.3,1.84,2.2546,2.5427,8.3809,5.5856,7.1457,1.5565,5.4355,1.8137,4.8941,11.397,7.8176
9.1261,2.8188,1.983,4.4639,2.0282,5.5209,11.356,2.1152,6.2912,8.1046,1.9872,5.5442,4.5508,2.0092,3.6871,14.329,14.508,1.5377,4.5859,1.1738,6.3751,5.0993,1.535,2.33,2.0231,13.014,1.2886,1.8447,2.2424,2.5516,8.3943,5.609,7.0811,1.5617,5.3958,1.7929,4.955,11.421,7.7689
9.0814,2.815,1.9984,4.3872,2.0532,5.5706,11.086,2.1149,6.2574,8.2426,1.9868,5.5017,4.5574,2.0162,3.6749,14.597,14.562,1.5388,4.5835,1.1899,6.5463,5.1,1.5418,2.3224,2.0382,12.942,1.2763,1.849,2.2449,2.565,8.4041,5.673,7.0173,1.5661,5.3518,1.7708,5.0128,11.444,7.7169
9.0307,2.8162,2.0114,4.3102,2.0776,5.6174,10.825,2.1143,6.2237,8.3798,1.9845,5.4565,4.5633,2.0229,3.6628,14.858,14.613,1.5397,4.5781,1.2058,6.715,5.1005,1.5489,2.3148,2.0484,12.873,1.2633,1.8529,2.2474,2.5779,8.4098,5.7359,6.9934,1.5699,5.3035,1.7479,5.0675,11.466,7.6621
8.9717,2.8324,2.0217,4.233,2.1014,5.6614,10.575,2.1133,6.1907,8.5157,1.9805,5.4102,4.5675,2.0293,3.6509,15.112,14.662,1.5404,4.5699,1.2215,6.881,5.1003,1.5564,2.3072,2.0539,12.808,1.2495,1.8566,2.2499,2.5901,8.4113,5.7973,6.967,1.573,5.2514,1.7246,5.1189,11.487,7.6046
8.9043,2.8646,2.0301,4.1556,2.1247,5.7023,10.474,2.112,6.1583,8.6501,1.9746,5.3625,4.571,2.0354,3.6394,15.359,14.709,1.5411,4.5589,1.2374,7.044,5.0997,1.564,2.2996,2.055,12.748,1.235,1.86,2.2524,2.6016,8.4095,5.8567,6.9405,1.5758,5.1954,1.7013,5.1671,11.506,7.5445
8.829,2.9156,2.0362,4.0787,2.1474,5.7401,10.449,2.1103,6.1259,8.7825,1.967,5.3149,4.5733,2.0412,3.6281,15.597,14.754,1.5417,4.5453,1.2536,7.2038,5.0987,1.5718,2.292,2.0518,12.694,1.2198,1.863,2.2547,2.6128,8.4029,5.9147,6.9117,1.578,5.1356,1.6783,5.2117,11.525,7.4818
8.7474,2.9665,2.0402,4.0049,2.1695,5.7747,10.426,2.1084,6.0935,8.9126,1.9579,5.2679,4.5742,2.0466,3.6169,15.826,14.797,1.5425,4.5293,1.2695,7.3603,5.097,1.5798,2.2843,2.0446,12.647,1.2315,1.8656,2.2571,2.6233,8.3935,5.9714,6.8828,1.5798,5.0723,1.6562,5.2525,11.542,7.4163
8.6831,3.0161,2.0425,3.9819,2.191,5.8058,10.404,2.1113,6.0606,9.04,1.9472,5.2225,4.5746,2.0518,3.6058,16.044,14.838,1.5435,4.511,1.2849,7.5135,5.0952,1.5878,2.2766,2.048,12.605,1.261,1.8677,2.2594,2.6332,8.3792,6.0259,6.8524,1.5815,5.0055,1.6351,5.2892,11.558,7.3481
8.6372,3.0627,2.0433,3.9581,2.2119,5.8335,10.386,2.1205,6.0273,9.1648,1.9353,5.1796,4.5735,2.0566,3.5949,16.252,14.878,1.5449,4.4905,1.2997,7.6632,5.0927,1.5958,2.2689,2.0669,12.572,1.2898,1.8694,2.2616,2.6424,8.362,6.0788,6.821,1.5832,4.9354,1.6151,5.3233,11.572,7.2775
8.5865,3.1048,2.0426,3.9336,2.2322,5.8576,10.369,2.1294,5.9935,9.2865,1.9469,5.2236,4.5718,2.061,3.5842,16.448,14.916,1.5467,4.4677,1.3138,7.8096,5.0899,1.6038,2.2612,2.0838,12.547,1.3179,1.8708,2.2638,2.6513,8.3403,6.1303,6.7895,1.5849,4.8624,1.5962,5.3576,11.586,7.2407
8.5317,3.1411,2.0406,3.9085,2.2519,5.8783,10.357,2.1381,5.9593,9.4049,1.9625,5.2831,4.5864,2.0651,3.5736,16.633,14.953,1.5492,4.4426,1.3271,7.9527,5.0867,1.6117,2.2534,2.0986,12.529,1.3451,1.8717,2.2659,2.6595,8.3154,6.1795,6.7573,1.5869,4.7865,1.5781,5.387,11.598,7.2637
8.4722,3.1711,2.0379,3.8828,2.271,5.8951,10.347,2.1466,5.9245,9.5199,1.9781,5.34,4.6174,2.0689,3.5632,16.807,14.988,1.5524,4.4151,1.3399,8.0923,5.0829,1.6194,2.2457,2.1111,12.519,1.3715,1.8722,2.268,2.6671,8.2866,6.227,6.7246,1.5896,4.7077,1.5608,5.4112,11.609,7.2856
8.4075,3.1941,2.0347,3.8565,2.2894,5.9084,10.342,2.1549,5.8893,9.6316,1.9935,5.3952,4.6463,2.0722,3.553,16.97,15.021,1.5564,4.3856,1.3526,8.2286,5.0789,1.627,2.2379,2.1213,12.518,1.397,1.8723,2.27,2.674,8.2539,6.2731,6.6913,1.5928,4.6262,1.544,5.4302,11.619,7.3063
8.3381,3.2475,2.0309,3.8299,2.3074,5.9179,10.34,2.1628,5.8536,9.7394,2.0085,5.4474,4.6733,2.0752,3.5429,17.122,15.054,1.5614,4.3542,1.3654,8.3615,5.0743,1.6343,2.2301,2.129,12.523,1.4217,1.872,2.272,2.6806,8.2185,6.3166,6.6571,1.5967,4.5423,1.5275,5.4437,11.628,7.3259
8.2653,3.2941,2.0607,3.8029,2.3247,5.9235,10.342,2.1707,5.8175,9.8434,2.0229,5.4976,4.6982,2.0779,3.533,17.263,15.085,1.5681,4.321,1.378,8.4913,5.0695,1.6414,2.2223,2.1342,12.536,1.4456,1.8713,2.274,2.6865,8.1787,6.3586,6.6228,1.6013,4.5016,1.5113,5.4516,11.635,7.3447
8.1879,3.3332,2.0957,3.7757,2.3415,5.9254,10.349,2.1783,5.781,9.9437,2.0366,5.545,4.7212,2.0801,3.5233,17.394,15.114,1.5796,4.2861,1.3902,8.618,5.0643,1.6482,2.2144,2.1368,12.557,1.4686,1.8703,2.2758,2.6917,8.1363,6.3989,6.5871,1.6067,4.5313,1.4951,5.4541,11.641,7.3631
8.1063,3.364,2.1281,3.7482,2.3577,5.9231,10.359,2.1856,5.7441,10.04,2.0493,5.59,4.7426,2.082,3.5141,17.514,15.142,1.5921,4.2493,1.4019,8.7417,5.0585,1.6547,2.2066,2.1368,12.583,1.4908,1.8689,2.2777,2.6964,8.0908,6.4367,6.5505,1.6127,4.5578,1.4788,5.4514,11.646,7.3817
8.0215,3.387,2.1579,3.7206,2.3733,5.917,10.374,2.1926,5.7068,10.132,2.061,5.6328,4.7621,2.0834,3.5049,17.624,15.169,1.6054,4.2105,1.4128,8.8626,5.0526,1.6608,2.1987,2.1341,12.615,1.5122,1.8671,2.2795,2.7007,8.0414,6.4728,6.5128,1.619,4.5811,1.4622,5.4435,11.65,7.4009
7.934,3.4021,2.1853,3.6929,2.3884,5.9065,10.393,2.1996,5.6693,10.22,2.0717,5.6729,4.7797,2.0845,3.496,17.722,15.195,1.6198,4.1698,1.4229,8.9807,5.0462,1.6665,2.1908,2.1287,12.653,1.5331,1.865,2.2813,2.7043,7.99,6.5072,6.4739,1.6261,4.601,1.4452,5.431,11.653,7.4204
7.8437,3.4099,2.2104,3.6653,2.403,5.8921,10.416,2.2062,5.6316,10.304,2.0811,5.7112,4.7955,2.0851,3.4872,17.809,15.219,1.6353,4.1273,1.4322,9.0958,5.0395,1.6718,2.1829,2.1206,12.694,1.5535,1.8625,2.2832,2.7072,7.9357,6.5389,6.4336,1.6342,4.6176,1.4356,5.4144,11.654,7.4395
7.7514,3.4105,2.2335,3.6377,2.417,5.9361,10.444,2.2126,5.5935,10.384,2.0894,5.7467,4.8097,2.086,3.4786,17.885,15.242,1.652,4.0832,1.4406,9.2079,5.0326,1.6767,2.175,2.1099,12.738,1.5733,1.8596,2.2849,2.7097,7.8782,6.5691,6.3925,1.6431,4.6312,1.4355,5.3941,11.655,7.4578
7.6585,3.4053,2.2548,3.6102,2.4305,6.005,10.475,2.2187,5.5551,10.46,2.0965,5.7806,4.8225,2.0866,3.4702,17.949,15.263,1.6699,4.0375,1.4481,9.317,5.0251,1.681,2.1671,2.0964,12.785,1.5923,1.8565,2.2866,2.7117,7.8185,6.5974,6.3494,1.6533,4.6414,1.4343,5.3708,11.654,7.4748
7.655,3.4158,2.2747,3.5827,2.4435,6.0726,10.51,2.2247,5.5166,10.533,2.1025,5.8121,4.8333,2.0868,3.4619,18.002,15.283,1.689,3.9906,1.4547,9.423,5.0176,1.685,2.1591,2.0802,12.834,1.6102,1.853,2.2883,2.713,7.7571,6.6229,6.3059,1.6636,4.6485,1.432,5.3451,11.651,7.4903
7.6539,3.4447,2.2937,3.5639,2.4559,6.1389,10.549,2.2305,5.4779,10.601,2.1073,5.842,4.8424,2.0866,3.4539,18.043,15.302,1.7093,3.9426,1.4604,9.526,5.0096,1.6883,2.1512,2.0612,12.883,1.627,1.8492,2.2899,2.7139,7.693,6.6469,6.2607,1.6734,4.6526,1.4285,5.3175,11.648,7.5044
7.652,3.47,2.3121,3.5571,2.4679,6.2039,10.591,2.236,5.4389,10.666,2.111,5.8698,4.8503,2.0859,3.446,18.073,15.319,1.7309,3.8939,1.4651,9.6258,5.0013,1.6913,2.1432,2.056,12.931,1.6427,1.8451,2.2915,2.7142,7.6265,6.6689,6.2137,1.6824,4.6533,1.4238,5.2888,11.643,7.5173
7.6494,3.4916,2.3305,3.5501,2.4793,6.2677,10.636,2.2412,5.3999,10.728,2.1137,5.896,4.8562,2.0848,3.4868,18.092,15.334,1.7537,3.8448,1.469,9.7226,4.9928,1.6936,2.1352,2.0794,12.978,1.6573,1.8408,2.2931,2.7139,7.5591,6.6882,6.1666,1.6905,4.6514,1.4278,5.2592,11.638,7.5293
7.6461,3.5097,2.349,3.5431,2.4902,6.3304,10.684,2.2462,5.3607,10.786,2.1154,5.9205,4.861,2.0833,3.5425,18.099,15.349,1.7776,3.7954,1.4721,9.8163,4.9839,1.6954,2.1273,2.1025,13.023,1.6709,1.8364,2.2946,2.7132,7.4901,6.7057,6.1176,1.6977,4.6463,1.4328,5.2294,11.631,7.5407
7.6432,3.5261,2.3677,3.536,2.5007,6.3918,10.736,2.2511,5.3213,10.841,2.1161,5.9432,4.8641,2.0813,3.5978,18.095,15.361,1.8027,3.7461,1.4744,9.9071,4.9749,1.6966,2.1193,2.1251,13.065,1.6838,1.8317,2.2961,2.712,7.4192,6.7215,6.0668,1.7036,4.6383,1.4368,5.1996,11.623,7.5518
7.6397,3.5416,2.3869,3.5289,2.5106,6.4524,10.789,2.2557,5.2819,10.893,2.1161,5.9745,4.8657,2.0789,3.6521,18.082,15.373,1.8288,3.6973,1.4759,9.9949,4.9655,1.6973,2.1113,2.1473,13.103,1.696,1.8267,2.2975,2.7101,7.3467,6.7345,6.0314,1.7084,4.6275,1.4398,5.17,11.614,7.5626
7.6355,3.5579,2.4069,3.5217,2.5201,6.5121,10.845,2.2601,5.2423,10.941,2.1153,6.1073,4.8662,2.076,3.7052,18.058,15.382,1.8559,3.6491,1.4768,10.08,4.9559,1.6973,2.1033,2.169,13.137,1.7075,1.8215,2.2989,2.7079,7.2736,6.7453,6.0257,1.7118,4.6138,1.4419,5.1407,11.603,7.573
7.6307,3.5757,2.4274,3.5144,2.5291,6.5716,10.902,2.2642,5.2027,10.99,2.1139,6.2458,4.8915,2.0727,3.7574,18.025,15.391,1.884,3.602,1.4771,10.162,4.9461,1.6968,2.0953,2.1902,13.166,1.7181,1.816,2.3003,2.7051,7.2,6.7548,6.0197,1.7139,4.5976,1.4431,5.1116,11.592,7.5832
7.6252,3.5961,2.4482,3.507,2.5375,6.6315,10.961,2.2681,5.163,11.047,2.1119,6.3893,4.9786,2.069,3.808,17.983,15.398,1.913,3.556,1.477,10.242,4.9359,1.6958,2.0873,2.2108,13.19,1.7279,1.8102,2.3016,2.7018,7.1253,6.7615,6.0133,1.7145,4.5785,1.4547,5.0828,11.579,7.593
7.619,3.6209,2.4688,3.4995,2.5455,6.6922,11.021,2.2719,5.1231,11.099,2.1096,6.5371,5.061,2.0648,3.8576,17.934,15.403,1.9428,3.5116,1.4763,10.319,4.9256,1.6941,2.0792,2.2308,13.209,1.7367,1.8042,2.3029,2.698,7.0499,6.7655,6.0088,1.7133,4.5572,1.4665,5.0541,11.566,7.6019
7.6122,3.6502,2.4892,3.492,2.553,6.7537,11.082,2.2754,5.0835,11.146,2.107,6.6884,5.139,2.0602,3.9052,17.876,15.407,1.9733,3.4691,1.4753,10.394,4.915,1.6918,2.0712,2.2501,13.304,1.7445,1.7979,2.3042,2.6937,6.9739,6.7687,6.0066,1.7101,4.5331,1.4766,5.0251,11.551,7.6099
7.6048,3.6848,2.5091,3.4843,2.56,6.8158,11.144,2.2787,5.0436,11.188,2.1043,6.8433,5.2117,2.0551,3.9517,17.812,15.41,2.0044,3.4286,1.4739,10.467,4.9043,1.6889,2.0632,2.2687,13.405,1.7515,1.7914,2.3054,2.6888,6.8979,6.7692,6.0039,1.708,4.5069,1.4847,4.9957,11.535,7.6165
7.5968,3.7253,2.5285,3.4766,2.5665,6.8783,11.205,2.2817,5.0039,11.225,2.1017,7.0005,5.2791,2.0496,3.9958,17.741,15.41,2.0361,3.3905,1.4722,10.538,4.8932,1.6855,2.0552,2.2866,13.5,1.7574,1.7847,2.3066,2.6836,6.8224,6.7669,6.001,1.7179,4.4782,1.4908,4.9655,11.518,7.6216
7.5891,3.772,2.5472,3.4687,2.5725,6.941,11.298,2.2845,4.9642,11.259,2.0992,7.1598,5.3414,2.0436,4.0387,17.664,15.41,2.0682,3.3548,1.4702,10.607,4.882,1.6815,2.0471,2.3037,13.59,1.7625,1.7778,2.3078,2.6777,6.7469,6.7697,5.9968,1.7262,4.4475,1.4947,4.9342,11.5,7.6251
7.581,3.8253,2.5651,3.4608,2.578,7.0036,11.418,2.2872,4.9245,11.29,2.0972,7.3205,5.3983,2.0373,4.0791,17.581,15.408,2.1005,3.3219,1.4737,10.674,4.8706,1.6769,2.0391,2.3199,13.673,1.7665,1.7706,2.3089,2.6712,6.6716,6.8735,5.9926,1.7327,4.4145,1.4962,4.9016,11.481,7.6269
7.5724,3.8848,2.582,3.4528,2.5829,7.0659,11.539,2.2897,4.8849,11.318,2.0956,7.4823,5.4505,2.0304,4.118,17.493,15.404,2.133,3.2919,1.4778,10.739,4.859,1.6717,2.0311,2.3353,13.749,1.7696,1.7633,2.3101,2.6645,6.5967,6.9715,5.9871,1.7451,4.3797,1.4953,4.8673,11.461,7.627
7.5632,3.9499,2.5977,3.4447,2.5874,7.1277,11.661,2.292,4.8455,11.344,2.0949,7.6444,5.4987,2.0232,4.1545,17.409,15.399,2.1655,3.265,1.4818,10.803,4.8472,1.666,2.0232,2.3498,13.817,1.7718,1.7558,2.3112,2.6572,6.5224,7.0626,5.9807,1.7747,4.3427,1.492,4.9824,11.44,7.6254
7.5535,4.0202,2.612,3.4367,2.5914,7.1888,11.784,2.294,4.8061,11.368,2.095,7.8064,5.5433,2.0155,4.1889,17.432,15.392,2.198,3.2413,1.486,10.866,4.8696,1.6642,2.0152,2.3634,13.876,1.773,1.7481,2.3123,2.6492,6.4488,7.1482,5.974,1.8041,4.3042,1.4862,5.1131,11.419,7.6222
7.5432,4.0955,2.625,3.4286,2.5948,7.2493,11.908,2.2958,4.7668,11.391,2.0962,7.9682,5.5843,2.0074,4.2216,17.452,15.384,2.2304,3.221,1.4904,10.927,4.894,1.6796,2.0073,2.376,13.926,1.7733,1.7402,2.3134,2.6409,6.3762,7.2261,5.9659,1.8333,4.2637,1.4781,5.2471,11.396,7.6235
7.5325,4.1745,2.6363,3.4205,2.5978,7.309,12.032,2.2975,4.7277,11.412,2.0987,8.1287,5.6267,1.9989,4.252,17.467,15.375,2.2626,3.2039,1.495,10.986,4.9173,1.6948,1.9993,2.3877,13.967,1.7727,1.7321,2.3144,2.6322,6.3048,7.3233,5.9567,1.8622,4.2218,1.4676,5.3834,11.373,7.6318
7.5212,4.256,2.6456,3.4123,2.6003,7.3681,12.156,2.299,4.6889,11.433,2.1027,8.2877,5.7033,1.99,4.2804,17.48,15.364,2.2945,3.1903,1.4996,11.045,4.9395,1.7099,1.9914,2.3984,13.998,1.7713,1.7239,2.3154,2.6228,6.2347,7.4533,5.9474,1.8907,4.1781,1.455,5.521,11.349,7.6391
7.5094,4.3398,2.6528,3.404,2.6024,7.4269,12.279,2.3002,4.6501,11.454,2.1084,8.4446,5.7754,1.9811,4.3072,17.489,15.351,2.3259,3.1801,1.5042,11.103,4.9608,1.7248,1.9836,2.4081,14.019,1.7691,1.7156,2.3164,2.6129,6.1663,7.5801,5.9368,1.9189,4.1331,1.4403,5.6589,11.325,7.6454
7.4972,4.4237,2.6837,3.3957,2.6039,7.4856,12.403,2.3013,4.6115,11.476,2.1159,8.5994,5.8426,1.9721,4.3326,17.495,15.338,2.3567,3.1733,1.5086,11.16,4.9811,1.7395,1.9758,2.4168,14.03,1.7661,1.7071,2.3173,2.6028,6.0993,7.7038,5.925,1.9465,4.0866,1.4589,5.7962,11.3,7.6505
7.4853,4.5076,2.7367,3.3873,2.605,7.5445,12.525,2.3021,4.573,11.499,2.1253,8.7516,5.9057,1.9626,4.3568,17.499,15.323,2.3868,3.1699,1.5127,11.216,5.0004,1.754,1.968,2.4245,14.03,1.7624,1.6984,2.3182,2.5921,6.0341,7.8247,5.9126,1.9735,4.039,1.4918,5.9324,11.275,7.6549
7.4731,4.5895,2.7912,3.3788,2.6056,7.6038,12.645,2.3028,4.5349,11.525,2.1368,8.9009,5.9636,1.9528,4.4037,17.499,15.306,2.416,3.1698,1.5166,11.271,5.0189,1.7682,1.9602,2.4311,14.02,1.7581,1.6897,2.3191,2.5809,5.9707,7.9418,5.8996,1.9998,3.99,1.5244,6.0663,11.25,7.6583
7.4605,4.6692,2.8467,3.3703,2.6057,7.6636,12.764,2.3034,4.497,11.553,2.1505,9.0471,6.0163,1.9426,4.4623,17.497,15.288,2.4444,3.1728,1.5202,11.325,5.0364,1.7823,1.9524,2.4368,14,1.7533,1.6808,2.32,2.5693,5.9091,8.0552,5.8854,2.0253,3.9402,1.5566,6.1975,11.225,7.6609
7.4474,4.7454,2.9033,3.3618,2.6054,7.7239,12.881,2.3037,4.4594,11.581,2.1664,9.1899,6.0644,1.9319,4.5184,17.493,15.27,2.4719,3.1788,1.5236,11.379,5.0532,1.7962,1.9448,2.4414,13.968,1.7479,1.6718,2.3208,2.5573,6.0123,8.1654,5.87,2.0501,3.8891,1.5879,6.3251,11.199,7.6627
7.4339,4.8171,2.9609,3.3532,2.6047,7.7849,12.996,2.3038,4.4219,11.609,2.1847,9.3292,6.107,1.9209,4.5722,17.486,15.249,2.4986,3.1877,1.5267,11.432,5.0693,1.8097,1.9372,2.4451,13.926,1.7422,1.6627,2.3216,2.5448,6.1224,8.2715,5.8543,2.0739,3.8374,1.6183,6.4488,11.174,7.6639
7.42,4.8838,3.0192,3.3445,2.6034,7.8466,13.109,2.3037,4.3846,11.632,2.2052,9.4646,6.1442,1.9096,4.6239,17.478,15.228,2.5242,3.1992,1.5295,11.485,5.0847,1.8231,1.9296,2.4477,13.872,1.7361,1.6535,2.3224,2.532,6.2268,8.3735,5.8377,2.0968,3.7847,1.6473,6.5679,11.149,7.6643
7.4057,4.9448,3.0779,3.3358,2.6018,7.9087,13.219,2.3036,4.3476,11.652,2.2279,9.5959,6.1765,1.8978,4.6736,17.468,15.206,2.5489,3.2133,1.532,11.538,5.0996,1.8362,1.9221,2.4492,13.808,1.73,1.6442,2.3231,2.5187,6.3236,8.4715,5.82,2.1187,3.7314,1.6751,6.6824,11.123,7.6638
7.3909,5.0007,3.137,3.3271,2.5998,7.9706,13.325,2.3032,4.3377,11.666,2.2529,9.7232,6.2042,1.8857,4.7229,17.457,15.183,2.5725,3.2295,1.5344,11.59,5.1141,1.8491,1.9147,2.4498,13.776,1.7238,1.6348,2.3238,2.5052,6.4147,8.566,5.8011,2.1396,3.6774,1.7017,6.7922,11.098,7.6627
7.3758,5.0508,3.1961,3.3183,2.5973,8.0322,13.429,2.3027,4.3878,11.675,2.2799,9.8463,6.2274,1.8733,4.7733,17.444,15.159,2.5949,3.2478,1.5365,11.642,5.1282,1.8617,1.9073,2.4493,13.759,1.7177,1.6254,2.3245,2.4916,6.4981,8.6564,5.7822,2.1596,3.6228,1.7267,6.8972,11.072,7.6607
7.3604,5.0965,3.2554,3.3095,2.5943,8.0931,13.53,2.3019,4.4366,11.678,2.3089,9.9654,6.2468,1.8605,4.8234,17.429,15.134,2.6162,3.2679,1.5383,11.694,5.1422,1.874,1.8999,2.4478,13.733,1.7117,1.6158,2.3252,2.4783,6.5756,8.7427,5.7622,2.1915,3.5678,1.7502,6.9978,11.046,7.6579
7.3449,5.1388,3.3173,3.3007,2.591,8.153,13.627,2.3011,4.4839,11.684,2.3396,10.081,6.2631,1.8474,4.8715,17.414,15.108,2.6364,3.2895,1.5399,11.745,5.1559,1.886,1.8926,2.4454,13.699,1.7057,1.6062,2.3258,2.4647,6.6458,8.8248,5.7412,2.2305,3.5124,1.7717,7.0937,11.02,7.6542
7.3296,5.1769,3.3832,3.2918,2.5873,8.2119,13.719,2.3001,4.5297,11.702,2.3719,10.192,6.2769,1.834,4.9169,17.397,15.082,2.6554,3.3124,1.5412,11.797,5.1694,1.8978,1.8855,2.4419,13.656,1.6997,1.6098,2.3265,2.4509,6.7096,8.9026,5.7192,2.2703,3.4567,1.7913,7.1852,10.993,7.6497
7.3139,5.2102,3.4487,3.283,2.5831,8.2696,13.808,2.2989,4.5742,11.718,2.4056,10.299,6.2884,1.8217,4.9592,17.38,15.054,2.6732,3.3362,1.5421,11.848,5.1824,1.9093,1.8784,2.4374,13.604,1.6936,1.6142,2.3271,2.4544,6.767,8.9759,5.6971,2.3105,3.4007,1.8091,7.2722,10.965,7.6444
7.2979,5.2377,3.5139,3.2741,2.5786,8.3262,13.892,2.2975,4.617,11.733,2.4404,10.402,6.2974,1.819,4.9982,17.361,15.107,2.6896,3.3609,1.5428,11.9,5.1951,1.9205,1.8713,2.4319,13.544,1.6875,1.6184,2.3278,2.4577,6.8175,9.0446,5.674,2.3507,3.4015,1.8251,7.3551,10.937,7.687
7.2815,5.259,3.5786,3.2653,2.5737,8.3814,13.972,2.296,4.6587,11.745,2.4761,10.502,6.304,1.8161,5.0338,17.342,15.17,2.7048,3.3859,1.5432,11.952,5.2072,1.9314,1.8643,2.4255,13.476,1.6814,1.6225,2.3284,2.4607,6.8626,9.1087,5.6499,2.3906,3.4023,1.8392,7.4344,10.949,7.8219
7.2648,5.2733,3.6425,3.2564,2.5684,8.4352,14.048,2.2944,4.6987,11.755,2.5124,10.598,6.3081,1.813,5.0662,17.322,15.233,2.7187,3.4112,1.5433,12.004,5.219,1.9421,1.8574,2.4181,13.399,1.6753,1.6265,2.329,2.4636,6.9008,9.1684,5.625,2.4302,3.403,1.8516,7.5102,10.978,7.9639
7.2478,5.281,3.7059,3.2474,2.5628,8.4877,14.118,2.2926,4.7377,11.763,2.549,10.69,6.3094,1.8099,5.0951,17.301,15.295,2.7313,3.4365,1.5432,12.056,5.2301,1.9524,1.8506,2.4111,13.314,1.6694,1.6303,2.3295,2.4663,6.9337,9.2228,5.5999,2.4695,3.4035,1.8625,7.5829,11.007,8.1011
7.2305,5.2812,3.7683,3.2385,2.5568,8.5386,14.183,2.2907,4.7749,11.77,2.5858,10.779,6.3078,1.8068,5.1203,17.279,15.357,2.7427,3.4614,1.5427,12.109,5.241,1.9625,1.8438,2.4276,13.221,1.6638,1.634,2.33,2.4687,6.9604,9.2717,5.5738,2.5087,3.4039,1.8719,7.6525,11.036,8.2336
7.2129,5.2747,3.8296,3.2295,2.5505,8.5881,14.243,2.2886,4.8111,11.774,2.6223,10.866,6.3031,1.8035,5.1422,17.256,15.418,2.753,3.4859,1.5421,12.162,5.2514,1.9723,1.8372,2.4426,13.121,1.6585,1.6376,2.3306,2.4708,6.9814,9.3154,5.5468,2.5476,3.4041,1.88,7.719,11.065,8.3611
7.1951,5.2611,3.8899,3.2205,2.5438,8.6359,14.298,2.2865,4.8458,11.777,2.6585,10.949,6.2952,1.7999,5.161,17.232,15.478,2.7622,3.5097,1.5412,12.215,5.2615,1.9817,1.8305,2.4564,13.013,1.6535,1.6411,2.3311,2.4727,6.9972,9.3542,5.519,2.5862,3.4041,1.8872,7.7823,11.093,8.4834
7.1769,5.2413,3.9489,3.2115,2.5368,8.6824,14.347,2.2841,4.8791,11.778,2.694,11.03,6.2905,1.7962,5.1768,17.208,15.537,2.7704,3.5325,1.5401,12.268,5.2713,1.9909,1.824,2.4689,13.012,1.6489,1.6445,2.3315,2.4744,7.0067,9.3872,5.4911,2.6241,3.404,1.8934,7.8426,11.12,8.6001
7.1592,5.2154,4.0062,3.2024,2.5295,8.7273,14.39,2.2817,4.9113,11.778,2.7286,11.109,6.3324,1.7923,5.1896,17.182,15.595,2.7775,3.5542,1.5389,12.322,5.281,1.9998,1.8198,2.4801,13.049,1.6445,1.6477,2.332,2.4758,7.0121,9.4143,5.4623,2.6613,3.4037,1.9076,7.8998,11.148,8.711
7.1413,5.184,4.0623,3.1934,2.5218,8.7706,14.428,2.2791,4.942,11.775,2.7621,11.185,6.3714,1.7881,5.1993,17.156,15.652,2.7835,3.5746,1.5375,12.376,5.2907,2.0084,1.8196,2.4901,13.081,1.6405,1.6509,2.3324,2.4769,7.0114,9.4369,5.4327,2.6974,3.4033,1.9297,7.9538,11.175,8.8159
7.1231,5.1481,4.1163,3.1843,2.5139,8.8123,14.459,2.2764,4.9717,11.771,2.7944,11.261,6.4082,1.7838,5.206,17.128,15.707,2.7885,3.5934,1.536,12.429,5.3004,2.0167,1.8193,2.4988,13.105,1.6367,1.6539,2.3328,2.4779,7.0059,9.4535,5.4022,2.7324,3.4027,1.9507,8.0042,11.201,8.9148
7.1047,5.1079,4.1687,3.1752,2.5056,8.8525,14.485,2.2736,5,11.765,2.8252,11.335,6.4419,1.7793,5.2096,17.099,15.762,2.7925,3.6107,1.5343,12.484,5.3104,2.0247,1.819,2.5062,13.124,1.6333,1.6568,2.3332,2.4787,6.9954,9.464,5.3715,2.766,3.4019,1.9705,8.051,11.228,9.0077
7.086,5.0647,4.219,3.1661,2.497,8.8912,14.505,2.2707,5.027,11.757,2.8545,11.409,6.4727,1.7745,5.2104,17.069,15.816,2.7956,3.6263,1.5325,12.538,5.3206,2.0325,1.8187,2.5125,13.137,1.6303,1.6597,2.3336,2.4793,6.9793,9.4698,5.3403,2.7983,3.4009,1.9894,8.0936,11.254,9.0947
7.0671,5.0189,4.2674,3.157,2.4882,8.9284,14.52,2.2677,5.053,11.747,2.8821,11.483,6.5013,1.7696,5.2083,17.037,15.868,2.7978,3.6401,1.5305,12.593,5.3309,2.04,1.8183,2.5176,13.144,1.6277,1.6624,2.3339,2.4796,6.9592,9.4697,5.3082,2.8291,3.3999,2.0071,8.1321,11.294,9.1756
7.0479,4.9724,4.3135,3.1479,2.479,8.964,14.528,2.2646,5.0777,11.735,2.9078,11.556,6.5268,1.7645,5.2034,17.004,15.918,2.7992,3.652,1.5283,12.648,5.3412,2.0472,1.818,2.5216,13.144,1.6256,1.665,2.3342,2.4797,6.9335,9.4632,5.2755,2.8585,3.3986,2.0238,8.1659,11.338,9.2508
7.0286,4.9416,4.3575,3.1388,2.4696,8.998,14.531,2.2613,5.1012,11.72,2.9317,11.631,6.5494,1.7592,5.1956,16.969,15.967,2.8001,3.6622,1.526,12.702,5.3512,2.0541,1.8176,2.5246,13.139,1.6238,1.6676,2.3345,2.4795,6.9031,9.4522,5.242,2.8863,3.3972,2.0396,8.1947,11.381,9.3199
7.009,4.9159,4.3994,3.1297,2.46,9.0307,14.529,2.258,5.1237,11.703,2.9535,11.706,6.5699,1.7538,5.1848,16.932,16.014,2.8003,3.6705,1.5235,12.757,5.3608,2.0609,1.8172,2.5266,13.126,1.6226,1.6701,2.3348,2.4791,6.8681,9.4347,5.2083,2.9123,3.3956,2.0545,8.2182,11.423,9.3829
6.9893,4.8897,4.4387,3.1205,2.45,9.0618,14.52,2.2546,5.145,11.683,2.9734,11.783,6.5877,1.7481,5.1715,16.894,16.06,2.8001,3.677,1.5208,12.813,5.3698,2.0675,1.8167,2.5278,13.106,1.6219,1.6726,2.3351,2.4784,6.8277,9.4119,5.1742,2.9366,3.3939,2.0687,8.2362,11.463,9.4401
6.9695,4.863,4.4762,3.1114,2.4398,9.0914,14.506,2.2511,5.165,11.66,2.9913,11.861,6.6027,1.7423,5.1558,16.854,16.104,2.7997,3.6813,1.518,12.868,5.3785,2.074,1.8163,2.528,13.1,1.6217,1.675,2.3353,2.4775,6.783,9.3834,5.1395,2.9591,3.392,2.0823,8.2485,11.502,9.491
6.95,4.8363,4.5114,3.1023,2.4294,9.1195,14.486,2.2475,5.1843,11.634,3.0072,11.96,6.6152,1.7363,5.1386,16.812,16.145,2.799,3.6833,1.5152,12.923,5.3867,2.0802,1.8159,2.5274,13.115,1.622,1.6773,2.3356,2.4766,6.7334,9.3489,5.1292,2.9797,3.3899,2.0953,8.2551,11.539,9.536
6.9303,4.8099,4.5447,3.0931,2.4187,9.1463,14.461,2.2438,5.2023,11.606,3.0212,12.109,6.6256,1.7302,5.1208,16.769,16.185,2.7982,3.7092,1.5123,12.978,5.3943,2.0863,1.8154,2.5259,13.123,1.6229,1.6796,2.3359,2.4753,6.6787,9.3097,5.1269,2.9983,3.3876,2.1076,8.256,11.576,9.575
6.9105,4.7846,4.5763,3.084,2.4078,9.1716,14.431,2.24,5.2191,11.574,3.0332,12.256,6.6335,1.7239,5.1019,16.723,16.223,2.7973,3.7517,1.5093,13.033,5.4017,2.0921,1.815,2.5236,13.126,1.6244,1.6817,2.3361,2.4739,6.6196,9.2641,5.1244,3.0151,3.3853,2.1191,8.2643,11.611,9.6082
6.8904,4.7607,4.6066,3.0749,2.3984,9.1956,14.394,2.2361,5.2352,11.54,3.0435,12.403,6.639,1.7174,5.0809,16.675,16.258,2.7966,3.7926,1.5064,13.088,5.4087,2.0976,1.8145,2.5205,13.122,1.6265,1.6838,2.3363,2.4722,6.5557,9.2142,5.1216,3.03,3.3828,2.1297,8.2803,11.644,9.6359
6.8702,4.7385,4.6358,3.0658,2.4018,9.2182,14.353,2.2322,5.2502,11.503,3.052,12.548,6.6419,1.7108,5.1167,16.626,16.292,2.796,3.8317,1.5035,13.143,5.4158,2.1027,1.8141,2.5167,13.111,1.6293,1.6858,2.3366,2.4703,6.4868,9.1581,5.1181,3.043,3.3802,2.1393,8.2895,11.676,9.6585
6.8499,4.7192,4.6645,3.0566,2.4044,9.2394,14.305,2.2281,5.264,11.464,3.0589,12.692,6.6425,1.704,5.1658,16.574,16.323,2.7954,3.869,1.5006,13.198,5.4231,2.1074,1.8137,2.5124,13.095,1.6326,1.6878,2.3368,2.4682,6.4134,9.0973,5.1141,3.0544,3.3773,2.1479,8.2923,11.707,9.6762
6.8294,4.7025,4.6936,3.0476,2.4063,9.2594,14.252,2.2239,5.277,11.422,3.0643,12.835,6.6409,1.6971,5.2132,16.521,16.351,2.7951,3.9043,1.4976,13.253,5.4467,2.1117,1.8133,2.5076,13.072,1.6365,1.6897,2.3369,2.4658,6.3355,9.0364,5.1094,3.0642,3.3743,2.1555,8.289,11.736,9.6892
6.8087,4.6895,4.7229,3.0472,2.4076,9.2779,14.193,2.2197,5.289,11.377,3.0683,12.975,6.6369,1.69,5.2592,16.465,16.377,2.7949,3.9377,1.4946,13.308,5.4799,2.1156,1.8129,2.5026,13.043,1.6411,1.6915,2.3371,2.4633,6.2527,9.0024,5.1042,3.0725,3.3711,2.1621,8.28,11.764,9.6977
6.788,4.6799,4.7521,3.0496,2.4081,9.2949,14.128,2.2153,5.3,11.331,3.0712,13.114,6.6303,1.6828,5.304,16.415,16.401,2.7948,3.9688,1.4914,13.362,5.5132,2.1191,1.8125,2.5195,13.008,1.6463,1.6933,2.3373,2.4606,6.1653,8.9614,5.0985,3.0791,3.3679,2.1678,8.2654,11.79,9.7019
6.7671,4.6746,4.7806,3.0519,2.408,9.3107,14.057,2.2108,5.31,11.282,3.0729,13.251,6.6214,1.6754,5.3483,16.429,16.422,2.795,3.9977,1.4881,13.416,5.5464,2.122,1.8121,2.5451,12.968,1.6521,1.695,2.3374,2.4578,6.0739,8.9139,5.0921,3.0842,3.3645,2.1724,8.2455,11.814,9.7019
6.7462,4.6734,4.8102,3.0541,2.4072,9.3251,13.981,2.2063,5.3193,11.231,3.0737,13.386,6.6104,1.6679,5.3936,16.443,16.441,2.7955,4.0244,1.4847,13.471,5.5795,2.1245,1.8117,2.5693,12.924,1.6585,1.6966,2.3375,2.4547,5.9779,8.861,5.0852,3.0875,3.361,2.1762,8.2207,11.838,9.6979
6.7256,4.6763,4.8445,3.0563,2.4057,9.3379,13.974,2.2017,5.3275,11.179,3.0737,13.518,6.597,1.6603,5.4389,16.455,16.457,2.7963,4.0487,1.4812,13.524,5.6123,2.1265,1.8114,2.5919,12.874,1.6655,1.6982,2.3376,2.4514,5.8776,8.8018,5.0778,3.0889,3.3572,2.1862,8.1913,11.859,9.69
6.7048,4.684,4.8801,3.0584,2.4035,9.3492,13.997,2.1969,5.3348,11.125,3.0731,13.647,6.5809,1.6691,5.4835,16.465,16.471,2.7974,4.0707,1.4774,13.578,5.6452,2.128,1.811,2.6126,12.82,1.6731,1.6998,2.3377,2.4478,5.7735,8.7366,5.0698,3.0884,3.3533,2.2081,8.1578,11.88,9.6782
6.6839,4.6958,4.9155,3.0604,2.4007,9.3592,14.016,2.1921,5.3414,11.07,3.0721,13.773,6.5631,1.6793,5.5269,16.474,16.481,2.799,4.0902,1.4734,13.631,5.6783,2.1291,1.8107,2.6313,12.761,1.6813,1.7013,2.3378,2.4441,5.6989,8.6744,5.0613,3.0861,3.3494,2.2296,8.1204,11.898,9.6628
6.663,4.7117,4.9498,3.0622,2.3973,9.3676,14.032,2.1872,5.3471,11.014,3.0706,13.896,6.543,1.6893,5.5692,16.482,16.489,2.801,4.1071,1.4692,13.684,5.7116,2.1296,1.8104,2.6477,12.697,1.69,1.7027,2.3379,2.4401,5.7182,8.6053,5.0522,3.0822,3.3453,2.2507,8.0794,11.916,9.6438
6.6419,4.732,4.9829,3.0639,2.3932,9.3745,14.044,2.1822,5.3517,10.956,3.0689,14.015,6.5207,1.6991,5.6101,16.487,16.495,2.8034,4.1213,1.4648,13.737,5.7449,2.1296,1.8101,2.6617,12.628,1.6993,1.7041,2.3379,2.4361,5.7594,8.529,5.0427,3.0766,3.3411,2.271,8.035,11.932,9.6214
6.6207,4.756,5.0144,3.0654,2.3885,9.3799,14.053,2.1771,5.3558,10.896,3.0671,14.131,6.4962,1.7086,5.6495,16.491,16.498,2.8064,4.1329,1.4601,13.789,5.7782,2.1291,1.8099,2.6731,12.555,1.709,1.7055,2.3379,2.4319,5.8014,8.4444,5.0326,3.0694,3.3367,2.2906,7.9874,11.946,9.5959
6.5995,4.7834,5.0443,3.0668,2.3832,9.3839,14.06,2.1718,5.359,10.835,3.0653,14.241,6.4702,1.7178,5.6872,16.494,16.498,2.8098,4.1415,1.4551,13.842,5.8114,2.128,1.8097,2.6818,12.476,1.7193,1.7068,2.338,2.4275,5.8441,8.3541,5.0224,3.0606,3.3322,2.3094,7.9367,11.959,9.5674
6.5781,4.8142,5.0724,3.068,2.3773,9.3864,14.063,2.1666,5.3612,10.772,3.0636,14.346,6.4425,1.7268,5.7229,16.496,16.495,2.8137,4.1471,1.4499,13.893,5.8445,2.1265,1.8095,2.6875,12.391,1.73,1.7081,2.3442,2.4229,5.8875,8.2563,5.0119,3.0502,3.3275,2.3273,7.8829,11.97,9.5363
6.5567,4.8476,5.0988,3.0691,2.3708,9.3874,14.065,2.1612,5.3629,10.707,3.062,14.446,6.4133,1.7356,5.757,16.496,16.49,2.8182,4.1497,1.4445,13.945,5.8775,2.1245,1.8093,2.6902,12.301,1.7411,1.7094,2.3507,2.418,5.9314,8.1523,5.0009,3.0384,3.3228,2.344,7.8262,11.98,9.5028
6.5352,4.8837,5.123,3.07,2.3638,9.3868,14.065,2.1557,5.3636,10.64,3.0606,14.539,6.3828,1.7441,5.7885,16.497,16.482,2.8232,4.1493,1.4388,13.996,5.9103,2.1219,1.8092,2.6995,12.205,1.7527,1.7106,2.3568,2.413,5.9757,8.0476,4.9895,3.0252,3.318,2.3593,7.7665,11.988,9.4669
6.5136,4.9215,5.1455,3.0706,2.3562,9.3849,14.064,2.1501,5.3636,10.571,3.0595,14.625,6.3511,1.7526,5.8186,16.513,16.471,2.8287,4.1456,1.4328,14.046,5.9428,2.1188,1.8091,2.7074,12.104,1.7646,1.7118,2.3626,2.4078,6.0204,7.9442,4.9775,3.0108,3.313,2.3732,7.7038,11.995,9.4289
6.4923,4.9609,5.1655,3.0711,2.348,9.3816,14.062,2.1445,5.363,10.501,3.0587,14.704,6.3181,1.7611,5.846,16.551,16.458,2.8347,4.1389,1.4267,14.097,5.975,2.1151,1.809,2.7128,11.997,1.7769,1.7129,2.368,2.4025,6.0654,7.9389,4.9651,2.9953,3.3078,2.3853,7.6379,12.001,9.3891
6.471,5.0012,5.1829,3.0713,2.3394,9.377,14.058,2.1388,5.3615,10.428,3.0631,14.775,6.2839,1.7693,5.8719,16.591,16.442,2.8413,4.129,1.4203,14.147,6.0067,2.111,1.809,2.7159,11.885,1.7894,1.7141,2.3731,2.3971,6.1105,7.9543,4.9523,2.979,3.3026,2.3955,7.5688,12.005,9.3474
6.4497,5.0418,5.1984,3.0712,2.3302,9.3711,14.052,2.133,5.3593,10.354,3.0728,14.839,6.2483,1.7773,5.895,16.63,16.423,2.8484,4.1159,1.415,14.196,6.038,2.1063,1.809,2.7167,11.767,1.8022,1.7152,2.3779,2.3914,6.1557,7.9694,4.939,2.9618,3.2972,2.4036,7.4965,12.007,9.3041
6.4283,5.0828,5.2108,3.0711,2.3205,9.3642,14.062,2.1271,5.3565,10.278,3.0827,14.895,6.2112,1.785,5.9165,16.668,16.402,2.856,4.1474,1.4133,14.245,6.0687,2.1011,1.8091,2.7151,11.645,1.8153,1.7163,2.3823,2.3856,6.2013,7.9832,4.9253,2.9437,3.2917,2.4096,7.4207,12.008,9.2596
6.4068,5.1233,5.2214,3.0707,2.3103,9.3562,14.107,2.1211,5.3528,10.2,3.0927,14.942,6.1723,1.7925,5.9355,16.704,16.378,2.8641,4.1893,1.4116,14.294,6.0988,2.0953,1.8092,2.7113,11.616,1.8285,1.7173,2.3864,2.3796,6.2468,7.9963,4.9112,2.9252,3.2862,2.4133,7.3414,12.008,9.2139
6.3854,5.1629,5.2287,3.07,2.2997,9.3474,14.147,2.115,5.3487,10.12,3.103,14.979,6.132,1.7997,5.9524,16.738,16.352,2.8727,4.2294,1.4098,14.343,6.1282,2.0891,1.8093,2.7052,11.608,1.8419,1.7184,2.3902,2.3734,6.2922,8.0088,4.8966,2.9061,3.2805,2.4149,7.2584,12.006,9.1672
6.3638,5.2014,5.2343,3.069,2.2887,9.338,14.183,2.1089,5.3437,10.039,3.1136,15.006,6.0905,1.8067,5.9673,16.771,16.323,2.8818,4.2677,1.4079,14.391,6.157,2.0823,1.8095,2.6971,11.596,1.8554,1.7256,2.3937,2.3682,6.3374,8.0202,4.8817,2.8863,3.2747,2.4141,7.1718,12.003,9.12
6.3422,5.2383,5.2366,3.0678,2.2773,9.328,14.216,2.1027,5.3383,9.9561,3.1244,15.024,6.0475,1.8134,5.9798,16.801,16.292,2.8914,4.3041,1.4059,14.438,6.1851,2.075,1.8098,2.6869,11.58,1.869,1.7391,2.3969,2.3665,6.3823,8.0314,4.8664,2.8661,3.2688,2.411,7.0814,12.002,9.0721
6.3206,5.2733,5.2372,3.0663,2.2655,9.3176,14.244,2.0964,5.3321,9.8722,3.1355,15.031,6.0031,1.8199,5.9906,16.83,16.259,2.9014,4.3387,1.4039,14.486,6.2126,2.0672,1.8101,2.6747,11.561,1.8827,1.7524,2.3998,2.3647,6.4268,8.0414,4.8507,2.8453,3.2627,2.4055,6.9873,12.022,9.0241
6.299,5.3061,5.2344,3.0645,2.2533,9.3068,14.269,2.09,5.3255,9.7872,3.1467,15.03,5.9578,1.8262,5.999,16.857,16.223,2.9119,4.3713,1.4018,14.533,6.2394,2.0589,1.8104,2.6603,11.539,1.8963,1.7656,2.4023,2.3626,6.4709,8.0509,4.8347,2.824,3.2566,2.3988,6.8895,12.041,8.9759
6.2773,5.3365,5.23,3.0626,2.2407,9.2955,14.291,2.0835,5.3181,9.7013,3.1581,15.019,5.9113,1.8322,6.0058,16.883,16.186,2.9228,4.402,1.3996,14.579,6.2656,2.05,1.8108,2.6438,11.514,1.91,1.7787,2.4046,2.3603,6.5145,8.0596,4.8183,2.8023,3.2504,2.4044,6.7881,12.06,8.928
6.2556,5.3643,5.2223,3.0603,2.2278,9.2839,14.309,2.0771,5.3103,9.6147,3.1695,14.998,5.8638,1.838,6.0106,16.907,16.146,2.9341,4.4306,1.3974,14.626,6.2911,2.0407,1.8112,2.6251,11.488,1.9236,1.7916,2.4066,2.3578,6.5574,8.067,4.8015,2.7801,3.2441,2.4072,6.6835,12.079,8.8804
6.2339,5.3893,5.2129,3.0578,2.2147,9.2718,14.324,2.0705,5.302,9.5277,3.1811,14.967,5.8152,1.8435,6.0134,16.929,16.103,2.9459,4.4572,1.3951,14.672,6.316,2.0309,1.8117,2.6041,11.461,1.9372,1.8045,2.4083,2.355,6.5997,8.0742,4.7844,2.7574,3.2377,2.4072,6.5757,12.098,8.8332
6.2124,5.4115,5.2004,3.055,2.2013,9.2592,14.337,2.0639,5.293,9.4405,3.1928,14.926,5.7659,1.8488,6.015,16.948,16.059,2.9581,4.4816,1.3927,14.717,6.3403,2.0206,1.8123,2.5808,11.434,1.9507,1.8172,2.4097,2.3521,6.6413,8.0804,4.7675,2.7342,3.2312,2.4043,6.465,12.116,8.7869
6.191,5.4308,5.1863,3.0518,2.1875,9.2459,14.346,2.0572,5.2836,9.3535,3.2045,14.873,5.7161,1.8539,6.0146,16.965,16.013,2.9707,4.5038,1.3903,14.763,6.364,2.0098,1.813,2.5554,11.407,1.9642,1.8297,2.4109,2.3491,6.6827,8.0854,4.7502,2.723,3.2246,2.3986,6.3518,12.134,8.7414
6.1696,5.4474,5.1692,3.0484,2.1736,9.2319,14.353,2.0504,5.2738,9.2664,3.2162,14.81,5.6656,1.8587,6.0124,16.98,15.965,2.9837,4.5236,1.3878,14.808,6.3871,2.002,1.8137,2.5279,11.38,1.9787,1.8422,2.4117,2.3459,6.7233,8.0896,4.7326,2.7132,3.2179,2.4159,6.2363,12.152,8.697
6.1482,5.4605,5.1504,3.0446,2.1594,9.2171,14.358,2.0435,5.2635,9.1795,3.2276,14.736,5.6146,1.8633,6.0089,16.992,15.915,2.9971,4.5409,1.3853,14.852,6.4096,2.0127,1.8144,2.4985,11.349,1.9935,1.8544,2.4123,2.3425,6.763,8.0933,4.7147,2.7028,3.2111,2.4456,6.1827,12.214,8.6537
6.1267,5.4705,5.1292,3.0406,2.145,9.2013,14.36,2.0366,5.2526,9.0926,3.2386,14.651,5.5633,1.8677,6.0033,17.001,15.863,3.0109,4.5556,1.3827,14.897,6.4316,2.0224,1.8152,2.467,11.315,2.0083,1.8665,2.4127,2.3389,6.8017,8.0959,4.6965,2.6917,3.2042,2.4741,6.1291,12.296,8.6117
6.1053,5.4765,5.1059,3.0364,2.1304,9.2093,14.36,2.0297,5.2413,9.0269,3.2492,14.555,5.5117,1.8718,5.9963,17.007,15.81,3.0251,4.5676,1.38,14.941,6.453,2.0313,1.8161,2.4338,11.277,2.0229,1.8785,2.4127,2.3351,6.8394,8.0972,4.6781,2.6804,3.1973,2.5013,6.072,12.377,8.5712
6.0839,5.4787,5.081,3.0318,2.1156,9.2338,14.358,2.0226,5.2296,8.9671,3.2593,14.448,5.4598,1.8757,5.9873,17.01,15.755,3.0396,4.5769,1.3773,14.985,6.4738,2.0393,1.817,2.3988,11.236,2.0374,1.8903,2.4124,2.3311,6.876,8.098,4.6593,2.6683,3.1903,2.5274,6.0114,12.457,8.5322
6.0624,5.4772,5.0543,3.0269,2.1007,9.2575,14.353,2.0156,5.2173,8.9062,3.269,14.331,5.4078,1.8794,5.9767,17.01,15.698,3.0547,4.5833,1.3745,15.029,6.494,2.0464,1.818,2.3622,11.192,2.0516,1.9019,2.4119,2.3269,6.9115,8.0982,4.6404,2.6561,3.1832,2.5524,5.9474,12.535,8.4947
6.041,5.4717,5.026,3.0217,2.0856,9.2804,14.346,2.0084,5.2045,8.8441,3.2787,14.203,5.3556,1.8828,5.9643,17.005,15.639,3.0701,4.587,1.3717,15.072,6.5137,2.0527,1.8191,2.324,11.143,2.0656,1.9134,2.4112,2.3227,6.9464,8.0971,4.6212,2.6433,3.176,2.5766,5.88,12.611,8.4589
6.0196,5.4619,4.9963,3.0161,2.0704,9.3026,14.336,2.0012,5.1913,8.7808,3.2884,14.103,5.3033,1.8861,5.9501,16.997,15.579,3.086,4.5877,1.3688,15.115,6.5329,2.0581,1.8202,2.2843,11.091,2.0791,1.9247,2.4101,2.3182,6.9803,8.0949,4.6017,2.6302,3.1687,2.6004,5.8095,12.687,8.4249
5.9981,5.4481,4.9652,3.0103,2.0551,9.324,14.324,1.9939,5.1775,8.7165,3.2977,14.005,5.251,1.8891,5.9343,16.986,15.518,3.1024,4.5856,1.3658,15.158,6.5515,2.0627,1.8213,2.2434,11.035,2.0923,1.9358,2.4088,2.3136,7.0129,8.0924,4.5821,2.6169,3.1613,2.6238,5.7358,12.761,8.3927
5.9767,5.4303,4.9327,3.0042,2.0398,9.3447,14.31,1.9866,5.1632,8.6511,3.3063,13.895,5.1985,1.8919,5.9168,16.97,15.454,3.1191,4.5809,1.3628,15.201,6.5695,2.0664,1.8226,2.2013,10.977,2.1049,1.9468,2.4072,2.3089,7.0442,8.089,4.5622,2.6032,3.1539,2.6463,5.6593,12.833,8.3623
5.9554,5.4087,4.8989,2.9978,2.0243,9.3646,14.292,1.9793,5.1483,8.5847,3.3141,13.774,5.1459,1.8945,5.8975,16.951,15.39,3.1364,4.6376,1.3597,15.244,6.5869,2.0693,1.8239,2.1582,10.915,2.1169,1.9575,2.4055,2.3039,7.0742,8.0845,4.5422,2.5896,3.1464,2.6679,5.58,12.904,8.3339
5.934,5.3834,4.8636,2.9911,2.0088,9.3836,14.272,1.9719,5.133,8.5175,3.3208,13.642,5.0932,1.8969,5.8767,16.927,15.324,3.1541,4.6931,1.3565,15.287,6.6037,2.0713,1.8252,2.1182,10.85,2.1283,1.9681,2.4034,2.2988,7.1028,8.0788,4.5219,2.5757,3.1388,2.6882,5.4983,12.974,8.3074
5.9127,5.3544,4.8269,2.9841,1.9933,9.4019,14.249,1.9644,5.1172,8.4493,3.3263,13.498,5.0407,1.8993,5.854,16.899,15.256,3.1724,4.7472,1.3533,15.329,6.6199,2.0724,1.8266,2.0921,10.782,2.1388,1.9785,2.4011,2.2935,7.1305,8.0731,4.5015,2.5618,3.1312,2.7075,5.4143,13.041,8.2829
5.8915,5.3218,4.789,2.9768,1.9778,9.4194,14.223,1.9569,5.1008,8.3801,3.3306,13.344,4.988,1.9017,5.83,16.867,15.187,3.1912,4.7998,1.3501,15.372,6.6356,2.0728,1.8281,2.0641,10.711,2.1486,1.9887,2.3985,2.2882,7.1572,8.0663,4.4809,2.5478,3.1235,2.7256,5.3282,13.108,8.2604
5.8705,5.286,4.7499,2.9692,1.9623,9.4363,14.194,1.9493,5.0839,8.3193,3.3338,13.179,4.9351,1.9039,5.8039,16.831,15.117,3.2105,4.8507,1.3469,15.414,6.6506,2.0724,1.8297,2.0344,10.638,2.1575,1.9988,2.3958,2.2827,7.1823,8.0584,4.4602,2.5339,3.1158,2.7427,5.2716,13.173,8.2399
5.8495,5.2472,4.7102,2.9613,1.9469,9.4523,14.163,1.9417,5.0663,8.2951,3.336,13.003,4.8825,1.9059,5.7768,16.791,15.046,3.2303,4.9,1.3437,15.456,6.665,2.0712,1.8313,2.0031,10.562,2.1745,2.0086,2.3928,2.277,7.206,8.0497,4.4393,2.52,3.1079,2.7587,5.2785,13.236,8.2215
5.8285,5.2056,4.6699,2.953,1.9316,9.4676,14.128,1.9341,5.0619,8.2696,3.3377,12.819,4.8297,1.9076,5.7477,16.746,14.973,3.2507,4.9474,1.3407,15.498,6.6787,2.0692,1.8329,1.9704,10.484,2.194,2.0183,2.3895,2.2711,7.2281,8.0406,4.4183,2.5062,3.1,2.7738,5.2833,13.298,8.2051
5.8076,5.1617,4.6304,2.9445,1.9164,9.4821,14.091,1.9265,5.0712,8.2431,3.3392,12.625,4.7807,1.9092,5.717,16.697,14.9,3.2717,4.9931,1.3377,15.541,6.6919,2.0664,1.8347,1.9427,10.404,2.2131,2.0278,2.386,2.2652,7.2486,8.0305,4.402,2.4926,3.092,2.788,5.2861,13.358,8.1907
5.7866,5.1159,4.5924,2.9358,1.9011,9.4959,14.052,1.9187,5.0802,8.2155,3.3401,12.423,4.7645,1.9106,5.6851,16.644,14.825,3.2933,5.0369,1.3348,15.583,6.7043,2.0629,1.8365,1.9193,10.321,2.2319,2.0372,2.3823,2.2592,7.2685,8.0193,4.3859,2.4792,3.084,2.8012,5.2869,13.416,8.1784
5.7658,5.0685,4.5559,2.9268,1.8858,9.5091,14.009,1.911,5.0887,8.1867,3.3402,12.214,4.7472,1.9118,5.6513,16.587,14.749,3.3155,5.0787,1.3319,15.625,6.7162,2.0587,1.8383,1.8952,10.237,2.2503,2.0465,2.3783,2.253,7.2867,8.0076,4.3695,2.4659,3.0759,2.8134,5.2857,13.473,8.168
5.7449,5.0197,4.5232,2.9174,1.8705,9.5216,13.963,1.9032,5.0969,8.1571,3.3395,11.998,4.7298,1.9128,5.6162,16.525,14.672,3.3383,5.1184,1.3289,15.667,6.7275,2.0538,1.8402,1.8704,10.15,2.2683,2.0556,2.3742,2.2467,7.3034,7.9953,4.3529,2.453,3.0678,2.8248,5.2825,13.529,8.1596
5.7241,4.97,4.4936,2.9078,1.8552,9.5334,13.915,1.8953,5.1047,8.1264,3.3378,11.983,4.7113,1.9136,5.5798,16.459,14.593,3.3617,5.1561,1.3258,15.709,6.738,2.0483,1.8422,1.845,10.09,2.2859,2.0645,2.3699,2.2403,7.3184,7.9819,4.3361,2.4403,3.0596,2.8353,5.2774,13.582,8.1532
5.7033,4.9196,4.4914,2.8978,1.8399,9.5445,13.864,1.8874,5.1121,8.0945,3.3352,11.999,4.6924,1.9142,5.5415,16.389,14.514,3.3857,5.1917,1.3227,15.751,6.748,2.0421,1.8442,1.819,10.051,2.3031,2.0732,2.3653,2.2338,7.3317,7.9675,4.3283,2.4278,3.0514,2.8449,5.2704,13.635,8.1486
5.6826,4.8683,4.4931,2.8876,1.8245,9.5548,13.81,1.8827,5.1191,8.0619,3.3316,12.083,4.6729,1.9146,5.5022,16.314,14.434,3.4103,5.2251,1.3195,15.794,6.7573,2.0352,1.8463,1.7926,10.012,2.3197,2.0818,2.3605,2.2272,7.344,7.9531,4.336,2.4157,3.0431,2.8536,5.2616,13.685,8.1459
5.6619,4.8164,4.4922,2.8771,1.8091,9.5645,13.754,1.8851,5.1258,8.0282,3.3268,12.191,4.6527,1.9149,5.4617,16.235,14.353,3.4355,5.2563,1.3162,15.836,6.766,2.0278,1.8485,1.7659,9.9719,2.3359,2.0901,2.3554,2.2206,7.355,7.9376,4.3426,2.4037,3.0347,2.8614,5.251,13.734,8.145
5.6413,4.764,4.4888,2.8663,1.7937,9.5736,13.694,1.8875,5.1321,7.9935,3.3208,12.295,4.6323,1.915,5.4195,16.153,14.271,3.4612,5.2853,1.3129,15.878,6.774,2.0197,1.8507,1.7388,9.9298,2.3516,2.0982,2.3502,2.2138,7.3643,7.9211,4.3482,2.3922,3.0263,2.8684,5.2386,13.782,8.1459
5.6207,4.7116,4.4827,2.8553,1.7783,9.5819,13.632,1.8899,5.1382,7.9581,3.3136,12.395,4.6112,1.9149,5.3761,16.066,14.187,3.4876,5.312,1.3095,15.92,6.7814,2.011,1.8529,1.7115,9.8858,2.3668,2.1061,2.3449,2.207,7.3718,7.9043,4.3532,2.3807,3.0179,2.8746,5.2245,13.828,8.1485
5.6002,4.6592,4.4739,2.8441,1.7628,9.5897,13.568,1.8922,5.1439,7.9216,3.3366,12.49,4.59,1.9146,5.3318,15.975,14.103,3.5145,5.3365,1.306,15.963,6.7882,2.0016,1.8553,1.6841,9.8397,2.3815,2.1138,2.3394,2.2,7.3776,7.8868,4.3571,2.3696,3.0094,2.8802,5.2087,13.872,8.1527
5.5797,4.6068,4.4624,2.8326,1.7474,9.5967,13.5,1.8945,5.1493,7.8843,3.3644,12.582,4.5683,1.9141,5.286,15.88,14.018,3.5419,5.3587,1.3024,16.005,6.7944,1.9917,1.8576,1.662,9.7915,2.3956,2.1214,2.3393,2.193,7.3822,7.8683,4.3599,2.3588,3.0008,2.885,5.1912,13.915,8.1585
5.5593,4.5552,4.4487,2.8208,1.7319,9.603,13.431,1.8967,5.1543,7.8462,3.39,12.669,4.546,1.9135,5.2388,15.781,13.933,3.5699,5.3788,1.2988,16.048,6.8,1.9811,1.8601,1.6567,9.7412,2.4092,2.1287,2.3392,2.1859,7.3856,7.8494,4.3617,2.3481,2.9922,2.8892,5.1721,13.956,8.1657
5.5389,4.504,4.4324,2.8087,1.7164,9.6086,13.359,1.8989,5.1589,7.8071,3.4135,12.752,4.5239,1.9127,5.1912,15.679,13.846,3.5983,5.3966,1.2951,16.09,6.8049,1.97,1.8626,1.6505,9.6893,2.4222,2.1358,2.3391,2.1787,7.3873,7.8299,4.3628,2.3378,2.9836,2.8929,5.1515,13.995,8.1745
5.5187,4.454,4.4134,2.7964,1.701,9.6136,13.284,1.9011,5.1631,7.7673,3.4349,12.831,4.5014,1.9118,5.1714,15.573,13.758,3.6272,5.4123,1.2913,16.133,6.8092,1.9582,1.8651,1.6436,9.6352,2.4346,2.1428,2.339,2.1714,7.3872,7.8094,4.3631,2.3277,2.975,2.8961,5.1293,14.034,8.1847
5.4986,4.4603,4.3923,2.7839,1.6856,9.6179,13.207,1.9032,5.1669,7.7268,3.4542,12.905,4.4785,1.9107,5.1624,15.463,13.67,3.6566,5.4257,1.2874,16.175,6.8129,1.9551,1.8677,1.636,9.5792,2.4465,2.1495,2.3389,2.1643,7.3853,7.7884,4.3625,2.3179,2.9664,2.8993,5.1057,14.07,8.1962
5.4786,4.4683,4.3689,2.7711,1.6702,9.6215,13.127,1.9053,5.1704,7.6854,3.4716,12.976,4.4558,1.9094,5.1521,15.349,13.581,3.6864,5.4372,1.2834,16.218,6.8161,1.9526,1.8703,1.6276,9.5212,2.4578,2.1561,2.3388,2.1571,7.3823,7.767,4.3608,2.3083,2.9576,2.9028,5.0807,14.105,8.2089
5.4586,4.4752,4.3433,2.758,1.6548,9.6245,13.046,1.9074,5.1735,7.6432,3.487,13.042,4.4328,1.908,5.1405,15.273,13.492,3.7166,5.4466,1.2794,16.261,6.8186,1.9498,1.873,1.6187,9.4619,2.4686,2.1624,2.3386,2.15,7.3781,7.7446,4.3583,2.2991,2.9489,2.9058,5.0544,14.139,8.2228
5.4387,4.481,4.3157,2.7448,1.6395,9.6267,12.962,1.9094,5.1762,7.6004,3.5006,13.105,4.4095,1.9064,5.1277,15.337,13.401,3.7472,5.454,1.2752,16.304,6.8205,1.9466,1.8757,1.6091,9.4009,2.4787,2.1686,2.3385,2.1427,7.3721,7.7213,4.355,2.2901,2.9401,2.9081,5.0269,14.171,8.2378
5.4189,4.4857,4.2862,2.7314,1.6242,9.6283,12.876,1.9113,5.1787,7.5568,3.5125,13.163,4.3864,1.9047,5.1137,15.401,13.31,3.7781,5.4593,1.271,16.347,6.8219,1.9431,1.8785,1.6046,9.3384,2.4883,2.1745,2.3383,2.1353,7.3643,7.6978,4.3511,2.2813,2.9313,2.9099,4.9982,14.201,8.2538
5.3991,4.4898,4.2551,2.7177,1.6089,9.6293,12.788,1.9133,5.1809,7.5124,3.5229,13.218,4.3634,1.9029,5.0991,15.462,13.218,3.8093,5.4626,1.2687,16.39,6.8227,1.9393,1.8814,1.607,9.2745,2.4974,2.1803,2.3382,2.1278,7.3549,7.6737,4.3464,2.2728,2.9224,2.9109,4.9686,14.23,8.2709
5.3794,4.4934,4.2227,2.7038,1.5942,9.6297,12.698,1.9152,5.1827,7.4676,3.5318,13.269,4.3402,1.9009,5.0836,15.521,13.126,3.8408,5.4639,1.2671,16.433,6.8229,1.9352,1.8842,1.6095,9.2194,2.5059,2.1858,2.338,2.1202,7.3446,7.6486,4.3409,2.2646,2.9135,2.9113,4.938,14.258,8.2889
5.3598,4.4966,4.1903,2.6933,1.5928,9.6294,12.606,1.9171,5.1842,7.4221,3.5391,13.316,4.3169,1.8987,5.067,15.578,13.033,3.8726,5.463,1.2656,16.476,6.8226,1.9307,1.8871,1.6119,9.1753,2.5139,2.1913,2.3379,2.1125,7.3328,7.6226,4.3345,2.2567,2.9046,2.911,4.9067,14.284,8.3077
5.3402,4.4994,4.1602,2.6933,1.5914,9.6284,12.513,1.9189,5.1853,7.3757,3.5449,13.36,4.294,1.8964,5.0492,15.633,12.939,3.9046,5.46,1.2641,16.519,6.8218,1.926,1.8901,1.6142,9.131,2.5215,2.1967,2.3377,2.106,7.3193,7.5966,4.3274,2.2491,2.8956,2.91,4.8747,14.308,8.3274
5.3207,4.5021,4.1304,2.6931,1.5899,9.6268,12.418,1.9207,5.1861,7.3679,3.549,13.4,4.2712,1.894,5.0304,15.685,12.845,3.9368,5.4549,1.2625,16.563,6.8204,1.9209,1.8931,1.6162,9.0855,2.5287,2.202,2.3376,2.1001,7.3041,7.5698,4.3195,2.2416,2.8866,2.9083,4.8423,14.331,8.3478
5.3013,4.5047,4.0996,2.6927,1.5884,9.6247,12.321,1.9224,5.1865,7.3647,3.5514,13.437,4.2484,1.8915,5.0109,15.734,12.75,3.9691,5.4477,1.2609,16.607,6.8184,1.9156,1.8961,1.618,9.0388,2.5358,2.207,2.3374,2.094,7.2876,7.5422,4.3113,2.2344,2.8777,2.9062,4.8094,14.353,8.3688
5.2819,4.5073,4.0677,2.6921,1.5868,9.622,12.223,1.9242,5.1866,7.3611,3.5524,13.471,4.2256,1.8888,4.9908,15.781,12.656,4.0016,5.4383,1.2593,16.65,6.816,1.9099,1.8992,1.6196,8.9909,2.5424,2.2118,2.3372,2.0878,7.2702,7.5137,4.3024,2.2276,2.8687,2.9035,4.7763,14.373,8.3905
5.2626,4.51,4.0344,2.6914,1.5851,9.6186,12.124,1.9259,5.1862,7.3569,3.552,13.501,4.2033,1.886,4.9697,15.824,12.56,4.0341,5.427,1.259,16.694,6.813,1.904,1.9023,1.621,8.9418,2.5487,2.2165,2.3371,2.0814,7.251,7.4852,4.2928,2.2209,2.8597,2.9002,4.7431,14.391,8.4128
5.2434,4.5128,3.9998,2.6905,1.5834,9.6145,12.023,1.9277,5.1856,7.352,3.5505,13.529,4.1812,1.883,4.9476,15.866,12.464,4.0666,5.4137,1.2602,16.738,6.8096,1.8978,1.9055,1.6221,8.8925,2.5546,2.2209,2.3369,2.0751,7.2303,7.456,4.2825,2.2145,2.8507,2.8965,4.71,14.408,8.4357
5.2242,4.5159,3.9638,2.6894,1.5816,9.6099,11.922,1.9293,5.1846,7.347,3.5531,13.554,4.1593,1.88,4.9246,15.904,12.368,4.0991,5.3985,1.2614,16.783,6.8056,1.8913,1.9086,1.623,8.8423,2.5599,2.2252,2.3367,2.0686,7.2082,7.426,4.2716,2.2083,2.8416,2.8923,4.6772,14.424,8.459
5.2051,4.5191,3.9265,2.6881,1.5797,9.6047,11.82,1.931,5.1832,7.3412,3.5556,13.575,4.1376,1.8768,4.9013,15.939,12.272,4.1315,5.3815,1.2625,16.827,6.8013,1.8845,1.9119,1.6237,8.7908,2.5647,2.2293,2.3365,2.062,7.1853,7.3954,4.2601,2.2023,2.8325,2.8876,4.6449,14.439,8.4828
5.1861,4.5226,3.8879,2.6867,1.5778,9.5989,11.718,1.9326,5.1817,7.3349,3.5567,13.594,4.1161,1.8735,4.8772,15.972,12.175,4.1637,5.3629,1.2635,16.872,6.7963,1.8774,1.9151,1.6241,8.7384,2.569,2.2331,2.3363,2.0552,7.1608,7.3646,4.248,2.1966,2.8234,2.8825,4.6131,14.451,8.507
5.1672,4.5264,3.8482,2.6851,1.5759,9.5926,11.615,1.9341,5.1799,7.3282,3.5564,13.61,4.0951,1.8701,4.8523,16.002,12.078,4.1958,5.3427,1.2644,16.917,6.791,1.8701,1.9184,1.6243,8.6848,2.5727,2.2368,2.3361,2.0484,7.1347,7.3332,4.2354,2.1911,2.8143,2.877,4.5822,14.463,8.5316
5.1484,4.5302,3.8073,2.6833,1.5739,9.5856,11.512,1.9357,5.1777,7.321,3.5547,13.624,4.0745,1.8666,4.8267,16.028,11.981,4.2277,5.3209,1.2653,16.961,6.7851,1.8625,1.9217,1.6243,8.631,2.5758,2.2404,2.3359,2.0415,7.1075,7.3009,4.2227,2.1858,2.8052,2.8712,4.5523,14.474,8.5566
5.1296,4.534,3.765,2.6814,1.5718,9.578,11.408,1.9372,5.1752,7.3132,3.5518,13.634,4.0541,1.8632,4.8009,16.052,11.884,4.2593,5.2976,1.2662,17.007,6.7789,1.8546,1.9251,1.624,8.5764,2.5784,2.2437,2.3357,2.0345,7.0794,7.2688,4.2094,2.1807,2.796,2.8652,4.5237,14.482,8.5819
5.1109,4.538,3.722,2.6794,1.5697,9.57,11.304,1.9386,5.1723,7.3048,3.5477,13.643,4.034,1.8598,4.7826,16.073,11.787,4.2906,5.2921,1.267,17.052,6.7721,1.8465,1.9284,1.6235,8.5208,2.5805,2.2468,2.3355,2.0274,7.0498,7.2359,4.1956,2.1757,2.7869,2.8665,4.4964,14.49,8.6074
5.0923,4.5421,3.6847,2.6772,1.5675,9.5614,11.2,1.9401,5.1692,7.2962,3.5425,13.649,4.0142,1.8562,4.764,16.091,11.69,4.3216,5.305,1.2677,17.097,6.765,1.8382,1.9318,1.6227,8.4643,2.582,2.2498,2.3353,2.0202,7.0187,7.2029,4.1813,2.171,2.7777,2.8759,4.4707,14.496,8.6332
5.0738,4.5463,3.6477,2.6749,1.5654,9.5523,11.096,1.9415,5.1657,7.2871,3.5362,13.652,3.995,1.8526,4.7451,16.106,11.593,4.3522,5.3167,1.2683,17.143,6.7574,1.8296,1.9352,1.6217,8.4068,2.583,2.2561,2.335,2.0129,6.9869,7.1696,4.1667,2.1665,2.7685,2.8849,4.4469,14.501,8.6591
5.0553,4.5503,3.6098,2.6723,1.5631,9.5427,10.991,1.9429,5.1618,7.2773,3.529,13.654,3.9762,1.8488,4.7256,16.118,11.496,4.3824,5.3274,1.2689,17.188,6.7493,1.8207,1.9386,1.6205,8.3488,2.5834,2.263,2.3348,2.0056,6.9539,7.1365,4.1516,2.162,2.7593,2.8937,4.4249,14.505,8.6851
5.037,4.5541,3.5712,2.6697,1.5608,9.5327,10.886,1.9442,5.1577,7.2671,3.5209,13.652,3.9577,1.845,4.7052,16.128,11.399,4.4121,5.3371,1.2695,17.234,6.7409,1.8117,1.9421,1.619,8.2905,2.5833,2.2695,2.3346,1.9982,6.9195,7.1039,4.1361,2.1577,2.7502,2.9021,4.4052,14.507,8.7112
5.0187,4.5577,3.5317,2.6668,1.5585,9.5223,10.832,1.9455,5.1532,7.2566,3.512,13.65,3.9396,1.841,4.6841,16.134,11.303,4.4412,5.3462,1.27,17.28,6.732,1.8024,1.9455,1.6173,8.2312,2.5826,2.2755,2.3343,1.9907,6.8842,7.1185,4.1202,2.1536,2.741,2.9101,4.3879,14.508,8.7374
5.0005,4.5613,3.4929,2.6638,1.5562,9.5114,10.804,1.9468,5.1485,7.2456,3.5024,13.644,3.922,1.837,4.6628,16.138,11.206,4.4698,5.3607,1.2704,17.326,6.7228,1.7928,1.949,1.6154,8.1711,2.5814,2.2811,2.3341,1.983,6.848,7.1366,4.1041,2.1495,2.7319,2.9179,4.373,14.508,8.7781
4.9825,4.5649,3.4863,2.6607,1.5538,9.5002,10.775,1.9481,5.1434,7.234,3.492,13.638,3.9046,1.8329,4.6406,16.139,11.11,4.4977,5.3799,1.2707,17.373,6.7131,1.7831,1.9524,1.6133,8.1102,2.5796,2.2863,2.3338,1.9754,6.8104,7.1545,4.105,2.1456,2.7227,2.9253,4.3609,14.506,8.8269
4.9645,4.5963,3.4785,2.6573,1.5514,9.4886,10.745,1.9493,5.1381,7.2219,3.4809,13.629,3.8877,1.8286,4.6177,16.137,11.015,4.525,5.3996,1.2711,17.419,6.7031,1.7732,1.9559,1.611,8.0485,2.5774,2.291,2.3336,1.9764,6.7719,7.1722,4.1063,2.1417,2.7135,2.9325,4.3516,14.503,8.8763
4.9467,4.627,3.4703,2.6539,1.5489,9.4768,10.713,1.9505,5.1326,7.2096,3.4691,13.618,3.8715,1.8243,4.5944,16.132,10.92,4.5516,5.4198,1.2713,17.466,6.6926,1.763,1.9594,1.6084,7.9867,2.5746,2.2952,2.3333,1.9782,6.767,7.1894,4.107,2.1379,2.7043,2.9408,4.3454,14.499,8.9262
4.9289,4.6566,3.4616,2.6503,1.5464,9.4647,10.68,1.9516,5.1268,7.1968,3.4567,13.606,3.8556,1.8199,4.5708,16.125,10.825,4.5774,5.4397,1.2715,17.512,6.6818,1.7527,1.9629,1.6056,7.9243,2.5716,2.299,2.3331,1.9809,6.8793,7.2062,4.1073,2.1342,2.6951,2.95,4.3423,14.494,8.9767
4.9112,4.6849,3.4525,2.6465,1.5439,9.4524,10.646,1.9528,5.1207,7.1835,3.4436,13.592,3.8401,1.8155,4.5464,16.114,10.731,4.6023,5.459,1.2716,17.559,6.6706,1.7422,1.9664,1.6027,7.8612,2.5685,2.3064,2.3328,1.9835,6.9882,7.2225,4.1069,2.1304,2.6859,2.959,4.3424,14.487,9.0276
4.8936,4.7122,3.4431,2.6426,1.5414,9.44,10.611,1.9539,5.1143,7.1697,3.43,13.576,3.825,1.8109,4.5214,16.101,10.638,4.6263,5.4774,1.2717,17.605,6.659,1.7315,1.9699,1.5995,7.7973,2.5656,2.3164,2.3326,1.9861,7.0938,7.2383,4.1061,2.1266,2.6767,2.9679,4.346,14.479,9.0789
4.8761,4.7379,3.4336,2.6385,1.5388,9.4275,10.574,1.955,5.1076,7.1556,3.416,13.559,3.8104,1.8063,4.4963,16.085,10.545,4.6496,5.4949,1.2716,17.652,6.6471,1.7206,1.9734,1.5962,7.7392,2.5625,2.3259,2.3323,1.9886,7.1957,7.2537,4.105,2.1228,2.6676,2.9766,4.3531,14.471,9.1308
4.8586,4.7618,3.4246,2.6343,1.5363,9.415,10.536,1.956,5.1006,7.1411,3.4015,13.54,3.7961,1.8016,4.4707,16.067,10.453,4.6719,5.5115,1.2716,17.699,6.6348,1.7095,1.9769,1.5926,7.706,2.559,2.3359,2.3321,1.9911,7.2937,7.2685,4.1034,2.119,2.6584,2.9851,4.3637,14.461,9.183
4.8413,4.784,3.4154,2.6299,1.5337,9.4023,10.497,1.9571,5.0934,7.1263,3.3868,13.521,3.7822,1.7968,4.4445,16.046,10.361,4.6934,5.5273,1.2714,17.746,6.6428,1.6983,1.9804,1.5889,7.6713,2.5552,2.3462,2.3318,1.9935,7.388,7.2829,4.1016,2.115,2.6492,2.9934,4.378,14.449,9.2358
4.824,4.8044,3.4057,2.6254,1.5311,9.3896,10.457,1.9581,5.0858,7.1109,3.3719,13.499,3.7688,1.7919,4.4183,16.022,10.271,4.7141,5.5423,1.2712,17.792,6.6529,1.6869,1.9839,1.585,7.6356,2.5559,2.3563,2.3315,1.9959,7.4782,7.2969,4.0993,2.1109,2.64,3.0014,4.396,14.437,9.2889
4.8068,4.8226,3.3956,2.6208,1.5285,9.3767,10.415,1.9591,5.078,7.0951,3.3569,13.477,3.7558,1.787,4.3915,15.995,10.182,4.7341,5.5562,1.2709,17.839,6.6624,1.6753,1.9874,1.5809,7.5984,2.5567,2.366,2.3312,1.9982,7.5639,7.3108,4.0968,2.1068,2.6308,3.0094,4.4176,14.424,9.3424
4.7897,4.8388,3.385,2.616,1.5258,9.3636,10.372,1.9601,5.0699,7.079,3.3419,13.453,3.7433,1.782,4.3646,15.965,10.093,4.7533,5.5691,1.2705,17.886,6.6711,1.6636,1.9908,1.5766,7.5603,2.5569,2.3754,2.331,2.0004,7.6453,7.3245,4.0936,2.1025,2.6217,3.017,4.443,14.409,9.3962
4.7727,4.853,3.3742,2.6111,1.5231,9.3503,10.328,1.9611,5.0616,7.0626,3.3269,13.428,3.7312,1.777,4.3375,15.934,10.005,4.7718,5.5806,1.2701,17.933,6.6791,1.6518,1.9943,1.5722,7.5208,2.5566,2.3846,2.3307,2.0025,7.7225,7.3376,4.0902,2.0979,2.6125,3.0245,4.4721,14.393,9.4505
4.7558,4.8649,3.3632,2.6061,1.5205,9.3365,10.282,1.962,5.053,7.0457,3.3121,13.402,3.7194,1.7719,4.3102,15.899,9.951,4.7896,5.5906,1.2712,17.98,6.6864,1.6398,1.9978,1.5676,7.4805,2.5558,2.3933,2.3304,2.0046,7.7949,7.3504,4.0862,2.0933,2.6034,3.0319,4.5048,14.377,9.5051
4.739,4.8745,3.3547,2.6009,1.5178,9.3224,10.236,1.9629,5.0442,7.0284,3.2975,13.374,3.708,1.7667,4.2827,15.861,9.9034,4.8067,5.5993,1.2751,18.027,6.693,1.6368,2.0012,1.5629,7.4387,2.5543,2.4015,2.3301,2.0067,7.8629,7.3626,4.0816,2.0884,2.5942,3.0391,4.541,14.359,9.5601
4.7222,4.8822,3.3474,2.5956,1.5151,9.3079,10.189,1.9638,5.0352,7.0108,3.2834,13.346,3.6969,1.7615,4.2553,15.821,9.8554,4.823,5.6065,1.2791,18.073,6.6989,1.6422,2.0046,1.558,7.3962,2.5522,2.4095,2.3298,2.0086,7.9264,7.3745,4.0767,2.0833,2.5851,3.0461,4.5808,14.34,9.6153
4.7056,4.8877,3.3395,2.5902,1.5124,9.293,10.14,1.9646,5.026,6.9928,3.2697,13.317,3.6862,1.7562,4.2276,15.779,9.8067,4.8385,5.6123,1.2833,18.12,6.7125,1.6473,2.0081,1.553,7.3522,2.5495,2.4172,2.3295,2.0105,7.9857,7.3859,4.0715,2.078,2.576,3.053,4.6239,14.32,9.671
4.689,4.8908,3.3307,2.5846,1.5097,9.2777,10.091,1.9654,5.0166,6.9746,3.2565,13.287,3.6758,1.7509,4.1998,15.733,9.7578,4.8531,5.6165,1.2878,18.167,6.7364,1.6523,2.0115,1.5479,7.3186,2.5462,2.4244,2.3292,2.0124,8.0409,7.3969,4.0657,2.0724,2.5669,3.0598,4.6703,14.3,9.7269
4.6725,4.8921,3.3212,2.5789,1.5069,9.2619,10.04,1.9662,5.0069,6.9559,3.2439,13.256,3.6657,1.7455,4.172,15.686,9.7083,4.8663,5.6193,1.2923,18.214,6.7596,1.657,2.0148,1.5426,7.3341,2.5423,2.4313,2.3289,2.0142,8.0925,7.4074,4.0593,2.0666,2.5579,3.0665,4.7198,14.278,9.7831
4.6561,4.8912,3.3107,2.5731,1.5042,9.2458,9.9886,1.967,4.997,6.9369,3.2317,13.224,3.6559,1.7401,4.144,15.636,9.6586,4.8783,5.6207,1.2969,18.26,6.7822,1.6615,2.0182,1.5373,7.3492,2.5378,2.4415,2.3286,2.0159,8.1405,7.4175,4.0529,2.0605,2.5488,3.0755,4.7723,14.255,9.8397
4.6398,4.8881,3.2995,2.5673,1.5015,9.2293,9.9358,1.9677,4.9869,6.9175,3.2202,13.191,3.6466,1.7346,4.1191,15.655,9.6084,4.8889,5.6206,1.3016,18.307,6.8043,1.6658,2.0215,1.5318,7.3646,2.5327,2.4569,2.3283,2.0176,8.1849,7.4272,4.046,2.0541,2.5398,3.0852,4.8274,14.231,9.8965
4.6236,4.8835,3.2878,2.5613,1.4988,9.2124,9.8825,1.9685,4.9765,6.8978,3.2092,13.158,3.6375,1.729,4.0943,15.675,9.5581,4.9172,5.6191,1.3063,18.354,6.8257,1.67,2.0248,1.5262,7.3797,2.5271,2.472,2.328,2.0193,8.2256,7.4369,4.0387,2.0473,2.5308,3.0949,4.8851,14.207,9.9536
4.6075,4.8768,3.2754,2.5552,1.496,9.195,9.8281,1.9692,4.9659,6.8779,3.1987,13.124,3.6287,1.7235,4.0691,15.694,9.5073,4.9499,5.6163,1.3109,18.4,6.8467,1.6739,2.0281,1.5205,7.3945,2.5209,2.487,2.3276,2.0209,8.2627,7.4464,4.031,2.0401,2.5218,3.1045,4.9451,14.181,10.011
4.5914,4.8687,3.2626,2.549,1.4961,9.1773,9.7727,1.9698,4.9551,6.8577,3.1889,13.09,3.6201,1.7179,4.044,15.713,9.4566,4.9817,5.6122,1.3156,18.446,6.8669,1.6777,2.0314,1.5147,7.409,2.5143,2.5019,2.3273,2.0224,8.2963,7.4554,4.023,2.0326,2.5128,3.1141,5.0071,14.155,10.069
4.5755,4.8588,3.2494,2.5427,1.4978,9.1591,9.7168,1.9705,4.9441,6.8371,3.1797,13.055,3.6118,1.7122,4.0185,15.73,9.4055,5.0124,5.6071,1.3203,18.492,6.8868,1.6813,2.0346,1.5089,7.4235,2.5071,2.5166,2.327,2.0239,8.3271,7.464,4.015,2.0247,2.5038,3.1237,5.071,14.127,10.127
4.5596,4.8479,3.2357,2.5362,1.4995,9.1406,9.6597,1.9711,4.9329,6.8162,3.1711,13.02,3.6037,1.7065,3.9927,15.746,9.3544,5.0419,5.6008,1.3249,18.539,6.9059,1.6846,2.0379,1.5029,7.438,2.4996,2.5311,2.3267,2.0253,8.3557,7.4723,4.0065,2.0165,2.4949,3.1332,5.1364,14.099,10.185
4.5439,4.8356,3.222,2.5297,1.5012,9.1217,9.6022,1.9717,4.9214,6.7949,3.1631,12.985,3.5958,1.7008,3.9668,15.762,9.3032,5.0704,5.5936,1.3295,18.584,6.9246,1.6878,2.041,1.4969,7.4522,2.4916,2.5454,2.3263,2.0267,8.3824,7.4801,3.9977,2.0079,2.4859,3.1427,5.2031,14.07,10.243
4.5282,4.8226,3.2079,2.523,1.5029,9.1025,9.5438,1.9723,4.9098,6.7734,3.1557,12.949,3.588,1.695,3.9408,15.776,9.2518,5.0976,5.5855,1.334,18.63,6.9427,1.6908,2.0442,1.4908,7.466,2.4834,2.5596,2.326,2.028,8.4072,7.4875,3.9887,1.9991,2.477,3.1523,5.2708,14.04,10.302
4.5126,4.8086,3.1938,2.5163,1.5045,9.0831,9.4843,1.9728,4.898,6.7517,3.149,12.913,3.5805,1.6893,3.9146,15.789,9.2006,5.1238,5.5765,1.3384,18.675,6.9601,1.6936,2.0474,1.4846,7.4796,2.4748,2.5736,2.3257,2.0292,8.4299,7.4946,3.9795,1.9899,2.4681,3.162,5.3391,14.01,10.36
4.5007,4.7945,3.1797,2.5094,1.5061,9.0634,9.4248,1.9733,4.8859,6.7297,3.1429,12.877,3.573,1.6834,3.888,15.801,9.1493,5.149,5.5666,1.3428,18.72,6.9772,1.6963,2.0505,1.4783,7.4934,2.466,2.5875,2.3254,2.0304,8.4501,7.5012,3.9703,1.9801,2.4592,3.1719,5.4079,13.979,10.419
4.5185,4.7798,3.1654,2.5025,1.5078,9.0435,9.3642,1.9739,4.8739,6.7073,3.1375,12.841,3.5658,1.6776,3.8613,15.812,9.0982,5.1735,5.5559,1.347,18.765,6.9935,1.6987,2.0536,1.4719,7.5069,2.457,2.6011,2.325,2.0315,8.4675,7.5075,3.9608,1.9701,2.4504,3.1819,5.4769,13.947,10.478
4.5347,4.7652,3.1515,2.4995,1.5093,9.0234,9.3029,1.9744,4.8664,6.6847,3.1328,12.804,3.5589,1.6717,3.8348,15.821,9.0471,5.1973,5.5444,1.3512,18.81,7.0095,1.701,2.0567,1.4655,7.5201,2.4481,2.6148,2.3247,2.0326,8.4823,7.5134,3.951,1.9593,2.4416,3.1919,5.5456,13.914,10.538
4.5496,4.7508,3.1376,2.5073,1.5109,9.0031,9.2413,1.9749,4.8894,6.6617,3.1287,12.768,3.552,1.6658,3.808,15.83,8.9962,5.2204,5.5325,1.3553,18.854,7.0249,1.703,2.0597,1.4589,7.5331,2.4447,2.6284,2.3244,2.0336,8.4943,7.5189,3.9411,1.9482,2.4328,3.2019,5.6138,13.881,10.597
4.5631,4.7365,3.1239,2.515,1.5124,8.9827,9.1789,1.9754,4.9115,6.6386,3.1252,12.732,3.5452,1.6599,3.781,15.837,8.9455,5.2426,5.5202,1.3598,18.898,7.0397,1.7049,2.0627,1.4523,7.5458,2.4453,2.6418,2.324,2.0346,8.5036,7.5243,3.9311,1.9364,2.424,3.2119,5.6813,13.847,10.657
4.5751,4.7231,3.1107,2.5225,1.514,8.9624,9.1159,1.9758,4.9325,6.6153,3.1224,12.695,3.5384,1.6539,3.7538,15.843,8.8951,5.2638,5.5076,1.3673,18.941,7.054,1.7067,2.0657,1.4457,7.5585,2.4456,2.655,2.3237,2.0356,8.5103,7.5296,3.9211,1.924,2.4152,3.222,5.7477,13.813,10.717
4.5853,4.7105,3.0978,2.5297,1.5155,8.9421,9.0528,1.9763,4.9527,6.5918,3.1203,12.659,3.5317,1.648,3.7268,15.848,8.8449,5.284,5.4942,1.3748,18.984,7.0677,1.7083,2.0686,1.4389,7.5711,2.4455,2.668,2.3234,2.0365,8.5143,7.5345,3.911,1.9111,2.4065,3.2321,5.8128,13.779,10.776
4.5945,4.6988,3.0853,2.5368,1.517,8.922,8.9888,1.9767,4.9717,6.5679,3.1187,12.623,3.5251,1.642,3.6997,15.851,8.795,5.303,5.4799,1.3823,19.027,7.081,1.7097,2.0715,1.4321,7.5835,2.4451,2.6809,2.323,2.0373,8.5158,7.5391,3.9007,1.8976,2.3978,3.2423,5.8762,13.746,10.836
4.6022,4.6884,3.0733,2.5438,1.5184,8.9022,8.9244,1.977,4.9898,6.5438,3.1177,12.588,3.5185,1.636,3.6725,15.854,8.7455,5.3209,5.4646,1.3898,19.069,7.0938,1.7109,2.0743,1.4374,7.5955,2.4442,2.6935,2.3227,2.0381,8.5144,7.5433,3.8903,1.8834,2.3891,3.2525,5.9376,13.714,10.896
4.6082,4.6795,3.062,2.5505,1.5199,8.8829,8.8598,1.9774,5.0069,6.5194,3.1172,12.552,3.5119,1.63,3.6453,15.855,8.6964,5.3376,5.4484,1.3972,19.111,7.106,1.712,2.0771,1.4451,7.6072,2.443,2.706,2.3223,2.0388,8.5098,7.5471,3.8798,1.8687,2.3805,3.2627,5.9969,13.684,10.957
4.6127,4.6721,3.0512,2.5571,1.5213,8.865,8.7946,1.9778,5.023,6.4949,3.1172,12.516,3.5053,1.6239,3.623,15.855,8.6477,5.3531,5.431,1.4047,19.153,7.1178,1.7129,2.0799,1.4528,7.619,2.4415,2.7183,2.322,2.0395,8.5019,7.5506,3.8695,1.8533,2.3718,3.2733,6.0536,13.653,11.017
4.6161,4.6663,3.041,2.5634,1.5228,8.8481,8.7291,1.9781,5.0381,6.4784,3.1177,12.48,3.4988,1.6179,3.6108,15.854,8.5994,5.3676,5.4124,1.4121,19.194,7.1289,1.7136,2.0826,1.4603,7.6306,2.4396,2.7304,2.3216,2.0401,8.4902,7.5537,3.8591,1.8373,2.3632,3.2841,6.1076,13.622,11.077
4.6179,4.6624,3.0315,2.5696,1.5242,8.8314,8.6634,1.9784,5.0523,6.4743,3.1185,12.444,3.4923,1.6118,3.5983,15.852,8.5518,5.381,5.3928,1.4195,19.235,7.1398,1.7142,2.0853,1.4677,7.642,2.4374,2.7423,2.3213,2.0407,8.4751,7.5565,3.8486,1.8207,2.3547,3.2951,6.1587,13.592,11.137
4.6182,4.6607,3.0229,2.5756,1.5255,8.8146,8.5972,1.9787,5.0654,6.4701,3.1197,12.407,3.4857,1.6058,3.5855,15.849,8.5046,5.4005,5.3721,1.4269,19.276,7.15,1.7146,2.088,1.4749,7.6532,2.4348,2.7541,2.3209,2.0413,8.4563,7.5589,3.8381,1.8034,2.3461,3.3061,6.2066,13.561,11.198
4.6174,4.661,3.015,2.5815,1.527,8.7976,8.5307,1.9789,5.0777,6.4658,3.1212,12.371,3.4792,1.5997,3.5725,15.844,8.458,5.4262,5.3502,1.4342,19.316,7.1597,1.7149,2.0906,1.4819,7.664,2.432,2.7659,2.3206,2.0417,8.4339,7.561,3.8275,1.7856,2.3376,3.3172,6.251,13.529,11.258
4.6152,4.6633,3.0079,2.5871,1.5283,8.7805,8.4642,1.9792,5.089,6.4614,3.1229,12.334,3.4725,1.5936,3.5671,15.838,8.4119,5.4516,5.3273,1.4415,19.356,7.1691,1.7151,2.0932,1.4886,7.6747,2.4288,2.7775,2.3202,2.0422,8.408,7.5627,3.817,1.7672,2.3292,3.3284,6.2919,13.498,11.318
4.6116,4.6677,3.0017,2.5926,1.5297,8.7631,8.3973,1.9794,5.0993,6.4568,3.1247,12.297,3.4657,1.5875,3.5632,15.832,8.3666,5.4768,5.3033,1.4487,19.395,7.1778,1.715,2.0957,1.495,7.6855,2.4253,2.7889,2.3198,2.0426,8.3788,7.5641,3.8067,1.7481,2.3207,3.3395,6.3289,13.466,11.378
4.6068,4.6744,2.9962,2.5979,1.531,8.7454,8.3301,1.9796,5.1087,6.4521,3.1267,12.26,3.4589,1.5814,3.5591,15.824,8.3219,5.5019,5.2782,1.4559,19.434,7.1862,1.7149,2.0982,1.5011,7.696,2.4215,2.8001,2.3195,2.0429,8.3467,7.5652,3.7963,1.7285,2.3123,3.3508,6.3619,13.434,11.439
4.6009,4.6834,2.9917,2.603,1.5323,8.7274,8.263,1.9798,5.1171,6.4474,3.1288,12.222,3.4519,1.5753,3.555,15.814,8.278,5.5269,5.2521,1.4631,19.472,7.1941,1.7145,2.1006,1.5068,7.7062,2.4174,2.8111,2.3191,2.0432,8.3118,7.5663,3.7859,1.7238,2.3039,3.362,6.3907,13.402,11.499
4.5937,4.6945,2.9881,2.6079,1.5337,8.7091,8.1956,1.98,5.1247,6.4426,3.1309,12.288,3.4449,1.5692,3.5506,15.804,8.2347,5.5516,5.2249,1.4701,19.51,7.2015,1.714,2.103,1.5122,7.7161,2.4131,2.8219,2.3187,2.0434,8.2742,7.5672,3.7755,1.7323,2.2956,3.3733,6.4153,13.388,11.559
4.5853,4.7075,2.9855,2.6127,1.535,8.6905,8.1279,1.9801,5.1313,6.4377,3.1331,12.353,3.4377,1.5631,3.5462,15.793,8.1922,5.5763,5.1968,1.4771,19.547,7.2085,1.7135,2.1054,1.517,7.7259,2.4086,2.8326,2.3184,2.0437,8.2343,7.5677,3.7652,1.7404,2.2872,3.3846,6.4353,13.38,11.62
4.5761,4.7224,2.9838,2.6173,1.5363,8.6715,8.0605,1.9802,5.1371,6.4326,3.1351,12.414,3.4305,1.557,3.5416,15.78,8.1504,5.6008,5.1677,1.4841,19.584,7.215,1.7128,2.1077,1.5214,7.7358,2.404,2.843,2.318,2.0439,8.1928,7.568,3.7551,1.7481,2.279,3.396,6.4508,13.372,11.68
4.5656,4.7394,2.983,2.6217,1.5375,8.6521,7.9929,1.9804,5.142,6.4274,3.137,12.47,3.4232,1.5509,3.5369,15.766,8.1095,5.6252,5.1377,1.491,19.62,7.2212,1.7119,2.11,1.5252,7.7453,2.3992,2.8532,2.3176,2.044,8.1496,7.5678,3.745,1.7556,2.2707,3.4075,6.4615,13.364,11.74
4.5541,4.7581,2.9831,2.6261,1.5388,8.6324,7.925,1.9805,5.146,6.4221,3.1389,12.522,3.4157,1.5449,3.5322,15.751,8.0695,5.6494,5.1068,1.4978,19.655,7.2268,1.7109,2.1122,1.5285,7.7546,2.3943,2.8632,2.3172,2.0441,8.1054,7.5674,3.735,1.7625,2.2625,3.4191,6.4675,13.357,11.8
4.5419,4.7783,2.9841,2.6302,1.54,8.6124,7.8575,1.9806,5.1492,6.4167,3.1405,12.568,3.408,1.5388,3.5274,15.735,8.0303,5.6735,5.075,1.5046,19.69,7.232,1.7098,2.1144,1.5313,7.7636,2.3891,2.8731,2.3168,2.0442,8.0602,7.5666,3.7249,1.769,2.2543,3.4307,6.4687,13.354,11.86
4.5286,4.7998,2.986,2.6342,1.5413,8.592,7.7898,1.9807,5.1516,6.4111,3.1419,12.61,3.4002,1.5327,3.5225,15.718,7.992,5.6975,5.0424,1.5113,19.724,7.2369,1.7085,2.1165,1.5333,7.7728,2.3837,2.8827,2.3165,2.0442,8.0143,7.5655,3.715,1.7751,2.2462,3.4424,6.4649,13.358,11.92
4.5145,4.8227,2.9889,2.638,1.5425,8.5712,7.722,1.9808,5.1531,6.4055,3.1431,12.648,3.3921,1.5266,3.5175,15.7,7.9546,5.7212,5.0089,1.518,19.758,7.2412,1.7071,2.1186,1.5348,7.7817,2.3781,2.8924,2.3161,2.0441,8.0391,7.5641,3.7053,1.7809,2.2381,3.4541,6.4562,13.362,11.98
4.4997,4.8465,2.9926,2.6417,1.5437,8.5501,7.6544,1.9808,5.1538,6.3997,3.1441,12.681,3.3839,1.5205,3.5124,15.681,7.9181,5.7447,4.9746,1.5245,19.79,7.2453,1.7056,2.1207,1.5356,7.7903,2.3723,2.9019,2.3157,2.044,8.0909,7.5623,3.6957,1.7861,2.23,3.466,6.4726,13.366,12.039
4.484,4.8708,2.9973,2.6451,1.5449,8.5286,7.587,1.9808,5.1537,6.3939,3.1447,12.71,3.3755,1.5145,3.5071,15.66,7.8825,5.768,4.9395,1.531,19.823,7.2488,1.704,2.1227,1.5357,7.7987,2.3662,2.9111,2.3153,2.0439,8.1549,7.5603,3.686,1.7908,2.222,3.4779,6.5158,13.368,12.098
4.4679,4.896,3.0029,2.6485,1.546,8.5066,7.5194,1.9809,5.1529,6.388,3.1451,12.734,3.367,1.5084,3.5018,15.639,7.8479,5.791,4.9035,1.5374,19.854,7.2521,1.7022,2.1246,1.535,7.8072,2.3598,2.9202,2.3149,2.0437,8.2371,7.5579,3.6765,1.7951,2.214,3.49,6.5548,13.371,12.157
4.4509,4.9212,3.0092,2.6516,1.5471,8.4844,7.4519,1.9809,5.1513,6.382,3.1452,12.754,3.3583,1.5024,3.4963,15.616,7.8143,5.8138,4.8666,1.5437,19.885,7.2548,1.7004,2.1266,1.537,7.8154,2.3532,2.929,2.3145,2.0435,8.3151,7.5552,3.6672,1.7989,2.206,3.5022,6.5895,13.372,12.216
4.4335,4.9462,3.0164,2.6546,1.5483,8.4618,7.3849,1.9808,5.1489,6.3759,3.1451,12.77,3.3494,1.4964,3.4907,15.592,7.7817,5.8363,4.8289,1.5499,19.915,7.2573,1.6984,2.1285,1.5508,7.8234,2.3463,2.9376,2.3142,2.0432,8.3889,7.5523,3.658,1.8021,2.1981,3.5145,6.6199,13.372,12.274
4.4155,4.9712,3.0243,2.6574,1.5494,8.4388,7.3178,1.9808,5.1458,6.3697,3.1446,12.781,3.3402,1.4903,3.485,15.568,7.75,5.8585,4.8055,1.556,19.944,7.2593,1.6964,2.1304,1.5644,7.8313,2.3392,2.946,2.3138,2.0429,8.4588,7.5493,3.6488,1.805,2.1902,3.5267,6.6461,13.372,12.332
4.3972,4.9953,3.033,2.66,1.5505,8.4155,7.2508,1.9808,5.1419,6.3634,3.1438,12.789,3.3309,1.4843,3.4792,15.542,7.7194,5.8804,4.7952,1.5621,19.973,7.261,1.6942,2.1322,1.5776,7.8392,2.3319,2.9542,2.3134,2.0426,8.5248,7.5462,3.6397,1.8074,2.1824,3.539,6.668,13.371,12.39
4.3782,5.0188,3.0423,2.6625,1.5516,8.3918,7.184,1.9807,5.1375,6.357,3.1427,12.792,3.3213,1.4783,3.4733,15.515,7.6898,5.9021,4.7846,1.5681,20.001,7.2623,1.6919,2.134,1.5904,7.8468,2.3243,2.9622,2.313,2.0422,8.5871,7.5427,3.6309,1.8095,2.1745,3.5513,6.6855,13.369,12.447
4.3591,5.0409,3.0523,2.6649,1.5526,8.3678,7.1176,1.9806,5.1322,6.3505,3.1413,12.791,3.3115,1.4724,3.4673,15.487,7.6612,5.9234,4.7734,1.574,20.028,7.2632,1.6894,2.1357,1.6028,7.8542,2.3166,2.97,2.3127,2.0418,8.6457,7.5389,3.6221,1.8114,2.1668,3.5636,6.6985,13.367,12.504
4.3396,5.0618,3.0631,2.667,1.5536,8.3435,7.0513,1.9805,5.1263,6.3439,3.1395,12.785,3.3015,1.4664,3.4611,15.458,7.6337,5.9445,4.7617,1.5798,20.055,7.2638,1.6869,2.1374,1.6149,7.8618,2.3139,2.9775,2.3123,2.0413,8.7009,7.5349,3.6134,1.813,2.159,3.5759,6.707,13.363,12.56
4.3198,5.0807,3.0744,2.669,1.5546,8.3188,6.9852,1.9804,5.1198,6.3372,3.1374,12.776,3.2914,1.4605,3.4549,15.428,7.6072,5.9653,4.7495,1.5855,20.081,7.2641,1.6844,2.139,1.6266,7.8691,2.3114,2.9849,2.3119,2.0408,8.7527,7.5305,3.6047,1.8143,2.1513,3.5882,6.7109,13.359,12.616
4.3158,5.0981,3.0863,2.6709,1.5556,8.2939,6.9842,1.9803,5.1126,6.3303,3.1349,12.762,3.281,1.4546,3.4486,15.398,7.5817,5.9858,4.7367,1.5912,20.106,7.264,1.6817,2.1406,1.6379,7.8763,2.3102,2.9923,2.3115,2.0403,8.8015,7.5259,3.5962,1.8152,2.1437,3.6004,6.7104,13.354,12.672
4.3129,5.1131,3.0987,2.6726,1.5566,8.2687,6.9894,1.9801,5.1048,6.3234,3.1322,12.745,3.2703,1.4487,3.4421,15.366,7.5573,6.0061,4.7234,1.5967,20.13,7.2635,1.6789,2.1421,1.6488,7.8835,2.3099,2.9994,2.3111,2.0398,8.8475,7.5209,3.5878,1.8155,2.136,3.6126,6.7055,13.348,12.727
4.3101,5.1257,3.1115,2.6741,1.5575,8.2432,6.9943,1.98,5.0964,6.3165,3.1291,12.723,3.2594,1.4428,3.4356,15.333,7.534,6.0262,4.7095,1.6021,20.154,7.2627,1.6761,2.1436,1.6592,7.8905,2.3093,3.0064,2.3107,2.0392,8.8908,7.5157,3.5795,1.8153,2.1284,3.6247,6.6962,13.341,12.781
4.3072,5.1357,3.1248,2.6755,1.5606,8.2175,6.9994,1.9798,5.0874,6.3095,3.1257,12.698,3.2483,1.4369,3.429,15.299,7.5117,6.0461,4.695,1.6075,20.177,7.2616,1.6731,2.1451,1.6693,7.8976,2.3086,3.0131,2.3103,2.0386,8.9315,7.5102,3.5713,1.8145,2.1209,3.6366,6.6827,13.333,12.836
4.3043,5.143,3.1383,2.6768,1.564,8.1917,7.0045,1.9797,5.0778,6.3024,3.122,12.669,3.2371,1.4311,3.4223,15.264,7.4904,6.0657,4.68,1.6127,20.199,7.2602,1.67,2.1465,1.6789,7.9044,2.3076,3.0196,2.3099,2.0379,8.9699,7.5043,3.5631,1.8132,2.1134,3.6485,6.665,13.325,12.889
4.3013,5.1471,3.1524,2.6779,1.5673,8.1657,7.0093,1.9795,5.0676,6.2952,3.1182,12.637,3.2256,1.4252,3.4155,15.228,7.4702,6.0853,4.6644,1.6179,20.221,7.2583,1.6669,2.1479,1.6883,7.9113,2.3065,3.0259,2.3095,2.0372,9.0061,7.4982,3.5549,1.8113,2.1118,3.6603,6.643,13.316,12.942
4.2984,5.1481,3.1668,2.6789,1.5705,8.1396,7.014,1.9793,5.057,6.288,3.1141,12.601,3.2138,1.4194,3.4086,15.192,7.4511,6.1047,4.6481,1.623,20.241,7.2563,1.6637,2.1492,1.6972,7.918,2.3051,3.0319,2.3092,2.0365,9.0404,7.4919,3.547,1.8088,2.113,3.6719,6.6169,13.306,12.994
4.2955,5.1457,3.1813,2.6798,1.5736,8.1136,7.0186,1.9791,5.0457,6.2806,3.1099,12.561,3.2018,1.4137,3.4016,15.154,7.433,6.1242,4.6313,1.628,20.261,7.2537,1.6603,2.1505,1.7056,7.9245,2.3036,3.0378,2.3088,2.0358,9.0729,7.4852,3.5391,1.8058,2.1141,3.6834,6.5866,13.295,13.046
4.2925,5.1399,3.196,2.6806,1.5766,8.0877,7.0233,1.9789,5.034,6.2731,3.1056,12.518,3.1896,1.4079,3.3946,15.115,7.4159,6.1458,4.6138,1.6329,20.28,7.2511,1.657,2.1517,1.7136,7.9311,2.3019,3.0434,2.3084,2.0349,9.1038,7.4784,3.5313,1.8021,2.1152,3.6947,6.5524,13.283,13.097
4.2895,5.1306,3.2108,2.6812,1.5795,8.0624,7.0278,1.9786,5.0218,6.2656,3.1012,12.471,3.1773,1.4022,3.3875,15.076,7.3998,6.1718,4.5957,1.6377,20.298,7.2479,1.6536,2.1529,1.721,7.9374,2.3001,3.0487,2.308,2.0341,9.1333,7.4716,3.5235,1.798,2.1162,3.7058,6.5144,13.271,13.147
4.2866,5.1175,3.2258,2.6816,1.5824,8.0373,7.0322,1.9784,5.0091,6.258,3.0967,12.419,3.1647,1.3965,3.3804,15.035,7.3848,6.2058,4.5769,1.6424,20.315,7.2446,1.6501,2.154,1.728,7.9435,2.298,3.0539,2.3076,2.0332,9.1616,7.4645,3.5157,1.7932,2.1172,3.7168,6.4727,13.258,13.197
4.2836,5.1251,3.2409,2.6819,1.5852,8.0124,7.0364,1.9781,4.9959,6.2503,3.0923,12.364,3.1519,1.3908,3.3732,14.994,7.3707,6.2395,4.5574,1.647,20.332,7.2408,1.6465,2.1551,1.7344,7.9495,2.2957,3.0588,2.3072,2.0323,9.189,7.4572,3.5079,1.7879,2.1182,3.7276,6.4274,13.244,13.245
4.2806,5.1556,3.2559,2.6821,1.5879,7.9875,7.0406,1.9779,4.9823,6.2425,3.0879,12.305,3.1389,1.3852,3.3659,14.952,7.3577,6.2729,4.5373,1.6515,20.348,7.2368,1.6428,2.1562,1.7402,7.9555,2.2932,3.0636,2.3068,2.0314,9.2157,7.4496,3.5002,1.7821,2.1192,3.7381,6.3787,13.229,13.293
4.2776,5.1876,3.2709,2.6822,1.5905,7.9625,7.0449,1.9776,4.9682,6.2346,3.0837,12.243,3.1256,1.3795,3.3586,14.908,7.3456,6.3061,4.5244,1.656,20.363,7.2325,1.6391,2.1572,1.7455,7.9612,2.2904,3.0683,2.3064,2.0304,9.2416,7.4417,3.4927,1.7758,2.1201,3.7485,6.3267,13.214,13.341
4.2746,5.2172,3.2858,2.6858,1.5931,7.9374,7.049,1.9773,4.9538,6.2267,3.0797,12.177,3.1122,1.3739,3.3511,14.865,7.3345,6.339,4.5207,1.6603,20.377,7.2277,1.6353,2.1581,1.7501,7.9667,2.2874,3.0728,2.3059,2.0294,9.2671,7.4336,3.4852,1.769,2.121,3.7585,6.2714,13.197,13.387
4.2715,5.2438,3.3006,2.6924,1.5957,7.9121,7.0529,1.9769,4.939,6.2186,3.0758,12.108,3.0987,1.3684,3.3436,14.82,7.3243,6.3718,4.5168,1.6646,20.391,7.2229,1.6314,2.159,1.7541,7.9719,2.2841,3.0771,2.3055,2.0284,9.2921,7.4252,3.4777,1.7621,2.1219,3.7685,6.2131,13.18,13.432
4.2685,5.267,3.3153,2.699,1.5982,7.8865,7.0567,1.9766,4.9238,6.2106,3.0723,12.035,3.0849,1.3628,3.336,14.774,7.3151,6.4043,4.5125,1.6688,20.404,7.2175,1.6275,2.1599,1.7573,7.9772,2.2806,3.0811,2.3051,2.0273,9.3172,7.4165,3.4702,1.7693,2.1227,3.7781,6.152,13.162,13.477
4.2654,5.2867,3.3296,2.7055,1.6007,7.8608,7.0604,1.9763,4.9084,6.2025,3.0691,11.959,3.0709,1.3573,3.3283,14.727,7.3094,6.4366,4.508,1.6728,20.416,7.212,1.6235,2.1607,1.7599,7.9823,2.2768,3.085,2.3047,2.0262,9.3424,7.4076,3.4628,1.776,2.1236,3.7875,6.0881,13.144,13.521
4.2624,5.3025,3.3438,2.7119,1.6032,7.8349,7.064,1.9759,4.8926,6.1943,3.0663,11.879,3.0566,1.3519,3.3206,14.68,7.3037,6.4687,4.5033,1.6768,20.427,7.2061,1.6195,2.1615,1.7618,7.9871,2.2728,3.0885,2.3043,2.025,9.3677,7.3985,3.4553,1.7822,2.1243,3.7966,6.0218,13.124,13.563
4.2593,5.3142,3.3578,2.7183,1.6057,7.8087,7.0677,1.9756,4.8765,6.1861,3.064,11.796,3.0422,1.3464,3.3127,14.631,7.2979,6.5006,4.4983,1.6806,20.438,7.1999,1.6155,2.1623,1.7629,7.9916,2.2685,3.0919,2.3039,2.0239,9.3933,7.3891,3.4478,1.7881,2.1251,3.8056,5.9531,13.104,13.605
4.2562,5.3216,3.3713,2.7247,1.6081,7.7822,7.0713,1.9752,4.8603,6.1778,3.0622,11.71,3.0277,1.341,3.3048,14.582,7.292,6.5324,4.493,1.6844,20.448,7.1935,1.6113,2.163,1.7634,7.9959,2.264,3.095,2.3035,2.0227,9.4196,7.3794,3.4403,1.7934,2.1258,3.8142,5.8824,13.083,13.646
4.2532,5.3245,3.3844,2.7309,1.6106,7.7556,7.0747,1.9749,4.8439,6.1694,3.061,11.659,3.013,1.3356,3.2969,14.532,7.286,6.564,4.4874,1.688,20.458,7.1867,1.6072,2.1636,1.7632,8.0002,2.2592,3.0979,2.3031,2.0215,9.4465,7.3695,3.4329,1.7982,2.1265,3.8225,5.8097,13.062,13.686
4.2501,5.3231,3.3973,2.7371,1.6131,7.7286,7.0779,1.9745,4.8276,6.1609,3.0701,11.653,2.9982,1.3303,3.2888,14.482,7.2798,6.5955,4.4817,1.6916,20.466,7.1797,1.6029,2.1642,1.7622,8.0044,2.2542,3.1006,2.3027,2.0202,9.4742,7.3594,3.4255,1.8024,2.1272,3.8306,5.7352,13.04,13.725
4.247,5.3171,3.4096,2.7433,1.6173,7.7014,7.081,1.9741,4.8115,6.1524,3.08,11.644,2.9832,1.3249,3.2807,14.43,7.2753,6.6269,4.4757,1.6951,20.474,7.1724,1.5986,2.1648,1.7605,8.0083,2.2489,3.103,2.3023,2.0189,9.5031,7.3494,3.4182,1.8062,2.1278,3.8384,5.6697,13.017,13.763
4.2439,5.3065,3.4215,2.7494,1.6221,7.674,7.084,1.9737,4.7955,6.1438,3.0902,11.634,2.9679,1.3196,3.2725,14.378,7.2729,6.6582,4.4694,1.6985,20.482,7.1647,1.5943,2.1654,1.758,8.0119,2.2434,3.1052,2.3019,2.0177,9.5328,7.3392,3.4107,1.8096,2.1284,3.8459,5.6664,12.993,13.8
4.2408,5.2913,3.4329,2.7555,1.627,7.6463,7.0871,1.9733,4.7795,6.1351,3.1009,11.622,2.9526,1.3144,3.2643,14.325,7.2713,6.6892,4.4629,1.7018,20.488,7.1569,1.5899,2.1659,1.7548,8.0153,2.2377,3.1074,2.3014,2.0163,9.5639,7.3288,3.4033,1.8123,2.129,3.8531,5.6591,12.969,13.836
4.2376,5.2712,3.4437,2.7614,1.6319,7.6184,7.0901,1.9729,4.7634,6.1264,3.112,11.608,2.9371,1.3092,3.256,14.271,7.306,6.7201,4.4561,1.705,20.494,7.1487,1.5855,2.1663,1.7508,8.0184,2.2318,3.1094,2.301,2.015,9.5963,7.3181,3.3958,1.8146,2.1296,3.8601,5.6479,12.944,13.871
4.2345,5.2463,3.4541,2.7674,1.6369,7.5902,7.093,1.9724,4.7472,6.1175,3.1235,11.591,2.9214,1.304,3.2476,14.217,7.378,6.7507,4.4492,1.708,20.499,7.1402,1.581,2.1668,1.746,8.0215,2.2256,3.1111,2.3006,2.0136,9.6299,7.3072,3.3882,1.8162,2.1301,3.8666,5.6331,12.932,13.905
4.2314,5.2707,3.4639,2.7732,1.6418,7.5618,7.0958,1.972,4.7308,6.1087,3.1356,11.572,2.9057,1.2988,3.2392,14.161,7.451,6.7809,4.442,1.711,20.503,7.1316,1.5766,2.1671,1.7405,8.0245,2.2192,3.1127,2.3002,2.0122,9.6653,7.296,3.3806,1.8176,2.1306,3.873,5.6148,12.923,13.937
4.2282,5.3401,3.4731,2.7791,1.6468,7.5331,7.0983,1.9715,4.7142,6.0997,3.1483,11.55,2.8898,1.2937,3.2307,14.112,7.5249,6.8108,4.4346,1.7138,20.507,7.1226,1.5721,2.1675,1.7341,8.0272,2.2126,3.1159,2.2998,2.0108,9.7021,7.2847,3.373,1.8183,2.131,3.879,5.5931,12.914,13.969
4.2251,5.4072,3.4817,2.7848,1.6518,7.5041,7.1008,1.971,4.6973,6.0907,3.1614,11.542,2.8739,1.2886,3.2221,14.129,7.5998,6.8402,4.427,1.7166,20.509,7.1133,1.5675,2.1678,1.727,8.0297,2.2059,3.1224,2.2994,2.0094,9.7406,7.2731,3.3686,1.8185,2.1314,3.8847,5.5681,12.905,13.999
4.222,5.4717,3.4898,2.7905,1.6568,7.475,7.1031,1.9706,4.6802,6.0817,3.1752,11.56,2.8578,1.2836,3.2135,14.147,7.6755,6.8691,4.4193,1.7192,20.512,7.1039,1.5629,2.168,1.7328,8.0319,2.1989,3.1286,2.299,2.0079,9.7808,7.2613,3.3717,1.8182,2.1318,3.89,5.5402,12.896,14.028
4.2189,5.5333,3.4971,2.7961,1.6618,7.4486,7.1054,1.9701,4.663,6.0727,3.1894,11.576,2.8416,1.2785,3.2049,14.164,7.7519,6.8976,4.4114,1.7218,20.513,7.0941,1.5583,2.1682,1.7388,8.0338,2.1917,3.1348,2.2986,2.0064,9.8225,7.2494,3.3742,1.8176,2.1322,3.895,5.5095,12.887,14.055
4.2158,5.592,3.504,2.8017,1.6669,7.4509,7.1078,1.9696,4.6455,6.0636,3.2043,11.588,2.8253,1.2736,3.1961,14.181,7.829,6.9256,4.4033,1.7243,20.562,7.0841,1.5536,2.1684,1.744,8.0355,2.1843,3.1407,2.2982,2.0049,9.8662,7.2372,3.3764,1.8163,2.1326,3.8997,5.4761,12.877,14.082
4.2127,5.6476,3.5102,2.8072,1.672,7.4529,7.1101,1.9691,4.6278,6.0544,3.2197,11.598,2.809,1.2686,3.1874,14.197,7.9068,6.9532,4.3951,1.7266,20.616,7.0739,1.549,2.1685,1.7484,8.0373,2.1767,3.1465,2.2978,2.0033,9.9116,7.2248,3.378,1.815,2.1329,3.9041,5.4404,12.867,14.107
4.2097,5.7002,3.5159,2.8127,1.6771,7.4549,7.1122,1.9686,4.6098,6.0452,3.2357,11.606,2.7925,1.2637,3.1787,14.212,7.9852,6.9803,4.3869,1.7288,20.669,7.0633,1.5442,2.1686,1.7521,8.0389,2.169,3.152,2.2974,2.0017,9.9586,7.2122,3.379,1.8138,2.1332,3.9081,5.4025,12.857,14.132
4.2066,5.7495,3.521,2.8181,1.6822,7.4567,7.1141,1.9681,4.5917,6.0359,3.2523,11.611,2.776,1.2588,3.1699,14.227,8.0641,7.0069,4.3786,1.7309,20.722,7.0527,1.5395,2.1686,1.755,8.0402,2.161,3.1574,2.297,2.0001,10.008,7.1996,3.3793,1.812,2.1334,3.9119,5.3627,12.847,14.154
4.2035,5.7954,3.5257,2.8234,1.6874,7.4582,7.116,1.9676,4.5733,6.0266,3.2695,11.614,2.7595,1.254,3.1611,14.242,8.1435,7.0331,4.3701,1.7329,20.773,7.0417,1.5347,2.1686,1.7571,8.0412,2.1529,3.1627,2.2966,1.9985,10.058,7.187,3.3792,1.8099,2.1337,3.9153,5.3212,12.837,14.176
4.2004,5.8376,3.5299,2.8287,1.6925,7.4594,7.1177,1.9671,4.5547,6.0172,3.2872,11.613,2.7429,1.2492,3.1522,14.256,8.2233,7.0589,4.3615,1.7347,20.824,7.0305,1.5299,2.1686,1.7584,8.042,2.1446,3.1679,2.2962,1.9968,10.111,7.1742,3.3788,1.8073,2.134,3.9185,5.2783,12.826,14.196
4.1973,5.8764,3.5339,2.8339,1.6977,7.4606,7.1192,1.9665,4.536,6.0078,3.3055,11.61,2.7262,1.2444,3.1433,14.269,8.3035,7.0841,4.3566,1.7364,20.874,7.0191,1.5251,2.1685,1.759,8.0425,2.1362,3.1748,2.2958,1.9951,10.165,7.1611,3.3777,1.8041,2.1342,3.9215,5.2341,12.815,14.214
4.1941,5.9112,3.5376,2.8391,1.7028,7.4615,7.1207,1.966,4.517,5.9983,3.3244,11.605,2.7095,1.2397,3.1343,14.283,8.3838,7.109,4.3519,1.7381,20.923,7.0074,1.5203,2.1683,1.7588,8.0428,2.1276,3.1854,2.2953,1.9934,10.221,7.1479,3.376,1.8006,2.1344,3.925,5.189,12.804,14.232
4.191,5.9418,3.5412,2.8442,1.708,7.4622,7.1223,1.9655,4.498,5.9887,3.3438,11.597,2.6928,1.235,3.1253,14.295,8.4645,7.1334,4.3468,1.7396,20.972,6.9955,1.5154,2.1682,1.7578,8.043,2.1188,3.1958,2.2949,1.9917,10.278,7.1574,3.3737,1.7966,2.1345,3.9284,5.143,12.793,14.247
4.1879,5.9686,3.5446,2.8493,1.7132,7.4627,7.1238,1.9649,4.4787,5.9791,3.3638,11.587,2.6761,1.2304,3.1163,14.308,8.5451,7.1574,4.3417,1.741,21.019,6.9835,1.5106,2.168,1.756,8.0432,2.1099,3.2059,2.2945,1.99,10.337,7.1917,3.3709,1.7922,2.1347,3.9317,5.0964,12.782,14.262
4.1848,5.9912,3.5477,2.8542,1.7184,7.4631,7.1252,1.9643,4.4592,5.9695,3.3843,11.573,2.6595,1.2258,3.1071,14.319,8.6259,7.181,4.3362,1.7423,21.066,6.9711,1.5057,2.1677,1.7535,8.0431,2.1008,3.2157,2.2941,1.9882,10.397,7.2243,3.3678,1.7872,2.1348,3.9346,5.0494,12.77,14.275
4.1816,6.0096,3.5506,2.8592,1.7236,7.4633,7.1265,1.9638,4.4397,5.9597,3.4052,11.558,2.6428,1.2212,3.098,14.331,8.7066,7.2041,4.3306,1.7434,21.112,6.9586,1.5008,2.1674,1.7503,8.0428,2.0916,3.2253,2.2937,1.9864,10.46,7.2552,3.364,1.7819,2.1349,3.9373,5.0022,12.759,14.286
4.1785,6.0238,3.557,2.864,1.7288,7.4632,7.1276,1.9632,4.42,5.95,3.4266,11.54,2.6262,1.2166,3.0888,14.341,8.7872,7.2267,4.3248,1.7444,21.157,6.9459,1.4959,2.1671,1.7463,8.0422,2.0823,3.2347,2.2933,1.9848,10.523,7.2847,3.3597,1.7761,2.1349,3.9397,4.9548,12.747,14.296
4.1754,6.034,3.5639,2.8689,1.734,7.4629,7.1286,1.9626,4.4,5.9402,3.4484,11.52,2.6096,1.2121,3.0796,14.352,8.8676,7.2489,4.3188,1.7453,21.202,6.9329,1.4909,2.1667,1.7415,8.0413,2.0728,3.2438,2.2929,1.9835,10.588,7.3131,3.3547,1.7699,2.135,3.9417,4.9076,12.735,14.304
4.1722,6.04,3.5701,2.8736,1.7392,7.4626,7.1295,1.9621,4.3801,5.9303,3.4705,11.497,2.593,1.2077,3.0703,14.362,8.9477,7.2707,4.3126,1.746,21.245,6.9198,1.486,2.1663,1.7361,8.0402,2.0631,3.2528,2.2925,1.9822,10.654,7.3397,3.3493,1.7632,2.135,3.9434,4.865,12.722,14.311
4.1691,6.0415,3.5756,2.8783,1.7445,7.462,7.1302,1.9615,4.36,5.9205,3.493,11.473,2.5765,1.2033,3.061,14.371,9.0275,7.292,4.3062,1.7466,21.288,6.9064,1.481,2.1658,1.7299,8.0389,2.0534,3.2617,2.2921,1.9809,10.721,7.3645,3.3435,1.7561,2.135,3.9447,4.8371,12.71,14.317
4.1659,6.0388,3.5803,2.8829,1.7497,7.4612,7.1308,1.9609,4.3398,5.9106,3.5158,11.446,2.56,1.1989,3.0517,14.38,9.1069,7.3131,4.2997,1.7471,21.33,6.8929,1.476,2.1654,1.723,8.0374,2.0435,3.2704,2.2916,1.9796,10.789,7.3877,3.3371,1.7487,2.135,3.9457,4.8092,12.698,14.321
4.1628,6.032,3.5842,2.8875,1.7549,7.4602,7.1315,1.9603,4.3194,5.9007,3.5388,11.417,2.5436,1.1945,3.0423,14.389,9.1857,7.334,4.293,1.7475,21.371,6.8792,1.471,2.1648,1.7154,8.0359,2.0335,3.2788,2.2912,1.9783,10.858,7.4095,3.33,1.7408,2.1349,3.9463,4.7813,12.685,14.323
4.16,6.0208,3.5874,2.892,1.7602,7.4591,7.1322,1.9598,4.3009,5.8908,3.562,11.385,2.5273,1.1902,3.0329,14.397,9.2641,7.3549,4.2863,1.7477,21.411,6.8652,1.4661,2.1643,1.7071,8.0342,2.0234,3.2869,2.2908,1.9769,10.928,7.4301,3.3224,1.7325,2.1348,3.9467,4.7535,12.672,14.324
4.1676,6.0052,3.5896,2.8965,1.7654,7.4579,7.1328,1.9592,4.2899,5.8808,3.5853,11.352,2.511,1.186,3.0234,14.404,9.3417,7.3761,4.2794,1.7478,21.45,6.8511,1.4611,2.1637,1.6982,8.0323,2.0132,3.2948,2.2904,1.9755,10.999,7.4491,3.3145,1.7239,2.1347,3.9466,4.7258,12.659,14.324
4.1752,5.9857,3.5912,2.9009,1.7706,7.4564,7.1332,1.9586,4.2786,5.8707,3.6088,11.317,2.4949,1.1817,3.0139,14.412,9.4186,7.3976,4.2726,1.7477,21.489,6.8368,1.4561,2.163,1.6886,8.0301,2.0029,3.3025,2.29,1.9741,11.071,7.4663,3.306,1.7148,2.1346,3.9462,4.6983,12.646,14.322
4.183,5.9619,3.5916,2.9053,1.7758,7.4547,7.1335,1.958,4.267,5.8607,3.6323,11.28,2.4788,1.1776,3.0044,14.418,9.4947,7.4191,4.2657,1.7475,21.527,6.8223,1.4511,2.1623,1.6784,8.0277,1.9925,3.3099,2.2896,1.9726,11.143,7.4818,3.297,1.7055,2.1345,3.9454,4.671,12.632,14.318
4.1906,5.9337,3.5915,2.9095,1.7811,7.4528,7.1337,1.9575,4.2554,5.8506,3.6558,11.241,2.4629,1.1734,2.9949,14.425,9.57,7.4404,4.2589,1.7471,21.563,6.8076,1.4461,2.1616,1.6676,8.025,1.9819,3.317,2.2892,1.9711,11.216,7.4964,3.2873,1.6959,2.1343,3.9443,4.644,12.619,14.312
4.1982,5.9016,3.5903,2.9138,1.7863,7.4509,7.1338,1.9569,4.2435,5.8404,3.6793,11.2,2.4471,1.1693,2.9861,14.43,9.6442,7.4615,4.2521,1.7467,21.599,6.7928,1.441,2.1609,1.6561,8.022,1.9713,3.3239,2.2888,1.9697,11.289,7.5095,3.2772,1.6858,2.1341,3.9429,4.6173,12.605,14.365
4.2057,5.8655,3.5884,2.9179,1.7915,7.4488,7.1338,1.9563,4.2313,5.8302,3.7028,11.158,2.4314,1.1652,2.9828,14.436,9.7175,7.4822,4.2454,1.746,21.634,6.7777,1.436,2.1601,1.6441,8.0189,1.9606,3.3305,2.2883,1.9681,11.363,7.521,3.2668,1.6755,2.1339,3.9412,4.5912,12.591,14.434
4.2133,5.8253,3.5856,2.9221,1.7967,7.4464,7.1336,1.9557,4.2189,5.82,3.7262,11.113,2.4159,1.1612,2.9795,14.441,9.7897,7.5025,4.2389,1.7453,21.668,6.7626,1.431,2.1593,1.6314,8.0155,1.9498,3.3369,2.2879,1.9666,11.437,7.5308,3.2557,1.6647,2.1337,3.9393,4.5657,12.578,14.502
4.2208,5.7812,3.5819,2.9261,1.8019,7.4439,7.1333,1.9551,4.2065,5.8097,3.7495,11.067,2.4005,1.1572,2.9762,14.446,9.8607,7.5223,4.2323,1.7443,21.702,6.7472,1.426,2.1584,1.6182,8.0123,1.9389,3.3431,2.2875,1.965,11.511,7.5394,3.2441,1.6537,2.1335,3.9372,4.5411,12.563,14.57
4.2281,5.7337,3.5773,2.9301,1.8071,7.4413,7.1329,1.9545,4.1938,5.7994,3.7727,11.02,2.3944,1.1532,2.9729,14.45,9.9305,7.5416,4.2256,1.7433,21.734,6.7316,1.4209,2.1576,1.6045,8.0088,1.928,3.3489,2.2871,1.9635,11.585,7.5468,3.2319,1.6426,2.1332,3.9351,4.5171,12.549,14.638
4.2354,5.6822,3.5719,2.9341,1.8123,7.4385,7.1327,1.9539,4.1809,5.7891,3.7957,10.971,2.3992,1.1493,2.9696,14.454,9.999,7.5604,4.2187,1.742,21.766,6.7159,1.4159,2.1566,1.6135,8.0051,1.917,3.3547,2.2867,1.9619,11.659,7.5527,3.2194,1.6311,2.1329,3.933,4.4938,12.535,14.705
4.2426,5.6271,3.5657,2.938,1.8175,7.4355,7.1324,1.9533,4.1679,5.7787,3.8184,10.92,2.404,1.1455,2.9663,14.457,10.066,7.5787,4.2117,1.7406,21.796,6.7,1.4109,2.1557,1.6242,8.0011,1.9059,3.3604,2.2863,1.9602,11.734,7.5569,3.2064,1.621,2.1326,3.9307,4.471,12.52,14.772
4.2497,5.594,3.5585,2.9418,1.8233,7.4324,7.1319,1.9527,4.1546,5.7683,3.8407,10.869,2.4086,1.1416,2.963,14.46,10.132,7.5966,4.2045,1.7391,21.826,6.6839,1.4058,2.1547,1.6348,7.9969,1.8947,3.3658,2.2859,1.9586,11.808,7.5599,3.1929,1.626,2.1323,3.9283,4.4493,12.506,14.838
4.2566,5.6246,3.5507,2.9456,1.8333,7.4291,7.1314,1.9521,4.1413,5.7578,3.8627,10.816,2.4132,1.1378,2.9597,14.463,10.196,7.614,4.1971,1.7375,21.855,6.6678,1.4008,2.1537,1.6453,7.9925,1.8834,3.3709,2.2854,1.9569,11.883,7.5619,3.1788,1.6307,2.132,3.9255,4.4288,12.491,14.903
4.2633,5.6518,3.5419,2.9493,1.8435,7.4257,7.1307,1.9514,4.1279,5.7474,3.8841,10.761,2.4177,1.1341,2.9563,14.465,10.259,7.6309,4.1896,1.7357,21.883,6.6514,1.3958,2.1527,1.6556,7.9878,1.8722,3.3758,2.285,1.9552,11.957,7.5623,3.1642,1.635,2.1316,3.9226,4.4091,12.476,14.968
4.2699,5.6757,3.5323,2.953,1.8541,7.4221,7.1299,1.9508,4.1143,5.7369,3.905,10.706,2.422,1.1303,2.953,14.467,10.32,7.6474,4.1818,1.7337,21.91,6.6348,1.3907,2.1516,1.6658,7.9829,1.8608,3.3805,2.2846,1.9535,12.031,7.5612,3.1492,1.6388,2.1313,3.9193,4.39,12.461,15.032
4.2764,5.6961,3.522,2.9566,1.8649,7.4184,7.129,1.9502,4.1005,5.7263,3.9254,10.649,2.4263,1.1267,2.9496,14.468,10.38,7.6635,4.1739,1.7316,21.936,6.6182,1.3857,2.1505,1.6759,7.9778,1.8494,3.3848,2.2842,1.9518,12.104,7.559,3.1338,1.6422,2.1309,3.9158,4.3713,12.446,15.096
4.2826,5.7129,3.5107,2.9601,1.8761,7.4146,7.1279,1.9495,4.0866,5.7183,3.9453,10.59,2.4304,1.123,2.9463,14.469,10.438,7.6794,4.1658,1.7293,21.961,6.6014,1.3807,2.1494,1.6858,7.9725,1.8379,3.389,2.2838,1.9501,12.177,7.5558,3.118,1.6453,2.1305,3.9119,4.3532,12.43,15.159
4.2885,5.7262,3.4988,2.9636,1.8876,7.4106,7.1268,1.9488,4.0726,5.7373,3.9646,10.531,2.4345,1.1205,2.9429,14.47,10.494,7.6955,4.1575,1.7269,21.985,6.5843,1.3757,2.1482,1.6956,7.9673,1.8264,3.3929,2.2834,1.9483,12.25,7.551,3.1016,1.648,2.1301,3.9078,4.3356,12.415,15.221
4.2942,5.7358,3.4861,2.9671,1.8994,7.4064,7.1255,1.9482,4.0586,5.7559,3.9833,10.471,2.4385,1.119,2.9395,14.47,10.548,7.7125,4.149,1.7244,22.008,6.5672,1.3707,2.147,1.7052,7.9618,1.8149,3.3965,2.283,1.9465,12.322,7.5448,3.0847,1.6504,2.1297,3.9033,4.3185,12.399,15.282
4.2999,5.7416,3.4725,2.9705,1.9115,7.4021,7.1242,1.9475,4.0444,5.7739,4.0015,10.409,2.4423,1.1174,2.9361,14.47,10.601,7.7301,4.1404,1.7217,22.031,6.55,1.3657,2.1458,1.7148,7.9562,1.8033,3.3999,2.2825,1.9447,12.394,7.5376,3.0823,1.6523,2.1292,3.8986,4.3019,12.384,15.342
4.3052,5.7439,3.4583,2.9738,1.9239,7.3977,7.1227,1.9468,4.0302,5.7914,4.019,10.347,2.446,1.1158,2.9327,14.469,10.652,7.7478,4.1316,1.7188,22.052,6.5325,1.3607,2.1445,1.7242,7.9503,1.7916,3.403,2.2821,1.9429,12.464,7.5294,3.0884,1.6539,2.1288,3.8936,4.2858,12.368,15.402
4.3101,5.7428,3.4433,2.9771,1.9367,7.3932,7.1214,1.9462,4.0158,5.8086,4.0358,10.283,2.4496,1.1143,2.9293,14.468,10.701,7.7652,4.1226,1.7158,22.072,6.515,1.3557,2.1432,1.7334,7.9442,1.78,3.4059,2.2817,1.9411,12.534,7.5197,3.0945,1.6551,2.1283,3.8883,4.2699,12.352,15.461
4.3148,5.7383,3.4275,2.9803,1.9498,7.3884,7.12,1.9455,4.0013,5.8252,4.0519,10.219,2.4532,1.1127,2.9259,14.467,10.748,7.7822,4.1135,1.7126,22.092,6.4973,1.3507,2.1419,1.7425,7.9378,1.7683,3.4085,2.2813,1.9393,12.602,7.5086,3.1007,1.6558,2.1278,3.8827,4.2543,12.336,15.519
4.3193,5.7307,3.4111,2.9835,1.9632,7.3836,7.1184,1.9448,3.9868,5.8412,4.0672,10.154,2.4566,1.1111,2.9225,14.465,10.793,7.7988,4.1042,1.7093,22.111,6.4795,1.3457,2.1406,1.7515,7.9313,1.7565,3.4111,2.2809,1.9375,12.67,7.4967,3.1069,1.6562,2.1272,3.8768,4.239,12.32,15.576
4.3235,5.7207,3.394,2.9866,1.9769,7.3787,7.1168,1.9441,3.9722,5.8568,4.0818,10.088,2.4598,1.1094,2.9191,14.463,10.836,7.8151,4.0947,1.7059,22.128,6.4614,1.3408,2.1392,1.7603,7.9245,1.7448,3.4135,2.2805,1.9356,12.736,7.4837,3.1132,1.6562,2.1267,3.8707,4.2239,12.304,15.631
4.3273,5.7106,3.3762,2.9897,1.991,7.3736,7.115,1.9434,3.9576,5.872,4.0956,10.021,2.463,1.1078,2.9157,14.461,10.877,7.8308,4.085,1.7023,22.145,6.4434,1.3358,2.1378,1.769,7.9175,1.733,3.4156,2.2801,1.9337,12.8,7.4694,3.1196,1.6559,2.1262,3.8643,4.209,12.287,15.686
4.3307,5.6997,3.3577,2.9927,2.0053,7.3685,7.1131,1.9427,3.943,5.8866,4.1087,9.9535,2.4661,1.1062,2.9123,14.458,10.917,7.8463,4.0752,1.6986,22.161,6.4252,1.3309,2.1364,1.7776,7.9103,1.7212,3.4175,2.2797,1.9319,12.864,7.4537,3.1261,1.6552,2.1256,3.8576,4.1942,12.271,15.739
4.3339,5.6865,3.3387,2.9957,2.02,7.3632,7.1111,1.942,3.9344,5.9006,4.1212,9.8855,2.469,1.1045,2.9088,14.455,10.954,7.8613,4.0652,1.6947,22.176,6.4068,1.3259,2.1349,1.786,7.9032,1.7094,3.4191,2.2793,1.9299,12.926,7.4375,3.1326,1.6543,2.125,3.8507,4.1795,12.254,15.791
4.3368,5.6705,3.319,2.9986,2.035,7.3578,7.109,1.9412,3.9303,5.9142,4.1329,9.8168,2.4718,1.1029,2.9054,14.451,10.989,7.8761,4.0551,1.6906,22.19,6.3883,1.321,2.1334,1.7943,7.8959,1.6976,3.4205,2.2789,1.928,12.986,7.42,3.1392,1.653,2.1244,3.8435,4.1649,12.237,15.842
4.3392,5.6517,3.3124,3.0014,2.0503,7.3523,7.1068,1.9405,3.9261,5.9274,4.144,9.7473,2.4745,1.1012,2.902,14.447,11.022,7.8909,4.0447,1.6864,22.204,6.3697,1.3161,2.1319,1.8025,7.8884,1.6858,3.4216,2.2785,1.9261,13.044,7.4012,3.1458,1.6513,2.1238,3.8361,4.1503,12.221,15.892
4.3412,5.6299,3.3299,3.0042,2.0659,7.3467,7.1045,1.9398,3.9219,5.9399,4.1542,9.6772,2.4771,1.0995,2.8985,14.443,11.053,7.9059,4.0342,1.6852,22.216,6.3509,1.3111,2.1304,1.8105,7.8807,1.6739,3.4225,2.2781,1.9241,13.101,7.3816,3.1525,1.6493,2.1231,3.8284,4.1358,12.204,15.94
4.343,5.6053,3.347,3.007,2.0819,7.341,7.102,1.939,3.9176,5.952,4.1636,9.6065,2.4796,1.0978,2.8951,14.439,11.083,7.9214,4.0235,1.685,22.227,6.332,1.3063,2.1288,1.8184,7.8727,1.6621,3.4232,2.2777,1.9222,13.156,7.3611,3.1593,1.6469,2.1225,3.8205,4.1212,12.187,15.987
4.3443,5.5778,3.363,3.0097,2.0981,7.3353,7.0995,1.9383,3.9133,5.9636,4.1722,9.5351,2.4819,1.0961,2.8916,14.434,11.11,7.9372,4.0126,1.6846,22.238,6.3131,1.3014,2.1273,1.8261,7.8646,1.6502,3.4236,2.2773,1.9202,13.208,7.3395,3.166,1.6442,2.1218,3.8124,4.1067,12.17,16.033
4.3452,5.5473,3.3777,3.0124,2.1147,7.3294,7.097,1.9375,3.9089,5.9747,4.1799,9.4629,2.4841,1.0944,2.8881,14.428,11.135,7.9531,4.0016,1.6842,22.247,6.2941,1.2965,2.1257,1.8337,7.8562,1.6384,3.4261,2.2769,1.9182,13.258,7.3167,3.1729,1.6412,2.1212,3.8041,4.1138,12.153,16.077
4.3458,5.5141,3.391,3.015,2.1315,7.3235,7.0945,1.9368,3.9045,5.9853,4.1868,9.3904,2.4862,1.0927,2.8847,14.423,11.158,7.969,3.9919,1.6836,22.256,6.2748,1.2916,2.124,1.8412,7.8477,1.6265,3.4326,2.2765,1.9162,13.306,7.2934,3.1798,1.6379,2.1205,3.7956,4.1228,12.135,16.12
4.3459,5.4781,3.403,3.0176,2.1487,7.3176,7.0919,1.936,3.9,5.9953,4.1928,9.3171,2.4882,1.091,2.8812,14.417,11.179,7.9849,3.9959,1.6828,22.264,6.2555,1.2868,2.1224,1.8485,7.8389,1.6147,3.4389,2.2761,1.9142,13.352,7.269,3.1868,1.6343,2.1198,3.787,4.1326,12.118,16.161
4.3456,5.4535,3.4137,3.0201,2.1661,7.3116,7.0892,1.9352,3.8954,6.0049,4.198,9.2433,2.4901,1.0893,2.8777,14.41,11.198,8.0008,3.9998,1.682,22.271,6.2361,1.2819,2.1207,1.8557,7.83,1.6038,3.4452,2.2757,1.9121,13.395,7.2436,3.1938,1.6305,2.119,3.7781,4.1429,12.1,16.202
4.3449,5.4433,3.4235,3.0226,2.1838,7.3057,7.0864,1.9345,3.8908,6.014,4.2024,9.169,2.4918,1.0875,2.8742,14.404,11.215,8.0167,4.0035,1.681,22.278,6.2166,1.2771,2.119,1.8627,7.8212,1.5947,3.4512,2.2753,1.9101,13.435,7.2177,3.2008,1.6264,2.1183,3.7691,4.1538,12.083,16.241
4.3439,5.4318,3.4326,3.025,2.2019,7.2999,7.0834,1.9337,3.8861,6.0226,4.2061,9.0941,2.4934,1.0858,2.8707,14.397,11.23,8.0326,4.0072,1.6798,22.283,6.197,1.2723,2.1173,1.8697,7.8122,1.5855,3.4571,2.2749,1.908,13.473,7.2117,3.2078,1.622,2.1175,3.7599,4.1652,12.065,16.278
4.3422,5.4182,3.4417,3.0274,2.2202,7.2942,7.0804,1.9329,3.8815,6.0306,4.2089,9.0189,2.4949,1.084,2.8673,14.39,11.243,8.0484,4.0107,1.6835,22.287,6.1773,1.2675,2.1156,1.8764,7.803,1.5762,3.4626,2.2745,1.9059,13.508,7.2382,3.2149,1.6173,2.1168,3.7505,4.1769,12.047,16.314
4.3404,5.4026,3.4503,3.0298,2.2388,7.2886,7.0772,1.9321,3.8768,6.0381,4.2112,8.9431,2.4964,1.0823,2.8638,14.382,11.254,8.0643,4.0141,1.6916,22.291,6.1575,1.2627,2.1138,1.8831,7.7935,1.567,3.4681,2.2741,1.9039,13.541,7.2643,3.2221,1.6124,2.116,3.7409,4.1888,12.03,16.349
4.338,5.3858,3.459,3.0321,2.2576,7.2831,7.0739,1.9313,3.8721,6.0453,4.2128,8.8672,2.4977,1.0805,2.8603,14.374,11.263,8.0801,4.0175,1.6995,22.294,6.1375,1.2579,2.112,1.8896,7.7839,1.5577,3.4734,2.2737,1.9018,13.57,7.2894,3.2293,1.6072,2.1152,3.7311,4.2009,12.012,16.382
4.3351,5.3673,3.4675,3.0343,2.2767,7.2776,7.0705,1.9306,3.8674,6.0519,4.2162,8.7907,2.4989,1.0787,2.8568,14.366,11.27,8.0961,4.0207,1.7074,22.296,6.1175,1.2531,2.1102,1.8959,7.7741,1.5483,3.4784,2.2733,1.8996,13.597,7.3137,3.2365,1.6018,2.1144,3.7211,4.213,11.994,16.414
4.3319,5.3469,3.4753,3.0365,2.2961,7.272,7.067,1.9298,3.8626,6.0579,4.2199,8.7259,2.5,1.0769,2.8533,14.357,11.275,8.1122,4.0239,1.7152,22.297,6.0975,1.2484,2.1084,1.9021,7.7641,1.5389,3.4832,2.2729,1.8975,13.621,7.3375,3.2438,1.5961,2.1136,3.711,4.2252,11.976,16.444
4.3281,5.3246,3.4818,3.0387,2.3158,7.2664,7.0634,1.929,3.8578,6.0634,4.223,8.718,2.5009,1.0751,2.8498,14.348,11.279,8.1284,4.0269,1.723,22.298,6.0773,1.2437,2.1066,1.9082,7.7541,1.5295,3.4877,2.2725,1.8954,13.642,7.3605,3.2512,1.5902,2.1128,3.7007,4.2372,11.958,16.473
4.3238,5.3012,3.4873,3.0408,2.3357,7.2608,7.0597,1.9281,3.853,6.0686,4.2254,8.7092,2.5017,1.0733,2.8462,14.339,11.28,8.1446,4.0299,1.7307,22.297,6.0569,1.2389,2.1047,1.9142,7.744,1.52,3.492,2.2721,1.8932,13.66,7.3828,3.2585,1.584,2.112,3.6901,4.249,11.939,16.5
4.3193,5.2762,3.4915,3.0428,2.3558,7.2552,7.0562,1.9273,3.8482,6.0732,4.2272,8.699,2.5024,1.0715,2.8427,14.33,11.28,8.1611,4.0327,1.7384,22.296,6.0366,1.2342,2.1029,1.92,7.7337,1.5105,3.498,2.2717,1.8911,13.674,7.4045,3.2659,1.5777,2.1111,3.6795,4.2605,11.921,16.526
4.3141,5.2493,3.4948,3.0448,2.3762,7.2494,7.0525,1.9265,3.8433,6.0773,4.2284,8.6878,2.503,1.0697,2.8392,14.32,11.277,8.1778,4.0354,1.746,22.294,6.0162,1.2295,2.101,1.9257,7.7233,1.501,3.505,2.2713,1.8889,13.686,7.4254,3.2732,1.5713,2.1103,3.6686,4.2717,11.903,16.551
4.3083,5.2208,3.4971,3.0468,2.3969,7.2437,7.0487,1.9257,3.8384,6.0809,4.2291,8.6751,2.5035,1.0679,2.8357,14.31,11.273,8.1951,4.0381,1.7536,22.292,5.9956,1.2248,2.0991,1.9312,7.7127,1.4915,3.5117,2.2709,1.8867,13.695,7.4457,3.2806,1.5646,2.1094,3.6576,4.2823,11.884,16.573
4.3023,5.1971,3.4983,3.0487,2.4177,7.2379,7.0448,1.9249,3.8336,6.084,4.2293,8.6616,2.5038,1.0661,2.8322,14.299,11.267,8.213,4.0407,1.7611,22.288,5.975,1.2202,2.0972,1.9366,7.7024,1.4819,3.5182,2.2705,1.8845,13.701,7.4653,3.288,1.5577,2.1086,3.6465,4.2925,11.865,16.594
4.2957,5.1837,3.4985,3.0506,2.4388,7.232,7.0408,1.924,3.8287,6.0867,4.2364,8.6466,2.504,1.0643,2.8287,14.289,11.26,8.2313,4.0432,1.7685,22.284,5.9544,1.2155,2.0953,1.9419,7.6933,1.4723,3.5244,2.2701,1.8823,13.703,7.484,3.2954,1.5507,2.1077,3.6352,4.302,11.847,16.614
4.2885,5.1699,3.4976,3.0524,2.4601,7.2261,7.0367,1.9232,3.8238,6.0889,4.2477,8.6309,2.5041,1.0625,2.8251,14.277,11.25,8.2499,4.0456,1.7758,22.279,5.9336,1.2109,2.0933,1.947,7.6842,1.4627,3.5306,2.2697,1.8801,13.703,7.5022,3.3028,1.5435,2.1068,3.6237,4.3108,11.828,16.632
4.2808,5.1553,3.4959,3.0542,2.4816,7.2201,7.0325,1.9223,3.819,6.0906,4.2585,8.6138,2.5041,1.0606,2.8216,14.266,11.239,8.2685,4.0478,1.7831,22.273,5.9128,1.2063,2.0914,1.952,7.6751,1.458,3.5366,2.2693,1.8779,13.7,7.5197,3.3102,1.5362,2.1059,3.6121,4.3189,11.81,16.649
4.2727,5.1402,3.4932,3.0559,2.5033,7.214,7.0282,1.9215,3.8142,6.0918,4.2689,8.5958,2.5039,1.0588,2.8181,14.254,11.226,8.2871,4.05,1.7903,22.267,5.9103,1.2017,2.0894,1.9569,7.6657,1.4581,3.5423,2.2689,1.8757,13.693,7.5365,3.3176,1.5287,2.105,3.6003,4.3261,11.791,16.663
4.2641,5.1242,3.4899,3.0576,2.5252,7.2079,7.0238,1.9206,3.8094,6.0926,4.2786,8.5768,2.5036,1.057,2.8145,14.242,11.212,8.3056,4.0521,1.7975,22.259,5.9137,1.1971,2.0874,1.9616,7.6562,1.4581,3.5477,2.2685,1.8735,13.684,7.5523,3.325,1.521,2.1041,3.5884,4.3324,11.772,16.677
4.2549,5.1073,3.4863,3.0593,2.5473,7.2017,7.0192,1.9198,3.8046,6.0929,4.2879,8.5565,2.5032,1.0551,2.811,14.23,11.196,8.3238,4.0541,1.8046,22.251,5.9171,1.1926,2.0855,1.9662,7.6467,1.4581,3.5528,2.2681,1.8713,13.672,7.5678,3.3323,1.5133,2.1031,3.5763,4.3378,11.753,16.688
4.2451,5.09,3.483,3.0609,2.5696,7.1955,7.0146,1.9189,3.7998,6.0927,4.2967,8.5357,2.5027,1.0533,2.8075,14.218,11.178,8.3418,4.0561,1.8116,22.242,5.9201,1.188,2.0835,1.9706,7.6371,1.4581,3.5577,2.2677,1.869,13.656,7.5826,3.3397,1.5054,2.1022,3.5641,4.3421,11.734,16.699
4.2349,5.078,3.48,3.0624,2.5921,7.1891,7.0098,1.918,3.795,6.092,4.305,8.5136,2.5021,1.0514,2.8039,14.205,11.159,8.3595,4.0579,1.8186,22.233,5.923,1.1835,2.0815,1.975,7.6273,1.458,3.5623,2.2673,1.8668,13.638,7.5965,3.347,1.4974,2.1012,3.5518,4.3453,11.715,16.707
4.2242,5.0931,3.4764,3.064,2.6147,7.1828,7.0051,1.9172,3.7902,6.0909,4.3129,8.4907,2.5015,1.0496,2.8004,14.192,11.139,8.377,4.0597,1.8255,22.222,5.9257,1.1789,2.0795,1.9792,7.6173,1.4578,3.5668,2.2669,1.8645,13.618,7.6096,3.3543,1.4893,2.1002,3.5393,4.3474,11.696,16.714
4.213,5.1074,3.4719,3.0654,2.6375,7.1762,7.0004,1.9163,3.7854,6.0894,4.3206,8.467,2.5006,1.0477,2.7969,14.178,11.117,8.3942,4.0613,1.8323,22.211,5.9282,1.1744,2.0774,1.9832,7.6071,1.4576,3.5717,2.2665,1.8622,13.594,7.6224,3.3616,1.4811,2.0993,3.5266,4.3483,11.677,16.72
4.2012,5.1202,3.4667,3.0669,2.6604,7.1697,6.9955,1.9154,3.7806,6.0874,4.3279,8.4423,2.4997,1.0459,2.7933,14.164,11.094,8.4111,4.0629,1.8391,22.2,5.9304,1.17,2.0754,1.9872,7.5971,1.4573,3.5772,2.2661,1.86,13.568,7.6344,3.3689,1.4729,2.0983,3.5139,4.348,11.657,16.724
4.1889,5.1315,3.4608,3.0683,2.6835,7.163,6.9906,1.9145,3.7759,6.085,4.335,8.417,2.4987,1.044,2.7898,14.15,11.069,8.4279,4.0644,1.8459,22.187,5.9325,1.1655,2.0734,1.991,7.5868,1.457,3.5835,2.2657,1.8577,13.539,7.6456,3.3761,1.4647,2.0973,3.5009,4.384,11.638,16.726
4.1761,5.1413,3.4541,3.0696,2.7067,7.1562,6.9856,1.9136,3.7712,6.082,4.3417,8.3909,2.4975,1.0422,2.7862,14.136,11.043,8.4445,4.0658,1.8525,22.174,5.9344,1.161,2.0713,1.9947,7.5764,1.4566,3.5897,2.2653,1.8554,13.507,7.6561,3.3833,1.4563,2.0963,3.4879,4.4216,11.619,16.727
4.163,5.1497,3.4469,3.0709,2.7301,7.1494,6.9804,1.9127,3.7665,6.0787,4.3509,8.3638,2.4962,1.0403,2.7827,14.122,11.016,8.461,4.0672,1.8591,22.16,5.9361,1.1566,2.0693,1.9982,7.5658,1.4561,3.5957,2.2649,1.8531,13.473,7.6663,3.3905,1.4479,2.0953,3.4747,4.4589,11.599,16.727
4.1492,5.1566,3.4392,3.0722,2.7536,7.1425,6.9752,1.9118,3.7618,6.075,4.3654,8.3365,2.4949,1.0384,2.7792,14.107,10.987,8.4776,4.0684,1.8656,22.145,5.9375,1.1522,2.0672,2.0017,7.555,1.4556,3.6016,2.2645,1.8508,13.436,7.6756,3.3976,1.4395,2.0942,3.4614,4.4959,11.58,16.725
4.135,5.1628,3.431,3.0734,2.7771,7.1355,6.9698,1.9109,3.7572,6.0708,4.3798,8.3082,2.4934,1.0366,2.7756,14.091,10.958,8.4942,4.0696,1.8721,22.129,5.9388,1.1478,2.0651,2.005,7.5442,1.455,3.6073,2.2641,1.8488,13.397,7.6842,3.4047,1.431,2.0932,3.448,4.5326,11.56,16.721
4.1202,5.1676,3.4226,3.0746,2.8009,7.1283,6.9643,1.91,3.7526,6.0661,4.394,8.2792,2.492,1.0347,2.7721,14.076,10.927,8.5109,4.0707,1.8785,22.113,5.9398,1.1434,2.063,2.0082,7.5333,1.4544,3.6128,2.2637,1.8468,13.355,7.6923,3.4117,1.4225,2.0921,3.4344,4.5688,11.541,16.715
4.1049,5.1709,3.4141,3.0757,2.8247,7.1212,6.9587,1.9091,3.7481,6.061,4.4081,8.2499,2.4906,1.0328,2.7685,14.06,10.895,8.5277,4.0716,1.8848,22.096,5.9407,1.1399,2.061,2.0112,7.5223,1.4545,3.618,2.2634,1.8448,13.311,7.6999,3.4187,1.414,2.0911,3.4207,4.6045,11.521,16.708
4.0893,5.1729,3.4055,3.0768,2.8485,7.1139,6.9531,1.9082,3.7436,6.0556,4.4221,8.2198,2.489,1.031,2.765,14.044,10.863,8.5445,4.0725,1.8911,22.078,5.9413,1.138,2.0589,2.0141,7.5111,1.4553,3.6229,2.263,1.8427,13.265,7.7067,3.4256,1.4055,2.09,3.4069,4.6397,11.502,16.7
4.0732,5.1735,3.3968,3.0779,2.8725,7.1066,6.9473,1.9073,3.7391,6.0497,4.436,8.1892,2.4874,1.0291,2.7614,14.028,10.829,8.5612,4.0734,1.8973,22.06,5.9418,1.1361,2.0568,2.017,7.4997,1.456,3.6276,2.2626,1.8407,13.216,7.713,3.4325,1.397,2.089,3.393,4.6742,11.482,16.69
4.0566,5.1727,3.3877,3.0789,2.8966,7.0991,6.9415,1.9064,3.7347,6.0434,4.4499,8.1582,2.4857,1.0272,2.7579,14.012,10.794,8.5777,4.0742,1.9035,22.04,5.942,1.1342,2.0546,2.0197,7.4882,1.4566,3.632,2.2622,1.8386,13.165,7.7188,3.4393,1.3885,2.0879,3.379,4.7081,11.462,16.678
4.0395,5.1709,3.3783,3.0799,2.9207,7.0916,6.9357,1.9055,3.7303,6.0366,4.4637,8.1265,2.4839,1.0254,2.7543,13.995,10.758,8.594,4.0749,1.9096,22.021,5.942,1.1323,2.0525,2.0222,7.4768,1.457,3.6363,2.2618,1.8366,13.113,7.7238,3.446,1.38,2.0868,3.3649,4.7412,11.442,16.665
4.022,5.1681,3.3686,3.0809,2.9449,7.084,6.9299,1.9046,3.7259,6.0295,4.4776,8.0944,2.482,1.0235,2.7508,13.978,10.722,8.6101,4.0756,1.9157,22,5.9419,1.1304,2.0504,2.0247,7.4652,1.4574,3.6404,2.2614,1.8345,13.069,7.7286,3.4527,1.3716,2.0857,3.3506,4.7736,11.423,16.65
4.0039,5.164,3.3587,3.0818,2.9692,7.0763,6.9239,1.9037,3.7216,6.022,4.4914,8.0621,2.48,1.0216,2.7473,13.961,10.685,8.6259,4.0761,1.9217,21.979,5.9415,1.1285,2.0483,2.0271,7.4534,1.4576,3.6443,2.261,1.8324,13.098,7.7327,3.4594,1.3631,2.0846,3.3363,4.8052,11.403,16.633
3.9856,5.1586,3.3486,3.0826,2.9935,7.0684,6.9178,1.9027,3.7173,6.0141,4.5053,8.0292,2.4779,1.0198,2.7437,13.943,10.646,8.6415,4.0766,1.9276,21.956,5.941,1.1267,2.0462,2.0293,7.4415,1.4578,3.648,2.2606,1.8304,13.125,7.7364,3.4661,1.3548,2.0835,3.3219,4.8359,11.383,16.615
3.9669,5.152,3.3382,3.0835,3.0178,7.0606,6.9116,1.9018,3.713,6.0057,4.5193,7.9958,2.4757,1.0179,2.7402,13.925,10.608,8.6568,4.077,1.9335,21.934,5.9402,1.1248,2.044,2.0314,7.4295,1.4579,3.6513,2.2602,1.8283,13.15,7.7396,3.4726,1.3464,2.0824,3.3073,4.8658,11.363,16.596
3.9477,5.1441,3.3277,3.0843,3.0421,7.0526,6.9054,1.9009,3.7088,5.9971,4.5334,7.9624,2.4735,1.016,2.7366,13.907,10.568,8.6719,4.0773,1.9393,21.91,5.9392,1.123,2.0419,2.0334,7.4175,1.4578,3.6545,2.2598,1.8262,13.172,7.7424,3.4791,1.3382,2.0812,3.2927,4.8947,11.343,16.575
3.9282,5.135,3.3169,3.085,3.0665,7.0446,6.899,1.8999,3.7047,5.988,4.5476,7.9286,2.4711,1.0141,2.7331,13.889,10.528,8.6867,4.0775,1.945,21.886,5.9381,1.1212,2.0398,2.0353,7.4053,1.4577,3.6573,2.2595,1.8241,13.191,7.7449,3.4855,1.33,2.0801,3.278,4.9228,11.323,16.552
3.9115,5.1249,3.3062,3.0857,3.0909,7.0365,6.8925,1.899,3.7005,5.9786,4.562,7.8943,2.4686,1.0123,2.7295,13.87,10.487,8.7013,4.0778,1.9507,21.861,5.9367,1.1194,2.0376,2.0371,7.393,1.4574,3.6646,2.2591,1.822,13.209,7.7469,3.4918,1.3219,2.0789,3.2631,4.9498,11.303,16.528
3.9085,5.114,3.2954,3.0864,3.1153,7.0282,6.8859,1.8981,3.6965,5.9687,4.5765,7.8599,2.4659,1.0104,2.726,13.852,10.446,8.7155,4.0779,1.9563,21.836,5.9351,1.1176,2.0355,2.0388,7.3806,1.4571,3.6732,2.2587,1.8199,13.224,7.7488,3.4981,1.3139,2.0778,3.2482,4.9759,11.283,16.503
3.9055,5.1019,3.2845,3.0871,3.1397,7.0199,6.8791,1.8971,3.6924,5.9585,4.5913,7.8253,2.4632,1.0085,2.7224,13.833,10.404,8.7295,4.078,1.9619,21.81,5.9334,1.1158,2.0333,2.0404,7.3682,1.4567,3.6817,2.2583,1.8177,13.238,7.7501,3.5042,1.3059,2.0766,3.2332,5.0009,11.263,16.476
3.9025,5.0887,3.2735,3.0877,3.1641,7.0116,6.8724,1.8962,3.6885,5.948,4.6063,7.7903,2.4604,1.0067,2.7189,13.813,10.362,8.7431,4.078,1.9674,21.783,5.9315,1.1141,2.0312,2.0419,7.3557,1.4561,3.6902,2.258,1.8156,13.248,7.7511,3.5103,1.2981,2.0755,3.2182,5.025,11.242,16.447
3.8995,5.0743,3.2623,3.0882,3.1885,7.0031,6.8657,1.8952,3.6845,5.9371,4.6216,7.7551,2.4576,1.0048,2.7154,13.794,10.319,8.7565,4.0779,1.9729,21.755,5.9293,1.1123,2.029,2.0432,7.343,1.4555,3.6987,2.2576,1.8135,13.257,7.7515,3.5163,1.2904,2.0743,3.2031,5.0479,11.222,16.417
3.8965,5.0588,3.2509,3.0888,3.2128,6.9946,6.8589,1.8943,3.6806,5.9257,4.6371,7.72,2.4546,1.0029,2.7118,13.774,10.276,8.7695,4.0777,1.9783,21.727,5.927,1.1106,2.0269,2.0445,7.3303,1.4548,3.707,2.2572,1.8113,13.264,7.7517,3.5222,1.2828,2.0731,3.1879,5.0699,11.202,16.386
3.8935,5.0423,3.2393,3.0893,3.2372,6.986,6.852,1.8933,3.6768,5.9142,4.6528,7.6846,2.4516,1.0011,2.7083,13.755,10.232,8.7823,4.0775,1.9837,21.698,5.9245,1.1088,2.0247,2.0457,7.3175,1.454,3.7153,2.2568,1.8092,13.268,7.7512,3.528,1.2753,2.0719,3.1931,5.0907,11.182,16.353
3.8905,5.0251,3.2276,3.0898,3.2615,6.9772,6.845,1.8923,3.6731,5.9022,4.6688,7.6491,2.4484,0.99922,2.7048,13.734,10.188,8.7948,4.0773,1.989,21.668,5.9217,1.1071,2.0226,2.0468,7.3047,1.4531,3.7235,2.2564,1.807,13.271,7.7505,3.5337,1.2679,2.0708,3.2017,5.1104,11.162,16.319
3.8875,5.007,3.2157,3.0902,3.2857,6.9685,6.8379,1.8914,3.6694,5.8899,4.6849,7.6133,2.4451,0.99737,2.7012,13.714,10.144,8.807,4.077,1.9942,21.638,5.9188,1.1073,2.0204,2.0478,7.2916,1.4522,3.7316,2.2561,1.8049,13.271,7.7492,3.5393,1.2607,2.0696,3.2105,5.129,11.141,16.283
3.8846,4.9878,3.2037,3.0906,3.3099,6.9597,6.8307,1.8904,3.6658,5.8773,4.7013,7.5777,2.4418,0.99551,2.6977,13.694,10.099,8.8189,4.0766,1.9994,21.607,5.9158,1.11,2.0183,2.0486,7.2786,1.4511,3.7396,2.2557,1.8027,13.27,7.7476,3.5448,1.2536,2.0684,3.2191,5.1466,11.121,16.245
3.8816,4.9677,3.1917,3.091,3.334,6.9508,6.8234,1.8894,3.6622,5.8643,4.718,7.542,2.4383,0.99365,2.6942,13.673,10.054,8.8305,4.0762,2.0045,21.576,5.9124,1.1126,2.0161,2.0494,7.2655,1.45,3.7475,2.2553,1.8005,13.266,7.7455,3.5503,1.2467,2.0671,3.2276,5.163,11.101,16.207
3.8786,4.9466,3.1797,3.0913,3.358,6.9418,6.816,1.8885,3.6586,5.851,4.7348,7.5062,2.4347,0.9918,2.6906,13.652,10.009,8.842,4.0756,2.0095,21.544,5.909,1.1152,2.014,2.0501,7.2523,1.4488,3.7553,2.2549,1.7983,13.261,7.7431,3.5557,1.2399,2.0659,3.236,5.1782,11.08,16.166
3.8756,4.9245,3.1682,3.0916,3.382,6.9327,6.8085,1.8875,3.6551,5.8374,4.7519,7.4703,2.431,0.98995,2.6871,13.631,9.9637,8.8532,4.0751,2.0145,21.511,5.9053,1.1177,2.0118,2.0508,7.2389,1.4474,3.763,2.2546,1.7961,13.253,7.7402,3.561,1.2332,2.0647,3.244,5.1924,11.06,16.125
3.8727,4.9017,3.1574,3.0919,3.4059,6.9235,6.8009,1.8865,3.6517,5.8236,4.7693,7.4344,2.4273,0.9881,2.6836,13.609,9.9181,8.8642,4.0744,2.0195,21.478,5.9015,1.1201,2.0097,2.0513,7.2255,1.4461,3.7706,2.2542,1.7939,13.244,7.7369,3.5663,1.2268,2.0635,3.2518,5.2055,11.039,16.082
3.8697,4.8783,3.1468,3.0921,3.4297,6.9143,6.7933,1.8855,3.6483,5.8093,4.7868,7.3988,2.4235,0.98626,2.68,13.588,9.8724,8.875,4.0737,2.0244,21.444,5.8974,1.1225,2.0075,2.0517,7.2121,1.4446,3.7781,2.2538,1.7917,13.233,7.7333,3.5714,1.2204,2.0623,3.2592,5.2175,11.019,16.038
3.8668,4.854,3.1361,3.0923,3.4534,6.9051,6.7857,1.8845,3.645,5.7948,4.8047,7.3631,2.4196,0.98441,2.6765,13.566,9.8266,8.8857,4.073,2.0292,21.409,5.8933,1.1248,2.0054,2.0521,7.1985,1.4431,3.7855,2.2535,1.7895,13.22,7.729,3.5764,1.2143,2.0611,3.2667,5.2284,10.998,15.992
3.8638,4.8288,3.1254,3.0925,3.477,6.8958,6.778,1.8836,3.6417,5.8051,4.8228,7.3274,2.4157,0.98257,2.673,13.544,9.7806,8.8962,4.0723,2.034,21.374,5.8889,1.127,2.0033,2.0524,7.1848,1.4415,3.7929,2.2531,1.7873,13.206,7.7246,3.5813,1.2084,2.0599,3.2747,5.2383,10.978,15.945
3.8609,4.8028,3.1146,3.0926,3.5004,6.8863,6.7702,1.8826,3.6385,5.8152,4.8411,7.2918,2.4116,0.98073,2.6695,13.522,9.7346,8.9067,4.0714,2.0387,21.338,5.8843,1.1292,2.0011,2.0525,7.1711,1.4398,3.8002,2.2556,1.7851,13.19,7.7197,3.586,1.2026,2.0586,3.283,5.2472,10.957,15.896
3.8579,4.776,3.1038,3.0927,3.5238,6.8768,6.7623,1.8816,3.6353,5.8246,4.8597,7.2561,2.4074,0.9789,2.666,13.5,9.6884,8.917,4.0706,2.0434,21.302,5.8796,1.1313,1.999,2.0526,7.1574,1.4381,3.8075,2.2608,1.7829,13.172,7.7141,3.5907,1.197,2.0574,3.2911,5.2549,10.937,15.847
3.855,4.7485,3.0929,3.0928,3.5471,6.8672,6.7543,1.8806,3.6322,5.8333,4.8785,7.2208,2.4032,0.97707,2.6625,13.478,9.6422,8.9273,4.0696,2.048,21.265,5.8747,1.1333,1.9968,2.0527,7.1435,1.4362,3.8146,2.2659,1.7807,13.153,7.7084,3.5953,1.1916,2.0562,3.2988,5.2617,10.916,15.796
3.8521,4.7206,3.082,3.0929,3.5702,6.8576,6.7462,1.8796,3.6291,5.8412,4.8975,7.2088,2.3988,0.97524,2.6589,13.455,9.6483,8.9376,4.0686,2.0526,21.227,5.8696,1.1353,1.9947,2.0526,7.1294,1.4344,3.8217,2.2707,1.7784,13.132,7.7022,3.5997,1.1864,2.0549,3.3062,5.2675,10.896,15.743
3.8491,4.6919,3.071,3.0929,3.5932,6.848,6.738,1.8786,3.6261,5.8485,4.9167,7.1992,2.3944,0.97341,2.6554,13.433,9.6688,8.9477,4.0675,2.0571,21.189,5.8644,1.1372,1.9926,2.0525,7.1153,1.4324,3.8287,2.2754,1.7762,13.109,7.6953,3.604,1.1814,2.0537,3.3131,5.2722,10.875,15.69
3.8462,4.6624,3.0601,3.0929,3.616,6.8383,6.7297,1.8776,3.6231,5.8551,4.9361,7.1894,2.3899,0.97159,2.6519,13.41,9.6892,8.9579,4.0664,2.0615,21.15,5.8589,1.139,1.9904,2.0523,7.1012,1.4304,3.8356,2.2798,1.774,13.085,7.6881,3.6082,1.1766,2.0524,3.3196,5.276,10.855,15.635
3.8433,4.6323,3.0495,3.0928,3.6387,6.8285,6.7212,1.8766,3.6202,5.8609,4.9558,7.1794,2.3853,0.96977,2.6484,13.387,9.7096,8.968,4.0653,2.0659,21.111,5.8534,1.1408,1.9883,2.052,7.087,1.4283,3.8425,2.2841,1.7717,13.059,7.6806,3.6123,1.172,2.0511,3.3257,5.2789,10.834,15.579
3.8404,4.6015,3.0395,3.0928,3.6613,6.8186,6.7129,1.8756,3.6174,5.8661,4.9755,7.1693,2.3806,0.96796,2.645,13.364,9.7298,8.9781,4.0641,2.0702,21.071,5.8476,1.1425,1.9862,2.0516,7.0727,1.4261,3.8492,2.2882,1.7695,13.033,7.6726,3.6163,1.1676,2.0499,3.3315,5.2808,10.813,15.522
3.8375,4.5704,3.0297,3.0927,3.6837,6.8086,6.7045,1.8746,3.6146,5.8706,4.9955,7.159,2.3758,0.96615,2.6415,13.341,9.7501,8.9881,4.0629,2.0745,21.031,5.8417,1.1442,1.9841,2.0512,7.0582,1.4239,3.8558,2.2921,1.7672,13.004,7.664,3.6201,1.1635,2.0486,3.337,5.2818,10.793,15.464
3.8346,4.5387,3.02,3.0925,3.7059,6.7986,6.696,1.8736,3.6119,5.8744,5.0156,7.1486,2.371,0.96434,2.638,13.317,9.7703,8.998,4.0616,2.0787,20.99,5.8356,1.1458,1.982,2.0507,7.0436,1.4216,3.8623,2.2958,1.765,12.975,7.655,3.6238,1.1595,2.0473,3.3421,5.282,10.772,15.404
3.8317,4.5063,3.0102,3.0924,3.728,6.7886,6.6874,1.8725,3.6092,5.8776,5.036,7.1382,2.3661,0.96254,2.6345,13.294,9.7905,9.0079,4.0603,2.0829,20.949,5.8294,1.1473,1.9798,2.0501,7.0291,1.4193,3.8687,2.2993,1.7627,12.944,7.6456,3.6274,1.1558,2.0461,3.3469,5.2813,10.751,15.343
3.8288,4.4734,3.0003,3.0922,3.7498,6.7785,6.6787,1.8715,3.6066,5.8802,5.0566,7.1277,2.3611,0.96074,2.631,13.27,9.8107,9.0176,4.0589,2.0869,20.906,5.823,1.1487,1.9777,2.0495,7.0145,1.4169,3.8751,2.3026,1.7604,12.912,7.6359,3.631,1.1523,2.0448,3.3512,5.2845,10.731,15.281
3.8259,4.44,2.9905,3.092,3.7716,6.7683,6.6699,1.8705,3.604,5.882,5.0774,7.117,2.3561,0.95894,2.6275,13.247,9.831,9.0273,4.0575,2.091,20.864,5.8164,1.1501,1.9756,2.0488,6.9997,1.4145,3.8813,2.3058,1.7582,12.879,7.6257,3.6344,1.149,2.0435,3.355,5.3008,10.71,15.218
3.823,4.4063,2.9805,3.0917,3.7931,6.7581,6.661,1.8695,3.6015,5.8833,5.0985,7.1062,2.351,0.95715,2.6241,13.223,9.8513,9.0367,4.056,2.095,20.821,5.8097,1.1515,1.9735,2.048,6.9848,1.412,3.8874,2.3087,1.7559,12.845,7.615,3.6377,1.1459,2.0422,3.3583,5.3149,10.689,15.154
3.8201,4.3721,2.9705,3.0915,3.8145,6.7478,6.652,1.8685,3.599,5.8838,5.1198,7.0952,2.3621,0.95536,2.6206,13.199,9.8717,9.0461,4.0545,2.0989,20.777,5.8028,1.1527,1.9714,2.0472,6.9698,1.4095,3.8936,2.3116,1.7536,12.81,7.6038,3.6409,1.143,2.0409,3.3611,5.327,10.669,15.088
3.8172,4.3385,2.9604,3.0912,3.8357,6.7374,6.6429,1.8675,3.5967,5.8838,5.1412,7.0841,2.3748,0.95358,2.6171,13.176,9.8922,9.0552,4.053,2.1028,20.733,5.7958,1.1539,1.9693,2.0463,6.9549,1.4068,3.8997,2.3142,1.7513,12.773,7.5922,3.644,1.1404,2.0396,3.3635,5.337,10.648,15.021
3.8144,4.3244,2.9502,3.0908,3.8567,6.727,6.6339,1.8665,3.5943,5.8832,5.1627,7.0729,2.3877,0.9518,2.6137,13.152,9.9128,9.0642,4.0515,2.1066,20.688,5.7887,1.1551,1.9673,2.0454,6.957,1.4042,3.9057,2.3167,1.7491,12.736,7.5803,3.6469,1.138,2.0383,3.3654,5.3448,10.627,14.954
3.8115,4.31,2.9399,3.0905,3.8775,6.7166,6.6248,1.8655,3.5921,5.8819,5.1843,7.0615,2.4006,0.95003,2.6102,13.128,9.9335,9.073,4.0498,2.1104,20.642,5.7852,1.1562,1.9652,2.0444,6.9867,1.4015,3.9116,2.319,1.7468,12.698,7.5681,3.6498,1.1359,2.037,3.3669,5.3504,10.607,14.898
3.8086,4.2952,2.9296,3.0901,3.8981,6.7061,6.6156,1.8645,3.5898,5.8801,5.2058,7.0501,2.4136,0.94826,2.6104,13.104,9.9543,9.0817,4.0482,2.1141,20.597,5.7822,1.1573,1.9631,2.0433,7.0152,1.3987,3.9174,2.3212,1.7445,12.659,7.5555,3.6524,1.134,2.0357,3.368,5.3538,10.586,14.911
3.8058,4.2857,2.9191,3.0897,3.9184,6.6956,6.6063,1.8634,3.5979,5.8776,5.2274,7.0385,2.4268,0.9465,2.6132,13.079,9.9753,9.0902,4.0465,2.1177,20.55,5.7791,1.1582,1.961,2.0422,7.0432,1.3959,3.9231,2.3231,1.7423,12.619,7.5424,3.655,1.1324,2.0344,3.3691,5.3552,10.565,14.923
3.8029,4.2866,2.9085,3.0893,3.9386,6.685,6.5969,1.8624,3.6076,5.8746,5.2488,7.0268,2.44,0.94474,2.6158,13.055,9.9965,9.0986,4.0447,2.1213,20.503,5.776,1.1591,1.959,2.0411,7.07,1.3931,3.9287,2.3249,1.74,12.578,7.5288,3.6574,1.131,2.0331,3.3699,5.3545,10.544,14.934
3.8001,4.2874,2.8978,3.0888,3.9586,6.6743,6.5875,1.8614,3.6167,5.871,5.2702,7.0151,2.4533,0.94298,2.6184,13.031,10.018,9.1069,4.043,2.1248,20.456,5.7729,1.16,1.9569,2.0399,7.0957,1.3902,3.9342,2.3265,1.7377,12.537,7.5148,3.6597,1.1298,2.0317,3.3703,5.3519,10.524,14.946
3.7972,4.288,2.887,3.0884,3.9783,6.6636,6.5779,1.8604,3.6251,5.8669,5.2915,7.0035,2.4666,0.94123,2.6208,13.007,10.039,9.1151,4.0412,2.1283,20.408,5.7697,1.1608,1.9548,2.0386,7.1201,1.3873,3.9396,2.3279,1.7354,12.494,7.5004,3.6618,1.1288,2.0304,3.3703,5.3476,10.503,14.957
3.7944,4.2884,2.8762,3.0879,3.9978,6.6528,6.5682,1.8594,3.633,5.8623,5.3126,6.9917,2.48,0.93949,2.6231,12.982,10.061,9.1232,4.0394,2.1316,20.359,5.7665,1.1615,1.9528,2.0373,7.1434,1.3843,3.945,2.3292,1.7331,12.452,7.4858,3.6638,1.1281,2.0291,3.3698,5.3415,10.482,14.968
3.7915,4.2888,2.8653,3.0873,4.017,6.642,6.5586,1.8583,3.6403,5.8571,5.3336,6.9799,2.4935,0.93775,2.6254,12.958,10.083,9.1312,4.0375,2.135,20.31,5.7633,1.1622,1.9508,2.036,7.1656,1.3813,3.9502,2.3303,1.7309,12.408,7.4709,3.6657,1.1276,2.0278,3.3689,5.3335,10.461,14.979
3.7887,4.289,2.8548,3.0868,4.036,6.6311,6.595,1.8573,3.647,5.8515,5.3544,6.9679,2.5071,0.93601,2.6276,12.933,10.105,9.1392,4.0356,2.1382,20.26,5.76,1.1629,1.9487,2.0346,7.1871,1.3783,3.9553,2.3312,1.7286,12.364,7.4556,3.6674,1.1274,2.0264,3.3674,5.3238,10.441,14.99
3.7859,4.2891,2.8445,3.0862,4.0547,6.6203,6.6406,1.8563,3.6531,5.8454,5.375,6.9559,2.5207,0.93428,2.6298,12.908,10.128,9.147,4.0337,2.1414,20.21,5.7567,1.1634,1.9467,2.0332,7.2073,1.3752,3.9605,2.332,1.7263,12.32,7.4399,3.669,1.1274,2.0251,3.3655,5.3122,10.42,15.001
3.7831,4.289,2.8344,3.0857,4.0732,6.6094,6.6862,1.8552,3.6587,5.8389,5.3954,6.9439,2.5344,0.93256,2.6318,12.883,10.15,9.1548,4.0317,2.1446,20.16,5.7534,1.164,1.9447,2.0317,7.2263,1.3721,3.9656,2.3327,1.724,12.275,7.4238,3.6704,1.1276,2.0238,3.3631,5.2989,10.399,15.012
3.7802,4.2888,2.8246,3.0851,4.0914,6.5984,6.7319,1.8542,3.6636,5.8331,5.4156,6.9317,2.5481,0.93084,2.6337,12.859,10.173,9.1624,4.0297,2.1477,20.109,5.75,1.1644,1.9426,2.0302,7.244,1.3689,3.9706,2.3331,1.7217,12.23,7.4074,3.6717,1.128,2.0224,3.3603,5.2838,10.379,15.021
3.7774,4.2886,2.8147,3.0844,4.1094,6.5874,6.7776,1.8532,3.668,5.8303,5.4355,6.9195,2.5618,0.92913,2.6354,12.834,10.197,9.1698,4.0277,2.1507,20.057,5.7466,1.1648,1.9406,2.0287,7.2605,1.3657,3.9754,2.3335,1.7194,12.184,7.3905,3.6729,1.1287,2.0211,3.357,5.267,10.358,15.03
3.7746,4.2884,2.8047,3.0838,4.1271,6.5763,6.8234,1.8521,3.6719,5.8275,5.4552,6.9072,2.5756,0.92742,2.6371,12.808,10.22,9.1771,4.0257,2.1537,20.005,5.7432,1.1652,1.9386,2.0271,7.2761,1.3625,3.9802,2.3336,1.7171,12.138,7.3733,3.674,1.1296,2.0198,3.3532,5.2486,10.337,15.039
3.7718,4.2879,2.7946,3.0831,4.1445,6.5652,6.8691,1.8511,3.6752,5.8246,5.4746,6.8949,2.5894,0.92572,2.6386,12.783,10.244,9.1843,4.0236,2.1566,19.953,5.7398,1.1655,1.9366,2.0255,7.2907,1.3593,3.9854,2.3337,1.7148,12.092,7.3558,3.6751,1.1307,2.0184,3.3489,5.2327,10.318,15.047
3.769,4.2874,2.7842,3.0824,4.1617,6.554,6.9149,1.8501,3.6778,5.8228,5.4938,6.8825,2.6033,0.92437,2.6401,12.758,10.268,9.1914,4.0215,2.1595,19.9,5.7363,1.1657,1.9346,2.0239,7.3041,1.356,3.9905,2.3335,1.7125,12.045,7.3383,3.6759,1.1321,2.0171,3.3442,5.2366,10.303,15.054
3.7663,4.2868,2.7736,3.0817,4.1786,6.5428,6.9607,1.849,3.68,5.8257,5.5126,6.8701,2.6171,0.92399,2.6414,12.732,10.292,9.1985,4.0193,2.1622,19.846,5.7328,1.1659,1.9326,2.0222,7.3162,1.3527,3.9956,2.3332,1.7102,11.998,7.3203,3.6767,1.1337,2.0157,3.339,5.2397,10.288,15.061
3.7635,4.286,2.7629,3.081,4.1952,6.5316,7.0065,1.848,3.6816,5.8281,5.5311,6.8576,2.631,0.92363,2.6425,12.707,10.317,9.2056,4.0172,2.165,19.792,5.7292,1.166,1.9306,2.0205,7.327,1.3493,4.0006,2.3327,1.7079,11.951,7.302,3.6773,1.1355,2.0144,3.3333,5.2421,10.273,15.067
3.7607,4.2851,2.7519,3.0802,4.2115,6.5203,7.0523,1.8469,3.6826,5.8299,5.5493,6.8451,2.6449,0.92329,2.6487,12.681,10.342,9.2128,4.0156,2.1676,19.738,5.7256,1.1661,1.9287,2.0188,7.3365,1.346,4.0055,2.3321,1.7056,11.904,7.2834,3.6777,1.1375,2.013,3.3272,5.2438,10.257,15.073
3.7579,4.2841,2.7408,3.0794,4.2276,6.509,7.098,1.8459,3.683,5.8313,5.567,6.8327,2.6588,0.92296,2.6572,12.656,10.367,9.2205,4.0149,2.1702,19.683,5.722,1.1661,1.9267,2.0171,7.3452,1.3426,4.0102,2.3313,1.7033,11.857,7.2645,3.678,1.1398,2.0117,3.3207,5.2447,10.242,15.078
3.7551,4.2829,2.7294,3.0786,4.2433,6.4977,7.1438,1.8449,3.683,5.8321,5.5844,6.8203,2.6727,0.92264,2.6657,12.63,10.393,9.2286,4.0141,2.1727,19.628,5.7184,1.1661,1.9247,2.0154,7.3528,1.3392,4.0149,2.3304,1.701,11.81,7.2452,3.6782,1.1423,2.0103,3.3138,5.2449,10.227,15.082
3.7524,4.2817,2.7179,3.0778,4.2588,6.4863,7.1895,1.8438,3.6824,5.8323,5.6013,6.8079,2.6866,0.92235,2.6743,12.604,10.419,9.2371,4.0133,2.1751,19.572,5.7148,1.166,1.9228,2.0136,7.3591,1.3358,4.0195,2.3294,1.6987,11.762,7.2257,3.6782,1.145,2.009,3.3066,5.2444,10.211,15.086
3.7496,4.2803,2.7061,3.077,4.274,6.4749,7.2351,1.8428,3.6812,5.832,5.6177,6.7955,2.7005,0.92207,2.6828,12.578,10.445,9.2458,4.0125,2.1775,19.516,5.7111,1.1659,1.9208,2.0118,7.3641,1.3323,4.0241,2.3282,1.6964,11.715,7.2058,3.6781,1.1479,2.0076,3.299,5.2432,10.196,15.09
3.7469,4.2788,2.6942,3.0761,4.289,6.4634,7.2807,1.8417,3.6794,5.8311,5.6336,6.783,2.7144,0.9218,2.6914,12.552,10.471,9.2545,4.0117,2.1799,19.459,5.7074,1.1657,1.9189,2.01,7.3678,1.3289,4.0287,2.3269,1.6941,11.668,7.1857,3.6779,1.151,2.0062,3.2911,5.2413,10.181,15.093
3.7441,4.2772,2.6821,3.0752,4.3036,6.4519,7.3263,1.8407,3.6772,5.8298,5.649,6.7705,2.7283,0.92155,2.7001,12.526,10.498,9.2631,4.0108,2.1821,19.402,5.7036,1.1655,1.9169,2.0082,7.3702,1.3254,4.0331,2.3254,1.6918,11.621,7.1653,3.6775,1.1544,2.0049,3.2827,5.2386,10.165,15.095
3.7414,4.2755,2.6698,3.0743,4.318,6.4404,7.3718,1.8396,3.6745,5.8278,5.6639,6.758,2.7422,0.92132,2.7087,12.5,10.526,9.2715,4.0099,2.1844,19.344,5.6998,1.1652,1.915,2.0064,7.3718,1.3219,4.0375,2.3238,1.6895,11.573,7.1448,3.6769,1.158,2.0035,3.2741,5.2352,10.15,15.097
3.7386,4.2736,2.6573,3.0734,4.3321,6.4289,7.4172,1.8386,3.6711,5.8253,5.6782,6.7455,2.7561,0.9211,2.7174,12.473,10.553,9.2799,4.0089,2.1865,19.286,5.696,1.1649,1.9131,2.0045,7.3723,1.3183,4.0418,2.3221,1.6871,11.527,7.1242,3.6762,1.1618,2.0021,3.265,5.2311,10.134,15.098
3.7359,4.2718,2.6448,3.0725,4.3459,6.4173,7.4626,1.8375,3.6673,5.8224,5.692,6.733,2.7699,0.92089,2.7261,12.447,10.581,9.288,4.008,2.1886,19.228,5.6922,1.1645,1.9112,2.0027,7.3715,1.3148,4.0459,2.3202,1.6848,11.48,7.1032,3.6754,1.1658,2.0008,3.2556,5.2263,10.118,15.099
3.7332,4.2699,2.6323,3.0715,4.3595,6.4057,7.508,1.8365,3.663,5.8188,5.7052,6.7205,2.7837,0.9207,2.7348,12.42,10.609,9.296,4.007,2.1906,19.169,5.6884,1.164,1.9093,2.0008,7.3693,1.3112,4.05,2.3182,1.6825,11.433,7.082,3.6744,1.1699,1.9994,3.2458,5.2207,10.103,15.099
3.7304,4.2679,2.6196,3.0705,4.3727,6.3941,7.5533,1.8354,3.6581,5.8148,5.7179,6.708,2.7975,0.92053,2.7435,12.394,10.638,9.3037,4.006,2.1926,19.109,5.6845,1.1636,1.9074,1.9989,7.3945,1.3077,4.054,2.3161,1.6802,11.387,7.0605,3.6733,1.1743,1.998,3.2356,5.2145,10.087,15.099
3.7277,4.2658,2.6066,3.0695,4.3856,6.3824,7.5986,1.8344,3.6527,5.8102,5.7301,6.6955,2.8112,0.92037,2.7522,12.367,10.667,9.3113,4.0049,2.1944,19.05,5.6806,1.163,1.9055,1.9971,7.437,1.3041,4.058,2.3138,1.6779,11.34,7.0388,3.6721,1.1789,1.9967,3.225,5.2076,10.072,15.097
3.725,4.2635,2.5933,3.0685,4.3982,6.3707,7.6437,1.8333,3.6469,5.8168,5.7419,6.683,2.8249,0.92022,2.7609,12.341,10.696,9.3187,4.0039,2.1963,18.989,5.6767,1.1625,1.9036,1.9952,7.4791,1.3005,4.0622,2.3114,1.6756,11.294,7.0168,3.6707,1.1836,1.9953,3.2139,5.1999,10.056,15.096
3.7223,4.2612,2.5927,3.0674,4.4105,6.3589,7.6887,1.8322,3.6405,5.8262,5.7532,6.6705,2.8386,0.92009,2.7697,12.314,10.726,9.3258,4.0028,2.198,18.929,5.6727,1.1618,1.9017,1.9934,7.5209,1.2968,4.0663,2.3088,1.6733,11.249,6.9946,3.6692,1.1886,1.9939,3.2025,5.1916,10.04,15.094
3.7196,4.2587,2.5965,3.0664,4.4224,6.3471,7.7337,1.8312,3.6336,5.8354,5.7642,6.6581,2.8522,0.91997,2.7784,12.287,10.756,9.3327,4.0017,2.1997,18.868,5.6687,1.1612,1.8998,1.9915,7.5623,1.2932,4.0703,2.3061,1.671,11.204,6.9722,3.6676,1.1937,1.9926,3.1907,5.1825,10.024,15.091
3.7169,4.2562,2.6006,3.0653,4.4341,6.3354,7.7785,1.8301,3.6262,5.8444,5.7748,6.6456,2.8658,0.91987,2.7872,12.26,10.786,9.3395,4.0005,2.2013,18.806,5.6647,1.1604,1.898,1.9896,7.6033,1.2896,4.0742,2.3033,1.6687,11.159,6.9496,3.6659,1.199,1.9912,3.1784,5.1728,10.009,15.088
3.7142,4.2536,2.6048,3.0642,4.4455,6.3236,7.8232,1.8291,3.6183,5.8531,5.7851,6.6332,2.8794,0.91977,2.796,12.233,10.816,9.3461,3.9994,2.2028,18.744,5.6607,1.1597,1.8961,1.9878,7.6439,1.286,4.0781,2.3003,1.6664,11.114,6.9268,3.6641,1.2045,1.9898,3.1659,5.1623,9.9928,15.085
3.7115,4.2508,2.6093,3.0631,4.4566,6.3118,7.8678,1.828,3.61,5.8617,5.7948,6.6208,2.8929,0.9197,2.8048,12.206,10.847,9.3524,3.9982,2.2043,18.682,5.6566,1.1588,1.8942,1.9859,7.6843,1.2823,4.082,2.2973,1.6641,11.07,6.9038,3.6621,1.2101,1.9884,3.153,5.1512,9.9769,15.081
3.7089,4.2479,2.6139,3.062,4.4674,6.2999,7.9122,1.827,3.6011,5.8702,5.804,6.6084,2.9064,0.91963,2.8136,12.179,10.878,9.3586,3.9969,2.2057,18.62,5.6526,1.158,1.8924,1.9841,7.7244,1.2787,4.0858,2.2941,1.6618,11.026,6.8806,3.66,1.2159,1.9871,3.14,5.1392,9.961,15.077
3.7062,4.245,2.6187,3.0608,4.4779,6.288,7.9565,1.8259,3.5918,5.8784,5.8126,6.5962,2.9197,0.91958,2.8223,12.152,10.91,9.3646,3.9957,2.2071,18.557,5.6485,1.1571,1.8906,1.9823,7.7642,1.275,4.0894,2.2909,1.6595,10.983,6.8574,3.6577,1.2219,1.9857,3.1291,5.1265,9.9451,15.072
3.7035,4.2419,2.6237,3.0597,4.4881,6.2761,8.0007,1.8248,3.582,5.8864,5.8206,6.584,2.9331,0.91954,2.8311,12.125,10.941,9.3705,3.9944,2.2087,18.493,5.6444,1.1561,1.8887,1.9805,7.8035,1.2714,4.093,2.2875,1.6572,10.939,6.8341,3.6553,1.228,1.9843,3.1283,5.113,9.9291,15.066
3.7008,4.2388,2.6288,3.0585,4.4981,6.2642,8.0447,1.8238,3.5717,5.8943,5.8279,6.5719,2.9463,0.91951,2.8399,12.097,10.973,9.3762,3.9932,2.2126,18.43,5.6402,1.1551,1.8869,1.9787,7.8425,1.2677,4.0965,2.284,1.6549,10.897,6.8105,3.6528,1.2343,1.9829,3.1272,5.0987,9.9131,15.06
3.6982,4.2355,2.6341,3.0573,4.5077,6.2522,8.0885,1.8227,3.561,5.9019,5.8344,6.5597,2.9595,0.9195,2.8487,12.07,11.005,9.3817,3.9919,2.2164,18.365,5.636,1.1541,1.8851,1.9769,7.881,1.2641,4.1,2.2803,1.6526,10.855,6.7869,3.6501,1.2408,1.9816,3.1261,5.0835,9.8971,15.053
3.6955,4.2322,2.6395,3.0561,4.5171,6.2402,8.1324,1.8216,3.5498,5.9093,5.8402,6.5477,2.9726,0.91949,2.8575,12.043,11.038,9.3872,3.9905,2.2201,18.301,5.6318,1.153,1.8833,1.9752,7.9193,1.2604,4.1033,2.2766,1.6503,10.813,6.763,3.6473,1.2474,1.9802,3.1248,5.0675,9.881,15.045
3.6929,4.2289,2.645,3.0549,4.5262,6.2282,8.1761,1.8206,3.5381,5.9166,5.8452,6.5356,2.9857,0.9195,2.8663,12.015,11.07,9.3925,3.9892,2.2238,18.236,5.6276,1.1518,1.8815,1.9734,7.9573,1.2567,4.1065,2.2727,1.648,10.772,6.739,3.6444,1.2541,1.9788,3.1233,5.0505,9.8649,15.037
3.6902,4.2255,2.6506,3.0536,4.535,6.2162,8.2197,1.8195,3.5375,5.9237,5.8494,6.5236,2.9986,0.91952,2.875,11.988,11.103,9.3977,3.9878,2.2274,18.171,5.6234,1.1506,1.8797,1.9717,7.9949,1.2531,4.1097,2.2687,1.6457,10.732,6.7149,3.6413,1.261,1.9774,3.1217,5.0326,9.8488,15.028
3.6876,4.2221,2.6564,3.0524,4.5436,6.2042,8.263,1.8185,3.5371,5.9307,5.8528,6.5117,3.0115,0.91956,2.8838,11.96,11.136,9.4028,3.9864,2.2309,18.163,5.6192,1.1494,1.8779,1.97,8.0321,1.2494,4.1127,2.2646,1.6434,10.691,6.6906,3.6381,1.268,1.976,3.1199,5.0138,9.8327,15.018
3.685,4.2185,2.6622,3.0511,4.5519,6.1922,8.3062,1.8174,3.5367,5.9374,5.8555,6.4998,3.0243,0.9196,2.8926,11.932,11.17,9.4078,3.9849,2.2344,18.169,5.6149,1.1481,1.8761,1.9683,8.0689,1.2457,4.1158,2.2604,1.6411,10.652,6.6661,3.6347,1.2751,1.9747,3.118,4.9941,9.8166,15.007
3.6823,4.2148,2.6682,3.0498,4.5599,6.1801,8.3492,1.8163,3.5363,5.9439,5.8573,6.4879,3.037,0.91966,2.9019,11.905,11.203,9.4127,3.9835,2.2378,18.175,5.6106,1.1468,1.8743,1.9667,8.1053,1.2421,4.1188,2.2561,1.6388,10.613,6.6416,3.6312,1.2824,1.9733,3.1159,4.9734,9.8005,14.996
3.6797,4.2111,2.6742,3.0485,4.5678,6.168,8.392,1.8153,3.536,5.9502,5.8583,6.4761,3.0497,0.91972,2.9113,11.877,11.237,9.4176,3.9821,2.2411,18.18,5.6063,1.1455,1.8725,1.965,8.1415,1.2384,4.1218,2.2581,1.6365,10.575,6.6169,3.6276,1.2898,1.9719,3.1136,4.9518,9.7843,14.984
3.6771,4.2072,2.6803,3.0472,4.5753,6.1559,8.4346,1.8142,3.5356,5.9564,5.8584,6.4643,3.0622,0.9198,2.9208,11.849,11.271,9.4223,3.9806,2.2444,18.185,5.602,1.1441,1.8708,1.9634,8.1773,1.2347,4.1246,2.2621,1.6342,10.537,6.5921,3.6238,1.2973,1.9705,3.1112,4.9292,9.7682,14.971
3.6745,4.2033,2.6864,3.0459,4.5826,6.1438,8.477,1.8131,3.5353,5.9624,5.867,6.4526,3.0746,0.91989,2.9303,11.821,11.305,9.427,3.9791,2.2476,18.19,5.5976,1.1426,1.869,1.9618,8.2127,1.2311,4.1273,2.2659,1.6319,10.499,6.5672,3.6199,1.3049,1.9692,3.1086,4.9057,9.752,14.957
3.6719,4.1993,2.6926,3.0445,4.5896,6.1316,8.5192,1.8121,3.535,5.9683,5.8819,6.441,3.087,0.91999,2.9398,11.793,11.339,9.4317,3.9776,2.2507,18.194,5.5932,1.1411,1.8673,1.9602,8.2477,1.2274,4.13,2.2697,1.6296,10.463,6.5423,3.6159,1.3126,1.9678,3.1058,4.8812,9.7358,14.943
3.6693,4.1952,2.6988,3.0432,4.5962,6.1194,8.5613,1.811,3.5348,5.9739,5.8966,6.4294,3.0992,0.9201,2.9493,11.765,11.373,9.4362,3.976,2.2538,18.198,5.5888,1.1396,1.8655,1.9586,8.2822,1.2238,4.1325,2.2734,1.6273,10.426,6.5172,3.6118,1.3205,1.9664,3.1029,4.8558,9.7196,14.928
3.6667,4.191,2.7052,3.0418,4.6026,6.1073,8.6033,1.8099,3.5345,5.9794,5.9111,6.4178,3.1114,0.92022,2.9587,11.737,11.407,9.4407,3.9744,2.2568,18.202,5.5844,1.138,1.8638,1.9571,8.3164,1.2201,4.135,2.2771,1.625,10.391,6.492,3.6075,1.3284,1.965,3.0998,4.8293,9.7034,14.912
3.6641,4.1868,2.7115,3.0404,4.6086,6.0951,8.6451,1.8089,3.5343,5.9846,5.9254,6.4064,3.1234,0.92035,2.9682,11.709,11.442,9.4451,3.9729,2.2597,18.205,5.58,1.1364,1.8621,1.9555,8.3504,1.2165,4.1374,2.2807,1.6227,10.356,6.4667,3.603,1.3364,1.9637,3.0966,4.8019,9.6871,14.896
3.6615,4.1824,2.7179,3.039,4.6144,6.0829,8.6866,1.8078,3.5341,5.9897,5.9392,6.395,3.1353,0.92049,2.9777,11.681,11.476,9.4494,3.9713,2.2626,18.208,5.5756,1.1348,1.8604,1.954,8.384,1.2129,4.1397,2.2842,1.6205,10.321,6.4414,3.5985,1.3446,1.9623,3.0931,4.7735,9.6709,14.879
3.6589,4.178,2.7243,3.0376,4.6198,6.0707,8.728,1.8067,3.5339,5.9947,5.9527,6.3836,3.1472,0.92064,2.9872,11.652,11.51,9.4537,3.9697,2.2654,18.211,5.5711,1.1331,1.8587,1.9526,8.4171,1.2093,4.1419,2.2876,1.6182,10.287,6.4161,3.5939,1.3528,1.9609,3.0895,4.744,9.6546,14.861
3.6563,4.1735,2.7307,3.0362,4.6248,6.0585,8.7691,1.8057,3.5337,5.9995,5.9657,6.3723,3.1589,0.9208,2.9967,11.624,11.545,9.4578,3.968,2.2681,18.213,5.5666,1.1313,1.857,1.9511,8.4498,1.2057,4.144,2.291,1.6159,10.254,6.3908,3.5892,1.3611,1.9596,3.0858,4.7135,9.6383,14.842
3.6538,4.1689,2.7371,3.0347,4.6296,6.0463,8.8099,1.8046,3.5335,6.0041,5.9783,6.3611,3.1705,0.92097,3.0061,11.596,11.579,9.4618,3.9664,2.2708,18.215,5.5621,1.1295,1.8553,1.9497,8.482,1.2021,4.1461,2.2943,1.6136,10.221,6.3655,3.5844,1.3694,1.9582,3.0818,4.682,9.6219,14.823
3.6512,4.1643,2.7435,3.0333,4.634,6.034,8.8505,1.8035,3.5334,6.0085,5.9904,6.35,3.182,0.92115,3.0156,11.567,11.614,9.4657,3.9647,2.2734,18.217,5.5576,1.1277,1.8536,1.9483,8.5141,1.1985,4.148,2.2975,1.6114,10.189,6.3401,3.5794,1.3779,1.9569,3.0777,4.6493,9.6056,14.804
3.6486,4.1595,2.7498,3.0318,4.6381,6.0217,8.8909,1.8025,3.5332,6.0127,6.0019,6.3389,3.1935,0.92134,3.0251,11.539,11.648,9.4695,3.963,2.2759,18.218,5.553,1.1259,1.8519,1.9469,8.5458,1.1949,4.1499,2.3007,1.6091,10.158,6.3146,3.5743,1.3864,1.9555,3.0734,4.6156,9.5892,14.783
3.6461,4.1548,2.7561,3.0303,4.6418,6.0094,8.931,1.8014,3.5331,6.0168,6.0129,6.3279,3.2048,0.92153,3.0345,11.511,11.683,9.4731,3.9613,2.2783,18.219,5.5485,1.124,1.8502,1.9455,8.577,1.1913,4.1518,2.3038,1.6068,10.127,6.2891,3.5691,1.395,1.9541,3.0689,4.5808,9.5729,14.762
3.6435,4.15,2.7624,3.0288,4.6453,5.9972,8.9711,1.8004,3.533,6.0207,6.0232,6.3169,3.216,0.92174,3.0439,11.482,11.717,9.4766,3.9596,2.2807,18.22,5.5439,1.122,1.8486,1.9442,8.6078,1.1878,4.1536,2.3068,1.6045,10.096,6.2635,3.5638,1.4036,1.9528,3.0642,4.5449,9.5565,14.74
3.641,4.1452,2.7687,3.0273,4.6484,5.9849,9.011,1.7993,3.5329,6.0245,6.033,6.3061,3.2271,0.92195,3.0534,11.453,11.752,9.4801,3.9579,2.2831,18.22,5.5394,1.12,1.8469,1.9429,8.6381,1.1842,4.1554,2.3098,1.6023,10.066,6.238,3.5583,1.4123,1.9514,3.0594,4.5079,9.5401,14.717
3.6385,4.1403,2.7749,3.0258,4.6513,5.9726,9.0506,1.7982,3.5328,6.0282,6.0421,6.2953,3.2381,0.92218,3.0628,11.425,11.786,9.4834,3.9561,2.2854,18.22,5.5348,1.118,1.8452,1.9416,8.6682,1.1807,4.157,2.3127,1.6,10.037,6.2124,3.5527,1.4211,1.95,3.0544,4.4697,9.5236,14.694
3.6359,4.1353,2.7811,3.0243,4.6538,5.9603,9.09,1.7972,3.5327,6.0316,6.0507,6.2847,3.2489,0.92241,3.0722,11.396,11.82,9.4865,3.9544,2.2876,18.22,5.5302,1.1159,1.8436,1.9404,8.6979,1.1772,4.1586,2.3156,1.5978,10.008,6.1867,3.547,1.4299,1.9487,3.0492,4.4334,9.5072,14.67
3.6334,4.1303,2.7872,3.0228,4.656,5.948,9.129,1.7961,3.5327,6.0349,6.0585,6.2741,3.2596,0.92265,3.0816,11.367,11.854,9.4896,3.9526,2.2898,18.219,5.5255,1.1138,1.842,1.9391,8.7272,1.1737,4.1601,2.3184,1.5955,9.98,6.1611,3.5412,1.4387,1.9473,3.0439,4.4384,9.4908,14.645
3.6309,4.1251,2.7932,3.0212,4.658,5.9357,9.1678,1.7951,3.5326,6.038,6.0657,6.2636,3.2702,0.9229,3.091,11.339,11.888,9.4925,3.9507,2.2919,18.218,5.5209,1.1117,1.8403,1.938,8.7561,1.1702,4.1615,2.3212,1.5932,9.9525,6.1354,3.5352,1.4476,1.946,3.0383,4.4422,9.4743,14.619
3.6284,4.12,2.7991,3.0196,4.6597,5.9234,9.2064,1.794,3.5326,6.0409,6.0722,6.2532,3.2807,0.92316,3.1004,11.31,11.922,9.4953,3.9489,2.2939,18.217,5.5162,1.1095,1.8387,1.9368,8.7844,1.1668,4.1628,2.3238,1.591,9.9254,6.1098,3.5292,1.4565,1.9446,3.0327,4.4448,9.4579,14.593
3.6258,4.1147,2.8049,3.0181,4.6612,5.911,9.2446,1.7929,3.5325,6.0437,6.0781,6.2429,3.291,0.92342,3.1097,11.281,11.956,9.498,3.9471,2.2959,18.215,5.5115,1.1073,1.8371,1.9357,8.8124,1.1633,4.1641,2.3265,1.5887,9.8988,6.0841,3.523,1.4655,1.9432,3.0268,4.4461,9.4414,14.566
3.6233,4.1094,2.8106,3.0165,4.6624,5.8987,9.2827,1.7919,3.5325,6.0464,6.0832,6.2326,3.3012,0.92369,3.119,11.252,11.99,9.5006,3.9453,2.2978,18.213,5.5069,1.1051,1.8355,1.9346,8.8403,1.1599,4.1652,2.329,1.5865,9.8727,6.0585,3.5166,1.4744,1.9419,3.0207,4.4461,9.425,14.539
3.6208,4.104,2.8163,3.0149,4.6635,5.8863,9.3206,1.7908,3.5325,6.0489,6.0876,6.2224,3.3113,0.92397,3.1284,11.223,12.023,9.5031,3.9434,2.2997,18.211,5.5022,1.1028,1.8339,1.9335,8.8676,1.1565,4.1663,2.3315,1.5843,9.8471,6.0328,3.5102,1.4834,1.9405,3.0145,4.4448,9.4086,14.51
3.6183,4.0986,2.8219,3.0133,4.6643,5.874,9.3583,1.7898,3.5325,6.0512,6.0914,6.2123,3.3212,0.92426,3.1377,11.194,12.056,9.5055,3.9415,2.3015,18.209,5.4975,1.1005,1.8323,1.9325,8.8945,1.1531,4.1673,2.334,1.582,9.8219,6.0072,3.5037,1.4924,1.9392,3.0082,4.4573,9.3922,14.481
3.6159,4.0931,2.8273,3.0117,4.665,5.8617,9.3957,1.7887,3.5325,6.0534,6.0944,6.2023,3.3311,0.92456,3.1469,11.165,12.09,9.5077,3.9396,2.3032,18.206,5.4927,1.0981,1.8307,1.9315,8.9209,1.1497,4.1682,2.3363,1.5798,9.7975,5.9816,3.497,1.5014,1.9378,3.0016,4.4717,9.3758,14.452
3.6134,4.0875,2.8326,3.0101,4.6655,5.8493,9.4327,1.7876,3.5325,6.0554,6.0968,6.1923,3.3407,0.92486,3.1562,11.136,12.122,9.5098,3.9377,2.3049,18.203,5.488,1.0957,1.8291,1.9306,8.9468,1.1463,4.1691,2.3387,1.5776,9.7734,5.956,3.4902,1.5105,1.9365,2.9949,4.4858,9.3594,14.421
3.6109,4.0819,2.8377,3.0084,4.6658,5.837,9.4695,1.7866,3.5325,6.0573,6.0985,6.1824,3.3503,0.92517,3.1654,11.108,12.155,9.5118,3.9357,2.3065,18.199,5.4832,1.0933,1.8276,1.9296,8.9726,1.143,4.1698,2.3409,1.5753,9.7497,5.9304,3.4833,1.5195,1.9351,2.988,4.4996,9.3429,14.391
3.6084,4.0762,2.8427,3.0068,4.666,5.8246,9.506,1.7855,3.5325,6.0591,6.0994,6.1726,3.3598,0.92549,3.1746,11.078,12.188,9.5137,3.9338,2.308,18.196,5.4784,1.0908,1.826,1.9287,8.998,1.1396,4.1705,2.3431,1.5731,9.7265,5.9049,3.4763,1.5285,1.9338,2.981,4.5131,9.3265,14.359
3.6059,4.0705,2.8476,3.0051,4.6661,5.8122,9.5422,1.7845,3.5325,6.0607,6.0998,6.1629,3.3691,0.92581,3.1838,11.049,12.22,9.5154,3.9319,2.3095,18.192,5.4737,1.0883,1.8245,1.9279,9.0229,1.1363,4.1711,2.3452,1.5709,9.7037,5.8794,3.4692,1.5376,1.9324,2.9737,4.5263,9.31,14.327
3.6035,4.0646,2.8524,3.0035,4.6661,5.7999,9.5782,1.7834,3.5325,6.0621,6.0994,6.1532,3.3783,0.92614,3.193,11.021,12.252,9.517,3.9299,2.3109,18.188,5.4689,1.0857,1.8229,1.927,9.0473,1.133,4.1717,2.3473,1.5687,9.6813,5.854,3.462,1.5466,1.9311,2.9664,4.5392,9.2936,14.295
3.601,4.0588,2.857,3.0018,4.666,5.7875,9.614,1.7823,3.5325,6.0633,6.0985,6.1437,3.3874,0.92648,3.2021,11.027,12.284,9.5185,3.9279,2.3123,18.183,5.4641,1.0831,1.8214,1.9263,9.0713,1.1298,4.1721,2.3493,1.5665,9.6595,5.8286,3.4546,1.5556,1.9297,2.9589,4.5516,9.2771,14.262
3.5986,4.0529,2.8614,3.0001,4.6658,5.7751,9.6496,1.7813,3.5325,6.0645,6.0969,6.1342,3.3963,0.92682,3.2113,11.033,12.316,9.5199,3.9259,2.3137,18.178,5.4593,1.0805,1.8198,1.9255,9.095,1.1265,4.1726,2.3513,1.5643,9.638,5.8033,3.4472,1.5646,1.9284,2.9512,4.5636,9.2606,14.228
3.5961,4.0469,2.8656,2.9984,4.6656,5.7627,9.6848,1.7802,3.5325,6.0656,6.0948,6.1248,3.4051,0.92717,3.2204,11.039,12.347,9.5211,3.9239,2.315,18.174,5.4545,1.0779,1.8183,1.9248,9.1185,1.1233,4.173,2.3532,1.562,9.6168,5.778,3.4396,1.5735,1.927,2.9433,4.5751,9.2442,14.194
3.5937,4.0409,2.8697,2.9967,4.6652,5.7504,9.7197,1.7792,3.5325,6.0664,6.0921,6.1154,3.4137,0.92753,3.2294,11.045,12.379,9.5222,3.9219,2.3162,18.168,5.4496,1.0752,1.8168,1.9241,9.1414,1.1201,4.1734,2.355,1.5598,9.596,5.7527,3.4319,1.5825,1.9257,2.9353,4.586,9.2277,14.159
3.5912,4.0348,2.8737,2.995,4.6648,5.738,9.7542,1.7781,3.5325,6.0672,6.089,6.1062,3.4222,0.92789,3.2385,11.051,12.41,9.5232,3.9198,2.3174,18.163,5.4448,1.0724,1.8153,1.9234,9.1639,1.1169,4.1736,2.3568,1.5576,9.5755,5.7276,3.4242,1.5914,1.9244,2.9271,4.5965,9.2113,14.124
3.5888,4.0287,2.8774,2.9933,4.6643,5.7257,9.7885,1.7771,3.5325,6.0677,6.0854,6.097,3.4305,0.92826,3.2475,11.057,12.44,9.5241,3.9178,2.3186,18.157,5.4399,1.0697,1.8138,1.9228,9.1859,1.1137,4.1738,2.3586,1.5554,9.5555,5.7025,3.4164,1.6003,1.923,2.9188,4.6063,9.1948,14.088
3.5864,4.0225,2.8809,2.9916,4.6638,5.7133,9.8225,1.776,3.5325,6.0682,6.0814,6.0879,3.4387,0.92863,3.2565,11.062,12.471,9.5249,3.9157,2.3196,18.151,5.435,1.0669,1.8123,1.9222,9.2078,1.1106,4.1739,2.3603,1.5532,9.5358,5.6774,3.4085,1.6091,1.9217,2.9103,4.6156,9.1783,14.052
3.584,4.0162,2.8842,2.9899,4.6635,5.7009,9.8564,1.7749,3.5324,6.0686,6.0769,6.0789,3.4468,0.92901,3.2655,11.068,12.501,9.5256,3.9137,2.3207,18.145,5.4301,1.0641,1.8108,1.9217,9.2292,1.1075,4.1739,2.3619,1.551,9.5164,5.6525,3.4005,1.6179,1.9203,2.9017,4.6242,9.1618,14.015
3.5816,4.01,2.8874,2.9881,4.6636,5.6886,9.8899,1.7739,3.5324,6.0688,6.072,6.07,3.4547,0.9294,3.2745,11.074,12.531,9.5262,3.9116,2.3216,18.138,5.4253,1.0612,1.8093,1.9212,9.2502,1.1044,4.1739,2.3635,1.5489,9.4972,5.6276,3.3924,1.6267,1.919,2.893,4.6322,9.1454,13.977
3.5791,4.0036,2.8904,2.9864,4.6646,5.6762,9.9232,1.7728,3.5324,6.0688,6.0666,6.0611,3.4625,0.92979,3.2835,11.08,12.561,9.5267,3.9095,2.3226,18.131,5.4204,1.0583,1.8078,1.9207,9.2708,1.1013,4.1738,2.3651,1.5467,9.4783,5.6028,3.3842,1.6354,1.9177,2.884,4.6396,9.1289,13.939
3.5767,3.9973,2.8931,2.9846,4.6667,5.6638,9.956,1.7718,3.5323,6.0687,6.0607,6.0523,3.4703,0.93019,3.2924,11.085,12.59,9.5271,3.9073,2.3234,18.124,5.4155,1.0554,1.8063,1.9203,9.2912,1.0982,4.1736,2.3666,1.5445,9.4597,5.5781,3.3759,1.644,1.9163,2.875,4.6463,9.1124,13.9
3.5743,3.991,2.8957,2.9829,4.6696,5.6515,9.9886,1.7707,3.5323,6.0685,6.0544,6.0436,3.4778,0.93059,3.3012,11.091,12.619,9.5275,3.9052,2.3243,18.117,5.4106,1.0525,1.8049,1.9199,9.3111,1.0952,4.1733,2.368,1.5423,9.4414,5.5535,3.3675,1.6526,1.915,2.8658,4.6524,9.096,13.861
3.5719,3.9846,2.8979,2.9811,4.673,5.6391,10.021,1.7697,3.5323,6.0682,6.0477,6.035,3.4852,0.931,3.3101,11.096,12.648,9.5278,3.903,2.325,18.11,5.4057,1.0495,1.8034,1.9195,9.3308,1.0922,4.1729,2.3694,1.5401,9.4233,5.529,3.359,1.6612,1.9137,2.8564,4.6577,9.0795,13.821
3.5696,3.9782,2.9,2.9793,4.6766,5.6268,10.053,1.7686,3.5322,6.0678,6.0405,6.0264,3.4925,0.93141,3.3189,11.102,12.676,9.528,3.9009,2.3258,18.102,5.4007,1.0465,1.8019,1.9192,9.3539,1.0892,4.1725,2.3707,1.5379,9.4054,5.5046,3.3504,1.6697,1.9124,2.8469,4.6622,9.0631,13.781
3.5672,3.9718,2.9019,2.9775,4.6803,5.6144,10.085,1.7676,3.5321,6.0672,6.0329,6.0179,3.4996,0.93183,3.3277,11.107,12.704,9.5281,3.8987,2.3264,18.094,5.3958,1.0434,1.8005,1.9189,9.378,1.0863,4.172,2.372,1.5358,9.3876,5.4804,3.3417,1.6781,1.911,2.8373,4.6659,9.0466,13.74
