Time,GM1,GM2,GM3,GM4,GM5,GM6,GM7,GM8,GM9,GM10,GM11,GM12,GM13,GM14,GM15,GM16,GM17,GM18,GM19,GM20,GM21,GM22,GM23,GM24,GM25,GM26,GM27,GM28,GM29,GM30,GM31,GM32,GM33,GM34,GM35,GM36,GM37,GM38,GM39
0.01,0.32767,0.61015,0.1665,0.5406,0.51434,0.64697,0.57808,0.20773,0.44575,0.41162,0.75293,0.87966,0.62527,0.83447,0.34793,0.69847,0.61846,0.16542,0.22699,0.81094,0.34228,0.16044,0.79275,1.0098,0.40525,0.33268,0.94093,0.48173,0.35308,0.68199,0.45092,0.2208,0.19754,0.44399,0.8058,0.19074,0.40448,0.24703,0.25539
0.02,0.35365,0.77315,0.16664,0.58223,0.96435,0.66382,0.62029,0.20868,0.4463,0.4114,0.75234,0.91854,0.64089,0.83702,0.34812,0.69993,0.61958,0.16622,0.23013,0.8148,0.35651,0.16166,0.8065,1.012,0.40723,0.33277,0.94372,0.48765,0.35478,0.68924,0.47151,0.222,0.20005,0.44498,0.87827,0.19139,0.44026,0.25005,0.25683
0.03,0.43141,0.91245,0.19909,0.63932,1.1512,0.6479,0.66152,0.21206,0.50476,0.41407,0.7803,0.87966,0.63762,0.8469,0.34984,0.7185,0.62315,0.16635,0.23174,0.88807,0.37733,0.16428,0.83448,1.018,0.4176,0.33337,0.94412,0.50203,0.36592,0.68619,0.4811,0.22743,0.21018,0.45277,0.88321,0.19285,0.45417,0.26425,0.25749
0.04,0.415,0.85096,0.22957,0.74767,0.76869,0.6633,0.91127,0.2096,0.52348,0.42032,0.80302,0.92676,0.65038,0.85136,0.34892,0.73995,0.62636,0.18194,0.23334,0.86858,0.37952,0.1786,0.85818,1.0308,0.4038,0.34041,0.97837,0.54489,0.43107,0.72259,0.61116,0.23318,0.28168,0.4617,1.129,0.2061,0.51497,0.31,0.28761
0.05,0.4805,0.8358,0.27047,0.87002,1.2318,0.72877,1.0636,0.23887,0.46277,0.42297,0.78506,0.92491,0.70474,0.8422,0.35087,0.79787,0.6301,0.20065,0.23132,1.0644,0.41531,0.17357,0.88682,1.0738,0.41905,0.35733,1.0043,0.53146,0.38802,0.76309,0.7479,0.23503,0.30968,0.46574,1.464,0.19668,0.5116,0.48396,0.31049
0.06,0.51387,0.89425,0.3353,0.93174,1.3211,0.77624,1.3923,0.24843,0.46049,0.42709,0.89926,0.96264,0.78354,0.859,0.3611,0.82986,0.6326,0.21566,0.24102,1.0359,0.44068,0.18496,0.91118,1.0918,0.42419,0.36794,1.1351,0.52322,0.38679,0.79414,0.79271,0.22798,0.42719,0.45678,0.9636,0.20834,0.55692,0.41213,0.36103
0.07,0.53783,0.78263,0.32991,0.91899,0.91309,0.78557,1.3142,0.25579,0.48998,0.43051,0.93095,1.0505,0.81284,0.86385,0.36522,0.86441,0.65786,0.21647,0.26105,1.0826,0.51087,0.27608,0.91903,1.1394,0.4219,0.35408,1.2345,0.59907,0.42663,0.83764,1.1583,0.24155,0.40661,0.49442,1.0262,0.24243,0.4668,0.38665,0.329
0.08,0.65019,0.86542,0.26761,0.91619,1.0458,0.76629,1.3108,0.24836,0.64363,0.43718,0.98815,0.9999,0.93755,0.8721,0.36053,0.8131,0.65634,0.29926,0.26824,1.1679,0.52111,0.23254,0.97731,1.1751,0.45425,0.34966,1.371,0.56967,0.44795,0.83614,1.5707,0.25408,0.39507,0.60817,0.83181,0.23404,0.49328,0.45906,0.39467
0.09,0.79234,1.1156,0.27952,1.0537,1.0903,0.80139,1.084,0.32111,0.62158,0.44372,0.99863,1.1214,0.97664,0.90947,0.37862,0.75495,0.72024,0.27885,0.27293,1.2436,0.52721,0.27801,0.99276,1.1978,0.52176,0.36125,1.1709,0.68566,0.4753,0.87477,1.151,0.27232,0.49944,0.57825,1.1445,0.22785,0.59114,0.37643,0.56973
0.1,0.83854,0.98643,0.27442,1.2016,1.2705,0.88039,1.1731,0.30325,0.50515,0.45726,1.0276,1.0512,0.8204,0.90617,0.37317,0.73594,0.78134,0.26092,0.32007,1.1829,0.61105,0.30329,1.0245,1.2307,0.57791,0.33714,1.0632,0.71958,0.43604,0.89944,1.1526,0.26616,0.49603,0.63451,1.2277,0.26043,0.50731,0.40479,0.57014
0.11,1.0776,1.3292,0.35981,1.2125,1.1919,0.77855,1.0505,0.39253,0.54563,0.44303,1.072,1.0562,0.85699,0.88822,0.36503,0.93831,0.93502,0.26747,0.3568,1.2103,0.54603,0.32924,1.0246,1.1208,0.4942,0.3442,1.3008,0.74235,0.57348,0.86782,1.2117,0.27716,0.43504,0.7191,1.1153,0.26106,0.59171,0.50123,0.55411
0.12,1.1621,1.508,0.37844,1.1641,0.96323,0.76024,0.86266,0.48737,0.74696,0.47589,1.0632,1.1641,0.8383,0.8852,0.35746,1.0285,0.93841,0.27047,0.37861,1.1377,0.65072,0.364,1.0229,1.1511,0.5077,0.40862,1.4742,0.7745,0.49267,0.88573,1.367,0.29939,0.47201,0.78129,1.1628,0.3065,0.6774,0.44218,0.51838
0.13,1.2684,1.5064,0.42619,1.107,0.67801,0.86281,1.022,0.47592,0.8529,0.48864,1.0779,1.2302,0.98713,1.1355,0.39487,1.2577,0.95126,0.26634,0.33291,1.0518,0.67759,0.40296,1.0828,1.2098,0.59949,0.45639,1.4982,0.8961,0.46491,0.83828,1.156,0.31963,0.56161,0.99933,1.2543,0.33521,0.80284,0.40151,0.59658
0.14,1.1926,1.3126,0.43708,1.1165,0.53589,0.91171,1.2087,0.36097,0.97682,0.43566,1.0614,1.3083,0.81682,1.2145,0.37638,1.283,1.0533,0.28338,0.327,1.0374,0.62612,0.38979,1.1079,1.4293,0.66739,0.49366,1.4593,0.81056,0.52099,0.93634,0.95571,0.31013,0.65486,1.0609,1.2886,0.35315,0.645,0.47728,0.5937
0.15,1.3912,1.0485,0.38765,1.1057,0.5152,0.95002,1.5714,0.35785,0.96868,0.47997,1.0516,1.3381,0.74798,1.038,0.38907,1.0464,0.9792,0.33152,0.37928,1.046,0.76675,0.42659,1.0416,1.4761,0.71496,0.46793,1.3532,0.77082,0.50558,0.92712,0.82435,0.31118,0.80885,1.0898,1.3598,0.43506,0.69713,0.45234,0.6374
0.16,1.2374,1.0656,0.35445,1.212,0.52837,1.0206,1.7415,0.3492,0.97137,0.52933,1.3115,1.401,0.73697,1.0972,0.36117,1.0574,1.0897,0.29053,0.39631,1.0764,0.92336,0.51769,1.0757,1.3917,0.60675,0.51461,1.4293,0.70402,0.48836,0.90926,0.74752,0.2979,0.92733,1.0287,1.3623,0.41036,0.74691,0.53631,0.54984
0.17,1.2656,1.1487,0.33908,1.2139,0.60021,1.0994,1.5222,0.41147,0.97571,0.62125,1.6368,1.4855,0.84259,1.1591,0.45691,1.2071,1.1745,0.34391,0.45792,1.0788,0.94767,0.50067,0.92556,1.6695,0.57978,0.52839,1.8297,0.95815,0.49074,0.86499,0.68162,0.36741,0.85851,1.0765,1.199,0.4476,0.74659,0.53271,0.43201
0.18,1.3838,1.181,0.3063,1.2185,0.5896,1.1062,1.4115,0.42918,1.0159,0.69852,1.7227,1.4684,0.96927,1.0087,0.53825,1.189,1.193,0.32377,0.47731,1.0698,0.83612,0.4913,1.0438,1.9028,0.54852,0.50384,2.1279,0.79096,0.46827,0.97176,0.62126,0.45926,0.75499,1.0411,1.1174,0.46284,0.65738,0.61447,0.41657
0.19,1.4521,1.207,0.36235,1.2058,0.59748,1.0897,1.3021,0.33218,1.0553,0.66001,1.7084,1.5137,1.0279,1.0126,0.51758,1.3541,1.4171,0.33775,0.43978,1.1618,0.7088,0.4577,0.98909,1.8414,0.5685,0.52172,1.9113,0.70106,0.57491,1.0872,0.61355,0.54429,0.61661,0.93833,0.94128,0.55115,0.64651,0.57742,0.51082
0.2,1.2666,1.1827,0.43485,1.1712,0.6474,1.0202,1.1943,0.39972,1.0516,0.56961,1.5566,1.6052,1.0664,1.0984,0.46379,1.4621,1.4938,0.39856,0.4379,1.0499,0.65928,0.46629,1.0551,1.6289,0.55037,0.58257,1.6145,0.58661,0.62278,1.1829,0.62071,0.5749,0.56439,0.9914,1.1308,0.52541,0.66295,0.58699,0.51423
0.21,0.97062,1.1425,0.44712,1.2008,0.66042,1.1817,0.93007,0.48563,1.0014,0.57127,1.4111,1.6117,1.0322,1.1124,0.45698,1.5333,1.4629,0.44317,0.45606,1.303,0.61023,0.45877,1.1815,1.5955,0.63864,0.60276,1.5225,0.56209,0.6643,1.1303,0.66952,0.49571,0.64623,1.0266,1.3844,0.53045,0.62733,0.55639,0.57035
0.22,0.74335,1.0815,0.48135,1.2109,0.67274,1.3595,0.92775,0.49411,0.93623,0.57862,1.428,1.3815,0.94282,1.1104,0.46494,1.643,1.3379,0.50682,0.47753,1.6187,0.64262,0.50911,1.2143,1.7736,0.73556,0.61527,1.4008,0.55981,0.67458,1.0134,0.76002,0.42718,0.70824,1.1088,1.4185,0.50139,0.63331,0.56008,0.51253
0.23,0.74171,1.0046,0.49975,1.194,0.75815,1.5202,0.90953,0.50319,0.84591,0.56863,1.5057,1.3784,0.90574,1.1665,0.5399,1.7184,1.2606,0.52547,0.53537,1.8509,0.54793,0.58258,1.1559,1.9165,0.83601,0.61128,1.453,0.56975,0.66484,0.94922,0.77863,0.41655,0.6838,1.3115,1.342,0.47734,0.63263,0.58943,0.47348
0.24,0.75283,1.0269,0.5165,1.1703,0.83429,1.6994,0.99511,0.46927,0.74728,0.53091,1.5498,1.5838,0.91663,1.3702,0.64326,1.5562,1.2093,0.46928,0.56848,2.0228,0.50589,0.48585,0.97841,1.8879,0.87921,0.64963,1.547,0.58817,0.63299,1.0549,0.70227,0.40076,0.69075,1.4825,1.16,0.48501,0.56102,0.77499,0.52724
0.25,0.79418,1.0094,0.5727,1.1387,0.89496,1.8519,1.256,0.42812,0.82908,0.60633,1.2755,1.7672,0.98294,1.6597,0.63875,1.2005,1.1619,0.5517,0.57085,2.0225,0.55785,0.44311,0.8834,1.7667,0.8765,0.67863,1.7238,0.52177,0.74344,1.1728,0.68223,0.46241,0.75816,1.7283,0.87988,0.52717,0.50558,0.9207,0.51558
0.26,0.72382,0.94297,0.60387,1.1053,0.84649,1.9736,1.4029,0.43148,1.0608,0.61145,1.1503,1.7499,1.026,1.8419,0.59071,0.98629,1.1992,0.64458,0.61577,1.8163,0.56126,0.48445,0.96707,1.669,0.8693,0.68473,1.8215,0.54871,0.84142,1.1832,0.73209,0.51036,0.77953,1.8801,0.91368,0.55329,0.51855,0.92902,0.48075
0.27,0.60711,0.95695,0.60475,1.0749,0.74695,2.0726,1.3821,0.44766,1.1964,0.65387,1.167,1.7359,1.0155,1.7614,0.53893,0.92826,1.2264,0.7208,0.65129,1.6547,0.60306,0.46853,1.1171,1.6422,1.0177,0.67941,1.9128,0.55668,0.78093,1.2046,0.62788,0.56195,0.68425,2.0766,1.1286,0.60904,0.49958,0.81207,0.4853
0.28,0.55581,0.95289,0.58073,1.0421,0.74269,2.134,1.4022,0.50494,1.1677,0.75171,1.1888,1.805,0.95267,1.827,0.47875,1.0472,1.2267,0.70111,0.6086,1.7035,0.75758,0.49483,1.2044,1.6194,1.0761,0.61308,1.9397,0.57261,0.79349,1.1955,0.53737,0.54209,0.56918,2.0927,1.1309,0.61374,0.53673,0.78175,0.4864
0.29,0.55338,1.0563,0.52994,1.004,0.75127,2.1613,1.4621,0.50205,0.99105,0.86439,1.2169,1.8513,0.97443,1.816,0.4062,1.1055,1.1957,0.60786,0.6247,1.7476,0.78253,0.44552,1.0915,1.6433,1.1612,0.5402,1.8089,0.60363,0.77578,1.0893,0.54131,0.50151,0.51827,2.0182,1.0985,0.65423,0.60181,0.69304,0.53351
0.3,0.54471,1.1704,0.45806,0.96949,0.86579,2.1638,1.5006,0.44555,0.88568,0.91354,1.2527,1.8399,1.0122,1.8909,0.44071,1.0047,1.2434,0.5319,0.5926,1.7294,0.69183,0.47838,0.93255,1.7516,1.2512,0.60134,1.7393,0.58416,0.73127,1.06,0.5586,0.46888,0.493,2.1181,1.1373,0.6631,0.69332,0.68107,0.54625
0.31,0.56286,1.2281,0.38428,0.94296,0.90441,2.1348,1.5072,0.36701,0.87306,0.86127,1.2841,1.7836,0.96925,2.0827,0.44326,0.88063,1.3147,0.47995,0.62833,1.6361,0.5983,0.49889,0.89849,1.7444,1.2879,0.68613,1.8669,0.57114,0.75787,0.99041,0.57744,0.44107,0.43937,2.174,1.1584,0.69177,0.79605,0.6536,0.60717
0.32,0.60273,1.2376,0.3305,0.93348,0.8657,2.0613,1.4347,0.28543,0.84979,0.78657,1.303,1.7246,0.98314,2.2163,0.46504,0.85102,1.3283,0.44161,0.59077,1.4883,0.58574,0.45651,0.82372,1.6413,1.2539,0.69635,1.9858,0.61084,0.76993,0.91195,0.61544,0.43234,0.38914,2.0115,1.1124,0.7582,0.82934,0.64477,0.64329
0.33,0.63758,1.2265,0.286,1.115,0.78581,1.9412,1.2071,0.27192,0.79569,0.81882,1.3095,1.6974,0.94639,2.4416,0.46802,0.90044,1.3167,0.40665,0.56579,1.4107,0.57712,0.44451,0.96208,1.592,1.253,0.66325,2.0022,0.65045,0.84893,1.0237,0.63879,0.43844,0.42054,1.8649,1.0307,0.81345,0.77123,0.66049,0.7882
0.34,0.66523,1.226,0.26318,1.2757,0.72327,1.8039,1.096,0.27134,0.72121,0.91676,1.3051,1.7247,0.93714,2.623,0.43925,1.035,1.3443,0.37147,0.56734,1.3472,0.57128,0.40832,1.0622,1.4961,1.3616,0.6499,1.9982,0.65804,0.87179,1.097,0.63359,0.51282,0.46726,1.7383,0.91559,0.79798,0.73444,0.67866,0.84475
0.35,0.69105,1.1216,0.23871,1.2752,0.69973,1.654,1.1077,0.26076,0.65026,0.97915,1.2892,1.8581,0.93868,2.6726,0.44946,1.1407,1.4266,0.37975,0.5976,1.3471,0.59369,0.39098,1.1066,1.4321,1.4408,0.64734,2.0399,0.63567,0.88847,1.0943,0.57738,0.53729,0.47741,1.6701,0.89666,0.69899,0.67137,0.67598,0.80546
0.36,0.68331,1.1486,0.21686,1.1515,0.68202,1.6364,1.099,0.27208,0.6417,0.99806,1.2646,1.9009,0.94951,2.5479,0.47358,1.1809,1.577,0.35786,0.60598,1.466,0.53308,0.36566,1.0577,1.5224,1.4873,0.64403,2.1002,0.60757,0.9528,1.0612,0.58883,0.51817,0.45526,1.7178,0.93457,0.6151,0.58739,0.64507,0.77306
0.37,0.67613,1.2054,0.196,1.0125,0.63872,1.6244,1.0657,0.30011,0.64864,1.0033,1.2397,1.8976,1.0085,2.4426,0.48078,1.1692,1.6775,0.32504,0.55036,1.7097,0.53911,0.38452,0.97157,1.7114,1.5015,0.6559,2.1324,0.60641,1.0148,1.1325,0.56934,0.48831,0.42294,1.7607,1.0019,0.5952,0.50437,0.68708,0.76079
0.38,0.66675,1.3836,0.1751,0.93718,0.58022,1.6391,1.0961,0.31633,0.71353,1.0108,1.2249,1.9452,1.04,2.442,0.48004,1.1382,1.789,0.3035,0.53488,1.7753,0.57105,0.40874,0.89707,1.8515,1.5174,0.69449,2.1325,0.65099,1.0941,1.1828,0.52664,0.46487,0.42127,1.8036,1.049,0.5512,0.4911,0.71774,0.67829
0.39,0.64162,1.5075,0.17853,0.92161,0.56872,1.6537,1.1987,0.31683,0.81443,1.0099,1.2259,1.9697,1.0468,2.3732,0.47502,1.1977,1.7839,0.27623,0.53392,1.7504,0.54455,0.42582,0.81996,1.9624,1.739,0.74069,2.1259,0.70024,1.0868,1.1322,0.4726,0.436,0.48404,1.8292,1.0353,0.51213,0.49141,0.68666,0.60489
0.4,0.60117,1.5987,0.18035,0.90963,0.51935,1.6635,1.3071,0.31848,0.91469,0.97227,1.2405,1.9722,1.0279,2.1827,0.47291,1.2611,1.6194,0.30953,0.5712,1.7558,0.47599,0.4568,0.7839,2.0217,1.8716,0.76147,2.1276,0.70332,1.0202,1.0443,0.42912,0.4344,0.4997,1.8239,1.0716,0.4719,0.49028,0.6202,0.62288
0.41,0.55561,1.7106,0.17842,0.85544,0.48431,1.6668,1.3722,0.33555,0.95753,0.8793,1.2589,1.9667,1.0351,2.1855,0.47737,1.3338,1.5649,0.33151,0.59343,1.6991,0.43947,0.47007,0.76718,2.0675,1.9122,0.74424,2.1298,0.68997,0.95392,0.95225,0.42393,0.44592,0.46201,1.8288,1.1819,0.44348,0.48321,0.57647,0.66727
0.42,0.5018,1.8078,0.17372,0.82243,0.52726,1.6629,1.5353,0.35227,0.90995,0.90829,1.2739,1.9499,1.0258,2.2642,0.48782,1.424,1.4778,0.35902,0.59881,1.6609,0.45003,0.461,0.79597,2.1613,1.8672,0.70264,2.1379,0.71535,0.90802,0.88632,0.45065,0.45699,0.4526,1.845,1.2637,0.49508,0.4916,0.57674,0.64835
0.43,0.45868,1.8388,0.16793,0.81734,0.56111,1.6517,1.7952,0.35609,0.83506,0.90895,1.2811,1.9265,1.0244,2.3357,0.50203,1.5245,1.372,0.38228,0.6118,1.6869,0.43355,0.46852,0.75614,2.281,1.7576,0.66449,2.1812,0.72626,0.87315,0.88066,0.48024,0.46672,0.42625,1.8333,1.295,0.53227,0.51481,0.55519,0.60251
0.44,0.45008,1.7932,0.16279,0.80139,0.58148,1.6336,1.959,0.34544,0.90968,0.87424,1.2811,1.9053,1.0189,2.3786,0.51927,1.6267,1.3935,0.38299,0.66137,1.7324,0.46198,0.46224,0.73775,2.3638,1.6088,0.64699,2.2098,0.71152,0.79967,0.89901,0.49587,0.51008,0.42109,1.7944,1.2796,0.54051,0.53226,0.50424,0.56672
0.45,0.46926,1.6837,0.15828,0.8276,0.58467,1.6096,1.9983,0.31988,0.96441,0.81558,1.277,1.8778,1.0173,2.3826,0.53927,1.7161,1.3771,0.38617,0.69417,1.7999,0.46222,0.43986,0.71239,2.4919,1.4489,0.63962,2.2366,0.67452,0.7085,0.88708,0.51227,0.58807,0.42568,1.7292,1.282,0.49122,0.57562,0.46673,0.55434
0.46,0.4934,1.5564,0.15411,0.85089,0.5739,1.5809,2.022,0.30751,0.99086,0.75297,1.2955,1.8537,1.0248,2.3495,0.56218,1.7732,1.4774,0.40165,0.66913,1.8749,0.45232,0.42521,0.70428,2.5049,1.3023,0.62571,2.2796,0.64387,0.65558,0.86227,0.57317,0.65086,0.40166,1.6522,1.2998,0.46021,0.63511,0.42979,0.55448
0.47,0.50375,1.5455,0.1505,0.84984,0.55731,1.5487,2.057,0.32346,0.98725,0.70411,1.3293,1.8244,1.0432,2.3065,0.58673,1.7835,1.6002,0.40509,0.6355,1.9077,0.46551,0.41916,0.74986,2.4198,1.2113,0.60678,2.3508,0.67706,0.63209,0.85499,0.60668,0.67741,0.36641,1.5673,1.3391,0.44985,0.67199,0.39877,0.56621
0.48,0.53046,1.5242,0.15434,0.95463,0.54209,1.514,2.0528,0.3617,0.97126,0.6584,1.36,1.799,1.0706,2.2453,0.6109,1.7449,1.6965,0.41111,0.58861,1.8781,0.4562,0.40606,0.76094,2.2601,1.1483,0.59225,2.4516,0.72936,0.60808,0.91031,0.6143,0.67757,0.38296,1.484,1.4034,0.45332,0.68971,0.37532,0.57852
0.49,0.5113,1.4724,0.16013,1.0114,0.53183,1.4777,2.0002,0.39071,1.0967,0.62133,1.3897,1.7722,1.1033,2.1926,0.63324,1.6483,1.7645,0.4259,0.61629,1.8045,0.44116,0.43291,0.74701,2.0602,1.1033,0.58656,2.5705,0.7377,0.59593,0.98126,0.60784,0.66048,0.40084,1.4011,1.4649,0.46345,0.6797,0.34033,0.57692
0.5,0.49089,1.4089,0.15975,1.0238,0.5246,1.4404,1.9432,0.40921,1.2848,0.67324,1.4197,1.7523,1.1376,2.0915,0.65186,1.5571,1.8127,0.438,0.70332,1.7453,0.46769,0.44131,0.73934,1.841,1.0682,0.58823,2.6904,0.70868,0.60269,1.0181,0.59784,0.64223,0.42023,1.3086,1.4921,0.4561,0.65725,0.29434,0.55875
0.51,0.47869,1.3219,0.15429,0.99861,0.55423,1.4024,1.906,0.42107,1.4464,0.70996,1.4506,1.7386,1.1694,1.9888,0.66658,1.4357,1.8361,0.43106,0.76356,1.7212,0.48479,0.42235,0.75245,1.9346,1.0329,0.59331,2.7963,0.68158,0.61083,1.0155,0.59209,0.63621,0.44209,1.2147,1.4733,0.42331,0.63097,0.27194,0.53067
0.52,0.4964,1.3706,0.14573,0.94496,0.57891,1.3637,1.8597,0.43024,1.533,0.7331,1.4828,1.7321,1.1967,1.8552,0.67798,1.3053,1.8433,0.46223,0.79146,1.7222,0.46839,0.40239,0.79725,2.0562,1.0068,0.59928,2.8781,0.67935,0.61503,0.98667,0.59527,0.64762,0.4483,1.1172,1.4099,0.37722,0.60083,0.28106,0.51585
0.53,0.50753,1.4426,0.14701,0.87291,0.59755,1.3242,1.7755,0.43767,1.5383,0.74235,1.5154,1.7345,1.2206,1.7326,0.68671,1.3389,1.8336,0.49186,0.79647,1.7505,0.46916,0.37147,0.83937,2.0948,1.0669,0.60885,2.9322,0.68628,0.63524,0.94784,0.60011,0.66987,0.4417,1.0169,1.3272,0.33555,0.56436,0.30074,0.49857
0.54,0.50703,1.4805,0.14992,0.81265,0.61117,1.2838,1.8529,0.44156,1.4823,0.73758,1.5475,1.747,1.2403,1.6468,0.69306,1.3666,1.8147,0.50585,0.78659,1.7857,0.51617,0.3321,0.86901,2.0754,1.0716,0.62646,2.9609,0.67341,0.68145,1.0221,0.60441,0.68814,0.44878,0.92626,1.2354,0.32138,0.54764,0.31402,0.48084
0.55,0.49122,1.4752,0.15091,0.75817,0.622,1.2426,1.8733,0.43912,1.387,0.72007,1.5784,1.7649,1.258,1.6688,0.69684,1.4107,1.7842,0.50796,0.76922,1.794,0.56989,0.29436,0.86177,2.0354,1.0262,0.65376,2.9696,0.6376,0.73202,1.1002,0.60794,0.6895,0.46913,0.85263,1.1606,0.35396,0.55306,0.31276,0.46765
0.56,0.47911,1.4324,0.14974,0.71049,0.63195,1.2007,1.7928,0.42931,1.3025,0.69288,1.6085,1.7856,1.2743,1.5976,0.69747,1.4502,1.7472,0.49877,0.75146,1.7558,0.61341,0.27595,0.86751,1.9964,0.94504,0.687,2.9637,0.59043,0.77931,1.1505,0.6111,0.6693,0.49838,0.80323,1.1114,0.37814,0.55406,0.30079,0.46685
0.57,0.48319,1.3666,0.14686,0.66916,0.64253,1.1583,1.6671,0.41424,1.2289,0.66031,1.6359,1.8113,1.2899,1.4721,0.6942,1.4834,1.7065,0.4816,0.7363,1.6544,0.63682,0.25953,0.90692,1.9462,0.85585,0.71975,2.9886,0.55227,0.81351,1.1673,0.61804,0.62581,0.51731,0.81231,1.079,0.38746,0.55347,0.28768,0.45004
0.58,0.49364,1.2941,0.14274,0.62915,0.65315,1.1254,1.744,0.39759,1.154,0.62637,1.6613,1.8343,1.3063,1.4729,0.68644,1.5106,1.6614,0.45896,0.72086,1.6414,0.63141,0.26404,0.90915,1.8569,0.77405,0.74791,3.0356,0.56132,0.83378,1.1491,0.6307,0.59202,0.52048,0.78836,1.0573,0.38822,0.55106,0.27839,0.45332
0.59,0.50871,1.2226,0.13822,0.58495,0.66245,1.1072,1.8273,0.38323,1.0783,0.6325,1.6831,1.8577,1.3237,1.5531,0.67391,1.5319,1.6142,0.43329,0.71278,1.7562,0.6062,0.27455,0.91921,1.7416,0.76083,0.77043,3.0798,0.56063,0.84365,1.0932,0.62748,0.59645,0.50187,0.74342,1.0505,0.38807,0.54451,0.26853,0.4673
0.6,0.51322,1.2875,0.13387,0.53433,0.66858,1.0841,1.9227,0.37306,1.0068,0.65163,1.7026,1.8761,1.3421,1.6101,0.65673,1.5473,1.5672,0.40618,0.72637,1.8346,0.61049,0.2925,0.95338,1.7804,0.77143,0.78845,3.1189,0.543,0.849,1.0183,0.64827,0.62244,0.4693,0.74809,1.0638,0.38551,0.53277,0.25135,0.48315
0.61,0.49821,1.3649,0.12999,0.48792,0.67021,1.0558,2.0271,0.36809,0.98898,0.66782,1.7185,1.9069,1.3612,1.6521,0.63529,1.5568,1.5222,0.3796,0.72707,1.8786,0.62079,0.32221,0.95312,1.7996,0.77723,0.80356,3.1549,0.51222,0.8501,1.0127,0.67298,0.64551,0.43276,0.82504,1.0926,0.37114,0.51537,0.2363,0.5036
0.62,0.46463,1.3926,0.12639,0.44564,0.66682,1.0237,2.1313,0.36794,0.96462,0.67803,1.7307,1.9507,1.3817,1.6795,0.61016,1.5602,1.4805,0.35487,0.71744,1.9048,0.65052,0.35255,0.93259,1.8068,0.77762,0.81621,3.1842,0.48378,0.84592,0.98867,0.67656,0.66244,0.38079,0.88758,1.1249,0.34126,0.52792,0.25187,0.52597
0.63,0.42157,1.3687,0.12301,0.45716,0.66659,0.99137,2.2024,0.37161,0.94757,0.68025,1.7404,1.9885,1.4018,1.693,0.58196,1.5579,1.4429,0.33309,0.70326,1.8877,0.66724,0.37049,0.90048,1.8226,0.77343,0.82647,3.2052,0.50898,0.83924,0.96323,0.66605,0.67587,0.33197,0.92817,1.1513,0.3036,0.57476,0.25258,0.54152
0.64,0.42794,1.3017,0.11983,0.47575,0.66402,0.96923,2.2122,0.3767,0.91762,0.71171,1.7466,2.0215,1.4217,1.7287,0.55177,1.5509,1.4121,0.31473,0.69055,1.8634,0.67083,0.37585,0.85749,1.8407,0.76467,0.83552,3.2167,0.55516,0.83072,0.95176,0.64753,0.68263,0.3181,0.94339,1.1712,0.27217,0.60558,0.24291,0.54331
0.65,0.4312,1.214,0.11687,0.49256,0.65915,0.94453,2.1576,0.38091,0.88152,0.74153,1.7502,2.049,1.4402,1.8816,0.52029,1.5397,1.4287,0.29996,0.68475,1.9614,0.67112,0.37501,0.80863,1.8222,0.76749,0.84541,3.218,0.58597,0.82724,0.96485,0.61885,0.69188,0.33571,0.92759,1.1921,0.2562,0.62586,0.228,0.56156
0.66,0.42782,1.1342,0.12094,0.50713,0.65396,0.91856,2.1568,0.3825,0.84433,0.76194,1.7519,2.0705,1.4577,2.0181,0.51248,1.5247,1.4475,0.28872,0.68714,1.9823,0.65382,0.36819,0.81198,1.8761,0.82546,0.85674,3.2091,0.59828,0.83023,0.99887,0.5828,0.69999,0.35355,0.87921,1.2195,0.25207,0.6427,0.21197,0.59833
0.67,0.41806,1.0861,0.12462,0.5195,0.65007,0.89135,2.151,0.38151,0.83141,0.77817,1.7511,2.0862,1.4737,2.0991,0.52203,1.5066,1.4683,0.28024,0.69522,2.0096,0.64099,0.35062,0.81228,1.9226,0.87483,0.86842,3.1906,0.62696,0.84102,1.0374,0.54217,0.70212,0.36698,0.80343,1.2553,0.25085,0.66113,0.19787,0.62356
0.68,0.40296,1.0753,0.12783,0.52961,0.64813,0.88933,2.1944,0.37927,0.83157,0.79704,1.7487,2.0965,1.4883,2.1111,0.53225,1.4863,1.4896,0.27374,0.70456,1.9991,0.63947,0.32149,0.80973,1.9033,0.91521,0.87884,3.1636,0.64043,0.85146,1.0679,0.50768,0.69928,0.37464,0.71093,1.297,0.24874,0.68228,0.18707,0.63983
0.69,0.38058,1.0892,0.1307,0.53729,0.64784,0.99681,2.2217,0.37756,0.82981,0.82473,1.7437,2.102,1.5022,2.0511,0.54215,1.4645,1.51,0.26836,0.71043,1.9665,0.65334,0.29938,0.80444,1.9358,0.94683,0.88741,3.1294,0.63416,0.85706,1.0819,0.48509,0.69278,0.37679,0.61625,1.3368,0.24738,0.70442,0.1807,0.64834
0.7,0.35289,1.1221,0.13357,0.54233,0.66407,1.0875,2.2323,0.37772,0.82535,0.8644,1.7372,2.1068,1.5165,1.9229,0.55183,1.4419,1.527,0.26332,0.71056,1.9188,0.67949,0.30227,0.85741,1.9565,0.97026,0.89418,3.089,0.61189,0.85047,1.0774,0.4639,0.68179,0.37344,0.532,1.369,0.2487,0.72741,0.18019,0.6484
0.71,0.32545,1.1388,0.13676,0.54451,0.6876,1.1451,2.2197,0.38026,0.81478,0.91436,1.736,2.1082,1.5994,1.7377,0.56203,1.4189,1.5415,0.25801,0.70394,1.9115,0.70917,0.30455,0.91705,1.9741,0.98629,0.9,3.0438,0.58324,0.83071,1.0588,0.44407,0.66618,0.36535,0.51591,1.3899,0.25151,0.75068,0.18521,0.63908
0.72,0.29897,1.1298,0.14048,0.54377,0.71105,1.1621,2.1891,0.38415,0.79591,0.96964,1.7312,2.1068,1.6862,1.7117,0.57164,1.3956,1.5519,0.25201,0.6924,1.8871,0.72908,0.30683,0.96356,1.9983,0.99574,0.90565,2.9948,0.557,0.80119,1.0347,0.4257,0.65488,0.35066,0.52103,1.3984,0.25351,0.77117,0.19438,0.62267
0.73,0.29692,1.094,0.14482,0.54047,0.73351,1.1408,2.1796,0.38805,0.76687,1.0234,1.7172,2.1031,1.749,1.7396,0.58087,1.3722,1.5584,0.2452,0.67836,1.8633,0.72656,0.30581,0.99676,2.0158,0.99945,0.91154,2.9435,0.55694,0.77047,1.016,0.40904,0.65159,0.33734,0.52446,1.3962,0.25285,0.7847,0.20674,0.60444
0.74,0.30784,1.0387,0.14969,0.53452,0.75429,1.0903,2.1473,0.39065,0.8014,1.0687,1.6947,2.101,1.7865,1.7651,0.59011,1.3487,1.5614,0.23767,0.6652,1.8811,0.69627,0.30581,1.0162,2.0829,0.99819,0.91714,2.9042,0.56541,0.74546,1.007,0.42997,0.6455,0.32583,0.52102,1.3872,0.2485,0.78682,0.22078,0.58916
0.75,0.31563,1.0164,0.15493,0.52627,0.77294,1.0339,2.0895,0.39105,0.83836,1.1004,1.6738,2.0974,1.798,1.7771,0.59845,1.3256,1.5617,0.22952,0.65486,1.9717,0.64276,0.30983,1.0226,2.2975,0.99269,0.92219,2.8551,0.57374,0.73336,1.0115,0.45704,0.63673,0.30969,0.50803,1.3757,0.2397,0.7742,0.23295,0.57797
0.76,0.32097,0.99244,0.16027,0.51634,0.78917,0.95467,2.0071,0.38916,0.87292,1.1156,1.6561,2.0924,1.7844,1.7957,0.60594,1.3028,1.5602,0.22103,0.64847,2.1287,0.58287,0.30704,1.0171,2.4712,0.98361,0.92681,2.7923,0.58183,0.73389,1.024,0.48132,0.62589,0.30612,0.48706,1.3669,0.23365,0.74652,0.23888,0.56799
0.77,0.32492,0.9635,0.16556,0.50523,0.80267,0.86048,1.9436,0.38483,0.91769,1.1122,1.6373,2.0872,1.7474,1.8262,0.61339,1.28,1.5577,0.21237,0.64473,2.3194,0.55018,0.29904,1.0002,2.6009,0.97165,0.93103,2.721,0.59229,0.74079,1.038,0.50065,0.61337,0.33913,0.46344,1.3648,0.22746,0.70515,0.23603,0.55483
0.78,0.32427,0.953,0.17059,0.49712,0.81293,0.76118,1.9314,0.37859,1.0137,1.0907,1.6178,2.0832,1.6903,1.8495,0.61994,1.257,1.5531,0.20385,0.64134,2.5129,0.51262,0.29645,0.97382,2.6981,0.95741,0.93452,2.6688,0.60253,0.74652,1.0471,0.51418,0.60619,0.36234,0.44442,1.3711,0.21654,0.66768,0.22464,0.53627
0.79,0.32356,0.98299,0.17526,0.49286,0.81941,0.67644,1.9016,0.37051,1.1072,1.0526,1.5972,2.0778,1.63,1.8677,0.62566,1.234,1.546,0.1957,0.63869,2.6919,0.51385,0.30604,0.93967,2.779,0.94128,0.9372,2.616,0.60365,0.74284,1.0461,0.52175,0.5996,0.37631,0.43563,1.3853,0.203,0.66466,0.20705,0.51367
0.8,0.31795,1.0153,0.17952,0.50578,0.82167,0.60885,1.8579,0.36096,1.1929,1.0005,1.5758,2.0712,1.6372,1.8873,0.63062,1.2109,1.5357,0.20418,0.62999,2.8457,0.54971,0.31823,0.89942,2.8579,0.92375,0.93926,2.5575,0.61027,0.72543,1.0321,0.52446,0.59224,0.38506,0.43764,1.4046,0.18954,0.6575,0.19087,0.49049
0.81,0.31111,1.0459,0.18338,0.5315,0.81961,0.59073,1.8034,0.34976,1.2672,0.93768,1.5537,2.0661,1.6439,1.8975,0.63526,1.1879,1.5216,0.21566,0.61328,2.9655,0.5931,0.3234,0.87513,2.9413,0.90524,0.94074,2.4937,0.61683,0.69335,1.0225,0.52521,0.58472,0.3931,0.44568,1.4245,0.17848,0.64576,0.1956,0.47048
0.82,0.30106,1.0704,0.18686,0.5521,0.81291,0.58348,1.7408,0.33687,1.3269,0.86862,1.531,2.0599,1.649,1.9002,0.63935,1.1719,1.5028,0.22655,0.61447,3.0446,0.63193,0.32199,0.92139,3.0259,0.88607,0.9421,2.4254,0.62333,0.6492,1.0054,0.52574,0.57716,0.40385,0.45284,1.4398,0.17908,0.62932,0.19583,0.4545
0.83,0.29083,1.0856,0.18999,0.56772,0.80218,0.57578,1.6722,0.32231,1.3693,0.79838,1.508,2.0521,1.6522,1.9063,0.64275,1.1678,1.4794,0.23662,0.60739,3.0835,0.66036,0.31462,0.9466,3.1028,0.86642,0.944,2.3532,0.62967,0.59899,0.97227,0.52734,0.56875,0.41856,0.45417,1.4462,0.17652,0.61245,0.19173,0.44195
0.84,0.29461,1.0889,0.19283,0.57854,0.78715,0.56757,1.5992,0.30619,1.3931,0.80426,1.4851,2.0442,1.6529,1.9031,0.66336,1.161,1.4501,0.24587,0.59289,3.0902,0.67746,0.30305,0.94841,3.1904,0.84642,0.94678,2.2862,0.63571,0.55111,0.92978,0.52979,0.55957,0.43544,0.46535,1.4406,0.16883,0.62678,0.18423,0.4307
0.85,0.28964,1.079,0.19543,0.58475,0.76796,0.55881,1.5228,0.28875,1.3984,0.81183,1.462,2.0362,1.6509,1.8922,0.69424,1.152,1.4145,0.25444,0.57293,3.0761,0.68443,0.29029,0.9275,3.3225,0.82611,0.95071,2.2213,0.64136,0.51572,0.8842,0.52955,0.5503,0.45113,0.46824,1.4221,0.15678,0.63789,0.17469,0.42079
0.86,0.2872,1.0555,0.19777,0.58679,0.74484,0.54973,1.4436,0.27034,1.3871,0.81906,1.4388,2.0261,1.6462,1.8859,0.72361,1.1412,1.3722,0.26256,0.54992,3.0493,0.68412,0.27956,0.90521,3.4226,0.80554,0.95592,2.1558,0.64658,0.50186,0.84098,0.52328,0.53992,0.46256,0.48344,1.3909,0.14364,0.64327,0.1788,0.41374
0.87,0.28338,1.0189,0.19992,0.58475,0.74409,0.54026,1.3623,0.25761,1.3592,0.82566,1.4161,2.015,1.6393,1.8715,0.75156,1.1287,1.3233,0.27057,0.52637,3.0104,0.67942,0.27498,0.89697,3.4891,0.78471,0.96228,2.0897,0.65134,0.51246,0.80271,0.50753,0.52848,0.46825,0.52567,1.349,0.1432,0.64095,0.1794,0.4097
0.88,0.27749,0.97065,0.20184,0.57938,0.74264,0.53025,1.2794,0.2474,1.317,0.83175,1.3935,2.0041,1.6303,1.8498,0.77777,1.1146,1.2682,0.27859,0.50396,2.9556,0.6723,0.27313,0.88361,3.5227,0.76368,0.9695,2.0242,0.65568,0.54269,0.78719,0.47969,0.5171,0.46617,0.56405,1.2997,0.14611,0.6306,0.17502,0.40849
0.89,0.27244,0.91276,0.20359,0.57065,0.73918,0.51999,1.1957,0.24036,1.2653,0.83715,1.3711,1.9914,1.6191,1.8337,0.80218,1.0993,1.227,0.28672,0.4835,2.8815,0.66319,0.27691,0.88981,3.5273,0.74235,0.9766,1.9585,0.65962,0.58224,0.78396,0.48256,0.50484,0.45522,0.59621,1.2466,0.14847,0.6131,0.16807,0.40909
0.9,0.26563,0.8478,0.20517,0.55913,0.73364,0.50943,1.112,0.23656,1.2553,0.84199,1.3492,1.9771,1.6058,1.8117,0.82478,1.0826,1.2011,0.29496,0.46461,2.7888,0.65143,0.28295,0.91782,3.5086,0.72071,0.98292,1.8937,0.66314,0.62199,0.79969,0.50819,0.49187,0.43545,0.6207,1.1939,0.15021,0.58979,0.17078,0.41045
0.91,0.25737,0.78051,0.20655,0.54537,0.7262,0.49843,1.1049,0.23897,1.2491,0.84606,1.3274,1.9634,1.5905,1.7841,0.84559,1.0649,1.1683,0.30294,0.44616,2.6839,0.63614,0.28947,0.94882,3.4711,0.69878,0.98773,1.8292,0.66622,0.65498,0.84216,0.52751,0.47887,0.40702,0.63628,1.1451,0.15091,0.56199,0.17008,0.4103
0.92,0.24934,0.71123,0.20772,0.52989,0.71706,0.48746,1.0978,0.24143,1.2286,0.84964,1.3061,1.949,1.573,1.7595,0.8651,1.0461,1.1302,0.3104,0.4269,2.575,0.61647,0.29555,0.98389,3.4184,0.6772,0.9906,1.7662,0.67726,0.67691,0.88733,0.54068,0.47133,0.37274,0.642,1.1033,0.15019,0.53138,0.16625,0.40875
0.93,0.24129,0.6413,0.20872,0.51358,0.70636,0.47609,1.0901,0.24392,1.2058,0.85246,1.2847,1.9338,1.5533,1.7335,0.88307,1.0268,1.0888,0.3167,0.40597,2.4704,0.59295,0.30064,1.0238,3.3534,0.65985,0.99129,1.7042,0.70228,0.6858,0.93187,0.54943,0.46584,0.33641,0.63741,1.0705,0.14773,0.49895,0.15991,0.40423
0.94,0.23233,0.57297,0.20954,0.49712,0.69446,0.46475,1.0822,0.24645,1.1794,0.85469,1.2633,1.922,1.5317,1.7034,0.89942,1.0079,1.1023,0.32152,0.38329,2.3748,0.56731,0.3042,1.0674,3.2776,0.64216,0.9902,1.6435,0.72098,0.68214,0.97152,0.55157,0.45964,0.32136,0.62276,1.0474,0.14376,0.46573,0.1622,0.3972
0.95,0.22415,0.52186,0.21024,0.4811,0.68154,0.45317,1.0744,0.24899,1.1508,0.91363,1.2421,1.9114,1.5079,1.6721,0.9142,0.98863,1.1176,0.32422,0.35989,2.2843,0.54225,0.31471,1.1123,3.1908,0.62402,0.98741,1.5842,0.73316,0.6666,1.004,0.54793,0.45369,0.31438,0.5991,1.0335,0.13919,0.43906,0.17393,0.38829
0.96,0.22371,0.4709,0.21084,0.46584,0.66777,0.44166,1.0671,0.25147,1.1229,0.96733,1.2206,1.8987,1.4821,1.6448,0.92745,0.96924,1.1294,0.32444,0.35378,2.1961,0.52053,0.32542,1.1562,3.0925,0.60548,0.98369,1.5267,0.73957,0.64198,1.0277,0.53985,0.4474,0.30556,0.56838,1.0275,0.14035,0.43963,0.18887,0.3778
0.97,0.22426,0.44857,0.21139,0.45146,0.6533,0.43002,1.0605,0.25384,1.097,1.0134,1.1992,1.8841,1.4543,1.6145,0.9396,0.9504,1.1377,0.32192,0.34849,2.1101,0.5042,0.33379,1.1978,2.9825,0.58661,0.97919,1.4708,0.74022,0.61074,1.0422,0.52901,0.44092,0.29568,0.53325,1.0279,0.1432,0.43883,0.20377,0.36669
0.98,0.22438,0.42974,0.21194,0.43804,0.63836,0.41851,1.0548,0.25605,1.0739,1.0513,1.1777,1.8678,1.4248,1.5814,0.95067,0.93254,1.1442,0.31647,0.33854,2.03,0.49383,0.3393,1.2362,2.8609,0.5675,0.97442,1.4166,0.73447,0.57626,1.0457,0.51628,0.43464,0.28567,0.49643,1.0322,0.14416,0.43681,0.21746,0.3556
0.99,0.22445,0.42802,0.21243,0.42554,0.62307,0.40693,1.0501,0.25809,1.0536,1.081,1.1559,1.8498,1.3939,1.5508,0.96043,0.91511,1.1473,0.30808,0.33633,1.9615,0.48849,0.34176,1.271,2.7289,0.54822,0.96959,1.3642,0.72138,0.54416,1.0388,0.50283,0.42791,0.27609,0.46078,1.0389,0.14338,0.43365,0.22871,0.3445
1,0.22509,0.42822,0.21284,0.4138,0.60768,0.39559,1.0468,0.25987,1.0354,1.1026,1.1338,1.83,1.3615,1.5212,0.96897,0.89827,1.1473,0.29692,0.33028,1.9104,0.4862,0.34114,1.3024,2.5894,0.52885,0.96472,1.3135,0.7004,0.54447,1.0208,0.48906,0.42147,0.26687,0.46606,1.0464,0.14718,0.42937,0.23637,0.33407
1.01,0.22527,0.42701,0.21312,0.4028,0.59217,0.40083,1.0446,0.26135,1.0189,1.1163,1.1116,1.8121,1.3278,1.4894,0.97641,0.88224,1.1442,0.29849,0.32582,1.884,0.48458,0.33774,1.3324,2.4464,0.50945,0.96,1.2648,0.67587,0.53599,0.99201,0.47599,0.4148,0.25792,0.47485,1.0538,0.15403,0.42408,0.23977,0.32384
1.02,0.2261,0.42433,0.21327,0.39264,0.57655,0.41745,1.0435,0.26248,1.003,1.122,1.0891,1.7973,1.293,1.4555,0.98302,0.86747,1.1392,0.30118,0.34159,1.8803,0.48172,0.33214,1.3649,2.3036,0.49009,0.95519,1.2177,0.68735,0.52187,0.95433,0.4732,0.40791,0.24891,0.48427,1.0602,0.16013,0.41786,0.23905,0.31393
1.03,0.2266,0.42039,0.21325,0.38347,0.56073,0.43072,1.0436,0.26324,0.98741,1.1198,1.0663,1.783,1.257,1.4257,0.98902,0.85329,1.1815,0.29966,0.35721,1.892,0.47623,0.32654,1.4043,2.1653,0.47083,0.94998,1.1724,0.69781,0.50505,0.90787,0.47834,0.4013,0.23938,0.49296,1.0654,0.16489,0.41075,0.2351,0.30576
1.04,0.22763,0.41508,0.21311,0.37528,0.54479,0.44013,1.0445,0.26356,0.97236,1.1098,1.0434,1.769,1.2203,1.3951,0.99414,0.83962,1.2592,0.29412,0.37037,1.9092,0.46766,0.31886,1.4517,2.0352,0.45171,0.94432,1.1286,0.70742,0.49253,0.85424,0.47809,0.39432,0.22888,0.50116,1.0692,0.16822,0.40283,0.22914,0.29834
1.05,0.22828,0.40862,0.21282,0.36805,0.52866,0.44516,1.0459,0.26339,0.95718,1.0924,1.0202,1.7547,1.1891,1.3626,0.99845,0.82638,1.3352,0.28485,0.3795,1.9225,0.45585,0.30962,1.5019,1.938,0.43278,0.93775,1.0867,0.71674,0.51212,0.8213,0.47238,0.38743,0.21717,0.50961,1.0716,0.17038,0.39425,0.22273,0.28978
1.06,0.22935,0.40118,0.21242,0.36188,0.5124,0.44577,1.0477,0.2627,0.94183,1.0679,0.99711,1.7401,1.22,1.3291,1.002,0.81423,1.4086,0.27255,0.3839,1.9255,0.44091,0.29917,1.5448,2.026,0.41405,0.93018,1.0463,0.72534,0.54158,0.83299,0.46096,0.38051,0.20443,0.51828,1.0726,0.17176,0.3849,0.21701,0.28002
1.07,0.22998,0.3928,0.21193,0.35684,0.49606,0.44215,1.0496,0.26861,0.92671,1.0367,0.97392,1.7251,1.2416,1.2995,1.0048,0.80233,1.4787,0.25797,0.38343,1.9156,0.42302,0.28986,1.5704,2.1222,0.39557,0.9216,1.0074,0.73345,0.57219,0.84386,0.44376,0.37326,0.20758,0.52661,1.0725,0.17265,0.37449,0.21242,0.26921
1.08,0.23032,0.3837,0.21133,0.35796,0.47966,0.43463,1.0514,0.28144,0.91306,0.99973,0.95064,1.7106,1.2982,1.2682,1.0069,0.79069,1.5453,0.24201,0.37853,1.8937,0.40237,0.28197,1.5743,2.2078,0.37816,0.91194,0.97036,0.74139,0.60083,0.85412,0.42155,0.36639,0.21459,0.53366,1.071,0.17313,0.37773,0.20865,0.25792
1.09,0.23078,0.37399,0.21067,0.36058,0.46321,0.42359,1.0527,0.29291,0.9002,0.95739,0.92995,1.6959,1.3517,1.2354,1.0087,0.7794,1.6076,0.22534,0.37006,1.8633,0.3794,0.27341,1.5583,2.2817,0.36919,0.90152,0.93456,0.74878,0.62604,0.86456,0.39498,0.35921,0.21967,0.53815,1.0684,0.17307,0.39649,0.20485,0.2472
1.1,0.23042,0.36456,0.20994,0.36281,0.44692,0.40957,1.0534,0.30272,0.88868,0.9109,0.91641,1.6803,1.3926,1.2035,1.0099,0.7686,1.6653,0.21272,0.35937,1.829,0.35462,0.26412,1.5298,2.3424,0.3571,0.89039,0.9005,0.75564,0.64683,0.87498,0.37957,0.35203,0.2225,0.53851,1.0644,0.1723,0.4135,0.19986,0.23768
1.11,0.22956,0.35973,0.20918,0.36462,0.43063,0.39329,1.0531,0.31078,0.87926,0.86078,0.90291,1.6646,1.421,1.1732,1.0105,0.75844,1.7185,0.20238,0.35412,1.7948,0.32802,0.25414,1.4958,2.3888,0.35874,0.87872,0.8677,0.76195,0.6634,0.88565,0.36348,0.3449,0.22369,0.53332,1.0596,0.17075,0.42824,0.19279,0.23007
1.12,0.2289,0.3517,0.20839,0.36607,0.41453,0.37532,1.052,0.31774,0.87093,0.82176,0.88909,1.649,1.4373,1.1417,1.0105,0.74897,1.7666,0.19508,0.35781,1.7631,0.30683,0.24365,1.4605,2.4194,0.3594,0.86673,0.83653,0.76742,0.67585,0.89555,0.34715,0.33749,0.22392,0.52158,1.0619,0.16864,0.44039,0.18326,0.22497
1.13,0.22738,0.34087,0.20759,0.36728,0.39857,0.35646,1.0499,0.32328,0.86434,0.81744,0.87545,1.6324,1.442,1.109,1.0099,0.74042,1.815,0.1961,0.36077,1.7372,0.30462,0.23297,1.4231,2.4336,0.35805,0.85469,0.80672,0.77205,0.68444,0.90419,0.3312,0.3304,0.22365,0.50285,1.0621,0.16641,0.44994,0.17474,0.22206
1.14,0.22501,0.32775,0.20678,0.36828,0.38277,0.3374,1.0465,0.32778,0.85872,0.81301,0.86151,1.6158,1.4359,1.0791,1.0087,0.73336,1.8714,0.19702,0.3631,1.7321,0.29895,0.22252,1.3804,2.432,0.35483,0.8427,0.77825,0.77584,0.68909,0.91131,0.31764,0.32305,0.22313,0.47755,1.0603,0.16468,0.45715,0.17579,0.2207
1.15,0.22344,0.31302,0.20598,0.3691,0.36719,0.31888,1.0418,0.33202,0.85327,0.80849,0.84774,1.5992,1.4199,1.0488,1.0071,0.73348,1.9218,0.19787,0.36495,1.728,0.29615,0.21279,1.3302,2.4162,0.35013,0.83093,0.75136,0.77896,0.69291,0.91696,0.30784,0.31579,0.22219,0.45532,1.0564,0.1641,0.46252,0.17744,0.22016
1.16,0.22293,0.30023,0.20518,0.36962,0.36244,0.30146,1.0358,0.33514,0.84795,0.80388,0.83378,1.5814,1.395,1.0178,1.0051,0.73692,1.9659,0.19862,0.36636,1.7216,0.30607,0.20433,1.273,2.3889,0.34427,0.8195,0.72584,0.78153,0.69749,0.92169,0.30276,0.30849,0.22082,0.42967,1.0508,0.16496,0.46641,0.17953,0.22021
1.17,0.22214,0.29038,0.20439,0.36962,0.37431,0.28581,1.0286,0.33675,0.84208,0.79916,0.81997,1.5645,1.3622,0.98759,1.0027,0.74094,2.0035,0.19927,0.36733,1.7107,0.31372,0.19751,1.2137,2.3537,0.33757,0.80852,0.70169,0.78359,0.69714,0.92542,0.30211,0.30113,0.21881,0.40164,1.0432,0.1674,0.46893,0.18174,0.22472
1.18,0.22155,0.28087,0.20361,0.37213,0.38456,0.27238,1.0198,0.33665,0.83484,0.79435,0.8061,1.5467,1.3224,0.95884,0.99996,0.74523,2.0349,0.19982,0.3688,1.6931,0.31901,0.19258,1.194,2.313,0.33037,0.79812,0.67893,0.78516,0.69267,0.92832,0.31079,0.29391,0.2167,0.38072,1.0338,0.17107,0.47,0.18373,0.22886
1.19,0.22051,0.27177,0.20283,0.37566,0.3933,0.2615,1.0098,0.33485,0.82584,0.78945,0.79233,1.5286,1.2771,0.92949,0.99688,0.74944,2.0609,0.20029,0.38633,1.6679,0.32192,0.18958,1.1705,2.269,0.32291,0.78829,0.65755,0.78621,0.68505,0.93067,0.3199,0.29366,0.21452,0.36448,1.0227,0.17552,0.46973,0.18504,0.23203
1.2,0.21903,0.26316,0.20204,0.37834,0.40064,0.25341,0.99842,0.33313,0.81475,0.78447,0.77864,1.5107,1.2278,0.90054,0.99347,0.75344,2.0804,0.20069,0.40413,1.6357,0.32253,0.18834,1.1437,2.2238,0.32119,0.77907,0.63756,0.78668,0.67531,0.93264,0.32748,0.29304,0.21262,0.34858,1.01,0.18023,0.46854,0.18538,0.23399
1.21,0.21752,0.25509,0.20124,0.37963,0.40669,0.24808,0.98561,0.33183,0.80698,0.7794,0.76502,1.4917,1.1818,0.8852,0.98975,0.75704,2.0937,0.201,0.42098,1.5976,0.3207,0.18854,1.1138,2.1771,0.32167,0.77044,0.61897,0.78656,0.66448,0.93425,0.33415,0.2903,0.21104,0.33393,0.99563,0.18479,0.46692,0.18523,0.23453
1.22,0.21599,0.24752,0.20043,0.37942,0.41155,0.24536,0.97162,0.32999,0.80433,0.77424,0.75157,1.4737,1.1341,0.87399,0.98572,0.76004,2.1013,0.20123,0.436,1.5556,0.31647,0.18985,1.0814,2.1293,0.32116,0.76246,0.60173,0.78584,0.65348,0.93543,0.3408,0.28543,0.20949,0.32107,0.97988,0.18892,0.46524,0.18601,0.23376
1.23,0.21406,0.24045,0.1996,0.37756,0.4153,0.245,0.95641,0.3276,0.79901,0.76899,0.73817,1.4546,1.0842,0.86379,0.98382,0.76238,2.1042,0.20137,0.44855,1.5118,0.30987,0.19194,1.0465,2.0791,0.31977,0.75521,0.58582,0.78467,0.64312,0.93603,0.34534,0.27894,0.2077,0.31023,0.9631,0.19269,0.46373,0.18834,0.23188
1.24,0.21176,0.23389,0.19876,0.37427,0.41802,0.24655,0.94,0.32476,0.79112,0.76366,0.72503,1.4359,1.0329,0.85154,0.98783,0.76424,2.1018,0.20143,0.45829,1.4678,0.30115,0.19463,1.0095,2.0261,0.31768,0.74858,0.57123,0.78318,0.634,0.93589,0.34742,0.27606,0.20512,0.30119,0.94573,0.19638,0.46261,0.19237,0.22916
1.25,0.20952,0.22783,0.19789,0.36953,0.41981,0.24956,0.92285,0.32148,0.78113,0.75828,0.71193,1.4168,0.98133,0.8409,0.99127,0.76508,2.0944,0.20141,0.46494,1.4451,0.29077,0.1978,0.97077,1.9695,0.31506,0.7426,0.55792,0.78113,0.62714,0.93495,0.34782,0.27274,0.20139,0.29356,0.94115,0.20077,0.46218,0.19381,0.2259
1.26,0.20723,0.22225,0.19701,0.3636,0.42076,0.25356,0.90477,0.31785,0.76862,0.75282,0.69914,1.3975,0.93044,0.84589,0.99377,0.76513,2.083,0.20131,0.46854,1.4299,0.27939,0.20142,0.93047,1.9095,0.31203,0.73734,0.54586,0.77853,0.62227,0.93326,0.35678,0.26774,0.1959,0.28682,0.95022,0.20636,0.46249,0.19287,0.22242
1.27,0.20462,0.21715,0.19613,0.35679,0.42094,0.25808,0.88616,0.31393,0.7538,0.74727,0.68642,1.3783,0.88622,0.87195,0.99528,0.76455,2.0679,0.20112,0.46917,1.4166,0.27161,0.20557,0.8889,1.8464,0.30873,0.73266,0.53498,0.77547,0.61975,0.93102,0.36409,0.2613,0.18836,0.28189,0.95405,0.21255,0.46318,0.18979,0.21901
1.28,0.20171,0.21249,0.19526,0.3493,0.42042,0.26267,0.86695,0.3098,0.73761,0.74164,0.67401,1.3586,0.87611,0.8935,0.99584,0.76279,2.0488,0.20085,0.46697,1.4052,0.27929,0.21027,0.84632,1.7885,0.30522,0.72858,0.52525,0.77229,0.61942,0.92847,0.3705,0.25363,0.17851,0.29513,0.95297,0.21872,0.46424,0.18481,0.21578
1.29,0.1989,0.20828,0.19438,0.34108,0.41926,0.26704,0.84735,0.3055,0.71984,0.73595,0.66172,1.3395,0.86594,0.91208,0.9955,0.76082,2.0261,0.20049,0.46216,1.3949,0.28431,0.21556,0.83905,1.7671,0.3016,0.72507,0.51734,0.76865,0.62076,0.92538,0.37669,0.24482,0.1759,0.30738,0.94704,0.22401,0.46562,0.17828,0.21292
1.3,0.19609,0.20446,0.19351,0.33325,0.41749,0.27083,0.82734,0.30108,0.70093,0.7302,0.64971,1.3195,0.85568,0.92574,0.9945,0.75758,2.0007,0.20005,0.45503,1.3846,0.28717,0.2214,0.84844,1.7436,0.29787,0.72202,0.51208,0.76462,0.62376,0.92181,0.38307,0.23503,0.18309,0.31843,0.93629,0.22769,0.46721,0.17425,0.21053
1.31,0.19305,0.201,0.19265,0.3294,0.41512,0.27381,0.8069,0.29664,0.68177,0.7244,0.63789,1.3004,0.84547,0.93758,0.99283,0.75413,1.973,0.19952,0.44587,1.3733,0.28838,0.22771,0.85348,1.718,0.29401,0.71948,0.50684,0.76031,0.6275,0.91781,0.38944,0.22444,0.18741,0.32828,0.92161,0.2293,0.46917,0.1719,0.20869
1.32,0.18979,0.19789,0.19184,0.32525,0.41216,0.2758,0.8172,0.29215,0.66221,0.71858,0.6263,1.2806,0.83525,0.94419,0.99037,0.74963,1.9428,0.19893,0.43473,1.3596,0.28806,0.23434,0.85225,1.6911,0.29001,0.71734,0.50172,0.75599,0.63152,0.91342,0.39532,0.21321,0.18908,0.33704,0.90346,0.22853,0.47133,0.16878,0.20739
1.33,0.18675,0.1951,0.19105,0.32077,0.4086,0.27666,0.83066,0.2877,0.6433,0.71276,0.61495,1.2613,0.82494,0.95012,0.98718,0.74484,1.9106,0.19826,0.42172,1.3422,0.28666,0.24106,0.84492,1.6633,0.28586,0.71554,0.49657,0.75153,0.63537,0.90883,0.39976,0.20164,0.18858,0.34481,0.8823,0.23248,0.47369,0.16561,0.20657
1.34,0.18366,0.19259,0.19029,0.31596,0.40449,0.27631,0.84162,0.28327,0.62506,0.70692,0.60381,1.2418,0.81467,0.95095,0.98331,0.73926,1.8766,0.19751,0.40708,1.321,0.28515,0.24759,0.8332,1.6347,0.28148,0.71415,0.49141,0.74695,0.63863,0.90407,0.40191,0.19509,0.18604,0.35157,0.85843,0.23559,0.4761,0.16302,0.20611
1.35,0.1804,0.19035,0.18958,0.31086,0.39988,0.27476,0.8505,0.27894,0.60782,0.70106,0.59294,1.2224,0.80441,0.95107,0.97881,0.73333,1.8419,0.1967,0.391,1.295,0.28315,0.25372,0.81931,1.6053,0.27692,0.71304,0.48623,0.74225,0.64092,0.89906,0.40103,0.19261,0.18167,0.35724,0.83681,0.23744,0.47844,0.16053,0.20588
1.36,0.17717,0.18834,0.18892,0.30542,0.39483,0.27191,0.8572,0.27467,0.59249,0.69521,0.58226,1.2032,0.79405,0.94739,0.97392,0.72689,1.8062,0.19582,0.3738,1.2649,0.28053,0.25914,0.80506,1.5751,0.27208,0.71217,0.48183,0.7374,0.64195,0.89386,0.39657,0.19011,0.17591,0.36185,0.81639,0.23814,0.48057,0.15832,0.20578
1.37,0.17411,0.18796,0.18833,0.29971,0.3894,0.26789,0.86208,0.27052,0.57884,0.68936,0.57187,1.1837,0.78378,0.94195,0.96842,0.72,1.7697,0.19488,0.35584,1.2306,0.27751,0.26363,0.79126,1.5438,0.26699,0.71155,0.47975,0.73241,0.64147,0.88852,0.40772,0.18761,0.16918,0.36535,0.79401,0.23773,0.48256,0.15643,0.20547
1.38,0.17093,0.18814,0.18779,0.29365,0.38365,0.26265,0.8652,0.26645,0.56714,0.68355,0.56165,1.1649,0.77347,0.93461,0.96231,0.71298,1.7327,0.19388,0.33749,1.1934,0.27428,0.26703,0.77776,1.5114,0.2617,0.71113,0.47819,0.72749,0.63931,0.8831,0.41967,0.18516,0.16758,0.36792,0.77027,0.2362,0.48455,0.15469,0.20478
1.39,0.16774,0.18834,0.18731,0.28732,0.3776,0.25631,0.86664,0.26248,0.55753,0.67777,0.55174,1.1457,0.76308,0.92476,0.95562,0.70547,1.6953,0.19282,0.31904,1.1539,0.27087,0.26915,0.76375,1.4783,0.25629,0.71082,0.47709,0.72253,0.63538,0.87761,0.42923,0.18279,0.16874,0.36969,0.74567,0.23367,0.48608,0.15297,0.20363
1.4,0.16478,0.18858,0.18691,0.28064,0.37134,0.24894,0.8667,0.2586,0.55003,0.67203,0.54198,1.1269,0.75283,0.91453,0.9484,0.69795,1.6579,0.19171,0.3008,1.1303,0.26738,0.26991,0.76137,1.4452,0.25098,0.71059,0.4764,0.71757,0.62979,0.87205,0.43638,0.18041,0.16986,0.37092,0.7206,0.23029,0.48707,0.15124,0.20258
1.41,0.16173,0.18888,0.18657,0.27364,0.3649,0.24059,0.86528,0.25478,0.54461,0.66636,0.53252,1.1083,0.74248,0.9018,0.9407,0.69036,1.6205,0.19054,0.29059,1.1087,0.26408,0.26927,0.77078,1.4363,0.2462,0.71039,0.47606,0.7127,0.62239,0.86645,0.4411,0.17803,0.17071,0.37175,0.69546,0.22626,0.48759,0.14952,0.2013
1.42,0.15868,0.18928,0.18631,0.26633,0.3583,0.23139,0.86253,0.25104,0.54124,0.66075,0.52321,1.0896,0.73217,0.88936,0.93255,0.68274,1.5833,0.18932,0.28443,1.0855,0.261,0.26725,0.7758,1.4369,0.24388,0.71017,0.47602,0.70799,0.61319,0.86091,0.4434,0.17565,0.17129,0.37221,0.67061,0.22176,0.48771,0.1478,0.19959
1.43,0.15586,0.18973,0.18612,0.25868,0.35163,0.22146,0.85869,0.24733,0.53956,0.65521,0.51418,1.0715,0.72191,0.87519,0.92399,0.67525,1.5464,0.18852,0.27794,1.0621,0.25776,0.26388,0.77621,1.4344,0.25143,0.7099,0.47623,0.70338,0.60233,0.85554,0.44347,0.17327,0.17132,0.37222,0.64654,0.21696,0.48756,0.14601,0.1973
1.44,0.15297,0.19025,0.18598,0.2507,0.34489,0.2179,0.8537,0.24364,0.53928,0.64974,0.50532,1.0531,0.7116,0.86112,0.91508,0.66795,1.51,0.19373,0.27121,1.0392,0.2541,0.25926,0.77225,1.4305,0.25974,0.70954,0.47665,0.69874,0.59001,0.85037,0.44119,0.17091,0.17085,0.37159,0.62344,0.212,0.48729,0.14412,0.19479
1.45,0.15004,0.19083,0.18588,0.24665,0.33814,0.2148,0.84767,0.23997,0.54009,0.64434,0.4967,1.0352,0.70141,0.84644,0.90586,0.66076,1.4749,0.19845,0.26436,1.0176,0.25356,0.25349,0.76432,1.4261,0.26817,0.70904,0.47723,0.69391,0.57651,0.84531,0.43689,0.16865,0.16985,0.37009,0.60151,0.20703,0.48698,0.14208,0.19201
1.46,0.14736,0.19323,0.18582,0.24793,0.33145,0.21074,0.84077,0.23626,0.54163,0.63901,0.48827,1.0176,0.69126,0.83121,0.89638,0.65351,1.4405,0.20269,0.25744,0.9981,0.25821,0.24668,0.75337,1.4224,0.27498,0.70835,0.47792,0.69694,0.56209,0.84024,0.4305,0.16638,0.16834,0.36739,0.58093,0.20211,0.48665,0.13989,0.18914
1.47,0.14466,0.19632,0.18577,0.24916,0.32484,0.20581,0.83303,0.23253,0.54399,0.63375,0.48002,1.0068,0.68117,0.81807,0.88681,0.64636,1.407,0.20647,0.25058,0.98105,0.26175,0.23899,0.74065,1.4199,0.28011,0.70746,0.4787,0.70362,0.54727,0.83508,0.42407,0.1641,0.1664,0.36324,0.56184,0.19733,0.48631,0.13752,0.18636
1.48,0.14193,0.1995,0.18574,0.2504,0.31835,0.20007,0.82447,0.22875,0.5464,0.62857,0.472,0.99638,0.67118,0.8138,0.87706,0.64614,1.3751,0.20981,0.24378,0.96654,0.2642,0.23998,0.72797,1.4187,0.2835,0.70636,0.47953,0.70997,0.53236,0.83582,0.42298,0.16183,0.16413,0.35731,0.54428,0.1927,0.48592,0.13499,0.18363
1.49,0.13955,0.20272,0.18572,0.25156,0.31204,0.19357,0.81514,0.22489,0.54869,0.62346,0.46412,0.98612,0.66273,0.80612,0.86715,0.64873,1.3446,0.21275,0.23712,0.95479,0.26567,0.24773,0.71717,1.4226,0.28509,0.70501,0.48037,0.71612,0.51769,0.84333,0.42083,0.15956,0.16162,0.34952,0.53374,0.18825,0.48555,0.13225,0.18108
1.5,0.13838,0.20599,0.18571,0.2527,0.30593,0.18636,0.80737,0.22096,0.55082,0.61842,0.45648,0.97578,0.66178,0.79856,0.85713,0.65103,1.3153,0.21529,0.23065,0.9454,0.2662,0.2535,0.70998,1.4416,0.28653,0.7034,0.4812,0.72189,0.5039,0.85093,0.41784,0.15728,0.15902,0.33978,0.52498,0.184,0.48509,0.12933,0.17876
1.51,0.13697,0.20926,0.18571,0.25377,0.30006,0.17869,0.82383,0.21693,0.55223,0.61348,0.44899,0.96535,0.65854,0.78769,0.84702,0.65298,1.2881,0.21743,0.22459,0.93798,0.26582,0.25748,0.70761,1.4613,0.28928,0.70153,0.482,0.72729,0.49137,0.85833,0.4142,0.15506,0.15641,0.32824,0.51715,0.17991,0.48451,0.12626,0.17656
1.52,0.13535,0.21245,0.18571,0.25478,0.29451,0.1783,0.83838,0.21277,0.55309,0.60862,0.44166,0.95546,0.65299,0.77707,0.83688,0.65455,1.2623,0.21912,0.2239,0.9323,0.26461,0.25993,0.7101,1.4805,0.2915,0.69939,0.48281,0.7323,0.48052,0.86588,0.40999,0.15288,0.15384,0.31496,0.51026,0.17598,0.48367,0.12308,0.17452
1.53,0.13354,0.21561,0.1857,0.25572,0.28926,0.1778,0.85104,0.20852,0.55298,0.60385,0.43454,0.94549,0.64538,0.76393,0.82673,0.65676,1.2384,0.22036,0.22319,0.92764,0.26271,0.26101,0.71657,1.4988,0.29319,0.697,0.48355,0.73706,0.47179,0.8737,0.40817,0.15069,0.15136,0.30018,0.50422,0.1722,0.48258,0.121,0.17265
1.54,0.13188,0.2186,0.18569,0.25654,0.28439,0.17717,0.86178,0.20414,0.55178,0.59916,0.42755,0.93544,0.63582,0.75032,0.81664,0.66719,1.2161,0.22115,0.22248,0.92357,0.26024,0.26075,0.72521,1.515,0.29439,0.69436,0.48419,0.74166,0.46554,0.88168,0.40886,0.1485,0.14903,0.28416,0.49901,0.16855,0.48111,0.11889,0.17079
1.55,0.1334,0.22146,0.18566,0.25732,0.27993,0.17644,0.8706,0.1996,0.54971,0.59455,0.42072,0.92559,0.6246,0.73543,0.80661,0.67684,1.1957,0.22151,0.22178,0.91965,0.25734,0.25916,0.73367,1.529,0.29514,0.69151,0.48473,0.74605,0.46202,0.88965,0.40742,0.14631,0.14684,0.26723,0.4946,0.16503,0.47923,0.11677,0.16895
1.56,0.13426,0.22407,0.1856,0.25797,0.27591,0.17561,0.87753,0.19496,0.54637,0.59002,0.41407,0.91597,0.6119,0.71929,0.7968,0.68538,1.1768,0.22152,0.22106,0.91542,0.25416,0.25635,0.73975,1.54,0.2955,0.68847,0.48519,0.75034,0.46138,0.89726,0.40444,0.14411,0.14489,0.24978,0.49094,0.16163,0.47688,0.11467,0.16748
1.57,0.13427,0.22646,0.18553,0.2585,0.27236,0.17466,0.88256,0.19018,0.54178,0.58558,0.40755,0.90628,0.59784,0.7031,0.78714,0.69312,1.1599,0.22125,0.22032,0.91051,0.25084,0.25633,0.74156,1.5482,0.29551,0.68526,0.48556,0.75447,0.46379,0.90457,0.40061,0.14192,0.14308,0.24593,0.48795,0.15837,0.47402,0.11262,0.16687
1.58,0.1339,0.22851,0.18544,0.25895,0.26931,0.1736,0.8857,0.18528,0.53611,0.58121,0.40116,0.89653,0.58259,0.68496,0.7776,0.69973,1.1444,0.22075,0.2196,0.9048,0.2476,0.25516,0.73806,1.5536,0.29522,0.68187,0.4858,0.75826,0.46909,0.91135,0.39663,0.13975,0.14145,0.25134,0.48555,0.15525,0.47056,0.11065,0.16637
1.59,0.13262,0.23028,0.18531,0.25927,0.26678,0.17597,0.88698,0.18029,0.52933,0.5769,0.39495,0.88718,0.57084,0.6678,0.76819,0.70544,1.1308,0.22002,0.21885,0.89795,0.2446,0.25288,0.72886,1.5566,0.29465,0.67836,0.48589,0.76177,0.47706,0.91755,0.3931,0.13763,0.13996,0.25623,0.48364,0.15232,0.46648,0.10876,0.16593
1.6,0.13096,0.23163,0.18515,0.25944,0.26478,0.17883,0.88645,0.17526,0.52138,0.57266,0.38885,0.87783,0.56257,0.65385,0.75892,0.7099,1.1186,0.21903,0.2181,0.88989,0.24209,0.24972,0.71435,1.5576,0.29383,0.67473,0.48591,0.76504,0.48745,0.92313,0.39052,0.13656,0.13858,0.26059,0.4821,0.14959,0.46175,0.10696,0.16552
1.61,0.12872,0.2326,0.18497,0.25951,0.26333,0.18145,0.88416,0.17025,0.51234,0.56847,0.38286,0.86842,0.55446,0.64792,0.74979,0.71339,1.1077,0.21779,0.21734,0.88076,0.24024,0.24999,0.6955,1.557,0.2928,0.67102,0.48578,0.76806,0.49994,0.92807,0.38919,0.13812,0.13727,0.26438,0.48084,0.1471,0.45636,0.10525,0.16514
1.62,0.1265,0.23313,0.18477,0.25946,0.26244,0.18382,0.88021,0.1653,0.50229,0.56434,0.37705,0.85906,0.5465,0.64215,0.7438,0.71581,1.0984,0.21631,0.21658,0.87045,0.23924,0.24971,0.67358,1.5553,0.29156,0.66727,0.4855,0.77083,0.51415,0.93234,0.38928,0.13914,0.136,0.26762,0.47983,0.14488,0.45037,0.10362,0.16482
1.63,0.12464,0.23318,0.18453,0.25926,0.26208,0.18593,0.87467,0.16043,0.49132,0.56027,0.37134,0.85003,0.53875,0.63644,0.74159,0.71706,1.101,0.21464,0.21583,0.85903,0.23919,0.24748,0.65,1.553,0.29014,0.66346,0.48513,0.77332,0.52968,0.93602,0.39079,0.13968,0.13474,0.27029,0.47894,0.14296,0.44376,0.10203,0.16457
1.64,0.12304,0.23274,0.18427,0.25894,0.26226,0.18779,0.86763,0.15561,0.47951,0.55624,0.37074,0.84095,0.53125,0.63015,0.73885,0.71745,1.1139,0.21278,0.21507,0.84664,0.24017,0.24354,0.62936,1.5502,0.28856,0.65961,0.48461,0.77551,0.5461,0.93917,0.39359,0.13969,0.13349,0.27242,0.47816,0.14136,0.43658,0.10046,0.16424
1.65,0.12148,0.2318,0.18399,0.25848,0.26296,0.18941,0.85918,0.15077,0.47659,0.55226,0.37815,0.83182,0.52407,0.62362,0.73562,0.71693,1.1263,0.21081,0.21433,0.83354,0.24216,0.23823,0.63661,1.5472,0.28682,0.65574,0.48393,0.77738,0.56328,0.94172,0.3975,0.13911,0.13221,0.27406,0.47741,0.14009,0.42888,0.098911,0.16376
1.66,0.11959,0.23036,0.18369,0.25791,0.26414,0.19078,0.8495,0.14588,0.47287,0.54833,0.38434,0.82283,0.51721,0.61764,0.73194,0.71541,1.138,0.20877,0.2136,0.81978,0.24512,0.23169,0.64249,1.5439,0.28494,0.65186,0.48318,0.77894,0.58055,0.94371,0.40228,0.13808,0.13091,0.27531,0.4767,0.13918,0.42073,0.097362,0.16533
1.67,0.11723,0.22839,0.18337,0.25722,0.26577,0.19191,0.83862,0.14094,0.46841,0.54445,0.38922,0.81406,0.51064,0.61119,0.72785,0.71322,1.149,0.20665,0.21289,0.80549,0.24889,0.22414,0.64699,1.5403,0.28294,0.64798,0.48526,0.78017,0.59798,0.94518,0.40774,0.13652,0.12959,0.27629,0.47599,0.1386,0.41221,0.099304,0.172
1.68,0.11458,0.22589,0.18303,0.25643,0.26784,0.19283,0.82656,0.14135,0.4631,0.54063,0.39271,0.80525,0.50427,0.6043,0.72342,0.71021,1.1593,0.20446,0.21222,0.79086,0.25333,0.22062,0.65014,1.5362,0.28084,0.64411,0.49151,0.78111,0.61504,0.94617,0.41379,0.13447,0.12826,0.277,0.47527,0.13835,0.40339,0.10112,0.17818
1.69,0.11154,0.22287,0.18268,0.25555,0.27028,0.19352,0.81346,0.14609,0.45694,0.53686,0.39477,0.7964,0.49814,0.59723,0.71872,0.70633,1.1689,0.20215,0.21266,0.77611,0.25824,0.21829,0.65192,1.5315,0.27866,0.64025,0.49687,0.78174,0.63153,0.94671,0.42024,0.13199,0.12805,0.27732,0.48219,0.13841,0.39435,0.10297,0.18359
1.7,0.11073,0.21939,0.18231,0.25458,0.27308,0.19399,0.7992,0.15048,0.45003,0.53314,0.39542,0.78772,0.49219,0.59076,0.71371,0.7018,1.178,0.19973,0.21419,0.76126,0.26341,0.21605,0.65236,1.5257,0.27641,0.63642,0.5013,0.78207,0.64728,0.94679,0.42702,0.12916,0.13109,0.27719,0.49033,0.13874,0.38518,0.10555,0.18804
1.71,0.10987,0.21699,0.18195,0.25356,0.27618,0.19425,0.78384,0.15441,0.44252,0.52949,0.3948,0.77921,0.48647,0.58394,0.71785,0.69658,1.1862,0.19718,0.21572,0.74645,0.26867,0.21373,0.65154,1.5187,0.27414,0.6326,0.5048,0.78207,0.66224,0.94644,0.43411,0.12604,0.13408,0.27653,0.4987,0.13932,0.37596,0.10901,0.19141
1.72,0.10883,0.21818,0.18157,0.25253,0.27955,0.1943,0.76777,0.15783,0.43425,0.52591,0.39299,0.77066,0.48099,0.57682,0.72663,0.69059,1.1971,0.19451,0.21724,0.73183,0.27381,0.21117,0.64952,1.5102,0.27181,0.6288,0.5074,0.78179,0.67615,0.94582,0.4415,0.12279,0.13685,0.27537,0.50706,0.14009,0.36677,0.11213,0.19364
1.73,0.10769,0.21921,0.18118,0.25152,0.28316,0.19417,0.75166,0.16067,0.42549,0.52243,0.39015,0.76209,0.47576,0.56942,0.73458,0.68389,1.2074,0.19502,0.21877,0.71735,0.27869,0.20825,0.64643,1.4999,0.26949,0.62501,0.50917,0.7813,0.68888,0.94479,0.44906,0.11946,0.13928,0.27371,0.51526,0.14101,0.35767,0.11491,0.19467
1.74,0.10622,0.22249,0.1808,0.25065,0.28696,0.19384,0.73619,0.1629,0.4162,0.51902,0.3878,0.7537,0.47091,0.56205,0.74181,0.67672,1.2172,0.19549,0.22031,0.70323,0.28318,0.20487,0.64236,1.4878,0.26716,0.62124,0.51004,0.78048,0.70034,0.94336,0.45687,0.11598,0.14308,0.27161,0.52314,0.14201,0.34874,0.11744,0.19451
1.75,0.10456,0.22608,0.18041,0.25003,0.29094,0.19332,0.72206,0.16449,0.40642,0.51569,0.38759,0.74545,0.4667,0.55516,0.74823,0.66895,1.2262,0.19553,0.22187,0.68935,0.28716,0.20103,0.6375,1.4739,0.26483,0.61749,0.51015,0.77931,0.71046,0.94158,0.46473,0.11234,0.14677,0.26909,0.53051,0.14304,0.34003,0.11965,0.1932
1.76,0.10288,0.22945,0.18002,0.24979,0.29505,0.19265,0.70942,0.16543,0.39638,0.5125,0.38616,0.73718,0.4632,0.54806,0.75384,0.6606,1.2346,0.19512,0.22345,0.67585,0.29053,0.19699,0.63196,1.4581,0.26249,0.61375,0.50939,0.7778,0.71919,0.93951,0.47265,0.10849,0.14975,0.26617,0.53723,0.14406,0.3316,0.1215,0.19083
1.77,0.10094,0.23259,0.17963,0.24981,0.29927,0.19181,0.69732,0.16573,0.38593,0.50941,0.38356,0.72889,0.46362,0.54076,0.75884,0.65168,1.2422,0.1943,0.22504,0.66266,0.2932,0.19534,0.62595,1.4406,0.26017,0.61003,0.50786,0.77619,0.72812,0.9372,0.4805,0.10981,0.15197,0.26287,0.54319,0.145,0.32348,0.12292,0.18755
1.78,0.099952,0.2355,0.17925,0.2498,0.30356,0.19079,0.68555,0.16539,0.37536,0.50647,0.37984,0.72077,0.47147,0.53331,0.76299,0.64238,1.2489,0.19312,0.22663,0.64986,0.29511,0.19305,0.61963,1.4377,0.25785,0.60633,0.50551,0.77429,0.73873,0.93469,0.48813,0.11413,0.15334,0.25921,0.54832,0.14583,0.31574,0.12392,0.18353
1.79,0.09916,0.23819,0.17887,0.24972,0.30793,0.18965,0.67426,0.16445,0.36457,0.5037,0.37505,0.71278,0.48018,0.52572,0.76634,0.63267,1.2549,0.19159,0.22819,0.63736,0.29627,0.19005,0.6132,1.4365,0.25556,0.60264,0.50244,0.77657,0.74805,0.932,0.49552,0.11763,0.15379,0.2552,0.55249,0.1465,0.30893,0.12454,0.17894
1.8,0.09838,0.24065,0.1785,0.24955,0.31231,0.18835,0.66834,0.16292,0.35369,0.50113,0.36924,0.70478,0.48912,0.51836,0.76886,0.62364,1.2599,0.18973,0.22973,0.62524,0.29664,0.18635,0.60687,1.4339,0.25327,0.59896,0.49862,0.78493,0.75606,0.92917,0.50257,0.1202,0.15328,0.25085,0.55571,0.14697,0.30329,0.12492,0.17395
1.81,0.097522,0.2429,0.17812,0.24933,0.31673,0.18692,0.66855,0.16087,0.34286,0.4988,0.36247,0.69677,0.49818,0.51133,0.77065,0.61671,1.264,0.18759,0.23123,0.61339,0.29608,0.18198,0.62414,1.4302,0.25098,0.59529,0.49419,0.7932,0.76278,0.92685,0.50919,0.12185,0.15177,0.24614,0.55795,0.14724,0.29786,0.12553,0.16867
1.82,0.09659,0.24492,0.17776,0.24902,0.32115,0.18537,0.66859,0.15831,0.33199,0.49671,0.35481,0.68896,0.50736,0.50419,0.77152,0.60957,1.2672,0.1852,0.23266,0.60193,0.29443,0.17703,0.64825,1.4254,0.24866,0.59271,0.48907,0.80118,0.76825,0.94154,0.51532,0.12256,0.1493,0.24114,0.55934,0.14728,0.29264,0.12634,0.16323
1.83,0.095592,0.24673,0.17741,0.24865,0.32555,0.18368,0.66846,0.15532,0.32122,0.49481,0.3463,0.68124,0.51667,0.49697,0.77174,0.60227,1.2693,0.18262,0.23401,0.59071,0.29241,0.17161,0.6709,1.4194,0.2463,0.59094,0.48332,0.80905,0.77252,0.95609,0.52098,0.12244,0.14585,0.23583,0.55993,0.14707,0.28771,0.12711,0.15775
1.84,0.094531,0.2483,0.17706,0.24822,0.32992,0.18192,0.66817,0.15678,0.31073,0.49306,0.33703,0.67351,0.52601,0.48968,0.77119,0.59481,1.2706,0.17993,0.23526,0.57981,0.2908,0.16586,0.69193,1.4125,0.24391,0.58915,0.47698,0.81668,0.77563,0.97016,0.52623,0.12157,0.1415,0.23394,0.56487,0.14662,0.28304,0.12763,0.1523
1.85,0.093489,0.24963,0.17673,0.24772,0.33427,0.18002,0.66771,0.15775,0.30044,0.49143,0.32713,0.66579,0.53525,0.48234,0.76983,0.58723,1.271,0.17726,0.23641,0.56916,0.28877,0.15993,0.71116,1.4047,0.24152,0.58735,0.47005,0.82394,0.77764,0.98371,0.5311,0.12005,0.14155,0.23288,0.56907,0.14593,0.27871,0.12777,0.147
1.86,0.092471,0.25073,0.17641,0.24717,0.33856,0.17804,0.66706,0.15821,0.29041,0.4899,0.31676,0.65831,0.54429,0.47497,0.76771,0.57955,1.2703,0.17482,0.23744,0.55876,0.2867,0.15395,0.72849,1.396,0.23912,0.58553,0.46258,0.8308,0.77858,0.99661,0.53564,0.11797,0.14253,0.23155,0.5725,0.14502,0.27471,0.12748,0.14192
1.87,0.091398,0.25159,0.17612,0.24654,0.3428,0.17597,0.66623,0.15818,0.28073,0.48847,0.30638,0.65086,0.55311,0.46787,0.76498,0.57177,1.2686,0.17302,0.23835,0.54862,0.28449,0.15312,0.74382,1.3865,0.23676,0.58369,0.45464,0.83723,0.7785,1.0088,0.53993,0.1155,0.14296,0.22999,0.57512,0.14391,0.27104,0.12676,0.14118
1.88,0.090275,0.25223,0.17584,0.24585,0.34697,0.17381,0.66521,0.15769,0.27144,0.4871,0.2964,0.64341,0.56164,0.46105,0.76163,0.56392,1.2659,0.17164,0.23915,0.53867,0.28135,0.15367,0.75711,1.3762,0.23443,0.58182,0.44624,0.84315,0.77743,1.0202,0.54408,0.11267,0.14292,0.2282,0.57686,0.14261,0.26775,0.12565,0.14076
1.89,0.089105,0.25267,0.17559,0.24513,0.35107,0.17158,0.66407,0.15678,0.2626,0.48581,0.28633,0.63603,0.56994,0.4542,0.75766,0.556,1.2621,0.17021,0.23983,0.529,0.27715,0.15411,0.76834,1.3651,0.23219,0.57993,0.43856,0.84859,0.77545,1.031,0.54829,0.10965,0.14255,0.22619,0.57781,0.14114,0.26481,0.12416,0.14031
1.9,0.087928,0.25291,0.17534,0.24437,0.35508,0.16927,0.66275,0.15548,0.25424,0.48457,0.27598,0.62885,0.57795,0.44734,0.7531,0.54802,1.2574,0.16861,0.2404,0.51947,0.27196,0.15445,0.77753,1.3532,0.23004,0.57802,0.43703,0.85355,0.77262,1.044,0.55263,0.10649,0.14208,0.22397,0.57801,0.13953,0.26222,0.12235,0.13982
1.91,0.086809,0.25294,0.17511,0.24357,0.35899,0.16691,0.66127,0.15383,0.24639,0.4834,0.26527,0.62167,0.58569,0.44047,0.748,0.53999,1.2517,0.16683,0.24086,0.51016,0.26589,0.15468,0.78473,1.3405,0.22799,0.57608,0.43532,0.86279,0.76901,1.0621,0.55717,0.10331,0.14136,0.22152,0.57753,0.13781,0.26001,0.12023,0.14229
1.92,0.08565,0.25279,0.17489,0.24274,0.36281,0.16449,0.65964,0.1519,0.23909,0.48225,0.26086,0.61449,0.59317,0.4336,0.74243,0.53192,1.2449,0.16485,0.24122,0.50101,0.25905,0.15482,0.79004,1.3271,0.22609,0.57412,0.43343,0.87521,0.76469,1.0791,0.5621,0.1002,0.14022,0.21885,0.58111,0.136,0.25817,0.11786,0.14448
1.93,0.084455,0.25245,0.17468,0.24186,0.36653,0.16201,0.65786,0.14974,0.23235,0.48115,0.25824,0.60749,0.60035,0.42675,0.7364,0.52381,1.237,0.16271,0.24146,0.492,0.25151,0.15486,0.79356,1.313,0.22433,0.57215,0.4314,0.88708,0.75977,1.0951,0.56753,0.097793,0.13861,0.21595,0.58928,0.13411,0.25667,0.1153,0.14624
1.94,0.083316,0.25192,0.17447,0.24092,0.37013,0.16153,0.65597,0.14741,0.22619,0.48006,0.25524,0.60057,0.60729,0.41991,0.72997,0.51566,1.2282,0.16039,0.2416,0.48315,0.24337,0.15481,0.79546,1.2981,0.22277,0.57017,0.42924,0.89829,0.75423,1.1101,0.57345,0.098195,0.13655,0.21282,0.597,0.13221,0.25551,0.11259,0.14762
1.95,0.082188,0.25122,0.17426,0.23995,0.37362,0.16212,0.65395,0.145,0.22061,0.47898,0.25186,0.59366,0.61396,0.41322,0.72318,0.50747,1.2185,0.15793,0.24163,0.47437,0.23473,0.15468,0.79577,1.2826,0.22139,0.56818,0.42702,0.90885,0.74812,1.1243,0.58007,0.098369,0.13408,0.20945,0.60422,0.1305,0.25468,0.10979,0.14862
1.96,0.081128,0.25033,0.17405,0.23893,0.37699,0.16368,0.65178,0.14258,0.2156,0.47789,0.24965,0.58678,0.62034,0.40688,0.71607,0.50011,1.2081,0.15534,0.24158,0.46574,0.22573,0.15448,0.79459,1.2665,0.22022,0.5662,0.42479,0.91875,0.74146,1.1375,0.58736,0.098375,0.13123,0.20583,0.61094,0.12955,0.25418,0.10694,0.14923
1.97,0.080093,0.24925,0.17385,0.23785,0.38023,0.16631,0.64949,0.14024,0.21117,0.47679,0.24937,0.5801,0.62649,0.40056,0.70865,0.49353,1.1967,0.15264,0.24143,0.45713,0.22471,0.15421,0.79205,1.2498,0.21927,0.56422,0.42264,0.92815,0.7343,1.15,0.59531,0.098228,0.12801,0.20198,0.61722,0.12832,0.25396,0.10408,0.14943
1.98,0.079078,0.24799,0.17364,0.23673,0.38334,0.16854,0.64705,0.13808,0.2073,0.47568,0.24903,0.57344,0.63237,0.39426,0.70094,0.48708,1.1844,0.14986,0.24118,0.44863,0.2272,0.15387,0.78823,1.2326,0.21855,0.56225,0.42066,0.93691,0.72667,1.1617,0.6041,0.097934,0.12447,0.1979,0.62307,0.12684,0.254,0.10222,0.14921
1.99,0.078032,0.24658,0.17344,0.23557,0.38633,0.1704,0.64452,0.13616,0.20404,0.47455,0.2485,0.56679,0.63796,0.38798,0.69301,0.48054,1.1712,0.14702,0.24079,0.4401,0.2291,0.15348,0.78327,1.2149,0.21805,0.56029,0.41892,0.94506,0.71859,1.1726,0.61357,0.097517,0.12069,0.19362,0.62852,0.12516,0.25458,0.10027,0.14853
2,0.076958,0.245,0.17324,0.23943,0.38918,0.17186,0.64189,0.13458,0.20134,0.47637,0.24778,0.56025,0.64327,0.38172,0.68488,0.47405,1.1574,0.14414,0.24025,0.43482,0.2304,0.15304,0.77727,1.1969,0.21779,0.55835,0.41741,0.9526,0.71014,1.1828,0.62369,0.096948,0.11666,0.18916,0.63358,0.12332,0.25575,0.098276,0.14738
2.01,0.075861,0.24326,0.17305,0.24408,0.39189,0.17292,0.63914,0.1334,0.19914,0.47804,0.24683,0.55383,0.6483,0.3755,0.67659,0.4676,1.1429,0.14124,0.23953,0.43399,0.23113,0.15258,0.77034,1.1784,0.21774,0.55641,0.41606,0.95955,0.70138,1.1923,0.63453,0.09623,0.11354,0.18453,0.63831,0.12137,0.25711,0.097321,0.14573
2.02,0.074835,0.24141,0.17286,0.24853,0.39447,0.17361,0.63627,0.1327,0.19742,0.47961,0.24562,0.54742,0.65305,0.36932,0.66819,0.46111,1.1277,0.13835,0.2386,0.4332,0.2313,0.15207,0.7626,1.1597,0.21792,0.5545,0.41482,0.96594,0.69228,1.2013,0.64598,0.095377,0.11351,0.17977,0.64272,0.11933,0.25863,0.096407,0.14358
2.03,0.073785,0.2394,0.17267,0.25279,0.39692,0.17394,0.6333,0.13251,0.19615,0.48109,0.24419,0.54102,0.65751,0.36316,0.6597,0.45477,1.1119,0.13546,0.23746,0.43246,0.23094,0.15154,0.75416,1.1407,0.2183,0.55658,0.41365,0.97179,0.68287,1.2098,0.65792,0.094368,0.11356,0.17494,0.64684,0.11726,0.26028,0.095223,0.14405
2.04,0.073018,0.23726,0.1725,0.25684,0.39923,0.17393,0.63024,0.13287,0.19535,0.48246,0.2425,0.5348,0.66167,0.35705,0.65115,0.44841,1.0955,0.1326,0.23608,0.43176,0.23005,0.15099,0.74516,1.1215,0.21887,0.55996,0.41257,0.9772,0.67317,1.2176,0.67029,0.093239,0.1137,0.17004,0.65063,0.1156,0.26203,0.09494,0.14441
2.05,0.072283,0.23499,0.17233,0.26072,0.40142,0.17362,0.62711,0.13378,0.19497,0.48375,0.24058,0.52863,0.66554,0.35118,0.64257,0.44213,1.0787,0.12974,0.23449,0.43104,0.22864,0.15041,0.73565,1.1022,0.21962,0.56321,0.41158,0.98213,0.6633,1.2249,0.683,0.091959,0.1139,0.16516,0.65415,0.11579,0.26384,0.094309,0.14435
2.06,0.071589,0.23259,0.17217,0.2644,0.40347,0.17306,0.62388,0.13523,0.19494,0.48496,0.23843,0.52247,0.6691,0.34547,0.63406,0.43594,1.0613,0.12688,0.23265,0.43033,0.22672,0.14983,0.72579,1.0826,0.22053,0.56631,0.41068,0.98658,0.65332,1.2316,0.69594,0.090566,0.11414,0.1603,0.65739,0.11583,0.26568,0.093205,0.14383
2.07,0.070842,0.23006,0.17202,0.2679,0.40539,0.17232,0.62055,0.1372,0.19524,0.4861,0.23606,0.51636,0.67237,0.33979,0.62555,0.42976,1.0434,0.12398,0.23057,0.42956,0.22431,0.14924,0.71561,1.063,0.22157,0.56928,0.40984,0.99058,0.64316,1.2378,0.70901,0.089051,0.11542,0.15554,0.66038,0.11575,0.26752,0.091676,0.14289
2.08,0.070141,0.22743,0.17188,0.27122,0.40718,0.17143,0.61714,0.13964,0.19581,0.4872,0.23351,0.51042,0.67533,0.33413,0.61704,0.42373,1.025,0.12105,0.23075,0.42877,0.2214,0.14917,0.7052,1.0431,0.22272,0.57266,0.40903,0.99416,0.63287,1.2434,0.72208,0.087439,0.11845,0.15087,0.66311,0.11558,0.26935,0.090613,0.14153
2.09,0.069452,0.22469,0.17175,0.27437,0.40883,0.17216,0.61363,0.14337,0.19664,0.48825,0.23077,0.50449,0.678,0.32851,0.60854,0.41776,1.015,0.11808,0.23161,0.42789,0.21806,0.14865,0.69463,1.0232,0.22398,0.57811,0.40822,0.99733,0.62268,1.2485,0.73503,0.085761,0.12125,0.14635,0.66559,0.11537,0.27113,0.089708,0.13981
2.1,0.068814,0.22183,0.17164,0.27733,0.41035,0.17337,0.61006,0.14723,0.19769,0.48929,0.22789,0.49858,0.68039,0.32292,0.60007,0.41184,1.0051,0.11508,0.23247,0.42694,0.21429,0.14759,0.68397,1.003,0.2253,0.58317,0.40739,1.0001,0.6124,1.253,0.74786,0.084048,0.12376,0.14201,0.66782,0.11514,0.27285,0.088793,0.13779
2.11,0.068174,0.21889,0.17153,0.28013,0.41174,0.17428,0.60642,0.15097,0.19895,0.49033,0.22489,0.49276,0.6825,0.31737,0.59162,0.40608,0.99472,0.11206,0.23334,0.42587,0.21012,0.14689,0.67326,0.98278,0.22667,0.58781,0.40651,1.0025,0.60212,1.2569,0.76029,0.082334,0.12594,0.14258,0.66982,0.11496,0.27448,0.08788,0.1355
2.12,0.067548,0.21584,0.17143,0.28274,0.41301,0.1749,0.60269,0.15455,0.20036,0.49138,0.22179,0.48706,0.68433,0.31184,0.58329,0.40038,0.98393,0.10902,0.23421,0.42469,0.2056,0.14631,0.66254,0.96229,0.22806,0.59208,0.4056,1.0046,0.59197,1.2604,0.77225,0.080659,0.12774,0.14497,0.67158,0.11487,0.276,0.086979,0.13308
2.13,0.066901,0.2127,0.17133,0.2852,0.41415,0.17521,0.59888,0.15796,0.20189,0.49247,0.21866,0.48137,0.68589,0.30635,0.57503,0.39475,0.97273,0.10597,0.2351,0.42339,0.20617,0.14573,0.65183,0.94165,0.22946,0.59595,0.40462,1.0062,0.58177,1.2634,0.78373,0.079046,0.12915,0.14675,0.67315,0.11489,0.27742,0.087236,0.13058
2.14,0.066201,0.20947,0.17121,0.28748,0.41516,0.1752,0.595,0.16117,0.2035,0.49359,0.21561,0.4757,0.68718,0.3009,0.56683,0.38929,0.96114,0.10464,0.23598,0.42194,0.20894,0.14514,0.6412,0.92073,0.23084,0.59947,0.40356,1.0075,0.57184,1.2662,0.79446,0.077497,0.13014,0.14795,0.67448,0.11498,0.2787,0.089322,0.12813
2.15,0.065451,0.20618,0.17107,0.28961,0.41604,0.1749,0.59106,0.16435,0.20517,0.49471,0.21287,0.47016,0.68821,0.29547,0.55868,0.38388,0.94918,0.10374,0.23688,0.42036,0.21724,0.14454,0.63063,0.89961,0.23219,0.60262,0.40246,1.0084,0.56191,1.2685,0.80452,0.076042,0.13078,0.14858,0.67563,0.11514,0.27985,0.091125,0.12581
2.16,0.064667,0.20281,0.17092,0.29157,0.41679,0.17431,0.58707,0.16824,0.20688,0.49581,0.21032,0.46469,0.689,0.29029,0.55059,0.37857,0.93687,0.10283,0.23778,0.41862,0.22525,0.14395,0.62017,0.8782,0.23347,0.60545,0.40129,1.0091,0.55223,1.2705,0.81371,0.074658,0.13107,0.14871,0.67657,0.11531,0.28086,0.092624,0.12373
2.17,0.063928,0.19938,0.17075,0.29338,0.41742,0.17345,0.58301,0.17208,0.20859,0.49684,0.20775,0.45924,0.68954,0.28518,0.5426,0.3734,0.92421,0.1019,0.2387,0.41674,0.23294,0.14336,0.60979,0.85652,0.23469,0.60794,0.40006,1.012,0.54269,1.2721,0.82193,0.073344,0.13107,0.14836,0.67736,0.11544,0.28171,0.093823,0.12193
2.18,0.06315,0.19589,0.17057,0.29503,0.41793,0.17236,0.57888,0.17582,0.21029,0.49779,0.20509,0.45381,0.68984,0.28008,0.53468,0.36829,0.91122,0.10098,0.23962,0.41468,0.2403,0.14277,0.59952,0.83462,0.23583,0.61012,0.3988,1.0154,0.53336,1.2733,0.83174,0.072073,0.13086,0.14758,0.67795,0.1155,0.28243,0.094741,0.12047
2.19,0.062337,0.19236,0.17036,0.29652,0.41831,0.17104,0.57469,0.17946,0.21197,0.49863,0.2023,0.44854,0.68991,0.27502,0.52681,0.36329,0.89802,0.10004,0.24056,0.41249,0.2473,0.14218,0.58933,0.81245,0.23686,0.61198,0.39749,1.0182,0.52426,1.274,0.84259,0.07082,0.1305,0.14638,0.6784,0.11546,0.28298,0.095405,0.11936
2.2,0.061493,0.18879,0.17013,0.29785,0.41857,0.16952,0.57044,0.18295,0.21361,0.49938,0.19936,0.4433,0.68977,0.26997,0.51897,0.35839,0.88454,0.099095,0.24151,0.41013,0.25393,0.14162,0.57925,0.79006,0.23778,0.61354,0.39613,1.0204,0.51536,1.2743,0.85237,0.069562,0.13008,0.14481,0.67863,0.11531,0.28339,0.095853,0.11861
2.21,0.060623,0.18519,0.16988,0.29903,0.41872,0.16782,0.56614,0.1863,0.21519,0.49999,0.19628,0.43808,0.68944,0.26496,0.51116,0.35355,0.87076,0.098147,0.24247,0.40764,0.26017,0.14105,0.56923,0.76751,0.23858,0.61479,0.39474,1.0222,0.50673,1.2742,0.861,0.068261,0.12965,0.14291,0.67869,0.11502,0.28365,0.096551,0.11991
2.22,0.05973,0.18174,0.16961,0.30004,0.41875,0.16596,0.56178,0.18946,0.21669,0.50047,0.19307,0.43291,0.68892,0.26216,0.50338,0.34884,0.85667,0.097189,0.24344,0.40497,0.26596,0.14182,0.55928,0.74486,0.23924,0.61572,0.39331,1.0235,0.49831,1.2737,0.86844,0.066908,0.12924,0.14073,0.67856,0.11459,0.28376,0.0972,0.12199
2.23,0.058818,0.18141,0.16931,0.30088,0.41866,0.16504,0.55735,0.19245,0.21809,0.50085,0.18973,0.42787,0.68819,0.26102,0.49562,0.34417,0.84232,0.096235,0.24442,0.40221,0.2713,0.14395,0.54937,0.73047,0.23977,0.61637,0.39181,1.0243,0.49016,1.2728,0.87462,0.065468,0.12888,0.13834,0.67825,0.11476,0.28374,0.097702,0.12387
2.24,0.057891,0.18105,0.169,0.30156,0.41846,0.16421,0.55286,0.19525,0.21937,0.50108,0.18629,0.42285,0.68729,0.25999,0.48789,0.33962,0.82792,0.09527,0.24542,0.39928,0.27624,0.14604,0.53949,0.71642,0.24016,0.61671,0.39028,1.0245,0.48224,1.2724,0.87947,0.06612,0.12856,0.13578,0.67776,0.11662,0.28358,0.098059,0.12554
2.25,0.056952,0.18066,0.16866,0.30207,0.41815,0.1632,0.54834,0.19787,0.22053,0.50117,0.18275,0.41785,0.68619,0.25899,0.48023,0.33512,0.81324,0.094302,0.24642,0.39627,0.28131,0.14813,0.52963,0.70199,0.2404,0.61675,0.38866,1.0244,0.47457,1.274,0.88302,0.066889,0.12827,0.13313,0.67707,0.11804,0.28329,0.098265,0.127
2.26,0.056005,0.18023,0.1683,0.30244,0.41774,0.16204,0.54375,0.20029,0.22161,0.50111,0.17912,0.41296,0.68493,0.25798,0.47305,0.33072,0.7983,0.093331,0.24743,0.39312,0.28626,0.15019,0.51977,0.68721,0.2405,0.61651,0.38699,1.0238,0.46715,1.275,0.88521,0.067695,0.12795,0.13041,0.6762,0.11899,0.28288,0.098314,0.12826
2.27,0.055102,0.17978,0.16792,0.30264,0.41722,0.16073,0.53911,0.20252,0.22256,0.50095,0.17542,0.40813,0.6835,0.25696,0.46792,0.32639,0.78336,0.092352,0.24845,0.38988,0.29094,0.15222,0.50992,0.67217,0.24045,0.616,0.38523,1.0226,0.45997,1.2753,0.88594,0.068511,0.12757,0.12985,0.67511,0.11946,0.28237,0.098188,0.12932
2.28,0.054203,0.1793,0.16752,0.30269,0.41659,0.15929,0.53441,0.20458,0.22337,0.50065,0.17165,0.40333,0.68194,0.25593,0.46282,0.32212,0.76824,0.091375,0.24948,0.38656,0.29539,0.15419,0.50004,0.65689,0.24024,0.6152,0.38338,1.021,0.45305,1.2753,0.8852,0.069309,0.12704,0.12906,0.67385,0.11946,0.28174,0.09787,0.13019
2.29,0.053505,0.1788,0.16711,0.30258,0.41587,0.15773,0.5297,0.20647,0.22403,0.50021,0.16783,0.39857,0.68022,0.25489,0.45774,0.31797,0.7529,0.09039,0.2505,0.38315,0.29967,0.15606,0.49013,0.64144,0.23989,0.61413,0.38143,1.0188,0.44636,1.2746,0.88302,0.070065,0.12631,0.12785,0.67236,0.11901,0.28102,0.097355,0.13086
2.3,0.053195,0.17827,0.16667,0.30233,0.41504,0.15606,0.52493,0.2082,0.22453,0.49965,0.16399,0.39393,0.67835,0.25384,0.45263,0.31384,0.73767,0.089871,0.25152,0.37968,0.30386,0.15781,0.48016,0.6259,0.23939,0.61282,0.37939,1.0163,0.43991,1.2734,0.87944,0.070759,0.12533,0.12628,0.67071,0.11814,0.28021,0.096643,0.13136
2.31,0.052745,0.17771,0.16623,0.30193,0.41413,0.15429,0.52013,0.20977,0.22494,0.4996,0.16011,0.38931,0.67636,0.25278,0.4475,0.30982,0.72224,0.089353,0.25254,0.37614,0.30782,0.15945,0.47012,0.61033,0.23876,0.61128,0.37726,1.0135,0.43368,1.2716,0.87434,0.071373,0.12406,0.12437,0.66885,0.11784,0.27932,0.095739,0.1317
2.32,0.05217,0.17713,0.16578,0.30139,0.41312,0.15243,0.51529,0.21122,0.2252,0.50495,0.15624,0.38472,0.67426,0.25171,0.44239,0.30587,0.70684,0.088845,0.25355,0.37259,0.31147,0.16095,0.45998,0.59484,0.238,0.60951,0.37502,1.0102,0.42767,1.2696,0.86773,0.071917,0.12249,0.12218,0.66684,0.11832,0.27835,0.094662,0.13189
2.33,0.051548,0.17652,0.16532,0.30072,0.41202,0.15112,0.51043,0.21256,0.22529,0.50992,0.15237,0.38024,0.67204,0.25063,0.4373,0.30195,0.69142,0.088343,0.25475,0.36899,0.31477,0.16232,0.44976,0.57949,0.23711,0.60754,0.37269,1.0066,0.42189,1.267,0.85969,0.072375,0.12064,0.11973,0.66461,0.11868,0.27731,0.093451,0.13195
2.34,0.050838,0.17589,0.16555,0.29993,0.41084,0.14973,0.50556,0.21379,0.22521,0.51452,0.15069,0.3758,0.67127,0.2496,0.43218,0.29817,0.67595,0.087844,0.25669,0.36537,0.31774,0.16357,0.43943,0.56437,0.23609,0.60538,0.37027,1.0026,0.41627,1.264,0.85025,0.072729,0.11853,0.11707,0.66223,0.11891,0.2762,0.092142,0.13188
2.35,0.050044,0.17524,0.16583,0.29904,0.40957,0.14826,0.50068,0.21494,0.22503,0.51876,0.14987,0.37138,0.67703,0.24863,0.42704,0.29443,0.66061,0.087346,0.25819,0.36174,0.32038,0.16468,0.429,0.54961,0.23497,0.60302,0.36774,0.99823,0.4109,1.2605,0.83936,0.072986,0.11616,0.1142,0.65966,0.11902,0.27504,0.090789,0.1317
2.36,0.049185,0.17456,0.1661,0.29806,0.40823,0.14673,0.49579,0.21603,0.22471,0.52265,0.14905,0.36708,0.68247,0.24765,0.42189,0.29073,0.6452,0.086861,0.25927,0.35809,0.32314,0.16566,0.41848,0.53523,0.23374,0.60051,0.36512,0.99365,0.40568,1.2566,0.84076,0.073155,0.11351,0.11117,0.65693,0.11899,0.27383,0.089443,0.13142
2.37,0.04831,0.17387,0.16639,0.29701,0.40682,0.14515,0.49089,0.21708,0.22423,0.52619,0.14823,0.36281,0.6876,0.24665,0.41679,0.28716,0.63,0.086377,0.2599,0.35448,0.32711,0.16651,0.41389,0.52133,0.23242,0.59781,0.36241,0.98872,0.40064,1.2525,0.84454,0.073229,0.11177,0.10831,0.65404,0.11884,0.27256,0.088159,0.13107
2.38,0.047407,0.17316,0.16667,0.29593,0.40533,0.14351,0.48599,0.2181,0.22359,0.52942,0.14742,0.35856,0.69242,0.24564,0.41166,0.28362,0.61476,0.085896,0.26009,0.35086,0.33088,0.16724,0.41492,0.50798,0.23102,0.59494,0.35961,0.98347,0.39577,1.2479,0.84786,0.073194,0.11082,0.10714,0.65097,0.11856,0.27125,0.086986,0.13064
2.39,0.046476,0.17242,0.16696,0.29482,0.40378,0.14182,0.48107,0.21912,0.22288,0.53238,0.14662,0.35443,0.69694,0.24461,0.4065,0.28014,0.60238,0.085419,0.26046,0.34727,0.33446,0.16784,0.41589,0.49525,0.22954,0.59194,0.35673,0.97791,0.39102,1.2429,0.85056,0.073029,0.11024,0.10633,0.64774,0.11815,0.2699,0.085963,0.13017
2.4,0.045532,0.17167,0.16725,0.29369,0.40216,0.14009,0.47615,0.22015,0.22201,0.53505,0.14582,0.35033,0.70115,0.24357,0.40132,0.27677,0.5929,0.08495,0.26141,0.34371,0.33788,0.16833,0.41679,0.48317,0.22801,0.58877,0.35377,0.97206,0.38644,1.2375,0.85268,0.072713,0.10953,0.10543,0.64433,0.11764,0.26852,0.08512,0.12967
2.41,0.044608,0.17089,0.16752,0.29253,0.40049,0.13832,0.47122,0.22122,0.22099,0.5375,0.14502,0.34626,0.70506,0.24251,0.39614,0.27344,0.58349,0.084482,0.26235,0.34018,0.34115,0.16871,0.41758,0.47179,0.22643,0.58548,0.35075,0.966,0.38197,1.2318,0.85433,0.072241,0.10864,0.10445,0.64073,0.11703,0.26711,0.084461,0.12916
2.42,0.043696,0.1701,0.16777,0.29136,0.39876,0.13652,0.46628,0.22233,0.21991,0.53971,0.14422,0.34228,0.70868,0.24143,0.39096,0.27015,0.57421,0.084016,0.26328,0.33668,0.34429,0.16901,0.41827,0.46116,0.22482,0.58209,0.34767,0.95979,0.37758,1.2259,0.85536,0.071727,0.10759,0.10341,0.63694,0.11635,0.26568,0.083983,0.12869
2.43,0.042802,0.16929,0.16801,0.29018,0.397,0.13469,0.46134,0.2235,0.21868,0.54171,0.14343,0.33833,0.71203,0.24034,0.38585,0.26698,0.56505,0.083557,0.2642,0.33324,0.34726,0.16922,0.41882,0.45128,0.2232,0.57864,0.34453,0.95337,0.37334,1.2197,0.85586,0.071695,0.10639,0.1023,0.63298,0.11565,0.26422,0.083662,0.12838
2.44,0.042089,0.16846,0.16822,0.28899,0.3952,0.13283,0.4564,0.22475,0.21733,0.54351,0.14265,0.3344,0.71511,0.23923,0.38368,0.26384,0.55597,0.083102,0.26511,0.32982,0.35006,0.16939,0.41924,0.44215,0.22157,0.57513,0.34134,0.94674,0.36917,1.2132,0.85586,0.071506,0.10507,0.10113,0.62884,0.11498,0.26275,0.083462,0.12825
2.45,0.042148,0.16761,0.1684,0.28778,0.39336,0.13095,0.45146,0.22608,0.21592,0.54512,0.14186,0.33058,0.71793,0.23811,0.38151,0.26075,0.54695,0.082648,0.26602,0.32646,0.35266,0.16952,0.4195,0.43376,0.21996,0.57157,0.3381,0.93991,0.36504,1.2064,0.85527,0.071183,0.10367,0.099922,0.62454,0.11433,0.26128,0.083339,0.1282
2.46,0.04217,0.16675,0.16856,0.28653,0.39152,0.1291,0.44654,0.22752,0.21438,0.54654,0.14108,0.32678,0.72049,0.23697,0.38024,0.25776,0.53812,0.082197,0.26692,0.32315,0.35507,0.16966,0.4196,0.42611,0.21836,0.56796,0.33484,0.933,0.36104,1.1993,0.85419,0.070736,0.10227,0.098663,0.62006,0.11366,0.2598,0.083244,0.12819
2.47,0.042158,0.16586,0.1687,0.28613,0.38967,0.1278,0.44165,0.22906,0.21271,0.54779,0.1403,0.323,0.72278,0.23591,0.37946,0.25482,0.52937,0.081753,0.26783,0.31988,0.3573,0.16988,0.41953,0.41915,0.21679,0.56484,0.33155,0.92596,0.35706,1.192,0.85261,0.070184,0.10101,0.097363,0.61544,0.11294,0.25832,0.083581,0.12815
2.48,0.04214,0.16496,0.16882,0.28669,0.38784,0.12648,0.43681,0.23071,0.21101,0.5489,0.13954,0.31926,0.72482,0.23485,0.37871,0.25191,0.52068,0.08131,0.26873,0.31666,0.35935,0.17014,0.41928,0.41286,0.21526,0.56235,0.32824,0.92,0.35309,1.1846,0.85046,0.071173,0.099803,0.096028,0.61066,0.11218,0.25684,0.084351,0.12808
2.49,0.042112,0.16405,0.16892,0.28729,0.38604,0.12514,0.43209,0.23247,0.20919,0.54986,0.13877,0.3156,0.7266,0.23378,0.378,0.24909,0.51218,0.080867,0.26964,0.31349,0.36126,0.17037,0.41885,0.40718,0.21377,0.5598,0.32492,0.91454,0.34922,1.1769,0.84786,0.073384,0.098535,0.094656,0.60573,0.11136,0.25537,0.085088,0.12821
2.5,0.042126,0.16311,0.16902,0.28794,0.38426,0.12379,0.42752,0.23436,0.20726,0.55072,0.13802,0.31197,0.72811,0.23269,0.37728,0.24632,0.50376,0.080431,0.27053,0.31036,0.36301,0.17051,0.41823,0.40207,0.21234,0.55717,0.32159,0.90897,0.34535,1.169,0.84481,0.075455,0.09719,0.093248,0.60068,0.11047,0.25392,0.085788,0.12949
2.51,0.04231,0.16217,0.1691,0.28865,0.3825,0.12242,0.42308,0.23636,0.20528,0.55149,0.13726,0.30836,0.72934,0.23158,0.37657,0.24359,0.49543,0.079997,0.27141,0.30726,0.36463,0.17055,0.41741,0.39747,0.21098,0.55448,0.31998,0.90336,0.34147,1.161,0.84125,0.077372,0.095775,0.091802,0.59547,0.10953,0.25248,0.086447,0.13059
2.52,0.042493,0.16121,0.16918,0.28943,0.38076,0.12104,0.41877,0.23848,0.20323,0.55222,0.13651,0.30478,0.73031,0.23045,0.3759,0.24091,0.48727,0.079564,0.27227,0.30423,0.36611,0.17048,0.41641,0.39332,0.2097,0.55172,0.31888,0.89764,0.33765,1.1527,0.83729,0.079114,0.094299,0.091762,0.59012,0.11151,0.25105,0.08706,0.13149
2.53,0.042648,0.16023,0.16924,0.29023,0.37903,0.11966,0.41459,0.24072,0.20108,0.55292,0.13576,0.30126,0.73103,0.22931,0.37522,0.23832,0.47917,0.079134,0.27312,0.30122,0.36746,0.17028,0.41521,0.38956,0.20851,0.54892,0.31774,0.89182,0.33381,1.1443,0.83294,0.080675,0.09277,0.092256,0.58464,0.11373,0.24965,0.087628,0.13223
2.54,0.042774,0.15925,0.16929,0.291,0.37729,0.11826,0.41145,0.24306,0.19888,0.55359,0.13501,0.29779,0.73149,0.22814,0.37452,0.23575,0.47124,0.078709,0.27395,0.29823,0.3687,0.16996,0.41383,0.38613,0.20743,0.54607,0.31656,0.88591,0.32994,1.1358,0.82816,0.082053,0.091199,0.092758,0.57902,0.11587,0.24826,0.088141,0.13277
2.55,0.042875,0.15825,0.16933,0.29165,0.37557,0.11687,0.41658,0.24551,0.19664,0.55424,0.13427,0.29434,0.73169,0.22696,0.37388,0.23322,0.46339,0.078283,0.27475,0.2953,0.36982,0.1695,0.41226,0.38298,0.20646,0.54317,0.31536,0.87992,0.32642,1.1271,0.82298,0.083254,0.089591,0.093265,0.57327,0.11789,0.24689,0.088595,0.13313
2.56,0.042951,0.15725,0.16937,0.29217,0.37385,0.11547,0.42152,0.24806,0.19433,0.55483,0.13353,0.29092,0.73165,0.22576,0.37322,0.23077,0.45569,0.07786,0.27553,0.29238,0.37083,0.16892,0.41051,0.38005,0.20561,0.54022,0.31409,0.87387,0.32449,1.1183,0.81753,0.084281,0.087948,0.093774,0.56738,0.11974,0.24555,0.088983,0.13331
2.57,0.043005,0.15623,0.16939,0.29255,0.37212,0.11407,0.42626,0.25069,0.19196,0.55533,0.13279,0.28752,0.73137,0.22455,0.37253,0.22835,0.44808,0.077442,0.27627,0.28948,0.37172,0.16822,0.40858,0.37728,0.20486,0.53723,0.31283,0.86775,0.32257,1.1094,0.81171,0.08514,0.086276,0.094287,0.56138,0.12139,0.24423,0.089303,0.13331
2.58,0.043309,0.15521,0.1694,0.29278,0.3704,0.11268,0.43079,0.2534,0.18958,0.55571,0.13205,0.28418,0.73083,0.22331,0.3719,0.22597,0.44062,0.077023,0.277,0.28661,0.37251,0.16739,0.40648,0.37464,0.20423,0.5342,0.31151,0.86159,0.32065,1.1003,0.80556,0.08584,0.084584,0.094802,0.55525,0.1228,0.24294,0.089548,0.13312
2.59,0.043666,0.15417,0.1694,0.29287,0.36866,0.11129,0.43508,0.25618,0.18714,0.556,0.13132,0.28089,0.73005,0.22206,0.37124,0.22364,0.43324,0.076608,0.27769,0.28375,0.37321,0.16644,0.40422,0.37208,0.20372,0.53115,0.31017,0.85541,0.31867,1.0913,0.79912,0.086397,0.082889,0.095321,0.54899,0.12396,0.24167,0.089713,0.13277
2.6,0.043999,0.15313,0.16938,0.29282,0.36692,0.10991,0.43913,0.25901,0.18465,0.55617,0.13059,0.27762,0.72903,0.2208,0.37055,0.22137,0.42604,0.076195,0.27836,0.2809,0.37381,0.16538,0.40179,0.36957,0.20335,0.52806,0.3088,0.84921,0.31667,1.0821,0.79249,0.086838,0.081971,0.095843,0.54262,0.12483,0.24042,0.089796,0.13223
2.61,0.044309,0.15208,0.16934,0.29263,0.36518,0.10854,0.44294,0.26188,0.18216,0.55622,0.12987,0.27438,0.72775,0.21955,0.36991,0.21912,0.41891,0.075782,0.27899,0.27805,0.37433,0.16496,0.39922,0.36707,0.20311,0.52494,0.30739,0.84297,0.31466,1.0729,0.78562,0.087161,0.08319,0.096366,0.53617,0.12594,0.23919,0.089797,0.13151
2.62,0.044598,0.15103,0.1693,0.29233,0.36341,0.10718,0.44648,0.2648,0.17963,0.55614,0.12914,0.27116,0.72627,0.21835,0.36925,0.2169,0.41196,0.075374,0.2796,0.27522,0.37477,0.16597,0.3965,0.36457,0.20299,0.5218,0.30598,0.83669,0.31258,1.0636,0.77854,0.087382,0.084418,0.096893,0.52961,0.12765,0.23799,0.089716,0.13061
2.63,0.044866,0.14997,0.16925,0.29192,0.36166,0.10583,0.44978,0.26774,0.17707,0.55596,0.12842,0.26797,0.72451,0.21714,0.36854,0.21475,0.40511,0.074967,0.28018,0.27238,0.37515,0.16677,0.39365,0.36206,0.20298,0.51863,0.30452,0.83036,0.31047,1.0543,0.77128,0.08752,0.085606,0.097424,0.52298,0.12909,0.2368,0.089555,0.12955
2.64,0.045114,0.1489,0.16919,0.29144,0.3599,0.10449,0.45283,0.2707,0.1745,0.55569,0.1277,0.26484,0.72254,0.21591,0.36789,0.21263,0.39839,0.07456,0.28074,0.26953,0.37548,0.16737,0.39068,0.35952,0.20304,0.51545,0.30304,0.82399,0.30833,1.0449,0.76387,0.087581,0.086727,0.097961,0.51628,0.13023,0.23564,0.089318,0.12831
2.65,0.045371,0.14783,0.16911,0.29091,0.35813,0.10317,0.45561,0.27366,0.17192,0.55537,0.12699,0.26175,0.72031,0.21467,0.3672,0.21054,0.39181,0.074158,0.28127,0.26669,0.37575,0.16777,0.3876,0.35693,0.20317,0.51224,0.30154,0.81758,0.30611,1.0356,0.75637,0.087575,0.087739,0.098506,0.50952,0.13111,0.2345,0.08901,0.12691
2.66,0.045613,0.14675,0.16902,0.29031,0.35637,0.10186,0.45815,0.27663,0.16932,0.55505,0.12629,0.25868,0.71786,0.21341,0.36648,0.20848,0.38533,0.073755,0.28177,0.26384,0.37598,0.16799,0.38441,0.35431,0.20335,0.50902,0.30001,0.81114,0.3039,1.0261,0.74884,0.087516,0.088622,0.099058,0.5027,0.13173,0.23338,0.088634,0.12535
2.67,0.045838,0.14567,0.16891,0.28963,0.35459,0.10057,0.46044,0.27958,0.16669,0.55476,0.12558,0.25564,0.71516,0.21213,0.36579,0.20647,0.37903,0.073356,0.28225,0.26096,0.37616,0.16804,0.38113,0.35166,0.20359,0.50578,0.29848,0.80465,0.3016,1.0166,0.74125,0.087417,0.089359,0.099619,0.49586,0.13211,0.23227,0.088201,0.12364
2.68,0.046046,0.14458,0.16879,0.28888,0.35282,0.099303,0.46246,0.28253,0.1641,0.55478,0.12489,0.25262,0.71225,0.21084,0.36507,0.20449,0.37284,0.072958,0.2827,0.25808,0.37629,0.16793,0.37777,0.34899,0.20387,0.50251,0.2969,0.79816,0.29926,1.0071,0.73366,0.087293,0.089938,0.10019,0.48898,0.13228,0.23118,0.087712,0.12179
2.69,0.046238,0.14349,0.16867,0.28806,0.35103,0.098049,0.46424,0.28546,0.16149,0.55478,0.12419,0.24962,0.70911,0.20954,0.36432,0.20252,0.36675,0.072562,0.28313,0.25518,0.37638,0.16768,0.37435,0.3463,0.20419,0.49923,0.29532,0.79167,0.29687,0.99764,0.72607,0.087164,0.090349,0.10077,0.4821,0.13227,0.23011,0.08718,0.11982
2.7,0.046414,0.1424,0.16855,0.28715,0.34924,0.096815,0.46577,0.28835,0.15888,0.55463,0.1235,0.24667,0.70574,0.20822,0.3636,0.20061,0.36083,0.072168,0.28355,0.25225,0.37642,0.1673,0.37086,0.34362,0.20456,0.49595,0.29372,0.78513,0.29443,0.9881,0.71853,0.087033,0.090585,0.10136,0.4752,0.1321,0.22905,0.086608,0.11773
2.71,0.046576,0.1413,0.16842,0.28615,0.34742,0.095604,0.46704,0.29121,0.15625,0.55431,0.1228,0.24377,0.70218,0.20688,0.36284,0.19873,0.35504,0.071777,0.28394,0.24932,0.37641,0.16677,0.36733,0.34094,0.20498,0.49264,0.29209,0.77856,0.29194,0.97852,0.71106,0.086904,0.090643,0.10195,0.4683,0.13179,0.22801,0.086004,0.11554
2.72,0.046753,0.14021,0.16828,0.28505,0.34559,0.094411,0.46807,0.29499,0.15366,0.55386,0.12212,0.24089,0.6984,0.20554,0.36207,0.19686,0.34936,0.071387,0.28431,0.24636,0.37635,0.16611,0.36377,0.3383,0.20544,0.48931,0.29046,0.77195,0.28939,0.9689,0.70368,0.086795,0.090523,0.10255,0.46137,0.13138,0.22698,0.085377,0.11325
2.73,0.047239,0.1391,0.16813,0.28386,0.34375,0.093238,0.46885,0.29872,0.15108,0.55326,0.12143,0.23804,0.69444,0.20418,0.3613,0.19502,0.3438,0.071,0.28467,0.24338,0.37624,0.16531,0.3602,0.33571,0.20593,0.48597,0.28881,0.7653,0.28681,0.95994,0.6964,0.086695,0.090232,0.10316,0.45443,0.13087,0.22597,0.084736,0.11087
2.74,0.048228,0.13801,0.16797,0.28256,0.34188,0.092092,0.46939,0.30233,0.14851,0.5525,0.12075,0.23522,0.69028,0.20281,0.36049,0.19323,0.33841,0.070614,0.28501,0.24038,0.37607,0.16438,0.35661,0.33321,0.20646,0.48262,0.28714,0.75863,0.28416,0.9519,0.68926,0.086603,0.089784,0.10376,0.44748,0.13031,0.22497,0.084084,0.10842
2.75,0.049231,0.1369,0.16779,0.28119,0.34,0.090965,0.46968,0.30581,0.14594,0.55162,0.12007,0.23242,0.68592,0.20142,0.35968,0.19145,0.33313,0.070232,0.28534,0.23735,0.37585,0.16331,0.35302,0.33079,0.20703,0.47926,0.28547,0.752,0.28147,0.94385,0.68226,0.086527,0.089183,0.10437,0.44053,0.1297,0.22398,0.083416,0.10692
2.76,0.050243,0.1358,0.1676,0.27973,0.3381,0.089858,0.46974,0.30914,0.14338,0.55059,0.11939,0.23041,0.68139,0.20003,0.35887,0.18969,0.32797,0.069851,0.28565,0.2343,0.37558,0.16212,0.34945,0.32848,0.20762,0.47587,0.28377,0.74534,0.27874,0.93581,0.67542,0.086461,0.088439,0.10496,0.43358,0.12908,0.223,0.082741,0.10575
2.77,0.05126,0.1347,0.16739,0.27818,0.33619,0.088778,0.46961,0.31233,0.14087,0.54943,0.11872,0.22911,0.67668,0.19863,0.35801,0.18796,0.32292,0.069473,0.28594,0.23123,0.37525,0.16083,0.34694,0.3263,0.20825,0.47248,0.28207,0.73867,0.27594,0.92776,0.66875,0.086399,0.087564,0.10554,0.42664,0.12846,0.22204,0.082057,0.10453
2.78,0.052279,0.1336,0.16718,0.27655,0.33426,0.087721,0.46929,0.31533,0.13837,0.54817,0.11805,0.22783,0.67178,0.19725,0.35717,0.18626,0.31802,0.069096,0.28622,0.22815,0.37486,0.15947,0.34778,0.32426,0.20889,0.46907,0.28036,0.73197,0.27313,0.91971,0.66227,0.086351,0.086574,0.10611,0.41972,0.12788,0.22108,0.081374,0.10421
2.79,0.053296,0.1325,0.16694,0.27484,0.33232,0.086685,0.46882,0.31815,0.1359,0.54678,0.11738,0.22656,0.66674,0.19591,0.3563,0.18458,0.31326,0.068722,0.28648,0.22504,0.37442,0.15806,0.34864,0.32239,0.20955,0.46565,0.27863,0.72524,0.27024,0.91168,0.65599,0.086445,0.085479,0.10666,0.41284,0.12735,0.22013,0.080702,0.10454
2.8,0.054307,0.1314,0.16669,0.27304,0.33037,0.085671,0.46825,0.32074,0.13344,0.54526,0.11672,0.22529,0.66154,0.19456,0.35538,0.18291,0.30861,0.068349,0.28673,0.22191,0.37391,0.15664,0.34946,0.32069,0.21024,0.46221,0.27691,0.71852,0.26734,0.90371,0.6499,0.086697,0.084291,0.10718,0.40599,0.12689,0.2192,0.080062,0.10484
2.81,0.055308,0.1303,0.16643,0.27118,0.32842,0.084684,0.46759,0.3231,0.13101,0.54364,0.11605,0.22403,0.65617,0.1932,0.3545,0.18128,0.30408,0.067977,0.28696,0.21877,0.37333,0.15522,0.35022,0.31917,0.21093,0.45876,0.27516,0.71183,0.26438,0.89574,0.64474,0.086938,0.083024,0.10766,0.39919,0.12652,0.21827,0.079464,0.10513
2.82,0.056297,0.1292,0.16614,0.26923,0.32647,0.083719,0.46682,0.3252,0.12861,0.5419,0.11539,0.22278,0.65069,0.19183,0.35357,0.17966,0.29966,0.067607,0.28718,0.21561,0.37268,0.15387,0.35087,0.31785,0.21163,0.45529,0.27342,0.7051,0.26137,0.88777,0.64068,0.087157,0.08169,0.10812,0.39245,0.12624,0.21736,0.078935,0.10541
2.83,0.057268,0.12811,0.16584,0.26722,0.32451,0.082777,0.46593,0.32703,0.12625,0.54004,0.11474,0.22153,0.64507,0.19045,0.35262,0.17806,0.29535,0.067238,0.28737,0.21243,0.37197,0.15341,0.35138,0.31673,0.21233,0.45182,0.27166,0.69835,0.25834,0.87982,0.63679,0.087342,0.080303,0.10853,0.38576,0.12608,0.21645,0.078453,0.10567
2.84,0.05822,0.12702,0.16553,0.26514,0.32256,0.081857,0.46491,0.32858,0.12393,0.53806,0.11408,0.22029,0.64169,0.18905,0.35168,0.17647,0.29118,0.066869,0.28754,0.20926,0.37119,0.15302,0.35173,0.31581,0.21303,0.44831,0.2699,0.69156,0.25525,0.87188,0.63316,0.087505,0.078879,0.10889,0.37914,0.12603,0.21555,0.077987,0.10591
2.85,0.059155,0.12592,0.16519,0.26301,0.32061,0.080959,0.46373,0.32984,0.12164,0.53597,0.11344,0.21905,0.6393,0.18766,0.35069,0.17492,0.28714,0.066502,0.2877,0.20607,0.37034,0.15254,0.35188,0.31509,0.21372,0.4448,0.26814,0.68483,0.25214,0.86394,0.62973,0.08763,0.077428,0.10921,0.37259,0.12609,0.21466,0.077537,0.10614
2.86,0.060092,0.12484,0.16484,0.26083,0.31867,0.080088,0.46237,0.33104,0.11938,0.53376,0.1128,0.21782,0.63659,0.18625,0.34971,0.17338,0.2832,0.066134,0.28784,0.20287,0.36944,0.15196,0.35308,0.31457,0.2144,0.44126,0.26637,0.67806,0.24899,0.85608,0.62652,0.087715,0.075961,0.10947,0.36609,0.12628,0.21378,0.077102,0.10634
2.87,0.061001,0.12375,0.16448,0.25862,0.31674,0.079238,0.46082,0.33303,0.11806,0.53144,0.11216,0.2166,0.63359,0.18484,0.3487,0.17185,0.27938,0.0659,0.28796,0.19967,0.36849,0.15126,0.35435,0.31426,0.21506,0.43772,0.2646,0.67126,0.24578,0.84824,0.62355,0.087758,0.074487,0.10967,0.35966,0.12657,0.21291,0.076681,0.10653
2.88,0.06188,0.12267,0.1641,0.25637,0.31483,0.078409,0.45908,0.33483,0.11724,0.529,0.11152,0.21538,0.63031,0.18342,0.34765,0.17033,0.27566,0.066682,0.28806,0.19648,0.36749,0.15044,0.35522,0.31413,0.21571,0.43415,0.26282,0.66444,0.24258,0.84041,0.62073,0.087763,0.073025,0.10981,0.3533,0.12697,0.21205,0.076276,0.10669
2.89,0.062725,0.12159,0.16371,0.2541,0.31292,0.077603,0.45984,0.33645,0.1164,0.52645,0.11089,0.21417,0.62677,0.18199,0.34662,0.16885,0.27205,0.06745,0.28813,0.19329,0.36645,0.1495,0.3557,0.31419,0.21633,0.43057,0.26104,0.65767,0.23931,0.8326,0.61818,0.087727,0.071574,0.10989,0.34701,0.12747,0.21119,0.075887,0.10684
2.9,0.063545,0.12052,0.16331,0.25183,0.31103,0.076817,0.46158,0.33787,0.11554,0.52379,0.11025,0.21296,0.62297,0.18056,0.34556,0.16737,0.26854,0.068204,0.28819,0.19009,0.36538,0.14845,0.35578,0.31441,0.21691,0.42696,0.25926,0.65086,0.23602,0.82479,0.61574,0.087644,0.07015,0.1099,0.34079,0.12805,0.21034,0.075512,0.10696
2.91,0.06436,0.11945,0.16289,0.24961,0.30914,0.076053,0.46323,0.33911,0.11465,0.52103,0.10963,0.21176,0.61894,0.17912,0.34447,0.1659,0.26514,0.068941,0.28823,0.18691,0.36426,0.14732,0.35546,0.31479,0.21746,0.42334,0.25748,0.64402,0.2327,0.817,0.61353,0.08758,0.068753,0.10985,0.33464,0.1287,0.20951,0.07515,0.10706
2.92,0.065135,0.11838,0.16247,0.24747,0.30727,0.075313,0.46471,0.34016,0.11377,0.51816,0.109,0.21057,0.61469,0.17768,0.34338,0.16445,0.26183,0.06966,0.28825,0.18374,0.36372,0.14611,0.35475,0.31531,0.21816,0.41971,0.25569,0.63721,0.22933,0.80928,0.61144,0.08783,0.067399,0.10972,0.32857,0.12942,0.20868,0.074803,0.10715
2.93,0.065886,0.11732,0.16204,0.24541,0.3054,0.074592,0.46603,0.34103,0.11288,0.5152,0.10838,0.20939,0.61022,0.17623,0.34225,0.16302,0.25863,0.070359,0.28826,0.18059,0.36469,0.14485,0.35368,0.31595,0.21915,0.41604,0.25391,0.63039,0.22595,0.80155,0.60949,0.088003,0.066089,0.10952,0.32259,0.13019,0.20786,0.074465,0.10722
2.94,0.066623,0.11627,0.16159,0.24336,0.30354,0.073891,0.46717,0.3417,0.11197,0.51214,0.10776,0.20821,0.60555,0.17478,0.34112,0.1616,0.25554,0.071037,0.28825,0.17745,0.36666,0.14357,0.35226,0.3167,0.22009,0.41238,0.25212,0.62352,0.2225,0.79382,0.60768,0.088123,0.06483,0.10923,0.31669,0.13099,0.20705,0.074141,0.10726
2.95,0.067315,0.11521,0.16114,0.24132,0.30169,0.07321,0.46811,0.34219,0.11104,0.50899,0.10714,0.20704,0.60068,0.17333,0.33997,0.16018,0.25254,0.071691,0.28822,0.17433,0.36912,0.14224,0.3505,0.31755,0.22099,0.40868,0.25034,0.61669,0.21906,0.78608,0.60594,0.088187,0.063626,0.10887,0.31088,0.13181,0.20625,0.073821,0.10729
2.96,0.068002,0.11417,0.16069,0.23927,0.29983,0.072548,0.46884,0.34248,0.1101,0.50575,0.10653,0.20587,0.59562,0.17187,0.33879,0.15879,0.24963,0.07232,0.28817,0.17123,0.37133,0.14086,0.34842,0.31847,0.22184,0.40497,0.24856,0.60984,0.21556,0.77842,0.60433,0.088208,0.062484,0.10851,0.30516,0.13264,0.20552,0.073513,0.1073
2.97,0.068649,0.11313,0.16023,0.23722,0.29798,0.071904,0.46937,0.34258,0.10915,0.50242,0.10592,0.20471,0.59037,0.17041,0.33762,0.15741,0.24681,0.072924,0.28811,0.16816,0.37326,0.13941,0.34603,0.31943,0.22268,0.40124,0.24677,0.60294,0.21205,0.77076,0.60278,0.088192,0.061405,0.10827,0.29954,0.13347,0.20501,0.073206,0.10729
2.98,0.069245,0.11209,0.15977,0.23518,0.29611,0.071279,0.46965,0.34247,0.10819,0.49902,0.10531,0.20356,0.58494,0.16895,0.33641,0.15603,0.24408,0.073503,0.28803,0.16513,0.37515,0.13789,0.34335,0.32042,0.22354,0.3975,0.24499,0.5961,0.20849,0.76309,0.60123,0.088137,0.060393,0.10796,0.29401,0.13429,0.20451,0.072906,0.10727
2.99,0.069819,0.11107,0.15931,0.23314,0.29424,0.070673,0.46973,0.34217,0.10722,0.49553,0.1047,0.20241,0.57936,0.16754,0.33519,0.15466,0.24142,0.074052,0.28794,0.16213,0.3769,0.1363,0.34038,0.32144,0.22444,0.39373,0.24321,0.58921,0.2049,0.75543,0.59979,0.088036,0.059456,0.10758,0.28858,0.13508,0.20402,0.072605,0.10724
3,0.070365,0.11004,0.15885,0.23111,0.29237,0.070085,0.46958,0.34166,0.10626,0.49197,0.1041,0.20127,0.57364,0.16614,0.33396,0.15332,0.23885,0.074578,0.28784,0.15915,0.37841,0.13464,0.34052,0.32244,0.22538,0.38997,0.24144,0.58233,0.2013,0.74784,0.59833,0.087893,0.05859,0.10713,0.28327,0.13583,0.20354,0.072308,0.10719
3.01,0.070855,0.10903,0.15839,0.22909,0.29048,0.069513,0.46966,0.34096,0.1053,0.48834,0.1035,0.20014,0.56782,0.16473,0.33268,0.15198,0.23635,0.075074,0.28773,0.15622,0.37969,0.13294,0.34161,0.32341,0.22634,0.38618,0.23966,0.57544,0.19764,0.74023,0.59684,0.08772,0.057798,0.10661,0.27805,0.13655,0.20307,0.072008,0.10712
3.02,0.071309,0.10802,0.15794,0.22709,0.28858,0.068958,0.4701,0.34006,0.10433,0.48465,0.10291,0.19903,0.56189,0.16332,0.33143,0.15065,0.23393,0.075542,0.2876,0.15332,0.38078,0.13122,0.34241,0.32435,0.22734,0.38314,0.23789,0.56853,0.19399,0.73259,0.59537,0.08751,0.057081,0.10605,0.27295,0.13721,0.20262,0.071706,0.10705
3.03,0.071744,0.10702,0.15749,0.22511,0.28666,0.068418,0.4704,0.33899,0.10335,0.4809,0.10231,0.19793,0.55586,0.16191,0.33014,0.14932,0.23159,0.075984,0.28746,0.15047,0.38169,0.12951,0.34293,0.32521,0.22833,0.38101,0.23613,0.56165,0.1903,0.72504,0.59654,0.087269,0.056442,0.10545,0.26796,0.1378,0.20225,0.071402,0.10697
3.04,0.07215,0.10602,0.15704,0.22313,0.28474,0.067894,0.47056,0.33773,0.10238,0.47712,0.10172,0.19683,0.54974,0.1605,0.32883,0.14801,0.22931,0.076394,0.28732,0.14766,0.38245,0.12785,0.34316,0.32601,0.22929,0.37887,0.23436,0.55472,0.18658,0.71746,0.60565,0.087007,0.05619,0.10482,0.26308,0.13833,0.20198,0.071093,0.10688
3.05,0.072558,0.10503,0.15659,0.22116,0.2828,0.067384,0.4706,0.33629,0.1014,0.47329,0.10114,0.19574,0.54353,0.15908,0.32752,0.14671,0.2271,0.076781,0.28717,0.14489,0.38307,0.1262,0.34313,0.3267,0.23019,0.37674,0.2326,0.54784,0.18286,0.70986,0.61423,0.086733,0.056482,0.10416,0.25832,0.13877,0.20175,0.070782,0.10678
3.06,0.072942,0.10405,0.15614,0.21919,0.28086,0.066888,0.4705,0.33469,0.10043,0.46943,0.10056,0.19466,0.53858,0.15767,0.32617,0.14541,0.22495,0.077136,0.28701,0.14218,0.38355,0.12457,0.34281,0.32729,0.23102,0.3746,0.23085,0.54091,0.17912,0.70234,0.62233,0.086447,0.056808,0.10347,0.25368,0.13912,0.20153,0.070462,0.10668
3.07,0.073322,0.10308,0.15568,0.21724,0.27891,0.066407,0.47027,0.33293,0.099449,0.46556,0.09998,0.19358,0.53557,0.15626,0.32483,0.14412,0.22288,0.077464,0.28685,0.13951,0.38389,0.12296,0.34224,0.32775,0.23177,0.37245,0.22909,0.53402,0.17746,0.69475,0.62986,0.086139,0.057168,0.10292,0.24916,0.13938,0.20133,0.070142,0.10657
3.08,0.073668,0.10211,0.15522,0.21532,0.27695,0.06594,0.46992,0.33101,0.098474,0.46165,0.099406,0.1925,0.53256,0.15485,0.32346,0.14285,0.22087,0.077765,0.28668,0.1369,0.38409,0.1213,0.34139,0.32808,0.23244,0.37031,0.22735,0.52712,0.1765,0.68722,0.63684,0.085812,0.057558,0.10254,0.24477,0.13984,0.20113,0.069813,0.10646
3.09,0.074014,0.10116,0.15475,0.21341,0.27498,0.065486,0.46945,0.32893,0.097507,0.45773,0.098834,0.19144,0.52954,0.15343,0.32206,0.14158,0.21892,0.078035,0.2865,0.13434,0.38417,0.12018,0.34028,0.32825,0.23305,0.36816,0.22561,0.52022,0.1755,0.67967,0.64327,0.085457,0.057975,0.10193,0.2405,0.14049,0.20094,0.069482,0.10635
3.1,0.074369,0.10021,0.15428,0.2115,0.273,0.065043,0.46885,0.3267,0.096552,0.4538,0.098265,0.19038,0.52651,0.15202,0.32068,0.14032,0.21702,0.078282,0.28632,0.13183,0.38411,0.11951,0.33891,0.32827,0.23359,0.36602,0.22388,0.51335,0.17446,0.67212,0.6491,0.085087,0.058417,0.10109,0.23722,0.14105,0.20074,0.069144,0.10624
3.11,0.074688,0.099272,0.15381,0.20957,0.27103,0.064613,0.46815,0.32433,0.095601,0.44985,0.0977,0.18932,0.52345,0.15061,0.31925,0.13906,0.21518,0.078498,0.28613,0.12937,0.38393,0.11886,0.33728,0.32812,0.23409,0.36388,0.22215,0.50644,0.17337,0.66457,0.65432,0.084696,0.058877,0.10004,0.23538,0.14152,0.20054,0.070213,0.10613
3.12,0.074996,0.098342,0.15333,0.20762,0.26905,0.064193,0.46733,0.32183,0.094655,0.44589,0.097137,0.18827,0.52035,0.14921,0.31783,0.13782,0.21338,0.078687,0.28594,0.12697,0.38363,0.11819,0.33539,0.32778,0.23458,0.36174,0.22043,0.49962,0.17226,0.65703,0.65896,0.084286,0.059358,0.098799,0.23356,0.14189,0.20034,0.071558,0.10602
3.13,0.07525,0.09742,0.15284,0.20567,0.26707,0.063783,0.46641,0.31919,0.093714,0.44191,0.096577,0.18723,0.51721,0.1478,0.31639,0.13658,0.21164,0.078852,0.28574,0.12569,0.38321,0.1175,0.33324,0.32727,0.23507,0.35959,0.21872,0.49276,0.17108,0.64946,0.66294,0.08386,0.059849,0.097704,0.23175,0.14215,0.20014,0.072795,0.10591
3.14,0.075476,0.096509,0.15234,0.20371,0.26509,0.063384,0.46538,0.31764,0.092779,0.43792,0.09602,0.1862,0.51403,0.1464,0.31491,0.13535,0.20994,0.078989,0.28553,0.12445,0.38269,0.11678,0.33083,0.32657,0.23556,0.35745,0.21701,0.48595,0.1699,0.64194,0.66625,0.08343,0.060347,0.096846,0.22995,0.14232,0.19993,0.073912,0.10581
3.15,0.075664,0.095608,0.15183,0.20173,0.26312,0.062994,0.46424,0.316,0.091851,0.43393,0.095466,0.18517,0.51078,0.145,0.31346,0.13477,0.20828,0.079099,0.28531,0.12324,0.38206,0.11604,0.32819,0.32567,0.23605,0.35531,0.21532,0.47916,0.16865,0.63435,0.66895,0.082991,0.060849,0.096013,0.22815,0.14239,0.19972,0.074904,0.10571
3.16,0.075837,0.094718,0.15132,0.19975,0.26116,0.062615,0.463,0.31426,0.090931,0.42993,0.094915,0.18414,0.50749,0.1436,0.31197,0.13421,0.20666,0.079186,0.28509,0.12204,0.38133,0.11527,0.32529,0.32456,0.23651,0.35317,0.21363,0.47235,0.16738,0.62686,0.67097,0.082547,0.061352,0.095197,0.22636,0.14237,0.19952,0.075765,0.10562
3.17,0.075979,0.093841,0.15079,0.19776,0.25921,0.062245,0.46166,0.31242,0.090019,0.42591,0.094367,0.18313,0.50414,0.14221,0.31047,0.13365,0.20508,0.079248,0.28487,0.12086,0.38051,0.11447,0.32217,0.32327,0.23693,0.35103,0.21195,0.46565,0.16607,0.6193,0.67229,0.082101,0.061848,0.094391,0.22458,0.14225,0.19931,0.076497,0.10554
3.18,0.0761,0.093035,0.15026,0.19575,0.25728,0.061882,0.46022,0.31049,0.089116,0.42189,0.093822,0.18212,0.50072,0.14082,0.30897,0.1331,0.20354,0.079284,0.28464,0.11967,0.3796,0.11365,0.31882,0.32176,0.2373,0.3489,0.21028,0.45893,0.16472,0.61179,0.67293,0.081658,0.062332,0.093595,0.2228,0.14204,0.19911,0.077316,0.10546
3.19,0.076177,0.092244,0.14972,0.19374,0.25536,0.061528,0.45868,0.30847,0.088222,0.41786,0.09328,0.18111,0.49722,0.13943,0.30743,0.13255,0.20245,0.079297,0.2844,0.11849,0.3786,0.1128,0.31525,0.32005,0.23759,0.34677,0.20862,0.45224,0.16334,0.60429,0.67292,0.081225,0.0628,0.092814,0.22103,0.14173,0.19891,0.078267,0.10539
3.2,0.076229,0.091462,0.14916,0.19171,0.25386,0.061181,0.45704,0.30635,0.087338,0.41436,0.092741,0.18011,0.49365,0.13805,0.30591,0.13201,0.20339,0.079287,0.28416,0.11731,0.37753,0.11193,0.31148,0.31814,0.2378,0.34464,0.20696,0.44562,0.16191,0.59674,0.67222,0.080799,0.063247,0.092051,0.21927,0.14133,0.19871,0.078994,0.10532
3.21,0.076214,0.090682,0.1486,0.18967,0.25282,0.06084,0.45529,0.30413,0.086465,0.41266,0.092204,0.17912,0.49,0.13667,0.30436,0.13147,0.2043,0.079256,0.28391,0.11614,0.37638,0.11104,0.30751,0.31603,0.23792,0.34251,0.20532,0.43899,0.16047,0.58931,0.67084,0.080381,0.06367,0.091313,0.21752,0.14084,0.19853,0.079498,0.10526
3.22,0.07618,0.089912,0.14803,0.18762,0.25178,0.060506,0.45345,0.30182,0.085602,0.41091,0.091671,0.17813,0.48628,0.1353,0.30279,0.13094,0.20519,0.079204,0.28365,0.11497,0.37516,0.11013,0.30336,0.31371,0.23795,0.34039,0.20368,0.43245,0.15899,0.58184,0.6688,0.079974,0.06406,0.090605,0.21577,0.14024,0.19836,0.079783,0.10521
3.23,0.076097,0.089144,0.14745,0.18555,0.25073,0.060177,0.45152,0.29941,0.08475,0.40912,0.091141,0.17715,0.48248,0.13393,0.30124,0.13041,0.20608,0.079131,0.28339,0.1138,0.37387,0.10923,0.29924,0.3112,0.2379,0.33827,0.20206,0.42594,0.15747,0.57437,0.66614,0.079578,0.064416,0.090117,0.21404,0.13955,0.19819,0.079853,0.10546
3.24,0.075961,0.088383,0.14687,0.18347,0.24967,0.059855,0.4495,0.2969,0.083911,0.40729,0.090613,0.17618,0.4786,0.13257,0.29965,0.12989,0.20694,0.079038,0.28311,0.11264,0.37248,0.10832,0.30048,0.30848,0.23776,0.33615,0.20045,0.41946,0.15593,0.56698,0.66281,0.079198,0.064735,0.089949,0.21231,0.13876,0.19805,0.079712,0.10616
3.25,0.075812,0.087627,0.14628,0.18138,0.2486,0.05954,0.4474,0.2943,0.083089,0.40542,0.090089,0.17521,0.47464,0.13121,0.29807,0.12938,0.20778,0.07893,0.28282,0.11148,0.37102,0.10743,0.30255,0.30559,0.23754,0.33403,0.19885,0.41306,0.15517,0.55957,0.65881,0.078834,0.065018,0.089782,0.2106,0.13788,0.19793,0.079368,0.1069
3.26,0.075638,0.086873,0.14569,0.17928,0.24754,0.059228,0.44523,0.29161,0.082278,0.40352,0.089567,0.17424,0.47059,0.12986,0.29647,0.12887,0.20859,0.078806,0.28252,0.11033,0.36948,0.10654,0.30509,0.30251,0.23723,0.33192,0.19726,0.40668,0.15501,0.55217,0.65419,0.078484,0.065264,0.089628,0.20892,0.13691,0.19789,0.078826,0.10768
3.27,0.07548,0.086128,0.14509,0.17718,0.24646,0.058922,0.44298,0.28882,0.081479,0.40158,0.089048,0.17329,0.46645,0.12851,0.29486,0.12836,0.20938,0.078669,0.2822,0.10918,0.36785,0.10566,0.30766,0.29924,0.23683,0.32981,0.19568,0.40037,0.15481,0.54487,0.64896,0.078148,0.06547,0.089489,0.20725,0.13585,0.1979,0.07809,0.10848
3.28,0.075325,0.085387,0.14449,0.17508,0.24539,0.058619,0.44066,0.28595,0.080692,0.3996,0.088532,0.17234,0.46223,0.1272,0.29325,0.12785,0.21015,0.078524,0.28188,0.10805,0.36614,0.10478,0.31026,0.2958,0.23634,0.32771,0.19412,0.39412,0.15458,0.53755,0.64312,0.077827,0.065627,0.089374,0.2056,0.1347,0.19794,0.077782,0.1093
3.29,0.075122,0.084649,0.14389,0.17298,0.2443,0.05832,0.43829,0.28299,0.079918,0.39758,0.088019,0.17139,0.45791,0.1259,0.29162,0.12735,0.2109,0.078372,0.28352,0.10692,0.36435,0.10391,0.31288,0.29219,0.23576,0.32562,0.19257,0.3879,0.15435,0.53024,0.63669,0.077521,0.065728,0.089286,0.20396,0.13347,0.19798,0.07741,0.11014
3.3,0.074909,0.083916,0.14329,0.17088,0.24322,0.058024,0.43584,0.27995,0.079156,0.39554,0.087512,0.17046,0.4535,0.1246,0.29,0.12685,0.21163,0.078215,0.28506,0.10581,0.36247,0.10303,0.31553,0.28842,0.23509,0.32352,0.19104,0.38178,0.15408,0.52302,0.62976,0.077236,0.065764,0.089231,0.20233,0.13217,0.19805,0.076953,0.11101
3.31,0.074631,0.083191,0.14268,0.16878,0.24212,0.057731,0.43333,0.27683,0.078406,0.39347,0.087007,0.16954,0.449,0.12331,0.28835,0.12636,0.21234,0.078049,0.28644,0.1047,0.3605,0.10214,0.3182,0.28449,0.23433,0.32144,0.18951,0.37659,0.15378,0.51583,0.6223,0.076966,0.066776,0.089215,0.20071,0.13081,0.19813,0.076404,0.11188
3.32,0.074353,0.082469,0.14207,0.16669,0.24103,0.057443,0.43076,0.27364,0.07767,0.39136,0.086506,0.16862,0.44441,0.12202,0.2867,0.12586,0.21301,0.077875,0.28767,0.10361,0.35843,0.10124,0.32088,0.28043,0.23347,0.31935,0.18801,0.37224,0.15346,0.50865,0.61433,0.07671,0.067806,0.08924,0.1991,0.12937,0.19822,0.075756,0.11276
3.33,0.074021,0.08175,0.14147,0.16459,0.23993,0.057158,0.42814,0.27038,0.076946,0.38922,0.086007,0.16771,0.43972,0.12074,0.28506,0.12537,0.21366,0.077689,0.28875,0.10253,0.35626,0.10034,0.32358,0.27623,0.23253,0.31727,0.18652,0.36792,0.15312,0.5015,0.60588,0.076465,0.068824,0.089311,0.1975,0.12789,0.19833,0.075007,0.11364
3.34,0.073687,0.081038,0.14086,0.16249,0.23882,0.056874,0.42546,0.26706,0.076236,0.38705,0.085512,0.16681,0.43495,0.11947,0.28338,0.12488,0.21428,0.07749,0.28969,0.10146,0.35399,0.099421,0.32629,0.2719,0.23271,0.31519,0.18504,0.36364,0.15275,0.49446,0.597,0.07623,0.069823,0.08943,0.19591,0.12637,0.19845,0.074153,0.11452
3.35,0.073422,0.080332,0.14025,0.16039,0.23772,0.056592,0.42271,0.26368,0.075538,0.38485,0.085019,0.16591,0.43007,0.1182,0.28173,0.1244,0.21488,0.077276,0.29049,0.1004,0.35163,0.098496,0.32901,0.26745,0.23417,0.31312,0.18358,0.35938,0.15236,0.48744,0.58767,0.076004,0.0708,0.089601,0.19432,0.1248,0.19858,0.07319,0.1154
3.36,0.07317,0.079629,0.13965,0.1583,0.2366,0.056312,0.41992,0.26026,0.074854,0.38262,0.084529,0.16501,0.42512,0.11694,0.28006,0.12392,0.21544,0.077047,0.29117,0.099361,0.35023,0.097561,0.33174,0.26289,0.23547,0.31106,0.18214,0.35513,0.15195,0.48045,0.57794,0.075782,0.071744,0.089825,0.19273,0.1232,0.19873,0.072116,0.11626
3.37,0.072897,0.07893,0.13905,0.15622,0.2355,0.056033,0.41707,0.25679,0.074182,0.38038,0.084041,0.16412,0.42007,0.11569,0.27839,0.12345,0.21598,0.076803,0.29173,0.098335,0.34921,0.096618,0.33447,0.26094,0.23661,0.309,0.1807,0.35094,0.15152,0.47348,0.56784,0.075564,0.072651,0.090105,0.19115,0.12158,0.19888,0.071363,0.11712
3.38,0.072603,0.078238,0.13845,0.15415,0.23438,0.055755,0.41416,0.25328,0.073524,0.3781,0.083557,0.16324,0.41574,0.11444,0.27671,0.12298,0.21648,0.076543,0.29216,0.097322,0.34816,0.09567,0.33719,0.26017,0.23759,0.30694,0.17928,0.34676,0.15106,0.46664,0.55735,0.075345,0.073517,0.090441,0.18957,0.11994,0.19906,0.071696,0.11795
3.39,0.072282,0.077552,0.13785,0.15209,0.23326,0.055481,0.41121,0.24974,0.072879,0.37579,0.083075,0.16236,0.41279,0.1132,0.27503,0.12251,0.21695,0.076269,0.29249,0.096325,0.34708,0.094716,0.33992,0.25924,0.23839,0.30489,0.17787,0.3426,0.15059,0.45984,0.54827,0.075126,0.074336,0.090834,0.188,0.11829,0.19924,0.072008,0.11877
3.4,0.071963,0.076869,0.13726,0.15005,0.23214,0.055206,0.4082,0.24617,0.072247,0.37347,0.082597,0.16149,0.40983,0.11197,0.27335,0.12204,0.21738,0.075981,0.29271,0.095346,0.34596,0.09411,0.34264,0.25816,0.23903,0.30284,0.17647,0.3385,0.15009,0.45307,0.53972,0.074903,0.075102,0.091283,0.18643,0.11665,0.19945,0.072298,0.11957
3.41,0.071631,0.076191,0.13667,0.14801,0.23102,0.054932,0.40513,0.24258,0.071628,0.37112,0.082121,0.16062,0.40686,0.11074,0.27165,0.12158,0.21778,0.07568,0.29293,0.094382,0.3448,0.093584,0.34535,0.25692,0.23949,0.30079,0.17508,0.33441,0.14957,0.44635,0.53083,0.074681,0.075812,0.09179,0.18487,0.115,0.19967,0.072567,0.12056
3.42,0.071297,0.075517,0.13608,0.14669,0.22989,0.054659,0.40201,0.23896,0.071022,0.36875,0.081647,0.15976,0.40388,0.10952,0.26998,0.12111,0.21813,0.075368,0.29449,0.093433,0.34359,0.093043,0.34804,0.25553,0.23979,0.29875,0.1737,0.33034,0.14904,0.43972,0.52168,0.074455,0.076463,0.092352,0.18331,0.11337,0.19991,0.072815,0.12156
3.43,0.070908,0.074851,0.13549,0.14582,0.22877,0.054385,0.39884,0.23532,0.070429,0.36636,0.081177,0.15891,0.40088,0.10831,0.26827,0.12065,0.21845,0.075044,0.29592,0.092499,0.34235,0.092489,0.35073,0.254,0.24,0.29671,0.17233,0.32632,0.14849,0.43317,0.51223,0.074222,0.07705,0.092968,0.18177,0.11175,0.20018,0.07304,0.12251
3.44,0.070517,0.07419,0.13491,0.14495,0.22764,0.054111,0.39562,0.23166,0.069849,0.36394,0.080709,0.15806,0.39787,0.10711,0.26659,0.12019,0.21873,0.074714,0.29721,0.09158,0.34104,0.091919,0.3534,0.25232,0.24026,0.29468,0.17097,0.32233,0.14791,0.42666,0.50255,0.073991,0.077572,0.093635,0.18023,0.11016,0.20049,0.073242,0.12343
3.45,0.070074,0.073533,0.13433,0.14408,0.22651,0.053838,0.39235,0.22799,0.069281,0.36151,0.080245,0.15721,0.39485,0.10591,0.26489,0.11973,0.21897,0.074375,0.29836,0.090682,0.33969,0.091333,0.35605,0.25051,0.24039,0.29266,0.16962,0.31837,0.14733,0.42021,0.49266,0.073751,0.078027,0.094353,0.17871,0.10858,0.20082,0.073421,0.12431
3.46,0.06962,0.07288,0.13375,0.14321,0.22538,0.053566,0.38904,0.2243,0.068726,0.35906,0.079783,0.15665,0.39181,0.10473,0.2632,0.11927,0.21917,0.07403,0.29935,0.089798,0.33829,0.090732,0.35868,0.24856,0.24039,0.29063,0.16828,0.31442,0.14673,0.41383,0.48333,0.073508,0.078412,0.095116,0.1772,0.10704,0.20117,0.073576,0.12513
3.47,0.069126,0.072231,0.13317,0.14233,0.22425,0.053293,0.38568,0.22061,0.068183,0.35659,0.079323,0.15644,0.38876,0.10355,0.2615,0.11881,0.21933,0.073679,0.30018,0.08893,0.33683,0.090116,0.36128,0.24649,0.24027,0.28862,0.16694,0.31054,0.1461,0.40792,0.47928,0.073251,0.078726,0.095924,0.17569,0.10552,0.20155,0.073709,0.1259
3.48,0.06863,0.07159,0.13258,0.14146,0.22312,0.053019,0.38228,0.21691,0.067653,0.35411,0.078867,0.15615,0.38569,0.10238,0.2598,0.11837,0.21944,0.073319,0.30086,0.088078,0.33533,0.089487,0.36386,0.24429,0.24003,0.2866,0.16562,0.30668,0.14547,0.40323,0.47513,0.072984,0.078969,0.096773,0.1742,0.10404,0.20195,0.073818,0.12662
3.49,0.068099,0.070954,0.132,0.14057,0.22199,0.052744,0.37884,0.21321,0.067135,0.3516,0.078413,0.15584,0.38261,0.10121,0.2581,0.11792,0.2195,0.072952,0.30138,0.087241,0.33378,0.088844,0.36642,0.24197,0.23967,0.2846,0.1643,0.30284,0.14483,0.39861,0.47088,0.072698,0.07914,0.097658,0.17337,0.10259,0.20237,0.073905,0.12728
3.5,0.067562,0.070323,0.13142,0.13969,0.22086,0.052468,0.37536,0.2095,0.066629,0.34909,0.077962,0.15546,0.37952,0.10006,0.25639,0.11747,0.21951,0.072578,0.30175,0.086419,0.33218,0.088189,0.36894,0.23954,0.23921,0.28259,0.163,0.29904,0.14416,0.39402,0.46653,0.072398,0.079241,0.098578,0.17368,0.10118,0.20281,0.073971,0.12788
3.51,0.067017,0.069696,0.13084,0.13881,0.21973,0.052193,0.37185,0.2058,0.066135,0.34657,0.077514,0.15504,0.37642,0.098909,0.2547,0.11703,0.21946,0.072202,0.30197,0.085614,0.33054,0.087522,0.37143,0.237,0.23866,0.2806,0.1617,0.29529,0.14349,0.38946,0.46208,0.072073,0.079273,0.099527,0.17404,0.099804,0.20328,0.074016,0.12843
3.52,0.066479,0.069131,0.13026,0.13792,0.2186,0.051917,0.36832,0.20211,0.065652,0.34403,0.077068,0.15458,0.37331,0.09777,0.25298,0.11658,0.21936,0.071835,0.30203,0.084826,0.32885,0.086844,0.3739,0.23437,0.23803,0.27861,0.16041,0.29157,0.1428,0.38492,0.45753,0.071727,0.079236,0.1005,0.17444,0.09847,0.20376,0.074044,0.12892
3.53,0.065946,0.068811,0.12968,0.13703,0.21747,0.05164,0.36476,0.19843,0.065181,0.34148,0.076625,0.15406,0.37019,0.09664,0.25129,0.11614,0.2192,0.07148,0.30195,0.084052,0.32713,0.08616,0.37633,0.23164,0.23732,0.27663,0.15913,0.28788,0.1421,0.38041,0.45293,0.07135,0.079133,0.1015,0.17489,0.097176,0.20427,0.074052,0.12934
3.54,0.065375,0.068487,0.12911,0.13614,0.21634,0.051361,0.36119,0.19476,0.064721,0.33892,0.076185,0.15352,0.36707,0.095518,0.24959,0.1157,0.21899,0.071124,0.30172,0.083293,0.32535,0.085475,0.37872,0.22881,0.23655,0.27465,0.15785,0.28422,0.14139,0.37597,0.44824,0.070939,0.078964,0.10251,0.17537,0.095922,0.2048,0.074045,0.12971
3.55,0.064796,0.068161,0.12853,0.13524,0.21521,0.05108,0.35759,0.19111,0.064272,0.33636,0.075748,0.15295,0.36394,0.094404,0.2479,0.11526,0.21871,0.07076,0.30135,0.082549,0.32354,0.084809,0.38109,0.22591,0.23571,0.27268,0.15659,0.28062,0.14067,0.37156,0.44347,0.070499,0.078732,0.10353,0.17588,0.094709,0.20534,0.07403,0.13001
3.56,0.064187,0.067836,0.12797,0.13435,0.21408,0.050798,0.35399,0.18747,0.063835,0.33379,0.075313,0.15235,0.3608,0.0933,0.2462,0.11482,0.21837,0.070389,0.30085,0.081818,0.32168,0.084181,0.38341,0.22293,0.23479,0.27071,0.15533,0.27705,0.13994,0.36718,0.43862,0.070022,0.078437,0.10455,0.17642,0.093537,0.20589,0.074319,0.13026
3.57,0.063536,0.06751,0.1274,0.13345,0.21295,0.050517,0.35037,0.18386,0.063408,0.33121,0.074881,0.15173,0.35766,0.092203,0.24452,0.11438,0.21796,0.07001,0.30117,0.081102,0.31979,0.083575,0.38571,0.21988,0.23378,0.26875,0.15407,0.27351,0.1392,0.36284,0.43369,0.069507,0.078082,0.10558,0.17699,0.092404,0.20646,0.075271,0.13045
3.58,0.062871,0.067182,0.12685,0.13255,0.21182,0.050234,0.34676,0.18026,0.062991,0.32862,0.074451,0.15112,0.35452,0.091116,0.24283,0.11394,0.2175,0.069623,0.30166,0.080399,0.31784,0.082971,0.38797,0.21676,0.2327,0.2668,0.15283,0.27,0.13846,0.35852,0.43086,0.068962,0.077671,0.1066,0.17758,0.091311,0.20705,0.076295,0.13057
3.59,0.062188,0.066851,0.1263,0.13165,0.2107,0.04995,0.34313,0.1767,0.062585,0.32604,0.074025,0.15054,0.35137,0.090038,0.24116,0.11351,0.21697,0.06923,0.30213,0.079711,0.31585,0.082369,0.3902,0.21359,0.23152,0.26485,0.1516,0.26656,0.13771,0.35426,0.42864,0.068381,0.077204,0.10761,0.17819,0.090254,0.20766,0.077388,0.13063
3.6,0.06147,0.066519,0.12576,0.13101,0.20957,0.049663,0.33952,0.17316,0.062189,0.32346,0.073603,0.14999,0.34823,0.08945,0.23948,0.11308,0.21637,0.068858,0.30258,0.079037,0.31382,0.081765,0.39239,0.21035,0.23025,0.26291,0.15037,0.26314,0.13695,0.35005,0.42637,0.067771,0.076684,0.1086,0.17881,0.089231,0.20828,0.078543,0.13062
3.61,0.06075,0.066189,0.12523,0.13045,0.20845,0.049375,0.33592,0.16965,0.061803,0.32087,0.073183,0.14947,0.34508,0.08908,0.23782,0.11265,0.2157,0.068801,0.30301,0.078376,0.31174,0.081158,0.39455,0.20708,0.2289,0.26097,0.14916,0.25976,0.1362,0.34588,0.42399,0.067137,0.076114,0.10957,0.17945,0.088239,0.20892,0.079752,0.13055
3.62,0.060044,0.065857,0.12472,0.12989,0.20733,0.049085,0.33234,0.16618,0.061427,0.31828,0.072766,0.14893,0.34192,0.088748,0.23616,0.11222,0.21496,0.068712,0.30342,0.077727,0.30961,0.080547,0.39668,0.20376,0.22746,0.25904,0.14794,0.25642,0.13545,0.34173,0.42157,0.066835,0.075497,0.11052,0.1801,0.087277,0.20958,0.081005,0.13041
3.63,0.059378,0.065524,0.12423,0.12934,0.20621,0.048795,0.32879,0.16274,0.06106,0.3157,0.072351,0.14839,0.33878,0.088935,0.2345,0.11179,0.21418,0.068595,0.30381,0.077091,0.30743,0.07993,0.39878,0.20042,0.22594,0.25712,0.14674,0.25311,0.13471,0.33763,0.41909,0.066512,0.074834,0.11143,0.18077,0.086342,0.21026,0.082291,0.1302
3.64,0.058705,0.065189,0.12374,0.12879,0.2051,0.048504,0.3253,0.15934,0.060702,0.31313,0.071939,0.14781,0.33563,0.089091,0.23286,0.11136,0.21332,0.068453,0.30418,0.076466,0.3052,0.079306,0.40084,0.19704,0.22433,0.25521,0.14555,0.24986,0.13397,0.33357,0.41653,0.066832,0.074129,0.11231,0.18144,0.08543,0.21096,0.083596,0.12992
3.65,0.058028,0.064853,0.12327,0.12824,0.20398,0.04821,0.32189,0.15597,0.060354,0.31056,0.07153,0.14722,0.33249,0.089216,0.23121,0.11094,0.21239,0.068282,0.30454,0.075852,0.30292,0.078675,0.40287,0.19364,0.22265,0.2533,0.14436,0.24664,0.13324,0.32956,0.41394,0.067136,0.074345,0.11315,0.18211,0.084536,0.21167,0.084909,0.12958
3.66,0.057321,0.064519,0.1228,0.12769,0.20286,0.047914,0.31871,0.15265,0.060014,0.30799,0.071123,0.1466,0.32935,0.089311,0.22958,0.11051,0.21139,0.068082,0.30488,0.075249,0.3006,0.078036,0.40487,0.19022,0.22089,0.2514,0.14318,0.24346,0.1325,0.32559,0.41128,0.067419,0.075513,0.11395,0.18279,0.083658,0.21239,0.086216,0.12919
3.67,0.056608,0.064185,0.12232,0.12715,0.20176,0.047617,0.31612,0.14938,0.059683,0.30543,0.070719,0.14595,0.32621,0.089377,0.22795,0.11008,0.21033,0.067851,0.3052,0.074656,0.29822,0.077391,0.40685,0.1868,0.21906,0.2495,0.14201,0.24031,0.13176,0.32166,0.40857,0.067681,0.076717,0.11469,0.18346,0.082792,0.21313,0.087502,0.12976
3.68,0.055882,0.06385,0.12185,0.12661,0.20064,0.047319,0.31485,0.14615,0.059361,0.30287,0.070317,0.14527,0.32308,0.089414,0.22634,0.10966,0.20921,0.067591,0.30551,0.074073,0.2958,0.076739,0.40881,0.18337,0.21716,0.24762,0.14084,0.2372,0.13101,0.31776,0.40583,0.067926,0.077943,0.11539,0.18414,0.081933,0.21388,0.088758,0.13031
3.69,0.05513,0.063513,0.12137,0.12607,0.19954,0.047019,0.31406,0.14296,0.059046,0.30033,0.069918,0.14456,0.31996,0.089448,0.22472,0.10923,0.20802,0.067305,0.30581,0.073501,0.29332,0.07608,0.41074,0.17994,0.21519,0.24574,0.13968,0.23414,0.13026,0.31391,0.40303,0.068148,0.079183,0.11603,0.18482,0.08108,0.21464,0.08997,0.13077
3.7,0.054354,0.063176,0.12089,0.12553,0.19844,0.046718,0.31324,0.13983,0.05874,0.29779,0.069521,0.14384,0.31684,0.089469,0.22312,0.10881,0.20676,0.066999,0.30609,0.072939,0.2908,0.075415,0.41266,0.17653,0.21317,0.24386,0.13853,0.23112,0.1295,0.31012,0.4002,0.068349,0.080428,0.11661,0.18549,0.080226,0.21541,0.091129,0.13116
3.71,0.053583,0.062842,0.12041,0.12499,0.19733,0.046415,0.31238,0.13675,0.058441,0.29526,0.069127,0.14309,0.31372,0.089462,0.22153,0.1084,0.20596,0.06667,0.30635,0.072386,0.28823,0.074742,0.41456,0.17312,0.21109,0.24199,0.13739,0.22814,0.12874,0.30636,0.39734,0.068527,0.081665,0.11713,0.18615,0.079368,0.21618,0.092223,0.13147
3.72,0.052798,0.062507,0.11992,0.12446,0.19624,0.04611,0.31148,0.13373,0.05815,0.29274,0.068735,0.14232,0.31061,0.089429,0.21993,0.10798,0.20516,0.06638,0.30659,0.07184,0.28561,0.074065,0.41644,0.16974,0.20896,0.24013,0.13626,0.22519,0.12797,0.30264,0.39442,0.068684,0.082887,0.1176,0.18681,0.078504,0.21697,0.093276,0.13171
3.73,0.051993,0.062172,0.11944,0.12393,0.19514,0.045804,0.31056,0.13076,0.057866,0.29024,0.068346,0.14154,0.30752,0.089369,0.21836,0.10756,0.20428,0.066293,0.30681,0.071303,0.28294,0.073383,0.41828,0.16638,0.20678,0.23828,0.13513,0.22227,0.12719,0.29896,0.3915,0.068821,0.084086,0.118,0.18746,0.077628,0.21777,0.094365,0.13188
3.74,0.051181,0.061835,0.11895,0.1234,0.19405,0.045497,0.30961,0.12785,0.05759,0.28774,0.067959,0.14075,0.30443,0.089284,0.21679,0.10715,0.20337,0.066204,0.30701,0.070772,0.28023,0.072695,0.42007,0.16306,0.20456,0.23643,0.13401,0.2194,0.12641,0.29532,0.38852,0.068937,0.085256,0.11834,0.18811,0.076738,0.21858,0.095378,0.13198
3.75,0.050373,0.061501,0.11847,0.12288,0.19296,0.045189,0.30863,0.12632,0.05732,0.28525,0.067574,0.13995,0.30135,0.089174,0.21522,0.10673,0.20239,0.066107,0.30717,0.070248,0.27766,0.072002,0.42181,0.15977,0.2023,0.23459,0.13291,0.21657,0.12561,0.29174,0.38553,0.069033,0.08639,0.11862,0.18874,0.075831,0.21939,0.096311,0.13203
3.76,0.049561,0.061168,0.11798,0.12235,0.19187,0.044878,0.30763,0.12497,0.057057,0.28277,0.067193,0.13915,0.29828,0.089073,0.21367,0.10631,0.20137,0.065998,0.30731,0.06973,0.27565,0.071306,0.42351,0.15652,0.20001,0.23275,0.1318,0.21378,0.12482,0.2882,0.38251,0.06911,0.087483,0.11883,0.18936,0.074903,0.22021,0.097161,0.13202
3.77,0.048757,0.060834,0.11749,0.12183,0.19079,0.044566,0.3066,0.12362,0.056801,0.28031,0.066813,0.13836,0.29522,0.088952,0.21212,0.1059,0.20028,0.06588,0.3074,0.069217,0.27362,0.070606,0.42516,0.15331,0.19768,0.23093,0.13071,0.21102,0.12402,0.2847,0.37946,0.069168,0.088529,0.11898,0.18997,0.074156,0.22103,0.097926,0.13195
3.78,0.047962,0.0605,0.117,0.12131,0.18971,0.044252,0.30554,0.12228,0.05655,0.27785,0.066436,0.13757,0.29218,0.088807,0.21059,0.10548,0.19915,0.065752,0.30747,0.06871,0.27158,0.069902,0.42677,0.15016,0.19533,0.2291,0.12962,0.2083,0.12321,0.28123,0.3764,0.069207,0.089526,0.11906,0.19057,0.074022,0.22185,0.098605,0.13184
3.79,0.04717,0.060167,0.11652,0.1208,0.18863,0.043938,0.30446,0.12095,0.056306,0.27541,0.066061,0.13677,0.28915,0.088639,0.20906,0.10506,0.19797,0.065612,0.3075,0.068208,0.26953,0.069196,0.42854,0.14707,0.19296,0.22729,0.12854,0.20562,0.1224,0.27781,0.3733,0.069226,0.090471,0.11907,0.19116,0.073885,0.22268,0.099196,0.13168
3.8,0.046378,0.059836,0.11603,0.12028,0.18756,0.043623,0.30336,0.11963,0.056068,0.27298,0.065689,0.13597,0.28613,0.088448,0.20753,0.10465,0.19674,0.065457,0.30749,0.067712,0.26747,0.068487,0.43128,0.14404,0.19135,0.22548,0.12747,0.20297,0.12159,0.27443,0.37022,0.069226,0.091365,0.11902,0.19173,0.073745,0.22351,0.099702,0.13148
3.81,0.045579,0.059505,0.11554,0.11977,0.18649,0.043306,0.30222,0.11832,0.055836,0.27056,0.065319,0.13516,0.28313,0.088236,0.20602,0.10425,0.19545,0.065289,0.30744,0.06722,0.26541,0.067776,0.43396,0.14107,0.18992,0.22367,0.12641,0.20035,0.12077,0.2711,0.36709,0.069203,0.092201,0.11891,0.19229,0.073599,0.22435,0.10013,0.13125
3.82,0.044793,0.059174,0.11505,0.11926,0.18542,0.042988,0.30106,0.11702,0.055609,0.26815,0.064951,0.13432,0.28014,0.088023,0.20451,0.10384,0.19413,0.065106,0.30736,0.066732,0.26334,0.067065,0.43658,0.13817,0.18836,0.22187,0.12535,0.19778,0.11996,0.26781,0.36397,0.069156,0.092988,0.11874,0.19283,0.073452,0.22518,0.10047,0.13099
3.83,0.044,0.058844,0.11456,0.11875,0.18436,0.042667,0.29986,0.11573,0.055387,0.26575,0.064586,0.13348,0.27716,0.087803,0.20302,0.10343,0.19275,0.064908,0.30724,0.066246,0.26126,0.066353,0.43915,0.13535,0.18669,0.22008,0.1244,0.19524,0.11914,0.26456,0.36083,0.069086,0.093721,0.11866,0.19336,0.073301,0.22602,0.10075,0.1307
3.84,0.043202,0.058516,0.11407,0.11825,0.1833,0.042347,0.29864,0.11445,0.055171,0.26336,0.064223,0.13262,0.27421,0.087563,0.20152,0.10302,0.19134,0.064696,0.30708,0.065764,0.25918,0.065641,0.44163,0.1326,0.18491,0.2183,0.12385,0.19274,0.11833,0.26136,0.35769,0.068992,0.094404,0.11866,0.19387,0.073147,0.22685,0.10095,0.13039
3.85,0.042408,0.058188,0.11358,0.11775,0.18224,0.042026,0.29741,0.11318,0.054959,0.26098,0.063863,0.13176,0.27127,0.087303,0.20004,0.10262,0.18987,0.064471,0.30688,0.065283,0.25709,0.06493,0.44404,0.12994,0.18304,0.21652,0.12331,0.19028,0.11752,0.25819,0.35453,0.068876,0.09504,0.11861,0.19436,0.072991,0.22769,0.1011,0.13007
3.86,0.041623,0.05786,0.11309,0.11725,0.18119,0.041703,0.29614,0.11191,0.054753,0.25861,0.063505,0.13088,0.26835,0.087023,0.19857,0.10221,0.18837,0.064233,0.30665,0.064805,0.255,0.064221,0.44635,0.12735,0.18108,0.21475,0.12277,0.18784,0.11671,0.25506,0.35137,0.068736,0.095627,0.11851,0.19484,0.072832,0.22853,0.10119,0.12973
3.87,0.040836,0.057533,0.1126,0.11675,0.18014,0.041379,0.29485,0.11065,0.054551,0.25625,0.063149,0.13,0.26545,0.086724,0.1971,0.1018,0.18682,0.063984,0.30639,0.064329,0.2529,0.064544,0.44856,0.12485,0.17903,0.21298,0.12223,0.18545,0.11589,0.25197,0.34821,0.068573,0.09617,0.11835,0.1953,0.072673,0.22937,0.10124,0.1294
3.88,0.040049,0.057208,0.11211,0.11625,0.1791,0.041054,0.29353,0.1094,0.054353,0.25391,0.062795,0.12912,0.26256,0.086427,0.19564,0.10139,0.18524,0.063724,0.30608,0.063855,0.25079,0.065444,0.45066,0.12244,0.17692,0.21122,0.1217,0.18308,0.11508,0.24894,0.34504,0.068387,0.096671,0.11814,0.19574,0.072511,0.2302,0.10125,0.12906
3.89,0.039264,0.056884,0.11162,0.11576,0.17806,0.040728,0.29219,0.10816,0.05416,0.25157,0.062444,0.12849,0.25969,0.086125,0.1942,0.10099,0.18362,0.063454,0.30574,0.063381,0.24868,0.066331,0.45266,0.12012,0.17474,0.20946,0.12117,0.18075,0.11427,0.24594,0.34188,0.068178,0.097126,0.11788,0.19625,0.072349,0.23103,0.10124,0.12873
3.9,0.03849,0.05656,0.11113,0.11527,0.17702,0.040402,0.29083,0.10691,0.05397,0.24925,0.062095,0.12794,0.25684,0.085805,0.19276,0.10058,0.18196,0.063177,0.30537,0.062911,0.24657,0.067201,0.45456,0.11788,0.1725,0.20771,0.12064,0.17846,0.11346,0.24298,0.33871,0.067946,0.097543,0.11758,0.1976,0.072185,0.23186,0.10121,0.12841
3.91,0.037897,0.056236,0.11063,0.11478,0.17599,0.040075,0.28944,0.10568,0.053785,0.24693,0.061748,0.12739,0.254,0.085467,0.19134,0.10018,0.18028,0.062894,0.30497,0.062441,0.24444,0.068056,0.45636,0.11589,0.17022,0.20596,0.12011,0.17619,0.11265,0.24006,0.33555,0.067692,0.097915,0.11724,0.19896,0.072021,0.23268,0.10117,0.12811
3.92,0.037501,0.055913,0.11013,0.11429,0.17496,0.039747,0.28804,0.10445,0.053604,0.24462,0.061403,0.12683,0.25118,0.085113,0.18992,0.099784,0.17856,0.062611,0.30453,0.061973,0.24232,0.068893,0.45806,0.11526,0.1679,0.20422,0.11958,0.17397,0.11184,0.23719,0.33239,0.067414,0.098254,0.11686,0.20032,0.071856,0.23349,0.10113,0.12782
3.93,0.0371,0.055593,0.10964,0.11381,0.17393,0.039418,0.28661,0.10322,0.053426,0.24233,0.061061,0.12626,0.24838,0.084742,0.18851,0.099385,0.17681,0.06237,0.30406,0.061505,0.24019,0.069713,0.45966,0.11461,0.16555,0.20249,0.11906,0.17177,0.11103,0.23435,0.32924,0.067114,0.098557,0.11645,0.20168,0.071695,0.2343,0.1011,0.12755
3.94,0.036682,0.055274,0.10914,0.11332,0.17291,0.039088,0.28517,0.102,0.053251,0.24004,0.060721,0.12567,0.2456,0.084379,0.18711,0.098986,0.17503,0.062163,0.30356,0.061037,0.23805,0.070516,0.46115,0.11393,0.16317,0.20076,0.11854,0.16961,0.11022,0.23155,0.3261,0.06679,0.098829,0.116,0.20304,0.071605,0.2351,0.10108,0.12732
3.95,0.036263,0.054955,0.10865,0.11284,0.1719,0.038758,0.28369,0.10079,0.05308,0.23776,0.060383,0.12506,0.24284,0.084008,0.1857,0.098587,0.17323,0.061946,0.30304,0.06057,0.23591,0.071299,0.46255,0.11323,0.16077,0.19904,0.11802,0.16749,0.1094,0.22879,0.32296,0.066442,0.099077,0.11552,0.20439,0.071514,0.23589,0.10108,0.12711
3.96,0.035837,0.054636,0.10816,0.11236,0.17088,0.038428,0.28221,0.099581,0.052912,0.2355,0.060047,0.12444,0.24009,0.083622,0.18432,0.098189,0.1714,0.061716,0.30249,0.060103,0.23377,0.072064,0.46383,0.11251,0.15837,0.19732,0.11751,0.1654,0.10858,0.22607,0.31983,0.066069,0.099302,0.11501,0.20574,0.071422,0.23667,0.10112,0.12694
3.97,0.035398,0.054318,0.10767,0.11189,0.16988,0.038097,0.28069,0.098377,0.052747,0.23324,0.059714,0.12379,0.23737,0.083221,0.18394,0.097791,0.16955,0.061474,0.30192,0.059637,0.23162,0.07281,0.46502,0.11177,0.15629,0.19561,0.117,0.16334,0.10776,0.22339,0.31671,0.065672,0.09951,0.11446,0.20708,0.071329,0.23746,0.10118,0.1268
3.98,0.034954,0.054003,0.10718,0.11141,0.16887,0.037765,0.27917,0.097179,0.052585,0.23099,0.059383,0.12313,0.23466,0.082806,0.18394,0.097393,0.16768,0.061222,0.30133,0.05917,0.22947,0.073536,0.4661,0.111,0.15479,0.19475,0.11649,0.16131,0.10694,0.22076,0.31361,0.065249,0.099709,0.11387,0.20842,0.071236,0.23823,0.10128,0.1267
3.99,0.034514,0.053689,0.10669,0.11094,0.16787,0.037433,0.27762,0.095988,0.052426,0.22876,0.059055,0.12245,0.23197,0.082377,0.18392,0.096995,0.16578,0.060963,0.30073,0.058704,0.22733,0.074242,0.46708,0.11022,0.1533,0.19395,0.11598,0.15932,0.10611,0.21816,0.3105,0.064801,0.099899,0.11326,0.20976,0.071141,0.239,0.10143,0.12664
4,0.034066,0.053375,0.10621,0.11047,0.16688,0.0371,0.27606,0.094803,0.052269,0.22653,0.058729,0.12175,0.22931,0.081951,0.18387,0.096598,0.16386,0.060699,0.30011,0.058238,0.22518,0.074929,0.46796,0.10942,0.15182,0.19316,0.11548,0.15736,0.10529,0.2156,0.30743,0.064327,0.10009,0.11262,0.21109,0.071047,0.23977,0.10161,0.12662
4.01,0.033613,0.053062,0.10572,0.11001,0.16589,0.036767,0.27448,0.093625,0.052115,0.22432,0.058405,0.12103,0.22665,0.081524,0.18379,0.096204,0.16193,0.060431,0.29948,0.057773,0.22304,0.075596,0.46874,0.10859,0.15036,0.19236,0.11498,0.15543,0.10446,0.21308,0.30434,0.063827,0.10028,0.11195,0.21241,0.07095,0.24054,0.10184,0.12663
4.02,0.033166,0.052749,0.10524,0.10954,0.1649,0.036435,0.27289,0.092454,0.051963,0.22212,0.058083,0.1203,0.22414,0.081486,0.1837,0.095813,0.15999,0.060187,0.29885,0.057309,0.22091,0.076244,0.46942,0.10775,0.14893,0.19157,0.11448,0.15354,0.10362,0.2106,0.3013,0.063302,0.10047,0.11124,0.21371,0.070854,0.24132,0.1021,0.1267
4.03,0.03272,0.05244,0.10476,0.10908,0.16392,0.036102,0.27128,0.09129,0.051813,0.21992,0.057763,0.11955,0.22255,0.081896,0.18359,0.095422,0.15802,0.059972,0.29823,0.056844,0.21895,0.076872,0.47,0.1069,0.14752,0.19077,0.11398,0.15168,0.10279,0.20816,0.29825,0.063109,0.10068,0.11051,0.21501,0.071038,0.24211,0.10241,0.1268
4.04,0.032272,0.052131,0.10428,0.10862,0.16294,0.035769,0.26967,0.090135,0.051666,0.21774,0.057445,0.11878,0.22097,0.082266,0.18345,0.095032,0.15604,0.059758,0.2976,0.05638,0.21781,0.077482,0.47048,0.10603,0.14702,0.18998,0.11349,0.14985,0.10196,0.20575,0.29522,0.063115,0.1009,0.10974,0.21629,0.07153,0.24291,0.10276,0.12695
4.05,0.031825,0.051823,0.1038,0.10817,0.16197,0.035436,0.26803,0.088988,0.051521,0.21557,0.05713,0.118,0.2194,0.082596,0.1833,0.094642,0.15405,0.059539,0.29697,0.055916,0.21666,0.078074,0.47087,0.10514,0.14721,0.18919,0.113,0.14805,0.10112,0.20338,0.2922,0.063101,0.10113,0.10894,0.21756,0.072006,0.24373,0.10314,0.12714
4.06,0.031386,0.051516,0.10332,0.10772,0.161,0.035102,0.2664,0.087852,0.051377,0.21342,0.056816,0.11721,0.21784,0.082889,0.18312,0.094252,0.15204,0.059313,0.29635,0.055451,0.21552,0.078652,0.47117,0.10423,0.14738,0.1884,0.11251,0.14629,0.10029,0.20105,0.2892,0.063066,0.10138,0.10811,0.21882,0.07249,0.24459,0.10355,0.12737
4.07,0.030953,0.051209,0.10285,0.10726,0.16004,0.034769,0.26474,0.086726,0.051235,0.21127,0.056505,0.11648,0.21629,0.083129,0.18292,0.093862,0.15003,0.059076,0.29574,0.054987,0.21438,0.07922,0.47137,0.10332,0.14753,0.18761,0.11202,0.14456,0.09945,0.19876,0.28622,0.063011,0.10165,0.10725,0.22006,0.073254,0.24549,0.10399,0.12764
4.08,0.030523,0.050905,0.10238,0.10695,0.15908,0.034436,0.26308,0.085666,0.051095,0.20914,0.056195,0.11661,0.21474,0.083348,0.1827,0.093473,0.148,0.058828,0.29514,0.054523,0.21324,0.07979,0.47147,0.10239,0.14767,0.18765,0.11154,0.14359,0.098607,0.1965,0.28324,0.062937,0.10194,0.10636,0.22128,0.074008,0.24642,0.10445,0.12795
4.09,0.030097,0.050602,0.10191,0.10672,0.15813,0.034104,0.26142,0.084933,0.050957,0.20702,0.055888,0.11672,0.21321,0.083503,0.18245,0.093084,0.14597,0.058565,0.29454,0.054059,0.2121,0.080358,0.47148,0.10144,0.14778,0.18905,0.11106,0.14276,0.097772,0.19428,0.28029,0.062844,0.10225,0.10545,0.22248,0.074751,0.24736,0.10493,0.1283
4.1,0.029677,0.0503,0.10145,0.10649,0.15718,0.033771,0.25974,0.084202,0.05082,0.20492,0.055583,0.11682,0.21168,0.083634,0.1822,0.092696,0.14393,0.058289,0.29395,0.053595,0.21097,0.080919,0.4714,0.10168,0.14789,0.19039,0.11058,0.14194,0.096933,0.19209,0.27736,0.062734,0.10259,0.10451,0.22367,0.075482,0.2483,0.10541,0.12868
4.11,0.029265,0.049999,0.10099,0.10626,0.15623,0.033438,0.25806,0.083472,0.050684,0.20283,0.055279,0.1169,0.21015,0.083718,0.18191,0.09231,0.14189,0.057999,0.29336,0.053131,0.20984,0.081473,0.47125,0.10221,0.14797,0.19168,0.1101,0.14112,0.096088,0.18994,0.27443,0.062606,0.10295,0.10355,0.22484,0.076201,0.24923,0.10589,0.1291
4.12,0.028864,0.049769,0.10053,0.10603,0.15529,0.033106,0.25638,0.082744,0.05055,0.20075,0.054978,0.11696,0.20864,0.083742,0.18161,0.091927,0.13985,0.057696,0.29277,0.052668,0.20872,0.082021,0.47103,0.10271,0.14804,0.19291,0.10963,0.14029,0.095242,0.18783,0.27153,0.06246,0.10333,0.10257,0.22599,0.076907,0.25015,0.10636,0.12955
4.13,0.028475,0.049642,0.10008,0.1058,0.15436,0.032774,0.2547,0.082018,0.050417,0.19872,0.054678,0.117,0.20713,0.083758,0.18127,0.091545,0.1378,0.05738,0.29218,0.052206,0.2076,0.082555,0.47076,0.10319,0.1481,0.1941,0.10916,0.13947,0.094403,0.18575,0.26864,0.062298,0.10373,0.10157,0.22712,0.077598,0.25106,0.10682,0.13004
4.14,0.028094,0.049514,0.099771,0.10557,0.15343,0.032442,0.25302,0.081295,0.050285,0.19764,0.054381,0.11703,0.20563,0.083714,0.18092,0.091163,0.13766,0.057051,0.29159,0.051744,0.20648,0.083074,0.47043,0.10365,0.14814,0.19526,0.10869,0.13864,0.093559,0.18371,0.26577,0.062121,0.10415,0.10056,0.22823,0.078276,0.25196,0.10727,0.13055
4.15,0.027724,0.049384,0.099727,0.10534,0.15251,0.032249,0.25133,0.080572,0.050154,0.19657,0.054085,0.11705,0.20414,0.083622,0.18055,0.090782,0.13754,0.05671,0.29099,0.051283,0.20537,0.083575,0.47005,0.10407,0.14816,0.19638,0.10822,0.13782,0.092711,0.1817,0.26292,0.061931,0.10459,0.099537,0.22932,0.078938,0.25284,0.10768,0.13109
4.16,0.027365,0.049252,0.099673,0.1051,0.15159,0.032115,0.24964,0.079851,0.050024,0.19551,0.053792,0.11705,0.20266,0.083515,0.18015,0.090401,0.13739,0.056359,0.29039,0.050822,0.20426,0.084058,0.46963,0.10446,0.14817,0.19747,0.10776,0.137,0.091859,0.17973,0.26008,0.061724,0.10505,0.098504,0.2304,0.079585,0.25371,0.10807,0.13165
4.17,0.027017,0.049117,0.099611,0.10487,0.15067,0.031979,0.24795,0.079134,0.049897,0.19445,0.0535,0.11703,0.20118,0.083351,0.17973,0.09002,0.13724,0.055995,0.28979,0.050361,0.20316,0.084523,0.46917,0.10481,0.14816,0.19852,0.1073,0.13617,0.091016,0.17779,0.25727,0.0615,0.10552,0.097464,0.23145,0.080215,0.25457,0.10841,0.13223
4.18,0.026682,0.048981,0.099543,0.10463,0.14977,0.03184,0.24626,0.078417,0.04977,0.19339,0.05321,0.117,0.19972,0.083156,0.17929,0.08964,0.13706,0.055621,0.28918,0.0499,0.20206,0.084969,0.46867,0.10513,0.14814,0.19953,0.10685,0.13536,0.090196,0.17589,0.25447,0.061257,0.106,0.096419,0.23248,0.080829,0.25541,0.10915,0.13283
4.19,0.02636,0.048845,0.099468,0.10439,0.14887,0.031698,0.24456,0.077702,0.049644,0.19234,0.052922,0.11697,0.19825,0.082934,0.17883,0.08926,0.13685,0.055235,0.28857,0.04944,0.20097,0.085396,0.46815,0.1054,0.1481,0.2005,0.10639,0.13455,0.090304,0.17402,0.25168,0.060994,0.1065,0.095373,0.23349,0.081426,0.25624,0.11003,0.13348
4.2,0.026051,0.048708,0.099388,0.10415,0.14797,0.031552,0.24286,0.076991,0.049518,0.19129,0.052636,0.11691,0.1968,0.082659,0.17835,0.08888,0.13663,0.054838,0.28795,0.04898,0.19988,0.085805,0.46762,0.10564,0.14805,0.20141,0.10594,0.13374,0.090382,0.17218,0.24893,0.06071,0.10699,0.094326,0.23448,0.082004,0.25704,0.11088,0.13438
4.21,0.025756,0.048568,0.099304,0.10391,0.14708,0.031404,0.24116,0.076281,0.049393,0.19025,0.052352,0.11684,0.19535,0.082381,0.17785,0.088505,0.13639,0.054429,0.28732,0.048521,0.1988,0.086195,0.46846,0.10583,0.14799,0.20227,0.10549,0.13293,0.090441,0.17037,0.24618,0.060406,0.10749,0.093283,0.23545,0.082565,0.25783,0.11169,0.1353
4.22,0.025475,0.048426,0.099214,0.10367,0.1462,0.031254,0.23945,0.075572,0.049269,0.1892,0.05207,0.11675,0.19392,0.082051,0.17734,0.088131,0.13613,0.054008,0.28669,0.048062,0.19773,0.086565,0.46934,0.10599,0.14791,0.20308,0.10504,0.13212,0.090476,0.1686,0.24345,0.060083,0.10798,0.092242,0.23641,0.083107,0.25859,0.11246,0.13622
4.23,0.025209,0.048283,0.099118,0.10343,0.14532,0.031101,0.23774,0.074868,0.049145,0.18817,0.051789,0.11666,0.19248,0.081715,0.17681,0.087758,0.13585,0.053578,0.28605,0.047604,0.19666,0.086919,0.47018,0.10609,0.14782,0.20385,0.1046,0.13131,0.090482,0.16686,0.24074,0.059739,0.10847,0.091207,0.23734,0.08363,0.25933,0.11319,0.13714
4.24,0.024958,0.048139,0.099017,0.10318,0.14445,0.030945,0.23603,0.074164,0.049022,0.18713,0.05151,0.11655,0.19106,0.081335,0.17626,0.087385,0.13556,0.053136,0.28541,0.047146,0.19559,0.087254,0.47099,0.10615,0.14771,0.20457,0.10416,0.1305,0.090475,0.16515,0.23804,0.059374,0.10895,0.090175,0.23826,0.084135,0.26006,0.11387,0.13807
4.25,0.024723,0.047995,0.098908,0.10293,0.14359,0.030787,0.23432,0.073464,0.048899,0.1861,0.051234,0.11643,0.18964,0.080947,0.1757,0.087012,0.13525,0.052683,0.28475,0.046689,0.19453,0.087571,0.47176,0.10617,0.14759,0.20524,0.10372,0.12969,0.090438,0.16347,0.23537,0.058987,0.10942,0.089149,0.23916,0.084619,0.26076,0.11451,0.139
4.26,0.024502,0.047849,0.098791,0.10269,0.14274,0.030625,0.2326,0.072767,0.048776,0.18508,0.050959,0.11629,0.18824,0.08052,0.17512,0.08664,0.13491,0.052221,0.28409,0.046233,0.19348,0.08787,0.4725,0.10614,0.14747,0.20585,0.10328,0.12889,0.090382,0.16183,0.23271,0.058579,0.10987,0.088126,0.24003,0.085085,0.26144,0.11509,0.13993
4.27,0.024297,0.047702,0.098669,0.10244,0.14189,0.030462,0.23089,0.072071,0.048654,0.18406,0.050769,0.11616,0.18683,0.080087,0.17452,0.086269,0.13457,0.05175,0.28342,0.045778,0.19285,0.088151,0.47321,0.10606,0.14733,0.20642,0.10284,0.12809,0.090307,0.16021,0.23007,0.058152,0.1103,0.087109,0.24089,0.085532,0.26209,0.11561,0.14085
4.28,0.024107,0.047553,0.09854,0.10219,0.14105,0.030297,0.22917,0.071379,0.048532,0.18304,0.050898,0.116,0.18544,0.079615,0.1739,0.085898,0.1342,0.051271,0.28274,0.045324,0.19233,0.088416,0.47387,0.10593,0.14718,0.20693,0.10241,0.1273,0.090205,0.15863,0.22757,0.057702,0.11071,0.086098,0.24173,0.085959,0.26274,0.11609,0.14176
4.29,0.023933,0.047402,0.0984,0.10194,0.14022,0.03013,0.22746,0.070689,0.04841,0.18203,0.050996,0.11583,0.18406,0.079144,0.17327,0.085527,0.13382,0.050816,0.28204,0.044871,0.19181,0.088663,0.4745,0.10576,0.14702,0.20739,0.10198,0.12651,0.090091,0.15707,0.22637,0.05723,0.11109,0.085093,0.24254,0.086369,0.26336,0.11651,0.14267
4.3,0.023774,0.04732,0.098336,0.10168,0.13939,0.02996,0.22574,0.070003,0.048288,0.18102,0.051064,0.11565,0.18268,0.078639,0.17261,0.08516,0.13343,0.050601,0.28134,0.04442,0.19131,0.088894,0.47507,0.10554,0.14685,0.20779,0.10155,0.12572,0.089951,0.15555,0.22579,0.057122,0.11143,0.084096,0.24334,0.086761,0.26396,0.11688,0.14357
4.31,0.02363,0.047256,0.098672,0.10143,0.13857,0.029787,0.22403,0.06932,0.048166,0.18002,0.051102,0.11547,0.18131,0.07813,0.17194,0.084795,0.13302,0.05038,0.28063,0.04397,0.19081,0.089109,0.47561,0.10527,0.14667,0.20814,0.10113,0.12493,0.0898,0.15405,0.22581,0.057028,0.11175,0.083108,0.24411,0.087135,0.26454,0.11719,0.14445
4.32,0.023501,0.047184,0.099003,0.10118,0.13775,0.029613,0.22231,0.068639,0.048044,0.17902,0.051109,0.11528,0.17995,0.077597,0.17126,0.08443,0.13259,0.05015,0.2799,0.043521,0.19032,0.089306,0.47609,0.10495,0.14649,0.20842,0.1007,0.12415,0.089624,0.15258,0.22575,0.056917,0.11203,0.082131,0.24486,0.087496,0.26511,0.11745,0.14531
4.33,0.023388,0.047104,0.09932,0.10092,0.13694,0.029437,0.2206,0.067962,0.047923,0.17802,0.051087,0.11507,0.1786,0.07705,0.17056,0.084066,0.13215,0.04991,0.27917,0.043073,0.18984,0.089489,0.47653,0.10459,0.1463,0.20865,0.10028,0.12336,0.089439,0.15114,0.22559,0.056787,0.11227,0.081165,0.24558,0.087843,0.26566,0.11766,0.14616
4.34,0.023288,0.04702,0.099617,0.10066,0.13614,0.029259,0.21887,0.067287,0.047801,0.17703,0.051034,0.11485,0.17725,0.076485,0.16984,0.083703,0.1317,0.04966,0.27844,0.042627,0.18936,0.089655,0.47693,0.10418,0.14611,0.20882,0.099861,0.12258,0.089234,0.14973,0.22532,0.056638,0.11246,0.080212,0.24629,0.08818,0.2662,0.11783,0.14698
4.35,0.023203,0.046928,0.099906,0.1004,0.13534,0.029079,0.21716,0.067111,0.047679,0.17605,0.050949,0.11462,0.17591,0.075904,0.16911,0.08334,0.13122,0.049398,0.2777,0.042182,0.18889,0.089807,0.47728,0.10372,0.14592,0.20893,0.099444,0.12181,0.089016,0.14835,0.22496,0.05647,0.11262,0.079273,0.24697,0.088509,0.26674,0.11794,0.14779
4.36,0.023132,0.046828,0.10019,0.10014,0.13454,0.028897,0.21544,0.067262,0.047557,0.17506,0.050833,0.11439,0.17458,0.075305,0.16837,0.082977,0.13075,0.049126,0.27696,0.04174,0.18843,0.089943,0.47758,0.10322,0.14576,0.209,0.099029,0.12103,0.088787,0.14699,0.22451,0.056281,0.11273,0.07835,0.24764,0.08883,0.26726,0.11801,0.14856
4.37,0.023075,0.046722,0.10045,0.099883,0.13375,0.028713,0.21372,0.067417,0.047435,0.17409,0.050686,0.11414,0.17326,0.07469,0.16761,0.082615,0.13025,0.048842,0.27622,0.041299,0.18798,0.090065,0.47784,0.10267,0.1457,0.20901,0.098617,0.12027,0.088546,0.14566,0.22396,0.056072,0.11279,0.077443,0.24828,0.089143,0.26777,0.11804,0.14932
4.38,0.023031,0.046612,0.10069,0.099621,0.13297,0.028528,0.21201,0.067573,0.047313,0.17311,0.050507,0.11389,0.17194,0.07406,0.16685,0.082254,0.12974,0.048547,0.27549,0.040861,0.18753,0.090173,0.47806,0.10208,0.14565,0.20897,0.098208,0.11951,0.088293,0.14436,0.22332,0.055843,0.11281,0.076555,0.2489,0.089446,0.26826,0.11802,0.15004
4.39,0.022999,0.046494,0.10091,0.099359,0.13219,0.028341,0.21029,0.067731,0.047191,0.17214,0.050298,0.11362,0.17064,0.073417,0.16608,0.081896,0.12922,0.048242,0.27479,0.040424,0.18709,0.090266,0.47823,0.10145,0.14559,0.20887,0.097801,0.11875,0.088031,0.14308,0.22259,0.055593,0.11278,0.075685,0.2495,0.089742,0.26874,0.11797,0.15073
4.4,0.02298,0.046369,0.10111,0.099095,0.13141,0.028153,0.20858,0.067888,0.047068,0.17118,0.050058,0.11335,0.16934,0.072768,0.1653,0.08154,0.12868,0.047927,0.2741,0.039991,0.18665,0.090347,0.47836,0.10078,0.14553,0.20871,0.097397,0.118,0.087762,0.14184,0.22177,0.055322,0.1127,0.074836,0.25009,0.090029,0.26922,0.11793,0.1514
4.41,0.022973,0.046241,0.10129,0.098829,0.13064,0.027963,0.20687,0.068045,0.046945,0.17022,0.049789,0.11308,0.16805,0.072107,0.16451,0.081184,0.12813,0.047654,0.27345,0.039559,0.18623,0.090413,0.47845,0.1005,0.14547,0.2085,0.096995,0.11725,0.087488,0.14062,0.22087,0.05503,0.11257,0.074009,0.25065,0.090311,0.26968,0.11812,0.15203
4.42,0.022978,0.046106,0.10144,0.098563,0.12988,0.027772,0.20516,0.068201,0.046822,0.16926,0.049492,0.11279,0.16676,0.071449,0.1637,0.080829,0.12758,0.04742,0.27282,0.039131,0.1858,0.090468,0.4785,0.10094,0.14539,0.20824,0.096595,0.1165,0.087212,0.13946,0.21987,0.054723,0.11239,0.073203,0.25119,0.090589,0.27012,0.11828,0.15263
4.43,0.022993,0.045965,0.10158,0.098297,0.12912,0.027578,0.20345,0.068354,0.046699,0.16831,0.049167,0.11249,0.16549,0.0708,0.1629,0.080475,0.127,0.047186,0.27222,0.038706,0.18539,0.090508,0.4785,0.10137,0.1453,0.20792,0.096197,0.11576,0.087013,0.13867,0.21879,0.054398,0.11217,0.072422,0.25171,0.090867,0.27055,0.11839,0.1532
4.44,0.023019,0.045821,0.10171,0.098028,0.12836,0.027383,0.20175,0.068505,0.046575,0.16736,0.048818,0.11218,0.16422,0.070164,0.16209,0.080122,0.12642,0.046948,0.27163,0.038283,0.18498,0.090538,0.47847,0.10177,0.14521,0.20755,0.095802,0.11502,0.08691,0.13788,0.21763,0.054056,0.1119,0.071665,0.25221,0.091147,0.27096,0.11847,0.15374
4.45,0.023055,0.04567,0.10181,0.097757,0.12761,0.027189,0.20004,0.068651,0.046451,0.16642,0.048504,0.11187,0.16297,0.06954,0.16127,0.079768,0.12583,0.046709,0.27106,0.037864,0.18457,0.090554,0.47839,0.10216,0.1451,0.20713,0.095408,0.11428,0.086808,0.1371,0.21639,0.053984,0.11159,0.070934,0.25269,0.091429,0.27135,0.11851,0.15424
4.46,0.0231,0.045516,0.1019,0.097489,0.12686,0.026992,0.19834,0.068793,0.046327,0.16548,0.048405,0.11156,0.16171,0.068924,0.16044,0.079416,0.12523,0.046469,0.2705,0.037449,0.18417,0.09056,0.47828,0.10253,0.14498,0.20666,0.095016,0.11355,0.086702,0.13631,0.21507,0.053929,0.11123,0.070532,0.25315,0.09171,0.27172,0.11852,0.15472
4.47,0.023154,0.045356,0.10198,0.097218,0.12612,0.026795,0.19665,0.06893,0.046202,0.16455,0.048284,0.11123,0.16047,0.068311,0.1596,0.079064,0.12462,0.046226,0.26994,0.037156,0.18377,0.090554,0.47813,0.10288,0.14486,0.20642,0.094627,0.11283,0.086593,0.13553,0.21367,0.053855,0.11082,0.070376,0.2536,0.091986,0.27208,0.1185,0.15515
4.48,0.023216,0.045192,0.10204,0.096945,0.12538,0.026596,0.19496,0.069061,0.046077,0.16362,0.048139,0.11089,0.15924,0.067693,0.15876,0.078716,0.124,0.045983,0.26938,0.036947,0.18338,0.090537,0.47793,0.10321,0.14472,0.20619,0.094239,0.11211,0.08648,0.13475,0.2122,0.053763,0.11038,0.070222,0.25403,0.092256,0.27242,0.11846,0.15556
4.49,0.023286,0.045023,0.10209,0.096671,0.12465,0.026396,0.19327,0.069187,0.045951,0.1627,0.047973,0.11055,0.15801,0.067081,0.15792,0.078369,0.12336,0.045738,0.26883,0.036735,0.18299,0.09051,0.4777,0.10352,0.14457,0.20592,0.093854,0.1114,0.086362,0.13398,0.21065,0.053655,0.1099,0.070073,0.25444,0.092517,0.27275,0.11839,0.15593
4.5,0.023363,0.044851,0.10214,0.096398,0.12392,0.026194,0.19158,0.069306,0.045826,0.16178,0.047784,0.1102,0.15679,0.06646,0.15707,0.078023,0.12273,0.045491,0.26827,0.03652,0.18261,0.090472,0.47743,0.1038,0.14441,0.20562,0.09347,0.11069,0.086239,0.1332,0.20903,0.053527,0.10937,0.069926,0.25483,0.092768,0.27306,0.11829,0.15627
4.51,0.023446,0.044674,0.10217,0.096123,0.12319,0.025992,0.18991,0.069417,0.045699,0.16087,0.047575,0.10985,0.15558,0.065827,0.15621,0.077678,0.12208,0.045244,0.26771,0.036302,0.18223,0.090426,0.47712,0.10406,0.14424,0.20528,0.093089,0.10999,0.08611,0.13244,0.20733,0.053383,0.10879,0.069783,0.25521,0.093005,0.27336,0.11817,0.15656
4.52,0.023535,0.044493,0.1022,0.095847,0.12247,0.02579,0.18823,0.069521,0.045573,0.15996,0.047346,0.10949,0.15438,0.065287,0.15535,0.077333,0.12142,0.044995,0.26714,0.036081,0.18185,0.090369,0.47677,0.10429,0.14406,0.20491,0.092709,0.10928,0.085973,0.13168,0.20558,0.053222,0.10816,0.069642,0.25557,0.093228,0.27364,0.11803,0.15682
4.53,0.02363,0.044309,0.10224,0.095569,0.12175,0.025587,0.18656,0.069617,0.045445,0.15905,0.047099,0.10912,0.15319,0.065105,0.15449,0.076989,0.12076,0.044746,0.26657,0.035857,0.18147,0.090303,0.47638,0.1045,0.14387,0.20449,0.092332,0.10859,0.085829,0.13092,0.20375,0.053046,0.108,0.069503,0.2559,0.093433,0.2739,0.11787,0.15704
4.54,0.023729,0.04412,0.10228,0.095292,0.12104,0.025383,0.1849,0.069705,0.045318,0.15815,0.046836,0.10874,0.152,0.064898,0.15362,0.076646,0.12009,0.044495,0.266,0.035629,0.1811,0.090229,0.47595,0.10468,0.14366,0.20404,0.091956,0.1079,0.085678,0.13016,0.20186,0.052854,0.1085,0.069367,0.25622,0.093619,0.27415,0.1177,0.15722
4.55,0.023833,0.043928,0.10232,0.095014,0.12033,0.025178,0.18324,0.069785,0.04519,0.15725,0.046561,0.10836,0.15082,0.064677,0.15276,0.076303,0.11941,0.044244,0.26542,0.035399,0.18073,0.090145,0.47548,0.10483,0.14345,0.20356,0.091582,0.10721,0.08552,0.12941,0.19991,0.052645,0.10899,0.069235,0.25651,0.093784,0.27439,0.1175,0.15734
4.56,0.02394,0.043731,0.10235,0.094734,0.11963,0.024972,0.18159,0.069856,0.045062,0.15636,0.046281,0.10797,0.14965,0.06445,0.15188,0.075961,0.11873,0.043991,0.26483,0.035167,0.18037,0.090055,0.47497,0.10495,0.14353,0.20303,0.091211,0.10653,0.085355,0.12866,0.1979,0.052418,0.10947,0.069105,0.25679,0.093926,0.27462,0.11729,0.15743
4.57,0.024051,0.043533,0.10236,0.094453,0.11892,0.024766,0.17995,0.069917,0.044933,0.15548,0.045994,0.10758,0.14849,0.0642,0.15101,0.075621,0.11803,0.043738,0.26424,0.034932,0.18,0.089957,0.47443,0.10505,0.14454,0.20247,0.090841,0.10585,0.085183,0.12791,0.19584,0.052174,0.10993,0.068978,0.25705,0.094047,0.27483,0.11707,0.15748
4.58,0.024164,0.043329,0.10236,0.094173,0.11823,0.024569,0.17831,0.06997,0.044803,0.1546,0.045698,0.10718,0.14733,0.063927,0.15014,0.075284,0.11734,0.043485,0.26364,0.034872,0.17964,0.089851,0.47384,0.10512,0.14554,0.20187,0.090473,0.10518,0.085133,0.12717,0.19371,0.051911,0.11038,0.068852,0.25729,0.094143,0.27502,0.11682,0.15747
4.59,0.024279,0.043124,0.10235,0.093891,0.11753,0.024474,0.17667,0.070013,0.044674,0.15372,0.045389,0.10678,0.14619,0.063632,0.14927,0.074948,0.11664,0.043232,0.26303,0.034889,0.17927,0.089739,0.47321,0.10516,0.14654,0.20124,0.090107,0.10451,0.085157,0.12643,0.19196,0.051631,0.11081,0.068729,0.25751,0.094216,0.2752,0.11657,0.15741
4.6,0.024395,0.042914,0.10231,0.093608,0.11684,0.024379,0.17505,0.070046,0.044543,0.15285,0.045066,0.10637,0.14505,0.063316,0.1484,0.074612,0.11593,0.042978,0.26241,0.034908,0.17891,0.089621,0.47255,0.10518,0.14752,0.20057,0.089743,0.10385,0.085211,0.12569,0.19126,0.051333,0.11124,0.068608,0.25772,0.094263,0.27536,0.1163,0.15731
4.61,0.024512,0.042703,0.10226,0.093325,0.11616,0.024284,0.17343,0.07007,0.044414,0.15198,0.044728,0.10596,0.14392,0.062982,0.14753,0.074278,0.11521,0.042725,0.26179,0.03493,0.17855,0.089497,0.47184,0.10516,0.14849,0.19986,0.08938,0.1032,0.085284,0.12495,0.19079,0.051017,0.11166,0.068491,0.25791,0.094287,0.2755,0.11602,0.15716
4.62,0.02463,0.042488,0.10218,0.093042,0.11547,0.024188,0.17182,0.070083,0.044284,0.15112,0.044375,0.10554,0.14279,0.062652,0.14667,0.073943,0.11449,0.042473,0.26116,0.034954,0.17819,0.089369,0.4711,0.10512,0.14944,0.19912,0.08902,0.10254,0.085355,0.12422,0.19026,0.050685,0.11207,0.068375,0.25808,0.094284,0.27563,0.11573,0.15696
4.63,0.024748,0.04227,0.1021,0.092758,0.11479,0.024091,0.17021,0.070088,0.044154,0.15027,0.044007,0.10511,0.14168,0.062302,0.14582,0.07361,0.11377,0.042222,0.26053,0.034979,0.17783,0.089236,0.47031,0.10505,0.15038,0.19834,0.088662,0.10189,0.085417,0.1235,0.18966,0.050335,0.11248,0.068261,0.25824,0.094258,0.27573,0.11542,0.15747
4.64,0.024868,0.042051,0.10199,0.092473,0.11412,0.023993,0.16862,0.070081,0.044024,0.14941,0.043624,0.10468,0.14058,0.061933,0.14497,0.073277,0.11304,0.041973,0.25988,0.035006,0.17747,0.0891,0.46949,0.10495,0.15131,0.19754,0.088306,0.10125,0.085467,0.12278,0.18901,0.04997,0.11288,0.068149,0.25838,0.094206,0.27582,0.1151,0.158
4.65,0.024988,0.041829,0.10186,0.092189,0.11345,0.023895,0.16702,0.070065,0.043893,0.14857,0.043229,0.10425,0.13948,0.061546,0.14412,0.072946,0.11231,0.041725,0.25922,0.035034,0.17711,0.088963,0.46862,0.10483,0.15221,0.1967,0.087952,0.10061,0.085504,0.12206,0.18829,0.049589,0.11328,0.068038,0.2585,0.094131,0.27589,0.11478,0.15852
4.66,0.025106,0.041605,0.10172,0.091903,0.11278,0.023798,0.16544,0.070039,0.043762,0.14773,0.042821,0.10381,0.13838,0.061141,0.14328,0.072614,0.11157,0.041479,0.25856,0.035063,0.17674,0.08883,0.46771,0.10468,0.1531,0.19583,0.087601,0.099974,0.085526,0.12134,0.18752,0.049193,0.11367,0.067931,0.25861,0.094032,0.27595,0.11444,0.15901
4.67,0.025222,0.041379,0.10157,0.091618,0.11211,0.023699,0.16387,0.070003,0.04363,0.14689,0.042402,0.10337,0.1373,0.06072,0.14245,0.072286,0.11083,0.041235,0.25789,0.035094,0.17638,0.088747,0.46676,0.1045,0.15397,0.19493,0.087251,0.099341,0.085535,0.12063,0.18669,0.048787,0.11423,0.067825,0.2587,0.09391,0.27599,0.1141,0.15947
4.68,0.025337,0.041151,0.10141,0.091333,0.11145,0.0236,0.1623,0.069956,0.043498,0.14606,0.041972,0.10293,0.13623,0.06029,0.14164,0.071959,0.11009,0.040991,0.25721,0.035124,0.17602,0.088673,0.46576,0.1043,0.15481,0.19401,0.086902,0.098713,0.085532,0.11992,0.1858,0.048373,0.11485,0.06772,0.25877,0.093767,0.27601,0.11374,0.15991
4.69,0.025448,0.040921,0.10122,0.091048,0.11079,0.023501,0.16074,0.069899,0.043365,0.14523,0.041533,0.10248,0.13516,0.059861,0.14084,0.071634,0.10934,0.040748,0.25652,0.035156,0.17565,0.088599,0.46473,0.10407,0.15564,0.19305,0.086556,0.098093,0.085516,0.11921,0.18487,0.047951,0.11546,0.067616,0.25883,0.093603,0.27603,0.11338,0.16032
4.7,0.025557,0.040689,0.10102,0.090764,0.11014,0.023401,0.15919,0.069832,0.043232,0.14441,0.041086,0.10202,0.1341,0.059416,0.14008,0.071309,0.10859,0.040505,0.25583,0.035187,0.17529,0.088526,0.46364,0.10381,0.15645,0.19207,0.086211,0.097477,0.085488,0.1185,0.18388,0.047518,0.11606,0.067514,0.25888,0.09342,0.27603,0.113,0.1607
4.71,0.025666,0.040455,0.10081,0.090481,0.10949,0.023301,0.15765,0.069755,0.043099,0.14359,0.040632,0.10156,0.13305,0.058957,0.13935,0.070985,0.10784,0.040263,0.25512,0.035219,0.17492,0.088451,0.46252,0.10354,0.15723,0.19106,0.085868,0.096864,0.085446,0.1178,0.18283,0.047075,0.11666,0.067414,0.25891,0.093217,0.27602,0.11262,0.16105
4.72,0.025773,0.040275,0.10058,0.0902,0.10884,0.0232,0.15645,0.069668,0.042965,0.14278,0.040172,0.1011,0.132,0.058483,0.13864,0.070662,0.10709,0.040021,0.25441,0.035252,0.17454,0.088374,0.46135,0.10323,0.158,0.19002,0.085527,0.096255,0.085389,0.1171,0.18174,0.046621,0.11724,0.067315,0.25892,0.092997,0.276,0.11223,0.16136
4.73,0.025875,0.0401,0.10033,0.089922,0.1082,0.023099,0.15533,0.069571,0.04283,0.14197,0.039881,0.10063,0.13096,0.057997,0.13794,0.07034,0.10634,0.039778,0.2537,0.035283,0.17417,0.088295,0.46013,0.10291,0.15874,0.18897,0.085188,0.09565,0.085316,0.1164,0.1806,0.046155,0.11781,0.067217,0.25892,0.092761,0.27598,0.11184,0.16165
4.74,0.025973,0.039926,0.10008,0.089645,0.10756,0.022998,0.15421,0.069464,0.042695,0.14117,0.03968,0.10017,0.12994,0.057497,0.13726,0.070018,0.10558,0.039536,0.25298,0.035315,0.17379,0.088212,0.45887,0.10256,0.15947,0.18788,0.08485,0.095047,0.085228,0.11572,0.17941,0.04568,0.11837,0.06712,0.2589,0.09251,0.27594,0.11143,0.1619
4.75,0.026067,0.039752,0.099803,0.08937,0.10692,0.022896,0.15309,0.069347,0.04256,0.14037,0.039481,0.099701,0.12892,0.056986,0.13658,0.069698,0.10483,0.039294,0.25225,0.035346,0.17341,0.088127,0.45757,0.10219,0.16017,0.18678,0.084514,0.094449,0.085123,0.11503,0.17818,0.045198,0.11893,0.067023,0.25887,0.092245,0.2759,0.11102,0.16211
4.76,0.026155,0.039577,0.099518,0.089097,0.10629,0.022795,0.15197,0.069221,0.042424,0.13958,0.039283,0.09923,0.1279,0.056481,0.13591,0.069378,0.10407,0.039052,0.25152,0.035377,0.17303,0.08804,0.45621,0.1018,0.16086,0.18565,0.08418,0.093853,0.085003,0.11435,0.17691,0.045056,0.11947,0.066929,0.25882,0.091968,0.27584,0.1106,0.16229
4.77,0.02624,0.039403,0.099219,0.088825,0.10565,0.022692,0.15086,0.069085,0.042288,0.13879,0.039086,0.098755,0.1269,0.055968,0.13524,0.069059,0.10332,0.038809,0.25078,0.035406,0.17264,0.087949,0.45481,0.10139,0.16152,0.18451,0.083847,0.093261,0.08487,0.11367,0.17559,0.044953,0.12001,0.066835,0.25876,0.091681,0.27577,0.11017,0.16242
4.78,0.026323,0.039228,0.098906,0.088554,0.10503,0.02259,0.14974,0.068939,0.042152,0.13801,0.038911,0.098276,0.1259,0.055444,0.13459,0.068743,0.10257,0.038567,0.25004,0.035435,0.17225,0.087855,0.45336,0.10096,0.16216,0.18334,0.083516,0.092672,0.084719,0.11299,0.17423,0.044845,0.12053,0.066742,0.25868,0.091386,0.27569,0.10973,0.16252
4.79,0.026402,0.039053,0.098579,0.088285,0.1044,0.022487,0.14863,0.068785,0.042015,0.13723,0.038755,0.097794,0.1249,0.05491,0.13394,0.068429,0.10181,0.038325,0.24929,0.035464,0.17185,0.087758,0.45187,0.10051,0.16279,0.18216,0.083187,0.092086,0.084548,0.11232,0.17283,0.044731,0.12105,0.066648,0.25858,0.09124,0.27559,0.10929,0.16258
4.8,0.026474,0.038877,0.098238,0.088019,0.10378,0.022384,0.14752,0.068621,0.041878,0.13646,0.03859,0.097308,0.12392,0.054366,0.1333,0.068115,0.10106,0.038082,0.24854,0.035491,0.17145,0.08766,0.45033,0.10004,0.16339,0.18095,0.08286,0.091505,0.084364,0.11164,0.1714,0.044613,0.12156,0.066585,0.25847,0.0922,0.27547,0.10884,0.16259
4.81,0.02654,0.038702,0.097883,0.087757,0.10316,0.02228,0.14641,0.068447,0.04174,0.13569,0.038416,0.096819,0.12294,0.053814,0.13266,0.067802,0.10031,0.03784,0.24779,0.035517,0.17105,0.087559,0.44874,0.099555,0.16396,0.17973,0.082534,0.090929,0.084159,0.11098,0.16993,0.044488,0.12206,0.06656,0.25834,0.093117,0.27535,0.10838,0.16256
4.82,0.0266,0.03869,0.097517,0.087496,0.10255,0.022177,0.1453,0.068265,0.041602,0.13493,0.038232,0.096328,0.12197,0.053253,0.13202,0.067491,0.099562,0.037598,0.24704,0.035542,0.17064,0.087456,0.44711,0.09905,0.16451,0.1785,0.08221,0.090356,0.083936,0.11031,0.16842,0.044356,0.12255,0.066537,0.2582,0.093989,0.27521,0.10791,0.16249
4.83,0.026653,0.03872,0.09714,0.087237,0.10194,0.022074,0.1442,0.068673,0.041464,0.13417,0.03804,0.095833,0.12101,0.052684,0.13139,0.067179,0.098814,0.037356,0.24628,0.035566,0.17023,0.087352,0.44544,0.098529,0.16504,0.17725,0.081887,0.089786,0.083696,0.10965,0.16689,0.044217,0.12304,0.066649,0.25804,0.094816,0.27505,0.10743,0.16238
4.84,0.0267,0.038748,0.096751,0.086978,0.10133,0.021982,0.14309,0.069285,0.041325,0.13342,0.03784,0.095343,0.12006,0.052119,0.13075,0.066869,0.09807,0.037114,0.24552,0.035588,0.16982,0.087246,0.44373,0.097994,0.16554,0.17598,0.081567,0.089219,0.083436,0.10899,0.16532,0.04407,0.12351,0.067117,0.25787,0.095598,0.27489,0.10695,0.16222
4.85,0.026743,0.038773,0.09635,0.08672,0.10073,0.021939,0.142,0.06988,0.041186,0.13267,0.037631,0.094851,0.11911,0.051553,0.1301,0.06656,0.097326,0.036873,0.24475,0.03561,0.16939,0.08714,0.44198,0.097444,0.16602,0.17471,0.081247,0.088654,0.083162,0.10833,0.16372,0.043915,0.12399,0.067604,0.25769,0.096335,0.27471,0.10645,0.16217
4.86,0.026783,0.038797,0.095939,0.086464,0.10013,0.021895,0.1409,0.070458,0.041047,0.13192,0.037416,0.094357,0.11817,0.050981,0.12946,0.066252,0.096585,0.036631,0.24398,0.035629,0.16897,0.087034,0.44019,0.096879,0.16647,0.17343,0.08093,0.088092,0.082866,0.10768,0.16209,0.043751,0.12445,0.068111,0.2575,0.097029,0.27453,0.10595,0.16214
4.87,0.026816,0.038818,0.095517,0.086208,0.099528,0.02185,0.1398,0.071019,0.040907,0.13119,0.037193,0.093861,0.11724,0.050403,0.12882,0.065944,0.095847,0.03639,0.24321,0.035648,0.16854,0.086929,0.43836,0.096298,0.1669,0.17213,0.080614,0.087532,0.082557,0.10721,0.16068,0.043578,0.12492,0.068637,0.2573,0.097682,0.27434,0.10543,0.16209
4.88,0.026842,0.038838,0.09509,0.085953,0.098934,0.021804,0.13871,0.071561,0.040767,0.13045,0.037005,0.093362,0.11631,0.049819,0.12817,0.065637,0.095108,0.036149,0.24244,0.035664,0.1681,0.086826,0.4365,0.095705,0.1673,0.17083,0.0803,0.086975,0.082228,0.10688,0.15955,0.0434,0.12537,0.069179,0.2571,0.098293,0.27414,0.10491,0.16202
4.89,0.026861,0.038855,0.094658,0.0857,0.098342,0.021758,0.13762,0.072085,0.040627,0.12972,0.036823,0.092862,0.11539,0.04923,0.12752,0.065333,0.094374,0.035908,0.24167,0.03568,0.16767,0.086729,0.43462,0.095102,0.16768,0.16952,0.079987,0.08642,0.081887,0.10655,0.15843,0.043213,0.12582,0.069737,0.25688,0.098866,0.27394,0.10437,0.16192
4.9,0.026872,0.038871,0.094222,0.085449,0.097754,0.021711,0.13654,0.072588,0.040486,0.129,0.036642,0.092359,0.11448,0.048636,0.12688,0.065031,0.09364,0.035668,0.24089,0.035693,0.16722,0.086637,0.4327,0.094487,0.16803,0.16821,0.079676,0.085868,0.081525,0.10621,0.15731,0.043018,0.12626,0.07031,0.25665,0.099404,0.27373,0.10383,0.16181
4.91,0.026878,0.038884,0.093783,0.0852,0.097169,0.021663,0.13545,0.073072,0.040345,0.12828,0.036462,0.091855,0.11358,0.048038,0.12623,0.06473,0.092908,0.035427,0.24011,0.035705,0.16677,0.086553,0.43076,0.09386,0.16835,0.16688,0.079367,0.085318,0.081155,0.10588,0.15618,0.042816,0.1267,0.070898,0.25641,0.099909,0.27351,0.10327,0.16169
4.92,0.026882,0.038896,0.093344,0.084955,0.096586,0.021614,0.13437,0.073535,0.040204,0.12757,0.036283,0.091348,0.11268,0.047657,0.12559,0.064429,0.092178,0.035187,0.23932,0.035715,0.16631,0.086532,0.4288,0.093222,0.16865,0.16555,0.07906,0.084771,0.080764,0.10555,0.15505,0.042607,0.12713,0.071498,0.25616,0.10038,0.27329,0.10271,0.16154
4.93,0.026878,0.038906,0.092907,0.084716,0.096008,0.021564,0.1333,0.073977,0.040063,0.12686,0.036106,0.090841,0.11179,0.047422,0.12495,0.06413,0.091449,0.034948,0.23854,0.035723,0.16585,0.086522,0.42682,0.092574,0.16892,0.16422,0.078754,0.084229,0.080365,0.10521,0.15393,0.042392,0.12755,0.072111,0.2559,0.10083,0.27306,0.10213,0.16139
4.94,0.026917,0.038913,0.092472,0.084491,0.095433,0.021513,0.13222,0.074397,0.039922,0.12616,0.03593,0.090331,0.1109,0.047187,0.12432,0.063831,0.090722,0.034708,0.23775,0.035729,0.16539,0.086512,0.42482,0.091918,0.16917,0.16287,0.078449,0.083689,0.079947,0.10488,0.1528,0.042172,0.12796,0.072735,0.25563,0.10125,0.27282,0.10169,0.16141
4.95,0.027105,0.038919,0.092036,0.084287,0.09486,0.021461,0.13115,0.074796,0.03978,0.12546,0.035754,0.089822,0.11003,0.046954,0.12368,0.063533,0.089995,0.034469,0.23695,0.035734,0.16492,0.086501,0.42281,0.091255,0.1694,0.16153,0.078147,0.083152,0.079519,0.10455,0.15168,0.041946,0.12837,0.073369,0.25536,0.10163,0.27258,0.1015,0.16183
4.96,0.027289,0.038923,0.091599,0.084085,0.094292,0.021409,0.13009,0.075172,0.039638,0.12476,0.03558,0.089317,0.10916,0.046722,0.12305,0.063236,0.089269,0.034231,0.23616,0.035736,0.16444,0.08649,0.42079,0.090584,0.1696,0.16018,0.077847,0.082617,0.079076,0.10421,0.15056,0.041714,0.12877,0.074012,0.25507,0.10198,0.27233,0.10131,0.16223
4.97,0.02747,0.038925,0.091159,0.083884,0.093726,0.021356,0.12903,0.075526,0.039496,0.12407,0.035407,0.088811,0.10829,0.046491,0.12242,0.062941,0.088546,0.033992,0.23536,0.035736,0.16396,0.086477,0.41875,0.089906,0.16978,0.15883,0.077548,0.082084,0.078621,0.10388,0.14943,0.041476,0.12916,0.074665,0.25478,0.10229,0.27206,0.1011,0.1626
4.98,0.027645,0.038925,0.090716,0.083682,0.093164,0.021303,0.12797,0.075858,0.039353,0.12339,0.035236,0.088304,0.10744,0.046261,0.1218,0.062646,0.08782,0.033754,0.23455,0.035735,0.16347,0.086463,0.4167,0.08922,0.16993,0.15748,0.077251,0.081553,0.078155,0.10354,0.1483,0.04123,0.12954,0.075325,0.25448,0.10256,0.27179,0.1009,0.16295
4.99,0.027817,0.038924,0.09027,0.08348,0.092605,0.021249,0.12691,0.076167,0.039212,0.12271,0.035065,0.087796,0.10659,0.046033,0.12117,0.062352,0.087099,0.033516,0.23374,0.035731,0.16298,0.086448,0.41464,0.088529,0.17006,0.15613,0.076955,0.081024,0.077674,0.10321,0.14718,0.040978,0.12992,0.075991,0.25417,0.10279,0.2715,0.10068,0.16328
5,0.027984,0.038921,0.089821,0.083277,0.092048,0.021194,0.12587,0.076454,0.039071,0.12204,0.034895,0.087287,0.10575,0.045806,0.12055,0.062058,0.086377,0.033279,0.23293,0.035725,0.16248,0.086432,0.41256,0.087833,0.17018,0.15478,0.076661,0.080497,0.077187,0.10287,0.14606,0.04072,0.13029,0.076665,0.25385,0.10297,0.2712,0.10047,0.16359
5.01,0.028148,0.038916,0.089368,0.083075,0.091496,0.021138,0.12482,0.076719,0.03893,0.12137,0.034726,0.086777,0.10491,0.04558,0.11992,0.061768,0.085654,0.033042,0.23211,0.035717,0.16198,0.086414,0.41047,0.087132,0.17027,0.15344,0.076369,0.079972,0.076806,0.10253,0.14493,0.040452,0.13065,0.077343,0.25352,0.10312,0.27089,0.10024,0.16387
5.02,0.028308,0.038909,0.088908,0.08287,0.090946,0.021081,0.12378,0.076961,0.038788,0.1207,0.034559,0.086267,0.10408,0.045355,0.1194,0.061479,0.084937,0.032805,0.23128,0.035707,0.16147,0.086395,0.40835,0.086429,0.17034,0.15209,0.076078,0.07945,0.07684,0.1022,0.14381,0.040179,0.13099,0.078026,0.25318,0.10322,0.27057,0.10001,0.16414
5.03,0.028463,0.038901,0.088443,0.082667,0.090399,0.021024,0.12274,0.077181,0.038646,0.12004,0.034392,0.085755,0.10326,0.045131,0.11888,0.061191,0.084217,0.03257,0.23046,0.035695,0.16096,0.086375,0.40623,0.085723,0.17039,0.15075,0.075789,0.078929,0.076864,0.10186,0.14268,0.039897,0.13133,0.078712,0.25284,0.10328,0.27024,0.09977,0.16438
5.04,0.028617,0.038891,0.087972,0.082461,0.089856,0.020966,0.12171,0.077379,0.038504,0.11938,0.034227,0.085244,0.10244,0.044909,0.11836,0.060904,0.083497,0.032334,0.22962,0.03568,0.16044,0.086355,0.40409,0.085014,0.17041,0.14941,0.075501,0.078789,0.07688,0.10152,0.14156,0.03961,0.13166,0.079401,0.25248,0.1033,0.26989,0.099525,0.1646
5.05,0.028764,0.038879,0.087496,0.082256,0.089315,0.020908,0.12069,0.077554,0.038362,0.11873,0.034062,0.084731,0.10163,0.044687,0.11785,0.060618,0.082783,0.032098,0.22879,0.035663,0.15992,0.086334,0.40194,0.084302,0.17041,0.14807,0.075215,0.078663,0.076887,0.10118,0.14044,0.039314,0.13198,0.080093,0.25212,0.10327,0.26953,0.099272,0.16481
5.06,0.028908,0.038865,0.087011,0.08205,0.088778,0.02085,0.11966,0.077707,0.03822,0.11809,0.033899,0.084219,0.10083,0.044467,0.11734,0.060333,0.082067,0.031864,0.22794,0.035644,0.15939,0.086313,0.39977,0.083589,0.17039,0.14674,0.07493,0.07854,0.076891,0.10084,0.13932,0.039012,0.13229,0.080785,0.25175,0.1032,0.26916,0.099014,0.16499
5.07,0.029045,0.03885,0.08652,0.081842,0.088244,0.02079,0.11865,0.077838,0.038078,0.11744,0.033737,0.083706,0.10003,0.044248,0.1169,0.060049,0.081351,0.03163,0.2271,0.035622,0.15886,0.086292,0.39759,0.082875,0.17034,0.1454,0.074647,0.078422,0.076888,0.1005,0.1382,0.038702,0.13259,0.081477,0.25138,0.1031,0.26877,0.098749,0.16516
5.08,0.029179,0.038834,0.086023,0.081636,0.087712,0.02073,0.11763,0.077947,0.037936,0.1168,0.033575,0.083197,0.099241,0.04403,0.11672,0.059766,0.080639,0.031396,0.22625,0.035597,0.15832,0.086275,0.3954,0.082161,0.17027,0.14407,0.074365,0.078308,0.076877,0.10015,0.13708,0.038388,0.13288,0.08217,0.251,0.10295,0.26838,0.098478,0.16532
5.09,0.029303,0.038815,0.085521,0.081427,0.087184,0.020669,0.11663,0.078035,0.037794,0.11617,0.033415,0.08269,0.098457,0.043814,0.11654,0.059484,0.079929,0.031163,0.22539,0.03557,0.15778,0.086262,0.39319,0.081447,0.17018,0.14275,0.074085,0.078198,0.076859,0.099808,0.13597,0.038065,0.13316,0.082861,0.25061,0.10277,0.26797,0.098202,0.16546
5.1,0.029427,0.038795,0.085015,0.081218,0.086658,0.020608,0.11562,0.078101,0.037651,0.11554,0.033256,0.082183,0.097679,0.043598,0.11635,0.059202,0.079218,0.03093,0.22453,0.035541,0.15724,0.086252,0.39098,0.080735,0.17006,0.14142,0.073807,0.078092,0.076833,0.099496,0.13485,0.037738,0.13343,0.08355,0.25022,0.10255,0.26754,0.097922,0.16559
5.11,0.02954,0.038774,0.084506,0.081009,0.086136,0.020546,0.11463,0.078146,0.037509,0.11491,0.033097,0.081676,0.096907,0.043384,0.11615,0.058922,0.078509,0.030699,0.22367,0.035508,0.15669,0.086245,0.38875,0.080025,0.16991,0.1401,0.07353,0.07799,0.076799,0.099188,0.13374,0.037404,0.13369,0.084237,0.24982,0.10229,0.26711,0.097639,0.16571
5.12,0.029652,0.038751,0.083992,0.080799,0.085617,0.020484,0.11363,0.07817,0.037366,0.11429,0.03294,0.081169,0.096142,0.043171,0.11596,0.058642,0.077805,0.030468,0.2228,0.035474,0.15614,0.08624,0.38652,0.079316,0.16975,0.13878,0.073254,0.077892,0.07676,0.098878,0.13262,0.037066,0.13393,0.08492,0.24942,0.102,0.26667,0.097351,0.16582
5.13,0.029754,0.038727,0.083476,0.080588,0.0851,0.020421,0.11265,0.078173,0.037224,0.11367,0.032784,0.080662,0.095382,0.042958,0.11575,0.058366,0.0771,0.030237,0.22193,0.035436,0.15558,0.086238,0.38428,0.078611,0.16956,0.13746,0.07298,0.077796,0.076718,0.098567,0.13151,0.036903,0.13416,0.085599,0.24902,0.10167,0.26621,0.09706,0.16591
5.14,0.029855,0.038701,0.082959,0.080377,0.084586,0.020358,0.11167,0.078156,0.037081,0.11306,0.032628,0.080156,0.094629,0.042747,0.11554,0.05809,0.076396,0.030007,0.22105,0.035396,0.15502,0.08624,0.38203,0.077908,0.16935,0.13615,0.072708,0.077704,0.076668,0.098254,0.1304,0.036736,0.13438,0.086274,0.24861,0.10131,0.26575,0.096938,0.16601
5.15,0.029947,0.038673,0.08251,0.080165,0.084075,0.020294,0.11069,0.078119,0.036938,0.11245,0.032474,0.07965,0.093882,0.042538,0.11533,0.057816,0.075697,0.029778,0.22017,0.035353,0.15446,0.086243,0.37977,0.077209,0.16913,0.13484,0.072437,0.077616,0.07661,0.09794,0.1293,0.036563,0.13458,0.086943,0.2482,0.10091,0.26527,0.097121,0.16609
5.16,0.030037,0.038644,0.082104,0.079953,0.083567,0.02023,0.10972,0.078063,0.036796,0.11184,0.03232,0.079144,0.093141,0.042329,0.11511,0.057542,0.075,0.029549,0.21929,0.035308,0.15389,0.086247,0.37751,0.076514,0.16889,0.13353,0.072167,0.07753,0.076546,0.097627,0.12819,0.036384,0.13476,0.087606,0.24777,0.10048,0.26479,0.097299,0.16617
5.17,0.030119,0.038614,0.081695,0.07974,0.083061,0.020165,0.10876,0.077987,0.036653,0.11124,0.032168,0.078638,0.092415,0.042121,0.11489,0.05727,0.074303,0.029321,0.21841,0.03526,0.15332,0.086252,0.37524,0.075824,0.16863,0.13223,0.071899,0.077447,0.076475,0.097312,0.12709,0.036202,0.13493,0.088263,0.24735,0.10051,0.26431,0.09747,0.16624
5.18,0.030199,0.038582,0.081282,0.079526,0.082559,0.0201,0.1078,0.077893,0.036511,0.11064,0.032016,0.078133,0.092061,0.041915,0.11466,0.056998,0.073608,0.029094,0.21752,0.035209,0.15275,0.086258,0.37296,0.075139,0.16837,0.13093,0.071632,0.077366,0.076403,0.096995,0.12599,0.036012,0.13508,0.088912,0.24691,0.10062,0.26382,0.097636,0.1663
5.19,0.030272,0.038549,0.080866,0.079312,0.082059,0.020034,0.10684,0.077781,0.036368,0.11004,0.031866,0.077629,0.091709,0.04171,0.11443,0.056728,0.072919,0.028868,0.21663,0.035155,0.15217,0.086262,0.37068,0.074459,0.16809,0.12963,0.071367,0.077289,0.076324,0.096722,0.12488,0.035818,0.13521,0.089553,0.24647,0.10068,0.26332,0.097795,0.16635
5.2,0.030341,0.038514,0.080448,0.079098,0.081562,0.019968,0.1059,0.077651,0.036226,0.10945,0.031716,0.077126,0.091357,0.041505,0.1142,0.056458,0.072231,0.028642,0.21574,0.035098,0.15158,0.086266,0.36839,0.073785,0.1678,0.12833,0.071104,0.077214,0.076239,0.096528,0.12379,0.03562,0.13533,0.090186,0.24603,0.1007,0.26282,0.097948,0.16639
5.21,0.030405,0.038479,0.080026,0.078883,0.081068,0.019902,0.10495,0.077503,0.036084,0.10886,0.031567,0.076626,0.091007,0.041302,0.11396,0.05619,0.071544,0.028417,0.21484,0.035038,0.15099,0.086269,0.36609,0.073118,0.16749,0.12704,0.070841,0.077141,0.076147,0.096337,0.1227,0.035416,0.13542,0.09081,0.24558,0.10067,0.26232,0.098093,0.16642
5.22,0.030463,0.038442,0.079601,0.078666,0.080577,0.019835,0.10402,0.077338,0.035941,0.10828,0.03142,0.076129,0.090659,0.0411,0.11371,0.055922,0.070859,0.028193,0.21394,0.034975,0.1504,0.086272,0.36379,0.072458,0.16717,0.12575,0.07058,0.077071,0.076049,0.09615,0.12161,0.035207,0.1355,0.091424,0.24513,0.10061,0.26182,0.098229,0.16643
5.23,0.030517,0.038403,0.079173,0.078451,0.080087,0.019768,0.10309,0.077155,0.035799,0.1077,0.031273,0.075632,0.090313,0.040899,0.11347,0.055655,0.070402,0.02797,0.21304,0.034908,0.1498,0.086274,0.36149,0.071805,0.16683,0.12446,0.070321,0.077002,0.075951,0.095966,0.12052,0.034994,0.13556,0.09203,0.24467,0.1005,0.26131,0.098358,0.16643
5.24,0.030565,0.038363,0.078742,0.078234,0.079601,0.019701,0.10216,0.076955,0.035657,0.10712,0.031127,0.075137,0.089967,0.040699,0.11321,0.05539,0.070025,0.027748,0.21214,0.034839,0.14919,0.086274,0.35918,0.07116,0.16646,0.12318,0.070063,0.076935,0.075846,0.095786,0.11943,0.034776,0.1356,0.092626,0.24421,0.10036,0.2608,0.09848,0.1664
5.25,0.030609,0.038322,0.078309,0.078016,0.079118,0.019632,0.10125,0.07674,0.035515,0.10654,0.030982,0.074642,0.089622,0.040501,0.11296,0.055126,0.06965,0.027526,0.21123,0.034766,0.14858,0.086274,0.35687,0.070523,0.16648,0.1219,0.069807,0.07687,0.075736,0.095609,0.11835,0.034552,0.13562,0.093212,0.24375,0.10018,0.26029,0.098592,0.16636
5.26,0.030646,0.03828,0.077875,0.077797,0.078637,0.019564,0.10033,0.076508,0.035373,0.10597,0.030837,0.074148,0.089279,0.040303,0.1127,0.054864,0.069276,0.027305,0.21033,0.03469,0.14797,0.086272,0.35455,0.069894,0.16694,0.12062,0.069552,0.076806,0.075619,0.095435,0.11727,0.034326,0.13562,0.093788,0.24328,0.099972,0.25977,0.098697,0.1663
5.27,0.030681,0.038237,0.077441,0.077579,0.078159,0.019495,0.099427,0.07626,0.035231,0.10541,0.030694,0.073655,0.088936,0.040106,0.11243,0.054604,0.068906,0.027085,0.20942,0.034611,0.14735,0.08627,0.35223,0.069275,0.16738,0.11934,0.069298,0.076743,0.075499,0.095265,0.11619,0.034095,0.1356,0.094355,0.24281,0.099732,0.25926,0.098792,0.16622
5.28,0.030707,0.038192,0.077006,0.07736,0.077683,0.019427,0.098527,0.075998,0.03509,0.10484,0.030552,0.073163,0.088594,0.039911,0.11217,0.054344,0.068537,0.026866,0.20851,0.034529,0.14672,0.086265,0.34991,0.068664,0.1678,0.11807,0.069046,0.076682,0.075376,0.095097,0.11512,0.033859,0.13556,0.094912,0.24234,0.099463,0.25875,0.098879,0.16611
5.29,0.030733,0.038147,0.076571,0.07714,0.07721,0.019358,0.097634,0.07572,0.034948,0.10428,0.03041,0.072673,0.088254,0.039716,0.1119,0.054085,0.06817,0.026648,0.20761,0.034443,0.14609,0.086261,0.34758,0.068062,0.1682,0.1168,0.068795,0.076622,0.075248,0.094932,0.11405,0.033619,0.1355,0.095459,0.24186,0.099164,0.25824,0.098955,0.16599
5.3,0.030749,0.0381,0.076135,0.076919,0.076739,0.019288,0.096746,0.075429,0.034807,0.10372,0.03027,0.072183,0.087916,0.039523,0.11162,0.053827,0.067804,0.026431,0.20669,0.034354,0.14545,0.086254,0.34526,0.06747,0.16859,0.11553,0.068545,0.076563,0.075115,0.094771,0.11299,0.033377,0.13541,0.095996,0.24138,0.098839,0.25773,0.099059,0.16584
5.31,0.030765,0.038052,0.075699,0.076699,0.076271,0.019218,0.095864,0.075122,0.034666,0.10317,0.03013,0.071695,0.087579,0.03933,0.11134,0.05357,0.06744,0.026215,0.20578,0.034262,0.14481,0.086247,0.34293,0.066888,0.16894,0.11427,0.068297,0.076504,0.074977,0.094611,0.11193,0.03313,0.13531,0.096522,0.2409,0.098488,0.25722,0.09927,0.16567
5.32,0.030771,0.038121,0.07526,0.076478,0.075806,0.019148,0.094988,0.074802,0.034525,0.10262,0.029991,0.071208,0.087244,0.039139,0.11106,0.053314,0.067078,0.026,0.20487,0.034166,0.14416,0.086238,0.3406,0.066317,0.16929,0.11301,0.06805,0.076446,0.074934,0.094455,0.11087,0.032878,0.13518,0.097038,0.24041,0.098111,0.2567,0.099473,0.16547
5.33,0.030777,0.038197,0.07482,0.076256,0.075342,0.019077,0.094119,0.074468,0.034384,0.10207,0.029853,0.070723,0.086909,0.038949,0.11077,0.053059,0.066717,0.025785,0.20396,0.034068,0.1435,0.086229,0.33827,0.065755,0.1696,0.11176,0.067805,0.076389,0.07502,0.0943,0.10981,0.032623,0.13504,0.097544,0.23992,0.09771,0.25618,0.09967,0.16526
5.34,0.030774,0.038267,0.07438,0.076033,0.074882,0.019007,0.093256,0.074121,0.034243,0.10153,0.029716,0.070243,0.086575,0.03876,0.11048,0.052805,0.066358,0.025572,0.20305,0.033966,0.14284,0.086218,0.33595,0.065204,0.16991,0.1105,0.067562,0.076333,0.075077,0.094148,0.10876,0.032367,0.13487,0.098039,0.23942,0.097283,0.25566,0.099858,0.16502
5.35,0.03077,0.038331,0.07394,0.075811,0.074424,0.018936,0.0924,0.073761,0.034103,0.10098,0.029579,0.069764,0.086243,0.038572,0.11019,0.052552,0.066001,0.025359,0.20213,0.033862,0.14217,0.086207,0.33363,0.064663,0.17019,0.10926,0.06732,0.076276,0.075104,0.093999,0.10772,0.032106,0.13468,0.098524,0.23892,0.096827,0.25513,0.10004,0.16476
5.36,0.030757,0.038389,0.073503,0.075588,0.073969,0.018865,0.091549,0.073389,0.033963,0.10045,0.029444,0.069349,0.085911,0.038384,0.10989,0.0523,0.065645,0.025148,0.20122,0.033754,0.1415,0.086194,0.33131,0.064133,0.17045,0.10801,0.067079,0.07622,0.075102,0.093852,0.10668,0.031842,0.13447,0.098997,0.23841,0.096344,0.2546,0.10021,0.16447
5.37,0.030743,0.03844,0.073065,0.075364,0.073515,0.018794,0.090915,0.073005,0.033823,0.09991,0.029309,0.068941,0.085581,0.038198,0.10959,0.05205,0.065291,0.024938,0.20031,0.033643,0.14082,0.08618,0.32899,0.063614,0.17069,0.10678,0.06684,0.076165,0.07507,0.093706,0.10565,0.031574,0.13423,0.099459,0.2379,0.095832,0.25406,0.10037,0.16417
5.38,0.030721,0.038486,0.072628,0.075139,0.073065,0.018722,0.090512,0.072609,0.033683,0.099378,0.029175,0.068537,0.085252,0.038013,0.10929,0.051801,0.064938,0.024728,0.19939,0.033528,0.14013,0.086166,0.32668,0.063106,0.17091,0.10599,0.066601,0.076109,0.075009,0.093563,0.10461,0.031306,0.13398,0.09991,0.23739,0.095293,0.25353,0.10053,0.16384
5.39,0.030698,0.038525,0.072189,0.074915,0.072617,0.01865,0.090108,0.072202,0.033543,0.098848,0.029042,0.068133,0.084926,0.037829,0.10898,0.051554,0.064588,0.02452,0.19848,0.033411,0.13944,0.08615,0.32437,0.062609,0.17111,0.10558,0.066365,0.076053,0.074917,0.093422,0.10359,0.031034,0.1337,0.10035,0.23687,0.094725,0.25299,0.10067,0.16349
5.4,0.030668,0.038558,0.07175,0.07469,0.072171,0.018578,0.089707,0.071786,0.033404,0.098323,0.02891,0.067729,0.0846,0.037646,0.10867,0.051307,0.064239,0.024313,0.19757,0.03329,0.13874,0.086135,0.32206,0.062123,0.1713,0.10516,0.066129,0.075997,0.074797,0.093282,0.10256,0.030759,0.13341,0.10078,0.23635,0.094128,0.2526,0.1008,0.16312
5.41,0.030635,0.038584,0.07131,0.074465,0.071728,0.018506,0.089307,0.071359,0.033265,0.0978,0.028778,0.067325,0.084275,0.037464,0.10836,0.051062,0.063894,0.024106,0.19665,0.033165,0.13804,0.086118,0.31976,0.061648,0.17146,0.10475,0.065895,0.075941,0.074647,0.093144,0.10154,0.030482,0.1331,0.10119,0.23582,0.093505,0.25239,0.10092,0.16272
5.42,0.030596,0.038604,0.070872,0.074239,0.071287,0.018453,0.088908,0.070923,0.033126,0.097279,0.028648,0.066921,0.083952,0.037283,0.10804,0.050817,0.063549,0.0239,0.19574,0.033038,0.13734,0.0861,0.31746,0.061184,0.17161,0.10434,0.065662,0.075885,0.074469,0.093008,0.10053,0.030202,0.13277,0.10159,0.23528,0.092855,0.25217,0.10104,0.1623
5.43,0.030555,0.038618,0.070437,0.074012,0.070849,0.0184,0.08851,0.070479,0.032989,0.096762,0.028518,0.066517,0.08363,0.037103,0.10772,0.050574,0.063207,0.023696,0.19483,0.032908,0.13662,0.086082,0.31517,0.06073,0.17173,0.10394,0.06543,0.075828,0.074263,0.092874,0.099526,0.029922,0.13243,0.10198,0.23474,0.092178,0.25193,0.10114,0.16186
5.44,0.030508,0.038625,0.070002,0.073787,0.070413,0.018346,0.088113,0.070026,0.032851,0.096248,0.028389,0.066118,0.083308,0.036924,0.1074,0.050331,0.062866,0.023493,0.19391,0.032774,0.1359,0.086062,0.31288,0.060288,0.17184,0.10354,0.0652,0.075771,0.074031,0.092741,0.098526,0.02964,0.13207,0.10235,0.2342,0.091474,0.25168,0.10123,0.1614
5.45,0.030458,0.038626,0.069567,0.07356,0.069979,0.018293,0.087717,0.069566,0.032714,0.095736,0.02826,0.06572,0.082988,0.036746,0.10708,0.05009,0.062526,0.023291,0.193,0.032637,0.13518,0.086043,0.31059,0.059857,0.17193,0.10313,0.064971,0.075714,0.073774,0.092609,0.09773,0.029355,0.13169,0.10271,0.23365,0.090744,0.25142,0.10131,0.16091
5.46,0.030404,0.038622,0.069131,0.073333,0.069548,0.018239,0.087322,0.069099,0.032577,0.095227,0.028133,0.065321,0.082669,0.036569,0.10675,0.049849,0.062188,0.02309,0.19209,0.032498,0.13445,0.086023,0.3083,0.059437,0.172,0.10273,0.064743,0.075656,0.073493,0.092479,0.097292,0.029068,0.13129,0.10305,0.23309,0.089989,0.25115,0.10138,0.1604
5.47,0.030345,0.038611,0.068694,0.073106,0.069119,0.018185,0.086929,0.068626,0.032441,0.094722,0.028006,0.064923,0.082352,0.036393,0.10642,0.049609,0.061852,0.02289,0.19118,0.032355,0.13372,0.086002,0.30602,0.059028,0.17205,0.10234,0.064517,0.075597,0.073189,0.09235,0.096854,0.028779,0.13088,0.10338,0.23253,0.089208,0.25087,0.10144,0.15987
5.48,0.030285,0.038595,0.068259,0.072877,0.068692,0.018131,0.086536,0.068147,0.032305,0.094219,0.02788,0.064526,0.082037,0.036217,0.10609,0.049371,0.061518,0.022691,0.19027,0.032309,0.13298,0.08598,0.30374,0.058629,0.17208,0.10195,0.064291,0.075538,0.072864,0.092223,0.096414,0.028492,0.13045,0.10369,0.23198,0.088403,0.25058,0.10148,0.15931
5.49,0.030217,0.038572,0.067824,0.07265,0.068268,0.018075,0.086144,0.067664,0.032169,0.093719,0.027755,0.064129,0.081722,0.036043,0.10576,0.049134,0.061185,0.022493,0.18936,0.032336,0.13223,0.085959,0.30147,0.058241,0.17209,0.10155,0.064067,0.075478,0.072517,0.092097,0.09597,0.028202,0.12999,0.10399,0.23142,0.087574,0.25028,0.10152,0.15873
5.5,0.03015,0.038544,0.06739,0.072422,0.067846,0.01802,0.085753,0.067175,0.032033,0.093222,0.027631,0.063733,0.081409,0.03587,0.10542,0.048899,0.060854,0.022296,0.18846,0.032361,0.13149,0.085936,0.2992,0.057863,0.17208,0.10116,0.063844,0.075417,0.072148,0.091971,0.095523,0.027911,0.12952,0.10427,0.23086,0.086722,0.24997,0.10154,0.15813
5.51,0.030076,0.03851,0.066955,0.072194,0.067426,0.017965,0.085364,0.066682,0.031898,0.092728,0.027507,0.063338,0.081097,0.035698,0.10508,0.048665,0.060525,0.0221,0.18755,0.032382,0.13073,0.085913,0.29694,0.057495,0.17206,0.10078,0.063622,0.075356,0.071757,0.091847,0.095076,0.027618,0.12902,0.10453,0.2303,0.085848,0.24965,0.10155,0.1575
5.52,0.030001,0.038471,0.066518,0.071965,0.067009,0.017909,0.084975,0.066184,0.031763,0.092236,0.027384,0.062946,0.080785,0.035526,0.10474,0.048431,0.060197,0.021906,0.18664,0.032402,0.12997,0.08589,0.29468,0.057138,0.17201,0.10039,0.063402,0.075294,0.071358,0.091724,0.094629,0.027325,0.12851,0.10477,0.22975,0.084953,0.24932,0.10155,0.15685
5.53,0.029922,0.038426,0.066081,0.071735,0.066594,0.017853,0.084586,0.065682,0.031628,0.091747,0.027262,0.062556,0.080475,0.035356,0.1044,0.048199,0.059871,0.021713,0.18574,0.032418,0.12921,0.085865,0.29242,0.05679,0.17194,0.10001,0.063182,0.075232,0.071159,0.091602,0.094179,0.027032,0.12798,0.105,0.2292,0.08404,0.24899,0.10154,0.15618
5.54,0.029839,0.038376,0.065641,0.071507,0.066181,0.017797,0.084199,0.065176,0.031494,0.09126,0.02714,0.062165,0.080166,0.035187,0.10405,0.047967,0.059546,0.02152,0.18484,0.032431,0.12844,0.085841,0.29018,0.056453,0.17186,0.09963,0.062964,0.075168,0.070957,0.09148,0.093725,0.026739,0.12742,0.10522,0.22865,0.08311,0.24864,0.10151,0.15588
5.55,0.029754,0.03832,0.0652,0.071278,0.065771,0.01774,0.083813,0.064666,0.03136,0.090777,0.02702,0.061776,0.079859,0.035018,0.10371,0.047737,0.059224,0.021329,0.18394,0.032441,0.12767,0.085816,0.28793,0.056125,0.17175,0.099252,0.062747,0.075104,0.070751,0.09136,0.093269,0.026445,0.12685,0.10542,0.22811,0.082165,0.24829,0.10146,0.15575
5.56,0.029663,0.03826,0.064759,0.071049,0.065362,0.017683,0.083428,0.064153,0.031226,0.090297,0.0269,0.061387,0.079553,0.034851,0.10336,0.047508,0.058904,0.021248,0.18304,0.032448,0.12689,0.08579,0.28576,0.055806,0.17163,0.098876,0.062531,0.075038,0.070545,0.09124,0.092815,0.026151,0.12625,0.1056,0.22757,0.081206,0.24793,0.1014,0.15561
5.57,0.029574,0.038194,0.064315,0.070819,0.064956,0.017626,0.083043,0.063636,0.031093,0.089818,0.02678,0.060999,0.079249,0.034684,0.10301,0.047279,0.058586,0.021199,0.18214,0.032451,0.12656,0.085764,0.28416,0.055496,0.17148,0.098502,0.062316,0.074972,0.070337,0.091121,0.092359,0.025856,0.12563,0.10577,0.22703,0.080234,0.24755,0.10132,0.15547
5.58,0.029478,0.038123,0.06387,0.070589,0.064552,0.017569,0.08266,0.063115,0.03096,0.089342,0.026662,0.060612,0.078946,0.034518,0.10266,0.047052,0.058269,0.021151,0.18124,0.032452,0.12648,0.085738,0.28255,0.055195,0.17131,0.09813,0.062103,0.074904,0.070127,0.091002,0.091901,0.025561,0.125,0.10593,0.22649,0.079249,0.24717,0.10123,0.15531
5.59,0.029382,0.038048,0.063422,0.070359,0.064151,0.017511,0.082278,0.06294,0.030827,0.08887,0.026544,0.060226,0.078643,0.034353,0.10231,0.046825,0.057954,0.021102,0.18034,0.032449,0.12639,0.085711,0.28094,0.054903,0.17113,0.09776,0.06189,0.074836,0.069914,0.090885,0.091439,0.025267,0.12434,0.10607,0.22596,0.078253,0.24678,0.10112,0.15514
5.6,0.029283,0.037969,0.062972,0.07013,0.063751,0.017453,0.081897,0.062888,0.030695,0.0884,0.026427,0.059843,0.078342,0.03419,0.10195,0.0466,0.057641,0.021052,0.17945,0.032443,0.1263,0.085683,0.27933,0.05462,0.17093,0.097393,0.061679,0.074766,0.069701,0.090768,0.090976,0.024974,0.12365,0.10621,0.22543,0.077246,0.24638,0.10099,0.15496
5.61,0.029179,0.037886,0.06252,0.0699,0.063353,0.017394,0.081516,0.062828,0.030563,0.087933,0.02631,0.059462,0.078042,0.034027,0.1016,0.046375,0.057329,0.021003,0.17856,0.032433,0.1262,0.085655,0.2777,0.054346,0.1707,0.097027,0.061469,0.074696,0.069486,0.090651,0.090515,0.024681,0.12295,0.10633,0.22491,0.076229,0.24597,0.10084,0.15476
5.62,0.029076,0.0378,0.062064,0.070214,0.062959,0.017336,0.081136,0.062763,0.030432,0.087468,0.026194,0.059082,0.077744,0.033865,0.10124,0.046153,0.057019,0.020953,0.17766,0.032421,0.1261,0.085627,0.27607,0.054079,0.17046,0.096663,0.06126,0.074624,0.069268,0.090535,0.090052,0.024388,0.12223,0.10644,0.22439,0.075202,0.24556,0.10068,0.15455
5.63,0.028968,0.037711,0.061607,0.070578,0.062566,0.017277,0.080759,0.062693,0.0303,0.087005,0.026079,0.058808,0.077446,0.033703,0.10088,0.045932,0.05671,0.020902,0.17677,0.032405,0.12599,0.085598,0.27442,0.05382,0.1702,0.096302,0.061052,0.074551,0.06905,0.090419,0.089586,0.024095,0.12149,0.10654,0.22388,0.074165,0.24514,0.1005,0.15433
5.64,0.02886,0.037622,0.061147,0.070935,0.062175,0.017219,0.080382,0.062616,0.03017,0.086546,0.025965,0.05859,0.077149,0.033543,0.10052,0.045711,0.056404,0.020851,0.17588,0.032386,0.12588,0.085569,0.27275,0.053568,0.16991,0.095942,0.060845,0.074477,0.06883,0.090304,0.089119,0.023803,0.12073,0.10662,0.22338,0.073737,0.24472,0.10031,0.1541
5.65,0.02875,0.037546,0.060686,0.071287,0.061786,0.01716,0.080006,0.062535,0.030039,0.086089,0.025851,0.058372,0.076855,0.033384,0.10016,0.045492,0.056098,0.0208,0.175,0.032364,0.12577,0.085539,0.27108,0.053324,0.16961,0.095583,0.060639,0.074402,0.068608,0.090189,0.088649,0.023513,0.11994,0.10668,0.22288,0.073509,0.24429,0.1001,0.15384
5.66,0.028635,0.037482,0.060223,0.071631,0.0614,0.0171,0.079631,0.062448,0.02991,0.085634,0.025738,0.058156,0.076562,0.033225,0.099795,0.045273,0.055795,0.020749,0.17411,0.032339,0.12565,0.08551,0.26939,0.053087,0.1693,0.095227,0.060434,0.074326,0.068384,0.090075,0.088181,0.023223,0.11916,0.10672,0.22239,0.073281,0.24386,0.099868,0.15358
5.67,0.028522,0.037429,0.059759,0.071969,0.061015,0.017041,0.079258,0.062356,0.02978,0.085182,0.025626,0.057941,0.076269,0.033068,0.099428,0.045055,0.055493,0.020698,0.17323,0.03231,0.12553,0.085479,0.26768,0.052856,0.16896,0.094873,0.06023,0.074249,0.06816,0.089961,0.087713,0.022935,0.11859,0.10675,0.22189,0.073052,0.24343,0.099624,0.1533
5.68,0.028405,0.037389,0.059294,0.0723,0.060633,0.016981,0.078887,0.06226,0.029651,0.084732,0.025514,0.057728,0.075978,0.032911,0.099065,0.044839,0.055193,0.020646,0.17235,0.032279,0.1254,0.085449,0.26596,0.052632,0.16861,0.09452,0.060028,0.074171,0.067934,0.089847,0.087242,0.022647,0.118,0.10676,0.22139,0.072822,0.243,0.099363,0.15302
5.69,0.028286,0.03738,0.058828,0.072624,0.060253,0.016921,0.078516,0.062158,0.029522,0.084286,0.025403,0.057515,0.075688,0.032755,0.0987,0.044623,0.054894,0.020594,0.17146,0.032244,0.12527,0.085419,0.26423,0.052414,0.16824,0.094169,0.059826,0.074091,0.067707,0.089733,0.086769,0.022361,0.11738,0.10675,0.22089,0.07259,0.24257,0.09937,0.15272
5.7,0.028168,0.037394,0.058363,0.072941,0.059874,0.016861,0.078145,0.062053,0.029394,0.083841,0.025292,0.057304,0.075399,0.0326,0.098332,0.044408,0.054597,0.020541,0.17058,0.032207,0.12514,0.085389,0.26248,0.052202,0.16786,0.093821,0.059626,0.074011,0.067476,0.089619,0.086295,0.022075,0.11675,0.10673,0.22038,0.072354,0.24214,0.099451,0.15241
5.71,0.028046,0.037411,0.057896,0.073252,0.059498,0.016801,0.077778,0.061942,0.029266,0.083399,0.025183,0.057093,0.075111,0.032446,0.097961,0.044194,0.054301,0.020489,0.16971,0.032167,0.125,0.085359,0.26072,0.051996,0.16746,0.093473,0.059426,0.073929,0.067246,0.089506,0.085822,0.021791,0.11611,0.10669,0.21988,0.072113,0.24171,0.099517,0.15209
5.72,0.027924,0.037428,0.05743,0.073557,0.059125,0.016741,0.077411,0.061828,0.029139,0.082959,0.025074,0.056884,0.074825,0.032292,0.097594,0.043981,0.054007,0.020436,0.16883,0.032124,0.12486,0.085331,0.25894,0.051796,0.16704,0.093127,0.059227,0.073847,0.067015,0.089393,0.085349,0.02151,0.11544,0.10663,0.21937,0.071868,0.24128,0.099568,0.15176
5.73,0.027802,0.037443,0.056962,0.073858,0.058753,0.01668,0.077045,0.061708,0.029012,0.082522,0.024965,0.056676,0.074539,0.03214,0.097224,0.043769,0.053715,0.020383,0.16796,0.032079,0.12472,0.085307,0.25748,0.0516,0.16661,0.092783,0.05903,0.073763,0.066783,0.089279,0.084875,0.02123,0.11476,0.10656,0.21887,0.071662,0.24084,0.099606,0.15142
5.74,0.027676,0.037458,0.056495,0.074154,0.058382,0.01662,0.07668,0.061585,0.028885,0.082088,0.024857,0.056469,0.074255,0.03199,0.096852,0.043559,0.053426,0.02033,0.16708,0.03203,0.12457,0.08529,0.25657,0.05141,0.16617,0.092441,0.058833,0.073678,0.066548,0.089166,0.084398,0.020951,0.11406,0.10648,0.21836,0.071472,0.2404,0.099632,0.15107
5.75,0.027551,0.03747,0.056027,0.074447,0.058014,0.016559,0.076318,0.061457,0.028759,0.081656,0.02475,0.056263,0.073973,0.03184,0.096478,0.04335,0.053138,0.020277,0.16621,0.031978,0.12441,0.08528,0.25567,0.051225,0.16571,0.0921,0.058638,0.073593,0.066311,0.089053,0.083921,0.020674,0.11335,0.10638,0.21786,0.071278,0.23996,0.099645,0.15071
5.76,0.027426,0.03748,0.055559,0.074735,0.057649,0.016498,0.075957,0.061325,0.028633,0.081226,0.024644,0.056058,0.073692,0.031691,0.096106,0.043142,0.052851,0.020223,0.16535,0.031923,0.12426,0.085273,0.25476,0.051044,0.16524,0.091761,0.058443,0.073506,0.066074,0.08894,0.083444,0.020399,0.11262,0.10627,0.21735,0.071079,0.23952,0.099648,0.15035
5.77,0.027297,0.037487,0.055092,0.075018,0.057285,0.016436,0.075596,0.061188,0.028508,0.080798,0.024538,0.055854,0.073412,0.031543,0.095733,0.042935,0.052566,0.020169,0.16448,0.031866,0.1241,0.085265,0.25386,0.050867,0.16475,0.091423,0.05825,0.073418,0.065837,0.088827,0.082968,0.020184,0.11188,0.10613,0.21685,0.070877,0.23907,0.099641,0.14997
5.78,0.02717,0.037491,0.054626,0.075295,0.056923,0.016376,0.075237,0.061048,0.028383,0.080373,0.024432,0.055651,0.073132,0.031395,0.095358,0.042728,0.052283,0.020115,0.16361,0.031806,0.12394,0.085258,0.25296,0.050695,0.16425,0.091087,0.058057,0.073329,0.065599,0.088714,0.082491,0.020057,0.11112,0.10598,0.21634,0.07067,0.23862,0.099625,0.14959
5.79,0.027043,0.037493,0.054162,0.075568,0.056563,0.016314,0.07488,0.060904,0.028259,0.07995,0.024328,0.05545,0.072854,0.031249,0.094981,0.042523,0.052001,0.02006,0.16275,0.031743,0.12377,0.085251,0.25206,0.050527,0.16374,0.090752,0.057865,0.07324,0.065358,0.088601,0.082013,0.019929,0.11034,0.10582,0.21584,0.070459,0.23817,0.099599,0.1492
5.8,0.026913,0.037492,0.0537,0.075836,0.056205,0.016253,0.074524,0.060756,0.028135,0.07953,0.024224,0.055249,0.072577,0.031103,0.094605,0.042319,0.051721,0.020006,0.16189,0.031677,0.1236,0.085244,0.25116,0.050362,0.16321,0.090419,0.057675,0.073149,0.065116,0.088487,0.081533,0.019798,0.10955,0.10563,0.21533,0.070245,0.23771,0.099563,0.14881
5.81,0.026782,0.037489,0.053241,0.0761,0.055849,0.016192,0.074169,0.060605,0.028012,0.079113,0.02412,0.055049,0.072301,0.030958,0.09423,0.042115,0.051442,0.019952,0.16103,0.031609,0.12343,0.085237,0.25026,0.050201,0.16267,0.090088,0.057485,0.073059,0.064872,0.088374,0.081054,0.019667,0.10875,0.10543,0.21483,0.070025,0.23725,0.099516,0.1484
5.82,0.026649,0.037483,0.052783,0.07636,0.055496,0.01613,0.073816,0.06045,0.027889,0.078697,0.024017,0.054851,0.072026,0.030814,0.093852,0.041913,0.051165,0.019897,0.16018,0.031538,0.12325,0.085229,0.24936,0.050044,0.16212,0.089757,0.057296,0.072968,0.064629,0.08826,0.080577,0.019535,0.10793,0.10521,0.21432,0.069802,0.23679,0.099456,0.14799
5.83,0.026514,0.037475,0.052327,0.076618,0.05528,0.016068,0.073463,0.060292,0.027766,0.078284,0.023915,0.054653,0.071753,0.030671,0.093473,0.041711,0.051023,0.019842,0.15932,0.031464,0.12307,0.085222,0.24847,0.049889,0.16156,0.089429,0.057109,0.072876,0.064386,0.088147,0.080099,0.019401,0.10709,0.10498,0.21382,0.069574,0.23632,0.099384,0.14758
5.84,0.026378,0.037465,0.051871,0.076873,0.055127,0.016006,0.073113,0.060131,0.027644,0.077873,0.023813,0.054457,0.071481,0.030528,0.093092,0.04151,0.050901,0.019787,0.15847,0.031388,0.12289,0.085213,0.24757,0.049738,0.16098,0.089101,0.056922,0.072783,0.064141,0.088033,0.07962,0.019266,0.10623,0.10472,0.21331,0.069342,0.23585,0.099295,0.14715
5.85,0.026241,0.037454,0.051415,0.077127,0.054975,0.015945,0.072764,0.059966,0.027522,0.077464,0.023712,0.054261,0.07121,0.030386,0.092715,0.04131,0.05078,0.019731,0.15762,0.031309,0.1227,0.085204,0.24668,0.049589,0.16039,0.088775,0.056736,0.072689,0.063895,0.087918,0.07914,0.01913,0.10536,0.10445,0.2128,0.069107,0.23537,0.099191,0.14672
5.86,0.026103,0.037444,0.05096,0.077377,0.054824,0.015882,0.072417,0.059799,0.027401,0.077058,0.023612,0.054067,0.070941,0.030245,0.092336,0.041112,0.050659,0.019676,0.15678,0.031229,0.12251,0.085193,0.24578,0.049443,0.1598,0.08845,0.056552,0.072595,0.063647,0.087804,0.078659,0.018993,0.10448,0.10416,0.2123,0.068867,0.23489,0.099071,0.14628
5.87,0.025965,0.037432,0.050506,0.077624,0.054673,0.015821,0.07207,0.059629,0.027281,0.076654,0.023512,0.053874,0.070672,0.030105,0.091956,0.040914,0.050538,0.01962,0.15593,0.031146,0.12231,0.085182,0.24489,0.0493,0.15919,0.088127,0.056368,0.0725,0.063398,0.08769,0.078182,0.018855,0.10358,0.10404,0.21179,0.068623,0.23441,0.098933,0.14583
5.88,0.025826,0.03742,0.050052,0.077866,0.054522,0.015759,0.071724,0.059456,0.02716,0.076252,0.023412,0.053681,0.070405,0.029965,0.091573,0.040717,0.050417,0.019565,0.15509,0.031061,0.12211,0.085169,0.244,0.049159,0.15857,0.087805,0.056185,0.072404,0.063148,0.087575,0.077704,0.018716,0.10267,0.10416,0.21128,0.068376,0.23393,0.098778,0.14537
5.89,0.025686,0.037407,0.049598,0.078106,0.054372,0.015697,0.071381,0.05928,0.027041,0.075853,0.023314,0.05349,0.070138,0.029827,0.091193,0.040521,0.050296,0.019509,0.15425,0.030974,0.12191,0.085155,0.24311,0.049021,0.15794,0.087484,0.056003,0.072307,0.062898,0.087459,0.077226,0.018576,0.10174,0.10426,0.21078,0.068124,0.23344,0.098605,0.1449
5.9,0.025546,0.037391,0.049143,0.078341,0.054222,0.015635,0.071039,0.059102,0.026922,0.075455,0.023215,0.053299,0.069873,0.029689,0.090813,0.040327,0.050176,0.019453,0.15342,0.030884,0.12171,0.085139,0.24222,0.048885,0.1573,0.087165,0.055821,0.07221,0.062649,0.087344,0.076747,0.018435,0.10081,0.10435,0.21027,0.06787,0.23295,0.098414,0.14442
5.91,0.025406,0.037372,0.048689,0.078572,0.054073,0.015573,0.070699,0.058922,0.026803,0.07506,0.023118,0.05311,0.069609,0.029551,0.090432,0.040134,0.050055,0.019397,0.15258,0.030793,0.1215,0.085121,0.24133,0.048751,0.15666,0.086846,0.055641,0.072112,0.062398,0.087228,0.076268,0.018292,0.099855,0.10442,0.20977,0.067612,0.23247,0.098205,0.14392
5.92,0.025267,0.037352,0.048235,0.0788,0.053924,0.01551,0.070359,0.058739,0.026685,0.074667,0.023021,0.052922,0.069345,0.029415,0.09005,0.039941,0.049935,0.019341,0.15175,0.030699,0.12128,0.085102,0.24044,0.048618,0.156,0.086529,0.055462,0.072014,0.062147,0.087112,0.075791,0.018149,0.098895,0.10448,0.20927,0.06735,0.23198,0.097978,0.14342
5.93,0.025127,0.037329,0.04778,0.079024,0.053775,0.015448,0.07002,0.058554,0.026567,0.074277,0.022924,0.052735,0.069083,0.029279,0.089666,0.039749,0.049815,0.019285,0.15093,0.030602,0.12107,0.085081,0.23955,0.048488,0.15534,0.086213,0.055283,0.071914,0.061894,0.086996,0.075315,0.018007,0.097926,0.10453,0.20876,0.067085,0.23149,0.097732,0.1429
5.94,0.024988,0.037304,0.047336,0.079245,0.053627,0.015386,0.069683,0.058367,0.02645,0.073889,0.022828,0.052549,0.068823,0.029144,0.089285,0.039559,0.049695,0.019228,0.15011,0.030504,0.12085,0.085058,0.23866,0.048359,0.15466,0.085899,0.055105,0.071815,0.06164,0.086879,0.074839,0.017863,0.096948,0.10456,0.20826,0.066816,0.231,0.097468,0.14237
5.95,0.024849,0.037275,0.047132,0.07946,0.053479,0.015323,0.069349,0.058178,0.026333,0.073503,0.022733,0.052364,0.068564,0.02901,0.088904,0.039369,0.049575,0.019172,0.14929,0.030404,0.12062,0.085033,0.23778,0.048231,0.15398,0.085585,0.054928,0.071714,0.061386,0.086762,0.074362,0.017719,0.095961,0.10459,0.20775,0.066545,0.2305,0.097186,0.14183
5.96,0.024711,0.037244,0.046927,0.079671,0.053332,0.015261,0.069015,0.057987,0.026216,0.073119,0.022638,0.05218,0.068306,0.028876,0.088522,0.03918,0.049455,0.019115,0.14847,0.030301,0.12039,0.085006,0.23689,0.048105,0.15329,0.085273,0.054752,0.071614,0.06113,0.086644,0.073886,0.017574,0.094966,0.10459,0.20725,0.06627,0.23001,0.096885,0.14128
5.97,0.024574,0.037211,0.046724,0.079875,0.053185,0.015199,0.068683,0.057795,0.026101,0.072737,0.022544,0.051997,0.068048,0.028743,0.088139,0.038992,0.049336,0.019059,0.14766,0.030197,0.12016,0.084978,0.236,0.047981,0.15259,0.084962,0.054577,0.071512,0.060874,0.086526,0.073411,0.017428,0.093958,0.10459,0.20675,0.065992,0.22952,0.096565,0.14072
5.98,0.024438,0.037174,0.04652,0.080075,0.053038,0.015137,0.068352,0.0576,0.025985,0.072357,0.02245,0.051815,0.067792,0.028611,0.087755,0.038804,0.049218,0.019002,0.14685,0.03009,0.11993,0.084947,0.23511,0.047858,0.15189,0.084652,0.054402,0.07141,0.06062,0.086408,0.072938,0.017281,0.092942,0.10457,0.20625,0.065712,0.22902,0.096226,0.14015
5.99,0.024302,0.037136,0.046316,0.080268,0.052892,0.015074,0.068022,0.057404,0.025871,0.07198,0.022357,0.051633,0.067537,0.02848,0.087374,0.038618,0.049099,0.018946,0.14604,0.029982,0.11969,0.084915,0.23423,0.047735,0.15117,0.084342,0.054228,0.071308,0.060365,0.086289,0.072465,0.017134,0.091914,0.10454,0.20575,0.065428,0.22853,0.095869,0.13967
6,0.024168,0.037095,0.046113,0.080458,0.052746,0.015012,0.067693,0.057207,0.025756,0.071605,0.022264,0.051453,0.067283,0.028349,0.086993,0.038433,0.048981,0.018889,0.14524,0.029872,0.11945,0.084881,0.23334,0.047614,0.15045,0.084035,0.054055,0.071205,0.06011,0.08617,0.071992,0.016987,0.090874,0.10449,0.20525,0.065142,0.22804,0.095491,0.13955
6.01,0.024035,0.037051,0.04591,0.080646,0.052601,0.01495,0.067366,0.057008,0.025642,0.071232,0.022172,0.051273,0.06703,0.028219,0.086611,0.038248,0.048863,0.018832,0.14444,0.02976,0.11921,0.084845,0.23245,0.047495,0.14972,0.083728,0.053883,0.071102,0.059853,0.086051,0.071519,0.01684,0.089822,0.10443,0.20475,0.064853,0.22754,0.095093,0.13943
6.02,0.023904,0.037004,0.045707,0.080833,0.052457,0.014888,0.067041,0.056808,0.025529,0.070861,0.02208,0.051095,0.066778,0.02809,0.086228,0.038064,0.048745,0.018775,0.14365,0.029646,0.11896,0.084807,0.23157,0.047376,0.14899,0.083422,0.053712,0.070999,0.059596,0.085931,0.071047,0.016693,0.088759,0.10436,0.20426,0.064561,0.22705,0.094675,0.13931
6.03,0.023774,0.036954,0.045505,0.081019,0.052313,0.014825,0.066717,0.056606,0.025416,0.070492,0.021989,0.050917,0.066527,0.027961,0.085845,0.037882,0.048627,0.018718,0.14286,0.029531,0.11871,0.084767,0.23068,0.047258,0.14825,0.083117,0.053541,0.070896,0.059339,0.08581,0.070578,0.016545,0.087687,0.10427,0.20376,0.064267,0.22656,0.094236,0.13917
6.04,0.023645,0.036902,0.045303,0.081204,0.052169,0.014763,0.066395,0.056403,0.025304,0.070125,0.021898,0.05074,0.066277,0.027834,0.085465,0.0377,0.048509,0.018661,0.14207,0.029415,0.11846,0.084726,0.2298,0.04714,0.1475,0.082813,0.053372,0.070793,0.059081,0.085689,0.070109,0.016398,0.086603,0.10417,0.20327,0.063971,0.22606,0.093777,0.13903
6.05,0.023518,0.036847,0.045102,0.081385,0.052026,0.014701,0.066074,0.0562,0.025192,0.06976,0.021808,0.050565,0.066029,0.027706,0.085085,0.037518,0.048391,0.018604,0.14129,0.029296,0.1182,0.084682,0.22891,0.047024,0.14675,0.082511,0.053203,0.070689,0.058822,0.085568,0.069641,0.01625,0.086083,0.10406,0.20277,0.063739,0.22557,0.093297,0.13888
6.06,0.023393,0.03679,0.044901,0.081564,0.051883,0.014639,0.065754,0.055995,0.025081,0.069397,0.021719,0.05039,0.065782,0.02758,0.084704,0.037339,0.048274,0.018547,0.14065,0.029176,0.11794,0.084636,0.22802,0.046908,0.14599,0.082209,0.053034,0.070585,0.058564,0.085446,0.069172,0.016102,0.086012,0.10393,0.20228,0.063564,0.22508,0.092795,0.13873
6.07,0.023269,0.03673,0.044701,0.081836,0.051741,0.014576,0.065435,0.055789,0.02497,0.069037,0.021629,0.050215,0.065536,0.027454,0.084322,0.03716,0.048157,0.01849,0.14014,0.029055,0.11768,0.084589,0.22714,0.046793,0.14523,0.081908,0.052867,0.070481,0.058304,0.085323,0.068705,0.015953,0.085904,0.10379,0.20179,0.063386,0.22459,0.092273,0.13857
6.08,0.023148,0.036667,0.044501,0.082105,0.051599,0.014514,0.065118,0.055582,0.02486,0.068679,0.021541,0.050042,0.065291,0.027329,0.08394,0.036982,0.04804,0.018433,0.13962,0.028931,0.11741,0.08454,0.22625,0.046679,0.14446,0.081608,0.0527,0.070377,0.058045,0.0852,0.06824,0.015805,0.085757,0.10363,0.20129,0.063205,0.2241,0.09173,0.1384
6.09,0.023028,0.036602,0.044303,0.082372,0.051457,0.014452,0.064802,0.055373,0.02475,0.068322,0.021453,0.04987,0.065046,0.027204,0.083561,0.036806,0.047923,0.018376,0.1391,0.028806,0.11714,0.08449,0.22536,0.046566,0.14369,0.081309,0.052534,0.070272,0.057788,0.085078,0.067777,0.015657,0.085574,0.10347,0.2008,0.063022,0.22361,0.091165,0.13823
6.1,0.02291,0.036535,0.044106,0.082636,0.051315,0.01439,0.064488,0.055164,0.02464,0.067968,0.021365,0.049698,0.064803,0.027081,0.083182,0.036629,0.047806,0.018319,0.13858,0.02868,0.11687,0.084437,0.22447,0.046453,0.14292,0.081011,0.052369,0.070167,0.05753,0.084955,0.067314,0.015509,0.085359,0.10329,0.20031,0.062836,0.22313,0.090579,0.13804
6.11,0.022794,0.036465,0.04391,0.082896,0.051174,0.014329,0.064175,0.054954,0.024532,0.067616,0.021278,0.049528,0.064561,0.026958,0.082803,0.036454,0.04769,0.018261,0.13806,0.028552,0.1166,0.084382,0.22359,0.04634,0.14215,0.080714,0.052205,0.070062,0.057272,0.084832,0.066851,0.01536,0.085112,0.1031,0.19982,0.062647,0.22264,0.089973,0.13785
6.12,0.022681,0.036393,0.043716,0.083153,0.051034,0.014267,0.063865,0.054744,0.024424,0.067265,0.021192,0.049358,0.06432,0.026835,0.082424,0.03628,0.047573,0.018204,0.13755,0.028422,0.11632,0.084326,0.2227,0.046228,0.14179,0.080418,0.052041,0.069956,0.057013,0.084708,0.06639,0.015213,0.084837,0.10291,0.19933,0.062455,0.22216,0.089346,0.13766
6.13,0.022569,0.03632,0.043524,0.083405,0.050894,0.014205,0.063555,0.054532,0.024316,0.066916,0.021105,0.049189,0.06408,0.026713,0.082044,0.036106,0.047457,0.018147,0.13703,0.028291,0.11604,0.084268,0.22181,0.046117,0.14144,0.080123,0.051878,0.06985,0.056755,0.084584,0.065929,0.015066,0.08453,0.10271,0.19884,0.062262,0.22167,0.088698,0.13745
6.14,0.02246,0.036243,0.043334,0.083652,0.050754,0.014143,0.063247,0.054319,0.024209,0.06657,0.02102,0.049021,0.063841,0.026592,0.081666,0.035934,0.047341,0.01809,0.13652,0.028158,0.11576,0.084208,0.22092,0.046006,0.14109,0.079828,0.051716,0.069744,0.056496,0.084459,0.065472,0.01492,0.084242,0.1025,0.19835,0.062066,0.22118,0.08803,0.13724
6.15,0.022353,0.036166,0.043146,0.083894,0.050614,0.014082,0.06294,0.054106,0.024103,0.066226,0.020935,0.048854,0.063603,0.026472,0.08129,0.035762,0.047225,0.018033,0.13601,0.028024,0.11547,0.084146,0.22003,0.045895,0.14073,0.079535,0.051554,0.069638,0.056237,0.084334,0.065015,0.014773,0.084023,0.10229,0.19787,0.061868,0.22069,0.087343,0.13703
6.16,0.022248,0.036086,0.04296,0.08413,0.050475,0.01402,0.062635,0.053891,0.023997,0.065884,0.02085,0.048687,0.063366,0.026352,0.080913,0.035591,0.04711,0.017976,0.1355,0.027888,0.11518,0.084082,0.21914,0.045785,0.14036,0.079242,0.051393,0.069531,0.055978,0.084209,0.064559,0.014627,0.083779,0.10208,0.19738,0.061668,0.2202,0.086636,0.1368
6.17,0.022146,0.036005,0.042775,0.084361,0.050337,0.013958,0.062331,0.053676,0.023891,0.065544,0.020766,0.048522,0.06313,0.026233,0.080537,0.03542,0.046994,0.017919,0.135,0.027751,0.11489,0.084017,0.21825,0.045675,0.13998,0.07895,0.051233,0.069424,0.05572,0.084082,0.064105,0.014481,0.083512,0.10186,0.1969,0.061467,0.21971,0.085911,0.13658
6.18,0.022045,0.035921,0.042591,0.084586,0.050199,0.013897,0.062028,0.05346,0.023786,0.065205,0.020682,0.048357,0.062896,0.026114,0.08016,0.035251,0.046879,0.017861,0.13449,0.027613,0.11459,0.083949,0.21736,0.045565,0.1396,0.078659,0.051074,0.069317,0.055461,0.083955,0.063651,0.014336,0.08322,0.10164,0.19642,0.061264,0.21922,0.085168,0.13634
6.19,0.021947,0.035839,0.042408,0.084805,0.050061,0.013835,0.061726,0.053242,0.023682,0.064869,0.020599,0.048193,0.062662,0.025996,0.079783,0.035083,0.046764,0.017804,0.13399,0.027473,0.1143,0.08388,0.21647,0.045456,0.13921,0.078369,0.050915,0.06921,0.055202,0.083828,0.063198,0.014191,0.082906,0.1014,0.19593,0.06106,0.21872,0.084408,0.1361
6.2,0.021852,0.035759,0.042225,0.085018,0.049924,0.013774,0.061426,0.053024,0.023578,0.064534,0.020516,0.04803,0.06243,0.025879,0.07941,0.034915,0.046649,0.017747,0.13349,0.027331,0.114,0.083809,0.21558,0.045347,0.13881,0.07808,0.050757,0.069103,0.054943,0.0837,0.062748,0.014047,0.082572,0.10116,0.19545,0.060854,0.21822,0.08363,0.13585
6.21,0.021758,0.035678,0.042043,0.085226,0.049788,0.013713,0.061128,0.052805,0.023475,0.064234,0.020434,0.047867,0.062198,0.025762,0.079037,0.034748,0.046534,0.01769,0.13308,0.02719,0.11369,0.083736,0.21469,0.045238,0.13841,0.077791,0.0506,0.068996,0.054684,0.083572,0.0623,0.013903,0.082217,0.10091,0.19496,0.060648,0.21772,0.082837,0.1356
6.22,0.021668,0.035597,0.041861,0.085428,0.049651,0.013652,0.060832,0.052585,0.023372,0.06395,0.020352,0.047706,0.061968,0.025646,0.078664,0.034582,0.04642,0.017633,0.13279,0.027047,0.11339,0.083661,0.2138,0.04513,0.138,0.077503,0.050443,0.068889,0.054426,0.083443,0.061853,0.013788,0.081845,0.10065,0.19448,0.06044,0.21722,0.082028,0.13534
6.23,0.021579,0.035515,0.041679,0.085624,0.049515,0.013591,0.060537,0.052363,0.023269,0.063667,0.02027,0.047545,0.061738,0.025531,0.078291,0.034417,0.046305,0.017576,0.13251,0.026902,0.11308,0.083585,0.2129,0.045022,0.13759,0.077216,0.050287,0.068783,0.05417,0.083313,0.061407,0.013675,0.081455,0.10038,0.194,0.060231,0.21671,0.081204,0.13508
6.24,0.021493,0.035431,0.041503,0.085814,0.04938,0.01353,0.060243,0.052141,0.023167,0.063385,0.020189,0.047385,0.061509,0.025416,0.077917,0.034252,0.046191,0.017519,0.13223,0.026756,0.11277,0.083507,0.21201,0.044913,0.13717,0.07693,0.050132,0.068676,0.053913,0.083183,0.060963,0.013562,0.081047,0.1001,0.19352,0.060022,0.2162,0.080366,0.13481
6.25,0.021409,0.035345,0.041374,0.085999,0.049245,0.013469,0.059951,0.051917,0.023066,0.063105,0.020109,0.047226,0.061282,0.025302,0.077546,0.034089,0.046077,0.017462,0.13196,0.026609,0.11246,0.083427,0.21112,0.044806,0.13674,0.076644,0.049977,0.068569,0.053657,0.083052,0.060519,0.013449,0.08062,0.099806,0.19303,0.059812,0.21569,0.079514,0.13453
6.26,0.021328,0.035257,0.041244,0.086178,0.04911,0.013409,0.05966,0.051692,0.022965,0.062826,0.020029,0.047068,0.061055,0.025189,0.077177,0.033926,0.045963,0.017405,0.1317,0.026461,0.11214,0.083347,0.21023,0.044698,0.13632,0.07636,0.049823,0.068462,0.053401,0.082921,0.060077,0.013336,0.080176,0.099504,0.19255,0.059603,0.21517,0.078648,0.13425
6.27,0.021248,0.035167,0.041115,0.086352,0.048975,0.013348,0.05937,0.051466,0.022864,0.062548,0.019949,0.04691,0.060829,0.025076,0.076808,0.033764,0.04585,0.017349,0.13144,0.026331,0.11183,0.083264,0.20934,0.04459,0.13589,0.076076,0.04967,0.068354,0.053145,0.082789,0.059638,0.013223,0.079715,0.099194,0.19207,0.059392,0.21465,0.077769,0.13396
6.28,0.021172,0.035074,0.040987,0.086522,0.048841,0.013287,0.059082,0.051239,0.022764,0.062271,0.01987,0.046753,0.060605,0.024963,0.076439,0.033604,0.045736,0.017292,0.13119,0.026372,0.11151,0.083181,0.20845,0.044483,0.13553,0.075793,0.049518,0.068247,0.05289,0.082657,0.0592,0.01311,0.079236,0.098874,0.19158,0.059182,0.21413,0.076877,0.13366
6.29,0.021097,0.034979,0.040859,0.086685,0.048708,0.013227,0.058795,0.05101,0.022665,0.061996,0.019791,0.046597,0.060381,0.024852,0.07607,0.033444,0.045623,0.017235,0.13094,0.026412,0.11119,0.083096,0.20756,0.044375,0.13532,0.07551,0.049366,0.068139,0.052635,0.082524,0.058765,0.012996,0.078741,0.098546,0.1911,0.058971,0.2136,0.075971,0.13336
6.3,0.021025,0.034882,0.040731,0.086845,0.048574,0.013167,0.05851,0.05078,0.022566,0.061722,0.019713,0.046442,0.060158,0.024741,0.075701,0.033285,0.04551,0.017178,0.13069,0.026452,0.11086,0.083011,0.20666,0.044268,0.1351,0.075228,0.049214,0.068032,0.05238,0.082391,0.05833,0.012883,0.078478,0.098208,0.19061,0.058761,0.21307,0.075052,0.13305
6.31,0.020955,0.034781,0.040604,0.086999,0.048441,0.013107,0.058226,0.05055,0.022467,0.061449,0.019635,0.046287,0.059937,0.02463,0.075336,0.033126,0.045398,0.017121,0.13045,0.02649,0.11054,0.082925,0.20577,0.04416,0.13488,0.074948,0.049064,0.067924,0.052125,0.082257,0.057897,0.012771,0.078551,0.097863,0.19013,0.058611,0.21254,0.074121,0.13273
6.32,0.020887,0.034679,0.040477,0.087148,0.048309,0.013047,0.057943,0.050317,0.022369,0.061178,0.019557,0.046133,0.059716,0.02452,0.074971,0.032969,0.045285,0.017065,0.13022,0.026528,0.11021,0.082839,0.20488,0.044053,0.13465,0.074667,0.048914,0.067815,0.051871,0.082122,0.057466,0.012658,0.078643,0.09751,0.18964,0.058479,0.21201,0.073177,0.13241
6.33,0.020822,0.034574,0.04035,0.087293,0.048176,0.012987,0.057663,0.050084,0.022272,0.060907,0.01948,0.04598,0.059497,0.024411,0.074607,0.032812,0.045173,0.017009,0.12998,0.026565,0.10988,0.082753,0.20399,0.043945,0.13442,0.074388,0.048764,0.067707,0.051617,0.081988,0.057036,0.012546,0.078738,0.097151,0.18916,0.058344,0.21147,0.07222,0.13208
6.34,0.020758,0.034467,0.040224,0.087433,0.048044,0.012927,0.057384,0.049849,0.022175,0.060638,0.019404,0.045828,0.059278,0.024302,0.074243,0.032656,0.045061,0.016952,0.12975,0.026601,0.10955,0.082668,0.2031,0.043838,0.13417,0.074109,0.048616,0.067598,0.051363,0.081854,0.056608,0.012434,0.078832,0.096787,0.18867,0.058208,0.21093,0.071252,0.13175
6.35,0.020697,0.034358,0.040098,0.087568,0.047913,0.012867,0.057106,0.049612,0.022078,0.06037,0.019328,0.045677,0.05906,0.024194,0.073879,0.032501,0.044949,0.016896,0.12952,0.026637,0.10922,0.082587,0.20222,0.04373,0.13392,0.073831,0.048468,0.06749,0.05111,0.081719,0.056182,0.012322,0.078922,0.096421,0.18819,0.05807,0.21039,0.070273,0.13141
6.36,0.020638,0.034246,0.039973,0.087697,0.047782,0.012808,0.056829,0.049374,0.021982,0.060104,0.019252,0.045526,0.058844,0.024086,0.073516,0.032347,0.044837,0.01684,0.12928,0.026671,0.10888,0.082508,0.20133,0.043623,0.13367,0.073554,0.04832,0.067381,0.050858,0.081584,0.055759,0.012211,0.079007,0.096056,0.1877,0.05793,0.20985,0.069282,0.13106
6.37,0.020581,0.034133,0.039847,0.087822,0.047652,0.012748,0.056554,0.049135,0.021886,0.059838,0.019176,0.045376,0.058628,0.023979,0.073156,0.032193,0.044725,0.016783,0.12905,0.026705,0.10855,0.082431,0.20044,0.043515,0.1334,0.073276,0.048174,0.067272,0.050606,0.081448,0.055338,0.012099,0.079086,0.095693,0.18722,0.057788,0.2093,0.068281,0.13071
6.38,0.020526,0.034018,0.039723,0.087943,0.047522,0.012689,0.056281,0.048894,0.021791,0.059574,0.019102,0.045226,0.058413,0.023873,0.072797,0.03204,0.044614,0.016727,0.12881,0.026738,0.10821,0.082354,0.19956,0.043408,0.13313,0.073001,0.048027,0.067162,0.050354,0.081311,0.054918,0.011988,0.079157,0.09533,0.18673,0.057644,0.20875,0.06727,0.13034
6.39,0.020473,0.033901,0.039598,0.088059,0.047392,0.01263,0.056058,0.048652,0.021697,0.059311,0.019027,0.045078,0.058199,0.023767,0.072438,0.031888,0.044503,0.016671,0.12857,0.026769,0.10787,0.082278,0.19867,0.0433,0.13286,0.072725,0.047882,0.067053,0.050103,0.081174,0.0545,0.011877,0.079222,0.094969,0.18624,0.057497,0.2082,0.066403,0.12997
6.4,0.020422,0.033783,0.039474,0.08817,0.047263,0.012571,0.055864,0.048407,0.021603,0.059049,0.018953,0.04493,0.057986,0.023662,0.07208,0.031737,0.044392,0.016615,0.12833,0.0268,0.10753,0.082201,0.19779,0.043192,0.13257,0.072451,0.047737,0.066944,0.049854,0.081037,0.054084,0.011767,0.079278,0.094607,0.18575,0.057348,0.20765,0.065716,0.1296
6.41,0.020372,0.033663,0.03935,0.088277,0.047134,0.012512,0.055671,0.048162,0.021509,0.058788,0.018879,0.044782,0.057774,0.023557,0.071722,0.031586,0.044281,0.016559,0.12808,0.02683,0.10718,0.082124,0.19691,0.043083,0.13228,0.072176,0.047593,0.066835,0.049605,0.080898,0.053669,0.0117,0.079325,0.094244,0.18526,0.057197,0.20709,0.06502,0.12922
6.42,0.020325,0.033629,0.039226,0.08838,0.047005,0.012454,0.055479,0.047914,0.021416,0.058529,0.018806,0.044636,0.057563,0.023453,0.071365,0.031437,0.044171,0.016503,0.12784,0.026859,0.10684,0.082047,0.19603,0.042975,0.13199,0.071903,0.047449,0.066726,0.049357,0.08076,0.053256,0.011638,0.079366,0.093878,0.18477,0.057044,0.20654,0.064315,0.12883
6.43,0.020279,0.033623,0.039103,0.088479,0.046877,0.012395,0.055287,0.047665,0.021323,0.058271,0.018733,0.04449,0.057352,0.023349,0.07101,0.031288,0.044061,0.016448,0.12759,0.026886,0.10649,0.081969,0.19516,0.042866,0.13169,0.071631,0.047307,0.066617,0.04911,0.080621,0.052846,0.011577,0.079396,0.093507,0.18427,0.056888,0.20598,0.063603,0.12843
6.44,0.020235,0.033615,0.03898,0.088573,0.046749,0.012337,0.055097,0.047415,0.021231,0.058014,0.01866,0.044345,0.057143,0.023246,0.070657,0.031139,0.043951,0.016392,0.12734,0.026913,0.10615,0.081891,0.19428,0.042757,0.13138,0.071359,0.047164,0.066507,0.048864,0.080481,0.052437,0.011515,0.07942,0.09313,0.18378,0.05673,0.20542,0.062884,0.12802
6.45,0.020193,0.033606,0.038857,0.088662,0.046622,0.012279,0.054906,0.047162,0.021139,0.057758,0.018588,0.0442,0.056935,0.023144,0.070304,0.030992,0.043841,0.016337,0.1271,0.026939,0.1058,0.081811,0.19341,0.042648,0.13106,0.071087,0.047023,0.066398,0.048617,0.080341,0.052031,0.011454,0.079436,0.092747,0.18328,0.056571,0.20486,0.062157,0.12761
6.46,0.020152,0.033595,0.038735,0.088747,0.046495,0.012221,0.054717,0.046908,0.021048,0.057503,0.018516,0.044057,0.056728,0.023042,0.069952,0.030845,0.043731,0.016281,0.12685,0.026964,0.10545,0.081731,0.19254,0.042538,0.13074,0.070817,0.046882,0.066288,0.048372,0.0802,0.051627,0.011391,0.079443,0.092356,0.18278,0.056409,0.2043,0.061424,0.12719
6.47,0.020113,0.033581,0.038613,0.088827,0.046368,0.012163,0.054529,0.046653,0.020958,0.057249,0.018445,0.043914,0.056521,0.022941,0.069601,0.030699,0.043622,0.016226,0.1266,0.026987,0.1051,0.081649,0.19167,0.042428,0.13041,0.070547,0.046741,0.066177,0.048127,0.080058,0.051226,0.011329,0.079444,0.091959,0.18228,0.056246,0.20373,0.060684,0.12676
6.48,0.020075,0.033567,0.038491,0.088903,0.046241,0.012105,0.054341,0.046395,0.020867,0.056997,0.018374,0.043771,0.056316,0.02284,0.06925,0.030554,0.043513,0.016171,0.12635,0.02701,0.10475,0.081566,0.19092,0.042318,0.13008,0.070277,0.046602,0.066067,0.047883,0.079916,0.050826,0.011267,0.079437,0.091556,0.18178,0.056081,0.20317,0.060284,0.12632
6.49,0.020038,0.03355,0.03837,0.088975,0.046115,0.012047,0.054154,0.046136,0.020777,0.056746,0.018304,0.04363,0.056112,0.022739,0.0689,0.030409,0.043404,0.016115,0.1261,0.027031,0.10439,0.081482,0.1904,0.042207,0.12974,0.070008,0.046462,0.065956,0.04764,0.079774,0.050428,0.011204,0.079423,0.091146,0.18128,0.055915,0.2026,0.060316,0.12588
6.5,0.020003,0.033532,0.038249,0.089041,0.045989,0.01199,0.053968,0.045874,0.020688,0.056496,0.018233,0.043488,0.055908,0.02264,0.068554,0.030265,0.043295,0.016061,0.12585,0.027052,0.10404,0.081396,0.18988,0.042096,0.1294,0.06974,0.046324,0.065844,0.047397,0.079631,0.050033,0.011141,0.079401,0.090731,0.18077,0.055748,0.20203,0.060344,0.12542
6.51,0.01997,0.033512,0.038128,0.089104,0.045864,0.011933,0.053783,0.045611,0.020599,0.056247,0.018163,0.043348,0.055705,0.02254,0.068208,0.030122,0.043187,0.016006,0.1256,0.027072,0.10369,0.081308,0.18937,0.041985,0.12905,0.069473,0.046186,0.065733,0.047155,0.079489,0.049639,0.011079,0.079375,0.090312,0.18026,0.055582,0.20146,0.060368,0.12496
6.52,0.019937,0.03349,0.038008,0.089162,0.045739,0.011875,0.053599,0.045346,0.020511,0.055999,0.018094,0.043208,0.055503,0.022442,0.067863,0.02998,0.043078,0.015951,0.12535,0.027091,0.10333,0.081219,0.18885,0.041873,0.12869,0.069206,0.046048,0.065621,0.046914,0.079346,0.049247,0.011017,0.079341,0.089888,0.17975,0.05542,0.20089,0.060387,0.12449
6.53,0.019906,0.033467,0.037888,0.089215,0.045614,0.011818,0.053415,0.045079,0.020423,0.055752,0.018025,0.043069,0.055302,0.022343,0.067519,0.029838,0.04297,0.015896,0.1251,0.027108,0.10297,0.081128,0.18834,0.04176,0.12833,0.06894,0.045911,0.065509,0.046673,0.079203,0.048858,0.010954,0.079301,0.089459,0.17924,0.055267,0.20033,0.060403,0.12401
6.54,0.019876,0.033441,0.037768,0.089264,0.04549,0.011762,0.053232,0.044811,0.020336,0.055507,0.017956,0.042931,0.055102,0.022246,0.067175,0.029698,0.042862,0.015842,0.12485,0.027124,0.10261,0.081036,0.18782,0.041647,0.12796,0.068674,0.045775,0.065396,0.046433,0.07906,0.04847,0.010891,0.079252,0.089024,0.17873,0.055117,0.2,0.060415,0.12352
6.55,0.019846,0.033414,0.037649,0.089309,0.045366,0.011705,0.05305,0.04454,0.020249,0.055263,0.017888,0.042793,0.054903,0.022148,0.066832,0.029558,0.042755,0.015787,0.1246,0.027139,0.10225,0.080942,0.18731,0.041534,0.12759,0.068409,0.045639,0.065283,0.046194,0.078916,0.048085,0.010828,0.079198,0.088583,0.17821,0.054968,0.19967,0.060422,0.12303
6.56,0.019818,0.033385,0.037529,0.089349,0.045243,0.011648,0.052868,0.044267,0.020162,0.05502,0.01782,0.042656,0.054705,0.022052,0.066491,0.029419,0.042648,0.015733,0.12434,0.027153,0.10189,0.080845,0.1868,0.04142,0.12721,0.068145,0.045504,0.06517,0.045956,0.078771,0.047702,0.010765,0.079136,0.088135,0.17769,0.054818,0.19934,0.060426,0.12253
6.57,0.019791,0.033354,0.037411,0.089386,0.04512,0.011592,0.052687,0.043993,0.020076,0.054778,0.017752,0.04252,0.054507,0.021956,0.066152,0.029281,0.04254,0.015678,0.12409,0.027166,0.10153,0.080748,0.18629,0.041305,0.12683,0.067881,0.04537,0.065057,0.045719,0.078626,0.047322,0.010702,0.079066,0.087681,0.17717,0.054668,0.19901,0.060425,0.12202
6.58,0.019764,0.033321,0.037292,0.089419,0.044997,0.011536,0.052508,0.043716,0.019991,0.054537,0.017685,0.042384,0.05431,0.02186,0.065815,0.029143,0.042434,0.015624,0.12384,0.027178,0.10117,0.080648,0.18578,0.041191,0.12645,0.067618,0.045236,0.064945,0.045482,0.078481,0.046945,0.010638,0.078991,0.087219,0.17665,0.054516,0.19869,0.06042,0.1215
6.59,0.019738,0.033287,0.037174,0.089448,0.044875,0.01148,0.052329,0.043437,0.019906,0.054297,0.017618,0.042249,0.054114,0.021765,0.065478,0.029006,0.042327,0.015571,0.12359,0.027188,0.1008,0.080547,0.18528,0.041075,0.12605,0.067356,0.045102,0.064832,0.045246,0.078334,0.046569,0.010575,0.078906,0.086751,0.17613,0.054363,0.19836,0.060411,0.12097
6.6,0.019713,0.033251,0.037056,0.089474,0.044753,0.011425,0.05215,0.043157,0.019821,0.054058,0.017551,0.042114,0.053919,0.02167,0.065141,0.02887,0.04222,0.015517,0.12334,0.027197,0.10044,0.080444,0.18477,0.040959,0.12566,0.067094,0.044969,0.064718,0.045011,0.078188,0.046196,0.010511,0.078815,0.086276,0.17561,0.054208,0.19803,0.060401,0.12044
6.61,0.019688,0.033213,0.036939,0.089495,0.044632,0.011369,0.051973,0.042874,0.019737,0.05382,0.017485,0.04198,0.053726,0.021576,0.064806,0.028734,0.042114,0.015463,0.12308,0.027205,0.10007,0.080339,0.18427,0.040842,0.12526,0.066833,0.044837,0.064604,0.044777,0.078041,0.045825,0.010448,0.078717,0.085794,0.17508,0.054052,0.19771,0.060388,0.1199
6.62,0.019664,0.033173,0.036822,0.089513,0.044511,0.011314,0.051796,0.04259,0.019653,0.053584,0.017419,0.041847,0.053533,0.021483,0.064472,0.028599,0.042008,0.015409,0.12283,0.027212,0.099707,0.080232,0.18376,0.040725,0.12485,0.066572,0.044705,0.06449,0.044544,0.077893,0.045456,0.010385,0.07861,0.085698,0.17455,0.053894,0.19738,0.060374,0.11936
6.63,0.019641,0.033131,0.036705,0.089527,0.04439,0.011259,0.05162,0.042303,0.01957,0.053349,0.017354,0.041714,0.053341,0.021389,0.064139,0.028465,0.041903,0.015356,0.12258,0.027217,0.09934,0.080123,0.18326,0.040607,0.12444,0.066312,0.044574,0.064375,0.044312,0.077745,0.045089,0.010322,0.078499,0.085648,0.17402,0.053734,0.19705,0.060358,0.11881
6.64,0.019618,0.033087,0.036589,0.089536,0.044269,0.011204,0.051444,0.042015,0.019487,0.053115,0.017289,0.041582,0.05315,0.021297,0.063808,0.028332,0.041797,0.015302,0.12232,0.027222,0.098972,0.080013,0.18276,0.040489,0.12403,0.066053,0.044443,0.064259,0.044081,0.077597,0.044725,0.010258,0.07838,0.085589,0.17349,0.053573,0.19672,0.06034,0.11829
6.65,0.019595,0.033043,0.036472,0.089541,0.044149,0.011149,0.05127,0.041724,0.019404,0.052882,0.017224,0.041451,0.052959,0.021205,0.063479,0.028199,0.041692,0.015249,0.12207,0.027225,0.098603,0.079901,0.18226,0.04037,0.12361,0.065795,0.044313,0.064144,0.043851,0.077448,0.044363,0.010195,0.078253,0.085521,0.17296,0.05341,0.19639,0.060318,0.11806
6.66,0.019573,0.032996,0.036356,0.089543,0.044029,0.011094,0.051096,0.041432,0.019323,0.05265,0.017159,0.04132,0.05277,0.021113,0.063151,0.028067,0.041587,0.015196,0.12182,0.027227,0.098233,0.079787,0.18176,0.04025,0.12319,0.065536,0.044184,0.064028,0.043623,0.0773,0.044003,0.010131,0.078121,0.085444,0.17242,0.053246,0.19606,0.060292,0.11783
6.67,0.01955,0.032948,0.036241,0.08954,0.04391,0.01104,0.050922,0.041138,0.019241,0.052419,0.017095,0.04119,0.052581,0.021022,0.062823,0.027935,0.041482,0.015143,0.12157,0.027228,0.097863,0.079671,0.18126,0.04013,0.12276,0.065279,0.044055,0.063911,0.043395,0.077152,0.043645,0.010068,0.077983,0.085359,0.17189,0.053079,0.19572,0.060262,0.1176
6.68,0.019528,0.032898,0.036126,0.089533,0.04379,0.010986,0.05075,0.040842,0.01916,0.052189,0.017031,0.04106,0.052393,0.020931,0.062497,0.027805,0.041377,0.01509,0.12132,0.027227,0.097492,0.079554,0.18077,0.040009,0.12233,0.065022,0.043926,0.063794,0.043168,0.077003,0.04329,0.010004,0.077837,0.085266,0.17135,0.052911,0.19538,0.060227,0.11737
6.69,0.019506,0.032846,0.036011,0.089522,0.043671,0.010931,0.050578,0.040544,0.019079,0.05196,0.016968,0.040931,0.052206,0.020841,0.062171,0.027675,0.041273,0.015038,0.12106,0.027226,0.09712,0.079435,0.18027,0.039888,0.1219,0.064766,0.043798,0.063676,0.042942,0.076854,0.042937,0.0099404,0.077687,0.085164,0.17082,0.052741,0.19504,0.060188,0.11713
6.7,0.019498,0.032793,0.035896,0.089507,0.043553,0.010878,0.050408,0.040244,0.018999,0.051732,0.016905,0.040803,0.052019,0.020751,0.061846,0.027545,0.041169,0.014985,0.12081,0.027222,0.096747,0.079314,0.17978,0.039766,0.12146,0.06451,0.043671,0.063558,0.042717,0.076704,0.042587,0.0098768,0.07753,0.085055,0.17028,0.05257,0.1947,0.060143,0.1169
6.71,0.019541,0.032737,0.035782,0.089488,0.043435,0.010824,0.050237,0.039942,0.01892,0.051505,0.016842,0.040675,0.051834,0.020662,0.061524,0.027416,0.041065,0.014933,0.12056,0.027218,0.096375,0.079192,0.17928,0.039643,0.12102,0.064255,0.043544,0.063439,0.042493,0.076554,0.042239,0.0098131,0.077368,0.084937,0.16974,0.052397,0.19436,0.060095,0.11666
6.72,0.019585,0.032681,0.035668,0.089465,0.043317,0.01077,0.050068,0.039638,0.01884,0.05128,0.01678,0.040548,0.051649,0.020573,0.061204,0.027288,0.040962,0.01488,0.1203,0.027212,0.096001,0.079068,0.17879,0.03952,0.12058,0.064001,0.043418,0.063321,0.04227,0.076403,0.041893,0.0097496,0.077201,0.084811,0.1692,0.052222,0.19401,0.060041,0.11642
6.73,0.019631,0.032624,0.035554,0.089438,0.043199,0.010717,0.049899,0.039333,0.018761,0.051056,0.016717,0.040421,0.051465,0.020485,0.060884,0.027161,0.040858,0.014828,0.12005,0.027205,0.095628,0.078942,0.1783,0.039396,0.12014,0.063747,0.043292,0.063202,0.042048,0.076252,0.041776,0.0096863,0.077029,0.084677,0.16866,0.052046,0.19366,0.059983,0.11617
6.74,0.019678,0.032564,0.035441,0.089407,0.043082,0.010664,0.049731,0.039158,0.018683,0.050832,0.016656,0.040295,0.051282,0.020397,0.060566,0.027034,0.040755,0.014776,0.1198,0.027197,0.095253,0.078815,0.17781,0.039272,0.11969,0.063494,0.043167,0.063084,0.041827,0.076101,0.04177,0.009623,0.076854,0.084536,0.16812,0.051868,0.1933,0.059922,0.11592
6.75,0.019727,0.032504,0.035328,0.089373,0.042965,0.010611,0.049564,0.039118,0.018605,0.05061,0.016594,0.04017,0.0511,0.02031,0.060248,0.026908,0.040652,0.014724,0.11954,0.027187,0.094879,0.078686,0.17731,0.039147,0.11924,0.063241,0.043042,0.062964,0.041606,0.075949,0.041762,0.0095598,0.076674,0.084388,0.16758,0.051688,0.19295,0.059857,0.11568
6.76,0.019777,0.032441,0.035215,0.089335,0.042849,0.010558,0.049397,0.039077,0.018528,0.050388,0.016533,0.040045,0.050918,0.020223,0.059932,0.026783,0.04055,0.014673,0.11929,0.027176,0.094504,0.078556,0.17683,0.039021,0.11878,0.062989,0.042918,0.062844,0.041387,0.075797,0.041749,0.0094965,0.076489,0.084234,0.16704,0.051508,0.19259,0.059789,0.11542
6.77,0.019828,0.032377,0.035103,0.089293,0.042733,0.010505,0.049231,0.039036,0.01845,0.050168,0.016472,0.039921,0.050737,0.020136,0.059617,0.026658,0.040447,0.014621,0.11903,0.027164,0.094128,0.078425,0.17634,0.038895,0.11833,0.062738,0.042794,0.062724,0.041169,0.075644,0.041733,0.0094332,0.076299,0.084073,0.16649,0.051325,0.19223,0.059719,0.11517
6.78,0.01988,0.032312,0.034991,0.089248,0.042618,0.010453,0.049066,0.038995,0.018374,0.049949,0.016411,0.039797,0.050558,0.02005,0.059302,0.026534,0.040345,0.014569,0.11878,0.027151,0.093752,0.078293,0.17585,0.038768,0.11787,0.062487,0.042671,0.062603,0.040951,0.075491,0.041715,0.00937,0.076104,0.083905,0.16595,0.051142,0.19186,0.059646,0.11491
6.79,0.019933,0.032245,0.034879,0.0892,0.042503,0.010401,0.048901,0.038953,0.018298,0.04973,0.016351,0.039674,0.050379,0.019965,0.05899,0.02641,0.040243,0.014518,0.11852,0.027137,0.093376,0.078159,0.17536,0.038641,0.11741,0.062237,0.042548,0.062482,0.040735,0.075338,0.041693,0.0093067,0.075906,0.083731,0.16541,0.050956,0.1915,0.059571,0.11466
6.8,0.019987,0.032177,0.034767,0.089149,0.042388,0.010349,0.048738,0.03891,0.018222,0.049513,0.016291,0.039551,0.050201,0.01988,0.05868,0.026288,0.040142,0.014467,0.11826,0.027121,0.093,0.078025,0.17488,0.038514,0.11695,0.061987,0.042426,0.062359,0.04052,0.075185,0.041668,0.0092435,0.075702,0.083552,0.16487,0.05077,0.19113,0.059494,0.1144
6.81,0.020043,0.032108,0.034656,0.089094,0.042273,0.010297,0.048574,0.038867,0.018146,0.049297,0.016232,0.039429,0.050023,0.019795,0.058371,0.026165,0.04004,0.014416,0.11801,0.027104,0.092623,0.07789,0.17439,0.038386,0.11648,0.061739,0.042304,0.062237,0.040305,0.075033,0.041638,0.0092043,0.075493,0.083367,0.16433,0.050582,0.19076,0.059416,0.11413
6.82,0.020099,0.032037,0.034545,0.089037,0.042159,0.010245,0.048412,0.038823,0.018071,0.049082,0.016172,0.039308,0.049847,0.019711,0.058063,0.026044,0.039939,0.014365,0.11775,0.027085,0.092246,0.077754,0.17391,0.038257,0.11602,0.06149,0.042183,0.062114,0.040092,0.074879,0.041605,0.0091745,0.075279,0.083176,0.16379,0.050392,0.19039,0.059336,0.11387
6.83,0.020156,0.031966,0.034434,0.088976,0.042045,0.010194,0.04825,0.038779,0.017997,0.048868,0.016113,0.039187,0.049671,0.019627,0.057756,0.025923,0.039838,0.014314,0.11749,0.027066,0.091869,0.077618,0.17343,0.038129,0.11555,0.061243,0.042063,0.06199,0.03988,0.074726,0.041568,0.0091445,0.075061,0.082981,0.16325,0.050202,0.19001,0.059255,0.1136
6.84,0.020214,0.031892,0.034324,0.088912,0.041931,0.010143,0.048089,0.038734,0.017923,0.048655,0.016055,0.039066,0.049496,0.019544,0.05745,0.025803,0.039737,0.014264,0.11724,0.027045,0.091492,0.077481,0.17294,0.037999,0.11508,0.060996,0.041943,0.061866,0.039668,0.074572,0.041528,0.0091145,0.074838,0.082779,0.16271,0.05001,0.18964,0.059174,0.11333
6.85,0.020273,0.031818,0.034213,0.088845,0.041818,0.010092,0.047929,0.038688,0.017849,0.048443,0.015996,0.038946,0.049322,0.019461,0.057145,0.025683,0.039637,0.014213,0.11698,0.027022,0.091114,0.077343,0.17246,0.037869,0.1146,0.060749,0.041823,0.061741,0.039458,0.074418,0.041483,0.0090845,0.07461,0.082572,0.16216,0.049817,0.18926,0.059093,0.11306
6.86,0.020333,0.031742,0.034104,0.088776,0.041705,0.010041,0.047769,0.038642,0.017776,0.048232,0.015938,0.038827,0.049149,0.019378,0.056841,0.025564,0.039537,0.014163,0.11672,0.026999,0.090736,0.077204,0.17198,0.037739,0.11413,0.060503,0.041704,0.061616,0.039248,0.074263,0.041435,0.0090543,0.074379,0.082359,0.16162,0.049622,0.18888,0.059011,0.11279
6.87,0.020393,0.031665,0.033994,0.088703,0.041593,0.0099907,0.04761,0.038595,0.017703,0.048022,0.01588,0.038708,0.048976,0.019296,0.056539,0.025446,0.039437,0.014113,0.11647,0.026974,0.090359,0.077064,0.1715,0.037608,0.11365,0.060258,0.041586,0.061491,0.03904,0.074108,0.041383,0.0090241,0.074146,0.082141,0.16108,0.049427,0.18849,0.058928,0.11252
6.88,0.020455,0.031587,0.033885,0.088628,0.04148,0.0099403,0.047452,0.038547,0.01763,0.047813,0.015823,0.03859,0.048804,0.019215,0.056239,0.025328,0.039337,0.014063,0.11621,0.026948,0.08998,0.076924,0.17103,0.037477,0.11318,0.060014,0.041467,0.061366,0.038833,0.073953,0.041327,0.0089938,0.07391,0.081917,0.16054,0.04923,0.18811,0.058842,0.11224
6.89,0.020516,0.031508,0.033776,0.08855,0.041368,0.0098902,0.047294,0.038499,0.017558,0.047605,0.015766,0.038472,0.048633,0.019133,0.05594,0.025211,0.039237,0.014013,0.11595,0.026921,0.089602,0.076782,0.17055,0.037346,0.1127,0.059769,0.04135,0.06124,0.038627,0.073797,0.041268,0.0089635,0.073671,0.081687,0.16,0.049033,0.18772,0.058753,0.11196
6.9,0.020579,0.031428,0.033667,0.088471,0.041257,0.0098402,0.047137,0.03845,0.017486,0.047398,0.015709,0.038355,0.048462,0.019053,0.055642,0.025094,0.039138,0.013963,0.1157,0.026893,0.089224,0.076639,0.17007,0.037214,0.11223,0.059526,0.041233,0.061114,0.038421,0.073641,0.041206,0.0089331,0.07343,0.081451,0.15946,0.048834,0.18733,0.058662,0.11168
6.91,0.020642,0.031346,0.033559,0.088388,0.041145,0.0097904,0.046981,0.038401,0.017415,0.047192,0.015652,0.038238,0.048292,0.018972,0.055346,0.024979,0.039039,0.013913,0.11544,0.026863,0.088846,0.076495,0.1696,0.037082,0.11175,0.059284,0.041116,0.060987,0.038217,0.073485,0.04114,0.0089026,0.073188,0.08121,0.15893,0.048635,0.18694,0.058566,0.1114
6.92,0.020705,0.031264,0.033451,0.088304,0.041034,0.0097409,0.046826,0.038351,0.017344,0.046987,0.015596,0.038122,0.048123,0.018892,0.055051,0.024863,0.03894,0.013864,0.11519,0.026832,0.088467,0.076351,0.16912,0.036949,0.11128,0.059042,0.041,0.060859,0.038014,0.073328,0.04107,0.0088721,0.072945,0.080963,0.15839,0.048434,0.18655,0.058468,0.11112
6.93,0.020769,0.03118,0.033343,0.088217,0.040924,0.0096915,0.046671,0.0383,0.017274,0.046783,0.01554,0.038007,0.047955,0.018813,0.054757,0.024749,0.038842,0.013815,0.11493,0.026801,0.088089,0.076205,0.16865,0.036817,0.11085,0.0588,0.040885,0.060731,0.037812,0.073172,0.040996,0.0088415,0.072701,0.08071,0.15786,0.048232,0.18616,0.058365,0.11084
6.94,0.020833,0.031096,0.033235,0.088128,0.040813,0.0096423,0.046517,0.038249,0.017204,0.04658,0.015484,0.037892,0.047787,0.018734,0.054464,0.024635,0.038744,0.013766,0.11467,0.026767,0.08771,0.076058,0.16818,0.036684,0.11044,0.058559,0.040769,0.060603,0.037611,0.073016,0.040919,0.0088108,0.072457,0.080452,0.15732,0.04803,0.18577,0.058259,0.11055
6.95,0.020898,0.03101,0.033128,0.088037,0.040703,0.0095934,0.046363,0.038197,0.017134,0.046378,0.015428,0.037777,0.047621,0.018655,0.054172,0.024522,0.038646,0.013717,0.11441,0.026733,0.087332,0.075911,0.1677,0.036551,0.11003,0.058319,0.040655,0.060473,0.037411,0.07286,0.040837,0.0087801,0.072211,0.080189,0.15679,0.047826,0.18538,0.058149,0.11027
6.96,0.020963,0.030924,0.033021,0.087945,0.040594,0.0095446,0.04621,0.038144,0.017065,0.046177,0.015373,0.037663,0.047454,0.018577,0.053882,0.024409,0.038549,0.013668,0.11415,0.026698,0.086954,0.075762,0.16723,0.036418,0.10962,0.058079,0.040541,0.060344,0.037212,0.072704,0.040752,0.0087494,0.071963,0.07992,0.15626,0.047622,0.18499,0.058037,0.10998
6.97,0.021028,0.030837,0.032914,0.08785,0.040484,0.009496,0.046058,0.038091,0.016996,0.045977,0.015318,0.037549,0.047289,0.018499,0.053593,0.024297,0.038452,0.013619,0.11389,0.026661,0.086575,0.075613,0.16676,0.036284,0.10921,0.05784,0.040427,0.060213,0.037014,0.072547,0.040663,0.0087186,0.071713,0.079646,0.15573,0.047417,0.1846,0.057922,0.10969
6.98,0.021094,0.030748,0.032808,0.087755,0.040375,0.0094477,0.045906,0.038037,0.016927,0.045778,0.015264,0.037436,0.047125,0.018422,0.053305,0.024185,0.038355,0.01357,0.11363,0.026623,0.086197,0.075464,0.1663,0.036151,0.1088,0.058015,0.040314,0.060083,0.036817,0.07239,0.040571,0.0086878,0.071461,0.079366,0.15521,0.047211,0.18421,0.057804,0.1094
6.99,0.02116,0.030659,0.032702,0.087658,0.040267,0.0093995,0.045755,0.037982,0.016859,0.045579,0.015209,0.037324,0.046961,0.018345,0.05302,0.024074,0.038258,0.013522,0.11337,0.026584,0.085819,0.075313,0.16583,0.036017,0.10838,0.058242,0.040201,0.059951,0.036621,0.072233,0.040476,0.0086572,0.071207,0.079082,0.15468,0.047132,0.18382,0.057684,0.10911
7,0.021225,0.030569,0.032596,0.08756,0.040158,0.0093515,0.045604,0.037927,0.016791,0.045382,0.015155,0.037212,0.046799,0.018268,0.052735,0.023964,0.038162,0.013474,0.11311,0.026544,0.085441,0.075163,0.16536,0.035884,0.10797,0.058466,0.040089,0.05982,0.036426,0.072075,0.040377,0.0086266,0.070951,0.078792,0.15416,0.047236,0.18343,0.057563,0.10882
7.01,0.021291,0.030479,0.03249,0.087461,0.040051,0.0093138,0.045455,0.037871,0.016724,0.045186,0.015101,0.0371,0.046636,0.018192,0.052452,0.023854,0.038066,0.013425,0.11284,0.026502,0.085063,0.075012,0.1649,0.03575,0.10755,0.058687,0.039977,0.059689,0.036232,0.071917,0.040275,0.0085959,0.070692,0.078498,0.15364,0.047331,0.18304,0.057443,0.10853
7.02,0.021357,0.030387,0.032385,0.087361,0.039943,0.009295,0.045305,0.037814,0.016657,0.044991,0.015048,0.036989,0.046475,0.018116,0.05217,0.023745,0.03797,0.013377,0.11258,0.026461,0.084686,0.07486,0.16443,0.035616,0.10714,0.058907,0.039866,0.059557,0.03604,0.071759,0.040169,0.0085652,0.070431,0.078198,0.15312,0.047418,0.18264,0.057324,0.10823
7.03,0.021423,0.030295,0.03228,0.087259,0.039836,0.0092762,0.045157,0.037756,0.01659,0.044796,0.014994,0.036878,0.046314,0.018041,0.05189,0.023636,0.037874,0.01333,0.11231,0.026418,0.084308,0.074708,0.16397,0.035483,0.10672,0.059123,0.039755,0.059425,0.035848,0.071601,0.04006,0.0085344,0.070169,0.077894,0.15261,0.047496,0.18224,0.057207,0.10793
7.04,0.02149,0.030202,0.032175,0.087156,0.039729,0.0092573,0.04501,0.037698,0.016524,0.044603,0.014941,0.036768,0.046154,0.017966,0.05161,0.023528,0.037779,0.013282,0.11205,0.026373,0.083932,0.074555,0.16351,0.035349,0.1063,0.059338,0.039645,0.059292,0.035658,0.071442,0.039947,0.0085036,0.069906,0.077585,0.15209,0.047566,0.18185,0.057094,0.10764
7.05,0.021557,0.030109,0.032071,0.087051,0.039622,0.0092385,0.044862,0.037638,0.016458,0.044411,0.014889,0.036659,0.045994,0.017891,0.051332,0.023421,0.037684,0.013234,0.11178,0.026328,0.083555,0.074402,0.16305,0.035215,0.10587,0.05955,0.039535,0.059159,0.035469,0.071284,0.03983,0.0084727,0.069643,0.077272,0.15158,0.047628,0.18145,0.056984,0.10734
7.06,0.021624,0.030015,0.031967,0.086945,0.039516,0.0092196,0.044716,0.037578,0.016393,0.044219,0.014836,0.03655,0.045836,0.017817,0.051055,0.023314,0.037589,0.013187,0.11151,0.026282,0.083178,0.074249,0.16259,0.035082,0.10545,0.059759,0.039425,0.059025,0.035281,0.071125,0.03971,0.0084418,0.069378,0.076953,0.15107,0.047681,0.18105,0.056877,0.10703
7.07,0.021691,0.02992,0.031863,0.086837,0.03941,0.0092008,0.04457,0.037517,0.016327,0.044028,0.014784,0.036441,0.045678,0.017743,0.050779,0.023208,0.037494,0.01314,0.11124,0.026235,0.082802,0.074095,0.16213,0.034949,0.10503,0.059966,0.039316,0.05889,0.035094,0.070965,0.039588,0.0084109,0.069113,0.076629,0.15055,0.047725,0.18064,0.056773,0.10673
7.08,0.021757,0.029824,0.031759,0.086727,0.039304,0.0091819,0.044425,0.037456,0.016263,0.043839,0.014732,0.036333,0.04552,0.017669,0.050504,0.023102,0.0374,0.013093,0.11097,0.026186,0.082426,0.073942,0.16167,0.034816,0.1046,0.06017,0.039208,0.058756,0.034908,0.070807,0.039462,0.00838,0.068847,0.076302,0.15004,0.047761,0.18024,0.05667,0.10642
7.09,0.021824,0.029729,0.031656,0.086616,0.039199,0.0091631,0.04428,0.037393,0.016198,0.04365,0.01468,0.036225,0.045363,0.017596,0.050231,0.022997,0.037306,0.013046,0.1107,0.026137,0.082051,0.073788,0.16121,0.034683,0.10417,0.060372,0.0391,0.05862,0.034723,0.070649,0.039334,0.008349,0.068578,0.07597,0.14953,0.047788,0.17983,0.056568,0.10612
7.1,0.02189,0.029632,0.031553,0.086504,0.039094,0.0091444,0.044136,0.03733,0.016134,0.043462,0.014629,0.036118,0.045207,0.017523,0.04996,0.022892,0.037212,0.012999,0.11043,0.026087,0.081677,0.073634,0.16076,0.03455,0.10374,0.060571,0.038992,0.058484,0.034539,0.07049,0.039202,0.008318,0.068307,0.075633,0.14903,0.047807,0.17942,0.056465,0.10581
7.11,0.021956,0.029534,0.03145,0.086391,0.038989,0.0091256,0.043993,0.037266,0.016071,0.043275,0.014578,0.036011,0.045052,0.017451,0.04969,0.022788,0.037118,0.012952,0.11016,0.026036,0.081303,0.073481,0.1603,0.034418,0.10331,0.060767,0.038885,0.058348,0.034357,0.070331,0.039067,0.0082869,0.068033,0.075292,0.14852,0.047817,0.17901,0.05636,0.1055
7.12,0.022021,0.029436,0.031348,0.086276,0.038884,0.0091068,0.04385,0.037201,0.016007,0.043088,0.014527,0.035905,0.044897,0.017379,0.049421,0.022684,0.037025,0.012906,0.10989,0.025983,0.08093,0.073328,0.15985,0.034285,0.10288,0.06096,0.038778,0.058211,0.034175,0.070172,0.038928,0.0082559,0.067757,0.074947,0.14801,0.047818,0.17859,0.056254,0.10518
7.13,0.022087,0.029337,0.031246,0.08616,0.03878,0.009088,0.043708,0.037135,0.015944,0.042903,0.014476,0.035799,0.044743,0.01734,0.049154,0.022581,0.036932,0.012859,0.10962,0.02593,0.080558,0.073176,0.1594,0.034154,0.10244,0.061151,0.038672,0.058074,0.033994,0.070013,0.038787,0.0082248,0.067479,0.074598,0.14751,0.047811,0.17818,0.056145,0.10486
7.14,0.022151,0.029238,0.031144,0.086043,0.038676,0.0090692,0.043566,0.037069,0.015882,0.042719,0.014426,0.035694,0.04459,0.017302,0.048888,0.022479,0.036839,0.012813,0.10934,0.025876,0.080187,0.073025,0.15894,0.034022,0.10201,0.061339,0.038566,0.057937,0.033815,0.069854,0.038642,0.0081937,0.067197,0.074245,0.14701,0.047796,0.17776,0.056034,0.10455
7.15,0.022216,0.029138,0.031042,0.085924,0.038573,0.0090504,0.043425,0.037002,0.01582,0.042536,0.014375,0.035589,0.044437,0.017264,0.048623,0.022377,0.036746,0.012767,0.10907,0.025822,0.079817,0.072875,0.15849,0.033891,0.10157,0.061524,0.038461,0.0578,0.033636,0.069694,0.038495,0.0081626,0.066914,0.073888,0.14651,0.047773,0.17734,0.055921,0.10423
7.16,0.022282,0.029037,0.030941,0.085804,0.038469,0.0090316,0.043285,0.036934,0.015758,0.042354,0.014325,0.035484,0.044285,0.017225,0.048359,0.022275,0.036654,0.012721,0.10879,0.025767,0.079447,0.072727,0.15805,0.03376,0.10113,0.061706,0.038356,0.057663,0.033458,0.069534,0.038346,0.0081315,0.066627,0.073528,0.14601,0.047742,0.17692,0.055806,0.1039
7.17,0.022346,0.028937,0.03084,0.085683,0.038366,0.0090128,0.043145,0.036865,0.015696,0.042172,0.014276,0.03538,0.044134,0.017187,0.048097,0.022174,0.036562,0.012676,0.10851,0.02571,0.079078,0.072579,0.1576,0.03363,0.1007,0.061885,0.038252,0.057525,0.033282,0.069374,0.038194,0.0081003,0.066337,0.073163,0.14552,0.047704,0.17649,0.055688,0.10358
7.18,0.022411,0.028835,0.030739,0.08556,0.038264,0.0089941,0.043006,0.036796,0.015635,0.041992,0.014226,0.035277,0.043984,0.017149,0.047836,0.022074,0.03647,0.01263,0.10823,0.025653,0.07871,0.072435,0.15715,0.0335,0.10026,0.062061,0.038148,0.057387,0.033107,0.069214,0.038039,0.0080691,0.066045,0.072795,0.14502,0.047661,0.17607,0.055569,0.10325
7.19,0.022477,0.028733,0.030639,0.085436,0.038161,0.0089753,0.042868,0.036725,0.015574,0.041812,0.014177,0.035174,0.043834,0.017111,0.047576,0.021974,0.036378,0.012585,0.10795,0.025596,0.078342,0.072292,0.15671,0.03337,0.099816,0.062234,0.038044,0.057248,0.032932,0.069054,0.037881,0.008038,0.065749,0.072424,0.14453,0.047612,0.17564,0.055447,0.10292
7.2,0.022542,0.02863,0.030539,0.085311,0.038059,0.0089565,0.04273,0.036654,0.015514,0.041633,0.014128,0.035071,0.043685,0.017073,0.047317,0.021875,0.036286,0.012539,0.10767,0.025537,0.077973,0.072152,0.15626,0.033242,0.099375,0.062403,0.037941,0.057109,0.032759,0.068894,0.037721,0.0080068,0.065452,0.07205,0.14405,0.047558,0.17521,0.055322,0.1026
7.21,0.022608,0.028527,0.030439,0.085184,0.037957,0.0089377,0.042592,0.036582,0.015454,0.041455,0.014079,0.034969,0.043536,0.017036,0.047059,0.021776,0.036195,0.012494,0.10739,0.025478,0.077606,0.072013,0.15582,0.033113,0.098932,0.06257,0.037839,0.056969,0.032586,0.068733,0.037558,0.0079756,0.065151,0.071672,0.14356,0.047501,0.17478,0.055194,0.10226
7.22,0.022672,0.028423,0.030339,0.085056,0.037856,0.0089189,0.042456,0.036509,0.015394,0.041278,0.014031,0.034867,0.043388,0.016998,0.046803,0.021678,0.036104,0.012449,0.10711,0.025417,0.07724,0.071875,0.15538,0.032985,0.098489,0.062734,0.037736,0.056829,0.032415,0.068573,0.037392,0.0079445,0.064849,0.071292,0.14307,0.047441,0.17434,0.055065,0.10193
7.23,0.022736,0.028319,0.03024,0.084927,0.037755,0.0089002,0.042319,0.036435,0.015334,0.041101,0.013983,0.034766,0.043241,0.016961,0.046549,0.02158,0.036014,0.012404,0.10683,0.025356,0.076873,0.071739,0.15494,0.032858,0.098046,0.062894,0.037635,0.056689,0.032245,0.068412,0.037224,0.0079135,0.064542,0.070909,0.14259,0.047377,0.17391,0.054933,0.10159
7.24,0.022801,0.028215,0.030141,0.084795,0.037654,0.0088814,0.042184,0.03636,0.015275,0.040926,0.013935,0.034665,0.043095,0.016923,0.046296,0.021483,0.035923,0.012359,0.10655,0.025295,0.076507,0.071604,0.1545,0.032731,0.097601,0.063051,0.037533,0.056548,0.032075,0.068252,0.037054,0.0078826,0.064235,0.070523,0.14211,0.047307,0.17347,0.054799,0.10126
7.25,0.022865,0.02811,0.030042,0.084662,0.037554,0.0088626,0.042049,0.036283,0.015216,0.040751,0.013887,0.034565,0.042949,0.016886,0.046045,0.021386,0.035833,0.012315,0.10626,0.025233,0.076142,0.071471,0.15406,0.032605,0.097156,0.063205,0.037432,0.056407,0.031907,0.068092,0.036882,0.0078516,0.063925,0.070135,0.14163,0.047232,0.17303,0.054662,0.10092
7.26,0.022928,0.028004,0.029944,0.084527,0.037454,0.0088439,0.041914,0.036206,0.015158,0.040577,0.013839,0.034465,0.042803,0.016849,0.045794,0.02129,0.035743,0.01227,0.10598,0.02517,0.075776,0.071343,0.15362,0.032479,0.096711,0.063356,0.037332,0.056266,0.03174,0.067932,0.036708,0.0078207,0.063613,0.069744,0.14114,0.047151,0.17259,0.054523,0.10058
7.27,0.022991,0.027899,0.029845,0.084389,0.037354,0.0088251,0.04178,0.036128,0.0151,0.040405,0.013792,0.034365,0.042659,0.016812,0.045545,0.021194,0.035653,0.012226,0.10569,0.025106,0.075412,0.071232,0.15318,0.032354,0.096265,0.063503,0.037232,0.056124,0.031574,0.067772,0.036532,0.0077897,0.063299,0.069352,0.14066,0.047063,0.17215,0.054381,0.10023
7.28,0.023053,0.027793,0.029747,0.084248,0.037254,0.0088064,0.041647,0.036049,0.015042,0.040233,0.013745,0.034266,0.042514,0.016775,0.045297,0.021099,0.035564,0.012182,0.10541,0.025042,0.075047,0.071123,0.15275,0.03223,0.095819,0.063647,0.037132,0.055983,0.031408,0.067612,0.036353,0.0077587,0.063399,0.068958,0.14018,0.046969,0.1717,0.054237,0.099887
7.29,0.023114,0.027686,0.02965,0.084106,0.037155,0.0087876,0.041514,0.035968,0.014985,0.04007,0.013698,0.034167,0.042371,0.016738,0.045051,0.021005,0.035474,0.012138,0.10512,0.024977,0.074684,0.071013,0.15232,0.032106,0.095373,0.063788,0.037033,0.055842,0.031244,0.067452,0.036172,0.0077278,0.063524,0.068562,0.1397,0.046868,0.17126,0.05409,0.09954
7.3,0.023175,0.027579,0.029552,0.083961,0.037056,0.0087689,0.041382,0.035887,0.014927,0.039951,0.013651,0.034069,0.042228,0.016701,0.044805,0.02091,0.035385,0.012094,0.10484,0.024912,0.074321,0.070902,0.15188,0.031983,0.094928,0.063925,0.036934,0.0557,0.031081,0.067291,0.035989,0.0076968,0.063641,0.068165,0.13922,0.04676,0.17081,0.053941,0.099192
7.31,0.023234,0.027472,0.029455,0.083813,0.036958,0.0087503,0.04125,0.035805,0.014871,0.039832,0.013605,0.033971,0.042086,0.016664,0.044561,0.020817,0.035297,0.012051,0.10455,0.024846,0.073958,0.07079,0.15145,0.031861,0.094483,0.064059,0.036835,0.055558,0.030919,0.067131,0.035804,0.0076659,0.063748,0.067766,0.13874,0.046646,0.17036,0.053789,0.098841
7.32,0.023293,0.027365,0.029359,0.083663,0.036859,0.0087316,0.04112,0.035721,0.014814,0.039714,0.013559,0.033874,0.041944,0.016628,0.044367,0.020724,0.035208,0.012007,0.10426,0.02478,0.073596,0.070677,0.15102,0.03174,0.09404,0.064189,0.036737,0.055416,0.030758,0.066971,0.035618,0.007635,0.063847,0.067367,0.13826,0.046526,0.16991,0.053635,0.098489
7.33,0.02335,0.027258,0.029262,0.083511,0.036761,0.008713,0.040989,0.035637,0.014758,0.039596,0.013513,0.033776,0.041803,0.016591,0.044188,0.020631,0.03512,0.011964,0.10397,0.024713,0.073234,0.070564,0.15059,0.031619,0.093599,0.064317,0.036639,0.055274,0.030598,0.06681,0.035429,0.007604,0.063938,0.066967,0.13779,0.046399,0.16946,0.05348,0.098134
7.34,0.023409,0.02715,0.029166,0.083356,0.036663,0.0086944,0.040859,0.035552,0.014702,0.039479,0.013467,0.03368,0.041663,0.016555,0.04401,0.020539,0.035032,0.011921,0.10369,0.024645,0.072873,0.070449,0.15017,0.031499,0.09316,0.06444,0.036542,0.055131,0.030438,0.066649,0.03524,0.0075731,0.064019,0.066567,0.13731,0.046267,0.16901,0.053322,0.097779
7.35,0.023466,0.027042,0.029069,0.083199,0.036566,0.0086758,0.04073,0.035466,0.014647,0.039362,0.013422,0.033584,0.041523,0.016519,0.043833,0.020447,0.034944,0.011878,0.1034,0.024578,0.072513,0.070332,0.14974,0.03138,0.092723,0.06456,0.036445,0.054988,0.03028,0.066489,0.035048,0.0075422,0.064091,0.066166,0.13684,0.046129,0.16856,0.053164,0.097422
7.36,0.023523,0.026934,0.028974,0.08304,0.036469,0.0086572,0.040601,0.035379,0.014591,0.039246,0.013376,0.033488,0.041384,0.016482,0.043657,0.020356,0.034856,0.011835,0.10311,0.024509,0.072153,0.070215,0.14931,0.031261,0.092288,0.064676,0.036349,0.054845,0.030123,0.066328,0.034856,0.0075113,0.064154,0.065766,0.13637,0.045985,0.1681,0.053003,0.097064
7.37,0.023578,0.026827,0.028878,0.082879,0.036372,0.0086386,0.040473,0.035291,0.014537,0.03913,0.013331,0.033392,0.041245,0.016446,0.043481,0.020265,0.034769,0.011792,0.10283,0.02444,0.071794,0.070096,0.14889,0.031143,0.091854,0.064789,0.036253,0.054702,0.029967,0.066167,0.034661,0.0074805,0.064309,0.065367,0.13591,0.045836,0.16765,0.052842,0.096703
7.38,0.023633,0.02672,0.028783,0.082716,0.036275,0.00862,0.040345,0.035202,0.014482,0.039015,0.013287,0.033297,0.041107,0.01641,0.043307,0.020175,0.034682,0.011749,0.10254,0.024371,0.071435,0.069976,0.14847,0.031026,0.09142,0.064898,0.036157,0.054558,0.029812,0.066006,0.034465,0.0074496,0.064566,0.064967,0.13544,0.045683,0.1672,0.05268,0.096342
7.39,0.023686,0.026614,0.028688,0.08255,0.036179,0.0086015,0.040218,0.035112,0.014428,0.0389,0.013242,0.033203,0.04097,0.016374,0.043133,0.020085,0.034595,0.011707,0.10225,0.024301,0.071078,0.069855,0.14805,0.03091,0.090987,0.065004,0.036062,0.054414,0.029658,0.065845,0.034268,0.0074188,0.064813,0.064568,0.13498,0.045525,0.16675,0.052516,0.095979
7.4,0.023738,0.026508,0.028593,0.082383,0.036083,0.0085829,0.040092,0.035021,0.014374,0.038786,0.013198,0.033108,0.040833,0.016339,0.04296,0.019996,0.034508,0.011665,0.10197,0.024231,0.070721,0.069733,0.14763,0.030795,0.090554,0.065106,0.035967,0.05427,0.029504,0.065685,0.034069,0.007388,0.065051,0.064169,0.13452,0.045363,0.16629,0.052351,0.095615
7.41,0.02379,0.026402,0.028499,0.082213,0.035987,0.0085644,0.039966,0.034929,0.01432,0.038672,0.013153,0.033015,0.040697,0.016303,0.042789,0.019907,0.034422,0.011622,0.10168,0.02416,0.070365,0.06961,0.14721,0.03068,0.090121,0.065205,0.035872,0.054126,0.029352,0.065524,0.033868,0.0073572,0.06528,0.06377,0.13406,0.045197,0.16584,0.052184,0.09525
7.42,0.02384,0.026296,0.028405,0.082042,0.035891,0.0085459,0.03984,0.034836,0.014267,0.038559,0.013109,0.032921,0.040562,0.016267,0.042617,0.019819,0.034336,0.01158,0.10139,0.024089,0.070009,0.069486,0.14679,0.030566,0.089689,0.0653,0.035778,0.053982,0.029201,0.065363,0.033667,0.0073265,0.065499,0.063372,0.1336,0.045028,0.16539,0.052016,0.094884
7.43,0.023889,0.02619,0.028311,0.081869,0.035796,0.0085274,0.039715,0.034741,0.014214,0.038446,0.013066,0.032828,0.040427,0.016232,0.042447,0.019731,0.03425,0.011538,0.10111,0.024018,0.069654,0.069361,0.14637,0.030453,0.089256,0.065391,0.035684,0.053837,0.029051,0.065203,0.033464,0.0072958,0.065708,0.062975,0.13314,0.044855,0.16493,0.051846,0.094517
7.44,0.023937,0.026085,0.028218,0.081694,0.035701,0.0085089,0.03959,0.034646,0.014161,0.038333,0.013022,0.032736,0.040292,0.016196,0.042278,0.019644,0.034164,0.011497,0.10082,0.023946,0.0693,0.069235,0.14596,0.030341,0.088823,0.065478,0.035591,0.053694,0.028901,0.065043,0.033261,0.0072651,0.065907,0.062579,0.13268,0.04468,0.16448,0.051674,0.09415
7.45,0.023986,0.02598,0.028124,0.081517,0.035607,0.0084904,0.039466,0.034549,0.014108,0.038222,0.012979,0.032643,0.040159,0.016161,0.042109,0.019557,0.034079,0.011455,0.10054,0.023874,0.068947,0.069108,0.14554,0.03023,0.08839,0.065563,0.035497,0.05355,0.028753,0.064883,0.033057,0.0072399,0.066096,0.062184,0.13222,0.044502,0.16402,0.051501,0.093782
7.46,0.024033,0.025926,0.028031,0.081339,0.035512,0.0084719,0.039343,0.034451,0.014056,0.03811,0.012935,0.032551,0.040026,0.016126,0.041942,0.01947,0.033994,0.011414,0.10025,0.023802,0.068594,0.06898,0.14513,0.030119,0.087957,0.065643,0.035405,0.053406,0.028606,0.064724,0.032852,0.0072178,0.066275,0.061789,0.13176,0.044323,0.16357,0.051325,0.093413
7.47,0.024079,0.025875,0.027938,0.081159,0.035418,0.0084535,0.03922,0.034352,0.014004,0.037999,0.012893,0.03246,0.039893,0.016091,0.041775,0.019384,0.033909,0.011373,0.09997,0.023729,0.068243,0.068851,0.14472,0.03001,0.087524,0.06572,0.035312,0.053262,0.028459,0.064564,0.032646,0.0071943,0.066446,0.061396,0.13136,0.044143,0.16311,0.051147,0.093045
7.48,0.024124,0.025823,0.027846,0.080977,0.035324,0.008435,0.039098,0.034252,0.013953,0.037889,0.01285,0.032369,0.039761,0.016056,0.041608,0.019299,0.033824,0.011332,0.099685,0.023657,0.067892,0.068722,0.1443,0.029901,0.08709,0.065794,0.03522,0.053118,0.028314,0.064404,0.032439,0.0071696,0.066608,0.061004,0.13109,0.04396,0.16265,0.050966,0.092676
7.49,0.024168,0.025771,0.027754,0.080794,0.035231,0.0084166,0.038976,0.034151,0.013901,0.037779,0.012807,0.032278,0.03963,0.016021,0.041443,0.019214,0.03374,0.011291,0.099401,0.023583,0.067542,0.068591,0.1439,0.029793,0.086657,0.065864,0.035129,0.052974,0.028169,0.064244,0.032231,0.0071484,0.066761,0.060611,0.13082,0.043774,0.16219,0.050784,0.092307
7.5,0.024211,0.025719,0.027662,0.080609,0.035138,0.0083982,0.038855,0.034049,0.01385,0.037669,0.012765,0.032188,0.039499,0.015986,0.041279,0.019129,0.033656,0.01125,0.099118,0.02351,0.067193,0.06846,0.14349,0.029686,0.086223,0.06593,0.035038,0.05283,0.028026,0.064084,0.032022,0.0071536,0.066905,0.06022,0.13055,0.043585,0.16173,0.050598,0.091938
7.51,0.024252,0.025666,0.02757,0.080423,0.035045,0.0083798,0.038734,0.033945,0.0138,0.03756,0.012723,0.032098,0.039369,0.015951,0.041115,0.019045,0.033572,0.011209,0.098834,0.023436,0.066845,0.068327,0.14308,0.029579,0.085789,0.065993,0.034947,0.052686,0.027883,0.063924,0.031813,0.0071585,0.067041,0.059828,0.13027,0.043392,0.16127,0.05041,0.091569
7.52,0.024292,0.025613,0.027478,0.080236,0.034953,0.0083614,0.038614,0.033841,0.013749,0.037451,0.012681,0.032008,0.039239,0.015917,0.040952,0.018961,0.033488,0.011169,0.098551,0.023362,0.066498,0.068194,0.14267,0.029474,0.085355,0.066053,0.034856,0.052541,0.027741,0.063764,0.031603,0.0071631,0.067167,0.059436,0.13,0.043196,0.16081,0.050219,0.0912
7.53,0.024331,0.025559,0.027387,0.080047,0.03486,0.0083431,0.038494,0.033736,0.013699,0.037343,0.012639,0.031919,0.03911,0.015882,0.04079,0.018878,0.033404,0.011128,0.098268,0.023288,0.066151,0.06806,0.14227,0.029369,0.084921,0.066109,0.034766,0.052397,0.0276,0.063604,0.031393,0.0071672,0.067283,0.059044,0.12973,0.042994,0.16035,0.050025,0.090831
7.54,0.02437,0.025506,0.027297,0.079857,0.034768,0.0083248,0.038375,0.033629,0.013649,0.037235,0.012598,0.03183,0.038981,0.015848,0.040629,0.018795,0.033321,0.011088,0.097986,0.023214,0.065806,0.067924,0.14186,0.029265,0.084487,0.066161,0.034676,0.052253,0.027461,0.063445,0.031182,0.007171,0.067392,0.058653,0.12947,0.042789,0.15989,0.049829,0.090463
7.55,0.024408,0.025452,0.027206,0.079666,0.034677,0.0083064,0.038256,0.033522,0.0136,0.037128,0.012556,0.031742,0.038853,0.015813,0.040468,0.018712,0.033238,0.011048,0.097703,0.023139,0.065461,0.067788,0.14146,0.029162,0.084053,0.066211,0.034587,0.052108,0.027322,0.063285,0.030971,0.0071745,0.06749,0.058261,0.1292,0.042578,0.15943,0.049629,0.090094
7.56,0.024444,0.025398,0.027115,0.079473,0.034585,0.0082881,0.038138,0.033413,0.01355,0.037021,0.012515,0.031653,0.038725,0.015779,0.040309,0.01863,0.033155,0.011008,0.097421,0.023064,0.065118,0.067651,0.14106,0.029059,0.083619,0.066257,0.034498,0.051964,0.027184,0.063125,0.030759,0.0071775,0.067579,0.057869,0.12893,0.042363,0.15897,0.049427,0.089875
7.57,0.02448,0.025344,0.027025,0.07928,0.034494,0.0082699,0.03802,0.033304,0.013501,0.036915,0.012474,0.031566,0.038598,0.015745,0.04015,0.018549,0.033073,0.010968,0.097138,0.022989,0.064776,0.067513,0.14066,0.028958,0.083185,0.0663,0.034409,0.05182,0.027047,0.062966,0.030547,0.0071802,0.067658,0.057477,0.12866,0.042144,0.1585,0.049221,0.089694
7.58,0.024514,0.02529,0.026936,0.079085,0.034403,0.0082517,0.037903,0.033194,0.013453,0.036809,0.012433,0.031478,0.038472,0.015711,0.039992,0.018468,0.03299,0.010929,0.096856,0.022914,0.064435,0.067374,0.14026,0.028857,0.08275,0.066339,0.03432,0.051675,0.026911,0.062806,0.030336,0.0071824,0.067728,0.057085,0.1284,0.04192,0.15804,0.049013,0.089512
7.59,0.024546,0.025235,0.026846,0.078889,0.034313,0.0082335,0.037786,0.033082,0.013404,0.036703,0.012393,0.031391,0.038346,0.015677,0.039834,0.018387,0.032908,0.010889,0.096575,0.022838,0.064095,0.067235,0.13986,0.028757,0.082317,0.066375,0.034232,0.051531,0.026775,0.062647,0.030124,0.0071843,0.067787,0.056693,0.12813,0.041693,0.15758,0.048802,0.089331
7.6,0.024578,0.025179,0.026757,0.078691,0.034222,0.0082154,0.03767,0.03297,0.013356,0.036598,0.012352,0.031305,0.038221,0.015643,0.039678,0.018307,0.032827,0.01085,0.096293,0.022763,0.063755,0.067095,0.13946,0.028658,0.081883,0.066408,0.034145,0.051387,0.026641,0.062487,0.029912,0.0071858,0.067836,0.056302,0.12787,0.041461,0.15712,0.048588,0.089148
7.61,0.024607,0.025123,0.026668,0.078492,0.034132,0.0081972,0.037554,0.032856,0.013308,0.036493,0.012312,0.031218,0.038096,0.015609,0.039522,0.018227,0.032745,0.010811,0.096011,0.022687,0.063417,0.066954,0.13907,0.02856,0.08145,0.066438,0.034057,0.051243,0.026508,0.062328,0.0297,0.0071869,0.067876,0.05591,0.1276,0.041227,0.15666,0.048372,0.088965
7.62,0.024637,0.025067,0.026579,0.078292,0.034042,0.0081791,0.037439,0.032742,0.01326,0.036389,0.012272,0.031132,0.037972,0.015575,0.039367,0.018148,0.032664,0.010771,0.095729,0.022612,0.06308,0.066813,0.13867,0.028462,0.081238,0.066465,0.03397,0.0511,0.026375,0.062169,0.029487,0.0071876,0.067905,0.055519,0.12734,0.041172,0.15621,0.048153,0.088782
7.63,0.024666,0.02501,0.02649,0.07809,0.033953,0.008161,0.037324,0.032627,0.013213,0.036285,0.012232,0.031047,0.037848,0.015542,0.039213,0.018069,0.032582,0.010733,0.095448,0.022536,0.062744,0.066672,0.13828,0.028365,0.081053,0.06649,0.033883,0.050957,0.026243,0.06201,0.029275,0.0071878,0.067927,0.055128,0.12708,0.041114,0.15577,0.047931,0.088598
7.64,0.024694,0.024952,0.026402,0.077887,0.033863,0.008143,0.03721,0.032511,0.013166,0.036181,0.012193,0.030961,0.037724,0.015508,0.039059,0.01799,0.032502,0.010694,0.095166,0.02246,0.06241,0.066531,0.13788,0.028269,0.080868,0.066511,0.033797,0.050814,0.026113,0.061852,0.029063,0.0071877,0.06794,0.054736,0.12682,0.041054,0.15534,0.047708,0.088415
7.65,0.02472,0.024894,0.026314,0.077683,0.033774,0.0081249,0.037096,0.032394,0.013119,0.036078,0.012153,0.030876,0.037602,0.015475,0.038907,0.017912,0.032421,0.010655,0.094884,0.022384,0.062076,0.066391,0.13749,0.028174,0.080682,0.066529,0.033711,0.050671,0.025983,0.061694,0.028851,0.0071872,0.067944,0.054452,0.12655,0.040991,0.15492,0.047482,0.08823
7.66,0.024745,0.024835,0.026227,0.077478,0.033686,0.0081069,0.036983,0.032277,0.013072,0.035976,0.012114,0.030792,0.03748,0.015442,0.038755,0.017834,0.03234,0.010617,0.094602,0.022308,0.061743,0.06625,0.1371,0.028079,0.080497,0.066544,0.033625,0.050528,0.025854,0.061536,0.028639,0.0071942,0.067941,0.054375,0.12629,0.040925,0.1545,0.047254,0.088046
7.67,0.024769,0.024776,0.026139,0.077271,0.033597,0.0080889,0.03687,0.032158,0.013026,0.035873,0.012075,0.030708,0.037358,0.015408,0.038604,0.017757,0.03226,0.010578,0.09432,0.022232,0.061411,0.06611,0.13671,0.027986,0.08031,0.066556,0.03354,0.050385,0.025726,0.061378,0.028428,0.0072053,0.067931,0.054296,0.12603,0.040857,0.15408,0.047025,0.087862
7.68,0.024791,0.024716,0.026052,0.077063,0.033509,0.0080709,0.036758,0.032039,0.01298,0.035772,0.012036,0.030624,0.037237,0.015375,0.038454,0.01768,0.03218,0.01054,0.094039,0.022155,0.061081,0.06597,0.13632,0.027893,0.080123,0.066565,0.033455,0.050243,0.025599,0.06122,0.028217,0.0072161,0.067911,0.054215,0.12578,0.040787,0.15366,0.046855,0.087677
7.69,0.024812,0.024655,0.025965,0.076854,0.033421,0.0080529,0.036646,0.031919,0.012934,0.03567,0.011997,0.03054,0.037116,0.015342,0.038304,0.017604,0.0321,0.010502,0.093757,0.022079,0.060752,0.065831,0.13594,0.0278,0.079936,0.066571,0.03337,0.0501,0.025472,0.061063,0.028006,0.0072267,0.067881,0.054133,0.12552,0.040715,0.15324,0.046702,0.087492
7.7,0.024833,0.024594,0.025879,0.076644,0.033333,0.008035,0.036534,0.031798,0.012888,0.035569,0.011959,0.030457,0.036996,0.015309,0.038156,0.017552,0.032021,0.010464,0.093475,0.022003,0.060425,0.065694,0.13555,0.027708,0.079749,0.066574,0.033285,0.049958,0.025347,0.060905,0.027795,0.0072371,0.067842,0.054049,0.12526,0.040642,0.15282,0.046549,0.087307
7.71,0.024853,0.024532,0.025792,0.076433,0.033246,0.008017,0.036423,0.031676,0.012843,0.035469,0.01192,0.030374,0.036877,0.015276,0.038008,0.017517,0.031942,0.010427,0.093192,0.021926,0.060098,0.065564,0.13516,0.027617,0.079561,0.066574,0.033201,0.049816,0.025222,0.060748,0.027585,0.0072473,0.067792,0.053963,0.12501,0.040566,0.1524,0.046394,0.087123
7.72,0.024871,0.02447,0.025706,0.07622,0.033159,0.0079991,0.036313,0.031554,0.012798,0.035369,0.011882,0.030292,0.036758,0.015243,0.03786,0.017483,0.031863,0.010389,0.09291,0.021849,0.059772,0.065463,0.13478,0.027527,0.079373,0.066571,0.033117,0.049674,0.025098,0.06059,0.027376,0.0072572,0.067905,0.053876,0.12475,0.040488,0.15199,0.046239,0.086937
7.73,0.024888,0.024407,0.025621,0.076007,0.033072,0.0079813,0.036203,0.03143,0.012753,0.035269,0.011844,0.030209,0.036639,0.015211,0.037714,0.017448,0.031784,0.010351,0.092628,0.021773,0.059447,0.065368,0.13439,0.027437,0.079185,0.066564,0.033034,0.049532,0.024975,0.060433,0.027167,0.0072669,0.068024,0.053788,0.1245,0.040407,0.15157,0.046082,0.086752
7.74,0.024903,0.024344,0.025535,0.075793,0.032985,0.0079634,0.036093,0.031306,0.012708,0.03517,0.011806,0.030127,0.036521,0.015178,0.037568,0.017414,0.031705,0.010314,0.092346,0.021696,0.059125,0.065277,0.13401,0.027348,0.078997,0.066555,0.03295,0.04939,0.024853,0.060276,0.026962,0.0072764,0.068133,0.053698,0.12425,0.040323,0.15115,0.045924,0.086567
7.75,0.024918,0.02428,0.02545,0.075579,0.032899,0.0079456,0.035984,0.031181,0.012664,0.035071,0.011769,0.030046,0.036404,0.015145,0.037423,0.017379,0.031627,0.010277,0.092064,0.021619,0.058803,0.065186,0.13363,0.02726,0.078808,0.066543,0.032868,0.049249,0.024732,0.060119,0.026965,0.0072856,0.068235,0.053607,0.12399,0.040235,0.15073,0.045766,0.086382
7.76,0.024932,0.024216,0.025365,0.075363,0.032813,0.0079278,0.035876,0.031055,0.01262,0.034972,0.011731,0.029965,0.036287,0.015113,0.037278,0.017345,0.031549,0.01024,0.091781,0.021542,0.058483,0.065097,0.13325,0.027172,0.078619,0.066527,0.032785,0.049108,0.024612,0.059962,0.026981,0.0072945,0.068328,0.053515,0.12374,0.040144,0.15031,0.04562,0.086197
7.77,0.024945,0.024151,0.025281,0.075146,0.032727,0.00791,0.035767,0.030928,0.012576,0.034874,0.011694,0.029884,0.03617,0.015081,0.037135,0.017311,0.031471,0.010203,0.091499,0.021465,0.058163,0.065008,0.13287,0.027085,0.078429,0.066509,0.032703,0.048967,0.024492,0.059805,0.026996,0.0073031,0.068412,0.053421,0.1235,0.040049,0.14989,0.045481,0.086011
7.78,0.024957,0.024086,0.025196,0.07493,0.032641,0.0078923,0.03566,0.0308,0.012533,0.034776,0.011657,0.029803,0.036054,0.015048,0.036992,0.017276,0.031393,0.010166,0.091217,0.021388,0.057845,0.064918,0.13249,0.026999,0.07824,0.066487,0.032621,0.048826,0.024373,0.059648,0.027011,0.0073115,0.068488,0.053325,0.12325,0.039951,0.14947,0.045342,0.085826
7.79,0.024968,0.02402,0.025112,0.074713,0.032556,0.0078745,0.035552,0.030672,0.012489,0.034679,0.01162,0.029723,0.035939,0.015016,0.036849,0.017242,0.031316,0.01013,0.090935,0.021312,0.057528,0.064828,0.13211,0.026913,0.07805,0.066463,0.032539,0.048685,0.024255,0.059492,0.027026,0.0073195,0.068555,0.053229,0.123,0.039849,0.14905,0.045203,0.085639
7.8,0.024986,0.023954,0.025028,0.074496,0.032471,0.0078568,0.035446,0.030543,0.012446,0.034582,0.011583,0.029643,0.035824,0.014984,0.036708,0.017208,0.031238,0.010093,0.090654,0.021235,0.057213,0.064738,0.13174,0.026828,0.07786,0.066436,0.032457,0.048545,0.024138,0.059336,0.027041,0.0073273,0.068614,0.053131,0.12276,0.039743,0.14863,0.045063,0.085454
7.81,0.025002,0.023887,0.024945,0.074279,0.032387,0.0078391,0.035339,0.030412,0.012403,0.034485,0.011546,0.029563,0.035709,0.014952,0.036567,0.017174,0.031161,0.010057,0.090372,0.021158,0.056899,0.064647,0.13136,0.026743,0.07767,0.066405,0.032376,0.048406,0.024022,0.059179,0.027055,0.007335,0.068664,0.053032,0.12252,0.039634,0.1482,0.044924,0.085268
7.82,0.025017,0.02382,0.024862,0.074063,0.032302,0.0078215,0.035233,0.030282,0.012361,0.034389,0.01151,0.029484,0.035595,0.01492,0.036427,0.01714,0.031085,0.010021,0.090091,0.021081,0.056586,0.064555,0.13099,0.026659,0.077481,0.066372,0.032295,0.048267,0.023907,0.059023,0.02707,0.0073424,0.068706,0.052931,0.12229,0.039522,0.14778,0.044786,0.085081
7.83,0.025033,0.023752,0.024779,0.073847,0.032218,0.0078039,0.035128,0.03015,0.012318,0.034293,0.011473,0.029405,0.035482,0.014888,0.036287,0.017106,0.031008,0.0099846,0.08981,0.021004,0.056274,0.064463,0.13061,0.026575,0.077291,0.066336,0.032215,0.048128,0.023792,0.058867,0.027084,0.0073494,0.068739,0.052829,0.12206,0.039406,0.14736,0.044648,0.084895
7.84,0.025047,0.023684,0.024696,0.07363,0.032134,0.0077863,0.035023,0.030018,0.012276,0.034198,0.011437,0.029327,0.035369,0.014856,0.036148,0.017072,0.030932,0.0099486,0.089529,0.020928,0.055964,0.06437,0.13024,0.026492,0.077102,0.066298,0.032135,0.04799,0.023678,0.058712,0.027097,0.0073562,0.068763,0.052726,0.12183,0.039287,0.14693,0.04451,0.084708
7.85,0.025059,0.023615,0.024614,0.073413,0.03205,0.0077687,0.034918,0.029885,0.012234,0.034103,0.011401,0.029248,0.035256,0.014825,0.03601,0.017038,0.030856,0.0099128,0.089248,0.020851,0.055655,0.064277,0.12987,0.02641,0.076913,0.066256,0.032055,0.047852,0.023565,0.058557,0.027111,0.0073626,0.068781,0.052621,0.1216,0.039166,0.14651,0.044372,0.08452
7.86,0.02507,0.023546,0.024532,0.073197,0.031967,0.0077512,0.034814,0.029751,0.012192,0.034008,0.011365,0.02917,0.035144,0.014793,0.035873,0.017004,0.03078,0.0098772,0.088968,0.020774,0.055347,0.064184,0.12949,0.026328,0.076724,0.066211,0.031975,0.047714,0.023453,0.058402,0.027124,0.0073687,0.06879,0.052515,0.12138,0.039042,0.14608,0.044233,0.084333
7.87,0.02508,0.023476,0.02445,0.07298,0.031884,0.0077336,0.03471,0.029617,0.012151,0.033914,0.01133,0.029093,0.035032,0.014762,0.035736,0.016971,0.030704,0.0098416,0.088688,0.020697,0.055041,0.06409,0.12912,0.026246,0.076536,0.066163,0.031896,0.047576,0.023341,0.058248,0.027137,0.0073744,0.068792,0.052408,0.12115,0.038916,0.14565,0.044094,0.084145
7.88,0.025088,0.023406,0.024368,0.072763,0.031801,0.0077161,0.034607,0.029483,0.01211,0.03382,0.011294,0.029015,0.034921,0.01473,0.0356,0.016937,0.030629,0.0098062,0.088409,0.02062,0.054736,0.063996,0.12875,0.026165,0.076347,0.066113,0.031816,0.047439,0.02323,0.058094,0.02715,0.0073799,0.068788,0.052299,0.12093,0.038787,0.14523,0.043954,0.083956
7.89,0.025095,0.023336,0.024287,0.072545,0.031718,0.0076987,0.034504,0.029347,0.012069,0.033726,0.011259,0.028938,0.03481,0.014699,0.035464,0.016903,0.030554,0.009771,0.088131,0.020544,0.054432,0.063902,0.12839,0.026085,0.07616,0.06606,0.031738,0.047302,0.023121,0.05794,0.027162,0.0073849,0.068776,0.05219,0.1207,0.038657,0.1448,0.043813,0.083769
7.9,0.025103,0.023265,0.024206,0.072327,0.031635,0.0076813,0.034402,0.029212,0.012028,0.033633,0.011224,0.028861,0.0347,0.014667,0.035329,0.01687,0.030479,0.0097359,0.087852,0.020467,0.05413,0.063808,0.12802,0.026005,0.075972,0.066004,0.031659,0.047165,0.023011,0.057786,0.027174,0.0073897,0.068757,0.052078,0.12048,0.038525,0.14437,0.043671,0.083581
7.91,0.025108,0.023194,0.024125,0.072109,0.031553,0.0076639,0.0343,0.029076,0.011987,0.033541,0.011189,0.028785,0.03459,0.014636,0.035195,0.016836,0.030404,0.0097009,0.087575,0.02039,0.053829,0.063714,0.12765,0.025925,0.075785,0.065946,0.031581,0.047028,0.022903,0.057632,0.027186,0.0073941,0.068731,0.051966,0.12026,0.038391,0.14395,0.043637,0.083392
7.92,0.025112,0.023122,0.024045,0.071891,0.031471,0.0076466,0.034198,0.028939,0.011947,0.033448,0.011154,0.028709,0.034481,0.014605,0.035062,0.016803,0.030329,0.0096661,0.087298,0.020313,0.05353,0.063621,0.12729,0.025846,0.075598,0.065885,0.031503,0.046892,0.022795,0.057479,0.027198,0.0073981,0.068699,0.051853,0.12003,0.038255,0.14352,0.043744,0.083204
7.93,0.025115,0.02305,0.023964,0.071672,0.03139,0.0076293,0.034097,0.028803,0.011907,0.033356,0.011119,0.028633,0.034372,0.014574,0.034929,0.01677,0.030255,0.0096314,0.087022,0.020237,0.053231,0.063529,0.12692,0.025768,0.075411,0.065821,0.031425,0.046757,0.022688,0.057325,0.027209,0.0074018,0.06866,0.051738,0.11981,0.038118,0.14309,0.043843,0.083015
7.94,0.025117,0.022978,0.023884,0.071454,0.031308,0.007612,0.033996,0.028666,0.011867,0.033264,0.011085,0.028557,0.034264,0.014543,0.034797,0.016736,0.030181,0.0095969,0.086747,0.02016,0.052935,0.06346,0.12656,0.02569,0.075224,0.065755,0.031347,0.046621,0.022582,0.057172,0.02722,0.0074052,0.068615,0.051622,0.11959,0.037978,0.14267,0.043933,0.082827
7.95,0.025119,0.022905,0.023805,0.071235,0.031227,0.0075947,0.033896,0.028528,0.011827,0.033173,0.01105,0.028482,0.034156,0.014512,0.034665,0.016703,0.030107,0.0095625,0.086473,0.020083,0.052639,0.063392,0.12619,0.025612,0.075038,0.065686,0.03127,0.046486,0.022477,0.057019,0.02723,0.0074081,0.068564,0.051505,0.11937,0.037847,0.14224,0.044014,0.082639
7.96,0.02512,0.022831,0.023725,0.071016,0.031146,0.0075775,0.033796,0.028391,0.011787,0.033082,0.011016,0.028407,0.034048,0.014482,0.034534,0.01667,0.030033,0.0095283,0.086199,0.020007,0.052345,0.063324,0.12583,0.025535,0.074852,0.065614,0.031193,0.046351,0.022372,0.056866,0.02724,0.0074108,0.068506,0.051387,0.11914,0.037861,0.14182,0.044086,0.08245
7.97,0.025121,0.022758,0.023646,0.070797,0.031065,0.0075603,0.033697,0.028253,0.011748,0.032992,0.010982,0.028332,0.033941,0.014451,0.034404,0.016637,0.02996,0.0094941,0.085926,0.01993,0.052052,0.063255,0.12547,0.025458,0.074666,0.065541,0.031117,0.046217,0.022268,0.056714,0.02725,0.007413,0.068442,0.051267,0.11892,0.037872,0.1414,0.044151,0.082262
7.98,0.025123,0.022684,0.023567,0.070578,0.030985,0.0075432,0.033598,0.028116,0.011709,0.032901,0.010948,0.028258,0.033834,0.01442,0.034274,0.016604,0.029887,0.0094601,0.085654,0.019853,0.051761,0.063186,0.12511,0.025381,0.074481,0.065464,0.03104,0.046083,0.022165,0.056561,0.027259,0.007415,0.06837,0.051147,0.1187,0.037881,0.14098,0.044207,0.082074
7.99,0.025123,0.02261,0.023489,0.070359,0.030904,0.007526,0.033499,0.027978,0.01167,0.032811,0.010914,0.028184,0.033728,0.01439,0.034145,0.016571,0.029814,0.0094263,0.085382,0.019777,0.051471,0.063116,0.12475,0.025305,0.074296,0.065386,0.030964,0.045949,0.022063,0.056409,0.027268,0.0074167,0.068292,0.051025,0.11849,0.037887,0.14055,0.044255,0.081887
8,0.025124,0.022536,0.023411,0.07014,0.030824,0.0075089,0.033401,0.027839,0.011632,0.032722,0.01088,0.02811,0.033622,0.014359,0.034017,0.016538,0.029741,0.0093925,0.08511,0.0197,0.051182,0.063046,0.12439,0.025229,0.074111,0.065305,0.030888,0.045816,0.021961,0.056257,0.027277,0.0074181,0.068205,0.050902,0.11827,0.03789,0.14013,0.044294,0.081699
