Time,GM1,GM2,GM3,GM4,GM5,GM6,GM7,GM8,GM9,GM10,GM11,GM12,GM13,GM14,GM15,GM16,GM17,GM18,GM19,GM20,GM21,GM22,GM23,GM24,GM25,GM26,GM27,GM28,GM29,GM30,GM31,GM32,GM33,GM34,GM35,GM36,GM37,GM38,GM39
0.01,0.00032071,0.00059719,0.00016296,0.00052912,0.00050342,0.00063323,0.00056581,0.00020332,0.00043629,0.00040288,0.00073694,0.00086098,0.00061199,0.00081675,0.00034055,0.00068363,0.00060533,0.00016191,0.00022217,0.00079372,0.00033501,0.00015703,0.00077591,0.00098835,0.00039665,0.00032562,0.00092095,0.0004715,0.00034558,0.0006675,0.00044134,0.00021611,0.00019335,0.00043456,0.00078868,0.00018669,0.00039589,0.00024178,0.00024997
0.02,0.0013846,0.0030269,0.0006524,0.0022794,0.0037755,0.0025989,0.0024285,0.00081699,0.0017473,0.0016107,0.0029454,0.0035961,0.0025091,0.003277,0.0013629,0.0027402,0.0024257,0.00065075,0.00090099,0.00319,0.0013957,0.00063289,0.0031575,0.0039619,0.0015943,0.0013028,0.0036947,0.0019092,0.001389,0.0026984,0.001846,0.00086914,0.00078322,0.0017421,0.0034385,0.0007493,0.0017236,0.00097897,0.0010055
0.03,0.0038002,0.0080377,0.0017538,0.0056317,0.010141,0.0057073,0.0058273,0.001868,0.0044464,0.0036474,0.0068736,0.0077488,0.0056167,0.0074603,0.0030817,0.0063292,0.0054892,0.0014654,0.0020414,0.0078229,0.0033239,0.0014471,0.0073508,0.0089673,0.0036786,0.0029366,0.0083166,0.0044223,0.0032233,0.0060445,0.0042379,0.0020034,0.0018514,0.0039884,0.00778,0.0016988,0.0040007,0.0023278,0.0022682
0.04,0.006499,0.013326,0.003595,0.011709,0.012038,0.010387,0.014271,0.0032824,0.0081978,0.0065822,0.012575,0.014513,0.010185,0.013332,0.0054641,0.011588,0.0098089,0.0028492,0.0036542,0.013602,0.0059433,0.0027969,0.013439,0.016142,0.0063235,0.0053309,0.015322,0.0085331,0.0067506,0.011316,0.0095709,0.0036517,0.0044112,0.0072303,0.01768,0.0032275,0.0080646,0.0048546,0.004504
0.05,0.011757,0.020451,0.0066181,0.021289,0.030142,0.017832,0.026026,0.005845,0.011323,0.01035,0.01921,0.022632,0.017244,0.020608,0.0085855,0.019523,0.015418,0.0049097,0.0056602,0.026046,0.010162,0.004247,0.0217,0.026276,0.010254,0.0087434,0.024574,0.013004,0.0094945,0.018672,0.0183,0.0057509,0.0075776,0.011396,0.035822,0.0048125,0.012518,0.011842,0.0075974
0.06,0.018106,0.031509,0.011815,0.03283,0.04655,0.027351,0.049057,0.0087537,0.016225,0.015049,0.031686,0.033919,0.027608,0.030267,0.012724,0.029241,0.02229,0.0075988,0.0084926,0.036501,0.015528,0.0065173,0.032106,0.038469,0.014947,0.012965,0.039996,0.018436,0.013629,0.027982,0.027932,0.0080329,0.015052,0.016095,0.033953,0.0073411,0.019623,0.014522,0.012721
0.07,0.025794,0.037534,0.015822,0.044074,0.043791,0.037676,0.063028,0.012267,0.023499,0.020647,0.044648,0.050383,0.038984,0.04143,0.017516,0.041457,0.031551,0.010382,0.01252,0.051919,0.024501,0.013241,0.044076,0.054643,0.020234,0.016981,0.059208,0.028731,0.020461,0.040173,0.055551,0.011585,0.019501,0.023712,0.049216,0.011627,0.022388,0.018544,0.015779
0.08,0.040729,0.05421,0.016764,0.057391,0.065511,0.048001,0.082107,0.015558,0.040317,0.027386,0.061899,0.062634,0.058729,0.054629,0.022584,0.050933,0.041114,0.018746,0.016803,0.073158,0.032643,0.014566,0.06122,0.073608,0.028454,0.021903,0.085878,0.035685,0.02806,0.052376,0.098391,0.015916,0.024747,0.038096,0.052105,0.014661,0.0309,0.028756,0.024722
0.09,0.062817,0.088448,0.02216,0.083535,0.086438,0.063534,0.085937,0.025458,0.049279,0.035178,0.079171,0.088906,0.077428,0.072103,0.030017,0.059852,0.057101,0.022107,0.021638,0.09859,0.041797,0.022041,0.078706,0.094961,0.041365,0.02864,0.092826,0.054359,0.037681,0.069352,0.091248,0.021589,0.039596,0.045844,0.090735,0.018064,0.046865,0.029843,0.045168
0.1,0.082073,0.096548,0.026859,0.11761,0.12435,0.08617,0.11482,0.029681,0.049442,0.044755,0.10058,0.10289,0.080298,0.088693,0.036525,0.072031,0.076475,0.025538,0.031327,0.11578,0.059807,0.029685,0.10027,0.12046,0.056563,0.032998,0.10406,0.07043,0.042678,0.088034,0.11281,0.026051,0.048549,0.062104,0.12016,0.02549,0.049654,0.039619,0.055803
0.11,0.12762,0.15742,0.042612,0.1436,0.14116,0.092203,0.12441,0.046487,0.064619,0.052468,0.12695,0.12509,0.10149,0.10519,0.043231,0.11112,0.11074,0.031677,0.042256,0.14333,0.064666,0.038992,0.12134,0.13274,0.058528,0.040763,0.15406,0.087917,0.067917,0.10278,0.1435,0.032824,0.051521,0.085163,0.13209,0.030918,0.070076,0.059361,0.065624
0.12,0.16379,0.21255,0.053338,0.16406,0.13576,0.10715,0.12158,0.068691,0.10528,0.067072,0.14985,0.16407,0.11815,0.12476,0.050381,0.14496,0.13226,0.038121,0.053362,0.16035,0.091713,0.051302,0.14417,0.16224,0.071556,0.057592,0.20777,0.10916,0.069437,0.12484,0.19267,0.042196,0.066526,0.11012,0.16389,0.043199,0.095473,0.062321,0.073061
0.13,0.20981,0.24918,0.070496,0.18312,0.11215,0.14272,0.16905,0.078723,0.14108,0.080826,0.1783,0.20349,0.16328,0.18783,0.065316,0.20804,0.15735,0.044056,0.055068,0.17398,0.11208,0.066654,0.17911,0.20012,0.099162,0.075492,0.24783,0.14822,0.076901,0.13866,0.19121,0.052871,0.092896,0.1653,0.20747,0.055447,0.1328,0.066414,0.09868
0.14,0.22879,0.2518,0.083849,0.21418,0.1028,0.1749,0.23187,0.069247,0.18739,0.083577,0.20362,0.25097,0.1567,0.23299,0.072204,0.24614,0.20207,0.054362,0.06273,0.19901,0.12011,0.074776,0.21253,0.27419,0.12803,0.094702,0.27994,0.1555,0.099946,0.17962,0.18334,0.059495,0.12563,0.20352,0.2472,0.067747,0.12374,0.09156,0.11389
0.15,0.30637,0.2309,0.085369,0.2435,0.11346,0.20921,0.34606,0.078806,0.21332,0.1057,0.23159,0.29468,0.16472,0.22859,0.085682,0.23043,0.21564,0.073007,0.083526,0.23035,0.16886,0.093945,0.22938,0.32507,0.15745,0.10305,0.29799,0.16975,0.11134,0.20417,0.18154,0.068528,0.17813,0.24,0.29945,0.095811,0.15352,0.099615,0.14037
0.16,0.31004,0.267,0.088812,0.30368,0.13239,0.25572,0.43636,0.087497,0.24339,0.13263,0.32862,0.35103,0.18466,0.27492,0.090495,0.26495,0.27305,0.072797,0.099301,0.2697,0.23136,0.12971,0.26954,0.34871,0.15203,0.12894,0.35812,0.1764,0.12236,0.22783,0.1873,0.074643,0.23236,0.25777,0.34134,0.10282,0.18715,0.13438,0.13777
0.17,0.358,0.32491,0.095912,0.34337,0.16978,0.31099,0.43057,0.11639,0.27599,0.17573,0.463,0.42021,0.23834,0.32785,0.12924,0.34144,0.33222,0.097278,0.12953,0.30515,0.26806,0.14162,0.26181,0.47225,0.164,0.14946,0.51754,0.27103,0.13881,0.24467,0.19281,0.10393,0.24284,0.30451,0.33914,0.12661,0.21118,0.15068,0.1222
0.18,0.43884,0.37452,0.097135,0.38641,0.18697,0.35081,0.4476,0.1361,0.32215,0.22151,0.54631,0.46565,0.30737,0.31987,0.17069,0.37706,0.37833,0.10267,0.15136,0.33926,0.26515,0.1558,0.33101,0.60341,0.17394,0.15978,0.67478,0.25083,0.1485,0.30817,0.19701,0.14564,0.23942,0.33016,0.35436,0.14677,0.20847,0.19486,0.1321
0.19,0.51306,0.42646,0.12803,0.42606,0.21111,0.38503,0.46007,0.11737,0.37288,0.2332,0.60365,0.53484,0.3632,0.35779,0.18288,0.47846,0.50071,0.11934,0.15539,0.41049,0.25044,0.16172,0.34948,0.65062,0.20087,0.18434,0.67534,0.24771,0.20314,0.38413,0.21679,0.19231,0.21787,0.33154,0.33258,0.19474,0.22843,0.20402,0.18049
0.2,0.49589,0.46302,0.17025,0.45854,0.25346,0.3994,0.46756,0.15649,0.41172,0.22301,0.6094,0.62844,0.41752,0.43002,0.18158,0.5724,0.58482,0.15604,0.17144,0.41103,0.25811,0.18256,0.41308,0.63772,0.21547,0.22808,0.63208,0.22966,0.24382,0.46311,0.24301,0.22508,0.22096,0.38814,0.44273,0.2057,0.25955,0.22981,0.20132
0.21,0.41895,0.49316,0.19299,0.5183,0.28506,0.51005,0.40145,0.20961,0.43224,0.24658,0.60907,0.69568,0.44554,0.48013,0.19725,0.66185,0.63144,0.19129,0.19685,0.56241,0.26339,0.19802,0.50998,0.68869,0.27566,0.26017,0.65718,0.24262,0.28673,0.48789,0.28899,0.21397,0.27893,0.44312,0.59756,0.22896,0.27078,0.24016,0.24618
0.22,0.35214,0.51234,0.22803,0.57365,0.31869,0.64402,0.43949,0.23407,0.44351,0.27411,0.67647,0.65445,0.44663,0.52604,0.22025,0.77831,0.63379,0.24009,0.22621,0.76679,0.30442,0.24118,0.57522,0.84021,0.34845,0.29147,0.66359,0.26519,0.31956,0.48007,0.36004,0.20236,0.33551,0.52525,0.67195,0.23752,0.30001,0.26532,0.2428
0.23,0.38403,0.52013,0.25875,0.61823,0.39255,0.78712,0.47092,0.26054,0.43798,0.29442,0.7796,0.71369,0.46896,0.60397,0.27954,0.8897,0.65271,0.27207,0.2772,0.95831,0.2837,0.30164,0.59848,0.99227,0.43286,0.3165,0.75232,0.295,0.34423,0.49147,0.40315,0.21568,0.35405,0.67902,0.69486,0.24715,0.32756,0.30519,0.24515
0.24,0.42442,0.57892,0.29118,0.6598,0.47035,0.95806,0.56101,0.26456,0.42129,0.29931,0.87371,0.8929,0.51676,0.7725,0.36265,0.87734,0.68176,0.26456,0.32049,1.1404,0.2852,0.27391,0.5516,1.0643,0.49567,0.36624,0.87215,0.33159,0.35686,0.59473,0.39592,0.22594,0.38942,0.83577,0.65395,0.27343,0.31629,0.43691,0.29724
0.25,0.48582,0.61745,0.35034,0.69656,0.54747,1.1328,0.76835,0.26189,0.50717,0.37091,0.78029,1.081,0.60129,1.0153,0.39074,0.73438,0.71074,0.33749,0.3492,1.2372,0.34125,0.27106,0.5404,1.0807,0.53618,0.41513,1.0545,0.31918,0.45478,0.71745,0.41734,0.28287,0.46378,1.0573,0.53825,0.32248,0.30928,0.56322,0.3154
0.26,0.47891,0.62391,0.39954,0.73132,0.56007,1.3058,0.92822,0.28548,0.70189,0.40456,0.76107,1.1578,0.67884,1.2187,0.39084,0.65257,0.79341,0.42648,0.40742,1.2018,0.37135,0.32053,0.63986,1.1043,0.57517,0.45305,1.2052,0.36305,0.55672,0.78288,0.48438,0.33768,0.51577,1.2439,0.60453,0.36608,0.34309,0.61468,0.31809
0.27,0.43318,0.6828,0.4315,0.76699,0.53296,1.4788,0.98614,0.31941,0.85362,0.46655,0.83265,1.2386,0.72457,1.2568,0.38454,0.66233,0.87506,0.5143,0.46471,1.1806,0.43029,0.3343,0.79708,1.1717,0.72615,0.48477,1.3648,0.3972,0.55721,0.85949,0.448,0.40096,0.48822,1.4817,0.80527,0.43456,0.35646,0.57943,0.34627
0.28,0.4265,0.7312,0.44562,0.79967,0.5699,1.6375,1.076,0.38747,0.89607,0.57682,0.91226,1.3851,0.73103,1.4019,0.36737,0.80359,0.94131,0.538,0.46701,1.3072,0.58133,0.37971,0.9242,1.2426,0.82571,0.47045,1.4884,0.43939,0.60888,0.9174,0.41235,0.41597,0.43676,1.6059,0.86777,0.47095,0.41186,0.59988,0.37324
0.29,0.45551,0.86948,0.43621,0.82647,0.6184,1.7791,1.2035,0.41326,0.81578,0.71151,1.0017,1.5239,0.80209,1.4948,0.33436,0.90995,0.98427,0.50036,0.51422,1.4385,0.64413,0.36673,0.89849,1.3527,0.95582,0.44466,1.489,0.49687,0.63857,0.89667,0.44557,0.41282,0.42661,1.6613,0.90425,0.53852,0.49537,0.57047,0.43915
0.3,0.47983,1.0309,0.4035,0.85401,0.76266,1.906,1.3219,0.39248,0.78019,0.80472,1.1035,1.6207,0.89167,1.6657,0.38821,0.88499,1.0953,0.46854,0.52201,1.5234,0.60942,0.4214,0.82147,1.543,1.1022,0.52971,1.5321,0.51458,0.64417,0.93376,0.49207,0.41303,0.43428,1.8658,1.0019,0.58412,0.61074,0.59995,0.48119
0.31,0.52942,1.1551,0.36145,0.88694,0.85068,2.008,1.4177,0.3452,0.82119,0.8101,1.2078,1.6776,0.91167,1.959,0.41692,0.82832,1.2366,0.45143,0.591,1.5389,0.56276,0.46925,0.84511,1.6407,1.2114,0.64537,1.756,0.53721,0.71285,0.93157,0.54314,0.41487,0.41327,2.0449,1.0896,0.65067,0.74876,0.61477,0.5711
0.32,0.60409,1.2404,0.33124,0.93558,0.86765,2.0659,1.4379,0.28608,0.85171,0.78834,1.306,1.7285,0.98535,2.2213,0.46609,0.85294,1.3313,0.4426,0.5921,1.4917,0.58706,0.45754,0.82558,1.645,1.2567,0.69792,1.9903,0.61221,0.77166,0.914,0.61683,0.43331,0.39002,2.0161,1.1149,0.75991,0.83121,0.64622,0.64474
0.33,0.67958,1.3073,0.30484,1.1885,0.83757,2.0691,1.2866,0.28983,0.8481,0.87276,1.3958,1.8092,1.0087,2.6024,0.49885,0.95975,1.4035,0.43344,0.60306,1.5036,0.61513,0.47379,1.0255,1.6969,1.3355,0.70694,2.1341,0.6933,0.90485,1.0911,0.68086,0.46733,0.44824,1.9877,1.0986,0.86703,0.82203,0.704,0.84012
0.34,0.75267,1.3872,0.29777,1.4433,0.81835,2.0411,1.2401,0.30701,0.81602,1.0373,1.4766,1.9514,1.0603,2.9678,0.49699,1.171,1.5211,0.4203,0.64192,1.5243,0.64638,0.46199,1.2018,1.6928,1.5406,0.73533,2.2609,0.74454,0.98638,1.2412,0.71687,0.58023,0.52869,1.9668,1.0359,0.90287,0.83098,0.76788,0.95579
0.35,0.82855,1.3448,0.28621,1.5289,0.83896,1.9831,1.3281,0.31265,0.77965,1.174,1.5457,2.2278,1.1255,3.2044,0.5389,1.3677,1.7105,0.45532,0.71651,1.6151,0.71182,0.46878,1.3268,1.7171,1.7276,0.77615,2.4458,0.76216,1.0653,1.312,0.69226,0.6442,0.57241,2.0025,1.0751,0.83808,0.80496,0.81049,0.96573
0.36,0.86677,1.4569,0.27508,1.4607,0.86513,2.0758,1.394,0.34512,0.81398,1.266,1.6042,2.4112,1.2044,3.2319,0.60072,1.4979,2.0004,0.45394,0.76866,1.8596,0.6762,0.46382,1.3416,1.9311,1.8866,0.81694,2.664,0.77068,1.2086,1.3461,0.74691,0.65728,0.57749,2.1789,1.1855,0.78024,0.74509,0.81825,0.9806
0.37,0.90596,1.6152,0.26263,1.3567,0.85583,2.1766,1.428,0.40213,0.86913,1.3443,1.6611,2.5426,1.3514,3.2729,0.64421,1.5667,2.2478,0.43553,0.73744,2.2909,0.72236,0.51523,1.3018,2.2931,2.0119,0.87885,2.8572,0.81254,1.3598,1.5174,0.76288,0.6543,0.5667,2.3592,1.3424,0.79752,0.67581,0.92063,1.0194
0.38,0.94234,1.9556,0.24748,1.3246,0.82005,2.3167,1.5491,0.44707,1.0085,1.4286,1.7312,2.7492,1.4698,3.4513,0.67845,1.6086,2.5284,0.42895,0.75597,2.5091,0.80708,0.57769,1.2679,2.6167,2.1447,0.98154,3.014,0.92007,1.5464,1.6717,0.74432,0.65702,0.5954,2.5491,1.4826,0.77903,0.69409,1.0144,0.95865
0.39,0.95517,2.2442,0.26578,1.372,0.84665,2.4619,1.7845,0.47167,1.2124,1.5034,1.825,2.9323,1.5583,3.533,0.70716,1.783,2.6556,0.41122,0.79484,2.6059,0.81068,0.63391,1.2207,2.9214,2.5888,1.1027,3.1649,1.0424,1.6179,1.6855,0.70356,0.64907,0.72058,2.7231,1.5413,0.76241,0.73157,1.0222,0.9005
0.4,0.94145,2.5037,0.28243,1.4245,0.81331,2.605,2.047,0.49875,1.4324,1.5226,1.9427,3.0885,1.6096,3.4182,0.74059,1.975,2.536,0.48473,0.8945,2.7496,0.74541,0.71536,1.2276,3.1661,2.931,1.1925,3.3319,1.1014,1.5976,1.6354,0.67202,0.68028,0.78254,2.8563,1.6782,0.739,0.76779,0.97124,0.97544
0.41,0.91414,2.8145,0.29356,1.4074,0.79684,2.7424,2.2577,0.55208,1.5754,1.4467,2.0712,3.2359,1.703,3.5958,0.78542,2.1946,2.5747,0.54543,0.97637,2.7956,0.72306,0.7734,1.2622,3.4017,3.1461,1.2245,3.5042,1.1352,1.5695,1.5667,0.6975,0.73366,0.76015,3.009,1.9445,0.72966,0.79503,0.94847,1.0979
0.42,0.86637,3.1213,0.29994,1.42,0.91034,2.8711,2.6507,0.6082,1.5711,1.5682,2.1995,3.3666,1.7711,3.9092,0.84224,2.4586,2.5515,0.61985,1.0339,2.8676,0.777,0.79593,1.3743,3.7316,3.2239,1.2131,3.6911,1.2351,1.5677,1.5303,0.77807,0.78901,0.78142,3.1855,2.1818,0.85478,0.84876,0.99577,1.1194
0.43,0.8301,3.3277,0.3039,1.4792,1.0155,2.9892,3.2488,0.64442,1.5112,1.645,2.3185,3.4865,1.8539,4.2269,0.90853,2.7589,2.4829,0.69182,1.1072,3.0528,0.7846,0.8479,1.3684,4.1279,3.1808,1.2026,3.9474,1.3143,1.5802,1.5938,0.8691,0.84464,0.77141,3.3178,2.3436,0.96327,0.93166,1.0047,1.0904
0.44,0.85285,3.3979,0.30847,1.5185,1.1018,3.0955,3.7121,0.65458,1.7237,1.6566,2.4276,3.6103,1.9307,4.5071,0.98396,3.0824,2.6405,0.72573,1.2532,3.2828,0.8754,0.87589,1.398,4.4792,3.0485,1.226,4.1873,1.3483,1.5153,1.7035,0.93961,0.96655,0.79792,3.4001,2.4248,1.0242,1.0086,0.95549,1.0739
0.45,0.93007,3.3372,0.31371,1.6403,1.1588,3.1903,3.9606,0.634,1.9114,1.6165,2.531,3.7219,2.0163,4.7223,1.0688,3.4013,2.7294,0.76539,1.3758,3.5673,0.91612,0.8718,1.412,4.9389,2.8718,1.2677,4.433,1.3369,1.4042,1.7582,1.0153,1.1656,0.8437,3.4273,2.5408,0.9736,1.1409,0.92506,1.0987
0.46,1.0219,3.2234,0.31917,1.7623,1.1886,3.2742,4.1878,0.63687,2.0521,1.5595,2.6831,3.8391,2.1224,4.866,1.1643,3.6724,3.0599,0.83183,1.3858,3.8831,0.93678,0.88064,1.4586,5.1879,2.6971,1.2959,4.7213,1.3335,1.3577,1.7858,1.1871,1.348,0.83187,3.4217,2.692,0.95312,1.3153,0.89012,1.1484
0.47,1.0892,3.3416,0.32539,1.8374,1.205,3.3484,4.4473,0.69934,2.1345,1.5223,2.8741,3.9446,2.2554,4.9868,1.2686,3.856,3.4597,0.87585,1.374,4.1246,1.0065,0.90626,1.6213,5.2319,2.619,1.3119,5.0826,1.4639,1.3666,1.8486,1.3117,1.4646,0.7922,3.3887,2.8953,0.97262,1.4529,0.86218,1.2242
0.48,1.1962,3.4372,0.34804,2.1528,1.2225,3.4142,4.6293,0.81567,2.1903,1.4847,3.0668,4.057,2.4143,5.0634,1.3776,3.9349,3.8258,0.92707,1.3274,4.2353,1.0288,0.91569,1.716,5.0967,2.5895,1.3356,5.5286,1.6448,1.3713,2.0528,1.3853,1.528,0.86361,3.3465,3.1647,1.0223,1.5554,0.84637,1.3046
0.49,1.2016,3.4602,0.37631,2.3768,1.2498,3.4726,4.7004,0.91817,2.5773,1.4601,3.2657,4.1648,2.5929,5.1526,1.4881,3.8735,4.1465,1.0009,1.4483,4.2407,1.0367,1.0174,1.7555,4.8414,2.5929,1.3784,6.0408,1.7336,1.4004,2.306,1.4284,1.5521,0.94198,3.2927,3.4425,1.0891,1.5973,0.79977,1.3558
0.5,1.2012,3.4475,0.39091,2.5052,1.2837,3.5246,4.7549,1.0013,3.1437,1.6474,3.4739,4.2878,2.7836,5.1178,1.595,3.81,4.4355,1.0717,1.7209,4.2707,1.1444,1.0798,1.8091,4.5048,2.6137,1.4393,6.5832,1.7341,1.4747,2.4911,1.4629,1.5715,1.0283,3.202,3.6511,1.116,1.6082,0.72023,1.3672
0.51,1.2186,3.3652,0.39278,2.5422,1.4109,3.5702,4.8521,1.0719,3.6821,1.8074,3.693,4.4262,2.9771,5.063,1.697,3.6549,4.6744,1.0974,1.9439,4.3818,1.2342,1.0752,1.9156,4.925,2.6295,1.5104,7.1186,1.7351,1.555,2.5853,1.5073,1.6196,1.1254,3.0922,3.7508,1.0776,1.6063,0.69231,1.351
0.52,1.3138,3.6274,0.38569,2.5009,1.5321,3.6091,4.9218,1.1387,4.0573,1.9402,3.9243,4.5842,3.1673,4.91,1.7943,3.4546,4.8784,1.2233,2.0947,4.5579,1.2396,1.065,2.11,5.4418,2.6646,1.5861,7.6171,1.798,1.6277,2.6113,1.5754,1.714,1.1865,2.9568,3.7314,0.99835,1.5901,0.74384,1.3652
0.53,1.3954,3.9663,0.40419,2.3999,1.6429,3.6406,4.8815,1.2033,4.2294,2.041,4.1662,4.7687,3.3559,4.7636,1.888,3.681,5.0411,1.3523,2.1898,4.8127,1.2899,1.0213,2.3077,5.7593,2.9331,1.6739,8.0616,1.8868,1.7465,2.606,1.6499,1.8417,1.2144,2.7958,3.6488,0.92253,1.5516,0.82684,1.3708
0.54,1.4471,4.2254,0.42788,2.3194,1.7443,3.6641,5.2883,1.2603,4.2307,2.1051,4.4168,4.986,3.54,4.7002,1.978,3.9004,5.1792,1.4437,2.245,5.0967,1.4732,0.94783,2.4802,5.9234,3.0586,1.788,8.4505,1.922,1.9449,2.9172,1.725,1.964,1.2808,2.6436,3.5259,0.91725,1.563,0.89624,1.3724
0.55,1.4544,4.3676,0.44681,2.2448,1.8416,3.6791,5.5464,1.3001,4.1065,2.132,4.6733,5.2255,3.7245,4.9408,2.0632,4.1768,5.2826,1.5039,2.2775,5.3116,1.6873,0.87151,2.5515,6.0263,3.0384,1.9356,8.7922,1.8878,2.1673,3.2573,1.8,2.0414,1.389,2.5244,3.4363,1.048,1.6375,0.926,1.3846
0.56,1.4706,4.3965,0.45961,2.1808,1.9397,3.6855,5.5029,1.3177,3.9977,2.1267,4.9372,5.4806,3.9112,4.9037,2.1408,4.4513,5.3629,1.5309,2.3065,5.3894,1.8828,0.84699,2.6627,6.1276,2.9007,2.1087,9.0967,1.8123,2.392,3.5313,1.8757,2.0544,1.5297,2.4654,3.4112,1.1607,1.7006,0.92323,1.433
0.57,1.5365,4.3458,0.46703,2.1279,2.0432,3.6835,5.3013,1.3173,3.9079,2.0998,5.2023,5.76,4.102,4.6811,2.2076,4.7173,5.4266,1.5315,2.3414,5.2609,2.0251,0.8253,2.884,6.1889,2.7216,2.2888,9.5038,1.7562,2.587,3.7119,1.9654,1.9901,1.645,2.5832,3.4313,1.2321,1.76,0.91482,1.4311
0.58,1.6253,4.261,0.46997,2.0715,2.1505,3.7053,5.7424,1.3091,3.7998,2.0624,5.4699,6.0395,4.3011,4.8496,2.2601,4.9737,5.4702,1.5112,2.3735,5.4046,2.0789,0.86937,2.9934,6.1139,2.5486,2.4625,9.995,1.8482,2.7453,3.7834,2.0766,1.9493,1.7137,2.5957,3.4813,1.2783,1.8144,0.91661,1.4926
0.59,1.7332,4.1656,0.47092,1.993,2.257,3.7722,6.2257,1.3057,3.6737,2.155,5.7345,6.3295,4.5101,5.2914,2.2961,5.2192,5.4998,1.4762,2.4285,5.9836,2.0654,0.9354,3.1318,5.9339,2.5922,2.6249,10.493,1.9101,2.8744,3.7246,2.1379,2.0321,1.7099,2.5329,3.5792,1.3222,1.8552,0.91489,1.5921
0.6,1.8084,4.5365,0.47169,1.8827,2.3558,3.8199,6.7747,1.3145,3.5475,2.2961,5.9991,6.6105,4.7289,5.6732,2.314,5.452,5.5221,1.4312,2.5594,6.4642,2.1511,1.0306,3.3593,6.2733,2.7182,2.7781,10.99,1.9133,2.9915,3.5881,2.2842,2.1932,1.6536,2.6359,3.7482,1.3584,1.8772,0.88565,1.7024
0.61,1.8145,4.9708,0.47342,1.777,2.4409,3.845,7.3828,1.3406,3.6018,2.4322,6.2588,6.9448,4.9574,6.017,2.3137,5.6697,5.5437,1.3825,2.648,6.8417,2.2609,1.1735,3.4713,6.5541,2.8306,2.9266,11.49,1.8655,3.096,3.6882,2.451,2.3509,1.5761,3.0048,3.979,1.3517,1.877,0.86061,1.8341
0.62,1.7481,5.2395,0.47554,1.6767,2.5088,3.8517,8.0188,1.3843,3.6293,2.551,6.5116,7.3392,5.1984,6.3187,2.2956,5.8701,5.5702,1.3352,2.6993,7.1665,2.4475,1.3264,3.5087,6.7978,2.9257,3.0709,11.98,1.8201,3.1827,3.7197,2.5455,2.4923,1.4327,3.3394,4.2324,1.284,1.9862,0.94761,1.9789
0.63,1.6377,5.317,0.47787,1.7759,2.5895,3.8512,8.5557,1.4436,3.6811,2.6426,6.7608,7.7247,5.4455,6.5768,2.2607,6.052,5.6053,1.294,2.732,7.3332,2.592,1.4392,3.4981,7.0803,3.0045,3.2106,12.451,1.9772,3.2602,3.7419,2.5874,2.6256,1.2896,3.6057,4.4726,1.1794,2.2328,0.98119,2.1036
0.64,1.7156,5.2186,0.4804,1.9073,2.6621,3.8856,8.8687,1.5102,3.6787,2.8532,7.002,8.1043,5.6996,6.9305,2.2121,6.2174,5.6612,1.2617,2.7684,7.4704,2.6894,1.5068,3.4377,7.3796,3.0656,3.3496,12.896,2.2256,3.3304,3.8156,2.5959,2.7367,1.2752,3.782,4.6955,1.0911,2.4278,0.97382,2.1781
0.65,1.7831,5.0203,0.48327,2.0369,2.7258,3.9059,8.9222,1.5752,3.6453,3.0664,7.2375,8.4732,5.9557,7.7808,2.1515,6.3673,5.9082,1.2404,2.8316,8.1108,2.7753,1.5508,3.3439,7.5353,3.1738,3.496,13.307,2.4231,3.4209,3.9899,2.5591,2.8611,1.3882,3.8358,4.9296,1.0595,2.5881,0.94283,2.3222
0.66,1.824,4.8355,0.51564,2.1622,2.7882,3.9163,9.1956,1.6308,3.5998,3.2485,7.4694,8.8277,6.2149,8.604,2.185,6.5005,6.1713,1.2309,2.9296,8.4514,2.7875,1.5698,3.4619,7.9987,3.5193,3.6527,13.682,2.5507,3.5397,4.2587,2.4848,2.9844,1.5074,3.7485,5.1993,1.0747,2.7401,0.90374,2.551
0.67,1.8368,4.7722,0.54755,2.2825,2.8562,3.9163,9.451,1.6762,3.6529,3.419,7.6937,9.1663,6.475,9.2227,2.2936,6.6194,6.4511,1.2313,3.0546,8.8293,2.8163,1.5405,3.5689,8.4473,3.8437,3.8155,14.019,2.7546,3.6952,4.5579,2.3821,3.0849,1.6124,3.53,5.5154,1.1022,2.9048,0.86939,2.7397
0.68,1.8237,4.8664,0.57852,2.3969,2.9333,4.0249,9.9315,1.7165,3.7635,3.6072,7.9141,9.4883,6.7359,9.5545,2.4089,6.7266,6.7415,1.2389,3.1887,9.0477,2.8941,1.455,3.6647,8.6139,4.142,3.9775,14.318,2.8985,3.8535,4.833,2.2977,3.1648,1.6955,3.2175,5.8698,1.1257,3.0879,0.84665,2.8958
0.69,1.7735,5.0757,0.60905,2.5037,3.0189,4.645,10.353,1.7594,3.8668,3.8431,8.1255,9.795,7,9.5577,2.5264,6.8246,7.0366,1.2505,3.3105,9.1636,3.0445,1.3951,3.7486,9.0205,4.4121,4.1352,14.582,2.9551,3.9938,5.0414,2.2605,3.2283,1.7558,2.8716,6.2294,1.1527,3.2825,0.84204,3.0212
0.7,1.6924,5.3814,0.64057,2.601,3.1848,5.2156,10.706,1.8115,3.9583,4.1456,8.3316,10.104,7.2732,9.2223,2.6466,6.9154,7.3233,1.2629,3.4078,9.2024,3.2588,1.4497,4.1121,9.3831,4.6533,4.2884,14.815,2.9346,4.0788,5.167,2.2248,3.2698,1.791,2.5514,6.5658,1.1928,3.4886,0.86419,3.1097
0.71,1.6058,5.6188,0.67474,2.6866,3.3926,5.6499,10.952,1.8762,4.0201,4.5114,8.5655,10.402,7.8912,8.5739,2.773,7.0006,7.6058,1.273,3.4732,9.4312,3.499,1.5026,4.5247,9.7403,4.8663,4.4405,15.018,2.8777,4.0987,5.2242,2.191,3.2869,1.8026,2.5455,6.8576,1.241,3.7038,0.91384,3.1532
0.72,1.5169,5.7324,0.7128,2.759,3.6078,5.8964,11.107,1.9491,4.0384,4.9199,8.7842,10.69,8.5556,8.685,2.9004,7.081,7.8744,1.2787,3.5132,9.575,3.6993,1.5568,4.889,10.139,5.0523,4.5952,15.195,2.8262,4.0652,5.25,2.1599,3.3228,1.7792,2.6437,7.0952,1.2863,3.9128,0.98626,3.1593
0.73,1.5487,5.7062,0.75538,2.819,3.8258,5.9505,11.368,2.024,3.9999,5.3377,8.9565,10.97,9.1227,9.0736,3.0297,7.157,8.1281,1.2789,3.5382,9.7186,3.7896,1.595,5.1989,10.514,5.213,4.7544,15.353,2.9049,4.0187,5.2994,2.1335,3.3986,1.7595,2.7355,7.2823,1.3188,4.0928,1.0783,3.1526
0.74,1.6499,5.5672,0.80229,2.8649,4.0428,5.8437,11.509,2.0938,4.2953,5.7279,9.0833,11.261,9.575,9.4602,3.1628,7.2287,8.3685,1.2738,3.5653,10.082,3.7318,1.6391,5.4463,11.164,5.35,4.9156,15.566,3.0304,3.9954,5.3973,2.3045,3.4597,1.7464,2.7925,7.4348,1.3319,4.2171,1.1833,3.1577
0.75,1.7377,5.5959,0.85298,2.8974,4.2554,5.6923,11.504,2.1529,4.6156,6.0582,9.2149,11.548,9.8991,9.7841,3.2948,7.2981,8.598,1.2636,3.6053,10.855,3.5388,1.7058,5.6301,12.649,5.4653,5.0772,15.719,3.1588,4.0375,5.5687,2.5163,3.5055,1.705,2.797,7.5739,1.3197,4.2624,1.2825,3.182
0.76,1.8145,5.6106,0.90605,2.919,4.4614,5.3971,11.347,2.2,4.9349,6.3066,9.3626,11.829,10.088,10.151,3.4256,7.3654,8.8206,1.2496,3.666,12.034,3.2952,1.7358,5.7499,13.971,5.5607,5.2395,15.786,3.2893,4.1489,5.7887,2.7211,3.5384,1.7306,2.7535,7.7276,1.3209,4.2203,1.3505,3.211
0.77,1.8856,5.5913,0.96075,2.9319,4.658,4.9934,11.279,2.2332,5.3254,6.4542,9.5012,12.112,10.14,10.598,3.5596,7.4278,9.0393,1.2324,3.7414,13.46,3.1928,1.7354,5.804,15.093,5.6386,5.4028,15.79,3.4371,4.2988,6.0236,2.9053,3.5594,1.968,2.6894,7.9202,1.3199,4.0921,1.3697,3.2197
0.78,1.931,5.6749,1.0158,2.9602,4.8408,4.5327,11.501,2.2544,6.0364,6.4951,9.6334,12.405,10.065,11.014,3.6916,7.4853,9.2481,1.2139,3.819,14.964,3.0526,1.7653,5.7989,16.067,5.7012,5.5649,15.892,3.588,4.4454,6.2354,3.0618,3.6098,2.1577,2.6464,8.1649,1.2895,3.9759,1.3377,3.1934
0.79,1.9764,6.0045,1.0706,3.0106,5.0053,4.132,11.616,2.2633,6.7633,6.4297,9.7566,12.692,9.9568,11.408,3.8218,7.5378,9.4434,1.1954,3.9014,16.443,3.1389,1.8694,5.7399,16.975,5.7497,5.7248,15.98,3.6874,4.5376,6.3901,3.1871,3.6626,2.2987,2.661,8.4623,1.24,4.0601,1.2648,3.1377
0.8,1.9917,6.3596,1.1246,3.1683,5.147,3.8139,11.638,2.2611,7.4727,6.267,9.8712,12.974,10.255,11.822,3.9503,7.5854,9.6198,1.279,3.9463,17.826,3.4434,1.9934,5.6341,17.902,5.7864,5.8836,16.02,3.8228,4.5441,6.4653,3.2853,3.7098,2.412,2.7414,8.7988,1.1873,4.1186,1.1956,3.0724
0.81,1.9978,6.7166,1.1776,3.4131,5.2633,3.7935,11.581,2.2461,8.1375,6.0215,9.9774,13.268,10.556,12.185,4.0794,7.628,9.771,1.3849,3.9383,19.043,3.8087,2.0768,5.6198,18.888,5.8131,6.0411,16.014,3.961,4.4525,6.5661,3.3727,3.7549,2.5244,2.862,9.1479,1.1462,4.1469,1.2561,3.0213
0.82,1.9813,7.0447,1.2298,3.6335,5.3499,3.84,11.457,2.217,8.7329,5.7166,10.076,13.557,10.852,12.505,4.2077,7.7123,9.89,1.491,4.0439,20.037,4.1588,2.1191,6.0639,19.914,5.8314,6.2002,15.962,4.1023,4.2725,6.6164,3.46,3.7984,2.6578,2.9803,9.4755,1.1786,4.1417,1.2888,2.9912
0.83,1.961,7.3195,1.2811,3.828,5.4088,3.8823,11.275,2.1732,9.2324,5.3832,10.168,13.837,11.14,12.854,4.3339,7.8738,9.9749,1.5955,4.0954,20.791,4.4526,2.1214,6.3826,20.922,5.842,6.3651,15.867,4.2457,4.0388,6.5557,3.5557,3.8349,2.8222,3.0624,9.7513,1.1902,4.1295,1.2928,2.98
0.84,2.0346,7.5199,1.3317,3.9955,5.4362,3.9197,11.044,2.1146,9.6208,5.5543,10.256,14.118,11.415,13.143,4.5813,8.018,10.015,1.698,4.0946,21.341,4.6786,2.0929,6.5499,22.033,5.8455,6.5386,15.789,4.3903,3.8061,6.4212,3.6588,3.8645,3.0072,3.2138,9.9487,1.1659,4.3287,1.2724,2.9745
0.85,2.0482,7.6301,1.382,4.1351,5.4307,3.9517,10.768,2.0419,9.889,5.7409,10.338,14.399,11.674,13.381,4.9093,8.1466,10.002,1.7993,4.0515,21.753,4.84,2.0528,6.5589,23.495,5.8419,6.723,15.708,4.5354,3.6469,6.2526,3.7447,3.8915,3.1902,3.3112,10.056,1.1087,4.5109,1.2353,2.9757
0.86,2.079,7.6407,1.4317,4.2478,5.3918,3.9795,10.45,1.9569,10.041,5.9292,10.415,14.667,11.917,13.652,5.2382,8.2609,9.9329,1.9007,3.9808,22.073,4.9523,2.0237,6.5528,24.776,5.8312,6.9199,15.606,4.6805,3.6329,6.0878,3.788,3.9085,3.3484,3.4996,10.069,1.0398,4.6566,1.2944,2.995
0.87,2.0993,7.5484,1.4811,4.332,5.5124,4.0024,10.092,1.9085,10.069,6.1167,10.491,14.927,12.144,13.865,5.5678,8.3614,9.803,2.0045,3.8995,22.302,5.0333,2.0371,6.645,25.848,5.8133,7.1288,15.481,4.8253,3.7964,5.9466,3.7599,3.9151,3.4689,3.8943,9.9936,1.0609,4.7483,1.329,3.0352
0.88,2.1033,7.3571,1.5299,4.3914,5.6289,4.019,9.6975,1.8752,9.982,6.3043,10.562,15.19,12.357,14.02,5.8951,8.4485,9.6121,2.1116,3.8198,22.402,5.0957,2.0702,6.6974,26.7,5.7883,7.3483,15.343,4.9697,4.1133,5.9665,3.6358,3.9194,3.5334,4.2752,9.8513,1.1075,4.7797,1.3266,3.0962
0.89,2.1122,7.0764,1.5784,4.4241,5.7307,4.0314,9.2702,1.8635,9.8099,6.4902,10.63,15.439,12.552,14.216,6.2191,8.5223,9.5123,2.2229,3.7485,22.34,5.1416,2.1468,6.8985,27.346,5.7552,7.5714,15.184,5.1139,4.514,6.0778,3.7412,3.9139,3.5292,4.6223,9.6644,1.1511,4.7532,1.303,3.1716
0.9,2.1059,6.7213,1.6266,4.4328,5.8163,4.0387,8.8159,1.8755,9.9523,6.6753,10.697,15.674,12.731,14.363,6.5388,8.5831,9.5221,2.3384,3.6835,22.11,5.1645,2.2432,7.2765,27.816,5.7138,7.7926,15.013,5.2573,4.9311,6.34,4.0289,3.8995,3.4522,4.9209,9.465,1.1909,4.6758,1.354,3.2541
0.91,2.086,6.3262,1.6741,4.4203,5.886,4.0399,8.9553,1.9369,10.124,6.8574,10.758,15.914,12.891,14.461,6.8537,8.6309,9.469,2.4554,3.6162,21.754,5.156,2.3462,7.6903,28.134,5.6637,8.0057,14.826,5.3998,5.3087,6.8258,4.2755,3.8813,3.299,5.1571,9.2811,1.2232,4.555,1.3785,3.3256
0.92,2.0656,5.892,1.7208,4.3897,5.9403,4.0382,9.0941,2.0001,10.178,7.0386,10.82,16.146,13.031,14.576,7.1667,8.6662,9.363,2.5714,3.5365,21.332,5.107,2.4484,8.1508,28.319,5.6101,8.2064,14.632,5.6106,5.6077,7.3508,4.4792,3.9046,3.0879,5.3185,9.1399,1.2442,4.4021,1.3773,3.3862
0.93,2.0426,5.4288,1.7668,4.3476,5.9796,4.0302,9.2279,2.0649,10.207,7.2163,10.875,16.37,13.15,14.675,7.4755,8.6919,9.2167,2.681,3.4366,20.912,5.0195,2.545,8.6667,28.388,5.5858,8.3916,14.427,5.945,5.8055,7.8886,4.6511,3.9434,2.8478,5.3959,9.0621,1.2505,4.2238,1.3537,3.4219
0.94,2.0092,4.9553,1.8122,4.2993,6.0059,4.0193,9.3589,2.1314,10.199,7.3916,10.925,16.622,13.247,14.732,7.7785,8.7165,9.5333,2.7806,3.3148,20.538,4.9063,2.6309,9.2316,28.346,5.5536,8.5636,14.213,6.2353,5.8994,8.402,4.7702,3.9751,2.7792,5.3858,9.0581,1.2433,4.0278,1.4027,3.4351
0.95,1.98,4.6097,1.8571,4.2497,6.0202,4.003,9.4902,2.1994,10.166,8.0704,10.972,16.884,13.32,14.77,8.0754,8.7329,9.8722,2.8639,3.179,20.178,4.7899,2.78,9.8256,28.186,5.5121,8.7221,13.994,6.4763,5.8883,8.8682,4.84,4.0076,2.777,5.292,9.1291,1.2295,3.8784,1.5364,3.4299
0.96,2.0179,4.2476,1.9018,4.202,6.0235,3.9839,9.6259,2.2683,10.128,8.7255,11.01,17.127,13.369,14.837,8.3658,8.7429,10.187,2.9266,3.1912,19.809,4.6953,2.9354,10.429,27.895,5.4616,8.8732,13.771,6.6711,5.7909,9.2705,4.8696,4.0357,2.7562,5.1269,9.2687,1.266,3.9656,1.7037,3.4079
0.97,2.0653,4.1309,1.9468,4.1576,6.0163,3.9601,9.7666,2.3376,10.102,9.333,11.043,17.351,13.393,14.868,8.653,8.7524,10.477,2.9646,3.2093,19.433,4.6432,3.0739,11.031,27.466,5.4022,9.0175,13.545,6.8168,5.6244,9.5982,4.8718,4.0605,2.723,4.9108,9.4659,1.3188,4.0413,1.8765,3.3769
0.98,2.1091,4.0396,1.9922,4.1176,6.0006,3.934,9.9147,2.4069,10.095,9.8823,11.07,17.558,13.393,14.865,8.9363,8.7659,10.755,2.9748,3.1823,19.082,4.642,3.1894,11.621,26.892,5.3345,9.1596,13.316,6.9041,5.4169,9.8293,4.8531,4.0856,2.6853,4.6665,9.7023,1.3551,4.106,2.0441,3.3427
0.99,2.1531,4.106,2.0378,4.0821,5.977,3.9036,10.074,2.4758,10.107,10.37,11.089,17.745,13.371,14.877,9.2133,8.7785,11.006,2.9554,3.2264,18.816,4.686,3.2785,12.192,26.178,5.259,9.3012,13.086,6.92,5.22,9.9649,4.8236,4.1049,2.6485,4.4202,9.9663,1.3754,4.1599,2.194,3.3047
1,2.2031,4.1913,2.0832,4.0502,5.9478,3.8719,10.246,2.5435,10.135,10.792,11.097,17.911,13.326,14.889,9.484,8.7919,11.23,2.9062,3.2327,18.698,4.7588,3.339,12.748,25.344,5.1762,9.4423,12.856,6.8553,5.3291,9.9908,4.7868,4.1252,2.612,4.5616,10.242,1.4406,4.2025,2.3135,3.2697
1.01,2.2491,4.2634,2.1278,4.0217,5.9124,4.002,10.43,2.6094,10.173,11.146,11.098,18.093,13.258,14.87,9.7488,8.8086,11.424,2.9802,3.2531,18.811,4.8382,3.3721,13.303,24.426,5.0865,9.585,12.628,6.7481,5.3515,9.9045,4.7525,4.1416,2.5751,4.741,10.521,1.5379,4.2342,2.394,3.2333
1.02,2.3024,4.321,2.1718,3.9983,5.871,4.2509,10.626,2.6729,10.214,11.425,11.09,18.302,13.166,14.822,10.01,8.8335,11.601,3.0669,3.4784,19.147,4.9054,3.3822,13.899,23.458,4.9907,9.7268,12.4,6.9993,5.3142,9.7179,4.8186,4.1538,2.5346,4.9313,10.796,1.6306,4.2551,2.4343,3.1967
1.03,2.353,4.3652,2.2143,3.9819,5.8225,4.4724,10.836,2.7334,10.253,11.627,11.072,18.515,13.052,14.804,10.27,8.8603,12.269,3.1116,3.7092,19.646,4.945,3.3907,14.582,22.484,4.889,9.8643,12.173,7.2458,5.2443,9.427,4.9669,4.167,2.4857,5.1187,11.063,1.7122,4.2651,2.4412,3.1749
1.04,2.4097,4.3941,2.2561,3.9729,5.7673,4.6593,11.057,2.7901,10.294,11.749,11.045,18.727,12.918,14.769,10.524,8.8885,13.33,3.1136,3.9208,20.212,4.9508,3.3756,15.369,21.546,4.782,9.9969,11.948,7.489,5.214,9.0433,5.0612,4.1743,2.423,5.3054,11.319,1.7808,4.2645,2.4258,3.1584
1.05,2.4633,4.4094,2.2965,3.9716,5.7047,4.8036,11.287,2.8422,10.329,11.788,11.009,18.935,12.832,14.704,10.774,8.9173,14.408,3.0738,4.0951,20.746,4.919,3.341,16.207,20.913,4.67,10.119,11.726,7.7342,5.5262,8.8626,5.0974,4.1807,2.3434,5.4991,11.564,1.8385,4.2543,2.4035,3.127
1.06,2.5223,4.412,2.3361,3.9797,5.635,4.9023,11.522,2.889,10.358,11.744,10.966,19.137,13.416,14.617,11.019,8.9544,15.49,2.9974,4.2219,21.175,4.8489,3.2901,16.989,22.281,4.5535,10.23,11.507,7.9768,5.956,9.1607,5.0693,4.1846,2.2482,5.6997,11.796,1.8889,4.2328,2.3865,3.0795
1.07,2.5771,4.4017,2.3748,3.9987,5.5588,4.9546,11.762,3.01,10.385,11.617,10.914,19.331,13.913,14.562,11.26,8.9908,16.57,2.8907,4.2967,21.466,4.7403,3.2482,17.598,23.781,4.4326,10.327,11.289,8.2189,6.4119,9.4562,4.9727,4.1827,2.3261,5.9011,12.018,1.9347,4.1965,2.3803,3.0167
1.08,2.6294,4.3804,2.4126,4.0865,5.4759,4.9618,12.003,3.213,10.424,11.413,10.853,19.529,14.82,14.478,11.495,9.0267,17.642,2.7628,4.3214,21.619,4.5936,3.219,17.973,25.205,4.3172,10.411,11.078,8.4639,6.8592,9.7509,4.8126,4.1828,2.4498,6.0924,12.227,1.9765,4.3123,2.3821,2.9445
1.09,2.6837,4.349,2.4498,4.1931,5.3866,4.9258,12.242,3.4062,10.468,11.133,10.814,19.721,15.718,14.366,11.73,9.0634,18.694,2.6204,4.3033,21.668,4.4119,3.1794,18.121,26.533,4.2931,10.484,10.868,8.7073,7.2801,10.054,4.5932,4.1771,2.5545,6.258,12.424,2.0126,4.6106,2.3822,2.8746
1.1,2.7289,4.3176,2.4864,4.2968,5.2928,4.8505,12.475,3.5851,10.525,10.788,10.853,19.9,16.493,14.253,11.96,9.1025,19.723,2.5193,4.2561,21.661,4.1998,3.128,18.118,27.741,4.2292,10.545,10.665,8.9491,7.6604,10.362,4.4952,4.1691,2.635,6.3776,12.606,2.0405,4.8971,2.367,2.8148
1.11,2.7684,4.3381,2.5226,4.3971,5.1931,4.7429,12.7,3.7478,10.603,10.38,10.889,20.074,17.137,14.148,12.186,9.1463,20.724,2.4406,4.2705,21.644,3.9556,3.0647,18.039,28.807,4.3261,10.597,10.464,9.1887,8.0001,10.68,4.3833,4.1593,2.6975,6.4315,12.778,2.0592,5.1643,2.3249,2.7745
1.12,2.8104,4.3181,2.5586,4.4945,5.0894,4.6081,12.916,3.9011,10.693,10.089,10.916,20.246,17.646,14.017,12.406,9.1955,21.69,2.3951,4.3931,21.646,3.7672,2.9915,17.931,29.704,4.4126,10.641,10.271,9.4221,8.2978,10.995,4.2621,4.1436,2.7492,6.4038,13.037,2.0705,5.4069,2.25,2.7621
1.13,2.8418,4.2601,2.5944,4.5902,4.9813,4.455,13.121,4.0403,10.802,10.216,10.941,20.401,18.022,13.86,12.621,9.2536,22.684,2.4508,4.5089,21.711,3.8071,2.9116,17.785,30.415,4.4749,10.682,10.082,9.6489,8.554,11.3,4.1393,4.1293,2.7951,6.2846,13.275,2.0798,5.6233,2.1838,2.7753
1.14,2.8621,4.1689,2.6303,4.6845,4.8689,4.2917,13.311,4.1693,10.923,10.341,10.958,20.553,18.265,13.726,12.831,9.3284,23.804,2.5061,4.6187,22.033,3.8026,2.8304,17.559,30.935,4.5134,10.719,9.8993,9.8687,8.7653,11.592,4.0404,4.1092,2.8382,6.0745,13.488,2.0947,5.8149,2.236,2.8073
1.15,2.8922,4.0518,2.6662,4.7777,4.753,4.1276,13.485,4.2977,11.045,10.465,10.973,20.7,18.38,13.576,13.036,9.4942,24.876,2.5612,4.724,22.367,3.8334,2.7544,17.218,31.276,4.5322,10.756,9.7257,10.083,8.9691,11.869,3.9847,4.0876,2.876,5.8937,13.675,2.1241,5.9869,2.2968,2.8498
1.16,2.9361,3.9541,2.7023,4.8679,4.7734,3.9702,13.642,4.4139,11.168,10.587,10.981,20.828,18.373,13.404,13.237,9.7054,25.891,2.6158,4.8251,22.675,4.031,2.6911,16.765,31.463,4.5341,10.793,9.5595,10.293,9.1862,12.139,3.9875,4.0629,2.9082,5.6588,13.839,2.1726,6.1427,2.3645,2.9003
1.17,2.9762,3.8906,2.7385,4.9523,5.0151,3.8294,13.781,4.5119,11.282,10.707,10.986,20.961,18.251,13.232,13.434,9.9274,26.844,2.6698,4.9215,22.921,4.2033,2.6462,16.262,31.535,4.5228,10.833,9.4015,10.499,9.3405,12.399,4.0478,4.0346,2.9317,5.3813,13.978,2.2429,6.2828,2.4351,3.0109
1.18,3.0193,3.8278,2.7749,5.0714,5.2409,3.712,13.898,4.588,11.377,10.826,10.986,21.079,18.022,13.067,13.628,10.156,27.733,2.7232,5.0261,23.074,4.3475,2.6246,16.272,31.522,4.5024,10.877,9.2526,10.7,9.4399,12.651,4.2355,4.0055,2.9533,5.1886,14.089,2.3314,6.4052,2.5039,3.1189
1.19,3.0563,3.7668,2.8112,5.2067,5.4513,3.6244,13.996,4.6411,11.446,10.942,10.982,21.186,17.701,12.883,13.817,10.387,28.564,2.7761,5.3546,23.118,4.4618,2.6276,16.224,31.449,4.4757,10.926,9.1138,10.897,9.4949,12.899,4.434,4.0703,2.9734,5.0519,14.175,2.4328,6.5105,2.5647,3.216
1.2,3.0871,3.709,2.8476,5.3324,5.6467,3.5716,14.072,4.6951,11.483,11.056,10.974,21.292,17.305,12.692,14.002,10.619,29.322,2.8286,5.6958,23.053,4.5458,2.6545,16.119,31.343,4.5269,10.98,8.9859,11.088,9.5179,13.145,4.6155,4.1301,2.9966,4.913,14.235,2.5402,6.6037,2.6128,3.2979
1.21,3.1171,3.6555,2.8838,5.4401,5.8279,3.5551,14.124,4.7552,11.564,11.169,10.963,21.377,16.935,12.685,14.183,10.848,30.003,2.8804,6.0327,22.893,4.5957,2.7017,15.961,31.199,4.6096,11.04,8.8699,11.271,9.522,13.388,4.7884,4.16,3.0242,4.7852,14.267,2.648,6.691,2.6544,3.3608
1.22,3.1466,3.6059,2.9198,5.5273,5.9954,3.5744,14.154,4.8073,11.717,11.279,10.949,21.469,16.522,12.732,14.36,11.072,30.612,2.9315,6.3517,22.662,4.6104,2.7657,15.753,31.02,4.6786,11.107,8.766,11.448,9.5199,13.627,4.9647,4.1581,3.0519,4.6773,14.275,2.7522,6.7776,2.7097,3.4053
1.23,3.1698,3.5606,2.9556,5.5909,6.1496,3.6279,14.162,4.851,11.832,11.387,10.931,21.54,16.054,12.791,14.568,11.289,31.159,2.9818,6.6421,22.386,4.5884,2.8422,15.496,30.787,4.7351,11.183,8.6746,11.619,9.5231,13.861,5.1137,4.1305,3.0755,4.5938,14.261,2.8532,6.8668,2.7888,3.4336
1.24,3.1869,3.5199,2.9912,5.6325,6.291,3.7104,14.147,4.8874,11.906,11.493,10.911,21.61,15.544,12.815,14.866,11.501,31.631,3.0314,6.8971,22.09,4.5322,2.9291,15.193,30.492,4.781,11.266,8.5966,11.787,9.5414,14.085,5.2284,4.1546,3.0869,4.5327,14.233,2.9554,6.962,2.895,3.4488
1.25,3.2042,3.4842,3.0264,5.6513,6.4203,3.8165,14.113,4.9165,11.946,11.597,10.888,21.667,15.008,12.86,15.16,11.7,32.029,3.0802,7.1104,22.1,4.4468,3.0249,14.846,30.121,4.8182,11.357,8.5324,11.946,9.591,14.298,5.3192,4.171,3.0799,4.4895,14.393,3.0705,7.0682,2.964,3.4547
1.26,3.2201,3.4535,3.0613,5.6499,6.5381,3.94,14.059,4.939,11.944,11.698,10.864,21.715,14.458,13.144,15.442,11.889,32.367,3.1281,7.2806,22.219,4.3414,3.1299,14.458,29.672,4.8486,11.457,8.482,12.097,9.6694,14.502,5.5439,4.1603,3.044,4.4569,14.765,3.2066,7.1865,2.9969,3.4561
1.27,3.2302,3.428,3.0962,5.6325,6.6452,4.0741,13.989,4.9558,11.9,11.797,10.836,21.759,13.99,13.765,15.712,12.07,32.644,3.175,7.4066,22.364,4.2878,3.2452,14.033,29.147,4.8737,11.566,8.4455,12.242,9.7837,14.698,5.7477,4.125,2.9735,4.4501,15.061,3.3554,7.3119,2.9961,3.4574
1.28,3.2347,3.4075,3.1311,5.6014,6.7419,4.2122,13.902,4.9679,11.828,11.893,10.808,21.787,14.049,14.328,15.969,12.232,32.854,3.2208,7.4883,22.533,4.4787,3.3719,13.572,28.68,4.8945,11.684,8.423,12.385,9.933,14.889,5.9413,4.0673,2.8625,4.7327,15.282,3.5074,7.4445,2.9637,3.4603
1.29,3.2396,3.3923,3.166,5.5554,6.8287,4.3495,13.801,4.9759,11.724,11.987,10.778,21.817,14.104,14.856,16.214,12.392,33,3.2655,7.5275,22.719,4.6307,3.5109,13.666,28.782,4.9123,11.81,8.4261,12.519,10.111,15.072,6.1353,3.9875,2.865,5.0065,15.425,3.6485,7.5838,2.9038,3.4679
1.3,3.2436,3.3819,3.2008,5.5123,6.9058,4.4799,13.685,4.9802,11.594,12.078,10.747,21.826,14.154,15.313,16.45,12.531,33.095,3.309,7.5267,22.903,4.75,3.6622,14.034,28.84,4.9271,11.943,8.4704,12.648,10.318,15.248,6.3364,3.8877,3.0284,5.2671,15.487,3.7663,7.7282,2.8823,3.4824
1.31,3.2425,3.3762,3.2359,5.5329,6.9726,4.5991,13.553,4.9825,11.451,12.167,10.714,21.842,14.201,15.748,16.676,12.667,33.14,3.3513,7.489,23.067,4.8439,3.8248,14.336,28.857,4.9383,12.085,8.5132,12.771,10.54,15.416,6.5412,3.7699,3.1479,5.514,15.48,3.8514,7.8805,2.8874,3.5053
1.32,3.2367,3.3749,3.2716,5.5468,7.0289,4.7034,13.936,4.9823,11.293,12.255,10.681,21.84,14.244,16.102,16.89,12.784,33.133,3.3925,7.4138,23.186,4.9126,3.9964,14.534,28.84,4.9459,12.233,8.5562,12.893,10.77,15.577,6.7418,3.636,3.2246,5.7479,15.408,3.8974,8.038,2.8784,3.5368
1.33,3.2333,3.3778,3.3076,5.5537,7.0742,4.7899,14.381,4.981,11.138,12.34,10.647,21.838,14.282,16.45,17.091,12.896,33.078,3.4325,7.3015,23.239,4.9631,4.1735,14.628,28.797,4.9492,12.388,8.5973,13.012,11,15.735,6.9211,3.4911,3.2649,5.9698,15.275,4.0251,8.2011,2.8673,3.5764
1.34,3.2278,3.3848,3.3443,5.5529,7.1088,4.8561,14.791,4.9784,10.985,12.424,10.612,21.825,14.318,16.713,17.281,12.992,32.981,3.4712,7.1544,23.216,5.0114,4.3514,14.643,28.729,4.9469,12.551,8.6364,13.127,11.224,15.889,7.0633,3.4286,3.2696,6.1787,15.087,4.1405,8.3673,2.865,3.6224
1.35,3.218,3.3954,3.3817,5.5452,7.133,4.9011,15.171,4.9758,10.842,12.506,10.577,21.805,14.349,16.965,17.46,13.081,32.855,3.5088,6.9746,23.1,5.0508,4.5259,14.615,28.636,4.9396,12.719,8.6734,13.24,11.433,16.037,7.1536,3.4357,3.2407,6.3725,14.927,4.2355,8.5343,2.8635,3.6724
1.36,3.2073,3.4096,3.4201,5.529,7.1476,4.9225,15.518,4.9724,10.726,12.585,10.541,21.782,14.375,17.151,17.631,13.159,32.698,3.545,6.7669,22.898,5.0785,4.6912,14.574,28.514,4.9256,12.893,8.7227,13.349,11.621,16.182,7.1792,3.4416,3.1845,6.5506,14.779,4.3112,8.6999,2.866,3.7252
1.37,3.1985,3.4529,3.4596,5.5057,7.1535,4.9212,15.837,4.9695,10.634,12.664,10.506,21.744,14.398,17.304,17.79,13.227,32.51,3.5801,6.5369,22.607,5.098,4.843,14.536,28.36,4.9048,13.071,8.8131,13.455,11.784,16.323,7.4899,3.4465,3.108,6.7116,14.586,4.3672,8.8648,2.8737,3.7745
1.38,3.1861,3.5068,3.5003,5.4735,7.151,4.8957,16.127,4.9665,10.571,12.741,10.469,21.713,14.417,17.421,17.937,13.29,32.296,3.6139,6.2906,22.244,5.1124,4.9772,14.497,28.171,4.8781,13.255,8.9132,13.56,11.917,16.461,7.8224,3.4513,3.1236,6.8578,14.357,4.4027,9.0318,2.8833,3.8171
1.39,3.1721,3.5617,3.5422,5.4334,7.1407,4.847,16.389,4.9636,10.543,12.817,10.434,21.666,14.43,17.488,18.072,13.341,32.06,3.6464,6.0332,21.821,5.1224,5.0898,14.443,27.956,4.8467,13.442,9.0221,13.663,12.015,16.596,8.1171,3.4567,3.191,6.9912,14.101,4.4189,9.1922,2.8928,3.8508
1.4,3.1611,3.6177,3.5856,5.3836,7.1237,4.7755,16.627,4.9609,10.552,12.892,10.397,21.619,14.442,17.544,18.194,13.389,31.805,3.6777,5.7705,21.684,5.1293,5.1779,14.606,27.724,4.8147,13.632,9.1391,13.766,12.082,16.729,8.3714,3.461,3.2585,7.1157,13.824,4.4178,9.3438,2.9013,3.8862
1.41,3.147,3.6754,3.6304,5.3248,7.1005,4.6815,16.837,4.9577,10.597,12.967,10.362,21.566,14.448,17.548,18.305,13.434,31.532,3.7077,5.6545,21.574,5.1386,5.2397,14.998,27.949,4.7907,13.823,9.2636,13.868,12.111,16.86,8.5832,3.4643,3.3218,7.2339,13.533,4.4027,9.488,2.9095,3.9171
1.42,3.1317,3.7355,3.6769,5.2562,7.0714,4.5667,17.023,4.9544,10.682,13.04,10.326,21.503,14.45,17.552,18.404,13.474,31.247,3.7363,5.6135,21.424,5.1511,5.2743,15.311,28.358,4.8132,14.016,9.3947,13.973,12.102,16.991,8.7508,3.4666,3.3805,7.3459,13.235,4.3765,9.6253,2.917,3.939
1.43,3.1195,3.7974,3.7251,5.1773,7.0377,4.4324,17.186,4.9502,10.799,13.114,10.291,21.445,14.449,17.517,18.493,13.515,30.95,3.7731,5.5628,21.258,5.1589,5.2814,15.536,28.709,5.0322,14.209,9.5317,14.078,12.055,17.123,8.8759,3.4679,3.429,7.4499,12.94,4.3424,9.7583,2.9224,3.9488
1.44,3.1047,3.8613,3.7745,5.088,6.9997,4.4224,17.326,4.9447,10.945,13.187,10.256,21.374,14.442,17.477,18.572,13.556,30.647,3.9318,5.5045,21.091,5.1572,5.2618,15.673,29.032,5.2716,14.401,9.6739,14.181,11.975,17.259,8.9542,3.4688,3.4675,7.5416,12.653,4.3027,9.8899,2.9249,3.9533
1.45,3.0875,3.9271,3.8252,5.0757,6.9584,4.4202,17.444,4.9381,11.114,13.26,10.221,21.302,14.434,17.418,18.641,13.597,30.351,4.0838,5.4401,20.941,5.2179,5.2164,15.728,29.347,5.5185,14.591,9.8206,14.28,11.864,17.395,8.9906,3.4705,3.4952,7.6158,12.378,4.2604,10.021,2.9238,3.9512
1.46,3.0744,4.0313,3.8768,5.1726,6.9152,4.3968,17.541,4.9292,11.3,13.332,10.187,21.23,14.422,17.342,18.702,13.634,30.054,4.2289,5.371,20.824,5.3872,5.1466,15.718,29.676,5.737,14.779,9.971,14.541,11.727,17.53,8.9817,3.4711,3.512,7.6649,12.12,4.2166,10.153,2.9186,3.946
1.47,3.0596,4.1522,3.9291,5.2698,6.8703,4.3528,17.619,4.918,11.505,13.404,10.152,21.295,14.407,17.302,18.756,13.671,29.759,4.3668,5.2997,20.749,5.536,5.0546,15.665,30.031,5.9244,14.963,10.125,14.882,11.575,17.662,8.9691,3.4708,3.5195,7.6827,11.883,4.1735,10.285,2.9086,3.9415
1.48,3.0428,4.277,3.9821,5.3682,6.8251,4.2893,17.676,4.9041,11.714,13.476,10.119,21.361,14.389,17.447,18.803,13.853,29.48,4.4981,5.2264,20.721,5.6642,5.1449,15.607,30.415,6.0779,15.143,10.28,15.221,11.413,17.919,9.0681,3.4694,3.5188,7.6604,11.669,4.1313,10.418,2.894,3.9367
1.49,3.0324,4.405,4.0357,5.4663,6.7804,4.2061,17.713,4.8867,11.923,13.547,10.085,21.428,14.401,17.517,18.843,14.097,29.217,4.623,5.1526,20.747,5.7729,5.3831,15.584,30.913,6.1949,15.319,10.438,15.561,11.249,18.325,9.1445,3.4671,3.5119,7.5949,11.598,4.0906,10.551,2.8737,3.9348
1.5,3.0474,4.5364,4.0898,5.5651,6.7372,4.1041,17.78,4.866,12.13,13.619,10.053,21.489,14.574,17.586,18.876,14.337,28.966,4.7412,5.0794,20.82,5.8623,5.5827,15.635,31.748,6.31,15.49,10.597,15.898,11.097,18.739,9.2017,3.4637,3.5021,7.4827,11.561,4.052,10.683,2.8481,3.9366
1.51,3.0567,4.6701,4.1444,5.6634,6.6965,3.9877,18.385,4.8412,12.324,13.691,10.02,21.544,14.697,17.579,18.903,14.572,28.746,4.8522,5.0121,20.933,5.9322,5.7462,15.791,32.611,6.4557,15.656,10.757,16.231,10.966,19.155,9.2436,3.4605,3.4905,7.3253,11.541,4.0149,10.813,2.8176,3.9402
1.52,3.0607,4.8043,4.1995,5.7614,6.6598,4.0321,18.959,4.8115,12.507,13.763,9.9873,21.606,14.766,17.572,18.925,14.802,28.544,4.9551,5.0631,21.082,5.9838,5.878,16.058,33.479,6.5917,15.816,10.918,16.56,10.866,19.58,9.2712,3.4571,3.4787,7.1223,11.539,3.9795,10.937,2.7832,3.9465
1.53,3.0596,4.94,4.2548,5.8589,6.6276,4.0737,19.499,4.7777,12.67,13.835,9.9561,21.663,14.787,17.503,18.942,15.048,28.373,5.0489,5.1137,21.254,6.0191,5.9802,16.418,34.34,6.7175,15.97,11.079,16.887,10.81,20.018,9.3519,3.4527,3.468,6.8778,11.553,3.9455,11.057,2.7723,3.9557
1.54,3.0612,5.0743,4.3103,5.955,6.6015,4.1125,20.004,4.7385,12.808,13.908,9.9245,21.714,14.759,17.417,18.956,15.487,28.228,5.1334,5.1643,21.438,6.0407,6.0526,16.834,35.167,6.8334,16.118,11.239,17.216,10.806,20.466,9.4906,3.4471,3.4592,6.5961,11.583,3.9124,11.168,2.7597,3.9645
1.55,3.137,5.2075,4.3657,6.0508,6.5826,4.149,20.472,4.6936,12.926,13.981,9.8931,21.765,14.687,17.293,18.967,15.916,28.116,5.2088,5.215,21.625,6.0514,6.0942,17.252,35.954,6.9402,16.261,11.398,17.543,10.864,20.92,9.5803,3.4404,3.453,6.2838,11.63,3.8807,11.269,2.7458,3.9729
1.56,3.1979,5.3372,4.4209,6.1447,6.5719,4.1828,20.902,4.6438,13.014,14.054,9.8629,21.818,14.575,17.133,18.979,16.325,28.031,5.2764,5.2654,21.805,6.0538,6.1061,17.62,36.681,7.0386,16.399,11.557,17.873,10.99,21.372,9.6334,3.4327,3.4511,5.9494,11.694,3.85,11.359,2.7314,3.9892
1.57,3.2393,5.4635,4.4761,6.2365,6.5707,4.2137,21.292,4.5881,13.071,14.127,9.8323,21.865,14.423,16.963,18.99,16.722,27.984,5.3378,5.3154,21.966,6.0517,6.1841,17.891,37.352,7.1294,16.532,11.714,18.202,11.189,21.823,9.6648,3.4239,3.4518,5.9333,11.772,3.8207,11.436,2.7171,4.0258
1.58,3.2717,5.5835,4.5309,6.3272,6.5803,4.2417,21.641,4.5271,13.099,14.201,9.8019,21.906,14.235,16.736,19,17.097,27.962,5.3938,5.3656,22.108,6.0497,6.2345,18.034,37.961,7.2133,16.661,11.87,18.527,11.462,22.268,9.6913,3.4146,3.4562,6.1413,11.864,3.7934,11.498,2.7036,4.0651
1.59,3.2816,5.6981,4.5854,6.4153,6.6011,4.3543,21.948,4.4612,13.098,14.275,9.7727,21.952,14.125,16.524,19.008,17.456,27.981,5.4442,5.4154,22.219,6.0525,6.2573,18.035,38.518,7.2907,16.785,12.023,18.849,11.804,22.704,9.7268,3.4055,3.4631,6.3403,11.967,3.7689,11.543,2.6912,4.1058
1.6,3.2814,5.8039,4.6392,6.5007,6.6345,4.4809,22.211,4.3915,13.064,14.349,9.7432,21.995,14.096,16.383,19.016,17.788,28.027,5.4882,5.4648,22.297,6.0659,6.2572,17.899,39.027,7.3623,16.906,12.175,19.169,12.214,23.13,9.7849,3.4217,3.4723,6.5294,12.08,3.7481,11.57,2.6801,4.1472
1.61,3.2658,5.9011,4.6929,6.584,6.6808,4.6035,22.432,4.3193,12.998,14.422,9.7134,22.032,14.067,16.438,19.023,18.099,28.103,5.5254,5.514,22.345,6.095,6.3424,17.645,39.502,7.4284,17.024,12.325,19.486,12.684,23.545,9.8739,3.5042,3.4825,6.7075,12.199,3.7319,11.578,2.6704,4.1898
1.62,3.2493,5.9883,4.7461,6.6646,6.7412,4.7216,22.61,4.2459,12.902,14.496,9.6852,22.066,14.038,16.495,19.106,18.387,28.214,5.5564,5.5633,22.359,6.1452,6.4141,17.302,39.951,7.4891,17.14,12.471,19.8,13.207,23.949,9.9992,3.574,3.4935,6.8742,12.325,3.7214,11.568,2.6615,4.2337
1.63,3.2412,6.0638,4.7986,6.742,6.8154,4.835,22.745,4.172,12.777,14.57,9.6566,22.105,14.01,16.55,19.285,18.647,28.632,5.5816,5.6125,22.339,6.2201,6.4356,16.903,40.384,7.545,17.253,12.616,20.11,13.774,24.341,10.162,3.6324,3.504,7.0289,12.455,3.7175,11.54,2.6532,4.2797
1.64,3.2389,6.1268,4.8509,6.8164,6.9039,4.9436,22.84,4.0964,12.623,14.643,9.7597,22.138,13.985,16.589,19.45,18.887,29.323,5.6015,5.6617,22.288,6.3225,6.4112,16.568,40.81,7.5963,17.364,12.757,20.415,14.376,24.723,10.361,3.6773,3.5141,7.1715,12.588,3.7212,11.493,2.6446,4.3237
1.65,3.2371,6.1768,4.9028,6.8877,7.007,5.0471,22.894,4.0175,12.7,14.716,10.077,22.165,13.965,16.618,19.602,19.104,30.012,5.6175,5.7111,22.211,6.4529,6.348,16.964,41.228,7.6429,17.474,12.895,20.715,15.01,25.094,10.592,3.7069,3.5229,7.3029,12.722,3.7331,11.428,2.6357,4.3636
1.66,3.2254,6.213,4.9542,6.956,7.1241,5.1454,22.912,3.9345,12.754,14.789,10.366,22.192,13.95,16.658,19.741,19.295,30.693,5.6306,5.7609,22.11,6.611,6.2489,17.328,41.639,7.6851,17.581,13.032,21.008,15.658,25.452,10.85,3.7242,3.5308,7.4253,12.857,3.7537,11.347,2.6259,4.459
1.67,3.1999,6.2343,5.0053,7.0213,7.2547,5.2386,22.891,3.8471,12.786,14.862,10.624,22.221,13.939,16.683,19.868,19.469,31.365,5.6409,5.8113,21.987,6.7939,6.1182,17.661,42.045,7.7233,17.688,13.246,21.296,16.323,25.8,11.13,3.7265,3.5374,7.5417,12.993,3.7833,11.252,2.7107,4.695
1.68,3.1652,6.24,5.0562,7.0839,7.399,5.3267,22.833,3.9046,12.793,14.935,10.848,22.245,13.93,16.694,19.984,19.619,32.026,5.648,5.8625,21.847,6.9981,6.0946,17.96,42.438,7.758,17.793,13.578,21.578,16.99,26.138,11.431,3.7146,3.5433,7.6519,13.129,3.8219,11.143,2.7935,4.922
1.69,3.1181,6.2302,5.1067,7.1437,7.5555,5.4097,22.74,4.0839,12.774,15.007,11.035,22.263,13.925,16.695,20.091,19.745,32.676,5.651,5.9447,21.696,7.2189,6.1021,18.224,42.811,7.7897,17.898,13.89,21.853,17.654,26.465,11.748,3.6897,3.5795,7.7523,13.479,3.8691,11.024,2.8786,5.1323
1.7,3.1322,6.2056,5.157,7.2012,7.7244,5.4873,22.606,4.2565,12.73,15.081,11.185,22.282,13.922,16.71,20.188,19.851,33.321,5.6495,6.0585,21.533,7.451,6.1112,18.453,43.157,7.8187,18.002,14.18,22.122,18.309,26.781,12.079,3.6534,3.7082,7.8405,13.87,3.9245,10.895,2.9857,5.319
1.71,3.1444,6.2104,5.2074,7.257,7.9043,5.5594,22.434,4.4193,12.665,15.154,11.299,22.301,13.923,16.712,20.545,19.936,33.948,5.6434,6.1738,21.363,7.6892,6.117,18.647,43.465,7.8458,18.105,14.447,22.383,18.953,27.087,12.424,3.6073,3.8373,7.9143,14.273,3.9874,10.76,3.12,5.4783
1.72,3.1514,6.3177,5.2574,7.312,8.0946,5.626,22.231,4.5701,12.574,15.228,11.379,22.315,13.927,16.702,21.04,19.997,34.662,5.6321,6.2903,21.191,7.9283,6.1146,18.807,43.728,7.8705,18.207,14.692,22.637,19.578,27.387,12.784,3.5554,3.9625,7.9734,14.682,4.0564,10.62,3.2467,5.6069
1.73,3.1545,6.4215,5.3073,7.368,8.2946,5.6879,22.019,4.7065,12.464,15.304,11.429,22.324,13.937,16.68,21.518,20.033,35.37,5.7129,6.4084,21.014,8.1638,6.1004,18.936,43.937,7.8941,18.309,14.915,22.887,20.18,27.676,13.154,3.4993,4.0799,8.018,15.094,4.1306,10.477,3.3662,5.7025
1.74,3.1477,6.5932,5.3576,7.4276,8.5036,5.7442,21.816,4.8272,12.333,15.38,11.492,22.334,13.955,16.655,21.982,20.053,36.068,5.793,6.5284,20.839,8.3915,6.071,19.035,44.089,7.9167,18.409,15.114,23.128,20.753,27.955,13.538,3.4368,4.2399,8.0487,15.502,4.2082,10.334,3.4802,5.7639
1.75,3.1341,6.7768,5.4078,7.4946,8.7208,5.7947,21.643,4.9304,12.182,15.458,11.618,22.345,13.989,16.641,22.428,20.052,36.756,5.8608,6.6504,20.663,8.6076,6.0258,19.109,44.179,7.9381,18.509,15.291,23.359,21.296,28.224,13.93,3.3673,4.3995,8.0659,15.902,4.2876,10.192,3.5866,5.7911
1.76,3.1193,6.9565,5.4579,7.5733,8.9454,5.8409,21.508,5.0154,12.017,15.538,11.708,22.35,14.043,16.616,22.855,20.028,37.43,5.9157,6.7745,20.491,8.8084,5.9724,19.16,44.207,7.9583,18.608,15.444,23.581,21.805,28.484,14.33,3.2893,4.5402,8.0698,16.288,4.3676,10.053,3.6835,5.7856
1.77,3.0953,7.1321,5.5082,7.66,9.1767,5.8815,21.383,5.0818,11.834,15.62,11.761,22.35,14.216,16.582,23.269,19.983,38.089,5.9581,6.9007,20.32,8.9905,5.9899,19.194,44.173,7.9777,18.706,15.573,23.801,22.327,28.738,14.734,3.367,4.66,8.0606,16.656,4.4463,9.919,3.7692,5.7509
1.78,3.0996,7.3032,5.5588,7.7465,9.4138,5.9166,21.26,5.1289,11.64,15.706,11.779,22.352,14.621,16.539,23.661,19.921,38.731,5.9887,7.0279,20.153,9.1517,5.9866,19.215,44.585,7.9963,18.803,15.677,24.012,22.909,28.986,15.137,3.5394,4.7553,8.0385,17.004,4.5223,9.7914,3.8429,5.6914
1.79,3.1097,7.4697,5.6096,7.8314,9.6567,5.9475,21.145,5.1571,11.433,15.796,11.762,22.353,15.059,16.487,24.033,19.841,39.354,6.0082,7.1562,19.988,9.2912,5.9601,19.23,45.049,8.0144,18.899,15.757,24.354,23.459,29.228,15.54,3.6889,4.8228,8.0031,17.326,4.5942,9.6881,3.9056,5.6118
1.8,3.1198,7.6315,5.6604,7.9138,9.904,5.9729,21.194,5.1666,11.216,15.892,11.709,22.35,15.511,16.438,24.382,19.777,39.955,6.0167,7.2852,19.828,9.4069,5.9095,19.245,45.473,8.0315,18.994,15.812,24.892,23.976,29.466,15.938,3.8118,4.8607,7.9548,17.623,4.6608,9.6178,3.9614,5.5164
1.81,3.1271,7.7885,5.7115,7.9948,10.156,5.9937,21.437,5.1582,10.994,15.994,11.623,22.342,15.974,16.396,24.711,19.775,40.531,6.0151,7.4143,19.668,9.4937,5.8353,20.013,45.861,8.0476,19.088,15.846,25.434,24.459,29.72,16.327,3.9073,4.8665,7.8926,17.891,4.7214,9.551,4.0253,5.4086
1.82,3.1315,7.9404,5.7631,8.0734,10.412,6.0099,21.676,5.1325,10.763,16.103,11.503,22.336,16.449,16.346,25.013,19.763,41.082,6.0044,7.5429,19.515,9.5457,5.7394,21.017,46.211,8.0615,19.216,15.856,25.975,24.907,30.525,16.707,3.9734,4.8405,7.8179,18.134,4.7749,9.4874,4.0961,5.2921
1.83,3.1333,8.0872,5.815,8.1503,10.671,6.0208,21.91,5.091,10.529,16.219,11.351,22.329,16.935,16.29,25.296,19.741,41.605,5.986,7.6702,19.362,9.5846,5.625,21.991,46.525,8.0731,19.37,15.842,26.519,25.321,31.339,17.077,4.0132,4.7806,7.7301,18.353,4.8207,9.4304,4.1664,5.1707
1.84,3.1325,8.2279,5.8673,8.2254,10.933,6.0282,22.141,5.1954,10.297,16.338,11.168,22.318,17.43,16.227,25.555,19.71,42.105,5.9622,7.7958,19.213,9.6362,5.4961,22.928,46.806,8.0824,19.523,15.806,27.062,25.702,32.148,17.438,4.0285,4.6888,7.7521,18.718,4.8585,9.379,4.2293,5.0469
1.85,3.1317,8.3623,5.9201,8.2983,11.197,6.0305,22.367,5.2844,10.064,16.462,10.958,22.303,17.93,16.158,25.788,19.671,42.576,5.9379,7.9191,19.066,9.6731,5.3572,23.823,47.056,8.0903,19.675,15.746,27.6,26.05,32.953,17.791,4.0214,4.7416,7.8009,19.063,4.8885,9.3364,4.28,4.9241
1.86,3.1312,8.49,5.9736,8.3694,11.464,6.0287,22.588,5.3571,9.8338,16.589,10.726,22.291,18.43,16.083,25.996,19.624,43.015,5.9196,8.0399,18.92,9.7079,5.213,24.668,47.272,8.0969,19.827,15.664,28.132,26.364,33.747,18.137,3.9947,4.8263,7.8407,19.386,4.9106,9.3019,4.3166,4.8056
1.87,3.1282,8.6112,6.0278,8.438,11.733,6.0229,22.803,5.4139,9.6084,16.718,10.486,22.277,18.931,16.014,26.183,19.57,43.421,5.9218,8.1579,18.777,9.7371,5.2408,25.458,47.454,8.1033,19.978,15.561,28.655,26.645,34.527,18.48,3.9531,4.893,7.8718,19.684,4.9254,9.2766,4.3387,4.832
1.88,3.1229,8.7256,6.083,8.5048,12.003,6.0125,23.012,5.4551,9.3901,16.85,10.253,22.258,19.429,15.949,26.348,19.508,43.792,5.9375,8.273,18.634,9.7329,5.316,26.191,47.607,8.1099,20.127,15.437,29.167,26.894,35.293,18.822,3.8976,4.9441,7.8943,19.956,4.9332,9.2623,4.3467,4.8695
1.89,3.1153,8.8341,6.1389,8.5702,12.274,5.999,23.217,5.4813,9.181,16.985,10.011,22.237,19.927,15.88,26.489,19.439,44.125,5.9509,8.3851,18.495,9.6897,5.3882,26.863,47.727,8.1179,20.276,15.333,29.669,27.112,36.047,19.17,3.8335,4.984,7.9082,20.202,4.9346,9.2583,4.3411,4.9056
1.9,3.1068,8.9361,6.1955,8.6344,12.546,5.9809,23.417,5.4936,8.983,17.122,9.7513,22.219,20.421,15.806,26.609,19.363,44.429,5.9576,8.4942,18.355,9.6092,5.4572,27.473,47.812,8.1279,20.423,15.442,30.159,27.299,36.89,19.526,3.7626,5.0201,7.9135,20.423,4.9302,9.2652,4.3231,4.9402
1.91,3.0996,9.0315,6.2527,8.6971,12.818,5.9599,23.611,5.4928,8.7977,17.26,9.4716,22.197,20.913,15.728,26.708,19.281,44.693,5.9568,8.6003,18.216,9.494,5.5232,28.02,47.864,8.1408,20.57,15.544,30.807,27.458,37.922,19.895,3.6887,5.0475,7.9096,20.622,4.9207,9.2842,4.293,5.0807
1.92,3.0903,9.121,6.3103,8.7583,13.091,5.9349,23.8,5.4808,8.6267,17.4,9.4122,22.172,21.402,15.645,26.788,19.192,44.917,5.948,8.7035,18.077,9.3467,5.5861,28.506,47.884,8.1574,20.715,15.639,31.578,27.591,38.934,20.281,3.6153,5.0594,7.8963,20.967,4.9069,9.3151,4.2527,5.2129
1.93,3.079,9.2039,6.3684,8.8177,13.363,5.9065,23.984,5.4592,8.4712,17.542,9.4147,22.148,21.888,15.558,26.848,19.097,45.1,5.932,8.8031,17.937,9.1696,5.646,28.932,47.869,8.1788,20.859,15.728,32.341,27.7,39.924,20.691,3.5653,5.0535,7.8731,21.484,4.8895,9.3578,4.2036,5.3316
1.94,3.0691,9.2799,6.4268,8.8749,13.634,5.9501,24.164,5.4301,8.3321,17.684,9.4021,22.123,22.371,15.468,26.89,18.995,45.244,5.9084,8.8998,17.798,8.9648,5.7029,29.302,47.818,8.2061,21.003,15.812,33.09,27.783,40.893,21.124,3.6172,5.0299,7.8395,21.992,4.87,9.4123,4.1474,5.4377
1.95,3.0588,9.3497,6.4855,8.9303,13.905,6.0336,24.338,5.3964,8.2104,17.826,9.3735,22.094,22.85,15.379,26.915,18.887,45.351,5.8776,8.993,17.655,8.7362,5.7569,29.616,47.737,8.2397,21.146,15.893,33.825,27.843,41.842,21.589,3.661,4.99,7.7951,22.488,4.8567,9.4787,4.086,5.5314
1.96,3.0504,9.4124,6.5445,8.9837,14.175,6.1546,24.507,5.3611,8.1066,17.969,9.3869,22.063,23.325,15.299,26.924,18.804,45.424,5.8406,9.0835,17.512,8.4873,5.8085,29.877,47.622,8.2803,21.289,15.972,34.545,27.879,42.77,22.085,3.6989,4.9343,7.7394,22.971,4.8711,9.5572,4.021,5.6112
1.97,3.0423,9.4677,6.6036,9.0348,14.443,6.3172,24.671,5.3271,8.0211,18.111,9.4724,22.035,23.797,15.215,26.918,18.747,45.456,5.7979,9.1707,17.364,8.5355,5.8575,30.086,47.474,8.329,21.432,16.054,35.256,27.892,43.683,22.613,3.7312,4.8623,7.6723,23.445,4.8741,9.6466,3.9535,5.6762
1.98,3.0343,9.5158,6.663,9.0835,14.709,6.4672,24.828,5.2982,7.9542,18.253,9.5555,22.004,24.265,15.128,26.896,18.69,45.447,5.7502,9.2544,17.214,8.7179,5.9042,30.246,47.297,8.386,21.574,16.141,35.951,27.883,44.576,23.18,3.7579,4.7761,7.5937,23.908,4.8669,9.7464,3.9223,5.7253
1.99,3.0245,9.5574,6.7227,9.1307,14.974,6.6046,24.982,5.2776,7.9086,18.394,9.6318,21.969,24.727,15.038,26.861,18.626,45.397,5.6985,9.333,17.058,8.8797,5.9489,30.359,47.091,8.4517,21.717,16.237,36.63,27.852,45.45,23.782,3.7798,4.6779,7.5049,24.361,4.8512,9.8677,3.8865,5.757
2,3.0129,9.5918,6.7826,9.3736,15.236,6.7283,25.13,5.2689,7.8824,18.65,9.7006,21.934,25.184,14.945,26.813,18.559,45.312,5.6432,9.4059,17.024,9.0204,5.9918,30.43,46.858,8.5264,21.86,16.342,37.295,27.802,46.307,24.418,3.7955,4.5672,7.4057,24.805,4.8281,10.013,3.8476,5.77
2.01,2.9998,9.6194,6.8429,9.6516,15.497,6.8379,25.273,5.2752,7.8745,18.903,9.7603,21.9,25.636,14.849,26.754,18.49,45.194,5.5852,9.4717,17.161,9.1396,6.0333,30.462,46.599,8.6102,22.002,16.452,37.944,27.735,47.147,25.091,3.8052,4.4898,7.2967,25.24,4.7992,10.167,3.8484,5.7627
2.02,2.9887,9.6412,6.9035,9.9257,15.754,6.9337,25.411,5.2996,7.8844,19.154,9.8096,21.862,26.081,14.75,26.686,18.415,45.038,5.5252,9.5291,17.301,9.2376,6.0735,30.456,46.317,8.7031,22.145,16.567,38.577,27.648,47.977,25.799,3.8091,4.5333,7.1797,25.669,4.7659,10.329,3.8502,5.7343
2.03,2.976,9.656,6.9645,10.196,16.009,7.0157,25.544,5.3445,7.9116,19.404,9.8491,21.822,26.52,14.648,26.608,18.343,44.846,5.4637,9.5778,17.443,9.3146,6.1124,30.418,46.01,8.8048,22.449,16.684,39.196,27.543,48.794,26.536,3.8062,4.5804,7.056,26.089,4.7295,10.498,3.8407,5.8099
2.04,2.9742,9.6642,7.0262,10.462,16.262,7.0845,25.671,5.4119,7.957,19.652,9.8775,21.784,26.951,14.543,26.523,18.265,44.621,5.4009,9.6162,17.586,9.3704,6.1501,30.352,45.683,8.9151,22.808,16.805,39.804,27.42,49.596,27.302,3.7978,4.6311,6.9263,26.501,4.7088,10.673,3.8671,5.8823
2.05,2.9732,9.6659,7.0883,10.724,16.511,7.1416,25.794,5.5026,8.0196,19.898,9.8955,21.744,27.375,14.445,26.43,18.186,44.368,5.3367,9.645,17.73,9.4043,6.1869,30.259,45.335,9.0334,23.166,16.929,40.397,27.283,50.382,28.093,3.7825,4.6851,6.7936,26.907,4.7627,10.852,3.8792,5.9373
2.06,2.9734,9.6606,7.151,10.982,16.758,7.1881,25.913,5.6169,8.0969,20.143,9.9033,21.701,27.791,14.349,26.336,18.107,44.081,5.2698,9.663,17.874,9.4169,6.2232,30.146,44.966,9.1595,23.522,17.058,40.977,27.136,51.153,28.906,3.7616,4.7407,6.6581,27.305,4.8111,11.035,3.8713,5.9741
2.07,2.971,9.6485,7.2142,11.236,17.002,7.2267,26.025,5.7542,8.188,20.387,9.9003,21.656,28.198,14.25,26.235,18.024,43.76,5.1998,9.6697,18.015,9.4072,6.259,30.012,44.579,9.2922,23.875,17.188,41.544,26.973,51.912,29.735,3.7347,4.8408,6.5231,27.696,4.8545,11.22,3.8448,5.9926
2.08,2.9701,9.6306,7.2781,11.485,17.242,7.2593,26.133,5.9131,8.2917,20.63,9.8882,21.614,28.597,14.149,26.129,17.943,43.405,5.1259,9.7709,18.157,9.3753,6.3166,29.862,44.17,9.4313,24.249,17.321,42.098,26.799,52.653,30.577,3.7026,5.0159,6.3887,28.08,4.8944,11.406,3.837,5.9931
2.09,2.9693,9.6061,7.3427,11.73,17.479,7.3605,26.235,6.1295,8.407,20.875,9.8664,21.569,28.987,14.045,26.017,17.861,43.396,5.0483,9.902,18.294,9.323,6.3552,29.698,43.744,9.5758,24.716,17.453,42.639,26.622,53.376,31.425,3.6666,5.1838,6.2571,28.456,4.9323,11.592,3.8353,5.9774
2.1,2.9703,9.575,7.4084,11.97,17.712,7.4834,26.332,6.3551,8.5328,21.12,9.8367,21.52,29.368,13.938,25.901,17.776,43.383,4.9673,10.034,18.428,9.2496,6.3704,29.522,43.294,9.7245,25.172,17.584,43.168,26.433,54.082,32.28,3.6278,5.3418,6.1297,28.825,4.97,11.777,3.8326,5.9473
2.11,2.9707,9.538,7.4746,12.207,17.942,7.5945,26.425,6.5785,8.6694,21.366,9.7995,21.472,29.74,13.829,25.78,17.695,43.345,4.883,10.168,18.557,9.1562,6.4008,29.338,42.825,9.8771,25.614,17.714,43.685,26.238,54.771,33.13,3.5877,5.4877,6.213,29.188,5.0095,11.961,3.8294,5.9044
2.12,2.9714,9.4948,7.5413,12.438,18.168,7.6938,26.512,6.7986,8.8138,21.615,9.7564,21.425,30.103,13.718,25.659,17.613,43.282,4.7956,10.303,18.682,9.0442,6.4361,29.145,42.331,10.032,26.045,17.842,44.19,26.041,55.444,33.971,3.5481,5.6194,6.3771,29.543,5.0532,12.141,3.8261,5.8539
2.13,2.9708,9.4451,7.6078,12.664,18.391,7.7801,26.594,7.0141,8.965,21.869,9.7097,21.375,30.457,13.604,25.535,17.529,43.194,4.7055,10.44,18.801,9.1553,6.471,28.945,41.814,10.189,26.463,17.967,44.681,25.834,56.102,34.802,3.5101,5.7349,6.5167,29.892,5.1016,12.319,3.8738,5.7986
2.14,2.9673,9.3893,7.6741,12.886,18.609,7.8532,26.67,7.2243,9.1217,22.125,9.6645,21.323,30.802,13.487,25.407,17.449,43.082,4.6905,10.578,18.913,9.3655,6.5055,28.741,41.27,10.347,26.87,18.089,45.159,25.632,56.753,35.61,3.4737,5.8335,6.6314,30.233,5.1539,12.492,4.0037,5.7432
2.15,2.9612,9.3282,7.7399,13.103,18.823,7.9131,26.742,7.4357,9.2828,22.383,9.6308,21.272,31.137,13.368,25.277,17.368,42.944,4.6936,10.717,19.019,9.8286,6.5397,28.532,40.701,10.505,27.264,18.209,45.625,25.423,57.393,36.399,3.4404,5.9168,6.7223,30.568,5.2092,12.661,4.1228,5.6922
2.16,2.953,9.2613,7.8051,13.315,19.033,7.96,26.809,7.6827,9.4472,22.641,9.6043,21.22,31.463,13.256,25.143,17.287,42.782,4.6955,10.858,19.116,10.286,6.5735,28.32,40.103,10.662,27.648,18.325,46.079,25.218,58.019,37.158,3.4093,5.9852,6.7907,30.896,5.2656,12.825,4.2297,5.6499
2.17,2.9464,9.189,7.8698,13.521,19.239,7.9943,26.87,7.9308,9.6139,22.899,9.5752,21.166,31.78,13.143,25.008,17.21,42.596,4.6966,11.001,19.207,10.736,6.6073,28.104,39.476,10.817,28.019,18.439,46.643,25.012,58.63,37.882,3.3803,6.0408,6.8379,31.219,5.3204,12.984,4.3242,5.6196
2.18,2.9374,9.112,7.9339,13.723,19.44,8.0172,26.927,8.1784,9.7817,23.154,9.5399,21.109,32.088,13.028,24.871,17.131,42.385,4.6968,11.146,19.289,11.178,6.6409,27.887,38.822,10.969,28.38,18.55,47.232,24.809,59.226,38.688,3.3525,6.0867,6.8645,31.535,5.3724,13.137,4.4069,5.6035
2.19,2.9262,9.0298,7.9971,13.919,19.637,8.029,26.977,8.4242,9.9502,23.407,9.4963,21.056,32.386,12.91,24.73,17.054,42.155,4.6959,11.293,19.364,11.609,6.6744,27.665,38.138,11.119,28.728,18.659,47.797,24.61,59.805,39.553,3.3245,6.1262,6.8714,31.846,5.4198,13.284,4.4786,5.6028
2.2,2.9131,8.9436,8.0593,14.11,19.829,8.0305,27.023,8.6668,10.119,23.657,9.444,21,32.676,12.789,24.585,16.978,41.903,4.6943,11.441,19.429,12.029,6.7086,27.44,37.427,11.264,29.064,18.766,48.337,24.414,60.368,40.378,3.2953,6.1623,6.8599,32.148,5.4623,13.425,4.5408,5.6187
2.21,2.898,8.8526,8.1209,14.295,20.016,8.0223,27.064,8.9056,10.287,23.902,9.3828,20.942,32.958,12.666,24.435,16.901,41.625,4.6918,11.591,19.487,12.437,6.7429,27.211,36.69,11.405,29.389,18.87,48.863,24.224,60.914,41.159,3.2631,6.1977,6.8314,32.444,5.4985,13.56,4.6155,5.732
2.22,2.8812,8.7664,8.1814,14.473,20.199,8.0053,27.099,9.1392,10.453,24.141,9.313,20.883,33.231,12.646,24.282,16.827,41.324,4.6881,11.743,19.535,12.829,6.8408,26.978,35.93,11.54,29.701,18.972,49.37,24.037,61.441,41.891,3.2275,6.2342,6.7885,32.732,5.5275,13.688,4.6887,5.8844
2.23,2.8628,8.8295,8.2409,14.645,20.377,8.033,27.128,9.3673,10.615,24.378,9.2348,20.826,33.496,12.705,24.123,16.752,40.998,4.684,11.897,19.577,13.205,7.0064,26.739,35.554,11.67,30,19.071,49.854,23.857,61.951,42.57,3.1865,6.2728,6.7333,33.013,5.5857,13.81,4.7554,6.0289
2.24,2.843,8.8913,8.2996,14.81,20.551,8.0643,27.151,9.589,10.773,24.608,9.1487,20.766,33.753,12.768,23.961,16.679,40.659,4.6787,12.053,19.609,13.566,7.1722,26.495,35.184,11.794,30.287,19.167,50.315,23.683,62.49,43.191,3.2472,6.3137,6.6684,33.285,5.7273,13.927,4.8157,6.1652
2.25,2.822,8.9515,8.357,14.968,20.719,8.0868,27.17,9.8042,10.927,24.833,9.0552,20.705,34.001,12.833,23.795,16.605,40.296,4.6727,12.21,19.635,13.939,7.3396,26.243,34.784,11.912,30.56,19.258,50.759,23.515,63.128,43.754,3.3143,6.356,6.5964,33.549,5.8487,14.037,4.869,6.293
2.26,2.7997,9.0099,8.4137,15.119,20.883,8.1006,27.183,10.013,11.078,25.051,8.9545,20.644,34.24,12.897,23.648,16.533,39.908,4.6657,12.369,19.653,14.311,7.5083,25.984,34.354,12.023,30.82,19.346,51.18,23.354,63.737,44.253,3.3842,6.3966,6.5193,33.804,5.9483,14.142,4.9149,6.4121
2.27,2.779,9.0674,8.4692,15.264,21.042,8.1064,27.19,10.214,11.225,25.265,8.8471,20.584,34.472,12.96,23.599,16.462,39.509,4.6577,12.531,19.664,14.674,7.6773,25.718,33.901,12.127,31.068,19.429,51.575,23.199,64.321,44.682,3.4553,6.4341,6.5488,34.049,6.0249,14.241,4.9521,6.5223
2.28,2.7579,9.123,8.5236,15.401,21.196,8.1049,27.191,10.409,11.365,25.473,8.7335,20.521,34.697,13.022,23.548,16.39,39.088,4.6492,12.693,19.668,15.029,7.8451,25.442,33.423,12.223,31.301,19.506,51.947,23.051,64.885,45.039,3.5264,6.4636,6.5664,34.285,6.0784,14.335,4.9796,6.6239
2.29,2.7462,9.1772,8.5772,15.531,21.345,8.0961,27.188,10.597,11.499,25.675,8.6145,20.458,34.914,13.083,23.495,16.32,38.644,4.6395,12.857,19.666,15.381,8.0099,25.157,32.923,12.313,31.522,19.578,52.294,22.91,65.422,45.323,3.5963,6.4833,6.5623,34.51,6.1086,14.424,4.997,6.7168
2.3,2.7543,9.2302,8.6298,15.654,21.49,8.0804,27.179,10.78,11.625,25.87,8.4906,20.396,35.123,13.143,23.436,16.249,38.194,4.6532,13.023,19.659,15.733,8.1709,24.861,32.407,12.395,31.73,19.644,52.621,22.777,65.932,45.534,3.6637,6.4891,6.5382,34.727,6.1168,14.508,5.0038,6.8016
2.31,2.7548,9.2812,8.6817,15.769,21.629,8.0582,27.165,10.956,11.748,26.093,8.3621,20.333,35.325,13.202,23.372,16.181,37.721,4.6667,13.189,19.645,16.077,8.3275,24.553,31.876,12.47,31.926,19.703,52.931,22.65,66.415,45.665,3.7277,6.4793,6.4956,34.933,6.1548,14.588,5.0002,6.8785
2.32,2.7484,9.3313,8.7332,15.878,21.763,8.0303,27.146,11.127,11.864,26.601,8.2307,20.267,35.521,13.261,23.305,16.114,37.237,4.6805,13.357,19.629,16.408,8.4788,24.232,31.337,12.538,32.109,19.757,53.218,22.53,66.883,45.713,3.7887,6.453,6.4364,35.13,6.2331,14.664,4.9869,6.9482
2.33,2.7391,9.3797,8.7845,15.979,21.893,8.0299,27.122,11.294,11.971,27.095,8.0961,20.205,35.709,13.318,23.236,16.044,36.739,4.6942,13.537,19.607,16.726,8.6253,23.898,30.792,12.599,32.282,19.803,53.485,22.418,67.325,45.68,3.8457,6.4104,6.3622,35.315,6.3059,14.735,4.9656,7.0111
2.34,2.7245,9.4266,8.8721,16.074,22.018,8.0244,27.095,11.457,12.07,27.575,8.0759,20.14,35.975,13.377,23.162,15.98,36.226,4.7078,13.757,19.581,17.029,8.7661,23.55,30.247,12.653,32.444,19.844,53.73,22.309,67.742,45.567,3.8978,6.3525,6.274,35.491,6.3728,14.803,4.9382,7.0678
2.35,2.705,9.4722,8.9632,16.163,22.138,8.014,27.063,11.618,12.163,28.04,8.1006,20.074,36.595,13.439,23.083,15.914,35.707,4.7213,13.956,19.553,17.317,8.9014,23.188,29.707,12.7,32.595,19.877,53.956,22.21,68.135,45.369,3.945,6.2786,6.1728,35.656,6.4332,14.867,4.9073,7.1187
2.36,2.6812,9.5159,9.0548,16.248,22.254,7.9989,27.027,11.777,12.25,28.491,8.1251,20.011,37.204,13.5,22.999,15.849,35.172,4.7351,14.133,19.521,17.616,9.0309,22.813,29.177,12.742,32.736,19.904,54.167,22.115,68.503,45.833,3.9879,6.1881,6.0603,35.811,6.4868,14.927,4.8758,7.1643
2.37,2.6559,9.5589,9.1473,16.329,22.365,7.9796,26.987,11.934,12.327,28.928,8.1494,19.946,37.802,13.56,22.913,15.787,34.635,4.7487,14.288,19.488,17.983,9.1543,22.754,28.661,12.778,32.865,19.924,54.356,22.026,68.855,46.429,4.0258,6.1447,5.9545,35.957,6.5333,14.985,4.8466,7.2056
2.38,2.6283,9.5999,9.2405,16.407,22.472,7.9563,26.944,12.092,12.396,29.352,8.1734,19.879,38.389,13.618,22.823,15.724,34.083,4.7621,14.42,19.452,18.344,9.272,23.004,28.163,12.808,32.984,19.937,54.525,21.942,69.183,47.006,4.0579,6.1437,5.9398,36.09,6.573,15.038,4.8226,7.2429
2.39,2.5984,9.6398,9.3345,16.483,22.574,7.929,26.896,12.251,12.461,29.764,8.1971,19.816,38.964,13.676,22.727,15.662,33.678,4.7756,14.562,19.415,18.699,9.3837,23.252,27.688,12.833,33.094,19.944,54.673,21.861,69.487,47.553,4.0829,6.1635,5.9447,36.214,6.6057,15.09,4.806,7.2776
2.4,2.567,9.6781,9.429,16.557,22.673,7.8979,26.844,12.412,12.516,30.164,8.2207,19.75,39.528,13.731,22.625,15.603,33.426,4.7892,14.738,19.377,19.049,9.4898,23.497,27.24,12.854,33.193,19.944,54.802,21.786,69.768,48.071,4.0993,6.1747,5.944,36.325,6.6322,15.138,4.7988,7.3102
2.41,2.5359,9.7148,9.5231,16.63,22.767,7.8633,26.787,12.576,12.563,30.555,8.2439,19.684,40.081,13.786,22.519,15.544,33.17,4.8026,14.914,19.338,19.394,9.5909,23.739,26.82,12.872,33.283,19.939,54.914,21.714,70.026,48.566,4.1067,6.1759,5.9379,36.424,6.653,15.184,4.8014,7.3424
2.42,2.5047,9.7504,9.6168,16.701,22.857,7.8254,26.727,12.744,12.605,30.936,8.2669,19.62,40.622,13.839,22.41,15.485,32.914,4.8158,15.091,19.299,19.735,9.6874,23.975,26.434,12.887,33.366,19.929,55.016,21.643,70.269,49.029,4.1114,6.167,5.9273,36.51,6.6692,15.229,4.8139,7.3767
2.43,2.4737,9.7841,9.7099,16.771,22.945,7.7843,26.663,12.917,12.639,31.308,8.2897,19.554,41.152,13.89,22.3,15.43,32.657,4.8292,15.269,19.259,20.07,9.7803,24.206,26.082,12.9,33.442,19.912,55.1,21.577,70.492,49.464,4.1436,6.1486,5.9123,36.583,6.6838,15.271,4.8353,7.4195
2.44,2.4526,9.8166,9.8022,16.84,23.029,7.7402,26.595,13.096,12.664,31.671,8.3122,19.486,41.671,13.94,22.357,15.375,32.397,4.8425,15.448,19.219,20.399,9.8704,24.43,25.765,12.911,33.513,19.89,55.168,21.512,70.693,49.873,4.1667,6.1224,5.8933,36.644,6.7002,15.311,4.8635,7.4733
2.45,2.4762,9.8473,9.8934,16.907,23.11,7.6933,26.523,13.282,12.685,32.026,8.3344,19.421,42.179,13.989,22.414,15.319,32.134,4.8556,15.628,19.18,20.719,9.9592,24.646,25.484,12.922,33.58,19.864,55.22,21.446,70.874,50.247,4.182,6.0906,5.8704,36.692,6.7171,15.35,4.8962,7.532
2.46,2.4978,9.8765,9.984,16.972,23.19,7.6465,26.449,13.476,12.698,32.372,8.3564,19.355,42.675,14.036,22.522,15.267,31.874,4.8686,15.81,19.141,21.031,10.049,24.853,25.239,12.934,33.641,19.833,55.262,21.384,71.035,50.594,4.1898,6.0574,5.8439,36.727,6.7319,15.388,4.9306,7.5928
2.47,2.5174,9.9043,10.074,17.086,23.269,7.6314,26.372,13.678,12.702,32.711,8.378,19.287,43.16,14.087,22.659,15.216,31.61,4.8817,15.993,19.101,21.336,10.144,25.052,25.029,12.945,33.728,19.798,55.292,21.321,71.179,50.912,4.1909,6.0317,5.8139,36.75,6.7442,15.425,4.9909,7.6525
2.48,2.5367,9.9301,10.162,17.258,23.347,7.614,26.295,13.888,12.702,33.042,8.3998,19.219,43.633,14.138,22.798,15.164,31.344,4.8947,16.177,19.062,21.632,10.242,25.24,24.853,12.958,33.852,19.76,55.382,21.256,71.309,51.196,4.2844,6.0079,5.7807,36.76,6.7529,15.461,5.0777,7.71
2.49,2.5555,9.9551,10.251,17.434,23.427,7.5943,26.221,14.107,12.694,33.368,8.4214,19.152,44.093,14.187,22.939,15.116,31.081,4.9074,16.363,19.024,21.923,10.339,25.417,24.71,12.973,33.971,19.717,55.498,21.192,71.42,51.452,4.4533,5.9795,5.7442,36.759,6.7576,15.497,5.1635,7.7804
2.5,2.577,9.9779,10.339,17.614,23.506,7.5725,26.153,14.336,12.678,33.689,8.4428,19.084,44.54,14.234,23.08,15.068,30.816,4.9202,16.549,18.986,22.206,10.431,25.584,24.596,12.99,34.084,19.673,55.604,21.126,71.513,51.679,4.6158,5.9454,5.7042,36.745,6.758,15.533,5.2479,7.921
2.51,2.6089,9.9998,10.427,17.799,23.586,7.5489,26.089,14.575,12.658,34.006,8.4638,19.014,44.974,14.28,23.22,15.02,30.55,4.9329,16.736,18.947,22.484,10.517,25.739,24.509,13.01,34.191,19.731,55.704,21.056,71.588,51.874,4.771,5.9058,5.6608,36.718,6.7541,15.569,5.3306,8.0524
2.52,2.6412,10.02,10.515,17.99,23.666,7.5233,26.029,14.823,12.632,34.323,8.4846,18.943,45.392,14.324,23.364,14.974,30.287,4.9453,16.923,18.91,22.755,10.596,25.882,24.447,13.034,34.292,19.82,55.793,20.986,71.645,52.042,4.9174,5.8612,5.7035,36.679,6.9306,15.604,5.4113,8.173
2.53,2.6719,10.039,10.603,18.183,23.746,7.4964,25.974,15.081,12.598,34.64,8.5051,18.874,45.799,14.366,23.507,14.93,30.02,4.9577,17.111,18.871,23.022,10.668,26.013,24.406,13.063,34.39,19.906,55.872,20.913,71.691,52.184,5.0543,5.812,5.7798,36.627,7.1252,15.64,5.4898,8.284
2.54,2.701,10.056,10.69,18.375,23.825,7.4675,25.982,15.348,12.558,34.957,8.5253,18.804,46.191,14.406,23.65,14.887,29.757,4.9701,17.299,18.832,23.282,10.732,26.132,24.383,13.098,34.482,19.99,55.942,20.835,71.722,52.295,5.1813,5.7589,5.8573,36.563,7.317,15.677,5.5657,8.3838
2.55,2.7287,10.072,10.777,18.562,23.903,7.4379,26.513,15.625,12.515,35.274,8.5452,18.733,46.568,14.445,23.795,14.843,29.492,4.9823,17.486,18.794,23.537,10.788,26.238,24.374,13.14,34.569,20.07,56.002,20.774,71.736,52.378,5.2986,5.7019,5.9357,36.485,7.5031,15.713,5.6385,8.4732
2.56,2.7551,10.087,10.864,18.741,23.98,7.4065,27.038,15.911,12.465,35.589,8.5649,18.661,46.931,14.481,23.94,14.802,29.23,4.9943,17.673,18.755,23.786,10.835,26.332,24.378,13.188,34.652,20.147,56.053,20.814,71.734,52.44,5.4061,5.6414,6.0151,36.394,7.6808,15.751,5.7077,8.5509
2.57,2.7801,10.1,10.95,18.912,24.056,7.3743,27.556,16.206,12.41,35.9,8.5842,18.587,47.28,14.516,24.083,14.762,28.966,5.0063,17.86,18.714,24.03,10.875,26.413,24.39,13.243,34.73,20.223,56.097,20.853,71.717,52.474,5.504,5.5774,6.0953,36.291,7.8474,15.789,5.7731,8.6181
2.58,2.8216,10.112,11.036,19.075,24.131,7.3411,28.066,16.509,12.351,36.205,8.6033,18.514,47.614,14.549,24.229,14.722,28.706,5.0181,18.046,18.672,24.269,10.905,26.482,24.408,13.306,34.803,20.295,56.133,20.89,71.688,52.482,5.5925,5.5107,6.1764,36.175,8.0005,15.828,5.8341,8.673
2.59,2.8669,10.122,11.122,19.228,24.205,7.3069,28.566,16.82,12.287,36.505,8.622,18.442,47.932,14.58,24.374,14.683,28.445,5.0298,18.232,18.63,24.504,10.928,26.539,24.429,13.376,34.873,20.365,56.163,20.923,71.651,52.467,5.6725,5.4422,6.2585,36.045,8.1385,15.867,5.8902,8.7172
2.6,2.9112,10.132,11.207,19.374,24.277,7.2722,29.055,17.137,12.217,36.799,8.6405,18.369,48.236,14.609,24.517,14.647,28.189,5.0414,18.417,18.585,24.733,10.943,26.584,24.452,13.454,34.939,20.432,56.187,20.952,71.599,52.435,5.7456,5.4235,6.3414,35.902,8.2596,15.907,5.9413,8.7492
2.61,2.9543,10.14,11.291,19.511,24.348,7.2366,29.533,17.461,12.146,37.086,8.6587,18.294,48.522,14.638,24.664,14.61,27.93,5.0527,18.602,18.539,24.958,10.999,26.618,24.474,13.542,35,20.495,56.204,20.98,71.535,52.381,5.8114,5.5466,6.4252,35.749,8.3967,15.948,5.9872,8.7686
2.62,2.9964,10.147,11.375,19.641,24.416,7.2008,29.997,17.791,12.069,37.365,8.6766,18.218,48.795,14.67,24.808,14.573,27.678,5.0641,18.785,18.491,25.18,11.151,26.639,24.494,13.638,35.058,20.557,56.214,21.001,71.458,52.307,5.8708,5.6718,6.5099,35.583,8.5766,15.989,6.0277,8.7755
2.63,3.0374,10.153,11.459,19.763,24.484,7.1646,30.45,18.126,11.987,37.638,8.6942,18.141,49.05,14.7,24.95,14.539,27.426,5.0752,18.968,18.44,25.398,11.29,26.65,24.511,13.742,35.111,20.616,56.215,21.019,71.374,52.215,5.9251,5.7955,6.5956,35.406,8.7391,16.032,6.0629,8.7705
2.64,3.0775,10.157,11.541,19.881,24.551,7.1277,30.89,18.466,11.904,37.907,8.7115,18.066,49.289,14.729,25.096,14.505,27.176,5.0861,19.151,18.386,25.613,11.417,26.65,24.525,13.851,35.162,20.672,56.209,21.033,71.282,52.108,5.9744,5.9162,6.6825,35.219,8.884,16.075,6.0929,8.7528
2.65,3.1185,10.161,11.624,19.995,24.616,7.0912,31.316,18.81,11.817,38.173,8.7285,17.991,49.509,14.755,25.239,14.471,26.931,5.0971,19.332,18.331,25.827,11.531,26.641,24.533,13.965,35.208,20.726,56.195,21.04,71.178,51.988,6.0193,6.0306,6.7706,35.021,9.0116,16.118,6.118,8.7227
2.66,3.1589,10.163,11.705,20.105,24.68,7.0544,31.728,19.157,11.726,38.439,8.7457,17.914,49.714,14.779,25.38,14.438,26.686,5.1078,19.513,18.271,26.038,11.634,26.622,24.537,14.083,35.251,20.777,56.174,21.046,71.062,51.859,6.0608,6.1373,6.8601,34.814,9.1227,16.162,6.1382,8.6806
2.67,3.1983,10.164,11.786,20.209,24.742,7.0174,32.127,19.508,11.631,38.708,8.7626,17.837,49.9,14.802,25.523,14.407,26.447,5.1184,19.694,18.208,26.247,11.725,26.594,24.537,14.205,35.29,20.826,56.145,21.044,70.935,51.721,6.0995,6.235,6.9509,34.599,9.2181,16.207,6.1542,8.6268
2.68,3.237,10.164,11.866,20.308,24.803,6.9809,32.51,19.861,11.536,39,8.7793,17.759,50.07,14.822,25.664,14.375,26.21,5.1288,19.873,18.143,26.453,11.806,26.557,24.533,14.332,35.326,20.872,56.11,21.038,70.8,51.575,6.1366,6.3225,7.0431,34.375,9.2993,16.252,6.1661,8.5618
2.69,3.2748,10.163,11.946,20.401,24.862,6.9443,32.88,20.217,11.438,39.292,8.7956,17.679,50.222,14.84,25.803,14.344,25.975,5.1392,20.053,18.073,26.657,11.876,26.513,24.527,14.462,35.358,20.916,56.069,21.026,70.657,51.424,6.1733,6.3989,7.1369,34.144,9.368,16.297,6.1744,8.4863
2.7,3.3117,10.16,12.026,20.488,24.919,6.9079,33.233,20.574,11.336,39.574,8.8116,17.6,50.356,14.857,25.944,14.314,25.746,5.1493,20.232,17.999,26.858,11.937,26.462,24.518,14.596,35.387,20.957,56.02,21.008,70.503,51.269,6.2099,6.4634,7.232,33.906,9.4256,16.343,6.1796,8.4005
2.71,3.3479,10.157,12.106,20.569,24.973,6.8721,33.571,20.933,11.232,39.845,8.8273,17.522,50.474,14.871,26.082,14.285,25.521,5.1594,20.41,17.922,27.057,11.988,26.404,24.507,14.734,35.412,20.996,55.964,20.985,70.337,51.112,6.2467,6.5155,7.3285,33.662,9.4735,16.39,6.1821,8.3051
2.72,3.3855,10.153,12.186,20.641,25.025,6.8366,33.894,21.361,11.127,40.107,8.8428,17.444,50.573,14.883,26.218,14.255,25.298,5.1693,20.588,17.84,27.253,12.029,26.342,24.497,14.876,35.432,21.033,55.899,20.956,70.161,50.955,6.2851,6.555,7.4261,33.409,9.5135,16.437,6.1824,8.2006
2.73,3.4459,10.147,12.265,20.706,25.075,6.8014,34.201,21.791,11.021,40.358,8.858,17.364,50.657,14.894,26.356,14.226,25.079,5.1792,20.766,17.753,27.445,12.059,26.275,24.489,15.022,35.45,21.067,55.826,20.922,70.024,50.8,6.3241,6.5821,7.525,33.149,9.5468,16.484,6.1812,8.0875
2.74,3.5439,10.141,12.343,20.763,25.122,6.767,34.491,22.216,10.912,40.598,8.8728,17.284,50.723,14.903,26.49,14.199,24.867,5.1888,20.943,17.663,27.635,12.079,26.204,24.485,15.171,35.464,21.1,55.746,20.881,69.947,50.648,6.3637,6.5975,7.6247,32.881,9.5751,16.531,6.1786,7.9665
2.75,3.644,10.133,12.42,20.813,25.166,6.7331,34.765,22.636,10.802,40.83,8.8874,17.203,50.771,14.909,26.623,14.171,24.658,5.1985,21.12,17.569,27.82,12.088,26.13,24.485,15.324,35.474,21.13,55.662,20.834,69.863,50.5,6.4046,6.6012,7.725,32.607,9.6002,16.579,6.1744,7.9139
2.76,3.746,10.125,12.496,20.856,25.208,6.6997,35.023,23.049,10.69,41.051,8.9017,17.179,50.803,14.914,26.757,14.143,24.453,5.2079,21.297,17.469,28.002,12.087,26.055,24.491,15.48,35.48,21.157,55.571,20.782,69.772,50.358,6.4464,6.5939,7.8256,32.327,9.6237,16.627,6.169,7.8845
2.77,3.8496,10.116,12.571,20.891,25.247,6.6672,35.267,23.455,10.579,41.262,8.9158,17.206,50.818,14.917,26.886,14.115,24.251,5.2174,21.474,17.366,28.181,12.078,26.055,24.505,15.639,35.483,21.183,55.473,20.723,69.674,50.223,6.4886,6.576,7.9262,32.041,9.6473,16.675,6.1625,7.8504
2.78,3.9545,10.106,12.646,20.919,25.284,6.6354,35.499,23.853,10.467,41.465,8.9295,17.234,50.815,14.921,27.017,14.089,24.056,5.2266,21.65,17.258,28.356,12.063,26.307,24.528,15.801,35.482,21.207,55.368,20.66,69.569,50.096,6.5318,6.5487,8.0264,31.749,9.6732,16.723,6.1553,7.883
2.79,4.0605,10.095,12.719,20.939,25.319,6.6043,35.719,24.239,10.354,41.658,8.943,17.261,50.798,14.926,27.146,14.063,23.867,5.2358,21.827,17.145,28.526,12.043,26.562,24.562,15.966,35.477,21.228,55.255,20.589,69.459,49.978,6.586,6.5125,8.1259,31.453,9.7024,16.772,6.1485,7.9644
2.8,4.1672,10.083,12.791,20.952,25.351,6.574,35.931,24.612,10.24,41.84,8.9561,17.288,50.763,14.93,27.27,14.036,23.681,5.2448,22.002,17.028,28.692,12.02,26.816,24.608,16.133,35.468,21.248,55.136,20.514,69.346,49.87,6.6527,6.4681,8.2241,31.154,9.7369,16.82,6.1435,8.0452
2.81,4.2745,10.07,12.862,20.958,25.381,6.5447,36.137,24.971,10.125,42.015,8.969,17.314,50.712,14.931,27.397,14.01,23.5,5.2535,22.178,16.907,28.853,11.996,27.066,24.667,16.301,35.455,21.265,55.013,20.432,69.226,49.828,6.7189,6.4164,8.3208,30.851,9.7778,16.869,6.1413,8.1252
2.82,4.3819,10.057,12.932,20.955,25.411,6.5163,36.335,25.312,10.01,42.179,8.9817,17.34,50.646,14.931,27.52,13.984,23.324,5.2622,22.352,16.782,29.008,11.977,27.31,24.74,16.472,35.438,21.281,54.882,20.344,69.1,49.867,6.7839,6.3583,8.4153,30.546,9.8263,16.918,6.1439,8.2049
2.83,4.4892,10.042,13,20.947,25.437,6.4887,36.524,25.635,9.8966,42.332,8.994,17.365,50.566,14.929,27.642,13.958,23.152,5.2706,22.526,16.652,29.158,12.026,27.544,24.828,16.644,35.417,21.295,54.742,20.251,68.967,49.917,6.8466,6.2948,8.5072,30.239,9.8831,16.967,6.1498,8.283
2.84,4.5961,10.027,13.067,20.931,25.464,6.462,36.701,25.939,9.7834,42.476,9.0061,17.39,50.657,14.925,27.763,13.931,22.986,5.2789,22.7,16.52,29.303,12.08,27.766,24.931,16.817,35.391,21.307,54.594,20.15,68.829,49.983,6.9079,6.2269,8.5963,29.931,9.949,17.016,6.1565,8.3612
2.85,4.7028,10.011,13.133,20.91,25.488,6.4363,36.866,26.222,9.6703,42.609,9.0184,17.414,50.824,14.919,27.88,13.906,22.827,5.2869,22.872,16.383,29.442,12.127,27.975,25.05,16.991,35.362,21.317,54.444,20.045,68.683,50.064,6.9666,6.1555,8.6819,29.621,10.024,17.066,6.1642,8.4377
2.86,4.8109,9.9944,13.197,20.882,25.512,6.4117,37.017,26.502,9.5575,42.733,9.0303,17.438,50.965,14.911,27.997,13.881,22.673,5.2946,23.044,16.242,29.577,12.166,28.267,25.184,17.165,35.327,21.325,54.285,19.934,68.537,50.159,7.0223,6.0813,8.7638,29.309,10.109,17.115,6.1727,8.5134
2.87,4.9179,9.9768,13.26,20.85,25.536,6.3881,37.151,26.849,9.5177,42.844,9.042,17.462,51.08,14.901,28.112,13.855,22.524,5.3129,23.215,16.097,29.707,12.194,28.567,25.335,17.338,35.289,21.332,54.117,19.815,68.385,50.27,7.075,6.0051,8.8416,28.996,10.204,17.165,6.182,8.5882
2.88,5.0236,9.9587,13.322,20.813,25.558,6.3655,37.269,27.183,9.518,42.946,9.0534,17.485,51.17,14.89,28.223,13.828,22.379,5.4134,23.385,15.951,29.834,12.213,28.838,25.502,17.512,35.245,21.337,53.941,19.693,68.227,50.393,7.1248,5.9283,8.9149,28.682,10.308,17.214,6.1923,8.6611
2.89,5.1276,9.9399,13.383,20.772,25.58,6.3438,37.59,27.504,9.5155,43.036,9.0646,17.508,51.237,14.877,28.336,13.803,22.239,5.5139,23.554,15.801,29.957,12.221,29.077,25.684,17.684,35.198,21.339,53.763,19.563,68.062,50.534,7.1714,5.851,8.9834,28.367,10.42,17.264,6.2035,8.7335
2.9,5.2306,9.9201,13.442,20.729,25.602,6.3231,37.994,27.812,9.5105,43.115,9.0755,17.53,51.279,14.862,28.444,13.777,22.105,5.6141,23.722,15.647,30.075,12.22,29.285,25.88,17.855,35.145,21.341,53.575,19.428,67.892,50.684,7.2143,5.7743,9.0467,28.051,10.54,17.314,6.2157,8.8045
2.91,5.3343,9.9003,13.501,20.688,25.623,6.3035,38.393,28.106,9.5029,43.184,9.0861,17.552,51.299,14.846,28.55,13.75,21.975,5.714,23.889,15.491,30.191,12.21,29.461,26.091,18.024,35.088,21.34,53.378,19.287,67.715,50.851,7.2588,5.6984,9.1046,27.736,10.667,17.365,6.2286,8.8734
2.92,5.4357,9.8794,13.558,20.652,25.642,6.2851,38.782,28.388,9.4947,43.242,9.0965,17.573,51.298,14.828,28.656,13.724,21.85,5.8134,24.056,15.334,30.353,12.193,29.605,26.314,18.206,35.026,21.338,53.177,19.138,67.537,51.026,7.3297,5.6247,9.1566,27.42,10.801,17.415,6.2426,8.9421
2.93,5.5361,9.858,13.615,20.621,25.662,6.2676,39.158,28.655,9.4846,43.29,9.1066,17.594,51.274,14.808,28.758,13.698,21.731,5.912,24.221,15.174,30.643,12.171,29.718,26.548,18.414,34.958,21.335,52.969,18.985,67.351,51.213,7.3946,5.5532,9.2023,27.106,10.939,17.465,6.257,9.0091
2.94,5.6363,9.8362,13.671,20.589,25.68,6.2512,39.523,28.908,9.4723,43.327,9.1164,17.615,51.23,14.787,28.859,13.672,21.619,6.0097,24.386,15.012,31.02,12.146,29.801,26.793,18.62,34.887,21.329,52.75,18.824,67.158,51.41,7.4553,5.4846,9.2413,26.792,11.082,17.517,6.2723,9.0741
2.95,5.7337,9.8134,13.725,20.555,25.697,6.2358,39.872,29.146,9.4579,43.354,9.126,17.635,51.164,14.764,28.958,13.644,21.511,6.1064,24.55,14.849,31.441,12.116,29.855,27.048,18.823,34.81,21.323,52.527,18.659,66.956,51.612,7.5115,5.4195,9.2735,26.48,11.227,17.568,6.2878,9.1386
2.96,5.8315,9.7906,13.78,20.519,25.712,6.2213,40.206,29.369,9.4415,43.371,9.1354,17.655,51.077,14.739,29.053,13.617,21.407,6.2018,24.712,14.684,31.843,12.08,29.879,27.31,19.024,34.728,21.315,52.297,18.485,66.754,51.825,7.5643,5.3583,9.3049,26.169,11.375,17.624,6.3041,9.2018
2.97,5.9269,9.767,13.834,20.481,25.726,6.2079,40.523,29.577,9.4233,43.377,9.1445,17.674,50.97,14.713,29.149,13.59,21.309,6.2959,24.874,14.519,32.226,12.036,29.875,27.578,19.225,34.642,21.305,52.055,18.307,66.544,52.041,7.6141,5.3014,9.3473,25.861,11.523,17.7,6.3203,9.2633
2.98,6.0187,9.743,13.887,20.441,25.738,6.1954,40.821,29.767,9.4033,43.374,9.1533,17.693,50.842,14.685,29.24,13.562,21.215,6.3887,25.035,14.353,32.607,11.985,29.843,27.85,19.43,34.55,21.294,51.812,18.121,66.327,52.258,7.6607,5.2493,9.3837,25.555,11.672,17.776,6.3369,9.3237
2.99,6.1093,9.7185,13.94,20.4,25.747,6.1841,41.103,29.941,9.3818,43.36,9.1619,17.712,50.695,14.661,29.33,13.533,21.125,6.4798,25.196,14.186,32.98,11.926,29.784,28.126,19.639,34.453,21.282,51.557,17.929,66.102,52.483,7.7034,5.2026,9.4134,25.252,11.819,17.853,6.3531,9.3837
3,6.1983,9.6935,13.993,20.358,25.754,6.1737,41.364,30.097,9.3603,43.337,9.1703,17.73,50.531,14.635,29.418,13.505,21.04,6.5695,25.355,14.02,33.333,11.861,29.996,28.403,19.853,34.352,21.268,51.297,17.732,65.876,52.706,7.7424,5.1611,9.4367,24.953,11.965,17.93,6.3695,9.4421
3.01,6.2832,9.6683,14.046,20.315,25.759,6.1642,41.648,30.235,9.3374,43.304,9.1784,17.748,50.352,14.608,29.501,13.477,20.959,6.6573,25.515,13.853,33.67,11.789,30.293,28.679,20.072,34.246,21.253,51.029,17.526,65.641,52.926,7.7787,5.1253,9.4542,24.657,12.109,18.008,6.3854,9.4991
3.02,6.3656,9.6423,14.099,20.272,25.76,6.1557,41.964,30.357,9.313,43.263,9.1862,17.767,50.158,14.579,29.586,13.448,20.883,6.7434,25.673,13.687,33.991,11.713,30.566,28.954,20.294,34.202,21.235,50.751,17.317,65.396,53.147,7.8118,5.0955,9.4668,24.365,12.248,18.087,6.401,9.5564
3.03,6.4469,9.6165,14.152,20.228,25.759,6.148,42.27,30.461,9.2874,43.213,9.1939,17.786,49.949,14.549,29.666,13.417,20.81,6.8279,25.831,13.521,34.298,11.638,30.816,29.223,20.517,34.237,21.218,50.469,17.1,65.151,53.604,7.8419,5.0719,9.4758,24.079,12.383,18.174,6.4162,9.6124
3.04,6.5262,9.5899,14.205,20.183,25.755,6.1412,42.564,30.548,9.2606,43.157,9.2013,17.804,49.726,14.518,29.744,13.388,20.742,6.9101,25.989,13.356,34.594,11.564,31.04,29.489,20.74,34.27,21.199,50.176,16.876,64.897,54.783,7.8701,5.0826,9.4814,23.797,12.512,18.27,6.4306,9.6673
3.05,6.6063,9.5633,14.257,20.136,25.749,6.1353,42.848,30.619,9.2327,43.092,9.2085,17.822,49.488,14.485,29.821,13.358,20.677,6.9908,26.147,13.192,34.878,11.49,31.242,29.746,20.958,34.302,21.178,49.88,16.649,64.632,55.925,7.897,5.1426,9.4838,23.52,12.635,18.369,6.4446,9.7226
3.06,6.685,9.5361,14.309,20.088,25.74,6.1302,43.12,30.674,9.2037,43.022,9.2158,17.84,49.36,14.45,29.892,13.327,20.616,7.0693,26.304,13.03,35.151,11.417,31.418,29.996,21.172,34.331,21.157,49.573,16.416,64.367,57.035,7.9227,5.2063,9.4828,23.249,12.75,18.47,6.4577,9.7771
3.07,6.7638,9.509,14.361,20.04,25.729,6.1259,43.382,30.712,9.1739,42.946,9.2229,17.857,49.405,14.414,29.965,13.295,20.56,7.1459,26.461,12.87,35.413,11.342,31.57,30.234,21.38,34.358,21.133,49.262,16.37,64.089,58.102,7.9461,5.2736,9.4937,22.985,12.857,18.572,6.4704,9.8307
3.08,6.84,9.4813,14.412,19.993,25.714,6.1225,43.632,30.734,9.1433,42.864,9.2297,17.874,49.448,14.377,30.033,13.263,20.507,7.2204,26.618,12.711,35.663,11.263,31.698,30.462,21.582,34.383,21.11,48.943,16.388,63.808,59.13,7.9676,5.3442,9.5208,22.727,12.984,18.675,6.4821,9.8851
3.09,6.9168,9.4537,14.462,19.944,25.698,6.1199,43.871,30.739,9.1124,42.776,9.2364,17.89,49.487,14.339,30.098,13.231,20.459,7.2926,26.775,12.554,35.902,11.231,31.8,30.676,21.779,34.406,21.084,48.616,16.401,63.517,60.116,7.9862,5.4179,9.5254,22.476,13.129,18.779,6.4933,9.9389
3.1,6.995,9.4258,14.512,19.893,25.679,6.1179,44.1,30.729,9.0816,42.684,9.2428,17.907,49.523,14.299,30.163,13.198,20.413,7.3631,26.931,12.4,36.129,11.241,31.878,30.877,21.971,34.427,21.058,48.285,16.41,63.219,61.054,8.0032,5.4947,9.5085,22.312,13.267,18.882,6.5037,9.9924
3.11,7.0704,9.3978,14.561,19.839,25.658,6.1167,44.318,30.703,9.0503,42.586,9.2489,17.923,49.553,14.258,30.223,13.164,20.37,7.4312,27.087,12.247,36.346,11.252,31.929,31.062,22.161,34.447,21.031,47.943,16.412,62.913,61.943,8.0179,5.5737,9.4707,22.283,13.397,18.985,6.6469,10.047
3.12,7.1453,9.3697,14.608,19.782,25.634,6.1161,44.526,30.662,9.0184,42.482,9.2549,17.938,49.577,14.216,30.281,13.131,20.33,7.4971,27.243,12.097,36.551,11.261,31.955,31.23,22.35,34.465,21.002,47.602,16.412,62.599,62.783,8.0305,5.6554,9.4133,22.253,13.518,19.088,6.8178,10.101
3.13,7.2156,9.3415,14.655,19.721,25.609,6.1161,44.723,30.607,8.9861,42.374,9.2606,17.953,49.595,14.172,30.338,13.097,20.294,7.561,27.399,12.052,36.746,11.267,31.954,31.381,22.54,34.481,20.973,47.25,16.405,62.276,63.568,8.0412,5.7388,9.3687,22.222,13.631,19.191,6.9802,10.156
3.14,7.2836,9.3133,14.701,19.658,25.582,6.1167,44.91,30.653,8.9534,42.261,9.2662,17.968,49.605,14.128,30.39,13.061,20.259,7.6226,27.554,12.01,36.93,11.27,31.926,31.515,22.732,34.495,20.942,46.895,16.396,61.948,64.294,8.0512,5.8236,9.3459,22.191,13.734,19.294,7.1327,10.211
3.15,7.3483,9.2852,14.746,19.592,25.554,6.1179,45.086,30.689,8.9204,42.143,9.2715,17.983,49.606,14.082,30.442,13.089,20.227,7.6819,27.709,11.969,37.105,11.27,31.873,31.628,22.925,34.507,20.911,46.535,16.379,61.606,64.966,8.0599,5.9095,9.3245,22.158,13.829,19.397,7.2745,10.266
3.16,7.412,9.2573,14.789,19.523,25.524,6.1197,45.252,30.714,8.8872,42.019,9.2766,17.997,49.6,14.035,30.49,13.117,20.198,7.7393,27.864,11.928,37.27,11.266,31.793,31.721,23.115,34.518,20.879,46.165,16.359,61.266,65.578,8.0677,5.9962,9.3041,22.123,13.914,19.5,7.4049,10.323
3.17,7.4729,9.2297,14.831,19.45,25.495,6.1221,45.407,30.728,8.8538,41.89,9.2815,18.011,49.584,13.987,30.536,13.145,20.171,7.7944,28.018,11.887,37.425,11.259,31.687,31.795,23.303,34.526,20.846,45.799,16.334,60.911,66.123,8.0751,6.083,9.2838,22.088,13.991,19.603,7.5238,10.38
3.18,7.5321,9.2083,14.872,19.375,25.465,6.1249,45.551,30.732,8.8204,41.757,9.2862,18.025,49.559,13.938,30.58,13.174,20.146,7.8473,28.173,11.845,37.571,11.248,31.555,31.847,23.487,34.533,20.812,45.423,16.303,60.553,66.604,8.0822,6.1694,9.2637,22.052,14.058,19.707,7.6524,10.438
3.19,7.5872,9.1875,14.912,19.296,25.434,6.1282,45.685,30.723,8.7869,41.619,9.2907,18.039,49.523,13.887,30.62,13.202,20.164,7.898,28.326,11.802,37.709,11.235,31.399,31.877,23.664,34.538,20.778,45.043,16.269,60.187,67.023,8.09,6.2549,9.2442,22.015,14.117,19.811,7.7953,10.496
3.2,7.6401,9.1668,14.95,19.215,25.443,6.1318,45.807,30.704,8.7535,41.53,9.295,18.052,49.477,13.836,30.66,13.231,20.385,7.9466,28.48,11.758,37.838,11.218,31.218,31.885,23.834,34.541,20.743,44.662,16.228,59.809,67.373,8.0981,6.3389,9.2258,21.977,14.165,19.916,7.9172,10.556
3.21,7.6864,9.1455,14.987,19.129,25.498,6.1359,45.918,30.673,8.7202,41.618,9.2991,18.065,49.418,13.784,30.695,13.259,20.604,7.9932,28.633,11.713,37.959,11.198,31.013,31.872,23.995,34.543,20.707,44.274,16.184,59.434,67.656,8.1067,6.4212,9.2091,21.937,14.204,20.022,8.0176,10.616
3.22,7.7309,9.1244,15.022,19.04,25.551,6.1402,46.017,30.63,8.687,41.7,9.303,18.077,49.348,13.731,30.728,13.288,20.823,8.0377,28.786,11.667,38.072,11.177,30.786,31.836,24.148,34.543,20.67,43.886,16.134,59.046,67.871,8.1159,6.501,9.1947,21.897,14.232,20.129,8.0966,10.677
3.23,7.7706,9.1028,15.057,18.947,25.602,6.1449,46.106,30.574,8.6541,41.777,9.3067,18.089,49.268,13.676,30.76,13.316,21.043,8.0803,28.937,11.62,38.177,11.153,30.557,31.777,24.293,34.541,20.633,43.494,16.08,58.651,68.022,8.126,6.5778,9.2022,21.856,14.25,20.238,8.154,10.768
3.24,7.8047,9.081,15.09,18.851,25.653,6.1499,46.185,30.506,8.6216,41.847,9.3102,18.101,49.174,13.621,30.788,13.346,21.262,8.1209,29.088,11.573,38.272,11.13,30.874,31.696,24.429,34.538,20.596,43.098,16.021,58.256,68.101,8.1374,6.6513,9.2419,21.814,14.257,20.349,8.1902,10.908
3.25,7.8376,9.059,15.123,18.751,25.701,6.1553,46.253,30.426,8.5899,41.913,9.3135,18.113,49.069,13.565,30.815,13.375,21.48,8.1599,29.238,11.525,38.357,11.106,31.278,31.593,24.557,34.533,20.558,42.703,16.042,57.85,68.108,8.15,6.7217,9.2819,21.773,14.254,20.462,8.2052,11.051
3.26,7.8678,9.0365,15.154,18.648,25.749,6.1609,46.312,30.333,8.5585,41.973,9.3167,18.125,48.95,13.508,30.839,13.404,21.697,8.1973,29.387,11.476,38.433,11.082,31.735,31.467,24.676,34.526,20.519,42.303,16.124,57.436,68.048,8.1638,6.7887,9.323,21.731,14.241,20.585,8.1994,11.2
3.27,7.8996,9.014,15.185,18.543,25.794,6.1666,46.361,30.228,8.5274,42.028,9.3196,18.136,48.818,13.45,30.859,13.434,21.913,8.2334,29.535,11.427,38.498,11.058,32.199,31.318,24.786,34.518,20.48,41.902,16.203,57.025,67.919,8.1788,6.852,9.3658,21.691,14.217,20.712,8.1727,11.353
3.28,7.9317,8.9911,15.215,18.436,25.839,6.1725,46.401,30.11,8.4968,42.077,9.3224,18.147,48.672,13.394,30.88,13.463,22.129,8.2685,29.681,11.377,38.554,11.034,32.67,31.147,24.886,34.508,20.441,41.501,16.277,56.604,67.72,8.1951,6.9105,9.411,21.65,14.184,20.842,8.1904,11.509
3.29,7.9586,8.9679,15.244,18.326,25.882,6.1785,46.433,29.981,8.4667,42.121,9.325,18.158,48.512,13.338,30.895,13.492,22.344,8.3029,30.037,11.328,38.6,11.008,33.148,30.955,24.977,34.497,20.402,41.095,16.352,56.175,67.452,8.2127,6.9634,9.4592,21.608,14.14,20.975,8.201,11.669
3.3,7.9843,8.9444,15.273,18.214,25.924,6.1846,46.455,29.839,8.437,42.16,9.3276,18.169,48.337,13.281,30.91,13.521,22.557,8.3367,30.384,11.278,38.635,10.981,33.632,30.742,25.058,34.484,20.362,40.693,16.423,55.747,67.125,8.2323,7.0096,9.5109,21.566,14.088,21.11,8.2023,11.832
3.31,8.003,8.9209,15.3,18.099,25.964,6.1908,46.468,29.686,8.4078,42.193,9.3302,18.18,48.149,13.223,30.922,13.55,22.77,8.3696,30.717,11.227,38.658,10.953,34.122,30.507,25.128,34.469,20.322,40.383,16.49,55.315,66.732,8.2534,7.1607,9.5669,21.523,14.027,21.246,8.1931,11.997
3.32,8.0214,8.897,15.327,17.983,26.003,6.1972,46.472,29.521,8.3793,42.221,9.3325,18.191,47.945,13.164,30.93,13.579,22.981,8.4014,31.035,11.177,38.668,10.922,34.618,30.254,25.187,34.453,20.283,40.158,16.556,54.875,66.275,8.2757,7.3151,9.6275,21.48,13.957,21.385,8.1728,12.165
3.33,8.0338,8.8726,15.354,17.864,26.04,6.2035,46.468,29.345,8.3513,42.243,9.3347,18.202,47.725,13.105,30.939,13.607,23.19,8.4319,31.34,11.128,38.666,10.89,35.12,29.98,25.237,34.435,20.244,39.932,16.619,54.429,65.759,8.2991,7.4698,9.6932,21.436,13.881,21.526,8.1408,12.334
3.34,8.0456,8.8483,15.38,17.742,26.076,6.2099,46.454,29.159,8.3239,42.261,9.3368,18.213,47.491,13.045,30.942,13.636,23.397,8.4609,31.63,11.078,38.651,10.855,35.627,29.687,25.409,34.415,20.204,39.705,16.679,53.988,65.185,8.3233,7.6237,9.7646,21.391,13.797,21.668,8.0965,12.504
3.35,8.0648,8.8238,15.406,17.618,26.111,6.2162,46.432,28.963,8.2972,42.273,9.3386,18.223,47.24,12.984,30.946,13.664,23.602,8.4881,31.908,11.028,38.623,10.819,36.139,29.377,25.721,34.394,20.165,39.474,16.735,53.541,64.551,8.3484,7.7768,9.8419,21.344,13.708,21.813,8.0393,12.675
3.36,8.0852,8.7989,15.431,17.492,26.144,6.2224,46.4,28.758,8.2712,42.279,9.3403,18.234,46.975,12.922,30.946,13.693,23.806,8.5136,32.174,10.979,38.7,10.78,36.657,29.049,26.019,34.371,20.126,39.241,16.791,53.088,63.861,8.3738,7.9276,9.9255,21.296,13.613,21.959,7.9687,12.847
3.37,8.103,8.7737,15.456,17.365,26.177,6.2284,46.36,28.544,8.2459,42.282,9.3418,18.244,46.693,12.86,30.945,13.722,24.008,8.5372,32.427,10.931,38.818,10.74,37.178,29.005,26.301,34.347,20.086,39.01,16.843,52.631,63.119,8.3994,8.0756,10.016,21.248,13.514,22.107,7.9325,13.018
3.38,8.1183,8.7483,15.481,17.237,26.207,6.2344,46.311,28.322,8.2213,42.278,9.3432,18.253,46.487,12.797,30.941,13.751,24.207,8.5589,32.669,10.882,38.931,10.698,37.704,29.091,26.567,34.321,20.046,38.774,16.891,52.179,62.322,8.4249,8.2205,10.113,21.197,13.412,22.258,8.0169,13.189
3.39,8.1303,8.723,15.506,17.108,26.237,6.2405,46.253,28.091,8.1975,42.269,9.3444,18.263,46.431,12.733,30.935,13.78,24.403,8.5788,32.899,10.835,39.039,10.654,38.234,29.159,26.815,34.294,20.007,38.535,16.938,51.723,61.67,8.4502,8.3613,10.217,21.146,13.306,22.411,8.0995,13.36
3.4,8.1422,8.6974,15.53,16.977,26.265,6.2463,46.185,27.853,8.1744,42.257,9.3454,18.272,46.37,12.669,30.928,13.808,24.596,8.5968,33.118,10.788,39.143,10.648,38.767,29.209,27.045,34.264,19.966,38.299,16.982,51.263,61.067,8.4749,8.4974,10.328,21.093,13.198,22.566,8.1802,13.529
3.41,8.1524,8.6714,15.554,16.845,26.292,6.2519,46.108,27.608,8.1521,42.238,9.3463,18.281,46.305,12.604,30.917,13.837,24.785,8.6133,33.339,10.742,39.242,10.651,39.304,29.241,27.257,34.233,19.926,38.06,17.023,50.799,60.414,8.4995,8.6283,10.447,21.04,13.089,22.725,8.259,13.721
3.42,8.1621,8.6452,15.578,16.793,26.318,6.2573,46.022,27.356,8.1306,42.214,9.347,18.29,46.236,12.538,30.907,13.865,24.972,8.6281,33.713,10.696,39.335,10.652,39.844,29.253,27.451,34.201,19.885,37.818,17.062,50.339,59.722,8.5236,8.7534,10.572,20.985,12.979,22.886,8.3358,13.916
3.43,8.1651,8.6191,15.602,16.791,26.342,6.2624,45.927,27.097,8.1099,42.186,9.3476,18.298,46.162,12.472,30.892,13.893,25.155,8.6414,34.075,10.651,39.421,10.65,40.387,29.248,27.636,34.166,19.843,37.576,17.099,49.879,58.984,8.5466,8.8724,10.705,20.931,12.868,23.051,8.4105,14.108
3.44,8.1675,8.5929,15.626,16.789,26.366,6.2673,45.822,26.831,8.0901,42.152,9.348,18.307,46.083,12.406,30.877,13.92,25.334,8.6535,34.423,10.607,39.501,10.646,40.931,29.225,27.828,34.131,19.802,37.334,17.132,49.417,58.207,8.5698,8.9846,10.845,20.875,12.759,23.221,8.483,14.296
3.45,8.1635,8.5664,15.649,16.785,26.388,6.272,45.708,26.56,8.0711,42.115,9.3483,18.315,45.999,12.339,30.859,13.948,25.509,8.6645,34.758,10.564,39.573,10.64,41.478,29.183,28.005,34.094,19.76,37.089,17.163,48.953,57.393,8.5918,9.0899,10.992,20.819,12.65,23.395,8.5533,14.481
3.46,8.1576,8.5396,15.672,16.78,26.409,6.2765,45.585,26.282,8.0529,42.072,9.3484,18.355,45.909,12.271,30.84,13.975,25.681,8.6744,35.076,10.522,39.639,10.631,42.027,29.125,28.168,34.055,19.718,36.842,17.193,48.49,56.634,8.6132,9.1878,11.145,20.763,12.542,23.572,8.6212,14.662
3.47,8.1466,8.5126,15.694,16.774,26.429,6.2807,45.453,25.999,8.0355,42.025,9.3484,18.436,45.816,12.203,30.818,14.003,25.848,8.6832,35.377,10.481,39.696,10.62,42.578,29.049,28.316,34.014,19.674,36.597,17.218,48.074,56.484,8.6327,9.278,11.305,20.706,12.436,23.753,8.6867,14.838
3.48,8.1348,8.4857,15.715,16.767,26.447,6.2844,45.312,25.711,8.0191,41.973,9.3482,18.509,45.717,12.135,30.794,14.03,26.01,8.6906,35.662,10.44,39.747,10.607,43.129,28.956,28.451,33.972,19.631,36.351,17.243,47.795,56.319,8.651,9.3603,11.471,20.648,12.332,23.937,8.7498,15.008
3.49,8.1184,8.4588,15.737,16.759,26.465,6.2878,45.163,25.417,8.0034,41.916,9.348,18.578,45.613,12.066,30.769,14.058,26.167,8.6969,35.929,10.4,39.791,10.592,43.682,28.846,28.572,33.928,19.587,36.103,17.265,47.52,56.136,8.6666,9.4346,11.642,20.668,12.23,24.125,8.8106,15.174
3.5,8.1006,8.4316,15.757,16.749,26.481,6.2908,45.005,25.119,7.9887,41.856,9.3475,18.64,45.504,11.997,30.74,14.085,26.319,8.702,36.179,10.361,39.828,10.574,44.235,28.721,28.681,33.883,19.543,35.854,17.284,47.243,55.936,8.6805,9.5009,11.819,20.824,12.131,24.317,8.869,15.333
3.51,8.0812,8.4042,15.777,16.738,26.496,6.2936,44.84,24.817,7.9748,41.791,9.347,18.695,45.391,11.927,30.712,14.112,26.464,8.7064,36.413,10.324,39.858,10.554,44.789,28.579,28.778,33.836,19.498,35.608,17.303,46.962,55.72,8.6909,9.559,12.001,20.986,12.035,24.512,8.9252,15.487
3.52,8.062,8.3837,15.797,16.726,26.51,6.2961,44.667,24.511,7.9618,41.721,9.3463,18.746,45.273,11.857,30.68,14.138,26.602,8.7116,36.629,10.287,39.881,10.532,45.343,28.423,28.866,33.788,19.453,35.36,17.318,46.68,55.486,8.6985,9.6092,12.188,21.155,11.942,24.711,8.9795,15.634
3.53,8.0429,8.3923,15.816,16.712,26.523,6.2981,44.488,24.201,7.9496,41.648,9.3454,18.79,45.149,11.786,30.649,14.165,26.734,8.7179,36.827,10.251,39.897,10.508,45.898,28.251,28.944,33.738,19.407,35.11,17.331,46.395,55.24,8.702,9.6513,12.379,21.33,11.852,24.913,9.0316,15.775
3.54,8.0185,8.4003,15.836,16.698,26.535,6.2996,44.301,23.888,7.9383,41.57,9.3445,18.83,45.023,11.716,30.613,14.191,26.86,8.7236,37.008,10.216,39.906,10.484,46.452,28.065,29.014,33.687,19.361,34.861,17.343,46.114,54.979,8.701,9.6853,12.573,21.509,11.765,25.119,9.082,15.909
3.55,7.9925,8.4075,15.855,16.682,26.546,6.3007,44.108,23.573,7.9279,41.489,9.3434,18.866,44.891,11.645,30.578,14.217,26.978,8.7282,37.172,10.182,39.908,10.461,47.006,27.866,29.074,33.634,19.315,34.614,17.351,45.831,54.701,8.696,9.7114,12.77,21.694,11.682,25.328,9.1315,16.037
3.56,7.962,8.4147,15.874,16.665,26.556,6.3013,43.91,23.255,7.9183,41.404,9.3421,18.898,44.755,11.573,30.54,14.242,27.088,8.7314,37.319,10.149,39.903,10.442,47.56,27.653,29.124,33.58,19.267,34.367,17.359,45.547,54.408,8.6858,9.7296,12.969,21.884,11.603,25.54,9.2189,16.158
3.57,7.9257,8.4214,15.893,16.647,26.564,6.3016,43.706,22.935,7.9096,41.315,9.3408,18.928,44.616,11.502,30.502,14.268,27.189,8.7333,37.569,10.117,39.891,10.425,48.114,27.428,29.163,33.524,19.22,34.118,17.364,45.261,54.1,8.6705,9.7401,13.17,22.078,11.527,25.755,9.3894,16.272
3.58,7.8866,8.4274,15.912,16.627,26.572,6.3015,43.498,22.613,7.9018,41.223,9.3393,18.956,44.472,11.43,30.461,14.293,27.283,8.7337,37.841,10.085,39.871,10.408,48.668,27.191,29.19,33.467,19.172,33.87,17.369,44.974,54.049,8.6508,9.7432,13.372,22.276,11.454,25.973,9.5707,16.379
3.59,7.8447,8.4329,15.932,16.607,26.579,6.3008,43.284,22.29,7.8947,41.128,9.3378,18.99,44.323,11.358,30.421,14.319,27.369,8.7329,38.112,10.055,39.843,10.39,49.221,26.943,29.205,33.409,19.123,33.625,17.371,44.688,54.071,8.6258,9.7388,13.574,22.477,11.385,26.195,9.7621,16.478
3.6,7.7973,8.4377,15.952,16.618,26.584,6.2996,43.068,21.965,7.8886,41.03,9.3363,19.026,44.172,11.346,30.378,14.344,27.446,8.7345,38.381,10.026,39.807,10.372,49.774,26.683,29.207,33.349,19.074,33.379,17.372,44.404,54.083,8.5966,9.7272,13.776,22.682,11.319,26.42,9.963,16.569
3.61,7.7488,8.4426,15.973,16.639,26.589,6.2979,42.848,21.64,7.8832,40.928,9.3347,19.065,44.016,11.363,30.335,14.369,27.513,8.7758,38.649,9.9971,39.763,10.352,50.327,26.414,29.197,33.288,19.025,33.134,17.373,44.118,54.082,8.5635,9.7086,13.976,22.89,11.255,26.649,10.173,16.652
3.62,7.7013,8.4469,15.996,16.66,26.593,6.2957,42.626,21.314,7.8787,40.823,9.333,19.102,43.856,11.383,30.29,14.393,27.571,8.8131,38.916,9.9694,39.71,10.331,50.879,26.135,29.174,33.225,18.975,32.888,17.373,43.831,54.072,8.5724,9.6833,14.175,23.1,11.194,26.881,10.39,16.726
3.63,7.6581,8.4507,16.021,16.681,26.595,6.2931,42.405,20.989,7.8749,40.717,9.3312,19.137,43.693,11.47,30.244,14.418,27.622,8.8468,39.182,9.9424,39.649,10.309,51.43,25.848,29.139,33.161,18.925,32.644,17.373,43.544,54.051,8.578,9.6514,14.372,23.314,11.136,27.118,10.613,16.792
3.64,7.613,8.4539,16.048,16.701,26.597,6.29,42.186,20.663,7.872,40.607,9.3293,19.168,43.525,11.553,30.197,14.442,27.663,8.8771,39.447,9.9162,39.578,10.285,51.982,25.552,29.092,33.096,18.875,32.402,17.374,43.258,54.016,8.6669,9.6132,14.565,23.529,11.079,27.358,10.841,16.849
3.65,7.5666,8.4565,16.074,16.722,26.598,6.2864,41.973,20.338,7.8699,40.495,9.3272,19.197,43.355,11.633,30.149,14.466,27.695,8.9037,39.711,9.8907,39.5,10.259,52.533,25.249,29.032,33.029,18.823,32.161,17.374,42.973,53.976,8.7542,9.6942,14.755,23.746,11.023,27.601,11.072,16.897
3.66,7.5154,8.4592,16.1,16.742,26.598,6.2821,41.786,20.015,7.8685,40.381,9.325,19.22,43.182,11.71,30.101,14.489,27.715,8.9263,39.973,9.8659,39.411,10.231,53.083,24.941,28.961,32.961,18.772,31.92,17.372,42.689,53.924,8.8394,9.9006,14.94,23.965,10.969,27.847,11.304,16.938
3.67,7.4626,8.4615,16.126,16.762,26.597,6.2772,41.673,19.692,7.868,40.264,9.3228,19.24,43.004,11.782,30.05,14.512,27.727,8.9447,40.234,9.8418,39.314,10.202,53.635,24.625,28.878,32.892,18.72,31.68,17.37,42.404,53.861,8.9223,10.113,15.12,24.186,10.914,28.096,11.535,17.106
3.68,7.4071,8.4632,16.151,16.781,26.595,6.272,41.733,19.371,7.8681,40.145,9.3204,19.255,42.824,11.852,30,14.535,27.73,8.9591,40.495,9.8183,39.207,10.172,54.186,24.305,28.784,32.821,18.668,31.44,17.365,42.119,53.792,9.0034,10.331,15.294,24.407,10.86,28.349,11.765,17.272
3.69,7.3471,8.4644,16.175,16.801,26.592,6.2663,41.854,19.053,7.8691,40.025,9.3179,19.266,42.64,11.921,29.949,14.557,27.723,8.9697,40.755,9.7955,39.091,10.139,54.739,23.981,28.679,32.749,18.615,31.204,17.36,41.835,53.712,9.0821,10.553,15.463,24.63,10.805,28.604,11.99,17.428
3.7,7.283,8.4651,16.198,16.82,26.589,6.2599,41.971,18.736,7.8707,39.902,9.3153,19.274,42.454,11.988,29.896,14.58,27.704,8.9773,41.014,9.7733,38.965,10.105,55.294,23.653,28.563,32.676,18.563,30.969,17.352,41.554,53.624,9.1582,10.777,15.625,24.854,10.75,28.863,12.211,17.574
3.71,7.2186,8.466,16.221,16.839,26.584,6.253,42.083,18.423,7.8731,39.777,9.3126,19.277,42.264,12.052,29.844,14.603,27.746,8.9817,41.271,9.7517,38.829,10.069,55.849,23.322,28.438,32.601,18.509,30.734,17.343,41.273,53.529,9.2318,11.002,15.78,25.078,10.692,29.124,12.424,17.711
3.72,7.1512,8.4663,16.243,16.858,26.579,6.2454,42.189,18.113,7.8762,39.651,9.3098,19.277,42.071,12.113,29.789,14.625,27.788,8.9908,41.526,9.7304,38.684,10.032,56.405,22.99,28.302,32.525,18.456,30.501,17.333,40.992,53.422,9.303,11.227,15.928,25.303,10.633,29.388,12.634,17.84
3.73,7.0801,8.4662,16.265,16.876,26.573,6.2373,42.29,17.806,7.8799,39.523,9.3069,19.274,41.876,12.17,29.735,14.647,27.818,9.0274,41.78,9.7096,38.529,9.9929,56.958,22.657,28.158,32.448,18.402,30.268,17.319,40.711,53.312,9.3716,11.45,16.069,25.528,10.571,29.655,12.85,17.959
3.74,7.007,8.4656,16.285,16.894,26.566,6.2288,42.388,17.503,7.8844,39.393,9.3039,19.269,41.678,12.223,29.679,14.669,27.843,9.0637,42.031,9.689,38.365,9.9524,57.509,22.323,28.005,32.369,18.347,30.036,17.306,40.431,53.191,9.4379,11.672,16.202,25.753,10.506,29.924,13.058,18.069
3.75,6.9333,8.4649,16.306,16.912,26.558,6.2197,42.48,17.386,7.8894,39.261,9.3008,19.263,41.477,12.274,29.623,14.69,27.856,9.0988,42.279,9.6688,38.217,9.9102,58.057,21.99,27.845,32.289,18.293,29.808,17.289,40.155,53.064,9.5016,11.891,16.327,25.978,10.437,30.196,13.256,18.172
3.76,6.8579,8.464,16.325,16.93,26.55,6.21,42.568,17.292,7.8952,39.128,9.2977,19.255,41.274,12.325,29.566,14.711,27.864,9.1324,42.523,9.6487,38.142,9.8669,58.603,21.658,27.676,32.207,18.238,29.581,17.272,39.879,52.929,9.563,12.105,16.443,26.203,10.365,30.471,13.445,18.268
3.77,6.7826,8.4627,16.345,16.948,26.54,6.1996,42.651,17.197,7.9016,38.994,9.2944,19.247,41.068,12.374,29.508,14.731,27.861,9.1646,42.763,9.6288,38.063,9.822,59.145,21.328,27.5,32.124,18.183,29.355,17.252,39.604,52.786,9.6219,12.315,16.551,26.428,10.316,30.747,13.622,18.356
3.78,6.7075,8.4609,16.363,16.965,26.53,6.1886,42.73,17.101,7.9086,38.858,9.291,19.239,40.861,12.42,29.45,14.751,27.851,9.1954,42.999,9.6091,37.98,9.7757,59.683,21,27.317,32.04,18.128,29.131,17.231,39.33,52.64,9.6785,12.52,16.65,26.652,10.352,31.026,13.79,18.438
3.79,6.6316,8.4589,16.381,16.983,26.519,6.1773,42.805,17.005,7.9161,38.72,9.2876,19.229,40.651,12.462,29.391,14.771,27.832,9.2244,43.231,9.5894,37.893,9.7283,60.248,20.677,27.129,31.954,18.072,28.908,17.209,39.057,52.483,9.7326,12.719,16.74,26.875,10.388,31.307,13.946,18.513
3.8,6.5548,8.4569,16.398,17,26.508,6.1654,42.874,16.908,7.9243,38.581,9.284,19.217,40.439,12.501,29.331,14.791,27.806,9.2513,43.458,9.57,37.802,9.6795,60.954,20.357,27.044,31.867,18.016,28.686,17.184,38.786,52.324,9.7839,12.913,16.822,27.098,10.423,31.59,14.091,18.583
3.81,6.4757,8.4544,16.415,17.017,26.496,6.1529,42.938,16.811,7.9331,38.44,9.2804,19.203,40.226,12.536,29.271,14.811,27.77,9.2761,43.681,9.5505,37.708,9.6295,61.657,20.043,26.983,31.779,17.96,28.466,17.159,38.517,52.156,9.8322,13.1,16.895,27.32,10.457,31.875,14.226,18.648
3.82,6.3975,8.4516,16.432,17.033,26.482,6.1397,42.998,16.714,7.9423,38.298,9.2767,19.185,40.011,12.572,29.209,14.831,27.726,9.2988,43.898,9.5309,37.611,9.5786,62.355,19.735,26.903,31.689,17.904,28.247,17.133,38.25,51.984,9.8772,13.281,16.959,27.542,10.491,32.162,14.35,18.708
3.83,6.3173,8.4484,16.447,17.05,26.469,6.1259,43.053,16.616,7.9522,38.155,9.2729,19.164,39.794,12.606,29.148,14.85,27.674,9.3191,44.111,9.5112,37.51,9.5265,63.05,19.433,26.804,31.598,17.86,28.031,17.106,37.984,51.806,9.9189,13.456,17.036,27.761,10.524,32.45,14.465,18.765
3.84,6.2351,8.4453,16.463,17.066,26.454,6.1117,43.102,16.518,7.9625,38.01,9.269,19.141,39.575,12.638,29.085,14.869,27.614,9.3372,44.319,9.4913,37.406,9.4735,63.738,19.138,26.687,31.506,17.875,27.817,17.078,37.72,51.623,9.9573,13.625,17.126,27.98,10.557,32.741,14.57,18.819
3.85,6.1524,8.4418,16.478,17.082,26.439,6.097,43.147,16.419,7.9734,37.863,9.265,19.115,39.355,12.666,29.021,14.887,27.545,9.3532,44.522,9.4711,37.298,9.4199,64.42,18.851,26.555,31.412,17.89,27.605,17.049,37.457,51.434,9.9923,13.788,17.208,28.198,10.589,33.033,14.667,18.87
3.86,6.0699,8.4379,16.492,17.098,26.423,6.0817,43.186,16.32,7.9847,37.714,9.261,19.086,39.134,12.691,28.957,14.905,27.47,9.3673,44.72,9.4507,37.187,9.3655,65.092,18.572,26.407,31.317,17.904,27.394,17.019,37.195,51.241,10.024,13.945,17.282,28.414,10.621,33.327,14.757,18.919
3.87,5.9861,8.4336,16.506,17.114,26.406,6.0657,43.221,16.22,7.9965,37.564,9.2568,19.056,38.912,12.713,28.892,14.923,27.386,9.3793,44.913,9.4299,37.072,9.4614,65.753,18.302,26.244,31.22,17.918,27.184,16.989,36.936,51.043,10.052,14.097,17.348,28.629,10.653,33.622,14.841,18.968
3.88,5.9012,8.4293,16.519,17.129,26.389,6.0492,43.251,16.12,8.0088,37.413,9.2526,19.026,38.687,12.735,28.828,14.94,27.295,9.3895,45.1,9.4088,36.953,9.643,66.403,18.041,26.068,31.122,17.932,26.977,16.956,36.68,50.841,10.077,14.244,17.407,28.842,10.684,33.919,14.919,19.016
3.89,5.8153,8.4249,16.532,17.145,26.371,6.0321,43.275,16.019,8.0215,37.26,9.2484,19.03,38.462,12.756,28.762,14.957,27.196,9.398,45.283,9.3872,36.832,9.824,67.042,17.79,25.88,31.022,17.946,26.771,16.924,36.425,50.635,10.098,14.385,17.459,29.066,10.715,34.217,14.994,19.066
3.9,5.7299,8.4201,16.543,17.16,26.353,6.0146,43.296,15.916,8.0346,37.105,9.244,19.046,38.235,12.774,28.696,14.974,27.089,9.4051,45.461,9.3655,36.706,10.004,67.67,17.549,25.681,30.921,17.959,26.567,16.891,36.173,50.424,10.115,14.521,17.504,29.417,10.746,34.517,15.067,19.116
3.91,5.6707,8.4149,16.554,17.175,26.333,5.9966,43.311,15.813,8.0481,36.949,9.2396,19.062,38.007,12.789,28.63,14.991,26.976,9.4111,45.633,9.3434,36.577,10.183,68.287,17.342,25.471,30.819,17.973,26.365,16.856,35.922,50.21,10.129,14.651,17.543,29.771,10.777,34.817,15.139,19.169
3.92,5.6402,8.4094,16.564,17.19,26.314,5.978,43.322,15.709,8.062,36.791,9.2351,19.075,37.778,12.801,28.564,15.008,26.855,9.4167,45.801,9.3208,36.445,10.362,68.892,17.336,25.252,30.715,17.986,26.165,16.821,35.673,49.992,10.139,14.778,17.576,30.128,10.807,35.117,15.21,19.224
3.93,5.6084,8.4039,16.574,17.204,26.293,5.9588,43.326,15.604,8.0763,36.632,9.2305,19.086,37.548,12.81,28.496,15.024,26.728,9.4285,45.964,9.2976,36.309,10.538,69.486,17.326,25.025,30.61,17.998,25.966,16.784,35.426,49.771,10.146,14.899,17.604,30.487,10.838,35.418,15.283,19.282
3.94,5.5735,8.3982,16.583,17.218,26.272,5.939,43.328,15.499,8.0909,36.471,9.2259,19.094,37.317,12.82,28.429,15.04,26.595,9.445,46.123,9.274,36.169,10.714,70.067,17.311,24.792,30.504,18.011,25.77,16.746,35.181,49.547,10.148,15.016,17.626,30.849,10.88,35.72,15.358,19.345
3.95,5.5378,8.3922,16.592,17.232,26.251,5.9187,43.323,15.392,8.1059,36.309,9.2212,19.098,37.084,12.829,28.359,15.055,26.454,9.4599,46.277,9.2498,36.027,10.888,70.636,17.291,24.552,30.396,18.023,25.577,16.707,34.939,49.319,10.146,15.13,17.642,31.213,10.921,36.023,15.437,19.412
3.96,5.5004,8.3859,16.601,17.246,26.228,5.8981,43.315,15.284,8.1212,36.145,9.2164,19.1,36.851,12.835,28.29,15.071,26.307,9.4725,46.428,9.225,35.88,11.061,71.192,17.269,24.308,30.286,18.036,25.386,16.666,34.698,49.09,10.141,15.241,17.652,31.578,10.962,36.326,15.52,19.483
3.97,5.4606,8.3792,16.609,17.26,26.205,5.8769,43.3,15.176,8.1369,35.98,9.2116,19.096,36.617,12.838,28.376,15.085,26.155,9.4831,46.575,9.1997,35.73,11.232,71.735,17.241,24.109,30.175,18.048,25.197,16.624,34.461,48.856,10.131,15.351,17.656,31.945,11.003,36.63,15.608,19.561
3.98,5.4192,8.3726,16.617,17.274,26.182,5.8551,43.282,15.067,8.1528,35.813,9.2067,19.091,36.382,12.838,28.519,15.1,25.997,9.4919,46.718,9.1737,35.577,11.401,72.264,17.21,23.998,30.195,18.06,25.01,16.58,34.227,48.622,10.116,15.459,17.655,32.314,11.044,36.935,15.703,19.643
3.99,5.3779,8.3658,16.625,17.287,26.158,5.8328,43.259,14.957,8.169,35.645,9.2019,19.08,36.146,12.836,28.658,15.114,25.832,9.4992,46.859,9.1472,35.422,11.568,72.78,17.174,23.887,30.222,18.072,24.825,16.534,33.994,48.382,10.097,15.566,17.648,32.684,11.085,37.241,15.804,19.732
4,5.3349,8.3587,16.632,17.3,26.134,5.8099,43.232,14.846,8.1854,35.476,9.197,19.067,35.91,12.834,28.794,15.127,25.661,9.5056,46.998,9.1201,35.264,11.734,73.283,17.135,23.775,30.249,18.084,24.643,16.488,33.764,48.144,10.074,15.674,17.636,33.057,11.126,37.549,15.912,19.828
4.01,5.2902,8.3512,16.639,17.313,26.109,5.7867,43.2,14.735,8.2022,35.304,9.1921,19.049,35.672,12.831,28.927,15.141,25.486,9.511,47.134,9.0927,35.104,11.898,73.773,17.091,23.665,30.275,18.096,24.463,16.44,33.537,47.899,10.046,15.782,17.619,33.43,11.167,37.858,16.028,19.93
4.02,5.2459,8.3435,16.646,17.327,26.083,5.763,43.164,14.624,8.2191,35.132,9.1871,19.028,35.452,12.889,29.057,15.155,25.306,9.5199,47.27,9.0646,34.942,12.06,74.249,17.043,23.556,30.3,18.107,24.286,16.39,33.311,47.657,10.013,15.892,17.596,33.804,11.207,38.17,16.15,20.04
4.03,5.2012,8.3358,16.652,17.34,26.057,5.7388,43.123,14.512,8.2363,34.959,9.182,19.003,35.376,13.018,29.183,15.168,25.12,9.5332,47.406,9.036,34.805,12.22,74.711,16.993,23.45,30.325,18.119,24.111,16.34,33.089,47.409,10.032,16.004,17.567,34.178,11.292,38.486,16.28,20.156
4.04,5.1555,8.3279,16.658,17.353,26.03,5.7141,43.079,14.399,8.2536,34.784,9.1769,18.975,35.301,13.142,29.307,15.181,24.928,9.5463,47.541,9.0067,34.795,12.378,75.16,16.938,23.487,30.349,18.13,23.938,16.288,32.869,47.161,10.083,16.118,17.531,34.553,11.427,38.806,16.416,20.28
4.05,5.1092,8.3198,16.664,17.366,26.003,5.6889,43.03,14.286,8.2712,34.608,9.1717,18.944,35.223,13.26,29.427,15.194,24.731,9.5585,47.676,8.9768,34.783,12.534,75.594,16.879,23.633,30.372,18.141,23.768,16.234,32.651,46.911,10.13,16.235,17.49,34.928,11.56,39.13,16.559,20.411
4.06,5.0636,8.3113,16.669,17.378,25.976,5.6632,42.979,14.174,8.2889,34.432,9.1665,18.91,35.146,13.373,29.544,15.206,24.53,9.5693,47.812,8.9462,34.771,12.689,76.016,16.817,23.777,30.395,18.152,23.601,16.18,32.437,46.658,10.175,16.356,17.442,35.303,11.695,39.46,16.707,20.549
4.07,5.0184,8.3026,16.675,17.391,25.947,5.6371,42.923,14.061,8.3068,34.253,9.1612,18.886,35.067,13.478,29.657,15.218,24.324,9.5781,47.948,8.9151,34.757,12.844,76.423,16.751,23.919,30.417,18.163,23.438,16.124,32.225,46.405,10.216,16.48,17.389,35.678,11.877,39.802,16.86,20.694
4.08,4.973,8.2939,16.68,17.425,25.919,5.6106,42.864,13.957,8.3249,34.075,9.1559,18.999,34.988,13.58,29.767,15.229,24.114,9.5847,48.086,8.8833,34.743,13,76.816,16.682,24.059,30.574,18.173,23.395,16.066,32.015,46.148,10.254,16.609,17.33,36.053,12.058,40.15,17.018,20.847
4.09,4.9278,8.285,16.686,17.473,25.89,5.5837,42.802,13.906,8.3431,33.895,9.1505,19.11,34.908,13.672,29.873,15.241,23.899,9.5888,48.224,8.8509,34.727,13.157,77.195,16.609,24.197,30.953,18.184,23.375,16.008,31.809,45.892,10.289,16.742,17.265,36.427,12.239,40.5,17.179,21.006
4.1,4.8828,8.2759,16.691,17.521,25.86,5.5563,42.736,13.854,8.3614,33.715,9.145,19.22,34.827,13.76,29.977,15.251,23.681,9.5902,48.363,8.8179,34.711,13.314,77.56,16.73,24.332,31.325,18.194,23.354,15.948,31.605,45.633,10.322,16.879,17.195,36.801,12.419,40.853,17.343,21.172
4.11,4.8384,8.2665,16.697,17.569,25.831,5.5285,42.667,13.801,8.3798,33.534,9.1395,19.327,34.746,13.841,30.076,15.262,23.459,9.5891,48.502,8.7843,34.694,13.47,77.914,16.899,24.465,31.69,18.204,23.331,15.887,31.404,45.372,10.351,17.021,17.12,37.174,12.599,41.206,17.507,21.345
4.12,4.7955,8.2685,16.702,17.616,25.801,5.5002,42.595,13.747,8.3983,33.352,9.134,19.431,34.663,13.913,30.172,15.273,23.234,9.5855,48.641,8.7502,34.676,13.627,78.257,17.065,24.596,32.05,18.214,23.308,15.823,31.206,45.112,10.377,17.167,17.041,37.546,12.777,41.56,17.671,21.524
4.13,4.7538,8.2876,16.707,17.664,25.77,5.4715,42.522,13.693,8.4169,33.175,9.1283,19.532,34.58,13.983,30.263,15.283,23.006,9.5793,48.779,8.7156,34.657,13.782,78.592,17.228,24.724,32.405,18.224,23.284,15.76,31.011,44.849,10.4,17.317,16.957,37.917,12.955,41.913,17.834,21.709
4.14,4.713,8.3063,16.737,17.71,25.739,5.4424,42.445,13.638,8.4356,33.156,9.1227,19.633,34.496,14.044,30.351,15.293,23.093,9.5706,48.916,8.6804,34.638,13.936,78.918,17.387,24.851,32.755,18.233,23.258,15.695,30.819,44.585,10.421,17.472,16.87,38.288,13.131,42.267,17.995,21.901
4.15,4.6734,8.3246,16.811,17.757,25.708,5.4362,42.366,13.582,8.4544,33.136,9.117,19.731,34.412,14.096,30.435,15.303,23.185,9.5595,49.052,8.6446,34.618,14.088,79.235,17.543,24.975,33.103,18.243,23.232,15.628,30.629,44.32,10.44,17.631,16.779,38.657,13.306,42.621,18.152,22.097
4.16,4.6351,8.3423,16.883,17.803,25.676,5.4397,42.285,13.525,8.4732,33.116,9.1112,19.826,34.326,14.146,30.514,15.312,23.272,9.546,49.187,8.6082,34.598,14.238,79.546,17.693,25.097,33.447,18.253,23.205,15.559,30.443,44.052,10.455,17.793,16.685,39.025,13.48,42.974,18.304,22.299
4.17,4.5982,8.3596,16.953,17.848,25.644,5.4426,42.201,13.468,8.4922,33.095,9.1055,19.918,34.24,14.186,30.589,15.321,23.357,9.5302,49.321,8.5712,34.577,14.386,79.85,17.838,25.216,33.787,18.263,23.176,15.491,30.26,43.787,10.467,17.959,16.588,39.391,13.652,43.327,18.452,22.505
4.18,4.563,8.3764,17.023,17.893,25.612,5.445,42.114,13.41,8.5113,33.073,9.0996,20.009,34.154,14.221,30.662,15.33,23.438,9.5119,49.454,8.5336,34.555,14.531,80.149,17.978,25.334,34.122,18.272,23.148,15.425,30.079,43.518,10.476,18.128,16.489,39.757,13.823,43.678,18.666,22.716
4.19,4.5294,8.3932,17.092,17.938,25.58,5.4467,42.024,13.352,8.5304,33.05,9.0937,20.098,34.066,14.251,30.729,15.338,23.515,9.4912,49.585,8.4954,34.533,14.674,80.443,18.111,25.449,34.452,18.282,23.12,15.517,29.902,43.247,10.481,18.299,16.388,40.121,13.992,44.03,18.907,22.936
4.2,4.4978,8.4095,17.16,17.982,25.548,5.4476,41.931,13.293,8.5495,33.027,9.0878,20.185,33.978,14.271,30.793,15.345,23.589,9.468,49.715,8.4566,34.51,14.815,80.736,18.238,25.561,34.774,18.291,23.09,15.605,29.727,42.978,10.482,18.472,16.286,40.484,14.158,44.379,19.144,23.202
4.21,4.468,8.4254,17.227,18.026,25.515,5.4478,41.835,13.233,8.5686,33.003,9.0818,20.268,33.889,14.291,30.853,15.354,23.661,9.4422,49.844,8.4173,34.488,14.953,81.266,18.359,25.672,35.089,18.3,23.059,15.69,29.556,42.706,10.479,18.647,16.182,40.846,14.323,44.727,19.376,23.471
4.22,4.4404,8.4408,17.293,18.07,25.483,5.4476,41.737,13.172,8.5877,32.979,9.0758,20.35,33.8,14.302,30.911,15.361,23.728,9.4138,49.971,8.3773,34.464,15.089,81.807,18.473,25.781,35.398,18.309,23.028,15.77,29.387,42.433,10.473,18.822,16.078,41.207,14.486,45.073,19.603,23.743
4.23,4.4149,8.4558,17.359,18.113,25.45,5.4467,41.636,13.112,8.6067,32.953,9.0698,20.431,33.709,14.311,30.965,15.369,23.791,9.383,50.096,8.3368,34.44,15.222,82.342,18.58,25.887,35.7,18.318,22.996,15.846,29.222,42.161,10.462,18.996,15.973,41.566,14.646,45.417,19.823,24.018
4.24,4.3916,8.4704,17.423,18.155,25.418,5.4451,41.532,13.05,8.6258,32.928,9.0637,20.508,33.618,14.312,31.015,15.376,23.853,9.3497,50.22,8.2958,34.416,15.353,82.874,18.679,25.991,35.995,18.327,22.963,15.92,29.06,41.886,10.447,19.171,15.867,41.924,14.804,45.759,20.037,24.295
4.25,4.3707,8.485,17.486,18.198,25.386,5.4427,41.425,12.988,8.6448,32.901,9.0576,20.584,33.527,14.311,31.062,15.383,23.91,9.3137,50.341,8.2542,34.391,15.482,83.402,18.769,26.093,36.283,18.336,22.928,15.988,28.9,41.611,10.428,19.344,15.761,42.28,14.96,46.099,20.243,24.573
4.26,4.3521,8.4991,17.548,18.239,25.354,5.4397,41.315,12.925,8.6637,32.874,9.0514,20.656,33.435,14.302,31.105,15.389,23.963,9.2756,50.461,8.212,34.366,15.608,83.926,18.852,26.193,36.564,18.345,22.894,16.054,28.744,41.335,10.405,19.515,15.653,42.635,15.113,46.437,20.442,24.854
4.27,4.336,8.5127,17.608,18.281,25.322,5.4362,41.204,12.862,8.6826,32.847,9.0601,20.729,33.342,14.292,31.144,15.395,24.015,9.2352,50.578,8.1694,34.415,15.731,84.447,18.927,26.291,36.837,18.353,22.858,16.116,28.591,41.057,10.378,19.683,15.545,42.989,15.264,46.773,20.632,25.135
4.28,4.3223,8.5259,17.668,18.322,25.29,5.4321,41.089,12.798,8.7014,32.818,9.1257,20.799,33.248,14.275,31.179,15.401,24.062,9.1925,50.693,8.1263,34.483,15.853,84.962,18.993,26.388,37.102,18.361,22.823,16.173,28.441,40.802,10.346,19.849,15.437,43.34,15.412,47.107,20.814,25.417
4.29,4.3111,8.5387,17.725,18.362,25.258,5.4274,40.973,12.733,8.7201,32.79,9.186,20.866,33.155,14.256,31.211,15.406,24.106,9.1537,50.805,8.0828,34.552,15.971,85.472,19.051,26.482,37.358,18.37,22.788,16.228,28.294,40.777,10.309,20.01,15.328,43.69,15.558,47.439,20.987,25.7
4.3,4.3025,8.5636,17.796,18.402,25.226,5.4219,40.853,12.669,8.7388,32.76,9.2412,20.93,33.06,14.232,31.239,15.412,24.147,9.1574,50.915,8.0388,34.621,16.087,85.976,19.099,26.575,37.605,18.378,22.751,16.279,28.15,40.862,10.338,20.166,15.219,44.037,15.701,47.769,21.152,25.982
4.31,4.2964,8.5919,17.94,18.441,25.194,5.4157,40.732,12.603,8.7573,32.73,9.2911,20.994,32.965,14.205,31.262,15.417,24.185,9.16,51.022,7.9944,34.692,16.201,86.473,19.14,26.667,37.843,18.386,22.714,16.327,28.009,41.056,10.369,20.318,15.11,44.382,15.843,48.098,21.307,26.263
4.32,4.2928,8.6187,18.084,18.481,25.162,5.409,40.607,12.538,8.7758,32.7,9.3356,21.056,32.869,14.174,31.282,15.422,24.219,9.1605,51.127,7.9495,34.763,16.313,86.964,19.171,26.757,38.071,18.394,22.677,16.371,27.871,41.235,10.396,20.463,15.002,44.725,15.982,48.425,21.454,26.543
4.33,4.2918,8.644,18.226,18.519,25.13,5.4019,40.481,12.471,8.7941,32.669,9.3748,21.116,32.773,14.139,31.298,15.427,24.251,9.1589,51.23,7.9042,34.836,16.422,87.448,19.193,26.847,38.289,18.402,22.638,16.413,27.736,41.397,10.421,20.602,14.894,45.066,16.12,48.751,21.592,26.822
4.34,4.2933,8.6683,18.365,18.557,25.098,5.3941,40.351,12.405,8.8124,32.637,9.4084,21.172,32.677,14.101,31.311,15.431,24.279,9.1551,51.332,7.8585,34.909,16.528,87.925,19.206,26.936,38.497,18.41,22.599,16.451,27.604,41.539,10.442,20.733,14.788,45.404,16.257,49.076,21.722,27.097
4.35,4.2974,8.6913,18.503,18.595,25.065,5.3857,40.22,12.429,8.8305,32.605,9.4361,21.229,32.58,14.058,31.321,15.435,24.304,9.1489,51.431,7.8125,34.984,16.633,88.395,19.21,27.025,38.696,18.418,22.56,16.486,27.475,41.663,10.459,20.858,14.682,45.741,16.392,49.401,21.844,27.371
4.36,4.3039,8.7128,18.641,18.633,25.033,5.3766,40.085,12.515,8.8484,32.572,9.458,21.283,32.482,14.011,31.327,15.439,24.326,9.1403,51.53,7.7661,35.059,16.735,88.859,19.205,27.12,38.886,18.425,22.519,16.52,27.349,41.772,10.472,20.974,14.578,46.075,16.528,49.726,21.957,27.641
4.37,4.313,8.733,18.776,18.669,25,5.3668,39.948,12.601,8.8662,32.539,9.4739,21.335,32.384,13.961,31.329,15.442,24.345,9.1292,51.629,7.7194,35.135,16.834,89.315,19.191,27.233,39.067,18.433,22.48,16.55,27.226,41.861,10.481,21.082,14.475,46.407,16.662,50.05,22.063,27.909
4.38,4.3245,8.7522,18.907,18.706,24.967,5.3566,39.809,12.688,8.8839,32.505,9.4837,21.384,32.286,13.906,31.33,15.445,24.36,9.1156,51.729,7.6724,35.212,16.932,89.765,19.168,27.348,39.238,18.44,22.44,16.579,27.106,41.933,10.486,21.182,14.375,46.736,16.795,50.372,22.161,28.173
4.39,4.3383,8.77,19.035,18.742,24.934,5.346,39.667,12.776,8.9015,32.471,9.4876,21.432,32.187,13.848,31.327,15.448,24.374,9.0998,51.832,7.6252,35.29,17.027,90.208,19.137,27.463,39.398,18.448,22.4,16.605,26.99,41.986,10.486,21.273,14.276,47.063,16.928,50.693,22.252,28.433
4.4,4.3545,8.7864,19.16,18.777,24.901,5.3347,39.523,12.864,8.9188,32.436,9.4854,21.479,32.088,13.789,31.322,15.451,24.383,9.0816,51.94,7.5778,35.369,17.12,90.644,19.097,27.577,39.549,18.456,22.359,16.63,26.877,42.023,10.483,21.355,14.181,47.388,17.06,51.014,22.346,28.688
4.41,4.373,8.802,19.28,18.812,24.868,5.3228,39.378,12.952,8.936,32.401,9.4774,21.524,31.988,13.726,31.314,15.453,24.39,9.071,52.051,7.5302,35.448,17.21,91.073,19.131,27.69,39.689,18.463,22.318,16.653,26.766,42.042,10.475,21.428,14.088,47.711,17.191,51.334,22.485,28.939
4.42,4.3937,8.8161,19.397,18.847,24.835,5.3103,39.229,13.041,8.9531,32.365,9.4635,21.566,31.888,13.662,31.303,15.456,24.394,9.0674,52.168,7.4824,35.529,17.299,91.496,19.302,27.801,39.818,18.47,22.277,16.676,26.667,42.043,10.464,21.492,13.998,48.03,17.322,51.652,22.616,29.185
4.43,4.4166,8.8291,19.512,18.881,24.801,5.2972,39.079,13.13,8.9699,32.329,9.4441,21.607,31.788,13.599,31.29,15.458,24.395,9.0635,52.289,7.4346,35.609,17.385,91.911,19.47,27.91,39.937,18.478,22.235,16.714,26.636,42.025,10.449,21.546,13.911,48.348,17.454,51.968,22.741,29.427
4.44,4.4415,8.8411,19.624,18.914,24.767,5.2836,38.927,13.218,8.9866,32.293,9.4194,21.645,31.687,13.538,31.275,15.459,24.393,9.0586,52.412,7.3867,35.691,17.469,92.32,19.637,28.018,40.046,18.485,22.193,16.769,26.604,41.992,10.43,21.591,13.828,48.663,17.587,52.282,22.858,29.663
4.45,4.4685,8.8517,19.733,18.947,24.733,5.2697,38.772,13.306,9.0031,32.256,9.4011,21.683,31.586,13.478,31.257,15.461,24.389,9.0532,52.537,7.3388,35.773,17.551,92.722,19.801,28.124,40.145,18.492,22.15,16.825,26.572,41.941,10.463,21.627,13.748,48.976,17.721,52.593,22.97,29.895
4.46,4.4974,8.8615,19.84,18.98,24.699,5.2552,38.615,13.393,9.0194,32.218,9.4241,21.719,31.484,13.419,31.236,15.462,24.381,9.0471,52.664,7.2909,35.856,17.631,93.117,19.962,28.227,40.235,18.499,22.108,16.88,26.539,41.873,10.499,21.655,13.732,49.286,17.855,52.902,23.075,30.122
4.47,4.5281,8.87,19.943,19.012,24.665,5.2402,38.458,13.48,9.0355,32.18,9.4427,21.752,31.383,13.359,31.213,15.462,24.371,9.0403,52.791,7.2665,35.94,17.709,93.505,20.121,28.329,40.369,18.506,22.065,16.935,26.505,41.786,10.532,21.673,13.763,49.595,17.989,53.209,23.175,30.343
4.48,4.5606,8.8775,20.044,19.044,24.63,5.2246,38.297,13.566,9.0514,32.142,9.4566,21.784,31.281,13.298,31.188,15.463,24.358,9.033,52.918,7.2579,36.023,17.785,93.886,20.275,28.429,40.504,18.512,22.023,16.988,26.471,41.684,10.561,21.683,13.795,49.901,18.123,53.514,23.27,30.558
4.49,4.5947,8.884,20.145,19.075,24.596,5.2084,38.135,13.652,9.0671,32.104,9.4661,21.813,31.179,13.236,31.161,15.464,24.342,9.025,53.045,7.2485,36.108,17.859,94.26,20.427,28.526,40.633,18.519,21.981,17.041,26.436,41.565,10.587,21.685,13.827,50.206,18.255,53.818,23.36,30.769
4.5,4.6305,8.8894,20.244,19.106,24.561,5.1917,37.972,13.736,9.0826,32.064,9.4708,21.841,31.076,13.172,31.131,15.464,24.324,9.0164,53.171,7.2383,36.192,17.932,94.627,20.574,28.622,40.754,18.526,21.939,17.093,26.401,41.429,10.609,21.676,13.859,50.508,18.386,54.12,23.445,30.972
4.51,4.6677,8.8938,20.34,19.136,24.525,5.1745,37.807,13.82,9.0979,32.025,9.4713,21.868,30.973,13.105,31.099,15.464,24.303,9.0073,53.296,7.2271,36.278,18.002,94.986,20.716,28.715,40.868,18.532,21.896,17.143,26.366,41.275,10.627,21.658,13.892,50.808,18.516,54.42,23.526,31.169
4.52,4.7062,8.8971,20.437,19.166,24.49,5.1571,37.639,13.902,9.1129,31.986,9.4675,21.894,30.87,13.055,31.065,15.464,24.28,8.9975,53.419,7.215,36.363,18.071,95.338,20.855,28.807,40.974,18.539,21.853,17.192,26.331,41.108,10.642,21.628,13.926,51.104,18.642,54.718,23.602,31.359
4.53,4.7461,8.8994,20.536,19.195,24.454,5.1392,37.471,13.983,9.1278,31.945,9.4598,21.917,30.767,13.076,31.029,15.463,24.255,8.9872,53.542,7.2019,36.449,18.137,95.682,20.988,28.896,41.073,18.545,21.81,17.239,26.295,40.924,10.654,21.692,13.96,51.398,18.766,55.014,23.675,31.542
4.54,4.7872,8.9006,20.635,19.224,24.419,5.1207,37.302,14.062,9.1424,31.905,9.4485,21.938,30.664,13.092,30.992,15.462,24.226,8.9763,53.662,7.1878,36.535,18.203,96.018,21.117,28.983,41.164,18.551,21.767,17.285,26.259,40.723,10.663,21.89,13.994,51.689,18.887,55.307,23.744,31.717
4.55,4.8293,8.901,20.733,19.252,24.382,5.1018,37.13,14.14,9.1568,31.864,9.4347,21.957,30.561,13.105,30.953,15.461,24.196,8.965,53.781,7.1728,36.622,18.266,96.346,21.241,29.068,41.247,18.557,21.724,17.329,26.222,40.507,10.667,22.085,14.029,51.977,19.003,55.599,23.809,31.883
4.56,4.8724,8.9002,20.83,19.28,24.346,5.0824,36.957,14.217,9.1709,31.823,9.4191,21.974,30.457,13.117,30.912,15.46,24.163,8.9531,53.898,7.1572,36.708,18.328,96.666,21.36,29.211,41.321,18.563,21.68,17.371,26.185,40.277,10.668,22.279,14.064,52.262,19.116,55.89,23.871,32.041
4.57,4.9163,8.8987,20.925,19.307,24.31,5.0625,36.784,14.292,9.1849,31.782,9.4018,21.99,30.353,13.123,30.869,15.458,24.128,8.9407,54.013,7.1406,36.794,18.388,96.979,21.474,29.546,41.388,18.569,21.637,17.413,26.147,40.032,10.665,22.471,14.1,52.544,19.224,56.179,23.93,32.19
4.58,4.961,8.8959,21.016,19.335,24.273,5.0442,36.608,14.365,9.1986,31.74,9.3823,22.006,30.249,13.125,30.825,15.457,24.091,8.9279,54.127,7.1595,36.881,18.447,97.284,21.582,29.882,41.446,18.575,21.594,17.479,26.109,39.77,10.658,22.661,14.136,52.824,19.328,56.465,23.985,32.33
4.59,5.0064,8.8924,21.104,19.361,24.236,5.0468,36.431,14.437,9.212,31.698,9.3595,22.019,30.145,13.121,30.78,15.455,24.051,8.9147,54.238,7.1943,36.967,18.505,97.579,21.685,30.217,41.497,18.581,21.551,17.56,26.07,39.584,10.647,22.85,14.172,53.101,19.428,56.748,24.037,32.46
4.6,5.0524,8.8878,21.189,19.387,24.199,5.0491,36.254,14.507,9.2252,31.656,9.3334,22.031,30.041,13.113,30.734,15.453,24.009,8.9011,54.347,7.2298,37.054,18.561,97.867,21.782,30.552,41.538,18.586,21.508,17.648,26.03,39.61,10.631,23.038,14.209,53.375,19.522,57.029,24.087,32.581
4.61,5.0987,8.8825,21.27,19.412,24.161,5.0512,36.075,14.575,9.2384,31.614,9.3038,22.04,29.936,13.101,30.688,15.45,23.966,8.8872,54.454,7.2657,37.14,18.616,98.147,21.874,30.887,41.572,18.592,21.465,17.74,25.991,39.686,10.612,23.225,14.247,53.647,19.612,57.307,24.133,32.691
4.62,5.1454,8.8762,21.348,19.438,24.123,5.053,35.894,14.641,9.2515,31.571,9.2704,22.048,29.831,13.089,30.642,15.448,23.919,8.8731,54.56,7.3022,37.226,18.67,98.417,21.961,31.221,41.598,18.597,21.422,17.832,25.952,39.747,10.589,23.412,14.284,53.916,19.697,57.582,24.176,32.792
4.63,5.1926,8.869,21.422,19.462,24.085,5.0546,35.713,14.706,9.2643,31.528,9.2333,22.054,29.727,13.072,30.595,15.445,23.871,8.8589,54.662,7.3392,37.312,18.723,98.679,22.041,31.553,41.616,18.603,21.379,17.922,25.912,39.794,10.561,23.599,14.322,54.182,19.777,57.853,24.217,33.04
4.64,5.2404,8.8612,21.491,19.486,24.047,5.0559,35.531,14.768,9.2769,31.485,9.1927,22.058,29.623,13.051,30.548,15.441,23.821,8.8447,54.763,7.3766,37.397,18.775,98.932,22.115,31.884,41.626,18.608,21.336,18.01,25.872,39.829,10.53,23.786,14.361,54.446,19.851,58.122,24.255,33.295
4.65,5.2883,8.8524,21.558,19.51,24.009,5.0571,35.348,14.828,9.2893,31.442,9.1487,22.062,29.518,13.025,30.5,15.438,23.768,8.8305,54.86,7.4144,37.482,18.827,99.175,22.185,32.213,41.629,18.614,21.292,18.095,25.831,39.849,10.495,23.973,14.399,54.707,19.921,58.388,24.291,33.548
4.66,5.3362,8.8429,21.621,19.533,23.97,5.0581,35.163,14.886,9.3014,31.398,9.1014,22.065,29.413,12.995,30.453,15.434,23.714,8.8162,54.956,7.4525,37.566,18.88,99.409,22.249,32.54,41.623,18.619,21.249,18.178,25.79,39.856,10.456,24.159,14.438,54.965,19.986,58.651,24.324,33.796
4.67,5.3839,8.8327,21.682,19.557,23.931,5.0588,34.978,14.943,9.3132,31.354,9.051,22.066,29.308,12.961,30.407,15.43,23.657,8.8019,55.049,7.491,37.65,18.944,99.633,22.306,32.865,41.61,18.624,21.205,18.258,25.749,39.851,10.414,24.382,14.478,55.221,20.046,58.912,24.355,34.041
4.68,5.4315,8.8217,21.739,19.579,23.892,5.0593,34.793,14.997,9.3248,31.311,8.9976,22.065,29.203,12.924,30.363,15.426,23.6,8.7874,55.139,7.5297,37.734,19.009,99.847,22.358,33.188,41.59,18.629,21.161,18.336,25.707,39.831,10.37,24.62,14.517,55.474,20.101,59.17,24.383,34.28
4.69,5.4787,8.8098,21.792,19.602,23.853,5.0595,34.606,15.049,9.3361,31.266,8.9417,22.063,29.098,12.887,30.322,15.422,23.54,8.7726,55.227,7.5686,37.816,19.075,100.05,22.404,33.507,41.562,18.635,21.118,18.411,25.664,39.8,10.323,24.858,14.557,55.724,20.152,59.426,24.409,34.515
4.7,5.5256,8.7973,21.842,19.624,23.813,5.0595,34.418,15.098,9.3472,31.222,8.8833,22.058,28.993,12.846,30.287,15.418,23.479,8.7576,55.312,7.6078,37.898,19.14,100.24,22.446,33.825,41.527,18.64,21.075,18.483,25.621,39.756,10.274,25.094,14.597,55.972,20.198,59.68,24.433,34.744
4.71,5.573,8.7841,21.888,19.646,23.773,5.0593,34.23,15.146,9.358,31.178,8.8225,22.053,28.889,12.801,30.257,15.413,23.416,8.7423,55.395,7.6472,37.979,19.205,100.43,22.481,34.139,41.484,18.645,21.032,18.553,25.578,39.697,10.221,25.33,14.637,56.217,20.24,59.933,24.454,34.968
4.72,5.6198,8.7821,21.931,19.668,23.733,5.0588,34.113,15.191,9.3686,31.133,8.7597,22.045,28.783,12.752,30.23,15.408,23.352,8.7266,55.476,7.6867,38.06,19.27,100.6,22.511,34.452,41.435,18.649,20.989,18.619,25.534,39.629,10.166,25.564,14.678,56.458,20.278,60.184,24.473,35.186
4.73,5.6661,8.781,21.971,19.691,23.693,5.0581,34.013,15.234,9.3789,31.088,8.733,22.036,28.678,12.7,30.206,15.403,23.285,8.7106,55.554,7.7263,38.139,19.335,100.76,22.535,34.761,41.379,18.654,20.945,18.682,25.49,39.548,10.107,25.798,14.719,56.698,20.313,60.433,24.49,35.397
4.74,5.7116,8.7799,22.007,19.713,23.652,5.0573,33.911,15.275,9.3889,31.044,8.7258,22.027,28.573,12.644,30.183,15.397,23.218,8.6942,55.631,7.7659,38.218,19.398,100.91,22.554,35.067,41.317,18.659,20.901,18.742,25.446,39.453,10.045,26.031,14.76,56.934,20.343,60.681,24.504,35.602
4.75,5.7564,8.7785,22.04,19.736,23.611,5.0563,33.807,15.314,9.3987,30.999,8.7187,22.017,28.469,12.584,30.161,15.392,23.149,8.6773,55.705,7.8056,38.295,19.461,101.05,22.568,35.371,41.248,18.664,20.857,18.798,25.403,39.349,9.9812,26.263,14.801,57.167,20.371,60.927,24.517,35.799
4.76,5.8003,8.7768,22.07,19.758,23.57,5.055,33.702,15.351,9.4082,30.954,8.7116,22.006,28.364,12.525,30.139,15.385,23.08,8.6602,55.777,7.8452,38.371,19.524,101.17,22.576,35.672,41.171,18.668,20.813,18.851,25.358,39.232,9.9919,26.494,14.842,57.398,20.395,61.171,24.527,35.989
4.77,5.8435,8.7748,22.096,19.781,23.529,5.0535,33.595,15.385,9.4175,30.908,8.7044,21.992,28.259,12.464,30.118,15.379,23.009,8.6426,55.848,7.8849,38.446,19.586,101.29,22.579,35.97,41.09,18.673,20.769,18.9,25.313,39.103,10.011,26.725,14.884,57.625,20.417,61.413,24.535,36.171
4.78,5.8867,8.7726,22.118,19.804,23.487,5.0518,33.487,15.417,9.4265,30.863,8.7017,21.978,28.154,12.399,30.098,15.373,22.937,8.6248,55.916,7.9245,38.52,19.647,101.39,22.577,36.265,41.001,18.677,20.724,18.946,25.268,38.964,10.029,26.955,14.926,57.849,20.437,61.652,24.54,36.344
4.79,5.9289,8.77,22.138,19.826,23.446,5.0499,33.378,15.447,9.4352,30.818,8.7032,21.961,28.049,12.331,30.079,15.367,22.864,8.6065,55.983,7.964,38.593,19.708,101.48,22.571,36.557,40.907,18.681,20.68,18.987,25.222,38.813,10.045,27.183,14.967,58.069,20.49,61.888,24.543,36.509
4.8,5.97,8.7671,22.153,19.849,23.404,5.0477,33.267,15.474,9.4437,30.772,8.7023,21.944,27.945,12.26,30.06,15.36,22.79,8.5878,56.048,8.0034,38.664,19.768,101.55,22.56,36.845,40.806,18.685,20.635,19.025,25.176,38.652,10.061,27.412,15.015,58.287,20.792,62.121,24.544,36.666
4.81,6.0099,8.7639,22.165,19.872,23.361,5.0453,33.154,15.5,9.4519,30.727,8.6992,21.925,27.84,12.186,30.041,15.354,22.715,8.5688,56.112,8.0427,38.734,19.828,101.62,22.544,37.129,40.7,18.69,20.591,19.058,25.13,38.481,10.074,27.639,15.072,58.501,21.086,62.352,24.542,36.812
4.82,6.0486,8.7978,22.174,19.896,23.319,5.0429,33.041,15.523,9.4599,30.681,8.6937,21.904,27.736,12.109,30.021,15.347,22.639,8.5494,56.174,8.0819,38.803,19.887,101.67,22.523,37.409,40.589,18.694,20.546,19.086,25.083,38.298,10.086,27.866,15.13,58.712,21.372,62.579,24.537,36.948
4.83,6.0859,8.8412,22.18,19.919,23.276,5.0402,32.926,15.681,9.4676,30.636,8.6859,21.882,27.631,12.03,30,15.339,22.563,8.5297,56.233,8.1209,38.87,19.945,101.71,22.498,37.684,40.472,18.698,20.501,19.111,25.036,38.107,10.096,28.093,15.218,58.92,21.65,62.804,24.53,37.076
4.84,6.1218,8.8841,22.183,19.942,23.233,5.04,32.809,15.886,9.475,30.59,8.6759,21.86,27.527,11.95,29.978,15.332,22.486,8.5096,56.292,8.1597,38.936,20.004,101.74,22.468,37.956,40.35,18.702,20.456,19.13,24.989,37.905,10.104,28.32,15.389,59.125,21.919,63.027,24.52,37.194
4.85,6.1571,8.9268,22.183,19.966,23.19,5.051,32.692,16.088,9.4822,30.544,8.6638,21.838,27.423,11.869,29.954,15.324,22.407,8.4892,56.349,8.1984,39,20.062,101.76,22.434,38.223,40.224,18.706,20.411,19.146,24.941,37.693,10.11,28.546,15.565,59.328,22.179,63.247,24.508,37.336
4.86,6.1918,8.9691,22.179,19.989,23.147,5.0617,32.573,16.288,9.4891,30.498,8.6497,21.814,27.318,11.786,29.929,15.316,22.329,8.4684,56.404,8.2368,39.063,20.121,101.76,22.396,38.486,40.093,18.709,20.365,19.157,24.893,37.473,10.114,28.771,15.746,59.53,22.431,63.465,24.492,37.483
4.87,6.2249,9.011,22.173,20.012,23.104,5.0721,32.453,16.486,9.4958,30.452,8.6338,21.788,27.214,11.7,29.903,15.308,22.249,8.4473,56.458,8.275,39.124,20.179,101.76,22.354,38.743,39.958,18.713,20.319,19.164,24.888,37.299,10.116,28.997,15.933,59.729,22.675,63.682,24.474,37.626
4.88,6.2565,9.0525,22.164,20.035,23.06,5.0823,32.332,16.68,9.5022,30.407,8.6253,21.762,27.11,11.612,29.875,15.299,22.168,8.4258,56.51,8.3129,39.183,20.238,101.74,22.307,38.996,39.819,18.717,20.273,19.166,24.912,37.189,10.116,29.222,16.125,59.926,22.911,63.898,24.452,37.764
4.89,6.2865,9.0938,22.154,20.057,23.016,5.0922,32.209,16.871,9.5084,30.361,8.6181,21.734,27.007,11.522,29.846,15.291,22.088,8.404,56.56,8.3505,39.241,20.298,101.72,22.258,39.244,39.676,18.72,20.226,19.165,24.936,37.079,10.114,29.447,16.321,60.12,23.139,64.113,24.428,37.897
4.9,6.3149,9.1347,22.142,20.08,22.972,5.102,32.086,17.058,9.5143,30.315,8.6109,21.704,26.903,11.43,29.817,15.282,22.005,8.382,56.609,8.3879,39.297,20.36,101.69,22.204,39.487,39.529,18.724,20.179,19.159,24.96,36.967,10.109,29.672,16.523,60.313,23.36,64.326,24.4,38.026
4.91,6.3422,9.1751,22.129,20.104,22.928,5.1116,31.962,17.242,9.52,30.27,8.6036,21.674,26.8,11.335,29.786,15.274,21.923,8.3594,56.656,8.4249,39.351,20.423,101.64,22.147,39.725,39.378,18.728,20.132,19.149,24.983,36.853,10.103,29.896,16.729,60.502,23.575,64.538,24.369,38.152
4.92,6.3689,9.2153,22.115,20.128,22.884,5.1208,31.836,17.422,9.5254,30.224,8.5964,21.643,26.696,11.291,29.756,15.265,21.839,8.3367,56.702,8.4616,39.404,20.502,101.59,22.086,39.957,39.224,18.731,20.084,19.135,25.006,36.736,10.095,30.119,16.94,60.69,23.783,64.749,24.334,38.273
4.93,6.394,9.2551,22.101,20.153,22.839,5.1298,31.709,17.598,9.5305,30.178,8.5892,21.61,26.593,11.281,29.725,15.256,21.755,8.3136,56.745,8.498,39.455,20.582,101.53,22.022,40.185,39.065,18.734,20.037,19.118,25.029,36.617,10.085,30.342,17.154,60.876,23.986,64.958,24.297,38.393
4.94,6.4291,9.2945,22.087,20.181,22.795,5.1385,31.582,17.77,9.5354,30.133,8.5819,21.576,26.49,11.271,29.694,15.246,21.669,8.2901,56.787,8.534,39.504,20.664,101.47,21.955,40.408,38.903,18.738,19.989,19.096,25.051,36.498,10.073,30.564,17.373,61.059,24.183,65.165,24.289,38.552
4.95,6.5004,9.3336,22.072,20.214,22.75,5.1469,31.453,17.938,9.5401,30.087,8.5747,21.541,26.387,11.261,29.662,15.237,21.583,8.2664,56.827,8.5697,39.551,20.745,101.4,21.885,40.625,38.738,18.741,19.942,19.07,25.072,36.377,10.06,30.786,17.595,61.24,24.373,65.371,24.342,38.81
4.96,6.571,9.3724,22.056,20.247,22.705,5.1551,31.324,18.101,9.5445,30.042,8.5674,21.507,26.284,11.25,29.63,15.227,21.495,8.2424,56.865,8.6049,39.596,20.826,101.32,21.812,40.838,38.569,18.745,19.893,19.041,25.093,36.253,10.044,31.006,17.822,61.42,24.555,65.574,24.393,39.063
4.97,6.6413,9.4107,22.039,20.28,22.66,5.1632,31.194,18.259,9.5486,29.997,8.5602,21.471,26.182,11.24,29.598,15.217,21.407,8.218,56.9,8.6398,39.639,20.907,101.24,21.736,41.045,38.399,18.748,19.845,19.008,25.113,36.126,10.027,31.226,18.051,61.597,24.729,65.775,24.443,39.311
4.98,6.7104,9.4486,22.02,20.313,22.614,5.171,31.063,18.414,9.5525,29.951,8.553,21.435,26.079,11.229,29.565,15.206,21.317,8.1933,56.934,8.6742,39.681,20.988,101.15,21.657,41.248,38.226,18.752,19.796,18.971,25.133,35.998,10.008,31.445,18.284,61.771,24.894,65.973,24.491,39.555
4.99,6.7795,9.4863,22,20.345,22.569,5.1786,30.931,18.563,9.5566,29.906,8.5457,21.397,25.977,11.219,29.531,15.196,21.227,8.1684,56.965,8.7082,39.72,21.069,101.05,21.576,41.447,38.051,18.755,19.747,18.93,25.152,35.87,9.9869,31.663,18.52,61.944,25.05,66.169,24.538,39.794
5,6.8474,9.5236,21.978,20.377,22.523,5.1859,30.798,18.708,9.5603,29.861,8.5385,21.358,25.875,11.208,29.497,15.185,21.136,8.143,56.995,8.7417,39.758,21.149,100.95,21.492,41.641,37.874,18.758,19.697,18.887,25.171,35.739,9.9637,31.88,18.759,62.114,25.197,66.361,24.583,40.028
5.01,6.9151,9.5605,21.955,20.409,22.478,5.193,30.665,18.847,9.5639,29.816,8.5312,21.319,25.773,11.198,29.462,15.175,21.043,8.1173,57.022,8.7747,39.794,21.229,100.84,21.406,41.83,37.695,18.762,19.647,18.869,25.19,35.606,9.9378,32.096,19.001,62.282,25.333,66.551,24.626,40.259
5.02,6.9821,9.5969,21.929,20.44,22.432,5.1998,30.531,18.983,9.5672,29.771,8.524,21.278,25.672,11.187,29.451,15.164,20.95,8.0915,57.047,8.8073,39.827,21.309,100.72,21.318,42.014,37.514,18.765,19.596,18.953,25.207,35.47,9.9103,32.31,19.245,62.448,25.459,66.737,24.667,40.484
5.03,7.0484,9.6332,21.902,20.471,22.386,5.2063,30.396,19.113,9.5702,29.726,8.5167,21.236,25.57,11.176,29.439,15.153,20.855,8.0654,57.069,8.8393,39.859,21.39,100.6,21.228,42.194,37.331,18.768,19.546,19.034,25.224,35.333,9.88,32.523,19.492,62.611,25.575,66.92,24.707,40.706
5.04,7.1147,9.6691,21.872,20.502,22.34,5.2127,30.26,19.238,9.573,29.682,8.5095,21.193,25.469,11.165,29.427,15.142,20.759,8.0389,57.089,8.8708,39.889,21.47,100.47,21.136,42.368,37.147,18.771,19.589,19.114,25.24,35.196,9.8479,32.734,19.741,62.772,25.682,67.1,24.744,40.923
5.05,7.1798,9.7045,21.84,20.532,22.294,5.2189,30.124,19.358,9.5756,29.637,8.5023,21.15,25.368,11.154,29.416,15.131,20.663,8.012,57.107,8.9018,39.917,21.55,100.33,21.043,42.537,36.96,18.774,19.635,19.192,25.255,35.056,9.8131,32.943,19.992,62.932,25.777,67.277,24.779,41.137
5.06,7.2444,9.7395,21.805,20.562,22.248,5.2249,29.987,19.473,9.578,29.592,8.495,21.105,25.267,11.143,29.404,15.119,20.566,7.985,57.123,8.9322,39.943,21.63,100.18,20.947,42.7,36.772,18.777,19.682,19.269,25.269,34.914,9.7764,33.151,20.245,63.089,25.863,67.451,24.813,41.347
5.07,7.3075,9.7743,21.768,20.591,22.201,5.2306,29.85,19.583,9.5801,29.548,8.4878,21.06,25.167,11.132,29.411,15.108,20.467,7.9578,57.135,8.962,39.967,21.71,100.03,20.851,42.857,36.582,18.78,19.73,19.344,25.284,34.77,9.7372,33.358,20.499,63.244,25.938,67.621,24.844,41.554
5.08,7.3702,9.8088,21.728,20.62,22.155,5.2361,29.712,19.688,9.582,29.503,8.4805,21.014,25.067,11.121,29.482,15.096,20.368,7.9302,57.146,8.9912,39.99,21.792,99.87,20.753,43.008,36.391,18.783,19.779,19.418,25.297,34.624,9.6962,33.563,20.755,63.397,26.004,67.787,24.874,41.756
5.09,7.4307,9.8428,21.686,20.648,22.108,5.2413,29.574,19.788,9.5836,29.458,8.4733,20.969,24.966,11.11,29.551,15.084,20.268,7.9023,57.155,9.0198,40.01,21.874,99.706,20.653,43.154,36.198,18.786,19.829,19.49,25.309,34.478,9.6525,33.766,21.012,63.549,26.06,67.951,24.902,41.957
5.1,7.4913,9.8763,21.643,20.676,22.061,5.2463,29.435,19.883,9.5851,29.414,8.4661,20.922,24.867,11.099,29.619,15.071,20.167,7.8742,57.161,9.0478,40.029,21.958,99.534,20.553,43.293,36.003,18.789,19.88,19.56,25.329,34.33,9.6073,33.968,21.27,63.7,26.107,68.11,24.929,42.155
5.11,7.5497,9.9096,21.598,20.704,22.014,5.251,29.296,19.972,9.5863,29.369,8.4588,20.874,24.767,11.088,29.685,15.059,20.065,7.8458,57.164,9.0751,40.046,22.042,99.356,20.452,43.426,35.806,18.792,19.932,19.628,25.35,34.18,9.5594,34.167,21.529,63.849,26.143,68.267,24.954,42.35
5.12,7.6079,9.9426,21.55,20.731,21.967,5.2557,29.156,20.057,9.5873,29.324,8.4516,20.826,24.668,11.077,29.751,15.046,19.963,7.8173,57.166,9.1017,40.062,22.127,99.173,20.351,43.553,35.608,18.795,19.985,19.695,25.37,34.028,9.5103,34.364,21.789,63.996,26.171,68.42,24.978,42.545
5.13,7.6641,9.9752,21.502,20.758,21.92,5.2601,29.016,20.136,9.5881,29.28,8.4444,20.777,24.569,11.065,29.815,15.034,19.859,7.7885,57.165,9.1276,40.075,22.213,98.982,20.249,43.675,35.408,18.798,20.039,19.761,25.389,33.874,9.5056,34.558,22.049,64.143,26.188,68.571,25.001,42.736
5.14,7.7201,10.007,21.452,20.784,21.873,5.2643,28.875,20.21,9.5886,29.235,8.4371,20.727,24.47,11.054,29.877,15.021,19.755,7.7594,57.161,9.1528,40.087,22.3,98.787,20.146,43.792,35.206,18.801,20.093,19.825,25.407,33.72,9.4994,34.749,22.309,64.287,26.196,68.718,25.067,42.927
5.15,7.774,10.039,21.419,20.81,21.825,5.2683,28.734,20.279,9.589,29.191,8.4299,20.676,24.371,11.042,29.939,15.009,19.65,7.73,57.156,9.1774,40.097,22.388,98.586,20.043,43.904,35.003,18.804,20.148,19.887,25.424,33.564,9.4916,34.936,22.57,64.43,26.195,68.863,25.212,43.116
5.16,7.8278,10.071,21.396,20.836,21.778,5.272,28.593,20.343,9.5891,29.146,8.4227,20.625,24.273,11.031,29.998,14.996,19.545,7.7005,57.148,9.2013,40.105,22.476,98.379,19.94,44.013,34.799,18.807,20.204,19.948,25.442,33.407,9.4817,35.119,22.83,64.57,26.185,69.006,25.356,43.304
5.17,7.8795,10.102,21.372,20.861,21.73,5.2755,28.452,20.402,9.589,29.101,8.4155,20.573,24.177,11.019,30.057,14.983,19.439,7.6708,57.138,9.2244,40.111,22.565,98.167,19.836,44.117,34.592,18.81,20.261,20.007,25.458,33.248,9.4708,35.299,23.091,64.709,26.295,69.146,25.499,43.491
5.18,7.9311,10.133,21.347,20.886,21.682,5.2787,28.31,20.457,9.5887,29.056,8.4083,20.52,24.178,11.008,30.113,14.969,19.331,7.6409,57.126,9.2467,40.115,22.653,97.949,19.733,44.218,34.385,18.812,20.318,20.065,25.473,33.087,9.4578,35.475,23.351,64.845,26.426,69.285,25.642,43.675
5.19,7.9809,10.163,21.32,20.91,21.634,5.2818,28.168,20.506,9.5882,29.012,8.4011,20.466,24.178,10.996,30.169,14.956,19.224,7.6108,57.112,9.2682,40.117,22.742,97.726,19.63,44.315,34.175,18.815,20.376,20.122,25.5,32.924,9.4431,35.647,23.61,64.98,26.544,69.422,25.783,43.858
5.2,8.03,10.193,21.291,20.934,21.586,5.2848,28.026,20.551,9.5875,28.967,8.3939,20.412,24.178,10.985,30.223,14.942,19.116,7.5804,57.096,9.2889,40.117,22.831,97.497,19.528,44.409,33.964,18.818,20.435,20.177,25.547,32.761,9.4272,35.815,23.868,65.113,26.651,69.558,25.923,44.038
5.21,8.0779,10.223,21.261,20.957,21.538,5.2875,27.884,20.591,9.5866,28.922,8.3867,20.358,24.178,10.973,30.275,14.928,19.008,7.5497,57.078,9.3087,40.115,22.92,97.262,19.426,44.499,33.752,18.821,20.495,20.231,25.594,32.597,9.4091,35.979,24.126,65.245,26.746,69.692,26.061,44.214
5.22,8.1244,10.252,21.229,20.98,21.49,5.29,27.741,20.626,9.5855,28.877,8.3795,20.303,24.179,10.961,30.327,14.914,18.898,7.519,57.057,9.3276,40.111,23.009,97.023,19.324,44.583,33.537,18.824,20.555,20.282,25.643,32.432,9.3895,36.138,24.383,65.375,26.831,69.825,26.198,44.387
5.23,8.1701,10.281,21.196,21.003,21.441,5.2923,27.598,20.656,9.5842,28.833,8.3723,20.248,24.178,10.95,30.377,14.9,18.848,7.4881,57.035,9.3456,40.104,23.097,96.777,19.224,44.663,33.321,18.826,20.615,20.334,25.692,32.265,9.3687,36.292,24.638,65.504,26.906,69.958,26.332,44.556
5.24,8.2141,10.31,21.161,21.025,21.392,5.2944,27.456,20.681,9.5826,28.788,8.3651,20.193,24.178,10.938,30.425,14.886,18.819,7.4571,57.011,9.3627,40.095,23.186,96.528,19.124,44.736,33.104,18.829,20.676,20.383,25.742,32.097,9.3458,36.441,24.893,65.631,26.97,70.088,26.466,44.72
5.25,8.2574,10.338,21.126,21.046,21.344,5.2963,27.313,20.702,9.5809,28.743,8.358,20.136,24.178,10.926,30.473,14.871,18.79,7.4258,56.985,9.3789,40.084,23.274,96.272,19.025,44.912,32.884,18.832,20.737,20.431,25.793,31.927,9.3211,36.585,25.146,65.757,27.026,70.218,26.597,44.879
5.26,8.2989,10.366,21.089,21.068,21.295,5.2979,27.171,20.718,9.5791,28.698,8.3508,20.079,24.177,10.914,30.519,14.857,18.76,7.3943,56.957,9.3941,40.07,23.362,96.012,18.927,45.208,32.663,18.835,20.799,20.478,25.844,31.756,9.2956,36.725,25.398,65.882,27.072,70.347,26.727,45.033
5.27,8.34,10.394,21.051,21.088,21.246,5.2994,27.027,20.73,9.577,28.653,8.3436,20.022,24.176,10.902,30.563,14.843,18.731,7.3626,56.928,9.4084,40.053,23.451,95.747,18.831,45.5,32.441,18.837,20.861,20.523,25.896,31.585,9.2681,36.86,25.649,66.005,27.11,70.476,26.855,45.183
5.28,8.3789,10.421,21.012,21.109,21.197,5.3008,26.884,20.737,9.5747,28.607,8.3365,19.964,24.174,10.89,30.607,14.828,18.701,7.3307,56.896,9.4216,40.034,23.539,95.476,18.736,45.788,32.217,18.84,20.924,20.567,25.949,31.413,9.2388,36.989,25.898,66.126,27.14,70.604,26.98,45.326
5.29,8.4177,10.448,20.973,21.128,21.148,5.302,26.742,20.74,9.5723,28.562,8.3293,19.905,24.173,10.878,30.648,14.814,18.672,7.2989,56.863,9.4338,40.013,23.627,95.202,18.642,46.071,31.992,18.843,20.987,20.61,26.002,31.239,9.2082,37.112,26.146,66.246,27.161,70.733,27.103,45.464
5.3,8.454,10.475,20.932,21.148,21.098,5.3029,26.599,20.738,9.5696,28.517,8.3222,19.846,24.171,10.866,30.688,14.799,18.642,7.2669,56.827,9.4451,39.989,23.714,94.923,18.55,46.35,31.764,18.845,21.05,20.652,26.056,31.065,9.1764,37.23,26.392,66.365,27.174,70.86,27.235,45.595
5.31,8.4903,10.501,20.891,21.167,21.049,5.3037,26.456,20.732,9.5668,28.472,8.315,19.786,24.169,10.854,30.727,14.784,18.612,7.2347,56.791,9.4553,39.962,23.802,94.639,18.459,46.624,31.536,18.848,21.113,20.692,26.11,30.889,9.1429,37.341,26.638,66.481,27.18,70.986,27.396,45.72
5.32,8.524,10.56,20.848,21.185,20.999,5.3043,26.313,20.721,9.5638,28.427,8.3079,19.726,24.168,10.842,30.765,14.769,18.582,7.2023,56.752,9.4644,39.933,23.889,94.351,18.371,46.894,31.306,18.851,21.177,20.758,26.165,30.712,9.1076,37.448,26.881,66.597,27.178,71.111,27.555,45.839
5.33,8.5577,10.621,20.804,21.203,20.949,5.3046,26.17,20.706,9.5606,28.381,8.3008,19.665,24.166,10.83,30.8,14.753,18.551,7.1698,56.712,9.4727,39.901,23.976,94.059,18.284,47.16,31.074,18.854,21.24,20.86,26.221,30.534,9.0711,37.548,27.123,66.711,27.169,71.234,27.714,45.951
5.34,8.5889,10.68,20.759,21.221,20.9,5.3047,26.028,20.687,9.5573,28.336,8.2936,19.605,24.163,10.818,30.836,14.738,18.521,7.1371,56.671,9.48,39.866,24.064,93.764,18.198,47.421,30.842,18.856,21.304,20.954,26.277,30.356,9.0336,37.642,27.363,66.822,27.152,71.355,27.87,46.056
5.35,8.62,10.738,20.714,21.238,20.85,5.3048,25.885,20.664,9.5538,28.29,8.2865,19.544,24.161,10.806,30.869,14.722,18.49,7.1043,56.627,9.4862,39.828,24.151,93.465,18.115,47.677,30.608,18.859,21.369,21.04,26.333,30.177,8.9945,37.729,27.601,66.932,27.126,71.474,28.025,46.156
5.36,8.6487,10.795,20.669,21.255,20.8,5.3047,25.743,20.637,9.5501,28.245,8.2794,19.501,24.158,10.793,30.9,14.706,18.459,7.0715,56.582,9.4914,39.788,24.237,93.162,18.034,47.929,30.373,18.862,21.433,21.118,26.391,29.998,8.9537,37.811,27.837,67.04,27.091,71.592,28.178,46.249
5.37,8.677,10.85,20.622,21.271,20.749,5.3044,25.66,20.605,9.5462,28.199,8.2723,19.458,24.155,10.781,30.931,14.691,18.428,7.0385,56.535,9.4955,39.745,24.324,92.856,17.955,48.176,30.137,18.865,21.497,21.188,26.448,29.818,8.9115,37.887,28.072,67.147,27.048,71.708,28.33,46.336
5.38,8.7032,10.903,20.575,21.287,20.699,5.3039,25.642,20.57,9.5422,28.153,8.2652,19.416,24.152,10.769,30.961,14.675,18.397,7.0055,56.487,9.4985,39.699,24.411,92.547,17.878,48.419,30.028,18.868,21.561,21.25,26.506,29.637,8.8688,37.956,28.304,67.252,26.996,71.824,28.479,46.415
5.39,8.729,10.955,20.527,21.302,20.649,5.3032,25.622,20.531,9.5381,28.108,8.2581,19.374,24.149,10.757,30.988,14.659,18.366,6.9723,56.438,9.5003,39.65,24.497,92.235,17.803,48.656,30.021,18.871,21.626,21.303,26.565,29.455,8.8246,38.018,28.534,67.354,26.935,71.937,28.625,46.488
5.4,8.7527,11.005,20.478,21.317,20.598,5.3023,25.603,20.488,9.5337,28.062,8.2511,19.33,24.145,10.744,31.015,14.644,18.334,6.939,56.387,9.5011,39.599,24.583,91.919,17.73,48.889,30.015,18.874,21.69,21.347,26.623,29.272,8.779,38.076,28.762,67.455,26.865,72.095,28.77,46.555
5.41,8.7758,11.053,20.428,21.332,20.548,5.3013,25.583,20.442,9.5292,28.016,8.244,19.286,24.142,10.732,31.041,14.627,18.303,6.9055,56.334,9.5008,39.545,24.67,91.601,17.66,49.118,30.008,18.877,21.755,21.384,26.683,29.089,8.7319,38.128,28.987,67.554,26.786,72.302,28.911,46.614
5.42,8.7972,11.1,20.378,21.346,20.497,5.3056,25.563,20.392,9.5246,27.97,8.2369,19.241,24.138,10.72,31.065,14.611,18.272,6.872,56.28,9.4993,39.488,24.756,91.278,17.592,49.341,30.002,18.88,21.819,21.412,26.742,28.905,8.6839,38.175,29.21,67.65,26.698,72.504,29.05,46.666
5.43,8.8177,11.145,20.327,21.359,20.446,5.3099,25.543,20.339,9.5201,27.924,8.2299,19.196,24.134,10.707,31.087,14.595,18.241,6.8384,56.224,9.4967,39.428,24.842,90.954,17.526,49.56,29.995,18.882,21.883,21.431,26.802,28.722,8.6351,38.216,29.429,67.744,26.601,72.704,29.187,46.711
5.44,8.8368,11.188,20.276,21.372,20.395,5.3141,25.522,20.283,9.5154,27.878,8.2228,19.151,24.13,10.695,31.109,14.579,18.209,6.8048,56.167,9.493,39.365,24.928,90.625,17.463,49.773,29.989,18.885,21.947,21.443,26.862,28.538,8.5852,38.253,29.646,67.836,26.496,72.9,29.321,46.749
5.45,8.8546,11.229,20.224,21.385,20.344,5.3181,25.501,20.224,9.5106,27.832,8.2158,19.106,24.126,10.683,31.129,14.562,18.177,6.7711,56.109,9.4882,39.299,25.014,90.293,17.402,49.982,29.983,18.888,22.011,21.447,26.923,28.412,8.5339,38.283,29.86,67.925,26.381,73.093,29.452,46.779
5.46,8.8715,11.269,20.171,21.398,20.293,5.3219,25.479,20.162,9.5056,27.786,8.2088,19.06,24.122,10.67,31.148,14.545,18.146,6.7373,56.049,9.4823,39.231,25.1,89.958,17.343,50.186,29.977,18.891,22.075,21.444,26.984,28.388,8.4815,38.309,30.07,68.013,26.257,73.282,29.58,46.802
5.47,8.8867,11.308,20.117,21.409,20.242,5.3256,25.458,20.097,9.5004,27.74,8.2018,19.013,24.117,10.658,31.166,14.528,18.114,6.7035,55.988,9.4753,39.16,25.186,89.62,17.287,50.385,29.97,18.894,22.139,21.434,27.045,28.364,8.4282,38.328,30.276,68.099,26.125,73.468,29.706,46.818
5.48,8.9015,11.344,20.063,21.421,20.19,5.329,25.435,20.03,9.4952,27.694,8.1947,18.966,24.113,10.645,31.183,14.511,18.082,6.6695,55.926,9.4964,39.086,25.272,89.278,17.233,50.578,29.964,18.897,22.203,21.417,27.107,28.339,8.3744,38.341,30.478,68.184,25.984,73.652,29.829,46.825
5.49,8.914,11.379,20.008,21.432,20.139,5.3323,25.412,19.961,9.4898,27.647,8.1877,18.918,24.108,10.633,31.198,14.495,18.05,6.6355,55.862,9.5393,39.009,25.358,88.933,17.181,50.766,29.958,18.9,22.266,21.392,27.169,28.311,8.3196,38.348,30.677,68.268,25.834,73.832,29.948,46.826
5.5,8.9267,11.412,19.952,21.442,20.088,5.3354,25.389,19.889,9.4842,27.601,8.1808,18.87,24.103,10.62,31.212,14.478,18.017,6.6014,55.797,9.5813,38.93,25.444,88.586,17.132,50.949,29.952,18.903,22.329,21.361,27.231,28.282,8.2637,38.347,30.871,68.352,25.676,74.01,30.064,46.818
5.51,8.9372,11.444,19.896,21.453,20.036,5.3384,25.366,19.815,9.4785,27.554,8.1738,18.821,24.098,10.608,31.225,14.461,17.985,6.5672,55.731,9.6226,38.847,25.529,88.235,17.085,51.127,29.946,18.906,22.392,21.323,27.293,28.252,8.2069,38.34,31.061,68.436,25.51,74.185,30.177,46.803
5.52,8.9474,11.473,19.838,21.462,19.984,5.3411,25.342,19.738,9.4727,27.508,8.1668,18.773,24.093,10.595,31.237,14.444,17.953,6.5331,55.663,9.6632,38.762,25.615,87.883,17.04,51.299,29.94,18.908,22.455,21.281,27.355,28.221,8.1491,38.325,31.247,68.519,25.336,74.357,30.286,46.779
5.53,8.956,11.501,19.779,21.471,19.932,5.3437,25.318,19.66,9.4667,27.461,8.1598,18.724,24.087,10.583,31.247,14.427,17.92,6.4989,55.595,9.7031,38.674,25.701,87.527,16.998,51.465,29.934,18.911,22.518,21.299,27.418,28.189,8.0911,38.305,31.429,68.603,25.154,74.526,30.391,46.748
5.54,8.9635,11.528,19.719,21.48,19.881,5.3461,25.293,19.579,9.4606,27.414,8.1529,18.674,24.082,10.57,31.258,14.409,17.888,6.4647,55.524,9.7422,38.583,25.786,87.169,16.958,51.625,29.929,18.914,22.58,21.315,27.48,28.155,8.0323,38.277,31.607,68.687,24.966,74.692,30.492,46.825
5.55,8.9703,11.553,19.657,21.489,19.829,5.3483,25.268,19.496,9.4544,27.368,8.1459,18.624,24.076,10.557,31.266,14.392,17.855,6.4304,55.454,9.7804,38.49,25.872,86.808,16.921,51.78,29.923,18.917,22.642,21.33,27.543,28.119,7.9728,38.242,31.781,68.771,24.771,74.855,30.588,46.956
5.56,8.9753,11.576,19.594,21.497,19.777,5.3504,25.243,19.411,9.4481,27.321,8.139,18.574,24.07,10.545,31.273,14.374,17.823,6.4289,55.381,9.8177,38.394,25.958,86.462,16.885,51.929,29.917,18.92,22.704,21.345,27.606,28.083,7.9124,38.2,31.951,68.856,24.571,75.015,30.68,47.084
5.57,8.9804,11.598,19.53,21.505,19.725,5.3523,25.217,19.324,9.4416,27.274,8.1321,18.523,24.065,10.532,31.28,14.357,17.79,6.4373,55.308,9.8542,38.431,26.043,86.287,16.852,52.072,29.911,18.923,22.766,21.359,27.67,28.046,7.8513,38.15,32.118,68.94,24.364,75.172,30.767,47.209
5.58,8.9836,11.618,19.464,21.512,19.672,5.354,25.191,19.234,9.435,27.227,8.1252,18.472,24.059,10.519,31.286,14.339,17.758,6.4457,55.233,9.8897,38.544,26.129,86.108,16.821,52.208,29.905,18.926,22.827,21.371,27.733,28.007,7.7897,38.093,32.281,69.024,24.151,75.325,30.849,47.331
5.59,8.9863,11.637,19.397,21.519,19.62,5.3556,25.164,19.25,9.4283,27.181,8.1183,18.42,24.053,10.507,31.29,14.321,17.725,6.4538,55.157,9.9243,38.655,26.214,85.925,16.792,52.339,29.899,18.929,22.888,21.383,27.797,27.966,7.7279,38.028,32.442,69.109,23.933,75.476,30.926,47.449
5.6,8.988,11.654,19.329,21.526,19.568,5.3569,25.137,19.303,9.4215,27.134,8.1114,18.368,24.046,10.494,31.292,14.303,17.692,6.4618,55.08,9.958,38.765,26.3,85.737,16.765,52.464,29.894,18.932,22.949,21.394,27.86,27.924,7.6656,37.954,32.599,69.194,23.71,75.623,30.997,47.563
5.61,8.9883,11.67,19.258,21.532,19.515,5.3581,25.11,19.353,9.4146,27.087,8.1045,18.316,24.04,10.481,31.295,14.285,17.659,6.4696,55.002,9.9907,38.874,26.385,85.543,16.74,52.582,29.888,18.935,23.009,21.404,27.924,27.882,7.6026,37.875,32.754,69.28,23.481,75.769,31.063,47.673
5.62,8.9885,11.685,19.186,21.706,19.463,5.3592,25.082,19.402,9.4075,27.039,8.0976,18.264,24.033,10.469,31.296,14.268,17.627,6.4772,54.922,10.022,38.981,26.47,85.342,16.718,52.695,29.882,18.938,23.069,21.413,27.988,27.838,7.5391,37.786,32.905,69.368,23.248,75.911,31.124,47.778
5.63,8.9871,11.699,19.113,21.896,19.41,5.3601,25.054,19.45,9.4003,26.992,8.0907,18.244,24.027,10.456,31.296,14.25,17.594,6.4846,54.842,10.053,39.088,26.556,85.134,16.697,52.801,29.876,18.941,23.129,21.422,28.051,27.793,7.4751,37.69,33.052,69.457,23.009,76.052,31.179,47.88
5.64,8.9853,11.713,19.038,22.085,19.358,5.3609,25.026,19.495,9.3931,26.945,8.0839,18.241,24.02,10.443,31.295,14.232,17.561,6.4918,54.76,10.083,39.192,26.641,84.919,16.678,52.901,29.871,18.943,23.188,21.43,28.115,27.746,7.4107,37.587,33.194,69.548,22.957,76.191,31.23,47.976
5.65,8.9827,11.731,18.961,22.273,19.305,5.3614,24.998,19.539,9.3857,26.898,8.077,18.238,24.013,10.431,31.294,14.214,17.528,6.499,54.677,10.112,39.296,26.726,84.697,16.661,52.995,29.865,18.946,23.247,21.436,28.179,27.698,7.3464,37.476,33.331,69.639,22.968,76.328,31.274,48.068
5.66,8.9785,11.752,18.883,22.46,19.252,5.3618,24.969,19.581,9.3782,26.851,8.0702,18.235,24.006,10.418,31.291,14.195,17.495,6.506,54.593,10.14,39.398,26.812,84.467,16.645,53.083,29.859,18.949,23.305,21.442,28.243,27.65,7.2817,37.363,33.463,69.73,22.977,76.464,31.314,48.156
5.67,8.9748,11.778,18.804,22.646,19.199,5.3621,24.94,19.621,9.3706,26.803,8.0634,18.232,23.999,10.405,31.286,14.177,17.461,6.5128,54.508,10.167,39.499,26.897,84.229,16.632,53.166,29.853,18.952,23.363,21.447,28.307,27.6,7.2167,37.315,33.589,69.82,22.986,76.599,31.348,48.239
5.68,8.9696,11.806,18.723,22.83,19.146,5.3621,24.91,19.66,9.3629,26.756,8.0566,18.229,23.992,10.392,31.282,14.159,17.428,6.5195,54.422,10.193,39.599,26.982,83.984,16.62,53.242,29.847,18.955,23.421,21.452,28.371,27.549,7.1514,37.26,33.711,69.909,22.995,76.734,31.376,48.318
5.69,8.9636,11.845,18.642,23.013,19.093,5.362,24.88,19.697,9.3552,26.709,8.0498,18.226,23.984,10.38,31.277,14.14,17.395,6.5259,54.335,10.218,39.697,27.068,83.731,16.609,53.313,29.841,18.958,23.478,21.455,28.435,27.496,7.0858,37.197,33.827,69.996,23.003,76.868,31.489,48.394
5.7,8.9575,11.891,18.559,23.195,19.04,5.3618,24.85,19.733,9.3473,26.662,8.043,18.223,23.977,10.367,31.269,14.122,17.362,6.5322,54.246,10.242,39.794,27.154,83.469,16.6,53.378,29.835,18.961,23.535,21.458,28.499,27.442,7.0199,37.127,33.939,70.082,23.009,77.001,31.625,48.466
5.71,8.95,11.938,18.476,23.376,18.987,5.3615,24.82,19.767,9.3393,26.614,8.0362,18.219,23.969,10.354,31.261,14.103,17.328,6.5383,54.157,10.265,39.89,27.24,83.2,16.593,53.438,29.829,18.964,23.592,21.459,28.563,27.387,6.9539,37.051,34.045,70.167,23.013,77.134,31.758,48.534
5.72,8.9423,11.986,18.391,23.556,18.934,5.361,24.79,19.799,9.3312,26.567,8.0295,18.216,23.962,10.341,31.253,14.084,17.295,6.5444,54.066,10.287,39.985,27.326,82.922,16.587,53.493,29.823,18.967,23.648,21.461,28.627,27.332,6.8882,36.968,34.147,70.251,23.015,77.265,31.885,48.598
5.73,8.9342,12.033,18.305,23.735,18.881,5.3603,24.759,19.83,9.3231,26.519,8.0227,18.213,23.954,10.328,31.244,14.066,17.262,6.5503,53.974,10.309,40.078,27.414,82.743,16.582,53.542,29.816,18.97,23.704,21.461,28.691,27.275,6.8223,36.878,34.245,70.334,23.029,77.396,32.009,48.658
5.74,8.9249,12.079,18.218,23.913,18.827,5.3595,24.728,19.86,9.3148,26.472,8.016,18.21,23.946,10.316,31.233,14.047,17.229,6.556,53.881,10.329,40.17,27.504,82.74,16.579,53.586,29.81,18.973,23.76,21.46,28.754,27.217,6.7563,36.782,34.337,70.417,23.048,77.525,32.129,48.717
5.75,8.9157,12.125,18.13,24.091,18.774,5.3585,24.697,19.888,9.3065,26.424,8.0092,18.207,23.938,10.303,31.22,14.028,17.196,6.5616,53.787,10.348,40.261,27.597,82.735,16.576,53.624,29.804,18.975,23.815,21.458,28.818,27.157,6.6903,36.68,34.425,70.499,23.066,77.653,32.246,48.771
5.76,8.9059,12.171,18.042,24.269,18.72,5.3573,24.665,19.914,9.2981,26.377,8.0025,18.204,23.93,10.291,31.209,14.009,17.162,6.567,53.693,10.367,40.35,27.691,82.729,16.575,53.657,29.797,18.978,23.87,21.456,28.882,27.097,6.6242,36.571,34.508,70.58,23.082,77.779,32.359,48.822
5.77,8.8951,12.215,17.952,24.445,18.667,5.356,24.634,19.939,9.2896,26.329,7.9958,18.2,23.922,10.278,31.196,13.991,17.129,6.5722,53.597,10.384,40.439,27.784,82.722,16.576,53.685,29.791,18.981,23.924,21.454,28.945,27.036,6.577,36.456,34.585,70.661,23.096,77.904,32.469,48.87
5.78,8.8844,12.259,17.862,24.621,18.613,5.3546,24.602,19.962,9.281,26.281,7.9891,18.197,23.913,10.266,31.181,13.972,17.096,6.5773,53.5,10.4,40.526,27.878,82.714,16.577,53.708,29.784,18.984,23.978,21.45,29.008,26.974,6.5584,36.335,34.656,70.741,23.108,78.028,32.576,48.915
5.79,8.8733,12.302,17.772,24.795,18.56,5.3531,24.57,19.984,9.2723,26.233,7.9824,18.194,23.905,10.253,31.165,13.953,17.063,6.5822,53.402,10.415,40.612,27.973,82.705,16.579,53.725,29.778,18.987,24.032,21.445,29.072,26.91,6.539,36.206,34.721,70.821,23.119,78.149,32.681,48.957
5.8,8.8613,12.345,17.681,24.969,18.506,5.3514,24.537,20.004,9.2636,26.186,7.9757,18.191,23.896,10.241,31.149,13.934,17.029,6.5871,53.304,10.43,40.696,28.067,82.694,16.582,53.738,29.771,18.99,24.085,21.44,29.135,26.845,6.5187,36.071,34.781,70.9,23.128,78.269,32.782,48.995
5.81,8.8485,12.386,17.59,25.143,18.452,5.3496,24.505,20.024,9.2548,26.138,7.9691,18.188,23.888,10.228,31.133,13.914,16.996,6.5918,53.204,10.443,40.78,28.162,82.683,16.586,53.745,29.764,18.993,24.138,21.433,29.198,26.779,6.4977,35.93,34.834,70.978,23.136,78.386,32.879,49.031
5.82,8.8349,12.427,17.499,25.316,18.398,5.3476,24.472,20.041,9.2459,26.09,7.9624,18.185,23.879,10.216,31.115,13.895,16.963,6.5964,53.103,10.456,40.862,28.256,82.671,16.591,53.747,29.757,18.995,24.191,21.427,29.261,26.714,6.4764,35.781,34.881,71.055,23.141,78.502,32.973,49.064
5.83,8.8205,12.467,17.408,25.488,18.39,5.3455,24.439,20.057,9.2369,26.043,7.9558,18.182,23.87,10.203,31.096,13.876,16.974,6.6008,53.002,10.467,40.942,28.351,82.657,16.597,53.745,29.75,18.998,24.244,21.419,29.324,26.646,6.4543,35.625,34.922,71.131,23.145,78.617,33.062,49.094
5.84,8.8054,12.506,17.315,25.661,18.402,5.3432,24.406,20.072,9.2279,25.995,7.9491,18.178,23.861,10.191,31.075,13.857,16.991,6.6051,52.9,10.478,41.021,28.445,82.642,16.603,53.737,29.743,19.001,24.296,21.411,29.386,26.578,6.4313,35.462,34.957,71.206,23.147,78.729,33.146,49.121
5.85,8.7897,12.546,17.222,25.834,18.414,5.3407,24.373,20.086,9.2188,25.947,7.9425,18.175,23.852,10.178,31.056,13.837,17.009,6.6092,52.796,10.487,41.099,28.54,82.626,16.61,53.725,29.736,19.004,24.348,21.402,29.449,26.508,6.4076,35.293,34.986,71.28,23.148,78.839,33.225,49.144
5.86,8.7735,12.585,17.128,26.007,18.426,5.3381,24.339,20.099,9.2097,25.899,7.9359,18.172,23.843,10.166,31.034,13.818,17.027,6.6131,52.693,10.496,41.175,28.634,82.609,16.618,53.708,29.728,19.007,24.399,21.392,29.511,26.438,6.3835,35.117,35.008,71.353,23.146,78.948,33.298,49.165
5.87,8.7567,12.624,17.033,26.179,18.438,5.3355,24.306,20.11,9.2004,25.852,7.9293,18.169,23.834,10.153,31.012,13.798,17.044,6.6169,52.588,10.504,41.25,28.728,82.59,16.627,53.686,29.721,19.01,24.451,21.381,29.573,26.367,6.3589,34.933,35.089,71.426,23.143,79.055,33.365,49.181
5.88,8.7394,12.663,16.938,26.35,18.45,5.3328,24.272,20.12,9.1911,25.804,7.9228,18.166,23.825,10.14,30.989,13.779,17.061,6.6207,52.483,10.511,41.324,28.821,82.57,16.636,53.66,29.713,19.013,24.502,21.369,29.635,26.295,6.3336,34.744,35.247,71.499,23.139,79.161,33.427,49.193
5.89,8.7218,12.702,16.841,26.521,18.462,5.3299,24.238,20.129,9.1818,25.756,7.9162,18.163,23.816,10.128,30.965,13.759,17.078,6.6244,52.377,10.517,41.395,28.915,82.548,16.645,53.63,29.705,19.016,24.552,21.357,29.697,26.222,6.3076,34.548,35.401,71.571,23.132,79.265,33.482,49.201
5.9,8.7038,12.739,16.744,26.691,18.474,5.3269,24.204,20.136,9.1724,25.708,7.9096,18.159,23.806,10.115,30.941,13.74,17.095,6.6278,52.27,10.523,41.466,29.007,82.525,16.655,53.595,29.698,19.019,24.603,21.345,29.759,26.148,6.2809,34.345,35.551,71.642,23.124,79.369,33.53,49.203
5.91,8.6855,12.776,16.645,26.861,18.486,5.3237,24.169,20.143,9.1629,25.66,7.9031,18.156,23.797,10.103,30.915,13.72,17.112,6.6312,52.163,10.527,41.535,29.1,82.501,16.666,53.556,29.69,19.022,24.653,21.332,29.82,26.073,6.2535,34.137,35.697,71.713,23.114,79.472,33.573,49.202
5.92,8.667,12.812,16.546,27.03,18.497,5.3204,24.135,20.149,9.1534,25.612,7.8966,18.153,23.787,10.09,30.889,13.701,17.129,6.6344,52.055,10.53,41.602,29.192,82.476,16.677,53.512,29.681,19.024,24.702,21.318,29.881,25.998,6.2256,33.923,35.839,71.783,23.102,79.573,33.608,49.195
5.93,8.6483,12.848,16.445,27.199,18.508,5.317,24.1,20.153,9.1438,25.565,7.89,18.15,23.777,10.077,30.861,13.681,17.145,6.6374,51.946,10.533,41.668,29.283,82.449,16.689,53.464,29.673,19.027,24.752,21.303,29.942,25.922,6.1976,33.704,35.977,71.852,23.089,79.673,33.637,49.184
5.94,8.6294,12.882,16.347,27.367,18.52,5.3134,24.065,20.157,9.1342,25.517,7.8835,18.147,23.767,10.065,30.834,13.661,17.162,6.6404,51.838,10.534,41.733,29.374,82.421,16.7,53.412,29.665,19.03,24.801,21.287,30.003,25.845,6.1689,33.48,36.11,71.92,23.074,79.773,33.66,49.168
5.95,8.6105,12.916,16.331,27.534,18.531,5.3097,24.03,20.159,9.1245,25.469,7.877,18.144,23.758,10.052,30.806,13.642,17.178,6.6431,51.728,10.535,41.796,29.465,82.391,16.713,53.356,29.656,19.033,24.849,21.271,30.064,25.767,6.1397,33.251,36.24,71.988,23.058,79.871,33.676,49.146
5.96,8.5914,12.949,16.315,27.699,18.542,5.3058,23.995,20.161,9.1147,25.421,7.8706,18.142,23.748,10.039,30.777,13.622,17.194,6.6459,51.618,10.535,41.858,29.554,82.359,16.725,53.295,29.647,19.036,24.898,21.253,30.124,25.688,6.1099,33.017,36.365,72.055,23.04,79.968,33.684,49.12
5.97,8.5724,12.981,16.299,27.864,18.553,5.3019,23.959,20.161,9.1049,25.374,7.8641,18.139,23.738,10.027,30.746,13.602,17.21,6.6485,51.508,10.534,41.918,29.644,82.326,16.738,53.23,29.638,19.038,24.946,21.235,30.184,25.609,6.0795,32.776,36.485,72.121,23.021,80.064,33.686,49.09
5.98,8.5535,13.011,16.282,28.027,18.564,5.298,23.924,20.161,9.0951,25.326,7.8576,18.136,23.728,10.014,30.715,13.582,17.227,6.651,51.398,10.532,41.976,29.732,82.292,16.751,53.162,29.629,19.041,24.994,21.218,30.244,25.529,6.0486,32.53,36.601,72.188,23,80.16,33.68,49.054
5.99,8.5346,13.041,16.265,28.189,18.575,5.2939,23.888,20.159,9.0852,25.278,7.8512,18.133,23.718,10.002,30.684,13.562,17.243,6.6534,51.287,10.529,42.034,29.821,82.256,16.764,53.089,29.619,19.044,25.042,21.199,30.303,25.448,6.0172,32.278,36.712,72.254,22.977,80.255,33.667,49.049
6,8.5158,13.07,16.248,28.35,18.585,5.2896,23.852,20.157,9.0753,25.23,7.8448,18.13,23.708,9.989,30.652,13.542,17.259,6.6556,51.176,10.526,42.089,29.908,82.218,16.777,53.012,29.61,19.047,25.089,21.18,30.362,25.367,5.9853,32.02,36.819,72.32,22.953,80.349,33.647,49.173
6.01,8.4972,13.098,16.231,28.511,18.596,5.2853,23.816,20.154,9.0654,25.183,7.8384,18.127,23.697,9.9763,30.62,13.522,17.274,6.6577,51.064,10.521,42.143,29.995,82.179,16.791,52.932,29.6,19.049,25.137,21.16,30.421,25.284,5.9533,31.755,36.92,72.386,22.927,80.443,33.618,49.294
6.02,8.4789,13.125,16.213,28.672,18.607,5.2808,23.78,20.15,9.0553,25.135,7.8319,18.124,23.687,9.9637,30.586,13.502,17.29,6.6597,50.953,10.516,42.196,30.082,82.139,16.804,52.847,29.59,19.052,25.184,21.139,30.48,25.201,5.921,31.484,37.017,72.451,22.9,80.536,33.582,49.413
6.03,8.4607,13.152,16.195,28.834,18.618,5.2762,23.744,20.145,9.0453,25.087,7.8256,18.121,23.676,9.9511,30.551,13.482,17.306,6.6615,50.841,10.51,42.248,30.167,82.097,16.818,52.759,29.58,19.055,25.231,21.118,30.539,25.118,5.8882,31.207,37.109,72.516,22.872,80.628,33.537,49.53
6.04,8.4429,13.177,16.176,28.995,18.628,5.2715,23.707,20.14,9.0352,25.039,7.8192,18.118,23.665,9.9385,30.517,13.461,17.321,6.6632,50.729,10.503,42.297,30.253,82.053,16.832,52.668,29.57,19.057,25.278,21.096,30.597,25.034,5.8551,30.923,37.196,72.581,22.842,80.72,33.485,49.644
6.05,8.4254,13.201,16.158,29.156,18.638,5.2666,23.671,20.134,9.0251,24.992,7.8128,18.115,23.655,9.9258,30.482,13.441,17.336,6.6649,50.617,10.495,42.346,30.337,82.007,16.846,52.573,29.56,19.06,25.325,21.073,30.655,24.949,5.8215,30.839,37.278,72.644,22.834,80.811,33.424,49.756
6.06,8.4082,13.224,16.139,29.317,18.649,5.2617,23.634,20.127,9.0149,24.944,7.8065,18.112,23.644,9.9132,30.446,13.421,17.351,6.6665,50.555,10.487,42.393,30.421,81.96,16.861,52.475,29.549,19.063,25.371,21.05,30.712,24.863,5.7875,30.916,37.355,72.707,22.847,80.902,33.354,49.865
6.07,8.3915,13.246,16.12,29.512,18.659,5.2566,23.598,20.119,9.0047,24.896,7.8001,18.109,23.634,9.9006,30.409,13.401,17.367,6.668,50.537,10.478,42.438,30.505,81.911,16.875,52.373,29.538,19.065,25.417,21.026,30.77,24.777,5.7532,30.979,37.428,72.769,22.858,80.992,33.276,49.971
6.08,8.3751,13.267,16.101,29.707,18.669,5.2515,23.561,20.11,8.9945,24.849,7.7938,18.106,23.623,9.888,30.371,13.381,17.381,6.6693,50.517,10.468,42.482,30.588,81.86,16.889,52.269,29.527,19.068,25.463,21.001,30.827,24.69,5.7185,31.028,37.496,72.831,22.869,81.083,33.189,50.075
6.09,8.3592,13.287,16.082,29.902,18.679,5.2463,23.523,20.101,8.9843,24.801,7.7875,18.103,23.612,9.8753,30.333,13.361,17.396,6.6705,50.495,10.457,42.524,30.67,81.807,16.904,52.162,29.516,19.07,25.509,20.977,30.884,24.603,5.6835,31.064,37.559,72.892,22.877,81.173,33.093,50.176
6.1,8.3438,13.306,16.063,30.096,18.689,5.241,23.486,20.091,8.974,24.754,7.7812,18.1,23.601,9.8627,30.295,13.34,17.411,6.6716,50.471,10.445,42.565,30.752,81.753,16.918,52.052,29.504,19.073,25.555,20.952,30.94,24.516,5.6482,31.087,37.618,72.952,22.885,81.263,32.989,50.275
6.11,8.3289,13.324,16.044,30.29,18.699,5.2356,23.449,20.08,8.9637,24.706,7.7749,18.097,23.59,9.8501,30.256,13.32,17.425,6.6726,50.447,10.433,42.604,30.833,81.697,16.932,51.941,29.492,19.075,25.6,20.927,30.997,24.427,5.6126,31.099,37.673,73.012,22.891,81.352,32.875,50.371
6.12,8.3145,13.341,16.026,30.483,18.708,5.2301,23.412,20.068,8.9535,24.659,7.7686,18.094,23.579,9.8375,30.216,13.3,17.44,6.6735,50.423,10.419,42.642,30.913,81.639,16.947,51.979,29.48,19.078,25.645,20.901,31.053,24.338,5.577,31.1,37.726,73.072,22.896,81.441,32.753,50.464
6.13,8.3007,13.358,16.008,30.675,18.718,5.2244,23.375,20.056,8.9432,24.611,7.7623,18.091,23.568,9.8249,30.175,13.279,17.454,6.6742,50.399,10.405,42.678,30.993,81.579,16.961,52.021,29.468,19.08,25.69,20.874,31.109,24.248,5.5412,31.089,37.775,73.131,22.899,81.528,32.622,50.554
6.14,8.2875,13.373,15.99,30.867,18.728,5.2187,23.337,20.043,8.933,24.564,7.7561,18.088,23.557,9.8122,30.134,13.259,17.468,6.6749,50.374,10.39,42.713,31.072,81.517,16.976,52.06,29.456,19.083,25.735,20.847,31.165,24.158,5.5052,31.084,37.823,73.19,22.902,81.615,32.482,50.641
6.15,8.2749,13.388,15.972,31.057,18.737,5.2129,23.3,20.03,8.9227,24.516,7.7498,18.085,23.545,9.7996,30.093,13.239,17.482,6.6756,50.35,10.374,42.746,31.15,81.453,16.99,52.096,29.443,19.085,25.779,20.819,31.22,24.068,5.4689,31.105,37.868,73.249,22.903,81.7,32.334,50.726
6.16,8.2629,13.402,15.955,31.246,18.746,5.207,23.262,20.015,8.9124,24.469,7.7436,18.082,23.534,9.787,30.051,13.218,17.496,6.6761,50.326,10.358,42.778,31.228,81.388,17.004,52.127,29.43,19.087,25.824,20.79,31.275,23.977,5.4325,31.115,37.912,73.308,22.904,81.783,32.177,50.809
6.17,8.2515,13.415,15.938,31.433,18.756,5.2009,23.225,20,8.902,24.422,7.7374,18.079,23.523,9.7744,30.008,13.198,17.51,6.6765,50.3,10.34,42.808,31.305,81.321,17.019,52.157,29.417,19.09,25.868,20.761,31.329,23.886,5.3959,31.117,37.953,73.365,22.903,81.866,32.011,50.889
6.18,8.2408,13.428,15.921,31.619,18.765,5.1948,23.187,19.984,8.8917,24.375,7.7312,18.076,23.511,9.7618,29.965,13.177,17.524,6.6768,50.275,10.322,42.837,31.381,81.252,17.033,52.183,29.404,19.092,25.912,20.732,31.384,23.794,5.359,31.109,37.993,73.423,22.901,81.947,31.837,50.966
6.19,8.2308,13.441,15.904,31.804,18.774,5.1886,23.149,19.967,8.8813,24.327,7.725,18.074,23.5,9.7492,29.921,13.157,17.538,6.677,50.249,10.303,42.864,31.457,81.181,17.047,52.206,29.39,19.094,25.955,20.702,31.438,23.701,5.3221,31.092,38.029,73.479,22.899,82.026,31.655,51.041
6.2,8.2214,13.454,15.887,31.987,18.783,5.1823,23.111,19.95,8.8709,24.28,7.7189,18.071,23.488,9.7366,29.877,13.136,17.551,6.6771,50.223,10.283,42.89,31.532,81.108,17.061,52.225,29.376,19.097,25.999,20.671,31.491,23.608,5.2849,31.067,38.061,73.534,22.896,82.103,31.465,51.114
6.21,8.2128,13.467,15.869,32.169,18.792,5.1759,23.073,19.931,8.8605,24.245,7.7127,18.068,23.477,9.7241,29.833,13.116,17.564,6.6771,50.231,10.263,42.914,31.606,81.034,17.075,52.242,29.362,19.099,26.042,20.64,31.544,23.515,5.2477,31.033,38.089,73.589,22.892,82.179,31.267,51.183
6.22,8.2048,13.48,15.851,32.349,18.801,5.1694,23.035,19.912,8.8501,24.216,7.7066,18.065,23.465,9.7115,29.787,13.095,17.578,6.677,50.284,10.242,42.937,31.68,80.957,17.089,52.256,29.348,19.101,26.086,20.609,31.597,23.422,5.2211,30.992,38.113,73.643,22.887,82.253,31.061,51.25
6.23,8.1976,13.492,15.833,32.527,18.81,5.1629,22.997,19.892,8.8396,24.186,7.7004,18.062,23.453,9.6989,29.741,13.074,17.591,6.6768,50.338,10.22,42.958,31.753,80.879,17.103,52.267,29.333,19.103,26.13,20.578,31.65,23.328,5.195,30.944,38.133,73.697,22.881,82.325,30.848,51.315
6.24,8.1911,13.503,15.817,32.704,18.819,5.1563,22.959,19.871,8.8291,24.156,7.6943,18.059,23.442,9.6863,29.695,13.054,17.604,6.6766,50.394,10.197,42.978,31.825,80.799,17.117,52.276,29.319,19.106,26.173,20.547,31.702,23.233,5.1686,30.887,38.148,73.75,22.875,82.395,30.628,51.376
6.25,8.1853,13.513,15.818,32.88,18.828,5.1497,22.921,19.849,8.8187,24.127,7.6882,18.056,23.43,9.6738,29.648,13.033,17.617,6.6763,50.452,10.173,42.996,31.897,80.718,17.13,52.281,29.303,19.108,26.216,20.515,31.753,23.138,5.1419,30.824,38.159,73.802,22.868,82.464,30.401,51.435
6.26,8.1803,13.523,15.819,33.054,18.836,5.1429,22.883,19.827,8.8082,24.097,7.6821,18.053,23.418,9.6612,29.602,13.012,17.629,6.6759,50.512,10.149,43.013,31.968,80.634,17.144,52.285,29.288,19.11,26.259,20.482,31.805,23.043,5.115,30.752,38.165,73.853,22.861,82.529,30.166,51.491
6.27,8.176,13.531,15.82,33.227,18.845,5.136,22.845,19.803,8.7977,24.067,7.676,18.05,23.406,9.6486,29.554,12.992,17.642,6.6754,50.575,10.132,43.029,32.038,80.549,17.157,52.286,29.272,19.112,26.301,20.449,31.856,22.947,5.0878,30.673,38.168,73.904,22.853,82.594,29.924,51.543
6.28,8.1724,13.539,15.821,33.398,18.853,5.1291,22.806,19.779,8.7872,24.037,7.67,18.047,23.394,9.6361,29.506,12.971,17.655,6.6747,50.639,10.18,43.042,32.108,80.462,17.171,52.315,29.257,19.114,26.344,20.416,31.906,22.852,5.0604,30.586,38.166,73.953,22.845,82.655,29.675,51.593
6.29,8.1696,13.545,15.822,33.568,18.861,5.122,22.768,19.753,8.7766,24.007,7.6639,18.044,23.382,9.6236,29.457,12.951,17.667,6.674,50.704,10.228,43.055,32.178,80.373,17.184,52.401,29.24,19.116,26.386,20.382,31.957,22.756,5.0327,30.491,38.161,74.001,22.836,82.715,29.419,51.641
6.3,8.1676,13.55,15.823,33.737,18.87,5.1149,22.729,19.727,8.7661,23.977,7.6579,18.041,23.37,9.611,29.408,12.93,17.679,6.6732,50.771,10.276,43.067,32.247,80.283,17.197,52.484,29.224,19.118,26.428,20.348,32.006,22.66,5.0049,30.487,38.151,74.048,22.827,82.773,29.156,51.685
6.31,8.1663,13.555,15.824,33.904,18.878,5.1077,22.691,19.699,8.7556,23.947,7.6518,18.038,23.358,9.5985,29.359,12.91,17.692,6.6723,50.838,10.323,43.077,32.316,80.191,17.209,52.563,29.207,19.12,26.47,20.313,32.056,22.563,4.9768,30.612,38.138,74.094,22.841,82.829,28.885,51.726
6.32,8.1657,13.557,15.824,34.07,18.886,5.1005,22.652,19.671,8.745,23.917,7.6458,18.035,23.346,9.586,29.309,12.889,17.704,6.6714,50.907,10.371,43.085,32.385,80.097,17.222,52.641,29.191,19.122,26.512,20.278,32.105,22.466,4.9485,30.745,38.121,74.14,22.862,82.882,28.608,51.764
6.33,8.1659,13.559,15.825,34.235,18.894,5.0931,22.614,19.642,8.7345,23.887,7.6398,18.033,23.333,9.5735,29.259,12.868,17.716,6.6704,50.976,10.418,43.093,32.454,80.002,17.234,52.715,29.173,19.124,26.553,20.243,32.154,22.368,4.9201,30.879,38.101,74.184,22.881,82.934,28.323,51.8
6.34,8.1667,13.56,15.825,34.398,18.902,5.0857,22.576,19.611,8.7239,23.856,7.6338,18.03,23.321,9.561,29.209,12.848,17.728,6.6693,51.046,10.466,43.099,32.523,79.905,17.247,52.786,29.156,19.126,26.595,20.207,32.203,22.271,4.8917,31.014,38.078,74.228,22.9,82.984,28.032,51.832
6.35,8.1684,13.56,15.825,34.56,18.909,5.0782,22.537,19.58,8.7134,23.826,7.6279,18.027,23.309,9.5485,29.157,12.827,17.739,6.6681,51.115,10.513,43.103,32.594,79.807,17.259,52.854,29.138,19.128,26.636,20.171,32.251,22.173,4.8631,31.148,38.054,74.271,22.918,83.033,27.734,51.861
6.36,8.1707,13.558,15.825,34.72,18.917,5.0706,22.499,19.548,8.7028,23.795,7.6219,18.024,23.297,9.536,29.105,12.806,17.751,6.6669,51.183,10.559,43.107,32.665,79.707,17.271,52.919,29.12,19.13,26.676,20.135,32.299,22.075,4.8342,31.279,38.029,74.313,22.935,83.079,27.429,51.887
6.37,8.1737,13.556,15.825,34.879,18.925,5.0629,22.461,19.514,8.6922,23.765,7.616,18.021,23.284,9.5235,29.054,12.786,17.763,6.6655,51.251,10.606,43.109,32.738,79.606,17.282,52.981,29.102,19.132,26.717,20.098,32.347,21.977,4.8053,31.409,38.005,74.354,22.951,83.124,27.118,51.91
6.38,8.1775,13.553,15.825,35.036,18.933,5.0553,22.422,19.479,8.6817,23.734,7.61,18.018,23.272,9.511,29.002,12.765,17.774,6.6641,51.317,10.652,43.11,32.81,79.503,17.294,53.04,29.083,19.134,26.757,20.061,32.394,21.879,4.7761,31.536,37.98,74.393,22.965,83.167,26.8,51.929
6.39,8.1819,13.549,15.825,35.193,18.94,5.0475,22.403,19.444,8.6711,23.704,7.6041,18.015,23.259,9.4985,28.95,12.744,17.786,6.6626,51.382,10.698,43.109,32.882,79.4,17.305,53.096,29.065,19.136,26.797,20.024,32.441,21.781,4.7468,31.661,37.954,74.431,22.979,83.208,26.538,51.944
6.4,8.187,13.544,15.825,35.347,18.948,5.0397,22.396,19.407,8.6606,23.673,7.5982,18.012,23.247,9.4861,28.897,12.723,17.797,6.661,51.446,10.744,43.108,32.954,79.295,17.316,53.149,29.046,19.138,26.838,19.986,32.488,21.682,4.7173,31.782,37.928,74.468,22.991,83.247,26.346,51.956
6.41,8.1928,13.538,15.825,35.501,18.955,5.0319,22.388,19.368,8.65,23.642,7.5923,18.009,23.234,9.4736,28.843,12.703,17.808,6.6593,51.509,10.79,43.104,33.027,79.188,17.326,53.199,29.026,19.14,26.878,19.949,32.534,21.583,4.705,31.901,37.901,74.503,23.002,83.284,26.148,51.965
6.42,8.1992,13.566,15.824,35.653,18.962,5.024,22.381,19.329,8.6394,23.611,7.5865,18.007,23.221,9.4612,28.789,12.682,17.819,6.6577,51.571,10.835,43.1,33.099,79.081,17.337,53.246,29.007,19.142,26.918,19.911,32.579,21.484,4.6951,32.017,37.872,74.537,23.012,83.32,25.945,51.97
6.43,8.2063,13.606,15.824,35.804,18.97,5.016,22.373,19.289,8.6289,23.58,7.5806,18.004,23.209,9.4488,28.735,12.661,17.83,6.6559,51.632,10.88,43.095,33.17,78.973,17.347,53.289,28.987,19.143,26.958,19.873,32.625,21.385,4.6849,32.129,37.839,74.57,23.021,83.354,25.738,51.971
6.44,8.2139,13.645,15.823,35.954,18.977,5.0079,22.365,19.247,8.6183,23.549,7.5748,18.001,23.196,9.4364,28.681,12.64,17.841,6.6541,51.692,10.925,43.088,33.242,78.864,17.356,53.33,28.967,19.145,26.997,19.835,32.669,21.286,4.6744,32.239,37.804,74.601,23.028,83.386,25.526,51.968
6.45,8.2222,13.684,15.822,36.102,18.984,4.9998,22.357,19.204,8.6078,23.518,7.5689,17.998,23.183,9.4239,28.627,12.62,17.852,6.6521,51.752,10.969,43.08,33.313,78.754,17.366,53.368,28.946,19.147,27.036,19.797,32.714,21.186,4.6638,32.346,37.765,74.631,23.035,83.417,25.31,51.961
6.46,8.2311,13.722,15.821,36.249,18.991,4.9916,22.349,19.16,8.5972,23.487,7.5631,17.995,23.171,9.4115,28.572,12.599,17.862,6.6501,51.812,11.013,43.071,33.383,78.644,17.375,53.402,28.925,19.149,27.075,19.758,32.758,21.087,4.6529,32.449,37.723,74.659,23.04,83.446,25.089,51.951
6.47,8.2405,13.759,15.82,36.394,18.998,4.9833,22.341,19.114,8.5867,23.456,7.5573,17.992,23.158,9.3992,28.517,12.578,17.873,6.6481,51.87,11.057,43.061,33.453,78.532,17.384,53.433,28.904,19.151,27.114,19.719,32.801,20.988,4.6418,32.55,37.677,74.685,23.045,83.473,24.863,51.935
6.48,8.2505,13.796,15.819,36.538,19.005,4.975,22.333,19.068,8.5762,23.425,7.5515,17.989,23.145,9.3868,28.461,12.557,17.883,6.6459,51.928,11.101,43.05,33.523,78.467,17.392,53.462,28.883,19.153,27.152,19.679,32.845,20.889,4.6305,32.648,37.628,74.71,23.048,83.499,24.776,51.916
6.49,8.2609,13.831,15.818,36.68,19.011,4.9666,22.325,19.02,8.5656,23.394,7.5457,17.987,23.132,9.3744,28.405,12.536,17.893,6.6437,51.986,11.144,43.037,33.591,78.495,17.4,53.488,28.861,19.154,27.191,19.64,32.887,20.789,4.619,32.743,37.576,74.733,23.051,83.523,24.866,51.893
6.5,8.2719,13.867,15.817,36.821,19.018,4.9581,22.317,18.97,8.5551,23.363,7.54,17.984,23.119,9.3621,28.349,12.516,17.904,6.6415,52.043,11.187,43.024,33.659,78.522,17.408,53.51,28.839,19.156,27.228,19.6,32.93,20.69,4.6073,32.835,37.52,74.754,23.053,83.545,24.954,51.865
6.51,8.2834,13.901,15.816,36.96,19.024,4.9496,22.309,18.92,8.5446,23.331,7.5342,17.981,23.107,9.3497,28.293,12.495,17.914,6.6392,52.099,11.229,43.009,33.727,78.55,17.415,53.53,28.817,19.158,27.266,19.56,32.972,20.59,4.5956,32.925,37.461,74.773,23.055,83.566,25.041,51.833
6.52,8.2954,13.934,15.814,37.098,19.031,4.9411,22.301,18.868,8.5341,23.3,7.5285,17.978,23.094,9.3374,28.236,12.474,17.924,6.6368,52.155,11.272,42.992,33.793,78.576,17.422,53.546,28.795,19.16,27.303,19.52,33.014,20.491,4.5837,33.012,37.4,74.791,23.059,83.585,25.126,51.797
6.53,8.3077,13.967,15.813,37.234,19.037,4.9325,22.293,18.814,8.5236,23.268,7.5228,17.975,23.081,9.325,28.179,12.453,17.934,6.6344,52.211,11.314,42.975,33.859,78.603,17.429,53.56,28.772,19.161,27.34,19.479,33.056,20.391,4.5716,33.096,37.336,74.807,23.066,83.61,25.209,51.756
6.54,8.3205,14,15.811,37.369,19.044,4.9238,22.285,18.759,8.5132,23.237,7.517,17.972,23.068,9.3127,28.122,12.433,17.944,6.6318,52.265,11.355,42.957,33.924,78.629,17.435,53.57,28.749,19.163,27.377,19.439,33.097,20.291,4.5593,33.177,37.268,74.821,23.074,83.728,25.292,51.711
6.55,8.3337,14.031,15.809,37.502,19.05,4.9151,22.276,18.703,8.5027,23.206,7.5113,17.969,23.055,9.3004,28.064,12.412,17.953,6.6292,52.32,11.396,42.937,33.988,78.655,17.441,53.578,28.726,19.165,27.413,19.398,33.138,20.192,4.5468,33.256,37.197,74.833,23.082,83.846,25.372,51.662
6.56,8.3473,14.062,15.807,37.634,19.056,4.9063,22.268,18.645,8.4923,23.174,7.5057,17.967,23.041,9.2881,28.006,12.391,17.963,6.6266,52.374,11.437,42.917,34.052,78.68,17.446,53.582,28.703,19.166,27.449,19.357,33.178,20.092,4.5341,33.332,37.122,74.844,23.089,83.963,25.451,51.607
6.57,8.3612,14.092,15.805,37.764,19.062,4.8975,22.259,18.586,8.4818,23.143,7.5,17.964,23.028,9.2759,27.948,12.371,17.973,6.6239,52.427,11.477,42.895,34.114,78.705,17.451,53.584,28.679,19.168,27.486,19.315,33.218,19.993,4.5212,33.404,37.043,74.853,23.096,84.08,25.528,51.55
6.58,8.3754,14.12,15.803,37.893,19.068,4.8887,22.251,18.525,8.4714,23.111,7.4943,17.961,23.015,9.2636,27.89,12.35,17.982,6.6212,52.48,11.517,42.872,34.176,78.73,17.455,53.584,28.654,19.169,27.522,19.274,33.258,19.894,4.5082,33.474,36.961,74.86,23.102,84.197,25.604,51.488
6.59,8.3899,14.149,15.801,38.021,19.075,4.8798,22.243,18.463,8.461,23.079,7.4887,17.958,23.002,9.2513,27.832,12.329,17.991,6.6184,52.532,11.556,42.847,34.237,78.754,17.459,53.58,28.63,19.171,27.557,19.232,33.297,19.795,4.4949,33.54,36.874,74.866,23.107,84.314,25.678,51.421
6.6,8.4046,14.176,15.799,38.147,19.081,4.8709,22.234,18.4,8.4506,23.048,7.483,17.955,22.988,9.2391,27.773,12.309,18.001,6.6155,52.584,11.595,42.822,34.297,78.777,17.463,53.574,28.606,19.173,27.592,19.191,33.335,19.695,4.4814,33.603,36.784,74.87,23.112,84.431,25.752,51.351
6.61,8.4196,14.203,15.797,38.272,19.086,4.8619,22.226,18.335,8.4402,23.016,7.4774,17.953,22.975,9.2269,27.714,12.288,18.01,6.6126,52.635,11.634,42.796,34.356,78.801,17.466,53.565,28.581,19.174,27.627,19.149,33.374,19.596,4.468,33.663,36.689,74.872,23.115,84.547,25.825,51.276
6.62,8.4348,14.229,15.794,38.395,19.092,4.8529,22.217,18.268,8.4299,22.984,7.4718,17.95,22.962,9.2147,27.654,12.267,18.019,6.6096,52.686,11.672,42.768,34.415,78.823,17.468,53.553,28.555,19.176,27.662,19.107,33.411,19.498,4.4544,33.719,36.759,74.872,23.117,84.663,25.897,51.197
6.63,8.4502,14.254,15.792,38.517,19.098,4.8439,22.209,18.2,8.4195,22.952,7.4662,17.947,22.949,9.2024,27.595,12.247,18.028,6.6066,52.737,11.71,42.739,34.472,78.846,17.471,53.539,28.53,19.177,27.696,19.064,33.449,19.399,4.4407,33.773,36.849,74.87,23.118,84.778,25.968,51.114
6.64,8.4657,14.278,15.789,38.638,19.104,4.8348,22.2,18.131,8.4092,22.921,7.4606,17.944,22.936,9.1903,27.535,12.226,18.037,6.6035,52.787,11.747,42.709,34.528,78.867,17.472,53.522,28.504,19.179,27.73,19.022,33.486,19.3,4.4267,33.823,36.934,74.867,23.118,84.892,26.039,51.047
6.65,8.4814,14.302,15.786,38.757,19.109,4.8256,22.191,18.06,8.3989,22.889,7.4551,17.941,22.922,9.1781,27.476,12.205,18.046,6.6003,52.837,11.784,42.679,34.584,78.889,17.473,53.502,28.478,19.18,27.764,18.98,33.522,19.202,4.4126,33.87,37.016,74.862,23.118,85.005,26.108,51.102
6.66,8.4971,14.325,15.784,38.874,19.115,4.8164,22.182,17.987,8.3886,22.857,7.4495,17.939,22.909,9.1659,27.416,12.185,18.054,6.5972,52.886,11.82,42.646,34.639,78.909,17.474,53.48,28.452,19.182,27.797,18.938,33.559,19.103,4.3983,33.915,37.094,74.856,23.116,85.116,26.175,51.156
6.67,8.5129,14.347,15.781,38.989,19.12,4.8072,22.174,17.913,8.3783,22.825,7.444,17.936,22.896,9.1538,27.356,12.164,18.063,6.594,52.935,11.856,42.613,34.692,78.93,17.474,53.456,28.425,19.183,27.829,18.896,33.595,19.005,4.3839,33.957,37.169,74.847,23.113,85.225,26.241,51.209
6.68,8.5288,14.368,15.778,39.103,19.125,4.7979,22.165,17.837,8.3681,22.793,7.4384,17.933,22.882,9.1416,27.295,12.144,18.071,6.5907,52.984,11.891,42.579,34.745,78.949,17.474,53.429,28.398,19.185,27.862,18.854,33.631,18.907,4.3692,33.995,37.24,74.838,23.109,85.334,26.304,51.261
6.69,8.5447,14.388,15.775,39.216,19.131,4.7886,22.156,17.76,8.3579,22.761,7.4329,17.93,22.869,9.1295,27.234,12.123,18.08,6.5874,53.032,11.926,42.544,34.797,78.969,17.473,53.399,28.371,19.186,27.894,18.811,33.666,18.809,4.3545,34.031,37.307,74.827,23.104,85.44,26.366,51.311
6.7,8.5666,14.408,15.772,39.326,19.136,4.7792,22.147,17.682,8.3476,22.729,7.4274,17.927,22.856,9.1174,27.173,12.102,18.088,6.5839,53.08,11.961,42.508,34.848,78.987,17.472,53.368,28.344,19.188,27.925,18.769,33.701,18.711,4.3395,34.064,37.37,74.814,23.097,85.545,26.425,51.36
6.71,8.6112,14.427,15.768,39.436,19.141,4.7699,22.139,17.602,8.3375,22.697,7.4219,17.925,22.842,9.1053,27.113,12.082,18.097,6.5805,53.127,11.994,42.47,34.898,79.006,17.47,53.333,28.316,19.189,27.956,18.726,33.736,18.614,4.3244,34.095,37.43,74.801,23.09,85.648,26.482,51.408
6.72,8.6566,14.445,15.765,39.543,19.146,4.7604,22.13,17.52,8.3273,22.665,7.4164,17.922,22.829,9.0932,27.052,12.061,18.105,6.577,53.174,12.028,42.432,34.947,79.023,17.468,53.297,28.288,19.19,27.987,18.683,33.77,18.516,4.3093,34.122,37.486,74.785,23.082,85.75,26.538,51.455
6.73,8.7027,14.462,15.762,39.649,19.151,4.7509,22.121,17.437,8.3171,22.633,7.411,17.919,22.815,9.0812,26.991,12.041,18.113,6.5735,53.22,12.06,42.393,34.996,79.041,17.465,53.258,28.26,19.192,28.018,18.64,33.803,18.52,4.294,34.148,37.538,74.769,23.072,85.85,26.591,51.5
6.74,8.7496,14.479,15.758,39.753,19.156,4.7414,22.112,17.411,8.307,22.601,7.4055,17.916,22.801,9.0691,26.929,12.02,18.121,6.5699,53.265,12.092,42.352,35.043,79.057,17.461,53.217,28.231,19.193,28.049,18.597,33.837,18.572,4.2787,34.171,37.587,74.75,23.062,85.948,26.643,51.543
6.75,8.7972,14.495,15.755,39.856,19.16,4.7319,22.103,17.445,8.2969,22.569,7.4001,17.914,22.788,9.0571,26.868,12,18.129,6.5663,53.31,12.124,42.311,35.09,79.073,17.457,53.174,28.202,19.194,28.079,18.554,33.869,18.623,4.2632,34.193,37.633,74.731,23.05,86.044,26.693,51.585
6.76,8.8456,14.51,15.751,39.957,19.165,4.7223,22.094,17.478,8.2868,22.537,7.3947,17.911,22.774,9.045,26.806,11.979,18.137,6.5626,53.354,12.155,42.269,35.136,79.089,17.453,53.129,28.173,19.196,28.108,18.511,33.902,18.673,4.2475,34.211,37.675,74.71,23.038,86.139,26.742,51.626
6.77,8.8946,14.524,15.747,40.057,19.17,4.7127,22.085,17.511,8.2768,22.505,7.3893,17.908,22.76,9.033,26.744,11.959,18.144,6.5589,53.398,12.186,42.226,35.181,79.104,17.448,53.082,28.144,19.197,28.138,18.468,33.934,18.721,4.2317,34.227,37.715,74.689,23.024,86.232,26.789,51.665
6.78,8.9444,14.538,15.743,40.155,19.175,4.703,22.076,17.545,8.2668,22.473,7.3838,17.905,22.747,9.021,26.681,11.938,18.152,6.5551,53.441,12.216,42.181,35.226,79.119,17.443,53.033,28.114,19.199,28.166,18.425,33.965,18.768,4.2157,34.241,37.751,74.666,23.01,86.324,26.836,51.702
6.79,8.9948,14.55,15.739,40.252,19.179,4.6934,22.067,17.577,8.2568,22.441,7.3785,17.903,22.733,9.0091,26.619,11.918,18.16,6.5513,53.483,12.245,42.136,35.269,79.132,17.437,52.981,28.084,19.2,28.195,18.382,33.996,18.814,4.1997,34.253,37.784,74.642,22.994,86.414,26.881,51.739
6.8,9.0459,14.563,15.735,40.347,19.184,4.6836,22.058,17.61,8.2468,22.409,7.3731,17.9,22.72,8.9971,26.557,11.897,18.167,6.5474,53.524,12.274,42.09,35.313,79.146,17.431,52.928,28.054,19.201,28.223,18.338,34.027,18.858,4.1834,34.261,37.814,74.617,22.977,86.502,26.926,51.773
6.81,9.0977,14.574,15.731,40.441,19.188,4.6739,22.049,17.642,8.2368,22.377,7.3677,17.897,22.706,8.9852,26.495,11.877,18.175,6.5436,53.565,12.303,42.043,35.355,79.159,17.424,52.873,28.024,19.203,28.25,18.295,34.058,18.9,4.1779,34.267,37.841,74.591,22.96,86.588,26.97,51.806
6.82,9.15,14.585,15.726,40.534,19.193,4.6642,22.039,17.674,8.2269,22.345,7.3624,17.895,22.693,8.9732,26.433,11.856,18.182,6.5396,53.605,12.331,41.995,35.397,79.171,17.417,52.816,27.993,19.204,28.277,18.252,34.089,18.941,4.1766,34.27,37.866,74.564,22.941,86.673,27.012,51.838
6.83,9.203,14.595,15.722,40.625,19.197,4.6544,22.03,17.706,8.217,22.312,7.357,17.892,22.679,8.9613,26.37,11.836,18.189,6.5357,53.645,12.358,41.946,35.439,79.183,17.409,52.757,27.962,19.205,28.304,18.208,34.118,18.979,4.1752,34.271,37.887,74.536,22.921,86.756,27.055,51.868
6.84,9.2566,14.604,15.718,40.715,19.201,4.6446,22.021,17.737,8.2071,22.28,7.3517,17.889,22.665,8.9494,26.307,11.816,18.196,6.5317,53.685,12.384,41.896,35.48,79.194,17.401,52.696,27.931,19.206,28.33,18.165,34.148,19.016,4.1737,34.27,37.906,74.506,22.901,86.838,27.097,51.897
6.85,9.3107,14.613,15.713,40.803,19.205,4.6348,22.012,17.768,8.1973,22.248,7.3464,17.886,22.652,8.9375,26.244,11.795,18.204,6.5276,53.724,12.41,41.845,35.52,79.205,17.392,52.633,27.9,19.208,28.355,18.121,34.177,19.052,4.1721,34.265,37.922,74.476,22.879,86.918,27.139,51.925
6.86,9.3654,14.62,15.708,40.89,19.21,4.625,22.003,17.798,8.1874,22.216,7.3411,17.884,22.638,8.9257,26.181,11.775,18.211,6.5235,53.762,12.436,41.793,35.56,79.216,17.383,52.568,27.868,19.209,28.38,18.078,34.206,19.085,4.1704,34.259,37.935,74.444,22.856,86.996,27.181,51.951
6.87,9.4207,14.627,15.704,40.976,19.214,4.6152,21.993,17.829,8.1776,22.184,7.3358,17.881,22.624,8.9138,26.118,11.754,18.218,6.5193,53.801,12.461,41.741,35.599,79.225,17.373,52.502,27.836,19.21,28.405,18.034,34.234,19.117,4.1687,34.251,37.945,74.411,22.833,87.074,27.221,51.976
6.88,9.4764,14.634,15.699,41.061,19.218,4.6053,21.984,17.859,8.1679,22.151,7.3306,17.878,22.61,8.902,26.055,11.734,18.224,6.5151,53.839,12.485,41.687,35.638,79.235,17.363,52.435,27.804,19.212,28.43,17.991,34.262,19.146,4.1668,34.242,37.951,74.378,22.808,87.149,27.261,52
6.89,9.5327,14.64,15.694,41.144,19.221,4.5954,21.975,17.888,8.1581,22.119,7.3253,17.876,22.597,8.8901,25.992,11.714,18.231,6.5108,53.877,12.508,41.633,35.676,79.243,17.352,52.366,27.771,19.213,28.454,17.947,34.289,19.175,4.1648,34.23,37.955,74.344,22.783,87.223,27.299,52.022
6.9,9.5895,14.645,15.689,41.226,19.225,4.5854,21.965,17.917,8.1484,22.087,7.32,17.873,22.583,8.8783,25.929,11.694,18.238,6.5066,53.914,12.532,41.577,35.713,79.251,17.341,52.296,27.739,19.214,28.478,17.904,34.316,19.202,4.1627,34.218,37.955,74.309,22.756,87.296,27.336,52.043
6.91,9.6467,14.649,15.683,41.307,19.229,4.5755,21.956,17.946,8.1387,22.055,7.3148,17.87,22.569,8.8666,25.866,11.673,18.245,6.5023,53.951,12.554,41.521,35.749,79.259,17.33,52.226,27.706,19.215,28.502,17.86,34.343,19.226,4.1605,34.204,37.953,74.273,22.729,87.367,27.37,52.063
6.92,9.7044,14.653,15.678,41.387,19.233,4.5655,21.947,17.975,8.1291,22.023,7.3096,17.868,22.555,8.8548,25.802,11.653,18.251,6.498,53.987,12.576,41.464,35.785,79.266,17.318,52.158,27.672,19.217,28.524,17.817,34.369,19.249,4.1583,34.189,37.947,74.237,22.701,87.437,27.403,52.082
6.93,9.7625,14.656,15.673,41.466,19.236,4.5555,21.938,18.003,8.1195,21.991,7.3044,17.865,22.541,8.843,25.738,11.633,18.258,6.4936,54.022,12.598,41.406,35.82,79.273,17.306,52.107,27.639,19.218,28.547,17.773,34.395,19.27,4.1559,34.173,37.938,74.2,22.672,87.507,27.434,52.099
6.94,9.821,14.659,15.667,41.544,19.24,4.5455,21.928,18.031,8.1099,21.958,7.2992,17.862,22.527,8.8313,25.675,11.613,18.264,6.4892,54.057,12.618,41.347,35.854,79.279,17.293,52.062,27.605,19.219,28.569,17.73,34.42,19.289,4.1535,34.157,37.926,74.162,22.641,87.575,27.464,52.115
6.95,9.8799,14.661,15.662,41.621,19.243,4.5354,21.919,18.058,8.1003,21.926,7.294,17.86,22.513,8.8196,25.611,11.593,18.271,6.4847,54.09,12.639,41.288,35.888,79.285,17.28,52.018,27.571,19.22,28.59,17.687,34.446,19.306,4.1509,34.139,37.911,74.125,22.611,87.643,27.491,52.13
6.96,9.9392,14.662,15.656,41.697,19.247,4.5254,21.909,18.085,8.0908,21.894,7.2888,17.857,22.5,8.8079,25.547,11.573,18.277,6.4802,54.123,12.658,41.227,35.921,79.29,17.267,51.973,27.537,19.221,28.611,17.643,34.471,19.322,4.1483,34.12,37.892,74.087,22.579,87.71,27.517,52.144
6.97,9.9988,14.663,15.65,41.772,19.25,4.5153,21.9,18.112,8.0813,21.862,7.2837,17.854,22.486,8.7962,25.483,11.553,18.283,6.4757,54.155,12.677,41.166,35.954,79.295,17.253,51.927,27.503,19.223,28.631,17.6,34.496,19.335,4.1456,34.099,37.871,74.049,22.546,87.777,27.541,52.157
6.98,10.059,14.662,15.645,41.847,19.253,4.5052,21.891,18.138,8.0718,21.829,7.2785,17.852,22.472,8.7845,25.419,11.533,18.29,6.4711,54.186,12.695,41.104,35.985,79.299,17.239,51.88,27.665,19.224,28.651,17.556,34.52,19.347,4.1429,34.077,37.846,74.011,22.513,87.843,27.564,52.168
6.99,10.119,14.662,15.639,41.92,19.256,4.4951,21.881,18.164,8.0623,21.797,7.2734,17.849,22.458,8.7729,25.355,11.513,18.296,6.4664,54.216,12.713,41.041,36.017,79.303,17.224,51.831,27.853,19.225,28.67,17.513,34.543,19.357,4.1401,34.053,37.819,73.972,22.54,87.908,27.586,52.179
7,10.18,14.661,15.633,41.993,19.26,4.4849,21.872,18.189,8.0529,21.765,7.2683,17.846,22.444,8.7613,25.292,11.493,18.302,6.4618,54.246,12.73,40.977,36.048,79.307,17.21,51.781,28.04,19.226,28.689,17.47,34.567,19.365,4.1373,34.027,37.788,73.934,22.654,87.971,27.607,52.189
7.01,10.24,14.659,15.627,42.066,19.263,4.4796,21.862,18.214,8.0436,21.733,7.2632,17.844,22.43,8.7497,25.228,11.473,18.308,6.4572,54.274,12.747,40.912,36.078,79.309,17.194,51.729,28.227,19.228,28.708,17.427,34.59,19.371,4.1343,34,37.755,73.895,22.765,88.034,27.628,52.197
7.02,10.301,14.657,15.62,42.137,19.266,4.4833,21.853,18.239,8.0342,21.701,7.2581,17.841,22.417,8.7381,25.164,11.453,18.314,6.4525,54.301,12.763,40.847,36.108,79.312,17.179,51.676,28.413,19.229,28.727,17.383,34.612,19.375,4.1313,33.972,37.718,73.856,22.871,88.095,27.65,52.203
7.03,10.363,14.654,15.614,42.208,19.269,4.487,21.843,18.263,8.0249,21.669,7.253,17.839,22.403,8.7265,25.1,11.433,18.32,6.4477,54.328,12.778,40.781,36.137,79.314,17.163,51.62,28.599,19.23,28.745,17.34,34.634,19.377,4.1282,33.942,37.679,73.817,22.975,88.154,27.672,52.209
7.04,10.425,14.651,15.608,42.278,19.272,4.4906,21.834,18.287,8.0156,21.637,7.2479,17.836,22.389,8.7149,25.036,11.413,18.326,6.443,54.353,12.793,40.714,36.166,79.315,17.147,51.563,28.784,19.231,28.762,17.297,34.656,19.378,4.125,33.911,37.636,73.778,23.074,88.212,27.696,52.214
7.05,10.487,14.647,15.602,42.348,19.275,4.4942,21.824,18.31,8.0063,21.604,7.2429,17.833,22.375,8.7034,24.971,11.394,18.332,6.4382,54.378,12.808,40.647,36.195,79.317,17.131,51.505,28.969,19.232,28.779,17.254,34.677,19.376,4.1217,33.879,37.59,73.738,23.17,88.269,27.721,52.215
7.06,10.549,14.643,15.595,42.416,19.278,4.4978,21.815,18.332,7.9971,21.572,7.2378,17.831,22.361,8.6919,24.907,11.374,18.338,6.4333,54.401,12.822,40.579,36.222,79.318,17.115,51.444,29.154,19.234,28.795,17.212,34.698,19.373,4.1184,33.846,37.542,73.698,23.261,88.323,27.747,52.217
7.07,10.612,14.638,15.588,42.483,19.281,4.5013,21.805,18.355,7.9879,21.54,7.2328,17.828,22.347,8.6804,24.843,11.354,18.344,6.4284,54.424,12.835,40.51,36.25,79.318,17.098,51.382,29.337,19.235,28.811,17.169,34.719,19.368,4.1149,33.813,37.49,73.656,23.349,88.376,27.775,52.216
7.08,10.675,14.632,15.582,42.55,19.283,4.5048,21.796,18.376,7.9788,21.508,7.2278,17.826,22.333,8.6689,24.778,11.334,18.349,6.4235,54.446,12.848,40.44,36.277,79.317,17.081,51.318,29.521,19.236,28.827,17.126,34.739,19.361,4.1114,33.777,37.435,73.614,23.433,88.428,27.803,52.214
7.09,10.737,14.627,15.575,42.616,19.286,4.5083,21.786,18.398,7.9697,21.476,7.2227,17.823,22.319,8.6574,24.714,11.314,18.355,6.4186,54.467,12.86,40.37,36.304,79.317,17.064,51.252,29.703,19.237,28.841,17.084,34.76,19.352,4.1077,33.741,37.378,73.572,23.512,88.477,27.832,52.21
7.1,10.8,14.62,15.568,42.681,19.289,4.5118,21.777,18.418,7.9606,21.444,7.2178,17.82,22.305,8.646,24.65,11.295,18.36,6.4136,54.487,12.871,40.299,36.331,79.316,17.047,51.185,29.885,19.238,28.856,17.042,34.779,19.342,4.104,33.702,37.317,73.529,23.588,88.525,27.859,52.204
7.11,10.863,14.613,15.561,42.745,19.291,4.5152,21.767,18.438,7.9515,21.412,7.2128,17.818,22.291,8.6345,24.586,11.275,18.366,6.4085,54.506,12.882,40.227,36.357,79.314,17.029,51.115,30.067,19.24,28.87,16.999,34.799,19.33,4.1003,33.662,37.253,73.485,23.659,88.57,27.886,52.197
7.12,10.927,14.605,15.554,42.808,19.294,4.5186,21.757,18.458,7.9425,21.38,7.2078,17.815,22.277,8.6231,24.522,11.255,18.371,6.4035,54.525,12.892,40.156,36.384,79.313,17.012,51.045,30.247,19.241,28.883,16.957,34.818,19.315,4.0964,33.62,37.187,73.441,23.726,88.615,27.912,52.188
7.13,10.99,14.598,15.547,42.871,19.296,4.5219,21.748,18.477,7.9335,21.348,7.2028,17.813,22.263,8.6281,24.458,11.236,18.376,6.3984,54.542,12.902,40.084,36.411,79.311,16.994,50.972,30.427,19.242,28.896,16.915,34.837,19.299,4.0924,33.576,37.118,73.396,23.789,88.657,27.936,52.178
7.14,11.053,14.589,15.54,42.933,19.298,4.5253,21.738,18.496,7.9245,21.316,7.1979,17.81,22.249,8.6331,24.394,11.216,18.381,6.3934,54.558,12.912,40.011,36.437,79.308,16.976,50.898,30.606,19.243,28.909,16.872,34.855,19.281,4.0884,33.529,37.046,73.352,23.849,88.697,27.959,52.166
7.15,11.116,14.58,15.533,42.994,19.3,4.5285,21.728,18.514,7.9156,21.284,7.193,17.808,22.235,8.6381,24.329,11.197,18.387,6.3883,54.573,12.92,39.938,36.465,79.305,16.958,50.823,30.785,19.245,28.921,16.83,34.873,19.262,4.0843,33.481,36.971,73.308,23.904,88.735,27.981,52.151
7.16,11.18,14.57,15.525,43.054,19.303,4.5318,21.719,18.532,7.9067,21.252,7.188,17.805,22.221,8.6431,24.265,11.177,18.392,6.3831,54.587,12.929,39.864,36.492,79.302,16.94,50.746,30.962,19.246,28.933,16.788,34.89,19.241,4.0801,33.431,36.894,73.264,23.955,88.772,28.001,52.136
7.17,11.244,14.56,15.518,43.113,19.305,4.535,21.709,18.549,7.8979,21.22,7.1831,17.802,22.207,8.6481,24.201,11.157,18.397,6.378,54.6,12.937,39.79,36.52,79.299,16.922,50.667,31.139,19.247,28.945,16.747,34.907,19.218,4.0758,33.379,36.814,73.22,24.003,88.807,28.021,52.118
7.18,11.308,14.549,15.51,43.171,19.307,4.5382,21.7,18.566,7.8891,21.188,7.1782,17.8,22.193,8.653,24.137,11.138,18.402,6.3728,54.612,12.944,39.715,36.549,79.294,16.903,50.587,31.314,19.248,28.956,16.705,34.924,19.194,4.0715,33.325,36.731,73.175,24.048,88.84,28.039,52.099
7.19,11.373,14.538,15.503,43.229,19.309,4.5413,21.69,18.582,7.8803,21.156,7.1733,17.797,22.179,8.658,24.072,11.119,18.407,6.3675,54.623,12.951,39.639,36.579,79.29,16.885,50.505,31.489,19.25,28.966,16.663,34.94,19.167,4.0671,33.268,36.645,73.131,24.091,88.87,28.055,52.078
7.2,11.438,14.527,15.495,43.286,19.311,4.5444,21.681,18.598,7.8715,21.124,7.1685,17.795,22.165,8.6629,24.008,11.099,18.411,6.3623,54.633,12.957,39.563,36.609,79.286,16.866,50.422,31.663,19.251,28.976,16.621,34.956,19.139,4.0626,33.21,36.557,73.087,24.131,88.9,28.07,52.056
7.21,11.503,14.515,15.487,43.342,19.313,4.5475,21.671,18.613,7.8628,21.092,7.1636,17.792,22.151,8.6678,23.944,11.08,18.416,6.357,54.642,12.963,39.486,36.64,79.28,16.848,50.337,31.836,19.252,28.986,16.58,34.972,19.109,4.058,33.149,36.467,73.043,24.169,88.927,28.083,52.032
7.22,11.568,14.502,15.48,43.397,19.314,4.5506,21.661,18.627,7.8541,21.06,7.1588,17.79,22.137,8.6727,23.88,11.06,18.421,6.3517,54.65,12.968,39.409,36.672,79.275,16.829,50.251,32.008,19.254,28.995,16.539,34.987,19.078,4.0534,33.087,36.374,72.999,24.205,88.952,28.095,52.006
7.23,11.633,14.489,15.472,43.451,19.316,4.5536,21.652,18.641,7.8455,21.029,7.1539,17.787,22.123,8.6775,23.816,11.041,18.426,6.3463,54.657,12.973,39.33,36.704,79.269,16.811,50.163,32.178,19.255,29.004,16.497,35.001,19.045,4.0488,33.021,36.279,72.954,24.239,88.976,28.105,51.978
7.24,11.698,14.475,15.464,43.504,19.318,4.5565,21.642,18.654,7.8369,20.997,7.1491,17.785,22.109,8.6824,23.752,11.022,18.43,6.3409,54.663,12.977,39.251,36.736,79.263,16.792,50.074,32.348,19.256,29.012,16.456,35.016,19.01,4.0441,32.956,36.181,72.908,24.271,88.998,28.114,51.949
7.25,11.763,14.461,15.455,43.555,19.32,4.5595,21.633,18.666,7.8283,20.965,7.1443,17.782,22.095,8.6872,23.688,11.002,18.435,6.3355,54.668,12.981,39.172,36.769,79.257,16.774,49.983,32.517,19.257,29.019,16.415,35.031,18.974,4.0394,32.887,36.082,72.862,24.299,89.017,28.122,51.918
7.26,11.828,14.447,15.447,43.606,19.322,4.5624,21.623,18.678,7.8197,20.933,7.1395,17.78,22.081,8.692,23.625,10.983,18.439,6.33,54.672,12.985,39.092,36.805,79.25,16.755,49.891,32.684,19.259,29.027,16.374,35.045,18.937,4.0345,32.817,35.98,72.814,24.324,89.036,28.128,51.885
7.27,11.893,14.432,15.439,43.655,19.323,4.5653,21.613,18.689,7.8112,20.901,7.1347,17.777,22.067,8.6967,23.561,10.964,18.443,6.3246,54.676,12.987,39.011,36.849,79.243,16.737,49.798,32.85,19.26,29.033,16.333,35.059,18.898,4.0296,32.745,35.876,72.766,24.346,89.052,28.132,51.851
7.28,11.958,14.417,15.431,43.702,19.325,4.5681,21.603,18.699,7.8028,20.87,7.1299,17.775,22.053,8.7015,23.497,10.945,18.448,6.3192,54.678,12.99,38.929,36.893,79.236,16.719,49.704,33.016,19.261,29.04,16.292,35.072,18.857,4.0247,32.887,35.77,72.716,24.364,89.066,28.134,51.814
7.29,12.023,14.401,15.422,43.748,19.326,4.5709,21.594,18.709,7.7943,20.843,7.1251,17.772,22.039,8.7062,23.433,10.926,18.452,6.3137,54.68,12.992,38.847,36.938,79.228,16.7,49.609,33.18,19.263,29.046,16.252,35.085,18.815,4.0196,33.042,35.663,72.666,24.378,89.079,28.135,51.776
7.3,12.088,14.385,15.414,43.792,19.328,4.5737,21.584,18.718,7.7859,20.838,7.1204,17.77,22.025,8.7109,23.37,10.907,18.456,6.3082,54.68,12.994,38.764,36.981,79.22,16.682,49.513,33.342,19.264,29.052,16.211,35.098,18.771,4.0145,33.194,35.554,72.615,24.389,89.091,28.135,51.737
7.31,12.152,14.368,15.406,43.835,19.329,4.5765,21.575,18.726,7.7776,20.833,7.1156,17.767,22.012,8.7156,23.306,10.887,18.461,6.3027,54.68,12.995,38.681,37.024,79.211,16.664,49.416,33.504,19.265,29.058,16.171,35.11,18.726,4.0094,33.341,35.443,72.563,24.397,89.101,28.132,51.695
7.32,12.216,14.352,15.397,43.877,19.331,4.5793,21.565,18.734,7.7692,20.828,7.1109,17.765,21.997,8.7203,23.268,10.868,18.465,6.2971,54.679,12.996,38.597,37.066,79.203,16.646,49.319,33.664,19.267,29.063,16.131,35.122,18.679,4.0041,33.484,35.33,72.511,24.4,89.109,28.129,51.652
7.33,12.279,14.334,15.388,43.917,19.332,4.582,21.555,18.741,7.7609,20.823,7.1062,17.762,21.983,8.725,23.237,10.849,18.469,6.2916,54.678,12.996,38.512,37.108,79.194,16.628,49.222,33.823,19.268,29.067,16.091,35.134,18.631,3.9988,33.624,35.216,72.459,24.4,89.115,28.124,51.607
7.34,12.344,14.317,15.379,43.955,19.333,4.5847,21.546,18.747,7.7527,20.818,7.1015,17.76,21.969,8.7296,23.207,10.83,18.473,6.286,54.676,12.996,38.427,37.149,79.184,16.61,49.125,33.98,19.269,29.071,16.051,35.145,18.582,3.9934,33.758,35.102,72.407,24.397,89.121,28.118,51.561
7.35,12.408,14.299,15.371,43.992,19.334,4.5873,21.536,18.753,7.7445,20.813,7.0968,17.757,21.955,8.7342,23.177,10.811,18.477,6.2804,54.673,12.995,38.341,37.188,79.175,16.592,49.028,34.136,19.27,29.075,16.011,35.156,18.532,3.988,33.888,34.986,72.355,24.391,89.125,28.11,51.512
7.36,12.472,14.28,15.362,44.027,19.335,4.59,21.526,18.758,7.7363,20.808,7.0921,17.755,21.941,8.7388,23.146,10.793,18.481,6.2747,54.67,12.995,38.255,37.227,79.165,16.574,48.93,34.291,19.272,29.078,15.971,35.167,18.48,3.9825,34.014,34.869,72.303,24.381,89.128,28.102,51.462
7.37,12.535,14.262,15.353,44.061,19.336,4.5926,21.517,18.762,7.7281,20.803,7.0874,17.752,21.927,8.7434,23.116,10.774,18.484,6.269,54.666,12.993,38.168,37.265,79.155,16.557,48.832,34.444,19.273,29.081,15.931,35.177,18.427,3.9769,34.189,34.751,72.252,24.368,89.129,28.093,51.41
7.38,12.598,14.244,15.344,44.094,19.337,4.5951,21.507,18.766,7.72,20.798,7.0828,17.75,21.913,8.748,23.086,10.755,18.488,6.2633,54.661,12.992,38.08,37.303,79.144,16.539,48.734,34.596,19.274,29.084,15.892,35.186,18.373,3.9712,34.418,34.632,72.202,24.353,89.13,28.082,51.358
7.39,12.661,14.226,15.334,44.125,19.338,4.5977,21.498,18.768,7.7119,20.793,7.0781,17.748,21.899,8.7525,23.056,10.736,18.492,6.2576,54.656,12.989,37.993,37.339,79.134,16.522,48.635,34.746,19.276,29.086,15.853,35.196,18.317,3.9655,34.644,34.513,72.151,24.334,89.129,28.071,51.303
7.4,12.723,14.207,15.325,44.155,19.339,4.6002,21.488,18.77,7.7039,20.788,7.0735,17.745,21.885,8.757,23.026,10.717,18.495,6.2519,54.651,12.987,37.904,37.375,79.123,16.505,48.534,34.895,19.277,29.087,15.813,35.205,18.26,3.9598,34.866,34.393,72.099,24.313,89.128,28.058,51.247
7.41,12.785,14.189,15.316,44.183,19.34,4.6027,21.478,18.772,7.6959,20.783,7.0689,17.743,21.871,8.7615,22.995,10.699,18.499,6.2461,54.645,12.984,37.815,37.41,79.111,16.488,48.433,35.042,19.278,29.088,15.774,35.214,18.202,3.9539,35.083,34.271,72.047,24.29,89.125,28.045,51.189
7.42,12.847,14.17,15.307,44.21,19.341,4.6051,21.469,18.772,7.6879,20.778,7.0643,17.74,21.857,8.766,22.965,10.68,18.503,6.2403,54.639,12.981,37.726,37.444,79.1,16.471,48.331,35.188,19.28,29.089,15.735,35.222,18.142,3.948,35.295,34.15,71.993,24.264,89.122,28.03,51.13
7.43,12.908,14.151,15.297,44.236,19.342,4.6075,21.459,18.772,7.68,20.773,7.0596,17.738,21.844,8.7705,22.935,10.661,18.506,6.2345,54.632,12.977,37.636,37.477,79.088,16.455,48.227,35.332,19.281,29.09,15.697,35.231,18.081,3.9421,35.504,34.027,71.939,24.236,89.117,28.014,51.07
7.44,12.969,14.132,15.288,44.26,19.342,4.6099,21.449,18.77,7.6721,20.768,7.0551,17.735,21.83,8.7749,22.905,10.643,18.51,6.2287,54.624,12.973,37.545,37.51,79.076,16.438,48.122,35.475,19.282,29.09,15.658,35.239,18.02,3.9361,35.707,33.904,71.884,24.207,89.11,27.996,51.008
7.45,13.03,14.113,15.278,44.283,19.343,4.6123,21.44,18.768,7.6642,20.763,7.0505,17.733,21.816,8.7794,22.875,10.624,18.513,6.2229,54.616,12.969,37.454,37.542,79.063,16.422,48.017,35.616,19.284,29.09,15.62,35.247,17.958,3.933,35.906,33.781,71.828,24.175,89.103,27.977,50.946
7.46,13.091,14.122,15.268,44.305,19.343,4.6146,21.43,18.765,7.6564,20.759,7.0459,17.731,21.802,8.7838,22.845,10.605,18.516,6.2171,54.608,12.965,37.363,37.573,79.05,16.406,47.91,35.756,19.285,29.09,15.581,35.255,17.894,3.9315,36.1,33.657,71.772,24.143,89.093,27.956,50.882
7.47,13.151,14.132,15.259,44.325,19.344,4.6169,21.42,18.762,7.6486,20.754,7.0414,17.728,21.788,8.7882,22.816,10.587,18.52,6.2113,54.599,12.96,37.271,37.604,79.038,16.39,47.802,35.894,19.286,29.09,15.543,35.262,17.83,3.9292,36.29,33.532,71.744,24.109,89.083,27.934,50.817
7.48,13.211,14.141,15.249,44.345,19.344,4.6192,21.411,18.757,7.6408,20.749,7.0368,17.726,21.774,8.7925,22.786,10.568,18.523,6.2054,54.59,12.955,37.179,37.634,79.024,16.374,47.693,36.03,19.287,29.089,15.505,35.269,17.764,3.9262,36.476,33.407,71.787,24.073,89.071,27.91,50.752
7.49,13.27,14.151,15.239,44.363,19.345,4.6214,21.401,18.752,7.6331,20.744,7.0323,17.723,21.76,8.7969,22.756,10.55,18.526,6.1995,54.58,12.949,37.086,37.663,79.011,16.359,47.582,36.165,19.289,29.087,15.467,35.275,17.698,3.9251,36.658,33.281,71.83,24.036,89.058,27.885,50.684
7.5,13.329,14.16,15.229,44.38,19.345,4.6237,21.392,18.746,7.6254,20.739,7.0278,17.721,21.746,8.8012,22.726,10.532,18.529,6.1936,54.57,12.944,36.993,37.691,78.997,16.344,47.471,36.298,19.29,29.086,15.43,35.282,17.63,3.9385,36.835,33.154,71.873,23.996,89.043,27.857,50.617
7.51,13.388,14.168,15.219,44.395,19.346,4.6258,21.382,18.739,7.6178,20.734,7.0232,17.719,21.732,8.8055,22.696,10.513,18.532,6.1877,54.559,12.937,36.9,37.718,78.982,16.328,47.358,36.43,19.291,29.084,15.392,35.288,17.562,3.9517,37.008,33.026,71.915,23.954,89.027,27.827,50.548
7.52,13.445,14.176,15.209,44.41,19.346,4.628,21.373,18.731,7.6101,20.729,7.0187,17.716,21.718,8.8098,22.667,10.495,18.535,6.1818,54.548,12.931,36.806,37.745,78.968,16.313,47.244,36.56,19.293,29.081,15.355,35.293,17.492,3.9647,37.176,32.897,71.957,23.909,89.009,27.796,50.479
7.53,13.503,14.185,15.199,44.423,19.346,4.6301,21.363,18.722,7.6026,20.724,7.0143,17.714,21.705,8.8141,22.637,10.477,18.538,6.1758,54.536,12.924,36.712,37.771,78.954,16.299,47.129,36.688,19.294,29.079,15.317,35.298,17.422,3.9776,37.34,32.768,71.999,23.86,88.991,27.762,50.408
7.54,13.56,14.192,15.189,44.436,19.347,4.6322,21.353,18.713,7.595,20.719,7.0098,17.712,21.691,8.8184,22.608,10.458,18.541,6.1699,54.523,12.917,36.617,37.796,78.939,16.284,47.012,36.815,19.295,29.076,15.28,35.303,17.351,3.9903,37.5,32.637,72.04,23.809,88.97,27.727,50.337
7.55,13.617,14.2,15.179,44.447,19.347,4.6343,21.344,18.703,7.5875,20.714,7.0053,17.709,21.677,8.8226,22.578,10.44,18.544,6.1639,54.51,12.91,36.522,37.82,78.923,16.27,46.895,36.94,19.297,29.072,15.243,35.308,17.279,4.0028,37.654,32.505,72.082,23.755,88.949,27.689,50.265
7.56,13.674,14.208,15.168,44.457,19.347,4.6364,21.334,18.691,7.58,20.71,7.0009,17.707,21.663,8.8268,22.549,10.422,18.547,6.1579,54.497,12.902,36.427,37.844,78.908,16.256,46.776,37.064,19.298,29.069,15.207,35.312,17.206,4.0151,37.804,32.372,72.123,23.698,88.926,27.649,50.276
7.57,13.73,14.215,15.158,44.466,19.347,4.6384,21.325,18.68,7.5726,20.705,6.9964,17.705,21.649,8.831,22.519,10.404,18.55,6.1519,54.483,12.894,36.332,37.867,78.892,16.242,46.657,37.186,19.299,29.065,15.17,35.316,17.133,4.0272,37.948,32.238,72.164,23.638,88.902,27.607,50.308
7.58,13.786,14.222,15.148,44.474,19.347,4.6404,21.315,18.667,7.5652,20.7,6.992,17.702,21.635,8.8352,22.49,10.386,18.553,6.1458,54.468,12.886,36.236,37.889,78.876,16.228,46.536,37.307,19.3,29.06,15.133,35.32,17.06,4.0391,38.087,32.102,72.205,23.574,88.877,27.563,50.338
7.59,13.84,14.229,15.137,44.481,19.347,4.6425,21.306,18.653,7.5578,20.695,6.9876,17.7,21.621,8.8394,22.46,10.368,18.555,6.1398,54.453,12.877,36.14,37.91,78.86,16.215,46.414,37.425,19.302,29.056,15.097,35.323,16.985,4.0509,38.221,31.966,72.245,23.508,88.851,27.517,50.369
7.6,13.894,14.235,15.126,44.487,19.347,4.6444,21.296,18.639,7.5505,20.69,6.9832,17.697,21.607,8.8435,22.431,10.349,18.558,6.1337,54.437,12.869,36.043,37.931,78.843,16.201,46.291,37.543,19.303,29.051,15.061,35.326,16.91,4.0624,38.35,31.829,72.286,23.439,88.825,27.468,50.398
7.61,13.948,14.24,15.116,44.491,19.347,4.6464,21.287,18.624,7.5432,20.685,6.9788,17.695,21.594,8.8476,22.402,10.331,18.561,6.1277,54.421,12.86,35.946,37.951,78.826,16.188,46.167,37.659,19.304,29.046,15.025,35.329,16.834,4.0737,38.473,31.691,72.327,23.368,88.799,27.418,50.427
7.62,14.002,14.246,15.105,44.494,19.347,4.6483,21.277,18.608,7.536,20.68,6.9744,17.693,21.58,8.8517,22.373,10.314,18.563,6.1216,54.404,12.85,35.849,37.971,78.809,16.175,46.169,37.773,19.306,29.041,14.989,35.331,16.758,4.0848,38.591,31.552,72.368,23.398,88.775,27.366,50.456
7.63,14.055,14.251,15.094,44.496,19.346,4.6502,21.267,18.591,7.5288,20.675,6.97,17.691,21.566,8.8558,22.343,10.296,18.566,6.1154,54.387,12.841,35.752,37.99,78.791,16.163,46.185,37.886,19.307,29.035,14.954,35.334,16.681,4.0957,38.705,31.412,72.409,23.427,88.759,27.312,50.483
7.64,14.108,14.255,15.084,44.497,19.346,4.6521,21.258,18.574,7.5216,20.67,6.9656,17.688,21.552,8.8599,22.315,10.278,18.568,6.1093,54.368,12.831,35.655,38.009,78.773,16.15,46.2,37.997,19.308,29.03,14.918,35.336,16.604,4.1063,38.814,31.271,72.45,23.454,88.747,27.255,50.511
7.65,14.16,14.259,15.073,44.496,19.346,4.6539,21.248,18.555,7.5144,20.665,6.9613,17.686,21.538,8.864,22.286,10.26,18.571,6.1032,54.349,12.822,35.557,38.028,78.755,16.138,46.215,38.107,19.309,29.024,14.883,35.338,16.526,4.1168,38.918,31.19,72.49,23.479,88.737,27.197,50.538
7.66,14.211,14.263,15.062,44.495,19.346,4.6557,21.239,18.536,7.5073,20.661,6.9569,17.684,21.524,8.868,22.257,10.242,18.573,6.0971,54.33,12.811,35.459,38.047,78.736,16.126,46.229,38.216,19.311,29.018,14.848,35.34,16.447,4.1316,39.018,31.227,72.53,23.503,88.726,27.138,50.565
7.67,14.262,14.266,15.051,44.492,19.345,4.6575,21.229,18.517,7.5002,20.656,6.9526,17.681,21.51,8.872,22.228,10.224,18.575,6.0909,54.309,12.801,35.36,38.066,78.718,16.114,46.242,38.323,19.312,29.012,14.813,35.341,16.369,4.1488,39.114,31.263,72.57,23.525,88.716,27.077,50.59
7.68,14.312,14.268,15.04,44.488,19.345,4.6593,21.22,18.496,7.4932,20.651,6.9483,17.679,21.497,8.876,22.199,10.207,18.578,6.0848,54.288,12.79,35.262,38.084,78.699,16.102,46.255,38.428,19.313,29.005,14.778,35.342,16.289,4.1658,39.205,31.298,72.61,23.546,88.705,27.049,50.616
7.69,14.361,14.27,15.029,44.483,19.344,4.661,21.211,18.475,7.4862,20.646,6.944,17.677,21.483,8.88,22.171,10.189,18.58,6.0787,54.267,12.779,35.164,38.103,78.68,16.091,46.267,38.531,19.314,28.998,14.743,35.343,16.21,4.1828,39.29,31.332,72.65,23.566,88.695,27.031,50.641
7.7,14.411,14.272,15.018,44.477,19.344,4.6628,21.201,18.453,7.4792,20.641,6.9397,17.674,21.469,8.884,22.142,10.186,18.582,6.0725,54.244,12.768,35.065,38.123,78.66,16.079,46.279,38.633,19.316,28.991,14.709,35.344,16.13,4.1998,39.369,31.365,72.69,23.585,88.683,27.013,50.665
7.71,14.46,14.273,15.006,44.47,19.343,4.6644,21.192,18.43,7.4723,20.636,6.9354,17.672,21.455,8.8879,22.114,10.192,18.584,6.0663,54.221,12.757,34.966,38.146,78.64,16.068,46.29,38.734,19.317,28.984,14.675,35.344,16.05,4.2166,39.443,31.397,72.73,23.602,88.671,26.993,50.689
7.72,14.508,14.274,14.995,44.461,19.342,4.6661,21.182,18.406,7.4654,20.632,6.9311,17.67,21.442,8.8918,22.085,10.198,18.586,6.0601,54.197,12.745,34.867,38.187,78.62,16.057,46.301,38.832,19.318,28.976,14.641,35.344,15.969,4.2333,39.611,31.427,72.771,23.618,88.658,26.972,50.713
7.73,14.555,14.274,14.984,44.452,19.342,4.6678,21.173,18.382,7.4585,20.627,6.9268,17.668,21.428,8.8958,22.057,10.204,18.588,6.054,54.172,12.734,34.767,38.23,78.599,16.046,46.311,38.929,19.319,28.968,14.607,35.344,15.888,4.25,39.783,31.457,72.811,23.632,88.643,26.95,50.736
7.74,14.602,14.274,14.973,44.442,19.341,4.6694,21.163,18.356,7.4517,20.622,6.9226,17.665,21.414,8.8996,22.028,10.211,18.59,6.0477,54.147,12.721,34.668,38.275,78.578,16.036,46.32,39.025,19.321,28.96,14.573,35.343,15.809,4.2665,39.95,31.486,72.852,23.643,88.628,26.928,50.759
7.75,14.648,14.274,14.961,44.43,19.34,4.671,21.154,18.33,7.4449,20.617,6.9183,17.663,21.401,8.9035,22,10.217,18.592,6.0415,54.121,12.709,34.569,38.321,78.557,16.025,46.329,39.118,19.322,28.952,14.539,35.342,15.852,4.283,40.113,31.514,72.893,23.653,88.611,26.904,50.781
7.76,14.695,14.273,14.95,44.418,19.339,4.6725,21.145,18.303,7.4381,20.612,6.9141,17.661,21.387,8.9074,21.971,10.223,18.594,6.0353,54.095,12.697,34.469,38.368,78.535,16.015,46.337,39.21,19.323,28.943,14.506,35.341,15.902,4.2993,40.272,31.541,72.933,23.66,88.592,26.888,50.803
7.77,14.74,14.271,14.939,44.405,19.339,4.6741,21.135,18.276,7.4314,20.607,6.9099,17.659,21.373,8.9112,21.943,10.229,18.596,6.0291,54.068,12.684,34.369,38.414,78.514,16.005,46.344,39.301,19.324,28.935,14.473,35.339,15.952,4.3155,40.425,31.567,72.974,23.665,88.572,26.875,50.824
7.78,14.785,14.269,14.927,44.39,19.338,4.6756,21.126,18.247,7.4247,20.602,6.9057,17.656,21.36,8.915,21.915,10.235,18.598,6.0228,54.04,12.671,34.269,38.46,78.492,15.995,46.351,39.389,19.325,28.926,14.439,35.337,16.002,4.3315,40.574,31.592,73.015,23.668,88.551,26.862,50.846
7.79,14.83,14.267,14.915,44.376,19.337,4.6771,21.116,18.218,7.418,20.598,6.9015,17.654,21.346,8.9188,21.887,10.241,18.6,6.0166,54.011,12.658,34.169,38.505,78.469,15.985,46.358,39.476,19.327,28.917,14.407,35.335,16.052,4.3475,40.719,31.616,73.057,23.668,88.529,26.848,50.866
7.8,14.878,14.264,14.904,44.361,19.336,4.6786,21.107,18.187,7.4114,20.593,6.8973,17.652,21.332,8.9226,21.859,10.247,18.602,6.0103,53.982,12.645,34.069,38.55,78.446,15.975,46.364,39.561,19.328,28.908,14.374,35.333,16.102,4.3633,40.858,31.638,73.101,23.666,88.505,26.834,50.886
7.81,14.926,14.261,14.892,44.345,19.335,4.68,21.098,18.156,7.4048,20.588,6.8931,17.65,21.319,8.9264,21.831,10.253,18.604,6.004,53.953,12.631,33.969,38.595,78.423,15.966,46.37,39.645,19.329,28.899,14.341,35.331,16.152,4.379,40.993,31.66,73.147,23.662,88.479,26.82,50.905
7.82,14.974,14.257,14.881,44.329,19.334,4.6815,21.088,18.125,7.3983,20.583,6.8889,17.647,21.305,8.9302,21.803,10.259,18.605,5.9977,53.923,12.618,33.869,38.639,78.4,15.956,46.375,39.726,19.33,28.89,14.309,35.328,16.202,4.3947,41.123,31.681,73.194,23.655,88.452,26.806,50.924
7.83,15.022,14.253,14.869,44.313,19.333,4.6829,21.079,18.092,7.3917,20.578,6.8848,17.645,21.291,8.9339,21.775,10.265,18.607,5.9914,53.892,12.604,33.768,38.682,78.376,15.947,46.38,39.806,19.331,28.88,14.277,35.325,16.252,4.4101,41.248,31.701,73.242,23.646,88.424,26.792,50.943
7.84,15.068,14.248,14.857,44.296,19.332,4.6842,21.07,18.059,7.3853,20.573,6.8806,17.643,21.278,8.9376,21.747,10.271,18.609,5.9851,53.861,12.59,33.668,38.725,78.352,15.938,46.385,39.885,19.332,28.871,14.245,35.321,16.302,4.4255,41.368,31.72,73.292,23.635,88.394,26.777,50.96
7.85,15.114,14.243,14.845,44.278,19.331,4.6856,21.06,18.025,7.3788,20.569,6.8765,17.641,21.264,8.9413,21.719,10.276,18.61,5.9788,53.829,12.576,33.567,38.768,78.327,15.929,46.389,39.961,19.333,28.861,14.213,35.318,16.352,4.4406,41.484,31.738,73.343,23.622,88.363,26.762,50.977
7.86,15.159,14.238,14.834,44.26,19.33,4.6869,21.051,17.99,7.3724,20.564,6.8723,17.639,21.251,8.945,21.691,10.282,18.612,5.9725,53.797,12.562,33.467,38.811,78.302,15.92,46.393,40.036,19.334,28.851,14.181,35.315,16.401,4.4557,41.596,31.755,73.393,23.608,88.33,26.747,50.994
7.87,15.204,14.232,14.822,44.241,19.328,4.6882,21.042,17.954,7.366,20.559,6.8682,17.636,21.237,8.9487,21.664,10.288,18.613,5.9661,53.764,12.547,33.367,38.853,78.277,15.911,46.397,40.109,19.336,28.841,14.15,35.311,16.451,4.4705,41.703,31.771,73.443,23.591,88.297,26.731,51.01
7.88,15.247,14.225,14.81,44.222,19.327,4.6895,21.033,17.918,7.3597,20.554,6.8641,17.634,21.224,8.9523,21.636,10.294,18.615,5.9598,53.731,12.532,33.266,38.894,78.252,15.902,46.401,40.181,19.337,28.831,14.118,35.307,16.501,4.4852,41.806,31.785,73.494,23.573,88.262,26.713,51.025
7.89,15.291,14.218,14.798,44.202,19.326,4.6908,21.023,17.881,7.3533,20.55,6.86,17.632,21.21,8.9559,21.608,10.299,18.616,5.9535,53.698,12.517,33.166,38.935,78.226,15.894,46.404,40.25,19.338,28.821,14.087,35.303,16.55,4.4997,41.905,31.799,73.544,23.554,88.226,26.695,51.041
7.9,15.334,14.211,14.786,44.181,19.324,4.6921,21.014,17.844,7.3471,20.545,6.8559,17.63,21.196,8.9595,21.581,10.305,18.618,5.9471,53.664,12.502,33.065,38.977,78.2,15.885,46.407,40.319,19.339,28.81,14.056,35.298,16.599,4.514,42,31.812,73.594,23.533,88.189,26.676,51.055
7.91,15.376,14.204,14.774,44.159,19.323,4.6933,21.005,17.806,7.3408,20.54,6.8519,17.628,21.183,8.9631,21.553,10.311,18.619,5.9408,53.63,12.487,32.964,39.018,78.173,15.877,46.41,40.385,19.34,28.8,14.026,35.293,16.649,4.5281,42.091,31.824,73.644,23.51,88.151,26.723,51.069
7.92,15.418,14.196,14.762,44.137,19.322,4.6946,20.996,17.767,7.3346,20.535,6.8478,17.625,21.169,8.9667,21.526,10.316,18.62,5.9344,53.596,12.471,32.864,39.059,78.146,15.868,46.413,40.449,19.341,28.789,13.995,35.289,16.698,4.542,42.177,31.835,73.693,23.487,88.112,26.857,51.083
7.93,15.458,14.187,14.75,44.114,19.32,4.6958,20.987,17.728,7.3284,20.531,6.8437,17.623,21.156,8.9703,21.499,10.322,18.622,5.9281,53.562,12.456,32.764,39.102,78.118,15.86,46.415,40.512,19.342,28.778,13.965,35.283,16.747,4.5558,42.26,31.844,73.742,23.461,88.073,26.985,51.095
7.94,15.499,14.178,14.738,44.09,19.319,4.697,20.977,17.688,7.3223,20.526,6.8397,17.621,21.142,8.9738,21.471,10.327,18.623,5.9217,53.527,12.44,32.663,39.158,78.091,15.852,46.417,40.574,19.343,28.767,13.934,35.278,16.796,4.5693,42.339,31.853,73.791,23.434,88.033,27.109,51.108
7.95,15.539,14.169,14.726,44.066,19.317,4.6981,20.968,17.648,7.3162,20.521,6.8357,17.619,21.129,8.9774,21.444,10.333,18.624,5.9154,53.492,12.424,32.563,39.215,78.063,15.844,46.419,40.633,19.344,28.756,13.904,35.272,16.845,4.5827,42.414,31.861,73.84,23.412,87.993,27.227,51.12
7.96,15.578,14.159,14.714,44.041,19.315,4.6993,20.959,17.607,7.3101,20.516,6.8316,17.617,21.115,8.9809,21.417,10.338,18.625,5.909,53.457,12.407,32.462,39.271,78.034,15.835,46.42,40.691,19.345,28.745,13.874,35.266,16.893,4.5958,42.485,31.868,73.888,23.48,87.952,27.341,51.132
7.97,15.618,14.149,14.701,44.016,19.314,4.7004,20.95,17.566,7.304,20.512,6.8276,17.615,21.102,8.9844,21.39,10.344,18.627,5.9027,53.422,12.391,32.362,39.327,78.006,15.828,46.421,40.748,19.346,28.734,13.845,35.26,16.942,4.6088,42.552,31.874,73.937,23.546,87.91,27.449,51.144
7.98,15.659,14.139,14.689,43.99,19.312,4.7015,20.941,17.524,7.298,20.507,6.8236,17.612,21.088,8.9878,21.362,10.349,18.628,5.8963,53.386,12.374,32.261,39.383,77.976,15.82,46.422,40.803,19.347,28.723,13.815,35.253,16.99,4.6216,42.614,31.879,73.986,23.61,87.867,27.553,51.155
7.99,15.698,14.128,14.677,43.963,19.31,4.7026,20.932,17.482,7.292,20.502,6.8196,17.61,21.075,8.9913,21.335,10.354,18.629,5.8899,53.35,12.357,32.161,39.438,77.946,15.812,46.423,40.856,19.348,28.711,13.786,35.247,17.038,4.6343,42.672,31.883,74.035,23.673,87.824,27.652,51.166
8,15.738,14.117,14.665,43.936,19.309,4.7037,20.922,17.439,7.2861,20.497,6.8156,17.608,21.061,8.9948,21.308,10.36,18.63,5.8836,53.314,12.34,32.061,39.492,77.917,15.804,46.424,40.908,19.348,28.699,13.757,35.24,17.086,4.6467,42.724,31.886,74.084,23.735,87.779,27.746,51.177
