1.665142e-05
1.664636e-05
1.665715e-05
1.666679e-05
1.667280e-05
1.667990e-05
1.668361e-05
1.668920e-05
1.669399e-05
1.669708e-05
1.670107e-05
1.670574e-05
1.670905e-05
1.671143e-05
1.671333e-05
1.671708e-05
1.671839e-05
1.671867e-05
1.671914e-05
1.672163e-05
1.672367e-05
1.671596e-05
1.671416e-05
1.671516e-05
1.671153e-05
1.671100e-05
1.671006e-05
1.671109e-05
1.670802e-05
1.670100e-05
1.669338e-05
1.669454e-05
1.669338e-05
1.668653e-05
1.667884e-05
1.667562e-05
1.666765e-05
1.666281e-05
1.665279e-05
1.664179e-05
1.663024e-05
1.663096e-05
1.663514e-05
1.662374e-05
1.660832e-05
1.658309e-05
1.655074e-05
1.655755e-05
1.657889e-05
1.657723e-05
1.657308e-05
1.654920e-05
1.651709e-05
1.652976e-05
1.653004e-05
1.649678e-05
1.646180e-05
1.644838e-05
1.645006e-05
1.641123e-05
1.638279e-05
1.638123e-05
1.636572e-05
1.634789e-05
1.632378e-05
1.632729e-05
1.633983e-05
1.633819e-05
1.628247e-05
1.624590e-05
1.626589e-05
1.626318e-05
1.625009e-05
1.620992e-05
1.617188e-05
1.613374e-05
1.611335e-05
1.614048e-05
1.611815e-05
1.607349e-05
1.602876e-05
1.598194e-05
1.598611e-05
1.598998e-05
1.597099e-05
1.591996e-05
1.584080e-05
1.581490e-05
1.584152e-05
1.584278e-05
1.584064e-05
1.584900e-05
1.579513e-05
1.570885e-05
1.561622e-05
1.562396e-05
1.570098e-05
1.566295e-05
1.558875e-05
1.559143e-05
1.564510e-05
1.561974e-05
1.550752e-05
1.543669e-05
1.544873e-05
1.550806e-05
1.547370e-05
1.535712e-05
1.528925e-05
1.526459e-05
1.523574e-05
1.519945e-05
1.517184e-05
1.514013e-05
1.506569e-05
1.497973e-05
1.498410e-05
1.498690e-05
1.504419e-05
1.516583e-05
1.507246e-05
1.488183e-05
1.479535e-05
1.483062e-05
1.485974e-05
1.475051e-05
1.465776e-05
1.467864e-05
1.471640e-05
1.461602e-05
1.451343e-05
1.447995e-05
1.445647e-05
1.437147e-05
1.420475e-05
1.409076e-05
1.404272e-05
1.412916e-05
1.429818e-05
1.423627e-05
1.405292e-05
1.391553e-05
1.394967e-05
1.405022e-05
1.414548e-05
1.408067e-05
1.394904e-05
1.400179e-05
1.398244e-05
1.377647e-05
1.356271e-05
1.351514e-05
1.374597e-05
1.377998e-05
1.349089e-05
1.326015e-05
1.322666e-05
1.317973e-05
1.329253e-05
1.339874e-05
1.334302e-05
1.339456e-05
1.325806e-05
1.293048e-05
1.288701e-05
1.292200e-05
1.296129e-05
1.309647e-05
1.313927e-05
1.300316e-05
1.274376e-05
1.259607e-05
1.255523e-05
1.260609e-05
1.266500e-05
1.257489e-05
1.253119e-05
1.248139e-05
1.254791e-05
1.236901e-05
1.208613e-05
1.229892e-05
1.227369e-05
1.184739e-05
1.165962e-05
1.169776e-05
1.205019e-05
1.212633e-05
1.181086e-05
1.138437e-05
1.105499e-05
1.130434e-05
1.150049e-05
1.143039e-05
1.120726e-05
1.101548e-05
1.111370e-05
1.105223e-05
1.083535e-05
1.090814e-05
1.095620e-05
1.089196e-05
1.095614e-05
1.104774e-05
1.081182e-05
1.060578e-05
1.067896e-05
1.080138e-05
1.059082e-05
1.038299e-05
1.019477e-05
9.973195e-06
9.920086e-06
9.840868e-06
1.007760e-05
1.014837e-05
9.892395e-06
1.015451e-05
1.009058e-05
9.678223e-06
9.788807e-06
9.701801e-06
9.648434e-06
9.752251e-06
9.645859e-06
9.586145e-06
9.490739e-06
9.647277e-06
9.586205e-06
9.160622e-06
8.911833e-06
8.857838e-06
8.842196e-06
8.796434e-06
8.536394e-06
8.066280e-06
7.991778e-06
8.317506e-06
8.433089e-06
8.332879e-06
8.200129e-06
8.106098e-06
8.234485e-06
8.554659e-06
8.474952e-06
8.167853e-06
8.133931e-06
7.874750e-06
7.633563e-06
7.379134e-06
7.087600e-06
7.039556e-06
6.909130e-06
7.083446e-06
7.222401e-06
7.103409e-06
6.750231e-06
6.633769e-06
7.305203e-06
7.445831e-06
6.843815e-06
6.502138e-06
6.712654e-06
6.977672e-06
6.429425e-06
5.607309e-06
5.305917e-06
5.492908e-06
5.876241e-06
5.945672e-06
6.081629e-06
6.487931e-06
6.346474e-06
5.745630e-06
5.906557e-06
6.405596e-06
5.811912e-06
5.471153e-06
5.428137e-06
4.859145e-06
4.831538e-06
4.724091e-06
4.362227e-06
4.550530e-06
4.715496e-06
4.633888e-06
4.511230e-06
4.417407e-06
4.337059e-06
4.252556e-06
4.175165e-06
4.081900e-06
3.948586e-06
3.851103e-06
4.063175e-06
4.327931e-06
3.856863e-06
3.378134e-06
3.576836e-06
4.500884e-06
4.774706e-06
3.392672e-06
2.325328e-06
2.639037e-06
3.236180e-06
3.456077e-06
2.945600e-06
2.817768e-06
3.049430e-06
2.907008e-06
3.193790e-06
3.408825e-06
2.999474e-06
2.226373e-06
2.179285e-06
2.513150e-06
2.068336e-06
1.647849e-06
1.596490e-06
1.543915e-06
1.107839e-06
6.607227e-07
1.005294e-06
9.149177e-07
7.090254e-08
-9.159209e-08
5.514708e-07
8.721623e-07
7.202293e-07
1.695798e-07
-3.424540e-07
3.106396e-07
9.663878e-07
7.430486e-07
6.679209e-07
5.640697e-07
5.452511e-07
-3.451080e-07
-8.278735e-07
-6.469544e-08
-2.068449e-07
-6.805617e-07
-5.730980e-07
-2.610418e-07
-3.161705e-08
7.798773e-07
2.970101e-07
-1.042141e-06
-1.949998e-06
-1.967109e-06
-7.453349e-07
-8.655233e-07
-1.917795e-06
-1.574904e-06
-1.695067e-06
-1.782425e-06
-1.482405e-06
-1.618921e-06
-1.614074e-06
-2.191113e-06
-2.722371e-06
-2.877601e-06
-2.523565e-06
-1.721924e-06
-1.829230e-06
-2.789981e-06
-3.325094e-06
-3.811956e-06
-4.307692e-06
-3.842666e-06
-3.904590e-06
-4.967784e-06
-5.579547e-06
-5.269859e-06
-4.416781e-06
-4.092482e-06
-4.201293e-06
-4.752373e-06
-5.830693e-06
-6.374872e-06
-6.039070e-06
-5.243278e-06
-4.942686e-06
-4.618363e-06
-4.289339e-06
-5.344445e-06
-5.962110e-06
-5.467585e-06
-6.207579e-06
-6.162803e-06
-5.404226e-06
-5.449159e-06
-6.658011e-06
-6.216342e-06
-5.804523e-06
-6.994844e-06
-6.612974e-06
-5.735543e-06
-6.286282e-06
-6.435880e-06
-6.475508e-06
-7.720665e-06
-7.803021e-06
-7.325767e-06
-6.860533e-06
-7.035548e-06
-8.391352e-06
-7.846966e-06
-6.843410e-06
-7.599582e-06
-8.239845e-06
-7.741476e-06
-7.674778e-06
-9.599088e-06
-1.027521e-05
-9.128778e-06
-8.617107e-06
-9.367195e-06
-1.025658e-05
-9.704171e-06
-9.160288e-06
-9.303574e-06
-1.007140e-05
-1.076994e-05
-1.016490e-05
-1.029596e-05
-1.122426e-05
-1.077273e-05
-9.568663e-06
-8.895705e-06
-1.092835e-05
-1.359566e-05
-1.302964e-05
-1.119837e-05
-1.065401e-05
-1.096356e-05
-1.178866e-05
-1.258886e-05
-1.196934e-05
-1.141025e-05
-1.154063e-05
-1.236678e-05
-1.320216e-05
-1.256618e-05
-1.208329e-05
-1.230266e-05
-1.249601e-05
-1.203033e-05
-1.148636e-05
-1.225537e-05
-1.233085e-05
-1.234031e-05
-1.398247e-05
-1.405959e-05
-1.281115e-05
-1.154559e-05
-1.247312e-05
-1.413192e-05
-1.281021e-05
-1.224889e-05
-1.300431e-05
-1.252055e-05
-1.279214e-05
-1.373193e-05
-1.242571e-05
-1.045499e-05
-1.114382e-05
-1.340742e-05
-1.401798e-05
-1.539249e-05
-1.673156e-05
-1.606014e-05
-1.606080e-05
-1.699940e-05
-1.709884e-05
-1.726560e-05
-1.664920e-05
-1.685125e-05
-1.712697e-05
-1.581191e-05
-1.608525e-05
-1.607361e-05
-1.537115e-05
-1.698161e-05
-1.924547e-05
-1.926615e-05
-1.845225e-05
-1.947034e-05
-1.973126e-05
-1.827732e-05
-1.764371e-05
-1.860840e-05
-1.972056e-05
-1.894210e-05
-1.830643e-05
-1.855234e-05
-1.877362e-05
-1.816280e-05
-1.748451e-05
-1.850713e-05
-1.862328e-05
-1.784984e-05
-1.879691e-05
-1.967514e-05
-1.970982e-05
-1.971715e-05
-2.062630e-05
-2.170539e-05
-2.091172e-05
-2.021506e-05
-2.040850e-05
-2.078371e-05
-2.077675e-05
-1.994560e-05
-2.005093e-05
-2.290419e-05
-2.303465e-05
-2.041718e-05
-2.056234e-05
-2.171973e-05
-2.210088e-05
-2.141433e-05
-1.986580e-05
-1.918659e-05
-1.916006e-05
-2.010474e-05
-2.288558e-05
-2.472268e-05
-2.290036e-05
-2.105527e-05
-2.222225e-05
-2.352598e-05
-2.364701e-05
-2.258529e-05
-2.169151e-05
-2.390328e-05
-2.592770e-05
-2.405102e-05
-2.212686e-05
-2.405393e-05
-2.627711e-05
-2.623392e-05
-2.619857e-05
-2.538526e-05
-2.581580e-05
-2.628238e-05
-2.364367e-05
-2.199164e-05
-2.210058e-05
-2.325337e-05
-2.519577e-05
-2.606729e-05
-2.616574e-05
-2.619618e-05
-2.556706e-05
-2.480063e-05
-2.508984e-05
-2.413199e-05
-2.421425e-05
-2.622482e-05
-2.737235e-05
-2.752159e-05
-2.672100e-05
-2.497853e-05
-2.420265e-05
-2.427909e-05
-2.530982e-05
-2.756245e-05
-2.864432e-05
-2.756497e-05
-2.543173e-05
-2.653259e-05
-3.003946e-05
-3.017996e-05
-2.838616e-05
-2.625378e-05
-2.536686e-05
-2.650573e-05
-2.988326e-05
-3.216572e-05
-2.994839e-05
-2.681373e-05
-2.708579e-05
-2.960764e-05
-2.987276e-05
-2.864453e-05
-2.876869e-05
-2.873392e-05
-3.009737e-05
-3.124689e-05
-3.135734e-05
-3.039055e-05
-2.930017e-05
-3.053089e-05
-3.168723e-05
-3.282419e-05
-3.403301e-05
-3.304155e-05
-3.219968e-05
-3.148790e-05
-3.053340e-05
-3.068758e-05
-3.058889e-05
-3.302324e-05
-3.533060e-05
-3.419061e-05
-3.314078e-05
-3.327982e-05
-3.359244e-05
-3.373890e-05
-3.387655e-05
-3.403714e-05
-3.400698e-05
-3.396674e-05
-3.519740e-05
-3.774653e-05
-3.787790e-05
-3.556561e-05
-3.462053e-05
-3.513875e-05
-3.545006e-05
-3.430195e-05
-3.304122e-05
-3.551273e-05
-3.808491e-05
-3.788049e-05
-3.800657e-05
-3.788605e-05
-3.849309e-05
-3.764204e-05
-3.660762e-05
-3.447911e-05
-3.319484e-05
-3.721783e-05
-3.826404e-05
-3.842785e-05
-3.963961e-05
-3.836465e-05
-3.725770e-05
-3.858420e-05
-4.135985e-05
-4.137220e-05
-3.909887e-05
-3.924865e-05
-3.960028e-05
-3.718287e-05
-3.867733e-05
-4.116556e-05
-3.999546e-05
-4.018001e-05
-4.188983e-05
-3.967913e-05
-3.595045e-05
-3.582224e-05
-3.876843e-05
-4.156174e-05
-4.291532e-05
-4.017164e-05
-3.764947e-05
-3.930235e-05
-4.090545e-05
-4.106296e-05
-4.077428e-05
-4.068365e-05
-4.211526e-05
-4.500592e-05
-4.518022e-05
-4.254264e-05
-4.125010e-05
-4.161969e-05
-4.322769e-05
-4.462957e-05
-4.319330e-05
-4.334295e-05
-4.505246e-05
-4.384933e-05
-4.258355e-05
-4.269064e-05
-4.406771e-05
-4.556382e-05
-4.561722e-05
-4.725991e-05
-4.611594e-05
-4.218249e-05
-4.261126e-05
-4.313651e-05
-4.191353e-05
-4.184376e-05
-4.166772e-05
-4.473373e-05
-4.760132e-05
-4.612279e-05
-4.476314e-05
-4.490537e-05
-4.528369e-05
-4.543008e-05
-4.549455e-05
-4.562274e-05
-4.583010e-05
-4.595162e-05
-4.587909e-05
-4.597682e-05
-4.751200e-05
-4.930366e-05
-4.780116e-05
-4.634540e-05
-4.653980e-05
-4.825529e-05
-4.983310e-05
-4.825767e-05
-4.839922e-05
-5.020171e-05
-4.890152e-05
-4.763369e-05
-4.773977e-05
-4.806265e-05
-4.821615e-05
-4.829889e-05
-4.848456e-05
-4.860618e-05
-4.853042e-05
-4.863081e-05
-5.023320e-05
-5.209954e-05
-5.046931e-05
-4.895775e-05
-4.930541e-05
-5.113190e-05
-5.150882e-05
-4.817101e-05
-4.858586e-05
-5.020889e-05
-5.038150e-05
-5.025624e-05
-5.157812e-05
-5.353285e-05
-5.349785e-05
-5.362440e-05
-5.177835e-05
-5.210420e-05
-5.560685e-05
-5.593286e-05
-5.258490e-05
-5.094709e-05
-5.281395e-05
-5.641407e-05
-5.652477e-05
-5.352079e-05
-5.223675e-05
-5.105367e-05
-4.941726e-05
-5.131409e-05
-5.444024e-05
-5.618556e-05
-5.426866e-05
-5.420683e-05
-5.617200e-05
-5.614362e-05
-5.654132e-05
-5.608335e-05
-5.646052e-05
-5.660653e-05
-5.871274e-05
-5.733490e-05
-5.253074e-05
-5.293804e-05
-5.351089e-05
-5.233715e-05
-5.242355e-05
-5.036312e-05
-5.056910e-05
-5.562106e-05
-5.889497e-05
-5.663633e-05
-5.651596e-05
-6.044223e-05
-6.089424e-05
-5.591809e-05
-5.241124e-05
-5.468989e-05
-5.688420e-05
-5.706629e-05
-5.545671e-05
-5.345520e-05
-5.385190e-05
-5.531001e-05
-5.937704e-05
-5.925712e-05
-5.719034e-05
-5.525973e-05
-5.696726e-05
-6.455927e-05
-6.426342e-05
-6.024515e-05
-6.040688e-05
-6.253649e-05
-6.524669e-05
-6.104882e-05
-5.778284e-05
-5.995727e-05
-6.388031e-05
-6.208993e-05
-5.835919e-05
-6.251502e-05
-6.291302e-05
-5.753719e-05
-5.768394e-05
-5.994283e-05
-6.042339e-05
-5.855850e-05
-5.649707e-05
-5.863541e-05
-6.073058e-05
-6.112292e-05
-5.949128e-05
-5.577537e-05
-5.432668e-05
-5.642746e-05
-5.998942e-05
-5.973466e-05
-5.956029e-05
-6.384433e-05
-6.199090e-05
-5.653859e-05
-5.642632e-05
-6.057798e-05
-6.253158e-05
-6.231031e-05
-6.220543e-05
-6.234624e-05
-6.230218e-05
-6.234893e-05
-6.425507e-05
-6.653265e-05
-6.461332e-05
-6.263326e-05
-6.249544e-05
-6.464875e-05
-6.871839e-05
-6.876528e-05
-6.500963e-05
-6.332017e-05
-6.348250e-05
-6.384043e-05
-6.567659e-05
-6.787471e-05
-6.612413e-05
-6.442926e-05
-6.270929e-05
-6.101363e-05
-6.334189e-05
-6.493207e-05
-6.471697e-05
-6.649752e-05
-7.060188e-05
-7.052735e-05
-6.657826e-05
-6.671165e-05
-6.922640e-05
-6.748387e-05
-6.591447e-05
-6.599368e-05
-6.455264e-05
-6.256128e-05
-6.455525e-05
-6.623356e-05
-6.801007e-05
-7.192125e-05
-7.362201e-05
-7.193015e-05
-6.992006e-05
-7.046846e-05
-6.829409e-05
-6.813896e-05
-7.239408e-05
-7.627312e-05
-7.642409e-05
-7.200135e-05
-7.279983e-05
-7.318303e-05
-6.936180e-05
-6.775540e-05
-6.991578e-05
-7.066639e-05
-6.657697e-05
-6.699201e-05
-6.679248e-05
-6.456713e-05
-6.873393e-05
-7.495088e-05
-7.483375e-05
-7.037232e-05
-7.040485e-05
-7.313823e-05
-7.154473e-05
-6.992618e-05
-6.810311e-05
-6.412382e-05
-6.382097e-05
-6.820255e-05
-7.286846e-05
-7.505444e-05
-6.845424e-05
-6.191608e-05
-6.690156e-05
-7.122104e-05
-7.099551e-05
-7.068473e-05
-7.279935e-05
-7.346532e-05
-6.882253e-05
-6.900590e-05
-7.110926e-05
-7.323540e-05
-7.540465e-05
-7.508019e-05
-7.566502e-05
-7.340427e-05
-7.143101e-05
-7.154297e-05
-7.386664e-05
-7.644009e-05
-7.427925e-05
-7.227664e-05
-7.056576e-05
-6.888819e-05
-6.965318e-05
-6.735313e-05
-6.536137e-05
-6.693415e-05
-7.114809e-05
-7.515430e-05
-7.952316e-05
-7.942534e-05
-7.475331e-05
-7.249214e-05
-7.471138e-05
-7.966155e-05
-8.172843e-05
-7.964889e-05
-7.557792e-05
-7.389723e-05
-7.190519e-05
-6.971974e-05
-7.437834e-05
-7.902673e-05
-7.660573e-05
-7.425164e-05
-7.434110e-05
-7.482890e-05
-7.496876e-05
-7.491836e-05
-7.490405e-05
-7.515149e-05
-7.561113e-05
-7.528592e-05
-7.287221e-05
-7.291389e-05
-8.030684e-05
-8.028095e-05
-7.300491e-05
-7.352828e-05
-7.649180e-05
-7.469779e-05
-6.958046e-05
-6.987274e-05
-7.525483e-05
-7.532972e-05
-6.993692e-05
-6.962652e-05
-7.680667e-05
-8.172831e-05
-7.876396e-05
-7.630769e-05
-7.690161e-05
-7.731600e-05
-7.477916e-05
-7.245292e-05
-7.775131e-05
-8.057442e-05
-7.303774e-05
-7.023695e-05
-7.545236e-05
-8.047279e-05
-8.066959e-05
-7.499452e-05
-7.516304e-05
-7.771747e-05
-8.029941e-05
-8.235863e-05
-7.972732e-05
-7.996847e-05
-8.238757e-05
-7.977030e-05
-7.982781e-05
-8.481111e-05
-8.520804e-05
-8.037787e-05
-7.810180e-05
-7.852017e-05
-7.897162e-05
-7.901155e-05
-7.896814e-05
-7.895266e-05
-7.907935e-05
-7.948913e-05
-7.959328e-05
-7.733105e-05
-7.467409e-05
-7.744191e-05
-7.993014e-05
-8.000640e-05
-7.937786e-05
-7.913639e-05
-8.157252e-05
-8.638337e-05
-8.638976e-05
-8.374268e-05
-8.425236e-05
-8.194907e-05
-7.990930e-05
-7.999664e-05
-8.071801e-05
-8.084565e-05
-7.813333e-05
-7.540111e-05
-8.049711e-05
-8.572395e-05
-8.332745e-05
-8.080483e-05
-7.844562e-05
-7.582586e-05
-7.864672e-05
-8.339340e-05
-8.624843e-05
-8.316616e-05
-8.055882e-05
-8.076973e-05
-8.320957e-05
-8.570144e-05
-8.523578e-05
-8.809508e-05
-8.822120e-05
-8.342342e-05
-8.111458e-05
-8.135753e-05
-8.182835e-05
-8.218334e-05
-8.215594e-05
-7.976596e-05
-7.712143e-05
-8.004461e-05
-8.213704e-05
-8.186395e-05
-8.404902e-05
-8.898568e-05
-8.873927e-05
-8.592485e-05
-8.887743e-05
-8.930356e-05
-8.433006e-05
-8.191748e-05
-8.258965e-05
-8.308194e-05
-8.070539e-05
-7.774331e-05
-8.033266e-05
-8.285713e-05
-8.525967e-05
-8.776932e-05
-8.524784e-05
-8.327729e-05
-8.102541e-05
-7.616507e-05
-7.581519e-05
-8.043290e-05
-8.534588e-05
-9.281927e-05
-9.545450e-05
-8.769665e-05
-8.282929e-05
-8.029853e-05
-7.825910e-05
-8.417034e-05
-8.908968e-05
-8.311391e-05
-7.989979e-05
-8.881319e-05
-9.184937e-05
-8.361007e-05
-7.765241e-05
-8.316105e-05
-8.916180e-05
-8.872493e-05
-8.876565e-05
-8.579480e-05
-8.341835e-05
-8.359791e-05
-8.640383e-05
-8.907881e-05
-8.601776e-05
-8.595764e-05
-8.905051e-05
-8.686447e-05
-8.440943e-05
-8.176103e-05
-7.904749e-05
-8.227572e-05
-8.523019e-05
-8.482998e-05
-8.150604e-05
-8.108872e-05
-8.983359e-05
-9.234214e-05
-8.664111e-05
-8.417308e-05
-8.500753e-05
-8.285678e-05
-7.713489e-05
-7.746050e-05
-8.351877e-05
-8.343661e-05
-7.745015e-05
-7.755600e-05
-8.332194e-05
-8.291002e-05
-7.937472e-05
-8.505096e-05
-9.121351e-05
-8.556615e-05
-7.702749e-05
-7.735953e-05
-8.322011e-05
-8.319719e-05
-8.225671e-05
-8.798294e-05
-8.769622e-05
-8.512683e-05
-8.469447e-05
-8.507171e-05
-8.563880e-05
-8.550709e-05
-8.276666e-05
-7.999615e-05
-8.357252e-05
-8.400834e-05
-7.832740e-05
-7.521608e-05
-7.760630e-05
-8.356902e-05
-8.805226e-05
-8.997347e-05
-8.923446e-05
-9.481198e-05
-9.763051e-05
-9.136603e-05
-9.182419e-05
-9.478254e-05
-9.295034e-05
-8.754865e-05
-8.511711e-05
-8.287589e-05
-8.011420e-05
-8.318578e-05
-8.578800e-05
-8.576456e-05
-8.541301e-05
-8.538952e-05
-8.549387e-05
-8.546363e-05
-8.545176e-05
-8.558031e-05
-8.566239e-05
-8.512007e-05
-8.470263e-05
-8.777548e-05
-9.384160e-05
-9.115357e-05
-8.165671e-05
-8.179888e-05
-8.764902e-05
-9.358345e-05
-9.307217e-05
-8.961063e-05
-9.026012e-05
-8.796454e-05
-8.568473e-05
-8.275265e-05
-7.976419e-05
-8.342842e-05
-8.654746e-05
-8.379082e-05
-7.744606e-05
-7.728234e-05
-8.328910e-05
-8.643275e-05
-8.641652e-05
-8.325388e-05
-7.735235e-05
-7.732561e-05
-8.321528e-05
-8.634520e-05
-8.645410e-05
-8.322293e-05
-7.687105e-05
-7.691949e-05
-8.572115e-05
-9.165446e-05
-8.796578e-05
-8.470611e-05
-8.482932e-05
-8.534702e-05
-8.536646e-05
-8.506976e-05
-8.507689e-05
-8.549729e-05
-8.565092e-05
-8.272868e-05
-7.907598e-05
-8.239614e-05
-8.796965e-05
-9.064905e-05
-8.697628e-05
-8.730740e-05
-9.069792e-05
-8.500864e-05
-7.918011e-05
-8.235250e-05
-8.328863e-05
-8.029025e-05
-7.987547e-05
-7.684201e-05
-7.982610e-05
-8.608554e-05
-8.205243e-05
-8.175853e-05
-8.456791e-05
-8.782809e-05
-8.799011e-05
-8.120792e-05
-8.181794e-05
-8.459005e-05
-8.458802e-05
-8.439962e-05
-8.694196e-05
-8.794190e-05
-8.218823e-05
-7.984711e-05
-7.366582e-05
-7.053891e-05
-7.959921e-05
-8.555160e-05
-8.555213e-05
-8.174815e-05
-7.569261e-05
-7.623499e-05
-8.204455e-05
-8.186410e-05
-8.092702e-05
-8.711843e-05
-8.658758e-05
-8.377751e-05
-8.377702e-05
-8.410846e-05
-8.133482e-05
-7.786206e-05
-8.116691e-05
-8.391500e-05
-8.376528e-05
-8.364428e-05
-8.405407e-05
-8.165371e-05
-7.541914e-05
-7.256738e-05
-7.536931e-05
-8.105878e-05
-8.345398e-05
-8.608060e-05
-8.905040e-05
-8.337619e-05
-7.756336e-05
-7.761897e-05
-7.453868e-05
-7.740949e-05
-8.651778e-05
-8.580445e-05
-8.254229e-05
-8.240426e-05
-8.288343e-05
-8.046763e-05
-7.698201e-05
-7.745412e-05
-7.676395e-05
-7.970982e-05
-8.263848e-05
-8.544876e-05
-8.514299e-05
-7.820732e-05
-8.154051e-05
-8.791304e-05
-8.513458e-05
-8.185330e-05
-7.901626e-05
-7.605316e-05
-7.701947e-05
-7.685298e-05
-7.708182e-05
-7.311072e-05
-7.343540e-05
-8.002787e-05
-7.987394e-05
-7.263925e-05
-7.206064e-05
-8.140255e-05
-8.776377e-05
-8.377781e-05
-8.034981e-05
-8.049411e-05
-8.066091e-05
-8.013502e-05
-8.230775e-05
-8.848465e-05
-9.174141e-05
-8.924087e-05
-8.042342e-05
-7.142367e-05
-6.844626e-05
-7.165736e-05
-8.095887e-05
-8.666719e-05
-8.223000e-05
-7.888723e-05
-8.189784e-05
-8.551683e-05
-8.198971e-05
-8.117664e-05
-8.431982e-05
-8.466576e-05
-8.756643e-05
-8.398063e-05
-7.778808e-05
-8.478201e-05
-8.505038e-05
-7.544423e-05
-7.553907e-05
-7.873542e-05
-7.876895e-05
-7.804648e-05
-8.080682e-05
-8.474513e-05
-8.130792e-05
-7.519158e-05
-7.153818e-05
-7.539967e-05
-7.879420e-05
-7.858067e-05
-7.505308e-05
-7.144361e-05
-7.497644e-05
-7.792164e-05
-7.778485e-05
-7.710828e-05
-7.689308e-05
-7.738951e-05
-7.788160e-05
-7.476995e-05
-6.786385e-05
-6.768661e-05
-7.658969e-05
-8.293408e-05
-8.218913e-05
-8.219387e-05
-7.615185e-05
-7.013609e-05
-7.056439e-05
-7.024686e-05
-7.377167e-05
-7.623761e-05
-7.555398e-05
-7.467063e-05
-7.764931e-05
-8.416992e-05
-8.364292e-05
-7.677845e-05
-7.662918e-05
-8.113713e-05
-7.855128e-05
-7.185480e-05
-6.464693e-05
-6.808198e-05
-8.111656e-05
-8.345855e-05
-7.623319e-05
-7.560766e-05
-7.966984e-05
-7.705344e-05
-7.370939e-05
-7.050970e-05
-6.789537e-05
-7.138039e-05
-7.059462e-05
-6.691816e-05
-7.338777e-05
-7.970217e-05
-7.303433e-05
-6.653398e-05
-7.033004e-05
-7.026253e-05
-6.373600e-05
-6.648779e-05
-7.589053e-05
-7.220993e-05
-6.857725e-05
-7.554982e-05
-7.244594e-05
-6.282927e-05
-6.218477e-05
-6.900038e-05
-7.208362e-05
-7.137834e-05
-7.063381e-05
-7.062657e-05
-7.103404e-05
-7.093839e-05
-6.798201e-05
-6.435521e-05
-6.685344e-05
-6.922125e-05
-7.510702e-05
-8.481888e-05
-8.108523e-05
-7.096891e-05
-6.772809e-05
-7.162589e-05
-7.597566e-05
-7.201087e-05
-6.568045e-05
-6.262702e-05
-6.651774e-05
-6.601200e-05
-6.221018e-05
-6.807198e-05
-7.413673e-05
-7.092201e-05
-7.040474e-05
-7.074501e-05
-6.404943e-05
-6.442021e-05
-6.727694e-05
-6.765096e-05
-6.709949e-05
-6.621657e-05
-6.616941e-05
-6.964476e-05
-7.318267e-05
-6.606489e-05
-5.891137e-05
-6.476360e-05
-7.428517e-05
-7.758915e-05
-7.709219e-05
-7.076844e-05
-6.055017e-05
-6.130495e-05
-6.803399e-05
-7.215926e-05
-6.544167e-05
-5.580178e-05
-5.274842e-05
-5.353164e-05
-5.693407e-05
-5.977314e-05
-5.552367e-05
-5.486118e-05
-6.106368e-05
-6.441830e-05
-6.385303e-05
-6.016753e-05
-5.679334e-05
-6.031197e-05
-6.077434e-05
-5.742008e-05
-5.682487e-05
-5.304179e-05
-5.633231e-05
-6.604149e-05
-6.275794e-05
-5.557683e-05
-5.507103e-05
-5.498231e-05
-6.149693e-05
-6.697371e-05
-6.322623e-05
-6.273243e-05
-6.559415e-05
-6.226862e-05
-6.263268e-05
-6.642415e-05
-6.010103e-05
-5.028693e-05
-5.007330e-05
-5.696960e-05
-5.990036e-05
-5.902812e-05
-5.839416e-05
-5.864240e-05
-5.874305e-05
-5.590314e-05
-5.208261e-05
-5.242868e-05
-5.221868e-05
-5.559969e-05
-5.509809e-05
-5.125340e-05
-5.403245e-05
-5.675858e-05
-5.918623e-05
-6.227036e-05
-6.195015e-05
-6.185475e-05
-5.511824e-05
-5.226278e-05
-5.937751e-05
-5.586079e-05
-4.894113e-05
-5.217316e-05
-5.601831e-05
-5.351678e-05
-4.617153e-05
-4.240126e-05
-4.541507e-05
-5.494856e-05
-6.080448e-05
-5.644451e-05
-5.317797e-05
-5.357415e-05
-5.151386e-05
-4.516378e-05
-4.141250e-05
-4.129726e-05
-4.708456e-05
-5.623617e-05
-5.541831e-05
-5.489248e-05
-5.491292e-05
-4.811962e-05
-4.855410e-05
-5.138567e-05
-5.167888e-05
-5.108085e-05
-5.032223e-05
-5.030001e-05
-5.315779e-05
-5.624629e-05
-5.253945e-05
-5.186610e-05
-5.470230e-05
-5.453252e-05
-5.839741e-05
-5.794714e-05
-4.845474e-05
-4.268307e-05
-4.697115e-05
-4.424341e-05
-3.379759e-05
-3.663462e-05
-4.598354e-05
-4.887554e-05
-4.829288e-05
-4.802083e-05
-4.487115e-05
-3.830088e-05
-3.866885e-05
-4.495589e-05
-4.421562e-05
-4.043581e-05
-4.689004e-05
-5.041308e-05
-4.014778e-05
-3.643763e-05
-4.275223e-05
-4.619040e-05
-4.600602e-05
-4.526411e-05
-4.219326e-05
-3.856092e-05
-4.150777e-05
-4.434658e-05
-4.720920e-05
-5.001514e-05
-4.612935e-05
-4.350311e-05
-4.401736e-05
-4.116935e-05
-3.382950e-05
-3.355877e-05
-4.353304e-05
-4.988746e-05
-4.250294e-05
-3.565934e-05
-3.966658e-05
-4.023096e-05
-3.335958e-05
-3.214587e-05
-3.849960e-05
-4.455146e-05
-4.744820e-05
-4.323790e-05
-4.018535e-05
-4.002109e-05
-3.973909e-05
-4.002113e-05
-4.328405e-05
-4.360429e-05
-3.314842e-05
-3.009488e-05
-3.697957e-05
-3.973015e-05
-3.601419e-05
-3.521015e-05
-4.237985e-05
-3.862521e-05
-3.136591e-05
-3.471043e-05
-4.110208e-05
-4.151286e-05
-3.367375e-05
-3.401619e-05
-3.702174e-05
-3.682501e-05
-3.627520e-05
-3.897621e-05
-4.207195e-05
-3.825298e-05
-3.779778e-05
-4.145416e-05
-3.912143e-05
-3.542053e-05
-2.846193e-05
-2.499235e-05
-3.903432e-05
-4.221963e-05
-2.909479e-05
-2.249477e-05
-2.304608e-05
-2.352083e-05
-2.338731e-05
-2.603484e-05
-2.857461e-05
-2.439422e-05
-2.687990e-05
-3.675249e-05
-3.600365e-05
-3.149056e-05
-3.073220e-05
-3.720249e-05
-4.442444e-05
-3.696498e-05
-3.016790e-05
-3.003440e-05
-3.370249e-05
-3.722724e-05
-3.365959e-05
-3.031884e-05
-2.718176e-05
-2.431012e-05
-2.776646e-05
-2.758137e-05
-2.372829e-05
-2.624159e-05
-2.905060e-05
-3.202457e-05
-3.495530e-05
-3.102970e-05
-2.791029e-05
-2.819824e-05
-2.848627e-05
-2.541729e-05
-2.151917e-05
-2.431208e-05
-2.708554e-05
-3.040739e-05
-3.381962e-05
-2.700233e-05
-1.723712e-05
-1.709446e-05
-2.393457e-05
-2.680855e-05
-2.613984e-05
-2.540613e-05
-2.488227e-05
-2.480579e-05
-2.768371e-05
-3.091737e-05
-2.710016e-05
-2.420147e-05
-2.446013e-05
-2.213973e-05
-1.586347e-05
-1.263736e-05
-1.238343e-05
-1.480099e-05
-2.081156e-05
-2.617407e-05
-2.881729e-05
-2.472296e-05
-2.413837e-05
-2.728056e-05
-2.691248e-05
-2.986838e-05
-2.967784e-05
-2.631438e-05
-2.628525e-05
-2.285284e-05
-2.312559e-05
-2.648077e-05
-2.304490e-05
-1.982314e-05
-1.958893e-05
-1.982298e-05
-1.968940e-05
-1.937767e-05
-1.918327e-05
-1.899432e-05
-1.880592e-05
-1.859919e-05
-1.850928e-05
-1.827260e-05
-1.776361e-05
-1.748771e-05
-1.995110e-05
-2.322782e-05
-2.243624e-05
-2.288112e-05
-1.959310e-05
-1.638552e-05
-1.315777e-05
-1.265750e-05
-1.967896e-05
-1.931279e-05
-1.603434e-05
-1.238518e-05
-9.159834e-06
-1.264528e-05
-1.500687e-05
-1.463823e-05
-1.696771e-05
-2.038131e-05
-1.728983e-05
-1.386673e-05
-1.027153e-05
-7.450080e-06
-1.392654e-05
-1.660379e-05
-9.370300e-06
-1.268350e-05
-1.874419e-05
-1.235958e-05
-8.349648e-06
-1.508325e-05
-1.454029e-05
-1.122357e-05
-1.347501e-05
-1.722287e-05
-1.409902e-05
-1.076548e-05
-7.624231e-06
-4.255581e-06
-7.374385e-06
-1.002550e-05
-1.243895e-05
-1.529908e-05
-1.448155e-05
-1.493768e-05
-1.167644e-05
-8.732999e-06
-5.595770e-06
-2.588807e-06
-6.051650e-06
-5.729904e-06
-1.908186e-06
-4.845112e-06
-7.797431e-06
-7.632891e-06
-6.614860e-06
-6.272071e-06
-9.023338e-06
-1.247632e-05
-9.562724e-06
-6.358718e-06
-1.733635e-07
6.710005e-06
4.750946e-08
-5.563626e-06
-7.783670e-06
-1.066684e-05
-1.042017e-05
-8.188622e-06
2.243553e-06
6.113457e-06
-3.541157e-07
-1.007266e-05
-1.647865e-05
-5.564296e-06
3.839191e-06
3.047561e-07
-4.047894e-07
2.912588e-06
1.744809e-07
4.497818e-07
4.204557e-06
1.193136e-06
-2.019527e-06
-1.804146e-06
1.846723e-06
5.232606e-06
1.715708e-06
1.907787e-06
5.740739e-06
2.836964e-06
4.561090e-09
1.338494e-07
7.662121e-07
1.039622e-06
1.122360e-06
1.319992e-06
1.557362e-06
1.778093e-06
1.871875e-06
2.100419e-06
2.629724e-06
2.944104e-06
5.166881e-07
-2.897278e-06
-2.168733e-06
-2.108012e-06
1.712877e-06
1.805169e-06
-1.657468e-06
-8.774548e-07
-7.860790e-07
3.040633e-07
-3.086537e-06
-5.270979e-06
-4.863780e-06
-5.605985e-06
-6.325604e-06
2.519198e-06
1.914176e-05
1.844285e-05
8.509020e-06
5.373440e-06
6.688816e-06
7.462675e-06
7.023377e-06
7.140591e-06
1.041908e-05
1.378629e-05
1.035516e-05
1.056420e-05
1.452770e-05
1.155224e-05
8.207419e-06
8.368082e-06
1.240930e-05
1.609429e-05
9.956533e-06
4.363495e-06
5.714327e-06
1.778207e-07
-6.200946e-06
-2.850053e-06
3.487543e-06
9.316733e-06
1.122222e-05
1.440788e-05
2.106812e-05
1.823848e-05
8.347424e-06
9.198440e-06
1.303913e-05
1.308560e-05
1.237907e-05
1.574265e-05
2.268667e-05
2.021350e-05
1.078467e-05
8.914986e-06
6.004126e-06
3.506733e-06
6.755301e-06
1.371976e-05
1.367768e-05
7.203146e-06
7.121264e-06
1.093683e-05
1.062835e-05
1.391782e-05
1.713159e-05
1.741471e-05
1.435435e-05
1.090458e-05
1.447376e-05
1.774489e-05
2.039541e-05
2.341721e-05
2.345154e-05
2.679570e-05
2.399040e-05
1.799204e-05
2.251914e-05
1.923116e-05
1.275858e-05
1.697029e-05
2.416493e-05
2.191390e-05
7.715826e-06
8.505329e-06
1.914845e-05
2.238108e-05
1.807709e-05
1.696151e-05
2.778457e-05
3.173973e-05
2.466288e-05
1.782036e-05
1.852419e-05
2.967664e-05
2.934432e-05
1.866124e-05
2.199848e-05
3.240405e-05
3.318375e-05
2.623703e-05
2.322189e-05
2.405880e-05
2.482939e-05
2.492359e-05
2.488233e-05
2.517735e-05
2.582794e-05
2.594580e-05
2.325234e-05
2.044411e-05
2.382540e-05
2.343503e-05
2.294311e-05
3.325236e-05
3.716895e-05
2.831364e-05
1.801133e-05
1.508073e-05
2.199755e-05
3.535317e-05
3.798533e-05
3.105408e-05
2.804492e-05
2.875035e-05
2.909470e-05
2.938067e-05
3.257532e-05
3.558044e-05
3.167834e-05
3.436196e-05
4.484867e-05
4.542682e-05
3.942624e-05
2.994852e-05
2.511333e-05
2.955496e-05
2.923423e-05
2.529105e-05
3.415019e-05
4.707980e-05
4.682664e-05
4.377312e-05
4.110022e-05
3.488020e-05
3.170007e-05
3.775699e-05
5.120281e-05
5.435742e-05
4.742501e-05
4.157355e-05
3.917419e-05
4.082835e-05
3.794820e-05
3.569405e-05
3.412666e-05
2.897270e-05
2.075848e-05
1.139530e-05
1.345518e-05
1.631871e-05
9.453487e-06
-8.850167e-06
-2.975292e-05
-2.438759e-05
9.340845e-06
4.401205e-05
5.193649e-05
3.792142e-05
1.738839e-05
9.477636e-06
2.954664e-05
6.905129e-05
1.024745e-04
1.095884e-04
9.007269e-05
7.256455e-05
8.450818e-05
1.086241e-04
1.001503e-04
5.501024e-05
1.160554e-05
-3.993410e-06
1.645622e-05
7.133574e-05
1.228704e-04
1.341317e-04
1.045862e-04
6.342558e-05
4.266401e-05
5.470423e-05
8.551158e-05
1.015833e-04
8.594350e-05
6.590186e-05
7.521345e-05
1.152051e-04
1.587724e-04
1.744358e-04
1.510166e-04
1.140136e-04
9.723753e-05
1.307826e-04
2.067054e-04
2.717307e-04
2.799979e-04
2.215671e-04
1.279838e-04
4.710060e-05
1.843002e-05
4.763236e-05
9.905177e-05
1.281720e-04
1.190689e-04
9.300357e-05
6.909876e-05
2.589690e-05
-6.109284e-05
-1.763697e-04
-2.720770e-04
-2.947888e-04
-2.180713e-04
-4.925591e-05
1.166255e-04
1.616275e-04
6.612763e-05
-9.433012e-05
-2.246508e-04
-2.486123e-04
-1.565842e-04
-1.861040e-05
9.431838e-05
1.429947e-04
1.255049e-04
7.049222e-05
1.100690e-05
-3.819750e-05
-8.586368e-05
-9.491036e-05
-3.266498e-05
8.712548e-05
2.313127e-04
3.349607e-04
3.344686e-04
2.358678e-04
1.046714e-04
4.164817e-05
1.043785e-04
2.400978e-04
3.504680e-04
3.712170e-04
3.164676e-04
2.466285e-04
2.031295e-04
2.009182e-04
2.166244e-04
2.242662e-04
2.307335e-04
2.424543e-04
2.527546e-04
2.402712e-04
1.852069e-04
8.621898e-05
-4.195519e-05
-1.520030e-04
-1.967104e-04
-1.657306e-04
-7.647929e-05
2.434105e-05
7.322601e-05
5.816607e-05
1.614644e-05
-5.352784e-06
3.553917e-06
3.430666e-05
5.603898e-05
5.423153e-05
8.085419e-05
1.940662e-04
3.822084e-04
5.400294e-04
5.841943e-04
4.893014e-04
2.723680e-04
4.075936e-05
-1.184127e-04
-1.960176e-04
-1.995370e-04
-1.724846e-04
-1.764812e-04
-2.509233e-04
-4.059985e-04
-5.952802e-04
-7.186777e-04
-6.895725e-04
-4.898659e-04
-1.913227e-04
6.630036e-05
1.706589e-04
8.700095e-05
-1.441639e-04
-4.274738e-04
-6.468164e-04
-7.019436e-04
-5.764447e-04
-3.005313e-04
4.349437e-05
3.053237e-04
3.656842e-04
1.999139e-04
-9.560669e-05
-3.295270e-04
-3.312608e-04
-6.494447e-05
4.022767e-04
9.352468e-04
1.348507e-03
1.495829e-03
1.344323e-03
1.014424e-03
7.013039e-04
5.382830e-04
5.368778e-04
6.003007e-04
6.452895e-04
6.488361e-04
5.916570e-04
4.297670e-04
1.544127e-04
-1.594838e-04
-3.747806e-04
-3.718932e-04
-1.288893e-04
2.495094e-04
5.895856e-04
7.530634e-04
7.092665e-04
4.988698e-04
2.131809e-04
-2.466346e-05
-1.418995e-04
-1.322344e-04
-3.790555e-05
4.914424e-05
4.300865e-05
-9.374167e-05
-3.276987e-04
-5.954969e-04
-8.325954e-04
-9.584038e-04
-8.881311e-04
-5.991040e-04
-1.495279e-04
3.437477e-04
7.091622e-04
8.056701e-04
6.006593e-04
1.715425e-04
-3.173183e-04
-6.654936e-04
-7.188757e-04
-4.603622e-04
-5.221510e-05
2.657917e-04
3.137101e-04
5.257427e-05
-4.123038e-04
-9.213335e-04
-1.333740e-03
-1.527379e-03
-1.433677e-03
-1.074051e-03
-5.533656e-04
-1.723783e-05
3.644912e-04
4.853995e-04
3.787789e-04
1.786553e-04
5.250201e-05
1.183387e-04
3.895480e-04
7.547497e-04
1.027717e-03
1.042648e-03
7.847569e-04
3.746543e-04
-3.917236e-05
-3.156145e-04
-3.117036e-04
4.545008e-05
6.458321e-04
1.255306e-03
1.643289e-03
1.687620e-03
1.458944e-03
1.150289e-03
9.261531e-04
8.520799e-04
9.150377e-04
1.077472e-03
1.288584e-03
1.455367e-03
1.434606e-03
1.131207e-03
5.893412e-04
-1.181260e-05
-4.454026e-04
-5.785635e-04
-4.728912e-04
-3.247732e-04
-2.980044e-04
-4.176018e-04
-5.561611e-04
-5.420084e-04
-2.912281e-04
1.433920e-04
5.849279e-04
8.337056e-04
7.891594e-04
5.214219e-04
2.082604e-04
1.607343e-05
-9.159843e-06
4.521169e-05
5.090639e-05
-7.737325e-05
-3.471289e-04
-7.416840e-04
-1.251718e-03
-1.804540e-03
-2.221978e-03
-2.300682e-03
-1.970638e-03
-1.341658e-03
-6.489594e-04
-1.231109e-04
1.133732e-04
7.067357e-05
-1.221516e-04
-3.145229e-04
-3.891593e-04
-2.560268e-04
9.828882e-05
5.811505e-04
1.026396e-03
1.261138e-03
1.203107e-03
9.034525e-04
5.116903e-04
2.040727e-04
8.779028e-05
1.735554e-04
4.011465e-04
6.496491e-04
7.831751e-04
7.478481e-04
6.017862e-04
4.669244e-04
4.822607e-04
7.381920e-04
1.195107e-03
1.690270e-03
2.049799e-03
2.199358e-03
2.152878e-03
1.941590e-03
1.609793e-03
1.238237e-03
9.536255e-04
8.582981e-04
9.627645e-04
1.180578e-03
1.357502e-03
1.355283e-03
1.170991e-03
9.339333e-04
7.629879e-04
6.734008e-04
5.952118e-04
4.716724e-04
2.861319e-04
4.432469e-05
-1.911444e-04
-3.513941e-04
-4.444122e-04
-5.210679e-04
-6.168341e-04
-7.370041e-04
-8.565956e-04
-9.607856e-04
-1.074105e-03
-1.226623e-03
-1.405893e-03
-1.555165e-03
-1.610238e-03
-1.527910e-03
-1.339366e-03
-1.141531e-03
-1.022521e-03
-1.017418e-03
-1.100619e-03
-1.224328e-03
-1.336848e-03
-1.382589e-03
-1.328427e-03
-1.196882e-03
-1.050796e-03
-9.720688e-04
-9.808124e-04
-1.010352e-03
-9.757728e-04
-7.949337e-04
-4.225606e-04
1.173932e-04
7.095277e-04
1.202699e-03
1.491464e-03
1.511575e-03
1.278650e-03
9.113175e-04
5.875476e-04
4.627005e-04
5.869851e-04
8.846596e-04
1.183181e-03
1.304638e-03
1.176238e-03
8.503045e-04
4.874329e-04
2.664823e-04
2.572778e-04
3.933009e-04
5.710864e-04
7.208305e-04
8.274548e-04
9.509690e-04
1.185550e-03
1.543401e-03
1.952537e-03
2.366589e-03
2.783756e-03
3.164944e-03
3.387470e-03
3.304231e-03
2.880633e-03
2.214606e-03
1.502664e-03
1.000480e-03
8.671393e-04
1.067037e-03
1.391231e-03
1.588007e-03
1.557403e-03
1.366477e-03
1.112766e-03
8.424966e-04
5.203772e-04
7.139807e-05
-5.013330e-04
-1.072062e-03
-1.492157e-03
-1.752092e-03
-1.979471e-03
-2.282102e-03
-2.631525e-03
-2.912170e-03
-3.048626e-03
-3.039982e-03
-2.943182e-03
-2.861308e-03
-2.871929e-03
-2.969674e-03
-3.076240e-03
-3.101756e-03
-2.987674e-03
-2.737508e-03
-2.372668e-03
-1.867628e-03
-1.233072e-03
-5.384536e-04
1.192286e-04
6.099829e-04
8.399545e-04
8.314563e-04
7.414794e-04
7.469887e-04
9.099496e-04
1.198278e-03
1.527575e-03
1.830201e-03
2.063637e-03
2.194203e-03
2.233837e-03
2.208058e-03
2.131183e-03
1.991103e-03
1.734443e-03
1.358872e-03
9.087978e-04
4.221436e-04
-8.315208e-05
-5.836132e-04
-1.003420e-03
-1.255729e-03
-1.352233e-03
-1.393848e-03
-1.442745e-03
-1.505940e-03
-1.566498e-03
-1.579659e-03
-1.455364e-03
-1.065708e-03
-3.316901e-04
6.718016e-04
1.693894e-03
2.418673e-03
2.674700e-03
2.534266e-03
2.226830e-03
1.949853e-03
1.754175e-03
1.630999e-03
1.584529e-03
1.592357e-03
1.575954e-03
1.410517e-03
1.036273e-03
5.360450e-04
8.005947e-05
-2.067330e-04
-3.298380e-04
-3.376589e-04
-3.303841e-04
-4.714911e-04
-8.737926e-04
-1.577797e-03
-2.480336e-03
-3.337379e-03
-3.816310e-03
-3.663860e-03
-2.953379e-03
-1.985285e-03
-1.075430e-03
-4.405505e-04
-1.465966e-04
-1.435918e-04
-2.620220e-04
-2.838736e-04
-6.717504e-05
3.836571e-04
9.356722e-04
1.417074e-03
1.683096e-03
1.715481e-03
1.643204e-03
1.648504e-03
1.834065e-03
2.135697e-03
2.396505e-03
2.531780e-03
2.522565e-03
2.324403e-03
1.922437e-03
1.409814e-03
9.585143e-04
7.276355e-04
7.662839e-04
1.018478e-03
1.354615e-03
1.581259e-03
1.525876e-03
1.149339e-03
5.497421e-04
-1.013261e-04
-6.211713e-04
-8.699631e-04
-8.483238e-04
-6.998722e-04
-6.184597e-04
-6.945631e-04
-7.962576e-04
-7.519952e-04
-5.464135e-04
-2.765203e-04
-3.958344e-05
1.866061e-04
4.741059e-04
8.435066e-04
1.246823e-03
1.590107e-03
1.848206e-03
2.069461e-03
2.306421e-03
2.566593e-03
2.792571e-03
2.880122e-03
2.713967e-03
2.276827e-03
1.651699e-03
9.575114e-04
2.895559e-04
-3.148201e-04
-8.230479e-04
-1.248258e-03
-1.669417e-03
-2.101410e-03
-2.446867e-03
-2.559425e-03
-2.362621e-03
-1.868845e-03
-1.171914e-03
-4.122659e-04
3.088333e-04
9.602523e-04
1.572808e-03
2.174552e-03
2.724517e-03
3.179117e-03
3.538947e-03
3.809960e-03
3.948888e-03
3.823391e-03
3.347612e-03
2.572915e-03
1.631073e-03
6.890944e-04
-1.143146e-04
-6.966618e-04
-1.042830e-03
-1.205137e-03
-1.294099e-03
-1.450047e-03
-1.772593e-03
-2.225034e-03
-2.632635e-03
-2.857437e-03
-2.939740e-03
-3.004882e-03
-3.108000e-03
-3.194301e-03
-3.216867e-03
-3.204303e-03
-3.169242e-03
-3.059905e-03
-2.798585e-03
-2.340767e-03
-1.719681e-03
-1.021569e-03
-3.960126e-04
4.528090e-06
1.559496e-04
1.342942e-04
4.572330e-05
-2.261807e-05
-2.757553e-05
4.127274e-05
1.306501e-04
1.404165e-04
4.972789e-05
-6.718878e-05
-1.583547e-04
-2.425852e-04
-3.725823e-04
-5.555171e-04
-7.146827e-04
-7.045427e-04
-3.903659e-04
2.103799e-04
9.074145e-04
1.468115e-03
1.778120e-03
1.883854e-03
1.963242e-03
2.180536e-03
2.480376e-03
2.666514e-03
2.707110e-03
2.743420e-03
2.849325e-03
3.044263e-03
3.405559e-03
3.964329e-03
4.577947e-03
5.047978e-03
5.281308e-03
5.283227e-03
5.096583e-03
4.767614e-03
4.364248e-03
3.985720e-03
3.708086e-03
3.572853e-03
3.655349e-03
3.960604e-03
4.354624e-03
4.619911e-03
4.541595e-03
4.076411e-03
3.344822e-03
2.525831e-03
1.696138e-03
7.855565e-04
-2.347304e-04
-1.337148e-03
-2.427314e-03
-3.380763e-03
-4.120643e-03
-4.607620e-03
-4.866298e-03
-4.936370e-03
-4.842462e-03
-4.635678e-03
-4.373835e-03
-4.100496e-03
-3.841388e-03
-3.621402e-03
-3.425887e-03
-3.197671e-03
-2.913482e-03
-2.586629e-03
-2.244730e-03
-1.940304e-03
-1.765614e-03
-1.797800e-03
-2.034997e-03
-2.450208e-03
-3.022734e-03
-3.667523e-03
-4.280783e-03
-4.804190e-03
-5.187065e-03
-5.373105e-03
-5.304111e-03
-4.964113e-03
-4.372616e-03
-3.560630e-03
-2.602019e-03
-1.589081e-03
-5.754036e-04
4.339247e-04
1.404854e-03
2.279098e-03
2.987932e-03
3.479673e-03
3.785243e-03
3.953444e-03
4.000986e-03
3.930560e-03
3.752996e-03
3.523945e-03
3.291165e-03
3.048683e-03
2.782856e-03
2.494560e-03
2.170699e-03
1.756183e-03
1.213657e-03
5.827255e-04
2.707621e-06
-3.360717e-04
-2.901933e-04
1.451582e-04
7.887451e-04
1.348780e-03
1.565178e-03
1.348470e-03
8.075233e-04
1.212390e-04
-5.114611e-04
-9.154163e-04
-1.024288e-03
-8.827742e-04
-6.135792e-04
-3.538989e-04
-2.231253e-04
-3.519041e-04
-8.058157e-04
-1.527249e-03
-2.323830e-03
-2.919359e-03
-3.193248e-03
-3.263514e-03
-3.294091e-03
-3.369016e-03
-3.523550e-03
-3.738611e-03
-3.856932e-03
-3.706273e-03
-3.280408e-03
-2.703412e-03
-2.122689e-03
-1.658888e-03
-1.369620e-03
-1.246495e-03
-1.250648e-03
-1.283584e-03
-1.263357e-03
-1.148856e-03
-9.198540e-04
-6.270533e-04
-3.820958e-04
-2.852771e-04
-3.356792e-04
-5.140807e-04
-7.672772e-04
-9.873570e-04
-1.115275e-03
-1.056820e-03
-6.770646e-04
9.629369e-05
1.240456e-03
2.694025e-03
4.332266e-03
5.919939e-03
7.243967e-03
8.217711e-03
8.844386e-03
9.149925e-03
9.153497e-03
8.975390e-03
8.790820e-03
8.661087e-03
8.512625e-03
8.195568e-03
7.563064e-03
6.498459e-03
4.989399e-03
3.190777e-03
1.330804e-03
-3.416103e-04
-1.637937e-03
-2.493381e-03
-2.973960e-03
-3.241472e-03
-3.484229e-03
-3.820616e-03
-4.200512e-03
-4.489194e-03
-4.536297e-03
-4.260642e-03
-3.664374e-03
-2.787574e-03
-1.793079e-03
-9.084207e-04
-3.032905e-04
-4.189628e-05
-7.241493e-05
-2.913271e-04
-5.859277e-04
-8.343973e-04
-9.426454e-04
-8.929313e-04
-7.213268e-04
-5.035195e-04
-3.574681e-04
-3.724396e-04
-5.464461e-04
-7.775356e-04
-9.679443e-04
-1.150953e-03
-1.406751e-03
-1.707936e-03
-1.919114e-03
-1.900255e-03
-1.635810e-03
-1.208939e-03
-7.455358e-04
-3.880761e-04
-2.181673e-04
-2.118661e-04
-2.763852e-04
-3.654361e-04
-5.074709e-04
-6.916605e-04
-8.576522e-04
-9.274236e-04
-8.371289e-04
-5.465786e-04
3.255184e-05
9.478033e-04
2.151948e-03
3.583601e-03
5.134627e-03
6.652777e-03
7.898942e-03
8.625481e-03
8.794531e-03
8.555571e-03
8.159369e-03
7.861798e-03
7.786343e-03
7.843475e-03
7.835216e-03
7.596571e-03
6.979457e-03
5.894570e-03
4.327554e-03
2.368576e-03
2.644105e-04
-1.685027e-03
-3.214508e-03
-4.209544e-03
-4.742876e-03
-5.004376e-03
-5.209432e-03
-5.482509e-03
-5.801706e-03
-6.006262e-03
-5.995141e-03
-5.798353e-03
-5.413934e-03
-4.797993e-03
-3.896032e-03
-2.761495e-03
-1.624056e-03
-7.039185e-04
-7.963456e-05
2.802587e-04
5.490669e-04
9.658104e-04
1.659588e-03
2.521377e-03
3.239884e-03
3.560394e-03
3.468926e-03
3.167647e-03
2.849489e-03
2.546009e-03
2.198021e-03
1.755804e-03
1.250835e-03
8.532924e-04
7.429814e-04
9.185154e-04
1.181027e-03
1.244987e-03
9.073371e-04
1.685346e-04
-7.411197e-04
-1.475799e-03
-1.810501e-03
-1.783968e-03
-1.636489e-03
-1.579649e-03
-1.609675e-03
-1.548650e-03
-1.223289e-03
-6.329821e-04
3.228051e-05
5.972600e-04
1.050213e-03
1.452280e-03
1.850120e-03
2.296842e-03
2.811181e-03
3.357109e-03
3.875188e-03
4.370045e-03
4.896996e-03
5.376749e-03
5.604493e-03
5.385501e-03
4.684489e-03
3.686013e-03
2.626618e-03
1.708137e-03
1.056909e-03
6.475626e-04
3.671877e-04
4.254956e-05
-5.058075e-04
-1.324174e-03
-2.266872e-03
-3.067651e-03
-3.522496e-03
-3.605479e-03
-3.439380e-03
-3.270771e-03
-3.309990e-03
-3.600397e-03
-4.119395e-03
-4.811933e-03
-5.544724e-03
-6.111878e-03
-6.245751e-03
-5.720972e-03
-4.507714e-03
-2.866564e-03
-1.265175e-03
-1.218320e-04
4.414669e-04
6.197700e-04
7.929070e-04
1.268542e-03
2.098339e-03
3.117182e-03
3.980246e-03
4.406289e-03
4.433017e-03
4.241571e-03
3.989100e-03
3.734792e-03
3.480440e-03
3.285191e-03
3.274821e-03
3.587557e-03
4.211448e-03
4.927248e-03
5.460305e-03
5.589248e-03
5.261990e-03
4.676825e-03
4.151059e-03
3.890383e-03
3.864545e-03
3.986721e-03
4.105799e-03
4.133839e-03
4.271864e-03
4.707717e-03
5.346669e-03
5.820699e-03
5.852382e-03
5.486019e-03
4.952604e-03
4.497368e-03
4.267404e-03
4.339790e-03
4.760947e-03
5.483474e-03
6.375014e-03
7.296735e-03
8.040082e-03
8.383557e-03
8.216547e-03
7.523228e-03
6.324805e-03
4.723003e-03
2.965808e-03
1.304780e-03
-1.949525e-04
-1.644904e-03
-3.131534e-03
-4.594603e-03
-5.883450e-03
-6.811805e-03
-7.215766e-03
-7.032158e-03
-6.328387e-03
-5.378811e-03
-4.557777e-03
-4.167850e-03
-4.335250e-03
-4.834660e-03
-5.208021e-03
-5.109303e-03
-4.509069e-03
-3.591826e-03
-2.549009e-03
-1.628020e-03
-1.162437e-03
-1.372760e-03
-2.300358e-03
-3.814365e-03
-5.478030e-03
-6.675906e-03
-6.983835e-03
-6.441183e-03
-5.480920e-03
-4.618420e-03
-4.226231e-03
-4.299975e-03
-4.404953e-03
-4.079595e-03
-3.161838e-03
-1.755392e-03
-1.108077e-04
1.495583e-03
2.765014e-03
3.449351e-03
3.512524e-03
3.067251e-03
2.315867e-03
1.556326e-03
1.044342e-03
8.638305e-04
8.491487e-04
6.647376e-04
1.714441e-04
-4.595539e-04
-8.966094e-04
-7.597046e-04
2.479354e-04
2.098215e-03
4.303504e-03
6.179826e-03
7.223270e-03
7.290210e-03
6.614524e-03
5.686711e-03
4.909548e-03
4.337153e-03
3.835281e-03
3.309642e-03
2.770253e-03
2.268766e-03
1.771065e-03
1.152319e-03
2.618186e-04
-8.903457e-04
-2.044506e-03
-2.862521e-03
-3.055534e-03
-2.644070e-03
-2.025998e-03
-1.654023e-03
-1.659872e-03
-1.747652e-03
-1.555110e-03
-9.075159e-04
5.703960e-06
8.409507e-04
1.451651e-03
1.826677e-03
1.978791e-03
1.835260e-03
1.317139e-03
4.862927e-04
-4.428892e-04
-1.252925e-03
-1.727543e-03
-1.719061e-03
-1.260983e-03
-4.057576e-04
7.546249e-04
1.994181e-03
2.959788e-03
3.386859e-03
3.302656e-03
2.910004e-03
2.544909e-03
2.498637e-03
2.675648e-03
2.698860e-03
2.238574e-03
1.292994e-03
1.646759e-04
-8.009939e-04
-1.358321e-03
-1.483588e-03
-1.284458e-03
-8.761131e-04
-2.632991e-04
6.760040e-04
1.889856e-03
3.099829e-03
3.970027e-03
4.350702e-03
4.463194e-03
4.710988e-03
5.281863e-03
6.033968e-03
6.630264e-03
6.660641e-03
5.927676e-03
4.639897e-03
3.331861e-03
2.505362e-03
2.165824e-03
1.897283e-03
1.241791e-03
-3.012912e-05
-1.791857e-03
-3.666995e-03
-5.239958e-03
-6.280894e-03
-6.618008e-03
-6.243074e-03
-5.399536e-03
-4.277668e-03
-3.073411e-03
-1.946715e-03
-9.573753e-04
-1.122866e-04
6.999143e-04
1.609084e-03
2.695613e-03
4.046734e-03
5.628464e-03
7.035223e-03
7.630939e-03
7.075788e-03
5.635543e-03
3.980842e-03
2.765966e-03
2.288227e-03
2.478086e-03
3.117601e-03
3.931915e-03
4.679293e-03
5.264275e-03
5.572847e-03
5.489091e-03
5.066683e-03
4.338862e-03
3.318302e-03
1.937391e-03
-5.007182e-05
-2.784393e-03
-6.142420e-03
-9.699733e-03
-1.279839e-02
-1.480310e-02
-1.547498e-02
-1.505099e-02
-1.405823e-02
-1.312392e-02
-1.263206e-02
-1.246210e-02
-1.226574e-02
-1.188450e-02
-1.108046e-02
-9.546232e-03
-7.276118e-03
-4.489415e-03
-1.548221e-03
9.744127e-04
2.468070e-03
2.683852e-03
1.852641e-03
4.874421e-04
-7.911270e-04
-1.533508e-03
-1.838869e-03
-2.160020e-03
-2.839847e-03
-4.000416e-03
-5.577995e-03
-7.298345e-03
-8.674116e-03
-9.316677e-03
-9.171829e-03
-8.406580e-03
-7.250706e-03
-5.939639e-03
-4.713331e-03
-3.718792e-03
-3.001232e-03
-2.614777e-03
-2.483104e-03
-2.195445e-03
-1.183874e-03
8.213065e-04
3.466484e-03
6.003741e-03
7.702124e-03
8.158376e-03
7.547049e-03
6.367584e-03
5.191294e-03
4.565075e-03
4.816777e-03
5.964675e-03
7.682056e-03
9.557264e-03
1.116381e-02
1.212061e-02
1.223900e-02
1.147884e-02
1.009284e-02
8.547967e-03
7.341988e-03
6.738842e-03
6.551278e-03
6.324130e-03
5.577304e-03
4.068025e-03
1.963336e-03
-2.459995e-04
-2.102544e-03
-3.397572e-03
-4.042031e-03
-4.081830e-03
-3.856004e-03
-3.832392e-03
-4.219994e-03
-4.794227e-03
-5.175745e-03
-5.077088e-03
-4.347113e-03
-2.990552e-03
-1.127632e-03
1.123080e-03
3.638824e-03
6.167939e-03
8.325676e-03
9.622811e-03
9.799822e-03
9.056260e-03
7.738415e-03
6.252260e-03
5.041999e-03
4.359173e-03
4.098509e-03
3.927064e-03
3.450802e-03
2.370473e-03
6.372727e-04
-1.647708e-03
-4.246502e-03
-6.794289e-03
-9.014116e-03
-1.072822e-02
-1.175688e-02
-1.202124e-02
-1.169655e-02
-1.114345e-02
-1.070401e-02
-1.046737e-02
-1.010587e-02
-9.153862e-03
-7.373276e-03
-4.909127e-03
-2.244349e-03
1.942986e-04
2.302964e-03
4.153360e-03
5.762713e-03
7.118149e-03
8.205650e-03
9.025603e-03
9.612738e-03
1.013555e-02
1.089429e-02
1.189307e-02
1.281954e-02
1.335807e-02
1.349951e-02
1.350219e-02
1.364280e-02
1.426608e-02
1.548123e-02
1.686369e-02
1.771827e-02
1.763854e-02
1.668281e-02
1.512160e-02
1.332827e-02
1.159320e-02
9.961189e-03
8.342628e-03
6.745874e-03
5.261096e-03
3.954893e-03
2.892456e-03
2.067448e-03
1.425001e-03
9.701400e-04
7.695965e-04
8.576613e-04
1.258981e-03
1.984880e-03
2.853129e-03
3.653181e-03
4.403493e-03
5.220210e-03
5.973441e-03
6.285437e-03
5.791651e-03
4.289257e-03
1.860486e-03
-1.254532e-03
-4.776582e-03
-8.399000e-03
-1.195102e-02
-1.528932e-02
-1.822637e-02
-2.057735e-02
-2.223256e-02
-2.326830e-02
-2.391025e-02
-2.441395e-02
-2.486571e-02
-2.516651e-02
-2.512406e-02
-2.467944e-02
-2.401736e-02
-2.331505e-02
-2.258765e-02
-2.164975e-02
-2.027409e-02
-1.837386e-02
-1.594407e-02
-1.309679e-02
-1.007214e-02
-7.076741e-03
-4.247431e-03
-1.822518e-03
-1.977552e-04
4.341830e-04
2.899206e-04
-1.837450e-04
-4.873108e-04
-2.646926e-04
6.585058e-04
2.281206e-03
4.349751e-03
6.461213e-03
8.160793e-03
8.972451e-03
8.562895e-03
7.002860e-03
4.715728e-03
2.204572e-03
-1.310823e-04
-1.981456e-03
-3.020692e-03
-3.108306e-03
-2.454651e-03
-1.529179e-03
-7.693962e-04
-2.750196e-04
3.577487e-05
1.181367e-04
-3.316023e-04
-1.586418e-03
-3.509868e-03
-5.583693e-03
-7.182256e-03
-7.874734e-03
-7.477309e-03
-6.038581e-03
-3.832763e-03
-1.279438e-03
1.120459e-03
2.839155e-03
3.425467e-03
2.832341e-03
1.515100e-03
1.351960e-04
-8.011696e-04
-1.164360e-03
-1.036562e-03
-6.509648e-04
-3.747628e-04
-5.195525e-04
-1.198955e-03
-2.190046e-03
-3.086225e-03
-3.620302e-03
-3.747744e-03
-3.525114e-03
-3.003283e-03
-2.253084e-03
-1.428170e-03
-7.499462e-04
-2.286962e-04
3.983743e-04
1.407867e-03
2.751295e-03
4.088695e-03
5.126551e-03
5.549650e-03
5.233569e-03
4.476804e-03
3.726664e-03
3.316393e-03
3.412873e-03
4.190650e-03
5.801008e-03
8.284995e-03
1.144720e-02
1.476277e-02
1.769979e-02
1.996084e-02
2.156221e-02
2.283535e-02
2.420310e-02
2.580458e-02
2.728417e-02
2.816493e-02
2.822306e-02
2.744534e-02
2.599620e-02
2.403935e-02
2.162729e-02
1.872696e-02
1.527945e-02
1.132284e-02
6.962558e-03
2.423118e-03
-1.993790e-03
-6.047620e-03
-9.678993e-03
-1.287352e-02
-1.536253e-02
-1.684719e-02
-1.733103e-02
-1.718207e-02
-1.686801e-02
-1.669695e-02
-1.672470e-02
-1.668435e-02
-1.632719e-02
-1.573288e-02
-1.512164e-02
-1.453535e-02
-1.379063e-02
-1.275621e-02
-1.161523e-02
-1.068754e-02
-1.012418e-02
-9.880983e-03
-9.708437e-03
-9.186248e-03
-7.984468e-03
-6.143754e-03
-3.933053e-03
-1.688294e-03
2.078771e-04
1.517371e-03
2.293494e-03
2.844744e-03
3.572432e-03
4.743804e-03
6.250210e-03
7.668398e-03
8.630614e-03
8.968292e-03
8.720142e-03
8.087824e-03
7.216394e-03
6.129317e-03
4.919005e-03
3.763541e-03
2.720561e-03
1.568490e-03
4.152016e-05
-1.797723e-03
-3.687667e-03
-5.363721e-03
-6.476703e-03
-6.654979e-03
-5.697150e-03
-3.601002e-03
-5.979832e-04
2.792501e-03
6.040684e-03
8.804780e-03
1.100082e-02
1.269361e-02
1.388215e-02
1.460474e-02
1.500112e-02
1.516966e-02
1.516159e-02
1.515481e-02
1.530831e-02
1.552163e-02
1.557773e-02
1.520068e-02
1.400402e-02
1.178473e-02
8.807433e-03
5.655582e-03
2.759639e-03
1.214775e-04
-2.419210e-03
-4.882316e-03
-7.076577e-03
-8.744829e-03
-9.881635e-03
-1.074473e-02
-1.167755e-02
-1.293069e-02
-1.453044e-02
-1.643909e-02
-1.869194e-02
-2.131265e-02
-2.416914e-02
-2.705938e-02
-2.979326e-02
-3.221068e-02
-3.421550e-02
-3.564997e-02
-3.643656e-02
-3.668090e-02
-3.650532e-02
-3.597455e-02
-3.502114e-02
-3.340616e-02
-3.074599e-02
-2.684310e-02
-2.193552e-02
-1.645330e-02
-1.083682e-02
-5.475550e-03
-6.283318e-04
3.678227e-03
7.714287e-03
1.174001e-02
1.568926e-02
1.932276e-02
2.241971e-02
2.480516e-02
2.625652e-02
2.648781e-02
2.546770e-02
2.347862e-02
2.103875e-02
1.873481e-02
1.691615e-02
1.570189e-02
1.503788e-02
1.471023e-02
1.438302e-02
1.374059e-02
1.260428e-02
1.101800e-02
9.146615e-03
7.107663e-03
5.086569e-03
3.284136e-03
1.840109e-03
6.582150e-04
-5.708805e-04
-1.969919e-03
-3.402021e-03
-4.632190e-03
-5.489294e-03
-5.832504e-03
-5.640507e-03
-5.105009e-03
-4.299064e-03
-3.063107e-03
-1.135332e-03
1.450837e-03
4.220367e-03
6.796675e-03
9.157188e-03
1.142967e-02
1.362086e-02
1.568989e-02
1.755366e-02
1.892141e-02
1.950022e-02
1.914946e-02
1.790518e-02
1.595252e-02
1.371015e-02
1.174511e-02
1.027125e-02
9.129135e-03
8.119704e-03
7.052508e-03
5.753926e-03
4.122414e-03
2.093222e-03
-2.760562e-04
-2.672548e-03
-4.650949e-03
-5.833815e-03
-6.072354e-03
-5.596726e-03
-4.946410e-03
-4.680773e-03
-5.209502e-03
-6.643474e-03
-8.665349e-03
-1.062459e-02
-1.186713e-02
-1.194799e-02
-1.067628e-02
-8.187401e-03
-4.855786e-03
-1.167622e-03
2.439600e-03
5.820876e-03
9.033320e-03
1.215771e-02
1.534228e-02
1.878637e-02
2.253378e-02
2.635287e-02
2.986053e-02
3.263115e-02
3.419466e-02
3.416950e-02
3.239082e-02
2.895609e-02
2.437229e-02
1.942116e-02
1.467851e-02
1.026073e-02
6.010716e-03
1.729507e-03
-2.700715e-03
-7.135743e-03
-1.117791e-02
-1.441284e-02
-1.652177e-02
-1.734249e-02
-1.686818e-02
-1.509987e-02
-1.219755e-02
-8.728383e-03
-5.643322e-03
-3.780784e-03
-3.191630e-03
-3.278179e-03
-3.419130e-03
-3.328987e-03
-3.165767e-03
-3.401063e-03
-4.439411e-03
-6.302689e-03
-8.810996e-03
-1.179401e-02
-1.508754e-02
-1.852203e-02
-2.184959e-02
-2.474797e-02
-2.690009e-02
-2.805114e-02
-2.814063e-02
-2.732311e-02
-2.586041e-02
-2.427609e-02
-2.304487e-02
-2.215961e-02
-2.134233e-02
-2.017161e-02
-1.841196e-02
-1.629425e-02
-1.430426e-02
-1.290697e-02
-1.233981e-02
-1.265111e-02
-1.373993e-02
-1.533973e-02
-1.708841e-02
-1.872924e-02
-2.015741e-02
-2.116502e-02
-2.139986e-02
-2.060735e-02
-1.874415e-02
-1.591757e-02
-1.219110e-02
-7.599202e-03
-2.427526e-03
2.954079e-03
8.297414e-03
1.340800e-02
1.802248e-02
2.176745e-02
2.441219e-02
2.604260e-02
2.699349e-02
2.767400e-02
2.847579e-02
2.967149e-02
3.123608e-02
3.290890e-02
3.435382e-02
3.529088e-02
3.551318e-02
3.496015e-02
3.372972e-02
3.199770e-02
2.993274e-02
2.764266e-02
2.546130e-02
2.393040e-02
2.336623e-02
2.351265e-02
2.375688e-02
2.358084e-02
2.273342e-02
2.130248e-02
1.942845e-02
1.720171e-02
1.476872e-02
1.221979e-02
9.667939e-03
7.299953e-03
5.259841e-03
3.518958e-03
2.035529e-03
7.723100e-04
-5.036127e-04
-2.129813e-03
-4.315966e-03
-7.053028e-03
-1.030617e-02
-1.408830e-02
-1.836069e-02
-2.301828e-02
-2.776849e-02
-3.203505e-02
-3.526753e-02
-3.728121e-02
-3.832745e-02
-3.894249e-02
-3.941205e-02
-3.957481e-02
-3.922562e-02
-3.839008e-02
-3.728097e-02
-3.610558e-02
-3.491477e-02
-3.361722e-02
-3.211527e-02
-3.042892e-02
-2.864348e-02
-2.688274e-02
-2.529990e-02
-2.396963e-02
-2.285733e-02
-2.188251e-02
-2.096405e-02
-2.004400e-02
-1.917178e-02
-1.839744e-02
-1.761868e-02
-1.662576e-02
-1.517871e-02
-1.315366e-02
-1.055069e-02
-7.381460e-03
-3.652888e-03
6.072631e-04
5.295247e-03
1.032939e-02
1.550991e-02
2.051139e-02
2.519253e-02
2.961966e-02
3.382507e-02
3.760136e-02
4.060836e-02
4.272298e-02
4.424124e-02
4.546743e-02
4.646331e-02
4.706312e-02
4.690940e-02
4.576320e-02
4.348960e-02
4.017017e-02
3.630974e-02
3.261728e-02
2.952920e-02
2.687253e-02
2.422231e-02
2.131334e-02
1.806116e-02
1.459290e-02
1.113044e-02
7.686830e-03
4.050678e-03
1.729021e-04
-3.700561e-03
-7.241399e-03
-1.016039e-02
-1.236119e-02
-1.412399e-02
-1.586681e-02
-1.788322e-02
-2.027929e-02
-2.287261e-02
-2.531943e-02
-2.713885e-02
-2.794220e-02
-2.773517e-02
-2.679694e-02
-2.547399e-02
-2.397759e-02
-2.244091e-02
-2.092870e-02
-1.957465e-02
-1.860195e-02
-1.812293e-02
-1.817107e-02
-1.860900e-02
-1.910745e-02
-1.939274e-02
-1.952560e-02
-1.974963e-02
-2.003590e-02
-2.001823e-02
-1.936379e-02
-1.795534e-02
-1.581115e-02
-1.310798e-02
-1.016962e-02
-7.381464e-03
-5.015740e-03
-3.217292e-03
-2.106166e-03
-1.736125e-03
-1.919425e-03
-2.280527e-03
-2.487775e-03
-2.329538e-03
-1.744689e-03
-9.362911e-04
-4.627244e-04
-9.576047e-04
-2.706232e-03
-5.326658e-03
-7.897227e-03
-9.589253e-03
-9.911698e-03
-8.821651e-03
-6.809106e-03
-4.540955e-03
-2.623273e-03
-1.590005e-03
-1.822021e-03
-3.304931e-03
-5.464592e-03
-7.559119e-03
-9.092098e-03
-9.931093e-03
-1.026754e-02
-1.051793e-02
-1.132946e-02
-1.322784e-02
-1.623132e-02
-1.996079e-02
-2.372202e-02
-2.662546e-02
-2.797990e-02
-2.764685e-02
-2.599832e-02
-2.361228e-02
-2.100773e-02
-1.842624e-02
-1.583426e-02
-1.319813e-02
-1.069801e-02
-8.427669e-03
-6.150465e-03
-3.686743e-03
-1.110068e-03
1.383246e-03
3.537121e-03
5.250027e-03
6.631397e-03
7.849483e-03
8.997999e-03
1.005465e-02
1.095117e-02
1.164707e-02
1.232963e-02
1.331705e-02
1.474753e-02
1.655706e-02
1.856219e-02
2.047715e-02
2.206086e-02
2.333173e-02
2.442450e-02
2.538541e-02
2.613498e-02
2.645525e-02
2.610137e-02
2.498253e-02
2.331291e-02
2.154152e-02
2.002661e-02
1.885435e-02
1.802096e-02
1.758210e-02
1.766456e-02
1.826226e-02
1.906100e-02
1.964710e-02
1.959991e-02
1.883753e-02
1.770453e-02
1.645910e-02
1.534756e-02
1.459396e-02
1.427334e-02
1.433607e-02
1.453765e-02
1.447109e-02
1.358947e-02
1.154272e-02
8.405297e-03
4.500556e-03
2.094287e-04
-4.258996e-03
-8.860547e-03
-1.352971e-02
-1.803674e-02
-2.205075e-02
-2.541304e-02
-2.819727e-02
-3.049437e-02
-3.240340e-02
-3.413937e-02
-3.573411e-02
-3.697831e-02
-3.762822e-02
-3.751135e-02
-3.663174e-02
-3.506705e-02
-3.299554e-02
-3.045120e-02
-2.730371e-02
-2.358811e-02
-1.945967e-02
-1.525744e-02
-1.124475e-02
-7.509966e-03
-4.189646e-03
-1.401463e-03
8.147509e-04
2.570973e-03
4.089140e-03
5.491108e-03
6.925797e-03
8.637190e-03
1.074116e-02
1.323192e-02
1.613794e-02
1.947688e-02
2.312121e-02
2.693759e-02
3.079209e-02
3.447529e-02
3.789794e-02
4.109072e-02
4.408105e-02
4.691087e-02
4.959886e-02
5.206539e-02
5.415454e-02
5.578705e-02
5.694415e-02
5.737519e-02
5.674860e-02
5.491300e-02
5.186909e-02
4.781951e-02
4.281734e-02
3.677457e-02
2.969071e-02
2.173812e-02
1.339574e-02
4.936977e-03
-3.404039e-03
-1.124190e-02
-1.848454e-02
-2.506655e-02
-3.080089e-02
-3.580522e-02
-4.026131e-02
-4.388644e-02
-4.610398e-02
-4.650533e-02
-4.527136e-02
-4.293121e-02
-4.000356e-02
-3.678398e-02
-3.319243e-02
-2.921522e-02
-2.500329e-02
-2.080972e-02
-1.692936e-02
-1.341890e-02
-1.053718e-02
-8.732979e-03
-8.019208e-03
-8.252667e-03
-9.290569e-03
-1.094041e-02
-1.299016e-02
-1.509886e-02
-1.665211e-02
-1.712364e-02
-1.682105e-02
-1.643320e-02
-1.632224e-02
-1.635421e-02
-1.602917e-02
-1.503026e-02
-1.343348e-02
-1.134509e-02
-8.785881e-03
-5.895566e-03
-2.861414e-03
-1.038624e-04
1.744325e-03
2.142627e-03
9.432794e-04
-1.449948e-03
-4.519883e-03
-7.661202e-03
-1.045812e-02
-1.321830e-02
-1.632296e-02
-1.980219e-02
-2.339498e-02
-2.681766e-02
-2.992177e-02
-3.244937e-02
-3.426101e-02
-3.552419e-02
-3.640750e-02
-3.690760e-02
-3.702022e-02
-3.679400e-02
-3.630552e-02
-3.550117e-02
-3.413622e-02
-3.186614e-02
-2.823688e-02
-2.332240e-02
-1.792089e-02
-1.295144e-02
-9.035149e-03
-6.264211e-03
-4.319466e-03
-3.073522e-03
-2.721256e-03
-3.132775e-03
-3.830057e-03
-4.289449e-03
-4.239292e-03
-3.700502e-03
-2.679292e-03
-1.327302e-03
2.759029e-04
2.368507e-03
5.079788e-03
8.304603e-03
1.188498e-02
1.564693e-02
1.954572e-02
2.375882e-02
2.846666e-02
3.370420e-02
3.941705e-02
4.547768e-02
5.158230e-02
5.724018e-02
6.188475e-02
6.513464e-02
6.696611e-02
6.748316e-02
6.672376e-02
6.475822e-02
6.176252e-02
5.778433e-02
5.280893e-02
4.702175e-02
4.052872e-02
3.318011e-02
2.491542e-02
1.620276e-02
7.652699e-03
-3.489523e-04
-7.685744e-03
-1.466872e-02
-2.160976e-02
-2.872466e-02
-3.603883e-02
-4.342666e-02
-5.073818e-02
-5.757346e-02
-6.338388e-02
-6.767815e-02
-7.019904e-02
-7.101275e-02
-7.062319e-02
-6.963099e-02
-6.839947e-02
-6.714710e-02
-6.589070e-02
-6.441481e-02
-6.236670e-02
-5.944674e-02
-5.527026e-02
-4.950454e-02
-4.220602e-02
-3.371284e-02
-2.451117e-02
-1.512193e-02
-6.015063e-03
2.582252e-03
1.065428e-02
1.829573e-02
2.557154e-02
3.249073e-02
3.900715e-02
4.489321e-02
5.004084e-02
5.425862e-02
5.728909e-02
5.905721e-02
5.919806e-02
5.737629e-02
5.388000e-02
4.933378e-02
4.432381e-02
3.921647e-02
3.393004e-02
2.835623e-02
2.248959e-02
1.619486e-02
9.750576e-03
3.692067e-03
-1.662886e-03
-5.873376e-03
-8.428313e-03
-9.337356e-03
-8.949264e-03
-7.612937e-03
-5.710686e-03
-3.451412e-03
-9.274756e-04
1.727403e-03
4.285855e-03
6.585781e-03
8.462513e-03
9.537876e-03
9.590412e-03
8.465103e-03
5.987095e-03
2.402190e-03
-1.623578e-03
-5.320344e-03
-8.076551e-03
-9.465125e-03
-9.387007e-03
-8.326347e-03
-6.955513e-03
-5.694177e-03
-4.930228e-03
-4.922588e-03
-5.435376e-03
-6.086613e-03
-6.726268e-03
-7.255764e-03
-7.473543e-03
-7.007188e-03
-5.504668e-03
-3.033226e-03
-4.076448e-05
2.979338e-03
5.664689e-03
7.820446e-03
9.542555e-03
1.114709e-02
1.297985e-02
1.538968e-02
1.868798e-02
2.297185e-02
2.797845e-02
3.344760e-02
3.925863e-02
4.519518e-02
5.106898e-02
5.667394e-02
6.171969e-02
6.595422e-02
6.929285e-02
7.178587e-02
7.326424e-02
7.347980e-02
7.213726e-02
6.890380e-02
6.383689e-02
5.735923e-02
5.008950e-02
4.262666e-02
3.547196e-02
2.888811e-02
2.276314e-02
1.698507e-02
1.150866e-02
6.225195e-03
1.306088e-03
-2.812464e-03
-5.845769e-03
-7.467606e-03
-7.436650e-03
-6.126290e-03
-4.232753e-03
-2.319159e-03
-8.031922e-04
-4.540327e-05
-1.267662e-04
-1.013568e-03
-2.738647e-03
-5.075043e-03
-7.690234e-03
-1.023889e-02
-1.226685e-02
-1.355374e-02
-1.411642e-02
-1.404986e-02
-1.353203e-02
-1.288005e-02
-1.240681e-02
-1.211840e-02
-1.190389e-02
-1.161151e-02
-1.115736e-02
-1.050067e-02
-9.439495e-03
-7.944742e-03
-6.236178e-03
-4.837383e-03
-4.318800e-03
-4.919796e-03
-6.594750e-03
-9.070288e-03
-1.204652e-02
-1.519894e-02
-1.823083e-02
-2.104609e-02
-2.350948e-02
-2.518845e-02
-2.576789e-02
-2.528272e-02
-2.386156e-02
-2.167878e-02
-1.858600e-02
-1.410919e-02
-8.077265e-03
-7.409550e-04
7.238620e-03
1.487982e-02
2.132208e-02
2.622991e-02
2.972342e-02
3.205057e-02
3.343943e-02
3.400518e-02
3.371358e-02
3.227956e-02
2.928218e-02
2.460233e-02
1.864438e-02
1.208976e-02
5.438932e-03
-8.946592e-04
-6.298901e-03
-1.010324e-02
-1.195822e-02
-1.186668e-02
-1.009968e-02
-7.222604e-03
-3.630074e-03
5.776276e-04
5.385051e-03
1.083818e-02
1.671601e-02
2.246777e-02
2.756646e-02
3.156550e-02
3.411163e-02
3.522947e-02
3.501207e-02
3.333338e-02
3.001147e-02
2.504535e-02
1.900841e-02
1.273710e-02
6.941948e-03
2.003371e-03
-2.093877e-03
-5.414215e-03
-7.840505e-03
-8.971322e-03
-8.429775e-03
-6.086698e-03
-2.023906e-03
3.247891e-03
9.024694e-03
1.477186e-02
2.006263e-02
2.449190e-02
2.766474e-02
2.939177e-02
2.964032e-02
2.825468e-02
2.535163e-02
2.138200e-02
1.654990e-02
1.082200e-02
4.416886e-03
-2.203144e-03
-8.481649e-03
-1.386167e-02
-1.810050e-02
-2.123598e-02
-2.326738e-02
-2.413050e-02
-2.392220e-02
-2.295899e-02
-2.158320e-02
-2.017472e-02
-1.929973e-02
-1.939334e-02
-2.049722e-02
-2.244758e-02
-2.511494e-02
-2.837256e-02
-3.212064e-02
-3.628142e-02
-4.072690e-02
-4.527536e-02
-4.970351e-02
-5.394098e-02
-5.782770e-02
-6.120814e-02
-6.410907e-02
-6.632481e-02
-6.754295e-02
-6.749364e-02
-6.595145e-02
-6.293858e-02
-5.869851e-02
-5.361091e-02
-4.824040e-02
-4.315460e-02
-3.867143e-02
-3.479821e-02
-3.130932e-02
-2.803146e-02
-2.495622e-02
-2.219087e-02
-1.977152e-02
-1.768219e-02
-1.589783e-02
-1.428386e-02
-1.279643e-02
-1.124081e-02
-9.202471e-03
-6.275750e-03
-2.096769e-03
3.398012e-03
1.002359e-02
1.761696e-02
2.603509e-02
3.495204e-02
4.381215e-02
5.212768e-02
5.967556e-02
6.667059e-02
7.333868e-02
7.934811e-02
8.415447e-02
8.727181e-02
8.865519e-02
8.873353e-02
8.789996e-02
8.653868e-02
8.469068e-02
8.183298e-02
7.760291e-02
7.216119e-02
6.587821e-02
5.917897e-02
5.232710e-02
4.529297e-02
3.829362e-02
3.210136e-02
2.713363e-02
2.305805e-02
1.924082e-02
1.483738e-02
9.661369e-03
4.183322e-03
-1.307281e-03
-6.625769e-03
-1.171194e-02
-1.690624e-02
-2.277953e-02
-2.945725e-02
-3.666460e-02
-4.395237e-02
-5.070555e-02
-5.656443e-02
-6.161518e-02
-6.618469e-02
-7.043843e-02
-7.423424e-02
-7.720090e-02
-7.907511e-02
-8.001434e-02
-8.043607e-02
-8.075448e-02
-8.107079e-02
-8.126293e-02
-8.125514e-02
-8.086069e-02
-7.975170e-02
-7.784894e-02
-7.528097e-02
-7.218383e-02
-6.901872e-02
-6.621182e-02
-6.396828e-02
-6.240377e-02
-6.124235e-02
-6.014223e-02
-5.864166e-02
-5.608350e-02
-5.254825e-02
-4.859557e-02
-4.436258e-02
-4.001415e-02
-3.566316e-02
-3.129501e-02
-2.717151e-02
-2.356712e-02
-2.061695e-02
-1.809700e-02
-1.557893e-02
-1.289687e-02
-1.014115e-02
-7.225315e-03
-4.058289e-03
-7.274413e-04
2.761238e-03
6.117587e-03
9.005164e-03
1.111249e-02
1.204324e-02
1.179691e-02
1.065234e-02
9.014819e-03
7.354994e-03
5.982680e-03
4.968867e-03
4.163707e-03
3.449806e-03
3.054458e-03
3.304195e-03
4.232380e-03
5.659924e-03
7.353461e-03
9.040328e-03
1.037381e-02
1.116573e-02
1.161123e-02
1.196316e-02
1.230658e-02
1.259343e-02
1.266764e-02
1.235036e-02
1.130469e-02
9.461893e-03
7.357331e-03
5.521912e-03
4.118759e-03
2.907495e-03
1.601640e-03
1.576774e-04
-1.319501e-03
-2.405610e-03
-2.502919e-03
-1.149853e-03
1.642277e-03
5.378471e-03
9.404796e-03
1.312745e-02
1.612800e-02
1.791036e-02
1.830933e-02
1.770012e-02
1.643414e-02
1.456030e-02
1.223021e-02
1.002853e-02
8.356977e-03
7.218150e-03
6.262738e-03
5.027268e-03
3.181831e-03
5.160697e-04
-2.708761e-03
-6.155872e-03
-9.956966e-03
-1.442173e-02
-1.939712e-02
-2.425282e-02
-2.843683e-02
-3.194368e-02
-3.522744e-02
-3.868955e-02
-4.257779e-02
-4.680467e-02
-5.110421e-02
-5.509252e-02
-5.835139e-02
-6.074487e-02
-6.219122e-02
-6.260870e-02
-6.198591e-02
-6.041503e-02
-5.803158e-02
-5.490848e-02
-5.078380e-02
-4.542487e-02
-3.857864e-02
-2.946540e-02
-1.777492e-02
-4.214477e-03
9.780088e-03
2.313419e-02
3.524819e-02
4.520169e-02
5.260757e-02
5.772851e-02
6.087518e-02
6.230511e-02
6.244157e-02
6.194486e-02
6.153326e-02
6.189309e-02
6.297363e-02
6.360733e-02
6.222342e-02
5.789782e-02
5.091431e-02
4.291703e-02
3.575118e-02
3.003300e-02
2.550776e-02
2.144543e-02
1.688310e-02
1.137113e-02
5.026642e-03
-1.758832e-03
-8.053178e-03
-1.288314e-02
-1.582767e-02
-1.641677e-02
-1.482294e-02
-1.208353e-02
-8.862018e-03
-5.682388e-03
-3.014893e-03
-8.122824e-04
1.551334e-03
4.947984e-03
9.517393e-03
1.512870e-02
2.186401e-02
2.892829e-02
3.532847e-02
4.089341e-02
4.552077e-02
4.897858e-02
5.069462e-02
5.000740e-02
4.725822e-02
4.356728e-02
3.965622e-02
3.557109e-02
3.123141e-02
2.648989e-02
2.132223e-02
1.583537e-02
1.015604e-02
4.657917e-03
-1.200611e-04
-3.613247e-03
-5.071941e-03
-4.049032e-03
-1.144324e-03
3.005469e-03
7.779180e-03
1.209566e-02
1.504005e-02
1.597522e-02
1.424191e-02
9.701531e-03
3.758482e-03
-1.886318e-03
-6.446802e-03
-9.933185e-03
-1.245010e-02
-1.390989e-02
-1.429451e-02
-1.315597e-02
-1.030841e-02
-6.212196e-03
-1.338607e-03
4.306031e-03
1.099849e-02
1.890299e-02
2.784015e-02
3.697696e-02
4.550904e-02
5.303117e-02
5.930018e-02
6.390786e-02
6.594810e-02
6.494840e-02
6.192014e-02
5.813336e-02
5.392116e-02
4.911270e-02
4.314712e-02
3.509614e-02
2.400282e-02
1.054111e-02
-3.086767e-03
-1.574478e-02
-2.699228e-02
-3.665203e-02
-4.463525e-02
-5.017117e-02
-5.272649e-02
-5.277426e-02
-5.192620e-02
-5.179261e-02
-5.311859e-02
-5.582431e-02
-5.929082e-02
-6.305449e-02
-6.641260e-02
-6.821229e-02
-6.819421e-02
-6.757154e-02
-6.754123e-02
-6.824410e-02
-6.892744e-02
-6.914253e-02
-6.895939e-02
-6.839056e-02
-6.795758e-02
-6.763165e-02
-6.626452e-02
-6.298655e-02
-5.749233e-02
-5.038879e-02
-4.324908e-02
-3.720392e-02
-3.257566e-02
-2.917018e-02
-2.594582e-02
-2.160577e-02
-1.599204e-02
-1.020192e-02
-5.734307e-03
-3.454502e-03
-3.177831e-03
-4.491462e-03
-6.558250e-03
-8.612066e-03
-1.074870e-02
-1.292949e-02
-1.497165e-02
-1.610787e-02
-1.492524e-02
-1.083136e-02
-4.703514e-03
2.154360e-03
9.223474e-03
1.614234e-02
2.263328e-02
2.889773e-02
3.562982e-02
4.323660e-02
5.123638e-02
5.905348e-02
6.601761e-02
7.154092e-02
7.554317e-02
7.856038e-02
8.103804e-02
8.306004e-02
8.483565e-02
8.614027e-02
8.648294e-02
8.565515e-02
8.346220e-02
7.952772e-02
7.415697e-02
6.820291e-02
6.223266e-02
5.673362e-02
5.232751e-02
4.969502e-02
4.885864e-02
4.901976e-02
4.857493e-02
4.607129e-02
4.141550e-02
3.561321e-02
3.012293e-02
2.577534e-02
2.255017e-02
1.976113e-02
1.657577e-02
1.254957e-02
7.919747e-03
3.186709e-03
-1.561452e-03
-6.090570e-03
-1.077803e-02
-1.626022e-02
-2.232042e-02
-2.843842e-02
-3.413961e-02
-3.926278e-02
-4.407163e-02
-4.939345e-02
-5.570765e-02
-6.237218e-02
-6.822198e-02
-7.248657e-02
-7.502115e-02
-7.587768e-02
-7.572860e-02
-7.561558e-02
-7.613520e-02
-7.750395e-02
-7.941568e-02
-8.064967e-02
-8.016095e-02
-7.846763e-02
-7.649675e-02
-7.381743e-02
-6.943487e-02
-6.409474e-02
-5.940011e-02
-5.589102e-02
-5.396057e-02
-5.379389e-02
-5.464831e-02
-5.543072e-02
-5.506458e-02
-5.292560e-02
-4.901553e-02
-4.393328e-02
-3.904380e-02
-3.505351e-02
-3.105870e-02
-2.592898e-02
-1.918175e-02
-1.100001e-02
-2.366489e-03
5.294019e-03
1.117847e-02
1.568731e-02
2.023978e-02
2.630419e-02
3.404363e-02
4.248852e-02
5.034737e-02
5.646617e-02
5.999407e-02
6.066743e-02
5.928590e-02
5.680999e-02
5.361814e-02
4.996550e-02
4.609584e-02
4.261396e-02
4.040466e-02
3.988218e-02
4.118346e-02
4.412882e-02
4.786054e-02
5.110536e-02
5.318783e-02
5.513549e-02
5.849076e-02
6.358178e-02
6.973293e-02
7.622675e-02
8.220806e-02
8.613949e-02
8.745850e-02
8.743355e-02
8.767712e-02
8.879211e-02
9.001731e-02
8.976033e-02
8.662990e-02
8.078905e-02
7.339686e-02
6.558054e-02
5.775151e-02
4.928617e-02
3.941554e-02
2.859112e-02
1.848112e-02
1.043980e-02
5.388970e-03
2.623826e-03
6.969104e-04
-1.143034e-03
-3.845356e-03
-7.137006e-03
-9.839660e-03
-1.159828e-02
-1.308749e-02
-1.472722e-02
-1.632548e-02
-1.845920e-02
-2.146355e-02
-2.486556e-02
-2.854544e-02
-3.256579e-02
-3.707834e-02
-4.262173e-02
-4.919683e-02
-5.563753e-02
-6.059737e-02
-6.373873e-02
-6.538246e-02
-6.551941e-02
-6.452302e-02
-6.338580e-02
-6.277605e-02
-6.249937e-02
-6.113999e-02
-5.728010e-02
-5.089411e-02
-4.300715e-02
-3.432986e-02
-2.503744e-02
-1.552044e-02
-6.524028e-03
5.015693e-04
4.430809e-03
5.697131e-03
5.720817e-03
5.684318e-03
5.776652e-03
5.449129e-03
3.502050e-03
-1.415424e-03
-9.504913e-03
-1.965556e-02
-3.023891e-02
-3.949757e-02
-4.628383e-02
-5.062910e-02
-5.310265e-02
-5.458203e-02
-5.595947e-02
-5.753352e-02
-5.895833e-02
-5.971943e-02
-5.940032e-02
-5.804618e-02
-5.648032e-02
-5.462687e-02
-5.157514e-02
-4.711617e-02
-4.121194e-02
-3.420556e-02
-2.687282e-02
-1.997929e-02
-1.423806e-02
-9.555354e-03
-5.462304e-03
-1.871450e-03
1.409738e-03
5.168296e-03
1.006299e-02
1.631031e-02
2.397252e-02
3.162549e-02
3.871815e-02
4.634033e-02
5.391500e-02
6.083736e-02
6.726523e-02
7.354041e-02
8.017740e-02
8.709138e-02
9.407798e-02
1.007696e-01
1.071343e-01
1.132708e-01
1.183945e-01
1.214753e-01
1.223014e-01
1.216723e-01
1.201472e-01
1.173889e-01
1.129607e-01
1.066397e-01
9.920802e-02
9.165681e-02
8.409174e-02
7.697186e-02
7.071246e-02
6.545425e-02
6.091592e-02
5.679496e-02
5.388253e-02
5.272233e-02
5.331381e-02
5.541830e-02
5.802113e-02
6.024894e-02
6.234964e-02
6.468715e-02
6.712116e-02
6.911665e-02
6.950301e-02
6.752802e-02
6.340786e-02
5.740139e-02
4.974984e-02
4.089269e-02
3.107357e-02
2.072794e-02
1.027153e-02
-6.725175e-05
-1.014796e-02
-2.025485e-02
-3.037211e-02
-4.073362e-02
-5.159200e-02
-6.225074e-02
-7.267850e-02
-8.281768e-02
-9.167498e-02
-9.867104e-02
-1.039336e-01
-1.077904e-01
-1.100450e-01
-1.109572e-01
-1.111935e-01
-1.110147e-01
-1.108723e-01
-1.108781e-01
-1.109452e-01
-1.107726e-01
-1.094768e-01
-1.063449e-01
-1.014494e-01
-9.565038e-02
-9.007219e-02
-8.501105e-02
-7.983175e-02
-7.420852e-02
-6.880647e-02
-6.480389e-02
-6.227013e-02
-6.006819e-02
-5.682987e-02
-5.191007e-02
-4.605798e-02
-3.989180e-02
-3.338847e-02
-2.608298e-02
-1.771777e-02
-9.172025e-03
-1.147935e-03
6.130727e-03
1.271218e-02
1.878867e-02
2.523898e-02
3.275026e-02
4.043908e-02
4.798170e-02
5.467774e-02
5.952785e-02
6.312034e-02
6.721229e-02
7.194218e-02
7.583367e-02
7.811322e-02
7.710351e-02
7.311955e-02
6.774861e-02
6.217464e-02
5.694105e-02
5.055445e-02
4.201293e-02
3.108003e-02
1.927391e-02
8.343528e-03
-1.175685e-03
-1.070367e-02
-2.164560e-02
-3.270104e-02
-4.301175e-02
-5.206312e-02
-5.936386e-02
-6.518256e-02
-7.056595e-02
-7.576708e-02
-7.976327e-02
-8.201520e-02
-8.190533e-02
-7.858441e-02
-7.195873e-02
-6.335941e-02
-5.465733e-02
-4.707643e-02
-4.020816e-02
-3.270645e-02
-2.410842e-02
-1.482655e-02
-5.677086e-03
2.881024e-03
1.019646e-02
1.585681e-02
2.099659e-02
2.643986e-02
3.136801e-02
3.494221e-02
3.696710e-02
3.657831e-02
3.290568e-02
2.642757e-02
1.927127e-02
1.346579e-02
9.028165e-03
5.713332e-03
3.449129e-03
2.085398e-03
1.886952e-03
2.977193e-03
5.267281e-03
7.646204e-03
8.753024e-03
7.968556e-03
5.704599e-03
4.369393e-03
6.053225e-03
1.092206e-02
1.755890e-02
2.419209e-02
3.045910e-02
3.626682e-02
4.166881e-02
4.716338e-02
5.258200e-02
5.738208e-02
6.115577e-02
6.336459e-02
6.374574e-02
6.316993e-02
6.289422e-02
6.328822e-02
6.351687e-02
6.253781e-02
5.977127e-02
5.487847e-02
4.869606e-02
4.245892e-02
3.682374e-02
3.212731e-02
2.796571e-02
2.415562e-02
2.109269e-02
1.940331e-02
1.918142e-02
1.916065e-02
1.826798e-02
1.650255e-02
1.449347e-02
1.306373e-02
1.266261e-02
1.294193e-02
1.278151e-02
1.124571e-02
7.972249e-03
3.388611e-03
-1.059976e-03
-3.995121e-03
-4.770235e-03
-3.727377e-03
-2.041585e-03
-9.494616e-04
-1.232563e-03
-2.488896e-03
-4.379080e-03
-7.514734e-03
-1.206088e-02
-1.768402e-02
-2.395838e-02
-3.001944e-02
-3.443452e-02
-3.645897e-02
-3.661174e-02
-3.606157e-02
-3.626475e-02
-3.795887e-02
-4.103438e-02
-4.428685e-02
-4.652892e-02
-4.858316e-02
-5.180191e-02
-5.603120e-02
-5.999853e-02
-6.312258e-02
-6.559840e-02
-6.744117e-02
-6.871696e-02
-6.993731e-02
-7.141725e-02
-7.277049e-02
-7.355446e-02
-7.311376e-02
-7.081734e-02
-6.635092e-02
-5.953837e-02
-5.111341e-02
-4.228034e-02
-3.378724e-02
-2.565237e-02
-1.745777e-02
-9.008388e-03
-7.383208e-05
9.607619e-03
1.986146e-02
3.000369e-02
3.939221e-02
4.810360e-02
5.618501e-02
6.280215e-02
6.704604e-02
6.907425e-02
7.013235e-02
7.167757e-02
7.417496e-02
7.694268e-02
7.902304e-02
7.946927e-02
7.828203e-02
7.660542e-02
7.520316e-02
7.427703e-02
7.349783e-02
7.197153e-02
6.906600e-02
6.421007e-02
5.747153e-02
5.033867e-02
4.379317e-02
3.752248e-02
3.086898e-02
2.347984e-02
1.659727e-02
1.270729e-02
1.268416e-02
1.452436e-02
1.621541e-02
1.746914e-02
1.823189e-02
1.862084e-02
1.927581e-02
2.034379e-02
2.119411e-02
2.158179e-02
2.195711e-02
2.278460e-02
2.392557e-02
2.476894e-02
2.486241e-02
2.350280e-02
2.024509e-02
1.553102e-02
1.011462e-02
5.083866e-03
9.128492e-04
-3.622327e-03
-9.895677e-03
-1.784584e-02
-2.657496e-02
-3.539563e-02
-4.396324e-02
-5.139008e-02
-5.659710e-02
-5.981036e-02
-6.196836e-02
-6.317904e-02
-6.295593e-02
-6.166703e-02
-6.015297e-02
-5.840808e-02
-5.623904e-02
-5.363949e-02
-5.040996e-02
-4.580924e-02
-3.911310e-02
-3.169212e-02
-2.577171e-02
-2.187779e-02
-1.928446e-02
-1.736327e-02
-1.594486e-02
-1.471387e-02
-1.328853e-02
-1.129150e-02
-8.254800e-03
-3.761424e-03
2.181990e-03
8.771331e-03
1.482590e-02
1.966213e-02
2.380093e-02
2.811217e-02
3.314434e-02
3.889021e-02
4.469597e-02
5.042441e-02
5.589037e-02
6.000643e-02
6.177735e-02
6.126265e-02
5.949124e-02
5.719431e-02
5.470799e-02
5.235215e-02
4.958837e-02
4.556617e-02
4.020563e-02
3.388820e-02
2.721891e-02
2.075573e-02
1.493169e-02
1.053975e-02
8.683547e-03
1.002967e-02
1.364874e-02
1.752160e-02
2.044532e-02
2.249927e-02
2.401913e-02
2.497203e-02
2.527035e-02
2.435889e-02
2.176557e-02
1.866832e-02
1.724107e-02
1.840186e-02
2.081293e-02
2.237072e-02
2.147427e-02
1.735709e-02
1.058718e-02
2.627377e-03
-5.016578e-03
-1.121055e-02
-1.541513e-02
-1.770425e-02
-1.872414e-02
-1.942725e-02
-2.043372e-02
-2.174463e-02
-2.320591e-02
-2.498690e-02
-2.728599e-02
-2.953492e-02
-3.025084e-02
-2.821618e-02
-2.381196e-02
-1.871793e-02
-1.445091e-02
-1.153483e-02
-9.461053e-03
-7.117738e-03
-3.694402e-03
9.761339e-04
6.547343e-03
1.242142e-02
1.823601e-02
2.403595e-02
2.966657e-02
3.444709e-02
3.785566e-02
3.967631e-02
3.965063e-02
3.806457e-02
3.618283e-02
3.516811e-02
3.497890e-02
3.447137e-02
3.228976e-02
2.757419e-02
1.976003e-02
8.492185e-03
-5.156315e-03
-1.851908e-02
-2.963271e-02
-3.868538e-02
-4.681036e-02
-5.433577e-02
-6.073691e-02
-6.606286e-02
-7.077365e-02
-7.516670e-02
-8.018126e-02
-8.597070e-02
-9.134985e-02
-9.535330e-02
-9.737309e-02
-9.630559e-02
-9.054945e-02
-7.971102e-02
-6.580982e-02
-5.179923e-02
-3.934056e-02
-2.936781e-02
-2.218869e-02
-1.628423e-02
-9.976085e-03
-3.175018e-03
3.894856e-03
1.086790e-02
1.666214e-02
2.047969e-02
2.156926e-02
1.993204e-02
1.659546e-02
1.248204e-02
8.970939e-03
7.130681e-03
6.226910e-03
5.511230e-03
5.041672e-03
4.518946e-03
3.933611e-03
3.143200e-03
1.773288e-03
1.288144e-05
-1.373036e-03
-1.558652e-03
-3.272323e-05
2.974765e-03
6.049541e-03
8.886963e-03
1.146036e-02
1.318985e-02
1.504683e-02
1.756324e-02
2.047482e-02
2.382646e-02
2.719942e-02
2.995786e-02
3.187426e-02
3.381769e-02
3.619933e-02
3.858471e-02
4.121744e-02
4.410369e-02
4.722500e-02
5.040566e-02
5.274332e-02
5.391572e-02
5.436672e-02
5.454479e-02
5.438317e-02
5.300907e-02
4.855854e-02
3.953494e-02
2.576283e-02
9.367174e-03
-6.060453e-03
-2.008172e-02
-3.343432e-02
-4.603629e-02
-5.828963e-02
-6.955872e-02
-7.935682e-02
-8.748075e-02
-9.402295e-02
-9.979612e-02
-1.053690e-01
-1.116293e-01
-1.186723e-01
-1.252474e-01
-1.301535e-01
-1.332057e-01
-1.349481e-01
-1.356536e-01
-1.354913e-01
-1.343541e-01
-1.323024e-01
-1.296970e-01
-1.261647e-01
-1.211883e-01
-1.139291e-01
-1.029565e-01
-8.836416e-02
-7.274598e-02
-5.852117e-02
-4.611071e-02
-3.536247e-02
-2.591917e-02
-1.742687e-02
-1.003351e-02
-3.538399e-03
2.104976e-03
6.641050e-03
9.895113e-03
1.121832e-02
1.022772e-02
7.113154e-03
2.415076e-03
-3.245551e-03
-9.460475e-03
-1.562725e-02
-2.162251e-02
-2.731280e-02
-3.193839e-02
-3.478657e-02
-3.612718e-02
-3.740818e-02
-3.924172e-02
-4.131582e-02
-4.340676e-02
-4.499663e-02
-4.556319e-02
-4.579054e-02
-4.723363e-02
-4.976608e-02
-5.173451e-02
-5.238365e-02
-5.236796e-02
-5.263886e-02
-5.341584e-02
-5.450416e-02
-5.609586e-02
-5.866296e-02
-6.197083e-02
-6.474076e-02
-6.599428e-02
-6.607682e-02
-6.581540e-02
-6.574638e-02
-6.589405e-02
-6.551420e-02
-6.419374e-02
-6.258992e-02
-6.220170e-02
-6.393040e-02
-6.664760e-02
-6.927803e-02
-7.220200e-02
-7.605883e-02
-8.060909e-02
-8.483652e-02
-8.835175e-02
-9.167645e-02
-9.587889e-02
-1.015446e-01
-1.078854e-01
-1.141632e-01
-1.200596e-01
-1.251836e-01
-1.296022e-01
-1.335614e-01
-1.369403e-01
-1.394046e-01
-1.406750e-01
-1.407197e-01
-1.398756e-01
-1.383995e-01
-1.362162e-01
-1.329256e-01
-1.276061e-01
-1.185081e-01
-1.031297e-01
-8.148552e-02
-5.792046e-02
-3.641231e-02
-1.760634e-02
-9.864613e-04
1.366320e-02
2.649594e-02
3.783149e-02
4.824717e-02
5.808171e-02
6.751078e-02
7.670510e-02
8.511551e-02
9.206624e-02
9.741220e-02
1.012698e-01
1.039300e-01
1.055342e-01
1.060696e-01
1.055046e-01
1.040617e-01
1.018467e-01
9.842766e-02
9.352715e-02
8.768336e-02
8.170793e-02
7.555446e-02
6.914851e-02
6.308782e-02
5.808821e-02
5.453028e-02
5.268624e-02
5.294530e-02
5.479282e-02
5.712187e-02
5.933794e-02
6.192481e-02
6.565833e-02
6.991053e-02
7.314358e-02
7.399784e-02
7.189925e-02
6.723873e-02
6.115533e-02
5.474183e-02
4.793170e-02
4.022684e-02
3.122103e-02
2.161167e-02
1.281192e-02
5.205953e-03
-1.488253e-03
-8.101661e-03
-1.393171e-02
-1.797992e-02
-2.083064e-02
-2.186579e-02
-1.997675e-02
-1.583708e-02
-1.163163e-02
-8.818403e-03
-8.224416e-03
-9.946690e-03
-1.289046e-02
-1.638676e-02
-1.992118e-02
-2.320654e-02
-2.651455e-02
-3.072977e-02
-3.588921e-02
-4.110563e-02
-4.588453e-02
-4.980198e-02
-5.319023e-02
-5.662025e-02
-6.047918e-02
-6.495127e-02
-6.955639e-02
-7.343847e-02
-7.587207e-02
-7.642943e-02
-7.521638e-02
-7.269871e-02
-6.879874e-02
-6.326226e-02
-5.560513e-02
-4.577511e-02
-3.515698e-02
-2.594171e-02
-1.960869e-02
-1.551893e-02
-1.250263e-02
-1.059971e-02
-1.029944e-02
-1.135551e-02
-1.298637e-02
-1.493181e-02
-1.713224e-02
-1.933875e-02
-2.167057e-02
-2.404641e-02
-2.602443e-02
-2.772700e-02
-2.949441e-02
-3.145712e-02
-3.360869e-02
-3.579991e-02
-3.780321e-02
-3.946575e-02
-4.076324e-02
-4.162784e-02
-4.211502e-02
-4.255497e-02
-4.326016e-02
-4.402592e-02
-4.419150e-02
-4.332050e-02
-4.174361e-02
-4.025544e-02
-3.927046e-02
-3.863700e-02
-3.782220e-02
-3.631775e-02
-3.420830e-02
-3.151896e-02
-2.785153e-02
-2.364382e-02
-2.003113e-02
-1.761279e-02
-1.616560e-02
-1.480134e-02
-1.349277e-02
-1.305970e-02
-1.391992e-02
-1.590103e-02
-1.853010e-02
-2.237447e-02
-2.831851e-02
-3.651043e-02
-4.521518e-02
-5.213436e-02
-5.671263e-02
-5.888750e-02
-6.008106e-02
-6.146907e-02
-6.227844e-02
-6.173501e-02
-5.965534e-02
-5.661120e-02
-5.263029e-02
-4.760446e-02
-4.182387e-02
-3.536099e-02
-2.847921e-02
-2.132016e-02
-1.394870e-02
-6.619960e-03
1.958505e-04
6.191059e-03
1.159278e-02
1.663699e-02
2.157462e-02
2.682764e-02
3.229310e-02
3.727160e-02
4.096100e-02
4.309577e-02
4.344667e-02
4.169525e-02
3.924173e-02
3.812107e-02
3.698955e-02
3.354077e-02
2.959258e-02
2.691621e-02
2.552548e-02
2.641537e-02
3.028911e-02
3.647791e-02
4.274932e-02
4.833428e-02
5.352929e-02
5.804832e-02
6.340852e-02
7.062317e-02
7.955989e-02
8.969854e-02
9.926575e-02
1.077777e-01
1.157355e-01
1.231187e-01
1.302880e-01
1.379018e-01
1.454660e-01
1.513674e-01
1.547146e-01
1.555943e-01
1.557169e-01
1.562688e-01
1.557753e-01
1.534632e-01
1.496004e-01
1.441066e-01
1.369075e-01
1.266193e-01
1.104124e-01
8.806163e-02
6.238677e-02
3.652982e-02
1.330680e-02
-5.921447e-03
-1.961352e-02
-2.867884e-02
-3.656947e-02
-4.350889e-02
-4.921255e-02
-5.407913e-02
-5.771736e-02
-5.924562e-02
-5.813942e-02
-5.503271e-02
-4.997723e-02
-4.255948e-02
-3.262466e-02
-2.063963e-02
-7.514554e-03
5.514943e-03
1.729666e-02
2.791747e-02
3.792630e-02
4.745961e-02
5.623743e-02
6.402167e-02
7.101379e-02
7.806833e-02
8.497622e-02
9.146794e-02
9.790122e-02
1.033755e-01
1.075585e-01
1.095033e-01
1.082046e-01
1.045266e-01
1.001343e-01
9.681519e-02
9.497272e-02
9.468228e-02
9.537912e-02
9.478564e-02
9.098905e-02
8.443678e-02
7.645425e-02
6.689222e-02
5.534127e-02
4.207071e-02
2.784462e-02
1.322180e-02
-1.442587e-03
-1.548952e-02
-2.881784e-02
-4.152120e-02
-5.403348e-02
-6.680671e-02
-7.865391e-02
-8.825023e-02
-9.572098e-02
-1.022552e-01
-1.089966e-01
-1.159813e-01
-1.222437e-01
-1.271067e-01
-1.299257e-01
-1.288392e-01
-1.227873e-01
-1.123265e-01
-9.921228e-02
-8.543094e-02
-7.119934e-02
-5.669983e-02
-4.299998e-02
-3.084826e-02
-1.974305e-02
-9.024600e-03
7.614009e-04
9.448721e-03
1.671077e-02
2.230635e-02
2.687436e-02
3.066829e-02
3.307524e-02
3.229601e-02
2.729557e-02
1.803065e-02
5.537067e-03
-6.337522e-03
-1.423643e-02
-1.759624e-02
-1.715641e-02
-1.449541e-02
-1.088871e-02
-6.311833e-03
-6.899014e-04
5.635868e-03
1.289682e-02
2.144531e-02
3.005408e-02
3.768626e-02
4.542150e-02
5.445270e-02
6.420605e-02
7.315688e-02
8.148805e-02
9.031540e-02
9.978996e-02
1.086203e-01
1.149628e-01
1.194728e-01
1.232976e-01
1.262356e-01
1.278112e-01
1.266597e-01
1.223310e-01
1.161784e-01
1.103658e-01
1.073731e-01
1.076731e-01
1.090443e-01
1.100867e-01
1.109915e-01
1.116189e-01
1.118231e-01
1.117158e-01
1.124111e-01
1.154939e-01
1.206182e-01
1.263394e-01
1.320718e-01
1.374743e-01
1.418448e-01
1.449137e-01
1.483119e-01
1.542460e-01
1.623127e-01
1.704122e-01
1.760617e-01
1.778734e-01
1.770471e-01
1.760631e-01
1.771185e-01
1.806017e-01
1.852468e-01
1.886040e-01
1.888094e-01
1.861938e-01
1.823629e-01
1.782333e-01
1.706355e-01
1.551163e-01
1.324187e-01
1.077586e-01
8.531613e-02
6.684481e-02
5.303009e-02
4.311743e-02
3.580042e-02
2.950636e-02
2.249547e-02
1.446099e-02
6.294183e-03
-1.328158e-03
-8.252156e-03
-1.425006e-02
-1.888524e-02
-2.134904e-02
-2.181184e-02
-2.148927e-02
-2.031813e-02
-1.820181e-02
-1.547452e-02
-1.228718e-02
-9.940527e-03
-1.061345e-02
-1.500374e-02
-2.109720e-02
-2.635036e-02
-3.003912e-02
-3.379526e-02
-3.863700e-02
-4.414123e-02
-4.923254e-02
-5.215013e-02
-5.353768e-02
-5.505624e-02
-5.715959e-02
-5.958126e-02
-6.169638e-02
-6.306523e-02
-6.353091e-02
-6.408830e-02
-6.534822e-02
-6.704817e-02
-6.920044e-02
-7.167350e-02
-7.410342e-02
-7.609150e-02
-7.741257e-02
-7.841659e-02
-7.977526e-02
-8.079894e-02
-7.986391e-02
-7.663026e-02
-7.244429e-02
-6.918169e-02
-6.712336e-02
-6.466635e-02
-6.071008e-02
-5.596804e-02
-5.145789e-02
-4.767090e-02
-4.469142e-02
-4.039724e-02
-3.386454e-02
-2.710655e-02
-2.150421e-02
-1.852797e-02
-1.807939e-02
-1.928767e-02
-2.238939e-02
-2.676171e-02
-3.217381e-02
-3.860341e-02
-4.539243e-02
-5.273134e-02
-6.070272e-02
-6.859021e-02
-7.634771e-02
-8.407337e-02
-9.196995e-02
-1.003285e-01
-1.092368e-01
-1.180199e-01
-1.259990e-01
-1.330497e-01
-1.383613e-01
-1.421750e-01
-1.450629e-01
-1.472764e-01
-1.490094e-01
-1.502537e-01
-1.514126e-01
-1.519370e-01
-1.517440e-01
-1.516405e-01
-1.520602e-01
-1.532972e-01
-1.546541e-01
-1.550579e-01
-1.543535e-01
-1.535044e-01
-1.532285e-01
-1.529927e-01
-1.513891e-01
-1.464721e-01
-1.364130e-01
-1.201908e-01
-1.001834e-01
-8.049901e-02
-6.338679e-02
-4.935627e-02
-3.746878e-02
-2.744714e-02
-1.932360e-02
-1.300923e-02
-8.967632e-03
-7.491442e-03
-9.538639e-03
-1.608572e-02
-2.692572e-02
-4.063451e-02
-5.536010e-02
-6.932036e-02
-8.185625e-02
-9.370029e-02
-1.052806e-01
-1.165261e-01
-1.268940e-01
-1.351219e-01
-1.396514e-01
-1.395403e-01
-1.351028e-01
-1.270385e-01
-1.154215e-01
-1.005324e-01
-8.408600e-02
-6.817273e-02
-5.396829e-02
-4.198352e-02
-3.172941e-02
-2.235490e-02
-1.399316e-02
-6.928976e-03
-7.689930e-04
5.590415e-03
1.236560e-02
1.837570e-02
2.305731e-02
2.507091e-02
2.274260e-02
1.690657e-02
8.608987e-03
-1.667408e-03
-1.240809e-02
-2.177787e-02
-2.846915e-02
-3.183046e-02
-3.187110e-02
-2.909679e-02
-2.412428e-02
-1.775466e-02
-1.041596e-02
-2.263914e-03
6.339079e-03
1.552422e-02
2.542041e-02
3.600883e-02
4.709875e-02
5.800483e-02
6.826548e-02
7.807023e-02
8.767149e-02
9.678458e-02
1.051762e-01
1.127604e-01
1.195869e-01
1.256648e-01
1.304973e-01
1.338196e-01
1.357276e-01
1.367488e-01
1.381209e-01
1.407844e-01
1.439339e-01
1.463604e-01
1.480876e-01
1.495107e-01
1.513050e-01
1.537373e-01
1.558323e-01
1.559447e-01
1.525244e-01
1.447456e-01
1.323309e-01
1.158164e-01
9.726711e-02
7.897581e-02
6.132939e-02
4.384118e-02
2.699834e-02
1.133376e-02
-3.459921e-03
-1.716276e-02
-2.891624e-02
-3.863938e-02
-4.589104e-02
-5.053995e-02
-5.300572e-02
-5.240078e-02
-4.913788e-02
-4.453151e-02
-3.908669e-02
-3.346359e-02
-2.806740e-02
-2.333628e-02
-1.834157e-02
-1.177792e-02
-4.067537e-03
4.327856e-03
1.313440e-02
2.196129e-02
3.029650e-02
3.745352e-02
4.315260e-02
4.779748e-02
5.228302e-02
5.705463e-02
6.186169e-02
6.619346e-02
6.946729e-02
7.131929e-02
7.207460e-02
7.303949e-02
7.525048e-02
7.888758e-02
8.356713e-02
8.837965e-02
9.286313e-02
9.752381e-02
1.033695e-01
1.109168e-01
1.196458e-01
1.283087e-01
1.356582e-01
1.409716e-01
1.440577e-01
1.454905e-01
1.460354e-01
1.455068e-01
1.421289e-01
1.342769e-01
1.221910e-01
1.069771e-01
9.129028e-02
7.736311e-02
6.483588e-02
5.301255e-02
4.072822e-02
2.736022e-02
1.414759e-02
2.463191e-03
-7.473464e-03
-1.584561e-02
-2.291272e-02
-2.990579e-02
-3.662639e-02
-4.170454e-02
-4.508707e-02
-4.668423e-02
-4.637548e-02
-4.464913e-02
-4.147557e-02
-3.653934e-02
-3.001587e-02
-2.209823e-02
-1.307761e-02
-3.583901e-03
5.832220e-03
1.461009e-02
2.270574e-02
3.065751e-02
3.852493e-02
4.600688e-02
5.290757e-02
5.902493e-02
6.439899e-02
6.918414e-02
7.312525e-02
7.639168e-02
7.980613e-02
8.374642e-02
8.799748e-02
9.222941e-02
9.601373e-02
9.899760e-02
1.014918e-01
1.039481e-01
1.065052e-01
1.093146e-01
1.121205e-01
1.145416e-01
1.167488e-01
1.196641e-01
1.239319e-01
1.287629e-01
1.333137e-01
1.371474e-01
1.397542e-01
1.408514e-01
1.410015e-01
1.417757e-01
1.435988e-01
1.452868e-01
1.459232e-01
1.463107e-01
1.475022e-01
1.487869e-01
1.494551e-01
1.497446e-01
1.502196e-01
1.507841e-01
1.511493e-01
1.518208e-01
1.530460e-01
1.548463e-01
1.568820e-01
1.589035e-01
1.610578e-01
1.631973e-01
1.652137e-01
1.669704e-01
1.683112e-01
1.684385e-01
1.666531e-01
1.638871e-01
1.615512e-01
1.598719e-01
1.572618e-01
1.521724e-01
1.452442e-01
1.381577e-01
1.317909e-01
1.261175e-01
1.206851e-01
1.146021e-01
1.071730e-01
9.855162e-02
8.984924e-02
8.197147e-02
7.526904e-02
6.962930e-02
6.402374e-02
5.887207e-02
5.477884e-02
5.137308e-02
4.869016e-02
4.588066e-02
4.242763e-02
3.894143e-02
3.629594e-02
3.430394e-02
3.186713e-02
2.803185e-02
2.269153e-02
1.744899e-02
1.248679e-02
6.623059e-03
-3.537810e-04
-8.377157e-03
-1.740473e-02
-2.793690e-02
-3.992853e-02
-5.231681e-02
-6.408593e-02
-7.554006e-02
-8.803953e-02
-1.009089e-01
-1.128633e-01
-1.237935e-01
-1.336198e-01
-1.429669e-01
-1.518198e-01
-1.598847e-01
-1.675733e-01
-1.747492e-01
-1.815156e-01
-1.878572e-01
-1.934663e-01
-1.984035e-01
-2.028625e-01
-2.068052e-01
-2.096810e-01
-2.109005e-01
-2.105285e-01
-2.090215e-01
-2.064407e-01
-2.030084e-01
-1.984105e-01
-1.915653e-01
-1.816904e-01
-1.694032e-01
-1.561461e-01
-1.430951e-01
-1.314136e-01
-1.218571e-01
-1.145879e-01
-1.074524e-01
-1.007133e-01
-9.706274e-02
-9.536790e-02
-9.455402e-02
-9.419579e-02
-9.386451e-02
-9.380396e-02
-9.355362e-02
-9.321263e-02
-9.243642e-02
-9.125523e-02
-9.033858e-02
-8.863818e-02
-8.558420e-02
-8.147883e-02
-7.670769e-02
-7.095627e-02
-6.375004e-02
-5.623177e-02
-4.774008e-02
-3.786697e-02
-2.797441e-02
-1.804577e-02
-8.153897e-03
2.003920e-03
1.283103e-02
2.392169e-02
3.510730e-02
4.555870e-02
5.440875e-02
6.197302e-02
6.900434e-02
7.538972e-02
8.081956e-02
8.521131e-02
8.835386e-02
9.012005e-02
9.060413e-02
9.081300e-02
9.077176e-02
9.008431e-02
8.880563e-02
8.647697e-02
8.317063e-02
7.852192e-02
7.238166e-02
6.499495e-02
5.657911e-02
4.845936e-02
4.198428e-02
3.764358e-02
3.515191e-02
3.382016e-02
3.292907e-02
3.254536e-02
3.272833e-02
3.300504e-02
3.384285e-02
3.567521e-02
3.793441e-02
4.003105e-02
4.161374e-02
4.223592e-02
4.292331e-02
4.490992e-02
4.743213e-02
4.958535e-02
5.149591e-02
5.345492e-02
5.428359e-02
5.467352e-02
5.605485e-02
5.750934e-02
5.915162e-02
6.070874e-02
6.180093e-02
6.277442e-02
6.438290e-02
6.687152e-02
6.940254e-02
7.227692e-02
7.529125e-02
7.864176e-02
8.314649e-02
8.802984e-02
9.214986e-02
9.525998e-02
9.768463e-02
1.006385e-01
1.048411e-01
1.087390e-01
1.115519e-01
1.131687e-01
1.131652e-01
1.121211e-01
1.107659e-01
1.090569e-01
1.062814e-01
1.016147e-01
9.406680e-02
8.390183e-02
7.224191e-02
6.094220e-02
5.174909e-02
4.351691e-02
3.488518e-02
2.524722e-02
1.527056e-02
6.679516e-03
8.185262e-05
-4.505512e-03
-8.527846e-03
-1.366987e-02
-1.972776e-02
-2.526488e-02
-2.930634e-02
-3.196987e-02
-3.403355e-02
-3.595290e-02
-3.719833e-02
-3.754662e-02
-3.749127e-02
-3.728126e-02
-3.677122e-02
-3.651655e-02
-3.694679e-02
-3.718339e-02
-3.656010e-02
-3.519187e-02
-3.350668e-02
-3.123680e-02
-2.817801e-02
-2.486494e-02
-2.092488e-02
-1.603566e-02
-1.084629e-02
-6.429295e-03
-3.345066e-03
-1.140440e-03
8.499703e-04
3.251236e-03
5.903382e-03
8.121837e-03
9.841612e-03
1.140368e-02
1.295239e-02
1.407555e-02
1.488290e-02
1.591404e-02
1.657718e-02
1.621722e-02
1.448752e-02
1.169876e-02
8.573427e-03
4.995866e-03
1.308651e-03
-2.272233e-03
-6.222521e-03
-1.052779e-02
-1.449736e-02
-1.794303e-02
-2.122448e-02
-2.422362e-02
-2.714481e-02
-2.978168e-02
-3.152658e-02
-3.194391e-02
-3.051888e-02
-2.745305e-02
-2.321258e-02
-1.914147e-02
-1.675379e-02
-1.584790e-02
-1.570885e-02
-1.601295e-02
-1.660395e-02
-1.752573e-02
-1.927231e-02
-2.169353e-02
-2.365130e-02
-2.487300e-02
-2.588596e-02
-2.703545e-02
-2.868976e-02
-3.099743e-02
-3.348852e-02
-3.574825e-02
-3.793899e-02
-4.042256e-02
-4.357341e-02
-4.764125e-02
-5.258652e-02
-5.805489e-02
-6.332034e-02
-6.753224e-02
-7.001233e-02
-7.035514e-02
-6.837731e-02
-6.457890e-02
-5.992929e-02
-5.523988e-02
-5.151252e-02
-4.912327e-02
-4.810435e-02
-4.855177e-02
-4.968789e-02
-5.104685e-02
-5.299713e-02
-5.590212e-02
-5.954484e-02
-6.322322e-02
-6.659674e-02
-6.949596e-02
-7.200725e-02
-7.461743e-02
-7.723544e-02
-7.957221e-02
-8.155933e-02
-8.325072e-02
-8.479950e-02
-8.580672e-02
-8.593976e-02
-8.562328e-02
-8.580894e-02
-8.637707e-02
-8.648563e-02
-8.638777e-02
-8.625023e-02
-8.562897e-02
-8.307543e-02
-7.707970e-02
-6.790431e-02
-5.673800e-02
-4.492682e-02
-3.407309e-02
-2.550212e-02
-1.904197e-02
-1.405537e-02
-1.006595e-02
-6.555537e-03
-3.813848e-03
-2.424058e-03
-2.342258e-03
-3.234379e-03
-5.608310e-03
-9.384911e-03
-1.361625e-02
-1.819208e-02
-2.348686e-02
-3.007954e-02
-3.747050e-02
-4.444295e-02
-5.063102e-02
-5.613821e-02
-6.113758e-02
-6.551565e-02
-6.933869e-02
-7.258079e-02
-7.502673e-02
-7.713494e-02
-7.913688e-02
-8.046885e-02
-8.090884e-02
-8.089764e-02
-8.092668e-02
-8.116517e-02
-8.150206e-02
-8.182563e-02
-8.184950e-02
-8.150468e-02
-8.120752e-02
-8.116341e-02
-8.101571e-02
-8.077031e-02
-8.090121e-02
-8.124030e-02
-8.168816e-02
-8.225884e-02
-8.254901e-02
-8.287630e-02
-8.345771e-02
-8.411187e-02
-8.487231e-02
-8.540939e-02
-8.594572e-02
-8.684164e-02
-8.801306e-02
-8.936839e-02
-9.071588e-02
-9.210851e-02
-9.364307e-02
-9.549450e-02
-9.763949e-02
-1.000309e-01
-1.027935e-01
-1.057530e-01
-1.085780e-01
-1.108373e-01
-1.126171e-01
-1.140085e-01
-1.149469e-01
-1.155300e-01
-1.152916e-01
-1.139330e-01
-1.112808e-01
-1.068902e-01
-1.005061e-01
-9.217247e-02
-8.245434e-02
-7.246558e-02
-6.354886e-02
-5.626941e-02
-5.021154e-02
-4.514265e-02
-4.112769e-02
-3.793904e-02
-3.559976e-02
-3.419795e-02
-3.377245e-02
-3.483947e-02
-3.756121e-02
-4.140623e-02
-4.576666e-02
-5.023638e-02
-5.439013e-02
-5.805461e-02
-6.124617e-02
-6.365472e-02
-6.471331e-02
-6.383705e-02
-6.123673e-02
-5.713668e-02
-5.160327e-02
-4.491073e-02
-3.766248e-02
-3.074250e-02
-2.417508e-02
-1.761621e-02
-1.094003e-02
-4.700916e-03
1.477563e-03
7.408880e-03
1.277839e-02
1.857360e-02
2.360500e-02
2.823095e-02
3.260709e-02
3.619399e-02
3.995575e-02
4.277929e-02
4.491092e-02
4.686166e-02
4.830793e-02
4.955603e-02
5.004043e-02
5.006945e-02
5.021141e-02
5.023917e-02
5.016719e-02
4.985447e-02
4.895082e-02
4.791592e-02
4.737166e-02
4.705920e-02
4.645483e-02
4.542308e-02
4.360645e-02
4.097233e-02
3.716537e-02
3.138118e-02
2.529299e-02
1.860735e-02
9.670909e-03
-1.140712e-04
-9.750952e-03
-1.825085e-02
-2.545794e-02
-3.201656e-02
-3.759378e-02
-4.229782e-02
-4.669612e-02
-5.121367e-02
-5.552584e-02
-5.953443e-02
-6.337685e-02
-6.696899e-02
-7.003433e-02
-7.202984e-02
-7.328711e-02
-7.426421e-02
-7.467855e-02
-7.444681e-02
-7.361727e-02
-7.209361e-02
-7.002758e-02
-6.754237e-02
-6.439440e-02
-6.021164e-02
-5.511294e-02
-4.914683e-02
-4.234413e-02
-3.529404e-02
-2.800251e-02
-2.039783e-02
-1.287354e-02
-5.803478e-03
6.308881e-04
6.603326e-03
1.225995e-02
1.773097e-02
2.282799e-02
2.699459e-02
3.005466e-02
3.242461e-02
3.447810e-02
3.629889e-02
3.787919e-02
3.919230e-02
4.017587e-02
4.074004e-02
4.090800e-02
4.070523e-02
4.031135e-02
3.991879e-02
3.950262e-02
3.878225e-02
3.757611e-02
3.620058e-02
3.519646e-02
3.479397e-02
3.476594e-02
3.499608e-02
3.527923e-02
3.553539e-02
3.587702e-02
3.625599e-02
3.662731e-02
3.682221e-02
3.694331e-02
3.698416e-02
3.672866e-02
3.584297e-02
3.360108e-02
2.935979e-02
2.293448e-02
1.471154e-02
5.992768e-03
-1.462610e-03
-7.286388e-03
-1.173508e-02
-1.483640e-02
-1.695506e-02
-1.821653e-02
-1.863213e-02
-1.816166e-02
-1.680534e-02
-1.465523e-02
-1.185432e-02
-8.686934e-03
-5.358405e-03
-2.046317e-03
9.440205e-04
3.156072e-03
4.575619e-03
5.413940e-03
5.683441e-03
5.533423e-03
5.137927e-03
4.672894e-03
4.437623e-03
4.665669e-03
5.277961e-03
5.949407e-03
6.536069e-03
7.160493e-03
8.031837e-03
9.511208e-03
1.183549e-02
1.481027e-02
1.808864e-02
2.155321e-02
2.551310e-02
3.009451e-02
3.500877e-02
4.011862e-02
4.536959e-02
5.053280e-02
5.533627e-02
5.982203e-02
6.434626e-02
6.911355e-02
7.381375e-02
7.801478e-02
8.161520e-02
8.482587e-02
8.822585e-02
9.217381e-02
9.661592e-02
1.011907e-01
1.052147e-01
1.083103e-01
1.106494e-01
1.128967e-01
1.156569e-01
1.188787e-01
1.220721e-01
1.247298e-01
1.268558e-01
1.287926e-01
1.307784e-01
1.329599e-01
1.352732e-01
1.375904e-01
1.397841e-01
1.416221e-01
1.430790e-01
1.444821e-01
1.460679e-01
1.475807e-01
1.486395e-01
1.490616e-01
1.487664e-01
1.480186e-01
1.471062e-01
1.452134e-01
1.404008e-01
1.305273e-01
1.154135e-01
9.841405e-02
8.331180e-02
7.122017e-02
6.134723e-02
5.261265e-02
4.428958e-02
3.610705e-02
2.833902e-02
2.129710e-02
1.517022e-02
9.936952e-03
5.194677e-03
8.564434e-04
-3.087936e-03
-6.477259e-03
-8.737624e-03
-1.023541e-02
-1.153573e-02
-1.259078e-02
-1.381522e-02
-1.531220e-02
-1.668884e-02
-1.790881e-02
-1.887507e-02
-1.950681e-02
-2.011250e-02
-2.093868e-02
-2.162639e-02
-2.168861e-02
-2.111805e-02
-2.021563e-02
-1.929127e-02
-1.831023e-02
-1.704894e-02
-1.530897e-02
-1.327089e-02
-1.135395e-02
-9.849600e-03
-9.093007e-03
-9.281203e-03
-1.033297e-02
-1.162175e-02
-1.256003e-02
-1.318900e-02
-1.382469e-02
-1.467133e-02
-1.540520e-02
-1.584546e-02
-1.616076e-02
-1.641293e-02
-1.677751e-02
-1.744021e-02
-1.833808e-02
-1.921935e-02
-2.005728e-02
-2.099447e-02
-2.191818e-02
-2.277042e-02
-2.380485e-02
-2.519226e-02
-2.671167e-02
-2.802765e-02
-2.899286e-02
-2.965501e-02
-2.980445e-02
-2.903670e-02
-2.715159e-02
-2.360801e-02
-1.797534e-02
-1.081546e-02
-3.182760e-03
3.999739e-03
1.035258e-02
1.614356e-02
2.166847e-02
2.687538e-02
3.153436e-02
3.537552e-02
3.836267e-02
4.050408e-02
4.205730e-02
4.341531e-02
4.424403e-02
4.413701e-02
4.296583e-02
4.082961e-02
3.797919e-02
3.457661e-02
3.063631e-02
2.600554e-02
2.076027e-02
1.509204e-02
9.461691e-03
4.339165e-03
-3.809805e-04
-5.037795e-03
-9.729818e-03
-1.443879e-02
-1.921014e-02
-2.389109e-02
-2.832240e-02
-3.252478e-02
-3.647310e-02
-4.018907e-02
-4.397451e-02
-4.773934e-02
-5.107976e-02
-5.393823e-02
-5.638800e-02
-5.886033e-02
-6.156345e-02
-6.435928e-02
-6.718698e-02
-6.986920e-02
-7.252947e-02
-7.525654e-02
-7.815170e-02
-8.132426e-02
-8.447703e-02
-8.740769e-02
-9.013782e-02
-9.282746e-02
-9.559607e-02
-9.834782e-02
-1.006926e-01
-1.022529e-01
-1.029289e-01
-1.026482e-01
-1.016101e-01
-1.001915e-01
-9.844879e-02
-9.644023e-02
-9.427441e-02
-9.198031e-02
-8.978142e-02
-8.786825e-02
-8.630920e-02
-8.507504e-02
-8.417631e-02
-8.379054e-02
-8.372215e-02
-8.377030e-02
-8.411311e-02
-8.468838e-02
-8.525166e-02
-8.562594e-02
-8.552590e-02
-8.503139e-02
-8.464158e-02
-8.437439e-02
-8.417907e-02
-8.410845e-02
-8.398982e-02
-8.380080e-02
-8.355081e-02
-8.331236e-02
-8.304785e-02
-8.276949e-02
-8.258481e-02
-8.239649e-02
-8.225317e-02
-8.207964e-02
-8.181273e-02
-8.150173e-02
-8.120429e-02
-8.112183e-02
-8.110069e-02
-8.094800e-02
-8.047079e-02
-7.928903e-02
-7.724597e-02
-7.452422e-02
-7.162059e-02
-6.890282e-02
-6.660015e-02
-6.479646e-02
-6.338763e-02
-6.231648e-02
-6.143322e-02
-6.052367e-02
-5.945884e-02
-5.820608e-02
-5.673654e-02
-5.505608e-02
-5.325199e-02
-5.141916e-02
-4.964853e-02
-4.791047e-02
-4.617647e-02
-4.453188e-02
-4.307295e-02
-4.182542e-02
-4.056892e-02
-3.918062e-02
-3.770519e-02
-3.607483e-02
-3.422455e-02
-3.218075e-02
-3.017788e-02
-2.838262e-02
-2.685843e-02
-2.570577e-02
-2.496392e-02
-2.459263e-02
-2.451129e-02
-2.471372e-02
-2.510950e-02
-2.557545e-02
-2.601590e-02
-2.644548e-02
-2.707119e-02
-2.792546e-02
-2.893008e-02
-2.995998e-02
-3.087191e-02
-3.173338e-02
-3.258678e-02
-3.321045e-02
-3.333189e-02
-3.295224e-02
-3.229517e-02
-3.143834e-02
-3.030451e-02
-2.906086e-02
-2.792886e-02
-2.690306e-02
-2.598282e-02
-2.519581e-02
-2.464692e-02
-2.453915e-02
-2.502355e-02
-2.590913e-02
-2.692174e-02
-2.810339e-02
-2.943435e-02
-3.075509e-02
-3.185766e-02
-3.292974e-02
-3.431774e-02
-3.576727e-02
-3.711801e-02
-3.845799e-02
-3.945030e-02
-3.965739e-02
-3.924556e-02
-3.845722e-02
-3.726867e-02
-3.599444e-02
-3.490618e-02
-3.401165e-02
-3.326673e-02
-3.253722e-02
-3.181618e-02
-3.125937e-02
-3.098629e-02
-3.095413e-02
-3.097462e-02
-3.088649e-02
-3.045155e-02
-2.932959e-02
-2.757394e-02
-2.564814e-02
-2.422144e-02
-2.334450e-02
-2.248949e-02
-2.154482e-02
-2.028290e-02
-1.846808e-02
-1.630000e-02
-1.401833e-02
-1.185017e-02
-1.010646e-02
-8.740648e-03
-7.399434e-03
-6.055691e-03
-4.736417e-03
-3.492760e-03
-2.463791e-03
-1.756391e-03
-1.487209e-03
-1.820000e-03
-2.878054e-03
-4.527285e-03
-6.593608e-03
-8.954818e-03
-1.140671e-02
-1.368924e-02
-1.571484e-02
-1.756723e-02
-1.931466e-02
-2.115132e-02
-2.323678e-02
-2.538604e-02
-2.727576e-02
-2.865421e-02
-2.953702e-02
-2.992870e-02
-2.966539e-02
-2.875742e-02
-2.732442e-02
-2.562216e-02
-2.374334e-02
-2.164649e-02
-1.946713e-02
-1.735049e-02
-1.540359e-02
-1.351850e-02
-1.148572e-02
-9.203747e-03
-6.692694e-03
-4.235258e-03
-2.086888e-03
-2.033913e-04
1.483945e-03
2.888220e-03
3.999014e-03
4.936778e-03
5.914269e-03
7.062519e-03
8.305151e-03
9.559515e-03
1.078683e-02
1.201275e-02
1.333718e-02
1.496540e-02
1.695563e-02
1.909008e-02
2.137343e-02
2.374647e-02
2.603646e-02
2.834767e-02
3.074860e-02
3.339551e-02
3.628947e-02
3.909325e-02
4.162802e-02
4.388350e-02
4.605768e-02
4.842131e-02
5.098529e-02
5.355857e-02
5.609316e-02
5.862231e-02
6.101266e-02
6.329257e-02
6.570529e-02
6.834292e-02
7.106182e-02
7.368805e-02
7.603259e-02
7.798152e-02
7.967998e-02
8.122920e-02
8.267966e-02
8.411174e-02
8.532849e-02
8.599122e-02
8.592476e-02
8.468776e-02
8.152929e-02
7.538246e-02
6.535239e-02
5.240483e-02
3.889874e-02
2.677205e-02
1.634256e-02
7.445265e-03
1.241802e-04
-6.497249e-03
-1.243840e-02
-1.710392e-02
-2.095456e-02
-2.421913e-02
-2.663352e-02
-2.832095e-02
-2.929747e-02
-2.884481e-02
-2.678716e-02
-2.373215e-02
-2.014309e-02
-1.657999e-02
-1.365809e-02
-1.146083e-02
-9.649252e-03
-7.966704e-03
-6.338379e-03
-4.879184e-03
-3.799239e-03
-3.144710e-03
-2.804915e-03
-2.673832e-03
-2.569961e-03
-2.178766e-03
-1.502711e-03
-7.747999e-04
4.552765e-05
1.006426e-03
2.130338e-03
3.434028e-03
4.944578e-03
6.746890e-03
8.697827e-03
1.072584e-02
1.286765e-02
1.521333e-02
1.783191e-02
2.059247e-02
2.343901e-02
2.625530e-02
2.882940e-02
3.091761e-02
3.248888e-02
3.370478e-02
3.445494e-02
3.463540e-02
3.417890e-02
3.306340e-02
3.146122e-02
2.952464e-02
2.745553e-02
2.535836e-02
2.327871e-02
2.130885e-02
1.959511e-02
1.830397e-02
1.737602e-02
1.667942e-02
1.600429e-02
1.532478e-02
1.472808e-02
1.415386e-02
1.372095e-02
1.346623e-02
1.330319e-02
1.311035e-02
1.274430e-02
1.219519e-02
1.152485e-02
1.086777e-02
1.024409e-02
9.496731e-03
8.561401e-03
7.518633e-03
6.374202e-03
5.118168e-03
3.956610e-03
3.096874e-03
2.529721e-03
2.252655e-03
2.262365e-03
2.451350e-03
2.837050e-03
3.548798e-03
4.715933e-03
6.348154e-03
8.255909e-03
1.031146e-02
1.253733e-02
1.496502e-02
1.753532e-02
2.018034e-02
2.277079e-02
2.514439e-02
2.720784e-02
2.890502e-02
3.040061e-02
3.178675e-02
3.290281e-02
3.351369e-02
3.354887e-02
3.309060e-02
3.216848e-02
3.091065e-02
2.942837e-02
2.780116e-02
2.615736e-02
2.450761e-02
2.281697e-02
2.116392e-02
1.977138e-02
1.885816e-02
1.850905e-02
1.852318e-02
1.864876e-02
1.888430e-02
1.933186e-02
2.014560e-02
2.143150e-02
2.309384e-02
2.492627e-02
2.678242e-02
2.862399e-02
3.053231e-02
3.253663e-02
3.454772e-02
3.647368e-02
3.811586e-02
3.934795e-02
4.034102e-02
4.145776e-02
4.286651e-02
4.435605e-02
4.560454e-02
4.646087e-02
4.700029e-02
4.732719e-02
4.753383e-02
4.752590e-02
4.719976e-02
4.660901e-02
4.563402e-02
4.406949e-02
4.183233e-02
3.913368e-02
3.620001e-02
3.298649e-02
2.945975e-02
2.575350e-02
2.231191e-02
1.940399e-02
1.684038e-02
1.446923e-02
1.224872e-02
1.033839e-02
9.037955e-03
8.428299e-03
8.309999e-03
8.403495e-03
8.551114e-03
8.626341e-03
8.611664e-03
8.668955e-03
8.879463e-03
9.149946e-03
9.331837e-03
9.215454e-03
8.600241e-03
7.558096e-03
6.377748e-03
5.246700e-03
4.145228e-03
3.029602e-03
1.941499e-03
9.396609e-04
1.102274e-04
-3.759581e-04
-5.161346e-04
-5.610247e-04
-6.967816e-04
-1.018678e-03
-1.520123e-03
-2.204151e-03
-3.186476e-03
-4.550869e-03
-6.227024e-03
-8.054205e-03
-9.978423e-03
-1.187643e-02
-1.369430e-02
-1.549667e-02
-1.731996e-02
-1.926847e-02
-2.124637e-02
-2.315315e-02
-2.506536e-02
-2.707469e-02
-2.917333e-02
-3.126988e-02
-3.328881e-02
-3.494329e-02
-3.604654e-02
-3.659084e-02
-3.665654e-02
-3.645927e-02
-3.604417e-02
-3.534676e-02
-3.429798e-02
-3.300524e-02
-3.171044e-02
-3.051667e-02
-2.924246e-02
-2.759087e-02
-2.546207e-02
-2.283977e-02
-1.984108e-02
-1.674423e-02
-1.382167e-02
-1.130843e-02
-9.313458e-03
-7.816759e-03
-6.814021e-03
-6.316439e-03
-6.255018e-03
-6.509916e-03
-6.934485e-03
-7.391890e-03
-7.765606e-03
-8.067411e-03
-8.438893e-03
-8.908469e-03
-9.335761e-03
-9.538698e-03
-9.361803e-03
-8.871898e-03
-8.341158e-03
-7.934165e-03
-7.682855e-03
-7.600755e-03
-7.657061e-03
-7.719353e-03
-7.692374e-03
-7.582052e-03
-7.514319e-03
-7.701357e-03
-8.239411e-03
-9.045392e-03
-9.922710e-03
-1.079948e-02
-1.180055e-02
-1.306995e-02
-1.461042e-02
-1.629275e-02
-1.795777e-02
-1.953016e-02
-2.100594e-02
-2.228862e-02
-2.334898e-02
-2.433425e-02
-2.541764e-02
-2.663328e-02
-2.788541e-02
-2.906205e-02
-3.013724e-02
-3.108784e-02
-3.188808e-02
-3.261394e-02
-3.317953e-02
-3.348220e-02
-3.355157e-02
-3.333891e-02
-3.279635e-02
-3.190637e-02
-3.070462e-02
-2.940628e-02
-2.816604e-02
-2.697949e-02
-2.596391e-02
-2.514948e-02
-2.442665e-02
-2.385594e-02
-2.357719e-02
-2.366272e-02
-2.404061e-02
-2.453894e-02
-2.518451e-02
-2.610349e-02
-2.718407e-02
-2.828216e-02
-2.929962e-02
-3.019315e-02
-3.093398e-02
-3.141278e-02
-3.159371e-02
-3.140737e-02
-3.074767e-02
-2.959952e-02
-2.794998e-02
-2.566295e-02
-2.253407e-02
-1.853131e-02
-1.397454e-02
-9.298297e-03
-4.709440e-03
-3.634759e-04
3.467204e-03
6.641427e-03
9.251102e-03
1.149475e-02
1.352465e-02
1.534537e-02
1.693022e-02
1.821868e-02
1.912970e-02
1.970398e-02
1.999409e-02
2.004387e-02
1.994245e-02
1.972032e-02
1.928955e-02
1.867329e-02
1.805841e-02
1.763711e-02
1.757903e-02
1.780398e-02
1.813464e-02
1.848080e-02
1.869642e-02
1.875818e-02
1.878611e-02
1.889018e-02
1.911217e-02
1.945431e-02
1.988170e-02
2.035010e-02
2.079267e-02
2.113048e-02
2.136419e-02
2.138396e-02
2.104511e-02
2.038632e-02
1.970249e-02
1.926599e-02
1.906527e-02
1.909016e-02
1.932993e-02
1.981320e-02
2.059418e-02
2.161701e-02
2.283106e-02
2.406029e-02
2.517742e-02
2.627825e-02
2.752290e-02
2.898328e-02
3.058808e-02
3.219330e-02
3.357900e-02
3.469632e-02
3.569732e-02
3.667866e-02
3.756162e-02
3.812662e-02
3.822750e-02
3.772354e-02
3.654371e-02
3.477443e-02
3.248103e-02
2.960852e-02
2.596448e-02
2.146184e-02
1.623884e-02
1.072759e-02
5.267429e-03
-1.187651e-04
-5.350522e-03
-1.039850e-02
-1.513240e-02
-1.930538e-02
-2.277483e-02
-2.557285e-02
-2.792635e-02
-2.996061e-02
-3.175278e-02
-3.338524e-02
-3.481715e-02
-3.600584e-02
-3.714242e-02
-3.838365e-02
-3.968558e-02
-4.107481e-02
-4.243746e-02
-4.362228e-02
-4.464219e-02
-4.545955e-02
-4.592997e-02
-4.599031e-02
-4.559541e-02
-4.454392e-02
-4.270158e-02
-3.994424e-02
-3.616849e-02
-3.149541e-02
-2.606481e-02
-2.000726e-02
-1.367326e-02
-7.422975e-03
-1.525943e-03
3.806706e-03
8.664965e-03
1.319472e-02
1.722029e-02
2.056714e-02
2.325409e-02
2.533500e-02
2.707412e-02
2.875907e-02
3.044158e-02
3.202094e-02
3.346010e-02
3.490419e-02
3.639311e-02
3.797746e-02
3.979712e-02
4.184967e-02
4.414506e-02
4.662545e-02
4.896445e-02
5.110617e-02
5.317608e-02
5.522563e-02
5.725917e-02
5.906650e-02
6.069638e-02
6.224919e-02
6.369810e-02
6.505270e-02
6.621079e-02
6.716165e-02
6.799813e-02
6.878570e-02
6.946460e-02
6.996165e-02
7.018991e-02
6.999770e-02
6.934977e-02
6.829732e-02
6.683228e-02
6.490565e-02
6.250663e-02
5.971737e-02
5.664956e-02
5.344907e-02
5.023012e-02
4.706978e-02
4.419807e-02
4.175679e-02
3.978087e-02
3.813979e-02
3.663941e-02
3.534913e-02
3.427150e-02
3.331999e-02
3.234828e-02
3.123199e-02
3.005818e-02
2.895572e-02
2.799288e-02
2.708419e-02
2.612901e-02
2.507545e-02
2.387548e-02
2.260460e-02
2.126703e-02
1.979634e-02
1.825810e-02
1.666796e-02
1.500676e-02
1.326875e-02
1.148890e-02
9.831319e-03
8.347164e-03
6.950255e-03
5.632844e-03
4.453915e-03
3.420849e-03
2.551083e-03
1.912607e-03
1.545696e-03
1.371633e-03
1.224532e-03
1.163356e-03
1.397891e-03
2.051184e-03
3.070744e-03
4.243924e-03
5.468997e-03
6.765806e-03
8.136584e-03
9.489539e-03
1.068639e-02
1.160248e-02
1.215198e-02
1.234923e-02
1.224157e-02
1.193921e-02
1.147765e-02
1.062353e-02
9.284121e-03
7.738484e-03
6.215011e-03
4.857654e-03
3.719437e-03
2.729217e-03
1.813424e-03
9.609991e-04
3.685012e-04
1.389387e-04
8.437333e-05
-8.580335e-05
-4.460775e-04
-8.428682e-04
-1.183767e-03
-1.490648e-03
-1.815138e-03
-2.056835e-03
-2.186654e-03
-2.233467e-03
-2.048972e-03
-1.563309e-03
-7.188036e-04
5.303228e-04
2.064743e-03
3.759648e-03
5.587165e-03
7.634947e-03
9.988380e-03
1.260988e-02
1.541648e-02
1.823994e-02
2.086488e-02
2.322820e-02
2.555363e-02
2.804492e-02
3.062042e-02
3.316183e-02
3.546665e-02
3.737586e-02
3.897839e-02
4.024472e-02
4.117453e-02
4.180590e-02
4.202623e-02
4.191658e-02
4.156728e-02
4.102952e-02
4.049575e-02
4.018400e-02
4.014066e-02
4.012608e-02
3.997334e-02
3.989455e-02
4.013664e-02
4.069729e-02
4.150827e-02
4.239200e-02
4.314772e-02
4.385233e-02
4.466374e-02
4.555756e-02
4.644146e-02
4.725146e-02
4.802815e-02
4.885688e-02
4.963987e-02
5.015190e-02
5.028612e-02
5.022972e-02
5.024692e-02
5.045094e-02
5.070545e-02
5.083929e-02
5.084982e-02
5.076124e-02
5.072982e-02
5.095373e-02
5.146594e-02
5.207609e-02
5.251881e-02
5.285338e-02
5.330183e-02
5.391311e-02
5.458615e-02
5.523026e-02
5.586085e-02
5.655102e-02
5.729295e-02
5.792942e-02
5.833676e-02
5.851906e-02
5.856137e-02
5.856474e-02
5.857429e-02
5.863610e-02
5.865357e-02
5.841895e-02
5.790448e-02
5.721300e-02
5.647045e-02
5.579862e-02
5.515762e-02
5.440847e-02
5.344015e-02
5.229811e-02
5.131501e-02
5.089147e-02
5.117692e-02
5.194273e-02
5.282530e-02
5.362116e-02
5.445167e-02
5.555995e-02
5.696806e-02
5.853810e-02
6.009769e-02
6.145841e-02
6.252855e-02
6.352980e-02
6.467841e-02
6.592463e-02
6.713998e-02
6.817088e-02
6.895582e-02
6.951044e-02
6.993374e-02
7.036360e-02
7.087326e-02
7.152367e-02
7.227600e-02
7.309747e-02
7.403243e-02
7.510325e-02
7.621381e-02
7.724391e-02
7.821002e-02
7.919451e-02
8.020756e-02
8.110446e-02
8.174750e-02
8.204560e-02
8.201561e-02
8.170456e-02
8.110035e-02
8.027905e-02
7.926166e-02
7.798273e-02
7.631628e-02
7.425868e-02
7.188570e-02
6.918223e-02
6.619638e-02
6.286976e-02
5.934541e-02
5.597387e-02
5.289572e-02
5.015875e-02
4.764207e-02
4.528664e-02
4.303800e-02
4.074691e-02
3.843860e-02
3.618032e-02
3.402504e-02
3.190849e-02
2.960355e-02
2.702168e-02
2.431159e-02
2.171244e-02
1.936782e-02
1.720138e-02
1.505379e-02
1.293865e-02
1.100256e-02
9.392069e-03
8.072708e-03
6.870134e-03
5.749267e-03
4.819917e-03
4.196863e-03
3.906955e-03
3.878492e-03
3.991534e-03
4.127057e-03
4.274472e-03
4.468900e-03
4.759564e-03
5.267033e-03
5.915540e-03
6.492216e-03
6.914784e-03
7.168874e-03
7.239923e-03
7.059666e-03
6.547014e-03
5.665635e-03
4.540317e-03
3.405646e-03
2.387628e-03
1.438987e-03
4.913052e-04
-3.991710e-04
-1.262615e-03
-2.286423e-03
-3.481455e-03
-4.614634e-03
-5.545256e-03
-6.398029e-03
-7.404202e-03
-8.663133e-03
-1.004722e-02
-1.139733e-02
-1.256690e-02
-1.353218e-02
-1.449194e-02
-1.556114e-02
-1.672673e-02
-1.788604e-02
-1.884951e-02
-1.962606e-02
-2.039458e-02
-2.137164e-02
-2.259991e-02
-2.394095e-02
-2.529012e-02
-2.661308e-02
-2.804059e-02
-2.967403e-02
-3.149122e-02
-3.337894e-02
-3.514297e-02
-3.678309e-02
-3.844447e-02
-4.018793e-02
-4.192454e-02
-4.353677e-02
-4.497608e-02
-4.626904e-02
-4.745787e-02
-4.854349e-02
-4.945957e-02
-5.014752e-02
-5.058004e-02
-5.069125e-02
-5.052447e-02
-5.021014e-02
-4.982482e-02
-4.940615e-02
-4.897448e-02
-4.859290e-02
-4.834958e-02
-4.830981e-02
-4.846984e-02
-4.884571e-02
-4.947330e-02
-5.022112e-02
-5.103440e-02
-5.205812e-02
-5.337219e-02
-5.477513e-02
-5.602896e-02
-5.725664e-02
-5.850496e-02
-5.959618e-02
-6.046442e-02
-6.120944e-02
-6.190317e-02
-6.246166e-02
-6.277856e-02
-6.277793e-02
-6.254075e-02
-6.194066e-02
-6.066720e-02
-5.880363e-02
-5.660027e-02
-5.425550e-02
-5.183762e-02
-4.932327e-02
-4.678400e-02
-4.438960e-02
-4.231621e-02
-4.067991e-02
-3.947632e-02
-3.845453e-02
-3.742843e-02
-3.658146e-02
-3.612738e-02
-3.610329e-02
-3.645119e-02
-3.696227e-02
-3.752898e-02
-3.823497e-02
-3.919675e-02
-4.046827e-02
-4.188090e-02
-4.327182e-02
-4.455062e-02
-4.570626e-02
-4.681664e-02
-4.790832e-02
-4.905925e-02
-5.037308e-02
-5.190134e-02
-5.356494e-02
-5.530997e-02
-5.726227e-02
-5.940663e-02
-6.161835e-02
-6.380432e-02
-6.590433e-02
-6.788249e-02
-6.959144e-02
-7.094749e-02
-7.207094e-02
-7.298292e-02
-7.364745e-02
-7.412236e-02
-7.433678e-02
-7.419856e-02
-7.363248e-02
-7.270653e-02
-7.163920e-02
-7.044176e-02
-6.922119e-02
-6.812013e-02
-6.703820e-02
-6.599290e-02
-6.509675e-02
-6.433847e-02
-6.373567e-02
-6.334179e-02
-6.307708e-02
-6.280641e-02
-6.234695e-02
-6.172975e-02
-6.110064e-02
-6.037810e-02
-5.963350e-02
-5.896946e-02
-5.827892e-02
-5.742060e-02
-5.649271e-02
-5.582512e-02
-5.546061e-02
-5.521204e-02
-5.501553e-02
-5.489564e-02
-5.477256e-02
-5.456707e-02
-5.426107e-02
-5.381482e-02
-5.334095e-02
-5.293391e-02
-5.252491e-02
-5.202420e-02
-5.134211e-02
-5.048708e-02
-4.944389e-02
-4.824411e-02
-4.700352e-02
-4.576899e-02
-4.467910e-02
-4.372957e-02
-4.289935e-02
-4.229345e-02
-4.185852e-02
-4.174820e-02
-4.215966e-02
-4.298107e-02
-4.408770e-02
-4.534491e-02
-4.659060e-02
-4.766609e-02
-4.843245e-02
-4.906760e-02
-4.970283e-02
-5.016237e-02
-5.035051e-02
-5.022877e-02
-4.986127e-02
-4.922705e-02
-4.825341e-02
-4.696928e-02
-4.526296e-02
-4.316314e-02
-4.077462e-02
-3.823566e-02
-3.568928e-02
-3.309027e-02
-3.046960e-02
-2.789436e-02
-2.538380e-02
-2.295212e-02
-2.060303e-02
-1.838634e-02
-1.629797e-02
-1.433564e-02
-1.256770e-02
-1.091421e-02
-9.309098e-03
-7.739661e-03
-6.272707e-03
-5.124580e-03
-4.165604e-03
-3.272476e-03
-2.638105e-03
-2.326509e-03
-2.198380e-03
-2.137096e-03
-2.169778e-03
-2.298043e-03
-2.429659e-03
-2.480198e-03
-2.445698e-03
-2.320700e-03
-2.105952e-03
-1.878741e-03
-1.728568e-03
-1.657505e-03
-1.553979e-03
-1.339703e-03
-1.019237e-03
-6.345757e-04
-2.127019e-04
2.100268e-04
5.876012e-04
9.148595e-04
1.161392e-03
1.242404e-03
1.162732e-03
1.000505e-03
7.075147e-04
2.452778e-04
-2.822968e-04
-7.629750e-04
-1.252698e-03
-1.796598e-03
-2.267811e-03
-2.691438e-03
-3.108188e-03
-3.433846e-03
-3.598457e-03
-3.646216e-03
-3.708214e-03
-3.793034e-03
-3.862664e-03
-3.983284e-03
-4.215358e-03
-4.565588e-03
-5.166804e-03
-6.165305e-03
-7.551975e-03
-9.173580e-03
-1.076492e-02
-1.209697e-02
-1.305081e-02
-1.368723e-02
-1.410613e-02
-1.434600e-02
-1.447562e-02
-1.447576e-02
-1.427273e-02
-1.388627e-02
-1.330014e-02
-1.244977e-02
-1.132886e-02
-9.880566e-03
-8.107482e-03
-6.121331e-03
-4.075358e-03
-2.182911e-03
-6.405661e-04
3.548155e-04
8.118389e-04
8.639395e-04
5.932425e-04
1.118761e-04
-5.263869e-04
-1.259361e-03
-2.036637e-03
-2.812669e-03
-3.438872e-03
-3.798283e-03
-3.887108e-03
-3.793625e-03
-3.512935e-03
-2.966510e-03
-2.103210e-03
-8.905000e-04
5.907446e-04
2.330824e-03
4.373637e-03
6.631619e-03
8.970551e-03
1.122344e-02
1.335776e-02
1.539357e-02
1.740771e-02
1.945893e-02
2.140453e-02
2.323702e-02
2.497289e-02
2.662702e-02
2.825224e-02
2.974725e-02
3.110295e-02
3.239290e-02
3.354287e-02
3.439141e-02
3.496757e-02
3.540170e-02
3.576912e-02
3.602743e-02
3.616736e-02
3.627526e-02
3.620133e-02
3.602196e-02
3.593675e-02
3.581344e-02
3.560772e-02
3.528696e-02
3.474679e-02
3.398414e-02
3.300940e-02
3.185491e-02
3.056399e-02
2.906065e-02
2.716853e-02
2.494989e-02
2.266185e-02
2.045254e-02
1.843687e-02
1.654093e-02
1.461584e-02
1.267077e-02
1.071385e-02
8.916854e-03
7.415196e-03
6.130788e-03
5.069490e-03
4.267906e-03
3.764027e-03
3.604143e-03
3.720434e-03
3.992185e-03
4.297365e-03
4.491032e-03
4.541179e-03
4.481358e-03
4.300235e-03
4.024657e-03
3.679468e-03
3.245669e-03
2.742156e-03
2.222929e-03
1.762929e-03
1.352535e-03
9.001193e-04
3.766058e-04
-2.405464e-04
-9.225840e-04
-1.613934e-03
-2.293083e-03
-2.928925e-03
-3.507087e-03
-4.015336e-03
-4.408832e-03
-4.673535e-03
-4.853295e-03
-4.862331e-03
-4.589266e-03
-4.103276e-03
-3.578878e-03
-3.114130e-03
-2.576097e-03
-1.802963e-03
-7.042087e-04
6.272884e-04
1.968780e-03
3.095157e-03
3.794314e-03
4.126340e-03
4.210777e-03
4.111587e-03
3.910957e-03
3.605751e-03
3.258059e-03
2.959460e-03
2.747198e-03
2.650837e-03
2.610106e-03
2.458186e-03
2.117992e-03
1.607774e-03
9.575784e-04
2.736887e-04
-2.910169e-04
-6.632112e-04
-8.714053e-04
-9.859848e-04
-1.035207e-03
-8.910980e-04
-4.749431e-04
1.027082e-04
7.650313e-04
1.499352e-03
2.269429e-03
3.023608e-03
3.728000e-03
4.400261e-03
5.033119e-03
5.559898e-03
5.883905e-03
5.906276e-03
5.629294e-03
5.125262e-03
4.512271e-03
3.814895e-03
2.963024e-03
1.968036e-03
8.932549e-04
-1.506338e-04
-1.072710e-03
-1.787123e-03
-2.325414e-03
-2.752363e-03
-3.104206e-03
-3.439927e-03
-3.761541e-03
-4.108365e-03
-4.451385e-03
-4.734314e-03
-4.898280e-03
-4.952852e-03
-5.011872e-03
-5.124228e-03
-5.284629e-03
-5.460455e-03
-5.551641e-03
-5.459769e-03
-5.248199e-03
-4.959420e-03
-4.557488e-03
-3.994302e-03
-3.195437e-03
-2.244638e-03
-1.186122e-03
1.609477e-05
1.238296e-03
2.297393e-03
3.057446e-03
3.531598e-03
3.850473e-03
4.159191e-03
4.533070e-03
4.879175e-03
5.116610e-03
5.237938e-03
5.260387e-03
5.230170e-03
5.144572e-03
4.979553e-03
4.694645e-03
4.297663e-03
3.849257e-03
3.410458e-03
3.072707e-03
2.955953e-03
3.119160e-03
3.486793e-03
3.958403e-03
4.475634e-03
5.039525e-03
5.644061e-03
6.261706e-03
6.894159e-03
7.539903e-03
8.249312e-03
9.032621e-03
9.843749e-03
1.064234e-02
1.135100e-02
1.182041e-02
1.200662e-02
1.208267e-02
1.211367e-02
1.208089e-02
1.203352e-02
1.196829e-02
1.190806e-02
1.196392e-02
1.218655e-02
1.248528e-02
1.293549e-02
1.358690e-02
1.436602e-02
1.534670e-02
1.660593e-02
1.817796e-02
1.997372e-02
2.186073e-02
2.377696e-02
2.563165e-02
2.732695e-02
2.877601e-02
2.994145e-02
3.087132e-02
3.150892e-02
3.164294e-02
3.125961e-02
3.049770e-02
2.954225e-02
2.858995e-02
2.764132e-02
2.663721e-02
2.553721e-02
2.436045e-02
2.315844e-02
2.192257e-02
2.068668e-02
1.954686e-02
1.861853e-02
1.787001e-02
1.723633e-02
1.680184e-02
1.661457e-02
1.665429e-02
1.680791e-02
1.681036e-02
1.639964e-02
1.551393e-02
1.426328e-02
1.272788e-02
1.092220e-02
8.836267e-03
6.501332e-03
4.020715e-03
1.502070e-03
-9.557019e-04
-3.256499e-03
-5.389337e-03
-7.439601e-03
-9.475799e-03
-1.147542e-02
-1.331394e-02
-1.490175e-02
-1.614690e-02
-1.699877e-02
-1.757491e-02
-1.798774e-02
-1.831107e-02
-1.857745e-02
-1.874710e-02
-1.873703e-02
-1.861562e-02
-1.852217e-02
-1.847855e-02
-1.849683e-02
-1.856314e-02
-1.859305e-02
-1.858366e-02
-1.875550e-02
-1.921572e-02
-1.996416e-02
-2.097437e-02
-2.205165e-02
-2.305651e-02
-2.395684e-02
-2.483383e-02
-2.571735e-02
-2.649187e-02
-2.708864e-02
-2.743858e-02
-2.745539e-02
-2.714557e-02
-2.651116e-02
-2.549545e-02
-2.415036e-02
-2.260672e-02
-2.095769e-02
-1.927396e-02
-1.760804e-02
-1.600834e-02
-1.458602e-02
-1.347571e-02
-1.276198e-02
-1.234876e-02
-1.210732e-02
-1.217151e-02
-1.260229e-02
-1.327848e-02
-1.419796e-02
-1.529978e-02
-1.647454e-02
-1.762360e-02
-1.862897e-02
-1.948755e-02
-2.021346e-02
-2.084188e-02
-2.149179e-02
-2.222278e-02
-2.295647e-02
-2.360948e-02
-2.420028e-02
-2.480542e-02
-2.542892e-02
-2.601559e-02
-2.656474e-02
-2.704004e-02
-2.740665e-02
-2.765085e-02
-2.780601e-02
-2.799294e-02
-2.823719e-02
-2.851028e-02
-2.877709e-02
-2.896730e-02
-2.905565e-02
-2.905001e-02
-2.894056e-02
-2.873111e-02
-2.844968e-02
-2.806670e-02
-2.751936e-02
-2.678634e-02
-2.592745e-02
-2.513138e-02
-2.459205e-02
-2.440220e-02
-2.446440e-02
-2.453660e-02
-2.455274e-02
-2.462877e-02
-2.484834e-02
-2.525470e-02
-2.584266e-02
-2.654711e-02
-2.734633e-02
-2.831235e-02
-2.944994e-02
-3.070487e-02
-3.198710e-02
-3.318790e-02
-3.419235e-02
-3.492756e-02
-3.545729e-02
-3.577995e-02
-3.589331e-02
-3.574756e-02
-3.529933e-02
-3.463429e-02
-3.364343e-02
-3.221434e-02
-3.044423e-02
-2.847538e-02
-2.640341e-02
-2.435366e-02
-2.235582e-02
-2.032054e-02
-1.832089e-02
-1.641100e-02
-1.457650e-02
-1.293773e-02
-1.151029e-02
-1.020813e-02
-9.064101e-03
-8.095563e-03
-7.217016e-03
-6.373646e-03
-5.524285e-03
-4.625146e-03
-3.681945e-03
-2.708647e-03
-1.706625e-03
-7.121500e-04
2.291211e-04
1.041943e-03
1.685460e-03
2.214928e-03
2.742756e-03
3.322001e-03
3.895165e-03
4.443106e-03
4.973509e-03
5.504042e-03
6.071576e-03
6.664834e-03
7.215658e-03
7.660884e-03
8.005499e-03
8.293577e-03
8.604221e-03
8.937934e-03
9.256512e-03
9.576035e-03
9.859238e-03
1.005857e-02
1.018937e-02
1.031050e-02
1.048932e-02
1.075736e-02
1.109545e-02
1.149577e-02
1.198877e-02
1.262808e-02
1.345374e-02
1.445832e-02
1.565473e-02
1.700707e-02
1.850800e-02
2.016077e-02
2.190929e-02
2.366494e-02
2.531953e-02
2.683282e-02
2.814080e-02
2.926889e-02
3.017675e-02
3.071712e-02
3.084173e-02
3.047573e-02
2.960753e-02
2.821560e-02
2.630465e-02
2.390436e-02
2.097730e-02
1.753073e-02
1.368965e-02
9.640872e-03
5.464102e-03
1.338081e-03
-2.550475e-03
-6.221380e-03
-9.679246e-03
-1.284892e-02
-1.565658e-02
-1.808716e-02
-2.012330e-02
-2.178884e-02
-2.313263e-02
-2.414066e-02
-2.480581e-02
-2.507349e-02
-2.492027e-02
-2.442574e-02
-2.359401e-02
-2.249489e-02
-2.138137e-02
-2.041977e-02
-1.960503e-02
-1.886038e-02
-1.807826e-02
-1.716750e-02
-1.609630e-02
-1.485012e-02
-1.343718e-02
-1.196375e-02
-1.047088e-02
-8.946594e-03
-7.457438e-03
-6.079548e-03
-4.824344e-03
-3.591263e-03
-2.405129e-03
-1.351671e-03
-4.223354e-04
3.498729e-04
9.141059e-04
1.195564e-03
1.105746e-03
6.853624e-04
2.598234e-05
-8.906303e-04
-2.008489e-03
-3.212935e-03
-4.477955e-03
-5.786395e-03
-7.061246e-03
-8.249946e-03
-9.422687e-03
-1.057622e-02
-1.157515e-02
-1.224742e-02
-1.245812e-02
-1.215679e-02
-1.132815e-02
-9.963255e-03
-7.946400e-03
-5.217224e-03
-1.844751e-03
2.083948e-03
6.327805e-03
1.059834e-02
1.473338e-02
1.865064e-02
2.233501e-02
2.576689e-02
2.902046e-02
3.215866e-02
3.512854e-02
3.791770e-02
4.057780e-02
4.311027e-02
4.540580e-02
4.744538e-02
4.927469e-02
5.094648e-02
5.248253e-02
5.389098e-02
5.518863e-02
5.634348e-02
5.738626e-02
5.833959e-02
5.916779e-02
5.984952e-02
6.034616e-02
6.053383e-02
6.034058e-02
5.981115e-02
5.885195e-02
5.732045e-02
5.518153e-02
5.230150e-02
4.858359e-02
4.407314e-02
3.901179e-02
3.381544e-02
2.882401e-02
2.422379e-02
2.002142e-02
1.629200e-02
1.305535e-02
1.023594e-02
7.909736e-03
6.095053e-03
4.761350e-03
3.844731e-03
3.243869e-03
2.855462e-03
2.586406e-03
2.466851e-03
2.532697e-03
2.689509e-03
2.823946e-03
2.874504e-03
2.715215e-03
2.303828e-03
1.742661e-03
1.119397e-03
4.751628e-04
-2.089559e-04
-9.751777e-04
-1.812348e-03
-2.654381e-03
-3.486919e-03
-4.253439e-03
-4.878997e-03
-5.428371e-03
-5.972834e-03
-6.557789e-03
-7.101766e-03
-7.441419e-03
-7.638522e-03
-7.815633e-03
-7.942762e-03
-8.007153e-03
-8.081559e-03
-8.200903e-03
-8.323513e-03
-8.401707e-03
-8.355139e-03
-8.174620e-03
-7.917291e-03
-7.616462e-03
-7.303029e-03
-7.026683e-03
-6.835553e-03
-6.721723e-03
-6.673606e-03
-6.628311e-03
-6.547811e-03
-6.436345e-03
-6.245123e-03
-5.916749e-03
-5.420944e-03
-4.797463e-03
-4.117557e-03
-3.465733e-03
-2.870688e-03
-2.260727e-03
-1.571274e-03
-8.003591e-04
3.143986e-05
9.101589e-04
1.788506e-03
2.579613e-03
3.245189e-03
3.891112e-03
4.640863e-03
5.446489e-03
6.221621e-03
7.030376e-03
7.956374e-03
8.978388e-03
1.006435e-02
1.114639e-02
1.214192e-02
1.299260e-02
1.363301e-02
1.403617e-02
1.420033e-02
1.411582e-02
1.375619e-02
1.316716e-02
1.247167e-02
1.173942e-02
1.098929e-02
1.031780e-02
9.731718e-03
9.108560e-03
8.366688e-03
7.500184e-03
6.536906e-03
5.423768e-03
4.115261e-03
2.596513e-03
9.617136e-04
-6.586831e-04
-2.195625e-03
-3.636330e-03
-5.020905e-03
-6.265662e-03
-7.266536e-03
-8.059491e-03
-8.720567e-03
-9.199119e-03
-9.533261e-03
-9.855287e-03
-1.014076e-02
-1.040919e-02
-1.068893e-02
-1.097236e-02
-1.124168e-02
-1.146687e-02
-1.164986e-02
-1.183342e-02
-1.205119e-02
-1.229384e-02
-1.256468e-02
-1.288066e-02
-1.328354e-02
-1.372195e-02
-1.412268e-02
-1.448843e-02
-1.484717e-02
-1.525281e-02
-1.569956e-02
-1.606363e-02
-1.620310e-02
-1.617601e-02
-1.602199e-02
-1.577537e-02
-1.558948e-02
-1.544453e-02
-1.535262e-02
-1.535588e-02
-1.548984e-02
-1.577973e-02
-1.610903e-02
-1.640769e-02
-1.663363e-02
-1.673582e-02
-1.667811e-02
-1.645338e-02
-1.601693e-02
-1.530558e-02
-1.430892e-02
-1.300352e-02
-1.137523e-02
-9.500884e-03
-7.504795e-03
-5.302236e-03
-2.857491e-03
-3.702761e-04
2.096696e-03
4.569705e-03
7.074264e-03
9.715663e-03
1.244984e-02
1.509009e-02
1.763375e-02
2.001165e-02
2.205976e-02
2.380391e-02
2.525702e-02
2.639265e-02
2.715840e-02
2.744619e-02
2.722304e-02
2.653175e-02
2.547885e-02
2.414521e-02
2.263662e-02
2.108964e-02
1.949361e-02
1.780471e-02
1.606144e-02
1.431086e-02
1.256373e-02
1.083795e-02
9.167353e-03
7.534313e-03
5.859922e-03
4.114136e-03
2.377610e-03
6.675602e-04
-1.029676e-03
-2.714545e-03
-4.427367e-03
-6.152094e-03
-7.815054e-03
-9.428040e-03
-1.108146e-02
-1.271696e-02
-1.427801e-02
-1.581600e-02
-1.736194e-02
-1.894122e-02
-2.056914e-02
-2.221957e-02
-2.381183e-02
-2.525951e-02
-2.647643e-02
-2.744432e-02
-2.826219e-02
-2.900161e-02
-2.960986e-02
-2.995519e-02
-3.001629e-02
-2.981368e-02
-2.937046e-02
-2.873219e-02
-2.782982e-02
-2.662133e-02
-2.513598e-02
-2.340821e-02
-2.155755e-02
-1.965905e-02
-1.770787e-02
-1.572797e-02
-1.368917e-02
-1.155525e-02
-9.302704e-03
-6.889635e-03
-4.354129e-03
-1.799424e-03
7.348836e-04
3.319171e-03
5.964118e-03
8.611150e-03
1.124882e-02
1.390922e-02
1.663851e-02
1.941855e-02
2.224099e-02
2.513302e-02
2.802996e-02
3.089462e-02
3.373846e-02
3.655728e-02
3.925698e-02
4.169848e-02
4.394751e-02
4.610280e-02
4.812294e-02
4.997064e-02
5.164194e-02
5.316902e-02
5.459083e-02
5.595566e-02
5.724576e-02
5.835581e-02
5.925691e-02
5.996071e-02
6.049605e-02
6.085590e-02
6.104174e-02
6.113722e-02
6.109757e-02
6.083174e-02
6.035021e-02
5.969685e-02
5.883572e-02
5.770046e-02
5.631256e-02
5.467954e-02
5.278627e-02
5.072853e-02
4.869151e-02
4.667159e-02
4.458598e-02
4.251989e-02
4.044946e-02
3.832710e-02
3.616123e-02
3.391997e-02
3.167993e-02
2.946003e-02
2.723126e-02
2.502002e-02
2.283755e-02
2.070241e-02
1.868622e-02
1.680551e-02
1.497219e-02
1.317423e-02
1.141390e-02
9.679972e-03
7.998179e-03
6.384576e-03
4.852989e-03
3.389556e-03
2.040401e-03
7.482091e-04
-6.272454e-04
-2.074925e-03
-3.561901e-03
-5.120961e-03
-6.788043e-03
-8.524477e-03
-1.031465e-02
-1.216715e-02
-1.410180e-02
-1.612918e-02
-1.807736e-02
-1.989757e-02
-2.169544e-02
-2.344150e-02
-2.509791e-02
-2.668144e-02
-2.815765e-02
-2.949919e-02
-3.070639e-02
-3.176245e-02
-3.263696e-02
-3.322346e-02
-3.355266e-02
-3.368357e-02
-3.354082e-02
-3.320773e-02
-3.274780e-02
-3.216619e-02
-3.150135e-02
-3.075307e-02
-2.991789e-02
-2.898342e-02
-2.794027e-02
-2.671919e-02
-2.528124e-02
-2.369548e-02
-2.207224e-02
-2.053406e-02
-1.908515e-02
-1.769653e-02
-1.642301e-02
-1.521679e-02
-1.400284e-02
-1.281973e-02
-1.167759e-02
-1.052331e-02
-9.365909e-03
-8.245165e-03
-7.151445e-03
-6.089886e-03
-5.088493e-03
-4.155448e-03
-3.263202e-03
-2.404895e-03
-1.589315e-03
-8.663317e-04
-3.096960e-04
-2.387228e-05
-9.695065e-05
-5.895220e-04
-1.586388e-03
-3.107011e-03
-5.200628e-03
-7.855329e-03
-1.089912e-02
-1.407603e-02
-1.719009e-02
-2.021786e-02
-2.320347e-02
-2.613264e-02
-2.894139e-02
-3.163586e-02
-3.419460e-02
-3.654008e-02
-3.864562e-02
-4.052369e-02
-4.222625e-02
-4.377079e-02
-4.513690e-02
-4.631339e-02
-4.726569e-02
-4.804033e-02
-4.866457e-02
-4.912236e-02
-4.949014e-02
-4.982999e-02
-5.018744e-02
-5.060393e-02
-5.109010e-02
-5.163732e-02
-5.227324e-02
-5.295261e-02
-5.360081e-02
-5.419410e-02
-5.468106e-02
-5.507096e-02
-5.530542e-02
-5.543133e-02
-5.550752e-02
-5.541374e-02
-5.513530e-02
-5.473043e-02
-5.425206e-02
-5.364029e-02
-5.283062e-02
-5.187208e-02
-5.074648e-02
-4.947141e-02
-4.810223e-02
-4.657690e-02
-4.488092e-02
-4.310912e-02
-4.128720e-02
-3.936835e-02
-3.734044e-02
-3.519636e-02
-3.292253e-02
-3.049138e-02
-2.790148e-02
-2.515310e-02
-2.225766e-02
-1.931736e-02
-1.641625e-02
-1.353988e-02
-1.063308e-02
-7.721228e-03
-4.840179e-03
-2.002862e-03
7.368333e-04
3.375461e-03
5.950923e-03
8.510806e-03
1.104082e-02
1.351776e-02
1.595280e-02
1.831984e-02
2.058446e-02
2.274255e-02
2.481254e-02
2.679576e-02
2.861928e-02
3.020853e-02
3.156422e-02
3.269836e-02
3.362513e-02
3.435850e-02
3.489767e-02
3.519642e-02
3.515917e-02
3.472141e-02
3.386320e-02
3.268613e-02
3.127100e-02
2.961257e-02
2.775960e-02
2.571244e-02
2.351427e-02
2.125021e-02
1.899144e-02
1.679994e-02
1.472520e-02
1.287153e-02
1.135333e-02
1.023206e-02
9.423744e-03
8.900162e-03
8.789832e-03
9.060054e-03
9.602317e-03
1.036431e-02
1.126150e-02
1.225559e-02
1.326460e-02
1.419126e-02
1.502514e-02
1.577319e-02
1.647619e-02
1.716553e-02
1.783912e-02
1.841306e-02
1.876308e-02
1.889250e-02
1.889212e-02
1.887186e-02
1.886523e-02
1.884912e-02
1.882910e-02
1.880218e-02
1.876599e-02
1.860729e-02
1.822304e-02
1.762680e-02
1.678509e-02
1.572239e-02
1.450777e-02
1.317764e-02
1.176556e-02
1.031519e-02
8.888919e-03
7.544078e-03
6.342449e-03
5.306764e-03
4.385739e-03
3.548051e-03
2.817705e-03
2.250907e-03
1.898164e-03
1.793866e-03
1.938607e-03
2.305014e-03
2.858675e-03
3.593022e-03
4.530285e-03
5.636575e-03
6.815811e-03
7.995942e-03
9.173166e-03
1.034753e-02
1.150071e-02
1.264631e-02
1.377737e-02
1.488182e-02
1.591273e-02
1.680715e-02
1.754925e-02
1.810879e-02
1.850029e-02
1.877189e-02
1.897581e-02
1.916826e-02
1.935108e-02
1.951667e-02
1.963624e-02
1.970034e-02
1.966446e-02
1.942086e-02
1.892333e-02
1.818876e-02
1.728932e-02
1.625879e-02
1.512460e-02
1.392039e-02
1.262999e-02
1.134771e-02
1.016418e-02
9.081688e-03
8.045854e-03
7.035468e-03
6.064389e-03
5.083513e-03
4.157760e-03
3.309037e-03
2.598429e-03
2.098393e-03
1.724394e-03
1.466356e-03
1.282583e-03
1.282380e-03
1.506808e-03
1.807514e-03
2.200274e-03
2.663897e-03
3.166306e-03
3.652142e-03
4.084896e-03
4.476377e-03
4.797960e-03
5.058767e-03
5.207782e-03
5.215757e-03
5.071268e-03
4.802717e-03
4.527243e-03
4.223860e-03
3.907726e-03
3.657095e-03
3.410408e-03
3.178860e-03
3.003680e-03
2.866929e-03
2.768695e-03
2.689126e-03
2.677723e-03
2.758575e-03
2.894448e-03
3.124646e-03
3.496776e-03
4.017965e-03
4.666284e-03
5.416695e-03
6.299799e-03
7.279405e-03
8.269143e-03
9.255144e-03
1.025537e-02
1.128740e-02
1.231890e-02
1.329593e-02
1.417877e-02
1.494110e-02
1.554274e-02
1.596088e-02
1.621780e-02
1.632104e-02
1.630756e-02
1.620911e-02
1.597479e-02
1.556581e-02
1.500901e-02
1.434584e-02
1.361028e-02
1.279587e-02
1.185204e-02
1.074919e-02
9.459910e-03
8.032940e-03
6.553461e-03
5.047093e-03
3.513687e-03
1.972183e-03
4.647432e-04
-9.830785e-04
-2.357050e-03
-3.636751e-03
-4.749257e-03
-5.654905e-03
-6.382290e-03
-6.970774e-03
-7.438774e-03
-7.771400e-03
-7.954351e-03
-7.969807e-03
-7.845943e-03
-7.577564e-03
-7.124374e-03
-6.526010e-03
-5.793323e-03
-4.917773e-03
-3.913492e-03
-2.819082e-03
-1.667072e-03
-4.378106e-04
8.460780e-04
2.127545e-03
3.400204e-03
4.679450e-03
5.952670e-03
7.212490e-03
8.409382e-03
9.441586e-03
1.022814e-02
1.072291e-02
1.098123e-02
1.104871e-02
1.094391e-02
1.070435e-02
1.035469e-02
9.986807e-03
9.645674e-03
9.318029e-03
9.039913e-03
8.833147e-03
8.747940e-03
8.877558e-03
9.220572e-03
9.734825e-03
1.042265e-02
1.125744e-02
1.221205e-02
1.326165e-02
1.435280e-02
1.548534e-02
1.668094e-02
1.791608e-02
1.911927e-02
2.024104e-02
2.124847e-02
2.209452e-02
2.282375e-02
2.347750e-02
2.401865e-02
2.439120e-02
2.453138e-02
2.443274e-02
2.408578e-02
2.353909e-02
2.289366e-02
2.216308e-02
2.136908e-02
2.055758e-02
1.977725e-02
1.908099e-02
1.849304e-02
1.799310e-02
1.752128e-02
1.700025e-02
1.631966e-02
1.544201e-02
1.445974e-02
1.346495e-02
1.243813e-02
1.133312e-02
1.018750e-02
9.041161e-03
7.941265e-03
6.945338e-03
6.055807e-03
5.236611e-03
4.446937e-03
3.648476e-03
2.847767e-03
2.104777e-03
1.469479e-03
9.459690e-04
5.319746e-04
2.584095e-04
1.646287e-04
2.680234e-04
5.809731e-04
1.110893e-03
1.788697e-03
2.527234e-03
3.286031e-03
4.053230e-03
4.862553e-03
5.731515e-03
6.641591e-03
7.546060e-03
8.411085e-03
9.256492e-03
1.008347e-02
1.088955e-02
1.169627e-02
1.254329e-02
1.346556e-02
1.448292e-02
1.559956e-02
1.677444e-02
1.794350e-02
1.905749e-02
2.011123e-02
2.111889e-02
2.208635e-02
2.300716e-02
2.381759e-02
2.447626e-02
2.498695e-02
2.537274e-02
2.567890e-02
2.593733e-02
2.615059e-02
2.626103e-02
2.622226e-02
2.603874e-02
2.572957e-02
2.535398e-02
2.498616e-02
2.462120e-02
2.421221e-02
2.377887e-02
2.335390e-02
2.296825e-02
2.266626e-02
2.247839e-02
2.243332e-02
2.249621e-02
2.260353e-02
2.275096e-02
2.296859e-02
2.325728e-02
2.358689e-02
2.389722e-02
2.413687e-02
2.431018e-02
2.441279e-02
2.448753e-02
2.460206e-02
2.474371e-02
2.484941e-02
2.489462e-02
2.491876e-02
2.494230e-02
2.496929e-02
2.502670e-02
2.512545e-02
2.524824e-02
2.543044e-02
2.573281e-02
2.615245e-02
2.668627e-02
2.731734e-02
2.800780e-02
2.875391e-02
2.956355e-02
3.043050e-02
3.135222e-02
3.230534e-02
3.323194e-02
3.413346e-02
3.500485e-02
3.582144e-02
3.661373e-02
3.737920e-02
3.811029e-02
3.877166e-02
3.932846e-02
3.982347e-02
4.024340e-02
4.061735e-02
4.101243e-02
4.142058e-02
4.184291e-02
4.226932e-02
4.268700e-02
4.310986e-02
4.355952e-02
4.402162e-02
4.446748e-02
4.490086e-02
4.527765e-02
4.559297e-02
4.590944e-02
4.617398e-02
4.635762e-02
4.649167e-02
4.653913e-02
4.647173e-02
4.630373e-02
4.610806e-02
4.591394e-02
4.568202e-02
4.537285e-02
4.496541e-02
4.448616e-02
4.394795e-02
4.332233e-02
4.258304e-02
4.171342e-02
4.071612e-02
3.960490e-02
3.843111e-02
3.725279e-02
3.607421e-02
3.488722e-02
3.372878e-02
3.263936e-02
3.161927e-02
3.065719e-02
2.972600e-02
2.877091e-02
2.782925e-02
2.697079e-02
2.616420e-02
2.539240e-02
2.465714e-02
2.391544e-02
2.312082e-02
2.220721e-02
2.117937e-02
2.009111e-02
1.895642e-02
1.775779e-02
1.643891e-02
1.498392e-02
1.342707e-02
1.182016e-02
1.022794e-02
8.685625e-03
7.177200e-03
5.667983e-03
4.186925e-03
2.757394e-03
1.374236e-03
-1.382097e-05
-1.425804e-03
-2.774592e-03
-4.063137e-03
-5.340301e-03
-6.608563e-03
-7.911126e-03
-9.274654e-03
-1.065440e-02
-1.200621e-02
-1.331782e-02
-1.458910e-02
-1.584557e-02
-1.713419e-02
-1.845330e-02
-1.972737e-02
-2.093178e-02
-2.206524e-02
-2.314543e-02
-2.424389e-02
-2.537695e-02
-2.649057e-02
-2.755135e-02
-2.856050e-02
-2.951586e-02
-3.044270e-02
-3.137086e-02
-3.225574e-02
-3.306100e-02
-3.378515e-02
-3.444317e-02
-3.503766e-02
-3.556033e-02
-3.603121e-02
-3.642757e-02
-3.674627e-02
-3.705582e-02
-3.735148e-02
-3.764300e-02
-3.793479e-02
-3.816820e-02
-3.831603e-02
-3.839079e-02
-3.845475e-02
-3.855689e-02
-3.871322e-02
-3.890825e-02
-3.909384e-02
-3.923811e-02
-3.938763e-02
-3.960893e-02
-3.989443e-02
-4.023036e-02
-4.058053e-02
-4.087134e-02
-4.108872e-02
-4.126038e-02
-4.138834e-02
-4.148422e-02
-4.150282e-02
-4.136288e-02
-4.106253e-02
-4.063240e-02
-4.011413e-02
-3.951024e-02
-3.878729e-02
-3.794691e-02
-3.699240e-02
-3.594171e-02
-3.488946e-02
-3.387526e-02
-3.288534e-02
-3.192282e-02
-3.102683e-02
-3.027349e-02
-2.968903e-02
-2.928132e-02
-2.903227e-02
-2.886961e-02
-2.869143e-02
-2.847286e-02
-2.826655e-02
-2.809330e-02
-2.799002e-02
-2.793100e-02
-2.784084e-02
-2.773452e-02
-2.758232e-02
-2.734290e-02
-2.703756e-02
-2.664410e-02
-2.615621e-02
-2.557135e-02
-2.489621e-02
-2.418672e-02
-2.348760e-02
-2.283234e-02
-2.221558e-02
-2.163294e-02
-2.106930e-02
-2.049722e-02
-1.993668e-02
-1.938310e-02
-1.886409e-02
-1.843162e-02
-1.805520e-02
-1.769693e-02
-1.738084e-02
-1.710728e-02
-1.687568e-02
-1.675727e-02
-1.673001e-02
-1.668354e-02
-1.657297e-02
-1.643063e-02
-1.632613e-02
-1.627697e-02
-1.627129e-02
-1.632270e-02
-1.639704e-02
-1.652344e-02
-1.676965e-02
-1.711532e-02
-1.752343e-02
-1.795040e-02
-1.839487e-02
-1.888884e-02
-1.944514e-02
-2.010138e-02
-2.084921e-02
-2.166479e-02
-2.251106e-02
-2.333399e-02
-2.411766e-02
-2.483754e-02
-2.550327e-02
-2.605344e-02
-2.640426e-02
-2.660552e-02
-2.668094e-02
-2.668533e-02
-2.669875e-02
-2.668010e-02
-2.660037e-02
-2.651095e-02
-2.640933e-02
-2.631375e-02
-2.630215e-02
-2.635116e-02
-2.644615e-02
-2.658904e-02
-2.678645e-02
-2.705912e-02
-2.734085e-02
-2.758037e-02
-2.774223e-02
-2.781643e-02
-2.787646e-02
-2.797211e-02
-2.809909e-02
-2.821638e-02
-2.828417e-02
-2.826154e-02
-2.813074e-02
-2.795907e-02
-2.777252e-02
-2.752998e-02
-2.722644e-02
-2.684675e-02
-2.637044e-02
-2.580118e-02
-2.515341e-02
-2.444131e-02
-2.368930e-02
-2.289751e-02
-2.203391e-02
-2.112411e-02
-2.016918e-02
-1.914300e-02
-1.806679e-02
-1.697565e-02
-1.594255e-02
-1.497613e-02
-1.401170e-02
-1.300643e-02
-1.197727e-02
-1.096055e-02
-9.943849e-03
-8.960810e-03
-8.059654e-03
-7.248849e-03
-6.528901e-03
-5.890818e-03
-5.362991e-03
-4.974331e-03
-4.749865e-03
-4.696084e-03
-4.775525e-03
-4.969721e-03
-5.285677e-03
-5.760473e-03
-6.456317e-03
-7.378072e-03
-8.500181e-03
-9.819292e-03
-1.131959e-02
-1.296898e-02
-1.470312e-02
-1.644245e-02
-1.815504e-02
-1.980259e-02
-2.138407e-02
-2.290684e-02
-2.433310e-02
-2.564349e-02
-2.682335e-02
-2.785265e-02
-2.874960e-02
-2.952617e-02
-3.015942e-02
-3.062502e-02
-3.096037e-02
-3.118866e-02
-3.122602e-02
-3.111550e-02
-3.094868e-02
-3.073578e-02
-3.052647e-02
-3.033411e-02
-3.013200e-02
-2.993806e-02
-2.979522e-02
-2.970105e-02
-2.961826e-02
-2.949862e-02
-2.932288e-02
-2.906469e-02
-2.871408e-02
-2.831445e-02
-2.786748e-02
-2.731681e-02
-2.662843e-02
-2.579599e-02
-2.480114e-02
-2.368132e-02
-2.252393e-02
-2.138710e-02
-2.025489e-02
-1.910549e-02
-1.796469e-02
-1.683729e-02
-1.575432e-02
-1.476203e-02
-1.388006e-02
-1.311872e-02
-1.246239e-02
-1.190877e-02
-1.144645e-02
-1.108222e-02
-1.082362e-02
-1.066964e-02
-1.062616e-02
-1.064157e-02
-1.065257e-02
-1.063334e-02
-1.060108e-02
-1.051944e-02
-1.030996e-02
-1.000380e-02
-9.660054e-03
-9.302070e-03
-8.939644e-03
-8.511401e-03
-7.946425e-03
-7.266035e-03
-6.531613e-03
-5.765826e-03
-5.007764e-03
-4.283454e-03
-3.572669e-03
-2.869741e-03
-2.202723e-03
-1.598148e-03
-1.060556e-03
-6.040143e-04
-2.170325e-04
1.282817e-04
4.782179e-04
8.818575e-04
1.307579e-03
1.713147e-03
2.060520e-03
2.358335e-03
2.614662e-03
2.781007e-03
2.868894e-03
2.864339e-03
2.733936e-03
2.449261e-03
1.986721e-03
1.428624e-03
8.050009e-04
7.841444e-05
-7.539668e-04
-1.720372e-03
-2.834065e-03
-4.080969e-03
-5.433903e-03
-6.826291e-03
-8.190590e-03
-9.476720e-03
-1.070764e-02
-1.188664e-02
-1.299979e-02
-1.406169e-02
-1.500885e-02
-1.581737e-02
-1.649130e-02
-1.704192e-02
-1.751100e-02
-1.789594e-02
-1.822905e-02
-1.854312e-02
-1.884410e-02
-1.912149e-02
-1.937291e-02
-1.961668e-02
-1.981237e-02
-1.999159e-02
-2.020197e-02
-2.044747e-02
-2.073528e-02
-2.102113e-02
-2.130335e-02
-2.159510e-02
-2.188518e-02
-2.224332e-02
-2.270693e-02
-2.322330e-02
-2.373503e-02
-2.421763e-02
-2.473059e-02
-2.532069e-02
-2.595994e-02
-2.660860e-02
-2.724712e-02
-2.788170e-02
-2.852119e-02
-2.918027e-02
-2.985886e-02
-3.055681e-02
-3.127266e-02
-3.196709e-02
-3.262377e-02
-3.322878e-02
-3.377452e-02
-3.431068e-02
-3.486422e-02
-3.539476e-02
-3.583318e-02
-3.615408e-02
-3.636285e-02
-3.647324e-02
-3.648631e-02
-3.641458e-02
-3.630307e-02
-3.616363e-02
-3.596561e-02
-3.571001e-02
-3.543580e-02
-3.514327e-02
-3.485135e-02
-3.458448e-02
-3.432364e-02
-3.405688e-02
-3.375812e-02
-3.345791e-02
-3.319433e-02
-3.293589e-02
-3.265435e-02
-3.227615e-02
-3.172739e-02
-3.093208e-02
-2.978378e-02
-2.828287e-02
-2.649532e-02
-2.445294e-02
-2.217681e-02
-1.968685e-02
-1.702943e-02
-1.428310e-02
-1.152455e-02
-8.804074e-03
-6.140280e-03
-3.549383e-03
-1.037856e-03
1.376792e-03
3.649714e-03
5.798713e-03
7.834201e-03
9.685711e-03
1.133901e-02
1.287016e-02
1.434071e-02
1.570409e-02
1.691171e-02
1.799969e-02
1.893646e-02
1.969800e-02
2.029792e-02
2.076511e-02
2.115390e-02
2.148913e-02
2.174743e-02
2.193028e-02
2.209996e-02
2.224756e-02
2.234346e-02
2.241691e-02
2.245366e-02
2.240364e-02
2.226935e-02
2.210350e-02
2.189127e-02
2.163821e-02
2.139029e-02
2.110221e-02
2.073871e-02
2.034917e-02
1.999532e-02
1.970380e-02
1.941358e-02
1.906263e-02
1.866793e-02
1.823344e-02
1.776582e-02
1.728206e-02
1.679563e-02
1.630573e-02
1.578848e-02
1.527529e-02
1.479927e-02
1.435654e-02
1.398111e-02
1.371168e-02
1.352653e-02
1.341218e-02
1.337101e-02
1.336193e-02
1.336296e-02
1.336101e-02
1.334775e-02
1.333692e-02
1.330579e-02
1.323615e-02
1.314882e-02
1.306344e-02
1.295050e-02
1.275618e-02
1.245140e-02
1.204968e-02
1.157788e-02
1.105529e-02
1.053108e-02
1.003978e-02
9.576578e-03
9.165765e-03
8.869170e-03
8.743123e-03
8.795399e-03
9.023130e-03
9.412476e-03
9.963346e-03
1.068951e-02
1.159487e-02
1.265843e-02
1.386075e-02
1.518556e-02
1.656957e-02
1.797761e-02
1.938518e-02
2.073561e-02
2.200138e-02
2.314865e-02
2.414873e-02
2.504392e-02
2.587207e-02
2.661726e-02
2.728735e-02
2.790385e-02
2.846953e-02
2.895500e-02
2.934615e-02
2.966114e-02
2.990303e-02
3.010031e-02
3.030577e-02
3.052479e-02
3.075047e-02
3.100132e-02
3.127539e-02
3.156374e-02
3.186271e-02
3.210173e-02
3.222945e-02
3.224076e-02
3.209065e-02
3.174919e-02
3.117292e-02
3.034430e-02
2.926520e-02
2.794149e-02
2.641581e-02
2.470134e-02
2.280942e-02
2.076181e-02
1.860476e-02
1.639246e-02
1.416806e-02
1.199225e-02
9.919650e-03
8.002135e-03
6.284736e-03
4.784589e-03
3.528197e-03
2.504985e-03
1.660204e-03
9.831064e-04
4.421887e-04
-7.113961e-06
-3.576396e-04
-5.848987e-04
-6.899878e-04
-7.101478e-04
-6.623373e-04
-5.634638e-04
-4.356950e-04
-3.073633e-04
-1.962579e-04
-3.269865e-05
1.880697e-04
4.255150e-04
6.524492e-04
8.447228e-04
1.001854e-03
1.113900e-03
1.269219e-03
1.543428e-03
1.908597e-03
2.339463e-03
2.797201e-03
3.278123e-03
3.810673e-03
4.414950e-03
5.034444e-03
5.581359e-03
6.007197e-03
6.318569e-03
6.554083e-03
6.700034e-03
6.771391e-03
6.770559e-03
6.645251e-03
6.379293e-03
5.986789e-03
5.519941e-03
5.023893e-03
4.501271e-03
3.930716e-03
3.280618e-03
2.543154e-03
1.724469e-03
8.740989e-04
4.074826e-05
-7.601442e-04
-1.500087e-03
-2.197560e-03
-2.896342e-03
-3.560071e-03
-4.152926e-03
-4.663183e-03
-5.106790e-03
-5.529351e-03
-5.942184e-03
-6.338286e-03
-6.683546e-03
-6.978106e-03
-7.247566e-03
-7.477850e-03
-7.686940e-03
-7.876864e-03
-8.027076e-03
-8.164409e-03
-8.279310e-03
-8.349891e-03
-8.374595e-03
-8.362085e-03
-8.305151e-03
-8.197049e-03
-8.048690e-03
-7.861674e-03
-7.675131e-03
-7.528472e-03
-7.417983e-03
-7.338612e-03
-7.272249e-03
-7.202470e-03
-7.108275e-03
-6.984106e-03
-6.871812e-03
-6.792034e-03
-6.774104e-03
-6.863441e-03
-7.040715e-03
-7.278635e-03
-7.542899e-03
-7.812480e-03
-8.068837e-03
-8.283665e-03
-8.490650e-03
-8.692721e-03
-8.891426e-03
-9.106441e-03
-9.336860e-03
-9.601199e-03
-9.898431e-03
-1.021041e-02
-1.051022e-02
-1.082104e-02
-1.116959e-02
-1.151706e-02
-1.185715e-02
-1.223596e-02
-1.266844e-02
-1.315293e-02
-1.368852e-02
-1.423776e-02
-1.477719e-02
-1.529743e-02
-1.580704e-02
-1.632177e-02
-1.678982e-02
-1.716600e-02
-1.745857e-02
-1.767971e-02
-1.783374e-02
-1.793041e-02
-1.796484e-02
-1.790008e-02
-1.770532e-02
-1.739036e-02
-1.703206e-02
-1.669776e-02
-1.641326e-02
-1.618684e-02
-1.600468e-02
-1.586559e-02
-1.576204e-02
-1.569683e-02
-1.568317e-02
-1.570540e-02
-1.572927e-02
-1.573436e-02
-1.573711e-02
-1.573250e-02
-1.567438e-02
-1.559974e-02
-1.554839e-02
-1.542240e-02
-1.518332e-02
-1.483910e-02
-1.441066e-02
-1.396312e-02
-1.349708e-02
-1.303665e-02
-1.258454e-02
-1.211379e-02
-1.162455e-02
-1.111541e-02
-1.061161e-02
-1.011688e-02
-9.664601e-03
-9.304618e-03
-9.008591e-03
-8.760467e-03
-8.513776e-03
-8.206537e-03
-7.865996e-03
-7.489671e-03
-7.078816e-03
-6.637516e-03
-6.123706e-03
-5.527250e-03
-4.850482e-03
-4.113103e-03
-3.362001e-03
-2.635051e-03
-1.953441e-03
-1.309034e-03
-6.923174e-04
-8.663446e-05
5.092980e-04
1.088460e-03
1.673266e-03
2.240223e-03
2.733296e-03
3.128423e-03
3.441536e-03
3.698659e-03
3.896887e-03
4.032455e-03
4.117451e-03
4.170287e-03
4.161647e-03
4.068496e-03
3.911748e-03
3.681190e-03
3.357309e-03
2.922099e-03
2.361637e-03
1.679976e-03
8.752473e-04
-2.898776e-05
-9.842761e-04
-1.965008e-03
-2.974619e-03
-4.002789e-03
-5.062175e-03
-6.189720e-03
-7.380059e-03
-8.586815e-03
-9.758183e-03
-1.085102e-02
-1.184195e-02
-1.273497e-02
-1.354961e-02
-1.425705e-02
-1.483876e-02
-1.531753e-02
-1.569393e-02
-1.599247e-02
-1.623041e-02
-1.637849e-02
-1.638308e-02
-1.617813e-02
-1.570891e-02
-1.493902e-02
-1.389882e-02
-1.266291e-02
-1.129482e-02
-9.804940e-03
-8.152630e-03
-6.348772e-03
-4.474911e-03
-2.600743e-03
-7.695371e-04
9.924516e-04
2.672183e-03
4.303445e-03
5.900743e-03
7.425659e-03
8.863165e-03
1.019139e-02
1.142544e-02
1.258887e-02
1.371418e-02
1.484634e-02
1.592188e-02
1.685701e-02
1.758485e-02
1.808769e-02
1.840293e-02
1.855899e-02
1.858825e-02
1.852609e-02
1.837968e-02
1.812165e-02
1.776340e-02
1.735127e-02
1.691413e-02
1.643819e-02
1.591862e-02
1.537986e-02
1.485935e-02
1.439246e-02
1.403025e-02
1.384167e-02
1.384544e-02
1.401775e-02
1.428511e-02
1.459061e-02
1.490831e-02
1.522781e-02
1.558045e-02
1.597581e-02
1.642668e-02
1.688915e-02
1.729918e-02
1.768205e-02
1.804210e-02
1.837498e-02
1.869718e-02
1.899185e-02
1.924099e-02
1.943600e-02
1.960301e-02
1.978949e-02
2.002387e-02
2.030191e-02
2.056746e-02
2.076944e-02
2.090594e-02
2.099708e-02
2.104204e-02
2.107854e-02
2.113772e-02
2.121597e-02
2.126506e-02
2.123362e-02
2.118186e-02
2.110211e-02
2.096038e-02
2.078149e-02
2.052181e-02
2.010009e-02
1.950227e-02
1.885068e-02
1.827962e-02
1.782651e-02
1.743466e-02
1.699853e-02
1.649126e-02
1.592461e-02
1.534029e-02
1.480994e-02
1.436265e-02
1.395068e-02
1.350622e-02
1.301283e-02
1.246600e-02
1.191666e-02
1.140551e-02
1.092133e-02
1.043490e-02
9.899517e-03
9.311163e-03
8.686038e-03
8.070067e-03
7.529991e-03
7.079156e-03
6.658402e-03
6.200581e-03
5.703793e-03
5.224770e-03
4.816849e-03
4.490079e-03
4.235076e-03
4.045374e-03
3.866486e-03
3.663974e-03
3.453911e-03
3.276667e-03
3.145470e-03
2.988012e-03
2.744816e-03
2.396080e-03
1.948477e-03
1.479749e-03
1.049835e-03
6.908267e-04
4.219590e-04
2.483512e-04
1.857621e-04
2.202007e-04
3.547007e-04
5.640902e-04
7.938534e-04
1.032179e-03
1.285076e-03
1.589265e-03
2.020926e-03
2.629771e-03
3.362838e-03
4.138698e-03
4.902618e-03
5.602513e-03
6.207099e-03
6.682735e-03
7.004285e-03
7.205359e-03
7.321337e-03
7.399572e-03
7.520992e-03
7.690664e-03
7.872484e-03
8.000254e-03
7.996368e-03
7.869410e-03
7.692264e-03
7.521605e-03
7.394568e-03
7.338725e-03
7.336495e-03
7.377473e-03
7.461455e-03
7.596692e-03
7.800398e-03
8.050511e-03
8.320977e-03
8.608526e-03
8.944000e-03
9.344280e-03
9.775982e-03
1.021405e-02
1.061153e-02
1.091239e-02
1.110677e-02
1.121930e-02
1.132251e-02
1.144862e-02
1.161321e-02
1.186441e-02
1.224362e-02
1.275197e-02
1.329511e-02
1.380622e-02
1.427849e-02
1.472561e-02
1.523898e-02
1.585232e-02
1.656084e-02
1.732078e-02
1.809070e-02
1.890121e-02
1.973476e-02
2.056321e-02
2.135626e-02
2.206273e-02
2.263343e-02
2.305750e-02
2.338133e-02
2.363492e-02
2.382951e-02
2.395793e-02
2.402676e-02
2.403520e-02
2.398318e-02
2.394354e-02
2.396889e-02
2.405920e-02
2.423882e-02
2.452438e-02
2.488528e-02
2.529341e-02
2.574177e-02
2.623236e-02
2.676009e-02
2.730310e-02
2.783327e-02
2.831761e-02
2.873480e-02
2.908655e-02
2.936482e-02
2.957327e-02
2.973438e-02
2.981490e-02
2.976996e-02
2.962484e-02
2.935469e-02
2.889894e-02
2.827259e-02
2.749543e-02
2.662870e-02
2.573143e-02
2.481216e-02
2.389473e-02
2.299469e-02
2.214871e-02
2.141036e-02
2.077897e-02
2.022230e-02
1.972669e-02
1.926209e-02
1.881322e-02
1.840809e-02
1.806808e-02
1.778839e-02
1.753039e-02
1.727088e-02
1.703754e-02
1.686433e-02
1.677033e-02
1.676736e-02
1.683511e-02
1.698190e-02
1.718411e-02
1.738905e-02
1.761231e-02
1.787649e-02
1.818344e-02
1.850822e-02
1.886025e-02
1.927987e-02
1.977024e-02
2.033041e-02
2.092991e-02
2.150743e-02
2.202450e-02
2.248886e-02
2.291170e-02
2.328170e-02
2.356460e-02
2.374402e-02
2.383238e-02
2.389147e-02
2.401085e-02
2.422428e-02
2.449804e-02
2.478118e-02
2.505812e-02
2.534478e-02
2.564191e-02
2.598801e-02
2.646685e-02
2.709001e-02
2.780919e-02
2.858717e-02
2.943879e-02
3.036742e-02
3.131758e-02
3.227570e-02
3.320754e-02
3.404648e-02
3.475781e-02
3.531638e-02
3.576257e-02
3.615463e-02
3.654762e-02
3.692748e-02
3.721536e-02
3.740907e-02
3.750531e-02
3.754438e-02
3.757324e-02
3.761507e-02
3.765308e-02
3.759482e-02
3.743921e-02
3.722469e-02
3.700782e-02
3.683769e-02
3.671858e-02
3.661292e-02
3.642075e-02
3.614728e-02
3.583589e-02
3.551945e-02
3.521874e-02
3.491762e-02
3.458275e-02
3.414989e-02
3.364025e-02
3.311963e-02
3.261488e-02
3.210712e-02
3.157483e-02
3.099959e-02
3.036472e-02
2.970736e-02
2.906944e-02
2.844124e-02
2.780801e-02
2.719008e-02
2.658369e-02
2.595367e-02
2.531092e-02
2.469489e-02
2.413279e-02
2.357572e-02
2.298093e-02
2.237529e-02
2.179203e-02
2.126100e-02
2.077628e-02
2.031281e-02
1.987982e-02
1.951858e-02
1.928000e-02
1.918050e-02
1.920661e-02
1.934274e-02
1.960114e-02
1.999911e-02
2.053705e-02
2.121568e-02
2.199423e-02
2.280160e-02
2.362710e-02
2.448330e-02
2.535582e-02
2.621601e-02
2.705988e-02
2.790347e-02
2.875109e-02
2.956712e-02
3.032307e-02
3.100196e-02
3.156875e-02
3.202326e-02
3.238013e-02
3.263274e-02
3.278153e-02
3.282452e-02
3.276337e-02
3.259760e-02
3.232631e-02
3.195570e-02
3.148824e-02
3.092926e-02
3.028006e-02
2.953927e-02
2.871403e-02
2.780297e-02
2.684521e-02
2.586112e-02
2.486614e-02
2.392435e-02
2.300962e-02
2.206891e-02
2.113471e-02
2.024112e-02
1.943228e-02
1.875795e-02
1.823500e-02
1.780476e-02
1.740282e-02
1.704806e-02
1.678107e-02
1.662351e-02
1.653668e-02
1.641163e-02
1.619793e-02
1.588118e-02
1.546050e-02
1.497268e-02
1.444174e-02
1.383931e-02
1.313163e-02
1.232726e-02
1.142238e-02
1.040859e-02
9.299412e-03
8.138774e-03
6.952658e-03
5.723577e-03
4.486610e-03
3.274782e-03
2.082626e-03
9.416077e-04
-1.100234e-04
-1.074671e-03
-1.972036e-03
-2.808884e-03
-3.591384e-03
-4.317366e-03
-4.997578e-03
-5.620253e-03
-6.173138e-03
-6.688229e-03
-7.185995e-03
-7.669510e-03
-8.142538e-03
-8.617227e-03
-9.128299e-03
-9.697986e-03
-1.032904e-02
-1.102452e-02
-1.174674e-02
-1.248358e-02
-1.323785e-02
-1.400693e-02
-1.478956e-02
-1.555286e-02
-1.627521e-02
-1.696407e-02
-1.765341e-02
-1.832486e-02
-1.894651e-02
-1.953236e-02
-2.003580e-02
-2.045329e-02
-2.080501e-02
-2.109293e-02
-2.134043e-02
-2.152565e-02
-2.166557e-02
-2.181576e-02
-2.200963e-02
-2.222526e-02
-2.243566e-02
-2.262585e-02
-2.276545e-02
-2.283569e-02
-2.285971e-02
-2.286485e-02
-2.282338e-02
-2.272465e-02
-2.258750e-02
-2.238941e-02
-2.210947e-02
-2.179828e-02
-2.148114e-02
-2.112885e-02
-2.075327e-02
-2.036893e-02
-1.996124e-02
-1.953797e-02
-1.914391e-02
-1.882601e-02
-1.861019e-02
-1.846749e-02
-1.837593e-02
-1.836657e-02
-1.841289e-02
-1.853879e-02
-1.877252e-02
-1.908259e-02
-1.945308e-02
-1.982903e-02
-2.019689e-02
-2.056737e-02
-2.091986e-02
-2.126383e-02
-2.161382e-02
-2.193465e-02
-2.218623e-02
-2.235971e-02
-2.245120e-02
-2.251089e-02
-2.257441e-02
-2.260786e-02
-2.258387e-02
-2.248726e-02
-2.233171e-02
-2.216493e-02
-2.201256e-02
-2.186688e-02
-2.170866e-02
-2.153061e-02
-2.133025e-02
-2.111748e-02
-2.089817e-02
-2.068302e-02
-2.048505e-02
-2.023172e-02
-1.987882e-02
-1.945682e-02
-1.899678e-02
-1.852467e-02
-1.803295e-02
-1.750161e-02
-1.694069e-02
-1.637654e-02
-1.581244e-02
-1.526630e-02
-1.475302e-02
-1.427618e-02
-1.386648e-02
-1.353273e-02
-1.326152e-02
-1.306423e-02
-1.295122e-02
-1.290267e-02
-1.291353e-02
-1.298125e-02
-1.307376e-02
-1.319972e-02
-1.339880e-02
-1.367028e-02
-1.400805e-02
-1.439936e-02
-1.481828e-02
-1.523445e-02
-1.559600e-02
-1.587791e-02
-1.607189e-02
-1.616315e-02
-1.617634e-02
-1.615474e-02
-1.609111e-02
-1.598011e-02
-1.584656e-02
-1.570245e-02
-1.555292e-02
-1.538142e-02
-1.517296e-02
-1.491608e-02
-1.460310e-02
-1.426699e-02
-1.394111e-02
-1.366234e-02
-1.343885e-02
-1.323201e-02
-1.307003e-02
-1.296208e-02
-1.282911e-02
-1.261581e-02
-1.229110e-02
-1.186788e-02
-1.138701e-02
-1.088406e-02
-1.038988e-02
-9.893800e-03
-9.408181e-03
-8.976845e-03
-8.625926e-03
-8.346198e-03
-8.115619e-03
-7.959344e-03
-7.892544e-03
-7.902114e-03
-7.969745e-03
-8.077531e-03
-8.239213e-03
-8.454903e-03
-8.729340e-03
-9.061121e-03
-9.420304e-03
-9.799110e-03
-1.019655e-02
-1.062305e-02
-1.109603e-02
-1.167655e-02
-1.241614e-02
-1.328596e-02
-1.421528e-02
-1.511229e-02
-1.593327e-02
-1.669747e-02
-1.741945e-02
-1.808105e-02
-1.866311e-02
-1.918423e-02
-1.969399e-02
-2.023480e-02
-2.081592e-02
-2.142103e-02
-2.204501e-02
-2.270923e-02
-2.340542e-02
-2.411036e-02
-2.480596e-02
-2.550303e-02
-2.624396e-02
-2.704021e-02
-2.787954e-02
-2.872398e-02
-2.955623e-02
-3.039371e-02
-3.123053e-02
-3.203081e-02
-3.278554e-02
-3.349477e-02
-3.415301e-02
-3.480585e-02
-3.545989e-02
-3.610305e-02
-3.675790e-02
-3.742088e-02
-3.804571e-02
-3.861495e-02
-3.913975e-02
-3.962716e-02
-4.009104e-02
-4.050738e-02
-4.086190e-02
-4.115936e-02
-4.143036e-02
-4.170229e-02
-4.193387e-02
-4.213647e-02
-4.232837e-02
-4.247945e-02
-4.258426e-02
-4.263142e-02
-4.262196e-02
-4.257876e-02
-4.250780e-02
-4.241985e-02
-4.231658e-02
-4.221127e-02
-4.212624e-02
-4.204982e-02
-4.195677e-02
-4.183897e-02
-4.168349e-02
-4.149054e-02
-4.127151e-02
-4.101963e-02
-4.074726e-02
-4.046050e-02
-4.017447e-02
-3.990563e-02
-3.964354e-02
-3.938562e-02
-3.912437e-02
-3.885780e-02
-3.855637e-02
-3.819425e-02
-3.775208e-02
-3.721876e-02
-3.662324e-02
-3.597748e-02
-3.528892e-02
-3.453794e-02
-3.369044e-02
-3.276117e-02
-3.176366e-02
-3.071712e-02
-2.964150e-02
-2.853327e-02
-2.738154e-02
-2.617288e-02
-2.491192e-02
-2.364336e-02
-2.240839e-02
-2.121164e-02
-2.006800e-02
-1.899932e-02
-1.801777e-02
-1.711975e-02
-1.630790e-02
-1.559947e-02
-1.501207e-02
-1.456127e-02
-1.424519e-02
-1.405118e-02
-1.396772e-02
-1.398800e-02
-1.409131e-02
-1.423236e-02
-1.439857e-02
-1.456373e-02
-1.471151e-02
-1.486367e-02
-1.502110e-02
-1.518058e-02
-1.534803e-02
-1.554045e-02
-1.576176e-02
-1.600058e-02
-1.624072e-02
-1.645322e-02
-1.660081e-02
-1.664853e-02
-1.660757e-02
-1.648715e-02
-1.630380e-02
-1.608149e-02
-1.582792e-02
-1.551872e-02
-1.513363e-02
-1.469370e-02
-1.419835e-02
-1.366691e-02
-1.311092e-02
-1.255294e-02
-1.202655e-02
-1.142702e-02
-1.073315e-02
-1.005716e-02
-9.454192e-03
-8.922388e-03
-8.443498e-03
-8.013732e-03
-7.607861e-03
-7.233901e-03
-6.902290e-03
-6.611181e-03
-6.392214e-03
-6.248410e-03
-6.146300e-03
-6.051621e-03
-5.961503e-03
-5.894113e-03
-5.851568e-03
-5.856617e-03
-5.909004e-03
-5.950878e-03
-5.933978e-03
-5.850273e-03
-5.711424e-03
-5.528714e-03
-5.313165e-03
-5.097063e-03
-4.892021e-03
-4.676525e-03
-4.431666e-03
-4.171198e-03
-3.933293e-03
-3.744681e-03
-3.633736e-03
-3.634869e-03
-3.748827e-03
-3.973632e-03
-4.321677e-03
-4.802637e-03
-5.403455e-03
-6.101408e-03
-6.891493e-03
-7.727792e-03
-8.553138e-03
-9.346609e-03
-1.008714e-02
-1.079038e-02
-1.144523e-02
-1.202013e-02
-1.252408e-02
-1.293731e-02
-1.324158e-02
-1.343736e-02
-1.353974e-02
-1.356322e-02
-1.352511e-02
-1.345091e-02
-1.333566e-02
-1.317421e-02
-1.295098e-02
-1.264579e-02
-1.226994e-02
-1.183703e-02
-1.136756e-02
-1.087052e-02
-1.035258e-02
-9.833453e-03
-9.305303e-03
-8.756621e-03
-8.182907e-03
-7.574421e-03
-6.917982e-03
-6.195226e-03
-5.402007e-03
-4.541499e-03
-3.609692e-03
-2.601279e-03
-1.514110e-03
-3.824103e-04
7.611227e-04
1.914633e-03
3.043618e-03
4.134962e-03
5.195330e-03
6.218936e-03
7.173547e-03
8.028773e-03
8.801728e-03
9.497297e-03
1.012235e-02
1.069077e-02
1.120252e-02
1.164896e-02
1.201784e-02
1.230348e-02
1.249775e-02
1.258561e-02
1.256103e-02
1.244406e-02
1.226361e-02
1.205672e-02
1.185779e-02
1.168885e-02
1.154921e-02
1.143805e-02
1.135431e-02
1.129117e-02
1.125071e-02
1.123465e-02
1.122580e-02
1.123903e-02
1.128029e-02
1.133991e-02
1.143006e-02
1.150424e-02
1.153182e-02
1.151097e-02
1.143188e-02
1.133309e-02
1.120250e-02
1.103206e-02
1.085985e-02
1.068482e-02
1.050749e-02
1.033887e-02
1.019350e-02
1.006812e-02
9.955501e-03
9.857083e-03
9.775923e-03
9.740362e-03
9.742171e-03
9.772299e-03
9.822170e-03
9.850872e-03
9.829429e-03
9.752717e-03
9.636931e-03
9.447568e-03
9.140626e-03
8.739926e-03
8.251179e-03
7.645363e-03
6.925475e-03
6.119711e-03
5.263811e-03
4.412270e-03
3.591365e-03
2.802630e-03
2.029489e-03
1.216264e-03
3.669354e-04
-4.710319e-04
-1.293415e-03
-2.090816e-03
-2.863194e-03
-3.608459e-03
-4.291798e-03
-4.894468e-03
-5.410919e-03
-5.816682e-03
-6.118767e-03
-6.354638e-03
-6.573345e-03
-6.798240e-03
-7.008412e-03
-7.186509e-03
-7.313208e-03
-7.381650e-03
-7.443375e-03
-7.537266e-03
-7.673708e-03
-7.837505e-03
-8.008524e-03
-8.212330e-03
-8.483146e-03
-8.832487e-03
-9.252661e-03
-9.709559e-03
-1.014880e-02
-1.054914e-02
-1.093252e-02
-1.129222e-02
-1.164743e-02
-1.201256e-02
-1.236509e-02
-1.265644e-02
-1.284582e-02
-1.295163e-02
-1.297950e-02
-1.290567e-02
-1.269967e-02
-1.234378e-02
-1.188070e-02
-1.136834e-02
-1.085498e-02
-1.036736e-02
-9.895973e-03
-9.429589e-03
-8.965020e-03
-8.527843e-03
-8.146925e-03
-7.830173e-03
-7.580646e-03
-7.392279e-03
-7.229063e-03
-7.050074e-03
-6.829407e-03
-6.555492e-03
-6.249477e-03
-5.927854e-03
-5.567154e-03
-5.167777e-03
-4.735111e-03
-4.245403e-03
-3.701119e-03
-3.116856e-03
-2.509851e-03
-1.874558e-03
-1.166652e-03
-4.010684e-04
3.820784e-04
1.149139e-03
1.857627e-03
2.485512e-03
3.031770e-03
3.505793e-03
3.898329e-03
4.189259e-03
4.362357e-03
4.440626e-03
4.474048e-03
4.487009e-03
4.482570e-03
4.437223e-03
4.320194e-03
4.150160e-03
3.946053e-03
3.722017e-03
3.497970e-03
3.290453e-03
3.090794e-03
2.873201e-03
2.649594e-03
2.418857e-03
2.164389e-03
1.860510e-03
1.498711e-03
1.106298e-03
6.947174e-04
2.823448e-04
-1.377422e-04
-6.158199e-04
-1.187474e-03
-1.868369e-03
-2.642474e-03
-3.500125e-03
-4.414568e-03
-5.351290e-03
-6.305349e-03
-7.249764e-03
-8.165534e-03
-9.044631e-03
-9.878636e-03
-1.065440e-02
-1.136735e-02
-1.202893e-02
-1.265951e-02
-1.325855e-02
-1.378605e-02
-1.422219e-02
-1.456382e-02
-1.480150e-02
-1.491079e-02
-1.489886e-02
-1.479142e-02
-1.457557e-02
-1.426571e-02
-1.386094e-02
-1.335059e-02
-1.275901e-02
-1.212668e-02
-1.150144e-02
-1.088469e-02
-1.024587e-02
-9.575623e-03
-8.878418e-03
-8.153308e-03
-7.412702e-03
-6.686428e-03
-5.995601e-03
-5.344965e-03
-4.735919e-03
-4.185777e-03
-3.694169e-03
-3.279377e-03
-2.977970e-03
-2.792107e-03
-2.726074e-03
-2.761070e-03
-2.849489e-03
-2.972595e-03
-3.103012e-03
-3.227887e-03
-3.353867e-03
-3.475720e-03
-3.619751e-03
-3.799852e-03
-3.984849e-03
-4.137126e-03
-4.261458e-03
-4.401087e-03
-4.532398e-03
-4.628929e-03
-4.721241e-03
-4.812565e-03
-4.910345e-03
-5.030376e-03
-5.203966e-03
-5.456492e-03
-5.761122e-03
-6.081744e-03
-6.389241e-03
-6.688678e-03
-7.007045e-03
-7.364490e-03
-7.771691e-03
-8.205709e-03
-8.646844e-03
-9.076560e-03
-9.480536e-03
-9.877756e-03
-1.027729e-02
-1.063946e-02
-1.089454e-02
-1.100870e-02
-1.100443e-02
-1.091122e-02
-1.073453e-02
-1.049641e-02
-1.022243e-02
-9.908881e-03
-9.517658e-03
-9.070985e-03
-8.622097e-03
-8.181710e-03
-7.751704e-03
-7.295529e-03
-6.781556e-03
-6.198630e-03
-5.550443e-03
-4.880410e-03
-4.235172e-03
-3.666764e-03
-3.169841e-03
-2.721763e-03
-2.340415e-03
-2.037162e-03
-1.794867e-03
-1.588348e-03
-1.420818e-03
-1.295764e-03
-1.193114e-03
-1.072556e-03
-9.422259e-04
-8.428343e-04
-7.846279e-04
-7.799326e-04
-8.169304e-04
-8.768054e-04
-9.591463e-04
-1.065471e-03
-1.222709e-03
-1.455814e-03
-1.764403e-03
-2.145195e-03
-2.560861e-03
-2.975219e-03
-3.387122e-03
-3.810452e-03
-4.264996e-03
-4.748280e-03
-5.234573e-03
-5.681680e-03
-6.065983e-03
-6.393229e-03
-6.676860e-03
-6.944413e-03
-7.209308e-03
-7.464190e-03
-7.670708e-03
-7.811341e-03
-7.890522e-03
-7.907783e-03
-7.889824e-03
-7.853026e-03
-7.775416e-03
-7.629262e-03
-7.401358e-03
-7.106646e-03
-6.783142e-03
-6.506598e-03
-6.334913e-03
-6.245882e-03
-6.203330e-03
-6.200748e-03
-6.200606e-03
-6.175079e-03
-6.131050e-03
-6.073831e-03
-5.985987e-03
-5.826880e-03
-5.573836e-03
-5.229055e-03
-4.819519e-03
-4.401449e-03
-3.995599e-03
-3.575060e-03
-3.113920e-03
-2.590245e-03
-2.005631e-03
-1.395256e-03
-7.942280e-04
-2.260435e-04
3.279268e-04
8.782635e-04
1.399044e-03
1.867626e-03
2.265531e-03
2.597010e-03
2.858559e-03
3.050537e-03
3.187281e-03
3.260176e-03
3.249988e-03
3.141514e-03
2.925449e-03
2.607258e-03
2.219031e-03
1.753260e-03
1.212715e-03
6.389269e-04
4.848683e-05
-5.372638e-04
-1.129629e-03
-1.723834e-03
-2.302161e-03
-2.893001e-03
-3.485318e-03
-4.016010e-03
-4.463308e-03
-4.864690e-03
-5.254522e-03
-5.648020e-03
-6.042708e-03
-6.425086e-03
-6.761399e-03
-7.038388e-03
-7.290827e-03
-7.582958e-03
-7.961219e-03
-8.410204e-03
-8.877547e-03
-9.301078e-03
-9.676637e-03
-1.003499e-02
-1.039925e-02
-1.081237e-02
-1.126151e-02
-1.168903e-02
-1.204311e-02
-1.227339e-02
-1.240398e-02
-1.247788e-02
-1.251692e-02
-1.253242e-02
-1.249580e-02
-1.235816e-02
-1.208198e-02
-1.169367e-02
-1.126213e-02
-1.083035e-02
-1.040526e-02
-9.942583e-03
-9.427689e-03
-8.873316e-03
-8.269133e-03
-7.604130e-03
-6.901359e-03
-6.190343e-03
-5.432598e-03
-4.561933e-03
-3.547501e-03
-2.398718e-03
-1.154656e-03
1.519711e-04
1.512501e-03
2.919956e-03
4.363048e-03
5.858057e-03
7.410342e-03
8.976929e-03
1.052738e-02
1.206673e-02
1.357339e-02
1.501174e-02
1.639863e-02
1.775340e-02
1.905427e-02
2.026327e-02
2.137078e-02
2.238385e-02
2.331313e-02
2.414955e-02
2.488418e-02
2.554494e-02
2.614591e-02
2.667190e-02
2.712148e-02
2.754109e-02
2.797614e-02
2.840602e-02
2.881159e-02
2.920218e-02
2.958147e-02
2.995319e-02
3.030992e-02
3.062571e-02
3.089210e-02
3.108968e-02
3.121263e-02
3.131409e-02
3.141713e-02
3.150782e-02
3.156467e-02
3.156860e-02
3.150730e-02
3.140921e-02
3.132872e-02
3.127687e-02
3.119732e-02
3.102539e-02
3.075688e-02
3.041053e-02
3.002125e-02
2.963059e-02
2.921238e-02
2.872881e-02
2.817667e-02
2.756311e-02
2.689802e-02
2.620498e-02
2.550532e-02
2.478648e-02
2.403813e-02
2.322201e-02
2.231804e-02
2.138276e-02
2.048146e-02
1.964625e-02
1.886700e-02
1.813724e-02
1.745012e-02
1.680146e-02
1.622486e-02
1.572687e-02
1.527517e-02
1.483469e-02
1.441599e-02
1.406042e-02
1.377005e-02
1.351127e-02
1.323846e-02
1.293860e-02
1.265027e-02
1.244144e-02
1.234750e-02
1.236737e-02
1.247543e-02
1.263148e-02
1.284701e-02
1.316261e-02
1.363634e-02
1.427977e-02
1.500523e-02
1.573128e-02
1.643533e-02
1.716035e-02
1.795861e-02
1.886983e-02
1.988689e-02
2.093381e-02
2.192589e-02
2.283444e-02
2.368142e-02
2.449288e-02
2.527436e-02
2.601186e-02
2.666952e-02
2.722039e-02
2.765274e-02
2.798380e-02
2.827489e-02
2.856921e-02
2.885195e-02
2.909887e-02
2.928440e-02
2.939931e-02
2.949808e-02
2.965352e-02
2.988191e-02
3.015558e-02
3.043652e-02
3.072130e-02
3.104534e-02
3.141438e-02
3.181005e-02
3.223834e-02
3.270217e-02
3.318595e-02
3.367423e-02
3.414500e-02
3.457697e-02
3.497027e-02
3.536201e-02
3.576937e-02
3.616433e-02
3.652580e-02
3.684375e-02
3.710460e-02
3.727162e-02
3.735314e-02
3.738762e-02
3.738574e-02
3.734857e-02
3.724353e-02
3.706784e-02
3.683503e-02
3.655015e-02
3.624702e-02
3.593332e-02
3.561398e-02
3.527519e-02
3.492107e-02
3.459699e-02
3.429766e-02
3.400339e-02
3.369973e-02
3.338439e-02
3.307601e-02
3.276212e-02
3.243093e-02
3.213505e-02
3.194883e-02
3.187451e-02
3.181341e-02
3.166872e-02
3.141493e-02
3.112511e-02
3.086413e-02
3.064258e-02
3.047703e-02
3.031661e-02
3.012594e-02
2.991409e-02
2.969299e-02
2.950196e-02
2.935168e-02
2.919876e-02
2.897438e-02
2.869731e-02
2.843146e-02
2.819633e-02
2.799721e-02
2.784028e-02
2.769016e-02
2.748259e-02
2.721638e-02
2.692602e-02
2.665806e-02
2.640736e-02
2.611165e-02
2.576310e-02
2.541573e-02
2.514349e-02
2.498722e-02
2.491857e-02
2.487152e-02
2.479907e-02
2.471917e-02
2.468169e-02
2.474399e-02
2.490254e-02
2.507965e-02
2.523108e-02
2.532077e-02
2.535043e-02
2.536322e-02
2.537842e-02
2.538376e-02
2.533688e-02
2.519366e-02
2.491686e-02
2.449361e-02
2.395682e-02
2.335657e-02
2.267790e-02
2.188634e-02
2.098523e-02
1.999687e-02
1.898080e-02
1.799270e-02
1.707038e-02
1.621642e-02
1.539514e-02
1.459025e-02
1.382736e-02
1.314069e-02
1.248886e-02
1.183914e-02
1.118405e-02
1.053794e-02
9.945427e-03
9.408820e-03
8.907562e-03
8.427630e-03
7.973581e-03
7.552650e-03
7.140757e-03
6.707770e-03
6.249427e-03
5.764692e-03
5.247902e-03
4.710139e-03
4.157933e-03
3.578800e-03
2.978498e-03
2.406668e-03
1.887441e-03
1.413059e-03
1.001838e-03
6.745639e-04
4.159103e-04
2.142299e-04
5.973274e-05
-4.946624e-05
-9.083466e-05
-9.119199e-05
-1.142831e-04
-1.690767e-04
-2.119571e-04
-1.980915e-04
-1.402654e-04
-7.156146e-05
-2.464007e-06
5.752036e-05
1.048587e-04
1.613645e-04
2.625786e-04
3.880670e-04
4.745349e-04
5.380490e-04
6.048372e-04
6.838913e-04
7.797600e-04
8.741294e-04
9.461993e-04
9.760472e-04
9.436862e-04
8.450233e-04
7.003938e-04
5.349969e-04
3.699441e-04
2.041639e-04
-4.501461e-06
-2.948456e-04
-7.018364e-04
-1.196301e-03
-1.736257e-03
-2.341207e-03
-2.963298e-03
-3.563543e-03
-4.150389e-03
-4.723078e-03
-5.314228e-03
-5.928441e-03
-6.571629e-03
-7.266972e-03
-7.984474e-03
-8.706183e-03
-9.440323e-03
-1.018157e-02
-1.092450e-02
-1.164591e-02
-1.231996e-02
-1.295511e-02
-1.359138e-02
-1.427061e-02
-1.501680e-02
-1.579165e-02
-1.652065e-02
-1.718116e-02
-1.779042e-02
-1.835693e-02
-1.890366e-02
-1.943179e-02
-1.990116e-02
-2.029123e-02
-2.060975e-02
-2.089967e-02
-2.119355e-02
-2.146317e-02
-2.165765e-02
-2.177127e-02
-2.182195e-02
-2.178820e-02
-2.166487e-02
-2.149639e-02
-2.131905e-02
-2.113537e-02
-2.092288e-02
-2.069515e-02
-2.046563e-02
-2.018969e-02
-1.984990e-02
-1.943915e-02
-1.895960e-02
-1.837156e-02
-1.760891e-02
-1.670684e-02
-1.572503e-02
-1.468707e-02
-1.359107e-02
-1.243533e-02
-1.123951e-02
-1.001701e-02
-8.775457e-03
-7.542178e-03
-6.368651e-03
-5.256210e-03
-4.159177e-03
-3.055951e-03
-1.946624e-03
-8.815645e-04
9.190887e-05
9.878865e-04
1.790779e-03
2.496945e-03
3.158842e-03
3.778141e-03
4.322033e-03
4.782630e-03
5.176867e-03
5.525228e-03
5.846334e-03
6.138318e-03
6.389740e-03
6.622238e-03
6.843268e-03
7.055780e-03
7.252702e-03
7.430357e-03
7.593567e-03
7.702400e-03
7.723787e-03
7.665338e-03
7.532849e-03
7.342268e-03
7.128640e-03
6.926504e-03
6.776069e-03
6.725737e-03
6.772519e-03
6.869005e-03
6.944026e-03
6.945221e-03
6.845808e-03
6.644009e-03
6.359309e-03
5.985501e-03
5.523105e-03
5.008206e-03
4.507017e-03
4.066089e-03
3.692956e-03
3.372024e-03
3.077076e-03
2.798499e-03
2.526957e-03
2.225904e-03
1.883911e-03
1.535627e-03
1.200014e-03
9.019896e-04
6.688453e-04
4.986761e-04
3.891433e-04
3.349529e-04
3.138744e-04
3.094221e-04
3.196179e-04
3.517730e-04
4.354844e-04
5.779207e-04
7.732803e-04
9.995153e-04
1.216683e-03
1.445050e-03
1.728007e-03
2.077955e-03
2.442349e-03
2.760897e-03
3.011799e-03
3.198261e-03
3.385014e-03
3.635338e-03
3.922151e-03
4.196796e-03
4.430614e-03
4.600059e-03
4.714051e-03
4.787404e-03
4.823376e-03
4.829710e-03
4.780078e-03
4.610448e-03
4.321992e-03
4.005788e-03
3.722662e-03
3.476432e-03
3.238963e-03
2.994365e-03
2.750417e-03
2.504991e-03
2.276362e-03
2.096927e-03
1.950196e-03
1.783443e-03
1.607118e-03
1.475546e-03
1.417972e-03
1.447424e-03
1.562025e-03
1.743259e-03
1.956796e-03
2.171999e-03
2.371372e-03
2.530522e-03
2.615586e-03
2.626595e-03
2.546238e-03
2.357794e-03
2.105779e-03
1.816828e-03
1.517692e-03
1.236812e-03
9.923434e-04
7.767692e-04
5.883492e-04
4.685348e-04
4.306189e-04
4.543869e-04
5.226091e-04
6.561614e-04
8.718987e-04
1.161189e-03
1.509750e-03
1.891044e-03
2.312440e-03
2.752591e-03
3.156447e-03
3.520415e-03
3.843681e-03
4.109109e-03
4.312514e-03
4.471678e-03
4.597166e-03
4.661581e-03
4.636809e-03
4.524012e-03
4.351922e-03
4.138547e-03
3.912809e-03
3.705915e-03
3.522823e-03
3.375987e-03
3.262784e-03
3.171105e-03
3.095671e-03
3.024780e-03
2.928121e-03
2.798535e-03
2.636628e-03
2.435317e-03
2.196104e-03
1.909925e-03
1.588135e-03
1.218210e-03
7.546882e-04
1.977121e-04
-4.214448e-04
-1.101702e-03
-1.856896e-03
-2.650116e-03
-3.459538e-03
-4.275353e-03
-5.075243e-03
-5.835497e-03
-6.512443e-03
-7.102474e-03
-7.624393e-03
-8.060250e-03
-8.394415e-03
-8.635928e-03
-8.779123e-03
-8.805300e-03
-8.718235e-03
-8.568997e-03
-8.412283e-03
-8.278465e-03
-8.192644e-03
-8.132291e-03
-8.093399e-03
-8.103143e-03
-8.180817e-03
-8.351057e-03
-8.585381e-03
-8.881558e-03
-9.265846e-03
-9.753264e-03
-1.032816e-02
-1.095033e-02
-1.161217e-02
-1.230553e-02
-1.304008e-02
-1.378455e-02
-1.451116e-02
-1.522904e-02
-1.590296e-02
-1.650737e-02
-1.706365e-02
-1.759320e-02
-1.808031e-02
-1.850786e-02
-1.885559e-02
-1.911941e-02
-1.932176e-02
-1.945778e-02
-1.954116e-02
-1.955977e-02
-1.946778e-02
-1.924983e-02
-1.890654e-02
-1.844079e-02
-1.785761e-02
-1.717783e-02
-1.641682e-02
-1.559235e-02
-1.471639e-02
-1.380240e-02
-1.288525e-02
-1.197311e-02
-1.107771e-02
-1.021098e-02
-9.344057e-03
-8.505555e-03
-7.725244e-03
-6.994182e-03
-6.297774e-03
-5.634027e-03
-5.012147e-03
-4.438150e-03
-3.932847e-03
-3.446910e-03
-2.951424e-03
-2.479416e-03
-1.988061e-03
-1.484335e-03
-1.005618e-03
-5.634413e-04
-1.628178e-04
2.485887e-04
6.810786e-04
1.093252e-03
1.459866e-03
1.779155e-03
2.050099e-03
2.254020e-03
2.379588e-03
2.429442e-03
2.398388e-03
2.274781e-03
2.062941e-03
1.796336e-03
1.522777e-03
1.284004e-03
1.098730e-03
9.573984e-04
8.156886e-04
6.491592e-04
4.593906e-04
2.362275e-04
-2.590132e-05
-3.176773e-04
-6.204386e-04
-9.034538e-04
-1.173189e-03
-1.478181e-03
-1.788817e-03
-2.065922e-03
-2.362657e-03
-2.731580e-03
-3.184282e-03
-3.705424e-03
-4.275721e-03
-4.861931e-03
-5.455527e-03
-6.061710e-03
-6.678976e-03
-7.306766e-03
-7.934209e-03
-8.546451e-03
-9.131772e-03
-9.700373e-03
-1.025131e-02
-1.080897e-02
-1.139488e-02
-1.197764e-02
-1.255275e-02
-1.311694e-02
-1.367195e-02
-1.418604e-02
-1.462407e-02
-1.498768e-02
-1.527234e-02
-1.546440e-02
-1.556786e-02
-1.561504e-02
-1.563423e-02
-1.562849e-02
-1.562545e-02
-1.565410e-02
-1.570628e-02
-1.576744e-02
-1.581490e-02
-1.584626e-02
-1.586071e-02
-1.585496e-02
-1.585299e-02
-1.588644e-02
-1.596785e-02
-1.607252e-02
-1.617314e-02
-1.628269e-02
-1.641520e-02
-1.656399e-02
-1.671414e-02
-1.685487e-02
-1.695743e-02
-1.700354e-02
-1.701616e-02
-1.699837e-02
-1.695361e-02
-1.690246e-02
-1.681765e-02
-1.666562e-02
-1.644150e-02
-1.614097e-02
-1.578176e-02
-1.539330e-02
-1.500297e-02
-1.461554e-02
-1.420002e-02
-1.374849e-02
-1.326920e-02
-1.275051e-02
-1.218379e-02
-1.157548e-02
-1.098228e-02
-1.043725e-02
-9.918504e-03
-9.397003e-03
-8.863501e-03
-8.316988e-03
-7.731428e-03
-7.091820e-03
-6.407390e-03
-5.666948e-03
-4.873110e-03
-4.052155e-03
-3.244050e-03
-2.494873e-03
-1.818618e-03
-1.214518e-03
-6.822038e-04
-1.942981e-04
2.739959e-04
7.033989e-04
1.081176e-03
1.405150e-03
1.653358e-03
1.831617e-03
1.962310e-03
2.038603e-03
2.041054e-03
1.977537e-03
1.855016e-03
1.645065e-03
1.337928e-03
9.612963e-04
5.585914e-04
1.422274e-04
-3.238211e-04
-8.638967e-04
-1.471069e-03
-2.130704e-03
-2.835716e-03
-3.549370e-03
-4.219208e-03
-4.844020e-03
-5.447520e-03
-6.038362e-03
-6.612058e-03
-7.133586e-03
-7.576469e-03
-7.937621e-03
-8.225675e-03
-8.472053e-03
-8.706198e-03
-8.927849e-03
-9.121136e-03
-9.290507e-03
-9.456714e-03
-9.625773e-03
-9.802140e-03
-9.992314e-03
-1.021785e-02
-1.048285e-02
-1.077873e-02
-1.112189e-02
-1.151010e-02
-1.190654e-02
-1.226211e-02
-1.254885e-02
-1.277273e-02
-1.293548e-02
-1.302285e-02
-1.307475e-02
-1.312185e-02
-1.316087e-02
-1.320201e-02
-1.324796e-02
-1.332881e-02
-1.343824e-02
-1.353317e-02
-1.359904e-02
-1.362128e-02
-1.358596e-02
-1.350199e-02
-1.341012e-02
-1.335187e-02
-1.335287e-02
-1.338133e-02
-1.340257e-02
-1.341707e-02
-1.343435e-02
-1.347806e-02
-1.352014e-02
-1.352439e-02
-1.350467e-02
-1.347170e-02
-1.342237e-02
-1.334192e-02
-1.324918e-02
-1.317925e-02
-1.312858e-02
-1.308935e-02
-1.307487e-02
-1.309356e-02
-1.313317e-02
-1.320288e-02
-1.331141e-02
-1.346058e-02
-1.365582e-02
-1.389999e-02
-1.420786e-02
-1.457964e-02
-1.501021e-02
-1.547874e-02
-1.595947e-02
-1.645762e-02
-1.695779e-02
-1.742910e-02
-1.786839e-02
-1.827285e-02
-1.864525e-02
-1.898329e-02
-1.929203e-02
-1.958098e-02
-1.985485e-02
-2.012370e-02
-2.037933e-02
-2.061843e-02
-2.084410e-02
-2.105374e-02
-2.124428e-02
-2.139920e-02
-2.154415e-02
-2.167639e-02
-2.178014e-02
-2.186199e-02
-2.189639e-02
-2.188900e-02
-2.185803e-02
-2.176645e-02
-2.159649e-02
-2.138653e-02
-2.113132e-02
-2.081485e-02
-2.043771e-02
-1.999451e-02
-1.950214e-02
-1.898933e-02
-1.847620e-02
-1.796596e-02
-1.748309e-02
-1.702507e-02
-1.655750e-02
-1.610630e-02
-1.570410e-02
-1.533169e-02
-1.498120e-02
-1.465659e-02
-1.434442e-02
-1.403943e-02
-1.373980e-02
-1.343866e-02
-1.313219e-02
-1.280729e-02
-1.246365e-02
-1.213298e-02
-1.181839e-02
-1.151290e-02
-1.124332e-02
-1.102429e-02
-1.083798e-02
-1.065502e-02
-1.048624e-02
-1.032815e-02
-1.014449e-02
-9.942441e-03
-9.748665e-03
-9.578090e-03
-9.438334e-03
-9.289523e-03
-9.093039e-03
-8.847964e-03
-8.554092e-03
-8.253762e-03
-7.970235e-03
-7.682112e-03
-7.395563e-03
-7.116616e-03
-6.859083e-03
-6.631834e-03
-6.445266e-03
-6.316663e-03
-6.246115e-03
-6.240027e-03
-6.316457e-03
-6.492591e-03
-6.797450e-03
-7.258051e-03
-7.879420e-03
-8.630520e-03
-9.462722e-03
-1.033405e-02
-1.120390e-02
-1.204876e-02
-1.285694e-02
-1.361751e-02
-1.431295e-02
-1.492908e-02
-1.544233e-02
-1.581984e-02
-1.606917e-02
-1.623470e-02
-1.633579e-02
-1.635560e-02
-1.629317e-02
-1.614632e-02
-1.591509e-02
-1.562444e-02
-1.531514e-02
-1.501240e-02
-1.470550e-02
-1.444236e-02
-1.426215e-02
-1.415848e-02
-1.413491e-02
-1.417163e-02
-1.425505e-02
-1.436895e-02
-1.449147e-02
-1.461780e-02
-1.473053e-02
-1.481353e-02
-1.486432e-02
-1.488511e-02
-1.488107e-02
-1.486643e-02
-1.486631e-02
-1.487835e-02
-1.487879e-02
-1.485330e-02
-1.477279e-02
-1.461328e-02
-1.439168e-02
-1.415972e-02
-1.393113e-02
-1.369674e-02
-1.345399e-02
-1.318288e-02
-1.287404e-02
-1.253814e-02
-1.220803e-02
-1.190922e-02
-1.163807e-02
-1.139521e-02
-1.115816e-02
-1.091770e-02
-1.068875e-02
-1.048195e-02
-1.033314e-02
-1.021140e-02
-1.006201e-02
-9.859314e-03
-9.592348e-03
-9.251921e-03
-8.850580e-03
-8.429311e-03
-8.013660e-03
-7.598885e-03
-7.168912e-03
-6.727065e-03
-6.275122e-03
-5.820919e-03
-5.391646e-03
-5.002364e-03
-4.648044e-03
-4.317442e-03
-4.006336e-03
-3.728506e-03
-3.493451e-03
-3.302576e-03
-3.154739e-03
-3.045558e-03
-2.979070e-03
-2.941534e-03
-2.896306e-03
-2.847574e-03
-2.846304e-03
-2.892214e-03
-2.941212e-03
-2.980577e-03
-2.997658e-03
-2.990628e-03
-2.965561e-03
-2.938625e-03
-2.905059e-03
-2.843291e-03
-2.776041e-03
-2.724363e-03
-2.678334e-03
-2.649977e-03
-2.667167e-03
-2.740921e-03
-2.860551e-03
-2.995887e-03
-3.116284e-03
-3.198693e-03
-3.237696e-03
-3.244740e-03
-3.232587e-03
-3.201471e-03
-3.171309e-03
-3.140959e-03
-3.082856e-03
-2.980508e-03
-2.811136e-03
-2.579072e-03
-2.307170e-03
-2.012174e-03
-1.704840e-03
-1.372758e-03
-1.030597e-03
-7.054661e-04
-4.035933e-04
-1.177088e-04
1.716453e-04
4.383521e-04
6.781722e-04
9.337979e-04
1.228410e-03
1.534281e-03
1.815780e-03
2.073392e-03
2.282219e-03
2.415814e-03
2.483897e-03
2.508388e-03
2.521009e-03
2.507257e-03
2.435187e-03
2.295390e-03
2.082750e-03
1.818737e-03
1.543081e-03
1.280592e-03
1.019412e-03
7.297539e-04
4.157966e-04
1.220415e-04
-8.801496e-05
-1.988428e-04
-2.143013e-04
-1.187354e-04
6.152660e-05
2.783691e-04
5.127994e-04
7.711038e-04
1.051634e-03
1.326640e-03
1.576883e-03
1.806470e-03
2.021173e-03
2.238438e-03
2.479167e-03
2.746982e-03
3.033033e-03
3.314924e-03
3.571500e-03
3.808788e-03
4.042738e-03
4.269837e-03
4.484284e-03
4.703568e-03
4.927126e-03
5.142375e-03
5.347181e-03
5.549240e-03
5.754380e-03
5.960971e-03
6.147973e-03
6.286140e-03
6.376336e-03
6.437195e-03
6.489299e-03
6.547191e-03
6.613497e-03
6.682678e-03
6.729019e-03
6.736485e-03
6.722126e-03
6.703535e-03
6.689305e-03
6.687137e-03
6.706760e-03
6.748273e-03
6.823637e-03
6.933431e-03
7.084406e-03
7.293193e-03
7.546528e-03
7.825489e-03
8.130433e-03
8.464992e-03
8.827005e-03
9.206090e-03
9.582296e-03
9.952750e-03
1.031100e-02
1.065607e-02
1.097601e-02
1.124354e-02
1.147732e-02
1.169639e-02
1.189343e-02
1.206545e-02
1.222005e-02
1.237021e-02
1.251901e-02
1.265395e-02
1.274788e-02
1.280479e-02
1.284819e-02
1.288468e-02
1.291595e-02
1.294337e-02
1.296702e-02
1.295019e-02
1.289042e-02
1.281428e-02
1.272042e-02
1.261676e-02
1.250445e-02
1.236570e-02
1.217049e-02
1.190631e-02
1.162119e-02
1.135736e-02
1.112116e-02
1.091943e-02
1.075740e-02
1.064425e-02
1.057460e-02
1.057374e-02
1.068442e-02
1.091449e-02
1.126348e-02
1.171397e-02
1.223393e-02
1.280842e-02
1.342008e-02
1.406715e-02
1.475993e-02
1.548684e-02
1.622775e-02
1.698772e-02
1.775819e-02
1.851037e-02
1.926162e-02
2.003586e-02
2.081382e-02
2.158076e-02
2.233883e-02
2.308133e-02
2.379561e-02
2.450197e-02
2.519979e-02
2.586003e-02
2.648242e-02
2.705287e-02
2.756133e-02
2.800964e-02
2.839042e-02
2.871966e-02
2.901061e-02
2.922597e-02
2.931029e-02
2.929117e-02
2.920276e-02
2.902268e-02
2.875530e-02
2.839143e-02
2.792611e-02
2.736406e-02
2.671800e-02
2.602103e-02
2.527041e-02
2.446038e-02
2.358409e-02
2.262292e-02
2.158885e-02
2.051609e-02
1.945638e-02
1.844482e-02
1.746011e-02
1.649100e-02
1.556280e-02
1.471302e-02
1.394735e-02
1.322645e-02
1.253867e-02
1.190291e-02
1.132027e-02
1.077937e-02
1.028422e-02
9.851914e-03
9.485549e-03
9.181224e-03
8.931822e-03
8.728178e-03
8.560543e-03
8.406803e-03
8.278489e-03
8.182431e-03
8.102385e-03
8.051631e-03
8.031322e-03
8.022862e-03
8.023443e-03
8.022456e-03
8.012805e-03
7.986376e-03
7.963554e-03
7.967230e-03
8.001239e-03
8.101489e-03
8.286235e-03
8.545199e-03
8.867511e-03
9.220904e-03
9.593540e-03
9.969664e-03
1.031193e-02
1.061874e-02
1.091497e-02
1.121520e-02
1.151804e-02
1.182102e-02
1.210322e-02
1.234258e-02
1.253610e-02
1.267443e-02
1.274122e-02
1.273574e-02
1.266859e-02
1.256552e-02
1.244265e-02
1.229992e-02
1.213238e-02
1.194439e-02
1.173735e-02
1.148847e-02
1.123212e-02
1.100921e-02
1.083039e-02
1.069025e-02
1.055718e-02
1.044229e-02
1.036072e-02
1.029819e-02
1.026248e-02
1.022344e-02
1.013234e-02
9.983426e-03
9.791662e-03
9.586950e-03
9.395560e-03
9.219780e-03
9.034123e-03
8.816420e-03
8.564976e-03
8.283388e-03
7.993882e-03
7.725902e-03
7.496501e-03
7.287809e-03
7.093209e-03
6.946111e-03
6.863084e-03
6.827521e-03
6.799388e-03
6.733985e-03
6.628611e-03
6.509887e-03
6.406801e-03
6.320018e-03
6.237792e-03
6.164541e-03
6.104704e-03
6.072840e-03
6.045965e-03
5.991999e-03
5.919366e-03
5.801413e-03
5.638317e-03
5.459765e-03
5.278960e-03
5.118841e-03
4.978429e-03
4.846754e-03
4.717116e-03
4.600315e-03
4.521093e-03
4.470419e-03
4.450666e-03
4.454505e-03
4.458997e-03
4.467857e-03
4.507956e-03
4.612441e-03
4.794882e-03
5.027352e-03
5.263350e-03
5.477509e-03
5.671549e-03
5.855743e-03
6.027791e-03
6.169080e-03
6.264834e-03
6.312396e-03
6.304244e-03
6.233052e-03
6.094609e-03
5.900893e-03
5.679808e-03
5.426216e-03
5.119708e-03
4.754024e-03
4.345329e-03
3.917882e-03
3.488591e-03
3.060418e-03
2.633286e-03
2.210668e-03
1.803176e-03
1.421699e-03
1.055954e-03
7.152225e-04
4.061671e-04
1.387504e-04
-6.541048e-05
-1.980022e-04
-2.546341e-04
-2.652892e-04
-2.701106e-04
-2.929502e-04
-3.349096e-04
-3.694705e-04
-4.131298e-04
-4.750098e-04
-5.430173e-04
-6.320213e-04
-7.231318e-04
-8.219290e-04
-9.373556e-04
-1.055499e-03
-1.190653e-03
-1.343321e-03
-1.508971e-03
-1.691268e-03
-1.886602e-03
-2.076860e-03
-2.234810e-03
-2.340072e-03
-2.380415e-03
-2.360453e-03
-2.284311e-03
-2.178855e-03
-2.073754e-03
-1.968722e-03
-1.812167e-03
-1.572200e-03
-1.288518e-03
-9.762843e-04
-6.464064e-04
-3.007740e-04
8.847276e-05
5.362927e-04
1.029117e-03
1.508559e-03
1.926500e-03
2.289888e-03
2.638551e-03
2.997183e-03
3.382803e-03
3.786944e-03
4.165750e-03
4.504924e-03
4.813696e-03
5.125056e-03
5.458403e-03
5.800354e-03
6.143920e-03
6.468436e-03
6.771484e-03
7.055619e-03
7.324634e-03
7.584837e-03
7.835641e-03
8.080845e-03
8.329077e-03
8.600262e-03
8.886928e-03
9.178597e-03
9.446851e-03
9.676095e-03
9.884402e-03
1.007006e-02
1.022856e-02
1.032679e-02
1.033330e-02
1.025473e-02
1.011400e-02
9.924839e-03
9.661269e-03
9.309751e-03
8.861805e-03
8.322132e-03
7.714871e-03
7.077111e-03
6.436824e-03
5.775170e-03
5.098481e-03
4.433441e-03
3.813579e-03
3.251147e-03
2.720915e-03
2.231855e-03
1.784092e-03
1.376400e-03
1.022213e-03
7.339754e-04
5.081038e-04
3.400229e-04
2.330441e-04
1.834737e-04
1.940617e-04
2.675003e-04
3.871016e-04
5.177819e-04
6.441177e-04
7.858448e-04
9.593018e-04
1.151416e-03
1.326683e-03
1.458297e-03
1.544909e-03
1.622293e-03
1.733218e-03
1.871740e-03
2.039014e-03
2.220706e-03
2.400741e-03
2.582728e-03
2.780914e-03
3.027901e-03
3.316447e-03
3.631976e-03
3.978413e-03
4.334111e-03
4.715011e-03
5.147364e-03
5.619740e-03
6.104532e-03
6.583036e-03
7.057860e-03
7.534531e-03
8.030338e-03
8.522744e-03
8.992419e-03
9.428840e-03
9.819572e-03
1.019622e-02
1.055002e-02
1.085060e-02
1.109628e-02
1.129844e-02
1.146588e-02
1.162349e-02
1.180944e-02
1.202837e-02
1.228491e-02
1.256220e-02
1.284863e-02
1.315201e-02
1.348600e-02
1.385048e-02
1.421991e-02
1.458906e-02
1.495714e-02
1.534156e-02
1.575917e-02
1.619592e-02
1.663902e-02
1.707218e-02
1.748557e-02
1.787384e-02
1.824649e-02
1.860672e-02
1.892590e-02
1.917817e-02
1.935932e-02
1.948037e-02
1.954851e-02
1.959267e-02
1.962367e-02
1.961382e-02
1.954392e-02
1.941046e-02
1.925332e-02
1.911297e-02
1.895976e-02
1.878435e-02
1.861000e-02
1.842389e-02
1.822304e-02
1.801136e-02
1.782968e-02
1.769157e-02
1.756843e-02
1.744889e-02
1.731026e-02
1.714913e-02
1.695168e-02
1.671567e-02
1.644379e-02
1.610669e-02
1.572591e-02
1.532087e-02
1.488931e-02
1.443980e-02
1.396854e-02
1.345801e-02
1.290270e-02
1.231147e-02
1.169252e-02
1.105937e-02
1.040017e-02
9.716492e-03
9.028983e-03
8.347409e-03
7.653496e-03
6.951918e-03
6.263037e-03
5.573046e-03
4.870910e-03
4.145086e-03
3.421647e-03
2.751770e-03
2.138362e-03
1.557613e-03
1.005443e-03
4.892988e-04
7.293531e-06
-4.223466e-04
-8.082901e-04
-1.158733e-03
-1.474095e-03
-1.760884e-03
-2.005461e-03
-2.185208e-03
-2.272683e-03
-2.271045e-03
-2.180802e-03
-2.028932e-03
-1.854478e-03
-1.675472e-03
-1.523165e-03
-1.380321e-03
-1.225714e-03
-1.037575e-03
-8.032165e-04
-5.330736e-04
-2.421654e-04
3.136720e-05
2.837381e-04
5.370054e-04
8.129473e-04
1.100405e-03
1.348149e-03
1.548752e-03
1.714890e-03
1.848729e-03
1.949211e-03
2.039387e-03
2.127352e-03
2.194060e-03
2.218562e-03
2.191277e-03
2.140713e-03
2.111253e-03
2.126272e-03
2.181400e-03
2.268524e-03
2.363702e-03
2.441545e-03
2.529566e-03
2.635523e-03
2.733514e-03
2.811251e-03
2.873092e-03
2.939003e-03
3.017042e-03
3.080460e-03
3.115865e-03
3.150518e-03
3.180733e-03
3.191475e-03
3.192658e-03
3.169495e-03
3.134012e-03
3.104324e-03
3.069430e-03
3.023963e-03
2.969079e-03
2.906509e-03
2.813996e-03
2.677710e-03
2.526314e-03
2.361385e-03
2.171562e-03
1.964606e-03
1.755086e-03
1.547696e-03
1.321145e-03
1.059282e-03
7.771929e-04
4.918455e-04
2.054063e-04
-7.177514e-05
-3.533070e-04
-6.683283e-04
-1.028632e-03
-1.437819e-03
-1.862181e-03
-2.283833e-03
-2.720926e-03
-3.172942e-03
-3.642076e-03
-4.134972e-03
-4.639382e-03
-5.119412e-03
-5.553649e-03
-5.942100e-03
-6.285891e-03
-6.604465e-03
-6.903153e-03
-7.181830e-03
-7.468200e-03
-7.729544e-03
-7.925406e-03
-8.087014e-03
-8.234698e-03
-8.384992e-03
-8.551361e-03
-8.698185e-03
-8.816888e-03
-8.933982e-03
-9.057128e-03
-9.180340e-03
-9.298642e-03
-9.419495e-03
-9.555187e-03
-9.688435e-03
-9.801503e-03
-9.897493e-03
-9.981731e-03
-1.004590e-02
-1.009485e-02
-1.012780e-02
-1.012645e-02
-1.010550e-02
-1.006367e-02
-1.000094e-02
-9.923387e-03
-9.809791e-03
-9.649142e-03
-9.468489e-03
-9.300567e-03
-9.149821e-03
-9.007310e-03
-8.862214e-03
-8.713720e-03
-8.575370e-03
-8.460176e-03
-8.380998e-03
-8.335774e-03
-8.323819e-03
-8.333373e-03
-8.345304e-03
-8.350473e-03
-8.357271e-03
-8.389127e-03
-8.435766e-03
-8.465374e-03
-8.475469e-03
-8.439765e-03
-8.342029e-03
-8.198635e-03
-8.003821e-03
-7.758911e-03
-7.477402e-03
-7.144211e-03
-6.760917e-03
-6.372186e-03
-6.001753e-03
-5.651936e-03
-5.302712e-03
-4.941223e-03
-4.582659e-03
-4.241210e-03
-3.932560e-03
-3.683403e-03
-3.499549e-03
-3.371301e-03
-3.284345e-03
-3.223119e-03
-3.199723e-03
-3.235189e-03
-3.312383e-03
-3.405360e-03
-3.506897e-03
-3.602523e-03
-3.698066e-03
-3.804922e-03
-3.918105e-03
-4.039694e-03
-4.182255e-03
-4.338610e-03
-4.469780e-03
-4.580233e-03
-4.683754e-03
-4.763111e-03
-4.822806e-03
-4.855243e-03
-4.866546e-03
-4.865055e-03
-4.845461e-03
-4.845055e-03
-4.877084e-03
-4.930050e-03
-4.988553e-03
-5.040473e-03
-5.094007e-03
-5.161115e-03
-5.236926e-03
-5.305696e-03
-5.344614e-03
-5.347182e-03
-5.331685e-03
-5.300127e-03
-5.228498e-03
-5.117359e-03
-4.986957e-03
-4.865672e-03
-4.749138e-03
-4.642969e-03
-4.576509e-03
-4.541664e-03
-4.533870e-03
-4.548317e-03
-4.568746e-03
-4.580328e-03
-4.573382e-03
-4.571343e-03
-4.552867e-03
-4.498566e-03
-4.441393e-03
-4.389854e-03
-4.345189e-03
-4.336550e-03
-4.356000e-03
-4.370926e-03
-4.354937e-03
-4.289186e-03
-4.177183e-03
-4.023370e-03
-3.846204e-03
-3.696001e-03
-3.584427e-03
-3.510867e-03
-3.501178e-03
-3.543048e-03
-3.625577e-03
-3.762563e-03
-3.917029e-03
-4.056071e-03
-4.183023e-03
-4.307257e-03
-4.442591e-03
-4.590423e-03
-4.734656e-03
-4.872324e-03
-5.006596e-03
-5.126260e-03
-5.224702e-03
-5.285579e-03
-5.298219e-03
-5.272847e-03
-5.239683e-03
-5.243214e-03
-5.306605e-03
-5.442212e-03
-5.649074e-03
-5.913445e-03
-6.229929e-03
-6.585954e-03
-6.976494e-03
-7.386840e-03
-7.807980e-03
-8.231514e-03
-8.641035e-03
-9.039551e-03
-9.447002e-03
-9.878299e-03
-1.032744e-02
-1.077938e-02
-1.123800e-02
-1.169111e-02
-1.213088e-02
-1.255343e-02
-1.295701e-02
-1.335624e-02
-1.375388e-02
-1.414978e-02
-1.457994e-02
-1.506428e-02
-1.557396e-02
-1.607584e-02
-1.656575e-02
-1.705514e-02
-1.755099e-02
-1.805564e-02
-1.857580e-02
-1.909804e-02
-1.960152e-02
-2.008512e-02
-2.054538e-02
-2.100304e-02
-2.145722e-02
-2.187626e-02
-2.224682e-02
-2.258202e-02
-2.289633e-02
-2.320239e-02
-2.351988e-02
-2.386279e-02
-2.421218e-02
-2.453371e-02
-2.485127e-02
-2.518175e-02
-2.551479e-02
-2.586316e-02
-2.621414e-02
-2.653243e-02
-2.678991e-02
-2.699194e-02
-2.714873e-02
-2.729078e-02
-2.742871e-02
-2.751909e-02
-2.753801e-02
-2.748465e-02
-2.737016e-02
-2.720258e-02
-2.697331e-02
-2.669234e-02
-2.634598e-02
-2.592644e-02
-2.546414e-02
-2.496399e-02
-2.444560e-02
-2.395051e-02
-2.349534e-02
-2.309308e-02
-2.271674e-02
-2.233700e-02
-2.196189e-02
-2.158967e-02
-2.123215e-02
-2.088735e-02
-2.056059e-02
-2.025048e-02
-1.992137e-02
-1.956922e-02
-1.920770e-02
-1.885180e-02
-1.853141e-02
-1.823708e-02
-1.795701e-02
-1.763138e-02
-1.721987e-02
-1.678858e-02
-1.638244e-02
-1.599535e-02
-1.559518e-02
-1.515976e-02
-1.470121e-02
-1.424141e-02
-1.378908e-02
-1.334956e-02
-1.293011e-02
-1.252099e-02
-1.212306e-02
-1.172319e-02
-1.130729e-02
-1.088720e-02
-1.044752e-02
-1.000973e-02
-9.598109e-03
-9.202740e-03
-8.847714e-03
-8.531202e-03
-8.248852e-03
-8.021696e-03
-7.827711e-03
-7.662431e-03
-7.511868e-03
-7.332455e-03
-7.122122e-03
-6.892576e-03
-6.648801e-03
-6.388090e-03
-6.116089e-03
-5.831717e-03
-5.568774e-03
-5.352033e-03
-5.180552e-03
-5.073670e-03
-5.035385e-03
-5.049145e-03
-5.099468e-03
-5.194714e-03
-5.338245e-03
-5.536989e-03
-5.793444e-03
-6.088308e-03
-6.398818e-03
-6.683565e-03
-6.912122e-03
-7.082021e-03
-7.197568e-03
-7.263354e-03
-7.280526e-03
-7.254463e-03
-7.178440e-03
-7.047756e-03
-6.870144e-03
-6.683112e-03
-6.502207e-03
-6.302517e-03
-6.088011e-03
-5.851684e-03
-5.571960e-03
-5.254640e-03
-4.898876e-03
-4.530306e-03
-4.192211e-03
-3.904706e-03
-3.686921e-03
-3.537119e-03
-3.432828e-03
-3.342991e-03
-3.264282e-03
-3.208984e-03
-3.127079e-03
-2.990591e-03
-2.794313e-03
-2.530608e-03
-2.224508e-03
-1.909911e-03
-1.625105e-03
-1.378816e-03
-1.181234e-03
-1.036582e-03
-9.056553e-04
-7.870767e-04
-6.877079e-04
-5.857068e-04
-4.782087e-04
-3.943438e-04
-3.547857e-04
-3.541492e-04
-3.688033e-04
-3.903432e-04
-4.341078e-04
-4.852984e-04
-5.164705e-04
-5.167523e-04
-4.910217e-04
-4.383796e-04
-3.490584e-04
-2.386502e-04
-1.122426e-04
3.543377e-05
2.194757e-04
4.354536e-04
6.617534e-04
8.867253e-04
1.084809e-03
1.244623e-03
1.373204e-03
1.481211e-03
1.557652e-03
1.598913e-03
1.623685e-03
1.625238e-03
1.586136e-03
1.520820e-03
1.477779e-03
1.461534e-03
1.451449e-03
1.426870e-03
1.382668e-03
1.331329e-03
1.260139e-03
1.148430e-03
1.013852e-03
8.673163e-04
6.967398e-04
4.930093e-04
2.553585e-04
-5.863608e-06
-2.710404e-04
-5.417932e-04
-8.384063e-04
-1.175169e-03
-1.566700e-03
-2.001236e-03
-2.470974e-03
-2.983740e-03
-3.513993e-03
-4.025217e-03
-4.495940e-03
-4.912494e-03
-5.256469e-03
-5.518386e-03
-5.703447e-03
-5.814716e-03
-5.866818e-03
-5.871858e-03
-5.854725e-03
-5.824937e-03
-5.763807e-03
-5.664254e-03
-5.522588e-03
-5.358629e-03
-5.191075e-03
-5.006926e-03
-4.811106e-03
-4.607616e-03
-4.382453e-03
-4.115388e-03
-3.801534e-03
-3.459098e-03
-3.094286e-03
-2.686783e-03
-2.238123e-03
-1.769082e-03
-1.278927e-03
-7.887674e-04
-3.417231e-04
5.250211e-05
4.073508e-04
7.530179e-04
1.116412e-03
1.493663e-03
1.892909e-03
2.306005e-03
2.716138e-03
3.135808e-03
3.548676e-03
3.955932e-03
4.358758e-03
4.719190e-03
5.013586e-03
5.233412e-03
5.412016e-03
5.584289e-03
5.753020e-03
5.930247e-03
6.119066e-03
6.289664e-03
6.420221e-03
6.516352e-03
6.578677e-03
6.608612e-03
6.612134e-03
6.588972e-03
6.523123e-03
6.412462e-03
6.278287e-03
6.121033e-03
5.941033e-03
5.724905e-03
5.451162e-03
5.132918e-03
4.770721e-03
4.346043e-03
3.856595e-03
3.309860e-03
2.706878e-03
2.052816e-03
1.396029e-03
7.683817e-04
1.569428e-04
-4.253481e-04
-9.576921e-04
-1.435545e-03
-1.865651e-03
-2.261931e-03
-2.638232e-03
-3.016770e-03
-3.426081e-03
-3.875445e-03
-4.335747e-03
-4.767277e-03
-5.156468e-03
-5.480939e-03
-5.735477e-03
-5.937718e-03
-6.090337e-03
-6.198013e-03
-6.247659e-03
-6.229474e-03
-6.158612e-03
-6.059129e-03
-5.944432e-03
-5.828544e-03
-5.743293e-03
-5.660071e-03
-5.517866e-03
-5.314701e-03
-5.073353e-03
-4.804661e-03
-4.514125e-03
-4.189469e-03
-3.817819e-03
-3.387435e-03
-2.896672e-03
-2.399827e-03
-1.952519e-03
-1.568551e-03
-1.247583e-03
-9.674119e-04
-6.728347e-04
-3.391020e-04
9.697630e-06
3.783776e-04
7.502190e-04
1.105879e-03
1.457902e-03
1.809461e-03
2.146077e-03
2.451544e-03
2.746045e-03
3.045141e-03
3.349811e-03
3.668617e-03
3.999995e-03
4.343855e-03
4.691963e-03
5.028416e-03
5.332899e-03
5.588764e-03
5.794586e-03
5.952949e-03
6.059836e-03
6.111908e-03
6.090655e-03
5.981338e-03
5.807417e-03
5.569733e-03
5.255155e-03
4.899717e-03
4.533899e-03
4.153222e-03
3.761713e-03
3.376791e-03
3.030000e-03
2.742575e-03
2.512284e-03
2.319067e-03
2.138791e-03
1.966642e-03
1.782412e-03
1.582084e-03
1.391442e-03
1.221062e-03
1.047036e-03
8.577489e-04
6.522117e-04
4.121446e-04
1.675911e-04
-5.526132e-05
-2.633114e-04
-4.574443e-04
-6.416551e-04
-8.276640e-04
-1.018580e-03
-1.201661e-03
-1.375082e-03
-1.563380e-03
-1.792622e-03
-2.057009e-03
-2.340308e-03
-2.625510e-03
-2.885751e-03
-3.125195e-03
-3.357469e-03
-3.583093e-03
-3.814898e-03
-4.034916e-03
-4.203881e-03
-4.305632e-03
-4.354423e-03
-4.381610e-03
-4.365667e-03
-4.293913e-03
-4.187930e-03
-4.024026e-03
-3.786296e-03
-3.504711e-03
-3.217502e-03
-2.943648e-03
-2.659546e-03
-2.348815e-03
-2.019224e-03
-1.677191e-03
-1.343481e-03
-1.056299e-03
-8.230670e-04
-6.520333e-04
-5.423876e-04
-4.586709e-04
-4.040893e-04
-3.950929e-04
-4.139171e-04
-4.543953e-04
-5.292383e-04
-6.213979e-04
-7.019661e-04
-7.589143e-04
-7.928445e-04
-7.951901e-04
-7.683412e-04
-7.180209e-04
-6.421437e-04
-5.419123e-04
-4.004427e-04
-2.389104e-04
-7.659298e-05
9.698383e-05
2.887359e-04
5.089539e-04
7.512358e-04
1.011957e-03
1.303166e-03
1.623148e-03
1.955077e-03
2.273259e-03
2.570823e-03
2.854504e-03
3.128798e-03
3.404275e-03
3.705845e-03
4.051846e-03
4.438771e-03
4.874457e-03
5.357963e-03
5.889067e-03
6.481835e-03
7.126267e-03
7.813570e-03
8.539540e-03
9.294133e-03
1.007194e-02
1.084662e-02
1.159852e-02
1.232219e-02
1.300402e-02
1.364247e-02
1.422418e-02
1.473354e-02
1.517058e-02
1.555649e-02
1.590759e-02
1.621159e-02
1.646343e-02
1.663779e-02
1.673751e-02
1.679431e-02
1.681192e-02
1.678154e-02
1.671873e-02
1.664512e-02
1.655509e-02
1.645134e-02
1.634562e-02
1.628123e-02
1.627624e-02
1.628801e-02
1.628311e-02
1.624089e-02
1.616713e-02
1.608468e-02
1.600244e-02
1.593617e-02
1.588636e-02
1.584681e-02
1.581152e-02
1.577960e-02
1.575782e-02
1.573736e-02
1.571432e-02
1.566719e-02
1.558331e-02
1.549702e-02
1.545100e-02
1.546500e-02
1.552170e-02
1.559698e-02
1.567419e-02
1.575686e-02
1.583804e-02
1.590223e-02
1.595644e-02
1.598605e-02
1.597045e-02
1.590346e-02
1.578737e-02
1.563620e-02
1.545694e-02
1.524478e-02
1.497008e-02
1.464811e-02
1.430778e-02
1.396332e-02
1.365151e-02
1.338915e-02
1.316413e-02
1.294429e-02
1.270929e-02
1.247115e-02
1.222829e-02
1.197747e-02
1.173358e-02
1.148083e-02
1.120265e-02
1.091249e-02
1.064650e-02
1.041504e-02
1.020096e-02
9.988497e-03
9.749698e-03
9.470441e-03
9.154584e-03
8.831153e-03
8.534608e-03
8.268266e-03
8.010208e-03
7.752084e-03
7.512589e-03
7.302292e-03
7.120746e-03
6.968284e-03
6.860687e-03
6.788214e-03
6.729364e-03
6.676477e-03
6.632287e-03
6.596692e-03
6.562707e-03
6.545233e-03
6.520092e-03
6.447186e-03
6.316438e-03
6.132240e-03
5.908340e-03
5.642016e-03
5.333264e-03
4.985613e-03
4.614309e-03
4.198902e-03
3.757468e-03
3.353909e-03
2.987038e-03
2.660533e-03
2.395806e-03
2.209178e-03
2.108829e-03
2.102530e-03
2.186538e-03
2.343917e-03
2.579960e-03
2.903820e-03
3.301883e-03
3.750016e-03
4.229339e-03
4.733716e-03
5.253004e-03
5.766287e-03
6.265525e-03
6.728551e-03
7.146479e-03
7.526543e-03
7.874765e-03
8.199206e-03
8.526442e-03
8.854394e-03
9.147029e-03
9.389046e-03
9.582340e-03
9.740493e-03
9.873906e-03
9.983428e-03
1.009173e-02
1.021938e-02
1.036451e-02
1.050077e-02
1.061740e-02
1.071083e-02
1.076834e-02
1.079500e-02
1.079833e-02
1.077730e-02
1.071431e-02
1.059858e-02
1.046409e-02
1.037105e-02
1.032639e-02
1.027998e-02
1.020243e-02
1.011278e-02
1.000784e-02
9.873016e-03
9.711956e-03
9.534323e-03
9.368643e-03
9.235378e-03
9.138652e-03
9.065908e-03
8.997528e-03
8.939012e-03
8.878988e-03
8.799376e-03
8.691341e-03
8.560328e-03
8.425850e-03
8.285751e-03
8.154161e-03
8.043963e-03
7.934871e-03
7.831946e-03
7.731849e-03
7.618874e-03
7.500231e-03
7.384412e-03
7.283045e-03
7.208699e-03
7.191570e-03
7.231017e-03
7.282688e-03
7.315924e-03
7.311258e-03
7.267945e-03
7.184392e-03
7.057777e-03
6.888024e-03
6.666380e-03
6.403405e-03
6.123887e-03
5.851975e-03
5.614214e-03
5.426361e-03
5.286792e-03
5.176254e-03
5.098375e-03
5.076271e-03
5.114077e-03
5.198838e-03
5.321467e-03
5.471207e-03
5.638483e-03
5.827435e-03
6.047016e-03
6.308353e-03
6.604455e-03
6.921438e-03
7.248379e-03
7.573781e-03
7.886643e-03
8.189331e-03
8.491906e-03
8.773928e-03
9.002290e-03
9.167730e-03
9.270233e-03
9.313222e-03
9.316489e-03
9.272660e-03
9.170545e-03
9.016259e-03
8.810493e-03
8.572822e-03
8.316701e-03
8.045042e-03
7.754666e-03
7.432888e-03
7.073758e-03
6.675014e-03
6.247968e-03
5.823433e-03
5.425666e-03
5.061026e-03
4.737916e-03
4.438220e-03
4.152231e-03
3.902290e-03
3.695061e-03
3.529802e-03
3.410004e-03
3.321519e-03
3.253283e-03
3.193633e-03
3.131602e-03
3.084588e-03
3.065892e-03
3.081909e-03
3.119100e-03
3.152899e-03
3.198659e-03
3.268989e-03
3.360936e-03
3.469337e-03
3.577931e-03
3.663897e-03
3.737398e-03
3.798796e-03
3.845084e-03
3.876204e-03
3.887258e-03
3.889477e-03
3.880845e-03
3.866021e-03
3.854059e-03
3.848712e-03
3.867339e-03
3.902840e-03
3.953319e-03
4.025981e-03
4.124536e-03
4.247461e-03
4.399682e-03
4.574046e-03
4.745493e-03
4.932333e-03
5.140606e-03
5.368707e-03
5.626524e-03
5.906667e-03
6.217357e-03
6.539185e-03
6.841837e-03
7.123231e-03
7.390339e-03
7.652674e-03
7.914412e-03
8.168014e-03
8.393369e-03
8.592806e-03
8.762645e-03
8.901187e-03
9.021836e-03
9.121346e-03
9.183629e-03
9.206718e-03
9.202570e-03
9.183488e-03
9.168683e-03
9.166898e-03
9.168704e-03
9.182667e-03
9.203194e-03
9.218859e-03
9.218159e-03
9.190492e-03
9.149272e-03
9.095305e-03
9.029138e-03
8.949728e-03
8.868748e-03
8.805056e-03
8.769764e-03
8.762079e-03
8.766705e-03
8.788109e-03
8.836059e-03
8.909611e-03
9.008191e-03
9.135671e-03
9.296070e-03
9.468806e-03
9.621386e-03
9.735438e-03
9.808454e-03
9.833092e-03
9.796421e-03
9.704968e-03
9.563603e-03
9.352641e-03
9.043321e-03
8.635275e-03
8.130597e-03
7.523751e-03
6.817736e-03
6.013599e-03
5.112978e-03
4.129357e-03
3.093315e-03
2.038435e-03
1.002452e-03
1.132297e-05
-9.244438e-04
-1.820556e-03
-2.679657e-03
-3.488401e-03
-4.241278e-03
-4.915800e-03
-5.519222e-03
-6.073385e-03
-6.572336e-03
-7.032382e-03
-7.466030e-03
-7.857118e-03
-8.190377e-03
-8.465619e-03
-8.709184e-03
-8.940618e-03
-9.141068e-03
-9.307150e-03
-9.441885e-03
-9.533936e-03
-9.574665e-03
-9.547194e-03
-9.463372e-03
-9.338519e-03
-9.153728e-03
-8.895636e-03
-8.548921e-03
-8.102085e-03
-7.557191e-03
-6.930996e-03
-6.254490e-03
-5.540584e-03
-4.787296e-03
-3.991726e-03
-3.153261e-03
-2.280606e-03
-1.391272e-03
-4.904439e-04
4.199270e-04
1.331702e-03
2.253315e-03
3.183538e-03
4.094937e-03
4.973652e-03
5.816389e-03
6.616761e-03
7.373490e-03
8.093903e-03
8.810054e-03
9.533286e-03
1.024004e-02
1.091299e-02
1.152609e-02
1.207871e-02
1.257732e-02
1.300415e-02
1.337566e-02
1.369261e-02
1.395374e-02
1.418673e-02
1.439219e-02
1.457095e-02
1.472892e-02
1.485228e-02
1.492514e-02
1.493489e-02
1.486394e-02
1.469798e-02
1.444306e-02
1.413825e-02
1.381386e-02
1.345650e-02
1.307725e-02
1.268162e-02
1.224516e-02
1.178562e-02
1.132476e-02
1.085442e-02
1.035426e-02
9.820645e-03
9.259742e-03
8.668082e-03
8.055895e-03
7.434242e-03
6.819590e-03
6.197590e-03
5.550066e-03
4.899806e-03
4.254389e-03
3.619258e-03
3.012555e-03
2.434277e-03
1.869975e-03
1.302628e-03
7.281308e-04
1.505839e-04
-4.240140e-04
-1.001930e-03
-1.595949e-03
-2.218036e-03
-2.858322e-03
-3.484373e-03
-4.066715e-03
-4.598990e-03
-5.112690e-03
-5.619155e-03
-6.115900e-03
-6.602821e-03
-7.059373e-03
-7.464275e-03
-7.835102e-03
-8.205136e-03
-8.565120e-03
-8.904920e-03
-9.208013e-03
-9.476946e-03
-9.724956e-03
-9.929806e-03
-1.008761e-02
-1.020498e-02
-1.028927e-02
-1.033733e-02
-1.034675e-02
-1.029740e-02
-1.017658e-02
-1.001454e-02
-9.839962e-03
-9.667355e-03
-9.487359e-03
-9.309776e-03
-9.154455e-03
-9.026124e-03
-8.934765e-03
-8.863827e-03
-8.806739e-03
-8.777107e-03
-8.770461e-03
-8.764166e-03
-8.758877e-03
-8.766028e-03
-8.790608e-03
-8.849472e-03
-8.916179e-03
-8.956254e-03
-8.996857e-03
-9.057453e-03
-9.145904e-03
-9.260550e-03
-9.377339e-03
-9.487329e-03
-9.600287e-03
-9.735943e-03
-9.901554e-03
-1.008480e-02
-1.027993e-02
-1.047573e-02
-1.067868e-02
-1.088951e-02
-1.107780e-02
-1.124680e-02
-1.142322e-02
-1.161036e-02
-1.180284e-02
-1.199509e-02
-1.219380e-02
-1.241305e-02
-1.264860e-02
-1.288876e-02
-1.311294e-02
-1.329358e-02
-1.343749e-02
-1.355378e-02
-1.363102e-02
-1.365855e-02
-1.362720e-02
-1.354681e-02
-1.344721e-02
-1.334427e-02
-1.321550e-02
-1.303092e-02
-1.279392e-02
-1.251092e-02
-1.219795e-02
-1.189119e-02
-1.160077e-02
-1.133375e-02
-1.109938e-02
-1.090770e-02
-1.076235e-02
-1.065069e-02
-1.056080e-02
-1.048558e-02
-1.042013e-02
-1.036292e-02
-1.030695e-02
-1.025906e-02
-1.023952e-02
-1.027073e-02
-1.033437e-02
-1.040029e-02
-1.044075e-02
-1.043308e-02
-1.038414e-02
-1.029189e-02
-1.016505e-02
-1.002770e-02
-9.887468e-03
-9.742617e-03
-9.590460e-03
-9.439855e-03
-9.301869e-03
-9.176739e-03
-9.057598e-03
-8.920021e-03
-8.751505e-03
-8.563636e-03
-8.396298e-03
-8.285035e-03
-8.249044e-03
-8.279905e-03
-8.348184e-03
-8.452654e-03
-8.595930e-03
-8.768840e-03
-8.978295e-03
-9.221126e-03
-9.493973e-03
-9.799691e-03
-1.013349e-02
-1.050992e-02
-1.093408e-02
-1.138912e-02
-1.185053e-02
-1.228594e-02
-1.267919e-02
-1.301812e-02
-1.330097e-02
-1.353728e-02
-1.374535e-02
-1.392959e-02
-1.407795e-02
-1.420411e-02
-1.432076e-02
-1.441121e-02
-1.446794e-02
-1.450722e-02
-1.453359e-02
-1.453777e-02
-1.451738e-02
-1.446527e-02
-1.437048e-02
-1.424302e-02
-1.411998e-02
-1.402497e-02
-1.395438e-02
-1.389828e-02
-1.383982e-02
-1.375144e-02
-1.363147e-02
-1.349422e-02
-1.334743e-02
-1.319606e-02
-1.304032e-02
-1.289793e-02
-1.277617e-02
-1.267669e-02
-1.262690e-02
-1.263894e-02
-1.271733e-02
-1.284732e-02
-1.299161e-02
-1.314618e-02
-1.332456e-02
-1.355183e-02
-1.382713e-02
-1.412198e-02
-1.443392e-02
-1.477082e-02
-1.514028e-02
-1.553513e-02
-1.592297e-02
-1.627170e-02
-1.656351e-02
-1.679434e-02
-1.697012e-02
-1.708892e-02
-1.715653e-02
-1.717806e-02
-1.716564e-02
-1.714205e-02
-1.712316e-02
-1.709708e-02
-1.705614e-02
-1.699562e-02
-1.690172e-02
-1.675837e-02
-1.656983e-02
-1.635714e-02
-1.613418e-02
-1.590996e-02
-1.566599e-02
-1.540141e-02
-1.513073e-02
-1.484704e-02
-1.455865e-02
-1.425667e-02
-1.392199e-02
-1.355178e-02
-1.314265e-02
-1.272343e-02
-1.232219e-02
-1.194735e-02
-1.160137e-02
-1.127445e-02
-1.094507e-02
-1.060179e-02
-1.025674e-02
-9.917906e-03
-9.575630e-03
-9.240445e-03
-8.958348e-03
-8.752506e-03
-8.625677e-03
-8.571962e-03
-8.559411e-03
-8.552007e-03
-8.533983e-03
-8.496035e-03
-8.431325e-03
-8.359608e-03
-8.300970e-03
-8.271909e-03
-8.294440e-03
-8.356611e-03
-8.438882e-03
-8.533794e-03
-8.632116e-03
-8.709472e-03
-8.755598e-03
-8.776105e-03
-8.758422e-03
-8.728551e-03
-8.710634e-03
-8.704522e-03
-8.724784e-03
-8.789799e-03
-8.895582e-03
-9.015304e-03
-9.152073e-03
-9.332168e-03
-9.539261e-03
-9.757616e-03
-9.985972e-03
-1.021937e-02
-1.045132e-02
-1.066563e-02
-1.086941e-02
-1.105474e-02
-1.119478e-02
-1.128555e-02
-1.132453e-02
-1.130308e-02
-1.122540e-02
-1.111024e-02
-1.096748e-02
-1.079857e-02
-1.059621e-02
-1.034762e-02
-1.006721e-02
-9.764079e-03
-9.437181e-03
-9.120344e-03
-8.816793e-03
-8.510937e-03
-8.192167e-03
-7.864375e-03
-7.536413e-03
-7.197158e-03
-6.850913e-03
-6.499750e-03
-6.135731e-03
-5.766813e-03
-5.414298e-03
-5.101390e-03
-4.839159e-03
-4.643335e-03
-4.505884e-03
-4.383853e-03
-4.268413e-03
-4.168596e-03
-4.084975e-03
-4.002414e-03
-3.912478e-03
-3.830772e-03
-3.781275e-03
-3.774440e-03
-3.807390e-03
-3.874169e-03
-3.946530e-03
-4.014138e-03
-4.064019e-03
-4.084692e-03
-4.085703e-03
-4.087469e-03
-4.094041e-03
-4.086184e-03
-4.052470e-03
-4.005460e-03
-3.975511e-03
-3.970856e-03
-3.972827e-03
-3.973010e-03
-3.977040e-03
-3.980713e-03
-3.960996e-03
-3.914407e-03
-3.855162e-03
-3.771808e-03
-3.639834e-03
-3.476407e-03
-3.298828e-03
-3.104082e-03
-2.903998e-03
-2.732272e-03
-2.604142e-03
-2.504263e-03
-2.425357e-03
-2.370642e-03
-2.335150e-03
-2.306885e-03
-2.271510e-03
-2.242781e-03
-2.236523e-03
-2.251522e-03
-2.290617e-03
-2.352799e-03
-2.432360e-03
-2.525660e-03
-2.637867e-03
-2.769786e-03
-2.906085e-03
-3.018753e-03
-3.088609e-03
-3.142375e-03
-3.200096e-03
-3.257115e-03
-3.325508e-03
-3.403753e-03
-3.497978e-03
-3.601040e-03
-3.691027e-03
-3.777516e-03
-3.882747e-03
-4.027571e-03
-4.202222e-03
-4.376007e-03
-4.540038e-03
-4.691876e-03
-4.837785e-03
-4.971962e-03
-5.095967e-03
-5.218499e-03
-5.330751e-03
-5.406793e-03
-5.433483e-03
-5.436529e-03
-5.434490e-03
-5.425934e-03
-5.430014e-03
-5.453267e-03
-5.484057e-03
-5.498280e-03
-5.485778e-03
-5.473847e-03
-5.480640e-03
-5.503587e-03
-5.543477e-03
-5.605090e-03
-5.689699e-03
-5.784444e-03
-5.870040e-03
-5.957058e-03
-6.059282e-03
-6.165108e-03
-6.273246e-03
-6.376674e-03
-6.440870e-03
-6.451582e-03
-6.421654e-03
-6.361734e-03
-6.255604e-03
-6.072475e-03
-5.811892e-03
-5.503141e-03
-5.165905e-03
-4.810161e-03
-4.450860e-03
-4.109322e-03
-3.800933e-03
-3.510625e-03
-3.222371e-03
-2.951317e-03
-2.712547e-03
-2.506329e-03
-2.304361e-03
-2.092797e-03
-1.905186e-03
-1.756494e-03
-1.640730e-03
-1.566539e-03
-1.538197e-03
-1.544479e-03
-1.558711e-03
-1.556586e-03
-1.515403e-03
-1.425217e-03
-1.291000e-03
-1.121350e-03
-9.207147e-04
-6.932106e-04
-4.633269e-04
-2.558037e-04
-8.509250e-05
5.340010e-05
1.558671e-04
2.157152e-04
2.402402e-04
2.471127e-04
2.461503e-04
2.500378e-04
2.769777e-04
3.315125e-04
4.078527e-04
4.951040e-04
5.943701e-04
7.048874e-04
8.302639e-04
9.832525e-04
1.162665e-03
1.353983e-03
1.546096e-03
1.730533e-03
1.924839e-03
2.122962e-03
2.305508e-03
2.493315e-03
2.676558e-03
2.833152e-03
2.980601e-03
3.123887e-03
3.251415e-03
3.361763e-03
3.472638e-03
3.576729e-03
3.655340e-03
3.726826e-03
3.816223e-03
3.928284e-03
4.060639e-03
4.216505e-03
4.397920e-03
4.589869e-03
4.776785e-03
4.959119e-03
5.140874e-03
5.327939e-03
5.527848e-03
5.736699e-03
5.945616e-03
6.139811e-03
6.322526e-03
6.500622e-03
6.664637e-03
6.837582e-03
7.035639e-03
7.246266e-03
7.453837e-03
7.642373e-03
7.815008e-03
7.975326e-03
8.120969e-03
8.253969e-03
8.372751e-03
8.476253e-03
8.583737e-03
8.714640e-03
8.868903e-03
9.049631e-03
9.226556e-03
9.355768e-03
9.426348e-03
9.436682e-03
9.379778e-03
9.265668e-03
9.138071e-03
9.029939e-03
8.944080e-03
8.856077e-03
8.746227e-03
8.617202e-03
8.486115e-03
8.328517e-03
8.123873e-03
7.895851e-03
7.662738e-03
7.422191e-03
7.174319e-03
6.946364e-03
6.756029e-03
6.590592e-03
6.410834e-03
6.198975e-03
5.978702e-03
5.752006e-03
5.507964e-03
5.257885e-03
5.021430e-03
4.790965e-03
4.552216e-03
4.319852e-03
4.101235e-03
3.874143e-03
3.625866e-03
3.372253e-03
3.114560e-03
2.845288e-03
2.589888e-03
2.358686e-03
2.157451e-03
1.986797e-03
1.842320e-03
1.735457e-03
1.665313e-03
1.623687e-03
1.604548e-03
1.605631e-03
1.620062e-03
1.639304e-03
1.663536e-03
1.672720e-03
1.651124e-03
1.596360e-03
1.506544e-03
1.409753e-03
1.319103e-03
1.224621e-03
1.114850e-03
9.943465e-04
8.678157e-04
7.276379e-04
5.730891e-04
4.136631e-04
2.641768e-04
1.388825e-04
6.231315e-05
4.358051e-05
7.904546e-05
1.477128e-04
2.223187e-04
3.108734e-04
4.053998e-04
4.863219e-04
5.609651e-04
6.384313e-04
7.245242e-04
8.086676e-04
8.810175e-04
9.306788e-04
9.426220e-04
9.146472e-04
8.743705e-04
8.737600e-04
9.134225e-04
9.535158e-04
9.931892e-04
1.052731e-03
1.144451e-03
1.269295e-03
1.417350e-03
1.575243e-03
1.746692e-03
1.939179e-03
2.165843e-03
2.447850e-03
2.800952e-03
3.222042e-03
3.676018e-03
4.127806e-03
4.558195e-03
4.965137e-03
5.332064e-03
5.667835e-03
5.999792e-03
6.310882e-03
6.568398e-03
6.779064e-03
6.965649e-03
7.119539e-03
7.231579e-03
7.314847e-03
7.391828e-03
7.456606e-03
7.484823e-03
7.495163e-03
7.499210e-03
7.497779e-03
7.483672e-03
7.454153e-03
7.411625e-03
7.334134e-03
7.226163e-03
7.114283e-03
7.017602e-03
6.940951e-03
6.843949e-03
6.707702e-03
6.535701e-03
6.316571e-03
6.048262e-03
5.735360e-03
5.388933e-03
5.011836e-03
4.614564e-03
4.223634e-03
3.829822e-03
3.446799e-03
3.073160e-03
2.686076e-03
2.321348e-03
2.021770e-03
1.777218e-03
1.548473e-03
1.322927e-03
1.134262e-03
1.010784e-03
9.611609e-04
9.768172e-04
1.017982e-03
1.031678e-03
1.023286e-03
1.046976e-03
1.133366e-03
1.252870e-03
1.362808e-03
1.444034e-03
1.473344e-03
1.443893e-03
1.405456e-03
1.392161e-03
1.393828e-03
1.408220e-03
1.423857e-03
1.428438e-03
1.422242e-03
1.455247e-03
1.586301e-03
1.775071e-03
1.966392e-03
2.137724e-03
2.291094e-03
2.470343e-03
2.704505e-03
2.989249e-03
3.301143e-03
3.607284e-03
3.877601e-03
4.129191e-03
4.389485e-03
4.657494e-03
4.940027e-03
5.216394e-03
5.457968e-03
5.662732e-03
5.822123e-03
5.957144e-03
6.073094e-03
6.175130e-03
6.273303e-03
6.337461e-03
6.380710e-03
6.430750e-03
6.493952e-03
6.577226e-03
6.660621e-03
6.727025e-03
6.767090e-03
6.768898e-03
6.732553e-03
6.632017e-03
6.441338e-03
6.185090e-03
5.943711e-03
5.757918e-03
5.592941e-03
5.415570e-03
5.216613e-03
5.008824e-03
4.803203e-03
4.614677e-03
4.460627e-03
4.332380e-03
4.216374e-03
4.132870e-03
4.112016e-03
4.174338e-03
4.324484e-03
4.552944e-03
4.846001e-03
5.181974e-03
5.549913e-03
5.958861e-03
6.418096e-03
6.912786e-03
7.411465e-03
7.889443e-03
8.326093e-03
8.734475e-03
9.124406e-03
9.489103e-03
9.832475e-03
1.014977e-02
1.043184e-02
1.068088e-02
1.091605e-02
1.114388e-02
1.135585e-02
1.155494e-02
1.173807e-02
1.190773e-02
1.207134e-02
1.222973e-02
1.240604e-02
1.261412e-02
1.283309e-02
1.304044e-02
1.323253e-02
1.343409e-02
1.365146e-02
1.387657e-02
1.411178e-02
1.434134e-02
1.454740e-02
1.470178e-02
1.477956e-02
1.480193e-02
1.479891e-02
1.477408e-02
1.473146e-02
1.469732e-02
1.468330e-02
1.469079e-02
1.472533e-02
1.477791e-02
1.484212e-02
1.491025e-02
1.496095e-02
1.498368e-02
1.499230e-02
1.501301e-02
1.507356e-02
1.518920e-02
1.534806e-02
1.551054e-02
1.564977e-02
1.576352e-02
1.585110e-02
1.592342e-02
1.597676e-02
1.599641e-02
1.598965e-02
1.596247e-02
1.592208e-02
1.586698e-02
1.579009e-02
1.569722e-02
1.559005e-02
1.546863e-02
1.533603e-02
1.517353e-02
1.498744e-02
1.480619e-02
1.463013e-02
1.443606e-02
1.419107e-02
1.389261e-02
1.354139e-02
1.313993e-02
1.270823e-02
1.225920e-02
1.180028e-02
1.133690e-02
1.085913e-02
1.034156e-02
9.796032e-03
9.261015e-03
8.752074e-03
8.262415e-03
7.775018e-03
7.273132e-03
6.751161e-03
6.235813e-03
5.775450e-03
5.387865e-03
5.048354e-03
4.725122e-03
4.417385e-03
4.149085e-03
3.940026e-03
3.792919e-03
3.724747e-03
3.712291e-03
3.707724e-03
3.679419e-03
3.617947e-03
3.539206e-03
3.440171e-03
3.306623e-03
3.124170e-03
2.888427e-03
2.611206e-03
2.323886e-03
2.056945e-03
1.810144e-03
1.586456e-03
1.376574e-03
1.162833e-03
9.585014e-04
7.860446e-04
6.287408e-04
4.826594e-04
3.730757e-04
3.001518e-04
2.804491e-04
3.281160e-04
4.315368e-04
5.743102e-04
7.455843e-04
9.438120e-04
1.165218e-03
1.378673e-03
1.542930e-03
1.634968e-03
1.655436e-03
1.622540e-03
1.565052e-03
1.513737e-03
1.477302e-03
1.453448e-03
1.453851e-03
1.477077e-03
1.512465e-03
1.578046e-03
1.692027e-03
1.847352e-03
2.046877e-03
2.296351e-03
2.577852e-03
2.885260e-03
3.233485e-03
3.610414e-03
4.002368e-03
4.410122e-03
4.821744e-03
5.217293e-03
5.592187e-03
5.932727e-03
6.228157e-03
6.487609e-03
6.701511e-03
6.855071e-03
6.949919e-03
6.995910e-03
6.999687e-03
6.977580e-03
6.946497e-03
6.920169e-03
6.901768e-03
6.878814e-03
6.848815e-03
6.795241e-03
6.702315e-03
6.586565e-03
6.435087e-03
6.239527e-03
6.003525e-03
5.717395e-03
5.386138e-03
5.010109e-03
4.590627e-03
4.135999e-03
3.652382e-03
3.131939e-03
2.576229e-03
2.000104e-03
1.410447e-03
8.187753e-04
2.404817e-04
-3.163393e-04
-8.531661e-04
-1.358169e-03
-1.828160e-03
-2.278181e-03
-2.697145e-03
-3.071887e-03
-3.395392e-03
-3.660407e-03
-3.894760e-03
-4.113419e-03
-4.300012e-03
-4.442559e-03
-4.538007e-03
-4.580713e-03
-4.566654e-03
-4.525638e-03
-4.491649e-03
-4.477418e-03
-4.477777e-03
-4.475616e-03
-4.478228e-03
-4.484081e-03
-4.480519e-03
-4.483301e-03
-4.480964e-03
-4.452191e-03
-4.403955e-03
-4.353711e-03
-4.293412e-03
-4.202429e-03
-4.086277e-03
-3.940324e-03
-3.752279e-03
-3.523394e-03
-3.257312e-03
-2.971926e-03
-2.681575e-03
-2.373183e-03
-2.062083e-03
-1.766427e-03
-1.475682e-03
-1.192239e-03
-9.225512e-04
-6.613003e-04
-4.029910e-04
-1.423720e-04
1.207807e-04
3.838261e-04
6.386188e-04
9.030647e-04
1.182311e-03
1.462079e-03
1.747786e-03
2.052599e-03
2.379919e-03
2.723073e-03
3.075453e-03
3.440212e-03
3.811532e-03
4.189821e-03
4.591915e-03
5.004661e-03
5.412327e-03
5.824525e-03
6.234330e-03
6.620979e-03
6.965260e-03
7.266831e-03
7.539029e-03
7.772241e-03
7.944864e-03
8.054483e-03
8.114338e-03
8.131915e-03
8.134695e-03
8.134442e-03
8.115227e-03
8.076100e-03
8.018323e-03
7.961285e-03
7.920690e-03
7.889707e-03
7.866298e-03
7.830603e-03
7.766500e-03
7.690809e-03
7.622431e-03
7.565924e-03
7.503871e-03
7.404482e-03
7.219337e-03
6.940368e-03
6.612152e-03
6.264921e-03
5.886408e-03
5.445656e-03
4.934849e-03
4.373850e-03
3.775714e-03
3.169295e-03
2.578335e-03
1.996181e-03
1.420482e-03
8.528517e-04
3.292545e-04
-9.037971e-05
-4.094442e-04
-6.543838e-04
-8.335194e-04
-9.664010e-04
-1.066918e-03
-1.129533e-03
-1.144837e-03
-1.119385e-03
-1.083379e-03
-1.039909e-03
-9.560864e-04
-8.358358e-04
-7.054582e-04
-5.837416e-04
-4.821647e-04
-3.836361e-04
-2.831564e-04
-1.912258e-04
-1.059559e-04
-1.130836e-05
1.105713e-04
2.778508e-04
4.783157e-04
7.019246e-04
9.603529e-04
1.246290e-03
1.545871e-03
1.847041e-03
2.133881e-03
2.403339e-03
2.653291e-03
2.865325e-03
3.038262e-03
3.188925e-03
3.313860e-03
3.405361e-03
3.438492e-03
3.415601e-03
3.360040e-03
3.285149e-03
3.211491e-03
3.123171e-03
3.005233e-03
2.854286e-03
2.668940e-03
2.468527e-03
2.270202e-03
2.090323e-03
1.933891e-03
1.800839e-03
1.668021e-03
1.520082e-03
1.386236e-03
1.282122e-03
1.204381e-03
1.124220e-03
1.017222e-03
8.662055e-04
6.507545e-04
3.756817e-04
6.607574e-05
-2.272957e-04
-4.846856e-04
-7.486804e-04
-1.061731e-03
-1.410698e-03
-1.785962e-03
-2.187839e-03
-2.585888e-03
-2.950360e-03
-3.291353e-03
-3.650198e-03
-4.033566e-03
-4.386124e-03
-4.652595e-03
-4.826778e-03
-4.926018e-03
-5.004255e-03
-5.110431e-03
-5.212657e-03
-5.282903e-03
-5.338769e-03
-5.392107e-03
-5.438808e-03
-5.472020e-03
-5.505579e-03
-5.551805e-03
-5.596707e-03
-5.619436e-03
-5.612172e-03
-5.590496e-03
-5.549899e-03
-5.492695e-03
-5.413797e-03
-5.266535e-03
-5.049803e-03
-4.805694e-03
-4.564291e-03
-4.352559e-03
-4.177674e-03
-4.011268e-03
-3.821281e-03
-3.605328e-03
-3.375210e-03
-3.133988e-03
-2.868082e-03
-2.585871e-03
-2.305043e-03
-2.011477e-03
-1.726338e-03
-1.495803e-03
-1.315768e-03
-1.162002e-03
-1.038610e-03
-9.404816e-04
-8.464356e-04
-7.477065e-04
-6.387928e-04
-5.309777e-04
-4.294181e-04
-3.243163e-04
-2.298408e-04
-1.638103e-04
-1.247170e-04
-9.533532e-05
-9.407217e-05
-1.575792e-04
-2.792345e-04
-4.364835e-04
-6.192285e-04
-8.194931e-04
-1.036152e-03
-1.285660e-03
-1.570808e-03
-1.864619e-03
-2.151684e-03
-2.413911e-03
-2.645546e-03
-2.887128e-03
-3.159331e-03
-3.465832e-03
-3.780957e-03
-4.075069e-03
-4.353664e-03
-4.615701e-03
-4.893478e-03
-5.224807e-03
-5.607874e-03
-6.008954e-03
-6.381104e-03
-6.712684e-03
-7.027061e-03
-7.357097e-03
-7.700260e-03
-8.048285e-03
-8.404097e-03
-8.748161e-03
-9.069043e-03
-9.366265e-03
-9.658037e-03
-9.953082e-03
-1.022726e-02
-1.046609e-02
-1.066310e-02
-1.082696e-02
-1.096607e-02
-1.108006e-02
-1.117618e-02
-1.125891e-02
-1.132604e-02
-1.139862e-02
-1.148795e-02
-1.156914e-02
-1.160917e-02
-1.160190e-02
-1.156844e-02
-1.152323e-02
-1.145358e-02
-1.132317e-02
-1.112708e-02
-1.088307e-02
-1.059140e-02
-1.026434e-02
-9.928940e-03
-9.610935e-03
-9.317260e-03
-9.032235e-03
-8.722073e-03
-8.367755e-03
-7.999826e-03
-7.671781e-03
-7.400616e-03
-7.148536e-03
-6.899259e-03
-6.651961e-03
-6.425244e-03
-6.251997e-03
-6.149193e-03
-6.128644e-03
-6.174250e-03
-6.242649e-03
-6.250794e-03
-6.164906e-03
-6.016558e-03
-5.821135e-03
-5.593414e-03
-5.338289e-03
-5.056108e-03
-4.747589e-03
-4.407475e-03
-4.047920e-03
-3.698700e-03
-3.358699e-03
-3.003611e-03
-2.627274e-03
-2.242733e-03
-1.858180e-03
-1.473055e-03
-1.113451e-03
-8.074285e-04
-5.466875e-04
-3.229087e-04
-1.316636e-04
4.104059e-05
2.050062e-04
3.368276e-04
4.276630e-04
4.923540e-04
5.220280e-04
5.047171e-04
4.437721e-04
3.415392e-04
1.928603e-04
1.045513e-05
-1.647178e-04
-3.072277e-04
-4.045673e-04
-4.772616e-04
-5.465764e-04
-6.056997e-04
-6.472404e-04
-6.909489e-04
-7.639177e-04
-8.582010e-04
-9.421912e-04
-1.021552e-03
-1.122808e-03
-1.243119e-03
-1.370415e-03
-1.484140e-03
-1.577743e-03
-1.656766e-03
-1.721099e-03
-1.766995e-03
-1.792055e-03
-1.811919e-03
-1.837466e-03
-1.868229e-03
-1.897752e-03
-1.901714e-03
-1.885415e-03
-1.873023e-03
-1.865342e-03
-1.860309e-03
-1.875793e-03
-1.912739e-03
-1.990373e-03
-2.119963e-03
-2.282889e-03
-2.484308e-03
-2.735843e-03
-3.046957e-03
-3.423055e-03
-3.837359e-03
-4.247935e-03
-4.636399e-03
-5.003187e-03
-5.347110e-03
-5.665583e-03
-5.962998e-03
-6.234614e-03
-6.459471e-03
-6.627364e-03
-6.741710e-03
-6.810067e-03
-6.857778e-03
-6.898924e-03
-6.930140e-03
-6.938496e-03
-6.911183e-03
-6.847382e-03
-6.754291e-03
-6.656471e-03
-6.583362e-03
-6.533047e-03
-6.475995e-03
-6.392622e-03
-6.300358e-03
-6.209074e-03
-6.119044e-03
-6.050526e-03
-6.003326e-03
-5.960274e-03
-5.896607e-03
-5.803937e-03
-5.690855e-03
-5.553332e-03
-5.402833e-03
-5.246060e-03
-5.062096e-03
-4.830935e-03
-4.552211e-03
-4.237967e-03
-3.912290e-03
-3.593039e-03
-3.283127e-03
-2.978043e-03
-2.669321e-03
-2.375136e-03
-2.109573e-03
-1.877552e-03
-1.706209e-03
-1.604759e-03
-1.572028e-03
-1.590230e-03
-1.619446e-03
-1.657072e-03
-1.727800e-03
-1.863248e-03
-2.078060e-03
-2.345535e-03
-2.627628e-03
-2.925327e-03
-3.245783e-03
-3.574370e-03
-3.900333e-03
-4.219988e-03
-4.521156e-03
-4.774633e-03
-4.968043e-03
-5.110301e-03
-5.202498e-03
-5.274973e-03
-5.366614e-03
-5.467297e-03
-5.566025e-03
-5.677921e-03
-5.802012e-03
-5.923822e-03
-6.051890e-03
-6.192532e-03
-6.352724e-03
-6.537561e-03
-6.728431e-03
-6.908494e-03
-7.059163e-03
-7.176929e-03
-7.277756e-03
-7.363112e-03
-7.430913e-03
-7.503022e-03
-7.589360e-03
-7.673792e-03
-7.747786e-03
-7.811819e-03
-7.871939e-03
-7.947794e-03
-8.039735e-03
-8.143658e-03
-8.265074e-03
-8.408226e-03
-8.570923e-03
-8.745501e-03
-8.924369e-03
-9.107374e-03
-9.300472e-03
-9.488704e-03
-9.667791e-03
-9.827954e-03
-9.943333e-03
-1.001613e-02
-1.004902e-02
-1.005358e-02
-1.003557e-02
-9.980102e-03
-9.884892e-03
-9.757124e-03
-9.608427e-03
-9.447324e-03
-9.298034e-03
-9.180796e-03
-9.082966e-03
-8.976551e-03
-8.836337e-03
-8.664826e-03
-8.478104e-03
-8.284533e-03
-8.094273e-03
-7.916097e-03
-7.745040e-03
-7.575628e-03
-7.394332e-03
-7.183531e-03
-6.961839e-03
-6.758127e-03
-6.559715e-03
-6.317422e-03
-6.000491e-03
-5.615245e-03
-5.188050e-03
-4.731665e-03
-4.250267e-03
-3.768386e-03
-3.301159e-03
-2.842785e-03
-2.390065e-03
-1.961662e-03
-1.547972e-03
-1.155982e-03
-8.280296e-04
-5.665070e-04
-3.513776e-04
-1.584371e-04
3.327114e-05
2.417073e-04
4.751738e-04
7.048636e-04
8.859493e-04
9.999656e-04
1.057408e-03
1.105261e-03
1.179279e-03
1.272247e-03
1.332123e-03
1.315237e-03
1.242269e-03
1.131915e-03
9.825854e-04
8.169248e-04
6.529281e-04
4.640614e-04
2.226349e-04
-9.084848e-05
-4.836560e-04
-9.202675e-04
-1.355155e-03
-1.765272e-03
-2.146871e-03
-2.528009e-03
-2.928063e-03
-3.328640e-03
-3.710062e-03
-4.052392e-03
-4.325818e-03
-4.524590e-03
-4.677365e-03
-4.802694e-03
-4.896405e-03
-4.946311e-03
-4.920083e-03
-4.820952e-03
-4.689331e-03
-4.572330e-03
-4.497662e-03
-4.419884e-03
-4.288413e-03
-4.093557e-03
-3.861902e-03
-3.633100e-03
-3.431867e-03
-3.269724e-03
-3.134268e-03
-2.993866e-03
-2.826274e-03
-2.630697e-03
-2.420216e-03
-2.184711e-03
-1.914944e-03
-1.616440e-03
-1.287662e-03
-9.329924e-04
-5.815089e-04
-2.606841e-04
1.840785e-05
2.376894e-04
4.300710e-04
6.442445e-04
8.723183e-04
1.085860e-03
1.266119e-03
1.419681e-03
1.561211e-03
1.674845e-03
1.763160e-03
1.849946e-03
1.932692e-03
1.992985e-03
2.023170e-03
2.045350e-03
2.096614e-03
2.189267e-03
2.295410e-03
2.382630e-03
2.463446e-03
2.575142e-03
2.746542e-03
2.985730e-03
3.277405e-03
3.582171e-03
3.872372e-03
4.147141e-03
4.405243e-03
4.646677e-03
4.885368e-03
5.098349e-03
5.227088e-03
5.264093e-03
5.263027e-03
5.285013e-03
5.327419e-03
5.350306e-03
5.315833e-03
5.208630e-03
5.049686e-03
4.871306e-03
4.700154e-03
4.515468e-03
4.263054e-03
3.919664e-03
3.482169e-03
2.981216e-03
2.478078e-03
2.021532e-03
1.605881e-03
1.203056e-03
7.841456e-04
3.340953e-04
-1.127655e-04
-5.289268e-04
-9.211832e-04
-1.290998e-03
-1.632582e-03
-1.943343e-03
-2.231142e-03
-2.481115e-03
-2.649443e-03
-2.727018e-03
-2.750761e-03
-2.741021e-03
-2.725126e-03
-2.718471e-03
-2.717673e-03
-2.695193e-03
-2.617333e-03
-2.478787e-03
-2.308600e-03
-2.164930e-03
-2.066715e-03
-1.962676e-03
-1.823930e-03
-1.653646e-03
-1.461975e-03
-1.280955e-03
-1.137303e-03
-1.014059e-03
-8.595851e-04
-6.383091e-04
-3.656017e-04
-9.769777e-05
1.133799e-04
2.859837e-04
4.276797e-04
5.142869e-04
5.598920e-04
5.991042e-04
6.320865e-04
6.413488e-04
6.367543e-04
6.289493e-04
6.157468e-04
5.797872e-04
5.019684e-04
3.709356e-04
2.084620e-04
3.789675e-05
-1.471151e-04
-3.133010e-04
-4.209742e-04
-4.681600e-04
-4.531635e-04
-4.062679e-04
-3.657285e-04
-3.469530e-04
-3.580127e-04
-3.815385e-04
-4.125786e-04
-4.632546e-04
-5.386081e-04
-6.201419e-04
-6.788477e-04
-7.233239e-04
-7.648292e-04
-7.983899e-04
-8.524987e-04
-9.761766e-04
-1.183010e-03
-1.444316e-03
-1.737398e-03
-2.049475e-03
-2.381737e-03
-2.726196e-03
-3.033025e-03
-3.296360e-03
-3.517839e-03
-3.662045e-03
-3.737154e-03
-3.811750e-03
-3.940731e-03
-4.108637e-03
-4.270484e-03
-4.409024e-03
-4.520324e-03
-4.613769e-03
-4.707846e-03
-4.803637e-03
-4.879660e-03
-4.922889e-03
-4.923313e-03
-4.882134e-03
-4.837268e-03
-4.809050e-03
-4.775997e-03
-4.690203e-03
-4.527777e-03
-4.306747e-03
-4.036345e-03
-3.734909e-03
-3.435358e-03
-3.134571e-03
-2.833729e-03
-2.538141e-03
-2.248310e-03
-1.995591e-03
-1.807782e-03
-1.676884e-03
-1.582579e-03
-1.517056e-03
-1.489703e-03
-1.504664e-03
-1.566412e-03
-1.662495e-03
-1.769668e-03
-1.882311e-03
-1.992177e-03
-2.080944e-03
-2.148520e-03
-2.218602e-03
-2.295000e-03
-2.361061e-03
-2.411408e-03
-2.440921e-03
-2.441007e-03
-2.409033e-03
-2.355219e-03
-2.290036e-03
-2.213368e-03
-2.144713e-03
-2.080744e-03
-2.016530e-03
-1.970149e-03
-1.953172e-03
-1.973106e-03
-2.028060e-03
-2.121340e-03
-2.264581e-03
-2.432896e-03
-2.591276e-03
-2.717981e-03
-2.821166e-03
-2.914314e-03
-3.009133e-03
-3.128600e-03
-3.270534e-03
-3.432238e-03
-3.596342e-03
-3.753242e-03
-3.927999e-03
-4.122905e-03
-4.327278e-03
-4.533988e-03
-4.733042e-03
-4.909285e-03
-5.064501e-03
-5.208848e-03
-5.353965e-03
-5.517622e-03
-5.683934e-03
-5.836713e-03
-5.978684e-03
-6.125030e-03
-6.282556e-03
-6.431785e-03
-6.546401e-03
-6.602724e-03
-6.604914e-03
-6.557175e-03
-6.449002e-03
-6.286672e-03
-6.082162e-03
-5.835056e-03
-5.541954e-03
-5.214147e-03
-4.869425e-03
-4.521616e-03
-4.170408e-03
-3.813438e-03
-3.449593e-03
-3.048835e-03
-2.598372e-03
-2.130830e-03
-1.682969e-03
-1.275312e-03
-8.868945e-04
-5.097384e-04
-1.568609e-04
1.941699e-04
5.743713e-04
9.839610e-04
1.416553e-03
1.860559e-03
2.289240e-03
2.688858e-03
3.066801e-03
3.430434e-03
3.779452e-03
4.117263e-03
4.440975e-03
4.737449e-03
5.001686e-03
5.241117e-03
5.458480e-03
5.636543e-03
5.766593e-03
5.850695e-03
5.900247e-03
5.928108e-03
5.954207e-03
6.004106e-03
6.076775e-03
6.161749e-03
6.267264e-03
6.374488e-03
6.466458e-03
6.559514e-03
6.666942e-03
6.798280e-03
6.939973e-03
7.062821e-03
7.152045e-03
7.219753e-03
7.286249e-03
7.338159e-03
7.345258e-03
7.292083e-03
7.182593e-03
7.012127e-03
6.788061e-03
6.530683e-03
6.261392e-03
5.990379e-03
5.705020e-03
5.409983e-03
5.143043e-03
4.933158e-03
4.772852e-03
4.668487e-03
4.609520e-03
4.571285e-03
4.541553e-03
4.491594e-03
4.413576e-03
4.329873e-03
4.259598e-03
4.206905e-03
4.165942e-03
4.137760e-03
4.127522e-03
4.123948e-03
4.104556e-03
4.061216e-03
3.987054e-03
3.862185e-03
3.702360e-03
3.529206e-03
3.346810e-03
3.172418e-03
3.025965e-03
2.948495e-03
2.959313e-03
3.033995e-03
3.160872e-03
3.340521e-03
3.553005e-03
3.772322e-03
3.981750e-03
4.166806e-03
4.331503e-03
4.493177e-03
4.664422e-03
4.855485e-03
5.069542e-03
5.290133e-03
5.515013e-03
5.735618e-03
5.923065e-03
6.050447e-03
6.107082e-03
6.114714e-03
6.102161e-03
6.099231e-03
6.129355e-03
6.191689e-03
6.286106e-03
6.397504e-03
6.527142e-03
6.692299e-03
6.884944e-03
7.078485e-03
7.237535e-03
7.371259e-03
7.518024e-03
7.710326e-03
7.960609e-03
8.229198e-03
8.468472e-03
8.661159e-03
8.781858e-03
8.835512e-03
8.852509e-03
8.828838e-03
8.758933e-03
8.638042e-03
8.473606e-03
8.308563e-03
8.163238e-03
8.014564e-03
7.821344e-03
7.559989e-03
7.253061e-03
6.923414e-03
6.600441e-03
6.311737e-03
6.078299e-03
5.882368e-03
5.690672e-03
5.516310e-03
5.365101e-03
5.214172e-03
5.039251e-03
4.809948e-03
4.540026e-03
4.270916e-03
4.042224e-03
3.899790e-03
3.832078e-03
3.788756e-03
3.718166e-03
3.598399e-03
3.432149e-03
3.221763e-03
2.969049e-03
2.683016e-03
2.395697e-03
2.119611e-03
1.859276e-03
1.639645e-03
1.441903e-03
1.219640e-03
9.574928e-04
6.707327e-04
3.735293e-04
7.526228e-05
-2.031053e-04
-4.402348e-04
-6.600584e-04
-9.077346e-04
-1.197717e-03
-1.521959e-03
-1.857207e-03
-2.187364e-03
-2.510470e-03
-2.818823e-03
-3.099759e-03
-3.342470e-03
-3.546321e-03
-3.708429e-03
-3.846848e-03
-3.974413e-03
-4.103420e-03
-4.235490e-03
-4.328670e-03
-4.379442e-03
-4.407435e-03
-4.418477e-03
-4.408262e-03
-4.365506e-03
-4.280031e-03
-4.139136e-03
-3.921165e-03
-3.630883e-03
-3.297484e-03
-2.962466e-03
-2.644176e-03
-2.322109e-03
-1.978749e-03
-1.621861e-03
-1.243529e-03
-8.520986e-04
-4.751779e-04
-1.022064e-04
3.151618e-04
7.986722e-04
1.324574e-03
1.853082e-03
2.331687e-03
2.718962e-03
3.014455e-03
3.261559e-03
3.515566e-03
3.799016e-03
4.098029e-03
4.391466e-03
4.671994e-03
4.971491e-03
5.337218e-03
5.754358e-03
6.183494e-03
6.591020e-03
6.937415e-03
7.231942e-03
7.523210e-03
7.825437e-03
8.123561e-03
8.412074e-03
8.686880e-03
8.925357e-03
9.112706e-03
9.282838e-03
9.475075e-03
9.686716e-03
9.908023e-03
1.012439e-02
1.032348e-02
1.050342e-02
1.067371e-02
1.082371e-02
1.093201e-02
1.098857e-02
1.098660e-02
1.094272e-02
1.088852e-02
1.082276e-02
1.072738e-02
1.060084e-02
1.044156e-02
1.024303e-02
9.991439e-03
9.685927e-03
9.335912e-03
8.959514e-03
8.587991e-03
8.235859e-03
7.872364e-03
7.472515e-03
7.037859e-03
6.542778e-03
5.985882e-03
5.391671e-03
4.770348e-03
4.124914e-03
3.472911e-03
2.860455e-03
2.316225e-03
1.813541e-03
1.333442e-03
8.760890e-04
4.429862e-04
3.243933e-05
-3.521465e-04
-7.082608e-04
-1.007841e-03
-1.216099e-03
-1.340888e-03
-1.410160e-03
-1.438264e-03
-1.437122e-03
-1.438795e-03
-1.465724e-03
-1.488900e-03
-1.495442e-03
-1.500282e-03
-1.502173e-03
-1.488908e-03
-1.453914e-03
-1.406839e-03
-1.359118e-03
-1.331562e-03
-1.334381e-03
-1.358099e-03
-1.403663e-03
-1.460826e-03
-1.487135e-03
-1.458308e-03
-1.410429e-03
-1.382580e-03
-1.352969e-03
-1.318649e-03
-1.293648e-03
-1.232824e-03
-1.097935e-03
-8.961262e-04
-6.485542e-04
-3.786232e-04
-8.403751e-05
2.440523e-04
5.962083e-04
9.473587e-04
1.282843e-03
1.596648e-03
1.895018e-03
2.200348e-03
2.527334e-03
2.871648e-03
3.218060e-03
3.560647e-03
3.891023e-03
4.177418e-03
4.400252e-03
4.572949e-03
4.713698e-03
4.809769e-03
4.865589e-03
4.898255e-03
4.906149e-03
4.880885e-03
4.798292e-03
4.650799e-03
4.460475e-03
4.252427e-03
4.046558e-03
3.830459e-03
3.576197e-03
3.280339e-03
2.968844e-03
2.667104e-03
2.370530e-03
2.075547e-03
1.784385e-03
1.489498e-03
1.222436e-03
1.015847e-03
8.760592e-04
7.919692e-04
7.427725e-04
7.199908e-04
7.336287e-04
8.025442e-04
9.271556e-04
1.086470e-03
1.252621e-03
1.416063e-03
1.576888e-03
1.731789e-03
1.875543e-03
1.994395e-03
2.077221e-03
2.140132e-03
2.213656e-03
2.305515e-03
2.400903e-03
2.494162e-03
2.562587e-03
2.604294e-03
2.647660e-03
2.696946e-03
2.752251e-03
2.826011e-03
2.910215e-03
2.975276e-03
3.016772e-03
3.049320e-03
3.074535e-03
3.075880e-03
3.052076e-03
3.011982e-03
2.953708e-03
2.898609e-03
2.869869e-03
2.854807e-03
2.831825e-03
2.781283e-03
2.700011e-03
2.599394e-03
2.487241e-03
2.358164e-03
2.214159e-03
2.082799e-03
1.967543e-03
1.855864e-03
1.777539e-03
1.747572e-03
1.731248e-03
1.701922e-03
1.658258e-03
1.612300e-03
1.576460e-03
1.546900e-03
1.528697e-03
1.537784e-03
1.579718e-03
1.645380e-03
1.725641e-03
1.822198e-03
1.914458e-03
1.975486e-03
1.997887e-03
1.995179e-03
1.988032e-03
1.994789e-03
2.019197e-03
2.056669e-03
2.095231e-03
2.136110e-03
2.185310e-03
2.220468e-03
2.235526e-03
2.237833e-03
2.229560e-03
2.236748e-03
2.288690e-03
2.381687e-03
2.513176e-03
2.675628e-03
2.831493e-03
2.968603e-03
3.106104e-03
3.261059e-03
3.446360e-03
3.659061e-03
3.878886e-03
4.101293e-03
4.351236e-03
4.635877e-03
4.938671e-03
5.223563e-03
5.442928e-03
5.592021e-03
5.684348e-03
5.715246e-03
5.704328e-03
5.685775e-03
5.656882e-03
5.605864e-03
5.536628e-03
5.463200e-03
5.391978e-03
5.322001e-03
5.247532e-03
5.161135e-03
5.063877e-03
4.962931e-03
4.893983e-03
4.904024e-03
5.005576e-03
5.164237e-03
5.335282e-03
5.501247e-03
5.659098e-03
5.821972e-03
5.991339e-03
6.148332e-03
6.271244e-03
6.327620e-03
6.291222e-03
6.175115e-03
6.018923e-03
5.859542e-03
5.696000e-03
5.519094e-03
5.328246e-03
5.116951e-03
4.895134e-03
4.677225e-03
4.464296e-03
4.261948e-03
4.084145e-03
3.948477e-03
3.871281e-03
3.841808e-03
3.843220e-03
3.863145e-03
3.883752e-03
3.882319e-03
3.841824e-03
3.763671e-03
3.657330e-03
3.525834e-03
3.384632e-03
3.261795e-03
3.176862e-03
3.133502e-03
3.116967e-03
3.083680e-03
3.011074e-03
2.916019e-03
2.806692e-03
2.693194e-03
2.613413e-03
2.579919e-03
2.572920e-03
2.591661e-03
2.619918e-03
2.645532e-03
2.700903e-03
2.790684e-03
2.884225e-03
2.956001e-03
3.003761e-03
3.049849e-03
3.121181e-03
3.206117e-03
3.270660e-03
3.317485e-03
3.368851e-03
3.427703e-03
3.494350e-03
3.557407e-03
3.608633e-03
3.647836e-03
3.680859e-03
3.719596e-03
3.770223e-03
3.834527e-03
3.904157e-03
3.952802e-03
3.964211e-03
3.958017e-03
3.964149e-03
3.983151e-03
3.999007e-03
3.995181e-03
3.951346e-03
3.875904e-03
3.812038e-03
3.784127e-03
3.777442e-03
3.760673e-03
3.735559e-03
3.714403e-03
3.685670e-03
3.634839e-03
3.536562e-03
3.395599e-03
3.240603e-03
3.092124e-03
2.956280e-03
2.841275e-03
2.782659e-03
2.766184e-03
2.748309e-03
2.704038e-03
2.615172e-03
2.492715e-03
2.345522e-03
2.190269e-03
2.038255e-03
1.886462e-03
1.718768e-03
1.519258e-03
1.294080e-03
1.049670e-03
7.815323e-04
4.886117e-04
1.922627e-04
-8.094667e-05
-3.187653e-04
-5.274271e-04
-7.045092e-04
-8.518759e-04
-1.027331e-03
-1.259101e-03
-1.512391e-03
-1.765905e-03
-2.019757e-03
-2.286779e-03
-2.579226e-03
-2.890110e-03
-3.194337e-03
-3.450535e-03
-3.648633e-03
-3.835564e-03
-4.035736e-03
-4.247056e-03
-4.465275e-03
-4.672744e-03
-4.856330e-03
-5.006039e-03
-5.121233e-03
-5.222063e-03
-5.325742e-03
-5.426395e-03
-5.495826e-03
-5.517047e-03
-5.511818e-03
-5.515380e-03
-5.538256e-03
-5.581488e-03
-5.639169e-03
-5.698869e-03
-5.767356e-03
-5.862687e-03
-5.976017e-03
-6.091462e-03
-6.198976e-03
-6.292973e-03
-6.387112e-03
-6.494852e-03
-6.610059e-03
-6.721093e-03
-6.814257e-03
-6.881149e-03
-6.928069e-03
-6.976469e-03
-7.026340e-03
-7.058052e-03
-7.056052e-03
-7.020666e-03
-6.964021e-03
-6.892514e-03
-6.825448e-03
-6.785514e-03
-6.757279e-03
-6.701403e-03
-6.611919e-03
-6.505332e-03
-6.394000e-03
-6.295359e-03
-6.219780e-03
-6.152342e-03
-6.066389e-03
-5.936859e-03
-5.762885e-03
-5.559539e-03
-5.343514e-03
-5.130192e-03
-4.939930e-03
-4.789217e-03
-4.683519e-03
-4.636000e-03
-4.632620e-03
-4.635848e-03
-4.640872e-03
-4.638744e-03
-4.613684e-03
-4.557626e-03
-4.466513e-03
-4.366659e-03
-4.305971e-03
-4.313982e-03
-4.383581e-03
-4.492896e-03
-4.615873e-03
-4.715102e-03
-4.771979e-03
-4.776777e-03
-4.728802e-03
-4.640293e-03
-4.555830e-03
-4.511872e-03
-4.500973e-03
-4.519550e-03
-4.556297e-03
-4.593503e-03
-4.618949e-03
-4.609339e-03
-4.552291e-03
-4.454492e-03
-4.334431e-03
-4.236487e-03
-4.201220e-03
-4.231414e-03
-4.316038e-03
-4.447555e-03
-4.609128e-03
-4.774594e-03
-4.916706e-03
-5.006685e-03
-5.029322e-03
-4.997088e-03
-4.938564e-03
-4.882973e-03
-4.847632e-03
-4.843461e-03
-4.863901e-03
-4.900391e-03
-4.940908e-03
-4.960354e-03
-4.949600e-03
-4.890726e-03
-4.774063e-03
-4.642726e-03
-4.551536e-03
-4.514115e-03
-4.508591e-03
-4.523349e-03
-4.543804e-03
-4.540721e-03
-4.510039e-03
-4.455059e-03
-4.376338e-03
-4.284043e-03
-4.185376e-03
-4.073508e-03
-3.940641e-03
-3.807929e-03
-3.678108e-03
-3.528628e-03
-3.361019e-03
-3.188520e-03
-3.010096e-03
-2.838983e-03
-2.688515e-03
-2.564803e-03
-2.486402e-03
-2.460644e-03
-2.487751e-03
-2.551312e-03
-2.623586e-03
-2.667664e-03
-2.658463e-03
-2.608420e-03
-2.538209e-03
-2.493281e-03
-2.517816e-03
-2.604359e-03
-2.707829e-03
-2.779124e-03
-2.805564e-03
-2.781014e-03
-2.707337e-03
-2.600759e-03
-2.456754e-03
-2.268102e-03
-2.046303e-03
-1.818977e-03
-1.633245e-03
-1.509362e-03
-1.428604e-03
-1.357258e-03
-1.267458e-03
-1.149804e-03
-1.021776e-03
-9.314199e-04
-9.086770e-04
-9.357449e-04
-9.823530e-04
-1.041364e-03
-1.111911e-03
-1.193106e-03
-1.289628e-03
-1.402820e-03
-1.524934e-03
-1.662456e-03
-1.812920e-03
-1.983702e-03
-2.198695e-03
-2.464491e-03
-2.771358e-03
-3.078095e-03
-3.361581e-03
-3.626763e-03
-3.876391e-03
-4.132935e-03
-4.416048e-03
-4.719548e-03
-5.030803e-03
-5.346318e-03
-5.653878e-03
-5.950497e-03
-6.262725e-03
-6.586944e-03
-6.883995e-03
-7.118673e-03
-7.281960e-03
-7.393287e-03
-7.486277e-03
-7.589420e-03
-7.707859e-03
-7.830419e-03
-7.960474e-03
-8.103747e-03
-8.239209e-03
-8.357566e-03
-8.459407e-03
-8.536588e-03
-8.602603e-03
-8.661486e-03
-8.693147e-03
-8.698629e-03
-8.678565e-03
-8.636421e-03
-8.589156e-03
-8.556248e-03
-8.534727e-03
-8.507488e-03
-8.461864e-03
-8.394710e-03
-8.324265e-03
-8.265327e-03
-8.225197e-03
-8.218061e-03
-8.228886e-03
-8.233689e-03
-8.214913e-03
-8.163053e-03
-8.094855e-03
-8.017621e-03
-7.926082e-03
-7.796601e-03
-7.611859e-03
-7.394231e-03
-7.167266e-03
-6.946444e-03
-6.742082e-03
-6.538743e-03
-6.298733e-03
-5.998697e-03
-5.662048e-03
-5.322752e-03
-4.997020e-03
-4.693180e-03
-4.415205e-03
-4.161779e-03
-3.936427e-03
-3.746560e-03
-3.594137e-03
-3.475081e-03
-3.393128e-03
-3.325088e-03
-3.254512e-03
-3.182372e-03
-3.111692e-03
-3.038345e-03
-2.952459e-03
-2.847446e-03
-2.730611e-03
-2.642481e-03
-2.586949e-03
-2.542533e-03
-2.508295e-03
-2.489649e-03
-2.490373e-03
-2.496696e-03
-2.481523e-03
-2.424366e-03
-2.311704e-03
-2.144877e-03
-1.930872e-03
-1.711212e-03
-1.508789e-03
-1.321914e-03
-1.196001e-03
-1.159105e-03
-1.197833e-03
-1.284496e-03
-1.374806e-03
-1.442602e-03
-1.488653e-03
-1.508106e-03
-1.503026e-03
-1.486213e-03
-1.462821e-03
-1.437649e-03
-1.405576e-03
-1.378639e-03
-1.390218e-03
-1.448532e-03
-1.515412e-03
-1.547744e-03
-1.525618e-03
-1.429894e-03
-1.274713e-03
-1.094396e-03
-9.176015e-04
-7.526011e-04
-6.078815e-04
-4.974918e-04
-4.155286e-04
-3.664353e-04
-3.508377e-04
-3.286175e-04
-2.781575e-04
-1.932996e-04
-7.169204e-05
6.976355e-05
2.032587e-04
3.149602e-04
4.139706e-04
5.270141e-04
6.672766e-04
8.008979e-04
9.134773e-04
1.018335e-03
1.103355e-03
1.167902e-03
1.245577e-03
1.338837e-03
1.436058e-03
1.566706e-03
1.750197e-03
1.942657e-03
2.102918e-03
2.233694e-03
2.341693e-03
2.427148e-03
2.498203e-03
2.557668e-03
2.599369e-03
2.621527e-03
2.626655e-03
2.622948e-03
2.628180e-03
2.642184e-03
2.648274e-03
2.621005e-03
2.548769e-03
2.434313e-03
2.296713e-03
2.168097e-03
2.070432e-03
2.019633e-03
2.006278e-03
1.999053e-03
1.974907e-03
1.929647e-03
1.872662e-03
1.798105e-03
1.687900e-03
1.518131e-03
1.298778e-03
1.055291e-03
7.972374e-04
5.373905e-04
2.776455e-04
7.753329e-06
-2.979779e-04
-6.497131e-04
-1.035992e-03
-1.443773e-03
-1.856671e-03
-2.289992e-03
-2.758941e-03
-3.244610e-03
-3.727266e-03
-4.174809e-03
-4.550167e-03
-4.861476e-03
-5.119748e-03
-5.319459e-03
-5.487082e-03
-5.627347e-03
-5.723535e-03
-5.768180e-03
-5.768510e-03
-5.745935e-03
-5.704189e-03
-5.650842e-03
-5.575473e-03
-5.459146e-03
-5.301599e-03
-5.110164e-03
-4.904421e-03
-4.704544e-03
-4.516321e-03
-4.322600e-03
-4.115164e-03
-3.900570e-03
-3.684505e-03
-3.490570e-03
-3.321557e-03
-3.152752e-03
-2.969292e-03
-2.762913e-03
-2.529241e-03
-2.277095e-03
-2.017792e-03
-1.754735e-03
-1.500972e-03
-1.275038e-03
-1.090453e-03
-9.599809e-04
-8.909440e-04
-8.646084e-04
-8.441244e-04
-8.227144e-04
-8.152558e-04
-8.113727e-04
-8.115447e-04
-8.465719e-04
-9.258469e-04
-1.044782e-03
-1.200245e-03
-1.378772e-03
-1.572877e-03
-1.764103e-03
-1.924576e-03
-2.053886e-03
-2.184017e-03
-2.331130e-03
-2.493592e-03
-2.671330e-03
-2.842601e-03
-2.992851e-03
-3.126560e-03
-3.240233e-03
-3.328448e-03
-3.375864e-03
-3.404500e-03
-3.438490e-03
-3.470638e-03
-3.521783e-03
-3.605207e-03
-3.707561e-03
-3.810963e-03
-3.877976e-03
-3.883870e-03
-3.822557e-03
-3.711417e-03
-3.560042e-03
-3.347492e-03
-3.095174e-03
-2.831604e-03
-2.560054e-03
-2.296216e-03
-2.061183e-03
-1.856084e-03
-1.664434e-03
-1.473308e-03
-1.291443e-03
-1.145256e-03
-1.013849e-03
-8.588445e-04
-6.961654e-04
-5.619827e-04
-4.683570e-04
-4.080662e-04
-3.784753e-04
-3.787957e-04
-3.915621e-04
-3.796692e-04
-3.214349e-04
-2.499222e-04
-1.781688e-04
-8.362685e-05
2.938283e-05
1.400608e-04
2.362070e-04
3.170050e-04
3.710584e-04
3.910196e-04
3.970628e-04
3.936758e-04
3.712587e-04
3.209528e-04
2.246645e-04
8.569264e-05
-9.073830e-05
-3.013333e-04
-5.079458e-04
-6.911930e-04
-8.418637e-04
-9.209409e-04
-9.054051e-04
-7.989755e-04
-6.326914e-04
-4.352166e-04
-2.326419e-04
-4.594255e-05
1.330007e-04
2.902781e-04
4.084329e-04
5.111516e-04
6.301990e-04
7.744641e-04
9.368338e-04
1.102055e-03
1.251610e-03
1.366612e-03
1.437876e-03
1.456903e-03
1.413628e-03
1.312298e-03
1.164286e-03
9.686391e-04
7.596524e-04
5.665487e-04
3.744602e-04
1.773659e-04
-1.579044e-05
-2.096973e-04
-4.105331e-04
-6.370439e-04
-8.835416e-04
-1.121056e-03
-1.357781e-03
-1.627935e-03
-1.931479e-03
-2.224369e-03
-2.491740e-03
-2.740652e-03
-2.971157e-03
-3.179369e-03
-3.346784e-03
-3.459084e-03
-3.505219e-03
-3.488072e-03
-3.441882e-03
-3.392025e-03
-3.326269e-03
-3.233927e-03
-3.108816e-03
-2.951140e-03
-2.770476e-03
-2.573333e-03
-2.374423e-03
-2.174573e-03
-1.961111e-03
-1.705371e-03
-1.395929e-03
-1.068016e-03
-7.352561e-04
-3.996033e-04
-5.851844e-05
2.893362e-04
6.368027e-04
9.863561e-04
1.323874e-03
1.641429e-03
1.948344e-03
2.251715e-03
2.547732e-03
2.835702e-03
3.117692e-03
3.387695e-03
3.636632e-03
3.853826e-03
4.049835e-03
4.240291e-03
4.422565e-03
4.592481e-03
4.746281e-03
4.867738e-03
4.950912e-03
4.988745e-03
4.985680e-03
4.942026e-03
4.865493e-03
4.782521e-03
4.708933e-03
4.648549e-03
4.609920e-03
4.598227e-03
4.597241e-03
4.578100e-03
4.517796e-03
4.401337e-03
4.224464e-03
3.996446e-03
3.718599e-03
3.405407e-03
3.101609e-03
2.843877e-03
2.629196e-03
2.435680e-03
2.255204e-03
2.096409e-03
1.971510e-03
1.893499e-03
1.854334e-03
1.849102e-03
1.880072e-03
1.949707e-03
2.081906e-03
2.278492e-03
2.513671e-03
2.765887e-03
3.012223e-03
3.254233e-03
3.479076e-03
3.677691e-03
3.878365e-03
4.095108e-03
4.327902e-03
4.546650e-03
4.736223e-03
4.888070e-03
4.979764e-03
5.012766e-03
4.996634e-03
4.950744e-03
4.876467e-03
4.761303e-03
4.644361e-03
4.576722e-03
4.561333e-03
4.586520e-03
4.644224e-03
4.690161e-03
4.691471e-03
4.638572e-03
4.537846e-03
4.418831e-03
4.331941e-03
4.320842e-03
4.357972e-03
4.408143e-03
4.476712e-03
4.558949e-03
4.624104e-03
4.650438e-03
4.659559e-03
4.676829e-03
4.689589e-03
4.670727e-03
4.667140e-03
4.734546e-03
4.865521e-03
5.036802e-03
5.218041e-03
5.386495e-03
5.535468e-03
5.656123e-03
5.754294e-03
5.849908e-03
5.944381e-03
6.029171e-03
6.083361e-03
6.086062e-03
6.058247e-03
6.039235e-03
6.030633e-03
5.998102e-03
5.923406e-03
5.800751e-03
5.639609e-03
5.464247e-03
5.301322e-03
5.179791e-03
5.120016e-03
5.116038e-03
5.139393e-03
5.170969e-03
5.204423e-03
5.247837e-03
5.319719e-03
5.400162e-03
5.470563e-03
5.531354e-03
5.572837e-03
5.589759e-03
5.573642e-03
5.535977e-03
5.468572e-03
5.370734e-03
5.268463e-03
5.158362e-03
5.036096e-03
4.916814e-03
4.821641e-03
4.758620e-03
4.734398e-03
4.751280e-03
4.780374e-03
4.788584e-03
4.777611e-03
4.769934e-03
4.759276e-03
4.740426e-03
4.733173e-03
4.754245e-03
4.783921e-03
4.797848e-03
4.820251e-03
4.873225e-03
4.960024e-03
5.050089e-03
5.090647e-03
5.069563e-03
4.992606e-03
4.873669e-03
4.752058e-03
4.662765e-03
4.603412e-03
4.546521e-03
4.492858e-03
4.450059e-03
4.403656e-03
4.366572e-03
4.363213e-03
4.383973e-03
4.395082e-03
4.370710e-03
4.323248e-03
4.307324e-03
4.360213e-03
4.463804e-03
4.592328e-03
4.727275e-03
4.845128e-03
4.943405e-03
5.036246e-03
5.150578e-03
5.302397e-03
5.472793e-03
5.628206e-03
5.753981e-03
5.848226e-03
5.913872e-03
5.977861e-03
6.056116e-03
6.125125e-03
6.159480e-03
6.168502e-03
6.180252e-03
6.218222e-03
6.289463e-03
6.396919e-03
6.531870e-03
6.662256e-03
6.764548e-03
6.834485e-03
6.905240e-03
7.000047e-03
7.119323e-03
7.269757e-03
7.444489e-03
7.624727e-03
7.796690e-03
7.972831e-03
8.160399e-03
8.319335e-03
8.435377e-03
8.523362e-03
8.586886e-03
8.622493e-03
8.636465e-03
8.661689e-03
8.713209e-03
8.761018e-03
8.775985e-03
8.741653e-03
8.656585e-03
8.510803e-03
8.303589e-03
8.061282e-03
7.814205e-03
7.596000e-03
7.417491e-03
7.286768e-03
7.216622e-03
7.177107e-03
7.127576e-03
7.045670e-03
6.924636e-03
6.767630e-03
6.587416e-03
6.415864e-03
6.276547e-03
6.174041e-03
6.111148e-03
6.080879e-03
6.088071e-03
6.115913e-03
6.134677e-03
6.143119e-03
6.158158e-03
6.166154e-03
6.148079e-03
6.117233e-03
6.101705e-03
6.104891e-03
6.092588e-03
6.053516e-03
6.011999e-03
5.972781e-03
5.941209e-03
5.916317e-03
5.875118e-03
5.825708e-03
5.775570e-03
5.713218e-03
5.637954e-03
5.535341e-03
5.386402e-03
5.183919e-03
4.939199e-03
4.691084e-03
4.452126e-03
4.212364e-03
3.975923e-03
3.752244e-03
3.546995e-03
3.357868e-03
3.174980e-03
2.989118e-03
2.818729e-03
2.665908e-03
2.506152e-03
2.350245e-03
2.228656e-03
2.142164e-03
2.080636e-03
2.024852e-03
1.959656e-03
1.888288e-03
1.800524e-03
1.681168e-03
1.551670e-03
1.449227e-03
1.380535e-03
1.329934e-03
1.292472e-03
1.252704e-03
1.205087e-03
1.157206e-03
1.116409e-03
1.088069e-03
1.047921e-03
9.799669e-04
8.977560e-04
8.208108e-04
7.697775e-04
7.613033e-04
7.733308e-04
7.767943e-04
7.519485e-04
6.826173e-04
5.712158e-04
4.274611e-04
2.539772e-04
5.071549e-05
-1.754839e-04
-4.074406e-04
-6.214916e-04
-8.082315e-04
-9.687461e-04
-1.093546e-03
-1.169148e-03
-1.196395e-03
-1.206300e-03
-1.219288e-03
-1.238539e-03
-1.273601e-03
-1.318577e-03
-1.362152e-03
-1.402266e-03
-1.457709e-03
-1.531480e-03
-1.617233e-03
-1.718294e-03
-1.848394e-03
-1.983600e-03
-2.084275e-03
-2.151018e-03
-2.203726e-03
-2.265790e-03
-2.344370e-03
-2.429277e-03
-2.516404e-03
-2.614251e-03
-2.743526e-03
-2.904520e-03
-3.083187e-03
-3.261518e-03
-3.410802e-03
-3.510882e-03
-3.566965e-03
-3.627717e-03
-3.721825e-03
-3.860029e-03
-4.032109e-03
-4.206657e-03
-4.374924e-03
-4.525321e-03
-4.653795e-03
-4.771584e-03
-4.876035e-03
-4.955519e-03
-4.997092e-03
-5.000130e-03
-4.971692e-03
-4.921679e-03
-4.871838e-03
-4.822742e-03
-4.777262e-03
-4.739743e-03
-4.699692e-03
-4.665410e-03
-4.658239e-03
-4.680327e-03
-4.734797e-03
-4.822586e-03
-4.926289e-03
-5.028020e-03
-5.119029e-03
-5.202857e-03
-5.291787e-03
-5.394637e-03
-5.520329e-03
-5.666627e-03
-5.816493e-03
-5.964023e-03
-6.108490e-03
-6.262843e-03
-6.437446e-03
-6.615933e-03
-6.769303e-03
-6.900590e-03
-7.032835e-03
-7.168757e-03
-7.323318e-03
-7.518100e-03
-7.749957e-03
-7.991911e-03
-8.232173e-03
-8.487580e-03
-8.757205e-03
-9.014775e-03
-9.249353e-03
-9.468600e-03
-9.670638e-03
-9.835813e-03
-9.964565e-03
-1.004908e-02
-1.009123e-02
-1.012569e-02
-1.016624e-02
-1.020904e-02
-1.024770e-02
-1.027206e-02
-1.026686e-02
-1.020983e-02
-1.009379e-02
-9.925610e-03
-9.717262e-03
-9.464203e-03
-9.158157e-03
-8.800902e-03
-8.411677e-03
-8.028972e-03
-7.689222e-03
-7.392823e-03
-7.118688e-03
-6.853459e-03
-6.599451e-03
-6.373091e-03
-6.198245e-03
-6.105398e-03
-6.104679e-03
-6.159207e-03
-6.242829e-03
-6.355144e-03
-6.494326e-03
-6.649801e-03
-6.814298e-03
-6.974514e-03
-7.107483e-03
-7.201980e-03
-7.261124e-03
-7.288644e-03
-7.296522e-03
-7.300582e-03
-7.289596e-03
-7.254607e-03
-7.208250e-03
-7.167835e-03
-7.163922e-03
-7.217881e-03
-7.312027e-03
-7.424775e-03
-7.547654e-03
-7.679348e-03
-7.820492e-03
-7.976354e-03
-8.150591e-03
-8.319966e-03
-8.441972e-03
-8.497886e-03
-8.498229e-03
-8.447425e-03
-8.355662e-03
-8.272596e-03
-8.230137e-03
-8.217856e-03
-8.217151e-03
-8.239169e-03
-8.301610e-03
-8.388623e-03
-8.496033e-03
-8.592766e-03
-8.632918e-03
-8.593528e-03
-8.465892e-03
-8.279379e-03
-8.081046e-03
-7.902791e-03
-7.735358e-03
-7.565123e-03
-7.389610e-03
-7.178730e-03
-6.918540e-03
-6.614442e-03
-6.267018e-03
-5.882324e-03
-5.453876e-03
-4.994330e-03
-4.532266e-03
-4.081797e-03
-3.675184e-03
-3.331450e-03
-3.042117e-03
-2.804168e-03
-2.611988e-03
-2.460525e-03
-2.341194e-03
-2.250183e-03
-2.201513e-03
-2.191111e-03
-2.217269e-03
-2.284540e-03
-2.375630e-03
-2.468586e-03
-2.553206e-03
-2.619645e-03
-2.650345e-03
-2.646390e-03
-2.619394e-03
-2.560175e-03
-2.459801e-03
-2.315196e-03
-2.122927e-03
-1.884207e-03
-1.608646e-03
-1.310631e-03
-9.908847e-04
-6.768723e-04
-3.977131e-04
-1.538137e-04
6.273980e-05
2.477476e-04
3.922166e-04
5.066042e-04
5.888407e-04
6.441023e-04
6.898223e-04
7.346782e-04
7.846143e-04
8.337643e-04
8.740589e-04
9.110841e-04
9.455249e-04
9.432668e-04
8.712154e-04
7.119282e-04
4.341930e-04
3.026255e-05
-4.576642e-04
-9.807438e-04
-1.520049e-03
-2.074667e-03
-2.636746e-03
-3.185219e-03
-3.714515e-03
-4.208864e-03
-4.644030e-03
-5.016223e-03
-5.333210e-03
-5.621443e-03
-5.907461e-03
-6.186299e-03
-6.435601e-03
-6.654959e-03
-6.838842e-03
-6.955888e-03
-6.997504e-03
-6.975077e-03
-6.896785e-03
-6.757792e-03
-6.542467e-03
-6.247616e-03
-5.877093e-03
-5.466013e-03
-5.057696e-03
-4.687948e-03
-4.366367e-03
-4.076046e-03
-3.825510e-03
-3.607306e-03
-3.409113e-03
-3.243674e-03
-3.121781e-03
-3.040816e-03
-2.986448e-03
-2.950448e-03
-2.946445e-03
-2.990531e-03
-3.090733e-03
-3.232608e-03
-3.388002e-03
-3.528247e-03
-3.622021e-03
-3.641898e-03
-3.558778e-03
-3.347975e-03
-2.996643e-03
-2.501625e-03
-1.876171e-03
-1.135113e-03
-2.952666e-04
6.218772e-04
1.576759e-03
2.528383e-03
3.464630e-03
4.386461e-03
5.280854e-03
6.101387e-03
6.807014e-03
7.388146e-03
7.829182e-03
8.129538e-03
8.297164e-03
8.327877e-03
8.230778e-03
8.025578e-03
7.712601e-03
7.292133e-03
6.792887e-03
6.228232e-03
5.582052e-03
4.859384e-03
4.103904e-03
3.355197e-03
2.660419e-03
2.058398e-03
1.569559e-03
1.200715e-03
9.498902e-04
8.118572e-04
7.732284e-04
8.291788e-04
9.631510e-04
1.133261e-03
1.310907e-03
1.481423e-03
1.638979e-03
1.761934e-03
1.834963e-03
1.864431e-03
1.867380e-03
1.860573e-03
1.856816e-03
1.876666e-03
1.914506e-03
1.935751e-03
1.915457e-03
1.855870e-03
1.771758e-03
1.664275e-03
1.515930e-03
1.299744e-03
1.027111e-03
7.359916e-04
4.309617e-04
1.115821e-04
-2.403009e-04
-6.406130e-04
-1.077555e-03
-1.550155e-03
-2.057628e-03
-2.555965e-03
-3.033291e-03
-3.540298e-03
-4.121456e-03
-4.781123e-03
-5.498191e-03
-6.252937e-03
-7.016774e-03
-7.738893e-03
-8.356513e-03
-8.809843e-03
-9.052781e-03
-9.101565e-03
-9.035391e-03
-8.930971e-03
-8.844678e-03
-8.803671e-03
-8.777583e-03
-8.708835e-03
-8.579624e-03
-8.414949e-03
-8.245495e-03
-8.101537e-03
-8.010637e-03
-7.949029e-03
-7.870610e-03
-7.799173e-03
-7.800651e-03
-7.888823e-03
-8.034591e-03
-8.183353e-03
-8.243515e-03
-8.159719e-03
-7.930947e-03
-7.620220e-03
-7.332976e-03
-7.126023e-03
-6.947415e-03
-6.671512e-03
-6.235187e-03
-5.656716e-03
-5.001104e-03
-4.352690e-03
-3.750399e-03
-3.168509e-03
-2.535979e-03
-1.846731e-03
-1.185142e-03
-6.545413e-04
-3.553218e-04
-2.680461e-04
-1.990976e-04
6.198532e-05
5.456869e-04
1.091009e-03
1.483935e-03
1.592219e-03
1.445058e-03
1.196966e-03
1.048309e-03
1.120297e-03
1.348134e-03
1.591332e-03
1.791777e-03
1.989414e-03
2.261216e-03
2.631443e-03
3.036674e-03
3.354394e-03
3.490422e-03
3.458710e-03
3.384556e-03
3.385928e-03
3.485763e-03
3.615737e-03
3.698771e-03
3.725377e-03
3.737609e-03
3.771919e-03
3.853360e-03
3.977706e-03
4.106254e-03
4.195874e-03
4.256729e-03
4.349297e-03
4.517482e-03
4.779994e-03
5.116109e-03
5.470866e-03
5.763404e-03
5.910497e-03
5.911446e-03
5.815956e-03
5.647328e-03
5.434639e-03
5.210617e-03
4.983944e-03
4.738198e-03
4.459004e-03
4.145485e-03
3.802045e-03
3.468735e-03
3.204243e-03
3.052942e-03
3.029013e-03
3.064868e-03
3.065373e-03
3.016529e-03
3.001009e-03
3.109072e-03
3.349072e-03
3.670596e-03
4.030405e-03
4.396720e-03
4.753243e-03
5.122762e-03
5.508254e-03
5.881332e-03
6.247808e-03
6.618551e-03
6.975116e-03
7.332287e-03
7.716642e-03
8.133262e-03
8.568703e-03
8.982086e-03
9.293911e-03
9.454130e-03
9.501788e-03
9.528862e-03
9.631810e-03
9.849176e-03
1.010595e-02
1.030263e-02
1.041108e-02
1.043673e-02
1.040311e-02
1.035462e-02
1.032136e-02
1.031185e-02
1.028660e-02
1.020586e-02
1.009773e-02
9.993490e-03
9.923119e-03
9.875519e-03
9.792030e-03
9.621586e-03
9.347411e-03
9.026641e-03
8.756633e-03
8.595627e-03
8.544447e-03
8.558791e-03
8.591702e-03
8.622976e-03
8.630754e-03
8.630890e-03
8.674964e-03
8.778167e-03
8.921892e-03
9.079689e-03
9.242129e-03
9.420845e-03
9.599471e-03
9.751325e-03
9.868784e-03
9.938969e-03
9.961333e-03
9.962449e-03
9.971896e-03
9.999608e-03
1.004356e-02
1.010550e-02
1.017329e-02
1.021894e-02
1.022146e-02
1.017838e-02
1.011428e-02
1.003481e-02
9.914566e-03
9.728593e-03
9.486222e-03
9.183710e-03
8.786017e-03
8.291599e-03
7.757462e-03
7.259792e-03
6.860933e-03
6.575684e-03
6.365902e-03
6.160280e-03
5.905228e-03
5.631427e-03
5.396817e-03
5.235762e-03
5.166314e-03
5.164213e-03
5.206611e-03
5.285700e-03
5.372754e-03
5.456467e-03
5.533289e-03
5.587801e-03
5.606584e-03
5.578016e-03
5.499641e-03
5.388507e-03
5.279590e-03
5.176566e-03
5.078524e-03
5.011089e-03
5.012473e-03
5.104620e-03
5.246089e-03
5.388200e-03
5.512382e-03
5.604484e-03
5.673960e-03
5.736491e-03
5.779114e-03
5.802119e-03
5.830363e-03
5.883428e-03
5.953571e-03
5.996733e-03
5.955042e-03
5.800092e-03
5.556358e-03
5.228730e-03
4.841162e-03
4.465859e-03
4.114871e-03
3.749450e-03
3.357093e-03
2.961146e-03
2.583066e-03
2.224151e-03
1.835490e-03
1.379217e-03
9.096259e-04
5.121127e-04
2.554913e-04
1.884080e-04
2.752506e-04
4.015595e-04
4.769317e-04
4.526793e-04
3.498339e-04
2.442116e-04
1.788999e-04
1.535300e-04
1.591120e-04
1.846044e-04
2.224891e-04
2.511931e-04
2.448344e-04
1.835559e-04
3.631184e-05
-2.225714e-04
-5.780480e-04
-9.761519e-04
-1.336898e-03
-1.624810e-03
-1.855191e-03
-2.055787e-03
-2.241263e-03
-2.396230e-03
-2.514043e-03
-2.592942e-03
-2.605073e-03
-2.535432e-03
-2.418978e-03
-2.282991e-03
-2.134503e-03
-1.980962e-03
-1.821782e-03
-1.659999e-03
-1.508764e-03
-1.353793e-03
-1.190404e-03
-1.037951e-03
-8.995815e-04
-7.778096e-04
-6.637087e-04
-5.339189e-04
-3.725012e-04
-1.914656e-04
-3.209024e-05
1.049343e-04
2.481538e-04
4.178963e-04
6.343708e-04
8.839513e-04
1.124694e-03
1.358137e-03
1.645559e-03
2.018454e-03
2.451166e-03
2.915775e-03
3.358023e-03
3.724957e-03
4.005187e-03
4.195767e-03
4.306230e-03
4.352692e-03
4.319015e-03
4.189086e-03
3.987448e-03
3.751659e-03
3.482951e-03
3.143755e-03
2.686822e-03
2.077388e-03
1.347375e-03
5.790755e-04
-1.544089e-04
-8.099664e-04
-1.371171e-03
-1.844237e-03
-2.254789e-03
-2.584576e-03
-2.806837e-03
-2.927986e-03
-2.960884e-03
-2.976046e-03
-3.031824e-03
-3.126528e-03
-3.254592e-03
-3.395824e-03
-3.538322e-03
-3.706518e-03
-3.936095e-03
-4.222930e-03
-4.523269e-03
-4.766213e-03
-4.892271e-03
-4.913200e-03
-4.878214e-03
-4.863109e-03
-4.938194e-03
-5.144319e-03
-5.463583e-03
-5.833396e-03
-6.214788e-03
-6.597237e-03
-6.967871e-03
-7.311454e-03
-7.610820e-03
-7.860440e-03
-8.070359e-03
-8.271013e-03
-8.484380e-03
-8.723001e-03
-8.990719e-03
-9.277627e-03
-9.571522e-03
-9.842968e-03
-1.008841e-02
-1.031891e-02
-1.053739e-02
-1.073799e-02
-1.089515e-02
-1.097909e-02
-1.097655e-02
-1.091469e-02
-1.081770e-02
-1.068983e-02
-1.053464e-02
-1.034507e-02
-1.010253e-02
-9.791731e-03
-9.438846e-03
-9.080743e-03
-8.734627e-03
-8.416664e-03
-8.102601e-03
-7.746604e-03
-7.330417e-03
-6.846865e-03
-6.311357e-03
-5.754603e-03
-5.222577e-03
-4.752616e-03
-4.357748e-03
-4.021593e-03
-3.697357e-03
-3.350233e-03
-3.001426e-03
-2.678629e-03
-2.393197e-03
-2.141566e-03
-1.879659e-03
-1.567173e-03
-1.218102e-03
-9.112858e-04
-7.153286e-04
-6.402453e-04
-6.606284e-04
-7.430721e-04
-8.449409e-04
-9.645936e-04
-1.133527e-03
-1.347150e-03
-1.562678e-03
-1.731840e-03
-1.832024e-03
-1.876907e-03
-1.883059e-03
-1.885454e-03
-1.925654e-03
-1.991274e-03
-2.051133e-03
-2.090649e-03
-2.133032e-03
-2.229351e-03
-2.403657e-03
-2.623213e-03
-2.840011e-03
-2.996515e-03
-3.041312e-03
-2.976787e-03
-2.853706e-03
-2.729228e-03
-2.622766e-03
-2.553226e-03
-2.531101e-03
-2.539752e-03
-2.557958e-03
-2.589290e-03
-2.648680e-03
-2.721906e-03
-2.811978e-03
-2.934482e-03
-3.072006e-03
-3.196964e-03
-3.270398e-03
-3.255125e-03
-3.156289e-03
-2.988559e-03
-2.744335e-03
-2.426271e-03
-2.075530e-03
-1.755768e-03
-1.498039e-03
-1.302225e-03
-1.157110e-03
-1.047819e-03
-9.884842e-04
-9.818203e-04
-1.021120e-03
-1.091796e-03
-1.180223e-03
-1.277251e-03
-1.385199e-03
-1.552190e-03
-1.801880e-03
-2.128224e-03
-2.518862e-03
-2.935383e-03
-3.351084e-03
-3.763538e-03
-4.158451e-03
-4.525576e-03
-4.862750e-03
-5.149204e-03
-5.389687e-03
-5.618301e-03
-5.856554e-03
-6.110068e-03
-6.361451e-03
-6.584116e-03
-6.751373e-03
-6.820932e-03
-6.784913e-03
-6.699519e-03
-6.643851e-03
-6.670968e-03
-6.768982e-03
-6.896875e-03
-7.029555e-03
-7.139449e-03
-7.188301e-03
-7.152128e-03
-7.028462e-03
-6.804137e-03
-6.456843e-03
-5.992095e-03
-5.483321e-03
-5.050697e-03
-4.751049e-03
-4.552845e-03
-4.382821e-03
-4.163903e-03
-3.860787e-03
-3.462824e-03
-2.981784e-03
-2.479680e-03
-2.015551e-03
-1.597992e-03
-1.195519e-03
-8.071144e-04
-4.640200e-04
-1.843991e-04
6.085896e-05
3.210971e-04
6.327750e-04
1.007266e-03
1.405119e-03
1.761885e-03
2.034495e-03
2.234159e-03
2.415328e-03
2.617428e-03
2.851428e-03
3.119805e-03
3.416460e-03
3.707524e-03
3.952047e-03
4.159183e-03
4.387234e-03
4.673879e-03
4.996087e-03
5.312713e-03
5.581118e-03
5.782601e-03
5.943610e-03
6.086156e-03
6.204548e-03
6.281448e-03
6.301712e-03
6.229048e-03
6.019133e-03
5.678057e-03
5.287744e-03
4.917574e-03
4.557327e-03
4.176519e-03
3.756580e-03
3.296201e-03
2.801742e-03
2.317955e-03
1.880169e-03
1.460736e-03
1.003050e-03
4.591564e-04
-1.466220e-04
-7.274824e-04
-1.177157e-03
-1.445847e-03
-1.583985e-03
-1.656870e-03
-1.712173e-03
-1.776055e-03
-1.804391e-03
-1.742939e-03
-1.605880e-03
-1.464001e-03
-1.361786e-03
-1.290246e-03
-1.229407e-03
-1.136011e-03
-9.756653e-04
-7.767440e-04
-5.720500e-04
-3.727956e-04
-1.680459e-04
6.113926e-05
3.087075e-04
5.808046e-04
8.669996e-04
1.158424e-03
1.473645e-03
1.800281e-03
2.123469e-03
2.441944e-03
2.752732e-03
3.073627e-03
3.429441e-03
3.821508e-03
4.186092e-03
4.442784e-03
4.560583e-03
4.554009e-03
4.449499e-03
4.298719e-03
4.155081e-03
4.013475e-03
3.855313e-03
3.678391e-03
3.484534e-03
3.291075e-03
3.130300e-03
3.027528e-03
2.981603e-03
2.986994e-03
3.060425e-03
3.207984e-03
3.410209e-03
3.664150e-03
3.982317e-03
4.342371e-03
4.699773e-03
5.003682e-03
5.217306e-03
5.343770e-03
5.411462e-03
5.433571e-03
5.402714e-03
5.298515e-03
5.109292e-03
4.850487e-03
4.553113e-03
4.265389e-03
4.025575e-03
3.818381e-03
3.617784e-03
3.438008e-03
3.310488e-03
3.248458e-03
3.264223e-03
3.371316e-03
3.557199e-03
3.793269e-03
4.041607e-03
4.273856e-03
4.494996e-03
4.706068e-03
4.897359e-03
5.049781e-03
5.122588e-03
5.084771e-03
4.908392e-03
4.612309e-03
4.268520e-03
3.935343e-03
3.646586e-03
3.415422e-03
3.251921e-03
3.165925e-03
3.180027e-03
3.334992e-03
3.637594e-03
4.024231e-03
4.395657e-03
4.664216e-03
4.782024e-03
4.760810e-03
4.629115e-03
4.399105e-03
4.078740e-03
3.700834e-03
3.298021e-03
2.889066e-03
2.483053e-03
2.066877e-03
1.651826e-03
1.280166e-03
9.915337e-04
8.018781e-04
6.873948e-04
6.343865e-04
6.605870e-04
7.695634e-04
9.495927e-04
1.180542e-03
1.413610e-03
1.599408e-03
1.721332e-03
1.792895e-03
1.842227e-03
1.896254e-03
1.965140e-03
2.028716e-03
2.054462e-03
2.029126e-03
1.985418e-03
1.977592e-03
2.055183e-03
2.244212e-03
2.546060e-03
2.932367e-03
3.376786e-03
3.869141e-03
4.394060e-03
4.936567e-03
5.459344e-03
5.911867e-03
6.282227e-03
6.583670e-03
6.819960e-03
6.993907e-03
7.112365e-03
7.190505e-03
7.247793e-03
7.276290e-03
7.259478e-03
7.197726e-03
7.095944e-03
6.960199e-03
6.808157e-03
6.674548e-03
6.568020e-03
6.445612e-03
6.287338e-03
6.105548e-03
5.940287e-03
5.818460e-03
5.737693e-03
5.714669e-03
5.723383e-03
5.713939e-03
5.651684e-03
5.579052e-03
5.564373e-03
5.594784e-03
5.629412e-03
5.609310e-03
5.515651e-03
5.349177e-03
5.110506e-03
4.802733e-03
4.423241e-03
3.973202e-03
3.415977e-03
2.755840e-03
2.081611e-03
1.465482e-03
9.196377e-04
4.507339e-04
9.192653e-05
-1.562711e-04
-3.313170e-04
-4.521381e-04
-4.945473e-04
-4.437821e-04
-3.437081e-04
-2.297939e-04
-9.669869e-05
5.557586e-05
2.412438e-04
4.780194e-04
7.551478e-04
1.083336e-03
1.451471e-03
1.813156e-03
2.148665e-03
2.470706e-03
2.796219e-03
3.128308e-03
3.491202e-03
3.898786e-03
4.332328e-03
4.797299e-03
5.326008e-03
5.932721e-03
6.551472e-03
7.075260e-03
7.431184e-03
7.596525e-03
7.582763e-03
7.412030e-03
7.115915e-03
6.727913e-03
6.287926e-03
5.850940e-03
5.477967e-03
5.193488e-03
4.966262e-03
4.749426e-03
4.485579e-03
4.126033e-03
3.656927e-03
3.111745e-03
2.537304e-03
1.942965e-03
1.322364e-03
6.944032e-04
8.997955e-05
-4.844227e-04
-1.031632e-03
-1.538077e-03
-1.993472e-03
-2.402385e-03
-2.747221e-03
-3.003155e-03
-3.189726e-03
-3.316896e-03
-3.374461e-03
-3.395602e-03
-3.422118e-03
-3.511172e-03
-3.698065e-03
-3.916102e-03
-4.073568e-03
-4.099955e-03
-3.942759e-03
-3.585234e-03
-3.058357e-03
-2.461961e-03
-1.875539e-03
-1.277899e-03
-6.770196e-04
-1.947369e-04
5.318577e-05
6.505526e-05
-1.037781e-04
-3.745429e-04
-6.248095e-04
-7.751928e-04
-8.276926e-04
-8.467971e-04
-8.900820e-04
-9.730998e-04
-1.135088e-03
-1.403185e-03
-1.752362e-03
-2.125484e-03
-2.505521e-03
-2.890082e-03
-3.193204e-03
-3.339661e-03
-3.311476e-03
-3.140718e-03
-2.900179e-03
-2.655805e-03
-2.487978e-03
-2.437098e-03
-2.497672e-03
-2.693855e-03
-3.019088e-03
-3.428993e-03
-3.867242e-03
-4.275489e-03
-4.608147e-03
-4.849887e-03
-5.016900e-03
-5.122805e-03
-5.178876e-03
-5.185505e-03
-5.126421e-03
-4.946943e-03
-4.605206e-03
-4.159049e-03
-3.684080e-03
-3.221345e-03
-2.815015e-03
-2.477507e-03
-2.217128e-03
-2.051776e-03
-1.972616e-03
-1.934810e-03
-1.883018e-03
-1.795400e-03
-1.671995e-03
-1.546546e-03
-1.467958e-03
-1.451842e-03
-1.489308e-03
-1.553629e-03
-1.613639e-03
-1.633313e-03
-1.581329e-03
-1.441221e-03
-1.200040e-03
-8.216435e-04
-2.678205e-04
4.293126e-04
1.200757e-03
1.989325e-03
2.737591e-03
3.453614e-03
4.172303e-03
4.873171e-03
5.526649e-03
6.111032e-03
6.629373e-03
7.124470e-03
7.627462e-03
8.141614e-03
8.655555e-03
9.178091e-03
9.722170e-03
1.028917e-02
1.088588e-02
1.151397e-02
1.216707e-02
1.282163e-02
1.344640e-02
1.397467e-02
1.434880e-02
1.455835e-02
1.461747e-02
1.456377e-02
1.443861e-02
1.424507e-02
1.398280e-02
1.368754e-02
1.335783e-02
1.295403e-02
1.247469e-02
1.193955e-02
1.138404e-02
1.080981e-02
1.017577e-02
9.473389e-03
8.718319e-03
7.923752e-03
7.119039e-03
6.357383e-03
5.629502e-03
4.851360e-03
3.969487e-03
2.970755e-03
1.859523e-03
6.739206e-04
-5.303078e-04
-1.679280e-03
-2.756790e-03
-3.830887e-03
-4.958544e-03
-6.122316e-03
-7.287880e-03
-8.468139e-03
-9.665844e-03
-1.086004e-02
-1.203795e-02
-1.317895e-02
-1.421300e-02
-1.505427e-02
-1.567221e-02
-1.610058e-02
-1.640388e-02
-1.663194e-02
-1.685462e-02
-1.713849e-02
-1.750248e-02
-1.795709e-02
-1.850293e-02
-1.912250e-02
-1.975746e-02
-2.033623e-02
-2.079523e-02
-2.105277e-02
-2.108103e-02
-2.089199e-02
-2.052387e-02
-2.003830e-02
-1.947831e-02
-1.888659e-02
-1.831650e-02
-1.781244e-02
-1.737119e-02
-1.694084e-02
-1.648512e-02
-1.596085e-02
-1.529523e-02
-1.444109e-02
-1.342514e-02
-1.232074e-02
-1.119671e-02
-1.011732e-02
-9.152228e-03
-8.344558e-03
-7.677176e-03
-7.099836e-03
-6.575186e-03
-6.063827e-03
-5.519286e-03
-4.940382e-03
-4.348822e-03
-3.749556e-03
-3.155959e-03
-2.632014e-03
-2.244985e-03
-2.009153e-03
-1.841794e-03
-1.590129e-03
-1.177574e-03
-6.380629e-04
-3.124580e-05
6.113436e-04
1.259807e-03
1.864921e-03
2.372745e-03
2.730660e-03
2.903811e-03
2.882004e-03
2.684498e-03
2.355749e-03
1.958707e-03
1.590869e-03
1.312518e-03
1.116117e-03
9.771968e-04
8.985259e-04
8.914268e-04
9.559921e-04
1.101179e-03
1.321492e-03
1.570738e-03
1.779529e-03
1.881683e-03
1.859330e-03
1.727834e-03
1.486540e-03
1.139028e-03
6.940448e-04
1.482901e-04
-5.240310e-04
-1.343010e-03
-2.321057e-03
-3.469887e-03
-4.752371e-03
-6.091276e-03
-7.412248e-03
-8.664098e-03
-9.821091e-03
-1.084899e-02
-1.172352e-02
-1.244084e-02
-1.299090e-02
-1.337482e-02
-1.359570e-02
-1.362262e-02
-1.342126e-02
-1.299778e-02
-1.237961e-02
-1.158491e-02
-1.065158e-02
-9.645125e-03
-8.643337e-03
-7.738715e-03
-7.009760e-03
-6.520543e-03
-6.297389e-03
-6.332196e-03
-6.599061e-03
-7.011495e-03
-7.474036e-03
-7.925010e-03
-8.297133e-03
-8.549781e-03
-8.689584e-03
-8.697409e-03
-8.521890e-03
-8.177576e-03
-7.691135e-03
-7.080475e-03
-6.414759e-03
-5.735579e-03
-5.004208e-03
-4.178042e-03
-3.239026e-03
-2.228058e-03
-1.214047e-03
-2.917530e-04
4.278648e-04
9.351372e-04
1.250188e-03
1.351762e-03
1.226357e-03
8.407139e-04
1.835559e-04
-6.989670e-04
-1.651402e-03
-2.500130e-03
-3.171405e-03
-3.622592e-03
-3.827489e-03
-3.771927e-03
-3.453388e-03
-2.886823e-03
-2.083591e-03
-1.078012e-03
5.182413e-05
1.200747e-03
2.309952e-03
3.340411e-03
4.239980e-03
4.981163e-03
5.507673e-03
5.787767e-03
5.836765e-03
5.644865e-03
5.193073e-03
4.451194e-03
3.372930e-03
1.962271e-03
3.070994e-04
-1.447721e-03
-3.177244e-03
-4.788216e-03
-6.176346e-03
-7.252033e-03
-8.008404e-03
-8.492538e-03
-8.734901e-03
-8.737317e-03
-8.551214e-03
-8.246880e-03
-7.845564e-03
-7.379424e-03
-6.846175e-03
-6.252800e-03
-5.631473e-03
-5.032529e-03
-4.513881e-03
-4.137387e-03
-3.978109e-03
-4.069419e-03
-4.401979e-03
-4.932843e-03
-5.590949e-03
-6.318622e-03
-7.046139e-03
-7.670136e-03
-8.100279e-03
-8.280434e-03
-8.187149e-03
-7.824523e-03
-7.214466e-03
-6.426430e-03
-5.498207e-03
-4.418280e-03
-3.239583e-03
-2.052770e-03
-9.175742e-04
1.222351e-04
1.002241e-03
1.657475e-03
2.076049e-03
2.265220e-03
2.199885e-03
1.876311e-03
1.312708e-03
5.260974e-04
-4.502369e-04
-1.552757e-03
-2.704935e-03
-3.832183e-03
-4.876133e-03
-5.786989e-03
-6.495961e-03
-6.985832e-03
-7.266680e-03
-7.316852e-03
-7.128840e-03
-6.710333e-03
-6.087881e-03
-5.288345e-03
-4.324085e-03
-3.260631e-03
-2.184989e-03
-1.121861e-03
-4.497747e-05
1.071019e-03
2.225937e-03
3.385486e-03
4.507437e-03
5.526317e-03
6.379347e-03
7.048693e-03
7.523912e-03
7.827235e-03
7.996939e-03
8.051491e-03
7.976259e-03
7.784801e-03
7.540128e-03
7.287195e-03
7.049338e-03
6.814416e-03
6.534900e-03
6.197779e-03
5.827717e-03
5.458294e-03
5.094763e-03
4.687212e-03
4.192525e-03
3.627822e-03
3.033383e-03
2.368688e-03
1.555516e-03
5.314070e-04
-7.451133e-04
-2.234814e-03
-3.845667e-03
-5.479399e-03
-7.051388e-03
-8.491274e-03
-9.761708e-03
-1.088904e-02
-1.190402e-02
-1.279728e-02
-1.355205e-02
-1.412042e-02
-1.447088e-02
-1.459997e-02
-1.447905e-02
-1.409207e-02
-1.342168e-02
-1.240798e-02
-1.102542e-02
-9.358122e-03
-7.555935e-03
-5.754194e-03
-4.053107e-03
-2.498357e-03
-1.086393e-03
1.939778e-04
1.341923e-03
2.321825e-03
3.088794e-03
3.614316e-03
3.906967e-03
4.028815e-03
4.070591e-03
4.132285e-03
4.248765e-03
4.408423e-03
4.641308e-03
4.973574e-03
5.425647e-03
6.043148e-03
6.798881e-03
7.576563e-03
8.299548e-03
8.945256e-03
9.528968e-03
1.007938e-02
1.057760e-02
1.099751e-02
1.132188e-02
1.150861e-02
1.153489e-02
1.139600e-02
1.107914e-02
1.059612e-02
9.987734e-03
9.290783e-03
8.539011e-03
7.756770e-03
6.978688e-03
6.222005e-03
5.465488e-03
4.707465e-03
3.964923e-03
3.262756e-03
2.612739e-03
2.011384e-03
1.456767e-03
9.183506e-04
3.713862e-04
-1.676952e-04
-7.007426e-04
-1.244550e-03
-1.837747e-03
-2.553030e-03
-3.380846e-03
-4.250683e-03
-5.115305e-03
-5.951537e-03
-6.775371e-03
-7.592907e-03
-8.398871e-03
-9.202511e-03
-9.979944e-03
-1.068352e-02
-1.129071e-02
-1.179441e-02
-1.222432e-02
-1.264027e-02
-1.304436e-02
-1.339143e-02
-1.365545e-02
-1.379938e-02
-1.384081e-02
-1.386818e-02
-1.392056e-02
-1.399085e-02
-1.406150e-02
-1.410911e-02
-1.410309e-02
-1.406297e-02
-1.401731e-02
-1.393435e-02
-1.376842e-02
-1.347249e-02
-1.301515e-02
-1.239187e-02
-1.161809e-02
-1.072869e-02
-9.772377e-03
-8.802338e-03
-7.848345e-03
-6.901475e-03
-5.925030e-03
-4.907565e-03
-3.839733e-03
-2.681858e-03
-1.446652e-03
-1.866952e-04
1.082482e-03
2.360275e-03
3.619640e-03
4.825840e-03
5.954628e-03
7.006915e-03
7.966235e-03
8.797816e-03
9.511940e-03
1.015556e-02
1.077177e-02
1.138109e-02
1.198592e-02
1.255363e-02
1.303675e-02
1.338366e-02
1.357838e-02
1.363048e-02
1.354445e-02
1.335886e-02
1.308616e-02
1.271179e-02
1.225735e-02
1.176653e-02
1.125155e-02
1.069460e-02
1.008446e-02
9.409850e-03
8.651337e-03
7.809657e-03
6.924280e-03
6.031225e-03
5.137929e-03
4.249426e-03
3.372252e-03
2.517875e-03
1.696695e-03
9.106808e-04
1.567564e-04
-5.845861e-04
-1.306389e-03
-1.978667e-03
-2.585060e-03
-3.124310e-03
-3.577852e-03
-3.922005e-03
-4.158419e-03
-4.302751e-03
-4.379218e-03
-4.393065e-03
-4.357613e-03
-4.257425e-03
-4.071130e-03
-3.800453e-03
-3.429610e-03
-2.978708e-03
-2.504761e-03
-2.061688e-03
-1.661717e-03
-1.302754e-03
-9.954301e-04
-7.518028e-04
-5.973406e-04
-5.235401e-04
-5.084256e-04
-5.647123e-04
-6.729055e-04
-7.783948e-04
-8.403800e-04
-8.441821e-04
-8.033185e-04
-7.470298e-04
-6.622996e-04
-5.156683e-04
-2.937265e-04
1.140360e-06
3.566005e-04
7.855094e-04
1.288775e-03
1.844649e-03
2.451758e-03
3.129025e-03
3.898039e-03
4.732573e-03
5.563978e-03
6.365204e-03
7.142865e-03
7.889014e-03
8.594527e-03
9.246811e-03
9.817136e-03
1.027238e-02
1.060624e-02
1.084701e-02
1.101697e-02
1.113621e-02
1.123275e-02
1.131612e-02
1.138969e-02
1.145553e-02
1.152223e-02
1.162114e-02
1.177569e-02
1.198124e-02
1.219982e-02
1.238588e-02
1.253441e-02
1.265815e-02
1.274661e-02
1.278164e-02
1.273653e-02
1.259005e-02
1.232330e-02
1.194145e-02
1.147754e-02
1.096097e-02
1.041631e-02
9.860614e-03
9.307440e-03
8.755114e-03
8.206045e-03
7.686797e-03
7.228479e-03
6.838754e-03
6.501829e-03
6.207958e-03
5.967340e-03
5.791396e-03
5.690973e-03
5.703200e-03
5.820764e-03
5.980384e-03
6.133614e-03
6.234141e-03
6.275303e-03
6.284184e-03
6.260439e-03
6.188587e-03
6.032302e-03
5.756950e-03
5.372908e-03
4.925329e-03
4.441880e-03
3.919308e-03
3.366457e-03
2.814173e-03
2.266144e-03
1.712728e-03
1.180696e-03
7.107752e-04
3.347208e-04
6.642968e-05
-1.009117e-04
-1.876882e-04
-2.290799e-04
-2.344055e-04
-1.797769e-04
-4.758912e-05
1.469402e-04
3.329901e-04
4.479390e-04
4.734167e-04
4.309346e-04
3.700997e-04
3.346132e-04
3.762431e-04
5.278700e-04
7.809293e-04
1.108750e-03
1.496216e-03
1.936890e-03
2.413116e-03
2.891243e-03
3.354818e-03
3.819791e-03
4.309386e-03
4.845879e-03
5.427567e-03
6.014838e-03
6.575889e-03
7.082647e-03
7.504017e-03
7.816802e-03
8.004228e-03
8.060535e-03
7.985118e-03
7.784937e-03
7.464385e-03
7.041300e-03
6.545346e-03
6.022499e-03
5.515689e-03
5.046553e-03
4.602329e-03
4.158352e-03
3.714610e-03
3.266058e-03
2.790532e-03
2.304298e-03
1.852314e-03
1.457565e-03
1.109257e-03
7.767509e-04
4.611204e-04
2.124643e-04
5.527649e-05
-3.047985e-05
-8.526915e-05
-1.651358e-04
-3.110952e-04
-5.298777e-04
-7.978040e-04
-1.097470e-03
-1.414674e-03
-1.728967e-03
-2.033511e-03
-2.303371e-03
-2.503048e-03
-2.623579e-03
-2.672767e-03
-2.674147e-03
-2.668402e-03
-2.687038e-03
-2.741507e-03
-2.849116e-03
-2.992182e-03
-3.151072e-03
-3.344867e-03
-3.571146e-03
-3.816760e-03
-4.071738e-03
-4.325821e-03
-4.569766e-03
-4.797602e-03
-4.999346e-03
-5.149641e-03
-5.234827e-03
-5.276091e-03
-5.303674e-03
-5.336518e-03
-5.384517e-03
-5.442661e-03
-5.487014e-03
-5.472928e-03
-5.392958e-03
-5.284455e-03
-5.150260e-03
-4.960754e-03
-4.690728e-03
-4.336914e-03
-3.929239e-03
-3.493903e-03
-3.016762e-03
-2.457839e-03
-1.813521e-03
-1.104350e-03
-3.231731e-04
5.236037e-04
1.374854e-03
2.169277e-03
2.877472e-03
3.515021e-03
4.110694e-03
4.638160e-03
5.075376e-03
5.430486e-03
5.742518e-03
6.058835e-03
6.396246e-03
6.746975e-03
7.061112e-03
7.298584e-03
7.473442e-03
7.626868e-03
7.779957e-03
7.932287e-03
8.074725e-03
8.155199e-03
8.150805e-03
8.048748e-03
7.808811e-03
7.411007e-03
6.859350e-03
6.172059e-03
5.371131e-03
4.493309e-03
3.623623e-03
2.821545e-03
2.122560e-03
1.530265e-03
1.016085e-03
5.587092e-04
1.360414e-04
-2.282933e-04
-5.139405e-04
-7.121667e-04
-8.258158e-04
-8.712471e-04
-8.559683e-04
-8.131336e-04
-7.704733e-04
-7.580647e-04
-7.831136e-04
-8.352743e-04
-9.049861e-04
-9.620347e-04
-9.961181e-04
-1.004828e-03
-9.873318e-04
-9.700551e-04
-9.613396e-04
-9.583868e-04
-9.645538e-04
-9.821173e-04
-9.780551e-04
-9.053021e-04
-7.404253e-04
-4.859463e-04
-1.862848e-04
1.273059e-04
4.520854e-04
7.816529e-04
1.071059e-03
1.298604e-03
1.505760e-03
1.729936e-03
1.994928e-03
2.323538e-03
2.729949e-03
3.198194e-03
3.681357e-03
4.114005e-03
4.431155e-03
4.612805e-03
4.674145e-03
4.631133e-03
4.534699e-03
4.442245e-03
4.333036e-03
4.174362e-03
3.984780e-03
3.778532e-03
3.563661e-03
3.369031e-03
3.223705e-03
3.121329e-03
3.055239e-03
3.014073e-03
2.999821e-03
3.027765e-03
3.107069e-03
3.245560e-03
3.399461e-03
3.535074e-03
3.646397e-03
3.728462e-03
3.817952e-03
3.931521e-03
4.080580e-03
4.275894e-03
4.506016e-03
4.761570e-03
5.020312e-03
5.251220e-03
5.445372e-03
5.598673e-03
5.723423e-03
5.869636e-03
6.065182e-03
6.307103e-03
6.576462e-03
6.850143e-03
7.094926e-03
7.283979e-03
7.423371e-03
7.549666e-03
7.665748e-03
7.740175e-03
7.782067e-03
7.794337e-03
7.748453e-03
7.632108e-03
7.454817e-03
7.230534e-03
6.932681e-03
6.519936e-03
5.993094e-03
5.349973e-03
4.594070e-03
3.762033e-03
2.906673e-03
2.043041e-03
1.142722e-03
1.881220e-04
-8.074026e-04
-1.785753e-03
-2.683384e-03
-3.472935e-03
-4.159443e-03
-4.755877e-03
-5.286432e-03
-5.760943e-03
-6.173705e-03
-6.527545e-03
-6.825637e-03
-7.070170e-03
-7.260387e-03
-7.403351e-03
-7.527880e-03
-7.641891e-03
-7.701137e-03
-7.696684e-03
-7.647440e-03
-7.559365e-03
-7.455217e-03
-7.375624e-03
-7.359361e-03
-7.399694e-03
-7.441813e-03
-7.441000e-03
-7.368303e-03
-7.225689e-03
-7.001092e-03
-6.666522e-03
-6.223938e-03
-5.677484e-03
-5.053156e-03
-4.418735e-03
-3.828083e-03
-3.291238e-03
-2.791987e-03
-2.316443e-03
-1.834312e-03
-1.332230e-03
-8.282754e-04
-3.297769e-04
1.649429e-04
6.457596e-04
1.085424e-03
1.483994e-03
1.847683e-03
2.138416e-03
2.325185e-03
2.391118e-03
2.325166e-03
2.143201e-03
1.888983e-03
1.628630e-03
1.393380e-03
1.185790e-03
1.014016e-03
8.853975e-04
7.614275e-04
6.183658e-04
4.971817e-04
4.104111e-04
3.471664e-04
3.123692e-04
3.053504e-04
3.216437e-04
3.618444e-04
4.494520e-04
6.014073e-04
7.689728e-04
8.615262e-04
8.267021e-04
6.614958e-04
3.625862e-04
-7.745056e-05
-6.393276e-04
-1.287709e-03
-2.016886e-03
-2.812001e-03
-3.617038e-03
-4.380588e-03
-5.075928e-03
-5.723956e-03
-6.339800e-03
-6.932971e-03
-7.522949e-03
-8.101678e-03
-8.652137e-03
-9.133635e-03
-9.501526e-03
-9.749107e-03
-9.880979e-03
-9.920650e-03
-9.889996e-03
-9.769812e-03
-9.543542e-03
-9.204404e-03
-8.742030e-03
-8.188062e-03
-7.579897e-03
-6.932692e-03
-6.282546e-03
-5.644091e-03
-5.015076e-03
-4.398783e-03
-3.823714e-03
-3.296960e-03
-2.790732e-03
-2.309767e-03
-1.855825e-03
-1.419177e-03
-1.014170e-03
-6.679492e-04
-3.845834e-04
-1.500813e-04
3.856750e-05
2.045763e-04
3.782785e-04
5.843243e-04
8.516240e-04
1.170317e-03
1.516380e-03
1.879821e-03
2.279504e-03
2.743326e-03
3.261176e-03
3.823994e-03
4.403616e-03
4.937384e-03
5.382152e-03
5.762054e-03
6.116516e-03
6.446310e-03
6.738904e-03
7.009700e-03
7.258088e-03
7.458778e-03
7.628901e-03
7.800389e-03
8.016918e-03
8.280538e-03
8.545827e-03
8.787168e-03
8.991775e-03
9.160049e-03
9.312062e-03
9.471144e-03
9.609854e-03
9.676147e-03
9.652839e-03
9.562186e-03
9.452129e-03
9.356787e-03
9.266892e-03
9.145920e-03
8.946994e-03
8.636452e-03
8.217624e-03
7.703512e-03
7.104777e-03
6.436855e-03
5.693856e-03
4.848198e-03
3.917464e-03
2.965978e-03
2.041427e-03
1.175288e-03
4.018031e-04
-2.740789e-04
-8.615449e-04
-1.372176e-03
-1.782909e-03
-2.052127e-03
-2.185386e-03
-2.227569e-03
-2.214287e-03
-2.144131e-03
-2.001666e-03
-1.785019e-03
-1.524419e-03
-1.276108e-03
-1.087161e-03
-9.836991e-04
-9.790725e-04
-1.093557e-03
-1.301767e-03
-1.566967e-03
-1.880638e-03
-2.212717e-03
-2.510512e-03
-2.739335e-03
-2.884572e-03
-2.939531e-03
-2.924079e-03
-2.850580e-03
-2.701069e-03
-2.459058e-03
-2.089072e-03
-1.575512e-03
-9.444690e-04
-2.127193e-04
6.199519e-04
1.523299e-03
2.446562e-03
3.352425e-03
4.207165e-03
4.984953e-03
5.677501e-03
6.285679e-03
6.822484e-03
7.308555e-03
7.734781e-03
8.076928e-03
8.322446e-03
8.476794e-03
8.571185e-03
8.613122e-03
8.595288e-03
8.511044e-03
8.358044e-03
8.156306e-03
7.941276e-03
7.736182e-03
7.543202e-03
7.350586e-03
7.134896e-03
6.870342e-03
6.552418e-03
6.209923e-03
5.889780e-03
5.616733e-03
5.382756e-03
5.145215e-03
4.851866e-03
4.482917e-03
4.056721e-03
3.609314e-03
3.156803e-03
2.688206e-03
2.202591e-03
1.718336e-03
1.252510e-03
8.159734e-04
3.911896e-04
-6.195804e-05
-5.630415e-04
-1.114765e-03
-1.705235e-03
-2.307986e-03
-2.896403e-03
-3.459801e-03
-4.011632e-03
-4.560573e-03
-5.090126e-03
-5.577991e-03
-6.025121e-03
-6.450725e-03
-6.867542e-03
-7.305585e-03
-7.772912e-03
-8.237163e-03
-8.665953e-03
-9.053703e-03
-9.393827e-03
-9.694890e-03
-9.958773e-03
-1.016342e-02
-1.030131e-02
-1.035968e-02
-1.033754e-02
-1.025579e-02
-1.013221e-02
-9.994441e-03
-9.852470e-03
-9.703007e-03
-9.533512e-03
-9.324927e-03
-9.078575e-03
-8.799844e-03
-8.490230e-03
-8.141018e-03
-7.708456e-03
-7.152297e-03
-6.485916e-03
-5.760706e-03
-5.022959e-03
-4.276896e-03
-3.526699e-03
-2.757975e-03
-1.943291e-03
-1.106732e-03
-2.852763e-04
4.981266e-04
1.216058e-03
1.855668e-03
2.436540e-03
2.961906e-03
3.404165e-03
3.738846e-03
3.954365e-03
4.056961e-03
4.062797e-03
3.996711e-03
3.892802e-03
3.760885e-03
3.585997e-03
3.357660e-03
3.104816e-03
2.880696e-03
2.694902e-03
2.543974e-03
2.430951e-03
2.339491e-03
2.284961e-03
2.312862e-03
2.434047e-03
2.616415e-03
2.820939e-03
3.030876e-03
3.235126e-03
3.404167e-03
3.518722e-03
3.552369e-03
3.465384e-03
3.241863e-03
2.880445e-03
2.385161e-03
1.772922e-03
1.056570e-03
2.496148e-04
-6.082501e-04
-1.465481e-03
-2.294716e-03
-3.064064e-03
-3.741969e-03
-4.305495e-03
-4.759531e-03
-5.115889e-03
-5.377006e-03
-5.574481e-03
-5.739662e-03
-5.877271e-03
-5.998780e-03
-6.119921e-03
-6.255225e-03
-6.415218e-03
-6.600348e-03
-6.813911e-03
-7.061374e-03
-7.342130e-03
-7.649157e-03
-7.991986e-03
-8.379715e-03
-8.794744e-03
-9.220560e-03
-9.629493e-03
-9.985036e-03
-1.025951e-02
-1.045644e-02
-1.060625e-02
-1.073329e-02
-1.083805e-02
-1.089641e-02
-1.089064e-02
-1.080281e-02
-1.062059e-02
-1.032716e-02
-9.916327e-03
-9.427118e-03
-8.902610e-03
-8.364894e-03
-7.834517e-03
-7.333722e-03
-6.885336e-03
-6.511709e-03
-6.218739e-03
-5.990475e-03
-5.816776e-03
-5.678672e-03
-5.553372e-03
-5.436826e-03
-5.323805e-03
-5.216375e-03
-5.118681e-03
-5.013890e-03
-4.873154e-03
-4.662061e-03
-4.380880e-03
-4.048574e-03
-3.664747e-03
-3.226689e-03
-2.737242e-03
-2.227020e-03
-1.751730e-03
-1.314070e-03
-9.168326e-04
-5.815759e-04
-3.072954e-04
-1.039653e-04
-6.156961e-06
-4.210706e-05
-2.053297e-04
-4.808216e-04
-8.631458e-04
-1.338162e-03
-1.862355e-03
-2.405154e-03
-2.971451e-03
-3.544326e-03
-4.105345e-03
-4.676654e-03
-5.269653e-03
-5.876010e-03
-6.510076e-03
-7.184872e-03
-7.868434e-03
-8.500038e-03
-9.048097e-03
-9.494886e-03
-9.833107e-03
-1.007709e-02
-1.024970e-02
-1.036829e-02
-1.043034e-02
-1.041843e-02
-1.036330e-02
-1.031868e-02
-1.026783e-02
-1.017146e-02
-1.000898e-02
-9.758091e-03
-9.401266e-03
-8.964793e-03
-8.489985e-03
-7.977115e-03
-7.430374e-03
-6.844527e-03
-6.187386e-03
-5.449853e-03
-4.669893e-03
-3.870278e-03
-3.040363e-03
-2.211034e-03
-1.428705e-03
-6.945802e-04
7.451698e-06
6.765619e-04
1.299715e-03
1.856887e-03
2.312555e-03
2.671266e-03
2.953327e-03
3.149834e-03
3.228294e-03
3.155733e-03
2.939678e-03
2.625549e-03
2.257679e-03
1.899449e-03
1.617013e-03
1.422731e-03
1.294824e-03
1.201993e-03
1.104333e-03
9.872048e-04
8.880851e-04
8.428171e-04
8.406375e-04
8.568559e-04
8.834801e-04
9.144378e-04
9.472113e-04
9.743152e-04
9.690261e-04
8.939428e-04
7.057038e-04
3.938964e-04
-1.770895e-05
-5.244697e-04
-1.100619e-03
-1.705175e-03
-2.329654e-03
-2.989325e-03
-3.693361e-03
-4.438888e-03
-5.205712e-03
-5.954015e-03
-6.648598e-03
-7.301932e-03
-7.940111e-03
-8.546972e-03
-9.114880e-03
-9.641393e-03
-1.011322e-02
-1.054602e-02
-1.095140e-02
-1.134322e-02
-1.174108e-02
-1.212820e-02
-1.243863e-02
-1.259918e-02
-1.257558e-02
-1.235172e-02
-1.192162e-02
-1.129276e-02
-1.048631e-02
-9.523817e-03
-8.438005e-03
-7.284300e-03
-6.109071e-03
-4.939976e-03
-3.794725e-03
-2.676126e-03
-1.582600e-03
-5.113750e-04
5.245140e-04
1.499063e-03
2.391301e-03
3.180575e-03
3.858671e-03
4.426734e-03
4.890338e-03
5.237531e-03
5.464565e-03
5.591857e-03
5.653011e-03
5.682216e-03
5.687020e-03
5.691372e-03
5.722733e-03
5.785570e-03
5.874110e-03
5.957412e-03
6.014673e-03
6.014815e-03
5.945326e-03
5.830706e-03
5.667416e-03
5.480780e-03
5.292541e-03
5.087525e-03
4.872716e-03
4.659164e-03
4.439016e-03
4.200935e-03
3.955506e-03
3.705245e-03
3.439348e-03
3.153282e-03
2.843497e-03
2.538999e-03
2.269586e-03
2.038001e-03
1.840712e-03
1.680693e-03
1.570951e-03
1.503994e-03
1.443383e-03
1.368681e-03
1.276887e-03
1.155185e-03
9.937432e-04
7.712819e-04
4.889368e-04
1.711991e-04
-1.673174e-04
-5.223169e-04
-8.886831e-04
-1.265682e-03
-1.660340e-03
-2.065926e-03
-2.452521e-03
-2.818211e-03
-3.171368e-03
-3.522722e-03
-3.895372e-03
-4.308671e-03
-4.772911e-03
-5.275950e-03
-5.802522e-03
-6.345337e-03
-6.909441e-03
-7.483912e-03
-8.029220e-03
-8.515206e-03
-8.927356e-03
-9.262007e-03
-9.503095e-03
-9.632747e-03
-9.645253e-03
-9.530983e-03
-9.288402e-03
-8.915569e-03
-8.429597e-03
-7.849867e-03
-7.189848e-03
-6.497756e-03
-5.824332e-03
-5.187976e-03
-4.634381e-03
-4.187853e-03
-3.843232e-03
-3.597458e-03
-3.429468e-03
-3.331268e-03
-3.290377e-03
-3.280008e-03
-3.294690e-03
-3.326972e-03
-3.368774e-03
-3.407074e-03
-3.420012e-03
-3.386891e-03
-3.287827e-03
-3.110363e-03
-2.849247e-03
-2.513105e-03
-2.108517e-03
-1.648525e-03
-1.175079e-03
-7.229744e-04
-3.253210e-04
-1.570187e-05
1.969917e-04
3.016420e-04
3.167484e-04
2.736433e-04
1.689614e-04
-1.680392e-05
-2.701199e-04
-5.482866e-04
-8.291299e-04
-1.078511e-03
-1.262435e-03
-1.365740e-03
-1.361309e-03
-1.234000e-03
-9.906089e-04
-6.719702e-04
-3.215179e-04
4.557408e-05
4.017939e-04
7.377362e-04
1.064282e-03
1.372898e-03
1.664082e-03
1.940815e-03
2.190502e-03
2.416645e-03
2.625397e-03
2.810877e-03
2.969053e-03
3.075961e-03
3.074407e-03
2.932563e-03
2.683643e-03
2.384785e-03
2.052159e-03
1.679922e-03
1.289556e-03
8.983904e-04
4.960714e-04
1.041406e-04
-2.480783e-04
-5.756251e-04
-9.116004e-04
-1.270889e-03
-1.660097e-03
-2.093589e-03
-2.547339e-03
-2.981405e-03
-3.382691e-03
-3.738802e-03
-4.030036e-03
-4.273019e-03
-4.481364e-03
-4.635097e-03
-4.742166e-03
-4.819618e-03
-4.865718e-03
-4.842206e-03
-4.717986e-03
-4.498648e-03
-4.191823e-03
-3.808012e-03
-3.358577e-03
-2.835278e-03
-2.225525e-03
-1.544387e-03
-8.278683e-04
-1.123127e-04
5.649497e-04
1.178764e-03
1.747139e-03
2.296268e-03
2.815466e-03
3.289173e-03
3.697587e-03
4.039387e-03
4.327510e-03
4.566834e-03
4.770409e-03
4.943252e-03
5.073485e-03
5.148546e-03
5.168655e-03
5.133498e-03
5.046087e-03
4.925685e-03
4.777338e-03
4.584019e-03
4.345377e-03
4.076758e-03
3.774755e-03
3.440105e-03
3.095512e-03
2.738170e-03
2.357892e-03
1.951654e-03
1.514758e-03
1.074744e-03
6.658889e-04
2.829138e-04
-7.998009e-05
-4.267057e-04
-7.631704e-04
-1.072321e-03
-1.352414e-03
-1.610769e-03
-1.838455e-03
-2.033871e-03
-2.200205e-03
-2.342266e-03
-2.471328e-03
-2.565841e-03
-2.597967e-03
-2.572172e-03
-2.488392e-03
-2.356647e-03
-2.219772e-03
-2.122494e-03
-2.068263e-03
-2.049164e-03
-2.064590e-03
-2.099312e-03
-2.153184e-03
-2.210847e-03
-2.271280e-03
-2.365946e-03
-2.510847e-03
-2.708373e-03
-2.944203e-03
-3.196313e-03
-3.471640e-03
-3.773143e-03
-4.081867e-03
-4.378002e-03
-4.641878e-03
-4.854849e-03
-5.012150e-03
-5.119214e-03
-5.174809e-03
-5.179615e-03
-5.135162e-03
-5.048759e-03
-4.916326e-03
-4.737262e-03
-4.516164e-03
-4.247662e-03
-3.928173e-03
-3.540224e-03
-3.072377e-03
-2.539288e-03
-1.976711e-03
-1.415083e-03
-8.497899e-04
-2.801476e-04
2.956618e-04
8.919858e-04
1.518096e-03
2.181550e-03
2.867966e-03
3.550535e-03
4.216022e-03
4.842705e-03
5.410915e-03
5.902536e-03
6.307557e-03
6.626843e-03
6.872083e-03
7.048450e-03
7.161497e-03
7.234894e-03
7.276907e-03
7.301143e-03
7.328671e-03
7.367562e-03
7.423498e-03
7.503172e-03
7.591268e-03
7.668151e-03
7.735045e-03
7.800969e-03
7.876635e-03
7.964729e-03
8.070762e-03
8.196209e-03
8.351384e-03
8.539943e-03
8.748168e-03
8.969899e-03
9.205408e-03
9.461276e-03
9.736017e-03
1.001068e-02
1.026353e-02
1.049448e-02
1.072168e-02
1.095083e-02
1.118328e-02
1.140769e-02
1.160274e-02
1.174497e-02
1.181352e-02
1.180689e-02
1.174780e-02
1.164851e-02
1.150227e-02
1.131523e-02
1.109331e-02
1.083713e-02
1.053886e-02
1.019869e-02
9.834056e-03
9.462546e-03
9.113596e-03
8.807880e-03
8.552618e-03
8.348796e-03
8.198047e-03
8.099502e-03
8.049841e-03
8.047352e-03
8.067959e-03
8.101072e-03
8.145022e-03
8.221276e-03
8.351446e-03
8.539229e-03
8.794735e-03
9.093805e-03
9.400352e-03
9.681256e-03
9.915247e-03
1.009757e-02
1.021598e-02
1.028080e-02
1.030065e-02
1.027117e-02
1.021218e-02
1.014315e-02
1.008829e-02
1.005523e-02
1.002358e-02
9.994916e-03
9.964487e-03
9.911928e-03
9.839474e-03
9.743044e-03
9.605731e-03
9.418972e-03
9.173938e-03
8.872757e-03
8.527301e-03
8.149971e-03
7.766193e-03
7.379695e-03
6.984304e-03
6.573382e-03
6.137675e-03
5.675529e-03
5.191298e-03
4.695772e-03
4.199408e-03
3.730432e-03
3.322512e-03
2.994469e-03
2.751807e-03
2.596686e-03
2.528892e-03
2.543058e-03
2.624073e-03
2.756038e-03
2.915299e-03
3.109417e-03
3.359092e-03
3.675735e-03
4.056437e-03
4.470930e-03
4.905545e-03
5.317603e-03
5.670253e-03
5.978732e-03
6.216158e-03
6.353356e-03
6.388350e-03
6.334408e-03
6.222194e-03
6.080593e-03
5.940952e-03
5.799198e-03
5.636674e-03
5.443788e-03
5.220220e-03
4.967593e-03
4.696966e-03
4.429199e-03
4.146186e-03
3.837072e-03
3.509079e-03
3.165206e-03
2.821075e-03
2.470201e-03
2.114502e-03
1.772613e-03
1.422241e-03
1.025897e-03
5.839711e-04
1.184622e-04
-3.715568e-04
-8.865645e-04
-1.412076e-03
-1.935619e-03
-2.443868e-03
-2.927155e-03
-3.355646e-03
-3.705990e-03
-3.976761e-03
-4.176380e-03
-4.322404e-03
-4.429042e-03
-4.520638e-03
-4.609748e-03
-4.686078e-03
-4.728571e-03
-4.717631e-03
-4.660684e-03
-4.559817e-03
-4.412029e-03
-4.206714e-03
-3.932143e-03
-3.614099e-03
-3.271823e-03
-2.909612e-03
-2.542625e-03
-2.174855e-03
-1.785142e-03
-1.349290e-03
-8.676745e-04
-3.620118e-04
1.410867e-04
6.326530e-04
1.105557e-03
1.548974e-03
1.975436e-03
2.404210e-03
2.845065e-03
3.286104e-03
3.704366e-03
4.093800e-03
4.443374e-03
4.752547e-03
5.021668e-03
5.240205e-03
5.413121e-03
5.552247e-03
5.670702e-03
5.778690e-03
5.859595e-03
5.892227e-03
5.870797e-03
5.792438e-03
5.645048e-03
5.408678e-03
5.093785e-03
4.732874e-03
4.335695e-03
3.922320e-03
3.512079e-03
3.136288e-03
2.825386e-03
2.569613e-03
2.367477e-03
2.213383e-03
2.102901e-03
2.068549e-03
2.124886e-03
2.256297e-03
2.432059e-03
2.597895e-03
2.720743e-03
2.799963e-03
2.848836e-03
2.868227e-03
2.831857e-03
2.742078e-03
2.623397e-03
2.479666e-03
2.299607e-03
2.118901e-03
1.977031e-03
1.849601e-03
1.707698e-03
1.524234e-03
1.311215e-03
1.101947e-03
8.987291e-04
7.106881e-04
5.379744e-04
3.769901e-04
2.273289e-04
9.503161e-05
-2.870626e-06
-7.884640e-05
-1.495910e-04
-2.170982e-04
-3.107465e-04
-4.588357e-04
-6.579880e-04
-8.830553e-04
-1.102219e-03
-1.299796e-03
-1.452120e-03
-1.564714e-03
-1.633164e-03
-1.614695e-03
-1.464404e-03
-1.180801e-03
-8.176329e-04
-4.090627e-04
3.824948e-05
5.199071e-04
1.022766e-03
1.530123e-03
2.040170e-03
2.530949e-03
2.967125e-03
3.346646e-03
3.671312e-03
3.939609e-03
4.177120e-03
4.391464e-03
4.578978e-03
4.735566e-03
4.855941e-03
4.949992e-03
5.025443e-03
5.099205e-03
5.174740e-03
5.231322e-03
5.256480e-03
5.250580e-03
5.232875e-03
5.211379e-03
5.182596e-03
5.168407e-03
5.175550e-03
5.197757e-03
5.241649e-03
5.310125e-03
5.380039e-03
5.423924e-03
5.432007e-03
5.404854e-03
5.346708e-03
5.263755e-03
5.176897e-03
5.093258e-03
5.021497e-03
4.976228e-03
4.958336e-03
4.984510e-03
5.044456e-03
5.106434e-03
5.154743e-03
5.203907e-03
5.276769e-03
5.361911e-03
5.441715e-03
5.507355e-03
5.553229e-03
5.564658e-03
5.536920e-03
5.472233e-03
5.363646e-03
5.204671e-03
4.996978e-03
4.762206e-03
4.510180e-03
4.241724e-03
3.977963e-03
3.725579e-03
3.466205e-03
3.191546e-03
2.892127e-03
2.555697e-03
2.193374e-03
1.832354e-03
1.485426e-03
1.161799e-03
8.732636e-04
6.215254e-04
3.960275e-04
1.676817e-04
-9.003402e-05
-3.795133e-04
-7.011513e-04
-1.034935e-03
-1.342231e-03
-1.620994e-03
-1.881449e-03
-2.132106e-03
-2.365043e-03
-2.576840e-03
-2.772545e-03
-2.939331e-03
-3.071022e-03
-3.166000e-03
-3.211794e-03
-3.183352e-03
-3.072784e-03
-2.889075e-03
-2.640215e-03
-2.338616e-03
-2.013191e-03
-1.681361e-03
-1.340486e-03
-9.899978e-04
-6.250866e-04
-2.461260e-04
1.410388e-04
5.247874e-04
9.007542e-04
1.277015e-03
1.651191e-03
2.032031e-03
2.407694e-03
2.743282e-03
3.039211e-03
3.307585e-03
3.558081e-03
3.814492e-03
4.083631e-03
4.352265e-03
4.627607e-03
4.934203e-03
5.289172e-03
5.688736e-03
6.115042e-03
6.543862e-03
6.955281e-03
7.326605e-03
7.624848e-03
7.834341e-03
7.943947e-03
7.937889e-03
7.826843e-03
7.613326e-03
7.311877e-03
6.951538e-03
6.543771e-03
6.088337e-03
5.581752e-03
5.025874e-03
4.450008e-03
3.874117e-03
3.296236e-03
2.742924e-03
2.226500e-03
1.745686e-03
1.320719e-03
9.754517e-04
7.391482e-04
6.143573e-04
5.576471e-04
5.508930e-04
6.006144e-04
6.909538e-04
7.801496e-04
8.361162e-04
8.553742e-04
8.340262e-04
7.595138e-04
6.342840e-04
4.849882e-04
3.338521e-04
2.042940e-04
1.091227e-04
3.827219e-05
-1.497560e-05
-3.639317e-05
-6.717136e-06
6.777511e-05
1.963767e-04
3.929911e-04
6.401133e-04
9.166965e-04
1.210702e-03
1.515010e-03
1.829486e-03
2.144438e-03
2.423233e-03
2.654697e-03
2.838952e-03
2.948519e-03
2.959325e-03
2.868367e-03
2.709486e-03
2.504913e-03
2.263809e-03
1.993477e-03
1.694864e-03
1.372605e-03
1.023757e-03
6.695444e-04
3.466048e-04
6.386550e-05
-1.561444e-04
-2.996712e-04
-3.540241e-04
-3.047364e-04
-1.510892e-04
1.142552e-04
4.577905e-04
8.203738e-04
1.180280e-03
1.513510e-03
1.806227e-03
2.067481e-03
2.292139e-03
2.464942e-03
2.577057e-03
2.632636e-03
2.635557e-03
2.576162e-03
2.462706e-03
2.306200e-03
2.098890e-03
1.867411e-03
1.648138e-03
1.446293e-03
1.252537e-03
1.056380e-03
8.568993e-04
6.630630e-04
4.702757e-04
2.787830e-04
1.195649e-04
-1.736541e-06
-1.059028e-04
-2.152860e-04
-3.361689e-04
-4.759947e-04
-6.486705e-04
-8.640745e-04
-1.148427e-03
-1.516116e-03
-1.970359e-03
-2.474169e-03
-2.985309e-03
-3.496570e-03
-3.999196e-03
-4.491283e-03
-4.964758e-03
-5.399851e-03
-5.788714e-03
-6.134789e-03
-6.457022e-03
-6.750104e-03
-6.997030e-03
-7.203291e-03
-7.383247e-03
-7.539109e-03
-7.668578e-03
-7.771075e-03
-7.859120e-03
-7.939833e-03
-7.998448e-03
-8.040143e-03
-8.073025e-03
-8.100951e-03
-8.144135e-03
-8.201547e-03
-8.256432e-03
-8.326365e-03
-8.408342e-03
-8.477756e-03
-8.538180e-03
-8.589668e-03
-8.606806e-03
-8.562407e-03
-8.474319e-03
-8.391484e-03
-8.318153e-03
-8.248675e-03
-8.186051e-03
-8.109862e-03
-8.015652e-03
-7.918115e-03
-7.830564e-03
-7.743492e-03
-7.641902e-03
-7.509019e-03
-7.352796e-03
-7.219405e-03
-7.116295e-03
-7.031549e-03
-6.955145e-03
-6.854402e-03
-6.693814e-03
-6.450087e-03
-6.128400e-03
-5.769867e-03
-5.394375e-03
-5.023553e-03
-4.680622e-03
-4.363289e-03
-4.075865e-03
-3.834748e-03
-3.638013e-03
-3.494475e-03
-3.427906e-03
-3.426265e-03
-3.458880e-03
-3.510953e-03
-3.582689e-03
-3.678914e-03
-3.817029e-03
-4.033947e-03
-4.331373e-03
-4.653512e-03
-4.939768e-03
-5.145337e-03
-5.266971e-03
-5.359526e-03
-5.462970e-03
-5.577245e-03
-5.710062e-03
-5.863295e-03
-5.999932e-03
-6.118097e-03
-6.273907e-03
-6.482064e-03
-6.715312e-03
-6.945472e-03
-7.131388e-03
-7.238192e-03
-7.264042e-03
-7.254944e-03
-7.257269e-03
-7.286335e-03
-7.336191e-03
-7.358637e-03
-7.306199e-03
-7.199563e-03
-7.100188e-03
-7.071862e-03
-7.132487e-03
-7.250182e-03
-7.382124e-03
-7.462232e-03
-7.470018e-03
-7.455964e-03
-7.477168e-03
-7.565321e-03
-7.724003e-03
-7.936571e-03
-8.156728e-03
-8.343404e-03
-8.507263e-03
-8.689930e-03
-8.915065e-03
-9.158580e-03
-9.354936e-03
-9.439161e-03
-9.395647e-03
-9.286543e-03
-9.181641e-03
-9.113354e-03
-9.098798e-03
-9.104505e-03
-9.076953e-03
-9.001236e-03
-8.888618e-03
-8.751203e-03
-8.622434e-03
-8.516209e-03
-8.391813e-03
-8.199548e-03
-7.929418e-03
-7.595860e-03
-7.201935e-03
-6.753983e-03
-6.261507e-03
-5.742926e-03
-5.243202e-03
-4.816096e-03
-4.490794e-03
-4.249895e-03
-4.052272e-03
-3.877671e-03
-3.713742e-03
-3.549146e-03
-3.388066e-03
-3.256364e-03
-3.180924e-03
-3.175343e-03
-3.246255e-03
-3.382316e-03
-3.574398e-03
-3.836904e-03
-4.160149e-03
-4.501739e-03
-4.812191e-03
-5.050324e-03
-5.213613e-03
-5.324155e-03
-5.406403e-03
-5.477978e-03
-5.541787e-03
-5.585035e-03
-5.603938e-03
-5.636650e-03
-5.729132e-03
-5.902722e-03
-6.119495e-03
-6.335916e-03
-6.536095e-03
-6.725839e-03
-6.922565e-03
-7.129021e-03
-7.349372e-03
-7.572762e-03
-7.764108e-03
-7.915529e-03
-8.036234e-03
-8.139898e-03
-8.240312e-03
-8.336844e-03
-8.410332e-03
-8.435557e-03
-8.426190e-03
-8.414652e-03
-8.415627e-03
-8.420911e-03
-8.420108e-03
-8.420183e-03
-8.426065e-03
-8.458045e-03
-8.523178e-03
-8.602050e-03
-8.675096e-03
-8.724278e-03
-8.750727e-03
-8.749966e-03
-8.721008e-03
-8.678113e-03
-8.633901e-03
-8.573971e-03
-8.444969e-03
-8.213241e-03
-7.880501e-03
-7.471015e-03
-7.025648e-03
-6.568027e-03
-6.121794e-03
-5.713472e-03
-5.351723e-03
-5.034250e-03
-4.761067e-03
-4.518532e-03
-4.308088e-03
-4.140401e-03
-4.008866e-03
-3.899980e-03
-3.793439e-03
-3.661988e-03
-3.501073e-03
-3.326775e-03
-3.152727e-03
-2.985287e-03
-2.835725e-03
-2.707259e-03
-2.562931e-03
-2.390469e-03
-2.201246e-03
-2.012347e-03
-1.849419e-03
-1.713748e-03
-1.581406e-03
-1.441950e-03
-1.315100e-03
-1.236405e-03
-1.249636e-03
-1.372126e-03
-1.588733e-03
-1.885679e-03
-2.233001e-03
-2.615486e-03
-3.030547e-03
-3.447164e-03
-3.816415e-03
-4.100685e-03
-4.285764e-03
-4.384597e-03
-4.429312e-03
-4.459766e-03
-4.495175e-03
-4.541823e-03
-4.620531e-03
-4.743390e-03
-4.900509e-03
-5.053444e-03
-5.155125e-03
-5.203777e-03
-5.217491e-03
-5.229751e-03
-5.289839e-03
-5.417024e-03
-5.622980e-03
-5.904101e-03
-6.232161e-03
-6.581742e-03
-6.932059e-03
-7.265054e-03
-7.578774e-03
-7.862141e-03
-8.099730e-03
-8.292628e-03
-8.452610e-03
-8.601523e-03
-8.760157e-03
-8.915140e-03
-9.034901e-03
-9.097370e-03
-9.112165e-03
-9.103455e-03
-9.089141e-03
-9.099300e-03
-9.148118e-03
-9.219705e-03
-9.291688e-03
-9.353072e-03
-9.403739e-03
-9.445239e-03
-9.473418e-03
-9.478586e-03
-9.451747e-03
-9.382861e-03
-9.285477e-03
-9.176306e-03
-9.047076e-03
-8.885532e-03
-8.670079e-03
-8.362058e-03
-7.935422e-03
-7.406491e-03
-6.822962e-03
-6.232100e-03
-5.667165e-03
-5.132118e-03
-4.616112e-03
-4.144467e-03
-3.719849e-03
-3.308924e-03
-2.886306e-03
-2.437573e-03
-1.974531e-03
-1.519771e-03
-1.078880e-03
-6.703290e-04
-3.276887e-04
-4.830090e-05
1.844719e-04
3.811861e-04
5.668011e-04
7.414364e-04
8.978456e-04
1.034759e-03
1.152232e-03
1.262533e-03
1.363767e-03
1.437388e-03
1.462254e-03
1.429695e-03
1.353880e-03
1.239107e-03
1.090657e-03
9.285841e-04
7.584860e-04
5.700074e-04
3.700812e-04
1.622399e-04
-5.572577e-05
-2.591866e-04
-4.508366e-04
-6.452866e-04
-8.483936e-04
-1.058334e-03
-1.282861e-03
-1.539081e-03
-1.814254e-03
-2.097257e-03
-2.385196e-03
-2.654438e-03
-2.887314e-03
-3.078825e-03
-3.241819e-03
-3.389660e-03
-3.513986e-03
-3.632211e-03
-3.762462e-03
-3.920770e-03
-4.129175e-03
-4.396706e-03
-4.728346e-03
-5.103543e-03
-5.472706e-03
-5.804168e-03
-6.065708e-03
-6.244778e-03
-6.365738e-03
-6.447341e-03
-6.483654e-03
-6.460460e-03
-6.375548e-03
-6.218618e-03
-5.989702e-03
-5.714399e-03
-5.404979e-03
-5.047822e-03
-4.634891e-03
-4.171487e-03
-3.661419e-03
-3.123559e-03
-2.593103e-03
-2.089733e-03
-1.608576e-03
-1.127760e-03
-6.154026e-04
-7.851515e-05
4.642744e-04
1.004482e-03
1.511759e-03
1.986030e-03
2.457765e-03
2.928021e-03
3.403903e-03
3.880663e-03
4.345933e-03
4.795345e-03
5.223112e-03
5.636718e-03
6.021668e-03
6.353004e-03
6.616504e-03
6.798240e-03
6.898993e-03
6.956362e-03
7.023857e-03
7.122130e-03
7.249466e-03
7.404692e-03
7.560269e-03
7.666972e-03
7.707246e-03
7.696152e-03
7.659109e-03
7.611860e-03
7.554483e-03
7.505131e-03
7.489814e-03
7.527440e-03
7.630862e-03
7.793065e-03
8.000264e-03
8.218395e-03
8.418905e-03
8.594117e-03
8.760171e-03
8.929974e-03
9.091324e-03
9.237427e-03
9.383557e-03
9.537016e-03
9.686763e-03
9.842019e-03
1.000510e-02
1.016085e-02
1.030302e-02
1.041138e-02
1.047932e-02
1.051095e-02
1.051481e-02
1.048760e-02
1.040858e-02
1.027908e-02
1.011351e-02
9.910330e-03
9.660522e-03
9.373698e-03
9.084276e-03
8.804810e-03
8.533656e-03
8.282401e-03
8.050555e-03
7.816041e-03
7.581533e-03
7.367272e-03
7.163635e-03
6.969259e-03
6.792820e-03
6.622967e-03
6.457380e-03
6.291188e-03
6.149990e-03
6.058615e-03
6.014823e-03
5.993873e-03
5.927592e-03
5.781638e-03
5.539817e-03
5.213054e-03
4.859500e-03
4.530079e-03
4.246364e-03
3.995104e-03
3.774522e-03
3.594123e-03
3.456890e-03
3.371899e-03
3.336079e-03
3.329123e-03
3.321746e-03
3.315549e-03
3.329518e-03
3.365339e-03
3.413025e-03
3.444981e-03
3.436139e-03
3.379051e-03
3.294875e-03
3.232032e-03
3.209460e-03
3.206452e-03
3.203906e-03
3.200282e-03
3.178136e-03
3.116266e-03
3.020499e-03
2.913664e-03
2.798397e-03
2.676527e-03
2.561580e-03
2.456794e-03
2.389113e-03
2.377756e-03
2.417390e-03
2.518507e-03
2.677208e-03
2.864347e-03
3.049109e-03
3.196985e-03
3.281783e-03
3.314167e-03
3.320299e-03
3.314192e-03
3.301323e-03
3.278537e-03
3.254965e-03
3.250592e-03
3.257357e-03
3.256352e-03
3.236835e-03
3.180080e-03
3.090053e-03
2.982075e-03
2.868657e-03
2.766481e-03
2.682599e-03
2.638937e-03
2.649011e-03
2.711480e-03
2.820676e-03
2.976187e-03
3.190813e-03
3.465083e-03
3.770528e-03
4.065774e-03
4.322816e-03
4.535836e-03
4.707410e-03
4.844233e-03
4.953827e-03
5.032518e-03
5.087758e-03
5.149190e-03
5.228573e-03
5.300738e-03
5.328736e-03
5.293132e-03
5.198652e-03
5.043779e-03
4.823825e-03
4.543392e-03
4.211862e-03
3.850614e-03
3.477748e-03
3.106733e-03
2.740387e-03
2.386577e-03
2.056403e-03
1.752590e-03
1.485464e-03
1.274628e-03
1.140897e-03
1.084624e-03
1.094715e-03
1.158150e-03
1.231314e-03
1.274024e-03
1.271499e-03
1.232775e-03
1.190337e-03
1.182745e-03
1.239046e-03
1.367239e-03
1.559229e-03
1.777287e-03
1.981331e-03
2.159865e-03
2.296901e-03
2.390475e-03
2.466153e-03
2.530442e-03
2.602666e-03
2.743033e-03
2.982321e-03
3.304094e-03
3.676845e-03
4.059448e-03
4.413872e-03
4.702894e-03
4.919515e-03
5.097243e-03
5.242277e-03
5.349321e-03
5.430268e-03
5.472262e-03
5.474791e-03
5.464981e-03
5.463222e-03
5.464359e-03
5.452056e-03
5.422000e-03
5.396423e-03
5.398919e-03
5.424592e-03
5.465108e-03
5.509922e-03
5.559941e-03
5.636756e-03
5.737217e-03
5.843435e-03
5.948796e-03
6.059882e-03
6.198758e-03
6.362365e-03
6.546393e-03
6.763113e-03
6.978851e-03
7.175664e-03
7.355913e-03
7.491060e-03
7.577420e-03
7.645165e-03
7.718419e-03
7.805855e-03
7.905038e-03
8.011258e-03
8.101652e-03
8.162568e-03
8.191971e-03
8.175061e-03
8.127998e-03
8.085017e-03
8.052006e-03
8.013411e-03
7.961922e-03
7.901979e-03
7.838785e-03
7.768984e-03
7.686363e-03
7.583531e-03
7.455838e-03
7.297010e-03
7.092667e-03
6.856236e-03
6.621923e-03
6.403336e-03
6.209569e-03
6.031892e-03
5.844286e-03
5.625996e-03
5.359574e-03
5.058591e-03
4.768566e-03
4.528929e-03
4.358450e-03
4.252460e-03
4.209638e-03
4.219361e-03
4.260475e-03
4.310130e-03
4.347035e-03
4.345411e-03
4.277351e-03
4.152957e-03
3.997036e-03
3.857890e-03
3.762762e-03
3.704633e-03
3.690609e-03
3.705832e-03
3.722326e-03
3.732033e-03
3.726642e-03
3.702032e-03
3.678986e-03
3.678415e-03
3.712037e-03
3.779010e-03
3.864831e-03
3.962188e-03
4.068260e-03
4.181952e-03
4.275766e-03
4.305689e-03
4.257700e-03
4.138070e-03
3.978638e-03
3.808243e-03
3.630617e-03
3.452652e-03
3.283862e-03
3.139284e-03
3.023061e-03
2.939445e-03
2.900510e-03
2.898905e-03
2.919081e-03
2.937122e-03
2.950143e-03
2.946621e-03
2.909323e-03
2.863279e-03
2.823551e-03
2.778983e-03
2.713508e-03
2.627571e-03
2.526895e-03
2.425367e-03
2.333802e-03
2.241808e-03
2.118481e-03
1.934892e-03
1.692168e-03
1.424861e-03
1.181108e-03
1.008870e-03
9.327149e-04
9.431290e-04
1.002265e-03
1.046252e-03
1.055208e-03
1.044778e-03
1.016393e-03
9.892124e-04
9.992128e-04
1.064152e-03
1.184755e-03
1.364868e-03
1.583785e-03
1.809808e-03
2.013407e-03
2.140431e-03
2.158760e-03
2.078904e-03
1.946864e-03
1.811918e-03
1.703735e-03
1.634312e-03
1.604546e-03
1.618473e-03
1.646957e-03
1.654500e-03
1.625365e-03
1.551074e-03
1.445548e-03
1.323246e-03
1.200650e-03
1.100732e-03
1.040190e-03
1.012200e-03
1.001361e-03
1.010181e-03
1.022740e-03
1.017736e-03
1.013014e-03
1.025894e-03
1.034076e-03
1.021755e-03
9.997481e-04
9.605242e-04
8.897828e-04
8.018249e-04
7.044698e-04
5.964372e-04
4.778614e-04
3.773832e-04
3.330663e-04
3.650576e-04
4.789040e-04
6.600890e-04
8.728871e-04
1.083874e-03
1.268937e-03
1.405450e-03
1.507536e-03
1.609319e-03
1.726324e-03
1.836156e-03
1.907223e-03
1.967326e-03
2.058235e-03
2.181963e-03
2.298319e-03
2.365102e-03
2.386219e-03
2.383224e-03
2.362922e-03
2.324076e-03
2.262550e-03
2.168222e-03
2.038501e-03
1.895289e-03
1.770390e-03
1.694355e-03
1.687398e-03
1.742726e-03
1.846834e-03
1.971361e-03
2.081154e-03
2.170493e-03
2.240053e-03
2.293066e-03
2.342304e-03
2.397630e-03
2.453432e-03
2.484306e-03
2.478289e-03
2.438040e-03
2.348180e-03
2.193599e-03
2.004531e-03
1.826970e-03
1.690075e-03
1.574542e-03
1.444142e-03
1.273640e-03
1.041914e-03
7.774988e-04
5.021549e-04
2.134468e-04
-6.062620e-05
-2.803085e-04
-4.185676e-04
-4.596822e-04
-4.198799e-04
-3.427905e-04
-2.621479e-04
-1.853836e-04
-1.280812e-04
-9.208238e-05
-4.108932e-05
5.713684e-05
2.045999e-04
3.847146e-04
5.756756e-04
7.859180e-04
1.052685e-03
1.377993e-03
1.724034e-03
2.069904e-03
2.392552e-03
2.658150e-03
2.847552e-03
2.951202e-03
2.956186e-03
2.874877e-03
2.730160e-03
2.537669e-03
2.311885e-03
2.068401e-03
1.826062e-03
1.593553e-03
1.369471e-03
1.159550e-03
9.446435e-04
7.044499e-04
4.428164e-04
1.861428e-04
-1.551131e-05
-1.223758e-04
-1.048975e-04
3.961219e-05
2.840215e-04
5.789269e-04
8.720468e-04
1.135554e-03
1.359491e-03
1.522027e-03
1.615848e-03
1.648898e-03
1.664785e-03
1.708045e-03
1.774257e-03
1.831092e-03
1.836113e-03
1.761743e-03
1.597077e-03
1.365132e-03
1.122032e-03
9.141922e-04
7.523525e-04
6.309186e-04
5.382691e-04
4.590170e-04
3.809959e-04
3.069661e-04
2.647231e-04
2.597150e-04
2.670671e-04
2.599941e-04
2.122790e-04
1.230578e-04
-3.954309e-06
-1.838272e-04
-4.324674e-04
-7.549594e-04
-1.133305e-03
-1.543102e-03
-1.959692e-03
-2.355472e-03
-2.714162e-03
-3.037367e-03
-3.315576e-03
-3.525556e-03
-3.686291e-03
-3.797320e-03
-3.834131e-03
-3.789749e-03
-3.643057e-03
-3.391225e-03
-3.037226e-03
-2.580237e-03
-2.055974e-03
-1.519067e-03
-1.000674e-03
-5.240417e-04
-1.125059e-04
2.136372e-04
4.214832e-04
4.833904e-04
4.022514e-04
1.900269e-04
-1.090520e-04
-4.428338e-04
-7.982282e-04
-1.173332e-03
-1.562072e-03
-1.959993e-03
-2.357889e-03
-2.734503e-03
-3.060825e-03
-3.316165e-03
-3.497557e-03
-3.616097e-03
-3.679802e-03
-3.673261e-03
-3.592032e-03
-3.448452e-03
-3.265814e-03
-3.077280e-03
-2.926043e-03
-2.849390e-03
-2.841142e-03
-2.889833e-03
-2.961613e-03
-3.026150e-03
-3.092601e-03
-3.149718e-03
-3.172952e-03
-3.166269e-03
-3.149616e-03
-3.134450e-03
-3.133562e-03
-3.148090e-03
-3.178245e-03
-3.233449e-03
-3.293585e-03
-3.327693e-03
-3.316745e-03
-3.242646e-03
-3.093607e-03
-2.876916e-03
-2.611903e-03
-2.337969e-03
-2.109669e-03
-1.977133e-03
-1.963240e-03
-2.042546e-03
-2.198788e-03
-2.412058e-03
-2.647594e-03
-2.887180e-03
-3.102311e-03
-3.271207e-03
-3.411702e-03
-3.581451e-03
-3.822969e-03
-4.155390e-03
-4.587122e-03
-5.103972e-03
-5.680672e-03
-6.271142e-03
-6.836911e-03
-7.361835e-03
-7.835941e-03
-8.258791e-03
-8.630258e-03
-8.957074e-03
-9.236022e-03
-9.457649e-03
-9.629561e-03
-9.746265e-03
-9.794915e-03
-9.779169e-03
-9.700535e-03
-9.565490e-03
-9.385934e-03
-9.176380e-03
-8.946766e-03
-8.711558e-03
-8.472651e-03
-8.223332e-03
-7.966859e-03
-7.697414e-03
-7.409821e-03
-7.116732e-03
-6.831459e-03
-6.586849e-03
-6.410282e-03
-6.284540e-03
-6.202750e-03
-6.168451e-03
-6.179233e-03
-6.212338e-03
-6.217703e-03
-6.183695e-03
-6.102128e-03
-5.975739e-03
-5.840466e-03
-5.703530e-03
-5.561643e-03
-5.400988e-03
-5.208895e-03
-4.995983e-03
-4.761137e-03
-4.515858e-03
-4.280157e-03
-4.050174e-03
-3.839292e-03
-3.670190e-03
-3.552925e-03
-3.496766e-03
-3.503504e-03
-3.567818e-03
-3.665046e-03
-3.774790e-03
-3.884418e-03
-4.002133e-03
-4.152583e-03
-4.334296e-03
-4.520345e-03
-4.683086e-03
-4.801455e-03
-4.870438e-03
-4.896552e-03
-4.862872e-03
-4.755240e-03
-4.593269e-03
-4.403766e-03
-4.205056e-03
-4.021270e-03
-3.862847e-03
-3.728338e-03
-3.619349e-03
-3.521931e-03
-3.426945e-03
-3.335896e-03
-3.267866e-03
-3.243484e-03
-3.263743e-03
-3.328075e-03
-3.439663e-03
-3.587747e-03
-3.757741e-03
-3.948561e-03
-4.150721e-03
-4.355649e-03
-4.573390e-03
-4.812994e-03
-5.061477e-03
-5.301610e-03
-5.522072e-03
-5.721439e-03
-5.885497e-03
-5.999179e-03
-6.056848e-03
-6.062004e-03
-6.027659e-03
-5.956690e-03
-5.855561e-03
-5.743092e-03
-5.642079e-03
-5.567384e-03
-5.524004e-03
-5.511575e-03
-5.522776e-03
-5.572946e-03
-5.654312e-03
-5.738796e-03
-5.822719e-03
-5.894702e-03
-5.950587e-03
-5.994087e-03
-6.021604e-03
-6.037556e-03
-6.039483e-03
-6.027440e-03
-6.008433e-03
-5.990855e-03
-5.965482e-03
-5.904764e-03
-5.804487e-03
-5.685173e-03
-5.550968e-03
-5.367600e-03
-5.117572e-03
-4.845871e-03
-4.588365e-03
-4.357952e-03
-4.161569e-03
-3.991933e-03
-3.832366e-03
-3.665753e-03
-3.499434e-03
-3.345063e-03
-3.218633e-03
-3.135844e-03
-3.098917e-03
-3.110893e-03
-3.137897e-03
-3.148776e-03
-3.140068e-03
-3.092931e-03
-2.991292e-03
-2.831687e-03
-2.637802e-03
-2.461579e-03
-2.321232e-03
-2.207626e-03
-2.126516e-03
-2.065486e-03
-1.997074e-03
-1.916123e-03
-1.815474e-03
-1.709143e-03
-1.624181e-03
-1.565752e-03
-1.548000e-03
-1.614059e-03
-1.769691e-03
-1.990089e-03
-2.250459e-03
-2.504982e-03
-2.756089e-03
-3.036927e-03
-3.322592e-03
-3.586416e-03
-3.832794e-03
-4.063746e-03
-4.283734e-03
-4.485850e-03
-4.669839e-03
-4.836810e-03
-4.964659e-03
-5.049516e-03
-5.075277e-03
-5.045103e-03
-5.003640e-03
-4.986158e-03
-5.003141e-03
-5.019150e-03
-5.012547e-03
-4.976727e-03
-4.895827e-03
-4.766683e-03
-4.597885e-03
-4.391384e-03
-4.140223e-03
-3.814687e-03
-3.400892e-03
-2.914529e-03
-2.382704e-03
-1.836182e-03
-1.277354e-03
-7.041465e-04
-1.349139e-04
3.909747e-04
8.479584e-04
1.243155e-03
1.573753e-03
1.834931e-03
2.049604e-03
2.238144e-03
2.404781e-03
2.558142e-03
2.699303e-03
2.813292e-03
2.881155e-03
2.894122e-03
2.866034e-03
2.810286e-03
2.727050e-03
2.634754e-03
2.565534e-03
2.521071e-03
2.505342e-03
2.530129e-03
2.569347e-03
2.609395e-03
2.645300e-03
2.675635e-03
2.703514e-03
2.713588e-03
2.701480e-03
2.644950e-03
2.510579e-03
2.288678e-03
1.986213e-03
1.642583e-03
1.300485e-03
9.766589e-04
6.833158e-04
4.343626e-04
2.496421e-04
1.752508e-04
2.540663e-04
4.626426e-04
7.329784e-04
1.019848e-03
1.308408e-03
1.612588e-03
1.974977e-03
2.413031e-03
2.907824e-03
3.409505e-03
3.853947e-03
4.217989e-03
4.515425e-03
4.772770e-03
4.991193e-03
5.136747e-03
5.180579e-03
5.105094e-03
4.901560e-03
4.595359e-03
4.244841e-03
3.898453e-03
3.559129e-03
3.219597e-03
2.870519e-03
2.520670e-03
2.197769e-03
1.914860e-03
1.679747e-03
1.489713e-03
1.321870e-03
1.146198e-03
9.789820e-04
8.874422e-04
9.122968e-04
1.029617e-03
1.179572e-03
1.292918e-03
1.332627e-03
1.311512e-03
1.277949e-03
1.268791e-03
1.269253e-03
1.258250e-03
1.218972e-03
1.116207e-03
9.483937e-04
7.637193e-04
6.077228e-04
4.970179e-04
4.289532e-04
3.817757e-04
3.244832e-04
2.534976e-04
1.819462e-04
1.183396e-04
6.891614e-05
5.047307e-05
7.792044e-05
1.504422e-04
2.627856e-04
4.070828e-04
5.668554e-04
7.215475e-04
8.637863e-04
9.921752e-04
1.091773e-03
1.141862e-03
1.173832e-03
1.234315e-03
1.352485e-03
1.543227e-03
1.769002e-03
2.001356e-03
2.239536e-03
2.471905e-03
2.694667e-03
2.912840e-03
3.104992e-03
3.252974e-03
3.360765e-03
3.426752e-03
3.432662e-03
3.341665e-03
3.137260e-03
2.844129e-03
2.509110e-03
2.163461e-03
1.826219e-03
1.539345e-03
1.328365e-03
1.196534e-03
1.144690e-03
1.153426e-03
1.209094e-03
1.294907e-03
1.400912e-03
1.530043e-03
1.701239e-03
1.911361e-03
2.132509e-03
2.329912e-03
2.458236e-03
2.491642e-03
2.436924e-03
2.342834e-03
2.252179e-03
2.169510e-03
2.065835e-03
1.916108e-03
1.729598e-03
1.539361e-03
1.382805e-03
1.273352e-03
1.202402e-03
1.144294e-03
1.083719e-03
1.036661e-03
1.005638e-03
9.872945e-04
9.871941e-04
1.005704e-03
1.031228e-03
1.042808e-03
1.019603e-03
9.789262e-04
9.485992e-04
9.562799e-04
1.028952e-03
1.144310e-03
1.281474e-03
1.412849e-03
1.520280e-03
1.605618e-03
1.672785e-03
1.737540e-03
1.815963e-03
1.924531e-03
2.055284e-03
2.190661e-03
2.323837e-03
2.445708e-03
2.541164e-03
2.612992e-03
2.691445e-03
2.774266e-03
2.839890e-03
2.887320e-03
2.907473e-03
2.902767e-03
2.863039e-03
2.770572e-03
2.617939e-03
2.415894e-03
2.188612e-03
1.964475e-03
1.784633e-03
1.688778e-03
1.688582e-03
1.775969e-03
1.922449e-03
2.076175e-03
2.211730e-03
2.342450e-03
2.488357e-03
2.653414e-03
2.826520e-03
3.006147e-03
3.174043e-03
3.316944e-03
3.451202e-03
3.586469e-03
3.733597e-03
3.888981e-03
4.026392e-03
4.136277e-03
4.223068e-03
4.286475e-03
4.311784e-03
4.301916e-03
4.268761e-03
4.220236e-03
4.166666e-03
4.118008e-03
4.087931e-03
4.082233e-03
4.101224e-03
4.146198e-03
4.186909e-03
4.181445e-03
4.093513e-03
3.895444e-03
3.593937e-03
3.222308e-03
2.831629e-03
2.454629e-03
2.099501e-03
1.759392e-03
1.425762e-03
1.110367e-03
8.311737e-04
6.016946e-04
4.337775e-04
3.255475e-04
2.715242e-04
2.625125e-04
2.943138e-04
3.632654e-04
4.566151e-04
5.604404e-04
6.553473e-04
7.275761e-04
7.862959e-04
8.388419e-04
9.042092e-04
9.821584e-04
1.072766e-03
1.190055e-03
1.321029e-03
1.446103e-03
1.567558e-03
1.701567e-03
1.861466e-03
2.050170e-03
2.265783e-03
2.501704e-03
2.758382e-03
3.013445e-03
3.254563e-03
3.490057e-03
3.723980e-03
3.960840e-03
4.180828e-03
4.358941e-03
4.474526e-03
4.527660e-03
4.521864e-03
4.453155e-03
4.333858e-03
4.177797e-03
3.981670e-03
3.751161e-03
3.517863e-03
3.309177e-03
3.135034e-03
3.012257e-03
2.951127e-03
2.921466e-03
2.908196e-03
2.928299e-03
3.002559e-03
3.152008e-03
3.366059e-03
3.637233e-03
3.950818e-03
4.295025e-03
4.663232e-03
5.030068e-03
5.374124e-03
5.679373e-03
5.960673e-03
6.206577e-03
6.373478e-03
6.476169e-03
6.542689e-03
6.570710e-03
6.557725e-03
6.515348e-03
6.435209e-03
6.305520e-03
6.144394e-03
5.959464e-03
5.764780e-03
5.579543e-03
5.394835e-03
5.200087e-03
4.967245e-03
4.672286e-03
4.330806e-03
3.952436e-03
3.538057e-03
3.093516e-03
2.631431e-03
2.180680e-03
1.756252e-03
1.368087e-03
1.037988e-03
7.603018e-04
5.154370e-04
3.078931e-04
1.578550e-04
6.787831e-05
3.965355e-05
6.942528e-05
1.289239e-04
1.794636e-04
2.037077e-04
2.090501e-04
2.037298e-04
1.898838e-04
1.493199e-04
6.114608e-05
-8.692191e-05
-2.985104e-04
-5.514350e-04
-8.175661e-04
-1.089258e-03
-1.361886e-03
-1.617761e-03
-1.860247e-03
-2.078446e-03
-2.249461e-03
-2.367196e-03
-2.420458e-03
-2.398241e-03
-2.296188e-03
-2.126310e-03
-1.907276e-03
-1.647304e-03
-1.355610e-03
-1.044095e-03
-7.386170e-04
-4.520064e-04
-1.721052e-04
1.080983e-04
3.686985e-04
6.069993e-04
8.496315e-04
1.096491e-03
1.348595e-03
1.602708e-03
1.827901e-03
2.002506e-03
2.115004e-03
2.197402e-03
2.296794e-03
2.413240e-03
2.539409e-03
2.666343e-03
2.771456e-03
2.843207e-03
2.879701e-03
2.887608e-03
2.877838e-03
2.836551e-03
2.740724e-03
2.547887e-03
2.242064e-03
1.855544e-03
1.396360e-03
8.864988e-04
3.482073e-04
-1.976117e-04
-7.157186e-04
-1.181730e-03
-1.541013e-03
-1.758255e-03
-1.840244e-03
-1.804115e-03
-1.666807e-03
-1.453430e-03
-1.170799e-03
-8.118551e-04
-3.886722e-04
8.655424e-05
6.019817e-04
1.148089e-03
1.705895e-03
2.269044e-03
2.835277e-03
3.365656e-03
3.829169e-03
4.198696e-03
4.457049e-03
4.588181e-03
4.582105e-03
4.462795e-03
4.236101e-03
3.904983e-03
3.492530e-03
3.019250e-03
2.494134e-03
1.911149e-03
1.293039e-03
7.037311e-04
1.906238e-04
-2.489463e-04
-6.297701e-04
-9.329661e-04
-1.125578e-03
-1.233781e-03
-1.299995e-03
-1.343826e-03
-1.406595e-03
-1.523989e-03
-1.717721e-03
-1.969082e-03
-2.225873e-03
-2.450026e-03
-2.633918e-03
-2.787228e-03
-2.910221e-03
-2.979971e-03
-2.966799e-03
-2.873817e-03
-2.742985e-03
-2.611285e-03
-2.518370e-03
-2.484415e-03
-2.483180e-03
-2.493092e-03
-2.488433e-03
-2.439758e-03
-2.341207e-03
-2.193041e-03
-1.982501e-03
-1.704772e-03
-1.370926e-03
-1.010267e-03
-6.576188e-04
-3.414655e-04
-5.917869e-05
2.074933e-04
4.539813e-04
6.774365e-04
8.661146e-04
9.889176e-04
1.057099e-03
1.100109e-03
1.136744e-03
1.169416e-03
1.204041e-03
1.244383e-03
1.288655e-03
1.349213e-03
1.415169e-03
1.476327e-03
1.524422e-03
1.550821e-03
1.552761e-03
1.527886e-03
1.498013e-03
1.483067e-03
1.488080e-03
1.523124e-03
1.600120e-03
1.732135e-03
1.901311e-03
2.067173e-03
2.208432e-03
2.326134e-03
2.420924e-03
2.473256e-03
2.477744e-03
2.444310e-03
2.371059e-03
2.260341e-03
2.140029e-03
2.046109e-03
1.996194e-03
1.991645e-03
2.032577e-03
2.124651e-03
2.256488e-03
2.441614e-03
2.705482e-03
3.026079e-03
3.370598e-03
3.720998e-03
4.074169e-03
4.423925e-03
4.757718e-03
5.055354e-03
5.298649e-03
5.474526e-03
5.571667e-03
5.579083e-03
5.488566e-03
5.283712e-03
4.959399e-03
4.515325e-03
3.973657e-03
3.364823e-03
2.704619e-03
2.000548e-03
1.277091e-03
5.608060e-04
-1.148541e-04
-7.372708e-04
-1.312356e-03
-1.833155e-03
-2.278896e-03
-2.655790e-03
-2.978930e-03
-3.256441e-03
-3.501241e-03
-3.723941e-03
-3.930154e-03
-4.122434e-03
-4.296109e-03
-4.447869e-03
-4.582373e-03
-4.708011e-03
-4.818220e-03
-4.903565e-03
-4.990256e-03
-5.086687e-03
-5.188348e-03
-5.301976e-03
-5.420878e-03
-5.537164e-03
-5.634191e-03
-5.694385e-03
-5.689007e-03
-5.594581e-03
-5.418624e-03
-5.168194e-03
-4.853851e-03
-4.495606e-03
-4.094537e-03
-3.670081e-03
-3.260569e-03
-2.901547e-03
-2.577004e-03
-2.247589e-03
-1.915454e-03
-1.589906e-03
-1.256130e-03
-9.158574e-04
-5.800078e-04
-2.399058e-04
1.073507e-04
4.697011e-04
8.493651e-04
1.223980e-03
1.572255e-03
1.877082e-03
2.137813e-03
2.339484e-03
2.466559e-03
2.523457e-03
2.518956e-03
2.461383e-03
2.351976e-03
2.209789e-03
2.060804e-03
1.908521e-03
1.739275e-03
1.572685e-03
1.431400e-03
1.292796e-03
1.126721e-03
9.249931e-04
7.121872e-04
5.164507e-04
3.420427e-04
1.807247e-04
3.003569e-05
-1.118566e-04
-2.405251e-04
-3.343099e-04
-4.002591e-04
-4.491480e-04
-4.969907e-04
-5.620000e-04
-6.356496e-04
-7.061505e-04
-7.702545e-04
-8.275163e-04
-8.698448e-04
-8.926582e-04
-8.882964e-04
-8.408566e-04
-7.467665e-04
-6.158431e-04
-4.716168e-04
-3.414338e-04
-2.467524e-04
-1.978892e-04
-2.055218e-04
-2.812467e-04
-4.303908e-04
-6.351383e-04
-8.717360e-04
-1.121581e-03
-1.374246e-03
-1.632330e-03
-1.890013e-03
-2.154150e-03
-2.441793e-03
-2.759909e-03
-3.084621e-03
-3.386304e-03
-3.670897e-03
-3.931427e-03
-4.160601e-03
-4.359452e-03
-4.544013e-03
-4.718959e-03
-4.882320e-03
-5.058356e-03
-5.265779e-03
-5.513201e-03
-5.781483e-03
-6.028800e-03
-6.238408e-03
-6.405780e-03
-6.507131e-03
-6.530330e-03
-6.491562e-03
-6.404788e-03
-6.264961e-03
-6.072279e-03
-5.834028e-03
-5.561936e-03
-5.277178e-03
-4.989046e-03
-4.691741e-03
-4.390792e-03
-4.105324e-03
-3.833542e-03
-3.562688e-03
-3.309070e-03
-3.095472e-03
-2.914529e-03
-2.741558e-03
-2.569698e-03
-2.390923e-03
-2.209363e-03
-2.025157e-03
-1.836759e-03
-1.663522e-03
-1.498745e-03
-1.342884e-03
-1.218312e-03
-1.122704e-03
-1.033479e-03
-9.434963e-04
-8.580462e-04
-7.819464e-04
-7.243430e-04
-6.962738e-04
-7.314947e-04
-8.582094e-04
-1.063552e-03
-1.317529e-03
-1.590242e-03
-1.842731e-03
-2.024488e-03
-2.125909e-03
-2.155332e-03
-2.114351e-03
-2.008474e-03
-1.866522e-03
-1.731648e-03
-1.617127e-03
-1.533717e-03
-1.478312e-03
-1.439149e-03
-1.402783e-03
-1.342331e-03
-1.269020e-03
-1.198070e-03
-1.122242e-03
-1.033523e-03
-9.547855e-04
-9.209896e-04
-9.481426e-04
-1.048770e-03
-1.234752e-03
-1.483196e-03
-1.758831e-03
-2.028710e-03
-2.280922e-03
-2.533251e-03
-2.786640e-03
-3.018723e-03
-3.212886e-03
-3.362355e-03
-3.450609e-03
-3.497900e-03
-3.531896e-03
-3.561172e-03
-3.610540e-03
-3.672257e-03
-3.739875e-03
-3.823848e-03
-3.924181e-03
-4.038492e-03
-4.151123e-03
-4.264745e-03
-4.380664e-03
-4.463238e-03
-4.499725e-03
-4.490774e-03
-4.441594e-03
-4.353992e-03
-4.228352e-03
-4.082895e-03
-3.926598e-03
-3.761422e-03
-3.588288e-03
-3.391520e-03
-3.166938e-03
-2.905427e-03
-2.597485e-03
-2.256424e-03
-1.891228e-03
-1.510979e-03
-1.135950e-03
-8.031263e-04
-5.399051e-04
-3.498146e-04
-2.449130e-04
-2.216600e-04
-2.403874e-04
-2.815604e-04
-3.354146e-04
-3.969000e-04
-4.794808e-04
-5.847448e-04
-7.221668e-04
-8.952211e-04
-1.088517e-03
-1.298872e-03
-1.511361e-03
-1.706905e-03
-1.882554e-03
-2.039732e-03
-2.178067e-03
-2.309298e-03
-2.438044e-03
-2.564545e-03
-2.698605e-03
-2.834862e-03
-2.951678e-03
-3.045662e-03
-3.119715e-03
-3.177913e-03
-3.245428e-03
-3.339867e-03
-3.459327e-03
-3.583650e-03
-3.694834e-03
-3.787211e-03
-3.868335e-03
-3.951000e-03
-4.041384e-03
-4.134630e-03
-4.223596e-03
-4.309469e-03
-4.406239e-03
-4.525223e-03
-4.669607e-03
-4.820844e-03
-4.959506e-03
-5.057471e-03
-5.106708e-03
-5.131899e-03
-5.144347e-03
-5.140339e-03
-5.116146e-03
-5.079588e-03
-5.032877e-03
-4.979647e-03
-4.917129e-03
-4.842244e-03
-4.750287e-03
-4.625414e-03
-4.474149e-03
-4.299488e-03
-4.098189e-03
-3.890687e-03
-3.671152e-03
-3.420605e-03
-3.155320e-03
-2.912024e-03
-2.714594e-03
-2.564008e-03
-2.460680e-03
-2.412431e-03
-2.429351e-03
-2.512249e-03
-2.656120e-03
-2.841662e-03
-3.027224e-03
-3.176400e-03
-3.301986e-03
-3.425890e-03
-3.544274e-03
-3.655487e-03
-3.753152e-03
-3.832317e-03
-3.897357e-03
-3.939734e-03
-3.960016e-03
-3.973439e-03
-3.989978e-03
-3.998993e-03
-3.995375e-03
-3.986930e-03
-3.975031e-03
-3.966904e-03
-3.962886e-03
-3.970726e-03
-3.989933e-03
-4.013772e-03
-4.039215e-03
-4.065196e-03
-4.102419e-03
-4.153688e-03
-4.217290e-03
-4.284272e-03
-4.333284e-03
-4.340016e-03
-4.282431e-03
-4.175918e-03
-4.025750e-03
-3.833752e-03
-3.623699e-03
-3.396290e-03
-3.148931e-03
-2.896520e-03
-2.649505e-03
-2.416258e-03
-2.190607e-03
-1.970313e-03
-1.746627e-03
-1.525908e-03
-1.329034e-03
-1.166592e-03
-1.043386e-03
-9.657720e-04
-9.376513e-04
-9.572573e-04
-1.030517e-03
-1.149580e-03
-1.306685e-03
-1.492650e-03
-1.710761e-03
-1.959711e-03
-2.215194e-03
-2.465589e-03
-2.713645e-03
-2.953562e-03
-3.183455e-03
-3.400682e-03
-3.605596e-03
-3.786365e-03
-3.917966e-03
-3.993970e-03
-4.031445e-03
-4.041261e-03
-4.024130e-03
-3.970334e-03
-3.857211e-03
-3.676008e-03
-3.442650e-03
-3.174352e-03
-2.878939e-03
-2.574751e-03
-2.289229e-03
-2.034300e-03
-1.797691e-03
-1.562528e-03
-1.333807e-03
-1.126305e-03
-9.276378e-04
-7.217912e-04
-5.156548e-04
-3.061404e-04
-8.714431e-05
1.250649e-04
3.242421e-04
5.273664e-04
7.381682e-04
9.428897e-04
1.140120e-03
1.340249e-03
1.544904e-03
1.751955e-03
1.952010e-03
2.125664e-03
2.269377e-03
2.396819e-03
2.509032e-03
2.585243e-03
2.631786e-03
2.662360e-03
2.670482e-03
2.662527e-03
2.652608e-03
2.655809e-03
2.651061e-03
2.616085e-03
2.548650e-03
2.429286e-03
2.278842e-03
2.132116e-03
1.972768e-03
1.790110e-03
1.600959e-03
1.419327e-03
1.239096e-03
1.068742e-03
9.223922e-04
7.916876e-04
6.586637e-04
5.106861e-04
3.604128e-04
2.369109e-04
1.329557e-04
4.588594e-05
-1.919382e-05
-9.963450e-05
-2.129756e-04
-3.429410e-04
-4.856703e-04
-6.345507e-04
-7.783307e-04
-9.244982e-04
-1.086609e-03
-1.253758e-03
-1.406305e-03
-1.542704e-03
-1.654244e-03
-1.741652e-03
-1.817403e-03
-1.880706e-03
-1.932662e-03
-1.970529e-03
-1.979127e-03
-1.932171e-03
-1.805017e-03
-1.626547e-03
-1.418618e-03
-1.181823e-03
-9.163589e-04
-6.212148e-04
-3.191682e-04
-2.325539e-05
2.563383e-04
5.111156e-04
7.442101e-04
9.466707e-04
1.119077e-03
1.245753e-03
1.302159e-03
1.290526e-03
1.220790e-03
1.094790e-03
9.115977e-04
6.930125e-04
4.718221e-04
2.604414e-04
6.895976e-05
-9.835870e-05
-2.500195e-04
-3.874449e-04
-5.095149e-04
-6.175278e-04
-6.787192e-04
-6.675978e-04
-6.008916e-04
-4.739753e-04
-2.924879e-04
-7.210122e-05
1.740263e-04
4.278652e-04
6.858999e-04
9.348301e-04
1.159371e-03
1.337658e-03
1.456405e-03
1.531877e-03
1.582326e-03
1.611072e-03
1.595188e-03
1.542210e-03
1.476532e-03
1.406401e-03
1.361553e-03
1.361680e-03
1.411583e-03
1.513953e-03
1.672927e-03
1.875543e-03
2.087530e-03
2.302637e-03
2.520576e-03
2.729056e-03
2.925488e-03
3.099012e-03
3.232068e-03
3.330556e-03
3.387904e-03
3.391760e-03
3.351549e-03
3.277804e-03
3.167040e-03
3.013478e-03
2.818541e-03
2.597436e-03
2.372613e-03
2.152567e-03
1.945632e-03
1.782712e-03
1.680961e-03
1.643424e-03
1.686108e-03
1.797105e-03
1.958096e-03
2.154008e-03
2.351783e-03
2.532633e-03
2.698814e-03
2.862931e-03
3.019563e-03
3.147239e-03
3.242659e-03
3.302316e-03
3.321578e-03
3.334453e-03
3.363619e-03
3.395563e-03
3.420990e-03
3.419076e-03
3.381634e-03
3.329638e-03
3.283483e-03
3.239064e-03
3.182298e-03
3.138569e-03
3.117454e-03
3.113951e-03
3.140092e-03
3.181191e-03
3.224575e-03
3.257175e-03
3.284721e-03
3.312684e-03
3.322092e-03
3.312857e-03
3.282444e-03
3.229708e-03
3.191365e-03
3.191664e-03
3.219220e-03
3.270098e-03
3.337828e-03
3.411376e-03
3.492932e-03
3.587029e-03
3.683071e-03
3.759019e-03
3.809301e-03
3.830400e-03
3.807683e-03
3.726258e-03
3.596626e-03
3.450500e-03
3.311521e-03
3.184808e-03
3.056046e-03
2.919736e-03
2.788112e-03
2.693285e-03
2.649942e-03
2.630277e-03
2.613826e-03
2.584722e-03
2.547471e-03
2.518666e-03
2.510765e-03
2.538997e-03
2.594702e-03
2.683259e-03
2.803629e-03
2.924212e-03
3.031136e-03
3.120759e-03
3.183092e-03
3.185955e-03
3.117976e-03
2.993451e-03
2.826372e-03
2.637450e-03
2.458553e-03
2.291167e-03
2.108890e-03
1.926152e-03
1.763719e-03
1.629650e-03
1.545410e-03
1.513656e-03
1.514342e-03
1.525564e-03
1.533407e-03
1.534766e-03
1.538012e-03
1.541505e-03
1.525583e-03
1.486020e-03
1.428572e-03
1.365022e-03
1.319326e-03
1.291130e-03
1.260224e-03
1.201968e-03
1.116263e-03
1.030213e-03
9.401105e-04
8.589162e-04
8.146416e-04
8.039004e-04
8.216331e-04
8.491434e-04
8.716580e-04
9.042098e-04
9.652085e-04
1.042631e-03
1.106275e-03
1.149477e-03
1.184789e-03
1.223971e-03
1.273823e-03
1.323025e-03
1.375481e-03
1.424913e-03
1.459700e-03
1.500661e-03
1.557685e-03
1.634665e-03
1.727352e-03
1.836257e-03
1.956248e-03
2.067059e-03
2.180023e-03
2.305691e-03
2.435111e-03
2.562603e-03
2.678181e-03
2.776546e-03
2.854549e-03
2.906004e-03
2.914720e-03
2.880339e-03
2.798490e-03
2.667138e-03
2.501785e-03
2.333005e-03
2.194361e-03
2.098212e-03
2.046279e-03
2.025881e-03
2.042392e-03
2.136515e-03
2.304338e-03
2.516926e-03
2.768801e-03
3.051751e-03
3.353295e-03
3.662725e-03
3.961139e-03
4.241032e-03
4.489419e-03
4.674060e-03
4.787068e-03
4.852732e-03
4.888474e-03
4.874263e-03
4.794595e-03
4.660540e-03
4.473085e-03
4.247068e-03
4.001121e-03
3.751114e-03
3.507362e-03
3.273472e-03
3.070726e-03
2.912184e-03
2.811608e-03
2.765549e-03
2.749454e-03
2.747437e-03
2.749382e-03
2.746611e-03
2.728292e-03
2.687493e-03
2.615514e-03
2.501119e-03
2.343834e-03
2.153912e-03
1.932980e-03
1.688947e-03
1.431012e-03
1.166828e-03
9.159945e-04
6.955086e-04
5.040313e-04
3.448805e-04
2.177839e-04
1.050733e-04
7.044081e-06
-4.786924e-05
-3.190410e-05
6.207768e-05
2.107338e-04
3.926227e-04
5.870712e-04
7.761427e-04
9.567292e-04
1.138966e-03
1.303931e-03
1.417523e-03
1.472276e-03
1.459701e-03
1.386575e-03
1.278197e-03
1.143396e-03
9.983671e-04
8.721616e-04
7.657050e-04
6.705266e-04
5.963403e-04
5.458936e-04
5.126815e-04
4.954715e-04
5.057689e-04
5.448217e-04
5.960078e-04
6.461746e-04
7.011553e-04
7.777664e-04
8.818536e-04
1.016732e-03
1.175800e-03
1.339033e-03
1.497217e-03
1.646688e-03
1.764118e-03
1.835934e-03
1.878507e-03
1.900325e-03
1.915751e-03
1.938595e-03
1.964050e-03
1.994960e-03
2.031001e-03
2.066995e-03
2.105237e-03
2.136565e-03
2.143908e-03
2.118280e-03
2.064530e-03
1.981793e-03
1.871522e-03
1.748715e-03
1.626498e-03
1.506002e-03
1.374778e-03
1.225886e-03
1.072664e-03
9.010413e-04
7.003177e-04
4.815982e-04
2.616904e-04
5.837931e-05
-1.329591e-04
-3.198564e-04
-4.719235e-04
-5.578996e-04
-5.772911e-04
-5.429179e-04
-4.774096e-04
-4.111326e-04
-3.544305e-04
-2.988516e-04
-2.209839e-04
-1.065656e-04
4.657482e-05
2.244376e-04
4.107626e-04
5.986441e-04
7.710816e-04
9.471102e-04
1.143193e-03
1.340939e-03
1.525058e-03
1.686939e-03
1.820783e-03
1.929023e-03
2.026678e-03
2.135354e-03
2.250131e-03
2.345010e-03
2.404843e-03
2.451478e-03
2.503509e-03
2.563275e-03
2.625319e-03
2.687521e-03
2.748129e-03
2.796507e-03
2.821514e-03
2.820216e-03
2.783381e-03
2.712512e-03
2.633496e-03
2.553467e-03
2.473921e-03
2.400262e-03
2.339430e-03
2.309268e-03
2.331494e-03
2.409923e-03
2.524276e-03
2.652294e-03
2.785568e-03
2.924933e-03
3.055615e-03
3.187840e-03
3.336848e-03
3.504052e-03
3.685175e-03
3.861075e-03
4.008596e-03
4.115924e-03
4.198259e-03
4.262949e-03
4.302636e-03
4.320849e-03
4.325801e-03
4.336735e-03
4.334843e-03
4.300765e-03
4.247039e-03
4.184225e-03
4.113947e-03
4.034393e-03
3.931060e-03
3.776132e-03
3.559655e-03
3.316608e-03
3.092122e-03
2.875740e-03
2.649652e-03
2.422169e-03
2.186049e-03
1.921144e-03
1.623769e-03
1.316592e-03
1.018723e-03
7.110509e-04
3.819476e-04
3.207304e-05
-3.168619e-04
-6.289408e-04
-8.953200e-04
-1.112875e-03
-1.272906e-03
-1.381383e-03
-1.441133e-03
-1.456743e-03
-1.433368e-03
-1.356861e-03
-1.224171e-03
-1.063596e-03
-8.914109e-04
-7.154741e-04
-5.276258e-04
-3.039666e-04
-6.138789e-05
1.849837e-04
4.400359e-04
6.862258e-04
9.140752e-04
1.127777e-03
1.316958e-03
1.464693e-03
1.574103e-03
1.657295e-03
1.728739e-03
1.796139e-03
1.864325e-03
1.940669e-03
2.012291e-03
2.066675e-03
2.103496e-03
2.125900e-03
2.147029e-03
2.176117e-03
2.206962e-03
2.228834e-03
2.235306e-03
2.229639e-03
2.228302e-03
2.234977e-03
2.240680e-03
2.237193e-03
2.205709e-03
2.138368e-03
2.050406e-03
1.966326e-03
1.910550e-03
1.870140e-03
1.810665e-03
1.704741e-03
1.547443e-03
1.361101e-03
1.162983e-03
9.676265e-04
7.902229e-04
6.128657e-04
4.131530e-04
2.014400e-04
-7.529177e-06
-2.203755e-04
-4.420844e-04
-6.713798e-04
-9.083605e-04
-1.150916e-03
-1.404905e-03
-1.651668e-03
-1.863617e-03
-2.048534e-03
-2.213515e-03
-2.353013e-03
-2.483477e-03
-2.625334e-03
-2.791123e-03
-2.981011e-03
-3.178899e-03
-3.369914e-03
-3.540713e-03
-3.693390e-03
-3.834555e-03
-3.942162e-03
-4.006850e-03
-4.027727e-03
-4.006522e-03
-3.970761e-03
-3.933431e-03
-3.880220e-03
-3.775449e-03
-3.599124e-03
-3.367844e-03
-3.105739e-03
-2.843547e-03
-2.590929e-03
-2.326684e-03
-2.028883e-03
-1.679310e-03
-1.302961e-03
-9.333167e-04
-5.746345e-04
-2.217099e-04
1.183345e-04
4.313366e-04
6.975028e-04
9.056536e-04
1.051044e-03
1.134410e-03
1.193204e-03
1.267662e-03
1.346264e-03
1.406571e-03
1.449383e-03
1.473431e-03
1.486140e-03
1.488996e-03
1.474598e-03
1.453787e-03
1.432107e-03
1.399285e-03
1.351245e-03
1.302039e-03
1.257902e-03
1.204683e-03
1.139092e-03
1.076577e-03
1.012297e-03
9.222986e-04
7.991413e-04
6.578998e-04
5.183174e-04
3.743999e-04
2.039075e-04
1.384527e-05
-1.916394e-04
-3.997022e-04
-5.811020e-04
-7.153755e-04
-7.914056e-04
-8.332387e-04
-8.719902e-04
-9.141866e-04
-9.501914e-04
-9.776816e-04
-1.014913e-03
-1.065377e-03
-1.117041e-03
-1.157913e-03
-1.179773e-03
-1.176623e-03
-1.147161e-03
-1.109315e-03
-1.084806e-03
-1.077626e-03
-1.084365e-03
-1.098826e-03
-1.118504e-03
-1.131681e-03
-1.133966e-03
-1.145217e-03
-1.164872e-03
-1.196792e-03
-1.249078e-03
-1.309054e-03
-1.381615e-03
-1.437813e-03
-1.449707e-03
-1.428524e-03
-1.385930e-03
-1.340673e-03
-1.296504e-03
-1.257968e-03
-1.232141e-03
-1.200883e-03
-1.171129e-03
-1.152435e-03
-1.142337e-03
-1.148286e-03
-1.161235e-03
-1.185610e-03
-1.257570e-03
-1.380546e-03
-1.537962e-03
-1.707871e-03
-1.861141e-03
-1.990224e-03
-2.123918e-03
-2.296436e-03
-2.492167e-03
-2.689115e-03
-2.882148e-03
-3.064211e-03
-3.225020e-03
-3.365492e-03
-3.491195e-03
-3.583732e-03
-3.636553e-03
-3.675660e-03
-3.739593e-03
-3.851870e-03
-3.997659e-03
-4.147005e-03
-4.296010e-03
-4.431164e-03
-4.527093e-03
-4.616484e-03
-4.734972e-03
-4.883161e-03
-5.038363e-03
-5.168811e-03
-5.266995e-03
-5.328012e-03
-5.348395e-03
-5.331108e-03
-5.276231e-03
-5.173601e-03
-5.027553e-03
-4.854479e-03
-4.660425e-03
-4.456802e-03
-4.242333e-03
-4.012822e-03
-3.743888e-03
-3.425338e-03
-3.085535e-03
-2.747791e-03
-2.422133e-03
-2.117672e-03
-1.840524e-03
-1.588349e-03
-1.358685e-03
-1.157578e-03
-1.011719e-03
-9.269303e-04
-8.643926e-04
-8.031789e-04
-7.356656e-04
-6.631718e-04
-6.034774e-04
-5.587913e-04
-5.267130e-04
-4.919250e-04
-4.462789e-04
-4.125257e-04
-4.171211e-04
-4.696798e-04
-5.590247e-04
-6.810353e-04
-8.175889e-04
-9.445770e-04
-1.067756e-03
-1.199059e-03
-1.330147e-03
-1.443581e-03
-1.535706e-03
-1.616863e-03
-1.698085e-03
-1.782088e-03
-1.859091e-03
-1.911713e-03
-1.938454e-03
-1.939120e-03
-1.899422e-03
-1.837800e-03
-1.787163e-03
-1.739062e-03
-1.677089e-03
-1.598258e-03
-1.506953e-03
-1.396345e-03
-1.265519e-03
-1.147319e-03
-1.062986e-03
-1.028692e-03
-1.066434e-03
-1.175524e-03
-1.343010e-03
-1.559224e-03
-1.794495e-03
-2.007632e-03
-2.189473e-03
-2.337585e-03
-2.453446e-03
-2.557580e-03
-2.658372e-03
-2.732246e-03
-2.763488e-03
-2.779975e-03
-2.797164e-03
-2.804683e-03
-2.782779e-03
-2.713024e-03
-2.615628e-03
-2.512163e-03
-2.424881e-03
-2.379840e-03
-2.384598e-03
-2.428946e-03
-2.486079e-03
-2.535505e-03
-2.553036e-03
-2.525087e-03
-2.472632e-03
-2.435252e-03
-2.441078e-03
-2.484345e-03
-2.543915e-03
-2.598090e-03
-2.633809e-03
-2.646943e-03
-2.651551e-03
-2.651407e-03
-2.628615e-03
-2.586631e-03
-2.533727e-03
-2.472905e-03
-2.414008e-03
-2.369250e-03
-2.343667e-03
-2.339514e-03
-2.350531e-03
-2.382349e-03
-2.452411e-03
-2.568559e-03
-2.714070e-03
-2.852097e-03
-2.963420e-03
-3.035779e-03
-3.053380e-03
-3.010533e-03
-2.937475e-03
-2.881472e-03
-2.847639e-03
-2.820173e-03
-2.802370e-03
-2.800206e-03
-2.795046e-03
-2.765116e-03
-2.704185e-03
-2.597692e-03
-2.451245e-03
-2.291729e-03
-2.156523e-03
-2.066199e-03
-2.016208e-03
-1.979351e-03
-1.928064e-03
-1.859468e-03
-1.767888e-03
-1.662680e-03
-1.560464e-03
-1.459053e-03
-1.358726e-03
-1.249808e-03
-1.139551e-03
-1.044167e-03
-9.667199e-04
-8.994432e-04
-8.270034e-04
-7.443523e-04
-6.501528e-04
-5.707347e-04
-5.204440e-04
-4.860162e-04
-4.683456e-04
-4.617133e-04
-4.448309e-04
-4.208654e-04
-4.191419e-04
-4.642115e-04
-5.299762e-04
-5.835661e-04
-6.246048e-04
-6.480043e-04
-6.595161e-04
-6.686586e-04
-6.679183e-04
-6.401190e-04
-5.722909e-04
-4.678950e-04
-3.541167e-04
-2.380065e-04
-1.055030e-04
4.059644e-05
1.889457e-04
3.534020e-04
5.434877e-04
7.388811e-04
9.113917e-04
1.043706e-03
1.138722e-03
1.205555e-03
1.238850e-03
1.229556e-03
1.164482e-03
1.035606e-03
8.605744e-04
6.667333e-04
4.767837e-04
2.950959e-04
1.094140e-04
-7.519370e-05
-2.568287e-04
-4.279101e-04
-5.589063e-04
-6.478560e-04
-7.103803e-04
-7.678385e-04
-8.434239e-04
-9.576014e-04
-1.101820e-03
-1.249504e-03
-1.408423e-03
-1.591476e-03
-1.782371e-03
-1.972306e-03
-2.158296e-03
-2.341284e-03
-2.513381e-03
-2.658497e-03
-2.766631e-03
-2.842403e-03
-2.911423e-03
-2.995431e-03
-3.100751e-03
-3.223276e-03
-3.359696e-03
-3.478039e-03
-3.551631e-03
-3.579861e-03
-3.553859e-03
-3.487767e-03
-3.398387e-03
-3.277267e-03
-3.130335e-03
-2.981601e-03
-2.847266e-03
-2.754114e-03
-2.727713e-03
-2.745845e-03
-2.769993e-03
-2.782003e-03
-2.768786e-03
-2.712798e-03
-2.622804e-03
-2.533154e-03
-2.440742e-03
-2.323023e-03
-2.166230e-03
-1.963661e-03
-1.729886e-03
-1.493573e-03
-1.281220e-03
-1.107527e-03
-9.645620e-04
-8.285171e-04
-6.840556e-04
-5.317343e-04
-3.647213e-04
-1.885784e-04
-6.430265e-06
1.858724e-04
3.986275e-04
6.287938e-04
8.442533e-04
1.035740e-03
1.193977e-03
1.312117e-03
1.410157e-03
1.514236e-03
1.646512e-03
1.809213e-03
1.981596e-03
2.138334e-03
2.263181e-03
2.355406e-03
2.437049e-03
2.515953e-03
2.593779e-03
2.654067e-03
2.678931e-03
2.663167e-03
2.606230e-03
2.522275e-03
2.422809e-03
2.307770e-03
2.165689e-03
1.994840e-03
1.806923e-03
1.616841e-03
1.443397e-03
1.288126e-03
1.136240e-03
9.831757e-04
8.401022e-04
7.226774e-04
6.306045e-04
5.466973e-04
4.782635e-04
4.250421e-04
3.665541e-04
3.013792e-04
2.128316e-04
9.176843e-05
-3.092683e-05
-1.237379e-04
-1.606944e-04
-1.487609e-04
-1.064895e-04
-4.968547e-05
1.078451e-05
6.896184e-05
1.101288e-04
1.454874e-04
1.812140e-04
2.068957e-04
2.028324e-04
1.860210e-04
2.041043e-04
2.613268e-04
3.389338e-04
4.131696e-04
4.746708e-04
5.234436e-04
5.644027e-04
6.178733e-04
7.081713e-04
8.388642e-04
9.966153e-04
1.163796e-03
1.320330e-03
1.465815e-03
1.601578e-03
1.719739e-03
1.829077e-03
1.941401e-03
2.066587e-03
2.204492e-03
2.340115e-03
2.463669e-03
2.563535e-03
2.622170e-03
2.639343e-03
2.633162e-03
2.606045e-03
2.554728e-03
2.476762e-03
2.387201e-03
2.318468e-03
2.264063e-03
2.209652e-03
2.167683e-03
2.143569e-03
2.127474e-03
2.114294e-03
2.103530e-03
2.108805e-03
2.143722e-03
2.197325e-03
2.257242e-03
2.320702e-03
2.390156e-03
2.462292e-03
2.531657e-03
2.597994e-03
2.662978e-03
2.718692e-03
2.767469e-03
2.817655e-03
2.882515e-03
2.971537e-03
3.071712e-03
3.167743e-03
3.257491e-03
3.337980e-03
3.409710e-03
3.484813e-03
3.570804e-03
3.655544e-03
3.729260e-03
3.784301e-03
3.817514e-03
3.853130e-03
3.908738e-03
3.960230e-03
3.978793e-03
3.965864e-03
3.940336e-03
3.895365e-03
3.822395e-03
3.737871e-03
3.649432e-03
3.569244e-03
3.530517e-03
3.542988e-03
3.604181e-03
3.706159e-03
3.830589e-03
3.948501e-03
4.032160e-03
4.084726e-03
4.125010e-03
4.154449e-03
4.153353e-03
4.106728e-03
4.018476e-03
3.903500e-03
3.786026e-03
3.667274e-03
3.531208e-03
3.358159e-03
3.150492e-03
2.925964e-03
2.698566e-03
2.502900e-03
2.362536e-03
2.266982e-03
2.182970e-03
2.101331e-03
2.040078e-03
1.994743e-03
1.953606e-03
1.897137e-03
1.813595e-03
1.717096e-03
1.613520e-03
1.507562e-03
1.408034e-03
1.311725e-03
1.220060e-03
1.122940e-03
1.004819e-03
8.744066e-04
7.457930e-04
6.263748e-04
5.389056e-04
5.008675e-04
5.057315e-04
5.548318e-04
6.557249e-04
8.149915e-04
1.021678e-03
1.235245e-03
1.438128e-03
1.643153e-03
1.849460e-03
2.058442e-03
2.264598e-03
2.443301e-03
2.584446e-03
2.686607e-03
2.747410e-03
2.760391e-03
2.711810e-03
2.590749e-03
2.408943e-03
2.172413e-03
1.909276e-03
1.661646e-03
1.433731e-03
1.229144e-03
1.052352e-03
9.069480e-04
7.964220e-04
7.074923e-04
6.405053e-04
5.952830e-04
5.442124e-04
4.623523e-04
3.538855e-04
2.398073e-04
1.249857e-04
5.817438e-06
-1.084374e-04
-2.070049e-04
-2.915593e-04
-3.850065e-04
-5.029521e-04
-6.376401e-04
-7.804048e-04
-9.241895e-04
-1.055645e-03
-1.155884e-03
-1.219213e-03
-1.260986e-03
-1.291336e-03
-1.296653e-03
-1.261745e-03
-1.198121e-03
-1.118549e-03
-1.022632e-03
-9.032161e-04
-7.725175e-04
-6.521671e-04
-5.641402e-04
-5.299679e-04
-5.359682e-04
-5.781166e-04
-6.580278e-04
-7.581210e-04
-8.542342e-04
-9.300866e-04
-9.771173e-04
-1.003260e-03
-1.013899e-03
-1.017704e-03
-1.021463e-03
-1.019318e-03
-1.010632e-03
-9.942361e-04
-9.903215e-04
-1.007428e-03
-1.019484e-03
-1.014728e-03
-9.800156e-04
-9.185034e-04
-8.582246e-04
-8.119405e-04
-7.901666e-04
-7.931813e-04
-8.074900e-04
-8.194597e-04
-8.484285e-04
-9.162446e-04
-1.009769e-03
-1.121312e-03
-1.244083e-03
-1.381034e-03
-1.512816e-03
-1.617391e-03
-1.697411e-03
-1.771099e-03
-1.858203e-03
-1.967791e-03
-2.100739e-03
-2.241087e-03
-2.383104e-03
-2.509754e-03
-2.597846e-03
-2.646378e-03
-2.656051e-03
-2.625186e-03
-2.556517e-03
-2.450962e-03
-2.302166e-03
-2.111335e-03
-1.896353e-03
-1.695957e-03
-1.524837e-03
-1.374863e-03
-1.223684e-03
-1.056894e-03
-9.066483e-04
-8.071078e-04
-7.588093e-04
-7.554776e-04
-7.760198e-04
-7.775342e-04
-7.556644e-04
-7.372223e-04
-7.274079e-04
-7.297330e-04
-7.538014e-04
-7.863011e-04
-7.896686e-04
-7.531238e-04
-6.875313e-04
-5.938511e-04
-4.776659e-04
-3.517190e-04
-2.079610e-04
-3.645019e-05
1.496301e-04
3.172159e-04
4.366839e-04
5.113566e-04
5.583774e-04
5.964599e-04
6.164188e-04
5.941290e-04
5.271779e-04
4.436554e-04
3.705050e-04
3.231263e-04
3.088049e-04
3.225797e-04
3.616826e-04
4.208735e-04
4.984243e-04
5.933418e-04
6.891433e-04
7.800473e-04
8.714115e-04
9.736611e-04
1.096755e-03
1.238611e-03
1.381441e-03
1.504171e-03
1.594092e-03
1.650134e-03
1.675933e-03
1.663932e-03
1.621728e-03
1.571671e-03
1.514967e-03
1.454275e-03
1.389344e-03
1.314015e-03
1.224154e-03
1.111054e-03
9.809240e-04
8.389216e-04
7.077449e-04
6.056938e-04
5.199754e-04
4.680885e-04
4.447850e-04
4.214170e-04
3.970522e-04
3.642354e-04
3.311531e-04
3.023526e-04
2.680338e-04
2.177846e-04
1.636127e-04
1.224429e-04
8.693360e-05
6.171400e-05
4.722925e-05
3.266640e-05
3.328664e-05
4.471686e-05
5.873447e-05
7.294922e-05
8.100771e-05
8.355649e-05
7.546507e-05
6.894043e-05
7.767147e-05
8.312834e-05
5.646439e-05
-1.678680e-06
-7.872140e-05
-1.702165e-04
-2.564147e-04
-3.121579e-04
-3.417420e-04
-3.621978e-04
-3.831957e-04
-4.001136e-04
-4.051000e-04
-4.020105e-04
-3.927073e-04
-3.807259e-04
-3.736981e-04
-3.739222e-04
-3.593189e-04
-2.986981e-04
-1.937132e-04
-6.326970e-05
9.554167e-05
2.843326e-04
4.899925e-04
6.880839e-04
8.769964e-04
1.053288e-03
1.183468e-03
1.256389e-03
1.295359e-03
1.311758e-03
1.321569e-03
1.330878e-03
1.329165e-03
1.310260e-03
1.282703e-03
1.248273e-03
1.186287e-03
1.086395e-03
9.655108e-04
8.424245e-04
7.147483e-04
5.789767e-04
4.557618e-04
3.575625e-04
2.851059e-04
2.474841e-04
2.387237e-04
2.559705e-04
2.905519e-04
3.227164e-04
3.547005e-04
3.626964e-04
3.464544e-04
3.154319e-04
2.652264e-04
2.056337e-04
1.409381e-04
8.364528e-05
4.852260e-05
5.544583e-05
1.073480e-04
1.898012e-04
2.788921e-04
3.523647e-04
4.045780e-04
4.333564e-04
4.301990e-04
3.975629e-04
3.498820e-04
2.800423e-04
1.807787e-04
5.251099e-05
-1.014929e-04
-2.749031e-04
-4.799334e-04
-7.220399e-04
-1.002163e-03
-1.301192e-03
-1.593992e-03
-1.861013e-03
-2.096735e-03
-2.298782e-03
-2.458757e-03
-2.579852e-03
-2.675077e-03
-2.733661e-03
-2.752145e-03
-2.747575e-03
-2.716189e-03
-2.644754e-03
-2.535534e-03
-2.401990e-03
-2.246001e-03
-2.064982e-03
-1.872639e-03
-1.686244e-03
-1.513228e-03
-1.362102e-03
-1.239315e-03
-1.135816e-03
-1.033337e-03
-9.270491e-04
-8.243836e-04
-7.334248e-04
-6.778595e-04
-6.555179e-04
-6.473685e-04
-6.477290e-04
-6.586390e-04
-6.756791e-04
-6.889077e-04
-6.987684e-04
-7.078636e-04
-7.183126e-04
-7.387648e-04
-7.801449e-04
-8.431037e-04
-9.086839e-04
-9.539829e-04
-9.849519e-04
-1.013893e-03
-1.035257e-03
-1.032494e-03
-9.956056e-04
-9.327430e-04
-8.505147e-04
-7.490170e-04
-6.275916e-04
-4.844669e-04
-3.180735e-04
-1.382011e-04
3.068512e-05
1.865011e-04
3.492064e-04
5.030383e-04
6.311532e-04
7.359903e-04
8.239431e-04
9.122620e-04
1.005152e-03
1.094770e-03
1.171503e-03
1.225823e-03
1.240278e-03
1.210795e-03
1.134700e-03
1.006907e-03
8.392623e-04
6.510472e-04
4.631311e-04
2.801255e-04
1.084758e-04
-3.775867e-05
-1.512261e-04
-2.440222e-04
-3.548352e-04
-4.852451e-04
-6.111695e-04
-7.420975e-04
-8.734711e-04
-9.899103e-04
-1.104894e-03
-1.214889e-03
-1.313966e-03
-1.408606e-03
-1.495241e-03
-1.574723e-03
-1.645213e-03
-1.709041e-03
-1.776526e-03
-1.853848e-03
-1.940629e-03
-2.019929e-03
-2.089833e-03
-2.165426e-03
-2.236096e-03
-2.288189e-03
-2.332368e-03
-2.388632e-03
-2.461098e-03
-2.548808e-03
-2.638266e-03
-2.701701e-03
-2.737016e-03
-2.734875e-03
-2.689169e-03
-2.612196e-03
-2.517274e-03
-2.415523e-03
-2.305637e-03
-2.191604e-03
-2.064964e-03
-1.936365e-03
-1.813320e-03
-1.682057e-03
-1.542536e-03
-1.387686e-03
-1.226203e-03
-1.078356e-03
-9.433337e-04
-8.442161e-04
-7.991424e-04
-7.866594e-04
-7.826781e-04
-7.866521e-04
-8.036124e-04
-8.385974e-04
-8.802005e-04
-9.249911e-04
-9.806644e-04
-1.048487e-03
-1.131388e-03
-1.229254e-03
-1.356811e-03
-1.505434e-03
-1.637430e-03
-1.754379e-03
-1.863767e-03
-1.953049e-03
-2.037878e-03
-2.131451e-03
-2.218751e-03
-2.289727e-03
-2.337186e-03
-2.359995e-03
-2.374294e-03
-2.386169e-03
-2.382158e-03
-2.368292e-03
-2.363102e-03
-2.379893e-03
-2.407271e-03
-2.433764e-03
-2.466259e-03
-2.495029e-03
-2.505101e-03
-2.526445e-03
-2.582179e-03
-2.655413e-03
-2.724387e-03
-2.784171e-03
-2.835444e-03
-2.857789e-03
-2.852054e-03
-2.840418e-03
-2.826051e-03
-2.799424e-03
-2.768206e-03
-2.746103e-03
-2.741492e-03
-2.751034e-03
-2.761324e-03
-2.779549e-03
-2.796248e-03
-2.786540e-03
-2.750023e-03
-2.706926e-03
-2.663707e-03
-2.615873e-03
-2.563939e-03
-2.503088e-03
-2.419754e-03
-2.300655e-03
-2.143270e-03
-1.953435e-03
-1.749510e-03
-1.541467e-03
-1.330457e-03
-1.128183e-03
-9.406877e-04
-7.583534e-04
-5.775252e-04
-3.996304e-04
-2.198044e-04
-3.704863e-05
1.539068e-04
3.491037e-04
5.156345e-04
6.382972e-04
7.303250e-04
8.124004e-04
8.921247e-04
9.636375e-04
1.026328e-03
1.089021e-03
1.153027e-03
1.214419e-03
1.278475e-03
1.331405e-03
1.360470e-03
1.367767e-03
1.355704e-03
1.313603e-03
1.253784e-03
1.181831e-03
1.092343e-03
1.003824e-03
9.227117e-04
8.527963e-04
8.026503e-04
7.699442e-04
7.392334e-04
7.009829e-04
6.583931e-04
6.154935e-04
5.812824e-04
5.634214e-04
5.481564e-04
5.261437e-04
4.934341e-04
4.571827e-04
4.337232e-04
4.242418e-04
4.222163e-04
4.258852e-04
4.358061e-04
4.331000e-04
3.897865e-04
3.070614e-04
2.098617e-04
9.413618e-05
-5.244662e-05
-2.198758e-04
-3.985733e-04
-5.870778e-04
-7.929886e-04
-9.982769e-04
-1.166921e-03
-1.300849e-03
-1.423089e-03
-1.539970e-03
-1.647665e-03
-1.758250e-03
-1.880787e-03
-2.010420e-03
-2.139196e-03
-2.263383e-03
-2.372332e-03
-2.463274e-03
-2.518495e-03
-2.515773e-03
-2.459643e-03
-2.362646e-03
-2.242677e-03
-2.117839e-03
-2.015524e-03
-1.935101e-03
-1.854471e-03
-1.768866e-03
-1.660977e-03
-1.518615e-03
-1.358018e-03
-1.185141e-03
-1.008567e-03
-8.340043e-04
-6.516862e-04
-4.690792e-04
-2.913237e-04
-1.279076e-04
2.947022e-05
2.079867e-04
4.237452e-04
6.835616e-04
9.698127e-04
1.240803e-03
1.478401e-03
1.675034e-03
1.819527e-03
1.928308e-03
2.023478e-03
2.093992e-03
2.129190e-03
2.138781e-03
2.125745e-03
2.085272e-03
2.026238e-03
1.967408e-03
1.906989e-03
1.826610e-03
1.727034e-03
1.606945e-03
1.476384e-03
1.351672e-03
1.238264e-03
1.141411e-03
1.064791e-03
9.954528e-04
9.245862e-04
8.522757e-04
7.818168e-04
7.190488e-04
6.710051e-04
6.463213e-04
6.501912e-04
6.888175e-04
7.533356e-04
8.189925e-04
8.610990e-04
8.888938e-04
9.213117e-04
9.424823e-04
9.382415e-04
9.096101e-04
8.566421e-04
7.894950e-04
7.102386e-04
6.276837e-04
5.576234e-04
5.092229e-04
4.695028e-04
4.163212e-04
3.579879e-04
2.954132e-04
2.120705e-04
1.214124e-04
3.544054e-05
-5.650319e-05
-1.548839e-04
-2.388741e-04
-2.895427e-04
-2.982090e-04
-2.711564e-04
-2.251035e-04
-1.705945e-04
-1.148184e-04
-4.987615e-05
1.859414e-05
7.143608e-05
1.226907e-04
1.737190e-04
2.104529e-04
2.553194e-04
3.317985e-04
4.216298e-04
4.980193e-04
5.576938e-04
6.053386e-04
6.524501e-04
7.161506e-04
7.959535e-04
8.826352e-04
9.494071e-04
9.924007e-04
1.043731e-03
1.115281e-03
1.214317e-03
1.341206e-03
1.461873e-03
1.549523e-03
1.615117e-03
1.689296e-03
1.812268e-03
1.997223e-03
2.205160e-03
2.373345e-03
2.475417e-03
2.523907e-03
2.555314e-03
2.617063e-03
2.732639e-03
2.870322e-03
2.961358e-03
2.982938e-03
2.997851e-03
3.095203e-03
3.301451e-03
3.564164e-03
3.790853e-03
3.917834e-03
3.957418e-03
3.992296e-03
4.094174e-03
4.282365e-03
4.504568e-03
4.642152e-03
4.596908e-03
4.380793e-03
4.104518e-03
3.914373e-03
3.902768e-03
4.034957e-03
4.177062e-03
4.203178e-03
4.106504e-03
4.017261e-03
4.078281e-03
4.313179e-03
4.620244e-03
4.863419e-03
4.925225e-03
4.796080e-03
4.630517e-03
4.614220e-03
4.759989e-03
4.891096e-03
4.844110e-03
4.587468e-03
4.241932e-03
4.026696e-03
4.069493e-03
4.293228e-03
4.484812e-03
4.484691e-03
4.280724e-03
4.013423e-03
3.880142e-03
3.933795e-03
4.056071e-03
4.057744e-03
3.835877e-03
3.471963e-03
3.143883e-03
3.016189e-03
3.118697e-03
3.291743e-03
3.343231e-03
3.162416e-03
2.782075e-03
2.372602e-03
2.104040e-03
2.019824e-03
2.024408e-03
2.020050e-03
1.978461e-03
1.942075e-03
2.005582e-03
2.228734e-03
2.608882e-03
3.026169e-03
3.344445e-03
3.545924e-03
3.688688e-03
3.830602e-03
3.982522e-03
4.107242e-03
4.149662e-03
4.068308e-03
3.883517e-03
3.703773e-03
3.623462e-03
3.645159e-03
3.722613e-03
3.799561e-03
3.825257e-03
3.803828e-03
3.793788e-03
3.816302e-03
3.829707e-03
3.795815e-03
3.702371e-03
3.564886e-03
3.458306e-03
3.456320e-03
3.554316e-03
3.706106e-03
3.885019e-03
4.017897e-03
4.015118e-03
3.863190e-03
3.608320e-03
3.307399e-03
3.014791e-03
2.794419e-03
2.686617e-03
2.677713e-03
2.730425e-03
2.802726e-03
2.849527e-03
2.839799e-03
2.786878e-03
2.723578e-03
2.660039e-03
2.611550e-03
2.579953e-03
2.556790e-03
2.562255e-03
2.582389e-03
2.528307e-03
2.310108e-03
1.900730e-03
1.383695e-03
9.202617e-04
6.281275e-04
5.009843e-04
4.695136e-04
4.788394e-04
4.801902e-04
4.464108e-04
4.001132e-04
3.494974e-04
2.533460e-04
8.480849e-05
-1.302855e-04
-3.149378e-04
-3.974541e-04
-3.361314e-04
-1.731658e-04
-8.931183e-06
8.607004e-05
8.064299e-05
-6.260202e-06
-1.228973e-04
-2.069858e-04
-2.291331e-04
-1.953294e-04
-1.269061e-04
-5.285371e-05
4.651006e-06
3.188623e-05
2.263557e-05
-3.131108e-05
-1.145961e-04
-2.088258e-04
-2.991505e-04
-3.687080e-04
-4.191632e-04
-4.884486e-04
-6.189915e-04
-8.114644e-04
-1.044175e-03
-1.258711e-03
-1.385381e-03
-1.407787e-03
-1.398535e-03
-1.438849e-03
-1.517685e-03
-1.586458e-03
-1.627029e-03
-1.639698e-03
-1.646939e-03
-1.707312e-03
-1.857301e-03
-2.076668e-03
-2.303745e-03
-2.469216e-03
-2.558743e-03
-2.596723e-03
-2.596730e-03
-2.573717e-03
-2.507450e-03
-2.355875e-03
-2.093567e-03
-1.723271e-03
-1.316713e-03
-9.397899e-04
-6.304347e-04
-3.914469e-04
-1.978828e-04
-4.415850e-05
8.708706e-05
1.819854e-04
2.512395e-04
3.498725e-04
4.791281e-04
5.950987e-04
6.398866e-04
5.914716e-04
4.609186e-04
2.777583e-04
9.553523e-05
-4.327570e-05
-9.286914e-05
-1.827602e-05
1.867428e-04
4.953907e-04
8.204200e-04
1.078548e-03
1.250295e-03
1.366460e-03
1.465118e-03
1.554939e-03
1.636601e-03
1.726070e-03
1.822335e-03
1.868118e-03
1.812369e-03
1.674816e-03
1.503031e-03
1.320265e-03
1.155142e-03
1.041132e-03
9.905013e-04
1.015334e-03
1.097094e-03
1.194806e-03
1.254015e-03
1.218259e-03
1.074614e-03
8.275412e-04
5.284162e-04
2.446896e-04
-2.180627e-05
-2.762088e-04
-5.194054e-04
-7.478198e-04
-9.562400e-04
-1.188629e-03
-1.474775e-03
-1.813509e-03
-2.201910e-03
-2.604291e-03
-2.973663e-03
-3.260175e-03
-3.439388e-03
-3.555632e-03
-3.664924e-03
-3.768297e-03
-3.843802e-03
-3.895372e-03
-3.918797e-03
-3.919228e-03
-3.916963e-03
-3.941779e-03
-4.026883e-03
-4.184595e-03
-4.404657e-03
-4.623162e-03
-4.747303e-03
-4.757720e-03
-4.690055e-03
-4.601041e-03
-4.564768e-03
-4.621998e-03
-4.741911e-03
-4.865755e-03
-4.962211e-03
-5.019809e-03
-5.017520e-03
-4.947242e-03
-4.841220e-03
-4.740659e-03
-4.654457e-03
-4.580597e-03
-4.510555e-03
-4.437293e-03
-4.357700e-03
-4.267800e-03
-4.149331e-03
-3.979371e-03
-3.771089e-03
-3.555185e-03
-3.360834e-03
-3.243956e-03
-3.248365e-03
-3.375075e-03
-3.573743e-03
-3.775569e-03
-3.917870e-03
-3.977966e-03
-3.991553e-03
-4.021082e-03
-4.091341e-03
-4.164912e-03
-4.172455e-03
-4.065682e-03
-3.874157e-03
-3.685015e-03
-3.534838e-03
-3.405513e-03
-3.271848e-03
-3.100633e-03
-2.904607e-03
-2.731588e-03
-2.612709e-03
-2.575337e-03
-2.622835e-03
-2.713605e-03
-2.796914e-03
-2.849753e-03
-2.875056e-03
-2.891076e-03
-2.929986e-03
-3.007457e-03
-3.125568e-03
-3.287822e-03
-3.474944e-03
-3.657933e-03
-3.825211e-03
-3.957520e-03
-4.042758e-03
-4.081854e-03
-4.070107e-03
-4.011081e-03
-3.936507e-03
-3.901010e-03
-3.957529e-03
-4.112797e-03
-4.328180e-03
-4.536801e-03
-4.684355e-03
-4.776474e-03
-4.852224e-03
-4.944046e-03
-5.050668e-03
-5.104548e-03
-5.044731e-03
-4.886474e-03
-4.673555e-03
-4.447716e-03
-4.233365e-03
-4.035377e-03
-3.832393e-03
-3.581958e-03
-3.276948e-03
-2.940639e-03
-2.591786e-03
-2.236243e-03
-1.886875e-03
-1.576163e-03
-1.348339e-03
-1.221785e-03
-1.193664e-03
-1.240475e-03
-1.299713e-03
-1.337602e-03
-1.358684e-03
-1.392558e-03
-1.466407e-03
-1.586372e-03
-1.756564e-03
-1.957373e-03
-2.159816e-03
-2.340786e-03
-2.476571e-03
-2.569267e-03
-2.612569e-03
-2.606502e-03
-2.557690e-03
-2.471876e-03
-2.382191e-03
-2.318717e-03
-2.296414e-03
-2.323597e-03
-2.347114e-03
-2.309138e-03
-2.191263e-03
-2.014562e-03
-1.830668e-03
-1.668103e-03
-1.536341e-03
-1.461009e-03
-1.439042e-03
-1.432903e-03
-1.393752e-03
-1.283780e-03
-1.101183e-03
-8.465134e-04
-5.473205e-04
-2.560771e-04
-1.024678e-05
1.583142e-04
2.300922e-04
2.340633e-04
2.336558e-04
2.698837e-04
3.452438e-04
4.456723e-04
5.400629e-04
5.860988e-04
5.477975e-04
4.301651e-04
2.659637e-04
9.388965e-05
-3.123901e-05
-9.035290e-05
-8.989704e-05
-2.399142e-05
8.952272e-05
2.118671e-04
3.025707e-04
3.435689e-04
3.547751e-04
3.767842e-04
4.334790e-04
5.199516e-04
6.258917e-04
7.452451e-04
8.836099e-04
1.027709e-03
1.149285e-03
1.219934e-03
1.225417e-03
1.165587e-03
1.047316e-03
9.102824e-04
7.898347e-04
6.790252e-04
5.704527e-04
4.667220e-04
3.564203e-04
2.164340e-04
4.228504e-05
-1.264890e-04
-2.555071e-04
-3.390266e-04
-4.026536e-04
-4.708952e-04
-5.416708e-04
-6.122293e-04
-7.009041e-04
-8.274431e-04
-9.745509e-04
-1.122934e-03
-1.263791e-03
-1.347094e-03
-1.339014e-03
-1.264413e-03
-1.190580e-03
-1.182016e-03
-1.246446e-03
-1.360912e-03
-1.486504e-03
-1.577803e-03
-1.604765e-03
-1.531582e-03
-1.359833e-03
-1.153353e-03
-9.423240e-04
-7.549275e-04
-6.442198e-04
-6.110008e-04
-6.260974e-04
-6.757750e-04
-7.549527e-04
-8.617419e-04
-9.928264e-04
-1.126600e-03
-1.255241e-03
-1.406197e-03
-1.579586e-03
-1.773394e-03
-1.985859e-03
-2.184526e-03
-2.351196e-03
-2.477765e-03
-2.550403e-03
-2.575469e-03
-2.571949e-03
-2.546595e-03
-2.514568e-03
-2.505025e-03
-2.504107e-03
-2.471798e-03
-2.419509e-03
-2.389489e-03
-2.409134e-03
-2.469506e-03
-2.539387e-03
-2.595156e-03
-2.622920e-03
-2.592364e-03
-2.468033e-03
-2.237451e-03
-1.921211e-03
-1.547404e-03
-1.147032e-03
-7.623105e-04
-4.023419e-04
-5.401388e-05
2.468780e-04
4.599813e-04
5.876989e-04
6.342864e-04
5.845474e-04
4.150310e-04
1.530635e-04
-1.366254e-04
-4.068461e-04
-6.474692e-04
-8.809716e-04
-1.111342e-03
-1.316764e-03
-1.484578e-03
-1.612014e-03
-1.692060e-03
-1.739780e-03
-1.784618e-03
-1.820568e-03
-1.804559e-03
-1.673149e-03
-1.395707e-03
-9.835748e-04
-4.753541e-04
3.756852e-05
4.797387e-04
8.276863e-04
1.107247e-03
1.377308e-03
1.663931e-03
1.976083e-03
2.287294e-03
2.564836e-03
2.803350e-03
3.009827e-03
3.233048e-03
3.500897e-03
3.803501e-03
4.135094e-03
4.488653e-03
4.848766e-03
5.175808e-03
5.439200e-03
5.618091e-03
5.682659e-03
5.629755e-03
5.443589e-03
5.126115e-03
4.753120e-03
4.413013e-03
4.195749e-03
4.122298e-03
4.109019e-03
4.063667e-03
3.942554e-03
3.769123e-03
3.578188e-03
3.366303e-03
3.150444e-03
2.950076e-03
2.786481e-03
2.694886e-03
2.684953e-03
2.739261e-03
2.798523e-03
2.815489e-03
2.789348e-03
2.734350e-03
2.665992e-03
2.585579e-03
2.504905e-03
2.425565e-03
2.316132e-03
2.181096e-03
2.033634e-03
1.878614e-03
1.718025e-03
1.538946e-03
1.350747e-03
1.193644e-03
1.120836e-03
1.147625e-03
1.251850e-03
1.414378e-03
1.622790e-03
1.850826e-03
2.046129e-03
2.174899e-03
2.232674e-03
2.239698e-03
2.256155e-03
2.322294e-03
2.469681e-03
2.697964e-03
2.952863e-03
3.182445e-03
3.370169e-03
3.525565e-03
3.683823e-03
3.868141e-03
4.065962e-03
4.273887e-03
4.492676e-03
4.707753e-03
4.914081e-03
5.117091e-03
5.310141e-03
5.472900e-03
5.585722e-03
5.638554e-03
5.626766e-03
5.549034e-03
5.430806e-03
5.318631e-03
5.214314e-03
5.111441e-03
5.022620e-03
4.945012e-03
4.869197e-03
4.783120e-03
4.679190e-03
4.539676e-03
4.359608e-03
4.164269e-03
3.963087e-03
3.776118e-03
3.621691e-03
3.491289e-03
3.377984e-03
3.264257e-03
3.147769e-03
3.024211e-03
2.888966e-03
2.737074e-03
2.554651e-03
2.369542e-03
2.236877e-03
2.182078e-03
2.209307e-03
2.293980e-03
2.393243e-03
2.463108e-03
2.489948e-03
2.493847e-03
2.495114e-03
2.518733e-03
2.577606e-03
2.648090e-03
2.688875e-03
2.673064e-03
2.592518e-03
2.450237e-03
2.270844e-03
2.064785e-03
1.846740e-03
1.648280e-03
1.489190e-03
1.379512e-03
1.325485e-03
1.338916e-03
1.389096e-03
1.404564e-03
1.358021e-03
1.268090e-03
1.164954e-03
1.084605e-03
1.040583e-03
1.039589e-03
1.072597e-03
1.134062e-03
1.243706e-03
1.390974e-03
1.538929e-03
1.670148e-03
1.783347e-03
1.881933e-03
1.967558e-03
2.039160e-03
2.073779e-03
2.039241e-03
1.927996e-03
1.736779e-03
1.467139e-03
1.154233e-03
8.296485e-04
4.997107e-04
1.795060e-04
-1.121959e-04
-3.593732e-04
-5.641370e-04
-7.371968e-04
-8.853745e-04
-1.024569e-03
-1.186540e-03
-1.375652e-03
-1.564532e-03
-1.724429e-03
-1.827293e-03
-1.858733e-03
-1.817193e-03
-1.705210e-03
-1.529413e-03
-1.301650e-03
-1.030479e-03
-7.014195e-04
-3.151689e-04
1.039172e-04
5.482991e-04
9.962839e-04
1.416343e-03
1.788674e-03
2.113205e-03
2.403637e-03
2.646866e-03
2.822215e-03
2.929068e-03
2.969318e-03
2.938899e-03
2.861316e-03
2.758730e-03
2.647710e-03
2.517078e-03
2.317750e-03
2.044915e-03
1.721801e-03
1.389275e-03
1.080337e-03
8.196517e-04
6.593808e-04
6.195835e-04
6.827369e-04
8.082748e-04
9.526668e-04
1.086878e-03
1.169578e-03
1.185709e-03
1.172127e-03
1.175065e-03
1.183752e-03
1.209553e-03
1.295549e-03
1.417417e-03
1.519114e-03
1.601620e-03
1.689159e-03
1.782168e-03
1.865613e-03
1.920570e-03
1.940705e-03
1.943176e-03
1.933032e-03
1.920848e-03
1.917686e-03
1.909888e-03
1.886014e-03
1.807338e-03
1.640568e-03
1.409462e-03
1.147224e-03
8.544281e-04
5.268805e-04
1.648474e-04
-2.372895e-04
-7.020564e-04
-1.227378e-03
-1.780618e-03
-2.367821e-03
-3.006765e-03
-3.709512e-03
-4.463082e-03
-5.197677e-03
-5.830795e-03
-6.293234e-03
-6.581559e-03
-6.742943e-03
-6.821806e-03
-6.845046e-03
-6.827517e-03
-6.757029e-03
-6.605731e-03
-6.368700e-03
-6.044808e-03
-5.641880e-03
-5.134330e-03
-4.497350e-03
-3.750206e-03
-2.919787e-03
-2.070131e-03
-1.289119e-03
-6.477128e-04
-1.503461e-04
2.512264e-04
5.892658e-04
8.721693e-04
1.094289e-03
1.237016e-03
1.264150e-03
1.171054e-03
9.817827e-04
7.422765e-04
4.973758e-04
2.488137e-04
1.703917e-05
-1.805296e-04
-3.239975e-04
-4.060336e-04
-4.942278e-04
-6.847484e-04
-9.720600e-04
-1.234988e-03
-1.390266e-03
-1.433887e-03
-1.387147e-03
-1.261292e-03
-1.089998e-03
-9.290597e-04
-7.953036e-04
-6.955605e-04
-6.649697e-04
-7.507335e-04
-9.773150e-04
-1.333572e-03
-1.820830e-03
-2.433919e-03
-3.119824e-03
-3.861006e-03
-4.611490e-03
-5.299347e-03
-5.888453e-03
-6.326286e-03
-6.547423e-03
-6.558575e-03
-6.474499e-03
-6.386604e-03
-6.317508e-03
-6.225752e-03
-6.062249e-03
-5.845946e-03
-5.621866e-03
-5.416435e-03
-5.228532e-03
-5.045412e-03
-4.839665e-03
-4.532172e-03
-4.070382e-03
-3.539966e-03
-3.102797e-03
-2.838958e-03
-2.663095e-03
-2.446071e-03
-2.095955e-03
-1.604129e-03
-1.098480e-03
-7.517294e-04
-6.298712e-04
-5.988202e-04
-5.094401e-04
-3.245491e-04
-2.531293e-05
3.323628e-04
6.099371e-04
7.281888e-04
7.360419e-04
6.949619e-04
6.236519e-04
5.226025e-04
3.530375e-04
3.454249e-05
-5.525322e-04
-1.454787e-03
-2.583720e-03
-3.759678e-03
-4.865757e-03
-5.932916e-03
-6.973171e-03
-7.926769e-03
-8.765572e-03
-9.523893e-03
-1.017122e-02
-1.061159e-02
-1.087060e-02
-1.097468e-02
-1.094818e-02
-1.089577e-02
-1.084822e-02
-1.073278e-02
-1.039123e-02
-9.729057e-03
-8.853848e-03
-7.976995e-03
-7.289565e-03
-6.806143e-03
-6.443196e-03
-6.198214e-03
-6.070373e-03
-6.008718e-03
-5.997949e-03
-6.114168e-03
-6.388215e-03
-6.698666e-03
-6.912403e-03
-6.981734e-03
-6.945026e-03
-6.923744e-03
-7.001805e-03
-7.107666e-03
-7.052759e-03
-6.616870e-03
-5.710608e-03
-4.399576e-03
-2.800503e-03
-1.022259e-03
9.278844e-04
3.099018e-03
5.418136e-03
7.729851e-03
9.945308e-03
1.206472e-02
1.404748e-02
1.576747e-02
1.710182e-02
1.800606e-02
1.849088e-02
1.860361e-02
1.839860e-02
1.788646e-02
1.706738e-02
1.595613e-02
1.462414e-02
1.322099e-02
1.191955e-02
1.078967e-02
9.813114e-03
8.965533e-03
8.236458e-03
7.662501e-03
7.315334e-03
7.316209e-03
7.694590e-03
8.356507e-03
9.189573e-03
1.009874e-02
1.109165e-02
1.207135e-02
1.284120e-02
1.328887e-02
1.335289e-02
1.302372e-02
1.223213e-02
1.093613e-02
9.156637e-03
6.918325e-03
4.409410e-03
1.843081e-03
-6.004730e-04
-2.843247e-03
-4.986719e-03
-7.084564e-03
-9.071418e-03
-1.083251e-02
-1.229728e-02
-1.335253e-02
-1.389489e-02
-1.396132e-02
-1.363421e-02
-1.300975e-02
-1.211821e-02
-1.098085e-02
-9.723042e-03
-8.423531e-03
-7.095334e-03
-5.912017e-03
-5.019626e-03
-4.414562e-03
-4.144525e-03
-4.224041e-03
-4.630536e-03
-5.261325e-03
-5.971098e-03
-6.751315e-03
-7.549194e-03
-8.288181e-03
-8.942446e-03
-9.473998e-03
-9.812231e-03
-9.875539e-03
-9.672785e-03
-9.267690e-03
-8.712331e-03
-8.036497e-03
-7.229217e-03
-6.293052e-03
-5.360400e-03
-4.582534e-03
-3.999549e-03
-3.629815e-03
-3.510207e-03
-3.666409e-03
-4.076582e-03
-4.747504e-03
-5.685245e-03
-6.814580e-03
-8.023659e-03
-9.123349e-03
-9.998349e-03
-1.058591e-02
-1.078662e-02
-1.060207e-02
-1.004579e-02
-9.071178e-03
-7.641199e-03
-5.822885e-03
-3.834306e-03
-1.879476e-03
4.450138e-06
1.809163e-03
3.495177e-03
5.050080e-03
6.442628e-03
7.664910e-03
8.731498e-03
9.648512e-03
1.036685e-02
1.077279e-02
1.086093e-02
1.074873e-02
1.054820e-02
1.029505e-02
9.976002e-03
9.557881e-03
9.017975e-03
8.415670e-03
7.862678e-03
7.411796e-03
7.048719e-03
6.737828e-03
6.389868e-03
5.895717e-03
5.235370e-03
4.586608e-03
4.120791e-03
3.769136e-03
3.373543e-03
2.840894e-03
2.122218e-03
1.255263e-03
3.586019e-04
-4.861278e-04
-1.275127e-03
-2.012324e-03
-2.658284e-03
-3.095726e-03
-3.167989e-03
-2.785266e-03
-1.948090e-03
-7.611226e-04
6.037003e-04
1.991448e-03
3.308499e-03
4.562766e-03
5.796664e-03
6.983259e-03
8.051411e-03
8.935509e-03
9.614601e-03
1.008535e-02
1.030219e-02
1.025275e-02
9.951209e-03
9.366239e-03
8.470567e-03
7.334669e-03
6.104179e-03
4.846744e-03
3.614645e-03
2.505347e-03
1.556314e-03
7.951384e-04
2.114027e-04
-2.622439e-04
-6.115678e-04
-7.675350e-04
-7.233701e-04
-5.078936e-04
-2.138791e-04
3.117983e-05
1.598360e-04
1.637437e-04
7.859614e-05
-3.194282e-05
-1.037196e-04
-1.803038e-04
-3.433946e-04
-6.220331e-04
-1.054367e-03
-1.615366e-03
-2.217937e-03
-2.797765e-03
-3.367727e-03
-3.930433e-03
-4.416087e-03
-4.771838e-03
-4.969243e-03
-4.967506e-03
-4.776144e-03
-4.476714e-03
-4.102457e-03
-3.638064e-03
-3.058820e-03
-2.349384e-03
-1.478920e-03
-4.662441e-04
5.872084e-04
1.614201e-03
2.567640e-03
3.436035e-03
4.223597e-03
4.928739e-03
5.552086e-03
6.069860e-03
6.481697e-03
6.821706e-03
7.111285e-03
7.396014e-03
7.690935e-03
7.931718e-03
8.113783e-03
8.256159e-03
8.346261e-03
8.390812e-03
8.380893e-03
8.289520e-03
8.041499e-03
7.600777e-03
6.977197e-03
6.189356e-03
5.292276e-03
4.355031e-03
3.416742e-03
2.425416e-03
1.357974e-03
2.569389e-04
-8.573907e-04
-1.921708e-03
-2.833132e-03
-3.571249e-03
-4.171980e-03
-4.619535e-03
-4.872795e-03
-4.917143e-03
-4.743449e-03
-4.297814e-03
-3.567872e-03
-2.642894e-03
-1.623474e-03
-5.701147e-04
5.137791e-04
1.652457e-03
2.799652e-03
3.869557e-03
4.822049e-03
5.607673e-03
6.183474e-03
6.548691e-03
6.695009e-03
6.617004e-03
6.323758e-03
5.908527e-03
5.472169e-03
5.002468e-03
4.485003e-03
3.930189e-03
3.325650e-03
2.638948e-03
1.913112e-03
1.243051e-03
6.562642e-04
2.189151e-04
3.091031e-05
4.588752e-05
1.696154e-04
3.973001e-04
6.786354e-04
9.479572e-04
1.134126e-03
1.184012e-03
1.153508e-03
1.050373e-03
9.189999e-04
8.625842e-04
8.800419e-04
9.799639e-04
1.214148e-03
1.592060e-03
2.070117e-03
2.605176e-03
3.160797e-03
3.716087e-03
4.259276e-03
4.795249e-03
5.319789e-03
5.806821e-03
6.237980e-03
6.538519e-03
6.608672e-03
6.387751e-03
5.850891e-03
5.017143e-03
3.930546e-03
2.651442e-03
1.284498e-03
-6.874215e-05
-1.406095e-03
-2.739173e-03
-4.033763e-03
-5.255930e-03
-6.360479e-03
-7.300383e-03
-8.038511e-03
-8.511147e-03
-8.677557e-03
-8.565484e-03
-8.219803e-03
-7.700670e-03
-7.051386e-03
-6.276639e-03
-5.417439e-03
-4.534092e-03
-3.660905e-03
-2.790416e-03
-1.903536e-03
-9.901746e-04
-6.235363e-05
8.891532e-04
1.856426e-03
2.803169e-03
3.728639e-03
4.655617e-03
5.606418e-03
6.576079e-03
7.507773e-03
8.317902e-03
8.953638e-03
9.383648e-03
9.586994e-03
9.572168e-03
9.362127e-03
8.981517e-03
8.396886e-03
7.611325e-03
6.669749e-03
5.599135e-03
4.430982e-03
3.186231e-03
1.898037e-03
6.156492e-04
-6.136816e-04
-1.720109e-03
-2.620498e-03
-3.252359e-03
-3.628991e-03
-3.808122e-03
-3.790925e-03
-3.527676e-03
-2.976891e-03
-2.123883e-03
-1.034851e-03
1.599856e-04
1.332822e-03
2.398570e-03
3.327159e-03
4.118609e-03
4.733449e-03
5.134545e-03
5.328185e-03
5.270630e-03
4.955660e-03
4.416326e-03
3.706421e-03
2.900808e-03
2.052024e-03
1.199466e-03
3.191845e-04
-5.696714e-04
-1.413296e-03
-2.183248e-03
-2.784850e-03
-3.115693e-03
-3.149712e-03
-2.951160e-03
-2.641445e-03
-2.285425e-03
-1.844196e-03
-1.288950e-03
-6.909067e-04
-1.735099e-04
1.681804e-04
2.923327e-04
2.307671e-04
6.698314e-05
-1.114244e-04
-2.616893e-04
-4.019622e-04
-5.500534e-04
-6.941095e-04
-7.945987e-04
-7.830139e-04
-6.486793e-04
-4.388598e-04
-1.835904e-04
7.383019e-05
3.505650e-04
7.073333e-04
1.149840e-03
1.636611e-03
2.107137e-03
2.515585e-03
2.832000e-03
3.024749e-03
3.052445e-03
2.878970e-03
2.478927e-03
1.830717e-03
9.685997e-04
-4.252274e-05
-1.170201e-03
-2.396981e-03
-3.669393e-03
-4.903971e-03
-6.015682e-03
-6.985696e-03
-7.835265e-03
-8.536133e-03
-9.044994e-03
-9.377515e-03
-9.603163e-03
-9.757925e-03
-9.814656e-03
-9.742612e-03
-9.535129e-03
-9.224623e-03
-8.875880e-03
-8.537394e-03
-8.232586e-03
-7.978308e-03
-7.785412e-03
-7.651626e-03
-7.566045e-03
-7.534360e-03
-7.577616e-03
-7.683701e-03
-7.815663e-03
-7.920850e-03
-7.956992e-03
-7.900803e-03
-7.700108e-03
-7.324634e-03
-6.755605e-03
-5.952921e-03
-4.920903e-03
-3.689481e-03
-2.312006e-03
-8.739836e-04
5.711675e-04
2.005447e-03
3.389589e-03
4.665345e-03
5.791525e-03
6.741414e-03
7.485684e-03
7.999914e-03
8.242978e-03
8.196507e-03
7.895992e-03
7.405002e-03
6.784114e-03
6.060116e-03
5.275305e-03
4.496912e-03
3.780098e-03
3.191578e-03
2.767132e-03
2.486037e-03
2.315808e-03
2.244098e-03
2.280056e-03
2.391946e-03
2.503580e-03
2.537540e-03
2.446945e-03
2.228133e-03
1.908786e-03
1.481967e-03
9.387479e-04
2.708917e-04
-5.637418e-04
-1.599873e-03
-2.807590e-03
-4.075371e-03
-5.301686e-03
-6.460021e-03
-7.535539e-03
-8.499547e-03
-9.317554e-03
-9.924806e-03
-1.024587e-02
-1.027740e-02
-1.011279e-02
-9.847955e-03
-9.539123e-03
-9.220292e-03
-8.860054e-03
-8.371974e-03
-7.746692e-03
-7.083862e-03
-6.498922e-03
-6.056406e-03
-5.783952e-03
-5.688901e-03
-5.744435e-03
-5.950982e-03
-6.325111e-03
-6.841067e-03
-7.403347e-03
-7.866752e-03
-8.128463e-03
-8.168311e-03
-8.025587e-03
-7.741061e-03
-7.361512e-03
-6.910488e-03
-6.339910e-03
-5.590591e-03
-4.684464e-03
-3.680653e-03
-2.599356e-03
-1.481758e-03
-3.982837e-04
6.110316e-04
1.500016e-03
2.218982e-03
2.771244e-03
3.195289e-03
3.527306e-03
3.786186e-03
3.960977e-03
4.037428e-03
3.992359e-03
3.777899e-03
3.368244e-03
2.801307e-03
2.162465e-03
1.509071e-03
8.449453e-04
1.781996e-04
-4.764172e-04
-1.097598e-03
-1.682981e-03
-2.279659e-03
-2.913972e-03
-3.589082e-03
-4.307040e-03
-5.018435e-03
-5.636629e-03
-6.072984e-03
-6.248620e-03
-6.145763e-03
-5.831511e-03
-5.365093e-03
-4.746744e-03
-3.970131e-03
-3.063077e-03
-2.095310e-03
-1.142086e-03
-2.324474e-04
6.491672e-04
1.487187e-03
2.253876e-03
2.952832e-03
3.573902e-03
4.092354e-03
4.494755e-03
4.779751e-03
4.925383e-03
4.895251e-03
4.664435e-03
4.195145e-03
3.463894e-03
2.483202e-03
1.291497e-03
-4.457093e-05
-1.427381e-03
-2.723563e-03
-3.793020e-03
-4.589383e-03
-5.173183e-03
-5.620683e-03
-5.992866e-03
-6.318346e-03
-6.565677e-03
-6.681161e-03
-6.648151e-03
-6.485814e-03
-6.283944e-03
-6.144546e-03
-6.075892e-03
-6.040465e-03
-6.047050e-03
-6.120471e-03
-6.236693e-03
-6.344182e-03
-6.399767e-03
-6.400638e-03
-6.364619e-03
-6.318006e-03
-6.305476e-03
-6.360877e-03
-6.479223e-03
-6.608872e-03
-6.695900e-03
-6.706584e-03
-6.582652e-03
-6.233654e-03
-5.599094e-03
-4.721804e-03
-3.733661e-03
-2.761729e-03
-1.888811e-03
-1.138733e-03
-5.103085e-04
6.425840e-07
4.027613e-04
7.528427e-04
1.133134e-03
1.599543e-03
2.167449e-03
2.782488e-03
3.361482e-03
3.840274e-03
4.172490e-03
4.410511e-03
4.641596e-03
4.866249e-03
5.043987e-03
5.145296e-03
5.145400e-03
5.021075e-03
4.764700e-03
4.405232e-03
3.990164e-03
3.544016e-03
3.093512e-03
2.687928e-03
2.391009e-03
2.240843e-03
2.214909e-03
2.229891e-03
2.190033e-03
2.015872e-03
1.683086e-03
1.243422e-03
7.310987e-04
1.531854e-04
-4.451600e-04
-1.006400e-03
-1.470877e-03
-1.807445e-03
-2.057655e-03
-2.301515e-03
-2.572307e-03
-2.839874e-03
-3.063889e-03
-3.228388e-03
-3.350434e-03
-3.467916e-03
-3.628186e-03
-3.862390e-03
-4.123608e-03
-4.303913e-03
-4.329506e-03
-4.212985e-03
-3.995606e-03
-3.698880e-03
-3.360619e-03
-3.012363e-03
-2.670754e-03
-2.353125e-03
-2.100227e-03
-2.003366e-03
-2.127740e-03
-2.472474e-03
-2.977801e-03
-3.571820e-03
-4.190766e-03
-4.750396e-03
-5.193050e-03
-5.501002e-03
-5.708286e-03
-5.867475e-03
-6.000981e-03
-6.103752e-03
-6.155250e-03
-6.130194e-03
-6.014630e-03
-5.806833e-03
-5.472285e-03
-4.940416e-03
-4.134235e-03
-3.023970e-03
-1.656089e-03
-1.330040e-04
1.437343e-03
2.979411e-03
4.421845e-03
5.705090e-03
6.781389e-03
7.627579e-03
8.241095e-03
8.591437e-03
8.643457e-03
8.382740e-03
7.846653e-03
7.148606e-03
6.422997e-03
5.774063e-03
5.296555e-03
5.023640e-03
4.885007e-03
4.798555e-03
4.711221e-03
4.631493e-03
4.557354e-03
4.489566e-03
4.514016e-03
4.693435e-03
5.026821e-03
5.495854e-03
6.074645e-03
6.690719e-03
7.266439e-03
7.808085e-03
8.373750e-03
8.933582e-03
9.408417e-03
9.739993e-03
9.892727e-03
9.838375e-03
9.527737e-03
8.935231e-03
8.036151e-03
6.793044e-03
5.254941e-03
3.589589e-03
1.990556e-03
5.694712e-04
-6.469356e-04
-1.671385e-03
-2.500387e-03
-3.166484e-03
-3.722057e-03
-4.182471e-03
-4.590684e-03
-5.011439e-03
-5.457661e-03
-5.902174e-03
-6.298540e-03
-6.559578e-03
-6.576570e-03
-6.261767e-03
-5.567069e-03
-4.514916e-03
-3.169779e-03
-1.644719e-03
-1.020395e-04
1.332016e-03
2.589055e-03
3.671137e-03
4.570030e-03
5.264008e-03
5.785535e-03
6.153944e-03
6.383056e-03
6.532316e-03
6.726854e-03
7.087026e-03
7.668267e-03
8.451632e-03
9.336169e-03
1.019645e-02
1.088774e-02
1.127268e-02
1.129766e-02
1.096258e-02
1.028403e-02
9.334687e-03
8.250882e-03
7.217639e-03
6.416296e-03
5.941543e-03
5.782342e-03
5.839722e-03
5.979645e-03
6.060791e-03
5.976863e-03
5.685832e-03
5.191232e-03
4.483226e-03
3.551503e-03
2.486621e-03
1.453325e-03
5.888489e-04
-2.788133e-05
-3.770653e-04
-5.283363e-04
-5.625246e-04
-5.333740e-04
-4.854622e-04
-4.593199e-04
-5.299853e-04
-7.254377e-04
-9.957354e-04
-1.274581e-03
-1.498159e-03
-1.618085e-03
-1.628932e-03
-1.502492e-03
-1.180394e-03
-7.042986e-04
-1.772434e-04
3.202385e-04
7.371772e-04
1.053620e-03
1.273888e-03
1.405846e-03
1.456894e-03
1.487283e-03
1.562946e-03
1.679128e-03
1.858205e-03
2.146120e-03
2.569123e-03
3.086847e-03
3.602901e-03
4.054387e-03
4.405930e-03
4.600501e-03
4.586574e-03
4.405896e-03
4.113967e-03
3.733021e-03
3.301386e-03
2.843505e-03
2.384458e-03
1.926262e-03
1.493111e-03
1.177964e-03
1.001447e-03
8.969584e-04
8.020315e-04
7.109202e-04
6.360869e-04
5.882169e-04
5.787385e-04
5.582431e-04
5.046377e-04
4.343023e-04
3.264534e-04
1.710977e-04
-1.935737e-05
-1.780049e-04
-2.515746e-04
-2.755042e-04
-2.860281e-04
-3.059773e-04
-3.170735e-04
-3.114473e-04
-3.401984e-04
-4.083120e-04
-5.386706e-04
-7.449476e-04
-1.015023e-03
-1.322538e-03
-1.605467e-03
-1.825671e-03
-1.956076e-03
-2.008240e-03
-2.000511e-03
-1.937128e-03
-1.830106e-03
-1.683782e-03
-1.507456e-03
-1.334498e-03
-1.248650e-03
-1.291813e-03
-1.418945e-03
-1.576078e-03
-1.698048e-03
-1.733276e-03
-1.664703e-03
-1.505328e-03
-1.308997e-03
-1.121763e-03
-9.554818e-04
-8.547421e-04
-8.823716e-04
-1.072184e-03
-1.404473e-03
-1.810158e-03
-2.219860e-03
-2.535538e-03
-2.699744e-03
-2.743945e-03
-2.700630e-03
-2.608010e-03
-2.492340e-03
-2.366181e-03
-2.246428e-03
-2.148193e-03
-2.102289e-03
-2.122257e-03
-2.180915e-03
-2.252860e-03
-2.306398e-03
-2.316271e-03
-2.296366e-03
-2.275084e-03
-2.291233e-03
-2.355271e-03
-2.464335e-03
-2.613098e-03
-2.747373e-03
-2.833215e-03
-2.883850e-03
-2.915934e-03
-2.925739e-03
-2.919568e-03
-2.949614e-03
-3.051055e-03
-3.216583e-03
-3.379269e-03
-3.470950e-03
-3.453756e-03
-3.311970e-03
-3.080034e-03
-2.787224e-03
-2.496967e-03
-2.269238e-03
-2.094658e-03
-1.962269e-03
-1.842045e-03
-1.711550e-03
-1.566590e-03
-1.403917e-03
-1.221999e-03
-1.015364e-03
-7.722145e-04
-4.872894e-04
-1.587379e-04
2.145811e-04
6.267219e-04
1.065706e-03
1.499212e-03
1.895863e-03
2.273484e-03
2.671360e-03
3.072556e-03
3.421013e-03
3.648340e-03
3.710079e-03
3.619952e-03
3.418346e-03
3.175201e-03
2.961654e-03
2.807518e-03
2.699919e-03
2.627113e-03
2.605502e-03
2.631596e-03
2.681356e-03
2.758443e-03
2.895262e-03
3.091084e-03
3.312910e-03
3.563618e-03
3.823959e-03
4.049929e-03
4.224769e-03
4.361434e-03
4.462487e-03
4.506154e-03
4.485241e-03
4.396780e-03
4.270076e-03
4.138106e-03
3.995010e-03
3.821496e-03
3.591984e-03
3.313557e-03
2.992251e-03
2.612285e-03
2.193175e-03
1.784662e-03
1.486641e-03
1.347531e-03
1.362998e-03
1.555815e-03
1.909278e-03
2.334070e-03
2.725924e-03
3.024654e-03
3.200697e-03
3.236152e-03
3.145214e-03
2.958450e-03
2.712522e-03
2.463750e-03
2.266065e-03
2.124098e-03
2.007309e-03
1.891679e-03
1.781139e-03
1.667668e-03
1.535268e-03
1.411214e-03
1.325968e-03
1.287630e-03
1.289876e-03
1.307843e-03
1.309939e-03
1.306384e-03
1.348748e-03
1.433832e-03
1.526173e-03
1.614271e-03
1.682136e-03
1.718250e-03
1.731646e-03
1.732990e-03
1.720315e-03
1.653412e-03
1.507091e-03
1.274935e-03
9.544546e-04
6.010019e-04
3.202795e-04
1.674843e-04
1.523410e-04
2.853659e-04
5.420166e-04
8.905607e-04
1.306233e-03
1.758286e-03
2.203712e-03
2.583959e-03
2.853096e-03
3.002161e-03
3.066117e-03
3.065982e-03
2.990709e-03
2.850204e-03
2.660616e-03
2.421726e-03
2.131792e-03
1.786428e-03
1.401996e-03
1.016644e-03
6.798879e-04
4.529048e-04
3.614023e-04
4.142901e-04
6.388424e-04
1.017314e-03
1.488019e-03
2.024789e-03
2.636455e-03
3.299787e-03
3.959673e-03
4.585109e-03
5.147167e-03
5.600570e-03
5.919077e-03
6.077367e-03
6.031233e-03
5.740866e-03
5.192002e-03
4.429005e-03
3.540273e-03
2.613859e-03
1.713963e-03
8.770707e-04
1.291912e-04
-5.184124e-04
-1.085353e-03
-1.572736e-03
-1.944862e-03
-2.201514e-03
-2.377576e-03
-2.492619e-03
-2.536015e-03
-2.510364e-03
-2.432465e-03
-2.313214e-03
-2.180734e-03
-2.076222e-03
-2.041749e-03
-2.103971e-03
-2.254758e-03
-2.475698e-03
-2.731571e-03
-2.991091e-03
-3.254995e-03
-3.550698e-03
-3.865072e-03
-4.152827e-03
-4.402446e-03
-4.606931e-03
-4.751589e-03
-4.809189e-03
-4.740630e-03
-4.517812e-03
-4.123508e-03
-3.559761e-03
-2.866508e-03
-2.081815e-03
-1.239201e-03
-3.927535e-04
4.223541e-04
1.167605e-03
1.813390e-03
2.372468e-03
2.858276e-03
3.288155e-03
3.649546e-03
3.897170e-03
4.006786e-03
3.993970e-03
3.893653e-03
3.722405e-03
3.503001e-03
3.261963e-03
3.010052e-03
2.766976e-03
2.557157e-03
2.402524e-03
2.324171e-03
2.316081e-03
2.368553e-03
2.479539e-03
2.649956e-03
2.889557e-03
3.206363e-03
3.566451e-03
3.906590e-03
4.196089e-03
4.435416e-03
4.629474e-03
4.795879e-03
4.948196e-03
5.060302e-03
5.075630e-03
4.956290e-03
4.721985e-03
4.397033e-03
3.962441e-03
3.416751e-03
2.755195e-03
1.972938e-03
1.082495e-03
1.436470e-04
-7.255987e-04
-1.456485e-03
-2.036970e-03
-2.489391e-03
-2.840520e-03
-3.089733e-03
-3.223429e-03
-3.215945e-03
-3.059340e-03
-2.803919e-03
-2.518820e-03
-2.246963e-03
-2.002248e-03
-1.783961e-03
-1.553289e-03
-1.277190e-03
-9.759616e-04
-6.837070e-04
-4.267262e-04
-2.095640e-04
-3.430188e-05
8.461548e-05
1.387648e-04
9.730991e-05
-8.055045e-05
-3.711649e-04
-7.082093e-04
-1.033936e-03
-1.304055e-03
-1.522510e-03
-1.709275e-03
-1.861624e-03
-1.982689e-03
-2.078369e-03
-2.124618e-03
-2.114261e-03
-2.088745e-03
-2.087951e-03
-2.141216e-03
-2.271836e-03
-2.487966e-03
-2.783500e-03
-3.135600e-03
-3.521655e-03
-3.933257e-03
-4.350539e-03
-4.764197e-03
-5.179231e-03
-5.584207e-03
-5.965034e-03
-6.323929e-03
-6.653622e-03
-6.925976e-03
-7.116158e-03
-7.195203e-03
-7.151824e-03
-7.000137e-03
-6.753013e-03
-6.432653e-03
-6.052876e-03
-5.632682e-03
-5.199065e-03
-4.756061e-03
-4.317524e-03
-3.925721e-03
-3.603752e-03
-3.366813e-03
-3.246061e-03
-3.244484e-03
-3.337109e-03
-3.520384e-03
-3.776056e-03
-4.072200e-03
-4.401792e-03
-4.753238e-03
-5.108579e-03
-5.438675e-03
-5.724534e-03
-5.968698e-03
-6.139871e-03
-6.200553e-03
-6.181516e-03
-6.129340e-03
-6.043015e-03
-5.891709e-03
-5.671585e-03
-5.405792e-03
-5.103215e-03
-4.763397e-03
-4.406999e-03
-4.043832e-03
-3.663243e-03
-3.259657e-03
-2.826538e-03
-2.362607e-03
-1.857559e-03
-1.296299e-03
-6.541393e-04
7.346042e-05
8.497549e-04
1.665303e-03
2.514436e-03
3.381416e-03
4.256367e-03
5.114828e-03
5.935642e-03
6.672649e-03
7.289175e-03
7.786673e-03
8.149565e-03
8.364103e-03
8.418311e-03
8.316135e-03
8.093764e-03
7.773022e-03
7.354132e-03
6.809280e-03
6.118975e-03
5.324268e-03
4.506688e-03
3.738179e-03
3.042897e-03
2.399221e-03
1.806339e-03
1.274083e-03
8.072430e-04
4.064520e-04
6.487635e-05
-2.262140e-04
-4.785795e-04
-6.837959e-04
-8.213526e-04
-8.899946e-04
-9.301367e-04
-9.902645e-04
-1.126564e-03
-1.411967e-03
-1.845887e-03
-2.360915e-03
-2.914226e-03
-3.475066e-03
-4.031208e-03
-4.575860e-03
-5.076594e-03
-5.499741e-03
-5.820174e-03
-6.023108e-03
-6.140287e-03
-6.232581e-03
-6.312230e-03
-6.318213e-03
-6.179273e-03
-5.885486e-03
-5.476088e-03
-4.995787e-03
-4.483338e-03
-3.981506e-03
-3.527321e-03
-3.116242e-03
-2.737172e-03
-2.402335e-03
-2.123913e-03
-1.917437e-03
-1.780048e-03
-1.705879e-03
-1.704163e-03
-1.761431e-03
-1.844291e-03
-1.931761e-03
-2.005595e-03
-2.026316e-03
-1.966809e-03
-1.804776e-03
-1.504682e-03
-1.080447e-03
-5.571386e-04
3.452183e-05
6.587407e-04
1.302994e-03
1.945069e-03
2.573054e-03
3.181419e-03
3.731786e-03
4.170105e-03
4.463258e-03
4.615043e-03
4.639490e-03
4.510553e-03
4.208127e-03
3.760796e-03
3.199834e-03
2.573115e-03
1.943981e-03
1.359396e-03
8.455190e-04
3.893104e-04
-3.650472e-05
-4.339903e-04
-7.617408e-04
-9.978968e-04
-1.144593e-03
-1.195449e-03
-1.182676e-03
-1.144251e-03
-1.091910e-03
-1.012433e-03
-9.152199e-04
-8.542375e-04
-8.566380e-04
-9.279788e-04
-1.069853e-03
-1.286280e-03
-1.581651e-03
-1.944622e-03
-2.356797e-03
-2.807755e-03
-3.269125e-03
-3.691048e-03
-4.044519e-03
-4.307839e-03
-4.454255e-03
-4.504237e-03
-4.494901e-03
-4.420511e-03
-4.279478e-03
-4.097543e-03
-3.882094e-03
-3.645723e-03
-3.413406e-03
-3.191598e-03
-2.989406e-03
-2.815149e-03
-2.661256e-03
-2.516783e-03
-2.388451e-03
-2.298086e-03
-2.247301e-03
-2.225117e-03
-2.248957e-03
-2.320252e-03
-2.405445e-03
-2.493590e-03
-2.589115e-03
-2.677435e-03
-2.757318e-03
-2.850699e-03
-2.947508e-03
-3.022272e-03
-3.106201e-03
-3.223947e-03
-3.362463e-03
-3.514650e-03
-3.652046e-03
-3.753731e-03
-3.811590e-03
-3.827700e-03
-3.812887e-03
-3.762366e-03
-3.673648e-03
-3.555440e-03
-3.419169e-03
-3.278045e-03
-3.112216e-03
-2.889588e-03
-2.625889e-03
-2.330789e-03
-1.991021e-03
-1.628196e-03
-1.300366e-03
-1.071199e-03
-9.452785e-04
-8.824799e-04
-8.424947e-04
-7.958109e-04
-7.606195e-04
-7.679121e-04
-8.232271e-04
-9.270153e-04
-1.046136e-03
-1.157924e-03
-1.275934e-03
-1.402941e-03
-1.542447e-03
-1.717610e-03
-1.924111e-03
-2.119855e-03
-2.280549e-03
-2.402419e-03
-2.477554e-03
-2.526455e-03
-2.572702e-03
-2.613567e-03
-2.668014e-03
-2.744779e-03
-2.837746e-03
-2.974248e-03
-3.148427e-03
-3.290006e-03
-3.350923e-03
-3.343355e-03
-3.292628e-03
-3.226642e-03
-3.151850e-03
-3.026545e-03
-2.805529e-03
-2.489777e-03
-2.110979e-03
-1.696751e-03
-1.250695e-03
-7.567439e-04
-2.177830e-04
3.588883e-04
9.678678e-04
1.578745e-03
2.149185e-03
2.653800e-03
3.085102e-03
3.439356e-03
3.726891e-03
3.958519e-03
4.149375e-03
4.291712e-03
4.362236e-03
4.354501e-03
4.290213e-03
4.204255e-03
4.123978e-03
4.051311e-03
3.986538e-03
3.918323e-03
3.850711e-03
3.810726e-03
3.782284e-03
3.729004e-03
3.628993e-03
3.482441e-03
3.278145e-03
2.983048e-03
2.614205e-03
2.233023e-03
1.863846e-03
1.486275e-03
1.081764e-03
6.598048e-04
2.458930e-04
-1.328475e-04
-4.746612e-04
-7.906272e-04
-1.082803e-03
-1.364900e-03
-1.623556e-03
-1.816254e-03
-1.955227e-03
-2.066652e-03
-2.134122e-03
-2.139735e-03
-2.082170e-03
-1.984082e-03
-1.860746e-03
-1.716513e-03
-1.592010e-03
-1.531670e-03
-1.551802e-03
-1.638847e-03
-1.777319e-03
-1.973669e-03
-2.216804e-03
-2.472267e-03
-2.730933e-03
-2.958483e-03
-3.126078e-03
-3.235957e-03
-3.310681e-03
-3.360660e-03
-3.362250e-03
-3.297327e-03
-3.200574e-03
-3.099572e-03
-2.964697e-03
-2.769184e-03
-2.520650e-03
-2.219992e-03
-1.866515e-03
-1.482694e-03
-1.085939e-03
-6.727304e-04
-2.546640e-04
1.540845e-04
5.544920e-04
9.515507e-04
1.334369e-03
1.691286e-03
2.026973e-03
2.342408e-03
2.654241e-03
2.968378e-03
3.282907e-03
3.589685e-03
3.858801e-03
4.084710e-03
4.285070e-03
4.476158e-03
4.657294e-03
4.802599e-03
4.899520e-03
4.924018e-03
4.864531e-03
4.744226e-03
4.571267e-03
4.353000e-03
4.098146e-03
3.804878e-03
3.478057e-03
3.106935e-03
2.697101e-03
2.270107e-03
1.852637e-03
1.463938e-03
1.109771e-03
7.912364e-04
5.073665e-04
2.653728e-04
6.719295e-05
-1.001788e-04
-2.485166e-04
-3.871075e-04
-5.088135e-04
-6.101880e-04
-7.066776e-04
-8.135530e-04
-9.220010e-04
-1.034061e-03
-1.174016e-03
-1.349679e-03
-1.560881e-03
-1.779833e-03
-1.990796e-03
-2.176490e-03
-2.311048e-03
-2.424330e-03
-2.545929e-03
-2.674907e-03
-2.822501e-03
-3.004323e-03
-3.222897e-03
-3.457121e-03
-3.710958e-03
-3.976631e-03
-4.221629e-03
-4.421176e-03
-4.553453e-03
-4.630053e-03
-4.657132e-03
-4.629220e-03
-4.546667e-03
-4.409505e-03
-4.225469e-03
-4.023173e-03
-3.810719e-03
-3.543525e-03
-3.210362e-03
-2.828273e-03
-2.401324e-03
-1.931165e-03
-1.428429e-03
-9.095773e-04
-3.844050e-04
1.154437e-04
5.704787e-04
9.972731e-04
1.379036e-03
1.698744e-03
1.961831e-03
2.148017e-03
2.249949e-03
2.290199e-03
2.303410e-03
2.309510e-03
2.298679e-03
2.264174e-03
2.214996e-03
2.161337e-03
2.128599e-03
2.133804e-03
2.192517e-03
2.331009e-03
2.552304e-03
2.848538e-03
3.225822e-03
3.690404e-03
4.227856e-03
4.808404e-03
5.395675e-03
5.950059e-03
6.449448e-03
6.898274e-03
7.290035e-03
7.586343e-03
7.767407e-03
7.867570e-03
7.908149e-03
7.874224e-03
7.755610e-03
7.545569e-03
7.248173e-03
6.868709e-03
6.424526e-03
5.955932e-03
5.497603e-03
5.061648e-03
4.642990e-03
4.235754e-03
3.854578e-03
3.524834e-03
3.249613e-03
3.023332e-03
2.838726e-03
2.683284e-03
2.574165e-03
2.516806e-03
2.475398e-03
2.418180e-03
2.337069e-03
2.219055e-03
2.042961e-03
1.805757e-03
1.510538e-03
1.172597e-03
8.096072e-04
4.200676e-04
1.319446e-05
-3.927127e-04
-7.723652e-04
-1.103084e-03
-1.379879e-03
-1.594832e-03
-1.746964e-03
-1.833810e-03
-1.848551e-03
-1.791443e-03
-1.664181e-03
-1.481399e-03
-1.253321e-03
-9.853474e-04
-6.941718e-04
-3.799516e-04
-3.522730e-05
3.094875e-04
6.233970e-04
9.021408e-04
1.144118e-03
1.331278e-03
1.465167e-03
1.549681e-03
1.571987e-03
1.531741e-03
1.440624e-03
1.309017e-03
1.142714e-03
9.586882e-04
7.902234e-04
6.524687e-04
5.494717e-04
4.795993e-04
4.478091e-04
4.685378e-04
5.552792e-04
6.950146e-04
8.494320e-04
1.019765e-03
1.223019e-03
1.430116e-03
1.611836e-03
1.774467e-03
1.919961e-03
2.046715e-03
2.146731e-03
2.222315e-03
2.283025e-03
2.328451e-03
2.369714e-03
2.402201e-03
2.397894e-03
2.342052e-03
2.232280e-03
2.084591e-03
1.913465e-03
1.719559e-03
1.517591e-03
1.307603e-03
1.077863e-03
8.346699e-04
5.792284e-04
3.304387e-04
9.759780e-05
-1.293183e-04
-3.503245e-04
-5.884136e-04
-8.584639e-04
-1.152555e-03
-1.448982e-03
-1.721516e-03
-1.965307e-03
-2.182159e-03
-2.359346e-03
-2.493516e-03
-2.604458e-03
-2.696961e-03
-2.751424e-03
-2.758751e-03
-2.718191e-03
-2.635175e-03
-2.525012e-03
-2.413837e-03
-2.322722e-03
-2.251097e-03
-2.179463e-03
-2.087471e-03
-1.970946e-03
-1.834732e-03
-1.674618e-03
-1.494673e-03
-1.306962e-03
-1.108332e-03
-8.828166e-04
-6.418749e-04
-4.101693e-04
-2.006089e-04
-9.235469e-06
1.789989e-04
3.724226e-04
5.605642e-04
7.070131e-04
7.819193e-04
7.901616e-04
7.476628e-04
6.706886e-04
5.778169e-04
4.788017e-04
3.806711e-04
2.849871e-04
1.923388e-04
1.173508e-04
6.770618e-05
4.951615e-05
6.338272e-05
8.368989e-05
7.722188e-05
6.412914e-05
8.929995e-05
1.542179e-04
2.416203e-04
3.557641e-04
5.020781e-04
6.724978e-04
8.365676e-04
9.770319e-04
1.083929e-03
1.140815e-03
1.147701e-03
1.126566e-03
1.097570e-03
1.082122e-03
1.065379e-03
1.027418e-03
9.772563e-04
9.124362e-04
8.311456e-04
7.282907e-04
6.041053e-04
4.714348e-04
3.317228e-04
1.833925e-04
3.313735e-05
-1.113880e-04
-2.557216e-04
-4.255285e-04
-6.252365e-04
-8.328475e-04
-1.035684e-03
-1.214269e-03
-1.355302e-03
-1.458617e-03
-1.532336e-03
-1.598474e-03
-1.667575e-03
-1.735492e-03
-1.792881e-03
-1.835503e-03
-1.861680e-03
-1.856644e-03
-1.814105e-03
-1.749492e-03
-1.665280e-03
-1.564659e-03
-1.466512e-03
-1.377832e-03
-1.315179e-03
-1.292923e-03
-1.300268e-03
-1.337029e-03
-1.395169e-03
-1.454149e-03
-1.498450e-03
-1.533694e-03
-1.582250e-03
-1.632883e-03
-1.646009e-03
-1.610583e-03
-1.530716e-03
-1.401402e-03
-1.231672e-03
-1.034104e-03
-8.338988e-04
-6.274766e-04
-4.012347e-04
-1.770959e-04
2.454760e-05
1.972881e-04
3.556783e-04
5.052158e-04
6.412867e-04
7.772412e-04
9.112916e-04
1.021589e-03
1.092527e-03
1.114709e-03
1.090963e-03
1.058283e-03
1.058104e-03
1.117495e-03
1.242186e-03
1.421454e-03
1.643313e-03
1.893883e-03
2.158985e-03
2.419648e-03
2.676048e-03
2.918251e-03
3.124732e-03
3.303752e-03
3.458389e-03
3.585320e-03
3.682025e-03
3.735628e-03
3.726154e-03
3.643577e-03
3.487588e-03
3.265910e-03
2.990610e-03
2.689619e-03
2.388532e-03
2.086542e-03
1.780901e-03
1.477424e-03
1.191308e-03
9.380345e-04
7.236322e-04
5.321478e-04
3.407655e-04
1.539098e-04
-1.164338e-05
-1.502129e-04
-2.741716e-04
-4.043832e-04
-5.587101e-04
-7.325104e-04
-9.093612e-04
-1.083581e-03
-1.257890e-03
-1.436612e-03
-1.613483e-03
-1.773489e-03
-1.925315e-03
-2.086979e-03
-2.259406e-03
-2.417588e-03
-2.561232e-03
-2.692111e-03
-2.773643e-03
-2.786155e-03
-2.725312e-03
-2.586580e-03
-2.388368e-03
-2.138034e-03
-1.833982e-03
-1.488479e-03
-1.106140e-03
-7.020055e-04
-3.129347e-04
3.875314e-05
3.585280e-04
6.594416e-04
9.453073e-04
1.214786e-03
1.470019e-03
1.698721e-03
1.908009e-03
2.136585e-03
2.403312e-03
2.696228e-03
2.991534e-03
3.258982e-03
3.485642e-03
3.676938e-03
3.837092e-03
3.984280e-03
4.127760e-03
4.270068e-03
4.410130e-03
4.543316e-03
4.667463e-03
4.772970e-03
4.845535e-03
4.885858e-03
4.887190e-03
4.854841e-03
4.815546e-03
4.774247e-03
4.729844e-03
4.695076e-03
4.684079e-03
4.681476e-03
4.672206e-03
4.653849e-03
4.625611e-03
4.597487e-03
4.580703e-03
4.584516e-03
4.593525e-03
4.590345e-03
4.581514e-03
4.556843e-03
4.499221e-03
4.405687e-03
4.280147e-03
4.132031e-03
3.963872e-03
3.778190e-03
3.594776e-03
3.440128e-03
3.316584e-03
3.199942e-03
3.080679e-03
2.959955e-03
2.830713e-03
2.714957e-03
2.633376e-03
2.578022e-03
2.544676e-03
2.553447e-03
2.598770e-03
2.641944e-03
2.666554e-03
2.671778e-03
2.662999e-03
2.646702e-03
2.620396e-03
2.583507e-03
2.537367e-03
2.497627e-03
2.471074e-03
2.447035e-03
2.416976e-03
2.374198e-03
2.332663e-03
2.295919e-03
2.254562e-03
2.208070e-03
2.148797e-03
2.084925e-03
2.038140e-03
2.014549e-03
2.006785e-03
1.985435e-03
1.932211e-03
1.847348e-03
1.726216e-03
1.570975e-03
1.379669e-03
1.142457e-03
8.446803e-04
4.757065e-04
4.851645e-05
-4.053026e-04
-8.544239e-04
-1.280070e-03
-1.677508e-03
-2.064364e-03
-2.426213e-03
-2.734944e-03
-3.008937e-03
-3.250525e-03
-3.441538e-03
-3.567581e-03
-3.619786e-03
-3.614406e-03
-3.580078e-03
-3.514597e-03
-3.408364e-03
-3.279605e-03
-3.140802e-03
-3.004342e-03
-2.894781e-03
-2.817885e-03
-2.765432e-03
-2.733605e-03
-2.725746e-03
-2.727757e-03
-2.741467e-03
-2.789473e-03
-2.859004e-03
-2.943973e-03
-3.041310e-03
-3.131980e-03
-3.205472e-03
-3.271969e-03
-3.339446e-03
-3.393180e-03
-3.421782e-03
-3.426272e-03
-3.402792e-03
-3.348369e-03
-3.265936e-03
-3.153786e-03
-3.019518e-03
-2.874588e-03
-2.729593e-03
-2.587038e-03
-2.430679e-03
-2.265649e-03
-2.103223e-03
-1.942497e-03
-1.800680e-03
-1.681470e-03
-1.570994e-03
-1.473748e-03
-1.394590e-03
-1.320944e-03
-1.259622e-03
-1.209723e-03
-1.167220e-03
-1.135699e-03
-1.106628e-03
-1.067732e-03
-1.016500e-03
-9.524657e-04
-8.636538e-04
-7.511500e-04
-6.199209e-04
-4.713219e-04
-3.118805e-04
-1.587796e-04
-3.475025e-05
5.177573e-05
8.700577e-05
5.276584e-05
-3.980806e-05
-1.816592e-04
-3.616325e-04
-5.731969e-04
-8.014112e-04
-1.025324e-03
-1.234067e-03
-1.422759e-03
-1.588436e-03
-1.724247e-03
-1.839601e-03
-1.934843e-03
-2.007202e-03
-2.060645e-03
-2.080311e-03
-2.063623e-03
-2.017924e-03
-1.947437e-03
-1.870229e-03
-1.798172e-03
-1.724782e-03
-1.636408e-03
-1.546950e-03
-1.470704e-03
-1.405018e-03
-1.362337e-03
-1.346822e-03
-1.348598e-03
-1.351571e-03
-1.360059e-03
-1.382310e-03
-1.413844e-03
-1.442762e-03
-1.446601e-03
-1.415794e-03
-1.348672e-03
-1.258296e-03
-1.173622e-03
-1.113160e-03
-1.065506e-03
-9.988528e-04
-9.098684e-04
-7.978351e-04
-6.508691e-04
-4.853032e-04
-3.151940e-04
-1.422387e-04
3.151193e-05
2.158076e-04
3.998165e-04
5.645177e-04
6.931532e-04
7.847761e-04
8.661373e-04
9.492569e-04
1.042020e-03
1.143748e-03
1.239167e-03
1.322961e-03
1.395683e-03
1.472550e-03
1.559322e-03
1.635929e-03
1.701557e-03
1.754687e-03
1.773320e-03
1.757014e-03
1.722961e-03
1.678881e-03
1.629199e-03
1.574955e-03
1.519189e-03
1.461165e-03
1.397302e-03
1.334523e-03
1.282330e-03
1.243597e-03
1.218551e-03
1.187094e-03
1.141259e-03
1.096069e-03
1.050247e-03
1.008007e-03
9.848604e-04
9.849124e-04
1.003663e-03
1.024761e-03
1.025047e-03
1.001206e-03
9.566020e-04
8.794796e-04
7.631851e-04
5.947234e-04
3.592040e-04
6.756197e-05
-2.603680e-04
-5.994431e-04
-9.343139e-04
-1.258226e-03
-1.558634e-03
-1.842952e-03
-2.127681e-03
-2.391270e-03
-2.608775e-03
-2.778849e-03
-2.902957e-03
-2.987702e-03
-3.037240e-03
-3.053292e-03
-3.037864e-03
-2.992745e-03
-2.926320e-03
-2.842541e-03
-2.740639e-03
-2.624968e-03
-2.504312e-03
-2.376973e-03
-2.236734e-03
-2.075562e-03
-1.885090e-03
-1.680023e-03
-1.467687e-03
-1.241586e-03
-1.010703e-03
-7.767713e-04
-5.230608e-04
-2.348421e-04
8.623342e-05
4.136939e-04
7.322643e-04
1.047501e-03
1.364469e-03
1.676253e-03
1.967257e-03
2.230807e-03
2.458093e-03
2.638405e-03
2.780997e-03
2.890417e-03
2.967351e-03
3.018290e-03
3.043061e-03
3.036917e-03
3.011481e-03
2.974488e-03
2.927295e-03
2.865090e-03
2.791307e-03
2.730551e-03
2.689218e-03
2.665603e-03
2.665063e-03
2.683789e-03
2.718021e-03
2.763885e-03
2.826380e-03
2.899773e-03
2.971129e-03
3.021900e-03
3.018754e-03
2.949495e-03
2.825963e-03
2.661529e-03
2.474595e-03
2.269711e-03
2.039635e-03
1.789909e-03
1.540410e-03
1.302590e-03
1.090077e-03
9.178160e-04
7.792774e-04
6.673100e-04
5.787500e-04
5.057547e-04
4.476004e-04
4.206838e-04
4.342607e-04
4.802934e-04
5.439662e-04
6.072008e-04
6.644391e-04
7.140752e-04
7.593062e-04
8.043095e-04
8.433830e-04
8.706393e-04
8.725063e-04
8.451246e-04
7.889715e-04
7.066573e-04
6.064074e-04
4.881393e-04
3.558603e-04
2.201994e-04
1.001563e-04
9.369236e-06
-4.560127e-05
-5.544683e-05
-3.382125e-05
-1.151572e-05
-9.848761e-06
-3.815010e-05
-8.356250e-05
-1.372058e-04
-1.934576e-04
-2.385786e-04
-2.623299e-04
-2.573621e-04
-2.188504e-04
-1.430350e-04
-4.687880e-05
4.506940e-05
1.276959e-04
1.899269e-04
2.230636e-04
2.400099e-04
2.536262e-04
2.828485e-04
3.357940e-04
4.096762e-04
4.911687e-04
5.711919e-04
6.505620e-04
7.181104e-04
7.595235e-04
7.644982e-04
7.312677e-04
6.708691e-04
5.912909e-04
4.918743e-04
3.713660e-04
2.257073e-04
5.959295e-05
-1.093214e-04
-2.729704e-04
-4.352787e-04
-5.994885e-04
-7.745083e-04
-9.548808e-04
-1.126480e-03
-1.288663e-03
-1.448509e-03
-1.623144e-03
-1.822175e-03
-2.033226e-03
-2.237588e-03
-2.430277e-03
-2.606079e-03
-2.765900e-03
-2.914498e-03
-3.064424e-03
-3.217649e-03
-3.363327e-03
-3.514022e-03
-3.681900e-03
-3.872522e-03
-4.086800e-03
-4.309564e-03
-4.524811e-03
-4.716736e-03
-4.882405e-03
-5.024119e-03
-5.129168e-03
-5.199799e-03
-5.240472e-03
-5.249920e-03
-5.248507e-03
-5.244866e-03
-5.233251e-03
-5.215959e-03
-5.190768e-03
-5.150832e-03
-5.092174e-03
-5.014697e-03
-4.918244e-03
-4.797575e-03
-4.665552e-03
-4.532499e-03
-4.380541e-03
-4.211383e-03
-4.031450e-03
-3.824574e-03
-3.604163e-03
-3.378084e-03
-3.139766e-03
-2.902033e-03
-2.666402e-03
-2.406794e-03
-2.114342e-03
-1.794460e-03
-1.453538e-03
-1.092250e-03
-7.169236e-04
-3.392903e-04
3.879920e-05
4.170360e-04
7.898180e-04
1.154400e-03
1.503660e-03
1.839511e-03
2.148317e-03
2.420784e-03
2.677462e-03
2.923692e-03
3.147559e-03
3.358645e-03
3.560641e-03
3.747820e-03
3.915300e-03
4.044073e-03
4.127952e-03
4.176599e-03
4.181522e-03
4.144299e-03
4.077410e-03
3.992567e-03
3.906088e-03
3.825442e-03
3.743978e-03
3.659095e-03
3.568835e-03
3.448322e-03
3.291864e-03
3.104401e-03
2.885805e-03
2.648111e-03
2.402609e-03
2.150634e-03
1.887066e-03
1.612401e-03
1.333723e-03
1.045155e-03
7.542505e-04
4.557071e-04
1.420838e-04
-1.701524e-04
-4.916714e-04
-8.325301e-04
-1.181271e-03
-1.536202e-03
-1.889344e-03
-2.229568e-03
-2.561962e-03
-2.896963e-03
-3.232820e-03
-3.564578e-03
-3.888187e-03
-4.191612e-03
-4.471009e-03
-4.732043e-03
-4.977609e-03
-5.205177e-03
-5.411805e-03
-5.599710e-03
-5.769175e-03
-5.921156e-03
-6.060793e-03
-6.178462e-03
-6.261533e-03
-6.320391e-03
-6.358862e-03
-6.373467e-03
-6.367815e-03
-6.333248e-03
-6.271863e-03
-6.180783e-03
-6.056869e-03
-5.901667e-03
-5.705087e-03
-5.456864e-03
-5.156748e-03
-4.813157e-03
-4.422898e-03
-3.994253e-03
-3.551912e-03
-3.112569e-03
-2.672137e-03
-2.224535e-03
-1.766248e-03
-1.296442e-03
-8.289077e-04
-3.828174e-04
3.641937e-05
4.369499e-04
8.255293e-04
1.192891e-03
1.535023e-03
1.842276e-03
2.099961e-03
2.323063e-03
2.530689e-03
2.721910e-03
2.896705e-03
3.058097e-03
3.209944e-03
3.366201e-03
3.536263e-03
3.716274e-03
3.894848e-03
4.055522e-03
4.187246e-03
4.297979e-03
4.402606e-03
4.501692e-03
4.590462e-03
4.661911e-03
4.698336e-03
4.698483e-03
4.673447e-03
4.614827e-03
4.523514e-03
4.409110e-03
4.268539e-03
4.087123e-03
3.859653e-03
3.592516e-03
3.295257e-03
2.982803e-03
2.667587e-03
2.345368e-03
2.022044e-03
1.717931e-03
1.446340e-03
1.197004e-03
9.635646e-04
7.547758e-04
5.588775e-04
3.743761e-04
2.079533e-04
5.099245e-05
-9.582880e-05
-2.297231e-04
-3.625040e-04
-4.964461e-04
-6.250396e-04
-7.436932e-04
-8.480702e-04
-9.346731e-04
-1.003787e-03
-1.060321e-03
-1.101304e-03
-1.124722e-03
-1.138181e-03
-1.139722e-03
-1.117447e-03
-1.071584e-03
-1.007701e-03
-9.251987e-04
-8.247876e-04
-7.120236e-04
-6.027548e-04
-5.099325e-04
-4.381166e-04
-4.033322e-04
-3.969366e-04
-4.048288e-04
-4.374061e-04
-4.938920e-04
-5.637689e-04
-6.403709e-04
-7.151993e-04
-7.887547e-04
-8.638519e-04
-9.427113e-04
-1.032803e-03
-1.124639e-03
-1.209612e-03
-1.290972e-03
-1.362348e-03
-1.420554e-03
-1.469536e-03
-1.506630e-03
-1.528881e-03
-1.549923e-03
-1.578667e-03
-1.605915e-03
-1.629242e-03
-1.649372e-03
-1.655028e-03
-1.647664e-03
-1.638670e-03
-1.632658e-03
-1.636197e-03
-1.642184e-03
-1.640028e-03
-1.635322e-03
-1.630136e-03
-1.634818e-03
-1.646636e-03
-1.649851e-03
-1.644105e-03
-1.624441e-03
-1.580927e-03
-1.508808e-03
-1.405449e-03
-1.281999e-03
-1.151576e-03
-1.016270e-03
-8.806799e-04
-7.493049e-04
-6.342486e-04
-5.462523e-04
-4.755400e-04
-4.069739e-04
-3.467637e-04
-3.046686e-04
-2.776173e-04
-2.518375e-04
-2.236977e-04
-1.881217e-04
-1.367579e-04
-7.683332e-05
-9.274031e-06
6.649522e-05
1.378730e-04
1.967656e-04
2.464675e-04
2.878974e-04
3.159525e-04
3.312207e-04
3.427311e-04
3.606462e-04
3.899511e-04
4.227378e-04
4.555056e-04
4.819204e-04
4.985161e-04
5.096637e-04
5.150321e-04
5.179722e-04
5.267903e-04
5.428426e-04
5.704822e-04
6.091655e-04
6.527460e-04
7.004615e-04
7.486069e-04
7.873984e-04
8.110546e-04
8.259809e-04
8.409895e-04
8.701405e-04
9.126605e-04
9.461461e-04
9.629503e-04
9.721496e-04
9.698689e-04
9.466528e-04
9.047223e-04
8.558381e-04
7.999231e-04
7.259112e-04
6.405105e-04
5.565941e-04
4.767841e-04
3.938644e-04
3.054916e-04
2.101889e-04
1.027978e-04
-9.662771e-06
-1.188749e-04
-2.227282e-04
-3.270431e-04
-4.346370e-04
-5.367193e-04
-6.268140e-04
-7.070050e-04
-7.795916e-04
-8.486556e-04
-9.221319e-04
-9.985403e-04
-1.071101e-03
-1.138457e-03
-1.191810e-03
-1.232576e-03
-1.268990e-03
-1.298283e-03
-1.317838e-03
-1.336530e-03
-1.357471e-03
-1.369240e-03
-1.365466e-03
-1.350390e-03
-1.332119e-03
-1.312264e-03
-1.296180e-03
-1.293257e-03
-1.290851e-03
-1.277803e-03
-1.251136e-03
-1.200972e-03
-1.124625e-03
-1.032359e-03
-9.387223e-04
-8.506702e-04
-7.578340e-04
-6.519399e-04
-5.305330e-04
-4.025380e-04
-2.754085e-04
-1.480658e-04
-1.775978e-05
1.302231e-04
2.937896e-04
4.624487e-04
6.177665e-04
7.408507e-04
8.383609e-04
9.295581e-04
1.031335e-03
1.144677e-03
1.249730e-03
1.337182e-03
1.411044e-03
1.469146e-03
1.510818e-03
1.544248e-03
1.584240e-03
1.634888e-03
1.693631e-03
1.749257e-03
1.787246e-03
1.810009e-03
1.814012e-03
1.800739e-03
1.771767e-03
1.716648e-03
1.637549e-03
1.544376e-03
1.436433e-03
1.318236e-03
1.199687e-03
1.083522e-03
9.728035e-04
8.662076e-04
7.714513e-04
6.970213e-04
6.354397e-04
5.881099e-04
5.566831e-04
5.420550e-04
5.510370e-04
5.733413e-04
5.967547e-04
6.242122e-04
6.566952e-04
6.944183e-04
7.318761e-04
7.553476e-04
7.521382e-04
7.237347e-04
6.783537e-04
6.068506e-04
5.038681e-04
3.788238e-04
2.456564e-04
1.137518e-04
-2.088023e-05
-1.593734e-04
-2.973619e-04
-4.325461e-04
-5.592638e-04
-6.737544e-04
-7.632721e-04
-8.267199e-04
-8.730203e-04
-9.060989e-04
-9.242371e-04
-9.199829e-04
-8.963939e-04
-8.563014e-04
-8.027338e-04
-7.428895e-04
-6.878401e-04
-6.425752e-04
-5.973478e-04
-5.559308e-04
-5.308528e-04
-5.177901e-04
-5.103445e-04
-5.095138e-04
-5.186056e-04
-5.392235e-04
-5.716535e-04
-6.098312e-04
-6.529365e-04
-6.982575e-04
-7.376563e-04
-7.683574e-04
-7.901936e-04
-8.103937e-04
-8.247728e-04
-8.273377e-04
-8.206205e-04
-8.020578e-04
-7.729581e-04
-7.365316e-04
-6.936146e-04
-6.371831e-04
-5.680934e-04
-4.952505e-04
-4.292211e-04
-3.816428e-04
-3.510972e-04
-3.300335e-04
-3.108609e-04
-2.927761e-04
-2.758921e-04
-2.548596e-04
-2.250832e-04
-1.765993e-04
-1.097477e-04
-3.225946e-05
5.065470e-05
1.321261e-04
2.133167e-04
2.947857e-04
3.717965e-04
4.469297e-04
5.231361e-04
6.038151e-04
6.836544e-04
7.565439e-04
8.120847e-04
8.374113e-04
8.352436e-04
8.138409e-04
7.784792e-04
7.303063e-04
6.656104e-04
5.902844e-04
5.107857e-04
4.315560e-04
3.559178e-04
2.889448e-04
2.337758e-04
1.771997e-04
1.144885e-04
5.146582e-05
-3.295052e-06
-5.440021e-05
-1.089671e-04
-1.580551e-04
-1.950452e-04
-2.150984e-04
-2.106490e-04
-1.834270e-04
-1.446217e-04
-1.098621e-04
-8.458402e-05
-6.688114e-05
-4.589802e-05
-2.131122e-05
2.762626e-06
2.753932e-05
5.699042e-05
9.140895e-05
1.280825e-04
1.646865e-04
1.910853e-04
1.913317e-04
1.653525e-04
1.248983e-04
7.590427e-05
2.695539e-05
-1.922122e-05
-6.400307e-05
-1.139995e-04
-1.798123e-04
-2.622502e-04
-3.607270e-04
-4.713330e-04
-5.811341e-04
-6.774574e-04
-7.640606e-04
-8.344873e-04
-8.736065e-04
-8.946021e-04
-9.109342e-04
-9.200628e-04
-9.270798e-04
-9.437048e-04
-9.682601e-04
-9.999148e-04
-1.041720e-03
-1.083379e-03
-1.120023e-03
-1.145966e-03
-1.161144e-03
-1.182154e-03
-1.211547e-03
-1.245665e-03
-1.284953e-03
-1.322541e-03
-1.350280e-03
-1.365691e-03
-1.377249e-03
-1.390628e-03
-1.402625e-03
-1.403890e-03
-1.388931e-03
-1.360266e-03
-1.324705e-03
-1.289200e-03
-1.252441e-03
-1.214740e-03
-1.176607e-03
-1.134103e-03
-1.081765e-03
-1.021029e-03
-9.661101e-04
-9.183796e-04
-8.715514e-04
-8.313275e-04
-7.941091e-04
-7.538419e-04
-7.119353e-04
-6.678394e-04
-6.185882e-04
-5.640431e-04
-4.986666e-04
-4.227855e-04
-3.470980e-04
-2.709544e-04
-1.893869e-04
-1.088230e-04
-3.678321e-05
2.429439e-05
8.211178e-05
1.485633e-04
2.227835e-04
2.982151e-04
3.782581e-04
4.634934e-04
5.460616e-04
6.121999e-04
6.660994e-04
7.171140e-04
7.571092e-04
7.909572e-04
8.292055e-04
8.684108e-04
9.016595e-04
9.245758e-04
9.424335e-04
9.574260e-04
9.661189e-04
9.623641e-04
9.450017e-04
9.241451e-04
9.056137e-04
8.840589e-04
8.692512e-04
8.738410e-04
8.896513e-04
9.033782e-04
9.076975e-04
9.029027e-04
8.944888e-04
8.891886e-04
8.806868e-04
8.657920e-04
8.530005e-04
8.407346e-04
8.199032e-04
7.895446e-04
7.427587e-04
6.854755e-04
6.245403e-04
5.544405e-04
4.769389e-04
3.904657e-04
2.953894e-04
2.012936e-04
1.149515e-04
3.067319e-05
-5.737146e-05
-1.471738e-04
-2.337285e-04
-3.139250e-04
-3.900169e-04
-4.599236e-04
-5.232708e-04
-5.886666e-04
-6.583925e-04
-7.246931e-04
-7.782481e-04
-8.138214e-04
-8.333052e-04
-8.438971e-04
-8.604216e-04
-8.874379e-04
-9.157960e-04
-9.341507e-04
-9.324793e-04
-9.077526e-04
-8.692362e-04
-8.223862e-04
-7.707230e-04
-7.127098e-04
-6.465985e-04
-5.730502e-04
-4.984436e-04
-4.294680e-04
-3.666420e-04
-3.025408e-04
-2.238025e-04
-1.229968e-04
-7.375868e-07
1.394461e-04
2.837121e-04
4.196950e-04
5.421378e-04
6.530645e-04
7.550022e-04
8.530091e-04
9.614262e-04
1.084272e-03
1.212900e-03
1.340745e-03
1.469220e-03
1.600121e-03
1.725108e-03
1.833059e-03
1.920176e-03
1.986980e-03
2.041457e-03
2.087246e-03
2.124553e-03
2.161294e-03
2.200411e-03
2.237777e-03
2.266457e-03
2.283659e-03
2.292676e-03
2.299850e-03
2.307505e-03
2.315104e-03
2.323735e-03
2.335000e-03
2.348239e-03
2.364031e-03
2.384165e-03
2.408062e-03
2.425015e-03
2.429456e-03
2.424094e-03
2.408083e-03
2.379593e-03
2.334355e-03
2.267296e-03
2.172326e-03
2.049540e-03
1.906666e-03
1.750815e-03
1.584331e-03
1.406737e-03
1.221675e-03
1.036169e-03
8.605010e-04
6.948605e-04
5.296693e-04
3.621011e-04
1.873510e-04
8.752028e-06
-1.599218e-04
-3.152266e-04
-4.559335e-04
-5.722517e-04
-6.658367e-04
-7.397677e-04
-7.947578e-04
-8.395986e-04
-8.759416e-04
-9.068978e-04
-9.337664e-04
-9.527956e-04
-9.633640e-04
-9.649060e-04
-9.623308e-04
-9.507705e-04
-9.240394e-04
-8.803498e-04
-8.257602e-04
-7.727285e-04
-7.176101e-04
-6.526642e-04
-5.779201e-04
-4.926599e-04
-3.991231e-04
-2.991338e-04
-1.901385e-04
-7.596665e-05
3.013282e-05
1.251329e-04
2.198519e-04
3.208461e-04
4.280220e-04
5.406846e-04
6.595958e-04
7.749777e-04
8.814244e-04
9.843074e-04
1.082460e-03
1.173774e-03
1.256269e-03
1.328495e-03
1.390708e-03
1.447944e-03
1.506020e-03
1.561508e-03
1.615964e-03
1.668641e-03
1.712298e-03
1.746770e-03
1.770298e-03
1.784932e-03
1.790054e-03
1.787005e-03
1.782038e-03
1.771923e-03
1.751466e-03
1.719074e-03
1.676977e-03
1.625700e-03
1.564288e-03
1.492734e-03
1.412707e-03
1.333985e-03
1.258284e-03
1.186334e-03
1.121136e-03
1.058785e-03
9.969683e-04
9.292491e-04
8.532161e-04
7.752413e-04
6.908452e-04
6.000048e-04
5.068255e-04
4.093662e-04
3.096889e-04
2.079412e-04
1.059729e-04
3.038225e-06
-9.831553e-05
-1.950967e-04
-2.893717e-04
-3.803453e-04
-4.687749e-04
-5.482324e-04
-6.103636e-04
-6.601396e-04
-7.006859e-04
-7.336168e-04
-7.562106e-04
-7.617217e-04
-7.533806e-04
-7.311540e-04
-6.948014e-04
-6.512270e-04
-6.005833e-04
-5.422951e-04
-4.780553e-04
-4.167554e-04
-3.648296e-04
-3.167365e-04
-2.735082e-04
-2.382981e-04
-2.118128e-04
-1.895714e-04
-1.600978e-04
-1.244248e-04
-8.796084e-05
-5.616761e-05
-2.746583e-05
4.396327e-06
3.618868e-05
6.730428e-05
9.559280e-05
1.188118e-04
1.392830e-04
1.634353e-04
1.934351e-04
2.250629e-04
2.574739e-04
2.921983e-04
3.240700e-04
3.477224e-04
3.660486e-04
3.764921e-04
3.829136e-04
3.918470e-04
3.974433e-04
3.984901e-04
3.965016e-04
3.954931e-04
4.005926e-04
4.124391e-04
4.272419e-04
4.387961e-04
4.502390e-04
4.641922e-04
4.753369e-04
4.861565e-04
5.011447e-04
5.166398e-04
5.266321e-04
5.269753e-04
5.243392e-04
5.234357e-04
5.236462e-04
5.273617e-04
5.325432e-04
5.357305e-04
5.332514e-04
5.225748e-04
5.120031e-04
5.048196e-04
4.939094e-04
4.756096e-04
4.547349e-04
4.356860e-04
4.259725e-04
4.271526e-04
4.311315e-04
4.312379e-04
4.285706e-04
4.211730e-04
4.046571e-04
3.819164e-04
3.565749e-04
3.232368e-04
2.789560e-04
2.350190e-04
1.992827e-04
1.661063e-04
1.323492e-04
9.234111e-05
4.572999e-05
-6.344468e-06
-6.459736e-05
-1.207641e-04
-1.720049e-04
-2.208730e-04
-2.688426e-04
-3.170021e-04
-3.628969e-04
-4.065927e-04
-4.486067e-04
-4.853370e-04
-5.181781e-04
-5.472596e-04
-5.726491e-04
-5.956167e-04
-6.125680e-04
-6.249926e-04
-6.341825e-04
-6.375298e-04
-6.358274e-04
-6.290541e-04
-6.175957e-04
-5.956237e-04
-5.633453e-04
-5.309488e-04
-5.007383e-04
-4.778425e-04
-4.619970e-04
-4.479503e-04
-4.352575e-04
-4.161179e-04
-3.901242e-04
-3.649427e-04
-3.401169e-04
-3.147409e-04
-2.912909e-04
-2.695518e-04
-2.446865e-04
-2.181449e-04
-1.900381e-04
-1.607655e-04
-1.310601e-04
-9.734511e-05
-6.176505e-05
-2.967559e-05
-5.301614e-07
2.691158e-05
5.186881e-05
7.192706e-05
8.920768e-05
1.066943e-04
1.228450e-04
1.395611e-04
1.610289e-04
1.861703e-04
2.114005e-04
2.359250e-04
2.622910e-04
2.917067e-04
3.186995e-04
3.417396e-04
3.653978e-04
3.868710e-04
3.992717e-04
4.055260e-04
4.082315e-04
4.030939e-04
3.942655e-04
3.835506e-04
3.671643e-04
3.464215e-04
3.229115e-04
2.987463e-04
2.823572e-04
2.779074e-04
2.859943e-04
3.035677e-04
3.214658e-04
3.310564e-04
3.348706e-04
3.379449e-04
3.436932e-04
3.555861e-04
3.731034e-04
3.947877e-04
4.174833e-04
4.387497e-04
4.586131e-04
4.796056e-04
5.011560e-04
5.203646e-04
5.331199e-04
5.365195e-04
5.332572e-04
5.220486e-04
5.050362e-04
4.849730e-04
4.596487e-04
4.288792e-04
3.938636e-04
3.585579e-04
3.273581e-04
3.017272e-04
2.821744e-04
2.737582e-04
2.715689e-04
2.655180e-04
2.540229e-04
2.335993e-04
2.052261e-04
1.715800e-04
1.345347e-04
9.741343e-05
6.326202e-05
2.805500e-05
-1.298268e-05
-5.945806e-05
-1.065454e-04
-1.522614e-04
-2.017613e-04
-2.541760e-04
-3.065553e-04
-3.600453e-04
-4.138077e-04
-4.673371e-04
-5.185994e-04
-5.679457e-04
-6.174372e-04
-6.646790e-04
-7.071186e-04
-7.438205e-04
-7.726850e-04
-7.923644e-04
-7.989918e-04
-7.946857e-04
-7.881453e-04
-7.837578e-04
-7.834348e-04
-7.838823e-04
-7.814964e-04
-7.727596e-04
-7.580075e-04
-7.405653e-04
-7.237207e-04
-7.089764e-04
-6.949697e-04
-6.801434e-04
-6.645141e-04
-6.498330e-04
-6.350871e-04
-6.206959e-04
-6.098521e-04
-6.011419e-04
-5.911966e-04
-5.727770e-04
-5.436325e-04
-5.103088e-04
-4.812479e-04
-4.573672e-04
-4.336500e-04
-4.051568e-04
-3.695396e-04
-3.348551e-04
-3.045603e-04
-2.730081e-04
-2.386282e-04
-2.011899e-04
-1.641156e-04
-1.277679e-04
-8.958644e-05
-4.887136e-05
-7.293788e-06
3.458697e-05
7.933599e-05
1.256591e-04
1.707068e-04
2.077862e-04
2.365713e-04
2.668654e-04
3.035401e-04
3.470903e-04
3.936359e-04
4.410303e-04
4.900204e-04
5.393369e-04
5.883568e-04
6.341569e-04
6.762379e-04
7.170541e-04
7.525737e-04
7.801388e-04
7.994545e-04
8.138204e-04
8.262371e-04
8.361239e-04
8.429248e-04
8.428556e-04
8.313182e-04
8.125835e-04
7.938226e-04
7.770055e-04
7.599622e-04
7.351886e-04
7.016448e-04
6.617512e-04
6.159295e-04
5.699744e-04
5.264119e-04
4.824789e-04
4.352933e-04
3.829802e-04
3.265086e-04
2.698618e-04
2.191640e-04
1.724254e-04
1.237908e-04
7.161161e-05
1.960930e-05
-2.856103e-05
-7.199482e-05
-1.107240e-04
-1.471659e-04
-1.825690e-04
-2.169409e-04
-2.480945e-04
-2.745048e-04
-2.985370e-04
-3.212273e-04
-3.425027e-04
-3.601353e-04
-3.711694e-04
-3.801137e-04
-3.902167e-04
-3.989852e-04
-4.048378e-04
-4.078179e-04
-4.058985e-04
-4.009867e-04
-3.981552e-04
-3.979433e-04
-3.991023e-04
-4.010606e-04
-4.002469e-04
-3.930768e-04
-3.810508e-04
-3.659501e-04
-3.481352e-04
-3.307915e-04
-3.170114e-04
-3.038518e-04
-2.862365e-04
-2.643968e-04
-2.374016e-04
-2.048303e-04
-1.712061e-04
-1.356664e-04
-9.530912e-05
-5.287480e-05
-1.142855e-05
2.620838e-05
5.885392e-05
8.894332e-05
1.168303e-04
1.442829e-04
1.700210e-04
1.928893e-04
2.153287e-04
2.332657e-04
2.446510e-04
2.523560e-04
2.590524e-04
2.642347e-04
2.675960e-04
2.715254e-04
2.778002e-04
2.840489e-04
2.886239e-04
2.928885e-04
2.945402e-04
2.917773e-04
2.887468e-04
2.870697e-04
2.849310e-04
2.830532e-04
2.823510e-04
2.815580e-04
2.812999e-04
2.803027e-04
2.791813e-04
2.798179e-04
2.805835e-04
2.821209e-04
2.852512e-04
2.915360e-04
3.005216e-04
3.084942e-04
3.127189e-04
3.124480e-04
3.089650e-04
3.050531e-04
2.999305e-04
2.930764e-04
2.857774e-04
2.761798e-04
2.626646e-04
2.472698e-04
2.336794e-04
2.211086e-04
2.062546e-04
1.879491e-04
1.682905e-04
1.478374e-04
1.255449e-04
1.008215e-04
7.402654e-05
4.460016e-05
1.138696e-05
-2.518735e-05
-6.182752e-05
-9.716894e-05
-1.335220e-04
-1.715430e-04
-2.087003e-04
-2.445451e-04
-2.794938e-04
-3.112716e-04
-3.394443e-04
-3.660209e-04
-3.945930e-04
-4.237400e-04
-4.496844e-04
-4.738925e-04
-4.948558e-04
-5.118125e-04
-5.267255e-04
-5.401337e-04
-5.518091e-04
-5.599743e-04
-5.639839e-04
-5.646279e-04
-5.634386e-04
-5.607083e-04
-5.579149e-04
-5.553783e-04
-5.507261e-04
-5.439059e-04
-5.368585e-04
-5.292609e-04
-5.212162e-04
-5.125843e-04
-5.001022e-04
-4.819991e-04
-4.590397e-04
-4.347600e-04
-4.121387e-04
-3.901011e-04
-3.660685e-04
-3.407048e-04
-3.144783e-04
-2.874090e-04
-2.603737e-04
-2.341787e-04
-2.083511e-04
-1.813460e-04
-1.544973e-04
-1.297916e-04
-1.073362e-04
-8.823470e-05
-7.461151e-05
-6.603854e-05
-5.947097e-05
-5.342439e-05
-4.815423e-05
-4.249003e-05
-3.547693e-05
-2.925900e-05
-2.521195e-05
-2.233510e-05
-1.970081e-05
-1.677733e-05
-1.459406e-05
-1.387401e-05
-1.454760e-05
-1.634357e-05
-1.892854e-05
-2.119505e-05
-2.091939e-05
-1.929891e-05
-1.943831e-05
-2.274598e-05
-2.979221e-05
-4.043015e-05
-5.348652e-05
-6.765881e-05
-8.287713e-05
-1.007081e-04
-1.230386e-04
-1.495766e-04
-1.786099e-04
-2.087627e-04
-2.377976e-04
-2.665927e-04
-2.965044e-04
-3.267640e-04
-3.579633e-04
-3.877907e-04
-4.138938e-04
-4.371443e-04
-4.576385e-04
-4.754280e-04
-4.920757e-04
-5.075429e-04
-5.201343e-04
-5.288375e-04
-5.342548e-04
-5.357528e-04
-5.328019e-04
-5.272932e-04
-5.205455e-04
-5.131836e-04
-5.046802e-04
-4.952673e-04
-4.859571e-04
-4.756522e-04
-4.639119e-04
-4.492889e-04
-4.311155e-04
-4.107525e-04
-3.896755e-04
-3.701989e-04
-3.532130e-04
-3.382994e-04
-3.241384e-04
-3.085469e-04
-2.921057e-04
-2.762658e-04
-2.617275e-04
-2.476542e-04
-2.325543e-04
-2.171319e-04
-2.011679e-04
-1.824439e-04
-1.638580e-04
-1.479193e-04
-1.340024e-04
-1.232536e-04
-1.154511e-04
-1.100807e-04
-1.068861e-04
-1.049571e-04
-1.038876e-04
-1.024426e-04
-1.003338e-04
-9.795858e-05
-9.547969e-05
-9.424440e-05
-9.405932e-05
-9.465335e-05
-9.585649e-05
-9.736632e-05
-1.000323e-04
-1.047775e-04
-1.112594e-04
-1.191389e-04
-1.275497e-04
-1.357500e-04
-1.441690e-04
-1.520755e-04
-1.583614e-04
-1.632080e-04
-1.659402e-04
-1.665296e-04
-1.664112e-04
-1.677623e-04
-1.721312e-04
-1.799736e-04
-1.901305e-04
-2.005033e-04
-2.098835e-04
-2.176345e-04
-2.231564e-04
-2.271463e-04
-2.297767e-04
-2.293512e-04
-2.256538e-04
-2.193586e-04
-2.113838e-04
-2.033100e-04
-1.959927e-04
-1.876401e-04
-1.767276e-04
-1.638633e-04
-1.502604e-04
-1.356003e-04
-1.200327e-04
-1.044974e-04
-8.866013e-05
-7.296707e-05
-5.887884e-05
-4.618205e-05
-3.471839e-05
-2.568447e-05
-1.986846e-05
-1.659913e-05
-1.479246e-05
-1.451403e-05
-1.663143e-05
-2.015175e-05
-2.385611e-05
-2.832801e-05
-3.317278e-05
-3.739353e-05
-4.153958e-05
-4.602054e-05
-5.081536e-05
-5.586104e-05
-6.190984e-05
-6.904187e-05
-7.567675e-05
-8.162196e-05
-8.778997e-05
-9.500280e-05
-1.031293e-04
-1.116470e-04
-1.202654e-04
-1.291399e-04
-1.384841e-04
-1.481500e-04
-1.571717e-04
-1.656721e-04
-1.738569e-04
-1.814381e-04
-1.888019e-04
-1.969778e-04
-2.066018e-04
-2.170089e-04
-2.277537e-04
-2.385405e-04
-2.481363e-04
-2.566448e-04
-2.643807e-04
-2.709873e-04
-2.765976e-04
-2.804419e-04
-2.818041e-04
-2.805023e-04
-2.764259e-04
-2.706371e-04
-2.639308e-04
-2.556216e-04
-2.461789e-04
-2.363464e-04
-2.261881e-04
-2.172547e-04
-2.100661e-04
-2.038585e-04
-1.981256e-04
-1.915655e-04
-1.833354e-04
-1.736740e-04
-1.632067e-04
-1.528039e-04
-1.427481e-04
-1.330584e-04
-1.244592e-04
-1.169091e-04
-1.104238e-04
-1.049212e-04
-9.927655e-05
-9.290864e-05
-8.535332e-05
-7.688285e-05
-6.765114e-05
-5.734494e-05
-4.725605e-05
-3.824673e-05
-2.983735e-05
-2.155771e-05
-1.350716e-05
-6.801898e-06
-1.725852e-06
2.185823e-06
4.945153e-06
6.805935e-06
8.002181e-06
9.197002e-06
1.138569e-05
1.415310e-05
1.677977e-05
1.953171e-05
2.251393e-05
2.589364e-05
3.008773e-05
3.391142e-05
3.665916e-05
3.849902e-05
3.946289e-05
4.000750e-05
4.098044e-05
4.274154e-05
4.518389e-05
4.871988e-05
5.370724e-05
5.951046e-05
6.552425e-05
7.131695e-05
7.662792e-05
8.096815e-05
8.272241e-05
8.189380e-05
8.009346e-05
7.765378e-05
7.517037e-05
7.277785e-05
7.004815e-05
6.672134e-05
6.303080e-05
5.937687e-05
5.557782e-05
5.210957e-05
4.900630e-05
4.661388e-05
4.483886e-05
4.308683e-05
4.165455e-05
4.105172e-05
4.116828e-05
4.178909e-05
4.309607e-05
4.469011e-05
4.630829e-05
4.802693e-05
4.997019e-05
5.271417e-05
5.644033e-05
6.025184e-05
6.309680e-05
6.468501e-05
6.567004e-05
6.668993e-05
6.709960e-05
6.652746e-05
6.581319e-05
6.486991e-05
6.400043e-05
6.349398e-05
6.306004e-05
6.224974e-05
6.069495e-05
5.822139e-05
5.507067e-05
5.195815e-05
4.892297e-05
4.589234e-05
4.329716e-05
4.124762e-05
3.965140e-05
3.840765e-05
3.722138e-05
3.612188e-05
3.572452e-05
3.532050e-05
3.423606e-05
3.320409e-05
3.233818e-05
3.126838e-05
3.007383e-05
2.916304e-05
2.860916e-05
2.746002e-05
2.515070e-05
2.258224e-05
2.092426e-05
2.002393e-05
1.911239e-05
1.832683e-05
1.783337e-05
1.776557e-05
1.833671e-05
1.986965e-05
2.206927e-05
2.437059e-05
2.642526e-05
2.796903e-05
2.911492e-05
3.027142e-05
3.189927e-05
3.434582e-05
3.764023e-05
4.101561e-05
4.374522e-05
4.574205e-05
4.736576e-05
4.884309e-05
4.962698e-05
4.958488e-05
4.902657e-05
4.789479e-05
4.691064e-05
4.643049e-05
4.625485e-05
4.637486e-05
4.661844e-05
4.678019e-05
4.669568e-05
4.638851e-05
4.596179e-05
4.540239e-05
4.473943e-05
4.396949e-05
4.301732e-05
4.168691e-05
4.015456e-05
3.887253e-05
3.792534e-05
3.712288e-05
3.654081e-05
3.592460e-05
3.511530e-05
3.458524e-05
3.454928e-05
3.483024e-05
3.531118e-05
3.599849e-05
3.692278e-05
3.807209e-05
3.934274e-05
4.062669e-05
4.209477e-05
4.375771e-05
4.496240e-05
4.572566e-05
4.658706e-05
4.729288e-05
4.770201e-05
4.784649e-05
4.734437e-05
4.622545e-05
4.458962e-05
4.261209e-05
4.087007e-05
3.968725e-05
3.904423e-05
3.877172e-05
3.877363e-05
3.877431e-05
3.852447e-05
3.798904e-05
3.716392e-05
3.642100e-05
3.591430e-05
3.558495e-05
3.567531e-05
3.615613e-05
3.694297e-05
3.786554e-05
3.864896e-05
3.909644e-05
3.915333e-05
3.902901e-05
3.881994e-05
3.858236e-05
3.831843e-05
3.796526e-05
3.743058e-05
3.659835e-05
3.565459e-05
3.465928e-05
3.354437e-05
3.240528e-05
3.121565e-05
3.008784e-05
2.922807e-05
2.858069e-05
2.796716e-05
2.728912e-05
2.658526e-05
2.597816e-05
2.528932e-05
2.426847e-05
2.321460e-05
2.244838e-05
2.172182e-05
2.102118e-05
2.051011e-05
2.026606e-05
2.026757e-05
2.045571e-05
2.068383e-05
2.095108e-05
2.139861e-05
2.203327e-05
2.284387e-05
2.372379e-05
2.444611e-05
2.500044e-05
2.526400e-05
2.534041e-05
2.538630e-05
2.521836e-05
2.482616e-05
2.409540e-05
2.296520e-05
2.149109e-05
1.965415e-05
1.771209e-05
1.582684e-05
1.401916e-05
1.235940e-05
1.091851e-05
9.598228e-06
8.151419e-06
6.601197e-06
4.990471e-06
3.357987e-06
1.816620e-06
4.407387e-07
-6.013421e-07
-1.101254e-06
-1.144240e-06
-1.044587e-06
-9.973067e-07
-1.091763e-06
-1.485230e-06
-2.163390e-06
-3.023116e-06
-3.926060e-06
-4.759831e-06
-5.553012e-06
-6.257890e-06
-6.730588e-06
-6.979896e-06
-7.134780e-06
-7.374322e-06
-7.647073e-06
-7.822376e-06
-7.860700e-06
-7.758407e-06
-7.464690e-06
-6.823262e-06
-5.910520e-06
-4.998379e-06
-4.087242e-06
-3.118312e-06
-2.340494e-06
-1.926659e-06
-1.697925e-06
-1.495870e-06
-1.249915e-06
-7.827784e-07
-9.474956e-09
7.825125e-07
1.328754e-06
1.582840e-06
1.481333e-06
1.178629e-06
8.474070e-07
4.813658e-07
5.869282e-08
-4.037391e-07
-8.460027e-07
-1.140669e-06
-1.234856e-06
-1.120512e-06
-9.320371e-07
-7.905552e-07
-7.575005e-07
-8.415090e-07
-1.057305e-06
-1.341903e-06
-1.598307e-06
-1.867147e-06
-2.107784e-06
-2.288799e-06
-2.393178e-06
-2.367690e-06
-2.244815e-06
-2.101725e-06
-2.056139e-06
-2.048609e-06
-1.979008e-06
-1.848465e-06
-1.684260e-06
-1.471596e-06
-1.246493e-06
-1.057827e-06
-8.245694e-07
-5.003762e-07
-6.797324e-08
4.791251e-07
1.119369e-06
1.802740e-06
2.498150e-06
3.179827e-06
3.764213e-06
4.230166e-06
4.595201e-06
4.822016e-06
4.877146e-06
4.804571e-06
4.787197e-06
4.891400e-06
5.095621e-06
5.481732e-06
6.042042e-06
6.722107e-06
7.549303e-06
8.464184e-06
9.413459e-06
1.038705e-05
1.126996e-05
1.202775e-05
1.273554e-05
1.338014e-05
1.398490e-05
1.465439e-05
1.534404e-05
1.597263e-05
1.649562e-05
1.688149e-05
1.713244e-05
1.722264e-05
1.721100e-05
1.714055e-05
1.698596e-05
1.678309e-05
1.651541e-05
1.617415e-05
1.586253e-05
1.557087e-05
1.521011e-05
1.479108e-05
1.431751e-05
1.383480e-05
1.342291e-05
1.306605e-05
1.277637e-05
1.254214e-05
1.234084e-05
1.213244e-05
1.186077e-05
1.160287e-05
1.136879e-05
1.109949e-05
1.081234e-05
1.054325e-05
1.035355e-05
1.025062e-05
1.020036e-05
1.016679e-05
1.006396e-05
9.905294e-06
9.742750e-06
9.547830e-06
9.302257e-06
9.040464e-06
8.788490e-06
8.532768e-06
8.305126e-06
8.154990e-06
8.040850e-06
7.919731e-06
7.795112e-06
7.625040e-06
7.420833e-06
7.253221e-06
7.143303e-06
7.066990e-06
7.010359e-06
6.984591e-06
7.007734e-06
7.055910e-06
7.071328e-06
7.055819e-06
7.038703e-06
7.002582e-06
6.956262e-06
6.904800e-06
6.856470e-06
6.804226e-06
6.731570e-06
6.666820e-06
6.618160e-06
6.587590e-06
6.583127e-06
6.597889e-06
6.606594e-06
6.620445e-06
6.659383e-06
6.709353e-06
6.769983e-06
6.831999e-06
6.890930e-06
6.957954e-06
7.022092e-06
7.038834e-06
7.034218e-06
7.067223e-06
7.128603e-06
7.213250e-06
7.315553e-06
7.416987e-06
7.521765e-06
7.606033e-06
7.660659e-06
7.693843e-06
7.690203e-06
7.642349e-06
7.556885e-06
7.447804e-06
7.335717e-06
7.220289e-06
7.110902e-06
7.030033e-06
6.963987e-06
6.874519e-06
6.766006e-06
6.638160e-06
6.500934e-06
6.374594e-06
6.267339e-06
6.177054e-06
6.097717e-06
6.036783e-06
5.991493e-06
5.947600e-06
5.899997e-06
5.842208e-06
5.777172e-06
5.707857e-06
5.633399e-06
5.547929e-06
5.447274e-06
5.325754e-06
5.188007e-06
5.046821e-06
4.910163e-06
4.771836e-06
4.624620e-06
4.480613e-06
4.347739e-06
4.230848e-06
4.137058e-06
4.083580e-06
4.074332e-06
4.083403e-06
4.099547e-06
4.118084e-06
4.141110e-06
4.171692e-06
4.205530e-06
4.243001e-06
4.284082e-06
4.308422e-06
4.302655e-06
4.269473e-06
4.215510e-06
4.142764e-06
4.055515e-06
3.959068e-06
3.844241e-06
3.712562e-06
3.577714e-06
3.453223e-06
3.357435e-06
3.293531e-06
3.253528e-06
3.225474e-06
3.193846e-06
3.153279e-06
3.111171e-06
3.078276e-06
3.057157e-06
3.035953e-06
3.007546e-06
2.976053e-06
2.951191e-06
2.938568e-06
2.937280e-06
2.940843e-06
2.937931e-06
2.919855e-06
2.886887e-06
2.845586e-06
2.807292e-06
2.778018e-06
2.755893e-06
2.740085e-06
2.732979e-06
2.732201e-06
2.731159e-06
2.732137e-06
2.736156e-06
2.737048e-06
2.733310e-06
2.725599e-06
2.709734e-06
2.685694e-06
2.655858e-06
2.616910e-06
2.569859e-06
2.518652e-06
2.460481e-06
2.394049e-06
2.324615e-06
2.258447e-06
2.198001e-06
2.143001e-06
2.093093e-06
2.044648e-06
1.989021e-06
1.927836e-06
1.868079e-06
1.809917e-06
1.754313e-06
1.705119e-06
1.662169e-06
1.622320e-06
1.584581e-06
1.550735e-06
1.519290e-06
1.487209e-06
1.452433e-06
1.413587e-06
1.369712e-06
1.322267e-06
1.271862e-06
1.218135e-06
1.163125e-06
1.107482e-06
1.053093e-06
1.000810e-06
9.505182e-07
9.035451e-07
8.594119e-07
8.181845e-07
7.789726e-07
7.406247e-07
7.024516e-07
6.645139e-07
6.274206e-07
5.907453e-07
5.557158e-07
5.237293e-07
4.937579e-07
4.645036e-07
4.352813e-07
4.068719e-07
3.796555e-07
3.531562e-07
3.283136e-07
3.054720e-07
2.840675e-07
2.633687e-07
2.433289e-07
2.242276e-07
2.053534e-07
1.859886e-07
1.656090e-07
1.447484e-07
1.242820e-07
1.044205e-07
8.584316e-08
6.847778e-08
5.148405e-08
3.415989e-08
1.625061e-08
-1.953942e-09
-2.044954e-08
-3.939102e-08
-5.904918e-08
-7.974952e-08
-1.008948e-07
-1.220525e-07
-1.431933e-07
-1.636204e-07
-1.828438e-07
-2.013488e-07
-2.196485e-07
-2.378640e-07
-2.558416e-07
-2.735527e-07
-2.908950e-07
-3.079000e-07
-3.247222e-07
-3.416031e-07
-3.588241e-07
-3.764716e-07
-3.943704e-07
-4.123487e-07
-4.304698e-07
-4.487307e-07
-4.670812e-07
-4.856927e-07
-5.046974e-07
-5.240045e-07
-5.433483e-07
-5.625874e-07
-5.818446e-07
-6.012926e-07
-6.209747e-07
-6.408851e-07
-6.610238e-07
-6.812828e-07
-7.015742e-07
-7.218409e-07
-7.420995e-07
-7.623806e-07
-7.827050e-07
-8.031201e-07
-8.236607e-07
-8.443365e-07
-8.650828e-07
-8.858889e-07
-9.067415e-07
-9.276567e-07
-9.486477e-07
-9.696621e-07
-9.907022e-07
-1.011759e-06
-1.032849e-06
-1.053993e-06
-1.075175e-06
-1.096390e-06
-1.117616e-06
-1.138829e-06
-1.160019e-06
-1.181178e-06
-1.202327e-06
-1.223497e-06
-1.244683e-06
-1.265878e-06
-1.287088e-06
-1.308295e-06
-1.329504e-06
-1.350725e-06
-1.371964e-06
-1.393211e-06
-1.414454e-06
-1.435694e-06
-1.456936e-06
-1.478186e-06
-1.499444e-06
-1.520710e-06
-1.541987e-06
-1.563276e-06
-1.584577e-06
-1.605892e-06
-1.627222e-06
-1.648571e-06
-1.669938e-06
-1.691324e-06
-1.712729e-06
-1.734154e-06
-1.755598e-06
-1.777062e-06
-1.798545e-06
-1.820048e-06
-1.841569e-06
-1.863110e-06
-1.884670e-06
-1.906248e-06
-1.927844e-06
-1.949458e-06
-1.971090e-06
-1.992739e-06
-2.014405e-06
-2.036088e-06
-2.057787e-06
-2.079503e-06
