Running Groundmotion: WELL1p0_1_10_1
Initialization
Geometry Setup
Define Geometric Transformations
Define Materials and Sections
Define Rotational Springs for Plastic Hinge
Define Elements
Defining Nodes
Defining Node Mass
Defining Materials
Defining Sections
Defining Elements
Defining Shells
Defining Restraints/Constraints
Eigenvalue Analysis
T1 = 1.0300291734188343 s
T2 = 0.27830602177027425 s
T3 = 0.1414712305419576 s
T4 = 0.0999487754685053 s
T5 = 0.07967210269960497 s
T6 = 0.06875827421038397 s
T7 = 0.0625577855808697 s
 EigenVector Mode:1 Story:1             -0.03301812389395137465 
 EigenVector Mode:1 Story:2             -0.07657813783461020485 
 EigenVector Mode:1 Story:3             -0.12977542745429976323 
 EigenVector Mode:1 Story:4             -0.18914846203529830926 
 EigenVector Mode:1 Story:5             -0.25143838395481105108 
 EigenVector Mode:1 Story:6             -0.31381958387931807586 
 EigenVector Mode:1 Story:7             -0.37388478202206576473 
 EigenVector Mode:1 Story:8             -0.42977906164963797231 
 EigenVector Mode:2 Story:1              0.17317208614288312485 
 EigenVector Mode:2 Story:2              0.29457704168921872157 
 EigenVector Mode:2 Story:3              0.34401262535597759706 
 EigenVector Mode:2 Story:4              0.30424513713118944702 
 EigenVector Mode:2 Story:5              0.18137064380939224573 
 EigenVector Mode:2 Story:6              0.00211829857737824440 
 EigenVector Mode:2 Story:7             -0.19302520001208095524 
 EigenVector Mode:2 Story:8             -0.36081511168734398121 
 EigenVector Mode:3 Story:1             -0.29348470075766397436 
 EigenVector Mode:3 Story:2             -0.34629693279695444863 
 EigenVector Mode:3 Story:3             -0.14420892867904813728 
 EigenVector Mode:3 Story:4              0.15634260062313332096 
 EigenVector Mode:3 Story:5              0.32155397554405240612 
 EigenVector Mode:3 Story:6              0.22094747580129683873 
 EigenVector Mode:3 Story:7             -0.07211182288007697561 
 EigenVector Mode:3 Story:8             -0.33772482625194760741 
 EigenVector Mode:4 Story:1             -0.34008088028833416416 
 EigenVector Mode:4 Story:2             -0.15580948483353188050 
 EigenVector Mode:4 Story:3              0.25462589936119411904 
 EigenVector Mode:4 Story:4              0.30079049087575115973 
 EigenVector Mode:4 Story:5             -0.08008783105943427516 
 EigenVector Mode:4 Story:6             -0.33313514060653193205 
 EigenVector Mode:4 Story:7             -0.08666437592997779105 
 EigenVector Mode:4 Story:8              0.31160724207506862449 
 EigenVector Mode:5 Story:1             -0.34033977000137499713 
 EigenVector Mode:5 Story:2              0.09612380126777486655 
 EigenVector Mode:5 Story:3              0.31125392870759893693 
 EigenVector Mode:5 Story:4             -0.17032526245972870460 
 EigenVector Mode:5 Story:5             -0.28680638468560698540 
 EigenVector Mode:5 Story:6              0.21579684787256075973 
 EigenVector Mode:5 Story:7              0.22343978421886701025 
 EigenVector Mode:5 Story:8             -0.28794210856147400834 
 EigenVector Mode:6 Story:1             -0.28718870661197987149 
 EigenVector Mode:6 Story:2              0.29527696425626487331 
 EigenVector Mode:6 Story:3              0.01673735572125491927 
 EigenVector Mode:6 Story:4             -0.30649602884688459392 
 EigenVector Mode:6 Story:5              0.27276144009373637367 
 EigenVector Mode:6 Story:6              0.06565222089867629729 
 EigenVector Mode:6 Story:7             -0.31784906051132422178 
 EigenVector Mode:6 Story:8              0.24956243369241390417 
 EigenVector Mode:7 Story:1              0.20798431351575288883 
 EigenVector Mode:7 Story:2             -0.32911637243076641290 
 EigenVector Mode:7 Story:3              0.29261293315170477936 
 EigenVector Mode:7 Story:4             -0.10549249053875629778 
 EigenVector Mode:7 Story:5             -0.12708962088188191508 
 EigenVector Mode:7 Story:6              0.30574448876060217328 
 EigenVector Mode:7 Story:7             -0.32011874363183501213 
 EigenVector Mode:7 Story:8              0.19326531205405927949 
Rayleigh Damping
modalDamping Factors: 0.02 0.02 0.02 0.02 0.02 0.02 0.02 
Loads
Time Series
Recorder Setup
Display Results
Gravity Analysis
Gravity Analysis Success
Stiffness Check
Pushover Analysis
Cyclic Static Analysis
Time History Analysis
	Force units: kip 
	Length units: in
		0/8000 solved (0sec)
		1/8000 solved (0sec)
		2/8000 solved (0sec)
		3/8000 solved (0sec)
		4/8000 solved (0sec)
		5/8000 solved (0sec)
		6/8000 solved (0sec)
		7/8000 solved (1sec)
		8/8000 solved (1sec)
		9/8000 solved (1sec)
		10/8000 solved (1sec)
		11/8000 solved (1sec)
		12/8000 solved (1sec)
		13/8000 solved (1sec)
		14/8000 solved (1sec)
		15/8000 solved (1sec)
		16/8000 solved (1sec)
		17/8000 solved (1sec)
		18/8000 solved (1sec)
		19/8000 solved (1sec)
		20/8000 solved (1sec)
		21/8000 solved (1sec)
		22/8000 solved (1sec)
		23/8000 solved (1sec)
		24/8000 solved (1sec)
		25/8000 solved (1sec)
		26/8000 solved (1sec)
		27/8000 solved (2sec)
		28/8000 solved (2sec)
		29/8000 solved (2sec)
		30/8000 solved (2sec)
		31/8000 solved (2sec)
		32/8000 solved (2sec)
		33/8000 solved (2sec)
		34/8000 solved (2sec)
		35/8000 solved (2sec)
		36/8000 solved (2sec)
		37/8000 solved (2sec)
		38/8000 solved (2sec)
		39/8000 solved (2sec)
		40/8000 solved (2sec)
		41/8000 solved (2sec)
		42/8000 solved (2sec)
		43/8000 solved (2sec)
		44/8000 solved (2sec)
		45/8000 solved (2sec)
		46/8000 solved (2sec)
		47/8000 solved (3sec)
		48/8000 solved (3sec)
		49/8000 solved (3sec)
		50/8000 solved (3sec)
		51/8000 solved (3sec)
		52/8000 solved (3sec)
		53/8000 solved (3sec)
		54/8000 solved (3sec)
		55/8000 solved (3sec)
		56/8000 solved (3sec)
		57/8000 solved (3sec)
		58/8000 solved (3sec)
		59/8000 solved (3sec)
		60/8000 solved (3sec)
		61/8000 solved (3sec)
		62/8000 solved (3sec)
		63/8000 solved (3sec)
		64/8000 solved (3sec)
		65/8000 solved (3sec)
		66/8000 solved (3sec)
		67/8000 solved (4sec)
		68/8000 solved (4sec)
		69/8000 solved (4sec)
		70/8000 solved (4sec)
		71/8000 solved (4sec)
		72/8000 solved (4sec)
		73/8000 solved (4sec)
		74/8000 solved (4sec)
		75/8000 solved (4sec)
		76/8000 solved (4sec)
		77/8000 solved (4sec)
		78/8000 solved (4sec)
		79/8000 solved (4sec)
		80/8000 solved (4sec)
		81/8000 solved (4sec)
		82/8000 solved (5sec)
		83/8000 solved (5sec)
		84/8000 solved (5sec)
		85/8000 solved (5sec)
		86/8000 solved (5sec)
		87/8000 solved (5sec)
		88/8000 solved (5sec)
		89/8000 solved (5sec)
		90/8000 solved (5sec)
		91/8000 solved (5sec)
		92/8000 solved (5sec)
		93/8000 solved (5sec)
		94/8000 solved (5sec)
		95/8000 solved (5sec)
		96/8000 solved (5sec)
		97/8000 solved (6sec)
		98/8000 solved (6sec)
		99/8000 solved (6sec)
		100/8000 solved (6sec)
		101/8000 solved (6sec)
		102/8000 solved (6sec)
		103/8000 solved (6sec)
		104/8000 solved (6sec)
		105/8000 solved (6sec)
		106/8000 solved (6sec)
		107/8000 solved (6sec)
		108/8000 solved (6sec)
		109/8000 solved (6sec)
		110/8000 solved (6sec)
		111/8000 solved (6sec)
		112/8000 solved (6sec)
		113/8000 solved (7sec)
		114/8000 solved (7sec)
		115/8000 solved (7sec)
		116/8000 solved (7sec)
		117/8000 solved (7sec)
		118/8000 solved (7sec)
		119/8000 solved (7sec)
		120/8000 solved (7sec)
		121/8000 solved (7sec)
		122/8000 solved (7sec)
		123/8000 solved (7sec)
		124/8000 solved (7sec)
		125/8000 solved (7sec)
		126/8000 solved (7sec)
		127/8000 solved (7sec)
		128/8000 solved (8sec)
		129/8000 solved (8sec)
		130/8000 solved (8sec)
		131/8000 solved (8sec)
		132/8000 solved (8sec)
		133/8000 solved (8sec)
		134/8000 solved (8sec)
		135/8000 solved (8sec)
		136/8000 solved (8sec)
		137/8000 solved (8sec)
		138/8000 solved (8sec)
		139/8000 solved (8sec)
		140/8000 solved (8sec)
		141/8000 solved (8sec)
		142/8000 solved (8sec)
		143/8000 solved (9sec)
		144/8000 solved (9sec)
		145/8000 solved (9sec)
		146/8000 solved (9sec)
		147/8000 solved (9sec)
		148/8000 solved (9sec)
		149/8000 solved (9sec)
		150/8000 solved (9sec)
		151/8000 solved (9sec)
		152/8000 solved (9sec)
		153/8000 solved (9sec)
		154/8000 solved (9sec)
		155/8000 solved (9sec)
		156/8000 solved (9sec)
		157/8000 solved (9sec)
		158/8000 solved (10sec)
		159/8000 solved (10sec)
		160/8000 solved (10sec)
		161/8000 solved (10sec)
		162/8000 solved (10sec)
		163/8000 solved (10sec)
		164/8000 solved (10sec)
		165/8000 solved (10sec)
		166/8000 solved (10sec)
		167/8000 solved (10sec)
		168/8000 solved (10sec)
		169/8000 solved (10sec)
		170/8000 solved (10sec)
		171/8000 solved (10sec)
		172/8000 solved (10sec)
		173/8000 solved (11sec)
		174/8000 solved (11sec)
		175/8000 solved (11sec)
		176/8000 solved (11sec)
		177/8000 solved (11sec)
		178/8000 solved (11sec)
		179/8000 solved (11sec)
		180/8000 solved (11sec)
		181/8000 solved (11sec)
		182/8000 solved (11sec)
		183/8000 solved (11sec)
		184/8000 solved (11sec)
		185/8000 solved (11sec)
		186/8000 solved (11sec)
		187/8000 solved (11sec)
		188/8000 solved (12sec)
		189/8000 solved (12sec)
		190/8000 solved (12sec)
		191/8000 solved (12sec)
		192/8000 solved (12sec)
		193/8000 solved (12sec)
		194/8000 solved (12sec)
		195/8000 solved (12sec)
		196/8000 solved (12sec)
		197/8000 solved (12sec)
		198/8000 solved (12sec)
		199/8000 solved (12sec)
		200/8000 solved (12sec)
		201/8000 solved (12sec)
		202/8000 solved (12sec)
		203/8000 solved (13sec)
		204/8000 solved (13sec)
		205/8000 solved (13sec)
		206/8000 solved (13sec)
		207/8000 solved (13sec)
		208/8000 solved (13sec)
		209/8000 solved (13sec)
		210/8000 solved (13sec)
		211/8000 solved (13sec)
		212/8000 solved (13sec)
		213/8000 solved (13sec)
		214/8000 solved (13sec)
		215/8000 solved (13sec)
		216/8000 solved (13sec)
		217/8000 solved (13sec)
		218/8000 solved (14sec)
		219/8000 solved (14sec)
		220/8000 solved (14sec)
		221/8000 solved (14sec)
		222/8000 solved (14sec)
		223/8000 solved (14sec)
		224/8000 solved (14sec)
		225/8000 solved (14sec)
		226/8000 solved (14sec)
		227/8000 solved (14sec)
		228/8000 solved (14sec)
		229/8000 solved (14sec)
		230/8000 solved (14sec)
		231/8000 solved (14sec)
		232/8000 solved (15sec)
		233/8000 solved (15sec)
		234/8000 solved (15sec)
		235/8000 solved (15sec)
		236/8000 solved (15sec)
		237/8000 solved (15sec)
		238/8000 solved (15sec)
		239/8000 solved (15sec)
		240/8000 solved (15sec)
		241/8000 solved (15sec)
		242/8000 solved (15sec)
		243/8000 solved (15sec)
		244/8000 solved (15sec)
		245/8000 solved (15sec)
		246/8000 solved (15sec)
		247/8000 solved (16sec)
		248/8000 solved (16sec)
		249/8000 solved (16sec)
		250/8000 solved (16sec)
		251/8000 solved (16sec)
		252/8000 solved (16sec)
		253/8000 solved (16sec)
		254/8000 solved (16sec)
		255/8000 solved (16sec)
		256/8000 solved (16sec)
		257/8000 solved (16sec)
		258/8000 solved (16sec)
		259/8000 solved (16sec)
		260/8000 solved (16sec)
		261/8000 solved (16sec)
		262/8000 solved (17sec)
		263/8000 solved (17sec)
		264/8000 solved (17sec)
		265/8000 solved (17sec)
		266/8000 solved (17sec)
		267/8000 solved (17sec)
		268/8000 solved (17sec)
		269/8000 solved (17sec)
		270/8000 solved (17sec)
		271/8000 solved (17sec)
		272/8000 solved (17sec)
		273/8000 solved (17sec)
		274/8000 solved (17sec)
		275/8000 solved (17sec)
		276/8000 solved (17sec)
		277/8000 solved (18sec)
		278/8000 solved (18sec)
		279/8000 solved (18sec)
		280/8000 solved (18sec)
		281/8000 solved (18sec)
		282/8000 solved (18sec)
		283/8000 solved (18sec)
		284/8000 solved (18sec)
		285/8000 solved (18sec)
		286/8000 solved (18sec)
		287/8000 solved (18sec)
		288/8000 solved (18sec)
		289/8000 solved (18sec)
		290/8000 solved (18sec)
		291/8000 solved (19sec)
		292/8000 solved (19sec)
		293/8000 solved (19sec)
		294/8000 solved (19sec)
		295/8000 solved (19sec)
		296/8000 solved (19sec)
		297/8000 solved (19sec)
		298/8000 solved (19sec)
		299/8000 solved (19sec)
		300/8000 solved (19sec)
		301/8000 solved (19sec)
		302/8000 solved (19sec)
		303/8000 solved (19sec)
		304/8000 solved (19sec)
		305/8000 solved (19sec)
		306/8000 solved (20sec)
		307/8000 solved (20sec)
		308/8000 solved (20sec)
		309/8000 solved (20sec)
		310/8000 solved (20sec)
		311/8000 solved (20sec)
		312/8000 solved (20sec)
		313/8000 solved (20sec)
		314/8000 solved (20sec)
		315/8000 solved (20sec)
		316/8000 solved (20sec)
		317/8000 solved (20sec)
		318/8000 solved (20sec)
		319/8000 solved (20sec)
		320/8000 solved (20sec)
		321/8000 solved (21sec)
		322/8000 solved (21sec)
		323/8000 solved (21sec)
		324/8000 solved (21sec)
		325/8000 solved (21sec)
		326/8000 solved (21sec)
		327/8000 solved (21sec)
		328/8000 solved (21sec)
		329/8000 solved (21sec)
		330/8000 solved (21sec)
		331/8000 solved (21sec)
		332/8000 solved (21sec)
		333/8000 solved (21sec)
		334/8000 solved (21sec)
		335/8000 solved (22sec)
		336/8000 solved (22sec)
		337/8000 solved (22sec)
		338/8000 solved (22sec)
		339/8000 solved (22sec)
		340/8000 solved (22sec)
		341/8000 solved (22sec)
		342/8000 solved (22sec)
		343/8000 solved (22sec)
		344/8000 solved (22sec)
		345/8000 solved (22sec)
		346/8000 solved (22sec)
		347/8000 solved (22sec)
		348/8000 solved (22sec)
		349/8000 solved (23sec)
		350/8000 solved (23sec)
		351/8000 solved (23sec)
		352/8000 solved (23sec)
		353/8000 solved (23sec)
		354/8000 solved (23sec)
		355/8000 solved (23sec)
		356/8000 solved (23sec)
		357/8000 solved (23sec)
		358/8000 solved (23sec)
		359/8000 solved (23sec)
		360/8000 solved (23sec)
		361/8000 solved (23sec)
		362/8000 solved (23sec)
		363/8000 solved (23sec)
		364/8000 solved (24sec)
		365/8000 solved (24sec)
		366/8000 solved (24sec)
		367/8000 solved (24sec)
		368/8000 solved (24sec)
		369/8000 solved (24sec)
		370/8000 solved (24sec)
		371/8000 solved (24sec)
		372/8000 solved (24sec)
		373/8000 solved (24sec)
		374/8000 solved (24sec)
		375/8000 solved (24sec)
		376/8000 solved (24sec)
		377/8000 solved (24sec)
		378/8000 solved (25sec)
		379/8000 solved (25sec)
		380/8000 solved (25sec)
		381/8000 solved (25sec)
		382/8000 solved (25sec)
		383/8000 solved (25sec)
		384/8000 solved (25sec)
		385/8000 solved (25sec)
		386/8000 solved (25sec)
		387/8000 solved (25sec)
		388/8000 solved (25sec)
		389/8000 solved (25sec)
		390/8000 solved (25sec)
		391/8000 solved (25sec)
		392/8000 solved (25sec)
		393/8000 solved (26sec)
		394/8000 solved (26sec)
		395/8000 solved (26sec)
		396/8000 solved (26sec)
		397/8000 solved (26sec)
		398/8000 solved (26sec)
		399/8000 solved (26sec)
		400/8000 solved (26sec)
		401/8000 solved (26sec)
		402/8000 solved (26sec)
		403/8000 solved (26sec)
		404/8000 solved (26sec)
		405/8000 solved (26sec)
		406/8000 solved (26sec)
		407/8000 solved (26sec)
		408/8000 solved (27sec)
		409/8000 solved (27sec)
		410/8000 solved (27sec)
		411/8000 solved (27sec)
		412/8000 solved (27sec)
		413/8000 solved (27sec)
		414/8000 solved (27sec)
		415/8000 solved (27sec)
		416/8000 solved (27sec)
		417/8000 solved (27sec)
		418/8000 solved (27sec)
		419/8000 solved (27sec)
		420/8000 solved (27sec)
		421/8000 solved (27sec)
		422/8000 solved (28sec)
		423/8000 solved (28sec)
		424/8000 solved (28sec)
		425/8000 solved (28sec)
		426/8000 solved (28sec)
		427/8000 solved (28sec)
		428/8000 solved (28sec)
		429/8000 solved (28sec)
		430/8000 solved (28sec)
		431/8000 solved (28sec)
		432/8000 solved (28sec)
		433/8000 solved (28sec)
		434/8000 solved (28sec)
		435/8000 solved (28sec)
		436/8000 solved (28sec)
		437/8000 solved (29sec)
		438/8000 solved (29sec)
		439/8000 solved (29sec)
		440/8000 solved (29sec)
		441/8000 solved (29sec)
		442/8000 solved (29sec)
		443/8000 solved (29sec)
		444/8000 solved (29sec)
		445/8000 solved (29sec)
		446/8000 solved (29sec)
		447/8000 solved (29sec)
		448/8000 solved (29sec)
		449/8000 solved (29sec)
		450/8000 solved (29sec)
		451/8000 solved (30sec)
		452/8000 solved (30sec)
		453/8000 solved (30sec)
		454/8000 solved (30sec)
		455/8000 solved (30sec)
		456/8000 solved (30sec)
		457/8000 solved (30sec)
		458/8000 solved (30sec)
		459/8000 solved (30sec)
		460/8000 solved (30sec)
		461/8000 solved (30sec)
		462/8000 solved (30sec)
		463/8000 solved (30sec)
		464/8000 solved (30sec)
		465/8000 solved (30sec)
		466/8000 solved (31sec)
		467/8000 solved (31sec)
		468/8000 solved (31sec)
		469/8000 solved (31sec)
		470/8000 solved (31sec)
		471/8000 solved (31sec)
		472/8000 solved (31sec)
		473/8000 solved (31sec)
		474/8000 solved (31sec)
		475/8000 solved (31sec)
		476/8000 solved (31sec)
		477/8000 solved (31sec)
		478/8000 solved (31sec)
		479/8000 solved (31sec)
		480/8000 solved (32sec)
		481/8000 solved (32sec)
		482/8000 solved (32sec)
		483/8000 solved (32sec)
		484/8000 solved (32sec)
		485/8000 solved (32sec)
		486/8000 solved (32sec)
		487/8000 solved (32sec)
		488/8000 solved (32sec)
		489/8000 solved (32sec)
		490/8000 solved (32sec)
		491/8000 solved (32sec)
		492/8000 solved (32sec)
		493/8000 solved (32sec)
		494/8000 solved (32sec)
		495/8000 solved (33sec)
		496/8000 solved (33sec)
		497/8000 solved (33sec)
		498/8000 solved (33sec)
		499/8000 solved (33sec)
		500/8000 solved (33sec)
		501/8000 solved (33sec)
		502/8000 solved (33sec)
		503/8000 solved (33sec)
		504/8000 solved (33sec)
		505/8000 solved (33sec)
		506/8000 solved (33sec)
		507/8000 solved (33sec)
		508/8000 solved (33sec)
		509/8000 solved (34sec)
		510/8000 solved (34sec)
		511/8000 solved (34sec)
		512/8000 solved (34sec)
		513/8000 solved (34sec)
		514/8000 solved (34sec)
		515/8000 solved (34sec)
		516/8000 solved (34sec)
		517/8000 solved (34sec)
		518/8000 solved (34sec)
		519/8000 solved (34sec)
		520/8000 solved (34sec)
		521/8000 solved (34sec)
		522/8000 solved (34sec)
		523/8000 solved (34sec)
		524/8000 solved (35sec)
		525/8000 solved (35sec)
		526/8000 solved (35sec)
		527/8000 solved (35sec)
		528/8000 solved (35sec)
		529/8000 solved (35sec)
		530/8000 solved (35sec)
		531/8000 solved (35sec)
		532/8000 solved (35sec)
		533/8000 solved (35sec)
		534/8000 solved (35sec)
		535/8000 solved (35sec)
		536/8000 solved (35sec)
		537/8000 solved (35sec)
		538/8000 solved (35sec)
		539/8000 solved (36sec)
		540/8000 solved (36sec)
		541/8000 solved (36sec)
		542/8000 solved (36sec)
		543/8000 solved (36sec)
		544/8000 solved (36sec)
		545/8000 solved (36sec)
		546/8000 solved (36sec)
		547/8000 solved (36sec)
		548/8000 solved (36sec)
		549/8000 solved (36sec)
		550/8000 solved (36sec)
		551/8000 solved (36sec)
		552/8000 solved (36sec)
		553/8000 solved (37sec)
		554/8000 solved (37sec)
		555/8000 solved (37sec)
		556/8000 solved (37sec)
		557/8000 solved (37sec)
		558/8000 solved (37sec)
		559/8000 solved (37sec)
		560/8000 solved (37sec)
		561/8000 solved (37sec)
		562/8000 solved (37sec)
		563/8000 solved (37sec)
		564/8000 solved (37sec)
		565/8000 solved (37sec)
		566/8000 solved (37sec)
		567/8000 solved (37sec)
		568/8000 solved (38sec)
		569/8000 solved (38sec)
		570/8000 solved (38sec)
		571/8000 solved (38sec)
		572/8000 solved (38sec)
		573/8000 solved (38sec)
		574/8000 solved (38sec)
		575/8000 solved (38sec)
		576/8000 solved (38sec)
		577/8000 solved (38sec)
		578/8000 solved (38sec)
		579/8000 solved (38sec)
		580/8000 solved (38sec)
		581/8000 solved (38sec)
		582/8000 solved (38sec)
		583/8000 solved (39sec)
		584/8000 solved (39sec)
		585/8000 solved (39sec)
		586/8000 solved (39sec)
		587/8000 solved (39sec)
		588/8000 solved (39sec)
		589/8000 solved (39sec)
		590/8000 solved (39sec)
		591/8000 solved (39sec)
		592/8000 solved (39sec)
		593/8000 solved (39sec)
		594/8000 solved (39sec)
		595/8000 solved (39sec)
		596/8000 solved (39sec)
		597/8000 solved (40sec)
		598/8000 solved (40sec)
		599/8000 solved (40sec)
		600/8000 solved (40sec)
		601/8000 solved (40sec)
		602/8000 solved (40sec)
		603/8000 solved (40sec)
		604/8000 solved (40sec)
		605/8000 solved (40sec)
		606/8000 solved (40sec)
		607/8000 solved (40sec)
		608/8000 solved (40sec)
		609/8000 solved (40sec)
		610/8000 solved (40sec)
		611/8000 solved (40sec)
		612/8000 solved (41sec)
		613/8000 solved (41sec)
		614/8000 solved (41sec)
		615/8000 solved (41sec)
		616/8000 solved (41sec)
		617/8000 solved (41sec)
		618/8000 solved (41sec)
		619/8000 solved (41sec)
		620/8000 solved (41sec)
		621/8000 solved (41sec)
		622/8000 solved (41sec)
		623/8000 solved (41sec)
		624/8000 solved (41sec)
		625/8000 solved (41sec)
		626/8000 solved (42sec)
		627/8000 solved (42sec)
		628/8000 solved (42sec)
		629/8000 solved (42sec)
		630/8000 solved (42sec)
		631/8000 solved (42sec)
		632/8000 solved (42sec)
		633/8000 solved (42sec)
		634/8000 solved (42sec)
		635/8000 solved (42sec)
		636/8000 solved (42sec)
		637/8000 solved (42sec)
		638/8000 solved (42sec)
		639/8000 solved (42sec)
		640/8000 solved (42sec)
		641/8000 solved (43sec)
		642/8000 solved (43sec)
		643/8000 solved (43sec)
		644/8000 solved (43sec)
		645/8000 solved (43sec)
		646/8000 solved (43sec)
		647/8000 solved (43sec)
		648/8000 solved (43sec)
		649/8000 solved (43sec)
		650/8000 solved (43sec)
		651/8000 solved (43sec)
		652/8000 solved (43sec)
		653/8000 solved (43sec)
		654/8000 solved (43sec)
		655/8000 solved (44sec)
		656/8000 solved (44sec)
		657/8000 solved (44sec)
		658/8000 solved (44sec)
		659/8000 solved (44sec)
		660/8000 solved (44sec)
		661/8000 solved (44sec)
		662/8000 solved (44sec)
		663/8000 solved (44sec)
		664/8000 solved (44sec)
		665/8000 solved (44sec)
		666/8000 solved (44sec)
		667/8000 solved (45sec)
		668/8000 solved (45sec)
		669/8000 solved (45sec)
		670/8000 solved (45sec)
		671/8000 solved (45sec)
		672/8000 solved (45sec)
		673/8000 solved (45sec)
		674/8000 solved (45sec)
		675/8000 solved (45sec)
		676/8000 solved (45sec)
		677/8000 solved (45sec)
		678/8000 solved (45sec)
		679/8000 solved (46sec)
		680/8000 solved (46sec)
		681/8000 solved (46sec)
		682/8000 solved (46sec)
		683/8000 solved (46sec)
		684/8000 solved (46sec)
		685/8000 solved (46sec)
		686/8000 solved (46sec)
		687/8000 solved (46sec)
		688/8000 solved (46sec)
		689/8000 solved (46sec)
		690/8000 solved (46sec)
		691/8000 solved (46sec)
		692/8000 solved (47sec)
		693/8000 solved (47sec)
		694/8000 solved (47sec)
		695/8000 solved (47sec)
		696/8000 solved (47sec)
		697/8000 solved (47sec)
		698/8000 solved (47sec)
		699/8000 solved (47sec)
		700/8000 solved (47sec)
		701/8000 solved (47sec)
		702/8000 solved (47sec)
		703/8000 solved (47sec)
		704/8000 solved (47sec)
		705/8000 solved (48sec)
		706/8000 solved (48sec)
		707/8000 solved (48sec)
		708/8000 solved (48sec)
		709/8000 solved (48sec)
		710/8000 solved (48sec)
		711/8000 solved (48sec)
		712/8000 solved (48sec)
		713/8000 solved (48sec)
		714/8000 solved (48sec)
		715/8000 solved (48sec)
		716/8000 solved (48sec)
		717/8000 solved (48sec)
		718/8000 solved (49sec)
		719/8000 solved (49sec)
		720/8000 solved (49sec)
		721/8000 solved (49sec)
		722/8000 solved (49sec)
		723/8000 solved (49sec)
		724/8000 solved (49sec)
		725/8000 solved (49sec)
		726/8000 solved (49sec)
		727/8000 solved (49sec)
		728/8000 solved (49sec)
		729/8000 solved (49sec)
		730/8000 solved (49sec)
		731/8000 solved (50sec)
		732/8000 solved (50sec)
		733/8000 solved (50sec)
		734/8000 solved (50sec)
		735/8000 solved (50sec)
		736/8000 solved (50sec)
		737/8000 solved (50sec)
		738/8000 solved (50sec)
		739/8000 solved (50sec)
		740/8000 solved (50sec)
		741/8000 solved (51sec)
		742/8000 solved (51sec)
		743/8000 solved (51sec)
		744/8000 solved (51sec)
		745/8000 solved (51sec)
		746/8000 solved (51sec)
		747/8000 solved (51sec)
		748/8000 solved (51sec)
		749/8000 solved (51sec)
		750/8000 solved (51sec)
		751/8000 solved (52sec)
		752/8000 solved (52sec)
		753/8000 solved (52sec)
		754/8000 solved (52sec)
		755/8000 solved (52sec)
		756/8000 solved (52sec)
		757/8000 solved (52sec)
		758/8000 solved (52sec)
		759/8000 solved (52sec)
		760/8000 solved (53sec)
		761/8000 solved (53sec)
		762/8000 solved (53sec)
		763/8000 solved (53sec)
		764/8000 solved (53sec)
		765/8000 solved (53sec)
		766/8000 solved (53sec)
		767/8000 solved (53sec)
		768/8000 solved (53sec)
		769/8000 solved (54sec)
		770/8000 solved (54sec)
		771/8000 solved (54sec)
		772/8000 solved (54sec)
		773/8000 solved (54sec)
		774/8000 solved (55sec)
		775/8000 solved (55sec)
		776/8000 solved (55sec)
		777/8000 solved (55sec)
		778/8000 solved (55sec)
		779/8000 solved (55sec)
		780/8000 solved (55sec)
		781/8000 solved (56sec)
		782/8000 solved (56sec)
		783/8000 solved (56sec)
		784/8000 solved (56sec)
		785/8000 solved (56sec)
		786/8000 solved (56sec)
		787/8000 solved (56sec)
		788/8000 solved (57sec)
		789/8000 solved (57sec)
		790/8000 solved (57sec)
		791/8000 solved (57sec)
		792/8000 solved (57sec)
		793/8000 solved (57sec)
		794/8000 solved (58sec)
		795/8000 solved (58sec)
		796/8000 solved (58sec)
		797/8000 solved (58sec)
		798/8000 solved (58sec)
		799/8000 solved (58sec)
		800/8000 solved (58sec)
		801/8000 solved (58sec)
		802/8000 solved (58sec)
		803/8000 solved (58sec)
		804/8000 solved (58sec)
		805/8000 solved (58sec)
		806/8000 solved (59sec)
		807/8000 solved (59sec)
		808/8000 solved (59sec)
		809/8000 solved (59sec)
		810/8000 solved (59sec)
		811/8000 solved (59sec)
		812/8000 solved (59sec)
		813/8000 solved (59sec)
		814/8000 solved (59sec)
		815/8000 solved (59sec)
		816/8000 solved (59sec)
		817/8000 solved (1min 0sec)
		818/8000 solved (1min 0sec)
		819/8000 solved (1min 0sec)
		820/8000 solved (1min 0sec)
		821/8000 solved (1min 0sec)
		822/8000 solved (1min 0sec)
		823/8000 solved (1min 0sec)
		824/8000 solved (1min 0sec)
		825/8000 solved (1min 0sec)
		826/8000 solved (1min 1sec)
		827/8000 solved (1min 1sec)
		828/8000 solved (1min 1sec)
		829/8000 solved (1min 1sec)
		830/8000 solved (1min 1sec)
		831/8000 solved (1min 1sec)
		832/8000 solved (1min 1sec)
		833/8000 solved (1min 1sec)
		834/8000 solved (1min 1sec)
		835/8000 solved (1min 1sec)
		836/8000 solved (1min 1sec)
		837/8000 solved (1min 2sec)
		838/8000 solved (1min 2sec)
		839/8000 solved (1min 2sec)
		840/8000 solved (1min 2sec)
		841/8000 solved (1min 2sec)
		842/8000 solved (1min 2sec)
		843/8000 solved (1min 2sec)
		844/8000 solved (1min 2sec)
		845/8000 solved (1min 2sec)
		846/8000 solved (1min 3sec)
		847/8000 solved (1min 3sec)
		848/8000 solved (1min 3sec)
		849/8000 solved (1min 3sec)
		850/8000 solved (1min 3sec)
		851/8000 solved (1min 3sec)
		852/8000 solved (1min 3sec)
		853/8000 solved (1min 4sec)
		854/8000 solved (1min 4sec)
		855/8000 solved (1min 4sec)
		856/8000 solved (1min 4sec)
		857/8000 solved (1min 4sec)
		858/8000 solved (1min 4sec)
		859/8000 solved (1min 5sec)
		860/8000 solved (1min 5sec)
		861/8000 solved (1min 5sec)
		862/8000 solved (1min 5sec)
		863/8000 solved (1min 5sec)
		864/8000 solved (1min 5sec)
		865/8000 solved (1min 5sec)
		866/8000 solved (1min 5sec)
		867/8000 solved (1min 5sec)
		868/8000 solved (1min 6sec)
		869/8000 solved (1min 6sec)
		870/8000 solved (1min 6sec)
		871/8000 solved (1min 6sec)
		872/8000 solved (1min 6sec)
		873/8000 solved (1min 6sec)
		874/8000 solved (1min 7sec)
		875/8000 solved (1min 7sec)
		876/8000 solved (1min 7sec)
		877/8000 solved (1min 7sec)
		878/8000 solved (1min 7sec)
		879/8000 solved (1min 7sec)
		880/8000 solved (1min 8sec)
		881/8000 solved (1min 8sec)
		882/8000 solved (1min 8sec)
		883/8000 solved (1min 8sec)
		884/8000 solved (1min 8sec)
		885/8000 solved (1min 9sec)
		886/8000 solved (1min 9sec)
		887/8000 solved (1min 9sec)
		888/8000 solved (1min 9sec)
		889/8000 solved (1min 9sec)
		890/8000 solved (1min 9sec)
		891/8000 solved (1min 10sec)
		892/8000 solved (1min 10sec)
		893/8000 solved (1min 10sec)
		894/8000 solved (1min 10sec)
		895/8000 solved (1min 10sec)
		896/8000 solved (1min 10sec)
		897/8000 solved (1min 10sec)
		898/8000 solved (1min 10sec)
		899/8000 solved (1min 10sec)
		900/8000 solved (1min 10sec)
		901/8000 solved (1min 11sec)
		902/8000 solved (1min 11sec)
		903/8000 solved (1min 11sec)
		904/8000 solved (1min 11sec)
		905/8000 solved (1min 11sec)
		906/8000 solved (1min 11sec)
		907/8000 solved (1min 11sec)
		908/8000 solved (1min 11sec)
		909/8000 solved (1min 11sec)
		910/8000 solved (1min 11sec)
		911/8000 solved (1min 11sec)
		912/8000 solved (1min 11sec)
		913/8000 solved (1min 11sec)
		914/8000 solved (1min 12sec)
		915/8000 solved (1min 12sec)
		916/8000 solved (1min 12sec)
		917/8000 solved (1min 12sec)
		918/8000 solved (1min 12sec)
		919/8000 solved (1min 12sec)
		920/8000 solved (1min 12sec)
		921/8000 solved (1min 12sec)
		922/8000 solved (1min 12sec)
		923/8000 solved (1min 13sec)
		924/8000 solved (1min 13sec)
		925/8000 solved (1min 13sec)
		926/8000 solved (1min 13sec)
		927/8000 solved (1min 13sec)
		928/8000 solved (1min 13sec)
		929/8000 solved (1min 13sec)
		930/8000 solved (1min 13sec)
		931/8000 solved (1min 13sec)
		932/8000 solved (1min 13sec)
		933/8000 solved (1min 14sec)
		934/8000 solved (1min 14sec)
		935/8000 solved (1min 14sec)
		936/8000 solved (1min 14sec)
		937/8000 solved (1min 14sec)
		938/8000 solved (1min 14sec)
		939/8000 solved (1min 14sec)
		940/8000 solved (1min 14sec)
		941/8000 solved (1min 14sec)
		942/8000 solved (1min 15sec)
		943/8000 solved (1min 15sec)
		944/8000 solved (1min 15sec)
		945/8000 solved (1min 15sec)
		946/8000 solved (1min 15sec)
		947/8000 solved (1min 15sec)
		948/8000 solved (1min 15sec)
		949/8000 solved (1min 15sec)
		950/8000 solved (1min 15sec)
		951/8000 solved (1min 16sec)
		952/8000 solved (1min 16sec)
		953/8000 solved (1min 16sec)
		954/8000 solved (1min 16sec)
		955/8000 solved (1min 16sec)
		956/8000 solved (1min 16sec)
		957/8000 solved (1min 16sec)
		958/8000 solved (1min 16sec)
		959/8000 solved (1min 16sec)
		960/8000 solved (1min 17sec)
		961/8000 solved (1min 17sec)
		962/8000 solved (1min 17sec)
		963/8000 solved (1min 17sec)
		964/8000 solved (1min 17sec)
		965/8000 solved (1min 17sec)
		966/8000 solved (1min 17sec)
		967/8000 solved (1min 17sec)
		968/8000 solved (1min 17sec)
		969/8000 solved (1min 18sec)
		970/8000 solved (1min 18sec)
		971/8000 solved (1min 18sec)
		972/8000 solved (1min 18sec)
		973/8000 solved (1min 18sec)
		974/8000 solved (1min 18sec)
		975/8000 solved (1min 18sec)
		976/8000 solved (1min 18sec)
		977/8000 solved (1min 18sec)
		978/8000 solved (1min 19sec)
		979/8000 solved (1min 19sec)
		980/8000 solved (1min 19sec)
		981/8000 solved (1min 19sec)
		982/8000 solved (1min 19sec)
		983/8000 solved (1min 19sec)
		984/8000 solved (1min 19sec)
		985/8000 solved (1min 19sec)
		986/8000 solved (1min 19sec)
		987/8000 solved (1min 20sec)
		988/8000 solved (1min 20sec)
		989/8000 solved (1min 20sec)
		990/8000 solved (1min 20sec)
		991/8000 solved (1min 20sec)
		992/8000 solved (1min 20sec)
		993/8000 solved (1min 20sec)
		994/8000 solved (1min 20sec)
		995/8000 solved (1min 20sec)
		996/8000 solved (1min 21sec)
		997/8000 solved (1min 21sec)
		998/8000 solved (1min 21sec)
		999/8000 solved (1min 21sec)
		1000/8000 solved (1min 21sec)
		1001/8000 solved (1min 21sec)
		1002/8000 solved (1min 21sec)
		1003/8000 solved (1min 21sec)
		1004/8000 solved (1min 21sec)
		1005/8000 solved (1min 21sec)
		1006/8000 solved (1min 22sec)
		1007/8000 solved (1min 22sec)
		1008/8000 solved (1min 22sec)
		1009/8000 solved (1min 22sec)
		1010/8000 solved (1min 22sec)
		1011/8000 solved (1min 22sec)
		1012/8000 solved (1min 22sec)
		1013/8000 solved (1min 22sec)
		1014/8000 solved (1min 22sec)
		1015/8000 solved (1min 22sec)
		1016/8000 solved (1min 23sec)
		1017/8000 solved (1min 23sec)
		1018/8000 solved (1min 23sec)
		1019/8000 solved (1min 23sec)
		1020/8000 solved (1min 23sec)
		1021/8000 solved (1min 23sec)
		1022/8000 solved (1min 23sec)
		1023/8000 solved (1min 23sec)
		1024/8000 solved (1min 23sec)
		1025/8000 solved (1min 23sec)
		1026/8000 solved (1min 23sec)
		1027/8000 solved (1min 23sec)
		1028/8000 solved (1min 23sec)
		1029/8000 solved (1min 23sec)
		1030/8000 solved (1min 23sec)
		1031/8000 solved (1min 24sec)
		1032/8000 solved (1min 24sec)
		1033/8000 solved (1min 24sec)
		1034/8000 solved (1min 24sec)
		1035/8000 solved (1min 24sec)
		1036/8000 solved (1min 24sec)
		1037/8000 solved (1min 24sec)
		1038/8000 solved (1min 24sec)
		1039/8000 solved (1min 24sec)
		1040/8000 solved (1min 24sec)
		1041/8000 solved (1min 24sec)
		1042/8000 solved (1min 24sec)
		1043/8000 solved (1min 24sec)
		1044/8000 solved (1min 24sec)
		1045/8000 solved (1min 25sec)
		1046/8000 solved (1min 25sec)
		1047/8000 solved (1min 25sec)
		1048/8000 solved (1min 25sec)
		1049/8000 solved (1min 25sec)
		1050/8000 solved (1min 25sec)
		1051/8000 solved (1min 25sec)
		1052/8000 solved (1min 25sec)
		1053/8000 solved (1min 25sec)
		1054/8000 solved (1min 25sec)
		1055/8000 solved (1min 25sec)
		1056/8000 solved (1min 26sec)
		1057/8000 solved (1min 26sec)
		1058/8000 solved (1min 26sec)
		1059/8000 solved (1min 26sec)
		1060/8000 solved (1min 26sec)
		1061/8000 solved (1min 26sec)
		1062/8000 solved (1min 26sec)
		1063/8000 solved (1min 26sec)
		1064/8000 solved (1min 26sec)
		1065/8000 solved (1min 26sec)
		1066/8000 solved (1min 26sec)
		1067/8000 solved (1min 27sec)
		1068/8000 solved (1min 27sec)
		1069/8000 solved (1min 27sec)
		1070/8000 solved (1min 27sec)
		1071/8000 solved (1min 27sec)
		1072/8000 solved (1min 27sec)
		1073/8000 solved (1min 27sec)
		1074/8000 solved (1min 27sec)
		1075/8000 solved (1min 27sec)
		1076/8000 solved (1min 27sec)
		1077/8000 solved (1min 27sec)
		1078/8000 solved (1min 28sec)
		1079/8000 solved (1min 28sec)
		1080/8000 solved (1min 28sec)
		1081/8000 solved (1min 28sec)
		1082/8000 solved (1min 28sec)
		1083/8000 solved (1min 28sec)
		1084/8000 solved (1min 28sec)
		1085/8000 solved (1min 28sec)
		1086/8000 solved (1min 28sec)
		1087/8000 solved (1min 28sec)
		1088/8000 solved (1min 29sec)
		1089/8000 solved (1min 29sec)
		1090/8000 solved (1min 29sec)
		1091/8000 solved (1min 29sec)
		1092/8000 solved (1min 29sec)
		1093/8000 solved (1min 29sec)
		1094/8000 solved (1min 29sec)
		1095/8000 solved (1min 29sec)
		1096/8000 solved (1min 29sec)
		1097/8000 solved (1min 29sec)
		1098/8000 solved (1min 30sec)
		1099/8000 solved (1min 30sec)
		1100/8000 solved (1min 30sec)
		1101/8000 solved (1min 30sec)
		1102/8000 solved (1min 30sec)
		1103/8000 solved (1min 30sec)
		1104/8000 solved (1min 30sec)
		1105/8000 solved (1min 31sec)
		1106/8000 solved (1min 31sec)
		1107/8000 solved (1min 31sec)
		1108/8000 solved (1min 31sec)
		1109/8000 solved (1min 31sec)
		1110/8000 solved (1min 32sec)
		1111/8000 solved (1min 32sec)
		1112/8000 solved (1min 32sec)
		1113/8000 solved (1min 32sec)
		1114/8000 solved (1min 33sec)
		1115/8000 solved (1min 33sec)
		1116/8000 solved (1min 33sec)
		1117/8000 solved (1min 33sec)
		1118/8000 solved (1min 33sec)
		1119/8000 solved (1min 34sec)
		1120/8000 solved (1min 34sec)
		1121/8000 solved (1min 34sec)
		1122/8000 solved (1min 34sec)
		1123/8000 solved (1min 35sec)
		1124/8000 solved (1min 35sec)
		1125/8000 solved (1min 35sec)
		1126/8000 solved (1min 35sec)
		1127/8000 solved (1min 35sec)
		1128/8000 solved (1min 35sec)
		1129/8000 solved (1min 35sec)
		1130/8000 solved (1min 35sec)
		1131/8000 solved (1min 35sec)
		1132/8000 solved (1min 35sec)
		1133/8000 solved (1min 35sec)
		1134/8000 solved (1min 36sec)
		1135/8000 solved (1min 36sec)
		1136/8000 solved (1min 36sec)
		1137/8000 solved (1min 36sec)
		1138/8000 solved (1min 36sec)
		1139/8000 solved (1min 36sec)
		1140/8000 solved (1min 36sec)
		1141/8000 solved (1min 36sec)
		1142/8000 solved (1min 36sec)
		1143/8000 solved (1min 36sec)
		1144/8000 solved (1min 36sec)
		1145/8000 solved (1min 36sec)
		1146/8000 solved (1min 36sec)
		1147/8000 solved (1min 36sec)
		1148/8000 solved (1min 37sec)
		1149/8000 solved (1min 37sec)
		1150/8000 solved (1min 37sec)
		1151/8000 solved (1min 37sec)
		1152/8000 solved (1min 37sec)
		1153/8000 solved (1min 37sec)
		1154/8000 solved (1min 37sec)
		1155/8000 solved (1min 37sec)
		1156/8000 solved (1min 37sec)
		1157/8000 solved (1min 37sec)
		1158/8000 solved (1min 37sec)
		1159/8000 solved (1min 37sec)
		1160/8000 solved (1min 37sec)
		1161/8000 solved (1min 37sec)
		1162/8000 solved (1min 37sec)
		1163/8000 solved (1min 38sec)
		1164/8000 solved (1min 38sec)
		1165/8000 solved (1min 38sec)
		1166/8000 solved (1min 38sec)
		1167/8000 solved (1min 38sec)
		1168/8000 solved (1min 38sec)
		1169/8000 solved (1min 38sec)
		1170/8000 solved (1min 38sec)
		1171/8000 solved (1min 38sec)
		1172/8000 solved (1min 38sec)
		1173/8000 solved (1min 38sec)
		1174/8000 solved (1min 38sec)
		1175/8000 solved (1min 39sec)
		1176/8000 solved (1min 39sec)
		1177/8000 solved (1min 39sec)
		1178/8000 solved (1min 39sec)
		1179/8000 solved (1min 39sec)
		1180/8000 solved (1min 39sec)
		1181/8000 solved (1min 39sec)
		1182/8000 solved (1min 39sec)
		1183/8000 solved (1min 39sec)
		1184/8000 solved (1min 39sec)
		1185/8000 solved (1min 39sec)
		1186/8000 solved (1min 40sec)
		1187/8000 solved (1min 40sec)
		1188/8000 solved (1min 40sec)
		1189/8000 solved (1min 40sec)
		1190/8000 solved (1min 40sec)
		1191/8000 solved (1min 40sec)
		1192/8000 solved (1min 40sec)
		1193/8000 solved (1min 40sec)
		1194/8000 solved (1min 40sec)
		1195/8000 solved (1min 40sec)
		1196/8000 solved (1min 40sec)
		1197/8000 solved (1min 41sec)
		1198/8000 solved (1min 41sec)
		1199/8000 solved (1min 41sec)
		1200/8000 solved (1min 41sec)
		1201/8000 solved (1min 41sec)
		1202/8000 solved (1min 41sec)
		1203/8000 solved (1min 41sec)
		1204/8000 solved (1min 41sec)
		1205/8000 solved (1min 41sec)
		1206/8000 solved (1min 41sec)
		1207/8000 solved (1min 42sec)
		1208/8000 solved (1min 42sec)
		1209/8000 solved (1min 42sec)
		1210/8000 solved (1min 42sec)
		1211/8000 solved (1min 42sec)
		1212/8000 solved (1min 42sec)
		1213/8000 solved (1min 42sec)
		1214/8000 solved (1min 42sec)
		1215/8000 solved (1min 42sec)
		1216/8000 solved (1min 42sec)
		1217/8000 solved (1min 42sec)
		1218/8000 solved (1min 42sec)
		1219/8000 solved (1min 43sec)
		1220/8000 solved (1min 43sec)
		1221/8000 solved (1min 43sec)
		1222/8000 solved (1min 43sec)
		1223/8000 solved (1min 43sec)
		1224/8000 solved (1min 43sec)
		1225/8000 solved (1min 43sec)
		1226/8000 solved (1min 43sec)
		1227/8000 solved (1min 43sec)
		1228/8000 solved (1min 43sec)
		1229/8000 solved (1min 44sec)
		1230/8000 solved (1min 44sec)
		1231/8000 solved (1min 44sec)
		1232/8000 solved (1min 44sec)
		1233/8000 solved (1min 44sec)
		1234/8000 solved (1min 44sec)
		1235/8000 solved (1min 44sec)
		1236/8000 solved (1min 44sec)
		1237/8000 solved (1min 44sec)
		1238/8000 solved (1min 44sec)
		1239/8000 solved (1min 45sec)
		1240/8000 solved (1min 45sec)
		1241/8000 solved (1min 45sec)
		1242/8000 solved (1min 45sec)
		1243/8000 solved (1min 45sec)
		1244/8000 solved (1min 45sec)
		1245/8000 solved (1min 45sec)
		1246/8000 solved (1min 45sec)
		1247/8000 solved (1min 45sec)
		1248/8000 solved (1min 45sec)
		1249/8000 solved (1min 45sec)
		1250/8000 solved (1min 45sec)
		1251/8000 solved (1min 46sec)
		1252/8000 solved (1min 46sec)
		1253/8000 solved (1min 46sec)
		1254/8000 solved (1min 46sec)
		1255/8000 solved (1min 46sec)
		1256/8000 solved (1min 46sec)
		1257/8000 solved (1min 46sec)
		1258/8000 solved (1min 46sec)
		1259/8000 solved (1min 46sec)
		1260/8000 solved (1min 46sec)
		1261/8000 solved (1min 46sec)
		1262/8000 solved (1min 46sec)
		1263/8000 solved (1min 46sec)
		1264/8000 solved (1min 46sec)
		1265/8000 solved (1min 47sec)
		1266/8000 solved (1min 47sec)
		1267/8000 solved (1min 47sec)
		1268/8000 solved (1min 47sec)
		1269/8000 solved (1min 47sec)
		1270/8000 solved (1min 47sec)
		1271/8000 solved (1min 47sec)
		1272/8000 solved (1min 47sec)
		1273/8000 solved (1min 47sec)
		1274/8000 solved (1min 47sec)
		1275/8000 solved (1min 47sec)
		1276/8000 solved (1min 47sec)
		1277/8000 solved (1min 47sec)
		1278/8000 solved (1min 48sec)
		1279/8000 solved (1min 48sec)
		1280/8000 solved (1min 48sec)
		1281/8000 solved (1min 48sec)
		1282/8000 solved (1min 48sec)
		1283/8000 solved (1min 48sec)
		1284/8000 solved (1min 48sec)
		1285/8000 solved (1min 48sec)
		1286/8000 solved (1min 48sec)
		1287/8000 solved (1min 48sec)
		1288/8000 solved (1min 48sec)
		1289/8000 solved (1min 48sec)
		1290/8000 solved (1min 49sec)
		1291/8000 solved (1min 49sec)
		1292/8000 solved (1min 49sec)
		1293/8000 solved (1min 49sec)
		1294/8000 solved (1min 49sec)
		1295/8000 solved (1min 49sec)
		1296/8000 solved (1min 49sec)
		1297/8000 solved (1min 49sec)
		1298/8000 solved (1min 49sec)
		1299/8000 solved (1min 49sec)
		1300/8000 solved (1min 49sec)
		1301/8000 solved (1min 49sec)
		1302/8000 solved (1min 50sec)
		1303/8000 solved (1min 50sec)
		1304/8000 solved (1min 50sec)
		1305/8000 solved (1min 50sec)
		1306/8000 solved (1min 50sec)
		1307/8000 solved (1min 50sec)
		1308/8000 solved (1min 50sec)
		1309/8000 solved (1min 50sec)
		1310/8000 solved (1min 50sec)
		1311/8000 solved (1min 50sec)
		1312/8000 solved (1min 50sec)
		1313/8000 solved (1min 51sec)
		1314/8000 solved (1min 51sec)
		1315/8000 solved (1min 51sec)
		1316/8000 solved (1min 51sec)
		1317/8000 solved (1min 51sec)
		1318/8000 solved (1min 51sec)
		1319/8000 solved (1min 51sec)
		1320/8000 solved (1min 51sec)
		1321/8000 solved (1min 51sec)
		1322/8000 solved (1min 51sec)
		1323/8000 solved (1min 51sec)
		1324/8000 solved (1min 51sec)
		1325/8000 solved (1min 52sec)
		1326/8000 solved (1min 52sec)
		1327/8000 solved (1min 52sec)
		1328/8000 solved (1min 52sec)
		1329/8000 solved (1min 52sec)
		1330/8000 solved (1min 52sec)
		1331/8000 solved (1min 52sec)
		1332/8000 solved (1min 52sec)
		1333/8000 solved (1min 52sec)
		1334/8000 solved (1min 52sec)
		1335/8000 solved (1min 52sec)
		1336/8000 solved (1min 52sec)
		1337/8000 solved (1min 52sec)
		1338/8000 solved (1min 53sec)
		1339/8000 solved (1min 53sec)
		1340/8000 solved (1min 53sec)
		1341/8000 solved (1min 53sec)
		1342/8000 solved (1min 53sec)
		1343/8000 solved (1min 53sec)
		1344/8000 solved (1min 53sec)
		1345/8000 solved (1min 53sec)
		1346/8000 solved (1min 53sec)
		1347/8000 solved (1min 53sec)
		1348/8000 solved (1min 53sec)
		1349/8000 solved (1min 53sec)
		1350/8000 solved (1min 53sec)
		1351/8000 solved (1min 53sec)
		1352/8000 solved (1min 54sec)
		1353/8000 solved (1min 54sec)
		1354/8000 solved (1min 54sec)
		1355/8000 solved (1min 54sec)
		1356/8000 solved (1min 54sec)
		1357/8000 solved (1min 54sec)
		1358/8000 solved (1min 54sec)
		1359/8000 solved (1min 54sec)
		1360/8000 solved (1min 54sec)
		1361/8000 solved (1min 54sec)
		1362/8000 solved (1min 54sec)
		1363/8000 solved (1min 54sec)
		1364/8000 solved (1min 54sec)
		1365/8000 solved (1min 54sec)
		1366/8000 solved (1min 55sec)
		1367/8000 solved (1min 55sec)
		1368/8000 solved (1min 55sec)
		1369/8000 solved (1min 55sec)
		1370/8000 solved (1min 55sec)
		1371/8000 solved (1min 55sec)
		1372/8000 solved (1min 55sec)
		1373/8000 solved (1min 55sec)
		1374/8000 solved (1min 55sec)
		1375/8000 solved (1min 55sec)
		1376/8000 solved (1min 55sec)
		1377/8000 solved (1min 55sec)
		1378/8000 solved (1min 55sec)
		1379/8000 solved (1min 55sec)
		1380/8000 solved (1min 56sec)
		1381/8000 solved (1min 56sec)
		1382/8000 solved (1min 56sec)
		1383/8000 solved (1min 56sec)
		1384/8000 solved (1min 56sec)
		1385/8000 solved (1min 56sec)
		1386/8000 solved (1min 56sec)
		1387/8000 solved (1min 56sec)
		1388/8000 solved (1min 56sec)
		1389/8000 solved (1min 56sec)
		1390/8000 solved (1min 56sec)
		1391/8000 solved (1min 56sec)
		1392/8000 solved (1min 56sec)
		1393/8000 solved (1min 56sec)
		1394/8000 solved (1min 57sec)
		1395/8000 solved (1min 57sec)
		1396/8000 solved (1min 57sec)
		1397/8000 solved (1min 57sec)
		1398/8000 solved (1min 57sec)
		1399/8000 solved (1min 57sec)
		1400/8000 solved (1min 57sec)
		1401/8000 solved (1min 57sec)
		1402/8000 solved (1min 57sec)
		1403/8000 solved (1min 57sec)
		1404/8000 solved (1min 57sec)
		1405/8000 solved (1min 58sec)
		1406/8000 solved (1min 58sec)
		1407/8000 solved (1min 58sec)
		1408/8000 solved (1min 58sec)
		1409/8000 solved (1min 58sec)
		1410/8000 solved (1min 58sec)
		1411/8000 solved (1min 58sec)
		1412/8000 solved (1min 58sec)
		1413/8000 solved (1min 58sec)
		1414/8000 solved (1min 58sec)
		1415/8000 solved (1min 58sec)
		1416/8000 solved (1min 58sec)
		1417/8000 solved (1min 59sec)
		1418/8000 solved (1min 59sec)
		1419/8000 solved (1min 59sec)
		1420/8000 solved (1min 59sec)
		1421/8000 solved (1min 59sec)
		1422/8000 solved (1min 59sec)
		1423/8000 solved (1min 59sec)
		1424/8000 solved (1min 59sec)
		1425/8000 solved (1min 59sec)
		1426/8000 solved (1min 59sec)
		1427/8000 solved (1min 59sec)
		1428/8000 solved (1min 59sec)
		1429/8000 solved (2min 0sec)
		1430/8000 solved (2min 0sec)
		1431/8000 solved (2min 0sec)
		1432/8000 solved (2min 0sec)
		1433/8000 solved (2min 0sec)
		1434/8000 solved (2min 0sec)
		1435/8000 solved (2min 0sec)
		1436/8000 solved (2min 0sec)
		1437/8000 solved (2min 0sec)
		1438/8000 solved (2min 0sec)
		1439/8000 solved (2min 0sec)
		1440/8000 solved (2min 0sec)
		1441/8000 solved (2min 0sec)
		1442/8000 solved (2min 1sec)
		1443/8000 solved (2min 1sec)
		1444/8000 solved (2min 1sec)
		1445/8000 solved (2min 1sec)
		1446/8000 solved (2min 1sec)
		1447/8000 solved (2min 1sec)
		1448/8000 solved (2min 1sec)
		1449/8000 solved (2min 1sec)
		1450/8000 solved (2min 1sec)
		1451/8000 solved (2min 1sec)
		1452/8000 solved (2min 1sec)
		1453/8000 solved (2min 1sec)
		1454/8000 solved (2min 1sec)
		1455/8000 solved (2min 1sec)
		1456/8000 solved (2min 2sec)
		1457/8000 solved (2min 2sec)
		1458/8000 solved (2min 2sec)
		1459/8000 solved (2min 2sec)
		1460/8000 solved (2min 2sec)
		1461/8000 solved (2min 2sec)
		1462/8000 solved (2min 2sec)
		1463/8000 solved (2min 2sec)
		1464/8000 solved (2min 2sec)
		1465/8000 solved (2min 2sec)
		1466/8000 solved (2min 2sec)
		1467/8000 solved (2min 2sec)
		1468/8000 solved (2min 2sec)
		1469/8000 solved (2min 2sec)
		1470/8000 solved (2min 3sec)
		1471/8000 solved (2min 3sec)
		1472/8000 solved (2min 3sec)
		1473/8000 solved (2min 3sec)
		1474/8000 solved (2min 3sec)
		1475/8000 solved (2min 3sec)
		1476/8000 solved (2min 3sec)
		1477/8000 solved (2min 3sec)
		1478/8000 solved (2min 3sec)
		1479/8000 solved (2min 3sec)
		1480/8000 solved (2min 3sec)
		1481/8000 solved (2min 3sec)
		1482/8000 solved (2min 3sec)
		1483/8000 solved (2min 4sec)
		1484/8000 solved (2min 4sec)
		1485/8000 solved (2min 4sec)
		1486/8000 solved (2min 4sec)
		1487/8000 solved (2min 4sec)
		1488/8000 solved (2min 4sec)
		1489/8000 solved (2min 4sec)
		1490/8000 solved (2min 4sec)
		1491/8000 solved (2min 4sec)
		1492/8000 solved (2min 4sec)
		1493/8000 solved (2min 4sec)
		1494/8000 solved (2min 4sec)
		1495/8000 solved (2min 4sec)
		1496/8000 solved (2min 5sec)
		1497/8000 solved (2min 5sec)
		1498/8000 solved (2min 5sec)
		1499/8000 solved (2min 5sec)
		1500/8000 solved (2min 5sec)
		1501/8000 solved (2min 5sec)
		1502/8000 solved (2min 5sec)
		1503/8000 solved (2min 5sec)
		1504/8000 solved (2min 5sec)
		1505/8000 solved (2min 5sec)
		1506/8000 solved (2min 5sec)
		1507/8000 solved (2min 5sec)
		1508/8000 solved (2min 6sec)
		1509/8000 solved (2min 6sec)
		1510/8000 solved (2min 6sec)
		1511/8000 solved (2min 6sec)
		1512/8000 solved (2min 6sec)
		1513/8000 solved (2min 6sec)
		1514/8000 solved (2min 6sec)
		1515/8000 solved (2min 6sec)
		1516/8000 solved (2min 6sec)
		1517/8000 solved (2min 6sec)
		1518/8000 solved (2min 7sec)
		1519/8000 solved (2min 7sec)
		1520/8000 solved (2min 7sec)
		1521/8000 solved (2min 7sec)
		1522/8000 solved (2min 7sec)
		1523/8000 solved (2min 7sec)
		1524/8000 solved (2min 7sec)
		1525/8000 solved (2min 7sec)
		1526/8000 solved (2min 7sec)
		1527/8000 solved (2min 7sec)
		1528/8000 solved (2min 7sec)
		1529/8000 solved (2min 7sec)
		1530/8000 solved (2min 7sec)
		1531/8000 solved (2min 8sec)
		1532/8000 solved (2min 8sec)
		1533/8000 solved (2min 8sec)
		1534/8000 solved (2min 8sec)
		1535/8000 solved (2min 8sec)
		1536/8000 solved (2min 8sec)
		1537/8000 solved (2min 8sec)
		1538/8000 solved (2min 8sec)
		1539/8000 solved (2min 8sec)
		1540/8000 solved (2min 8sec)
		1541/8000 solved (2min 8sec)
		1542/8000 solved (2min 9sec)
		1543/8000 solved (2min 9sec)
		1544/8000 solved (2min 9sec)
		1545/8000 solved (2min 9sec)
		1546/8000 solved (2min 9sec)
		1547/8000 solved (2min 9sec)
		1548/8000 solved (2min 9sec)
		1549/8000 solved (2min 9sec)
		1550/8000 solved (2min 9sec)
		1551/8000 solved (2min 9sec)
		1552/8000 solved (2min 9sec)
		1553/8000 solved (2min 9sec)
		1554/8000 solved (2min 9sec)
		1555/8000 solved (2min 10sec)
		1556/8000 solved (2min 10sec)
		1557/8000 solved (2min 10sec)
		1558/8000 solved (2min 10sec)
		1559/8000 solved (2min 10sec)
		1560/8000 solved (2min 10sec)
		1561/8000 solved (2min 10sec)
		1562/8000 solved (2min 10sec)
		1563/8000 solved (2min 10sec)
		1564/8000 solved (2min 10sec)
		1565/8000 solved (2min 10sec)
		1566/8000 solved (2min 10sec)
		1567/8000 solved (2min 10sec)
		1568/8000 solved (2min 11sec)
		1569/8000 solved (2min 11sec)
		1570/8000 solved (2min 11sec)
		1571/8000 solved (2min 11sec)
		1572/8000 solved (2min 11sec)
		1573/8000 solved (2min 11sec)
		1574/8000 solved (2min 11sec)
		1575/8000 solved (2min 11sec)
		1576/8000 solved (2min 11sec)
		1577/8000 solved (2min 11sec)
		1578/8000 solved (2min 11sec)
		1579/8000 solved (2min 11sec)
		1580/8000 solved (2min 12sec)
		1581/8000 solved (2min 12sec)
		1582/8000 solved (2min 12sec)
		1583/8000 solved (2min 12sec)
		1584/8000 solved (2min 12sec)
		1585/8000 solved (2min 12sec)
		1586/8000 solved (2min 12sec)
		1587/8000 solved (2min 12sec)
		1588/8000 solved (2min 12sec)
		1589/8000 solved (2min 12sec)
		1590/8000 solved (2min 12sec)
		1591/8000 solved (2min 12sec)
		1592/8000 solved (2min 12sec)
		1593/8000 solved (2min 12sec)
		1594/8000 solved (2min 13sec)
		1595/8000 solved (2min 13sec)
		1596/8000 solved (2min 13sec)
		1597/8000 solved (2min 13sec)
		1598/8000 solved (2min 13sec)
		1599/8000 solved (2min 13sec)
		1600/8000 solved (2min 13sec)
		1601/8000 solved (2min 13sec)
		1602/8000 solved (2min 13sec)
		1603/8000 solved (2min 13sec)
		1604/8000 solved (2min 13sec)
		1605/8000 solved (2min 13sec)
		1606/8000 solved (2min 13sec)
		1607/8000 solved (2min 13sec)
		1608/8000 solved (2min 14sec)
		1609/8000 solved (2min 14sec)
		1610/8000 solved (2min 14sec)
		1611/8000 solved (2min 14sec)
		1612/8000 solved (2min 14sec)
		1613/8000 solved (2min 14sec)
		1614/8000 solved (2min 14sec)
		1615/8000 solved (2min 14sec)
		1616/8000 solved (2min 14sec)
		1617/8000 solved (2min 14sec)
		1618/8000 solved (2min 14sec)
		1619/8000 solved (2min 14sec)
		1620/8000 solved (2min 14sec)
		1621/8000 solved (2min 14sec)
		1622/8000 solved (2min 15sec)
		1623/8000 solved (2min 15sec)
		1624/8000 solved (2min 15sec)
		1625/8000 solved (2min 15sec)
		1626/8000 solved (2min 15sec)
		1627/8000 solved (2min 15sec)
		1628/8000 solved (2min 15sec)
		1629/8000 solved (2min 15sec)
		1630/8000 solved (2min 15sec)
		1631/8000 solved (2min 15sec)
		1632/8000 solved (2min 15sec)
		1633/8000 solved (2min 15sec)
		1634/8000 solved (2min 16sec)
		1635/8000 solved (2min 16sec)
		1636/8000 solved (2min 16sec)
		1637/8000 solved (2min 16sec)
		1638/8000 solved (2min 16sec)
		1639/8000 solved (2min 16sec)
		1640/8000 solved (2min 16sec)
		1641/8000 solved (2min 16sec)
		1642/8000 solved (2min 16sec)
		1643/8000 solved (2min 16sec)
		1644/8000 solved (2min 16sec)
		1645/8000 solved (2min 16sec)
		1646/8000 solved (2min 17sec)
		1647/8000 solved (2min 17sec)
		1648/8000 solved (2min 17sec)
		1649/8000 solved (2min 17sec)
		1650/8000 solved (2min 17sec)
		1651/8000 solved (2min 17sec)
		1652/8000 solved (2min 17sec)
		1653/8000 solved (2min 17sec)
		1654/8000 solved (2min 17sec)
		1655/8000 solved (2min 17sec)
		1656/8000 solved (2min 17sec)
		1657/8000 solved (2min 18sec)
		1658/8000 solved (2min 18sec)
		1659/8000 solved (2min 18sec)
		1660/8000 solved (2min 18sec)
		1661/8000 solved (2min 18sec)
		1662/8000 solved (2min 18sec)
		1663/8000 solved (2min 18sec)
		1664/8000 solved (2min 18sec)
		1665/8000 solved (2min 18sec)
		1666/8000 solved (2min 18sec)
		1667/8000 solved (2min 18sec)
		1668/8000 solved (2min 19sec)
		1669/8000 solved (2min 19sec)
		1670/8000 solved (2min 19sec)
		1671/8000 solved (2min 19sec)
		1672/8000 solved (2min 19sec)
		1673/8000 solved (2min 19sec)
		1674/8000 solved (2min 19sec)
		1675/8000 solved (2min 19sec)
		1676/8000 solved (2min 19sec)
		1677/8000 solved (2min 19sec)
		1678/8000 solved (2min 19sec)
		1679/8000 solved (2min 19sec)
		1680/8000 solved (2min 20sec)
		1681/8000 solved (2min 20sec)
		1682/8000 solved (2min 20sec)
		1683/8000 solved (2min 20sec)
		1684/8000 solved (2min 20sec)
		1685/8000 solved (2min 20sec)
		1686/8000 solved (2min 20sec)
		1687/8000 solved (2min 20sec)
		1688/8000 solved (2min 20sec)
		1689/8000 solved (2min 20sec)
		1690/8000 solved (2min 20sec)
		1691/8000 solved (2min 21sec)
		1692/8000 solved (2min 21sec)
		1693/8000 solved (2min 21sec)
		1694/8000 solved (2min 21sec)
		1695/8000 solved (2min 21sec)
		1696/8000 solved (2min 21sec)
		1697/8000 solved (2min 21sec)
		1698/8000 solved (2min 21sec)
		1699/8000 solved (2min 21sec)
		1700/8000 solved (2min 21sec)
		1701/8000 solved (2min 21sec)
		1702/8000 solved (2min 22sec)
		1703/8000 solved (2min 22sec)
		1704/8000 solved (2min 22sec)
		1705/8000 solved (2min 22sec)
		1706/8000 solved (2min 22sec)
		1707/8000 solved (2min 22sec)
		1708/8000 solved (2min 22sec)
		1709/8000 solved (2min 22sec)
		1710/8000 solved (2min 22sec)
		1711/8000 solved (2min 22sec)
		1712/8000 solved (2min 23sec)
		1713/8000 solved (2min 23sec)
		1714/8000 solved (2min 23sec)
		1715/8000 solved (2min 23sec)
		1716/8000 solved (2min 23sec)
		1717/8000 solved (2min 23sec)
		1718/8000 solved (2min 23sec)
		1719/8000 solved (2min 23sec)
		1720/8000 solved (2min 23sec)
		1721/8000 solved (2min 23sec)
		1722/8000 solved (2min 23sec)
		1723/8000 solved (2min 23sec)
		1724/8000 solved (2min 23sec)
		1725/8000 solved (2min 23sec)
		1726/8000 solved (2min 24sec)
		1727/8000 solved (2min 24sec)
		1728/8000 solved (2min 24sec)
		1729/8000 solved (2min 24sec)
		1730/8000 solved (2min 24sec)
		1731/8000 solved (2min 24sec)
		1732/8000 solved (2min 24sec)
		1733/8000 solved (2min 24sec)
		1734/8000 solved (2min 24sec)
		1735/8000 solved (2min 24sec)
		1736/8000 solved (2min 24sec)
		1737/8000 solved (2min 24sec)
		1738/8000 solved (2min 24sec)
		1739/8000 solved (2min 24sec)
		1740/8000 solved (2min 25sec)
		1741/8000 solved (2min 25sec)
		1742/8000 solved (2min 25sec)
		1743/8000 solved (2min 25sec)
		1744/8000 solved (2min 25sec)
		1745/8000 solved (2min 25sec)
		1746/8000 solved (2min 25sec)
		1747/8000 solved (2min 25sec)
		1748/8000 solved (2min 25sec)
		1749/8000 solved (2min 25sec)
		1750/8000 solved (2min 25sec)
		1751/8000 solved (2min 25sec)
		1752/8000 solved (2min 25sec)
		1753/8000 solved (2min 25sec)
		1754/8000 solved (2min 26sec)
		1755/8000 solved (2min 26sec)
		1756/8000 solved (2min 26sec)
		1757/8000 solved (2min 26sec)
		1758/8000 solved (2min 26sec)
		1759/8000 solved (2min 26sec)
		1760/8000 solved (2min 26sec)
		1761/8000 solved (2min 26sec)
		1762/8000 solved (2min 26sec)
		1763/8000 solved (2min 26sec)
		1764/8000 solved (2min 26sec)
		1765/8000 solved (2min 27sec)
		1766/8000 solved (2min 27sec)
		1767/8000 solved (2min 27sec)
		1768/8000 solved (2min 27sec)
		1769/8000 solved (2min 27sec)
		1770/8000 solved (2min 27sec)
		1771/8000 solved (2min 27sec)
		1772/8000 solved (2min 27sec)
		1773/8000 solved (2min 27sec)
		1774/8000 solved (2min 27sec)
		1775/8000 solved (2min 27sec)
		1776/8000 solved (2min 27sec)
		1777/8000 solved (2min 28sec)
		1778/8000 solved (2min 28sec)
		1779/8000 solved (2min 28sec)
		1780/8000 solved (2min 28sec)
		1781/8000 solved (2min 28sec)
		1782/8000 solved (2min 28sec)
		1783/8000 solved (2min 28sec)
		1784/8000 solved (2min 28sec)
		1785/8000 solved (2min 28sec)
		1786/8000 solved (2min 28sec)
		1787/8000 solved (2min 28sec)
		1788/8000 solved (2min 28sec)
		1789/8000 solved (2min 29sec)
		1790/8000 solved (2min 29sec)
		1791/8000 solved (2min 29sec)
		1792/8000 solved (2min 29sec)
		1793/8000 solved (2min 29sec)
		1794/8000 solved (2min 29sec)
		1795/8000 solved (2min 29sec)
		1796/8000 solved (2min 29sec)
		1797/8000 solved (2min 29sec)
		1798/8000 solved (2min 29sec)
		1799/8000 solved (2min 29sec)
		1800/8000 solved (2min 30sec)
		1801/8000 solved (2min 30sec)
		1802/8000 solved (2min 30sec)
		1803/8000 solved (2min 30sec)
		1804/8000 solved (2min 30sec)
		1805/8000 solved (2min 30sec)
		1806/8000 solved (2min 30sec)
		1807/8000 solved (2min 30sec)
		1808/8000 solved (2min 30sec)
		1809/8000 solved (2min 30sec)
		1810/8000 solved (2min 30sec)
		1811/8000 solved (2min 30sec)
		1812/8000 solved (2min 30sec)
		1813/8000 solved (2min 31sec)
		1814/8000 solved (2min 31sec)
		1815/8000 solved (2min 31sec)
		1816/8000 solved (2min 31sec)
		1817/8000 solved (2min 31sec)
		1818/8000 solved (2min 31sec)
		1819/8000 solved (2min 31sec)
		1820/8000 solved (2min 31sec)
		1821/8000 solved (2min 31sec)
		1822/8000 solved (2min 31sec)
		1823/8000 solved (2min 31sec)
		1824/8000 solved (2min 31sec)
		1825/8000 solved (2min 32sec)
		1826/8000 solved (2min 32sec)
		1827/8000 solved (2min 32sec)
		1828/8000 solved (2min 32sec)
		1829/8000 solved (2min 32sec)
		1830/8000 solved (2min 32sec)
		1831/8000 solved (2min 32sec)
		1832/8000 solved (2min 32sec)
		1833/8000 solved (2min 32sec)
		1834/8000 solved (2min 32sec)
		1835/8000 solved (2min 32sec)
		1836/8000 solved (2min 32sec)
		1837/8000 solved (2min 33sec)
		1838/8000 solved (2min 33sec)
		1839/8000 solved (2min 33sec)
		1840/8000 solved (2min 33sec)
		1841/8000 solved (2min 33sec)
		1842/8000 solved (2min 33sec)
		1843/8000 solved (2min 33sec)
		1844/8000 solved (2min 33sec)
		1845/8000 solved (2min 33sec)
		1846/8000 solved (2min 33sec)
		1847/8000 solved (2min 33sec)
		1848/8000 solved (2min 34sec)
		1849/8000 solved (2min 34sec)
		1850/8000 solved (2min 34sec)
		1851/8000 solved (2min 34sec)
		1852/8000 solved (2min 34sec)
		1853/8000 solved (2min 34sec)
		1854/8000 solved (2min 34sec)
		1855/8000 solved (2min 34sec)
		1856/8000 solved (2min 34sec)
		1857/8000 solved (2min 34sec)
		1858/8000 solved (2min 34sec)
		1859/8000 solved (2min 34sec)
		1860/8000 solved (2min 34sec)
		1861/8000 solved (2min 35sec)
		1862/8000 solved (2min 35sec)
		1863/8000 solved (2min 35sec)
		1864/8000 solved (2min 35sec)
		1865/8000 solved (2min 35sec)
		1866/8000 solved (2min 35sec)
		1867/8000 solved (2min 35sec)
		1868/8000 solved (2min 35sec)
		1869/8000 solved (2min 35sec)
		1870/8000 solved (2min 35sec)
		1871/8000 solved (2min 35sec)
		1872/8000 solved (2min 35sec)
		1873/8000 solved (2min 35sec)
		1874/8000 solved (2min 35sec)
		1875/8000 solved (2min 36sec)
		1876/8000 solved (2min 36sec)
		1877/8000 solved (2min 36sec)
		1878/8000 solved (2min 36sec)
		1879/8000 solved (2min 36sec)
		1880/8000 solved (2min 36sec)
		1881/8000 solved (2min 36sec)
		1882/8000 solved (2min 36sec)
		1883/8000 solved (2min 36sec)
		1884/8000 solved (2min 36sec)
		1885/8000 solved (2min 36sec)
		1886/8000 solved (2min 36sec)
		1887/8000 solved (2min 36sec)
		1888/8000 solved (2min 37sec)
		1889/8000 solved (2min 37sec)
		1890/8000 solved (2min 37sec)
		1891/8000 solved (2min 37sec)
		1892/8000 solved (2min 37sec)
		1893/8000 solved (2min 37sec)
		1894/8000 solved (2min 37sec)
		1895/8000 solved (2min 37sec)
		1896/8000 solved (2min 37sec)
		1897/8000 solved (2min 37sec)
		1898/8000 solved (2min 37sec)
		1899/8000 solved (2min 37sec)
		1900/8000 solved (2min 38sec)
		1901/8000 solved (2min 38sec)
		1902/8000 solved (2min 38sec)
		1903/8000 solved (2min 38sec)
		1904/8000 solved (2min 38sec)
		1905/8000 solved (2min 38sec)
		1906/8000 solved (2min 38sec)
		1907/8000 solved (2min 38sec)
		1908/8000 solved (2min 38sec)
		1909/8000 solved (2min 38sec)
		1910/8000 solved (2min 38sec)
		1911/8000 solved (2min 38sec)
		1912/8000 solved (2min 39sec)
		1913/8000 solved (2min 39sec)
		1914/8000 solved (2min 39sec)
		1915/8000 solved (2min 39sec)
		1916/8000 solved (2min 39sec)
		1917/8000 solved (2min 39sec)
		1918/8000 solved (2min 39sec)
		1919/8000 solved (2min 39sec)
		1920/8000 solved (2min 39sec)
		1921/8000 solved (2min 39sec)
		1922/8000 solved (2min 39sec)
		1923/8000 solved (2min 39sec)
		1924/8000 solved (2min 40sec)
		1925/8000 solved (2min 40sec)
		1926/8000 solved (2min 40sec)
		1927/8000 solved (2min 40sec)
		1928/8000 solved (2min 40sec)
		1929/8000 solved (2min 40sec)
		1930/8000 solved (2min 40sec)
		1931/8000 solved (2min 40sec)
		1932/8000 solved (2min 40sec)
		1933/8000 solved (2min 40sec)
		1934/8000 solved (2min 40sec)
		1935/8000 solved (2min 41sec)
		1936/8000 solved (2min 41sec)
		1937/8000 solved (2min 41sec)
		1938/8000 solved (2min 41sec)
		1939/8000 solved (2min 41sec)
		1940/8000 solved (2min 41sec)
		1941/8000 solved (2min 41sec)
		1942/8000 solved (2min 41sec)
		1943/8000 solved (2min 41sec)
		1944/8000 solved (2min 41sec)
		1945/8000 solved (2min 41sec)
		1946/8000 solved (2min 41sec)
		1947/8000 solved (2min 41sec)
		1948/8000 solved (2min 41sec)
		1949/8000 solved (2min 42sec)
		1950/8000 solved (2min 42sec)
		1951/8000 solved (2min 42sec)
		1952/8000 solved (2min 42sec)
		1953/8000 solved (2min 42sec)
		1954/8000 solved (2min 42sec)
		1955/8000 solved (2min 42sec)
		1956/8000 solved (2min 42sec)
		1957/8000 solved (2min 42sec)
		1958/8000 solved (2min 42sec)
		1959/8000 solved (2min 42sec)
		1960/8000 solved (2min 42sec)
		1961/8000 solved (2min 42sec)
		1962/8000 solved (2min 42sec)
		1963/8000 solved (2min 43sec)
		1964/8000 solved (2min 43sec)
		1965/8000 solved (2min 43sec)
		1966/8000 solved (2min 43sec)
		1967/8000 solved (2min 43sec)
		1968/8000 solved (2min 43sec)
		1969/8000 solved (2min 43sec)
		1970/8000 solved (2min 43sec)
		1971/8000 solved (2min 43sec)
		1972/8000 solved (2min 43sec)
		1973/8000 solved (2min 43sec)
		1974/8000 solved (2min 43sec)
		1975/8000 solved (2min 43sec)
		1976/8000 solved (2min 43sec)
		1977/8000 solved (2min 44sec)
		1978/8000 solved (2min 44sec)
		1979/8000 solved (2min 44sec)
		1980/8000 solved (2min 44sec)
		1981/8000 solved (2min 44sec)
		1982/8000 solved (2min 44sec)
		1983/8000 solved (2min 44sec)
		1984/8000 solved (2min 44sec)
		1985/8000 solved (2min 44sec)
		1986/8000 solved (2min 44sec)
		1987/8000 solved (2min 44sec)
		1988/8000 solved (2min 44sec)
		1989/8000 solved (2min 44sec)
		1990/8000 solved (2min 44sec)
		1991/8000 solved (2min 45sec)
		1992/8000 solved (2min 45sec)
		1993/8000 solved (2min 45sec)
		1994/8000 solved (2min 45sec)
		1995/8000 solved (2min 45sec)
		1996/8000 solved (2min 45sec)
		1997/8000 solved (2min 45sec)
		1998/8000 solved (2min 45sec)
		1999/8000 solved (2min 45sec)
		2000/8000 solved (2min 45sec)
		2001/8000 solved (2min 45sec)
		2002/8000 solved (2min 45sec)
		2003/8000 solved (2min 45sec)
		2004/8000 solved (2min 46sec)
		2005/8000 solved (2min 46sec)
		2006/8000 solved (2min 46sec)
		2007/8000 solved (2min 46sec)
		2008/8000 solved (2min 46sec)
		2009/8000 solved (2min 46sec)
		2010/8000 solved (2min 46sec)
		2011/8000 solved (2min 46sec)
		2012/8000 solved (2min 46sec)
		2013/8000 solved (2min 46sec)
		2014/8000 solved (2min 46sec)
		2015/8000 solved (2min 46sec)
		2016/8000 solved (2min 47sec)
		2017/8000 solved (2min 47sec)
		2018/8000 solved (2min 47sec)
		2019/8000 solved (2min 47sec)
		2020/8000 solved (2min 47sec)
		2021/8000 solved (2min 47sec)
		2022/8000 solved (2min 47sec)
		2023/8000 solved (2min 47sec)
		2024/8000 solved (2min 47sec)
		2025/8000 solved (2min 47sec)
		2026/8000 solved (2min 47sec)
		2027/8000 solved (2min 47sec)
		2028/8000 solved (2min 48sec)
		2029/8000 solved (2min 48sec)
		2030/8000 solved (2min 48sec)
		2031/8000 solved (2min 48sec)
		2032/8000 solved (2min 48sec)
		2033/8000 solved (2min 48sec)
		2034/8000 solved (2min 48sec)
		2035/8000 solved (2min 48sec)
		2036/8000 solved (2min 48sec)
		2037/8000 solved (2min 48sec)
		2038/8000 solved (2min 48sec)
		2039/8000 solved (2min 48sec)
		2040/8000 solved (2min 49sec)
		2041/8000 solved (2min 49sec)
		2042/8000 solved (2min 49sec)
		2043/8000 solved (2min 49sec)
		2044/8000 solved (2min 49sec)
		2045/8000 solved (2min 49sec)
		2046/8000 solved (2min 49sec)
		2047/8000 solved (2min 49sec)
		2048/8000 solved (2min 49sec)
		2049/8000 solved (2min 49sec)
		2050/8000 solved (2min 49sec)
		2051/8000 solved (2min 49sec)
		2052/8000 solved (2min 50sec)
		2053/8000 solved (2min 50sec)
		2054/8000 solved (2min 50sec)
		2055/8000 solved (2min 50sec)
		2056/8000 solved (2min 50sec)
		2057/8000 solved (2min 50sec)
		2058/8000 solved (2min 50sec)
		2059/8000 solved (2min 50sec)
		2060/8000 solved (2min 50sec)
		2061/8000 solved (2min 50sec)
		2062/8000 solved (2min 50sec)
		2063/8000 solved (2min 50sec)
		2064/8000 solved (2min 50sec)
		2065/8000 solved (2min 51sec)
		2066/8000 solved (2min 51sec)
		2067/8000 solved (2min 51sec)
		2068/8000 solved (2min 51sec)
		2069/8000 solved (2min 51sec)
		2070/8000 solved (2min 51sec)
		2071/8000 solved (2min 51sec)
		2072/8000 solved (2min 51sec)
		2073/8000 solved (2min 51sec)
		2074/8000 solved (2min 51sec)
		2075/8000 solved (2min 51sec)
		2076/8000 solved (2min 51sec)
		2077/8000 solved (2min 51sec)
		2078/8000 solved (2min 51sec)
		2079/8000 solved (2min 51sec)
		2080/8000 solved (2min 52sec)
		2081/8000 solved (2min 52sec)
		2082/8000 solved (2min 52sec)
		2083/8000 solved (2min 52sec)
		2084/8000 solved (2min 52sec)
		2085/8000 solved (2min 52sec)
		2086/8000 solved (2min 52sec)
		2087/8000 solved (2min 52sec)
		2088/8000 solved (2min 52sec)
		2089/8000 solved (2min 52sec)
		2090/8000 solved (2min 52sec)
		2091/8000 solved (2min 52sec)
		2092/8000 solved (2min 52sec)
		2093/8000 solved (2min 52sec)
		2094/8000 solved (2min 53sec)
		2095/8000 solved (2min 53sec)
		2096/8000 solved (2min 53sec)
		2097/8000 solved (2min 53sec)
		2098/8000 solved (2min 53sec)
		2099/8000 solved (2min 53sec)
		2100/8000 solved (2min 53sec)
		2101/8000 solved (2min 53sec)
		2102/8000 solved (2min 53sec)
		2103/8000 solved (2min 53sec)
		2104/8000 solved (2min 53sec)
		2105/8000 solved (2min 53sec)
		2106/8000 solved (2min 53sec)
		2107/8000 solved (2min 53sec)
		2108/8000 solved (2min 54sec)
		2109/8000 solved (2min 54sec)
		2110/8000 solved (2min 54sec)
		2111/8000 solved (2min 54sec)
		2112/8000 solved (2min 54sec)
		2113/8000 solved (2min 54sec)
		2114/8000 solved (2min 54sec)
		2115/8000 solved (2min 54sec)
		2116/8000 solved (2min 54sec)
		2117/8000 solved (2min 54sec)
		2118/8000 solved (2min 54sec)
		2119/8000 solved (2min 54sec)
		2120/8000 solved (2min 54sec)
		2121/8000 solved (2min 55sec)
		2122/8000 solved (2min 55sec)
		2123/8000 solved (2min 55sec)
		2124/8000 solved (2min 55sec)
		2125/8000 solved (2min 55sec)
		2126/8000 solved (2min 55sec)
		2127/8000 solved (2min 55sec)
		2128/8000 solved (2min 55sec)
		2129/8000 solved (2min 55sec)
		2130/8000 solved (2min 55sec)
		2131/8000 solved (2min 55sec)
		2132/8000 solved (2min 56sec)
		2133/8000 solved (2min 56sec)
		2134/8000 solved (2min 56sec)
		2135/8000 solved (2min 56sec)
		2136/8000 solved (2min 56sec)
		2137/8000 solved (2min 56sec)
		2138/8000 solved (2min 56sec)
		2139/8000 solved (2min 56sec)
		2140/8000 solved (2min 56sec)
		2141/8000 solved (2min 56sec)
		2142/8000 solved (2min 56sec)
		2143/8000 solved (2min 56sec)
		2144/8000 solved (2min 56sec)
		2145/8000 solved (2min 56sec)
		2146/8000 solved (2min 57sec)
		2147/8000 solved (2min 57sec)
		2148/8000 solved (2min 57sec)
		2149/8000 solved (2min 57sec)
		2150/8000 solved (2min 57sec)
		2151/8000 solved (2min 57sec)
		2152/8000 solved (2min 57sec)
		2153/8000 solved (2min 57sec)
		2154/8000 solved (2min 57sec)
		2155/8000 solved (2min 57sec)
		2156/8000 solved (2min 57sec)
		2157/8000 solved (2min 57sec)
		2158/8000 solved (2min 57sec)
		2159/8000 solved (2min 58sec)
		2160/8000 solved (2min 58sec)
		2161/8000 solved (2min 58sec)
		2162/8000 solved (2min 58sec)
		2163/8000 solved (2min 58sec)
		2164/8000 solved (2min 58sec)
		2165/8000 solved (2min 58sec)
		2166/8000 solved (2min 58sec)
		2167/8000 solved (2min 58sec)
		2168/8000 solved (2min 58sec)
		2169/8000 solved (2min 58sec)
		2170/8000 solved (2min 59sec)
		2171/8000 solved (2min 59sec)
		2172/8000 solved (2min 59sec)
		2173/8000 solved (2min 59sec)
		2174/8000 solved (2min 59sec)
		2175/8000 solved (2min 59sec)
		2176/8000 solved (2min 59sec)
		2177/8000 solved (2min 59sec)
		2178/8000 solved (2min 59sec)
		2179/8000 solved (2min 59sec)
		2180/8000 solved (2min 59sec)
		2181/8000 solved (2min 59sec)
		2182/8000 solved (2min 59sec)
		2183/8000 solved (3min 0sec)
		2184/8000 solved (3min 0sec)
		2185/8000 solved (3min 0sec)
		2186/8000 solved (3min 0sec)
		2187/8000 solved (3min 0sec)
		2188/8000 solved (3min 0sec)
		2189/8000 solved (3min 0sec)
		2190/8000 solved (3min 0sec)
		2191/8000 solved (3min 0sec)
		2192/8000 solved (3min 0sec)
		2193/8000 solved (3min 0sec)
		2194/8000 solved (3min 0sec)
		2195/8000 solved (3min 0sec)
		2196/8000 solved (3min 0sec)
		2197/8000 solved (3min 1sec)
		2198/8000 solved (3min 1sec)
		2199/8000 solved (3min 1sec)
		2200/8000 solved (3min 1sec)
		2201/8000 solved (3min 1sec)
		2202/8000 solved (3min 1sec)
		2203/8000 solved (3min 1sec)
		2204/8000 solved (3min 1sec)
		2205/8000 solved (3min 1sec)
		2206/8000 solved (3min 1sec)
		2207/8000 solved (3min 1sec)
		2208/8000 solved (3min 1sec)
		2209/8000 solved (3min 1sec)
		2210/8000 solved (3min 1sec)
		2211/8000 solved (3min 1sec)
		2212/8000 solved (3min 2sec)
		2213/8000 solved (3min 2sec)
		2214/8000 solved (3min 2sec)
		2215/8000 solved (3min 2sec)
		2216/8000 solved (3min 2sec)
		2217/8000 solved (3min 2sec)
		2218/8000 solved (3min 2sec)
		2219/8000 solved (3min 2sec)
		2220/8000 solved (3min 2sec)
		2221/8000 solved (3min 2sec)
		2222/8000 solved (3min 2sec)
		2223/8000 solved (3min 2sec)
		2224/8000 solved (3min 3sec)
		2225/8000 solved (3min 3sec)
		2226/8000 solved (3min 3sec)
		2227/8000 solved (3min 3sec)
		2228/8000 solved (3min 3sec)
		2229/8000 solved (3min 3sec)
		2230/8000 solved (3min 3sec)
		2231/8000 solved (3min 3sec)
		2232/8000 solved (3min 3sec)
		2233/8000 solved (3min 3sec)
		2234/8000 solved (3min 3sec)
		2235/8000 solved (3min 3sec)
		2236/8000 solved (3min 4sec)
		2237/8000 solved (3min 4sec)
		2238/8000 solved (3min 4sec)
		2239/8000 solved (3min 4sec)
		2240/8000 solved (3min 4sec)
		2241/8000 solved (3min 4sec)
		2242/8000 solved (3min 4sec)
		2243/8000 solved (3min 4sec)
		2244/8000 solved (3min 4sec)
		2245/8000 solved (3min 4sec)
		2246/8000 solved (3min 4sec)
		2247/8000 solved (3min 4sec)
		2248/8000 solved (3min 4sec)
		2249/8000 solved (3min 5sec)
		2250/8000 solved (3min 5sec)
		2251/8000 solved (3min 5sec)
		2252/8000 solved (3min 5sec)
		2253/8000 solved (3min 5sec)
		2254/8000 solved (3min 5sec)
		2255/8000 solved (3min 5sec)
		2256/8000 solved (3min 5sec)
		2257/8000 solved (3min 5sec)
		2258/8000 solved (3min 5sec)
		2259/8000 solved (3min 5sec)
		2260/8000 solved (3min 5sec)
		2261/8000 solved (3min 5sec)
		2262/8000 solved (3min 5sec)
		2263/8000 solved (3min 6sec)
		2264/8000 solved (3min 6sec)
		2265/8000 solved (3min 6sec)
		2266/8000 solved (3min 6sec)
		2267/8000 solved (3min 6sec)
		2268/8000 solved (3min 6sec)
		2269/8000 solved (3min 6sec)
		2270/8000 solved (3min 6sec)
		2271/8000 solved (3min 6sec)
		2272/8000 solved (3min 6sec)
		2273/8000 solved (3min 6sec)
		2274/8000 solved (3min 6sec)
		2275/8000 solved (3min 7sec)
		2276/8000 solved (3min 7sec)
		2277/8000 solved (3min 7sec)
		2278/8000 solved (3min 7sec)
		2279/8000 solved (3min 7sec)
		2280/8000 solved (3min 7sec)
		2281/8000 solved (3min 7sec)
		2282/8000 solved (3min 7sec)
		2283/8000 solved (3min 7sec)
		2284/8000 solved (3min 7sec)
		2285/8000 solved (3min 7sec)
		2286/8000 solved (3min 7sec)
		2287/8000 solved (3min 7sec)
		2288/8000 solved (3min 7sec)
		2289/8000 solved (3min 7sec)
		2290/8000 solved (3min 8sec)
		2291/8000 solved (3min 8sec)
		2292/8000 solved (3min 8sec)
		2293/8000 solved (3min 8sec)
		2294/8000 solved (3min 8sec)
		2295/8000 solved (3min 8sec)
		2296/8000 solved (3min 8sec)
		2297/8000 solved (3min 8sec)
		2298/8000 solved (3min 8sec)
		2299/8000 solved (3min 8sec)
		2300/8000 solved (3min 8sec)
		2301/8000 solved (3min 8sec)
		2302/8000 solved (3min 8sec)
		2303/8000 solved (3min 8sec)
		2304/8000 solved (3min 9sec)
		2305/8000 solved (3min 9sec)
		2306/8000 solved (3min 9sec)
		2307/8000 solved (3min 9sec)
		2308/8000 solved (3min 9sec)
		2309/8000 solved (3min 9sec)
		2310/8000 solved (3min 9sec)
		2311/8000 solved (3min 9sec)
		2312/8000 solved (3min 9sec)
		2313/8000 solved (3min 9sec)
		2314/8000 solved (3min 9sec)
		2315/8000 solved (3min 9sec)
		2316/8000 solved (3min 9sec)
		2317/8000 solved (3min 9sec)
		2318/8000 solved (3min 10sec)
		2319/8000 solved (3min 10sec)
		2320/8000 solved (3min 10sec)
		2321/8000 solved (3min 10sec)
		2322/8000 solved (3min 10sec)
		2323/8000 solved (3min 10sec)
		2324/8000 solved (3min 10sec)
		2325/8000 solved (3min 10sec)
		2326/8000 solved (3min 10sec)
		2327/8000 solved (3min 10sec)
		2328/8000 solved (3min 10sec)
		2329/8000 solved (3min 10sec)
		2330/8000 solved (3min 10sec)
		2331/8000 solved (3min 10sec)
		2332/8000 solved (3min 10sec)
		2333/8000 solved (3min 11sec)
		2334/8000 solved (3min 11sec)
		2335/8000 solved (3min 11sec)
		2336/8000 solved (3min 11sec)
		2337/8000 solved (3min 11sec)
		2338/8000 solved (3min 11sec)
		2339/8000 solved (3min 11sec)
		2340/8000 solved (3min 11sec)
		2341/8000 solved (3min 11sec)
		2342/8000 solved (3min 11sec)
		2343/8000 solved (3min 11sec)
		2344/8000 solved (3min 11sec)
		2345/8000 solved (3min 11sec)
		2346/8000 solved (3min 11sec)
		2347/8000 solved (3min 12sec)
		2348/8000 solved (3min 12sec)
		2349/8000 solved (3min 12sec)
		2350/8000 solved (3min 12sec)
		2351/8000 solved (3min 12sec)
		2352/8000 solved (3min 12sec)
		2353/8000 solved (3min 12sec)
		2354/8000 solved (3min 12sec)
		2355/8000 solved (3min 12sec)
		2356/8000 solved (3min 12sec)
		2357/8000 solved (3min 12sec)
		2358/8000 solved (3min 12sec)
		2359/8000 solved (3min 12sec)
		2360/8000 solved (3min 12sec)
		2361/8000 solved (3min 12sec)
		2362/8000 solved (3min 13sec)
		2363/8000 solved (3min 13sec)
		2364/8000 solved (3min 13sec)
		2365/8000 solved (3min 13sec)
		2366/8000 solved (3min 13sec)
		2367/8000 solved (3min 13sec)
		2368/8000 solved (3min 13sec)
		2369/8000 solved (3min 13sec)
		2370/8000 solved (3min 13sec)
		2371/8000 solved (3min 13sec)
		2372/8000 solved (3min 13sec)
		2373/8000 solved (3min 13sec)
		2374/8000 solved (3min 13sec)
		2375/8000 solved (3min 13sec)
		2376/8000 solved (3min 14sec)
		2377/8000 solved (3min 14sec)
		2378/8000 solved (3min 14sec)
		2379/8000 solved (3min 14sec)
		2380/8000 solved (3min 14sec)
		2381/8000 solved (3min 14sec)
		2382/8000 solved (3min 14sec)
		2383/8000 solved (3min 14sec)
		2384/8000 solved (3min 14sec)
		2385/8000 solved (3min 14sec)
		2386/8000 solved (3min 14sec)
		2387/8000 solved (3min 14sec)
		2388/8000 solved (3min 14sec)
		2389/8000 solved (3min 14sec)
		2390/8000 solved (3min 15sec)
		2391/8000 solved (3min 15sec)
		2392/8000 solved (3min 15sec)
		2393/8000 solved (3min 15sec)
		2394/8000 solved (3min 15sec)
		2395/8000 solved (3min 15sec)
		2396/8000 solved (3min 15sec)
		2397/8000 solved (3min 15sec)
		2398/8000 solved (3min 15sec)
		2399/8000 solved (3min 15sec)
		2400/8000 solved (3min 15sec)
		2401/8000 solved (3min 15sec)
		2402/8000 solved (3min 15sec)
		2403/8000 solved (3min 15sec)
		2404/8000 solved (3min 15sec)
		2405/8000 solved (3min 16sec)
		2406/8000 solved (3min 16sec)
		2407/8000 solved (3min 16sec)
		2408/8000 solved (3min 16sec)
		2409/8000 solved (3min 16sec)
		2410/8000 solved (3min 16sec)
		2411/8000 solved (3min 16sec)
		2412/8000 solved (3min 16sec)
		2413/8000 solved (3min 16sec)
		2414/8000 solved (3min 16sec)
		2415/8000 solved (3min 16sec)
		2416/8000 solved (3min 16sec)
		2417/8000 solved (3min 16sec)
		2418/8000 solved (3min 16sec)
		2419/8000 solved (3min 17sec)
		2420/8000 solved (3min 17sec)
		2421/8000 solved (3min 17sec)
		2422/8000 solved (3min 17sec)
		2423/8000 solved (3min 17sec)
		2424/8000 solved (3min 17sec)
		2425/8000 solved (3min 17sec)
		2426/8000 solved (3min 17sec)
		2427/8000 solved (3min 17sec)
		2428/8000 solved (3min 17sec)
		2429/8000 solved (3min 17sec)
		2430/8000 solved (3min 17sec)
		2431/8000 solved (3min 17sec)
		2432/8000 solved (3min 17sec)
		2433/8000 solved (3min 17sec)
		2434/8000 solved (3min 18sec)
		2435/8000 solved (3min 18sec)
		2436/8000 solved (3min 18sec)
		2437/8000 solved (3min 18sec)
		2438/8000 solved (3min 18sec)
		2439/8000 solved (3min 18sec)
		2440/8000 solved (3min 18sec)
		2441/8000 solved (3min 18sec)
		2442/8000 solved (3min 18sec)
		2443/8000 solved (3min 18sec)
		2444/8000 solved (3min 18sec)
		2445/8000 solved (3min 18sec)
		2446/8000 solved (3min 18sec)
		2447/8000 solved (3min 19sec)
		2448/8000 solved (3min 19sec)
		2449/8000 solved (3min 19sec)
		2450/8000 solved (3min 19sec)
		2451/8000 solved (3min 19sec)
		2452/8000 solved (3min 19sec)
		2453/8000 solved (3min 19sec)
		2454/8000 solved (3min 19sec)
		2455/8000 solved (3min 19sec)
		2456/8000 solved (3min 19sec)
		2457/8000 solved (3min 19sec)
		2458/8000 solved (3min 19sec)
		2459/8000 solved (3min 19sec)
		2460/8000 solved (3min 19sec)
		2461/8000 solved (3min 19sec)
		2462/8000 solved (3min 20sec)
		2463/8000 solved (3min 20sec)
		2464/8000 solved (3min 20sec)
		2465/8000 solved (3min 20sec)
		2466/8000 solved (3min 20sec)
		2467/8000 solved (3min 20sec)
		2468/8000 solved (3min 20sec)
		2469/8000 solved (3min 20sec)
		2470/8000 solved (3min 20sec)
		2471/8000 solved (3min 20sec)
		2472/8000 solved (3min 20sec)
		2473/8000 solved (3min 20sec)
		2474/8000 solved (3min 20sec)
		2475/8000 solved (3min 20sec)
		2476/8000 solved (3min 21sec)
		2477/8000 solved (3min 21sec)
		2478/8000 solved (3min 21sec)
		2479/8000 solved (3min 21sec)
		2480/8000 solved (3min 21sec)
		2481/8000 solved (3min 21sec)
		2482/8000 solved (3min 21sec)
		2483/8000 solved (3min 21sec)
		2484/8000 solved (3min 21sec)
		2485/8000 solved (3min 21sec)
		2486/8000 solved (3min 21sec)
		2487/8000 solved (3min 21sec)
		2488/8000 solved (3min 21sec)
		2489/8000 solved (3min 21sec)
		2490/8000 solved (3min 21sec)
		2491/8000 solved (3min 22sec)
		2492/8000 solved (3min 22sec)
		2493/8000 solved (3min 22sec)
		2494/8000 solved (3min 22sec)
		2495/8000 solved (3min 22sec)
		2496/8000 solved (3min 22sec)
		2497/8000 solved (3min 22sec)
		2498/8000 solved (3min 22sec)
		2499/8000 solved (3min 22sec)
		2500/8000 solved (3min 22sec)
		2501/8000 solved (3min 22sec)
		2502/8000 solved (3min 22sec)
		2503/8000 solved (3min 22sec)
		2504/8000 solved (3min 22sec)
		2505/8000 solved (3min 23sec)
		2506/8000 solved (3min 23sec)
		2507/8000 solved (3min 23sec)
		2508/8000 solved (3min 23sec)
		2509/8000 solved (3min 23sec)
		2510/8000 solved (3min 23sec)
		2511/8000 solved (3min 23sec)
		2512/8000 solved (3min 23sec)
		2513/8000 solved (3min 23sec)
		2514/8000 solved (3min 23sec)
		2515/8000 solved (3min 23sec)
		2516/8000 solved (3min 23sec)
		2517/8000 solved (3min 23sec)
		2518/8000 solved (3min 23sec)
		2519/8000 solved (3min 24sec)
		2520/8000 solved (3min 24sec)
		2521/8000 solved (3min 24sec)
		2522/8000 solved (3min 24sec)
		2523/8000 solved (3min 24sec)
		2524/8000 solved (3min 24sec)
		2525/8000 solved (3min 24sec)
		2526/8000 solved (3min 24sec)
		2527/8000 solved (3min 24sec)
		2528/8000 solved (3min 24sec)
		2529/8000 solved (3min 24sec)
		2530/8000 solved (3min 24sec)
		2531/8000 solved (3min 24sec)
		2532/8000 solved (3min 24sec)
		2533/8000 solved (3min 25sec)
		2534/8000 solved (3min 25sec)
		2535/8000 solved (3min 25sec)
		2536/8000 solved (3min 25sec)
		2537/8000 solved (3min 25sec)
		2538/8000 solved (3min 25sec)
		2539/8000 solved (3min 25sec)
		2540/8000 solved (3min 25sec)
		2541/8000 solved (3min 25sec)
		2542/8000 solved (3min 25sec)
		2543/8000 solved (3min 25sec)
		2544/8000 solved (3min 25sec)
		2545/8000 solved (3min 25sec)
		2546/8000 solved (3min 25sec)
		2547/8000 solved (3min 25sec)
		2548/8000 solved (3min 26sec)
		2549/8000 solved (3min 26sec)
		2550/8000 solved (3min 26sec)
		2551/8000 solved (3min 26sec)
		2552/8000 solved (3min 26sec)
		2553/8000 solved (3min 26sec)
		2554/8000 solved (3min 26sec)
		2555/8000 solved (3min 26sec)
		2556/8000 solved (3min 26sec)
		2557/8000 solved (3min 26sec)
		2558/8000 solved (3min 26sec)
		2559/8000 solved (3min 26sec)
		2560/8000 solved (3min 26sec)
		2561/8000 solved (3min 26sec)
		2562/8000 solved (3min 27sec)
		2563/8000 solved (3min 27sec)
		2564/8000 solved (3min 27sec)
		2565/8000 solved (3min 27sec)
		2566/8000 solved (3min 27sec)
		2567/8000 solved (3min 27sec)
		2568/8000 solved (3min 27sec)
		2569/8000 solved (3min 27sec)
		2570/8000 solved (3min 27sec)
		2571/8000 solved (3min 27sec)
		2572/8000 solved (3min 27sec)
		2573/8000 solved (3min 27sec)
		2574/8000 solved (3min 27sec)
		2575/8000 solved (3min 27sec)
		2576/8000 solved (3min 28sec)
		2577/8000 solved (3min 28sec)
		2578/8000 solved (3min 28sec)
		2579/8000 solved (3min 28sec)
		2580/8000 solved (3min 28sec)
		2581/8000 solved (3min 28sec)
		2582/8000 solved (3min 28sec)
		2583/8000 solved (3min 28sec)
		2584/8000 solved (3min 28sec)
		2585/8000 solved (3min 28sec)
		2586/8000 solved (3min 28sec)
		2587/8000 solved (3min 28sec)
		2588/8000 solved (3min 28sec)
		2589/8000 solved (3min 28sec)
		2590/8000 solved (3min 29sec)
		2591/8000 solved (3min 29sec)
		2592/8000 solved (3min 29sec)
		2593/8000 solved (3min 29sec)
		2594/8000 solved (3min 29sec)
		2595/8000 solved (3min 29sec)
		2596/8000 solved (3min 29sec)
		2597/8000 solved (3min 29sec)
		2598/8000 solved (3min 29sec)
		2599/8000 solved (3min 29sec)
		2600/8000 solved (3min 29sec)
		2601/8000 solved (3min 29sec)
		2602/8000 solved (3min 29sec)
		2603/8000 solved (3min 29sec)
		2604/8000 solved (3min 29sec)
		2605/8000 solved (3min 30sec)
		2606/8000 solved (3min 30sec)
		2607/8000 solved (3min 30sec)
		2608/8000 solved (3min 30sec)
		2609/8000 solved (3min 30sec)
		2610/8000 solved (3min 30sec)
		2611/8000 solved (3min 30sec)
		2612/8000 solved (3min 30sec)
		2613/8000 solved (3min 30sec)
		2614/8000 solved (3min 30sec)
		2615/8000 solved (3min 30sec)
		2616/8000 solved (3min 30sec)
		2617/8000 solved (3min 30sec)
		2618/8000 solved (3min 30sec)
		2619/8000 solved (3min 31sec)
		2620/8000 solved (3min 31sec)
		2621/8000 solved (3min 31sec)
		2622/8000 solved (3min 31sec)
		2623/8000 solved (3min 31sec)
		2624/8000 solved (3min 31sec)
		2625/8000 solved (3min 31sec)
		2626/8000 solved (3min 31sec)
		2627/8000 solved (3min 31sec)
		2628/8000 solved (3min 31sec)
		2629/8000 solved (3min 31sec)
		2630/8000 solved (3min 31sec)
		2631/8000 solved (3min 31sec)
		2632/8000 solved (3min 31sec)
		2633/8000 solved (3min 31sec)
		2634/8000 solved (3min 32sec)
		2635/8000 solved (3min 32sec)
		2636/8000 solved (3min 32sec)
		2637/8000 solved (3min 32sec)
		2638/8000 solved (3min 32sec)
		2639/8000 solved (3min 32sec)
		2640/8000 solved (3min 32sec)
		2641/8000 solved (3min 32sec)
		2642/8000 solved (3min 32sec)
		2643/8000 solved (3min 32sec)
		2644/8000 solved (3min 32sec)
		2645/8000 solved (3min 32sec)
		2646/8000 solved (3min 32sec)
		2647/8000 solved (3min 32sec)
		2648/8000 solved (3min 33sec)
		2649/8000 solved (3min 33sec)
		2650/8000 solved (3min 33sec)
		2651/8000 solved (3min 33sec)
		2652/8000 solved (3min 33sec)
		2653/8000 solved (3min 33sec)
		2654/8000 solved (3min 33sec)
		2655/8000 solved (3min 33sec)
		2656/8000 solved (3min 33sec)
		2657/8000 solved (3min 33sec)
		2658/8000 solved (3min 33sec)
		2659/8000 solved (3min 33sec)
		2660/8000 solved (3min 33sec)
		2661/8000 solved (3min 33sec)
		2662/8000 solved (3min 34sec)
		2663/8000 solved (3min 34sec)
		2664/8000 solved (3min 34sec)
		2665/8000 solved (3min 34sec)
		2666/8000 solved (3min 34sec)
		2667/8000 solved (3min 34sec)
		2668/8000 solved (3min 34sec)
		2669/8000 solved (3min 34sec)
		2670/8000 solved (3min 34sec)
		2671/8000 solved (3min 34sec)
		2672/8000 solved (3min 34sec)
		2673/8000 solved (3min 34sec)
		2674/8000 solved (3min 34sec)
		2675/8000 solved (3min 34sec)
		2676/8000 solved (3min 34sec)
		2677/8000 solved (3min 35sec)
		2678/8000 solved (3min 35sec)
		2679/8000 solved (3min 35sec)
		2680/8000 solved (3min 35sec)
		2681/8000 solved (3min 35sec)
		2682/8000 solved (3min 35sec)
		2683/8000 solved (3min 35sec)
		2684/8000 solved (3min 35sec)
		2685/8000 solved (3min 35sec)
		2686/8000 solved (3min 35sec)
		2687/8000 solved (3min 35sec)
		2688/8000 solved (3min 35sec)
		2689/8000 solved (3min 35sec)
		2690/8000 solved (3min 35sec)
		2691/8000 solved (3min 36sec)
		2692/8000 solved (3min 36sec)
		2693/8000 solved (3min 36sec)
		2694/8000 solved (3min 36sec)
		2695/8000 solved (3min 36sec)
		2696/8000 solved (3min 36sec)
		2697/8000 solved (3min 36sec)
		2698/8000 solved (3min 36sec)
		2699/8000 solved (3min 36sec)
		2700/8000 solved (3min 36sec)
		2701/8000 solved (3min 36sec)
		2702/8000 solved (3min 36sec)
		2703/8000 solved (3min 36sec)
		2704/8000 solved (3min 36sec)
		2705/8000 solved (3min 37sec)
		2706/8000 solved (3min 37sec)
		2707/8000 solved (3min 37sec)
		2708/8000 solved (3min 37sec)
		2709/8000 solved (3min 37sec)
		2710/8000 solved (3min 37sec)
		2711/8000 solved (3min 37sec)
		2712/8000 solved (3min 37sec)
		2713/8000 solved (3min 37sec)
		2714/8000 solved (3min 37sec)
		2715/8000 solved (3min 37sec)
		2716/8000 solved (3min 37sec)
		2717/8000 solved (3min 37sec)
		2718/8000 solved (3min 37sec)
		2719/8000 solved (3min 37sec)
		2720/8000 solved (3min 38sec)
		2721/8000 solved (3min 38sec)
		2722/8000 solved (3min 38sec)
		2723/8000 solved (3min 38sec)
		2724/8000 solved (3min 38sec)
		2725/8000 solved (3min 38sec)
		2726/8000 solved (3min 38sec)
		2727/8000 solved (3min 38sec)
		2728/8000 solved (3min 38sec)
		2729/8000 solved (3min 38sec)
		2730/8000 solved (3min 38sec)
		2731/8000 solved (3min 38sec)
		2732/8000 solved (3min 38sec)
		2733/8000 solved (3min 38sec)
		2734/8000 solved (3min 39sec)
		2735/8000 solved (3min 39sec)
		2736/8000 solved (3min 39sec)
		2737/8000 solved (3min 39sec)
		2738/8000 solved (3min 39sec)
		2739/8000 solved (3min 39sec)
		2740/8000 solved (3min 39sec)
		2741/8000 solved (3min 39sec)
		2742/8000 solved (3min 39sec)
		2743/8000 solved (3min 39sec)
		2744/8000 solved (3min 39sec)
		2745/8000 solved (3min 39sec)
		2746/8000 solved (3min 39sec)
		2747/8000 solved (3min 39sec)
		2748/8000 solved (3min 40sec)
		2749/8000 solved (3min 40sec)
		2750/8000 solved (3min 40sec)
		2751/8000 solved (3min 40sec)
		2752/8000 solved (3min 40sec)
		2753/8000 solved (3min 40sec)
		2754/8000 solved (3min 40sec)
		2755/8000 solved (3min 40sec)
		2756/8000 solved (3min 40sec)
		2757/8000 solved (3min 40sec)
		2758/8000 solved (3min 40sec)
		2759/8000 solved (3min 40sec)
		2760/8000 solved (3min 40sec)
		2761/8000 solved (3min 40sec)
		2762/8000 solved (3min 40sec)
		2763/8000 solved (3min 41sec)
		2764/8000 solved (3min 41sec)
		2765/8000 solved (3min 41sec)
		2766/8000 solved (3min 41sec)
		2767/8000 solved (3min 41sec)
		2768/8000 solved (3min 41sec)
		2769/8000 solved (3min 41sec)
		2770/8000 solved (3min 41sec)
		2771/8000 solved (3min 41sec)
		2772/8000 solved (3min 41sec)
		2773/8000 solved (3min 41sec)
		2774/8000 solved (3min 41sec)
		2775/8000 solved (3min 41sec)
		2776/8000 solved (3min 41sec)
		2777/8000 solved (3min 42sec)
		2778/8000 solved (3min 42sec)
		2779/8000 solved (3min 42sec)
		2780/8000 solved (3min 42sec)
		2781/8000 solved (3min 42sec)
		2782/8000 solved (3min 42sec)
		2783/8000 solved (3min 42sec)
		2784/8000 solved (3min 42sec)
		2785/8000 solved (3min 42sec)
		2786/8000 solved (3min 42sec)
		2787/8000 solved (3min 42sec)
		2788/8000 solved (3min 42sec)
		2789/8000 solved (3min 42sec)
		2790/8000 solved (3min 42sec)
		2791/8000 solved (3min 42sec)
		2792/8000 solved (3min 43sec)
		2793/8000 solved (3min 43sec)
		2794/8000 solved (3min 43sec)
		2795/8000 solved (3min 43sec)
		2796/8000 solved (3min 43sec)
		2797/8000 solved (3min 43sec)
		2798/8000 solved (3min 43sec)
		2799/8000 solved (3min 43sec)
		2800/8000 solved (3min 43sec)
		2801/8000 solved (3min 43sec)
		2802/8000 solved (3min 43sec)
		2803/8000 solved (3min 43sec)
		2804/8000 solved (3min 43sec)
		2805/8000 solved (3min 43sec)
		2806/8000 solved (3min 44sec)
		2807/8000 solved (3min 44sec)
		2808/8000 solved (3min 44sec)
		2809/8000 solved (3min 44sec)
		2810/8000 solved (3min 44sec)
		2811/8000 solved (3min 44sec)
		2812/8000 solved (3min 44sec)
		2813/8000 solved (3min 44sec)
		2814/8000 solved (3min 44sec)
		2815/8000 solved (3min 44sec)
		2816/8000 solved (3min 44sec)
		2817/8000 solved (3min 44sec)
		2818/8000 solved (3min 44sec)
		2819/8000 solved (3min 44sec)
		2820/8000 solved (3min 45sec)
		2821/8000 solved (3min 45sec)
		2822/8000 solved (3min 45sec)
		2823/8000 solved (3min 45sec)
		2824/8000 solved (3min 45sec)
		2825/8000 solved (3min 45sec)
		2826/8000 solved (3min 45sec)
		2827/8000 solved (3min 45sec)
		2828/8000 solved (3min 45sec)
		2829/8000 solved (3min 45sec)
		2830/8000 solved (3min 45sec)
		2831/8000 solved (3min 45sec)
		2832/8000 solved (3min 45sec)
		2833/8000 solved (3min 45sec)
		2834/8000 solved (3min 46sec)
		2835/8000 solved (3min 46sec)
		2836/8000 solved (3min 46sec)
		2837/8000 solved (3min 46sec)
		2838/8000 solved (3min 46sec)
		2839/8000 solved (3min 46sec)
		2840/8000 solved (3min 46sec)
		2841/8000 solved (3min 46sec)
		2842/8000 solved (3min 46sec)
		2843/8000 solved (3min 46sec)
		2844/8000 solved (3min 46sec)
		2845/8000 solved (3min 46sec)
		2846/8000 solved (3min 46sec)
		2847/8000 solved (3min 46sec)
		2848/8000 solved (3min 47sec)
		2849/8000 solved (3min 47sec)
		2850/8000 solved (3min 47sec)
		2851/8000 solved (3min 47sec)
		2852/8000 solved (3min 47sec)
		2853/8000 solved (3min 47sec)
		2854/8000 solved (3min 47sec)
		2855/8000 solved (3min 47sec)
		2856/8000 solved (3min 47sec)
		2857/8000 solved (3min 47sec)
		2858/8000 solved (3min 47sec)
		2859/8000 solved (3min 47sec)
		2860/8000 solved (3min 47sec)
		2861/8000 solved (3min 47sec)
		2862/8000 solved (3min 47sec)
		2863/8000 solved (3min 48sec)
		2864/8000 solved (3min 48sec)
		2865/8000 solved (3min 48sec)
		2866/8000 solved (3min 48sec)
		2867/8000 solved (3min 48sec)
		2868/8000 solved (3min 48sec)
		2869/8000 solved (3min 48sec)
		2870/8000 solved (3min 48sec)
		2871/8000 solved (3min 48sec)
		2872/8000 solved (3min 48sec)
		2873/8000 solved (3min 48sec)
		2874/8000 solved (3min 48sec)
		2875/8000 solved (3min 48sec)
		2876/8000 solved (3min 48sec)
		2877/8000 solved (3min 49sec)
		2878/8000 solved (3min 49sec)
		2879/8000 solved (3min 49sec)
		2880/8000 solved (3min 49sec)
		2881/8000 solved (3min 49sec)
		2882/8000 solved (3min 49sec)
		2883/8000 solved (3min 49sec)
		2884/8000 solved (3min 49sec)
		2885/8000 solved (3min 49sec)
		2886/8000 solved (3min 49sec)
		2887/8000 solved (3min 49sec)
		2888/8000 solved (3min 49sec)
		2889/8000 solved (3min 49sec)
		2890/8000 solved (3min 49sec)
		2891/8000 solved (3min 49sec)
		2892/8000 solved (3min 50sec)
		2893/8000 solved (3min 50sec)
		2894/8000 solved (3min 50sec)
		2895/8000 solved (3min 50sec)
		2896/8000 solved (3min 50sec)
		2897/8000 solved (3min 50sec)
		2898/8000 solved (3min 50sec)
		2899/8000 solved (3min 50sec)
		2900/8000 solved (3min 50sec)
		2901/8000 solved (3min 50sec)
		2902/8000 solved (3min 50sec)
		2903/8000 solved (3min 50sec)
		2904/8000 solved (3min 50sec)
		2905/8000 solved (3min 51sec)
		2906/8000 solved (3min 51sec)
		2907/8000 solved (3min 51sec)
		2908/8000 solved (3min 51sec)
		2909/8000 solved (3min 51sec)
		2910/8000 solved (3min 51sec)
		2911/8000 solved (3min 51sec)
		2912/8000 solved (3min 51sec)
		2913/8000 solved (3min 51sec)
		2914/8000 solved (3min 51sec)
		2915/8000 solved (3min 51sec)
		2916/8000 solved (3min 51sec)
		2917/8000 solved (3min 51sec)
		2918/8000 solved (3min 51sec)
		2919/8000 solved (3min 51sec)
		2920/8000 solved (3min 52sec)
		2921/8000 solved (3min 52sec)
		2922/8000 solved (3min 52sec)
		2923/8000 solved (3min 52sec)
		2924/8000 solved (3min 52sec)
		2925/8000 solved (3min 52sec)
		2926/8000 solved (3min 52sec)
		2927/8000 solved (3min 52sec)
		2928/8000 solved (3min 52sec)
		2929/8000 solved (3min 52sec)
		2930/8000 solved (3min 52sec)
		2931/8000 solved (3min 52sec)
		2932/8000 solved (3min 52sec)
		2933/8000 solved (3min 52sec)
		2934/8000 solved (3min 53sec)
		2935/8000 solved (3min 53sec)
		2936/8000 solved (3min 53sec)
		2937/8000 solved (3min 53sec)
		2938/8000 solved (3min 53sec)
		2939/8000 solved (3min 53sec)
		2940/8000 solved (3min 53sec)
		2941/8000 solved (3min 53sec)
		2942/8000 solved (3min 53sec)
		2943/8000 solved (3min 53sec)
		2944/8000 solved (3min 53sec)
		2945/8000 solved (3min 53sec)
		2946/8000 solved (3min 53sec)
		2947/8000 solved (3min 53sec)
		2948/8000 solved (3min 54sec)
		2949/8000 solved (3min 54sec)
		2950/8000 solved (3min 54sec)
		2951/8000 solved (3min 54sec)
		2952/8000 solved (3min 54sec)
		2953/8000 solved (3min 54sec)
		2954/8000 solved (3min 54sec)
		2955/8000 solved (3min 54sec)
		2956/8000 solved (3min 54sec)
		2957/8000 solved (3min 54sec)
		2958/8000 solved (3min 54sec)
		2959/8000 solved (3min 54sec)
		2960/8000 solved (3min 54sec)
		2961/8000 solved (3min 54sec)
		2962/8000 solved (3min 55sec)
		2963/8000 solved (3min 55sec)
		2964/8000 solved (3min 55sec)
		2965/8000 solved (3min 55sec)
		2966/8000 solved (3min 55sec)
		2967/8000 solved (3min 55sec)
		2968/8000 solved (3min 55sec)
		2969/8000 solved (3min 55sec)
		2970/8000 solved (3min 55sec)
		2971/8000 solved (3min 55sec)
		2972/8000 solved (3min 55sec)
		2973/8000 solved (3min 55sec)
		2974/8000 solved (3min 56sec)
		2975/8000 solved (3min 56sec)
		2976/8000 solved (3min 56sec)
		2977/8000 solved (3min 56sec)
		2978/8000 solved (3min 56sec)
		2979/8000 solved (3min 56sec)
		2980/8000 solved (3min 56sec)
		2981/8000 solved (3min 56sec)
		2982/8000 solved (3min 56sec)
		2983/8000 solved (3min 56sec)
		2984/8000 solved (3min 56sec)
		2985/8000 solved (3min 56sec)
		2986/8000 solved (3min 56sec)
		2987/8000 solved (3min 56sec)
		2988/8000 solved (3min 56sec)
		2989/8000 solved (3min 57sec)
		2990/8000 solved (3min 57sec)
		2991/8000 solved (3min 57sec)
		2992/8000 solved (3min 57sec)
		2993/8000 solved (3min 57sec)
		2994/8000 solved (3min 57sec)
		2995/8000 solved (3min 57sec)
		2996/8000 solved (3min 57sec)
		2997/8000 solved (3min 57sec)
		2998/8000 solved (3min 57sec)
		2999/8000 solved (3min 57sec)
		3000/8000 solved (3min 57sec)
		3001/8000 solved (3min 57sec)
		3002/8000 solved (3min 57sec)
		3003/8000 solved (3min 58sec)
		3004/8000 solved (3min 58sec)
		3005/8000 solved (3min 58sec)
		3006/8000 solved (3min 58sec)
		3007/8000 solved (3min 58sec)
		3008/8000 solved (3min 58sec)
		3009/8000 solved (3min 58sec)
		3010/8000 solved (3min 58sec)
		3011/8000 solved (3min 58sec)
		3012/8000 solved (3min 58sec)
		3013/8000 solved (3min 58sec)
		3014/8000 solved (3min 58sec)
		3015/8000 solved (3min 58sec)
		3016/8000 solved (3min 58sec)
		3017/8000 solved (3min 59sec)
		3018/8000 solved (3min 59sec)
		3019/8000 solved (3min 59sec)
		3020/8000 solved (3min 59sec)
		3021/8000 solved (3min 59sec)
		3022/8000 solved (3min 59sec)
		3023/8000 solved (3min 59sec)
		3024/8000 solved (3min 59sec)
		3025/8000 solved (3min 59sec)
		3026/8000 solved (3min 59sec)
		3027/8000 solved (3min 59sec)
		3028/8000 solved (3min 59sec)
		3029/8000 solved (3min 59sec)
		3030/8000 solved (3min 59sec)
		3031/8000 solved (3min 59sec)
		3032/8000 solved (4min 0sec)
		3033/8000 solved (4min 0sec)
		3034/8000 solved (4min 0sec)
		3035/8000 solved (4min 0sec)
		3036/8000 solved (4min 0sec)
		3037/8000 solved (4min 0sec)
		3038/8000 solved (4min 0sec)
		3039/8000 solved (4min 0sec)
		3040/8000 solved (4min 0sec)
		3041/8000 solved (4min 0sec)
		3042/8000 solved (4min 0sec)
		3043/8000 solved (4min 0sec)
		3044/8000 solved (4min 0sec)
		3045/8000 solved (4min 0sec)
		3046/8000 solved (4min 1sec)
		3047/8000 solved (4min 1sec)
		3048/8000 solved (4min 1sec)
		3049/8000 solved (4min 1sec)
		3050/8000 solved (4min 1sec)
		3051/8000 solved (4min 1sec)
		3052/8000 solved (4min 1sec)
		3053/8000 solved (4min 1sec)
		3054/8000 solved (4min 1sec)
		3055/8000 solved (4min 1sec)
		3056/8000 solved (4min 1sec)
		3057/8000 solved (4min 1sec)
		3058/8000 solved (4min 1sec)
		3059/8000 solved (4min 1sec)
		3060/8000 solved (4min 2sec)
		3061/8000 solved (4min 2sec)
		3062/8000 solved (4min 2sec)
		3063/8000 solved (4min 2sec)
		3064/8000 solved (4min 2sec)
		3065/8000 solved (4min 2sec)
		3066/8000 solved (4min 2sec)
		3067/8000 solved (4min 2sec)
		3068/8000 solved (4min 2sec)
		3069/8000 solved (4min 2sec)
		3070/8000 solved (4min 2sec)
		3071/8000 solved (4min 2sec)
		3072/8000 solved (4min 2sec)
		3073/8000 solved (4min 2sec)
		3074/8000 solved (4min 2sec)
		3075/8000 solved (4min 3sec)
		3076/8000 solved (4min 3sec)
		3077/8000 solved (4min 3sec)
		3078/8000 solved (4min 3sec)
		3079/8000 solved (4min 3sec)
		3080/8000 solved (4min 3sec)
		3081/8000 solved (4min 3sec)
		3082/8000 solved (4min 3sec)
		3083/8000 solved (4min 3sec)
		3084/8000 solved (4min 3sec)
		3085/8000 solved (4min 3sec)
		3086/8000 solved (4min 3sec)
		3087/8000 solved (4min 4sec)
		3088/8000 solved (4min 4sec)
		3089/8000 solved (4min 4sec)
		3090/8000 solved (4min 4sec)
		3091/8000 solved (4min 4sec)
		3092/8000 solved (4min 4sec)
		3093/8000 solved (4min 4sec)
		3094/8000 solved (4min 4sec)
		3095/8000 solved (4min 4sec)
		3096/8000 solved (4min 4sec)
		3097/8000 solved (4min 4sec)
		3098/8000 solved (4min 4sec)
		3099/8000 solved (4min 4sec)
		3100/8000 solved (4min 4sec)
		3101/8000 solved (4min 4sec)
		3102/8000 solved (4min 5sec)
		3103/8000 solved (4min 5sec)
		3104/8000 solved (4min 5sec)
		3105/8000 solved (4min 5sec)
		3106/8000 solved (4min 5sec)
		3107/8000 solved (4min 5sec)
		3108/8000 solved (4min 5sec)
		3109/8000 solved (4min 5sec)
		3110/8000 solved (4min 5sec)
		3111/8000 solved (4min 5sec)
		3112/8000 solved (4min 5sec)
		3113/8000 solved (4min 5sec)
		3114/8000 solved (4min 5sec)
		3115/8000 solved (4min 5sec)
		3116/8000 solved (4min 6sec)
		3117/8000 solved (4min 6sec)
		3118/8000 solved (4min 6sec)
		3119/8000 solved (4min 6sec)
		3120/8000 solved (4min 6sec)
		3121/8000 solved (4min 6sec)
		3122/8000 solved (4min 6sec)
		3123/8000 solved (4min 6sec)
		3124/8000 solved (4min 6sec)
		3125/8000 solved (4min 6sec)
		3126/8000 solved (4min 6sec)
		3127/8000 solved (4min 6sec)
		3128/8000 solved (4min 6sec)
		3129/8000 solved (4min 6sec)
		3130/8000 solved (4min 7sec)
		3131/8000 solved (4min 7sec)
		3132/8000 solved (4min 7sec)
		3133/8000 solved (4min 7sec)
		3134/8000 solved (4min 7sec)
		3135/8000 solved (4min 7sec)
		3136/8000 solved (4min 7sec)
		3137/8000 solved (4min 7sec)
		3138/8000 solved (4min 7sec)
		3139/8000 solved (4min 7sec)
		3140/8000 solved (4min 7sec)
		3141/8000 solved (4min 7sec)
		3142/8000 solved (4min 7sec)
		3143/8000 solved (4min 7sec)
		3144/8000 solved (4min 8sec)
		3145/8000 solved (4min 8sec)
		3146/8000 solved (4min 8sec)
		3147/8000 solved (4min 8sec)
		3148/8000 solved (4min 8sec)
		3149/8000 solved (4min 8sec)
		3150/8000 solved (4min 8sec)
		3151/8000 solved (4min 8sec)
		3152/8000 solved (4min 8sec)
		3153/8000 solved (4min 8sec)
		3154/8000 solved (4min 8sec)
		3155/8000 solved (4min 8sec)
		3156/8000 solved (4min 8sec)
		3157/8000 solved (4min 8sec)
		3158/8000 solved (4min 9sec)
		3159/8000 solved (4min 9sec)
		3160/8000 solved (4min 9sec)
		3161/8000 solved (4min 9sec)
		3162/8000 solved (4min 9sec)
		3163/8000 solved (4min 9sec)
		3164/8000 solved (4min 9sec)
		3165/8000 solved (4min 9sec)
		3166/8000 solved (4min 9sec)
		3167/8000 solved (4min 9sec)
		3168/8000 solved (4min 9sec)
		3169/8000 solved (4min 9sec)
		3170/8000 solved (4min 9sec)
		3171/8000 solved (4min 9sec)
		3172/8000 solved (4min 10sec)
		3173/8000 solved (4min 10sec)
		3174/8000 solved (4min 10sec)
		3175/8000 solved (4min 10sec)
		3176/8000 solved (4min 10sec)
		3177/8000 solved (4min 10sec)
		3178/8000 solved (4min 10sec)
		3179/8000 solved (4min 10sec)
		3180/8000 solved (4min 10sec)
		3181/8000 solved (4min 10sec)
		3182/8000 solved (4min 10sec)
		3183/8000 solved (4min 10sec)
		3184/8000 solved (4min 10sec)
		3185/8000 solved (4min 10sec)
		3186/8000 solved (4min 10sec)
		3187/8000 solved (4min 11sec)
		3188/8000 solved (4min 11sec)
		3189/8000 solved (4min 11sec)
		3190/8000 solved (4min 11sec)
		3191/8000 solved (4min 11sec)
		3192/8000 solved (4min 11sec)
		3193/8000 solved (4min 11sec)
		3194/8000 solved (4min 11sec)
		3195/8000 solved (4min 11sec)
		3196/8000 solved (4min 11sec)
		3197/8000 solved (4min 11sec)
		3198/8000 solved (4min 11sec)
		3199/8000 solved (4min 11sec)
		3200/8000 solved (4min 12sec)
		3201/8000 solved (4min 12sec)
		3202/8000 solved (4min 12sec)
		3203/8000 solved (4min 12sec)
		3204/8000 solved (4min 12sec)
		3205/8000 solved (4min 12sec)
		3206/8000 solved (4min 12sec)
		3207/8000 solved (4min 12sec)
		3208/8000 solved (4min 12sec)
		3209/8000 solved (4min 12sec)
		3210/8000 solved (4min 12sec)
		3211/8000 solved (4min 13sec)
		3212/8000 solved (4min 13sec)
		3213/8000 solved (4min 13sec)
		3214/8000 solved (4min 13sec)
		3215/8000 solved (4min 13sec)
		3216/8000 solved (4min 13sec)
		3217/8000 solved (4min 13sec)
		3218/8000 solved (4min 13sec)
		3219/8000 solved (4min 13sec)
		3220/8000 solved (4min 13sec)
		3221/8000 solved (4min 13sec)
		3222/8000 solved (4min 13sec)
		3223/8000 solved (4min 13sec)
		3224/8000 solved (4min 13sec)
		3225/8000 solved (4min 14sec)
		3226/8000 solved (4min 14sec)
		3227/8000 solved (4min 14sec)
		3228/8000 solved (4min 14sec)
		3229/8000 solved (4min 14sec)
		3230/8000 solved (4min 14sec)
		3231/8000 solved (4min 14sec)
		3232/8000 solved (4min 14sec)
		3233/8000 solved (4min 14sec)
		3234/8000 solved (4min 14sec)
		3235/8000 solved (4min 14sec)
		3236/8000 solved (4min 14sec)
		3237/8000 solved (4min 14sec)
		3238/8000 solved (4min 14sec)
		3239/8000 solved (4min 15sec)
		3240/8000 solved (4min 15sec)
		3241/8000 solved (4min 15sec)
		3242/8000 solved (4min 15sec)
		3243/8000 solved (4min 15sec)
		3244/8000 solved (4min 15sec)
		3245/8000 solved (4min 15sec)
		3246/8000 solved (4min 15sec)
		3247/8000 solved (4min 15sec)
		3248/8000 solved (4min 15sec)
		3249/8000 solved (4min 15sec)
		3250/8000 solved (4min 16sec)
		3251/8000 solved (4min 16sec)
		3252/8000 solved (4min 16sec)
		3253/8000 solved (4min 16sec)
		3254/8000 solved (4min 16sec)
		3255/8000 solved (4min 16sec)
		3256/8000 solved (4min 16sec)
		3257/8000 solved (4min 16sec)
		3258/8000 solved (4min 16sec)
		3259/8000 solved (4min 16sec)
		3260/8000 solved (4min 16sec)
		3261/8000 solved (4min 16sec)
		3262/8000 solved (4min 16sec)
		3263/8000 solved (4min 17sec)
		3264/8000 solved (4min 17sec)
		3265/8000 solved (4min 17sec)
		3266/8000 solved (4min 17sec)
		3267/8000 solved (4min 17sec)
		3268/8000 solved (4min 17sec)
		3269/8000 solved (4min 17sec)
		3270/8000 solved (4min 17sec)
		3271/8000 solved (4min 17sec)
		3272/8000 solved (4min 17sec)
		3273/8000 solved (4min 17sec)
		3274/8000 solved (4min 17sec)
		3275/8000 solved (4min 17sec)
		3276/8000 solved (4min 17sec)
		3277/8000 solved (4min 18sec)
		3278/8000 solved (4min 18sec)
		3279/8000 solved (4min 18sec)
		3280/8000 solved (4min 18sec)
		3281/8000 solved (4min 18sec)
		3282/8000 solved (4min 18sec)
		3283/8000 solved (4min 18sec)
		3284/8000 solved (4min 18sec)
		3285/8000 solved (4min 18sec)
		3286/8000 solved (4min 18sec)
		3287/8000 solved (4min 18sec)
		3288/8000 solved (4min 18sec)
		3289/8000 solved (4min 18sec)
		3290/8000 solved (4min 18sec)
		3291/8000 solved (4min 18sec)
		3292/8000 solved (4min 19sec)
		3293/8000 solved (4min 19sec)
		3294/8000 solved (4min 19sec)
		3295/8000 solved (4min 19sec)
		3296/8000 solved (4min 19sec)
		3297/8000 solved (4min 19sec)
		3298/8000 solved (4min 19sec)
		3299/8000 solved (4min 19sec)
		3300/8000 solved (4min 19sec)
		3301/8000 solved (4min 19sec)
		3302/8000 solved (4min 19sec)
		3303/8000 solved (4min 19sec)
		3304/8000 solved (4min 19sec)
		3305/8000 solved (4min 20sec)
		3306/8000 solved (4min 20sec)
		3307/8000 solved (4min 20sec)
		3308/8000 solved (4min 20sec)
		3309/8000 solved (4min 20sec)
		3310/8000 solved (4min 20sec)
		3311/8000 solved (4min 20sec)
		3312/8000 solved (4min 20sec)
		3313/8000 solved (4min 20sec)
		3314/8000 solved (4min 20sec)
		3315/8000 solved (4min 20sec)
		3316/8000 solved (4min 21sec)
		3317/8000 solved (4min 21sec)
		3318/8000 solved (4min 21sec)
		3319/8000 solved (4min 21sec)
		3320/8000 solved (4min 21sec)
		3321/8000 solved (4min 21sec)
		3322/8000 solved (4min 21sec)
		3323/8000 solved (4min 21sec)
		3324/8000 solved (4min 21sec)
		3325/8000 solved (4min 21sec)
		3326/8000 solved (4min 21sec)
		3327/8000 solved (4min 21sec)
		3328/8000 solved (4min 21sec)
		3329/8000 solved (4min 21sec)
		3330/8000 solved (4min 22sec)
		3331/8000 solved (4min 22sec)
		3332/8000 solved (4min 22sec)
		3333/8000 solved (4min 22sec)
		3334/8000 solved (4min 22sec)
		3335/8000 solved (4min 22sec)
		3336/8000 solved (4min 22sec)
		3337/8000 solved (4min 22sec)
		3338/8000 solved (4min 22sec)
		3339/8000 solved (4min 22sec)
		3340/8000 solved (4min 22sec)
		3341/8000 solved (4min 22sec)
		3342/8000 solved (4min 22sec)
		3343/8000 solved (4min 22sec)
		3344/8000 solved (4min 23sec)
		3345/8000 solved (4min 23sec)
		3346/8000 solved (4min 23sec)
		3347/8000 solved (4min 23sec)
		3348/8000 solved (4min 23sec)
		3349/8000 solved (4min 23sec)
		3350/8000 solved (4min 23sec)
		3351/8000 solved (4min 23sec)
		3352/8000 solved (4min 23sec)
		3353/8000 solved (4min 23sec)
		3354/8000 solved (4min 23sec)
		3355/8000 solved (4min 23sec)
		3356/8000 solved (4min 23sec)
		3357/8000 solved (4min 23sec)
		3358/8000 solved (4min 24sec)
		3359/8000 solved (4min 24sec)
		3360/8000 solved (4min 24sec)
		3361/8000 solved (4min 24sec)
		3362/8000 solved (4min 24sec)
		3363/8000 solved (4min 24sec)
		3364/8000 solved (4min 24sec)
		3365/8000 solved (4min 24sec)
		3366/8000 solved (4min 24sec)
		3367/8000 solved (4min 24sec)
		3368/8000 solved (4min 24sec)
		3369/8000 solved (4min 24sec)
		3370/8000 solved (4min 24sec)
		3371/8000 solved (4min 24sec)
		3372/8000 solved (4min 25sec)
		3373/8000 solved (4min 25sec)
		3374/8000 solved (4min 25sec)
		3375/8000 solved (4min 25sec)
		3376/8000 solved (4min 25sec)
		3377/8000 solved (4min 25sec)
		3378/8000 solved (4min 25sec)
		3379/8000 solved (4min 25sec)
		3380/8000 solved (4min 25sec)
		3381/8000 solved (4min 25sec)
		3382/8000 solved (4min 25sec)
		3383/8000 solved (4min 25sec)
		3384/8000 solved (4min 25sec)
		3385/8000 solved (4min 25sec)
		3386/8000 solved (4min 26sec)
		3387/8000 solved (4min 26sec)
		3388/8000 solved (4min 26sec)
		3389/8000 solved (4min 26sec)
		3390/8000 solved (4min 26sec)
		3391/8000 solved (4min 26sec)
		3392/8000 solved (4min 26sec)
		3393/8000 solved (4min 26sec)
		3394/8000 solved (4min 26sec)
		3395/8000 solved (4min 26sec)
		3396/8000 solved (4min 26sec)
		3397/8000 solved (4min 26sec)
		3398/8000 solved (4min 26sec)
		3399/8000 solved (4min 26sec)
		3400/8000 solved (4min 26sec)
		3401/8000 solved (4min 27sec)
		3402/8000 solved (4min 27sec)
		3403/8000 solved (4min 27sec)
		3404/8000 solved (4min 27sec)
		3405/8000 solved (4min 27sec)
		3406/8000 solved (4min 27sec)
		3407/8000 solved (4min 27sec)
		3408/8000 solved (4min 27sec)
		3409/8000 solved (4min 27sec)
		3410/8000 solved (4min 27sec)
		3411/8000 solved (4min 27sec)
		3412/8000 solved (4min 27sec)
		3413/8000 solved (4min 27sec)
		3414/8000 solved (4min 27sec)
		3415/8000 solved (4min 28sec)
		3416/8000 solved (4min 28sec)
		3417/8000 solved (4min 28sec)
		3418/8000 solved (4min 28sec)
		3419/8000 solved (4min 28sec)
		3420/8000 solved (4min 28sec)
		3421/8000 solved (4min 28sec)
		3422/8000 solved (4min 28sec)
		3423/8000 solved (4min 28sec)
		3424/8000 solved (4min 28sec)
		3425/8000 solved (4min 28sec)
		3426/8000 solved (4min 28sec)
		3427/8000 solved (4min 28sec)
		3428/8000 solved (4min 28sec)
		3429/8000 solved (4min 29sec)
		3430/8000 solved (4min 29sec)
		3431/8000 solved (4min 29sec)
		3432/8000 solved (4min 29sec)
		3433/8000 solved (4min 29sec)
		3434/8000 solved (4min 29sec)
		3435/8000 solved (4min 29sec)
		3436/8000 solved (4min 29sec)
		3437/8000 solved (4min 29sec)
		3438/8000 solved (4min 29sec)
		3439/8000 solved (4min 29sec)
		3440/8000 solved (4min 29sec)
		3441/8000 solved (4min 29sec)
		3442/8000 solved (4min 29sec)
		3443/8000 solved (4min 29sec)
		3444/8000 solved (4min 30sec)
		3445/8000 solved (4min 30sec)
		3446/8000 solved (4min 30sec)
		3447/8000 solved (4min 30sec)
		3448/8000 solved (4min 30sec)
		3449/8000 solved (4min 30sec)
		3450/8000 solved (4min 30sec)
		3451/8000 solved (4min 30sec)
		3452/8000 solved (4min 30sec)
		3453/8000 solved (4min 30sec)
		3454/8000 solved (4min 30sec)
		3455/8000 solved (4min 30sec)
		3456/8000 solved (4min 30sec)
		3457/8000 solved (4min 30sec)
		3458/8000 solved (4min 31sec)
		3459/8000 solved (4min 31sec)
		3460/8000 solved (4min 31sec)
		3461/8000 solved (4min 31sec)
		3462/8000 solved (4min 31sec)
		3463/8000 solved (4min 31sec)
		3464/8000 solved (4min 31sec)
		3465/8000 solved (4min 31sec)
		3466/8000 solved (4min 31sec)
		3467/8000 solved (4min 31sec)
		3468/8000 solved (4min 31sec)
		3469/8000 solved (4min 31sec)
		3470/8000 solved (4min 31sec)
		3471/8000 solved (4min 31sec)
		3472/8000 solved (4min 31sec)
		3473/8000 solved (4min 32sec)
		3474/8000 solved (4min 32sec)
		3475/8000 solved (4min 32sec)
		3476/8000 solved (4min 32sec)
		3477/8000 solved (4min 32sec)
		3478/8000 solved (4min 32sec)
		3479/8000 solved (4min 32sec)
		3480/8000 solved (4min 32sec)
		3481/8000 solved (4min 32sec)
		3482/8000 solved (4min 32sec)
		3483/8000 solved (4min 32sec)
		3484/8000 solved (4min 32sec)
		3485/8000 solved (4min 32sec)
		3486/8000 solved (4min 32sec)
		3487/8000 solved (4min 33sec)
		3488/8000 solved (4min 33sec)
		3489/8000 solved (4min 33sec)
		3490/8000 solved (4min 33sec)
		3491/8000 solved (4min 33sec)
		3492/8000 solved (4min 33sec)
		3493/8000 solved (4min 33sec)
		3494/8000 solved (4min 33sec)
		3495/8000 solved (4min 33sec)
		3496/8000 solved (4min 33sec)
		3497/8000 solved (4min 33sec)
		3498/8000 solved (4min 33sec)
		3499/8000 solved (4min 33sec)
		3500/8000 solved (4min 33sec)
		3501/8000 solved (4min 34sec)
		3502/8000 solved (4min 34sec)
		3503/8000 solved (4min 34sec)
		3504/8000 solved (4min 34sec)
		3505/8000 solved (4min 34sec)
		3506/8000 solved (4min 34sec)
		3507/8000 solved (4min 34sec)
		3508/8000 solved (4min 34sec)
		3509/8000 solved (4min 34sec)
		3510/8000 solved (4min 34sec)
		3511/8000 solved (4min 34sec)
		3512/8000 solved (4min 34sec)
		3513/8000 solved (4min 34sec)
		3514/8000 solved (4min 34sec)
		3515/8000 solved (4min 35sec)
		3516/8000 solved (4min 35sec)
		3517/8000 solved (4min 35sec)
		3518/8000 solved (4min 35sec)
		3519/8000 solved (4min 35sec)
		3520/8000 solved (4min 35sec)
		3521/8000 solved (4min 35sec)
		3522/8000 solved (4min 35sec)
		3523/8000 solved (4min 35sec)
		3524/8000 solved (4min 35sec)
		3525/8000 solved (4min 35sec)
		3526/8000 solved (4min 35sec)
		3527/8000 solved (4min 35sec)
		3528/8000 solved (4min 35sec)
		3529/8000 solved (4min 35sec)
		3530/8000 solved (4min 36sec)
		3531/8000 solved (4min 36sec)
		3532/8000 solved (4min 36sec)
		3533/8000 solved (4min 36sec)
		3534/8000 solved (4min 36sec)
		3535/8000 solved (4min 36sec)
		3536/8000 solved (4min 36sec)
		3537/8000 solved (4min 36sec)
		3538/8000 solved (4min 36sec)
		3539/8000 solved (4min 36sec)
		3540/8000 solved (4min 36sec)
		3541/8000 solved (4min 36sec)
		3542/8000 solved (4min 36sec)
		3543/8000 solved (4min 36sec)
		3544/8000 solved (4min 36sec)
		3545/8000 solved (4min 37sec)
		3546/8000 solved (4min 37sec)
		3547/8000 solved (4min 37sec)
		3548/8000 solved (4min 37sec)
		3549/8000 solved (4min 37sec)
		3550/8000 solved (4min 37sec)
		3551/8000 solved (4min 37sec)
		3552/8000 solved (4min 37sec)
		3553/8000 solved (4min 37sec)
		3554/8000 solved (4min 37sec)
		3555/8000 solved (4min 37sec)
		3556/8000 solved (4min 37sec)
		3557/8000 solved (4min 37sec)
		3558/8000 solved (4min 37sec)
		3559/8000 solved (4min 38sec)
		3560/8000 solved (4min 38sec)
		3561/8000 solved (4min 38sec)
		3562/8000 solved (4min 38sec)
		3563/8000 solved (4min 38sec)
		3564/8000 solved (4min 38sec)
		3565/8000 solved (4min 38sec)
		3566/8000 solved (4min 38sec)
		3567/8000 solved (4min 38sec)
		3568/8000 solved (4min 38sec)
		3569/8000 solved (4min 38sec)
		3570/8000 solved (4min 38sec)
		3571/8000 solved (4min 38sec)
		3572/8000 solved (4min 38sec)
		3573/8000 solved (4min 39sec)
		3574/8000 solved (4min 39sec)
		3575/8000 solved (4min 39sec)
		3576/8000 solved (4min 39sec)
		3577/8000 solved (4min 39sec)
		3578/8000 solved (4min 39sec)
		3579/8000 solved (4min 39sec)
		3580/8000 solved (4min 39sec)
		3581/8000 solved (4min 39sec)
		3582/8000 solved (4min 39sec)
		3583/8000 solved (4min 39sec)
		3584/8000 solved (4min 39sec)
		3585/8000 solved (4min 39sec)
		3586/8000 solved (4min 39sec)
		3587/8000 solved (4min 40sec)
		3588/8000 solved (4min 40sec)
		3589/8000 solved (4min 40sec)
		3590/8000 solved (4min 40sec)
		3591/8000 solved (4min 40sec)
		3592/8000 solved (4min 40sec)
		3593/8000 solved (4min 40sec)
		3594/8000 solved (4min 40sec)
		3595/8000 solved (4min 40sec)
		3596/8000 solved (4min 40sec)
		3597/8000 solved (4min 40sec)
		3598/8000 solved (4min 40sec)
		3599/8000 solved (4min 40sec)
		3600/8000 solved (4min 40sec)
		3601/8000 solved (4min 41sec)
		3602/8000 solved (4min 41sec)
		3603/8000 solved (4min 41sec)
		3604/8000 solved (4min 41sec)
		3605/8000 solved (4min 41sec)
		3606/8000 solved (4min 41sec)
		3607/8000 solved (4min 41sec)
		3608/8000 solved (4min 41sec)
		3609/8000 solved (4min 41sec)
		3610/8000 solved (4min 41sec)
		3611/8000 solved (4min 41sec)
		3612/8000 solved (4min 41sec)
		3613/8000 solved (4min 41sec)
		3614/8000 solved (4min 41sec)
		3615/8000 solved (4min 41sec)
		3616/8000 solved (4min 42sec)
		3617/8000 solved (4min 42sec)
		3618/8000 solved (4min 42sec)
		3619/8000 solved (4min 42sec)
		3620/8000 solved (4min 42sec)
		3621/8000 solved (4min 42sec)
		3622/8000 solved (4min 42sec)
		3623/8000 solved (4min 42sec)
		3624/8000 solved (4min 42sec)
		3625/8000 solved (4min 42sec)
		3626/8000 solved (4min 42sec)
		3627/8000 solved (4min 42sec)
		3628/8000 solved (4min 42sec)
		3629/8000 solved (4min 42sec)
		3630/8000 solved (4min 42sec)
		3631/8000 solved (4min 43sec)
		3632/8000 solved (4min 43sec)
		3633/8000 solved (4min 43sec)
		3634/8000 solved (4min 43sec)
		3635/8000 solved (4min 43sec)
		3636/8000 solved (4min 43sec)
		3637/8000 solved (4min 43sec)
		3638/8000 solved (4min 43sec)
		3639/8000 solved (4min 43sec)
		3640/8000 solved (4min 43sec)
		3641/8000 solved (4min 43sec)
		3642/8000 solved (4min 43sec)
		3643/8000 solved (4min 43sec)
		3644/8000 solved (4min 43sec)
		3645/8000 solved (4min 44sec)
		3646/8000 solved (4min 44sec)
		3647/8000 solved (4min 44sec)
		3648/8000 solved (4min 44sec)
		3649/8000 solved (4min 44sec)
		3650/8000 solved (4min 44sec)
		3651/8000 solved (4min 44sec)
		3652/8000 solved (4min 44sec)
		3653/8000 solved (4min 44sec)
		3654/8000 solved (4min 44sec)
		3655/8000 solved (4min 44sec)
		3656/8000 solved (4min 44sec)
		3657/8000 solved (4min 44sec)
		3658/8000 solved (4min 44sec)
		3659/8000 solved (4min 45sec)
		3660/8000 solved (4min 45sec)
		3661/8000 solved (4min 45sec)
		3662/8000 solved (4min 45sec)
		3663/8000 solved (4min 45sec)
		3664/8000 solved (4min 45sec)
		3665/8000 solved (4min 45sec)
		3666/8000 solved (4min 45sec)
		3667/8000 solved (4min 45sec)
		3668/8000 solved (4min 45sec)
		3669/8000 solved (4min 45sec)
		3670/8000 solved (4min 45sec)
		3671/8000 solved (4min 45sec)
		3672/8000 solved (4min 45sec)
		3673/8000 solved (4min 46sec)
		3674/8000 solved (4min 46sec)
		3675/8000 solved (4min 46sec)
		3676/8000 solved (4min 46sec)
		3677/8000 solved (4min 46sec)
		3678/8000 solved (4min 46sec)
		3679/8000 solved (4min 46sec)
		3680/8000 solved (4min 46sec)
		3681/8000 solved (4min 46sec)
		3682/8000 solved (4min 46sec)
		3683/8000 solved (4min 46sec)
		3684/8000 solved (4min 46sec)
		3685/8000 solved (4min 46sec)
		3686/8000 solved (4min 46sec)
		3687/8000 solved (4min 47sec)
		3688/8000 solved (4min 47sec)
		3689/8000 solved (4min 47sec)
		3690/8000 solved (4min 47sec)
		3691/8000 solved (4min 47sec)
		3692/8000 solved (4min 47sec)
		3693/8000 solved (4min 47sec)
		3694/8000 solved (4min 47sec)
		3695/8000 solved (4min 47sec)
		3696/8000 solved (4min 47sec)
		3697/8000 solved (4min 47sec)
		3698/8000 solved (4min 47sec)
		3699/8000 solved (4min 47sec)
		3700/8000 solved (4min 47sec)
		3701/8000 solved (4min 47sec)
		3702/8000 solved (4min 48sec)
		3703/8000 solved (4min 48sec)
		3704/8000 solved (4min 48sec)
		3705/8000 solved (4min 48sec)
		3706/8000 solved (4min 48sec)
		3707/8000 solved (4min 48sec)
		3708/8000 solved (4min 48sec)
		3709/8000 solved (4min 48sec)
		3710/8000 solved (4min 48sec)
		3711/8000 solved (4min 48sec)
		3712/8000 solved (4min 48sec)
		3713/8000 solved (4min 48sec)
		3714/8000 solved (4min 48sec)
		3715/8000 solved (4min 48sec)
		3716/8000 solved (4min 49sec)
		3717/8000 solved (4min 49sec)
		3718/8000 solved (4min 49sec)
		3719/8000 solved (4min 49sec)
		3720/8000 solved (4min 49sec)
		3721/8000 solved (4min 49sec)
		3722/8000 solved (4min 49sec)
		3723/8000 solved (4min 49sec)
		3724/8000 solved (4min 49sec)
		3725/8000 solved (4min 49sec)
		3726/8000 solved (4min 49sec)
		3727/8000 solved (4min 49sec)
		3728/8000 solved (4min 49sec)
		3729/8000 solved (4min 49sec)
		3730/8000 solved (4min 50sec)
		3731/8000 solved (4min 50sec)
		3732/8000 solved (4min 50sec)
		3733/8000 solved (4min 50sec)
		3734/8000 solved (4min 50sec)
		3735/8000 solved (4min 50sec)
		3736/8000 solved (4min 50sec)
		3737/8000 solved (4min 50sec)
		3738/8000 solved (4min 50sec)
		3739/8000 solved (4min 50sec)
		3740/8000 solved (4min 50sec)
		3741/8000 solved (4min 50sec)
		3742/8000 solved (4min 50sec)
		3743/8000 solved (4min 50sec)
		3744/8000 solved (4min 51sec)
		3745/8000 solved (4min 51sec)
		3746/8000 solved (4min 51sec)
		3747/8000 solved (4min 51sec)
		3748/8000 solved (4min 51sec)
		3749/8000 solved (4min 51sec)
		3750/8000 solved (4min 51sec)
		3751/8000 solved (4min 51sec)
		3752/8000 solved (4min 51sec)
		3753/8000 solved (4min 51sec)
		3754/8000 solved (4min 51sec)
		3755/8000 solved (4min 51sec)
		3756/8000 solved (4min 51sec)
		3757/8000 solved (4min 51sec)
		3758/8000 solved (4min 52sec)
		3759/8000 solved (4min 52sec)
		3760/8000 solved (4min 52sec)
		3761/8000 solved (4min 52sec)
		3762/8000 solved (4min 52sec)
		3763/8000 solved (4min 52sec)
		3764/8000 solved (4min 52sec)
		3765/8000 solved (4min 52sec)
		3766/8000 solved (4min 52sec)
		3767/8000 solved (4min 52sec)
		3768/8000 solved (4min 52sec)
		3769/8000 solved (4min 52sec)
		3770/8000 solved (4min 52sec)
		3771/8000 solved (4min 52sec)
		3772/8000 solved (4min 52sec)
		3773/8000 solved (4min 53sec)
		3774/8000 solved (4min 53sec)
		3775/8000 solved (4min 53sec)
		3776/8000 solved (4min 53sec)
		3777/8000 solved (4min 53sec)
		3778/8000 solved (4min 53sec)
		3779/8000 solved (4min 53sec)
		3780/8000 solved (4min 53sec)
		3781/8000 solved (4min 53sec)
		3782/8000 solved (4min 53sec)
		3783/8000 solved (4min 53sec)
		3784/8000 solved (4min 53sec)
		3785/8000 solved (4min 53sec)
		3786/8000 solved (4min 53sec)
		3787/8000 solved (4min 54sec)
		3788/8000 solved (4min 54sec)
		3789/8000 solved (4min 54sec)
		3790/8000 solved (4min 54sec)
		3791/8000 solved (4min 54sec)
		3792/8000 solved (4min 54sec)
		3793/8000 solved (4min 54sec)
		3794/8000 solved (4min 54sec)
		3795/8000 solved (4min 54sec)
		3796/8000 solved (4min 54sec)
		3797/8000 solved (4min 54sec)
		3798/8000 solved (4min 54sec)
		3799/8000 solved (4min 54sec)
		3800/8000 solved (4min 54sec)
		3801/8000 solved (4min 55sec)
		3802/8000 solved (4min 55sec)
		3803/8000 solved (4min 55sec)
		3804/8000 solved (4min 55sec)
		3805/8000 solved (4min 55sec)
		3806/8000 solved (4min 55sec)
		3807/8000 solved (4min 55sec)
		3808/8000 solved (4min 55sec)
		3809/8000 solved (4min 55sec)
		3810/8000 solved (4min 55sec)
		3811/8000 solved (4min 55sec)
		3812/8000 solved (4min 55sec)
		3813/8000 solved (4min 55sec)
		3814/8000 solved (4min 55sec)
		3815/8000 solved (4min 56sec)
		3816/8000 solved (4min 56sec)
		3817/8000 solved (4min 56sec)
		3818/8000 solved (4min 56sec)
		3819/8000 solved (4min 56sec)
		3820/8000 solved (4min 56sec)
		3821/8000 solved (4min 56sec)
		3822/8000 solved (4min 56sec)
		3823/8000 solved (4min 56sec)
		3824/8000 solved (4min 56sec)
		3825/8000 solved (4min 56sec)
		3826/8000 solved (4min 56sec)
		3827/8000 solved (4min 56sec)
		3828/8000 solved (4min 56sec)
		3829/8000 solved (4min 56sec)
		3830/8000 solved (4min 57sec)
		3831/8000 solved (4min 57sec)
		3832/8000 solved (4min 57sec)
		3833/8000 solved (4min 57sec)
		3834/8000 solved (4min 57sec)
		3835/8000 solved (4min 57sec)
		3836/8000 solved (4min 57sec)
		3837/8000 solved (4min 57sec)
		3838/8000 solved (4min 57sec)
		3839/8000 solved (4min 57sec)
		3840/8000 solved (4min 57sec)
		3841/8000 solved (4min 57sec)
		3842/8000 solved (4min 57sec)
		3843/8000 solved (4min 57sec)
		3844/8000 solved (4min 58sec)
		3845/8000 solved (4min 58sec)
		3846/8000 solved (4min 58sec)
		3847/8000 solved (4min 58sec)
		3848/8000 solved (4min 58sec)
		3849/8000 solved (4min 58sec)
		3850/8000 solved (4min 58sec)
		3851/8000 solved (4min 58sec)
		3852/8000 solved (4min 58sec)
		3853/8000 solved (4min 58sec)
		3854/8000 solved (4min 58sec)
		3855/8000 solved (4min 58sec)
		3856/8000 solved (4min 58sec)
		3857/8000 solved (4min 58sec)
		3858/8000 solved (4min 59sec)
		3859/8000 solved (4min 59sec)
		3860/8000 solved (4min 59sec)
		3861/8000 solved (4min 59sec)
		3862/8000 solved (4min 59sec)
		3863/8000 solved (4min 59sec)
		3864/8000 solved (4min 59sec)
		3865/8000 solved (4min 59sec)
		3866/8000 solved (4min 59sec)
		3867/8000 solved (4min 59sec)
		3868/8000 solved (4min 59sec)
		3869/8000 solved (4min 59sec)
		3870/8000 solved (4min 59sec)
		3871/8000 solved (4min 59sec)
		3872/8000 solved (5min 0sec)
		3873/8000 solved (5min 0sec)
		3874/8000 solved (5min 0sec)
		3875/8000 solved (5min 0sec)
		3876/8000 solved (5min 0sec)
		3877/8000 solved (5min 0sec)
		3878/8000 solved (5min 0sec)
		3879/8000 solved (5min 0sec)
		3880/8000 solved (5min 0sec)
		3881/8000 solved (5min 0sec)
		3882/8000 solved (5min 0sec)
		3883/8000 solved (5min 0sec)
		3884/8000 solved (5min 0sec)
		3885/8000 solved (5min 0sec)
		3886/8000 solved (5min 0sec)
		3887/8000 solved (5min 1sec)
		3888/8000 solved (5min 1sec)
		3889/8000 solved (5min 1sec)
		3890/8000 solved (5min 1sec)
		3891/8000 solved (5min 1sec)
		3892/8000 solved (5min 1sec)
		3893/8000 solved (5min 1sec)
		3894/8000 solved (5min 1sec)
		3895/8000 solved (5min 1sec)
		3896/8000 solved (5min 1sec)
		3897/8000 solved (5min 1sec)
		3898/8000 solved (5min 1sec)
		3899/8000 solved (5min 1sec)
		3900/8000 solved (5min 1sec)
		3901/8000 solved (5min 2sec)
		3902/8000 solved (5min 2sec)
		3903/8000 solved (5min 2sec)
		3904/8000 solved (5min 2sec)
		3905/8000 solved (5min 2sec)
		3906/8000 solved (5min 2sec)
		3907/8000 solved (5min 2sec)
		3908/8000 solved (5min 2sec)
		3909/8000 solved (5min 2sec)
		3910/8000 solved (5min 2sec)
		3911/8000 solved (5min 2sec)
		3912/8000 solved (5min 2sec)
		3913/8000 solved (5min 2sec)
		3914/8000 solved (5min 2sec)
		3915/8000 solved (5min 3sec)
		3916/8000 solved (5min 3sec)
		3917/8000 solved (5min 3sec)
		3918/8000 solved (5min 3sec)
		3919/8000 solved (5min 3sec)
		3920/8000 solved (5min 3sec)
		3921/8000 solved (5min 3sec)
		3922/8000 solved (5min 3sec)
		3923/8000 solved (5min 3sec)
		3924/8000 solved (5min 3sec)
		3925/8000 solved (5min 3sec)
		3926/8000 solved (5min 3sec)
		3927/8000 solved (5min 3sec)
		3928/8000 solved (5min 3sec)
		3929/8000 solved (5min 4sec)
		3930/8000 solved (5min 4sec)
		3931/8000 solved (5min 4sec)
		3932/8000 solved (5min 4sec)
		3933/8000 solved (5min 4sec)
		3934/8000 solved (5min 4sec)
		3935/8000 solved (5min 4sec)
		3936/8000 solved (5min 4sec)
		3937/8000 solved (5min 4sec)
		3938/8000 solved (5min 4sec)
		3939/8000 solved (5min 4sec)
		3940/8000 solved (5min 4sec)
		3941/8000 solved (5min 4sec)
		3942/8000 solved (5min 4sec)
		3943/8000 solved (5min 5sec)
		3944/8000 solved (5min 5sec)
		3945/8000 solved (5min 5sec)
		3946/8000 solved (5min 5sec)
		3947/8000 solved (5min 5sec)
		3948/8000 solved (5min 5sec)
		3949/8000 solved (5min 5sec)
		3950/8000 solved (5min 5sec)
		3951/8000 solved (5min 5sec)
		3952/8000 solved (5min 5sec)
		3953/8000 solved (5min 5sec)
		3954/8000 solved (5min 5sec)
		3955/8000 solved (5min 5sec)
		3956/8000 solved (5min 5sec)
		3957/8000 solved (5min 5sec)
		3958/8000 solved (5min 6sec)
		3959/8000 solved (5min 6sec)
		3960/8000 solved (5min 6sec)
		3961/8000 solved (5min 6sec)
		3962/8000 solved (5min 6sec)
		3963/8000 solved (5min 6sec)
		3964/8000 solved (5min 6sec)
		3965/8000 solved (5min 6sec)
		3966/8000 solved (5min 6sec)
		3967/8000 solved (5min 6sec)
		3968/8000 solved (5min 6sec)
		3969/8000 solved (5min 6sec)
		3970/8000 solved (5min 6sec)
		3971/8000 solved (5min 6sec)
		3972/8000 solved (5min 7sec)
		3973/8000 solved (5min 7sec)
		3974/8000 solved (5min 7sec)
		3975/8000 solved (5min 7sec)
		3976/8000 solved (5min 7sec)
		3977/8000 solved (5min 7sec)
		3978/8000 solved (5min 7sec)
		3979/8000 solved (5min 7sec)
		3980/8000 solved (5min 7sec)
		3981/8000 solved (5min 7sec)
		3982/8000 solved (5min 7sec)
		3983/8000 solved (5min 7sec)
		3984/8000 solved (5min 7sec)
		3985/8000 solved (5min 7sec)
		3986/8000 solved (5min 7sec)
		3987/8000 solved (5min 8sec)
		3988/8000 solved (5min 8sec)
		3989/8000 solved (5min 8sec)
		3990/8000 solved (5min 8sec)
		3991/8000 solved (5min 8sec)
		3992/8000 solved (5min 8sec)
		3993/8000 solved (5min 8sec)
		3994/8000 solved (5min 8sec)
		3995/8000 solved (5min 8sec)
		3996/8000 solved (5min 8sec)
		3997/8000 solved (5min 8sec)
		3998/8000 solved (5min 8sec)
		3999/8000 solved (5min 8sec)
		4000/8000 solved (5min 8sec)
		4001/8000 solved (5min 9sec)
		4002/8000 solved (5min 9sec)
		4003/8000 solved (5min 9sec)
		4004/8000 solved (5min 9sec)
		4005/8000 solved (5min 9sec)
		4006/8000 solved (5min 9sec)
		4007/8000 solved (5min 9sec)
		4008/8000 solved (5min 9sec)
		4009/8000 solved (5min 9sec)
		4010/8000 solved (5min 9sec)
		4011/8000 solved (5min 9sec)
		4012/8000 solved (5min 9sec)
		4013/8000 solved (5min 9sec)
		4014/8000 solved (5min 9sec)
		4015/8000 solved (5min 10sec)
		4016/8000 solved (5min 10sec)
		4017/8000 solved (5min 10sec)
		4018/8000 solved (5min 10sec)
		4019/8000 solved (5min 10sec)
		4020/8000 solved (5min 10sec)
		4021/8000 solved (5min 10sec)
		4022/8000 solved (5min 10sec)
		4023/8000 solved (5min 10sec)
		4024/8000 solved (5min 10sec)
		4025/8000 solved (5min 10sec)
		4026/8000 solved (5min 10sec)
		4027/8000 solved (5min 10sec)
		4028/8000 solved (5min 10sec)
		4029/8000 solved (5min 10sec)
		4030/8000 solved (5min 11sec)
		4031/8000 solved (5min 11sec)
		4032/8000 solved (5min 11sec)
		4033/8000 solved (5min 11sec)
		4034/8000 solved (5min 11sec)
		4035/8000 solved (5min 11sec)
		4036/8000 solved (5min 11sec)
		4037/8000 solved (5min 11sec)
		4038/8000 solved (5min 11sec)
		4039/8000 solved (5min 11sec)
		4040/8000 solved (5min 11sec)
		4041/8000 solved (5min 11sec)
		4042/8000 solved (5min 11sec)
		4043/8000 solved (5min 11sec)
		4044/8000 solved (5min 12sec)
		4045/8000 solved (5min 12sec)
		4046/8000 solved (5min 12sec)
		4047/8000 solved (5min 12sec)
		4048/8000 solved (5min 12sec)
		4049/8000 solved (5min 12sec)
		4050/8000 solved (5min 12sec)
		4051/8000 solved (5min 12sec)
		4052/8000 solved (5min 12sec)
		4053/8000 solved (5min 12sec)
		4054/8000 solved (5min 12sec)
		4055/8000 solved (5min 12sec)
		4056/8000 solved (5min 12sec)
		4057/8000 solved (5min 12sec)
		4058/8000 solved (5min 12sec)
		4059/8000 solved (5min 13sec)
		4060/8000 solved (5min 13sec)
		4061/8000 solved (5min 13sec)
		4062/8000 solved (5min 13sec)
		4063/8000 solved (5min 13sec)
		4064/8000 solved (5min 13sec)
		4065/8000 solved (5min 13sec)
		4066/8000 solved (5min 13sec)
		4067/8000 solved (5min 13sec)
		4068/8000 solved (5min 13sec)
		4069/8000 solved (5min 13sec)
		4070/8000 solved (5min 13sec)
		4071/8000 solved (5min 13sec)
		4072/8000 solved (5min 13sec)
		4073/8000 solved (5min 14sec)
		4074/8000 solved (5min 14sec)
		4075/8000 solved (5min 14sec)
		4076/8000 solved (5min 14sec)
		4077/8000 solved (5min 14sec)
		4078/8000 solved (5min 14sec)
		4079/8000 solved (5min 14sec)
		4080/8000 solved (5min 14sec)
		4081/8000 solved (5min 14sec)
		4082/8000 solved (5min 14sec)
		4083/8000 solved (5min 14sec)
		4084/8000 solved (5min 14sec)
		4085/8000 solved (5min 14sec)
		4086/8000 solved (5min 14sec)
		4087/8000 solved (5min 14sec)
		4088/8000 solved (5min 15sec)
		4089/8000 solved (5min 15sec)
		4090/8000 solved (5min 15sec)
		4091/8000 solved (5min 15sec)
		4092/8000 solved (5min 15sec)
		4093/8000 solved (5min 15sec)
		4094/8000 solved (5min 15sec)
		4095/8000 solved (5min 15sec)
		4096/8000 solved (5min 15sec)
		4097/8000 solved (5min 15sec)
		4098/8000 solved (5min 15sec)
		4099/8000 solved (5min 15sec)
		4100/8000 solved (5min 15sec)
		4101/8000 solved (5min 15sec)
		4102/8000 solved (5min 16sec)
		4103/8000 solved (5min 16sec)
		4104/8000 solved (5min 16sec)
		4105/8000 solved (5min 16sec)
		4106/8000 solved (5min 16sec)
		4107/8000 solved (5min 16sec)
		4108/8000 solved (5min 16sec)
		4109/8000 solved (5min 16sec)
		4110/8000 solved (5min 16sec)
		4111/8000 solved (5min 16sec)
		4112/8000 solved (5min 16sec)
		4113/8000 solved (5min 16sec)
		4114/8000 solved (5min 16sec)
		4115/8000 solved (5min 16sec)
		4116/8000 solved (5min 16sec)
		4117/8000 solved (5min 17sec)
		4118/8000 solved (5min 17sec)
		4119/8000 solved (5min 17sec)
		4120/8000 solved (5min 17sec)
		4121/8000 solved (5min 17sec)
		4122/8000 solved (5min 17sec)
		4123/8000 solved (5min 17sec)
		4124/8000 solved (5min 17sec)
		4125/8000 solved (5min 17sec)
		4126/8000 solved (5min 17sec)
		4127/8000 solved (5min 17sec)
		4128/8000 solved (5min 17sec)
		4129/8000 solved (5min 17sec)
		4130/8000 solved (5min 17sec)
		4131/8000 solved (5min 18sec)
		4132/8000 solved (5min 18sec)
		4133/8000 solved (5min 18sec)
		4134/8000 solved (5min 18sec)
		4135/8000 solved (5min 18sec)
		4136/8000 solved (5min 18sec)
		4137/8000 solved (5min 18sec)
		4138/8000 solved (5min 18sec)
		4139/8000 solved (5min 18sec)
		4140/8000 solved (5min 18sec)
		4141/8000 solved (5min 18sec)
		4142/8000 solved (5min 18sec)
		4143/8000 solved (5min 18sec)
		4144/8000 solved (5min 18sec)
		4145/8000 solved (5min 18sec)
		4146/8000 solved (5min 19sec)
		4147/8000 solved (5min 19sec)
		4148/8000 solved (5min 19sec)
		4149/8000 solved (5min 19sec)
		4150/8000 solved (5min 19sec)
		4151/8000 solved (5min 19sec)
		4152/8000 solved (5min 19sec)
		4153/8000 solved (5min 19sec)
		4154/8000 solved (5min 19sec)
		4155/8000 solved (5min 19sec)
		4156/8000 solved (5min 19sec)
		4157/8000 solved (5min 19sec)
		4158/8000 solved (5min 19sec)
		4159/8000 solved (5min 19sec)
		4160/8000 solved (5min 20sec)
		4161/8000 solved (5min 20sec)
		4162/8000 solved (5min 20sec)
		4163/8000 solved (5min 20sec)
		4164/8000 solved (5min 20sec)
		4165/8000 solved (5min 20sec)
		4166/8000 solved (5min 20sec)
		4167/8000 solved (5min 20sec)
		4168/8000 solved (5min 20sec)
		4169/8000 solved (5min 20sec)
		4170/8000 solved (5min 20sec)
		4171/8000 solved (5min 20sec)
		4172/8000 solved (5min 20sec)
		4173/8000 solved (5min 20sec)
		4174/8000 solved (5min 21sec)
		4175/8000 solved (5min 21sec)
		4176/8000 solved (5min 21sec)
		4177/8000 solved (5min 21sec)
		4178/8000 solved (5min 21sec)
		4179/8000 solved (5min 21sec)
		4180/8000 solved (5min 21sec)
		4181/8000 solved (5min 21sec)
		4182/8000 solved (5min 21sec)
		4183/8000 solved (5min 21sec)
		4184/8000 solved (5min 21sec)
		4185/8000 solved (5min 21sec)
		4186/8000 solved (5min 21sec)
		4187/8000 solved (5min 21sec)
		4188/8000 solved (5min 21sec)
		4189/8000 solved (5min 22sec)
		4190/8000 solved (5min 22sec)
		4191/8000 solved (5min 22sec)
		4192/8000 solved (5min 22sec)
		4193/8000 solved (5min 22sec)
		4194/8000 solved (5min 22sec)
		4195/8000 solved (5min 22sec)
		4196/8000 solved (5min 22sec)
		4197/8000 solved (5min 22sec)
		4198/8000 solved (5min 22sec)
		4199/8000 solved (5min 22sec)
		4200/8000 solved (5min 22sec)
		4201/8000 solved (5min 22sec)
		4202/8000 solved (5min 22sec)
		4203/8000 solved (5min 23sec)
		4204/8000 solved (5min 23sec)
		4205/8000 solved (5min 23sec)
		4206/8000 solved (5min 23sec)
		4207/8000 solved (5min 23sec)
		4208/8000 solved (5min 23sec)
		4209/8000 solved (5min 23sec)
		4210/8000 solved (5min 23sec)
		4211/8000 solved (5min 23sec)
		4212/8000 solved (5min 23sec)
		4213/8000 solved (5min 23sec)
		4214/8000 solved (5min 23sec)
		4215/8000 solved (5min 23sec)
		4216/8000 solved (5min 23sec)
		4217/8000 solved (5min 23sec)
		4218/8000 solved (5min 24sec)
		4219/8000 solved (5min 24sec)
		4220/8000 solved (5min 24sec)
		4221/8000 solved (5min 24sec)
		4222/8000 solved (5min 24sec)
		4223/8000 solved (5min 24sec)
		4224/8000 solved (5min 24sec)
		4225/8000 solved (5min 24sec)
		4226/8000 solved (5min 24sec)
		4227/8000 solved (5min 24sec)
		4228/8000 solved (5min 24sec)
		4229/8000 solved (5min 24sec)
		4230/8000 solved (5min 24sec)
		4231/8000 solved (5min 24sec)
		4232/8000 solved (5min 25sec)
		4233/8000 solved (5min 25sec)
		4234/8000 solved (5min 25sec)
		4235/8000 solved (5min 25sec)
		4236/8000 solved (5min 25sec)
		4237/8000 solved (5min 25sec)
		4238/8000 solved (5min 25sec)
		4239/8000 solved (5min 25sec)
		4240/8000 solved (5min 25sec)
		4241/8000 solved (5min 25sec)
		4242/8000 solved (5min 25sec)
		4243/8000 solved (5min 25sec)
		4244/8000 solved (5min 25sec)
		4245/8000 solved (5min 25sec)
		4246/8000 solved (5min 26sec)
		4247/8000 solved (5min 26sec)
		4248/8000 solved (5min 26sec)
		4249/8000 solved (5min 26sec)
		4250/8000 solved (5min 26sec)
		4251/8000 solved (5min 26sec)
		4252/8000 solved (5min 26sec)
		4253/8000 solved (5min 26sec)
		4254/8000 solved (5min 26sec)
		4255/8000 solved (5min 26sec)
		4256/8000 solved (5min 26sec)
		4257/8000 solved (5min 26sec)
		4258/8000 solved (5min 26sec)
		4259/8000 solved (5min 26sec)
		4260/8000 solved (5min 26sec)
		4261/8000 solved (5min 27sec)
		4262/8000 solved (5min 27sec)
		4263/8000 solved (5min 27sec)
		4264/8000 solved (5min 27sec)
		4265/8000 solved (5min 27sec)
		4266/8000 solved (5min 27sec)
		4267/8000 solved (5min 27sec)
		4268/8000 solved (5min 27sec)
		4269/8000 solved (5min 27sec)
		4270/8000 solved (5min 27sec)
		4271/8000 solved (5min 27sec)
		4272/8000 solved (5min 27sec)
		4273/8000 solved (5min 27sec)
		4274/8000 solved (5min 27sec)
		4275/8000 solved (5min 27sec)
		4276/8000 solved (5min 28sec)
		4277/8000 solved (5min 28sec)
		4278/8000 solved (5min 28sec)
		4279/8000 solved (5min 28sec)
		4280/8000 solved (5min 28sec)
		4281/8000 solved (5min 28sec)
		4282/8000 solved (5min 28sec)
		4283/8000 solved (5min 28sec)
		4284/8000 solved (5min 28sec)
		4285/8000 solved (5min 28sec)
		4286/8000 solved (5min 28sec)
		4287/8000 solved (5min 28sec)
		4288/8000 solved (5min 28sec)
		4289/8000 solved (5min 28sec)
		4290/8000 solved (5min 29sec)
		4291/8000 solved (5min 29sec)
		4292/8000 solved (5min 29sec)
		4293/8000 solved (5min 29sec)
		4294/8000 solved (5min 29sec)
		4295/8000 solved (5min 29sec)
		4296/8000 solved (5min 29sec)
		4297/8000 solved (5min 29sec)
		4298/8000 solved (5min 29sec)
		4299/8000 solved (5min 29sec)
		4300/8000 solved (5min 29sec)
		4301/8000 solved (5min 29sec)
		4302/8000 solved (5min 29sec)
		4303/8000 solved (5min 29sec)
		4304/8000 solved (5min 29sec)
		4305/8000 solved (5min 30sec)
		4306/8000 solved (5min 30sec)
		4307/8000 solved (5min 30sec)
		4308/8000 solved (5min 30sec)
		4309/8000 solved (5min 30sec)
		4310/8000 solved (5min 30sec)
		4311/8000 solved (5min 30sec)
		4312/8000 solved (5min 30sec)
		4313/8000 solved (5min 30sec)
		4314/8000 solved (5min 30sec)
		4315/8000 solved (5min 30sec)
		4316/8000 solved (5min 30sec)
		4317/8000 solved (5min 30sec)
		4318/8000 solved (5min 30sec)
		4319/8000 solved (5min 31sec)
		4320/8000 solved (5min 31sec)
		4321/8000 solved (5min 31sec)
		4322/8000 solved (5min 31sec)
		4323/8000 solved (5min 31sec)
		4324/8000 solved (5min 31sec)
		4325/8000 solved (5min 31sec)
		4326/8000 solved (5min 31sec)
		4327/8000 solved (5min 31sec)
		4328/8000 solved (5min 31sec)
		4329/8000 solved (5min 31sec)
		4330/8000 solved (5min 31sec)
		4331/8000 solved (5min 31sec)
		4332/8000 solved (5min 31sec)
		4333/8000 solved (5min 32sec)
		4334/8000 solved (5min 32sec)
		4335/8000 solved (5min 32sec)
		4336/8000 solved (5min 32sec)
		4337/8000 solved (5min 32sec)
		4338/8000 solved (5min 32sec)
		4339/8000 solved (5min 32sec)
		4340/8000 solved (5min 32sec)
		4341/8000 solved (5min 32sec)
		4342/8000 solved (5min 32sec)
		4343/8000 solved (5min 32sec)
		4344/8000 solved (5min 32sec)
		4345/8000 solved (5min 32sec)
		4346/8000 solved (5min 32sec)
		4347/8000 solved (5min 32sec)
		4348/8000 solved (5min 33sec)
		4349/8000 solved (5min 33sec)
		4350/8000 solved (5min 33sec)
		4351/8000 solved (5min 33sec)
		4352/8000 solved (5min 33sec)
		4353/8000 solved (5min 33sec)
		4354/8000 solved (5min 33sec)
		4355/8000 solved (5min 33sec)
		4356/8000 solved (5min 33sec)
		4357/8000 solved (5min 33sec)
		4358/8000 solved (5min 33sec)
		4359/8000 solved (5min 33sec)
		4360/8000 solved (5min 33sec)
		4361/8000 solved (5min 33sec)
		4362/8000 solved (5min 34sec)
		4363/8000 solved (5min 34sec)
		4364/8000 solved (5min 34sec)
		4365/8000 solved (5min 34sec)
		4366/8000 solved (5min 34sec)
		4367/8000 solved (5min 34sec)
		4368/8000 solved (5min 34sec)
		4369/8000 solved (5min 34sec)
		4370/8000 solved (5min 34sec)
		4371/8000 solved (5min 34sec)
		4372/8000 solved (5min 34sec)
		4373/8000 solved (5min 34sec)
		4374/8000 solved (5min 34sec)
		4375/8000 solved (5min 34sec)
		4376/8000 solved (5min 35sec)
		4377/8000 solved (5min 35sec)
		4378/8000 solved (5min 35sec)
		4379/8000 solved (5min 35sec)
		4380/8000 solved (5min 35sec)
		4381/8000 solved (5min 35sec)
		4382/8000 solved (5min 35sec)
		4383/8000 solved (5min 35sec)
		4384/8000 solved (5min 35sec)
		4385/8000 solved (5min 35sec)
		4386/8000 solved (5min 35sec)
		4387/8000 solved (5min 35sec)
		4388/8000 solved (5min 35sec)
		4389/8000 solved (5min 35sec)
		4390/8000 solved (5min 35sec)
		4391/8000 solved (5min 36sec)
		4392/8000 solved (5min 36sec)
		4393/8000 solved (5min 36sec)
		4394/8000 solved (5min 36sec)
		4395/8000 solved (5min 36sec)
		4396/8000 solved (5min 36sec)
		4397/8000 solved (5min 36sec)
		4398/8000 solved (5min 36sec)
		4399/8000 solved (5min 36sec)
		4400/8000 solved (5min 36sec)
		4401/8000 solved (5min 36sec)
		4402/8000 solved (5min 36sec)
		4403/8000 solved (5min 36sec)
		4404/8000 solved (5min 36sec)
		4405/8000 solved (5min 37sec)
		4406/8000 solved (5min 37sec)
		4407/8000 solved (5min 37sec)
		4408/8000 solved (5min 37sec)
		4409/8000 solved (5min 37sec)
		4410/8000 solved (5min 37sec)
		4411/8000 solved (5min 37sec)
		4412/8000 solved (5min 37sec)
		4413/8000 solved (5min 37sec)
		4414/8000 solved (5min 37sec)
		4415/8000 solved (5min 37sec)
		4416/8000 solved (5min 37sec)
		4417/8000 solved (5min 37sec)
		4418/8000 solved (5min 37sec)
		4419/8000 solved (5min 37sec)
		4420/8000 solved (5min 38sec)
		4421/8000 solved (5min 38sec)
		4422/8000 solved (5min 38sec)
		4423/8000 solved (5min 38sec)
		4424/8000 solved (5min 38sec)
		4425/8000 solved (5min 38sec)
		4426/8000 solved (5min 38sec)
		4427/8000 solved (5min 38sec)
		4428/8000 solved (5min 38sec)
		4429/8000 solved (5min 38sec)
		4430/8000 solved (5min 38sec)
		4431/8000 solved (5min 38sec)
		4432/8000 solved (5min 38sec)
		4433/8000 solved (5min 38sec)
		4434/8000 solved (5min 39sec)
		4435/8000 solved (5min 39sec)
		4436/8000 solved (5min 39sec)
		4437/8000 solved (5min 39sec)
		4438/8000 solved (5min 39sec)
		4439/8000 solved (5min 39sec)
		4440/8000 solved (5min 39sec)
		4441/8000 solved (5min 39sec)
		4442/8000 solved (5min 39sec)
		4443/8000 solved (5min 39sec)
		4444/8000 solved (5min 39sec)
		4445/8000 solved (5min 39sec)
		4446/8000 solved (5min 39sec)
		4447/8000 solved (5min 39sec)
		4448/8000 solved (5min 40sec)
		4449/8000 solved (5min 40sec)
		4450/8000 solved (5min 40sec)
		4451/8000 solved (5min 40sec)
		4452/8000 solved (5min 40sec)
		4453/8000 solved (5min 40sec)
		4454/8000 solved (5min 40sec)
		4455/8000 solved (5min 40sec)
		4456/8000 solved (5min 40sec)
		4457/8000 solved (5min 40sec)
		4458/8000 solved (5min 40sec)
		4459/8000 solved (5min 40sec)
		4460/8000 solved (5min 40sec)
		4461/8000 solved (5min 40sec)
		4462/8000 solved (5min 40sec)
		4463/8000 solved (5min 41sec)
		4464/8000 solved (5min 41sec)
		4465/8000 solved (5min 41sec)
		4466/8000 solved (5min 41sec)
		4467/8000 solved (5min 41sec)
		4468/8000 solved (5min 41sec)
		4469/8000 solved (5min 41sec)
		4470/8000 solved (5min 41sec)
		4471/8000 solved (5min 41sec)
		4472/8000 solved (5min 41sec)
		4473/8000 solved (5min 41sec)
		4474/8000 solved (5min 41sec)
		4475/8000 solved (5min 41sec)
		4476/8000 solved (5min 41sec)
		4477/8000 solved (5min 42sec)
		4478/8000 solved (5min 42sec)
		4479/8000 solved (5min 42sec)
		4480/8000 solved (5min 42sec)
		4481/8000 solved (5min 42sec)
		4482/8000 solved (5min 42sec)
		4483/8000 solved (5min 42sec)
		4484/8000 solved (5min 42sec)
		4485/8000 solved (5min 42sec)
		4486/8000 solved (5min 42sec)
		4487/8000 solved (5min 42sec)
		4488/8000 solved (5min 42sec)
		4489/8000 solved (5min 42sec)
		4490/8000 solved (5min 42sec)
		4491/8000 solved (5min 42sec)
		4492/8000 solved (5min 43sec)
		4493/8000 solved (5min 43sec)
		4494/8000 solved (5min 43sec)
		4495/8000 solved (5min 43sec)
		4496/8000 solved (5min 43sec)
		4497/8000 solved (5min 43sec)
		4498/8000 solved (5min 43sec)
		4499/8000 solved (5min 43sec)
		4500/8000 solved (5min 43sec)
		4501/8000 solved (5min 43sec)
		4502/8000 solved (5min 43sec)
		4503/8000 solved (5min 43sec)
		4504/8000 solved (5min 43sec)
		4505/8000 solved (5min 43sec)
		4506/8000 solved (5min 44sec)
		4507/8000 solved (5min 44sec)
		4508/8000 solved (5min 44sec)
		4509/8000 solved (5min 44sec)
		4510/8000 solved (5min 44sec)
		4511/8000 solved (5min 44sec)
		4512/8000 solved (5min 44sec)
		4513/8000 solved (5min 44sec)
		4514/8000 solved (5min 44sec)
		4515/8000 solved (5min 44sec)
		4516/8000 solved (5min 44sec)
		4517/8000 solved (5min 44sec)
		4518/8000 solved (5min 44sec)
		4519/8000 solved (5min 44sec)
		4520/8000 solved (5min 45sec)
		4521/8000 solved (5min 45sec)
		4522/8000 solved (5min 45sec)
		4523/8000 solved (5min 45sec)
		4524/8000 solved (5min 45sec)
		4525/8000 solved (5min 45sec)
		4526/8000 solved (5min 45sec)
		4527/8000 solved (5min 45sec)
		4528/8000 solved (5min 45sec)
		4529/8000 solved (5min 45sec)
		4530/8000 solved (5min 45sec)
		4531/8000 solved (5min 45sec)
		4532/8000 solved (5min 45sec)
		4533/8000 solved (5min 45sec)
		4534/8000 solved (5min 46sec)
		4535/8000 solved (5min 46sec)
		4536/8000 solved (5min 46sec)
		4537/8000 solved (5min 46sec)
		4538/8000 solved (5min 46sec)
		4539/8000 solved (5min 46sec)
		4540/8000 solved (5min 46sec)
		4541/8000 solved (5min 46sec)
		4542/8000 solved (5min 46sec)
		4543/8000 solved (5min 46sec)
		4544/8000 solved (5min 46sec)
		4545/8000 solved (5min 46sec)
		4546/8000 solved (5min 46sec)
		4547/8000 solved (5min 46sec)
		4548/8000 solved (5min 46sec)
		4549/8000 solved (5min 47sec)
		4550/8000 solved (5min 47sec)
		4551/8000 solved (5min 47sec)
		4552/8000 solved (5min 47sec)
		4553/8000 solved (5min 47sec)
		4554/8000 solved (5min 47sec)
		4555/8000 solved (5min 47sec)
		4556/8000 solved (5min 47sec)
		4557/8000 solved (5min 47sec)
		4558/8000 solved (5min 47sec)
		4559/8000 solved (5min 47sec)
		4560/8000 solved (5min 47sec)
		4561/8000 solved (5min 47sec)
		4562/8000 solved (5min 47sec)
		4563/8000 solved (5min 48sec)
		4564/8000 solved (5min 48sec)
		4565/8000 solved (5min 48sec)
		4566/8000 solved (5min 48sec)
		4567/8000 solved (5min 48sec)
		4568/8000 solved (5min 48sec)
		4569/8000 solved (5min 48sec)
		4570/8000 solved (5min 48sec)
		4571/8000 solved (5min 48sec)
		4572/8000 solved (5min 48sec)
		4573/8000 solved (5min 48sec)
		4574/8000 solved (5min 48sec)
		4575/8000 solved (5min 48sec)
		4576/8000 solved (5min 48sec)
		4577/8000 solved (5min 48sec)
		4578/8000 solved (5min 49sec)
		4579/8000 solved (5min 49sec)
		4580/8000 solved (5min 49sec)
		4581/8000 solved (5min 49sec)
		4582/8000 solved (5min 49sec)
		4583/8000 solved (5min 49sec)
		4584/8000 solved (5min 49sec)
		4585/8000 solved (5min 49sec)
		4586/8000 solved (5min 49sec)
		4587/8000 solved (5min 49sec)
		4588/8000 solved (5min 49sec)
		4589/8000 solved (5min 49sec)
		4590/8000 solved (5min 49sec)
		4591/8000 solved (5min 49sec)
		4592/8000 solved (5min 50sec)
		4593/8000 solved (5min 50sec)
		4594/8000 solved (5min 50sec)
		4595/8000 solved (5min 50sec)
		4596/8000 solved (5min 50sec)
		4597/8000 solved (5min 50sec)
		4598/8000 solved (5min 50sec)
		4599/8000 solved (5min 50sec)
		4600/8000 solved (5min 50sec)
		4601/8000 solved (5min 50sec)
		4602/8000 solved (5min 50sec)
		4603/8000 solved (5min 50sec)
		4604/8000 solved (5min 50sec)
		4605/8000 solved (5min 50sec)
		4606/8000 solved (5min 51sec)
		4607/8000 solved (5min 51sec)
		4608/8000 solved (5min 51sec)
		4609/8000 solved (5min 51sec)
		4610/8000 solved (5min 51sec)
		4611/8000 solved (5min 51sec)
		4612/8000 solved (5min 51sec)
		4613/8000 solved (5min 51sec)
		4614/8000 solved (5min 51sec)
		4615/8000 solved (5min 51sec)
		4616/8000 solved (5min 51sec)
		4617/8000 solved (5min 51sec)
		4618/8000 solved (5min 51sec)
		4619/8000 solved (5min 51sec)
		4620/8000 solved (5min 51sec)
		4621/8000 solved (5min 52sec)
		4622/8000 solved (5min 52sec)
		4623/8000 solved (5min 52sec)
		4624/8000 solved (5min 52sec)
		4625/8000 solved (5min 52sec)
		4626/8000 solved (5min 52sec)
		4627/8000 solved (5min 52sec)
		4628/8000 solved (5min 52sec)
		4629/8000 solved (5min 52sec)
		4630/8000 solved (5min 52sec)
		4631/8000 solved (5min 52sec)
		4632/8000 solved (5min 52sec)
		4633/8000 solved (5min 52sec)
		4634/8000 solved (5min 52sec)
		4635/8000 solved (5min 53sec)
		4636/8000 solved (5min 53sec)
		4637/8000 solved (5min 53sec)
		4638/8000 solved (5min 53sec)
		4639/8000 solved (5min 53sec)
		4640/8000 solved (5min 53sec)
		4641/8000 solved (5min 53sec)
		4642/8000 solved (5min 53sec)
		4643/8000 solved (5min 53sec)
		4644/8000 solved (5min 53sec)
		4645/8000 solved (5min 53sec)
		4646/8000 solved (5min 53sec)
		4647/8000 solved (5min 53sec)
		4648/8000 solved (5min 53sec)
		4649/8000 solved (5min 54sec)
		4650/8000 solved (5min 54sec)
		4651/8000 solved (5min 54sec)
		4652/8000 solved (5min 54sec)
		4653/8000 solved (5min 54sec)
		4654/8000 solved (5min 54sec)
		4655/8000 solved (5min 54sec)
		4656/8000 solved (5min 54sec)
		4657/8000 solved (5min 54sec)
		4658/8000 solved (5min 54sec)
		4659/8000 solved (5min 54sec)
		4660/8000 solved (5min 54sec)
		4661/8000 solved (5min 54sec)
		4662/8000 solved (5min 54sec)
		4663/8000 solved (5min 55sec)
		4664/8000 solved (5min 55sec)
		4665/8000 solved (5min 55sec)
		4666/8000 solved (5min 55sec)
		4667/8000 solved (5min 55sec)
		4668/8000 solved (5min 55sec)
		4669/8000 solved (5min 55sec)
		4670/8000 solved (5min 55sec)
		4671/8000 solved (5min 55sec)
		4672/8000 solved (5min 55sec)
		4673/8000 solved (5min 55sec)
		4674/8000 solved (5min 55sec)
		4675/8000 solved (5min 55sec)
		4676/8000 solved (5min 55sec)
		4677/8000 solved (5min 55sec)
		4678/8000 solved (5min 56sec)
		4679/8000 solved (5min 56sec)
		4680/8000 solved (5min 56sec)
		4681/8000 solved (5min 56sec)
		4682/8000 solved (5min 56sec)
		4683/8000 solved (5min 56sec)
		4684/8000 solved (5min 56sec)
		4685/8000 solved (5min 56sec)
		4686/8000 solved (5min 56sec)
		4687/8000 solved (5min 56sec)
		4688/8000 solved (5min 56sec)
		4689/8000 solved (5min 56sec)
		4690/8000 solved (5min 56sec)
		4691/8000 solved (5min 56sec)
		4692/8000 solved (5min 57sec)
		4693/8000 solved (5min 57sec)
		4694/8000 solved (5min 57sec)
		4695/8000 solved (5min 57sec)
		4696/8000 solved (5min 57sec)
		4697/8000 solved (5min 57sec)
		4698/8000 solved (5min 57sec)
		4699/8000 solved (5min 57sec)
		4700/8000 solved (5min 57sec)
		4701/8000 solved (5min 57sec)
		4702/8000 solved (5min 57sec)
		4703/8000 solved (5min 57sec)
		4704/8000 solved (5min 57sec)
		4705/8000 solved (5min 57sec)
		4706/8000 solved (5min 57sec)
		4707/8000 solved (5min 58sec)
		4708/8000 solved (5min 58sec)
		4709/8000 solved (5min 58sec)
		4710/8000 solved (5min 58sec)
		4711/8000 solved (5min 58sec)
		4712/8000 solved (5min 58sec)
		4713/8000 solved (5min 58sec)
		4714/8000 solved (5min 58sec)
		4715/8000 solved (5min 58sec)
		4716/8000 solved (5min 58sec)
		4717/8000 solved (5min 58sec)
		4718/8000 solved (5min 58sec)
		4719/8000 solved (5min 58sec)
		4720/8000 solved (5min 58sec)
		4721/8000 solved (5min 59sec)
		4722/8000 solved (5min 59sec)
		4723/8000 solved (5min 59sec)
		4724/8000 solved (5min 59sec)
		4725/8000 solved (5min 59sec)
		4726/8000 solved (5min 59sec)
		4727/8000 solved (5min 59sec)
		4728/8000 solved (5min 59sec)
		4729/8000 solved (5min 59sec)
		4730/8000 solved (5min 59sec)
		4731/8000 solved (5min 59sec)
		4732/8000 solved (5min 59sec)
		4733/8000 solved (5min 59sec)
		4734/8000 solved (5min 59sec)
		4735/8000 solved (6min 0sec)
		4736/8000 solved (6min 0sec)
		4737/8000 solved (6min 0sec)
		4738/8000 solved (6min 0sec)
		4739/8000 solved (6min 0sec)
		4740/8000 solved (6min 0sec)
		4741/8000 solved (6min 0sec)
		4742/8000 solved (6min 0sec)
		4743/8000 solved (6min 0sec)
		4744/8000 solved (6min 0sec)
		4745/8000 solved (6min 0sec)
		4746/8000 solved (6min 0sec)
		4747/8000 solved (6min 0sec)
		4748/8000 solved (6min 0sec)
		4749/8000 solved (6min 1sec)
		4750/8000 solved (6min 1sec)
		4751/8000 solved (6min 1sec)
		4752/8000 solved (6min 1sec)
		4753/8000 solved (6min 1sec)
		4754/8000 solved (6min 1sec)
		4755/8000 solved (6min 1sec)
		4756/8000 solved (6min 1sec)
		4757/8000 solved (6min 1sec)
		4758/8000 solved (6min 1sec)
		4759/8000 solved (6min 1sec)
		4760/8000 solved (6min 1sec)
		4761/8000 solved (6min 1sec)
		4762/8000 solved (6min 1sec)
		4763/8000 solved (6min 1sec)
		4764/8000 solved (6min 2sec)
		4765/8000 solved (6min 2sec)
		4766/8000 solved (6min 2sec)
		4767/8000 solved (6min 2sec)
		4768/8000 solved (6min 2sec)
		4769/8000 solved (6min 2sec)
		4770/8000 solved (6min 2sec)
		4771/8000 solved (6min 2sec)
		4772/8000 solved (6min 2sec)
		4773/8000 solved (6min 2sec)
		4774/8000 solved (6min 2sec)
		4775/8000 solved (6min 2sec)
		4776/8000 solved (6min 2sec)
		4777/8000 solved (6min 2sec)
		4778/8000 solved (6min 2sec)
		4779/8000 solved (6min 3sec)
		4780/8000 solved (6min 3sec)
		4781/8000 solved (6min 3sec)
		4782/8000 solved (6min 3sec)
		4783/8000 solved (6min 3sec)
		4784/8000 solved (6min 3sec)
		4785/8000 solved (6min 3sec)
		4786/8000 solved (6min 3sec)
		4787/8000 solved (6min 3sec)
		4788/8000 solved (6min 3sec)
		4789/8000 solved (6min 3sec)
		4790/8000 solved (6min 3sec)
		4791/8000 solved (6min 3sec)
		4792/8000 solved (6min 3sec)
		4793/8000 solved (6min 4sec)
		4794/8000 solved (6min 4sec)
		4795/8000 solved (6min 4sec)
		4796/8000 solved (6min 4sec)
		4797/8000 solved (6min 4sec)
		4798/8000 solved (6min 4sec)
		4799/8000 solved (6min 4sec)
		4800/8000 solved (6min 4sec)
		4801/8000 solved (6min 4sec)
		4802/8000 solved (6min 4sec)
		4803/8000 solved (6min 4sec)
		4804/8000 solved (6min 4sec)
		4805/8000 solved (6min 4sec)
		4806/8000 solved (6min 4sec)
		4807/8000 solved (6min 5sec)
		4808/8000 solved (6min 5sec)
		4809/8000 solved (6min 5sec)
		4810/8000 solved (6min 5sec)
		4811/8000 solved (6min 5sec)
		4812/8000 solved (6min 5sec)
		4813/8000 solved (6min 5sec)
		4814/8000 solved (6min 5sec)
		4815/8000 solved (6min 5sec)
		4816/8000 solved (6min 5sec)
		4817/8000 solved (6min 5sec)
		4818/8000 solved (6min 5sec)
		4819/8000 solved (6min 5sec)
		4820/8000 solved (6min 5sec)
		4821/8000 solved (6min 5sec)
		4822/8000 solved (6min 6sec)
		4823/8000 solved (6min 6sec)
		4824/8000 solved (6min 6sec)
		4825/8000 solved (6min 6sec)
		4826/8000 solved (6min 6sec)
		4827/8000 solved (6min 6sec)
		4828/8000 solved (6min 6sec)
		4829/8000 solved (6min 6sec)
		4830/8000 solved (6min 6sec)
		4831/8000 solved (6min 6sec)
		4832/8000 solved (6min 6sec)
		4833/8000 solved (6min 6sec)
		4834/8000 solved (6min 6sec)
		4835/8000 solved (6min 6sec)
		4836/8000 solved (6min 7sec)
		4837/8000 solved (6min 7sec)
		4838/8000 solved (6min 7sec)
		4839/8000 solved (6min 7sec)
		4840/8000 solved (6min 7sec)
		4841/8000 solved (6min 7sec)
		4842/8000 solved (6min 7sec)
		4843/8000 solved (6min 7sec)
		4844/8000 solved (6min 7sec)
		4845/8000 solved (6min 7sec)
		4846/8000 solved (6min 7sec)
		4847/8000 solved (6min 7sec)
		4848/8000 solved (6min 7sec)
		4849/8000 solved (6min 7sec)
		4850/8000 solved (6min 8sec)
		4851/8000 solved (6min 8sec)
		4852/8000 solved (6min 8sec)
		4853/8000 solved (6min 8sec)
		4854/8000 solved (6min 8sec)
		4855/8000 solved (6min 8sec)
		4856/8000 solved (6min 8sec)
		4857/8000 solved (6min 8sec)
		4858/8000 solved (6min 8sec)
		4859/8000 solved (6min 8sec)
		4860/8000 solved (6min 8sec)
		4861/8000 solved (6min 8sec)
		4862/8000 solved (6min 8sec)
		4863/8000 solved (6min 8sec)
		4864/8000 solved (6min 8sec)
		4865/8000 solved (6min 9sec)
		4866/8000 solved (6min 9sec)
		4867/8000 solved (6min 9sec)
		4868/8000 solved (6min 9sec)
		4869/8000 solved (6min 9sec)
		4870/8000 solved (6min 9sec)
		4871/8000 solved (6min 9sec)
		4872/8000 solved (6min 9sec)
		4873/8000 solved (6min 9sec)
		4874/8000 solved (6min 9sec)
		4875/8000 solved (6min 9sec)
		4876/8000 solved (6min 9sec)
		4877/8000 solved (6min 9sec)
		4878/8000 solved (6min 9sec)
		4879/8000 solved (6min 10sec)
		4880/8000 solved (6min 10sec)
		4881/8000 solved (6min 10sec)
		4882/8000 solved (6min 10sec)
		4883/8000 solved (6min 10sec)
		4884/8000 solved (6min 10sec)
		4885/8000 solved (6min 10sec)
		4886/8000 solved (6min 10sec)
		4887/8000 solved (6min 10sec)
		4888/8000 solved (6min 10sec)
		4889/8000 solved (6min 10sec)
		4890/8000 solved (6min 10sec)
		4891/8000 solved (6min 10sec)
		4892/8000 solved (6min 10sec)
		4893/8000 solved (6min 11sec)
		4894/8000 solved (6min 11sec)
		4895/8000 solved (6min 11sec)
		4896/8000 solved (6min 11sec)
		4897/8000 solved (6min 11sec)
		4898/8000 solved (6min 11sec)
		4899/8000 solved (6min 11sec)
		4900/8000 solved (6min 11sec)
		4901/8000 solved (6min 11sec)
		4902/8000 solved (6min 11sec)
		4903/8000 solved (6min 11sec)
		4904/8000 solved (6min 11sec)
		4905/8000 solved (6min 11sec)
		4906/8000 solved (6min 11sec)
		4907/8000 solved (6min 11sec)
		4908/8000 solved (6min 12sec)
		4909/8000 solved (6min 12sec)
		4910/8000 solved (6min 12sec)
		4911/8000 solved (6min 12sec)
		4912/8000 solved (6min 12sec)
		4913/8000 solved (6min 12sec)
		4914/8000 solved (6min 12sec)
		4915/8000 solved (6min 12sec)
		4916/8000 solved (6min 12sec)
		4917/8000 solved (6min 12sec)
		4918/8000 solved (6min 12sec)
		4919/8000 solved (6min 12sec)
		4920/8000 solved (6min 12sec)
		4921/8000 solved (6min 12sec)
		4922/8000 solved (6min 13sec)
		4923/8000 solved (6min 13sec)
		4924/8000 solved (6min 13sec)
		4925/8000 solved (6min 13sec)
		4926/8000 solved (6min 13sec)
		4927/8000 solved (6min 13sec)
		4928/8000 solved (6min 13sec)
		4929/8000 solved (6min 13sec)
		4930/8000 solved (6min 13sec)
		4931/8000 solved (6min 13sec)
		4932/8000 solved (6min 13sec)
		4933/8000 solved (6min 13sec)
		4934/8000 solved (6min 13sec)
		4935/8000 solved (6min 13sec)
		4936/8000 solved (6min 13sec)
		4937/8000 solved (6min 14sec)
		4938/8000 solved (6min 14sec)
		4939/8000 solved (6min 14sec)
		4940/8000 solved (6min 14sec)
		4941/8000 solved (6min 14sec)
		4942/8000 solved (6min 14sec)
		4943/8000 solved (6min 14sec)
		4944/8000 solved (6min 14sec)
		4945/8000 solved (6min 14sec)
		4946/8000 solved (6min 14sec)
		4947/8000 solved (6min 14sec)
		4948/8000 solved (6min 14sec)
		4949/8000 solved (6min 14sec)
		4950/8000 solved (6min 14sec)
		4951/8000 solved (6min 15sec)
		4952/8000 solved (6min 15sec)
		4953/8000 solved (6min 15sec)
		4954/8000 solved (6min 15sec)
		4955/8000 solved (6min 15sec)
		4956/8000 solved (6min 15sec)
		4957/8000 solved (6min 15sec)
		4958/8000 solved (6min 15sec)
		4959/8000 solved (6min 15sec)
		4960/8000 solved (6min 15sec)
		4961/8000 solved (6min 15sec)
		4962/8000 solved (6min 15sec)
		4963/8000 solved (6min 15sec)
		4964/8000 solved (6min 15sec)
		4965/8000 solved (6min 15sec)
		4966/8000 solved (6min 16sec)
		4967/8000 solved (6min 16sec)
		4968/8000 solved (6min 16sec)
		4969/8000 solved (6min 16sec)
		4970/8000 solved (6min 16sec)
		4971/8000 solved (6min 16sec)
		4972/8000 solved (6min 16sec)
		4973/8000 solved (6min 16sec)
		4974/8000 solved (6min 16sec)
		4975/8000 solved (6min 16sec)
		4976/8000 solved (6min 16sec)
		4977/8000 solved (6min 16sec)
		4978/8000 solved (6min 16sec)
		4979/8000 solved (6min 16sec)
		4980/8000 solved (6min 17sec)
		4981/8000 solved (6min 17sec)
		4982/8000 solved (6min 17sec)
		4983/8000 solved (6min 17sec)
		4984/8000 solved (6min 17sec)
		4985/8000 solved (6min 17sec)
		4986/8000 solved (6min 17sec)
		4987/8000 solved (6min 17sec)
		4988/8000 solved (6min 17sec)
		4989/8000 solved (6min 17sec)
		4990/8000 solved (6min 17sec)
		4991/8000 solved (6min 17sec)
		4992/8000 solved (6min 17sec)
		4993/8000 solved (6min 17sec)
		4994/8000 solved (6min 18sec)
		4995/8000 solved (6min 18sec)
		4996/8000 solved (6min 18sec)
		4997/8000 solved (6min 18sec)
		4998/8000 solved (6min 18sec)
		4999/8000 solved (6min 18sec)
		5000/8000 solved (6min 18sec)
		5001/8000 solved (6min 18sec)
		5002/8000 solved (6min 18sec)
		5003/8000 solved (6min 18sec)
		5004/8000 solved (6min 18sec)
		5005/8000 solved (6min 18sec)
		5006/8000 solved (6min 18sec)
		5007/8000 solved (6min 18sec)
		5008/8000 solved (6min 19sec)
		5009/8000 solved (6min 19sec)
		5010/8000 solved (6min 19sec)
		5011/8000 solved (6min 19sec)
		5012/8000 solved (6min 19sec)
		5013/8000 solved (6min 19sec)
		5014/8000 solved (6min 19sec)
		5015/8000 solved (6min 19sec)
		5016/8000 solved (6min 19sec)
		5017/8000 solved (6min 19sec)
		5018/8000 solved (6min 19sec)
		5019/8000 solved (6min 19sec)
		5020/8000 solved (6min 19sec)
		5021/8000 solved (6min 19sec)
		5022/8000 solved (6min 19sec)
		5023/8000 solved (6min 20sec)
		5024/8000 solved (6min 20sec)
		5025/8000 solved (6min 20sec)
		5026/8000 solved (6min 20sec)
		5027/8000 solved (6min 20sec)
		5028/8000 solved (6min 20sec)
		5029/8000 solved (6min 20sec)
		5030/8000 solved (6min 20sec)
		5031/8000 solved (6min 20sec)
		5032/8000 solved (6min 20sec)
		5033/8000 solved (6min 20sec)
		5034/8000 solved (6min 20sec)
		5035/8000 solved (6min 20sec)
		5036/8000 solved (6min 20sec)
		5037/8000 solved (6min 21sec)
		5038/8000 solved (6min 21sec)
		5039/8000 solved (6min 21sec)
		5040/8000 solved (6min 21sec)
		5041/8000 solved (6min 21sec)
		5042/8000 solved (6min 21sec)
		5043/8000 solved (6min 21sec)
		5044/8000 solved (6min 21sec)
		5045/8000 solved (6min 21sec)
		5046/8000 solved (6min 21sec)
		5047/8000 solved (6min 21sec)
		5048/8000 solved (6min 21sec)
		5049/8000 solved (6min 21sec)
		5050/8000 solved (6min 21sec)
		5051/8000 solved (6min 22sec)
		5052/8000 solved (6min 22sec)
		5053/8000 solved (6min 22sec)
		5054/8000 solved (6min 22sec)
		5055/8000 solved (6min 22sec)
		5056/8000 solved (6min 22sec)
		5057/8000 solved (6min 22sec)
		5058/8000 solved (6min 22sec)
		5059/8000 solved (6min 22sec)
		5060/8000 solved (6min 22sec)
		5061/8000 solved (6min 22sec)
		5062/8000 solved (6min 22sec)
		5063/8000 solved (6min 22sec)
		5064/8000 solved (6min 22sec)
		5065/8000 solved (6min 23sec)
		5066/8000 solved (6min 23sec)
		5067/8000 solved (6min 23sec)
		5068/8000 solved (6min 23sec)
		5069/8000 solved (6min 23sec)
		5070/8000 solved (6min 23sec)
		5071/8000 solved (6min 23sec)
		5072/8000 solved (6min 23sec)
		5073/8000 solved (6min 23sec)
		5074/8000 solved (6min 23sec)
		5075/8000 solved (6min 23sec)
		5076/8000 solved (6min 23sec)
		5077/8000 solved (6min 23sec)
		5078/8000 solved (6min 23sec)
		5079/8000 solved (6min 23sec)
		5080/8000 solved (6min 24sec)
		5081/8000 solved (6min 24sec)
		5082/8000 solved (6min 24sec)
		5083/8000 solved (6min 24sec)
		5084/8000 solved (6min 24sec)
		5085/8000 solved (6min 24sec)
		5086/8000 solved (6min 24sec)
		5087/8000 solved (6min 24sec)
		5088/8000 solved (6min 24sec)
		5089/8000 solved (6min 24sec)
		5090/8000 solved (6min 24sec)
		5091/8000 solved (6min 24sec)
		5092/8000 solved (6min 24sec)
		5093/8000 solved (6min 24sec)
		5094/8000 solved (6min 25sec)
		5095/8000 solved (6min 25sec)
		5096/8000 solved (6min 25sec)
		5097/8000 solved (6min 25sec)
		5098/8000 solved (6min 25sec)
		5099/8000 solved (6min 25sec)
		5100/8000 solved (6min 25sec)
		5101/8000 solved (6min 25sec)
		5102/8000 solved (6min 25sec)
		5103/8000 solved (6min 25sec)
		5104/8000 solved (6min 25sec)
		5105/8000 solved (6min 25sec)
		5106/8000 solved (6min 25sec)
		5107/8000 solved (6min 25sec)
		5108/8000 solved (6min 26sec)
		5109/8000 solved (6min 26sec)
		5110/8000 solved (6min 26sec)
		5111/8000 solved (6min 26sec)
		5112/8000 solved (6min 26sec)
		5113/8000 solved (6min 26sec)
		5114/8000 solved (6min 26sec)
		5115/8000 solved (6min 26sec)
		5116/8000 solved (6min 26sec)
		5117/8000 solved (6min 26sec)
		5118/8000 solved (6min 26sec)
		5119/8000 solved (6min 26sec)
		5120/8000 solved (6min 26sec)
		5121/8000 solved (6min 26sec)
		5122/8000 solved (6min 26sec)
		5123/8000 solved (6min 27sec)
		5124/8000 solved (6min 27sec)
		5125/8000 solved (6min 27sec)
		5126/8000 solved (6min 27sec)
		5127/8000 solved (6min 27sec)
		5128/8000 solved (6min 27sec)
		5129/8000 solved (6min 27sec)
		5130/8000 solved (6min 27sec)
		5131/8000 solved (6min 27sec)
		5132/8000 solved (6min 27sec)
		5133/8000 solved (6min 27sec)
		5134/8000 solved (6min 27sec)
		5135/8000 solved (6min 27sec)
		5136/8000 solved (6min 27sec)
		5137/8000 solved (6min 28sec)
		5138/8000 solved (6min 28sec)
		5139/8000 solved (6min 28sec)
		5140/8000 solved (6min 28sec)
		5141/8000 solved (6min 28sec)
		5142/8000 solved (6min 28sec)
		5143/8000 solved (6min 28sec)
		5144/8000 solved (6min 28sec)
		5145/8000 solved (6min 28sec)
		5146/8000 solved (6min 28sec)
		5147/8000 solved (6min 28sec)
		5148/8000 solved (6min 28sec)
		5149/8000 solved (6min 28sec)
		5150/8000 solved (6min 28sec)
		5151/8000 solved (6min 28sec)
		5152/8000 solved (6min 29sec)
		5153/8000 solved (6min 29sec)
		5154/8000 solved (6min 29sec)
		5155/8000 solved (6min 29sec)
		5156/8000 solved (6min 29sec)
		5157/8000 solved (6min 29sec)
		5158/8000 solved (6min 29sec)
		5159/8000 solved (6min 29sec)
		5160/8000 solved (6min 29sec)
		5161/8000 solved (6min 29sec)
		5162/8000 solved (6min 29sec)
		5163/8000 solved (6min 29sec)
		5164/8000 solved (6min 29sec)
		5165/8000 solved (6min 29sec)
		5166/8000 solved (6min 30sec)
		5167/8000 solved (6min 30sec)
		5168/8000 solved (6min 30sec)
		5169/8000 solved (6min 30sec)
		5170/8000 solved (6min 30sec)
		5171/8000 solved (6min 30sec)
		5172/8000 solved (6min 30sec)
		5173/8000 solved (6min 30sec)
		5174/8000 solved (6min 30sec)
		5175/8000 solved (6min 30sec)
		5176/8000 solved (6min 30sec)
		5177/8000 solved (6min 30sec)
		5178/8000 solved (6min 30sec)
		5179/8000 solved (6min 30sec)
		5180/8000 solved (6min 31sec)
		5181/8000 solved (6min 31sec)
		5182/8000 solved (6min 31sec)
		5183/8000 solved (6min 31sec)
		5184/8000 solved (6min 31sec)
		5185/8000 solved (6min 31sec)
		5186/8000 solved (6min 31sec)
		5187/8000 solved (6min 31sec)
		5188/8000 solved (6min 31sec)
		5189/8000 solved (6min 31sec)
		5190/8000 solved (6min 31sec)
		5191/8000 solved (6min 31sec)
		5192/8000 solved (6min 31sec)
		5193/8000 solved (6min 31sec)
		5194/8000 solved (6min 31sec)
		5195/8000 solved (6min 32sec)
		5196/8000 solved (6min 32sec)
		5197/8000 solved (6min 32sec)
		5198/8000 solved (6min 32sec)
		5199/8000 solved (6min 32sec)
		5200/8000 solved (6min 32sec)
		5201/8000 solved (6min 32sec)
		5202/8000 solved (6min 32sec)
		5203/8000 solved (6min 32sec)
		5204/8000 solved (6min 32sec)
		5205/8000 solved (6min 32sec)
		5206/8000 solved (6min 32sec)
		5207/8000 solved (6min 32sec)
		5208/8000 solved (6min 32sec)
		5209/8000 solved (6min 33sec)
		5210/8000 solved (6min 33sec)
		5211/8000 solved (6min 33sec)
		5212/8000 solved (6min 33sec)
		5213/8000 solved (6min 33sec)
		5214/8000 solved (6min 33sec)
		5215/8000 solved (6min 33sec)
		5216/8000 solved (6min 33sec)
		5217/8000 solved (6min 33sec)
		5218/8000 solved (6min 33sec)
		5219/8000 solved (6min 33sec)
		5220/8000 solved (6min 33sec)
		5221/8000 solved (6min 33sec)
		5222/8000 solved (6min 33sec)
		5223/8000 solved (6min 33sec)
		5224/8000 solved (6min 34sec)
		5225/8000 solved (6min 34sec)
		5226/8000 solved (6min 34sec)
		5227/8000 solved (6min 34sec)
		5228/8000 solved (6min 34sec)
		5229/8000 solved (6min 34sec)
		5230/8000 solved (6min 34sec)
		5231/8000 solved (6min 34sec)
		5232/8000 solved (6min 34sec)
		5233/8000 solved (6min 34sec)
		5234/8000 solved (6min 34sec)
		5235/8000 solved (6min 34sec)
		5236/8000 solved (6min 34sec)
		5237/8000 solved (6min 34sec)
		5238/8000 solved (6min 35sec)
		5239/8000 solved (6min 35sec)
		5240/8000 solved (6min 35sec)
		5241/8000 solved (6min 35sec)
		5242/8000 solved (6min 35sec)
		5243/8000 solved (6min 35sec)
		5244/8000 solved (6min 35sec)
		5245/8000 solved (6min 35sec)
		5246/8000 solved (6min 35sec)
		5247/8000 solved (6min 35sec)
		5248/8000 solved (6min 35sec)
		5249/8000 solved (6min 35sec)
		5250/8000 solved (6min 35sec)
		5251/8000 solved (6min 35sec)
		5252/8000 solved (6min 36sec)
		5253/8000 solved (6min 36sec)
		5254/8000 solved (6min 36sec)
		5255/8000 solved (6min 36sec)
		5256/8000 solved (6min 36sec)
		5257/8000 solved (6min 36sec)
		5258/8000 solved (6min 36sec)
		5259/8000 solved (6min 36sec)
		5260/8000 solved (6min 36sec)
		5261/8000 solved (6min 36sec)
		5262/8000 solved (6min 36sec)
		5263/8000 solved (6min 36sec)
		5264/8000 solved (6min 36sec)
		5265/8000 solved (6min 36sec)
		5266/8000 solved (6min 36sec)
		5267/8000 solved (6min 37sec)
		5268/8000 solved (6min 37sec)
		5269/8000 solved (6min 37sec)
		5270/8000 solved (6min 37sec)
		5271/8000 solved (6min 37sec)
		5272/8000 solved (6min 37sec)
		5273/8000 solved (6min 37sec)
		5274/8000 solved (6min 37sec)
		5275/8000 solved (6min 37sec)
		5276/8000 solved (6min 37sec)
		5277/8000 solved (6min 37sec)
		5278/8000 solved (6min 37sec)
		5279/8000 solved (6min 37sec)
		5280/8000 solved (6min 38sec)
		5281/8000 solved (6min 38sec)
		5282/8000 solved (6min 38sec)
		5283/8000 solved (6min 38sec)
		5284/8000 solved (6min 38sec)
		5285/8000 solved (6min 38sec)
		5286/8000 solved (6min 38sec)
		5287/8000 solved (6min 38sec)
		5288/8000 solved (6min 38sec)
		5289/8000 solved (6min 38sec)
		5290/8000 solved (6min 38sec)
		5291/8000 solved (6min 38sec)
		5292/8000 solved (6min 38sec)
		5293/8000 solved (6min 38sec)
		5294/8000 solved (6min 38sec)
		5295/8000 solved (6min 39sec)
		5296/8000 solved (6min 39sec)
		5297/8000 solved (6min 39sec)
		5298/8000 solved (6min 39sec)
		5299/8000 solved (6min 39sec)
		5300/8000 solved (6min 39sec)
		5301/8000 solved (6min 39sec)
		5302/8000 solved (6min 39sec)
		5303/8000 solved (6min 39sec)
		5304/8000 solved (6min 39sec)
		5305/8000 solved (6min 39sec)
		5306/8000 solved (6min 39sec)
		5307/8000 solved (6min 39sec)
		5308/8000 solved (6min 39sec)
		5309/8000 solved (6min 40sec)
		5310/8000 solved (6min 40sec)
		5311/8000 solved (6min 40sec)
		5312/8000 solved (6min 40sec)
		5313/8000 solved (6min 40sec)
		5314/8000 solved (6min 40sec)
		5315/8000 solved (6min 40sec)
		5316/8000 solved (6min 40sec)
		5317/8000 solved (6min 40sec)
		5318/8000 solved (6min 40sec)
		5319/8000 solved (6min 40sec)
		5320/8000 solved (6min 40sec)
		5321/8000 solved (6min 40sec)
		5322/8000 solved (6min 40sec)
		5323/8000 solved (6min 41sec)
		5324/8000 solved (6min 41sec)
		5325/8000 solved (6min 41sec)
		5326/8000 solved (6min 41sec)
		5327/8000 solved (6min 41sec)
		5328/8000 solved (6min 41sec)
		5329/8000 solved (6min 41sec)
		5330/8000 solved (6min 41sec)
		5331/8000 solved (6min 41sec)
		5332/8000 solved (6min 41sec)
		5333/8000 solved (6min 41sec)
		5334/8000 solved (6min 41sec)
		5335/8000 solved (6min 41sec)
		5336/8000 solved (6min 41sec)
		5337/8000 solved (6min 41sec)
		5338/8000 solved (6min 42sec)
		5339/8000 solved (6min 42sec)
		5340/8000 solved (6min 42sec)
		5341/8000 solved (6min 42sec)
		5342/8000 solved (6min 42sec)
		5343/8000 solved (6min 42sec)
		5344/8000 solved (6min 42sec)
		5345/8000 solved (6min 42sec)
		5346/8000 solved (6min 42sec)
		5347/8000 solved (6min 42sec)
		5348/8000 solved (6min 42sec)
		5349/8000 solved (6min 42sec)
		5350/8000 solved (6min 42sec)
		5351/8000 solved (6min 42sec)
		5352/8000 solved (6min 43sec)
		5353/8000 solved (6min 43sec)
		5354/8000 solved (6min 43sec)
		5355/8000 solved (6min 43sec)
		5356/8000 solved (6min 43sec)
		5357/8000 solved (6min 43sec)
		5358/8000 solved (6min 43sec)
		5359/8000 solved (6min 43sec)
		5360/8000 solved (6min 43sec)
		5361/8000 solved (6min 43sec)
		5362/8000 solved (6min 43sec)
		5363/8000 solved (6min 43sec)
		5364/8000 solved (6min 43sec)
		5365/8000 solved (6min 43sec)
		5366/8000 solved (6min 44sec)
		5367/8000 solved (6min 44sec)
		5368/8000 solved (6min 44sec)
		5369/8000 solved (6min 44sec)
		5370/8000 solved (6min 44sec)
		5371/8000 solved (6min 44sec)
		5372/8000 solved (6min 44sec)
		5373/8000 solved (6min 44sec)
		5374/8000 solved (6min 44sec)
		5375/8000 solved (6min 44sec)
		5376/8000 solved (6min 44sec)
		5377/8000 solved (6min 44sec)
		5378/8000 solved (6min 44sec)
		5379/8000 solved (6min 44sec)
		5380/8000 solved (6min 45sec)
		5381/8000 solved (6min 45sec)
		5382/8000 solved (6min 45sec)
		5383/8000 solved (6min 45sec)
		5384/8000 solved (6min 45sec)
		5385/8000 solved (6min 45sec)
		5386/8000 solved (6min 45sec)
		5387/8000 solved (6min 45sec)
		5388/8000 solved (6min 45sec)
		5389/8000 solved (6min 45sec)
		5390/8000 solved (6min 45sec)
		5391/8000 solved (6min 45sec)
		5392/8000 solved (6min 45sec)
		5393/8000 solved (6min 45sec)
		5394/8000 solved (6min 46sec)
		5395/8000 solved (6min 46sec)
		5396/8000 solved (6min 46sec)
		5397/8000 solved (6min 46sec)
		5398/8000 solved (6min 46sec)
		5399/8000 solved (6min 46sec)
		5400/8000 solved (6min 46sec)
		5401/8000 solved (6min 46sec)
		5402/8000 solved (6min 46sec)
		5403/8000 solved (6min 46sec)
		5404/8000 solved (6min 46sec)
		5405/8000 solved (6min 46sec)
		5406/8000 solved (6min 46sec)
		5407/8000 solved (6min 46sec)
		5408/8000 solved (6min 46sec)
		5409/8000 solved (6min 47sec)
		5410/8000 solved (6min 47sec)
		5411/8000 solved (6min 47sec)
		5412/8000 solved (6min 47sec)
		5413/8000 solved (6min 47sec)
		5414/8000 solved (6min 47sec)
		5415/8000 solved (6min 47sec)
		5416/8000 solved (6min 47sec)
		5417/8000 solved (6min 47sec)
		5418/8000 solved (6min 47sec)
		5419/8000 solved (6min 47sec)
		5420/8000 solved (6min 47sec)
		5421/8000 solved (6min 47sec)
		5422/8000 solved (6min 47sec)
		5423/8000 solved (6min 48sec)
		5424/8000 solved (6min 48sec)
		5425/8000 solved (6min 48sec)
		5426/8000 solved (6min 48sec)
		5427/8000 solved (6min 48sec)
		5428/8000 solved (6min 48sec)
		5429/8000 solved (6min 48sec)
		5430/8000 solved (6min 48sec)
		5431/8000 solved (6min 48sec)
		5432/8000 solved (6min 48sec)
		5433/8000 solved (6min 48sec)
		5434/8000 solved (6min 48sec)
		5435/8000 solved (6min 48sec)
		5436/8000 solved (6min 49sec)
		5437/8000 solved (6min 49sec)
		5438/8000 solved (6min 49sec)
		5439/8000 solved (6min 49sec)
		5440/8000 solved (6min 49sec)
		5441/8000 solved (6min 49sec)
		5442/8000 solved (6min 49sec)
		5443/8000 solved (6min 49sec)
		5444/8000 solved (6min 49sec)
		5445/8000 solved (6min 49sec)
		5446/8000 solved (6min 49sec)
		5447/8000 solved (6min 49sec)
		5448/8000 solved (6min 49sec)
		5449/8000 solved (6min 49sec)
		5450/8000 solved (6min 49sec)
		5451/8000 solved (6min 50sec)
		5452/8000 solved (6min 50sec)
		5453/8000 solved (6min 50sec)
		5454/8000 solved (6min 50sec)
		5455/8000 solved (6min 50sec)
		5456/8000 solved (6min 50sec)
		5457/8000 solved (6min 50sec)
		5458/8000 solved (6min 50sec)
		5459/8000 solved (6min 50sec)
		5460/8000 solved (6min 50sec)
		5461/8000 solved (6min 50sec)
		5462/8000 solved (6min 50sec)
		5463/8000 solved (6min 50sec)
		5464/8000 solved (6min 50sec)
		5465/8000 solved (6min 51sec)
		5466/8000 solved (6min 51sec)
		5467/8000 solved (6min 51sec)
		5468/8000 solved (6min 51sec)
		5469/8000 solved (6min 51sec)
		5470/8000 solved (6min 51sec)
		5471/8000 solved (6min 51sec)
		5472/8000 solved (6min 51sec)
		5473/8000 solved (6min 51sec)
		5474/8000 solved (6min 51sec)
		5475/8000 solved (6min 51sec)
		5476/8000 solved (6min 51sec)
		5477/8000 solved (6min 51sec)
		5478/8000 solved (6min 51sec)
		5479/8000 solved (6min 52sec)
		5480/8000 solved (6min 52sec)
		5481/8000 solved (6min 52sec)
		5482/8000 solved (6min 52sec)
		5483/8000 solved (6min 52sec)
		5484/8000 solved (6min 52sec)
		5485/8000 solved (6min 52sec)
		5486/8000 solved (6min 52sec)
		5487/8000 solved (6min 52sec)
		5488/8000 solved (6min 52sec)
		5489/8000 solved (6min 52sec)
		5490/8000 solved (6min 52sec)
		5491/8000 solved (6min 52sec)
		5492/8000 solved (6min 52sec)
		5493/8000 solved (6min 52sec)
		5494/8000 solved (6min 53sec)
		5495/8000 solved (6min 53sec)
		5496/8000 solved (6min 53sec)
		5497/8000 solved (6min 53sec)
		5498/8000 solved (6min 53sec)
		5499/8000 solved (6min 53sec)
		5500/8000 solved (6min 53sec)
		5501/8000 solved (6min 53sec)
		5502/8000 solved (6min 53sec)
		5503/8000 solved (6min 53sec)
		5504/8000 solved (6min 53sec)
		5505/8000 solved (6min 53sec)
		5506/8000 solved (6min 53sec)
		5507/8000 solved (6min 53sec)
		5508/8000 solved (6min 54sec)
		5509/8000 solved (6min 54sec)
		5510/8000 solved (6min 54sec)
		5511/8000 solved (6min 54sec)
		5512/8000 solved (6min 54sec)
		5513/8000 solved (6min 54sec)
		5514/8000 solved (6min 54sec)
		5515/8000 solved (6min 54sec)
		5516/8000 solved (6min 54sec)
		5517/8000 solved (6min 54sec)
		5518/8000 solved (6min 54sec)
		5519/8000 solved (6min 54sec)
		5520/8000 solved (6min 54sec)
		5521/8000 solved (6min 54sec)
		5522/8000 solved (6min 55sec)
		5523/8000 solved (6min 55sec)
		5524/8000 solved (6min 55sec)
		5525/8000 solved (6min 55sec)
		5526/8000 solved (6min 55sec)
		5527/8000 solved (6min 55sec)
		5528/8000 solved (6min 55sec)
		5529/8000 solved (6min 55sec)
		5530/8000 solved (6min 55sec)
		5531/8000 solved (6min 55sec)
		5532/8000 solved (6min 55sec)
		5533/8000 solved (6min 55sec)
		5534/8000 solved (6min 55sec)
		5535/8000 solved (6min 55sec)
		5536/8000 solved (6min 55sec)
		5537/8000 solved (6min 56sec)
		5538/8000 solved (6min 56sec)
		5539/8000 solved (6min 56sec)
		5540/8000 solved (6min 56sec)
		5541/8000 solved (6min 56sec)
		5542/8000 solved (6min 56sec)
		5543/8000 solved (6min 56sec)
		5544/8000 solved (6min 56sec)
		5545/8000 solved (6min 56sec)
		5546/8000 solved (6min 56sec)
		5547/8000 solved (6min 56sec)
		5548/8000 solved (6min 56sec)
		5549/8000 solved (6min 56sec)
		5550/8000 solved (6min 56sec)
		5551/8000 solved (6min 57sec)
		5552/8000 solved (6min 57sec)
		5553/8000 solved (6min 57sec)
		5554/8000 solved (6min 57sec)
		5555/8000 solved (6min 57sec)
		5556/8000 solved (6min 57sec)
		5557/8000 solved (6min 57sec)
		5558/8000 solved (6min 57sec)
		5559/8000 solved (6min 57sec)
		5560/8000 solved (6min 57sec)
		5561/8000 solved (6min 57sec)
		5562/8000 solved (6min 57sec)
		5563/8000 solved (6min 57sec)
		5564/8000 solved (6min 57sec)
		5565/8000 solved (6min 57sec)
		5566/8000 solved (6min 58sec)
		5567/8000 solved (6min 58sec)
		5568/8000 solved (6min 58sec)
		5569/8000 solved (6min 58sec)
		5570/8000 solved (6min 58sec)
		5571/8000 solved (6min 58sec)
		5572/8000 solved (6min 58sec)
		5573/8000 solved (6min 58sec)
		5574/8000 solved (6min 58sec)
		5575/8000 solved (6min 58sec)
		5576/8000 solved (6min 58sec)
		5577/8000 solved (6min 58sec)
		5578/8000 solved (6min 58sec)
		5579/8000 solved (6min 58sec)
		5580/8000 solved (6min 59sec)
		5581/8000 solved (6min 59sec)
		5582/8000 solved (6min 59sec)
		5583/8000 solved (6min 59sec)
		5584/8000 solved (6min 59sec)
		5585/8000 solved (6min 59sec)
		5586/8000 solved (6min 59sec)
		5587/8000 solved (6min 59sec)
		5588/8000 solved (6min 59sec)
		5589/8000 solved (6min 59sec)
		5590/8000 solved (6min 59sec)
		5591/8000 solved (6min 59sec)
		5592/8000 solved (6min 59sec)
		5593/8000 solved (6min 59sec)
		5594/8000 solved (7min 0sec)
		5595/8000 solved (7min 0sec)
		5596/8000 solved (7min 0sec)
		5597/8000 solved (7min 0sec)
		5598/8000 solved (7min 0sec)
		5599/8000 solved (7min 0sec)
		5600/8000 solved (7min 0sec)
		5601/8000 solved (7min 0sec)
		5602/8000 solved (7min 0sec)
		5603/8000 solved (7min 0sec)
		5604/8000 solved (7min 0sec)
		5605/8000 solved (7min 0sec)
		5606/8000 solved (7min 0sec)
		5607/8000 solved (7min 0sec)
		5608/8000 solved (7min 0sec)
		5609/8000 solved (7min 1sec)
		5610/8000 solved (7min 1sec)
		5611/8000 solved (7min 1sec)
		5612/8000 solved (7min 1sec)
		5613/8000 solved (7min 1sec)
		5614/8000 solved (7min 1sec)
		5615/8000 solved (7min 1sec)
		5616/8000 solved (7min 1sec)
		5617/8000 solved (7min 1sec)
		5618/8000 solved (7min 1sec)
		5619/8000 solved (7min 1sec)
		5620/8000 solved (7min 1sec)
		5621/8000 solved (7min 1sec)
		5622/8000 solved (7min 1sec)
		5623/8000 solved (7min 2sec)
		5624/8000 solved (7min 2sec)
		5625/8000 solved (7min 2sec)
		5626/8000 solved (7min 2sec)
		5627/8000 solved (7min 2sec)
		5628/8000 solved (7min 2sec)
		5629/8000 solved (7min 2sec)
		5630/8000 solved (7min 2sec)
		5631/8000 solved (7min 2sec)
		5632/8000 solved (7min 2sec)
		5633/8000 solved (7min 2sec)
		5634/8000 solved (7min 2sec)
		5635/8000 solved (7min 2sec)
		5636/8000 solved (7min 2sec)
		5637/8000 solved (7min 2sec)
		5638/8000 solved (7min 3sec)
		5639/8000 solved (7min 3sec)
		5640/8000 solved (7min 3sec)
		5641/8000 solved (7min 3sec)
		5642/8000 solved (7min 3sec)
		5643/8000 solved (7min 3sec)
		5644/8000 solved (7min 3sec)
		5645/8000 solved (7min 3sec)
		5646/8000 solved (7min 3sec)
		5647/8000 solved (7min 3sec)
		5648/8000 solved (7min 3sec)
		5649/8000 solved (7min 3sec)
		5650/8000 solved (7min 3sec)
		5651/8000 solved (7min 3sec)
		5652/8000 solved (7min 4sec)
		5653/8000 solved (7min 4sec)
		5654/8000 solved (7min 4sec)
		5655/8000 solved (7min 4sec)
		5656/8000 solved (7min 4sec)
		5657/8000 solved (7min 4sec)
		5658/8000 solved (7min 4sec)
		5659/8000 solved (7min 4sec)
		5660/8000 solved (7min 4sec)
		5661/8000 solved (7min 4sec)
		5662/8000 solved (7min 4sec)
		5663/8000 solved (7min 4sec)
		5664/8000 solved (7min 4sec)
		5665/8000 solved (7min 4sec)
		5666/8000 solved (7min 5sec)
		5667/8000 solved (7min 5sec)
		5668/8000 solved (7min 5sec)
		5669/8000 solved (7min 5sec)
		5670/8000 solved (7min 5sec)
		5671/8000 solved (7min 5sec)
		5672/8000 solved (7min 5sec)
		5673/8000 solved (7min 5sec)
		5674/8000 solved (7min 5sec)
		5675/8000 solved (7min 5sec)
		5676/8000 solved (7min 5sec)
		5677/8000 solved (7min 5sec)
		5678/8000 solved (7min 5sec)
		5679/8000 solved (7min 5sec)
		5680/8000 solved (7min 6sec)
		5681/8000 solved (7min 6sec)
		5682/8000 solved (7min 6sec)
		5683/8000 solved (7min 6sec)
		5684/8000 solved (7min 6sec)
		5685/8000 solved (7min 6sec)
		5686/8000 solved (7min 6sec)
		5687/8000 solved (7min 6sec)
		5688/8000 solved (7min 6sec)
		5689/8000 solved (7min 6sec)
		5690/8000 solved (7min 6sec)
		5691/8000 solved (7min 6sec)
		5692/8000 solved (7min 6sec)
		5693/8000 solved (7min 6sec)
		5694/8000 solved (7min 6sec)
		5695/8000 solved (7min 7sec)
		5696/8000 solved (7min 7sec)
		5697/8000 solved (7min 7sec)
		5698/8000 solved (7min 7sec)
		5699/8000 solved (7min 7sec)
		5700/8000 solved (7min 7sec)
		5701/8000 solved (7min 7sec)
		5702/8000 solved (7min 7sec)
		5703/8000 solved (7min 7sec)
		5704/8000 solved (7min 7sec)
		5705/8000 solved (7min 7sec)
		5706/8000 solved (7min 7sec)
		5707/8000 solved (7min 7sec)
		5708/8000 solved (7min 7sec)
		5709/8000 solved (7min 8sec)
		5710/8000 solved (7min 8sec)
		5711/8000 solved (7min 8sec)
		5712/8000 solved (7min 8sec)
		5713/8000 solved (7min 8sec)
		5714/8000 solved (7min 8sec)
		5715/8000 solved (7min 8sec)
		5716/8000 solved (7min 8sec)
		5717/8000 solved (7min 8sec)
		5718/8000 solved (7min 8sec)
		5719/8000 solved (7min 8sec)
		5720/8000 solved (7min 8sec)
		5721/8000 solved (7min 8sec)
		5722/8000 solved (7min 8sec)
		5723/8000 solved (7min 9sec)
		5724/8000 solved (7min 9sec)
		5725/8000 solved (7min 9sec)
		5726/8000 solved (7min 9sec)
		5727/8000 solved (7min 9sec)
		5728/8000 solved (7min 9sec)
		5729/8000 solved (7min 9sec)
		5730/8000 solved (7min 9sec)
		5731/8000 solved (7min 9sec)
		5732/8000 solved (7min 9sec)
		5733/8000 solved (7min 9sec)
		5734/8000 solved (7min 9sec)
		5735/8000 solved (7min 9sec)
		5736/8000 solved (7min 9sec)
		5737/8000 solved (7min 9sec)
		5738/8000 solved (7min 10sec)
		5739/8000 solved (7min 10sec)
		5740/8000 solved (7min 10sec)
		5741/8000 solved (7min 10sec)
		5742/8000 solved (7min 10sec)
		5743/8000 solved (7min 10sec)
		5744/8000 solved (7min 10sec)
		5745/8000 solved (7min 10sec)
		5746/8000 solved (7min 10sec)
		5747/8000 solved (7min 10sec)
		5748/8000 solved (7min 10sec)
		5749/8000 solved (7min 10sec)
		5750/8000 solved (7min 10sec)
		5751/8000 solved (7min 10sec)
		5752/8000 solved (7min 11sec)
		5753/8000 solved (7min 11sec)
		5754/8000 solved (7min 11sec)
		5755/8000 solved (7min 11sec)
		5756/8000 solved (7min 11sec)
		5757/8000 solved (7min 11sec)
		5758/8000 solved (7min 11sec)
		5759/8000 solved (7min 11sec)
		5760/8000 solved (7min 11sec)
		5761/8000 solved (7min 11sec)
		5762/8000 solved (7min 11sec)
		5763/8000 solved (7min 11sec)
		5764/8000 solved (7min 11sec)
		5765/8000 solved (7min 11sec)
		5766/8000 solved (7min 11sec)
		5767/8000 solved (7min 12sec)
		5768/8000 solved (7min 12sec)
		5769/8000 solved (7min 12sec)
		5770/8000 solved (7min 12sec)
		5771/8000 solved (7min 12sec)
		5772/8000 solved (7min 12sec)
		5773/8000 solved (7min 12sec)
		5774/8000 solved (7min 12sec)
		5775/8000 solved (7min 12sec)
		5776/8000 solved (7min 12sec)
		5777/8000 solved (7min 12sec)
		5778/8000 solved (7min 12sec)
		5779/8000 solved (7min 12sec)
		5780/8000 solved (7min 12sec)
		5781/8000 solved (7min 13sec)
		5782/8000 solved (7min 13sec)
		5783/8000 solved (7min 13sec)
		5784/8000 solved (7min 13sec)
		5785/8000 solved (7min 13sec)
		5786/8000 solved (7min 13sec)
		5787/8000 solved (7min 13sec)
		5788/8000 solved (7min 13sec)
		5789/8000 solved (7min 13sec)
		5790/8000 solved (7min 13sec)
		5791/8000 solved (7min 13sec)
		5792/8000 solved (7min 13sec)
		5793/8000 solved (7min 13sec)
		5794/8000 solved (7min 14sec)
		5795/8000 solved (7min 14sec)
		5796/8000 solved (7min 14sec)
		5797/8000 solved (7min 14sec)
		5798/8000 solved (7min 14sec)
		5799/8000 solved (7min 14sec)
		5800/8000 solved (7min 14sec)
		5801/8000 solved (7min 14sec)
		5802/8000 solved (7min 14sec)
		5803/8000 solved (7min 14sec)
		5804/8000 solved (7min 14sec)
		5805/8000 solved (7min 14sec)
		5806/8000 solved (7min 14sec)
		5807/8000 solved (7min 14sec)
		5808/8000 solved (7min 15sec)
		5809/8000 solved (7min 15sec)
		5810/8000 solved (7min 15sec)
		5811/8000 solved (7min 15sec)
		5812/8000 solved (7min 15sec)
		5813/8000 solved (7min 15sec)
		5814/8000 solved (7min 15sec)
		5815/8000 solved (7min 15sec)
		5816/8000 solved (7min 15sec)
		5817/8000 solved (7min 15sec)
		5818/8000 solved (7min 15sec)
		5819/8000 solved (7min 15sec)
		5820/8000 solved (7min 15sec)
		5821/8000 solved (7min 15sec)
		5822/8000 solved (7min 15sec)
		5823/8000 solved (7min 16sec)
		5824/8000 solved (7min 16sec)
		5825/8000 solved (7min 16sec)
		5826/8000 solved (7min 16sec)
		5827/8000 solved (7min 16sec)
		5828/8000 solved (7min 16sec)
		5829/8000 solved (7min 16sec)
		5830/8000 solved (7min 16sec)
		5831/8000 solved (7min 16sec)
		5832/8000 solved (7min 16sec)
		5833/8000 solved (7min 16sec)
		5834/8000 solved (7min 16sec)
		5835/8000 solved (7min 16sec)
		5836/8000 solved (7min 16sec)
		5837/8000 solved (7min 17sec)
		5838/8000 solved (7min 17sec)
		5839/8000 solved (7min 17sec)
		5840/8000 solved (7min 17sec)
		5841/8000 solved (7min 17sec)
		5842/8000 solved (7min 17sec)
		5843/8000 solved (7min 17sec)
		5844/8000 solved (7min 17sec)
		5845/8000 solved (7min 17sec)
		5846/8000 solved (7min 17sec)
		5847/8000 solved (7min 17sec)
		5848/8000 solved (7min 17sec)
		5849/8000 solved (7min 17sec)
		5850/8000 solved (7min 17sec)
		5851/8000 solved (7min 18sec)
		5852/8000 solved (7min 18sec)
		5853/8000 solved (7min 18sec)
		5854/8000 solved (7min 18sec)
		5855/8000 solved (7min 18sec)
		5856/8000 solved (7min 18sec)
		5857/8000 solved (7min 18sec)
		5858/8000 solved (7min 18sec)
		5859/8000 solved (7min 18sec)
		5860/8000 solved (7min 18sec)
		5861/8000 solved (7min 18sec)
		5862/8000 solved (7min 18sec)
		5863/8000 solved (7min 18sec)
		5864/8000 solved (7min 18sec)
		5865/8000 solved (7min 18sec)
		5866/8000 solved (7min 19sec)
		5867/8000 solved (7min 19sec)
		5868/8000 solved (7min 19sec)
		5869/8000 solved (7min 19sec)
		5870/8000 solved (7min 19sec)
		5871/8000 solved (7min 19sec)
		5872/8000 solved (7min 19sec)
		5873/8000 solved (7min 19sec)
		5874/8000 solved (7min 19sec)
		5875/8000 solved (7min 19sec)
		5876/8000 solved (7min 19sec)
		5877/8000 solved (7min 19sec)
		5878/8000 solved (7min 19sec)
		5879/8000 solved (7min 19sec)
		5880/8000 solved (7min 20sec)
		5881/8000 solved (7min 20sec)
		5882/8000 solved (7min 20sec)
		5883/8000 solved (7min 20sec)
		5884/8000 solved (7min 20sec)
		5885/8000 solved (7min 20sec)
		5886/8000 solved (7min 20sec)
		5887/8000 solved (7min 20sec)
		5888/8000 solved (7min 20sec)
		5889/8000 solved (7min 20sec)
		5890/8000 solved (7min 20sec)
		5891/8000 solved (7min 20sec)
		5892/8000 solved (7min 20sec)
		5893/8000 solved (7min 20sec)
		5894/8000 solved (7min 20sec)
		5895/8000 solved (7min 21sec)
		5896/8000 solved (7min 21sec)
		5897/8000 solved (7min 21sec)
		5898/8000 solved (7min 21sec)
		5899/8000 solved (7min 21sec)
		5900/8000 solved (7min 21sec)
		5901/8000 solved (7min 21sec)
		5902/8000 solved (7min 21sec)
		5903/8000 solved (7min 21sec)
		5904/8000 solved (7min 21sec)
		5905/8000 solved (7min 21sec)
		5906/8000 solved (7min 21sec)
		5907/8000 solved (7min 21sec)
		5908/8000 solved (7min 21sec)
		5909/8000 solved (7min 22sec)
		5910/8000 solved (7min 22sec)
		5911/8000 solved (7min 22sec)
		5912/8000 solved (7min 22sec)
		5913/8000 solved (7min 22sec)
		5914/8000 solved (7min 22sec)
		5915/8000 solved (7min 22sec)
		5916/8000 solved (7min 22sec)
		5917/8000 solved (7min 22sec)
		5918/8000 solved (7min 22sec)
		5919/8000 solved (7min 22sec)
		5920/8000 solved (7min 22sec)
		5921/8000 solved (7min 22sec)
		5922/8000 solved (7min 22sec)
		5923/8000 solved (7min 22sec)
		5924/8000 solved (7min 23sec)
		5925/8000 solved (7min 23sec)
		5926/8000 solved (7min 23sec)
		5927/8000 solved (7min 23sec)
		5928/8000 solved (7min 23sec)
		5929/8000 solved (7min 23sec)
		5930/8000 solved (7min 23sec)
		5931/8000 solved (7min 23sec)
		5932/8000 solved (7min 23sec)
		5933/8000 solved (7min 23sec)
		5934/8000 solved (7min 23sec)
		5935/8000 solved (7min 23sec)
		5936/8000 solved (7min 23sec)
		5937/8000 solved (7min 24sec)
		5938/8000 solved (7min 24sec)
		5939/8000 solved (7min 24sec)
		5940/8000 solved (7min 24sec)
		5941/8000 solved (7min 24sec)
		5942/8000 solved (7min 24sec)
		5943/8000 solved (7min 24sec)
		5944/8000 solved (7min 24sec)
		5945/8000 solved (7min 24sec)
		5946/8000 solved (7min 24sec)
		5947/8000 solved (7min 24sec)
		5948/8000 solved (7min 24sec)
		5949/8000 solved (7min 24sec)
		5950/8000 solved (7min 24sec)
		5951/8000 solved (7min 25sec)
		5952/8000 solved (7min 25sec)
		5953/8000 solved (7min 25sec)
		5954/8000 solved (7min 25sec)
		5955/8000 solved (7min 25sec)
		5956/8000 solved (7min 25sec)
		5957/8000 solved (7min 25sec)
		5958/8000 solved (7min 25sec)
		5959/8000 solved (7min 25sec)
		5960/8000 solved (7min 25sec)
		5961/8000 solved (7min 25sec)
		5962/8000 solved (7min 25sec)
		5963/8000 solved (7min 25sec)
		5964/8000 solved (7min 25sec)
		5965/8000 solved (7min 25sec)
		5966/8000 solved (7min 26sec)
		5967/8000 solved (7min 26sec)
		5968/8000 solved (7min 26sec)
		5969/8000 solved (7min 26sec)
		5970/8000 solved (7min 26sec)
		5971/8000 solved (7min 26sec)
		5972/8000 solved (7min 26sec)
		5973/8000 solved (7min 26sec)
		5974/8000 solved (7min 26sec)
		5975/8000 solved (7min 26sec)
		5976/8000 solved (7min 26sec)
		5977/8000 solved (7min 26sec)
		5978/8000 solved (7min 26sec)
		5979/8000 solved (7min 26sec)
		5980/8000 solved (7min 27sec)
		5981/8000 solved (7min 27sec)
		5982/8000 solved (7min 27sec)
		5983/8000 solved (7min 27sec)
		5984/8000 solved (7min 27sec)
		5985/8000 solved (7min 27sec)
		5986/8000 solved (7min 27sec)
		5987/8000 solved (7min 27sec)
		5988/8000 solved (7min 27sec)
		5989/8000 solved (7min 27sec)
		5990/8000 solved (7min 27sec)
		5991/8000 solved (7min 27sec)
		5992/8000 solved (7min 27sec)
		5993/8000 solved (7min 27sec)
		5994/8000 solved (7min 27sec)
		5995/8000 solved (7min 28sec)
		5996/8000 solved (7min 28sec)
		5997/8000 solved (7min 28sec)
		5998/8000 solved (7min 28sec)
		5999/8000 solved (7min 28sec)
		6000/8000 solved (7min 28sec)
		6001/8000 solved (7min 28sec)
		6002/8000 solved (7min 28sec)
		6003/8000 solved (7min 28sec)
		6004/8000 solved (7min 28sec)
		6005/8000 solved (7min 28sec)
		6006/8000 solved (7min 28sec)
		6007/8000 solved (7min 28sec)
		6008/8000 solved (7min 28sec)
		6009/8000 solved (7min 29sec)
		6010/8000 solved (7min 29sec)
		6011/8000 solved (7min 29sec)
		6012/8000 solved (7min 29sec)
		6013/8000 solved (7min 29sec)
		6014/8000 solved (7min 29sec)
		6015/8000 solved (7min 29sec)
		6016/8000 solved (7min 29sec)
		6017/8000 solved (7min 29sec)
		6018/8000 solved (7min 29sec)
		6019/8000 solved (7min 29sec)
		6020/8000 solved (7min 29sec)
		6021/8000 solved (7min 29sec)
		6022/8000 solved (7min 29sec)
		6023/8000 solved (7min 30sec)
		6024/8000 solved (7min 30sec)
		6025/8000 solved (7min 30sec)
		6026/8000 solved (7min 30sec)
		6027/8000 solved (7min 30sec)
		6028/8000 solved (7min 30sec)
		6029/8000 solved (7min 30sec)
		6030/8000 solved (7min 30sec)
		6031/8000 solved (7min 30sec)
		6032/8000 solved (7min 30sec)
		6033/8000 solved (7min 30sec)
		6034/8000 solved (7min 30sec)
		6035/8000 solved (7min 30sec)
		6036/8000 solved (7min 30sec)
		6037/8000 solved (7min 31sec)
		6038/8000 solved (7min 31sec)
		6039/8000 solved (7min 31sec)
		6040/8000 solved (7min 31sec)
		6041/8000 solved (7min 31sec)
		6042/8000 solved (7min 31sec)
		6043/8000 solved (7min 31sec)
		6044/8000 solved (7min 31sec)
		6045/8000 solved (7min 31sec)
		6046/8000 solved (7min 31sec)
		6047/8000 solved (7min 31sec)
		6048/8000 solved (7min 31sec)
		6049/8000 solved (7min 31sec)
		6050/8000 solved (7min 31sec)
		6051/8000 solved (7min 32sec)
		6052/8000 solved (7min 32sec)
		6053/8000 solved (7min 32sec)
		6054/8000 solved (7min 32sec)
		6055/8000 solved (7min 32sec)
		6056/8000 solved (7min 32sec)
		6057/8000 solved (7min 32sec)
		6058/8000 solved (7min 32sec)
		6059/8000 solved (7min 32sec)
		6060/8000 solved (7min 32sec)
		6061/8000 solved (7min 32sec)
		6062/8000 solved (7min 32sec)
		6063/8000 solved (7min 32sec)
		6064/8000 solved (7min 32sec)
		6065/8000 solved (7min 32sec)
		6066/8000 solved (7min 33sec)
		6067/8000 solved (7min 33sec)
		6068/8000 solved (7min 33sec)
		6069/8000 solved (7min 33sec)
		6070/8000 solved (7min 33sec)
		6071/8000 solved (7min 33sec)
		6072/8000 solved (7min 33sec)
		6073/8000 solved (7min 33sec)
		6074/8000 solved (7min 33sec)
		6075/8000 solved (7min 33sec)
		6076/8000 solved (7min 33sec)
		6077/8000 solved (7min 33sec)
		6078/8000 solved (7min 33sec)
		6079/8000 solved (7min 33sec)
		6080/8000 solved (7min 33sec)
		6081/8000 solved (7min 34sec)
		6082/8000 solved (7min 34sec)
		6083/8000 solved (7min 34sec)
		6084/8000 solved (7min 34sec)
		6085/8000 solved (7min 34sec)
		6086/8000 solved (7min 34sec)
		6087/8000 solved (7min 34sec)
		6088/8000 solved (7min 34sec)
		6089/8000 solved (7min 34sec)
		6090/8000 solved (7min 34sec)
		6091/8000 solved (7min 34sec)
		6092/8000 solved (7min 34sec)
		6093/8000 solved (7min 34sec)
		6094/8000 solved (7min 34sec)
		6095/8000 solved (7min 35sec)
		6096/8000 solved (7min 35sec)
		6097/8000 solved (7min 35sec)
		6098/8000 solved (7min 35sec)
		6099/8000 solved (7min 35sec)
		6100/8000 solved (7min 35sec)
		6101/8000 solved (7min 35sec)
		6102/8000 solved (7min 35sec)
		6103/8000 solved (7min 35sec)
		6104/8000 solved (7min 35sec)
		6105/8000 solved (7min 35sec)
		6106/8000 solved (7min 35sec)
		6107/8000 solved (7min 35sec)
		6108/8000 solved (7min 35sec)
		6109/8000 solved (7min 36sec)
		6110/8000 solved (7min 36sec)
		6111/8000 solved (7min 36sec)
		6112/8000 solved (7min 36sec)
		6113/8000 solved (7min 36sec)
		6114/8000 solved (7min 36sec)
		6115/8000 solved (7min 36sec)
		6116/8000 solved (7min 36sec)
		6117/8000 solved (7min 36sec)
		6118/8000 solved (7min 36sec)
		6119/8000 solved (7min 36sec)
		6120/8000 solved (7min 36sec)
		6121/8000 solved (7min 36sec)
		6122/8000 solved (7min 36sec)
		6123/8000 solved (7min 37sec)
		6124/8000 solved (7min 37sec)
		6125/8000 solved (7min 37sec)
		6126/8000 solved (7min 37sec)
		6127/8000 solved (7min 37sec)
		6128/8000 solved (7min 37sec)
		6129/8000 solved (7min 37sec)
		6130/8000 solved (7min 37sec)
		6131/8000 solved (7min 37sec)
		6132/8000 solved (7min 37sec)
		6133/8000 solved (7min 37sec)
		6134/8000 solved (7min 37sec)
		6135/8000 solved (7min 37sec)
		6136/8000 solved (7min 37sec)
		6137/8000 solved (7min 38sec)
		6138/8000 solved (7min 38sec)
		6139/8000 solved (7min 38sec)
		6140/8000 solved (7min 38sec)
		6141/8000 solved (7min 38sec)
		6142/8000 solved (7min 38sec)
		6143/8000 solved (7min 38sec)
		6144/8000 solved (7min 38sec)
		6145/8000 solved (7min 38sec)
		6146/8000 solved (7min 38sec)
		6147/8000 solved (7min 38sec)
		6148/8000 solved (7min 38sec)
		6149/8000 solved (7min 38sec)
		6150/8000 solved (7min 38sec)
		6151/8000 solved (7min 38sec)
		6152/8000 solved (7min 39sec)
		6153/8000 solved (7min 39sec)
		6154/8000 solved (7min 39sec)
		6155/8000 solved (7min 39sec)
		6156/8000 solved (7min 39sec)
		6157/8000 solved (7min 39sec)
		6158/8000 solved (7min 39sec)
		6159/8000 solved (7min 39sec)
		6160/8000 solved (7min 39sec)
		6161/8000 solved (7min 39sec)
		6162/8000 solved (7min 39sec)
		6163/8000 solved (7min 39sec)
		6164/8000 solved (7min 39sec)
		6165/8000 solved (7min 40sec)
		6166/8000 solved (7min 40sec)
		6167/8000 solved (7min 40sec)
		6168/8000 solved (7min 40sec)
		6169/8000 solved (7min 40sec)
		6170/8000 solved (7min 40sec)
		6171/8000 solved (7min 40sec)
		6172/8000 solved (7min 40sec)
		6173/8000 solved (7min 40sec)
		6174/8000 solved (7min 40sec)
		6175/8000 solved (7min 40sec)
		6176/8000 solved (7min 40sec)
		6177/8000 solved (7min 40sec)
		6178/8000 solved (7min 40sec)
		6179/8000 solved (7min 40sec)
		6180/8000 solved (7min 41sec)
		6181/8000 solved (7min 41sec)
		6182/8000 solved (7min 41sec)
		6183/8000 solved (7min 41sec)
		6184/8000 solved (7min 41sec)
		6185/8000 solved (7min 41sec)
		6186/8000 solved (7min 41sec)
		6187/8000 solved (7min 41sec)
		6188/8000 solved (7min 41sec)
		6189/8000 solved (7min 41sec)
		6190/8000 solved (7min 41sec)
		6191/8000 solved (7min 41sec)
		6192/8000 solved (7min 41sec)
		6193/8000 solved (7min 41sec)
		6194/8000 solved (7min 42sec)
		6195/8000 solved (7min 42sec)
		6196/8000 solved (7min 42sec)
		6197/8000 solved (7min 42sec)
		6198/8000 solved (7min 42sec)
		6199/8000 solved (7min 42sec)
		6200/8000 solved (7min 42sec)
		6201/8000 solved (7min 42sec)
		6202/8000 solved (7min 42sec)
		6203/8000 solved (7min 42sec)
		6204/8000 solved (7min 42sec)
		6205/8000 solved (7min 42sec)
		6206/8000 solved (7min 42sec)
		6207/8000 solved (7min 42sec)
		6208/8000 solved (7min 42sec)
		6209/8000 solved (7min 43sec)
		6210/8000 solved (7min 43sec)
		6211/8000 solved (7min 43sec)
		6212/8000 solved (7min 43sec)
		6213/8000 solved (7min 43sec)
		6214/8000 solved (7min 43sec)
		6215/8000 solved (7min 43sec)
		6216/8000 solved (7min 43sec)
		6217/8000 solved (7min 43sec)
		6218/8000 solved (7min 43sec)
		6219/8000 solved (7min 43sec)
		6220/8000 solved (7min 43sec)
		6221/8000 solved (7min 43sec)
		6222/8000 solved (7min 43sec)
		6223/8000 solved (7min 44sec)
		6224/8000 solved (7min 44sec)
		6225/8000 solved (7min 44sec)
		6226/8000 solved (7min 44sec)
		6227/8000 solved (7min 44sec)
		6228/8000 solved (7min 44sec)
		6229/8000 solved (7min 44sec)
		6230/8000 solved (7min 44sec)
		6231/8000 solved (7min 44sec)
		6232/8000 solved (7min 44sec)
		6233/8000 solved (7min 44sec)
		6234/8000 solved (7min 44sec)
		6235/8000 solved (7min 44sec)
		6236/8000 solved (7min 44sec)
		6237/8000 solved (7min 44sec)
		6238/8000 solved (7min 45sec)
		6239/8000 solved (7min 45sec)
		6240/8000 solved (7min 45sec)
		6241/8000 solved (7min 45sec)
		6242/8000 solved (7min 45sec)
		6243/8000 solved (7min 45sec)
		6244/8000 solved (7min 45sec)
		6245/8000 solved (7min 45sec)
		6246/8000 solved (7min 45sec)
		6247/8000 solved (7min 45sec)
		6248/8000 solved (7min 45sec)
		6249/8000 solved (7min 45sec)
		6250/8000 solved (7min 45sec)
		6251/8000 solved (7min 45sec)
		6252/8000 solved (7min 46sec)
		6253/8000 solved (7min 46sec)
		6254/8000 solved (7min 46sec)
		6255/8000 solved (7min 46sec)
		6256/8000 solved (7min 46sec)
		6257/8000 solved (7min 46sec)
		6258/8000 solved (7min 46sec)
		6259/8000 solved (7min 46sec)
		6260/8000 solved (7min 46sec)
		6261/8000 solved (7min 46sec)
		6262/8000 solved (7min 46sec)
		6263/8000 solved (7min 46sec)
		6264/8000 solved (7min 46sec)
		6265/8000 solved (7min 46sec)
		6266/8000 solved (7min 47sec)
		6267/8000 solved (7min 47sec)
		6268/8000 solved (7min 47sec)
		6269/8000 solved (7min 47sec)
		6270/8000 solved (7min 47sec)
		6271/8000 solved (7min 47sec)
		6272/8000 solved (7min 47sec)
		6273/8000 solved (7min 47sec)
		6274/8000 solved (7min 47sec)
		6275/8000 solved (7min 47sec)
		6276/8000 solved (7min 47sec)
		6277/8000 solved (7min 47sec)
		6278/8000 solved (7min 47sec)
		6279/8000 solved (7min 47sec)
		6280/8000 solved (7min 47sec)
		6281/8000 solved (7min 48sec)
		6282/8000 solved (7min 48sec)
		6283/8000 solved (7min 48sec)
		6284/8000 solved (7min 48sec)
		6285/8000 solved (7min 48sec)
		6286/8000 solved (7min 48sec)
		6287/8000 solved (7min 48sec)
		6288/8000 solved (7min 48sec)
		6289/8000 solved (7min 48sec)
		6290/8000 solved (7min 48sec)
		6291/8000 solved (7min 48sec)
		6292/8000 solved (7min 48sec)
		6293/8000 solved (7min 48sec)
		6294/8000 solved (7min 48sec)
		6295/8000 solved (7min 49sec)
		6296/8000 solved (7min 49sec)
		6297/8000 solved (7min 49sec)
		6298/8000 solved (7min 49sec)
		6299/8000 solved (7min 49sec)
		6300/8000 solved (7min 49sec)
		6301/8000 solved (7min 49sec)
		6302/8000 solved (7min 49sec)
		6303/8000 solved (7min 49sec)
		6304/8000 solved (7min 49sec)
		6305/8000 solved (7min 49sec)
		6306/8000 solved (7min 49sec)
		6307/8000 solved (7min 49sec)
		6308/8000 solved (7min 49sec)
		6309/8000 solved (7min 50sec)
		6310/8000 solved (7min 50sec)
		6311/8000 solved (7min 50sec)
		6312/8000 solved (7min 50sec)
		6313/8000 solved (7min 50sec)
		6314/8000 solved (7min 50sec)
		6315/8000 solved (7min 50sec)
		6316/8000 solved (7min 50sec)
		6317/8000 solved (7min 50sec)
		6318/8000 solved (7min 50sec)
		6319/8000 solved (7min 50sec)
		6320/8000 solved (7min 50sec)
		6321/8000 solved (7min 50sec)
		6322/8000 solved (7min 50sec)
		6323/8000 solved (7min 51sec)
		6324/8000 solved (7min 51sec)
		6325/8000 solved (7min 51sec)
		6326/8000 solved (7min 51sec)
		6327/8000 solved (7min 51sec)
		6328/8000 solved (7min 51sec)
		6329/8000 solved (7min 51sec)
		6330/8000 solved (7min 51sec)
		6331/8000 solved (7min 51sec)
		6332/8000 solved (7min 51sec)
		6333/8000 solved (7min 51sec)
		6334/8000 solved (7min 51sec)
		6335/8000 solved (7min 51sec)
		6336/8000 solved (7min 51sec)
		6337/8000 solved (7min 51sec)
		6338/8000 solved (7min 52sec)
		6339/8000 solved (7min 52sec)
		6340/8000 solved (7min 52sec)
		6341/8000 solved (7min 52sec)
		6342/8000 solved (7min 52sec)
		6343/8000 solved (7min 52sec)
		6344/8000 solved (7min 52sec)
		6345/8000 solved (7min 52sec)
		6346/8000 solved (7min 52sec)
		6347/8000 solved (7min 52sec)
		6348/8000 solved (7min 52sec)
		6349/8000 solved (7min 52sec)
		6350/8000 solved (7min 52sec)
		6351/8000 solved (7min 52sec)
		6352/8000 solved (7min 53sec)
		6353/8000 solved (7min 53sec)
		6354/8000 solved (7min 53sec)
		6355/8000 solved (7min 53sec)
		6356/8000 solved (7min 53sec)
		6357/8000 solved (7min 53sec)
		6358/8000 solved (7min 53sec)
		6359/8000 solved (7min 53sec)
		6360/8000 solved (7min 53sec)
		6361/8000 solved (7min 53sec)
		6362/8000 solved (7min 53sec)
		6363/8000 solved (7min 53sec)
		6364/8000 solved (7min 53sec)
		6365/8000 solved (7min 53sec)
		6366/8000 solved (7min 53sec)
		6367/8000 solved (7min 54sec)
		6368/8000 solved (7min 54sec)
		6369/8000 solved (7min 54sec)
		6370/8000 solved (7min 54sec)
		6371/8000 solved (7min 54sec)
		6372/8000 solved (7min 54sec)
		6373/8000 solved (7min 54sec)
		6374/8000 solved (7min 54sec)
		6375/8000 solved (7min 54sec)
		6376/8000 solved (7min 54sec)
		6377/8000 solved (7min 54sec)
		6378/8000 solved (7min 54sec)
		6379/8000 solved (7min 54sec)
		6380/8000 solved (7min 55sec)
		6381/8000 solved (7min 55sec)
		6382/8000 solved (7min 55sec)
		6383/8000 solved (7min 55sec)
		6384/8000 solved (7min 55sec)
		6385/8000 solved (7min 55sec)
		6386/8000 solved (7min 55sec)
		6387/8000 solved (7min 55sec)
		6388/8000 solved (7min 55sec)
		6389/8000 solved (7min 55sec)
		6390/8000 solved (7min 55sec)
		6391/8000 solved (7min 55sec)
		6392/8000 solved (7min 55sec)
		6393/8000 solved (7min 55sec)
		6394/8000 solved (7min 56sec)
		6395/8000 solved (7min 56sec)
		6396/8000 solved (7min 56sec)
		6397/8000 solved (7min 56sec)
		6398/8000 solved (7min 56sec)
		6399/8000 solved (7min 56sec)
		6400/8000 solved (7min 56sec)
		6401/8000 solved (7min 56sec)
		6402/8000 solved (7min 56sec)
		6403/8000 solved (7min 56sec)
		6404/8000 solved (7min 56sec)
		6405/8000 solved (7min 56sec)
		6406/8000 solved (7min 56sec)
		6407/8000 solved (7min 56sec)
		6408/8000 solved (7min 56sec)
		6409/8000 solved (7min 57sec)
		6410/8000 solved (7min 57sec)
		6411/8000 solved (7min 57sec)
		6412/8000 solved (7min 57sec)
		6413/8000 solved (7min 57sec)
		6414/8000 solved (7min 57sec)
		6415/8000 solved (7min 57sec)
		6416/8000 solved (7min 57sec)
		6417/8000 solved (7min 57sec)
		6418/8000 solved (7min 57sec)
		6419/8000 solved (7min 57sec)
		6420/8000 solved (7min 57sec)
		6421/8000 solved (7min 57sec)
		6422/8000 solved (7min 57sec)
		6423/8000 solved (7min 58sec)
		6424/8000 solved (7min 58sec)
		6425/8000 solved (7min 58sec)
		6426/8000 solved (7min 58sec)
		6427/8000 solved (7min 58sec)
		6428/8000 solved (7min 58sec)
		6429/8000 solved (7min 58sec)
		6430/8000 solved (7min 58sec)
		6431/8000 solved (7min 58sec)
		6432/8000 solved (7min 58sec)
		6433/8000 solved (7min 58sec)
		6434/8000 solved (7min 58sec)
		6435/8000 solved (7min 58sec)
		6436/8000 solved (7min 58sec)
		6437/8000 solved (7min 59sec)
		6438/8000 solved (7min 59sec)
		6439/8000 solved (7min 59sec)
		6440/8000 solved (7min 59sec)
		6441/8000 solved (7min 59sec)
		6442/8000 solved (7min 59sec)
		6443/8000 solved (7min 59sec)
		6444/8000 solved (7min 59sec)
		6445/8000 solved (7min 59sec)
		6446/8000 solved (7min 59sec)
		6447/8000 solved (7min 59sec)
		6448/8000 solved (7min 59sec)
		6449/8000 solved (7min 59sec)
		6450/8000 solved (7min 59sec)
		6451/8000 solved (8min 0sec)
		6452/8000 solved (8min 0sec)
		6453/8000 solved (8min 0sec)
		6454/8000 solved (8min 0sec)
		6455/8000 solved (8min 0sec)
		6456/8000 solved (8min 0sec)
		6457/8000 solved (8min 0sec)
		6458/8000 solved (8min 0sec)
		6459/8000 solved (8min 0sec)
		6460/8000 solved (8min 0sec)
		6461/8000 solved (8min 0sec)
		6462/8000 solved (8min 0sec)
		6463/8000 solved (8min 0sec)
		6464/8000 solved (8min 0sec)
		6465/8000 solved (8min 1sec)
		6466/8000 solved (8min 1sec)
		6467/8000 solved (8min 1sec)
		6468/8000 solved (8min 1sec)
		6469/8000 solved (8min 1sec)
		6470/8000 solved (8min 1sec)
		6471/8000 solved (8min 1sec)
		6472/8000 solved (8min 1sec)
		6473/8000 solved (8min 1sec)
		6474/8000 solved (8min 1sec)
		6475/8000 solved (8min 1sec)
		6476/8000 solved (8min 1sec)
		6477/8000 solved (8min 1sec)
		6478/8000 solved (8min 1sec)
		6479/8000 solved (8min 1sec)
		6480/8000 solved (8min 2sec)
		6481/8000 solved (8min 2sec)
		6482/8000 solved (8min 2sec)
		6483/8000 solved (8min 2sec)
		6484/8000 solved (8min 2sec)
		6485/8000 solved (8min 2sec)
		6486/8000 solved (8min 2sec)
		6487/8000 solved (8min 2sec)
		6488/8000 solved (8min 2sec)
		6489/8000 solved (8min 2sec)
		6490/8000 solved (8min 2sec)
		6491/8000 solved (8min 2sec)
		6492/8000 solved (8min 2sec)
		6493/8000 solved (8min 2sec)
		6494/8000 solved (8min 3sec)
		6495/8000 solved (8min 3sec)
		6496/8000 solved (8min 3sec)
		6497/8000 solved (8min 3sec)
		6498/8000 solved (8min 3sec)
		6499/8000 solved (8min 3sec)
		6500/8000 solved (8min 3sec)
		6501/8000 solved (8min 3sec)
		6502/8000 solved (8min 3sec)
		6503/8000 solved (8min 3sec)
		6504/8000 solved (8min 3sec)
		6505/8000 solved (8min 3sec)
		6506/8000 solved (8min 3sec)
		6507/8000 solved (8min 3sec)
		6508/8000 solved (8min 4sec)
		6509/8000 solved (8min 4sec)
		6510/8000 solved (8min 4sec)
		6511/8000 solved (8min 4sec)
		6512/8000 solved (8min 4sec)
		6513/8000 solved (8min 4sec)
		6514/8000 solved (8min 4sec)
		6515/8000 solved (8min 4sec)
		6516/8000 solved (8min 4sec)
		6517/8000 solved (8min 4sec)
		6518/8000 solved (8min 4sec)
		6519/8000 solved (8min 4sec)
		6520/8000 solved (8min 4sec)
		6521/8000 solved (8min 4sec)
		6522/8000 solved (8min 4sec)
		6523/8000 solved (8min 5sec)
		6524/8000 solved (8min 5sec)
		6525/8000 solved (8min 5sec)
		6526/8000 solved (8min 5sec)
		6527/8000 solved (8min 5sec)
		6528/8000 solved (8min 5sec)
		6529/8000 solved (8min 5sec)
		6530/8000 solved (8min 5sec)
		6531/8000 solved (8min 5sec)
		6532/8000 solved (8min 5sec)
		6533/8000 solved (8min 5sec)
		6534/8000 solved (8min 5sec)
		6535/8000 solved (8min 5sec)
		6536/8000 solved (8min 5sec)
		6537/8000 solved (8min 6sec)
		6538/8000 solved (8min 6sec)
		6539/8000 solved (8min 6sec)
		6540/8000 solved (8min 6sec)
		6541/8000 solved (8min 6sec)
		6542/8000 solved (8min 6sec)
		6543/8000 solved (8min 6sec)
		6544/8000 solved (8min 6sec)
		6545/8000 solved (8min 6sec)
		6546/8000 solved (8min 6sec)
		6547/8000 solved (8min 6sec)
		6548/8000 solved (8min 6sec)
		6549/8000 solved (8min 6sec)
		6550/8000 solved (8min 6sec)
		6551/8000 solved (8min 6sec)
		6552/8000 solved (8min 7sec)
		6553/8000 solved (8min 7sec)
		6554/8000 solved (8min 7sec)
		6555/8000 solved (8min 7sec)
		6556/8000 solved (8min 7sec)
		6557/8000 solved (8min 7sec)
		6558/8000 solved (8min 7sec)
		6559/8000 solved (8min 7sec)
		6560/8000 solved (8min 7sec)
		6561/8000 solved (8min 7sec)
		6562/8000 solved (8min 7sec)
		6563/8000 solved (8min 7sec)
		6564/8000 solved (8min 7sec)
		6565/8000 solved (8min 7sec)
		6566/8000 solved (8min 8sec)
		6567/8000 solved (8min 8sec)
		6568/8000 solved (8min 8sec)
		6569/8000 solved (8min 8sec)
		6570/8000 solved (8min 8sec)
		6571/8000 solved (8min 8sec)
		6572/8000 solved (8min 8sec)
		6573/8000 solved (8min 8sec)
		6574/8000 solved (8min 8sec)
		6575/8000 solved (8min 8sec)
		6576/8000 solved (8min 8sec)
		6577/8000 solved (8min 8sec)
		6578/8000 solved (8min 8sec)
		6579/8000 solved (8min 8sec)
		6580/8000 solved (8min 9sec)
		6581/8000 solved (8min 9sec)
		6582/8000 solved (8min 9sec)
		6583/8000 solved (8min 9sec)
		6584/8000 solved (8min 9sec)
		6585/8000 solved (8min 9sec)
		6586/8000 solved (8min 9sec)
		6587/8000 solved (8min 9sec)
		6588/8000 solved (8min 9sec)
		6589/8000 solved (8min 9sec)
		6590/8000 solved (8min 9sec)
		6591/8000 solved (8min 9sec)
		6592/8000 solved (8min 9sec)
		6593/8000 solved (8min 9sec)
		6594/8000 solved (8min 9sec)
		6595/8000 solved (8min 10sec)
		6596/8000 solved (8min 10sec)
		6597/8000 solved (8min 10sec)
		6598/8000 solved (8min 10sec)
		6599/8000 solved (8min 10sec)
		6600/8000 solved (8min 10sec)
		6601/8000 solved (8min 10sec)
		6602/8000 solved (8min 10sec)
		6603/8000 solved (8min 10sec)
		6604/8000 solved (8min 10sec)
		6605/8000 solved (8min 10sec)
		6606/8000 solved (8min 10sec)
		6607/8000 solved (8min 10sec)
		6608/8000 solved (8min 10sec)
		6609/8000 solved (8min 11sec)
		6610/8000 solved (8min 11sec)
		6611/8000 solved (8min 11sec)
		6612/8000 solved (8min 11sec)
		6613/8000 solved (8min 11sec)
		6614/8000 solved (8min 11sec)
		6615/8000 solved (8min 11sec)
		6616/8000 solved (8min 11sec)
		6617/8000 solved (8min 11sec)
		6618/8000 solved (8min 11sec)
		6619/8000 solved (8min 11sec)
		6620/8000 solved (8min 11sec)
		6621/8000 solved (8min 11sec)
		6622/8000 solved (8min 11sec)
		6623/8000 solved (8min 11sec)
		6624/8000 solved (8min 12sec)
		6625/8000 solved (8min 12sec)
		6626/8000 solved (8min 12sec)
		6627/8000 solved (8min 12sec)
		6628/8000 solved (8min 12sec)
		6629/8000 solved (8min 12sec)
		6630/8000 solved (8min 12sec)
		6631/8000 solved (8min 12sec)
		6632/8000 solved (8min 12sec)
		6633/8000 solved (8min 12sec)
		6634/8000 solved (8min 12sec)
		6635/8000 solved (8min 12sec)
		6636/8000 solved (8min 12sec)
		6637/8000 solved (8min 12sec)
		6638/8000 solved (8min 13sec)
		6639/8000 solved (8min 13sec)
		6640/8000 solved (8min 13sec)
		6641/8000 solved (8min 13sec)
		6642/8000 solved (8min 13sec)
		6643/8000 solved (8min 13sec)
		6644/8000 solved (8min 13sec)
		6645/8000 solved (8min 13sec)
		6646/8000 solved (8min 13sec)
		6647/8000 solved (8min 13sec)
		6648/8000 solved (8min 13sec)
		6649/8000 solved (8min 13sec)
		6650/8000 solved (8min 13sec)
		6651/8000 solved (8min 13sec)
		6652/8000 solved (8min 14sec)
		6653/8000 solved (8min 14sec)
		6654/8000 solved (8min 14sec)
		6655/8000 solved (8min 14sec)
		6656/8000 solved (8min 14sec)
		6657/8000 solved (8min 14sec)
		6658/8000 solved (8min 14sec)
		6659/8000 solved (8min 14sec)
		6660/8000 solved (8min 14sec)
		6661/8000 solved (8min 14sec)
		6662/8000 solved (8min 14sec)
		6663/8000 solved (8min 14sec)
		6664/8000 solved (8min 14sec)
		6665/8000 solved (8min 14sec)
		6666/8000 solved (8min 15sec)
		6667/8000 solved (8min 15sec)
		6668/8000 solved (8min 15sec)
		6669/8000 solved (8min 15sec)
		6670/8000 solved (8min 15sec)
		6671/8000 solved (8min 15sec)
		6672/8000 solved (8min 15sec)
		6673/8000 solved (8min 15sec)
		6674/8000 solved (8min 15sec)
		6675/8000 solved (8min 15sec)
		6676/8000 solved (8min 15sec)
		6677/8000 solved (8min 15sec)
		6678/8000 solved (8min 15sec)
		6679/8000 solved (8min 15sec)
		6680/8000 solved (8min 15sec)
		6681/8000 solved (8min 16sec)
		6682/8000 solved (8min 16sec)
		6683/8000 solved (8min 16sec)
		6684/8000 solved (8min 16sec)
		6685/8000 solved (8min 16sec)
		6686/8000 solved (8min 16sec)
		6687/8000 solved (8min 16sec)
		6688/8000 solved (8min 16sec)
		6689/8000 solved (8min 16sec)
		6690/8000 solved (8min 16sec)
		6691/8000 solved (8min 16sec)
		6692/8000 solved (8min 16sec)
		6693/8000 solved (8min 16sec)
		6694/8000 solved (8min 16sec)
		6695/8000 solved (8min 17sec)
		6696/8000 solved (8min 17sec)
		6697/8000 solved (8min 17sec)
		6698/8000 solved (8min 17sec)
		6699/8000 solved (8min 17sec)
		6700/8000 solved (8min 17sec)
		6701/8000 solved (8min 17sec)
		6702/8000 solved (8min 17sec)
		6703/8000 solved (8min 17sec)
		6704/8000 solved (8min 17sec)
		6705/8000 solved (8min 17sec)
		6706/8000 solved (8min 17sec)
		6707/8000 solved (8min 17sec)
		6708/8000 solved (8min 17sec)
		6709/8000 solved (8min 17sec)
		6710/8000 solved (8min 18sec)
		6711/8000 solved (8min 18sec)
		6712/8000 solved (8min 18sec)
		6713/8000 solved (8min 18sec)
		6714/8000 solved (8min 18sec)
		6715/8000 solved (8min 18sec)
		6716/8000 solved (8min 18sec)
		6717/8000 solved (8min 18sec)
		6718/8000 solved (8min 18sec)
		6719/8000 solved (8min 18sec)
		6720/8000 solved (8min 18sec)
		6721/8000 solved (8min 18sec)
		6722/8000 solved (8min 18sec)
		6723/8000 solved (8min 18sec)
		6724/8000 solved (8min 19sec)
		6725/8000 solved (8min 19sec)
		6726/8000 solved (8min 19sec)
		6727/8000 solved (8min 19sec)
		6728/8000 solved (8min 19sec)
		6729/8000 solved (8min 19sec)
		6730/8000 solved (8min 19sec)
		6731/8000 solved (8min 19sec)
		6732/8000 solved (8min 19sec)
		6733/8000 solved (8min 19sec)
		6734/8000 solved (8min 19sec)
		6735/8000 solved (8min 19sec)
		6736/8000 solved (8min 19sec)
		6737/8000 solved (8min 19sec)
		6738/8000 solved (8min 19sec)
		6739/8000 solved (8min 20sec)
		6740/8000 solved (8min 20sec)
		6741/8000 solved (8min 20sec)
		6742/8000 solved (8min 20sec)
		6743/8000 solved (8min 20sec)
		6744/8000 solved (8min 20sec)
		6745/8000 solved (8min 20sec)
		6746/8000 solved (8min 20sec)
		6747/8000 solved (8min 20sec)
		6748/8000 solved (8min 20sec)
		6749/8000 solved (8min 20sec)
		6750/8000 solved (8min 20sec)
		6751/8000 solved (8min 20sec)
		6752/8000 solved (8min 20sec)
		6753/8000 solved (8min 21sec)
		6754/8000 solved (8min 21sec)
		6755/8000 solved (8min 21sec)
		6756/8000 solved (8min 21sec)
		6757/8000 solved (8min 21sec)
		6758/8000 solved (8min 21sec)
		6759/8000 solved (8min 21sec)
		6760/8000 solved (8min 21sec)
		6761/8000 solved (8min 21sec)
		6762/8000 solved (8min 21sec)
		6763/8000 solved (8min 21sec)
		6764/8000 solved (8min 21sec)
		6765/8000 solved (8min 21sec)
		6766/8000 solved (8min 21sec)
		6767/8000 solved (8min 22sec)
		6768/8000 solved (8min 22sec)
		6769/8000 solved (8min 22sec)
		6770/8000 solved (8min 22sec)
		6771/8000 solved (8min 22sec)
		6772/8000 solved (8min 22sec)
		6773/8000 solved (8min 22sec)
		6774/8000 solved (8min 22sec)
		6775/8000 solved (8min 22sec)
		6776/8000 solved (8min 22sec)
		6777/8000 solved (8min 22sec)
		6778/8000 solved (8min 22sec)
		6779/8000 solved (8min 22sec)
		6780/8000 solved (8min 22sec)
		6781/8000 solved (8min 22sec)
		6782/8000 solved (8min 23sec)
		6783/8000 solved (8min 23sec)
		6784/8000 solved (8min 23sec)
		6785/8000 solved (8min 23sec)
		6786/8000 solved (8min 23sec)
		6787/8000 solved (8min 23sec)
		6788/8000 solved (8min 23sec)
		6789/8000 solved (8min 23sec)
		6790/8000 solved (8min 23sec)
		6791/8000 solved (8min 23sec)
		6792/8000 solved (8min 23sec)
		6793/8000 solved (8min 23sec)
		6794/8000 solved (8min 23sec)
		6795/8000 solved (8min 23sec)
		6796/8000 solved (8min 24sec)
		6797/8000 solved (8min 24sec)
		6798/8000 solved (8min 24sec)
		6799/8000 solved (8min 24sec)
		6800/8000 solved (8min 24sec)
		6801/8000 solved (8min 24sec)
		6802/8000 solved (8min 24sec)
		6803/8000 solved (8min 24sec)
		6804/8000 solved (8min 24sec)
		6805/8000 solved (8min 24sec)
		6806/8000 solved (8min 24sec)
		6807/8000 solved (8min 24sec)
		6808/8000 solved (8min 24sec)
		6809/8000 solved (8min 24sec)
		6810/8000 solved (8min 25sec)
		6811/8000 solved (8min 25sec)
		6812/8000 solved (8min 25sec)
		6813/8000 solved (8min 25sec)
		6814/8000 solved (8min 25sec)
		6815/8000 solved (8min 25sec)
		6816/8000 solved (8min 25sec)
		6817/8000 solved (8min 25sec)
		6818/8000 solved (8min 25sec)
		6819/8000 solved (8min 25sec)
		6820/8000 solved (8min 25sec)
		6821/8000 solved (8min 25sec)
		6822/8000 solved (8min 25sec)
		6823/8000 solved (8min 25sec)
		6824/8000 solved (8min 26sec)
		6825/8000 solved (8min 26sec)
		6826/8000 solved (8min 26sec)
		6827/8000 solved (8min 26sec)
		6828/8000 solved (8min 26sec)
		6829/8000 solved (8min 26sec)
		6830/8000 solved (8min 26sec)
		6831/8000 solved (8min 26sec)
		6832/8000 solved (8min 26sec)
		6833/8000 solved (8min 26sec)
		6834/8000 solved (8min 26sec)
		6835/8000 solved (8min 26sec)
		6836/8000 solved (8min 26sec)
		6837/8000 solved (8min 26sec)
		6838/8000 solved (8min 26sec)
		6839/8000 solved (8min 27sec)
		6840/8000 solved (8min 27sec)
		6841/8000 solved (8min 27sec)
		6842/8000 solved (8min 27sec)
		6843/8000 solved (8min 27sec)
		6844/8000 solved (8min 27sec)
		6845/8000 solved (8min 27sec)
		6846/8000 solved (8min 27sec)
		6847/8000 solved (8min 27sec)
		6848/8000 solved (8min 27sec)
		6849/8000 solved (8min 27sec)
		6850/8000 solved (8min 27sec)
		6851/8000 solved (8min 27sec)
		6852/8000 solved (8min 27sec)
		6853/8000 solved (8min 28sec)
		6854/8000 solved (8min 28sec)
		6855/8000 solved (8min 28sec)
		6856/8000 solved (8min 28sec)
		6857/8000 solved (8min 28sec)
		6858/8000 solved (8min 28sec)
		6859/8000 solved (8min 28sec)
		6860/8000 solved (8min 28sec)
		6861/8000 solved (8min 28sec)
		6862/8000 solved (8min 28sec)
		6863/8000 solved (8min 28sec)
		6864/8000 solved (8min 28sec)
		6865/8000 solved (8min 28sec)
		6866/8000 solved (8min 28sec)
		6867/8000 solved (8min 29sec)
		6868/8000 solved (8min 29sec)
		6869/8000 solved (8min 29sec)
		6870/8000 solved (8min 29sec)
		6871/8000 solved (8min 29sec)
		6872/8000 solved (8min 29sec)
		6873/8000 solved (8min 29sec)
		6874/8000 solved (8min 29sec)
		6875/8000 solved (8min 29sec)
		6876/8000 solved (8min 29sec)
		6877/8000 solved (8min 29sec)
		6878/8000 solved (8min 29sec)
		6879/8000 solved (8min 29sec)
		6880/8000 solved (8min 29sec)
		6881/8000 solved (8min 29sec)
		6882/8000 solved (8min 30sec)
		6883/8000 solved (8min 30sec)
		6884/8000 solved (8min 30sec)
		6885/8000 solved (8min 30sec)
		6886/8000 solved (8min 30sec)
		6887/8000 solved (8min 30sec)
		6888/8000 solved (8min 30sec)
		6889/8000 solved (8min 30sec)
		6890/8000 solved (8min 30sec)
		6891/8000 solved (8min 30sec)
		6892/8000 solved (8min 30sec)
		6893/8000 solved (8min 30sec)
		6894/8000 solved (8min 30sec)
		6895/8000 solved (8min 30sec)
		6896/8000 solved (8min 31sec)
		6897/8000 solved (8min 31sec)
		6898/8000 solved (8min 31sec)
		6899/8000 solved (8min 31sec)
		6900/8000 solved (8min 31sec)
		6901/8000 solved (8min 31sec)
		6902/8000 solved (8min 31sec)
		6903/8000 solved (8min 31sec)
		6904/8000 solved (8min 31sec)
		6905/8000 solved (8min 31sec)
		6906/8000 solved (8min 31sec)
		6907/8000 solved (8min 31sec)
		6908/8000 solved (8min 31sec)
		6909/8000 solved (8min 31sec)
		6910/8000 solved (8min 32sec)
		6911/8000 solved (8min 32sec)
		6912/8000 solved (8min 32sec)
		6913/8000 solved (8min 32sec)
		6914/8000 solved (8min 32sec)
		6915/8000 solved (8min 32sec)
		6916/8000 solved (8min 32sec)
		6917/8000 solved (8min 32sec)
		6918/8000 solved (8min 32sec)
		6919/8000 solved (8min 32sec)
		6920/8000 solved (8min 32sec)
		6921/8000 solved (8min 32sec)
		6922/8000 solved (8min 32sec)
		6923/8000 solved (8min 32sec)
		6924/8000 solved (8min 32sec)
		6925/8000 solved (8min 33sec)
		6926/8000 solved (8min 33sec)
		6927/8000 solved (8min 33sec)
		6928/8000 solved (8min 33sec)
		6929/8000 solved (8min 33sec)
		6930/8000 solved (8min 33sec)
		6931/8000 solved (8min 33sec)
		6932/8000 solved (8min 33sec)
		6933/8000 solved (8min 33sec)
		6934/8000 solved (8min 33sec)
		6935/8000 solved (8min 33sec)
		6936/8000 solved (8min 33sec)
		6937/8000 solved (8min 33sec)
		6938/8000 solved (8min 33sec)
		6939/8000 solved (8min 34sec)
		6940/8000 solved (8min 34sec)
		6941/8000 solved (8min 34sec)
		6942/8000 solved (8min 34sec)
		6943/8000 solved (8min 34sec)
		6944/8000 solved (8min 34sec)
		6945/8000 solved (8min 34sec)
		6946/8000 solved (8min 34sec)
		6947/8000 solved (8min 34sec)
		6948/8000 solved (8min 34sec)
		6949/8000 solved (8min 34sec)
		6950/8000 solved (8min 34sec)
		6951/8000 solved (8min 34sec)
		6952/8000 solved (8min 34sec)
		6953/8000 solved (8min 34sec)
		6954/8000 solved (8min 35sec)
		6955/8000 solved (8min 35sec)
		6956/8000 solved (8min 35sec)
		6957/8000 solved (8min 35sec)
		6958/8000 solved (8min 35sec)
		6959/8000 solved (8min 35sec)
		6960/8000 solved (8min 35sec)
		6961/8000 solved (8min 35sec)
		6962/8000 solved (8min 35sec)
		6963/8000 solved (8min 35sec)
		6964/8000 solved (8min 35sec)
		6965/8000 solved (8min 35sec)
		6966/8000 solved (8min 35sec)
		6967/8000 solved (8min 35sec)
		6968/8000 solved (8min 36sec)
		6969/8000 solved (8min 36sec)
		6970/8000 solved (8min 36sec)
		6971/8000 solved (8min 36sec)
		6972/8000 solved (8min 36sec)
		6973/8000 solved (8min 36sec)
		6974/8000 solved (8min 36sec)
		6975/8000 solved (8min 36sec)
		6976/8000 solved (8min 36sec)
		6977/8000 solved (8min 36sec)
		6978/8000 solved (8min 36sec)
		6979/8000 solved (8min 36sec)
		6980/8000 solved (8min 36sec)
		6981/8000 solved (8min 36sec)
		6982/8000 solved (8min 37sec)
		6983/8000 solved (8min 37sec)
		6984/8000 solved (8min 37sec)
		6985/8000 solved (8min 37sec)
		6986/8000 solved (8min 37sec)
		6987/8000 solved (8min 37sec)
		6988/8000 solved (8min 37sec)
		6989/8000 solved (8min 37sec)
		6990/8000 solved (8min 37sec)
		6991/8000 solved (8min 37sec)
		6992/8000 solved (8min 37sec)
		6993/8000 solved (8min 37sec)
		6994/8000 solved (8min 37sec)
		6995/8000 solved (8min 37sec)
		6996/8000 solved (8min 38sec)
		6997/8000 solved (8min 38sec)
		6998/8000 solved (8min 38sec)
		6999/8000 solved (8min 38sec)
		7000/8000 solved (8min 38sec)
		7001/8000 solved (8min 38sec)
		7002/8000 solved (8min 38sec)
		7003/8000 solved (8min 38sec)
		7004/8000 solved (8min 38sec)
		7005/8000 solved (8min 38sec)
		7006/8000 solved (8min 38sec)
		7007/8000 solved (8min 38sec)
		7008/8000 solved (8min 38sec)
		7009/8000 solved (8min 38sec)
		7010/8000 solved (8min 38sec)
		7011/8000 solved (8min 39sec)
		7012/8000 solved (8min 39sec)
		7013/8000 solved (8min 39sec)
		7014/8000 solved (8min 39sec)
		7015/8000 solved (8min 39sec)
		7016/8000 solved (8min 39sec)
		7017/8000 solved (8min 39sec)
		7018/8000 solved (8min 39sec)
		7019/8000 solved (8min 39sec)
		7020/8000 solved (8min 39sec)
		7021/8000 solved (8min 39sec)
		7022/8000 solved (8min 39sec)
		7023/8000 solved (8min 39sec)
		7024/8000 solved (8min 39sec)
		7025/8000 solved (8min 40sec)
		7026/8000 solved (8min 40sec)
		7027/8000 solved (8min 40sec)
		7028/8000 solved (8min 40sec)
		7029/8000 solved (8min 40sec)
		7030/8000 solved (8min 40sec)
		7031/8000 solved (8min 40sec)
		7032/8000 solved (8min 40sec)
		7033/8000 solved (8min 40sec)
		7034/8000 solved (8min 40sec)
		7035/8000 solved (8min 40sec)
		7036/8000 solved (8min 40sec)
		7037/8000 solved (8min 40sec)
		7038/8000 solved (8min 40sec)
		7039/8000 solved (8min 40sec)
		7040/8000 solved (8min 41sec)
		7041/8000 solved (8min 41sec)
		7042/8000 solved (8min 41sec)
		7043/8000 solved (8min 41sec)
		7044/8000 solved (8min 41sec)
		7045/8000 solved (8min 41sec)
		7046/8000 solved (8min 41sec)
		7047/8000 solved (8min 41sec)
		7048/8000 solved (8min 41sec)
		7049/8000 solved (8min 41sec)
		7050/8000 solved (8min 41sec)
		7051/8000 solved (8min 41sec)
		7052/8000 solved (8min 41sec)
		7053/8000 solved (8min 41sec)
		7054/8000 solved (8min 42sec)
		7055/8000 solved (8min 42sec)
		7056/8000 solved (8min 42sec)
		7057/8000 solved (8min 42sec)
		7058/8000 solved (8min 42sec)
		7059/8000 solved (8min 42sec)
		7060/8000 solved (8min 42sec)
		7061/8000 solved (8min 42sec)
		7062/8000 solved (8min 42sec)
		7063/8000 solved (8min 42sec)
		7064/8000 solved (8min 42sec)
		7065/8000 solved (8min 42sec)
		7066/8000 solved (8min 42sec)
		7067/8000 solved (8min 42sec)
		7068/8000 solved (8min 43sec)
		7069/8000 solved (8min 43sec)
		7070/8000 solved (8min 43sec)
		7071/8000 solved (8min 43sec)
		7072/8000 solved (8min 43sec)
		7073/8000 solved (8min 43sec)
		7074/8000 solved (8min 43sec)
		7075/8000 solved (8min 43sec)
		7076/8000 solved (8min 43sec)
		7077/8000 solved (8min 43sec)
		7078/8000 solved (8min 43sec)
		7079/8000 solved (8min 43sec)
		7080/8000 solved (8min 43sec)
		7081/8000 solved (8min 43sec)
		7082/8000 solved (8min 43sec)
		7083/8000 solved (8min 44sec)
		7084/8000 solved (8min 44sec)
		7085/8000 solved (8min 44sec)
		7086/8000 solved (8min 44sec)
		7087/8000 solved (8min 44sec)
		7088/8000 solved (8min 44sec)
		7089/8000 solved (8min 44sec)
		7090/8000 solved (8min 44sec)
		7091/8000 solved (8min 44sec)
		7092/8000 solved (8min 44sec)
		7093/8000 solved (8min 44sec)
		7094/8000 solved (8min 44sec)
		7095/8000 solved (8min 44sec)
		7096/8000 solved (8min 45sec)
		7097/8000 solved (8min 45sec)
		7098/8000 solved (8min 45sec)
		7099/8000 solved (8min 45sec)
		7100/8000 solved (8min 45sec)
		7101/8000 solved (8min 45sec)
		7102/8000 solved (8min 45sec)
		7103/8000 solved (8min 45sec)
		7104/8000 solved (8min 45sec)
		7105/8000 solved (8min 45sec)
		7106/8000 solved (8min 45sec)
		7107/8000 solved (8min 45sec)
		7108/8000 solved (8min 45sec)
		7109/8000 solved (8min 45sec)
		7110/8000 solved (8min 45sec)
		7111/8000 solved (8min 46sec)
		7112/8000 solved (8min 46sec)
		7113/8000 solved (8min 46sec)
		7114/8000 solved (8min 46sec)
		7115/8000 solved (8min 46sec)
		7116/8000 solved (8min 46sec)
		7117/8000 solved (8min 46sec)
		7118/8000 solved (8min 46sec)
		7119/8000 solved (8min 46sec)
		7120/8000 solved (8min 46sec)
		7121/8000 solved (8min 46sec)
		7122/8000 solved (8min 46sec)
		7123/8000 solved (8min 46sec)
		7124/8000 solved (8min 46sec)
		7125/8000 solved (8min 47sec)
		7126/8000 solved (8min 47sec)
		7127/8000 solved (8min 47sec)
		7128/8000 solved (8min 47sec)
		7129/8000 solved (8min 47sec)
		7130/8000 solved (8min 47sec)
		7131/8000 solved (8min 47sec)
		7132/8000 solved (8min 47sec)
		7133/8000 solved (8min 47sec)
		7134/8000 solved (8min 47sec)
		7135/8000 solved (8min 47sec)
		7136/8000 solved (8min 47sec)
		7137/8000 solved (8min 47sec)
		7138/8000 solved (8min 47sec)
		7139/8000 solved (8min 47sec)
		7140/8000 solved (8min 48sec)
		7141/8000 solved (8min 48sec)
		7142/8000 solved (8min 48sec)
		7143/8000 solved (8min 48sec)
		7144/8000 solved (8min 48sec)
		7145/8000 solved (8min 48sec)
		7146/8000 solved (8min 48sec)
		7147/8000 solved (8min 48sec)
		7148/8000 solved (8min 48sec)
		7149/8000 solved (8min 48sec)
		7150/8000 solved (8min 48sec)
		7151/8000 solved (8min 48sec)
		7152/8000 solved (8min 48sec)
		7153/8000 solved (8min 48sec)
		7154/8000 solved (8min 49sec)
		7155/8000 solved (8min 49sec)
		7156/8000 solved (8min 49sec)
		7157/8000 solved (8min 49sec)
		7158/8000 solved (8min 49sec)
		7159/8000 solved (8min 49sec)
		7160/8000 solved (8min 49sec)
		7161/8000 solved (8min 49sec)
		7162/8000 solved (8min 49sec)
		7163/8000 solved (8min 49sec)
		7164/8000 solved (8min 49sec)
		7165/8000 solved (8min 49sec)
		7166/8000 solved (8min 49sec)
		7167/8000 solved (8min 49sec)
		7168/8000 solved (8min 50sec)
		7169/8000 solved (8min 50sec)
		7170/8000 solved (8min 50sec)
		7171/8000 solved (8min 50sec)
		7172/8000 solved (8min 50sec)
		7173/8000 solved (8min 50sec)
		7174/8000 solved (8min 50sec)
		7175/8000 solved (8min 50sec)
		7176/8000 solved (8min 50sec)
		7177/8000 solved (8min 50sec)
		7178/8000 solved (8min 50sec)
		7179/8000 solved (8min 50sec)
		7180/8000 solved (8min 50sec)
		7181/8000 solved (8min 50sec)
		7182/8000 solved (8min 51sec)
		7183/8000 solved (8min 51sec)
		7184/8000 solved (8min 51sec)
		7185/8000 solved (8min 51sec)
		7186/8000 solved (8min 51sec)
		7187/8000 solved (8min 51sec)
		7188/8000 solved (8min 51sec)
		7189/8000 solved (8min 51sec)
		7190/8000 solved (8min 51sec)
		7191/8000 solved (8min 51sec)
		7192/8000 solved (8min 51sec)
		7193/8000 solved (8min 51sec)
		7194/8000 solved (8min 51sec)
		7195/8000 solved (8min 51sec)
		7196/8000 solved (8min 51sec)
		7197/8000 solved (8min 52sec)
		7198/8000 solved (8min 52sec)
		7199/8000 solved (8min 52sec)
		7200/8000 solved (8min 52sec)
		7201/8000 solved (8min 52sec)
		7202/8000 solved (8min 52sec)
		7203/8000 solved (8min 52sec)
		7204/8000 solved (8min 52sec)
		7205/8000 solved (8min 52sec)
		7206/8000 solved (8min 52sec)
		7207/8000 solved (8min 52sec)
		7208/8000 solved (8min 52sec)
		7209/8000 solved (8min 52sec)
		7210/8000 solved (8min 52sec)
		7211/8000 solved (8min 53sec)
		7212/8000 solved (8min 53sec)
		7213/8000 solved (8min 53sec)
		7214/8000 solved (8min 53sec)
		7215/8000 solved (8min 53sec)
		7216/8000 solved (8min 53sec)
		7217/8000 solved (8min 53sec)
		7218/8000 solved (8min 53sec)
		7219/8000 solved (8min 53sec)
		7220/8000 solved (8min 53sec)
		7221/8000 solved (8min 53sec)
		7222/8000 solved (8min 53sec)
		7223/8000 solved (8min 53sec)
		7224/8000 solved (8min 53sec)
		7225/8000 solved (8min 53sec)
		7226/8000 solved (8min 54sec)
		7227/8000 solved (8min 54sec)
		7228/8000 solved (8min 54sec)
		7229/8000 solved (8min 54sec)
		7230/8000 solved (8min 54sec)
		7231/8000 solved (8min 54sec)
		7232/8000 solved (8min 54sec)
		7233/8000 solved (8min 54sec)
		7234/8000 solved (8min 54sec)
		7235/8000 solved (8min 54sec)
		7236/8000 solved (8min 54sec)
		7237/8000 solved (8min 54sec)
		7238/8000 solved (8min 54sec)
		7239/8000 solved (8min 54sec)
		7240/8000 solved (8min 55sec)
		7241/8000 solved (8min 55sec)
		7242/8000 solved (8min 55sec)
		7243/8000 solved (8min 55sec)
		7244/8000 solved (8min 55sec)
		7245/8000 solved (8min 55sec)
		7246/8000 solved (8min 55sec)
		7247/8000 solved (8min 55sec)
		7248/8000 solved (8min 55sec)
		7249/8000 solved (8min 55sec)
		7250/8000 solved (8min 55sec)
		7251/8000 solved (8min 55sec)
		7252/8000 solved (8min 55sec)
		7253/8000 solved (8min 55sec)
		7254/8000 solved (8min 56sec)
		7255/8000 solved (8min 56sec)
		7256/8000 solved (8min 56sec)
		7257/8000 solved (8min 56sec)
		7258/8000 solved (8min 56sec)
		7259/8000 solved (8min 56sec)
		7260/8000 solved (8min 56sec)
		7261/8000 solved (8min 56sec)
		7262/8000 solved (8min 56sec)
		7263/8000 solved (8min 56sec)
		7264/8000 solved (8min 56sec)
		7265/8000 solved (8min 56sec)
		7266/8000 solved (8min 56sec)
		7267/8000 solved (8min 56sec)
		7268/8000 solved (8min 57sec)
		7269/8000 solved (8min 57sec)
		7270/8000 solved (8min 57sec)
		7271/8000 solved (8min 57sec)
		7272/8000 solved (8min 57sec)
		7273/8000 solved (8min 57sec)
		7274/8000 solved (8min 57sec)
		7275/8000 solved (8min 57sec)
		7276/8000 solved (8min 57sec)
		7277/8000 solved (8min 57sec)
		7278/8000 solved (8min 57sec)
		7279/8000 solved (8min 57sec)
		7280/8000 solved (8min 57sec)
		7281/8000 solved (8min 57sec)
		7282/8000 solved (8min 57sec)
		7283/8000 solved (8min 58sec)
		7284/8000 solved (8min 58sec)
		7285/8000 solved (8min 58sec)
		7286/8000 solved (8min 58sec)
		7287/8000 solved (8min 58sec)
		7288/8000 solved (8min 58sec)
		7289/8000 solved (8min 58sec)
		7290/8000 solved (8min 58sec)
		7291/8000 solved (8min 58sec)
		7292/8000 solved (8min 58sec)
		7293/8000 solved (8min 58sec)
		7294/8000 solved (8min 58sec)
		7295/8000 solved (8min 58sec)
		7296/8000 solved (8min 58sec)
		7297/8000 solved (8min 59sec)
		7298/8000 solved (8min 59sec)
		7299/8000 solved (8min 59sec)
		7300/8000 solved (8min 59sec)
		7301/8000 solved (8min 59sec)
		7302/8000 solved (8min 59sec)
		7303/8000 solved (8min 59sec)
		7304/8000 solved (8min 59sec)
		7305/8000 solved (8min 59sec)
		7306/8000 solved (8min 59sec)
		7307/8000 solved (8min 59sec)
		7308/8000 solved (8min 59sec)
		7309/8000 solved (8min 59sec)
		7310/8000 solved (8min 59sec)
		7311/8000 solved (9min 0sec)
		7312/8000 solved (9min 0sec)
		7313/8000 solved (9min 0sec)
		7314/8000 solved (9min 0sec)
		7315/8000 solved (9min 0sec)
		7316/8000 solved (9min 0sec)
		7317/8000 solved (9min 0sec)
		7318/8000 solved (9min 0sec)
		7319/8000 solved (9min 0sec)
		7320/8000 solved (9min 0sec)
		7321/8000 solved (9min 0sec)
		7322/8000 solved (9min 0sec)
		7323/8000 solved (9min 0sec)
		7324/8000 solved (9min 0sec)
		7325/8000 solved (9min 0sec)
		7326/8000 solved (9min 1sec)
		7327/8000 solved (9min 1sec)
		7328/8000 solved (9min 1sec)
		7329/8000 solved (9min 1sec)
		7330/8000 solved (9min 1sec)
		7331/8000 solved (9min 1sec)
		7332/8000 solved (9min 1sec)
		7333/8000 solved (9min 1sec)
		7334/8000 solved (9min 1sec)
		7335/8000 solved (9min 1sec)
		7336/8000 solved (9min 1sec)
		7337/8000 solved (9min 1sec)
		7338/8000 solved (9min 1sec)
		7339/8000 solved (9min 1sec)
		7340/8000 solved (9min 2sec)
		7341/8000 solved (9min 2sec)
		7342/8000 solved (9min 2sec)
		7343/8000 solved (9min 2sec)
		7344/8000 solved (9min 2sec)
		7345/8000 solved (9min 2sec)
		7346/8000 solved (9min 2sec)
		7347/8000 solved (9min 2sec)
		7348/8000 solved (9min 2sec)
		7349/8000 solved (9min 2sec)
		7350/8000 solved (9min 2sec)
		7351/8000 solved (9min 2sec)
		7352/8000 solved (9min 2sec)
		7353/8000 solved (9min 2sec)
		7354/8000 solved (9min 2sec)
		7355/8000 solved (9min 3sec)
		7356/8000 solved (9min 3sec)
		7357/8000 solved (9min 3sec)
		7358/8000 solved (9min 3sec)
		7359/8000 solved (9min 3sec)
		7360/8000 solved (9min 3sec)
		7361/8000 solved (9min 3sec)
		7362/8000 solved (9min 3sec)
		7363/8000 solved (9min 3sec)
		7364/8000 solved (9min 3sec)
		7365/8000 solved (9min 3sec)
		7366/8000 solved (9min 3sec)
		7367/8000 solved (9min 3sec)
		7368/8000 solved (9min 3sec)
		7369/8000 solved (9min 4sec)
		7370/8000 solved (9min 4sec)
		7371/8000 solved (9min 4sec)
		7372/8000 solved (9min 4sec)
		7373/8000 solved (9min 4sec)
		7374/8000 solved (9min 4sec)
		7375/8000 solved (9min 4sec)
		7376/8000 solved (9min 4sec)
		7377/8000 solved (9min 4sec)
		7378/8000 solved (9min 4sec)
		7379/8000 solved (9min 4sec)
		7380/8000 solved (9min 4sec)
		7381/8000 solved (9min 4sec)
		7382/8000 solved (9min 4sec)
		7383/8000 solved (9min 5sec)
		7384/8000 solved (9min 5sec)
		7385/8000 solved (9min 5sec)
		7386/8000 solved (9min 5sec)
		7387/8000 solved (9min 5sec)
		7388/8000 solved (9min 5sec)
		7389/8000 solved (9min 5sec)
		7390/8000 solved (9min 5sec)
		7391/8000 solved (9min 5sec)
		7392/8000 solved (9min 5sec)
		7393/8000 solved (9min 5sec)
		7394/8000 solved (9min 5sec)
		7395/8000 solved (9min 5sec)
		7396/8000 solved (9min 5sec)
		7397/8000 solved (9min 5sec)
		7398/8000 solved (9min 6sec)
		7399/8000 solved (9min 6sec)
		7400/8000 solved (9min 6sec)
		7401/8000 solved (9min 6sec)
		7402/8000 solved (9min 6sec)
		7403/8000 solved (9min 6sec)
		7404/8000 solved (9min 6sec)
		7405/8000 solved (9min 6sec)
		7406/8000 solved (9min 6sec)
		7407/8000 solved (9min 6sec)
		7408/8000 solved (9min 6sec)
		7409/8000 solved (9min 6sec)
		7410/8000 solved (9min 6sec)
		7411/8000 solved (9min 6sec)
		7412/8000 solved (9min 7sec)
		7413/8000 solved (9min 7sec)
		7414/8000 solved (9min 7sec)
		7415/8000 solved (9min 7sec)
		7416/8000 solved (9min 7sec)
		7417/8000 solved (9min 7sec)
		7418/8000 solved (9min 7sec)
		7419/8000 solved (9min 7sec)
		7420/8000 solved (9min 7sec)
		7421/8000 solved (9min 7sec)
		7422/8000 solved (9min 7sec)
		7423/8000 solved (9min 7sec)
		7424/8000 solved (9min 7sec)
		7425/8000 solved (9min 7sec)
		7426/8000 solved (9min 7sec)
		7427/8000 solved (9min 8sec)
		7428/8000 solved (9min 8sec)
		7429/8000 solved (9min 8sec)
		7430/8000 solved (9min 8sec)
		7431/8000 solved (9min 8sec)
		7432/8000 solved (9min 8sec)
		7433/8000 solved (9min 8sec)
		7434/8000 solved (9min 8sec)
		7435/8000 solved (9min 8sec)
		7436/8000 solved (9min 8sec)
		7437/8000 solved (9min 8sec)
		7438/8000 solved (9min 8sec)
		7439/8000 solved (9min 8sec)
		7440/8000 solved (9min 8sec)
		7441/8000 solved (9min 9sec)
		7442/8000 solved (9min 9sec)
		7443/8000 solved (9min 9sec)
		7444/8000 solved (9min 9sec)
		7445/8000 solved (9min 9sec)
		7446/8000 solved (9min 9sec)
		7447/8000 solved (9min 9sec)
		7448/8000 solved (9min 9sec)
		7449/8000 solved (9min 9sec)
		7450/8000 solved (9min 9sec)
		7451/8000 solved (9min 9sec)
		7452/8000 solved (9min 9sec)
		7453/8000 solved (9min 9sec)
		7454/8000 solved (9min 9sec)
		7455/8000 solved (9min 10sec)
		7456/8000 solved (9min 10sec)
		7457/8000 solved (9min 10sec)
		7458/8000 solved (9min 10sec)
		7459/8000 solved (9min 10sec)
		7460/8000 solved (9min 10sec)
		7461/8000 solved (9min 10sec)
		7462/8000 solved (9min 10sec)
		7463/8000 solved (9min 10sec)
		7464/8000 solved (9min 10sec)
		7465/8000 solved (9min 10sec)
		7466/8000 solved (9min 10sec)
		7467/8000 solved (9min 10sec)
		7468/8000 solved (9min 10sec)
		7469/8000 solved (9min 10sec)
		7470/8000 solved (9min 11sec)
		7471/8000 solved (9min 11sec)
		7472/8000 solved (9min 11sec)
		7473/8000 solved (9min 11sec)
		7474/8000 solved (9min 11sec)
		7475/8000 solved (9min 11sec)
		7476/8000 solved (9min 11sec)
		7477/8000 solved (9min 11sec)
		7478/8000 solved (9min 11sec)
		7479/8000 solved (9min 11sec)
		7480/8000 solved (9min 11sec)
		7481/8000 solved (9min 11sec)
		7482/8000 solved (9min 11sec)
		7483/8000 solved (9min 11sec)
		7484/8000 solved (9min 12sec)
		7485/8000 solved (9min 12sec)
		7486/8000 solved (9min 12sec)
		7487/8000 solved (9min 12sec)
		7488/8000 solved (9min 12sec)
		7489/8000 solved (9min 12sec)
		7490/8000 solved (9min 12sec)
		7491/8000 solved (9min 12sec)
		7492/8000 solved (9min 12sec)
		7493/8000 solved (9min 12sec)
		7494/8000 solved (9min 12sec)
		7495/8000 solved (9min 12sec)
		7496/8000 solved (9min 12sec)
		7497/8000 solved (9min 12sec)
		7498/8000 solved (9min 12sec)
		7499/8000 solved (9min 13sec)
		7500/8000 solved (9min 13sec)
		7501/8000 solved (9min 13sec)
		7502/8000 solved (9min 13sec)
		7503/8000 solved (9min 13sec)
		7504/8000 solved (9min 13sec)
		7505/8000 solved (9min 13sec)
		7506/8000 solved (9min 13sec)
		7507/8000 solved (9min 13sec)
		7508/8000 solved (9min 13sec)
		7509/8000 solved (9min 13sec)
		7510/8000 solved (9min 13sec)
		7511/8000 solved (9min 13sec)
		7512/8000 solved (9min 13sec)
		7513/8000 solved (9min 14sec)
		7514/8000 solved (9min 14sec)
		7515/8000 solved (9min 14sec)
		7516/8000 solved (9min 14sec)
		7517/8000 solved (9min 14sec)
		7518/8000 solved (9min 14sec)
		7519/8000 solved (9min 14sec)
		7520/8000 solved (9min 14sec)
		7521/8000 solved (9min 14sec)
		7522/8000 solved (9min 14sec)
		7523/8000 solved (9min 14sec)
		7524/8000 solved (9min 14sec)
		7525/8000 solved (9min 14sec)
		7526/8000 solved (9min 14sec)
		7527/8000 solved (9min 15sec)
		7528/8000 solved (9min 15sec)
		7529/8000 solved (9min 15sec)
		7530/8000 solved (9min 15sec)
		7531/8000 solved (9min 15sec)
		7532/8000 solved (9min 15sec)
		7533/8000 solved (9min 15sec)
		7534/8000 solved (9min 15sec)
		7535/8000 solved (9min 15sec)
		7536/8000 solved (9min 15sec)
		7537/8000 solved (9min 15sec)
		7538/8000 solved (9min 15sec)
		7539/8000 solved (9min 15sec)
		7540/8000 solved (9min 15sec)
		7541/8000 solved (9min 16sec)
		7542/8000 solved (9min 16sec)
		7543/8000 solved (9min 16sec)
		7544/8000 solved (9min 16sec)
		7545/8000 solved (9min 16sec)
		7546/8000 solved (9min 16sec)
		7547/8000 solved (9min 16sec)
		7548/8000 solved (9min 16sec)
		7549/8000 solved (9min 16sec)
		7550/8000 solved (9min 16sec)
		7551/8000 solved (9min 16sec)
		7552/8000 solved (9min 16sec)
		7553/8000 solved (9min 16sec)
		7554/8000 solved (9min 16sec)
		7555/8000 solved (9min 17sec)
		7556/8000 solved (9min 17sec)
		7557/8000 solved (9min 17sec)
		7558/8000 solved (9min 17sec)
		7559/8000 solved (9min 17sec)
		7560/8000 solved (9min 17sec)
		7561/8000 solved (9min 17sec)
		7562/8000 solved (9min 17sec)
		7563/8000 solved (9min 17sec)
		7564/8000 solved (9min 17sec)
		7565/8000 solved (9min 17sec)
		7566/8000 solved (9min 17sec)
		7567/8000 solved (9min 17sec)
		7568/8000 solved (9min 17sec)
		7569/8000 solved (9min 17sec)
		7570/8000 solved (9min 18sec)
		7571/8000 solved (9min 18sec)
		7572/8000 solved (9min 18sec)
		7573/8000 solved (9min 18sec)
		7574/8000 solved (9min 18sec)
		7575/8000 solved (9min 18sec)
		7576/8000 solved (9min 18sec)
		7577/8000 solved (9min 18sec)
		7578/8000 solved (9min 18sec)
		7579/8000 solved (9min 18sec)
		7580/8000 solved (9min 18sec)
		7581/8000 solved (9min 18sec)
		7582/8000 solved (9min 18sec)
		7583/8000 solved (9min 18sec)
		7584/8000 solved (9min 19sec)
		7585/8000 solved (9min 19sec)
		7586/8000 solved (9min 19sec)
		7587/8000 solved (9min 19sec)
		7588/8000 solved (9min 19sec)
		7589/8000 solved (9min 19sec)
		7590/8000 solved (9min 19sec)
		7591/8000 solved (9min 19sec)
		7592/8000 solved (9min 19sec)
		7593/8000 solved (9min 19sec)
		7594/8000 solved (9min 19sec)
		7595/8000 solved (9min 19sec)
		7596/8000 solved (9min 19sec)
		7597/8000 solved (9min 19sec)
		7598/8000 solved (9min 19sec)
		7599/8000 solved (9min 20sec)
		7600/8000 solved (9min 20sec)
		7601/8000 solved (9min 20sec)
		7602/8000 solved (9min 20sec)
		7603/8000 solved (9min 20sec)
		7604/8000 solved (9min 20sec)
		7605/8000 solved (9min 20sec)
		7606/8000 solved (9min 20sec)
		7607/8000 solved (9min 20sec)
		7608/8000 solved (9min 20sec)
		7609/8000 solved (9min 20sec)
		7610/8000 solved (9min 20sec)
		7611/8000 solved (9min 20sec)
		7612/8000 solved (9min 20sec)
		7613/8000 solved (9min 21sec)
		7614/8000 solved (9min 21sec)
		7615/8000 solved (9min 21sec)
		7616/8000 solved (9min 21sec)
		7617/8000 solved (9min 21sec)
		7618/8000 solved (9min 21sec)
		7619/8000 solved (9min 21sec)
		7620/8000 solved (9min 21sec)
		7621/8000 solved (9min 21sec)
		7622/8000 solved (9min 21sec)
		7623/8000 solved (9min 21sec)
		7624/8000 solved (9min 21sec)
		7625/8000 solved (9min 21sec)
		7626/8000 solved (9min 21sec)
		7627/8000 solved (9min 21sec)
		7628/8000 solved (9min 22sec)
		7629/8000 solved (9min 22sec)
		7630/8000 solved (9min 22sec)
		7631/8000 solved (9min 22sec)
		7632/8000 solved (9min 22sec)
		7633/8000 solved (9min 22sec)
		7634/8000 solved (9min 22sec)
		7635/8000 solved (9min 22sec)
		7636/8000 solved (9min 22sec)
		7637/8000 solved (9min 22sec)
		7638/8000 solved (9min 22sec)
		7639/8000 solved (9min 22sec)
		7640/8000 solved (9min 22sec)
		7641/8000 solved (9min 23sec)
		7642/8000 solved (9min 23sec)
		7643/8000 solved (9min 23sec)
		7644/8000 solved (9min 23sec)
		7645/8000 solved (9min 23sec)
		7646/8000 solved (9min 23sec)
		7647/8000 solved (9min 23sec)
		7648/8000 solved (9min 23sec)
		7649/8000 solved (9min 23sec)
		7650/8000 solved (9min 23sec)
		7651/8000 solved (9min 23sec)
		7652/8000 solved (9min 23sec)
		7653/8000 solved (9min 23sec)
		7654/8000 solved (9min 23sec)
		7655/8000 solved (9min 23sec)
		7656/8000 solved (9min 24sec)
		7657/8000 solved (9min 24sec)
		7658/8000 solved (9min 24sec)
		7659/8000 solved (9min 24sec)
		7660/8000 solved (9min 24sec)
		7661/8000 solved (9min 24sec)
		7662/8000 solved (9min 24sec)
		7663/8000 solved (9min 24sec)
		7664/8000 solved (9min 24sec)
		7665/8000 solved (9min 24sec)
		7666/8000 solved (9min 24sec)
		7667/8000 solved (9min 24sec)
		7668/8000 solved (9min 24sec)
		7669/8000 solved (9min 24sec)
		7670/8000 solved (9min 25sec)
		7671/8000 solved (9min 25sec)
		7672/8000 solved (9min 25sec)
		7673/8000 solved (9min 25sec)
		7674/8000 solved (9min 25sec)
		7675/8000 solved (9min 25sec)
		7676/8000 solved (9min 25sec)
		7677/8000 solved (9min 25sec)
		7678/8000 solved (9min 25sec)
		7679/8000 solved (9min 25sec)
		7680/8000 solved (9min 25sec)
		7681/8000 solved (9min 25sec)
		7682/8000 solved (9min 25sec)
		7683/8000 solved (9min 25sec)
		7684/8000 solved (9min 26sec)
		7685/8000 solved (9min 26sec)
		7686/8000 solved (9min 26sec)
		7687/8000 solved (9min 26sec)
		7688/8000 solved (9min 26sec)
		7689/8000 solved (9min 26sec)
		7690/8000 solved (9min 26sec)
		7691/8000 solved (9min 26sec)
		7692/8000 solved (9min 26sec)
		7693/8000 solved (9min 26sec)
		7694/8000 solved (9min 26sec)
		7695/8000 solved (9min 26sec)
		7696/8000 solved (9min 26sec)
		7697/8000 solved (9min 26sec)
		7698/8000 solved (9min 26sec)
		7699/8000 solved (9min 27sec)
		7700/8000 solved (9min 27sec)
		7701/8000 solved (9min 27sec)
		7702/8000 solved (9min 27sec)
		7703/8000 solved (9min 27sec)
		7704/8000 solved (9min 27sec)
		7705/8000 solved (9min 27sec)
		7706/8000 solved (9min 27sec)
		7707/8000 solved (9min 27sec)
		7708/8000 solved (9min 27sec)
		7709/8000 solved (9min 27sec)
		7710/8000 solved (9min 27sec)
		7711/8000 solved (9min 27sec)
		7712/8000 solved (9min 27sec)
		7713/8000 solved (9min 28sec)
		7714/8000 solved (9min 28sec)
		7715/8000 solved (9min 28sec)
		7716/8000 solved (9min 28sec)
		7717/8000 solved (9min 28sec)
		7718/8000 solved (9min 28sec)
		7719/8000 solved (9min 28sec)
		7720/8000 solved (9min 28sec)
		7721/8000 solved (9min 28sec)
		7722/8000 solved (9min 28sec)
		7723/8000 solved (9min 28sec)
		7724/8000 solved (9min 28sec)
		7725/8000 solved (9min 28sec)
		7726/8000 solved (9min 28sec)
		7727/8000 solved (9min 28sec)
		7728/8000 solved (9min 29sec)
		7729/8000 solved (9min 29sec)
		7730/8000 solved (9min 29sec)
		7731/8000 solved (9min 29sec)
		7732/8000 solved (9min 29sec)
		7733/8000 solved (9min 29sec)
		7734/8000 solved (9min 29sec)
		7735/8000 solved (9min 29sec)
		7736/8000 solved (9min 29sec)
		7737/8000 solved (9min 29sec)
		7738/8000 solved (9min 29sec)
		7739/8000 solved (9min 29sec)
		7740/8000 solved (9min 29sec)
		7741/8000 solved (9min 29sec)
		7742/8000 solved (9min 30sec)
		7743/8000 solved (9min 30sec)
		7744/8000 solved (9min 30sec)
		7745/8000 solved (9min 30sec)
		7746/8000 solved (9min 30sec)
		7747/8000 solved (9min 30sec)
		7748/8000 solved (9min 30sec)
		7749/8000 solved (9min 30sec)
		7750/8000 solved (9min 30sec)
		7751/8000 solved (9min 30sec)
		7752/8000 solved (9min 30sec)
		7753/8000 solved (9min 30sec)
		7754/8000 solved (9min 30sec)
		7755/8000 solved (9min 30sec)
		7756/8000 solved (9min 31sec)
		7757/8000 solved (9min 31sec)
		7758/8000 solved (9min 31sec)
		7759/8000 solved (9min 31sec)
		7760/8000 solved (9min 31sec)
		7761/8000 solved (9min 31sec)
		7762/8000 solved (9min 31sec)
		7763/8000 solved (9min 31sec)
		7764/8000 solved (9min 31sec)
		7765/8000 solved (9min 31sec)
		7766/8000 solved (9min 31sec)
		7767/8000 solved (9min 31sec)
		7768/8000 solved (9min 31sec)
		7769/8000 solved (9min 31sec)
		7770/8000 solved (9min 31sec)
		7771/8000 solved (9min 32sec)
		7772/8000 solved (9min 32sec)
		7773/8000 solved (9min 32sec)
		7774/8000 solved (9min 32sec)
		7775/8000 solved (9min 32sec)
		7776/8000 solved (9min 32sec)
		7777/8000 solved (9min 32sec)
		7778/8000 solved (9min 32sec)
		7779/8000 solved (9min 32sec)
		7780/8000 solved (9min 32sec)
		7781/8000 solved (9min 32sec)
		7782/8000 solved (9min 32sec)
		7783/8000 solved (9min 32sec)
		7784/8000 solved (9min 32sec)
		7785/8000 solved (9min 33sec)
		7786/8000 solved (9min 33sec)
		7787/8000 solved (9min 33sec)
		7788/8000 solved (9min 33sec)
		7789/8000 solved (9min 33sec)
		7790/8000 solved (9min 33sec)
		7791/8000 solved (9min 33sec)
		7792/8000 solved (9min 33sec)
		7793/8000 solved (9min 33sec)
		7794/8000 solved (9min 33sec)
		7795/8000 solved (9min 33sec)
		7796/8000 solved (9min 33sec)
		7797/8000 solved (9min 33sec)
		7798/8000 solved (9min 33sec)
		7799/8000 solved (9min 33sec)
		7800/8000 solved (9min 34sec)
		7801/8000 solved (9min 34sec)
		7802/8000 solved (9min 34sec)
		7803/8000 solved (9min 34sec)
		7804/8000 solved (9min 34sec)
		7805/8000 solved (9min 34sec)
		7806/8000 solved (9min 34sec)
		7807/8000 solved (9min 34sec)
		7808/8000 solved (9min 34sec)
		7809/8000 solved (9min 34sec)
		7810/8000 solved (9min 34sec)
		7811/8000 solved (9min 34sec)
		7812/8000 solved (9min 34sec)
		7813/8000 solved (9min 34sec)
		7814/8000 solved (9min 35sec)
		7815/8000 solved (9min 35sec)
		7816/8000 solved (9min 35sec)
		7817/8000 solved (9min 35sec)
		7818/8000 solved (9min 35sec)
		7819/8000 solved (9min 35sec)
		7820/8000 solved (9min 35sec)
		7821/8000 solved (9min 35sec)
		7822/8000 solved (9min 35sec)
		7823/8000 solved (9min 35sec)
		7824/8000 solved (9min 35sec)
		7825/8000 solved (9min 35sec)
		7826/8000 solved (9min 35sec)
		7827/8000 solved (9min 35sec)
		7828/8000 solved (9min 36sec)
		7829/8000 solved (9min 36sec)
		7830/8000 solved (9min 36sec)
		7831/8000 solved (9min 36sec)
		7832/8000 solved (9min 36sec)
		7833/8000 solved (9min 36sec)
		7834/8000 solved (9min 36sec)
		7835/8000 solved (9min 36sec)
		7836/8000 solved (9min 36sec)
		7837/8000 solved (9min 36sec)
		7838/8000 solved (9min 36sec)
		7839/8000 solved (9min 36sec)
		7840/8000 solved (9min 36sec)
		7841/8000 solved (9min 36sec)
		7842/8000 solved (9min 36sec)
		7843/8000 solved (9min 37sec)
		7844/8000 solved (9min 37sec)
		7845/8000 solved (9min 37sec)
		7846/8000 solved (9min 37sec)
		7847/8000 solved (9min 37sec)
		7848/8000 solved (9min 37sec)
		7849/8000 solved (9min 37sec)
		7850/8000 solved (9min 37sec)
		7851/8000 solved (9min 37sec)
		7852/8000 solved (9min 37sec)
		7853/8000 solved (9min 37sec)
		7854/8000 solved (9min 37sec)
		7855/8000 solved (9min 37sec)
		7856/8000 solved (9min 37sec)
		7857/8000 solved (9min 38sec)
		7858/8000 solved (9min 38sec)
		7859/8000 solved (9min 38sec)
		7860/8000 solved (9min 38sec)
		7861/8000 solved (9min 38sec)
		7862/8000 solved (9min 38sec)
		7863/8000 solved (9min 38sec)
		7864/8000 solved (9min 38sec)
		7865/8000 solved (9min 38sec)
		7866/8000 solved (9min 38sec)
		7867/8000 solved (9min 38sec)
		7868/8000 solved (9min 38sec)
		7869/8000 solved (9min 38sec)
		7870/8000 solved (9min 38sec)
		7871/8000 solved (9min 39sec)
		7872/8000 solved (9min 39sec)
		7873/8000 solved (9min 39sec)
		7874/8000 solved (9min 39sec)
		7875/8000 solved (9min 39sec)
		7876/8000 solved (9min 39sec)
		7877/8000 solved (9min 39sec)
		7878/8000 solved (9min 39sec)
		7879/8000 solved (9min 39sec)
		7880/8000 solved (9min 39sec)
		7881/8000 solved (9min 39sec)
		7882/8000 solved (9min 39sec)
		7883/8000 solved (9min 39sec)
		7884/8000 solved (9min 39sec)
		7885/8000 solved (9min 40sec)
		7886/8000 solved (9min 40sec)
		7887/8000 solved (9min 40sec)
		7888/8000 solved (9min 40sec)
		7889/8000 solved (9min 40sec)
		7890/8000 solved (9min 40sec)
		7891/8000 solved (9min 40sec)
		7892/8000 solved (9min 40sec)
		7893/8000 solved (9min 40sec)
		7894/8000 solved (9min 40sec)
		7895/8000 solved (9min 40sec)
		7896/8000 solved (9min 40sec)
		7897/8000 solved (9min 40sec)
		7898/8000 solved (9min 40sec)
		7899/8000 solved (9min 40sec)
		7900/8000 solved (9min 41sec)
		7901/8000 solved (9min 41sec)
		7902/8000 solved (9min 41sec)
		7903/8000 solved (9min 41sec)
		7904/8000 solved (9min 41sec)
		7905/8000 solved (9min 41sec)
		7906/8000 solved (9min 41sec)
		7907/8000 solved (9min 41sec)
		7908/8000 solved (9min 41sec)
		7909/8000 solved (9min 41sec)
		7910/8000 solved (9min 41sec)
		7911/8000 solved (9min 41sec)
		7912/8000 solved (9min 41sec)
		7913/8000 solved (9min 41sec)
		7914/8000 solved (9min 42sec)
		7915/8000 solved (9min 42sec)
		7916/8000 solved (9min 42sec)
		7917/8000 solved (9min 42sec)
		7918/8000 solved (9min 42sec)
		7919/8000 solved (9min 42sec)
		7920/8000 solved (9min 42sec)
		7921/8000 solved (9min 42sec)
		7922/8000 solved (9min 42sec)
		7923/8000 solved (9min 42sec)
		7924/8000 solved (9min 42sec)
		7925/8000 solved (9min 42sec)
		7926/8000 solved (9min 42sec)
		7927/8000 solved (9min 42sec)
		7928/8000 solved (9min 43sec)
		7929/8000 solved (9min 43sec)
		7930/8000 solved (9min 43sec)
		7931/8000 solved (9min 43sec)
		7932/8000 solved (9min 43sec)
		7933/8000 solved (9min 43sec)
		7934/8000 solved (9min 43sec)
		7935/8000 solved (9min 43sec)
		7936/8000 solved (9min 43sec)
		7937/8000 solved (9min 43sec)
		7938/8000 solved (9min 43sec)
		7939/8000 solved (9min 43sec)
		7940/8000 solved (9min 43sec)
		7941/8000 solved (9min 43sec)
		7942/8000 solved (9min 43sec)
		7943/8000 solved (9min 44sec)
		7944/8000 solved (9min 44sec)
		7945/8000 solved (9min 44sec)
		7946/8000 solved (9min 44sec)
		7947/8000 solved (9min 44sec)
		7948/8000 solved (9min 44sec)
		7949/8000 solved (9min 44sec)
		7950/8000 solved (9min 44sec)
		7951/8000 solved (9min 44sec)
		7952/8000 solved (9min 44sec)
		7953/8000 solved (9min 44sec)
		7954/8000 solved (9min 44sec)
		7955/8000 solved (9min 44sec)
		7956/8000 solved (9min 44sec)
		7957/8000 solved (9min 45sec)
		7958/8000 solved (9min 45sec)
		7959/8000 solved (9min 45sec)
		7960/8000 solved (9min 45sec)
		7961/8000 solved (9min 45sec)
		7962/8000 solved (9min 45sec)
		7963/8000 solved (9min 45sec)
		7964/8000 solved (9min 45sec)
		7965/8000 solved (9min 45sec)
		7966/8000 solved (9min 45sec)
		7967/8000 solved (9min 45sec)
		7968/8000 solved (9min 45sec)
		7969/8000 solved (9min 45sec)
		7970/8000 solved (9min 45sec)
		7971/8000 solved (9min 45sec)
		7972/8000 solved (9min 46sec)
		7973/8000 solved (9min 46sec)
		7974/8000 solved (9min 46sec)
		7975/8000 solved (9min 46sec)
		7976/8000 solved (9min 46sec)
		7977/8000 solved (9min 46sec)
		7978/8000 solved (9min 46sec)
		7979/8000 solved (9min 46sec)
		7980/8000 solved (9min 46sec)
		7981/8000 solved (9min 46sec)
		7982/8000 solved (9min 46sec)
		7983/8000 solved (9min 46sec)
		7984/8000 solved (9min 46sec)
		7985/8000 solved (9min 46sec)
		7986/8000 solved (9min 47sec)
		7987/8000 solved (9min 47sec)
		7988/8000 solved (9min 47sec)
		7989/8000 solved (9min 47sec)
		7990/8000 solved (9min 47sec)
		7991/8000 solved (9min 47sec)
		7992/8000 solved (9min 47sec)
		7993/8000 solved (9min 47sec)
		7994/8000 solved (9min 47sec)
		7995/8000 solved (9min 47sec)
		7996/8000 solved (9min 47sec)
		7997/8000 solved (9min 47sec)
		7998/8000 solved (9min 47sec)
		7999/8000 solved (9min 47sec)
		8000/8000 solved (9min 48sec)

	The adaptive solution approach was activated 0 times

	Pushover analysis finished successfully
Analysis Success
Close File
Models Run Complete
