0.28098,0.16376,0.060316,0.16851,0.23451,0.13087,0.062422,0.23691,0.22564,0.13231,0.079398,0.29276,0.19496,0.10027,0.23486,0.082207,0.16542,0.107,0.1495,0.31288,0.063691,0.060633,0.04054,0.047767,0.070615,0.064436,0.10076,0.045711,0.15803,0.13602,0.052885,0.090911,0.25516,0.051403,0.10615,0.10781,0.16156,0.10459
0.2815,0.16464,0.060903,0.17407,0.23731,0.1311,0.062492,0.2374,0.22686,0.13252,0.079464,0.29284,0.19553,0.10078,0.22436,0.086311,0.16622,0.10806,0.14961,0.27952,0.064541,0.061225,0.040736,0.047957,0.07117,0.065042,0.11174,0.046106,0.15826,0.13656,0.056493,0.092656,0.27296,0.051531,0.10651,0.11167,0.16084,0.10373
0.28252,0.16605,0.067544,0.1939,0.24589,0.14266,0.062819,0.23814,0.22768,0.13393,0.079725,0.28881,0.19961,0.10139,0.21595,0.094973,0.16635,0.10925,0.14943,0.32625,0.06518,0.063852,0.041204,0.048153,0.07093,0.065456,0.12472,0.04576,0.1589,0.13841,0.055156,0.09534,0.26235,0.052538,0.11169,0.1396,0.16682,0.10885
0.28414,0.17131,0.092033,0.21093,0.25168,0.1542,0.062973,0.2397,0.22902,0.13523,0.079937,0.31212,0.20234,0.1009,0.27427,0.094989,0.18194,0.10926,0.14979,0.33997,0.067943,0.063909,0.041816,0.047957,0.071678,0.065534,0.1581,0.046696,0.16038,0.1427,0.061746,0.10319,0.30668,0.053208,0.11169,0.14814,0.16606,0.10766
0.285,0.1679,0.1044,0.22055,0.25572,0.17289,0.063358,0.25272,0.23244,0.13555,0.083582,0.32138,0.20421,0.10388,0.32625,0.11611,0.20065,0.11066,0.15109,0.40787,0.079332,0.068087,0.041869,0.050308,0.074055,0.065393,0.25315,0.046816,0.16081,0.15001,0.064216,0.13548,0.41662,0.054035,0.12302,0.12182,0.16691,0.11688
0.32752,0.17306,0.12448,0.28627,0.33349,0.19092,0.063266,0.24839,0.23092,0.13895,0.086484,0.30287,0.20491,0.10366,0.41857,0.1217,0.21566,0.11088,0.15006,0.33408,0.080366,0.073058,0.044743,0.050601,0.07492,0.065442,0.23398,0.049731,0.16146,0.14713,0.078204,0.1994,0.35723,0.060657,0.15999,0.13032,0.16602,0.13582
0.3618,0.19073,0.17445,0.38229,0.38547,0.24054,0.063878,0.26131,0.24308,0.13874,0.089591,0.35662,0.22761,0.10468,0.41479,0.18086,0.21647,0.11861,0.1514,0.37512,0.096204,0.079197,0.046104,0.054942,0.072925,0.075997,0.27419,0.047419,0.16792,0.14569,0.1245,0.22332,0.31635,0.066495,0.19751,0.16088,0.17749,0.14111
0.43547,0.23028,0.13341,0.36194,0.46011,0.29305,0.063686,0.28147,0.27236,0.14715,0.092001,0.39219,0.24339,0.11189,0.44002,0.24249,0.29926,0.13172,0.15538,0.49325,0.10515,0.090844,0.053432,0.064003,0.090334,0.075161,0.27452,0.050717,0.17842,0.16295,0.16294,0.23481,0.34672,0.066495,0.18229,0.18306,0.20612,0.13456
0.50791,0.21397,0.13071,0.43025,0.42022,0.39321,0.063912,0.28617,0.28718,0.14568,0.11613,0.45946,0.29892,0.11368,0.36145,0.30066,0.27885,0.13744,0.15471,0.42365,0.10771,0.082983,0.067955,0.051865,0.095864,0.082236,0.25134,0.059618,0.18066,0.1714,0.17283,0.25142,0.45382,0.083945,0.23984,0.26929,0.24066,0.20679
0.56022,0.23583,0.13299,0.44098,0.37508,0.36126,0.066489,0.26969,0.2891,0.14065,0.12092,0.53696,0.28159,0.13444,0.43363,0.27255,0.26092,0.13152,0.15698,0.50864,0.13203,0.091174,0.06788,0.059244,0.090479,0.075076,0.29393,0.079307,0.19316,0.16932,0.15052,0.25807,0.48127,0.088261,0.20232,0.36138,0.21353,0.21877
0.57722,0.25668,0.09538,0.4693,0.37271,0.41058,0.069983,0.30373,0.292,0.14715,0.1218,0.54396,0.32375,0.12038,0.4725,0.20883,0.26747,0.11959,0.15883,0.5364,0.10827,0.082945,0.054607,0.06636,0.093822,0.088012,0.36072,0.078505,0.22577,0.18297,0.16122,0.24532,0.59746,0.095821,0.21725,0.40079,0.2499,0.25685
0.72543,0.26482,0.11215,0.49502,0.47082,0.42853,0.072941,0.33723,0.30544,0.14585,0.12385,0.6825,0.31391,0.12685,0.53939,0.20769,0.27047,0.12619,0.16182,0.63802,0.11634,0.069771,0.069808,0.080766,0.10192,0.10629,0.32414,0.074742,0.21934,0.20609,0.14782,0.23234,0.48629,0.10343,0.24796,0.44519,0.27832,0.23779
0.81206,0.31001,0.10201,0.44867,0.54257,0.32354,0.092363,0.29612,0.3066,0.1734,0.13149,0.72136,0.35653,0.12166,0.48419,0.22637,0.26634,0.12837,0.15455,0.60556,0.11617,0.08121,0.069487,0.0971,0.1381,0.098834,0.31097,0.081552,0.25657,0.18841,0.15966,0.28193,0.52225,0.10524,0.21019,0.47922,0.29078,0.25339
0.70684,0.27807,0.10563,0.43176,0.48953,0.36918,0.083562,0.3058,0.34542,0.18698,0.14048,0.70095,0.3741,0.11939,0.49226,0.23593,0.28338,0.15203,0.1676,0.57273,0.11931,0.079758,0.074073,0.087619,0.14101,0.090151,0.23043,0.10173,0.21603,0.24745,0.13124,0.30443,0.55516,0.11692,0.18854,0.36862,0.30211,0.24297
0.62019,0.28104,0.12307,0.49537,0.53673,0.32539,0.093797,0.35237,0.37366,0.18634,0.1366,0.7028,0.38139,0.13104,0.46502,0.25146,0.33152,0.16641,0.19947,0.66304,0.13112,0.094853,0.088614,0.091429,0.13945,0.081692,0.28435,0.092548,0.24697,0.27193,0.12256,0.33069,0.48592,0.13308,0.19514,0.27738,0.28955,0.27284
0.59455,0.29549,0.15168,0.51868,0.6242,0.37968,0.10619,0.35482,0.41202,0.17718,0.15705,0.80856,0.37331,0.1482,0.50285,0.28625,0.29053,0.15235,0.2178,0.77593,0.16967,0.10295,0.090943,0.08331,0.14003,0.097072,0.33593,0.094311,0.21849,0.25867,0.13239,0.24151,0.44038,0.11226,0.1618,0.26094,0.30772,0.24486
0.76903,0.297,0.20691,0.54869,0.64055,0.43742,0.099471,0.39033,0.45085,0.1746,0.16971,0.75927,0.40826,0.16713,0.56132,0.248,0.34391,0.16512,0.24285,0.71133,0.21752,0.11478,0.080145,0.084923,0.12113,0.12269,0.38237,0.099325,0.19003,0.267,0.13866,0.1956,0.35613,0.14031,0.17148,0.2084,0.29783,0.27702
0.71329,0.28751,0.20016,0.49005,0.55995,0.42606,0.11309,0.37997,0.49923,0.18385,0.16622,0.59931,0.44948,0.14274,0.45094,0.21744,0.32377,0.1693,0.26939,0.78082,0.21515,0.13347,0.108,0.090872,0.11228,0.11627,0.36257,0.11656,0.23061,0.26112,0.12862,0.18401,0.37893,0.13484,0.16909,0.22601,0.31843,0.28996
0.62386,0.27438,0.15509,0.3854,0.59067,0.42163,0.12601,0.36079,0.55159,0.18351,0.19415,0.503,0.40319,0.15021,0.43086,0.23898,0.33775,0.15442,0.27982,0.86368,0.22418,0.13283,0.11008,0.10626,0.14102,0.10938,0.36919,0.12539,0.29492,0.31361,0.12925,0.14932,0.39202,0.12579,0.20157,0.19305,0.34328,0.2846
0.6181,0.27489,0.13916,0.38376,0.61994,0.38815,0.12845,0.38767,0.60815,0.21276,0.22937,0.49683,0.38331,0.14266,0.47231,0.2019,0.39856,0.15403,0.25011,0.94294,0.19905,0.14073,0.10839,0.10769,0.17464,0.12722,0.36271,0.10749,0.35372,0.31349,0.14278,0.16111,0.47667,0.12715,0.24115,0.19901,0.34564,0.27128
0.65782,0.26503,0.13466,0.44434,0.66527,0.44264,0.12183,0.42082,0.62194,0.2254,0.22478,0.559,0.40111,0.14724,0.43708,0.17726,0.44317,0.17931,0.24476,0.87445,0.16034,0.1457,0.098796,0.098376,0.19187,0.13529,0.40324,0.10119,0.31559,0.32225,0.13861,0.14934,0.59973,0.11529,0.20767,0.20648,0.38307,0.23857
0.69672,0.2547,0.11747,0.38454,0.6013,0.35173,0.12409,0.46928,0.58975,0.2514,0.2223,0.51798,0.41451,0.16937,0.44422,0.15811,0.50682,0.19279,0.23111,0.81155,0.17728,0.16626,0.086562,0.086673,0.17722,0.16048,0.46336,0.10182,0.27862,0.38755,0.15546,0.12291,0.57265,0.113,0.24022,0.18658,0.48418,0.27682
0.74558,0.25374,0.11622,0.43662,0.51887,0.30937,0.12763,0.527,0.57065,0.24314,0.19291,0.55218,0.41959,0.18256,0.46146,0.15288,0.52547,0.1983,0.24027,0.67163,0.19105,0.18937,0.088363,0.096665,0.16023,0.16639,0.42443,0.094325,0.29404,0.42228,0.15138,0.12432,0.45771,0.12338,0.27565,0.23512,0.63832,0.27919
0.79347,0.28398,0.12336,0.45526,0.46769,0.28557,0.12078,0.55376,0.58315,0.22964,0.16998,0.57572,0.41367,0.19539,0.48534,0.14338,0.46928,0.21866,0.25586,0.55621,0.1946,0.18255,0.088299,0.10374,0.13154,0.15216,0.36178,0.10371,0.34788,0.43345,0.12155,0.12976,0.47011,0.12843,0.33201,0.22019,0.71724,0.30989
0.81063,0.31852,0.13833,0.52316,0.41594,0.2275,0.12622,0.58001,0.47023,0.26449,0.16012,0.60739,0.43975,0.21736,0.57872,0.17477,0.5517,0.25535,0.31006,0.52983,0.22661,0.17748,0.091567,0.10433,0.125,0.15063,0.35796,0.11171,0.39167,0.4339,0.11912,0.12068,0.46198,0.16735,0.35304,0.21716,0.70083,0.30494
0.79443,0.32819,0.14748,0.5185,0.37433,0.20436,0.1256,0.61494,0.43859,0.27503,0.17242,0.68318,0.48369,0.2383,0.64536,0.19449,0.64458,0.26798,0.37364,0.47176,0.2279,0.1756,0.099063,0.11885,0.11565,0.16508,0.33859,0.11625,0.41834,0.44733,0.11856,0.11464,0.43499,0.18038,0.3514,0.23785,0.62669,0.32667
0.75665,0.35943,0.14694,0.55859,0.33923,0.19946,0.12924,0.61614,0.4478,0.26495,0.20291,0.73949,0.49893,0.25916,0.73252,0.21132,0.7208,0.28041,0.38852,0.50502,0.20723,0.16712,0.1134,0.13161,0.11194,0.18499,0.31258,0.12118,0.43791,0.43778,0.13569,0.12175,0.44072,0.18522,0.34231,0.24784,0.51916,0.3499
0.71239,0.36909,0.14301,0.52149,0.35299,0.18866,0.13162,0.59508,0.48157,0.30715,0.21717,0.69887,0.47892,0.26691,0.77094,0.21205,0.70111,0.28302,0.4076,0.58627,0.18716,0.14865,0.13504,0.13231,0.12213,0.1842,0.27715,0.1405,0.4207,0.43482,0.12071,0.12943,0.43633,0.17959,0.3061,0.22109,0.44975,0.33202
0.67708,0.36735,0.13625,0.58824,0.41657,0.19634,0.12177,0.56875,0.47158,0.32907,0.1955,0.59003,0.43356,0.27203,0.70491,0.2083,0.60786,0.30542,0.423,0.58498,0.15959,0.12472,0.1472,0.13765,0.14077,0.17329,0.23166,0.16246,0.40657,0.40455,0.10414,0.14467,0.3991,0.16749,0.31494,0.20382,0.41905,0.38898
0.64857,0.36262,0.12752,0.65002,0.49781,0.21076,0.14508,0.54566,0.51541,0.34447,0.17099,0.52308,0.40421,0.2913,0.64225,0.21277,0.5319,0.32515,0.43219,0.54867,0.18297,0.10758,0.14625,0.14157,0.1619,0.15147,0.2153,0.17262,0.38916,0.41771,0.10062,0.16755,0.3868,0.16118,0.33076,0.18143,0.34747,0.36865
0.6508,0.34316,0.11867,0.67226,0.56361,0.20628,0.17022,0.51907,0.555,0.38763,0.16178,0.49167,0.40042,0.30147,0.56272,0.21208,0.47995,0.33363,0.42012,0.55901,0.18215,0.10383,0.13524,0.1376,0.16965,0.12699,0.24803,0.16976,0.4058,0.40679,0.097151,0.20017,0.3957,0.1551,0.32698,0.15532,0.32012,0.36809
0.66431,0.34651,0.1156,0.65677,0.60339,0.21037,0.18402,0.48182,0.62552,0.43607,0.14952,0.53773,0.40651,0.28217,0.52091,0.21634,0.44161,0.34315,0.37712,0.56515,0.19044,0.10843,0.12279,0.13877,0.16813,0.12743,0.27009,0.16181,0.4309,0.38231,0.093095,0.20721,0.40814,0.14134,0.28688,0.13658,0.31793,0.37628
0.62479,0.34494,0.11042,0.60852,0.61648,0.22377,0.1891,0.45503,0.67808,0.45758,0.13069,0.6299,0.41717,0.23631,0.51353,0.22034,0.40665,0.34684,0.35425,0.55241,0.20317,0.10803,0.12261,0.13833,0.15574,0.15038,0.27021,0.15745,0.45906,0.35514,0.089155,0.19973,0.40682,0.14045,0.25606,0.12377,0.37273,0.33664
0.5913,0.36047,0.11015,0.55495,0.6061,0.21311,0.1814,0.4767,0.71093,0.4436,0.14351,0.71051,0.42475,0.19803,0.49124,0.22901,0.37147,0.33614,0.3702,0.53403,0.20528,0.11389,0.12495,0.13856,0.13749,0.16338,0.26168,0.15122,0.48131,0.3329,0.088449,0.17844,0.40338,0.14619,0.2712,0.10446,0.42895,0.26927
0.59552,0.3957,0.10888,0.50174,0.57859,0.22781,0.18732,0.49543,0.72057,0.43399,0.14615,0.75928,0.43401,0.16504,0.41868,0.20728,0.37975,0.3226,0.38491,0.53486,0.21313,0.11477,0.12471,0.14143,0.13015,0.16539,0.25081,0.1405,0.55119,0.3522,0.090753,0.15604,0.40934,0.13549,0.30577,0.10653,0.41386,0.22986
0.66393,0.42953,0.10124,0.45559,0.5415,0.2408,0.21277,0.51399,0.70986,0.43041,0.13764,0.78513,0.44203,0.1365,0.50291,0.19698,0.35786,0.30822,0.36876,0.55306,0.22562,0.11178,0.1274,0.15057,0.12964,0.16589,0.24936,0.12779,0.58525,0.38739,0.094567,0.15512,0.41745,0.12979,0.32329,0.10802,0.37137,0.23241
0.70095,0.455,0.088978,0.49574,0.50224,0.2477,0.2328,0.52705,0.68266,0.39703,0.12118,0.80395,0.44475,0.12635,0.53201,0.21091,0.32504,0.291,0.33812,0.55439,0.22337,0.10661,0.12759,0.16201,0.12268,0.16029,0.23904,0.12226,0.55752,0.40635,0.10603,0.15991,0.42019,0.13015,0.32841,0.10535,0.36188,0.23036
0.67129,0.48938,0.083494,0.5529,0.48381,0.25337,0.26234,0.5359,0.63856,0.39665,0.095717,0.81513,0.42135,0.13279,0.5244,0.21406,0.3035,0.27903,0.32902,0.55116,0.21895,0.10647,0.12464,0.16456,0.11048,0.14626,0.21489,0.1185,0.48274,0.3974,0.11083,0.16741,0.41089,0.13227,0.34873,0.098691,0.36636,0.23114
0.64175,0.50417,0.09089,0.56764,0.47538,0.24897,0.27211,0.53886,0.58189,0.43541,0.096619,0.79718,0.41807,0.13567,0.503,0.21097,0.27623,0.28051,0.31611,0.5206,0.20449,0.12879,0.11934,0.15965,0.10921,0.12786,0.19741,0.11246,0.39279,0.39182,0.10944,0.17071,0.38351,0.13505,0.33359,0.11027,0.35216,0.25112
0.60808,0.47886,0.091444,0.55816,0.48456,0.25461,0.26419,0.53281,0.52135,0.45607,0.10183,0.80272,0.42148,0.13557,0.48943,0.20326,0.30953,0.28825,0.29196,0.48667,0.18858,0.15199,0.11148,0.15531,0.1205,0.11525,0.1817,0.10701,0.32078,0.39875,0.11653,0.16003,0.36957,0.13574,0.30334,0.11043,0.34472,0.26909
0.5652,0.45518,0.08813,0.56277,0.49706,0.25788,0.24606,0.51763,0.54898,0.49663,0.10142,0.78751,0.4258,0.13973,0.44569,0.19554,0.33151,0.2946,0.27846,0.46212,0.16549,0.1693,0.12641,0.14664,0.12452,0.11467,0.16795,0.10515,0.29563,0.38717,0.12411,0.13924,0.36071,0.12782,0.33528,0.10914,0.36069,0.28142
0.57175,0.43959,0.085472,0.54793,0.50747,0.25839,0.22233,0.54719,0.56554,0.57301,0.10199,0.75424,0.41731,0.15127,0.41258,0.19484,0.35902,0.3052,0.27044,0.42178,0.14448,0.17256,0.14048,0.13984,0.12407,0.12016,0.14747,0.10178,0.31076,0.37156,0.1265,0.13573,0.34509,0.12829,0.33974,0.10331,0.41577,0.28368
0.64605,0.4232,0.084577,0.58343,0.51376,0.25631,0.19476,0.58566,0.57574,0.61515,0.10069,0.71596,0.39379,0.16823,0.41023,0.19891,0.38228,0.31238,0.26115,0.36396,0.14146,0.16454,0.1518,0.13018,0.12291,0.12319,0.12254,0.095879,0.33071,0.36461,0.12841,0.13032,0.33893,0.13252,0.32221,0.10448,0.46908,0.27344
0.74271,0.40343,0.085538,0.56633,0.51543,0.25203,0.1773,0.60422,0.58623,0.60621,0.1184,0.66094,0.38546,0.18687,0.3864,0.19528,0.38299,0.30712,0.30043,0.38985,0.14725,0.15174,0.14848,0.11071,0.1214,0.12025,0.11746,0.096995,0.34549,0.37477,0.13173,0.12086,0.33088,0.13514,0.29217,0.1202,0.48508,0.25437
0.81321,0.37716,0.084902,0.52268,0.51431,0.24652,0.1732,0.60862,0.59552,0.55119,0.13187,0.6215,0.38928,0.20446,0.36298,0.19191,0.38617,0.29614,0.32262,0.42135,0.1605,0.13574,0.13161,0.099042,0.12481,0.11565,0.12224,0.094166,0.35702,0.38759,0.12957,0.11387,0.34866,0.12606,0.25388,0.14091,0.48507,0.23083
0.8387,0.34728,0.083295,0.46458,0.51064,0.24101,0.16872,0.60222,0.60148,0.50304,0.13505,0.58132,0.39106,0.21885,0.39113,0.19849,0.40165,0.28826,0.3314,0.43895,0.17083,0.12801,0.12657,0.10513,0.13017,0.12793,0.12546,0.090571,0.36698,0.39201,0.12601,0.11856,0.34822,0.11302,0.2233,0.1623,0.4801,0.20663
0.82187,0.31758,0.07914,0.4977,0.50636,0.23679,0.16194,0.59092,0.60876,0.44955,0.12201,0.55454,0.39205,0.22977,0.40966,0.20382,0.40509,0.28474,0.37983,0.45252,0.16905,0.11914,0.12619,0.11702,0.13659,0.1394,0.12542,0.087505,0.37024,0.37945,0.12381,0.13341,0.36021,0.10064,0.22875,0.18031,0.4737,0.19224
0.78378,0.30982,0.073882,0.51068,0.50289,0.23489,0.15654,0.6097,0.61991,0.39023,0.1173,0.55631,0.39183,0.23661,0.41689,0.2051,0.41111,0.27619,0.43709,0.46105,0.15449,0.10836,0.12478,0.12871,0.14184,0.14649,0.12269,0.090729,0.36501,0.3481,0.12213,0.15069,0.37272,0.095231,0.22685,0.19445,0.48529,0.18508
0.74914,0.31888,0.070063,0.49796,0.52329,0.23568,0.17381,0.6305,0.63314,0.33484,0.11386,0.55784,0.38985,0.24082,0.41235,0.20198,0.4259,0.26244,0.47271,0.46394,0.15541,0.099921,0.12323,0.13223,0.14504,0.15214,0.11777,0.099802,0.36627,0.33536,0.12512,0.16109,0.3697,0.092431,0.21833,0.19974,0.49855,0.18217
0.73697,0.31776,0.072359,0.46353,0.52892,0.23877,0.1855,0.64753,0.64107,0.29549,0.11397,0.55957,0.38508,0.24941,0.39176,0.19489,0.438,0.24875,0.48999,0.4677,0.15053,0.095676,0.12172,0.1276,0.14626,0.16844,0.111,0.11117,0.39003,0.33733,0.13395,0.1576,0.35747,0.087328,0.21014,0.19529,0.48579,0.17676
0.7493,0.3075,0.073287,0.42159,0.52103,0.24332,0.19459,0.65844,0.63728,0.28097,0.1137,0.57486,0.37715,0.26318,0.39115,0.18662,0.43106,0.23941,0.50098,0.47476,0.14219,0.095619,0.12084,0.12225,0.14697,0.17802,0.10379,0.12805,0.43395,0.3624,0.13774,0.13986,0.33707,0.080633,0.20353,0.1837,0.44201,0.16627
0.76832,0.29812,0.071163,0.39494,0.50362,0.2483,0.1984,0.66144,0.61634,0.28319,0.10997,0.59055,0.36836,0.2805,0.38399,0.17856,0.46223,0.23172,0.52792,0.48013,0.13205,0.098043,0.12058,0.1222,0.148,0.18482,0.097753,0.14054,0.48885,0.40257,0.13716,0.11935,0.34661,0.073213,0.20287,0.17613,0.40979,0.15341
0.77806,0.29928,0.065843,0.37471,0.49301,0.2529,0.20356,0.65577,0.57953,0.2875,0.10246,0.61281,0.36571,0.29401,0.38049,0.17055,0.49186,0.22085,0.57326,0.48847,0.12507,0.10083,0.11843,0.12637,0.15007,0.1814,0.10256,0.14491,0.54607,0.43506,0.13321,0.11806,0.35257,0.06603,0.20584,0.16215,0.43054,0.14772
0.76619,0.30394,0.0586,0.3471,0.47135,0.25658,0.2154,0.64291,0.53397,0.28371,0.10437,0.63139,0.37533,0.30252,0.37415,0.16499,0.50585,0.20662,0.60686,0.49636,0.11757,0.10287,0.114,0.13196,0.15321,0.17172,0.10411,0.14348,0.59537,0.45069,0.12594,0.11927,0.38005,0.068056,0.20599,0.14266,0.46119,0.13862
0.73161,0.31129,0.051307,0.33417,0.43994,0.25907,0.2203,0.62602,0.51364,0.27153,0.11018,0.64576,0.39033,0.30926,0.35792,0.158,0.50796,0.19552,0.62472,0.50657,0.12016,0.1035,0.10841,0.13673,0.15668,0.16646,0.10269,0.1378,0.62863,0.45656,0.12917,0.11788,0.40623,0.071402,0.19915,0.12155,0.48904,0.12755
0.67553,0.31992,0.045389,0.33242,0.41473,0.26031,0.21742,0.61389,0.48686,0.25625,0.11163,0.64279,0.41062,0.31588,0.33993,0.15512,0.49877,0.18927,0.63252,0.52182,0.12542,0.10203,0.11403,0.1379,0.16041,0.16121,0.099156,0.13054,0.64241,0.46016,0.13129,0.11117,0.41268,0.071665,0.18612,0.10318,0.49336,0.11843
0.6029,0.32846,0.043997,0.33325,0.39982,0.26044,0.208,0.60034,0.47013,0.24581,0.11264,0.63036,0.43525,0.31976,0.31462,0.15244,0.4816,0.18669,0.63413,0.53815,0.13019,0.098088,0.12486,0.1343,0.16454,0.15384,0.094211,0.12614,0.63796,0.46771,0.13325,0.10348,0.41339,0.072716,0.17542,0.093343,0.47293,0.12214
0.55286,0.33596,0.044527,0.34094,0.38058,0.25973,0.19496,0.58573,0.4461,0.24725,0.11299,0.61249,0.4613,0.31923,0.28891,0.14853,0.45896,0.18713,0.62418,0.54735,0.13204,0.092937,0.12819,0.12684,0.16834,0.14537,0.08839,0.12561,0.61774,0.48233,0.13918,0.099952,0.42182,0.074805,0.19326,0.092132,0.43951,0.12587
0.54663,0.34199,0.046567,0.34659,0.3568,0.25837,0.18195,0.57097,0.41457,0.26101,0.10839,0.58499,0.48484,0.31453,0.28709,0.14321,0.43329,0.18838,0.59888,0.55277,0.13223,0.087244,0.12487,0.11824,0.17062,0.13672,0.082169,0.12577,0.58424,0.49855,0.15161,0.098949,0.44264,0.076503,0.20546,0.088936,0.40542,0.12988
0.53821,0.34617,0.048548,0.35148,0.32954,0.25659,0.17155,0.55667,0.37647,0.28055,0.10443,0.56142,0.502,0.30683,0.28446,0.14581,0.40618,0.18773,0.57258,0.55645,0.12913,0.081223,0.11627,0.11267,0.17096,0.12824,0.076658,0.12416,0.54029,0.50752,0.16786,0.1059,0.46759,0.077433,0.21478,0.097169,0.37462,0.13392
0.53063,0.3504,0.050574,0.35271,0.31302,0.2546,0.16443,0.54539,0.36172,0.29975,0.11068,0.53082,0.51098,0.29783,0.27988,0.1577,0.3796,0.18442,0.52763,0.5538,0.12581,0.075989,0.11346,0.11208,0.16975,0.11996,0.079512,0.12174,0.48953,0.50691,0.18258,0.11187,0.48915,0.077673,0.2225,0.10203,0.36877,0.13756
0.5213,0.3645,0.051755,0.34977,0.31362,0.26362,0.15955,0.53511,0.36679,0.31371,0.12139,0.49902,0.51195,0.28828,0.2688,0.16598,0.35487,0.17891,0.4739,0.55123,0.12095,0.072353,0.1105,0.11441,0.16791,0.11205,0.080186,0.12028,0.43664,0.49965,0.19365,0.1131,0.50669,0.077634,0.22814,0.10036,0.3892,0.14035
0.51057,0.37392,0.051489,0.34361,0.31302,0.29263,0.15616,0.52566,0.37227,0.32849,0.13167,0.46854,0.50585,0.27825,0.25172,0.16903,0.33309,0.1727,0.42296,0.54633,0.11295,0.071203,0.10643,0.11577,0.16595,0.10505,0.079456,0.12031,0.38647,0.48836,0.19957,0.10818,0.52152,0.077181,0.23074,0.095904,0.40788,0.14219
0.50086,0.37864,0.049972,0.34093,0.31152,0.31586,0.15561,0.52174,0.37758,0.34236,0.13964,0.43551,0.49292,0.26864,0.2354,0.16983,0.31473,0.17034,0.38675,0.53906,0.10248,0.070961,0.10349,0.1131,0.1626,0.099666,0.078542,0.12139,0.34376,0.47551,0.20007,0.10305,0.53114,0.076686,0.23429,0.08907,0.42433,0.14332
0.48997,0.38026,0.047134,0.33101,0.30908,0.33106,0.15473,0.52183,0.38289,0.35603,0.14945,0.40416,0.5055,0.26136,0.22207,0.17244,0.29996,0.16669,0.37032,0.53238,0.09121,0.070383,0.099847,0.10842,0.15748,0.094829,0.078134,0.1228,0.31169,0.46443,0.19553,0.10005,0.5301,0.075855,0.23956,0.08182,0.43809,0.14407
0.49748,0.39899,0.043492,0.30027,0.30586,0.33756,0.15301,0.52292,0.38826,0.37036,0.15519,0.37432,0.51327,0.25757,0.21599,0.17808,0.28872,0.16272,0.3698,0.52699,0.081008,0.069709,0.095848,0.10896,0.15074,0.090775,0.077983,0.12312,0.29175,0.45809,0.18658,0.095786,0.51366,0.075016,0.23664,0.07626,0.4467,0.14473
0.51906,0.41251,0.042012,0.28361,0.302,0.3356,0.1499,0.52313,0.39362,0.38389,0.15581,0.34328,0.51115,0.25743,0.21447,0.18307,0.28024,0.15911,0.37904,0.51995,0.073057,0.068585,0.097579,0.10853,0.14308,0.087753,0.078461,0.12081,0.28333,0.46558,0.17792,0.09165,0.48376,0.073997,0.23493,0.076042,0.44481,0.1495
0.55456,0.42168,0.04126,0.26208,0.29761,0.32605,0.145,0.52385,0.39881,0.39425,0.15832,0.3117,0.5117,0.26087,0.21568,0.1837,0.27374,0.15581,0.3927,0.51077,0.074339,0.067075,0.098272,0.10747,0.13564,0.086026,0.077442,0.11518,0.28341,0.49279,0.16666,0.089468,0.45427,0.07311,0.22552,0.074961,0.43098,0.15201
0.56933,0.42777,0.041571,0.24294,0.2928,0.30996,0.13824,0.52265,0.40397,0.39882,0.15908,0.28287,0.50643,0.26756,0.22171,0.1796,0.26836,0.15264,0.40657,0.50242,0.077696,0.065785,0.096568,0.10615,0.12971,0.08551,0.075029,0.10765,0.28812,0.53375,0.15271,0.087244,0.4247,0.072403,0.20796,0.073559,0.41873,0.15131
0.55505,0.4318,0.042496,0.22863,0.28766,0.28848,0.12995,0.5207,0.40903,0.39649,0.15803,0.25485,0.49518,0.27592,0.23574,0.17523,0.26332,0.14951,0.41738,0.48954,0.080445,0.064644,0.093112,0.10474,0.12599,0.085819,0.07129,0.10565,0.29378,0.57633,0.14182,0.084222,0.39145,0.073344,0.19252,0.072298,0.45225,0.14692
0.51716,0.43443,0.043313,0.21694,0.28228,0.27183,0.12082,0.51646,0.41322,0.38574,0.15396,0.2385,0.47999,0.28382,0.25504,0.17307,0.25801,0.1462,0.42385,0.47847,0.082025,0.063031,0.089454,0.10332,0.12437,0.086372,0.066523,0.10094,0.29792,0.60718,0.13733,0.079874,0.37133,0.073614,0.19041,0.071591,0.47723,0.15327
0.4724,0.43597,0.04408,0.20415,0.27672,0.27276,0.11164,0.51135,0.41717,0.37657,0.14575,0.22172,0.46308,0.28933,0.27431,0.17198,0.25201,0.14244,0.42638,0.46332,0.082523,0.060955,0.087378,0.10401,0.12417,0.086598,0.061992,0.096747,0.29898,0.61954,0.13223,0.074124,0.36384,0.072343,0.1874,0.071726,0.51845,0.15734
0.43681,0.4365,0.04474,0.19234,0.27103,0.27324,0.11345,0.50379,0.4201,0.3684,0.13333,0.2041,0.44558,0.29154,0.28699,0.1751,0.2452,0.13809,0.4353,0.45021,0.082127,0.05916,0.087907,0.10428,0.12462,0.086193,0.063814,0.099647,0.29646,0.61211,0.12641,0.067287,0.36218,0.069474,0.18418,0.072834,0.54115,0.15762
0.437,0.43616,0.045349,0.17568,0.26526,0.27326,0.1198,0.49574,0.42215,0.35218,0.13316,0.18936,0.42854,0.29034,0.29124,0.17988,0.23767,0.1329,0.43647,0.43394,0.081037,0.058393,0.090816,0.10645,0.1251,0.085093,0.065531,0.10361,0.29023,0.58771,0.12027,0.061116,0.36512,0.07521,0.18166,0.074968,0.54458,0.15506
0.43684,0.43461,0.045964,0.17192,0.25941,0.27283,0.1259,0.4859,0.42354,0.32863,0.14455,0.18591,0.4127,0.28607,0.29248,0.18233,0.22952,0.12641,0.42826,0.42044,0.079427,0.058732,0.094971,0.11587,0.12534,0.083619,0.067013,0.10786,0.28044,0.55107,0.11365,0.062239,0.37851,0.0798,0.17926,0.07811,0.53125,0.15731
0.43632,0.43157,0.046609,0.16763,0.25352,0.27199,0.13176,0.47533,0.42385,0.29967,0.15317,0.18374,0.40387,0.27923,0.28948,0.17911,0.22103,0.11814,0.41456,0.40478,0.0775,0.059784,0.09894,0.12621,0.12528,0.082269,0.068193,0.1122,0.26746,0.50784,0.10697,0.061442,0.38924,0.084151,0.17697,0.081429,0.55244,0.15822
0.43537,0.4267,0.047254,0.15902,0.24758,0.27079,0.13731,0.47387,0.42386,0.26789,0.15773,0.18792,0.40104,0.27058,0.28126,0.17352,0.21237,0.10804,0.39921,0.39091,0.076392,0.061088,0.10148,0.13502,0.12501,0.08147,0.069066,0.11628,0.25171,0.47448,0.101,0.059521,0.38801,0.091005,0.17459,0.083925,0.552,0.1579
0.4567,0.41961,0.047839,0.15813,0.24161,0.26927,0.14235,0.48544,0.42294,0.23569,0.15791,0.19315,0.39931,0.26132,0.26958,0.17601,0.20385,0.096664,0.40032,0.37549,0.079215,0.062191,0.10189,0.14121,0.12449,0.083038,0.069671,0.11946,0.23607,0.4576,0.095451,0.057104,0.38284,0.097922,0.17187,0.085439,0.53649,0.15647
0.48162,0.41006,0.04831,0.15937,0.23563,0.26745,0.14668,0.49645,0.42191,0.20599,0.15387,0.19803,0.39849,0.25324,0.25702,0.17637,0.1957,0.08506,0.43307,0.36161,0.081721,0.062602,0.099949,0.14486,0.12383,0.086273,0.07006,0.12086,0.22314,0.4413,0.090218,0.054135,0.39229,0.10303,0.16853,0.086795,0.51431,0.15413
0.50652,0.39784,0.048733,0.16249,0.22966,0.26539,0.15008,0.50418,0.42025,0.17987,0.14617,0.20298,0.39842,0.24809,0.2432,0.17512,0.20418,0.080009,0.45644,0.34569,0.083339,0.062089,0.095893,0.14648,0.12299,0.089604,0.072115,0.11989,0.20792,0.42793,0.085284,0.050766,0.40061,0.10468,0.16438,0.08633,0.49235,0.15409
0.52887,0.38313,0.049063,0.16833,0.22375,0.26311,0.15243,0.50191,0.41842,0.16284,0.14572,0.20542,0.39896,0.24704,0.22927,0.17257,0.21566,0.078643,0.47301,0.33177,0.084101,0.061245,0.090151,0.14652,0.12208,0.092668,0.074051,0.11637,0.19093,0.41879,0.080455,0.049135,0.40799,0.10295,0.15946,0.088021,0.47349,0.15376
0.5468,0.36641,0.049278,0.17244,0.21791,0.26069,0.15371,0.49121,0.41627,0.14744,0.14413,0.20976,0.39998,0.24992,0.21593,0.16907,0.22655,0.07389,0.48521,0.31628,0.085932,0.059469,0.08337,0.14482,0.12109,0.095114,0.075719,0.11068,0.18455,0.41236,0.07596,0.053159,0.44009,0.098661,0.15363,0.087376,0.4576,0.15294
0.55941,0.3486,0.051008,0.17402,0.21217,0.25817,0.15403,0.47266,0.41367,0.14076,0.13876,0.21387,0.40133,0.25567,0.20365,0.16457,0.23662,0.066747,0.49407,0.30101,0.088366,0.058438,0.076269,0.14066,0.12002,0.09675,0.077083,0.10371,0.17773,0.40671,0.075709,0.056088,0.47627,0.09259,0.1471,0.084997,0.44263,0.15169
0.56495,0.33182,0.052157,0.173,0.21804,0.25563,0.15362,0.44727,0.42229,0.13382,0.13163,0.2145,0.40287,0.26297,0.19164,0.15887,0.24587,0.058716,0.49905,0.28596,0.09092,0.057591,0.069588,0.13329,0.11887,0.097588,0.07806,0.096678,0.1693,0.39989,0.074714,0.057657,0.50352,0.085456,0.14231,0.081528,0.42655,0.15008
0.56344,0.32401,0.05257,0.16952,0.22251,0.25311,0.15277,0.41705,0.43196,0.12686,0.12425,0.21141,0.40442,0.271,0.17923,0.15195,0.25444,0.0536,0.49904,0.26985,0.093585,0.056664,0.065751,0.12238,0.11762,0.097765,0.078597,0.090885,0.1613,0.39137,0.072412,0.057799,0.52447,0.078075,0.13848,0.077683,0.40808,0.1482
0.55472,0.31591,0.052236,0.16373,0.22283,0.25064,0.15185,0.38276,0.43978,0.12252,0.11712,0.20546,0.40583,0.27939,0.16735,0.14452,0.26256,0.052065,0.49346,0.25527,0.09605,0.055849,0.066712,0.12431,0.1162,0.097473,0.078677,0.087181,0.16467,0.38139,0.068958,0.056742,0.56109,0.071654,0.13429,0.073342,0.38694,0.14612
0.53886,0.30817,0.051201,0.15589,0.2187,0.24827,0.15119,0.35942,0.44568,0.12392,0.11007,0.19776,0.41241,0.28817,0.15804,0.14496,0.27057,0.05121,0.48265,0.24013,0.097857,0.057046,0.066161,0.12472,0.11456,0.096921,0.078332,0.085492,0.16686,0.37169,0.064613,0.055606,0.59432,0.067038,0.13013,0.070783,0.36319,0.14395
0.51664,0.30117,0.04974,0.14665,0.21022,0.24603,0.15101,0.3516,0.44956,0.12843,0.10276,0.20196,0.42736,0.29724,0.15252,0.14447,0.27859,0.050053,0.46773,0.22562,0.098682,0.057841,0.064765,0.12257,0.11268,0.096263,0.077573,0.085377,0.16612,0.3654,0.059684,0.055702,0.62167,0.064335,0.12621,0.072214,0.33746,0.14184
0.48923,0.29504,0.049734,0.13706,0.19788,0.24396,0.1515,0.34378,0.45151,0.13211,0.095233,0.20618,0.44251,0.30654,0.15106,0.1429,0.28672,0.049066,0.44972,0.21175,0.09842,0.058273,0.063135,0.11808,0.11058,0.095545,0.076462,0.08623,0.16289,0.36354,0.058061,0.055292,0.64391,0.062998,0.12254,0.074263,0.31071,0.13987
0.49374,0.28981,0.049728,0.12846,0.19651,0.24203,0.15263,0.33662,0.45165,0.13457,0.087591,0.20974,0.45705,0.31563,0.15291,0.14285,0.29496,0.048588,0.42901,0.1985,0.097972,0.058529,0.060884,0.11176,0.1083,0.094803,0.075075,0.086612,0.15771,0.36674,0.057216,0.054558,0.66105,0.062389,0.11938,0.076398,0.28829,0.13801
0.50014,0.28514,0.04972,0.12155,0.19559,0.24027,0.15433,0.32946,0.45014,0.13529,0.084964,0.21207,0.47038,0.32431,0.15529,0.145,0.30294,0.048481,0.40553,0.18618,0.099653,0.061345,0.058627,0.10428,0.10584,0.094,0.073496,0.085999,0.15127,0.37246,0.056495,0.05354,0.67105,0.061835,0.11666,0.078301,0.27125,0.13617
0.504,0.28083,0.049709,0.11654,0.19463,0.23865,0.15638,0.32242,0.44715,0.13415,0.083665,0.21337,0.48518,0.33262,0.15657,0.14581,0.3104,0.048296,0.37953,0.18093,0.10591,0.064503,0.058078,0.096317,0.10327,0.093128,0.073845,0.084216,0.15002,0.37861,0.055872,0.052471,0.6718,0.061063,0.11427,0.079749,0.26703,0.13427
0.5052,0.27644,0.049695,0.11282,0.19368,0.23715,0.15856,0.31562,0.4429,0.13131,0.082048,0.21451,0.5025,0.33945,0.15779,0.14524,0.3167,0.047458,0.35181,0.17573,0.11105,0.067285,0.058367,0.089797,0.10065,0.092187,0.074739,0.081465,0.14909,0.38208,0.055324,0.051463,0.66263,0.060126,0.11218,0.08094,0.2632,0.13227
0.50378,0.27187,0.049667,0.1097,0.19269,0.23581,0.16088,0.30859,0.43758,0.1271,0.080155,0.21401,0.51775,0.34444,0.15815,0.14383,0.32152,0.048289,0.32355,0.17057,0.11566,0.069712,0.059228,0.084646,0.098067,0.091181,0.075064,0.078168,0.14762,0.38137,0.054917,0.051381,0.64497,0.061528,0.11052,0.081626,0.26081,0.13018
0.49922,0.26686,0.049589,0.10679,0.19171,0.23464,0.16563,0.30167,0.43742,0.12199,0.077975,0.21319,0.53064,0.34733,0.15612,0.14217,0.32422,0.050529,0.29611,0.16579,0.1201,0.071813,0.060367,0.079445,0.096774,0.090139,0.074696,0.075433,0.14565,0.37617,0.05451,0.05129,0.62268,0.065282,0.10907,0.082197,0.26079,0.128
0.49191,0.26143,0.051563,0.10408,0.1907,0.23362,0.16971,0.2997,0.43791,0.11644,0.075548,0.21127,0.54092,0.34797,0.15118,0.14117,0.32444,0.052487,0.2982,0.16093,0.12408,0.073623,0.061386,0.074717,0.095553,0.08908,0.073699,0.074906,0.14327,0.36729,0.054074,0.050478,0.59906,0.068242,0.10774,0.082407,0.26395,0.12569
0.48198,0.25591,0.05374,0.10167,0.18968,0.23271,0.1729,0.29888,0.43797,0.11305,0.072961,0.2078,0.54848,0.34654,0.15439,0.14124,0.32192,0.053663,0.30031,0.15603,0.12843,0.075177,0.062044,0.070869,0.094373,0.088021,0.07206,0.074698,0.14054,0.35619,0.053642,0.051259,0.57974,0.069356,0.10653,0.08261,0.27077,0.12332
0.47198,0.25897,0.05482,0.09954,0.18865,0.23182,0.17507,0.29787,0.43773,0.1104,0.072902,0.20466,0.55328,0.34314,0.15807,0.14215,0.31647,0.054035,0.30077,0.15114,0.13267,0.076464,0.062169,0.068112,0.093251,0.087009,0.069812,0.075,0.13748,0.3443,0.053407,0.052491,0.56709,0.068446,0.10545,0.082628,0.28097,0.12083
0.47175,0.26202,0.054709,0.097647,0.18813,0.23088,0.17611,0.29685,0.43711,0.10781,0.076116,0.20014,0.55551,0.33806,0.15998,0.1433,0.30808,0.053745,0.29903,0.1463,0.13439,0.077399,0.061548,0.066524,0.092157,0.08605,0.067051,0.075768,0.13865,0.33264,0.053361,0.052383,0.56161,0.065962,0.1043,0.08272,0.29337,0.11826
0.46964,0.26496,0.053582,0.095958,0.18822,0.22984,0.17676,0.29536,0.43611,0.10561,0.079048,0.19431,0.55521,0.33166,0.16046,0.14406,0.29692,0.052875,0.29491,0.14164,0.13306,0.077854,0.059928,0.067068,0.091071,0.085152,0.065192,0.0767,0.14484,0.3215,0.053193,0.050763,0.56068,0.062906,0.10308,0.082668,0.30622,0.11698
0.46572,0.2677,0.055329,0.096061,0.18805,0.22868,0.1791,0.29357,0.4347,0.1037,0.081607,0.18858,0.5526,0.32412,0.16034,0.14417,0.29849,0.051615,0.28875,0.13733,0.12874,0.077705,0.057219,0.067869,0.089977,0.084272,0.064516,0.077393,0.15167,0.31057,0.05289,0.047717,0.56139,0.060105,0.10189,0.082534,0.31747,0.11657
0.46014,0.27022,0.056978,0.099414,0.18763,0.22739,0.18058,0.29165,0.43287,0.10214,0.083879,0.18199,0.54796,0.31559,0.15924,0.14392,0.30118,0.050078,0.28122,0.13311,0.12202,0.076839,0.054963,0.068076,0.088861,0.083309,0.063592,0.077434,0.15857,0.2992,0.052844,0.0436,0.57282,0.058157,0.10055,0.082254,0.32551,0.11607
0.45316,0.27251,0.057681,0.10346,0.18692,0.226,0.18129,0.28918,0.43077,0.10076,0.086079,0.17441,0.54144,0.30616,0.15732,0.14337,0.29966,0.048408,0.27292,0.12899,0.11377,0.075167,0.056295,0.067624,0.087709,0.082175,0.062504,0.076514,0.16516,0.28674,0.055534,0.043028,0.58121,0.057061,0.099198,0.081751,0.32935,0.11547
0.44497,0.27458,0.058981,0.10587,0.18591,0.22451,0.18127,0.28639,0.42843,0.099391,0.088383,0.17206,0.53313,0.29572,0.15527,0.14246,0.29412,0.046684,0.26433,0.12512,0.10511,0.072967,0.05748,0.068445,0.086511,0.080806,0.061363,0.078995,0.17108,0.27838,0.057228,0.041953,0.60115,0.056651,0.097818,0.082403,0.32879,0.11478
0.4357,0.27645,0.06037,0.10878,0.18454,0.22291,0.18066,0.28338,0.42557,0.098094,0.090919,0.17069,0.5234,0.28387,0.15893,0.14098,0.28485,0.045028,0.25575,0.1227,0.097082,0.072272,0.058478,0.069075,0.08526,0.079185,0.060434,0.082773,0.17608,0.2687,0.05783,0.040875,0.62109,0.056549,0.09633,0.083267,0.32413,0.11398
0.42539,0.27814,0.061044,0.11307,0.18285,0.22124,0.17952,0.27981,0.42236,0.096643,0.09451,0.16899,0.5122,0.27032,0.16392,0.13809,0.27255,0.043443,0.24739,0.12057,0.094467,0.074411,0.059296,0.069425,0.083952,0.07732,0.059255,0.086037,0.18,0.27496,0.057377,0.040067,0.62993,0.05642,0.094944,0.08386,0.31603,0.11312
0.41406,0.27968,0.061205,0.11831,0.18532,0.22043,0.17795,0.27599,0.41894,0.095093,0.099072,0.16666,0.49973,0.25521,0.16796,0.13355,0.25797,0.041941,0.23944,0.11867,0.095562,0.076406,0.059927,0.069399,0.082592,0.07526,0.057813,0.088693,0.1827,0.27927,0.056104,0.03856,0.62642,0.056025,0.093431,0.084064,0.30529,0.11218
0.40166,0.28107,0.061016,0.12423,0.18821,0.22123,0.17602,0.27192,0.41488,0.093488,0.10368,0.16446,0.48607,0.2388,0.17107,0.12703,0.24201,0.040527,0.23205,0.11695,0.096314,0.078262,0.060395,0.068959,0.081181,0.073057,0.056103,0.090665,0.18411,0.28041,0.055243,0.036611,0.61067,0.055203,0.091912,0.085393,0.30787,0.11116
0.38862,0.28235,0.060782,0.13033,0.19044,0.222,0.1738,0.26736,0.41081,0.091797,0.10808,0.16538,0.48053,0.23168,0.17295,0.11893,0.22534,0.039137,0.22535,0.1156,0.096624,0.080001,0.060699,0.068084,0.079713,0.070803,0.054171,0.091893,0.18424,0.27901,0.054524,0.035389,0.59522,0.053968,0.09027,0.088137,0.31822,0.11007
0.37468,0.2835,0.060635,0.13646,0.19197,0.22836,0.17131,0.2626,0.40614,0.090157,0.11201,0.17295,0.47386,0.23192,0.17336,0.11331,0.21272,0.037721,0.21945,0.11436,0.096473,0.081615,0.06087,0.066759,0.078466,0.068555,0.053769,0.092299,0.18314,0.27596,0.053554,0.035659,0.58358,0.05376,0.088507,0.090684,0.32302,0.10894
0.35982,0.28449,0.060566,0.14213,0.19279,0.23958,0.16859,0.25766,0.40132,0.088601,0.11525,0.17965,0.46629,0.23111,0.17211,0.11162,0.20238,0.036252,0.2144,0.11313,0.095826,0.083095,0.060926,0.064989,0.078245,0.066383,0.053588,0.09184,0.18087,0.27217,0.053179,0.03565,0.58389,0.053435,0.086545,0.092665,0.32117,0.10773
0.34451,0.28538,0.060432,0.14705,0.19299,0.24967,0.16564,0.25232,0.39608,0.087134,0.11763,0.18531,0.45785,0.22937,0.16915,0.1088,0.19508,0.034701,0.21016,0.11188,0.094716,0.084419,0.060882,0.064244,0.077974,0.064344,0.053414,0.090472,0.17758,0.26845,0.053145,0.035484,0.57642,0.053018,0.088725,0.093887,0.3128,0.10649
0.32874,0.28634,0.060056,0.1509,0.19261,0.25872,0.16248,0.24682,0.39065,0.085797,0.11909,0.18994,0.44864,0.22678,0.16459,0.1053,0.1961,0.033876,0.20651,0.11058,0.093198,0.085553,0.060747,0.063695,0.077644,0.062496,0.053102,0.08822,0.17337,0.2654,0.053041,0.035294,0.56198,0.052653,0.091465,0.094362,0.30019,0.10521
0.31239,0.30122,0.059354,0.15342,0.19166,0.26679,0.1591,0.24128,0.38488,0.084668,0.11956,0.19425,0.43885,0.22354,0.15876,0.1015,0.19702,0.032989,0.2064,0.10922,0.091322,0.086475,0.060484,0.06273,0.07725,0.060873,0.052644,0.085142,0.16834,0.26347,0.052881,0.035112,0.54112,0.052383,0.093609,0.094183,0.29058,0.1039
0.31926,0.31476,0.058403,0.15457,0.19016,0.27392,0.15551,0.23548,0.37897,0.083708,0.11903,0.19786,0.42853,0.21985,0.15205,0.097656,0.19787,0.031945,0.20533,0.10779,0.090789,0.087143,0.060051,0.061361,0.076786,0.059495,0.052033,0.081359,0.16263,0.26277,0.052763,0.034945,0.51486,0.052215,0.094632,0.09336,0.28035,0.10257
0.32474,0.32595,0.057405,0.15462,0.18816,0.28006,0.1517,0.22946,0.37274,0.0829,0.11755,0.20053,0.41776,0.21589,0.14477,0.093873,0.19862,0.032543,0.2021,0.1063,0.090135,0.087541,0.059368,0.059618,0.076232,0.058365,0.051269,0.077035,0.15634,0.26299,0.052597,0.034805,0.48429,0.05211,0.094307,0.091957,0.27067,0.10121
0.32818,0.33405,0.056578,0.15398,0.18561,0.28515,0.14769,0.22362,0.36647,0.082232,0.11513,0.20243,0.40664,0.21182,0.13717,0.090144,0.19927,0.033076,0.19697,0.10476,0.089251,0.088129,0.058349,0.05754,0.07558,0.057478,0.050357,0.072389,0.14959,0.26403,0.052369,0.035252,0.45103,0.051998,0.092588,0.090066,0.26242,0.09985
0.33004,0.3384,0.056083,0.1531,0.1826,0.28916,0.1435,0.21765,0.35986,0.081693,0.11187,0.20431,0.39529,0.20767,0.12947,0.086385,0.19982,0.033604,0.19035,0.10334,0.088165,0.088752,0.056941,0.055185,0.074826,0.056794,0.049335,0.067653,0.14475,0.26539,0.052149,0.03551,0.42765,0.051803,0.089681,0.087782,0.25613,0.098467
0.3302,0.33858,0.055813,0.15225,0.18169,0.29216,0.13914,0.21158,0.35337,0.081322,0.10781,0.20539,0.38368,0.2035,0.12747,0.082482,0.20029,0.034292,0.18289,0.102,0.086905,0.089235,0.055087,0.05418,0.073968,0.056273,0.048185,0.063103,0.14018,0.26673,0.051852,0.035514,0.42316,0.05148,0.085876,0.085198,0.252,0.09709
0.32883,0.33445,0.055532,0.15148,0.18499,0.29427,0.13466,0.20547,0.3465,0.081025,0.10303,0.20606,0.37347,0.19931,0.1318,0.078334,0.20069,0.034753,0.17533,0.10065,0.085512,0.089602,0.052788,0.055855,0.073006,0.055886,0.046919,0.063272,0.13498,0.26781,0.051449,0.035297,0.41849,0.051028,0.081491,0.082394,0.2499,0.095702
0.32617,0.33702,0.056128,0.15066,0.18747,0.29566,0.13008,0.1996,0.33986,0.08077,0.097624,0.20673,0.36687,0.19504,0.13701,0.073904,0.201,0.034866,0.16836,0.099326,0.084243,0.089874,0.050081,0.056972,0.071946,0.055583,0.045581,0.063923,0.12925,0.26845,0.051024,0.034956,0.41341,0.050491,0.076778,0.079454,0.24948,0.094317
0.3225,0.34297,0.057342,0.14947,0.1892,0.29629,0.12546,0.19372,0.33296,0.080545,0.0917,0.20694,0.3602,0.19069,0.14288,0.069251,0.20123,0.03454,0.16264,0.098052,0.083648,0.090079,0.047021,0.05757,0.070794,0.055325,0.044161,0.063718,0.12315,0.26851,0.050486,0.034626,0.40786,0.049928,0.07213,0.076503,0.25013,0.092935
0.31783,0.34827,0.058384,0.14751,0.19014,0.29606,0.12084,0.18786,0.32615,0.080357,0.086524,0.20742,0.35348,0.1862,0.14886,0.064579,0.20137,0.033817,0.15857,0.096852,0.082397,0.090211,0.043702,0.057713,0.069572,0.055078,0.042677,0.06275,0.12721,0.26792,0.049852,0.034603,0.40185,0.049399,0.067929,0.073548,0.25118,0.09155
0.31235,0.35297,0.059292,0.14454,0.1903,0.29492,0.11629,0.18207,0.3193,0.080101,0.086093,0.20745,0.34682,0.18157,0.15474,0.060587,0.20143,0.0328,0.15634,0.095745,0.080585,0.090259,0.043154,0.057474,0.070506,0.054817,0.041165,0.061221,0.131,0.2667,0.049181,0.034824,0.39551,0.048956,0.064467,0.070783,0.25195,0.090182
0.30648,0.3571,0.060095,0.14049,0.1897,0.29297,0.11184,0.18146,0.3124,0.079781,0.085447,0.20783,0.34021,0.17679,0.16021,0.060927,0.20141,0.031596,0.15586,0.094748,0.078319,0.090155,0.04391,0.056939,0.07163,0.054525,0.039623,0.059397,0.13334,0.26478,0.048407,0.035129,0.38979,0.048653,0.061852,0.068175,0.25169,0.088803
0.30007,0.36068,0.06076,0.13551,0.18836,0.29031,0.10755,0.18253,0.30568,0.079391,0.084594,0.20783,0.33368,0.17189,0.16488,0.061273,0.20131,0.030295,0.15688,0.094025,0.076335,0.089862,0.044628,0.056191,0.072583,0.054186,0.038105,0.057559,0.13441,0.26206,0.047611,0.035472,0.38466,0.048549,0.059925,0.066936,0.24979,0.087454
0.29328,0.36376,0.061309,0.13171,0.18633,0.28706,0.10346,0.18326,0.29883,0.078832,0.083552,0.2077,0.32727,0.1669,0.1683,0.061557,0.20112,0.028959,0.15903,0.093418,0.074854,0.089368,0.044713,0.056378,0.073542,0.053795,0.036956,0.060872,0.13443,0.25853,0.04676,0.035823,0.37929,0.048692,0.058333,0.06559,0.2458,0.086089
0.28624,0.36638,0.061713,0.12764,0.18365,0.28322,0.099623,0.18349,0.29224,0.078204,0.082344,0.20766,0.32101,0.16186,0.1708,0.061768,0.20085,0.02762,0.16189,0.092928,0.073401,0.08865,0.044299,0.057723,0.074638,0.053347,0.035815,0.06456,0.13363,0.25389,0.045881,0.036116,0.37372,0.049096,0.0568,0.064124,0.23939,0.084756
0.27883,0.36858,0.061962,0.12355,0.18044,0.27885,0.096062,0.18331,0.28561,0.077365,0.080999,0.20719,0.315,0.15684,0.17187,0.061922,0.20049,0.026293,0.16502,0.092586,0.071992,0.087707,0.043563,0.058738,0.075963,0.052841,0.034668,0.068272,0.13223,0.24803,0.04498,0.036332,0.36803,0.049708,0.055508,0.062528,0.23293,0.083414
0.27113,0.37041,0.06198,0.11985,0.17687,0.27405,0.092797,0.18278,0.27908,0.07641,0.079552,0.20653,0.30919,0.1538,0.17136,0.062525,0.20005,0.024985,0.16801,0.092474,0.070618,0.086514,0.043663,0.059474,0.077517,0.052294,0.033543,0.071781,0.13044,0.24094,0.044063,0.036434,0.36222,0.050404,0.054772,0.060809,0.22693,0.082092
0.26319,0.37191,0.061749,0.11672,0.17302,0.2689,0.089848,0.18201,0.27271,0.075242,0.078037,0.20597,0.3036,0.16028,0.16963,0.065461,0.19952,0.024574,0.17054,0.092459,0.069279,0.085091,0.043913,0.05998,0.07924,0.0517,0.032427,0.074921,0.12842,0.2341,0.043119,0.036388,0.3563,0.051017,0.054195,0.059041,0.2185,0.080772
0.2552,0.37317,0.061271,0.11422,0.16894,0.26345,0.087214,0.18103,0.2663,0.07394,0.076492,0.20501,0.29829,0.16625,0.16666,0.068204,0.19893,0.025521,0.17233,0.092651,0.067969,0.083455,0.04394,0.060299,0.081039,0.051078,0.031334,0.077577,0.12631,0.22775,0.04217,0.036186,0.3503,0.051403,0.053746,0.057184,0.21237,0.079462
0.24715,0.37417,0.060582,0.11288,0.16464,0.25765,0.084887,0.17984,0.26017,0.072423,0.074949,0.20373,0.29327,0.1717,0.16503,0.070663,0.19826,0.026477,0.17322,0.092958,0.066672,0.081634,0.043751,0.060464,0.082773,0.050435,0.03027,0.079666,0.12421,0.22009,0.041171,0.035814,0.34649,0.051488,0.053392,0.055316,0.21949,0.078163
0.2391,0.37502,0.059688,0.11585,0.16016,0.25149,0.082847,0.17846,0.25406,0.070771,0.073444,0.20275,0.28849,0.17668,0.16311,0.072861,0.19751,0.027399,0.1731,0.093319,0.06537,0.079667,0.04333,0.060498,0.084317,0.049778,0.02923,0.08114,0.12216,0.21138,0.040167,0.03527,0.35529,0.051252,0.053104,0.053462,0.22679,0.076868
0.23114,0.3757,0.058604,0.1187,0.15546,0.24507,0.081068,0.17728,0.24802,0.06891,0.072011,0.20145,0.28398,0.1812,0.15996,0.074844,0.1967,0.028249,0.17188,0.093814,0.064067,0.077586,0.043908,0.060411,0.085547,0.04911,0.028224,0.081987,0.12124,0.20197,0.039604,0.034594,0.36485,0.050735,0.052856,0.051646,0.23684,0.075588
0.22348,0.37622,0.059471,0.12061,0.15053,0.23841,0.079513,0.18042,0.2422,0.06692,0.070659,0.19991,0.27976,0.18532,0.15663,0.07664,0.19582,0.02897,0.1708,0.094422,0.062748,0.075422,0.0455,0.060202,0.086364,0.04843,0.027251,0.082216,0.12019,0.19254,0.03962,0.033775,0.3739,0.050053,0.052629,0.049904,0.24455,0.074309
0.21603,0.37665,0.061375,0.12128,0.14536,0.23158,0.078144,0.18288,0.2364,0.064742,0.069409,0.19872,0.27579,0.18903,0.1528,0.078233,0.19488,0.029504,0.17292,0.095031,0.061428,0.073196,0.047263,0.059868,0.086692,0.04773,0.026308,0.081864,0.11903,0.1835,0.039585,0.032845,0.38115,0.049276,0.052409,0.048257,0.25052,0.073048
0.2089,0.37968,0.062897,0.12054,0.13997,0.22456,0.076921,0.1845,0.23074,0.062439,0.068277,0.19729,0.27203,0.1924,0.14892,0.079588,0.19388,0.029776,0.17464,0.095807,0.060103,0.070921,0.048996,0.059398,0.086495,0.047016,0.025397,0.08099,0.11773,0.17914,0.039526,0.031801,0.38592,0.048462,0.05219,0.047002,0.2553,0.071786
0.20217,0.38268,0.063867,0.11845,0.13444,0.21734,0.075798,0.18713,0.22523,0.059999,0.067253,0.19608,0.26849,0.19542,0.14556,0.080622,0.19282,0.029725,0.17571,0.096578,0.058776,0.068615,0.050518,0.058785,0.085762,0.046984,0.024522,0.079681,0.11627,0.18098,0.039399,0.030674,0.38732,0.047646,0.051969,0.046484,0.25925,0.070543
0.19582,0.38548,0.064314,0.1152,0.13073,0.20989,0.075172,0.19133,0.21976,0.057431,0.066351,0.19485,0.26513,0.1981,0.14265,0.081236,0.19171,0.02935,0.17575,0.097477,0.058521,0.066292,0.051684,0.058019,0.084485,0.046881,0.024484,0.078037,0.11463,0.18513,0.039239,0.02949,0.38564,0.04677,0.051772,0.045979,0.26254,0.0693
0.18995,0.38805,0.068094,0.11087,0.13083,0.20216,0.076224,0.19475,0.21446,0.054816,0.06555,0.194,0.26195,0.20044,0.1404,0.08146,0.19054,0.028708,0.17488,0.098359,0.061025,0.064602,0.052404,0.057099,0.082657,0.046716,0.024744,0.076167,0.11275,0.1883,0.039027,0.028268,0.38085,0.045779,0.05158,0.045556,0.26507,0.068075
0.18454,0.3904,0.071371,0.10573,0.13046,0.1963,0.076882,0.19757,0.20927,0.052127,0.064844,0.19347,0.2589,0.20247,0.13892,0.08126,0.18932,0.027897,0.17335,0.099166,0.063708,0.063857,0.052609,0.056029,0.080309,0.046493,0.025301,0.074202,0.11062,0.19036,0.038779,0.028884,0.37398,0.04484,0.051392,0.045216,0.26672,0.066851
0.1796,0.39245,0.073996,0.10103,0.12965,0.19402,0.077027,0.19979,0.20413,0.049414,0.064222,0.19346,0.25596,0.20416,0.13823,0.080706,0.18852,0.027035,0.17138,0.10012,0.066472,0.062862,0.052283,0.056978,0.07888,0.046217,0.026073,0.072425,0.10823,0.19142,0.038491,0.029727,0.36684,0.0438,0.05121,0.044865,0.26726,0.065644
0.17518,0.39419,0.075858,0.099141,0.12841,0.1917,0.076687,0.20134,0.19917,0.046725,0.065011,0.19369,0.25311,0.20552,0.13824,0.079863,0.19373,0.027474,0.17007,0.10095,0.069231,0.061643,0.05144,0.058282,0.078167,0.045889,0.02693,0.072379,0.10589,0.19147,0.038175,0.030388,0.36157,0.04286,0.051035,0.044403,0.26658,0.06444
0.1713,0.39566,0.076931,0.096834,0.12672,0.18935,0.075903,0.20249,0.1943,0.047246,0.066857,0.19415,0.25033,0.20655,0.13885,0.078745,0.19845,0.028278,0.1695,0.10173,0.071916,0.060253,0.050771,0.059279,0.077268,0.045509,0.027733,0.07214,0.10346,0.19049,0.037827,0.03084,0.35626,0.041902,0.050865,0.043708,0.26473,0.063249
0.16793,0.39677,0.077239,0.09387,0.12461,0.187,0.074722,0.20305,0.18948,0.047832,0.069304,0.19438,0.2476,0.20726,0.13997,0.079918,0.20269,0.028918,0.16918,0.10257,0.074467,0.058709,0.050052,0.059961,0.076189,0.045075,0.028372,0.071808,0.10076,0.19114,0.037463,0.03109,0.35163,0.040664,0.050703,0.043537,0.26183,0.062066
0.16508,0.39756,0.076866,0.091293,0.12213,0.18465,0.073194,0.2031,0.18485,0.048035,0.071341,0.19473,0.24491,0.20762,0.14125,0.082374,0.20647,0.02943,0.16915,0.10339,0.076841,0.057047,0.051298,0.06031,0.074936,0.044589,0.028786,0.071476,0.097797,0.20003,0.037072,0.031788,0.34821,0.039224,0.050565,0.043666,0.2581,0.060894
0.16274,0.39805,0.075958,0.091731,0.11936,0.18231,0.072356,0.20284,0.18029,0.047875,0.07287,0.1947,0.24225,0.20766,0.14242,0.08504,0.20981,0.029845,0.16939,0.1043,0.079003,0.055292,0.05247,0.060941,0.073535,0.044054,0.028957,0.07123,0.095554,0.20877,0.036666,0.032685,0.3461,0.037679,0.050418,0.044837,0.25386,0.059733
0.16088,0.39819,0.074722,0.0916,0.11637,0.17999,0.071817,0.20215,0.17579,0.047401,0.075247,0.19457,0.23959,0.20738,0.14325,0.087884,0.21275,0.030178,0.16984,0.1059,0.080929,0.053477,0.053098,0.06134,0.072025,0.043468,0.028901,0.071127,0.093409,0.21715,0.036246,0.033616,0.34509,0.036117,0.050254,0.047115,0.24942,0.058578
0.1595,0.39801,0.07332,0.090989,0.1135,0.17768,0.071144,0.20108,0.17147,0.046661,0.077288,0.19436,0.23695,0.20678,0.14391,0.090857,0.21529,0.030443,0.17037,0.10814,0.082604,0.051639,0.053223,0.061478,0.070437,0.042836,0.028809,0.071211,0.091073,0.22469,0.035799,0.034614,0.34479,0.034628,0.050065,0.049038,0.2451,0.057441
0.15856,0.39752,0.071941,0.090011,0.112,0.17542,0.070326,0.19969,0.16722,0.045701,0.078623,0.19375,0.2343,0.20587,0.14394,0.093905,0.21743,0.030622,0.17088,0.11038,0.084045,0.049803,0.052908,0.061361,0.068803,0.042167,0.028795,0.071593,0.088563,0.23121,0.035358,0.035685,0.34469,0.033242,0.049844,0.050574,0.24113,0.056719
0.15803,0.39666,0.07073,0.088688,0.1105,0.17326,0.069355,0.19808,0.16307,0.044585,0.079197,0.19291,0.23164,0.20465,0.14321,0.096973,0.21912,0.030706,0.17128,0.11234,0.085261,0.047994,0.052246,0.061004,0.067146,0.041462,0.028651,0.072625,0.088161,0.2366,0.03489,0.036853,0.34423,0.032095,0.050124,0.051676,0.23766,0.056154
0.15788,0.39549,0.069754,0.087039,0.10904,0.17128,0.068235,0.19621,0.15904,0.043397,0.078999,0.19211,0.22897,0.20315,0.14207,0.10002,0.22036,0.030668,0.17151,0.11421,0.086281,0.046232,0.051584,0.060424,0.065485,0.040726,0.028387,0.073908,0.089669,0.24081,0.034408,0.03814,0.3429,0.03197,0.050426,0.052371,0.23468,0.055416
0.15807,0.394,0.069048,0.086266,0.10757,0.16942,0.066962,0.19413,0.15509,0.042329,0.078059,0.19093,0.22629,0.20137,0.14006,0.103,0.22115,0.030498,0.17154,0.11595,0.087123,0.044536,0.05101,0.059642,0.063835,0.039964,0.028014,0.075419,0.09059,0.24383,0.033926,0.039563,0.3403,0.031937,0.050342,0.052751,0.2321,0.054515
0.15856,0.39216,0.068595,0.085486,0.10611,0.16759,0.065541,0.19186,0.15129,0.041393,0.076443,0.18939,0.22359,0.19934,0.13745,0.10588,0.22151,0.030209,0.17139,0.11737,0.087803,0.042908,0.050201,0.058677,0.062213,0.039184,0.027538,0.077121,0.090967,0.2457,0.033421,0.041094,0.33636,0.031969,0.049841,0.053083,0.22978,0.053469
0.15931,0.39002,0.068342,0.086184,0.10466,0.16576,0.063983,0.18946,0.14756,0.040504,0.074267,0.18803,0.22088,0.19707,0.13431,0.10863,0.22152,0.029831,0.17106,0.1186,0.088337,0.041364,0.049203,0.05812,0.060625,0.038389,0.026969,0.078969,0.090861,0.24654,0.032903,0.042702,0.33086,0.032067,0.048954,0.053317,0.22753,0.052292
0.16028,0.38837,0.068212,0.0863,0.10323,0.1639,0.062292,0.18695,0.14397,0.039689,0.071661,0.18638,0.21816,0.1946,0.13165,0.11125,0.22125,0.029446,0.17061,0.11976,0.088735,0.039928,0.048047,0.057896,0.059077,0.037582,0.026314,0.080917,0.090315,0.24648,0.03239,0.044342,0.32379,0.032179,0.047796,0.053247,0.22518,0.050997
0.16145,0.38891,0.068123,0.085872,0.10182,0.162,0.062658,0.18437,0.1405,0.038962,0.071117,0.1844,0.21546,0.19192,0.12898,0.11367,0.22075,0.029172,0.17007,0.12058,0.089013,0.038615,0.046751,0.057585,0.057564,0.036769,0.025572,0.082907,0.089401,0.24579,0.031859,0.045961,0.31552,0.032281,0.047302,0.05289,0.22259,0.0498
0.16281,0.38922,0.067998,0.084968,0.1004,0.16007,0.063973,0.18587,0.13716,0.03832,0.071049,0.18237,0.21276,0.18907,0.12608,0.11583,0.22002,0.02894,0.16948,0.12112,0.089173,0.037449,0.046655,0.057198,0.056081,0.035958,0.024736,0.084892,0.088193,0.24517,0.031317,0.047531,0.30925,0.03234,0.046752,0.052263,0.21965,0.049476
0.16427,0.38934,0.067775,0.083672,0.099,0.15809,0.065274,0.19013,0.13397,0.03775,0.070706,0.18031,0.21007,0.18606,0.12284,0.11771,0.21903,0.028965,0.16886,0.12166,0.089246,0.036434,0.04726,0.056733,0.054623,0.035151,0.023806,0.086817,0.086765,0.24497,0.030788,0.048981,0.30421,0.032322,0.046149,0.051488,0.2163,0.049159
0.16582,0.38926,0.067435,0.082052,0.097615,0.15607,0.066664,0.19377,0.131,0.037235,0.070106,0.17796,0.20739,0.18291,0.11957,0.1192,0.21779,0.029252,0.16821,0.12186,0.089232,0.035569,0.048056,0.056204,0.053291,0.034355,0.022789,0.088634,0.085184,0.24418,0.03025,0.050216,0.29831,0.032213,0.045512,0.050649,0.21255,0.048842
0.16746,0.38898,0.06694,0.080154,0.096248,0.15402,0.068228,0.19677,0.12837,0.036748,0.06927,0.17532,0.20473,0.17964,0.11637,0.12028,0.21631,0.03005,0.16752,0.12189,0.089153,0.034847,0.049022,0.055613,0.052202,0.033578,0.021704,0.090303,0.083528,0.24278,0.029708,0.051208,0.29176,0.032021,0.044851,0.049725,0.2101,0.048523
0.16916,0.38849,0.066277,0.077995,0.094888,0.15194,0.070033,0.19915,0.12602,0.037749,0.068218,0.17288,0.20209,0.17628,0.11347,0.12085,0.21464,0.030884,0.16677,0.12182,0.088989,0.034245,0.050123,0.054974,0.051014,0.032822,0.020695,0.091784,0.081848,0.24083,0.029184,0.052188,0.28473,0.032361,0.044144,0.050107,0.20934,0.048207
0.17085,0.3878,0.065469,0.07557,0.093535,0.15024,0.072104,0.20092,0.12384,0.038749,0.066989,0.17017,0.19949,0.17285,0.11086,0.12092,0.21278,0.031733,0.16591,0.1215,0.08874,0.033728,0.05132,0.054301,0.049811,0.032097,0.020468,0.093047,0.080203,0.23827,0.028663,0.053272,0.27731,0.033307,0.043394,0.050476,0.20821,0.047896
0.17259,0.38693,0.064536,0.072977,0.092189,0.14917,0.074439,0.20211,0.12175,0.039664,0.0656,0.16716,0.19691,0.16937,0.10885,0.1204,0.21081,0.03261,0.16492,0.12116,0.088395,0.033266,0.05257,0.053611,0.048686,0.031405,0.020284,0.094068,0.078638,0.23533,0.028147,0.054338,0.26956,0.034157,0.043236,0.050509,0.20674,0.047583
0.1743,0.38586,0.063481,0.073517,0.090874,0.14808,0.077,0.20268,0.11974,0.040482,0.064088,0.16421,0.19436,0.16586,0.10726,0.11931,0.20877,0.033526,0.16374,0.12068,0.087965,0.033407,0.05383,0.052921,0.047731,0.030751,0.020187,0.094826,0.077187,0.23189,0.027644,0.055101,0.26135,0.034908,0.043576,0.05026,0.20501,0.047269
0.17599,0.38459,0.062328,0.074185,0.089565,0.14697,0.079731,0.20275,0.1178,0.041198,0.062477,0.16111,0.19185,0.16235,0.1062,0.11768,0.20665,0.034491,0.16236,0.1201,0.087453,0.033739,0.055063,0.052242,0.047025,0.03014,0.020108,0.095309,0.075883,0.22817,0.027161,0.055595,0.25487,0.035576,0.043841,0.049799,0.20304,0.046958
0.17765,0.38313,0.062252,0.074851,0.088265,0.14586,0.082562,0.20222,0.11593,0.041777,0.060785,0.15774,0.18937,0.15887,0.10569,0.11553,0.20446,0.035508,0.16073,0.1196,0.086869,0.034103,0.05623,0.05159,0.046621,0.029572,0.020036,0.095511,0.074725,0.22412,0.026688,0.055847,0.25388,0.036309,0.044021,0.049201,0.20086,0.046649
0.17926,0.38148,0.061998,0.075463,0.086973,0.14474,0.085421,0.20271,0.11411,0.04222,0.059035,0.15451,0.18823,0.15542,0.10549,0.11293,0.20215,0.036577,0.15883,0.11902,0.086199,0.034479,0.057303,0.050982,0.047271,0.029051,0.019955,0.095434,0.073729,0.21987,0.026225,0.055859,0.25244,0.037214,0.044101,0.048539,0.19849,0.046339
0.18082,0.37964,0.061556,0.075919,0.0857,0.14361,0.088242,0.20275,0.11233,0.042542,0.057938,0.15104,0.18791,0.15204,0.10572,0.10996,0.19973,0.037692,0.15667,0.11831,0.085422,0.034918,0.058253,0.050422,0.04844,0.028575,0.019842,0.095084,0.072877,0.21543,0.025776,0.055659,0.25039,0.038049,0.044072,0.047867,0.19596,0.046026
0.18321,0.37764,0.06094,0.076146,0.084444,0.14248,0.09097,0.20227,0.11061,0.042708,0.059173,0.14764,0.1876,0.14873,0.10606,0.10674,0.19718,0.03885,0.15424,0.11766,0.084527,0.035454,0.05906,0.049918,0.049642,0.028145,0.019678,0.094479,0.072163,0.2126,0.025349,0.055264,0.24826,0.038825,0.043933,0.047213,0.19325,0.045717
0.18544,0.37546,0.060162,0.076141,0.083196,0.14133,0.093563,0.20119,0.10892,0.043322,0.060237,0.14411,0.18731,0.14553,0.1066,0.10332,0.19451,0.040034,0.15155,0.11696,0.083505,0.035968,0.059711,0.049472,0.050859,0.027762,0.01945,0.093638,0.071566,0.21383,0.024932,0.054748,0.24875,0.039554,0.043696,0.046589,0.19037,0.045409
0.18746,0.37311,0.059238,0.075833,0.08364,0.14019,0.095994,0.19954,0.10728,0.044322,0.061043,0.14068,0.18705,0.14243,0.10891,0.099798,0.19502,0.041234,0.14862,0.11634,0.082326,0.036415,0.060194,0.04908,0.052078,0.027424,0.019163,0.092591,0.071066,0.21427,0.024521,0.054106,0.24821,0.040245,0.043395,0.045997,0.18732,0.045099
0.18915,0.37061,0.058181,0.075219,0.0845,0.13904,0.098249,0.1974,0.10565,0.045203,0.061541,0.13728,0.18678,0.13946,0.11182,0.096291,0.19549,0.042434,0.14547,0.11596,0.080966,0.036772,0.060509,0.048739,0.053282,0.027128,0.018827,0.091365,0.070642,0.21401,0.024116,0.053386,0.2465,0.040911,0.04307,0.045406,0.18408,0.044787
0.19051,0.36797,0.057009,0.074343,0.085371,0.13789,0.10033,0.19474,0.10409,0.04597,0.061681,0.13399,0.18654,0.13707,0.11471,0.092828,0.19553,0.043617,0.14215,0.11573,0.079414,0.037024,0.060647,0.048447,0.054462,0.026874,0.018459,0.08999,0.070274,0.21296,0.023722,0.05258,0.24903,0.041543,0.042751,0.044785,0.18066,0.044477
0.1916,0.36518,0.055746,0.073211,0.086223,0.13674,0.10223,0.1916,0.10253,0.046604,0.061451,0.13085,0.1863,0.13511,0.11745,0.090145,0.19512,0.044765,0.13961,0.11549,0.077666,0.037163,0.060598,0.048197,0.0556,0.02666,0.018082,0.088503,0.069939,0.21122,0.023336,0.051696,0.25508,0.042134,0.042448,0.044299,0.17705,0.044169
0.19233,0.36227,0.054397,0.071862,0.087034,0.1356,0.10398,0.18805,0.10102,0.047108,0.060856,0.12785,0.18605,0.13324,0.12009,0.087663,0.1943,0.045866,0.1391,0.11531,0.075711,0.037192,0.060357,0.047983,0.056679,0.026481,0.017718,0.086934,0.069625,0.20885,0.02295,0.050737,0.26018,0.042672,0.042149,0.044879,0.17328,0.043859
0.19267,0.35923,0.052968,0.070357,0.087784,0.13445,0.10558,0.18413,0.099542,0.047483,0.060477,0.12491,0.18582,0.13145,0.12247,0.086309,0.19312,0.046903,0.13907,0.11498,0.073564,0.037109,0.059929,0.047806,0.05769,0.026337,0.017383,0.085319,0.069312,0.20589,0.022559,0.049677,0.26418,0.043139,0.041836,0.045445,0.16933,0.043547
0.19262,0.35609,0.051572,0.068776,0.088444,0.13331,0.10705,0.1799,0.098076,0.047734,0.059892,0.12377,0.18557,0.12976,0.12444,0.087576,0.19159,0.047859,0.13951,0.11459,0.071256,0.036926,0.059323,0.047661,0.058617,0.026638,0.017084,0.083684,0.068988,0.20254,0.022163,0.048937,0.26704,0.043522,0.041498,0.04597,0.16524,0.043235
0.19365,0.35283,0.051104,0.067148,0.089008,0.13218,0.10841,0.17539,0.096652,0.047865,0.059032,0.12302,0.18531,0.12816,0.12623,0.088631,0.18973,0.048723,0.14035,0.11409,0.068817,0.036659,0.058548,0.047543,0.059448,0.026996,0.016815,0.08206,0.068638,0.19885,0.021765,0.048353,0.26862,0.043806,0.04113,0.046427,0.16102,0.042927
0.19462,0.34948,0.050669,0.065576,0.090399,0.13105,0.10965,0.17066,0.095607,0.047882,0.057926,0.12195,0.18505,0.12664,0.12755,0.089511,0.18759,0.049483,0.14151,0.11351,0.066257,0.036324,0.057616,0.047451,0.060176,0.027359,0.016563,0.080476,0.068254,0.19495,0.021366,0.047574,0.26892,0.043979,0.040745,0.046794,0.15668,0.044046
0.19551,0.34604,0.050258,0.064086,0.092225,0.12992,0.11079,0.16575,0.097395,0.047799,0.056606,0.12081,0.18475,0.12521,0.12861,0.090234,0.1852,0.050126,0.14288,0.11283,0.063574,0.035941,0.056542,0.047381,0.060799,0.027723,0.016308,0.078954,0.067824,0.19093,0.020957,0.046584,0.26795,0.044035,0.040384,0.047057,0.15226,0.045063
0.1963,0.34252,0.049892,0.062776,0.093987,0.12878,0.11181,0.16067,0.098982,0.047611,0.055099,0.11935,0.18446,0.12385,0.12923,0.090808,0.18262,0.050649,0.14434,0.11207,0.060789,0.035527,0.055342,0.047326,0.06131,0.028085,0.016032,0.077514,0.067342,0.18684,0.020536,0.045388,0.26568,0.043972,0.040074,0.04721,0.1479,0.045914
0.19697,0.33893,0.049573,0.06166,0.09567,0.12764,0.11271,0.15549,0.10037,0.047323,0.053437,0.11768,0.18413,0.12256,0.12963,0.09123,0.17993,0.051043,0.14579,0.11119,0.057926,0.035085,0.054039,0.047272,0.061709,0.028444,0.015726,0.076393,0.066801,0.18277,0.020103,0.043997,0.26201,0.043789,0.039856,0.047254,0.14395,0.046586
0.19757,0.33528,0.049287,0.060776,0.097261,0.12649,0.11348,0.15026,0.10152,0.046941,0.05165,0.1159,0.18378,0.12133,0.1296,0.091517,0.17726,0.051307,0.14785,0.11036,0.055031,0.034626,0.052655,0.047211,0.062001,0.028901,0.015384,0.07549,0.066194,0.17869,0.019663,0.042602,0.25694,0.04349,0.039736,0.047194,0.13979,0.047135
0.19809,0.33157,0.049056,0.060144,0.098752,0.12533,0.11408,0.14503,0.10245,0.046472,0.049769,0.11387,0.18342,0.12015,0.12944,0.091632,0.17482,0.051442,0.14992,0.11037,0.053297,0.034155,0.051215,0.047129,0.062195,0.029371,0.015017,0.074705,0.065518,0.17467,0.01922,0.041164,0.25052,0.04308,0.039724,0.047028,0.13545,0.047886
0.19852,0.32781,0.048844,0.059776,0.10013,0.12416,0.11451,0.1398,0.10315,0.045925,0.047824,0.11181,0.18301,0.11902,0.12892,0.091546,0.17302,0.051443,0.15178,0.11033,0.0525,0.033809,0.049742,0.047026,0.062297,0.029771,0.014639,0.074042,0.064773,0.17075,0.018766,0.039648,0.25181,0.042907,0.039811,0.046756,0.13098,0.048502
0.19886,0.324,0.04864,0.059641,0.10139,0.12298,0.11474,0.13466,0.10361,0.045312,0.045835,0.11017,0.18259,0.11793,0.12824,0.091284,0.17164,0.051317,0.15337,0.11014,0.051654,0.033559,0.048417,0.046888,0.062315,0.0301,0.014272,0.073505,0.06395,0.16698,0.018302,0.038084,0.2554,0.043436,0.039968,0.046392,0.12688,0.048955
0.19913,0.32016,0.048442,0.059709,0.10252,0.12179,0.11474,0.1296,0.1038,0.044652,0.043829,0.10965,0.18213,0.11687,0.12732,0.090782,0.17021,0.051061,0.15464,0.10982,0.050797,0.03329,0.048699,0.046705,0.062256,0.03036,0.013935,0.07309,0.063045,0.16337,0.01783,0.036488,0.25809,0.043871,0.040183,0.045946,0.12376,0.049235
0.19932,0.3163,0.04822,0.059942,0.10353,0.12059,0.11452,0.1247,0.10376,0.043946,0.041829,0.10896,0.18165,0.11583,0.12622,0.090053,0.16861,0.050685,0.15556,0.10955,0.050003,0.033,0.048796,0.046464,0.062121,0.030551,0.013645,0.072792,0.062052,0.15994,0.017351,0.034885,0.25993,0.044209,0.040423,0.045435,0.12199,0.049371
0.19945,0.31241,0.047954,0.060305,0.10439,0.11938,0.11406,0.11993,0.10347,0.043223,0.039854,0.10803,0.18113,0.11482,0.12503,0.089082,0.16683,0.050199,0.15612,0.10918,0.049289,0.032697,0.048737,0.046161,0.061918,0.030676,0.013407,0.072603,0.060972,0.15672,0.016878,0.033268,0.26088,0.04444,0.040663,0.044881,0.12012,0.049394
0.19951,0.30852,0.047627,0.060727,0.10511,0.11817,0.11336,0.11583,0.10295,0.042484,0.037924,0.10711,0.18059,0.11381,0.12537,0.087854,0.16485,0.049611,0.15632,0.10869,0.048597,0.032373,0.048553,0.045799,0.06167,0.03082,0.013215,0.072513,0.059802,0.15372,0.016402,0.031657,0.26095,0.044549,0.040867,0.044303,0.11814,0.049306
0.19951,0.30461,0.04722,0.061182,0.10569,0.11696,0.11241,0.11472,0.10252,0.041739,0.03605,0.10595,0.18002,0.11283,0.12658,0.086407,0.16271,0.049753,0.1562,0.10807,0.047909,0.032036,0.048282,0.045387,0.061398,0.031014,0.013055,0.07251,0.058546,0.15093,0.016188,0.030696,0.26016,0.044526,0.041011,0.04371,0.11607,0.049069
0.19944,0.30072,0.046715,0.061602,0.10611,0.11574,0.11123,0.11363,0.10227,0.040982,0.034251,0.10471,0.17942,0.11185,0.12759,0.084711,0.16039,0.050075,0.15577,0.10746,0.04722,0.031678,0.047962,0.044935,0.061106,0.03118,0.012902,0.072581,0.057213,0.14835,0.016099,0.029838,0.25914,0.044367,0.041064,0.043115,0.11392,0.04866
0.1993,0.29683,0.0461,0.061944,0.10639,0.11453,0.10981,0.11251,0.10166,0.040218,0.033473,0.1034,0.17879,0.11088,0.12848,0.082809,0.15793,0.050279,0.15508,0.10682,0.046522,0.031305,0.047629,0.044441,0.060781,0.031313,0.01273,0.072712,0.055961,0.14597,0.016004,0.028924,0.25815,0.044065,0.041064,0.042528,0.11168,0.048083
0.19908,0.29296,0.045364,0.062179,0.10652,0.11332,0.10819,0.11136,0.10074,0.039442,0.033423,0.1019,0.17814,0.10992,0.12937,0.080714,0.15534,0.050377,0.15416,0.10608,0.045816,0.030911,0.047321,0.043901,0.060405,0.031416,0.012903,0.072889,0.055145,0.14376,0.015897,0.027978,0.25666,0.04361,0.041222,0.041962,0.10936,0.047352
0.19879,0.28911,0.044505,0.062246,0.1065,0.11211,0.10639,0.11022,0.0995,0.038659,0.033329,0.10101,0.17746,0.10898,0.13009,0.078475,0.15264,0.050388,0.15308,0.10523,0.045095,0.030501,0.047071,0.043308,0.059969,0.031484,0.013424,0.073099,0.054242,0.1417,0.01578,0.026972,0.25466,0.043001,0.041257,0.041429,0.10696,0.046487
0.19843,0.28528,0.043523,0.062158,0.10635,0.11091,0.10442,0.10909,0.098012,0.037873,0.033195,0.1012,0.17676,0.10804,0.13073,0.076121,0.14986,0.050329,0.15187,0.10429,0.044356,0.03007,0.046909,0.04335,0.059467,0.03152,0.013921,0.073331,0.053255,0.13976,0.015658,0.0259,0.25218,0.04226,0.041182,0.04095,0.10453,0.045511
0.198,0.2815,0.042426,0.06185,0.10605,0.10972,0.1027,0.10793,0.096274,0.037097,0.033024,0.10123,0.17604,0.10712,0.13139,0.073729,0.14702,0.050218,0.15056,0.1034,0.043598,0.029623,0.046861,0.04448,0.0589,0.031519,0.014369,0.073569,0.052195,0.13792,0.01553,0.024793,0.24924,0.041374,0.041495,0.040537,0.10205,0.044459
0.19752,0.27775,0.041359,0.061368,0.10563,0.10854,0.10087,0.10676,0.095062,0.036335,0.032819,0.10118,0.1753,0.10622,0.13188,0.071333,0.14414,0.050074,0.1492,0.10246,0.042824,0.029159,0.046944,0.045459,0.058274,0.031485,0.014743,0.073804,0.051077,0.13615,0.015478,0.023647,0.24588,0.040988,0.04186,0.040199,0.099553,0.043346
0.197,0.27404,0.04075,0.060658,0.10508,0.10738,0.098956,0.10559,0.093899,0.035588,0.032581,0.10093,0.17453,0.10534,0.13229,0.068993,0.14124,0.049921,0.1478,0.10143,0.042032,0.02868,0.047169,0.04628,0.057594,0.031413,0.015021,0.074024,0.049914,0.13443,0.015537,0.022635,0.24211,0.041122,0.042099,0.039952,0.097063,0.042162
0.19642,0.27037,0.040025,0.059777,0.10441,0.10623,0.097016,0.10445,0.092683,0.034881,0.032309,0.10048,0.17376,0.10449,0.13271,0.066766,0.13835,0.049763,0.14638,0.10032,0.041278,0.028187,0.04754,0.046942,0.056867,0.031306,0.015195,0.074218,0.048725,0.13275,0.015581,0.022755,0.23798,0.041024,0.042223,0.0398,0.094581,0.040901
0.1958,0.26676,0.039192,0.058701,0.10362,0.10622,0.095096,0.10329,0.091402,0.034204,0.032002,0.099963,0.17296,0.10366,0.13295,0.064697,0.13546,0.050084,0.14494,0.099239,0.040839,0.027682,0.048053,0.04745,0.05689,0.031162,0.015261,0.074379,0.04753,0.13179,0.0156,0.022899,0.2335,0.040711,0.042254,0.039747,0.092149,0.039566
0.19577,0.26319,0.03826,0.057469,0.10272,0.10705,0.093244,0.10213,0.090049,0.033584,0.031658,0.099291,0.17215,0.10286,0.13312,0.062853,0.1326,0.050449,0.14348,0.09814,0.040385,0.027169,0.048699,0.047794,0.056999,0.03098,0.015221,0.074498,0.046343,0.13081,0.015596,0.023062,0.22873,0.040224,0.042215,0.039793,0.089765,0.03816
0.19604,0.25968,0.037246,0.056107,0.10172,0.1078,0.091502,0.10096,0.088583,0.033014,0.031279,0.098482,0.17131,0.10211,0.13322,0.061248,0.12974,0.050774,0.14199,0.096968,0.039921,0.026647,0.049458,0.047976,0.056947,0.030765,0.015086,0.074566,0.04518,0.12978,0.015582,0.023238,0.22368,0.039612,0.042137,0.039933,0.087462,0.036696
0.1963,0.25622,0.036181,0.055183,0.10061,0.10847,0.08991,0.099795,0.086995,0.032506,0.030859,0.097605,0.17048,0.10139,0.1331,0.059849,0.12688,0.051065,0.14046,0.095791,0.039445,0.026121,0.050312,0.047999,0.056759,0.030514,0.014869,0.074577,0.044056,0.12869,0.015552,0.023414,0.21839,0.038935,0.042039,0.040158,0.085245,0.035189
0.19645,0.25282,0.035077,0.055419,0.099412,0.10908,0.0885,0.098662,0.088869,0.032071,0.030396,0.096686,0.16962,0.10071,0.13302,0.058676,0.12398,0.051333,0.13888,0.094637,0.038959,0.025591,0.051235,0.047866,0.056458,0.03023,0.014584,0.074526,0.042985,0.12755,0.015505,0.02358,0.2129,0.038238,0.042007,0.040461,0.083121,0.034592
0.19658,0.24948,0.033961,0.055504,0.098117,0.10961,0.087293,0.097529,0.091082,0.031707,0.029893,0.095688,0.16875,0.10007,0.13267,0.057732,0.12105,0.051594,0.13725,0.093419,0.038464,0.02506,0.052198,0.047582,0.056796,0.030315,0.014247,0.074408,0.041978,0.12631,0.015445,0.023718,0.20723,0.037556,0.042783,0.040825,0.081108,0.034292
0.19661,0.24619,0.032866,0.055431,0.096727,0.11006,0.086304,0.096399,0.092914,0.031418,0.029525,0.094588,0.16787,0.099486,0.13226,0.057002,0.11808,0.051849,0.13554,0.092187,0.037962,0.024528,0.053178,0.047153,0.057775,0.030462,0.013874,0.074219,0.041052,0.12497,0.015382,0.02382,0.20141,0.036914,0.0437,0.041234,0.079201,0.033994
0.1966,0.24297,0.031812,0.055204,0.095249,0.11042,0.085529,0.095273,0.094371,0.031206,0.029328,0.093485,0.16698,0.098944,0.13164,0.056455,0.11508,0.052107,0.13378,0.090991,0.037458,0.023997,0.054145,0.046581,0.058768,0.030554,0.013475,0.073954,0.040259,0.12353,0.015309,0.023877,0.19544,0.036309,0.044735,0.041674,0.077395,0.033699
0.19651,0.23981,0.030824,0.054835,0.093688,0.11069,0.084962,0.094153,0.095463,0.031078,0.029115,0.092266,0.16608,0.098447,0.13085,0.05606,0.11206,0.052364,0.13197,0.089738,0.03695,0.023467,0.055075,0.045864,0.059744,0.030588,0.01306,0.073612,0.039548,0.12198,0.015225,0.023887,0.18937,0.035829,0.04587,0.042127,0.075684,0.033404
0.19635,0.23671,0.029929,0.054337,0.092102,0.1109,0.08458,0.093042,0.096203,0.031029,0.028884,0.091019,0.16516,0.097999,0.12991,0.055785,0.10902,0.052624,0.13013,0.088446,0.036439,0.02294,0.055945,0.04605,0.060673,0.030564,0.012637,0.073191,0.038929,0.12034,0.015132,0.02385,0.18319,0.035666,0.047072,0.04258,0.074062,0.033113
0.19615,0.23367,0.02915,0.053727,0.091932,0.11104,0.084357,0.091958,0.096608,0.031054,0.028631,0.089676,0.16424,0.097592,0.1287,0.0556,0.10597,0.052887,0.12828,0.08722,0.035932,0.022414,0.05674,0.046685,0.06154,0.030483,0.012658,0.072692,0.038408,0.11859,0.015038,0.023765,0.17693,0.035409,0.048316,0.043018,0.072513,0.032823
0.19585,0.23069,0.028502,0.053013,0.091731,0.11113,0.084256,0.090896,0.096699,0.031151,0.028353,0.088349,0.1633,0.097231,0.1274,0.055496,0.10464,0.053154,0.12647,0.085943,0.035991,0.021891,0.057442,0.047273,0.062331,0.030346,0.012679,0.072114,0.037986,0.11674,0.014939,0.023632,0.17187,0.035083,0.049567,0.043437,0.071018,0.032546
0.19554,0.22778,0.027999,0.052203,0.091507,0.11115,0.08424,0.089847,0.096498,0.031314,0.028046,0.086926,0.16236,0.096909,0.12576,0.055446,0.10374,0.053428,0.12474,0.08462,0.036582,0.021371,0.058044,0.047815,0.063036,0.030152,0.012687,0.071459,0.037662,0.11479,0.014834,0.023455,0.16912,0.03469,0.050782,0.043847,0.069558,0.032325
0.19513,0.22493,0.027648,0.051299,0.091387,0.1111,0.084267,0.088811,0.096031,0.031542,0.027708,0.085546,0.1614,0.096622,0.12407,0.055442,0.10283,0.053705,0.12321,0.083363,0.037059,0.020851,0.058537,0.048313,0.063648,0.029904,0.012678,0.070728,0.037467,0.11276,0.014722,0.023234,0.16628,0.034236,0.051915,0.044242,0.068115,0.032107
0.19467,0.22215,0.027449,0.050305,0.091425,0.11099,0.084295,0.087791,0.095334,0.031825,0.027844,0.084138,0.16043,0.096369,0.12205,0.055487,0.1019,0.05399,0.12187,0.082072,0.037419,0.020335,0.058921,0.048772,0.064169,0.029604,0.012652,0.069924,0.037407,0.11067,0.014604,0.022971,0.16335,0.033735,0.052935,0.044597,0.066679,0.031891
0.19417,0.21942,0.027397,0.049202,0.091405,0.11081,0.084289,0.086787,0.09444,0.032151,0.028459,0.082691,0.15945,0.096142,0.11992,0.055604,0.10098,0.054275,0.12077,0.080741,0.037661,0.019819,0.05919,0.049193,0.064599,0.029256,0.01261,0.06905,0.037448,0.10849,0.014487,0.022672,0.16033,0.033183,0.053792,0.044904,0.065224,0.031679
0.19357,0.21676,0.027483,0.047975,0.091326,0.11055,0.084213,0.085802,0.093364,0.032524,0.029022,0.082091,0.15847,0.095938,0.11751,0.055791,0.10004,0.054559,0.11996,0.079469,0.037787,0.019306,0.059349,0.04958,0.065479,0.028863,0.012554,0.06811,0.037583,0.10627,0.014365,0.022341,0.1572,0.032585,0.054471,0.045147,0.063735,0.031468
0.19296,0.21417,0.027693,0.047363,0.091191,0.11021,0.084137,0.084836,0.092135,0.032923,0.029523,0.081573,0.15746,0.095752,0.11498,0.05606,0.099095,0.05484,0.11949,0.078173,0.037798,0.018793,0.0594,0.049931,0.066788,0.028429,0.012481,0.067109,0.037798,0.104,0.014237,0.021984,0.15397,0.031945,0.054947,0.045331,0.062205,0.031259
0.19228,0.21164,0.028009,0.0468,0.091001,0.10979,0.084238,0.083891,0.090813,0.033352,0.029954,0.08103,0.15646,0.095578,0.11222,0.056438,0.098147,0.05511,0.11946,0.07687,0.037701,0.018283,0.059343,0.050249,0.067847,0.027963,0.012391,0.066052,0.038082,0.1017,0.014104,0.021612,0.15065,0.031263,0.055219,0.04545,0.060629,0.031051
0.19151,0.20917,0.028412,0.046163,0.090759,0.10929,0.084203,0.082974,0.089407,0.033798,0.030306,0.080465,0.15543,0.095409,0.10935,0.056921,0.097189,0.055365,0.11997,0.075609,0.037507,0.017773,0.059181,0.050528,0.068654,0.027469,0.012289,0.064943,0.038422,0.099385,0.013963,0.021238,0.14724,0.030548,0.055311,0.045506,0.058996,0.030843
0.19075,0.20676,0.028878,0.045464,0.090468,0.10872,0.084009,0.083364,0.087953,0.034252,0.030574,0.07988,0.1544,0.095239,0.10736,0.057502,0.096235,0.0556,0.12097,0.074314,0.037222,0.017265,0.058919,0.05077,0.069208,0.026952,0.012171,0.06379,0.038804,0.097078,0.013962,0.020868,0.1438,0.029817,0.055249,0.045507,0.057309,0.030637
0.1899,0.20441,0.029383,0.044682,0.09013,0.10808,0.083642,0.083724,0.086492,0.034712,0.030756,0.079276,0.15336,0.095066,0.10599,0.058197,0.09527,0.055812,0.12247,0.073073,0.036866,0.01701,0.058559,0.050975,0.069513,0.026415,0.012037,0.062597,0.039218,0.094767,0.014138,0.020517,0.14031,0.029402,0.055068,0.045447,0.055571,0.030432
0.18899,0.20213,0.029914,0.043803,0.089749,0.10738,0.083091,0.084044,0.085048,0.035174,0.030844,0.078655,0.15231,0.094882,0.10452,0.058958,0.094302,0.055993,0.12447,0.071814,0.036447,0.016761,0.058104,0.051141,0.069576,0.025858,0.011892,0.062795,0.039649,0.092511,0.014268,0.020195,0.13678,0.029237,0.054833,0.045329,0.053798,0.030227
0.18807,0.1999,0.030443,0.042818,0.089326,0.10666,0.083625,0.084329,0.083645,0.035634,0.030839,0.07802,0.15124,0.094682,0.10297,0.059788,0.093331,0.056138,0.12692,0.070537,0.035984,0.016503,0.057561,0.05127,0.069403,0.025279,0.011734,0.062984,0.040086,0.090285,0.014351,0.019908,0.13321,0.029125,0.054584,0.045159,0.051995,0.030024
0.18706,0.19772,0.030955,0.043442,0.088861,0.10601,0.084066,0.084581,0.082336,0.036088,0.030736,0.077423,0.15016,0.094462,0.10134,0.060632,0.092352,0.056241,0.12978,0.069315,0.035492,0.016236,0.05694,0.05136,0.069008,0.024688,0.011563,0.062968,0.040518,0.088105,0.014391,0.019662,0.12962,0.028931,0.054372,0.044943,0.05018,0.02982
0.18602,0.1956,0.031429,0.044033,0.088356,0.10539,0.084325,0.08479,0.081122,0.036544,0.030541,0.076816,0.14907,0.094217,0.099541,0.061456,0.091375,0.056298,0.13299,0.068066,0.034987,0.015962,0.05641,0.051412,0.068397,0.024429,0.011382,0.06272,0.040933,0.088813,0.014383,0.019463,0.12604,0.028675,0.054239,0.045269,0.048371,0.029618
0.18495,0.19353,0.031862,0.044538,0.087811,0.10474,0.084397,0.084966,0.080033,0.037003,0.030252,0.0762,0.14797,0.093946,0.097688,0.062222,0.09039,0.056308,0.13649,0.066794,0.034486,0.015678,0.055876,0.051426,0.067846,0.024152,0.01119,0.062224,0.041322,0.090293,0.01434,0.019312,0.12245,0.02838,0.054212,0.045624,0.047441,0.029417
0.18381,0.19151,0.032235,0.044977,0.087228,0.10405,0.084282,0.085119,0.079092,0.037478,0.029876,0.075575,0.14686,0.093642,0.095702,0.062888,0.089871,0.056271,0.14019,0.065563,0.034335,0.015387,0.055252,0.051399,0.067775,0.023863,0.010989,0.061476,0.041677,0.09161,0.014255,0.019211,0.11886,0.028057,0.054296,0.045941,0.047574,0.029215
0.18263,0.18952,0.03254,0.045302,0.086607,0.1033,0.08398,0.085245,0.078317,0.037979,0.029418,0.074944,0.14573,0.093303,0.093605,0.06341,0.089353,0.056187,0.14403,0.06433,0.034423,0.015087,0.054542,0.051331,0.067502,0.023564,0.010778,0.060486,0.041987,0.09278,0.014133,0.01916,0.1153,0.027725,0.054481,0.04624,0.047756,0.029016
0.18144,0.18758,0.03279,0.045532,0.08595,0.1025,0.083498,0.085348,0.077724,0.0385,0.028886,0.07431,0.1446,0.092928,0.091452,0.06375,0.088845,0.056055,0.14792,0.063078,0.034486,0.014781,0.053751,0.05122,0.067034,0.023256,0.010561,0.059273,0.042248,0.093819,0.013982,0.01916,0.11175,0.0274,0.054744,0.046514,0.047966,0.028816
0.18018,0.18568,0.033448,0.045628,0.085258,0.10165,0.08284,0.085432,0.077323,0.039024,0.028288,0.073673,0.14345,0.092514,0.089165,0.063867,0.088343,0.055877,0.15179,0.061809,0.034522,0.014468,0.052879,0.05107,0.066378,0.022943,0.010336,0.057862,0.042452,0.094746,0.013803,0.019209,0.10869,0.027089,0.05505,0.046752,0.048184,0.028617
0.17889,0.18381,0.034044,0.045616,0.084537,0.10074,0.082018,0.085915,0.077116,0.039542,0.027657,0.073037,0.1423,0.092057,0.088473,0.063751,0.087844,0.055651,0.15558,0.060571,0.034531,0.01415,0.05193,0.050878,0.065546,0.022623,0.010255,0.056284,0.042597,0.095578,0.013594,0.019304,0.10727,0.026798,0.055359,0.046952,0.048385,0.02842
0.17758,0.18198,0.034574,0.04546,0.083787,0.099778,0.081041,0.086763,0.077108,0.040045,0.027402,0.072403,0.14113,0.091557,0.087639,0.063367,0.087346,0.05538,0.15921,0.059345,0.034517,0.013827,0.050911,0.050646,0.064544,0.022296,0.010412,0.054572,0.042677,0.096333,0.013362,0.01944,0.10584,0.026533,0.055629,0.047118,0.048542,0.028223
0.17621,0.18019,0.035036,0.045178,0.08301,0.09877,0.079922,0.08758,0.077294,0.040525,0.027076,0.071771,0.13995,0.091011,0.086759,0.062713,0.086861,0.055065,0.16262,0.058343,0.034571,0.013501,0.049824,0.050377,0.063386,0.021961,0.010569,0.052754,0.04269,0.09703,0.013109,0.019612,0.10442,0.026298,0.055828,0.047257,0.048633,0.028026
0.17482,0.17842,0.035427,0.044765,0.082208,0.097716,0.078674,0.088383,0.077668,0.040979,0.026687,0.071145,0.13877,0.090421,0.085737,0.061773,0.086377,0.05471,0.16576,0.057438,0.034683,0.013173,0.048678,0.050068,0.062082,0.021618,0.010724,0.051062,0.042631,0.097686,0.012836,0.019815,0.10302,0.026089,0.055938,0.047376,0.048638,0.027832
0.17341,0.17668,0.035752,0.044214,0.081384,0.09662,0.077312,0.089155,0.07822,0.041388,0.026353,0.070524,0.13757,0.089785,0.084615,0.060565,0.085896,0.054321,0.16858,0.056531,0.034768,0.012846,0.047478,0.049722,0.060644,0.021269,0.010874,0.050357,0.0425,0.098318,0.012547,0.020041,0.10162,0.025909,0.055935,0.047482,0.048537,0.027638
0.17195,0.17496,0.036009,0.043538,0.080539,0.095483,0.076635,0.089915,0.078938,0.041756,0.026544,0.069911,0.13637,0.089102,0.083431,0.059088,0.085419,0.053901,0.17105,0.055639,0.034818,0.012523,0.046233,0.049343,0.059184,0.020914,0.011015,0.049959,0.042294,0.09894,0.01225,0.020284,0.10023,0.025758,0.055819,0.047579,0.048317,0.027444
0.17048,0.17327,0.036195,0.042749,0.079674,0.094312,0.075967,0.090645,0.079806,0.042069,0.026709,0.069324,0.13516,0.088371,0.082194,0.058226,0.08495,0.053453,0.17312,0.05477,0.034828,0.012206,0.044948,0.04893,0.058873,0.020552,0.011144,0.049568,0.042012,0.099566,0.01194,0.020531,0.098865,0.02564,0.055603,0.047671,0.047969,0.027252
0.16899,0.1716,0.03631,0.041861,0.078793,0.093106,0.075207,0.091362,0.080807,0.042322,0.02685,0.068762,0.13394,0.087594,0.081486,0.057556,0.084482,0.05298,0.17477,0.053899,0.034795,0.011892,0.043629,0.048485,0.058498,0.020182,0.011257,0.049195,0.041656,0.10021,0.011629,0.020779,0.097499,0.025552,0.055294,0.04776,0.047488,0.027061
0.16746,0.16996,0.036358,0.040881,0.077896,0.091874,0.074364,0.092055,0.081918,0.042512,0.026964,0.068207,0.13272,0.086775,0.080724,0.057746,0.084016,0.052487,0.176,0.053027,0.034717,0.011578,0.042284,0.048009,0.058062,0.01997,0.01135,0.048849,0.041227,0.10087,0.011316,0.021016,0.096153,0.025501,0.054915,0.047851,0.046872,0.02687
0.16593,0.16833,0.036341,0.039814,0.076984,0.090614,0.07345,0.092729,0.083119,0.042635,0.027049,0.06766,0.13149,0.085913,0.079966,0.0581,0.083557,0.051974,0.17678,0.052154,0.034595,0.011267,0.04092,0.047504,0.057568,0.01983,0.011418,0.048532,0.04073,0.10157,0.011003,0.02124,0.094822,0.025485,0.054495,0.04795,0.046592,0.026681
0.16438,0.16671,0.036259,0.039966,0.07606,0.089333,0.072474,0.093387,0.084386,0.042689,0.027107,0.067122,0.13026,0.085012,0.079139,0.058288,0.083102,0.051435,0.17711,0.051308,0.034812,0.010957,0.039546,0.046973,0.057022,0.01969,0.011455,0.048241,0.040359,0.10332,0.010737,0.021442,0.093884,0.025507,0.054052,0.048051,0.046306,0.026493
0.16281,0.16512,0.036116,0.040416,0.075126,0.088033,0.071449,0.094019,0.085716,0.042673,0.027136,0.066594,0.12902,0.084075,0.078247,0.058323,0.082648,0.050871,0.17699,0.050472,0.03541,0.010651,0.038167,0.046417,0.056421,0.019551,0.011454,0.04797,0.040162,0.10522,0.010561,0.021616,0.093236,0.025568,0.053608,0.048151,0.045881,0.026305
0.16123,0.16354,0.035919,0.040827,0.074185,0.086719,0.070383,0.094645,0.087072,0.042585,0.027136,0.066074,0.12778,0.083104,0.077319,0.058197,0.082197,0.050278,0.17643,0.049842,0.036033,0.010423,0.037031,0.045841,0.055767,0.019412,0.011411,0.047711,0.039889,0.10711,0.010382,0.021764,0.092601,0.025663,0.053181,0.048248,0.045322,0.026119
0.15965,0.16197,0.035677,0.041193,0.073242,0.085393,0.069287,0.095243,0.08844,0.042423,0.027109,0.065564,0.12654,0.082101,0.076402,0.057915,0.081753,0.049658,0.17544,0.04928,0.036666,0.010348,0.036835,0.045244,0.055056,0.019274,0.011327,0.047453,0.039542,0.10899,0.010264,0.021879,0.091964,0.025795,0.052786,0.04834,0.044643,0.025934
0.15806,0.16041,0.035387,0.041517,0.072299,0.084065,0.068172,0.095829,0.089805,0.042223,0.027053,0.065062,0.12529,0.081069,0.075433,0.057491,0.08131,0.049015,0.17403,0.048715,0.037683,0.010268,0.036624,0.044629,0.054295,0.019137,0.011201,0.047185,0.039124,0.11089,0.01016,0.021961,0.091324,0.025955,0.05243,0.04843,0.043862,0.02575
0.15647,0.15886,0.035051,0.041795,0.071357,0.08274,0.067046,0.096399,0.091151,0.042291,0.02697,0.064568,0.12404,0.080014,0.074417,0.05693,0.080867,0.048352,0.17221,0.04814,0.038724,0.010187,0.036401,0.043999,0.053493,0.019001,0.011037,0.047079,0.038638,0.11279,0.010056,0.022009,0.090683,0.026137,0.052119,0.048509,0.043001,0.025568
0.15487,0.15733,0.034673,0.042024,0.070419,0.081424,0.065918,0.096944,0.092453,0.0423,0.026858,0.064083,0.12279,0.078936,0.073359,0.056234,0.080431,0.047671,0.17,0.047577,0.039774,0.010106,0.036166,0.043356,0.053827,0.018866,0.010836,0.047659,0.038087,0.1147,0.009952,0.022024,0.090046,0.026339,0.051854,0.048577,0.043034,0.025387
0.15329,0.1558,0.034257,0.04221,0.069477,0.080115,0.064795,0.097482,0.093714,0.04225,0.026722,0.06391,0.12155,0.077838,0.072326,0.055414,0.079997,0.046973,0.16743,0.047194,0.040824,0.010028,0.03592,0.042702,0.054184,0.018732,0.010743,0.048251,0.037474,0.11662,0.0098481,0.022006,0.089419,0.02655,0.051635,0.048644,0.043221,0.025206
0.1517,0.15428,0.033807,0.042354,0.068529,0.078806,0.063684,0.098,0.094918,0.042147,0.026562,0.06392,0.1203,0.076723,0.072313,0.055001,0.079564,0.046264,0.16452,0.046822,0.041862,0.0099547,0.035663,0.04204,0.054467,0.018599,0.010642,0.04884,0.036803,0.11856,0.0097446,0.021956,0.088792,0.026761,0.051461,0.048697,0.043332,0.025028
0.15012,0.15276,0.033327,0.042449,0.067574,0.077498,0.062592,0.098496,0.096051,0.041982,0.026377,0.063929,0.11905,0.075596,0.073613,0.054893,0.079134,0.045548,0.16132,0.046446,0.042881,0.0098881,0.035392,0.041372,0.054681,0.018467,0.010516,0.049413,0.036078,0.12052,0.0096417,0.021878,0.088164,0.026964,0.051338,0.048738,0.043393,0.02485
0.14854,0.15126,0.032822,0.042499,0.066611,0.076192,0.061524,0.098983,0.097108,0.041757,0.026171,0.063962,0.11781,0.074459,0.074853,0.054708,0.078709,0.044836,0.15785,0.046068,0.04387,0.0098298,0.035106,0.0407,0.05483,0.018335,0.010371,0.049955,0.035302,0.1225,0.0095396,0.021771,0.087535,0.02715,0.051267,0.048768,0.043517,0.024673
0.14695,0.14976,0.032296,0.042511,0.065639,0.07489,0.060484,0.099453,0.098083,0.04147,0.025945,0.063986,0.11657,0.073315,0.075991,0.054453,0.078283,0.044129,0.15417,0.045686,0.044825,0.009781,0.034803,0.040027,0.054928,0.018204,0.010215,0.050453,0.034481,0.12449,0.0094385,0.021639,0.086907,0.02731,0.051251,0.048791,0.043637,0.024499
0.14537,0.14826,0.031751,0.042475,0.064658,0.073597,0.059474,0.099903,0.09897,0.041137,0.025698,0.064033,0.11534,0.072167,0.077069,0.054132,0.07786,0.043583,0.15031,0.045302,0.045739,0.0097429,0.034488,0.039355,0.054976,0.018073,0.010055,0.050895,0.033618,0.12648,0.0093387,0.021483,0.086295,0.027436,0.051298,0.048803,0.043723,0.024325
0.14379,0.14677,0.031193,0.042396,0.063671,0.072322,0.058498,0.10033,0.099778,0.040744,0.025433,0.064069,0.11411,0.071017,0.077994,0.053745,0.077442,0.043194,0.14631,0.044916,0.046608,0.0097161,0.034158,0.038684,0.054974,0.017942,0.0098967,0.051272,0.032723,0.12847,0.0092402,0.021305,0.085682,0.027518,0.051417,0.048805,0.044042,0.024152
0.14221,0.14589,0.030624,0.042274,0.062678,0.071072,0.057557,0.10075,0.1005,0.040295,0.025152,0.064124,0.11288,0.069869,0.07879,0.053305,0.077023,0.042801,0.14222,0.044527,0.047429,0.009701,0.033869,0.038016,0.054917,0.01781,0.0097472,0.051574,0.032574,0.13046,0.0091433,0.021106,0.08507,0.027648,0.05193,0.048796,0.044649,0.023982
0.14062,0.14531,0.030051,0.042107,0.061682,0.069833,0.056651,0.10116,0.10113,0.039798,0.024854,0.064168,0.11166,0.068981,0.079442,0.052811,0.076608,0.042412,0.13808,0.044137,0.048202,0.0096979,0.033585,0.037354,0.054803,0.017678,0.0096114,0.051793,0.032377,0.13244,0.0090482,0.020887,0.084459,0.02778,0.053289,0.048777,0.045204,0.023811
0.13904,0.14474,0.029475,0.041885,0.060685,0.068594,0.055781,0.10153,0.10169,0.039254,0.024543,0.064224,0.11044,0.068185,0.079941,0.05226,0.076195,0.042029,0.13393,0.043745,0.048924,0.0097064,0.033292,0.036699,0.054633,0.017544,0.0094928,0.051924,0.032134,0.13439,0.0089549,0.020648,0.083849,0.027861,0.054691,0.048745,0.045707,0.023642
0.13745,0.14417,0.028898,0.041636,0.059689,0.067352,0.054945,0.10189,0.10218,0.03866,0.024218,0.064267,0.10923,0.06738,0.080301,0.05167,0.075782,0.041644,0.12981,0.043371,0.049597,0.0097261,0.03299,0.036051,0.054411,0.017409,0.0093943,0.051963,0.031846,0.1372,0.0088643,0.020387,0.083241,0.02789,0.056118,0.048698,0.04616,0.023475
0.13587,0.1436,0.028322,0.041335,0.058699,0.066108,0.054141,0.10223,0.10262,0.038023,0.023881,0.064315,0.10803,0.066571,0.080515,0.051033,0.075374,0.041254,0.12624,0.042996,0.050221,0.0097562,0.032682,0.036114,0.054146,0.017272,0.0093169,0.051906,0.031515,0.14013,0.0087762,0.020103,0.082647,0.027859,0.057553,0.048634,0.04656,0.023308
0.13429,0.14303,0.027751,0.040985,0.057718,0.064862,0.053367,0.10254,0.103,0.037349,0.023532,0.064343,0.10684,0.06576,0.080594,0.050359,0.074967,0.040855,0.12303,0.042619,0.050799,0.0097959,0.032367,0.036516,0.053838,0.017134,0.0092606,0.051754,0.031143,0.143,0.0086903,0.019794,0.082056,0.027769,0.058987,0.048553,0.046904,0.023142
0.13272,0.14246,0.027214,0.040605,0.056749,0.063613,0.052622,0.10281,0.1033,0.036632,0.023197,0.064376,0.10565,0.06495,0.080557,0.049649,0.07456,0.040442,0.11982,0.042241,0.051333,0.0098441,0.032052,0.036969,0.053492,0.016993,0.0092246,0.051506,0.030732,0.1458,0.0086066,0.019457,0.081466,0.027616,0.0604,0.048458,0.047197,0.022979
0.13115,0.14188,0.027177,0.040189,0.055792,0.062364,0.051902,0.10307,0.10352,0.035881,0.023095,0.064368,0.10448,0.064142,0.080395,0.048903,0.074158,0.040017,0.11663,0.041862,0.051825,0.0098997,0.03174,0.03742,0.05311,0.016851,0.0092073,0.051168,0.030285,0.14851,0.0085251,0.019335,0.080879,0.027399,0.061785,0.048614,0.04744,0.022816
0.12959,0.14131,0.027154,0.039732,0.05485,0.061115,0.051203,0.10329,0.10367,0.035102,0.022982,0.064379,0.10331,0.063342,0.080157,0.048126,0.073755,0.039578,0.1135,0.041482,0.05228,0.0099615,0.031461,0.037846,0.052695,0.016768,0.0092066,0.050745,0.029805,0.15113,0.0084459,0.019651,0.080295,0.027123,0.063119,0.049012,0.04763,0.022653
0.12804,0.14074,0.027148,0.039236,0.053922,0.059867,0.050524,0.10348,0.10373,0.03429,0.022861,0.064335,0.10216,0.06255,0.079808,0.047321,0.073356,0.039124,0.11044,0.041101,0.052698,0.010028,0.031277,0.038236,0.053296,0.016745,0.0092207,0.050244,0.029293,0.15363,0.008369,0.019926,0.079713,0.026794,0.064395,0.049385,0.047773,0.022492
0.12651,0.14016,0.027165,0.038997,0.053003,0.058622,0.049858,0.10365,0.10371,0.033452,0.022731,0.064288,0.10101,0.061767,0.079422,0.046488,0.072958,0.038658,0.10747,0.04072,0.053083,0.010098,0.031116,0.03859,0.054357,0.016722,0.0092478,0.049677,0.028754,0.15602,0.0082944,0.020159,0.079135,0.026415,0.065604,0.049732,0.047867,0.022333
0.12499,0.13959,0.027209,0.038929,0.052093,0.05809,0.049205,0.10377,0.1036,0.032596,0.022594,0.064209,0.099874,0.060996,0.078949,0.045637,0.072562,0.038177,0.10461,0.040338,0.053439,0.01017,0.030964,0.038904,0.055312,0.016698,0.0092867,0.049055,0.028189,0.15827,0.0082936,0.020347,0.078571,0.025994,0.066732,0.050051,0.047912,0.022174
0.1235,0.13901,0.027279,0.038827,0.051624,0.057734,0.048559,0.10387,0.1034,0.031717,0.022451,0.064081,0.098749,0.060241,0.078468,0.044771,0.072168,0.037682,0.10188,0.039957,0.053764,0.010244,0.030817,0.039179,0.056239,0.016674,0.0093365,0.048393,0.0276,0.16038,0.0083282,0.020486,0.07801,0.025539,0.067772,0.050338,0.047914,0.022016
0.12202,0.13843,0.027376,0.038703,0.051341,0.057383,0.047919,0.10393,0.10312,0.030875,0.022303,0.063959,0.097636,0.059502,0.077933,0.043907,0.071777,0.037175,0.09929,0.039588,0.05406,0.010317,0.030671,0.039415,0.057297,0.016649,0.009397,0.047706,0.026992,0.16234,0.0083713,0.020579,0.077453,0.025059,0.068716,0.050593,0.047868,0.021858
0.12056,0.13785,0.027498,0.038556,0.051053,0.057034,0.047281,0.10396,0.10276,0.030505,0.022179,0.06377,0.09653,0.058779,0.0774,0.043062,0.071387,0.036654,0.09685,0.039222,0.054327,0.010389,0.030526,0.039615,0.058271,0.016623,0.0094686,0.047014,0.026367,0.16414,0.0084224,0.020622,0.076899,0.024562,0.069561,0.050816,0.04778,0.021703
0.12108,0.13726,0.027644,0.03838,0.05076,0.056688,0.046641,0.10395,0.10232,0.030434,0.022477,0.063575,0.097685,0.058074,0.076858,0.042235,0.071,0.03612,0.094565,0.038856,0.054566,0.010458,0.030381,0.039779,0.059162,0.016596,0.0095518,0.046334,0.025727,0.16577,0.0084812,0.020621,0.076348,0.024056,0.070333,0.051009,0.047647,0.021549
0.12227,0.13667,0.027812,0.038182,0.05046,0.056344,0.045999,0.10391,0.10181,0.0304,0.022744,0.063333,0.098835,0.057387,0.076303,0.041409,0.070614,0.035575,0.092448,0.03849,0.054777,0.010525,0.030237,0.039908,0.059972,0.016568,0.0096475,0.045685,0.025073,0.16722,0.0085471,0.020574,0.075802,0.023549,0.071306,0.051172,0.04747,0.021395
0.12328,0.13608,0.027996,0.037968,0.050155,0.056004,0.045351,0.10384,0.10125,0.030337,0.02298,0.063067,0.099902,0.056721,0.075798,0.040579,0.070232,0.035016,0.090497,0.038125,0.05496,0.010587,0.030169,0.040005,0.060704,0.016539,0.0097568,0.045085,0.02441,0.16849,0.0086197,0.020488,0.075259,0.023045,0.072179,0.051308,0.047253,0.021242
0.12412,0.13549,0.028192,0.03773,0.049844,0.055667,0.044696,0.10373,0.10064,0.030247,0.023182,0.063124,0.10129,0.056075,0.075298,0.039738,0.069851,0.034447,0.088718,0.03776,0.055117,0.010644,0.030597,0.04007,0.06136,0.016509,0.0098799,0.044553,0.023738,0.16976,0.0086985,0.020363,0.074722,0.022548,0.072949,0.051418,0.04699,0.02109
0.12479,0.1349,0.028395,0.037469,0.049529,0.055331,0.044032,0.10358,0.1,0.030121,0.023349,0.063464,0.10271,0.055449,0.074812,0.038891,0.069473,0.034051,0.087112,0.037395,0.055248,0.010696,0.031013,0.040104,0.061948,0.016477,0.010017,0.044106,0.023059,0.17086,0.0087831,0.020205,0.074197,0.022059,0.073623,0.051504,0.04669,0.02094
0.12527,0.1343,0.028601,0.0372,0.04921,0.055,0.043359,0.1034,0.099337,0.02996,0.02348,0.063772,0.10402,0.054843,0.07439,0.038037,0.069096,0.033943,0.085677,0.037031,0.055355,0.010743,0.031412,0.040112,0.062474,0.016444,0.010169,0.043756,0.022658,0.17169,0.0088729,0.020017,0.073676,0.021579,0.074194,0.051567,0.046346,0.02079
0.12558,0.1337,0.028804,0.036913,0.048887,0.054671,0.042734,0.10319,0.098636,0.029774,0.023575,0.064082,0.10525,0.054259,0.073997,0.037175,0.068722,0.033829,0.084412,0.036668,0.055438,0.010783,0.031791,0.040093,0.062944,0.016409,0.010333,0.043514,0.022371,0.17227,0.0089674,0.019807,0.073158,0.021108,0.074656,0.051611,0.045964,0.020641
0.12572,0.1331,0.028997,0.036607,0.048559,0.054344,0.042908,0.10293,0.097896,0.029566,0.023635,0.064379,0.10637,0.053694,0.073632,0.036306,0.068349,0.033709,0.083313,0.036306,0.055502,0.010816,0.032143,0.040049,0.063368,0.016374,0.01051,0.043389,0.022073,0.17258,0.0090663,0.01958,0.072645,0.020645,0.075002,0.051634,0.045542,0.020492
0.12571,0.13249,0.029178,0.036294,0.048228,0.05402,0.043073,0.10264,0.09723,0.029327,0.023661,0.064657,0.10737,0.05315,0.0733,0.035438,0.067977,0.033583,0.082377,0.035945,0.055542,0.010843,0.032466,0.039984,0.063752,0.016336,0.010696,0.043381,0.021767,0.17264,0.0091689,0.019341,0.072136,0.020187,0.075231,0.051638,0.04508,0.020346
0.12554,0.13189,0.029337,0.035969,0.047893,0.0537,0.04322,0.10232,0.096571,0.029059,0.023653,0.064947,0.10824,0.052625,0.073034,0.034566,0.067607,0.033448,0.081597,0.035585,0.055562,0.010862,0.032758,0.039899,0.064107,0.016297,0.010888,0.043491,0.021451,0.17245,0.0092747,0.019316,0.071631,0.019731,0.075347,0.051623,0.044585,0.0202
0.1252,0.13128,0.029475,0.03563,0.047553,0.053382,0.043345,0.10195,0.095835,0.028767,0.023612,0.06521,0.1091,0.052119,0.072793,0.033692,0.067238,0.033305,0.080966,0.035226,0.055557,0.010875,0.033018,0.039795,0.064442,0.016257,0.011084,0.043713,0.021128,0.172,0.0093831,0.019425,0.07113,0.019273,0.075349,0.051591,0.044051,0.020055
0.12471,0.13067,0.029582,0.035329,0.047211,0.053067,0.043441,0.10154,0.095025,0.028461,0.023541,0.065458,0.11051,0.051631,0.072574,0.032816,0.066869,0.033154,0.080477,0.034872,0.055528,0.010881,0.033247,0.039674,0.064766,0.016215,0.01128,0.044038,0.020799,0.17144,0.0094937,0.019539,0.070633,0.018813,0.075243,0.051544,0.043485,0.019911
0.12407,0.13005,0.029657,0.035104,0.046864,0.052754,0.043501,0.10109,0.094146,0.028132,0.02344,0.065683,0.11181,0.05116,0.072382,0.031939,0.066502,0.032994,0.080122,0.034528,0.055471,0.010881,0.033446,0.039539,0.06509,0.016171,0.011471,0.044452,0.020524,0.17096,0.0096059,0.019659,0.070141,0.018348,0.075031,0.051484,0.042888,0.019965
0.1233,0.12943,0.029696,0.034835,0.046512,0.052445,0.043518,0.1006,0.093199,0.027779,0.023495,0.065887,0.11299,0.050705,0.072238,0.031068,0.066134,0.032823,0.079891,0.034185,0.055388,0.010874,0.033611,0.039391,0.06542,0.016126,0.011654,0.044941,0.020367,0.17035,0.0097191,0.019785,0.06966,0.017875,0.07472,0.051412,0.04226,0.020155
0.12239,0.12882,0.029691,0.034524,0.046157,0.052138,0.043488,0.10006,0.09219,0.027404,0.02379,0.066053,0.11406,0.050265,0.072101,0.030201,0.0659,0.032643,0.079772,0.033844,0.055275,0.010861,0.033739,0.039229,0.065767,0.01608,0.011824,0.045488,0.020205,0.16956,0.0098326,0.019918,0.069183,0.017395,0.074319,0.051333,0.041608,0.020333
0.12133,0.1282,0.029645,0.034336,0.045796,0.051833,0.043404,0.099492,0.091121,0.027016,0.024069,0.066208,0.11502,0.049837,0.071965,0.029338,0.066682,0.032454,0.079755,0.033505,0.055132,0.010842,0.033825,0.039058,0.066139,0.016032,0.011978,0.046075,0.020036,0.16864,0.009946,0.020058,0.068711,0.016907,0.07384,0.051818,0.040931,0.020498
0.12015,0.12757,0.029551,0.034187,0.045432,0.051531,0.043264,0.098867,0.089996,0.026616,0.024331,0.066303,0.11588,0.049421,0.071852,0.028491,0.06745,0.032253,0.079828,0.033167,0.054959,0.010818,0.033871,0.038877,0.066543,0.015984,0.012112,0.046681,0.019864,0.16755,0.010059,0.020204,0.068242,0.016415,0.073284,0.052276,0.040233,0.020654
0.11886,0.12695,0.029407,0.034036,0.045062,0.051232,0.043062,0.098206,0.088818,0.026199,0.024578,0.0664,0.11664,0.049015,0.071747,0.027653,0.068204,0.032041,0.079978,0.032831,0.054758,0.010788,0.033875,0.03869,0.066985,0.015933,0.012222,0.047289,0.019686,0.16634,0.01017,0.020358,0.067778,0.015919,0.072649,0.052707,0.03952,0.020804
0.11744,0.12632,0.029215,0.033876,0.04469,0.050936,0.042797,0.097504,0.087591,0.025766,0.02481,0.066443,0.11729,0.048619,0.071623,0.026835,0.068941,0.031818,0.080195,0.032497,0.05453,0.010755,0.033839,0.0385,0.067471,0.015882,0.012308,0.047882,0.019504,0.16499,0.010279,0.020518,0.067318,0.015478,0.071936,0.053112,0.038793,0.02095
0.1159,0.12569,0.028971,0.033708,0.044313,0.050641,0.042467,0.096752,0.086318,0.025319,0.025026,0.066444,0.11784,0.04823,0.071499,0.026033,0.06966,0.031585,0.080464,0.032164,0.054273,0.010718,0.034157,0.038311,0.068005,0.015829,0.012365,0.048442,0.019319,0.16352,0.010387,0.020687,0.066863,0.01531,0.071147,0.053496,0.038055,0.021087
0.11426,0.12506,0.02868,0.033534,0.043932,0.05035,0.042072,0.095974,0.085061,0.024863,0.025227,0.066434,0.11829,0.047848,0.071371,0.025638,0.070359,0.031341,0.080771,0.031834,0.053984,0.010677,0.034532,0.038132,0.068591,0.015775,0.012393,0.048956,0.01913,0.16196,0.010493,0.020864,0.066411,0.015117,0.070289,0.053862,0.037312,0.021215
0.1125,0.12443,0.028341,0.033347,0.043549,0.050062,0.041612,0.095155,0.083869,0.024402,0.025413,0.066361,0.11865,0.047492,0.071208,0.025501,0.071037,0.031086,0.081108,0.031506,0.053661,0.010633,0.034879,0.037979,0.06923,0.015719,0.01239,0.049408,0.018938,0.16031,0.010595,0.02105,0.065965,0.0149,0.069367,0.054214,0.036568,0.021333
0.11066,0.12379,0.027957,0.033154,0.04316,0.049775,0.041089,0.094294,0.082656,0.02393,0.025585,0.066258,0.11891,0.047243,0.07104,0.025365,0.071691,0.03082,0.081458,0.03118,0.053304,0.010604,0.035197,0.037861,0.069922,0.015662,0.012357,0.04979,0.018742,0.15858,0.010693,0.021246,0.065522,0.01466,0.068388,0.054557,0.035828,0.021441
0.10871,0.12316,0.027533,0.032948,0.04277,0.049491,0.040503,0.093406,0.081426,0.023449,0.025742,0.066131,0.11908,0.046997,0.070844,0.025225,0.07232,0.030543,0.081813,0.030856,0.052915,0.010718,0.035487,0.037762,0.070668,0.015602,0.012297,0.05009,0.018545,0.1568,0.010787,0.021451,0.065084,0.014397,0.067355,0.054893,0.035094,0.021538
0.10718,0.12252,0.027071,0.03274,0.042377,0.04921,0.039857,0.092488,0.080181,0.02296,0.025885,0.065941,0.11915,0.046752,0.070606,0.025084,0.072924,0.030257,0.082162,0.030534,0.052679,0.010826,0.035749,0.037671,0.071466,0.015542,0.012209,0.050302,0.018344,0.15498,0.010875,0.021666,0.064655,0.014117,0.066274,0.055226,0.034371,0.021623
0.10638,0.12188,0.026627,0.032575,0.041979,0.048931,0.039592,0.091536,0.078924,0.022465,0.026015,0.065724,0.11913,0.046506,0.070361,0.024939,0.073503,0.029962,0.082493,0.030215,0.05249,0.010927,0.035981,0.037586,0.072312,0.015479,0.012095,0.05042,0.018143,0.15313,0.010961,0.021892,0.064231,0.013821,0.065159,0.055557,0.033664,0.021697
0.10546,0.12124,0.026198,0.032396,0.04158,0.048655,0.039314,0.090556,0.077661,0.02197,0.02613,0.065481,0.11903,0.046259,0.07006,0.024792,0.074052,0.029657,0.082797,0.029898,0.052264,0.011021,0.036186,0.037505,0.073203,0.015413,0.01196,0.050441,0.017939,0.15128,0.01104,0.022129,0.063812,0.013512,0.064011,0.055886,0.032976,0.021761
0.10444,0.1206,0.025739,0.032128,0.04118,0.048381,0.039033,0.089554,0.076397,0.021753,0.026231,0.065177,0.11885,0.046009,0.069744,0.024643,0.074578,0.029344,0.083067,0.029584,0.052002,0.011108,0.036362,0.037428,0.074135,0.015347,0.011802,0.050364,0.017734,0.14942,0.011113,0.022377,0.063398,0.013194,0.062843,0.056213,0.032312,0.021816
0.10336,0.11996,0.025257,0.031822,0.040775,0.04811,0.038719,0.088533,0.075136,0.021531,0.026319,0.064844,0.11858,0.045757,0.069378,0.024496,0.075074,0.029024,0.083294,0.029272,0.051704,0.011189,0.03651,0.037355,0.075103,0.015278,0.011625,0.050188,0.017527,0.14759,0.011181,0.022653,0.062988,0.01287,0.061669,0.056543,0.031675,0.021862
0.10223,0.11932,0.024756,0.031577,0.040369,0.04784,0.038365,0.0875,0.073885,0.02131,0.026394,0.064491,0.11823,0.045503,0.068983,0.024353,0.075542,0.028697,0.083472,0.028962,0.051372,0.011264,0.036631,0.037283,0.076099,0.015207,0.011429,0.049916,0.01732,0.14578,0.011243,0.022961,0.062834,0.012543,0.060488,0.056877,0.031068,0.021901
0.10106,0.11868,0.024241,0.031326,0.039963,0.047573,0.037974,0.086456,0.072646,0.021085,0.026454,0.064077,0.11782,0.045245,0.068546,0.024212,0.075984,0.028363,0.083596,0.028656,0.051007,0.011334,0.036724,0.037209,0.07712,0.015134,0.011215,0.049553,0.017111,0.14402,0.011298,0.023279,0.063132,0.012215,0.059314,0.057214,0.030495,0.021932
0.099838,0.11803,0.023717,0.031134,0.039554,0.047309,0.037548,0.085406,0.071424,0.020856,0.026502,0.06364,0.11736,0.044983,0.068073,0.024069,0.076394,0.028024,0.083663,0.028352,0.050613,0.0114,0.036791,0.03713,0.078158,0.015059,0.010986,0.049102,0.016902,0.14231,0.011348,0.023607,0.063412,0.012213,0.058146,0.057565,0.029958,0.021956
0.098536,0.11739,0.023192,0.031109,0.039142,0.047047,0.037089,0.084351,0.070223,0.020624,0.026537,0.063181,0.11687,0.044716,0.067562,0.023921,0.076781,0.027677,0.083668,0.02805,0.050191,0.011462,0.036831,0.037044,0.079206,0.014983,0.010743,0.04857,0.016693,0.14067,0.011393,0.023942,0.063672,0.012256,0.056994,0.057921,0.02946,0.021973
0.097158,0.11675,0.02267,0.031257,0.038732,0.046787,0.036601,0.083712,0.069045,0.020388,0.026559,0.062666,0.11633,0.044444,0.06701,0.023772,0.077136,0.027325,0.083608,0.027752,0.049744,0.011522,0.036846,0.036951,0.08026,0.014904,0.010489,0.047966,0.016483,0.1391,0.011433,0.024287,0.063905,0.012273,0.055957,0.058295,0.029003,0.021986
0.09571,0.1161,0.022155,0.031606,0.03832,0.04653,0.036086,0.083544,0.0679,0.02015,0.026568,0.062474,0.11573,0.044166,0.066426,0.023617,0.077464,0.026968,0.083484,0.027456,0.049273,0.011581,0.036836,0.036849,0.081311,0.014823,0.010226,0.047296,0.016274,0.13761,0.011469,0.024635,0.064118,0.012265,0.055001,0.058679,0.028589,0.021992
0.094211,0.11546,0.021654,0.03195,0.037907,0.046274,0.035546,0.08334,0.066788,0.019909,0.026565,0.062338,0.11506,0.043883,0.065794,0.023455,0.077765,0.026604,0.083292,0.027162,0.048781,0.011639,0.036803,0.036738,0.082353,0.014741,0.0099959,0.046569,0.016065,0.1362,0.011499,0.025108,0.064313,0.012232,0.054078,0.059081,0.028252,0.021992
0.092914,0.11482,0.021171,0.032274,0.037492,0.046021,0.034984,0.083111,0.065711,0.019666,0.026549,0.062176,0.11432,0.043595,0.065142,0.023292,0.078035,0.026236,0.083035,0.026872,0.04827,0.011697,0.036746,0.036617,0.08338,0.014657,0.0098511,0.045794,0.015856,0.13489,0.011523,0.025817,0.06448,0.012173,0.053197,0.059501,0.028025,0.021984
0.091828,0.11417,0.0212,0.032561,0.03708,0.04577,0.034402,0.082845,0.064677,0.019421,0.026521,0.062123,0.11365,0.043301,0.064435,0.023124,0.078282,0.025865,0.082713,0.026584,0.047741,0.011757,0.036667,0.036487,0.084388,0.014572,0.0096992,0.045118,0.01565,0.13366,0.011538,0.026524,0.064627,0.01209,0.05236,0.059936,0.027813,0.021967
0.090702,0.11353,0.021251,0.032797,0.036666,0.045521,0.033801,0.082556,0.063687,0.019176,0.026482,0.062186,0.11362,0.043003,0.063718,0.022948,0.078498,0.02549,0.082329,0.0263,0.047194,0.011818,0.036566,0.036346,0.08537,0.014484,0.0095436,0.044807,0.015443,0.13254,0.011548,0.027222,0.064757,0.011987,0.051575,0.060395,0.027617,0.021942
0.089546,0.11289,0.021297,0.032968,0.036251,0.045275,0.033386,0.082231,0.062745,0.018934,0.026432,0.062214,0.11356,0.042698,0.062956,0.02277,0.078687,0.025114,0.081882,0.026018,0.046628,0.011881,0.036445,0.036195,0.08632,0.014396,0.009387,0.044446,0.015238,0.1315,0.011549,0.027905,0.064858,0.011863,0.050845,0.060872,0.027442,0.021909
0.088354,0.11225,0.021338,0.03307,0.035836,0.04503,0.033039,0.081883,0.061853,0.01869,0.026459,0.062199,0.11348,0.042388,0.062169,0.022588,0.078852,0.024744,0.081378,0.025741,0.046045,0.011942,0.036304,0.036034,0.087234,0.014305,0.0092322,0.044044,0.015035,0.13056,0.011545,0.028569,0.06494,0.011721,0.05017,0.061367,0.027288,0.021867
0.087123,0.11161,0.021374,0.033098,0.035424,0.044788,0.032673,0.081501,0.061018,0.018445,0.026485,0.062141,0.11336,0.042073,0.061364,0.022401,0.078989,0.024388,0.080818,0.025469,0.045446,0.012001,0.036144,0.035863,0.088109,0.014213,0.0090812,0.043609,0.014833,0.12971,0.011531,0.029208,0.065004,0.011561,0.049552,0.061883,0.027157,0.021818
0.085855,0.11097,0.021407,0.033439,0.035011,0.044547,0.032287,0.081096,0.060237,0.0182,0.0265,0.062034,0.11321,0.041754,0.060524,0.022208,0.079099,0.024036,0.080207,0.025201,0.044834,0.012058,0.035966,0.035681,0.088937,0.014121,0.0089361,0.043149,0.014633,0.12895,0.011512,0.029819,0.065041,0.011597,0.048992,0.062417,0.027051,0.02176
0.084568,0.11033,0.021435,0.033704,0.034598,0.044309,0.031882,0.080661,0.059518,0.017955,0.026502,0.061877,0.11301,0.04143,0.059684,0.022014,0.079186,0.023681,0.079548,0.024935,0.044212,0.012111,0.035772,0.035489,0.089719,0.014026,0.0087988,0.042672,0.014435,0.12827,0.011485,0.030392,0.065059,0.011748,0.048489,0.062965,0.026968,0.021696
0.083248,0.10969,0.02146,0.03389,0.034184,0.044073,0.031456,0.0802,0.05886,0.01771,0.02649,0.061673,0.11279,0.041102,0.058825,0.021817,0.079248,0.023322,0.078844,0.024672,0.043578,0.012162,0.035561,0.035286,0.090447,0.01393,0.0086705,0.042185,0.014239,0.12767,0.011453,0.030923,0.06506,0.011874,0.04804,0.063532,0.02691,0.021719
0.081901,0.10906,0.021484,0.033988,0.033774,0.043838,0.03101,0.079714,0.058265,0.017465,0.026464,0.061426,0.11252,0.040771,0.057947,0.021614,0.079284,0.022959,0.078101,0.024411,0.042932,0.012209,0.035337,0.035073,0.091123,0.013834,0.0085524,0.041698,0.014046,0.12713,0.011421,0.031407,0.065032,0.011972,0.047643,0.064113,0.026873,0.021738
0.080538,0.10843,0.021507,0.034006,0.033365,0.043606,0.030544,0.079196,0.057732,0.01722,0.026425,0.061139,0.11223,0.040436,0.057084,0.021408,0.079297,0.022754,0.077321,0.024154,0.042274,0.012253,0.035097,0.034849,0.091741,0.013736,0.0084452,0.041215,0.013856,0.12666,0.011388,0.031839,0.064989,0.01204,0.047295,0.064844,0.026912,0.021749
0.079161,0.10779,0.021528,0.033944,0.032956,0.043376,0.030056,0.078663,0.057265,0.016976,0.02637,0.061083,0.1119,0.040096,0.056215,0.021373,0.079287,0.02258,0.076509,0.023899,0.041604,0.012294,0.034845,0.034614,0.0923,0.013637,0.0083493,0.040744,0.013668,0.12624,0.01135,0.032213,0.064926,0.012078,0.046991,0.065593,0.026999,0.021754
0.077774,0.10716,0.021548,0.03381,0.032547,0.043147,0.029548,0.078094,0.056864,0.016733,0.026302,0.06125,0.11154,0.039754,0.055345,0.021528,0.079256,0.022399,0.075669,0.023646,0.040924,0.012331,0.034581,0.034369,0.0928,0.013538,0.0082653,0.040289,0.013483,0.12587,0.011306,0.032526,0.064836,0.012086,0.046726,0.066349,0.027107,0.021751
0.076382,0.10653,0.021565,0.033607,0.03214,0.04292,0.029018,0.077513,0.056529,0.016491,0.026218,0.061362,0.11114,0.039408,0.05449,0.021697,0.079204,0.02221,0.074804,0.023397,0.040235,0.012366,0.034306,0.034113,0.093239,0.013437,0.008193,0.039854,0.013301,0.12552,0.011258,0.032774,0.064732,0.012064,0.046494,0.06711,0.027234,0.021741
0.075,0.1059,0.021579,0.033348,0.031736,0.042696,0.028466,0.076902,0.056259,0.016251,0.02612,0.061422,0.11072,0.03906,0.053659,0.021876,0.079131,0.022013,0.073919,0.02315,0.039539,0.012396,0.034021,0.033847,0.093614,0.013336,0.0081324,0.039443,0.013123,0.1252,0.011203,0.032953,0.064608,0.012014,0.046291,0.067873,0.027377,0.021724
0.074504,0.10527,0.021589,0.033245,0.031333,0.042473,0.027893,0.076269,0.056053,0.016015,0.026008,0.06143,0.11027,0.038709,0.052846,0.022062,0.079038,0.021811,0.073015,0.022906,0.038839,0.012422,0.033726,0.03357,0.093927,0.013234,0.0080828,0.039058,0.012948,0.12491,0.011143,0.033059,0.064459,0.011938,0.046109,0.068635,0.027531,0.0217
0.074035,0.10465,0.021594,0.03332,0.030931,0.042252,0.027298,0.075619,0.055909,0.01578,0.025882,0.061389,0.1098,0.038354,0.052058,0.022258,0.07893,0.021601,0.072099,0.022665,0.038136,0.012443,0.033423,0.033284,0.094176,0.013132,0.0080479,0.0387,0.012776,0.12461,0.011079,0.033091,0.064295,0.011838,0.045944,0.069396,0.027693,0.02169
0.073564,0.10403,0.021595,0.033359,0.03053,0.042032,0.026937,0.074939,0.055826,0.015547,0.025742,0.061302,0.1093,0.037994,0.051301,0.022461,0.078806,0.021788,0.07117,0.022426,0.037435,0.01246,0.033113,0.032987,0.094361,0.013029,0.0080415,0.038369,0.012608,0.12432,0.011013,0.033168,0.064113,0.011715,0.045788,0.070154,0.027859,0.021701
0.07309,0.10341,0.021592,0.033362,0.030164,0.041814,0.026901,0.074251,0.055801,0.015316,0.025589,0.061172,0.10877,0.037629,0.050685,0.022665,0.078669,0.022013,0.070234,0.02219,0.036736,0.012472,0.032797,0.03268,0.094486,0.012925,0.0080453,0.038064,0.01247,0.12401,0.010947,0.033393,0.063905,0.011574,0.045635,0.070908,0.028027,0.021716
0.072613,0.10279,0.021584,0.033331,0.029849,0.041599,0.026851,0.073538,0.055833,0.015086,0.025423,0.061002,0.10823,0.03726,0.051016,0.022874,0.078524,0.022246,0.069292,0.021957,0.036044,0.012478,0.032524,0.032363,0.09455,0.012821,0.0080589,0.037784,0.012407,0.12368,0.010879,0.033546,0.063683,0.011429,0.045478,0.071658,0.028193,0.021735
0.072145,0.10226,0.021572,0.033284,0.029535,0.041385,0.026786,0.072803,0.055917,0.014859,0.025245,0.060792,0.10766,0.036886,0.051309,0.023082,0.078372,0.022486,0.068346,0.021726,0.03536,0.01248,0.032476,0.032037,0.094553,0.012717,0.0080809,0.037526,0.012339,0.12332,0.010806,0.033629,0.063445,0.011318,0.045312,0.072408,0.028353,0.021754
0.071676,0.10188,0.021557,0.033227,0.029222,0.041172,0.026705,0.072061,0.056051,0.014634,0.025055,0.060539,0.10708,0.036507,0.051577,0.023286,0.078215,0.02273,0.067401,0.021499,0.034688,0.012476,0.032425,0.031701,0.0945,0.012613,0.0081102,0.037287,0.012268,0.12293,0.010729,0.033639,0.063183,0.011194,0.045129,0.073152,0.028504,0.021776
0.071204,0.1015,0.021539,0.033179,0.028909,0.040961,0.026734,0.071294,0.056232,0.014411,0.024854,0.060244,0.10649,0.036124,0.051828,0.023488,0.078049,0.022975,0.066468,0.021273,0.03403,0.012468,0.032368,0.031356,0.094391,0.012508,0.0081455,0.037063,0.012192,0.1225,0.010646,0.033579,0.062903,0.01106,0.044929,0.073886,0.028644,0.021797
0.070731,0.10112,0.021518,0.033144,0.028597,0.040752,0.0269,0.070515,0.056459,0.01419,0.024644,0.059906,0.10587,0.035736,0.052054,0.02368,0.077875,0.023218,0.06621,0.021051,0.033388,0.012456,0.032306,0.031003,0.094227,0.012404,0.0081852,0.03685,0.012113,0.12204,0.01056,0.033454,0.062612,0.010918,0.044705,0.074606,0.02877,0.021812
0.070256,0.10075,0.021494,0.033133,0.028285,0.040544,0.027077,0.069724,0.056726,0.013972,0.024423,0.059528,0.10525,0.035344,0.052263,0.023867,0.077689,0.023456,0.065942,0.020831,0.032764,0.012439,0.032241,0.030641,0.094014,0.012298,0.008228,0.036644,0.012031,0.12153,0.010469,0.033263,0.062299,0.010807,0.044454,0.07531,0.028879,0.021823
0.069779,0.10038,0.021467,0.033162,0.027975,0.040338,0.027263,0.068913,0.057028,0.013757,0.024194,0.059109,0.10462,0.03495,0.052477,0.024039,0.07749,0.023684,0.065668,0.020614,0.032162,0.012419,0.032171,0.030271,0.09375,0.012194,0.0082724,0.036439,0.011946,0.12098,0.010374,0.033012,0.061962,0.011032,0.044178,0.075996,0.028971,0.021826
0.069302,0.10001,0.021439,0.033231,0.027665,0.040134,0.027457,0.068096,0.057361,0.013544,0.023958,0.058648,0.10398,0.034553,0.05268,0.024203,0.077276,0.0239,0.065387,0.020399,0.031583,0.012396,0.032098,0.029893,0.093441,0.012089,0.0083174,0.036231,0.011858,0.12112,0.010275,0.032707,0.061622,0.011244,0.043872,0.076659,0.029041,0.021823
0.068823,0.099642,0.021411,0.033347,0.027357,0.039931,0.027658,0.067267,0.057728,0.013334,0.023716,0.058146,0.10334,0.034154,0.052886,0.024348,0.077047,0.024099,0.065102,0.020187,0.031028,0.012371,0.032022,0.029509,0.093086,0.011984,0.0083618,0.036015,0.011767,0.12131,0.010173,0.032354,0.06126,0.011439,0.043532,0.077297,0.029089,0.021812
0.068343,0.09928,0.021421,0.033513,0.027049,0.03973,0.027865,0.06642,0.058118,0.013127,0.023467,0.057603,0.1027,0.033755,0.053105,0.024479,0.076803,0.024281,0.064813,0.019978,0.030502,0.012345,0.031943,0.029117,0.092693,0.011879,0.0084047,0.035787,0.011673,0.12145,0.010069,0.031959,0.060877,0.011615,0.04316,0.077916,0.029111,0.021793
0.06787,0.098919,0.021446,0.033733,0.026743,0.03953,0.028078,0.065573,0.058531,0.012922,0.023214,0.057571,0.10208,0.033355,0.053322,0.024591,0.076543,0.024441,0.064522,0.019771,0.030002,0.012319,0.031862,0.028719,0.092261,0.011774,0.0084456,0.035542,0.011576,0.12153,0.0099621,0.031525,0.060542,0.011771,0.042751,0.078517,0.02911,0.021768
0.067399,0.098557,0.021464,0.034009,0.026437,0.039332,0.028293,0.064714,0.058963,0.01272,0.022956,0.057586,0.10148,0.032956,0.053573,0.024683,0.076269,0.024579,0.064228,0.019567,0.029533,0.012293,0.031778,0.028315,0.091795,0.01167,0.008484,0.035276,0.011476,0.12156,0.0098522,0.03106,0.061108,0.011905,0.042304,0.079095,0.029081,0.021734
0.066927,0.098192,0.021475,0.034334,0.026134,0.039135,0.028512,0.06384,0.059411,0.012522,0.022694,0.057588,0.10089,0.032557,0.053826,0.024756,0.075981,0.024692,0.063934,0.019365,0.029095,0.012266,0.031693,0.027905,0.0913,0.011566,0.0085198,0.034985,0.011374,0.12151,0.0097399,0.030569,0.061615,0.012015,0.041821,0.079649,0.029024,0.021693
0.066454,0.097823,0.021478,0.034706,0.02583,0.038939,0.028732,0.062971,0.059872,0.012326,0.022428,0.057578,0.10031,0.032161,0.054112,0.024807,0.07568,0.024778,0.063639,0.019166,0.028688,0.012238,0.031607,0.027489,0.090778,0.011462,0.0085531,0.034666,0.011269,0.1214,0.0096255,0.030061,0.062056,0.012102,0.041301,0.080167,0.02894,0.021645
0.065981,0.097448,0.021477,0.035117,0.02553,0.038745,0.028953,0.06209,0.060345,0.012133,0.022158,0.057556,0.099749,0.031765,0.054412,0.024834,0.075368,0.024833,0.063344,0.018969,0.028313,0.012209,0.031519,0.027069,0.090231,0.011358,0.0085844,0.034317,0.011162,0.12121,0.0095117,0.029539,0.062441,0.012166,0.040743,0.080651,0.028826,0.021589
0.065508,0.097067,0.021469,0.035567,0.025229,0.038553,0.029174,0.061198,0.060823,0.011943,0.021885,0.057521,0.099199,0.031373,0.054742,0.024839,0.075044,0.024852,0.063048,0.018775,0.027972,0.012178,0.031431,0.026644,0.089666,0.011254,0.0086141,0.033935,0.011053,0.12094,0.0093967,0.02901,0.062753,0.012207,0.040151,0.081098,0.028683,0.021528
0.065034,0.096677,0.021455,0.036042,0.02493,0.038362,0.029393,0.060312,0.061306,0.011788,0.02174,0.057483,0.098653,0.031101,0.055092,0.02482,0.074714,0.024838,0.062754,0.018583,0.027662,0.012147,0.031342,0.026215,0.089083,0.011151,0.0086429,0.033517,0.010942,0.12059,0.0092807,0.028478,0.063229,0.012226,0.03952,0.081503,0.028512,0.021459
0.064561,0.096278,0.021434,0.036533,0.024633,0.038172,0.02961,0.059417,0.061795,0.011699,0.021611,0.057451,0.098102,0.03084,0.055471,0.024775,0.074375,0.024794,0.062461,0.018393,0.027385,0.012115,0.031253,0.025782,0.088487,0.011048,0.0086717,0.033172,0.010829,0.12016,0.009164,0.02795,0.063978,0.012226,0.038855,0.081871,0.02831,0.021383
0.064088,0.095871,0.021408,0.037037,0.024336,0.037983,0.029824,0.058515,0.062282,0.01161,0.021479,0.057408,0.097541,0.030582,0.055871,0.024704,0.07403,0.024723,0.062168,0.018206,0.02714,0.012083,0.031163,0.025345,0.08788,0.010946,0.008701,0.033293,0.010714,0.11965,0.0090469,0.02743,0.064691,0.012207,0.038153,0.082198,0.028081,0.021302
0.063616,0.095452,0.021377,0.037536,0.024042,0.037796,0.030033,0.057618,0.062767,0.011521,0.021346,0.057355,0.096969,0.030327,0.056293,0.024611,0.073679,0.02463,0.061877,0.018021,0.026926,0.01205,0.031073,0.024906,0.087266,0.010844,0.0087317,0.033391,0.010597,0.11905,0.0089297,0.027095,0.065368,0.012173,0.037422,0.082485,0.027823,0.021214
0.06315,0.095026,0.02134,0.038029,0.023749,0.03761,0.030237,0.056718,0.063247,0.011432,0.02121,0.057291,0.096387,0.030076,0.05674,0.024492,0.073319,0.024522,0.061586,0.017839,0.026743,0.012015,0.030983,0.024464,0.086648,0.010743,0.0087644,0.033462,0.010479,0.11836,0.0088139,0.026898,0.066013,0.012126,0.036662,0.08273,0.027537,0.021121
0.062687,0.094588,0.021297,0.038498,0.023458,0.037426,0.030435,0.055813,0.06372,0.011343,0.021072,0.057216,0.095793,0.029828,0.057197,0.024347,0.072952,0.024399,0.061297,0.017659,0.026589,0.01198,0.030893,0.024282,0.08603,0.010642,0.0087997,0.033506,0.010359,0.11761,0.0086993,0.02671,0.066618,0.012069,0.035876,0.082923,0.027225,0.021021
0.062224,0.094143,0.021249,0.038943,0.023168,0.037243,0.030846,0.054911,0.064185,0.011255,0.020933,0.057131,0.09519,0.029583,0.057682,0.024177,0.072578,0.024358,0.061009,0.017481,0.026462,0.011945,0.030803,0.024152,0.085413,0.010541,0.0088379,0.033521,0.010238,0.11676,0.0085854,0.026533,0.067184,0.012004,0.035071,0.083077,0.026885,0.020916
0.061761,0.093687,0.021196,0.039353,0.02288,0.037061,0.031295,0.054012,0.064641,0.011168,0.020791,0.057049,0.094577,0.029341,0.058167,0.023983,0.072202,0.024545,0.060721,0.017306,0.026362,0.01191,0.030713,0.02405,0.084801,0.010441,0.0088792,0.033507,0.010115,0.11583,0.0084723,0.026366,0.067715,0.011935,0.03425,0.08318,0.026522,0.020805
0.061299,0.093224,0.021136,0.039721,0.022594,0.03688,0.031744,0.053111,0.065084,0.011082,0.020647,0.056969,0.093956,0.0291,0.05867,0.023766,0.071835,0.024725,0.060434,0.017133,0.026285,0.011874,0.030624,0.023973,0.084198,0.010341,0.0089235,0.033462,0.0099894,0.11483,0.0083603,0.026209,0.068206,0.011866,0.033417,0.083248,0.026135,0.02069
0.060838,0.092751,0.021073,0.040043,0.022334,0.036701,0.032194,0.052209,0.065512,0.010996,0.020501,0.056879,0.093326,0.028862,0.059176,0.023525,0.07148,0.024868,0.060148,0.016962,0.026231,0.01184,0.030535,0.02392,0.083605,0.010242,0.0089704,0.033387,0.0098619,0.11374,0.0082497,0.026064,0.068657,0.011798,0.032666,0.083282,0.025723,0.020569
0.060378,0.092271,0.021004,0.040315,0.022211,0.036522,0.032643,0.051316,0.065923,0.010912,0.020353,0.05678,0.092688,0.028627,0.059674,0.023261,0.071124,0.024975,0.059861,0.016793,0.026198,0.011806,0.030446,0.02389,0.083024,0.010144,0.0090194,0.033281,0.0097323,0.11257,0.0081406,0.025929,0.069068,0.011735,0.03243,0.083285,0.025292,0.020443
0.059919,0.091783,0.020929,0.040541,0.022088,0.036346,0.033091,0.050426,0.066314,0.010827,0.020202,0.056671,0.092041,0.028394,0.060181,0.023099,0.07076,0.025046,0.059574,0.016627,0.026182,0.011773,0.030358,0.023879,0.082459,0.010046,0.00907,0.033146,0.0096003,0.11168,0.0080345,0.025804,0.069445,0.011679,0.032161,0.083249,0.024841,0.020452
0.059461,0.091288,0.020851,0.040718,0.021965,0.03617,0.033536,0.049537,0.066685,0.010744,0.02005,0.056553,0.091384,0.028164,0.060677,0.023063,0.070389,0.025081,0.059286,0.016462,0.026183,0.011741,0.03027,0.023886,0.081909,0.0099484,0.0091211,0.032982,0.0094748,0.11092,0.0079303,0.02569,0.069785,0.011632,0.031861,0.083166,0.02437,0.020556
0.059005,0.090786,0.020769,0.040856,0.021843,0.035995,0.03398,0.04865,0.067033,0.010661,0.019895,0.056429,0.090714,0.027936,0.061155,0.023012,0.07001,0.025081,0.058997,0.0163,0.026198,0.011711,0.030183,0.023906,0.081379,0.0098512,0.0091715,0.032789,0.0094303,0.11009,0.007828,0.025585,0.070086,0.011596,0.03154,0.083037,0.023885,0.020654
0.058552,0.090278,0.020682,0.040966,0.021721,0.035822,0.034419,0.047774,0.067357,0.010579,0.019739,0.056316,0.090034,0.027712,0.061618,0.022947,0.069623,0.025048,0.058707,0.01614,0.026223,0.011683,0.030097,0.023937,0.080869,0.0097549,0.0092205,0.032569,0.0093887,0.10921,0.0077277,0.025489,0.070349,0.011572,0.031204,0.082852,0.023383,0.020742
0.058105,0.089764,0.020591,0.04104,0.021599,0.03565,0.034855,0.046903,0.067658,0.010497,0.01958,0.056195,0.089341,0.027491,0.062069,0.022866,0.06923,0.024983,0.058413,0.015982,0.026259,0.011656,0.030011,0.023975,0.080379,0.0096589,0.0092666,0.032325,0.0093499,0.10826,0.0076296,0.025401,0.070575,0.01156,0.03086,0.082623,0.022868,0.020821
0.057659,0.089246,0.020498,0.041074,0.021477,0.035478,0.035286,0.046036,0.067932,0.010417,0.019419,0.056064,0.088635,0.027274,0.062491,0.022772,0.068858,0.024889,0.058117,0.015826,0.026301,0.011632,0.029926,0.024016,0.079913,0.0095634,0.0093089,0.032055,0.0093138,0.10725,0.0075865,0.025318,0.070761,0.011561,0.030516,0.082346,0.022341,0.020889
0.057214,0.088721,0.020401,0.041063,0.021356,0.035308,0.035712,0.045175,0.068178,0.010337,0.019256,0.055924,0.087919,0.027061,0.062882,0.022664,0.068801,0.024768,0.057819,0.015672,0.026349,0.011609,0.029841,0.024057,0.079468,0.0095273,0.0093462,0.031763,0.0092802,0.10618,0.0075534,0.025238,0.070909,0.011575,0.030178,0.082023,0.021806,0.020968
0.056771,0.088193,0.0203,0.041002,0.021234,0.03514,0.036131,0.044323,0.068396,0.010258,0.019091,0.055776,0.08719,0.026852,0.063238,0.022543,0.068712,0.024624,0.057516,0.01552,0.026399,0.011589,0.029757,0.024094,0.079047,0.0095349,0.009378,0.03145,0.009249,0.10507,0.0075203,0.025158,0.071017,0.011697,0.029853,0.081661,0.021262,0.021046
0.056329,0.087659,0.020197,0.040888,0.021113,0.034972,0.036545,0.04348,0.068585,0.01018,0.018925,0.055623,0.086449,0.026648,0.063567,0.022409,0.068595,0.024461,0.057209,0.01537,0.02645,0.011571,0.029673,0.024239,0.07865,0.0095387,0.0094032,0.031117,0.0092201,0.10389,0.0074884,0.025078,0.071089,0.01182,0.029547,0.08125,0.020712,0.021114
0.055889,0.087121,0.020092,0.040722,0.020992,0.034805,0.036951,0.042645,0.068745,0.010102,0.018757,0.055481,0.085696,0.026449,0.06386,0.02226,0.068453,0.024283,0.056896,0.015222,0.026499,0.011556,0.02959,0.024501,0.078276,0.0095386,0.0094213,0.030767,0.0091932,0.10267,0.0074566,0.025058,0.071118,0.011935,0.029266,0.080792,0.020157,0.021172
0.055451,0.086579,0.019987,0.040502,0.020871,0.03464,0.03735,0.041818,0.068878,0.010026,0.018589,0.055329,0.084935,0.026255,0.064112,0.022099,0.068282,0.024095,0.056578,0.015076,0.026546,0.011543,0.029507,0.024757,0.077924,0.0095596,0.0094319,0.0304,0.0091683,0.10139,0.007425,0.025133,0.071105,0.012043,0.029016,0.080289,0.0196,0.021219
0.055014,0.086034,0.019898,0.040231,0.02075,0.034476,0.03774,0.040999,0.068983,0.0099506,0.018419,0.05517,0.084164,0.026066,0.064581,0.022058,0.068082,0.023898,0.056254,0.014932,0.026588,0.011533,0.029423,0.025006,0.077596,0.0096336,0.009435,0.030018,0.0091453,0.10007,0.0073936,0.025206,0.07105,0.012143,0.028797,0.07974,0.019042,0.021258
0.054579,0.085483,0.019832,0.039909,0.020629,0.034312,0.038122,0.04019,0.069061,0.0098761,0.018248,0.055001,0.083385,0.025883,0.06503,0.022103,0.067851,0.023691,0.055923,0.01479,0.026623,0.011528,0.02934,0.025243,0.07729,0.0097007,0.0094304,0.029623,0.0091239,0.098708,0.0073628,0.025274,0.070957,0.012234,0.028612,0.079154,0.018946,0.021287
0.054146,0.084931,0.019765,0.039543,0.020509,0.03415,0.038495,0.039394,0.069114,0.0098025,0.018077,0.054825,0.082598,0.025705,0.065431,0.022127,0.067591,0.023472,0.055585,0.01465,0.026651,0.011529,0.029257,0.025464,0.077005,0.0097608,0.0094186,0.029216,0.009104,0.098166,0.0073328,0.025334,0.070821,0.012318,0.028465,0.078538,0.018888,0.021308
0.05372,0.084375,0.019697,0.039134,0.020389,0.033989,0.038859,0.038607,0.069145,0.0097299,0.017905,0.054649,0.081806,0.025532,0.065782,0.022131,0.067305,0.023238,0.055239,0.014511,0.026669,0.011537,0.029173,0.025667,0.07674,0.0098138,0.0093998,0.028799,0.0090854,0.097914,0.0073046,0.025383,0.070641,0.012394,0.028353,0.077893,0.018824,0.021322
0.053296,0.083817,0.019653,0.038689,0.020268,0.033829,0.039212,0.03783,0.069153,0.0096586,0.017733,0.054478,0.081009,0.025365,0.066084,0.022115,0.066999,0.022989,0.054885,0.014374,0.026677,0.011594,0.02909,0.025848,0.076493,0.0098599,0.0093747,0.028373,0.0090682,0.097621,0.0072772,0.025419,0.070428,0.012461,0.028275,0.077217,0.018756,0.021332
0.052874,0.083257,0.019703,0.038214,0.020147,0.03367,0.039556,0.037065,0.069137,0.0095887,0.017562,0.054299,0.080207,0.025203,0.066347,0.022081,0.06667,0.022724,0.055121,0.014239,0.026674,0.011652,0.029005,0.026006,0.076265,0.009899,0.0093438,0.027939,0.009052,0.097278,0.0072507,0.025437,0.070173,0.01252,0.028232,0.076502,0.018682,0.021339
0.052454,0.082696,0.019729,0.037712,0.020028,0.033513,0.039888,0.03631,0.069106,0.0095197,0.01739,0.054111,0.079405,0.025047,0.066565,0.02203,0.06638,0.022443,0.055565,0.014106,0.026658,0.011712,0.02892,0.026138,0.076052,0.0099313,0.009308,0.027499,0.0090368,0.096899,0.007225,0.025437,0.069874,0.012573,0.028217,0.075755,0.018605,0.021347
0.052036,0.082136,0.019731,0.037193,0.019908,0.033356,0.04021,0.035567,0.069052,0.0094671,0.017219,0.053916,0.078599,0.024897,0.066731,0.021961,0.066293,0.022149,0.055965,0.013975,0.02663,0.011772,0.028835,0.026242,0.075854,0.0099567,0.0092685,0.027055,0.0090226,0.096471,0.0072003,0.025417,0.069542,0.012616,0.028227,0.07497,0.018524,0.021372
0.05162,0.081576,0.019711,0.03666,0.019789,0.0332,0.040521,0.034836,0.068984,0.0094426,0.017049,0.053712,0.077794,0.024752,0.066847,0.021876,0.066204,0.021842,0.056317,0.013845,0.026588,0.011832,0.028748,0.026316,0.075668,0.0099754,0.009226,0.026606,0.0090091,0.096006,0.0071766,0.025374,0.069169,0.012652,0.028258,0.074155,0.018437,0.021402
0.051206,0.081018,0.019669,0.036127,0.019669,0.033046,0.040819,0.034119,0.068897,0.0094129,0.01688,0.05351,0.076989,0.024613,0.066914,0.021774,0.066107,0.021522,0.056621,0.013717,0.026534,0.011892,0.02866,0.026359,0.075495,0.009987,0.0091816,0.026155,0.0089962,0.095498,0.0071546,0.025305,0.068754,0.012681,0.028304,0.073314,0.018347,0.021431
0.050794,0.080464,0.019742,0.035712,0.019549,0.032893,0.041107,0.033414,0.068796,0.0093806,0.016712,0.053311,0.076185,0.02448,0.066935,0.021657,0.065998,0.021191,0.056876,0.013591,0.026466,0.011952,0.028571,0.026371,0.075331,0.0099921,0.0091365,0.025703,0.0089838,0.09495,0.0071341,0.025355,0.068309,0.012701,0.02836,0.072448,0.01854,0.021461
0.050385,0.079913,0.019896,0.035338,0.019431,0.03274,0.041382,0.032722,0.068681,0.0093438,0.016544,0.053104,0.075383,0.024352,0.066915,0.021524,0.06588,0.020847,0.05708,0.013467,0.026386,0.012011,0.028481,0.026351,0.075174,0.00999,0.0090913,0.025249,0.0089717,0.094353,0.0071148,0.0255,0.067821,0.012716,0.028419,0.071561,0.018821,0.02149
0.049977,0.079366,0.020041,0.034964,0.019312,0.032589,0.041645,0.032202,0.068551,0.0093032,0.016379,0.05289,0.074585,0.024229,0.066855,0.021376,0.065752,0.020492,0.057233,0.013344,0.026292,0.01207,0.02839,0.026299,0.075026,0.0099813,0.0090473,0.024796,0.0089598,0.093718,0.0070964,0.025608,0.0673,0.012723,0.028476,0.070655,0.019091,0.021516
0.049573,0.078824,0.020177,0.03459,0.019194,0.032439,0.041896,0.031824,0.068407,0.0092597,0.016214,0.052667,0.073793,0.024112,0.066751,0.021214,0.065612,0.020226,0.057335,0.013222,0.026184,0.012128,0.028297,0.026216,0.074881,0.0099657,0.0090049,0.024344,0.008948,0.093178,0.0070791,0.025678,0.066743,0.012724,0.028526,0.069747,0.019349,0.021534
0.049175,0.078286,0.020306,0.034219,0.019075,0.03229,0.042135,0.03144,0.068251,0.0092117,0.016052,0.052436,0.073016,0.023999,0.066604,0.021038,0.065457,0.020008,0.057386,0.013103,0.026061,0.012184,0.028202,0.026103,0.074739,0.0099435,0.0089649,0.023894,0.0089362,0.092792,0.0070628,0.025706,0.066148,0.012718,0.028561,0.069019,0.019594,0.021546
0.048778,0.077753,0.020427,0.033854,0.018957,0.032142,0.042362,0.031056,0.068077,0.0091613,0.015891,0.052201,0.072294,0.023892,0.066412,0.020848,0.065289,0.019781,0.057387,0.012984,0.026107,0.012238,0.028106,0.025961,0.0746,0.009915,0.0089278,0.023446,0.0089242,0.092367,0.0070476,0.025689,0.065525,0.012707,0.028576,0.068275,0.019828,0.021549
0.048384,0.077224,0.020539,0.0335,0.018839,0.031995,0.042576,0.03067,0.06789,0.0091073,0.015732,0.051975,0.071642,0.023789,0.066175,0.020645,0.065106,0.019543,0.057338,0.012868,0.026268,0.012291,0.028008,0.025792,0.07446,0.0098803,0.0088939,0.02347,0.0089121,0.091901,0.0070343,0.025627,0.064863,0.01269,0.028566,0.067514,0.020049,0.021544
0.047992,0.076701,0.020642,0.033159,0.018722,0.031849,0.042778,0.030281,0.067688,0.0090493,0.015633,0.051741,0.071007,0.023691,0.065893,0.020428,0.064908,0.019292,0.057241,0.012753,0.026415,0.012342,0.027908,0.025596,0.07432,0.0098398,0.0088632,0.02374,0.0088999,0.091394,0.007022,0.025518,0.064177,0.012669,0.028529,0.066737,0.020256,0.021531
0.047603,0.076182,0.020739,0.032833,0.018605,0.031705,0.042968,0.029887,0.067468,0.0089896,0.015574,0.0515,0.070379,0.023598,0.065576,0.020198,0.064696,0.019028,0.057096,0.012639,0.026549,0.01239,0.027807,0.025375,0.074176,0.0097941,0.0088359,0.023991,0.0088873,0.090847,0.0070105,0.025364,0.063455,0.012643,0.028457,0.065942,0.020451,0.02151
0.047216,0.075668,0.020828,0.032529,0.018489,0.031561,0.043145,0.029744,0.067236,0.0089262,0.015514,0.051251,0.069754,0.023509,0.065224,0.019955,0.064471,0.018752,0.056904,0.012527,0.026669,0.012436,0.027703,0.025131,0.074031,0.009744,0.0088117,0.024222,0.0088742,0.09026,0.0069997,0.025164,0.062707,0.012613,0.02835,0.065133,0.020632,0.021483
0.046831,0.075159,0.020909,0.032246,0.018372,0.031418,0.043311,0.029606,0.066988,0.0088592,0.015453,0.050994,0.06913,0.023424,0.064832,0.0197,0.064233,0.018463,0.056668,0.012416,0.026773,0.01248,0.027597,0.024866,0.073879,0.0096901,0.0087902,0.024434,0.0088605,0.089635,0.0069897,0.024919,0.061965,0.012578,0.028586,0.064314,0.020799,0.021449
0.046448,0.074656,0.020982,0.031991,0.018256,0.031276,0.043465,0.029465,0.066723,0.0087907,0.01539,0.050735,0.068506,0.023343,0.064401,0.019433,0.063984,0.018165,0.056388,0.012307,0.026862,0.012521,0.027489,0.024583,0.073722,0.0096337,0.0087712,0.024626,0.0088461,0.088974,0.0069811,0.024818,0.061413,0.01254,0.028914,0.063485,0.020954,0.02141
0.046068,0.074157,0.021048,0.031761,0.01814,0.031135,0.043607,0.029326,0.066444,0.0087189,0.015327,0.050483,0.067883,0.023266,0.063934,0.019153,0.063724,0.017861,0.056068,0.012199,0.026935,0.012561,0.027379,0.024743,0.073558,0.0095756,0.0087538,0.024799,0.0088309,0.088281,0.0069734,0.024684,0.060819,0.012498,0.029211,0.062651,0.021095,0.021367
0.04569,0.073724,0.021107,0.031563,0.018025,0.030995,0.043738,0.029185,0.066146,0.0086438,0.015262,0.050223,0.067262,0.023194,0.06344,0.01886,0.063454,0.017558,0.055708,0.012093,0.026992,0.0126,0.027267,0.024954,0.073385,0.009516,0.0087375,0.024953,0.0088151,0.087561,0.0069662,0.02451,0.060185,0.012452,0.02947,0.061813,0.021222,0.021321
0.045316,0.07345,0.02116,0.031393,0.01791,0.030856,0.043858,0.029043,0.065834,0.0085669,0.015197,0.049956,0.066644,0.023124,0.062923,0.018558,0.063177,0.017253,0.05531,0.011988,0.027033,0.01264,0.027153,0.025152,0.073205,0.0094538,0.0087215,0.025088,0.0087986,0.086811,0.0069595,0.024299,0.059522,0.012403,0.029688,0.060971,0.021336,0.021271
0.044947,0.073172,0.021206,0.031252,0.017796,0.030717,0.043967,0.028901,0.065502,0.008509,0.01513,0.049682,0.066028,0.023059,0.062376,0.018244,0.062894,0.017024,0.054878,0.011884,0.027058,0.012679,0.027036,0.025337,0.073014,0.0093884,0.0087053,0.025205,0.008781,0.086033,0.0069531,0.024056,0.058822,0.012351,0.029863,0.060129,0.021437,0.021216
0.04458,0.072892,0.021246,0.031143,0.017681,0.03058,0.044065,0.028756,0.065152,0.0084535,0.015064,0.049417,0.065416,0.022997,0.061801,0.017948,0.062611,0.016855,0.054413,0.011782,0.027066,0.012715,0.026918,0.025511,0.072814,0.0093199,0.0086879,0.025303,0.0087624,0.085237,0.0069481,0.023783,0.058089,0.012296,0.029989,0.059291,0.021523,0.021157
0.044215,0.072609,0.021278,0.031063,0.017568,0.030443,0.044153,0.028613,0.064783,0.0083977,0.014996,0.049147,0.064807,0.022938,0.061201,0.01796,0.06237,0.016677,0.053917,0.011681,0.027057,0.012748,0.026798,0.025673,0.072603,0.0092482,0.0086688,0.025383,0.0087426,0.084414,0.0069433,0.023483,0.057382,0.012237,0.030065,0.058456,0.021598,0.021094
0.043853,0.072323,0.021304,0.03101,0.017454,0.030307,0.044231,0.028468,0.064392,0.0083401,0.014929,0.048878,0.064202,0.022882,0.060591,0.017967,0.062163,0.01649,0.053394,0.011581,0.027031,0.012776,0.026675,0.025826,0.07238,0.0092121,0.0086473,0.025445,0.008722,0.083565,0.0069386,0.023162,0.056636,0.012175,0.030091,0.057629,0.021659,0.021026
0.043493,0.072035,0.021322,0.030987,0.017341,0.030171,0.0443,0.02832,0.063982,0.0082806,0.014861,0.048618,0.063601,0.022829,0.059962,0.01797,0.061946,0.016296,0.0536,0.011483,0.026988,0.012801,0.026551,0.02597,0.072146,0.0092239,0.008623,0.025489,0.0087003,0.082693,0.0069338,0.022822,0.05585,0.01211,0.030064,0.056812,0.021706,0.021154
0.043136,0.071746,0.021334,0.030986,0.017228,0.030037,0.044359,0.028174,0.063551,0.0082194,0.014792,0.048376,0.063003,0.022779,0.059314,0.017969,0.061716,0.016093,0.053831,0.011386,0.026927,0.012821,0.026424,0.026106,0.071901,0.0092313,0.0085953,0.025514,0.0086772,0.081797,0.0069297,0.022469,0.055018,0.012041,0.029982,0.056009,0.021741,0.021451
0.042781,0.071454,0.021338,0.031008,0.017116,0.029903,0.044408,0.028026,0.063099,0.0081565,0.014724,0.048142,0.062409,0.022732,0.058647,0.017962,0.061474,0.015883,0.054009,0.01129,0.026847,0.012838,0.026295,0.026235,0.071644,0.0092342,0.0085639,0.025521,0.0086529,0.080874,0.0069258,0.022105,0.054156,0.01197,0.029847,0.055223,0.021764,0.021739
0.042429,0.071159,0.021334,0.031051,0.017005,0.02977,0.044448,0.027877,0.062626,0.0080933,0.014655,0.047909,0.061817,0.022687,0.057977,0.01795,0.061222,0.015743,0.054137,0.011195,0.026749,0.012851,0.026164,0.026358,0.071374,0.0092325,0.0085284,0.025509,0.0086272,0.079923,0.0069216,0.021733,0.053253,0.011895,0.029661,0.054456,0.021773,0.022017
0.042079,0.070862,0.021324,0.031111,0.016894,0.029637,0.044479,0.027725,0.062136,0.0080334,0.014585,0.047671,0.061229,0.022645,0.057297,0.017934,0.060963,0.015623,0.054216,0.011101,0.026632,0.01286,0.026031,0.026476,0.071092,0.0092264,0.0084885,0.025477,0.0086006,0.078945,0.0069171,0.021357,0.052319,0.01182,0.029422,0.05371,0.021771,0.022283
0.041731,0.070565,0.021306,0.031185,0.016783,0.029506,0.0445,0.027575,0.061627,0.0079915,0.014516,0.047441,0.060643,0.022605,0.056604,0.017911,0.060699,0.015501,0.054249,0.011009,0.026496,0.012865,0.025895,0.026589,0.070799,0.0092159,0.0084443,0.025427,0.0085724,0.077939,0.0069121,0.021055,0.051389,0.011919,0.029133,0.052985,0.021757,0.022537
0.041386,0.070266,0.021281,0.03127,0.016673,0.029374,0.044511,0.027423,0.0611,0.0079504,0.014446,0.047203,0.06006,0.022567,0.055901,0.017914,0.060431,0.015376,0.054238,0.010918,0.02634,0.012865,0.025758,0.026699,0.070492,0.009201,0.0083957,0.025357,0.0085427,0.076907,0.0069078,0.020798,0.050476,0.012045,0.028795,0.052285,0.02173,0.022804
0.041046,0.069964,0.02125,0.031364,0.016562,0.029244,0.044513,0.02727,0.06056,0.0079102,0.014377,0.046957,0.059478,0.022531,0.055203,0.017968,0.060187,0.015315,0.054186,0.010828,0.026167,0.01286,0.025618,0.026806,0.070175,0.0091816,0.0083427,0.025267,0.0085117,0.075848,0.0069028,0.020538,0.050191,0.012186,0.028412,0.051609,0.021692,0.023112
0.040708,0.069661,0.021213,0.031462,0.016453,0.029114,0.044505,0.027115,0.060006,0.0078708,0.014307,0.046719,0.058898,0.022496,0.054495,0.018017,0.059972,0.015268,0.054096,0.010739,0.025975,0.012849,0.025475,0.02691,0.069846,0.0091579,0.0082855,0.025159,0.0084795,0.074765,0.006897,0.020277,0.05004,0.012341,0.027987,0.050958,0.021644,0.02341
0.040374,0.069521,0.021171,0.031561,0.016344,0.028985,0.044487,0.026959,0.059441,0.0078322,0.014237,0.046476,0.058319,0.022463,0.053778,0.018063,0.059758,0.015213,0.053969,0.010652,0.025765,0.012832,0.025331,0.027014,0.069506,0.00913,0.0082243,0.025031,0.0084457,0.073661,0.0068905,0.020016,0.049887,0.012507,0.027524,0.050332,0.021584,0.023697
0.040041,0.069476,0.021122,0.03166,0.016236,0.028857,0.04446,0.026804,0.058864,0.0077944,0.014167,0.046254,0.057743,0.022432,0.053071,0.018107,0.059539,0.015153,0.05381,0.010565,0.025834,0.01281,0.025185,0.027117,0.069156,0.0090978,0.0081598,0.024885,0.0084103,0.072535,0.0068833,0.019757,0.049727,0.012683,0.027026,0.049733,0.021514,0.023974
0.039711,0.069429,0.021067,0.031755,0.016128,0.028729,0.044424,0.026647,0.058275,0.0077573,0.014098,0.04614,0.057168,0.022401,0.052354,0.018146,0.059313,0.015086,0.05362,0.01048,0.025966,0.012782,0.025036,0.027221,0.068795,0.0090614,0.0080922,0.024723,0.0083737,0.072,0.0068761,0.019501,0.049563,0.012866,0.026497,0.049161,0.021433,0.024239
0.039384,0.069378,0.021006,0.031844,0.016021,0.028602,0.044379,0.02649,0.057674,0.007721,0.014028,0.046017,0.056595,0.022373,0.051816,0.01818,0.059076,0.015013,0.053404,0.010395,0.026086,0.012747,0.024886,0.027324,0.068425,0.0090209,0.0080218,0.024543,0.0083355,0.071593,0.0068679,0.019247,0.049397,0.013056,0.02594,0.048614,0.021343,0.024491
0.039059,0.069323,0.02094,0.031924,0.015914,0.028475,0.044325,0.02633,0.057059,0.0076855,0.013958,0.045885,0.056025,0.022345,0.051369,0.018211,0.058828,0.014933,0.053163,0.010312,0.026193,0.012706,0.024733,0.027429,0.068046,0.0089766,0.0079494,0.024349,0.0082957,0.071169,0.0068584,0.018997,0.049225,0.013249,0.025362,0.048093,0.021243,0.024731
0.038736,0.069263,0.020869,0.031994,0.015807,0.028349,0.044263,0.02617,0.056429,0.0076509,0.013887,0.045753,0.055458,0.022319,0.050917,0.018237,0.058565,0.014846,0.0529,0.01023,0.026288,0.012658,0.024579,0.027535,0.067658,0.0089285,0.0078753,0.024143,0.0082546,0.070727,0.0068478,0.01875,0.049053,0.013444,0.024764,0.047599,0.021133,0.024957
0.038416,0.069197,0.020791,0.032051,0.015701,0.028224,0.044192,0.026009,0.055788,0.007617,0.013817,0.045621,0.054893,0.022293,0.05048,0.018258,0.058289,0.014754,0.052618,0.010148,0.02637,0.012605,0.024422,0.027643,0.067263,0.0088766,0.0078002,0.023924,0.008212,0.070267,0.0068363,0.018507,0.048875,0.013638,0.024153,0.047128,0.021015,0.025169
0.038099,0.069126,0.020708,0.032093,0.015596,0.028099,0.044114,0.025849,0.055133,0.0075838,0.013747,0.04548,0.054332,0.022269,0.050037,0.018278,0.057999,0.014656,0.05232,0.010068,0.026439,0.01257,0.024264,0.027752,0.066862,0.0088213,0.0077245,0.023697,0.0081678,0.069791,0.0068244,0.018266,0.048695,0.01383,0.023907,0.04668,0.020889,0.025368
0.037784,0.069048,0.020619,0.032121,0.015491,0.027975,0.044027,0.025688,0.054465,0.0075513,0.013676,0.045331,0.053773,0.022245,0.049612,0.018293,0.057696,0.014553,0.052008,0.0099889,0.026496,0.012539,0.024104,0.027864,0.066454,0.0087628,0.0076488,0.023464,0.0081221,0.069304,0.006811,0.018026,0.048511,0.014017,0.023643,0.046256,0.020753,0.025554
0.037471,0.068964,0.020526,0.032132,0.015386,0.027852,0.043933,0.025526,0.053789,0.0075194,0.013606,0.045173,0.053218,0.022223,0.049182,0.018303,0.05738,0.014447,0.051684,0.0099107,0.026539,0.012502,0.023942,0.027978,0.06604,0.0087014,0.007592,0.023226,0.0080751,0.06881,0.006796,0.017788,0.048321,0.014197,0.023357,0.045853,0.02061,0.025727
0.037161,0.068872,0.020428,0.032126,0.015283,0.027729,0.043831,0.025363,0.053102,0.0074882,0.013535,0.045006,0.052667,0.0222,0.048771,0.018309,0.057051,0.014336,0.05135,0.0098334,0.026569,0.012459,0.023778,0.028094,0.065623,0.0086373,0.0075662,0.022986,0.0080264,0.068317,0.0067795,0.017552,0.048131,0.014368,0.023054,0.045469,0.02046,0.025886
0.036854,0.068775,0.020325,0.032103,0.01518,0.027606,0.04372,0.025198,0.052406,0.0074576,0.013464,0.044832,0.052119,0.022179,0.048357,0.01831,0.05671,0.014222,0.051008,0.009757,0.026586,0.01241,0.023613,0.028213,0.065203,0.0085711,0.0075405,0.022748,0.0079764,0.067831,0.0067625,0.017317,0.047936,0.01453,0.022734,0.045103,0.020303,0.026031
0.036551,0.068669,0.020218,0.032063,0.015077,0.027484,0.043602,0.025033,0.052141,0.0074277,0.013393,0.044666,0.051573,0.022158,0.047961,0.018306,0.056359,0.014104,0.05066,0.0096817,0.02659,0.012356,0.023447,0.028334,0.064779,0.0085034,0.0075153,0.022513,0.007925,0.067348,0.0067441,0.017083,0.047735,0.014681,0.022398,0.044752,0.020139,0.026163
0.03625,0.068556,0.020105,0.032006,0.014975,0.027363,0.043475,0.024869,0.052092,0.0073983,0.013322,0.044493,0.051032,0.022138,0.047564,0.0183,0.055995,0.013982,0.050308,0.0096072,0.026579,0.012297,0.023279,0.028456,0.064354,0.0084345,0.007491,0.022283,0.0078718,0.066862,0.006724,0.016851,0.047531,0.014818,0.022051,0.044417,0.019968,0.026282
0.035951,0.068437,0.019989,0.03193,0.014873,0.027243,0.043339,0.024705,0.052032,0.0073695,0.01325,0.044311,0.050493,0.022118,0.047186,0.01829,0.055621,0.013856,0.049953,0.0095336,0.026553,0.012231,0.023109,0.02858,0.063928,0.0083645,0.0074682,0.022061,0.0078177,0.066362,0.0067021,0.01662,0.047326,0.01494,0.021693,0.044093,0.019791,0.026387
0.035655,0.06831,0.019868,0.031836,0.014775,0.027122,0.043194,0.02454,0.051961,0.0073413,0.013178,0.044122,0.049957,0.022098,0.046808,0.018274,0.055235,0.013725,0.049597,0.009461,0.026512,0.01216,0.022938,0.028706,0.063502,0.0082934,0.0074471,0.021883,0.0077619,0.065848,0.0066965,0.016392,0.047115,0.015048,0.021351,0.043778,0.01961,0.026479
0.035362,0.068175,0.019745,0.03172,0.014708,0.027003,0.04304,0.024374,0.051878,0.0073137,0.013106,0.043925,0.049425,0.02208,0.046445,0.018254,0.054838,0.013592,0.049241,0.0093892,0.026455,0.012083,0.022766,0.028832,0.063076,0.0082463,0.0074282,0.021749,0.0077047,0.065318,0.006724,0.016168,0.046898,0.015139,0.021121,0.04347,0.019423,0.026559
0.03507,0.068033,0.019622,0.031582,0.014641,0.026884,0.042878,0.024208,0.051782,0.0072902,0.013033,0.04372,0.048895,0.022061,0.046085,0.018229,0.054429,0.013455,0.048887,0.0093183,0.026383,0.012,0.022593,0.028959,0.062653,0.0082223,0.0074117,0.021626,0.0076463,0.064771,0.006751,0.015947,0.046681,0.015214,0.020883,0.043167,0.019231,0.026626
0.034781,0.067883,0.019499,0.031424,0.014575,0.026942,0.042706,0.024041,0.051674,0.007323,0.01296,0.043508,0.048369,0.022043,0.045736,0.018201,0.054008,0.013315,0.048535,0.0092483,0.026295,0.011912,0.022418,0.029086,0.062231,0.0081966,0.0073978,0.021515,0.0075863,0.064208,0.0067782,0.015733,0.046461,0.01527,0.02069,0.042866,0.019034,0.026683
0.034495,0.067726,0.019378,0.031244,0.01451,0.027087,0.042525,0.023873,0.051553,0.0073548,0.012887,0.043297,0.047845,0.022026,0.045391,0.018169,0.053578,0.013172,0.048188,0.0091791,0.026192,0.011819,0.022242,0.029213,0.061812,0.0081687,0.0073865,0.021418,0.0075252,0.063628,0.0068058,0.015526,0.046235,0.015309,0.020644,0.042567,0.018833,0.026727
0.03421,0.067562,0.01926,0.031041,0.014444,0.027228,0.042335,0.023705,0.051422,0.0073858,0.012814,0.043087,0.047325,0.022008,0.045054,0.018133,0.053136,0.013027,0.047845,0.0091108,0.026073,0.011721,0.022064,0.029338,0.061396,0.0081394,0.0073782,0.021335,0.0074627,0.063032,0.0068331,0.015327,0.046005,0.015328,0.020595,0.042267,0.01863,0.02676
0.033928,0.06739,0.019141,0.030817,0.014379,0.027366,0.042136,0.023539,0.051278,0.0074159,0.012739,0.04287,0.046809,0.021991,0.044721,0.018092,0.052683,0.01288,0.047508,0.0090433,0.025938,0.011617,0.021886,0.029462,0.060986,0.008108,0.0073726,0.021266,0.0073989,0.062422,0.0068602,0.015138,0.045774,0.015329,0.020543,0.041964,0.018422,0.026782
0.033649,0.067211,0.019022,0.030572,0.014315,0.027507,0.041928,0.023372,0.051121,0.007445,0.012665,0.042646,0.046296,0.021974,0.044394,0.018046,0.052221,0.012731,0.047178,0.0089766,0.02579,0.011508,0.021706,0.029583,0.06058,0.0080752,0.0073698,0.02121,0.007334,0.061798,0.0068868,0.014958,0.045541,0.015311,0.020493,0.041655,0.018211,0.026793
0.033371,0.067025,0.0189,0.030308,0.01425,0.027676,0.041712,0.023205,0.05095,0.0074733,0.01259,0.042416,0.045786,0.021958,0.044068,0.017996,0.05175,0.012579,0.046856,0.0089107,0.025987,0.011476,0.021524,0.029702,0.06018,0.0080404,0.0073698,0.021166,0.0072678,0.061161,0.0069125,0.01479,0.045302,0.015275,0.020441,0.04134,0.017998,0.026795
0.033097,0.066832,0.018775,0.030025,0.014186,0.027841,0.041488,0.023038,0.05077,0.0075006,0.012515,0.042179,0.04528,0.021941,0.043749,0.017944,0.051271,0.012427,0.046542,0.0088456,0.026176,0.011468,0.021342,0.029818,0.059787,0.0080041,0.0073723,0.021134,0.0072004,0.060513,0.0069381,0.014633,0.045059,0.01522,0.020387,0.041018,0.017781,0.026787
0.032824,0.066632,0.018646,0.029725,0.014123,0.028004,0.041255,0.02287,0.050577,0.007527,0.012439,0.041936,0.044777,0.021925,0.043426,0.017887,0.050816,0.012273,0.046236,0.0087812,0.026354,0.011458,0.021159,0.02993,0.059401,0.0079661,0.0073771,0.021111,0.0071319,0.059854,0.0069628,0.014488,0.044818,0.015148,0.020328,0.040687,0.017563,0.026771
0.032555,0.066425,0.018515,0.029407,0.014059,0.028163,0.041014,0.022701,0.050371,0.0075529,0.012364,0.041687,0.044279,0.021909,0.043112,0.017826,0.050601,0.012117,0.04594,0.0087176,0.026522,0.011444,0.020974,0.030037,0.059023,0.0079264,0.0073842,0.021095,0.0070621,0.059185,0.0069866,0.014355,0.044572,0.01506,0.020264,0.040345,0.017344,0.026748
0.032288,0.066212,0.01838,0.029073,0.013996,0.028319,0.040766,0.022533,0.050155,0.0075782,0.012287,0.041437,0.043783,0.021893,0.042791,0.01776,0.05038,0.011961,0.045653,0.0086548,0.026679,0.011427,0.020788,0.030141,0.058653,0.0078854,0.0073931,0.021084,0.0069915,0.058508,0.0070096,0.014234,0.044322,0.014957,0.020195,0.040151,0.017124,0.026717
0.032024,0.065992,0.018243,0.028726,0.013934,0.028472,0.04051,0.022365,0.049927,0.0076027,0.012211,0.04119,0.043292,0.021877,0.042479,0.017691,0.05015,0.011804,0.045376,0.0085928,0.026825,0.011407,0.020602,0.030238,0.058292,0.0078426,0.0074038,0.021076,0.0069196,0.057823,0.0070322,0.014123,0.044069,0.01484,0.020121,0.039965,0.016902,0.026679
0.031762,0.065766,0.018104,0.028367,0.013872,0.028622,0.040248,0.022198,0.049686,0.0076262,0.012184,0.040938,0.042805,0.021861,0.042158,0.017619,0.04991,0.011647,0.045109,0.0085314,0.02696,0.011384,0.020414,0.03033,0.05794,0.0077986,0.007416,0.021069,0.0068468,0.057131,0.0070537,0.014021,0.043817,0.01471,0.020042,0.039768,0.016679,0.026724
0.031502,0.065534,0.017962,0.027999,0.01381,0.028768,0.039979,0.022031,0.049436,0.0076487,0.012155,0.040785,0.042321,0.021846,0.041843,0.017543,0.04966,0.011489,0.044853,0.0084708,0.027084,0.011359,0.020226,0.030416,0.057599,0.0077531,0.0074294,0.02106,0.006773,0.056433,0.0070741,0.013929,0.04356,0.014604,0.019959,0.039561,0.016456,0.026762
0.031244,0.065296,0.017818,0.027623,0.013748,0.028912,0.039704,0.021864,0.049175,0.0076704,0.012125,0.040719,0.041841,0.02183,0.041521,0.017462,0.049398,0.011331,0.044607,0.0084109,0.027196,0.011332,0.020036,0.030494,0.057267,0.0077062,0.0074436,0.021047,0.006698,0.055729,0.0070938,0.013843,0.043299,0.014664,0.01987,0.039344,0.016407,0.026793
0.030989,0.065053,0.017672,0.027241,0.013687,0.029052,0.039423,0.021697,0.048902,0.0076911,0.012093,0.04065,0.041366,0.021815,0.041199,0.017379,0.049126,0.011174,0.044371,0.0083517,0.027296,0.011302,0.019846,0.030564,0.056946,0.0076581,0.0074586,0.021029,0.0066224,0.05502,0.0071127,0.013763,0.043038,0.014715,0.019778,0.039116,0.016599,0.026817
0.030736,0.064803,0.017653,0.026856,0.013626,0.02919,0.039136,0.02153,0.048621,0.0077108,0.012059,0.040583,0.040896,0.0218,0.040873,0.017293,0.048842,0.011018,0.044146,0.0082931,0.027384,0.01127,0.019654,0.030627,0.056636,0.0076138,0.007474,0.021003,0.0065458,0.054306,0.0071304,0.013687,0.042775,0.014756,0.019679,0.038876,0.016783,0.026834
0.030485,0.064549,0.017669,0.026469,0.013566,0.029324,0.038845,0.021362,0.04833,0.0077296,0.012025,0.040806,0.040429,0.021784,0.040543,0.017203,0.048547,0.010863,0.04393,0.0082353,0.02746,0.011236,0.019462,0.03068,0.056337,0.0075999,0.0074894,0.020969,0.0064683,0.053734,0.0071505,0.013612,0.042509,0.014789,0.019578,0.038624,0.01696,0.026843
0.030236,0.064289,0.017681,0.026081,0.013505,0.029456,0.038548,0.021195,0.048026,0.0077475,0.011988,0.041014,0.039966,0.021769,0.04021,0.01711,0.048242,0.010709,0.043725,0.0081781,0.027523,0.011201,0.019269,0.030725,0.05605,0.0075857,0.0075047,0.020925,0.0063901,0.053287,0.0071704,0.013538,0.042239,0.014814,0.019471,0.038359,0.017131,0.026846
0.029989,0.064023,0.017689,0.025692,0.013445,0.029584,0.038248,0.021028,0.047717,0.0077644,0.011951,0.0412,0.039509,0.021754,0.039872,0.017014,0.047927,0.010557,0.043529,0.0081216,0.027575,0.011165,0.019074,0.030759,0.055774,0.007571,0.0075195,0.020871,0.0063109,0.052839,0.0071896,0.013461,0.041971,0.014831,0.01936,0.03808,0.017293,0.026842
0.029745,0.063753,0.017691,0.025303,0.013386,0.029709,0.037943,0.020861,0.047397,0.0077808,0.011912,0.041365,0.039056,0.021739,0.03953,0.016916,0.047654,0.010407,0.043342,0.0080658,0.027614,0.011131,0.018879,0.030784,0.05551,0.0075559,0.0075336,0.020806,0.0062312,0.052387,0.0072079,0.013382,0.0417,0.01484,0.019245,0.037789,0.017448,0.026831
0.029502,0.063477,0.017691,0.024915,0.013327,0.029831,0.037635,0.020696,0.047066,0.0077967,0.011872,0.04151,0.038608,0.021724,0.039184,0.016814,0.04742,0.010259,0.043205,0.0080106,0.027641,0.011099,0.018684,0.030798,0.055258,0.0075404,0.0075466,0.020729,0.0061507,0.05193,0.0072248,0.013298,0.041425,0.014841,0.019125,0.037482,0.017596,0.026814
0.029262,0.063197,0.017686,0.024529,0.013268,0.02995,0.037323,0.020532,0.046731,0.0078116,0.01183,0.041637,0.038164,0.021708,0.038833,0.016709,0.047186,0.010115,0.043248,0.007956,0.027655,0.011071,0.018487,0.030802,0.055018,0.0075248,0.0075583,0.020642,0.0060695,0.051467,0.0072405,0.013209,0.041151,0.014835,0.019001,0.037162,0.017735,0.026792
0.029024,0.062913,0.017676,0.024147,0.013209,0.030066,0.037007,0.020367,0.046385,0.0078255,0.011787,0.041747,0.037725,0.021693,0.038641,0.016603,0.046948,0.0099977,0.043302,0.007902,0.027658,0.011044,0.01829,0.030794,0.05479,0.0075087,0.0075687,0.020545,0.0059878,0.050996,0.0072547,0.013112,0.040875,0.014822,0.018874,0.036829,0.017867,0.026763
0.028788,0.062623,0.017662,0.023768,0.013151,0.030178,0.036699,0.020202,0.046031,0.0078384,0.011742,0.041837,0.037291,0.021677,0.038477,0.016493,0.046709,0.010065,0.043369,0.0078487,0.027648,0.011016,0.018092,0.030774,0.054573,0.0074921,0.0075772,0.020439,0.0059053,0.050518,0.0072675,0.013008,0.040596,0.014804,0.018741,0.036485,0.01799,0.026731
0.028554,0.06233,0.017644,0.023397,0.013093,0.030287,0.036587,0.020038,0.045671,0.0078503,0.011697,0.041909,0.036862,0.02166,0.038306,0.016381,0.046469,0.010133,0.043446,0.0077959,0.027627,0.010991,0.017894,0.030743,0.054369,0.0074751,0.0075839,0.020324,0.0058225,0.050034,0.0072793,0.012895,0.040317,0.014781,0.018606,0.036127,0.018107,0.026695
0.028323,0.062032,0.017622,0.023031,0.013036,0.030391,0.036574,0.019874,0.045301,0.0078613,0.01165,0.041962,0.036437,0.021643,0.038132,0.016268,0.046226,0.010201,0.043535,0.0077438,0.027595,0.011022,0.017695,0.030699,0.054176,0.007458,0.0075885,0.020202,0.0057391,0.049545,0.0072903,0.012773,0.040037,0.014755,0.018466,0.035757,0.018216,0.026655
0.028093,0.06173,0.017595,0.022673,0.012979,0.030493,0.036608,0.01971,0.045005,0.0078713,0.011602,0.041997,0.036018,0.021625,0.037957,0.016151,0.045983,0.010269,0.043633,0.0076923,0.027552,0.011051,0.017496,0.030644,0.053994,0.0074406,0.0075911,0.020074,0.0056552,0.049049,0.0072998,0.012643,0.039755,0.014727,0.018322,0.035373,0.018317,0.026611
0.027867,0.061425,0.017565,0.022604,0.012922,0.030591,0.036629,0.019546,0.044885,0.0078802,0.011552,0.042014,0.035604,0.021607,0.037775,0.016032,0.045738,0.010337,0.043741,0.0076413,0.027497,0.011076,0.017296,0.030578,0.053823,0.0074227,0.0075914,0.019942,0.0055709,0.048546,0.0073079,0.012504,0.039471,0.014698,0.018175,0.034976,0.01841,0.026563
0.027642,0.061115,0.01753,0.022544,0.012866,0.030684,0.036638,0.019383,0.044759,0.0078882,0.011502,0.042013,0.035197,0.021588,0.037584,0.015913,0.045491,0.010404,0.043858,0.0075909,0.027433,0.011099,0.017096,0.030501,0.053664,0.0074044,0.0075892,0.019808,0.0055742,0.048038,0.0073145,0.012357,0.039188,0.014668,0.018023,0.034566,0.018496,0.026511
0.027419,0.060803,0.017491,0.022479,0.01281,0.030774,0.036634,0.019221,0.044626,0.0078952,0.011451,0.042159,0.034795,0.021569,0.037386,0.01579,0.045244,0.010471,0.043982,0.007541,0.027359,0.011118,0.016896,0.030413,0.053515,0.0073857,0.0075846,0.019671,0.0055993,0.047528,0.0073196,0.012202,0.038902,0.014634,0.017869,0.034143,0.018574,0.026456
0.027198,0.060486,0.017449,0.022409,0.012754,0.030861,0.036617,0.01906,0.044489,0.0079018,0.011398,0.042347,0.0344,0.021548,0.037188,0.015665,0.044995,0.010538,0.044113,0.0074918,0.027275,0.011136,0.016695,0.030314,0.053376,0.0073669,0.0075774,0.019535,0.0056242,0.047013,0.0073233,0.01204,0.038613,0.014599,0.017711,0.033709,0.018646,0.026397
0.02698,0.060167,0.017402,0.022333,0.012698,0.030943,0.036588,0.0189,0.044345,0.0079077,0.011345,0.042517,0.034012,0.021527,0.036981,0.01554,0.044746,0.010603,0.044251,0.007443,0.027181,0.011151,0.016494,0.030204,0.053248,0.0073478,0.0075677,0.019399,0.0056488,0.046494,0.0073255,0.011871,0.038326,0.014561,0.017548,0.03327,0.01871,0.026335
0.026763,0.059843,0.017352,0.022255,0.012643,0.031021,0.036547,0.01874,0.044196,0.0079125,0.011291,0.04267,0.03363,0.021506,0.036765,0.015413,0.044495,0.010668,0.044393,0.0073948,0.027078,0.011164,0.01638,0.030082,0.05313,0.0073282,0.0075554,0.019266,0.0056731,0.045973,0.0073269,0.011698,0.038038,0.014522,0.017385,0.032839,0.018768,0.026268
0.026548,0.059517,0.017297,0.022176,0.012588,0.031096,0.036493,0.01858,0.044041,0.0079163,0.011236,0.042808,0.033254,0.021484,0.036539,0.015283,0.044244,0.010732,0.044538,0.0073472,0.026965,0.011175,0.016291,0.029948,0.05302,0.0073082,0.0075404,0.019135,0.0056972,0.045499,0.0073272,0.011519,0.037747,0.014485,0.017217,0.032397,0.018818,0.026196
0.026335,0.059188,0.01724,0.022094,0.012534,0.031166,0.036427,0.018421,0.04388,0.0079191,0.01118,0.042931,0.032883,0.021461,0.036314,0.015152,0.043991,0.010796,0.044686,0.0073,0.026843,0.011184,0.016202,0.029804,0.05292,0.0072881,0.0075228,0.019008,0.0057209,0.045083,0.0073259,0.011337,0.037454,0.014452,0.017047,0.031944,0.018862,0.02612
0.026124,0.058856,0.017178,0.022011,0.012479,0.031233,0.03635,0.018262,0.043714,0.0079209,0.011124,0.043042,0.032518,0.021437,0.036078,0.015021,0.043738,0.010858,0.044836,0.0072534,0.026711,0.011191,0.016111,0.029648,0.052828,0.0072676,0.0075025,0.018885,0.0057444,0.044669,0.0073232,0.011153,0.037163,0.014421,0.016875,0.031482,0.018899,0.026039
0.025916,0.058521,0.017114,0.021928,0.012425,0.031296,0.03626,0.018104,0.043541,0.0079216,0.011067,0.043136,0.032158,0.021412,0.035833,0.014887,0.043485,0.010919,0.044985,0.0072073,0.026569,0.011195,0.016019,0.029481,0.052744,0.0072469,0.0074796,0.018766,0.0057675,0.044253,0.007319,0.010968,0.03687,0.014389,0.0167,0.031013,0.01893,0.025953
0.025708,0.058184,0.017046,0.021846,0.012372,0.031355,0.036159,0.017946,0.043365,0.0079213,0.011009,0.043215,0.031802,0.021386,0.035578,0.014752,0.043232,0.010978,0.045134,0.0071617,0.026419,0.011198,0.015926,0.029303,0.052667,0.0072257,0.0074539,0.01865,0.0057903,0.043834,0.0073133,0.010782,0.036576,0.014353,0.016524,0.030535,0.018956,0.025864
0.025503,0.057844,0.016975,0.021763,0.012318,0.031411,0.036046,0.017789,0.043181,0.00792,0.01095,0.043278,0.031451,0.02136,0.035323,0.014617,0.042978,0.011037,0.04528,0.0071166,0.026259,0.011199,0.015832,0.029115,0.052597,0.0072042,0.0074256,0.018538,0.0058128,0.043412,0.0073061,0.010598,0.036279,0.014314,0.016346,0.03005,0.018975,0.02577
0.0253,0.057502,0.016901,0.021682,0.012265,0.031463,0.035923,0.017633,0.042994,0.0079177,0.010891,0.043325,0.031105,0.021333,0.035058,0.01448,0.042725,0.011094,0.045422,0.007072,0.026091,0.011197,0.015737,0.028917,0.052535,0.0071826,0.0073946,0.018429,0.0058349,0.042988,0.0072978,0.010415,0.035985,0.014366,0.016166,0.029562,0.018989,0.025673
0.025099,0.057157,0.016823,0.021602,0.012212,0.031511,0.035788,0.017478,0.0428,0.0079145,0.010832,0.043357,0.030763,0.021305,0.034783,0.014342,0.042473,0.011149,0.045558,0.0070278,0.025914,0.011194,0.015641,0.028708,0.052478,0.0071607,0.0073607,0.018323,0.0058567,0.042566,0.0072888,0.010235,0.03569,0.014475,0.015985,0.029067,0.018996,0.025573
0.024899,0.05681,0.016743,0.021523,0.01216,0.031557,0.035643,0.017324,0.042603,0.007911,0.010772,0.043378,0.030426,0.021277,0.0345,0.014203,0.042222,0.011203,0.045689,0.0069841,0.02573,0.011195,0.015543,0.028558,0.052426,0.0071384,0.0073239,0.018218,0.0058781,0.042143,0.0072783,0.010058,0.035393,0.014576,0.015802,0.028571,0.018999,0.02547
0.024701,0.056461,0.016659,0.021446,0.012108,0.031599,0.035487,0.01717,0.042399,0.0079064,0.010712,0.043384,0.030093,0.021248,0.034215,0.014065,0.041973,0.011255,0.045811,0.0069409,0.025538,0.011206,0.015445,0.028489,0.05238,0.0071157,0.0072843,0.018114,0.005899,0.041717,0.0072664,0.0098864,0.035095,0.014669,0.015656,0.02807,0.018998,0.025365
0.024505,0.05611,0.016573,0.02137,0.012056,0.031637,0.035321,0.017017,0.042193,0.0079009,0.010651,0.043375,0.029764,0.021218,0.033921,0.013925,0.041725,0.011305,0.045925,0.0068982,0.02534,0.011214,0.015345,0.028409,0.052337,0.0070929,0.007242,0.01801,0.0059196,0.04129,0.0072531,0.0097192,0.034799,0.014754,0.015524,0.02757,0.018991,0.025255
0.024311,0.055757,0.016482,0.021296,0.012004,0.031673,0.035145,0.016865,0.04198,0.0078943,0.01059,0.043352,0.029439,0.021187,0.033617,0.013785,0.041479,0.011354,0.046027,0.0068559,0.025137,0.011221,0.015245,0.028318,0.052358,0.0070699,0.0071971,0.017906,0.0059399,0.040861,0.0072384,0.0095571,0.034502,0.014833,0.015391,0.027071,0.01898,0.025142
0.024119,0.055402,0.01639,0.021223,0.011953,0.031706,0.03496,0.016713,0.041765,0.0078866,0.010529,0.043316,0.029119,0.021155,0.033308,0.013643,0.041235,0.0114,0.046119,0.0068141,0.024927,0.011224,0.015143,0.028217,0.052438,0.0070465,0.0071496,0.017799,0.0059597,0.040434,0.0072228,0.0094007,0.034203,0.014904,0.015326,0.026572,0.018964,0.025071
0.023928,0.055045,0.016294,0.02115,0.011902,0.031736,0.034766,0.016562,0.041544,0.0078779,0.010467,0.043267,0.028803,0.021153,0.032996,0.013503,0.040991,0.011444,0.046197,0.0067727,0.024712,0.011226,0.015041,0.028104,0.052524,0.0070229,0.0070995,0.01769,0.005979,0.040007,0.0072063,0.0092504,0.033907,0.014968,0.015438,0.026077,0.018944,0.025035
0.02374,0.054687,0.016209,0.021079,0.011851,0.031763,0.034563,0.016412,0.041321,0.0078682,0.010405,0.043206,0.028491,0.021171,0.032676,0.013362,0.040748,0.011487,0.046262,0.0067317,0.024581,0.011227,0.014938,0.02798,0.052616,0.0069989,0.0070467,0.017577,0.005998,0.039578,0.0071886,0.0091061,0.03361,0.015025,0.015549,0.025606,0.018921,0.024996
0.023553,0.054327,0.016145,0.021008,0.0118,0.031788,0.034352,0.016263,0.041093,0.0078574,0.010343,0.043134,0.028184,0.021188,0.032347,0.01322,0.040505,0.011527,0.046312,0.0066912,0.024536,0.011226,0.014833,0.027846,0.052712,0.0069749,0.0070147,0.017461,0.0060166,0.039149,0.0071695,0.0089842,0.033315,0.015077,0.01566,0.025163,0.018894,0.024956
0.023367,0.053966,0.016075,0.020938,0.01175,0.031809,0.034133,0.016165,0.040863,0.0078457,0.010281,0.043047,0.027945,0.021203,0.032014,0.013078,0.040263,0.011565,0.046346,0.0066511,0.024486,0.011226,0.014728,0.027701,0.052814,0.0069505,0.0069963,0.01734,0.0060347,0.038718,0.00715,0.0088711,0.03302,0.015123,0.015769,0.024732,0.018864,0.024912
0.023184,0.053603,0.016002,0.020868,0.0117,0.031828,0.033907,0.016205,0.040629,0.0078329,0.010218,0.042946,0.027801,0.021217,0.031679,0.012937,0.040021,0.011601,0.046363,0.0066114,0.024432,0.011225,0.014621,0.027546,0.05292,0.0069259,0.0069757,0.017215,0.0060524,0.038288,0.0071302,0.0087613,0.032728,0.015163,0.015876,0.024316,0.018831,0.024867
0.023002,0.053239,0.015925,0.020797,0.01165,0.031845,0.033673,0.016244,0.040392,0.00782,0.010156,0.042829,0.027658,0.021229,0.031337,0.012795,0.039778,0.011634,0.046363,0.0065722,0.024373,0.011223,0.014514,0.02738,0.05303,0.0069009,0.0069528,0.017085,0.0060696,0.03786,0.0071109,0.0086556,0.032441,0.015197,0.015979,0.023916,0.018795,0.02482
0.022822,0.052874,0.015845,0.020726,0.011601,0.031858,0.033432,0.016283,0.040152,0.0078061,0.010093,0.0427,0.027516,0.02124,0.030988,0.012654,0.039536,0.011665,0.046344,0.0065333,0.024311,0.01122,0.014405,0.027204,0.053143,0.0068759,0.0069279,0.01695,0.0060864,0.037431,0.0070906,0.0085537,0.032371,0.015225,0.016078,0.023532,0.018756,0.02477
0.022644,0.052508,0.01576,0.020655,0.011552,0.031869,0.033185,0.01632,0.039909,0.0077911,0.010031,0.04256,0.027376,0.021249,0.030636,0.012513,0.039294,0.011694,0.046306,0.0064949,0.024275,0.011215,0.014296,0.027018,0.053259,0.0068506,0.006901,0.016811,0.0061028,0.037001,0.0070694,0.0084555,0.032317,0.015247,0.016173,0.023498,0.018714,0.024717
0.022468,0.05214,0.015672,0.020584,0.011503,0.031876,0.032931,0.016356,0.039666,0.0077751,0.0099681,0.042403,0.027236,0.021257,0.030283,0.012372,0.039052,0.011721,0.046249,0.0064568,0.02426,0.011209,0.014186,0.026901,0.053377,0.0068251,0.0068721,0.016668,0.0061187,0.036571,0.0070476,0.0083613,0.032262,0.015264,0.016263,0.023489,0.018671,0.024661
0.022293,0.051771,0.015581,0.020639,0.011455,0.03188,0.032671,0.016391,0.03942,0.0077581,0.0099057,0.042227,0.027098,0.021264,0.029924,0.012232,0.038809,0.011745,0.046237,0.0064191,0.024246,0.011202,0.014074,0.026958,0.053497,0.0067993,0.0068413,0.016522,0.0061341,0.036141,0.0070246,0.0082711,0.032206,0.015277,0.016347,0.02347,0.018625,0.024602
0.02212,0.051402,0.015486,0.02069,0.011406,0.031881,0.032406,0.016425,0.039172,0.0077401,0.0098436,0.042044,0.02696,0.02127,0.029561,0.012092,0.038567,0.011767,0.046498,0.0063818,0.024235,0.011193,0.013962,0.02701,0.053619,0.0067734,0.0068085,0.016372,0.0061491,0.035714,0.0070003,0.0081848,0.032149,0.015288,0.016424,0.023443,0.018578,0.02454
0.021948,0.051032,0.015388,0.020736,0.011358,0.031879,0.032135,0.016458,0.038922,0.0077211,0.0097815,0.041845,0.026823,0.021273,0.029194,0.011952,0.038325,0.011786,0.046744,0.0063449,0.024223,0.011182,0.013849,0.027056,0.053741,0.0067473,0.0067736,0.01622,0.0061637,0.035287,0.0069749,0.0081021,0.032089,0.015298,0.016496,0.023411,0.018529,0.024476
0.021779,0.050661,0.015288,0.020775,0.01131,0.031873,0.031859,0.01649,0.038673,0.0077011,0.0097198,0.041629,0.026688,0.021276,0.028829,0.011813,0.038082,0.011803,0.046973,0.0063084,0.024207,0.011169,0.013735,0.027097,0.053864,0.0067208,0.0067367,0.016066,0.0061779,0.03486,0.0069493,0.0080228,0.032028,0.015314,0.01656,0.023374,0.018478,0.024408
0.02161,0.05029,0.015184,0.020809,0.011263,0.031863,0.031578,0.01652,0.038423,0.0076801,0.0096582,0.041402,0.026553,0.021278,0.02846,0.011675,0.03784,0.011817,0.047184,0.0062723,0.024188,0.011154,0.01362,0.027134,0.053987,0.0066943,0.006698,0.015911,0.0061917,0.034433,0.0069225,0.0079467,0.031965,0.015332,0.016616,0.023334,0.018427,0.024337
0.021444,0.049918,0.015078,0.020836,0.011216,0.031851,0.031293,0.016549,0.038172,0.0076585,0.0095971,0.041165,0.02642,0.021278,0.028089,0.011538,0.037598,0.011829,0.047377,0.0062365,0.024165,0.011137,0.013504,0.027166,0.05411,0.0066677,0.0066573,0.015757,0.0062049,0.034035,0.0068947,0.0078738,0.0319,0.015349,0.016663,0.023293,0.018374,0.024264
0.021279,0.049545,0.014969,0.020854,0.011169,0.031834,0.031133,0.016576,0.037922,0.0076365,0.0095363,0.040914,0.026288,0.021277,0.027714,0.011401,0.037356,0.011839,0.04755,0.006201,0.024138,0.011118,0.013388,0.027193,0.054232,0.0066407,0.0066147,0.015603,0.0062178,0.033749,0.0068657,0.0078039,0.031833,0.015362,0.016702,0.023253,0.018321,0.024189
0.021115,0.049172,0.014857,0.020865,0.011122,0.031815,0.030972,0.016602,0.037673,0.0076134,0.0094759,0.040647,0.026156,0.021276,0.027343,0.011265,0.037114,0.011846,0.047704,0.0061659,0.024107,0.011098,0.013271,0.027215,0.054354,0.0066136,0.0065701,0.015451,0.0062301,0.033458,0.0068357,0.0077365,0.031764,0.01537,0.016732,0.023216,0.018267,0.024111
0.020953,0.048799,0.014745,0.020868,0.011075,0.031792,0.03081,0.016627,0.037425,0.0075894,0.0094159,0.040375,0.026026,0.021273,0.026971,0.01113,0.036873,0.011851,0.047838,0.0061312,0.024073,0.011076,0.013153,0.027233,0.054474,0.0065865,0.0065238,0.0153,0.006242,0.033165,0.0068053,0.0076713,0.031694,0.015373,0.016752,0.023181,0.018212,0.024032
0.020793,0.048426,0.01463,0.020861,0.011029,0.031766,0.030647,0.01665,0.037179,0.0075644,0.0093564,0.040088,0.025896,0.021268,0.026597,0.010996,0.036631,0.011853,0.047951,0.0060968,0.024034,0.011052,0.013034,0.027247,0.054592,0.0065591,0.0064759,0.015153,0.0062534,0.032868,0.0067742,0.007608,0.031624,0.015372,0.016762,0.023152,0.018157,0.023951
0.020634,0.048051,0.014513,0.020845,0.010983,0.031737,0.030483,0.016671,0.036933,0.0075385,0.0092974,0.039786,0.025767,0.021263,0.026223,0.010863,0.03639,0.011853,0.048044,0.0060628,0.023991,0.011026,0.012915,0.027256,0.054708,0.0065315,0.0064265,0.015008,0.0062644,0.032569,0.0067421,0.0075466,0.031553,0.015365,0.016762,0.023128,0.018102,0.023867
0.020476,0.047678,0.014394,0.020821,0.010938,0.031705,0.030318,0.016691,0.036687,0.0075116,0.0092388,0.039478,0.025639,0.021255,0.025849,0.010732,0.036149,0.011851,0.048115,0.0060291,0.023942,0.010999,0.012823,0.027261,0.054822,0.0065039,0.0063756,0.014867,0.0062749,0.032266,0.006709,0.007487,0.03148,0.015353,0.016752,0.023111,0.018047,0.02378
0.02032,0.047304,0.014273,0.020787,0.010892,0.03167,0.030153,0.01671,0.036442,0.0074838,0.0091809,0.039156,0.025562,0.021247,0.025479,0.010601,0.035908,0.011846,0.048165,0.0059957,0.023887,0.010971,0.012756,0.027262,0.054933,0.0064761,0.0063234,0.014729,0.0062849,0.031962,0.0066749,0.0074285,0.031406,0.015336,0.016731,0.023102,0.017991,0.023691
0.020166,0.046929,0.014152,0.020743,0.010847,0.031633,0.029987,0.016727,0.036197,0.0074551,0.0091234,0.038819,0.025503,0.021237,0.025111,0.010471,0.035668,0.011839,0.048193,0.0059627,0.023827,0.010941,0.012686,0.027259,0.055041,0.0064482,0.0062698,0.014595,0.0062944,0.031654,0.0066408,0.007371,0.03133,0.015314,0.0167,0.023102,0.017936,0.0236
0.020013,0.046569,0.014028,0.020691,0.010802,0.031594,0.02982,0.016742,0.03595,0.0074259,0.0090666,0.038478,0.025441,0.021225,0.024743,0.010343,0.035427,0.011829,0.048199,0.00593,0.02376,0.010909,0.012611,0.027252,0.055146,0.0064202,0.006215,0.014531,0.0063035,0.031345,0.0066059,0.0073143,0.031253,0.015287,0.016658,0.023109,0.017882,0.023507
0.019861,0.046491,0.013903,0.02063,0.010758,0.031556,0.029653,0.016756,0.035702,0.0073962,0.0090105,0.038121,0.025377,0.021211,0.024377,0.010216,0.035187,0.011817,0.048184,0.0058975,0.023688,0.010877,0.012531,0.027242,0.055248,0.006392,0.0061679,0.014483,0.0063122,0.031032,0.0065701,0.0072583,0.031174,0.015255,0.016606,0.023127,0.017828,0.023413
0.019711,0.046541,0.013777,0.020559,0.010713,0.031517,0.029486,0.016768,0.035454,0.0073656,0.0089549,0.037755,0.025311,0.021195,0.024013,0.01009,0.034948,0.011803,0.048148,0.0058655,0.02361,0.010842,0.012448,0.027228,0.055346,0.0063638,0.0061356,0.014439,0.0063204,0.030765,0.0065337,0.0072029,0.031094,0.015216,0.016544,0.023154,0.017774,0.023316
0.019562,0.046575,0.013649,0.020481,0.010669,0.031477,0.029318,0.016779,0.035203,0.0073341,0.0089002,0.03738,0.025244,0.021178,0.023651,0.0099655,0.034708,0.011798,0.04809,0.0058337,0.023526,0.010807,0.012361,0.027212,0.05544,0.0063354,0.0061024,0.014399,0.0063283,0.030705,0.0064971,0.0071475,0.031012,0.015173,0.016472,0.02319,0.017721,0.023218
0.019415,0.046595,0.013521,0.020395,0.010625,0.031434,0.029149,0.016789,0.034953,0.0073018,0.008846,0.03699,0.025174,0.021159,0.023294,0.0098424,0.034469,0.011798,0.04801,0.0058022,0.023437,0.01077,0.01227,0.027193,0.055529,0.0063069,0.0060684,0.014363,0.0063357,0.030645,0.0064597,0.0070921,0.030929,0.015124,0.016391,0.023235,0.017669,0.023118
0.019269,0.046601,0.013391,0.0203,0.010582,0.031389,0.02898,0.016796,0.0347,0.0072685,0.0087927,0.036599,0.025102,0.021138,0.022942,0.0097207,0.034231,0.011796,0.047909,0.0057711,0.023342,0.010733,0.012174,0.027172,0.055615,0.0062783,0.0060337,0.014331,0.0063427,0.030585,0.0064223,0.0070367,0.030845,0.01507,0.016299,0.02329,0.017617,0.023015
0.019125,0.046593,0.013261,0.0202,0.010538,0.031342,0.02881,0.016802,0.034447,0.0072344,0.00874,0.036274,0.025029,0.021115,0.022593,0.0096004,0.033992,0.011791,0.047787,0.0057402,0.023242,0.010694,0.012074,0.027149,0.055696,0.0062496,0.0059983,0.014302,0.0063492,0.030524,0.0063843,0.0069812,0.030761,0.015197,0.016198,0.023352,0.017566,0.022911
0.018981,0.046572,0.01313,0.020091,0.010495,0.031291,0.02864,0.016806,0.034192,0.0071995,0.0086882,0.036055,0.024954,0.02109,0.022248,0.0094815,0.033754,0.011784,0.047643,0.0057096,0.023137,0.010655,0.011971,0.027123,0.055773,0.0062208,0.0059625,0.014275,0.0063553,0.030463,0.0063464,0.0069252,0.030677,0.015442,0.016087,0.023423,0.017516,0.022806
0.01884,0.046538,0.012998,0.019977,0.010452,0.031239,0.02847,0.016809,0.033937,0.0071641,0.0086371,0.035833,0.024877,0.021062,0.021907,0.009364,0.033516,0.011781,0.047478,0.0056793,0.023028,0.010615,0.011863,0.027094,0.055844,0.006192,0.0059262,0.01425,0.0063609,0.0304,0.0063077,0.0068686,0.030591,0.01568,0.016077,0.023501,0.017467,0.0227
0.018699,0.046492,0.012866,0.019857,0.01041,0.031184,0.028298,0.01681,0.03368,0.0071284,0.0085868,0.035601,0.024798,0.021033,0.021571,0.0092479,0.033279,0.011779,0.047293,0.0056493,0.022915,0.010574,0.011753,0.027062,0.055911,0.006163,0.0058896,0.014225,0.006366,0.030338,0.0062686,0.0068115,0.030504,0.01591,0.016068,0.023586,0.01742,0.022592
0.01856,0.046433,0.012734,0.019733,0.010367,0.031127,0.028127,0.016809,0.033423,0.0070918,0.0085373,0.035367,0.024718,0.021001,0.021239,0.0091337,0.033042,0.011774,0.047086,0.0056196,0.022798,0.010533,0.011638,0.027028,0.055972,0.0061339,0.005853,0.014201,0.0063707,0.030276,0.0062294,0.0067539,0.030416,0.016133,0.016051,0.023676,0.017373,0.022484
0.018422,0.046364,0.012601,0.019605,0.010325,0.031068,0.027954,0.016806,0.033164,0.0070544,0.0084888,0.035122,0.024636,0.020967,0.020913,0.009021,0.032805,0.0118,0.046859,0.0055902,0.022678,0.01049,0.011521,0.026991,0.056028,0.0061048,0.0058164,0.014175,0.006375,0.030213,0.0061896,0.0066955,0.030327,0.016348,0.016027,0.023771,0.017328,0.022375
0.018286,0.046283,0.012469,0.019475,0.010283,0.031006,0.027781,0.016802,0.032905,0.0070162,0.0084409,0.034877,0.024553,0.02093,0.020592,0.0089098,0.03257,0.011832,0.046611,0.005561,0.022555,0.010446,0.0114,0.026952,0.056079,0.0060755,0.00578,0.014148,0.0063788,0.030149,0.0061492,0.0066362,0.030236,0.016557,0.015994,0.02387,0.017283,0.022265
0.018151,0.046191,0.012409,0.019341,0.010241,0.030943,0.027608,0.016795,0.032645,0.0069772,0.008394,0.03462,0.024469,0.020892,0.020318,0.0088002,0.032334,0.011861,0.046343,0.0055322,0.02243,0.010401,0.011277,0.02691,0.056124,0.0060462,0.0057437,0.014118,0.0063822,0.030084,0.0061083,0.0065764,0.030145,0.016759,0.015955,0.02397,0.01724,0.022154
0.018031,0.046088,0.012493,0.019208,0.0102,0.030879,0.027435,0.016788,0.032385,0.0069374,0.0083479,0.034365,0.024383,0.020851,0.020099,0.0086921,0.032098,0.011887,0.046055,0.0055035,0.022301,0.010354,0.011152,0.026867,0.056163,0.0060168,0.0057075,0.014085,0.0063854,0.03002,0.0060668,0.0065159,0.030052,0.016954,0.015909,0.024072,0.017198,0.022042
0.018031,0.045975,0.01257,0.019074,0.010158,0.030813,0.02726,0.016778,0.032123,0.0068974,0.0083026,0.034097,0.024296,0.020808,0.019881,0.0085856,0.031864,0.011909,0.045747,0.0054752,0.02217,0.010307,0.011024,0.026822,0.056197,0.0059874,0.0056715,0.014047,0.0063881,0.029956,0.0060256,0.0064547,0.029958,0.017142,0.015855,0.024174,0.017157,0.021928
0.018024,0.045851,0.01264,0.01894,0.010117,0.030765,0.027086,0.016767,0.031863,0.0068569,0.0082582,0.033831,0.024208,0.020762,0.019663,0.0084806,0.03163,0.011928,0.04542,0.0054471,0.022037,0.01026,0.010894,0.026775,0.056225,0.0059578,0.0056356,0.014003,0.0063904,0.02989,0.0059838,0.0063927,0.029864,0.017322,0.015795,0.024274,0.017117,0.021813
0.018012,0.045718,0.012704,0.018809,0.010077,0.030811,0.026911,0.016754,0.031601,0.0068157,0.0082147,0.033555,0.024119,0.020715,0.019443,0.0083959,0.031396,0.011944,0.045074,0.0054193,0.021904,0.010211,0.010763,0.026727,0.056247,0.0059282,0.0056,0.013954,0.0063922,0.029824,0.0059415,0.0063302,0.029768,0.017495,0.015728,0.024372,0.017078,0.021695
0.017995,0.045575,0.012762,0.018679,0.010036,0.030852,0.026735,0.016739,0.03134,0.0067738,0.0081721,0.033278,0.024029,0.020666,0.019222,0.0083734,0.031163,0.011957,0.044709,0.0053917,0.021769,0.010161,0.010629,0.026677,0.056263,0.0058985,0.0055647,0.013899,0.0063937,0.029757,0.0058988,0.0062674,0.029672,0.01766,0.015654,0.024466,0.01704,0.021575
0.017971,0.045423,0.012814,0.018553,0.0099955,0.030887,0.026559,0.016724,0.031077,0.0067312,0.0081302,0.032993,0.023938,0.020614,0.019001,0.0083475,0.03093,0.011967,0.044325,0.0053644,0.021634,0.010111,0.010495,0.026626,0.056273,0.0058688,0.0055297,0.013837,0.0063947,0.029691,0.0058557,0.0062042,0.029577,0.017816,0.015574,0.024556,0.017004,0.021453
0.017941,0.045261,0.01286,0.018431,0.0099553,0.030917,0.026383,0.016707,0.030816,0.0066879,0.0080893,0.032706,0.023847,0.020561,0.01878,0.0083192,0.030699,0.011973,0.043925,0.0053373,0.021497,0.010061,0.010359,0.026573,0.056277,0.0058391,0.0054953,0.013767,0.0063953,0.029624,0.0058123,0.0061407,0.02948,0.017962,0.015488,0.024639,0.016969,0.021327
0.017907,0.04509,0.012901,0.018313,0.0099153,0.030942,0.026206,0.016688,0.030554,0.0066445,0.0080491,0.032413,0.023754,0.020506,0.01856,0.0082885,0.030468,0.011984,0.043506,0.0053105,0.021358,0.01002,0.010296,0.026518,0.056274,0.0058093,0.0054612,0.01369,0.0063955,0.029556,0.0057684,0.0060771,0.029383,0.018099,0.015396,0.024715,0.016935,0.021198
0.017867,0.04491,0.012937,0.018202,0.0098756,0.030962,0.026028,0.016668,0.030293,0.0066006,0.0080099,0.032116,0.023662,0.020449,0.018343,0.0082548,0.030237,0.012074,0.043072,0.0052839,0.021215,0.0099797,0.010288,0.026462,0.056266,0.0057794,0.0054272,0.013604,0.0063954,0.029488,0.0057243,0.0060135,0.029285,0.018226,0.015298,0.024783,0.016902,0.021066
0.017821,0.044722,0.012967,0.018097,0.009836,0.030977,0.02585,0.016646,0.030031,0.0065561,0.0079714,0.031817,0.023569,0.020391,0.018126,0.0082183,0.030007,0.01216,0.042621,0.0052576,0.02107,0.0099387,0.01028,0.026404,0.056251,0.0057495,0.0053934,0.013511,0.0063948,0.029419,0.0056803,0.0059504,0.029186,0.018343,0.015194,0.024842,0.01687,0.020932
0.017769,0.044525,0.012992,0.017998,0.0097967,0.030988,0.025672,0.016623,0.02977,0.0065109,0.0079338,0.031511,0.023476,0.02033,0.01791,0.0081803,0.029778,0.012242,0.042156,0.0052315,0.020921,0.0098972,0.01027,0.026344,0.05623,0.0057197,0.0053596,0.01341,0.0063938,0.02935,0.0056361,0.0058876,0.029086,0.018449,0.015086,0.02489,0.016839,0.020794
0.017713,0.04432,0.013012,0.017906,0.0097576,0.030994,0.025493,0.016597,0.029508,0.0064653,0.0078971,0.031206,0.023383,0.020268,0.017695,0.0081398,0.029549,0.012318,0.041675,0.0052056,0.020769,0.0098561,0.010261,0.026282,0.056202,0.0056897,0.0053257,0.013301,0.0063926,0.029281,0.0055917,0.0058255,0.028986,0.018545,0.014971,0.024927,0.016808,0.020655
0.017652,0.044107,0.013027,0.017822,0.0097187,0.030996,0.025313,0.016571,0.029248,0.0064195,0.007861,0.030893,0.02329,0.020204,0.017482,0.0081101,0.029321,0.01239,0.041181,0.00518,0.020614,0.0098147,0.010251,0.026219,0.056168,0.0056597,0.0052916,0.013185,0.006391,0.029211,0.005547,0.005764,0.028884,0.018631,0.014853,0.024952,0.016779,0.020513
0.017585,0.043886,0.013037,0.017747,0.00968,0.030994,0.025133,0.016542,0.028987,0.0063732,0.0078259,0.030583,0.023196,0.020138,0.01727,0.0081728,0.029094,0.012457,0.040675,0.0051546,0.020455,0.0097726,0.01024,0.026154,0.056128,0.0056297,0.0052574,0.013061,0.006389,0.029141,0.0055021,0.0057035,0.028782,0.018706,0.014729,0.024963,0.01675,0.020369
0.017514,0.043657,0.013043,0.017679,0.0096416,0.030988,0.024953,0.016513,0.028728,0.0063313,0.0077914,0.030264,0.023103,0.020071,0.017061,0.0082317,0.028868,0.012519,0.040416,0.0051294,0.020294,0.0097298,0.010228,0.026087,0.056081,0.0055997,0.0052228,0.01293,0.0063867,0.02907,0.005457,0.0056442,0.028679,0.018772,0.014601,0.024961,0.016722,0.020223
0.017438,0.043421,0.013045,0.01762,0.0096033,0.030978,0.024772,0.016481,0.028468,0.0062943,0.0077578,0.029949,0.02301,0.020002,0.016853,0.0082855,0.028642,0.012575,0.040171,0.0051044,0.020129,0.0096859,0.010216,0.026019,0.056029,0.0055698,0.0051879,0.012793,0.006384,0.028999,0.0054118,0.0055861,0.028576,0.018828,0.014468,0.024945,0.016695,0.020075
0.017358,0.043178,0.013043,0.017569,0.0095652,0.030964,0.024591,0.016448,0.028209,0.006257,0.0077249,0.029626,0.022917,0.019931,0.016648,0.0083355,0.028417,0.012627,0.039917,0.0050797,0.019961,0.0096412,0.010204,0.025949,0.055969,0.0055398,0.0051526,0.012649,0.0063809,0.028928,0.0053664,0.0055296,0.028471,0.018874,0.014332,0.024915,0.016669,0.019973
0.017273,0.042927,0.013036,0.017527,0.0095274,0.030945,0.024409,0.016414,0.027951,0.006219,0.0076928,0.029305,0.022825,0.019858,0.016446,0.0083806,0.028193,0.012674,0.039653,0.0050551,0.019791,0.0095954,0.010191,0.025878,0.055904,0.0055098,0.0051168,0.012499,0.0063774,0.028857,0.0053254,0.0054747,0.028366,0.01891,0.014192,0.024869,0.016643,0.019909
0.017186,0.042669,0.013026,0.017494,0.0094897,0.030922,0.024228,0.016378,0.027693,0.0061807,0.0076613,0.028978,0.022734,0.019784,0.016248,0.0084218,0.02797,0.012716,0.03938,0.0050308,0.019618,0.0095487,0.010177,0.025805,0.055832,0.0054798,0.0050805,0.012344,0.0063736,0.028784,0.0053147,0.0054215,0.028262,0.018937,0.014048,0.024808,0.016617,0.019843
0.017093,0.042404,0.013013,0.017468,0.0094523,0.030893,0.024045,0.016342,0.027436,0.0061421,0.0076305,0.028651,0.022642,0.019709,0.016053,0.0084582,0.027748,0.012754,0.039098,0.0050067,0.019442,0.0095011,0.010163,0.025731,0.055754,0.0054497,0.0050436,0.012185,0.0063694,0.028712,0.0053036,0.0053704,0.028158,0.018955,0.013902,0.024732,0.016592,0.019775
0.016997,0.042132,0.012996,0.01745,0.009415,0.03086,0.023863,0.016304,0.02718,0.0061028,0.0076005,0.028321,0.022552,0.019632,0.01586,0.0084909,0.027526,0.012787,0.038806,0.0049828,0.019264,0.0094525,0.010148,0.025656,0.05567,0.0054198,0.0050061,0.01202,0.0063649,0.028639,0.0052921,0.0053212,0.028052,0.018964,0.013752,0.024639,0.016568,0.019706
0.016898,0.041854,0.012977,0.017439,0.009378,0.030823,0.02368,0.016265,0.026925,0.0060628,0.007571,0.02801,0.022462,0.019554,0.015671,0.0085189,0.027305,0.012816,0.038505,0.0049592,0.019083,0.0094032,0.010132,0.025579,0.055579,0.0053899,0.0049678,0.011853,0.0063601,0.028566,0.0052805,0.0052742,0.027947,0.018965,0.0136,0.02453,0.016543,0.019635
0.016796,0.04157,0.012954,0.017435,0.0093411,0.030781,0.023497,0.016224,0.026672,0.0060228,0.0075423,0.027856,0.022373,0.019474,0.015485,0.0085433,0.027085,0.012842,0.038195,0.0049357,0.0189,0.0093529,0.010116,0.025502,0.055483,0.00536,0.0049287,0.011681,0.0063551,0.028493,0.0052687,0.0052293,0.02784,0.018958,0.013493,0.024405,0.016519,0.019561
0.01669,0.041279,0.012929,0.017438,0.0093045,0.030734,0.023314,0.016182,0.026418,0.0059823,0.007514,0.027702,0.022285,0.019394,0.015303,0.0085631,0.026866,0.012864,0.037876,0.0049124,0.018715,0.0093018,0.0101,0.025423,0.05538,0.0053301,0.0048889,0.011507,0.0063497,0.028419,0.0052565,0.0051867,0.027733,0.018975,0.013395,0.024262,0.016495,0.019486
0.016582,0.040982,0.012902,0.017446,0.009268,0.030682,0.023131,0.016139,0.026167,0.0059411,0.0074865,0.027549,0.022197,0.019312,0.015124,0.0085796,0.026648,0.012881,0.037548,0.0048893,0.018529,0.00925,0.010083,0.025344,0.055273,0.0053002,0.0048483,0.011331,0.0063439,0.028345,0.005244,0.0051463,0.027626,0.019062,0.013294,0.024104,0.016471,0.019409
0.016472,0.040679,0.012872,0.017458,0.0092317,0.030627,0.022948,0.016094,0.025916,0.0058994,0.0074594,0.027399,0.022135,0.019229,0.014949,0.0085915,0.026431,0.012895,0.037212,0.0048664,0.01834,0.0091974,0.010065,0.025263,0.055159,0.0052703,0.004807,0.011152,0.0063379,0.028271,0.0052312,0.0051082,0.027517,0.019141,0.013189,0.02393,0.016447,0.01933
0.016359,0.040371,0.012841,0.017475,0.0091957,0.030568,0.022765,0.016048,0.025667,0.0058577,0.007433,0.027249,0.022084,0.019145,0.014777,0.0086004,0.026215,0.012905,0.036866,0.0048438,0.01815,0.009144,0.010047,0.025181,0.055039,0.0052406,0.0047648,0.010982,0.0063315,0.028197,0.0052181,0.0050724,0.027409,0.019213,0.01308,0.023741,0.016423,0.019249
0.016244,0.040057,0.012807,0.017496,0.0091598,0.030505,0.022582,0.016001,0.025418,0.0058155,0.007407,0.0271,0.022033,0.01906,0.01461,0.0086051,0.026,0.012912,0.036512,0.0048213,0.017958,0.00909,0.010028,0.025099,0.054914,0.0052109,0.0047218,0.010916,0.0063248,0.028123,0.0052047,0.0050387,0.0273,0.019279,0.012967,0.023603,0.016398,0.019166
0.016126,0.039738,0.012773,0.017517,0.0091241,0.030439,0.022399,0.015952,0.025172,0.0057751,0.0073816,0.026952,0.021982,0.018975,0.014446,0.0086066,0.025785,0.012915,0.03615,0.004799,0.017764,0.0090353,0.010009,0.025016,0.054784,0.0051812,0.0046779,0.010847,0.0063177,0.028047,0.005191,0.0050072,0.02719,0.019338,0.01285,0.023665,0.016373,0.019081
0.016008,0.039414,0.012737,0.017542,0.0090886,0.030422,0.022216,0.015903,0.024926,0.0057966,0.0073566,0.026804,0.021933,0.018888,0.014286,0.0086046,0.025572,0.012914,0.03578,0.0047768,0.017569,0.00898,0.0099889,0.024932,0.054648,0.0051516,0.004633,0.010776,0.0063104,0.027973,0.0051774,0.0049777,0.02708,0.019391,0.012729,0.023716,0.016348,0.018995
0.015888,0.039085,0.012701,0.017567,0.0090533,0.030425,0.022033,0.015852,0.024682,0.0058176,0.0073321,0.026656,0.021883,0.0188,0.014131,0.008599,0.025359,0.012909,0.035472,0.0047549,0.017372,0.0089243,0.0099685,0.024847,0.054507,0.0051219,0.004587,0.010703,0.0063027,0.027898,0.0051635,0.0049503,0.026969,0.019437,0.012605,0.023755,0.016323,0.018908
0.015767,0.038751,0.012665,0.01759,0.0090182,0.030424,0.02185,0.0158,0.024439,0.0058381,0.0073079,0.026509,0.021834,0.018712,0.013979,0.0085905,0.025148,0.012902,0.035203,0.0047331,0.017173,0.0088679,0.0099475,0.024762,0.05436,0.0050924,0.0045402,0.010705,0.0062948,0.027822,0.0051494,0.0049246,0.026858,0.019476,0.012478,0.023784,0.016297,0.01882
0.015644,0.038413,0.01263,0.017613,0.0089833,0.030421,0.02172,0.015747,0.024246,0.005858,0.0072843,0.026363,0.021786,0.018622,0.013832,0.0085784,0.024938,0.012891,0.034924,0.0047116,0.017026,0.0088112,0.0099259,0.024701,0.054208,0.0050628,0.0044923,0.01071,0.0062867,0.027746,0.0051351,0.0049007,0.026747,0.019508,0.012347,0.0238,0.016271,0.018731
0.015521,0.038071,0.012596,0.017633,0.0089485,0.030416,0.021607,0.015694,0.024367,0.0058774,0.007261,0.026217,0.021738,0.018532,0.013688,0.0085638,0.024728,0.012878,0.034634,0.0046902,0.016927,0.0087541,0.0099039,0.024657,0.054051,0.0050335,0.0044436,0.010714,0.0062783,0.027671,0.0051205,0.0048784,0.026637,0.019533,0.012213,0.023804,0.016243,0.018642
0.015397,0.037724,0.012565,0.01765,0.008914,0.030407,0.021492,0.015639,0.024493,0.0058964,0.0072381,0.026072,0.02169,0.018442,0.013549,0.0085458,0.02452,0.012868,0.034335,0.004669,0.016826,0.0086966,0.0098812,0.024613,0.053889,0.0050042,0.004394,0.010718,0.0062696,0.027596,0.0051056,0.0048576,0.026526,0.019551,0.012076,0.023797,0.016216,0.018551
0.015273,0.037374,0.012536,0.017662,0.0088796,0.030396,0.021375,0.015583,0.024624,0.0059148,0.0072155,0.025927,0.021643,0.01835,0.013458,0.0085252,0.024313,0.012876,0.034028,0.0046479,0.016725,0.0086389,0.0098581,0.024568,0.053721,0.0049749,0.0043435,0.010722,0.0062606,0.027519,0.0050906,0.0048381,0.026415,0.019561,0.011938,0.023777,0.016187,0.018459
0.015149,0.03702,0.01251,0.01767,0.0088454,0.030382,0.021257,0.015526,0.024762,0.0059327,0.0071933,0.025783,0.021596,0.018258,0.013377,0.0085016,0.024106,0.012896,0.033712,0.0046271,0.016622,0.0085808,0.0098344,0.024524,0.053549,0.0049457,0.0042922,0.010725,0.0062513,0.027444,0.0050757,0.0048197,0.026303,0.019564,0.011797,0.023747,0.016157,0.018366
0.015024,0.036663,0.012484,0.017671,0.0088114,0.030365,0.021138,0.015468,0.024916,0.00595,0.0071714,0.025639,0.02155,0.018166,0.013298,0.0084753,0.0239,0.012912,0.033388,0.0046064,0.016519,0.0085227,0.0098102,0.02448,0.053372,0.0049165,0.0042402,0.010729,0.0062418,0.027368,0.0050607,0.0048024,0.026191,0.01956,0.011653,0.023704,0.016126,0.018271
0.014955,0.036303,0.012458,0.017666,0.0087776,0.030346,0.021017,0.015409,0.025077,0.0059669,0.0071498,0.025496,0.021505,0.018073,0.013224,0.0084465,0.023696,0.012924,0.033057,0.0045858,0.016413,0.0084644,0.0097855,0.024435,0.05319,0.0048874,0.0041876,0.010732,0.0062319,0.027293,0.0050454,0.0047858,0.026078,0.019548,0.011508,0.02365,0.016095,0.018174
0.01489,0.03594,0.012432,0.017653,0.0087439,0.030324,0.020895,0.015349,0.025241,0.0059832,0.0071284,0.025354,0.021459,0.01798,0.013152,0.0084148,0.023493,0.012933,0.032719,0.0045655,0.016307,0.008406,0.0097601,0.024391,0.053003,0.0048584,0.0041616,0.010735,0.0062218,0.027217,0.00503,0.00477,0.025965,0.019528,0.011361,0.023585,0.016062,0.018076
0.014826,0.035574,0.012405,0.017631,0.0087105,0.030299,0.020772,0.015288,0.025409,0.005999,0.0071072,0.025212,0.021414,0.017886,0.013083,0.008381,0.023291,0.012937,0.032376,0.0045453,0.0162,0.0083476,0.0097345,0.024347,0.052813,0.0048295,0.004142,0.010739,0.0062114,0.027141,0.0050144,0.0047547,0.025852,0.019503,0.011213,0.023509,0.016029,0.017976
0.014761,0.035206,0.012379,0.017601,0.0086772,0.030272,0.020647,0.015227,0.025581,0.0060142,0.0070864,0.025071,0.02137,0.017792,0.013016,0.0083445,0.02309,0.012938,0.032027,0.0045252,0.016091,0.0083615,0.0097081,0.024303,0.052617,0.0048007,0.004121,0.010742,0.0062009,0.027066,0.0049987,0.0047398,0.025739,0.019471,0.011064,0.023423,0.015994,0.017875
0.014698,0.034836,0.012351,0.017561,0.008644,0.030243,0.020521,0.015164,0.025755,0.006029,0.0070657,0.02493,0.021326,0.017698,0.012953,0.0083059,0.02289,0.012934,0.031673,0.0045054,0.015981,0.0084022,0.0096814,0.024259,0.052418,0.004772,0.0040987,0.010745,0.0061901,0.026991,0.004983,0.0047251,0.025625,0.019432,0.010913,0.023327,0.015957,0.017771
0.014634,0.034463,0.012322,0.017512,0.0086111,0.030212,0.020395,0.0151,0.025933,0.0060432,0.0070452,0.02479,0.021282,0.017603,0.012891,0.0082648,0.022691,0.012927,0.031314,0.0044857,0.015869,0.0084415,0.0096541,0.024214,0.052214,0.0047434,0.0040751,0.010749,0.0061791,0.026916,0.0049673,0.0047106,0.025511,0.019387,0.010762,0.02322,0.015919,0.017667
0.014571,0.034092,0.012292,0.017451,0.0085783,0.030178,0.020267,0.015036,0.026113,0.0060569,0.0070249,0.024653,0.021239,0.017508,0.012833,0.0082218,0.022493,0.012916,0.030952,0.0044661,0.015756,0.0084797,0.0096262,0.02417,0.052007,0.0047149,0.0040502,0.010752,0.0061679,0.026841,0.0049515,0.0046961,0.025396,0.019336,0.01061,0.023103,0.015881,0.017561
0.014508,0.033883,0.012262,0.01738,0.0085457,0.030143,0.020138,0.014971,0.026295,0.0060701,0.0070047,0.02453,0.021196,0.017413,0.012775,0.0081765,0.022296,0.012901,0.030587,0.0044467,0.015642,0.0085166,0.0095981,0.024126,0.051795,0.0046864,0.0040241,0.010754,0.0061564,0.026765,0.0049356,0.0046816,0.025281,0.019281,0.010458,0.022975,0.01584,0.017454
0.014445,0.033672,0.012231,0.017297,0.0085133,0.030106,0.020008,0.014906,0.026479,0.0060827,0.0069846,0.024407,0.021153,0.017317,0.01272,0.0081293,0.0221,0.012883,0.030219,0.0044274,0.015527,0.0085526,0.0095692,0.024082,0.051579,0.004658,0.0039968,0.010757,0.0061446,0.02669,0.0049196,0.0046668,0.025167,0.019221,0.010306,0.022838,0.015798,0.017345
0.014383,0.033458,0.0122,0.017203,0.008481,0.030067,0.019877,0.01484,0.026665,0.0060949,0.0069647,0.024293,0.021111,0.017221,0.012666,0.0080802,0.021906,0.01286,0.029849,0.0044083,0.01541,0.0085875,0.0095401,0.024038,0.05136,0.0046297,0.0039684,0.010758,0.0061326,0.026615,0.0049035,0.0046518,0.025053,0.019157,0.010225,0.022691,0.015755,0.017235
0.014321,0.033243,0.012168,0.017098,0.008449,0.030028,0.019746,0.014773,0.026852,0.0061065,0.0069979,0.024185,0.021069,0.017125,0.012613,0.0080291,0.021713,0.012834,0.029478,0.0043894,0.015291,0.0086211,0.0095104,0.023994,0.051137,0.0046015,0.003939,0.010759,0.0061203,0.026539,0.0048874,0.0046363,0.024939,0.019089,0.010143,0.022533,0.015709,0.017124
0.01426,0.033025,0.012136,0.017061,0.008417,0.029986,0.019613,0.014705,0.02704,0.0061175,0.0070336,0.024078,0.021028,0.017028,0.012562,0.0079765,0.02152,0.012805,0.029107,0.0043706,0.015171,0.0086529,0.0094802,0.02395,0.050911,0.0045735,0.0039087,0.010758,0.0061079,0.026463,0.0048714,0.0046204,0.024824,0.019018,0.01006,0.022366,0.015663,0.017012
0.014198,0.032806,0.012104,0.017101,0.0083853,0.029944,0.01948,0.014636,0.027228,0.0061281,0.0070695,0.023972,0.020987,0.016932,0.012511,0.0079221,0.021329,0.012772,0.028735,0.0043519,0.01505,0.0086829,0.0094497,0.023906,0.050681,0.0045456,0.0038774,0.010757,0.0060952,0.026388,0.0048554,0.004604,0.02471,0.018943,0.0099751,0.022191,0.015614,0.016899
0.014137,0.032585,0.012072,0.017145,0.0083537,0.0299,0.019346,0.014567,0.027417,0.0061382,0.0071056,0.023866,0.020946,0.016835,0.012461,0.0078663,0.021248,0.012736,0.028363,0.0043334,0.014953,0.0087112,0.0094186,0.023862,0.050448,0.0045177,0.0038455,0.010754,0.0060824,0.026312,0.0048393,0.004587,0.024595,0.018866,0.0098893,0.022191,0.015564,0.016785
0.014077,0.032363,0.012041,0.017181,0.0083223,0.029854,0.019212,0.014497,0.027605,0.0061477,0.0071419,0.02376,0.020906,0.016738,0.012412,0.0078089,0.021199,0.012697,0.027992,0.0043151,0.014887,0.0087379,0.0093872,0.023818,0.050212,0.00449,0.0038128,0.010749,0.0060694,0.026236,0.0048232,0.0045695,0.02448,0.018786,0.0098023,0.02223,0.015513,0.01667
0.014016,0.03214,0.012009,0.017207,0.0082911,0.029807,0.019076,0.014426,0.027793,0.0061567,0.0071784,0.023654,0.020866,0.016641,0.012363,0.0077503,0.021151,0.012656,0.027623,0.0042968,0.014821,0.0087631,0.0093553,0.023774,0.049973,0.0044623,0.0037796,0.010743,0.0060561,0.026159,0.004807,0.0045514,0.024365,0.018704,0.0097138,0.02226,0.015459,0.016555
0.013956,0.031916,0.011977,0.017221,0.0082601,0.029758,0.01894,0.014355,0.027979,0.0061652,0.007215,0.023548,0.020826,0.016544,0.012315,0.0076903,0.021102,0.012612,0.027256,0.0042787,0.014754,0.0087866,0.0093229,0.023731,0.049731,0.0044348,0.0037459,0.010734,0.0060427,0.026082,0.0047907,0.0045326,0.024249,0.01862,0.0096246,0.022281,0.015403,0.016438
0.013897,0.031691,0.011945,0.017224,0.0082292,0.029708,0.018804,0.014283,0.028164,0.0061732,0.0072518,0.023442,0.020786,0.016447,0.012267,0.0076291,0.021052,0.012566,0.026892,0.0042608,0.014687,0.0088083,0.0092903,0.023687,0.049487,0.0044073,0.0037118,0.010724,0.0060291,0.026006,0.0047745,0.0045131,0.024134,0.018534,0.0095348,0.022293,0.015346,0.016319
0.013837,0.031465,0.011913,0.017214,0.0081985,0.029657,0.018667,0.01421,0.028347,0.006181,0.0072886,0.023337,0.020747,0.016351,0.012219,0.0075669,0.021003,0.012518,0.02653,0.004243,0.014619,0.0088281,0.0092571,0.023644,0.049239,0.00438,0.0036776,0.010711,0.0060152,0.025929,0.0047585,0.004493,0.024018,0.018446,0.009444,0.022297,0.015287,0.016199
0.013778,0.031239,0.011881,0.017191,0.008168,0.029604,0.01853,0.014138,0.028528,0.0061883,0.0073255,0.023232,0.020708,0.016254,0.012171,0.0075034,0.020953,0.012468,0.026173,0.0042253,0.014551,0.008846,0.0092236,0.0236,0.04899,0.0043528,0.0036432,0.010696,0.0060011,0.025851,0.0047424,0.0044721,0.023902,0.018357,0.0093525,0.022293,0.015226,0.016077
0.013719,0.031012,0.011849,0.017153,0.0081376,0.029561,0.018393,0.014065,0.028707,0.0061952,0.0073626,0.023127,0.02067,0.016158,0.012122,0.0074393,0.020902,0.012415,0.026025,0.0042078,0.014482,0.008862,0.0091897,0.023557,0.048738,0.0043257,0.0036089,0.010678,0.0059869,0.025773,0.0047263,0.0044507,0.023786,0.018267,0.009261,0.022282,0.015162,0.015954
0.013661,0.030785,0.011816,0.017102,0.0081074,0.029532,0.018255,0.013991,0.028883,0.0062015,0.0073996,0.023022,0.020631,0.016062,0.012074,0.007374,0.020851,0.01236,0.025967,0.0041904,0.014413,0.0088762,0.0091553,0.023514,0.048483,0.0042987,0.0035747,0.010657,0.0059724,0.025696,0.0047103,0.0044286,0.02367,0.018176,0.0091819,0.022263,0.015097,0.015831
0.013603,0.030558,0.011784,0.017037,0.0080773,0.029506,0.018117,0.013917,0.029056,0.0062073,0.0074367,0.022917,0.020593,0.015966,0.012025,0.007308,0.0208,0.012302,0.025907,0.0041731,0.014344,0.0088885,0.0091208,0.023471,0.048227,0.0042719,0.0035407,0.010634,0.0059578,0.025618,0.0046942,0.0044059,0.023554,0.018084,0.0091064,0.022237,0.01503,0.015706
0.013545,0.030331,0.011751,0.016958,0.0080474,0.02948,0.017979,0.013843,0.029225,0.0062127,0.0074737,0.022813,0.020555,0.01587,0.011976,0.0072413,0.020749,0.012242,0.025844,0.0041559,0.014274,0.0088989,0.0090858,0.023428,0.047968,0.0042452,0.0035072,0.010608,0.0059431,0.02554,0.0046781,0.0043825,0.023439,0.017992,0.0090295,0.022203,0.014961,0.01558
0.013487,0.030104,0.011718,0.016864,0.0080176,0.029454,0.01784,0.013768,0.029391,0.0062175,0.0075108,0.022708,0.020518,0.015775,0.011926,0.0071736,0.020698,0.012179,0.025779,0.0041389,0.014204,0.0089078,0.0090504,0.023385,0.047707,0.0042186,0.0034742,0.01058,0.0059282,0.025462,0.0046621,0.0043584,0.023324,0.017899,0.0089515,0.022161,0.014891,0.015459
0.01343,0.029877,0.011685,0.016757,0.007988,0.029429,0.017702,0.013692,0.029552,0.0062219,0.0075478,0.022604,0.020481,0.01568,0.011875,0.0071055,0.020646,0.012114,0.025712,0.004122,0.014133,0.0089149,0.0090147,0.023342,0.047445,0.0041921,0.0034419,0.010548,0.0059132,0.025383,0.0046461,0.0043338,0.023209,0.017807,0.0088725,0.022113,0.014818,0.015394
0.013373,0.029651,0.011652,0.016634,0.0079585,0.029404,0.017564,0.013616,0.02971,0.0062257,0.0075848,0.022501,0.020444,0.015585,0.011824,0.0070367,0.020594,0.012047,0.025643,0.0041053,0.014062,0.0089205,0.0089787,0.0233,0.04718,0.0041657,0.0034104,0.010514,0.0058979,0.025304,0.0046301,0.0043088,0.023094,0.017713,0.0087925,0.022056,0.014743,0.015328
0.013316,0.029425,0.011619,0.016498,0.0079292,0.02938,0.017425,0.01354,0.029862,0.0062291,0.0076217,0.022397,0.020407,0.015491,0.011773,0.0069673,0.020541,0.011978,0.025572,0.0040886,0.013991,0.0089245,0.0089423,0.023257,0.046914,0.0041394,0.0033798,0.010477,0.0058825,0.025225,0.0046141,0.0042831,0.022978,0.01762,0.0087116,0.021992,0.014666,0.015261
0.01326,0.029199,0.011586,0.016516,0.0079001,0.029356,0.017287,0.013463,0.030011,0.0062319,0.0076586,0.022294,0.02037,0.015398,0.01172,0.0068974,0.020489,0.011913,0.025499,0.0040721,0.01392,0.0089271,0.0089057,0.023215,0.046646,0.0041132,0.0033502,0.010436,0.0058669,0.025146,0.0045983,0.0042569,0.022863,0.017526,0.00863,0.02192,0.014587,0.015191
0.013204,0.028975,0.011552,0.016676,0.007871,0.029334,0.017149,0.013386,0.030154,0.0062343,0.0076954,0.022191,0.020334,0.015304,0.011667,0.0068267,0.020436,0.011845,0.025424,0.0040557,0.013848,0.0089283,0.0088687,0.023173,0.046377,0.0040872,0.0033218,0.010394,0.0058512,0.025067,0.0045827,0.0042302,0.022748,0.017432,0.008548,0.021842,0.014506,0.015121
0.013148,0.028751,0.011519,0.016826,0.0078422,0.029311,0.017011,0.013308,0.030293,0.0062363,0.0077321,0.022091,0.020298,0.015212,0.011613,0.0067559,0.020383,0.011772,0.025347,0.0040394,0.013776,0.0089281,0.0088315,0.02313,0.046106,0.0040613,0.0032947,0.010348,0.0058353,0.024987,0.004567,0.004203,0.022633,0.017338,0.0084656,0.021756,0.014424,0.015048
0.013092,0.028528,0.011485,0.016968,0.0078135,0.029288,0.016873,0.013231,0.030426,0.0062377,0.0077687,0.02199,0.020262,0.015119,0.011559,0.0066843,0.02033,0.011696,0.025269,0.0040232,0.013704,0.0089266,0.008794,0.023088,0.046023,0.0040355,0.003269,0.0103,0.0058192,0.024907,0.0045514,0.0041753,0.022517,0.017245,0.0083828,0.021664,0.014339,0.014974
0.013037,0.028305,0.011451,0.017099,0.0077849,0.029264,0.016736,0.013153,0.030554,0.0062387,0.0078052,0.02189,0.020226,0.015028,0.011503,0.0066126,0.020277,0.011672,0.025188,0.0040072,0.013632,0.0089238,0.0087561,0.023046,0.045956,0.0040099,0.0032447,0.010249,0.0058031,0.024826,0.0045359,0.0041474,0.022402,0.017151,0.0083001,0.021565,0.014252,0.014899
0.012983,0.028083,0.011418,0.01722,0.0077565,0.02924,0.016599,0.013076,0.030677,0.0062392,0.0078415,0.02179,0.020191,0.014936,0.011446,0.0065404,0.020223,0.01168,0.025106,0.0039913,0.01356,0.0089198,0.0087181,0.023004,0.045886,0.0039844,0.0032221,0.010195,0.0057869,0.024745,0.0045204,0.004119,0.022287,0.017058,0.0082171,0.02146,0.014164,0.014822
0.012928,0.027861,0.011384,0.017332,0.0077282,0.029216,0.016462,0.012997,0.030795,0.0062392,0.0078777,0.02169,0.020156,0.014846,0.011389,0.0064679,0.020169,0.011687,0.025023,0.0039754,0.013488,0.0089145,0.0086798,0.022962,0.045813,0.003959,0.0032011,0.010139,0.0057705,0.024665,0.004505,0.0040903,0.022172,0.016966,0.0081344,0.021348,0.014073,0.014744
0.012874,0.02764,0.01135,0.017432,0.0077001,0.029193,0.016325,0.012919,0.030908,0.0062388,0.0079138,0.02159,0.020121,0.014756,0.01133,0.0063952,0.020115,0.011693,0.024937,0.0039597,0.013416,0.0089079,0.0086412,0.02292,0.045738,0.0039338,0.0031819,0.010081,0.0057539,0.024585,0.0044897,0.0040611,0.022056,0.016874,0.0080517,0.02123,0.013981,0.014665
0.01282,0.02742,0.011316,0.017523,0.0076721,0.02917,0.016189,0.01284,0.031017,0.0062379,0.0079496,0.021491,0.020086,0.014666,0.01127,0.0063223,0.02006,0.011697,0.024851,0.0039442,0.013344,0.0089003,0.0086025,0.022878,0.04566,0.0039086,0.0031645,0.01002,0.0057373,0.024504,0.0044744,0.0040317,0.021942,0.016782,0.0079695,0.021106,0.013886,0.014585
0.012767,0.0272,0.011281,0.017601,0.0076443,0.029146,0.016054,0.012761,0.03112,0.0062365,0.0079853,0.021392,0.020051,0.014577,0.011209,0.0062493,0.020006,0.0117,0.024763,0.0039287,0.013273,0.0088916,0.0085635,0.022836,0.045579,0.0038836,0.003149,0.0099563,0.0057204,0.024422,0.0044592,0.0040019,0.021828,0.016691,0.0078873,0.020977,0.01379,0.014504
0.012713,0.02698,0.011247,0.017669,0.0076166,0.029121,0.015919,0.012682,0.031217,0.0062347,0.0080207,0.021293,0.020017,0.014489,0.011147,0.0061763,0.019952,0.011701,0.024674,0.0039133,0.013201,0.0088818,0.0085242,0.022794,0.045496,0.0038587,0.0031355,0.0098907,0.0057035,0.024341,0.004444,0.0039718,0.021714,0.016601,0.007806,0.020842,0.013692,0.014422
0.01266,0.02676,0.011229,0.017725,0.007589,0.029095,0.015784,0.012603,0.031309,0.0062325,0.0080559,0.021194,0.019983,0.014402,0.011085,0.0061032,0.019897,0.011701,0.024584,0.003898,0.013141,0.0088712,0.0084848,0.022751,0.04541,0.003834,0.0031239,0.0098229,0.0056864,0.024259,0.004429,0.0039416,0.0216,0.016512,0.0077251,0.020701,0.013592,0.014339
0.012607,0.02654,0.011228,0.017769,0.0075616,0.029067,0.015651,0.012524,0.031396,0.0062298,0.0080909,0.021096,0.019949,0.014315,0.011021,0.0060301,0.019842,0.0117,0.024492,0.0038829,0.013082,0.0088597,0.0084452,0.022709,0.045322,0.0038094,0.0031143,0.0097529,0.0056692,0.024176,0.004414,0.0039111,0.021487,0.016424,0.0076447,0.020555,0.013491,0.014255
0.012555,0.026321,0.011227,0.0178,0.0075343,0.029039,0.015517,0.012444,0.031477,0.0062267,0.0081255,0.020997,0.019915,0.014229,0.010956,0.0059572,0.019787,0.011698,0.0244,0.0038678,0.013022,0.0088473,0.0084053,0.022667,0.045232,0.0037848,0.0031068,0.009741,0.0056519,0.024094,0.0043991,0.0038805,0.021441,0.016337,0.0075654,0.020404,0.013387,0.014172
0.012503,0.026101,0.011227,0.017819,0.0075072,0.029009,0.015385,0.012364,0.031611,0.0062231,0.0081598,0.0209,0.019881,0.014144,0.01089,0.0058843,0.019731,0.011695,0.024307,0.0038529,0.012962,0.0088342,0.0083654,0.022625,0.045139,0.0037605,0.0031013,0.0097638,0.0056346,0.024013,0.0043843,0.0038496,0.021471,0.01625,0.0074867,0.020247,0.013282,0.014088
0.012451,0.025882,0.011227,0.017826,0.0074802,0.028978,0.015253,0.012284,0.031763,0.0062192,0.0081938,0.020802,0.019885,0.014059,0.010823,0.0058115,0.019676,0.011692,0.024213,0.0038381,0.012901,0.0088204,0.0083252,0.022583,0.045045,0.0037363,0.0030978,0.0097844,0.0056172,0.02393,0.0043696,0.0038186,0.021494,0.016165,0.0074087,0.020087,0.013175,0.014005
0.012399,0.025662,0.011228,0.017819,0.0074533,0.028946,0.015121,0.012205,0.031909,0.0062147,0.0082275,0.020704,0.019892,0.013976,0.010755,0.0057388,0.01962,0.011691,0.024119,0.0038233,0.012841,0.008806,0.0082849,0.022541,0.044948,0.0037122,0.0030963,0.0098029,0.0055996,0.023848,0.004355,0.0037875,0.021513,0.016081,0.007332,0.019921,0.013067,0.013922
0.012348,0.025443,0.011229,0.017801,0.0074266,0.028913,0.014991,0.012125,0.03205,0.0062099,0.0082608,0.020607,0.0199,0.013892,0.010686,0.0056903,0.019565,0.011693,0.024023,0.0038087,0.01278,0.0088028,0.0082445,0.022498,0.044849,0.0036883,0.0030968,0.0098193,0.0055819,0.023765,0.0043405,0.0037562,0.021527,0.015998,0.0072677,0.019752,0.012957,0.013839
0.012297,0.025223,0.01123,0.01777,0.0074,0.02888,0.014861,0.012046,0.032186,0.0062047,0.0082938,0.02051,0.01991,0.01381,0.010616,0.005661,0.019509,0.011695,0.023928,0.0037942,0.012719,0.008799,0.0082038,0.022456,0.044749,0.0036645,0.0030992,0.0098337,0.0055641,0.023682,0.0043263,0.0037249,0.021537,0.015917,0.0072332,0.019579,0.012845,0.013757
0.012246,0.025003,0.011232,0.017728,0.0073735,0.028847,0.014732,0.011966,0.032317,0.006199,0.0083264,0.020414,0.019921,0.013729,0.010545,0.0056307,0.019453,0.011696,0.023831,0.0037797,0.012658,0.0087945,0.0081631,0.022413,0.044646,0.0036408,0.0031036,0.0098459,0.0055463,0.023599,0.0043121,0.0036935,0.021542,0.015836,0.0071988,0.019402,0.012732,0.013675
0.012195,0.024823,0.011234,0.017672,0.0073472,0.02882,0.014604,0.011886,0.032443,0.0061929,0.0083586,0.020317,0.019932,0.013648,0.010473,0.0055998,0.019397,0.011696,0.023735,0.0037654,0.012596,0.0087895,0.0081222,0.02237,0.044542,0.0036172,0.0031098,0.0098562,0.0055283,0.023515,0.0042981,0.003662,0.021542,0.015757,0.0071645,0.019221,0.012618,0.013593
0.012145,0.024758,0.011236,0.017605,0.007321,0.028794,0.014477,0.011806,0.032564,0.0061865,0.0083905,0.020221,0.019945,0.013568,0.010401,0.005568,0.019341,0.011696,0.023638,0.0037512,0.012535,0.0087838,0.0080812,0.022328,0.044435,0.0035938,0.0031177,0.0098643,0.0055102,0.023431,0.0042841,0.0036306,0.021537,0.015679,0.0071306,0.019037,0.012502,0.01351
0.012095,0.02469,0.011239,0.017526,0.0072949,0.028767,0.014351,0.011727,0.03268,0.0061796,0.0084219,0.020125,0.019959,0.013488,0.010329,0.0055354,0.019285,0.011694,0.023541,0.003737,0.012473,0.0087777,0.0080402,0.022285,0.044328,0.0035705,0.0031274,0.0098704,0.0054921,0.023348,0.0042703,0.0035993,0.021528,0.015603,0.0070968,0.01885,0.012384,0.013427
0.012046,0.024619,0.011242,0.017434,0.007269,0.028738,0.014225,0.011647,0.03279,0.0061723,0.0084528,0.02003,0.019973,0.01341,0.010273,0.0055022,0.019228,0.01169,0.023444,0.003723,0.012412,0.0087711,0.007999,0.022242,0.044218,0.0035474,0.0031386,0.0098745,0.0054739,0.023264,0.0042565,0.003568,0.021515,0.015528,0.0070631,0.01866,0.012265,0.013368
0.012027,0.024546,0.011245,0.017331,0.0072432,0.028708,0.014101,0.011567,0.032896,0.0061647,0.0084834,0.019934,0.019989,0.013332,0.010241,0.0054681,0.019172,0.011686,0.023347,0.0037091,0.01235,0.0087641,0.0079577,0.022199,0.044107,0.0035244,0.0031514,0.0098764,0.0054557,0.023181,0.0042429,0.0035368,0.021498,0.015455,0.0070296,0.018468,0.012145,0.01332
0.012009,0.024471,0.011248,0.017216,0.0072175,0.028677,0.013977,0.011487,0.032998,0.0061566,0.0085134,0.019839,0.020005,0.013255,0.010209,0.0054336,0.019115,0.01168,0.02325,0.0036952,0.012289,0.0087567,0.0079163,0.022156,0.043995,0.0035015,0.0031657,0.0098762,0.0054374,0.023097,0.0042293,0.0035058,0.021475,0.015383,0.0069962,0.018272,0.012024,0.013272
0.011991,0.024394,0.011252,0.017091,0.007192,0.028644,0.013854,0.011407,0.033095,0.0061483,0.0085429,0.019744,0.020023,0.013179,0.010177,0.0053983,0.019059,0.011698,0.023154,0.0036814,0.012228,0.008749,0.0078749,0.022113,0.043881,0.0034788,0.0031812,0.0098738,0.0054189,0.023012,0.0042159,0.003475,0.021448,0.015313,0.0069629,0.018075,0.011901,0.013224
0.011973,0.024314,0.011256,0.016953,0.0071666,0.028609,0.013733,0.011327,0.033188,0.0061399,0.008572,0.01965,0.020041,0.013104,0.010144,0.0053622,0.019002,0.011725,0.023057,0.0036678,0.012168,0.0087411,0.0078333,0.022069,0.043766,0.0034562,0.003198,0.0098692,0.0054005,0.022928,0.0042026,0.0034445,0.021418,0.015245,0.0069298,0.017875,0.011777,0.013175
0.011954,0.024233,0.01126,0.016805,0.0071413,0.028572,0.013612,0.011248,0.033278,0.0061311,0.0086005,0.019556,0.020059,0.013029,0.010111,0.0053258,0.018946,0.011751,0.022961,0.0036542,0.012108,0.0087329,0.0077918,0.022026,0.043649,0.0034337,0.0032159,0.0098623,0.0053819,0.022843,0.0041893,0.0034141,0.021384,0.015179,0.0068968,0.017673,0.011652,0.013126
0.011936,0.024149,0.011264,0.016647,0.0071161,0.028534,0.013492,0.011169,0.033363,0.0061219,0.0086284,0.019462,0.020079,0.012956,0.010077,0.0052886,0.018889,0.011776,0.022865,0.0036407,0.012049,0.0087246,0.0077502,0.021982,0.043531,0.0034113,0.0032347,0.009853,0.0053632,0.022758,0.0041762,0.0033841,0.021345,0.015116,0.0068639,0.017469,0.011527,0.013076
0.011918,0.024063,0.011269,0.016478,0.0070911,0.028494,0.013374,0.01109,0.033445,0.0061124,0.0086559,0.019368,0.020099,0.012883,0.010042,0.0052508,0.018832,0.0118,0.02277,0.0036273,0.01199,0.0087162,0.0077085,0.021939,0.043412,0.0033892,0.0032545,0.0098413,0.0053445,0.022673,0.0041632,0.0033544,0.021302,0.015056,0.0068312,0.017264,0.0114,0.013025
0.011899,0.023976,0.011275,0.016299,0.0070662,0.028453,0.013256,0.011011,0.033522,0.0061025,0.0086828,0.019274,0.02012,0.01281,0.010007,0.0052126,0.018775,0.011824,0.022675,0.003614,0.011932,0.0087078,0.0076668,0.021895,0.043292,0.0033671,0.003275,0.0098271,0.0053258,0.022588,0.0041503,0.0033252,0.021255,0.015003,0.0067986,0.017058,0.011272,0.012973
0.011881,0.023886,0.01128,0.016111,0.0070414,0.028409,0.01314,0.010932,0.033597,0.0060923,0.0087092,0.019181,0.020141,0.012739,0.0099705,0.0051738,0.018718,0.011847,0.02258,0.0036008,0.011873,0.0086993,0.007625,0.021851,0.04317,0.0033453,0.0032961,0.0098102,0.0053071,0.022504,0.0041376,0.0032963,0.021206,0.014964,0.0067662,0.016988,0.011143,0.01292
0.011861,0.023795,0.011286,0.015914,0.0070167,0.028365,0.013024,0.010853,0.033668,0.0060817,0.0087351,0.01909,0.020163,0.012669,0.0099334,0.0051342,0.018661,0.01187,0.022487,0.0035876,0.011815,0.0086909,0.0075832,0.021807,0.043048,0.0033235,0.0033177,0.0097907,0.0052883,0.022419,0.0041249,0.0032679,0.021152,0.01493,0.0067339,0.016937,0.011013,0.012867
0.011843,0.023703,0.011293,0.015707,0.0069922,0.028318,0.01291,0.010774,0.033736,0.0060707,0.0087604,0.018998,0.020185,0.0126,0.0098954,0.0050946,0.018604,0.011892,0.022394,0.0035746,0.011756,0.0086826,0.0075415,0.021763,0.042924,0.0033019,0.0033398,0.0097685,0.0052694,0.022334,0.0041123,0.00324,0.021094,0.014898,0.0067018,0.016883,0.010883,0.012813
0.011823,0.023608,0.0113,0.015563,0.0069677,0.028271,0.012797,0.010695,0.0338,0.0060595,0.0087852,0.018907,0.020208,0.012531,0.0098565,0.0050543,0.018547,0.011913,0.022301,0.0035616,0.011698,0.0086744,0.0074996,0.021719,0.0428,0.0032804,0.0033621,0.0097434,0.0052505,0.022248,0.0040999,0.0032128,0.021033,0.014868,0.0066699,0.016824,0.010752,0.012759
0.011803,0.023512,0.011309,0.015597,0.0069434,0.028222,0.012684,0.010617,0.033862,0.0060479,0.0088094,0.018817,0.020231,0.012463,0.0098168,0.0050134,0.01849,0.011933,0.02221,0.0035487,0.011638,0.0086664,0.0074577,0.021675,0.042674,0.0032591,0.0033845,0.0097153,0.0052316,0.022163,0.0040875,0.0031861,0.020969,0.014838,0.0066381,0.016763,0.01062,0.012704
0.011783,0.023415,0.011318,0.015621,0.0069193,0.028172,0.012573,0.010539,0.033921,0.0060359,0.0088331,0.018726,0.020254,0.012396,0.0097762,0.0049722,0.018433,0.011954,0.022119,0.003536,0.011579,0.0086586,0.0074159,0.021631,0.042548,0.0032379,0.003407,0.0096842,0.0052126,0.022077,0.0040753,0.0031601,0.020901,0.014809,0.0066065,0.016697,0.010614,0.012648
0.011763,0.023316,0.011327,0.015635,0.0068952,0.028122,0.012464,0.010461,0.033977,0.0060237,0.0088564,0.018636,0.020278,0.01233,0.0097347,0.0049308,0.018376,0.011973,0.022029,0.0035232,0.01152,0.0086512,0.007374,0.021587,0.042421,0.0032168,0.0034294,0.00965,0.0051935,0.021991,0.0040631,0.0031347,0.02083,0.014781,0.006575,0.016628,0.01063,0.012591
0.011742,0.023216,0.011337,0.01564,0.0068713,0.028074,0.012355,0.010383,0.034031,0.0060111,0.0088791,0.018546,0.020302,0.012265,0.0096922,0.0048888,0.018319,0.011992,0.02194,0.0035106,0.01146,0.008644,0.0073321,0.021542,0.042294,0.0031959,0.0034516,0.0096125,0.0051744,0.021905,0.0040511,0.0031101,0.020755,0.014755,0.0065437,0.016556,0.010643,0.012534
0.01172,0.023114,0.011346,0.015635,0.0068474,0.028028,0.012247,0.010305,0.034083,0.0059982,0.0089012,0.018457,0.020326,0.012201,0.0096489,0.0048463,0.018261,0.012011,0.021852,0.0034981,0.011401,0.0086372,0.0072903,0.021498,0.042165,0.0031751,0.0034735,0.0095717,0.0051553,0.021819,0.0040392,0.0030862,0.020678,0.01473,0.0065126,0.016482,0.010652,0.012476
0.011698,0.023012,0.011355,0.01562,0.0068237,0.027984,0.012141,0.010228,0.034133,0.005985,0.0089227,0.018367,0.020351,0.012137,0.0096046,0.0048037,0.018204,0.012029,0.021765,0.0034856,0.011341,0.0086308,0.0072484,0.021454,0.042036,0.0031545,0.0034949,0.0095275,0.0051362,0.021734,0.0040274,0.0030632,0.020598,0.014706,0.0064817,0.016406,0.01066,0.012417
0.011676,0.022908,0.011364,0.015595,0.0068001,0.02794,0.012035,0.010151,0.034181,0.0059715,0.0089437,0.018278,0.020375,0.012075,0.0095595,0.0047609,0.018147,0.012046,0.021679,0.0034732,0.011281,0.0086248,0.0072067,0.021409,0.041906,0.003134,0.0035159,0.0094799,0.0051171,0.021648,0.0040157,0.003041,0.020514,0.014684,0.0064509,0.016327,0.010664,0.012357
0.011653,0.022803,0.011371,0.01556,0.0067767,0.027897,0.011931,0.010074,0.034227,0.0059576,0.008964,0.018189,0.0204,0.012013,0.009514,0.0047176,0.01809,0.012064,0.021594,0.0034609,0.011221,0.0086194,0.0071649,0.021364,0.041776,0.0031136,0.0035362,0.0094286,0.0050979,0.021562,0.0040041,0.0030196,0.020428,0.014663,0.0064204,0.016246,0.010666,0.012297
0.01163,0.022696,0.011379,0.015516,0.0067533,0.027859,0.011828,0.0099975,0.034272,0.0059435,0.0089837,0.018101,0.020425,0.011952,0.0094679,0.004674,0.018033,0.012096,0.021511,0.0034486,0.011161,0.0086144,0.007123,0.02132,0.041645,0.0030934,0.0035558,0.0093738,0.0050787,0.021476,0.0039926,0.0030043,0.020339,0.014642,0.00639,0.016163,0.010665,0.012236
0.011605,0.022589,0.011385,0.015463,0.0067301,0.027822,0.011726,0.0099212,0.034315,0.0059291,0.0090027,0.018012,0.02045,0.011892,0.0094208,0.0046302,0.017976,0.012126,0.021428,0.0034365,0.0111,0.00861,0.0070814,0.021275,0.041514,0.0030733,0.0035746,0.0093153,0.0050595,0.02139,0.0039812,0.0029935,0.020247,0.014621,0.0063597,0.016078,0.010662,0.012175
0.01158,0.022481,0.01139,0.015401,0.0067069,0.027785,0.011625,0.0098451,0.034354,0.0059145,0.009021,0.017924,0.020475,0.011832,0.0093729,0.0045864,0.017919,0.012157,0.021346,0.0034244,0.01104,0.0086061,0.0070396,0.021231,0.041382,0.0030534,0.0035925,0.009253,0.0050402,0.021304,0.00397,0.0029822,0.020152,0.014598,0.0063297,0.01599,0.010656,0.012113
0.011555,0.022372,0.011395,0.01533,0.0066839,0.027748,0.011526,0.0097693,0.034392,0.0058995,0.0090386,0.017836,0.020499,0.011774,0.0093241,0.0045424,0.017861,0.012186,0.021266,0.0034124,0.010979,0.0086029,0.006998,0.021186,0.041249,0.0030336,0.0036094,0.009187,0.0050209,0.021217,0.003959,0.0029704,0.020055,0.014576,0.0062999,0.015901,0.010647,0.01205
0.011529,0.022262,0.011399,0.015254,0.006661,0.027711,0.011427,0.0096937,0.034425,0.0058843,0.0090554,0.017748,0.020524,0.011716,0.0092744,0.0044981,0.017804,0.012215,0.021186,0.0034004,0.010919,0.0086004,0.0069564,0.021141,0.041116,0.0030139,0.0036252,0.0091172,0.0050016,0.021131,0.003948,0.0029584,0.019955,0.014572,0.0062702,0.015808,0.010636,0.011987
0.011502,0.022151,0.011403,0.015178,0.0066382,0.027674,0.01133,0.0096184,0.034455,0.0058687,0.0090716,0.017661,0.020548,0.011659,0.0092238,0.0044536,0.017747,0.012244,0.021108,0.0033886,0.010858,0.0085985,0.0069149,0.021097,0.040983,0.0029944,0.0036399,0.0090436,0.0049823,0.021044,0.0039371,0.002946,0.019853,0.014584,0.0062407,0.015715,0.010622,0.011924
0.011473,0.02204,0.011406,0.0151,0.0066155,0.027636,0.011234,0.0095433,0.034482,0.005853,0.0090869,0.017574,0.020572,0.011603,0.0091724,0.004409,0.01769,0.012272,0.021031,0.0033768,0.010797,0.0085973,0.0068734,0.021052,0.040849,0.002975,0.0036534,0.0089661,0.0049631,0.020957,0.0039263,0.0029331,0.019747,0.014593,0.0062115,0.015618,0.010606,0.011861
0.011445,0.021927,0.011408,0.015017,0.006593,0.027597,0.011139,0.0094686,0.034505,0.0058369,0.0091016,0.017487,0.020597,0.011548,0.0091201,0.0043645,0.017633,0.012299,0.020955,0.0033651,0.010736,0.0085968,0.006832,0.021007,0.040716,0.0029558,0.0036656,0.0088849,0.0049438,0.020871,0.0039157,0.0029198,0.019641,0.0146,0.0061824,0.01552,0.010587,0.011797
0.011416,0.021814,0.01141,0.014927,0.0065705,0.027557,0.011045,0.0093941,0.034526,0.0058206,0.0091154,0.0174,0.02062,0.011494,0.009067,0.0043199,0.017576,0.012326,0.02088,0.0033534,0.010674,0.0085971,0.0067906,0.020962,0.040581,0.0029367,0.0036765,0.0087999,0.0049245,0.020785,0.0039051,0.0029062,0.019532,0.014603,0.0061535,0.01542,0.010566,0.011734
0.011386,0.021701,0.011411,0.01483,0.0065482,0.027517,0.010952,0.00932,0.034543,0.0058041,0.0091285,0.017314,0.020644,0.01144,0.0090131,0.0042752,0.017519,0.012351,0.020807,0.0033419,0.010613,0.0085981,0.0067494,0.020917,0.040447,0.0029178,0.003686,0.0087111,0.0049052,0.020699,0.0038946,0.0028921,0.01942,0.014603,0.0061247,0.015318,0.010542,0.011672
0.011355,0.021587,0.011412,0.014725,0.0065259,0.027475,0.010861,0.0092461,0.034557,0.0057873,0.0091408,0.017227,0.020667,0.011387,0.0089584,0.0042304,0.017462,0.012376,0.020734,0.0033304,0.010552,0.0086,0.0067082,0.020873,0.040312,0.002899,0.0036941,0.0086186,0.0048859,0.020612,0.0038842,0.0028777,0.019307,0.0146,0.0060962,0.015215,0.010516,0.011613
0.011323,0.021472,0.011413,0.014614,0.0065038,0.027432,0.01077,0.0091726,0.034569,0.0057703,0.0091524,0.017141,0.02069,0.011335,0.008903,0.0041856,0.017405,0.012401,0.020663,0.0033189,0.01049,0.0086027,0.0066671,0.020828,0.040177,0.0028803,0.0037009,0.0085224,0.0048666,0.020526,0.0038738,0.0028628,0.019192,0.014594,0.0060679,0.01511,0.010487,0.011555
0.01129,0.021357,0.011414,0.014496,0.0064817,0.027388,0.010681,0.0090996,0.034579,0.005753,0.0091631,0.017056,0.020712,0.011284,0.0088468,0.004141,0.017349,0.012424,0.020593,0.0033076,0.010428,0.0086063,0.0066261,0.020783,0.040042,0.0028618,0.0037063,0.0084226,0.0048473,0.020439,0.0038636,0.0028475,0.019074,0.014585,0.0060398,0.015004,0.010456,0.011496
0.011257,0.021241,0.011414,0.014371,0.0064598,0.027343,0.010593,0.0090269,0.034585,0.0057355,0.0091731,0.01697,0.020734,0.011233,0.0087899,0.0040965,0.017292,0.012447,0.020524,0.0032963,0.010367,0.0086107,0.0065852,0.020738,0.039906,0.0028434,0.0037104,0.0083193,0.0048279,0.020353,0.0038535,0.002832,0.018955,0.014572,0.0060118,0.014897,0.010423,0.011438
0.011222,0.021125,0.011415,0.01424,0.006438,0.027297,0.010506,0.0089545,0.03459,0.0057178,0.0091822,0.016885,0.020755,0.011184,0.0087326,0.0040519,0.017235,0.012469,0.020456,0.003285,0.010309,0.008616,0.0065443,0.020693,0.039771,0.0028252,0.003713,0.0082126,0.0048086,0.020266,0.0038434,0.0028212,0.018834,0.014556,0.0059841,0.014789,0.010387,0.011378
0.011187,0.021009,0.011416,0.014102,0.0064163,0.02725,0.01042,0.0088825,0.034592,0.0056998,0.0091906,0.0168,0.020777,0.011135,0.0086751,0.0040074,0.017178,0.01249,0.020389,0.0032739,0.010286,0.0086221,0.0065036,0.020649,0.039635,0.0028071,0.0037142,0.0081025,0.0047893,0.020179,0.0038334,0.0028168,0.018712,0.014537,0.0059566,0.01468,0.010349,0.011318
0.011151,0.020892,0.011417,0.013994,0.0063947,0.027202,0.010336,0.0088107,0.034591,0.0056817,0.0091982,0.016715,0.020797,0.011087,0.008617,0.003963,0.017121,0.01251,0.020323,0.0032628,0.010264,0.0086292,0.006463,0.020604,0.039499,0.0027891,0.0037138,0.0079892,0.0047701,0.020092,0.0038235,0.0028134,0.018587,0.014513,0.0059292,0.014571,0.010309,0.011257
0.011114,0.020775,0.011418,0.013924,0.0063732,0.027152,0.010252,0.0087394,0.034588,0.0056633,0.0092051,0.016631,0.020816,0.011039,0.0085582,0.0039256,0.017065,0.012529,0.020259,0.0032518,0.010241,0.0086371,0.0064225,0.020559,0.039363,0.0027713,0.003712,0.0078728,0.0047508,0.020006,0.0038137,0.0028111,0.018462,0.014487,0.0059021,0.014461,0.010267,0.011195
0.011076,0.020657,0.011418,0.01385,0.0063518,0.027102,0.01017,0.0086683,0.034582,0.0056447,0.0092111,0.016547,0.020836,0.010993,0.0084988,0.0039207,0.017009,0.012548,0.020195,0.0032408,0.010218,0.008646,0.0063821,0.020514,0.039227,0.0027536,0.0037086,0.0077534,0.0047315,0.01992,0.0038039,0.0028097,0.018389,0.014457,0.0058751,0.01435,0.010223,0.011133
0.011037,0.020539,0.011416,0.013772,0.0063305,0.02705,0.010088,0.0085977,0.034572,0.0056261,0.0092164,0.016463,0.020854,0.010947,0.0084389,0.0039154,0.016952,0.012565,0.020132,0.0032299,0.010194,0.0086558,0.0063418,0.02047,0.039091,0.0027361,0.0037038,0.0076312,0.0047123,0.019834,0.0037943,0.0028094,0.018398,0.014423,0.0058484,0.014239,0.010176,0.011069
0.010998,0.020422,0.011414,0.013689,0.0063093,0.026997,0.010008,0.0085274,0.034559,0.0056074,0.0092209,0.016379,0.020872,0.010902,0.0083784,0.00391,0.016896,0.012581,0.020071,0.0032191,0.010171,0.0086666,0.0063016,0.020425,0.038955,0.0027187,0.0036976,0.0075064,0.0046931,0.019747,0.0037847,0.0028102,0.018406,0.014385,0.0058218,0.014127,0.010127,0.011005
0.010957,0.020304,0.011411,0.013604,0.0062882,0.026943,0.0099289,0.0084574,0.034543,0.0055885,0.0092246,0.016295,0.020922,0.010858,0.0083174,0.0039044,0.01684,0.012597,0.02001,0.0032083,0.010148,0.0086782,0.0062615,0.02038,0.038819,0.0027014,0.0036898,0.0073791,0.0046738,0.019661,0.0037751,0.002812,0.018412,0.014343,0.0057955,0.014014,0.010077,0.010942
0.010915,0.020186,0.011406,0.013514,0.0062672,0.026888,0.0098509,0.0084493,0.034524,0.0055694,0.0092275,0.016212,0.021,0.010814,0.008256,0.0038985,0.016783,0.012611,0.01995,0.0031976,0.010124,0.0086909,0.0062215,0.020335,0.038683,0.0026842,0.0036806,0.0072762,0.0046546,0.019575,0.0037657,0.0028148,0.018415,0.014298,0.0057693,0.013902,0.010024,0.010918
0.010873,0.020068,0.011399,0.013421,0.0062463,0.026831,0.0097739,0.0084475,0.034501,0.0055501,0.0092296,0.016129,0.021077,0.010772,0.0081941,0.0038923,0.016727,0.012625,0.019891,0.003187,0.0101,0.0087044,0.0061816,0.020291,0.038547,0.0026672,0.0036699,0.0072567,0.0046354,0.019488,0.0037563,0.0028184,0.018418,0.014248,0.0057434,0.013788,0.0099696,0.010893
0.01083,0.019949,0.011391,0.013323,0.0062255,0.026774,0.009698,0.0084454,0.034475,0.0055306,0.0092309,0.016046,0.021154,0.01073,0.0081317,0.0038861,0.016671,0.012637,0.019834,0.0031764,0.010076,0.0087189,0.0061419,0.020246,0.038411,0.0026504,0.0036577,0.0072345,0.0046162,0.019402,0.0037469,0.002823,0.018417,0.014195,0.0057176,0.013674,0.0099134,0.010868
0.010785,0.019831,0.011382,0.013223,0.0062049,0.026715,0.0096232,0.0084428,0.034445,0.005511,0.0092314,0.015964,0.021229,0.010689,0.008069,0.0038796,0.016615,0.012649,0.019776,0.0031659,0.010052,0.0087343,0.0061022,0.020201,0.038275,0.0026336,0.003644,0.0072095,0.0045971,0.019316,0.0037377,0.0028284,0.018415,0.014145,0.0056921,0.013561,0.0098552,0.010842
0.01074,0.019713,0.01137,0.01312,0.0061843,0.026655,0.0095494,0.0084398,0.034411,0.0054912,0.0092311,0.015881,0.021305,0.010648,0.0080059,0.0038728,0.016559,0.012659,0.01972,0.0031554,0.010028,0.0087507,0.0060626,0.020157,0.038139,0.002617,0.0036289,0.0071817,0.004578,0.019231,0.0037284,0.0028346,0.018412,0.014111,0.0056668,0.013446,0.0097952,0.010816
0.010694,0.019594,0.011357,0.013012,0.0061638,0.026594,0.0094767,0.0084365,0.034374,0.0054712,0.00923,0.015799,0.021379,0.010608,0.0079426,0.0038658,0.016503,0.012669,0.019665,0.003145,0.010003,0.008768,0.0060231,0.020112,0.038003,0.0026006,0.0036124,0.0071512,0.0045589,0.019145,0.0037193,0.0028418,0.018406,0.014076,0.0056418,0.013331,0.0097334,0.010789
0.010647,0.019476,0.011343,0.012901,0.0061434,0.026532,0.0094051,0.0084329,0.034333,0.005451,0.0092281,0.015717,0.021452,0.010572,0.0078789,0.0038586,0.016448,0.012677,0.01961,0.0031347,0.0099788,0.0087862,0.0059837,0.020068,0.037867,0.0025842,0.0035944,0.0071179,0.0045398,0.019059,0.0037102,0.0028496,0.018399,0.014039,0.0056169,0.013217,0.0096701,0.010762
0.010599,0.019358,0.011327,0.012803,0.0061231,0.026469,0.0093344,0.0084288,0.034288,0.0054307,0.0092254,0.015636,0.021525,0.010537,0.0078149,0.0038513,0.016392,0.012685,0.019556,0.0031244,0.0099543,0.0088054,0.0059444,0.020023,0.037731,0.002568,0.0035749,0.0070818,0.0045208,0.018975,0.0037012,0.0028582,0.018391,0.014,0.0055922,0.013102,0.009605,0.010734
0.01055,0.01924,0.011309,0.01273,0.0061029,0.026405,0.0092648,0.0084244,0.03424,0.0054102,0.0092221,0.015554,0.021597,0.010502,0.0077508,0.0038437,0.016337,0.012691,0.019502,0.0031142,0.0099295,0.0088255,0.0059053,0.019979,0.037595,0.002552,0.003554,0.007043,0.0045018,0.018894,0.0036922,0.0028674,0.01838,0.013959,0.0055678,0.012987,0.0095383,0.010706
0.010499,0.019122,0.011289,0.012657,0.0060828,0.02634,0.0091962,0.0084197,0.034189,0.0053896,0.0092179,0.015473,0.021667,0.010467,0.0076864,0.0038359,0.016281,0.012696,0.01945,0.003104,0.0099046,0.0088464,0.0058709,0.019934,0.03746,0.002536,0.0035317,0.0070015,0.0044827,0.018813,0.0036832,0.0028772,0.018367,0.013917,0.0055435,0.012872,0.0094701,0.010678
0.010448,0.019004,0.011267,0.012582,0.0060627,0.026275,0.0091286,0.0084146,0.034134,0.0053688,0.009213,0.015392,0.021737,0.010433,0.0076219,0.0038279,0.016226,0.0127,0.019397,0.0030939,0.0098796,0.0088683,0.0058437,0.01989,0.037324,0.0025202,0.0035081,0.0069573,0.0044638,0.018732,0.0036743,0.0028877,0.018353,0.013873,0.0055194,0.012757,0.0094005,0.01065
0.010396,0.018886,0.011244,0.012507,0.0060428,0.026208,0.009062,0.0084091,0.034075,0.0053478,0.0092074,0.015312,0.021806,0.010399,0.0075578,0.0038196,0.016171,0.012703,0.019346,0.0030839,0.0098544,0.008891,0.0058164,0.019845,0.037188,0.0025046,0.0034831,0.0069104,0.0044448,0.018652,0.0036655,0.0028986,0.018338,0.013827,0.0054955,0.012643,0.0093293,0.010621
0.010343,0.018769,0.011219,0.01243,0.006023,0.026141,0.0089964,0.0084033,0.034013,0.0053268,0.009201,0.015231,0.021874,0.010365,0.0074935,0.0038113,0.016115,0.012705,0.019348,0.0030739,0.0098291,0.0089146,0.0057891,0.019801,0.037053,0.002489,0.0034568,0.006861,0.0044259,0.018571,0.0036567,0.0029101,0.01832,0.013779,0.0054718,0.012528,0.0092567,0.010593
0.010289,0.018652,0.011192,0.012351,0.0060033,0.026073,0.0089318,0.0083972,0.033948,0.0053055,0.009194,0.015152,0.021941,0.010332,0.0074291,0.0038029,0.016061,0.012706,0.019401,0.0030639,0.0098038,0.0089391,0.0057615,0.019756,0.036918,0.0024736,0.0034293,0.006809,0.0044071,0.018491,0.0036479,0.002922,0.018301,0.01373,0.0054483,0.012414,0.0091829,0.010564
0.010234,0.018535,0.011163,0.012271,0.0059836,0.026004,0.0088681,0.0083907,0.033879,0.0052842,0.0091862,0.015073,0.022006,0.010299,0.0073647,0.0037942,0.016006,0.012705,0.019454,0.0030541,0.0097784,0.0089644,0.0057712,0.019712,0.036782,0.0024583,0.0034006,0.0067545,0.0043882,0.018411,0.0036393,0.0029344,0.01828,0.013678,0.0054249,0.012301,0.0091078,0.010535
0.010178,0.018418,0.011132,0.012205,0.0059641,0.025935,0.0088054,0.0083839,0.033807,0.0052627,0.0091777,0.014994,0.022071,0.010266,0.0073002,0.0037853,0.015951,0.012704,0.019505,0.0030442,0.0097529,0.0089905,0.0058016,0.019667,0.036647,0.0024431,0.0033707,0.0066976,0.0043694,0.018332,0.0036307,0.0029471,0.018257,0.013625,0.0054018,0.012187,0.0090312,0.010506
0.010122,0.018302,0.011099,0.012203,0.0059446,0.025866,0.0087437,0.0083768,0.033732,0.0052411,0.0091683,0.014915,0.022134,0.010233,0.0072358,0.0037762,0.015896,0.012701,0.019557,0.0030345,0.0097272,0.0090174,0.0058319,0.019623,0.036512,0.0024281,0.0033397,0.0066383,0.0043507,0.018251,0.0036222,0.0029601,0.018233,0.01357,0.0053789,0.012074,0.0089536,0.010476
0.010064,0.018185,0.011065,0.0122,0.0059253,0.025795,0.0086828,0.0083693,0.033654,0.0052194,0.0091582,0.014837,0.022196,0.010201,0.0071714,0.0037669,0.015842,0.012697,0.019607,0.0030248,0.0097014,0.0090452,0.0058621,0.019579,0.036377,0.0024132,0.0033076,0.0065767,0.0043319,0.018171,0.0036137,0.0029733,0.018208,0.013513,0.0053561,0.011962,0.0088749,0.010447
0.010005,0.01807,0.011028,0.012193,0.005906,0.025724,0.0086229,0.0083616,0.033573,0.0051975,0.0091473,0.014759,0.022257,0.010169,0.0071071,0.0037575,0.015787,0.012692,0.019656,0.0030151,0.0096756,0.0090737,0.0058922,0.019534,0.036243,0.0023984,0.0033004,0.0065128,0.0043132,0.018092,0.0036052,0.0029868,0.018181,0.013455,0.0053335,0.01185,0.008795,0.010417
0.0099452,0.017954,0.010989,0.012183,0.0058868,0.025653,0.008564,0.0083535,0.033489,0.0051756,0.0091357,0.014681,0.022316,0.010137,0.0070429,0.0037481,0.015733,0.012686,0.019705,0.0030055,0.0096495,0.0091029,0.0059231,0.01949,0.036108,0.0023837,0.0032962,0.0064468,0.0042945,0.018013,0.0035968,0.0030004,0.018152,0.013395,0.0053112,0.011739,0.0087139,0.010386
0.0098848,0.017839,0.010948,0.012169,0.0058677,0.025581,0.0085059,0.0083454,0.033402,0.0051535,0.0091279,0.014603,0.022374,0.010105,0.0069788,0.0037385,0.015678,0.012679,0.019752,0.0029959,0.0096236,0.0091329,0.0059546,0.019445,0.035974,0.0023692,0.0032918,0.0063786,0.0042759,0.017933,0.0035884,0.0030141,0.018122,0.013333,0.005289,0.011628,0.0086321,0.010355
0.0098237,0.017725,0.010905,0.012152,0.0058487,0.025508,0.0084487,0.008337,0.033313,0.0051313,0.0091391,0.014526,0.02243,0.010074,0.0069149,0.0037288,0.015624,0.01267,0.019799,0.0029864,0.0095976,0.0091636,0.0059858,0.019401,0.03584,0.0023548,0.0032869,0.0063084,0.0042573,0.017854,0.00358,0.0030279,0.018091,0.01327,0.005267,0.011518,0.0085492,0.010324
0.0097616,0.01761,0.01086,0.012132,0.0058298,0.025434,0.0083924,0.0083283,0.033221,0.0051091,0.0091497,0.014449,0.022485,0.010043,0.0068511,0.0037189,0.015571,0.01266,0.019844,0.002977,0.0095714,0.0091949,0.0060167,0.019357,0.035705,0.0023405,0.0032815,0.0062363,0.0042387,0.017774,0.0035717,0.0030417,0.018058,0.013206,0.0052451,0.011409,0.0084654,0.010292
0.0096986,0.017496,0.010813,0.012109,0.005811,0.02536,0.0083369,0.0083193,0.033126,0.0050867,0.0091599,0.014372,0.022539,0.010012,0.0067876,0.0037088,0.015517,0.012649,0.019888,0.0029676,0.0095452,0.009227,0.0060471,0.019312,0.035571,0.0023263,0.0032753,0.0061622,0.0042202,0.017695,0.0035633,0.0030555,0.018023,0.01314,0.0052235,0.0113,0.0084079,0.01026
0.0096347,0.017383,0.010807,0.012084,0.0057923,0.025286,0.0082824,0.00831,0.033029,0.0050642,0.0091694,0.014295,0.022591,0.0099815,0.0067244,0.0036986,0.015463,0.012637,0.01993,0.0029582,0.0095188,0.0092597,0.0060771,0.019268,0.035438,0.0023122,0.0032681,0.0060863,0.0042018,0.017616,0.003555,0.0030693,0.017988,0.013073,0.005202,0.011193,0.0083852,0.010227
0.0095698,0.01727,0.010835,0.012055,0.0057736,0.025211,0.0082287,0.0083005,0.032929,0.0050417,0.0091784,0.014218,0.022642,0.0099512,0.0066614,0.0036883,0.015409,0.012624,0.019971,0.0029489,0.0094924,0.0092931,0.0061068,0.019223,0.035304,0.0022983,0.0032602,0.0060085,0.0041834,0.017537,0.0035467,0.0030829,0.017951,0.013005,0.0051807,0.011087,0.0083613,0.010194
0.0095047,0.017157,0.010862,0.012023,0.005755,0.025136,0.0081758,0.0082906,0.032827,0.005019,0.009187,0.014142,0.022691,0.0099211,0.0065987,0.0036778,0.015356,0.012609,0.020011,0.0029397,0.0094659,0.009327,0.0061359,0.019179,0.03517,0.0022844,0.0032514,0.0059291,0.004165,0.017458,0.0035384,0.0030963,0.017913,0.012935,0.0051596,0.010981,0.0083358,0.01016
0.0094389,0.017045,0.010887,0.011989,0.0057366,0.02506,0.0081237,0.0082805,0.032722,0.0049963,0.009195,0.014066,0.022739,0.0098912,0.0065363,0.0036674,0.015302,0.012593,0.020049,0.0029305,0.0094394,0.0093616,0.0061646,0.019135,0.035037,0.0022707,0.0032419,0.0058481,0.0041466,0.017379,0.0035302,0.0031095,0.017873,0.012865,0.0051387,0.010877,0.0083088,0.010126
0.0093722,0.016933,0.010912,0.011951,0.0057182,0.024985,0.0080724,0.0082701,0.032615,0.0049735,0.0092024,0.013996,0.022785,0.0098616,0.0064743,0.0036569,0.015249,0.012576,0.020085,0.0029213,0.0094129,0.0093966,0.0061928,0.01909,0.034904,0.0022571,0.0032316,0.0057655,0.0041283,0.0173,0.0035219,0.0031224,0.017833,0.012793,0.005118,0.010773,0.0082801,0.010092
0.0093047,0.016822,0.010935,0.011911,0.0056999,0.024909,0.008022,0.0082594,0.032506,0.0049506,0.0092094,0.013933,0.022829,0.0098332,0.0064127,0.0036463,0.015196,0.012558,0.020119,0.0029122,0.0093863,0.0094323,0.0062204,0.019046,0.03477,0.0022437,0.0032205,0.0056911,0.00411,0.017222,0.0035137,0.0031351,0.017791,0.01272,0.0050974,0.010671,0.00825,0.010058
0.0092365,0.016712,0.010957,0.011869,0.0056817,0.024833,0.0079723,0.0082484,0.032394,0.0049277,0.0092158,0.013871,0.022871,0.0098071,0.0063515,0.0036355,0.015143,0.012539,0.020152,0.0029032,0.0093596,0.0094684,0.0062477,0.019001,0.034638,0.0022303,0.0032086,0.0056838,0.0040918,0.017144,0.0035054,0.0031474,0.017749,0.012647,0.005077,0.010569,0.0082182,0.010023
0.0091676,0.016602,0.010978,0.011824,0.0056635,0.024756,0.0079235,0.0082372,0.032281,0.0049046,0.0092218,0.01381,0.022912,0.0097814,0.0062907,0.0036247,0.01509,0.012518,0.020182,0.0028942,0.0093329,0.0095051,0.0062743,0.018957,0.034505,0.002217,0.0031962,0.0056754,0.0040736,0.017066,0.0034972,0.0031594,0.017705,0.012577,0.0050568,0.010469,0.008185,0.0099872
0.0090983,0.016492,0.010998,0.011776,0.0056455,0.024679,0.0078753,0.0082257,0.032165,0.0048815,0.0092272,0.013748,0.022951,0.0097561,0.0062303,0.0036138,0.015038,0.012497,0.020211,0.0028852,0.009306,0.0095422,0.0063004,0.018913,0.034372,0.0022039,0.0031833,0.005666,0.0040554,0.016987,0.003489,0.003171,0.017661,0.012511,0.0050367,0.010369,0.0081505,0.0099516
0.0090286,0.016383,0.011017,0.011726,0.0056275,0.024602,0.007828,0.008214,0.032047,0.0048584,0.0092321,0.013687,0.022988,0.0097311,0.0061705,0.0036028,0.014985,0.012474,0.020237,0.0028763,0.0092792,0.0095797,0.0063261,0.018868,0.034239,0.0021909,0.0031698,0.0056556,0.0040374,0.016909,0.0034808,0.0031821,0.017615,0.012445,0.0050168,0.01027,0.0081148,0.0099157
0.0089583,0.016275,0.011034,0.011673,0.0056096,0.024524,0.0077814,0.008202,0.031926,0.0048352,0.0092365,0.013626,0.023023,0.0097065,0.0061111,0.0035918,0.014933,0.01245,0.020261,0.0028675,0.0092522,0.0096177,0.0063511,0.018824,0.034107,0.002178,0.003156,0.0056444,0.0040193,0.016832,0.0034726,0.0031928,0.017569,0.012377,0.0049971,0.010173,0.0080776,0.0098796
0.0088874,0.016167,0.01105,0.011618,0.0055918,0.024445,0.0077355,0.0081897,0.031804,0.0048119,0.0092404,0.013566,0.023056,0.0096823,0.0060522,0.0035806,0.01488,0.012426,0.020283,0.0028586,0.0092254,0.0096561,0.0063756,0.018779,0.033975,0.0021651,0.0031418,0.0056324,0.0040013,0.016754,0.0034644,0.0032029,0.017523,0.012309,0.0049776,0.010076,0.0080391,0.0098435
0.0088234,0.01606,0.011065,0.011561,0.0055741,0.024366,0.0076904,0.0081772,0.031679,0.0047885,0.0092438,0.013505,0.023088,0.0096585,0.0059939,0.0035694,0.014828,0.0124,0.020303,0.0028499,0.0091985,0.0096948,0.0063995,0.018735,0.033842,0.0021524,0.0031271,0.0056197,0.0039834,0.016677,0.0034562,0.0032125,0.017475,0.012239,0.0049582,0.0099802,0.0079991,0.0098074
0.0087905,0.015996,0.011079,0.011502,0.0055564,0.024286,0.0076459,0.0081645,0.031553,0.0047652,0.0092467,0.013444,0.023118,0.0096349,0.0059361,0.0035582,0.014776,0.012375,0.02032,0.0028411,0.0091715,0.0097339,0.0064228,0.01869,0.03371,0.0021398,0.0031119,0.0056063,0.0039655,0.016599,0.0034479,0.0032216,0.017428,0.012169,0.004939,0.0098852,0.0079579,0.0097712
0.0087577,0.015952,0.011092,0.011441,0.0055389,0.024206,0.0076022,0.0081515,0.031425,0.0047417,0.0092492,0.013384,0.023147,0.0096117,0.0058909,0.0035469,0.014724,0.012348,0.020334,0.0028325,0.0091445,0.0097733,0.0064456,0.018646,0.033578,0.0021273,0.0031038,0.0055925,0.0039476,0.016523,0.0034397,0.0032301,0.017379,0.012097,0.0049199,0.0097912,0.0079153,0.0097351
0.0087251,0.015908,0.011104,0.011377,0.0055214,0.024125,0.0075591,0.0081383,0.031295,0.0047183,0.0092511,0.013323,0.023174,0.0095888,0.0058823,0.0035358,0.014673,0.012321,0.020346,0.0028238,0.0091174,0.009813,0.0064678,0.018602,0.033447,0.002115,0.0031008,0.0055783,0.0039297,0.016446,0.0034315,0.0032379,0.01733,0.012025,0.004901,0.0096983,0.0078714,0.0096988
0.0086927,0.015864,0.011114,0.011312,0.005504,0.024044,0.0075167,0.0081249,0.031163,0.004695,0.0092526,0.013263,0.0232,0.0095662,0.0058745,0.0035245,0.014621,0.012293,0.020356,0.0028152,0.0090903,0.009853,0.0064894,0.018557,0.033315,0.0021027,0.0030972,0.0055639,0.0039119,0.016369,0.0034233,0.0032451,0.01728,0.011953,0.0048823,0.0096063,0.0078266,0.0096624
0.0086604,0.015821,0.011123,0.011244,0.0054867,0.023962,0.007475,0.0081112,0.03103,0.0046716,0.0092535,0.013202,0.023225,0.0095439,0.005868,0.0035132,0.014569,0.012265,0.020362,0.0028067,0.0090632,0.0098932,0.0065104,0.018513,0.033183,0.0020905,0.0030931,0.0055492,0.0038942,0.016292,0.003415,0.0032517,0.017229,0.011879,0.0048638,0.0095151,0.0077806,0.0096258
0.0086283,0.015777,0.011131,0.011174,0.0054694,0.023879,0.0074339,0.0080973,0.030896,0.0046482,0.009254,0.013142,0.023249,0.0095219,0.0058625,0.0035019,0.014518,0.012236,0.020366,0.0027982,0.009036,0.0099337,0.0065308,0.018468,0.033052,0.0020784,0.0030884,0.0055343,0.0038765,0.016216,0.0034068,0.0032576,0.017177,0.011804,0.0048454,0.0094249,0.0077334,0.0095889
0.0085963,0.015734,0.011137,0.011103,0.0054523,0.023796,0.0073935,0.0080832,0.030761,0.0046248,0.009254,0.013081,0.023271,0.0095001,0.0058578,0.0034906,0.014467,0.012206,0.020367,0.0027897,0.0090089,0.0099743,0.0065506,0.018424,0.03292,0.0020664,0.0030832,0.0055194,0.0038589,0.01614,0.0033985,0.0032627,0.017125,0.01173,0.0048271,0.0093355,0.007685,0.0095518
0.0085645,0.015691,0.011142,0.011031,0.0054352,0.023713,0.0073537,0.0080689,0.030624,0.0046013,0.0092536,0.013021,0.023293,0.0094786,0.0058539,0.0034793,0.014416,0.012176,0.020366,0.0027813,0.0089818,0.010015,0.0065698,0.01838,0.032789,0.0020546,0.0030775,0.0055043,0.0038413,0.016064,0.0033904,0.0032671,0.017072,0.011654,0.004809,0.0092474,0.0076821,0.0095145
0.0085329,0.015648,0.011147,0.010956,0.0054182,0.023629,0.0073145,0.0080544,0.030486,0.0045778,0.0092527,0.012961,0.023314,0.0094574,0.0058507,0.0034679,0.014365,0.012145,0.020361,0.002773,0.0089547,0.010056,0.0065884,0.018335,0.032658,0.0020428,0.0030714,0.0054892,0.0038238,0.015988,0.0033822,0.0032709,0.017018,0.011578,0.0047911,0.0091601,0.0076891,0.0094768
0.0085014,0.015605,0.01115,0.01088,0.0054012,0.023544,0.0072759,0.0080396,0.030347,0.0045543,0.0092513,0.012901,0.023334,0.0094365,0.0058483,0.0034565,0.014314,0.012113,0.020353,0.0027646,0.0089275,0.010097,0.0066064,0.018291,0.032527,0.0020311,0.0030648,0.005474,0.0038063,0.015913,0.003374,0.0032739,0.016964,0.011501,0.0047733,0.0090738,0.0076958,0.0094388
0.0084701,0.015562,0.011151,0.010802,0.0053844,0.023459,0.0072379,0.0080247,0.030207,0.0045307,0.0092495,0.01284,0.023354,0.0094158,0.0058466,0.0034451,0.014264,0.012084,0.020342,0.0027563,0.0089004,0.010139,0.0066237,0.018247,0.032395,0.0020195,0.0030578,0.0054587,0.0037888,0.015837,0.0033658,0.0032761,0.016909,0.011423,0.0047557,0.0090163,0.0077022,0.0094005
0.0084389,0.015519,0.011152,0.010723,0.0053676,0.023374,0.0072005,0.0080096,0.030066,0.0045072,0.0092472,0.01278,0.023372,0.0093954,0.0058456,0.0034337,0.014213,0.012059,0.020328,0.0027481,0.0088731,0.01018,0.0066404,0.018203,0.032265,0.002008,0.0030504,0.0054435,0.0037714,0.015762,0.0033575,0.0032775,0.016854,0.011345,0.0047382,0.0089769,0.0077082,0.009362
0.0084079,0.015477,0.011151,0.010642,0.0053509,0.023288,0.0071637,0.0079942,0.029924,0.0044836,0.0092444,0.01272,0.023389,0.0093752,0.0058452,0.0034223,0.014163,0.012033,0.020312,0.0027399,0.0088459,0.010221,0.0066565,0.018158,0.032134,0.0019966,0.0030427,0.0054285,0.0037541,0.015687,0.0033493,0.0032783,0.016797,0.011267,0.0047209,0.0089374,0.0077138,0.0093233
0.008377,0.015435,0.011149,0.01056,0.0053343,0.023202,0.0071274,0.0079787,0.029782,0.00446,0.0092411,0.01266,0.023405,0.0093552,0.0058455,0.0034109,0.014113,0.012006,0.020291,0.0027317,0.0088187,0.010263,0.0066719,0.018114,0.032003,0.0019853,0.0030347,0.0054139,0.0037367,0.015612,0.003341,0.0032782,0.016741,0.011188,0.0047037,0.0088976,0.0077191,0.0092844
0.0083463,0.015392,0.011146,0.010477,0.0053178,0.023115,0.0070917,0.007963,0.029639,0.0044364,0.0092374,0.0126,0.023419,0.0093354,0.0058464,0.0033995,0.014063,0.011978,0.020268,0.0027236,0.0087915,0.010304,0.0066867,0.01807,0.031872,0.0019741,0.0030264,0.0054,0.0037195,0.015538,0.0033327,0.0032773,0.016683,0.011108,0.0046867,0.0088577,0.007724,0.0092454
0.0083157,0.01535,0.011142,0.010393,0.0053013,0.023028,0.0070565,0.0079471,0.029495,0.0044128,0.0092332,0.01254,0.023431,0.0093159,0.0058479,0.0033882,0.014013,0.011949,0.020242,0.0027155,0.0087644,0.010346,0.0067008,0.018026,0.031741,0.001963,0.0030179,0.0053866,0.0037022,0.015463,0.0033244,0.0032757,0.016625,0.011028,0.0046698,0.0088182,0.0077286,0.0092062
0.0082853,0.015308,0.011136,0.010307,0.0052849,0.022941,0.0070219,0.007931,0.029351,0.0043891,0.0092286,0.01248,0.023442,0.0092966,0.0058499,0.0033769,0.013963,0.011919,0.020212,0.0027075,0.0087372,0.010387,0.0067142,0.017982,0.03161,0.001952,0.0030092,0.0053742,0.0036851,0.015389,0.003316,0.0032733,0.016566,0.010948,0.004653,0.0087785,0.0077329,0.0091668
0.0082551,0.015266,0.011129,0.010219,0.0052686,0.022853,0.0069877,0.007915,0.029207,0.0043655,0.0092235,0.012421,0.02345,0.0092776,0.0058524,0.0033658,0.013913,0.011888,0.020179,0.0026995,0.00871,0.010429,0.006727,0.017938,0.03148,0.001941,0.0030004,0.0053629,0.003668,0.015315,0.0033076,0.0032701,0.016506,0.010867,0.0046364,0.0087387,0.0077368,0.0091274
0.008225,0.015225,0.011121,0.010131,0.0052524,0.022765,0.0069541,0.0078988,0.029062,0.0043419,0.0092179,0.012361,0.023457,0.0092587,0.0058555,0.0033546,0.013864,0.011856,0.020142,0.0026915,0.0086829,0.01047,0.0067392,0.017894,0.031349,0.0019302,0.0029914,0.0053524,0.0036509,0.015241,0.0032992,0.0032661,0.016447,0.010787,0.00462,0.0086988,0.0077403,0.0090878
0.008195,0.015183,0.011112,0.010043,0.0052362,0.022677,0.006921,0.0078825,0.028917,0.0043182,0.0092118,0.012301,0.023462,0.0092401,0.005859,0.0033435,0.013815,0.011823,0.020103,0.0026836,0.0086557,0.010511,0.0067506,0.01785,0.031219,0.0019194,0.0029823,0.0053471,0.0036339,0.015167,0.0032908,0.0032614,0.016386,0.010705,0.0046036,0.0086589,0.0077436,0.0090481
0.0081652,0.015142,0.011101,0.0099529,0.0052201,0.022588,0.0068884,0.0078659,0.028773,0.0042946,0.0092052,0.012242,0.023465,0.0092216,0.0058629,0.0033324,0.013766,0.01179,0.02006,0.0026757,0.0086285,0.010553,0.0067614,0.017806,0.031088,0.0019087,0.0029729,0.0053608,0.003617,0.015094,0.0032823,0.0032559,0.016324,0.010623,0.0045875,0.008619,0.0077465,0.0090082
0.0081355,0.0151,0.01109,0.009862,0.0052041,0.022499,0.0068562,0.0078493,0.028629,0.004271,0.0091982,0.012183,0.023466,0.0092034,0.0058673,0.0033213,0.013717,0.011759,0.020014,0.0026679,0.0086013,0.010594,0.0067715,0.017763,0.030957,0.0018981,0.0029635,0.0053738,0.0036001,0.015021,0.0032738,0.0032496,0.016262,0.010541,0.0045714,0.008579,0.007749,0.0089682
0.008106,0.015059,0.011077,0.0097701,0.0051881,0.02241,0.0068245,0.0078324,0.028485,0.0042474,0.0091905,0.012125,0.023465,0.0091853,0.0058721,0.0033103,0.013668,0.011736,0.019964,0.0026601,0.0085743,0.010635,0.0067809,0.017719,0.030827,0.0018876,0.0029539,0.0053863,0.0035832,0.014947,0.0032653,0.0032426,0.016199,0.010459,0.0045555,0.008539,0.0077512,0.008928
0.0080766,0.015018,0.011063,0.0096773,0.0051723,0.022321,0.0067932,0.0078154,0.028343,0.0042237,0.0091825,0.012066,0.023461,0.0091674,0.0058773,0.0032993,0.013619,0.011712,0.019911,0.0026523,0.0085472,0.010675,0.0067897,0.017675,0.030696,0.0018772,0.0029441,0.0053983,0.0035664,0.014874,0.0032567,0.0032349,0.016136,0.010377,0.0045397,0.008499,0.0077531,0.0088875
0.0080474,0.014977,0.011047,0.0095845,0.0051564,0.022232,0.0067624,0.0077983,0.0282,0.0042001,0.0091739,0.012008,0.023456,0.0091497,0.0058829,0.0032884,0.01357,0.011688,0.019855,0.0026446,0.0085202,0.010716,0.0067977,0.017631,0.030566,0.0018669,0.0029343,0.0054097,0.0035496,0.014801,0.0032481,0.0032265,0.016072,0.010294,0.004524,0.008459,0.0077547,0.0088469
0.0080183,0.014936,0.011031,0.0094907,0.0051407,0.022142,0.0067321,0.007781,0.028059,0.0041766,0.0091648,0.011949,0.023449,0.0091321,0.005889,0.0032774,0.013522,0.011663,0.019796,0.0026369,0.0084932,0.010756,0.0068052,0.017588,0.030435,0.0018566,0.0029243,0.0054206,0.0035328,0.014729,0.0032395,0.0032173,0.016007,0.010212,0.0045085,0.0084191,0.007756,0.0088059
0.0079894,0.014896,0.011013,0.0093962,0.005125,0.022052,0.0067022,0.0077635,0.027919,0.004153,0.0091553,0.011891,0.02344,0.0091146,0.0058953,0.0032666,0.013474,0.011637,0.019733,0.0026293,0.0084661,0.010797,0.0068118,0.017544,0.030304,0.0018464,0.0029143,0.0054311,0.0035162,0.014656,0.0032308,0.0032075,0.015942,0.010129,0.0044931,0.0083793,0.0077569,0.0087648
0.0079606,0.014855,0.010994,0.0093009,0.0051094,0.021962,0.0066726,0.0077459,0.027778,0.0041295,0.0091452,0.011833,0.023429,0.0090973,0.005902,0.0032558,0.013425,0.01161,0.019667,0.0026216,0.0084391,0.010837,0.0068179,0.017501,0.030174,0.0018363,0.0029043,0.0054412,0.0034995,0.014584,0.0032221,0.003197,0.015876,0.010046,0.0044778,0.0083399,0.0077575,0.0087233
0.0079319,0.014815,0.010975,0.0092052,0.0050939,0.021872,0.0066435,0.0077282,0.027639,0.0041059,0.0091346,0.011775,0.023415,0.0090801,0.0059088,0.003245,0.013377,0.011583,0.019597,0.0026141,0.0084121,0.010876,0.0068233,0.017457,0.030043,0.0018263,0.0028942,0.0054509,0.003483,0.014512,0.0032134,0.0031859,0.01581,0.0099633,0.0044627,0.0083005,0.0077578,0.0086817
0.0079034,0.014774,0.010954,0.0091094,0.0050784,0.021781,0.0066148,0.0077103,0.0275,0.0040824,0.0091235,0.011717,0.0234,0.009063,0.0059159,0.0032343,0.01333,0.011555,0.019524,0.0026065,0.0083852,0.010916,0.006828,0.017414,0.029912,0.0018164,0.0028841,0.0054603,0.0034664,0.01444,0.0032046,0.0031741,0.015743,0.0098803,0.0044477,0.0082612,0.0077578,0.0086397
0.007875,0.014734,0.010932,0.0090129,0.0050631,0.021691,0.0065865,0.0076922,0.027414,0.0040589,0.0091119,0.011659,0.023383,0.009046,0.0059232,0.0032237,0.013282,0.011527,0.019448,0.002599,0.0083583,0.010955,0.006832,0.017371,0.029782,0.0018081,0.0028739,0.0054694,0.00345,0.014368,0.0031959,0.0031617,0.015675,0.0097975,0.0044328,0.0082219,0.0077575,0.0085976
0.0078468,0.014694,0.010909,0.0089183,0.0050477,0.0216,0.0065586,0.0076741,0.027343,0.0040355,0.0090999,0.011601,0.023364,0.0090291,0.0059306,0.0032131,0.013234,0.011497,0.019369,0.0025915,0.0083315,0.010994,0.0068353,0.017328,0.029651,0.0018016,0.0028637,0.0054782,0.0034336,0.014297,0.0031872,0.0031487,0.015607,0.0097147,0.004418,0.0081828,0.0077569,0.0085551
0.0078187,0.014654,0.010885,0.0088642,0.0050325,0.021509,0.006531,0.0076558,0.027274,0.0040121,0.0090873,0.011543,0.023344,0.0090123,0.0059382,0.0032025,0.013187,0.011466,0.019287,0.0025841,0.0083047,0.011033,0.006838,0.017285,0.02952,0.0017951,0.0028535,0.0054868,0.0034172,0.01426,0.0031784,0.0031351,0.015538,0.009632,0.0044033,0.0081438,0.0077561,0.0085125
0.0077907,0.014614,0.01086,0.0088097,0.0050173,0.021418,0.0065038,0.0076374,0.027204,0.0039887,0.0090743,0.011485,0.023321,0.0089956,0.005946,0.003192,0.01314,0.011434,0.019201,0.0025767,0.0082779,0.011071,0.0068399,0.017242,0.029389,0.0017887,0.0028434,0.0054952,0.0034009,0.014281,0.0031696,0.0031209,0.015469,0.0095494,0.0043888,0.0081048,0.0077551,0.0084696
0.0077629,0.014575,0.010834,0.0087547,0.0050022,0.021326,0.0064769,0.0076189,0.027135,0.0039653,0.0090608,0.011427,0.023297,0.008979,0.0059538,0.0031816,0.013093,0.011402,0.019112,0.0025693,0.0082512,0.011109,0.0068413,0.017199,0.029258,0.0017823,0.0028332,0.0055034,0.0033846,0.014299,0.0031607,0.0031063,0.0154,0.009467,0.0043744,0.008066,0.0077537,0.0084266
0.0077352,0.014535,0.010807,0.0087108,0.0049871,0.021235,0.0064504,0.0076002,0.027065,0.003942,0.0090468,0.01137,0.023272,0.0089625,0.0059617,0.0031713,0.013046,0.011368,0.01902,0.002562,0.0082245,0.011147,0.0068419,0.017157,0.029127,0.0017759,0.002823,0.0055115,0.0033683,0.014315,0.0031518,0.0030911,0.01533,0.0093848,0.0043601,0.0080274,0.007752,0.0083833
0.0077076,0.014496,0.01078,0.008688,0.0049721,0.021143,0.0064242,0.0075814,0.026996,0.0039187,0.0090323,0.011323,0.023245,0.0089461,0.0059697,0.0031611,0.012999,0.011333,0.018924,0.0025547,0.0081978,0.011184,0.006842,0.017114,0.028996,0.0017696,0.0028129,0.0055195,0.0033522,0.014329,0.0031428,0.0030755,0.015259,0.0093027,0.0043459,0.0079888,0.0077501,0.0083398
0.0076802,0.014456,0.010752,0.0086651,0.0049572,0.021051,0.0063984,0.0075626,0.026928,0.0038954,0.0090174,0.011295,0.023217,0.0089297,0.0059777,0.003151,0.012952,0.011298,0.018826,0.0025474,0.0081712,0.011221,0.0068413,0.017072,0.028865,0.0017633,0.0028028,0.0055274,0.003336,0.014341,0.0031338,0.0030593,0.015188,0.009221,0.0043318,0.0079504,0.0077478,0.0082961
0.0076529,0.014417,0.010723,0.008642,0.0049423,0.020959,0.0063728,0.0075436,0.026859,0.0038722,0.009002,0.011266,0.023188,0.0089134,0.0059858,0.0031409,0.012906,0.011261,0.018724,0.0025402,0.0081447,0.011258,0.00684,0.01703,0.028733,0.0017571,0.0027928,0.0055352,0.0033199,0.01435,0.0031248,0.0030427,0.015116,0.0091394,0.0043178,0.0079121,0.0077453,0.0082523
0.0076258,0.014378,0.010693,0.0086187,0.0049275,0.020867,0.0063476,0.0075244,0.02679,0.0038491,0.0089862,0.011238,0.023158,0.0088972,0.0059939,0.0031309,0.012859,0.011223,0.018619,0.002533,0.0081182,0.011294,0.0068381,0.016989,0.028602,0.0017509,0.0027828,0.0055431,0.0033039,0.014356,0.0031157,0.0030258,0.015045,0.0090615,0.0043039,0.0078741,0.0077425,0.0082083
0.0075987,0.014339,0.010662,0.0085953,0.0049128,0.020774,0.0063227,0.0075052,0.02672,0.0038259,0.0089698,0.01121,0.023127,0.0088811,0.0060019,0.003121,0.012813,0.011185,0.018512,0.0025258,0.0080917,0.01133,0.0068355,0.016947,0.02847,0.0017447,0.0027728,0.0055509,0.0032879,0.014361,0.0031075,0.0030084,0.014973,0.00902,0.0042902,0.0078364,0.0077394,0.0081642
0.0075718,0.014301,0.010631,0.0085717,0.0048981,0.020682,0.0062981,0.0074859,0.026651,0.0038028,0.0089531,0.011182,0.023094,0.008865,0.00601,0.0031111,0.012767,0.011145,0.018401,0.0025187,0.0080653,0.011365,0.0068323,0.016906,0.028338,0.0017385,0.0027629,0.0055587,0.003272,0.014364,0.0031043,0.0029907,0.0149,0.008978,0.0042765,0.0077988,0.007736,0.0081471
0.0075451,0.014262,0.010599,0.0085479,0.0048835,0.020589,0.0062737,0.0074665,0.026581,0.0037798,0.0089359,0.011154,0.023059,0.0088489,0.006018,0.0031013,0.012721,0.011104,0.018287,0.0025116,0.0080389,0.0114,0.0068284,0.016865,0.028206,0.0017324,0.0027531,0.0055666,0.0032561,0.014364,0.003101,0.0029725,0.014827,0.0089361,0.004263,0.0077614,0.0077324,0.0081378
0.0075184,0.014223,0.010567,0.0085239,0.004869,0.020496,0.0062497,0.007447,0.026511,0.0037568,0.0089183,0.011126,0.023023,0.0088329,0.0060259,0.0030915,0.012676,0.011063,0.01817,0.0025046,0.0080126,0.011435,0.006824,0.016825,0.028074,0.0017264,0.0027433,0.0055745,0.0032403,0.014361,0.0030977,0.0029542,0.014754,0.0088937,0.0042495,0.0077241,0.0077285,0.0081283
0.0074919,0.014185,0.010534,0.0084998,0.0048545,0.020403,0.0062259,0.0074274,0.026441,0.0037339,0.0089003,0.011098,0.022985,0.0088168,0.0060337,0.0030818,0.01263,0.01102,0.01805,0.0024975,0.0079864,0.011469,0.0068189,0.016785,0.027942,0.0017203,0.0027336,0.0055825,0.0032245,0.014357,0.0030943,0.0029355,0.01468,0.0088511,0.0042362,0.007687,0.0077243,0.0081186
0.0074656,0.014147,0.0105,0.0084758,0.0048401,0.02031,0.0062024,0.0074077,0.02637,0.003711,0.0088818,0.01107,0.022945,0.0088008,0.0060415,0.0030722,0.012585,0.010977,0.017928,0.0024905,0.0079602,0.011503,0.0068132,0.016745,0.02781,0.0017143,0.0027239,0.0055906,0.0032088,0.014349,0.0030909,0.0029166,0.014606,0.0088085,0.004223,0.00765,0.0077198,0.0081088
0.0074393,0.014109,0.010465,0.0084518,0.0048257,0.020216,0.0061791,0.0073879,0.026299,0.0036882,0.0088679,0.011042,0.022902,0.0087849,0.0060491,0.0030626,0.012539,0.010932,0.017802,0.0024836,0.0079341,0.011537,0.0068069,0.016705,0.027678,0.0017084,0.0027143,0.0055988,0.0031931,0.01434,0.0030873,0.0028973,0.014532,0.0087655,0.0042098,0.0076132,0.0077151,0.0080997
0.0074132,0.014071,0.010429,0.0084276,0.0048115,0.020123,0.0061561,0.007368,0.026228,0.0036654,0.0088567,0.011014,0.022858,0.0087689,0.0060567,0.0030531,0.012494,0.010887,0.017674,0.0024766,0.007908,0.01157,0.0068001,0.016666,0.027545,0.0017024,0.0027047,0.0056072,0.0031775,0.014329,0.0030837,0.0028779,0.014457,0.0087225,0.0041968,0.0075766,0.0077102,0.0080906
0.0073872,0.014033,0.010393,0.0084032,0.0047972,0.02003,0.0061333,0.0073481,0.026157,0.0036427,0.0088446,0.010986,0.022812,0.008753,0.0060641,0.0030436,0.012449,0.010841,0.017542,0.0024697,0.007882,0.011602,0.0067926,0.016627,0.027413,0.0016966,0.0026952,0.0056156,0.0031619,0.014316,0.00308,0.0028584,0.014383,0.0086794,0.0041838,0.0075401,0.007705,0.0080814
0.0073613,0.013995,0.010356,0.0083787,0.0047831,0.019937,0.0061108,0.007328,0.026085,0.00362,0.0088318,0.010958,0.022763,0.0087371,0.0060713,0.0030342,0.012404,0.010794,0.017408,0.0024629,0.007856,0.011635,0.0067846,0.016589,0.02728,0.0016907,0.0026858,0.0056243,0.0031463,0.0143,0.0030763,0.0028386,0.014308,0.008636,0.004171,0.0075038,0.0076995,0.008072
0.0073356,0.013957,0.010318,0.008354,0.004769,0.019845,0.0060885,0.0073079,0.026013,0.0035974,0.0088183,0.010931,0.022713,0.0087213,0.0060784,0.0030249,0.012359,0.010791,0.017272,0.002456,0.0078302,0.011666,0.0067761,0.016552,0.027147,0.0016849,0.0026764,0.005633,0.0031308,0.014281,0.0030725,0.0028187,0.014233,0.0085928,0.0041582,0.0074676,0.0076938,0.0080625
0.0073099,0.01392,0.01028,0.0083293,0.0047549,0.019752,0.0060664,0.0072877,0.025941,0.0035748,0.0088039,0.010903,0.022661,0.0087055,0.0060853,0.0030156,0.012315,0.010791,0.017132,0.0024492,0.0078054,0.011698,0.0067669,0.016514,0.027014,0.0016791,0.002667,0.005642,0.0031154,0.01426,0.0030686,0.0027986,0.014157,0.0085493,0.0041456,0.0074317,0.0076878,0.0080528
0.0072844,0.013882,0.010241,0.0083044,0.0047409,0.01966,0.0060445,0.0072674,0.025869,0.0035523,0.0087888,0.010875,0.022607,0.0086898,0.0060919,0.0030064,0.01227,0.010791,0.01699,0.0024424,0.0077825,0.011729,0.0067573,0.016478,0.02688,0.0016733,0.0026577,0.0056511,0.0031,0.014238,0.0030647,0.0027784,0.014082,0.0085058,0.004133,0.0073961,0.0076816,0.0080429
0.0072591,0.013845,0.010201,0.0082793,0.004727,0.019569,0.0060229,0.0072473,0.025797,0.0035299,0.0087729,0.010848,0.022552,0.0086741,0.0060984,0.0029972,0.012226,0.01079,0.016845,0.0024357,0.0077597,0.011759,0.006747,0.016442,0.026747,0.0016676,0.0026485,0.0056604,0.0030847,0.014214,0.0030608,0.0027582,0.014006,0.0084624,0.0041205,0.0073606,0.0076752,0.0080329
0.0072338,0.013808,0.010162,0.0082542,0.0047131,0.019477,0.0060014,0.0072271,0.025724,0.0035076,0.0087563,0.01082,0.022495,0.0086584,0.0061047,0.002988,0.012182,0.010789,0.016698,0.002429,0.0077368,0.01179,0.0067363,0.016406,0.026613,0.0016619,0.0026393,0.0056699,0.0030694,0.014187,0.0030568,0.0027379,0.01393,0.0084189,0.0041081,0.0073253,0.0076687,0.0080228
0.0072087,0.013771,0.010121,0.0082289,0.0046993,0.019387,0.0059802,0.0072068,0.025652,0.0034853,0.0087388,0.010793,0.022437,0.0086428,0.0061108,0.0029789,0.012138,0.010787,0.016628,0.0024223,0.007714,0.01182,0.0067251,0.016371,0.02648,0.0016562,0.0026301,0.0056796,0.0030542,0.014157,0.0030527,0.0027176,0.013853,0.0083754,0.0040958,0.0072901,0.0076619,0.0080126
0.0071836,0.013734,0.010081,0.0082035,0.0046856,0.019296,0.0059591,0.0071865,0.025579,0.003463,0.0087207,0.010765,0.022377,0.0086273,0.0061166,0.0029699,0.012094,0.010785,0.016688,0.0024156,0.0076913,0.011849,0.0067134,0.016337,0.026346,0.0016506,0.0026209,0.0056894,0.003039,0.014126,0.0030485,0.0026972,0.013777,0.008332,0.0040836,0.0072551,0.0076549,0.0080023
0.0071587,0.013697,0.010039,0.008178,0.0046719,0.019206,0.0059382,0.0071661,0.025506,0.0034409,0.0087018,0.010738,0.022317,0.0086117,0.0061222,0.0029609,0.012051,0.010782,0.016745,0.002409,0.0076686,0.011879,0.0067012,0.016303,0.026212,0.001645,0.0026118,0.0056995,0.0030239,0.014092,0.0030443,0.0026768,0.0137,0.0082885,0.0040715,0.0072203,0.0076476,0.0079919
0.007134,0.013661,0.0099978,0.0081524,0.0046583,0.019116,0.0059175,0.0071456,0.025434,0.0034188,0.0086821,0.010711,0.022256,0.0085962,0.0061275,0.002952,0.012007,0.010782,0.016801,0.0024024,0.0076459,0.011908,0.0066884,0.016269,0.026077,0.0016394,0.0026027,0.0057098,0.0030088,0.014056,0.00304,0.0026564,0.013624,0.0082452,0.0040594,0.0071855,0.0076401,0.0079814
0.0071093,0.013624,0.0099558,0.0081266,0.0046447,0.019026,0.005897,0.0071251,0.025361,0.0033968,0.0086617,0.010684,0.022194,0.0085807,0.0061325,0.0029431,0.011964,0.010782,0.016855,0.0023958,0.0076233,0.011936,0.0066753,0.016236,0.025943,0.0016339,0.0025936,0.0057202,0.0029937,0.014019,0.0030356,0.0026361,0.013547,0.0082019,0.0040475,0.007151,0.0076324,0.0079708
0.0070848,0.013587,0.0099133,0.0081011,0.0046312,0.018943,0.0058767,0.0071045,0.025289,0.0033748,0.0086405,0.010657,0.022131,0.0085652,0.0061373,0.0029344,0.011921,0.010782,0.016908,0.0023893,0.0076007,0.011964,0.0066617,0.016203,0.025809,0.0016284,0.0025844,0.0057308,0.0029787,0.013979,0.0030311,0.0026159,0.013471,0.0081586,0.0040356,0.0071166,0.0076245,0.00796
0.0070603,0.013551,0.0098704,0.0080754,0.0046178,0.018862,0.0058565,0.0070839,0.025217,0.0033529,0.0086187,0.01063,0.022067,0.0085497,0.0061418,0.0029256,0.011878,0.010781,0.016959,0.0023828,0.0075782,0.011992,0.0066476,0.016171,0.025674,0.0016229,0.0025753,0.0057416,0.0029638,0.013937,0.0030266,0.0025957,0.013394,0.0081155,0.0040238,0.0070825,0.0076164,0.007949
0.007036,0.013515,0.009827,0.0080497,0.0046044,0.018782,0.0058365,0.0070632,0.025144,0.0033311,0.0085962,0.010604,0.022003,0.0085342,0.006146,0.002917,0.011835,0.010779,0.017008,0.0023763,0.0075557,0.012019,0.0066331,0.016139,0.025539,0.0016175,0.0025662,0.0057526,0.0029489,0.013947,0.0030221,0.0025756,0.013317,0.0080725,0.0040121,0.0070486,0.007608,0.0079379
0.0070118,0.013479,0.0097833,0.0080239,0.004591,0.018706,0.0058166,0.0070424,0.025073,0.0033094,0.0085729,0.010577,0.021938,0.0085188,0.0061499,0.0029083,0.011792,0.010777,0.017056,0.0023699,0.0075333,0.012046,0.0066182,0.016109,0.025404,0.0016121,0.0025571,0.0057637,0.0029341,0.013989,0.0030175,0.0025556,0.01324,0.0080295,0.0040004,0.0070148,0.0075994,0.0079266
0.0069878,0.013443,0.009739,0.007998,0.0045777,0.018636,0.0057969,0.0070216,0.025001,0.0032877,0.008549,0.01055,0.021874,0.0085033,0.0061535,0.0028997,0.011749,0.010774,0.017103,0.0023634,0.0075109,0.012073,0.0066028,0.016121,0.025269,0.0016067,0.002548,0.005775,0.0029193,0.01403,0.0030128,0.0025357,0.013163,0.0079867,0.0039888,0.0069812,0.0075906,0.007915
0.0069638,0.013407,0.0096943,0.007972,0.0045645,0.018567,0.0057773,0.0070008,0.024929,0.0032661,0.0085244,0.010523,0.021811,0.0084879,0.0061567,0.0028911,0.011707,0.010771,0.017148,0.002357,0.0074885,0.012099,0.0065871,0.016132,0.025133,0.0016013,0.0025388,0.0057864,0.0029045,0.01407,0.0030081,0.002516,0.013086,0.0079441,0.0039774,0.0069477,0.0075816,0.0079034
0.00694,0.013371,0.0096491,0.0079459,0.0045513,0.018497,0.0057578,0.0069799,0.024857,0.0032446,0.0084991,0.010497,0.021751,0.0084724,0.0061599,0.0028825,0.011665,0.010767,0.017192,0.0023507,0.0074662,0.012124,0.0065709,0.016143,0.024998,0.001596,0.0025297,0.005798,0.0028898,0.01411,0.0030033,0.0025102,0.013009,0.0079015,0.0039659,0.0069143,0.0075725,0.0078914
0.0069162,0.013335,0.0096035,0.0079197,0.0045382,0.018426,0.0057385,0.006959,0.024786,0.0032232,0.0084732,0.01047,0.021696,0.0084569,0.0061627,0.002874,0.011622,0.010762,0.017234,0.0023443,0.007444,0.012149,0.0065543,0.016152,0.024862,0.0015907,0.0025205,0.0058097,0.0028752,0.014148,0.0029985,0.0025045,0.012931,0.0078591,0.0039546,0.0068812,0.0075631,0.0078793
0.0068926,0.0133,0.0095575,0.0078934,0.0045252,0.018356,0.0057194,0.0069381,0.024714,0.0032019,0.0084466,0.010443,0.021644,0.0084414,0.0061652,0.0028655,0.01158,0.010757,0.017274,0.002338,0.0074217,0.012173,0.0065374,0.01616,0.024727,0.0015855,0.0025112,0.0058215,0.0028606,0.014185,0.0029936,0.0024986,0.012854,0.0078169,0.0039433,0.0068482,0.0075564,0.0078671
0.0068691,0.013264,0.009511,0.0078671,0.0045122,0.018286,0.0057003,0.0069171,0.024643,0.0031806,0.0084194,0.010417,0.021593,0.0084259,0.0061674,0.002857,0.011538,0.010751,0.017313,0.0023317,0.0073996,0.012197,0.00652,0.016168,0.024591,0.0015802,0.002502,0.0058334,0.0028461,0.014222,0.0029888,0.0024924,0.012777,0.0077748,0.0039321,0.0068155,0.0075503,0.0078546
0.0068457,0.013229,0.009464,0.0078407,0.0044992,0.018216,0.0056814,0.006896,0.024571,0.0031594,0.0083916,0.01039,0.021544,0.0084104,0.0061693,0.0028485,0.011497,0.010751,0.017351,0.0023255,0.0073774,0.012221,0.0065022,0.016174,0.024454,0.001575,0.0024926,0.0058454,0.0028316,0.014257,0.0029839,0.0024861,0.0127,0.0077328,0.003921,0.0067828,0.0075437,0.0078419
0.0068224,0.013194,0.0094166,0.0078142,0.0044863,0.018145,0.0056626,0.006875,0.0245,0.0031383,0.0083631,0.010364,0.021497,0.0083948,0.0061708,0.0028401,0.011455,0.01075,0.017386,0.0023192,0.0073553,0.012243,0.0064841,0.016179,0.024318,0.0015699,0.0024832,0.0058574,0.0028171,0.014292,0.0029789,0.0024795,0.012623,0.0076911,0.0039099,0.0067503,0.0075366,0.007829
0.0067992,0.013159,0.0093689,0.0077877,0.0044735,0.018075,0.0056439,0.0068539,0.024428,0.0031173,0.0083341,0.010337,0.021451,0.0083792,0.006172,0.0028316,0.011414,0.010749,0.01742,0.002313,0.0073333,0.012266,0.0064656,0.016184,0.024182,0.0015647,0.0024737,0.0058696,0.0028027,0.014326,0.0029738,0.0024728,0.012547,0.0076496,0.0038989,0.0067181,0.007529,0.007816
0.0067761,0.013124,0.009321,0.0077611,0.0044607,0.018005,0.0056253,0.0068328,0.024356,0.0030964,0.0083045,0.010311,0.021405,0.0083635,0.0061728,0.0028232,0.011373,0.010747,0.017452,0.0023069,0.0073114,0.012287,0.0064467,0.016187,0.024045,0.0015596,0.0024641,0.0058817,0.0027884,0.014359,0.0029687,0.002466,0.01247,0.0076082,0.0038883,0.006686,0.0075208,0.0078027
0.0067532,0.013089,0.009273,0.0077344,0.0044479,0.017935,0.0056068,0.0068116,0.024284,0.0030756,0.0082742,0.010284,0.021359,0.0083478,0.0061733,0.0028147,0.011332,0.010745,0.017481,0.0023007,0.0072894,0.012308,0.0064275,0.01619,0.023908,0.0015545,0.0024545,0.0058939,0.0027741,0.014391,0.0029635,0.0024591,0.012393,0.0075669,0.0038793,0.006654,0.0075122,0.0077893
0.0067303,0.013054,0.0092248,0.0077077,0.0044353,0.017865,0.0055884,0.0067904,0.024227,0.0030548,0.0082434,0.010258,0.021313,0.008332,0.0061734,0.0028063,0.011291,0.010743,0.017509,0.0022946,0.0072676,0.012329,0.0064079,0.016191,0.023771,0.0015494,0.0024447,0.005906,0.0027599,0.014423,0.0029583,0.0024521,0.012317,0.007526,0.0038703,0.0066223,0.0075031,0.0077758
0.0067076,0.01302,0.0091763,0.0076812,0.0044226,0.017797,0.0055701,0.0067692,0.02418,0.0030342,0.0082121,0.010231,0.021283,0.0083162,0.0061731,0.0027979,0.01125,0.010739,0.017535,0.0022885,0.0072457,0.012349,0.0063879,0.016192,0.023634,0.0015444,0.0024349,0.0059182,0.0027457,0.014453,0.002953,0.002445,0.01224,0.0074852,0.0038614,0.0065907,0.0074935,0.007762
0.0066849,0.012985,0.0091274,0.0076546,0.0044101,0.01773,0.0055519,0.006748,0.024133,0.0030136,0.0081802,0.010205,0.021285,0.0083004,0.0061725,0.0027895,0.011209,0.010736,0.017558,0.0022824,0.0072239,0.012368,0.0063677,0.016191,0.023497,0.0015394,0.002425,0.0059303,0.0027315,0.014483,0.0029476,0.0024377,0.012164,0.0074446,0.0038525,0.0065592,0.0074834,0.007748
0.0066624,0.012951,0.0090781,0.007628,0.0043975,0.017663,0.0055338,0.0067268,0.024084,0.0029932,0.0081479,0.010179,0.021286,0.0082845,0.0061715,0.0027811,0.011169,0.010732,0.017579,0.0022764,0.0072022,0.012387,0.006347,0.01619,0.02336,0.0015344,0.0024149,0.0059424,0.0027174,0.014512,0.0029422,0.0024304,0.012088,0.0074041,0.0038437,0.0065279,0.007473,0.0077338
0.00664,0.012917,0.0090283,0.0076013,0.0043851,0.017597,0.0055158,0.0067055,0.024035,0.0029728,0.008115,0.010153,0.021286,0.0082686,0.0061702,0.0027726,0.011128,0.010728,0.017598,0.0022703,0.0071805,0.012405,0.0063261,0.016188,0.023222,0.0015294,0.0024048,0.0059544,0.0027034,0.014539,0.0029367,0.002423,0.012012,0.007364,0.0038349,0.0064968,0.0074622,0.0077196
0.0066176,0.012882,0.0089781,0.0075746,0.0043726,0.017532,0.0054978,0.0066842,0.023986,0.0029525,0.0080815,0.010126,0.021285,0.0082525,0.0061685,0.0027642,0.011088,0.010723,0.017615,0.0022643,0.0071589,0.012423,0.0063048,0.016184,0.023085,0.0015245,0.0023945,0.0059663,0.0026893,0.014566,0.0029311,0.0024156,0.011936,0.0073241,0.0038262,0.0064657,0.0074509,0.0077051
0.0065954,0.012848,0.0089275,0.0075478,0.0043603,0.017466,0.00548,0.006663,0.023937,0.0029323,0.0080477,0.0101,0.021283,0.0082364,0.0061664,0.0027558,0.011048,0.010719,0.01763,0.0022584,0.0071374,0.01244,0.0062832,0.01618,0.023017,0.0015196,0.0023841,0.005978,0.0026754,0.014593,0.0029254,0.0024082,0.01186,0.0072843,0.0038175,0.0064348,0.0074392,0.0076904
0.0065733,0.012814,0.0088765,0.007521,0.004348,0.017401,0.0054622,0.0066416,0.023886,0.0029122,0.0080133,0.010074,0.021279,0.0082203,0.006164,0.0027473,0.011008,0.010713,0.017642,0.0022524,0.0071159,0.012457,0.0062613,0.016175,0.022993,0.0015147,0.0023738,0.0059897,0.0026615,0.014618,0.0029196,0.0024007,0.011784,0.0072446,0.0038089,0.006404,0.007427,0.0076756
0.0065513,0.012781,0.0088249,0.0074942,0.0043357,0.017337,0.0054445,0.0066203,0.023836,0.0028921,0.0079785,0.010048,0.021275,0.008204,0.0061612,0.0027476,0.010968,0.010708,0.017653,0.0022465,0.0070944,0.012473,0.0062391,0.01617,0.022968,0.0015098,0.0023653,0.0060011,0.0026476,0.014643,0.0029138,0.0023933,0.011709,0.0072054,0.0038003,0.0063733,0.0074144,0.0076606
0.0065294,0.012747,0.008773,0.0074673,0.0043235,0.017274,0.0054269,0.006599,0.023785,0.0028722,0.0079432,0.010022,0.021269,0.0081877,0.006158,0.002748,0.010929,0.010701,0.017661,0.0022406,0.007073,0.012488,0.0062166,0.016163,0.022944,0.001505,0.002357,0.0060124,0.0026338,0.014666,0.0029078,0.0023858,0.011634,0.0071663,0.0037918,0.0063427,0.0074013,0.0076455
0.0065076,0.012713,0.0087207,0.0074403,0.0043113,0.017211,0.0054093,0.0065777,0.023733,0.0028523,0.0079075,0.0099958,0.021263,0.0081714,0.0061545,0.0027485,0.010889,0.010695,0.017667,0.0022347,0.0070516,0.012503,0.0061939,0.016156,0.022919,0.0015002,0.0023486,0.0060235,0.0026201,0.014689,0.0029018,0.0023783,0.011558,0.0071274,0.0037833,0.0063124,0.0073878,0.0076302
0.0064859,0.01268,0.0086679,0.0074134,0.0042992,0.017148,0.0053918,0.0065563,0.023682,0.0028325,0.0078715,0.0099698,0.021256,0.0081549,0.0061506,0.0027491,0.01085,0.010687,0.01767,0.0022289,0.0070303,0.012517,0.0061708,0.016147,0.022894,0.0014954,0.0023401,0.0060344,0.0026064,0.014711,0.0028958,0.0023709,0.011483,0.0070886,0.0037749,0.0062821,0.0073738,0.0076147
0.0064642,0.012646,0.0086148,0.0073864,0.0042871,0.017085,0.0053744,0.006535,0.023629,0.0028129,0.007835,0.0099438,0.021248,0.0081384,0.0061463,0.0027497,0.010811,0.010679,0.017672,0.0022231,0.007009,0.012531,0.0061475,0.016138,0.022868,0.0014907,0.0023313,0.0060451,0.0025928,0.014732,0.0028898,0.0023634,0.011409,0.0070501,0.0037665,0.0062519,0.0073596,0.0075991
0.0064427,0.012613,0.0085612,0.0073594,0.0042751,0.017023,0.005357,0.0065136,0.023576,0.0027933,0.0077982,0.0099178,0.021239,0.0081219,0.0061416,0.0027504,0.010771,0.010671,0.017671,0.0022173,0.0069879,0.012545,0.0061238,0.016129,0.022842,0.0014859,0.0023224,0.0060555,0.0025792,0.014752,0.0028836,0.002356,0.011334,0.007012,0.0037581,0.0062219,0.007345,0.0075834
0.0064213,0.01258,0.0085072,0.0073323,0.0042632,0.01696,0.0053397,0.0064923,0.023523,0.0027738,0.007761,0.0098919,0.021229,0.0081052,0.0061366,0.0027511,0.010733,0.010662,0.017669,0.0022115,0.0069667,0.012557,0.0061,0.016118,0.022816,0.0014812,0.0023132,0.0060656,0.0025656,0.014772,0.0028774,0.0023487,0.01126,0.0069739,0.0037498,0.0061919,0.00733,0.0075675
0.0064,0.012547,0.008453,0.0073053,0.0042513,0.016901,0.0053224,0.0064709,0.023469,0.0027544,0.0077235,0.009866,0.021219,0.0080885,0.0061312,0.002752,0.010694,0.010653,0.017664,0.0022057,0.0069457,0.01257,0.0060759,0.016107,0.022789,0.0014766,0.0023038,0.0060754,0.0025521,0.01479,0.0028711,0.0023415,0.011186,0.006936,0.0037415,0.006162,0.0073145,0.0075514
0.0063788,0.012514,0.0083983,0.0072782,0.0042394,0.016844,0.0053052,0.0064496,0.023414,0.0027351,0.0076856,0.0098402,0.021208,0.0080717,0.0061256,0.0027529,0.010655,0.010643,0.017657,0.0022,0.0069246,0.012582,0.0060515,0.016095,0.022762,0.0014719,0.0022942,0.0060848,0.0025386,0.014808,0.0028648,0.0023343,0.011113,0.0068984,0.0037333,0.0061322,0.0072987,0.0075351
0.0063577,0.012481,0.0083432,0.0072511,0.0042276,0.016788,0.0052881,0.0064283,0.023359,0.0027158,0.0076475,0.0098144,0.021197,0.0080549,0.0061198,0.0027538,0.010617,0.010636,0.017649,0.0021943,0.0069036,0.012593,0.0060269,0.016083,0.022735,0.0014673,0.0022843,0.006094,0.0025252,0.014825,0.0028583,0.0023271,0.01104,0.0068611,0.0037251,0.0061024,0.0072825,0.0075188
0.0063367,0.012448,0.008288,0.007224,0.0042158,0.016731,0.0052709,0.006407,0.023304,0.0026967,0.0076092,0.0097886,0.021185,0.0080379,0.0061136,0.0027548,0.010578,0.010631,0.017638,0.0021886,0.0068827,0.012604,0.0060021,0.016069,0.022708,0.0014627,0.0022742,0.0061028,0.0025119,0.014842,0.0028518,0.0023201,0.010967,0.0068239,0.003717,0.0060729,0.0072658,0.0075023
0.0063158,0.012416,0.0082323,0.0071969,0.0042041,0.016674,0.0052539,0.0063858,0.023248,0.0026777,0.0075706,0.0097628,0.021173,0.0080209,0.0061071,0.0027559,0.01054,0.010626,0.017625,0.002183,0.0068618,0.012615,0.0059771,0.016056,0.02268,0.0014581,0.0022639,0.0061112,0.0024986,0.014857,0.0028452,0.0023131,0.010894,0.0067869,0.0037089,0.0060435,0.0072488,0.0074857
0.006295,0.012383,0.0081762,0.00717,0.0041924,0.016617,0.0052369,0.0063646,0.023191,0.0026587,0.0075319,0.0097371,0.02116,0.0080038,0.0061002,0.002757,0.010502,0.01062,0.01761,0.0021773,0.006841,0.012625,0.0059519,0.016041,0.022651,0.0014535,0.0022624,0.0061192,0.0024853,0.014872,0.0028385,0.0023061,0.010822,0.0067501,0.0037008,0.0060142,0.0072315,0.0074689
0.0062742,0.012351,0.0081201,0.007143,0.0041808,0.01656,0.0052199,0.0063434,0.023135,0.0026399,0.007493,0.0097114,0.021148,0.0079867,0.006093,0.0027582,0.010464,0.010614,0.017594,0.0021717,0.0068203,0.012635,0.0059265,0.016026,0.022623,0.0014493,0.0022648,0.0061267,0.0024721,0.014885,0.0028318,0.0022993,0.010749,0.0067135,0.0036928,0.005985,0.0072176,0.007452
0.0062536,0.012319,0.0080635,0.0071161,0.0041692,0.016503,0.0052029,0.0063222,0.023077,0.0026211,0.007454,0.0096858,0.021157,0.0079694,0.0060854,0.0027595,0.010427,0.010607,0.017575,0.0021661,0.0067996,0.012644,0.0059008,0.016011,0.022594,0.0014454,0.0022671,0.0061339,0.0024589,0.014898,0.0028249,0.0022925,0.010678,0.0066772,0.0036848,0.0059558,0.0072035,0.007435
0.0062331,0.012286,0.0080066,0.0070892,0.0041577,0.016446,0.005186,0.006301,0.023019,0.0026025,0.0074332,0.0096602,0.021175,0.0079521,0.0060775,0.0027608,0.010389,0.0106,0.017555,0.0021606,0.006779,0.012653,0.005875,0.015994,0.022564,0.0014415,0.0022692,0.0061406,0.0024458,0.014911,0.002818,0.0022859,0.010606,0.0066411,0.0036768,0.0059268,0.0071894,0.0074178
0.0062126,0.012254,0.0079497,0.0070622,0.0041462,0.01639,0.0051692,0.0062799,0.02296,0.0025839,0.0074156,0.0096346,0.021193,0.0079347,0.0060692,0.0027621,0.010351,0.010592,0.017533,0.002155,0.0067584,0.012662,0.0058491,0.015978,0.022534,0.0014376,0.0022711,0.0061468,0.0024327,0.014922,0.0028111,0.0022793,0.010535,0.0066051,0.0036689,0.0058979,0.0071751,0.0074005
0.0061923,0.012222,0.0078924,0.0070353,0.0041348,0.016336,0.0051523,0.0062587,0.022901,0.0025654,0.0073981,0.009609,0.02121,0.0079172,0.0060605,0.0027635,0.010314,0.010584,0.017509,0.0021495,0.0067378,0.01267,0.005823,0.015961,0.022504,0.0014338,0.0022729,0.0061525,0.0024197,0.014933,0.002804,0.0022729,0.010464,0.0065693,0.003661,0.005869,0.0071607,0.007383
0.006172,0.01219,0.0078524,0.0070083,0.0041234,0.016284,0.0051355,0.0062376,0.022841,0.002547,0.0073805,0.0095835,0.021225,0.0078997,0.0060516,0.002765,0.010277,0.010575,0.017483,0.002144,0.0067173,0.012679,0.0057968,0.015943,0.022474,0.00143,0.0022746,0.0061578,0.0024067,0.014943,0.0027969,0.0022665,0.010393,0.0065337,0.0036531,0.0058403,0.0071462,0.0073655
0.0061519,0.012159,0.0078221,0.0069813,0.004112,0.016232,0.0051188,0.0062164,0.022781,0.0025288,0.0073627,0.009558,0.021239,0.007882,0.0060422,0.0027665,0.01024,0.010566,0.017456,0.0021385,0.006697,0.012687,0.0057704,0.015925,0.022443,0.0014262,0.0022763,0.0061625,0.0023938,0.014952,0.0027897,0.0022603,0.010323,0.0064984,0.0036453,0.0058116,0.0071316,0.0073479
0.0061318,0.012127,0.0077912,0.0069544,0.0041007,0.016179,0.005102,0.0061953,0.02272,0.0025106,0.0073445,0.0095326,0.021252,0.0078643,0.0060326,0.002768,0.010203,0.010556,0.017427,0.0021331,0.0066766,0.012695,0.0057441,0.015907,0.022412,0.0014224,0.0022779,0.0061667,0.002381,0.01496,0.0027824,0.0022541,0.010253,0.0064632,0.0036375,0.0057831,0.0071169,0.0073301
0.0061119,0.012095,0.00776,0.0069275,0.0040895,0.016126,0.0050853,0.0061742,0.022659,0.0024925,0.007326,0.0095071,0.021264,0.0078465,0.0060226,0.0027697,0.010166,0.010545,0.017396,0.0021277,0.0066563,0.012703,0.0057177,0.015888,0.02238,0.0014186,0.0022794,0.0061703,0.0023682,0.014968,0.002775,0.002248,0.010183,0.0064282,0.0036298,0.0057546,0.0071038,0.0073122
0.006092,0.012064,0.0077284,0.0069005,0.0040783,0.016074,0.0050686,0.0061532,0.022597,0.0024745,0.0073071,0.0094818,0.021275,0.0078287,0.0060123,0.0027713,0.01013,0.010534,0.017363,0.0021222,0.0066361,0.012711,0.0056913,0.015869,0.022348,0.0014148,0.0022808,0.0061734,0.0023554,0.014975,0.0027677,0.0022421,0.010114,0.0063932,0.0036221,0.0057262,0.0071001,0.0072942
0.0060722,0.012032,0.0076962,0.0068736,0.0040671,0.016021,0.005052,0.0061321,0.022535,0.0024566,0.0072878,0.0094564,0.021284,0.0078107,0.0060017,0.0027731,0.010093,0.010522,0.017329,0.0021169,0.0066159,0.012718,0.0056649,0.01585,0.022316,0.001411,0.002282,0.0061759,0.0023427,0.014981,0.0027603,0.0022362,0.010045,0.0063586,0.0036145,0.0056981,0.0070963,0.0072761
0.0060525,0.012001,0.0076639,0.0068467,0.004056,0.015968,0.0050353,0.0061111,0.022472,0.0024388,0.0072681,0.0094311,0.021292,0.0077927,0.0059907,0.0027748,0.010057,0.01051,0.017293,0.0021115,0.0065957,0.012726,0.0056385,0.015831,0.022283,0.0014073,0.002283,0.0061778,0.00233,0.014986,0.0027529,0.0022304,0.0099764,0.0063242,0.0036069,0.00567,0.0070923,0.0072579
0.0060329,0.01197,0.0076311,0.0068198,0.0040449,0.015915,0.0050187,0.0060901,0.022408,0.0024211,0.0072479,0.0094058,0.021299,0.0077746,0.0059794,0.0027766,0.010021,0.010498,0.017255,0.0021061,0.0065756,0.012733,0.0056121,0.015811,0.02225,0.0014036,0.0022839,0.0061791,0.0023208,0.014991,0.0027453,0.0022247,0.0099082,0.0062899,0.0035993,0.005642,0.0070882,0.0072396
0.0060133,0.011939,0.0075982,0.0067929,0.0040339,0.015861,0.0050022,0.0060691,0.022344,0.0024035,0.0072272,0.0093805,0.021304,0.0077565,0.005968,0.0027784,0.0099846,0.010485,0.017216,0.0021008,0.0065556,0.012741,0.0055857,0.015791,0.022216,0.0013998,0.0022845,0.0061798,0.0023144,0.014995,0.0027377,0.002219,0.0098404,0.0062557,0.0035918,0.0056142,0.007084,0.0072212
0.0059939,0.011908,0.0075648,0.006766,0.0040229,0.015808,0.0049856,0.0060481,0.02228,0.0023859,0.0072061,0.0093553,0.021309,0.0077383,0.0059564,0.0027803,0.0099486,0.010471,0.017176,0.0020955,0.0065357,0.012748,0.0055592,0.015771,0.022182,0.0013961,0.0022849,0.0061798,0.002308,0.014998,0.0027301,0.0022135,0.009773,0.0062216,0.0035842,0.0055864,0.0070796,0.0072027
0.0059746,0.011877,0.0075313,0.0067392,0.004012,0.015754,0.004969,0.0060272,0.022215,0.0023685,0.0071844,0.0093301,0.021312,0.0077201,0.0059445,0.0027822,0.0099128,0.010457,0.017133,0.0020902,0.0065158,0.012754,0.0055326,0.01575,0.022148,0.0013924,0.002285,0.0061793,0.0023016,0.015,0.0027223,0.0022081,0.0097059,0.0061878,0.0035767,0.0055588,0.007075,0.0071841
0.0059553,0.011846,0.0074975,0.0067123,0.0040011,0.015701,0.0049525,0.0060062,0.02215,0.0023512,0.0071623,0.009305,0.021314,0.0077018,0.0059324,0.0027841,0.0098772,0.010442,0.01709,0.002085,0.0064959,0.012761,0.005506,0.015728,0.022113,0.0013888,0.0022848,0.006178,0.0022953,0.015002,0.0027145,0.0022027,0.0096392,0.0061542,0.0035693,0.0055312,0.0070703,0.0071654
0.0059361,0.011815,0.0074634,0.0066855,0.0039902,0.015647,0.004936,0.0059853,0.022083,0.002334,0.0071397,0.0092798,0.021314,0.0076835,0.0059199,0.002786,0.0098416,0.010427,0.017044,0.0020797,0.0064761,0.012767,0.0054793,0.015706,0.022078,0.0013851,0.0022845,0.0061761,0.0022889,0.015003,0.0027067,0.0021974,0.0095729,0.0061206,0.0035618,0.0055038,0.0070655,0.0071466
0.005917,0.011785,0.0074291,0.0066587,0.0039794,0.015593,0.0049195,0.0059645,0.022017,0.0023169,0.0071166,0.0092547,0.021314,0.0076651,0.0059071,0.002788,0.0098062,0.010412,0.016998,0.0020745,0.0064564,0.012772,0.0054526,0.015684,0.022042,0.0013815,0.0022838,0.0061736,0.0022826,0.015003,0.0026987,0.0021922,0.009507,0.0060872,0.0035544,0.0054764,0.0070605,0.0071277
0.005898,0.011754,0.0073945,0.006632,0.0039687,0.015539,0.004903,0.0059436,0.02195,0.0022998,0.0070931,0.0092297,0.021312,0.0076468,0.0058941,0.00279,0.009771,0.010396,0.016949,0.0020693,0.0064367,0.012778,0.0054257,0.015661,0.022006,0.0013779,0.0022829,0.0061703,0.0022764,0.015003,0.0026907,0.002187,0.0094415,0.0060539,0.003547,0.0054492,0.0070554,0.0071088
0.0058791,0.011724,0.0073595,0.0066053,0.0039579,0.015485,0.0048866,0.0059228,0.021883,0.0022829,0.007069,0.0092047,0.021309,0.0076283,0.0058807,0.002792,0.0097359,0.01038,0.0169,0.0020641,0.0064171,0.012783,0.0053988,0.015638,0.02197,0.0013742,0.0022818,0.0061664,0.0022701,0.015002,0.0026827,0.0021819,0.0093765,0.0060209,0.0035396,0.005422,0.0070501,0.0070897
0.0058603,0.011694,0.0073244,0.0065786,0.0039472,0.015431,0.0048701,0.0059021,0.021815,0.0022661,0.0070445,0.0091797,0.021305,0.0076098,0.0058671,0.0027941,0.0097009,0.010364,0.016849,0.002059,0.0063975,0.012788,0.0053718,0.015614,0.021933,0.0013706,0.0022804,0.0061617,0.0022639,0.015,0.0026745,0.0021769,0.0093118,0.0059879,0.0035323,0.005395,0.0070447,0.0070705
0.0058416,0.011664,0.0072887,0.0065519,0.0039366,0.015377,0.0048537,0.0058813,0.021746,0.0022493,0.0070195,0.0091547,0.0213,0.0075912,0.0058532,0.0027961,0.0096661,0.010347,0.016796,0.0020538,0.006378,0.012793,0.0053447,0.01559,0.021896,0.0013671,0.0022788,0.0061564,0.0022576,0.014998,0.0026663,0.0021718,0.0092475,0.005955,0.003525,0.0053681,0.0070392,0.0070514
0.0058229,0.011634,0.0072531,0.0065252,0.003926,0.015323,0.0048372,0.0058606,0.021678,0.0022327,0.0069941,0.0091298,0.021293,0.0075725,0.005839,0.0027982,0.0096314,0.010331,0.016742,0.0020487,0.0063586,0.012797,0.0053176,0.015565,0.021858,0.0013635,0.0022769,0.0061504,0.0022514,0.014995,0.0026581,0.0021668,0.0091837,0.0059223,0.0035177,0.0053413,0.0070336,0.0070321
0.0058043,0.011604,0.007217,0.0064986,0.0039155,0.015269,0.0048208,0.0058399,0.021608,0.0022182,0.0069682,0.0091049,0.021286,0.0075538,0.0058246,0.0028003,0.0095969,0.010314,0.016687,0.0020436,0.0063392,0.012801,0.0052904,0.01554,0.02182,0.0013599,0.0022748,0.0061437,0.0022453,0.014991,0.0026497,0.0021619,0.0091202,0.0058896,0.0035104,0.0053147,0.0070278,0.0070127
0.0057858,0.011574,0.0071807,0.0064721,0.003905,0.015215,0.0048044,0.0058193,0.021539,0.0022163,0.0069419,0.00908,0.021277,0.007535,0.0058099,0.0028024,0.0095625,0.010298,0.01663,0.0020385,0.0063198,0.012805,0.0052631,0.015515,0.021782,0.0013564,0.0022724,0.0061363,0.0022391,0.014987,0.0026413,0.0021569,0.0090572,0.0058572,0.0035031,0.0052881,0.0070218,0.0069933
0.0057674,0.011544,0.0071442,0.0064457,0.0038945,0.015177,0.004788,0.0057987,0.021468,0.0022145,0.006915,0.0090552,0.021268,0.0075162,0.0057949,0.0028045,0.0095283,0.010281,0.016583,0.0020335,0.0063005,0.012808,0.0052364,0.01549,0.021743,0.0013529,0.0022698,0.0061282,0.002233,0.014982,0.0026329,0.002152,0.0089947,0.0058249,0.0034959,0.0052618,0.0070158,0.0069738
0.0057491,0.011514,0.0071075,0.0064193,0.0038841,0.01514,0.0047717,0.0057781,0.021398,0.0022125,0.0068878,0.0090304,0.021257,0.0074973,0.0057797,0.0028066,0.0094941,0.010264,0.0166,0.0020284,0.0062813,0.012811,0.0052328,0.015464,0.021704,0.0013493,0.002267,0.0061193,0.0022268,0.014976,0.0026244,0.0021472,0.0089325,0.0057926,0.0034887,0.0052356,0.0070096,0.0069542
0.0057309,0.011485,0.0070705,0.006393,0.0038737,0.015103,0.0047553,0.0057575,0.021327,0.0022105,0.0068602,0.0090057,0.021246,0.0074783,0.0057643,0.0028087,0.0094601,0.010247,0.016616,0.0020234,0.0062621,0.012814,0.0052288,0.015438,0.021664,0.0013458,0.0022638,0.0061097,0.0022207,0.01497,0.0026158,0.0021423,0.0088708,0.0057604,0.0034815,0.0052094,0.0070033,0.0069346
0.0057127,0.011455,0.0070334,0.0063668,0.0038633,0.015065,0.0047389,0.005737,0.021256,0.0022085,0.0068321,0.008981,0.021233,0.0074593,0.0057487,0.0028108,0.0094263,0.010229,0.01663,0.0020184,0.006243,0.012817,0.0052245,0.015411,0.021624,0.0013423,0.0022604,0.0060994,0.0022147,0.01497,0.0026072,0.0021374,0.0088096,0.0057284,0.0034743,0.0051835,0.0069969,0.0069149
0.0056947,0.011426,0.0069961,0.0063405,0.003853,0.015028,0.0047226,0.0057166,0.021184,0.0022064,0.0068036,0.0089563,0.021219,0.0074403,0.0057331,0.0028129,0.0093925,0.010211,0.016643,0.0020134,0.0062239,0.012819,0.0052198,0.015384,0.021584,0.0013388,0.0022568,0.0060883,0.0022086,0.014971,0.0025985,0.0021325,0.0087489,0.0056965,0.0034672,0.0051576,0.0069904,0.0068951
