0.00027501,0.00016028,5.9035e-05,0.00016493,0.00022953,0.00012809,6.1096e-05,0.00023188,0.00022085,0.0001295,7.7712e-05,0.00028654,0.00019082,9.8137e-05,0.00022987,8.0461e-05,0.00016191,0.00010473,0.00014632,0.00030624,6.2339e-05,5.9346e-05,3.9679e-05,4.6752e-05,6.9115e-05,6.3067e-05,9.8619e-05,4.474e-05,0.00015467,0.00013313,5.1762e-05,8.898e-05,0.00024974,5.0312e-05,0.0001039,0.00010552,0.00015813,0.00010237
0.0011021,0.00064458,0.00023844,0.00068148,0.00092908,0.00051326,0.00024466,0.00092944,0.00088818,0.00051883,0.0003111,0.0011465,0.00076552,0.00039457,0.00087837,0.00033791,0.00065075,0.00042306,0.00058575,0.0010943,0.00025268,0.0002397,0.00015948,0.00018775,0.00027864,0.00025464,0.00043746,0.00018051,0.00061958,0.00053464,0.00022117,0.00036275,0.0010687,0.00020175,0.00041701,0.00043719,0.00062969,0.00040609
0.0024887,0.0014627,0.00059499,0.001708,0.002166,0.0012567,0.00055336,0.0020977,0.0020056,0.0011798,0.00070228,0.0025441,0.0017584,0.00089316,0.0019023,0.0008366,0.0014654,0.00096238,0.0013163,0.0028739,0.00057416,0.00056246,0.00036296,0.00042418,0.00062481,0.00057659,0.0010986,0.0004031,0.0013997,0.0012192,0.00048586,0.00083983,0.002311,0.0004628,0.00098385,0.0012297,0.0014695,0.00095884
0.0044496,0.0026827,0.0014413,0.0033032,0.0039413,0.0024148,0.00098618,0.0037537,0.0035865,0.0021177,0.0012518,0.0048879,0.0031687,0.0015802,0.0042951,0.0014875,0.0028492,0.0017111,0.0023458,0.0053241,0.001064,0.0010008,0.00065485,0.00075102,0.0011225,0.0010263,0.0024758,0.00073127,0.0025116,0.0022346,0.00096695,0.001616,0.0048026,0.00083325,0.0017492,0.0023198,0.0026006,0.0016859
0.0069736,0.0041083,0.0025546,0.0053966,0.0062571,0.0042305,0.0015503,0.0061839,0.0056876,0.0033168,0.0020452,0.007864,0.0049967,0.0025419,0.0079831,0.002841,0.0049097,0.0027078,0.003697,0.0099801,0.0019412,0.001666,0.0010245,0.001231,0.0018121,0.0016001,0.0061943,0.0011455,0.0039348,0.0036705,0.0015713,0.003315,0.010194,0.0013222,0.0030101,0.0029809,0.0040841,0.00286
0.01154,0.0060979,0.0043862,0.010087,0.011751,0.0067273,0.0022292,0.0087522,0.0081366,0.0048961,0.0030473,0.010672,0.0072199,0.0036526,0.014748,0.0042881,0.0075988,0.0039069,0.0052876,0.011772,0.0028317,0.0025742,0.0015765,0.0017829,0.0026399,0.0023059,0.0082445,0.0017523,0.0056891,0.0051842,0.0027555,0.0070259,0.012587,0.0021373,0.0056374,0.0045918,0.0058498,0.0047857
0.017352,0.0091475,0.0083665,0.018334,0.018487,0.011536,0.0030635,0.012532,0.011658,0.0066537,0.0042967,0.017103,0.010916,0.0050202,0.019893,0.008674,0.010382,0.0056884,0.0072609,0.017991,0.0046139,0.0037982,0.0022111,0.002635,0.0034974,0.0036448,0.01315,0.0022742,0.0080536,0.0069873,0.0059711,0.01071,0.015172,0.0031891,0.0094726,0.0077156,0.0085125,0.0067677
0.027278,0.014425,0.0083567,0.022672,0.028822,0.018357,0.0039894,0.017631,0.017061,0.0092178,0.005763,0.024567,0.015246,0.0070086,0.027563,0.01519,0.018746,0.0082514,0.009733,0.030898,0.0065867,0.0056906,0.003347,0.0040092,0.0056586,0.0047082,0.017196,0.0031769,0.011176,0.010207,0.010207,0.014709,0.021719,0.0041653,0.011419,0.011467,0.012911,0.0084291
0.040267,0.016963,0.010363,0.03411,0.033315,0.031173,0.005067,0.022688,0.022768,0.011549,0.0092067,0.036426,0.023698,0.0090125,0.028656,0.023836,0.022107,0.010896,0.012266,0.033587,0.0085388,0.0065788,0.0053875,0.0041118,0.0076001,0.0065197,0.019926,0.0047265,0.014323,0.013589,0.013702,0.019932,0.035979,0.0066552,0.019014,0.021349,0.019079,0.016394
0.054832,0.023082,0.013017,0.043161,0.036712,0.035359,0.0065077,0.026397,0.028296,0.013766,0.011836,0.052556,0.027561,0.013159,0.042443,0.026676,0.025538,0.012873,0.015365,0.049784,0.012922,0.0089237,0.0066438,0.0057985,0.0088558,0.0073481,0.028769,0.0077622,0.018906,0.016573,0.014732,0.025259,0.047105,0.0086387,0.019802,0.035371,0.020899,0.021413
0.06836,0.030399,0.011296,0.055579,0.04414,0.048625,0.0082881,0.035971,0.034581,0.017427,0.014425,0.064421,0.038342,0.014257,0.055958,0.024732,0.031677,0.014163,0.01881,0.063527,0.012822,0.0098232,0.0064671,0.0078591,0.011111,0.010423,0.04272,0.0092973,0.026739,0.021669,0.019093,0.029053,0.070757,0.011348,0.025729,0.047465,0.029596,0.030419
0.10224,0.037325,0.015806,0.069769,0.066358,0.060397,0.01028,0.04753,0.043049,0.020556,0.017455,0.096193,0.044244,0.017878,0.076022,0.029272,0.038121,0.017785,0.022807,0.089924,0.016397,0.0098337,0.0098389,0.011383,0.014365,0.01498,0.045685,0.010534,0.030914,0.029046,0.020834,0.032746,0.068538,0.014578,0.034948,0.062746,0.039227,0.033515
0.13432,0.051279,0.016874,0.074215,0.089747,0.053517,0.015278,0.048981,0.050714,0.028682,0.02175,0.11932,0.058974,0.020124,0.08009,0.037444,0.044056,0.021233,0.025564,0.10017,0.019216,0.013433,0.011494,0.016061,0.022843,0.016348,0.051438,0.01349,0.042439,0.031165,0.02641,0.046634,0.086385,0.017407,0.034768,0.079268,0.048098,0.041914
0.1356,0.053344,0.020263,0.082828,0.09391,0.070822,0.01603,0.058664,0.066265,0.035871,0.02695,0.13447,0.071766,0.022904,0.094434,0.04526,0.054362,0.029166,0.032153,0.10987,0.022888,0.015301,0.01421,0.016809,0.027052,0.017294,0.044204,0.019515,0.041443,0.047469,0.025177,0.0584,0.1065,0.02243,0.036169,0.070715,0.057955,0.04661
0.13658,0.06189,0.027103,0.10909,0.1182,0.071658,0.020656,0.077599,0.082289,0.041036,0.030082,0.15477,0.08399,0.028859,0.10241,0.055377,0.073007,0.036648,0.043928,0.14602,0.028874,0.020889,0.019515,0.020135,0.030711,0.01799,0.062621,0.020381,0.054389,0.059884,0.02699,0.072825,0.10701,0.029307,0.042973,0.061086,0.063764,0.060085
0.14897,0.074039,0.038005,0.12996,0.1564,0.095134,0.026608,0.088905,0.10324,0.044395,0.039351,0.20259,0.093538,0.037133,0.12599,0.071725,0.072797,0.038173,0.054573,0.19442,0.042514,0.025796,0.022787,0.020874,0.035087,0.024323,0.084173,0.023631,0.054746,0.064814,0.033173,0.060512,0.11034,0.028128,0.040542,0.065382,0.077103,0.061353
0.21753,0.08401,0.058527,0.1552,0.18119,0.12373,0.028137,0.11041,0.12753,0.049388,0.048004,0.21477,0.11548,0.047276,0.15878,0.07015,0.097278,0.046707,0.068692,0.20121,0.061529,0.032467,0.02267,0.024021,0.034264,0.034704,0.10816,0.028095,0.053752,0.075526,0.039223,0.055328,0.10073,0.039688,0.048505,0.058949,0.084244,0.078359
0.2262,0.091174,0.063475,0.1554,0.17757,0.13511,0.035865,0.12049,0.15832,0.058304,0.05271,0.19005,0.14254,0.045267,0.143,0.068956,0.10267,0.053687,0.08543,0.24761,0.068228,0.042326,0.03425,0.028817,0.035606,0.036872,0.11498,0.036963,0.073132,0.082807,0.040789,0.058355,0.12017,0.042761,0.053621,0.071671,0.10098,0.091953
0.22043,0.096946,0.054798,0.13617,0.2087,0.14898,0.044524,0.12748,0.19489,0.064841,0.0686,0.17773,0.14246,0.053075,0.15224,0.084441,0.11934,0.054562,0.098869,0.30517,0.079211,0.046935,0.038897,0.037546,0.049827,0.038647,0.13045,0.044303,0.10421,0.11081,0.045669,0.052761,0.13852,0.044445,0.071221,0.068213,0.12129,0.10056
0.24199,0.10762,0.054482,0.15024,0.24271,0.15196,0.050287,0.15177,0.23809,0.083296,0.089801,0.19451,0.15007,0.055851,0.18491,0.079046,0.15604,0.060305,0.097921,0.36917,0.077929,0.055095,0.042434,0.042161,0.068373,0.049809,0.142,0.042081,0.13848,0.12273,0.0559,0.063075,0.18662,0.049779,0.09441,0.077913,0.13532,0.10621
0.28394,0.1144,0.058123,0.19179,0.28715,0.19106,0.052586,0.18164,0.26845,0.097289,0.097022,0.24129,0.17313,0.063554,0.18866,0.076511,0.19129,0.077396,0.10565,0.37744,0.069207,0.062891,0.042644,0.042462,0.082816,0.058395,0.17405,0.043676,0.13622,0.13909,0.05983,0.06446,0.25887,0.049761,0.089639,0.089122,0.16534,0.10297
0.33005,0.12066,0.055649,0.18216,0.28485,0.16662,0.058785,0.22231,0.27938,0.1191,0.10531,0.24538,0.19636,0.080232,0.21044,0.074898,0.24009,0.091329,0.10948,0.38445,0.083979,0.078761,0.041006,0.041059,0.083952,0.076024,0.2195,0.048233,0.13199,0.18359,0.073647,0.058224,0.27128,0.053532,0.1138,0.088389,0.22936,0.13114
0.38603,0.13138,0.060175,0.22607,0.26865,0.16018,0.06608,0.27286,0.29546,0.12589,0.099884,0.2859,0.21725,0.094521,0.23893,0.079154,0.27207,0.10267,0.1244,0.34775,0.098917,0.098049,0.045751,0.05005,0.082964,0.08615,0.21975,0.048838,0.15224,0.21864,0.078378,0.06437,0.23698,0.063882,0.14272,0.12173,0.3305,0.14456
0.44733,0.1601,0.069545,0.25666,0.26367,0.161,0.068094,0.31219,0.32876,0.12947,0.095828,0.32457,0.23321,0.11015,0.27362,0.080831,0.26456,0.12327,0.14425,0.31357,0.10971,0.10291,0.04978,0.058487,0.074159,0.085785,0.20396,0.058471,0.19612,0.24436,0.068527,0.073153,0.26503,0.072403,0.18718,0.12414,0.40436,0.17471
0.49588,0.19485,0.084621,0.32003,0.25444,0.13917,0.077214,0.3548,0.28765,0.16179,0.09795,0.37156,0.26901,0.13296,0.35402,0.10691,0.33749,0.1562,0.18967,0.32411,0.13862,0.10857,0.056014,0.063822,0.076464,0.092141,0.21898,0.068339,0.23959,0.26543,0.072871,0.073823,0.2826,0.10237,0.21596,0.13284,0.42872,0.18654
0.52563,0.21715,0.09758,0.34306,0.24767,0.13521,0.083105,0.40687,0.29019,0.18197,0.11408,0.45202,0.32003,0.15767,0.427,0.12869,0.42648,0.17731,0.24722,0.31214,0.15079,0.11618,0.065544,0.078638,0.076521,0.10923,0.22403,0.076913,0.27679,0.29597,0.078446,0.075852,0.28781,0.11935,0.2325,0.15737,0.41465,0.21614
0.53989,0.25646,0.10484,0.39856,0.24205,0.14232,0.092218,0.43962,0.31952,0.18904,0.14478,0.52764,0.356,0.18491,0.52267,0.15078,0.5143,0.20008,0.27721,0.36034,0.14786,0.11924,0.08091,0.093907,0.079869,0.13199,0.22303,0.086465,0.31246,0.31236,0.09682,0.086872,0.31446,0.13215,0.24424,0.17683,0.37043,0.24966
0.54665,0.28322,0.10974,0.40017,0.27087,0.14477,0.101,0.45664,0.36953,0.23569,0.16664,0.53628,0.3675,0.20482,0.59158,0.16272,0.538,0.21717,0.31277,0.44987,0.14362,0.11407,0.10362,0.10153,0.093717,0.14135,0.21267,0.10782,0.32282,0.33366,0.092626,0.099319,0.33481,0.13781,0.23489,0.16965,0.34512,0.25477
0.55733,0.30238,0.11215,0.4842,0.34289,0.16161,0.10023,0.46816,0.38817,0.27087,0.16093,0.48568,0.35688,0.22392,0.58024,0.17146,0.50036,0.2514,0.34819,0.48152,0.13136,0.10266,0.12117,0.11331,0.11587,0.14264,0.19069,0.13373,0.33466,0.333,0.085725,0.11908,0.32852,0.13786,0.25924,0.16777,0.34494,0.32018
0.57132,0.31943,0.11233,0.57259,0.43851,0.18566,0.1278,0.48066,0.45402,0.30344,0.15063,0.46077,0.35606,0.2566,0.56575,0.18743,0.46854,0.28642,0.38071,0.48331,0.16118,0.094766,0.12883,0.12471,0.14261,0.13343,0.18966,0.15206,0.34281,0.36795,0.088632,0.14759,0.34073,0.14198,0.29137,0.15982,0.30608,0.32474
0.61214,0.32277,0.11162,0.63233,0.53013,0.19403,0.16011,0.48823,0.52203,0.3646,0.15217,0.46246,0.37663,0.28356,0.52929,0.19948,0.45143,0.31381,0.39516,0.5258,0.17133,0.097664,0.1272,0.12942,0.15957,0.11945,0.2333,0.15968,0.38169,0.38262,0.09138,0.18827,0.37219,0.14589,0.30755,0.14609,0.30111,0.34622
0.6658,0.34729,0.11586,0.65825,0.60474,0.21085,0.18444,0.4829,0.62692,0.43706,0.14985,0.53894,0.40742,0.28281,0.52208,0.21682,0.4426,0.34393,0.37797,0.56642,0.19087,0.10868,0.12307,0.13908,0.16851,0.12772,0.2707,0.16218,0.43187,0.38317,0.093305,0.20768,0.40906,0.14166,0.28753,0.13688,0.31864,0.37713
0.66594,0.36766,0.1177,0.64861,0.65709,0.23851,0.20155,0.485,0.72275,0.48772,0.1393,0.67139,0.44465,0.25188,0.54735,0.23486,0.43344,0.36969,0.37759,0.5888,0.21655,0.11514,0.13068,0.14744,0.166,0.16029,0.28801,0.16782,0.4893,0.37853,0.095028,0.21289,0.43362,0.14971,0.27293,0.13192,0.39729,0.35882
0.66902,0.40786,0.12463,0.6279,0.68577,0.24113,0.20524,0.53936,0.80438,0.50191,0.16238,0.8039,0.48058,0.22406,0.55581,0.25911,0.4203,0.38032,0.41887,0.60422,0.23226,0.12886,0.14138,0.15677,0.15556,0.18486,0.29608,0.17109,0.54458,0.37666,0.10008,0.20189,0.45641,0.16541,0.30685,0.11819,0.48534,0.30467
0.71402,0.47444,0.13055,0.60158,0.69372,0.27315,0.22459,0.59401,0.86396,0.52034,0.17523,0.91037,0.52037,0.19789,0.502,0.24852,0.45532,0.38679,0.4615,0.64128,0.25554,0.13761,0.14952,0.16957,0.15605,0.1983,0.30072,0.16846,0.66087,0.42229,0.10881,0.18709,0.49079,0.16246,0.36661,0.12773,0.49621,0.27559
0.84218,0.54485,0.12842,0.57791,0.68688,0.30545,0.26989,0.65198,0.90044,0.54596,0.1746,0.99592,0.56071,0.17314,0.63793,0.24987,0.45394,0.39097,0.46776,0.70154,0.2862,0.14178,0.1616,0.191,0.16445,0.21043,0.3163,0.1621,0.74237,0.49139,0.11996,0.19677,0.52953,0.16463,0.41009,0.13703,0.47108,0.2948
0.93922,0.60966,0.11922,0.66426,0.67296,0.3319,0.31193,0.7062,0.91471,0.532,0.16237,1.0772,0.59594,0.1693,0.71285,0.2826,0.43553,0.38991,0.45305,0.74284,0.2993,0.14285,0.17096,0.21708,0.16438,0.21478,0.3203,0.16381,0.74703,0.54448,0.14208,0.21426,0.56302,0.17439,0.44005,0.14116,0.48489,0.30867
0.94875,0.69166,0.11801,0.78143,0.68378,0.3581,0.37077,0.75741,0.9025,0.5606,0.13528,1.1521,0.59551,0.18768,0.74115,0.30254,0.42895,0.39437,0.46501,0.77897,0.30944,0.15048,0.17615,0.23257,0.15615,0.20672,0.30371,0.16748,0.68227,0.56165,0.15665,0.23661,0.58073,0.18694,0.49287,0.13948,0.51779,0.32667
0.95538,0.75055,0.13531,0.84505,0.7077,0.37064,0.40509,0.8022,0.86625,0.64819,0.14384,1.1868,0.62238,0.20197,0.74881,0.31407,0.41122,0.41759,0.47059,0.77501,0.30443,0.19174,0.17767,0.23767,0.16259,0.19034,0.29389,0.16742,0.58474,0.5833,0.16292,0.25414,0.57093,0.20105,0.49662,0.16416,0.52427,0.37384
0.95227,0.7499,0.1432,0.8741,0.75883,0.39872,0.41372,0.83438,0.81644,0.71422,0.15946,1.2571,0.66004,0.21231,0.76645,0.31831,0.48473,0.4514,0.45721,0.76214,0.29532,0.23802,0.17458,0.24322,0.18871,0.18048,0.28455,0.16757,0.50235,0.62445,0.18248,0.25062,0.57875,0.21257,0.47503,0.17293,0.53984,0.4214
0.92993,0.7489,0.145,0.92593,0.81782,0.42429,0.40483,0.85166,0.90323,0.8171,0.16687,1.2957,0.70056,0.22989,0.73329,0.32172,0.54543,0.4847,0.45815,0.76032,0.27229,0.27855,0.20798,0.24127,0.20487,0.18867,0.27633,0.17301,0.4864,0.637,0.20421,0.2291,0.59348,0.2103,0.55163,0.17957,0.59344,0.46303
0.98715,0.75897,0.14757,0.94603,0.87617,0.44612,0.38386,0.94474,0.97642,0.98932,0.1761,1.3022,0.72049,0.26117,0.71234,0.3364,0.61985,0.52694,0.46692,0.72822,0.24946,0.29793,0.24255,0.24144,0.2142,0.20747,0.25461,0.17573,0.53654,0.64151,0.2184,0.23434,0.59581,0.22151,0.58657,0.17837,0.71784,0.48978
1.1692,0.76587,0.15306,1.0559,0.92977,0.46386,0.35246,1.0599,1.0419,1.1133,0.18222,1.2957,0.71265,0.30444,0.74241,0.35998,0.69182,0.56532,0.47262,0.65867,0.25601,0.29777,0.27471,0.23559,0.22244,0.22294,0.22177,0.17352,0.5985,0.65984,0.23239,0.23584,0.61337,0.23982,0.58312,0.18908,0.84891,0.49486
1.4074,0.76446,0.16208,1.0731,0.97667,0.47758,0.33597,1.1449,1.1108,1.1487,0.22435,1.2524,0.7304,0.3541,0.73218,0.37003,0.72573,0.58195,0.56929,0.73873,0.27902,0.28753,0.28135,0.20978,0.23004,0.22786,0.22258,0.18379,0.65466,0.71015,0.24962,0.22903,0.62698,0.25608,0.55363,0.22776,0.91917,0.482
1.6118,0.74754,0.16828,1.036,1.0194,0.48859,0.34328,1.2063,1.1803,1.0925,0.26136,1.2318,0.77155,0.40524,0.71942,0.38037,0.76539,0.58695,0.63942,0.83512,0.31811,0.26904,0.26084,0.1963,0.24738,0.22921,0.24228,0.18664,0.70761,0.7682,0.2568,0.2257,0.69104,0.24985,0.50318,0.27928,0.96141,0.45751
1.737,0.71924,0.17251,0.96217,1.0576,0.49915,0.34944,1.2472,1.2457,1.0418,0.27969,1.2039,0.80992,0.45324,0.81006,0.41109,0.83183,0.59701,0.68635,0.90908,0.3538,0.26511,0.26213,0.21773,0.26959,0.26494,0.25983,0.18758,0.76003,0.81188,0.26098,0.24555,0.72119,0.23407,0.46246,0.33612,0.99433,0.42795
1.777,0.68663,0.17111,1.0761,1.0948,0.51195,0.35014,1.2776,1.3162,0.97197,0.26379,1.199,0.84765,0.49678,0.88573,0.44067,0.87585,0.61564,0.82121,0.97839,0.3655,0.25758,0.27282,0.253,0.29532,0.30141,0.27117,0.18919,0.8005,0.8204,0.2677,0.28844,0.77881,0.21759,0.49458,0.38984,1.0242,0.41563
1.7675,0.69866,0.16661,1.1516,1.1341,0.52969,0.353,1.3749,1.3979,0.88,0.26452,1.2545,0.8836,0.53358,0.94012,0.46251,0.92707,0.62282,0.98568,1.0397,0.34837,0.24437,0.28139,0.29026,0.31987,0.33034,0.27666,0.2046,0.82312,0.785,0.27541,0.33982,0.8405,0.21475,0.51156,0.43849,1.0944,0.41736
1.7605,0.74936,0.16465,1.1702,1.2297,0.55384,0.40847,1.4817,1.4879,0.78687,0.26758,1.3109,0.91614,0.56592,0.96904,0.47466,1.0009,0.61674,1.1109,1.0903,0.36522,0.23482,0.28959,0.31075,0.34085,0.35753,0.27676,0.23454,0.86073,0.78811,0.29404,0.37855,0.86881,0.21721,0.51308,0.46939,1.1716,0.42809
1.8033,0.77754,0.17706,1.1342,1.2942,0.58426,0.4539,1.5844,1.5686,0.72303,0.27888,1.3692,0.94226,0.61027,0.95861,0.47687,1.0717,0.60868,1.199,1.1444,0.36834,0.23411,0.29783,0.31223,0.35789,0.41215,0.27161,0.27202,0.95437,0.82541,0.32777,0.38563,0.87469,0.21368,0.51419,0.47785,1.1887,0.43251
1.9075,0.78281,0.18657,1.0733,1.3264,0.61943,0.49538,1.6762,1.6224,0.71529,0.28946,1.4635,0.96012,0.67,0.99577,0.4751,1.0974,0.60947,1.2754,1.2086,0.36197,0.24342,0.30763,0.31122,0.37415,0.45319,0.26423,0.32598,1.1047,0.92259,0.35065,0.35604,0.85809,0.20527,0.51815,0.46767,1.1253,0.42328
2.0334,0.789,0.18834,1.0452,1.3329,0.65715,0.52508,1.7506,1.6312,0.74947,0.29103,1.5629,0.9749,0.74238,1.0163,0.47257,1.2233,0.61327,1.3972,1.2707,0.34948,0.25948,0.31912,0.3234,0.3917,0.48913,0.25871,0.37194,1.2938,1.0654,0.363,0.31587,0.91734,0.19376,0.5369,0.46613,1.0846,0.406
2.1391,0.82282,0.18102,1.0302,1.3555,0.6953,0.55966,1.8029,1.5933,0.79042,0.2817,1.6848,1.0055,0.80835,1.0461,0.46889,1.3523,0.60719,1.5761,1.343,0.34387,0.2772,0.32561,0.34743,0.41261,0.49874,0.28198,0.39841,1.5013,1.1961,0.36625,0.3246,0.96933,0.18154,0.56592,0.44582,1.1837,0.40615
2.1868,0.86748,0.16725,0.99066,1.3453,0.73229,0.61478,1.8349,1.524,0.80972,0.29789,1.802,1.0712,0.86342,1.0679,0.47091,1.4437,0.5897,1.732,1.4167,0.33556,0.29361,0.32536,0.37663,0.43728,0.4901,0.29713,0.4095,1.6992,1.2863,0.35943,0.3404,1.0847,0.19424,0.58791,0.40716,1.3163,0.39564
2.1661,0.92167,0.15191,0.98938,1.3026,0.76703,0.65225,1.8535,1.5208,0.80394,0.32622,1.9119,1.1557,0.91565,1.0597,0.4678,1.5039,0.5789,1.8496,1.4998,0.35576,0.30645,0.32099,0.40484,0.46388,0.49284,0.30405,0.408,1.8612,1.3518,0.38243,0.349,1.2028,0.2114,0.58965,0.35988,1.4479,0.37764
2.0735,0.98198,0.13932,1.0203,1.273,0.79901,0.66736,1.8843,1.4944,0.78653,0.34263,1.973,1.2604,0.96957,1.0434,0.47612,1.5309,0.58094,1.9414,1.6017,0.38497,0.31316,0.35001,0.42328,0.49236,0.49483,0.30435,0.40068,1.9718,1.4124,0.40297,0.34122,1.2667,0.21997,0.57129,0.31669,1.5143,0.3635
1.9172,1.0445,0.13991,1.0598,1.2714,0.82821,0.66145,1.9091,1.495,0.78168,0.35821,2.0046,1.3841,1.0169,1.0005,0.48477,1.5315,0.59366,2.0165,1.7113,0.41401,0.31192,0.39706,0.42706,0.52323,0.48921,0.29959,0.40112,2.0287,1.4873,0.42373,0.32908,1.3146,0.23124,0.55785,0.29683,1.5039,0.38839
1.8203,1.1062,0.14661,1.1226,1.2531,0.85519,0.64192,1.9285,1.4688,0.8141,0.37204,2.0167,1.5188,1.0511,0.95125,0.48904,1.5112,0.61614,2.0551,1.8022,0.43474,0.306,0.42209,0.41763,0.55426,0.47864,0.29103,0.41359,2.0339,1.5881,0.45825,0.3291,1.3889,0.2463,0.63632,0.30335,1.4471,0.41444
1.8624,1.1652,0.15866,1.1808,1.2156,0.88028,0.61992,1.9453,1.4125,0.88926,0.36928,1.9931,1.6519,1.0716,0.97813,0.48792,1.4762,0.64182,2.0404,1.8833,0.45051,0.29725,0.42545,0.40286,0.5813,0.4658,0.27995,0.4285,1.9906,1.6986,0.51655,0.33713,1.5081,0.26065,0.70001,0.30301,1.3813,0.4425
1.8964,1.2197,0.17106,1.2385,1.1611,0.9041,0.60446,1.9614,1.3265,0.98853,0.36795,1.9782,1.7688,1.0811,1.0023,0.51378,1.4312,0.66146,2.0175,1.9607,0.45501,0.28619,0.40969,0.397,0.60239,0.45186,0.27011,0.43749,1.9037,1.7883,0.59147,0.37314,1.6476,0.27284,0.7568,0.34238,1.32,0.47186
1.9325,1.2761,0.18419,1.2846,1.14,0.92725,0.59883,1.9863,1.3174,1.0917,0.40309,1.9332,1.861,1.0847,1.0193,0.57434,1.3825,0.67165,1.9216,2.0169,0.45821,0.27675,0.41321,0.40819,0.61823,0.43688,0.28958,0.44336,1.7829,1.8462,0.66496,0.40742,1.7815,0.28288,0.81035,0.37157,1.343,0.501
1.9613,1.3714,0.19472,1.3159,1.18,0.99182,0.60029,2.0133,1.38,1.1803,0.45673,1.8775,1.9261,1.0846,1.0113,0.62447,1.3352,0.67312,1.783,2.0739,0.45507,0.27222,0.41574,0.43044,0.63175,0.42156,0.30169,0.45256,1.6428,1.8798,0.7286,0.42554,1.9064,0.29209,0.85835,0.3776,1.4643,0.52803
1.9834,1.4526,0.20002,1.3348,1.216,1.1368,0.60663,2.042,1.4462,1.2761,0.51151,1.8202,1.9651,1.0809,0.97788,0.65665,1.294,0.67087,1.6431,2.1223,0.43879,0.2766,0.41347,0.44972,0.64468,0.40809,0.30866,0.46737,1.5013,1.8972,0.77525,0.42024,2.026,0.29983,0.89637,0.37256,1.5845,0.55237
2.008,1.518,0.20034,1.3668,1.2489,1.2663,0.62382,2.0917,1.5137,1.3725,0.55982,1.746,1.9761,1.077,0.94372,0.68084,1.2617,0.68288,1.5505,2.1611,0.41085,0.28448,0.41489,0.45341,0.65188,0.39956,0.31488,0.48665,1.3781,1.9063,0.8021,0.41313,2.1294,0.30743,0.93928,0.35708,1.7011,0.57456
2.0262,1.5725,0.19491,1.3688,1.2781,1.369,0.63987,2.1579,1.5834,1.4723,0.618,1.6713,2.0904,1.0808,0.91832,0.71309,1.2404,0.68933,1.5314,2.2015,0.37718,0.29105,0.41289,0.44834,0.65121,0.39215,0.3231,0.50782,1.2889,1.9206,0.80855,0.41372,2.1921,0.31368,0.99064,0.33835,1.8116,0.59578
2.121,1.7011,0.18543,1.2802,1.304,1.4392,0.65236,2.2295,1.6553,1.579,0.66165,1.5959,2.1883,1.0981,0.92088,0.75923,1.2309,0.69375,1.5766,2.2468,0.34537,0.2972,0.40865,0.46454,0.64266,0.38702,0.33248,0.52493,1.2439,1.953,0.79549,0.40838,2.19,0.31983,1.0089,0.32513,1.9045,0.61707
2.2806,1.8124,0.18459,1.2461,1.3269,1.4745,0.65862,2.2985,1.7295,1.6867,0.68457,1.5083,2.2458,1.1311,0.94233,0.80436,1.2313,0.69908,1.6654,2.2845,0.32099,0.30134,0.42873,0.47685,0.62865,0.38556,0.34473,0.5308,1.2449,2.0456,0.78172,0.40268,2.1255,0.32512,1.0322,0.3341,1.9543,0.65684
2.5098,1.9084,0.18674,1.1861,1.3469,1.4756,0.65624,2.3708,1.8049,1.7843,0.7165,1.4107,2.3159,1.1807,0.97611,0.8314,1.2389,0.70516,1.7773,2.3116,0.33644,0.30357,0.44476,0.4864,0.6139,0.38934,0.35049,0.5213,1.2827,2.2303,0.75427,0.40492,2.0559,0.33088,1.0207,0.33926,1.9505,0.68796
2.653,1.9933,0.19372,1.1321,1.3644,1.4444,0.64417,2.4355,1.8825,1.8585,0.74131,1.3181,2.3599,1.2468,1.0332,0.83692,1.2505,0.71127,1.8946,2.3412,0.36205,0.30655,0.44999,0.49466,0.60443,0.39847,0.34963,0.50163,1.3426,2.4872,0.71162,0.40655,1.9791,0.33739,0.96909,0.34278,1.9512,0.70508
2.662,2.0709,0.20381,1.0965,1.3796,1.3835,0.62324,2.4972,1.9617,1.9016,0.7579,1.2222,2.3748,1.3233,1.1306,0.84041,1.2629,0.71704,2.0017,2.3478,0.38581,0.31003,0.44656,0.50231,0.60424,0.41158,0.3419,0.50667,1.4089,2.7641,0.68016,0.40393,1.8774,0.35175,0.92332,0.34673,2.169,0.7046
2.5516,2.1434,0.21371,1.0704,1.3928,1.3412,0.59611,2.5482,2.0388,1.9032,0.75964,1.1767,2.3682,1.4004,1.2584,0.85393,1.273,0.72137,2.0913,2.3607,0.4047,0.31099,0.44136,0.50978,0.61362,0.42616,0.32822,0.49804,1.4699,2.9958,0.67757,0.39409,1.8321,0.36321,0.93949,0.35323,2.3546,0.75624
2.3969,2.2121,0.22366,1.0358,1.404,1.3839,0.56644,2.5946,2.1167,1.9107,0.7395,1.125,2.3496,1.468,1.3918,0.87261,1.2787,0.72273,2.1634,2.3508,0.41871,0.30928,0.44335,0.52773,0.63005,0.43939,0.31454,0.49088,1.517,3.1435,0.6709,0.3761,1.8461,0.36706,0.95083,0.36393,2.6306,0.79833
2.2783,2.2767,0.23336,1.0032,1.4136,1.4252,0.59173,2.6277,2.1912,1.9215,0.6954,1.0646,2.3241,1.5206,1.4969,0.91331,1.2789,0.72023,2.2705,2.3482,0.42836,0.30857,0.45851,0.54388,0.64998,0.44957,0.33284,0.51974,1.5463,3.1927,0.65932,0.35096,1.8891,0.36237,0.96062,0.37989,2.8225,0.82213
2.3422,2.3377,0.24306,0.94162,1.4217,1.4646,0.64212,2.657,2.2626,1.8876,0.71372,1.0149,2.2969,1.5562,1.5609,0.96412,1.2738,0.7123,2.3393,2.3258,0.43434,0.31297,0.48675,0.57054,0.67052,0.45607,0.35123,0.55531,1.5555,3.15,0.64462,0.32756,1.9569,0.4031,0.97362,0.40181,2.9188,0.8311
2.4051,2.3928,0.25306,0.94652,1.4282,1.5021,0.69316,2.6752,2.3318,1.8093,0.79581,1.0235,2.2721,1.575,1.6102,1.0038,1.2636,0.69596,2.3578,2.3147,0.43729,0.32335,0.52287,0.63791,0.69009,0.46037,0.36894,0.59385,1.544,3.034,0.62571,0.34266,2.0839,0.43934,0.98692,0.43004,2.9248,0.86607
2.4666,2.4398,0.2635,0.94764,1.4332,1.5377,0.7449,2.6872,2.3962,1.6942,0.86593,1.0387,2.2832,1.5786,1.6365,1.0126,1.2496,0.66791,2.3436,2.2884,0.43814,0.33798,0.55934,0.71348,0.70823,0.4651,0.38552,0.6343,1.5121,2.871,0.60471,0.34735,2.2005,0.47574,1.0005,0.46035,3.1231,0.89448
2.5265,2.4762,0.27422,0.9228,1.4367,1.5714,0.79681,2.7499,2.4597,1.5546,0.91532,1.0905,2.3272,1.5702,1.6322,1.007,1.2324,0.62696,2.3166,2.2685,0.44331,0.3545,0.58892,0.78351,0.72543,0.47278,0.40079,0.67479,1.4607,2.7534,0.58612,0.3454,2.2517,0.52811,1.0132,0.48703,3.2033,0.91629
2.7195,2.4987,0.28487,0.94161,1.4387,1.6035,0.84768,2.8907,2.5185,1.4035,0.94034,1.1501,2.3778,1.5561,1.6053,1.0481,1.2139,0.57561,2.3838,2.2359,0.47171,0.37033,0.60676,0.84087,0.74131,0.49448,0.41487,0.71135,1.4057,2.7249,0.56839,0.34004,2.2798,0.5831,1.0234,0.50877,3.1947,0.93177
2.942,2.5049,0.2951,0.97353,1.4393,1.6337,0.89597,3.0325,2.5772,1.2583,0.93992,1.2097,2.4342,1.5469,1.57,1.0774,1.1954,0.51959,2.6454,2.2089,0.49919,0.3824,0.61053,0.88486,0.75639,0.527,0.42796,0.73829,1.363,2.6956,0.55109,0.33068,2.3963,0.62934,1.0295,0.53019,3.1416,0.94152
3.1729,2.4921,0.30527,1.0178,1.4386,1.6624,0.9401,3.1582,2.6325,1.1267,0.91565,1.2715,2.4957,1.5541,1.5234,1.097,1.279,0.50118,2.8592,2.1654,0.52204,0.38893,0.60068,0.91755,0.77041,0.56129,0.45173,0.75097,1.3024,2.6806,0.53422,0.318,2.5094,0.65571,1.0297,0.54078,3.0841,0.96524
3.3963,2.4603,0.31506,1.081,1.4368,1.6896,0.97884,3.2231,2.687,1.0457,0.93578,1.3192,2.562,1.5864,1.4723,1.1082,1.3849,0.50502,3.0375,2.1305,0.54007,0.39329,0.57892,0.94089,0.78398,0.59508,0.47553,0.74727,1.2261,2.6893,0.51665,0.31553,2.6199,0.66114,1.024,0.56524,3.0406,0.98741
3.5986,2.4114,0.32431,1.1349,1.4341,1.7156,1.0116,3.2328,2.7396,0.9703,0.94852,1.3805,2.6323,1.6448,1.4211,1.1127,1.491,0.48628,3.1933,2.0815,0.56554,0.39138,0.54867,0.95309,0.79691,0.62596,0.49832,0.72843,1.2146,2.7139,0.49991,0.34985,2.8963,0.64931,1.0111,0.57504,3.0116,1.0065
3.7719,2.3505,0.34393,1.1734,1.4306,1.7408,1.0385,3.187,2.7893,0.94908,0.93561,1.4421,2.706,1.7239,1.3731,1.1097,1.5955,0.45005,3.3314,2.0296,0.59583,0.39403,0.51426,0.94844,0.80927,0.65235,0.51975,0.69932,1.1984,2.7423,0.51048,0.37819,3.2113,0.6243,0.99186,0.57311,2.9845,1.0228
3.9017,2.2916,0.3602,1.1947,1.5058,1.7655,1.0609,3.0889,2.9164,0.9242,0.90904,1.4814,2.7823,1.8161,1.3235,1.0972,1.698,0.4055,3.4465,1.9749,0.6279,0.39773,0.48059,0.92051,0.82096,0.67396,0.5391,0.66768,1.1692,2.7617,0.51598,0.39819,3.4774,0.59017,0.98278,0.56305,2.9458,1.0365
3.9844,2.2912,0.37175,1.1988,1.5735,1.7899,1.0803,2.9492,3.0547,0.89711,0.87866,1.495,2.8599,1.9164,1.2674,1.0745,1.7993,0.37904,3.529,1.9082,0.66179,0.4007,0.46496,0.86542,0.83175,0.69135,0.5558,0.6427,1.1407,2.7676,0.51207,0.40873,3.7089,0.55211,0.97925,0.54934,2.8857,1.048
4.0156,2.2869,0.37813,1.1852,1.613,1.8144,1.0993,2.7708,3.1835,0.88692,0.8478,1.4873,2.9377,2.0225,1.2114,1.0462,1.9007,0.37689,3.5721,1.8479,0.6953,0.40429,0.48292,0.89988,0.84114,0.7056,0.56954,0.6311,1.192,2.7608,0.49918,0.41075,4.0617,0.5187,0.9721,0.53091,2.801,1.0578
3.992,2.283,0.37931,1.1548,1.6202,1.8393,1.12,2.6627,3.3017,0.91805,0.81539,1.4651,3.0553,2.1348,1.1708,1.0739,2.0045,0.37938,3.5756,1.779,0.72495,0.42261,0.49014,0.92397,0.84867,0.71801,0.5803,0.63334,1.2361,2.7536,0.47867,0.41194,4.4029,0.49663,0.96405,0.52438,2.6906,1.0664
3.9159,2.2827,0.37701,1.1115,1.5934,1.8648,1.1446,2.665,3.4075,0.97343,0.77885,1.5308,3.2392,2.2529,1.156,1.0951,2.1116,0.37937,3.5451,1.7101,0.74796,0.43841,0.49089,0.929,0.85406,0.72963,0.58797,0.64712,1.2591,2.7695,0.45237,0.42219,4.7119,0.48763,0.95661,0.54735,2.5578,1.0751
3.7929,2.2874,0.38558,1.0626,1.5341,1.8914,1.1745,2.6653,3.5005,1.0242,0.73832,1.5984,3.4307,2.3766,1.1712,1.1079,2.2229,0.3804,3.4866,1.6417,0.76303,0.45178,0.48947,0.91541,0.85731,0.74074,0.59279,0.66852,1.2629,2.8184,0.45013,0.42867,4.9921,0.48841,0.95002,0.57574,2.4089,1.0844
3.9144,2.2976,0.39424,1.0184,1.558,1.9188,1.2101,2.6687,3.5807,1.0669,0.69442,1.6628,3.6235,2.5023,1.2123,1.1325,2.3384,0.3852,3.4012,1.5737,0.77672,0.46402,0.48269,0.88601,0.8586,0.7516,0.59519,0.68666,1.2503,2.9075,0.45361,0.43253,5.2408,0.49462,0.94648,0.60568,2.2856,1.0941
4.0537,2.3111,0.40299,0.98519,1.5853,1.9474,1.2509,2.6703,3.6484,1.0966,0.68864,1.7188,3.8125,2.6285,1.2586,1.1753,2.4554,0.39295,3.2869,1.509,0.8077,0.49721,0.47518,0.84522,0.85785,0.76188,0.5957,0.69703,1.2261,3.0188,0.4579,0.43395,5.4389,0.50118,0.94552,0.63464,2.1985,1.1037
4.1753,2.3264,0.4118,0.96549,1.6123,1.977,1.2955,2.671,3.7043,1.1114,0.6931,1.7676,4.0193,2.7555,1.2971,1.2079,2.5714,0.40009,3.1441,1.4989,0.8774,0.53436,0.48113,0.79792,0.85551,0.7715,0.61175,0.69767,1.2428,3.1365,0.46286,0.43468,5.5653,0.50586,0.94661,0.66066,2.2122,1.1123
4.2767,2.3402,0.42068,0.95502,1.6396,2.0076,1.3422,2.6718,3.7493,1.1116,0.69456,1.8159,4.2538,2.8736,1.3357,1.2295,2.681,0.40175,2.9782,1.4876,0.94011,0.56959,0.4941,0.76016,0.85201,0.78039,0.63269,0.68962,1.2621,3.2345,0.46833,0.43565,5.6094,0.50899,0.94964,0.68518,2.2281,1.1197
4.3569,2.3512,0.42954,0.94869,1.6664,2.0394,1.3913,2.6688,3.7844,1.0992,0.69321,1.8508,4.4777,2.9789,1.3677,1.2439,2.7806,0.41762,2.7982,1.4751,1.0003,0.60289,0.51223,0.73205,0.84812,0.78856,0.64918,0.67603,1.2766,3.2982,0.47494,0.44436,5.5779,0.53212,0.95582,0.70593,2.2555,1.1259
4.4097,2.3572,0.43804,0.94329,1.6934,2.0726,1.4631,2.6648,3.8639,1.0776,0.68878,1.8832,4.6873,3.0681,1.3791,1.2559,2.8639,0.44634,2.6157,1.4645,1.0609,0.63435,0.53324,0.70176,0.85484,0.79623,0.65981,0.66632,1.2866,3.3228,0.48151,0.45307,5.5004,0.57666,0.96344,0.72607,2.3036,1.1306
4.4371,2.3581,0.46511,0.93884,1.7202,2.1073,1.5308,2.7033,3.9501,1.0503,0.68146,1.9057,4.8792,3.1388,1.3637,1.2734,2.9266,0.47345,2.6898,1.4516,1.1192,0.6641,0.55371,0.67397,0.86192,0.80352,0.66479,0.67568,1.2924,3.3131,0.48777,0.45532,5.4037,0.61556,0.97189,0.74334,2.3809,1.1338
4.4387,2.3567,0.4949,0.93633,1.7468,2.1431,1.5922,2.7524,4.0333,1.0411,0.67191,1.9137,5.0511,3.1914,1.4218,1.3007,2.9646,0.49419,2.7656,1.4369,1.1827,0.69231,0.57137,0.65264,0.8691,0.8106,0.66361,0.68791,1.2943,3.2802,0.494,0.47205,5.3389,0.63871,0.98107,0.76077,2.4936,1.1357
4.4366,2.4344,0.51531,0.93568,1.7733,2.1791,1.6456,2.8,4.1147,1.0377,0.68528,1.9238,5.2009,3.2255,1.4859,1.3362,2.9748,0.50793,2.8273,1.4207,1.2471,0.71877,0.58439,0.64025,0.87656,0.81789,0.65623,0.705,1.2923,3.2365,0.50203,0.49342,5.3306,0.64339,0.99126,0.77671,2.6412,1.1358
4.5254,2.5135,0.52482,0.93671,1.8047,2.2148,1.6894,2.8476,4.1931,1.0342,0.73017,1.9199,5.329,3.2429,1.5347,1.3746,2.9554,0.51556,2.8686,1.4034,1.2892,0.74248,0.59043,0.63815,0.88405,0.82546,0.64321,0.72683,1.33,3.191,0.51188,0.5025,5.3874,0.63276,1.0005,0.79352,2.8142,1.1344
4.5966,2.5933,0.52444,0.9392,1.8423,2.2495,1.7301,2.8909,4.2684,1.0337,0.7737,1.9018,5.4342,3.2462,1.5705,1.41,2.9062,0.51752,2.8864,1.3863,1.3024,0.762,0.58655,0.65644,0.89137,0.83343,0.63807,0.75071,1.4177,3.1467,0.52063,0.49685,5.4877,0.61571,1.0089,0.80912,2.9971,1.1449
4.6499,2.6729,0.55243,0.95911,1.8776,2.2832,1.7882,2.9311,4.3402,1.0353,0.8148,1.8828,5.5174,3.2361,1.6009,1.4395,2.9802,0.51534,2.883,1.3712,1.2854,0.77583,0.57129,0.67762,0.89837,0.8414,0.64415,0.77271,1.5144,3.1009,0.52807,0.47643,5.6051,0.60011,1.0173,0.82405,3.1697,1.1639
4.6857,2.7516,0.58021,1.0123,1.9107,2.3155,1.8389,2.9699,4.4079,1.0401,0.85415,1.8532,5.5799,3.2137,1.6215,1.4655,3.0669,0.50994,2.8637,1.3554,1.2425,0.78246,0.55969,0.69323,0.90488,0.84834,0.64756,0.78852,1.6148,3.0468,0.53811,0.44398,5.833,0.59222,1.0239,0.83759,3.3147,1.1819
4.7055,2.8297,0.59895,1.0743,1.9409,2.3468,1.8824,3.0027,4.473,1.0463,0.89382,1.811,5.6221,3.1791,1.6335,1.4887,3.1116,0.50265,2.8339,1.3394,1.1814,0.78052,0.58455,0.70219,0.91074,0.85328,0.64902,0.7945,1.715,2.9774,0.57665,0.44679,6.0351,0.59251,1.03,0.84887,3.4198,1.199
4.7106,2.9068,0.62439,1.1208,1.9681,2.3767,1.919,3.0318,4.5355,1.0522,0.93565,1.8215,5.6439,3.1306,1.6438,1.5081,3.1136,0.49422,2.7983,1.3245,1.1127,0.77245,0.6085,0.72458,0.91583,0.85544,0.6496,0.83626,1.8111,2.947,0.60583,0.44413,6.364,0.59973,1.0355,0.87234,3.4806,1.215
4.7015,2.9831,0.65144,1.1739,1.9913,2.4054,1.9494,3.0579,4.5923,1.0585,0.9811,1.8419,5.648,3.0632,1.715,1.5213,3.0738,0.48589,2.7597,1.3241,1.0476,0.77988,0.63102,0.74538,0.92003,0.85447,0.65214,0.89319,1.9001,2.8995,0.62404,0.44107,6.7021,0.61021,1.0395,0.89852,3.4976,1.23
4.6782,3.0589,0.67133,1.2434,2.0108,2.4331,1.9742,3.0772,4.6449,1.0628,1.0394,1.8584,5.6329,2.9728,1.8027,1.5186,2.9974,0.47776,2.7206,1.326,1.0389,0.81832,0.6521,0.7635,0.92326,0.85031,0.65165,0.94618,1.9795,3.0238,0.631,0.44063,6.9276,0.62048,1.0441,0.92224,3.4755,1.244
4.6399,3.1341,0.68585,1.3258,2.0767,2.4701,1.994,3.0927,4.6946,1.0656,1.1102,1.8676,5.5999,2.8599,1.8821,1.4965,2.8907,0.46998,2.6831,1.3298,1.0709,0.8562,0.67153,0.77767,0.92551,0.84335,0.64784,0.99388,2.0473,3.1295,0.6287,0.4321,7.0196,0.6278,1.047,0.94201,3.421,1.2571
4.5855,3.2088,0.69657,1.4182,2.1487,2.5256,2.0095,3.1043,4.7363,1.0673,1.1836,1.8775,5.5491,2.7262,1.953,1.4502,2.7628,0.46267,2.6491,1.3351,1.0996,0.89346,0.68949,0.78726,0.92678,0.83404,0.64048,1.0351,2.1018,3.2012,0.63067,0.41796,6.9715,0.63021,1.0493,0.97487,3.5148,1.269
4.5191,3.2834,0.70682,1.5156,2.2146,2.5815,2.021,3.109,4.7772,1.0675,1.2569,1.9232,5.5879,2.6941,2.0111,1.383,2.6204,0.45511,2.6205,1.3443,1.1236,0.93031,0.70584,0.79173,0.92696,0.82335,0.62994,1.0686,2.1424,3.2445,0.63404,0.41153,6.9217,0.62757,1.0497,1.0249,3.7005,1.28
4.4374,3.3574,0.7181,1.6161,2.2735,2.7045,2.0288,3.1099,4.8099,1.0677,1.3265,2.0482,5.6119,2.7466,2.0531,1.3419,2.5193,0.44673,2.5989,1.3543,1.1425,0.96657,0.72089,0.79063,0.92928,0.8119,0.63678,1.0931,2.1689,3.2682,0.63424,0.42231,6.9113,0.63668,1.0482,1.074,3.8256,1.2901
4.3391,3.4308,0.73039,1.7139,2.3249,2.8892,2.0331,3.1072,4.8397,1.0685,1.3898,2.1665,5.6232,2.7871,2.0756,1.3461,2.4406,0.43717,2.5855,1.3643,1.1556,1.0021,0.73472,0.78372,0.94359,0.80054,0.64623,1.1075,2.1811,3.2822,0.64131,0.42991,7.0413,0.64439,1.0437,1.1175,3.8731,1.2991
4.2297,3.5038,0.74196,1.8054,2.3695,3.0653,2.0337,3.0979,4.8629,1.0698,1.4442,2.2751,5.6213,2.8162,2.0767,1.3358,2.3951,0.42605,2.5802,1.3736,1.1629,1.0365,0.74748,0.78876,0.95733,0.78999,0.65579,1.1108,2.1802,3.2959,0.6525,0.43566,7.077,0.65094,1.0893,1.1527,3.8404,1.3075
4.1085,3.5786,0.75056,1.886,2.4072,3.2335,2.0306,3.0847,4.8823,1.0723,1.4884,2.3738,5.607,2.8343,2.0571,1.316,2.4508,0.42338,2.5809,1.3821,1.1648,1.0692,0.7592,0.79605,0.97038,0.78107,0.66366,1.1026,2.1667,3.3169,0.6629,0.4411,7.0236,0.65804,1.1431,1.1793,3.7518,1.3149
3.9736,3.8315,0.75498,1.9515,2.438,3.3936,2.0238,3.0691,4.8957,1.077,1.5208,2.4708,5.5822,2.8434,2.0195,1.2911,2.5061,0.41962,2.6254,1.3893,1.1616,1.1,0.76936,0.79792,0.98262,0.7743,0.66963,1.083,2.1413,3.3513,0.67264,0.44662,6.8831,0.66631,1.1907,1.198,3.6962,1.3216
4.1326,4.0742,0.75598,2.0008,2.4614,3.5456,2.0129,3.0481,4.9054,1.0835,1.5407,2.5611,5.5469,2.8458,1.9681,1.2641,2.5612,0.41349,2.6578,1.3953,1.1752,1.128,0.77731,0.79426,0.99393,0.77011,0.67352,1.0531,2.1051,3.4014,0.68297,0.45233,6.6644,0.67587,1.2249,1.2085,3.6289,1.3277
4.2769,4.2929,0.75603,2.0363,2.4781,3.6885,1.998,3.0221,4.909,1.0918,1.5481,2.641,5.5021,2.8433,1.9067,1.2363,2.6158,0.42859,2.6618,1.4,1.1871,1.1529,0.78189,0.78518,1.004,0.76869,0.67523,1.0146,2.059,3.4637,0.69271,0.45839,6.3782,0.6863,1.242,1.2111,3.5648,1.333
4.397,4.4757,0.75805,2.0631,2.4869,3.8205,1.9788,2.9962,4.9101,1.1018,1.5425,2.7122,5.4483,2.838,1.8379,1.2078,2.6698,0.44316,2.6391,1.4035,1.1958,1.1808,0.78178,0.77094,1.0126,0.77011,0.67469,0.96989,2.0043,3.5375,0.70165,0.47232,6.0431,0.69668,1.2405,1.2067,3.5159,1.3378
4.4979,4.6118,0.76431,2.0865,2.4886,3.9408,1.9556,2.9662,4.9043,1.1133,1.5246,2.7843,5.3871,2.8302,1.7644,1.1773,2.7232,0.45797,2.5942,1.4084,1.2015,1.2095,0.776,0.75208,1.0197,0.774,0.67235,0.92199,1.9727,3.6168,0.7107,0.48394,5.8281,0.70599,1.2222,1.1963,3.4906,1.3419
4.5767,4.6928,0.77359,2.1102,2.5182,4.0494,1.9285,2.9326,4.8978,1.1271,1.4943,2.8468,5.318,2.8206,1.7668,1.1432,2.7761,0.4753,2.535,1.4137,1.2045,1.2368,0.76352,0.75095,1.0252,0.77996,0.66785,0.87462,1.9429,3.6969,0.71868,0.49223,5.8651,0.71352,1.1903,1.1809,3.4928,1.3457
4.6346,4.7138,0.78268,2.135,2.6073,4.1475,1.8979,2.896,4.8836,1.142,1.4522,2.9043,5.2637,2.8091,1.8577,1.1041,2.8286,0.48982,2.4711,1.4186,1.2052,1.2629,0.744,0.78724,1.029,0.78766,0.66128,0.89177,1.9024,3.7745,0.72513,0.49748,5.8983,0.7192,1.1486,1.1613,3.5222,1.3488
4.674,4.8295,0.80432,2.1589,2.6864,4.2368,1.864,2.8603,4.8702,1.1574,1.399,2.9625,5.2573,2.795,1.9633,1.0591,2.8804,0.49963,2.4127,1.4233,1.2072,1.2879,0.71766,0.81641,1.031,0.79651,0.65318,0.91602,1.8521,3.8469,0.73118,0.50093,5.9242,0.72354,1.1002,1.1386,3.5751,1.3516
4.6981,4.9963,0.83535,2.1774,2.7562,4.3164,1.8277,2.8221,4.8505,1.1734,1.3359,3.0148,5.2473,2.7779,2.0815,1.0088,2.9315,0.50317,2.3693,1.4284,1.2186,1.3123,0.685,0.83868,1.0313,0.80596,0.64333,0.92824,1.794,3.9117,0.73547,0.50442,5.9417,0.72735,1.0508,1.1145,3.6438,1.3539
4.7064,5.1571,0.86453,2.1843,2.8155,4.384,1.7894,2.7818,4.8295,1.1899,1.2812,3.0715,5.2343,2.7572,2.2043,0.95626,2.9818,0.50075,2.348,1.4342,1.2201,1.3358,0.64713,0.85459,1.0302,0.81558,0.63195,0.92918,1.8837,3.9673,0.73819,0.51239,5.9505,0.73149,1.0059,1.0891,3.7194,1.3556
4.7008,5.312,0.89232,2.1752,2.8639,4.4384,1.7501,2.74,4.8053,1.2055,1.2956,3.122,5.2194,2.7325,2.3288,0.9118,3.0314,0.49362,2.3528,1.4409,1.2128,1.3583,0.64944,0.86496,1.0611,0.82497,0.61951,0.92134,1.9715,4.0137,0.74014,0.52408,5.9522,0.73677,0.9702,1.0652,3.7917,1.3572
4.687,5.4611,0.91904,2.1485,2.9011,4.4804,1.7104,2.7751,4.7776,1.2201,1.3068,3.1784,5.2029,2.7037,2.4501,0.93177,3.0802,0.48321,2.3836,1.449,1.1977,1.3788,0.67152,0.87078,1.0954,0.83385,0.60597,0.90837,2.0391,4.0494,0.7403,0.53723,5.9611,0.74406,0.94591,1.0426,3.8491,1.3581
4.6627,5.6045,0.94414,2.1056,2.927,4.5111,1.6712,2.8363,4.7499,1.2336,1.3145,3.2295,5.185,2.671,2.562,0.95211,3.1281,0.47075,2.4377,1.461,1.1862,1.3963,0.69346,0.87314,1.1279,0.84199,0.59211,0.8944,2.0886,4.072,0.73983,0.5512,5.9772,0.75439,0.93116,1.0401,3.8815,1.3589
4.6299,5.7425,0.96785,2.0793,2.9414,4.5316,1.6333,2.893,4.7175,1.2445,1.319,3.2788,5.1664,2.6347,2.6569,0.97177,3.175,0.45717,2.5106,1.4747,1.1817,1.4108,0.70586,0.89001,1.161,0.84924,0.58341,0.96095,2.1221,4.0813,0.73817,0.56551,5.9876,0.76868,0.92087,1.0354,3.8803,1.359
4.5901,5.8753,0.98964,2.0468,2.9451,4.5417,1.5976,2.9425,4.6864,1.2541,1.3205,3.33,5.1477,2.5955,2.7389,0.99051,3.2208,0.44292,2.5961,1.4902,1.1771,1.4216,0.71038,0.92565,1.1969,0.85547,0.57434,1.0353,2.1428,4.0714,0.73575,0.57915,5.9931,0.78731,0.91084,1.0283,3.8389,1.3592
4.5415,6.0033,1.0092,2.0123,2.939,4.5419,1.5646,2.9857,4.652,1.2601,1.3193,3.3746,5.1306,2.5545,2.7994,1.0086,3.2655,0.42825,2.6877,1.508,1.1726,1.4285,0.70954,0.9567,1.2372,0.86066,0.56465,1.112,2.1537,4.0398,0.73262,0.59176,5.9943,0.80962,0.90409,1.0184,3.7938,1.3586
4.4849,6.1269,1.0252,1.9824,2.9256,4.5331,1.535,3.0234,4.6163,1.2639,1.3159,3.4162,5.1143,2.544,2.8346,1.0342,3.309,0.41328,2.7791,1.5296,1.1681,1.431,0.72224,0.98376,1.2822,0.865,0.55483,1.1873,2.1576,3.9853,0.72884,0.60265,5.9915,0.83374,0.90599,1.0059,3.7537,1.3579
4.4208,6.2468,1.0372,1.9605,2.9062,4.5166,1.5091,3.0572,4.5806,1.2638,1.3108,3.4597,5.0995,2.6922,2.8492,1.0995,3.3513,0.41276,2.8645,1.553,1.1637,1.4292,0.73759,1.0075,1.331,0.86838,0.54466,1.2584,2.157,3.9321,0.72426,0.61119,5.9846,0.85691,0.91029,0.99168,3.67,1.3567
4.3522,6.364,1.0449,1.948,2.8811,4.4928,1.4874,3.0873,4.5415,1.261,1.3045,3.4963,5.0871,2.8352,2.8422,1.1631,3.3925,0.43524,2.9389,1.5801,1.1591,1.4232,0.74936,1.0283,1.382,0.87108,0.53438,1.323,2.154,3.884,0.71916,0.61712,5.9739,0.87662,0.91658,0.97522,3.6218,1.3551
4.279,6.4781,1.0489,1.9542,2.8505,4.4607,1.4697,3.1136,4.5044,1.2539,1.2976,3.5273,5.0774,2.9727,2.8572,1.2234,3.4325,0.4584,2.999,1.6094,1.1543,1.4134,0.75747,1.0468,1.4331,0.87319,0.52408,1.3793,2.1505,3.8104,0.71281,0.62006,5.9989,0.89144,0.9244,0.9577,3.8001,1.3533
4.2021,6.5908,1.049,2.036,2.8148,4.4199,1.456,3.1363,4.4649,1.2438,1.2908,3.5633,5.0702,3.1051,2.8666,1.2805,3.4712,0.48153,3.0421,1.6401,1.1489,1.4001,0.76151,1.0632,1.4818,0.87483,0.51371,1.426,2.1469,3.7149,0.70592,0.61985,6.2442,0.90074,0.93329,0.93958,3.9857,1.3509
4.123,6.7017,1.0454,2.1173,2.7731,4.3715,1.4461,3.1622,4.4242,1.2292,1.2845,3.5934,5.0656,3.2322,2.8534,1.3351,3.5088,0.5039,3.066,1.6735,1.1428,1.384,0.78324,1.0776,1.526,0.87603,0.50345,1.4625,2.1627,3.6028,0.70645,0.61709,6.5082,0.90501,0.94285,0.92126,4.2247,1.3483
4.0457,6.8108,1.0766,2.1833,2.7251,4.3161,1.4394,3.2662,4.3846,1.2115,1.2791,3.619,5.0646,3.3548,2.8356,1.3874,3.545,0.52445,3.092,1.7093,1.1359,1.3654,0.8237,1.0899,1.5635,0.87673,0.49333,1.4884,2.1759,3.4857,0.71725,0.61144,6.7687,0.90613,0.95275,0.90343,4.4271,1.3452
3.9685,6.9191,1.1275,2.2279,2.6703,4.2542,1.4355,3.3596,4.3427,1.1893,1.2751,3.6506,5.0663,3.4726,2.807,1.4372,3.5801,0.54199,3.1765,1.7458,1.1285,1.3446,0.86823,1.0998,1.5926,0.87682,0.48329,1.5039,2.1866,3.371,0.7272,0.60338,7.0019,0.90521,0.96278,0.88649,4.6021,1.3419
3.8937,7.077,1.1724,2.2468,2.6091,4.1857,1.4338,3.439,4.3009,1.1638,1.2726,3.6775,5.0706,3.5863,2.7759,1.4835,3.6139,0.55501,3.2552,1.7858,1.1203,1.3219,0.91326,1.1072,1.6122,0.87636,0.47339,1.5096,2.1944,3.3391,0.73675,0.59276,7.1935,0.90331,0.97281,0.87609,4.7586,1.3381
3.8232,7.2368,1.2078,2.2401,2.5423,4.1101,1.4334,3.5387,4.2593,1.1346,1.2718,3.7079,5.0772,3.6956,2.7527,1.5246,3.6464,0.56213,3.3228,1.8263,1.1115,1.2976,0.95532,1.1117,1.6218,0.8885,0.46372,1.5068,2.1988,3.4225,0.74506,0.58007,7.3246,0.90102,0.98278,0.87904,4.9025,1.334
3.7566,7.3949,1.2338,2.2099,2.5079,4.0264,1.4421,3.6704,4.2158,1.1017,1.2729,3.738,5.0861,3.8003,2.7366,1.5584,3.6777,0.56304,3.3715,1.87,1.1227,1.2717,0.9915,1.113,1.6207,0.89936,0.4697,1.497,2.199,3.5516,0.75275,0.56572,7.398,0.89722,0.99319,0.88205,5.0364,1.3294
3.6962,7.551,1.325,2.1574,2.5459,3.9337,1.4832,3.7897,4.1731,1.0666,1.2755,3.7749,5.0972,3.9004,2.7319,1.5851,3.7077,0.55863,3.403,1.9139,1.1875,1.2571,1.0197,1.1111,1.6084,0.90903,0.4815,1.4821,2.194,3.664,0.75942,0.55007,7.4108,0.8908,1.0037,0.88646,5.158,1.3247
3.6421,7.7048,1.4086,2.0867,2.5748,3.8741,1.5173,3.8992,4.1302,1.0288,1.2797,3.8184,5.1096,3.9959,2.7416,1.6037,3.7363,0.55057,3.4211,1.9571,1.2573,1.2603,1.0383,1.1058,1.585,0.91758,0.49933,1.4644,2.1831,3.7569,0.76532,0.57005,7.3807,0.88495,1.0143,0.89238,5.2639,1.3194
3.5946,7.8547,1.481,2.0221,2.5949,3.8833,1.5417,3.9988,4.0856,0.989,1.2854,3.8721,5.1229,4.0862,2.7666,1.6153,3.7731,0.5411,3.4302,2.0038,1.3304,1.2582,1.0464,1.1404,1.5788,0.92503,0.52185,1.4496,2.1662,3.8313,0.77038,0.59499,7.3422,0.87665,1.025,0.89796,5.3491,1.3138
3.5553,8.0004,1.5396,2.0121,2.6061,3.8907,1.5564,4.0863,4.0422,0.94831,1.3194,3.9311,5.137,4.1712,2.8057,1.6209,3.9318,0.5576,3.4517,2.0489,1.4051,1.2511,1.044,1.1829,1.5864,0.93135,0.54657,1.469,2.1491,3.8859,0.77479,0.61675,7.3383,0.86987,1.0358,0.90119,5.4104,1.3078
3.5251,8.142,1.5831,1.9927,2.6078,3.8965,1.562,4.1668,3.9984,0.97224,1.3758,3.9952,5.1514,4.2506,2.8572,1.6205,4.0838,0.58191,3.4881,2.0934,1.4799,1.2399,1.0448,1.2199,1.5901,0.9365,0.57071,1.4845,2.129,3.9199,0.77843,0.63464,7.3313,0.86229,1.0467,0.89944,5.4477,1.3016
3.5036,8.2778,1.6115,1.9584,2.5997,3.9014,1.559,4.2363,3.9533,0.99794,1.4459,4.0554,5.1658,4.324,2.9203,1.6674,4.2289,0.60333,3.5296,2.1399,1.5536,1.2249,1.0443,1.251,1.5896,0.9404,0.59193,1.4981,2.1021,3.9877,0.78159,0.64864,7.3362,0.84838,1.0578,0.90833,5.4627,1.2949
3.4915,8.4085,1.6257,1.9309,2.5831,3.9053,1.548,4.2955,3.9095,1.0159,1.5089,4.1186,5.1799,4.3913,2.9874,1.7422,4.3668,0.62244,3.5774,2.1867,1.6252,1.2066,1.0849,1.2756,1.5849,0.94307,0.60883,1.5117,2.0684,4.2307,0.78408,0.67231,7.3647,0.8296,1.0695,0.92353,5.4588,1.2879
3.4889,8.5337,1.6284,1.9666,2.559,3.9086,1.5512,4.3486,3.8652,1.0264,1.5622,4.1742,5.1935,4.452,3.0533,1.8232,4.4981,0.63984,3.6316,2.2361,1.6937,1.1854,1.1249,1.3065,1.5765,0.94447,0.62081,1.5271,2.0486,4.4758,0.78608,0.70072,7.42,0.8078,1.0809,0.96125,5.4424,1.2806
3.4959,8.6524,1.6237,1.9904,2.5287,3.9111,1.5605,4.3925,3.8197,1.03,1.6351,4.2279,5.2063,4.5063,3.1127,1.9097,4.623,0.65575,3.6904,2.3011,1.7585,1.162,1.1538,1.3329,1.5651,0.94455,0.62802,1.5456,2.0297,4.7185,0.78761,0.73047,7.4986,0.78481,1.092,1.0238,5.4198,1.2729
3.5126,8.7651,1.6147,2.0038,2.4996,3.913,1.5667,4.4283,3.7762,1.0276,1.702,4.2802,5.2181,4.5537,3.1692,2.0009,4.7412,0.67043,3.7518,2.3815,1.8191,1.1372,1.1721,1.3539,1.5512,0.94335,0.63444,1.5682,2.0056,4.9481,0.78836,0.76228,7.5931,0.76258,1.1025,1.0799,5.3976,1.265
3.5386,8.8713,1.6055,2.0088,2.4994,3.9148,1.5694,4.4565,3.7317,1.0199,1.7546,4.3238,5.2288,4.5942,3.2123,2.0956,4.8522,0.68339,3.8135,2.4633,1.8756,1.1114,1.1807,1.3694,1.5355,0.94104,0.64262,1.5977,1.9764,5.1599,0.78908,0.79637,7.6924,0.74185,1.1123,1.1286,5.3812,1.2658
3.5737,8.9698,1.5994,2.0055,2.4988,3.9179,1.5683,4.4792,3.6875,1.0082,1.7909,4.3623,5.2382,4.6278,3.2385,2.1929,4.9551,0.69436,3.8732,2.5405,1.928,1.0853,1.1815,1.3795,1.5184,0.9376,0.64789,1.6423,1.9936,5.3504,0.78898,0.83337,7.7842,0.72579,1.1335,1.1686,5.3742,1.2698
3.6174,9.0614,1.5982,1.9942,2.4982,3.9243,1.5634,4.4956,3.6439,0.9943,1.81,4.4016,5.2462,4.6545,3.2552,2.2916,5.0489,0.70266,3.9297,2.6169,1.9769,1.0593,1.1819,1.3844,1.5004,0.93311,0.6504,1.6934,2.0545,5.5174,0.78834,0.87386,7.8564,0.73249,1.1553,1.1999,5.377,1.2697
3.6692,9.1456,1.6028,2.0024,2.497,3.9326,1.5543,4.5061,3.6,0.98256,1.8119,4.4319,5.2526,4.6743,3.251,2.3908,5.1334,0.70793,3.9819,2.6915,2.0223,1.0338,1.1841,1.3844,1.4818,0.92766,0.65027,1.7506,2.1028,5.6598,0.7875,0.91834,7.8991,0.74133,1.1686,1.2245,5.3877,1.2654
3.7285,9.2216,1.613,2.0102,2.4952,3.9409,1.5412,4.5115,3.5575,0.97335,1.7975,4.4535,5.2576,4.6874,3.2322,2.4897,5.2088,0.71035,4.0301,2.76,2.0647,1.009,1.1805,1.3798,1.4629,0.92141,0.64755,1.8135,2.1391,5.7777,0.78588,0.96632,7.9095,0.75173,1.172,1.2482,5.4032,1.2573
3.7946,9.2899,1.6278,2.0528,2.4928,3.9482,1.524,4.5127,3.5148,0.96478,1.769,4.4788,5.2612,4.6941,3.1991,2.5874,5.2764,0.71054,4.0746,2.825,2.1041,0.98525,1.172,1.3844,1.444,0.9144,0.64238,1.881,2.1642,5.8724,0.78373,1.0171,7.8807,0.7638,1.1661,1.27,5.4196,1.2456
3.8668,9.3697,1.6456,2.082,2.4906,3.9541,1.5028,4.5104,3.4734,0.95752,1.7289,4.4964,5.2633,4.6948,3.1761,2.6839,5.3378,0.7104,4.1161,2.8893,2.1408,0.96328,1.1591,1.3968,1.4253,0.90669,0.63484,1.9522,2.1789,5.9464,0.78142,1.0698,7.8115,0.77633,1.1531,1.2846,5.4327,1.2303
3.9449,9.5025,1.6645,2.0982,2.4878,3.9583,1.531,4.5049,3.4329,0.95198,1.7377,4.5055,5.2645,4.6894,3.1516,2.7774,5.3938,0.71279,4.1555,2.9462,2.1749,0.94351,1.1423,1.407,1.4065,0.8984,0.62481,2.0257,2.1844,6.0056,0.77844,1.123,7.7093,0.78875,1.1558,1.2923,5.4387,1.2168
4.0285,9.631,1.6826,2.1025,2.4844,3.9608,1.5829,4.5993,3.3938,0.94819,1.758,4.5126,5.2645,4.6784,3.1197,2.866,5.4442,0.71609,4.1937,2.997,2.2065,0.92664,1.1544,1.4153,1.3877,0.88975,0.61207,2.1006,2.1823,6.0666,0.77491,1.1761,7.6522,0.80021,1.1568,1.2932,5.4349,1.2242
4.1161,9.7554,1.6982,2.0965,2.4806,3.9612,1.6355,4.7639,3.3567,0.94587,1.7716,4.518,5.2635,4.6619,3.0779,2.9493,5.4882,0.72576,4.231,3.0485,2.2362,0.91289,1.1841,1.4215,1.3686,0.88076,0.59649,2.1753,2.174,6.1381,0.77144,1.2273,7.6224,0.80986,1.1563,1.2901,5.4196,1.2317
4.207,9.8758,1.7109,2.0817,2.4765,3.9597,1.6913,4.916,3.3234,0.94466,1.7786,4.5149,5.2616,4.6404,3.0334,3.0242,5.5254,0.74214,4.2676,3.0917,2.2639,0.90241,1.2192,1.4259,1.352,0.87161,0.57816,2.2487,2.1612,6.1951,0.76747,1.274,7.5683,0.81726,1.1547,1.285,5.3925,1.2391
4.3014,9.9916,1.7195,2.0589,2.4723,3.9562,1.7526,5.0545,3.2973,0.94393,1.7793,4.5033,5.2588,4.6143,2.9892,3.0895,5.5564,0.77188,4.3031,3.131,2.29,0.89511,1.2592,1.4285,1.3409,0.86251,0.55751,2.3196,2.1455,6.2363,0.76309,1.3153,7.4944,0.8225,1.1521,1.2773,5.3968,1.2464
4.3989,10.103,1.7235,2.0282,2.4675,3.9513,1.8212,5.1788,3.2772,0.98165,1.774,4.4958,5.2554,4.5841,2.9508,3.1426,5.5816,0.80312,4.3368,3.1679,2.3141,0.89053,1.3034,1.4296,1.3266,0.85354,0.53818,2.3868,2.1284,6.2626,0.75891,1.3571,7.4042,0.84154,1.148,1.303,5.4439,1.2536
4.4977,10.209,1.7235,1.9894,2.4623,3.9551,1.8981,5.2892,3.26,1.02,1.7635,4.4796,5.2514,4.5501,2.9183,3.1831,5.6015,0.83536,4.3676,3.1983,2.3361,0.88788,1.351,1.4295,1.3113,0.84494,0.53881,2.4494,2.1113,6.2725,0.75455,1.4024,7.3002,0.87679,1.1423,1.3288,5.481,1.2609
4.5989,10.311,1.7197,1.9446,2.4566,3.9748,1.9836,5.3855,3.2442,1.0569,1.748,4.4544,5.2469,4.513,2.9004,3.2082,5.6175,0.86896,4.3945,3.2287,2.3554,0.88644,1.4008,1.4286,1.2973,0.83685,0.5405,2.5066,2.0954,6.2708,0.75002,1.4479,7.1828,0.91019,1.1521,1.3459,5.509,1.2679
4.7011,10.407,1.7121,1.9828,2.4509,3.9937,2.0768,5.4664,3.2295,1.0918,1.7285,4.4289,5.242,4.4733,2.8929,3.2179,5.6306,0.90423,4.4163,3.2549,2.3725,0.90101,1.4518,1.4273,1.2873,0.82937,0.54445,2.5575,2.0818,6.2544,0.74557,1.4861,7.0489,0.94149,1.1753,1.3555,5.5293,1.2749
4.8038,10.498,1.7014,2.025,2.4448,4.0119,2.1764,5.5345,3.2154,1.1246,1.7054,4.3979,5.2368,4.4316,2.8989,3.2123,5.6409,0.9415,4.4318,3.2784,2.3872,0.92096,1.503,1.426,1.2836,0.82272,0.54887,2.6016,2.0713,6.2284,0.74141,1.5176,6.9572,0.97111,1.1967,1.3593,5.5423,1.2818
4.9075,10.584,1.7197,2.0677,2.4383,4.0293,2.2807,5.5864,3.2024,1.1541,1.6792,4.3575,5.2313,4.3886,2.9195,3.1914,5.648,0.9809,4.44,3.304,2.3997,0.94209,1.5533,1.4252,1.2879,0.81691,0.5535,2.6385,2.0642,6.1911,0.73724,1.5427,7.0133,1.003,1.2161,1.3592,5.5486,1.2887
5.0111,10.664,1.7331,2.1095,2.4313,4.0461,2.3879,5.6666,3.1899,1.1802,1.6503,4.3193,5.2619,4.3447,2.9489,3.1568,5.651,1.0225,4.4401,3.3271,2.4096,0.96384,1.6019,1.4252,1.3214,0.81209,0.55783,2.6678,2.0611,6.1464,0.73309,1.5615,7.0568,1.0403,1.2328,1.3569,5.5486,1.2954
5.1147,10.739,1.7412,2.1475,2.4241,4.0622,2.496,5.7351,3.1773,1.2033,1.6388,4.2724,5.3154,4.3005,2.9903,3.1103,5.6495,1.0662,4.4317,3.3465,2.4163,0.9877,1.6478,1.4263,1.3702,0.80828,0.56126,2.6896,2.0614,6.0937,0.7291,1.5744,7.0826,1.0763,1.2466,1.354,5.543,1.3019
5.2435,10.808,1.7441,2.1793,2.4168,4.0777,2.6036,5.7889,3.1657,1.2223,1.6935,4.2256,5.3692,4.2568,3.0355,3.0548,5.6434,1.1119,4.4144,3.3676,2.4192,1.0147,1.6903,1.4287,1.4208,0.80552,0.56318,2.704,2.0653,6.0846,0.7255,1.5816,7.1052,1.1112,1.2574,1.3512,5.5309,1.3084
5.3696,10.872,1.742,2.2047,2.409,4.0924,2.7092,5.8255,3.1538,1.2544,1.7442,4.1727,5.4238,4.2139,3.0866,2.9917,5.6321,1.1592,4.3883,3.3866,2.418,1.0415,1.729,1.4325,1.4727,0.80387,0.5632,2.7114,2.0722,6.1917,0.72192,1.5853,7.2027,1.1453,1.2652,1.349,5.5123,1.3148
5.4913,10.93,1.7353,2.2214,2.4501,4.1066,2.812,5.8453,3.1426,1.2983,1.7882,4.1211,5.4793,4.1723,3.1902,2.9234,5.7129,1.2079,4.3536,3.4079,2.4116,1.0667,1.7633,1.4377,1.5255,0.80333,0.56134,2.7123,2.0818,6.2768,0.71831,1.585,7.2708,1.1789,1.2712,1.3474,5.4873,1.3211
5.6051,10.982,1.7241,2.229,2.504,4.1202,2.9114,5.8496,3.1308,1.3395,1.8236,4.0681,5.5349,4.1327,3.3135,2.8534,5.793,1.2575,4.3108,3.4363,2.3993,1.0897,1.7931,1.4443,1.5789,0.80389,0.5579,2.7074,2.0933,6.3417,0.71464,1.582,7.3045,1.2123,1.2763,1.3455,5.4547,1.3272
5.7104,11.03,1.7088,2.2284,2.559,4.1333,3.0072,5.8372,3.12,1.3779,1.8489,4.0162,5.5914,4.1085,3.4383,2.7825,5.8608,1.3074,4.2608,3.469,2.3804,1.1098,1.8179,1.4522,1.6325,0.80554,0.55331,2.6974,2.1064,6.3835,0.71104,1.5761,7.4646,1.2452,1.2815,1.3424,5.4152,1.3332
5.8091,11.072,1.6901,2.2196,2.6141,4.1458,3.0995,5.809,3.1086,1.413,1.8631,3.9671,5.6482,4.0962,3.5607,2.733,5.9157,1.3572,4.2328,3.5014,2.3547,1.1267,1.8372,1.4612,1.6857,0.80829,0.54823,2.6832,2.1204,6.4038,0.70751,1.5673,7.7335,1.2774,1.2869,1.3431,5.3679,1.3391
5.8975,11.109,1.668,2.2035,2.6688,4.1579,3.1884,5.7663,3.0977,1.4445,1.8661,3.9202,5.7049,4.0855,3.6824,2.6881,5.9581,1.4064,4.2653,3.536,2.3216,1.1404,1.8508,1.4713,1.738,0.81201,0.5433,2.6657,2.1349,6.4042,0.70372,1.5558,7.9781,1.3085,1.2924,1.3762,5.3133,1.3449
5.9748,11.14,1.6426,2.1818,2.7223,4.1695,3.2742,5.7101,3.0869,1.4725,1.8755,3.8735,5.7624,4.0765,3.798,2.6765,5.9887,1.4545,4.3128,3.5657,2.2813,1.1508,1.8585,1.4825,1.789,0.81674,0.53906,2.6458,2.1495,6.3849,0.69958,1.5405,8.1924,1.3378,1.2974,1.4093,5.2512,1.3504
6.0407,11.167,1.6173,2.1569,2.7737,4.1807,3.3573,5.6417,3.0757,1.4969,1.8783,3.8814,5.8195,4.0694,3.9024,2.7464,6.0082,1.5009,4.375,3.5937,2.2346,1.158,1.8604,1.4947,1.8383,0.83537,0.53577,2.6244,2.1635,6.3518,0.69503,1.5347,8.3746,1.3649,1.3014,1.4416,5.182,1.3559
6.1411,11.189,1.6206,2.1294,2.8226,4.1916,3.4378,5.5621,3.065,1.5179,1.872,3.9011,5.8764,4.0641,4.0031,2.8107,6.0167,1.5451,4.4507,3.6181,2.1823,1.1625,1.8567,1.5077,1.8852,0.85609,0.53324,2.6023,2.1767,6.3059,0.6902,1.5334,8.5185,1.3892,1.3043,1.4723,5.1062,1.3613
6.2405,11.206,1.6247,2.1027,2.8987,4.202,3.5159,5.4724,3.0657,1.5354,1.8574,3.9104,5.9336,4.0608,4.0899,2.8702,6.0151,1.5867,4.5376,3.6397,2.1246,1.1647,1.8475,1.5215,1.9296,0.87726,0.5311,2.5805,2.1886,6.251,0.68511,1.5255,8.623,1.4102,1.3065,1.5005,5.0239,1.4123
6.3386,11.219,1.6294,2.0777,2.99,4.212,3.5917,5.3736,3.1576,1.5497,1.8352,3.9166,5.9899,4.0593,4.1696,2.9254,6.0044,1.6251,4.6322,3.658,2.0611,1.1652,1.8331,1.5361,1.9711,0.89879,0.52872,2.5597,2.1989,6.1899,0.67943,1.5103,8.6872,1.4276,1.3093,1.5256,4.9363,1.461
6.4342,11.227,1.6354,2.0576,3.0807,4.2212,3.6649,5.2666,3.2444,1.5606,1.806,3.9122,6.0461,4.0596,4.2358,2.9765,5.986,1.6602,4.7313,3.6734,1.9925,1.1645,1.814,1.5513,2.0096,0.92058,0.5255,2.5408,2.2073,6.1241,0.67311,1.4877,8.7083,1.4413,1.3135,1.5475,4.8477,1.505
6.5271,11.231,1.6427,2.0432,3.1702,4.2296,3.735,5.1523,3.326,1.5681,1.7707,3.8997,6.1016,4.0613,4.2957,3.0231,5.9622,1.6914,4.8311,3.6846,1.9195,1.1626,1.7907,1.5665,2.0448,0.94254,0.5211,2.5314,2.2136,6.0563,0.66614,1.4579,8.6822,1.451,1.3207,1.5658,4.7701,1.5437
6.6182,11.231,1.651,2.0359,3.2581,4.2372,3.8013,5.0336,3.4008,1.5724,1.7302,3.8824,6.1564,4.0643,4.3413,3.0656,5.9379,1.7187,4.9526,3.6968,1.8434,1.1599,1.7639,1.5815,2.0769,0.96813,0.51535,2.5288,2.2174,5.9859,0.65867,1.4271,8.6069,1.4568,1.3311,1.5809,4.6827,1.5789
6.7077,11.227,1.6611,2.0366,3.3439,4.2438,3.863,4.9111,3.469,1.5736,1.6852,3.8558,6.2107,4.0685,4.3831,3.1028,5.9196,1.7419,5.0765,3.7374,1.8047,1.1565,1.7342,1.5959,2.106,0.99455,0.50848,2.5296,2.2185,5.9147,0.65081,1.3939,8.4829,1.4587,1.3451,1.5924,4.5866,1.6215
6.7946,11.22,1.6718,2.0459,3.4272,4.2495,3.9192,4.7847,3.5305,1.5718,1.6368,3.8267,6.2636,4.0738,4.4125,3.1333,5.9218,1.7607,5.1949,3.7762,1.7969,1.1572,1.7025,1.6095,2.1322,1.019,0.50105,2.5342,2.2169,5.8442,0.64228,1.357,8.6185,1.4685,1.3626,1.6003,4.4828,1.66
6.8793,11.208,1.6826,2.0632,3.5075,4.2542,3.9691,4.6585,3.5841,1.5675,1.5856,3.8113,6.3164,4.0796,4.4361,3.1578,5.9375,1.7752,5.3056,3.8102,1.7869,1.1609,1.6749,1.622,2.1557,1.0413,0.49372,2.5428,2.2123,5.7765,0.63312,1.3175,8.8353,1.5026,1.3826,1.6048,4.3893,1.6935
6.9619,11.194,1.6936,2.0876,3.5845,4.258,4.0117,4.5313,3.6292,1.5611,1.5324,3.8337,6.3676,4.0859,4.4516,3.174,5.9509,1.7852,5.4064,3.8396,1.776,1.1639,1.7026,1.6329,2.1766,1.0614,0.48721,2.5554,2.2042,5.7117,0.62337,1.2757,9.0235,1.5339,1.4049,1.6064,4.3271,1.7214
7.0427,11.176,1.7038,2.118,3.6579,4.2608,4.0464,4.4062,3.6663,1.5528,1.478,3.8498,6.4182,4.0928,4.4598,3.1819,5.9576,1.7909,5.4964,3.8709,1.7668,1.166,1.7241,1.6417,2.1949,1.0795,0.48212,2.572,2.1925,5.6512,0.61308,1.2326,9.184,1.5621,1.4283,1.6054,4.3104,1.7444
7.1216,11.155,1.7123,2.1533,3.7274,4.2627,4.0727,4.2824,3.6947,1.5433,1.423,3.8574,6.4675,4.0997,4.4644,3.1808,5.9568,1.7924,5.5744,3.8985,1.7599,1.1675,1.7402,1.6482,2.2108,1.0953,0.4787,2.5924,2.1771,5.5959,0.60265,1.1879,9.3151,1.5868,1.4519,1.6025,4.289,1.7637
7.1985,11.132,1.7184,2.1911,3.7925,4.2637,4.0901,4.1793,3.7145,1.5329,1.3683,3.8647,6.5158,4.1065,4.5234,3.1699,5.948,1.79,5.6404,3.9216,1.7534,1.1681,1.7518,1.6525,2.2251,1.112,0.47683,2.6164,2.1577,5.5463,0.59181,1.1422,9.4155,1.6074,1.4745,1.5985,4.2628,1.779
7.2737,11.106,1.7215,2.2306,3.8531,4.264,4.0983,4.1824,3.7376,1.5217,1.3143,3.8629,6.5631,4.1134,4.6147,3.1502,5.932,1.8139,5.6946,3.9402,1.7467,1.168,1.7603,1.6547,2.2385,1.1307,0.47595,2.6436,2.1345,5.5026,0.59019,1.1191,9.4849,1.6233,1.4952,1.5936,4.2318,1.7889
7.3468,11.077,1.7208,2.2692,3.9089,4.2636,4.0972,4.1856,3.7674,1.5096,1.2617,3.8573,6.6091,4.1202,4.6999,3.1205,5.9084,1.8446,5.738,3.9586,1.7394,1.1669,1.7668,1.6552,2.2509,1.1486,0.47527,2.6736,2.1076,5.4648,0.59304,1.0991,9.546,1.6343,1.5127,1.5882,4.1964,1.7925
7.4174,11.047,1.7157,2.3054,3.9595,4.2625,4.087,4.1872,3.7834,1.4968,1.2458,3.8483,6.6542,4.1267,4.7817,3.082,5.8776,1.8713,5.7716,3.9757,1.7314,1.1651,1.7726,1.654,2.2621,1.1654,0.47377,2.7061,2.0827,5.4325,0.59562,1.0765,9.6078,1.64,1.5283,1.5828,4.1564,1.7895
7.4854,11.015,1.7057,2.3379,4.0052,4.2607,4.0681,4.1871,3.788,1.483,1.2567,3.8313,6.698,4.1331,4.8644,3.0349,5.8406,1.8942,5.7966,3.9885,1.7227,1.1623,1.7793,1.6507,2.2713,1.1812,0.48514,2.7406,2.0735,5.4053,0.59771,1.052,9.6505,1.6398,1.5499,1.5778,4.1118,1.7805
7.5509,10.982,1.6905,2.3644,4.0454,4.2585,4.0411,4.1867,3.7795,1.4685,1.266,3.8368,6.7409,4.1394,4.9414,2.9809,5.7979,1.914,5.8147,3.9972,1.7129,1.1586,1.788,1.6451,2.2779,1.1959,0.50989,2.7766,2.0604,5.3823,0.59941,1.0245,9.6732,1.6334,1.5671,1.5737,4.063,1.7658
7.6139,10.947,1.6701,2.3851,4.0807,4.2558,4.0068,4.1858,3.7609,1.4533,1.2737,3.8832,6.7826,4.1457,5.0163,2.9209,5.7502,1.9312,5.8273,4.0017,1.702,1.1538,1.8,1.6634,2.2818,1.2095,0.53418,2.8138,2.0435,5.3628,0.60082,0.99384,9.6764,1.6216,1.5802,1.5713,4.011,1.7463
7.6746,10.911,1.6444,2.3973,4.1106,4.2527,3.9806,4.1834,3.7316,1.4379,1.28,3.9237,6.8233,4.152,5.0925,2.8577,5.6985,1.9464,5.8358,4.008,1.6899,1.1482,1.8163,1.724,2.283,1.2217,0.55696,2.8515,2.0231,5.3457,0.60194,0.961,9.6605,1.6037,1.6084,1.5712,3.9556,1.7232
7.7332,10.874,1.6192,2.4026,4.1355,4.2494,3.949,4.1798,3.7217,1.4225,1.2849,3.9611,6.863,4.1586,5.1632,2.7927,5.6432,1.9604,5.8412,4.0114,1.6766,1.1416,1.8379,1.7797,2.2815,1.2327,0.57718,2.8895,1.9997,5.3305,0.60598,0.9258,9.6261,1.6047,1.6388,1.5738,3.8976,1.697
7.7898,10.836,1.6114,2.3986,4.1553,4.246,3.913,4.1755,3.713,1.4073,1.2884,3.991,6.9016,4.1654,5.231,2.7282,5.5852,1.974,5.8445,4.0108,1.6621,1.1341,1.8652,1.83,2.2775,1.2422,0.59399,2.9271,1.9737,5.3156,0.6144,0.89506,9.5738,1.6261,1.6647,1.5798,3.8381,1.6672
7.8445,10.798,1.5985,2.3873,4.1699,4.2427,3.8746,4.1714,3.7015,1.3931,1.2904,4.013,6.9394,4.1729,5.3,2.6665,5.5252,1.9874,5.846,4.0065,1.6485,1.1257,1.8986,1.8748,2.2711,1.2503,0.60683,2.9641,1.9459,5.3017,0.62227,0.90876,9.5042,1.6384,1.6863,1.5895,3.7773,1.6335
7.8972,10.759,1.5807,2.3676,4.1795,4.2841,3.8356,4.1662,3.6866,1.3796,1.2908,4.0319,6.976,4.181,5.3622,2.6095,5.4637,2.0201,5.8459,4.0027,1.6472,1.1165,1.9382,1.9138,2.2946,1.2569,0.61552,3,1.917,5.3154,0.62919,0.92362,9.4181,1.642,1.7043,1.6031,3.7167,1.5958
7.9741,10.72,1.5584,2.3408,4.184,4.3604,3.798,4.1599,3.6679,1.368,1.2895,4.0444,7.0119,4.1899,5.4223,2.5601,5.4009,2.0549,5.8442,3.9974,1.645,1.1066,1.9836,1.9468,2.3217,1.2619,0.61998,3.0345,1.8876,5.3281,0.63524,0.93935,9.3166,1.6384,1.7195,1.6209,3.6563,1.5543
8.0638,10.681,1.532,2.3078,4.1839,4.4339,3.7637,4.1528,3.6436,1.358,1.2866,4.0508,7.0465,4.1999,5.4799,2.5193,5.3367,2.0885,5.8404,3.9885,1.6421,1.0961,2.0343,1.9734,2.3424,1.2654,0.62054,3.0671,1.8584,5.3383,0.64091,0.95584,9.2005,1.6294,1.7332,1.6425,3.5975,1.5094
8.1535,10.642,1.5028,2.292,4.1789,4.5053,3.7344,4.145,3.6133,1.3501,1.2817,4.054,7.0807,4.211,5.5282,2.4858,5.2698,2.121,5.834,3.9787,1.6384,1.0849,2.0897,1.9936,2.3575,1.2674,0.61757,3.0976,1.8299,5.3452,0.64593,0.97248,9.0707,1.6171,1.7461,1.6679,3.5406,1.4616
8.2389,10.603,1.4711,2.3242,4.1693,4.5747,3.7116,4.1378,3.7271,1.345,1.2748,4.0549,7.1135,4.2236,5.5786,2.4608,5.1998,2.1529,5.8245,3.969,1.6339,1.0733,2.1488,2.0075,2.3678,1.2678,0.61163,3.1255,1.8027,5.3492,0.65027,0.98891,8.9289,1.6037,1.7617,1.6969,3.486,1.4508
8.3243,10.564,1.4381,2.3503,4.1548,4.6416,3.6964,4.1299,3.8569,1.3426,1.2658,4.0519,7.1459,4.2376,5.618,2.4447,5.1259,2.1847,5.8117,3.9558,1.6288,1.0612,2.2104,2.0149,2.405,1.2837,0.6033,3.1508,1.7776,5.3487,0.654,1.0044,8.7753,1.5903,1.8117,1.7287,3.4345,1.4521
8.4056,10.526,1.4051,2.3699,4.1354,4.7053,3.6898,4.1214,3.9724,1.3432,1.2623,4.044,7.177,4.2533,5.6545,2.437,5.0483,2.2167,5.795,3.9413,1.623,1.0487,2.2735,2.016,2.4701,1.3024,0.59316,3.1731,1.7551,5.343,0.65765,1.0184,8.6108,1.5782,1.8683,1.7629,3.3861,1.4534
8.4859,10.487,1.3731,2.3828,4.1113,4.7659,3.6917,4.1123,4.0734,1.347,1.2659,4.0351,7.2075,4.2707,5.682,2.4368,4.9673,2.2491,5.7746,3.9275,1.6168,1.0358,2.3371,2.0106,2.5366,1.3188,0.58163,3.1921,1.7377,5.332,0.66077,1.0306,8.436,1.5672,1.9309,1.7988,3.3406,1.4546
8.563,10.45,1.3432,2.3894,4.0825,4.8236,3.7023,4.1028,4.1598,1.3543,1.2687,4.0205,7.2368,4.2899,5.7019,2.4428,4.883,2.2818,5.7507,3.9104,1.6101,1.0226,2.3999,1.9986,2.6034,1.3329,0.56911,3.2077,1.7233,5.3153,0.66342,1.0409,8.2517,1.5613,1.9988,1.8357,3.2979,1.4556
8.6375,10.413,1.3166,2.3903,4.0515,4.8785,3.7207,4.0929,4.2319,1.3649,1.2706,4.0039,7.2654,4.3109,5.7146,2.4539,4.7956,2.3149,5.7242,3.8907,1.6029,1.0091,2.461,2.0257,2.669,1.3445,0.55588,3.2196,1.7125,5.2936,0.66564,1.0491,8.0583,1.5689,2.0707,1.8731,3.2579,1.4566
8.7103,10.376,1.2944,2.3858,4.0823,4.931,3.7459,4.0834,4.2899,1.379,1.2714,3.9821,7.293,4.3336,5.7152,2.469,4.7055,2.3485,5.6963,3.873,1.5956,0.99532,2.5196,2.0731,2.7327,1.3536,0.5621,3.2279,1.7055,5.2662,0.66776,1.0553,7.8564,1.5724,2.1455,1.9102,3.22,1.4575
8.7787,10.34,1.2776,2.3762,4.1117,4.981,3.7767,4.0743,4.3344,1.3963,1.2709,3.9601,7.3197,4.3582,5.7106,2.4875,4.6905,2.3825,5.6687,3.8523,1.6132,0.98123,2.5748,2.1189,2.7939,1.3602,0.56832,3.2324,1.7026,5.2328,0.66963,1.0593,7.704,1.5725,2.2218,1.947,3.1833,1.4588
8.8469,10.306,1.2668,2.3618,4.1401,5.0286,3.8113,4.065,4.3659,1.4167,1.2689,3.9328,7.3455,4.3845,5.6897,2.5086,4.6936,2.4173,5.6436,3.8285,1.6551,0.96687,2.6261,2.1633,2.8519,1.3642,0.57398,3.233,1.704,5.1936,0.67113,1.0612,7.6515,1.5695,2.2975,1.9838,3.147,1.4625
8.9108,10.272,1.2625,2.3426,4.1732,5.0735,3.848,4.0556,4.3852,1.4404,1.2653,3.9065,7.3702,4.4122,5.6659,2.5318,4.6955,2.4525,5.6265,3.8068,1.6923,0.95219,2.6731,2.2062,2.9065,1.3656,0.57895,3.2298,1.7109,5.1494,0.67228,1.061,7.5933,1.5634,2.3707,2.0203,3.1105,1.4662
8.9722,10.238,1.2651,2.3185,4.2137,5.1154,3.8851,4.0462,4.3939,1.4668,1.2833,3.8778,7.3941,4.4416,5.6249,2.5573,4.6966,2.4883,5.617,3.7826,1.7246,0.93722,2.7156,2.2479,2.9575,1.3644,0.58311,3.2227,1.7241,5.1005,0.67307,1.0587,7.5288,1.5548,2.4397,2.0554,3.0732,1.4698
9.0317,10.206,1.2743,2.2886,4.2517,5.1541,3.9207,4.0369,4.3928,1.4955,1.3238,3.8463,7.4168,4.472,5.5781,2.5864,4.6968,2.5246,5.6176,3.7556,1.7518,0.92189,2.7532,2.2882,3.0048,1.3608,0.58656,3.2118,1.7419,5.0462,0.67385,1.0546,7.4576,1.5435,2.5021,2.0887,3.0339,1.4736
9.0868,10.175,1.2901,2.2521,4.2871,5.1893,3.9531,4.0278,4.3827,1.5267,1.3624,3.8536,7.4388,4.5035,5.5163,2.619,4.6959,2.5612,5.6313,3.7305,1.7738,0.90628,2.786,2.3274,3.0738,1.3549,0.58933,3.1973,1.7642,4.9883,0.67433,1.0487,7.3793,1.5296,2.557,2.1193,2.9919,1.4772
9.141,10.146,1.3119,2.2437,4.3199,5.2207,3.9857,4.0189,4.3646,1.5596,1.3986,3.8643,7.4594,4.536,5.447,2.6557,4.6943,2.5979,5.6606,3.7032,1.7906,0.89026,2.8139,2.3653,3.1639,1.3468,0.59124,3.1791,1.7906,4.9265,0.67446,1.0415,7.2939,1.5133,2.603,2.1474,2.9468,1.4808
9.1916,10.117,1.3389,2.2372,4.3502,5.2482,4.0269,4.0103,4.3412,1.5944,1.4319,3.8735,7.4792,4.569,5.3643,2.6979,4.6918,2.6345,5.7107,3.6747,1.8022,0.87398,2.8368,2.4021,3.2434,1.3367,0.59232,3.1575,1.8205,4.8616,0.6742,1.0331,7.2015,1.4945,2.6397,2.1727,2.8983,1.4843
9.238,10.09,1.3705,2.2268,4.378,5.2718,4.0617,4.0025,4.3127,1.6303,1.4619,3.8814,7.4977,4.6023,5.2747,2.7457,4.6881,2.6707,5.7868,3.6472,1.8092,0.8573,2.8548,2.4373,3.3117,1.325,0.59278,3.1327,1.8534,4.7941,0.67356,1.0244,7.1027,1.4736,2.668,2.1951,2.8458,1.4878
9.2842,10.064,1.4056,2.2129,4.4033,5.2915,4.089,4.0576,4.2809,1.6672,1.4881,3.888,7.5153,4.6356,5.2253,2.7988,4.684,2.7062,5.8878,3.6171,1.8117,0.84033,2.8678,2.4711,3.3685,1.3118,0.59237,3.1048,1.8887,4.7251,0.67957,1.0157,6.9993,1.4513,2.6891,2.215,2.7894,1.4912
9.3259,10.039,1.443,2.1944,4.4263,5.3076,4.1077,4.1117,4.2477,1.7047,1.5104,3.8933,7.5315,4.6687,5.2052,2.8581,4.6787,2.7409,6.0147,3.5886,1.8105,0.83538,2.8758,2.5034,3.4138,1.2973,0.59112,3.0742,1.926,4.6541,0.69433,1.0076,6.8907,1.4439,2.7044,2.2319,2.7291,1.4945
9.3644,10.015,1.4822,2.1704,4.4471,5.3208,4.1171,4.1644,4.2141,1.7429,1.5283,3.8974,7.5467,4.7014,5.1791,2.9214,4.6727,2.7745,6.1673,3.5584,1.8059,0.83048,2.879,2.534,3.4475,1.2813,0.58927,3.1115,1.9646,4.5839,0.707,1.0007,6.7773,1.4487,2.717,2.246,2.6657,1.4977
9.4016,9.9932,1.5219,2.1405,4.4655,5.3323,4.1805,4.2157,4.1815,1.7814,1.5417,3.9003,7.5606,4.7333,5.1477,2.9889,4.6657,2.8064,6.3448,3.5262,1.7989,0.82501,2.8775,2.563,3.4696,1.2637,0.5866,3.1487,2.004,4.5135,0.71745,0.99523,6.6593,1.456,2.7287,2.2575,2.5993,1.5009
9.4344,9.9721,1.5612,2.191,4.4817,5.3464,4.2399,4.2658,4.1526,1.8201,1.5502,3.9048,7.5733,4.7641,5.111,3.0579,4.6577,2.8365,6.5454,3.4959,1.79,0.81887,2.8717,2.5903,3.4804,1.2452,0.58316,3.1758,2.0435,4.4435,0.72581,0.99167,6.5376,1.4591,2.7422,2.2667,2.5308,1.5039
9.4645,9.9522,1.5991,2.2404,4.4955,5.3623,4.2905,4.3141,4.1275,1.8593,1.5539,3.9084,7.5848,4.7938,5.0646,3.1269,4.6492,2.8645,6.7666,3.4632,1.7801,0.81213,2.8701,2.6159,3.48,1.2429,0.57913,3.1912,2.0827,4.5188,0.73181,0.99026,6.4132,1.459,2.7597,2.3033,2.4611,1.507
9.493,9.9334,1.6354,2.286,4.5071,5.3762,4.3319,4.3611,4.1079,1.8993,1.5527,3.9111,7.5948,4.822,5.0141,3.1937,4.6395,2.8901,7.0056,3.4283,1.7701,0.80469,2.868,2.6395,3.4824,1.2397,0.57433,3.1938,2.121,4.6345,0.73602,0.99121,6.2849,1.4567,2.7826,2.3418,2.435,1.5099
9.5171,9.9155,1.669,2.3288,4.5164,5.3874,4.3638,4.4072,4.0951,1.9405,1.5469,3.913,7.6039,4.8485,4.9551,3.2561,4.6532,2.9135,7.2587,3.3946,1.7777,0.79668,2.8608,2.6613,3.5092,1.2355,0.56896,3.183,2.1579,4.7433,0.73806,0.99466,6.1543,1.4527,2.8112,2.3786,2.4632,1.5126
9.5386,9.8984,1.6995,2.366,4.5233,5.3953,4.3861,4.4522,4.0903,1.9836,1.5364,3.9142,7.6112,4.873,4.8888,3.3118,4.6667,2.9345,7.5223,3.3598,1.7979,0.78798,2.8486,2.6809,3.5255,1.2307,0.56293,3.1591,2.1929,4.8457,0.73815,1.0007,6.022,1.448,2.8454,2.415,2.4942,1.5154
9.5585,9.8819,1.7274,2.3987,4.5279,5.4,4.3987,4.4962,4.0946,2.0282,1.5218,3.9147,7.6177,4.8955,4.8178,3.3584,4.6805,2.9531,7.7927,3.323,1.8168,0.77867,2.8316,2.6983,3.5314,1.2252,0.55636,3.1225,2.2257,4.9425,0.7366,1.0094,5.8871,1.4435,2.884,2.4504,2.5269,1.5181
9.5741,9.8662,1.7773,2.4245,4.5303,5.4011,4.4018,4.5395,4.1086,2.0736,1.5031,3.9147,7.6225,4.9158,4.7379,3.3937,4.6942,2.9691,8.0657,3.2843,1.8343,0.7688,2.8098,2.7137,3.5271,1.2191,0.54922,3.0746,2.2557,5.0344,0.73341,1.0207,5.7754,1.4394,2.9252,2.4842,2.5603,1.5206
9.587,9.8511,1.8245,2.4447,4.5306,5.3989,4.3956,4.6045,4.1329,2.1192,1.4822,3.9143,7.6261,4.9336,4.7415,3.4166,4.7078,2.9825,8.3379,3.2462,1.8506,0.75835,2.7831,2.7267,3.5128,1.2124,0.5496,3.0165,2.2829,5.1223,0.72855,1.0345,5.7487,1.4362,2.9668,2.5163,2.5931,1.5231
9.5986,9.8366,1.8688,2.4572,4.5289,5.3932,4.3804,4.6897,4.1678,2.1645,1.4812,3.9135,7.6285,4.9488,4.7371,3.4251,4.7213,2.9934,8.6054,3.2077,1.8657,0.74739,2.7518,2.7375,3.4888,1.2051,0.56279,2.9497,2.3068,5.207,0.72224,1.0508,5.7207,1.4342,3.0068,2.5468,2.6238,1.5255
9.6059,9.8225,1.9099,2.4628,4.5251,5.3843,4.3568,4.7742,4.2135,2.2091,1.476,3.9125,7.6292,4.9613,4.7295,3.4187,4.7351,3.0018,8.8648,3.1804,1.8846,0.73598,2.7161,2.7462,3.4554,1.1971,0.57616,2.8758,2.3271,5.2894,0.71459,1.0691,5.6921,1.4336,3.0433,2.5762,2.6511,1.5278
9.6107,9.8087,1.9477,2.461,4.5195,5.372,4.3252,4.8589,4.2699,2.2529,1.4672,3.9113,7.6291,4.971,4.7135,3.396,4.7487,3.0077,9.1127,3.1577,1.9067,0.72421,2.6761,2.7525,3.413,1.1885,0.58957,2.8072,2.3437,5.3704,0.70566,1.0893,5.6636,1.4343,3.0753,2.6045,2.6739,1.5301
9.6142,9.7952,1.9821,2.4513,4.512,5.3567,4.2863,4.9428,4.3366,2.2946,1.461,3.9099,7.6272,4.9778,4.6912,3.3578,4.7621,3.0116,9.3463,3.1341,1.9276,0.7122,2.6323,2.7566,3.3621,1.1792,0.60286,2.7918,2.3562,5.4508,0.69564,1.1111,5.6339,1.4364,3.1011,2.6324,2.6909,1.5323
9.6136,9.7818,2.0132,2.4341,4.5027,5.3382,4.2845,5.0269,4.4132,2.3345,1.484,3.9086,7.6244,4.9815,4.6644,3.3035,4.7756,3.0135,9.5628,3.1107,1.9466,0.70011,2.5848,2.7587,3.3089,1.1692,0.61583,2.7931,2.3646,5.5315,0.68484,1.134,5.6037,1.4401,3.1207,2.6601,2.7013,1.5343
9.6111,9.7685,2.0406,2.4101,4.4918,5.317,4.2828,5.1103,4.4992,2.3717,1.5058,3.9083,7.6201,4.9821,4.6338,3.2826,4.7892,3.0135,9.7599,3.0878,1.9635,0.68813,2.534,2.7585,3.3191,1.1587,0.62827,2.7945,2.3685,5.6132,0.67313,1.1575,5.5737,1.4455,3.1347,2.6875,2.7043,1.5364
9.6068,9.7552,2.0642,2.3797,4.4792,5.2929,4.2753,5.1937,4.5937,2.4059,1.5264,3.9089,7.6144,4.9795,4.6323,3.2719,4.8026,3.0118,9.9354,3.064,1.978,0.67601,2.4802,2.7562,3.3255,1.1473,0.63995,2.7966,2.3681,5.6966,0.66108,1.1812,5.5426,1.4526,3.1433,2.7151,2.6996,1.5383
9.5987,9.7419,2.084,2.3433,4.465,5.2662,4.2626,5.2766,4.6956,2.4368,1.5456,3.9096,7.6078,4.9739,4.6271,3.31,4.8158,3.0086,10.088,3.0395,1.99,0.66368,2.4237,2.7519,3.3281,1.1447,0.65059,2.8,2.3632,5.7821,0.64865,1.2047,5.5115,1.4617,3.1477,2.7429,2.6867,1.5402
9.5901,9.7284,2.1003,2.301,4.4493,5.237,4.245,5.3593,4.8039,2.4641,1.5633,3.9104,7.5995,4.9654,4.6217,3.3579,4.8292,3.0038,10.217,3.0142,1.9994,0.65116,2.365,2.7455,3.3271,1.1461,0.65988,2.8049,2.354,5.87,0.63591,1.2276,5.4802,1.4729,3.1496,2.7713,2.6928,1.542
9.5785,9.7147,2.1129,2.3289,4.4322,5.2056,4.2232,5.4418,4.9173,2.4876,1.5796,3.9113,7.5905,4.9538,4.6116,3.3965,4.8425,2.9972,10.32,2.9898,2.0286,0.6385,2.3044,2.7372,3.3227,1.1474,0.66748,2.8111,2.3518,6.0206,0.62566,1.2494,5.4708,1.4863,3.1497,2.8,2.6983,1.5438
9.565,9.7007,2.1218,2.3744,4.4137,5.172,4.1976,5.5236,5.0359,2.5071,1.5943,3.9124,7.5801,4.9394,4.597,3.4265,4.8556,2.9887,10.398,2.9652,2.0804,0.62575,2.2423,2.727,3.3148,1.1486,0.6729,2.8183,2.3595,6.1816,0.62048,1.27,5.4777,1.5021,3.1495,2.8289,2.6955,1.5454
9.55,9.6864,2.1275,2.4182,4.394,5.1364,4.1688,5.6059,5.1574,2.5223,1.6073,3.9136,7.5685,4.9223,4.5796,3.4471,4.8686,2.978,10.45,2.9522,2.1343,0.61736,2.1934,2.7152,3.3031,1.1498,0.6759,2.826,2.3627,6.344,0.61491,1.2891,5.4848,1.52,3.15,2.8578,2.6844,1.5471
9.533,9.6716,2.1304,2.4598,4.3735,5.0991,4.1374,5.6873,5.281,2.5332,1.6188,3.915,7.556,4.9025,4.5622,3.4583,4.8817,2.9652,10.476,2.9427,2.1895,0.61791,2.1996,2.7017,3.2876,1.1509,0.67637,2.8336,2.3612,6.5083,0.61287,1.3065,5.4914,1.5403,3.152,2.8865,2.6658,1.5486
9.5147,9.6564,2.1302,2.4992,4.3522,5.0605,4.1038,5.7687,5.4061,2.5418,1.6286,3.9166,7.542,4.8802,4.5409,3.4608,4.8947,2.9506,10.476,2.9325,2.2684,0.61814,2.2047,2.6866,3.2684,1.152,0.6743,2.8404,2.3552,6.6751,0.61161,1.322,5.4975,1.5624,3.1562,2.9154,2.6404,1.5501
9.4953,9.6406,2.127,2.5363,4.3303,5.021,4.0686,5.8499,5.5314,2.5664,1.6366,3.9183,7.5275,4.8556,4.5159,3.4548,4.9074,2.9342,10.45,2.9213,2.3499,0.6182,2.2089,2.67,3.2462,1.1531,0.66976,2.857,2.3447,6.8444,0.61024,1.3356,5.503,1.5861,3.1628,2.9437,2.6095,1.5516
9.4738,9.6242,2.121,2.5707,4.3077,4.9809,4.0324,5.9303,5.6556,2.5876,1.643,3.9201,7.5116,4.8287,4.4876,3.44,4.9202,2.9161,10.399,2.9104,2.4331,0.61823,2.2124,2.6522,3.2928,1.1541,0.66288,2.9154,2.3299,7.0163,0.60879,1.3473,5.5083,1.6112,3.172,2.9716,2.6325,1.553
9.4525,9.607,2.1124,2.6028,4.2841,4.9401,3.9955,6.011,5.7787,2.6053,1.6478,3.9409,7.4949,4.7997,4.4598,3.417,4.9329,2.8965,10.324,2.9101,2.5173,0.61835,2.215,2.6331,3.3411,1.1551,0.66247,2.9753,2.3108,7.1912,0.60727,1.3569,5.5138,1.6371,3.1839,2.9995,2.6652,1.5543
9.429,9.5892,2.1013,2.6325,4.2594,4.8982,3.9583,6.0912,5.8996,2.6196,1.651,3.973,7.4773,4.7688,4.4946,3.4186,4.9453,2.8755,10.226,2.9102,2.602,0.61874,2.2166,2.613,3.3854,1.1561,0.66145,3.0357,2.2875,7.3692,0.60568,1.3647,5.5189,1.6633,3.1986,3.0268,2.6933,1.5556
9.405,9.5707,2.0879,2.6594,4.2335,4.8552,3.9214,6.1707,6.0176,2.6302,1.6525,4.0052,7.4585,4.7361,4.6119,3.439,4.9577,2.8536,10.107,2.9098,2.6865,0.61949,2.2173,2.5919,3.4257,1.157,0.6588,3.0957,2.2603,7.5507,0.60405,1.3706,5.5234,1.6893,3.2163,3.0534,2.7186,1.5569
9.3795,9.5514,2.0726,2.6836,4.2062,4.8112,3.885,6.2504,6.132,2.6368,1.6526,4.0389,7.4394,4.7018,4.7267,3.4546,4.9701,2.8312,9.9679,2.909,2.7702,0.62071,2.2168,2.57,3.4623,1.1578,0.65489,3.1544,2.2292,7.7354,0.60239,1.3747,5.5275,1.7144,3.2373,3.0795,2.7479,1.558
9.3526,9.5312,2.0554,2.7056,4.1775,4.7663,3.8494,6.3296,6.2424,2.6393,1.6512,4.0723,7.4191,4.6661,4.8364,3.4656,4.9823,2.8085,9.8122,2.9077,2.8528,0.6225,2.215,2.5475,3.4958,1.1586,0.65012,3.211,2.1945,7.9229,0.60071,1.3772,5.5311,1.7381,3.2618,3.1053,2.7772,1.5592
9.3249,9.51,2.0367,2.7245,4.1475,4.7208,3.8149,6.4082,6.3484,2.6387,1.6483,4.1073,7.3981,4.6291,4.9435,3.4723,4.9943,2.7956,9.6415,2.9059,2.9339,0.62495,2.2122,2.5244,3.5264,1.1593,0.64494,3.2646,2.1564,8.113,0.59902,1.378,5.5353,1.7599,3.2904,3.1304,2.8046,1.5603
9.2952,9.4879,2.0165,2.7408,4.1161,4.6753,3.7817,6.4861,6.4503,2.634,1.6442,4.1418,7.3765,4.591,5.042,3.4744,5.0063,2.7924,9.4584,2.9036,3.013,0.62811,2.2082,2.5008,3.5538,1.1599,0.63978,3.3145,2.1154,8.3051,0.59735,1.3773,5.539,1.7789,3.3239,3.155,2.8472,1.5614
9.2648,9.5046,1.9952,2.7542,4.0835,4.6304,3.7499,6.5642,6.5474,2.6252,1.6386,4.1777,7.3539,4.552,5.1332,3.4728,5.0181,2.7885,9.2658,2.901,3.09,0.63202,2.2065,2.4768,3.5779,1.1603,0.63504,3.3601,2.1222,8.4997,0.59569,1.3751,5.5423,1.8012,3.3833,3.1791,2.9089,1.5624
9.2325,9.5408,1.9731,2.7646,4.0498,4.585,3.7195,6.6415,6.6397,2.613,1.6318,4.213,7.331,4.5291,5.2159,3.4674,5.0298,2.7846,9.0659,2.8979,3.1648,0.63673,2.2051,2.4525,3.5982,1.1607,0.63105,3.4006,2.1258,8.6954,0.59407,1.3714,5.5453,1.8239,3.4988,3.2026,2.968,1.5634
9.1994,9.5765,1.9502,2.7713,4.0152,4.5385,3.6907,6.7178,6.7281,2.5972,1.6239,4.2493,7.3074,4.5114,5.2893,3.4578,5.0414,2.7808,8.8613,2.8943,3.237,0.64222,2.2027,2.4282,3.6148,1.1608,0.62809,3.4355,2.1261,8.8917,0.59249,1.3662,5.5478,1.8434,3.6186,3.2252,3.0242,1.5643
9.1646,9.6124,1.9268,2.7761,3.9797,4.4907,3.6634,6.7933,6.813,2.5776,1.6147,4.2849,7.2829,4.4925,5.354,3.4451,5.0527,2.7766,8.6547,2.8917,3.3068,0.64848,2.1996,2.4037,3.6278,1.1607,0.62636,3.4646,2.1233,9.1478,0.59102,1.3593,5.55,1.8596,3.7416,3.2469,3.0777,1.5652
9.1288,9.6477,1.9029,2.7772,3.9438,4.4415,3.6375,6.8683,6.8947,2.5546,1.6044,4.3211,7.2584,4.4726,5.4095,3.4287,5.0641,2.7717,8.4814,2.8887,3.3742,0.65548,2.1958,2.4264,3.6379,1.1604,0.62597,3.4874,2.1174,9.415,0.58964,1.3507,5.5528,1.8718,3.8667,3.2675,3.1282,1.566
9.0916,9.6829,1.8787,2.7747,3.9075,4.3911,3.613,6.9416,6.9728,2.5285,1.5931,4.356,7.2331,4.452,5.4562,3.4093,5.0752,2.7659,8.3291,2.8853,3.4391,0.66318,2.1913,2.4721,3.6448,1.16,0.62695,3.5037,2.1084,9.681,0.58834,1.34,5.5552,1.8799,3.9934,3.2871,3.1754,1.5667
9.0537,9.7178,1.8564,2.7699,3.8711,4.3394,3.5897,7.0134,7.0467,2.4989,1.5824,4.3915,7.2073,4.4306,5.4953,3.3868,5.0861,2.7588,8.1736,2.8815,3.5017,0.67153,2.1864,2.5218,3.649,1.1592,0.62926,3.5136,2.0964,9.9456,0.58711,1.3273,5.5573,1.8838,4.1202,3.3056,3.2196,1.5675
9.0142,9.752,1.868,2.7624,3.8348,4.2865,3.5674,7.0845,7.1156,2.4663,1.5874,4.4243,7.1814,4.4087,5.5259,3.3613,5.0971,2.7505,8.0167,2.8773,3.5621,0.68044,2.1816,2.572,3.6504,1.1582,0.63285,3.5169,2.0816,10.208,0.58596,1.3289,5.5591,1.8832,4.2467,3.3414,3.2607,1.5682
8.9749,9.7863,1.8805,2.7516,3.7986,4.2324,3.546,7.1533,7.1798,2.431,1.5916,4.4584,7.1548,4.3867,5.5511,3.3329,5.1078,2.7409,7.8602,2.8728,3.6205,0.68986,2.1788,2.6209,3.6493,1.1613,0.63759,3.5142,2.0641,10.466,0.58491,1.3609,5.5607,1.8783,4.3712,3.3942,3.2985,1.5688
8.9343,9.8199,1.8942,2.7377,3.7624,4.1772,3.5253,7.2205,7.2381,2.3926,1.5951,4.489,7.128,4.3644,5.5686,3.3018,5.1184,2.7299,7.7058,2.8678,3.677,0.69971,2.1824,2.6679,3.7187,1.1684,0.64338,3.5058,2.0439,10.719,0.58395,1.3904,5.562,1.8695,4.4932,3.4458,3.3333,1.5694
8.8932,9.8531,1.9097,2.7415,3.7261,4.121,3.505,7.2863,7.2905,2.3516,1.5979,4.5194,7.101,4.3421,5.5833,3.268,5.1288,2.7176,7.555,2.8626,3.7317,0.70988,2.1874,2.7128,3.8212,1.1755,0.65011,3.4922,2.0213,10.968,0.58308,1.4172,5.5631,1.8569,4.6119,3.4961,3.365,1.57
8.8526,9.8861,1.9271,2.7571,3.6894,4.1142,3.4849,7.3496,7.3374,2.3086,1.6002,4.5476,7.0735,4.32,5.5915,3.2322,5.1392,2.7039,7.4091,2.8569,3.7848,0.7203,2.193,2.7553,3.9174,1.1826,0.65772,3.4743,1.9964,11.21,0.58739,1.441,5.5647,1.841,4.7263,3.5448,3.3933,1.5705
8.8117,9.9183,1.9464,2.7704,3.6835,4.1195,3.4648,7.411,7.3778,2.2631,1.6019,4.5723,7.0459,4.2983,5.5989,3.1945,5.1493,2.6887,7.2695,2.851,3.8362,0.7309,2.1988,2.7955,4.0128,1.1897,0.66617,3.4529,1.9693,11.444,0.59423,1.4617,5.5662,1.8222,4.8356,3.5917,3.4188,1.5709
8.7708,9.9503,1.9678,2.7821,3.6905,4.1248,3.4445,7.4708,7.4123,2.2194,1.6032,4.5974,7.0182,4.2771,5.6019,3.1561,5.1594,2.6722,7.1371,2.8456,3.8859,0.74159,2.2047,2.8332,4.1186,1.1967,0.67547,3.4292,1.9402,11.669,0.60174,1.4792,5.5674,1.8013,4.9394,3.6367,3.4408,1.5712
8.7299,9.9817,1.9912,2.792,3.6969,4.13,3.4237,7.528,7.4409,2.2089,1.6061,4.6178,6.99,4.2563,5.6047,3.1182,5.1693,2.6542,7.0132,2.8402,3.934,0.75227,2.2104,2.8686,4.2196,1.2037,0.68565,3.4044,1.9093,11.886,0.60989,1.4933,5.5684,1.7786,5.0371,3.6797,3.4599,1.5716
8.8326,10.012,2.0165,2.7997,3.7027,4.1352,3.4023,7.5826,7.4636,2.22,1.6396,4.6376,7.1258,4.2362,5.6065,3.0809,5.1792,2.6348,6.8982,2.8344,3.9804,0.76289,2.2162,2.9017,4.3157,1.2106,0.69677,3.3799,1.8767,12.092,0.61867,1.5042,5.5693,1.7548,5.1305,3.7209,3.4757,1.5719
8.9844,10.043,2.0436,2.8056,3.7079,4.1403,3.3801,7.6358,7.4811,2.2339,1.6713,4.6538,7.2626,4.2169,5.6068,3.0428,5.1888,2.6141,6.7932,2.8283,4.0251,0.77337,2.2219,2.9325,4.4069,1.2174,0.70891,3.357,1.8424,12.288,0.62805,1.5118,5.57,1.7304,5.2397,3.7602,3.4882,1.5721
9.1254,10.073,2.0722,2.8103,3.7124,4.1454,3.3568,7.6862,7.4942,2.2455,1.7009,4.6681,7.3946,4.1984,5.6105,3.0036,5.1985,2.5919,6.6985,2.822,4.0681,0.78362,2.2331,2.9611,4.4932,1.2242,0.72218,3.3372,1.8068,12.471,0.63802,1.5165,5.5706,1.7058,5.3426,3.7978,3.4976,1.5723
9.2545,10.102,2.102,2.8131,3.7163,4.1504,3.3325,7.7338,7.5037,2.2552,1.7284,4.7064,7.5523,4.1809,5.6141,2.9628,5.2079,2.5683,6.6147,2.8153,4.1094,0.79363,2.2813,2.9875,4.5749,1.2309,0.73663,3.3218,1.7699,12.657,0.64855,1.5183,5.5711,1.6811,5.439,3.8336,3.5035,1.5724
9.3714,10.131,2.1324,2.8139,3.7196,4.1554,3.3068,7.7788,7.5103,2.2621,1.7535,4.7661,7.7132,4.1642,5.6184,2.9207,5.2174,2.5572,6.542,2.8083,4.1491,0.8033,2.3291,3.0118,4.6523,1.2374,0.75229,3.3123,1.7317,12.831,0.6596,1.5174,5.5721,1.6566,5.529,3.8679,3.5064,1.5726
9.476,10.159,2.1635,2.8139,3.7224,4.1603,3.2798,7.8217,7.5141,2.2663,1.7761,4.8239,7.8686,4.1485,5.627,2.8772,5.2266,2.5676,6.4808,2.8011,4.1872,0.81262,2.3761,3.0342,4.7257,1.2439,0.7692,3.3098,1.7139,12.987,0.67117,1.5142,5.573,1.6323,5.6123,3.9007,3.5057,1.5726
9.568,10.187,2.1945,2.8123,3.7246,4.1653,3.2558,7.8616,7.5149,2.2684,1.7961,4.8823,8.0186,4.1338,5.6377,2.8323,5.2358,2.5774,6.4312,2.7936,4.2237,0.82152,2.4221,3.0546,4.7956,1.2502,0.78729,3.3153,1.7044,13.125,0.68321,1.5091,5.5738,1.6082,5.6879,3.9321,3.5019,1.5726
9.6474,10.213,2.2251,2.809,3.7262,4.1701,3.2926,7.8984,7.5121,2.2687,1.8136,4.9402,8.1625,4.1202,5.6501,2.786,5.2448,2.5867,6.3931,2.7859,4.2589,0.82998,2.4665,3.0732,4.8625,1.2564,0.80647,3.3294,1.6938,13.243,0.6957,1.5025,5.5744,1.5842,5.7552,3.9621,3.4946,1.5725
9.7154,10.24,2.255,2.805,3.7273,4.1749,3.3288,7.9323,7.5143,2.2665,1.8286,4.997,8.2983,4.1077,5.6649,2.7388,5.2535,2.5954,6.3664,2.7779,4.2925,0.83798,2.5091,3.0901,4.927,1.2625,0.8266,3.3527,1.6822,13.343,0.70861,1.4948,5.575,1.5601,5.8142,3.9908,3.484,1.5724
9.7712,10.266,2.2835,2.7997,3.7277,4.1798,3.3641,7.9638,7.5166,2.2618,1.841,5.0552,8.4252,4.0961,5.6846,2.6904,5.2622,2.6034,6.3511,2.7698,4.3246,0.84547,2.5497,3.1055,4.9897,1.2685,0.84749,3.3851,1.6697,13.423,0.72189,1.5035,5.5754,1.5357,5.8646,4.0181,3.4702,1.5723
9.8144,10.291,2.3105,2.793,3.7276,4.1845,3.3978,7.9917,7.5123,2.255,1.8509,5.1117,8.5522,4.0855,5.7061,2.641,5.2706,2.6107,6.3468,2.7613,4.355,0.85251,2.5882,3.1194,5.0515,1.2743,0.86888,3.4266,1.6562,13.483,0.73553,1.5227,5.5757,1.5107,5.9065,4.0441,3.453,1.5721
9.8449,10.315,2.3353,2.789,3.727,4.1893,3.4294,8.0155,7.5016,2.2468,1.8584,5.1675,8.7241,4.0759,5.7292,2.5906,5.2789,2.6173,6.3531,2.7529,4.3835,0.85901,2.6247,3.132,5.1128,1.28,0.89046,3.4765,1.6419,13.534,0.74946,1.5424,5.576,1.4852,5.9399,4.069,3.4329,1.5718
9.8634,10.339,2.3578,2.7908,3.7257,4.1939,3.4583,8.0369,7.4846,2.2365,1.8635,5.2218,8.8887,4.0672,5.7544,2.5391,5.2869,2.623,6.3697,2.745,4.41,0.86502,2.659,3.1434,5.1746,1.2856,0.91195,3.534,1.6317,13.591,0.76367,1.5629,5.5762,1.4586,5.965,4.0929,3.4096,1.5872
9.8712,10.362,2.3774,2.7889,3.7237,4.1987,3.484,8.0541,7.4614,2.2239,1.881,5.2748,9.0457,4.0594,5.7833,2.4873,5.2946,2.6278,6.396,2.7368,4.4343,0.87054,2.6909,3.1536,5.2375,1.291,0.93299,3.598,1.6305,13.638,0.7781,1.584,5.5769,1.4311,5.982,4.116,3.3832,1.6136
9.8667,10.385,2.3937,2.7833,3.7212,4.2033,3.506,8.067,7.4323,2.2093,1.9179,5.3251,9.1954,4.0523,5.8128,2.4348,5.3129,2.6317,6.4312,2.7285,4.4562,0.87557,2.72,3.1627,5.3021,1.2964,0.95327,3.6673,1.6289,13.67,0.7927,1.6058,5.5775,1.4024,5.9915,4.1384,3.3544,1.6392
9.8499,10.407,2.4067,2.7875,3.7178,4.2079,3.5236,8.077,7.3974,2.1932,1.954,5.3749,9.3378,4.0459,5.8423,2.3817,5.4134,2.6347,6.4747,2.72,4.4757,0.88015,2.746,3.1708,5.3693,1.3016,0.97242,3.7405,1.6266,13.691,0.80744,1.6283,5.5781,1.3726,5.9945,4.2067,3.3229,1.6641
9.8221,10.429,2.4157,2.7947,3.714,4.2125,3.5367,8.0821,7.3569,2.1758,1.989,5.4201,9.4731,4.04,5.8737,2.329,5.5139,2.6366,6.5257,2.7113,4.4928,0.88431,2.7688,3.1781,5.4397,1.3066,0.9901,3.816,1.6238,13.697,0.82226,1.6516,5.5786,1.3419,5.9907,4.2734,3.2889,1.6884
9.7838,10.45,2.4206,2.8016,3.7093,4.2171,3.5446,8.0837,7.3109,2.1566,2.0231,5.4657,9.601,4.0346,5.9057,2.2762,5.6141,2.6374,6.5833,2.7025,4.5074,0.88804,2.7884,3.1847,5.5138,1.3115,1.006,3.8926,1.6204,13.692,0.83711,1.6757,5.5791,1.3103,5.98,4.3385,3.253,1.7124
9.7334,10.47,2.4215,2.8078,3.7041,4.2217,3.5471,8.0814,7.2597,2.1356,2.0563,5.507,9.7214,4.0296,5.9363,2.2242,5.714,2.6371,6.6468,2.6934,4.5196,0.89139,2.8047,3.191,5.5922,1.3163,1.0201,3.9686,1.6166,13.675,0.85195,1.7006,5.5795,1.2829,5.9622,4.4021,3.2152,1.7364
9.672,10.489,2.4177,2.813,3.6981,4.2262,3.544,8.0743,7.2035,2.1129,2.0885,5.545,9.8343,4.0249,5.9668,2.1725,5.8134,2.6359,6.7149,2.6842,4.5292,0.89443,2.8505,3.1972,5.6753,1.321,1.0319,4.0427,1.6122,13.646,0.86682,1.7264,5.5799,1.2777,5.9375,4.4644,3.1758,1.7598
9.6009,10.508,2.4099,2.8177,3.6914,4.2307,3.5352,8.0643,7.1473,2.0891,2.1197,5.5822,9.9396,4.0205,5.997,2.1542,5.912,2.6334,6.7868,2.6749,4.536,0.89715,2.9016,3.2041,5.7634,1.3255,1.0413,4.1135,1.6074,13.609,0.88167,1.7531,5.5803,1.2702,5.9061,4.5258,3.1351,1.7826
9.5174,10.526,2.3976,2.8212,3.6843,4.2352,3.5204,8.0501,7.0954,2.0644,2.15,5.6141,10.038,4.0178,6.0242,2.1574,6.0097,2.6299,6.8617,2.6654,4.5397,0.89959,2.9508,3.213,5.8568,1.3299,1.0482,4.1799,1.6021,13.562,0.89636,1.7809,5.5806,1.2606,5.8685,4.5865,3.0937,1.8048
9.4256,10.544,2.3813,2.824,3.6763,4.2397,3.4998,8.0317,7.0403,2.0383,2.1793,5.6437,10.128,4.024,6.051,2.1605,6.1064,2.6251,6.9384,2.6558,4.5403,0.90318,2.998,3.2249,5.9558,1.334,1.0526,4.2409,1.5964,13.508,0.91083,1.8096,5.581,1.2487,5.8251,4.647,3.0517,1.8263
9.3223,10.561,2.3611,2.8255,3.6678,4.2441,3.4733,8.0101,6.9827,2.0109,2.2075,5.6711,10.212,4.0302,6.0752,2.1632,6.2018,2.6192,7.0159,2.646,4.5377,0.91912,3.0432,3.2382,6.0602,1.338,1.0545,4.2955,1.5903,13.446,0.92502,1.8395,5.5813,1.2347,5.7761,4.7074,3.0095,1.847
9.2538,10.578,2.3372,2.8266,3.6586,4.2486,3.4411,7.985,6.9224,1.9823,2.2348,5.6931,10.287,4.0363,6.0958,2.1656,6.2959,2.6123,7.0935,2.6362,4.5481,0.93464,3.0864,3.2524,6.17,1.3418,1.0541,4.3429,1.5838,13.38,0.9389,1.8706,5.582,1.2188,5.7218,4.768,2.9675,1.8668
9.2466,10.594,2.3144,2.8313,3.6487,4.253,3.4413,7.9561,6.8599,1.9526,2.2611,5.7126,10.355,4.0422,6.1156,2.1677,6.3887,2.6042,7.1701,2.6262,4.5623,0.94971,3.1274,3.2669,6.2852,1.3454,1.0513,4.3824,1.577,13.31,0.95268,1.9028,5.5829,1.2013,5.6635,4.8289,2.926,1.8859
9.2283,10.609,2.2924,2.8347,3.6384,4.2574,3.44,7.9239,6.7955,1.9225,2.2864,5.7298,10.416,4.0477,6.1304,2.1694,6.4798,2.595,7.245,2.6161,4.5732,0.96432,3.1663,3.2818,6.4054,1.3487,1.0465,4.4137,1.5697,13.237,0.96604,1.9363,5.5837,1.1824,5.6012,4.8902,2.8855,1.9042
9.2003,10.624,2.2673,2.8301,3.6274,4.2618,3.4383,7.8887,6.7297,1.9162,2.3107,5.7414,10.469,4.0528,6.1437,2.1708,6.5695,2.5849,7.3172,2.606,4.5808,0.97848,3.203,3.297,6.5305,1.3519,1.0397,4.4365,1.5622,13.162,0.97893,1.9712,5.5846,1.1623,5.5357,4.9517,2.8463,1.9217
9.1654,10.638,2.2398,2.8218,3.6158,4.2662,3.4335,7.8509,6.6629,1.9093,2.3339,5.7502,10.516,4.0576,6.1522,2.1722,6.6573,2.5738,7.3863,2.5957,4.585,0.99218,3.2376,3.3126,6.6599,1.3548,1.0309,4.4505,1.5542,13.088,0.99146,2.0088,5.5856,1.1413,5.4686,5.0141,2.8088,1.9387
9.1261,10.651,2.2099,2.8188,3.6036,4.2706,3.4248,7.8108,6.5955,1.9022,2.3561,5.7569,10.554,4.0619,6.1579,2.1739,6.7434,2.5617,7.4513,2.5854,4.5859,1.0055,3.2699,3.3282,6.7931,1.3575,1.0203,4.4559,1.5461,13.014,1.0036,2.0496,5.609,1.1196,5.3996,5.0773,2.7733,1.9551
9.0814,10.664,2.1782,2.815,3.591,4.2749,3.4123,7.7689,6.5279,1.8947,2.3772,5.7579,10.587,4.0657,6.1595,2.1756,6.8279,2.5487,7.5119,2.575,4.5835,1.0185,3.3,3.3436,6.93,1.3599,1.0078,4.4528,1.5376,12.942,1.0152,2.0918,5.673,1.0976,5.3299,5.1412,2.7402,1.9708
9.0307,10.677,2.1453,2.8162,3.5778,4.2793,3.3963,7.7253,6.4605,1.8865,2.3972,5.7564,10.615,4.0689,6.1574,2.1772,6.9101,2.5348,7.5676,2.5645,4.5781,1.0312,3.3278,3.3585,7.0697,1.3622,0.99371,4.4414,1.5288,12.873,1.0265,2.1353,5.7359,1.1047,5.2595,5.207,2.7098,1.986
8.9717,10.688,2.1116,2.8324,3.5638,4.2836,3.3769,7.6801,6.3937,1.8778,2.4162,5.7526,10.641,4.0714,6.1515,2.178,6.9908,2.52,7.6179,2.554,4.5699,1.0436,3.3534,3.3729,7.2117,1.3641,0.97813,4.4223,1.5199,12.808,1.0373,2.1799,5.7973,1.1159,5.1893,5.2737,2.6823,2.0007
8.9043,10.7,2.0776,2.8646,3.5497,4.2879,3.3544,7.672,6.3278,1.8685,2.434,5.7431,10.661,4.0732,6.1412,2.1786,7.0693,2.5043,7.6624,2.5434,4.5589,1.056,3.3769,3.3865,7.3556,1.3659,0.96126,4.3959,1.5106,12.748,1.0478,2.2258,5.8567,1.1248,5.1283,5.3425,2.658,2.0149
8.829,10.71,2.0438,2.9156,3.5349,4.2922,3.3288,7.7067,6.2636,1.8588,2.4508,5.7631,10.676,4.0742,6.1276,2.1786,7.1459,2.4877,7.7011,2.5327,4.5453,1.0683,3.398,3.3992,7.5007,1.3674,0.94331,4.3629,1.5012,12.694,1.058,2.2725,5.9147,1.1314,5.0737,5.413,2.6373,2.0287
8.7474,10.721,2.0105,2.9665,3.5196,4.2965,3.3004,7.738,6.2012,1.8485,2.4665,5.788,10.683,4.0745,6.1089,2.1778,7.2204,2.4702,7.7336,2.522,4.5293,1.0807,3.4171,3.4111,7.6464,1.3687,0.92811,4.3239,1.4917,12.647,1.0676,2.3312,5.9714,1.1357,5.0211,5.4856,2.6232,2.0419
8.6831,10.73,1.9785,3.0161,3.5038,4.3008,3.2694,7.767,6.1409,1.8378,2.4811,5.8106,10.683,4.0741,6.0878,2.1767,7.2926,2.4519,7.7599,2.5113,4.511,1.0932,3.434,3.422,7.7922,1.3698,0.92062,4.2796,1.4818,12.605,1.0768,2.4127,6.0259,1.1376,4.9715,5.5605,2.6191,2.0544
8.6372,10.739,1.9941,3.0627,3.4877,4.3051,3.2358,7.7923,6.0834,1.8267,2.4946,5.8432,10.69,4.0729,6.0607,2.175,7.3631,2.4328,7.7799,2.5005,4.4905,1.1058,3.4489,3.4319,7.9374,1.3706,0.9123,4.2437,1.472,12.572,1.0853,2.4948,6.0788,1.1372,4.9249,5.6375,2.616,2.0662
8.5865,10.748,2.0118,3.1048,3.4711,4.3094,3.1998,7.8153,6.029,1.8154,2.507,5.8869,10.756,4.0709,6.032,2.1725,7.4312,2.413,7.7938,2.4897,4.4677,1.1188,3.4616,3.4408,8.0817,1.3712,0.90346,4.2417,1.462,12.547,1.0932,2.577,6.1303,1.1347,4.8824,5.7174,2.6144,2.0772
8.5317,10.756,2.0291,3.1411,3.4539,4.3136,3.1809,7.8347,5.9781,1.8039,2.5183,5.9275,10.82,4.0681,5.9982,2.1694,7.4971,2.3928,7.8014,2.4789,4.4426,1.132,3.4724,3.4486,8.2243,1.3716,0.89437,4.2347,1.4518,12.529,1.1004,2.6587,6.1795,1.1303,4.8443,5.7997,2.6146,2.0874
8.4722,10.763,2.0461,3.1711,3.4363,4.3179,3.1681,7.8516,5.931,1.7921,2.5371,5.9641,10.881,4.0645,5.9613,2.166,7.561,2.3727,7.8032,2.4682,4.4151,1.1451,3.4811,3.4552,8.3648,1.3717,0.88527,4.2233,1.4416,12.519,1.107,2.7394,6.227,1.1239,4.8107,5.8843,2.6166,2.0968
8.4075,10.771,2.0627,3.1941,3.4185,4.3221,3.153,7.8651,5.8884,1.78,2.5559,5.9967,10.94,4.0601,5.9218,2.1618,7.6226,2.3535,7.7991,2.4579,4.3856,1.1582,3.488,3.4608,8.5027,1.3716,0.87635,4.2084,1.4314,12.518,1.1128,2.8187,6.2731,1.1157,4.7819,5.9718,2.6207,2.1054
8.3381,10.777,2.079,3.2475,3.4002,4.3263,3.1357,7.8759,5.8501,1.7676,2.5736,6.0246,10.994,4.055,5.8779,2.1568,7.6819,2.3343,7.7896,2.4475,4.3542,1.171,3.493,3.4653,8.6374,1.3714,0.86786,4.1905,1.4211,12.523,1.118,2.8959,6.3166,1.1263,4.758,6.0618,2.6271,2.1133
8.2653,10.783,2.095,3.2941,3.3814,4.3306,3.116,7.8835,5.817,1.7548,2.5902,6.0476,11.046,4.0492,5.8332,2.1515,7.7393,2.3145,7.7747,2.437,4.321,1.1837,3.4962,3.4685,8.7687,1.3709,0.85995,4.1705,1.4108,12.536,1.1225,2.9704,6.3586,1.1482,4.7391,6.1539,2.6357,2.1205
8.1879,10.789,2.1107,3.3332,3.3622,4.3348,3.0939,7.888,5.7892,1.7418,2.6054,6.0659,11.093,4.0426,5.7857,2.1458,7.7944,2.2939,7.7547,2.4266,4.2861,1.1961,3.4976,3.4706,8.8959,1.3701,0.85279,4.1491,1.4005,12.557,1.1265,3.0414,6.3989,1.1679,4.725,6.2487,2.6467,2.1362
8.1063,10.794,2.1264,3.364,3.3429,4.339,3.0693,7.8898,5.7668,1.7286,2.6194,6.0797,11.137,4.0354,5.7354,2.1393,7.8473,2.2724,7.7302,2.4162,4.2493,1.2084,3.4975,3.4714,9.019,1.3693,0.84649,4.1271,1.3902,12.583,1.1304,3.1086,6.4367,1.185,4.7156,6.3456,2.6598,2.1515
8.0215,10.799,2.1421,3.387,3.3231,4.3432,3.0421,7.8879,5.7501,1.7151,2.6319,6.0895,11.178,4.0274,5.6855,2.1322,7.898,2.2663,7.7012,2.4057,4.2105,1.2204,3.4957,3.4709,9.1374,1.3681,0.84114,4.1051,1.38,12.615,1.1343,3.1711,6.4728,1.1992,4.7106,6.4585,2.6804,2.1662
7.934,10.803,2.1577,3.4021,3.303,4.3473,3.0124,7.884,5.7394,1.7014,2.643,6.1221,11.215,4.0187,5.6342,2.1422,7.9466,2.2631,7.6682,2.3953,4.1698,1.2321,3.4924,3.4692,9.2508,1.3668,0.83681,4.0836,1.3699,12.653,1.1376,3.2286,6.5072,1.2106,4.7097,6.5741,2.7059,2.1803
7.8437,10.807,2.1732,3.4099,3.2824,4.3515,2.98,7.876,5.7349,1.6876,2.6526,6.1772,11.249,4.0093,5.5817,2.1712,7.9932,2.259,7.6314,2.3848,4.1273,1.2436,3.4876,3.4662,9.3592,1.3653,0.83358,4.0632,1.3598,12.694,1.1403,3.2804,6.5389,1.2189,4.7124,6.6915,2.7338,2.1936
7.7514,10.811,2.1885,3.4105,3.2616,4.3557,2.9448,7.8662,5.7367,1.6736,2.6607,6.2272,11.279,3.9992,5.5298,2.2019,8.0377,2.2539,7.5913,2.3744,4.0832,1.2549,3.4814,3.4619,9.4621,1.3636,0.83144,4.0445,1.3498,12.738,1.1425,3.326,6.5691,1.2243,4.7183,6.8105,2.7638,2.2063
7.6585,10.814,2.2035,3.4053,3.2406,4.3598,2.9068,7.8527,5.7448,1.6594,2.6672,6.272,11.306,3.9886,5.4793,2.2338,8.0803,2.2479,7.5481,2.3639,4.0375,1.2658,3.474,3.4562,9.5592,1.3618,0.83042,4.0277,1.34,12.785,1.1439,3.365,6.5974,1.2268,4.7269,6.9307,2.7955,2.2183
7.655,10.817,2.2182,3.4158,3.2193,4.3639,2.8659,7.8363,5.7593,1.6454,2.6723,6.3118,11.33,3.9772,5.4298,2.2668,8.1209,2.241,7.5021,2.3535,3.9906,1.2763,3.4652,3.4493,9.6507,1.3598,0.83048,4.0131,1.3303,12.834,1.1449,3.3967,6.6229,1.2266,4.7375,7.052,2.8287,2.2296
7.6539,10.819,2.2324,3.4447,3.1977,4.368,2.8221,7.8176,5.78,1.6314,2.6757,6.3465,11.351,3.9651,5.3818,2.3011,8.1599,2.2332,7.4537,2.3431,3.9426,1.2864,3.4554,3.4409,9.7361,1.3576,0.83201,4.0008,1.3208,12.883,1.1454,3.421,6.6469,1.2238,4.7497,7.1743,2.8629,2.2424
7.652,10.821,2.2463,3.47,3.1757,4.3722,2.802,7.7951,5.807,1.6172,2.6777,6.3766,11.369,3.9521,5.3363,2.3363,8.1973,2.2663,7.4031,2.3327,3.8939,1.2961,3.4444,3.4312,9.8154,1.3553,0.83646,3.9911,1.3115,12.931,1.1455,3.4501,6.6689,1.2186,4.7628,7.2973,2.8979,2.2573
7.6494,10.822,2.2597,3.4916,3.1569,4.3762,2.8154,7.7709,5.8401,1.6029,2.6781,6.4022,11.384,3.9382,5.3046,2.3721,8.2334,2.3038,7.3506,2.3224,3.8448,1.3053,3.4325,3.4202,9.8887,1.3527,0.84201,3.9837,1.305,12.978,1.1457,3.4949,6.6882,1.2113,4.776,7.4211,2.9333,2.2727
7.6461,10.824,2.2727,3.5097,3.1431,4.3803,2.8274,7.7435,5.8791,1.5886,2.6771,6.4235,11.396,3.9234,5.3719,2.4086,8.2685,2.3425,7.2964,2.3121,3.7954,1.314,3.4247,3.4078,9.956,1.3501,0.8486,3.9786,1.3064,13.023,1.1455,3.5324,6.7057,1.2034,4.7888,7.5455,2.9687,2.2887
7.6432,10.833,2.2853,3.5261,3.129,4.3844,2.8377,7.7129,5.924,1.5742,2.6745,6.4404,11.406,3.9078,5.4358,2.4453,8.3029,2.3822,7.2408,2.3018,3.7461,1.3221,3.4406,3.394,10.017,1.3473,0.85611,3.9756,1.3073,13.065,1.1448,3.5627,6.7215,1.199,4.8004,7.6711,3.0038,2.3047
7.6397,10.859,2.2977,3.5416,3.1147,4.3884,2.8464,7.6807,5.9744,1.5598,2.6706,6.4527,11.414,3.8912,5.4975,2.4819,8.3367,2.4227,7.184,2.2915,3.6973,1.3298,3.4561,3.3789,10.072,1.3444,0.86445,3.9743,1.3076,13.103,1.1436,3.5855,6.7345,1.1931,4.8102,7.7971,3.0382,2.321
7.6355,10.884,2.3097,3.5579,3.1,4.3924,2.8668,7.6451,6.03,1.5453,2.6652,6.4602,11.419,3.8737,5.5577,2.5187,8.3696,2.4637,7.1277,2.2812,3.6491,1.337,3.4709,3.3624,10.122,1.3413,0.87348,3.9745,1.3074,13.137,1.1416,3.6008,6.7453,1.186,4.8179,7.9231,3.0717,2.3373
7.6307,10.91,2.3214,3.5757,3.0851,4.3965,2.9021,7.6073,6.091,1.5309,2.6586,6.4629,11.422,3.8553,5.6158,2.5547,8.4014,2.5049,7.1429,2.271,3.602,1.3438,3.4853,3.3447,10.166,1.3381,0.88305,3.9755,1.3068,13.166,1.1392,3.6091,6.7548,1.1779,4.823,8.0487,3.1038,2.3532
7.6252,10.935,2.3328,3.5961,3.0699,4.4004,2.9388,7.5674,6.1567,1.5165,2.6508,6.4608,11.423,3.836,5.6723,2.5904,8.4319,2.5458,7.157,2.2609,3.556,1.3501,3.4992,3.3256,10.204,1.3348,0.89302,3.9771,1.3058,13.19,1.1363,3.6102,6.7615,1.1729,4.8248,8.1737,3.1344,2.3685
7.619,10.96,2.344,3.6209,3.0545,4.4044,2.9768,7.5243,6.2267,1.5021,2.6417,6.454,11.423,3.816,5.7298,2.6248,8.4609,2.586,7.17,2.2508,3.5116,1.356,3.5127,3.3052,10.236,1.3314,0.90324,3.9787,1.3043,13.209,1.1328,3.6045,6.7655,1.2046,4.8237,8.2977,3.1633,2.3832
7.6122,10.985,2.3549,3.6502,3.0388,4.4084,3.0159,7.4798,6.3007,1.4877,2.6316,6.442,11.421,3.7953,5.7865,2.6584,8.4881,2.6252,7.1822,2.2407,3.4691,1.3616,3.5257,3.2835,10.264,1.3278,0.9136,3.9797,1.3025,13.304,1.1286,3.5926,6.7687,1.235,4.8189,8.4203,3.19,2.3971
7.6048,11.01,2.3659,3.6848,3.0229,4.4123,3.0562,7.4328,6.3788,1.4734,2.6205,6.425,11.418,3.774,5.8438,2.6904,8.5136,2.6629,7.1936,2.2307,3.4286,1.367,3.5384,3.2607,10.286,1.3242,0.92396,3.9796,1.3002,13.405,1.1241,3.5751,6.7692,1.264,4.8102,8.5412,3.2142,2.4102
7.5968,11.036,2.3811,3.7253,3.0067,4.4162,3.0974,7.383,6.4602,1.4591,2.6086,6.4029,11.416,3.7521,5.903,2.721,8.5372,2.699,7.2044,2.2207,3.3905,1.3722,3.5507,3.2366,10.303,1.3204,0.93424,3.9779,1.2975,13.5,1.1193,3.5525,6.7669,1.2911,4.7976,8.661,3.2359,2.4225
7.5891,11.061,2.398,3.772,2.9903,4.4202,3.1396,7.3323,6.5448,1.4449,2.5957,6.4375,11.415,3.7297,5.9624,2.7498,8.5589,2.7329,7.2147,2.2108,3.3548,1.3775,3.5627,3.2113,10.316,1.3166,0.94436,3.9742,1.2944,13.59,1.1139,3.5251,6.7697,1.3162,4.7803,8.7796,3.255,2.434
7.581,11.086,2.4142,3.8253,2.9737,4.424,3.1824,7.279,6.6322,1.4308,2.5821,6.4773,11.414,3.7069,6.0259,2.7763,8.5788,2.7646,7.2244,2.2009,3.3219,1.3827,3.5744,3.1848,10.325,1.3126,0.95428,3.9678,1.2909,13.673,1.1082,3.4936,6.8735,1.3391,4.7583,8.8967,3.2711,2.4447
7.5724,11.11,2.4297,3.8848,2.9569,4.4279,3.226,7.2232,6.7221,1.4167,2.5677,6.5158,11.415,3.6837,6.0902,2.8011,8.5968,2.7938,7.2338,2.191,3.2919,1.3879,3.586,3.1573,10.33,1.3086,0.96397,3.9584,1.2869,13.749,1.102,3.4587,6.9715,1.3595,4.7319,9.0119,3.2839,2.4544
7.5632,11.133,2.4445,3.9499,2.9398,4.4318,3.2701,7.1668,6.8141,1.4028,2.5526,6.553,11.417,3.6602,6.1586,2.8233,8.6133,2.8201,7.2428,2.1813,3.265,1.3928,3.5972,3.1286,10.332,1.3045,0.97344,3.9454,1.2826,13.817,1.0955,3.4213,7.0626,1.3774,4.7005,9.1239,3.2937,2.4635
7.5535,11.156,2.4587,4.0202,2.9226,4.4356,3.3146,7.108,6.9083,1.389,2.5367,6.589,11.419,3.6365,6.229,2.8429,8.6281,2.8429,7.2516,2.1716,3.2413,1.3976,3.6083,3.0988,10.33,1.3002,0.98274,3.9287,1.2778,13.876,1.0889,3.3816,7.1482,1.3928,4.6643,9.233,3.3,2.4716
7.5432,11.177,2.4722,4.0955,2.9051,4.4394,3.3594,7.047,7.0038,1.3752,2.5201,6.6236,11.423,3.6126,6.3036,2.8602,8.6414,2.8618,7.2601,2.1619,3.221,1.4023,3.6193,3.068,10.325,1.2959,0.99191,3.9076,1.2728,13.926,1.082,3.3406,7.2261,1.4057,4.6234,9.3385,3.3029,2.4789
7.5325,11.197,2.485,4.1745,2.8875,4.4432,3.4044,6.9855,7.1007,1.3653,2.518,6.6578,11.426,3.6022,6.3809,2.8747,8.6535,2.8768,7.2683,2.1523,3.2039,1.4069,3.6301,3.0362,10.318,1.2916,1.0011,3.8821,1.2673,13.967,1.0749,3.2984,7.3233,1.4161,4.5774,9.4399,3.3023,2.4854
7.5212,11.216,2.497,4.256,2.8697,4.4469,3.4495,6.9219,7.1989,1.3629,2.5176,6.6929,11.429,3.5928,6.4622,2.8862,8.6645,2.8884,7.2765,2.1428,3.1903,1.4114,3.6408,3.0035,10.308,1.2871,1.0102,3.8644,1.2615,13.998,1.0676,3.2561,7.4533,1.4243,4.5265,9.5377,3.2981,2.4911
7.5094,11.233,2.5085,4.3398,2.8516,4.4506,3.4945,6.8565,7.2978,1.3603,2.5168,6.7268,11.429,3.5834,6.5466,2.8947,8.6744,2.8969,7.2845,2.1333,3.1801,1.4158,3.6515,2.9698,10.297,1.2826,1.0195,3.9011,1.2554,14.019,1.0601,3.214,7.5801,1.4304,4.4705,9.6315,3.2904,2.496
7.4972,11.249,2.5194,4.4237,2.8334,4.4544,3.5394,6.7904,7.3972,1.3577,2.5156,6.7594,11.428,3.5741,6.6343,2.9005,8.6832,2.9026,7.2923,2.1239,3.1733,1.4201,3.662,2.9352,10.284,1.278,1.029,3.9352,1.2489,14.03,1.0524,3.1932,7.7038,1.4346,4.4103,9.721,3.279,2.5001
7.4853,11.264,2.5295,4.5076,2.8151,4.458,3.5841,6.7229,7.4968,1.355,2.5141,6.7908,11.425,3.565,6.7255,2.9031,8.6906,2.9067,7.2999,2.1145,3.1699,1.4242,3.6725,2.8998,10.271,1.2734,1.0389,3.9663,1.2421,14.03,1.0447,3.1883,7.8247,1.4373,4.3456,9.8061,3.264,2.5035
7.4731,11.276,2.5389,4.5895,2.7965,4.4617,3.6283,6.6537,7.5964,1.3523,2.5121,6.821,11.42,3.5559,6.8187,2.9025,8.6969,2.9087,7.3074,2.1052,3.1698,1.4282,3.6829,2.8948,10.256,1.2686,1.0491,3.9944,1.235,14.02,1.0371,3.1842,7.9418,1.4387,4.2769,9.8856,3.2456,2.506
7.4605,11.288,2.5478,4.6692,2.7778,4.4654,3.6984,6.5837,7.6957,1.3495,2.5098,6.8499,11.413,3.547,6.916,2.8987,8.702,2.9205,7.3148,2.096,3.1728,1.4322,3.6932,2.8958,10.241,1.2639,1.0597,4.0191,1.2275,14,1.0294,3.1812,8.0552,1.4392,4.2049,9.9608,3.2235,2.5078
7.4474,11.297,2.5559,4.7454,2.759,4.469,3.7736,6.513,7.7947,1.3466,2.507,6.8793,11.405,3.538,7.014,2.8919,8.7064,2.9598,7.322,2.0868,3.1788,1.4361,3.7035,2.9,10.226,1.259,1.0707,4.0404,1.2197,13.968,1.0216,3.1793,8.1654,1.4392,4.13,10.03,3.1981,2.5088
7.4339,11.306,2.5632,4.8171,2.74,4.4725,3.8497,6.4409,7.8929,1.3439,2.5039,6.9088,11.394,3.529,7.1151,2.8821,8.7116,2.9985,7.329,2.0777,3.1877,1.4401,3.7138,2.9072,10.211,1.2541,1.0822,4.058,1.2114,13.926,1.0139,3.1785,8.2715,1.439,4.0526,10.096,3.1694,2.5091
7.42,11.312,2.5701,4.8838,2.724,4.4761,3.9264,6.3676,7.99,1.3411,2.5003,6.9371,11.382,3.5201,7.2173,2.8692,8.7179,3.033,7.3358,2.0687,3.1992,1.444,3.7241,2.9174,10.197,1.2492,1.0941,4.072,1.2028,13.872,1.0062,3.1788,8.3735,1.439,3.984,10.157,3.1373,2.5086
7.4057,11.317,2.5762,4.9448,2.7243,4.4796,4.0038,6.2942,8.0857,1.3384,2.4963,6.9643,11.369,3.5112,7.3192,2.8531,8.7236,3.0633,7.3422,2.0598,3.2133,1.448,3.7343,2.9302,10.183,1.2442,1.1063,4.0821,1.1937,13.808,0.99849,3.1803,8.4715,1.4394,3.9777,10.215,3.1022,2.5075
7.3909,11.321,2.5815,5.0007,2.7245,4.4832,4.0817,6.2199,8.1798,1.3356,2.4919,6.9903,11.353,3.5023,7.4233,2.8492,8.7282,3.0894,7.3483,2.0509,3.2295,1.4522,3.7446,2.9455,10.171,1.2391,1.1188,4.0885,1.1842,13.776,0.99104,3.1829,8.566,1.4406,3.967,10.269,3.0641,2.5227
7.3758,11.324,2.5864,5.0508,2.7247,4.4867,4.16,6.1447,8.2719,1.3327,2.4871,7.015,11.336,3.4935,7.5267,2.8609,8.7314,3.1112,7.3541,2.0421,3.2478,1.4565,3.7549,2.9629,10.16,1.234,1.1314,4.0912,1.1753,13.759,0.98371,3.1867,8.6564,1.4429,3.9521,10.316,3.023,2.5499
7.3604,11.325,2.5907,5.0965,2.7247,4.4901,4.2387,6.0687,8.3618,1.3299,2.4818,7.0391,11.316,3.4848,7.6286,2.8706,8.7333,3.1287,7.3595,2.0333,3.2679,1.4609,3.7651,2.9821,10.151,1.2289,1.1441,4.0902,1.1764,13.733,0.97648,3.1915,8.7427,1.4465,3.9343,10.358,2.9794,2.5764
7.3449,11.325,2.5944,5.1388,2.7247,4.4936,4.3176,5.9929,8.4494,1.327,2.476,7.0645,11.294,3.4762,7.7295,2.8785,8.7337,3.1421,7.3643,2.0246,3.2895,1.4655,3.7754,3.0027,10.144,1.2237,1.1566,4.0856,1.1777,13.699,0.96939,3.1974,8.8248,1.4516,3.9143,10.393,2.9332,2.6019
7.3296,11.323,2.5974,5.1769,2.7246,4.497,4.3967,5.9165,8.5346,1.3242,2.4699,7.0886,11.27,3.4678,7.8296,2.8845,8.7329,3.1515,7.3685,2.016,3.3124,1.4704,3.7857,3.0242,10.139,1.2184,1.1689,4.0775,1.1794,13.656,0.96243,3.2041,8.9026,1.4582,3.8928,10.422,2.8847,2.6264
7.3139,11.321,2.6001,5.2102,2.7243,4.5003,4.4759,5.8396,8.617,1.3213,2.4632,7.1116,11.243,3.4596,7.9269,2.8886,8.7345,3.1571,7.3721,2.0075,3.3362,1.4754,3.7961,3.0464,10.137,1.2131,1.1808,4.0661,1.1814,13.604,0.96233,3.2115,8.9759,1.4665,3.8708,10.445,2.8339,2.6498
7.2979,11.317,2.6022,5.2377,2.724,4.5037,4.5551,5.7622,8.6963,1.3185,2.4561,7.1333,11.214,3.4517,8.0208,2.8909,8.7758,3.1593,7.375,1.999,3.3609,1.4808,3.8064,3.0685,10.136,1.2152,1.1921,4.0515,1.1837,13.544,0.96346,3.2191,9.0446,1.4764,3.8493,10.462,2.7814,2.6746
7.2815,11.312,2.6037,5.259,2.7235,4.507,4.6342,5.6849,8.7725,1.3157,2.4487,7.1539,11.183,3.4441,8.111,2.8914,8.8131,3.1583,7.377,1.9906,3.3859,1.4864,3.8167,3.0903,10.139,1.223,1.2028,4.0338,1.1863,13.476,0.96456,3.2268,9.1087,1.5002,3.8289,10.474,2.7271,2.6994
7.2648,11.305,2.6048,5.2733,2.723,4.5104,4.7132,5.6077,8.8454,1.3129,2.4408,7.1738,11.149,3.4368,8.1983,2.8901,8.8468,3.1547,7.3782,1.9823,3.4112,1.4923,3.827,3.1261,10.144,1.2302,1.2127,4.0132,1.1891,13.399,0.96579,3.2343,9.1684,1.5245,3.8107,10.479,2.6712,2.7231
7.2478,11.298,2.6055,5.281,2.7223,4.5136,4.7919,5.5303,8.915,1.3101,2.4325,7.1948,11.113,3.43,8.2815,2.8867,8.8771,3.149,7.3784,1.974,3.4365,1.4985,3.8373,3.1773,10.151,1.237,1.2218,3.9899,1.1922,13.314,0.96699,3.2496,9.2228,1.5477,3.7953,10.477,2.614,2.7456
7.2305,11.289,2.6062,5.2812,2.7215,4.5169,4.8702,5.4529,8.9814,1.3074,2.4239,7.2147,11.075,3.4236,8.3599,2.8816,8.9037,3.1418,7.3775,1.9659,3.4614,1.5051,3.8475,3.2282,10.161,1.2465,1.2299,3.964,1.1955,13.221,0.96818,3.2772,9.2717,1.5704,3.7835,10.469,2.5557,2.7669
7.2129,11.28,2.6088,5.2747,2.7206,4.5201,4.9482,5.3754,9.0444,1.3046,2.4149,7.2333,11.035,3.4176,8.4673,2.8921,8.9263,3.1333,7.3755,1.9578,3.4859,1.5121,3.8577,3.2786,10.174,1.2631,1.237,3.9357,1.199,13.121,0.96939,3.3048,9.3154,1.5921,3.7756,10.455,2.4966,2.7871
7.1951,11.269,2.6144,5.2611,2.7195,4.5233,5.0256,5.2982,9.1042,1.3019,2.4056,7.2508,10.992,3.4121,8.5728,2.9138,8.9447,3.1232,7.3723,1.9497,3.5097,1.5197,3.8679,3.3278,10.189,1.2788,1.2432,3.9052,1.2028,13.013,0.97063,3.3319,9.3542,1.6128,3.7718,10.435,2.4976,2.8062
7.1769,11.257,2.6199,5.2413,2.7184,4.5266,5.1025,5.2215,9.1609,1.2993,2.396,7.2669,10.948,3.4071,8.6727,2.9329,8.9591,3.1112,7.3677,1.9418,3.5325,1.5281,3.8779,3.3752,10.207,1.2938,1.2484,3.8725,1.2067,13.012,0.97194,3.358,9.3872,1.6327,3.773,10.41,2.5035,2.8244
7.1592,11.245,2.6249,5.2154,2.7172,4.5297,5.1787,5.1451,9.2148,1.2967,2.3862,7.2831,10.902,3.4026,8.7667,2.9494,8.9697,3.0969,7.3617,1.9339,3.5542,1.5375,3.8879,3.4206,10.227,1.3079,1.2527,3.838,1.2108,13.049,0.97348,3.3828,9.4143,1.6517,3.7786,10.381,2.5087,2.8416
7.1413,11.231,2.6333,5.184,2.7158,4.5329,5.2542,5.069,9.266,1.2942,2.3761,7.2997,10.855,3.3987,8.8547,2.9633,8.9773,3.0803,7.3542,1.9261,3.5746,1.5535,3.8978,3.4635,10.25,1.3212,1.2561,3.8017,1.2151,13.081,0.97509,3.4059,9.4369,1.6697,3.7887,10.346,2.5131,2.8583
7.1231,11.216,2.6543,5.1481,2.7142,4.536,5.3289,4.9933,9.314,1.2918,2.3659,7.315,10.805,3.3953,8.9382,2.9748,8.9817,3.0613,7.4257,1.9183,3.5934,1.5698,3.9075,3.5035,10.274,1.3336,1.2588,3.7639,1.2195,13.105,0.97679,3.4268,9.4535,1.6867,3.8034,10.306,2.5168,2.8747
7.1047,11.201,2.6722,5.1079,2.7127,4.5391,5.4027,4.918,9.3601,1.2894,2.3554,7.3291,10.755,3.3926,9.0159,2.9839,8.9908,3.0398,7.526,1.9106,3.6107,1.5863,3.9171,3.5402,10.301,1.3452,1.2607,3.7246,1.224,13.124,0.97859,3.4454,9.464,1.7029,3.8219,10.261,2.52,2.8913
7.086,11.185,2.6868,5.0647,2.711,4.5422,5.4756,4.8433,9.4031,1.2892,2.3448,7.3419,10.703,3.3903,9.087,2.9905,9.0274,3.0161,7.6209,1.903,3.6263,1.603,3.9265,3.5734,10.329,1.3558,1.2621,3.6842,1.2286,13.137,0.9805,3.4611,9.4698,1.7179,3.8438,10.209,2.5225,2.9103
7.0671,11.168,2.6986,5.0189,2.7092,4.5453,5.5475,4.7692,9.4443,1.2927,2.3341,7.3534,10.65,3.3887,9.1517,2.9949,9.0637,2.9902,7.7101,1.8955,3.6401,1.6198,3.9357,3.6028,10.359,1.3657,1.2631,3.6426,1.2334,13.144,0.98252,3.4738,9.4697,1.7321,3.8686,10.152,2.5242,2.93
7.0479,11.151,2.7072,4.9724,2.7072,4.5484,5.6183,4.6961,9.4829,1.2956,2.3233,7.365,10.597,3.3877,9.21,2.9969,9.0988,2.9623,7.7932,1.8881,3.652,1.6368,3.9447,3.628,10.391,1.3746,1.2637,3.6,1.2382,13.144,0.98474,3.483,9.4632,1.7454,3.8957,10.091,2.5252,2.9498
7.0286,11.134,2.7318,4.9416,2.7051,4.5515,5.6881,4.6236,9.5195,1.298,2.3124,7.3769,10.542,3.3874,9.262,2.9967,9.1324,2.9323,7.8701,1.8807,3.6622,1.6538,3.9535,3.6491,10.424,1.3826,1.2642,3.5566,1.2431,13.139,0.98718,3.5085,9.4522,1.7575,3.9243,10.025,2.5654,2.9697
7.009,11.117,2.7677,4.9159,2.703,4.5545,5.7567,4.552,9.5542,1.2998,2.3015,7.3874,10.487,3.3876,9.3086,2.9942,9.1646,2.9001,7.9404,1.8734,3.6705,1.6709,3.9621,3.6658,10.458,1.3897,1.2647,3.5125,1.2481,13.126,0.98974,3.5473,9.4347,1.769,3.9534,9.9549,2.6181,2.9896
6.9893,11.099,2.8027,4.8897,2.7008,4.5576,5.8241,4.5034,9.5868,1.301,2.2905,7.3966,10.431,3.3884,9.3496,2.9895,9.1954,2.8658,8.004,1.8661,3.677,1.688,3.9703,3.678,10.492,1.3959,1.2653,3.4678,1.253,13.106,0.99243,3.5813,9.4119,1.7793,3.9824,9.881,2.6699,3.009
6.9695,11.082,2.8367,4.863,2.6985,4.5606,5.8902,4.4741,9.6174,1.3018,2.2796,7.4044,10.375,3.3899,9.3846,2.9825,9.2244,2.8435,8.0608,1.8589,3.6813,1.705,3.9783,3.6858,10.528,1.4011,1.266,3.4226,1.258,13.1,0.99526,3.6101,9.3834,1.7889,4.0105,9.8057,2.7203,3.0275
6.95,11.064,2.8699,4.8363,2.696,4.5637,5.9551,4.4435,9.6461,1.3019,2.2686,7.411,10.32,3.3919,9.4134,2.9734,9.2513,2.8279,8.1106,1.8518,3.6833,1.722,3.986,3.6893,10.563,1.4054,1.267,3.377,1.263,13.115,0.99821,3.6331,9.3489,1.7974,4.0366,9.7547,2.7693,3.0451
6.9303,11.047,2.9022,4.8099,2.6934,4.5667,6.0186,4.4124,9.6723,1.3016,2.2577,7.4166,10.271,3.3945,9.4357,2.9621,9.2761,2.8105,8.1535,1.8448,3.7092,1.7388,3.9933,3.6886,10.599,1.4087,1.2685,3.3312,1.2679,13.123,1.0013,3.6499,9.3097,1.8053,4.0601,9.7004,2.8171,3.0616
6.9105,11.03,2.9334,4.7846,2.6907,4.5697,6.0809,4.3805,9.6964,1.3008,2.2469,7.4233,10.232,3.3977,9.4515,2.9486,9.2988,2.7912,8.1894,1.8378,3.7517,1.7555,4.0003,3.6837,10.635,1.4112,1.2703,3.3521,1.2729,13.126,1.0047,3.6601,9.2641,1.8125,4.08,9.6427,2.8635,3.077
6.8904,11.012,2.9637,4.7607,2.688,4.5727,6.1418,4.3475,9.7182,1.2992,2.2445,7.4287,10.195,3.4014,9.4606,2.9329,9.3191,2.7698,8.2183,1.8309,3.7926,1.7719,4.0069,3.6749,10.67,1.4127,1.2725,3.4084,1.2778,13.122,1.0082,3.6637,9.2142,1.8189,4.096,9.5817,2.9082,3.0912
6.8702,10.995,2.9931,4.7385,2.6852,4.5757,6.2013,4.3135,9.7373,1.2974,2.2477,7.4327,10.157,3.4057,9.4643,2.9151,9.3372,2.7462,8.2403,1.8241,3.8317,1.7882,4.0132,3.6622,10.705,1.4135,1.2752,3.4625,1.2827,13.111,1.0118,3.6606,9.1581,1.8247,4.107,9.5171,2.9515,3.1044
6.8499,10.978,3.0217,4.7192,2.6823,4.5787,6.2594,4.3151,9.7544,1.295,2.2507,7.4353,10.12,3.4106,9.4625,2.895,9.3532,2.7205,8.2555,1.8174,3.869,1.8042,4.019,3.646,10.74,1.4136,1.2784,3.5141,1.2874,13.095,1.0155,3.6506,9.0973,1.8299,4.113,9.4494,2.9932,3.1166
6.8294,10.961,3.0492,4.7025,2.6793,4.5817,6.3161,4.3174,9.769,1.2919,2.2535,7.4366,10.081,3.4159,9.4545,2.8729,9.3673,2.6926,8.264,1.8107,3.9043,1.82,4.0245,3.6263,10.774,1.4131,1.2819,3.5633,1.2921,13.072,1.0193,3.634,9.0364,1.8343,4.1688,9.379,3.0331,3.1279
6.8087,10.944,3.0757,4.6895,2.6761,4.5847,6.3715,4.3192,9.7809,1.2886,2.256,7.4372,10.042,3.4218,9.4404,2.8486,9.3793,2.6628,8.2659,1.8041,3.9377,1.8355,4.0295,3.6035,10.807,1.4122,1.2858,3.61,1.2967,13.043,1.0233,3.6381,9.0024,1.8382,4.2385,9.3061,3.0716,3.1385
6.788,10.927,3.1013,4.6799,2.6728,4.5876,6.4254,4.3211,9.7904,1.2847,2.2583,7.4385,10.002,3.4282,9.4205,2.8221,9.3895,2.6318,8.2614,1.7975,3.9688,1.8508,4.0342,3.6459,10.838,1.4109,1.2898,3.6541,1.3012,13.008,1.0275,3.6371,8.9614,1.8415,4.3042,9.2314,3.1083,3.1484
6.7671,10.919,3.1261,4.6746,2.6696,4.5906,6.4779,4.3225,9.7968,1.2802,2.2604,7.4384,9.962,3.4351,9.396,2.7933,9.398,2.6005,8.2507,1.791,3.9977,1.8661,4.0384,3.6959,10.869,1.4094,1.2941,3.6958,1.3056,12.968,1.0318,3.6301,8.9139,1.8443,4.3647,9.1549,3.1431,3.1578
6.7462,10.934,3.1501,4.6734,2.6663,4.5935,6.5291,4.3236,9.8007,1.2754,2.2623,7.4369,9.9212,3.4425,9.3673,2.7627,9.4051,2.5684,8.2341,1.7846,4.0244,1.8817,4.0422,3.7444,10.898,1.4074,1.2984,3.7349,1.3098,12.924,1.0361,3.6174,8.861,1.8464,4.4197,9.0768,3.1763,3.1666
6.7256,10.949,3.1732,4.6763,2.6628,4.5964,6.5789,4.3246,9.8013,1.2732,2.264,7.4341,9.88,3.4504,9.3336,2.73,9.4111,2.5473,8.2116,1.7783,4.0487,1.8972,4.0455,3.7913,10.925,1.4048,1.3026,3.7715,1.3139,12.874,1.0404,3.5995,8.8018,1.8481,4.4685,8.9974,3.2077,3.1747
6.7048,10.963,3.1954,4.684,2.6593,4.5992,6.6274,4.325,9.7989,1.2714,2.2656,7.4324,9.8385,3.4587,9.295,2.6994,9.4167,2.535,8.1837,1.772,4.0707,1.9124,4.0485,3.8368,10.951,1.4017,1.3067,3.8056,1.3179,12.82,1.045,3.5769,8.7366,1.8493,4.5104,8.9173,3.2371,3.182
6.6839,10.976,3.2166,4.6958,2.6557,4.602,6.6746,4.3254,9.7932,1.2695,2.267,7.4295,9.7968,3.4675,9.2518,2.715,9.4285,2.521,8.1506,1.7658,4.0902,1.9271,4.051,3.881,10.975,1.398,1.3105,3.8372,1.3216,12.761,1.0496,3.55,8.6744,1.8498,4.5449,8.8367,3.2649,3.1887
6.663,10.989,3.2369,4.7117,2.6519,4.6048,6.7205,4.3254,9.7836,1.2672,2.2682,7.4265,9.7548,3.4766,9.2061,2.73,9.445,2.5055,8.1126,1.7596,4.1071,1.9412,4.053,3.924,10.997,1.3997,1.3139,3.8661,1.3252,12.697,1.0542,3.5192,8.6053,1.8498,4.5721,8.756,3.2908,3.1947
6.6419,11.001,3.2562,4.732,2.6481,4.6075,6.7651,4.3249,9.7707,1.2645,2.2694,7.4246,9.7126,3.4862,9.1569,2.7443,9.4599,2.4885,8.1854,1.7535,4.1213,1.9548,4.0546,3.9659,11.018,1.4086,1.3168,3.8925,1.3286,12.628,1.0589,3.4852,8.529,1.8493,4.5911,8.6758,3.3147,3.2304
6.6207,11.012,3.2745,4.756,2.6443,4.6102,6.8084,4.3243,9.7542,1.2616,2.2704,7.425,9.6701,3.4962,9.1038,2.758,9.4725,2.4701,8.2622,1.7475,4.1329,1.9679,4.0557,4.0069,11.036,1.4169,1.3193,3.9161,1.3318,12.555,1.0636,3.4487,8.4444,1.8482,4.6017,8.5966,3.337,3.2924
6.5995,11.023,3.2916,4.7834,2.6404,4.6129,6.8505,4.3234,9.7338,1.2582,2.2713,7.4265,9.6273,3.5066,9.047,2.7709,9.4831,2.4502,8.3315,1.7416,4.1415,1.9804,4.0564,4.047,11.052,1.4245,1.3211,3.9369,1.3348,12.476,1.0684,3.4099,8.3541,1.8465,4.6043,8.5189,3.3573,3.3536
6.5781,11.033,3.3076,4.8142,2.6364,4.6155,6.8913,4.322,9.7096,1.2548,2.272,7.4278,9.5842,3.5174,8.9888,2.783,9.4919,2.4407,8.3933,1.7357,4.1471,1.9924,4.0565,4.0865,11.066,1.4314,1.3222,3.9549,1.3376,12.391,1.0731,3.3695,8.2563,1.8443,4.5986,8.4429,3.3757,3.4135
6.5567,11.042,3.3226,4.8476,2.6324,4.6181,6.9307,4.3201,9.682,1.2518,2.2727,7.4282,9.5407,3.5286,8.928,2.7945,9.4992,2.4343,8.4479,1.7298,4.1497,2.0039,4.0561,4.1254,11.078,1.4377,1.3227,3.9699,1.3401,12.301,1.0778,3.3278,8.1523,1.8417,4.5846,8.369,3.3923,3.4722
6.5352,11.051,3.3365,4.8837,2.6282,4.6206,6.9687,4.3183,9.651,1.2515,2.2732,7.4293,9.4968,3.54,8.8642,2.8049,9.5056,2.4275,8.4955,1.7241,4.1493,2.0147,4.0553,4.1638,11.087,1.4432,1.3224,3.9819,1.3425,12.205,1.0825,3.2972,8.0476,1.8666,4.5623,8.2975,3.4072,3.5293
6.5136,11.059,3.3493,4.9215,2.624,4.6231,7.0054,4.316,9.6163,1.2513,2.2737,7.429,9.4526,3.5517,8.798,2.8195,9.511,2.42,8.5363,1.7184,4.1456,2.0248,4.0539,4.202,11.095,1.4481,1.3214,3.9908,1.3445,12.104,1.0872,3.2734,7.9442,1.8958,4.532,8.2289,3.4201,3.589
6.4923,11.066,3.3611,4.9609,2.6197,4.6256,7.0406,4.3133,9.5789,1.2512,2.274,7.4273,9.4078,3.5637,8.7316,2.842,9.5199,2.4224,8.5707,1.7127,4.1389,2.034,4.052,4.2399,11.1,1.4523,1.3196,3.9966,1.3463,11.997,1.0918,3.2486,7.9389,1.9275,4.494,8.1632,3.431,3.6557
6.471,11.073,3.3721,5.0012,2.6153,4.628,7.0745,4.3102,9.5386,1.2511,2.2743,7.4265,9.3624,3.576,8.6625,2.8639,9.5332,2.4269,8.599,1.7071,4.129,2.0424,4.0496,4.2777,11.103,1.4557,1.3171,3.9992,1.3479,11.885,1.0964,3.2232,7.9543,1.9617,4.4489,8.1003,3.4405,3.7213
6.4497,11.106,3.382,5.0418,2.6109,4.6304,7.1068,4.3066,9.4957,1.2512,2.2744,7.4246,9.3165,3.5885,8.591,2.8856,9.5463,2.4303,8.6215,1.7016,4.1159,2.05,4.0466,4.3155,11.104,1.4585,1.3138,3.9987,1.3492,11.767,1.1007,3.1975,7.9694,1.9979,4.397,8.0405,3.4481,3.7856
6.4283,11.154,3.391,5.0828,2.6065,4.6327,7.1377,4.3031,9.4502,1.2513,2.2745,7.4257,9.2701,3.6012,8.5201,2.9069,9.5585,2.4326,8.6387,1.6961,4.1474,2.0566,4.0432,4.3534,11.102,1.4606,1.31,3.9952,1.3502,11.645,1.1051,3.1718,7.9832,2.0361,4.3388,7.9842,3.4538,3.8488
6.4068,11.201,3.3989,5.1233,2.602,4.635,7.1672,4.2992,9.4018,1.2515,2.2744,7.444,9.2233,3.6141,8.4465,2.9275,9.5693,2.4339,8.6508,1.6907,4.1893,2.0622,4.0392,4.3916,11.099,1.4619,1.3056,3.9886,1.351,11.616,1.1094,3.1461,7.9963,2.0758,4.2748,7.9314,3.4579,3.9106
6.3854,11.248,3.4057,5.1629,2.5975,4.6372,7.1952,4.2948,9.3508,1.2518,2.2743,7.4608,9.1759,3.6273,8.401,2.9476,9.5781,2.4341,8.6584,1.6854,4.2294,2.0667,4.0347,4.4301,11.094,1.4626,1.3006,3.9793,1.3514,11.608,1.1135,3.1206,8.0088,2.1167,4.2058,7.8818,3.4604,3.9708
6.3638,11.295,3.4118,5.2014,2.5928,4.6394,7.2219,4.29,9.2965,1.2522,2.2741,7.4759,9.1281,3.6407,8.3695,2.967,9.5847,2.433,8.6617,1.6801,4.2677,2.0702,4.0297,4.4689,11.087,1.4626,1.2952,3.9672,1.3516,11.596,1.1174,3.0952,8.0202,2.1587,4.1321,7.8357,3.4611,4.0294
6.3422,11.34,3.4168,5.2383,2.5881,4.6416,7.2471,4.2847,9.239,1.2527,2.2737,7.4911,9.08,3.6542,8.3366,2.9858,9.5888,2.4308,8.6612,1.6749,4.3041,2.0725,4.0242,4.5082,11.078,1.4619,1.2894,3.9528,1.3515,11.58,1.1212,3.0699,8.0314,2.2012,4.0546,7.7933,3.46,4.0862
6.3206,11.385,3.4207,5.2733,2.5833,4.6437,7.271,4.2793,9.1788,1.2532,2.2733,7.5061,9.0316,3.6679,8.3055,3.004,9.5902,2.4274,8.6573,1.6697,4.3387,2.0738,4.0182,4.548,11.067,1.4605,1.2834,3.9363,1.3511,11.561,1.1248,3.0449,8.0414,2.2439,3.9739,7.7539,3.4576,4.1411
6.299,11.429,3.4237,5.3061,2.5785,4.6457,7.2935,4.2737,9.1154,1.2539,2.2728,7.5194,8.9828,3.6818,8.2728,3.0219,9.5891,2.4231,8.6503,1.6646,4.3713,2.0783,4.0116,4.5883,11.054,1.4585,1.2771,3.918,1.3504,11.539,1.1283,3.0199,8.0509,2.2866,3.9526,7.7177,3.4536,4.1942
6.2773,11.472,3.4257,5.3365,2.5736,4.6477,7.3147,4.2678,9.0488,1.2546,2.2722,7.5312,8.9338,3.6958,8.2425,3.0392,9.5855,2.4179,8.6405,1.6596,4.402,2.0832,4.0046,4.6293,11.041,1.4558,1.2708,3.8982,1.3494,11.514,1.1316,2.9948,8.0596,2.3287,3.928,7.685,3.448,4.2456
6.2556,11.513,3.4267,5.3643,2.5687,4.6497,7.3345,4.2615,8.9798,1.2553,2.2714,7.5415,8.8846,3.71,8.2108,3.0556,9.5793,2.4118,8.6284,1.6546,4.4306,2.0871,3.997,4.6708,11.025,1.4527,1.2675,3.8775,1.3481,11.488,1.1346,2.9696,8.067,2.3701,3.8994,7.6551,3.4408,4.2951
6.2339,11.554,3.4269,5.3893,2.5638,4.6516,7.3529,4.2547,8.9083,1.2562,2.2706,7.5501,8.8352,3.7243,8.1816,3.0714,9.5706,2.405,8.6142,1.6496,4.4572,2.09,3.989,4.713,11.009,1.449,1.2693,3.8561,1.3465,11.461,1.1373,2.9445,8.0742,2.4104,3.8675,7.6278,3.4323,4.3425
6.2124,11.593,3.4262,5.4115,2.5588,4.6535,7.3698,4.2476,8.8339,1.2571,2.2696,7.5572,8.7855,3.7386,8.1514,3.0864,9.5595,2.3974,8.5983,1.6447,4.4816,2.092,3.9804,4.7557,10.991,1.4448,1.2711,3.8346,1.3446,11.434,1.1399,2.9191,8.0804,2.4494,3.8322,7.6029,3.4225,4.3881
6.191,11.631,3.4245,5.4308,2.5537,4.6553,7.3853,4.2401,8.8317,1.2581,2.2685,7.5656,8.7356,3.7532,8.1237,3.1007,9.546,2.389,8.5808,1.6399,4.5038,2.0929,3.9714,4.7992,10.972,1.4403,1.2729,3.8132,1.3423,11.407,1.1423,2.8935,8.0854,2.4866,3.7939,7.5802,3.4112,4.4316
6.1696,11.668,3.4219,5.4474,2.5486,4.6571,7.3992,4.2326,8.8659,1.2592,2.2673,7.5725,8.6854,3.7677,8.0953,3.1146,9.5302,2.3797,8.5622,1.6351,4.5236,2.0928,3.9619,4.8431,10.953,1.4355,1.2749,3.7925,1.3398,11.38,1.1444,2.8679,8.0896,2.5219,3.753,7.5596,3.3985,4.4731
6.1482,11.704,3.4183,5.4605,2.5435,4.6588,7.4115,4.2248,8.8982,1.2603,2.2659,7.5778,8.635,3.7824,8.0694,3.1278,9.5119,2.3695,8.5426,1.6304,4.5409,2.0917,3.952,4.8876,10.933,1.4304,1.2772,3.7728,1.3369,11.349,1.1461,2.8422,8.0933,2.555,3.7098,7.5405,3.3846,4.5125
6.1267,11.738,3.414,5.4705,2.5388,4.6605,7.4221,4.2167,8.9286,1.2615,2.2644,7.5815,8.5843,3.7972,8.0432,3.1401,9.4912,2.3585,8.5223,1.6257,4.5556,2.0895,3.9416,4.9326,10.912,1.4251,1.2797,3.7602,1.3337,11.315,1.1507,2.8167,8.0959,2.5857,3.6689,7.5226,3.3697,4.55
6.1053,11.771,3.409,5.4765,2.5394,4.6621,7.4311,4.2083,8.9569,1.2627,2.2628,7.5837,8.5333,3.8121,8.0188,3.1517,9.468,2.3467,8.5016,1.6211,4.5676,2.0862,3.9307,4.978,10.89,1.4238,1.2825,3.755,1.3302,11.277,1.1609,2.7914,8.0972,2.6138,3.6467,7.5053,3.3535,4.5854
6.0839,11.802,3.4039,5.4787,2.54,4.6637,7.4383,4.1995,8.9831,1.2647,2.261,7.5844,8.4822,3.8271,7.9947,3.1624,9.4422,2.3341,8.4807,1.6165,4.5769,2.0818,3.9193,5.0238,10.869,1.4264,1.2858,3.7516,1.3264,11.236,1.1712,2.7665,8.098,2.6392,3.6226,7.4885,3.3362,4.6191
6.0624,11.832,3.3987,5.4772,2.5405,4.6961,7.4437,4.1903,9.0069,1.2764,2.259,7.5836,8.4307,3.8422,7.9719,3.1724,9.4138,2.3208,8.4597,1.612,4.5833,2.0764,3.9075,5.0698,10.847,1.4287,1.2894,3.7502,1.3223,11.192,1.1815,2.7424,8.0982,2.6616,3.6063,7.4717,3.3177,4.6508
6.041,11.861,3.3937,5.4717,2.5411,4.7436,7.4473,4.1808,9.0285,1.288,2.2569,7.5826,8.3791,3.8573,7.9494,3.182,9.383,2.3068,8.439,1.6075,4.587,2.0699,3.8952,5.116,10.825,1.4306,1.2936,3.751,1.3179,11.143,1.1919,2.7191,8.0971,2.681,3.6153,7.4548,3.2983,4.6807
6.0196,11.888,3.3889,5.4619,2.5416,4.7909,7.4491,4.1711,9.0482,1.2996,2.2547,7.5815,8.3272,3.8725,7.9277,3.1906,9.3497,2.2923,8.4187,1.6031,4.5877,2.0623,3.8824,5.1623,10.803,1.4322,1.2983,3.7541,1.3131,11.091,1.2023,2.6969,8.0949,2.6972,3.6238,7.4372,3.278,4.7087
5.9981,11.914,3.3839,5.4481,2.5421,4.838,7.4492,4.1614,9.0655,1.311,2.2522,7.579,8.2753,3.8878,7.9062,3.1984,9.3137,2.277,8.3989,1.5988,4.5856,2.0538,3.8691,5.2085,10.782,1.4334,1.3034,3.7596,1.308,11.035,1.2128,2.6762,8.0924,2.71,3.6319,7.4187,3.2568,4.7348
5.9767,11.938,3.3787,5.4303,2.5426,4.8859,7.4474,4.1514,9.0802,1.3224,2.2496,7.5749,8.2232,3.9031,7.8853,3.2054,9.2756,2.2613,8.3799,1.5944,4.5809,2.0441,3.8554,5.2546,10.76,1.4343,1.309,3.7674,1.3027,10.977,1.2232,2.6569,8.089,2.7196,3.64,7.3988,3.2348,4.7591
5.9554,11.961,3.3728,5.4087,2.543,4.939,7.4438,4.1411,9.0924,1.3337,2.2468,7.5694,8.1709,3.9185,7.8642,3.2115,9.2352,2.2449,8.3618,1.5902,4.6376,2.0479,3.8412,5.3005,10.74,1.4349,1.3152,3.7773,1.297,10.915,1.2336,2.6394,8.0845,2.7259,3.6478,7.3775,3.2118,4.7817
5.934,11.982,3.3662,5.3834,2.5435,4.9918,7.4384,4.1305,9.1028,1.3448,2.2439,7.5624,8.1184,3.9339,7.8439,3.2172,9.1925,2.228,8.3446,1.586,4.6931,2.0562,3.8265,5.3461,10.719,1.4351,1.3218,3.7892,1.291,10.85,1.244,2.6237,8.0788,2.7288,3.6552,7.3543,3.1881,4.8027
5.9127,12.003,3.3588,5.3544,2.5439,5.0444,7.4313,4.1196,9.1106,1.3559,2.2408,7.554,8.0659,3.9494,7.8225,3.222,9.1537,2.2107,8.3286,1.5818,4.7472,2.0639,3.8113,5.3913,10.7,1.4349,1.3289,3.8027,1.2847,10.782,1.2542,2.6098,8.0731,2.7287,3.6617,7.329,3.1637,4.8223
5.8915,12.021,3.3507,5.3218,2.5444,5.0967,7.4225,4.1083,9.1157,1.3669,2.2375,7.5442,8.0133,3.9649,7.8022,3.2259,9.1574,2.1929,8.3139,1.5777,4.7998,2.0711,3.7957,5.436,10.682,1.4345,1.3363,3.8175,1.2781,10.711,1.2644,2.5979,8.0663,2.7255,3.6672,7.3014,3.1388,4.8406
5.8705,12.038,3.3418,5.286,2.5448,5.1488,7.4119,4.0968,9.1189,1.3778,2.234,7.5338,7.9605,3.9805,7.78,3.229,9.16,2.1747,8.3004,1.5736,4.8507,2.0776,3.7797,5.48,10.664,1.4337,1.3442,3.8334,1.2712,10.638,1.2745,2.5879,8.0584,2.7195,3.6718,7.3002,3.1133,4.8576
5.8495,12.054,3.3323,5.2472,2.5452,5.2007,7.3996,4.0851,9.1197,1.3887,2.2304,7.5238,7.9077,3.996,7.7593,3.2314,9.1605,2.1562,8.2884,1.5696,4.9,2.0836,3.7631,5.5234,10.648,1.4325,1.3524,3.8497,1.2639,10.562,1.2845,2.5797,8.0497,2.7107,3.6754,7.3,3.0873,4.8732
5.8285,12.069,3.3221,5.2056,2.5455,5.2523,7.3858,4.0735,9.1177,1.3995,2.2358,7.5124,7.855,4.0117,7.7363,3.2332,9.1589,2.1373,8.2779,1.5656,4.9474,2.0891,3.7462,5.5658,10.632,1.4311,1.3609,3.8663,1.2564,10.484,1.2944,2.573,8.0406,2.6994,3.6779,7.2977,3.0607,4.9041
5.8076,12.082,3.3114,5.1617,2.5459,5.3036,7.3703,4.0615,9.1138,1.4101,2.2408,7.5189,7.8022,4.0274,7.7141,3.2341,9.1551,2.1181,8.2689,1.5616,4.9931,2.0941,3.7287,5.6073,10.619,1.4293,1.3696,3.8825,1.2486,10.404,1.3041,2.5679,8.0305,2.6923,3.6796,7.2933,3.0337,4.9338
5.7866,12.093,3.3,5.1159,2.5462,5.3547,7.3534,4.0493,9.1076,1.4206,2.2456,7.5415,7.7493,4.0431,7.6899,3.2342,9.1489,2.0987,8.2615,1.5577,5.0369,2.0987,3.7108,5.6477,10.606,1.4272,1.3786,3.8981,1.2405,10.321,1.3138,2.5638,8.0193,2.7158,3.68,7.2867,3.0388,4.9623
5.7658,12.104,3.2881,5.0685,2.5466,5.4055,7.3349,4.0369,9.0987,1.431,2.25,7.5633,7.6966,4.0589,7.6655,3.2335,9.1403,2.0791,8.2557,1.5539,5.0787,2.1028,3.6925,5.6867,10.595,1.4249,1.3877,3.9126,1.2322,10.237,1.3234,2.5607,8.0076,2.7378,3.6798,7.2778,3.0884,4.9896
5.7449,12.113,3.2996,5.0197,2.5469,5.456,7.3151,4.0242,9.0879,1.4413,2.2541,7.5855,7.6439,4.0746,7.6396,3.2323,9.1292,2.0594,8.2514,1.5501,5.1184,2.1065,3.6736,5.7245,10.586,1.4231,1.397,3.9258,1.2235,10.15,1.3328,2.5582,7.9953,2.7582,3.6784,7.2664,3.137,5.0156
5.7241,12.12,3.3176,4.97,2.5472,5.5062,7.2938,4.0112,9.0749,1.4514,2.2579,7.6622,7.5913,4.0905,7.6127,3.2303,9.1156,2.0397,8.2488,1.5463,5.1561,2.1098,3.6544,5.7608,10.578,1.427,1.4063,3.9374,1.2146,10.09,1.3426,2.5559,7.9819,2.777,3.6761,7.2524,3.1847,5.0403
5.7033,12.127,3.3351,4.9196,2.5475,5.5562,7.2713,3.998,9.0591,1.4614,2.2613,7.7363,7.5388,4.1063,7.5847,3.2274,9.0998,2.02,8.2477,1.5426,5.1917,2.1128,3.6346,5.7955,10.573,1.4309,1.4156,3.9471,1.2054,10.051,1.3525,2.5536,7.9675,2.7943,3.6728,7.2355,3.2313,5.0639
5.6826,12.132,3.3518,4.8683,2.5478,5.6058,7.2475,3.9846,9.0418,1.4713,2.2645,7.8069,7.4865,4.1222,7.5552,3.224,9.0816,2.0004,8.2482,1.539,5.2251,2.1156,3.6144,5.8285,10.569,1.4346,1.4249,3.9548,1.1958,10.012,1.3623,2.5508,7.9531,2.8102,3.6685,7.2158,3.2769,5.0863
5.6619,12.135,3.3676,4.8164,2.548,5.6551,7.2225,3.971,9.022,1.4811,2.2674,7.8739,7.4343,4.138,7.5246,3.2199,9.071,1.9809,8.2502,1.5353,5.2563,2.1188,3.5937,5.8598,10.566,1.4383,1.434,3.9604,1.1861,9.9719,1.372,2.5473,7.9376,2.8247,3.6633,7.1931,3.3213,5.1074
5.6413,12.138,3.3828,4.764,2.5483,5.7042,7.1963,3.9575,8.9998,1.4908,2.27,7.9373,7.3824,4.1539,7.4926,3.215,9.0674,1.9617,8.2614,1.5317,5.2853,2.1223,3.5726,5.8891,10.566,1.4418,1.443,3.9638,1.1761,9.9298,1.3815,2.5429,7.9211,2.8378,3.6571,7.1672,3.3645,5.1273
5.6207,12.139,3.3971,4.7116,2.5485,5.7529,7.169,3.9437,8.9761,1.5005,2.2723,7.9976,7.3306,4.1697,7.4591,3.2095,9.0635,1.9429,8.3071,1.5282,5.312,2.1266,3.5511,5.9164,10.568,1.4454,1.4518,3.965,1.1658,9.8858,1.3908,2.5371,7.9043,2.8495,3.6498,7.1382,3.4066,5.1461
5.6002,12.139,3.4105,4.6592,2.5487,5.8011,7.1405,3.9298,8.9499,1.5099,2.2743,8.055,7.279,4.1856,7.4557,3.2035,9.0586,1.929,8.3551,1.5247,5.3365,2.1309,3.5291,5.9417,10.572,1.4488,1.4604,3.9642,1.1553,9.8397,1.3998,2.53,7.8868,2.8599,3.6417,7.1061,3.4473,5.164
5.5797,12.138,3.4233,4.6068,2.5489,5.8491,7.113,3.9156,8.9216,1.5192,2.2759,8.1088,7.2277,4.2013,7.4575,3.1967,9.0532,1.9509,8.4057,1.5212,5.3587,2.135,3.5066,5.9646,10.577,1.4521,1.4686,3.9614,1.1446,9.7915,1.4086,2.5211,7.8683,2.8693,3.6323,7.0714,3.4868,5.181
5.5593,12.135,3.4351,4.5552,2.5491,5.8965,7.1231,3.9012,8.8917,1.5284,2.2772,8.1592,7.1766,4.217,7.4579,3.1893,9.0471,1.9729,8.4586,1.5178,5.3788,2.1398,3.4838,5.9853,10.585,1.4553,1.4765,3.9569,1.1336,9.7412,1.4172,2.5105,7.8494,2.8777,3.6224,7.0337,3.5252,5.1972
5.5389,12.131,3.4462,4.504,2.5494,5.9435,7.1526,3.8866,8.8594,1.5374,2.2783,8.2063,7.1259,4.2326,7.4572,3.1814,9.0403,1.9951,8.5139,1.5144,5.3966,2.1556,3.4606,6.0037,10.595,1.4585,1.4841,3.9508,1.1224,9.6893,1.4257,2.498,7.8299,2.8855,3.6112,6.9928,3.5624,5.2128
5.5187,12.126,3.4564,4.454,2.5496,5.9901,7.1913,3.8719,8.8409,1.5462,2.279,8.25,7.0755,4.2481,7.4564,3.1728,9.033,2.0173,8.5714,1.5111,5.4123,2.1708,3.4369,6.0198,10.607,1.4616,1.4912,3.9434,1.1109,9.6352,1.434,2.4836,7.8094,2.893,3.5992,6.9487,3.5982,5.2275
5.4986,12.12,3.4659,4.4603,2.5498,6.0361,7.2277,3.8569,8.8568,1.5549,2.2795,8.2903,7.0255,4.2635,7.4538,3.1635,9.025,2.0397,8.631,1.5078,5.4257,2.1855,3.4129,6.0337,10.62,1.4646,1.4979,3.935,1.0992,9.5792,1.442,2.4673,7.7884,2.9003,3.5862,6.9014,3.6327,5.2414
5.4786,12.113,3.4744,4.4683,2.55,6.0816,7.2616,3.8417,8.8712,1.5634,2.2797,8.327,6.9759,4.2788,7.4492,3.1539,9.0164,2.0621,8.6926,1.5045,5.4372,2.1997,3.3884,6.0453,10.636,1.4675,1.5042,3.9259,1.1048,9.5212,1.4497,2.4492,7.767,2.9071,3.5721,6.8509,3.6659,5.2545
5.4586,12.105,3.4822,4.4752,2.5501,6.1266,7.2931,3.8265,8.8841,1.5718,2.2796,8.3932,6.927,4.2939,7.4428,3.1435,9.0073,2.0846,8.756,1.5013,5.4466,2.2135,3.3636,6.0547,10.654,1.4704,1.51,3.9162,1.1147,9.4619,1.4572,2.4292,7.7446,2.9134,3.5573,6.7973,3.6978,5.2669
5.4387,12.095,3.4891,4.481,2.5503,6.171,7.3222,3.8114,8.8963,1.5801,2.2793,8.4679,6.8787,4.3089,7.4364,3.1325,8.9975,2.1071,8.8212,1.4981,5.454,2.2268,3.3384,6.0618,10.673,1.4731,1.5152,3.9063,1.1246,9.4009,1.4644,2.4076,7.7213,2.9192,3.5415,6.7406,3.7285,5.2786
5.4189,12.084,3.4951,4.4857,2.5504,6.2149,7.3487,3.796,8.9067,1.5883,2.2787,8.5395,6.8312,4.3238,7.4278,3.1213,8.9872,2.1297,8.8878,1.4949,5.4593,2.2397,3.3128,6.0665,10.695,1.4758,1.52,3.8964,1.1346,9.3384,1.4713,2.3844,7.6978,2.9246,3.5246,6.6822,3.758,5.2894
5.3991,12.073,3.5005,4.4898,2.5506,6.2582,7.3729,3.7805,8.916,1.5963,2.2778,8.6082,6.7844,4.3386,7.4169,3.1093,8.9763,2.1522,8.9557,1.4918,5.4626,2.2522,3.3044,6.0687,10.718,1.4784,1.5242,3.8867,1.1445,9.2745,1.4781,2.3599,7.6737,2.9297,3.5072,6.6249,3.7862,5.2992
5.3794,12.06,3.5049,4.4934,2.5507,6.3008,7.3945,3.7648,8.9239,1.6041,2.2768,8.6741,6.7381,4.3532,7.4038,3.0968,8.965,2.1747,9.0247,1.4887,5.4639,2.2643,3.3011,6.0684,10.743,1.4809,1.5279,3.8774,1.1544,9.2194,1.4847,2.3341,7.6486,2.9351,3.4887,6.5645,3.8131,5.3081
5.3598,12.046,3.5087,4.4966,2.5508,6.3429,7.4137,3.749,8.9304,1.6117,2.2754,8.7373,6.6924,4.3676,7.3906,3.0838,8.9531,2.1971,9.0946,1.4857,5.463,2.2761,3.2974,6.0656,10.77,1.4833,1.531,3.8686,1.1643,9.1753,1.491,2.3074,7.6226,2.9413,3.4695,6.5012,3.8388,5.3159
5.3402,12.031,3.5115,4.4994,2.5509,6.3844,7.4304,3.733,8.9357,1.6191,2.2739,8.7983,6.6471,4.3819,7.3749,3.0704,8.9407,2.2195,9.165,1.4827,5.46,2.2875,3.2934,6.0604,10.799,1.4856,1.5336,3.8603,1.1742,9.131,1.497,2.2799,7.5966,2.9479,3.4495,6.4354,3.8632,5.3227
5.3207,12.015,3.5137,4.5021,2.551,6.4254,7.4445,3.7169,8.9393,1.6264,2.2721,8.8563,6.6022,4.396,7.3568,3.0565,8.9279,2.2417,9.2359,1.4797,5.4549,2.2985,3.2889,6.0527,10.829,1.4878,1.5356,3.8527,1.1841,9.0855,1.5027,2.2518,7.5698,2.9541,3.4287,6.3672,3.8866,5.3285
5.3013,11.998,3.515,4.5047,2.5511,6.4657,7.4562,3.7006,8.9421,1.6334,2.2701,8.9112,6.5578,4.41,7.3364,3.0419,8.9147,2.2638,9.3069,1.4768,5.4477,2.3091,3.2841,6.0425,10.86,1.49,1.5371,3.8458,1.194,9.0388,1.508,2.2234,7.5422,2.9597,3.4074,6.2966,3.9088,5.3333
5.2819,11.98,3.5156,4.5073,2.5512,6.5054,7.4654,3.6842,8.943,1.6403,2.2679,8.9631,6.5137,4.4238,7.3156,3.0272,8.9011,2.2858,9.3777,1.4739,5.4383,2.3193,3.279,6.0299,10.893,1.492,1.5379,3.8394,1.2039,8.9909,1.5131,2.1948,7.5137,2.9645,3.3853,6.2236,3.9298,5.3371
5.2626,11.961,3.5155,4.51,2.5512,6.5445,7.4722,3.6677,8.9431,1.6469,2.2655,9.0119,6.47,4.4374,7.2923,3.012,8.8872,2.3076,9.448,1.471,5.427,2.3291,3.2734,6.0149,10.928,1.494,1.5381,3.8334,1.2137,8.9418,1.518,2.1664,7.4852,2.9883,3.3626,6.1491,3.9498,5.3402
5.2434,11.941,3.5145,4.5128,2.5513,6.5831,7.4765,3.6513,8.9413,1.6534,2.2629,9.0578,6.4267,4.4509,7.2665,2.9963,8.8731,2.3292,9.5177,1.4682,5.4137,2.3386,3.2675,5.9974,10.963,1.4959,1.5377,3.8279,1.2235,8.8925,1.5227,2.1382,7.456,3.024,3.3394,6.0724,3.9686,5.3425
5.2242,11.92,3.5129,4.5159,2.5513,6.6211,7.4784,3.6348,8.9388,1.6599,2.2602,9.1015,6.3838,4.4643,7.2386,2.9801,8.8589,2.3505,9.5862,1.4654,5.3985,2.349,3.2612,5.992,11,1.4977,1.5367,3.8225,1.2333,8.8423,1.5271,2.1104,7.426,3.0582,3.3156,5.9946,3.9863,5.3441
5.2051,11.898,3.5104,4.5191,2.5514,6.6586,7.4779,3.6182,8.9345,1.6661,2.2572,9.142,6.3412,4.4775,7.21,2.9638,8.8447,2.3717,9.6535,1.4626,5.3815,2.3614,3.2546,6.0033,11.038,1.4995,1.535,3.8171,1.2431,8.7908,1.5312,2.0833,7.3954,3.0911,3.2991,5.9151,4.0032,5.3449
5.1861,11.875,3.5073,4.5226,2.5514,6.6955,7.475,3.6014,8.9294,1.6721,2.2541,9.1795,6.299,4.4905,7.1788,2.947,8.8305,2.3926,9.7191,1.4599,5.3629,2.3733,3.2476,6.0122,11.076,1.5011,1.5326,3.8116,1.2528,8.7384,1.535,2.0569,7.3646,3.1225,3.2855,5.8348,4.0191,5.3448
5.1672,11.851,3.5032,4.5264,2.5514,6.732,7.4699,3.5846,8.9226,1.6779,2.2509,9.2142,6.2572,4.5032,7.1452,2.9298,8.8162,2.4131,9.7829,1.4572,5.3427,2.3849,3.2402,6.0188,11.128,1.5027,1.5297,3.8057,1.2625,8.6848,1.5385,2.0313,7.3332,3.1526,3.2712,5.7537,4.0341,5.3438
5.1484,11.826,3.4985,4.5302,2.5514,6.7679,7.4625,3.5676,8.9151,1.6835,2.2474,9.2462,6.2157,4.5158,7.1098,2.9123,8.8019,2.4334,9.8444,1.4545,5.3209,2.3959,3.2325,6.023,11.193,1.5041,1.5261,3.7993,1.2721,8.631,1.5418,2.0066,7.3009,3.1813,3.2714,5.672,4.0481,5.3516
5.1296,11.8,3.493,4.534,2.5514,6.8034,7.4529,3.5505,8.9058,1.6888,2.2439,9.2753,6.1746,4.5347,7.0735,2.8946,8.7874,2.4533,9.9035,1.4519,5.2976,2.4066,3.2244,6.0247,11.26,1.5055,1.5219,3.7922,1.2817,8.5764,1.5448,1.983,7.2688,3.2087,3.3094,5.5902,4.0612,5.3668
5.1109,11.774,3.4897,4.538,2.5514,6.8383,7.4411,3.5334,8.8961,1.6939,2.2401,9.3018,6.1339,4.558,7.0348,2.8766,8.7726,2.473,9.9598,1.4493,5.2921,2.417,3.2159,6.0239,11.328,1.5068,1.5171,3.7842,1.2913,8.5208,1.5476,1.9605,7.2359,3.2348,3.3476,5.5127,4.0735,5.3815
5.0923,11.746,3.4906,4.5421,2.5513,6.8728,7.4272,3.5161,8.8846,1.6988,2.2362,9.326,6.0936,4.581,6.9938,2.8583,8.7576,2.4922,10.013,1.4467,5.305,2.4272,3.2071,6.0205,11.397,1.508,1.5166,3.7752,1.3008,8.4643,1.5501,1.9425,7.2029,3.2597,3.3859,5.4404,4.0851,5.3956
5.0738,11.718,3.4905,4.5463,2.5513,6.9068,7.4113,3.5099,8.8726,1.7035,2.2322,9.3469,6.0676,4.6038,6.9513,2.8396,8.7423,2.5111,10.063,1.4442,5.3167,2.4374,3.1978,6.0147,11.468,1.5092,1.5191,3.7651,1.3103,8.4068,1.5525,1.9262,7.1696,3.2836,3.4239,5.3701,4.096,5.4092
5.0553,11.688,3.4892,4.5503,2.5512,6.9403,7.3934,3.5336,8.8592,1.708,2.2281,9.3645,6.062,4.6264,6.9078,2.8209,8.7266,2.5295,10.11,1.4416,5.3274,2.4476,3.1882,6.0064,11.539,1.5102,1.5211,3.7538,1.3197,8.3488,1.5548,1.9104,7.1365,3.3063,3.4617,5.3023,4.1062,5.4223
5.037,11.658,3.4873,4.5541,2.5512,6.9733,7.3736,3.5571,8.8449,1.7124,2.2239,9.3787,6.0565,4.6487,6.8622,2.8019,8.7106,2.5476,10.152,1.4392,5.3371,2.4576,3.1782,5.9956,11.612,1.5111,1.5225,3.7412,1.3291,8.2905,1.5571,1.8954,7.1039,3.3277,3.4991,5.2371,4.1156,5.4349
5.0187,11.627,3.4843,4.5577,2.5511,7.0057,7.3519,3.5806,8.8297,1.7166,2.2195,9.39,6.051,4.6707,6.8145,2.7827,8.6942,2.5653,10.191,1.4367,5.3462,2.4673,3.1678,5.9823,11.686,1.512,1.5235,3.7275,1.3384,8.2312,1.5593,1.881,7.1185,3.3479,3.5356,5.1748,4.1244,5.447
5.0005,11.595,3.4804,4.5613,2.5511,7.0377,7.3283,3.604,8.8133,1.7205,2.2151,9.3987,6.0455,4.6926,6.7654,2.7632,8.6773,2.5825,10.226,1.4343,5.3607,2.4767,3.157,5.9666,11.761,1.5128,1.524,3.7125,1.3477,8.1711,1.5612,1.8673,7.1366,3.3671,3.5716,5.189,4.1326,5.4583
4.9825,11.563,3.4756,4.5649,2.551,7.0689,7.3029,3.6272,8.7965,1.7242,2.2106,9.4034,6.04,4.7141,6.7156,2.7436,8.6602,2.5992,10.256,1.4319,5.3799,2.4859,3.1459,5.9657,11.837,1.5136,1.524,3.6964,1.3569,8.1102,1.5629,1.8542,7.1545,3.385,3.6066,5.209,4.1405,5.469
4.9645,11.529,3.4698,4.5963,2.5509,7.0996,7.2758,3.6503,8.7787,1.7277,2.206,9.4039,6.0345,4.7355,6.6641,2.7239,8.6426,2.6155,10.297,1.4295,5.3996,2.4947,3.1343,6.0034,11.914,1.5142,1.5235,3.6793,1.366,8.0485,1.5644,1.8419,7.1722,3.4022,3.6404,5.2267,4.1478,5.4789
4.9467,11.495,3.4633,4.627,2.5508,7.1296,7.247,3.6732,8.76,1.7309,2.2013,9.4023,6.0291,4.7565,6.6107,2.7041,8.6248,2.6314,10.399,1.4272,5.4198,2.5031,3.1223,6.0402,11.991,1.5147,1.5226,3.6612,1.3751,7.9867,1.5655,1.8304,7.1894,3.4188,3.673,5.2427,4.1546,5.488
4.9289,11.46,3.4557,4.6566,2.5507,7.1589,7.2165,3.696,8.7407,1.7339,2.1966,9.397,6.0237,4.7773,6.556,2.6841,8.6065,2.6468,10.497,1.4249,5.4397,2.511,3.11,6.0759,12.068,1.5152,1.5211,3.6424,1.3842,7.9243,1.5663,1.8195,7.2062,3.4355,3.7044,5.2573,4.161,5.4965
4.9112,11.424,3.4475,4.6849,2.5506,7.1875,7.1844,3.7185,8.721,1.7366,2.1919,9.3877,6.0183,4.7979,6.5011,2.6639,8.5878,2.6616,10.593,1.4226,5.459,2.5186,3.0973,6.1106,12.147,1.5156,1.5192,3.623,1.3932,7.8612,1.5671,1.8092,7.2225,3.4533,3.7343,5.2709,4.167,5.5042
4.8936,11.388,3.4383,4.7122,2.5505,7.2154,7.1507,3.7409,8.7007,1.7391,2.1871,9.3754,6.0129,4.8183,6.4448,2.6437,8.5688,2.676,10.685,1.4203,5.4774,2.5258,3.0842,6.1444,12.225,1.5159,1.5167,3.6031,1.4021,7.7973,1.5676,1.7995,7.2383,3.472,3.7626,5.2839,4.1727,5.5111
4.8761,11.351,3.4285,4.7379,2.5503,7.2425,7.1157,3.763,8.68,1.7415,2.1823,9.3606,6.0076,4.8385,6.3871,2.6235,8.5494,2.6899,10.773,1.4181,5.4949,2.5325,3.0707,6.1772,12.304,1.5162,1.5138,3.5829,1.4109,7.7392,1.5678,1.7904,7.2537,3.4903,3.789,5.2967,4.1781,5.5174
4.8586,11.313,3.4179,4.7618,2.5502,7.2689,7.1087,3.7849,8.659,1.7437,2.1775,9.342,6.0024,4.8584,6.3282,2.6033,8.5297,2.7033,10.857,1.4159,5.5115,2.5387,3.0569,6.209,12.383,1.5163,1.5104,3.5627,1.4197,7.706,1.5677,1.7819,7.2685,3.5077,3.8136,5.3094,4.1833,5.5231
4.8413,11.274,3.4065,4.784,2.55,7.2946,7.1012,3.8066,8.6378,1.7456,2.1727,9.3196,5.9971,4.8781,6.2691,2.5829,8.5096,2.7161,10.938,1.4137,5.5273,2.5445,3.0427,6.2399,12.462,1.5164,1.5064,3.5425,1.4284,7.6713,1.5673,1.7738,7.2829,3.5242,3.8363,5.3229,4.1882,5.5283
4.824,11.235,3.3947,4.8044,2.5499,7.3195,7.0933,3.828,8.6164,1.7473,2.1678,9.2955,5.9919,4.8976,6.2094,2.5625,8.4892,2.7285,11.014,1.4116,5.5423,2.5499,3.0282,6.2699,12.541,1.5164,1.502,3.5226,1.4371,7.6356,1.5668,1.7662,7.2969,3.5394,3.8569,5.337,4.193,5.5329
4.8068,11.195,3.382,4.8226,2.5497,7.3437,7.0849,3.8491,8.595,1.7487,2.163,9.2676,5.9866,4.9168,6.1488,2.542,8.4684,2.7403,11.085,1.4095,5.5562,2.5549,3.0132,6.299,12.621,1.5163,1.4971,3.503,1.4457,7.5984,1.5661,1.7588,7.3108,3.5537,3.8751,5.3522,4.1976,5.5369
4.7897,11.154,3.3688,4.8388,2.5496,7.3672,7.076,3.87,8.5733,1.7499,2.1582,9.2355,5.9814,4.9357,6.0872,2.5217,8.4473,2.7515,11.153,1.4074,5.5691,2.5595,2.998,6.3271,12.699,1.5162,1.4918,3.4839,1.4542,7.5603,1.565,1.7518,7.3245,3.5668,3.891,5.3688,4.2021,5.5402
4.7727,11.113,3.3551,4.853,2.5494,7.39,7.0668,3.8906,8.5513,1.7509,2.1534,9.2018,5.9762,4.9544,6.025,2.5014,8.4258,2.7623,11.215,1.4053,5.5806,2.5638,2.989,6.3542,12.778,1.516,1.4861,3.4653,1.4626,7.5208,1.5638,1.7451,7.3376,3.5787,3.9046,5.3869,4.2064,5.5428
4.7558,11.071,3.3406,4.8649,2.5492,7.4122,7.057,3.9108,8.529,1.7515,2.1487,9.1641,5.9825,4.9727,5.9632,2.4811,8.404,2.7725,11.273,1.4033,5.5906,2.5676,2.9856,6.3805,12.857,1.5157,1.4799,3.4473,1.4709,7.4805,1.5622,1.7386,7.3504,3.5893,3.9158,5.4069,4.2107,5.5448
4.739,11.028,3.3257,4.8745,2.5491,7.4337,7.0469,3.9308,8.5062,1.7519,2.144,9.1225,5.9931,4.9906,5.901,2.4608,8.382,2.7821,11.325,1.4012,5.5993,2.5711,2.9811,6.4059,12.935,1.5153,1.4734,3.4299,1.4792,7.4387,1.5606,1.7322,7.3626,3.5989,3.9244,5.4289,4.215,5.5461
4.7222,10.989,3.31,4.8822,2.5489,7.455,7.0365,3.9504,8.4828,1.7522,2.1394,9.0793,6.0031,5.0082,5.8384,2.4405,8.3594,2.7912,11.373,1.3992,5.6065,2.5742,2.9756,6.4305,13.012,1.5149,1.4665,3.4287,1.4874,7.3962,1.5587,1.7259,7.3745,3.6072,3.9306,5.4529,4.2194,5.5468
4.7056,11.015,3.294,4.8877,2.5487,7.4763,7.0256,3.9698,8.4586,1.7523,2.1348,9.0317,6.0124,5.0253,5.7754,2.4203,8.3367,2.7998,11.416,1.3973,5.6123,2.5769,2.969,6.4542,13.089,1.5144,1.4613,3.4313,1.4955,7.3522,1.5566,1.7197,7.3859,3.6141,3.9343,5.4793,4.2238,5.547
4.689,11.071,3.2773,4.8908,2.5485,7.4975,7.0143,3.989,8.434,1.7522,2.1303,8.9814,6.0212,5.0421,5.7123,2.4002,8.3136,2.8078,11.454,1.3953,5.6165,2.5792,2.9613,6.4773,13.166,1.5139,1.4596,3.4348,1.5036,7.3186,1.5543,1.7135,7.3969,3.6198,3.9356,5.508,4.2282,5.5467
4.6725,11.125,3.2602,4.8921,2.5484,7.5183,7.0027,4.0078,8.4084,1.7518,2.1258,8.9283,6.0295,5.0584,5.6491,2.3803,8.2901,2.8181,11.486,1.3934,5.6193,2.5812,2.9525,6.4997,13.242,1.5132,1.4576,3.4392,1.5115,7.3341,1.5519,1.7072,7.4074,3.6241,3.9344,5.5389,4.2327,5.5457
4.6561,11.175,3.2425,4.8912,2.5482,7.5386,6.9906,4.0263,8.3824,1.7511,2.1215,8.8711,6.0372,5.0744,5.5865,2.3604,8.2664,2.8295,11.514,1.3915,5.6207,2.5829,2.9425,6.5215,13.317,1.5125,1.4553,3.4446,1.5194,7.3492,1.5492,1.7008,7.4175,3.627,3.9308,5.5723,4.2373,5.5441
4.6398,11.221,3.2245,4.8881,2.548,7.5582,6.9782,4.0444,8.3555,1.7502,2.1172,8.8128,6.0444,5.0898,5.5242,2.3407,8.2424,2.8403,11.536,1.3896,5.6206,2.5843,2.9314,6.5428,13.392,1.5118,1.4529,3.4507,1.5273,7.3646,1.5464,1.6944,7.4272,3.6287,3.9247,5.608,4.242,5.5419
4.6236,11.265,3.206,4.8835,2.5478,7.5772,6.9653,4.0621,8.328,1.749,2.113,8.7698,6.0511,5.1048,5.4622,2.321,8.218,2.8505,11.553,1.3878,5.6191,2.5855,2.9191,6.5635,13.465,1.5109,1.4502,3.4576,1.535,7.3797,1.5435,1.6878,7.4369,3.6742,3.916,5.6456,4.2468,5.5391
4.6075,11.305,3.1871,4.8768,2.5476,7.5956,6.9521,4.0795,8.2997,1.7476,2.1089,8.7519,6.0572,5.1192,5.4004,2.3015,8.1933,2.8603,11.565,1.3859,5.6163,2.5864,2.9057,6.5836,13.538,1.51,1.4473,3.465,1.5427,7.3945,1.5405,1.681,7.4464,3.7484,3.9048,5.6857,4.2518,5.5359
4.5914,11.342,3.1679,4.8687,2.5474,7.6133,6.9384,4.0965,8.2708,1.746,2.105,8.733,6.0629,5.1332,5.339,2.2821,8.1684,2.8713,11.571,1.3841,5.6122,2.5871,2.8913,6.6031,13.61,1.5091,1.4443,3.4728,1.5502,7.409,1.5373,1.674,7.4554,3.8214,3.9182,5.7276,4.257,5.5322
4.5755,11.376,3.1482,4.8588,2.5471,7.6304,6.9243,4.1131,8.2411,1.7442,2.1011,8.7113,6.0679,5.1465,5.2781,2.2629,8.143,2.8822,11.572,1.3823,5.6071,2.5875,2.8757,6.6219,13.681,1.508,1.4411,3.4808,1.5577,7.4235,1.5339,1.6667,7.464,3.893,3.9317,5.7713,4.2625,5.5281
4.5596,11.407,3.1284,4.8479,2.5469,7.6469,6.9099,4.1294,8.2109,1.7422,2.0974,8.6887,6.0725,5.1593,5.2178,2.2439,8.1173,2.8926,11.568,1.3806,5.6008,2.5876,2.8592,6.64,13.751,1.5069,1.4379,3.4887,1.5651,7.438,1.5304,1.6592,7.4723,3.9634,3.9432,5.8166,4.2681,5.5236
4.5439,11.436,3.1081,4.8356,2.5467,7.6629,6.895,4.1452,8.1799,1.74,2.0938,8.663,6.0766,5.1715,5.1582,2.2251,8.0915,2.9104,11.558,1.3788,5.5936,2.5873,2.8416,6.6574,13.819,1.5058,1.4346,3.4964,1.5724,7.4522,1.5267,1.6515,7.4801,4.0324,3.953,5.8631,4.2739,5.5188
4.5282,11.461,3.0877,4.8226,2.5464,7.6783,6.8797,4.1607,8.1485,1.7375,2.0903,8.6368,6.0803,5.1831,5.0994,2.2064,8.0654,2.9301,11.543,1.3771,5.5855,2.5867,2.8231,6.6742,13.887,1.5045,1.4313,3.5036,1.5796,7.466,1.5228,1.6434,7.4875,4.1001,3.9607,5.911,4.28,5.5136
4.5126,11.484,3.0852,4.8086,2.5462,7.6932,6.864,4.1757,8.1161,1.7347,2.0869,8.6074,6.0834,5.1941,5.0515,2.1879,8.0389,2.9489,11.522,1.3754,5.5765,2.5858,2.8037,6.6904,13.954,1.5032,1.428,3.5101,1.5868,7.4796,1.5187,1.635,7.4946,4.1665,3.9669,5.9594,4.2862,5.5079
4.5007,11.504,3.1183,4.7945,2.5459,7.7077,6.8479,4.1903,8.0835,1.7316,2.0837,8.5778,6.0861,5.2046,5.0168,2.1696,8.012,2.967,11.496,1.3737,5.5666,2.5846,2.7835,6.7062,14.019,1.5018,1.4246,3.5156,1.5938,7.4934,1.5143,1.6264,7.5012,4.2318,3.9709,6.0086,4.2927,5.5018
4.5185,11.521,3.1499,4.7798,2.5457,7.7217,6.8314,4.2045,8.0501,1.7285,2.0806,8.5447,6.0885,5.2144,4.9823,2.1515,7.985,2.9844,11.464,1.3721,5.5559,2.583,2.7626,6.7215,14.083,1.5004,1.4213,3.52,1.6008,7.5069,1.51,1.6175,7.5075,4.2957,3.9733,6.0579,4.2994,5.4951
4.5347,11.536,3.1801,4.7652,2.5454,7.7401,6.8145,4.2184,8.0164,1.7251,2.0777,8.5116,6.0904,5.2236,4.947,2.1336,7.9578,3.001,11.427,1.3704,5.5444,2.5812,2.7408,6.7363,14.146,1.4989,1.4179,3.5231,1.6077,7.5201,1.5055,1.6083,7.5134,4.3581,3.9738,6.1072,4.3064,5.4878
4.5496,11.548,3.2089,4.7508,2.5452,7.7823,6.7972,4.2317,7.9818,1.7215,2.0749,8.4754,6.092,5.2323,4.911,2.1207,7.9302,3.0169,11.385,1.3688,5.5325,2.5791,2.7184,6.7507,14.207,1.4974,1.4145,3.5247,1.6146,7.5331,1.5007,1.5989,7.5189,4.419,3.9726,6.1561,4.3136,5.4798
4.5631,11.557,3.2362,4.7365,2.5449,7.8233,6.7795,4.2448,7.9471,1.7177,2.0723,8.4386,6.0932,5.2404,4.8744,2.1233,7.9023,3.032,11.337,1.3672,5.5202,2.5767,2.6954,6.7648,14.267,1.4957,1.4111,3.5245,1.6213,7.5458,1.4958,1.5893,7.5243,4.4782,3.9696,6.2041,4.3211,5.471
4.5751,11.564,3.2621,4.7231,2.5446,7.8631,6.7614,4.2576,7.9116,1.7136,2.0697,8.3993,6.094,5.2479,4.8373,2.1251,7.8742,3.0464,11.284,1.3656,5.5076,2.5741,2.6718,6.7783,14.326,1.4941,1.4077,3.5225,1.6279,7.5585,1.4907,1.5794,7.5296,4.5355,3.9648,6.2514,4.3289,5.4613
4.5853,11.568,3.2868,4.7105,2.5443,7.9017,6.7428,4.2699,7.8759,1.7093,2.0674,8.3587,6.0946,5.255,4.7997,2.1262,7.8458,3.06,11.226,1.3641,5.4942,2.5713,2.6475,6.7914,14.383,1.4923,1.4045,3.5185,1.6345,7.5711,1.4855,1.5694,7.5345,4.5908,3.9584,6.2972,4.3369,5.4507
4.5945,11.569,3.3102,4.6988,2.544,7.939,6.7238,4.2819,7.8394,1.7048,2.0652,8.3165,6.0948,5.2614,4.7621,2.1266,7.8173,3.0747,11.163,1.3626,5.4799,2.571,2.6417,6.804,14.439,1.4905,1.4012,3.5124,1.6409,7.5835,1.48,1.5592,7.5391,4.6438,3.9502,6.3413,4.3451,5.4389
4.6022,11.568,3.3322,4.6884,2.5438,7.9752,6.7044,4.2934,7.8029,1.7002,2.0632,8.2724,6.0949,5.2673,4.7247,2.1263,7.7885,3.11,11.094,1.361,5.4646,2.5706,2.65,6.8161,14.493,1.4886,1.398,3.5042,1.6473,7.5955,1.4745,1.549,7.5433,4.6946,3.9405,6.3835,4.3536,5.4262
4.6082,11.564,3.3531,4.6795,2.5435,8.0103,6.6845,4.3045,7.7655,1.6953,2.0613,8.2273,6.0947,5.2727,4.6871,2.1251,7.7594,3.1445,11.021,1.3595,5.4484,2.57,2.6581,6.8277,14.546,1.4867,1.3947,3.4938,1.6536,7.6072,1.4688,1.5387,7.5471,4.7431,3.929,6.4236,4.3623,5.4126
4.6127,11.558,3.3726,4.6721,2.5432,8.0442,6.6642,4.3151,7.7281,1.6902,2.0596,8.18,6.0943,5.2776,4.6493,2.1236,7.73,3.1778,10.943,1.3581,5.431,2.5692,2.6661,6.8387,14.597,1.4848,1.3913,3.4812,1.6598,7.619,1.4631,1.5284,7.5506,4.7892,3.9162,6.4612,4.3711,5.398
4.6161,11.55,3.3909,4.6663,2.5429,8.0772,6.6435,4.3253,7.6899,1.6849,2.058,8.1323,6.0936,5.2819,4.6114,2.1213,7.7005,3.2101,10.861,1.3566,5.4124,2.5685,2.674,6.8492,14.646,1.4828,1.3879,3.4664,1.6659,7.6306,1.4572,1.5181,7.5537,4.8328,3.9016,6.496,4.3802,5.3826
4.6179,11.539,3.408,4.6624,2.5425,8.109,6.6223,4.3351,7.6517,1.6794,2.0565,8.0821,6.0929,5.2856,4.5735,2.1217,7.6708,3.2414,10.774,1.3551,5.3928,2.5676,2.6817,6.8592,14.694,1.4807,1.3844,3.4494,1.672,7.642,1.4512,1.5079,7.5565,4.874,3.8857,6.5276,4.3895,5.3664
4.6182,11.526,3.424,4.6607,2.5422,8.1399,6.6007,4.3445,7.6128,1.6738,2.0553,8.0318,6.092,5.2888,4.5357,2.1464,7.6409,3.2715,10.682,1.3537,5.3721,2.5665,2.6892,6.8686,14.741,1.4785,1.3807,3.4302,1.6779,7.6532,1.445,1.4979,7.5589,4.9127,3.8681,6.556,4.3989,5.3495
4.6174,11.51,3.4387,4.661,2.5419,8.1698,6.5786,4.3534,7.5738,1.6692,2.0541,7.9789,6.0909,5.2915,4.4979,2.1702,7.6108,3.3004,10.655,1.3523,5.3502,2.5652,2.6966,6.8776,14.785,1.4763,1.3769,3.4089,1.6838,7.664,1.4387,1.488,7.561,4.9491,3.8494,6.5808,4.4086,5.3317
4.6152,11.492,3.4525,4.6633,2.5416,8.1986,6.5561,4.3619,7.5342,1.6658,2.0532,7.9262,6.0898,5.2936,4.4603,2.1928,7.5804,3.3282,10.632,1.3509,5.3273,2.5635,2.7038,6.886,14.828,1.4741,1.373,3.3857,1.6896,7.6747,1.4323,1.4784,7.5627,4.983,3.8291,6.602,4.4185,5.313
4.6116,11.471,3.4651,4.6677,2.5413,8.2264,6.5332,4.3699,7.4945,1.6623,2.0523,7.8709,6.0886,5.2952,4.423,2.2146,7.5497,3.3547,10.605,1.3495,5.3033,2.5614,2.7109,6.894,14.87,1.4718,1.3689,3.3605,1.6952,7.6855,1.4257,1.4691,7.5641,5.0144,3.8077,6.6193,4.4285,5.3062
4.6068,11.448,3.4767,4.6744,2.5409,8.2529,6.5099,4.3775,7.4544,1.6586,2.0516,7.8155,6.0875,5.2962,4.3861,2.2351,7.519,3.3801,10.575,1.3482,5.2782,2.5591,2.7178,6.9015,14.909,1.4695,1.3646,3.3335,1.7008,7.696,1.4203,1.4601,7.5652,5.0433,3.7849,6.6326,4.4386,5.3096
4.6009,11.423,3.4874,4.6834,2.5406,8.2783,6.4862,4.3848,7.414,1.6547,2.0511,7.758,6.0862,5.2967,4.3499,2.2547,7.4881,3.4044,10.543,1.3469,5.2521,2.5564,2.7245,6.9085,14.947,1.467,1.3601,3.3048,1.7063,7.7062,1.4229,1.4515,7.5663,5.0699,3.761,6.6417,4.4488,5.3124
4.5937,11.396,3.4971,4.6945,2.5402,8.3024,6.4621,4.3918,7.3734,1.6506,2.0507,7.6999,6.085,5.2967,4.314,2.2731,7.4571,3.4275,10.507,1.3455,5.2249,2.5534,2.7312,6.9151,14.984,1.4646,1.3554,3.2745,1.7118,7.7161,1.4253,1.4433,7.5672,5.0942,3.7361,6.6465,4.4591,5.3145
4.5853,11.366,3.506,4.7075,2.5399,8.3253,6.4375,4.3984,7.3325,1.6463,2.0504,7.6403,6.0838,5.2962,4.2786,2.2906,7.4258,3.4496,10.469,1.3442,5.1968,2.55,2.7376,6.9212,15.018,1.4621,1.3505,3.2428,1.7171,7.7259,1.4277,1.4355,7.5677,5.116,3.71,6.6469,4.4695,5.3161
4.5761,11.334,3.5141,4.7224,2.5396,8.3468,6.4126,4.4045,7.2914,1.6418,2.0502,7.585,6.0827,5.2952,4.2437,2.3069,7.3943,3.4707,10.427,1.3429,5.1677,2.5464,2.7439,6.9269,15.051,1.4596,1.3453,3.2097,1.7223,7.7358,1.43,1.4282,7.568,5.1357,3.683,6.6428,4.4798,5.3171
4.5656,11.3,3.5214,4.7394,2.5392,8.3671,6.3873,4.4103,7.2501,1.6372,2.0502,7.572,6.0816,5.2938,4.2093,2.3223,7.3626,3.4908,10.383,1.3417,5.1377,2.5424,2.75,6.9322,15.082,1.457,1.3398,3.1753,1.7275,7.7453,1.4322,1.4215,7.5678,5.1533,3.6679,6.634,4.4903,5.3174
4.5541,11.264,3.5279,4.7581,2.5388,8.3861,6.3617,4.4155,7.2086,1.6324,2.0503,7.5588,6.0807,5.2919,4.1755,2.3365,7.3307,3.51,10.335,1.3404,5.1068,2.5381,2.7559,6.9371,15.111,1.4544,1.334,3.1399,1.7326,7.7546,1.4343,1.4153,7.5674,5.1775,3.6551,6.6203,4.5008,5.317
4.5419,11.225,3.5338,4.7783,2.5385,8.4039,6.3356,4.4204,7.1671,1.6273,2.0505,7.5455,6.0798,5.2895,4.1424,2.3499,7.2989,3.5281,10.284,1.3392,5.075,2.5336,2.7617,6.9416,15.139,1.4517,1.3279,3.1034,1.7376,7.7636,1.4363,1.4096,7.5666,5.2209,3.6412,6.6019,4.5113,5.316
4.5286,11.184,3.539,4.7998,2.5381,8.4204,6.3093,4.4249,7.1252,1.622,2.0509,7.5329,6.0858,5.2868,4.1099,2.3621,7.2669,3.5453,10.231,1.338,5.0424,2.5287,2.7672,6.9457,15.165,1.449,1.3216,3.0661,1.7425,7.7728,1.4382,1.4044,7.5655,5.2625,3.626,6.5792,4.5218,5.3144
4.5145,11.141,3.5437,4.8227,2.5378,8.4358,6.2825,4.4289,7.0834,1.6166,2.0513,7.5201,6.0946,5.2836,4.0781,2.3735,7.2347,3.5615,10.174,1.3367,5.0089,2.5235,2.7727,6.9494,15.189,1.4463,1.315,3.0307,1.7473,7.7817,1.4401,1.3998,7.5641,5.3023,3.6096,6.5518,4.5322,5.3121
4.4997,11.096,3.5478,4.8465,2.5374,8.4502,6.2555,4.4325,7.0412,1.611,2.0518,7.5071,6.1034,5.28,4.047,2.3837,7.2023,3.5767,10.114,1.3356,4.9746,2.518,2.7779,6.9528,15.212,1.4435,1.308,3.0239,1.752,7.7903,1.4418,1.3958,7.5623,5.3405,3.5919,6.5382,4.5425,5.3092
4.484,11.049,3.5516,4.8708,2.537,8.4637,6.2281,4.4356,6.9992,1.6058,2.0525,7.4941,6.1124,5.276,4.0168,2.3931,7.1698,3.591,10.052,1.3344,4.9395,2.5123,2.783,6.9558,15.233,1.4407,1.3007,3.0161,1.7567,7.7987,1.4434,1.3923,7.5603,5.377,3.5729,6.5802,4.5527,5.3057
4.4679,11,3.555,4.896,2.5366,8.4908,6.2004,4.4384,6.9569,1.6178,2.0532,7.4809,6.1214,5.2716,3.9873,2.4015,7.1371,3.6042,9.9861,1.3332,4.9035,2.5063,2.7879,6.9585,15.252,1.4378,1.2931,3.0076,1.7612,7.8072,1.445,1.3893,7.5579,5.4119,3.5527,6.6192,4.5628,5.3016
4.4509,10.949,3.5582,4.9212,2.5363,8.5233,6.1725,4.4407,6.9147,1.6298,2.0541,7.4677,6.1305,5.2668,3.9586,2.409,7.1043,3.6165,9.9374,1.3321,4.8666,2.5001,2.7926,6.9609,15.27,1.4349,1.285,2.9984,1.7657,7.8154,1.4465,1.3868,7.5552,5.4452,3.5312,6.655,4.5727,5.2971
4.4335,10.897,3.5614,4.9462,2.5359,8.5552,6.1442,4.4428,6.8721,1.6416,2.055,7.4543,6.1396,5.2616,3.9308,2.4156,7.0715,3.6279,9.899,1.3309,4.8289,2.4936,2.7972,6.963,15.286,1.4319,1.2767,3.0101,1.7701,7.8234,1.448,1.3848,7.5523,5.4766,3.5086,6.6879,4.5826,5.2921
4.4155,10.842,3.5647,4.9712,2.5355,8.5863,6.1305,4.4446,6.8434,1.6534,2.056,7.4408,6.1489,5.2561,3.9039,2.4212,7.0385,3.6384,9.857,1.3298,4.8055,2.4869,2.8015,6.9718,15.3,1.429,1.2679,3.0228,1.7744,7.8313,1.4493,1.3832,7.5493,5.5061,3.4848,6.7173,4.5923,5.2868
4.3972,10.785,3.5684,4.9953,2.5351,8.6167,6.1211,4.446,6.903,1.6651,2.057,7.4272,6.1582,5.2502,3.8779,2.4261,7.0055,3.6483,9.8117,1.3287,4.7952,2.48,2.8058,6.9852,15.312,1.426,1.2589,3.0354,1.7786,7.8392,1.4506,1.382,7.5462,5.5337,3.4599,6.7437,4.6017,5.2811
4.3782,10.727,3.5728,5.0188,2.5347,8.6463,6.1112,4.447,6.9646,1.6766,2.0582,7.4135,6.1676,5.2439,3.8528,2.43,6.9723,3.6589,9.7633,1.3276,4.7846,2.4729,2.8097,6.9986,15.323,1.4229,1.2494,3.0478,1.7828,7.8468,1.4518,1.3813,7.5427,5.5594,3.4339,6.7667,4.6109,5.275
4.3591,10.667,3.578,5.0409,2.5343,8.6752,6.1006,4.4476,7.028,1.6881,2.0594,7.3998,6.1771,5.2373,3.8411,2.4331,6.939,3.675,9.7118,1.3266,4.7734,2.4656,2.8136,7.012,15.332,1.4199,1.2397,3.0601,1.7868,7.8542,1.4529,1.3808,7.5389,5.5829,3.4071,6.7861,4.6198,5.2684
4.3396,10.605,3.5836,5.0618,2.5339,8.7033,6.0894,4.4478,7.0933,1.6995,2.0606,7.3859,6.1866,5.2304,3.832,2.4354,6.9055,3.6942,9.6572,1.3255,4.7617,2.4581,2.8172,7.0253,15.34,1.4168,1.2296,3.0724,1.7908,7.8618,1.454,1.3807,7.5349,5.6044,3.3793,6.8026,4.6284,5.2612
4.3198,10.542,3.5893,5.0807,2.5335,8.7307,6.0776,4.4476,7.1639,1.7108,2.0619,7.3719,6.1963,5.2232,3.8236,2.4369,6.872,3.7125,9.5999,1.3244,4.7495,2.4505,2.8207,7.0385,15.346,1.4136,1.2192,3.0847,1.7947,7.8691,1.4551,1.3808,7.5305,5.6239,3.3505,6.8155,4.6367,5.2534
4.3158,10.477,3.5951,5.0981,2.5331,8.7574,6.0652,4.447,7.2368,1.722,2.0633,7.3579,6.2059,5.2157,3.8161,2.4375,6.8384,3.7297,9.5398,1.3234,4.7367,2.4427,2.824,7.0517,15.35,1.4105,1.2085,3.0971,1.7985,7.8763,1.456,1.3811,7.5259,5.6412,3.3211,6.8251,4.6448,5.2449
4.3129,10.41,3.6009,5.1131,2.5327,8.7833,6.0522,4.446,7.3111,1.733,2.0647,7.3437,6.2157,5.208,3.8094,2.4374,6.8048,3.7459,9.4772,1.3224,4.7234,2.4348,2.827,7.0649,15.353,1.4072,1.2054,3.1095,1.8022,7.8835,1.4569,1.3816,7.5209,5.6564,3.2908,6.8314,4.6525,5.2357
4.3101,10.342,3.6065,5.1257,2.5323,8.8085,6.0387,4.4446,7.3868,1.744,2.0662,7.3295,6.2255,5.1999,3.8034,2.4365,6.7711,3.761,9.4122,1.3214,4.7095,2.4268,2.83,7.0781,15.354,1.404,1.2042,3.1219,1.8058,7.8905,1.4578,1.3823,7.5157,5.6698,3.2598,6.8346,4.6598,5.226
4.3072,10.273,3.6119,5.1357,2.5319,8.833,6.0245,4.4429,7.4641,1.7549,2.0677,7.3152,6.2354,5.1915,3.798,2.4348,6.7373,3.775,9.3449,1.3204,4.695,2.4398,2.8327,7.0912,15.353,1.4008,1.2025,3.1344,1.8093,7.8976,1.4586,1.383,7.5102,5.6812,3.2282,6.8346,4.6667,5.2155
4.3043,10.202,3.617,5.143,2.5314,8.8568,6.0098,4.4408,7.5426,1.7656,2.0692,7.3008,6.2453,5.1829,3.7933,2.4324,6.7035,3.7879,9.2755,1.3194,4.68,2.4606,2.8352,7.1043,15.351,1.3975,1.2003,3.1468,1.8128,7.9044,1.4593,1.3838,7.5043,5.6906,3.1959,6.8314,4.6731,5.2045
4.3013,10.13,3.6218,5.1471,2.531,8.88,5.9946,4.4383,7.6223,1.7763,2.0708,7.2864,6.2554,5.174,3.7891,2.4292,6.6695,3.7996,9.204,1.3185,4.6644,2.4812,2.8376,7.1173,15.347,1.3942,1.1978,3.1593,1.8162,7.9113,1.46,1.3846,7.4982,5.6982,3.1633,6.8249,4.6791,5.1928
4.2984,10.057,3.6263,5.1481,2.5306,8.9026,5.9788,4.4357,7.7034,1.7868,2.0723,7.2725,6.2654,5.1649,3.7856,2.4254,6.6355,3.8103,9.1308,1.3175,4.6481,2.5015,2.8397,7.1303,15.342,1.3909,1.1948,3.1718,1.8195,7.918,1.4607,1.3854,7.4919,5.7043,3.13,6.8152,4.6848,5.1805
4.2955,10.032,3.6306,5.1457,2.5302,8.9245,5.9624,4.4327,7.7855,1.7972,2.0739,7.2626,6.2756,5.1554,3.7825,2.4209,6.6014,3.8198,9.056,1.3166,4.6313,2.5216,2.8418,7.1432,15.335,1.3875,1.1914,3.1841,1.8227,7.9245,1.4613,1.3861,7.4852,5.7087,3.0965,6.8023,4.6899,5.1676
4.2925,10.006,3.6346,5.1399,2.5298,8.946,5.9455,4.4294,7.8684,1.8075,2.0755,7.2526,6.2857,5.1457,3.7798,2.4156,6.5672,3.8281,8.9797,1.3156,4.6138,2.5414,2.8435,7.1561,15.327,1.3841,1.1877,3.1964,1.8259,7.9311,1.4619,1.3868,7.4784,5.7116,3.0624,6.7863,4.6945,5.1541
4.2895,9.9784,3.6385,5.1306,2.5293,8.9671,5.9281,4.4257,7.9524,1.8177,2.0771,7.2451,6.296,5.1358,3.7774,2.4098,6.5331,3.8354,8.9021,1.3147,4.5957,2.5611,2.8452,7.1689,15.317,1.3807,1.1835,3.2084,1.8289,7.9374,1.4624,1.3873,7.4716,5.7132,3.0494,6.7671,4.6986,5.14
4.2866,9.95,3.6422,5.1175,2.5289,8.9877,5.9102,4.4216,8.0373,1.8278,2.0946,7.2388,6.3063,5.1257,3.7754,2.4032,6.4989,3.8415,8.8233,1.3138,4.5769,2.5804,2.8466,7.1817,15.306,1.3773,1.179,3.2203,1.8319,7.9435,1.4629,1.3877,7.4645,5.7136,3.0361,6.7445,4.7021,5.1254
4.2836,9.9207,3.6457,5.1251,2.5285,9.0079,5.8918,4.4173,8.1228,1.8377,2.1129,7.233,6.3167,5.1153,3.7735,2.3961,6.4647,3.8466,8.7435,1.3129,4.5574,2.5993,2.8478,7.1944,15.293,1.3739,1.1742,3.2318,1.8348,7.9495,1.4634,1.388,7.4572,5.7129,3.0221,6.7187,4.705,5.1102
4.2806,9.8904,3.6492,5.1556,2.528,9.0276,5.8729,4.4125,8.2089,1.8475,2.1313,7.2271,6.3272,5.1047,3.7719,2.3884,6.4304,3.8506,8.663,1.312,4.5373,2.6177,2.8489,7.2072,15.28,1.3704,1.169,3.243,1.8376,7.9555,1.4638,1.388,7.4496,5.7111,3.0073,6.6901,4.7075,5.0947
4.2776,9.8593,3.6527,5.1876,2.5276,9.0468,5.8536,4.4075,8.2955,1.8572,2.1499,7.221,6.3377,5.0938,3.7704,2.3801,6.4289,3.8536,8.5818,1.3112,4.5244,2.6358,2.8498,7.2199,15.264,1.3669,1.1635,3.2538,1.8403,7.9612,1.4642,1.3879,7.4417,5.7083,2.9922,6.7144,4.7093,5.0786
4.2746,9.8273,3.6562,5.2172,2.5272,9.0655,5.8338,4.4021,8.3825,1.8668,2.1687,7.2148,6.3482,5.0827,3.7691,2.3713,6.4373,3.8557,8.5001,1.3103,4.5207,2.6534,2.8505,7.2326,15.247,1.3634,1.1578,3.2641,1.843,7.9667,1.4646,1.3876,7.4336,5.7047,2.9766,6.7503,4.7105,5.0621
4.2715,9.7946,3.6597,5.2438,2.5267,9.0837,5.8135,4.3963,8.4698,1.8763,2.1876,7.2085,6.3588,5.0714,3.7677,2.3619,6.4457,3.8569,8.4182,1.3095,4.5168,2.6706,2.851,7.2452,15.229,1.3599,1.1518,3.2738,1.8456,7.9719,1.4649,1.387,7.4252,5.7002,2.9603,6.7838,4.7111,5.0451
4.2685,9.7612,3.6631,5.267,2.5263,9.1014,5.7928,4.3903,8.5573,1.8856,2.2067,7.202,6.3695,5.06,3.7665,2.352,6.4538,3.8573,8.3362,1.3086,4.5125,2.6873,2.8514,7.2579,15.21,1.3564,1.1457,3.283,1.8481,7.9772,1.4652,1.3863,7.4165,5.6948,2.9436,6.8145,4.7109,5.0273
4.2654,9.7271,3.6664,5.2867,2.5259,9.1186,5.7717,4.3839,8.6447,1.8948,2.2259,7.1954,6.3801,5.0484,3.7652,2.3417,6.4618,3.8571,8.2542,1.3078,4.508,2.7036,2.8516,7.2705,15.189,1.3528,1.1393,3.2915,1.8506,7.9823,1.4655,1.3853,7.4076,5.6887,2.9266,6.8426,4.7102,5.0089
4.2624,9.6924,3.6697,5.3025,2.5255,9.1354,5.7503,4.3773,8.7321,1.904,2.2452,7.1887,6.3909,5.0366,3.7638,2.3309,6.4696,3.8561,8.1724,1.307,4.5033,2.7194,2.8515,7.2831,15.168,1.3492,1.1328,3.2993,1.8529,7.9871,1.4658,1.384,7.3985,5.6821,2.9091,6.8683,4.7088,4.9898
4.2593,9.6571,3.6728,5.3142,2.525,9.1518,5.7284,4.3705,8.8192,1.913,2.2646,7.1818,6.4017,5.0247,3.7624,2.3196,6.4772,3.8543,8.091,1.3062,4.4983,2.7346,2.8513,7.2957,15.145,1.3456,1.1262,3.3064,1.8552,7.9916,1.466,1.3825,7.3891,5.6748,2.8912,6.8916,4.7068,4.97
4.2562,9.6211,3.6759,5.3216,2.5246,9.171,5.7061,4.3634,8.906,1.922,2.2841,7.1748,6.4125,5.0127,3.7608,2.3079,6.4846,3.8517,8.074,1.3054,4.493,2.7493,2.851,7.3082,15.12,1.342,1.1196,3.3127,1.8573,7.9959,1.4663,1.3808,7.3794,5.667,2.8731,6.9126,4.7039,4.9496
4.2532,9.5847,3.6789,5.3245,2.5241,9.1946,5.6835,4.3561,8.9925,1.9308,2.3038,7.1676,6.4233,5.0006,3.7591,2.2958,6.4918,3.8482,8.0846,1.3046,4.4874,2.7635,2.8504,7.3208,15.095,1.3384,1.1129,3.3181,1.8595,8.0002,1.4665,1.3788,7.3695,5.6589,2.8587,6.9313,4.7004,4.9287
4.2501,9.5477,3.6818,5.3231,2.5237,9.2189,5.6606,4.3484,9.0784,1.9395,2.3236,7.1604,6.4343,4.9884,3.7571,2.2834,6.499,3.8438,8.0945,1.3039,4.4817,2.7772,2.8497,7.3334,15.068,1.3347,1.1063,3.3226,1.8615,8.0044,1.4667,1.3766,7.3594,5.6503,2.8452,6.9477,4.6961,4.9073
4.247,9.5103,3.6845,5.3171,2.5233,9.2435,5.6373,4.3404,9.1636,1.948,2.3434,7.153,6.4452,4.9761,3.755,2.2705,6.506,3.8385,8.1035,1.3031,4.4757,2.7903,2.8489,7.3459,15.041,1.3311,1.0997,3.3263,1.8635,8.0083,1.4668,1.3741,7.3494,5.6414,2.8312,6.9617,4.6912,4.8853
4.2439,9.4725,3.6872,5.3065,2.5228,9.2682,5.6137,4.3321,9.2481,1.9564,2.3633,7.1455,6.4562,4.9637,3.7526,2.2572,6.5128,3.8323,8.1118,1.3024,4.4694,2.8029,2.8478,7.3584,15.012,1.3274,1.0932,3.329,1.8654,8.0119,1.467,1.3714,7.3392,5.6323,2.8167,6.9733,4.6855,4.8644
4.2408,9.4344,3.6898,5.2913,2.5224,9.2929,5.5898,4.3236,9.3318,1.9647,2.3834,7.1379,6.4672,4.9513,3.7499,2.2437,6.5195,3.8253,8.1193,1.3016,4.4629,2.8151,2.8466,7.3709,14.982,1.3237,1.0869,3.3308,1.8672,8.0153,1.4671,1.3685,7.3288,5.6228,2.8017,6.9825,4.679,4.8611
4.2376,9.3958,3.6923,5.2712,2.5219,9.3178,5.5657,4.3147,9.4145,1.9728,2.4035,7.1301,6.4783,4.9388,3.747,2.2298,6.5259,3.8176,8.126,1.3009,4.4561,2.8268,2.8452,7.3834,14.951,1.32,1.0807,3.3316,1.869,8.0184,1.4672,1.3654,7.3181,5.6131,2.7862,6.9892,4.6717,4.8573
4.2345,9.357,3.6948,5.2463,2.5215,9.3428,5.5413,4.3056,9.4963,1.9808,2.4237,7.1223,6.4894,4.9262,3.7437,2.2156,6.5322,3.809,8.132,1.3002,4.4492,2.838,2.8437,7.3958,14.919,1.3163,1.0748,3.3315,1.8706,8.0215,1.4673,1.362,7.3072,5.603,2.7703,6.9934,4.6637,4.8529
4.2314,9.3179,3.6971,5.2707,2.521,9.3681,5.5166,4.2962,9.5769,1.9887,2.444,7.1143,6.5005,4.9136,3.7401,2.2011,6.5383,3.8016,8.1373,1.2995,4.442,2.8488,2.842,7.4083,14.886,1.3126,1.0691,3.3305,1.8722,8.0245,1.4674,1.3585,7.296,5.5928,2.754,6.9951,4.655,4.8478
4.2282,9.2787,3.6994,5.3401,2.5206,9.3937,5.4917,4.2866,9.6564,1.9965,2.4643,7.1064,6.5116,4.901,3.7363,2.1862,6.5444,3.7931,8.1418,1.2988,4.4346,2.8591,2.8401,7.4207,14.852,1.3089,1.0638,3.3284,1.8738,8.0272,1.4675,1.3547,7.2847,5.5823,2.7374,6.9945,4.6455,4.8421
4.2251,9.2392,3.7016,5.4072,2.5201,9.4192,5.4666,4.2767,9.7347,2.0041,2.4848,7.0989,6.5228,4.8883,3.732,2.1711,6.5503,3.7831,8.1455,1.2981,4.427,2.8691,2.8381,7.4331,14.817,1.3051,1.0588,3.3254,1.8752,8.0297,1.4676,1.3507,7.2731,5.5718,2.7205,6.9916,4.6351,4.8358
4.222,9.1995,3.7037,5.4717,2.5197,9.4446,5.4413,4.2667,9.8117,2.0115,2.5053,7.0913,6.534,4.8757,3.7274,2.1555,6.556,3.7718,8.1486,1.2974,4.4193,2.8786,2.8359,7.4454,14.842,1.3014,1.0542,3.3214,1.8766,8.0319,1.4677,1.3464,7.2613,5.561,2.7033,6.9861,4.6239,4.8289
4.2189,9.1596,3.7057,5.5333,2.5192,9.4698,5.4158,4.2565,9.8875,2.0189,2.5258,7.0836,6.5453,4.863,3.7224,2.1399,6.5616,3.7771,8.151,1.2967,4.4114,2.8878,2.8335,7.4577,14.872,1.2976,1.05,3.3165,1.8779,8.0338,1.4678,1.3421,7.2494,5.5502,2.6859,6.9784,4.612,4.8213
4.2158,9.1193,3.7076,5.592,2.5188,9.495,5.3901,4.246,9.9619,2.026,2.5464,7.0758,6.5566,4.8503,3.7169,2.1238,6.567,3.793,8.1527,1.2961,4.4033,2.8965,2.831,7.47,14.901,1.2939,1.0463,3.3107,1.8792,8.0355,1.4679,1.3376,7.2372,5.5393,2.6683,6.9686,4.5993,4.8132
4.2127,9.0789,3.7094,5.6476,2.5183,9.5204,5.3642,4.2353,10.035,2.0331,2.567,7.0678,6.5679,4.8376,3.7111,2.1076,6.5722,3.8084,8.1538,1.2954,4.3951,2.9049,2.8284,7.4823,14.929,1.2901,1.0431,3.3039,1.8804,8.0373,1.468,1.3328,7.2248,5.5284,2.6507,6.9565,4.5858,4.8045
4.2097,9.0381,3.7112,5.7002,2.5178,9.5458,5.3382,4.2244,10.107,2.04,2.5877,7.0598,6.5792,4.8249,3.7047,2.0912,6.5773,3.8234,8.1543,1.2948,4.3869,2.9128,2.8256,7.4945,14.956,1.2863,1.0404,3.2962,1.8815,8.0389,1.4681,1.3279,7.2122,5.5175,2.6328,6.9421,4.5715,4.7954
4.2066,8.997,3.7129,5.7495,2.5174,9.5712,5.3121,4.2132,10.177,2.0468,2.6084,7.0516,6.5905,4.8123,3.698,2.0745,6.5822,3.838,8.1541,1.2942,4.3786,2.9204,2.8227,7.5066,14.982,1.2825,1.0383,3.2876,1.8825,8.0402,1.4681,1.3229,7.1996,5.5066,2.615,6.9254,4.5563,4.7857
4.2035,8.9556,3.7144,5.7954,2.5169,9.5964,5.2858,4.2018,10.246,2.0534,2.6292,7.0433,6.6019,4.7997,3.6907,2.0576,6.5871,3.8522,8.1534,1.2935,4.3701,2.9276,2.8196,7.5187,15.007,1.2787,1.0368,3.2782,1.8835,8.0412,1.4682,1.3176,7.187,5.4957,2.597,6.9068,4.5404,4.7755
4.2004,8.9139,3.7158,5.8376,2.5165,9.6213,5.2595,4.1902,10.314,2.0599,2.65,7.035,6.6134,4.7871,3.683,2.0406,6.5918,3.866,8.1521,1.2929,4.3615,2.9345,2.8163,7.5308,15.031,1.2749,1.0359,3.2678,1.8844,8.042,1.4683,1.3123,7.1742,5.4849,2.579,6.886,4.5237,4.7648
4.1973,8.8718,3.7227,5.8764,2.516,9.6458,5.233,4.1783,10.38,2.0663,2.6708,7.0265,6.6248,4.7746,3.6749,2.0234,6.5964,3.8793,8.1502,1.2923,4.3566,2.9411,2.813,7.5428,15.055,1.2711,1.0357,3.2566,1.8852,8.0425,1.4683,1.3067,7.1611,5.4743,2.5611,6.8629,4.5062,4.7537
4.1941,8.8292,3.7352,5.9112,2.5155,9.6699,5.2065,4.1662,10.445,2.0725,2.6916,7.0179,6.6363,4.7622,3.6662,2.006,6.6008,3.8923,8.1479,1.2917,4.3519,2.9474,2.8095,7.5547,15.077,1.2673,1.036,3.2445,1.886,8.0428,1.4684,1.3011,7.1479,5.4637,2.5432,6.8381,4.4879,4.7423
4.191,8.7863,3.7478,5.9418,2.5151,9.6936,5.1799,4.154,10.507,2.0786,2.7124,7.0092,6.6478,4.7498,3.6571,1.9886,6.6051,3.905,8.1451,1.2911,4.3468,2.9534,2.8058,7.5666,15.099,1.2634,1.0371,3.2517,1.8867,8.043,1.4685,1.2954,7.1574,5.4534,2.5254,6.811,4.4687,4.7307
4.1879,8.7428,3.7606,5.9686,2.5146,9.7168,5.1532,4.1415,10.588,2.0845,2.7332,7.0005,6.6593,4.7376,3.6475,1.971,6.6092,3.9175,8.1418,1.2906,4.3417,2.9591,2.802,7.5784,15.12,1.2596,1.0388,3.2705,1.8874,8.0432,1.4686,1.2895,7.1917,5.4432,2.5077,6.782,4.4489,4.719
4.1848,8.699,3.7735,5.9912,2.5141,9.7397,5.1265,4.1288,10.676,2.0903,2.754,6.9916,6.6834,4.7254,3.6375,1.9533,6.6131,3.9298,8.1381,1.29,4.3362,2.9646,2.7981,7.5902,15.14,1.2558,1.0412,3.2886,1.8879,8.0431,1.4686,1.2835,7.2243,5.4332,2.4901,6.7513,4.4283,4.7071
4.1816,8.6546,3.7866,6.0096,2.5136,9.7621,5.0997,4.1161,10.761,2.0959,2.7747,6.9826,6.7087,4.7133,3.627,1.9354,6.6169,3.9429,8.134,1.2894,4.3306,2.9698,2.7941,7.6018,15.159,1.2519,1.0442,3.306,1.8885,8.0428,1.4687,1.2773,7.2552,5.4234,2.4727,6.7185,4.4068,4.6951
4.1785,8.6098,3.7998,6.0238,2.5132,9.7843,5.0729,4.1033,10.846,2.1014,2.7955,6.9735,6.7343,4.7012,3.616,1.9256,6.6207,3.9569,8.1295,1.2889,4.3248,2.9789,2.7899,7.6134,15.177,1.2481,1.048,3.3229,1.8889,8.0422,1.4688,1.2711,7.2847,5.4139,2.4594,6.6841,4.3846,4.6832
4.1754,8.5645,3.8133,6.034,2.5127,9.8062,5.0462,4.0902,10.929,2.1068,2.8162,6.9644,6.7605,4.6893,3.6046,1.9222,6.6244,3.971,8.1247,1.2883,4.3188,2.9877,2.7856,7.6249,15.195,1.2443,1.0524,3.3391,1.8893,8.0413,1.469,1.2648,7.3131,5.4046,2.4561,6.6481,4.3616,4.6713
4.1722,8.5187,3.8268,6.04,2.5122,9.8284,5.0194,4.0769,11.011,2.112,2.8369,6.9551,6.7871,4.6774,3.5927,1.9184,6.6278,3.9849,8.1195,1.2878,4.3126,2.9964,2.7812,7.6363,15.211,1.2404,1.0574,3.3546,1.8896,8.0402,1.4692,1.2584,7.3397,5.3955,2.4527,6.6103,4.3379,4.6592
4.1691,8.486,3.8405,6.0415,2.5117,9.8525,4.9926,4.0635,11.091,2.1171,2.8575,6.9457,6.8141,4.6657,3.5804,1.9144,6.6312,3.9986,8.1141,1.2873,4.3062,3.0048,2.7767,7.6476,15.227,1.2366,1.0631,3.3695,1.8899,8.0389,1.4694,1.2519,7.3645,5.3868,2.4493,6.5709,4.3135,4.647
4.1659,8.4924,3.8543,6.0388,2.5113,9.8769,4.9659,4.0498,11.17,2.1221,2.8781,6.9363,6.8416,4.654,3.5678,1.9099,6.6344,4.0118,8.1084,1.2867,4.2997,3.013,2.772,7.6589,15.242,1.2328,1.0694,3.3837,1.8901,8.0374,1.4695,1.2454,7.3877,5.3784,2.4459,6.5302,4.2883,4.6344
4.1628,8.4977,3.8682,6.032,2.5108,9.9009,4.9392,4.036,11.248,2.1269,2.8986,6.9267,6.8694,4.6425,3.5549,1.9052,6.6374,4.0247,8.1025,1.2862,4.293,3.0211,2.7673,7.6701,15.257,1.2289,1.0764,3.3972,1.8903,8.0359,1.4697,1.2388,7.4095,5.3703,2.4426,6.4878,4.2623,4.6213
4.16,8.5021,3.8822,6.0208,2.5103,9.9246,4.9125,4.0221,11.324,2.1316,2.9191,6.9171,6.8976,4.631,3.5476,1.9001,6.6404,4.0372,8.0963,1.2857,4.2863,3.029,2.7624,7.6811,15.27,1.2251,1.0839,3.4101,1.8904,8.0342,1.47,1.2322,7.4301,5.3626,2.4392,6.4441,4.2356,4.6165
4.1676,8.5054,3.8964,6.0052,2.5098,9.9476,4.8859,4.008,11.399,2.1361,2.9395,6.9074,6.9263,4.6197,3.5486,1.8947,6.6431,4.0492,8.09,1.2852,4.2794,3.0368,2.7574,7.6921,15.283,1.2212,1.092,3.4222,1.8904,8.0323,1.4702,1.2255,7.4491,5.3553,2.4358,6.3991,4.2084,4.6155
4.1752,8.508,3.9107,5.9857,2.5093,9.9701,4.8594,3.9937,11.473,2.1405,2.9599,6.8975,6.9553,4.6085,3.5494,1.8891,6.6459,4.0608,8.0835,1.2847,4.2726,3.0445,2.7523,7.703,15.296,1.2174,1.1006,3.4337,1.8904,8.0301,1.4704,1.2189,7.4663,5.3484,2.4324,6.3526,4.1803,4.6144
4.183,8.5095,3.9251,5.9619,2.5088,9.992,4.833,3.9793,11.545,2.1448,2.9801,6.8876,6.9847,4.5974,3.5502,1.8831,6.6485,4.0809,8.0769,1.2842,4.2657,3.052,2.7471,7.7138,15.307,1.2135,1.1097,3.4444,1.8903,8.0277,1.4707,1.2122,7.4818,5.3419,2.4289,6.3051,4.1516,4.6131
4.1906,8.5102,3.9396,5.9337,2.5084,10.013,4.8066,3.9647,11.616,2.149,3.0003,6.8776,7.0144,4.5865,3.5506,1.8768,6.651,4.1038,8.0702,1.2838,4.2589,3.0595,2.7417,7.7245,15.318,1.2097,1.1193,3.4543,1.8902,8.025,1.4709,1.2056,7.4964,5.336,2.4255,6.2563,4.1222,4.6115
4.1982,8.51,3.9543,5.9016,2.5079,10.034,4.7803,3.9501,11.686,2.1531,3.0203,6.8675,7.0445,4.5756,3.5508,1.8703,6.6534,4.1266,8.0634,1.2833,4.2521,3.0668,2.7363,7.7351,15.329,1.2058,1.1294,3.4634,1.89,8.022,1.4712,1.199,7.5095,5.3307,2.422,6.2064,4.0921,4.6096
4.2057,8.509,3.969,5.8655,2.5074,10.054,4.7541,3.9354,11.755,2.1571,3.0403,6.8574,7.0748,4.5649,3.5507,1.8635,6.6556,4.1492,8.0566,1.2828,4.2454,3.0742,2.7308,7.7456,15.338,1.202,1.1398,3.4718,1.8898,8.0189,1.4715,1.1924,7.521,5.3262,2.4185,6.1555,4.0615,4.6073
4.2133,8.5071,3.984,5.8253,2.5069,10.074,4.728,3.9205,11.824,2.1609,3.0601,6.8471,7.1056,4.5544,3.5503,1.8563,6.6577,4.1717,8.0497,1.2824,4.2389,3.0815,2.7252,7.756,15.347,1.1982,1.1506,3.4792,1.8895,8.0155,1.4718,1.1859,7.5308,5.3228,2.415,6.1034,4.0302,4.6046
4.2208,8.5044,3.9992,5.7812,2.5064,10.092,4.7021,3.9055,11.891,2.1646,3.0799,6.8367,7.1366,4.544,3.5495,1.849,6.6597,4.194,8.0429,1.2819,4.2323,3.0887,2.7195,7.7664,15.356,1.1944,1.1617,3.4857,1.8891,8.0123,1.4722,1.1795,7.5394,5.3218,2.4115,6.0506,3.9982,4.6016
4.2281,8.5009,4.0144,5.7337,2.5059,10.11,4.6762,3.8904,11.957,2.1682,3.0995,6.8263,7.1678,4.5337,3.5484,1.8413,6.6615,4.2162,8.036,1.2815,4.2256,3.096,2.7137,7.7766,15.364,1.1905,1.173,3.4913,1.8887,8.0088,1.4725,1.1731,7.5468,5.3256,2.408,6.0458,3.9656,4.5982
4.2354,8.4965,4.03,5.6822,2.5054,10.128,4.6505,3.8752,12.022,2.1716,3.119,6.8163,7.1994,4.5237,3.5469,1.8333,6.6632,4.2383,8.0292,1.281,4.2187,3.1032,2.7077,7.7867,15.371,1.1867,1.1847,3.496,1.8883,8.0051,1.4729,1.1669,7.5527,5.3311,2.4045,6.0477,3.9325,4.5945
4.2426,8.4915,4.0457,5.6271,2.505,10.145,4.625,3.8598,12.086,2.1748,3.1384,6.8062,7.2313,4.5138,3.545,1.8251,6.6649,4.2602,8.0225,1.2806,4.2117,3.1105,2.7017,7.7968,15.378,1.1829,1.1965,3.4996,1.8878,8.0011,1.4732,1.1607,7.5569,5.3374,2.4009,6.0484,3.8988,4.5904
4.2497,8.4856,4.0618,5.594,2.5045,10.162,4.5996,3.8444,12.149,2.178,3.1577,6.796,7.2634,4.5041,3.5428,1.8167,6.6665,4.2819,8.0159,1.2802,4.2045,3.1179,2.6956,7.8067,15.384,1.1791,1.2085,3.5021,1.8872,7.9969,1.4736,1.1548,7.5599,5.344,2.3974,6.0473,3.8646,4.586
4.2566,8.4791,4.0782,5.6246,2.504,10.177,4.5743,3.8288,12.211,2.181,3.1769,6.7858,7.2957,4.4945,3.5402,1.808,6.668,4.3035,8.0094,1.2798,4.1971,3.1253,2.6894,7.8166,15.389,1.1753,1.2205,3.5036,1.8866,7.9925,1.4741,1.149,7.5619,5.3509,2.3939,6.045,3.8298,4.5812
4.2633,8.4718,4.0949,5.6518,2.5035,10.193,4.5492,3.8131,12.273,2.1839,3.1959,6.7755,7.3282,4.4852,3.5372,1.799,6.6693,4.3249,8.0029,1.2794,4.1896,3.1328,2.6832,7.8264,15.394,1.1715,1.2327,3.5039,1.886,7.9878,1.4745,1.1434,7.5623,5.3581,2.3903,6.0411,3.8404,4.5761
4.2699,8.4639,4.1118,5.6757,2.503,10.208,4.5243,3.7973,12.334,2.1866,3.2149,6.765,7.361,4.476,3.5337,1.7899,6.6705,4.3463,7.9967,1.279,4.1818,3.1404,2.6768,7.836,15.399,1.1677,1.2449,3.503,1.8853,7.9829,1.4749,1.1379,7.5612,5.3657,2.3868,6.0361,3.8586,4.5706
4.2764,8.4551,4.1288,5.6961,2.5025,10.224,4.4996,3.7814,12.394,2.1892,3.2337,6.7545,7.394,4.4669,3.5299,1.7805,6.6716,4.3675,7.9906,1.2786,4.1739,3.1481,2.6704,7.8457,15.403,1.1639,1.2571,3.5009,1.8845,7.9778,1.4754,1.1327,7.559,5.3736,2.3832,6.0298,3.876,4.5648
4.2826,8.4458,4.1458,5.7129,2.502,10.241,4.475,3.7654,12.454,2.1917,3.2524,6.7439,7.4271,4.4581,3.5256,1.7708,6.6726,4.3886,7.9846,1.2782,4.1658,3.156,2.6638,7.8552,15.407,1.1602,1.2692,3.4974,1.8837,7.9725,1.4759,1.1277,7.5558,5.3821,2.3797,6.0224,3.8923,4.5585
4.2885,8.4358,4.1627,5.7262,2.5015,10.259,4.4506,3.7494,12.513,2.194,3.271,6.7333,7.4604,4.4494,3.521,1.761,6.6735,4.4096,7.9789,1.2778,4.1575,3.164,2.6572,7.8646,15.41,1.1564,1.2812,3.4927,1.8829,7.9673,1.4764,1.1229,7.551,5.3912,2.3761,6.0141,3.9077,4.5519
4.2942,8.4251,4.1794,5.7358,2.501,10.276,4.4264,3.7334,12.571,2.1962,3.2894,6.7225,7.4938,4.4409,3.5159,1.751,6.6742,4.4305,7.9734,1.2774,4.149,3.1721,2.6505,7.874,15.413,1.1526,1.2931,3.4866,1.882,7.9618,1.4769,1.1184,7.5448,5.4007,2.3726,6.0049,3.9222,4.5449
4.2999,8.4139,4.196,5.7416,2.5005,10.294,4.4024,3.7172,12.629,2.1983,3.3076,6.7116,7.5274,4.4326,3.5106,1.7408,6.6749,4.4517,7.9681,1.277,4.1404,3.1805,2.6438,7.8833,15.415,1.1489,1.3048,3.4791,1.8811,7.9562,1.4775,1.1142,7.5376,5.4105,2.369,5.9947,3.9357,4.5375
4.3052,8.402,4.2123,5.7439,2.5,10.313,4.3786,3.701,12.687,2.2003,3.3257,6.7007,7.5611,4.4244,3.5049,1.7303,6.6756,4.4777,7.9631,1.2767,4.1316,3.189,2.6369,7.8925,15.417,1.1452,1.3163,3.4701,1.8801,7.9503,1.478,1.1122,7.5294,5.4204,2.3655,5.9836,3.9483,4.5297
4.3101,8.3896,4.2283,5.7428,2.4995,10.333,4.355,3.6847,12.744,2.2021,3.3436,6.6896,7.5949,4.4165,3.4989,1.7197,6.6761,4.5037,7.9583,1.2763,4.1226,3.1977,2.63,7.9016,15.418,1.1414,1.3276,3.4597,1.8791,7.9442,1.4786,1.1118,7.5197,5.4301,2.362,5.9715,3.9598,4.5216
4.3148,8.3764,4.2441,5.7383,2.499,10.353,4.3316,3.6683,12.801,2.2038,3.3613,6.6785,7.6289,4.4087,3.4924,1.7089,6.6765,4.5296,7.9537,1.2759,4.1135,3.2067,2.623,7.9106,15.419,1.1377,1.3386,3.4477,1.878,7.9378,1.4792,1.1112,7.5086,5.4395,2.3585,5.9581,3.9705,4.5132
4.3193,8.3629,4.2597,5.7307,2.4985,10.373,4.3084,3.6519,12.856,2.2053,3.3787,6.6673,7.6628,4.4012,3.4855,1.698,6.6768,4.5554,7.9494,1.2756,4.1042,3.2159,2.6159,7.9196,15.419,1.134,1.3492,3.4342,1.8769,7.9313,1.4799,1.1104,7.4967,5.4486,2.355,5.944,3.9801,4.5045
4.3235,8.3487,4.2751,5.7207,2.498,10.392,4.2854,3.6354,12.91,2.2067,3.396,6.656,7.6969,4.3938,3.4781,1.6869,6.677,4.5811,7.9454,1.2752,4.0947,3.2253,2.6088,7.9285,15.42,1.1303,1.3595,3.4192,1.8757,7.9245,1.4806,1.1095,7.4837,5.4647,2.3515,5.9285,3.9888,4.4956
4.3273,8.334,4.2902,5.7106,2.4975,10.412,4.2627,3.6188,12.963,2.208,3.413,6.6447,7.731,4.3866,3.4703,1.6756,6.6771,4.6066,7.9416,1.2749,4.085,3.2351,2.6016,7.9373,15.419,1.1266,1.3695,3.4025,1.8745,7.9175,1.4813,1.1084,7.4694,5.4871,2.348,5.9124,3.9964,4.4864
4.3307,8.3189,4.3051,5.6997,2.497,10.431,4.2402,3.6021,13.015,2.2092,3.4299,6.6332,7.7651,4.3797,3.4621,1.6642,6.6771,4.632,7.9382,1.2746,4.0752,3.245,2.5944,7.946,15.419,1.1229,1.379,3.3843,1.8733,7.9103,1.482,1.1071,7.4537,5.5082,2.3445,5.895,4.0032,4.4769
4.3339,8.3031,4.3198,5.6865,2.4965,10.45,4.2179,3.5854,13.066,2.2103,3.4465,6.6217,7.7993,4.3729,3.4535,1.6527,6.677,4.6573,7.935,1.2742,4.0652,3.2553,2.587,7.9547,15.418,1.1193,1.388,3.3644,1.8721,7.9032,1.4827,1.1056,7.4375,5.5285,2.3411,5.8769,4.009,4.4673
4.3368,8.287,4.3344,5.6705,2.496,10.469,4.1958,3.5687,13.116,2.2112,3.4628,6.61,7.8334,4.3663,3.4444,1.6411,6.6768,4.6823,7.9322,1.2739,4.0551,3.2659,2.5797,7.9632,15.416,1.1156,1.3966,3.343,1.8708,7.8959,1.4835,1.104,7.42,5.5474,2.3376,5.8577,4.0138,4.4576
4.3392,8.2703,4.3488,5.6517,2.4955,10.487,4.174,3.5519,13.164,2.212,3.4789,6.5983,7.8675,4.3599,3.435,1.6293,6.6766,4.7072,7.9296,1.2736,4.0447,3.2768,2.5722,7.9718,15.414,1.112,1.4047,3.3198,1.8694,7.8884,1.4842,1.1022,7.4012,5.5654,2.3342,5.8377,4.0176,4.4484
4.3412,8.2532,4.3631,5.6299,2.495,10.504,4.1524,3.5351,13.212,2.2127,3.4948,6.5865,7.9017,4.3536,3.4251,1.6174,6.6763,4.7319,7.9274,1.2733,4.0342,3.288,2.5647,7.9802,15.412,1.1084,1.4124,3.2951,1.868,7.8807,1.485,1.1002,7.3816,5.5821,2.3308,5.817,4.0205,4.4401
4.343,8.2356,4.3774,5.6053,2.4945,10.522,4.131,3.5182,13.259,2.2132,3.5104,6.5747,7.9356,4.3476,3.4148,1.6054,6.6759,4.7564,7.9254,1.273,4.0235,3.2996,2.5572,7.9886,15.41,1.1048,1.4195,3.2688,1.8666,7.8727,1.4858,1.098,7.3611,5.5976,2.3274,5.7954,4.0224,4.4319
4.3443,8.2176,4.3917,5.5778,2.494,10.538,4.1099,3.5013,13.305,2.2136,3.5258,6.5627,7.9697,4.3418,3.4041,1.5934,6.6754,4.7806,7.9237,1.2727,4.0126,3.3115,2.5496,7.9969,15.407,1.1012,1.4261,3.2408,1.8651,7.8646,1.4866,1.0957,7.3395,5.6119,2.324,5.7732,4.0232,4.4236
4.3452,8.1992,4.406,5.5473,2.4935,10.555,4.089,3.4845,13.35,2.214,3.5409,6.5507,8.0036,4.3361,3.393,1.5813,6.6747,4.8046,7.9224,1.2724,4.0016,3.3238,2.5419,8.0051,15.404,1.0976,1.4322,3.2113,1.8636,7.8562,1.4875,1.0932,7.3167,5.625,2.3206,5.7503,4.0233,4.415
4.3458,8.1803,4.4204,5.5141,2.493,10.571,4.0684,3.4675,13.395,2.2141,3.5557,6.5386,8.0373,4.3307,3.3816,1.5691,6.674,4.8284,7.9213,1.2721,3.9919,3.3364,2.5342,8.0133,15.401,1.094,1.4378,3.1802,1.8621,7.8477,1.4883,1.0925,7.2934,5.6367,2.3173,5.7268,4.0223,4.4061
4.3459,8.1612,4.4349,5.4781,2.4925,10.586,4.048,3.4506,13.438,2.2142,3.5703,6.5263,8.0711,4.3255,3.37,1.5568,6.6732,4.8519,7.9206,1.2718,3.9959,3.3494,2.5265,8.0214,15.397,1.0905,1.4429,3.1476,1.8605,7.8389,1.4892,1.0942,7.269,5.6471,2.314,5.7028,4.0204,4.3967
4.3456,8.1416,4.4494,5.4535,2.492,10.601,4.0278,3.4336,13.48,2.2142,3.5846,6.5141,8.1046,4.3205,3.3581,1.5444,6.6723,4.8752,7.9201,1.2715,3.9998,3.3628,2.5187,8.0294,15.393,1.0869,1.4473,3.1134,1.8589,7.83,1.49,1.0964,7.2436,5.656,2.3107,5.6783,4.0175,4.3869
4.3449,8.1216,4.4637,5.4433,2.4915,10.615,4.008,3.4166,13.522,2.214,3.5986,6.5017,8.138,4.3157,3.3458,1.5347,6.6714,4.8982,7.92,1.2713,4.0035,3.3766,2.5108,8.0374,15.389,1.0834,1.4512,3.0778,1.8573,7.8212,1.4909,1.099,7.2177,5.6636,2.3074,5.6532,4.0138,4.3766
4.3439,8.1013,4.4777,5.4318,2.491,10.629,3.9883,3.3995,13.562,2.2137,3.6124,6.4892,8.1713,4.3111,3.3331,1.5376,6.6704,4.9209,7.9201,1.271,4.0072,3.3908,2.5029,8.0453,15.384,1.0799,1.4544,3.0407,1.8556,7.8122,1.4918,1.1019,7.2117,5.6696,2.3041,5.6278,4.0091,4.366
4.3422,8.0806,4.4914,5.4182,2.4905,10.642,3.9689,3.3825,13.601,2.2134,3.6259,6.4767,8.2044,4.3068,3.32,1.5404,6.6693,4.9433,7.9205,1.2707,4.0107,3.4054,2.495,8.0531,15.379,1.0764,1.4572,3.0023,1.8539,7.803,1.4927,1.1053,7.2382,5.6742,2.3009,5.6017,4.0034,4.3549
4.3404,8.0597,4.5047,5.4026,2.49,10.655,3.9498,3.3654,13.639,2.213,3.6391,6.4641,8.2373,4.3026,3.3066,1.5431,6.6681,4.9653,7.9212,1.2704,4.0141,3.4204,2.487,8.0609,15.374,1.073,1.4593,2.9625,1.8522,7.7935,1.4937,1.1091,7.2643,5.6772,2.2977,5.5754,3.9969,4.3434
4.338,8.0384,4.5175,5.3858,2.4895,10.667,3.9309,3.3483,13.676,2.2125,3.6521,6.4514,8.283,4.2987,3.2929,1.5458,6.6669,4.9871,7.9221,1.2702,4.0175,3.4358,2.479,8.0686,15.369,1.0695,1.4608,2.9214,1.8504,7.7839,1.4946,1.1133,7.2894,5.6786,2.2945,5.5483,3.9895,4.3321
4.3351,8.0168,4.5298,5.3673,2.489,10.678,3.9123,3.3557,13.711,2.2119,3.6647,6.4386,8.3401,4.295,3.2789,1.5483,6.6655,5.0086,7.9233,1.2699,4.0207,3.4516,2.4709,8.0763,15.363,1.0661,1.4618,2.8898,1.8486,7.7741,1.4955,1.1179,7.3137,5.6783,2.2913,5.5211,3.9812,4.3361
4.3319,7.9949,4.5414,5.3469,2.4885,10.69,3.8939,3.3655,13.745,2.2112,3.6771,6.4258,8.3971,4.2915,3.2645,1.5507,6.6641,5.0297,7.9247,1.2697,4.0239,3.4678,2.4628,8.0838,15.357,1.0626,1.4621,2.8911,1.8467,7.7641,1.4965,1.1229,7.3375,5.6765,2.2882,5.4932,3.9719,4.3399
4.3281,7.9727,4.5525,5.3246,2.488,10.7,3.8758,3.3752,13.778,2.2103,3.6891,6.4128,8.454,4.2881,3.2498,1.5531,6.6626,5.0505,7.9264,1.2694,4.0269,3.4845,2.4546,8.0914,15.351,1.0592,1.4618,2.8913,1.8449,7.7541,1.4975,1.1282,7.3605,5.673,2.285,5.465,3.9619,4.3434
4.3238,7.9503,4.5629,5.3012,2.4875,10.71,3.858,3.3847,13.809,2.2094,3.7009,6.3998,8.5109,4.285,3.2349,1.5553,6.661,5.0709,7.9284,1.2692,4.0299,3.5016,2.4464,8.0988,15.344,1.0558,1.4609,2.8903,1.843,7.744,1.4984,1.1339,7.3828,5.6706,2.282,5.4364,3.951,4.3466
4.3193,7.9276,4.5726,5.2762,2.487,10.719,3.8403,3.3941,13.839,2.2083,3.7123,6.3867,8.5677,4.2821,3.2196,1.5575,6.6593,5.091,7.9305,1.269,4.0327,3.5191,2.4381,8.1062,15.338,1.0525,1.4594,2.8882,1.8411,7.7337,1.4994,1.14,7.4045,5.6748,2.2789,5.4074,3.9392,4.3497
4.3141,7.9045,4.5817,5.2493,2.4865,10.728,3.823,3.4034,13.867,2.2071,3.7235,6.3736,8.6245,4.2794,3.2041,1.5595,6.6577,5.1107,7.9329,1.2687,4.0354,3.5371,2.4298,8.1135,15.331,1.0491,1.4573,2.8849,1.8391,7.7233,1.5004,1.1464,7.4254,5.6783,2.2759,5.378,3.9265,4.3525
4.3083,7.8814,4.5901,5.2208,2.486,10.737,3.8059,3.4125,13.893,2.2059,3.7343,6.3603,8.6811,4.2783,3.1883,1.5614,6.6559,5.1301,7.9355,1.2685,4.0381,3.5555,2.4214,8.1208,15.324,1.0458,1.4545,2.8804,1.8371,7.7127,1.5014,1.1531,7.4457,5.681,2.273,5.3484,3.9132,4.355
4.3023,7.858,4.5978,5.1971,2.4855,10.745,3.7891,3.4215,13.919,2.2045,3.7449,6.347,8.7376,4.2773,3.1723,1.5633,6.6541,5.149,7.9382,1.2683,4.0407,3.5744,2.413,8.128,15.316,1.0424,1.4511,2.8747,1.8351,7.7024,1.5024,1.1602,7.4653,5.683,2.27,5.3185,3.899,4.3574
4.2957,7.8342,4.6047,5.1837,2.485,10.752,3.7725,3.4303,13.942,2.203,3.7551,6.3336,8.7939,4.2763,3.156,1.5651,6.6521,5.1676,7.9411,1.2681,4.0432,3.5936,2.4046,8.1351,15.308,1.0391,1.4471,2.8678,1.8331,7.6933,1.5034,1.1676,7.484,5.6842,2.2671,5.2881,3.8839,4.3596
4.2885,7.8104,4.611,5.1699,2.4845,10.759,3.7562,3.439,13.965,2.2014,3.7651,6.3201,8.8502,4.2755,3.1396,1.5668,6.6501,5.1858,7.9442,1.2678,4.0456,3.6133,2.398,8.1422,15.3,1.0359,1.4425,2.8598,1.831,7.6842,1.5044,1.1752,7.5022,5.6845,2.2642,5.2576,3.8681,4.3616
4.2808,7.7864,4.6165,5.1553,2.484,10.765,3.7402,3.4476,13.985,2.1997,3.7747,6.3065,8.9062,4.2746,3.1229,1.5684,6.6481,5.2035,7.9475,1.2676,4.0478,3.6335,2.3943,8.1491,15.292,1.0326,1.4373,2.8505,1.8289,7.6751,1.5054,1.1831,7.5197,5.6841,2.2614,5.227,3.8516,4.3635
4.2727,7.7621,4.6212,5.1402,2.4835,10.771,3.7244,3.456,14.005,2.1979,3.7841,6.2929,8.9621,4.2739,3.1061,1.5698,6.6459,5.2208,7.9509,1.2674,4.05,3.6541,2.3905,8.1561,15.284,1.0293,1.4315,2.8401,1.8267,7.6657,1.5065,1.1913,7.5365,5.6828,2.2586,5.1961,3.8342,4.3652
4.2641,7.7377,4.6251,5.1242,2.483,10.777,3.7088,3.4643,14.022,2.196,3.7932,6.2792,9.0177,4.2732,3.0892,1.5712,6.6437,5.2377,7.9764,1.2672,4.0521,3.6751,2.3866,8.1629,15.275,1.0261,1.4251,2.8285,1.8246,7.6562,1.5075,1.1997,7.5523,5.6807,2.2558,5.1649,3.8161,4.3668
4.2549,7.713,4.6282,5.1073,2.4825,10.782,3.6935,3.4725,14.038,2.194,3.802,6.2657,9.0731,4.2726,3.0721,1.5726,6.6415,5.2542,8.0229,1.267,4.0541,3.6966,2.3826,8.1697,15.266,1.0229,1.4181,2.8157,1.8224,7.6467,1.5085,1.2083,7.5678,5.6777,2.253,5.1336,3.7974,4.3684
4.2451,7.6882,4.6304,5.09,2.482,10.787,3.6785,3.4805,14.053,2.1919,3.8104,6.2522,9.1283,4.272,3.0549,1.5738,6.6392,5.2702,8.0694,1.2668,4.0561,3.7184,2.3939,8.1764,15.257,1.0197,1.4106,2.8018,1.8202,7.6371,1.5096,1.2172,7.5826,5.6738,2.2503,5.1023,3.7779,4.3698
4.2349,7.6634,4.6318,5.078,2.4815,10.791,3.6637,3.4883,14.066,2.1897,3.8186,6.2386,9.1832,4.2714,3.0374,1.575,6.6368,5.2858,8.1157,1.2666,4.0579,3.7407,2.4139,8.1831,15.248,1.0165,1.4025,2.7867,1.818,7.6273,1.5107,1.2262,7.5965,5.6691,2.2476,5.0708,3.7577,4.3712
4.2242,7.6383,4.6324,5.0931,2.481,10.795,3.6492,3.4961,14.078,2.1874,3.8264,6.225,9.2377,4.2709,3.0199,1.576,6.6344,5.3009,8.162,1.2664,4.0597,3.7635,2.434,8.1897,15.239,1.0134,1.3938,2.7705,1.8158,7.6173,1.5117,1.2354,7.6096,5.6636,2.2449,5.0392,3.7368,4.3724
4.213,7.613,4.632,5.1074,2.4805,10.799,3.6349,3.5037,14.089,2.185,3.8339,6.2113,9.292,4.2705,3.0022,1.577,6.6318,5.3155,8.2081,1.2663,4.0613,3.7866,2.454,8.1962,15.229,1.0102,1.3847,2.7532,1.8135,7.6071,1.5128,1.2447,7.6224,5.6571,2.2422,5.0075,3.7153,4.3733
4.2012,7.5878,4.6307,5.1202,2.48,10.802,3.6209,3.5111,14.098,2.1825,3.8411,6.1975,9.3458,4.27,2.9844,1.5778,6.6292,5.3297,8.254,1.2661,4.0629,3.8102,2.4742,8.2026,15.219,1.0071,1.3859,2.7348,1.8112,7.5971,1.5139,1.2542,7.6344,5.6499,2.2396,4.9759,3.6931,4.3741
4.1889,7.5623,4.6284,5.1315,2.4795,10.805,3.6071,3.5185,14.105,2.1799,3.8479,6.1836,9.3993,4.2697,2.9664,1.5787,6.6266,5.3433,8.2996,1.2659,4.0644,3.8341,2.4948,8.209,15.209,1.004,1.3884,2.7154,1.8088,7.5868,1.515,1.2638,7.6456,5.6419,2.237,4.9443,3.6703,4.3746
4.1761,7.5367,4.6252,5.1413,2.479,10.807,3.5936,3.5258,14.112,2.1773,3.8564,6.1697,9.4524,4.2693,2.9484,1.5795,6.6239,5.3565,8.345,1.2657,4.0658,3.8585,2.5157,8.2153,15.198,1.0009,1.3907,2.6949,1.8065,7.5764,1.516,1.2734,7.6561,5.6331,2.2345,4.9126,3.6469,4.3749
4.163,7.5111,4.6212,5.1497,2.4785,10.809,3.5803,3.533,14.117,2.1745,3.8729,6.1556,9.5051,4.2691,2.9303,1.5801,6.6212,5.3692,8.3901,1.2656,4.0672,3.8832,2.5366,8.2215,15.188,0.99787,1.3929,2.6733,1.8041,7.5658,1.5171,1.2831,7.6663,5.6235,2.232,4.881,3.6229,4.3749
4.1492,7.4854,4.6162,5.1566,2.478,10.811,3.5672,3.54,14.121,2.1717,3.8892,6.1415,9.5575,4.2688,2.9121,1.5807,6.6184,5.3814,8.4348,1.2654,4.0684,3.9084,2.5574,8.2277,15.177,0.99483,1.3948,2.6508,1.8017,7.555,1.5182,1.2929,7.6756,5.6133,2.2295,4.8495,3.5983,4.3747
4.135,7.4595,4.6103,5.1628,2.4775,10.812,3.5544,3.5469,14.123,2.1687,3.9053,6.1273,9.6094,4.2687,2.8939,1.5813,6.6155,5.3931,8.4792,1.2652,4.0696,3.9339,2.5782,8.2337,15.166,0.9918,1.3964,2.6272,1.7993,7.5442,1.5192,1.3027,7.6842,5.6023,2.227,4.8179,3.5847,4.3742
4.1202,7.4336,4.6217,5.1676,2.477,10.813,3.5419,3.5537,14.125,2.1657,3.9212,6.1131,9.6609,4.2685,2.8756,1.5817,6.6126,5.4042,8.5231,1.2651,4.0707,3.9599,2.5988,8.2398,15.155,0.9888,1.3976,2.6027,1.7969,7.5333,1.5203,1.3125,7.6923,5.5906,2.2246,4.7866,3.5859,4.3735
4.1049,7.4076,4.6476,5.1709,2.4765,10.814,3.5296,3.5604,14.124,2.1626,3.937,6.0987,9.7119,4.2684,2.8573,1.582,6.6096,5.4148,8.5665,1.2649,4.0716,3.9861,2.6194,8.2456,15.143,0.98581,1.3984,2.5773,1.7944,7.5223,1.5213,1.3224,7.6999,5.5783,2.2222,4.7554,3.5865,4.3725
4.0893,7.3816,4.6731,5.1729,2.476,10.814,3.5175,3.5669,14.123,2.1594,3.9525,6.0843,9.7625,4.2684,2.839,1.5823,6.6066,5.4249,8.6094,1.2648,4.0725,4.0128,2.6399,8.2515,15.131,0.98284,1.3989,2.5509,1.7919,7.5111,1.5224,1.3321,7.7067,5.5652,2.2198,4.7244,3.5864,4.3713
4.0732,7.3555,4.6982,5.1735,2.4755,10.814,3.5056,3.5733,14.121,2.1561,3.9679,6.0698,9.8125,4.2684,2.8206,1.5826,6.6035,5.4344,8.6517,1.2646,4.0734,4.0398,2.6602,8.2572,15.12,0.9799,1.399,2.5237,1.7894,7.4997,1.5234,1.3418,7.713,5.5516,2.2175,4.6936,3.5855,4.3699
4.0566,7.3294,4.7229,5.1727,2.475,10.814,3.494,3.5796,14.117,2.1527,3.9831,6.0577,9.8619,4.2684,2.8023,1.5828,6.6003,5.4435,8.6935,1.2645,4.0742,4.0672,2.6804,8.2629,15.107,0.97697,1.3987,2.4955,1.7869,7.4882,1.5244,1.3515,7.7188,5.5373,2.2152,4.663,3.5839,4.3682
4.0395,7.3032,4.7473,5.1709,2.4745,10.814,3.4826,3.5857,14.112,2.1492,3.9981,6.049,9.9108,4.2689,2.784,1.583,6.5972,5.4519,8.7345,1.2643,4.0749,4.0949,2.7005,8.2685,15.095,0.97405,1.3981,2.4707,1.7843,7.4768,1.5254,1.3611,7.7238,5.5224,2.213,4.6326,3.5816,4.3663
4.022,7.277,4.7712,5.1681,2.474,10.813,3.4715,3.5917,14.106,2.1457,4.013,6.0402,9.959,4.2704,2.7657,1.5831,6.594,5.4599,8.7749,1.2642,4.0756,4.1229,2.7205,8.274,15.083,0.97116,1.3972,2.4749,1.7817,7.4652,1.5264,1.3705,7.7286,5.5068,2.2107,4.6023,3.5786,4.3642
4.0039,7.2507,4.7947,5.164,2.4735,10.812,3.4605,3.5976,14.099,2.1421,4.0276,6.0313,10.007,4.272,2.7474,1.5831,6.5907,5.4673,8.8146,1.264,4.0761,4.1513,2.7403,8.2794,15.07,0.96829,1.3959,2.4787,1.7791,7.4534,1.5274,1.3798,7.7327,5.4929,2.2085,4.5723,3.5748,4.3619
3.9856,7.2245,4.8177,5.1586,2.473,10.811,3.4498,3.6033,14.09,2.1384,4.042,6.0224,10.054,4.2737,2.7292,1.5831,6.5874,5.4743,8.8535,1.2639,4.0766,4.18,2.7599,8.2848,15.057,0.96543,1.3944,2.482,1.7765,7.4415,1.5284,1.3891,7.7364,5.4807,2.2064,4.5423,3.5704,4.3593
3.9669,7.1982,4.8404,5.152,2.4725,10.809,3.4394,3.6089,14.08,2.1346,4.0563,6.0137,10.1,4.2755,2.7111,1.583,6.5839,5.4807,8.8916,1.2638,4.077,4.209,2.7795,8.29,15.044,0.9626,1.3927,2.4849,1.7739,7.4295,1.5293,1.3981,7.7396,5.4679,2.2042,4.5125,3.5654,4.3566
3.9477,7.1719,4.8625,5.1441,2.472,10.807,3.4291,3.6144,14.069,2.1308,4.0703,6.0049,10.146,4.2775,2.693,1.5828,6.5805,5.4866,8.9288,1.2636,4.0773,4.2383,2.7988,8.2952,15.03,0.95978,1.3908,2.4874,1.7712,7.4175,1.5303,1.407,7.7424,5.4544,2.2021,4.483,3.5596,4.3537
3.9282,7.1456,4.8842,5.135,2.4715,10.805,3.419,3.6198,14.057,2.1268,4.0842,5.996,10.191,4.2795,2.675,1.5826,6.577,5.4921,8.9651,1.2635,4.0775,4.2679,2.818,8.3003,15.017,0.95698,1.3886,2.4895,1.7686,7.4053,1.5312,1.4156,7.7449,5.4403,2.2001,4.4536,3.5532,4.3507
3.9115,7.1194,4.9054,5.1249,2.471,10.802,3.4092,3.625,14.044,2.1228,4.0979,5.9869,10.235,4.2817,2.6571,1.5824,6.5735,5.4973,9.0004,1.2634,4.0778,4.2978,2.837,8.3054,15.003,0.9542,1.3863,2.4913,1.7659,7.393,1.5321,1.4241,7.7469,5.4257,2.198,4.4243,3.5461,4.3477
3.9085,7.1123,4.9262,5.114,2.4705,10.798,3.3996,3.6302,14.029,2.1187,4.1114,5.9778,10.279,4.284,2.6393,1.5821,6.5699,5.5021,9.0348,1.2633,4.0779,4.328,2.8558,8.3103,14.989,0.95143,1.3836,2.4927,1.7632,7.3806,1.533,1.4324,7.7488,5.4106,2.196,4.3952,3.5383,4.3446
3.9055,7.1138,4.9464,5.1019,2.4701,10.795,3.3902,3.6352,14.014,2.1146,4.1247,5.9685,10.322,4.2863,2.6271,1.5818,6.5663,5.5066,9.0681,1.2631,4.078,4.3584,2.8744,8.3152,14.974,0.94869,1.3842,2.494,1.7604,7.3682,1.5339,1.4404,7.7501,5.3948,2.194,4.3664,3.5298,4.3413
3.9025,7.1153,4.9663,5.0887,2.4696,10.791,3.381,3.64,13.997,2.1104,4.1378,5.9591,10.365,4.2888,2.631,1.5814,6.5626,5.5108,9.1003,1.263,4.078,4.3891,2.8928,8.3199,14.96,0.94596,1.3869,2.495,1.7577,7.3557,1.5348,1.4482,7.7511,5.3786,2.1921,4.3378,3.5207,4.338
3.8995,7.1167,4.9855,5.0743,2.4691,10.786,3.372,3.6448,13.98,2.1061,4.1507,5.9496,10.407,4.2914,2.6353,1.5811,6.5589,5.5147,9.1315,1.2629,4.0779,4.42,2.9111,8.3247,14.945,0.94325,1.3894,2.4959,1.7549,7.343,1.5357,1.4557,7.7515,5.3619,2.1902,4.3093,3.511,4.3345
3.8965,7.1181,5.0044,5.0588,2.4686,10.781,3.3632,3.6494,13.961,2.1019,4.1634,5.94,10.449,4.294,2.6401,1.5807,6.5551,5.5182,9.1615,1.2628,4.0777,4.4512,2.9291,8.3293,14.93,0.94056,1.3916,2.4967,1.7521,7.3303,1.5365,1.463,7.7517,5.3446,2.1883,4.2811,3.5007,4.3308
3.8935,7.1195,5.0226,5.0423,2.4681,10.776,3.3545,3.6539,13.942,2.0975,4.1759,5.9303,10.491,4.2967,2.6454,1.5803,6.5513,5.5214,9.1903,1.2627,4.0775,4.4826,2.947,8.3338,14.915,0.93789,1.3936,2.4974,1.7493,7.3175,1.5373,1.47,7.7512,5.3268,2.1865,4.253,3.4897,4.327
3.8905,7.1208,5.0405,5.0251,2.4676,10.77,3.3461,3.6583,13.922,2.0931,4.1882,5.9204,10.532,4.2996,2.6511,1.5798,6.5474,5.5243,9.2179,1.2626,4.0773,4.5142,2.9647,8.3383,14.899,0.93523,1.3954,2.4979,1.7465,7.3047,1.5381,1.4766,7.7505,5.3086,2.1847,4.2251,3.4781,4.323
3.8875,7.1222,5.0577,5.007,2.4671,10.764,3.3379,3.6626,13.9,2.0886,4.2003,5.9104,10.573,4.3025,2.6571,1.5793,6.5436,5.5267,9.2442,1.2625,4.077,4.546,2.9821,8.3428,14.883,0.93259,1.3969,2.4985,1.7436,7.2916,1.5389,1.483,7.7492,5.2899,2.1829,4.1975,3.487,4.3187
3.8846,7.1235,5.0745,4.9878,2.4666,10.757,3.3299,3.6667,13.879,2.084,4.2122,5.9004,10.614,4.3055,2.6635,1.5787,6.5396,5.5288,9.2692,1.2624,4.0766,4.5781,2.9993,8.3471,14.867,0.92997,1.3982,2.4989,1.7408,7.2786,1.5397,1.4891,7.7476,5.2707,2.1811,4.1701,3.5004,4.3143
3.8816,7.1249,5.0907,4.9677,2.4661,10.75,3.322,3.6708,13.856,2.0794,4.224,5.8902,10.654,4.3085,2.6702,1.5782,6.5357,5.5305,9.2929,1.2623,4.0762,4.6103,3.0164,8.3514,14.851,0.92736,1.3993,2.4993,1.7379,7.2655,1.5405,1.4948,7.7455,5.251,2.1794,4.1429,3.5138,4.3096
3.8786,7.1262,5.1064,4.9466,2.4656,10.742,3.3144,3.6747,13.832,2.0747,4.2355,5.8799,10.694,4.3117,2.6773,1.5776,6.5317,5.5337,9.3152,1.2622,4.0756,4.6427,3.0331,8.3556,14.835,0.92477,1.4002,2.4997,1.735,7.2523,1.5413,1.5002,7.7431,5.231,2.1777,4.1287,3.527,4.3047
3.8756,7.1274,5.1216,4.9245,2.4651,10.735,3.3069,3.6785,13.808,2.07,4.2468,5.8695,10.734,4.3149,2.6846,1.577,6.5276,5.5382,9.336,1.2621,4.0751,4.6753,3.0497,8.3597,14.818,0.9222,1.4009,2.5,1.7321,7.2389,1.542,1.5052,7.7402,5.2104,2.1761,4.1227,3.54,4.2996
3.8727,7.1287,5.1362,4.9017,2.4646,10.726,3.2996,3.6822,13.783,2.0651,4.258,5.8589,10.773,4.3182,2.6923,1.5763,6.5235,5.5423,9.3555,1.262,4.0744,4.708,3.066,8.3638,14.801,0.91965,1.4015,2.5004,1.7291,7.2255,1.5427,1.51,7.7369,5.1895,2.1745,4.1166,3.553,4.2943
3.8697,7.1299,5.1503,4.8783,2.4642,10.718,3.2925,3.6857,13.758,2.0603,4.2689,5.8483,10.812,4.3216,2.7003,1.5757,6.5193,5.5459,9.3735,1.2619,4.0737,4.7409,3.0821,8.3678,14.784,0.91711,1.4018,2.5009,1.7262,7.2121,1.5434,1.5144,7.7333,5.1682,2.1729,4.1102,3.5658,4.2889
3.8668,7.1311,5.1638,4.854,2.4637,10.709,3.2855,3.6892,13.731,2.0553,4.2796,5.8376,10.85,4.325,2.7086,1.575,6.5151,5.5491,9.39,1.2618,4.073,4.7739,3.0979,8.3718,14.766,0.91459,1.4021,2.5018,1.7232,7.1985,1.544,1.5184,7.729,5.1464,2.1713,4.1037,3.5785,4.2833
3.8638,7.1323,5.1768,4.8288,2.4632,10.7,3.2787,3.6925,13.705,2.0503,4.2901,5.8267,10.887,4.3285,2.7171,1.5743,6.5108,5.5518,9.405,1.2617,4.0723,4.8071,3.1135,8.3757,14.748,0.91208,1.4022,2.5028,1.7202,7.1848,1.5446,1.522,7.7246,5.1243,2.1698,4.0973,3.591,4.2775
3.8609,7.1335,5.1892,4.8028,2.4627,10.69,3.2721,3.6958,13.677,2.0453,4.3004,5.8157,10.924,4.3321,2.726,1.5736,6.5066,5.5539,9.4185,1.2617,4.0714,4.8404,3.1288,8.3795,14.73,0.90959,1.4023,2.5043,1.7172,7.1711,1.5452,1.5253,7.7197,5.1017,2.1683,4.0907,3.6034,4.2716
3.8579,7.1346,5.2011,4.776,2.4622,10.68,3.2657,3.699,13.649,2.0402,4.3105,5.8047,10.959,4.3358,2.7351,1.573,6.5023,5.5556,9.4304,1.2616,4.0706,4.8738,3.1438,8.3832,14.712,0.90712,1.4022,2.5063,1.7142,7.1574,1.5458,1.5283,7.7141,5.0788,2.1668,4.0839,3.6157,4.2656
3.855,7.1357,5.2123,4.7485,2.4618,10.67,3.2594,3.7021,13.621,2.035,4.3204,5.7935,10.994,4.3395,2.7444,1.5723,6.498,5.5568,9.4406,1.2615,4.0696,4.9073,3.1586,8.3869,14.693,0.90466,1.4021,2.5087,1.7112,7.1435,1.5463,1.5308,7.7084,5.0556,2.1654,4.0771,3.6279,4.2594
3.8521,7.1368,5.2231,4.7206,2.4613,10.659,3.2532,3.7051,13.592,2.0298,4.33,5.7822,11.028,4.3433,2.754,1.5716,6.4936,5.5576,9.4494,1.2614,4.0686,4.9409,3.1731,8.3905,14.674,0.90222,1.4018,2.5134,1.7081,7.1294,1.5468,1.533,7.7022,5.0319,2.1639,4.0701,3.6399,4.2531
3.8491,7.1379,5.2332,4.6919,2.4608,10.648,3.2472,3.7081,13.564,2.0245,4.3394,5.771,11.062,4.3471,2.7638,1.5709,6.4892,5.5578,9.4564,1.2614,4.0675,4.9746,3.1874,8.3941,14.655,0.89979,1.4015,2.5271,1.7051,7.1153,1.5473,1.5349,7.6953,5.008,2.1626,4.063,3.6517,4.2466
3.8462,7.1389,5.2428,4.6624,2.4603,10.637,3.2414,3.7109,13.535,2.0192,4.3486,5.7599,11.094,4.3511,2.7739,1.5702,6.4847,5.5593,9.4618,1.2613,4.0664,5.0083,3.2013,8.3975,14.636,0.89738,1.401,2.5406,1.702,7.1012,1.5478,1.5363,7.6881,4.9836,2.1612,4.0559,3.6635,4.2399
3.8433,7.14,5.2517,4.6323,2.4598,10.625,3.2357,3.7136,13.506,2.0138,4.3575,5.7487,11.125,4.355,2.7841,1.5695,6.4802,5.5644,9.4656,1.2612,4.0653,5.0422,3.215,8.401,14.616,0.89498,1.4005,2.5538,1.6989,7.087,1.5482,1.5374,7.6806,4.9591,2.1599,4.0486,3.6751,4.233
3.8404,7.141,5.2602,4.6015,2.4594,10.613,3.2301,3.7162,13.477,2.0084,4.3662,5.7374,11.156,4.359,2.7946,1.5688,6.4757,5.5691,9.4677,1.2612,4.0641,5.076,3.2284,8.4043,14.596,0.8926,1.3999,2.5668,1.6958,7.0727,1.5486,1.5382,7.6726,4.9341,2.1586,4.0412,3.6866,4.226
3.8375,7.142,5.2678,4.5704,2.4589,10.601,3.2247,3.7187,13.448,2.0029,4.3747,5.726,11.185,4.3631,2.8053,1.5681,6.4711,5.5734,9.4681,1.2611,4.0629,5.11,3.2415,8.4076,14.575,0.89023,1.3992,2.5796,1.6926,7.0582,1.5489,1.5386,7.664,4.909,2.1573,4.0338,3.6979,4.2187
3.8346,7.1429,5.2752,4.5387,2.4584,10.589,3.2194,3.721,13.419,1.9973,4.3828,5.7145,11.214,4.3672,2.8162,1.5674,6.4664,5.5774,9.4667,1.261,4.0616,5.1439,3.2544,8.4109,14.555,0.88788,1.3985,2.5923,1.6895,7.0436,1.5492,1.5386,7.655,4.8835,2.1561,4.0262,3.7091,4.2112
3.8317,7.1439,5.2818,4.5063,2.4579,10.576,3.2143,3.7233,13.39,1.9918,4.3908,5.7029,11.242,4.3713,2.8274,1.5666,6.4618,5.581,9.4637,1.261,4.0603,5.178,3.2669,8.414,14.534,0.88554,1.3977,2.6047,1.6863,7.0291,1.5495,1.5383,7.6456,4.8578,2.1549,4.0187,3.7202,4.2035
3.8288,7.1448,5.2879,4.4734,2.4575,10.563,3.2093,3.7255,13.36,1.9861,4.3985,5.6912,11.268,4.3755,2.8386,1.5659,6.4572,5.5842,9.459,1.2609,4.0589,5.212,3.2792,8.4172,14.513,0.88322,1.3969,2.617,1.6831,7.0145,1.5497,1.5377,7.6359,4.8318,2.1537,4.0112,3.7311,4.1956
3.8259,7.1457,5.2934,4.44,2.457,10.55,3.2044,3.7276,13.331,1.9804,4.406,5.6794,11.294,4.3797,2.8501,1.5652,6.4525,5.5871,9.4524,1.2609,4.0575,5.2461,3.2911,8.4203,14.491,0.88091,1.396,2.6292,1.68,6.9997,1.5499,1.5367,7.6257,4.8057,2.1525,4.0036,3.7419,4.1875
3.823,7.1465,5.2984,4.4063,2.4565,10.536,3.1997,3.7296,13.302,1.9747,4.4132,5.6675,11.319,4.3839,2.8616,1.5645,6.4477,5.5895,9.4442,1.2608,4.056,5.2801,3.3028,8.4234,14.469,0.87861,1.3951,2.6412,1.6768,6.9848,1.5501,1.5353,7.615,4.7792,2.1514,3.996,3.7526,4.1791
3.8201,7.1474,5.3029,4.3721,2.456,10.522,3.1951,3.7314,13.298,1.969,4.4201,5.6555,11.343,4.3881,2.8733,1.5638,6.443,5.5914,9.4342,1.2608,4.0545,5.3142,3.3141,8.4264,14.447,0.87709,1.3941,2.6532,1.6736,6.9698,1.5503,1.5337,7.6038,4.7527,2.1503,3.9884,3.7631,4.1706
3.8172,7.1482,5.3068,4.3385,2.4556,10.508,3.1905,3.7332,13.302,1.9631,4.4268,5.6434,11.366,4.3924,2.8851,1.5631,6.4382,5.5928,9.4224,1.2607,4.053,5.3483,3.3252,8.4294,14.424,0.87642,1.3931,2.665,1.6703,6.9549,1.5505,1.5317,7.5922,4.7259,2.1492,3.9807,3.7735,4.1618
3.8144,7.149,5.3102,4.3244,2.4551,10.493,3.1861,3.7349,13.305,1.9573,4.4333,5.6312,11.388,4.3967,2.897,1.5624,6.4333,5.5937,9.4089,1.2607,4.0515,5.3823,3.3359,8.4323,14.401,0.87575,1.3921,2.6767,1.6671,6.957,1.5506,1.5295,7.5803,4.699,2.1482,3.9729,3.7838,4.1528
3.8115,7.1498,5.3131,4.31,2.4546,10.478,3.1819,3.7365,13.309,1.9514,4.4395,5.6189,11.41,4.401,2.909,1.5617,6.4284,5.594,9.3936,1.2606,4.0498,5.4163,3.3463,8.4353,14.378,0.87508,1.3911,2.6884,1.6638,6.9867,1.5507,1.5269,7.5681,4.6719,2.1471,3.9652,3.794,4.1436
3.8086,7.1506,5.3154,4.2952,2.4542,10.463,3.1777,3.738,13.313,1.9455,4.4454,5.6065,11.43,4.4053,2.921,1.561,6.4235,5.5938,9.3766,1.2606,4.0482,5.4503,3.3565,8.4382,14.355,0.87442,1.39,2.7001,1.6605,7.0152,1.5507,1.524,7.5555,4.6447,2.1461,3.9573,3.8041,4.1342
3.8058,7.1514,5.3173,4.2857,2.4537,10.448,3.1736,3.7393,13.316,1.9395,4.4511,5.594,11.45,4.4096,2.9332,1.5603,6.4186,5.5931,9.3577,1.2605,4.0465,5.4843,3.3663,8.4412,14.331,0.87376,1.3889,2.7117,1.6572,7.0432,1.5507,1.5209,7.5424,4.6174,2.1452,3.9495,3.814,4.1246
3.8029,7.1521,5.3187,4.2866,2.4532,10.432,3.1697,3.7406,13.32,1.9335,4.4565,5.5867,11.469,4.4139,2.9454,1.5597,6.4136,5.5918,9.3371,1.2605,4.0447,5.5182,3.3758,8.4441,14.306,0.87311,1.3879,2.7233,1.6539,7.07,1.5507,1.5174,7.5288,4.5899,2.1442,3.9416,3.8238,4.1148
3.8001,7.1528,5.3197,4.2874,2.4527,10.416,3.1658,3.7418,13.323,1.9274,4.4617,5.5884,11.487,4.4183,2.9577,1.5591,6.4085,5.5899,9.3147,1.2604,4.043,5.552,3.385,8.4471,14.282,0.87246,1.3868,2.7349,1.6506,7.0957,1.5506,1.5137,7.5148,4.5624,2.1433,3.9337,3.8335,4.1048
3.7972,7.1535,5.3203,4.288,2.4523,10.399,3.1621,3.7429,13.327,1.9213,4.4666,5.5901,11.505,4.4226,2.97,1.5585,6.4035,5.5874,9.2905,1.2604,4.0412,5.5858,3.3939,8.4501,14.257,0.87182,1.3857,2.7465,1.6473,7.1201,1.5505,1.5097,7.5004,4.5348,2.1424,3.9258,3.843,4.0946
3.7944,7.1542,5.3204,4.2884,2.4518,10.383,3.1584,3.744,13.33,1.9152,4.4713,5.5918,11.523,4.427,2.9824,1.5579,6.3984,5.5844,9.2645,1.2604,4.0394,5.6196,3.4024,8.4531,14.231,0.87118,1.3846,2.7581,1.6439,7.1434,1.5503,1.5056,7.4858,4.5088,2.1415,3.9179,3.8524,4.0842
3.7915,7.1549,5.3202,4.2888,2.4513,10.366,3.1548,3.7449,13.333,1.909,4.4757,5.5934,11.539,4.4314,2.9948,1.5573,6.3934,5.5808,9.2367,1.2603,4.0375,5.6533,3.4107,8.4562,14.206,0.87054,1.3836,2.7697,1.6406,7.1656,1.5505,1.5011,7.4709,4.5007,2.1407,3.9101,3.8617,4.0737
3.7887,7.1556,5.3195,4.289,2.4509,10.348,3.1514,3.7457,13.335,1.9028,4.4799,5.595,11.555,4.4357,3.0072,1.5567,6.3883,5.5766,9.2072,1.2603,4.0356,5.6868,3.4186,8.4593,14.18,0.86991,1.3825,2.7814,1.6372,7.1871,1.5533,1.4964,7.4556,4.4923,2.1398,3.9023,3.8709,4.0765
3.7859,7.1562,5.3185,4.2891,2.4504,10.331,3.148,3.7465,13.338,1.8966,4.4838,5.5965,11.571,4.4401,3.0196,1.5561,6.3831,5.5718,9.1758,1.2603,4.0337,5.7204,3.4263,8.4625,14.153,0.86928,1.3814,2.7931,1.6338,7.2073,1.556,1.4915,7.4399,4.4838,2.139,3.8944,3.8799,4.0833
3.7831,7.1568,5.317,4.289,2.4499,10.313,3.1447,3.7471,13.34,1.8903,4.4874,5.5981,11.585,4.4444,3.0321,1.5556,6.378,5.5665,9.1427,1.2602,4.0317,5.7538,3.4336,8.4658,14.126,0.86866,1.3804,2.8049,1.6304,7.2263,1.5587,1.4865,7.4238,4.4751,2.1382,3.8866,3.8887,4.0899
3.7802,7.1575,5.3151,4.2888,2.4495,10.295,3.1414,3.7477,13.341,1.884,4.4909,5.5996,11.598,4.4488,3.0445,1.555,6.3728,5.5606,9.1078,1.2602,4.0297,5.7872,3.4407,8.4691,14.099,0.86804,1.3793,2.8168,1.627,7.244,1.5613,1.4812,7.4074,4.4661,2.1375,3.8787,3.8975,4.0965
3.7774,7.1581,5.3126,4.2886,2.449,10.276,3.1383,3.7482,13.343,1.8777,4.494,5.601,11.61,4.4531,3.0569,1.5545,6.3675,5.5541,9.0711,1.2602,4.0277,5.8205,3.4474,8.4725,14.071,0.86742,1.3783,2.8287,1.6236,7.2605,1.5639,1.4757,7.3905,4.4569,2.1367,3.8708,3.9061,4.1029
3.7746,7.1586,5.3097,4.2884,2.4485,10.258,3.1352,3.7485,13.344,1.8713,4.4995,5.6025,11.62,4.4574,3.0693,1.5539,6.3623,5.547,9.0326,1.2601,4.0257,5.8536,3.4538,8.4761,14.043,0.86681,1.3772,2.8408,1.6202,7.2761,1.5665,1.4701,7.3733,4.4475,2.136,3.8629,3.9146,4.1097
3.7718,7.1592,5.3063,4.2879,2.4481,10.239,3.1322,3.7489,13.345,1.8649,4.5063,5.6039,11.63,4.4616,3.0816,1.5534,6.357,5.5394,8.9924,1.2601,4.0236,5.8867,3.4599,8.4797,14.015,0.86621,1.3762,2.8529,1.6167,7.2907,1.569,1.4643,7.3558,4.438,2.1353,3.855,3.9229,4.1165
3.769,7.1597,5.3025,4.2874,2.4476,10.22,3.1293,3.7491,13.346,1.8585,4.5127,5.6052,11.639,4.4659,3.094,1.5529,6.3517,5.5311,8.9504,1.2601,4.0215,5.9197,3.4657,8.4836,13.986,0.8656,1.3751,2.8652,1.6132,7.3041,1.5715,1.4584,7.3383,4.4283,2.1347,3.8471,3.9312,4.1232
3.7663,7.1603,5.2982,4.2868,2.4471,10.2,3.1264,3.7492,13.346,1.8521,4.5186,5.6066,11.646,4.4702,3.1062,1.5524,6.3463,5.5224,8.9066,1.2601,4.0193,5.9526,3.4712,8.4875,13.957,0.865,1.3741,2.8775,1.6098,7.3162,1.5739,1.4523,7.3203,4.4184,2.134,3.8391,3.9393,4.1299
3.7635,7.1608,5.2935,4.286,2.4467,10.181,3.1237,3.7493,13.346,1.8456,4.5242,5.6079,11.653,4.4744,3.1185,1.5519,6.3409,5.5361,8.8611,1.26,4.0172,5.9854,3.4764,8.4917,13.927,0.86441,1.3731,2.89,1.6063,7.327,1.5763,1.4461,7.302,4.4085,2.1334,3.8312,3.9472,4.1364
3.7607,7.1613,5.2884,4.2851,2.4462,10.162,3.1209,3.7493,13.346,1.8391,4.5293,5.6091,11.658,4.4787,3.1306,1.5514,6.3355,5.5516,8.8138,1.26,4.0156,6.0181,3.4813,8.4961,13.897,0.86382,1.3721,2.9026,1.6028,7.3365,1.5787,1.4398,7.2834,4.3983,2.1327,3.8233,3.9551,4.1429
3.7579,7.1617,5.283,4.2841,2.4458,10.142,3.1183,3.7491,13.345,1.8326,4.534,5.6103,11.663,4.4829,3.1427,1.5509,6.33,5.5669,8.7649,1.26,4.0149,6.0507,3.486,8.5006,13.867,0.86323,1.3711,2.9153,1.5992,7.3452,1.581,1.4333,7.2645,4.388,2.1321,3.8155,3.9628,4.1492
3.7551,7.1622,5.2772,4.2829,2.4453,10.123,3.1157,3.7491,13.345,1.826,4.5383,5.6115,11.666,4.4872,3.1548,1.5505,6.3246,5.5818,8.7141,1.26,4.0141,6.0832,3.4903,8.5054,13.836,0.86265,1.3701,2.9282,1.5957,7.3528,1.5834,1.4268,7.2452,4.3777,2.1316,3.8077,3.9704,4.1555
3.7524,7.1626,5.2711,4.2817,2.4448,10.103,3.1131,3.7489,13.344,1.8195,4.5421,5.6127,11.669,4.4914,3.1667,1.55,6.3192,5.5965,8.6617,1.26,4.0133,6.1157,3.4943,8.5104,13.805,0.86207,1.3691,2.9411,1.5922,7.3591,1.5856,1.4202,7.2257,4.3671,2.131,3.7998,3.978,4.1617
3.7496,7.163,5.2646,4.2803,2.4444,10.084,3.1106,3.7487,13.343,1.8129,4.5455,5.6138,11.67,4.4956,3.1785,1.5495,6.3137,5.6109,8.6494,1.26,4.0125,6.1481,3.4981,8.5156,13.774,0.8615,1.3681,2.9543,1.5886,7.3641,1.5879,1.4136,7.2058,4.3565,2.1305,3.792,3.9854,4.1678
3.7469,7.1634,5.2579,4.2788,2.4439,10.064,3.1082,3.7483,13.342,1.8063,4.5485,5.615,11.672,4.4998,3.1903,1.5491,6.3082,5.6251,8.7039,1.26,4.0117,6.1804,3.5016,8.5209,13.741,0.86093,1.367,2.9675,1.5851,7.3678,1.5901,1.4068,7.1857,4.3458,2.1299,3.7841,3.9926,4.1739
3.7441,7.1638,5.2508,4.2772,2.4435,10.045,3.1058,3.7479,13.34,1.7996,4.5511,5.6162,11.672,4.504,3.202,1.5486,6.3027,5.6391,8.7578,1.2599,4.0108,6.2127,3.5048,8.5265,13.709,0.86036,1.366,2.9809,1.5815,7.3702,1.5922,1.4,7.1653,4.335,2.1294,3.7763,3.9998,4.1799
3.7414,7.1642,5.2433,4.2755,2.443,10.025,3.1034,3.7475,13.339,1.793,4.5533,5.6175,11.672,4.5082,3.2135,1.5481,6.2971,5.6545,8.8111,1.2599,4.0099,6.2449,3.5077,8.5322,13.676,0.8598,1.365,2.9945,1.5779,7.3718,1.5943,1.3931,7.1448,4.3241,2.129,3.7684,4.0068,4.1858
3.7386,7.1645,5.2355,4.2736,2.4426,10.005,3.1011,3.7469,13.337,1.7863,4.555,5.6186,11.671,4.5124,3.225,1.5477,6.2916,5.6701,8.8637,1.2599,4.0089,6.277,3.5104,8.5381,13.643,0.85924,1.3639,3.0081,1.5743,7.3723,1.5963,1.3863,7.1242,4.3132,2.1285,3.7605,4.0137,4.1917
3.7359,7.1649,5.2274,4.2718,2.4421,9.9888,3.0989,3.7463,13.335,1.7796,4.5563,5.6198,11.67,4.5165,3.2363,1.5473,6.286,5.6854,8.9156,1.2599,4.008,6.309,3.5128,8.5442,13.609,0.85868,1.3628,3.0219,1.5707,7.3715,1.5983,1.3794,7.1032,4.3022,2.128,3.7527,4.0205,4.1974
3.7332,7.1652,5.219,4.2699,2.4416,9.9736,3.0966,3.7456,13.333,1.7729,4.5572,5.6209,11.668,4.5207,3.2475,1.5469,6.2804,5.7004,8.967,1.2599,4.007,6.3408,3.5149,8.5505,13.575,0.85813,1.3617,3.0359,1.5671,7.3693,1.6003,1.3725,7.082,4.2911,2.1276,3.7449,4.0272,4.2031
3.7304,7.1655,5.2102,4.2679,2.4412,9.9583,3.0944,3.7448,13.331,1.7661,4.5576,5.6219,11.666,4.5248,3.2585,1.5465,6.2747,5.7151,9.0177,1.2599,4.006,6.3726,3.5168,8.557,13.541,0.85758,1.3606,3.05,1.5635,7.3945,1.6023,1.3656,7.0605,4.28,2.1272,3.7371,4.0337,4.2086
3.7277,7.1657,5.2011,4.2658,2.4407,9.945,3.0923,3.744,13.329,1.7594,4.5576,5.623,11.663,4.5289,3.2695,1.5462,6.269,5.7295,9.0678,1.2599,4.0049,6.4042,3.5185,8.5639,13.506,0.85704,1.3594,3.0642,1.5598,7.437,1.6042,1.3587,7.0388,4.2688,2.1268,3.7293,4.0401,4.214
3.725,7.166,5.1916,4.2635,2.4403,9.9347,3.0902,3.7431,13.327,1.7526,4.5573,5.624,11.66,4.5329,3.2803,1.5458,6.2633,5.7436,9.1172,1.2599,4.0039,6.4356,3.5198,8.5937,13.47,0.8565,1.3583,3.0785,1.5562,7.4791,1.6061,1.3517,7.0168,4.2575,2.1264,3.7215,4.0464,4.2193
3.7223,7.1663,5.1818,4.2612,2.4398,9.9242,3.0881,3.7421,13.325,1.7458,4.5565,5.6249,11.658,4.537,3.2909,1.5454,6.2576,5.7573,9.1661,1.2599,4.0028,6.4669,3.521,8.6231,13.434,0.85596,1.3571,3.093,1.5525,7.5209,1.6079,1.3448,6.9946,4.2463,2.126,3.7137,4.0526,4.2245
3.7196,7.1665,5.1716,4.2587,2.4394,9.9136,3.086,3.741,13.323,1.739,4.5553,5.6258,11.658,4.541,3.3015,1.545,6.2519,5.7707,9.2143,1.2599,4.0017,6.4981,3.5218,8.652,13.398,0.85542,1.3558,3.1075,1.5489,7.5623,1.6097,1.3454,6.9722,4.235,2.1256,3.7059,4.0586,4.2296
3.7169,7.1667,5.1611,4.2562,2.4389,9.9027,3.084,3.7399,13.32,1.7322,4.5537,5.6267,11.66,4.5449,3.312,1.5445,6.2461,5.7838,9.2618,1.2599,4.0005,6.5291,3.5224,8.6803,13.362,0.85489,1.3546,3.1222,1.5452,7.6033,1.6115,1.346,6.9496,4.2236,2.1253,3.6981,4.0645,4.2345
3.7142,7.1669,5.1503,4.2536,2.4385,9.8917,3.082,3.7387,13.318,1.7254,4.5517,5.6276,11.663,4.5489,3.3223,1.5441,6.2403,5.7966,9.3087,1.2599,3.9994,6.5599,3.5228,8.7083,13.324,0.85437,1.3532,3.137,1.5415,7.6439,1.6132,1.3464,6.9268,4.2123,2.1249,3.6903,4.0719,4.2393
3.7115,7.1671,5.139,4.2508,2.438,9.8804,3.08,3.7375,13.315,1.7186,4.5492,5.6284,11.667,4.5527,3.3324,1.5437,6.2345,5.809,9.3548,1.2599,3.9982,6.5905,3.5229,8.7357,13.287,0.85384,1.3519,3.1519,1.5378,7.6843,1.6149,1.3467,6.9038,4.2009,2.1246,3.6826,4.0796,4.244
3.7089,7.1673,5.1274,4.2479,2.4376,9.8688,3.0781,3.7361,13.312,1.7117,4.5464,5.6291,11.672,4.5566,3.3424,1.5433,6.2287,5.8246,9.4002,1.2599,3.9969,6.6209,3.5228,8.7627,13.249,0.85332,1.3504,3.1669,1.5341,7.7244,1.6166,1.3469,6.8806,4.1895,2.1243,3.6748,4.087,4.2486
3.7062,7.1674,5.1154,4.245,2.4371,9.8571,3.0761,3.7347,13.309,1.7048,4.5432,5.6299,11.678,4.5604,3.3522,1.5428,6.2229,5.8399,9.4448,1.2599,3.9957,6.6511,3.5224,8.7892,13.211,0.8528,1.349,3.182,1.5304,7.7642,1.6182,1.347,6.8574,4.1781,2.124,3.667,4.0942,4.253
3.7035,7.1675,5.1032,4.2419,2.4367,9.8453,3.0742,3.7333,13.306,1.698,4.5396,5.6306,11.684,4.5641,3.3618,1.5424,6.2171,5.855,9.4885,1.2599,3.9944,6.681,3.5218,8.8152,13.172,0.85229,1.3474,3.1971,1.5266,7.8035,1.6198,1.347,6.8341,4.1667,2.1237,3.6593,4.101,4.2574
3.7008,7.1677,5.0908,4.2388,2.4362,9.8333,3.0723,3.7318,13.302,1.6911,4.5356,5.6312,11.69,4.5678,3.3713,1.5419,6.2113,5.8698,9.5313,1.2599,3.9932,6.7108,3.5209,8.8407,13.132,0.85178,1.3458,3.2123,1.5229,7.8425,1.6214,1.3468,6.8105,4.1553,2.1237,3.6516,4.1076,4.2615
3.6982,7.1678,5.0781,4.2355,2.4358,9.8214,3.0704,3.7302,13.298,1.6842,4.5311,5.6318,11.697,4.5714,3.3806,1.5414,6.2054,5.8843,9.5732,1.2599,3.9919,6.7403,3.5198,8.8657,13.093,0.85127,1.3441,3.2276,1.5192,7.881,1.6229,1.3467,6.7869,4.1438,2.1244,3.6439,4.1138,4.2656
3.6955,7.1679,5.0652,4.2322,2.4353,9.8096,3.0685,3.7285,13.303,1.6774,4.5264,5.6324,11.702,4.575,3.3897,1.5409,6.1995,5.8986,9.614,1.2599,3.9905,6.7697,3.5185,8.8903,13.053,0.85076,1.3424,3.2429,1.5154,7.9193,1.6243,1.3464,6.763,4.1324,2.1251,3.6362,4.1198,4.2696
3.6929,7.168,5.052,4.2289,2.4349,9.7981,3.0666,3.7268,13.313,1.6705,4.5212,5.633,11.717,4.5785,3.3986,1.5404,6.1936,5.9126,9.6537,1.2599,3.9892,6.7987,3.5169,8.9143,13.012,0.85026,1.3405,3.2583,1.5116,7.9573,1.6258,1.3461,6.739,4.121,2.1259,3.6285,4.1256,4.2734
3.6902,7.1681,5.0385,4.2255,2.4345,9.7872,3.0648,3.7251,13.322,1.6636,4.5157,5.6335,11.75,4.582,3.4074,1.5399,6.1877,5.9264,9.6924,1.2599,3.9878,6.8276,3.5151,8.9379,12.971,0.84976,1.3386,3.2737,1.5079,7.9949,1.6272,1.3457,6.7149,4.1096,2.1267,3.6208,4.131,4.2771
3.6876,7.1682,5.0247,4.2221,2.434,9.7765,3.0629,3.7232,13.33,1.6567,4.5098,5.6339,11.782,4.5854,3.4159,1.5393,6.1818,5.9401,9.73,1.26,3.9864,6.8562,3.513,8.961,12.93,0.84927,1.3367,3.2891,1.5041,8.0321,1.6285,1.3452,6.6906,4.0981,2.1275,3.6131,4.1363,4.2806
3.685,7.1682,5.0104,4.2185,2.4336,9.7659,3.0611,3.7213,13.339,1.6498,4.5035,5.6344,11.813,4.5888,3.4243,1.5387,6.1758,5.9536,9.7665,1.26,3.9849,6.8846,3.5108,8.9836,12.888,0.84877,1.3346,3.3045,1.5003,8.0689,1.6298,1.3447,6.6661,4.0868,2.1283,3.6055,4.1413,4.2841
3.6823,7.1683,4.9958,4.2148,2.4331,9.7553,3.0592,3.7194,13.347,1.6429,4.4969,5.6347,11.844,4.5921,3.4324,1.5381,6.1699,5.967,9.8019,1.26,3.9835,6.9127,3.5082,9.0057,12.845,0.84829,1.3324,3.3199,1.4965,8.1053,1.631,1.3441,6.6416,4.0754,2.1291,3.5978,4.146,4.2874
3.6797,7.1683,4.9808,4.2111,2.4327,9.7447,3.0574,3.7174,13.355,1.636,4.4899,5.6351,11.874,4.5953,3.4404,1.5375,6.1639,5.9801,9.8361,1.26,3.9821,6.9406,3.5055,9.0274,12.841,0.8478,1.3302,3.3353,1.4926,8.1415,1.6321,1.3436,6.6169,4.064,2.1299,3.5901,4.1505,4.2906
3.6771,7.1684,4.9655,4.2072,2.4322,9.7343,3.0556,3.7153,13.362,1.6291,4.4826,5.6354,11.904,4.5984,3.4481,1.5368,6.1579,5.9931,9.8691,1.26,3.9806,6.9682,3.5026,9.0485,12.862,0.84732,1.3279,3.3506,1.4888,8.1773,1.6332,1.343,6.5921,4.0526,2.1307,3.5824,4.1547,4.2937
3.6745,7.1684,4.9497,4.2033,2.4318,9.7242,3.0537,3.7132,13.369,1.6221,4.475,5.6357,11.933,4.6015,3.4557,1.5411,6.1519,6.0057,9.901,1.26,3.9791,6.9956,3.4994,9.0692,12.882,0.84684,1.3267,3.3659,1.485,8.2127,1.6343,1.3423,6.5672,4.0413,2.1315,3.5746,4.1586,4.2967
3.6719,7.1684,4.9336,4.1993,2.4314,9.7142,3.0519,3.711,13.376,1.6152,4.467,5.6359,11.961,4.6045,3.463,1.5454,6.1458,6.0181,9.9317,1.26,3.9776,7.0228,3.496,9.0895,12.903,0.84636,1.3255,3.3812,1.4812,8.2477,1.6353,1.3417,6.5423,4.03,2.1324,3.5669,4.1622,4.2995
3.6693,7.1684,4.9171,4.1952,2.4309,9.7044,3.05,3.7088,13.382,1.6083,4.4586,5.6361,11.989,4.6074,3.4702,1.5497,6.1398,6.0301,9.9613,1.26,3.976,7.0498,3.4924,9.1093,12.923,0.84589,1.3243,3.3964,1.4773,8.2822,1.6362,1.341,6.5172,4.0187,2.1332,3.5592,4.1656,4.3023
3.6667,7.1683,4.9002,4.191,2.4305,9.6944,3.0482,3.7065,13.388,1.6013,4.45,5.6362,12.017,4.6103,3.4771,1.5541,6.1337,6.0419,9.9897,1.2601,3.9744,7.0765,3.4885,9.1286,12.943,0.84542,1.3229,3.4115,1.4735,8.3164,1.6371,1.3403,6.492,4.0074,2.1341,3.5515,4.1687,4.3048
3.6641,7.1683,4.883,4.1868,2.43,9.6843,3.0463,3.7042,13.394,1.5944,4.4411,5.6364,12.044,4.613,3.4838,1.5586,6.1277,6.0533,10.017,1.2601,3.9729,7.103,3.4845,9.1476,12.962,0.84495,1.3214,3.4265,1.4696,8.3504,1.638,1.3396,6.4667,3.9962,2.1349,3.5437,4.1716,4.3073
3.6615,7.1682,4.8655,4.1824,2.4296,9.6742,3.0445,3.7018,13.399,1.5875,4.4318,5.6364,12.07,4.6158,3.4904,1.5631,6.1216,6.0645,10.043,1.2601,3.9713,7.1293,3.4803,9.166,12.982,0.84448,1.3198,3.4414,1.4658,8.384,1.6388,1.339,6.4414,3.985,2.1358,3.536,4.1743,4.3097
3.6589,7.1682,4.8475,4.178,2.4292,9.6639,3.0426,3.6993,13.403,1.5805,4.4223,5.6365,12.097,4.6184,3.4967,1.5676,6.1154,6.0753,10.068,1.2601,3.9697,7.1553,3.4758,9.1841,13.001,0.84402,1.3181,3.4562,1.4619,8.4171,1.6396,1.3383,6.4161,3.9738,2.1367,3.5282,4.1767,4.312
3.6563,7.1681,4.8292,4.1735,2.4287,9.6557,3.0407,3.6969,13.408,1.5736,4.4124,5.6365,12.122,4.621,3.5028,1.5722,6.1093,6.0859,10.092,1.2601,3.968,7.1811,3.4711,9.2019,13.02,0.84356,1.3162,3.4709,1.458,8.4498,1.6403,1.3377,6.3908,3.9626,2.1375,3.5203,4.1788,4.3141
3.6538,7.168,4.8105,4.1689,2.4283,9.6484,3.0388,3.6943,13.412,1.5666,4.4023,5.6364,12.148,4.6235,3.5087,1.5768,6.1032,6.0962,10.114,1.2602,3.9664,7.2067,3.4663,9.2192,13.038,0.8431,1.3141,3.4854,1.4541,8.482,1.6409,1.3371,6.3655,3.9514,2.1384,3.5125,4.1807,4.3161
3.6512,7.1679,4.7915,4.1643,2.4279,9.641,3.0369,3.6917,13.415,1.5597,4.3919,5.6363,12.173,4.6259,3.5146,1.5815,6.0971,6.1081,10.136,1.2602,3.9647,7.2322,3.4612,9.2361,13.057,0.84264,1.3119,3.4997,1.4502,8.5141,1.6415,1.3365,6.3401,3.9403,2.1393,3.5046,4.1823,4.318
3.6486,7.1678,4.7722,4.1595,2.4274,9.6335,3.035,3.6891,13.418,1.5527,4.3813,5.6362,12.198,4.6282,3.5202,1.5862,6.0909,6.1214,10.156,1.2602,3.963,7.2574,3.456,9.2527,13.075,0.84219,1.3095,3.5139,1.4463,8.5458,1.6421,1.3359,6.3146,3.9292,2.1402,3.4967,4.1836,4.3198
3.6461,7.1676,4.7525,4.1548,2.427,9.6258,3.033,3.6865,13.421,1.5458,4.3705,5.6361,12.223,4.6305,3.5256,1.591,6.0848,6.1344,10.175,1.2602,3.9613,7.2825,3.4506,9.2689,13.093,0.84174,1.3069,3.528,1.4424,8.577,1.6425,1.3353,6.2891,3.9181,2.1411,3.4889,4.1847,4.3215
3.6435,7.1675,4.7324,4.15,2.4266,9.6179,3.0311,3.6838,13.423,1.5389,4.3595,5.6359,12.248,4.6326,3.5308,1.5958,6.0787,6.1471,10.193,1.2602,3.9596,7.3073,3.445,9.2847,13.111,0.84129,1.3095,3.5418,1.4385,8.6078,1.6429,1.3348,6.2635,3.907,2.142,3.481,4.1856,4.323
3.641,7.1673,4.7121,4.1452,2.4261,9.6099,3.0291,3.6811,13.425,1.5319,4.3482,5.6356,12.272,4.6347,3.5358,1.6006,6.0725,6.1595,10.21,1.2603,3.9579,7.332,3.4392,9.3002,13.128,0.84102,1.3143,3.5554,1.4346,8.6381,1.6433,1.3343,6.238,3.8959,2.1429,3.4731,4.1884,4.3244
3.6385,7.1671,4.6915,4.1403,2.4257,9.6018,3.0272,3.6784,13.426,1.525,4.3369,5.6354,12.309,4.6367,3.5406,1.6055,6.0663,6.1716,10.226,1.2603,3.9561,7.3565,3.4332,9.3153,13.145,0.84095,1.319,3.5688,1.4306,8.6682,1.6436,1.3338,6.2124,3.8849,2.1439,3.4652,4.1911,4.3258
3.6359,7.167,4.6705,4.1353,2.4253,9.5936,3.0251,3.6756,13.427,1.5181,4.336,5.635,12.352,4.6387,3.5451,1.6104,6.0601,6.1834,10.24,1.2603,3.9544,7.3809,3.4271,9.33,13.162,0.84087,1.3237,3.582,1.4267,8.6979,1.6438,1.3334,6.1867,3.8739,2.1448,3.4573,4.1938,4.327
3.6334,7.1668,4.6493,4.1303,2.4249,9.5854,3.0231,3.6727,13.428,1.5112,4.3369,5.6347,12.395,4.6405,3.5495,1.6154,6.054,6.1948,10.254,1.2603,3.9526,7.4052,3.4208,9.3444,13.179,0.84079,1.3283,3.5949,1.4227,8.7272,1.644,1.333,6.1611,3.8629,2.1457,3.4493,4.1963,4.3281
3.6309,7.1665,4.6277,4.1251,2.4244,9.5789,3.0211,3.6698,13.428,1.5042,4.3379,5.6343,12.436,4.6423,3.5536,1.6204,6.0477,6.2059,10.266,1.2604,3.9507,7.4294,3.4143,9.3585,13.196,0.84071,1.3327,3.6076,1.4188,8.7561,1.6441,1.3327,6.1354,3.8519,2.1466,3.4413,4.1987,4.3291
3.6284,7.1663,4.6162,4.12,2.424,9.5728,3.019,3.6669,13.428,1.4973,4.3388,5.6339,12.478,4.644,3.5575,1.6255,6.0415,6.2167,10.278,1.2604,3.9489,7.4535,3.4077,9.3724,13.212,0.84064,1.3372,3.62,1.4149,8.7844,1.6442,1.3324,6.1098,3.841,2.1476,3.4333,4.2011,4.33
3.6258,7.1661,4.6102,4.1147,2.4236,9.5666,3.0169,3.6639,13.427,1.4904,4.3395,5.6334,12.518,4.6456,3.5612,1.6305,6.0353,6.2272,10.288,1.2604,3.9471,7.4776,3.401,9.386,13.228,0.84056,1.3416,3.6321,1.4109,8.8124,1.6442,1.3322,6.0841,3.8301,2.1485,3.4253,4.2033,4.3308
3.6233,7.1658,4.6039,4.1094,2.4232,9.5603,3.0148,3.6609,13.425,1.4835,4.3399,5.6329,12.558,4.6471,3.5647,1.6357,6.0291,6.2374,10.298,1.2605,3.9453,7.5016,3.3942,9.3994,13.243,0.84048,1.346,3.6439,1.4069,8.8403,1.6441,1.332,6.0585,3.8192,2.1494,3.4173,4.2054,4.3314
3.6208,7.1656,4.5972,4.104,2.4227,9.5538,3.0127,3.6578,13.424,1.4766,4.3402,5.6323,12.598,4.6485,3.568,1.6408,6.0228,6.2472,10.306,1.2605,3.9434,7.5255,3.3873,9.4126,13.259,0.8404,1.3504,3.6555,1.403,8.8676,1.644,1.3318,6.0328,3.8082,2.1504,3.4092,4.2085,4.332
3.6183,7.1653,4.5903,4.0986,2.4223,9.5471,3.0105,3.6547,13.422,1.4697,4.3401,5.6317,12.636,4.6499,3.571,1.646,6.0166,6.2567,10.313,1.2605,3.9415,7.5495,3.3803,9.4257,13.274,0.84032,1.3547,3.6667,1.399,8.8945,1.6439,1.3317,6.0072,3.7973,2.1514,3.4011,4.2171,4.3324
3.6159,7.165,4.5829,4.0931,2.4219,9.5401,3.0083,3.6515,13.419,1.4628,4.3398,5.6311,12.674,4.6511,3.5739,1.6513,6.0103,6.2659,10.319,1.2605,3.9396,7.5734,3.3733,9.4385,13.289,0.84024,1.3589,3.6776,1.395,8.9209,1.6437,1.3316,5.9816,3.7864,2.1524,3.3931,4.2257,4.3328
3.6134,7.1647,4.5754,4.0875,2.4215,9.533,3.0061,3.6484,13.416,1.456,4.3391,5.6304,12.711,4.6523,3.5765,1.6566,6.004,6.2747,10.324,1.2606,3.9377,7.5974,3.3662,9.4512,13.303,0.84016,1.363,3.6882,1.391,8.9468,1.6435,1.3316,5.956,3.7756,2.1533,3.385,4.2342,4.333
3.6109,7.1644,4.5675,4.0819,2.421,9.5256,3.0039,3.6451,13.412,1.4491,4.3381,5.6297,12.748,4.6534,3.5789,1.6619,5.9977,6.2833,10.328,1.2606,3.9357,7.6213,3.359,9.4636,13.317,0.84008,1.367,3.6984,1.3891,8.9726,1.6432,1.3315,5.9304,3.7647,2.1543,3.377,4.2425,4.3332
3.6084,7.1641,4.5594,4.0762,2.4206,9.518,3.0016,3.6419,13.408,1.4422,4.3368,5.629,12.784,4.6544,3.5812,1.6672,5.9914,6.2915,10.331,1.2606,3.9338,7.6452,3.3518,9.4757,13.331,0.84,1.3708,3.7083,1.3888,8.998,1.6428,1.3316,5.9049,3.7538,2.1553,3.3689,4.2509,4.3332
3.6059,7.1638,4.551,4.0705,2.4202,9.5101,2.9993,3.6386,13.404,1.4354,4.3352,5.6282,12.819,4.6554,3.5834,1.6726,5.9851,6.2994,10.333,1.2607,3.9319,7.669,3.3444,9.4876,13.345,0.83992,1.3746,3.7178,1.3885,9.0229,1.6424,1.3316,5.8794,3.7429,2.1563,3.3608,4.2591,4.3332
3.6035,7.1634,4.5424,4.0646,2.4198,9.5021,2.997,3.6352,13.399,1.4286,4.3332,5.6273,12.854,4.6563,3.5854,1.678,5.9788,6.307,10.334,1.2607,3.9299,7.6926,3.3369,9.4992,13.358,0.83984,1.3782,3.727,1.3882,9.0473,1.6419,1.3318,5.854,3.7321,2.1573,3.3527,4.2672,4.333
3.601,7.1631,4.5336,4.0588,2.4194,9.4938,2.9947,3.6318,13.393,1.4217,4.3309,5.6265,12.888,4.6571,3.5872,1.6835,5.9725,6.3143,10.334,1.2607,3.9279,7.7161,3.3294,9.5105,13.371,0.83976,1.3816,3.7357,1.3879,9.0713,1.6414,1.3319,5.8286,3.7213,2.1582,3.3446,4.2752,4.3327
3.5986,7.1627,4.5244,4.0529,2.4189,9.4853,2.9923,3.6284,13.387,1.4149,4.3282,5.6256,12.921,4.6578,3.5887,1.6889,5.9661,6.3213,10.333,1.2608,3.9259,7.7394,3.3217,9.5215,13.384,0.83969,1.3849,3.7441,1.3876,9.095,1.6408,1.3321,5.8033,3.7104,2.1592,3.3365,4.2832,4.3324
3.5961,7.1624,4.5151,4.0469,2.4185,9.4767,2.9899,3.625,13.381,1.4081,4.3252,5.6246,12.953,4.6585,3.5901,1.6944,5.9598,6.328,10.33,1.2608,3.9239,7.7625,3.3138,9.5321,13.396,0.83961,1.388,3.752,1.3873,9.1185,1.6402,1.3323,5.778,3.6995,2.1602,3.3283,4.2911,4.3319
3.5937,7.162,4.5055,4.0409,2.4181,9.4679,2.9874,3.6215,13.374,1.4013,4.3218,5.6236,12.985,4.6592,3.5913,1.6999,5.9535,6.3344,10.327,1.2608,3.9219,7.7856,3.3059,9.5425,13.408,0.83953,1.391,3.7596,1.387,9.1414,1.6395,1.3326,5.7527,3.6886,2.1612,3.3202,4.2989,4.3314
3.5912,7.1616,4.4955,4.0348,2.4177,9.459,2.9849,3.6179,13.367,1.3945,4.3181,5.6226,13.016,4.6597,3.5922,1.7055,5.9471,6.3406,10.323,1.2609,3.9198,7.8084,3.2978,9.5525,13.42,0.83945,1.3938,3.7667,1.3867,9.1639,1.6387,1.3328,5.7276,3.6778,2.1622,3.312,4.3066,4.3307
3.5888,7.1612,4.4854,4.0287,2.4173,9.4499,2.9824,3.6144,13.359,1.3877,4.314,5.6216,13.047,4.6602,3.593,1.7111,5.9408,6.3465,10.318,1.2609,3.9178,7.8312,3.2897,9.5621,13.432,0.83938,1.3965,3.7734,1.3864,9.1859,1.6379,1.3331,5.7025,3.6669,2.1632,3.3039,4.3141,4.33
3.5864,7.1608,4.4749,4.0225,2.4169,9.4407,2.9799,3.6108,13.351,1.381,4.3096,5.6205,13.077,4.6605,3.5935,1.7166,5.9344,6.3524,10.312,1.2609,3.9157,7.8539,3.2813,9.5714,13.443,0.8393,1.399,3.7797,1.3861,9.2078,1.637,1.3334,5.6774,3.6561,2.1641,3.2957,4.3217,4.3291
3.584,7.1604,4.4642,4.0162,2.4164,9.4313,2.9773,3.6072,13.342,1.3742,4.3048,5.6193,13.106,4.6608,3.5939,1.7223,5.9281,6.3584,10.305,1.261,3.9137,7.8764,3.2729,9.5805,13.453,0.83922,1.4014,3.7855,1.3857,9.2292,1.636,1.3337,5.6525,3.6451,2.1651,3.2876,4.3291,4.3282
3.5816,7.16,4.4532,4.01,2.416,9.4218,2.9747,3.6035,13.333,1.3687,4.2997,5.6182,13.134,4.661,3.594,1.7279,5.9217,6.3644,10.296,1.261,3.9116,7.8988,3.2644,9.5892,13.464,0.83914,1.4036,3.791,1.3854,9.2502,1.635,1.334,5.6276,3.6342,2.1661,3.2794,4.3365,4.3272
3.5791,7.1595,4.442,4.0036,2.4156,9.4122,2.972,3.5998,13.324,1.371,4.2942,5.6169,13.162,4.6612,3.594,1.7335,5.9154,6.3703,10.287,1.261,3.9095,7.9209,3.2558,9.5978,13.474,0.83906,1.4057,3.7959,1.3851,9.2708,1.6339,1.3343,5.6028,3.6233,2.167,3.2712,4.3437,4.3261
3.5767,7.1591,4.4305,3.9973,2.4152,9.4122,2.9693,3.5961,13.314,1.3733,4.2884,5.6157,13.189,4.6612,3.5938,1.7392,5.909,6.376,10.284,1.2611,3.9073,7.943,3.2474,9.6061,13.484,0.83898,1.4077,3.8004,1.3848,9.2912,1.6328,1.3346,5.5781,3.6124,2.168,3.2631,4.3509,4.3249
3.5743,7.1587,4.4188,3.991,2.4148,9.4127,2.9666,3.5923,13.303,1.3756,4.2823,5.6144,13.216,4.6612,3.5934,1.7449,5.9027,6.3815,10.32,1.2611,3.9052,7.9649,3.2533,9.6142,13.493,0.8389,1.4094,3.8045,1.3845,9.3111,1.6316,1.3349,5.5535,3.6014,2.169,3.255,4.358,4.3236
3.5719,7.1582,4.4069,3.9846,2.4144,9.4132,2.9639,3.5886,13.293,1.3778,4.2758,5.6131,13.242,4.6611,3.5928,1.7506,5.8963,6.3867,10.356,1.2611,3.903,7.9867,3.259,9.622,13.503,0.83883,1.411,3.8081,1.3841,9.3308,1.6304,1.3352,5.529,3.5903,2.1699,3.2469,4.365,4.3222
3.5696,7.1578,4.3948,3.9782,2.414,9.4136,2.9611,3.5848,13.281,1.38,4.269,5.6117,13.267,4.6609,3.592,1.7563,5.8899,6.3916,10.391,1.2612,3.9009,8.0085,3.2645,9.6295,13.512,0.83875,1.4124,3.8112,1.3838,9.3539,1.6291,1.3355,5.5046,3.5793,2.1709,3.2389,4.372,4.3207
3.5672,7.1573,4.3824,3.9718,2.4136,9.4138,2.9583,3.5809,13.27,1.3821,4.2618,5.6103,13.292,4.6607,3.5912,1.762,5.8836,6.3963,10.425,1.2612,3.8987,8.0301,3.2698,9.6367,13.52,0.83867,1.4136,3.8138,1.3835,9.378,1.6277,1.3358,5.4804,3.5683,2.1719,3.2308,4.3788,4.3192
