<<<<<<< HEAD
$MeshFormat
4.1 0 8
$EndMeshFormat
$PhysicalNames
4
1 1 "Fix_110"
1 2 "Fix_100"
2 3 "Slope"
2 4 "Foundation"
$EndPhysicalNames
$Entities
8 10 3 0
1 0 0 0 0 
2 32 0 0 0 
3 12 10 0 0 
4 0 10 0 0 
5 0 -5 0 0 
6 32 -5 0 0 
7 52 -5 0 0 
8 52 0 0 0 
1 0 0 0 32 0 0 0 2 1 -2 
2 12 0 0 32 10 0 0 2 2 -3 
3 0 10 0 12 10 0 0 2 3 -4 
4 0 0 0 0 10 0 1 2 2 1 -4 
5 0 -5 0 0 0 0 1 2 2 5 -1 
6 0 -5 0 32 -5 0 1 1 2 5 -6 
7 32 -5 0 52 -5 0 1 1 2 6 -7 
8 52 -5 0 52 0 0 1 2 2 7 -8 
9 32 0 0 52 0 0 0 2 8 -2 
10 32 -5 0 32 0 0 0 2 6 -2 
1 0 0 0 32 10 0 1 3 4 1 2 3 -4 
2 0 -5 0 32 0 0 1 4 4 6 10 -1 -5 
3 32 -5 0 52 0 0 1 4 4 7 8 9 -10 
$EndEntities
$Nodes
21 3341 1 3341
0 1 0 1
1
0 0 0
0 2 0 1
2
32 0 0
0 3 0 1
3
12 10 0
0 4 0 1
4
0 10 0
0 5 0 1
5
0 -5 0
0 6 0 1
6
32 -5 0
0 7 0 1
7
52 -5 0
0 8 0 1
8
52 0 0
1 1 0 39
9
10
11
12
13
14
15
16
17
18
19
20
21
22
23
24
25
26
27
28
29
30
31
32
33
34
35
36
37
38
39
40
41
42
43
44
45
46
47
0.7999999999984876 0 0
1.599999999996781 0 0
2.399999999995278 0 0
3.199999999994052 0 0
3.99999999999274 0 0
4.799999999990492 0 0
5.599999999988157 0 0
6.399999999985821 0 0
7.199999999983486 0 0
7.99999999998115 0 0
8.799999999978816 0 0
9.599999999976481 0 0
10.39999999997415 0 0
11.19999999997181 0 0
11.99999999996948 0 0
12.79999999996714 0 0
13.5999999999648 0 0
14.39999999996247 0 0
15.19999999996013 0 0
15.99999999995815 0 0
16.79999999995991 0 0
17.59999999996202 0 0
18.39999999996413 0 0
19.19999999996624 0 0
19.99999999996835 0 0
20.79999999997046 0 0
21.59999999997257 0 0
22.39999999997468 0 0
23.19999999997679 0 0
23.9999999999789 0 0
24.79999999998101 0 0
25.59999999998312 0 0
26.39999999998523 0 0
27.19999999998734 0 0
27.99999999998945 0 0
28.79999999999156 0 0
29.59999999999367 0 0
30.39999999999578 0 0
31.19999999999789 0 0
1 2 0 39
48
49
50
51
52
53
54
55
56
57
58
59
60
61
62
63
64
65
66
67
68
69
70
71
72
73
74
75
76
77
78
79
80
81
82
83
84
85
86
31.50000000000007 0.2499999999999642 0
31.00000000000018 0.4999999999999111 0
30.50000000000025 0.749999999999874 0
30.00000000000032 0.9999999999998395 0
29.50000000000041 1.249999999999796 0
29.00000000000068 1.49999999999966 0
28.50000000000097 1.749999999999515 0
28.00000000000126 1.99999999999937 0
27.50000000000155 2.249999999999225 0
27.00000000000184 2.49999999999908 0
26.50000000000213 2.749999999998935 0
26.00000000000242 2.999999999998789 0
25.50000000000271 3.249999999998645 0
25.000000000003 3.499999999998499 0
24.50000000000329 3.749999999998354 0
24.00000000000357 3.999999999998216 0
23.50000000000347 4.249999999998265 0
23.00000000000332 4.499999999998342 0
22.50000000000316 4.749999999998419 0
22.00000000000301 4.999999999998495 0
21.50000000000286 5.24999999999857 0
21.00000000000271 5.499999999998646 0
20.50000000000256 5.749999999998722 0
20.00000000000241 5.999999999998797 0
19.50000000000226 6.249999999998872 0
19.00000000000211 6.499999999998947 0
18.50000000000196 6.749999999999021 0
18.0000000000018 6.999999999999098 0
17.50000000000166 7.249999999999172 0
17.00000000000151 7.499999999999247 0
16.50000000000135 7.749999999999323 0
16.0000000000012 7.999999999999398 0
15.50000000000105 8.249999999999474 0
15.0000000000009 8.499999999999549 0
14.50000000000075 8.749999999999623 0
14.0000000000006 8.999999999999698 0
13.50000000000045 9.249999999999774 0
13.0000000000003 9.499999999999849 0
12.50000000000015 9.749999999999924 0
1 3 0 39
87
88
89
90
91
92
93
94
95
96
97
98
99
100
101
102
103
104
105
106
107
108
109
110
111
112
113
114
115
116
117
118
119
120
121
122
123
124
125
11.7000000000036 10 0
11.4000000000072 10 0
11.10000000000858 10 0
10.80000000000774 10 0
10.50000000000724 10 0
10.20000000001049 10 0
9.900000000012845 10 0
9.600000000012002 10 0
9.300000000011163 10 0
9.000000000010321 10 0
8.700000000009481 10 0
8.400000000008639 10 0
8.1000000000078 10 0
7.800000000008554 10 0
7.500000000009931 10 0
7.200000000011308 10 0
6.900000000012687 10 0
6.600000000014065 10 0
6.300000000015443 10 0
6.000000000016648 10 0
5.70000000001598 10 0
5.400000000015139 10 0
5.100000000014298 10 0
4.800000000013457 10 0
4.500000000012617 10 0
4.200000000011776 10 0
3.900000000010934 10 0
3.600000000010095 10 0
3.300000000009252 10 0
3.000000000008411 10 0
2.70000000000757 10 0
2.400000000006729 10 0
2.100000000005888 10 0
1.800000000005047 10 0
1.500000000004206 10 0
1.200000000003365 10 0
0.9000000000025246 10 0
0.6000000000016836 10 0
0.3000000000008409 10 0
1 4 0 39
126
127
128
129
130
131
132
133
134
135
136
137
138
139
140
141
142
143
144
145
146
147
148
149
150
151
152
153
154
155
156
157
158
159
160
161
162
163
164
0 0.2499999999998189 0
0 0.499999999999551 0
0 0.7499999999993633 0
0 0.9999999999991888 0
0 1.249999999998971 0
0 1.499999999998284 0
0 1.749999999997554 0
0 1.999999999996824 0
0 2.249999999996094 0
0 2.499999999995364 0
0 2.749999999994634 0
0 2.999999999993903 0
0 3.249999999993173 0
0 3.499999999992442 0
0 3.749999999991713 0
0 3.999999999991017 0
0 4.249999999991259 0
0 4.499999999991639 0
0 4.749999999992019 0
0 4.999999999992399 0
0 5.249999999992778 0
0 5.499999999993159 0
0 5.749999999993539 0
0 5.99999999999392 0
0 6.249999999994299 0
0 6.499999999994679 0
0 6.74999999999506 0
0 6.999999999995438 0
0 7.24999999999582 0
0 7.499999999996199 0
0 7.749999999996579 0
0 7.99999999999696 0
0 8.249999999997339 0
0 8.499999999997719 0
0 8.749999999998099 0
0 8.999999999998479 0
0 9.24999999999886 0
0 9.49999999999924 0
0 9.74999999999962 0
1 5 0 19
165
166
167
168
169
170
171
172
173
174
175
176
177
178
179
180
181
182
183
0 -4.75 0
0 -4.499999999999999 0
0 -4.249999999999999 0
0 -3.999999999999998 0
0 -3.749999999999997 0
0 -3.499999999999997 0
0 -3.249999999999998 0
0 -2.999999999999998 0
0 -2.749999999999998 0
0 -2.499999999999998 0
0 -2.249999999999999 0
0 -1.999999999999998 0
0 -1.749999999999999 0
0 -1.499999999999999 0
0 -1.249999999999999 0
0 -0.9999999999999991 0
0 -0.75 0
0 -0.4999999999999991 0
0 -0.25 0
1 6 0 39
184
185
186
187
188
189
190
191
192
193
194
195
196
197
198
199
200
201
202
203
204
205
206
207
208
209
210
211
212
213
214
215
216
217
218
219
220
221
222
0.7999999999984876 -5 0
1.599999999996781 -5 0
2.399999999995278 -5 0
3.199999999994052 -5 0
3.99999999999274 -5 0
4.799999999990492 -5 0
5.599999999988157 -5 0
6.399999999985821 -5 0
7.199999999983486 -5 0
7.99999999998115 -5 0
8.799999999978816 -5 0
9.599999999976481 -5 0
10.39999999997415 -5 0
11.19999999997181 -5 0
11.99999999996948 -5 0
12.79999999996714 -5 0
13.5999999999648 -5 0
14.39999999996247 -5 0
15.19999999996013 -5 0
15.99999999995815 -5 0
16.79999999995991 -5 0
17.59999999996202 -5 0
18.39999999996413 -5 0
19.19999999996624 -5 0
19.99999999996835 -5 0
20.79999999997046 -5 0
21.59999999997257 -5 0
22.39999999997468 -5 0
23.19999999997679 -5 0
23.9999999999789 -5 0
24.79999999998101 -5 0
25.59999999998312 -5 0
26.39999999998523 -5 0
27.19999999998734 -5 0
27.99999999998945 -5 0
28.79999999999156 -5 0
29.59999999999367 -5 0
30.39999999999578 -5 0
31.19999999999789 -5 0
1 7 0 39
223
224
225
226
227
228
229
230
231
232
233
234
235
236
237
238
239
240
241
242
243
244
245
246
247
248
249
250
251
252
253
254
255
256
257
258
259
260
261
32.5 -5 0
33 -5 0
33.5 -5 0
34 -5 0
34.5 -5 0
35.00000000000001 -5 0
35.50000000000001 -5 0
36.00000000000001 -5 0
36.50000000000001 -5 0
37.00000000000001 -5 0
37.50000000000001 -5 0
38.00000000000001 -5 0
38.50000000000001 -5 0
39.00000000000001 -5 0
39.50000000000001 -5 0
40.00000000000001 -5 0
40.50000000000001 -5 0
41.00000000000001 -5 0
41.50000000000001 -5 0
42.00000000000001 -5 0
42.50000000000001 -5 0
43.00000000000001 -5 0
43.50000000000001 -5 0
44.00000000000001 -5 0
44.5 -5 0
45.00000000000001 -5 0
45.50000000000001 -5 0
46 -5 0
46.5 -5 0
47 -5 0
47.5 -5 0
48 -5 0
48.5 -5 0
49 -5 0
49.5 -5 0
50 -5 0
50.5 -5 0
51 -5 0
51.5 -5 0
1 8 0 19
262
263
264
265
266
267
268
269
270
271
272
273
274
275
276
277
278
279
280
52 -4.75 0
52 -4.499999999999999 0
52 -4.249999999999999 0
52 -3.999999999999998 0
52 -3.749999999999997 0
52 -3.499999999999997 0
52 -3.249999999999998 0
52 -2.999999999999998 0
52 -2.749999999999998 0
52 -2.499999999999998 0
52 -2.249999999999999 0
52 -1.999999999999998 0
52 -1.749999999999999 0
52 -1.499999999999999 0
52 -1.249999999999999 0
52 -0.9999999999999991 0
52 -0.75 0
52 -0.4999999999999991 0
52 -0.25 0
1 9 0 39
281
282
283
284
285
286
287
288
289
290
291
292
293
294
295
296
297
298
299
300
301
302
303
304
305
306
307
308
309
310
311
312
313
314
315
316
317
318
319
51.5 0 0
51 0 0
50.5 0 0
50 0 0
49.5 0 0
48.99999999999999 0 0
48.49999999999999 0 0
47.99999999999999 0 0
47.49999999999999 0 0
46.99999999999999 0 0
46.49999999999999 0 0
45.99999999999999 0 0
45.49999999999999 0 0
44.99999999999999 0 0
44.49999999999999 0 0
43.99999999999999 0 0
43.49999999999999 0 0
42.99999999999999 0 0
42.49999999999999 0 0
41.99999999999999 0 0
41.49999999999999 0 0
40.99999999999999 0 0
40.49999999999999 0 0
39.99999999999999 0 0
39.5 0 0
38.99999999999999 0 0
38.49999999999999 0 0
38 0 0
37.5 0 0
37 0 0
36.5 0 0
36 0 0
35.5 0 0
35 0 0
34.5 0 0
34 0 0
33.5 0 0
33 0 0
32.5 0 0
1 10 0 19
320
321
322
323
324
325
326
327
328
329
330
331
332
333
334
335
336
337
338
32 -4.75 0
32 -4.499999999999999 0
32 -4.249999999999999 0
32 -3.999999999999998 0
32 -3.749999999999997 0
32 -3.499999999999997 0
32 -3.249999999999998 0
32 -2.999999999999998 0
32 -2.749999999999998 0
32 -2.499999999999998 0
32 -2.249999999999999 0
32 -1.999999999999998 0
32 -1.749999999999999 0
32 -1.499999999999999 0
32 -1.249999999999999 0
32 -0.9999999999999991 0
32 -0.75 0
32 -0.4999999999999991 0
32 -0.25 0
2 1 0 1521
339
340
341
342
343
344
345
346
347
348
349
350
351
352
353
354
355
356
357
358
359
360
361
362
363
364
365
366
367
368
369
370
371
372
373
374
375
376
377
378
379
380
381
382
383
384
385
386
387
388
389
390
391
392
393
394
395
396
397
398
399
400
401
402
403
404
405
406
407
408
409
410
411
412
413
414
415
416
417
418
419
420
421
422
423
424
425
426
427
428
429
430
431
432
433
434
435
436
437
438
439
440
441
442
443
444
445
446
447
448
449
450
451
452
453
454
455
456
457
458
459
460
461
462
463
464
465
466
467
468
469
470
471
472
473
474
475
476
477
478
479
480
481
482
483
484
485
486
487
488
489
490
491
492
493
494
495
496
497
498
499
500
501
502
503
504
505
506
507
508
509
510
511
512
513
514
515
516
517
518
519
520
521
522
523
524
525
526
527
528
529
530
531
532
533
534
535
536
537
538
539
540
541
542
543
544
545
546
547
548
549
550
551
552
553
554
555
556
557
558
559
560
561
562
563
564
565
566
567
568
569
570
571
572
573
574
575
576
577
578
579
580
581
582
583
584
585
586
587
588
589
590
591
592
593
594
595
596
597
598
599
600
601
602
603
604
605
606
607
608
609
610
611
612
613
614
615
616
617
618
619
620
621
622
623
624
625
626
627
628
629
630
631
632
633
634
635
636
637
638
639
640
641
642
643
644
645
646
647
648
649
650
651
652
653
654
655
656
657
658
659
660
661
662
663
664
665
666
667
668
669
670
671
672
673
674
675
676
677
678
679
680
681
682
683
684
685
686
687
688
689
690
691
692
693
694
695
696
697
698
699
700
701
702
703
704
705
706
707
708
709
710
711
712
713
714
715
716
717
718
719
720
721
722
723
724
725
726
727
728
729
730
731
732
733
734
735
736
737
738
739
740
741
742
743
744
745
746
747
748
749
750
751
752
753
754
755
756
757
758
759
760
761
762
763
764
765
766
767
768
769
770
771
772
773
774
775
776
777
778
779
780
781
782
783
784
785
786
787
788
789
790
791
792
793
794
795
796
797
798
799
800
801
802
803
804
805
806
807
808
809
810
811
812
813
814
815
816
817
818
819
820
821
822
823
824
825
826
827
828
829
830
831
832
833
834
835
836
837
838
839
840
841
842
843
844
845
846
847
848
849
850
851
852
853
854
855
856
857
858
859
860
861
862
863
864
865
866
867
868
869
870
871
872
873
874
875
876
877
878
879
880
881
882
883
884
885
886
887
888
889
890
891
892
893
894
895
896
897
898
899
900
901
902
903
904
905
906
907
908
909
910
911
912
913
914
915
916
917
918
919
920
921
922
923
924
925
926
927
928
929
930
931
932
933
934
935
936
937
938
939
940
941
942
943
944
945
946
947
948
949
950
951
952
953
954
955
956
957
958
959
960
961
962
963
964
965
966
967
968
969
970
971
972
973
974
975
976
977
978
979
980
981
982
983
984
985
986
987
988
989
990
991
992
993
994
995
996
997
998
999
1000
1001
1002
1003
1004
1005
1006
1007
1008
1009
1010
1011
1012
1013
1014
1015
1016
1017
1018
1019
1020
1021
1022
1023
1024
1025
1026
1027
1028
1029
1030
1031
1032
1033
1034
1035
1036
1037
1038
1039
1040
1041
1042
1043
1044
1045
1046
1047
1048
1049
1050
1051
1052
1053
1054
1055
1056
1057
1058
1059
1060
1061
1062
1063
1064
1065
1066
1067
1068
1069
1070
1071
1072
1073
1074
1075
1076
1077
1078
1079
1080
1081
1082
1083
1084
1085
1086
1087
1088
1089
1090
1091
1092
1093
1094
1095
1096
1097
1098
1099
1100
1101
1102
1103
1104
1105
1106
1107
1108
1109
1110
1111
1112
1113
1114
1115
1116
1117
1118
1119
1120
1121
1122
1123
1124
1125
1126
1127
1128
1129
1130
1131
1132
1133
1134
1135
1136
1137
1138
1139
1140
1141
1142
1143
1144
1145
1146
1147
1148
1149
1150
1151
1152
1153
1154
1155
1156
1157
1158
1159
1160
1161
1162
1163
1164
1165
1166
1167
1168
1169
1170
1171
1172
1173
1174
1175
1176
1177
1178
1179
1180
1181
1182
1183
1184
1185
1186
1187
1188
1189
1190
1191
1192
1193
1194
1195
1196
1197
1198
1199
1200
1201
1202
1203
1204
1205
1206
1207
1208
1209
1210
1211
1212
1213
1214
1215
1216
1217
1218
1219
1220
1221
1222
1223
1224
1225
1226
1227
1228
1229
1230
1231
1232
1233
1234
1235
1236
1237
1238
1239
1240
1241
1242
1243
1244
1245
1246
1247
1248
1249
1250
1251
1252
1253
1254
1255
1256
1257
1258
1259
1260
1261
1262
1263
1264
1265
1266
1267
1268
1269
1270
1271
1272
1273
1274
1275
1276
1277
1278
1279
1280
1281
1282
1283
1284
1285
1286
1287
1288
1289
1290
1291
1292
1293
1294
1295
1296
1297
1298
1299
1300
1301
1302
1303
1304
1305
1306
1307
1308
1309
1310
1311
1312
1313
1314
1315
1316
1317
1318
1319
1320
1321
1322
1323
1324
1325
1326
1327
1328
1329
1330
1331
1332
1333
1334
1335
1336
1337
1338
1339
1340
1341
1342
1343
1344
1345
1346
1347
1348
1349
1350
1351
1352
1353
1354
1355
1356
1357
1358
1359
1360
1361
1362
1363
1364
1365
1366
1367
1368
1369
1370
1371
1372
1373
1374
1375
1376
1377
1378
1379
1380
1381
1382
1383
1384
1385
1386
1387
1388
1389
1390
1391
1392
1393
1394
1395
1396
1397
1398
1399
1400
1401
1402
1403
1404
1405
1406
1407
1408
1409
1410
1411
1412
1413
1414
1415
1416
1417
1418
1419
1420
1421
1422
1423
1424
1425
1426
1427
1428
1429
1430
1431
1432
1433
1434
1435
1436
1437
1438
1439
1440
1441
1442
1443
1444
1445
1446
1447
1448
1449
1450
1451
1452
1453
1454
1455
1456
1457
1458
1459
1460
1461
1462
1463
1464
1465
1466
1467
1468
1469
1470
1471
1472
1473
1474
1475
1476
1477
1478
1479
1480
1481
1482
1483
1484
1485
1486
1487
1488
1489
1490
1491
1492
1493
1494
1495
1496
1497
1498
1499
1500
1501
1502
1503
1504
1505
1506
1507
1508
1509
1510
1511
1512
1513
1514
1515
1516
1517
1518
1519
1520
1521
1522
1523
1524
1525
1526
1527
1528
1529
1530
1531
1532
1533
1534
1535
1536
1537
1538
1539
1540
1541
1542
1543
1544
1545
1546
1547
1548
1549
1550
1551
1552
1553
1554
1555
1556
1557
1558
1559
1560
1561
1562
1563
1564
1565
1566
1567
1568
1569
1570
1571
1572
1573
1574
1575
1576
1577
1578
1579
1580
1581
1582
1583
1584
1585
1586
1587
1588
1589
1590
1591
1592
1593
1594
1595
1596
1597
1598
1599
1600
1601
1602
1603
1604
1605
1606
1607
1608
1609
1610
1611
1612
1613
1614
1615
1616
1617
1618
1619
1620
1621
1622
1623
1624
1625
1626
1627
1628
1629
1630
1631
1632
1633
1634
1635
1636
1637
1638
1639
1640
1641
1642
1643
1644
1645
1646
1647
1648
1649
1650
1651
1652
1653
1654
1655
1656
1657
1658
1659
1660
1661
1662
1663
1664
1665
1666
1667
1668
1669
1670
1671
1672
1673
1674
1675
1676
1677
1678
1679
1680
1681
1682
1683
1684
1685
1686
1687
1688
1689
1690
1691
1692
1693
1694
1695
1696
1697
1698
1699
1700
1701
1702
1703
1704
1705
1706
1707
1708
1709
1710
1711
1712
1713
1714
1715
1716
1717
1718
1719
1720
1721
1722
1723
1724
1725
1726
1727
1728
1729
1730
1731
1732
1733
1734
1735
1736
1737
1738
1739
1740
1741
1742
1743
1744
1745
1746
1747
1748
1749
1750
1751
1752
1753
1754
1755
1756
1757
1758
1759
1760
1761
1762
1763
1764
1765
1766
1767
1768
1769
1770
1771
1772
1773
1774
1775
1776
1777
1778
1779
1780
1781
1782
1783
1784
1785
1786
1787
1788
1789
1790
1791
1792
1793
1794
1795
1796
1797
1798
1799
1800
1801
1802
1803
1804
1805
1806
1807
1808
1809
1810
1811
1812
1813
1814
1815
1816
1817
1818
1819
1820
1821
1822
1823
1824
1825
1826
1827
1828
1829
1830
1831
1832
1833
1834
1835
1836
1837
1838
1839
1840
1841
1842
1843
1844
1845
1846
1847
1848
1849
1850
1851
1852
1853
1854
1855
1856
1857
1858
1859
0.7874999999985483 0.2499999999998226 0
0.7749999999986097 0.49999999999956 0
0.7624999999986705 0.7499999999993762 0
0.7499999999987308 0.9999999999992052 0
0.737499999998792 1.249999999998991 0
0.7249999999988574 1.499999999998319 0
0.7124999999989237 1.749999999997603 0
0.6999999999989897 1.999999999996888 0
0.6874999999990556 2.249999999996172 0
0.6749999999991221 2.499999999995457 0
0.6624999999991881 2.749999999994741 0
0.649999999999254 2.999999999994025 0
0.6374999999993199 3.249999999993309 0
0.6249999999993863 3.499999999992594 0
0.6124999999994525 3.749999999991878 0
0.5999999999995181 3.999999999991197 0
0.5874999999995745 4.249999999991432 0
0.5749999999996294 4.499999999991807 0
0.5624999999996845 4.749999999992179 0
0.5499999999997396 4.999999999992552 0
0.5374999999997947 5.249999999992922 0
0.5249999999998497 5.499999999993297 0
0.5124999999999047 5.749999999993668 0
0.4999999999999599 5.999999999994041 0
0.4875000000000148 6.249999999994413 0
0.4750000000000699 6.499999999994787 0
0.462500000000125 6.749999999995159 0
0.45000000000018 6.999999999995531 0
0.4375000000002352 7.249999999995904 0
0.4250000000002903 7.499999999996275 0
0.4125000000003453 7.749999999996646 0
0.4000000000004003 7.999999999997021 0
0.3875000000004555 8.249999999997391 0
0.3750000000005104 8.499999999997765 0
0.3625000000005656 8.749999999998137 0
0.3500000000006206 8.999999999998508 0
0.3375000000006757 9.249999999998883 0
0.3250000000007308 9.499999999999256 0
0.3125000000007859 9.749999999999629 0
1.574999999996907 0.2499999999998261 0
1.549999999997035 0.4999999999995691 0
1.524999999997161 0.7499999999993887 0
1.499999999997287 0.9999999999992211 0
1.474999999997414 1.249999999999012 0
1.44999999999755 1.499999999998353 0
1.424999999997687 1.749999999997652 0
1.399999999997824 1.999999999996951 0
1.374999999997961 2.24999999999625 0
1.349999999998099 2.49999999999555 0
1.324999999998236 2.749999999994848 0
1.299999999998373 2.999999999994147 0
1.27499999999851 3.249999999993447 0
1.249999999998646 3.499999999992745 0
1.224999999998784 3.749999999992045 0
1.19999999999892 3.999999999991377 0
1.174999999999038 4.249999999991609 0
1.149999999999153 4.499999999991974 0
1.124999999999268 4.749999999992338 0
1.099999999999382 4.999999999992705 0
1.074999999999498 5.249999999993068 0
1.049999999999613 5.499999999993433 0
1.024999999999728 5.749999999993799 0
0.999999999999843 5.999999999994163 0
0.9749999999999579 6.249999999994527 0
0.9500000000000729 6.499999999994894 0
0.9250000000001881 6.749999999995259 0
0.9000000000003031 6.999999999995623 0
0.8750000000004181 7.249999999995989 0
0.8500000000005332 7.499999999996351 0
0.8250000000006481 7.749999999996716 0
0.8000000000007632 7.999999999997081 0
0.7750000000008782 8.249999999997447 0
0.7500000000009933 8.499999999997812 0
0.7250000000011083 8.749999999998176 0
0.7000000000012235 8.999999999998538 0
0.6750000000013384 9.249999999998902 0
0.6500000000014536 9.499999999999268 0
0.6250000000015689 9.749999999999636 0
2.362499999995465 0.2499999999998297 0
2.324999999995654 0.499999999999578 0
2.287499999995841 0.7499999999994015 0
2.249999999996026 0.9999999999992375 0
2.212499999996214 1.249999999999032 0
2.174999999996416 1.499999999998388 0
2.137499999996619 1.749999999997702 0
2.099999999996822 1.999999999997015 0
2.062499999997025 2.249999999996329 0
2.024999999997227 2.499999999995643 0
1.987499999997431 2.749999999994956 0
1.949999999997633 2.999999999994269 0
1.912499999997836 3.249999999993582 0
1.87499999999804 3.499999999992896 0
1.837499999998242 3.749999999992211 0
1.799999999998444 3.999999999991557 0
1.762499999998617 4.249999999991783 0
1.724999999998788 4.499999999992142 0
1.687499999998957 4.749999999992498 0
1.649999999999127 4.999999999992855 0
1.612499999999297 5.249999999993213 0
1.574999999999467 5.499999999993571 0
1.537499999999637 5.749999999993928 0
1.499999999999806 5.999999999994285 0
1.462499999999976 6.24999999999464 0
1.425000000000146 6.499999999994999 0
1.387500000000316 6.749999999995357 0
1.350000000000486 6.999999999995711 0
1.312500000000655 7.249999999996072 0
1.275000000000825 7.499999999996426 0
1.237500000000995 7.749999999996784 0
1.200000000001165 7.999999999997144 0
1.162500000001335 8.249999999997497 0
1.125000000001505 8.499999999997856 0
1.087500000001675 8.749999999998215 0
1.050000000001845 8.99999999999857 0
1.012500000002015 9.249999999998929 0
0.9750000000021851 9.499999999999284 0
0.937500000002355 9.749999999999643 0
3.149999999994292 0.2499999999998334 0
3.099999999994536 0.499999999999587 0
3.049999999994776 0.7499999999994142 0
2.999999999995016 0.999999999999254 0
2.949999999995257 1.249999999999053 0
2.899999999995518 1.499999999998422 0
2.849999999995779 1.74999999999775 0
2.799999999996042 1.999999999997078 0
2.749999999996303 2.249999999996407 0
2.699999999996564 2.499999999995735 0
2.649999999996826 2.749999999995063 0
2.599999999997088 2.999999999994392 0
2.54999999999735 3.249999999993719 0
2.499999999997613 3.499999999993048 0
2.449999999997874 3.749999999992378 0
2.399999999998135 3.999999999991736 0
2.349999999998357 4.249999999991958 0
2.299999999998575 4.499999999992308 0
2.249999999998792 4.749999999992657 0
2.19999999999901 4.999999999993007 0
2.149999999999228 5.249999999993357 0
2.099999999999445 5.499999999993709 0
2.049999999999664 5.749999999994058 0
1.999999999999881 5.999999999994407 0
1.950000000000098 6.249999999994756 0
1.900000000000317 6.499999999995107 0
1.850000000000535 6.749999999995456 0
1.800000000000752 6.999999999995804 0
1.75000000000097 7.249999999996156 0
1.700000000001188 7.499999999996505 0
1.650000000001405 7.749999999996852 0
1.600000000001623 7.999999999997204 0
1.550000000001841 8.249999999997554 0
1.500000000002059 8.499999999997902 0
1.450000000002277 8.74999999999825 0
1.400000000002495 8.999999999998602 0
1.350000000002712 9.24999999999895 0
1.30000000000293 9.499999999999297 0
1.250000000003148 9.74999999999965 0
3.937499999993035 0.249999999999837 0
3.874999999993336 0.4999999999995959 0
3.812499999993632 0.7499999999994271 0
3.749999999993927 0.99999999999927 0
3.687499999994225 1.249999999999074 0
3.624999999994545 1.499999999998456 0
3.562499999994869 1.7499999999978 0
3.499999999995191 1.999999999997143 0
3.437499999995514 2.249999999996485 0
3.374999999995837 2.499999999995828 0
3.31249999999616 2.749999999995171 0
3.249999999996482 2.999999999994514 0
3.187499999996806 3.249999999993857 0
3.124999999997129 3.4999999999932 0
3.06249999999745 3.749999999992543 0
2.999999999997773 3.999999999991917 0
2.937499999998046 4.249999999992134 0
2.874999999998315 4.499999999992476 0
2.812499999998582 4.749999999992817 0
2.749999999998849 4.999999999993159 0
2.687499999999118 5.249999999993502 0
2.624999999999385 5.499999999993844 0
2.562499999999653 5.749999999994188 0
2.499999999999921 5.999999999994529 0
2.437500000000188 6.249999999994871 0
2.375000000000456 6.499999999995213 0
2.312500000000725 6.749999999995554 0
2.250000000000993 6.999999999995897 0
2.18750000000126 7.249999999996239 0
2.125000000001529 7.49999999999658 0
2.062500000001795 7.749999999996922 0
2.000000000002064 7.999999999997264 0
1.937500000002331 8.249999999997605 0
1.875000000002599 8.499999999997948 0
1.812500000002868 8.749999999998289 0
1.750000000003135 8.999999999998632 0
1.687500000003403 9.249999999998975 0
1.625000000003671 9.499999999999316 0
1.562500000003939 9.749999999999655 0
4.724999999990865 0.2499999999998407 0
4.649999999991246 0.499999999999605 0
4.57499999999162 0.7499999999994398 0
4.499999999991994 0.9999999999992863 0
4.424999999992374 1.249999999999095 0
4.349999999992779 1.499999999998491 0
4.274999999993184 1.749999999997848 0
4.199999999993594 1.999999999997206 0
4.124999999993999 2.249999999996564 0
4.049999999994407 2.499999999995922 0
3.974999999994814 2.749999999995278 0
3.899999999995222 2.999999999994636 0
3.82499999999563 3.249999999993994 0
3.749999999996036 3.499999999993351 0
3.674999999996444 3.74999999999271 0
3.599999999996849 3.999999999992097 0
3.524999999997198 4.249999999992309 0
3.44999999999754 4.499999999992642 0
3.37499999999788 4.749999999992981 0
3.299999999998222 4.999999999993312 0
3.224999999998563 5.249999999993647 0
3.149999999998904 5.499999999993982 0
3.074999999999246 5.749999999994317 0
2.999999999999586 5.999999999994651 0
2.924999999999927 6.249999999994985 0
2.850000000000269 6.499999999995319 0
2.775000000000611 6.749999999995653 0
2.700000000000951 6.999999999995986 0
2.625000000001293 7.249999999996324 0
2.550000000001635 7.499999999996658 0
2.475000000001975 7.749999999996991 0
2.400000000002317 7.999999999997325 0
2.325000000002658 8.249999999997661 0
2.250000000003 8.499999999997994 0
2.175000000003341 8.749999999998328 0
2.100000000003682 8.999999999998661 0
2.025000000004023 9.249999999998995 0
1.950000000004365 9.499999999999332 0
1.875000000004706 9.749999999999662 0
5.512499999988613 0.2499999999998443 0
5.424999999989073 0.499999999999614 0
5.337499999989531 0.7499999999994525 0
5.249999999989986 0.9999999999993028 0
5.162499999990445 1.249999999999116 0
5.074999999990935 1.499999999998525 0
4.987499999991428 1.749999999997897 0
4.899999999991924 1.999999999997269 0
4.812499999992417 2.249999999996642 0
4.724999999992912 2.499999999996014 0
4.637499999993407 2.749999999995387 0
4.549999999993899 2.999999999994758 0
4.462499999994395 3.24999999999413 0
4.374999999994889 3.499999999993502 0
4.287499999995382 3.749999999992875 0
4.199999999995873 3.999999999992276 0
4.1124999999963 4.249999999992484 0
4.024999999996718 4.49999999999281 0
3.937499999997132 4.749999999993139 0
3.849999999997549 4.999999999993466 0
3.762499999997966 5.249999999993793 0
3.674999999998383 5.499999999994118 0
3.5874999999988 5.749999999994447 0
3.499999999999218 5.999999999994774 0
3.412499999999634 6.249999999995099 0
3.325000000000051 6.499999999995426 0
3.237500000000468 6.749999999995753 0
3.150000000000884 6.999999999996078 0
3.062500000001301 7.249999999996405 0
2.975000000001719 7.499999999996732 0
2.887500000002136 7.749999999997058 0
2.800000000002552 7.999999999997384 0
2.71250000000297 8.24999999999771 0
2.625000000003387 8.499999999998041 0
2.537500000003804 8.749999999998364 0
2.450000000004221 8.999999999998696 0
2.362500000004637 9.249999999999018 0
2.275000000005054 9.499999999999346 0
2.187500000005472 9.749999999999671 0
6.299999999986359 0.2499999999998479 0
6.199999999986902 0.4999999999996231 0
6.09999999998744 0.7499999999994654 0
5.999999999987976 0.9999999999993189 0
5.899999999988517 1.249999999999136 0
5.799999999989094 1.499999999998559 0
5.699999999989676 1.749999999997946 0
5.599999999990255 1.999999999997334 0
5.499999999990836 2.24999999999672 0
5.399999999991417 2.499999999996107 0
5.299999999991997 2.749999999995493 0
5.199999999992578 2.999999999994881 0
5.09999999999316 3.249999999994267 0
4.999999999993738 3.499999999993654 0
4.899999999994319 3.74999999999304 0
4.799999999994898 3.999999999992457 0
4.6999999999954 4.24999999999266 0
4.599999999995894 4.499999999992979 0
4.499999999996385 4.749999999993299 0
4.399999999996878 4.999999999993618 0
4.299999999997372 5.249999999993936 0
4.199999999997861 5.499999999994257 0
4.099999999998355 5.749999999994575 0
3.999999999998848 5.999999999994895 0
3.89999999999934 6.249999999995213 0
3.799999999999832 6.499999999995533 0
3.700000000000325 6.749999999995853 0
3.600000000000818 6.999999999996171 0
3.500000000001311 7.249999999996492 0
3.400000000001803 7.49999999999681 0
3.300000000002296 7.749999999997129 0
3.200000000002788 7.999999999997447 0
3.100000000003281 8.249999999997769 0
3.000000000003773 8.499999999998085 0
2.900000000004266 8.749999999998403 0
2.800000000004759 8.999999999998725 0
2.700000000005252 9.249999999999039 0
2.600000000005743 9.499999999999362 0
2.500000000006236 9.749999999999678 0
7.087499999984105 0.2499999999998516 0
6.97499999998473 0.4999999999996322 0
6.862499999985349 0.7499999999994783 0
6.749999999985965 0.9999999999993352 0
6.63749999998659 1.249999999999156 0
6.524999999987253 1.499999999998594 0
6.412499999987919 1.749999999997996 0
6.299999999988587 1.999999999997397 0
6.187499999989253 2.249999999996798 0
6.074999999989919 2.499999999996199 0
5.962499999990587 2.749999999995602 0
5.849999999991256 2.999999999995003 0
5.737499999991925 3.249999999994404 0
5.624999999992591 3.499999999993805 0
5.512499999993258 3.749999999993207 0
5.399999999993923 3.999999999992637 0
5.287499999994504 4.249999999992836 0
5.17499999999507 4.499999999993148 0
5.062499999995637 4.74999999999346 0
4.949999999996206 4.99999999999377 0
4.837499999996774 5.24999999999408 0
4.724999999997341 5.499999999994394 0
4.61249999999791 5.749999999994706 0
4.499999999998479 5.999999999995016 0
4.387499999999047 6.249999999995328 0
4.274999999999615 6.499999999995639 0
4.162500000000183 6.749999999995952 0
4.05000000000075 6.999999999996262 0
3.937500000001319 7.249999999996574 0
3.825000000001888 7.499999999996885 0
3.712500000002456 7.749999999997197 0
3.600000000003025 7.999999999997507 0
3.487500000003592 8.249999999997822 0
3.37500000000416 8.499999999998135 0
3.262500000004729 8.749999999998444 0
3.150000000005297 8.999999999998753 0
3.037500000005866 9.249999999999067 0
2.925000000006435 9.499999999999375 0
2.812500000007003 9.749999999999686 0
7.87499999998185 0.2499999999998552 0
7.749999999982558 0.499999999999641 0
7.624999999983259 0.7499999999994909 0
7.499999999983956 0.9999999999993515 0
7.374999999984662 1.249999999999177 0
7.249999999985409 1.499999999998628 0
7.124999999986164 1.749999999998044 0
6.999999999986919 1.999999999997461 0
6.874999999987671 2.249999999996876 0
6.749999999988426 2.499999999996293 0
6.62499999998918 2.749999999995709 0
6.499999999989934 2.999999999995125 0
6.374999999990687 3.249999999994541 0
6.249999999991442 3.499999999993956 0
6.124999999992195 3.749999999993373 0
5.999999999992946 3.999999999992816 0
5.874999999993602 4.24999999999301 0
5.749999999994246 4.499999999993315 0
5.624999999994889 4.74999999999362 0
5.499999999995532 4.999999999993924 0
5.374999999996177 5.249999999994226 0
5.24999999999682 5.49999999999453 0
5.124999999997465 5.749999999994833 0
4.99999999999811 5.999999999995139 0
4.874999999998751 6.249999999995442 0
4.749999999999396 6.499999999995746 0
4.625000000000039 6.749999999996051 0
4.500000000000684 6.999999999996353 0
4.375000000001329 7.249999999996658 0
4.250000000001972 7.499999999996962 0
4.125000000002616 7.749999999997264 0
4.00000000000326 7.999999999997568 0
3.875000000003903 8.249999999997874 0
3.750000000004547 8.499999999998176 0
3.625000000005192 8.749999999998479 0
3.500000000005836 8.999999999998787 0
3.375000000006479 9.249999999999087 0
3.250000000007123 9.499999999999389 0
3.125000000007768 9.749999999999694 0
8.662499999979596 0.2499999999998588 0
8.524999999980386 0.4999999999996501 0
8.387499999981168 0.7499999999995036 0
8.249999999981947 0.9999999999993678 0
8.112499999982735 1.249999999999198 0
7.974999999983568 1.499999999998662 0
7.837499999984409 1.749999999998093 0
7.69999999998525 1.999999999997524 0
7.562499999986089 2.249999999996954 0
7.424999999986932 2.499999999996385 0
7.287499999987773 2.749999999995817 0
7.149999999988614 2.999999999995246 0
7.012499999989453 3.249999999994678 0
6.874999999990296 3.499999999994107 0
6.737499999991133 3.749999999993539 0
6.599999999991971 3.999999999992997 0
6.462499999992705 4.249999999993186 0
6.324999999993423 4.499999999993482 0
6.187499999994142 4.749999999993781 0
6.049999999994862 4.999999999994077 0
5.912499999995581 5.249999999994372 0
5.7749999999963 5.499999999994668 0
5.63749999999702 5.749999999994965 0
5.49999999999774 5.99999999999526 0
5.362499999998457 6.249999999995557 0
5.224999999999179 6.499999999995852 0
5.087499999999898 6.749999999996151 0
4.950000000000617 6.999999999996444 0
4.812500000001338 7.249999999996744 0
4.675000000002058 7.499999999997039 0
4.537500000002774 7.749999999997334 0
4.400000000003496 7.99999999999763 0
4.262500000004215 8.249999999997927 0
4.125000000004935 8.499999999998222 0
3.987500000005655 8.749999999998522 0
3.850000000006373 8.999999999998817 0
3.712500000007092 9.24999999999911 0
3.575000000007813 9.499999999999403 0
3.437500000008534 9.749999999999702 0
9.449999999977342 0.2499999999998625 0
9.299999999978214 0.4999999999996591 0
9.149999999979078 0.7499999999995166 0
8.999999999979938 0.9999999999993838 0
8.849999999980806 1.249999999999219 0
8.699999999981729 1.499999999998697 0
8.549999999982651 1.749999999998142 0
8.399999999983581 1.999999999997588 0
8.249999999984508 2.249999999997033 0
8.099999999985439 2.499999999996478 0
7.949999999986365 2.749999999995924 0
7.799999999987293 2.999999999995369 0
7.649999999988219 3.249999999994814 0
7.499999999989146 3.499999999994259 0
7.349999999990072 3.749999999993705 0
7.199999999990995 3.999999999993177 0
7.049999999991808 4.24999999999336 0
6.899999999992604 4.499999999993649 0
6.749999999993396 4.749999999993941 0
6.599999999994193 4.999999999994228 0
6.449999999994985 5.249999999994515 0
6.299999999995782 5.499999999994805 0
6.149999999996576 5.749999999995094 0
5.99999999999737 5.999999999995381 0
5.849999999998166 6.249999999995672 0
5.699999999998962 6.499999999995959 0
5.549999999999756 6.749999999996248 0
5.400000000000551 6.999999999996536 0
5.250000000001348 7.249999999996826 0
5.100000000002142 7.499999999997113 0
4.950000000002939 7.749999999997403 0
4.800000000003735 7.999999999997691 0
4.650000000004527 8.249999999997982 0
4.500000000005322 8.49999999999827 0
4.350000000006118 8.749999999998558 0
4.200000000006914 8.999999999998845 0
4.050000000007708 9.24999999999913 0
3.900000000008504 9.499999999999419 0
3.7500000000093 9.749999999999712 0
10.23749999997509 0.2499999999998661 0
10.07499999997604 0.4999999999996681 0
9.912499999976985 0.7499999999995293 0
9.749999999977929 0.9999999999994 0
9.587499999978874 1.249999999999239 0
9.424999999979885 1.499999999998731 0
9.262499999980896 1.749999999998191 0
9.099999999981911 1.999999999997651 0
8.937499999982927 2.249999999997111 0
8.77499999998394 2.499999999996572 0
8.612499999984955 2.749999999996032 0
8.449999999985971 2.999999999995492 0
8.287499999986984 3.249999999994951 0
8.124999999987997 3.499999999994411 0
7.96249999998901 3.749999999993872 0
7.79999999999002 3.999999999993356 0
7.637499999990906 4.249999999993536 0
7.474999999991778 4.499999999993817 0
7.312499999992648 4.7499999999941 0
7.149999999993517 4.999999999994379 0
6.987499999994389 5.249999999994659 0
6.82499999999526 5.499999999994942 0
6.66249999999613 5.749999999995223 0
6.499999999997002 5.999999999995504 0
6.337499999997871 6.249999999995785 0
6.174999999998741 6.499999999996065 0
6.012499999999614 6.749999999996349 0
5.850000000000485 6.999999999996627 0
5.687500000001355 7.249999999996911 0
5.525000000002226 7.499999999997191 0
5.362500000003097 7.74999999999747 0
5.200000000003968 7.999999999997751 0
5.037500000004837 8.249999999998034 0
4.875000000005709 8.499999999998316 0
4.71250000000658 8.749999999998597 0
4.550000000007451 8.999999999998876 0
4.387500000008321 9.249999999999154 0
4.225000000009194 9.49999999999944 0
4.062500000010065 9.749999999999721 0
11.02499999997283 0.2499999999998697 0
10.84999999997387 0.499999999999677 0
10.6749999999749 0.7499999999995419 0
10.49999999997592 0.9999999999994165 0
10.32499999997695 1.249999999999259 0
10.14999999997804 1.499999999998766 0
9.974999999979143 1.749999999998241 0
9.799999999980246 1.999999999997715 0
9.624999999981343 2.249999999997189 0
9.449999999982444 2.499999999996664 0
9.274999999983546 2.749999999996139 0
9.09999999998465 2.999999999995613 0
8.924999999985749 3.249999999995088 0
8.74999999998685 3.499999999994563 0
8.574999999987948 3.749999999994038 0
8.399999999989044 3.999999999993537 0
8.224999999990009 4.249999999993709 0
8.049999999990957 4.499999999993985 0
7.874999999991901 4.74999999999426 0
7.699999999992846 4.999999999994532 0
7.524999999993794 5.249999999994805 0
7.34999999999474 5.49999999999508 0
7.174999999995686 5.749999999995352 0
6.999999999996632 5.999999999995627 0
6.824999999997578 6.2499999999959 0
6.649999999998524 6.499999999996174 0
6.474999999999474 6.749999999996447 0
6.300000000000416 6.999999999996718 0
6.125000000001363 7.249999999996994 0
5.95000000000231 7.499999999997264 0
5.775000000003256 7.74999999999754 0
5.600000000004204 7.999999999997812 0
5.425000000005149 8.249999999998087 0
5.250000000006097 8.499999999998359 0
5.075000000007044 8.749999999998634 0
4.900000000007991 8.999999999998908 0
4.725000000008936 9.249999999999179 0
4.550000000009883 9.499999999999453 0
4.37500000001083 9.749999999999726 0
11.81249999997058 0.2499999999998734 0
11.6249999999717 0.4999999999996861 0
11.43749999997281 0.7499999999995546 0
11.24999999997391 0.9999999999994328 0
11.06249999997502 1.24999999999928 0
10.8749999999762 1.4999999999988 0
10.68749999997739 1.749999999998289 0
10.49999999997858 1.999999999997779 0
10.31249999997976 2.249999999997268 0
10.12499999998095 2.499999999996756 0
9.937499999982139 2.749999999996247 0
9.749999999983327 2.999999999995736 0
9.562499999984514 3.249999999995224 0
9.3749999999857 3.499999999994714 0
9.187499999986889 3.749999999994204 0
8.99999999998807 3.999999999993716 0
8.812499999989111 4.249999999993886 0
8.624999999990132 4.499999999994153 0
8.437499999991154 4.74999999999442 0
8.249999999992173 4.999999999994684 0
8.062499999993195 5.249999999994951 0
7.874999999994218 5.499999999995216 0
7.687499999995241 5.749999999995483 0
7.499999999996264 5.999999999995747 0
7.312499999997284 6.249999999996014 0
7.124999999998306 6.49999999999628 0
6.937499999999329 6.749999999996545 0
6.750000000000351 6.99999999999681 0
6.562500000001375 7.249999999997076 0
6.375000000002396 7.499999999997343 0
6.187500000003418 7.749999999997609 0
6.00000000000444 7.999999999997875 0
5.812500000005461 8.249999999998142 0
5.625000000006484 8.499999999998405 0
5.437500000007507 8.74999999999867 0
5.250000000008528 8.999999999998936 0
5.062500000009551 9.249999999999202 0
4.875000000010572 9.499999999999467 0
4.687500000011593 9.749999999999734 0
12.59999999996833 0.249999999999877 0
12.39999999996953 0.499999999999695 0
12.19999999997071 0.7499999999995677 0
11.9999999999719 0.9999999999994491 0
11.7999999999731 1.249999999999301 0
11.59999999997436 1.499999999998835 0
11.39999999997563 1.749999999998338 0
11.1999999999769 1.999999999997842 0
10.99999999997818 2.249999999997346 0
10.79999999997946 2.49999999999685 0
10.59999999998073 2.749999999996354 0
10.399999999982 2.999999999995858 0
10.19999999998327 3.249999999995361 0
9.999999999984551 3.499999999994865 0
9.799999999985824 3.749999999994369 0
9.599999999987091 3.999999999993896 0
9.399999999988211 4.249999999994062 0
9.199999999989313 4.499999999994321 0
8.999999999990404 4.749999999994579 0
8.799999999991499 4.999999999994837 0
8.599999999992598 5.249999999995095 0
8.399999999993696 5.499999999995355 0
8.199999999994795 5.749999999995612 0
7.999999999995895 5.99999999999587 0
7.799999999996991 6.249999999996128 0
7.599999999998089 6.499999999996385 0
7.399999999999187 6.749999999996645 0
7.200000000000284 6.999999999996902 0
7.000000000001382 7.249999999997163 0
6.800000000002481 7.499999999997419 0
6.600000000003576 7.749999999997677 0
6.400000000004674 7.999999999997934 0
6.200000000005772 8.249999999998195 0
6.00000000000687 8.499999999998455 0
5.800000000007969 8.749999999998709 0
5.600000000009065 8.999999999998966 0
5.400000000010163 9.249999999999224 0
5.200000000011261 9.499999999999481 0
5.00000000001236 9.749999999999742 0
13.38749999996607 0.2499999999998807 0
13.17499999996735 0.4999999999997041 0
12.96249999996863 0.7499999999995804 0
12.74999999996989 0.9999999999994653 0
12.53749999997117 1.249999999999322 0
12.32499999997252 1.499999999998869 0
12.11249999997388 1.749999999998387 0
11.89999999997524 1.999999999997906 0
11.6874999999766 2.249999999997424 0
11.47499999997796 2.499999999996943 0
11.26249999997932 2.749999999996461 0
11.04999999998068 2.99999999999598 0
10.83749999998204 3.249999999995499 0
10.6249999999834 3.499999999995017 0
10.41249999998476 3.749999999994535 0
10.19999999998612 3.999999999994077 0
9.987499999987314 4.249999999994236 0
9.77499999998849 4.499999999994486 0
9.562499999989658 4.749999999994739 0
9.349999999990832 4.999999999994989 0
9.137499999992006 5.249999999995239 0
8.924999999993176 5.499999999995492 0
8.71249999999435 5.749999999995742 0
8.499999999995525 5.999999999995993 0
8.287499999996697 6.249999999996243 0
8.074999999997869 6.499999999996492 0
7.862499999999046 6.749999999996744 0
7.650000000000215 6.999999999996994 0
7.437500000001392 7.249999999997245 0
7.225000000002566 7.499999999997494 0
7.012500000003738 7.749999999997744 0
6.800000000004911 7.999999999997996 0
6.587500000006083 8.249999999998249 0
6.375000000007258 8.499999999998497 0
6.16250000000843 8.749999999998748 0
5.950000000009606 8.999999999999 0
5.737500000010779 9.249999999999247 0
5.525000000011953 9.499999999999497 0
5.312500000013126 9.74999999999975 0
14.17499999996382 0.2499999999998843 0
13.94999999996518 0.4999999999997131 0
13.72499999996653 0.749999999999593 0
13.49999999996788 0.9999999999994817 0
13.27499999996924 1.249999999999342 0
13.04999999997068 1.499999999998903 0
12.82499999997212 1.749999999998436 0
12.59999999997357 1.99999999999797 0
12.37499999997502 2.249999999997502 0
12.14999999997646 2.499999999997036 0
11.92499999997791 2.749999999996569 0
11.69999999997936 2.999999999996102 0
11.47499999998081 3.249999999995635 0
11.24999999998225 3.499999999995168 0
11.0249999999837 3.749999999994702 0
10.79999999998514 3.999999999994257 0
10.57499999998641 4.249999999994411 0
10.34999999998766 4.499999999994654 0
10.12499999998891 4.749999999994898 0
9.899999999990161 4.999999999995142 0
9.674999999991407 5.249999999995384 0
9.449999999992656 5.499999999995627 0
9.224999999993905 5.749999999995872 0
8.999999999995156 5.999999999996112 0
8.774999999996403 6.249999999996357 0
8.549999999997654 6.4999999999966 0
8.324999999998902 6.749999999996843 0
8.100000000000151 6.999999999997084 0
7.8750000000014 7.249999999997328 0
7.650000000002651 7.499999999997571 0
7.425000000003898 7.749999999997813 0
7.200000000005146 7.999999999998057 0
6.975000000006396 8.2499999999983 0
6.750000000007645 8.499999999998545 0
6.525000000008895 8.749999999998783 0
6.300000000010142 8.999999999999027 0
6.075000000011391 9.249999999999272 0
5.850000000012642 9.49999999999951 0
5.625000000013893 9.749999999999755 0
14.96249999996156 0.2499999999998879 0
14.72499999996301 0.4999999999997221 0
14.48749999996445 0.7499999999996056 0
14.24999999996587 0.9999999999994977 0
14.01249999996731 1.249999999999363 0
13.77499999996884 1.499999999998938 0
13.53749999997037 1.749999999998485 0
13.2999999999719 1.999999999998033 0
13.06249999997343 2.249999999997581 0
12.82499999997497 2.499999999997128 0
12.58749999997651 2.749999999996676 0
12.34999999997804 2.999999999996224 0
12.11249999997957 3.249999999995773 0
11.87499999998111 3.499999999995319 0
11.63749999998264 3.749999999994868 0
11.39999999998417 3.999999999994436 0
11.16249999998551 4.249999999994587 0
10.92499999998684 4.499999999994823 0
10.68749999998816 4.749999999995059 0
10.44999999998949 4.999999999995294 0
10.21249999999081 5.249999999995531 0
9.974999999992136 5.499999999995766 0
9.73749999999346 5.749999999996001 0
9.499999999994785 5.999999999996236 0
9.262499999996109 6.24999999999647 0
9.024999999997435 6.499999999996707 0
8.787499999998762 6.749999999996941 0
8.550000000000082 6.999999999997176 0
8.312500000001407 7.249999999997411 0
8.075000000002737 7.499999999997647 0
7.837500000004058 7.749999999997883 0
7.600000000005385 7.999999999998116 0
7.362500000006706 8.249999999998353 0
7.125000000008033 8.49999999999859 0
6.887500000009358 8.749999999998826 0
6.650000000010683 8.999999999999059 0
6.412500000012007 9.249999999999295 0
6.175000000013331 9.499999999999527 0
5.937500000014658 9.749999999999764 0
15.74999999995965 0.2499999999998915 0
15.49999999996116 0.4999999999997309 0
15.24999999996266 0.7499999999996187 0
14.99999999996415 0.9999999999995138 0
14.74999999996566 1.249999999999383 0
14.49999999996727 1.499999999998972 0
14.24999999996887 1.749999999998535 0
13.99999999997048 1.999999999998097 0
13.74999999997208 2.249999999997659 0
13.49999999997369 2.499999999997222 0
13.2499999999753 2.749999999996784 0
12.99999999997691 2.999999999996346 0
12.74999999997852 3.249999999995909 0
12.49999999998013 3.49999999999547 0
12.24999999998173 3.749999999995033 0
11.99999999998333 3.999999999994616 0
11.74999999998474 4.249999999994762 0
11.49999999998613 4.49999999999499 0
11.24999999998752 4.749999999995219 0
10.9999999999889 4.999999999995448 0
10.74999999999029 5.249999999995675 0
10.49999999999168 5.499999999995902 0
10.24999999999306 5.749999999996131 0
9.999999999994454 5.999999999996358 0
9.74999999999584 6.249999999996585 0
9.499999999997225 6.499999999996812 0
9.249999999998614 6.749999999997041 0
9.000000000000004 6.999999999997268 0
8.750000000001386 7.249999999997497 0
8.500000000002775 7.499999999997724 0
8.250000000004162 7.74999999999795 0
8.000000000005551 7.999999999998177 0
7.750000000006935 8.249999999998408 0
7.500000000008326 8.499999999998632 0
7.250000000009711 8.749999999998863 0
7.0000000000111 8.999999999999087 0
6.750000000012486 9.249999999999316 0
6.500000000013875 9.499999999999547 0
6.250000000015262 9.749999999999771 0
16.53749999996134 0.2499999999998951 0
16.27499999996278 0.49999999999974 0
16.0124999999642 0.7499999999996314 0
15.74999999996563 0.9999999999995303 0
15.48749999996707 1.249999999999404 0
15.2249999999686 1.499999999999006 0
14.96249999997013 1.749999999998583 0
14.69999999997168 1.999999999998161 0
14.43749999997322 2.249999999997738 0
14.17499999997476 2.499999999997315 0
13.9124999999763 2.749999999996891 0
13.64999999997784 2.999999999996469 0
13.38749999997938 3.249999999996046 0
13.12499999998092 3.499999999995622 0
12.86249999998246 3.749999999995199 0
12.59999999998399 3.999999999994796 0
12.33749999998533 4.249999999994937 0
12.07499999998664 4.499999999995159 0
11.81249999998795 4.749999999995379 0
11.54999999998926 4.9999999999956 0
11.28749999999057 5.249999999995818 0
11.02499999999187 5.49999999999604 0
10.76249999999319 5.749999999996261 0
10.49999999999449 5.999999999996479 0
10.2374999999958 6.2499999999967 0
9.974999999997113 6.49999999999692 0
9.712499999998421 6.74999999999714 0
9.449999999999729 6.99999999999736 0
9.187500000001043 7.249999999997581 0
8.925000000002351 7.499999999997798 0
8.662500000003659 7.749999999998019 0
8.400000000004967 7.99999999999824 0
8.137500000006277 8.24999999999846 0
7.875000000007587 8.49999999999868 0
7.612500000008896 8.749999999998899 0
7.350000000010207 8.999999999999122 0
7.087500000011516 9.249999999999336 0
6.825000000012825 9.499999999999559 0
6.562500000014135 9.749999999999776 0
17.32499999996336 0.2499999999998988 0
17.04999999996472 0.4999999999997491 0
16.77499999996606 0.7499999999996442 0
16.4999999999674 0.9999999999995468 0
16.22499999996875 1.249999999999425 0
15.9499999999702 1.499999999999041 0
15.67499999997166 1.749999999998632 0
15.39999999997312 1.999999999998224 0
15.12499999997458 2.249999999997816 0
14.84999999997604 2.499999999997407 0
14.57499999997751 2.749999999997 0
14.29999999997897 2.99999999999659 0
14.02499999998042 3.249999999996183 0
13.74999999998189 3.499999999995774 0
13.47499999998334 3.749999999995365 0
13.1999999999848 3.999999999994976 0
12.92499999998605 4.249999999995113 0
12.64999999998726 4.499999999995325 0
12.37499999998848 4.74999999999554 0
12.09999999998969 4.999999999995752 0
11.82499999999091 5.249999999995964 0
11.54999999999213 5.499999999996178 0
11.27499999999335 5.74999999999639 0
10.99999999999457 5.999999999996602 0
10.72499999999579 6.249999999996815 0
10.44999999999701 6.499999999997026 0
10.17499999999823 6.749999999997238 0
9.899999999999444 6.999999999997451 0
9.625000000000664 7.249999999997663 0
9.350000000001883 7.499999999997876 0
9.075000000003097 7.749999999998089 0
8.800000000004319 7.9999999999983 0
8.525000000005535 8.249999999998513 0
8.250000000006754 8.499999999998723 0
7.975000000007975 8.749999999998941 0
7.700000000009193 8.999999999999149 0
7.42500000001041 9.249999999999366 0
7.150000000011627 9.499999999999575 0
6.875000000012848 9.749999999999783 0
18.11249999996538 0.2499999999999024 0
17.82499999996666 0.499999999999758 0
17.53749999996792 0.7499999999996567 0
17.24999999996916 0.999999999999563 0
16.96249999997043 1.249999999999445 0
16.6749999999718 1.499999999999075 0
16.38749999997319 1.749999999998681 0
16.09999999997457 1.999999999998288 0
15.81249999997594 2.249999999997894 0
15.52499999997733 2.499999999997501 0
15.23749999997871 2.749999999997107 0
14.94999999998009 2.999999999996713 0
14.66249999998147 3.24999999999632 0
14.37499999998285 3.499999999995925 0
14.08749999998423 3.749999999995532 0
13.79999999998561 3.999999999995156 0
13.51249999998676 4.249999999995286 0
13.22499999998789 4.499999999995492 0
12.93749999998901 4.749999999995699 0
12.64999999999014 4.999999999995902 0
12.36249999999127 5.24999999999611 0
12.07499999999239 5.499999999996313 0
11.78749999999352 5.749999999996518 0
11.49999999999465 5.999999999996724 0
11.21249999999578 6.249999999996929 0
10.92499999999691 6.499999999997133 0
10.63749999999803 6.749999999997337 0
10.34999999999916 6.999999999997542 0
10.06250000000028 7.249999999997748 0
9.775000000001413 7.499999999997951 0
9.487500000002543 7.749999999998156 0
9.200000000003667 7.999999999998362 0
8.912500000004794 8.249999999998568 0
8.625000000005922 8.499999999998774 0
8.337500000007051 8.749999999998977 0
8.050000000008179 8.999999999999179 0
7.762500000009306 9.249999999999387 0
7.475000000010434 9.49999999999959 0
7.187500000011561 9.749999999999792 0
18.89999999996741 0.249999999999906 0
18.5999999999686 0.4999999999997671 0
18.29999999996978 0.7499999999996697 0
17.99999999997094 0.999999999999579 0
17.69999999997212 1.249999999999466 0
17.39999999997341 1.49999999999911 0
17.09999999997471 1.74999999999873 0
16.79999999997601 1.999999999998352 0
16.49999999997731 2.249999999997972 0
16.19999999997862 2.499999999997593 0
15.89999999997992 2.749999999997215 0
15.59999999998122 2.999999999996835 0
15.29999999998251 3.249999999996456 0
14.99999999998381 3.499999999996077 0
14.69999999998511 3.749999999995698 0
14.3999999999864 3.999999999995337 0
14.09999999998747 4.249999999995462 0
13.79999999998851 4.499999999995659 0
13.49999999998955 4.749999999995859 0
13.19999999999058 4.999999999996055 0
12.89999999999162 5.249999999996255 0
12.59999999999265 5.499999999996452 0
12.29999999999369 5.74999999999665 0
11.99999999999473 5.999999999996844 0
11.69999999999576 6.249999999997042 0
11.3999999999968 6.49999999999724 0
11.09999999999783 6.749999999997437 0
10.79999999999887 6.999999999997634 0
10.49999999999991 7.249999999997829 0
10.20000000000095 7.49999999999803 0
9.900000000001977 7.749999999998225 0
9.600000000003018 7.999999999998422 0
9.300000000004053 8.24999999999862 0
9.000000000005087 8.499999999998817 0
8.700000000006126 8.749999999999014 0
8.400000000007164 8.999999999999215 0
8.100000000008199 9.249999999999408 0
7.800000000009236 9.499999999999604 0
7.500000000010274 9.749999999999797 0
19.68749999996943 0.2499999999999097 0
19.37499999997055 0.499999999999776 0
19.06249999997163 0.7499999999996826 0
18.74999999997271 0.9999999999995955 0
18.4374999999738 1.249999999999487 0
18.12499999997501 1.499999999999144 0
17.81249999997623 1.749999999998779 0
17.49999999997745 1.999999999998415 0
17.18749999997868 2.24999999999805 0
16.87499999997989 2.499999999997686 0
16.56249999998112 2.749999999997322 0
16.24999999998234 2.999999999996957 0
15.93749999998356 3.249999999996593 0
15.62499999998478 3.499999999996228 0
15.312499999986 3.749999999995864 0
14.99999999998721 3.999999999995516 0
14.68749999998819 4.249999999995638 0
14.37499999998914 4.499999999995828 0
14.06249999999008 4.749999999996018 0
13.74999999999102 4.999999999996208 0
13.43749999999197 5.249999999996397 0
13.12499999999291 5.499999999996589 0
12.81249999999386 5.749999999996778 0
12.49999999999481 5.999999999996967 0
12.18749999999575 6.249999999997156 0
11.87499999999669 6.499999999997347 0
11.56249999999764 6.749999999997536 0
11.24999999999858 6.999999999997726 0
10.93749999999953 7.249999999997915 0
10.62500000000048 7.499999999998104 0
10.31250000000142 7.749999999998295 0
10.00000000000237 7.999999999998483 0
9.687500000003311 8.249999999998677 0
9.375000000004256 8.499999999998865 0
9.062500000005205 8.749999999999055 0
8.750000000006148 8.999999999999241 0
8.437500000007095 9.249999999999428 0
8.125000000008042 9.499999999999616 0
7.812500000008987 9.749999999999808 0
20.47499999997146 0.2499999999999133 0
20.14999999997248 0.4999999999997851 0
19.82499999997348 0.7499999999996952 0
19.49999999997447 0.9999999999996115 0
19.17499999997548 1.249999999999507 0
18.84999999997661 1.499999999999178 0
18.52499999997775 1.749999999998829 0
18.19999999997889 1.999999999998479 0
17.87499999998004 2.249999999998129 0
17.54999999998118 2.499999999997779 0
17.22499999998232 2.74999999999743 0
16.89999999998346 2.99999999999708 0
16.5749999999846 3.24999999999673 0
16.24999999998575 3.49999999999638 0
15.92499999998688 3.74999999999603 0
15.59999999998802 3.999999999995696 0
15.2749999999889 4.249999999995813 0
14.94999999998976 4.499999999995997 0
14.62499999999061 4.749999999996178 0
14.29999999999146 4.99999999999636 0
13.97499999999232 5.249999999996543 0
13.64999999999317 5.499999999996725 0
13.32499999999403 5.749999999996907 0
12.99999999999488 5.99999999999709 0
12.67499999999573 6.249999999997272 0
12.34999999999659 6.499999999997453 0
12.02499999999745 6.749999999997636 0
11.6999999999983 6.999999999997817 0
11.37499999999915 7.249999999998001 0
11.05000000000001 7.499999999998181 0
10.72500000000086 7.749999999998361 0
10.40000000000172 7.999999999998543 0
10.07500000000257 8.249999999998728 0
9.750000000003428 8.499999999998908 0
9.42500000000428 8.749999999999089 0
9.100000000005139 8.999999999999272 0
8.775000000005988 9.249999999999453 0
8.450000000006845 9.499999999999636 0
8.125000000007701 9.749999999999817 0
21.2624999999735 0.249999999999917 0
20.92499999997445 0.499999999999794 0
20.58749999997538 0.7499999999997079 0
20.24999999997631 0.999999999999628 0
19.91249999997725 1.249999999999528 0
19.57499999997831 1.499999999999213 0
19.23749999997938 1.749999999998878 0
18.89999999998047 1.999999999998542 0
18.56249999998154 2.249999999998207 0
18.22499999998262 2.499999999997872 0
17.8874999999837 2.749999999997537 0
17.54999999998477 2.999999999997201 0
17.21249999998584 3.249999999996867 0
16.87499999998692 3.49999999999653 0
16.537499999988 3.749999999996195 0
16.19999999998907 3.999999999995877 0
15.86249999998989 4.249999999995987 0
15.52499999999066 4.499999999996164 0
15.18749999999144 4.749999999996338 0
14.84999999999221 4.999999999996513 0
14.512499999993 5.249999999996688 0
14.17499999999377 5.499999999996864 0
13.83749999999455 5.749999999997037 0
13.49999999999533 5.99999999999721 0
13.16249999999611 6.249999999997386 0
12.82499999999689 6.499999999997559 0
12.48749999999767 6.749999999997735 0
12.14999999999845 6.999999999997907 0
11.81249999999923 7.249999999998083 0
11.47500000000001 7.499999999998256 0
11.13750000000079 7.749999999998431 0
10.80000000000157 7.999999999998606 0
10.46250000000234 8.249999999998783 0
10.12500000000313 8.499999999998956 0
9.787500000003904 8.749999999999128 0
9.450000000004682 8.999999999999304 0
9.112500000005461 9.249999999999478 0
8.775000000006242 9.499999999999654 0
8.43750000000702 9.749999999999824 0
22.04999999997558 0.2499999999999206 0
21.69999999997651 0.4999999999998031 0
21.34999999997741 0.7499999999997208 0
20.9999999999783 0.9999999999996444 0
20.64999999997921 1.249999999999549 0
20.29999999998025 1.499999999999247 0
19.9499999999813 1.749999999998926 0
19.59999999998235 1.999999999998606 0
19.24999999998341 2.249999999998285 0
18.89999999998446 2.499999999997964 0
18.54999999998551 2.749999999997645 0
18.19999999998656 2.999999999997323 0
17.84999999998762 3.249999999997003 0
17.49999999998867 3.499999999996683 0
17.14999999998972 3.749999999996362 0
16.79999999999076 3.999999999996056 0
16.44999999999154 4.249999999996163 0
16.09999999999228 4.49999999999633 0
15.74999999999302 4.749999999996498 0
15.39999999999377 4.999999999996666 0
15.04999999999451 5.249999999996835 0
14.69999999999525 5.499999999996998 0
14.34999999999599 5.749999999997167 0
13.99999999999674 5.999999999997334 0
13.64999999999748 6.249999999997501 0
13.29999999999823 6.499999999997669 0
12.94999999999897 6.749999999997833 0
12.59999999999972 6.999999999998 0
12.25000000000046 7.249999999998167 0
11.90000000000121 7.49999999999833 0
11.55000000000194 7.749999999998501 0
11.20000000000269 7.999999999998666 0
10.85000000000343 8.249999999998835 0
10.50000000000418 8.499999999999002 0
10.15000000000492 8.749999999999169 0
9.800000000005666 8.999999999999334 0
9.450000000006407 9.249999999999499 0
9.100000000007151 9.499999999999666 0
8.750000000007898 9.749999999999833 0
22.83749999997766 0.2499999999999242 0
22.47499999997856 0.499999999999812 0
22.11249999997942 0.7499999999997337 0
21.74999999998028 0.9999999999996604 0
21.38749999998117 1.249999999999569 0
21.0249999999822 1.499999999999281 0
20.66249999998322 1.749999999998975 0
20.29999999998424 1.99999999999867 0
19.93749999998527 2.249999999998363 0
19.5749999999863 2.499999999998058 0
19.21249999998733 2.749999999997752 0
18.84999999998835 2.999999999997446 0
18.48749999998939 3.24999999999714 0
18.12499999999041 3.499999999996834 0
17.76249999999143 3.749999999996527 0
17.39999999999245 3.999999999996236 0
17.03749999999319 4.249999999996339 0
16.67499999999391 4.499999999996498 0
16.31249999999461 4.749999999996658 0
15.94999999999531 4.999999999996819 0
15.58749999999602 5.249999999996978 0
15.22499999999673 5.499999999997137 0
14.86249999999744 5.749999999997296 0
14.49999999999815 5.999999999997456 0
14.13749999999886 6.249999999997614 0
13.77499999999957 6.499999999997774 0
13.41250000000027 6.749999999997933 0
13.05000000000098 6.999999999998092 0
12.68750000000169 7.249999999998249 0
12.3250000000024 7.49999999999841 0
11.96250000000311 7.749999999998568 0
11.60000000000382 7.999999999998726 0
11.23750000000452 8.249999999998888 0
10.87500000000523 8.499999999999048 0
10.51250000000594 8.749999999999202 0
10.15000000000665 8.999999999999364 0
9.787500000007357 9.24999999999952 0
9.425000000008067 9.49999999999968 0
9.062500000008773 9.749999999999842 0
23.62499999997974 0.2499999999999278 0
23.24999999998061 0.499999999999821 0
22.87499999998144 0.7499999999997465 0
22.49999999998228 0.9999999999996767 0
22.12499999998314 1.24999999999959 0
21.74999999998413 1.499999999999316 0
21.37499999998512 1.749999999999024 0
20.99999999998613 1.999999999998733 0
20.62499999998713 2.249999999998442 0
20.24999999998813 2.499999999998151 0
19.87499999998914 2.749999999997859 0
19.49999999999014 2.999999999997568 0
19.12499999999114 3.249999999997277 0
18.74999999999215 3.499999999996985 0
18.37499999999315 3.749999999996694 0
17.99999999999415 3.999999999996416 0
17.62499999999486 4.249999999996512 0
17.24999999999553 4.499999999996664 0
16.8749999999962 4.749999999996818 0
16.49999999999687 4.999999999996972 0
16.12499999999754 5.249999999997121 0
15.74999999999821 5.499999999997275 0
15.37499999999888 5.749999999997425 0
14.99999999999956 5.999999999997577 0
14.62500000000023 6.249999999997728 0
14.25000000000091 6.499999999997881 0
13.87500000000158 6.74999999999803 0
13.50000000000225 6.999999999998183 0
13.12500000000292 7.249999999998335 0
12.7500000000036 7.499999999998483 0
12.37500000000427 7.749999999998638 0
12.00000000000494 7.999999999998788 0
11.62500000000561 8.24999999999894 0
11.25000000000628 8.499999999999092 0
10.87500000000696 8.749999999999245 0
10.50000000000763 8.999999999999396 0
10.1250000000083 9.249999999999542 0
9.750000000008978 9.499999999999696 0
9.375000000009647 9.749999999999847 0
24.41249999998182 0.2499999999999315 0
24.02499999998264 0.49999999999983 0
23.63749999998347 0.749999999999759 0
23.24999999998427 0.9999999999996931 0
22.86249999998509 1.24999999999961 0
22.47499999998606 1.49999999999935 0
22.08749999998704 1.749999999999074 0
21.69999999998802 1.999999999998797 0
21.31249999998899 2.24999999999852 0
20.92499999998997 2.499999999998243 0
20.53749999999095 2.749999999997967 0
20.14999999999193 2.999999999997691 0
19.7624999999929 3.249999999997414 0
19.37499999999389 3.499999999997137 0
18.98749999999486 3.74999999999686 0
18.59999999999583 3.999999999996597 0
18.21249999999651 4.249999999996689 0
17.82499999999715 4.499999999996834 0
17.43749999999778 4.749999999996978 0
17.04999999999842 4.999999999997124 0
16.66249999999905 5.249999999997268 0
16.27499999999969 5.499999999997411 0
15.88750000000033 5.749999999997556 0
15.50000000000097 5.999999999997699 0
15.1125000000016 6.249999999997842 0
14.72500000000224 6.499999999997987 0
14.33750000000288 6.749999999998129 0
13.95000000000352 6.999999999998272 0
13.56250000000415 7.249999999998418 0
13.17500000000479 7.499999999998562 0
12.78750000000543 7.749999999998707 0
12.40000000000607 7.999999999998849 0
12.0125000000067 8.249999999998998 0
11.62500000000734 8.499999999999135 0
11.23750000000798 8.749999999999281 0
10.85000000000861 8.999999999999426 0
10.46250000000925 9.249999999999567 0
10.07500000000989 9.499999999999709 0
9.687500000010527 9.749999999999856 0
25.1999999999839 0.2499999999999351 0
24.79999999998471 0.499999999999839 0
24.39999999998549 0.7499999999997718 0
23.99999999998626 0.9999999999997093 0
23.59999999998706 1.249999999999631 0
23.199999999988 1.499999999999384 0
22.79999999998895 1.749999999999123 0
22.39999999998991 1.999999999998861 0
21.99999999999086 2.249999999998598 0
21.59999999999181 2.499999999998336 0
21.19999999999277 2.749999999998074 0
20.79999999999373 2.999999999997812 0
20.39999999999467 3.249999999997551 0
19.99999999999564 3.499999999997288 0
19.59999999999658 3.749999999997026 0
19.19999999999752 3.999999999996776 0
18.79999999999817 4.249999999996865 0
18.39999999999877 4.499999999997002 0
17.99999999999937 4.749999999997139 0
17.59999999999997 4.999999999997275 0
17.20000000000057 5.249999999997413 0
16.80000000000117 5.49999999999755 0
16.40000000000177 5.749999999997685 0
16.00000000000237 5.999999999997822 0
15.60000000000298 6.249999999997957 0
15.20000000000358 6.499999999998094 0
14.80000000000418 6.74999999999823 0
14.40000000000478 6.999999999998365 0
14.00000000000538 7.249999999998502 0
13.60000000000599 7.499999999998636 0
13.20000000000659 7.749999999998774 0
12.80000000000719 7.999999999998911 0
12.40000000000779 8.249999999999046 0
12.00000000000839 8.499999999999185 0
11.60000000000899 8.749999999999318 0
11.2000000000096 8.999999999999456 0
10.80000000001019 9.249999999999593 0
10.4000000000108 9.499999999999723 0
10.00000000001141 9.749999999999863 0
25.98749999998598 0.2499999999999388 0
25.57499999998676 0.4999999999998479 0
25.16249999998752 0.7499999999997847 0
24.74999999998826 0.9999999999997258 0
24.33749999998902 1.249999999999652 0
23.92499999998993 1.499999999999419 0
23.51249999999087 1.749999999999171 0
23.0999999999918 1.999999999998924 0
22.68749999999272 2.249999999998677 0
22.27499999999366 2.49999999999843 0
21.86249999999459 2.749999999998183 0
21.44999999999551 2.999999999997934 0
21.03749999999644 3.249999999997687 0
20.62499999999737 3.499999999997439 0
20.2124999999983 3.749999999997191 0
19.79999999999922 3.999999999996956 0
19.38749999999984 4.249999999997038 0
18.9750000000004 4.499999999997169 0
18.56250000000096 4.749999999997299 0
18.15000000000152 4.999999999997429 0
17.73750000000209 5.249999999997555 0
17.32500000000265 5.499999999997686 0
16.91250000000322 5.749999999997815 0
16.50000000000379 5.999999999997943 0
16.08750000000435 6.249999999998073 0
15.67500000000492 6.499999999998201 0
15.26250000000549 6.749999999998328 0
14.85000000000605 6.999999999998458 0
14.43750000000662 7.249999999998588 0
14.02500000000718 7.499999999998715 0
13.61250000000775 7.749999999998842 0
13.20000000000832 7.999999999998971 0
12.78750000000888 8.249999999999103 0
12.37500000000945 8.499999999999229 0
11.96250000001001 8.749999999999359 0
11.55000000001058 8.999999999999483 0
11.13750000001115 9.249999999999613 0
10.72500000001171 9.499999999999742 0
10.31250000001228 9.749999999999869 0
26.77499999998798 0.2499999999999424 0
26.34999999998865 0.4999999999998571 0
25.92499999998929 0.7499999999997973 0
25.49999999998992 0.9999999999997418 0
25.07499999999059 1.249999999999672 0
24.6499999999914 1.499999999999453 0
24.22499999999222 1.749999999999221 0
23.79999999999304 1.999999999998988 0
23.37499999999386 2.249999999998756 0
22.9499999999947 2.499999999998522 0
22.52499999999552 2.749999999998289 0
22.09999999999635 2.999999999998057 0
21.67499999999717 3.249999999997824 0
21.249999999998 3.499999999997591 0
20.82499999999882 3.749999999997358 0
20.39999999999964 3.999999999997137 0
19.97500000000013 4.249999999997214 0
19.55000000000058 4.499999999997336 0
19.12500000000102 4.749999999997459 0
18.70000000000147 4.99999999999758 0
18.27500000000192 5.249999999997701 0
17.85000000000237 5.499999999997823 0
17.42500000000283 5.749999999997944 0
17.00000000000328 5.999999999998064 0
16.57500000000373 6.249999999998186 0
16.15000000000418 6.499999999998307 0
15.72500000000463 6.749999999998428 0
15.30000000000508 6.999999999998549 0
14.87500000000554 7.24999999999867 0
14.45000000000599 7.499999999998789 0
14.02500000000644 7.749999999998911 0
13.60000000000689 7.999999999999032 0
13.17500000000734 8.249999999999154 0
12.75000000000779 8.499999999999277 0
12.32500000000824 8.749999999999394 0
11.90000000000869 8.999999999999515 0
11.47500000000914 9.249999999999636 0
11.05000000000959 9.499999999999758 0
10.62500000001005 9.749999999999876 0
27.56249999998996 0.249999999999946 0
27.1249999999905 0.4999999999998661 0
26.68749999999101 0.74999999999981 0
26.24999999999152 0.9999999999997582 0
25.81249999999203 1.249999999999693 0
25.37499999999272 1.499999999999488 0
24.93749999999341 1.74999999999927 0
24.49999999999412 1.999999999999052 0
24.06249999999481 2.249999999998833 0
23.62499999999551 2.499999999998615 0
23.18749999999621 2.749999999998397 0
22.7499999999969 2.999999999998179 0
22.31249999999761 3.249999999997961 0
21.87499999999831 3.499999999997742 0
21.437499999999 3.749999999997524 0
20.99999999999969 3.999999999997316 0
20.56250000000004 4.24999999999739 0
20.12500000000036 4.499999999997503 0
19.68750000000067 4.749999999997621 0
19.25000000000098 4.999999999997732 0
18.8125000000013 5.249999999997847 0
18.3750000000016 5.49999999999796 0
17.93750000000193 5.749999999998074 0
17.50000000000224 5.999999999998188 0
17.06250000000254 6.249999999998301 0
16.62500000000286 6.499999999998414 0
16.18750000000318 6.749999999998527 0
15.75000000000348 6.999999999998639 0
15.3125000000038 7.249999999998755 0
14.87500000000411 7.499999999998867 0
14.43750000000442 7.749999999998981 0
14.00000000000474 7.999999999999094 0
13.56250000000505 8.24999999999921 0
13.12500000000536 8.49999999999932 0
12.68750000000568 8.749999999999435 0
12.25000000000599 8.999999999999547 0
11.8125000000063 9.249999999999655 0
11.37500000000662 9.499999999999774 0
10.93750000000693 9.749999999999885 0
28.34999999999203 0.2499999999999497 0
27.89999999999252 0.499999999999875 0
27.449999999993 0.7499999999998228 0
26.99999999999347 0.9999999999997745 0
26.54999999999395 1.249999999999713 0
26.09999999999459 1.499999999999522 0
25.64999999999527 1.749999999999319 0
25.19999999999594 1.999999999999115 0
24.7499999999966 2.249999999998912 0
24.29999999999726 2.499999999998708 0
23.84999999999793 2.749999999998504 0
23.39999999999859 2.9999999999983 0
22.94999999999926 3.249999999998098 0
22.49999999999993 3.499999999997893 0
22.05000000000059 3.74999999999769 0
21.60000000000124 3.999999999997496 0
21.15000000000155 4.249999999997565 0
20.70000000000183 4.499999999997672 0
20.25000000000209 4.749999999997779 0
19.80000000000236 4.999999999997884 0
19.35000000000262 5.249999999997993 0
18.90000000000289 5.499999999998096 0
18.45000000000316 5.749999999998201 0
18.00000000000343 5.999999999998309 0
17.55000000000371 6.249999999998414 0
17.10000000000397 6.49999999999852 0
16.65000000000424 6.749999999998625 0
16.20000000000451 6.999999999998733 0
15.75000000000478 7.249999999998838 0
15.30000000000505 7.499999999998942 0
14.85000000000532 7.749999999999047 0
14.40000000000559 7.999999999999154 0
13.95000000000585 8.249999999999261 0
13.50000000000612 8.499999999999366 0
13.05000000000639 8.749999999999472 0
12.60000000000666 8.999999999999575 0
12.15000000000693 9.249999999999686 0
11.7000000000072 9.499999999999787 0
11.25000000000747 9.74999999999989 0
29.13749999999411 0.2499999999999533 0
28.67499999999458 0.499999999999884 0
28.21249999999502 0.7499999999998358 0
27.74999999999546 0.9999999999997906 0
27.28749999999592 1.249999999999734 0
26.82499999999654 1.499999999999557 0
26.36249999999718 1.749999999999368 0
25.89999999999781 1.999999999999179 0
25.43749999999845 2.24999999999899 0
24.97499999999911 2.499999999998801 0
24.51249999999974 2.749999999998612 0
24.05000000000038 2.999999999998422 0
23.58750000000102 3.249999999998234 0
23.12500000000167 3.499999999998045 0
22.6625000000023 3.749999999997856 0
22.20000000000293 3.999999999997677 0
21.73750000000321 4.249999999997739 0
21.27500000000345 4.499999999997839 0
20.81250000000368 4.74999999999794 0
20.3500000000039 4.999999999998037 0
19.88750000000415 5.249999999998136 0
19.42500000000437 5.499999999998235 0
18.96250000000461 5.749999999998334 0
18.50000000000484 5.999999999998431 0
18.03750000000507 6.249999999998528 0
17.57500000000531 6.499999999998627 0
17.11250000000554 6.749999999998725 0
16.65000000000578 6.999999999998823 0
16.18750000000601 7.24999999999892 0
15.72500000000625 7.499999999999017 0
15.26250000000648 7.749999999999117 0
14.80000000000671 7.999999999999215 0
14.33750000000694 8.249999999999316 0
13.87500000000718 8.499999999999412 0
13.41250000000741 8.74999999999951 0
12.95000000000765 8.999999999999607 0
12.48750000000788 9.249999999999705 0
12.02500000000811 9.499999999999803 0
11.56250000000835 9.749999999999899 0
29.92499999999614 0.2499999999999569 0
29.44999999999651 0.499999999999893 0
28.97499999999687 0.7499999999998485 0
28.49999999999723 0.9999999999998069 0
28.02499999999759 1.249999999999755 0
27.54999999999814 1.499999999999591 0
27.0749999999987 1.749999999999417 0
26.59999999999926 1.999999999999243 0
26.12499999999983 2.249999999999068 0
25.65000000000039 2.499999999998893 0
25.17500000000095 2.74999999999872 0
24.70000000000151 2.999999999998545 0
24.22500000000207 3.249999999998372 0
23.75000000000263 3.499999999998197 0
23.27500000000319 3.749999999998022 0
22.80000000000373 3.999999999997856 0
22.32500000000393 4.249999999997914 0
21.85000000000407 4.499999999998008 0
21.37500000000421 4.7499999999981 0
20.90000000000434 4.99999999999819 0
20.42500000000449 5.24999999999828 0
19.95000000000464 5.499999999998372 0
19.47500000000478 5.749999999998462 0
19.00000000000492 5.999999999998552 0
18.52500000000506 6.249999999998645 0
18.05000000000521 6.499999999998734 0
17.57500000000535 6.749999999998822 0
17.10000000000549 6.999999999998914 0
16.62500000000563 7.249999999999004 0
16.15000000000577 7.499999999999095 0
15.67500000000592 7.749999999999186 0
15.20000000000606 7.999999999999276 0
14.7250000000062 8.249999999999366 0
14.25000000000635 8.499999999999455 0
13.77500000000649 8.749999999999547 0
13.30000000000663 8.999999999999639 0
12.82500000000677 9.249999999999728 0
12.35000000000692 9.499999999999815 0
11.87500000000706 9.749999999999906 0
30.7124999999981 0.2499999999999605 0
30.22499999999836 0.4999999999999021 0
29.73749999999857 0.7499999999998611 0
29.24999999999877 0.9999999999998233 0
28.762499999999 1.249999999999775 0
28.27499999999942 1.499999999999625 0
27.78749999999983 1.749999999999465 0
27.30000000000027 1.999999999999306 0
26.81250000000069 2.249999999999146 0
26.32500000000111 2.499999999998987 0
25.83750000000154 2.749999999998827 0
25.35000000000197 2.999999999998668 0
24.86250000000239 3.249999999998508 0
24.37500000000282 3.499999999998348 0
23.88750000000324 3.749999999998188 0
23.40000000000364 3.999999999998035 0
22.9125000000037 4.24999999999809 0
22.4250000000037 4.499999999998175 0
21.93750000000369 4.74999999999826 0
21.45000000000368 4.999999999998343 0
20.96250000000368 5.249999999998426 0
20.47500000000367 5.499999999998508 0
19.98750000000366 5.749999999998592 0
19.50000000000367 5.999999999998674 0
19.01250000000366 6.249999999998758 0
18.52500000000366 6.49999999999884 0
18.03750000000365 6.749999999998922 0
17.55000000000365 6.999999999999004 0
17.06250000000365 7.249999999999088 0
16.57500000000364 7.49999999999917 0
16.08750000000363 7.749999999999254 0
15.60000000000363 7.999999999999336 0
15.11250000000362 8.249999999999424 0
14.62500000000362 8.499999999999504 0
14.13750000000362 8.749999999999586 0
13.65000000000362 8.999999999999668 0
13.16250000000361 9.24999999999975 0
12.67500000000361 9.499999999999829 0
12.18750000000361 9.749999999999917 0
2 2 0 741
1860
1861
1862
1863
1864
1865
1866
1867
1868
1869
1870
1871
1872
1873
1874
1875
1876
1877
1878
1879
1880
1881
1882
1883
1884
1885
1886
1887
1888
1889
1890
1891
1892
1893
1894
1895
1896
1897
1898
1899
1900
1901
1902
1903
1904
1905
1906
1907
1908
1909
1910
1911
1912
1913
1914
1915
1916
1917
1918
1919
1920
1921
1922
1923
1924
1925
1926
1927
1928
1929
1930
1931
1932
1933
1934
1935
1936
1937
1938
1939
1940
1941
1942
1943
1944
1945
1946
1947
1948
1949
1950
1951
1952
1953
1954
1955
1956
1957
1958
1959
1960
1961
1962
1963
1964
1965
1966
1967
1968
1969
1970
1971
1972
1973
1974
1975
1976
1977
1978
1979
1980
1981
1982
1983
1984
1985
1986
1987
1988
1989
1990
1991
1992
1993
1994
1995
1996
1997
1998
1999
2000
2001
2002
2003
2004
2005
2006
2007
2008
2009
2010
2011
2012
2013
2014
2015
2016
2017
2018
2019
2020
2021
2022
2023
2024
2025
2026
2027
2028
2029
2030
2031
2032
2033
2034
2035
2036
2037
2038
2039
2040
2041
2042
2043
2044
2045
2046
2047
2048
2049
2050
2051
2052
2053
2054
2055
2056
2057
2058
2059
2060
2061
2062
2063
2064
2065
2066
2067
2068
2069
2070
2071
2072
2073
2074
2075
2076
2077
2078
2079
2080
2081
2082
2083
2084
2085
2086
2087
2088
2089
2090
2091
2092
2093
2094
2095
2096
2097
2098
2099
2100
2101
2102
2103
2104
2105
2106
2107
2108
2109
2110
2111
2112
2113
2114
2115
2116
2117
2118
2119
2120
2121
2122
2123
2124
2125
2126
2127
2128
2129
2130
2131
2132
2133
2134
2135
2136
2137
2138
2139
2140
2141
2142
2143
2144
2145
2146
2147
2148
2149
2150
2151
2152
2153
2154
2155
2156
2157
2158
2159
2160
2161
2162
2163
2164
2165
2166
2167
2168
2169
2170
2171
2172
2173
2174
2175
2176
2177
2178
2179
2180
2181
2182
2183
2184
2185
2186
2187
2188
2189
2190
2191
2192
2193
2194
2195
2196
2197
2198
2199
2200
2201
2202
2203
2204
2205
2206
2207
2208
2209
2210
2211
2212
2213
2214
2215
2216
2217
2218
2219
2220
2221
2222
2223
2224
2225
2226
2227
2228
2229
2230
2231
2232
2233
2234
2235
2236
2237
2238
2239
2240
2241
2242
2243
2244
2245
2246
2247
2248
2249
2250
2251
2252
2253
2254
2255
2256
2257
2258
2259
2260
2261
2262
2263
2264
2265
2266
2267
2268
2269
2270
2271
2272
2273
2274
2275
2276
2277
2278
2279
2280
2281
2282
2283
2284
2285
2286
2287
2288
2289
2290
2291
2292
2293
2294
2295
2296
2297
2298
2299
2300
2301
2302
2303
2304
2305
2306
2307
2308
2309
2310
2311
2312
2313
2314
2315
2316
2317
2318
2319
2320
2321
2322
2323
2324
2325
2326
2327
2328
2329
2330
2331
2332
2333
2334
2335
2336
2337
2338
2339
2340
2341
2342
2343
2344
2345
2346
2347
2348
2349
2350
2351
2352
2353
2354
2355
2356
2357
2358
2359
2360
2361
2362
2363
2364
2365
2366
2367
2368
2369
2370
2371
2372
2373
2374
2375
2376
2377
2378
2379
2380
2381
2382
2383
2384
2385
2386
2387
2388
2389
2390
2391
2392
2393
2394
2395
2396
2397
2398
2399
2400
2401
2402
2403
2404
2405
2406
2407
2408
2409
2410
2411
2412
2413
2414
2415
2416
2417
2418
2419
2420
2421
2422
2423
2424
2425
2426
2427
2428
2429
2430
2431
2432
2433
2434
2435
2436
2437
2438
2439
2440
2441
2442
2443
2444
2445
2446
2447
2448
2449
2450
2451
2452
2453
2454
2455
2456
2457
2458
2459
2460
2461
2462
2463
2464
2465
2466
2467
2468
2469
2470
2471
2472
2473
2474
2475
2476
2477
2478
2479
2480
2481
2482
2483
2484
2485
2486
2487
2488
2489
2490
2491
2492
2493
2494
2495
2496
2497
2498
2499
2500
2501
2502
2503
2504
2505
2506
2507
2508
2509
2510
2511
2512
2513
2514
2515
2516
2517
2518
2519
2520
2521
2522
2523
2524
2525
2526
2527
2528
2529
2530
2531
2532
2533
2534
2535
2536
2537
2538
2539
2540
2541
2542
2543
2544
2545
2546
2547
2548
2549
2550
2551
2552
2553
2554
2555
2556
2557
2558
2559
2560
2561
2562
2563
2564
2565
2566
2567
2568
2569
2570
2571
2572
2573
2574
2575
2576
2577
2578
2579
2580
2581
2582
2583
2584
2585
2586
2587
2588
2589
2590
2591
2592
2593
2594
2595
2596
2597
2598
2599
2600
0.7999999999984876 -4.75 0
0.7999999999984877 -4.499999999999999 0
0.7999999999984874 -4.249999999999998 0
0.7999999999984874 -3.999999999999998 0
0.7999999999984874 -3.749999999999997 0
0.7999999999984878 -3.499999999999997 0
0.7999999999984874 -3.249999999999998 0
0.7999999999984876 -2.999999999999998 0
0.7999999999984877 -2.749999999999998 0
0.7999999999984876 -2.499999999999998 0
0.7999999999984876 -2.249999999999999 0
0.7999999999984874 -1.999999999999998 0
0.7999999999984878 -1.749999999999998 0
0.7999999999984874 -1.499999999999999 0
0.7999999999984876 -1.249999999999999 0
0.7999999999984876 -0.999999999999999 0
0.7999999999984876 -0.7499999999999999 0
0.7999999999984876 -0.4999999999999991 0
0.7999999999984876 -0.25 0
1.599999999996781 -4.75 0
1.599999999996781 -4.500000000000001 0
1.59999999999678 -4.249999999999998 0
1.599999999996781 -3.999999999999998 0
1.599999999996781 -3.749999999999997 0
1.59999999999678 -3.499999999999997 0
1.59999999999678 -3.249999999999998 0
1.599999999996781 -2.999999999999998 0
1.59999999999678 -2.749999999999998 0
1.599999999996781 -2.499999999999998 0
1.599999999996781 -2.249999999999999 0
1.599999999996781 -1.999999999999998 0
1.59999999999678 -1.749999999999998 0
1.599999999996781 -1.499999999999999 0
1.599999999996781 -1.249999999999999 0
1.599999999996781 -0.999999999999999 0
1.599999999996781 -0.75 0
1.599999999996781 -0.4999999999999991 0
1.599999999996781 -0.25 0
2.399999999995278 -4.75 0
2.399999999995279 -4.499999999999999 0
2.399999999995278 -4.249999999999999 0
2.399999999995278 -3.999999999999999 0
2.399999999995278 -3.749999999999997 0
2.399999999995278 -3.499999999999997 0
2.399999999995278 -3.249999999999998 0
2.399999999995278 -2.999999999999999 0
2.399999999995278 -2.749999999999998 0
2.399999999995278 -2.499999999999998 0
2.399999999995278 -2.249999999999998 0
2.399999999995278 -1.999999999999998 0
2.399999999995278 -1.749999999999998 0
2.399999999995278 -1.499999999999999 0
2.399999999995278 -1.249999999999999 0
2.399999999995278 -0.9999999999999992 0
2.399999999995278 -0.7499999999999999 0
2.399999999995278 -0.4999999999999991 0
2.399999999995278 -0.25 0
3.199999999994052 -4.750000000000001 0
3.199999999994053 -4.499999999999999 0
3.199999999994053 -4.249999999999999 0
3.199999999994052 -3.999999999999999 0
3.199999999994052 -3.749999999999997 0
3.199999999994052 -3.499999999999997 0
3.199999999994052 -3.249999999999998 0
3.199999999994052 -2.999999999999998 0
3.199999999994052 -2.749999999999998 0
3.199999999994053 -2.499999999999998 0
3.199999999994052 -2.249999999999999 0
3.199999999994053 -1.999999999999998 0
3.199999999994053 -1.749999999999999 0
3.199999999994052 -1.499999999999999 0
3.199999999994052 -1.249999999999999 0
3.199999999994052 -0.999999999999999 0
3.199999999994052 -0.7499999999999999 0
3.199999999994052 -0.4999999999999991 0
3.199999999994052 -0.25 0
3.99999999999274 -4.75 0
3.99999999999274 -4.5 0
3.99999999999274 -4.249999999999999 0
3.99999999999274 -3.999999999999998 0
3.99999999999274 -3.749999999999997 0
3.99999999999274 -3.499999999999997 0
3.999999999992741 -3.249999999999998 0
3.99999999999274 -2.999999999999998 0
3.999999999992741 -2.749999999999998 0
3.99999999999274 -2.499999999999998 0
3.99999999999274 -2.249999999999999 0
3.99999999999274 -1.999999999999998 0
3.99999999999274 -1.749999999999999 0
3.99999999999274 -1.499999999999999 0
3.99999999999274 -1.249999999999999 0
3.99999999999274 -0.999999999999999 0
3.99999999999274 -0.7499999999999999 0
3.99999999999274 -0.4999999999999992 0
3.99999999999274 -0.25 0
4.79999999999049 -4.75 0
4.799999999990492 -4.499999999999999 0
4.799999999990492 -4.249999999999998 0
4.799999999990492 -3.999999999999998 0
4.799999999990492 -3.749999999999997 0
4.799999999990492 -3.499999999999997 0
4.799999999990492 -3.249999999999997 0
4.799999999990492 -2.999999999999999 0
4.799999999990492 -2.749999999999998 0
4.799999999990492 -2.499999999999998 0
4.799999999990492 -2.249999999999999 0
4.799999999990492 -1.999999999999998 0
4.799999999990492 -1.749999999999998 0
4.799999999990492 -1.499999999999999 0
4.799999999990492 -1.249999999999999 0
4.799999999990492 -0.9999999999999989 0
4.799999999990492 -0.7499999999999998 0
4.799999999990492 -0.4999999999999991 0
4.799999999990492 -0.25 0
5.599999999988157 -4.75 0
5.599999999988158 -4.499999999999999 0
5.599999999988158 -4.249999999999999 0
5.599999999988156 -3.999999999999998 0
5.599999999988157 -3.749999999999997 0
5.599999999988157 -3.499999999999997 0
5.599999999988157 -3.249999999999998 0
5.599999999988157 -2.999999999999998 0
5.599999999988157 -2.749999999999999 0
5.599999999988157 -2.499999999999998 0
5.599999999988157 -2.249999999999999 0
5.599999999988157 -1.999999999999998 0
5.599999999988157 -1.749999999999999 0
5.599999999988157 -1.499999999999999 0
5.599999999988157 -1.25 0
5.599999999988157 -0.999999999999999 0
5.599999999988157 -0.7499999999999999 0
5.599999999988157 -0.4999999999999991 0
5.599999999988157 -0.25 0
6.399999999985821 -4.750000000000001 0
6.399999999985821 -4.499999999999998 0
6.399999999985822 -4.249999999999997 0
6.399999999985821 -3.999999999999999 0
6.399999999985821 -3.749999999999997 0
6.399999999985821 -3.499999999999998 0
6.399999999985821 -3.249999999999996 0
6.399999999985821 -2.999999999999998 0
6.399999999985821 -2.749999999999998 0
6.399999999985821 -2.499999999999998 0
6.399999999985821 -2.249999999999999 0
6.399999999985821 -1.999999999999998 0
6.399999999985821 -1.749999999999999 0
6.399999999985821 -1.499999999999999 0
6.399999999985821 -1.249999999999999 0
6.399999999985821 -0.999999999999999 0
6.399999999985821 -0.7499999999999999 0
6.399999999985821 -0.4999999999999991 0
6.399999999985821 -0.25 0
7.199999999983486 -4.75 0
7.199999999983487 -4.499999999999999 0
7.199999999983486 -4.249999999999998 0
7.199999999983484 -3.999999999999998 0
7.199999999983486 -3.749999999999997 0
7.199999999983486 -3.499999999999997 0
7.199999999983486 -3.249999999999998 0
7.199999999983486 -2.999999999999998 0
7.199999999983486 -2.749999999999998 0
7.199999999983486 -2.499999999999998 0
7.199999999983486 -2.249999999999998 0
7.199999999983486 -1.999999999999998 0
7.199999999983486 -1.749999999999999 0
7.199999999983486 -1.499999999999999 0
7.199999999983486 -1.249999999999999 0
7.199999999983486 -0.9999999999999991 0
7.199999999983486 -0.7499999999999998 0
7.199999999983486 -0.4999999999999991 0
7.199999999983486 -0.25 0
7.999999999981149 -4.75 0
7.999999999981151 -4.499999999999999 0
7.999999999981152 -4.249999999999998 0
7.999999999981148 -3.999999999999999 0
7.999999999981152 -3.749999999999997 0
7.999999999981151 -3.499999999999997 0
7.999999999981152 -3.249999999999998 0
7.99999999998115 -2.999999999999999 0
7.999999999981149 -2.749999999999998 0
7.99999999998115 -2.499999999999998 0
7.999999999981149 -2.249999999999999 0
7.99999999998115 -1.999999999999998 0
7.99999999998115 -1.749999999999998 0
7.99999999998115 -1.499999999999999 0
7.999999999981152 -1.249999999999999 0
7.999999999981151 -0.9999999999999989 0
7.999999999981149 -0.7500000000000001 0
7.999999999981148 -0.4999999999999991 0
7.99999999998115 -0.25 0
8.799999999978816 -4.75 0
8.799999999978812 -4.499999999999999 0
8.799999999978816 -4.249999999999998 0
8.799999999978816 -3.999999999999998 0
8.799999999978816 -3.749999999999997 0
8.799999999978816 -3.499999999999997 0
8.799999999978816 -3.249999999999997 0
8.799999999978816 -2.999999999999998 0
8.799999999978816 -2.749999999999998 0
8.799999999978816 -2.499999999999998 0
8.799999999978816 -2.249999999999999 0
8.799999999978816 -1.999999999999998 0
8.799999999978816 -1.749999999999999 0
8.799999999978816 -1.499999999999999 0
8.799999999978816 -1.249999999999999 0
8.799999999978816 -0.9999999999999989 0
8.799999999978816 -0.7499999999999998 0
8.799999999978816 -0.4999999999999991 0
8.799999999978816 -0.25 0
9.599999999976481 -4.75 0
9.599999999976479 -4.5 0
9.599999999976481 -4.249999999999999 0
9.599999999976477 -3.999999999999999 0
9.599999999976481 -3.749999999999997 0
9.599999999976479 -3.499999999999997 0
9.599999999976481 -3.249999999999997 0
9.599999999976481 -2.999999999999998 0
9.599999999976482 -2.749999999999999 0
9.599999999976481 -2.499999999999998 0
9.599999999976481 -2.249999999999999 0
9.599999999976481 -1.999999999999998 0
9.599999999976481 -1.749999999999999 0
9.599999999976481 -1.499999999999999 0
9.599999999976481 -1.25 0
9.599999999976481 -0.9999999999999991 0
9.599999999976481 -0.75 0
9.599999999976481 -0.4999999999999992 0
9.599999999976481 -0.25 0
10.39999999997414 -4.75 0
10.39999999997415 -4.499999999999999 0
10.39999999997414 -4.249999999999999 0
10.39999999997415 -3.999999999999998 0
10.39999999997415 -3.749999999999997 0
10.39999999997415 -3.499999999999997 0
10.39999999997415 -3.249999999999997 0
10.39999999997415 -2.999999999999998 0
10.39999999997415 -2.749999999999998 0
10.39999999997415 -2.499999999999998 0
10.39999999997415 -2.249999999999999 0
10.39999999997415 -1.999999999999998 0
10.39999999997415 -1.749999999999999 0
10.39999999997415 -1.499999999999999 0
10.39999999997415 -1.249999999999999 0
10.39999999997415 -0.9999999999999991 0
10.39999999997415 -0.7499999999999999 0
10.39999999997415 -0.4999999999999991 0
10.39999999997415 -0.25 0
11.19999999997181 -4.75 0
11.19999999997181 -4.499999999999999 0
11.19999999997181 -4.249999999999998 0
11.19999999997181 -3.999999999999998 0
11.19999999997181 -3.749999999999997 0
11.19999999997181 -3.499999999999997 0
11.19999999997181 -3.249999999999997 0
11.19999999997181 -2.999999999999997 0
11.19999999997181 -2.749999999999998 0
11.19999999997181 -2.499999999999998 0
11.19999999997181 -2.249999999999999 0
11.19999999997181 -1.999999999999998 0
11.19999999997181 -1.749999999999998 0
11.19999999997181 -1.499999999999999 0
11.19999999997181 -1.249999999999999 0
11.19999999997181 -0.999999999999999 0
11.19999999997181 -0.7499999999999999 0
11.19999999997181 -0.4999999999999991 0
11.19999999997181 -0.25 0
11.99999999996948 -4.75 0
11.99999999996948 -4.499999999999999 0
11.99999999996948 -4.249999999999999 0
11.99999999996947 -3.999999999999999 0
11.99999999996948 -3.749999999999997 0
11.99999999996947 -3.499999999999997 0
11.99999999996948 -3.249999999999998 0
11.99999999996948 -2.999999999999998 0
11.99999999996948 -2.749999999999998 0
11.99999999996948 -2.499999999999998 0
11.99999999996948 -2.249999999999999 0
11.99999999996948 -1.999999999999998 0
11.99999999996948 -1.749999999999999 0
11.99999999996948 -1.499999999999999 0
11.99999999996948 -1.249999999999999 0
11.99999999996948 -0.9999999999999989 0
11.99999999996948 -0.7499999999999999 0
11.99999999996948 -0.4999999999999991 0
11.99999999996948 -0.25 0
12.79999999996714 -4.75 0
12.79999999996714 -4.499999999999997 0
12.79999999996714 -4.249999999999998 0
12.79999999996714 -3.999999999999999 0
12.79999999996714 -3.749999999999998 0
12.79999999996714 -3.499999999999997 0
12.79999999996714 -3.249999999999997 0
12.79999999996714 -2.999999999999997 0
12.79999999996714 -2.749999999999999 0
12.79999999996714 -2.499999999999998 0
12.79999999996714 -2.249999999999999 0
12.79999999996714 -1.999999999999998 0
12.79999999996714 -1.749999999999999 0
12.79999999996714 -1.499999999999999 0
12.79999999996714 -1.249999999999999 0
12.79999999996714 -0.999999999999999 0
12.79999999996714 -0.7499999999999999 0
12.79999999996714 -0.4999999999999991 0
12.79999999996714 -0.25 0
13.5999999999648 -4.75 0
13.59999999996481 -4.5 0
13.5999999999648 -4.249999999999999 0
13.5999999999648 -3.999999999999999 0
13.5999999999648 -3.749999999999997 0
13.5999999999648 -3.499999999999997 0
13.5999999999648 -3.249999999999997 0
13.5999999999648 -2.999999999999998 0
13.5999999999648 -2.749999999999998 0
13.5999999999648 -2.499999999999998 0
13.5999999999648 -2.249999999999999 0
13.5999999999648 -1.999999999999998 0
13.5999999999648 -1.749999999999999 0
13.5999999999648 -1.499999999999999 0
13.5999999999648 -1.25 0
13.5999999999648 -0.999999999999999 0
13.5999999999648 -0.7499999999999999 0
13.5999999999648 -0.4999999999999991 0
13.5999999999648 -0.25 0
14.39999999996247 -4.75 0
14.39999999996247 -4.500000000000001 0
14.39999999996247 -4.25 0
14.39999999996247 -3.999999999999998 0
14.39999999996247 -3.749999999999997 0
14.39999999996247 -3.499999999999997 0
14.39999999996247 -3.249999999999998 0
14.39999999996247 -2.999999999999998 0
14.39999999996247 -2.749999999999998 0
14.39999999996247 -2.499999999999998 0
14.39999999996247 -2.249999999999998 0
14.39999999996247 -1.999999999999998 0
14.39999999996247 -1.749999999999998 0
14.39999999996247 -1.499999999999999 0
14.39999999996247 -1.249999999999999 0
14.39999999996247 -0.9999999999999991 0
14.39999999996247 -0.7499999999999998 0
14.39999999996247 -0.4999999999999991 0
14.39999999996247 -0.25 0
15.19999999996013 -4.75 0
15.19999999996013 -4.5 0
15.19999999996013 -4.249999999999999 0
15.19999999996013 -3.999999999999999 0
15.19999999996013 -3.749999999999997 0
15.19999999996013 -3.499999999999997 0
15.19999999996013 -3.249999999999997 0
15.19999999996013 -2.999999999999998 0
15.19999999996013 -2.749999999999998 0
15.19999999996013 -2.499999999999998 0
15.19999999996013 -2.249999999999999 0
15.19999999996013 -1.999999999999998 0
15.19999999996013 -1.749999999999998 0
15.19999999996013 -1.499999999999999 0
15.19999999996013 -1.249999999999999 0
15.19999999996013 -0.999999999999999 0
15.19999999996013 -0.7499999999999999 0
15.19999999996013 -0.4999999999999991 0
15.19999999996013 -0.25 0
15.99999999995815 -4.750000000000001 0
15.99999999995814 -4.499999999999998 0
15.99999999995815 -4.249999999999997 0
15.99999999995815 -3.999999999999999 0
15.99999999995815 -3.749999999999998 0
15.99999999995815 -3.499999999999997 0
15.99999999995815 -3.249999999999997 0
15.99999999995815 -2.999999999999997 0
15.99999999995815 -2.749999999999999 0
15.99999999995815 -2.499999999999998 0
15.99999999995815 -2.249999999999998 0
15.99999999995815 -1.999999999999998 0
15.99999999995815 -1.749999999999999 0
15.99999999995815 -1.499999999999999 0
15.99999999995814 -1.25 0
15.99999999995815 -0.9999999999999991 0
15.99999999995815 -0.75 0
15.99999999995814 -0.4999999999999991 0
15.99999999995814 -0.25 0
16.7999999999599 -4.75 0
16.79999999995991 -4.499999999999999 0
16.79999999995991 -4.249999999999998 0
16.79999999995991 -3.999999999999998 0
16.79999999995991 -3.749999999999997 0
16.79999999995991 -3.499999999999997 0
16.79999999995991 -3.249999999999998 0
16.79999999995991 -2.999999999999998 0
16.79999999995991 -2.749999999999999 0
16.79999999995991 -2.499999999999998 0
16.79999999995991 -2.249999999999999 0
16.79999999995991 -1.999999999999998 0
16.79999999995991 -1.749999999999999 0
16.79999999995991 -1.499999999999999 0
16.79999999995991 -1.249999999999999 0
16.79999999995991 -0.9999999999999991 0
16.79999999995991 -0.7499999999999999 0
16.79999999995991 -0.4999999999999991 0
16.79999999995991 -0.25 0
17.59999999996202 -4.75 0
17.59999999996202 -4.499999999999999 0
17.59999999996202 -4.249999999999998 0
17.59999999996202 -3.999999999999999 0
17.59999999996202 -3.749999999999997 0
17.59999999996202 -3.499999999999997 0
17.59999999996202 -3.249999999999997 0
17.59999999996202 -2.999999999999998 0
17.59999999996202 -2.749999999999998 0
17.59999999996202 -2.499999999999998 0
17.59999999996202 -2.249999999999999 0
17.59999999996202 -1.999999999999998 0
17.59999999996202 -1.749999999999999 0
17.59999999996202 -1.499999999999999 0
17.59999999996202 -1.249999999999999 0
17.59999999996202 -0.999999999999999 0
17.59999999996202 -0.7499999999999999 0
17.59999999996202 -0.4999999999999991 0
17.59999999996202 -0.25 0
18.39999999996412 -4.75 0
18.39999999996413 -4.499999999999999 0
18.39999999996414 -4.249999999999999 0
18.39999999996413 -3.999999999999999 0
18.39999999996413 -3.749999999999997 0
18.39999999996413 -3.499999999999997 0
18.39999999996413 -3.249999999999998 0
18.39999999996413 -2.999999999999998 0
18.39999999996413 -2.749999999999998 0
18.39999999996413 -2.499999999999998 0
18.39999999996413 -2.249999999999999 0
18.39999999996413 -1.999999999999998 0
18.39999999996413 -1.749999999999999 0
18.39999999996413 -1.499999999999999 0
18.39999999996413 -1.25 0
18.39999999996413 -0.999999999999999 0
18.39999999996413 -0.7499999999999999 0
18.39999999996413 -0.4999999999999991 0
18.39999999996413 -0.25 0
19.19999999996624 -4.75 0
19.19999999996624 -4.499999999999999 0
19.19999999996623 -4.249999999999999 0
19.19999999996624 -3.999999999999998 0
19.19999999996624 -3.749999999999997 0
19.19999999996624 -3.499999999999997 0
19.19999999996624 -3.249999999999998 0
19.19999999996624 -2.999999999999998 0
19.19999999996624 -2.749999999999998 0
19.19999999996624 -2.499999999999998 0
19.19999999996624 -2.249999999999999 0
19.19999999996624 -1.999999999999998 0
19.19999999996624 -1.749999999999999 0
19.19999999996624 -1.499999999999999 0
19.19999999996624 -1.249999999999999 0
19.19999999996624 -0.999999999999999 0
19.19999999996624 -0.7499999999999999 0
19.19999999996624 -0.4999999999999991 0
19.19999999996624 -0.25 0
19.99999999996835 -4.75 0
19.99999999996835 -4.499999999999999 0
19.99999999996835 -4.249999999999998 0
19.99999999996835 -3.999999999999998 0
19.99999999996835 -3.749999999999997 0
19.99999999996835 -3.499999999999997 0
19.99999999996835 -3.249999999999996 0
19.99999999996835 -2.999999999999998 0
19.99999999996835 -2.749999999999998 0
19.99999999996835 -2.499999999999998 0
19.99999999996835 -2.249999999999999 0
19.99999999996835 -1.999999999999998 0
19.99999999996835 -1.749999999999999 0
19.99999999996835 -1.499999999999999 0
19.99999999996835 -1.249999999999999 0
19.99999999996835 -0.999999999999999 0
19.99999999996835 -0.7499999999999999 0
19.99999999996835 -0.4999999999999991 0
19.99999999996835 -0.25 0
20.79999999997045 -4.75 0
20.79999999997046 -4.499999999999999 0
20.79999999997046 -4.249999999999999 0
20.79999999997046 -3.999999999999998 0
20.79999999997046 -3.749999999999997 0
20.79999999997046 -3.499999999999997 0
20.79999999997046 -3.249999999999996 0
20.79999999997046 -2.999999999999998 0
20.79999999997046 -2.749999999999999 0
20.79999999997046 -2.499999999999998 0
20.79999999997046 -2.249999999999999 0
20.79999999997046 -1.999999999999998 0
20.79999999997046 -1.749999999999999 0
20.79999999997046 -1.499999999999999 0
20.79999999997046 -1.249999999999999 0
20.79999999997046 -0.9999999999999991 0
20.79999999997046 -0.7499999999999999 0
20.79999999997046 -0.4999999999999991 0
20.79999999997046 -0.25 0
21.59999999997256 -4.750000000000001 0
21.59999999997257 -4.5 0
21.59999999997257 -4.249999999999999 0
21.59999999997257 -3.999999999999998 0
21.59999999997257 -3.749999999999997 0
21.59999999997257 -3.499999999999997 0
21.59999999997257 -3.249999999999998 0
21.59999999997257 -2.999999999999998 0
21.59999999997257 -2.749999999999998 0
21.59999999997257 -2.499999999999998 0
21.59999999997257 -2.249999999999999 0
21.59999999997257 -1.999999999999998 0
21.59999999997257 -1.749999999999999 0
21.59999999997257 -1.499999999999999 0
21.59999999997257 -1.249999999999999 0
21.59999999997257 -0.9999999999999989 0
21.59999999997257 -0.7499999999999998 0
21.59999999997257 -0.4999999999999991 0
21.59999999997257 -0.25 0
22.39999999997468 -4.750000000000001 0
22.39999999997468 -4.5 0
22.39999999997468 -4.249999999999999 0
22.39999999997468 -3.999999999999998 0
22.39999999997468 -3.749999999999997 0
22.39999999997468 -3.499999999999997 0
22.39999999997468 -3.249999999999998 0
22.39999999997468 -2.999999999999999 0
22.39999999997468 -2.749999999999998 0
22.39999999997468 -2.499999999999998 0
22.39999999997468 -2.249999999999999 0
22.39999999997468 -1.999999999999998 0
22.39999999997468 -1.749999999999999 0
22.39999999997468 -1.499999999999999 0
22.39999999997468 -1.25 0
22.39999999997468 -0.9999999999999991 0
22.39999999997468 -0.7499999999999998 0
22.39999999997468 -0.4999999999999991 0
22.39999999997468 -0.25 0
23.19999999997679 -4.75 0
23.19999999997679 -4.499999999999999 0
23.19999999997679 -4.249999999999999 0
23.19999999997679 -3.999999999999999 0
23.19999999997679 -3.749999999999997 0
23.1999999999768 -3.499999999999997 0
23.19999999997679 -3.249999999999998 0
23.19999999997679 -2.999999999999998 0
23.19999999997679 -2.749999999999999 0
23.19999999997679 -2.499999999999998 0
23.19999999997679 -2.249999999999999 0
23.19999999997679 -1.999999999999998 0
23.19999999997679 -1.749999999999999 0
23.19999999997679 -1.499999999999999 0
23.19999999997679 -1.249999999999999 0
23.19999999997679 -0.999999999999999 0
23.19999999997679 -0.7499999999999999 0
23.19999999997679 -0.4999999999999991 0
23.19999999997679 -0.25 0
23.9999999999789 -4.750000000000001 0
23.9999999999789 -4.499999999999999 0
23.9999999999789 -4.249999999999999 0
23.9999999999789 -3.999999999999999 0
23.99999999997891 -3.749999999999997 0
23.9999999999789 -3.499999999999997 0
23.9999999999789 -3.249999999999998 0
23.99999999997889 -2.999999999999998 0
23.9999999999789 -2.749999999999998 0
23.9999999999789 -2.499999999999998 0
23.9999999999789 -2.249999999999999 0
23.99999999997889 -1.999999999999998 0
23.99999999997891 -1.749999999999999 0
23.9999999999789 -1.499999999999999 0
23.9999999999789 -1.249999999999999 0
23.9999999999789 -0.9999999999999989 0
23.9999999999789 -0.75 0
23.9999999999789 -0.4999999999999991 0
23.9999999999789 -0.25 0
24.79999999998101 -4.75 0
24.79999999998101 -4.5 0
24.79999999998101 -4.249999999999998 0
24.79999999998102 -3.999999999999998 0
24.79999999998101 -3.749999999999998 0
24.799999999981 -3.499999999999997 0
24.79999999998101 -3.249999999999998 0
24.79999999998101 -2.999999999999997 0
24.79999999998101 -2.749999999999998 0
24.79999999998101 -2.499999999999998 0
24.79999999998101 -2.249999999999999 0
24.79999999998101 -1.999999999999998 0
24.799999999981 -1.749999999999998 0
24.799999999981 -1.499999999999999 0
24.79999999998101 -1.249999999999999 0
24.799999999981 -0.9999999999999989 0
24.79999999998101 -0.7499999999999999 0
24.79999999998101 -0.4999999999999991 0
24.79999999998101 -0.25 0
25.59999999998312 -4.75 0
25.59999999998312 -4.499999999999999 0
25.59999999998312 -4.249999999999998 0
25.59999999998312 -3.999999999999998 0
25.59999999998312 -3.749999999999997 0
25.59999999998312 -3.499999999999997 0
25.59999999998312 -3.249999999999998 0
25.59999999998312 -2.999999999999998 0
25.59999999998312 -2.749999999999999 0
25.59999999998312 -2.499999999999998 0
25.59999999998312 -2.249999999999999 0
25.59999999998312 -1.999999999999998 0
25.59999999998312 -1.749999999999999 0
25.59999999998312 -1.499999999999999 0
25.59999999998312 -1.249999999999999 0
25.59999999998312 -0.999999999999999 0
25.59999999998312 -0.7499999999999999 0
25.59999999998312 -0.4999999999999991 0
25.59999999998312 -0.25 0
26.39999999998523 -4.75 0
26.39999999998523 -4.499999999999999 0
26.39999999998523 -4.249999999999998 0
26.39999999998523 -3.999999999999998 0
26.39999999998523 -3.749999999999997 0
26.39999999998523 -3.499999999999997 0
26.39999999998523 -3.249999999999998 0
26.39999999998523 -2.999999999999997 0
26.39999999998523 -2.749999999999999 0
26.39999999998523 -2.499999999999998 0
26.39999999998523 -2.249999999999999 0
26.39999999998523 -1.999999999999998 0
26.39999999998523 -1.749999999999999 0
26.39999999998523 -1.499999999999999 0
26.39999999998523 -1.249999999999999 0
26.39999999998523 -0.999999999999999 0
26.39999999998523 -0.7499999999999999 0
26.39999999998523 -0.4999999999999991 0
26.39999999998523 -0.25 0
27.19999999998734 -4.75 0
27.19999999998734 -4.5 0
27.19999999998734 -4.249999999999999 0
27.19999999998733 -3.999999999999999 0
27.19999999998734 -3.749999999999997 0
27.19999999998734 -3.499999999999997 0
27.19999999998734 -3.249999999999997 0
27.19999999998734 -2.999999999999998 0
27.19999999998734 -2.749999999999998 0
27.19999999998734 -2.499999999999998 0
27.19999999998734 -2.249999999999999 0
27.19999999998734 -1.999999999999998 0
27.19999999998734 -1.749999999999999 0
27.19999999998734 -1.499999999999999 0
27.19999999998734 -1.249999999999999 0
27.19999999998734 -0.999999999999999 0
27.19999999998734 -0.7499999999999999 0
27.19999999998734 -0.4999999999999991 0
27.19999999998734 -0.25 0
27.99999999998945 -4.75 0
27.99999999998945 -4.499999999999999 0
27.99999999998946 -4.249999999999999 0
27.99999999998946 -3.999999999999998 0
27.99999999998945 -3.749999999999997 0
27.99999999998945 -3.499999999999997 0
27.99999999998944 -3.249999999999997 0
27.99999999998946 -2.999999999999998 0
27.99999999998945 -2.749999999999998 0
27.99999999998945 -2.499999999999998 0
27.99999999998945 -2.249999999999999 0
27.99999999998945 -1.999999999999998 0
27.99999999998945 -1.749999999999999 0
27.99999999998946 -1.499999999999999 0
27.99999999998946 -1.249999999999999 0
27.99999999998946 -0.9999999999999991 0
27.99999999998944 -0.7499999999999999 0
27.99999999998945 -0.4999999999999991 0
27.99999999998945 -0.25 0
28.79999999999156 -4.75 0
28.79999999999156 -4.499999999999999 0
28.79999999999157 -4.249999999999999 0
28.79999999999156 -3.999999999999999 0
28.79999999999156 -3.749999999999997 0
28.79999999999156 -3.499999999999997 0
28.79999999999156 -3.249999999999997 0
28.79999999999156 -2.999999999999998 0
28.79999999999156 -2.749999999999999 0
28.79999999999155 -2.499999999999998 0
28.79999999999156 -2.249999999999999 0
28.79999999999156 -1.999999999999998 0
28.79999999999156 -1.749999999999998 0
28.79999999999156 -1.499999999999999 0
28.79999999999156 -1.249999999999999 0
28.79999999999157 -0.999999999999999 0
28.79999999999155 -0.7499999999999999 0
28.79999999999156 -0.4999999999999991 0
28.79999999999156 -0.25 0
29.59999999999367 -4.75 0
29.59999999999367 -4.499999999999999 0
29.59999999999367 -4.249999999999999 0
29.59999999999367 -3.999999999999999 0
29.59999999999367 -3.749999999999997 0
29.59999999999367 -3.499999999999997 0
29.59999999999367 -3.249999999999998 0
29.59999999999367 -2.999999999999998 0
29.59999999999367 -2.749999999999999 0
29.59999999999367 -2.499999999999998 0
29.59999999999367 -2.249999999999997 0
29.59999999999367 -1.999999999999998 0
29.59999999999367 -1.749999999999999 0
29.59999999999367 -1.499999999999999 0
29.59999999999367 -1.249999999999999 0
29.59999999999367 -0.9999999999999989 0
29.59999999999367 -0.7499999999999999 0
29.59999999999367 -0.4999999999999991 0
29.59999999999367 -0.25 0
30.39999999999578 -4.75 0
30.39999999999577 -4.499999999999999 0
30.39999999999578 -4.249999999999999 0
30.39999999999578 -3.999999999999998 0
30.39999999999578 -3.749999999999997 0
30.39999999999579 -3.499999999999997 0
30.39999999999578 -3.249999999999998 0
30.39999999999578 -2.999999999999999 0
30.39999999999579 -2.749999999999998 0
30.39999999999578 -2.499999999999998 0
30.39999999999578 -2.249999999999999 0
30.39999999999578 -1.999999999999998 0
30.39999999999577 -1.749999999999999 0
30.39999999999578 -1.499999999999999 0
30.39999999999578 -1.249999999999999 0
30.39999999999577 -0.9999999999999989 0
30.39999999999578 -0.7499999999999998 0
30.39999999999579 -0.4999999999999991 0
30.39999999999578 -0.25 0
31.19999999999789 -4.75 0
31.19999999999789 -4.499999999999999 0
31.19999999999789 -4.249999999999998 0
31.19999999999789 -3.999999999999998 0
31.1999999999979 -3.749999999999997 0
31.19999999999789 -3.499999999999997 0
31.19999999999789 -3.249999999999998 0
31.19999999999789 -2.999999999999998 0
31.19999999999789 -2.749999999999998 0
31.19999999999789 -2.499999999999998 0
31.19999999999789 -2.249999999999999 0
31.19999999999789 -1.999999999999998 0
31.19999999999789 -1.749999999999998 0
31.19999999999789 -1.499999999999999 0
31.19999999999789 -1.249999999999999 0
31.19999999999789 -0.9999999999999989 0
31.19999999999789 -0.75 0
31.19999999999789 -0.4999999999999991 0
31.19999999999789 -0.25 0
2 3 0 741
2601
2602
2603
2604
2605
2606
2607
2608
2609
2610
2611
2612
2613
2614
2615
2616
2617
2618
2619
2620
2621
2622
2623
2624
2625
2626
2627
2628
2629
2630
2631
2632
2633
2634
2635
2636
2637
2638
2639
2640
2641
2642
2643
2644
2645
2646
2647
2648
2649
2650
2651
2652
2653
2654
2655
2656
2657
2658
2659
2660
2661
2662
2663
2664
2665
2666
2667
2668
2669
2670
2671
2672
2673
2674
2675
2676
2677
2678
2679
2680
2681
2682
2683
2684
2685
2686
2687
2688
2689
2690
2691
2692
2693
2694
2695
2696
2697
2698
2699
2700
2701
2702
2703
2704
2705
2706
2707
2708
2709
2710
2711
2712
2713
2714
2715
2716
2717
2718
2719
2720
2721
2722
2723
2724
2725
2726
2727
2728
2729
2730
2731
2732
2733
2734
2735
2736
2737
2738
2739
2740
2741
2742
2743
2744
2745
2746
2747
2748
2749
2750
2751
2752
2753
2754
2755
2756
2757
2758
2759
2760
2761
2762
2763
2764
2765
2766
2767
2768
2769
2770
2771
2772
2773
2774
2775
2776
2777
2778
2779
2780
2781
2782
2783
2784
2785
2786
2787
2788
2789
2790
2791
2792
2793
2794
2795
2796
2797
2798
2799
2800
2801
2802
2803
2804
2805
2806
2807
2808
2809
2810
2811
2812
2813
2814
2815
2816
2817
2818
2819
2820
2821
2822
2823
2824
2825
2826
2827
2828
2829
2830
2831
2832
2833
2834
2835
2836
2837
2838
2839
2840
2841
2842
2843
2844
2845
2846
2847
2848
2849
2850
2851
2852
2853
2854
2855
2856
2857
2858
2859
2860
2861
2862
2863
2864
2865
2866
2867
2868
2869
2870
2871
2872
2873
2874
2875
2876
2877
2878
2879
2880
2881
2882
2883
2884
2885
2886
2887
2888
2889
2890
2891
2892
2893
2894
2895
2896
2897
2898
2899
2900
2901
2902
2903
2904
2905
2906
2907
2908
2909
2910
2911
2912
2913
2914
2915
2916
2917
2918
2919
2920
2921
2922
2923
2924
2925
2926
2927
2928
2929
2930
2931
2932
2933
2934
2935
2936
2937
2938
2939
2940
2941
2942
2943
2944
2945
2946
2947
2948
2949
2950
2951
2952
2953
2954
2955
2956
2957
2958
2959
2960
2961
2962
2963
2964
2965
2966
2967
2968
2969
2970
2971
2972
2973
2974
2975
2976
2977
2978
2979
2980
2981
2982
2983
2984
2985
2986
2987
2988
2989
2990
2991
2992
2993
2994
2995
2996
2997
2998
2999
3000
3001
3002
3003
3004
3005
3006
3007
3008
3009
3010
3011
3012
3013
3014
3015
3016
3017
3018
3019
3020
3021
3022
3023
3024
3025
3026
3027
3028
3029
3030
3031
3032
3033
3034
3035
3036
3037
3038
3039
3040
3041
3042
3043
3044
3045
3046
3047
3048
3049
3050
3051
3052
3053
3054
3055
3056
3057
3058
3059
3060
3061
3062
3063
3064
3065
3066
3067
3068
3069
3070
3071
3072
3073
3074
3075
3076
3077
3078
3079
3080
3081
3082
3083
3084
3085
3086
3087
3088
3089
3090
3091
3092
3093
3094
3095
3096
3097
3098
3099
3100
3101
3102
3103
3104
3105
3106
3107
3108
3109
3110
3111
3112
3113
3114
3115
3116
3117
3118
3119
3120
3121
3122
3123
3124
3125
3126
3127
3128
3129
3130
3131
3132
3133
3134
3135
3136
3137
3138
3139
3140
3141
3142
3143
3144
3145
3146
3147
3148
3149
3150
3151
3152
3153
3154
3155
3156
3157
3158
3159
3160
3161
3162
3163
3164
3165
3166
3167
3168
3169
3170
3171
3172
3173
3174
3175
3176
3177
3178
3179
3180
3181
3182
3183
3184
3185
3186
3187
3188
3189
3190
3191
3192
3193
3194
3195
3196
3197
3198
3199
3200
3201
3202
3203
3204
3205
3206
3207
3208
3209
3210
3211
3212
3213
3214
3215
3216
3217
3218
3219
3220
3221
3222
3223
3224
3225
3226
3227
3228
3229
3230
3231
3232
3233
3234
3235
3236
3237
3238
3239
3240
3241
3242
3243
3244
3245
3246
3247
3248
3249
3250
3251
3252
3253
3254
3255
3256
3257
3258
3259
3260
3261
3262
3263
3264
3265
3266
3267
3268
3269
3270
3271
3272
3273
3274
3275
3276
3277
3278
3279
3280
3281
3282
3283
3284
3285
3286
3287
3288
3289
3290
3291
3292
3293
3294
3295
3296
3297
3298
3299
3300
3301
3302
3303
3304
3305
3306
3307
3308
3309
3310
3311
3312
3313
3314
3315
3316
3317
3318
3319
3320
3321
3322
3323
3324
3325
3326
3327
3328
3329
3330
3331
3332
3333
3334
3335
3336
3337
3338
3339
3340
3341
32.5 -4.75 0
32.5 -4.499999999999999 0
32.5 -4.249999999999999 0
32.5 -3.999999999999999 0
32.50000000000001 -3.749999999999998 0
32.5 -3.499999999999997 0
32.5 -3.249999999999998 0
32.5 -2.999999999999997 0
32.5 -2.749999999999999 0
32.5 -2.499999999999998 0
32.5 -2.249999999999999 0
32.5 -1.999999999999998 0
32.5 -1.749999999999998 0
32.5 -1.499999999999999 0
32.5 -1.249999999999999 0
32.5 -0.999999999999999 0
32.5 -0.7499999999999999 0
32.5 -0.4999999999999991 0
32.5 -0.25 0
33 -4.75 0
33 -4.499999999999998 0
33 -4.249999999999998 0
33.00000000000001 -3.999999999999999 0
33 -3.749999999999997 0
33 -3.499999999999997 0
33 -3.249999999999997 0
33 -2.999999999999998 0
33 -2.749999999999999 0
33 -2.499999999999998 0
33 -2.249999999999999 0
33 -1.999999999999998 0
33 -1.749999999999999 0
33 -1.499999999999999 0
33 -1.249999999999999 0
33 -0.9999999999999991 0
33 -0.7499999999999999 0
33 -0.4999999999999992 0
33 -0.25 0
33.50000000000001 -4.75 0
33.5 -4.5 0
33.5 -4.249999999999999 0
33.5 -3.999999999999998 0
33.5 -3.749999999999997 0
33.5 -3.499999999999997 0
33.5 -3.249999999999998 0
33.5 -2.999999999999998 0
33.5 -2.749999999999998 0
33.5 -2.499999999999998 0
33.5 -2.249999999999999 0
33.5 -1.999999999999998 0
33.5 -1.749999999999998 0
33.5 -1.499999999999999 0
33.5 -1.249999999999999 0
33.5 -0.9999999999999992 0
33.5 -0.75 0
33.5 -0.499999999999999 0
33.5 -0.25 0
34.00000000000001 -4.75 0
34 -4.499999999999999 0
33.99999999999999 -4.249999999999999 0
34 -3.999999999999998 0
34 -3.749999999999998 0
34 -3.499999999999997 0
34 -3.249999999999998 0
34 -2.999999999999998 0
34 -2.749999999999998 0
34 -2.499999999999998 0
34 -2.25 0
34 -1.999999999999998 0
34 -1.749999999999999 0
34 -1.499999999999999 0
34 -1.249999999999999 0
34 -0.999999999999999 0
34 -0.7499999999999998 0
34 -0.4999999999999991 0
34 -0.25 0
34.5 -4.75 0
34.5 -4.499999999999999 0
34.5 -4.249999999999999 0
34.5 -3.999999999999998 0
34.5 -3.749999999999997 0
34.5 -3.499999999999997 0
34.5 -3.249999999999998 0
34.5 -2.999999999999998 0
34.5 -2.749999999999998 0
34.5 -2.499999999999998 0
34.5 -2.249999999999999 0
34.5 -1.999999999999998 0
34.5 -1.749999999999998 0
34.5 -1.499999999999999 0
34.5 -1.249999999999999 0
34.5 -0.999999999999999 0
34.5 -0.7499999999999998 0
34.5 -0.4999999999999991 0
34.5 -0.25 0
35.00000000000001 -4.750000000000001 0
34.99999999999999 -4.499999999999999 0
34.99999999999999 -4.249999999999999 0
35.00000000000001 -3.999999999999999 0
35.00000000000001 -3.749999999999997 0
35.00000000000001 -3.499999999999997 0
35 -3.249999999999998 0
35.00000000000001 -2.999999999999998 0
35.00000000000001 -2.749999999999999 0
35.00000000000001 -2.499999999999998 0
35.00000000000001 -2.249999999999999 0
35.00000000000001 -1.999999999999998 0
34.99999999999999 -1.749999999999999 0
34.99999999999999 -1.499999999999999 0
34.99999999999999 -1.249999999999999 0
34.99999999999999 -0.999999999999999 0
34.99999999999999 -0.7499999999999999 0
34.99999999999999 -0.4999999999999991 0
34.99999999999999 -0.25 0
35.50000000000003 -4.75 0
35.50000000000001 -4.499999999999999 0
35.50000000000001 -4.249999999999999 0
35.50000000000001 -3.999999999999999 0
35.50000000000001 -3.749999999999997 0
35.50000000000001 -3.499999999999997 0
35.50000000000001 -3.249999999999996 0
35.50000000000001 -2.999999999999998 0
35.50000000000001 -2.749999999999998 0
35.50000000000001 -2.499999999999998 0
35.50000000000001 -2.249999999999999 0
35.50000000000001 -1.999999999999998 0
35.49999999999999 -1.749999999999999 0
35.50000000000001 -1.499999999999999 0
35.49999999999999 -1.249999999999999 0
35.49999999999999 -0.9999999999999991 0
35.50000000000001 -0.7499999999999999 0
35.50000000000001 -0.4999999999999991 0
35.49999999999999 -0.25 0
36.00000000000001 -4.75 0
36.00000000000001 -4.499999999999999 0
36.00000000000001 -4.249999999999999 0
36.00000000000001 -3.999999999999999 0
36.00000000000001 -3.749999999999997 0
36.00000000000001 -3.499999999999998 0
35.99999999999999 -3.249999999999998 0
36.00000000000001 -2.999999999999998 0
36.00000000000001 -2.749999999999999 0
36.00000000000001 -2.499999999999998 0
36.00000000000001 -2.249999999999999 0
36.00000000000001 -1.999999999999998 0
36.00000000000001 -1.749999999999999 0
36.00000000000001 -1.499999999999999 0
36 -1.249999999999999 0
35.99999999999999 -0.999999999999999 0
36 -0.75 0
35.99999999999999 -0.4999999999999992 0
35.99999999999999 -0.25 0
36.50000000000001 -4.75 0
36.50000000000001 -4.5 0
36.5 -4.249999999999999 0
36.50000000000001 -3.999999999999998 0
36.50000000000001 -3.749999999999997 0
36.5 -3.499999999999996 0
36.50000000000001 -3.249999999999998 0
36.5 -2.999999999999998 0
36.49999999999999 -2.749999999999998 0
36.50000000000001 -2.499999999999998 0
36.49999999999999 -2.249999999999999 0
36.49999999999999 -1.999999999999998 0
36.49999999999999 -1.749999999999998 0
36.50000000000001 -1.499999999999999 0
36.49999999999999 -1.249999999999999 0
36.50000000000001 -0.9999999999999992 0
36.49999999999999 -0.7500000000000001 0
36.49999999999999 -0.4999999999999991 0
36.49999999999999 -0.25 0
36.99999999999999 -4.75 0
37.00000000000001 -4.499999999999998 0
37.00000000000002 -4.249999999999998 0
37 -3.999999999999998 0
37.00000000000002 -3.749999999999998 0
37.00000000000001 -3.499999999999997 0
37.00000000000001 -3.249999999999998 0
37.00000000000001 -2.999999999999998 0
36.99999999999999 -2.749999999999998 0
37.00000000000001 -2.499999999999998 0
37.00000000000001 -2.249999999999999 0
36.99999999999999 -1.999999999999998 0
37.00000000000001 -1.749999999999999 0
36.99999999999999 -1.499999999999999 0
37 -1.249999999999999 0
37.00000000000001 -0.9999999999999989 0
37.00000000000001 -0.75 0
36.99999999999999 -0.4999999999999991 0
36.99999999999999 -0.25 0
37.50000000000001 -4.75 0
37.49999999999999 -4.499999999999999 0
37.49999999999999 -4.249999999999999 0
37.50000000000001 -3.999999999999999 0
37.50000000000002 -3.749999999999998 0
37.50000000000001 -3.499999999999997 0
37.50000000000001 -3.249999999999997 0
37.50000000000001 -2.999999999999997 0
37.50000000000001 -2.749999999999999 0
37.50000000000001 -2.499999999999998 0
37.50000000000001 -2.249999999999999 0
37.50000000000001 -1.999999999999998 0
37.50000000000001 -1.749999999999999 0
37.49999999999999 -1.499999999999999 0
37.5 -1.249999999999999 0
37.49999999999999 -0.999999999999999 0
37.5 -0.75 0
37.49999999999999 -0.4999999999999991 0
37.49999999999999 -0.25 0
38.00000000000002 -4.75 0
38.00000000000001 -4.499999999999999 0
38.00000000000001 -4.249999999999998 0
38.00000000000001 -3.999999999999998 0
38.00000000000002 -3.749999999999997 0
38.00000000000001 -3.499999999999997 0
38.00000000000001 -3.249999999999998 0
38.00000000000001 -2.999999999999998 0
37.99999999999999 -2.749999999999998 0
38.00000000000001 -2.499999999999998 0
38.00000000000001 -2.249999999999998 0
37.99999999999999 -1.999999999999998 0
37.99999999999999 -1.749999999999998 0
38 -1.499999999999999 0
37.99999999999999 -1.25 0
37.99999999999999 -0.999999999999999 0
37.99999999999999 -0.7499999999999999 0
37.99999999999999 -0.4999999999999991 0
37.99999999999999 -0.25 0
38.5 -4.750000000000001 0
38.50000000000001 -4.499999999999998 0
38.49999999999999 -4.249999999999999 0
38.5 -3.999999999999999 0
38.5 -3.749999999999998 0
38.5 -3.499999999999997 0
38.49999999999999 -3.249999999999998 0
38.49999999999999 -2.999999999999997 0
38.5 -2.749999999999999 0
38.5 -2.499999999999998 0
38.5 -2.249999999999999 0
38.49999999999999 -1.999999999999998 0
38.49999999999999 -1.749999999999999 0
38.49999999999999 -1.499999999999999 0
38.49999999999999 -1.249999999999999 0
38.49999999999999 -0.9999999999999991 0
38.5 -0.75 0
38.5 -0.4999999999999991 0
38.5 -0.25 0
39 -4.75 0
39.00000000000001 -4.499999999999998 0
39 -4.249999999999998 0
39.00000000000001 -3.999999999999998 0
39.00000000000001 -3.749999999999997 0
39 -3.499999999999997 0
39 -3.249999999999998 0
39.00000000000001 -2.999999999999999 0
39.00000000000001 -2.749999999999998 0
39 -2.499999999999998 0
39.00000000000001 -2.249999999999998 0
39 -1.999999999999998 0
39.00000000000001 -1.749999999999999 0
39.00000000000001 -1.499999999999999 0
39 -1.249999999999999 0
39 -0.9999999999999989 0
38.99999999999999 -0.7499999999999999 0
39 -0.4999999999999991 0
38.99999999999999 -0.25 0
39.49999999999999 -4.75 0
39.50000000000001 -4.499999999999999 0
39.50000000000002 -4.249999999999998 0
39.50000000000001 -3.999999999999999 0
39.49999999999999 -3.749999999999997 0
39.50000000000001 -3.499999999999997 0
39.50000000000001 -3.249999999999997 0
39.49999999999999 -2.999999999999998 0
39.5 -2.749999999999998 0
39.50000000000001 -2.499999999999998 0
39.50000000000001 -2.249999999999999 0
39.50000000000001 -1.999999999999998 0
39.50000000000001 -1.749999999999998 0
39.5 -1.499999999999999 0
39.49999999999999 -1.249999999999999 0
39.50000000000001 -0.9999999999999991 0
39.5 -0.75 0
39.49999999999999 -0.4999999999999991 0
39.49999999999999 -0.25 0
40.00000000000001 -4.75 0
39.99999999999999 -4.499999999999999 0
39.99999999999999 -4.249999999999999 0
40.00000000000001 -3.999999999999999 0
40 -3.749999999999997 0
40.00000000000001 -3.499999999999997 0
40.00000000000001 -3.249999999999998 0
39.99999999999999 -2.999999999999998 0
40.00000000000001 -2.749999999999998 0
40.00000000000001 -2.499999999999998 0
39.99999999999999 -2.249999999999999 0
39.99999999999999 -1.999999999999998 0
39.99999999999999 -1.749999999999999 0
39.99999999999999 -1.499999999999999 0
39.99999999999999 -1.249999999999999 0
39.99999999999999 -0.9999999999999989 0
40 -0.7499999999999999 0
39.99999999999999 -0.4999999999999991 0
39.99999999999999 -0.25 0
40.5 -4.75 0
40.50000000000001 -4.499999999999999 0
40.50000000000001 -4.249999999999998 0
40.50000000000001 -3.999999999999999 0
40.49999999999999 -3.749999999999997 0
40.5 -3.499999999999997 0
40.49999999999999 -3.249999999999997 0
40.50000000000001 -2.999999999999998 0
40.49999999999999 -2.749999999999998 0
40.5 -2.499999999999998 0
40.49999999999999 -2.249999999999999 0
40.49999999999999 -1.999999999999998 0
40.49999999999999 -1.749999999999998 0
40.49999999999999 -1.499999999999999 0
40.49999999999999 -1.249999999999999 0
40.49999999999999 -0.999999999999999 0
40.49999999999999 -0.7499999999999999 0
40.49999999999999 -0.4999999999999991 0
40.49999999999999 -0.25 0
40.99999999999999 -4.75 0
41.00000000000001 -4.5 0
41 -4.249999999999997 0
40.99999999999999 -3.999999999999999 0
40.99999999999999 -3.749999999999997 0
41.00000000000001 -3.499999999999997 0
40.99999999999999 -3.249999999999997 0
40.99999999999999 -2.999999999999998 0
41 -2.749999999999999 0
41 -2.499999999999998 0
40.99999999999999 -2.249999999999998 0
41 -1.999999999999998 0
40.99999999999999 -1.749999999999999 0
40.99999999999999 -1.499999999999999 0
40.99999999999999 -1.249999999999999 0
41 -0.9999999999999991 0
40.99999999999999 -0.75 0
40.99999999999999 -0.4999999999999991 0
40.99999999999999 -0.25 0
41.50000000000001 -4.75 0
41.50000000000002 -4.499999999999999 0
41.5 -4.25 0
41.50000000000001 -3.999999999999998 0
41.50000000000001 -3.749999999999997 0
41.50000000000001 -3.499999999999997 0
41.50000000000001 -3.249999999999998 0
41.50000000000002 -2.999999999999999 0
41.50000000000001 -2.749999999999998 0
41.50000000000001 -2.499999999999998 0
41.5 -2.249999999999998 0
41.50000000000001 -1.999999999999998 0
41.50000000000001 -1.749999999999998 0
41.50000000000001 -1.499999999999999 0
41.50000000000001 -1.249999999999999 0
41.5 -0.999999999999999 0
41.49999999999999 -0.7499999999999999 0
41.49999999999999 -0.4999999999999991 0
41.49999999999999 -0.25 0
41.99999999999999 -4.75 0
42.00000000000001 -4.499999999999999 0
42.00000000000002 -4.249999999999999 0
42 -3.999999999999998 0
41.99999999999999 -3.749999999999997 0
42.00000000000001 -3.499999999999997 0
42.00000000000001 -3.249999999999998 0
41.99999999999999 -2.999999999999998 0
41.99999999999999 -2.749999999999998 0
42.00000000000001 -2.499999999999998 0
42 -2.249999999999999 0
42 -1.999999999999998 0
41.99999999999999 -1.749999999999998 0
41.99999999999999 -1.499999999999999 0
41.99999999999999 -1.249999999999999 0
41.99999999999999 -0.999999999999999 0
41.99999999999999 -0.7499999999999999 0
41.99999999999999 -0.4999999999999991 0
41.99999999999999 -0.25 0
42.50000000000001 -4.75 0
42.49999999999999 -4.499999999999999 0
42.49999999999999 -4.249999999999999 0
42.50000000000001 -3.999999999999998 0
42.49999999999999 -3.749999999999997 0
42.50000000000002 -3.499999999999997 0
42.50000000000001 -3.249999999999997 0
42.50000000000001 -2.999999999999998 0
42.50000000000001 -2.749999999999998 0
42.50000000000001 -2.499999999999998 0
42.49999999999999 -2.249999999999999 0
42.50000000000001 -1.999999999999998 0
42.49999999999999 -1.749999999999999 0
42.49999999999999 -1.499999999999999 0
42.49999999999999 -1.249999999999999 0
42.5 -0.9999999999999989 0
42.49999999999999 -0.7499999999999999 0
42.49999999999999 -0.4999999999999991 0
42.49999999999999 -0.25 0
43.00000000000001 -4.75 0
43 -4.5 0
43.00000000000001 -4.249999999999999 0
43.00000000000001 -3.999999999999999 0
42.99999999999999 -3.749999999999997 0
43 -3.499999999999997 0
42.99999999999999 -3.249999999999998 0
42.99999999999999 -2.999999999999998 0
42.99999999999999 -2.749999999999998 0
43.00000000000001 -2.499999999999998 0
42.99999999999999 -2.249999999999999 0
42.99999999999999 -1.999999999999998 0
43 -1.749999999999999 0
42.99999999999999 -1.499999999999999 0
42.99999999999999 -1.249999999999999 0
42.99999999999999 -0.999999999999999 0
42.99999999999999 -0.7499999999999999 0
42.99999999999999 -0.4999999999999991 0
42.99999999999999 -0.25 0
43.50000000000001 -4.75 0
43.50000000000001 -4.499999999999999 0
43.50000000000001 -4.249999999999998 0
43.50000000000001 -3.999999999999999 0
43.50000000000001 -3.749999999999997 0
43.50000000000001 -3.499999999999997 0
43.49999999999999 -3.249999999999997 0
43.50000000000001 -2.999999999999998 0
43.50000000000001 -2.749999999999999 0
43.50000000000001 -2.499999999999998 0
43.50000000000001 -2.249999999999999 0
43.49999999999999 -1.999999999999998 0
43.49999999999999 -1.749999999999999 0
43.49999999999999 -1.499999999999999 0
43.49999999999999 -1.25 0
43.49999999999999 -0.999999999999999 0
43.49999999999999 -0.7499999999999999 0
43.49999999999999 -0.4999999999999991 0
43.49999999999999 -0.25 0
44.00000000000001 -4.75 0
44 -4.499999999999999 0
44.00000000000001 -4.249999999999998 0
43.99999999999999 -3.999999999999998 0
44.00000000000001 -3.749999999999997 0
43.99999999999999 -3.499999999999997 0
44.00000000000001 -3.249999999999998 0
44 -2.999999999999998 0
44 -2.749999999999999 0
44.00000000000001 -2.499999999999998 0
43.99999999999999 -2.249999999999999 0
43.99999999999999 -1.999999999999998 0
44 -1.749999999999999 0
43.99999999999999 -1.499999999999999 0
44 -1.249999999999999 0
44 -0.999999999999999 0
44 -0.7499999999999998 0
43.99999999999999 -0.4999999999999991 0
43.99999999999999 -0.25 0
44.5 -4.75 0
44.49999999999999 -4.499999999999999 0
44.5 -4.249999999999998 0
44.5 -3.999999999999998 0
44.50000000000001 -3.749999999999997 0
44.5 -3.499999999999997 0
44.5 -3.249999999999997 0
44.5 -2.999999999999998 0
44.5 -2.749999999999998 0
44.5 -2.499999999999998 0
44.50000000000001 -2.249999999999999 0
44.5 -1.999999999999998 0
44.5 -1.749999999999999 0
44.5 -1.499999999999999 0
44.5 -1.249999999999999 0
44.5 -0.9999999999999989 0
44.5 -0.7499999999999999 0
44.5 -0.4999999999999991 0
44.5 -0.25 0
45.00000000000001 -4.750000000000001 0
44.99999999999999 -4.5 0
44.99999999999999 -4.249999999999999 0
45.00000000000001 -3.999999999999998 0
45.00000000000001 -3.749999999999997 0
45.00000000000001 -3.499999999999997 0
45.00000000000001 -3.249999999999998 0
44.99999999999999 -2.999999999999998 0
45.00000000000001 -2.749999999999998 0
45.00000000000001 -2.499999999999998 0
44.99999999999999 -2.249999999999999 0
45 -1.999999999999998 0
44.99999999999999 -1.749999999999999 0
44.99999999999999 -1.499999999999999 0
44.99999999999999 -1.249999999999999 0
44.99999999999999 -0.999999999999999 0
44.99999999999999 -0.7499999999999998 0
44.99999999999999 -0.4999999999999991 0
45 -0.25 0
45.50000000000003 -4.75 0
45.50000000000003 -4.5 0
45.50000000000001 -4.249999999999998 0
45.50000000000001 -3.999999999999998 0
45.50000000000002 -3.749999999999998 0
45.5 -3.499999999999997 0
45.50000000000001 -3.249999999999998 0
45.50000000000001 -2.999999999999998 0
45.50000000000001 -2.749999999999999 0
45.50000000000001 -2.499999999999998 0
45.5 -2.249999999999999 0
45.50000000000001 -1.999999999999998 0
45.5 -1.749999999999999 0
45.49999999999999 -1.499999999999999 0
45.5 -1.249999999999999 0
45.49999999999999 -0.9999999999999989 0
45.49999999999999 -0.7499999999999998 0
45.5 -0.4999999999999991 0
45.50000000000001 -0.25 0
45.99999999999999 -4.75 0
46 -4.499999999999999 0
45.99999999999999 -4.249999999999999 0
46 -3.999999999999998 0
46 -3.749999999999997 0
46.00000000000001 -3.499999999999997 0
46 -3.249999999999996 0
46 -2.999999999999998 0
46 -2.749999999999998 0
46 -2.499999999999998 0
46 -2.249999999999999 0
45.99999999999999 -1.999999999999998 0
46.00000000000001 -1.749999999999999 0
46 -1.499999999999999 0
46 -1.249999999999999 0
46.00000000000001 -0.999999999999999 0
46 -0.7499999999999999 0
46.00000000000001 -0.4999999999999991 0
46 -0.25 0
46.50000000000001 -4.75 0
46.5 -4.499999999999999 0
46.5 -4.249999999999999 0
46.5 -3.999999999999998 0
46.5 -3.749999999999997 0
46.49999999999999 -3.499999999999997 0
46.5 -3.249999999999997 0
46.5 -2.999999999999997 0
46.50000000000001 -2.749999999999998 0
46.5 -2.499999999999998 0
46.5 -2.249999999999998 0
46.5 -1.999999999999998 0
46.5 -1.749999999999999 0
46.5 -1.499999999999999 0
46.5 -1.249999999999999 0
46.50000000000001 -0.999999999999999 0
46.5 -0.7499999999999999 0
46.5 -0.4999999999999991 0
46.5 -0.25 0
47 -4.75 0
46.99999999999999 -4.499999999999999 0
46.99999999999999 -4.249999999999998 0
47.00000000000001 -3.999999999999999 0
47 -3.749999999999997 0
46.99999999999999 -3.499999999999997 0
47 -3.249999999999997 0
47 -2.999999999999998 0
47.00000000000001 -2.749999999999998 0
47 -2.499999999999998 0
47 -2.249999999999999 0
47 -1.999999999999998 0
47 -1.749999999999999 0
47 -1.499999999999999 0
47 -1.249999999999999 0
47.00000000000001 -0.999999999999999 0
47 -0.7499999999999999 0
47 -0.4999999999999991 0
47 -0.25 0
47.50000000000001 -4.75 0
47.5 -4.499999999999999 0
47.50000000000001 -4.249999999999999 0
47.49999999999999 -3.999999999999999 0
47.49999999999999 -3.749999999999997 0
47.49999999999999 -3.499999999999997 0
47.49999999999999 -3.249999999999998 0
47.49999999999999 -2.999999999999998 0
47.5 -2.749999999999999 0
47.5 -2.499999999999998 0
47.5 -2.249999999999999 0
47.5 -1.999999999999998 0
47.49999999999999 -1.749999999999999 0
47.5 -1.499999999999999 0
47.5 -1.249999999999999 0
47.5 -0.9999999999999989 0
47.50000000000001 -0.75 0
47.5 -0.4999999999999991 0
47.50000000000001 -0.25 0
48 -4.75 0
48 -4.499999999999999 0
47.99999999999999 -4.249999999999999 0
48 -3.999999999999999 0
48.00000000000001 -3.749999999999997 0
48 -3.499999999999997 0
48 -3.249999999999998 0
48 -2.999999999999997 0
47.99999999999999 -2.749999999999999 0
48 -2.499999999999998 0
47.99999999999999 -2.249999999999999 0
47.99999999999999 -1.999999999999998 0
47.99999999999998 -1.749999999999999 0
48 -1.499999999999999 0
48 -1.249999999999999 0
48 -0.9999999999999989 0
48 -0.7499999999999999 0
47.99999999999999 -0.4999999999999991 0
48 -0.25 0
48.49999999999999 -4.75 0
48.5 -4.499999999999999 0
48.5 -4.249999999999999 0
48.50000000000001 -3.999999999999999 0
48.50000000000001 -3.749999999999998 0
48.5 -3.499999999999997 0
48.5 -3.249999999999997 0
48.5 -2.999999999999997 0
48.50000000000001 -2.749999999999999 0
48.49999999999999 -2.499999999999998 0
48.5 -2.249999999999999 0
48.49999999999999 -1.999999999999998 0
48.5 -1.749999999999998 0
48.5 -1.499999999999999 0
48.50000000000001 -1.25 0
48.5 -0.999999999999999 0
48.50000000000001 -0.75 0
48.50000000000001 -0.4999999999999991 0
48.5 -0.25 0
48.99999999999999 -4.75 0
49 -4.499999999999999 0
49 -4.249999999999998 0
49.00000000000001 -3.999999999999999 0
49 -3.749999999999998 0
48.99999999999999 -3.499999999999997 0
49 -3.249999999999997 0
49 -2.999999999999998 0
49.00000000000001 -2.749999999999999 0
49 -2.499999999999998 0
49 -2.249999999999998 0
48.99999999999999 -1.999999999999998 0
49 -1.749999999999999 0
49.00000000000001 -1.499999999999999 0
49.00000000000001 -1.249999999999999 0
49 -0.9999999999999989 0
49.00000000000001 -0.75 0
49 -0.4999999999999992 0
48.99999999999999 -0.25 0
49.50000000000001 -4.75 0
49.49999999999998 -4.499999999999999 0
49.49999999999999 -4.249999999999999 0
49.50000000000001 -3.999999999999998 0
49.49999999999999 -3.749999999999997 0
49.5 -3.499999999999997 0
49.5 -3.249999999999998 0
49.5 -2.999999999999998 0
49.5 -2.749999999999998 0
49.5 -2.499999999999998 0
49.5 -2.249999999999999 0
49.50000000000001 -1.999999999999998 0
49.5 -1.749999999999998 0
49.5 -1.499999999999999 0
49.5 -1.249999999999999 0
49.5 -0.999999999999999 0
49.49999999999999 -0.7499999999999998 0
49.5 -0.4999999999999991 0
49.50000000000001 -0.25 0
50 -4.75 0
50.00000000000002 -4.499999999999999 0
50.00000000000001 -4.249999999999999 0
49.99999999999999 -3.999999999999998 0
50 -3.749999999999998 0
50 -3.499999999999997 0
50 -3.249999999999998 0
50 -2.999999999999998 0
49.99999999999999 -2.749999999999998 0
50 -2.499999999999998 0
50.00000000000001 -2.249999999999999 0
50 -1.999999999999998 0
50.00000000000001 -1.749999999999999 0
49.99999999999999 -1.499999999999999 0
49.99999999999999 -1.249999999999999 0
49.99999999999999 -0.9999999999999991 0
50 -0.7499999999999999 0
49.99999999999999 -0.4999999999999991 0
50 -0.25 0
50.5 -4.75 0
50.5 -4.499999999999999 0
50.5 -4.249999999999999 0
50.5 -3.999999999999998 0
50.5 -3.749999999999997 0
50.49999999999999 -3.499999999999997 0
50.50000000000001 -3.249999999999997 0
50.5 -2.999999999999998 0
50.5 -2.749999999999998 0
50.5 -2.499999999999999 0
50.5 -2.249999999999999 0
50.50000000000001 -1.999999999999998 0
50.49999999999999 -1.749999999999998 0
50.5 -1.499999999999999 0
50.5 -1.249999999999999 0
50.5 -0.9999999999999991 0
50.5 -0.7499999999999998 0
50.5 -0.4999999999999991 0
50.5 -0.25 0
50.99999999999999 -4.75 0
51.00000000000001 -4.499999999999999 0
50.99999999999999 -4.249999999999998 0
51.00000000000001 -3.999999999999998 0
51.00000000000001 -3.749999999999997 0
51 -3.499999999999997 0
51 -3.249999999999997 0
51 -2.999999999999998 0
51 -2.749999999999998 0
50.99999999999999 -2.499999999999998 0
51.00000000000001 -2.249999999999999 0
51 -1.999999999999998 0
51.00000000000001 -1.749999999999999 0
51 -1.499999999999999 0
51.00000000000001 -1.249999999999999 0
51 -0.999999999999999 0
51 -0.7499999999999998 0
50.99999999999999 -0.4999999999999992 0
50.99999999999999 -0.25 0
51.50000000000001 -4.75 0
51.50000000000001 -4.499999999999999 0
51.5 -4.249999999999999 0
51.49999999999999 -3.999999999999999 0
51.5 -3.749999999999998 0
51.50000000000001 -3.499999999999997 0
51.5 -3.249999999999998 0
51.50000000000001 -2.999999999999998 0
51.50000000000001 -2.749999999999999 0
51.50000000000001 -2.499999999999998 0
51.5 -2.249999999999999 0
51.5 -1.999999999999998 0
51.49999999999999 -1.749999999999998 0
51.5 -1.499999999999999 0
51.50000000000001 -1.249999999999999 0
51.5 -0.999999999999999 0
51.5 -0.7499999999999999 0
51.50000000000001 -0.4999999999999991 0
51.50000000000001 -0.25 0
$EndNodes
$Elements
8 3360 1 3360
1 4 1 40
1 1 126 
2 126 127 
3 127 128 
4 128 129 
5 129 130 
6 130 131 
7 131 132 
8 132 133 
9 133 134 
10 134 135 
11 135 136 
12 136 137 
13 137 138 
14 138 139 
15 139 140 
16 140 141 
17 141 142 
18 142 143 
19 143 144 
20 144 145 
21 145 146 
22 146 147 
23 147 148 
24 148 149 
25 149 150 
26 150 151 
27 151 152 
28 152 153 
29 153 154 
30 154 155 
31 155 156 
32 156 157 
33 157 158 
34 158 159 
35 159 160 
36 160 161 
37 161 162 
38 162 163 
39 163 164 
40 164 4 
1 5 1 20
41 5 165 
42 165 166 
43 166 167 
44 167 168 
45 168 169 
46 169 170 
47 170 171 
48 171 172 
49 172 173 
50 173 174 
51 174 175 
52 175 176 
53 176 177 
54 177 178 
55 178 179 
56 179 180 
57 180 181 
58 181 182 
59 182 183 
60 183 1 
1 6 1 40
61 5 184 
62 184 185 
63 185 186 
64 186 187 
65 187 188 
66 188 189 
67 189 190 
68 190 191 
69 191 192 
70 192 193 
71 193 194 
72 194 195 
73 195 196 
74 196 197 
75 197 198 
76 198 199 
77 199 200 
78 200 201 
79 201 202 
80 202 203 
81 203 204 
82 204 205 
83 205 206 
84 206 207 
85 207 208 
86 208 209 
87 209 210 
88 210 211 
89 211 212 
90 212 213 
91 213 214 
92 214 215 
93 215 216 
94 216 217 
95 217 218 
96 218 219 
97 219 220 
98 220 221 
99 221 222 
100 222 6 
1 7 1 40
101 6 223 
102 223 224 
103 224 225 
104 225 226 
105 226 227 
106 227 228 
107 228 229 
108 229 230 
109 230 231 
110 231 232 
111 232 233 
112 233 234 
113 234 235 
114 235 236 
115 236 237 
116 237 238 
117 238 239 
118 239 240 
119 240 241 
120 241 242 
121 242 243 
122 243 244 
123 244 245 
124 245 246 
125 246 247 
126 247 248 
127 248 249 
128 249 250 
129 250 251 
130 251 252 
131 252 253 
132 253 254 
133 254 255 
134 255 256 
135 256 257 
136 257 258 
137 258 259 
138 259 260 
139 260 261 
140 261 7 
1 8 1 20
141 7 262 
142 262 263 
143 263 264 
144 264 265 
145 265 266 
146 266 267 
147 267 268 
148 268 269 
149 269 270 
150 270 271 
151 271 272 
152 272 273 
153 273 274 
154 274 275 
155 275 276 
156 276 277 
157 277 278 
158 278 279 
159 279 280 
160 280 8 
2 1 3 1600
161 1 9 339 126 
162 126 339 340 127 
163 127 340 341 128 
164 128 341 342 129 
165 129 342 343 130 
166 130 343 344 131 
167 131 344 345 132 
168 132 345 346 133 
169 133 346 347 134 
170 134 347 348 135 
171 135 348 349 136 
172 136 349 350 137 
173 137 350 351 138 
174 138 351 352 139 
175 139 352 353 140 
176 140 353 354 141 
177 141 354 355 142 
178 142 355 356 143 
179 143 356 357 144 
180 144 357 358 145 
181 145 358 359 146 
182 146 359 360 147 
183 147 360 361 148 
184 148 361 362 149 
185 149 362 363 150 
186 150 363 364 151 
187 151 364 365 152 
188 152 365 366 153 
189 153 366 367 154 
190 154 367 368 155 
191 155 368 369 156 
192 156 369 370 157 
193 157 370 371 158 
194 158 371 372 159 
195 159 372 373 160 
196 160 373 374 161 
197 161 374 375 162 
198 162 375 376 163 
199 163 376 377 164 
200 164 377 125 4 
201 9 10 378 339 
202 339 378 379 340 
203 340 379 380 341 
204 341 380 381 342 
205 342 381 382 343 
206 343 382 383 344 
207 344 383 384 345 
208 345 384 385 346 
209 346 385 386 347 
210 347 386 387 348 
211 348 387 388 349 
212 349 388 389 350 
213 350 389 390 351 
214 351 390 391 352 
215 352 391 392 353 
216 353 392 393 354 
217 354 393 394 355 
218 355 394 395 356 
219 356 395 396 357 
220 357 396 397 358 
221 358 397 398 359 
222 359 398 399 360 
223 360 399 400 361 
224 361 400 401 362 
225 362 401 402 363 
226 363 402 403 364 
227 364 403 404 365 
228 365 404 405 366 
229 366 405 406 367 
230 367 406 407 368 
231 368 407 408 369 
232 369 408 409 370 
233 370 409 410 371 
234 371 410 411 372 
235 372 411 412 373 
236 373 412 413 374 
237 374 413 414 375 
238 375 414 415 376 
239 376 415 416 377 
240 377 416 124 125 
241 10 11 417 378 
242 378 417 418 379 
243 379 418 419 380 
244 380 419 420 381 
245 381 420 421 382 
246 382 421 422 383 
247 383 422 423 384 
248 384 423 424 385 
249 385 424 425 386 
250 386 425 426 387 
251 387 426 427 388 
252 388 427 428 389 
253 389 428 429 390 
254 390 429 430 391 
255 391 430 431 392 
256 392 431 432 393 
257 393 432 433 394 
258 394 433 434 395 
259 395 434 435 396 
260 396 435 436 397 
261 397 436 437 398 
262 398 437 438 399 
263 399 438 439 400 
264 400 439 440 401 
265 401 440 441 402 
266 402 441 442 403 
267 403 442 443 404 
268 404 443 444 405 
269 405 444 445 406 
270 406 445 446 407 
271 407 446 447 408 
272 408 447 448 409 
273 409 448 449 410 
274 410 449 450 411 
275 411 450 451 412 
276 412 451 452 413 
277 413 452 453 414 
278 414 453 454 415 
279 415 454 455 416 
280 416 455 123 124 
281 11 12 456 417 
282 417 456 457 418 
283 418 457 458 419 
284 419 458 459 420 
285 420 459 460 421 
286 421 460 461 422 
287 422 461 462 423 
288 423 462 463 424 
289 424 463 464 425 
290 425 464 465 426 
291 426 465 466 427 
292 427 466 467 428 
293 428 467 468 429 
294 429 468 469 430 
295 430 469 470 431 
296 431 470 471 432 
297 432 471 472 433 
298 433 472 473 434 
299 434 473 474 435 
300 435 474 475 436 
301 436 475 476 437 
302 437 476 477 438 
303 438 477 478 439 
304 439 478 479 440 
305 440 479 480 441 
306 441 480 481 442 
307 442 481 482 443 
308 443 482 483 444 
309 444 483 484 445 
310 445 484 485 446 
311 446 485 486 447 
312 447 486 487 448 
313 448 487 488 449 
314 449 488 489 450 
315 450 489 490 451 
316 451 490 491 452 
317 452 491 492 453 
318 453 492 493 454 
319 454 493 494 455 
320 455 494 122 123 
321 12 13 495 456 
322 456 495 496 457 
323 457 496 497 458 
324 458 497 498 459 
325 459 498 499 460 
326 460 499 500 461 
327 461 500 501 462 
328 462 501 502 463 
329 463 502 503 464 
330 464 503 504 465 
331 465 504 505 466 
332 466 505 506 467 
333 467 506 507 468 
334 468 507 508 469 
335 469 508 509 470 
336 470 509 510 471 
337 471 510 511 472 
338 472 511 512 473 
339 473 512 513 474 
340 474 513 514 475 
341 475 514 515 476 
342 476 515 516 477 
343 477 516 517 478 
344 478 517 518 479 
345 479 518 519 480 
346 480 519 520 481 
347 481 520 521 482 
348 482 521 522 483 
349 483 522 523 484 
350 484 523 524 485 
351 485 524 525 486 
352 486 525 526 487 
353 487 526 527 488 
354 488 527 528 489 
355 489 528 529 490 
356 490 529 530 491 
357 491 530 531 492 
358 492 531 532 493 
359 493 532 533 494 
360 494 533 121 122 
361 13 14 534 495 
362 495 534 535 496 
363 496 535 536 497 
364 497 536 537 498 
365 498 537 538 499 
366 499 538 539 500 
367 500 539 540 501 
368 501 540 541 502 
369 502 541 542 503 
370 503 542 543 504 
371 504 543 544 505 
372 505 544 545 506 
373 506 545 546 507 
374 507 546 547 508 
375 508 547 548 509 
376 509 548 549 510 
377 510 549 550 511 
378 511 550 551 512 
379 512 551 552 513 
380 513 552 553 514 
381 514 553 554 515 
382 515 554 555 516 
383 516 555 556 517 
384 517 556 557 518 
385 518 557 558 519 
386 519 558 559 520 
387 520 559 560 521 
388 521 560 561 522 
389 522 561 562 523 
390 523 562 563 524 
391 524 563 564 525 
392 525 564 565 526 
393 526 565 566 527 
394 527 566 567 528 
395 528 567 568 529 
396 529 568 569 530 
397 530 569 570 531 
398 531 570 571 532 
399 532 571 572 533 
400 533 572 120 121 
401 14 15 573 534 
402 534 573 574 535 
403 535 574 575 536 
404 536 575 576 537 
405 537 576 577 538 
406 538 577 578 539 
407 539 578 579 540 
408 540 579 580 541 
409 541 580 581 542 
410 542 581 582 543 
411 543 582 583 544 
412 544 583 584 545 
413 545 584 585 546 
414 546 585 586 547 
415 547 586 587 548 
416 548 587 588 549 
417 549 588 589 550 
418 550 589 590 551 
419 551 590 591 552 
420 552 591 592 553 
421 553 592 593 554 
422 554 593 594 555 
423 555 594 595 556 
424 556 595 596 557 
425 557 596 597 558 
426 558 597 598 559 
427 559 598 599 560 
428 560 599 600 561 
429 561 600 601 562 
430 562 601 602 563 
431 563 602 603 564 
432 564 603 604 565 
433 565 604 605 566 
434 566 605 606 567 
435 567 606 607 568 
436 568 607 608 569 
437 569 608 609 570 
438 570 609 610 571 
439 571 610 611 572 
440 572 611 119 120 
441 15 16 612 573 
442 573 612 613 574 
443 574 613 614 575 
444 575 614 615 576 
445 576 615 616 577 
446 577 616 617 578 
447 578 617 618 579 
448 579 618 619 580 
449 580 619 620 581 
450 581 620 621 582 
451 582 621 622 583 
452 583 622 623 584 
453 584 623 624 585 
454 585 624 625 586 
455 586 625 626 587 
456 587 626 627 588 
457 588 627 628 589 
458 589 628 629 590 
459 590 629 630 591 
460 591 630 631 592 
461 592 631 632 593 
462 593 632 633 594 
463 594 633 634 595 
464 595 634 635 596 
465 596 635 636 597 
466 597 636 637 598 
467 598 637 638 599 
468 599 638 639 600 
469 600 639 640 601 
470 601 640 641 602 
471 602 641 642 603 
472 603 642 643 604 
473 604 643 644 605 
474 605 644 645 606 
475 606 645 646 607 
476 607 646 647 608 
477 608 647 648 609 
478 609 648 649 610 
479 610 649 650 611 
480 611 650 118 119 
481 16 17 651 612 
482 612 651 652 613 
483 613 652 653 614 
484 614 653 654 615 
485 615 654 655 616 
486 616 655 656 617 
487 617 656 657 618 
488 618 657 658 619 
489 619 658 659 620 
490 620 659 660 621 
491 621 660 661 622 
492 622 661 662 623 
493 623 662 663 624 
494 624 663 664 625 
495 625 664 665 626 
496 626 665 666 627 
497 627 666 667 628 
498 628 667 668 629 
499 629 668 669 630 
500 630 669 670 631 
501 631 670 671 632 
502 632 671 672 633 
503 633 672 673 634 
504 634 673 674 635 
505 635 674 675 636 
506 636 675 676 637 
507 637 676 677 638 
508 638 677 678 639 
509 639 678 679 640 
510 640 679 680 641 
511 641 680 681 642 
512 642 681 682 643 
513 643 682 683 644 
514 644 683 684 645 
515 645 684 685 646 
516 646 685 686 647 
517 647 686 687 648 
518 648 687 688 649 
519 649 688 689 650 
520 650 689 117 118 
521 17 18 690 651 
522 651 690 691 652 
523 652 691 692 653 
524 653 692 693 654 
525 654 693 694 655 
526 655 694 695 656 
527 656 695 696 657 
528 657 696 697 658 
529 658 697 698 659 
530 659 698 699 660 
531 660 699 700 661 
532 661 700 701 662 
533 662 701 702 663 
534 663 702 703 664 
535 664 703 704 665 
536 665 704 705 666 
537 666 705 706 667 
538 667 706 707 668 
539 668 707 708 669 
540 669 708 709 670 
541 670 709 710 671 
542 671 710 711 672 
543 672 711 712 673 
544 673 712 713 674 
545 674 713 714 675 
546 675 714 715 676 
547 676 715 716 677 
548 677 716 717 678 
549 678 717 718 679 
550 679 718 719 680 
551 680 719 720 681 
552 681 720 721 682 
553 682 721 722 683 
554 683 722 723 684 
555 684 723 724 685 
556 685 724 725 686 
557 686 725 726 687 
558 687 726 727 688 
559 688 727 728 689 
560 689 728 116 117 
561 18 19 729 690 
562 690 729 730 691 
563 691 730 731 692 
564 692 731 732 693 
565 693 732 733 694 
566 694 733 734 695 
567 695 734 735 696 
568 696 735 736 697 
569 697 736 737 698 
570 698 737 738 699 
571 699 738 739 700 
572 700 739 740 701 
573 701 740 741 702 
574 702 741 742 703 
575 703 742 743 704 
576 704 743 744 705 
577 705 744 745 706 
578 706 745 746 707 
579 707 746 747 708 
580 708 747 748 709 
581 709 748 749 710 
582 710 749 750 711 
583 711 750 751 712 
584 712 751 752 713 
585 713 752 753 714 
586 714 753 754 715 
587 715 754 755 716 
588 716 755 756 717 
589 717 756 757 718 
590 718 757 758 719 
591 719 758 759 720 
592 720 759 760 721 
593 721 760 761 722 
594 722 761 762 723 
595 723 762 763 724 
596 724 763 764 725 
597 725 764 765 726 
598 726 765 766 727 
599 727 766 767 728 
600 728 767 115 116 
601 19 20 768 729 
602 729 768 769 730 
603 730 769 770 731 
604 731 770 771 732 
605 732 771 772 733 
606 733 772 773 734 
607 734 773 774 735 
608 735 774 775 736 
609 736 775 776 737 
610 737 776 777 738 
611 738 777 778 739 
612 739 778 779 740 
613 740 779 780 741 
614 741 780 781 742 
615 742 781 782 743 
616 743 782 783 744 
617 744 783 784 745 
618 745 784 785 746 
619 746 785 786 747 
620 747 786 787 748 
621 748 787 788 749 
622 749 788 789 750 
623 750 789 790 751 
624 751 790 791 752 
625 752 791 792 753 
626 753 792 793 754 
627 754 793 794 755 
628 755 794 795 756 
629 756 795 796 757 
630 757 796 797 758 
631 758 797 798 759 
632 759 798 799 760 
633 760 799 800 761 
634 761 800 801 762 
635 762 801 802 763 
636 763 802 803 764 
637 764 803 804 765 
638 765 804 805 766 
639 766 805 806 767 
640 767 806 114 115 
641 20 21 807 768 
642 768 807 808 769 
643 769 808 809 770 
644 770 809 810 771 
645 771 810 811 772 
646 772 811 812 773 
647 773 812 813 774 
648 774 813 814 775 
649 775 814 815 776 
650 776 815 816 777 
651 777 816 817 778 
652 778 817 818 779 
653 779 818 819 780 
654 780 819 820 781 
655 781 820 821 782 
656 782 821 822 783 
657 783 822 823 784 
658 784 823 824 785 
659 785 824 825 786 
660 786 825 826 787 
661 787 826 827 788 
662 788 827 828 789 
663 789 828 829 790 
664 790 829 830 791 
665 791 830 831 792 
666 792 831 832 793 
667 793 832 833 794 
668 794 833 834 795 
669 795 834 835 796 
670 796 835 836 797 
671 797 836 837 798 
672 798 837 838 799 
673 799 838 839 800 
674 800 839 840 801 
675 801 840 841 802 
676 802 841 842 803 
677 803 842 843 804 
678 804 843 844 805 
679 805 844 845 806 
680 806 845 113 114 
681 21 22 846 807 
682 807 846 847 808 
683 808 847 848 809 
684 809 848 849 810 
685 810 849 850 811 
686 811 850 851 812 
687 812 851 852 813 
688 813 852 853 814 
689 814 853 854 815 
690 815 854 855 816 
691 816 855 856 817 
692 817 856 857 818 
693 818 857 858 819 
694 819 858 859 820 
695 820 859 860 821 
696 821 860 861 822 
697 822 861 862 823 
698 823 862 863 824 
699 824 863 864 825 
700 825 864 865 826 
701 826 865 866 827 
702 827 866 867 828 
703 828 867 868 829 
704 829 868 869 830 
705 830 869 870 831 
706 831 870 871 832 
707 832 871 872 833 
708 833 872 873 834 
709 834 873 874 835 
710 835 874 875 836 
711 836 875 876 837 
712 837 876 877 838 
713 838 877 878 839 
714 839 878 879 840 
715 840 879 880 841 
716 841 880 881 842 
717 842 881 882 843 
718 843 882 883 844 
719 844 883 884 845 
720 845 884 112 113 
721 22 23 885 846 
722 846 885 886 847 
723 847 886 887 848 
724 848 887 888 849 
725 849 888 889 850 
726 850 889 890 851 
727 851 890 891 852 
728 852 891 892 853 
729 853 892 893 854 
730 854 893 894 855 
731 855 894 895 856 
732 856 895 896 857 
733 857 896 897 858 
734 858 897 898 859 
735 859 898 899 860 
736 860 899 900 861 
737 861 900 901 862 
738 862 901 902 863 
739 863 902 903 864 
740 864 903 904 865 
741 865 904 905 866 
742 866 905 906 867 
743 867 906 907 868 
744 868 907 908 869 
745 869 908 909 870 
746 870 909 910 871 
747 871 910 911 872 
748 872 911 912 873 
749 873 912 913 874 
750 874 913 914 875 
751 875 914 915 876 
752 876 915 916 877 
753 877 916 917 878 
754 878 917 918 879 
755 879 918 919 880 
756 880 919 920 881 
757 881 920 921 882 
758 882 921 922 883 
759 883 922 923 884 
760 884 923 111 112 
761 23 24 924 885 
762 885 924 925 886 
763 886 925 926 887 
764 887 926 927 888 
765 888 927 928 889 
766 889 928 929 890 
767 890 929 930 891 
768 891 930 931 892 
769 892 931 932 893 
770 893 932 933 894 
771 894 933 934 895 
772 895 934 935 896 
773 896 935 936 897 
774 897 936 937 898 
775 898 937 938 899 
776 899 938 939 900 
777 900 939 940 901 
778 901 940 941 902 
779 902 941 942 903 
780 903 942 943 904 
781 904 943 944 905 
782 905 944 945 906 
783 906 945 946 907 
784 907 946 947 908 
785 908 947 948 909 
786 909 948 949 910 
787 910 949 950 911 
788 911 950 951 912 
789 912 951 952 913 
790 913 952 953 914 
791 914 953 954 915 
792 915 954 955 916 
793 916 955 956 917 
794 917 956 957 918 
795 918 957 958 919 
796 919 958 959 920 
797 920 959 960 921 
798 921 960 961 922 
799 922 961 962 923 
800 923 962 110 111 
801 24 25 963 924 
802 924 963 964 925 
803 925 964 965 926 
804 926 965 966 927 
805 927 966 967 928 
806 928 967 968 929 
807 929 968 969 930 
808 930 969 970 931 
809 931 970 971 932 
810 932 971 972 933 
811 933 972 973 934 
812 934 973 974 935 
813 935 974 975 936 
814 936 975 976 937 
815 937 976 977 938 
816 938 977 978 939 
817 939 978 979 940 
818 940 979 980 941 
819 941 980 981 942 
820 942 981 982 943 
821 943 982 983 944 
822 944 983 984 945 
823 945 984 985 946 
824 946 985 986 947 
825 947 986 987 948 
826 948 987 988 949 
827 949 988 989 950 
828 950 989 990 951 
829 951 990 991 952 
830 952 991 992 953 
831 953 992 993 954 
832 954 993 994 955 
833 955 994 995 956 
834 956 995 996 957 
835 957 996 997 958 
836 958 997 998 959 
837 959 998 999 960 
838 960 999 1000 961 
839 961 1000 1001 962 
840 962 1001 109 110 
841 25 26 1002 963 
842 963 1002 1003 964 
843 964 1003 1004 965 
844 965 1004 1005 966 
845 966 1005 1006 967 
846 967 1006 1007 968 
847 968 1007 1008 969 
848 969 1008 1009 970 
849 970 1009 1010 971 
850 971 1010 1011 972 
851 972 1011 1012 973 
852 973 1012 1013 974 
853 974 1013 1014 975 
854 975 1014 1015 976 
855 976 1015 1016 977 
856 977 1016 1017 978 
857 978 1017 1018 979 
858 979 1018 1019 980 
859 980 1019 1020 981 
860 981 1020 1021 982 
861 982 1021 1022 983 
862 983 1022 1023 984 
863 984 1023 1024 985 
864 985 1024 1025 986 
865 986 1025 1026 987 
866 987 1026 1027 988 
867 988 1027 1028 989 
868 989 1028 1029 990 
869 990 1029 1030 991 
870 991 1030 1031 992 
871 992 1031 1032 993 
872 993 1032 1033 994 
873 994 1033 1034 995 
874 995 1034 1035 996 
875 996 1035 1036 997 
876 997 1036 1037 998 
877 998 1037 1038 999 
878 999 1038 1039 1000 
879 1000 1039 1040 1001 
880 1001 1040 108 109 
881 26 27 1041 1002 
882 1002 1041 1042 1003 
883 1003 1042 1043 1004 
884 1004 1043 1044 1005 
885 1005 1044 1045 1006 
886 1006 1045 1046 1007 
887 1007 1046 1047 1008 
888 1008 1047 1048 1009 
889 1009 1048 1049 1010 
890 1010 1049 1050 1011 
891 1011 1050 1051 1012 
892 1012 1051 1052 1013 
893 1013 1052 1053 1014 
894 1014 1053 1054 1015 
895 1015 1054 1055 1016 
896 1016 1055 1056 1017 
897 1017 1056 1057 1018 
898 1018 1057 1058 1019 
899 1019 1058 1059 1020 
900 1020 1059 1060 1021 
901 1021 1060 1061 1022 
902 1022 1061 1062 1023 
903 1023 1062 1063 1024 
904 1024 1063 1064 1025 
905 1025 1064 1065 1026 
906 1026 1065 1066 1027 
907 1027 1066 1067 1028 
908 1028 1067 1068 1029 
909 1029 1068 1069 1030 
910 1030 1069 1070 1031 
911 1031 1070 1071 1032 
912 1032 1071 1072 1033 
913 1033 1072 1073 1034 
914 1034 1073 1074 1035 
915 1035 1074 1075 1036 
916 1036 1075 1076 1037 
917 1037 1076 1077 1038 
918 1038 1077 1078 1039 
919 1039 1078 1079 1040 
920 1040 1079 107 108 
921 27 28 1080 1041 
922 1041 1080 1081 1042 
923 1042 1081 1082 1043 
924 1043 1082 1083 1044 
925 1044 1083 1084 1045 
926 1045 1084 1085 1046 
927 1046 1085 1086 1047 
928 1047 1086 1087 1048 
929 1048 1087 1088 1049 
930 1049 1088 1089 1050 
931 1050 1089 1090 1051 
932 1051 1090 1091 1052 
933 1052 1091 1092 1053 
934 1053 1092 1093 1054 
935 1054 1093 1094 1055 
936 1055 1094 1095 1056 
937 1056 1095 1096 1057 
938 1057 1096 1097 1058 
939 1058 1097 1098 1059 
940 1059 1098 1099 1060 
941 1060 1099 1100 1061 
942 1061 1100 1101 1062 
943 1062 1101 1102 1063 
944 1063 1102 1103 1064 
945 1064 1103 1104 1065 
946 1065 1104 1105 1066 
947 1066 1105 1106 1067 
948 1067 1106 1107 1068 
949 1068 1107 1108 1069 
950 1069 1108 1109 1070 
951 1070 1109 1110 1071 
952 1071 1110 1111 1072 
953 1072 1111 1112 1073 
954 1073 1112 1113 1074 
955 1074 1113 1114 1075 
956 1075 1114 1115 1076 
957 1076 1115 1116 1077 
958 1077 1116 1117 1078 
959 1078 1117 1118 1079 
960 1079 1118 106 107 
961 28 29 1119 1080 
962 1080 1119 1120 1081 
963 1081 1120 1121 1082 
964 1082 1121 1122 1083 
965 1083 1122 1123 1084 
966 1084 1123 1124 1085 
967 1085 1124 1125 1086 
968 1086 1125 1126 1087 
969 1087 1126 1127 1088 
970 1088 1127 1128 1089 
971 1089 1128 1129 1090 
972 1090 1129 1130 1091 
973 1091 1130 1131 1092 
974 1092 1131 1132 1093 
975 1093 1132 1133 1094 
976 1094 1133 1134 1095 
977 1095 1134 1135 1096 
978 1096 1135 1136 1097 
979 1097 1136 1137 1098 
980 1098 1137 1138 1099 
981 1099 1138 1139 1100 
982 1100 1139 1140 1101 
983 1101 1140 1141 1102 
984 1102 1141 1142 1103 
985 1103 1142 1143 1104 
986 1104 1143 1144 1105 
987 1105 1144 1145 1106 
988 1106 1145 1146 1107 
989 1107 1146 1147 1108 
990 1108 1147 1148 1109 
991 1109 1148 1149 1110 
992 1110 1149 1150 1111 
993 1111 1150 1151 1112 
994 1112 1151 1152 1113 
995 1113 1152 1153 1114 
996 1114 1153 1154 1115 
997 1115 1154 1155 1116 
998 1116 1155 1156 1117 
999 1117 1156 1157 1118 
1000 1118 1157 105 106 
1001 29 30 1158 1119 
1002 1119 1158 1159 1120 
1003 1120 1159 1160 1121 
1004 1121 1160 1161 1122 
1005 1122 1161 1162 1123 
1006 1123 1162 1163 1124 
1007 1124 1163 1164 1125 
1008 1125 1164 1165 1126 
1009 1126 1165 1166 1127 
1010 1127 1166 1167 1128 
1011 1128 1167 1168 1129 
1012 1129 1168 1169 1130 
1013 1130 1169 1170 1131 
1014 1131 1170 1171 1132 
1015 1132 1171 1172 1133 
1016 1133 1172 1173 1134 
1017 1134 1173 1174 1135 
1018 1135 1174 1175 1136 
1019 1136 1175 1176 1137 
1020 1137 1176 1177 1138 
1021 1138 1177 1178 1139 
1022 1139 1178 1179 1140 
1023 1140 1179 1180 1141 
1024 1141 1180 1181 1142 
1025 1142 1181 1182 1143 
1026 1143 1182 1183 1144 
1027 1144 1183 1184 1145 
1028 1145 1184 1185 1146 
1029 1146 1185 1186 1147 
1030 1147 1186 1187 1148 
1031 1148 1187 1188 1149 
1032 1149 1188 1189 1150 
1033 1150 1189 1190 1151 
1034 1151 1190 1191 1152 
1035 1152 1191 1192 1153 
1036 1153 1192 1193 1154 
1037 1154 1193 1194 1155 
1038 1155 1194 1195 1156 
1039 1156 1195 1196 1157 
1040 1157 1196 104 105 
1041 30 31 1197 1158 
1042 1158 1197 1198 1159 
1043 1159 1198 1199 1160 
1044 1160 1199 1200 1161 
1045 1161 1200 1201 1162 
1046 1162 1201 1202 1163 
1047 1163 1202 1203 1164 
1048 1164 1203 1204 1165 
1049 1165 1204 1205 1166 
1050 1166 1205 1206 1167 
1051 1167 1206 1207 1168 
1052 1168 1207 1208 1169 
1053 1169 1208 1209 1170 
1054 1170 1209 1210 1171 
1055 1171 1210 1211 1172 
1056 1172 1211 1212 1173 
1057 1173 1212 1213 1174 
1058 1174 1213 1214 1175 
1059 1175 1214 1215 1176 
1060 1176 1215 1216 1177 
1061 1177 1216 1217 1178 
1062 1178 1217 1218 1179 
1063 1179 1218 1219 1180 
1064 1180 1219 1220 1181 
1065 1181 1220 1221 1182 
1066 1182 1221 1222 1183 
1067 1183 1222 1223 1184 
1068 1184 1223 1224 1185 
1069 1185 1224 1225 1186 
1070 1186 1225 1226 1187 
1071 1187 1226 1227 1188 
1072 1188 1227 1228 1189 
1073 1189 1228 1229 1190 
1074 1190 1229 1230 1191 
1075 1191 1230 1231 1192 
1076 1192 1231 1232 1193 
1077 1193 1232 1233 1194 
1078 1194 1233 1234 1195 
1079 1195 1234 1235 1196 
1080 1196 1235 103 104 
1081 31 32 1236 1197 
1082 1197 1236 1237 1198 
1083 1198 1237 1238 1199 
1084 1199 1238 1239 1200 
1085 1200 1239 1240 1201 
1086 1201 1240 1241 1202 
1087 1202 1241 1242 1203 
1088 1203 1242 1243 1204 
1089 1204 1243 1244 1205 
1090 1205 1244 1245 1206 
1091 1206 1245 1246 1207 
1092 1207 1246 1247 1208 
1093 1208 1247 1248 1209 
1094 1209 1248 1249 1210 
1095 1210 1249 1250 1211 
1096 1211 1250 1251 1212 
1097 1212 1251 1252 1213 
1098 1213 1252 1253 1214 
1099 1214 1253 1254 1215 
1100 1215 1254 1255 1216 
1101 1216 1255 1256 1217 
1102 1217 1256 1257 1218 
1103 1218 1257 1258 1219 
1104 1219 1258 1259 1220 
1105 1220 1259 1260 1221 
1106 1221 1260 1261 1222 
1107 1222 1261 1262 1223 
1108 1223 1262 1263 1224 
1109 1224 1263 1264 1225 
1110 1225 1264 1265 1226 
1111 1226 1265 1266 1227 
1112 1227 1266 1267 1228 
1113 1228 1267 1268 1229 
1114 1229 1268 1269 1230 
1115 1230 1269 1270 1231 
1116 1231 1270 1271 1232 
1117 1232 1271 1272 1233 
1118 1233 1272 1273 1234 
1119 1234 1273 1274 1235 
1120 1235 1274 102 103 
1121 32 33 1275 1236 
1122 1236 1275 1276 1237 
1123 1237 1276 1277 1238 
1124 1238 1277 1278 1239 
1125 1239 1278 1279 1240 
1126 1240 1279 1280 1241 
1127 1241 1280 1281 1242 
1128 1242 1281 1282 1243 
1129 1243 1282 1283 1244 
1130 1244 1283 1284 1245 
1131 1245 1284 1285 1246 
1132 1246 1285 1286 1247 
1133 1247 1286 1287 1248 
1134 1248 1287 1288 1249 
1135 1249 1288 1289 1250 
1136 1250 1289 1290 1251 
1137 1251 1290 1291 1252 
1138 1252 1291 1292 1253 
1139 1253 1292 1293 1254 
1140 1254 1293 1294 1255 
1141 1255 1294 1295 1256 
1142 1256 1295 1296 1257 
1143 1257 1296 1297 1258 
1144 1258 1297 1298 1259 
1145 1259 1298 1299 1260 
1146 1260 1299 1300 1261 
1147 1261 1300 1301 1262 
1148 1262 1301 1302 1263 
1149 1263 1302 1303 1264 
1150 1264 1303 1304 1265 
1151 1265 1304 1305 1266 
1152 1266 1305 1306 1267 
1153 1267 1306 1307 1268 
1154 1268 1307 1308 1269 
1155 1269 1308 1309 1270 
1156 1270 1309 1310 1271 
1157 1271 1310 1311 1272 
1158 1272 1311 1312 1273 
1159 1273 1312 1313 1274 
1160 1274 1313 101 102 
1161 33 34 1314 1275 
1162 1275 1314 1315 1276 
1163 1276 1315 1316 1277 
1164 1277 1316 1317 1278 
1165 1278 1317 1318 1279 
1166 1279 1318 1319 1280 
1167 1280 1319 1320 1281 
1168 1281 1320 1321 1282 
1169 1282 1321 1322 1283 
1170 1283 1322 1323 1284 
1171 1284 1323 1324 1285 
1172 1285 1324 1325 1286 
1173 1286 1325 1326 1287 
1174 1287 1326 1327 1288 
1175 1288 1327 1328 1289 
1176 1289 1328 1329 1290 
1177 1290 1329 1330 1291 
1178 1291 1330 1331 1292 
1179 1292 1331 1332 1293 
1180 1293 1332 1333 1294 
1181 1294 1333 1334 1295 
1182 1295 1334 1335 1296 
1183 1296 1335 1336 1297 
1184 1297 1336 1337 1298 
1185 1298 1337 1338 1299 
1186 1299 1338 1339 1300 
1187 1300 1339 1340 1301 
1188 1301 1340 1341 1302 
1189 1302 1341 1342 1303 
1190 1303 1342 1343 1304 
1191 1304 1343 1344 1305 
1192 1305 1344 1345 1306 
1193 1306 1345 1346 1307 
1194 1307 1346 1347 1308 
1195 1308 1347 1348 1309 
1196 1309 1348 1349 1310 
1197 1310 1349 1350 1311 
1198 1311 1350 1351 1312 
1199 1312 1351 1352 1313 
1200 1313 1352 100 101 
1201 34 35 1353 1314 
1202 1314 1353 1354 1315 
1203 1315 1354 1355 1316 
1204 1316 1355 1356 1317 
1205 1317 1356 1357 1318 
1206 1318 1357 1358 1319 
1207 1319 1358 1359 1320 
1208 1320 1359 1360 1321 
1209 1321 1360 1361 1322 
1210 1322 1361 1362 1323 
1211 1323 1362 1363 1324 
1212 1324 1363 1364 1325 
1213 1325 1364 1365 1326 
1214 1326 1365 1366 1327 
1215 1327 1366 1367 1328 
1216 1328 1367 1368 1329 
1217 1329 1368 1369 1330 
1218 1330 1369 1370 1331 
1219 1331 1370 1371 1332 
1220 1332 1371 1372 1333 
1221 1333 1372 1373 1334 
1222 1334 1373 1374 1335 
1223 1335 1374 1375 1336 
1224 1336 1375 1376 1337 
1225 1337 1376 1377 1338 
1226 1338 1377 1378 1339 
1227 1339 1378 1379 1340 
1228 1340 1379 1380 1341 
1229 1341 1380 1381 1342 
1230 1342 1381 1382 1343 
1231 1343 1382 1383 1344 
1232 1344 1383 1384 1345 
1233 1345 1384 1385 1346 
1234 1346 1385 1386 1347 
1235 1347 1386 1387 1348 
1236 1348 1387 1388 1349 
1237 1349 1388 1389 1350 
1238 1350 1389 1390 1351 
1239 1351 1390 1391 1352 
1240 1352 1391 99 100 
1241 35 36 1392 1353 
1242 1353 1392 1393 1354 
1243 1354 1393 1394 1355 
1244 1355 1394 1395 1356 
1245 1356 1395 1396 1357 
1246 1357 1396 1397 1358 
1247 1358 1397 1398 1359 
1248 1359 1398 1399 1360 
1249 1360 1399 1400 1361 
1250 1361 1400 1401 1362 
1251 1362 1401 1402 1363 
1252 1363 1402 1403 1364 
1253 1364 1403 1404 1365 
1254 1365 1404 1405 1366 
1255 1366 1405 1406 1367 
1256 1367 1406 1407 1368 
1257 1368 1407 1408 1369 
1258 1369 1408 1409 1370 
1259 1370 1409 1410 1371 
1260 1371 1410 1411 1372 
1261 1372 1411 1412 1373 
1262 1373 1412 1413 1374 
1263 1374 1413 1414 1375 
1264 1375 1414 1415 1376 
1265 1376 1415 1416 1377 
1266 1377 1416 1417 1378 
1267 1378 1417 1418 1379 
1268 1379 1418 1419 1380 
1269 1380 1419 1420 1381 
1270 1381 1420 1421 1382 
1271 1382 1421 1422 1383 
1272 1383 1422 1423 1384 
1273 1384 1423 1424 1385 
1274 1385 1424 1425 1386 
1275 1386 1425 1426 1387 
1276 1387 1426 1427 1388 
1277 1388 1427 1428 1389 
1278 1389 1428 1429 1390 
1279 1390 1429 1430 1391 
1280 1391 1430 98 99 
1281 36 37 1431 1392 
1282 1392 1431 1432 1393 
1283 1393 1432 1433 1394 
1284 1394 1433 1434 1395 
1285 1395 1434 1435 1396 
1286 1396 1435 1436 1397 
1287 1397 1436 1437 1398 
1288 1398 1437 1438 1399 
1289 1399 1438 1439 1400 
1290 1400 1439 1440 1401 
1291 1401 1440 1441 1402 
1292 1402 1441 1442 1403 
1293 1403 1442 1443 1404 
1294 1404 1443 1444 1405 
1295 1405 1444 1445 1406 
1296 1406 1445 1446 1407 
1297 1407 1446 1447 1408 
1298 1408 1447 1448 1409 
1299 1409 1448 1449 1410 
1300 1410 1449 1450 1411 
1301 1411 1450 1451 1412 
1302 1412 1451 1452 1413 
1303 1413 1452 1453 1414 
1304 1414 1453 1454 1415 
1305 1415 1454 1455 1416 
1306 1416 1455 1456 1417 
1307 1417 1456 1457 1418 
1308 1418 1457 1458 1419 
1309 1419 1458 1459 1420 
1310 1420 1459 1460 1421 
1311 1421 1460 1461 1422 
1312 1422 1461 1462 1423 
1313 1423 1462 1463 1424 
1314 1424 1463 1464 1425 
1315 1425 1464 1465 1426 
1316 1426 1465 1466 1427 
1317 1427 1466 1467 1428 
1318 1428 1467 1468 1429 
1319 1429 1468 1469 1430 
1320 1430 1469 97 98 
1321 37 38 1470 1431 
1322 1431 1470 1471 1432 
1323 1432 1471 1472 1433 
1324 1433 1472 1473 1434 
1325 1434 1473 1474 1435 
1326 1435 1474 1475 1436 
1327 1436 1475 1476 1437 
1328 1437 1476 1477 1438 
1329 1438 1477 1478 1439 
1330 1439 1478 1479 1440 
1331 1440 1479 1480 1441 
1332 1441 1480 1481 1442 
1333 1442 1481 1482 1443 
1334 1443 1482 1483 1444 
1335 1444 1483 1484 1445 
1336 1445 1484 1485 1446 
1337 1446 1485 1486 1447 
1338 1447 1486 1487 1448 
1339 1448 1487 1488 1449 
1340 1449 1488 1489 1450 
1341 1450 1489 1490 1451 
1342 1451 1490 1491 1452 
1343 1452 1491 1492 1453 
1344 1453 1492 1493 1454 
1345 1454 1493 1494 1455 
1346 1455 1494 1495 1456 
1347 1456 1495 1496 1457 
1348 1457 1496 1497 1458 
1349 1458 1497 1498 1459 
1350 1459 1498 1499 1460 
1351 1460 1499 1500 1461 
1352 1461 1500 1501 1462 
1353 1462 1501 1502 1463 
1354 1463 1502 1503 1464 
1355 1464 1503 1504 1465 
1356 1465 1504 1505 1466 
1357 1466 1505 1506 1467 
1358 1467 1506 1507 1468 
1359 1468 1507 1508 1469 
1360 1469 1508 96 97 
1361 38 39 1509 1470 
1362 1470 1509 1510 1471 
1363 1471 1510 1511 1472 
1364 1472 1511 1512 1473 
1365 1473 1512 1513 1474 
1366 1474 1513 1514 1475 
1367 1475 1514 1515 1476 
1368 1476 1515 1516 1477 
1369 1477 1516 1517 1478 
1370 1478 1517 1518 1479 
1371 1479 1518 1519 1480 
1372 1480 1519 1520 1481 
1373 1481 1520 1521 1482 
1374 1482 1521 1522 1483 
1375 1483 1522 1523 1484 
1376 1484 1523 1524 1485 
1377 1485 1524 1525 1486 
1378 1486 1525 1526 1487 
1379 1487 1526 1527 1488 
1380 1488 1527 1528 1489 
1381 1489 1528 1529 1490 
1382 1490 1529 1530 1491 
1383 1491 1530 1531 1492 
1384 1492 1531 1532 1493 
1385 1493 1532 1533 1494 
1386 1494 1533 1534 1495 
1387 1495 1534 1535 1496 
1388 1496 1535 1536 1497 
1389 1497 1536 1537 1498 
1390 1498 1537 1538 1499 
1391 1499 1538 1539 1500 
1392 1500 1539 1540 1501 
1393 1501 1540 1541 1502 
1394 1502 1541 1542 1503 
1395 1503 1542 1543 1504 
1396 1504 1543 1544 1505 
1397 1505 1544 1545 1506 
1398 1506 1545 1546 1507 
1399 1507 1546 1547 1508 
1400 1508 1547 95 96 
1401 39 40 1548 1509 
1402 1509 1548 1549 1510 
1403 1510 1549 1550 1511 
1404 1511 1550 1551 1512 
1405 1512 1551 1552 1513 
1406 1513 1552 1553 1514 
1407 1514 1553 1554 1515 
1408 1515 1554 1555 1516 
1409 1516 1555 1556 1517 
1410 1517 1556 1557 1518 
1411 1518 1557 1558 1519 
1412 1519 1558 1559 1520 
1413 1520 1559 1560 1521 
1414 1521 1560 1561 1522 
1415 1522 1561 1562 1523 
1416 1523 1562 1563 1524 
1417 1524 1563 1564 1525 
1418 1525 1564 1565 1526 
1419 1526 1565 1566 1527 
1420 1527 1566 1567 1528 
1421 1528 1567 1568 1529 
1422 1529 1568 1569 1530 
1423 1530 1569 1570 1531 
1424 1531 1570 1571 1532 
1425 1532 1571 1572 1533 
1426 1533 1572 1573 1534 
1427 1534 1573 1574 1535 
1428 1535 1574 1575 1536 
1429 1536 1575 1576 1537 
1430 1537 1576 1577 1538 
1431 1538 1577 1578 1539 
1432 1539 1578 1579 1540 
1433 1540 1579 1580 1541 
1434 1541 1580 1581 1542 
1435 1542 1581 1582 1543 
1436 1543 1582 1583 1544 
1437 1544 1583 1584 1545 
1438 1545 1584 1585 1546 
1439 1546 1585 1586 1547 
1440 1547 1586 94 95 
1441 40 41 1587 1548 
1442 1548 1587 1588 1549 
1443 1549 1588 1589 1550 
1444 1550 1589 1590 1551 
1445 1551 1590 1591 1552 
1446 1552 1591 1592 1553 
1447 1553 1592 1593 1554 
1448 1554 1593 1594 1555 
1449 1555 1594 1595 1556 
1450 1556 1595 1596 1557 
1451 1557 1596 1597 1558 
1452 1558 1597 1598 1559 
1453 1559 1598 1599 1560 
1454 1560 1599 1600 1561 
1455 1561 1600 1601 1562 
1456 1562 1601 1602 1563 
1457 1563 1602 1603 1564 
1458 1564 1603 1604 1565 
1459 1565 1604 1605 1566 
1460 1566 1605 1606 1567 
1461 1567 1606 1607 1568 
1462 1568 1607 1608 1569 
1463 1569 1608 1609 1570 
1464 1570 1609 1610 1571 
1465 1571 1610 1611 1572 
1466 1572 1611 1612 1573 
1467 1573 1612 1613 1574 
1468 1574 1613 1614 1575 
1469 1575 1614 1615 1576 
1470 1576 1615 1616 1577 
1471 1577 1616 1617 1578 
1472 1578 1617 1618 1579 
1473 1579 1618 1619 1580 
1474 1580 1619 1620 1581 
1475 1581 1620 1621 1582 
1476 1582 1621 1622 1583 
1477 1583 1622 1623 1584 
1478 1584 1623 1624 1585 
1479 1585 1624 1625 1586 
1480 1586 1625 93 94 
1481 41 42 1626 1587 
1482 1587 1626 1627 1588 
1483 1588 1627 1628 1589 
1484 1589 1628 1629 1590 
1485 1590 1629 1630 1591 
1486 1591 1630 1631 1592 
1487 1592 1631 1632 1593 
1488 1593 1632 1633 1594 
1489 1594 1633 1634 1595 
1490 1595 1634 1635 1596 
1491 1596 1635 1636 1597 
1492 1597 1636 1637 1598 
1493 1598 1637 1638 1599 
1494 1599 1638 1639 1600 
1495 1600 1639 1640 1601 
1496 1601 1640 1641 1602 
1497 1602 1641 1642 1603 
1498 1603 1642 1643 1604 
1499 1604 1643 1644 1605 
1500 1605 1644 1645 1606 
1501 1606 1645 1646 1607 
1502 1607 1646 1647 1608 
1503 1608 1647 1648 1609 
1504 1609 1648 1649 1610 
1505 1610 1649 1650 1611 
1506 1611 1650 1651 1612 
1507 1612 1651 1652 1613 
1508 1613 1652 1653 1614 
1509 1614 1653 1654 1615 
1510 1615 1654 1655 1616 
1511 1616 1655 1656 1617 
1512 1617 1656 1657 1618 
1513 1618 1657 1658 1619 
1514 1619 1658 1659 1620 
1515 1620 1659 1660 1621 
1516 1621 1660 1661 1622 
1517 1622 1661 1662 1623 
1518 1623 1662 1663 1624 
1519 1624 1663 1664 1625 
1520 1625 1664 92 93 
1521 42 43 1665 1626 
1522 1626 1665 1666 1627 
1523 1627 1666 1667 1628 
1524 1628 1667 1668 1629 
1525 1629 1668 1669 1630 
1526 1630 1669 1670 1631 
1527 1631 1670 1671 1632 
1528 1632 1671 1672 1633 
1529 1633 1672 1673 1634 
1530 1634 1673 1674 1635 
1531 1635 1674 1675 1636 
1532 1636 1675 1676 1637 
1533 1637 1676 1677 1638 
1534 1638 1677 1678 1639 
1535 1639 1678 1679 1640 
1536 1640 1679 1680 1641 
1537 1641 1680 1681 1642 
1538 1642 1681 1682 1643 
1539 1643 1682 1683 1644 
1540 1644 1683 1684 1645 
1541 1645 1684 1685 1646 
1542 1646 1685 1686 1647 
1543 1647 1686 1687 1648 
1544 1648 1687 1688 1649 
1545 1649 1688 1689 1650 
1546 1650 1689 1690 1651 
1547 1651 1690 1691 1652 
1548 1652 1691 1692 1653 
1549 1653 1692 1693 1654 
1550 1654 1693 1694 1655 
1551 1655 1694 1695 1656 
1552 1656 1695 1696 1657 
1553 1657 1696 1697 1658 
1554 1658 1697 1698 1659 
1555 1659 1698 1699 1660 
1556 1660 1699 1700 1661 
1557 1661 1700 1701 1662 
1558 1662 1701 1702 1663 
1559 1663 1702 1703 1664 
1560 1664 1703 91 92 
1561 43 44 1704 1665 
1562 1665 1704 1705 1666 
1563 1666 1705 1706 1667 
1564 1667 1706 1707 1668 
1565 1668 1707 1708 1669 
1566 1669 1708 1709 1670 
1567 1670 1709 1710 1671 
1568 1671 1710 1711 1672 
1569 1672 1711 1712 1673 
1570 1673 1712 1713 1674 
1571 1674 1713 1714 1675 
1572 1675 1714 1715 1676 
1573 1676 1715 1716 1677 
1574 1677 1716 1717 1678 
1575 1678 1717 1718 1679 
1576 1679 1718 1719 1680 
1577 1680 1719 1720 1681 
1578 1681 1720 1721 1682 
1579 1682 1721 1722 1683 
1580 1683 1722 1723 1684 
1581 1684 1723 1724 1685 
1582 1685 1724 1725 1686 
1583 1686 1725 1726 1687 
1584 1687 1726 1727 1688 
1585 1688 1727 1728 1689 
1586 1689 1728 1729 1690 
1587 1690 1729 1730 1691 
1588 1691 1730 1731 1692 
1589 1692 1731 1732 1693 
1590 1693 1732 1733 1694 
1591 1694 1733 1734 1695 
1592 1695 1734 1735 1696 
1593 1696 1735 1736 1697 
1594 1697 1736 1737 1698 
1595 1698 1737 1738 1699 
1596 1699 1738 1739 1700 
1597 1700 1739 1740 1701 
1598 1701 1740 1741 1702 
1599 1702 1741 1742 1703 
1600 1703 1742 90 91 
1601 44 45 1743 1704 
1602 1704 1743 1744 1705 
1603 1705 1744 1745 1706 
1604 1706 1745 1746 1707 
1605 1707 1746 1747 1708 
1606 1708 1747 1748 1709 
1607 1709 1748 1749 1710 
1608 1710 1749 1750 1711 
1609 1711 1750 1751 1712 
1610 1712 1751 1752 1713 
1611 1713 1752 1753 1714 
1612 1714 1753 1754 1715 
1613 1715 1754 1755 1716 
1614 1716 1755 1756 1717 
1615 1717 1756 1757 1718 
1616 1718 1757 1758 1719 
1617 1719 1758 1759 1720 
1618 1720 1759 1760 1721 
1619 1721 1760 1761 1722 
1620 1722 1761 1762 1723 
1621 1723 1762 1763 1724 
1622 1724 1763 1764 1725 
1623 1725 1764 1765 1726 
1624 1726 1765 1766 1727 
1625 1727 1766 1767 1728 
1626 1728 1767 1768 1729 
1627 1729 1768 1769 1730 
1628 1730 1769 1770 1731 
1629 1731 1770 1771 1732 
1630 1732 1771 1772 1733 
1631 1733 1772 1773 1734 
1632 1734 1773 1774 1735 
1633 1735 1774 1775 1736 
1634 1736 1775 1776 1737 
1635 1737 1776 1777 1738 
1636 1738 1777 1778 1739 
1637 1739 1778 1779 1740 
1638 1740 1779 1780 1741 
1639 1741 1780 1781 1742 
1640 1742 1781 89 90 
1641 45 46 1782 1743 
1642 1743 1782 1783 1744 
1643 1744 1783 1784 1745 
1644 1745 1784 1785 1746 
1645 1746 1785 1786 1747 
1646 1747 1786 1787 1748 
1647 1748 1787 1788 1749 
1648 1749 1788 1789 1750 
1649 1750 1789 1790 1751 
1650 1751 1790 1791 1752 
1651 1752 1791 1792 1753 
1652 1753 1792 1793 1754 
1653 1754 1793 1794 1755 
1654 1755 1794 1795 1756 
1655 1756 1795 1796 1757 
1656 1757 1796 1797 1758 
1657 1758 1797 1798 1759 
1658 1759 1798 1799 1760 
1659 1760 1799 1800 1761 
1660 1761 1800 1801 1762 
1661 1762 1801 1802 1763 
1662 1763 1802 1803 1764 
1663 1764 1803 1804 1765 
1664 1765 1804 1805 1766 
1665 1766 1805 1806 1767 
1666 1767 1806 1807 1768 
1667 1768 1807 1808 1769 
1668 1769 1808 1809 1770 
1669 1770 1809 1810 1771 
1670 1771 1810 1811 1772 
1671 1772 1811 1812 1773 
1672 1773 1812 1813 1774 
1673 1774 1813 1814 1775 
1674 1775 1814 1815 1776 
1675 1776 1815 1816 1777 
1676 1777 1816 1817 1778 
1677 1778 1817 1818 1779 
1678 1779 1818 1819 1780 
1679 1780 1819 1820 1781 
1680 1781 1820 88 89 
1681 46 47 1821 1782 
1682 1782 1821 1822 1783 
1683 1783 1822 1823 1784 
1684 1784 1823 1824 1785 
1685 1785 1824 1825 1786 
1686 1786 1825 1826 1787 
1687 1787 1826 1827 1788 
1688 1788 1827 1828 1789 
1689 1789 1828 1829 1790 
1690 1790 1829 1830 1791 
1691 1791 1830 1831 1792 
1692 1792 1831 1832 1793 
1693 1793 1832 1833 1794 
1694 1794 1833 1834 1795 
1695 1795 1834 1835 1796 
1696 1796 1835 1836 1797 
1697 1797 1836 1837 1798 
1698 1798 1837 1838 1799 
1699 1799 1838 1839 1800 
1700 1800 1839 1840 1801 
1701 1801 1840 1841 1802 
1702 1802 1841 1842 1803 
1703 1803 1842 1843 1804 
1704 1804 1843 1844 1805 
1705 1805 1844 1845 1806 
1706 1806 1845 1846 1807 
1707 1807 1846 1847 1808 
1708 1808 1847 1848 1809 
1709 1809 1848 1849 1810 
1710 1810 1849 1850 1811 
1711 1811 1850 1851 1812 
1712 1812 1851 1852 1813 
1713 1813 1852 1853 1814 
1714 1814 1853 1854 1815 
1715 1815 1854 1855 1816 
1716 1816 1855 1856 1817 
1717 1817 1856 1857 1818 
1718 1818 1857 1858 1819 
1719 1819 1858 1859 1820 
1720 1820 1859 87 88 
1721 47 2 48 1821 
1722 1821 48 49 1822 
1723 1822 49 50 1823 
1724 1823 50 51 1824 
1725 1824 51 52 1825 
1726 1825 52 53 1826 
1727 1826 53 54 1827 
1728 1827 54 55 1828 
1729 1828 55 56 1829 
1730 1829 56 57 1830 
1731 1830 57 58 1831 
1732 1831 58 59 1832 
1733 1832 59 60 1833 
1734 1833 60 61 1834 
1735 1834 61 62 1835 
1736 1835 62 63 1836 
1737 1836 63 64 1837 
1738 1837 64 65 1838 
1739 1838 65 66 1839 
1740 1839 66 67 1840 
1741 1840 67 68 1841 
1742 1841 68 69 1842 
1743 1842 69 70 1843 
1744 1843 70 71 1844 
1745 1844 71 72 1845 
1746 1845 72 73 1846 
1747 1846 73 74 1847 
1748 1847 74 75 1848 
1749 1848 75 76 1849 
1750 1849 76 77 1850 
1751 1850 77 78 1851 
1752 1851 78 79 1852 
1753 1852 79 80 1853 
1754 1853 80 81 1854 
1755 1854 81 82 1855 
1756 1855 82 83 1856 
1757 1856 83 84 1857 
1758 1857 84 85 1858 
1759 1858 85 86 1859 
1760 1859 86 3 87 
2 2 3 800
1761 5 184 1860 165 
1762 165 1860 1861 166 
1763 166 1861 1862 167 
1764 167 1862 1863 168 
1765 168 1863 1864 169 
1766 169 1864 1865 170 
1767 170 1865 1866 171 
1768 171 1866 1867 172 
1769 172 1867 1868 173 
1770 173 1868 1869 174 
1771 174 1869 1870 175 
1772 175 1870 1871 176 
1773 176 1871 1872 177 
1774 177 1872 1873 178 
1775 178 1873 1874 179 
1776 179 1874 1875 180 
1777 180 1875 1876 181 
1778 181 1876 1877 182 
1779 182 1877 1878 183 
1780 183 1878 9 1 
1781 184 185 1879 1860 
1782 1860 1879 1880 1861 
1783 1861 1880 1881 1862 
1784 1862 1881 1882 1863 
1785 1863 1882 1883 1864 
1786 1864 1883 1884 1865 
1787 1865 1884 1885 1866 
1788 1866 1885 1886 1867 
1789 1867 1886 1887 1868 
1790 1868 1887 1888 1869 
1791 1869 1888 1889 1870 
1792 1870 1889 1890 1871 
1793 1871 1890 1891 1872 
1794 1872 1891 1892 1873 
1795 1873 1892 1893 1874 
1796 1874 1893 1894 1875 
1797 1875 1894 1895 1876 
1798 1876 1895 1896 1877 
1799 1877 1896 1897 1878 
1800 1878 1897 10 9 
1801 185 186 1898 1879 
1802 1879 1898 1899 1880 
1803 1880 1899 1900 1881 
1804 1881 1900 1901 1882 
1805 1882 1901 1902 1883 
1806 1883 1902 1903 1884 
1807 1884 1903 1904 1885 
1808 1885 1904 1905 1886 
1809 1886 1905 1906 1887 
1810 1887 1906 1907 1888 
1811 1888 1907 1908 1889 
1812 1889 1908 1909 1890 
1813 1890 1909 1910 1891 
1814 1891 1910 1911 1892 
1815 1892 1911 1912 1893 
1816 1893 1912 1913 1894 
1817 1894 1913 1914 1895 
1818 1895 1914 1915 1896 
1819 1896 1915 1916 1897 
1820 1897 1916 11 10 
1821 186 187 1917 1898 
1822 1898 1917 1918 1899 
1823 1899 1918 1919 1900 
1824 1900 1919 1920 1901 
1825 1901 1920 1921 1902 
1826 1902 1921 1922 1903 
1827 1903 1922 1923 1904 
1828 1904 1923 1924 1905 
1829 1905 1924 1925 1906 
1830 1906 1925 1926 1907 
1831 1907 1926 1927 1908 
1832 1908 1927 1928 1909 
1833 1909 1928 1929 1910 
1834 1910 1929 1930 1911 
1835 1911 1930 1931 1912 
1836 1912 1931 1932 1913 
1837 1913 1932 1933 1914 
1838 1914 1933 1934 1915 
1839 1915 1934 1935 1916 
1840 1916 1935 12 11 
1841 187 188 1936 1917 
1842 1917 1936 1937 1918 
1843 1918 1937 1938 1919 
1844 1919 1938 1939 1920 
1845 1920 1939 1940 1921 
1846 1921 1940 1941 1922 
1847 1922 1941 1942 1923 
1848 1923 1942 1943 1924 
1849 1924 1943 1944 1925 
1850 1925 1944 1945 1926 
1851 1926 1945 1946 1927 
1852 1927 1946 1947 1928 
1853 1928 1947 1948 1929 
1854 1929 1948 1949 1930 
1855 1930 1949 1950 1931 
1856 1931 1950 1951 1932 
1857 1932 1951 1952 1933 
1858 1933 1952 1953 1934 
1859 1934 1953 1954 1935 
1860 1935 1954 13 12 
1861 188 189 1955 1936 
1862 1936 1955 1956 1937 
1863 1937 1956 1957 1938 
1864 1938 1957 1958 1939 
1865 1939 1958 1959 1940 
1866 1940 1959 1960 1941 
1867 1941 1960 1961 1942 
1868 1942 1961 1962 1943 
1869 1943 1962 1963 1944 
1870 1944 1963 1964 1945 
1871 1945 1964 1965 1946 
1872 1946 1965 1966 1947 
1873 1947 1966 1967 1948 
1874 1948 1967 1968 1949 
1875 1949 1968 1969 1950 
1876 1950 1969 1970 1951 
1877 1951 1970 1971 1952 
1878 1952 1971 1972 1953 
1879 1953 1972 1973 1954 
1880 1954 1973 14 13 
1881 189 190 1974 1955 
1882 1955 1974 1975 1956 
1883 1956 1975 1976 1957 
1884 1957 1976 1977 1958 
1885 1958 1977 1978 1959 
1886 1959 1978 1979 1960 
1887 1960 1979 1980 1961 
1888 1961 1980 1981 1962 
1889 1962 1981 1982 1963 
1890 1963 1982 1983 1964 
1891 1964 1983 1984 1965 
1892 1965 1984 1985 1966 
1893 1966 1985 1986 1967 
1894 1967 1986 1987 1968 
1895 1968 1987 1988 1969 
1896 1969 1988 1989 1970 
1897 1970 1989 1990 1971 
1898 1971 1990 1991 1972 
1899 1972 1991 1992 1973 
1900 1973 1992 15 14 
1901 190 191 1993 1974 
1902 1974 1993 1994 1975 
1903 1975 1994 1995 1976 
1904 1976 1995 1996 1977 
1905 1977 1996 1997 1978 
1906 1978 1997 1998 1979 
1907 1979 1998 1999 1980 
1908 1980 1999 2000 1981 
1909 1981 2000 2001 1982 
1910 1982 2001 2002 1983 
1911 1983 2002 2003 1984 
1912 1984 2003 2004 1985 
1913 1985 2004 2005 1986 
1914 1986 2005 2006 1987 
1915 1987 2006 2007 1988 
1916 1988 2007 2008 1989 
1917 1989 2008 2009 1990 
1918 1990 2009 2010 1991 
1919 1991 2010 2011 1992 
1920 1992 2011 16 15 
1921 191 192 2012 1993 
1922 1993 2012 2013 1994 
1923 1994 2013 2014 1995 
1924 1995 2014 2015 1996 
1925 1996 2015 2016 1997 
1926 1997 2016 2017 1998 
1927 1998 2017 2018 1999 
1928 1999 2018 2019 2000 
1929 2000 2019 2020 2001 
1930 2001 2020 2021 2002 
1931 2002 2021 2022 2003 
1932 2003 2022 2023 2004 
1933 2004 2023 2024 2005 
1934 2005 2024 2025 2006 
1935 2006 2025 2026 2007 
1936 2007 2026 2027 2008 
1937 2008 2027 2028 2009 
1938 2009 2028 2029 2010 
1939 2010 2029 2030 2011 
1940 2011 2030 17 16 
1941 192 193 2031 2012 
1942 2012 2031 2032 2013 
1943 2013 2032 2033 2014 
1944 2014 2033 2034 2015 
1945 2015 2034 2035 2016 
1946 2016 2035 2036 2017 
1947 2017 2036 2037 2018 
1948 2018 2037 2038 2019 
1949 2019 2038 2039 2020 
1950 2020 2039 2040 2021 
1951 2021 2040 2041 2022 
1952 2022 2041 2042 2023 
1953 2023 2042 2043 2024 
1954 2024 2043 2044 2025 
1955 2025 2044 2045 2026 
1956 2026 2045 2046 2027 
1957 2027 2046 2047 2028 
1958 2028 2047 2048 2029 
1959 2029 2048 2049 2030 
1960 2030 2049 18 17 
1961 193 194 2050 2031 
1962 2031 2050 2051 2032 
1963 2032 2051 2052 2033 
1964 2033 2052 2053 2034 
1965 2034 2053 2054 2035 
1966 2035 2054 2055 2036 
1967 2036 2055 2056 2037 
1968 2037 2056 2057 2038 
1969 2038 2057 2058 2039 
1970 2039 2058 2059 2040 
1971 2040 2059 2060 2041 
1972 2041 2060 2061 2042 
1973 2042 2061 2062 2043 
1974 2043 2062 2063 2044 
1975 2044 2063 2064 2045 
1976 2045 2064 2065 2046 
1977 2046 2065 2066 2047 
1978 2047 2066 2067 2048 
1979 2048 2067 2068 2049 
1980 2049 2068 19 18 
1981 194 195 2069 2050 
1982 2050 2069 2070 2051 
1983 2051 2070 2071 2052 
1984 2052 2071 2072 2053 
1985 2053 2072 2073 2054 
1986 2054 2073 2074 2055 
1987 2055 2074 2075 2056 
1988 2056 2075 2076 2057 
1989 2057 2076 2077 2058 
1990 2058 2077 2078 2059 
1991 2059 2078 2079 2060 
1992 2060 2079 2080 2061 
1993 2061 2080 2081 2062 
1994 2062 2081 2082 2063 
1995 2063 2082 2083 2064 
1996 2064 2083 2084 2065 
1997 2065 2084 2085 2066 
1998 2066 2085 2086 2067 
1999 2067 2086 2087 2068 
2000 2068 2087 20 19 
2001 195 196 2088 2069 
2002 2069 2088 2089 2070 
2003 2070 2089 2090 2071 
2004 2071 2090 2091 2072 
2005 2072 2091 2092 2073 
2006 2073 2092 2093 2074 
2007 2074 2093 2094 2075 
2008 2075 2094 2095 2076 
2009 2076 2095 2096 2077 
2010 2077 2096 2097 2078 
2011 2078 2097 2098 2079 
2012 2079 2098 2099 2080 
2013 2080 2099 2100 2081 
2014 2081 2100 2101 2082 
2015 2082 2101 2102 2083 
2016 2083 2102 2103 2084 
2017 2084 2103 2104 2085 
2018 2085 2104 2105 2086 
2019 2086 2105 2106 2087 
2020 2087 2106 21 20 
2021 196 197 2107 2088 
2022 2088 2107 2108 2089 
2023 2089 2108 2109 2090 
2024 2090 2109 2110 2091 
2025 2091 2110 2111 2092 
2026 2092 2111 2112 2093 
2027 2093 2112 2113 2094 
2028 2094 2113 2114 2095 
2029 2095 2114 2115 2096 
2030 2096 2115 2116 2097 
2031 2097 2116 2117 2098 
2032 2098 2117 2118 2099 
2033 2099 2118 2119 2100 
2034 2100 2119 2120 2101 
2035 2101 2120 2121 2102 
2036 2102 2121 2122 2103 
2037 2103 2122 2123 2104 
2038 2104 2123 2124 2105 
2039 2105 2124 2125 2106 
2040 2106 2125 22 21 
2041 197 198 2126 2107 
2042 2107 2126 2127 2108 
2043 2108 2127 2128 2109 
2044 2109 2128 2129 2110 
2045 2110 2129 2130 2111 
2046 2111 2130 2131 2112 
2047 2112 2131 2132 2113 
2048 2113 2132 2133 2114 
2049 2114 2133 2134 2115 
2050 2115 2134 2135 2116 
2051 2116 2135 2136 2117 
2052 2117 2136 2137 2118 
2053 2118 2137 2138 2119 
2054 2119 2138 2139 2120 
2055 2120 2139 2140 2121 
2056 2121 2140 2141 2122 
2057 2122 2141 2142 2123 
2058 2123 2142 2143 2124 
2059 2124 2143 2144 2125 
2060 2125 2144 23 22 
2061 198 199 2145 2126 
2062 2126 2145 2146 2127 
2063 2127 2146 2147 2128 
2064 2128 2147 2148 2129 
2065 2129 2148 2149 2130 
2066 2130 2149 2150 2131 
2067 2131 2150 2151 2132 
2068 2132 2151 2152 2133 
2069 2133 2152 2153 2134 
2070 2134 2153 2154 2135 
2071 2135 2154 2155 2136 
2072 2136 2155 2156 2137 
2073 2137 2156 2157 2138 
2074 2138 2157 2158 2139 
2075 2139 2158 2159 2140 
2076 2140 2159 2160 2141 
2077 2141 2160 2161 2142 
2078 2142 2161 2162 2143 
2079 2143 2162 2163 2144 
2080 2144 2163 24 23 
2081 199 200 2164 2145 
2082 2145 2164 2165 2146 
2083 2146 2165 2166 2147 
2084 2147 2166 2167 2148 
2085 2148 2167 2168 2149 
2086 2149 2168 2169 2150 
2087 2150 2169 2170 2151 
2088 2151 2170 2171 2152 
2089 2152 2171 2172 2153 
2090 2153 2172 2173 2154 
2091 2154 2173 2174 2155 
2092 2155 2174 2175 2156 
2093 2156 2175 2176 2157 
2094 2157 2176 2177 2158 
2095 2158 2177 2178 2159 
2096 2159 2178 2179 2160 
2097 2160 2179 2180 2161 
2098 2161 2180 2181 2162 
2099 2162 2181 2182 2163 
2100 2163 2182 25 24 
2101 200 201 2183 2164 
2102 2164 2183 2184 2165 
2103 2165 2184 2185 2166 
2104 2166 2185 2186 2167 
2105 2167 2186 2187 2168 
2106 2168 2187 2188 2169 
2107 2169 2188 2189 2170 
2108 2170 2189 2190 2171 
2109 2171 2190 2191 2172 
2110 2172 2191 2192 2173 
2111 2173 2192 2193 2174 
2112 2174 2193 2194 2175 
2113 2175 2194 2195 2176 
2114 2176 2195 2196 2177 
2115 2177 2196 2197 2178 
2116 2178 2197 2198 2179 
2117 2179 2198 2199 2180 
2118 2180 2199 2200 2181 
2119 2181 2200 2201 2182 
2120 2182 2201 26 25 
2121 201 202 2202 2183 
2122 2183 2202 2203 2184 
2123 2184 2203 2204 2185 
2124 2185 2204 2205 2186 
2125 2186 2205 2206 2187 
2126 2187 2206 2207 2188 
2127 2188 2207 2208 2189 
2128 2189 2208 2209 2190 
2129 2190 2209 2210 2191 
2130 2191 2210 2211 2192 
2131 2192 2211 2212 2193 
2132 2193 2212 2213 2194 
2133 2194 2213 2214 2195 
2134 2195 2214 2215 2196 
2135 2196 2215 2216 2197 
2136 2197 2216 2217 2198 
2137 2198 2217 2218 2199 
2138 2199 2218 2219 2200 
2139 2200 2219 2220 2201 
2140 2201 2220 27 26 
2141 202 203 2221 2202 
2142 2202 2221 2222 2203 
2143 2203 2222 2223 2204 
2144 2204 2223 2224 2205 
2145 2205 2224 2225 2206 
2146 2206 2225 2226 2207 
2147 2207 2226 2227 2208 
2148 2208 2227 2228 2209 
2149 2209 2228 2229 2210 
2150 2210 2229 2230 2211 
2151 2211 2230 2231 2212 
2152 2212 2231 2232 2213 
2153 2213 2232 2233 2214 
2154 2214 2233 2234 2215 
2155 2215 2234 2235 2216 
2156 2216 2235 2236 2217 
2157 2217 2236 2237 2218 
2158 2218 2237 2238 2219 
2159 2219 2238 2239 2220 
2160 2220 2239 28 27 
2161 203 204 2240 2221 
2162 2221 2240 2241 2222 
2163 2222 2241 2242 2223 
2164 2223 2242 2243 2224 
2165 2224 2243 2244 2225 
2166 2225 2244 2245 2226 
2167 2226 2245 2246 2227 
2168 2227 2246 2247 2228 
2169 2228 2247 2248 2229 
2170 2229 2248 2249 2230 
2171 2230 2249 2250 2231 
2172 2231 2250 2251 2232 
2173 2232 2251 2252 2233 
2174 2233 2252 2253 2234 
2175 2234 2253 2254 2235 
2176 2235 2254 2255 2236 
2177 2236 2255 2256 2237 
2178 2237 2256 2257 2238 
2179 2238 2257 2258 2239 
2180 2239 2258 29 28 
2181 204 205 2259 2240 
2182 2240 2259 2260 2241 
2183 2241 2260 2261 2242 
2184 2242 2261 2262 2243 
2185 2243 2262 2263 2244 
2186 2244 2263 2264 2245 
2187 2245 2264 2265 2246 
2188 2246 2265 2266 2247 
2189 2247 2266 2267 2248 
2190 2248 2267 2268 2249 
2191 2249 2268 2269 2250 
2192 2250 2269 2270 2251 
2193 2251 2270 2271 2252 
2194 2252 2271 2272 2253 
2195 2253 2272 2273 2254 
2196 2254 2273 2274 2255 
2197 2255 2274 2275 2256 
2198 2256 2275 2276 2257 
2199 2257 2276 2277 2258 
2200 2258 2277 30 29 
2201 205 206 2278 2259 
2202 2259 2278 2279 2260 
2203 2260 2279 2280 2261 
2204 2261 2280 2281 2262 
2205 2262 2281 2282 2263 
2206 2263 2282 2283 2264 
2207 2264 2283 2284 2265 
2208 2265 2284 2285 2266 
2209 2266 2285 2286 2267 
2210 2267 2286 2287 2268 
2211 2268 2287 2288 2269 
2212 2269 2288 2289 2270 
2213 2270 2289 2290 2271 
2214 2271 2290 2291 2272 
2215 2272 2291 2292 2273 
2216 2273 2292 2293 2274 
2217 2274 2293 2294 2275 
2218 2275 2294 2295 2276 
2219 2276 2295 2296 2277 
2220 2277 2296 31 30 
2221 206 207 2297 2278 
2222 2278 2297 2298 2279 
2223 2279 2298 2299 2280 
2224 2280 2299 2300 2281 
2225 2281 2300 2301 2282 
2226 2282 2301 2302 2283 
2227 2283 2302 2303 2284 
2228 2284 2303 2304 2285 
2229 2285 2304 2305 2286 
2230 2286 2305 2306 2287 
2231 2287 2306 2307 2288 
2232 2288 2307 2308 2289 
2233 2289 2308 2309 2290 
2234 2290 2309 2310 2291 
2235 2291 2310 2311 2292 
2236 2292 2311 2312 2293 
2237 2293 2312 2313 2294 
2238 2294 2313 2314 2295 
2239 2295 2314 2315 2296 
2240 2296 2315 32 31 
2241 207 208 2316 2297 
2242 2297 2316 2317 2298 
2243 2298 2317 2318 2299 
2244 2299 2318 2319 2300 
2245 2300 2319 2320 2301 
2246 2301 2320 2321 2302 
2247 2302 2321 2322 2303 
2248 2303 2322 2323 2304 
2249 2304 2323 2324 2305 
2250 2305 2324 2325 2306 
2251 2306 2325 2326 2307 
2252 2307 2326 2327 2308 
2253 2308 2327 2328 2309 
2254 2309 2328 2329 2310 
2255 2310 2329 2330 2311 
2256 2311 2330 2331 2312 
2257 2312 2331 2332 2313 
2258 2313 2332 2333 2314 
2259 2314 2333 2334 2315 
2260 2315 2334 33 32 
2261 208 209 2335 2316 
2262 2316 2335 2336 2317 
2263 2317 2336 2337 2318 
2264 2318 2337 2338 2319 
2265 2319 2338 2339 2320 
2266 2320 2339 2340 2321 
2267 2321 2340 2341 2322 
2268 2322 2341 2342 2323 
2269 2323 2342 2343 2324 
2270 2324 2343 2344 2325 
2271 2325 2344 2345 2326 
2272 2326 2345 2346 2327 
2273 2327 2346 2347 2328 
2274 2328 2347 2348 2329 
2275 2329 2348 2349 2330 
2276 2330 2349 2350 2331 
2277 2331 2350 2351 2332 
2278 2332 2351 2352 2333 
2279 2333 2352 2353 2334 
2280 2334 2353 34 33 
2281 209 210 2354 2335 
2282 2335 2354 2355 2336 
2283 2336 2355 2356 2337 
2284 2337 2356 2357 2338 
2285 2338 2357 2358 2339 
2286 2339 2358 2359 2340 
2287 2340 2359 2360 2341 
2288 2341 2360 2361 2342 
2289 2342 2361 2362 2343 
2290 2343 2362 2363 2344 
2291 2344 2363 2364 2345 
2292 2345 2364 2365 2346 
2293 2346 2365 2366 2347 
2294 2347 2366 2367 2348 
2295 2348 2367 2368 2349 
2296 2349 2368 2369 2350 
2297 2350 2369 2370 2351 
2298 2351 2370 2371 2352 
2299 2352 2371 2372 2353 
2300 2353 2372 35 34 
2301 210 211 2373 2354 
2302 2354 2373 2374 2355 
2303 2355 2374 2375 2356 
2304 2356 2375 2376 2357 
2305 2357 2376 2377 2358 
2306 2358 2377 2378 2359 
2307 2359 2378 2379 2360 
2308 2360 2379 2380 2361 
2309 2361 2380 2381 2362 
2310 2362 2381 2382 2363 
2311 2363 2382 2383 2364 
2312 2364 2383 2384 2365 
2313 2365 2384 2385 2366 
2314 2366 2385 2386 2367 
2315 2367 2386 2387 2368 
2316 2368 2387 2388 2369 
2317 2369 2388 2389 2370 
2318 2370 2389 2390 2371 
2319 2371 2390 2391 2372 
2320 2372 2391 36 35 
2321 211 212 2392 2373 
2322 2373 2392 2393 2374 
2323 2374 2393 2394 2375 
2324 2375 2394 2395 2376 
2325 2376 2395 2396 2377 
2326 2377 2396 2397 2378 
2327 2378 2397 2398 2379 
2328 2379 2398 2399 2380 
2329 2380 2399 2400 2381 
2330 2381 2400 2401 2382 
2331 2382 2401 2402 2383 
2332 2383 2402 2403 2384 
2333 2384 2403 2404 2385 
2334 2385 2404 2405 2386 
2335 2386 2405 2406 2387 
2336 2387 2406 2407 2388 
2337 2388 2407 2408 2389 
2338 2389 2408 2409 2390 
2339 2390 2409 2410 2391 
2340 2391 2410 37 36 
2341 212 213 2411 2392 
2342 2392 2411 2412 2393 
2343 2393 2412 2413 2394 
2344 2394 2413 2414 2395 
2345 2395 2414 2415 2396 
2346 2396 2415 2416 2397 
2347 2397 2416 2417 2398 
2348 2398 2417 2418 2399 
2349 2399 2418 2419 2400 
2350 2400 2419 2420 2401 
2351 2401 2420 2421 2402 
2352 2402 2421 2422 2403 
2353 2403 2422 2423 2404 
2354 2404 2423 2424 2405 
2355 2405 2424 2425 2406 
2356 2406 2425 2426 2407 
2357 2407 2426 2427 2408 
2358 2408 2427 2428 2409 
2359 2409 2428 2429 2410 
2360 2410 2429 38 37 
2361 213 214 2430 2411 
2362 2411 2430 2431 2412 
2363 2412 2431 2432 2413 
2364 2413 2432 2433 2414 
2365 2414 2433 2434 2415 
2366 2415 2434 2435 2416 
2367 2416 2435 2436 2417 
2368 2417 2436 2437 2418 
2369 2418 2437 2438 2419 
2370 2419 2438 2439 2420 
2371 2420 2439 2440 2421 
2372 2421 2440 2441 2422 
2373 2422 2441 2442 2423 
2374 2423 2442 2443 2424 
2375 2424 2443 2444 2425 
2376 2425 2444 2445 2426 
2377 2426 2445 2446 2427 
2378 2427 2446 2447 2428 
2379 2428 2447 2448 2429 
2380 2429 2448 39 38 
2381 214 215 2449 2430 
2382 2430 2449 2450 2431 
2383 2431 2450 2451 2432 
2384 2432 2451 2452 2433 
2385 2433 2452 2453 2434 
2386 2434 2453 2454 2435 
2387 2435 2454 2455 2436 
2388 2436 2455 2456 2437 
2389 2437 2456 2457 2438 
2390 2438 2457 2458 2439 
2391 2439 2458 2459 2440 
2392 2440 2459 2460 2441 
2393 2441 2460 2461 2442 
2394 2442 2461 2462 2443 
2395 2443 2462 2463 2444 
2396 2444 2463 2464 2445 
2397 2445 2464 2465 2446 
2398 2446 2465 2466 2447 
2399 2447 2466 2467 2448 
2400 2448 2467 40 39 
2401 215 216 2468 2449 
2402 2449 2468 2469 2450 
2403 2450 2469 2470 2451 
2404 2451 2470 2471 2452 
2405 2452 2471 2472 2453 
2406 2453 2472 2473 2454 
2407 2454 2473 2474 2455 
2408 2455 2474 2475 2456 
2409 2456 2475 2476 2457 
2410 2457 2476 2477 2458 
2411 2458 2477 2478 2459 
2412 2459 2478 2479 2460 
2413 2460 2479 2480 2461 
2414 2461 2480 2481 2462 
2415 2462 2481 2482 2463 
2416 2463 2482 2483 2464 
2417 2464 2483 2484 2465 
2418 2465 2484 2485 2466 
2419 2466 2485 2486 2467 
2420 2467 2486 41 40 
2421 216 217 2487 2468 
2422 2468 2487 2488 2469 
2423 2469 2488 2489 2470 
2424 2470 2489 2490 2471 
2425 2471 2490 2491 2472 
2426 2472 2491 2492 2473 
2427 2473 2492 2493 2474 
2428 2474 2493 2494 2475 
2429 2475 2494 2495 2476 
2430 2476 2495 2496 2477 
2431 2477 2496 2497 2478 
2432 2478 2497 2498 2479 
2433 2479 2498 2499 2480 
2434 2480 2499 2500 2481 
2435 2481 2500 2501 2482 
2436 2482 2501 2502 2483 
2437 2483 2502 2503 2484 
2438 2484 2503 2504 2485 
2439 2485 2504 2505 2486 
2440 2486 2505 42 41 
2441 217 218 2506 2487 
2442 2487 2506 2507 2488 
2443 2488 2507 2508 2489 
2444 2489 2508 2509 2490 
2445 2490 2509 2510 2491 
2446 2491 2510 2511 2492 
2447 2492 2511 2512 2493 
2448 2493 2512 2513 2494 
2449 2494 2513 2514 2495 
2450 2495 2514 2515 2496 
2451 2496 2515 2516 2497 
2452 2497 2516 2517 2498 
2453 2498 2517 2518 2499 
2454 2499 2518 2519 2500 
2455 2500 2519 2520 2501 
2456 2501 2520 2521 2502 
2457 2502 2521 2522 2503 
2458 2503 2522 2523 2504 
2459 2504 2523 2524 2505 
2460 2505 2524 43 42 
2461 218 219 2525 2506 
2462 2506 2525 2526 2507 
2463 2507 2526 2527 2508 
2464 2508 2527 2528 2509 
2465 2509 2528 2529 2510 
2466 2510 2529 2530 2511 
2467 2511 2530 2531 2512 
2468 2512 2531 2532 2513 
2469 2513 2532 2533 2514 
2470 2514 2533 2534 2515 
2471 2515 2534 2535 2516 
2472 2516 2535 2536 2517 
2473 2517 2536 2537 2518 
2474 2518 2537 2538 2519 
2475 2519 2538 2539 2520 
2476 2520 2539 2540 2521 
2477 2521 2540 2541 2522 
2478 2522 2541 2542 2523 
2479 2523 2542 2543 2524 
2480 2524 2543 44 43 
2481 219 220 2544 2525 
2482 2525 2544 2545 2526 
2483 2526 2545 2546 2527 
2484 2527 2546 2547 2528 
2485 2528 2547 2548 2529 
2486 2529 2548 2549 2530 
2487 2530 2549 2550 2531 
2488 2531 2550 2551 2532 
2489 2532 2551 2552 2533 
2490 2533 2552 2553 2534 
2491 2534 2553 2554 2535 
2492 2535 2554 2555 2536 
2493 2536 2555 2556 2537 
2494 2537 2556 2557 2538 
2495 2538 2557 2558 2539 
2496 2539 2558 2559 2540 
2497 2540 2559 2560 2541 
2498 2541 2560 2561 2542 
2499 2542 2561 2562 2543 
2500 2543 2562 45 44 
2501 220 221 2563 2544 
2502 2544 2563 2564 2545 
2503 2545 2564 2565 2546 
2504 2546 2565 2566 2547 
2505 2547 2566 2567 2548 
2506 2548 2567 2568 2549 
2507 2549 2568 2569 2550 
2508 2550 2569 2570 2551 
2509 2551 2570 2571 2552 
2510 2552 2571 2572 2553 
2511 2553 2572 2573 2554 
2512 2554 2573 2574 2555 
2513 2555 2574 2575 2556 
2514 2556 2575 2576 2557 
2515 2557 2576 2577 2558 
2516 2558 2577 2578 2559 
2517 2559 2578 2579 2560 
2518 2560 2579 2580 2561 
2519 2561 2580 2581 2562 
2520 2562 2581 46 45 
2521 221 222 2582 2563 
2522 2563 2582 2583 2564 
2523 2564 2583 2584 2565 
2524 2565 2584 2585 2566 
2525 2566 2585 2586 2567 
2526 2567 2586 2587 2568 
2527 2568 2587 2588 2569 
2528 2569 2588 2589 2570 
2529 2570 2589 2590 2571 
2530 2571 2590 2591 2572 
2531 2572 2591 2592 2573 
2532 2573 2592 2593 2574 
2533 2574 2593 2594 2575 
2534 2575 2594 2595 2576 
2535 2576 2595 2596 2577 
2536 2577 2596 2597 2578 
2537 2578 2597 2598 2579 
2538 2579 2598 2599 2580 
2539 2580 2599 2600 2581 
2540 2581 2600 47 46 
2541 222 6 320 2582 
2542 2582 320 321 2583 
2543 2583 321 322 2584 
2544 2584 322 323 2585 
2545 2585 323 324 2586 
2546 2586 324 325 2587 
2547 2587 325 326 2588 
2548 2588 326 327 2589 
2549 2589 327 328 2590 
2550 2590 328 329 2591 
2551 2591 329 330 2592 
2552 2592 330 331 2593 
2553 2593 331 332 2594 
2554 2594 332 333 2595 
2555 2595 333 334 2596 
2556 2596 334 335 2597 
2557 2597 335 336 2598 
2558 2598 336 337 2599 
2559 2599 337 338 2600 
2560 2600 338 2 47 
2 3 3 800
2561 6 223 2601 320 
2562 320 2601 2602 321 
2563 321 2602 2603 322 
2564 322 2603 2604 323 
2565 323 2604 2605 324 
2566 324 2605 2606 325 
2567 325 2606 2607 326 
2568 326 2607 2608 327 
2569 327 2608 2609 328 
2570 328 2609 2610 329 
2571 329 2610 2611 330 
2572 330 2611 2612 331 
2573 331 2612 2613 332 
2574 332 2613 2614 333 
2575 333 2614 2615 334 
2576 334 2615 2616 335 
2577 335 2616 2617 336 
2578 336 2617 2618 337 
2579 337 2618 2619 338 
2580 338 2619 319 2 
2581 223 224 2620 2601 
2582 2601 2620 2621 2602 
2583 2602 2621 2622 2603 
2584 2603 2622 2623 2604 
2585 2604 2623 2624 2605 
2586 2605 2624 2625 2606 
2587 2606 2625 2626 2607 
2588 2607 2626 2627 2608 
2589 2608 2627 2628 2609 
2590 2609 2628 2629 2610 
2591 2610 2629 2630 2611 
2592 2611 2630 2631 2612 
2593 2612 2631 2632 2613 
2594 2613 2632 2633 2614 
2595 2614 2633 2634 2615 
2596 2615 2634 2635 2616 
2597 2616 2635 2636 2617 
2598 2617 2636 2637 2618 
2599 2618 2637 2638 2619 
2600 2619 2638 318 319 
2601 224 225 2639 2620 
2602 2620 2639 2640 2621 
2603 2621 2640 2641 2622 
2604 2622 2641 2642 2623 
2605 2623 2642 2643 2624 
2606 2624 2643 2644 2625 
2607 2625 2644 2645 2626 
2608 2626 2645 2646 2627 
2609 2627 2646 2647 2628 
2610 2628 2647 2648 2629 
2611 2629 2648 2649 2630 
2612 2630 2649 2650 2631 
2613 2631 2650 2651 2632 
2614 2632 2651 2652 2633 
2615 2633 2652 2653 2634 
2616 2634 2653 2654 2635 
2617 2635 2654 2655 2636 
2618 2636 2655 2656 2637 
2619 2637 2656 2657 2638 
2620 2638 2657 317 318 
2621 225 226 2658 2639 
2622 2639 2658 2659 2640 
2623 2640 2659 2660 2641 
2624 2641 2660 2661 2642 
2625 2642 2661 2662 2643 
2626 2643 2662 2663 2644 
2627 2644 2663 2664 2645 
2628 2645 2664 2665 2646 
2629 2646 2665 2666 2647 
2630 2647 2666 2667 2648 
2631 2648 2667 2668 2649 
2632 2649 2668 2669 2650 
2633 2650 2669 2670 2651 
2634 2651 2670 2671 2652 
2635 2652 2671 2672 2653 
2636 2653 2672 2673 2654 
2637 2654 2673 2674 2655 
2638 2655 2674 2675 2656 
2639 2656 2675 2676 2657 
2640 2657 2676 316 317 
2641 226 227 2677 2658 
2642 2658 2677 2678 2659 
2643 2659 2678 2679 2660 
2644 2660 2679 2680 2661 
2645 2661 2680 2681 2662 
2646 2662 2681 2682 2663 
2647 2663 2682 2683 2664 
2648 2664 2683 2684 2665 
2649 2665 2684 2685 2666 
2650 2666 2685 2686 2667 
2651 2667 2686 2687 2668 
2652 2668 2687 2688 2669 
2653 2669 2688 2689 2670 
2654 2670 2689 2690 2671 
2655 2671 2690 2691 2672 
2656 2672 2691 2692 2673 
2657 2673 2692 2693 2674 
2658 2674 2693 2694 2675 
2659 2675 2694 2695 2676 
2660 2676 2695 315 316 
2661 227 228 2696 2677 
2662 2677 2696 2697 2678 
2663 2678 2697 2698 2679 
2664 2679 2698 2699 2680 
2665 2680 2699 2700 2681 
2666 2681 2700 2701 2682 
2667 2682 2701 2702 2683 
2668 2683 2702 2703 2684 
2669 2684 2703 2704 2685 
2670 2685 2704 2705 2686 
2671 2686 2705 2706 2687 
2672 2687 2706 2707 2688 
2673 2688 2707 2708 2689 
2674 2689 2708 2709 2690 
2675 2690 2709 2710 2691 
2676 2691 2710 2711 2692 
2677 2692 2711 2712 2693 
2678 2693 2712 2713 2694 
2679 2694 2713 2714 2695 
2680 2695 2714 314 315 
2681 228 229 2715 2696 
2682 2696 2715 2716 2697 
2683 2697 2716 2717 2698 
2684 2698 2717 2718 2699 
2685 2699 2718 2719 2700 
2686 2700 2719 2720 2701 
2687 2701 2720 2721 2702 
2688 2702 2721 2722 2703 
2689 2703 2722 2723 2704 
2690 2704 2723 2724 2705 
2691 2705 2724 2725 2706 
2692 2706 2725 2726 2707 
2693 2707 2726 2727 2708 
2694 2708 2727 2728 2709 
2695 2709 2728 2729 2710 
2696 2710 2729 2730 2711 
2697 2711 2730 2731 2712 
2698 2712 2731 2732 2713 
2699 2713 2732 2733 2714 
2700 2714 2733 313 314 
2701 229 230 2734 2715 
2702 2715 2734 2735 2716 
2703 2716 2735 2736 2717 
2704 2717 2736 2737 2718 
2705 2718 2737 2738 2719 
2706 2719 2738 2739 2720 
2707 2720 2739 2740 2721 
2708 2721 2740 2741 2722 
2709 2722 2741 2742 2723 
2710 2723 2742 2743 2724 
2711 2724 2743 2744 2725 
2712 2725 2744 2745 2726 
2713 2726 2745 2746 2727 
2714 2727 2746 2747 2728 
2715 2728 2747 2748 2729 
2716 2729 2748 2749 2730 
2717 2730 2749 2750 2731 
2718 2731 2750 2751 2732 
2719 2732 2751 2752 2733 
2720 2733 2752 312 313 
2721 230 231 2753 2734 
2722 2734 2753 2754 2735 
2723 2735 2754 2755 2736 
2724 2736 2755 2756 2737 
2725 2737 2756 2757 2738 
2726 2738 2757 2758 2739 
2727 2739 2758 2759 2740 
2728 2740 2759 2760 2741 
2729 2741 2760 2761 2742 
2730 2742 2761 2762 2743 
2731 2743 2762 2763 2744 
2732 2744 2763 2764 2745 
2733 2745 2764 2765 2746 
2734 2746 2765 2766 2747 
2735 2747 2766 2767 2748 
2736 2748 2767 2768 2749 
2737 2749 2768 2769 2750 
2738 2750 2769 2770 2751 
2739 2751 2770 2771 2752 
2740 2752 2771 311 312 
2741 231 232 2772 2753 
2742 2753 2772 2773 2754 
2743 2754 2773 2774 2755 
2744 2755 2774 2775 2756 
2745 2756 2775 2776 2757 
2746 2757 2776 2777 2758 
2747 2758 2777 2778 2759 
2748 2759 2778 2779 2760 
2749 2760 2779 2780 2761 
2750 2761 2780 2781 2762 
2751 2762 2781 2782 2763 
2752 2763 2782 2783 2764 
2753 2764 2783 2784 2765 
2754 2765 2784 2785 2766 
2755 2766 2785 2786 2767 
2756 2767 2786 2787 2768 
2757 2768 2787 2788 2769 
2758 2769 2788 2789 2770 
2759 2770 2789 2790 2771 
2760 2771 2790 310 311 
2761 232 233 2791 2772 
2762 2772 2791 2792 2773 
2763 2773 2792 2793 2774 
2764 2774 2793 2794 2775 
2765 2775 2794 2795 2776 
2766 2776 2795 2796 2777 
2767 2777 2796 2797 2778 
2768 2778 2797 2798 2779 
2769 2779 2798 2799 2780 
2770 2780 2799 2800 2781 
2771 2781 2800 2801 2782 
2772 2782 2801 2802 2783 
2773 2783 2802 2803 2784 
2774 2784 2803 2804 2785 
2775 2785 2804 2805 2786 
2776 2786 2805 2806 2787 
2777 2787 2806 2807 2788 
2778 2788 2807 2808 2789 
2779 2789 2808 2809 2790 
2780 2790 2809 309 310 
2781 233 234 2810 2791 
2782 2791 2810 2811 2792 
2783 2792 2811 2812 2793 
2784 2793 2812 2813 2794 
2785 2794 2813 2814 2795 
2786 2795 2814 2815 2796 
2787 2796 2815 2816 2797 
2788 2797 2816 2817 2798 
2789 2798 2817 2818 2799 
2790 2799 2818 2819 2800 
2791 2800 2819 2820 2801 
2792 2801 2820 2821 2802 
2793 2802 2821 2822 2803 
2794 2803 2822 2823 2804 
2795 2804 2823 2824 2805 
2796 2805 2824 2825 2806 
2797 2806 2825 2826 2807 
2798 2807 2826 2827 2808 
2799 2808 2827 2828 2809 
2800 2809 2828 308 309 
2801 234 235 2829 2810 
2802 2810 2829 2830 2811 
2803 2811 2830 2831 2812 
2804 2812 2831 2832 2813 
2805 2813 2832 2833 2814 
2806 2814 2833 2834 2815 
2807 2815 2834 2835 2816 
2808 2816 2835 2836 2817 
2809 2817 2836 2837 2818 
2810 2818 2837 2838 2819 
2811 2819 2838 2839 2820 
2812 2820 2839 2840 2821 
2813 2821 2840 2841 2822 
2814 2822 2841 2842 2823 
2815 2823 2842 2843 2824 
2816 2824 2843 2844 2825 
2817 2825 2844 2845 2826 
2818 2826 2845 2846 2827 
2819 2827 2846 2847 2828 
2820 2828 2847 307 308 
2821 235 236 2848 2829 
2822 2829 2848 2849 2830 
2823 2830 2849 2850 2831 
2824 2831 2850 2851 2832 
2825 2832 2851 2852 2833 
2826 2833 2852 2853 2834 
2827 2834 2853 2854 2835 
2828 2835 2854 2855 2836 
2829 2836 2855 2856 2837 
2830 2837 2856 2857 2838 
2831 2838 2857 2858 2839 
2832 2839 2858 2859 2840 
2833 2840 2859 2860 2841 
2834 2841 2860 2861 2842 
2835 2842 2861 2862 2843 
2836 2843 2862 2863 2844 
2837 2844 2863 2864 2845 
2838 2845 2864 2865 2846 
2839 2846 2865 2866 2847 
2840 2847 2866 306 307 
2841 236 237 2867 2848 
2842 2848 2867 2868 2849 
2843 2849 2868 2869 2850 
2844 2850 2869 2870 2851 
2845 2851 2870 2871 2852 
2846 2852 2871 2872 2853 
2847 2853 2872 2873 2854 
2848 2854 2873 2874 2855 
2849 2855 2874 2875 2856 
2850 2856 2875 2876 2857 
2851 2857 2876 2877 2858 
2852 2858 2877 2878 2859 
2853 2859 2878 2879 2860 
2854 2860 2879 2880 2861 
2855 2861 2880 2881 2862 
2856 2862 2881 2882 2863 
2857 2863 2882 2883 2864 
2858 2864 2883 2884 2865 
2859 2865 2884 2885 2866 
2860 2866 2885 305 306 
2861 237 238 2886 2867 
2862 2867 2886 2887 2868 
2863 2868 2887 2888 2869 
2864 2869 2888 2889 2870 
2865 2870 2889 2890 2871 
2866 2871 2890 2891 2872 
2867 2872 2891 2892 2873 
2868 2873 2892 2893 2874 
2869 2874 2893 2894 2875 
2870 2875 2894 2895 2876 
2871 2876 2895 2896 2877 
2872 2877 2896 2897 2878 
2873 2878 2897 2898 2879 
2874 2879 2898 2899 2880 
2875 2880 2899 2900 2881 
2876 2881 2900 2901 2882 
2877 2882 2901 2902 2883 
2878 2883 2902 2903 2884 
2879 2884 2903 2904 2885 
2880 2885 2904 304 305 
2881 238 239 2905 2886 
2882 2886 2905 2906 2887 
2883 2887 2906 2907 2888 
2884 2888 2907 2908 2889 
2885 2889 2908 2909 2890 
2886 2890 2909 2910 2891 
2887 2891 2910 2911 2892 
2888 2892 2911 2912 2893 
2889 2893 2912 2913 2894 
2890 2894 2913 2914 2895 
2891 2895 2914 2915 2896 
2892 2896 2915 2916 2897 
2893 2897 2916 2917 2898 
2894 2898 2917 2918 2899 
2895 2899 2918 2919 2900 
2896 2900 2919 2920 2901 
2897 2901 2920 2921 2902 
2898 2902 2921 2922 2903 
2899 2903 2922 2923 2904 
2900 2904 2923 303 304 
2901 239 240 2924 2905 
2902 2905 2924 2925 2906 
2903 2906 2925 2926 2907 
2904 2907 2926 2927 2908 
2905 2908 2927 2928 2909 
2906 2909 2928 2929 2910 
2907 2910 2929 2930 2911 
2908 2911 2930 2931 2912 
2909 2912 2931 2932 2913 
2910 2913 2932 2933 2914 
2911 2914 2933 2934 2915 
2912 2915 2934 2935 2916 
2913 2916 2935 2936 2917 
2914 2917 2936 2937 2918 
2915 2918 2937 2938 2919 
2916 2919 2938 2939 2920 
2917 2920 2939 2940 2921 
2918 2921 2940 2941 2922 
2919 2922 2941 2942 2923 
2920 2923 2942 302 303 
2921 240 241 2943 2924 
2922 2924 2943 2944 2925 
2923 2925 2944 2945 2926 
2924 2926 2945 2946 2927 
2925 2927 2946 2947 2928 
2926 2928 2947 2948 2929 
2927 2929 2948 2949 2930 
2928 2930 2949 2950 2931 
2929 2931 2950 2951 2932 
2930 2932 2951 2952 2933 
2931 2933 2952 2953 2934 
2932 2934 2953 2954 2935 
2933 2935 2954 2955 2936 
2934 2936 2955 2956 2937 
2935 2937 2956 2957 2938 
2936 2938 2957 2958 2939 
2937 2939 2958 2959 2940 
2938 2940 2959 2960 2941 
2939 2941 2960 2961 2942 
2940 2942 2961 301 302 
2941 241 242 2962 2943 
2942 2943 2962 2963 2944 
2943 2944 2963 2964 2945 
2944 2945 2964 2965 2946 
2945 2946 2965 2966 2947 
2946 2947 2966 2967 2948 
2947 2948 2967 2968 2949 
2948 2949 2968 2969 2950 
2949 2950 2969 2970 2951 
2950 2951 2970 2971 2952 
2951 2952 2971 2972 2953 
2952 2953 2972 2973 2954 
2953 2954 2973 2974 2955 
2954 2955 2974 2975 2956 
2955 2956 2975 2976 2957 
2956 2957 2976 2977 2958 
2957 2958 2977 2978 2959 
2958 2959 2978 2979 2960 
2959 2960 2979 2980 2961 
2960 2961 2980 300 301 
2961 242 243 2981 2962 
2962 2962 2981 2982 2963 
2963 2963 2982 2983 2964 
2964 2964 2983 2984 2965 
2965 2965 2984 2985 2966 
2966 2966 2985 2986 2967 
2967 2967 2986 2987 2968 
2968 2968 2987 2988 2969 
2969 2969 2988 2989 2970 
2970 2970 2989 2990 2971 
2971 2971 2990 2991 2972 
2972 2972 2991 2992 2973 
2973 2973 2992 2993 2974 
2974 2974 2993 2994 2975 
2975 2975 2994 2995 2976 
2976 2976 2995 2996 2977 
2977 2977 2996 2997 2978 
2978 2978 2997 2998 2979 
2979 2979 2998 2999 2980 
2980 2980 2999 299 300 
2981 243 244 3000 2981 
2982 2981 3000 3001 2982 
2983 2982 3001 3002 2983 
2984 2983 3002 3003 2984 
2985 2984 3003 3004 2985 
2986 2985 3004 3005 2986 
2987 2986 3005 3006 2987 
2988 2987 3006 3007 2988 
2989 2988 3007 3008 2989 
2990 2989 3008 3009 2990 
2991 2990 3009 3010 2991 
2992 2991 3010 3011 2992 
2993 2992 3011 3012 2993 
2994 2993 3012 3013 2994 
2995 2994 3013 3014 2995 
2996 2995 3014 3015 2996 
2997 2996 3015 3016 2997 
2998 2997 3016 3017 2998 
2999 2998 3017 3018 2999 
3000 2999 3018 298 299 
3001 244 245 3019 3000 
3002 3000 3019 3020 3001 
3003 3001 3020 3021 3002 
3004 3002 3021 3022 3003 
3005 3003 3022 3023 3004 
3006 3004 3023 3024 3005 
3007 3005 3024 3025 3006 
3008 3006 3025 3026 3007 
3009 3007 3026 3027 3008 
3010 3008 3027 3028 3009 
3011 3009 3028 3029 3010 
3012 3010 3029 3030 3011 
3013 3011 3030 3031 3012 
3014 3012 3031 3032 3013 
3015 3013 3032 3033 3014 
3016 3014 3033 3034 3015 
3017 3015 3034 3035 3016 
3018 3016 3035 3036 3017 
3019 3017 3036 3037 3018 
3020 3018 3037 297 298 
3021 245 246 3038 3019 
3022 3019 3038 3039 3020 
3023 3020 3039 3040 3021 
3024 3021 3040 3041 3022 
3025 3022 3041 3042 3023 
3026 3023 3042 3043 3024 
3027 3024 3043 3044 3025 
3028 3025 3044 3045 3026 
3029 3026 3045 3046 3027 
3030 3027 3046 3047 3028 
3031 3028 3047 3048 3029 
3032 3029 3048 3049 3030 
3033 3030 3049 3050 3031 
3034 3031 3050 3051 3032 
3035 3032 3051 3052 3033 
3036 3033 3052 3053 3034 
3037 3034 3053 3054 3035 
3038 3035 3054 3055 3036 
3039 3036 3055 3056 3037 
3040 3037 3056 296 297 
3041 246 247 3057 3038 
3042 3038 3057 3058 3039 
3043 3039 3058 3059 3040 
3044 3040 3059 3060 3041 
3045 3041 3060 3061 3042 
3046 3042 3061 3062 3043 
3047 3043 3062 3063 3044 
3048 3044 3063 3064 3045 
3049 3045 3064 3065 3046 
3050 3046 3065 3066 3047 
3051 3047 3066 3067 3048 
3052 3048 3067 3068 3049 
3053 3049 3068 3069 3050 
3054 3050 3069 3070 3051 
3055 3051 3070 3071 3052 
3056 3052 3071 3072 3053 
3057 3053 3072 3073 3054 
3058 3054 3073 3074 3055 
3059 3055 3074 3075 3056 
3060 3056 3075 295 296 
3061 247 248 3076 3057 
3062 3057 3076 3077 3058 
3063 3058 3077 3078 3059 
3064 3059 3078 3079 3060 
3065 3060 3079 3080 3061 
3066 3061 3080 3081 3062 
3067 3062 3081 3082 3063 
3068 3063 3082 3083 3064 
3069 3064 3083 3084 3065 
3070 3065 3084 3085 3066 
3071 3066 3085 3086 3067 
3072 3067 3086 3087 3068 
3073 3068 3087 3088 3069 
3074 3069 3088 3089 3070 
3075 3070 3089 3090 3071 
3076 3071 3090 3091 3072 
3077 3072 3091 3092 3073 
3078 3073 3092 3093 3074 
3079 3074 3093 3094 3075 
3080 3075 3094 294 295 
3081 248 249 3095 3076 
3082 3076 3095 3096 3077 
3083 3077 3096 3097 3078 
3084 3078 3097 3098 3079 
3085 3079 3098 3099 3080 
3086 3080 3099 3100 3081 
3087 3081 3100 3101 3082 
3088 3082 3101 3102 3083 
3089 3083 3102 3103 3084 
3090 3084 3103 3104 3085 
3091 3085 3104 3105 3086 
3092 3086 3105 3106 3087 
3093 3087 3106 3107 3088 
3094 3088 3107 3108 3089 
3095 3089 3108 3109 3090 
3096 3090 3109 3110 3091 
3097 3091 3110 3111 3092 
3098 3092 3111 3112 3093 
3099 3093 3112 3113 3094 
3100 3094 3113 293 294 
3101 249 250 3114 3095 
3102 3095 3114 3115 3096 
3103 3096 3115 3116 3097 
3104 3097 3116 3117 3098 
3105 3098 3117 3118 3099 
3106 3099 3118 3119 3100 
3107 3100 3119 3120 3101 
3108 3101 3120 3121 3102 
3109 3102 3121 3122 3103 
3110 3103 3122 3123 3104 
3111 3104 3123 3124 3105 
3112 3105 3124 3125 3106 
3113 3106 3125 3126 3107 
3114 3107 3126 3127 3108 
3115 3108 3127 3128 3109 
3116 3109 3128 3129 3110 
3117 3110 3129 3130 3111 
3118 3111 3130 3131 3112 
3119 3112 3131 3132 3113 
3120 3113 3132 292 293 
3121 250 251 3133 3114 
3122 3114 3133 3134 3115 
3123 3115 3134 3135 3116 
3124 3116 3135 3136 3117 
3125 3117 3136 3137 3118 
3126 3118 3137 3138 3119 
3127 3119 3138 3139 3120 
3128 3120 3139 3140 3121 
3129 3121 3140 3141 3122 
3130 3122 3141 3142 3123 
3131 3123 3142 3143 3124 
3132 3124 3143 3144 3125 
3133 3125 3144 3145 3126 
3134 3126 3145 3146 3127 
3135 3127 3146 3147 3128 
3136 3128 3147 3148 3129 
3137 3129 3148 3149 3130 
3138 3130 3149 3150 3131 
3139 3131 3150 3151 3132 
3140 3132 3151 291 292 
3141 251 252 3152 3133 
3142 3133 3152 3153 3134 
3143 3134 3153 3154 3135 
3144 3135 3154 3155 3136 
3145 3136 3155 3156 3137 
3146 3137 3156 3157 3138 
3147 3138 3157 3158 3139 
3148 3139 3158 3159 3140 
3149 3140 3159 3160 3141 
3150 3141 3160 3161 3142 
3151 3142 3161 3162 3143 
3152 3143 3162 3163 3144 
3153 3144 3163 3164 3145 
3154 3145 3164 3165 3146 
3155 3146 3165 3166 3147 
3156 3147 3166 3167 3148 
3157 3148 3167 3168 3149 
3158 3149 3168 3169 3150 
3159 3150 3169 3170 3151 
3160 3151 3170 290 291 
3161 252 253 3171 3152 
3162 3152 3171 3172 3153 
3163 3153 3172 3173 3154 
3164 3154 3173 3174 3155 
3165 3155 3174 3175 3156 
3166 3156 3175 3176 3157 
3167 3157 3176 3177 3158 
3168 3158 3177 3178 3159 
3169 3159 3178 3179 3160 
3170 3160 3179 3180 3161 
3171 3161 3180 3181 3162 
3172 3162 3181 3182 3163 
3173 3163 3182 3183 3164 
3174 3164 3183 3184 3165 
3175 3165 3184 3185 3166 
3176 3166 3185 3186 3167 
3177 3167 3186 3187 3168 
3178 3168 3187 3188 3169 
3179 3169 3188 3189 3170 
3180 3170 3189 289 290 
3181 253 254 3190 3171 
3182 3171 3190 3191 3172 
3183 3172 3191 3192 3173 
3184 3173 3192 3193 3174 
3185 3174 3193 3194 3175 
3186 3175 3194 3195 3176 
3187 3176 3195 3196 3177 
3188 3177 3196 3197 3178 
3189 3178 3197 3198 3179 
3190 3179 3198 3199 3180 
3191 3180 3199 3200 3181 
3192 3181 3200 3201 3182 
3193 3182 3201 3202 3183 
3194 3183 3202 3203 3184 
3195 3184 3203 3204 3185 
3196 3185 3204 3205 3186 
3197 3186 3205 3206 3187 
3198 3187 3206 3207 3188 
3199 3188 3207 3208 3189 
3200 3189 3208 288 289 
3201 254 255 3209 3190 
3202 3190 3209 3210 3191 
3203 3191 3210 3211 3192 
3204 3192 3211 3212 3193 
3205 3193 3212 3213 3194 
3206 3194 3213 3214 3195 
3207 3195 3214 3215 3196 
3208 3196 3215 3216 3197 
3209 3197 3216 3217 3198 
3210 3198 3217 3218 3199 
3211 3199 3218 3219 3200 
3212 3200 3219 3220 3201 
3213 3201 3220 3221 3202 
3214 3202 3221 3222 3203 
3215 3203 3222 3223 3204 
3216 3204 3223 3224 3205 
3217 3205 3224 3225 3206 
3218 3206 3225 3226 3207 
3219 3207 3226 3227 3208 
3220 3208 3227 287 288 
3221 255 256 3228 3209 
3222 3209 3228 3229 3210 
3223 3210 3229 3230 3211 
3224 3211 3230 3231 3212 
3225 3212 3231 3232 3213 
3226 3213 3232 3233 3214 
3227 3214 3233 3234 3215 
3228 3215 3234 3235 3216 
3229 3216 3235 3236 3217 
3230 3217 3236 3237 3218 
3231 3218 3237 3238 3219 
3232 3219 3238 3239 3220 
3233 3220 3239 3240 3221 
3234 3221 3240 3241 3222 
3235 3222 3241 3242 3223 
3236 3223 3242 3243 3224 
3237 3224 3243 3244 3225 
3238 3225 3244 3245 3226 
3239 3226 3245 3246 3227 
3240 3227 3246 286 287 
3241 256 257 3247 3228 
3242 3228 3247 3248 3229 
3243 3229 3248 3249 3230 
3244 3230 3249 3250 3231 
3245 3231 3250 3251 3232 
3246 3232 3251 3252 3233 
3247 3233 3252 3253 3234 
3248 3234 3253 3254 3235 
3249 3235 3254 3255 3236 
3250 3236 3255 3256 3237 
3251 3237 3256 3257 3238 
3252 3238 3257 3258 3239 
3253 3239 3258 3259 3240 
3254 3240 3259 3260 3241 
3255 3241 3260 3261 3242 
3256 3242 3261 3262 3243 
3257 3243 3262 3263 3244 
3258 3244 3263 3264 3245 
3259 3245 3264 3265 3246 
3260 3246 3265 285 286 
3261 257 258 3266 3247 
3262 3247 3266 3267 3248 
3263 3248 3267 3268 3249 
3264 3249 3268 3269 3250 
3265 3250 3269 3270 3251 
3266 3251 3270 3271 3252 
3267 3252 3271 3272 3253 
3268 3253 3272 3273 3254 
3269 3254 3273 3274 3255 
3270 3255 3274 3275 3256 
3271 3256 3275 3276 3257 
3272 3257 3276 3277 3258 
3273 3258 3277 3278 3259 
3274 3259 3278 3279 3260 
3275 3260 3279 3280 3261 
3276 3261 3280 3281 3262 
3277 3262 3281 3282 3263 
3278 3263 3282 3283 3264 
3279 3264 3283 3284 3265 
3280 3265 3284 284 285 
3281 258 259 3285 3266 
3282 3266 3285 3286 3267 
3283 3267 3286 3287 3268 
3284 3268 3287 3288 3269 
3285 3269 3288 3289 3270 
3286 3270 3289 3290 3271 
3287 3271 3290 3291 3272 
3288 3272 3291 3292 3273 
3289 3273 3292 3293 3274 
3290 3274 3293 3294 3275 
3291 3275 3294 3295 3276 
3292 3276 3295 3296 3277 
3293 3277 3296 3297 3278 
3294 3278 3297 3298 3279 
3295 3279 3298 3299 3280 
3296 3280 3299 3300 3281 
3297 3281 3300 3301 3282 
3298 3282 3301 3302 3283 
3299 3283 3302 3303 3284 
3300 3284 3303 283 284 
3301 259 260 3304 3285 
3302 3285 3304 3305 3286 
3303 3286 3305 3306 3287 
3304 3287 3306 3307 3288 
3305 3288 3307 3308 3289 
3306 3289 3308 3309 3290 
3307 3290 3309 3310 3291 
3308 3291 3310 3311 3292 
3309 3292 3311 3312 3293 
3310 3293 3312 3313 3294 
3311 3294 3313 3314 3295 
3312 3295 3314 3315 3296 
3313 3296 3315 3316 3297 
3314 3297 3316 3317 3298 
3315 3298 3317 3318 3299 
3316 3299 3318 3319 3300 
3317 3300 3319 3320 3301 
3318 3301 3320 3321 3302 
3319 3302 3321 3322 3303 
3320 3303 3322 282 283 
3321 260 261 3323 3304 
3322 3304 3323 3324 3305 
3323 3305 3324 3325 3306 
3324 3306 3325 3326 3307 
3325 3307 3326 3327 3308 
3326 3308 3327 3328 3309 
3327 3309 3328 3329 3310 
3328 3310 3329 3330 3311 
3329 3311 3330 3331 3312 
3330 3312 3331 3332 3313 
3331 3313 3332 3333 3314 
3332 3314 3333 3334 3315 
3333 3315 3334 3335 3316 
3334 3316 3335 3336 3317 
3335 3317 3336 3337 3318 
3336 3318 3337 3338 3319 
3337 3319 3338 3339 3320 
3338 3320 3339 3340 3321 
3339 3321 3340 3341 3322 
3340 3322 3341 281 282 
3341 261 7 262 3323 
3342 3323 262 263 3324 
3343 3324 263 264 3325 
3344 3325 264 265 3326 
3345 3326 265 266 3327 
3346 3327 266 267 3328 
3347 3328 267 268 3329 
3348 3329 268 269 3330 
3349 3330 269 270 3331 
3350 3331 270 271 3332 
3351 3332 271 272 3333 
3352 3333 272 273 3334 
3353 3334 273 274 3335 
3354 3335 274 275 3336 
3355 3336 275 276 3337 
3356 3337 276 277 3338 
3357 3338 277 278 3339 
3358 3339 278 279 3340 
3359 3340 279 280 3341 
3360 3341 280 8 281 
$EndElements
=======
$MeshFormat
4.1 0 8
$EndMeshFormat
$PhysicalNames
4
1 1 "Fix_110"
1 2 "Fix_100"
2 3 "Slope"
2 4 "Foundation"
$EndPhysicalNames
$Entities
8 10 3 0
1 0 0 0 0 
2 32 0 0 0 
3 12 10 0 0 
4 0 10 0 0 
5 0 -5 1 0 
6 32 -5 1 0 
7 52 -5 1 0 
8 52 0 1 0 
1 0 0 0 32 0 0 0 2 1 -2 
2 12 0 0 32 10 0 0 2 2 -3 
3 0 10 0 12 10 0 0 2 3 -4 
4 0 0 0 0 10 0 1 2 2 1 -4 
5 0 -5 0 0 0 1 1 2 2 5 -1 
6 0 -5 1 32 -5 1 1 1 2 5 -6 
7 32 -5 1 52 -5 1 1 1 2 6 -7 
8 52 -5 1 52 0 1 1 2 2 7 -8 
9 32 0 0 52 0 1 0 2 8 -2 
10 32 -5 0 32 0 1 0 2 6 -2 
1 0 0 0 32 10 0 1 3 4 1 2 3 -4 
2 0 -5 0 32 0 1 1 4 4 6 10 -1 -5 
3 32 -5 0 52 0 1 1 4 4 7 8 9 -10 
$EndEntities
$Nodes
21 3341 1 3341
0 1 0 1
1
0 0 0
0 2 0 1
2
32 0 0
0 3 0 1
3
12 10 0
0 4 0 1
4
0 10 0
0 5 0 1
5
0 -5 1
0 6 0 1
6
32 -5 1
0 7 0 1
7
52 -5 1
0 8 0 1
8
52 0 1
1 1 0 39
9
10
11
12
13
14
15
16
17
18
19
20
21
22
23
24
25
26
27
28
29
30
31
32
33
34
35
36
37
38
39
40
41
42
43
44
45
46
47
0.7999999999984876 0 0
1.599999999996781 0 0
2.399999999995278 0 0
3.199999999994052 0 0
3.99999999999274 0 0
4.799999999990492 0 0
5.599999999988157 0 0
6.399999999985821 0 0
7.199999999983486 0 0
7.99999999998115 0 0
8.799999999978816 0 0
9.599999999976481 0 0
10.39999999997415 0 0
11.19999999997181 0 0
11.99999999996948 0 0
12.79999999996714 0 0
13.5999999999648 0 0
14.39999999996247 0 0
15.19999999996013 0 0
15.99999999995815 0 0
16.79999999995991 0 0
17.59999999996202 0 0
18.39999999996413 0 0
19.19999999996624 0 0
19.99999999996835 0 0
20.79999999997046 0 0
21.59999999997257 0 0
22.39999999997468 0 0
23.19999999997679 0 0
23.9999999999789 0 0
24.79999999998101 0 0
25.59999999998312 0 0
26.39999999998523 0 0
27.19999999998734 0 0
27.99999999998945 0 0
28.79999999999156 0 0
29.59999999999367 0 0
30.39999999999578 0 0
31.19999999999789 0 0
1 2 0 39
48
49
50
51
52
53
54
55
56
57
58
59
60
61
62
63
64
65
66
67
68
69
70
71
72
73
74
75
76
77
78
79
80
81
82
83
84
85
86
31.50000000000007 0.2499999999999642 0
31.00000000000018 0.4999999999999111 0
30.50000000000025 0.749999999999874 0
30.00000000000032 0.9999999999998395 0
29.50000000000041 1.249999999999796 0
29.00000000000068 1.49999999999966 0
28.50000000000097 1.749999999999515 0
28.00000000000126 1.99999999999937 0
27.50000000000155 2.249999999999225 0
27.00000000000184 2.49999999999908 0
26.50000000000213 2.749999999998935 0
26.00000000000242 2.999999999998789 0
25.50000000000271 3.249999999998645 0
25.000000000003 3.499999999998499 0
24.50000000000329 3.749999999998354 0
24.00000000000357 3.999999999998216 0
23.50000000000347 4.249999999998265 0
23.00000000000332 4.499999999998342 0
22.50000000000316 4.749999999998419 0
22.00000000000301 4.999999999998495 0
21.50000000000286 5.24999999999857 0
21.00000000000271 5.499999999998646 0
20.50000000000256 5.749999999998722 0
20.00000000000241 5.999999999998797 0
19.50000000000226 6.249999999998872 0
19.00000000000211 6.499999999998947 0
18.50000000000196 6.749999999999021 0
18.0000000000018 6.999999999999098 0
17.50000000000166 7.249999999999172 0
17.00000000000151 7.499999999999247 0
16.50000000000135 7.749999999999323 0
16.0000000000012 7.999999999999398 0
15.50000000000105 8.249999999999474 0
15.0000000000009 8.499999999999549 0
14.50000000000075 8.749999999999623 0
14.0000000000006 8.999999999999698 0
13.50000000000045 9.249999999999774 0
13.0000000000003 9.499999999999849 0
12.50000000000015 9.749999999999924 0
1 3 0 39
87
88
89
90
91
92
93
94
95
96
97
98
99
100
101
102
103
104
105
106
107
108
109
110
111
112
113
114
115
116
117
118
119
120
121
122
123
124
125
11.7000000000036 10 0
11.4000000000072 10 0
11.10000000000858 10 0
10.80000000000774 10 0
10.50000000000724 10 0
10.20000000001049 10 0
9.900000000012845 10 0
9.600000000012002 10 0
9.300000000011163 10 0
9.000000000010321 10 0
8.700000000009481 10 0
8.400000000008639 10 0
8.1000000000078 10 0
7.800000000008554 10 0
7.500000000009931 10 0
7.200000000011308 10 0
6.900000000012687 10 0
6.600000000014065 10 0
6.300000000015443 10 0
6.000000000016648 10 0
5.70000000001598 10 0
5.400000000015139 10 0
5.100000000014298 10 0
4.800000000013457 10 0
4.500000000012617 10 0
4.200000000011776 10 0
3.900000000010934 10 0
3.600000000010095 10 0
3.300000000009252 10 0
3.000000000008411 10 0
2.70000000000757 10 0
2.400000000006729 10 0
2.100000000005888 10 0
1.800000000005047 10 0
1.500000000004206 10 0
1.200000000003365 10 0
0.9000000000025246 10 0
0.6000000000016836 10 0
0.3000000000008409 10 0
1 4 0 39
126
127
128
129
130
131
132
133
134
135
136
137
138
139
140
141
142
143
144
145
146
147
148
149
150
151
152
153
154
155
156
157
158
159
160
161
162
163
164
0 0.2499999999998189 0
0 0.499999999999551 0
0 0.7499999999993633 0
0 0.9999999999991888 0
0 1.249999999998971 0
0 1.499999999998284 0
0 1.749999999997554 0
0 1.999999999996824 0
0 2.249999999996094 0
0 2.499999999995364 0
0 2.749999999994634 0
0 2.999999999993903 0
0 3.249999999993173 0
0 3.499999999992442 0
0 3.749999999991713 0
0 3.999999999991017 0
0 4.249999999991259 0
0 4.499999999991639 0
0 4.749999999992019 0
0 4.999999999992399 0
0 5.249999999992778 0
0 5.499999999993159 0
0 5.749999999993539 0
0 5.99999999999392 0
0 6.249999999994299 0
0 6.499999999994679 0
0 6.74999999999506 0
0 6.999999999995438 0
0 7.24999999999582 0
0 7.499999999996199 0
0 7.749999999996579 0
0 7.99999999999696 0
0 8.249999999997339 0
0 8.499999999997719 0
0 8.749999999998099 0
0 8.999999999998479 0
0 9.24999999999886 0
0 9.49999999999924 0
0 9.74999999999962 0
1 5 0 19
165
166
167
168
169
170
171
172
173
174
175
176
177
178
179
180
181
182
183
0 -4.749999999999959 0.9499999999999919
0 -4.499999999999919 0.8999999999999838
0 -4.249999999999932 0.8499999999999863
0 -3.999999999999998 0.7999999999999996
0 -3.750000000000065 0.7500000000000129
0 -3.500000000000131 0.7000000000000262
0 -3.250000000000196 0.6500000000000392
0 -3.000000000000261 0.6000000000000523
0 -2.750000000000327 0.5500000000000653
0 -2.500000000000389 0.5000000000000777
0 -2.250000000000353 0.4500000000000707
0 -2.000000000000314 0.4000000000000629
0 -1.750000000000275 0.350000000000055
0 -1.500000000000235 0.3000000000000471
0 -1.250000000000196 0.2500000000000393
0 -1.000000000000157 0.2000000000000315
0 -0.7500000000001181 0.1500000000000236
0 -0.500000000000079 0.1000000000000157
0 -0.2500000000000391 0.05000000000000782
1 6 0 39
184
185
186
187
188
189
190
191
192
193
194
195
196
197
198
199
200
201
202
203
204
205
206
207
208
209
210
211
212
213
214
215
216
217
218
219
220
221
222
0.7999999999984876 -5 1
1.599999999996781 -5 1
2.399999999995278 -5 1
3.199999999994052 -5 1
3.99999999999274 -5 1
4.799999999990492 -5 1
5.599999999988157 -5 1
6.399999999985821 -5 1
7.199999999983486 -5 1
7.99999999998115 -5 1
8.799999999978816 -5 1
9.599999999976481 -5 1
10.39999999997415 -5 1
11.19999999997181 -5 1
11.99999999996948 -5 1
12.79999999996714 -5 1
13.5999999999648 -5 1
14.39999999996247 -5 1
15.19999999996013 -5 1
15.99999999995815 -5 1
16.79999999995991 -5 1
17.59999999996202 -5 1
18.39999999996413 -5 1
19.19999999996624 -5 1
19.99999999996835 -5 1
20.79999999997046 -5 1
21.59999999997257 -5 1
22.39999999997468 -5 1
23.19999999997679 -5 1
23.9999999999789 -5 1
24.79999999998101 -5 1
25.59999999998312 -5 1
26.39999999998523 -5 1
27.19999999998734 -5 1
27.99999999998945 -5 1
28.79999999999156 -5 1
29.59999999999367 -5 1
30.39999999999578 -5 1
31.19999999999789 -5 1
1 7 0 39
223
224
225
226
227
228
229
230
231
232
233
234
235
236
237
238
239
240
241
242
243
244
245
246
247
248
249
250
251
252
253
254
255
256
257
258
259
260
261
32.5 -5 1
33 -5 1
33.5 -5 1
34 -5 1
34.5 -5 1
35.00000000000001 -5 1
35.50000000000001 -5 1
36.00000000000001 -5 1
36.50000000000001 -5 1
37.00000000000001 -5 1
37.50000000000001 -5 1
38.00000000000001 -5 1
38.50000000000001 -5 1
39.00000000000001 -5 1
39.50000000000001 -5 1
40.00000000000001 -5 1
40.50000000000001 -5 1
41.00000000000001 -5 1
41.50000000000001 -5 1
42.00000000000001 -5 1
42.50000000000001 -5 1
43.00000000000001 -5 1
43.50000000000001 -5 1
44.00000000000001 -5 1
44.5 -5 1
45.00000000000001 -5 1
45.50000000000001 -5 1
46 -5 1
46.5 -5 1
47 -5 1
47.5 -5 1
48 -5 1
48.5 -5 1
49 -5 1
49.5 -5 1
50 -5 1
50.5 -5 1
51 -5 1
51.5 -5 1
1 8 0 19
262
263
264
265
266
267
268
269
270
271
272
273
274
275
276
277
278
279
280
52 -4.75 1
52 -4.499999999999999 1
52 -4.249999999999999 1
52 -3.999999999999998 1
52 -3.749999999999997 1
52 -3.499999999999997 1
52 -3.249999999999998 1
52 -2.999999999999998 1
52 -2.749999999999998 1
52 -2.499999999999998 1
52 -2.249999999999999 1
52 -1.999999999999998 1
52 -1.749999999999999 1
52 -1.499999999999999 1
52 -1.249999999999999 1
52 -0.9999999999999991 1
52 -0.75 1
52 -0.4999999999999991 1
52 -0.25 1
1 9 0 39
281
282
283
284
285
286
287
288
289
290
291
292
293
294
295
296
297
298
299
300
301
302
303
304
305
306
307
308
309
310
311
312
313
314
315
316
317
318
319
51.49999999999999 0 0.9749999999999998
50.99999999999999 0 0.9499999999999996
50.49999999999999 0 0.9249999999999994
49.99999999999999 0 0.8999999999999992
49.49999999999999 0 0.8749999999999991
48.99999999999999 0 0.8499999999999995
48.5 0 0.8250000000000001
48.00000000000001 0 0.8000000000000007
47.50000000000002 0 0.7750000000000012
47.00000000000004 0 0.7500000000000017
46.50000000000004 0 0.7250000000000023
46.00000000000006 0 0.7000000000000027
45.50000000000006 0 0.6750000000000034
45.00000000000008 0 0.6500000000000038
44.50000000000009 0 0.6250000000000044
44.0000000000001 0 0.600000000000005
43.50000000000011 0 0.5750000000000054
43.00000000000012 0 0.550000000000006
42.50000000000013 0 0.5250000000000065
42.00000000000014 0 0.5000000000000069
41.50000000000014 0 0.4750000000000068
41.00000000000013 0 0.4500000000000064
40.50000000000012 0 0.4250000000000059
40.00000000000011 0 0.4000000000000056
39.50000000000011 0 0.3750000000000052
39.0000000000001 0 0.350000000000005
38.50000000000009 0 0.3250000000000046
38.00000000000009 0 0.3000000000000042
37.50000000000008 0 0.2750000000000038
37.00000000000007 0 0.2500000000000036
36.50000000000006 0 0.2250000000000032
36.00000000000006 0 0.2000000000000028
35.50000000000004 0 0.1750000000000024
35.00000000000004 0 0.150000000000002
34.50000000000004 0 0.1250000000000018
34.00000000000003 0 0.1000000000000014
33.50000000000002 0 0.07500000000000107
33.00000000000001 0 0.0500000000000006
32.50000000000001 0 0.02500000000000036
1 10 0 19
320
321
322
323
324
325
326
327
328
329
330
331
332
333
334
335
336
337
338
32 -4.749999999999959 0.9499999999999919
32 -4.499999999999919 0.8999999999999838
32 -4.249999999999932 0.8499999999999863
32 -3.999999999999998 0.7999999999999996
32 -3.750000000000065 0.7500000000000129
32 -3.500000000000131 0.7000000000000262
32 -3.250000000000196 0.6500000000000392
32 -3.000000000000261 0.6000000000000523
32 -2.750000000000327 0.5500000000000653
32 -2.500000000000389 0.5000000000000777
32 -2.250000000000353 0.4500000000000707
32 -2.000000000000314 0.4000000000000629
32 -1.750000000000275 0.350000000000055
32 -1.500000000000235 0.3000000000000471
32 -1.250000000000196 0.2500000000000393
32 -1.000000000000157 0.2000000000000315
32 -0.7500000000001181 0.1500000000000236
32 -0.500000000000079 0.1000000000000157
32 -0.2500000000000391 0.05000000000000782
2 1 0 1521
339
340
341
342
343
344
345
346
347
348
349
350
351
352
353
354
355
356
357
358
359
360
361
362
363
364
365
366
367
368
369
370
371
372
373
374
375
376
377
378
379
380
381
382
383
384
385
386
387
388
389
390
391
392
393
394
395
396
397
398
399
400
401
402
403
404
405
406
407
408
409
410
411
412
413
414
415
416
417
418
419
420
421
422
423
424
425
426
427
428
429
430
431
432
433
434
435
436
437
438
439
440
441
442
443
444
445
446
447
448
449
450
451
452
453
454
455
456
457
458
459
460
461
462
463
464
465
466
467
468
469
470
471
472
473
474
475
476
477
478
479
480
481
482
483
484
485
486
487
488
489
490
491
492
493
494
495
496
497
498
499
500
501
502
503
504
505
506
507
508
509
510
511
512
513
514
515
516
517
518
519
520
521
522
523
524
525
526
527
528
529
530
531
532
533
534
535
536
537
538
539
540
541
542
543
544
545
546
547
548
549
550
551
552
553
554
555
556
557
558
559
560
561
562
563
564
565
566
567
568
569
570
571
572
573
574
575
576
577
578
579
580
581
582
583
584
585
586
587
588
589
590
591
592
593
594
595
596
597
598
599
600
601
602
603
604
605
606
607
608
609
610
611
612
613
614
615
616
617
618
619
620
621
622
623
624
625
626
627
628
629
630
631
632
633
634
635
636
637
638
639
640
641
642
643
644
645
646
647
648
649
650
651
652
653
654
655
656
657
658
659
660
661
662
663
664
665
666
667
668
669
670
671
672
673
674
675
676
677
678
679
680
681
682
683
684
685
686
687
688
689
690
691
692
693
694
695
696
697
698
699
700
701
702
703
704
705
706
707
708
709
710
711
712
713
714
715
716
717
718
719
720
721
722
723
724
725
726
727
728
729
730
731
732
733
734
735
736
737
738
739
740
741
742
743
744
745
746
747
748
749
750
751
752
753
754
755
756
757
758
759
760
761
762
763
764
765
766
767
768
769
770
771
772
773
774
775
776
777
778
779
780
781
782
783
784
785
786
787
788
789
790
791
792
793
794
795
796
797
798
799
800
801
802
803
804
805
806
807
808
809
810
811
812
813
814
815
816
817
818
819
820
821
822
823
824
825
826
827
828
829
830
831
832
833
834
835
836
837
838
839
840
841
842
843
844
845
846
847
848
849
850
851
852
853
854
855
856
857
858
859
860
861
862
863
864
865
866
867
868
869
870
871
872
873
874
875
876
877
878
879
880
881
882
883
884
885
886
887
888
889
890
891
892
893
894
895
896
897
898
899
900
901
902
903
904
905
906
907
908
909
910
911
912
913
914
915
916
917
918
919
920
921
922
923
924
925
926
927
928
929
930
931
932
933
934
935
936
937
938
939
940
941
942
943
944
945
946
947
948
949
950
951
952
953
954
955
956
957
958
959
960
961
962
963
964
965
966
967
968
969
970
971
972
973
974
975
976
977
978
979
980
981
982
983
984
985
986
987
988
989
990
991
992
993
994
995
996
997
998
999
1000
1001
1002
1003
1004
1005
1006
1007
1008
1009
1010
1011
1012
1013
1014
1015
1016
1017
1018
1019
1020
1021
1022
1023
1024
1025
1026
1027
1028
1029
1030
1031
1032
1033
1034
1035
1036
1037
1038
1039
1040
1041
1042
1043
1044
1045
1046
1047
1048
1049
1050
1051
1052
1053
1054
1055
1056
1057
1058
1059
1060
1061
1062
1063
1064
1065
1066
1067
1068
1069
1070
1071
1072
1073
1074
1075
1076
1077
1078
1079
1080
1081
1082
1083
1084
1085
1086
1087
1088
1089
1090
1091
1092
1093
1094
1095
1096
1097
1098
1099
1100
1101
1102
1103
1104
1105
1106
1107
1108
1109
1110
1111
1112
1113
1114
1115
1116
1117
1118
1119
1120
1121
1122
1123
1124
1125
1126
1127
1128
1129
1130
1131
1132
1133
1134
1135
1136
1137
1138
1139
1140
1141
1142
1143
1144
1145
1146
1147
1148
1149
1150
1151
1152
1153
1154
1155
1156
1157
1158
1159
1160
1161
1162
1163
1164
1165
1166
1167
1168
1169
1170
1171
1172
1173
1174
1175
1176
1177
1178
1179
1180
1181
1182
1183
1184
1185
1186
1187
1188
1189
1190
1191
1192
1193
1194
1195
1196
1197
1198
1199
1200
1201
1202
1203
1204
1205
1206
1207
1208
1209
1210
1211
1212
1213
1214
1215
1216
1217
1218
1219
1220
1221
1222
1223
1224
1225
1226
1227
1228
1229
1230
1231
1232
1233
1234
1235
1236
1237
1238
1239
1240
1241
1242
1243
1244
1245
1246
1247
1248
1249
1250
1251
1252
1253
1254
1255
1256
1257
1258
1259
1260
1261
1262
1263
1264
1265
1266
1267
1268
1269
1270
1271
1272
1273
1274
1275
1276
1277
1278
1279
1280
1281
1282
1283
1284
1285
1286
1287
1288
1289
1290
1291
1292
1293
1294
1295
1296
1297
1298
1299
1300
1301
1302
1303
1304
1305
1306
1307
1308
1309
1310
1311
1312
1313
1314
1315
1316
1317
1318
1319
1320
1321
1322
1323
1324
1325
1326
1327
1328
1329
1330
1331
1332
1333
1334
1335
1336
1337
1338
1339
1340
1341
1342
1343
1344
1345
1346
1347
1348
1349
1350
1351
1352
1353
1354
1355
1356
1357
1358
1359
1360
1361
1362
1363
1364
1365
1366
1367
1368
1369
1370
1371
1372
1373
1374
1375
1376
1377
1378
1379
1380
1381
1382
1383
1384
1385
1386
1387
1388
1389
1390
1391
1392
1393
1394
1395
1396
1397
1398
1399
1400
1401
1402
1403
1404
1405
1406
1407
1408
1409
1410
1411
1412
1413
1414
1415
1416
1417
1418
1419
1420
1421
1422
1423
1424
1425
1426
1427
1428
1429
1430
1431
1432
1433
1434
1435
1436
1437
1438
1439
1440
1441
1442
1443
1444
1445
1446
1447
1448
1449
1450
1451
1452
1453
1454
1455
1456
1457
1458
1459
1460
1461
1462
1463
1464
1465
1466
1467
1468
1469
1470
1471
1472
1473
1474
1475
1476
1477
1478
1479
1480
1481
1482
1483
1484
1485
1486
1487
1488
1489
1490
1491
1492
1493
1494
1495
1496
1497
1498
1499
1500
1501
1502
1503
1504
1505
1506
1507
1508
1509
1510
1511
1512
1513
1514
1515
1516
1517
1518
1519
1520
1521
1522
1523
1524
1525
1526
1527
1528
1529
1530
1531
1532
1533
1534
1535
1536
1537
1538
1539
1540
1541
1542
1543
1544
1545
1546
1547
1548
1549
1550
1551
1552
1553
1554
1555
1556
1557
1558
1559
1560
1561
1562
1563
1564
1565
1566
1567
1568
1569
1570
1571
1572
1573
1574
1575
1576
1577
1578
1579
1580
1581
1582
1583
1584
1585
1586
1587
1588
1589
1590
1591
1592
1593
1594
1595
1596
1597
1598
1599
1600
1601
1602
1603
1604
1605
1606
1607
1608
1609
1610
1611
1612
1613
1614
1615
1616
1617
1618
1619
1620
1621
1622
1623
1624
1625
1626
1627
1628
1629
1630
1631
1632
1633
1634
1635
1636
1637
1638
1639
1640
1641
1642
1643
1644
1645
1646
1647
1648
1649
1650
1651
1652
1653
1654
1655
1656
1657
1658
1659
1660
1661
1662
1663
1664
1665
1666
1667
1668
1669
1670
1671
1672
1673
1674
1675
1676
1677
1678
1679
1680
1681
1682
1683
1684
1685
1686
1687
1688
1689
1690
1691
1692
1693
1694
1695
1696
1697
1698
1699
1700
1701
1702
1703
1704
1705
1706
1707
1708
1709
1710
1711
1712
1713
1714
1715
1716
1717
1718
1719
1720
1721
1722
1723
1724
1725
1726
1727
1728
1729
1730
1731
1732
1733
1734
1735
1736
1737
1738
1739
1740
1741
1742
1743
1744
1745
1746
1747
1748
1749
1750
1751
1752
1753
1754
1755
1756
1757
1758
1759
1760
1761
1762
1763
1764
1765
1766
1767
1768
1769
1770
1771
1772
1773
1774
1775
1776
1777
1778
1779
1780
1781
1782
1783
1784
1785
1786
1787
1788
1789
1790
1791
1792
1793
1794
1795
1796
1797
1798
1799
1800
1801
1802
1803
1804
1805
1806
1807
1808
1809
1810
1811
1812
1813
1814
1815
1816
1817
1818
1819
1820
1821
1822
1823
1824
1825
1826
1827
1828
1829
1830
1831
1832
1833
1834
1835
1836
1837
1838
1839
1840
1841
1842
1843
1844
1845
1846
1847
1848
1849
1850
1851
1852
1853
1854
1855
1856
1857
1858
1859
0.7874999999985483 0.2499999999998226 0
0.7749999999986097 0.49999999999956 0
0.7624999999986705 0.7499999999993762 0
0.7499999999987308 0.9999999999992052 0
0.737499999998792 1.249999999998991 0
0.7249999999988574 1.499999999998319 0
0.7124999999989237 1.749999999997603 0
0.6999999999989897 1.999999999996888 0
0.6874999999990556 2.249999999996172 0
0.6749999999991221 2.499999999995457 0
0.6624999999991881 2.749999999994741 0
0.649999999999254 2.999999999994025 0
0.6374999999993199 3.249999999993309 0
0.6249999999993863 3.499999999992594 0
0.6124999999994525 3.749999999991878 0
0.5999999999995181 3.999999999991197 0
0.5874999999995745 4.249999999991432 0
0.5749999999996294 4.499999999991807 0
0.5624999999996845 4.749999999992179 0
0.5499999999997396 4.999999999992552 0
0.5374999999997947 5.249999999992922 0
0.5249999999998497 5.499999999993297 0
0.5124999999999047 5.749999999993668 0
0.4999999999999599 5.999999999994041 0
0.4875000000000148 6.249999999994413 0
0.4750000000000699 6.499999999994787 0
0.462500000000125 6.749999999995159 0
0.45000000000018 6.999999999995531 0
0.4375000000002352 7.249999999995904 0
0.4250000000002903 7.499999999996275 0
0.4125000000003453 7.749999999996646 0
0.4000000000004003 7.999999999997021 0
0.3875000000004555 8.249999999997391 0
0.3750000000005104 8.499999999997765 0
0.3625000000005656 8.749999999998137 0
0.3500000000006206 8.999999999998508 0
0.3375000000006757 9.249999999998883 0
0.3250000000007308 9.499999999999256 0
0.3125000000007859 9.749999999999629 0
1.574999999996907 0.2499999999998261 0
1.549999999997035 0.4999999999995691 0
1.524999999997161 0.7499999999993887 0
1.499999999997287 0.9999999999992211 0
1.474999999997414 1.249999999999012 0
1.44999999999755 1.499999999998353 0
1.424999999997687 1.749999999997652 0
1.399999999997824 1.999999999996951 0
1.374999999997961 2.24999999999625 0
1.349999999998099 2.49999999999555 0
1.324999999998236 2.749999999994848 0
1.299999999998373 2.999999999994147 0
1.27499999999851 3.249999999993447 0
1.249999999998646 3.499999999992745 0
1.224999999998784 3.749999999992045 0
1.19999999999892 3.999999999991377 0
1.174999999999038 4.249999999991609 0
1.149999999999153 4.499999999991974 0
1.124999999999268 4.749999999992338 0
1.099999999999382 4.999999999992705 0
1.074999999999498 5.249999999993068 0
1.049999999999613 5.499999999993433 0
1.024999999999728 5.749999999993799 0
0.999999999999843 5.999999999994163 0
0.9749999999999579 6.249999999994527 0
0.9500000000000729 6.499999999994894 0
0.9250000000001881 6.749999999995259 0
0.9000000000003031 6.999999999995623 0
0.8750000000004181 7.249999999995989 0
0.8500000000005332 7.499999999996351 0
0.8250000000006481 7.749999999996716 0
0.8000000000007632 7.999999999997081 0
0.7750000000008782 8.249999999997447 0
0.7500000000009933 8.499999999997812 0
0.7250000000011083 8.749999999998176 0
0.7000000000012235 8.999999999998538 0
0.6750000000013384 9.249999999998902 0
0.6500000000014536 9.499999999999268 0
0.6250000000015689 9.749999999999636 0
2.362499999995465 0.2499999999998297 0
2.324999999995654 0.499999999999578 0
2.287499999995841 0.7499999999994015 0
2.249999999996026 0.9999999999992375 0
2.212499999996214 1.249999999999032 0
2.174999999996416 1.499999999998388 0
2.137499999996619 1.749999999997702 0
2.099999999996822 1.999999999997015 0
2.062499999997025 2.249999999996329 0
2.024999999997227 2.499999999995643 0
1.987499999997431 2.749999999994956 0
1.949999999997633 2.999999999994269 0
1.912499999997836 3.249999999993582 0
1.87499999999804 3.499999999992896 0
1.837499999998242 3.749999999992211 0
1.799999999998444 3.999999999991557 0
1.762499999998617 4.249999999991783 0
1.724999999998788 4.499999999992142 0
1.687499999998957 4.749999999992498 0
1.649999999999127 4.999999999992855 0
1.612499999999297 5.249999999993213 0
1.574999999999467 5.499999999993571 0
1.537499999999637 5.749999999993928 0
1.499999999999806 5.999999999994285 0
1.462499999999976 6.24999999999464 0
1.425000000000146 6.499999999994999 0
1.387500000000316 6.749999999995357 0
1.350000000000486 6.999999999995711 0
1.312500000000655 7.249999999996072 0
1.275000000000825 7.499999999996426 0
1.237500000000995 7.749999999996784 0
1.200000000001165 7.999999999997144 0
1.162500000001335 8.249999999997497 0
1.125000000001505 8.499999999997856 0
1.087500000001675 8.749999999998215 0
1.050000000001845 8.99999999999857 0
1.012500000002015 9.249999999998929 0
0.9750000000021851 9.499999999999284 0
0.937500000002355 9.749999999999643 0
3.149999999994292 0.2499999999998334 0
3.099999999994536 0.499999999999587 0
3.049999999994776 0.7499999999994142 0
2.999999999995016 0.999999999999254 0
2.949999999995257 1.249999999999053 0
2.899999999995518 1.499999999998422 0
2.849999999995779 1.74999999999775 0
2.799999999996042 1.999999999997078 0
2.749999999996303 2.249999999996407 0
2.699999999996564 2.499999999995735 0
2.649999999996826 2.749999999995063 0
2.599999999997088 2.999999999994392 0
2.54999999999735 3.249999999993719 0
2.499999999997613 3.499999999993048 0
2.449999999997874 3.749999999992378 0
2.399999999998135 3.999999999991736 0
2.349999999998357 4.249999999991958 0
2.299999999998575 4.499999999992308 0
2.249999999998792 4.749999999992657 0
2.19999999999901 4.999999999993007 0
2.149999999999228 5.249999999993357 0
2.099999999999445 5.499999999993709 0
2.049999999999664 5.749999999994058 0
1.999999999999881 5.999999999994407 0
1.950000000000098 6.249999999994756 0
1.900000000000317 6.499999999995107 0
1.850000000000535 6.749999999995456 0
1.800000000000752 6.999999999995804 0
1.75000000000097 7.249999999996156 0
1.700000000001188 7.499999999996505 0
1.650000000001405 7.749999999996852 0
1.600000000001623 7.999999999997204 0
1.550000000001841 8.249999999997554 0
1.500000000002059 8.499999999997902 0
1.450000000002277 8.74999999999825 0
1.400000000002495 8.999999999998602 0
1.350000000002712 9.24999999999895 0
1.30000000000293 9.499999999999297 0
1.250000000003148 9.74999999999965 0
3.937499999993035 0.249999999999837 0
3.874999999993336 0.4999999999995959 0
3.812499999993632 0.7499999999994271 0
3.749999999993927 0.99999999999927 0
3.687499999994225 1.249999999999074 0
3.624999999994545 1.499999999998456 0
3.562499999994869 1.7499999999978 0
3.499999999995191 1.999999999997143 0
3.437499999995514 2.249999999996485 0
3.374999999995837 2.499999999995828 0
3.31249999999616 2.749999999995171 0
3.249999999996482 2.999999999994514 0
3.187499999996806 3.249999999993857 0
3.124999999997129 3.4999999999932 0
3.06249999999745 3.749999999992543 0
2.999999999997773 3.999999999991917 0
2.937499999998046 4.249999999992134 0
2.874999999998315 4.499999999992476 0
2.812499999998582 4.749999999992817 0
2.749999999998849 4.999999999993159 0
2.687499999999118 5.249999999993502 0
2.624999999999385 5.499999999993844 0
2.562499999999653 5.749999999994188 0
2.499999999999921 5.999999999994529 0
2.437500000000188 6.249999999994871 0
2.375000000000456 6.499999999995213 0
2.312500000000725 6.749999999995554 0
2.250000000000993 6.999999999995897 0
2.18750000000126 7.249999999996239 0
2.125000000001529 7.49999999999658 0
2.062500000001795 7.749999999996922 0
2.000000000002064 7.999999999997264 0
1.937500000002331 8.249999999997605 0
1.875000000002599 8.499999999997948 0
1.812500000002868 8.749999999998289 0
1.750000000003135 8.999999999998632 0
1.687500000003403 9.249999999998975 0
1.625000000003671 9.499999999999316 0
1.562500000003939 9.749999999999655 0
4.724999999990865 0.2499999999998407 0
4.649999999991246 0.499999999999605 0
4.57499999999162 0.7499999999994398 0
4.499999999991994 0.9999999999992863 0
4.424999999992374 1.249999999999095 0
4.349999999992779 1.499999999998491 0
4.274999999993184 1.749999999997848 0
4.199999999993594 1.999999999997206 0
4.124999999993999 2.249999999996564 0
4.049999999994407 2.499999999995922 0
3.974999999994814 2.749999999995278 0
3.899999999995222 2.999999999994636 0
3.82499999999563 3.249999999993994 0
3.749999999996036 3.499999999993351 0
3.674999999996444 3.74999999999271 0
3.599999999996849 3.999999999992097 0
3.524999999997198 4.249999999992309 0
3.44999999999754 4.499999999992642 0
3.37499999999788 4.749999999992981 0
3.299999999998222 4.999999999993312 0
3.224999999998563 5.249999999993647 0
3.149999999998904 5.499999999993982 0
3.074999999999246 5.749999999994317 0
2.999999999999586 5.999999999994651 0
2.924999999999927 6.249999999994985 0
2.850000000000269 6.499999999995319 0
2.775000000000611 6.749999999995653 0
2.700000000000951 6.999999999995986 0
2.625000000001293 7.249999999996324 0
2.550000000001635 7.499999999996658 0
2.475000000001975 7.749999999996991 0
2.400000000002317 7.999999999997325 0
2.325000000002658 8.249999999997661 0
2.250000000003 8.499999999997994 0
2.175000000003341 8.749999999998328 0
2.100000000003682 8.999999999998661 0
2.025000000004023 9.249999999998995 0
1.950000000004365 9.499999999999332 0
1.875000000004706 9.749999999999662 0
5.512499999988613 0.2499999999998443 0
5.424999999989073 0.499999999999614 0
5.337499999989531 0.7499999999994525 0
5.249999999989986 0.9999999999993028 0
5.162499999990445 1.249999999999116 0
5.074999999990935 1.499999999998525 0
4.987499999991428 1.749999999997897 0
4.899999999991924 1.999999999997269 0
4.812499999992417 2.249999999996642 0
4.724999999992912 2.499999999996014 0
4.637499999993407 2.749999999995387 0
4.549999999993899 2.999999999994758 0
4.462499999994395 3.24999999999413 0
4.374999999994889 3.499999999993502 0
4.287499999995382 3.749999999992875 0
4.199999999995873 3.999999999992276 0
4.1124999999963 4.249999999992484 0
4.024999999996718 4.49999999999281 0
3.937499999997132 4.749999999993139 0
3.849999999997549 4.999999999993466 0
3.762499999997966 5.249999999993793 0
3.674999999998383 5.499999999994118 0
3.5874999999988 5.749999999994447 0
3.499999999999218 5.999999999994774 0
3.412499999999634 6.249999999995099 0
3.325000000000051 6.499999999995426 0
3.237500000000468 6.749999999995753 0
3.150000000000884 6.999999999996078 0
3.062500000001301 7.249999999996405 0
2.975000000001719 7.499999999996732 0
2.887500000002136 7.749999999997058 0
2.800000000002552 7.999999999997384 0
2.71250000000297 8.24999999999771 0
2.625000000003387 8.499999999998041 0
2.537500000003804 8.749999999998364 0
2.450000000004221 8.999999999998696 0
2.362500000004637 9.249999999999018 0
2.275000000005054 9.499999999999346 0
2.187500000005472 9.749999999999671 0
6.299999999986359 0.2499999999998479 0
6.199999999986902 0.4999999999996231 0
6.09999999998744 0.7499999999994654 0
5.999999999987976 0.9999999999993189 0
5.899999999988517 1.249999999999136 0
5.799999999989094 1.499999999998559 0
5.699999999989676 1.749999999997946 0
5.599999999990255 1.999999999997334 0
5.499999999990836 2.24999999999672 0
5.399999999991417 2.499999999996107 0
5.299999999991997 2.749999999995493 0
5.199999999992578 2.999999999994881 0
5.09999999999316 3.249999999994267 0
4.999999999993738 3.499999999993654 0
4.899999999994319 3.74999999999304 0
4.799999999994898 3.999999999992457 0
4.6999999999954 4.24999999999266 0
4.599999999995894 4.499999999992979 0
4.499999999996385 4.749999999993299 0
4.399999999996878 4.999999999993618 0
4.299999999997372 5.249999999993936 0
4.199999999997861 5.499999999994257 0
4.099999999998355 5.749999999994575 0
3.999999999998848 5.999999999994895 0
3.89999999999934 6.249999999995213 0
3.799999999999832 6.499999999995533 0
3.700000000000325 6.749999999995853 0
3.600000000000818 6.999999999996171 0
3.500000000001311 7.249999999996492 0
3.400000000001803 7.49999999999681 0
3.300000000002296 7.749999999997129 0
3.200000000002788 7.999999999997447 0
3.100000000003281 8.249999999997769 0
3.000000000003773 8.499999999998085 0
2.900000000004266 8.749999999998403 0
2.800000000004759 8.999999999998725 0
2.700000000005252 9.249999999999039 0
2.600000000005743 9.499999999999362 0
2.500000000006236 9.749999999999678 0
7.087499999984105 0.2499999999998516 0
6.97499999998473 0.4999999999996322 0
6.862499999985349 0.7499999999994783 0
6.749999999985965 0.9999999999993352 0
6.63749999998659 1.249999999999156 0
6.524999999987253 1.499999999998594 0
6.412499999987919 1.749999999997996 0
6.299999999988587 1.999999999997397 0
6.187499999989253 2.249999999996798 0
6.074999999989919 2.499999999996199 0
5.962499999990587 2.749999999995602 0
5.849999999991256 2.999999999995003 0
5.737499999991925 3.249999999994404 0
5.624999999992591 3.499999999993805 0
5.512499999993258 3.749999999993207 0
5.399999999993923 3.999999999992637 0
5.287499999994504 4.249999999992836 0
5.17499999999507 4.499999999993148 0
5.062499999995637 4.74999999999346 0
4.949999999996206 4.99999999999377 0
4.837499999996774 5.24999999999408 0
4.724999999997341 5.499999999994394 0
4.61249999999791 5.749999999994706 0
4.499999999998479 5.999999999995016 0
4.387499999999047 6.249999999995328 0
4.274999999999615 6.499999999995639 0
4.162500000000183 6.749999999995952 0
4.05000000000075 6.999999999996262 0
3.937500000001319 7.249999999996574 0
3.825000000001888 7.499999999996885 0
3.712500000002456 7.749999999997197 0
3.600000000003025 7.999999999997507 0
3.487500000003592 8.249999999997822 0
3.37500000000416 8.499999999998135 0
3.262500000004729 8.749999999998444 0
3.150000000005297 8.999999999998753 0
3.037500000005866 9.249999999999067 0
2.925000000006435 9.499999999999375 0
2.812500000007003 9.749999999999686 0
7.87499999998185 0.2499999999998552 0
7.749999999982558 0.499999999999641 0
7.624999999983259 0.7499999999994909 0
7.499999999983956 0.9999999999993515 0
7.374999999984662 1.249999999999177 0
7.249999999985409 1.499999999998628 0
7.124999999986164 1.749999999998044 0
6.999999999986919 1.999999999997461 0
6.874999999987671 2.249999999996876 0
6.749999999988426 2.499999999996293 0
6.62499999998918 2.749999999995709 0
6.499999999989934 2.999999999995125 0
6.374999999990687 3.249999999994541 0
6.249999999991442 3.499999999993956 0
6.124999999992195 3.749999999993373 0
5.999999999992946 3.999999999992816 0
5.874999999993602 4.24999999999301 0
5.749999999994246 4.499999999993315 0
5.624999999994889 4.74999999999362 0
5.499999999995532 4.999999999993924 0
5.374999999996177 5.249999999994226 0
5.24999999999682 5.49999999999453 0
5.124999999997465 5.749999999994833 0
4.99999999999811 5.999999999995139 0
4.874999999998751 6.249999999995442 0
4.749999999999396 6.499999999995746 0
4.625000000000039 6.749999999996051 0
4.500000000000684 6.999999999996353 0
4.375000000001329 7.249999999996658 0
4.250000000001972 7.499999999996962 0
4.125000000002616 7.749999999997264 0
4.00000000000326 7.999999999997568 0
3.875000000003903 8.249999999997874 0
3.750000000004547 8.499999999998176 0
3.625000000005192 8.749999999998479 0
3.500000000005836 8.999999999998787 0
3.375000000006479 9.249999999999087 0
3.250000000007123 9.499999999999389 0
3.125000000007768 9.749999999999694 0
8.662499999979596 0.2499999999998588 0
8.524999999980386 0.4999999999996501 0
8.387499999981168 0.7499999999995036 0
8.249999999981947 0.9999999999993678 0
8.112499999982735 1.249999999999198 0
7.974999999983568 1.499999999998662 0
7.837499999984409 1.749999999998093 0
7.69999999998525 1.999999999997524 0
7.562499999986089 2.249999999996954 0
7.424999999986932 2.499999999996385 0
7.287499999987773 2.749999999995817 0
7.149999999988614 2.999999999995246 0
7.012499999989453 3.249999999994678 0
6.874999999990296 3.499999999994107 0
6.737499999991133 3.749999999993539 0
6.599999999991971 3.999999999992997 0
6.462499999992705 4.249999999993186 0
6.324999999993423 4.499999999993482 0
6.187499999994142 4.749999999993781 0
6.049999999994862 4.999999999994077 0
5.912499999995581 5.249999999994372 0
5.7749999999963 5.499999999994668 0
5.63749999999702 5.749999999994965 0
5.49999999999774 5.99999999999526 0
5.362499999998457 6.249999999995557 0
5.224999999999179 6.499999999995852 0
5.087499999999898 6.749999999996151 0
4.950000000000617 6.999999999996444 0
4.812500000001338 7.249999999996744 0
4.675000000002058 7.499999999997039 0
4.537500000002774 7.749999999997334 0
4.400000000003496 7.99999999999763 0
4.262500000004215 8.249999999997927 0
4.125000000004935 8.499999999998222 0
3.987500000005655 8.749999999998522 0
3.850000000006373 8.999999999998817 0
3.712500000007092 9.24999999999911 0
3.575000000007813 9.499999999999403 0
3.437500000008534 9.749999999999702 0
9.449999999977342 0.2499999999998625 0
9.299999999978214 0.4999999999996591 0
9.149999999979078 0.7499999999995166 0
8.999999999979938 0.9999999999993838 0
8.849999999980806 1.249999999999219 0
8.699999999981729 1.499999999998697 0
8.549999999982651 1.749999999998142 0
8.399999999983581 1.999999999997588 0
8.249999999984508 2.249999999997033 0
8.099999999985439 2.499999999996478 0
7.949999999986365 2.749999999995924 0
7.799999999987293 2.999999999995369 0
7.649999999988219 3.249999999994814 0
7.499999999989146 3.499999999994259 0
7.349999999990072 3.749999999993705 0
7.199999999990995 3.999999999993177 0
7.049999999991808 4.24999999999336 0
6.899999999992604 4.499999999993649 0
6.749999999993396 4.749999999993941 0
6.599999999994193 4.999999999994228 0
6.449999999994985 5.249999999994515 0
6.299999999995782 5.499999999994805 0
6.149999999996576 5.749999999995094 0
5.99999999999737 5.999999999995381 0
5.849999999998166 6.249999999995672 0
5.699999999998962 6.499999999995959 0
5.549999999999756 6.749999999996248 0
5.400000000000551 6.999999999996536 0
5.250000000001348 7.249999999996826 0
5.100000000002142 7.499999999997113 0
4.950000000002939 7.749999999997403 0
4.800000000003735 7.999999999997691 0
4.650000000004527 8.249999999997982 0
4.500000000005322 8.49999999999827 0
4.350000000006118 8.749999999998558 0
4.200000000006914 8.999999999998845 0
4.050000000007708 9.24999999999913 0
3.900000000008504 9.499999999999419 0
3.7500000000093 9.749999999999712 0
10.23749999997509 0.2499999999998661 0
10.07499999997604 0.4999999999996681 0
9.912499999976985 0.7499999999995293 0
9.749999999977929 0.9999999999994 0
9.587499999978874 1.249999999999239 0
9.424999999979885 1.499999999998731 0
9.262499999980896 1.749999999998191 0
9.099999999981911 1.999999999997651 0
8.937499999982927 2.249999999997111 0
8.77499999998394 2.499999999996572 0
8.612499999984955 2.749999999996032 0
8.449999999985971 2.999999999995492 0
8.287499999986984 3.249999999994951 0
8.124999999987997 3.499999999994411 0
7.96249999998901 3.749999999993872 0
7.79999999999002 3.999999999993356 0
7.637499999990906 4.249999999993536 0
7.474999999991778 4.499999999993817 0
7.312499999992648 4.7499999999941 0
7.149999999993517 4.999999999994379 0
6.987499999994389 5.249999999994659 0
6.82499999999526 5.499999999994942 0
6.66249999999613 5.749999999995223 0
6.499999999997002 5.999999999995504 0
6.337499999997871 6.249999999995785 0
6.174999999998741 6.499999999996065 0
6.012499999999614 6.749999999996349 0
5.850000000000485 6.999999999996627 0
5.687500000001355 7.249999999996911 0
5.525000000002226 7.499999999997191 0
5.362500000003097 7.74999999999747 0
5.200000000003968 7.999999999997751 0
5.037500000004837 8.249999999998034 0
4.875000000005709 8.499999999998316 0
4.71250000000658 8.749999999998597 0
4.550000000007451 8.999999999998876 0
4.387500000008321 9.249999999999154 0
4.225000000009194 9.49999999999944 0
4.062500000010065 9.749999999999721 0
11.02499999997283 0.2499999999998697 0
10.84999999997387 0.499999999999677 0
10.6749999999749 0.7499999999995419 0
10.49999999997592 0.9999999999994165 0
10.32499999997695 1.249999999999259 0
10.14999999997804 1.499999999998766 0
9.974999999979143 1.749999999998241 0
9.799999999980246 1.999999999997715 0
9.624999999981343 2.249999999997189 0
9.449999999982444 2.499999999996664 0
9.274999999983546 2.749999999996139 0
9.09999999998465 2.999999999995613 0
8.924999999985749 3.249999999995088 0
8.74999999998685 3.499999999994563 0
8.574999999987948 3.749999999994038 0
8.399999999989044 3.999999999993537 0
8.224999999990009 4.249999999993709 0
8.049999999990957 4.499999999993985 0
7.874999999991901 4.74999999999426 0
7.699999999992846 4.999999999994532 0
7.524999999993794 5.249999999994805 0
7.34999999999474 5.49999999999508 0
7.174999999995686 5.749999999995352 0
6.999999999996632 5.999999999995627 0
6.824999999997578 6.2499999999959 0
6.649999999998524 6.499999999996174 0
6.474999999999474 6.749999999996447 0
6.300000000000416 6.999999999996718 0
6.125000000001363 7.249999999996994 0
5.95000000000231 7.499999999997264 0
5.775000000003256 7.74999999999754 0
5.600000000004204 7.999999999997812 0
5.425000000005149 8.249999999998087 0
5.250000000006097 8.499999999998359 0
5.075000000007044 8.749999999998634 0
4.900000000007991 8.999999999998908 0
4.725000000008936 9.249999999999179 0
4.550000000009883 9.499999999999453 0
4.37500000001083 9.749999999999726 0
11.81249999997058 0.2499999999998734 0
11.6249999999717 0.4999999999996861 0
11.43749999997281 0.7499999999995546 0
11.24999999997391 0.9999999999994328 0
11.06249999997502 1.24999999999928 0
10.8749999999762 1.4999999999988 0
10.68749999997739 1.749999999998289 0
10.49999999997858 1.999999999997779 0
10.31249999997976 2.249999999997268 0
10.12499999998095 2.499999999996756 0
9.937499999982139 2.749999999996247 0
9.749999999983327 2.999999999995736 0
9.562499999984514 3.249999999995224 0
9.3749999999857 3.499999999994714 0
9.187499999986889 3.749999999994204 0
8.99999999998807 3.999999999993716 0
8.812499999989111 4.249999999993886 0
8.624999999990132 4.499999999994153 0
8.437499999991154 4.74999999999442 0
8.249999999992173 4.999999999994684 0
8.062499999993195 5.249999999994951 0
7.874999999994218 5.499999999995216 0
7.687499999995241 5.749999999995483 0
7.499999999996264 5.999999999995747 0
7.312499999997284 6.249999999996014 0
7.124999999998306 6.49999999999628 0
6.937499999999329 6.749999999996545 0
6.750000000000351 6.99999999999681 0
6.562500000001375 7.249999999997076 0
6.375000000002396 7.499999999997343 0
6.187500000003418 7.749999999997609 0
6.00000000000444 7.999999999997875 0
5.812500000005461 8.249999999998142 0
5.625000000006484 8.499999999998405 0
5.437500000007507 8.74999999999867 0
5.250000000008528 8.999999999998936 0
5.062500000009551 9.249999999999202 0
4.875000000010572 9.499999999999467 0
4.687500000011593 9.749999999999734 0
12.59999999996833 0.249999999999877 0
12.39999999996953 0.499999999999695 0
12.19999999997071 0.7499999999995677 0
11.9999999999719 0.9999999999994491 0
11.7999999999731 1.249999999999301 0
11.59999999997436 1.499999999998835 0
11.39999999997563 1.749999999998338 0
11.1999999999769 1.999999999997842 0
10.99999999997818 2.249999999997346 0
10.79999999997946 2.49999999999685 0
10.59999999998073 2.749999999996354 0
10.399999999982 2.999999999995858 0
10.19999999998327 3.249999999995361 0
9.999999999984551 3.499999999994865 0
9.799999999985824 3.749999999994369 0
9.599999999987091 3.999999999993896 0
9.399999999988211 4.249999999994062 0
9.199999999989313 4.499999999994321 0
8.999999999990404 4.749999999994579 0
8.799999999991499 4.999999999994837 0
8.599999999992598 5.249999999995095 0
8.399999999993696 5.499999999995355 0
8.199999999994795 5.749999999995612 0
7.999999999995895 5.99999999999587 0
7.799999999996991 6.249999999996128 0
7.599999999998089 6.499999999996385 0
7.399999999999187 6.749999999996645 0
7.200000000000284 6.999999999996902 0
7.000000000001382 7.249999999997163 0
6.800000000002481 7.499999999997419 0
6.600000000003576 7.749999999997677 0
6.400000000004674 7.999999999997934 0
6.200000000005772 8.249999999998195 0
6.00000000000687 8.499999999998455 0
5.800000000007969 8.749999999998709 0
5.600000000009065 8.999999999998966 0
5.400000000010163 9.249999999999224 0
5.200000000011261 9.499999999999481 0
5.00000000001236 9.749999999999742 0
13.38749999996607 0.2499999999998807 0
13.17499999996735 0.4999999999997041 0
12.96249999996863 0.7499999999995804 0
12.74999999996989 0.9999999999994653 0
12.53749999997117 1.249999999999322 0
12.32499999997252 1.499999999998869 0
12.11249999997388 1.749999999998387 0
11.89999999997524 1.999999999997906 0
11.6874999999766 2.249999999997424 0
11.47499999997796 2.499999999996943 0
11.26249999997932 2.749999999996461 0
11.04999999998068 2.99999999999598 0
10.83749999998204 3.249999999995499 0
10.6249999999834 3.499999999995017 0
10.41249999998476 3.749999999994535 0
10.19999999998612 3.999999999994077 0
9.987499999987314 4.249999999994236 0
9.77499999998849 4.499999999994486 0
9.562499999989658 4.749999999994739 0
9.349999999990832 4.999999999994989 0
9.137499999992006 5.249999999995239 0
8.924999999993176 5.499999999995492 0
8.71249999999435 5.749999999995742 0
8.499999999995525 5.999999999995993 0
8.287499999996697 6.249999999996243 0
8.074999999997869 6.499999999996492 0
7.862499999999046 6.749999999996744 0
7.650000000000215 6.999999999996994 0
7.437500000001392 7.249999999997245 0
7.225000000002566 7.499999999997494 0
7.012500000003738 7.749999999997744 0
6.800000000004911 7.999999999997996 0
6.587500000006083 8.249999999998249 0
6.375000000007258 8.499999999998497 0
6.16250000000843 8.749999999998748 0
5.950000000009606 8.999999999999 0
5.737500000010779 9.249999999999247 0
5.525000000011953 9.499999999999497 0
5.312500000013126 9.74999999999975 0
14.17499999996382 0.2499999999998843 0
13.94999999996518 0.4999999999997131 0
13.72499999996653 0.749999999999593 0
13.49999999996788 0.9999999999994817 0
13.27499999996924 1.249999999999342 0
13.04999999997068 1.499999999998903 0
12.82499999997212 1.749999999998436 0
12.59999999997357 1.99999999999797 0
12.37499999997502 2.249999999997502 0
12.14999999997646 2.499999999997036 0
11.92499999997791 2.749999999996569 0
11.69999999997936 2.999999999996102 0
11.47499999998081 3.249999999995635 0
11.24999999998225 3.499999999995168 0
11.0249999999837 3.749999999994702 0
10.79999999998514 3.999999999994257 0
10.57499999998641 4.249999999994411 0
10.34999999998766 4.499999999994654 0
10.12499999998891 4.749999999994898 0
9.899999999990161 4.999999999995142 0
9.674999999991407 5.249999999995384 0
9.449999999992656 5.499999999995627 0
9.224999999993905 5.749999999995872 0
8.999999999995156 5.999999999996112 0
8.774999999996403 6.249999999996357 0
8.549999999997654 6.4999999999966 0
8.324999999998902 6.749999999996843 0
8.100000000000151 6.999999999997084 0
7.8750000000014 7.249999999997328 0
7.650000000002651 7.499999999997571 0
7.425000000003898 7.749999999997813 0
7.200000000005146 7.999999999998057 0
6.975000000006396 8.2499999999983 0
6.750000000007645 8.499999999998545 0
6.525000000008895 8.749999999998783 0
6.300000000010142 8.999999999999027 0
6.075000000011391 9.249999999999272 0
5.850000000012642 9.49999999999951 0
5.625000000013893 9.749999999999755 0
14.96249999996156 0.2499999999998879 0
14.72499999996301 0.4999999999997221 0
14.48749999996445 0.7499999999996056 0
14.24999999996587 0.9999999999994977 0
14.01249999996731 1.249999999999363 0
13.77499999996884 1.499999999998938 0
13.53749999997037 1.749999999998485 0
13.2999999999719 1.999999999998033 0
13.06249999997343 2.249999999997581 0
12.82499999997497 2.499999999997128 0
12.58749999997651 2.749999999996676 0
12.34999999997804 2.999999999996224 0
12.11249999997957 3.249999999995773 0
11.87499999998111 3.499999999995319 0
11.63749999998264 3.749999999994868 0
11.39999999998417 3.999999999994436 0
11.16249999998551 4.249999999994587 0
10.92499999998684 4.499999999994823 0
10.68749999998816 4.749999999995059 0
10.44999999998949 4.999999999995294 0
10.21249999999081 5.249999999995531 0
9.974999999992136 5.499999999995766 0
9.73749999999346 5.749999999996001 0
9.499999999994785 5.999999999996236 0
9.262499999996109 6.24999999999647 0
9.024999999997435 6.499999999996707 0
8.787499999998762 6.749999999996941 0
8.550000000000082 6.999999999997176 0
8.312500000001407 7.249999999997411 0
8.075000000002737 7.499999999997647 0
7.837500000004058 7.749999999997883 0
7.600000000005385 7.999999999998116 0
7.362500000006706 8.249999999998353 0
7.125000000008033 8.49999999999859 0
6.887500000009358 8.749999999998826 0
6.650000000010683 8.999999999999059 0
6.412500000012007 9.249999999999295 0
6.175000000013331 9.499999999999527 0
5.937500000014658 9.749999999999764 0
15.74999999995965 0.2499999999998915 0
15.49999999996116 0.4999999999997309 0
15.24999999996266 0.7499999999996187 0
14.99999999996415 0.9999999999995138 0
14.74999999996566 1.249999999999383 0
14.49999999996727 1.499999999998972 0
14.24999999996887 1.749999999998535 0
13.99999999997048 1.999999999998097 0
13.74999999997208 2.249999999997659 0
13.49999999997369 2.499999999997222 0
13.2499999999753 2.749999999996784 0
12.99999999997691 2.999999999996346 0
12.74999999997852 3.249999999995909 0
12.49999999998013 3.49999999999547 0
12.24999999998173 3.749999999995033 0
11.99999999998333 3.999999999994616 0
11.74999999998474 4.249999999994762 0
11.49999999998613 4.49999999999499 0
11.24999999998752 4.749999999995219 0
10.9999999999889 4.999999999995448 0
10.74999999999029 5.249999999995675 0
10.49999999999168 5.499999999995902 0
10.24999999999306 5.749999999996131 0
9.999999999994454 5.999999999996358 0
9.74999999999584 6.249999999996585 0
9.499999999997225 6.499999999996812 0
9.249999999998614 6.749999999997041 0
9.000000000000004 6.999999999997268 0
8.750000000001386 7.249999999997497 0
8.500000000002775 7.499999999997724 0
8.250000000004162 7.74999999999795 0
8.000000000005551 7.999999999998177 0
7.750000000006935 8.249999999998408 0
7.500000000008326 8.499999999998632 0
7.250000000009711 8.749999999998863 0
7.0000000000111 8.999999999999087 0
6.750000000012486 9.249999999999316 0
6.500000000013875 9.499999999999547 0
6.250000000015262 9.749999999999771 0
16.53749999996134 0.2499999999998951 0
16.27499999996278 0.49999999999974 0
16.0124999999642 0.7499999999996314 0
15.74999999996563 0.9999999999995303 0
15.48749999996707 1.249999999999404 0
15.2249999999686 1.499999999999006 0
14.96249999997013 1.749999999998583 0
14.69999999997168 1.999999999998161 0
14.43749999997322 2.249999999997738 0
14.17499999997476 2.499999999997315 0
13.9124999999763 2.749999999996891 0
13.64999999997784 2.999999999996469 0
13.38749999997938 3.249999999996046 0
13.12499999998092 3.499999999995622 0
12.86249999998246 3.749999999995199 0
12.59999999998399 3.999999999994796 0
12.33749999998533 4.249999999994937 0
12.07499999998664 4.499999999995159 0
11.81249999998795 4.749999999995379 0
11.54999999998926 4.9999999999956 0
11.28749999999057 5.249999999995818 0
11.02499999999187 5.49999999999604 0
10.76249999999319 5.749999999996261 0
10.49999999999449 5.999999999996479 0
10.2374999999958 6.2499999999967 0
9.974999999997113 6.49999999999692 0
9.712499999998421 6.74999999999714 0
9.449999999999729 6.99999999999736 0
9.187500000001043 7.249999999997581 0
8.925000000002351 7.499999999997798 0
8.662500000003659 7.749999999998019 0
8.400000000004967 7.99999999999824 0
8.137500000006277 8.24999999999846 0
7.875000000007587 8.49999999999868 0
7.612500000008896 8.749999999998899 0
7.350000000010207 8.999999999999122 0
7.087500000011516 9.249999999999336 0
6.825000000012825 9.499999999999559 0
6.562500000014135 9.749999999999776 0
17.32499999996336 0.2499999999998988 0
17.04999999996472 0.4999999999997491 0
16.77499999996606 0.7499999999996442 0
16.4999999999674 0.9999999999995468 0
16.22499999996875 1.249999999999425 0
15.9499999999702 1.499999999999041 0
15.67499999997166 1.749999999998632 0
15.39999999997312 1.999999999998224 0
15.12499999997458 2.249999999997816 0
14.84999999997604 2.499999999997407 0
14.57499999997751 2.749999999997 0
14.29999999997897 2.99999999999659 0
14.02499999998042 3.249999999996183 0
13.74999999998189 3.499999999995774 0
13.47499999998334 3.749999999995365 0
13.1999999999848 3.999999999994976 0
12.92499999998605 4.249999999995113 0
12.64999999998726 4.499999999995325 0
12.37499999998848 4.74999999999554 0
12.09999999998969 4.999999999995752 0
11.82499999999091 5.249999999995964 0
11.54999999999213 5.499999999996178 0
11.27499999999335 5.74999999999639 0
10.99999999999457 5.999999999996602 0
10.72499999999579 6.249999999996815 0
10.44999999999701 6.499999999997026 0
10.17499999999823 6.749999999997238 0
9.899999999999444 6.999999999997451 0
9.625000000000664 7.249999999997663 0
9.350000000001883 7.499999999997876 0
9.075000000003097 7.749999999998089 0
8.800000000004319 7.9999999999983 0
8.525000000005535 8.249999999998513 0
8.250000000006754 8.499999999998723 0
7.975000000007975 8.749999999998941 0
7.700000000009193 8.999999999999149 0
7.42500000001041 9.249999999999366 0
7.150000000011627 9.499999999999575 0
6.875000000012848 9.749999999999783 0
18.11249999996538 0.2499999999999024 0
17.82499999996666 0.499999999999758 0
17.53749999996792 0.7499999999996567 0
17.24999999996916 0.999999999999563 0
16.96249999997043 1.249999999999445 0
16.6749999999718 1.499999999999075 0
16.38749999997319 1.749999999998681 0
16.09999999997457 1.999999999998288 0
15.81249999997594 2.249999999997894 0
15.52499999997733 2.499999999997501 0
15.23749999997871 2.749999999997107 0
14.94999999998009 2.999999999996713 0
14.66249999998147 3.24999999999632 0
14.37499999998285 3.499999999995925 0
14.08749999998423 3.749999999995532 0
13.79999999998561 3.999999999995156 0
13.51249999998676 4.249999999995286 0
13.22499999998789 4.499999999995492 0
12.93749999998901 4.749999999995699 0
12.64999999999014 4.999999999995902 0
12.36249999999127 5.24999999999611 0
12.07499999999239 5.499999999996313 0
11.78749999999352 5.749999999996518 0
11.49999999999465 5.999999999996724 0
11.21249999999578 6.249999999996929 0
10.92499999999691 6.499999999997133 0
10.63749999999803 6.749999999997337 0
10.34999999999916 6.999999999997542 0
10.06250000000028 7.249999999997748 0
9.775000000001413 7.499999999997951 0
9.487500000002543 7.749999999998156 0
9.200000000003667 7.999999999998362 0
8.912500000004794 8.249999999998568 0
8.625000000005922 8.499999999998774 0
8.337500000007051 8.749999999998977 0
8.050000000008179 8.999999999999179 0
7.762500000009306 9.249999999999387 0
7.475000000010434 9.49999999999959 0
7.187500000011561 9.749999999999792 0
18.89999999996741 0.249999999999906 0
18.5999999999686 0.4999999999997671 0
18.29999999996978 0.7499999999996697 0
17.99999999997094 0.999999999999579 0
17.69999999997212 1.249999999999466 0
17.39999999997341 1.49999999999911 0
17.09999999997471 1.74999999999873 0
16.79999999997601 1.999999999998352 0
16.49999999997731 2.249999999997972 0
16.19999999997862 2.499999999997593 0
15.89999999997992 2.749999999997215 0
15.59999999998122 2.999999999996835 0
15.29999999998251 3.249999999996456 0
14.99999999998381 3.499999999996077 0
14.69999999998511 3.749999999995698 0
14.3999999999864 3.999999999995337 0
14.09999999998747 4.249999999995462 0
13.79999999998851 4.499999999995659 0
13.49999999998955 4.749999999995859 0
13.19999999999058 4.999999999996055 0
12.89999999999162 5.249999999996255 0
12.59999999999265 5.499999999996452 0
12.29999999999369 5.74999999999665 0
11.99999999999473 5.999999999996844 0
11.69999999999576 6.249999999997042 0
11.3999999999968 6.49999999999724 0
11.09999999999783 6.749999999997437 0
10.79999999999887 6.999999999997634 0
10.49999999999991 7.249999999997829 0
10.20000000000095 7.49999999999803 0
9.900000000001977 7.749999999998225 0
9.600000000003018 7.999999999998422 0
9.300000000004053 8.24999999999862 0
9.000000000005087 8.499999999998817 0
8.700000000006126 8.749999999999014 0
8.400000000007164 8.999999999999215 0
8.100000000008199 9.249999999999408 0
7.800000000009236 9.499999999999604 0
7.500000000010274 9.749999999999797 0
19.68749999996943 0.2499999999999097 0
19.37499999997055 0.499999999999776 0
19.06249999997163 0.7499999999996826 0
18.74999999997271 0.9999999999995955 0
18.4374999999738 1.249999999999487 0
18.12499999997501 1.499999999999144 0
17.81249999997623 1.749999999998779 0
17.49999999997745 1.999999999998415 0
17.18749999997868 2.24999999999805 0
16.87499999997989 2.499999999997686 0
16.56249999998112 2.749999999997322 0
16.24999999998234 2.999999999996957 0
15.93749999998356 3.249999999996593 0
15.62499999998478 3.499999999996228 0
15.312499999986 3.749999999995864 0
14.99999999998721 3.999999999995516 0
14.68749999998819 4.249999999995638 0
14.37499999998914 4.499999999995828 0
14.06249999999008 4.749999999996018 0
13.74999999999102 4.999999999996208 0
13.43749999999197 5.249999999996397 0
13.12499999999291 5.499999999996589 0
12.81249999999386 5.749999999996778 0
12.49999999999481 5.999999999996967 0
12.18749999999575 6.249999999997156 0
11.87499999999669 6.499999999997347 0
11.56249999999764 6.749999999997536 0
11.24999999999858 6.999999999997726 0
10.93749999999953 7.249999999997915 0
10.62500000000048 7.499999999998104 0
10.31250000000142 7.749999999998295 0
10.00000000000237 7.999999999998483 0
9.687500000003311 8.249999999998677 0
9.375000000004256 8.499999999998865 0
9.062500000005205 8.749999999999055 0
8.750000000006148 8.999999999999241 0
8.437500000007095 9.249999999999428 0
8.125000000008042 9.499999999999616 0
7.812500000008987 9.749999999999808 0
20.47499999997146 0.2499999999999133 0
20.14999999997248 0.4999999999997851 0
19.82499999997348 0.7499999999996952 0
19.49999999997447 0.9999999999996115 0
19.17499999997548 1.249999999999507 0
18.84999999997661 1.499999999999178 0
18.52499999997775 1.749999999998829 0
18.19999999997889 1.999999999998479 0
17.87499999998004 2.249999999998129 0
17.54999999998118 2.499999999997779 0
17.22499999998232 2.74999999999743 0
16.89999999998346 2.99999999999708 0
16.5749999999846 3.24999999999673 0
16.24999999998575 3.49999999999638 0
15.92499999998688 3.74999999999603 0
15.59999999998802 3.999999999995696 0
15.2749999999889 4.249999999995813 0
14.94999999998976 4.499999999995997 0
14.62499999999061 4.749999999996178 0
14.29999999999146 4.99999999999636 0
13.97499999999232 5.249999999996543 0
13.64999999999317 5.499999999996725 0
13.32499999999403 5.749999999996907 0
12.99999999999488 5.99999999999709 0
12.67499999999573 6.249999999997272 0
12.34999999999659 6.499999999997453 0
12.02499999999745 6.749999999997636 0
11.6999999999983 6.999999999997817 0
11.37499999999915 7.249999999998001 0
11.05000000000001 7.499999999998181 0
10.72500000000086 7.749999999998361 0
10.40000000000172 7.999999999998543 0
10.07500000000257 8.249999999998728 0
9.750000000003428 8.499999999998908 0
9.42500000000428 8.749999999999089 0
9.100000000005139 8.999999999999272 0
8.775000000005988 9.249999999999453 0
8.450000000006845 9.499999999999636 0
8.125000000007701 9.749999999999817 0
21.2624999999735 0.249999999999917 0
20.92499999997445 0.499999999999794 0
20.58749999997538 0.7499999999997079 0
20.24999999997631 0.999999999999628 0
19.91249999997725 1.249999999999528 0
19.57499999997831 1.499999999999213 0
19.23749999997938 1.749999999998878 0
18.89999999998047 1.999999999998542 0
18.56249999998154 2.249999999998207 0
18.22499999998262 2.499999999997872 0
17.8874999999837 2.749999999997537 0
17.54999999998477 2.999999999997201 0
17.21249999998584 3.249999999996867 0
16.87499999998692 3.49999999999653 0
16.537499999988 3.749999999996195 0
16.19999999998907 3.999999999995877 0
15.86249999998989 4.249999999995987 0
15.52499999999066 4.499999999996164 0
15.18749999999144 4.749999999996338 0
14.84999999999221 4.999999999996513 0
14.512499999993 5.249999999996688 0
14.17499999999377 5.499999999996864 0
13.83749999999455 5.749999999997037 0
13.49999999999533 5.99999999999721 0
13.16249999999611 6.249999999997386 0
12.82499999999689 6.499999999997559 0
12.48749999999767 6.749999999997735 0
12.14999999999845 6.999999999997907 0
11.81249999999923 7.249999999998083 0
11.47500000000001 7.499999999998256 0
11.13750000000079 7.749999999998431 0
10.80000000000157 7.999999999998606 0
10.46250000000234 8.249999999998783 0
10.12500000000313 8.499999999998956 0
9.787500000003904 8.749999999999128 0
9.450000000004682 8.999999999999304 0
9.112500000005461 9.249999999999478 0
8.775000000006242 9.499999999999654 0
8.43750000000702 9.749999999999824 0
22.04999999997558 0.2499999999999206 0
21.69999999997651 0.4999999999998031 0
21.34999999997741 0.7499999999997208 0
20.9999999999783 0.9999999999996444 0
20.64999999997921 1.249999999999549 0
20.29999999998025 1.499999999999247 0
19.9499999999813 1.749999999998926 0
19.59999999998235 1.999999999998606 0
19.24999999998341 2.249999999998285 0
18.89999999998446 2.499999999997964 0
18.54999999998551 2.749999999997645 0
18.19999999998656 2.999999999997323 0
17.84999999998762 3.249999999997003 0
17.49999999998867 3.499999999996683 0
17.14999999998972 3.749999999996362 0
16.79999999999076 3.999999999996056 0
16.44999999999154 4.249999999996163 0
16.09999999999228 4.49999999999633 0
15.74999999999302 4.749999999996498 0
15.39999999999377 4.999999999996666 0
15.04999999999451 5.249999999996835 0
14.69999999999525 5.499999999996998 0
14.34999999999599 5.749999999997167 0
13.99999999999674 5.999999999997334 0
13.64999999999748 6.249999999997501 0
13.29999999999823 6.499999999997669 0
12.94999999999897 6.749999999997833 0
12.59999999999972 6.999999999998 0
12.25000000000046 7.249999999998167 0
11.90000000000121 7.49999999999833 0
11.55000000000194 7.749999999998501 0
11.20000000000269 7.999999999998666 0
10.85000000000343 8.249999999998835 0
10.50000000000418 8.499999999999002 0
10.15000000000492 8.749999999999169 0
9.800000000005666 8.999999999999334 0
9.450000000006407 9.249999999999499 0
9.100000000007151 9.499999999999666 0
8.750000000007898 9.749999999999833 0
22.83749999997766 0.2499999999999242 0
22.47499999997856 0.499999999999812 0
22.11249999997942 0.7499999999997337 0
21.74999999998028 0.9999999999996604 0
21.38749999998117 1.249999999999569 0
21.0249999999822 1.499999999999281 0
20.66249999998322 1.749999999998975 0
20.29999999998424 1.99999999999867 0
19.93749999998527 2.249999999998363 0
19.5749999999863 2.499999999998058 0
19.21249999998733 2.749999999997752 0
18.84999999998835 2.999999999997446 0
18.48749999998939 3.24999999999714 0
18.12499999999041 3.499999999996834 0
17.76249999999143 3.749999999996527 0
17.39999999999245 3.999999999996236 0
17.03749999999319 4.249999999996339 0
16.67499999999391 4.499999999996498 0
16.31249999999461 4.749999999996658 0
15.94999999999531 4.999999999996819 0
15.58749999999602 5.249999999996978 0
15.22499999999673 5.499999999997137 0
14.86249999999744 5.749999999997296 0
14.49999999999815 5.999999999997456 0
14.13749999999886 6.249999999997614 0
13.77499999999957 6.499999999997774 0
13.41250000000027 6.749999999997933 0
13.05000000000098 6.999999999998092 0
12.68750000000169 7.249999999998249 0
12.3250000000024 7.49999999999841 0
11.96250000000311 7.749999999998568 0
11.60000000000382 7.999999999998726 0
11.23750000000452 8.249999999998888 0
10.87500000000523 8.499999999999048 0
10.51250000000594 8.749999999999202 0
10.15000000000665 8.999999999999364 0
9.787500000007357 9.24999999999952 0
9.425000000008067 9.49999999999968 0
9.062500000008773 9.749999999999842 0
23.62499999997974 0.2499999999999278 0
23.24999999998061 0.499999999999821 0
22.87499999998144 0.7499999999997465 0
22.49999999998228 0.9999999999996767 0
22.12499999998314 1.24999999999959 0
21.74999999998413 1.499999999999316 0
21.37499999998512 1.749999999999024 0
20.99999999998613 1.999999999998733 0
20.62499999998713 2.249999999998442 0
20.24999999998813 2.499999999998151 0
19.87499999998914 2.749999999997859 0
19.49999999999014 2.999999999997568 0
19.12499999999114 3.249999999997277 0
18.74999999999215 3.499999999996985 0
18.37499999999315 3.749999999996694 0
17.99999999999415 3.999999999996416 0
17.62499999999486 4.249999999996512 0
17.24999999999553 4.499999999996664 0
16.8749999999962 4.749999999996818 0
16.49999999999687 4.999999999996972 0
16.12499999999754 5.249999999997121 0
15.74999999999821 5.499999999997275 0
15.37499999999888 5.749999999997425 0
14.99999999999956 5.999999999997577 0
14.62500000000023 6.249999999997728 0
14.25000000000091 6.499999999997881 0
13.87500000000158 6.74999999999803 0
13.50000000000225 6.999999999998183 0
13.12500000000292 7.249999999998335 0
12.7500000000036 7.499999999998483 0
12.37500000000427 7.749999999998638 0
12.00000000000494 7.999999999998788 0
11.62500000000561 8.24999999999894 0
11.25000000000628 8.499999999999092 0
10.87500000000696 8.749999999999245 0
10.50000000000763 8.999999999999396 0
10.1250000000083 9.249999999999542 0
9.750000000008978 9.499999999999696 0
9.375000000009647 9.749999999999847 0
24.41249999998182 0.2499999999999315 0
24.02499999998264 0.49999999999983 0
23.63749999998347 0.749999999999759 0
23.24999999998427 0.9999999999996931 0
22.86249999998509 1.24999999999961 0
22.47499999998606 1.49999999999935 0
22.08749999998704 1.749999999999074 0
21.69999999998802 1.999999999998797 0
21.31249999998899 2.24999999999852 0
20.92499999998997 2.499999999998243 0
20.53749999999095 2.749999999997967 0
20.14999999999193 2.999999999997691 0
19.7624999999929 3.249999999997414 0
19.37499999999389 3.499999999997137 0
18.98749999999486 3.74999999999686 0
18.59999999999583 3.999999999996597 0
18.21249999999651 4.249999999996689 0
17.82499999999715 4.499999999996834 0
17.43749999999778 4.749999999996978 0
17.04999999999842 4.999999999997124 0
16.66249999999905 5.249999999997268 0
16.27499999999969 5.499999999997411 0
15.88750000000033 5.749999999997556 0
15.50000000000097 5.999999999997699 0
15.1125000000016 6.249999999997842 0
14.72500000000224 6.499999999997987 0
14.33750000000288 6.749999999998129 0
13.95000000000352 6.999999999998272 0
13.56250000000415 7.249999999998418 0
13.17500000000479 7.499999999998562 0
12.78750000000543 7.749999999998707 0
12.40000000000607 7.999999999998849 0
12.0125000000067 8.249999999998998 0
11.62500000000734 8.499999999999135 0
11.23750000000798 8.749999999999281 0
10.85000000000861 8.999999999999426 0
10.46250000000925 9.249999999999567 0
10.07500000000989 9.499999999999709 0
9.687500000010527 9.749999999999856 0
25.1999999999839 0.2499999999999351 0
24.79999999998471 0.499999999999839 0
24.39999999998549 0.7499999999997718 0
23.99999999998626 0.9999999999997093 0
23.59999999998706 1.249999999999631 0
23.199999999988 1.499999999999384 0
22.79999999998895 1.749999999999123 0
22.39999999998991 1.999999999998861 0
21.99999999999086 2.249999999998598 0
21.59999999999181 2.499999999998336 0
21.19999999999277 2.749999999998074 0
20.79999999999373 2.999999999997812 0
20.39999999999467 3.249999999997551 0
19.99999999999564 3.499999999997288 0
19.59999999999658 3.749999999997026 0
19.19999999999752 3.999999999996776 0
18.79999999999817 4.249999999996865 0
18.39999999999877 4.499999999997002 0
17.99999999999937 4.749999999997139 0
17.59999999999997 4.999999999997275 0
17.20000000000057 5.249999999997413 0
16.80000000000117 5.49999999999755 0
16.40000000000177 5.749999999997685 0
16.00000000000237 5.999999999997822 0
15.60000000000298 6.249999999997957 0
15.20000000000358 6.499999999998094 0
14.80000000000418 6.74999999999823 0
14.40000000000478 6.999999999998365 0
14.00000000000538 7.249999999998502 0
13.60000000000599 7.499999999998636 0
13.20000000000659 7.749999999998774 0
12.80000000000719 7.999999999998911 0
12.40000000000779 8.249999999999046 0
12.00000000000839 8.499999999999185 0
11.60000000000899 8.749999999999318 0
11.2000000000096 8.999999999999456 0
10.80000000001019 9.249999999999593 0
10.4000000000108 9.499999999999723 0
10.00000000001141 9.749999999999863 0
25.98749999998598 0.2499999999999388 0
25.57499999998676 0.4999999999998479 0
25.16249999998752 0.7499999999997847 0
24.74999999998826 0.9999999999997258 0
24.33749999998902 1.249999999999652 0
23.92499999998993 1.499999999999419 0
23.51249999999087 1.749999999999171 0
23.0999999999918 1.999999999998924 0
22.68749999999272 2.249999999998677 0
22.27499999999366 2.49999999999843 0
21.86249999999459 2.749999999998183 0
21.44999999999551 2.999999999997934 0
21.03749999999644 3.249999999997687 0
20.62499999999737 3.499999999997439 0
20.2124999999983 3.749999999997191 0
19.79999999999922 3.999999999996956 0
19.38749999999984 4.249999999997038 0
18.9750000000004 4.499999999997169 0
18.56250000000096 4.749999999997299 0
18.15000000000152 4.999999999997429 0
17.73750000000209 5.249999999997555 0
17.32500000000265 5.499999999997686 0
16.91250000000322 5.749999999997815 0
16.50000000000379 5.999999999997943 0
16.08750000000435 6.249999999998073 0
15.67500000000492 6.499999999998201 0
15.26250000000549 6.749999999998328 0
14.85000000000605 6.999999999998458 0
14.43750000000662 7.249999999998588 0
14.02500000000718 7.499999999998715 0
13.61250000000775 7.749999999998842 0
13.20000000000832 7.999999999998971 0
12.78750000000888 8.249999999999103 0
12.37500000000945 8.499999999999229 0
11.96250000001001 8.749999999999359 0
11.55000000001058 8.999999999999483 0
11.13750000001115 9.249999999999613 0
10.72500000001171 9.499999999999742 0
10.31250000001228 9.749999999999869 0
26.77499999998798 0.2499999999999424 0
26.34999999998865 0.4999999999998571 0
25.92499999998929 0.7499999999997973 0
25.49999999998992 0.9999999999997418 0
25.07499999999059 1.249999999999672 0
24.6499999999914 1.499999999999453 0
24.22499999999222 1.749999999999221 0
23.79999999999304 1.999999999998988 0
23.37499999999386 2.249999999998756 0
22.9499999999947 2.499999999998522 0
22.52499999999552 2.749999999998289 0
22.09999999999635 2.999999999998057 0
21.67499999999717 3.249999999997824 0
21.249999999998 3.499999999997591 0
20.82499999999882 3.749999999997358 0
20.39999999999964 3.999999999997137 0
19.97500000000013 4.249999999997214 0
19.55000000000058 4.499999999997336 0
19.12500000000102 4.749999999997459 0
18.70000000000147 4.99999999999758 0
18.27500000000192 5.249999999997701 0
17.85000000000237 5.499999999997823 0
17.42500000000283 5.749999999997944 0
17.00000000000328 5.999999999998064 0
16.57500000000373 6.249999999998186 0
16.15000000000418 6.499999999998307 0
15.72500000000463 6.749999999998428 0
15.30000000000508 6.999999999998549 0
14.87500000000554 7.24999999999867 0
14.45000000000599 7.499999999998789 0
14.02500000000644 7.749999999998911 0
13.60000000000689 7.999999999999032 0
13.17500000000734 8.249999999999154 0
12.75000000000779 8.499999999999277 0
12.32500000000824 8.749999999999394 0
11.90000000000869 8.999999999999515 0
11.47500000000914 9.249999999999636 0
11.05000000000959 9.499999999999758 0
10.62500000001005 9.749999999999876 0
27.56249999998996 0.249999999999946 0
27.1249999999905 0.4999999999998661 0
26.68749999999101 0.74999999999981 0
26.24999999999152 0.9999999999997582 0
25.81249999999203 1.249999999999693 0
25.37499999999272 1.499999999999488 0
24.93749999999341 1.74999999999927 0
24.49999999999412 1.999999999999052 0
24.06249999999481 2.249999999998833 0
23.62499999999551 2.499999999998615 0
23.18749999999621 2.749999999998397 0
22.7499999999969 2.999999999998179 0
22.31249999999761 3.249999999997961 0
21.87499999999831 3.499999999997742 0
21.437499999999 3.749999999997524 0
20.99999999999969 3.999999999997316 0
20.56250000000004 4.24999999999739 0
20.12500000000036 4.499999999997503 0
19.68750000000067 4.749999999997621 0
19.25000000000098 4.999999999997732 0
18.8125000000013 5.249999999997847 0
18.3750000000016 5.49999999999796 0
17.93750000000193 5.749999999998074 0
17.50000000000224 5.999999999998188 0
17.06250000000254 6.249999999998301 0
16.62500000000286 6.499999999998414 0
16.18750000000318 6.749999999998527 0
15.75000000000348 6.999999999998639 0
15.3125000000038 7.249999999998755 0
14.87500000000411 7.499999999998867 0
14.43750000000442 7.749999999998981 0
14.00000000000474 7.999999999999094 0
13.56250000000505 8.24999999999921 0
13.12500000000536 8.49999999999932 0
12.68750000000568 8.749999999999435 0
12.25000000000599 8.999999999999547 0
11.8125000000063 9.249999999999655 0
11.37500000000662 9.499999999999774 0
10.93750000000693 9.749999999999885 0
28.34999999999203 0.2499999999999497 0
27.89999999999252 0.499999999999875 0
27.449999999993 0.7499999999998228 0
26.99999999999347 0.9999999999997745 0
26.54999999999395 1.249999999999713 0
26.09999999999459 1.499999999999522 0
25.64999999999527 1.749999999999319 0
25.19999999999594 1.999999999999115 0
24.7499999999966 2.249999999998912 0
24.29999999999726 2.499999999998708 0
23.84999999999793 2.749999999998504 0
23.39999999999859 2.9999999999983 0
22.94999999999926 3.249999999998098 0
22.49999999999993 3.499999999997893 0
22.05000000000059 3.74999999999769 0
21.60000000000124 3.999999999997496 0
21.15000000000155 4.249999999997565 0
20.70000000000183 4.499999999997672 0
20.25000000000209 4.749999999997779 0
19.80000000000236 4.999999999997884 0
19.35000000000262 5.249999999997993 0
18.90000000000289 5.499999999998096 0
18.45000000000316 5.749999999998201 0
18.00000000000343 5.999999999998309 0
17.55000000000371 6.249999999998414 0
17.10000000000397 6.49999999999852 0
16.65000000000424 6.749999999998625 0
16.20000000000451 6.999999999998733 0
15.75000000000478 7.249999999998838 0
15.30000000000505 7.499999999998942 0
14.85000000000532 7.749999999999047 0
14.40000000000559 7.999999999999154 0
13.95000000000585 8.249999999999261 0
13.50000000000612 8.499999999999366 0
13.05000000000639 8.749999999999472 0
12.60000000000666 8.999999999999575 0
12.15000000000693 9.249999999999686 0
11.7000000000072 9.499999999999787 0
11.25000000000747 9.74999999999989 0
29.13749999999411 0.2499999999999533 0
28.67499999999458 0.499999999999884 0
28.21249999999502 0.7499999999998358 0
27.74999999999546 0.9999999999997906 0
27.28749999999592 1.249999999999734 0
26.82499999999654 1.499999999999557 0
26.36249999999718 1.749999999999368 0
25.89999999999781 1.999999999999179 0
25.43749999999845 2.24999999999899 0
24.97499999999911 2.499999999998801 0
24.51249999999974 2.749999999998612 0
24.05000000000038 2.999999999998422 0
23.58750000000102 3.249999999998234 0
23.12500000000167 3.499999999998045 0
22.6625000000023 3.749999999997856 0
22.20000000000293 3.999999999997677 0
21.73750000000321 4.249999999997739 0
21.27500000000345 4.499999999997839 0
20.81250000000368 4.74999999999794 0
20.3500000000039 4.999999999998037 0
19.88750000000415 5.249999999998136 0
19.42500000000437 5.499999999998235 0
18.96250000000461 5.749999999998334 0
18.50000000000484 5.999999999998431 0
18.03750000000507 6.249999999998528 0
17.57500000000531 6.499999999998627 0
17.11250000000554 6.749999999998725 0
16.65000000000578 6.999999999998823 0
16.18750000000601 7.24999999999892 0
15.72500000000625 7.499999999999017 0
15.26250000000648 7.749999999999117 0
14.80000000000671 7.999999999999215 0
14.33750000000694 8.249999999999316 0
13.87500000000718 8.499999999999412 0
13.41250000000741 8.74999999999951 0
12.95000000000765 8.999999999999607 0
12.48750000000788 9.249999999999705 0
12.02500000000811 9.499999999999803 0
11.56250000000835 9.749999999999899 0
29.92499999999614 0.2499999999999569 0
29.44999999999651 0.499999999999893 0
28.97499999999687 0.7499999999998485 0
28.49999999999723 0.9999999999998069 0
28.02499999999759 1.249999999999755 0
27.54999999999814 1.499999999999591 0
27.0749999999987 1.749999999999417 0
26.59999999999926 1.999999999999243 0
26.12499999999983 2.249999999999068 0
25.65000000000039 2.499999999998893 0
25.17500000000095 2.74999999999872 0
24.70000000000151 2.999999999998545 0
24.22500000000207 3.249999999998372 0
23.75000000000263 3.499999999998197 0
23.27500000000319 3.749999999998022 0
22.80000000000373 3.999999999997856 0
22.32500000000393 4.249999999997914 0
21.85000000000407 4.499999999998008 0
21.37500000000421 4.7499999999981 0
20.90000000000434 4.99999999999819 0
20.42500000000449 5.24999999999828 0
19.95000000000464 5.499999999998372 0
19.47500000000478 5.749999999998462 0
19.00000000000492 5.999999999998552 0
18.52500000000506 6.249999999998645 0
18.05000000000521 6.499999999998734 0
17.57500000000535 6.749999999998822 0
17.10000000000549 6.999999999998914 0
16.62500000000563 7.249999999999004 0
16.15000000000577 7.499999999999095 0
15.67500000000592 7.749999999999186 0
15.20000000000606 7.999999999999276 0
14.7250000000062 8.249999999999366 0
14.25000000000635 8.499999999999455 0
13.77500000000649 8.749999999999547 0
13.30000000000663 8.999999999999639 0
12.82500000000677 9.249999999999728 0
12.35000000000692 9.499999999999815 0
11.87500000000706 9.749999999999906 0
30.7124999999981 0.2499999999999605 0
30.22499999999836 0.4999999999999021 0
29.73749999999857 0.7499999999998611 0
29.24999999999877 0.9999999999998233 0
28.762499999999 1.249999999999775 0
28.27499999999942 1.499999999999625 0
27.78749999999983 1.749999999999465 0
27.30000000000027 1.999999999999306 0
26.81250000000069 2.249999999999146 0
26.32500000000111 2.499999999998987 0
25.83750000000154 2.749999999998827 0
25.35000000000197 2.999999999998668 0
24.86250000000239 3.249999999998508 0
24.37500000000282 3.499999999998348 0
23.88750000000324 3.749999999998188 0
23.40000000000364 3.999999999998035 0
22.9125000000037 4.24999999999809 0
22.4250000000037 4.499999999998175 0
21.93750000000369 4.74999999999826 0
21.45000000000368 4.999999999998343 0
20.96250000000368 5.249999999998426 0
20.47500000000367 5.499999999998508 0
19.98750000000366 5.749999999998592 0
19.50000000000367 5.999999999998674 0
19.01250000000366 6.249999999998758 0
18.52500000000366 6.49999999999884 0
18.03750000000365 6.749999999998922 0
17.55000000000365 6.999999999999004 0
17.06250000000365 7.249999999999088 0
16.57500000000364 7.49999999999917 0
16.08750000000363 7.749999999999254 0
15.60000000000363 7.999999999999336 0
15.11250000000362 8.249999999999424 0
14.62500000000362 8.499999999999504 0
14.13750000000362 8.749999999999586 0
13.65000000000362 8.999999999999668 0
13.16250000000361 9.24999999999975 0
12.67500000000361 9.499999999999829 0
12.18750000000361 9.749999999999917 0
2 2 0 741
1860
1861
1862
1863
1864
1865
1866
1867
1868
1869
1870
1871
1872
1873
1874
1875
1876
1877
1878
1879
1880
1881
1882
1883
1884
1885
1886
1887
1888
1889
1890
1891
1892
1893
1894
1895
1896
1897
1898
1899
1900
1901
1902
1903
1904
1905
1906
1907
1908
1909
1910
1911
1912
1913
1914
1915
1916
1917
1918
1919
1920
1921
1922
1923
1924
1925
1926
1927
1928
1929
1930
1931
1932
1933
1934
1935
1936
1937
1938
1939
1940
1941
1942
1943
1944
1945
1946
1947
1948
1949
1950
1951
1952
1953
1954
1955
1956
1957
1958
1959
1960
1961
1962
1963
1964
1965
1966
1967
1968
1969
1970
1971
1972
1973
1974
1975
1976
1977
1978
1979
1980
1981
1982
1983
1984
1985
1986
1987
1988
1989
1990
1991
1992
1993
1994
1995
1996
1997
1998
1999
2000
2001
2002
2003
2004
2005
2006
2007
2008
2009
2010
2011
2012
2013
2014
2015
2016
2017
2018
2019
2020
2021
2022
2023
2024
2025
2026
2027
2028
2029
2030
2031
2032
2033
2034
2035
2036
2037
2038
2039
2040
2041
2042
2043
2044
2045
2046
2047
2048
2049
2050
2051
2052
2053
2054
2055
2056
2057
2058
2059
2060
2061
2062
2063
2064
2065
2066
2067
2068
2069
2070
2071
2072
2073
2074
2075
2076
2077
2078
2079
2080
2081
2082
2083
2084
2085
2086
2087
2088
2089
2090
2091
2092
2093
2094
2095
2096
2097
2098
2099
2100
2101
2102
2103
2104
2105
2106
2107
2108
2109
2110
2111
2112
2113
2114
2115
2116
2117
2118
2119
2120
2121
2122
2123
2124
2125
2126
2127
2128
2129
2130
2131
2132
2133
2134
2135
2136
2137
2138
2139
2140
2141
2142
2143
2144
2145
2146
2147
2148
2149
2150
2151
2152
2153
2154
2155
2156
2157
2158
2159
2160
2161
2162
2163
2164
2165
2166
2167
2168
2169
2170
2171
2172
2173
2174
2175
2176
2177
2178
2179
2180
2181
2182
2183
2184
2185
2186
2187
2188
2189
2190
2191
2192
2193
2194
2195
2196
2197
2198
2199
2200
2201
2202
2203
2204
2205
2206
2207
2208
2209
2210
2211
2212
2213
2214
2215
2216
2217
2218
2219
2220
2221
2222
2223
2224
2225
2226
2227
2228
2229
2230
2231
2232
2233
2234
2235
2236
2237
2238
2239
2240
2241
2242
2243
2244
2245
2246
2247
2248
2249
2250
2251
2252
2253
2254
2255
2256
2257
2258
2259
2260
2261
2262
2263
2264
2265
2266
2267
2268
2269
2270
2271
2272
2273
2274
2275
2276
2277
2278
2279
2280
2281
2282
2283
2284
2285
2286
2287
2288
2289
2290
2291
2292
2293
2294
2295
2296
2297
2298
2299
2300
2301
2302
2303
2304
2305
2306
2307
2308
2309
2310
2311
2312
2313
2314
2315
2316
2317
2318
2319
2320
2321
2322
2323
2324
2325
2326
2327
2328
2329
2330
2331
2332
2333
2334
2335
2336
2337
2338
2339
2340
2341
2342
2343
2344
2345
2346
2347
2348
2349
2350
2351
2352
2353
2354
2355
2356
2357
2358
2359
2360
2361
2362
2363
2364
2365
2366
2367
2368
2369
2370
2371
2372
2373
2374
2375
2376
2377
2378
2379
2380
2381
2382
2383
2384
2385
2386
2387
2388
2389
2390
2391
2392
2393
2394
2395
2396
2397
2398
2399
2400
2401
2402
2403
2404
2405
2406
2407
2408
2409
2410
2411
2412
2413
2414
2415
2416
2417
2418
2419
2420
2421
2422
2423
2424
2425
2426
2427
2428
2429
2430
2431
2432
2433
2434
2435
2436
2437
2438
2439
2440
2441
2442
2443
2444
2445
2446
2447
2448
2449
2450
2451
2452
2453
2454
2455
2456
2457
2458
2459
2460
2461
2462
2463
2464
2465
2466
2467
2468
2469
2470
2471
2472
2473
2474
2475
2476
2477
2478
2479
2480
2481
2482
2483
2484
2485
2486
2487
2488
2489
2490
2491
2492
2493
2494
2495
2496
2497
2498
2499
2500
2501
2502
2503
2504
2505
2506
2507
2508
2509
2510
2511
2512
2513
2514
2515
2516
2517
2518
2519
2520
2521
2522
2523
2524
2525
2526
2527
2528
2529
2530
2531
2532
2533
2534
2535
2536
2537
2538
2539
2540
2541
2542
2543
2544
2545
2546
2547
2548
2549
2550
2551
2552
2553
2554
2555
2556
2557
2558
2559
2560
2561
2562
2563
2564
2565
2566
2567
2568
2569
2570
2571
2572
2573
2574
2575
2576
2577
2578
2579
2580
2581
2582
2583
2584
2585
2586
2587
2588
2589
2590
2591
2592
2593
2594
2595
2596
2597
2598
2599
2600
0.7999999999984876 -4.749999999999958 0.9499999999999916
0.7999999999984876 -4.499999999999919 0.8999999999999838
0.7999999999984876 -4.249999999999932 0.8499999999999862
0.7999999999984875 -3.999999999999996 0.7999999999999993
0.7999999999984878 -3.750000000000064 0.7500000000000129
0.7999999999984876 -3.500000000000131 0.7000000000000262
0.7999999999984875 -3.250000000000195 0.6500000000000391
0.7999999999984877 -3.000000000000261 0.6000000000000522
0.7999999999984877 -2.750000000000326 0.5500000000000653
0.7999999999984875 -2.500000000000389 0.5000000000000778
0.7999999999984874 -2.250000000000353 0.4500000000000707
0.7999999999984876 -2.000000000000315 0.4000000000000631
0.7999999999984878 -1.750000000000275 0.3500000000000552
0.7999999999984875 -1.500000000000235 0.3000000000000471
0.7999999999984876 -1.250000000000196 0.2500000000000394
0.7999999999984876 -1.000000000000157 0.2000000000000316
0.7999999999984876 -0.7500000000001181 0.1500000000000238
0.7999999999984876 -0.5000000000000792 0.100000000000016
0.7999999999984876 -0.250000000000039 0.05000000000000799
1.59999999999678 -4.749999999999959 0.9499999999999917
1.59999999999678 -4.499999999999919 0.8999999999999838
1.599999999996781 -4.249999999999931 0.8499999999999861
1.599999999996781 -3.999999999999996 0.7999999999999993
1.599999999996781 -3.750000000000064 0.7500000000000128
1.599999999996781 -3.500000000000131 0.7000000000000262
1.599999999996781 -3.250000000000195 0.6500000000000391
1.59999999999678 -3.000000000000261 0.6000000000000523
1.599999999996781 -2.750000000000326 0.5500000000000652
1.59999999999678 -2.500000000000389 0.5000000000000778
1.599999999996781 -2.250000000000353 0.4500000000000706
1.599999999996781 -2.000000000000314 0.400000000000063
1.59999999999678 -1.750000000000275 0.3500000000000552
1.599999999996781 -1.500000000000235 0.3000000000000471
1.599999999996781 -1.250000000000196 0.2500000000000393
1.599999999996781 -1.000000000000157 0.2000000000000315
1.599999999996781 -0.750000000000118 0.1500000000000238
1.599999999996781 -0.5000000000000792 0.100000000000016
1.599999999996781 -0.2500000000000391 0.050000000000008
2.399999999995278 -4.749999999999957 0.9499999999999914
2.399999999995278 -4.499999999999919 0.8999999999999838
2.399999999995278 -4.249999999999932 0.8499999999999862
2.399999999995278 -3.999999999999996 0.7999999999999993
2.399999999995278 -3.750000000000064 0.7500000000000129
2.399999999995278 -3.500000000000131 0.7000000000000262
2.399999999995278 -3.250000000000195 0.6500000000000391
2.399999999995278 -3.000000000000261 0.6000000000000522
2.399999999995278 -2.750000000000326 0.5500000000000652
2.399999999995278 -2.500000000000389 0.5000000000000778
2.399999999995278 -2.250000000000353 0.4500000000000707
2.399999999995278 -2.000000000000314 0.400000000000063
2.399999999995278 -1.750000000000275 0.3500000000000551
2.399999999995278 -1.500000000000235 0.3000000000000471
2.399999999995278 -1.250000000000196 0.2500000000000393
2.399999999995278 -1.000000000000157 0.2000000000000315
2.399999999995278 -0.7500000000001181 0.1500000000000238
2.399999999995278 -0.500000000000079 0.100000000000016
2.399999999995278 -0.250000000000039 0.05000000000000799
3.199999999994052 -4.749999999999958 0.9499999999999916
3.199999999994052 -4.499999999999919 0.8999999999999838
3.199999999994052 -4.249999999999932 0.8499999999999862
3.199999999994052 -3.999999999999996 0.7999999999999993
3.199999999994052 -3.750000000000064 0.7500000000000128
3.199999999994052 -3.500000000000131 0.7000000000000262
3.199999999994053 -3.250000000000195 0.6500000000000391
3.199999999994053 -3.000000000000261 0.6000000000000523
3.199999999994052 -2.750000000000326 0.5500000000000652
3.199999999994053 -2.500000000000389 0.5000000000000778
3.199999999994052 -2.250000000000353 0.4500000000000706
3.199999999994052 -2.000000000000315 0.4000000000000631
3.199999999994053 -1.750000000000275 0.3500000000000552
3.199999999994053 -1.500000000000235 0.3000000000000471
3.199999999994052 -1.250000000000196 0.2500000000000394
3.199999999994052 -1.000000000000157 0.2000000000000315
3.199999999994052 -0.7500000000001181 0.1500000000000238
3.199999999994052 -0.500000000000079 0.100000000000016
3.199999999994052 -0.2500000000000391 0.050000000000008
3.99999999999274 -4.749999999999958 0.9499999999999916
3.99999999999274 -4.499999999999917 0.8999999999999835
3.999999999992741 -4.249999999999932 0.8499999999999862
3.99999999999274 -3.999999999999996 0.7999999999999993
3.99999999999274 -3.750000000000064 0.7500000000000129
3.99999999999274 -3.500000000000131 0.7000000000000262
3.999999999992741 -3.250000000000196 0.6500000000000392
3.999999999992741 -3.000000000000261 0.6000000000000523
3.99999999999274 -2.750000000000326 0.5500000000000651
3.999999999992741 -2.500000000000389 0.5000000000000778
3.99999999999274 -2.250000000000353 0.4500000000000707
3.999999999992741 -2.000000000000315 0.4000000000000631
3.99999999999274 -1.750000000000275 0.3500000000000552
3.99999999999274 -1.500000000000235 0.3000000000000472
3.999999999992741 -1.250000000000196 0.2500000000000393
3.999999999992741 -1.000000000000157 0.2000000000000316
3.999999999992741 -0.7500000000001179 0.1500000000000237
3.99999999999274 -0.5000000000000792 0.100000000000016
3.99999999999274 -0.2500000000000391 0.050000000000008
4.79999999999049 -4.749999999999957 0.9499999999999914
4.799999999990492 -4.499999999999919 0.8999999999999838
4.799999999990494 -4.249999999999932 0.8499999999999862
4.799999999990492 -3.999999999999996 0.7999999999999993
4.799999999990492 -3.750000000000064 0.7500000000000129
4.799999999990492 -3.500000000000131 0.7000000000000262
4.799999999990492 -3.250000000000195 0.650000000000039
4.799999999990492 -3.000000000000261 0.6000000000000523
4.799999999990492 -2.750000000000326 0.5500000000000652
4.799999999990492 -2.500000000000389 0.5000000000000778
4.799999999990492 -2.250000000000353 0.4500000000000706
4.799999999990492 -2.000000000000314 0.400000000000063
4.799999999990492 -1.750000000000275 0.3500000000000552
4.799999999990492 -1.500000000000235 0.3000000000000471
4.799999999990492 -1.250000000000196 0.2500000000000393
4.799999999990492 -1.000000000000157 0.2000000000000316
4.799999999990492 -0.7500000000001181 0.1500000000000238
4.799999999990492 -0.500000000000079 0.100000000000016
4.799999999990492 -0.2500000000000391 0.050000000000008
5.599999999988157 -4.749999999999957 0.9499999999999914
5.599999999988158 -4.499999999999919 0.8999999999999838
5.599999999988157 -4.249999999999932 0.8499999999999862
5.599999999988157 -3.999999999999997 0.7999999999999995
5.599999999988157 -3.750000000000064 0.7500000000000128
5.599999999988157 -3.500000000000131 0.7000000000000262
5.599999999988157 -3.250000000000196 0.6500000000000392
5.599999999988157 -3.000000000000262 0.6000000000000524
5.599999999988157 -2.750000000000326 0.5500000000000653
5.599999999988157 -2.500000000000389 0.5000000000000778
5.599999999988157 -2.250000000000353 0.4500000000000707
5.599999999988157 -2.000000000000314 0.400000000000063
5.599999999988157 -1.750000000000275 0.3500000000000551
5.599999999988157 -1.500000000000235 0.3000000000000471
5.599999999988157 -1.250000000000196 0.2500000000000394
5.599999999988157 -1.000000000000157 0.2000000000000316
5.599999999988157 -0.750000000000118 0.1500000000000238
5.599999999988157 -0.5000000000000792 0.100000000000016
5.599999999988157 -0.250000000000039 0.05000000000000799
6.399999999985821 -4.749999999999958 0.9499999999999916
6.399999999985821 -4.499999999999919 0.8999999999999838
6.39999999998582 -4.249999999999932 0.8499999999999862
6.399999999985821 -3.999999999999997 0.7999999999999995
6.399999999985821 -3.750000000000064 0.7500000000000128
6.399999999985821 -3.500000000000131 0.7000000000000262
6.399999999985821 -3.250000000000196 0.6500000000000392
6.399999999985821 -3.00000000000026 0.600000000000052
6.399999999985823 -2.750000000000326 0.5500000000000651
6.399999999985821 -2.500000000000388 0.5000000000000776
6.399999999985821 -2.250000000000353 0.4500000000000707
6.399999999985821 -2.000000000000315 0.4000000000000631
6.399999999985821 -1.750000000000275 0.3500000000000552
6.399999999985821 -1.500000000000235 0.3000000000000471
6.399999999985821 -1.250000000000196 0.2500000000000394
6.399999999985821 -1.000000000000157 0.2000000000000316
6.399999999985821 -0.7500000000001182 0.1500000000000238
6.399999999985821 -0.5000000000000792 0.100000000000016
6.399999999985821 -0.2500000000000391 0.050000000000008
7.199999999983488 -4.749999999999958 0.9499999999999916
7.199999999983485 -4.499999999999919 0.8999999999999838
7.199999999983486 -4.249999999999932 0.8499999999999862
7.199999999983486 -3.999999999999996 0.7999999999999993
7.199999999983486 -3.750000000000065 0.750000000000013
7.199999999983486 -3.500000000000131 0.7000000000000262
7.199999999983486 -3.250000000000195 0.6500000000000391
7.199999999983486 -3.000000000000261 0.6000000000000523
7.199999999983486 -2.750000000000326 0.5500000000000652
7.199999999983486 -2.500000000000389 0.5000000000000778
7.199999999983486 -2.250000000000353 0.4500000000000707
7.199999999983486 -2.000000000000314 0.400000000000063
7.199999999983486 -1.750000000000275 0.3500000000000552
7.199999999983486 -1.500000000000236 0.3000000000000472
7.199999999983486 -1.250000000000196 0.2500000000000393
7.199999999983486 -1.000000000000157 0.2000000000000316
7.199999999983486 -0.7500000000001181 0.1500000000000238
7.199999999983486 -0.5000000000000792 0.100000000000016
7.199999999983486 -0.250000000000039 0.05000000000000799
7.99999999998115 -4.749999999999958 0.9499999999999916
7.99999999998115 -4.499999999999919 0.8999999999999838
7.999999999981149 -4.249999999999932 0.8499999999999862
7.999999999981149 -3.999999999999996 0.7999999999999993
7.999999999981148 -3.750000000000064 0.7500000000000129
7.999999999981152 -3.500000000000131 0.7000000000000262
7.999999999981148 -3.250000000000196 0.6500000000000393
7.999999999981149 -3.000000000000262 0.6000000000000524
7.99999999998115 -2.750000000000326 0.5500000000000653
7.999999999981151 -2.500000000000389 0.5000000000000778
7.999999999981151 -2.250000000000353 0.4500000000000707
7.999999999981148 -2.000000000000314 0.400000000000063
7.99999999998115 -1.750000000000275 0.3500000000000551
7.999999999981148 -1.500000000000236 0.3000000000000472
7.99999999998115 -1.250000000000196 0.2500000000000394
7.999999999981149 -1.000000000000157 0.2000000000000315
7.999999999981151 -0.7500000000001181 0.1500000000000238
7.999999999981148 -0.500000000000079 0.100000000000016
7.99999999998115 -0.250000000000039 0.05000000000000799
8.799999999978819 -4.749999999999957 0.9499999999999914
8.799999999978816 -4.499999999999919 0.8999999999999838
8.799999999978812 -4.249999999999932 0.8499999999999864
8.799999999978816 -3.999999999999996 0.7999999999999993
8.799999999978816 -3.750000000000064 0.7500000000000129
8.799999999978816 -3.500000000000131 0.7000000000000262
8.799999999978816 -3.250000000000195 0.6500000000000391
8.799999999978816 -3.000000000000261 0.6000000000000523
8.799999999978816 -2.750000000000326 0.5500000000000653
8.799999999978816 -2.500000000000389 0.5000000000000778
8.799999999978816 -2.250000000000353 0.4500000000000707
8.799999999978816 -2.000000000000315 0.4000000000000631
8.799999999978816 -1.750000000000275 0.3500000000000552
8.799999999978816 -1.500000000000235 0.3000000000000471
8.799999999978816 -1.250000000000196 0.2500000000000394
8.799999999978816 -1.000000000000157 0.2000000000000316
8.799999999978816 -0.7500000000001181 0.1500000000000238
8.799999999978816 -0.500000000000079 0.100000000000016
8.799999999978816 -0.250000000000039 0.05000000000000799
9.599999999976481 -4.749999999999958 0.9499999999999916
9.599999999976479 -4.499999999999919 0.8999999999999838
9.599999999976477 -4.249999999999932 0.8499999999999862
9.599999999976481 -3.999999999999997 0.7999999999999995
9.599999999976481 -3.750000000000064 0.7500000000000129
9.599999999976481 -3.50000000000013 0.700000000000026
9.599999999976481 -3.250000000000195 0.6500000000000391
9.599999999976481 -3.000000000000262 0.6000000000000524
9.599999999976479 -2.750000000000326 0.5500000000000653
9.599999999976481 -2.500000000000389 0.5000000000000778
9.599999999976481 -2.250000000000353 0.4500000000000707
9.599999999976481 -2.000000000000314 0.400000000000063
9.599999999976481 -1.750000000000275 0.3500000000000552
9.599999999976481 -1.500000000000235 0.3000000000000471
9.599999999976481 -1.250000000000196 0.2500000000000394
9.599999999976481 -1.000000000000157 0.2000000000000316
9.599999999976481 -0.7500000000001182 0.1500000000000238
9.599999999976481 -0.5000000000000792 0.100000000000016
9.599999999976481 -0.250000000000039 0.05000000000000799
10.39999999997415 -4.749999999999958 0.9499999999999916
10.39999999997415 -4.499999999999919 0.8999999999999838
10.39999999997415 -4.249999999999932 0.8499999999999862
10.39999999997415 -3.999999999999996 0.7999999999999993
10.39999999997415 -3.750000000000064 0.7500000000000129
10.39999999997415 -3.500000000000131 0.7000000000000262
10.39999999997415 -3.250000000000196 0.6500000000000392
10.39999999997415 -3.000000000000261 0.6000000000000523
10.39999999997415 -2.750000000000326 0.5500000000000653
10.39999999997415 -2.500000000000389 0.5000000000000778
10.39999999997415 -2.250000000000353 0.4500000000000707
10.39999999997415 -2.000000000000314 0.400000000000063
10.39999999997415 -1.750000000000275 0.3500000000000551
10.39999999997415 -1.500000000000235 0.3000000000000471
10.39999999997415 -1.250000000000196 0.2500000000000393
10.39999999997415 -1.000000000000157 0.2000000000000316
10.39999999997415 -0.7500000000001181 0.1500000000000238
10.39999999997415 -0.500000000000079 0.100000000000016
10.39999999997415 -0.250000000000039 0.05000000000000799
11.19999999997181 -4.749999999999958 0.9499999999999916
11.19999999997181 -4.499999999999919 0.8999999999999838
11.19999999997181 -4.249999999999932 0.8499999999999862
11.19999999997181 -3.999999999999997 0.7999999999999995
11.19999999997181 -3.750000000000064 0.7500000000000127
11.19999999997181 -3.500000000000131 0.7000000000000262
11.19999999997181 -3.250000000000196 0.6500000000000392
11.19999999997181 -3.000000000000261 0.6000000000000523
11.19999999997181 -2.750000000000326 0.5500000000000652
11.19999999997181 -2.500000000000388 0.5000000000000777
11.19999999997181 -2.250000000000353 0.4500000000000707
11.19999999997181 -2.000000000000314 0.400000000000063
11.19999999997181 -1.750000000000275 0.3500000000000552
11.19999999997181 -1.500000000000236 0.3000000000000472
11.19999999997181 -1.250000000000196 0.2500000000000394
11.19999999997181 -1.000000000000157 0.2000000000000316
11.19999999997181 -0.750000000000118 0.1500000000000238
11.19999999997181 -0.500000000000079 0.100000000000016
11.19999999997181 -0.250000000000039 0.05000000000000799
11.99999999996948 -4.749999999999957 0.9499999999999914
11.99999999996948 -4.499999999999919 0.8999999999999838
11.99999999996948 -4.249999999999932 0.8499999999999862
11.99999999996948 -3.999999999999996 0.7999999999999993
11.99999999996948 -3.750000000000064 0.7500000000000129
11.99999999996948 -3.500000000000131 0.7000000000000262
11.99999999996948 -3.250000000000196 0.6500000000000392
11.99999999996947 -3.000000000000261 0.6000000000000523
11.99999999996948 -2.750000000000326 0.5500000000000653
11.99999999996948 -2.500000000000389 0.5000000000000778
11.99999999996948 -2.250000000000353 0.4500000000000707
11.99999999996948 -2.000000000000314 0.400000000000063
11.99999999996948 -1.750000000000275 0.3500000000000552
11.99999999996948 -1.500000000000235 0.3000000000000471
11.99999999996948 -1.250000000000196 0.2500000000000394
11.99999999996948 -1.000000000000157 0.2000000000000315
11.99999999996948 -0.7500000000001182 0.1500000000000238
11.99999999996948 -0.500000000000079 0.100000000000016
11.99999999996948 -0.250000000000039 0.05000000000000799
12.79999999996714 -4.749999999999956 0.9499999999999913
12.79999999996714 -4.499999999999919 0.8999999999999838
12.79999999996714 -4.249999999999932 0.8499999999999864
12.79999999996714 -3.999999999999997 0.7999999999999995
12.79999999996714 -3.750000000000064 0.7500000000000129
12.79999999996714 -3.500000000000131 0.7000000000000262
12.79999999996714 -3.250000000000196 0.6500000000000392
12.79999999996714 -3.00000000000026 0.600000000000052
12.79999999996714 -2.750000000000326 0.5500000000000653
12.79999999996714 -2.500000000000389 0.5000000000000778
12.79999999996714 -2.250000000000353 0.4500000000000707
12.79999999996714 -2.000000000000315 0.4000000000000631
12.79999999996714 -1.750000000000275 0.3500000000000552
12.79999999996714 -1.500000000000235 0.3000000000000471
12.79999999996714 -1.250000000000196 0.2500000000000394
12.79999999996714 -1.000000000000157 0.2000000000000316
12.79999999996714 -0.7500000000001182 0.1500000000000238
12.79999999996714 -0.5000000000000792 0.100000000000016
12.79999999996714 -0.250000000000039 0.05000000000000799
13.5999999999648 -4.749999999999957 0.9499999999999914
13.5999999999648 -4.499999999999919 0.8999999999999838
13.5999999999648 -4.249999999999932 0.8499999999999862
13.5999999999648 -3.999999999999996 0.7999999999999993
13.5999999999648 -3.750000000000064 0.7500000000000129
13.5999999999648 -3.500000000000131 0.7000000000000262
13.59999999996481 -3.250000000000195 0.6500000000000391
13.5999999999648 -3.000000000000261 0.6000000000000523
13.5999999999648 -2.750000000000326 0.5500000000000653
13.5999999999648 -2.500000000000389 0.5000000000000778
13.5999999999648 -2.250000000000353 0.4500000000000706
13.5999999999648 -2.000000000000314 0.400000000000063
13.5999999999648 -1.750000000000275 0.3500000000000552
13.5999999999648 -1.500000000000235 0.3000000000000471
13.5999999999648 -1.250000000000196 0.2500000000000393
13.5999999999648 -1.000000000000157 0.2000000000000316
13.5999999999648 -0.7500000000001181 0.1500000000000238
13.5999999999648 -0.5000000000000792 0.100000000000016
13.5999999999648 -0.250000000000039 0.05000000000000799
14.39999999996247 -4.749999999999959 0.9499999999999917
14.39999999996247 -4.499999999999919 0.8999999999999838
14.39999999996247 -4.249999999999932 0.8499999999999862
14.39999999996247 -3.999999999999996 0.7999999999999993
14.39999999996247 -3.750000000000064 0.7500000000000128
14.39999999996247 -3.500000000000131 0.7000000000000262
14.39999999996247 -3.250000000000195 0.650000000000039
14.39999999996247 -3.000000000000261 0.6000000000000523
14.39999999996247 -2.750000000000326 0.5500000000000653
14.39999999996247 -2.500000000000389 0.5000000000000778
14.39999999996247 -2.250000000000353 0.4500000000000707
14.39999999996247 -2.000000000000314 0.400000000000063
14.39999999996247 -1.750000000000275 0.3500000000000551
14.39999999996247 -1.500000000000235 0.3000000000000472
14.39999999996247 -1.250000000000197 0.2500000000000394
14.39999999996247 -1.000000000000157 0.2000000000000315
14.39999999996247 -0.7500000000001181 0.1500000000000238
14.39999999996247 -0.500000000000079 0.100000000000016
14.39999999996247 -0.250000000000039 0.05000000000000798
15.19999999996013 -4.749999999999957 0.9499999999999914
15.19999999996013 -4.499999999999919 0.8999999999999838
15.19999999996013 -4.249999999999932 0.8499999999999862
15.19999999996013 -3.999999999999997 0.7999999999999995
15.19999999996013 -3.750000000000064 0.7500000000000129
15.19999999996013 -3.500000000000131 0.7000000000000262
15.19999999996013 -3.250000000000195 0.6500000000000391
15.19999999996013 -3.000000000000261 0.6000000000000523
15.19999999996013 -2.750000000000326 0.5500000000000653
15.19999999996013 -2.500000000000389 0.5000000000000778
15.19999999996013 -2.250000000000353 0.4500000000000707
15.19999999996013 -2.000000000000314 0.400000000000063
15.19999999996013 -1.750000000000275 0.3500000000000552
15.19999999996013 -1.500000000000235 0.3000000000000471
15.19999999996013 -1.250000000000196 0.2500000000000393
15.19999999996013 -1.000000000000157 0.2000000000000316
15.19999999996013 -0.7500000000001181 0.1500000000000238
15.19999999996013 -0.5000000000000792 0.100000000000016
15.19999999996013 -0.250000000000039 0.05000000000000799
15.99999999995814 -4.749999999999958 0.9499999999999916
15.99999999995815 -4.499999999999917 0.8999999999999835
15.99999999995815 -4.249999999999932 0.8499999999999862
15.99999999995814 -3.999999999999997 0.7999999999999995
15.99999999995815 -3.750000000000064 0.7500000000000129
15.99999999995815 -3.50000000000013 0.700000000000026
15.99999999995815 -3.250000000000196 0.6500000000000392
15.99999999995815 -3.00000000000026 0.600000000000052
15.99999999995815 -2.750000000000326 0.5500000000000653
15.99999999995815 -2.500000000000389 0.5000000000000778
15.99999999995815 -2.250000000000353 0.4500000000000707
15.99999999995815 -2.000000000000315 0.4000000000000631
15.99999999995815 -1.750000000000275 0.3500000000000552
15.99999999995815 -1.500000000000235 0.3000000000000471
15.99999999995815 -1.250000000000196 0.2500000000000394
15.99999999995814 -1.000000000000157 0.2000000000000315
15.99999999995814 -0.7500000000001182 0.1500000000000238
15.99999999995814 -0.5000000000000792 0.100000000000016
15.99999999995814 -0.250000000000039 0.05000000000000799
16.79999999995991 -4.749999999999958 0.9499999999999916
16.79999999995991 -4.499999999999919 0.8999999999999838
16.79999999995991 -4.249999999999932 0.8499999999999862
16.79999999995991 -3.999999999999996 0.7999999999999993
16.79999999995991 -3.750000000000064 0.7500000000000129
16.79999999995991 -3.500000000000131 0.7000000000000262
16.79999999995991 -3.250000000000196 0.6500000000000392
16.79999999995991 -3.000000000000261 0.6000000000000523
16.79999999995991 -2.750000000000326 0.5500000000000653
16.79999999995991 -2.500000000000389 0.5000000000000778
16.79999999995991 -2.250000000000353 0.4500000000000707
16.79999999995991 -2.000000000000315 0.4000000000000631
16.79999999995991 -1.750000000000275 0.3500000000000552
16.79999999995991 -1.500000000000235 0.3000000000000471
16.79999999995991 -1.250000000000196 0.2500000000000394
16.79999999995991 -1.000000000000157 0.2000000000000315
16.79999999995991 -0.7500000000001182 0.1500000000000238
16.79999999995991 -0.5000000000000792 0.100000000000016
16.79999999995991 -0.250000000000039 0.05000000000000799
17.59999999996203 -4.749999999999957 0.9499999999999914
17.59999999996202 -4.499999999999919 0.8999999999999838
17.59999999996202 -4.249999999999932 0.8499999999999862
17.59999999996202 -3.999999999999996 0.7999999999999993
17.59999999996202 -3.750000000000064 0.7500000000000129
17.59999999996202 -3.500000000000131 0.7000000000000262
17.59999999996202 -3.250000000000195 0.6500000000000391
17.59999999996202 -3.000000000000261 0.6000000000000523
17.59999999996202 -2.750000000000326 0.5500000000000653
17.59999999996202 -2.500000000000389 0.5000000000000778
17.59999999996202 -2.250000000000353 0.4500000000000707
17.59999999996202 -2.000000000000314 0.400000000000063
17.59999999996202 -1.750000000000275 0.3500000000000552
17.59999999996202 -1.500000000000235 0.3000000000000471
17.59999999996202 -1.250000000000196 0.2500000000000394
17.59999999996202 -1.000000000000157 0.2000000000000315
17.59999999996202 -0.7500000000001182 0.1500000000000238
17.59999999996202 -0.5000000000000792 0.100000000000016
17.59999999996202 -0.250000000000039 0.05000000000000799
18.39999999996413 -4.749999999999957 0.9499999999999914
18.39999999996413 -4.499999999999919 0.8999999999999838
18.39999999996412 -4.249999999999932 0.8499999999999862
18.39999999996413 -3.999999999999997 0.7999999999999995
18.39999999996413 -3.750000000000064 0.7500000000000129
18.39999999996413 -3.500000000000131 0.7000000000000262
18.39999999996413 -3.250000000000195 0.6500000000000391
18.39999999996413 -3.000000000000261 0.6000000000000523
18.39999999996413 -2.750000000000326 0.5500000000000653
18.39999999996413 -2.500000000000389 0.5000000000000778
18.39999999996413 -2.250000000000353 0.4500000000000707
18.39999999996413 -2.000000000000315 0.4000000000000631
18.39999999996413 -1.750000000000275 0.3500000000000552
18.39999999996413 -1.500000000000235 0.3000000000000471
18.39999999996413 -1.250000000000196 0.2500000000000394
18.39999999996413 -1.000000000000157 0.2000000000000316
18.39999999996413 -0.7500000000001181 0.1500000000000238
18.39999999996413 -0.5000000000000792 0.100000000000016
18.39999999996413 -0.250000000000039 0.05000000000000799
19.19999999996624 -4.749999999999958 0.9499999999999916
19.19999999996624 -4.499999999999919 0.8999999999999838
19.19999999996624 -4.249999999999932 0.8499999999999862
19.19999999996624 -3.999999999999997 0.7999999999999995
19.19999999996625 -3.750000000000064 0.7500000000000129
19.19999999996624 -3.500000000000131 0.7000000000000262
19.19999999996624 -3.250000000000195 0.6500000000000391
19.19999999996624 -3.000000000000261 0.6000000000000523
19.19999999996624 -2.750000000000326 0.5500000000000653
19.19999999996624 -2.500000000000389 0.5000000000000778
19.19999999996624 -2.250000000000353 0.4500000000000707
19.19999999996624 -2.000000000000314 0.400000000000063
19.19999999996624 -1.750000000000275 0.3500000000000552
19.19999999996624 -1.500000000000235 0.3000000000000471
19.19999999996624 -1.250000000000196 0.2500000000000394
19.19999999996624 -1.000000000000157 0.2000000000000315
19.19999999996624 -0.7500000000001181 0.1500000000000238
19.19999999996624 -0.5000000000000792 0.100000000000016
19.19999999996624 -0.250000000000039 0.05000000000000799
19.99999999996835 -4.749999999999957 0.9499999999999914
19.99999999996835 -4.499999999999919 0.8999999999999838
19.99999999996835 -4.249999999999932 0.8499999999999862
19.99999999996835 -3.999999999999997 0.7999999999999995
19.99999999996835 -3.750000000000064 0.7500000000000129
19.99999999996835 -3.500000000000131 0.7000000000000262
19.99999999996835 -3.250000000000195 0.6500000000000391
19.99999999996835 -3.000000000000261 0.6000000000000523
19.99999999996835 -2.750000000000326 0.5500000000000653
19.99999999996835 -2.500000000000389 0.5000000000000778
19.99999999996835 -2.250000000000353 0.4500000000000707
19.99999999996835 -2.000000000000314 0.400000000000063
19.99999999996835 -1.750000000000275 0.3500000000000552
19.99999999996835 -1.500000000000235 0.3000000000000471
19.99999999996835 -1.250000000000196 0.2500000000000394
19.99999999996835 -1.000000000000157 0.2000000000000315
19.99999999996835 -0.7500000000001182 0.1500000000000238
19.99999999996835 -0.5000000000000792 0.100000000000016
19.99999999996835 -0.250000000000039 0.05000000000000799
20.79999999997046 -4.749999999999958 0.9499999999999916
20.79999999997046 -4.499999999999919 0.8999999999999838
20.79999999997046 -4.249999999999932 0.8499999999999862
20.79999999997046 -3.999999999999996 0.7999999999999993
20.79999999997046 -3.750000000000064 0.7500000000000129
20.79999999997046 -3.500000000000131 0.7000000000000262
20.79999999997046 -3.250000000000195 0.6500000000000391
20.79999999997046 -3.000000000000261 0.6000000000000523
20.79999999997046 -2.750000000000326 0.5500000000000652
20.79999999997046 -2.500000000000389 0.5000000000000778
20.79999999997046 -2.250000000000353 0.4500000000000707
20.79999999997046 -2.000000000000314 0.400000000000063
20.79999999997046 -1.750000000000275 0.3500000000000552
20.79999999997046 -1.500000000000235 0.3000000000000471
20.79999999997046 -1.250000000000196 0.2500000000000394
20.79999999997046 -1.000000000000157 0.2000000000000316
20.79999999997046 -0.7500000000001181 0.1500000000000238
20.79999999997046 -0.500000000000079 0.100000000000016
20.79999999997046 -0.250000000000039 0.05000000000000799
21.59999999997257 -4.749999999999957 0.9499999999999914
21.59999999997256 -4.499999999999919 0.8999999999999838
21.59999999997257 -4.249999999999932 0.8499999999999862
21.59999999997257 -3.999999999999996 0.7999999999999993
21.59999999997257 -3.750000000000064 0.7500000000000129
21.59999999997257 -3.500000000000131 0.7000000000000262
21.59999999997257 -3.250000000000195 0.6500000000000391
21.59999999997257 -3.00000000000026 0.600000000000052
21.59999999997257 -2.750000000000326 0.5500000000000653
21.59999999997257 -2.500000000000388 0.5000000000000777
21.59999999997257 -2.250000000000353 0.4500000000000707
21.59999999997257 -2.000000000000315 0.4000000000000631
21.59999999997257 -1.750000000000275 0.3500000000000552
21.59999999997257 -1.500000000000235 0.3000000000000471
21.59999999997257 -1.250000000000196 0.2500000000000394
21.59999999997257 -1.000000000000157 0.2000000000000316
21.59999999997257 -0.7500000000001181 0.1500000000000238
21.59999999997257 -0.500000000000079 0.100000000000016
21.59999999997257 -0.250000000000039 0.05000000000000799
22.39999999997468 -4.749999999999957 0.9499999999999914
22.39999999997468 -4.499999999999919 0.8999999999999838
22.39999999997469 -4.249999999999932 0.8499999999999862
22.39999999997468 -3.999999999999996 0.7999999999999993
22.39999999997468 -3.750000000000064 0.7500000000000129
22.39999999997468 -3.500000000000131 0.7000000000000262
22.39999999997468 -3.250000000000195 0.6500000000000391
22.39999999997468 -3.000000000000261 0.6000000000000523
22.39999999997468 -2.750000000000326 0.5500000000000653
22.39999999997468 -2.500000000000389 0.5000000000000778
22.39999999997468 -2.250000000000353 0.4500000000000707
22.39999999997468 -2.000000000000315 0.4000000000000631
22.39999999997468 -1.750000000000275 0.3500000000000551
22.39999999997468 -1.500000000000235 0.3000000000000471
22.39999999997468 -1.250000000000196 0.2500000000000394
22.39999999997468 -1.000000000000157 0.2000000000000316
22.39999999997468 -0.750000000000118 0.1500000000000238
22.39999999997468 -0.5000000000000792 0.100000000000016
22.39999999997468 -0.250000000000039 0.05000000000000799
23.19999999997679 -4.749999999999958 0.9499999999999916
23.19999999997679 -4.499999999999919 0.8999999999999838
23.19999999997679 -4.249999999999932 0.8499999999999862
23.19999999997679 -3.999999999999996 0.7999999999999993
23.19999999997678 -3.750000000000064 0.7500000000000129
23.19999999997679 -3.500000000000131 0.7000000000000262
23.19999999997679 -3.250000000000195 0.6500000000000391
23.19999999997679 -3.000000000000261 0.6000000000000523
23.19999999997679 -2.750000000000326 0.5500000000000652
23.19999999997679 -2.500000000000389 0.5000000000000778
23.19999999997679 -2.250000000000353 0.4500000000000707
23.19999999997679 -2.000000000000314 0.400000000000063
23.19999999997679 -1.750000000000275 0.3500000000000552
23.19999999997679 -1.500000000000235 0.3000000000000471
23.19999999997679 -1.250000000000196 0.2500000000000394
23.19999999997679 -1.000000000000157 0.2000000000000315
23.19999999997679 -0.7500000000001182 0.1500000000000238
23.19999999997679 -0.5000000000000792 0.100000000000016
23.19999999997679 -0.250000000000039 0.05000000000000799
23.9999999999789 -4.749999999999957 0.9499999999999914
23.9999999999789 -4.499999999999919 0.8999999999999838
23.9999999999789 -4.249999999999932 0.8499999999999862
23.99999999997891 -3.999999999999997 0.7999999999999995
23.9999999999789 -3.750000000000064 0.7500000000000129
23.99999999997889 -3.500000000000131 0.7000000000000262
23.9999999999789 -3.250000000000195 0.6500000000000391
23.9999999999789 -3.000000000000261 0.6000000000000523
23.9999999999789 -2.750000000000326 0.5500000000000653
23.9999999999789 -2.500000000000389 0.5000000000000778
23.9999999999789 -2.250000000000353 0.4500000000000707
23.99999999997889 -2.000000000000315 0.4000000000000631
23.9999999999789 -1.750000000000275 0.3500000000000552
23.9999999999789 -1.500000000000235 0.3000000000000471
23.9999999999789 -1.250000000000196 0.2500000000000394
23.9999999999789 -1.000000000000157 0.2000000000000315
23.9999999999789 -0.7500000000001181 0.1500000000000238
23.9999999999789 -0.5000000000000792 0.100000000000016
23.9999999999789 -0.2500000000000391 0.050000000000008
24.79999999998102 -4.749999999999957 0.9499999999999914
24.799999999981 -4.499999999999919 0.8999999999999838
24.79999999998101 -4.249999999999932 0.8499999999999862
24.79999999998101 -3.999999999999997 0.7999999999999995
24.79999999998101 -3.750000000000064 0.7500000000000129
24.79999999998101 -3.500000000000131 0.7000000000000262
24.799999999981 -3.250000000000196 0.6500000000000392
24.79999999998101 -3.000000000000262 0.6000000000000524
24.79999999998101 -2.750000000000326 0.5500000000000653
24.799999999981 -2.500000000000389 0.5000000000000778
24.79999999998101 -2.250000000000353 0.4500000000000707
24.79999999998101 -2.000000000000314 0.400000000000063
24.79999999998101 -1.750000000000275 0.3500000000000551
24.79999999998101 -1.500000000000235 0.3000000000000471
24.79999999998101 -1.250000000000196 0.2500000000000394
24.79999999998101 -1.000000000000157 0.2000000000000315
24.79999999998101 -0.7500000000001182 0.1500000000000238
24.79999999998101 -0.5000000000000792 0.100000000000016
24.79999999998101 -0.2500000000000391 0.050000000000008
25.59999999998312 -4.749999999999958 0.9499999999999916
25.59999999998312 -4.499999999999919 0.8999999999999838
25.59999999998312 -4.249999999999932 0.8499999999999862
25.59999999998312 -3.999999999999996 0.7999999999999993
25.59999999998312 -3.750000000000064 0.7500000000000129
25.59999999998312 -3.50000000000013 0.7000000000000259
25.59999999998312 -3.250000000000195 0.6500000000000391
25.59999999998312 -3.000000000000261 0.6000000000000523
25.59999999998312 -2.750000000000326 0.5500000000000653
25.59999999998312 -2.500000000000389 0.5000000000000778
25.59999999998312 -2.250000000000353 0.4500000000000707
25.59999999998312 -2.000000000000314 0.400000000000063
25.59999999998312 -1.750000000000275 0.3500000000000552
25.59999999998312 -1.500000000000235 0.3000000000000471
25.59999999998312 -1.250000000000196 0.2500000000000394
25.59999999998312 -1.000000000000157 0.2000000000000315
25.59999999998312 -0.7500000000001181 0.1500000000000238
25.59999999998312 -0.500000000000079 0.100000000000016
25.59999999998312 -0.2500000000000391 0.050000000000008
26.39999999998523 -4.749999999999958 0.9499999999999916
26.39999999998523 -4.499999999999919 0.8999999999999838
26.39999999998523 -4.249999999999932 0.8499999999999862
26.39999999998523 -3.999999999999997 0.7999999999999995
26.39999999998523 -3.750000000000064 0.7500000000000129
26.39999999998523 -3.500000000000131 0.7000000000000262
26.39999999998523 -3.250000000000195 0.650000000000039
26.39999999998523 -3.000000000000261 0.6000000000000523
26.39999999998523 -2.750000000000326 0.5500000000000653
26.39999999998523 -2.500000000000389 0.5000000000000778
26.39999999998523 -2.250000000000353 0.4500000000000707
26.39999999998523 -2.000000000000315 0.4000000000000631
26.39999999998523 -1.750000000000275 0.3500000000000552
26.39999999998523 -1.500000000000235 0.3000000000000471
26.39999999998523 -1.250000000000196 0.2500000000000392
26.39999999998523 -1.000000000000157 0.2000000000000316
26.39999999998523 -0.7500000000001181 0.1500000000000238
26.39999999998523 -0.500000000000079 0.100000000000016
26.39999999998523 -0.2500000000000391 0.050000000000008
27.19999999998734 -4.749999999999957 0.9499999999999914
27.19999999998734 -4.499999999999919 0.8999999999999838
27.19999999998734 -4.249999999999932 0.8499999999999862
27.19999999998734 -3.999999999999996 0.7999999999999993
27.19999999998734 -3.750000000000064 0.7500000000000129
27.19999999998734 -3.500000000000131 0.7000000000000262
27.19999999998734 -3.250000000000196 0.6500000000000392
27.19999999998734 -3.000000000000262 0.6000000000000524
27.19999999998734 -2.750000000000326 0.5500000000000653
27.19999999998734 -2.500000000000389 0.5000000000000778
27.19999999998734 -2.250000000000353 0.4500000000000706
27.19999999998734 -2.000000000000315 0.4000000000000631
27.19999999998734 -1.750000000000275 0.3500000000000552
27.19999999998734 -1.500000000000235 0.3000000000000471
27.19999999998734 -1.250000000000196 0.2500000000000393
27.19999999998734 -1.000000000000157 0.2000000000000316
27.19999999998734 -0.7500000000001181 0.1500000000000238
27.19999999998734 -0.500000000000079 0.100000000000016
27.19999999998734 -0.2500000000000391 0.050000000000008
27.99999999998945 -4.749999999999957 0.9499999999999914
27.99999999998946 -4.499999999999919 0.8999999999999838
27.99999999998946 -4.249999999999932 0.8499999999999862
27.99999999998945 -3.999999999999996 0.7999999999999993
27.99999999998946 -3.750000000000064 0.7500000000000129
27.99999999998946 -3.500000000000131 0.7000000000000263
27.99999999998946 -3.250000000000195 0.6500000000000391
27.99999999998945 -3.000000000000261 0.6000000000000523
27.99999999998945 -2.750000000000326 0.5500000000000653
27.99999999998945 -2.500000000000389 0.5000000000000778
27.99999999998945 -2.250000000000353 0.4500000000000707
27.99999999998945 -2.000000000000314 0.400000000000063
27.99999999998945 -1.750000000000275 0.3500000000000552
27.99999999998946 -1.500000000000235 0.3000000000000471
27.99999999998946 -1.250000000000196 0.2500000000000394
27.99999999998946 -1.000000000000157 0.2000000000000315
27.99999999998946 -0.7500000000001181 0.1500000000000238
27.99999999998945 -0.500000000000079 0.100000000000016
27.99999999998945 -0.2500000000000391 0.050000000000008
28.79999999999156 -4.749999999999957 0.9499999999999914
28.79999999999156 -4.499999999999919 0.8999999999999838
28.79999999999156 -4.249999999999932 0.8499999999999862
28.79999999999156 -3.999999999999996 0.7999999999999993
28.79999999999156 -3.750000000000064 0.7500000000000129
28.79999999999157 -3.500000000000131 0.7000000000000262
28.79999999999156 -3.250000000000195 0.6500000000000391
28.79999999999156 -3.000000000000261 0.6000000000000523
28.79999999999156 -2.750000000000326 0.5500000000000653
28.79999999999156 -2.500000000000388 0.5000000000000777
28.79999999999156 -2.250000000000353 0.4500000000000706
28.79999999999157 -2.000000000000315 0.4000000000000631
28.79999999999156 -1.750000000000275 0.3500000000000552
28.79999999999157 -1.500000000000235 0.3000000000000471
28.79999999999156 -1.250000000000196 0.2500000000000394
28.79999999999156 -1.000000000000157 0.2000000000000315
28.79999999999156 -0.7500000000001181 0.1500000000000238
28.79999999999156 -0.500000000000079 0.100000000000016
28.79999999999156 -0.2500000000000391 0.050000000000008
29.59999999999367 -4.749999999999957 0.9499999999999914
29.59999999999367 -4.499999999999919 0.8999999999999838
29.59999999999367 -4.249999999999932 0.8499999999999862
29.59999999999367 -3.999999999999996 0.7999999999999993
29.59999999999367 -3.750000000000064 0.7500000000000129
29.59999999999367 -3.500000000000131 0.7000000000000262
29.59999999999367 -3.250000000000195 0.6500000000000391
29.59999999999366 -3.000000000000261 0.6000000000000523
29.59999999999367 -2.750000000000326 0.5500000000000652
29.59999999999367 -2.500000000000388 0.5000000000000777
29.59999999999367 -2.250000000000353 0.4500000000000706
29.59999999999367 -2.000000000000315 0.4000000000000631
29.59999999999367 -1.750000000000275 0.3500000000000552
29.59999999999367 -1.500000000000235 0.3000000000000471
29.59999999999367 -1.250000000000196 0.2500000000000394
29.59999999999367 -1.000000000000157 0.2000000000000316
29.59999999999367 -0.7500000000001181 0.1500000000000238
29.59999999999367 -0.500000000000079 0.100000000000016
29.59999999999367 -0.250000000000039 0.05000000000000799
30.39999999999579 -4.749999999999958 0.9499999999999916
30.39999999999578 -4.499999999999919 0.8999999999999838
30.39999999999578 -4.249999999999932 0.8499999999999862
30.39999999999578 -3.999999999999996 0.7999999999999993
30.39999999999579 -3.750000000000064 0.7500000000000129
30.39999999999579 -3.500000000000131 0.7000000000000262
30.39999999999578 -3.250000000000195 0.6500000000000391
30.39999999999579 -3.000000000000261 0.6000000000000523
30.39999999999579 -2.750000000000326 0.5500000000000653
30.39999999999579 -2.500000000000389 0.5000000000000778
30.39999999999579 -2.250000000000353 0.4500000000000706
30.39999999999577 -2.000000000000314 0.400000000000063
30.39999999999578 -1.750000000000275 0.3500000000000552
30.39999999999579 -1.500000000000235 0.3000000000000471
30.39999999999577 -1.250000000000196 0.2500000000000394
30.39999999999579 -1.000000000000157 0.2000000000000315
30.39999999999577 -0.7500000000001181 0.1500000000000238
30.39999999999578 -0.5000000000000792 0.100000000000016
30.39999999999578 -0.2500000000000391 0.050000000000008
31.1999999999979 -4.749999999999958 0.9499999999999916
31.1999999999979 -4.499999999999919 0.8999999999999838
31.19999999999789 -4.249999999999932 0.8499999999999862
31.1999999999979 -3.999999999999996 0.7999999999999993
31.19999999999789 -3.750000000000064 0.7500000000000129
31.19999999999789 -3.500000000000131 0.7000000000000262
31.19999999999789 -3.250000000000196 0.6500000000000392
31.19999999999789 -3.000000000000262 0.6000000000000524
31.19999999999789 -2.750000000000326 0.5500000000000653
31.19999999999789 -2.500000000000389 0.5000000000000778
31.19999999999789 -2.250000000000353 0.4500000000000707
31.19999999999789 -2.000000000000314 0.400000000000063
31.19999999999789 -1.750000000000275 0.3500000000000551
31.19999999999789 -1.500000000000235 0.3000000000000471
31.19999999999789 -1.250000000000196 0.2500000000000394
31.19999999999789 -1.000000000000157 0.2000000000000316
31.19999999999789 -0.7500000000001181 0.1500000000000238
31.19999999999789 -0.5000000000000792 0.100000000000016
31.19999999999789 -0.2500000000000391 0.050000000000008
2 3 0 741
2601
2602
2603
2604
2605
2606
2607
2608
2609
2610
2611
2612
2613
2614
2615
2616
2617
2618
2619
2620
2621
2622
2623
2624
2625
2626
2627
2628
2629
2630
2631
2632
2633
2634
2635
2636
2637
2638
2639
2640
2641
2642
2643
2644
2645
2646
2647
2648
2649
2650
2651
2652
2653
2654
2655
2656
2657
2658
2659
2660
2661
2662
2663
2664
2665
2666
2667
2668
2669
2670
2671
2672
2673
2674
2675
2676
2677
2678
2679
2680
2681
2682
2683
2684
2685
2686
2687
2688
2689
2690
2691
2692
2693
2694
2695
2696
2697
2698
2699
2700
2701
2702
2703
2704
2705
2706
2707
2708
2709
2710
2711
2712
2713
2714
2715
2716
2717
2718
2719
2720
2721
2722
2723
2724
2725
2726
2727
2728
2729
2730
2731
2732
2733
2734
2735
2736
2737
2738
2739
2740
2741
2742
2743
2744
2745
2746
2747
2748
2749
2750
2751
2752
2753
2754
2755
2756
2757
2758
2759
2760
2761
2762
2763
2764
2765
2766
2767
2768
2769
2770
2771
2772
2773
2774
2775
2776
2777
2778
2779
2780
2781
2782
2783
2784
2785
2786
2787
2788
2789
2790
2791
2792
2793
2794
2795
2796
2797
2798
2799
2800
2801
2802
2803
2804
2805
2806
2807
2808
2809
2810
2811
2812
2813
2814
2815
2816
2817
2818
2819
2820
2821
2822
2823
2824
2825
2826
2827
2828
2829
2830
2831
2832
2833
2834
2835
2836
2837
2838
2839
2840
2841
2842
2843
2844
2845
2846
2847
2848
2849
2850
2851
2852
2853
2854
2855
2856
2857
2858
2859
2860
2861
2862
2863
2864
2865
2866
2867
2868
2869
2870
2871
2872
2873
2874
2875
2876
2877
2878
2879
2880
2881
2882
2883
2884
2885
2886
2887
2888
2889
2890
2891
2892
2893
2894
2895
2896
2897
2898
2899
2900
2901
2902
2903
2904
2905
2906
2907
2908
2909
2910
2911
2912
2913
2914
2915
2916
2917
2918
2919
2920
2921
2922
2923
2924
2925
2926
2927
2928
2929
2930
2931
2932
2933
2934
2935
2936
2937
2938
2939
2940
2941
2942
2943
2944
2945
2946
2947
2948
2949
2950
2951
2952
2953
2954
2955
2956
2957
2958
2959
2960
2961
2962
2963
2964
2965
2966
2967
2968
2969
2970
2971
2972
2973
2974
2975
2976
2977
2978
2979
2980
2981
2982
2983
2984
2985
2986
2987
2988
2989
2990
2991
2992
2993
2994
2995
2996
2997
2998
2999
3000
3001
3002
3003
3004
3005
3006
3007
3008
3009
3010
3011
3012
3013
3014
3015
3016
3017
3018
3019
3020
3021
3022
3023
3024
3025
3026
3027
3028
3029
3030
3031
3032
3033
3034
3035
3036
3037
3038
3039
3040
3041
3042
3043
3044
3045
3046
3047
3048
3049
3050
3051
3052
3053
3054
3055
3056
3057
3058
3059
3060
3061
3062
3063
3064
3065
3066
3067
3068
3069
3070
3071
3072
3073
3074
3075
3076
3077
3078
3079
3080
3081
3082
3083
3084
3085
3086
3087
3088
3089
3090
3091
3092
3093
3094
3095
3096
3097
3098
3099
3100
3101
3102
3103
3104
3105
3106
3107
3108
3109
3110
3111
3112
3113
3114
3115
3116
3117
3118
3119
3120
3121
3122
3123
3124
3125
3126
3127
3128
3129
3130
3131
3132
3133
3134
3135
3136
3137
3138
3139
3140
3141
3142
3143
3144
3145
3146
3147
3148
3149
3150
3151
3152
3153
3154
3155
3156
3157
3158
3159
3160
3161
3162
3163
3164
3165
3166
3167
3168
3169
3170
3171
3172
3173
3174
3175
3176
3177
3178
3179
3180
3181
3182
3183
3184
3185
3186
3187
3188
3189
3190
3191
3192
3193
3194
3195
3196
3197
3198
3199
3200
3201
3202
3203
3204
3205
3206
3207
3208
3209
3210
3211
3212
3213
3214
3215
3216
3217
3218
3219
3220
3221
3222
3223
3224
3225
3226
3227
3228
3229
3230
3231
3232
3233
3234
3235
3236
3237
3238
3239
3240
3241
3242
3243
3244
3245
3246
3247
3248
3249
3250
3251
3252
3253
3254
3255
3256
3257
3258
3259
3260
3261
3262
3263
3264
3265
3266
3267
3268
3269
3270
3271
3272
3273
3274
3275
3276
3277
3278
3279
3280
3281
3282
3283
3284
3285
3286
3287
3288
3289
3290
3291
3292
3293
3294
3295
3296
3297
3298
3299
3300
3301
3302
3303
3304
3305
3306
3307
3308
3309
3310
3311
3312
3313
3314
3315
3316
3317
3318
3319
3320
3321
3322
3323
3324
3325
3326
3327
3328
3329
3330
3331
3332
3333
3334
3335
3336
3337
3338
3339
3340
3341
32.5 -4.749999999999961 1
32.5 -4.499999999999921 1
32.5 -4.249999999999933 1
32.5 -3.999999999999999 1
32.50000000000001 -3.750000000000064 1
32.5 -3.500000000000127 1
32.5 -3.250000000000191 1
32.5 -3.000000000000255 1
32.5 -2.750000000000319 1
32.5 -2.500000000000378 1
32.5 -2.250000000000344 1
32.5 -2.000000000000306 1
32.5 -1.750000000000268 1
32.5 -1.50000000000023 1
32.5 -1.250000000000191 1
32.5 -1.000000000000153 1
32.5 -0.7500000000001154 1
32.5 -0.500000000000077 1
32.5 -0.2500000000000381 1
33 -4.749999999999961 1
33 -4.499999999999924 1
33 -4.249999999999934 1
33.00000000000001 -3.999999999999999 1
33 -3.750000000000061 1
33 -3.500000000000123 1
33 -3.250000000000187 1
33 -3.000000000000248 1
33.00000000000001 -2.75000000000031 1
33 -2.500000000000369 1
33.00000000000001 -2.250000000000336 1
33 -2.000000000000298 1
33 -1.750000000000262 1
33 -1.500000000000224 1
33.00000000000001 -1.250000000000187 1
33.00000000000001 -1.000000000000149 1
33.00000000000001 -0.7500000000001122 1
33.00000000000001 -0.5000000000000751 1
33.00000000000001 -0.2500000000000371 1
33.50000000000001 -4.749999999999963 1
33.5 -4.499999999999925 1
33.5 -4.249999999999937 1
33.5 -3.999999999999998 1
33.50000000000001 -3.75000000000006 1
33.50000000000001 -3.50000000000012 1
33.5 -3.250000000000182 1
33.5 -3.000000000000241 1
33.5 -2.750000000000302 1
33.5 -2.50000000000036 1
33.50000000000001 -2.250000000000326 1
33.50000000000001 -2.000000000000291 1
33.50000000000001 -1.750000000000254 1
33.50000000000001 -1.500000000000218 1
33.50000000000001 -1.250000000000181 1
33.50000000000001 -1.000000000000146 1
33.50000000000001 -0.7500000000001092 1
33.50000000000001 -0.5000000000000729 1
33.50000000000003 -0.2500000000000362 1
34.00000000000001 -4.749999999999963 1
34 -4.499999999999926 1
33.99999999999999 -4.249999999999939 1
34 -3.999999999999998 1
34.00000000000001 -3.750000000000059 1
34.00000000000001 -3.500000000000117 1
34.00000000000001 -3.250000000000176 1
34.00000000000001 -3.000000000000235 1
34.00000000000001 -2.750000000000294 1
34.00000000000001 -2.500000000000349 1
34.00000000000001 -2.250000000000318 1
34.00000000000001 -2.000000000000283 1
34.00000000000001 -1.750000000000247 1
34.00000000000003 -1.500000000000212 1
34.00000000000003 -1.250000000000177 1
34.00000000000003 -1.000000000000142 1
34.00000000000003 -0.7500000000001064 1
34.00000000000003 -0.5000000000000711 1
34.00000000000003 -0.2500000000000352 1
34.50000000000001 -4.749999999999964 1
34.5 -4.49999999999993 1
34.50000000000001 -4.24999999999994 1
34.5 -3.999999999999998 1
34.50000000000001 -3.750000000000056 1
34.50000000000001 -3.500000000000113 1
34.50000000000001 -3.250000000000171 1
34.50000000000001 -3.000000000000228 1
34.50000000000001 -2.750000000000286 1
34.50000000000001 -2.50000000000034 1
34.50000000000003 -2.250000000000309 1
34.50000000000003 -2.000000000000275 1
34.50000000000003 -1.75000000000024 1
34.50000000000003 -1.500000000000206 1
34.50000000000003 -1.250000000000172 1
34.50000000000003 -1.000000000000138 1
34.50000000000003 -0.7500000000001033 1
34.50000000000003 -0.5000000000000691 1
34.50000000000003 -0.2500000000000342 1
35.00000000000001 -4.749999999999965 1
35.00000000000001 -4.49999999999993 1
35.00000000000001 -4.24999999999994 1
35.00000000000001 -3.999999999999999 1
35.00000000000002 -3.750000000000054 1
35.00000000000002 -3.500000000000111 1
35.00000000000001 -3.250000000000167 1
35.00000000000002 -3.000000000000222 1
35.00000000000002 -2.750000000000278 1
35.00000000000002 -2.50000000000033 1
35.00000000000002 -2.2500000000003 1
35.00000000000002 -2.000000000000267 1
35.00000000000002 -1.750000000000234 1
35.00000000000002 -1.5000000000002 1
35.00000000000004 -1.250000000000166 1
35.00000000000004 -1.000000000000134 1
35.00000000000004 -0.7500000000001003 1
35.00000000000004 -0.5000000000000671 1
35.00000000000004 -0.2500000000000332 1
35.50000000000003 -4.749999999999966 1
35.50000000000001 -4.499999999999933 1
35.50000000000002 -4.249999999999944 1
35.50000000000001 -3.999999999999999 1
35.50000000000002 -3.750000000000052 1
35.50000000000002 -3.500000000000107 1
35.50000000000002 -3.250000000000162 1
35.50000000000002 -3.000000000000215 1
35.50000000000002 -2.750000000000269 1
35.50000000000002 -2.50000000000032 1
35.50000000000002 -2.250000000000291 1
35.50000000000004 -2.000000000000259 1
35.50000000000002 -1.750000000000227 1
35.50000000000004 -1.500000000000194 1
35.50000000000004 -1.250000000000162 1
35.50000000000004 -1.00000000000013 1
35.50000000000004 -0.7500000000000976 1
35.50000000000004 -0.5000000000000651 1
35.50000000000004 -0.2500000000000322 1
36.00000000000001 -4.749999999999968 1
36.00000000000001 -4.499999999999935 1
36.00000000000002 -4.249999999999944 1
36.00000000000003 -3.999999999999999 1
36.00000000000002 -3.750000000000051 1
36.00000000000002 -3.500000000000104 1
36.00000000000002 -3.250000000000157 1
36.00000000000002 -3.000000000000209 1
36.00000000000003 -2.750000000000262 1
36.00000000000004 -2.500000000000311 1
36.00000000000004 -2.250000000000282 1
36.00000000000004 -2.000000000000251 1
36.00000000000004 -1.75000000000022 1
36.00000000000006 -1.500000000000188 1
36.00000000000006 -1.250000000000157 1
36.00000000000005 -1.000000000000126 1
36.00000000000006 -0.7500000000000946 1
36.00000000000005 -0.5000000000000631 1
36.00000000000005 -0.2500000000000313 1
36.50000000000001 -4.749999999999968 1
36.50000000000002 -4.499999999999936 1
36.50000000000001 -4.249999999999948 1
36.50000000000002 -3.999999999999998 1
36.50000000000002 -3.75000000000005 1
36.50000000000001 -3.500000000000099 1
36.50000000000002 -3.250000000000151 1
36.50000000000001 -3.000000000000202 1
36.50000000000002 -2.750000000000253 1
36.50000000000004 -2.500000000000301 1
36.50000000000004 -2.250000000000273 1
36.50000000000004 -2.000000000000243 1
36.50000000000004 -1.750000000000213 1
36.50000000000005 -1.500000000000182 1
36.50000000000004 -1.250000000000152 1
36.50000000000005 -1.000000000000122 1
36.50000000000005 -0.7500000000000916 1
36.50000000000006 -0.5000000000000611 1
36.50000000000006 -0.2500000000000303 1
37.00000000000001 -4.749999999999968 1
37.00000000000002 -4.49999999999994 1
37.00000000000002 -4.249999999999947 1
37.00000000000003 -3.999999999999998 1
37.00000000000004 -3.750000000000048 1
37.00000000000002 -3.500000000000097 1
37.00000000000004 -3.250000000000146 1
37.00000000000004 -3.000000000000196 1
37.00000000000004 -2.750000000000245 1
37.00000000000004 -2.500000000000291 1
37.00000000000005 -2.250000000000264 1
37.00000000000005 -2.000000000000235 1
37.00000000000005 -1.750000000000206 1
37.00000000000005 -1.500000000000177 1
37.00000000000006 -1.250000000000147 1
37.00000000000006 -1.000000000000117 1
37.00000000000006 -0.7500000000000888 1
37.00000000000006 -0.5000000000000591 1
37.00000000000006 -0.2500000000000293 1
37.50000000000001 -4.74999999999997 1
37.50000000000001 -4.49999999999994 1
37.50000000000001 -4.249999999999951 1
37.50000000000002 -3.999999999999999 1
37.50000000000004 -3.750000000000047 1
37.50000000000004 -3.500000000000093 1
37.50000000000004 -3.250000000000141 1
37.50000000000004 -3.000000000000189 1
37.50000000000006 -2.750000000000237 1
37.50000000000005 -2.500000000000282 1
37.50000000000005 -2.250000000000255 1
37.50000000000005 -2.000000000000227 1
37.50000000000005 -1.750000000000199 1
37.50000000000005 -1.500000000000171 1
37.50000000000007 -1.250000000000142 1
37.50000000000006 -1.000000000000114 1
37.50000000000007 -0.7500000000000857 1
37.50000000000008 -0.5000000000000571 1
37.50000000000008 -0.2500000000000283 1
38.00000000000002 -4.749999999999972 1
38.00000000000001 -4.499999999999944 1
38.00000000000002 -4.24999999999995 1
38.00000000000002 -3.999999999999998 1
38.00000000000004 -3.750000000000044 1
38.00000000000004 -3.50000000000009 1
38.00000000000004 -3.250000000000137 1
38.00000000000005 -3.000000000000182 1
38.00000000000004 -2.750000000000228 1
38.00000000000005 -2.500000000000272 1
38.00000000000005 -2.250000000000246 1
38.00000000000005 -2.000000000000219 1
38.00000000000005 -1.750000000000192 1
38.00000000000006 -1.500000000000164 1
38.00000000000006 -1.250000000000137 1
38.00000000000006 -1.00000000000011 1
38.00000000000008 -0.7500000000000827 1
38.00000000000007 -0.5000000000000551 1
38.00000000000008 -0.2500000000000273 1
38.50000000000001 -4.749999999999972 1
38.50000000000002 -4.499999999999945 1
38.50000000000001 -4.249999999999953 1
38.50000000000001 -3.999999999999999 1
38.50000000000003 -3.750000000000043 1
38.50000000000004 -3.500000000000087 1
38.50000000000004 -3.250000000000132 1
38.50000000000004 -3.000000000000175 1
38.50000000000004 -2.750000000000221 1
38.50000000000004 -2.500000000000261 1
38.50000000000006 -2.250000000000238 1
38.50000000000005 -2.000000000000211 1
38.50000000000005 -1.750000000000185 1
38.50000000000006 -1.500000000000159 1
38.50000000000006 -1.250000000000132 1
38.50000000000006 -1.000000000000106 1
38.50000000000009 -0.7500000000000799 1
38.50000000000009 -0.5000000000000531 1
38.50000000000009 -0.2500000000000264 1
39 -4.749999999999973 1
39.00000000000003 -4.499999999999947 1
39.00000000000001 -4.249999999999954 1
39.00000000000004 -3.999999999999998 1
39.00000000000004 -3.750000000000041 1
39.00000000000003 -3.500000000000084 1
39.00000000000003 -3.250000000000126 1
39.00000000000005 -3.000000000000169 1
39.00000000000006 -2.750000000000212 1
39.00000000000004 -2.500000000000252 1
39.00000000000008 -2.250000000000228 1
39.00000000000007 -2.000000000000204 1
39.00000000000008 -1.750000000000179 1
39.00000000000008 -1.500000000000153 1
39.00000000000007 -1.250000000000127 1
39.00000000000009 -1.000000000000102 1
39.00000000000009 -0.7500000000000767 1
39.0000000000001 -0.5000000000000511 1
39.0000000000001 -0.2500000000000254 1
39.50000000000001 -4.749999999999975 1
39.50000000000003 -4.499999999999949 1
39.50000000000004 -4.249999999999957 1
39.50000000000002 -3.999999999999999 1
39.50000000000002 -3.750000000000039 1
39.50000000000004 -3.50000000000008 1
39.50000000000005 -3.250000000000122 1
39.50000000000005 -3.000000000000162 1
39.50000000000006 -2.750000000000203 1
39.50000000000006 -2.500000000000242 1
39.50000000000006 -2.25000000000022 1
39.50000000000006 -2.000000000000196 1
39.50000000000008 -1.750000000000171 1
39.50000000000009 -1.500000000000147 1
39.50000000000008 -1.250000000000122 1
39.50000000000009 -1.000000000000098 1
39.5000000000001 -0.7500000000000737 1
39.50000000000011 -0.5000000000000491 1
39.50000000000011 -0.2500000000000244 1
40.00000000000001 -4.749999999999975 1
40.00000000000001 -4.499999999999951 1
40.00000000000002 -4.249999999999958 1
40.00000000000004 -3.999999999999999 1
40.00000000000004 -3.750000000000038 1
40.00000000000005 -3.500000000000077 1
40.00000000000005 -3.250000000000117 1
40.00000000000004 -3.000000000000156 1
40.00000000000006 -2.750000000000195 1
40.00000000000006 -2.500000000000233 1
40.00000000000006 -2.250000000000211 1
40.00000000000008 -2.000000000000188 1
40.00000000000008 -1.750000000000165 1
40.00000000000008 -1.500000000000141 1
40.00000000000009 -1.250000000000117 1
40.00000000000009 -1.000000000000094 1
40.0000000000001 -0.7500000000000709 1
40.0000000000001 -0.5000000000000471 1
40.0000000000001 -0.2500000000000234 1
40.5 -4.749999999999977 1
40.50000000000002 -4.499999999999955 1
40.50000000000004 -4.249999999999961 1
40.50000000000004 -3.999999999999999 1
40.50000000000003 -3.750000000000036 1
40.50000000000004 -3.500000000000073 1
40.50000000000004 -3.250000000000112 1
40.50000000000005 -3.00000000000015 1
40.50000000000005 -2.750000000000187 1
40.50000000000006 -2.500000000000223 1
40.50000000000006 -2.250000000000202 1
40.50000000000008 -2.00000000000018 1
40.50000000000008 -1.750000000000157 1
40.50000000000009 -1.500000000000135 1
40.50000000000009 -1.250000000000112 1
40.50000000000011 -1.00000000000009 1
40.50000000000011 -0.7500000000000678 1
40.5000000000001 -0.5000000000000451 1
40.50000000000011 -0.2500000000000224 1
41.00000000000001 -4.749999999999977 1
41.00000000000003 -4.499999999999956 1
41.00000000000003 -4.249999999999962 1
41.00000000000002 -3.999999999999999 1
41.00000000000004 -3.750000000000035 1
41.00000000000005 -3.50000000000007 1
41.00000000000005 -3.250000000000107 1
41.00000000000004 -3.000000000000143 1
41.00000000000006 -2.750000000000179 1
41.00000000000006 -2.500000000000213 1
41.00000000000006 -2.250000000000194 1
41.00000000000009 -2.000000000000172 1
41.00000000000008 -1.750000000000151 1
41.00000000000008 -1.500000000000129 1
41.00000000000009 -1.250000000000108 1
41.00000000000011 -1.000000000000086 1
41.00000000000011 -0.7500000000000648 1
41.00000000000011 -0.5000000000000431 1
41.00000000000011 -0.2500000000000215 1
41.50000000000001 -4.749999999999979 1
41.50000000000004 -4.499999999999958 1
41.50000000000001 -4.249999999999964 1
41.50000000000004 -3.999999999999998 1
41.50000000000004 -3.750000000000033 1
41.50000000000005 -3.500000000000067 1
41.50000000000005 -3.250000000000101 1
41.50000000000008 -3.000000000000136 1
41.50000000000008 -2.750000000000171 1
41.50000000000008 -2.500000000000203 1
41.50000000000009 -2.250000000000184 1
41.50000000000009 -2.000000000000164 1
41.50000000000009 -1.750000000000144 1
41.50000000000011 -1.500000000000123 1
41.50000000000011 -1.250000000000102 1
41.50000000000011 -1.000000000000082 1
41.50000000000012 -0.7500000000000621 1
41.50000000000014 -0.5000000000000411 1
41.50000000000013 -0.2500000000000205 1
42.00000000000001 -4.749999999999979 1
42.00000000000002 -4.499999999999958 1
42.00000000000004 -4.249999999999965 1
42.00000000000004 -3.999999999999998 1
42.00000000000004 -3.750000000000031 1
42.00000000000005 -3.500000000000064 1
42.00000000000005 -3.250000000000096 1
42.00000000000004 -3.000000000000129 1
42.00000000000006 -2.750000000000163 1
42.00000000000008 -2.500000000000194 1
42.00000000000009 -2.250000000000175 1
42.0000000000001 -2.000000000000156 1
42.00000000000011 -1.750000000000137 1
42.00000000000011 -1.500000000000117 1
42.00000000000011 -1.250000000000098 1
42.00000000000012 -1.000000000000078 1
42.00000000000011 -0.750000000000059 1
42.00000000000014 -0.5000000000000391 1
42.00000000000014 -0.2500000000000195 1
42.50000000000001 -4.74999999999998 1
42.50000000000001 -4.499999999999962 1
42.50000000000002 -4.249999999999967 1
42.50000000000004 -3.999999999999998 1
42.50000000000004 -3.750000000000029 1
42.50000000000005 -3.50000000000006 1
42.50000000000005 -3.250000000000092 1
42.50000000000006 -3.000000000000123 1
42.50000000000007 -2.750000000000155 1
42.50000000000008 -2.500000000000184 1
42.50000000000007 -2.250000000000167 1
42.50000000000008 -2.000000000000148 1
42.50000000000008 -1.75000000000013 1
42.50000000000009 -1.500000000000111 1
42.50000000000011 -1.250000000000093 1
42.50000000000011 -1.000000000000074 1
42.50000000000011 -0.7500000000000563 1
42.50000000000011 -0.5000000000000371 1
42.50000000000012 -0.2500000000000185 1
43.00000000000001 -4.749999999999982 1
43.00000000000001 -4.499999999999963 1
43.00000000000004 -4.249999999999969 1
43.00000000000004 -3.999999999999999 1
43.00000000000003 -3.750000000000028 1
43.00000000000004 -3.500000000000058 1
43.00000000000005 -3.250000000000087 1
43.00000000000004 -3.000000000000116 1
43.00000000000005 -2.750000000000146 1
43.00000000000006 -2.500000000000174 1
43.00000000000006 -2.250000000000158 1
43.00000000000007 -2.00000000000014 1
43.00000000000009 -1.750000000000123 1
43.00000000000009 -1.500000000000105 1
43.00000000000009 -1.250000000000088 1
43.00000000000011 -1.00000000000007 1
43.00000000000011 -0.7500000000000532 1
43.0000000000001 -0.5000000000000351 1
43.00000000000011 -0.2500000000000175 1
43.50000000000002 -4.749999999999982 1
43.50000000000002 -4.499999999999965 1
43.50000000000002 -4.249999999999968 1
43.50000000000003 -3.999999999999999 1
43.50000000000004 -3.750000000000026 1
43.50000000000004 -3.500000000000054 1
43.50000000000003 -3.250000000000082 1
43.50000000000006 -3.00000000000011 1
43.50000000000005 -2.750000000000138 1
43.50000000000006 -2.500000000000164 1
43.50000000000006 -2.25000000000015 1
43.50000000000006 -2.000000000000132 1
43.50000000000008 -1.750000000000116 1
43.50000000000008 -1.500000000000099 1
43.50000000000008 -1.250000000000083 1
43.50000000000007 -1.000000000000066 1
43.50000000000008 -0.7500000000000501 1
43.50000000000011 -0.5000000000000331 1
43.50000000000011 -0.2500000000000167 1
44.00000000000001 -4.749999999999984 1
44.00000000000001 -4.499999999999967 1
44.00000000000002 -4.249999999999972 1
44.00000000000002 -3.999999999999998 1
44.00000000000003 -3.750000000000024 1
44.00000000000004 -3.500000000000051 1
44.00000000000004 -3.250000000000077 1
44.00000000000004 -3.000000000000103 1
44.00000000000006 -2.75000000000013 1
44.00000000000005 -2.500000000000155 1
44.00000000000005 -2.25000000000014 1
44.00000000000006 -2.000000000000125 1
44.00000000000007 -1.750000000000109 1
44.00000000000008 -1.500000000000094 1
44.00000000000009 -1.250000000000078 1
44.00000000000009 -1.000000000000063 1
44.00000000000009 -0.7500000000000473 1
44.00000000000009 -0.5000000000000311 1
44.00000000000009 -0.2500000000000157 1
44.50000000000001 -4.749999999999986 1
44.5 -4.499999999999969 1
44.50000000000001 -4.249999999999972 1
44.50000000000001 -3.999999999999998 1
44.50000000000002 -3.750000000000022 1
44.50000000000003 -3.500000000000047 1
44.50000000000003 -3.250000000000072 1
44.50000000000003 -3.000000000000096 1
44.50000000000003 -2.750000000000122 1
44.50000000000004 -2.500000000000145 1
44.50000000000006 -2.250000000000131 1
44.50000000000004 -2.000000000000117 1
44.50000000000006 -1.750000000000103 1
44.50000000000006 -1.500000000000088 1
44.50000000000006 -1.250000000000073 1
44.50000000000006 -1.000000000000058 1
44.50000000000007 -0.7500000000000443 1
44.50000000000009 -0.5000000000000291 1
44.50000000000009 -0.2500000000000147 1
45.00000000000001 -4.749999999999987 1
45.00000000000001 -4.499999999999973 1
45.00000000000001 -4.249999999999976 1
45.00000000000003 -3.999999999999998 1
45.00000000000002 -3.75000000000002 1
45.00000000000002 -3.500000000000044 1
45.00000000000004 -3.250000000000068 1
45.00000000000003 -3.00000000000009 1
45.00000000000005 -2.750000000000114 1
45.00000000000006 -2.500000000000135 1
45.00000000000005 -2.250000000000122 1
45.00000000000004 -2.000000000000109 1
45.00000000000005 -1.750000000000095 1
45.00000000000005 -1.500000000000082 1
45.00000000000006 -1.250000000000068 1
45.00000000000006 -1.000000000000055 1
45.00000000000006 -0.7500000000000411 1
45.00000000000008 -0.5000000000000271 1
45.00000000000009 -0.2500000000000137 1
45.50000000000003 -4.749999999999986 1
45.50000000000003 -4.499999999999973 1
45.50000000000002 -4.249999999999975 1
45.50000000000002 -3.999999999999998 1
45.50000000000004 -3.75000000000002 1
45.50000000000003 -3.50000000000004 1
45.50000000000004 -3.250000000000063 1
45.50000000000004 -3.000000000000083 1
45.50000000000005 -2.750000000000105 1
45.50000000000004 -2.500000000000125 1
45.50000000000004 -2.250000000000114 1
45.50000000000006 -2.000000000000101 1
45.50000000000004 -1.750000000000088 1
45.50000000000005 -1.500000000000076 1
45.50000000000004 -1.250000000000063 1
45.50000000000005 -1.00000000000005 1
45.50000000000006 -0.7500000000000384 1
45.50000000000007 -0.5000000000000251 1
45.50000000000008 -0.2500000000000127 1
45.99999999999999 -4.749999999999988 1
46 -4.499999999999976 1
46.00000000000001 -4.24999999999998 1
46.00000000000001 -3.999999999999998 1
46.00000000000001 -3.750000000000017 1
46.00000000000002 -3.500000000000037 1
46.00000000000001 -3.250000000000057 1
46.00000000000003 -3.000000000000077 1
46.00000000000003 -2.750000000000097 1
46.00000000000003 -2.500000000000115 1
46.00000000000003 -2.250000000000105 1
46.00000000000003 -2.000000000000093 1
46.00000000000004 -1.750000000000082 1
46.00000000000003 -1.50000000000007 1
46.00000000000003 -1.250000000000058 1
46.00000000000005 -1.000000000000047 1
46.00000000000004 -0.7500000000000354 1
46.00000000000006 -0.5000000000000231 1
46.00000000000006 -0.2500000000000118 1
46.50000000000001 -4.749999999999989 1
46.5 -4.499999999999976 1
46.5 -4.24999999999998 1
46.50000000000001 -3.999999999999998 1
46.50000000000001 -3.750000000000016 1
46.50000000000002 -3.500000000000034 1
46.50000000000001 -3.250000000000052 1
46.50000000000001 -3.000000000000069 1
46.50000000000004 -2.750000000000089 1
46.50000000000003 -2.500000000000105 1
46.50000000000001 -2.250000000000096 1
46.50000000000003 -2.000000000000085 1
46.50000000000003 -1.750000000000075 1
46.50000000000003 -1.500000000000064 1
46.50000000000003 -1.250000000000054 1
46.50000000000004 -1.000000000000043 1
46.50000000000003 -0.7500000000000323 1
46.50000000000003 -0.5000000000000211 1
46.50000000000004 -0.2500000000000108 1
47.00000000000001 -4.749999999999989 1
47 -4.49999999999998 1
46.99999999999999 -4.249999999999982 1
47.00000000000001 -3.999999999999999 1
47 -3.750000000000014 1
47.00000000000001 -3.500000000000031 1
47.00000000000001 -3.250000000000046 1
47.00000000000001 -3.000000000000064 1
47.00000000000002 -2.75000000000008 1
47.00000000000001 -2.500000000000096 1
47.00000000000003 -2.250000000000087 1
47.00000000000001 -2.000000000000077 1
47.00000000000003 -1.750000000000068 1
47.00000000000003 -1.500000000000058 1
47.00000000000003 -1.250000000000048 1
47.00000000000004 -1.000000000000039 1
47.00000000000003 -0.7500000000000296 1
47.00000000000003 -0.5000000000000191 1
47.00000000000003 -0.2500000000000098 1
47.50000000000001 -4.749999999999991 1
47.50000000000001 -4.499999999999981 1
47.50000000000001 -4.249999999999983 1
47.5 -3.999999999999999 1
47.49999999999999 -3.750000000000013 1
47.49999999999999 -3.500000000000028 1
47.5 -3.250000000000043 1
47.5 -3.000000000000057 1
47.50000000000001 -2.750000000000073 1
47.50000000000001 -2.500000000000086 1
47.50000000000001 -2.250000000000079 1
47.50000000000001 -2.000000000000069 1
47.50000000000001 -1.750000000000061 1
47.50000000000001 -1.500000000000052 1
47.50000000000001 -1.250000000000044 1
47.50000000000001 -1.000000000000034 1
47.50000000000002 -0.7500000000000266 1
47.50000000000003 -0.5000000000000171 1
47.50000000000004 -0.2500000000000088 1
48 -4.749999999999993 1
48 -4.499999999999983 1
48.00000000000001 -4.249999999999987 1
48 -3.999999999999999 1
48.00000000000001 -3.750000000000012 1
48.00000000000001 -3.500000000000024 1
48.00000000000001 -3.250000000000038 1
48.00000000000001 -3.000000000000051 1
48 -2.750000000000064 1
48.00000000000001 -2.500000000000076 1
48.00000000000001 -2.25000000000007 1
48.00000000000001 -2.000000000000062 1
47.99999999999999 -1.750000000000054 1
48 -1.500000000000046 1
48 -1.250000000000038 1
48.00000000000001 -1.000000000000031 1
48.00000000000001 -0.7500000000000236 1
48.00000000000001 -0.5000000000000151 1
48.00000000000001 -0.2500000000000078 1
48.49999999999999 -4.749999999999993 1
48.5 -4.499999999999985 1
48.5 -4.249999999999987 1
48.50000000000001 -3.999999999999999 1
48.50000000000001 -3.75000000000001 1
48.5 -3.50000000000002 1
48.5 -3.250000000000032 1
48.5 -3.000000000000044 1
48.50000000000001 -2.750000000000056 1
48.49999999999999 -2.500000000000065 1
48.5 -2.250000000000061 1
48.5 -2.000000000000053 1
48.5 -1.750000000000047 1
48.5 -1.50000000000004 1
48.50000000000001 -1.250000000000034 1
48.5 -1.000000000000027 1
48.50000000000001 -0.7500000000000209 1
48.50000000000001 -0.5000000000000131 1
48.5 -0.2500000000000069 1
48.99999999999999 -4.749999999999993 1
49 -4.499999999999987 1
49 -4.249999999999988 1
49.00000000000001 -3.999999999999999 1
49 -3.750000000000008 1
48.99999999999999 -3.500000000000018 1
49 -3.250000000000027 1
49 -3.000000000000038 1
49.00000000000001 -2.750000000000048 1
49 -2.500000000000057 1
49 -2.250000000000052 1
48.99999999999999 -2.000000000000046 1
49 -1.75000000000004 1
49.00000000000001 -1.500000000000035 1
49.00000000000001 -1.250000000000029 1
49 -1.000000000000023 1
49.00000000000001 -0.7500000000000178 1
49 -0.5000000000000111 1
48.99999999999999 -0.2500000000000059 1
49.50000000000001 -4.749999999999995 1
49.49999999999998 -4.49999999999999 1
49.49999999999999 -4.24999999999999 1
49.50000000000001 -3.999999999999998 1
49.49999999999999 -3.750000000000006 1
49.5 -3.500000000000014 1
49.5 -3.250000000000023 1
49.5 -3.000000000000031 1
49.49999999999999 -2.750000000000039 1
49.5 -2.500000000000046 1
49.5 -2.250000000000043 1
49.49999999999999 -2.000000000000038 1
49.5 -1.750000000000033 1
49.5 -1.500000000000028 1
49.49999999999999 -1.250000000000023 1
49.49999999999999 -1.000000000000019 1
49.49999999999998 -0.7500000000000147 1
49.5 -0.5000000000000091 1
49.49999999999999 -0.2500000000000049 1
50 -4.749999999999996 1
50.00000000000001 -4.49999999999999 1
49.99999999999999 -4.249999999999992 1
49.99999999999999 -3.999999999999998 1
50 -3.750000000000005 1
50 -3.500000000000011 1
49.99999999999999 -3.250000000000018 1
49.99999999999999 -3.000000000000024 1
49.99999999999999 -2.750000000000031 1
50 -2.500000000000037 1
50.00000000000001 -2.250000000000035 1
50 -2.00000000000003 1
49.99999999999999 -1.750000000000026 1
49.99999999999998 -1.500000000000023 1
49.99999999999998 -1.250000000000019 1
49.99999999999998 -1.000000000000015 1
49.99999999999999 -0.7500000000000119 1
49.99999999999998 -0.5000000000000071 1
49.99999999999999 -0.2500000000000039 1
50.5 -4.749999999999996 1
50.5 -4.499999999999994 1
50.49999999999999 -4.249999999999994 1
50.49999999999999 -3.999999999999998 1
50.5 -3.750000000000003 1
50.49999999999998 -3.500000000000007 1
50.5 -3.250000000000013 1
50.5 -3.000000000000018 1
50.49999999999999 -2.750000000000023 1
50.5 -2.500000000000028 1
50.5 -2.250000000000025 1
50.50000000000001 -2.000000000000022 1
50.49999999999998 -1.750000000000019 1
50.5 -1.500000000000017 1
50.49999999999999 -1.250000000000014 1
50.5 -1.000000000000011 1
50.5 -0.7500000000000087 1
50.5 -0.5000000000000051 1
50.5 -0.2500000000000029 1
50.99999999999999 -4.749999999999998 1
51.00000000000001 -4.499999999999994 1
50.99999999999999 -4.249999999999995 1
51.00000000000001 -3.999999999999998 1
51.00000000000001 -3.750000000000001 1
51 -3.500000000000004 1
51 -3.250000000000007 1
51 -3.000000000000012 1
51 -2.750000000000014 1
50.99999999999999 -2.500000000000018 1
51.00000000000001 -2.250000000000017 1
50.99999999999999 -2.000000000000014 1
51.00000000000001 -1.750000000000013 1
50.99999999999999 -1.500000000000011 1
51.00000000000001 -1.250000000000009 1
51 -1.000000000000007 1
51 -0.7500000000000058 1
50.99999999999999 -0.5000000000000031 1
50.99999999999999 -0.250000000000002 1
51.50000000000001 -4.75 1
51.50000000000001 -4.499999999999997 1
51.5 -4.249999999999997 1
51.49999999999999 -3.999999999999999 1
51.5 -3.75 1
51.50000000000001 -3.5 1
51.5 -3.250000000000003 1
51.50000000000001 -3.000000000000004 1
51.49999999999999 -2.750000000000007 1
51.50000000000001 -2.500000000000008 1
51.5 -2.250000000000008 1
51.5 -2.000000000000006 1
51.49999999999999 -1.750000000000006 1
51.5 -1.500000000000005 1
51.50000000000001 -1.250000000000004 1
51.5 -1.000000000000003 1
51.5 -0.750000000000003 1
51.50000000000001 -0.5000000000000011 1
51.50000000000001 -0.250000000000001 1
$EndNodes
$Elements
8 3360 1 3360
1 4 1 40
1 1 126 
2 126 127 
3 127 128 
4 128 129 
5 129 130 
6 130 131 
7 131 132 
8 132 133 
9 133 134 
10 134 135 
11 135 136 
12 136 137 
13 137 138 
14 138 139 
15 139 140 
16 140 141 
17 141 142 
18 142 143 
19 143 144 
20 144 145 
21 145 146 
22 146 147 
23 147 148 
24 148 149 
25 149 150 
26 150 151 
27 151 152 
28 152 153 
29 153 154 
30 154 155 
31 155 156 
32 156 157 
33 157 158 
34 158 159 
35 159 160 
36 160 161 
37 161 162 
38 162 163 
39 163 164 
40 164 4 
1 5 1 20
41 5 165 
42 165 166 
43 166 167 
44 167 168 
45 168 169 
46 169 170 
47 170 171 
48 171 172 
49 172 173 
50 173 174 
51 174 175 
52 175 176 
53 176 177 
54 177 178 
55 178 179 
56 179 180 
57 180 181 
58 181 182 
59 182 183 
60 183 1 
1 6 1 40
61 5 184 
62 184 185 
63 185 186 
64 186 187 
65 187 188 
66 188 189 
67 189 190 
68 190 191 
69 191 192 
70 192 193 
71 193 194 
72 194 195 
73 195 196 
74 196 197 
75 197 198 
76 198 199 
77 199 200 
78 200 201 
79 201 202 
80 202 203 
81 203 204 
82 204 205 
83 205 206 
84 206 207 
85 207 208 
86 208 209 
87 209 210 
88 210 211 
89 211 212 
90 212 213 
91 213 214 
92 214 215 
93 215 216 
94 216 217 
95 217 218 
96 218 219 
97 219 220 
98 220 221 
99 221 222 
100 222 6 
1 7 1 40
101 6 223 
102 223 224 
103 224 225 
104 225 226 
105 226 227 
106 227 228 
107 228 229 
108 229 230 
109 230 231 
110 231 232 
111 232 233 
112 233 234 
113 234 235 
114 235 236 
115 236 237 
116 237 238 
117 238 239 
118 239 240 
119 240 241 
120 241 242 
121 242 243 
122 243 244 
123 244 245 
124 245 246 
125 246 247 
126 247 248 
127 248 249 
128 249 250 
129 250 251 
130 251 252 
131 252 253 
132 253 254 
133 254 255 
134 255 256 
135 256 257 
136 257 258 
137 258 259 
138 259 260 
139 260 261 
140 261 7 
1 8 1 20
141 7 262 
142 262 263 
143 263 264 
144 264 265 
145 265 266 
146 266 267 
147 267 268 
148 268 269 
149 269 270 
150 270 271 
151 271 272 
152 272 273 
153 273 274 
154 274 275 
155 275 276 
156 276 277 
157 277 278 
158 278 279 
159 279 280 
160 280 8 
2 1 3 1600
161 1 9 339 126 
162 126 339 340 127 
163 127 340 341 128 
164 128 341 342 129 
165 129 342 343 130 
166 130 343 344 131 
167 131 344 345 132 
168 132 345 346 133 
169 133 346 347 134 
170 134 347 348 135 
171 135 348 349 136 
172 136 349 350 137 
173 137 350 351 138 
174 138 351 352 139 
175 139 352 353 140 
176 140 353 354 141 
177 141 354 355 142 
178 142 355 356 143 
179 143 356 357 144 
180 144 357 358 145 
181 145 358 359 146 
182 146 359 360 147 
183 147 360 361 148 
184 148 361 362 149 
185 149 362 363 150 
186 150 363 364 151 
187 151 364 365 152 
188 152 365 366 153 
189 153 366 367 154 
190 154 367 368 155 
191 155 368 369 156 
192 156 369 370 157 
193 157 370 371 158 
194 158 371 372 159 
195 159 372 373 160 
196 160 373 374 161 
197 161 374 375 162 
198 162 375 376 163 
199 163 376 377 164 
200 164 377 125 4 
201 9 10 378 339 
202 339 378 379 340 
203 340 379 380 341 
204 341 380 381 342 
205 342 381 382 343 
206 343 382 383 344 
207 344 383 384 345 
208 345 384 385 346 
209 346 385 386 347 
210 347 386 387 348 
211 348 387 388 349 
212 349 388 389 350 
213 350 389 390 351 
214 351 390 391 352 
215 352 391 392 353 
216 353 392 393 354 
217 354 393 394 355 
218 355 394 395 356 
219 356 395 396 357 
220 357 396 397 358 
221 358 397 398 359 
222 359 398 399 360 
223 360 399 400 361 
224 361 400 401 362 
225 362 401 402 363 
226 363 402 403 364 
227 364 403 404 365 
228 365 404 405 366 
229 366 405 406 367 
230 367 406 407 368 
231 368 407 408 369 
232 369 408 409 370 
233 370 409 410 371 
234 371 410 411 372 
235 372 411 412 373 
236 373 412 413 374 
237 374 413 414 375 
238 375 414 415 376 
239 376 415 416 377 
240 377 416 124 125 
241 10 11 417 378 
242 378 417 418 379 
243 379 418 419 380 
244 380 419 420 381 
245 381 420 421 382 
246 382 421 422 383 
247 383 422 423 384 
248 384 423 424 385 
249 385 424 425 386 
250 386 425 426 387 
251 387 426 427 388 
252 388 427 428 389 
253 389 428 429 390 
254 390 429 430 391 
255 391 430 431 392 
256 392 431 432 393 
257 393 432 433 394 
258 394 433 434 395 
259 395 434 435 396 
260 396 435 436 397 
261 397 436 437 398 
262 398 437 438 399 
263 399 438 439 400 
264 400 439 440 401 
265 401 440 441 402 
266 402 441 442 403 
267 403 442 443 404 
268 404 443 444 405 
269 405 444 445 406 
270 406 445 446 407 
271 407 446 447 408 
272 408 447 448 409 
273 409 448 449 410 
274 410 449 450 411 
275 411 450 451 412 
276 412 451 452 413 
277 413 452 453 414 
278 414 453 454 415 
279 415 454 455 416 
280 416 455 123 124 
281 11 12 456 417 
282 417 456 457 418 
283 418 457 458 419 
284 419 458 459 420 
285 420 459 460 421 
286 421 460 461 422 
287 422 461 462 423 
288 423 462 463 424 
289 424 463 464 425 
290 425 464 465 426 
291 426 465 466 427 
292 427 466 467 428 
293 428 467 468 429 
294 429 468 469 430 
295 430 469 470 431 
296 431 470 471 432 
297 432 471 472 433 
298 433 472 473 434 
299 434 473 474 435 
300 435 474 475 436 
301 436 475 476 437 
302 437 476 477 438 
303 438 477 478 439 
304 439 478 479 440 
305 440 479 480 441 
306 441 480 481 442 
307 442 481 482 443 
308 443 482 483 444 
309 444 483 484 445 
310 445 484 485 446 
311 446 485 486 447 
312 447 486 487 448 
313 448 487 488 449 
314 449 488 489 450 
315 450 489 490 451 
316 451 490 491 452 
317 452 491 492 453 
318 453 492 493 454 
319 454 493 494 455 
320 455 494 122 123 
321 12 13 495 456 
322 456 495 496 457 
323 457 496 497 458 
324 458 497 498 459 
325 459 498 499 460 
326 460 499 500 461 
327 461 500 501 462 
328 462 501 502 463 
329 463 502 503 464 
330 464 503 504 465 
331 465 504 505 466 
332 466 505 506 467 
333 467 506 507 468 
334 468 507 508 469 
335 469 508 509 470 
336 470 509 510 471 
337 471 510 511 472 
338 472 511 512 473 
339 473 512 513 474 
340 474 513 514 475 
341 475 514 515 476 
342 476 515 516 477 
343 477 516 517 478 
344 478 517 518 479 
345 479 518 519 480 
346 480 519 520 481 
347 481 520 521 482 
348 482 521 522 483 
349 483 522 523 484 
350 484 523 524 485 
351 485 524 525 486 
352 486 525 526 487 
353 487 526 527 488 
354 488 527 528 489 
355 489 528 529 490 
356 490 529 530 491 
357 491 530 531 492 
358 492 531 532 493 
359 493 532 533 494 
360 494 533 121 122 
361 13 14 534 495 
362 495 534 535 496 
363 496 535 536 497 
364 497 536 537 498 
365 498 537 538 499 
366 499 538 539 500 
367 500 539 540 501 
368 501 540 541 502 
369 502 541 542 503 
370 503 542 543 504 
371 504 543 544 505 
372 505 544 545 506 
373 506 545 546 507 
374 507 546 547 508 
375 508 547 548 509 
376 509 548 549 510 
377 510 549 550 511 
378 511 550 551 512 
379 512 551 552 513 
380 513 552 553 514 
381 514 553 554 515 
382 515 554 555 516 
383 516 555 556 517 
384 517 556 557 518 
385 518 557 558 519 
386 519 558 559 520 
387 520 559 560 521 
388 521 560 561 522 
389 522 561 562 523 
390 523 562 563 524 
391 524 563 564 525 
392 525 564 565 526 
393 526 565 566 527 
394 527 566 567 528 
395 528 567 568 529 
396 529 568 569 530 
397 530 569 570 531 
398 531 570 571 532 
399 532 571 572 533 
400 533 572 120 121 
401 14 15 573 534 
402 534 573 574 535 
403 535 574 575 536 
404 536 575 576 537 
405 537 576 577 538 
406 538 577 578 539 
407 539 578 579 540 
408 540 579 580 541 
409 541 580 581 542 
410 542 581 582 543 
411 543 582 583 544 
412 544 583 584 545 
413 545 584 585 546 
414 546 585 586 547 
415 547 586 587 548 
416 548 587 588 549 
417 549 588 589 550 
418 550 589 590 551 
419 551 590 591 552 
420 552 591 592 553 
421 553 592 593 554 
422 554 593 594 555 
423 555 594 595 556 
424 556 595 596 557 
425 557 596 597 558 
426 558 597 598 559 
427 559 598 599 560 
428 560 599 600 561 
429 561 600 601 562 
430 562 601 602 563 
431 563 602 603 564 
432 564 603 604 565 
433 565 604 605 566 
434 566 605 606 567 
435 567 606 607 568 
436 568 607 608 569 
437 569 608 609 570 
438 570 609 610 571 
439 571 610 611 572 
440 572 611 119 120 
441 15 16 612 573 
442 573 612 613 574 
443 574 613 614 575 
444 575 614 615 576 
445 576 615 616 577 
446 577 616 617 578 
447 578 617 618 579 
448 579 618 619 580 
449 580 619 620 581 
450 581 620 621 582 
451 582 621 622 583 
452 583 622 623 584 
453 584 623 624 585 
454 585 624 625 586 
455 586 625 626 587 
456 587 626 627 588 
457 588 627 628 589 
458 589 628 629 590 
459 590 629 630 591 
460 591 630 631 592 
461 592 631 632 593 
462 593 632 633 594 
463 594 633 634 595 
464 595 634 635 596 
465 596 635 636 597 
466 597 636 637 598 
467 598 637 638 599 
468 599 638 639 600 
469 600 639 640 601 
470 601 640 641 602 
471 602 641 642 603 
472 603 642 643 604 
473 604 643 644 605 
474 605 644 645 606 
475 606 645 646 607 
476 607 646 647 608 
477 608 647 648 609 
478 609 648 649 610 
479 610 649 650 611 
480 611 650 118 119 
481 16 17 651 612 
482 612 651 652 613 
483 613 652 653 614 
484 614 653 654 615 
485 615 654 655 616 
486 616 655 656 617 
487 617 656 657 618 
488 618 657 658 619 
489 619 658 659 620 
490 620 659 660 621 
491 621 660 661 622 
492 622 661 662 623 
493 623 662 663 624 
494 624 663 664 625 
495 625 664 665 626 
496 626 665 666 627 
497 627 666 667 628 
498 628 667 668 629 
499 629 668 669 630 
500 630 669 670 631 
501 631 670 671 632 
502 632 671 672 633 
503 633 672 673 634 
504 634 673 674 635 
505 635 674 675 636 
506 636 675 676 637 
507 637 676 677 638 
508 638 677 678 639 
509 639 678 679 640 
510 640 679 680 641 
511 641 680 681 642 
512 642 681 682 643 
513 643 682 683 644 
514 644 683 684 645 
515 645 684 685 646 
516 646 685 686 647 
517 647 686 687 648 
518 648 687 688 649 
519 649 688 689 650 
520 650 689 117 118 
521 17 18 690 651 
522 651 690 691 652 
523 652 691 692 653 
524 653 692 693 654 
525 654 693 694 655 
526 655 694 695 656 
527 656 695 696 657 
528 657 696 697 658 
529 658 697 698 659 
530 659 698 699 660 
531 660 699 700 661 
532 661 700 701 662 
533 662 701 702 663 
534 663 702 703 664 
535 664 703 704 665 
536 665 704 705 666 
537 666 705 706 667 
538 667 706 707 668 
539 668 707 708 669 
540 669 708 709 670 
541 670 709 710 671 
542 671 710 711 672 
543 672 711 712 673 
544 673 712 713 674 
545 674 713 714 675 
546 675 714 715 676 
547 676 715 716 677 
548 677 716 717 678 
549 678 717 718 679 
550 679 718 719 680 
551 680 719 720 681 
552 681 720 721 682 
553 682 721 722 683 
554 683 722 723 684 
555 684 723 724 685 
556 685 724 725 686 
557 686 725 726 687 
558 687 726 727 688 
559 688 727 728 689 
560 689 728 116 117 
561 18 19 729 690 
562 690 729 730 691 
563 691 730 731 692 
564 692 731 732 693 
565 693 732 733 694 
566 694 733 734 695 
567 695 734 735 696 
568 696 735 736 697 
569 697 736 737 698 
570 698 737 738 699 
571 699 738 739 700 
572 700 739 740 701 
573 701 740 741 702 
574 702 741 742 703 
575 703 742 743 704 
576 704 743 744 705 
577 705 744 745 706 
578 706 745 746 707 
579 707 746 747 708 
580 708 747 748 709 
581 709 748 749 710 
582 710 749 750 711 
583 711 750 751 712 
584 712 751 752 713 
585 713 752 753 714 
586 714 753 754 715 
587 715 754 755 716 
588 716 755 756 717 
589 717 756 757 718 
590 718 757 758 719 
591 719 758 759 720 
592 720 759 760 721 
593 721 760 761 722 
594 722 761 762 723 
595 723 762 763 724 
596 724 763 764 725 
597 725 764 765 726 
598 726 765 766 727 
599 727 766 767 728 
600 728 767 115 116 
601 19 20 768 729 
602 729 768 769 730 
603 730 769 770 731 
604 731 770 771 732 
605 732 771 772 733 
606 733 772 773 734 
607 734 773 774 735 
608 735 774 775 736 
609 736 775 776 737 
610 737 776 777 738 
611 738 777 778 739 
612 739 778 779 740 
613 740 779 780 741 
614 741 780 781 742 
615 742 781 782 743 
616 743 782 783 744 
617 744 783 784 745 
618 745 784 785 746 
619 746 785 786 747 
620 747 786 787 748 
621 748 787 788 749 
622 749 788 789 750 
623 750 789 790 751 
624 751 790 791 752 
625 752 791 792 753 
626 753 792 793 754 
627 754 793 794 755 
628 755 794 795 756 
629 756 795 796 757 
630 757 796 797 758 
631 758 797 798 759 
632 759 798 799 760 
633 760 799 800 761 
634 761 800 801 762 
635 762 801 802 763 
636 763 802 803 764 
637 764 803 804 765 
638 765 804 805 766 
639 766 805 806 767 
640 767 806 114 115 
641 20 21 807 768 
642 768 807 808 769 
643 769 808 809 770 
644 770 809 810 771 
645 771 810 811 772 
646 772 811 812 773 
647 773 812 813 774 
648 774 813 814 775 
649 775 814 815 776 
650 776 815 816 777 
651 777 816 817 778 
652 778 817 818 779 
653 779 818 819 780 
654 780 819 820 781 
655 781 820 821 782 
656 782 821 822 783 
657 783 822 823 784 
658 784 823 824 785 
659 785 824 825 786 
660 786 825 826 787 
661 787 826 827 788 
662 788 827 828 789 
663 789 828 829 790 
664 790 829 830 791 
665 791 830 831 792 
666 792 831 832 793 
667 793 832 833 794 
668 794 833 834 795 
669 795 834 835 796 
670 796 835 836 797 
671 797 836 837 798 
672 798 837 838 799 
673 799 838 839 800 
674 800 839 840 801 
675 801 840 841 802 
676 802 841 842 803 
677 803 842 843 804 
678 804 843 844 805 
679 805 844 845 806 
680 806 845 113 114 
681 21 22 846 807 
682 807 846 847 808 
683 808 847 848 809 
684 809 848 849 810 
685 810 849 850 811 
686 811 850 851 812 
687 812 851 852 813 
688 813 852 853 814 
689 814 853 854 815 
690 815 854 855 816 
691 816 855 856 817 
692 817 856 857 818 
693 818 857 858 819 
694 819 858 859 820 
695 820 859 860 821 
696 821 860 861 822 
697 822 861 862 823 
698 823 862 863 824 
699 824 863 864 825 
700 825 864 865 826 
701 826 865 866 827 
702 827 866 867 828 
703 828 867 868 829 
704 829 868 869 830 
705 830 869 870 831 
706 831 870 871 832 
707 832 871 872 833 
708 833 872 873 834 
709 834 873 874 835 
710 835 874 875 836 
711 836 875 876 837 
712 837 876 877 838 
713 838 877 878 839 
714 839 878 879 840 
715 840 879 880 841 
716 841 880 881 842 
717 842 881 882 843 
718 843 882 883 844 
719 844 883 884 845 
720 845 884 112 113 
721 22 23 885 846 
722 846 885 886 847 
723 847 886 887 848 
724 848 887 888 849 
725 849 888 889 850 
726 850 889 890 851 
727 851 890 891 852 
728 852 891 892 853 
729 853 892 893 854 
730 854 893 894 855 
731 855 894 895 856 
732 856 895 896 857 
733 857 896 897 858 
734 858 897 898 859 
735 859 898 899 860 
736 860 899 900 861 
737 861 900 901 862 
738 862 901 902 863 
739 863 902 903 864 
740 864 903 904 865 
741 865 904 905 866 
742 866 905 906 867 
743 867 906 907 868 
744 868 907 908 869 
745 869 908 909 870 
746 870 909 910 871 
747 871 910 911 872 
748 872 911 912 873 
749 873 912 913 874 
750 874 913 914 875 
751 875 914 915 876 
752 876 915 916 877 
753 877 916 917 878 
754 878 917 918 879 
755 879 918 919 880 
756 880 919 920 881 
757 881 920 921 882 
758 882 921 922 883 
759 883 922 923 884 
760 884 923 111 112 
761 23 24 924 885 
762 885 924 925 886 
763 886 925 926 887 
764 887 926 927 888 
765 888 927 928 889 
766 889 928 929 890 
767 890 929 930 891 
768 891 930 931 892 
769 892 931 932 893 
770 893 932 933 894 
771 894 933 934 895 
772 895 934 935 896 
773 896 935 936 897 
774 897 936 937 898 
775 898 937 938 899 
776 899 938 939 900 
777 900 939 940 901 
778 901 940 941 902 
779 902 941 942 903 
780 903 942 943 904 
781 904 943 944 905 
782 905 944 945 906 
783 906 945 946 907 
784 907 946 947 908 
785 908 947 948 909 
786 909 948 949 910 
787 910 949 950 911 
788 911 950 951 912 
789 912 951 952 913 
790 913 952 953 914 
791 914 953 954 915 
792 915 954 955 916 
793 916 955 956 917 
794 917 956 957 918 
795 918 957 958 919 
796 919 958 959 920 
797 920 959 960 921 
798 921 960 961 922 
799 922 961 962 923 
800 923 962 110 111 
801 24 25 963 924 
802 924 963 964 925 
803 925 964 965 926 
804 926 965 966 927 
805 927 966 967 928 
806 928 967 968 929 
807 929 968 969 930 
808 930 969 970 931 
809 931 970 971 932 
810 932 971 972 933 
811 933 972 973 934 
812 934 973 974 935 
813 935 974 975 936 
814 936 975 976 937 
815 937 976 977 938 
816 938 977 978 939 
817 939 978 979 940 
818 940 979 980 941 
819 941 980 981 942 
820 942 981 982 943 
821 943 982 983 944 
822 944 983 984 945 
823 945 984 985 946 
824 946 985 986 947 
825 947 986 987 948 
826 948 987 988 949 
827 949 988 989 950 
828 950 989 990 951 
829 951 990 991 952 
830 952 991 992 953 
831 953 992 993 954 
832 954 993 994 955 
833 955 994 995 956 
834 956 995 996 957 
835 957 996 997 958 
836 958 997 998 959 
837 959 998 999 960 
838 960 999 1000 961 
839 961 1000 1001 962 
840 962 1001 109 110 
841 25 26 1002 963 
842 963 1002 1003 964 
843 964 1003 1004 965 
844 965 1004 1005 966 
845 966 1005 1006 967 
846 967 1006 1007 968 
847 968 1007 1008 969 
848 969 1008 1009 970 
849 970 1009 1010 971 
850 971 1010 1011 972 
851 972 1011 1012 973 
852 973 1012 1013 974 
853 974 1013 1014 975 
854 975 1014 1015 976 
855 976 1015 1016 977 
856 977 1016 1017 978 
857 978 1017 1018 979 
858 979 1018 1019 980 
859 980 1019 1020 981 
860 981 1020 1021 982 
861 982 1021 1022 983 
862 983 1022 1023 984 
863 984 1023 1024 985 
864 985 1024 1025 986 
865 986 1025 1026 987 
866 987 1026 1027 988 
867 988 1027 1028 989 
868 989 1028 1029 990 
869 990 1029 1030 991 
870 991 1030 1031 992 
871 992 1031 1032 993 
872 993 1032 1033 994 
873 994 1033 1034 995 
874 995 1034 1035 996 
875 996 1035 1036 997 
876 997 1036 1037 998 
877 998 1037 1038 999 
878 999 1038 1039 1000 
879 1000 1039 1040 1001 
880 1001 1040 108 109 
881 26 27 1041 1002 
882 1002 1041 1042 1003 
883 1003 1042 1043 1004 
884 1004 1043 1044 1005 
885 1005 1044 1045 1006 
886 1006 1045 1046 1007 
887 1007 1046 1047 1008 
888 1008 1047 1048 1009 
889 1009 1048 1049 1010 
890 1010 1049 1050 1011 
891 1011 1050 1051 1012 
892 1012 1051 1052 1013 
893 1013 1052 1053 1014 
894 1014 1053 1054 1015 
895 1015 1054 1055 1016 
896 1016 1055 1056 1017 
897 1017 1056 1057 1018 
898 1018 1057 1058 1019 
899 1019 1058 1059 1020 
900 1020 1059 1060 1021 
901 1021 1060 1061 1022 
902 1022 1061 1062 1023 
903 1023 1062 1063 1024 
904 1024 1063 1064 1025 
905 1025 1064 1065 1026 
906 1026 1065 1066 1027 
907 1027 1066 1067 1028 
908 1028 1067 1068 1029 
909 1029 1068 1069 1030 
910 1030 1069 1070 1031 
911 1031 1070 1071 1032 
912 1032 1071 1072 1033 
913 1033 1072 1073 1034 
914 1034 1073 1074 1035 
915 1035 1074 1075 1036 
916 1036 1075 1076 1037 
917 1037 1076 1077 1038 
918 1038 1077 1078 1039 
919 1039 1078 1079 1040 
920 1040 1079 107 108 
921 27 28 1080 1041 
922 1041 1080 1081 1042 
923 1042 1081 1082 1043 
924 1043 1082 1083 1044 
925 1044 1083 1084 1045 
926 1045 1084 1085 1046 
927 1046 1085 1086 1047 
928 1047 1086 1087 1048 
929 1048 1087 1088 1049 
930 1049 1088 1089 1050 
931 1050 1089 1090 1051 
932 1051 1090 1091 1052 
933 1052 1091 1092 1053 
934 1053 1092 1093 1054 
935 1054 1093 1094 1055 
936 1055 1094 1095 1056 
937 1056 1095 1096 1057 
938 1057 1096 1097 1058 
939 1058 1097 1098 1059 
940 1059 1098 1099 1060 
941 1060 1099 1100 1061 
942 1061 1100 1101 1062 
943 1062 1101 1102 1063 
944 1063 1102 1103 1064 
945 1064 1103 1104 1065 
946 1065 1104 1105 1066 
947 1066 1105 1106 1067 
948 1067 1106 1107 1068 
949 1068 1107 1108 1069 
950 1069 1108 1109 1070 
951 1070 1109 1110 1071 
952 1071 1110 1111 1072 
953 1072 1111 1112 1073 
954 1073 1112 1113 1074 
955 1074 1113 1114 1075 
956 1075 1114 1115 1076 
957 1076 1115 1116 1077 
958 1077 1116 1117 1078 
959 1078 1117 1118 1079 
960 1079 1118 106 107 
961 28 29 1119 1080 
962 1080 1119 1120 1081 
963 1081 1120 1121 1082 
964 1082 1121 1122 1083 
965 1083 1122 1123 1084 
966 1084 1123 1124 1085 
967 1085 1124 1125 1086 
968 1086 1125 1126 1087 
969 1087 1126 1127 1088 
970 1088 1127 1128 1089 
971 1089 1128 1129 1090 
972 1090 1129 1130 1091 
973 1091 1130 1131 1092 
974 1092 1131 1132 1093 
975 1093 1132 1133 1094 
976 1094 1133 1134 1095 
977 1095 1134 1135 1096 
978 1096 1135 1136 1097 
979 1097 1136 1137 1098 
980 1098 1137 1138 1099 
981 1099 1138 1139 1100 
982 1100 1139 1140 1101 
983 1101 1140 1141 1102 
984 1102 1141 1142 1103 
985 1103 1142 1143 1104 
986 1104 1143 1144 1105 
987 1105 1144 1145 1106 
988 1106 1145 1146 1107 
989 1107 1146 1147 1108 
990 1108 1147 1148 1109 
991 1109 1148 1149 1110 
992 1110 1149 1150 1111 
993 1111 1150 1151 1112 
994 1112 1151 1152 1113 
995 1113 1152 1153 1114 
996 1114 1153 1154 1115 
997 1115 1154 1155 1116 
998 1116 1155 1156 1117 
999 1117 1156 1157 1118 
1000 1118 1157 105 106 
1001 29 30 1158 1119 
1002 1119 1158 1159 1120 
1003 1120 1159 1160 1121 
1004 1121 1160 1161 1122 
1005 1122 1161 1162 1123 
1006 1123 1162 1163 1124 
1007 1124 1163 1164 1125 
1008 1125 1164 1165 1126 
1009 1126 1165 1166 1127 
1010 1127 1166 1167 1128 
1011 1128 1167 1168 1129 
1012 1129 1168 1169 1130 
1013 1130 1169 1170 1131 
1014 1131 1170 1171 1132 
1015 1132 1171 1172 1133 
1016 1133 1172 1173 1134 
1017 1134 1173 1174 1135 
1018 1135 1174 1175 1136 
1019 1136 1175 1176 1137 
1020 1137 1176 1177 1138 
1021 1138 1177 1178 1139 
1022 1139 1178 1179 1140 
1023 1140 1179 1180 1141 
1024 1141 1180 1181 1142 
1025 1142 1181 1182 1143 
1026 1143 1182 1183 1144 
1027 1144 1183 1184 1145 
1028 1145 1184 1185 1146 
1029 1146 1185 1186 1147 
1030 1147 1186 1187 1148 
1031 1148 1187 1188 1149 
1032 1149 1188 1189 1150 
1033 1150 1189 1190 1151 
1034 1151 1190 1191 1152 
1035 1152 1191 1192 1153 
1036 1153 1192 1193 1154 
1037 1154 1193 1194 1155 
1038 1155 1194 1195 1156 
1039 1156 1195 1196 1157 
1040 1157 1196 104 105 
1041 30 31 1197 1158 
1042 1158 1197 1198 1159 
1043 1159 1198 1199 1160 
1044 1160 1199 1200 1161 
1045 1161 1200 1201 1162 
1046 1162 1201 1202 1163 
1047 1163 1202 1203 1164 
1048 1164 1203 1204 1165 
1049 1165 1204 1205 1166 
1050 1166 1205 1206 1167 
1051 1167 1206 1207 1168 
1052 1168 1207 1208 1169 
1053 1169 1208 1209 1170 
1054 1170 1209 1210 1171 
1055 1171 1210 1211 1172 
1056 1172 1211 1212 1173 
1057 1173 1212 1213 1174 
1058 1174 1213 1214 1175 
1059 1175 1214 1215 1176 
1060 1176 1215 1216 1177 
1061 1177 1216 1217 1178 
1062 1178 1217 1218 1179 
1063 1179 1218 1219 1180 
1064 1180 1219 1220 1181 
1065 1181 1220 1221 1182 
1066 1182 1221 1222 1183 
1067 1183 1222 1223 1184 
1068 1184 1223 1224 1185 
1069 1185 1224 1225 1186 
1070 1186 1225 1226 1187 
1071 1187 1226 1227 1188 
1072 1188 1227 1228 1189 
1073 1189 1228 1229 1190 
1074 1190 1229 1230 1191 
1075 1191 1230 1231 1192 
1076 1192 1231 1232 1193 
1077 1193 1232 1233 1194 
1078 1194 1233 1234 1195 
1079 1195 1234 1235 1196 
1080 1196 1235 103 104 
1081 31 32 1236 1197 
1082 1197 1236 1237 1198 
1083 1198 1237 1238 1199 
1084 1199 1238 1239 1200 
1085 1200 1239 1240 1201 
1086 1201 1240 1241 1202 
1087 1202 1241 1242 1203 
1088 1203 1242 1243 1204 
1089 1204 1243 1244 1205 
1090 1205 1244 1245 1206 
1091 1206 1245 1246 1207 
1092 1207 1246 1247 1208 
1093 1208 1247 1248 1209 
1094 1209 1248 1249 1210 
1095 1210 1249 1250 1211 
1096 1211 1250 1251 1212 
1097 1212 1251 1252 1213 
1098 1213 1252 1253 1214 
1099 1214 1253 1254 1215 
1100 1215 1254 1255 1216 
1101 1216 1255 1256 1217 
1102 1217 1256 1257 1218 
1103 1218 1257 1258 1219 
1104 1219 1258 1259 1220 
1105 1220 1259 1260 1221 
1106 1221 1260 1261 1222 
1107 1222 1261 1262 1223 
1108 1223 1262 1263 1224 
1109 1224 1263 1264 1225 
1110 1225 1264 1265 1226 
1111 1226 1265 1266 1227 
1112 1227 1266 1267 1228 
1113 1228 1267 1268 1229 
1114 1229 1268 1269 1230 
1115 1230 1269 1270 1231 
1116 1231 1270 1271 1232 
1117 1232 1271 1272 1233 
1118 1233 1272 1273 1234 
1119 1234 1273 1274 1235 
1120 1235 1274 102 103 
1121 32 33 1275 1236 
1122 1236 1275 1276 1237 
1123 1237 1276 1277 1238 
1124 1238 1277 1278 1239 
1125 1239 1278 1279 1240 
1126 1240 1279 1280 1241 
1127 1241 1280 1281 1242 
1128 1242 1281 1282 1243 
1129 1243 1282 1283 1244 
1130 1244 1283 1284 1245 
1131 1245 1284 1285 1246 
1132 1246 1285 1286 1247 
1133 1247 1286 1287 1248 
1134 1248 1287 1288 1249 
1135 1249 1288 1289 1250 
1136 1250 1289 1290 1251 
1137 1251 1290 1291 1252 
1138 1252 1291 1292 1253 
1139 1253 1292 1293 1254 
1140 1254 1293 1294 1255 
1141 1255 1294 1295 1256 
1142 1256 1295 1296 1257 
1143 1257 1296 1297 1258 
1144 1258 1297 1298 1259 
1145 1259 1298 1299 1260 
1146 1260 1299 1300 1261 
1147 1261 1300 1301 1262 
1148 1262 1301 1302 1263 
1149 1263 1302 1303 1264 
1150 1264 1303 1304 1265 
1151 1265 1304 1305 1266 
1152 1266 1305 1306 1267 
1153 1267 1306 1307 1268 
1154 1268 1307 1308 1269 
1155 1269 1308 1309 1270 
1156 1270 1309 1310 1271 
1157 1271 1310 1311 1272 
1158 1272 1311 1312 1273 
1159 1273 1312 1313 1274 
1160 1274 1313 101 102 
1161 33 34 1314 1275 
1162 1275 1314 1315 1276 
1163 1276 1315 1316 1277 
1164 1277 1316 1317 1278 
1165 1278 1317 1318 1279 
1166 1279 1318 1319 1280 
1167 1280 1319 1320 1281 
1168 1281 1320 1321 1282 
1169 1282 1321 1322 1283 
1170 1283 1322 1323 1284 
1171 1284 1323 1324 1285 
1172 1285 1324 1325 1286 
1173 1286 1325 1326 1287 
1174 1287 1326 1327 1288 
1175 1288 1327 1328 1289 
1176 1289 1328 1329 1290 
1177 1290 1329 1330 1291 
1178 1291 1330 1331 1292 
1179 1292 1331 1332 1293 
1180 1293 1332 1333 1294 
1181 1294 1333 1334 1295 
1182 1295 1334 1335 1296 
1183 1296 1335 1336 1297 
1184 1297 1336 1337 1298 
1185 1298 1337 1338 1299 
1186 1299 1338 1339 1300 
1187 1300 1339 1340 1301 
1188 1301 1340 1341 1302 
1189 1302 1341 1342 1303 
1190 1303 1342 1343 1304 
1191 1304 1343 1344 1305 
1192 1305 1344 1345 1306 
1193 1306 1345 1346 1307 
1194 1307 1346 1347 1308 
1195 1308 1347 1348 1309 
1196 1309 1348 1349 1310 
1197 1310 1349 1350 1311 
1198 1311 1350 1351 1312 
1199 1312 1351 1352 1313 
1200 1313 1352 100 101 
1201 34 35 1353 1314 
1202 1314 1353 1354 1315 
1203 1315 1354 1355 1316 
1204 1316 1355 1356 1317 
1205 1317 1356 1357 1318 
1206 1318 1357 1358 1319 
1207 1319 1358 1359 1320 
1208 1320 1359 1360 1321 
1209 1321 1360 1361 1322 
1210 1322 1361 1362 1323 
1211 1323 1362 1363 1324 
1212 1324 1363 1364 1325 
1213 1325 1364 1365 1326 
1214 1326 1365 1366 1327 
1215 1327 1366 1367 1328 
1216 1328 1367 1368 1329 
1217 1329 1368 1369 1330 
1218 1330 1369 1370 1331 
1219 1331 1370 1371 1332 
1220 1332 1371 1372 1333 
1221 1333 1372 1373 1334 
1222 1334 1373 1374 1335 
1223 1335 1374 1375 1336 
1224 1336 1375 1376 1337 
1225 1337 1376 1377 1338 
1226 1338 1377 1378 1339 
1227 1339 1378 1379 1340 
1228 1340 1379 1380 1341 
1229 1341 1380 1381 1342 
1230 1342 1381 1382 1343 
1231 1343 1382 1383 1344 
1232 1344 1383 1384 1345 
1233 1345 1384 1385 1346 
1234 1346 1385 1386 1347 
1235 1347 1386 1387 1348 
1236 1348 1387 1388 1349 
1237 1349 1388 1389 1350 
1238 1350 1389 1390 1351 
1239 1351 1390 1391 1352 
1240 1352 1391 99 100 
1241 35 36 1392 1353 
1242 1353 1392 1393 1354 
1243 1354 1393 1394 1355 
1244 1355 1394 1395 1356 
1245 1356 1395 1396 1357 
1246 1357 1396 1397 1358 
1247 1358 1397 1398 1359 
1248 1359 1398 1399 1360 
1249 1360 1399 1400 1361 
1250 1361 1400 1401 1362 
1251 1362 1401 1402 1363 
1252 1363 1402 1403 1364 
1253 1364 1403 1404 1365 
1254 1365 1404 1405 1366 
1255 1366 1405 1406 1367 
1256 1367 1406 1407 1368 
1257 1368 1407 1408 1369 
1258 1369 1408 1409 1370 
1259 1370 1409 1410 1371 
1260 1371 1410 1411 1372 
1261 1372 1411 1412 1373 
1262 1373 1412 1413 1374 
1263 1374 1413 1414 1375 
1264 1375 1414 1415 1376 
1265 1376 1415 1416 1377 
1266 1377 1416 1417 1378 
1267 1378 1417 1418 1379 
1268 1379 1418 1419 1380 
1269 1380 1419 1420 1381 
1270 1381 1420 1421 1382 
1271 1382 1421 1422 1383 
1272 1383 1422 1423 1384 
1273 1384 1423 1424 1385 
1274 1385 1424 1425 1386 
1275 1386 1425 1426 1387 
1276 1387 1426 1427 1388 
1277 1388 1427 1428 1389 
1278 1389 1428 1429 1390 
1279 1390 1429 1430 1391 
1280 1391 1430 98 99 
1281 36 37 1431 1392 
1282 1392 1431 1432 1393 
1283 1393 1432 1433 1394 
1284 1394 1433 1434 1395 
1285 1395 1434 1435 1396 
1286 1396 1435 1436 1397 
1287 1397 1436 1437 1398 
1288 1398 1437 1438 1399 
1289 1399 1438 1439 1400 
1290 1400 1439 1440 1401 
1291 1401 1440 1441 1402 
1292 1402 1441 1442 1403 
1293 1403 1442 1443 1404 
1294 1404 1443 1444 1405 
1295 1405 1444 1445 1406 
1296 1406 1445 1446 1407 
1297 1407 1446 1447 1408 
1298 1408 1447 1448 1409 
1299 1409 1448 1449 1410 
1300 1410 1449 1450 1411 
1301 1411 1450 1451 1412 
1302 1412 1451 1452 1413 
1303 1413 1452 1453 1414 
1304 1414 1453 1454 1415 
1305 1415 1454 1455 1416 
1306 1416 1455 1456 1417 
1307 1417 1456 1457 1418 
1308 1418 1457 1458 1419 
1309 1419 1458 1459 1420 
1310 1420 1459 1460 1421 
1311 1421 1460 1461 1422 
1312 1422 1461 1462 1423 
1313 1423 1462 1463 1424 
1314 1424 1463 1464 1425 
1315 1425 1464 1465 1426 
1316 1426 1465 1466 1427 
1317 1427 1466 1467 1428 
1318 1428 1467 1468 1429 
1319 1429 1468 1469 1430 
1320 1430 1469 97 98 
1321 37 38 1470 1431 
1322 1431 1470 1471 1432 
1323 1432 1471 1472 1433 
1324 1433 1472 1473 1434 
1325 1434 1473 1474 1435 
1326 1435 1474 1475 1436 
1327 1436 1475 1476 1437 
1328 1437 1476 1477 1438 
1329 1438 1477 1478 1439 
1330 1439 1478 1479 1440 
1331 1440 1479 1480 1441 
1332 1441 1480 1481 1442 
1333 1442 1481 1482 1443 
1334 1443 1482 1483 1444 
1335 1444 1483 1484 1445 
1336 1445 1484 1485 1446 
1337 1446 1485 1486 1447 
1338 1447 1486 1487 1448 
1339 1448 1487 1488 1449 
1340 1449 1488 1489 1450 
1341 1450 1489 1490 1451 
1342 1451 1490 1491 1452 
1343 1452 1491 1492 1453 
1344 1453 1492 1493 1454 
1345 1454 1493 1494 1455 
1346 1455 1494 1495 1456 
1347 1456 1495 1496 1457 
1348 1457 1496 1497 1458 
1349 1458 1497 1498 1459 
1350 1459 1498 1499 1460 
1351 1460 1499 1500 1461 
1352 1461 1500 1501 1462 
1353 1462 1501 1502 1463 
1354 1463 1502 1503 1464 
1355 1464 1503 1504 1465 
1356 1465 1504 1505 1466 
1357 1466 1505 1506 1467 
1358 1467 1506 1507 1468 
1359 1468 1507 1508 1469 
1360 1469 1508 96 97 
1361 38 39 1509 1470 
1362 1470 1509 1510 1471 
1363 1471 1510 1511 1472 
1364 1472 1511 1512 1473 
1365 1473 1512 1513 1474 
1366 1474 1513 1514 1475 
1367 1475 1514 1515 1476 
1368 1476 1515 1516 1477 
1369 1477 1516 1517 1478 
1370 1478 1517 1518 1479 
1371 1479 1518 1519 1480 
1372 1480 1519 1520 1481 
1373 1481 1520 1521 1482 
1374 1482 1521 1522 1483 
1375 1483 1522 1523 1484 
1376 1484 1523 1524 1485 
1377 1485 1524 1525 1486 
1378 1486 1525 1526 1487 
1379 1487 1526 1527 1488 
1380 1488 1527 1528 1489 
1381 1489 1528 1529 1490 
1382 1490 1529 1530 1491 
1383 1491 1530 1531 1492 
1384 1492 1531 1532 1493 
1385 1493 1532 1533 1494 
1386 1494 1533 1534 1495 
1387 1495 1534 1535 1496 
1388 1496 1535 1536 1497 
1389 1497 1536 1537 1498 
1390 1498 1537 1538 1499 
1391 1499 1538 1539 1500 
1392 1500 1539 1540 1501 
1393 1501 1540 1541 1502 
1394 1502 1541 1542 1503 
1395 1503 1542 1543 1504 
1396 1504 1543 1544 1505 
1397 1505 1544 1545 1506 
1398 1506 1545 1546 1507 
1399 1507 1546 1547 1508 
1400 1508 1547 95 96 
1401 39 40 1548 1509 
1402 1509 1548 1549 1510 
1403 1510 1549 1550 1511 
1404 1511 1550 1551 1512 
1405 1512 1551 1552 1513 
1406 1513 1552 1553 1514 
1407 1514 1553 1554 1515 
1408 1515 1554 1555 1516 
1409 1516 1555 1556 1517 
1410 1517 1556 1557 1518 
1411 1518 1557 1558 1519 
1412 1519 1558 1559 1520 
1413 1520 1559 1560 1521 
1414 1521 1560 1561 1522 
1415 1522 1561 1562 1523 
1416 1523 1562 1563 1524 
1417 1524 1563 1564 1525 
1418 1525 1564 1565 1526 
1419 1526 1565 1566 1527 
1420 1527 1566 1567 1528 
1421 1528 1567 1568 1529 
1422 1529 1568 1569 1530 
1423 1530 1569 1570 1531 
1424 1531 1570 1571 1532 
1425 1532 1571 1572 1533 
1426 1533 1572 1573 1534 
1427 1534 1573 1574 1535 
1428 1535 1574 1575 1536 
1429 1536 1575 1576 1537 
1430 1537 1576 1577 1538 
1431 1538 1577 1578 1539 
1432 1539 1578 1579 1540 
1433 1540 1579 1580 1541 
1434 1541 1580 1581 1542 
1435 1542 1581 1582 1543 
1436 1543 1582 1583 1544 
1437 1544 1583 1584 1545 
1438 1545 1584 1585 1546 
1439 1546 1585 1586 1547 
1440 1547 1586 94 95 
1441 40 41 1587 1548 
1442 1548 1587 1588 1549 
1443 1549 1588 1589 1550 
1444 1550 1589 1590 1551 
1445 1551 1590 1591 1552 
1446 1552 1591 1592 1553 
1447 1553 1592 1593 1554 
1448 1554 1593 1594 1555 
1449 1555 1594 1595 1556 
1450 1556 1595 1596 1557 
1451 1557 1596 1597 1558 
1452 1558 1597 1598 1559 
1453 1559 1598 1599 1560 
1454 1560 1599 1600 1561 
1455 1561 1600 1601 1562 
1456 1562 1601 1602 1563 
1457 1563 1602 1603 1564 
1458 1564 1603 1604 1565 
1459 1565 1604 1605 1566 
1460 1566 1605 1606 1567 
1461 1567 1606 1607 1568 
1462 1568 1607 1608 1569 
1463 1569 1608 1609 1570 
1464 1570 1609 1610 1571 
1465 1571 1610 1611 1572 
1466 1572 1611 1612 1573 
1467 1573 1612 1613 1574 
1468 1574 1613 1614 1575 
1469 1575 1614 1615 1576 
1470 1576 1615 1616 1577 
1471 1577 1616 1617 1578 
1472 1578 1617 1618 1579 
1473 1579 1618 1619 1580 
1474 1580 1619 1620 1581 
1475 1581 1620 1621 1582 
1476 1582 1621 1622 1583 
1477 1583 1622 1623 1584 
1478 1584 1623 1624 1585 
1479 1585 1624 1625 1586 
1480 1586 1625 93 94 
1481 41 42 1626 1587 
1482 1587 1626 1627 1588 
1483 1588 1627 1628 1589 
1484 1589 1628 1629 1590 
1485 1590 1629 1630 1591 
1486 1591 1630 1631 1592 
1487 1592 1631 1632 1593 
1488 1593 1632 1633 1594 
1489 1594 1633 1634 1595 
1490 1595 1634 1635 1596 
1491 1596 1635 1636 1597 
1492 1597 1636 1637 1598 
1493 1598 1637 1638 1599 
1494 1599 1638 1639 1600 
1495 1600 1639 1640 1601 
1496 1601 1640 1641 1602 
1497 1602 1641 1642 1603 
1498 1603 1642 1643 1604 
1499 1604 1643 1644 1605 
1500 1605 1644 1645 1606 
1501 1606 1645 1646 1607 
1502 1607 1646 1647 1608 
1503 1608 1647 1648 1609 
1504 1609 1648 1649 1610 
1505 1610 1649 1650 1611 
1506 1611 1650 1651 1612 
1507 1612 1651 1652 1613 
1508 1613 1652 1653 1614 
1509 1614 1653 1654 1615 
1510 1615 1654 1655 1616 
1511 1616 1655 1656 1617 
1512 1617 1656 1657 1618 
1513 1618 1657 1658 1619 
1514 1619 1658 1659 1620 
1515 1620 1659 1660 1621 
1516 1621 1660 1661 1622 
1517 1622 1661 1662 1623 
1518 1623 1662 1663 1624 
1519 1624 1663 1664 1625 
1520 1625 1664 92 93 
1521 42 43 1665 1626 
1522 1626 1665 1666 1627 
1523 1627 1666 1667 1628 
1524 1628 1667 1668 1629 
1525 1629 1668 1669 1630 
1526 1630 1669 1670 1631 
1527 1631 1670 1671 1632 
1528 1632 1671 1672 1633 
1529 1633 1672 1673 1634 
1530 1634 1673 1674 1635 
1531 1635 1674 1675 1636 
1532 1636 1675 1676 1637 
1533 1637 1676 1677 1638 
1534 1638 1677 1678 1639 
1535 1639 1678 1679 1640 
1536 1640 1679 1680 1641 
1537 1641 1680 1681 1642 
1538 1642 1681 1682 1643 
1539 1643 1682 1683 1644 
1540 1644 1683 1684 1645 
1541 1645 1684 1685 1646 
1542 1646 1685 1686 1647 
1543 1647 1686 1687 1648 
1544 1648 1687 1688 1649 
1545 1649 1688 1689 1650 
1546 1650 1689 1690 1651 
1547 1651 1690 1691 1652 
1548 1652 1691 1692 1653 
1549 1653 1692 1693 1654 
1550 1654 1693 1694 1655 
1551 1655 1694 1695 1656 
1552 1656 1695 1696 1657 
1553 1657 1696 1697 1658 
1554 1658 1697 1698 1659 
1555 1659 1698 1699 1660 
1556 1660 1699 1700 1661 
1557 1661 1700 1701 1662 
1558 1662 1701 1702 1663 
1559 1663 1702 1703 1664 
1560 1664 1703 91 92 
1561 43 44 1704 1665 
1562 1665 1704 1705 1666 
1563 1666 1705 1706 1667 
1564 1667 1706 1707 1668 
1565 1668 1707 1708 1669 
1566 1669 1708 1709 1670 
1567 1670 1709 1710 1671 
1568 1671 1710 1711 1672 
1569 1672 1711 1712 1673 
1570 1673 1712 1713 1674 
1571 1674 1713 1714 1675 
1572 1675 1714 1715 1676 
1573 1676 1715 1716 1677 
1574 1677 1716 1717 1678 
1575 1678 1717 1718 1679 
1576 1679 1718 1719 1680 
1577 1680 1719 1720 1681 
1578 1681 1720 1721 1682 
1579 1682 1721 1722 1683 
1580 1683 1722 1723 1684 
1581 1684 1723 1724 1685 
1582 1685 1724 1725 1686 
1583 1686 1725 1726 1687 
1584 1687 1726 1727 1688 
1585 1688 1727 1728 1689 
1586 1689 1728 1729 1690 
1587 1690 1729 1730 1691 
1588 1691 1730 1731 1692 
1589 1692 1731 1732 1693 
1590 1693 1732 1733 1694 
1591 1694 1733 1734 1695 
1592 1695 1734 1735 1696 
1593 1696 1735 1736 1697 
1594 1697 1736 1737 1698 
1595 1698 1737 1738 1699 
1596 1699 1738 1739 1700 
1597 1700 1739 1740 1701 
1598 1701 1740 1741 1702 
1599 1702 1741 1742 1703 
1600 1703 1742 90 91 
1601 44 45 1743 1704 
1602 1704 1743 1744 1705 
1603 1705 1744 1745 1706 
1604 1706 1745 1746 1707 
1605 1707 1746 1747 1708 
1606 1708 1747 1748 1709 
1607 1709 1748 1749 1710 
1608 1710 1749 1750 1711 
1609 1711 1750 1751 1712 
1610 1712 1751 1752 1713 
1611 1713 1752 1753 1714 
1612 1714 1753 1754 1715 
1613 1715 1754 1755 1716 
1614 1716 1755 1756 1717 
1615 1717 1756 1757 1718 
1616 1718 1757 1758 1719 
1617 1719 1758 1759 1720 
1618 1720 1759 1760 1721 
1619 1721 1760 1761 1722 
1620 1722 1761 1762 1723 
1621 1723 1762 1763 1724 
1622 1724 1763 1764 1725 
1623 1725 1764 1765 1726 
1624 1726 1765 1766 1727 
1625 1727 1766 1767 1728 
1626 1728 1767 1768 1729 
1627 1729 1768 1769 1730 
1628 1730 1769 1770 1731 
1629 1731 1770 1771 1732 
1630 1732 1771 1772 1733 
1631 1733 1772 1773 1734 
1632 1734 1773 1774 1735 
1633 1735 1774 1775 1736 
1634 1736 1775 1776 1737 
1635 1737 1776 1777 1738 
1636 1738 1777 1778 1739 
1637 1739 1778 1779 1740 
1638 1740 1779 1780 1741 
1639 1741 1780 1781 1742 
1640 1742 1781 89 90 
1641 45 46 1782 1743 
1642 1743 1782 1783 1744 
1643 1744 1783 1784 1745 
1644 1745 1784 1785 1746 
1645 1746 1785 1786 1747 
1646 1747 1786 1787 1748 
1647 1748 1787 1788 1749 
1648 1749 1788 1789 1750 
1649 1750 1789 1790 1751 
1650 1751 1790 1791 1752 
1651 1752 1791 1792 1753 
1652 1753 1792 1793 1754 
1653 1754 1793 1794 1755 
1654 1755 1794 1795 1756 
1655 1756 1795 1796 1757 
1656 1757 1796 1797 1758 
1657 1758 1797 1798 1759 
1658 1759 1798 1799 1760 
1659 1760 1799 1800 1761 
1660 1761 1800 1801 1762 
1661 1762 1801 1802 1763 
1662 1763 1802 1803 1764 
1663 1764 1803 1804 1765 
1664 1765 1804 1805 1766 
1665 1766 1805 1806 1767 
1666 1767 1806 1807 1768 
1667 1768 1807 1808 1769 
1668 1769 1808 1809 1770 
1669 1770 1809 1810 1771 
1670 1771 1810 1811 1772 
1671 1772 1811 1812 1773 
1672 1773 1812 1813 1774 
1673 1774 1813 1814 1775 
1674 1775 1814 1815 1776 
1675 1776 1815 1816 1777 
1676 1777 1816 1817 1778 
1677 1778 1817 1818 1779 
1678 1779 1818 1819 1780 
1679 1780 1819 1820 1781 
1680 1781 1820 88 89 
1681 46 47 1821 1782 
1682 1782 1821 1822 1783 
1683 1783 1822 1823 1784 
1684 1784 1823 1824 1785 
1685 1785 1824 1825 1786 
1686 1786 1825 1826 1787 
1687 1787 1826 1827 1788 
1688 1788 1827 1828 1789 
1689 1789 1828 1829 1790 
1690 1790 1829 1830 1791 
1691 1791 1830 1831 1792 
1692 1792 1831 1832 1793 
1693 1793 1832 1833 1794 
1694 1794 1833 1834 1795 
1695 1795 1834 1835 1796 
1696 1796 1835 1836 1797 
1697 1797 1836 1837 1798 
1698 1798 1837 1838 1799 
1699 1799 1838 1839 1800 
1700 1800 1839 1840 1801 
1701 1801 1840 1841 1802 
1702 1802 1841 1842 1803 
1703 1803 1842 1843 1804 
1704 1804 1843 1844 1805 
1705 1805 1844 1845 1806 
1706 1806 1845 1846 1807 
1707 1807 1846 1847 1808 
1708 1808 1847 1848 1809 
1709 1809 1848 1849 1810 
1710 1810 1849 1850 1811 
1711 1811 1850 1851 1812 
1712 1812 1851 1852 1813 
1713 1813 1852 1853 1814 
1714 1814 1853 1854 1815 
1715 1815 1854 1855 1816 
1716 1816 1855 1856 1817 
1717 1817 1856 1857 1818 
1718 1818 1857 1858 1819 
1719 1819 1858 1859 1820 
1720 1820 1859 87 88 
1721 47 2 48 1821 
1722 1821 48 49 1822 
1723 1822 49 50 1823 
1724 1823 50 51 1824 
1725 1824 51 52 1825 
1726 1825 52 53 1826 
1727 1826 53 54 1827 
1728 1827 54 55 1828 
1729 1828 55 56 1829 
1730 1829 56 57 1830 
1731 1830 57 58 1831 
1732 1831 58 59 1832 
1733 1832 59 60 1833 
1734 1833 60 61 1834 
1735 1834 61 62 1835 
1736 1835 62 63 1836 
1737 1836 63 64 1837 
1738 1837 64 65 1838 
1739 1838 65 66 1839 
1740 1839 66 67 1840 
1741 1840 67 68 1841 
1742 1841 68 69 1842 
1743 1842 69 70 1843 
1744 1843 70 71 1844 
1745 1844 71 72 1845 
1746 1845 72 73 1846 
1747 1846 73 74 1847 
1748 1847 74 75 1848 
1749 1848 75 76 1849 
1750 1849 76 77 1850 
1751 1850 77 78 1851 
1752 1851 78 79 1852 
1753 1852 79 80 1853 
1754 1853 80 81 1854 
1755 1854 81 82 1855 
1756 1855 82 83 1856 
1757 1856 83 84 1857 
1758 1857 84 85 1858 
1759 1858 85 86 1859 
1760 1859 86 3 87 
2 2 3 800
1761 5 184 1860 165 
1762 165 1860 1861 166 
1763 166 1861 1862 167 
1764 167 1862 1863 168 
1765 168 1863 1864 169 
1766 169 1864 1865 170 
1767 170 1865 1866 171 
1768 171 1866 1867 172 
1769 172 1867 1868 173 
1770 173 1868 1869 174 
1771 174 1869 1870 175 
1772 175 1870 1871 176 
1773 176 1871 1872 177 
1774 177 1872 1873 178 
1775 178 1873 1874 179 
1776 179 1874 1875 180 
1777 180 1875 1876 181 
1778 181 1876 1877 182 
1779 182 1877 1878 183 
1780 183 1878 9 1 
1781 184 185 1879 1860 
1782 1860 1879 1880 1861 
1783 1861 1880 1881 1862 
1784 1862 1881 1882 1863 
1785 1863 1882 1883 1864 
1786 1864 1883 1884 1865 
1787 1865 1884 1885 1866 
1788 1866 1885 1886 1867 
1789 1867 1886 1887 1868 
1790 1868 1887 1888 1869 
1791 1869 1888 1889 1870 
1792 1870 1889 1890 1871 
1793 1871 1890 1891 1872 
1794 1872 1891 1892 1873 
1795 1873 1892 1893 1874 
1796 1874 1893 1894 1875 
1797 1875 1894 1895 1876 
1798 1876 1895 1896 1877 
1799 1877 1896 1897 1878 
1800 1878 1897 10 9 
1801 185 186 1898 1879 
1802 1879 1898 1899 1880 
1803 1880 1899 1900 1881 
1804 1881 1900 1901 1882 
1805 1882 1901 1902 1883 
1806 1883 1902 1903 1884 
1807 1884 1903 1904 1885 
1808 1885 1904 1905 1886 
1809 1886 1905 1906 1887 
1810 1887 1906 1907 1888 
1811 1888 1907 1908 1889 
1812 1889 1908 1909 1890 
1813 1890 1909 1910 1891 
1814 1891 1910 1911 1892 
1815 1892 1911 1912 1893 
1816 1893 1912 1913 1894 
1817 1894 1913 1914 1895 
1818 1895 1914 1915 1896 
1819 1896 1915 1916 1897 
1820 1897 1916 11 10 
1821 186 187 1917 1898 
1822 1898 1917 1918 1899 
1823 1899 1918 1919 1900 
1824 1900 1919 1920 1901 
1825 1901 1920 1921 1902 
1826 1902 1921 1922 1903 
1827 1903 1922 1923 1904 
1828 1904 1923 1924 1905 
1829 1905 1924 1925 1906 
1830 1906 1925 1926 1907 
1831 1907 1926 1927 1908 
1832 1908 1927 1928 1909 
1833 1909 1928 1929 1910 
1834 1910 1929 1930 1911 
1835 1911 1930 1931 1912 
1836 1912 1931 1932 1913 
1837 1913 1932 1933 1914 
1838 1914 1933 1934 1915 
1839 1915 1934 1935 1916 
1840 1916 1935 12 11 
1841 187 188 1936 1917 
1842 1917 1936 1937 1918 
1843 1918 1937 1938 1919 
1844 1919 1938 1939 1920 
1845 1920 1939 1940 1921 
1846 1921 1940 1941 1922 
1847 1922 1941 1942 1923 
1848 1923 1942 1943 1924 
1849 1924 1943 1944 1925 
1850 1925 1944 1945 1926 
1851 1926 1945 1946 1927 
1852 1927 1946 1947 1928 
1853 1928 1947 1948 1929 
1854 1929 1948 1949 1930 
1855 1930 1949 1950 1931 
1856 1931 1950 1951 1932 
1857 1932 1951 1952 1933 
1858 1933 1952 1953 1934 
1859 1934 1953 1954 1935 
1860 1935 1954 13 12 
1861 188 189 1955 1936 
1862 1936 1955 1956 1937 
1863 1937 1956 1957 1938 
1864 1938 1957 1958 1939 
1865 1939 1958 1959 1940 
1866 1940 1959 1960 1941 
1867 1941 1960 1961 1942 
1868 1942 1961 1962 1943 
1869 1943 1962 1963 1944 
1870 1944 1963 1964 1945 
1871 1945 1964 1965 1946 
1872 1946 1965 1966 1947 
1873 1947 1966 1967 1948 
1874 1948 1967 1968 1949 
1875 1949 1968 1969 1950 
1876 1950 1969 1970 1951 
1877 1951 1970 1971 1952 
1878 1952 1971 1972 1953 
1879 1953 1972 1973 1954 
1880 1954 1973 14 13 
1881 189 190 1974 1955 
1882 1955 1974 1975 1956 
1883 1956 1975 1976 1957 
1884 1957 1976 1977 1958 
1885 1958 1977 1978 1959 
1886 1959 1978 1979 1960 
1887 1960 1979 1980 1961 
1888 1961 1980 1981 1962 
1889 1962 1981 1982 1963 
1890 1963 1982 1983 1964 
1891 1964 1983 1984 1965 
1892 1965 1984 1985 1966 
1893 1966 1985 1986 1967 
1894 1967 1986 1987 1968 
1895 1968 1987 1988 1969 
1896 1969 1988 1989 1970 
1897 1970 1989 1990 1971 
1898 1971 1990 1991 1972 
1899 1972 1991 1992 1973 
1900 1973 1992 15 14 
1901 190 191 1993 1974 
1902 1974 1993 1994 1975 
1903 1975 1994 1995 1976 
1904 1976 1995 1996 1977 
1905 1977 1996 1997 1978 
1906 1978 1997 1998 1979 
1907 1979 1998 1999 1980 
1908 1980 1999 2000 1981 
1909 1981 2000 2001 1982 
1910 1982 2001 2002 1983 
1911 1983 2002 2003 1984 
1912 1984 2003 2004 1985 
1913 1985 2004 2005 1986 
1914 1986 2005 2006 1987 
1915 1987 2006 2007 1988 
1916 1988 2007 2008 1989 
1917 1989 2008 2009 1990 
1918 1990 2009 2010 1991 
1919 1991 2010 2011 1992 
1920 1992 2011 16 15 
1921 191 192 2012 1993 
1922 1993 2012 2013 1994 
1923 1994 2013 2014 1995 
1924 1995 2014 2015 1996 
1925 1996 2015 2016 1997 
1926 1997 2016 2017 1998 
1927 1998 2017 2018 1999 
1928 1999 2018 2019 2000 
1929 2000 2019 2020 2001 
1930 2001 2020 2021 2002 
1931 2002 2021 2022 2003 
1932 2003 2022 2023 2004 
1933 2004 2023 2024 2005 
1934 2005 2024 2025 2006 
1935 2006 2025 2026 2007 
1936 2007 2026 2027 2008 
1937 2008 2027 2028 2009 
1938 2009 2028 2029 2010 
1939 2010 2029 2030 2011 
1940 2011 2030 17 16 
1941 192 193 2031 2012 
1942 2012 2031 2032 2013 
1943 2013 2032 2033 2014 
1944 2014 2033 2034 2015 
1945 2015 2034 2035 2016 
1946 2016 2035 2036 2017 
1947 2017 2036 2037 2018 
1948 2018 2037 2038 2019 
1949 2019 2038 2039 2020 
1950 2020 2039 2040 2021 
1951 2021 2040 2041 2022 
1952 2022 2041 2042 2023 
1953 2023 2042 2043 2024 
1954 2024 2043 2044 2025 
1955 2025 2044 2045 2026 
1956 2026 2045 2046 2027 
1957 2027 2046 2047 2028 
1958 2028 2047 2048 2029 
1959 2029 2048 2049 2030 
1960 2030 2049 18 17 
1961 193 194 2050 2031 
1962 2031 2050 2051 2032 
1963 2032 2051 2052 2033 
1964 2033 2052 2053 2034 
1965 2034 2053 2054 2035 
1966 2035 2054 2055 2036 
1967 2036 2055 2056 2037 
1968 2037 2056 2057 2038 
1969 2038 2057 2058 2039 
1970 2039 2058 2059 2040 
1971 2040 2059 2060 2041 
1972 2041 2060 2061 2042 
1973 2042 2061 2062 2043 
1974 2043 2062 2063 2044 
1975 2044 2063 2064 2045 
1976 2045 2064 2065 2046 
1977 2046 2065 2066 2047 
1978 2047 2066 2067 2048 
1979 2048 2067 2068 2049 
1980 2049 2068 19 18 
1981 194 195 2069 2050 
1982 2050 2069 2070 2051 
1983 2051 2070 2071 2052 
1984 2052 2071 2072 2053 
1985 2053 2072 2073 2054 
1986 2054 2073 2074 2055 
1987 2055 2074 2075 2056 
1988 2056 2075 2076 2057 
1989 2057 2076 2077 2058 
1990 2058 2077 2078 2059 
1991 2059 2078 2079 2060 
1992 2060 2079 2080 2061 
1993 2061 2080 2081 2062 
1994 2062 2081 2082 2063 
1995 2063 2082 2083 2064 
1996 2064 2083 2084 2065 
1997 2065 2084 2085 2066 
1998 2066 2085 2086 2067 
1999 2067 2086 2087 2068 
2000 2068 2087 20 19 
2001 195 196 2088 2069 
2002 2069 2088 2089 2070 
2003 2070 2089 2090 2071 
2004 2071 2090 2091 2072 
2005 2072 2091 2092 2073 
2006 2073 2092 2093 2074 
2007 2074 2093 2094 2075 
2008 2075 2094 2095 2076 
2009 2076 2095 2096 2077 
2010 2077 2096 2097 2078 
2011 2078 2097 2098 2079 
2012 2079 2098 2099 2080 
2013 2080 2099 2100 2081 
2014 2081 2100 2101 2082 
2015 2082 2101 2102 2083 
2016 2083 2102 2103 2084 
2017 2084 2103 2104 2085 
2018 2085 2104 2105 2086 
2019 2086 2105 2106 2087 
2020 2087 2106 21 20 
2021 196 197 2107 2088 
2022 2088 2107 2108 2089 
2023 2089 2108 2109 2090 
2024 2090 2109 2110 2091 
2025 2091 2110 2111 2092 
2026 2092 2111 2112 2093 
2027 2093 2112 2113 2094 
2028 2094 2113 2114 2095 
2029 2095 2114 2115 2096 
2030 2096 2115 2116 2097 
2031 2097 2116 2117 2098 
2032 2098 2117 2118 2099 
2033 2099 2118 2119 2100 
2034 2100 2119 2120 2101 
2035 2101 2120 2121 2102 
2036 2102 2121 2122 2103 
2037 2103 2122 2123 2104 
2038 2104 2123 2124 2105 
2039 2105 2124 2125 2106 
2040 2106 2125 22 21 
2041 197 198 2126 2107 
2042 2107 2126 2127 2108 
2043 2108 2127 2128 2109 
2044 2109 2128 2129 2110 
2045 2110 2129 2130 2111 
2046 2111 2130 2131 2112 
2047 2112 2131 2132 2113 
2048 2113 2132 2133 2114 
2049 2114 2133 2134 2115 
2050 2115 2134 2135 2116 
2051 2116 2135 2136 2117 
2052 2117 2136 2137 2118 
2053 2118 2137 2138 2119 
2054 2119 2138 2139 2120 
2055 2120 2139 2140 2121 
2056 2121 2140 2141 2122 
2057 2122 2141 2142 2123 
2058 2123 2142 2143 2124 
2059 2124 2143 2144 2125 
2060 2125 2144 23 22 
2061 198 199 2145 2126 
2062 2126 2145 2146 2127 
2063 2127 2146 2147 2128 
2064 2128 2147 2148 2129 
2065 2129 2148 2149 2130 
2066 2130 2149 2150 2131 
2067 2131 2150 2151 2132 
2068 2132 2151 2152 2133 
2069 2133 2152 2153 2134 
2070 2134 2153 2154 2135 
2071 2135 2154 2155 2136 
2072 2136 2155 2156 2137 
2073 2137 2156 2157 2138 
2074 2138 2157 2158 2139 
2075 2139 2158 2159 2140 
2076 2140 2159 2160 2141 
2077 2141 2160 2161 2142 
2078 2142 2161 2162 2143 
2079 2143 2162 2163 2144 
2080 2144 2163 24 23 
2081 199 200 2164 2145 
2082 2145 2164 2165 2146 
2083 2146 2165 2166 2147 
2084 2147 2166 2167 2148 
2085 2148 2167 2168 2149 
2086 2149 2168 2169 2150 
2087 2150 2169 2170 2151 
2088 2151 2170 2171 2152 
2089 2152 2171 2172 2153 
2090 2153 2172 2173 2154 
2091 2154 2173 2174 2155 
2092 2155 2174 2175 2156 
2093 2156 2175 2176 2157 
2094 2157 2176 2177 2158 
2095 2158 2177 2178 2159 
2096 2159 2178 2179 2160 
2097 2160 2179 2180 2161 
2098 2161 2180 2181 2162 
2099 2162 2181 2182 2163 
2100 2163 2182 25 24 
2101 200 201 2183 2164 
2102 2164 2183 2184 2165 
2103 2165 2184 2185 2166 
2104 2166 2185 2186 2167 
2105 2167 2186 2187 2168 
2106 2168 2187 2188 2169 
2107 2169 2188 2189 2170 
2108 2170 2189 2190 2171 
2109 2171 2190 2191 2172 
2110 2172 2191 2192 2173 
2111 2173 2192 2193 2174 
2112 2174 2193 2194 2175 
2113 2175 2194 2195 2176 
2114 2176 2195 2196 2177 
2115 2177 2196 2197 2178 
2116 2178 2197 2198 2179 
2117 2179 2198 2199 2180 
2118 2180 2199 2200 2181 
2119 2181 2200 2201 2182 
2120 2182 2201 26 25 
2121 201 202 2202 2183 
2122 2183 2202 2203 2184 
2123 2184 2203 2204 2185 
2124 2185 2204 2205 2186 
2125 2186 2205 2206 2187 
2126 2187 2206 2207 2188 
2127 2188 2207 2208 2189 
2128 2189 2208 2209 2190 
2129 2190 2209 2210 2191 
2130 2191 2210 2211 2192 
2131 2192 2211 2212 2193 
2132 2193 2212 2213 2194 
2133 2194 2213 2214 2195 
2134 2195 2214 2215 2196 
2135 2196 2215 2216 2197 
2136 2197 2216 2217 2198 
2137 2198 2217 2218 2199 
2138 2199 2218 2219 2200 
2139 2200 2219 2220 2201 
2140 2201 2220 27 26 
2141 202 203 2221 2202 
2142 2202 2221 2222 2203 
2143 2203 2222 2223 2204 
2144 2204 2223 2224 2205 
2145 2205 2224 2225 2206 
2146 2206 2225 2226 2207 
2147 2207 2226 2227 2208 
2148 2208 2227 2228 2209 
2149 2209 2228 2229 2210 
2150 2210 2229 2230 2211 
2151 2211 2230 2231 2212 
2152 2212 2231 2232 2213 
2153 2213 2232 2233 2214 
2154 2214 2233 2234 2215 
2155 2215 2234 2235 2216 
2156 2216 2235 2236 2217 
2157 2217 2236 2237 2218 
2158 2218 2237 2238 2219 
2159 2219 2238 2239 2220 
2160 2220 2239 28 27 
2161 203 204 2240 2221 
2162 2221 2240 2241 2222 
2163 2222 2241 2242 2223 
2164 2223 2242 2243 2224 
2165 2224 2243 2244 2225 
2166 2225 2244 2245 2226 
2167 2226 2245 2246 2227 
2168 2227 2246 2247 2228 
2169 2228 2247 2248 2229 
2170 2229 2248 2249 2230 
2171 2230 2249 2250 2231 
2172 2231 2250 2251 2232 
2173 2232 2251 2252 2233 
2174 2233 2252 2253 2234 
2175 2234 2253 2254 2235 
2176 2235 2254 2255 2236 
2177 2236 2255 2256 2237 
2178 2237 2256 2257 2238 
2179 2238 2257 2258 2239 
2180 2239 2258 29 28 
2181 204 205 2259 2240 
2182 2240 2259 2260 2241 
2183 2241 2260 2261 2242 
2184 2242 2261 2262 2243 
2185 2243 2262 2263 2244 
2186 2244 2263 2264 2245 
2187 2245 2264 2265 2246 
2188 2246 2265 2266 2247 
2189 2247 2266 2267 2248 
2190 2248 2267 2268 2249 
2191 2249 2268 2269 2250 
2192 2250 2269 2270 2251 
2193 2251 2270 2271 2252 
2194 2252 2271 2272 2253 
2195 2253 2272 2273 2254 
2196 2254 2273 2274 2255 
2197 2255 2274 2275 2256 
2198 2256 2275 2276 2257 
2199 2257 2276 2277 2258 
2200 2258 2277 30 29 
2201 205 206 2278 2259 
2202 2259 2278 2279 2260 
2203 2260 2279 2280 2261 
2204 2261 2280 2281 2262 
2205 2262 2281 2282 2263 
2206 2263 2282 2283 2264 
2207 2264 2283 2284 2265 
2208 2265 2284 2285 2266 
2209 2266 2285 2286 2267 
2210 2267 2286 2287 2268 
2211 2268 2287 2288 2269 
2212 2269 2288 2289 2270 
2213 2270 2289 2290 2271 
2214 2271 2290 2291 2272 
2215 2272 2291 2292 2273 
2216 2273 2292 2293 2274 
2217 2274 2293 2294 2275 
2218 2275 2294 2295 2276 
2219 2276 2295 2296 2277 
2220 2277 2296 31 30 
2221 206 207 2297 2278 
2222 2278 2297 2298 2279 
2223 2279 2298 2299 2280 
2224 2280 2299 2300 2281 
2225 2281 2300 2301 2282 
2226 2282 2301 2302 2283 
2227 2283 2302 2303 2284 
2228 2284 2303 2304 2285 
2229 2285 2304 2305 2286 
2230 2286 2305 2306 2287 
2231 2287 2306 2307 2288 
2232 2288 2307 2308 2289 
2233 2289 2308 2309 2290 
2234 2290 2309 2310 2291 
2235 2291 2310 2311 2292 
2236 2292 2311 2312 2293 
2237 2293 2312 2313 2294 
2238 2294 2313 2314 2295 
2239 2295 2314 2315 2296 
2240 2296 2315 32 31 
2241 207 208 2316 2297 
2242 2297 2316 2317 2298 
2243 2298 2317 2318 2299 
2244 2299 2318 2319 2300 
2245 2300 2319 2320 2301 
2246 2301 2320 2321 2302 
2247 2302 2321 2322 2303 
2248 2303 2322 2323 2304 
2249 2304 2323 2324 2305 
2250 2305 2324 2325 2306 
2251 2306 2325 2326 2307 
2252 2307 2326 2327 2308 
2253 2308 2327 2328 2309 
2254 2309 2328 2329 2310 
2255 2310 2329 2330 2311 
2256 2311 2330 2331 2312 
2257 2312 2331 2332 2313 
2258 2313 2332 2333 2314 
2259 2314 2333 2334 2315 
2260 2315 2334 33 32 
2261 208 209 2335 2316 
2262 2316 2335 2336 2317 
2263 2317 2336 2337 2318 
2264 2318 2337 2338 2319 
2265 2319 2338 2339 2320 
2266 2320 2339 2340 2321 
2267 2321 2340 2341 2322 
2268 2322 2341 2342 2323 
2269 2323 2342 2343 2324 
2270 2324 2343 2344 2325 
2271 2325 2344 2345 2326 
2272 2326 2345 2346 2327 
2273 2327 2346 2347 2328 
2274 2328 2347 2348 2329 
2275 2329 2348 2349 2330 
2276 2330 2349 2350 2331 
2277 2331 2350 2351 2332 
2278 2332 2351 2352 2333 
2279 2333 2352 2353 2334 
2280 2334 2353 34 33 
2281 209 210 2354 2335 
2282 2335 2354 2355 2336 
2283 2336 2355 2356 2337 
2284 2337 2356 2357 2338 
2285 2338 2357 2358 2339 
2286 2339 2358 2359 2340 
2287 2340 2359 2360 2341 
2288 2341 2360 2361 2342 
2289 2342 2361 2362 2343 
2290 2343 2362 2363 2344 
2291 2344 2363 2364 2345 
2292 2345 2364 2365 2346 
2293 2346 2365 2366 2347 
2294 2347 2366 2367 2348 
2295 2348 2367 2368 2349 
2296 2349 2368 2369 2350 
2297 2350 2369 2370 2351 
2298 2351 2370 2371 2352 
2299 2352 2371 2372 2353 
2300 2353 2372 35 34 
2301 210 211 2373 2354 
2302 2354 2373 2374 2355 
2303 2355 2374 2375 2356 
2304 2356 2375 2376 2357 
2305 2357 2376 2377 2358 
2306 2358 2377 2378 2359 
2307 2359 2378 2379 2360 
2308 2360 2379 2380 2361 
2309 2361 2380 2381 2362 
2310 2362 2381 2382 2363 
2311 2363 2382 2383 2364 
2312 2364 2383 2384 2365 
2313 2365 2384 2385 2366 
2314 2366 2385 2386 2367 
2315 2367 2386 2387 2368 
2316 2368 2387 2388 2369 
2317 2369 2388 2389 2370 
2318 2370 2389 2390 2371 
2319 2371 2390 2391 2372 
2320 2372 2391 36 35 
2321 211 212 2392 2373 
2322 2373 2392 2393 2374 
2323 2374 2393 2394 2375 
2324 2375 2394 2395 2376 
2325 2376 2395 2396 2377 
2326 2377 2396 2397 2378 
2327 2378 2397 2398 2379 
2328 2379 2398 2399 2380 
2329 2380 2399 2400 2381 
2330 2381 2400 2401 2382 
2331 2382 2401 2402 2383 
2332 2383 2402 2403 2384 
2333 2384 2403 2404 2385 
2334 2385 2404 2405 2386 
2335 2386 2405 2406 2387 
2336 2387 2406 2407 2388 
2337 2388 2407 2408 2389 
2338 2389 2408 2409 2390 
2339 2390 2409 2410 2391 
2340 2391 2410 37 36 
2341 212 213 2411 2392 
2342 2392 2411 2412 2393 
2343 2393 2412 2413 2394 
2344 2394 2413 2414 2395 
2345 2395 2414 2415 2396 
2346 2396 2415 2416 2397 
2347 2397 2416 2417 2398 
2348 2398 2417 2418 2399 
2349 2399 2418 2419 2400 
2350 2400 2419 2420 2401 
2351 2401 2420 2421 2402 
2352 2402 2421 2422 2403 
2353 2403 2422 2423 2404 
2354 2404 2423 2424 2405 
2355 2405 2424 2425 2406 
2356 2406 2425 2426 2407 
2357 2407 2426 2427 2408 
2358 2408 2427 2428 2409 
2359 2409 2428 2429 2410 
2360 2410 2429 38 37 
2361 213 214 2430 2411 
2362 2411 2430 2431 2412 
2363 2412 2431 2432 2413 
2364 2413 2432 2433 2414 
2365 2414 2433 2434 2415 
2366 2415 2434 2435 2416 
2367 2416 2435 2436 2417 
2368 2417 2436 2437 2418 
2369 2418 2437 2438 2419 
2370 2419 2438 2439 2420 
2371 2420 2439 2440 2421 
2372 2421 2440 2441 2422 
2373 2422 2441 2442 2423 
2374 2423 2442 2443 2424 
2375 2424 2443 2444 2425 
2376 2425 2444 2445 2426 
2377 2426 2445 2446 2427 
2378 2427 2446 2447 2428 
2379 2428 2447 2448 2429 
2380 2429 2448 39 38 
2381 214 215 2449 2430 
2382 2430 2449 2450 2431 
2383 2431 2450 2451 2432 
2384 2432 2451 2452 2433 
2385 2433 2452 2453 2434 
2386 2434 2453 2454 2435 
2387 2435 2454 2455 2436 
2388 2436 2455 2456 2437 
2389 2437 2456 2457 2438 
2390 2438 2457 2458 2439 
2391 2439 2458 2459 2440 
2392 2440 2459 2460 2441 
2393 2441 2460 2461 2442 
2394 2442 2461 2462 2443 
2395 2443 2462 2463 2444 
2396 2444 2463 2464 2445 
2397 2445 2464 2465 2446 
2398 2446 2465 2466 2447 
2399 2447 2466 2467 2448 
2400 2448 2467 40 39 
2401 215 216 2468 2449 
2402 2449 2468 2469 2450 
2403 2450 2469 2470 2451 
2404 2451 2470 2471 2452 
2405 2452 2471 2472 2453 
2406 2453 2472 2473 2454 
2407 2454 2473 2474 2455 
2408 2455 2474 2475 2456 
2409 2456 2475 2476 2457 
2410 2457 2476 2477 2458 
2411 2458 2477 2478 2459 
2412 2459 2478 2479 2460 
2413 2460 2479 2480 2461 
2414 2461 2480 2481 2462 
2415 2462 2481 2482 2463 
2416 2463 2482 2483 2464 
2417 2464 2483 2484 2465 
2418 2465 2484 2485 2466 
2419 2466 2485 2486 2467 
2420 2467 2486 41 40 
2421 216 217 2487 2468 
2422 2468 2487 2488 2469 
2423 2469 2488 2489 2470 
2424 2470 2489 2490 2471 
2425 2471 2490 2491 2472 
2426 2472 2491 2492 2473 
2427 2473 2492 2493 2474 
2428 2474 2493 2494 2475 
2429 2475 2494 2495 2476 
2430 2476 2495 2496 2477 
2431 2477 2496 2497 2478 
2432 2478 2497 2498 2479 
2433 2479 2498 2499 2480 
2434 2480 2499 2500 2481 
2435 2481 2500 2501 2482 
2436 2482 2501 2502 2483 
2437 2483 2502 2503 2484 
2438 2484 2503 2504 2485 
2439 2485 2504 2505 2486 
2440 2486 2505 42 41 
2441 217 218 2506 2487 
2442 2487 2506 2507 2488 
2443 2488 2507 2508 2489 
2444 2489 2508 2509 2490 
2445 2490 2509 2510 2491 
2446 2491 2510 2511 2492 
2447 2492 2511 2512 2493 
2448 2493 2512 2513 2494 
2449 2494 2513 2514 2495 
2450 2495 2514 2515 2496 
2451 2496 2515 2516 2497 
2452 2497 2516 2517 2498 
2453 2498 2517 2518 2499 
2454 2499 2518 2519 2500 
2455 2500 2519 2520 2501 
2456 2501 2520 2521 2502 
2457 2502 2521 2522 2503 
2458 2503 2522 2523 2504 
2459 2504 2523 2524 2505 
2460 2505 2524 43 42 
2461 218 219 2525 2506 
2462 2506 2525 2526 2507 
2463 2507 2526 2527 2508 
2464 2508 2527 2528 2509 
2465 2509 2528 2529 2510 
2466 2510 2529 2530 2511 
2467 2511 2530 2531 2512 
2468 2512 2531 2532 2513 
2469 2513 2532 2533 2514 
2470 2514 2533 2534 2515 
2471 2515 2534 2535 2516 
2472 2516 2535 2536 2517 
2473 2517 2536 2537 2518 
2474 2518 2537 2538 2519 
2475 2519 2538 2539 2520 
2476 2520 2539 2540 2521 
2477 2521 2540 2541 2522 
2478 2522 2541 2542 2523 
2479 2523 2542 2543 2524 
2480 2524 2543 44 43 
2481 219 220 2544 2525 
2482 2525 2544 2545 2526 
2483 2526 2545 2546 2527 
2484 2527 2546 2547 2528 
2485 2528 2547 2548 2529 
2486 2529 2548 2549 2530 
2487 2530 2549 2550 2531 
2488 2531 2550 2551 2532 
2489 2532 2551 2552 2533 
2490 2533 2552 2553 2534 
2491 2534 2553 2554 2535 
2492 2535 2554 2555 2536 
2493 2536 2555 2556 2537 
2494 2537 2556 2557 2538 
2495 2538 2557 2558 2539 
2496 2539 2558 2559 2540 
2497 2540 2559 2560 2541 
2498 2541 2560 2561 2542 
2499 2542 2561 2562 2543 
2500 2543 2562 45 44 
2501 220 221 2563 2544 
2502 2544 2563 2564 2545 
2503 2545 2564 2565 2546 
2504 2546 2565 2566 2547 
2505 2547 2566 2567 2548 
2506 2548 2567 2568 2549 
2507 2549 2568 2569 2550 
2508 2550 2569 2570 2551 
2509 2551 2570 2571 2552 
2510 2552 2571 2572 2553 
2511 2553 2572 2573 2554 
2512 2554 2573 2574 2555 
2513 2555 2574 2575 2556 
2514 2556 2575 2576 2557 
2515 2557 2576 2577 2558 
2516 2558 2577 2578 2559 
2517 2559 2578 2579 2560 
2518 2560 2579 2580 2561 
2519 2561 2580 2581 2562 
2520 2562 2581 46 45 
2521 221 222 2582 2563 
2522 2563 2582 2583 2564 
2523 2564 2583 2584 2565 
2524 2565 2584 2585 2566 
2525 2566 2585 2586 2567 
2526 2567 2586 2587 2568 
2527 2568 2587 2588 2569 
2528 2569 2588 2589 2570 
2529 2570 2589 2590 2571 
2530 2571 2590 2591 2572 
2531 2572 2591 2592 2573 
2532 2573 2592 2593 2574 
2533 2574 2593 2594 2575 
2534 2575 2594 2595 2576 
2535 2576 2595 2596 2577 
2536 2577 2596 2597 2578 
2537 2578 2597 2598 2579 
2538 2579 2598 2599 2580 
2539 2580 2599 2600 2581 
2540 2581 2600 47 46 
2541 222 6 320 2582 
2542 2582 320 321 2583 
2543 2583 321 322 2584 
2544 2584 322 323 2585 
2545 2585 323 324 2586 
2546 2586 324 325 2587 
2547 2587 325 326 2588 
2548 2588 326 327 2589 
2549 2589 327 328 2590 
2550 2590 328 329 2591 
2551 2591 329 330 2592 
2552 2592 330 331 2593 
2553 2593 331 332 2594 
2554 2594 332 333 2595 
2555 2595 333 334 2596 
2556 2596 334 335 2597 
2557 2597 335 336 2598 
2558 2598 336 337 2599 
2559 2599 337 338 2600 
2560 2600 338 2 47 
2 3 3 800
2561 6 223 2601 320 
2562 320 2601 2602 321 
2563 321 2602 2603 322 
2564 322 2603 2604 323 
2565 323 2604 2605 324 
2566 324 2605 2606 325 
2567 325 2606 2607 326 
2568 326 2607 2608 327 
2569 327 2608 2609 328 
2570 328 2609 2610 329 
2571 329 2610 2611 330 
2572 330 2611 2612 331 
2573 331 2612 2613 332 
2574 332 2613 2614 333 
2575 333 2614 2615 334 
2576 334 2615 2616 335 
2577 335 2616 2617 336 
2578 336 2617 2618 337 
2579 337 2618 2619 338 
2580 338 2619 319 2 
2581 223 224 2620 2601 
2582 2601 2620 2621 2602 
2583 2602 2621 2622 2603 
2584 2603 2622 2623 2604 
2585 2604 2623 2624 2605 
2586 2605 2624 2625 2606 
2587 2606 2625 2626 2607 
2588 2607 2626 2627 2608 
2589 2608 2627 2628 2609 
2590 2609 2628 2629 2610 
2591 2610 2629 2630 2611 
2592 2611 2630 2631 2612 
2593 2612 2631 2632 2613 
2594 2613 2632 2633 2614 
2595 2614 2633 2634 2615 
2596 2615 2634 2635 2616 
2597 2616 2635 2636 2617 
2598 2617 2636 2637 2618 
2599 2618 2637 2638 2619 
2600 2619 2638 318 319 
2601 224 225 2639 2620 
2602 2620 2639 2640 2621 
2603 2621 2640 2641 2622 
2604 2622 2641 2642 2623 
2605 2623 2642 2643 2624 
2606 2624 2643 2644 2625 
2607 2625 2644 2645 2626 
2608 2626 2645 2646 2627 
2609 2627 2646 2647 2628 
2610 2628 2647 2648 2629 
2611 2629 2648 2649 2630 
2612 2630 2649 2650 2631 
2613 2631 2650 2651 2632 
2614 2632 2651 2652 2633 
2615 2633 2652 2653 2634 
2616 2634 2653 2654 2635 
2617 2635 2654 2655 2636 
2618 2636 2655 2656 2637 
2619 2637 2656 2657 2638 
2620 2638 2657 317 318 
2621 225 226 2658 2639 
2622 2639 2658 2659 2640 
2623 2640 2659 2660 2641 
2624 2641 2660 2661 2642 
2625 2642 2661 2662 2643 
2626 2643 2662 2663 2644 
2627 2644 2663 2664 2645 
2628 2645 2664 2665 2646 
2629 2646 2665 2666 2647 
2630 2647 2666 2667 2648 
2631 2648 2667 2668 2649 
2632 2649 2668 2669 2650 
2633 2650 2669 2670 2651 
2634 2651 2670 2671 2652 
2635 2652 2671 2672 2653 
2636 2653 2672 2673 2654 
2637 2654 2673 2674 2655 
2638 2655 2674 2675 2656 
2639 2656 2675 2676 2657 
2640 2657 2676 316 317 
2641 226 227 2677 2658 
2642 2658 2677 2678 2659 
2643 2659 2678 2679 2660 
2644 2660 2679 2680 2661 
2645 2661 2680 2681 2662 
2646 2662 2681 2682 2663 
2647 2663 2682 2683 2664 
2648 2664 2683 2684 2665 
2649 2665 2684 2685 2666 
2650 2666 2685 2686 2667 
2651 2667 2686 2687 2668 
2652 2668 2687 2688 2669 
2653 2669 2688 2689 2670 
2654 2670 2689 2690 2671 
2655 2671 2690 2691 2672 
2656 2672 2691 2692 2673 
2657 2673 2692 2693 2674 
2658 2674 2693 2694 2675 
2659 2675 2694 2695 2676 
2660 2676 2695 315 316 
2661 227 228 2696 2677 
2662 2677 2696 2697 2678 
2663 2678 2697 2698 2679 
2664 2679 2698 2699 2680 
2665 2680 2699 2700 2681 
2666 2681 2700 2701 2682 
2667 2682 2701 2702 2683 
2668 2683 2702 2703 2684 
2669 2684 2703 2704 2685 
2670 2685 2704 2705 2686 
2671 2686 2705 2706 2687 
2672 2687 2706 2707 2688 
2673 2688 2707 2708 2689 
2674 2689 2708 2709 2690 
2675 2690 2709 2710 2691 
2676 2691 2710 2711 2692 
2677 2692 2711 2712 2693 
2678 2693 2712 2713 2694 
2679 2694 2713 2714 2695 
2680 2695 2714 314 315 
2681 228 229 2715 2696 
2682 2696 2715 2716 2697 
2683 2697 2716 2717 2698 
2684 2698 2717 2718 2699 
2685 2699 2718 2719 2700 
2686 2700 2719 2720 2701 
2687 2701 2720 2721 2702 
2688 2702 2721 2722 2703 
2689 2703 2722 2723 2704 
2690 2704 2723 2724 2705 
2691 2705 2724 2725 2706 
2692 2706 2725 2726 2707 
2693 2707 2726 2727 2708 
2694 2708 2727 2728 2709 
2695 2709 2728 2729 2710 
2696 2710 2729 2730 2711 
2697 2711 2730 2731 2712 
2698 2712 2731 2732 2713 
2699 2713 2732 2733 2714 
2700 2714 2733 313 314 
2701 229 230 2734 2715 
2702 2715 2734 2735 2716 
2703 2716 2735 2736 2717 
2704 2717 2736 2737 2718 
2705 2718 2737 2738 2719 
2706 2719 2738 2739 2720 
2707 2720 2739 2740 2721 
2708 2721 2740 2741 2722 
2709 2722 2741 2742 2723 
2710 2723 2742 2743 2724 
2711 2724 2743 2744 2725 
2712 2725 2744 2745 2726 
2713 2726 2745 2746 2727 
2714 2727 2746 2747 2728 
2715 2728 2747 2748 2729 
2716 2729 2748 2749 2730 
2717 2730 2749 2750 2731 
2718 2731 2750 2751 2732 
2719 2732 2751 2752 2733 
2720 2733 2752 312 313 
2721 230 231 2753 2734 
2722 2734 2753 2754 2735 
2723 2735 2754 2755 2736 
2724 2736 2755 2756 2737 
2725 2737 2756 2757 2738 
2726 2738 2757 2758 2739 
2727 2739 2758 2759 2740 
2728 2740 2759 2760 2741 
2729 2741 2760 2761 2742 
2730 2742 2761 2762 2743 
2731 2743 2762 2763 2744 
2732 2744 2763 2764 2745 
2733 2745 2764 2765 2746 
2734 2746 2765 2766 2747 
2735 2747 2766 2767 2748 
2736 2748 2767 2768 2749 
2737 2749 2768 2769 2750 
2738 2750 2769 2770 2751 
2739 2751 2770 2771 2752 
2740 2752 2771 311 312 
2741 231 232 2772 2753 
2742 2753 2772 2773 2754 
2743 2754 2773 2774 2755 
2744 2755 2774 2775 2756 
2745 2756 2775 2776 2757 
2746 2757 2776 2777 2758 
2747 2758 2777 2778 2759 
2748 2759 2778 2779 2760 
2749 2760 2779 2780 2761 
2750 2761 2780 2781 2762 
2751 2762 2781 2782 2763 
2752 2763 2782 2783 2764 
2753 2764 2783 2784 2765 
2754 2765 2784 2785 2766 
2755 2766 2785 2786 2767 
2756 2767 2786 2787 2768 
2757 2768 2787 2788 2769 
2758 2769 2788 2789 2770 
2759 2770 2789 2790 2771 
2760 2771 2790 310 311 
2761 232 233 2791 2772 
2762 2772 2791 2792 2773 
2763 2773 2792 2793 2774 
2764 2774 2793 2794 2775 
2765 2775 2794 2795 2776 
2766 2776 2795 2796 2777 
2767 2777 2796 2797 2778 
2768 2778 2797 2798 2779 
2769 2779 2798 2799 2780 
2770 2780 2799 2800 2781 
2771 2781 2800 2801 2782 
2772 2782 2801 2802 2783 
2773 2783 2802 2803 2784 
2774 2784 2803 2804 2785 
2775 2785 2804 2805 2786 
2776 2786 2805 2806 2787 
2777 2787 2806 2807 2788 
2778 2788 2807 2808 2789 
2779 2789 2808 2809 2790 
2780 2790 2809 309 310 
2781 233 234 2810 2791 
2782 2791 2810 2811 2792 
2783 2792 2811 2812 2793 
2784 2793 2812 2813 2794 
2785 2794 2813 2814 2795 
2786 2795 2814 2815 2796 
2787 2796 2815 2816 2797 
2788 2797 2816 2817 2798 
2789 2798 2817 2818 2799 
2790 2799 2818 2819 2800 
2791 2800 2819 2820 2801 
2792 2801 2820 2821 2802 
2793 2802 2821 2822 2803 
2794 2803 2822 2823 2804 
2795 2804 2823 2824 2805 
2796 2805 2824 2825 2806 
2797 2806 2825 2826 2807 
2798 2807 2826 2827 2808 
2799 2808 2827 2828 2809 
2800 2809 2828 308 309 
2801 234 235 2829 2810 
2802 2810 2829 2830 2811 
2803 2811 2830 2831 2812 
2804 2812 2831 2832 2813 
2805 2813 2832 2833 2814 
2806 2814 2833 2834 2815 
2807 2815 2834 2835 2816 
2808 2816 2835 2836 2817 
2809 2817 2836 2837 2818 
2810 2818 2837 2838 2819 
2811 2819 2838 2839 2820 
2812 2820 2839 2840 2821 
2813 2821 2840 2841 2822 
2814 2822 2841 2842 2823 
2815 2823 2842 2843 2824 
2816 2824 2843 2844 2825 
2817 2825 2844 2845 2826 
2818 2826 2845 2846 2827 
2819 2827 2846 2847 2828 
2820 2828 2847 307 308 
2821 235 236 2848 2829 
2822 2829 2848 2849 2830 
2823 2830 2849 2850 2831 
2824 2831 2850 2851 2832 
2825 2832 2851 2852 2833 
2826 2833 2852 2853 2834 
2827 2834 2853 2854 2835 
2828 2835 2854 2855 2836 
2829 2836 2855 2856 2837 
2830 2837 2856 2857 2838 
2831 2838 2857 2858 2839 
2832 2839 2858 2859 2840 
2833 2840 2859 2860 2841 
2834 2841 2860 2861 2842 
2835 2842 2861 2862 2843 
2836 2843 2862 2863 2844 
2837 2844 2863 2864 2845 
2838 2845 2864 2865 2846 
2839 2846 2865 2866 2847 
2840 2847 2866 306 307 
2841 236 237 2867 2848 
2842 2848 2867 2868 2849 
2843 2849 2868 2869 2850 
2844 2850 2869 2870 2851 
2845 2851 2870 2871 2852 
2846 2852 2871 2872 2853 
2847 2853 2872 2873 2854 
2848 2854 2873 2874 2855 
2849 2855 2874 2875 2856 
2850 2856 2875 2876 2857 
2851 2857 2876 2877 2858 
2852 2858 2877 2878 2859 
2853 2859 2878 2879 2860 
2854 2860 2879 2880 2861 
2855 2861 2880 2881 2862 
2856 2862 2881 2882 2863 
2857 2863 2882 2883 2864 
2858 2864 2883 2884 2865 
2859 2865 2884 2885 2866 
2860 2866 2885 305 306 
2861 237 238 2886 2867 
2862 2867 2886 2887 2868 
2863 2868 2887 2888 2869 
2864 2869 2888 2889 2870 
2865 2870 2889 2890 2871 
2866 2871 2890 2891 2872 
2867 2872 2891 2892 2873 
2868 2873 2892 2893 2874 
2869 2874 2893 2894 2875 
2870 2875 2894 2895 2876 
2871 2876 2895 2896 2877 
2872 2877 2896 2897 2878 
2873 2878 2897 2898 2879 
2874 2879 2898 2899 2880 
2875 2880 2899 2900 2881 
2876 2881 2900 2901 2882 
2877 2882 2901 2902 2883 
2878 2883 2902 2903 2884 
2879 2884 2903 2904 2885 
2880 2885 2904 304 305 
2881 238 239 2905 2886 
2882 2886 2905 2906 2887 
2883 2887 2906 2907 2888 
2884 2888 2907 2908 2889 
2885 2889 2908 2909 2890 
2886 2890 2909 2910 2891 
2887 2891 2910 2911 2892 
2888 2892 2911 2912 2893 
2889 2893 2912 2913 2894 
2890 2894 2913 2914 2895 
2891 2895 2914 2915 2896 
2892 2896 2915 2916 2897 
2893 2897 2916 2917 2898 
2894 2898 2917 2918 2899 
2895 2899 2918 2919 2900 
2896 2900 2919 2920 2901 
2897 2901 2920 2921 2902 
2898 2902 2921 2922 2903 
2899 2903 2922 2923 2904 
2900 2904 2923 303 304 
2901 239 240 2924 2905 
2902 2905 2924 2925 2906 
2903 2906 2925 2926 2907 
2904 2907 2926 2927 2908 
2905 2908 2927 2928 2909 
2906 2909 2928 2929 2910 
2907 2910 2929 2930 2911 
2908 2911 2930 2931 2912 
2909 2912 2931 2932 2913 
2910 2913 2932 2933 2914 
2911 2914 2933 2934 2915 
2912 2915 2934 2935 2916 
2913 2916 2935 2936 2917 
2914 2917 2936 2937 2918 
2915 2918 2937 2938 2919 
2916 2919 2938 2939 2920 
2917 2920 2939 2940 2921 
2918 2921 2940 2941 2922 
2919 2922 2941 2942 2923 
2920 2923 2942 302 303 
2921 240 241 2943 2924 
2922 2924 2943 2944 2925 
2923 2925 2944 2945 2926 
2924 2926 2945 2946 2927 
2925 2927 2946 2947 2928 
2926 2928 2947 2948 2929 
2927 2929 2948 2949 2930 
2928 2930 2949 2950 2931 
2929 2931 2950 2951 2932 
2930 2932 2951 2952 2933 
2931 2933 2952 2953 2934 
2932 2934 2953 2954 2935 
2933 2935 2954 2955 2936 
2934 2936 2955 2956 2937 
2935 2937 2956 2957 2938 
2936 2938 2957 2958 2939 
2937 2939 2958 2959 2940 
2938 2940 2959 2960 2941 
2939 2941 2960 2961 2942 
2940 2942 2961 301 302 
2941 241 242 2962 2943 
2942 2943 2962 2963 2944 
2943 2944 2963 2964 2945 
2944 2945 2964 2965 2946 
2945 2946 2965 2966 2947 
2946 2947 2966 2967 2948 
2947 2948 2967 2968 2949 
2948 2949 2968 2969 2950 
2949 2950 2969 2970 2951 
2950 2951 2970 2971 2952 
2951 2952 2971 2972 2953 
2952 2953 2972 2973 2954 
2953 2954 2973 2974 2955 
2954 2955 2974 2975 2956 
2955 2956 2975 2976 2957 
2956 2957 2976 2977 2958 
2957 2958 2977 2978 2959 
2958 2959 2978 2979 2960 
2959 2960 2979 2980 2961 
2960 2961 2980 300 301 
2961 242 243 2981 2962 
2962 2962 2981 2982 2963 
2963 2963 2982 2983 2964 
2964 2964 2983 2984 2965 
2965 2965 2984 2985 2966 
2966 2966 2985 2986 2967 
2967 2967 2986 2987 2968 
2968 2968 2987 2988 2969 
2969 2969 2988 2989 2970 
2970 2970 2989 2990 2971 
2971 2971 2990 2991 2972 
2972 2972 2991 2992 2973 
2973 2973 2992 2993 2974 
2974 2974 2993 2994 2975 
2975 2975 2994 2995 2976 
2976 2976 2995 2996 2977 
2977 2977 2996 2997 2978 
2978 2978 2997 2998 2979 
2979 2979 2998 2999 2980 
2980 2980 2999 299 300 
2981 243 244 3000 2981 
2982 2981 3000 3001 2982 
2983 2982 3001 3002 2983 
2984 2983 3002 3003 2984 
2985 2984 3003 3004 2985 
2986 2985 3004 3005 2986 
2987 2986 3005 3006 2987 
2988 2987 3006 3007 2988 
2989 2988 3007 3008 2989 
2990 2989 3008 3009 2990 
2991 2990 3009 3010 2991 
2992 2991 3010 3011 2992 
2993 2992 3011 3012 2993 
2994 2993 3012 3013 2994 
2995 2994 3013 3014 2995 
2996 2995 3014 3015 2996 
2997 2996 3015 3016 2997 
2998 2997 3016 3017 2998 
2999 2998 3017 3018 2999 
3000 2999 3018 298 299 
3001 244 245 3019 3000 
3002 3000 3019 3020 3001 
3003 3001 3020 3021 3002 
3004 3002 3021 3022 3003 
3005 3003 3022 3023 3004 
3006 3004 3023 3024 3005 
3007 3005 3024 3025 3006 
3008 3006 3025 3026 3007 
3009 3007 3026 3027 3008 
3010 3008 3027 3028 3009 
3011 3009 3028 3029 3010 
3012 3010 3029 3030 3011 
3013 3011 3030 3031 3012 
3014 3012 3031 3032 3013 
3015 3013 3032 3033 3014 
3016 3014 3033 3034 3015 
3017 3015 3034 3035 3016 
3018 3016 3035 3036 3017 
3019 3017 3036 3037 3018 
3020 3018 3037 297 298 
3021 245 246 3038 3019 
3022 3019 3038 3039 3020 
3023 3020 3039 3040 3021 
3024 3021 3040 3041 3022 
3025 3022 3041 3042 3023 
3026 3023 3042 3043 3024 
3027 3024 3043 3044 3025 
3028 3025 3044 3045 3026 
3029 3026 3045 3046 3027 
3030 3027 3046 3047 3028 
3031 3028 3047 3048 3029 
3032 3029 3048 3049 3030 
3033 3030 3049 3050 3031 
3034 3031 3050 3051 3032 
3035 3032 3051 3052 3033 
3036 3033 3052 3053 3034 
3037 3034 3053 3054 3035 
3038 3035 3054 3055 3036 
3039 3036 3055 3056 3037 
3040 3037 3056 296 297 
3041 246 247 3057 3038 
3042 3038 3057 3058 3039 
3043 3039 3058 3059 3040 
3044 3040 3059 3060 3041 
3045 3041 3060 3061 3042 
3046 3042 3061 3062 3043 
3047 3043 3062 3063 3044 
3048 3044 3063 3064 3045 
3049 3045 3064 3065 3046 
3050 3046 3065 3066 3047 
3051 3047 3066 3067 3048 
3052 3048 3067 3068 3049 
3053 3049 3068 3069 3050 
3054 3050 3069 3070 3051 
3055 3051 3070 3071 3052 
3056 3052 3071 3072 3053 
3057 3053 3072 3073 3054 
3058 3054 3073 3074 3055 
3059 3055 3074 3075 3056 
3060 3056 3075 295 296 
3061 247 248 3076 3057 
3062 3057 3076 3077 3058 
3063 3058 3077 3078 3059 
3064 3059 3078 3079 3060 
3065 3060 3079 3080 3061 
3066 3061 3080 3081 3062 
3067 3062 3081 3082 3063 
3068 3063 3082 3083 3064 
3069 3064 3083 3084 3065 
3070 3065 3084 3085 3066 
3071 3066 3085 3086 3067 
3072 3067 3086 3087 3068 
3073 3068 3087 3088 3069 
3074 3069 3088 3089 3070 
3075 3070 3089 3090 3071 
3076 3071 3090 3091 3072 
3077 3072 3091 3092 3073 
3078 3073 3092 3093 3074 
3079 3074 3093 3094 3075 
3080 3075 3094 294 295 
3081 248 249 3095 3076 
3082 3076 3095 3096 3077 
3083 3077 3096 3097 3078 
3084 3078 3097 3098 3079 
3085 3079 3098 3099 3080 
3086 3080 3099 3100 3081 
3087 3081 3100 3101 3082 
3088 3082 3101 3102 3083 
3089 3083 3102 3103 3084 
3090 3084 3103 3104 3085 
3091 3085 3104 3105 3086 
3092 3086 3105 3106 3087 
3093 3087 3106 3107 3088 
3094 3088 3107 3108 3089 
3095 3089 3108 3109 3090 
3096 3090 3109 3110 3091 
3097 3091 3110 3111 3092 
3098 3092 3111 3112 3093 
3099 3093 3112 3113 3094 
3100 3094 3113 293 294 
3101 249 250 3114 3095 
3102 3095 3114 3115 3096 
3103 3096 3115 3116 3097 
3104 3097 3116 3117 3098 
3105 3098 3117 3118 3099 
3106 3099 3118 3119 3100 
3107 3100 3119 3120 3101 
3108 3101 3120 3121 3102 
3109 3102 3121 3122 3103 
3110 3103 3122 3123 3104 
3111 3104 3123 3124 3105 
3112 3105 3124 3125 3106 
3113 3106 3125 3126 3107 
3114 3107 3126 3127 3108 
3115 3108 3127 3128 3109 
3116 3109 3128 3129 3110 
3117 3110 3129 3130 3111 
3118 3111 3130 3131 3112 
3119 3112 3131 3132 3113 
3120 3113 3132 292 293 
3121 250 251 3133 3114 
3122 3114 3133 3134 3115 
3123 3115 3134 3135 3116 
3124 3116 3135 3136 3117 
3125 3117 3136 3137 3118 
3126 3118 3137 3138 3119 
3127 3119 3138 3139 3120 
3128 3120 3139 3140 3121 
3129 3121 3140 3141 3122 
3130 3122 3141 3142 3123 
3131 3123 3142 3143 3124 
3132 3124 3143 3144 3125 
3133 3125 3144 3145 3126 
3134 3126 3145 3146 3127 
3135 3127 3146 3147 3128 
3136 3128 3147 3148 3129 
3137 3129 3148 3149 3130 
3138 3130 3149 3150 3131 
3139 3131 3150 3151 3132 
3140 3132 3151 291 292 
3141 251 252 3152 3133 
3142 3133 3152 3153 3134 
3143 3134 3153 3154 3135 
3144 3135 3154 3155 3136 
3145 3136 3155 3156 3137 
3146 3137 3156 3157 3138 
3147 3138 3157 3158 3139 
3148 3139 3158 3159 3140 
3149 3140 3159 3160 3141 
3150 3141 3160 3161 3142 
3151 3142 3161 3162 3143 
3152 3143 3162 3163 3144 
3153 3144 3163 3164 3145 
3154 3145 3164 3165 3146 
3155 3146 3165 3166 3147 
3156 3147 3166 3167 3148 
3157 3148 3167 3168 3149 
3158 3149 3168 3169 3150 
3159 3150 3169 3170 3151 
3160 3151 3170 290 291 
3161 252 253 3171 3152 
3162 3152 3171 3172 3153 
3163 3153 3172 3173 3154 
3164 3154 3173 3174 3155 
3165 3155 3174 3175 3156 
3166 3156 3175 3176 3157 
3167 3157 3176 3177 3158 
3168 3158 3177 3178 3159 
3169 3159 3178 3179 3160 
3170 3160 3179 3180 3161 
3171 3161 3180 3181 3162 
3172 3162 3181 3182 3163 
3173 3163 3182 3183 3164 
3174 3164 3183 3184 3165 
3175 3165 3184 3185 3166 
3176 3166 3185 3186 3167 
3177 3167 3186 3187 3168 
3178 3168 3187 3188 3169 
3179 3169 3188 3189 3170 
3180 3170 3189 289 290 
3181 253 254 3190 3171 
3182 3171 3190 3191 3172 
3183 3172 3191 3192 3173 
3184 3173 3192 3193 3174 
3185 3174 3193 3194 3175 
3186 3175 3194 3195 3176 
3187 3176 3195 3196 3177 
3188 3177 3196 3197 3178 
3189 3178 3197 3198 3179 
3190 3179 3198 3199 3180 
3191 3180 3199 3200 3181 
3192 3181 3200 3201 3182 
3193 3182 3201 3202 3183 
3194 3183 3202 3203 3184 
3195 3184 3203 3204 3185 
3196 3185 3204 3205 3186 
3197 3186 3205 3206 3187 
3198 3187 3206 3207 3188 
3199 3188 3207 3208 3189 
3200 3189 3208 288 289 
3201 254 255 3209 3190 
3202 3190 3209 3210 3191 
3203 3191 3210 3211 3192 
3204 3192 3211 3212 3193 
3205 3193 3212 3213 3194 
3206 3194 3213 3214 3195 
3207 3195 3214 3215 3196 
3208 3196 3215 3216 3197 
3209 3197 3216 3217 3198 
3210 3198 3217 3218 3199 
3211 3199 3218 3219 3200 
3212 3200 3219 3220 3201 
3213 3201 3220 3221 3202 
3214 3202 3221 3222 3203 
3215 3203 3222 3223 3204 
3216 3204 3223 3224 3205 
3217 3205 3224 3225 3206 
3218 3206 3225 3226 3207 
3219 3207 3226 3227 3208 
3220 3208 3227 287 288 
3221 255 256 3228 3209 
3222 3209 3228 3229 3210 
3223 3210 3229 3230 3211 
3224 3211 3230 3231 3212 
3225 3212 3231 3232 3213 
3226 3213 3232 3233 3214 
3227 3214 3233 3234 3215 
3228 3215 3234 3235 3216 
3229 3216 3235 3236 3217 
3230 3217 3236 3237 3218 
3231 3218 3237 3238 3219 
3232 3219 3238 3239 3220 
3233 3220 3239 3240 3221 
3234 3221 3240 3241 3222 
3235 3222 3241 3242 3223 
3236 3223 3242 3243 3224 
3237 3224 3243 3244 3225 
3238 3225 3244 3245 3226 
3239 3226 3245 3246 3227 
3240 3227 3246 286 287 
3241 256 257 3247 3228 
3242 3228 3247 3248 3229 
3243 3229 3248 3249 3230 
3244 3230 3249 3250 3231 
3245 3231 3250 3251 3232 
3246 3232 3251 3252 3233 
3247 3233 3252 3253 3234 
3248 3234 3253 3254 3235 
3249 3235 3254 3255 3236 
3250 3236 3255 3256 3237 
3251 3237 3256 3257 3238 
3252 3238 3257 3258 3239 
3253 3239 3258 3259 3240 
3254 3240 3259 3260 3241 
3255 3241 3260 3261 3242 
3256 3242 3261 3262 3243 
3257 3243 3262 3263 3244 
3258 3244 3263 3264 3245 
3259 3245 3264 3265 3246 
3260 3246 3265 285 286 
3261 257 258 3266 3247 
3262 3247 3266 3267 3248 
3263 3248 3267 3268 3249 
3264 3249 3268 3269 3250 
3265 3250 3269 3270 3251 
3266 3251 3270 3271 3252 
3267 3252 3271 3272 3253 
3268 3253 3272 3273 3254 
3269 3254 3273 3274 3255 
3270 3255 3274 3275 3256 
3271 3256 3275 3276 3257 
3272 3257 3276 3277 3258 
3273 3258 3277 3278 3259 
3274 3259 3278 3279 3260 
3275 3260 3279 3280 3261 
3276 3261 3280 3281 3262 
3277 3262 3281 3282 3263 
3278 3263 3282 3283 3264 
3279 3264 3283 3284 3265 
3280 3265 3284 284 285 
3281 258 259 3285 3266 
3282 3266 3285 3286 3267 
3283 3267 3286 3287 3268 
3284 3268 3287 3288 3269 
3285 3269 3288 3289 3270 
3286 3270 3289 3290 3271 
3287 3271 3290 3291 3272 
3288 3272 3291 3292 3273 
3289 3273 3292 3293 3274 
3290 3274 3293 3294 3275 
3291 3275 3294 3295 3276 
3292 3276 3295 3296 3277 
3293 3277 3296 3297 3278 
3294 3278 3297 3298 3279 
3295 3279 3298 3299 3280 
3296 3280 3299 3300 3281 
3297 3281 3300 3301 3282 
3298 3282 3301 3302 3283 
3299 3283 3302 3303 3284 
3300 3284 3303 283 284 
3301 259 260 3304 3285 
3302 3285 3304 3305 3286 
3303 3286 3305 3306 3287 
3304 3287 3306 3307 3288 
3305 3288 3307 3308 3289 
3306 3289 3308 3309 3290 
3307 3290 3309 3310 3291 
3308 3291 3310 3311 3292 
3309 3292 3311 3312 3293 
3310 3293 3312 3313 3294 
3311 3294 3313 3314 3295 
3312 3295 3314 3315 3296 
3313 3296 3315 3316 3297 
3314 3297 3316 3317 3298 
3315 3298 3317 3318 3299 
3316 3299 3318 3319 3300 
3317 3300 3319 3320 3301 
3318 3301 3320 3321 3302 
3319 3302 3321 3322 3303 
3320 3303 3322 282 283 
3321 260 261 3323 3304 
3322 3304 3323 3324 3305 
3323 3305 3324 3325 3306 
3324 3306 3325 3326 3307 
3325 3307 3326 3327 3308 
3326 3308 3327 3328 3309 
3327 3309 3328 3329 3310 
3328 3310 3329 3330 3311 
3329 3311 3330 3331 3312 
3330 3312 3331 3332 3313 
3331 3313 3332 3333 3314 
3332 3314 3333 3334 3315 
3333 3315 3334 3335 3316 
3334 3316 3335 3336 3317 
3335 3317 3336 3337 3318 
3336 3318 3337 3338 3319 
3337 3319 3338 3339 3320 
3338 3320 3339 3340 3321 
3339 3321 3340 3341 3322 
3340 3322 3341 281 282 
3341 261 7 262 3323 
3342 3323 262 263 3324 
3343 3324 263 264 3325 
3344 3325 264 265 3326 
3345 3326 265 266 3327 
3346 3327 266 267 3328 
3347 3328 267 268 3329 
3348 3329 268 269 3330 
3349 3330 269 270 3331 
3350 3331 270 271 3332 
3351 3332 271 272 3333 
3352 3333 272 273 3334 
3353 3334 273 274 3335 
3354 3335 274 275 3336 
3355 3336 275 276 3337 
3356 3337 276 277 3338 
3357 3338 277 278 3339 
3358 3339 278 279 3340 
3359 3340 279 280 3341 
3360 3341 280 8 281 
$EndElements
>>>>>>> 1dcon
