Time,GM1,GM2,GM3,GM4,GM5,GM6,GM7,GM8,GM9,GM10,GM11,GM12,GM13,GM14,GM15,GM16,GM17,GM18,GM19,GM20,GM21,GM22,GM23,GM24,GM25,GM26,GM27,GM28,GM29,GM30,GM31,GM32,GM33,GM34,GM35,GM36,GM37,GM38,GM39
0.01,0.31765,0.48445,0.5406,0.34097,0.27446,0.16978,0.57808,0.11346,0.44575,0.41162,0.87966,0.62527,0.60334,0.48428,0.34793,0.61846,0.22699,0.18278,0.79275,1.0098,0.37424,0.30423,0.40525,0.26437,0.33268,0.14736,0.15286,0.53682,0.46547,0.35308,0.1533,0.28697,0.23109,0.15734,0.26299,0.19043,0.21198,0.38883,0.25539
0.02,0.31977,0.51472,0.58223,0.35063,0.27472,0.17109,0.62029,0.11646,0.4463,0.4114,0.91854,0.64089,0.59537,0.48488,0.34812,0.61958,0.23013,0.18304,0.8065,1.012,0.3762,0.30499,0.40723,0.26582,0.33277,0.14871,0.15415,0.54704,0.47025,0.35478,0.16535,0.31995,0.23731,0.15836,0.26401,0.2146,0.2328,0.38576,0.25683
0.03,0.33051,0.49542,0.63932,0.34487,0.27651,0.17216,0.66152,0.11551,0.50476,0.41407,0.87966,0.63762,0.65845,0.49888,0.34984,0.62315,0.23174,0.18366,0.83448,1.018,0.39508,0.30598,0.4176,0.26512,0.33337,0.1489,0.15411,0.58304,0.49992,0.36592,0.16793,0.44875,0.24987,0.16102,0.26784,0.20706,0.24024,0.42884,0.25749
0.04,0.31717,0.52201,0.74767,0.35243,0.2763,0.1797,0.91127,0.12465,0.52348,0.42032,0.92676,0.65038,0.63889,0.52954,0.34892,0.62636,0.23334,0.1891,0.85818,1.0308,0.40152,0.30404,0.4038,0.27438,0.34041,0.15318,0.16291,0.63194,0.62315,0.43107,0.17268,0.61245,0.28264,0.17955,0.27651,0.21345,0.2849,0.45259,0.28761
0.05,0.3262,0.56133,0.87002,0.35419,0.27765,0.19852,1.0636,0.13282,0.46277,0.42297,0.92491,0.70474,0.61987,0.52881,0.35087,0.6301,0.23132,0.21594,0.88682,1.0738,0.49203,0.30552,0.41905,0.28173,0.35733,0.15239,0.1608,0.77212,0.74042,0.38802,0.1658,0.70878,0.31605,0.21601,0.28609,0.32044,0.25055,0.40323,0.31049
0.06,0.32372,0.57388,0.93174,0.35068,0.27635,0.21107,1.3923,0.18141,0.46049,0.42709,0.96264,0.78354,0.66804,0.57235,0.3611,0.6326,0.24102,0.2139,0.91118,1.0918,0.5004,0.31706,0.42419,0.29816,0.36794,0.15432,0.1929,0.68695,0.83786,0.38679,0.21385,0.65284,0.483,0.22417,0.27436,0.29347,0.27986,0.43283,0.36103
0.07,0.37604,0.51872,0.91899,0.35843,0.27484,0.18774,1.3142,0.16299,0.48998,0.43051,1.0505,0.81284,0.75116,0.60914,0.36522,0.65786,0.26105,0.24686,0.91903,1.1394,0.53583,0.31579,0.4219,0.29874,0.35408,0.19857,0.1971,0.71072,0.99596,0.42663,0.22592,0.75408,0.56597,0.22836,0.31841,0.26117,0.32629,0.46078,0.329
0.08,0.37227,0.65723,0.91619,0.36998,0.27518,0.20358,1.3108,0.20465,0.64363,0.43718,0.9999,0.93755,0.89877,0.58513,0.36053,0.65634,0.26824,0.26129,0.97731,1.1751,0.69061,0.33048,0.45425,0.29517,0.34966,0.19833,0.22013,0.76725,0.89616,0.44795,0.3365,0.93144,0.58938,0.25339,0.31213,0.32593,0.35685,0.439,0.39467
0.09,0.36189,0.82345,1.0537,0.35049,0.28593,0.22827,1.084,0.26877,0.62158,0.44372,1.1214,0.97664,0.9897,0.67963,0.37862,0.72024,0.27293,0.29536,0.99276,1.1978,0.90602,0.33508,0.52176,0.35187,0.36125,0.19823,0.25096,0.75751,1.1127,0.4753,0.27674,1.306,0.74883,0.33417,0.35797,0.37904,0.35413,0.49689,0.56973
0.1,0.35369,0.88987,1.2016,0.38874,0.28657,0.25262,1.1731,0.25672,0.50515,0.45726,1.0512,0.8204,1.056,0.63627,0.37317,0.78134,0.32007,0.27715,1.0245,1.2307,1.2042,0.30662,0.57791,0.38476,0.33714,0.21204,0.24056,0.92546,1.1453,0.43604,0.189,1.0109,0.61804,0.40671,0.38291,0.54568,0.35596,0.53619,0.57014
0.11,0.37585,0.91872,1.2125,0.42124,0.29378,0.25949,1.0505,0.27296,0.54563,0.44303,1.0562,0.85699,0.8997,0.6112,0.36503,0.93502,0.3568,0.29655,1.0246,1.1208,1.0089,0.31534,0.4942,0.42422,0.3442,0.24241,0.29632,1.1572,0.97601,0.57348,0.20577,0.83034,0.54295,0.44937,0.5381,0.5916,0.39217,0.55033,0.55411
0.12,0.36849,0.60288,1.1641,0.42513,0.3074,0.28228,0.86266,0.28098,0.74696,0.47589,1.1641,0.8383,0.85996,0.70168,0.35746,0.93841,0.37861,0.24377,1.0229,1.1511,0.77171,0.32821,0.5077,0.42395,0.40862,0.23881,0.39342,1.3999,0.96838,0.49267,0.1985,0.65125,0.52616,0.57082,0.54787,0.66389,0.41617,0.53656,0.51838
0.13,0.37543,0.73114,1.107,0.42013,0.31728,0.31577,1.022,0.27129,0.8529,0.48864,1.2302,0.98713,0.8493,0.77668,0.39487,0.95126,0.33291,0.28499,1.0828,1.2098,0.80528,0.33294,0.59949,0.44387,0.45639,0.29236,0.43809,1.6349,0.97211,0.46491,0.17293,0.60043,0.68631,0.47917,0.54109,0.88633,0.35882,0.52039,0.59658
0.14,0.40764,0.77258,1.1165,0.41126,0.34177,0.34309,1.2087,0.29696,0.97682,0.43566,1.3083,0.81682,0.79361,0.6883,0.37638,1.0533,0.327,0.32686,1.1079,1.4293,0.87472,0.3487,0.66739,0.59582,0.49366,0.27972,0.40793,1.6959,1.1558,0.52099,0.17161,0.49786,0.61853,0.4864,0.59376,0.83357,0.31204,0.49316,0.5937
0.15,0.42599,0.68451,1.1057,0.44144,0.32478,0.40982,1.5714,0.29025,0.96868,0.47997,1.3381,0.74798,0.79572,0.72125,0.38907,0.9792,0.37928,0.34176,1.0416,1.4761,0.66846,0.33615,0.71496,0.72049,0.46793,0.22274,0.41938,1.6178,0.99405,0.50558,0.22834,0.49202,0.66628,0.4383,0.51945,0.6853,0.31121,0.51282,0.6374
0.16,0.44682,0.72481,1.212,0.4603,0.298,0.449,1.7415,0.24834,0.97137,0.52933,1.401,0.73697,0.76094,0.80306,0.36117,1.0897,0.39631,0.33464,1.0757,1.3917,0.70943,0.30145,0.60675,0.67216,0.51461,0.21577,0.46598,1.3688,0.85655,0.48836,0.25171,0.5237,0.59451,0.53884,0.57945,0.54144,0.34092,0.53459,0.54984
0.17,0.44299,0.97888,1.2139,0.43551,0.28306,0.48786,1.5222,0.23811,0.97571,0.62125,1.4855,0.84259,0.76653,0.86908,0.45691,1.1745,0.45792,0.34741,0.92556,1.6695,0.79694,0.32768,0.57978,0.67183,0.52839,0.2638,0.50172,1.1856,0.87659,0.49074,0.26343,0.56808,0.69059,0.59483,0.53631,0.52498,0.3821,0.59577,0.43201
0.18,0.45143,1.0686,1.2185,0.51845,0.29049,0.48163,1.4115,0.25301,1.0159,0.69852,1.4684,0.96927,0.94294,0.81697,0.53825,1.193,0.47731,0.36675,1.0438,1.9028,0.85709,0.32122,0.54852,0.66821,0.50384,0.3384,0.49502,1.3279,0.76949,0.46827,0.26208,0.4947,0.73136,0.44604,0.61035,0.52467,0.41878,0.53585,0.41657
0.19,0.4478,1.0842,1.2058,0.53732,0.2867,0.48908,1.3021,0.27744,1.0553,0.66001,1.5137,1.0279,0.93561,1.1968,0.51758,1.4171,0.43978,0.3989,0.98909,1.8414,0.81112,0.31164,0.5685,0.62226,0.52172,0.32553,0.4343,1.3998,0.76644,0.57491,0.26525,0.52461,0.58288,0.39863,0.6881,0.56115,0.4803,0.54293,0.51082
0.2,0.47329,1.0532,1.1712,0.5417,0.28282,0.48633,1.1943,0.35188,1.0516,0.56961,1.6052,1.0664,0.86429,1.4843,0.46379,1.4938,0.4379,0.44656,1.0551,1.6289,0.72598,0.30821,0.55037,0.66616,0.58257,0.28855,0.35013,1.4141,0.91147,0.62278,0.301,0.47832,0.42546,0.40709,0.69537,0.53684,0.5709,0.54215,0.51423
0.21,0.49622,1.0537,1.2008,0.53163,0.29333,0.47912,0.93007,0.37352,1.0014,0.57127,1.6117,1.0322,0.87628,1.631,0.45698,1.4629,0.45606,0.41809,1.1815,1.5955,0.73058,0.31311,0.63864,0.73213,0.60276,0.26172,0.28261,1.217,1.001,0.6643,0.37437,0.50885,0.51803,0.35337,0.61427,0.58135,0.60678,0.62974,0.57035
0.22,0.538,1.083,1.2109,0.51868,0.29508,0.45983,0.92775,0.37627,0.93623,0.57862,1.3815,0.94282,0.8869,1.7263,0.46494,1.3379,0.47753,0.38273,1.2143,1.7736,0.72365,0.31223,0.73556,0.76775,0.61527,0.26098,0.27372,1.0896,1.0974,0.67458,0.41246,0.46779,0.51534,0.33843,0.63527,0.53021,0.57074,0.66229,0.51253
0.23,0.51612,1.0648,1.194,0.62876,0.3081,0.4492,0.90953,0.38931,0.84591,0.56863,1.3784,0.90574,0.88262,1.6394,0.5399,1.2606,0.53537,0.3849,1.1559,1.9165,0.72409,0.30019,0.83601,0.74649,0.61128,0.28332,0.29915,1.089,1.0762,0.66484,0.45104,0.5011,0.47406,0.34049,0.66842,0.45314,0.5284,0.69475,0.47348
0.24,0.52541,1.0343,1.1703,0.59644,0.3275,0.54152,0.99511,0.41667,0.74728,0.53091,1.5838,0.91663,0.85993,1.5663,0.64326,1.2093,0.56848,0.34706,0.97841,1.8879,0.80881,0.33372,0.87921,0.68908,0.64963,0.2848,0.30152,1.3159,1.011,0.63299,0.51075,0.55589,0.49486,0.35372,0.58576,0.48947,0.52639,0.67553,0.52724
0.25,0.56832,1.0086,1.1387,0.51561,0.31937,0.62945,1.256,0.40106,0.82908,0.60633,1.7672,0.98294,0.83366,1.4526,0.63875,1.1619,0.57085,0.31314,0.8834,1.7667,0.88127,0.37804,0.8765,0.67528,0.67863,0.28284,0.2913,1.2095,0.9602,0.74344,0.57743,0.54711,0.52485,0.34743,0.62906,0.55735,0.59,0.61359,0.51558
0.26,0.60649,1.0036,1.1053,0.6082,0.31773,0.72786,1.4029,0.32054,1.0608,0.61145,1.7499,1.026,0.87628,1.2666,0.59071,1.1992,0.61577,0.32433,0.96707,1.669,0.85382,0.37391,0.8693,0.66889,0.68473,0.25847,0.31814,1.3997,0.93822,0.84142,0.51646,0.54643,0.60347,0.33536,0.6158,0.61766,0.60578,0.59041,0.48075
0.27,0.63977,1.0003,1.0749,0.71493,0.33715,0.71977,1.3821,0.27092,1.1964,0.65387,1.7359,1.0155,0.89523,1.2301,0.53893,1.2264,0.65129,0.34782,1.1171,1.6422,0.88754,0.35542,1.0177,0.56418,0.67941,0.20793,0.33812,1.6076,0.92221,0.78093,0.5107,0.59402,0.64207,0.35449,0.57767,0.68663,0.63301,0.61994,0.4853
0.28,0.65914,0.98746,1.0421,0.71019,0.3587,0.64221,1.4022,0.27053,1.1677,0.75171,1.805,0.95267,0.90248,1.3082,0.47875,1.2267,0.6086,0.35269,1.2044,1.6194,0.84792,0.37463,1.0761,0.46613,0.61308,0.20536,0.35048,1.5932,0.94997,0.79349,0.47761,0.52696,0.6791,0.42427,0.61471,0.65885,0.62246,0.71114,0.4864
0.29,0.6633,0.98468,1.004,0.63534,0.37245,0.58059,1.4621,0.29693,0.99105,0.86439,1.8513,0.97443,0.97105,1.2323,0.4062,1.1957,0.6247,0.39538,1.0915,1.6433,0.8221,0.39231,1.1612,0.46253,0.5402,0.24105,0.38169,1.705,1.0204,0.77578,0.43262,0.48628,0.61544,0.49506,0.66408,0.5856,0.60842,0.87606,0.53351
0.3,0.63794,0.98942,0.96949,0.62057,0.38193,0.55186,1.5006,0.29942,0.88568,0.91354,1.8399,1.0122,1.1218,1.2795,0.44071,1.2434,0.5926,0.41541,0.93255,1.7516,0.88726,0.38079,1.2512,0.47385,0.60134,0.25444,0.4296,1.8964,1.0695,0.73127,0.40597,0.53203,0.55804,0.5155,0.65032,0.57172,0.59372,1.0314,0.54625
0.31,0.60492,1.0053,0.94296,0.66256,0.39176,0.52623,1.5072,0.30793,0.87306,0.86127,1.7836,0.96925,1.1844,1.3654,0.44326,1.3147,0.62833,0.39561,0.89849,1.7444,0.97562,0.41854,1.2879,0.48085,0.68613,0.25345,0.46962,2.05,1.0845,0.75787,0.36608,0.59233,0.59738,0.49547,0.62359,0.57436,0.58939,1.0941,0.60717
0.32,0.579,1.0266,0.93348,0.70722,0.38697,0.52054,1.4347,0.27204,0.84979,0.78657,1.7246,0.98314,1.2024,1.257,0.46504,1.3283,0.59077,0.38043,0.82372,1.6413,1.0088,0.44451,1.2539,0.49944,0.69635,0.25908,0.47131,2.0375,1.0724,0.76993,0.33253,0.64024,0.58046,0.47885,0.58829,0.57235,0.56813,1.1493,0.64329
0.33,0.55628,1.0366,1.115,0.69933,0.37241,0.50545,1.2071,0.25695,0.79569,0.81882,1.6974,0.94639,1.1828,1.1627,0.46802,1.3167,0.56579,0.37563,0.96208,1.592,1.0186,0.44152,1.253,0.49159,0.66325,0.25214,0.43126,1.9578,1.0255,0.84893,0.33428,0.62352,0.51271,0.53009,0.50874,0.57253,0.56359,1.1334,0.7882
0.34,0.54164,1.0162,1.2757,0.63283,0.3786,0.4934,1.096,0.24367,0.72121,0.91676,1.7247,0.93714,1.1211,1.106,0.43925,1.3443,0.56734,0.39649,1.0622,1.4961,1.0476,0.46196,1.3616,0.5001,0.6499,0.24875,0.3691,1.852,0.95621,0.87179,0.35011,0.60658,0.42267,0.545,0.45612,0.55882,0.54544,1.0982,0.84475
0.35,0.53108,1.0288,1.2752,0.54822,0.38123,0.58425,1.1077,0.25345,0.65026,0.97915,1.8581,0.93868,1.0952,1.0265,0.44946,1.4266,0.5976,0.42772,1.1066,1.4321,1.1156,0.49967,1.4408,0.53086,0.64734,0.25884,0.31811,1.7162,0.96456,0.88847,0.35466,0.52395,0.40751,0.50648,0.44003,0.57827,0.49649,1.065,0.80546
0.36,0.52026,1.0404,1.1515,0.48043,0.38788,0.64861,1.099,0.26035,0.6417,0.99806,1.9009,0.94951,1.0949,1.0437,0.47358,1.577,0.60598,0.45514,1.0577,1.5224,1.2472,0.49862,1.4873,0.52126,0.64403,0.26315,0.31577,1.6224,0.99661,0.9528,0.3547,0.49157,0.36728,0.42455,0.44309,0.53185,0.46925,1.015,0.77306
0.37,0.53832,1.0218,1.0125,0.43377,0.41411,0.64059,1.0657,0.24651,0.64864,1.0033,1.8976,1.0085,1.0872,1.1402,0.48078,1.6775,0.55036,0.47263,0.97157,1.7114,1.3474,0.45584,1.5015,0.47517,0.6559,0.26992,0.34763,1.4646,1.0543,1.0148,0.35225,0.51915,0.36141,0.4012,0.47278,0.45778,0.46483,0.95728,0.76079
0.38,0.55453,0.97656,0.93718,0.40826,0.43679,0.56706,1.0961,0.25119,0.71353,1.0108,1.9452,1.04,1.1107,1.2348,0.48004,1.789,0.53488,0.48515,0.89707,1.8515,1.4073,0.45351,1.5174,0.41603,0.69449,0.28456,0.37519,1.283,1.1203,1.0941,0.34321,0.57763,0.40684,0.39941,0.46062,0.38045,0.4531,0.93233,0.67829
0.39,0.56666,0.91793,0.92161,0.40219,0.43733,0.48075,1.1987,0.26225,0.81443,1.0099,1.9697,1.0468,1.1263,1.3824,0.47502,1.7839,0.53392,0.50503,0.81996,1.9624,1.4292,0.48476,1.739,0.3893,0.74069,0.30997,0.40773,1.1551,1.1542,1.0868,0.32386,0.637,0.42991,0.37904,0.46068,0.3295,0.43605,0.95113,0.60489
0.4,0.58712,0.85962,0.90963,0.40108,0.41559,0.42291,1.3071,0.26017,0.91469,0.97227,1.9722,1.0279,1.1412,1.606,0.47291,1.6194,0.5712,0.52035,0.7839,2.0217,1.3922,0.48188,1.8716,0.37946,0.76147,0.33346,0.42618,1.0795,1.1388,1.0202,0.30243,0.69983,0.41849,0.34978,0.46487,0.32145,0.42727,1.0924,0.62288
0.41,0.60598,0.81367,0.85544,0.43671,0.41111,0.38917,1.3722,0.24501,0.95753,0.8793,1.9667,1.0351,1.1448,1.86,0.47737,1.5649,0.59343,0.50441,0.76718,2.0675,1.3183,0.44551,1.9122,0.35758,0.74424,0.37707,0.41313,1.0293,1.0836,0.95392,0.27331,0.71179,0.39196,0.32908,0.46612,0.32981,0.40378,1.2657,0.66727
0.42,0.60673,0.78771,0.82243,0.45177,0.40135,0.35368,1.5353,0.24717,0.90995,0.90829,1.9499,1.0258,1.1565,2.0623,0.48782,1.4778,0.59881,0.46016,0.79597,2.1613,1.2105,0.43896,1.8672,0.3371,0.70264,0.41074,0.38178,0.98532,1.0136,0.90802,0.25692,0.66585,0.37287,0.37657,0.50776,0.34006,0.36796,1.4169,0.64835
0.43,0.59123,0.77679,0.81734,0.44503,0.40548,0.31305,1.7952,0.26412,0.83506,0.90895,1.9265,1.0244,1.1717,2.1614,0.50203,1.372,0.6118,0.40629,0.75614,2.281,1.0931,0.44838,1.7576,0.32771,0.66449,0.41551,0.35335,0.93346,0.95198,0.87315,0.24876,0.60245,0.3621,0.4074,0.55319,0.32259,0.33225,1.509,0.60251
0.44,0.58511,0.77044,0.80139,0.47276,0.42694,0.28891,1.959,0.28359,0.90968,0.87424,1.9053,1.0189,1.1912,2.159,0.51927,1.3935,0.66137,0.39065,0.73775,2.3638,1.0096,0.49048,1.6088,0.32471,0.64699,0.38614,0.33063,0.87889,0.90195,0.79967,0.247,0.54963,0.35416,0.41599,0.562,0.27664,0.29714,1.5262,0.56672
0.45,0.58773,0.76099,0.8276,0.49978,0.45099,0.28656,1.9983,0.30091,0.96441,0.81558,1.8778,1.0173,1.2005,2.2253,0.53927,1.3771,0.69417,0.43098,0.71239,2.4919,0.93829,0.52068,1.4489,0.3448,0.63962,0.39049,0.31841,0.80049,0.85857,0.7085,0.26226,0.55561,0.35477,0.41746,0.55766,0.25268,0.27275,1.4725,0.55434
0.46,0.59038,0.75231,0.85089,0.52016,0.46379,0.28791,2.022,0.31118,0.99086,0.75297,1.8537,1.0248,1.2025,2.2616,0.56218,1.4774,0.66913,0.46937,0.70428,2.5049,0.89182,0.56084,1.3023,0.37405,0.62571,0.39107,0.32507,0.7026,0.82273,0.65558,0.29691,0.57115,0.35191,0.41437,0.5639,0.2389,0.2693,1.3681,0.55448
0.47,0.59257,0.74476,0.84984,0.53321,0.46617,0.28497,2.057,0.30935,0.98725,0.70411,1.8244,1.0432,1.2551,2.2579,0.58673,1.6002,0.6355,0.49438,0.74986,2.4198,0.88251,0.59891,1.2113,0.39624,0.60678,0.38595,0.32845,0.59988,0.79094,0.63209,0.31677,0.58116,0.34423,0.4047,0.5765,0.23978,0.2795,1.2365,0.56621
0.48,0.59407,0.72619,0.95463,0.53916,0.4725,0.28192,2.0528,0.30412,0.97126,0.6584,1.799,1.0706,1.2976,2.2175,0.6109,1.6965,0.58861,0.52962,0.76094,2.2601,0.87405,0.62492,1.1483,0.41005,0.59225,0.37642,0.32339,0.55747,0.75375,0.60808,0.31534,0.58956,0.33751,0.39671,0.58672,0.2518,0.28248,1.1076,0.57852
0.49,0.59443,0.71389,1.0114,0.53932,0.49108,0.27926,2.0002,0.30239,1.0967,0.62133,1.7722,1.1033,1.3202,2.1422,0.63324,1.7645,0.61629,0.55427,0.74701,2.0602,0.85084,0.63349,1.1033,0.41417,0.58656,0.36233,0.31025,0.57228,0.71759,0.59593,0.31298,0.57964,0.32438,0.40059,0.59244,0.24929,0.2731,1.0101,0.57692
0.5,0.59318,0.71556,1.0238,0.53502,0.51139,0.28568,1.9432,0.30378,1.2848,0.67324,1.7523,1.1376,1.3433,2.0308,0.65186,1.8127,0.70332,0.55709,0.73934,1.841,0.82976,0.62868,1.0682,0.40935,0.58823,0.34464,0.3114,0.57276,0.68559,0.60269,0.30698,0.5522,0.30331,0.39036,0.58803,0.23525,0.26302,0.96643,0.55875
0.51,0.59767,0.71513,0.99861,0.52846,0.51884,0.28056,1.906,0.29889,1.4464,0.70996,1.7386,1.1694,1.3551,1.8809,0.66658,1.8361,0.76356,0.54989,0.75245,1.9346,0.80003,0.61898,1.0329,0.40776,0.59331,0.32411,0.30258,0.56669,0.66071,0.61083,0.28133,0.5308,0.29556,0.36752,0.57368,0.22152,0.26419,0.98055,0.53067
0.52,0.62756,0.70894,0.94496,0.52155,0.50992,0.26298,1.8597,0.28427,1.533,0.7331,1.7321,1.1967,1.3511,1.7092,0.67798,1.8433,0.79146,0.5399,0.79725,2.0562,0.7453,0.63243,1.0068,0.40772,0.59928,0.30231,0.29236,0.57264,0.64094,0.61503,0.25163,0.51215,0.30407,0.34243,0.56274,0.21117,0.27693,1.0382,0.51585
0.53,0.65385,0.6946,0.87291,0.51637,0.4942,0.23992,1.7755,0.25922,1.5383,0.74235,1.7345,1.2206,1.3523,1.5348,0.68671,1.8336,0.79647,0.52475,0.83937,2.0948,0.68507,0.66759,1.0669,0.40668,0.60885,0.28204,0.28648,0.5885,0.62308,0.63524,0.23277,0.51152,0.32058,0.31998,0.56211,0.19732,0.28911,1.1161,0.49857
0.54,0.67636,0.70766,0.81265,0.51489,0.48627,0.24077,1.8529,0.23206,1.4823,0.73758,1.747,1.2403,1.3465,1.3709,0.69306,1.8147,0.78659,0.50545,0.86901,2.0754,0.64745,0.70089,1.0716,0.40993,0.62646,0.26618,0.27572,0.62094,0.60627,0.68145,0.22698,0.50905,0.3261,0.29577,0.56098,0.17661,0.2899,1.1953,0.48084
0.55,0.69475,0.71744,0.75817,0.5189,0.49359,0.24303,1.8733,0.20675,1.387,0.72007,1.7649,1.258,1.329,1.2246,0.69684,1.7842,0.76922,0.49129,0.86177,2.0354,0.62647,0.70311,1.0262,0.40235,0.65376,0.25611,0.26191,0.62353,0.58954,0.73202,0.22413,0.5255,0.32214,0.27568,0.54724,0.15415,0.27631,1.2645,0.46765
0.56,0.70946,0.72348,0.71049,0.52872,0.51176,0.24085,1.7928,0.1962,1.3025,0.69288,1.7856,1.2743,1.3142,1.0937,0.69747,1.7472,0.75146,0.48526,0.86751,1.9964,0.60537,0.66727,0.94504,0.39087,0.687,0.25147,0.24797,0.5853,0.57466,0.77931,0.21521,0.53517,0.31687,0.26977,0.53856,0.15118,0.25194,1.3163,0.46685
0.57,0.75769,0.72587,0.66916,0.54381,0.53323,0.23937,1.6671,0.20244,1.2289,0.66031,1.8113,1.2899,1.2964,0.97416,0.6942,1.7065,0.7363,0.48074,0.90692,1.9462,0.59107,0.61586,0.85585,0.40965,0.71975,0.25027,0.25343,0.5595,0.56444,0.81351,0.22893,0.53454,0.30085,0.26012,0.55206,0.15575,0.22527,1.3454,0.45004
0.58,0.80395,0.72532,0.62915,0.56289,0.5544,0.24563,1.744,0.20446,1.154,0.62637,1.8343,1.3063,1.2681,0.93595,0.68644,1.6614,0.72086,0.47374,0.90915,1.8569,0.58225,0.59114,0.77405,0.39446,0.74791,0.24988,0.25061,0.52783,0.55962,0.83378,0.24027,0.52554,0.28393,0.25149,0.54313,0.16381,0.21825,1.3523,0.45332
0.59,0.84278,0.72267,0.58495,0.58921,0.57513,0.2503,1.8273,0.20232,1.0783,0.6325,1.8577,1.3237,1.2381,0.89833,0.67391,1.6142,0.71278,0.46665,0.91921,1.7416,0.56635,0.58315,0.76083,0.37922,0.77043,0.24882,0.23865,0.47951,0.55972,0.84365,0.24538,0.5035,0.26221,0.24382,0.53264,0.1731,0.20889,1.3374,0.4673
0.6,0.87517,0.71858,0.53433,0.61743,0.60955,0.25456,1.9227,0.20038,1.0068,0.65163,1.8761,1.3421,1.2101,0.85583,0.65673,1.5672,0.72637,0.45937,0.95338,1.7804,0.54375,0.62194,0.77143,0.37412,0.78845,0.24698,0.23007,0.42094,0.56283,0.849,0.24431,0.4695,0.23661,0.24308,0.50263,0.18588,0.21335,1.3039,0.48315
0.61,0.90124,0.71369,0.48792,0.64564,0.65466,0.25898,2.0271,0.19725,0.98898,0.66782,1.9069,1.3612,1.174,0.82979,0.63529,1.5222,0.72707,0.44756,0.95312,1.7996,0.53372,0.69011,0.77723,0.36731,0.80356,0.24517,0.22696,0.41156,0.5667,0.8501,0.23685,0.43369,0.20682,0.2481,0.4622,0.20284,0.22427,1.2547,0.5036
0.62,0.92152,0.70844,0.44564,0.67294,0.69889,0.25341,2.1313,0.20209,0.96462,0.67803,1.9507,1.3817,1.1321,0.80698,0.61016,1.4805,0.71744,0.42742,0.93259,1.8068,0.55122,0.73876,0.77762,0.35944,0.81621,0.24372,0.22293,0.39899,0.56842,0.84592,0.22307,0.40637,0.18702,0.25115,0.46713,0.21983,0.23279,1.2097,0.52597
0.63,0.93647,0.70344,0.45716,0.69805,0.73792,0.24145,2.2024,0.20298,0.94757,0.68025,1.9885,1.4018,1.0991,0.78416,0.58196,1.4429,0.70326,0.40246,0.90048,1.8226,0.58484,0.7671,0.77343,0.35108,0.82647,0.24196,0.24194,0.37965,0.56658,0.83924,0.20619,0.39082,0.18518,0.24668,0.45705,0.2327,0.24184,1.1529,0.54152
0.64,0.94647,0.69853,0.47575,0.72052,0.76794,0.2427,2.2122,0.20447,0.91762,0.71171,2.0215,1.4217,1.061,0.83853,0.55177,1.4121,0.69055,0.38089,0.85749,1.8407,0.60606,0.77967,0.76467,0.3427,0.83552,0.23877,0.2596,0.35818,0.56089,0.83072,0.19148,0.37825,0.19183,0.24539,0.44371,0.23918,0.25589,1.0841,0.54331
0.65,0.95177,0.69361,0.49256,0.7402,0.7877,0.24975,2.1576,0.20999,0.88152,0.74153,2.049,1.4402,1.0192,0.88527,0.52029,1.4287,0.68475,0.3688,0.80863,1.8222,0.59688,0.78415,0.76749,0.33473,0.84541,0.23349,0.26729,0.34396,0.55185,0.82724,0.1802,0.35887,0.20213,0.24531,0.44739,0.23851,0.27685,1.0428,0.56156
0.66,0.95262,0.68876,0.50713,0.7567,0.79705,0.25729,2.1568,0.21535,0.84433,0.76194,2.0705,1.4577,0.97843,0.9146,0.51248,1.4475,0.68714,0.36491,0.81198,1.8761,0.55967,0.78991,0.82546,0.32752,0.85674,0.22634,0.26518,0.33931,0.54057,0.83023,0.17539,0.33241,0.20916,0.24999,0.44468,0.23244,0.30275,0.99931,0.59833
0.67,0.94933,0.6841,0.5195,0.76992,0.79805,0.26502,2.151,0.21669,0.83141,0.77817,2.0862,1.4737,0.94189,0.92385,0.52203,1.4683,0.69522,0.36295,0.81228,1.9226,0.50834,0.80447,0.87483,0.32137,0.86842,0.21814,0.25576,0.33969,0.5282,0.84102,0.17858,0.31413,0.21246,0.25026,0.43415,0.2233,0.32921,0.94945,0.62356
0.68,0.94227,0.6792,0.52961,0.7798,0.79255,0.26416,2.1944,0.21166,0.83157,0.79704,2.0965,1.4883,0.90308,0.91128,0.53225,1.4896,0.70456,0.35852,0.80973,1.9033,0.46276,0.83017,0.91521,0.31638,0.87884,0.20977,0.24299,0.33906,0.51573,0.85146,0.18881,0.32617,0.21201,0.25076,0.41933,0.21145,0.35257,0.90199,0.63983
0.69,0.93187,0.67396,0.53729,0.78646,0.78234,0.26245,2.2217,0.19987,0.82981,0.82473,2.102,1.5022,0.86289,0.88049,0.54215,1.51,0.71043,0.35328,0.80444,1.9358,0.44386,0.86285,0.94683,0.31258,0.88741,0.20174,0.23098,0.33678,0.5039,0.85706,0.20308,0.33915,0.20809,0.25605,0.40622,0.19491,0.37142,0.87863,0.64834
0.7,0.91863,0.66861,0.54233,0.7898,0.7686,0.27644,2.2323,0.19983,0.82535,0.8644,2.1068,1.5165,0.82388,0.83468,0.55183,1.527,0.71056,0.35337,0.85741,1.9565,0.43271,0.89535,0.97026,0.3096,0.89418,0.19411,0.22271,0.3393,0.4931,0.85047,0.21764,0.35062,0.20181,0.26953,0.41772,0.21894,0.38702,0.90962,0.6484
0.71,0.90302,0.66288,0.54451,0.78995,0.75181,0.28843,2.2197,0.19902,0.81478,0.91436,2.1082,1.5994,0.78946,0.77829,0.56203,1.5415,0.70394,0.36436,0.91705,1.9741,0.43811,0.92064,0.98629,0.30693,0.9,0.18672,0.21983,0.35772,0.48362,0.83071,0.22725,0.36171,0.19964,0.29038,0.43822,0.24463,0.39968,0.96837,0.63908
0.72,0.8855,0.65663,0.54377,0.78718,0.73205,0.29184,2.1891,0.19396,0.79591,0.96964,2.1068,1.6862,0.75471,0.7159,0.57164,1.5519,0.6924,0.38577,0.96356,1.9983,0.48094,0.93464,0.99574,0.30518,0.90565,0.17935,0.2229,0.37308,0.47551,0.80119,0.22726,0.37432,0.20506,0.31313,0.45494,0.26715,0.4084,1.0218,0.62267
0.73,0.86639,0.64984,0.54047,0.78181,0.70934,0.28796,2.1796,0.18553,0.76687,1.0234,2.1031,1.749,0.72229,0.67714,0.58087,1.5584,0.67836,0.41191,0.99676,2.0158,0.54102,0.93487,0.99945,0.30208,0.91154,0.17181,0.23169,0.39751,0.46847,0.77047,0.21782,0.38473,0.20251,0.33199,0.46548,0.28413,0.41249,1.0626,0.60444
0.74,0.84608,0.64277,0.53452,0.77417,0.68406,0.27768,2.1473,0.17518,0.8014,1.0687,2.101,1.7865,0.7832,0.63156,0.59011,1.5614,0.6652,0.43542,1.0162,2.0829,0.60472,0.92045,0.99819,0.29727,0.91714,0.1641,0.24485,0.43046,0.46232,0.74546,0.20173,0.38903,0.19154,0.3451,0.4667,0.29304,0.41103,1.0867,0.58916
0.75,0.82516,0.6352,0.52627,0.76456,0.6562,0.26143,2.0895,0.1714,0.83836,1.1004,2.0974,1.798,0.86868,0.64226,0.59845,1.5617,0.65486,0.45155,1.0226,2.2975,0.65903,0.89298,0.99269,0.3106,0.92219,0.15645,0.25985,0.46227,0.45682,0.73336,0.18389,0.38664,0.17339,0.3541,0.457,0.29162,0.40312,1.0944,0.57797
0.76,0.80362,0.65225,0.51634,0.75306,0.62668,0.24078,2.0071,0.18254,0.87292,1.1156,2.0924,1.7844,0.94611,0.63723,0.60594,1.5602,0.64847,0.45901,1.0171,2.4712,0.69589,0.85548,0.98361,0.32224,0.92681,0.14893,0.27394,0.48811,0.45167,0.73389,0.16944,0.37785,0.15498,0.36074,0.44203,0.27931,0.3886,1.0865,0.56799
0.77,0.78188,0.68094,0.50523,0.73985,0.59592,0.23371,1.9436,0.19099,0.91769,1.1122,2.0872,1.7474,1.0123,0.62152,0.61339,1.5577,0.64473,0.46038,1.0002,2.6009,0.72294,0.81322,0.97165,0.32977,0.93103,0.14183,0.28482,0.50621,0.44656,0.74079,0.16133,0.36233,0.15612,0.36465,0.4373,0.27892,0.37343,1.0663,0.55483
0.78,0.76024,0.70506,0.49712,0.72516,0.56866,0.22812,1.9314,0.19501,1.0137,1.0907,2.0832,1.6903,1.0677,0.60006,0.61994,1.5531,0.64134,0.46016,0.97382,2.6981,0.73787,0.77154,0.95741,0.33493,0.93452,0.13647,0.29145,0.51596,0.4412,0.74652,0.15754,0.34352,0.16313,0.3643,0.41885,0.282,0.36435,1.036,0.53627
0.79,0.73874,0.72426,0.49286,0.70931,0.5814,0.22043,1.9016,0.19228,1.1072,1.0526,2.0778,1.63,1.1144,0.58141,0.62566,1.546,0.63869,0.46354,0.93967,2.779,0.7336,0.73443,0.94128,0.34698,0.9372,0.14195,0.29348,0.5198,0.43532,0.74284,0.15475,0.32862,0.17076,0.35887,0.40367,0.27847,0.35103,0.99881,0.51367
0.8,0.71762,0.74196,0.50578,0.7019,0.59505,0.21104,1.8579,0.18473,1.1929,1.0005,2.0712,1.6372,1.1497,0.57727,0.63062,1.5357,0.62999,0.4732,0.89942,2.8579,0.71859,0.70263,0.92375,0.34694,0.93926,0.14736,0.29131,0.53974,0.42875,0.72543,0.14961,0.3213,0.17637,0.34932,0.38148,0.26886,0.33718,0.95653,0.49049
0.81,0.6971,0.76155,0.5315,0.70241,0.60951,0.20073,1.8034,0.1749,1.2672,0.93768,2.0661,1.6439,1.1737,0.57337,0.63526,1.5216,0.61328,0.48802,0.87513,2.9413,0.70652,0.67386,0.90524,0.3374,0.94074,0.15281,0.28564,0.56092,0.42144,0.69335,0.14195,0.31743,0.17935,0.33743,0.35631,0.25468,0.32488,0.91131,0.47048
0.82,0.67709,0.77441,0.5521,0.70158,0.62663,0.19028,1.7408,0.16913,1.3269,0.86862,2.0599,1.649,1.1932,0.57104,0.63935,1.5028,0.61447,0.50395,0.92139,3.0259,0.68447,0.64395,0.88607,0.33161,0.9421,0.15826,0.27794,0.57986,0.41337,0.6492,0.138,0.31039,0.182,0.32545,0.34793,0.2372,0.31403,0.86477,0.4545
0.83,0.65769,0.78116,0.56772,0.69941,0.64657,0.18214,1.6722,0.18557,1.3693,0.79838,2.0521,1.6522,1.2009,0.56996,0.64275,1.4794,0.60739,0.51573,0.9466,3.1028,0.65634,0.60988,0.86642,0.32206,0.944,0.16353,0.27011,0.60269,0.40462,0.59899,0.13149,0.32059,0.18565,0.3164,0.34557,0.21782,0.30318,0.81841,0.44195
0.84,0.63911,0.78226,0.57854,0.6961,0.66654,0.19079,1.5992,0.20323,1.3931,0.80426,2.0442,1.6529,1.1982,0.56905,0.66336,1.4501,0.59289,0.51959,0.94841,3.1904,0.62795,0.57075,0.84642,0.31124,0.94678,0.16842,0.26434,0.62013,0.39539,0.55111,0.12406,0.34704,0.1946,0.31372,0.33961,0.21881,0.29101,0.77324,0.4307
0.85,0.62116,0.77802,0.58475,0.69194,0.68619,0.19854,1.5228,0.22007,1.3984,0.81183,2.0362,1.6509,1.1905,0.56742,0.69424,1.4145,0.57293,0.51348,0.9275,3.3225,0.60442,0.52797,0.82611,0.301,0.95071,0.17282,0.26272,0.63084,0.38588,0.51572,0.11888,0.37253,0.20876,0.31579,0.33027,0.23191,0.28708,0.73042,0.42079
0.86,0.60383,0.76911,0.58679,0.68714,0.70522,0.20482,1.4436,0.23573,1.3871,0.81906,2.0261,1.6462,1.1698,0.56484,0.72361,1.3722,0.54992,0.49774,0.90521,3.4226,0.58782,0.48428,0.80554,0.29178,0.95592,0.17658,0.26637,0.63154,0.37628,0.50186,0.11599,0.39315,0.21918,0.32316,0.32961,0.24042,0.28471,0.69075,0.41374
0.87,0.5871,0.75821,0.58475,0.68208,0.72332,0.20946,1.3623,0.24801,1.3592,0.82566,2.015,1.6393,1.1485,0.55942,0.75156,1.3233,0.52637,0.47457,0.89697,3.4891,0.57743,0.4654,0.78471,0.28414,0.96228,0.17964,0.27483,0.62267,0.36685,0.51246,0.11296,0.40728,0.22541,0.33437,0.33434,0.24543,0.28078,0.65509,0.4097
0.88,0.57094,0.75456,0.57938,0.67711,0.74022,0.21219,1.2794,0.25539,1.317,0.83175,2.0041,1.6303,1.1157,0.55046,0.77777,1.2682,0.50396,0.45695,0.88361,3.5227,0.57089,0.45302,0.76368,0.28713,0.9695,0.18193,0.28608,0.60299,0.35796,0.54269,0.113,0.41511,0.22788,0.34662,0.33393,0.24825,0.27569,0.62444,0.40849
0.89,0.55533,0.74987,0.57065,0.67255,0.75569,0.21275,1.1957,0.25681,1.2653,0.83715,1.9914,1.6191,1.0829,0.53752,0.80218,1.227,0.4835,0.45271,0.88981,3.5273,0.56514,0.44055,0.74235,0.28921,0.9766,0.18339,0.29715,0.57292,0.35116,0.58224,0.11518,0.41854,0.22758,0.35774,0.33252,0.24988,0.27025,0.59895,0.40909
0.9,0.54022,0.74376,0.55913,0.66856,0.76955,0.21078,1.112,0.25192,1.2553,0.84199,1.9771,1.6058,1.0413,0.52039,0.82478,1.2011,0.46461,0.44747,0.91782,3.5086,0.55727,0.42917,0.72071,0.29044,0.98292,0.18389,0.30511,0.55362,0.34813,0.62199,0.11759,0.41756,0.22556,0.36662,0.33046,0.25022,0.26554,0.57916,0.41045
0.91,0.52561,0.73545,0.54537,0.66533,0.78191,0.206,1.1049,0.24109,1.2491,0.84606,1.9634,1.5905,1.0016,0.4996,0.84559,1.1683,0.44616,0.44468,0.94882,3.4711,0.54529,0.41927,0.69878,0.29065,0.98773,0.18324,0.30734,0.55088,0.34523,0.65498,0.11946,0.411,0.22244,0.37316,0.32271,0.24869,0.26234,0.56458,0.4103
0.92,0.51145,0.72439,0.52989,0.66294,0.80677,0.19826,1.0978,0.22609,1.2286,0.84964,1.949,1.573,0.95565,0.47524,0.8651,1.1302,0.4269,0.44666,0.98389,3.4184,0.52877,0.42749,0.6772,0.28954,0.9906,0.18129,0.30217,0.54459,0.34259,0.67691,0.12021,0.39754,0.21888,0.37739,0.30961,0.24463,0.26091,0.55449,0.40875
0.93,0.49782,0.7102,0.51358,0.66135,0.86232,0.18784,1.0901,0.2145,1.2058,0.85246,1.9338,1.5533,0.91176,0.44766,0.88307,1.0888,0.40597,0.45392,1.0238,3.3534,0.50889,0.43862,0.65985,0.28765,0.99129,0.1779,0.29419,0.53467,0.34029,0.6858,0.1195,0.37828,0.21685,0.37863,0.29264,0.2373,0.26071,0.54793,0.40423
0.94,0.48472,0.69297,0.49712,0.66038,0.91504,0.17541,1.0822,0.2031,1.1794,0.85469,1.922,1.5317,0.86543,0.41753,0.89942,1.1023,0.38329,0.46528,1.0674,3.2776,0.48765,0.45095,0.64216,0.28429,0.9902,0.17294,0.29859,0.52154,0.33844,0.68214,0.11747,0.35712,0.21588,0.37557,0.27385,0.22645,0.26069,0.54337,0.3972
0.95,0.4721,0.67305,0.4811,0.66001,0.96428,0.16167,1.0744,0.19384,1.1508,0.91363,1.9114,1.5079,0.8193,0.38685,0.9142,1.1176,0.35989,0.47815,1.1123,3.1908,0.46697,0.46469,0.62402,0.28444,0.98741,0.16633,0.303,0.50569,0.33713,0.6666,0.11398,0.33826,0.21467,0.36727,0.25557,0.21213,0.25984,0.53953,0.38829
0.96,0.45995,0.65071,0.46584,0.65984,1.0095,0.15904,1.0671,0.18751,1.1229,0.96733,1.8987,1.4821,0.77514,0.36402,0.92745,1.1294,0.35378,0.48956,1.1562,3.0925,0.44791,0.47983,0.60548,0.29683,0.98369,0.15822,0.30741,0.48767,0.33641,0.64198,0.11147,0.32378,0.21161,0.35332,0.2402,0.1951,0.25725,0.5349,0.3778
0.97,0.44846,0.62609,0.45146,0.65987,1.0503,0.15661,1.0605,0.18451,1.097,1.0134,1.8841,1.4543,0.73073,0.34727,0.9396,1.1377,0.34849,0.49701,1.1978,2.9825,0.43057,0.49598,0.58661,0.30982,0.97919,0.15905,0.31171,0.46813,0.33635,0.61074,0.11001,0.31354,0.20648,0.33478,0.22945,0.17658,0.25248,0.5283,0.36669
0.98,0.43747,0.59944,0.43804,0.65984,1.0865,0.15373,1.0548,0.18458,1.0739,1.0513,1.8678,1.4248,0.68809,0.3296,0.95067,1.1442,0.33854,0.49927,1.2362,2.8609,0.41399,0.51162,0.5675,0.32335,0.97442,0.15763,0.31576,0.44775,0.33687,0.57626,0.10779,0.30634,0.19954,0.31353,0.22408,0.15839,0.24577,0.51891,0.3556
0.99,0.42708,0.57133,0.42554,0.65956,1.1182,0.15083,1.0501,0.18574,1.0536,1.081,1.8498,1.3939,0.64869,0.31364,0.96043,1.1473,0.33633,0.49587,1.271,2.7289,0.39694,0.52782,0.54822,0.33677,0.96959,0.1541,0.31942,0.42698,0.33794,0.54416,0.1054,0.31176,0.19542,0.29137,0.22363,0.14608,0.2376,0.50596,0.3445
1,0.41728,0.54173,0.4138,0.65888,1.1451,0.14818,1.0468,0.18623,1.0354,1.1026,1.83,1.3615,0.61107,0.30323,0.96897,1.1473,0.33028,0.4872,1.3024,2.5894,0.37843,0.55312,0.52885,0.34987,0.96472,0.14878,0.32261,0.40617,0.33949,0.54447,0.10333,0.32004,0.19461,0.26955,0.22674,0.14825,0.22881,0.48923,0.33407
1.01,0.40807,0.51129,0.4028,0.65752,1.1675,0.14581,1.0446,0.1861,1.0189,1.1163,1.8121,1.3278,0.57592,0.2944,0.97641,1.1442,0.32582,0.47787,1.3324,2.4464,0.35801,0.5724,0.50945,0.36249,0.96,0.142,0.32529,0.38572,0.34145,0.53599,0.10185,0.32563,0.19483,0.24825,0.23137,0.14907,0.22025,0.46854,0.32384
1.02,0.39945,0.50139,0.39264,0.65552,1.1852,0.14348,1.0435,0.18447,1.003,1.122,1.7973,1.293,0.54374,0.28777,0.98302,1.1392,0.34159,0.47088,1.3649,2.3036,0.33593,0.5857,0.49009,0.37448,0.95519,0.13419,0.32745,0.36546,0.34373,0.52187,0.10099,0.32638,0.19915,0.23383,0.23565,0.14866,0.21254,0.46416,0.31393
1.03,0.39145,0.49718,0.38347,0.65254,1.1985,0.14079,1.0436,0.18156,0.98741,1.1198,1.783,1.257,0.51488,0.28359,0.98902,1.1815,0.35721,0.46081,1.4043,2.1653,0.32136,0.59457,0.47083,0.3855,0.94998,0.12629,0.32908,0.34543,0.34634,0.50505,0.10066,0.32161,0.20452,0.22583,0.23821,0.14717,0.20619,0.46563,0.30576
1.04,0.38398,0.4929,0.37528,0.64871,1.2075,0.13983,1.0445,0.1786,0.97236,1.1098,1.769,1.2203,0.4896,0.28185,0.99414,1.2592,0.37037,0.44891,1.4517,2.0352,0.30521,0.60118,0.45171,0.39559,0.94432,0.12741,0.33022,0.32562,0.34907,0.49253,0.10328,0.31333,0.20926,0.22018,0.23814,0.14471,0.20126,0.46668,0.29834
1.05,0.37711,0.4886,0.36805,0.6438,1.2123,0.14104,1.0459,0.17527,0.95718,1.0924,1.7547,1.1891,0.468,0.2824,0.99845,1.3352,0.3795,0.4365,1.5019,1.938,0.28831,0.60789,0.43278,0.40491,0.93775,0.12848,0.33089,0.30625,0.35182,0.51212,0.10854,0.30435,0.2127,0.21243,0.23824,0.1413,0.1976,0.46726,0.28978
1.06,0.3708,0.48418,0.36188,0.63782,1.2132,0.13946,1.0477,0.17295,0.94183,1.0679,1.7401,1.22,0.45012,0.28422,1.002,1.4086,0.3839,0.42464,1.5448,2.026,0.27189,0.61642,0.41405,0.41322,0.93018,0.12946,0.33114,0.28722,0.3546,0.54158,0.11251,0.29666,0.21428,0.20739,0.23781,0.13705,0.19487,0.46737,0.28002
1.07,0.36499,0.47965,0.35684,0.63094,1.2102,0.13557,1.0496,0.17103,0.92671,1.0367,1.7251,1.2416,0.43592,0.28665,1.0048,1.4787,0.38343,0.41396,1.5704,2.1222,0.25716,0.62786,0.39557,0.42054,0.9216,0.13029,0.33102,0.26871,0.35729,0.57219,0.11516,0.29071,0.21371,0.19875,0.23472,0.13209,0.19262,0.46705,0.26921
1.08,0.3597,0.475,0.35796,0.62306,1.2038,0.13001,1.0514,0.1702,0.91306,0.99973,1.7106,1.2982,0.42616,0.28893,1.0069,1.5453,0.37853,0.4047,1.5743,2.2078,0.24538,0.64136,0.37816,0.42688,0.91194,0.13091,0.33058,0.26811,0.35976,0.60083,0.11673,0.28569,0.21114,0.18663,0.22947,0.12653,0.19034,0.4663,0.25792
1.09,0.35494,0.47025,0.36058,0.61432,1.194,0.12348,1.0527,0.16967,0.9002,0.95739,1.6959,1.3517,0.42026,0.29007,1.0087,1.6076,0.37006,0.39686,1.5583,2.2817,0.23746,0.65515,0.36919,0.43239,0.90152,0.13129,0.32985,0.26757,0.36212,0.62604,0.11752,0.281,0.20646,0.18839,0.22845,0.12056,0.18771,0.4652,0.2472
1.1,0.35064,0.46541,0.36281,0.60496,1.1815,0.12615,1.0534,0.1689,0.88868,0.9109,1.6803,1.3926,0.41745,0.28944,1.0099,1.6653,0.35937,0.39016,1.5298,2.3424,0.23374,0.66691,0.3571,0.4371,0.89039,0.13143,0.32884,0.26732,0.36413,0.64683,0.11795,0.28315,0.19955,0.19815,0.23746,0.1144,0.18444,0.46371,0.23768
1.11,0.34677,0.4605,0.36462,0.59518,1.1661,0.13065,1.0531,0.16808,0.87926,0.86078,1.6646,1.421,0.41746,0.28662,1.0105,1.7185,0.35412,0.38427,1.4958,2.3888,0.23399,0.67543,0.35874,0.44095,0.87872,0.13723,0.32761,0.26706,0.36595,0.6634,0.11831,0.28632,0.19083,0.20541,0.2455,0.10832,0.18044,0.48429,0.23007
1.12,0.34333,0.45555,0.36607,0.58518,1.1484,0.13462,1.052,0.166,0.87093,0.82176,1.649,1.4373,0.42067,0.28137,1.0105,1.7666,0.35781,0.379,1.4605,2.4194,0.23764,0.68118,0.3594,0.44388,0.86673,0.14367,0.32614,0.26669,0.36737,0.67585,0.11885,0.28701,0.18107,0.20998,0.25189,0.10793,0.17584,0.50489,0.22497
1.13,0.34035,0.45056,0.36728,0.57525,1.1286,0.13805,1.0499,0.16368,0.86434,0.81744,1.6324,1.442,0.42624,0.27368,1.0099,1.815,0.36077,0.37426,1.4231,2.4336,0.24382,0.68592,0.35805,0.44924,0.85469,0.14863,0.32442,0.26617,0.36852,0.68444,0.11971,0.28739,0.17098,0.2162,0.25651,0.10882,0.17082,0.52374,0.22206
1.14,0.33777,0.44555,0.36828,0.56539,1.1068,0.14096,1.0465,0.1603,0.85872,0.81301,1.6158,1.4359,0.4334,0.26376,1.0087,1.8714,0.3631,0.36995,1.3804,2.432,0.25168,0.69188,0.35483,0.45614,0.8427,0.15564,0.32244,0.26547,0.3693,0.68909,0.12098,0.29938,0.16117,0.22429,0.25932,0.11011,0.16571,0.54061,0.2207
1.15,0.33555,0.4405,0.3691,0.55559,1.0835,0.14337,1.0418,0.15802,0.85327,0.80849,1.5992,1.4199,0.4418,0.25198,1.0071,1.9218,0.36495,0.36614,1.3302,2.4162,0.26041,0.70007,0.35013,0.45952,0.83093,0.16253,0.3202,0.26456,0.36972,0.69291,0.12271,0.31342,0.15213,0.22924,0.26011,0.11068,0.16086,0.55559,0.22016
1.16,0.33368,0.43542,0.36962,0.54587,1.059,0.14532,1.0358,0.15796,0.84795,0.80388,1.5814,1.395,0.45108,0.23881,1.0051,1.9659,0.36636,0.36286,1.273,2.3889,0.26935,0.7102,0.34427,0.45903,0.8195,0.16806,0.31771,0.26343,0.36985,0.69749,0.12478,0.32742,0.14393,0.23097,0.25879,0.11063,0.15658,0.56857,0.22021
1.17,0.33214,0.43033,0.36962,0.53797,1.0333,0.14686,1.0286,0.15799,0.84208,0.79916,1.5645,1.3622,0.46091,0.23455,1.0027,2.0035,0.36733,0.36013,1.2137,2.3537,0.27786,0.72077,0.33757,0.45524,0.80852,0.17218,0.31488,0.26241,0.3696,0.69714,0.12718,0.33966,0.13664,0.2298,0.25544,0.11015,0.15311,0.57957,0.22472
1.18,0.33096,0.42521,0.37213,0.53279,1.0068,0.148,1.0198,0.15807,0.83484,0.79435,1.5467,1.3224,0.47097,0.22966,0.99996,2.0349,0.3688,0.35776,1.194,2.313,0.28533,0.72974,0.33037,0.44789,0.79812,0.17492,0.31176,0.26117,0.369,0.69267,0.12968,0.34933,0.13075,0.2261,0.25631,0.10937,0.15053,0.58866,0.22886
1.19,0.33008,0.42013,0.37566,0.52733,0.97962,0.14879,1.0098,0.15841,0.82584,0.78945,1.5286,1.2771,0.48095,0.22297,0.99688,2.0609,0.38633,0.35546,1.1705,2.269,0.29117,0.73535,0.32291,0.43786,0.78829,0.17629,0.30826,0.25968,0.36814,0.68505,0.13205,0.35626,0.12754,0.22058,0.26009,0.10832,0.14877,0.59571,0.23203
1.2,0.32946,0.41507,0.37834,0.52161,0.95205,0.14926,0.99842,0.15817,0.81475,0.78447,1.5107,1.2278,0.49057,0.21486,0.99347,2.0804,0.40413,0.35283,1.1437,2.2238,0.29474,0.7366,0.32119,0.42867,0.77907,0.17642,0.30447,0.25795,0.36695,0.67531,0.13403,0.36082,0.12308,0.21391,0.26275,0.10699,0.14767,0.60101,0.23399
1.21,0.32907,0.41004,0.37963,0.51559,0.92426,0.14942,0.98561,0.1579,0.80698,0.7794,1.4917,1.1818,0.49958,0.20599,0.98975,2.0937,0.42098,0.34933,1.1138,2.1771,0.29563,0.73346,0.32167,0.42262,0.77044,0.17541,0.30032,0.25599,0.36543,0.66448,0.13535,0.36376,0.1178,0.20672,0.26379,0.10536,0.14694,0.6045,0.23453
1.22,0.32895,0.40503,0.37942,0.50923,0.89641,0.14931,0.97162,0.15662,0.80433,0.77424,1.4737,1.1341,0.50773,0.19668,0.98572,2.1013,0.436,0.34465,1.0814,2.1293,0.29344,0.72695,0.32116,0.41598,0.76246,0.17342,0.29583,0.2538,0.36363,0.65348,0.13587,0.36609,0.11548,0.21056,0.26295,0.10718,0.1463,0.60629,0.23376
1.23,0.32905,0.40004,0.37756,0.50246,0.86866,0.14893,0.95641,0.15489,0.79901,0.76899,1.4546,1.0842,0.5156,0.18734,0.98382,2.1042,0.44855,0.33841,1.0465,2.0791,0.28807,0.71849,0.31977,0.40891,0.75521,0.17062,0.29531,0.25172,0.36159,0.64312,0.13553,0.36862,0.11437,0.21399,0.2602,0.1131,0.1455,0.60653,0.23188
1.24,0.3293,0.39508,0.37427,0.4953,0.84119,0.14832,0.94,0.15211,0.79112,0.76366,1.4359,1.0329,0.5227,0.17917,0.98783,2.1018,0.45829,0.33016,1.0095,2.0261,0.27959,0.7141,0.31768,0.40145,0.74858,0.16723,0.29728,0.2494,0.35924,0.634,0.13446,0.37487,0.11262,0.21551,0.25581,0.1187,0.14435,0.60531,0.22916
1.25,0.32972,0.39016,0.36953,0.48777,0.81416,0.1475,0.92285,0.14891,0.78113,0.75828,1.4168,0.98133,0.52855,0.1802,0.99127,2.0944,0.46494,0.34385,0.97077,1.9695,0.26836,0.7125,0.31506,0.39359,0.7426,0.16345,0.2962,0.24686,0.35662,0.62714,0.13294,0.3819,0.11048,0.21556,0.25023,0.12391,0.14823,0.60263,0.2259
1.26,0.33031,0.38527,0.3636,0.47992,0.78758,0.14655,0.90477,0.14494,0.76862,0.75282,1.3975,0.93044,0.53302,0.18461,0.99377,2.083,0.46854,0.3589,0.93047,1.9095,0.25484,0.71392,0.31203,0.38534,0.73734,0.1595,0.29206,0.24408,0.35379,0.62227,0.13132,0.38968,0.10819,0.21446,0.24399,0.12869,0.15659,0.59857,0.22242
1.27,0.33098,0.38046,0.35679,0.47179,0.76153,0.14553,0.88616,0.14099,0.7538,0.74727,1.3783,0.88622,0.53694,0.18877,0.99528,2.0679,0.46917,0.37289,0.8889,1.8464,0.23967,0.71913,0.30873,0.38107,0.73266,0.15565,0.28853,0.24107,0.35066,0.61975,0.12999,0.39832,0.10596,0.21239,0.23758,0.13305,0.16437,0.6148,0.21901
1.28,0.33176,0.37569,0.3493,0.46341,0.73623,0.14457,0.86695,0.13831,0.73761,0.74164,1.3586,0.87611,0.53992,0.19267,0.99584,2.0488,0.46697,0.38554,0.84632,1.7885,0.2235,0.72771,0.30522,0.37762,0.72858,0.15217,0.28588,0.23805,0.3474,0.61942,0.12931,0.40784,0.10394,0.2097,0.23135,0.13699,0.17134,0.62992,0.21578
1.29,0.33263,0.37095,0.34108,0.45477,0.71152,0.14367,0.84735,0.13507,0.71984,0.73595,1.3395,0.86594,0.54135,0.19605,0.9955,2.0261,0.46216,0.39673,0.83905,1.7671,0.20696,0.73813,0.3016,0.37398,0.72507,0.15197,0.27998,0.23489,0.34387,0.62076,0.12945,0.41812,0.1022,0.2113,0.22545,0.14052,0.17734,0.64652,0.21292
1.3,0.33352,0.36626,0.33325,0.44589,0.68764,0.14282,0.82734,0.13155,0.70093,0.7302,1.3195,0.85568,0.54172,0.20329,0.9945,2.0007,0.45503,0.40623,0.84844,1.7436,0.19076,0.74829,0.29787,0.37009,0.72202,0.15196,0.27127,0.23149,0.34021,0.62376,0.13035,0.42877,0.10068,0.21238,0.21993,0.14358,0.18227,0.66772,0.21053
1.31,0.33449,0.3616,0.3294,0.43676,0.66441,0.14196,0.8069,0.13192,0.68177,0.7244,1.3004,0.84547,0.54163,0.20997,0.99283,1.973,0.44587,0.41385,0.85348,1.718,0.18786,0.75561,0.29401,0.3659,0.71948,0.15142,0.26038,0.22785,0.33635,0.6275,0.13182,0.43921,0.09933,0.21285,0.21474,0.14613,0.18609,0.68691,0.20869
1.32,0.33544,0.357,0.32525,0.43122,0.64203,0.14107,0.8172,0.13371,0.66221,0.71858,1.2806,0.83525,0.53997,0.21556,0.99037,1.9428,0.43473,0.41952,0.85225,1.6911,0.18459,0.75774,0.29001,0.36134,0.71734,0.15038,0.24868,0.22398,0.33238,0.63152,0.13347,0.44868,0.098186,0.21257,0.20975,0.14809,0.18883,0.70402,0.20739
1.33,0.33643,0.35245,0.32077,0.42713,0.62036,0.14011,0.83066,0.13438,0.6433,0.71276,1.2613,0.82494,0.53699,0.21958,0.98718,1.9106,0.42172,0.42322,0.84492,1.6633,0.1793,0.7529,0.28586,0.3566,0.71554,0.15022,0.24686,0.22015,0.32826,0.63537,0.13492,0.45663,0.097822,0.21145,0.20485,0.15087,0.19047,0.71906,0.20657
1.34,0.33738,0.34796,0.31596,0.423,0.59941,0.13908,0.84162,0.1342,0.62506,0.70692,1.2418,0.81467,0.53394,0.22203,0.98331,1.8766,0.40708,0.42504,0.8332,1.6347,0.17238,0.73983,0.28148,0.35158,0.71415,0.15064,0.24427,0.21613,0.32407,0.63863,0.13589,0.46276,0.098899,0.20943,0.19995,0.15311,0.191,0.7321,0.20611
1.35,0.33834,0.34353,0.31086,0.41884,0.57927,0.13796,0.8505,0.13331,0.60782,0.70106,1.2224,0.80441,0.52944,0.22255,0.97881,1.8419,0.391,0.42508,0.81931,1.6053,0.16425,0.7182,0.27692,0.34612,0.71304,0.15431,0.24106,0.21188,0.31977,0.64092,0.13619,0.46724,0.10138,0.20634,0.195,0.15456,0.19045,0.7431,0.20588
1.36,0.33925,0.33918,0.30542,0.41465,0.56192,0.13671,0.8572,0.13168,0.59249,0.69521,1.2032,0.79405,0.52635,0.22133,0.97392,1.8062,0.3738,0.42341,0.80506,1.5751,0.15533,0.68821,0.27208,0.34064,0.71217,0.15884,0.23729,0.20744,0.31543,0.64195,0.1357,0.47031,0.10363,0.20201,0.18999,0.1553,0.18892,0.75362,0.20578
1.37,0.34012,0.33493,0.29971,0.41043,0.54638,0.13538,0.86208,0.12917,0.57884,0.68936,1.1837,0.78378,0.52319,0.21827,0.96842,1.7697,0.35584,0.42008,0.79126,1.5438,0.14609,0.65109,0.26699,0.33468,0.71155,0.16397,0.23307,0.20288,0.31103,0.64147,0.13447,0.47194,0.10548,0.19626,0.18488,0.15538,0.18655,0.76797,0.20547
1.38,0.34094,0.33082,0.29365,0.40618,0.53146,0.13395,0.8652,0.12568,0.56714,0.68355,1.1649,0.77347,0.52007,0.21352,0.96231,1.7327,0.33749,0.41518,0.77776,1.5114,0.13687,0.63253,0.2617,0.32869,0.71113,0.16949,0.2285,0.19834,0.30661,0.63931,0.13264,0.4717,0.10684,0.18904,0.1796,0.15481,0.18372,0.77984,0.20478
1.39,0.34169,0.32687,0.28732,0.40188,0.51702,0.13243,0.86664,0.12128,0.55753,0.67777,1.1457,0.76308,0.51551,0.20745,0.95562,1.6953,0.31904,0.40883,0.76375,1.4783,0.128,0.63437,0.25629,0.32231,0.71082,0.17515,0.22369,0.19364,0.30217,0.63538,0.13038,0.46964,0.10759,0.18041,0.17412,0.15353,0.1815,0.78945,0.20363
1.4,0.3424,0.32314,0.28064,0.39754,0.50306,0.13082,0.8667,0.11613,0.55003,0.67203,1.1269,0.75283,0.51079,0.20029,0.9484,1.6579,0.3008,0.40117,0.76137,1.4452,0.12786,0.63611,0.25098,0.31593,0.71059,0.18074,0.2187,0.18892,0.29773,0.62979,0.12785,0.4708,0.10779,0.17055,0.16841,0.15159,0.17882,0.79669,0.20258
1.41,0.34304,0.31965,0.27364,0.39316,0.48964,0.12915,0.86528,0.11182,0.54461,0.66636,1.1083,0.74248,0.5054,0.19506,0.9407,1.6205,0.29059,0.39236,0.77078,1.4363,0.12873,0.63751,0.2462,0.30921,0.71039,0.18607,0.21359,0.19388,0.2933,0.62239,0.12529,0.47128,0.10747,0.1686,0.1625,0.14908,0.17587,0.80171,0.2013
1.42,0.34359,0.31633,0.26633,0.38875,0.47664,0.12742,0.86253,0.10983,0.54124,0.66075,1.0896,0.73217,0.49938,0.20043,0.93255,1.5833,0.28443,0.3825,0.7758,1.4369,0.1295,0.63838,0.24388,0.30256,0.71017,0.19099,0.20843,0.19873,0.2889,0.61319,0.12283,0.47053,0.1068,0.16889,0.15656,0.15258,0.17283,0.80445,0.19959
1.43,0.34409,0.31312,0.25868,0.38428,0.46403,0.12564,0.85869,0.10729,0.53956,0.65521,1.0715,0.72191,0.49344,0.20537,0.92399,1.5464,0.27794,0.37171,0.77621,1.4344,0.12992,0.63864,0.25143,0.29563,0.7099,0.19538,0.20324,0.20342,0.28453,0.60233,0.12058,0.46819,0.10592,0.16854,0.15082,0.15549,0.16981,0.805,0.1973
1.44,0.34452,0.31,0.2507,0.37976,0.45186,0.12382,0.8537,0.10447,0.53928,0.64974,1.0531,0.7116,0.48648,0.20983,0.91508,1.51,0.27121,0.36018,0.77225,1.4305,0.12987,0.63807,0.25974,0.28882,0.70954,0.19914,0.19807,0.2078,0.28019,0.59001,0.11857,0.46388,0.10503,0.16755,0.15262,0.15767,0.16687,0.8035,0.19479
1.45,0.34485,0.30689,0.24665,0.37518,0.44001,0.12198,0.84767,0.10128,0.54009,0.64434,1.0352,0.70141,0.47999,0.21374,0.90586,1.4749,0.26436,0.34808,0.76432,1.4261,0.13259,0.63672,0.26817,0.28183,0.70904,0.2022,0.19293,0.21182,0.2759,0.57651,0.11692,0.45718,0.10428,0.16597,0.15653,0.15928,0.164,0.80006,0.19201
1.46,0.3451,0.30379,0.24793,0.37054,0.42852,0.12011,0.84077,0.097983,0.54163,0.63901,1.0176,0.69126,0.47244,0.21711,0.89638,1.4405,0.25744,0.33551,0.75337,1.4224,0.13565,0.63442,0.27498,0.27496,0.70835,0.20451,0.18783,0.21547,0.27167,0.56209,0.11709,0.44792,0.10383,0.16384,0.16013,0.16047,0.16117,0.7948,0.18914
1.47,0.3453,0.30067,0.24916,0.36583,0.41734,0.11823,0.83303,0.094949,0.54399,0.63375,1.0068,0.68117,0.46524,0.21991,0.88681,1.407,0.25058,0.32267,0.74065,1.4199,0.13829,0.6313,0.28011,0.26799,0.70746,0.20601,0.18279,0.21882,0.26747,0.54727,0.1171,0.43626,0.10371,0.16128,0.16329,0.16123,0.15834,0.78786,0.18636
1.48,0.34542,0.29752,0.2504,0.36109,0.40643,0.11634,0.82447,0.093048,0.5464,0.62857,0.99638,0.67118,0.45745,0.22208,0.87706,1.3751,0.24378,0.30965,0.72797,1.4187,0.14037,0.62731,0.2835,0.26115,0.70636,0.20672,0.17782,0.22196,0.26335,0.53236,0.11676,0.42231,0.10398,0.15835,0.16592,0.1616,0.15545,0.77942,0.18363
1.49,0.34546,0.29433,0.25156,0.35629,0.39583,0.11446,0.81514,0.092375,0.54869,0.62346,0.98612,0.66273,0.44942,0.22358,0.86715,1.3446,0.23712,0.29656,0.71717,1.4226,0.14177,0.62259,0.28509,0.25428,0.70501,0.2066,0.17291,0.22511,0.25924,0.51769,0.11591,0.40602,0.10458,0.15513,0.16795,0.16171,0.15247,0.76965,0.18108
1.5,0.34541,0.29111,0.2527,0.35141,0.38542,0.11258,0.80737,0.092198,0.55082,0.61842,0.97578,0.66178,0.44173,0.2245,0.85713,1.3153,0.23065,0.28348,0.70998,1.4416,0.14239,0.61725,0.28653,0.24753,0.7034,0.20567,0.16809,0.22924,0.25524,0.5039,0.11446,0.38749,0.10547,0.15178,0.16934,0.16168,0.14939,0.75874,0.17876
1.51,0.34529,0.29454,0.25377,0.34647,0.37531,0.11072,0.82383,0.092475,0.55223,0.61348,0.96535,0.65854,0.43365,0.22476,0.84702,1.2881,0.22459,0.27047,0.70761,1.4613,0.14218,0.61139,0.28928,0.24077,0.70153,0.20397,0.17526,0.23329,0.25126,0.49137,0.11635,0.36916,0.10672,0.14834,0.1701,0.16154,0.14622,0.74682,0.17656
1.52,0.34512,0.30001,0.25478,0.34149,0.36536,0.10888,0.83838,0.093176,0.55309,0.60862,0.95546,0.65299,0.42563,0.22431,0.83688,1.2623,0.2239,0.25761,0.7101,1.4805,0.14106,0.60519,0.2915,0.23418,0.69939,0.20152,0.18261,0.23853,0.24735,0.48052,0.11941,0.35172,0.10816,0.14494,0.17033,0.16134,0.14296,0.73403,0.17452
1.53,0.34488,0.30502,0.25572,0.33646,0.35566,0.10708,0.85104,0.094216,0.55298,0.60385,0.94549,0.64538,0.41815,0.22331,0.82673,1.2384,0.22319,0.24496,0.71657,1.4988,0.13903,0.59882,0.29319,0.22757,0.697,0.19838,0.18947,0.24509,0.2435,0.47179,0.12211,0.33289,0.10967,0.14169,0.17004,0.16098,0.14063,0.7205,0.17265
1.54,0.34456,0.30957,0.25654,0.33136,0.34612,0.10533,0.86178,0.095567,0.55178,0.59916,0.93544,0.63582,0.41063,0.22164,0.81664,1.2161,0.22248,0.25026,0.72521,1.515,0.13611,0.59243,0.29439,0.22116,0.69436,0.19458,0.19578,0.25064,0.23967,0.46554,0.12434,0.31423,0.11115,0.13865,0.17715,0.16033,0.13979,0.70635,0.17079
1.55,0.34418,0.31366,0.25732,0.32621,0.33678,0.10363,0.8706,0.097042,0.54971,0.59455,0.92559,0.6246,0.40322,0.21937,0.80661,1.1957,0.22178,0.25756,0.73367,1.529,0.13638,0.5892,0.29514,0.21479,0.69151,0.19023,0.20147,0.25539,0.23594,0.46202,0.12592,0.30661,0.11256,0.13577,0.18537,0.16246,0.14253,0.69172,0.16895
1.56,0.34373,0.31732,0.25797,0.32101,0.32761,0.10202,0.87753,0.098287,0.54637,0.59002,0.91597,0.6119,0.39639,0.21659,0.7968,1.1768,0.22106,0.2639,0.73975,1.54,0.13729,0.58601,0.2955,0.20851,0.68847,0.18537,0.20649,0.25925,0.23223,0.46138,0.1268,0.29791,0.11387,0.133,0.19392,0.16502,0.14537,0.67666,0.16748
1.57,0.34322,0.32055,0.2585,0.31577,0.31861,0.10056,0.88256,0.099292,0.54178,0.58558,0.90628,0.59784,0.39007,0.21321,0.78714,1.1599,0.22032,0.26902,0.74156,1.5482,0.13765,0.58295,0.29551,0.20241,0.68526,0.18009,0.21083,0.2623,0.22856,0.46379,0.12692,0.28841,0.11509,0.13034,0.20265,0.16705,0.14818,0.66134,0.16687
1.58,0.34265,0.32333,0.25895,0.31049,0.30977,0.099307,0.8857,0.10265,0.53611,0.58121,0.89653,0.58259,0.38436,0.20942,0.7776,1.1444,0.2196,0.27273,0.73806,1.5536,0.13742,0.58007,0.29522,0.19636,0.68187,0.1745,0.21447,0.26466,0.22497,0.46909,0.12636,0.27831,0.11624,0.12777,0.21141,0.16835,0.15099,0.64583,0.16637
1.59,0.34203,0.32568,0.25927,0.30517,0.3011,0.098169,0.88698,0.10611,0.52933,0.5769,0.88718,0.57084,0.38306,0.20515,0.76819,1.1308,0.21885,0.27504,0.72886,1.5566,0.13665,0.5774,0.29465,0.19043,0.67836,0.16866,0.21742,0.26643,0.22139,0.47706,0.12508,0.26775,0.11724,0.12531,0.22002,0.16875,0.15382,0.63023,0.16593
1.6,0.34136,0.32762,0.25944,0.29983,0.29256,0.097105,0.88645,0.10942,0.52138,0.57266,0.87783,0.56257,0.3815,0.2005,0.75892,1.1186,0.2181,0.27603,0.71435,1.5576,0.13539,0.57499,0.29383,0.19282,0.67473,0.16428,0.2197,0.26748,0.21787,0.48745,0.12324,0.25689,0.11805,0.12466,0.22828,0.16819,0.15669,0.61465,0.16552
1.61,0.34063,0.32915,0.25951,0.29449,0.28421,0.096097,0.88416,0.11221,0.51234,0.56847,0.86842,0.55446,0.3804,0.19556,0.74979,1.1077,0.21734,0.2757,0.6955,1.557,0.13376,0.57283,0.2928,0.19443,0.67102,0.16097,0.22131,0.26786,0.21439,0.49994,0.1209,0.25618,0.11859,0.12514,0.23595,0.16666,0.1596,0.59919,0.16514
1.62,0.33986,0.33029,0.25946,0.28913,0.27597,0.095144,0.88021,0.11452,0.50229,0.56434,0.85906,0.5465,0.37943,0.19242,0.7438,1.0984,0.21658,0.27412,0.67358,1.5553,0.13185,0.57086,0.29156,0.19529,0.66727,0.15727,0.22227,0.26762,0.21093,0.51415,0.11825,0.25574,0.11881,0.12504,0.24287,0.16417,0.16251,0.58393,0.16482
1.63,0.33904,0.33106,0.25926,0.28379,0.26793,0.094234,0.87467,0.11595,0.49132,0.56027,0.85003,0.53875,0.37847,0.19108,0.74159,1.101,0.21583,0.27136,0.65,1.553,0.12977,0.56904,0.29014,0.19546,0.66346,0.15541,0.22261,0.26693,0.20754,0.52968,0.11546,0.25498,0.11867,0.12434,0.24886,0.16311,0.16543,0.56896,0.16457
1.64,0.33816,0.33148,0.25894,0.27848,0.26001,0.093371,0.86763,0.11645,0.47951,0.55624,0.84095,0.53125,0.37828,0.18879,0.73885,1.1139,0.21507,0.26749,0.62936,1.5502,0.12762,0.56733,0.28856,0.19499,0.65961,0.15407,0.22234,0.26615,0.20417,0.5461,0.11278,0.25384,0.11821,0.12303,0.2538,0.16278,0.16847,0.55433,0.16424
1.65,0.33725,0.33154,0.25848,0.2732,0.25225,0.092549,0.85918,0.11606,0.47659,0.55226,0.83182,0.52407,0.37818,0.18564,0.73562,1.1263,0.21433,0.26265,0.63661,1.5472,0.12545,0.56565,0.28682,0.19391,0.65574,0.15401,0.22151,0.26594,0.20104,0.56328,0.11027,0.25233,0.11778,0.12111,0.25763,0.16179,0.1716,0.54009,0.16376
1.66,0.33628,0.33127,0.25791,0.26932,0.24466,0.091775,0.8495,0.11496,0.47287,0.54833,0.82283,0.51721,0.37821,0.18184,0.73194,1.138,0.2136,0.25704,0.64249,1.5439,0.12332,0.56391,0.28494,0.19226,0.65186,0.15367,0.22017,0.26546,0.19911,0.58055,0.10785,0.25045,0.11772,0.11858,0.26031,0.1603,0.17471,0.52637,0.16533
1.67,0.33528,0.33067,0.25722,0.26742,0.2372,0.091045,0.83862,0.1133,0.46841,0.54445,0.81406,0.51064,0.37893,0.17758,0.72785,1.149,0.21289,0.2509,0.64699,1.5403,0.12127,0.56206,0.28294,0.19007,0.64798,0.15315,0.21832,0.26465,0.19727,0.59798,0.10551,0.24828,0.11853,0.12027,0.26181,0.15857,0.17777,0.51316,0.172
1.68,0.33423,0.32977,0.25643,0.26544,0.22991,0.090356,0.82656,0.11119,0.4631,0.54063,0.80525,0.50427,0.37993,0.17308,0.72342,1.1593,0.21222,0.24452,0.65014,1.5362,0.11935,0.56007,0.28084,0.18742,0.64411,0.15258,0.21601,0.26344,0.1955,0.61504,0.10322,0.24587,0.11869,0.12269,0.26218,0.15705,0.18076,0.50054,0.17818
1.69,0.33314,0.32859,0.25555,0.2634,0.22279,0.089724,0.81346,0.1149,0.45694,0.53686,0.7964,0.49814,0.38112,0.16845,0.71872,1.1689,0.21266,0.23814,0.65192,1.5315,0.11759,0.55785,0.27866,0.18434,0.64025,0.15205,0.21327,0.2618,0.19378,0.63153,0.1018,0.24332,0.11829,0.12421,0.26143,0.15587,0.18364,0.48904,0.18359
1.7,0.33202,0.32717,0.25458,0.26131,0.21582,0.092858,0.7992,0.11855,0.45003,0.53314,0.78772,0.49219,0.38258,0.1638,0.71371,1.178,0.21419,0.23202,0.65236,1.5257,0.11601,0.55538,0.27641,0.18088,0.63642,0.15163,0.21011,0.25972,0.19217,0.64728,0.10564,0.24077,0.11746,0.12485,0.25953,0.15466,0.18641,0.47861,0.18804
1.71,0.33087,0.32551,0.25356,0.25915,0.20965,0.095721,0.78384,0.12163,0.44252,0.52949,0.77921,0.48647,0.3847,0.15926,0.71785,1.1862,0.21572,0.22638,0.65154,1.5187,0.11461,0.55264,0.27414,0.17713,0.6326,0.15135,0.20659,0.25717,0.19083,0.66224,0.10913,0.23837,0.11673,0.12466,0.25641,0.15323,0.18903,0.46873,0.19141
1.72,0.32968,0.32364,0.25253,0.25697,0.20525,0.098313,0.76777,0.12394,0.43425,0.52591,0.77066,0.48099,0.38697,0.15491,0.72663,1.1971,0.21724,0.22143,0.64952,1.5102,0.1134,0.54965,0.27181,0.1731,0.6288,0.15127,0.2027,0.25415,0.1896,0.67615,0.11232,0.23625,0.1165,0.12388,0.25207,0.15161,0.19148,0.45942,0.19364
1.73,0.32847,0.32158,0.25152,0.25472,0.20087,0.10064,0.75166,0.12539,0.42549,0.52243,0.76209,0.47576,0.38935,0.15084,0.73458,1.2074,0.21877,0.21733,0.64643,1.4999,0.11237,0.54638,0.26949,0.1688,0.62501,0.15138,0.19901,0.25062,0.18839,0.68888,0.11522,0.23453,0.11596,0.12458,0.24659,0.14985,0.19373,0.45068,0.19467
1.74,0.32723,0.31936,0.25065,0.25243,0.19652,0.10278,0.73619,0.12595,0.4162,0.51902,0.7537,0.47091,0.39201,0.14707,0.74181,1.2172,0.22031,0.21422,0.64236,1.4878,0.11151,0.54284,0.26716,0.16427,0.62124,0.15168,0.19828,0.2466,0.1872,0.70034,0.11784,0.23335,0.11483,0.12581,0.2401,0.14803,0.19576,0.44249,0.19451
1.75,0.32596,0.31699,0.25003,0.25011,0.19223,0.10591,0.72206,0.12561,0.40642,0.51569,0.74545,0.4667,0.39514,0.14375,0.74823,1.2262,0.22187,0.21223,0.6375,1.4739,0.11078,0.5391,0.26483,0.15955,0.61749,0.15214,0.19733,0.24333,0.186,0.71046,0.12018,0.23283,0.11381,0.12635,0.23275,0.14619,0.19755,0.4349,0.1932
1.76,0.32467,0.31452,0.24979,0.24773,0.18795,0.10885,0.70942,0.12441,0.39638,0.5125,0.73718,0.4632,0.39827,0.14078,0.75384,1.2346,0.22345,0.21145,0.63196,1.4581,0.11016,0.53517,0.26249,0.15467,0.61375,0.15272,0.19615,0.24034,0.18479,0.71919,0.12226,0.23306,0.1173,0.1262,0.22473,0.14437,0.19909,0.42785,0.19083
1.77,0.32335,0.31199,0.24981,0.24536,0.18371,0.11167,0.69732,0.12318,0.38593,0.50941,0.72889,0.46362,0.40136,0.13823,0.75884,1.2422,0.22504,0.21196,0.62595,1.4406,0.10961,0.53108,0.26017,0.15207,0.61003,0.15338,0.19472,0.23732,0.18354,0.72812,0.12408,0.23411,0.1203,0.12536,0.21616,0.14261,0.20037,0.42133,0.18755
1.78,0.32203,0.31174,0.2498,0.24293,0.17952,0.11546,0.68555,0.12158,0.37536,0.50647,0.72077,0.47147,0.40476,0.13602,0.76299,1.2489,0.22663,0.21382,0.61963,1.4377,0.10909,0.52691,0.25785,0.15064,0.60633,0.15405,0.19306,0.2343,0.1823,0.73873,0.12562,0.23597,0.1227,0.12384,0.20716,0.14092,0.20139,0.41532,0.18353
1.79,0.32069,0.31263,0.24972,0.24049,0.17711,0.11878,0.67426,0.11926,0.36457,0.5037,0.71278,0.48018,0.40831,0.13408,0.76634,1.2549,0.22819,0.21706,0.6132,1.4365,0.10857,0.52267,0.25556,0.14893,0.60264,0.15467,0.19113,0.23179,0.18102,0.74805,0.12684,0.23863,0.12444,0.12168,0.19783,0.1393,0.20215,0.40978,0.17894
1.8,0.31934,0.31328,0.24955,0.23802,0.17526,0.12158,0.66834,0.11633,0.35369,0.50113,0.70478,0.48912,0.41167,0.1324,0.76886,1.2599,0.22973,0.22167,0.60687,1.4339,0.10801,0.51845,0.25327,0.14708,0.59896,0.15518,0.18896,0.22996,0.17971,0.75606,0.12899,0.24198,0.12551,0.12174,0.18831,0.13774,0.20266,0.40468,0.17395
1.81,0.31796,0.31375,0.24933,0.23555,0.1734,0.12384,0.66855,0.11291,0.34286,0.4988,0.69677,0.49818,0.41487,0.13083,0.77065,1.264,0.23123,0.22763,0.62414,1.4302,0.10737,0.51425,0.25098,0.1451,0.59529,0.15552,0.18654,0.22806,0.17839,0.76278,0.1314,0.2459,0.12592,0.12191,0.17872,0.1362,0.20463,0.39998,0.16867
1.82,0.31657,0.31406,0.24902,0.23304,0.17157,0.12554,0.66859,0.10915,0.33199,0.49671,0.68896,0.50736,0.41847,0.12937,0.77152,1.2672,0.23266,0.23483,0.64825,1.4254,0.10662,0.51018,0.24866,0.14306,0.59271,0.15566,0.18387,0.226,0.17702,0.76825,0.13338,0.25027,0.12568,0.12187,0.16926,0.13468,0.20653,0.39564,0.16323
1.83,0.31519,0.31423,0.24865,0.23055,0.16975,0.12667,0.66846,0.10518,0.32122,0.49481,0.68124,0.51667,0.42174,0.12792,0.77174,1.2693,0.23401,0.24314,0.6709,1.4194,0.10572,0.50624,0.2463,0.14089,0.59094,0.15553,0.18098,0.22371,0.17564,0.77252,0.13488,0.25491,0.12483,0.12158,0.16011,0.13316,0.2081,0.3916,0.15775
1.84,0.31381,0.31424,0.24822,0.22801,0.16794,0.12726,0.66817,0.10135,0.31073,0.49306,0.67351,0.52601,0.42463,0.12644,0.77119,1.2706,0.23526,0.25241,0.69193,1.4125,0.10466,0.50246,0.24391,0.13862,0.58915,0.15512,0.17789,0.22114,0.17423,0.77563,0.13587,0.25966,0.12345,0.12107,0.15148,0.1316,0.20933,0.38786,0.1523
1.85,0.31242,0.31413,0.24772,0.2255,0.16614,0.12733,0.66771,0.097647,0.30044,0.49143,0.66579,0.53525,0.42785,0.12495,0.76983,1.271,0.23641,0.26246,0.71116,1.4047,0.10339,0.49891,0.24152,0.13621,0.58735,0.1544,0.17463,0.21838,0.17278,0.77764,0.13635,0.26432,0.12168,0.12034,0.14733,0.13002,0.21023,0.38432,0.147
1.86,0.31104,0.31392,0.24717,0.22296,0.16434,0.12755,0.66706,0.094386,0.29041,0.4899,0.65831,0.54429,0.43069,0.12336,0.76771,1.2703,0.23744,0.2731,0.72849,1.396,0.1019,0.49557,0.23912,0.13373,0.58553,0.15333,0.17122,0.2154,0.17132,0.77858,0.13634,0.26877,0.11962,0.11941,0.14505,0.12846,0.21082,0.38098,0.14192
1.87,0.30966,0.31363,0.24654,0.22044,0.16257,0.1282,0.66623,0.092888,0.28073,0.48847,0.65086,0.55311,0.43302,0.12175,0.76498,1.2686,0.23835,0.28415,0.74382,1.3865,0.1006,0.49246,0.23676,0.13115,0.58369,0.1519,0.16768,0.21216,0.16984,0.7785,0.13582,0.27287,0.11728,0.11833,0.14237,0.12696,0.21111,0.37779,0.14118
1.88,0.3083,0.3132,0.24585,0.21791,0.1608,0.12858,0.66521,0.091936,0.27144,0.4871,0.64341,0.56164,0.43567,0.12269,0.76163,1.2659,0.23915,0.29541,0.75711,1.3762,0.099106,0.48957,0.23443,0.12855,0.58182,0.15115,0.16401,0.20882,0.16833,0.77743,0.13482,0.2766,0.11534,0.11716,0.13931,0.12553,0.21111,0.3747,0.14076
1.89,0.30696,0.31261,0.24513,0.21538,0.15905,0.12869,0.66407,0.090915,0.2626,0.48581,0.63603,0.56994,0.43778,0.12525,0.75766,1.2621,0.23983,0.30667,0.76834,1.3651,0.097394,0.48693,0.23219,0.1259,0.57993,0.15346,0.16023,0.20531,0.16681,0.77545,0.13342,0.27993,0.11318,0.11611,0.1359,0.12414,0.21087,0.37232,0.14031
1.9,0.30566,0.31177,0.24437,0.21286,0.15731,0.12855,0.66275,0.089936,0.25424,0.48457,0.62885,0.57795,0.43955,0.12801,0.7531,1.2574,0.2404,0.31773,0.77753,1.3532,0.095493,0.48449,0.23004,0.12324,0.57802,0.15555,0.15633,0.20171,0.16529,0.77262,0.13165,0.28266,0.11074,0.11524,0.13222,0.12271,0.21039,0.37025,0.13982
1.91,0.3044,0.31063,0.24357,0.21032,0.15558,0.12816,0.66127,0.088929,0.24639,0.4834,0.62167,0.58569,0.44136,0.13098,0.748,1.2517,0.24086,0.3284,0.78473,1.3405,0.093445,0.48225,0.22799,0.12055,0.57608,0.15744,0.15232,0.19811,0.16377,0.76901,0.1296,0.28469,0.10811,0.11442,0.12831,0.12119,0.2097,0.36823,0.14229
1.92,0.30317,0.30922,0.24274,0.20782,0.15386,0.12754,0.65964,0.087909,0.23909,0.48225,0.61449,0.59317,0.4425,0.13411,0.74243,1.2449,0.24122,0.33849,0.79004,1.3271,0.091304,0.48017,0.22609,0.11782,0.57412,0.1591,0.14819,0.19448,0.16228,0.76469,0.12735,0.28604,0.10532,0.11549,0.12424,0.11955,0.20883,0.36623,0.14448
1.93,0.30199,0.3076,0.24186,0.20532,0.15215,0.1267,0.65786,0.086894,0.23235,0.48115,0.60749,0.60035,0.4439,0.13733,0.7364,1.237,0.24146,0.34783,0.79356,1.313,0.089129,0.47822,0.22433,0.11505,0.57215,0.16053,0.14394,0.19077,0.1608,0.75977,0.12498,0.28673,0.10245,0.11827,0.12009,0.1178,0.20779,0.36422,0.14624
1.94,0.30085,0.30583,0.24092,0.20281,0.15047,0.12565,0.65597,0.087455,0.22619,0.48006,0.60057,0.60729,0.44465,0.14063,0.72997,1.2282,0.2416,0.35623,0.79546,1.2981,0.086977,0.47639,0.22277,0.11226,0.57017,0.16176,0.13956,0.18695,0.15932,0.75423,0.12258,0.28689,0.099517,0.12065,0.1165,0.11591,0.2066,0.36218,0.14762
1.95,0.29976,0.30389,0.23995,0.20034,0.14878,0.1244,0.65395,0.088136,0.22061,0.47898,0.59366,0.61396,0.44564,0.14396,0.72318,1.2185,0.24163,0.36362,0.79577,1.2826,0.084943,0.47465,0.22139,0.10944,0.56818,0.16278,0.13506,0.18312,0.15783,0.74812,0.12023,0.28651,0.096541,0.12259,0.11729,0.11392,0.20531,0.36007,0.14862
1.96,0.29872,0.30174,0.23893,0.20328,0.14712,0.12297,0.65178,0.088888,0.2156,0.47789,0.58678,0.62034,0.44634,0.14729,0.71607,1.2081,0.24158,0.36986,0.79459,1.2665,0.086613,0.47295,0.22022,0.10659,0.5662,0.16361,0.13044,0.1792,0.15633,0.74146,0.11804,0.2854,0.093535,0.12406,0.11831,0.11182,0.2039,0.35789,0.14923
1.97,0.29774,0.29938,0.23785,0.2062,0.14546,0.12137,0.64949,0.089577,0.21117,0.47679,0.5801,0.62649,0.44692,0.15062,0.70865,1.1967,0.24143,0.37491,0.79205,1.2498,0.088398,0.47126,0.21927,0.10376,0.56422,0.16425,0.12572,0.17521,0.1548,0.7343,0.11608,0.28361,0.091283,0.12505,0.11942,0.10964,0.20244,0.35561,0.14943
1.98,0.29682,0.29686,0.23673,0.20894,0.14382,0.11964,0.64705,0.090144,0.2073,0.47568,0.57344,0.63237,0.44765,0.15392,0.70094,1.1844,0.24118,0.37872,0.78823,1.2326,0.090259,0.46955,0.21855,0.10125,0.56225,0.1647,0.12091,0.17124,0.15327,0.72667,0.11447,0.28116,0.090111,0.1256,0.12052,0.10739,0.20092,0.35321,0.14921
1.99,0.29597,0.29418,0.23557,0.21152,0.14219,0.11778,0.64452,0.090637,0.20404,0.47455,0.56679,0.63796,0.44846,0.15715,0.69301,1.1712,0.24079,0.38133,0.78327,1.2149,0.09216,0.46782,0.21805,0.099943,0.56029,0.16499,0.11604,0.16723,0.15172,0.71859,0.11325,0.278,0.089003,0.12571,0.12153,0.1051,0.1994,0.35069,0.14853
2,0.29518,0.29136,0.23943,0.21395,0.14057,0.11582,0.64189,0.090988,0.20134,0.47637,0.56025,0.64327,0.44937,0.16029,0.68488,1.1574,0.24025,0.38272,0.77727,1.1969,0.094065,0.46602,0.21779,0.098632,0.55835,0.16512,0.11113,0.16319,0.15015,0.71014,0.11247,0.27417,0.087995,0.12546,0.1224,0.1028,0.19791,0.34805,0.14738
2.01,0.29445,0.28847,0.24408,0.21625,0.13898,0.11379,0.63914,0.091159,0.19914,0.47804,0.55383,0.6483,0.45043,0.16331,0.67659,1.1429,0.23953,0.38294,0.77034,1.1784,0.09594,0.46413,0.21774,0.097363,0.55641,0.16509,0.10622,0.15919,0.14858,0.70138,0.11216,0.26983,0.087052,0.12487,0.1231,0.10052,0.19648,0.34524,0.14573
2.02,0.29379,0.28548,0.24853,0.21843,0.13739,0.11171,0.63627,0.091286,0.19742,0.47961,0.54742,0.65305,0.45167,0.1662,0.66819,1.1277,0.2386,0.382,0.7626,1.1597,0.097751,0.46215,0.21792,0.096099,0.5545,0.16491,0.1015,0.15517,0.14699,0.69228,0.11231,0.26507,0.087002,0.12401,0.1236,0.098276,0.19513,0.3423,0.14358
2.03,0.29318,0.28237,0.25279,0.22049,0.13582,0.1096,0.6333,0.091269,0.19615,0.48109,0.54102,0.65751,0.45304,0.169,0.6597,1.1119,0.23746,0.37996,0.75416,1.1407,0.099468,0.46005,0.2183,0.094873,0.55658,0.1646,0.10156,0.15119,0.14539,0.68287,0.11288,0.25997,0.087308,0.12293,0.12389,0.096154,0.19387,0.33921,0.14405
2.04,0.29263,0.27912,0.25684,0.22243,0.13425,0.10749,0.63024,0.091158,0.19535,0.48246,0.5348,0.66167,0.45444,0.17164,0.65115,1.0955,0.23608,0.37685,0.74516,1.1215,0.10107,0.45783,0.21887,0.095233,0.55996,0.16415,0.10158,0.14728,0.14413,0.67317,0.11385,0.25469,0.087329,0.12171,0.12396,0.097596,0.1927,0.33595,0.14441
2.05,0.29212,0.27568,0.26072,0.22425,0.13271,0.10539,0.62711,0.091047,0.19497,0.48375,0.52863,0.66554,0.45571,0.17408,0.64257,1.0787,0.23449,0.37272,0.73565,1.1022,0.10254,0.45548,0.21962,0.096579,0.56321,0.16358,0.10158,0.14343,0.14297,0.6633,0.11515,0.2493,0.087085,0.12041,0.12381,0.099172,0.19165,0.33255,0.14435
2.06,0.29165,0.27209,0.2644,0.22595,0.13118,0.10333,0.62388,0.090876,0.19494,0.48496,0.52247,0.6691,0.45707,0.17639,0.63406,1.0613,0.23265,0.36766,0.72579,1.0826,0.10385,0.45298,0.22053,0.097638,0.56631,0.16287,0.10155,0.13973,0.14178,0.65332,0.11672,0.24379,0.086613,0.11909,0.12345,0.10095,0.19072,0.32899,0.14383
2.07,0.2912,0.26832,0.2679,0.22753,0.12965,0.10133,0.62055,0.090688,0.19524,0.4861,0.51636,0.67237,0.4582,0.17853,0.62555,1.0434,0.23057,0.36178,0.71561,1.063,0.10499,0.45038,0.22157,0.098426,0.56928,0.16203,0.10149,0.13621,0.14056,0.64316,0.11849,0.24251,0.085953,0.1178,0.12288,0.10297,0.18989,0.32528,0.14289
2.08,0.29077,0.26442,0.27122,0.22899,0.12815,0.099407,0.61714,0.090598,0.19581,0.4872,0.51042,0.67533,0.45886,0.18045,0.61704,1.025,0.23075,0.35518,0.7052,1.0431,0.10594,0.44763,0.22272,0.09897,0.57266,0.16107,0.10141,0.13281,0.13933,0.63287,0.12041,0.24142,0.085148,0.11662,0.12212,0.10525,0.18916,0.32144,0.14153
2.09,0.29034,0.26038,0.27437,0.23035,0.12665,0.097573,0.61363,0.090561,0.19664,0.48825,0.50449,0.678,0.45966,0.18221,0.60854,1.015,0.23161,0.348,0.69463,1.0232,0.10672,0.44479,0.22398,0.099308,0.57811,0.15997,0.1013,0.12948,0.13805,0.62268,0.1224,0.2398,0.084257,0.11559,0.12119,0.1078,0.18852,0.31744,0.13981
2.1,0.28991,0.25626,0.27733,0.23162,0.12517,0.095837,0.61006,0.090627,0.19769,0.48929,0.49858,0.68039,0.45983,0.18378,0.60007,1.0051,0.23247,0.34036,0.68397,1.003,0.1073,0.44182,0.2253,0.099482,0.58317,0.15876,0.10118,0.12618,0.13677,0.6124,0.12465,0.23766,0.08334,0.11473,0.12012,0.11059,0.18795,0.31331,0.13779
2.11,0.28948,0.25213,0.28013,0.2328,0.12371,0.094219,0.60642,0.09085,0.19895,0.49033,0.49276,0.6825,0.45993,0.18511,0.59162,0.99472,0.23334,0.33239,0.67326,0.98278,0.10768,0.43877,0.22667,0.099509,0.58781,0.15741,0.10105,0.12295,0.13544,0.60212,0.12737,0.23508,0.082462,0.1141,0.11893,0.11358,0.18745,0.30906,0.1355
2.12,0.28903,0.24803,0.28274,0.2339,0.12225,0.092717,0.60269,0.091326,0.20036,0.49138,0.48706,0.68433,0.4596,0.18632,0.58329,0.98393,0.23421,0.32421,0.66254,0.96229,0.10789,0.43562,0.22806,0.099357,0.59208,0.15596,0.1009,0.11975,0.13411,0.59197,0.1301,0.23211,0.081685,0.11367,0.11768,0.11673,0.18702,0.30468,0.13308
2.13,0.28857,0.24397,0.2852,0.23494,0.12081,0.091345,0.59888,0.092072,0.20189,0.49247,0.48137,0.68589,0.45898,0.18728,0.57503,0.97273,0.2351,0.31593,0.65183,0.94165,0.10792,0.4324,0.22946,0.098992,0.59595,0.15439,0.10075,0.11662,0.13331,0.58177,0.13279,0.22884,0.081066,0.11346,0.11639,0.11999,0.18664,0.301,0.13058
2.14,0.28808,0.24146,0.28748,0.2359,0.11939,0.090098,0.595,0.093105,0.2035,0.49359,0.4757,0.68718,0.45815,0.18807,0.56683,0.96114,0.23598,0.30764,0.6412,0.92073,0.10777,0.42913,0.23084,0.098865,0.59947,0.15273,0.10059,0.1135,0.13294,0.57184,0.13539,0.22533,0.080644,0.11345,0.11512,0.12328,0.18633,0.29801,0.12813
2.15,0.28759,0.24009,0.28961,0.23679,0.11797,0.088982,0.59106,0.094435,0.20517,0.49471,0.47016,0.68821,0.45682,0.18867,0.55868,0.94918,0.23688,0.29943,0.63063,0.89961,0.10746,0.42579,0.23219,0.099714,0.60262,0.15097,0.10042,0.11048,0.13257,0.56191,0.13787,0.22165,0.080441,0.1136,0.11391,0.12657,0.18606,0.29487,0.12581
2.16,0.28709,0.23869,0.29157,0.23762,0.11657,0.087996,0.58707,0.096038,0.20688,0.49581,0.46469,0.689,0.45551,0.18906,0.55059,0.93687,0.23778,0.29134,0.62017,0.8782,0.10701,0.42243,0.23347,0.10037,0.60545,0.14911,0.10024,0.10749,0.13219,0.55223,0.14021,0.21786,0.080456,0.11386,0.11283,0.12981,0.18585,0.29161,0.12373
2.17,0.28657,0.23724,0.29338,0.2384,0.11518,0.087136,0.58301,0.097928,0.20859,0.49684,0.45924,0.68954,0.45359,0.18929,0.5426,0.92421,0.2387,0.28343,0.60979,0.85652,0.10642,0.41904,0.23469,0.10084,0.60794,0.14717,0.10004,0.10455,0.13179,0.54269,0.14238,0.21401,0.080663,0.11421,0.11191,0.13295,0.18567,0.28823,0.12193
2.18,0.28604,0.23575,0.29503,0.23911,0.1138,0.086396,0.57888,0.09999,0.21029,0.49779,0.45381,0.68984,0.45278,0.18931,0.53468,0.91122,0.23962,0.27573,0.59952,0.83462,0.1057,0.41563,0.23583,0.10114,0.61012,0.14513,0.099834,0.10168,0.13138,0.53336,0.14434,0.21017,0.081014,0.11457,0.1112,0.13593,0.18601,0.28663,0.12047
2.19,0.28549,0.23422,0.29652,0.23976,0.11244,0.085771,0.57469,0.10209,0.21197,0.49863,0.44854,0.68991,0.45297,0.18957,0.52681,0.89802,0.24056,0.26827,0.58933,0.81245,0.10489,0.41224,0.23686,0.10129,0.61198,0.14302,0.099611,0.098901,0.13095,0.52426,0.14607,0.20839,0.081445,0.11491,0.11072,0.13871,0.18648,0.28565,0.11936
2.2,0.28492,0.23267,0.29785,0.24033,0.11109,0.085257,0.57044,0.10426,0.21361,0.49938,0.4433,0.68977,0.45272,0.19223,0.51897,0.88454,0.24151,0.27553,0.57925,0.79006,0.10399,0.40884,0.23778,0.10131,0.61354,0.14082,0.09937,0.096179,0.13051,0.51536,0.14758,0.20747,0.081879,0.11516,0.11051,0.14124,0.18701,0.28451,0.11861
2.21,0.28435,0.23108,0.29903,0.24083,0.10975,0.084843,0.56614,0.10626,0.21519,0.49999,0.43808,0.68944,0.4523,0.19479,0.51116,0.87076,0.24247,0.28312,0.56923,0.76751,0.103,0.40547,0.23858,0.1012,0.61479,0.13856,0.099113,0.093525,0.13005,0.50673,0.14886,0.20659,0.082235,0.11528,0.11058,0.14349,0.1876,0.28321,0.11991
2.22,0.28375,0.22945,0.30004,0.24126,0.10842,0.084521,0.56178,0.10812,0.21669,0.50047,0.43291,0.68892,0.45174,0.19786,0.50338,0.85667,0.24344,0.28969,0.55928,0.74486,0.10195,0.40213,0.23924,0.101,0.61572,0.13624,0.098836,0.090943,0.12959,0.49831,0.14988,0.20554,0.082437,0.11525,0.11092,0.1454,0.18824,0.28175,0.12199
2.23,0.28314,0.22781,0.30088,0.24161,0.1071,0.084282,0.55735,0.10971,0.21809,0.50085,0.42787,0.68819,0.45073,0.20047,0.49562,0.84232,0.24442,0.2953,0.54937,0.73047,0.10087,0.39882,0.23977,0.10068,0.61637,0.13386,0.098539,0.088439,0.12913,0.49016,0.15067,0.20586,0.083324,0.11501,0.11154,0.14697,0.18892,0.28015,0.12387
2.24,0.28252,0.22614,0.30156,0.24188,0.1058,0.084117,0.55286,0.11096,0.21937,0.50108,0.42285,0.68729,0.44986,0.20264,0.48789,0.82792,0.24542,0.29995,0.53949,0.71642,0.099745,0.39556,0.24016,0.10025,0.61671,0.13144,0.098217,0.086017,0.12864,0.48224,0.15124,0.20628,0.084885,0.11455,0.1124,0.14817,0.18963,0.27842,0.12554
2.25,0.28189,0.22444,0.30207,0.24208,0.10451,0.084019,0.54834,0.11188,0.22053,0.50117,0.41785,0.68619,0.44848,0.20431,0.48023,0.81324,0.24642,0.30363,0.52963,0.70199,0.098598,0.39234,0.2404,0.099716,0.61675,0.12897,0.097871,0.083685,0.12836,0.47457,0.15159,0.20672,0.086257,0.11383,0.11349,0.14899,0.19036,0.27656,0.127
2.26,0.28123,0.22272,0.30244,0.24221,0.10322,0.083979,0.54375,0.11251,0.22161,0.50111,0.41296,0.68493,0.44713,0.20556,0.47305,0.7983,0.24743,0.30631,0.51977,0.68721,0.097436,0.39377,0.2405,0.099086,0.61651,0.12646,0.097501,0.081448,0.12812,0.46715,0.15172,0.20723,0.087387,0.11285,0.11476,0.14944,0.19111,0.27459,0.12826
2.27,0.28056,0.22098,0.30264,0.24226,0.10195,0.083987,0.53911,0.11278,0.22256,0.50095,0.40813,0.6835,0.44547,0.2064,0.46792,0.78336,0.24845,0.30799,0.50992,0.67217,0.096269,0.39978,0.24045,0.098362,0.616,0.12392,0.097102,0.079297,0.12785,0.45997,0.15167,0.20777,0.088235,0.1116,0.11617,0.14956,0.19187,0.2725,0.12932
2.28,0.27987,0.21923,0.30269,0.24225,0.10069,0.084039,0.53441,0.11275,0.22337,0.50065,0.40333,0.68194,0.44363,0.2069,0.46282,0.76824,0.24948,0.30871,0.50004,0.65689,0.095114,0.40525,0.24024,0.097549,0.6152,0.12138,0.096675,0.077234,0.12754,0.45305,0.15143,0.20882,0.088773,0.11007,0.11769,0.14938,0.19261,0.27033,0.13019
2.29,0.27917,0.21747,0.30258,0.24218,0.099442,0.084127,0.5297,0.11244,0.22403,0.50021,0.39857,0.68022,0.4417,0.2071,0.45774,0.7529,0.2505,0.30849,0.49013,0.64144,0.093973,0.41019,0.23989,0.096656,0.61413,0.119,0.096219,0.075261,0.1272,0.44636,0.15105,0.21151,0.088984,0.10829,0.11929,0.14893,0.19334,0.26808,0.13086
2.3,0.27846,0.2157,0.30233,0.24207,0.098202,0.084242,0.52493,0.11196,0.22453,0.49965,0.39393,0.67835,0.43946,0.207,0.45263,0.73767,0.25152,0.30741,0.48016,0.6259,0.092847,0.4146,0.23939,0.095692,0.61282,0.11659,0.095905,0.073378,0.12684,0.43991,0.15052,0.21358,0.088858,0.10625,0.12091,0.14826,0.19405,0.26577,0.13136
2.31,0.27773,0.21392,0.30193,0.24193,0.096977,0.084386,0.52013,0.11131,0.22494,0.4996,0.38931,0.67636,0.43726,0.20656,0.4475,0.72224,0.25254,0.30557,0.47012,0.61033,0.091741,0.41852,0.23876,0.094667,0.61128,0.11417,0.095834,0.072579,0.12643,0.43368,0.14988,0.21497,0.088392,0.10398,0.12253,0.14738,0.19472,0.26341,0.1317
2.32,0.27699,0.21213,0.30139,0.24177,0.095758,0.084547,0.51529,0.1105,0.2252,0.50495,0.38472,0.67426,0.43468,0.20574,0.44239,0.70684,0.25355,0.30305,0.45998,0.59484,0.090658,0.42197,0.238,0.093592,0.60951,0.11173,0.095754,0.072374,0.12598,0.42767,0.14913,0.21576,0.087597,0.10271,0.12413,0.14635,0.19535,0.261,0.13189
2.33,0.27624,0.21034,0.30072,0.24163,0.094548,0.084728,0.51043,0.10957,0.22529,0.50992,0.38024,0.67204,0.43224,0.20451,0.4373,0.69142,0.25475,0.29993,0.44976,0.57949,0.0896,0.42498,0.23711,0.092476,0.60754,0.1093,0.095666,0.072179,0.12548,0.42189,0.14831,0.21591,0.086503,0.10278,0.12566,0.14521,0.19593,0.25858,0.13195
2.34,0.27548,0.20855,0.29993,0.24214,0.093355,0.084921,0.50556,0.10865,0.22521,0.51452,0.3758,0.67127,0.42933,0.20285,0.43218,0.67595,0.25669,0.29632,0.43943,0.56437,0.088569,0.42759,0.23609,0.091329,0.60538,0.10686,0.095569,0.071995,0.12493,0.41627,0.14738,0.21546,0.085141,0.10264,0.12711,0.14398,0.19646,0.25615,0.13188
2.35,0.27471,0.20676,0.29904,0.24256,0.092168,0.085127,0.50068,0.10767,0.22503,0.51876,0.37138,0.67703,0.42663,0.20076,0.42704,0.66061,0.25819,0.29231,0.429,0.54961,0.087564,0.42985,0.23497,0.090161,0.60302,0.10443,0.095462,0.071822,0.12432,0.4109,0.14703,0.21442,0.083558,0.1023,0.12845,0.14269,0.19692,0.25371,0.1317
2.36,0.27393,0.20496,0.29806,0.24291,0.090988,0.085342,0.49579,0.10663,0.22471,0.52265,0.36708,0.68247,0.4235,0.1983,0.42189,0.6452,0.25927,0.288,0.41848,0.53523,0.086587,0.43178,0.23374,0.088989,0.60051,0.10201,0.095347,0.071658,0.12365,0.40568,0.14756,0.2128,0.081799,0.10178,0.12967,0.14136,0.19731,0.2513,0.13142
2.37,0.27315,0.20316,0.29701,0.24319,0.089824,0.085565,0.49089,0.10566,0.22423,0.52619,0.36281,0.6876,0.42045,0.19551,0.41679,0.63,0.2599,0.28348,0.41389,0.52133,0.085636,0.4334,0.23242,0.087811,0.59781,0.099601,0.095222,0.071503,0.12294,0.40064,0.14817,0.21064,0.079917,0.1011,0.13074,0.13999,0.19764,0.24959,0.13107
2.38,0.27236,0.20136,0.29593,0.2434,0.088669,0.085799,0.48599,0.10466,0.22359,0.52942,0.35856,0.69242,0.41711,0.19238,0.41166,0.61476,0.26009,0.27887,0.41492,0.50798,0.08471,0.43475,0.23102,0.086639,0.59494,0.09721,0.095088,0.071347,0.12219,0.39577,0.14884,0.20797,0.077968,0.10027,0.13165,0.13859,0.19788,0.25186,0.13064
2.39,0.27156,0.19956,0.29482,0.24355,0.08752,0.086038,0.48107,0.10371,0.22288,0.53238,0.35443,0.69694,0.41368,0.19062,0.4065,0.60238,0.26046,0.27428,0.41589,0.49525,0.083811,0.43583,0.22954,0.085482,0.59194,0.094844,0.094944,0.071201,0.12138,0.39102,0.14961,0.20487,0.076007,0.099332,0.13237,0.13714,0.19805,0.25386,0.13017
2.4,0.27076,0.19776,0.29369,0.24361,0.086573,0.086285,0.47615,0.10281,0.22201,0.53505,0.35033,0.70115,0.41014,0.1897,0.40132,0.5929,0.26141,0.2698,0.41679,0.48317,0.082936,0.43666,0.22801,0.084348,0.58877,0.092506,0.094791,0.071052,0.12054,0.38644,0.15044,0.20849,0.074094,0.098293,0.13291,0.13564,0.19813,0.2556,0.12967
2.41,0.26994,0.19596,0.29253,0.2436,0.086508,0.08654,0.47122,0.10242,0.22099,0.5375,0.34626,0.70506,0.40632,0.18855,0.39614,0.58349,0.26235,0.2655,0.41758,0.47179,0.082083,0.43724,0.22643,0.083246,0.58548,0.090198,0.094628,0.070897,0.11965,0.38197,0.15136,0.21279,0.072287,0.097173,0.13325,0.13406,0.19814,0.25712,0.12916
2.42,0.26912,0.19416,0.29136,0.24352,0.086424,0.086802,0.46628,0.10299,0.21991,0.53971,0.34228,0.70868,0.4026,0.18716,0.39096,0.57421,0.26328,0.26145,0.41827,0.46116,0.08125,0.43755,0.22482,0.082181,0.58209,0.087926,0.094455,0.070752,0.11873,0.37758,0.15235,0.21764,0.070643,0.095986,0.13337,0.13241,0.19806,0.25843,0.12869
2.43,0.26829,0.19235,0.29018,0.24335,0.086315,0.087072,0.46134,0.10366,0.21868,0.54171,0.33833,0.71203,0.40009,0.18555,0.38585,0.56505,0.2642,0.25767,0.41882,0.45128,0.080435,0.43759,0.2232,0.081157,0.57864,0.086302,0.094273,0.070603,0.11793,0.37334,0.15341,0.22288,0.069217,0.094738,0.13328,0.13065,0.19826,0.25954,0.12838
2.44,0.26745,0.19055,0.28899,0.24312,0.086182,0.087351,0.4564,0.10439,0.21733,0.54351,0.3344,0.71511,0.39841,0.18372,0.38368,0.55597,0.26511,0.25419,0.41924,0.44215,0.079637,0.43736,0.22157,0.080178,0.57513,0.086804,0.09408,0.070446,0.11731,0.36917,0.15455,0.22837,0.068057,0.093443,0.13297,0.12879,0.19856,0.26062,0.12825
2.45,0.26661,0.18874,0.28778,0.24282,0.086027,0.087638,0.45146,0.10522,0.21592,0.54512,0.33058,0.71793,0.39649,0.18172,0.38151,0.54695,0.26602,0.25102,0.4195,0.43376,0.078855,0.44043,0.21996,0.079244,0.57157,0.087174,0.093878,0.070283,0.11669,0.36504,0.15574,0.23396,0.067198,0.092106,0.1327,0.12681,0.1988,0.26169,0.1282
2.46,0.26629,0.18693,0.28653,0.24246,0.085852,0.087934,0.44654,0.1062,0.21438,0.54654,0.32678,0.72049,0.39466,0.17958,0.38024,0.53812,0.26692,0.24811,0.4196,0.42611,0.078088,0.4438,0.21836,0.078354,0.56796,0.087428,0.093667,0.070118,0.11607,0.36104,0.15698,0.23951,0.06774,0.09073,0.1332,0.12473,0.19898,0.26251,0.12819
2.47,0.26614,0.18512,0.28613,0.24205,0.085653,0.088241,0.44165,0.1072,0.21271,0.54779,0.323,0.72278,0.39273,0.17795,0.37946,0.52937,0.26783,0.24544,0.41953,0.41915,0.077336,0.44615,0.21679,0.077504,0.56484,0.087573,0.093446,0.069959,0.11544,0.35706,0.15828,0.24492,0.068441,0.08932,0.13347,0.12253,0.19911,0.26312,0.12815
2.48,0.26593,0.1833,0.28669,0.24158,0.08556,0.088634,0.43681,0.10816,0.21101,0.5489,0.31926,0.72482,0.39063,0.17659,0.37871,0.52068,0.26873,0.24296,0.41928,0.41286,0.076596,0.44755,0.21526,0.076689,0.56235,0.08762,0.093213,0.069793,0.1148,0.35309,0.15962,0.25013,0.069203,0.087885,0.13352,0.12023,0.19917,0.26353,0.12808
2.49,0.26566,0.18148,0.28729,0.24107,0.085809,0.089828,0.43209,0.10905,0.20919,0.54986,0.3156,0.7266,0.38867,0.17516,0.378,0.51218,0.26964,0.24059,0.41885,0.40718,0.07587,0.44806,0.21377,0.075899,0.5598,0.087585,0.09297,0.069618,0.11417,0.34922,0.16098,0.25507,0.070002,0.08643,0.13332,0.11784,0.19919,0.26374,0.12821
2.5,0.26535,0.17966,0.28794,0.24049,0.086041,0.090945,0.42752,0.10976,0.20726,0.55072,0.31197,0.72811,0.38651,0.17366,0.37728,0.50376,0.27053,0.23826,0.41823,0.40207,0.075157,0.44773,0.21234,0.075155,0.55717,0.087576,0.092714,0.069435,0.11353,0.34535,0.16239,0.25972,0.070814,0.084965,0.13288,0.11614,0.19915,0.26377,0.12949
2.51,0.26497,0.17784,0.28865,0.23984,0.086258,0.091971,0.42308,0.11036,0.20528,0.55149,0.30836,0.72934,0.3842,0.17208,0.37657,0.49543,0.27141,0.23639,0.41741,0.39747,0.074733,0.44657,0.21098,0.074431,0.55448,0.088855,0.092451,0.069245,0.1129,0.34147,0.16382,0.26405,0.071607,0.083493,0.1322,0.11481,0.19905,0.26362,0.13059
2.52,0.26454,0.17602,0.28943,0.23914,0.086461,0.092898,0.41877,0.11075,0.20323,0.55222,0.30478,0.73031,0.38203,0.17044,0.3759,0.48727,0.27227,0.23597,0.41641,0.39332,0.076477,0.44463,0.2097,0.073741,0.55172,0.089984,0.092176,0.069049,0.11226,0.33765,0.16527,0.26803,0.072346,0.08201,0.13132,0.11337,0.1989,0.26331,0.13149
2.53,0.26404,0.1742,0.29023,0.23837,0.08665,0.093722,0.41459,0.1109,0.20108,0.55292,0.30126,0.73103,0.37966,0.16871,0.37522,0.47917,0.27312,0.23537,0.41521,0.38956,0.078198,0.44193,0.20851,0.073074,0.54892,0.090967,0.09189,0.06886,0.11162,0.33381,0.16673,0.27168,0.072992,0.080512,0.13026,0.11187,0.19868,0.26311,0.13223
2.54,0.2635,0.17238,0.291,0.23755,0.086824,0.094431,0.41145,0.11088,0.19888,0.55359,0.29779,0.73149,0.37709,0.16691,0.37452,0.47124,0.27395,0.23454,0.41383,0.38613,0.079887,0.43855,0.20743,0.072433,0.54607,0.091812,0.091591,0.068663,0.11098,0.32994,0.16819,0.27502,0.073509,0.079002,0.12905,0.1103,0.1984,0.2629,0.13277
2.55,0.26288,0.17056,0.29165,0.23668,0.086984,0.095025,0.41658,0.11062,0.19664,0.55424,0.29434,0.73169,0.37469,0.16504,0.37388,0.46339,0.27475,0.23343,0.41226,0.38298,0.08154,0.43452,0.20646,0.071812,0.54317,0.092524,0.091284,0.068457,0.11033,0.32642,0.16967,0.27809,0.074119,0.077483,0.12771,0.10871,0.19805,0.26261,0.13313
2.56,0.26222,0.16874,0.29217,0.23577,0.087129,0.095497,0.42152,0.11011,0.19433,0.55483,0.29092,0.73165,0.37213,0.16312,0.37322,0.45569,0.27553,0.232,0.41051,0.38005,0.083151,0.42997,0.20561,0.071214,0.54022,0.093115,0.090965,0.068242,0.10969,0.32449,0.17113,0.28085,0.075114,0.07596,0.12627,0.10708,0.19765,0.26222,0.13331
2.57,0.26149,0.16693,0.29255,0.23483,0.087259,0.095842,0.42626,0.10938,0.19196,0.55533,0.28752,0.73137,0.36939,0.16113,0.37253,0.44808,0.27627,0.23022,0.40858,0.37728,0.084715,0.42498,0.20486,0.070629,0.53723,0.093586,0.090635,0.068018,0.10904,0.32257,0.17258,0.28332,0.076408,0.074649,0.12476,0.10545,0.19718,0.26175,0.13331
2.58,0.26072,0.16511,0.29278,0.23386,0.087376,0.096056,0.43079,0.10843,0.18958,0.55571,0.28418,0.73083,0.36663,0.15908,0.3719,0.44062,0.277,0.22808,0.40648,0.37464,0.086232,0.41966,0.20423,0.070065,0.5342,0.094258,0.090292,0.067786,0.1084,0.32065,0.17401,0.28548,0.077619,0.073431,0.12326,0.1038,0.19665,0.2612,0.13312
2.59,0.25988,0.16331,0.29287,0.23289,0.087479,0.096132,0.43508,0.11016,0.18714,0.556,0.28089,0.73005,0.36391,0.15699,0.37124,0.43324,0.27769,0.22559,0.40422,0.37208,0.087699,0.41405,0.20372,0.069508,0.53115,0.095264,0.089942,0.067545,0.10776,0.31867,0.17543,0.28733,0.078726,0.072144,0.12181,0.10214,0.19607,0.26054,0.13277
2.6,0.25898,0.1615,0.29282,0.23191,0.087567,0.096066,0.43913,0.11245,0.18465,0.55617,0.27762,0.72903,0.36102,0.15487,0.37055,0.42604,0.27836,0.22276,0.40179,0.36957,0.089115,0.40945,0.20335,0.068965,0.52806,0.096204,0.089579,0.067304,0.10711,0.31667,0.17684,0.28885,0.079706,0.070814,0.12046,0.10047,0.19543,0.25979,0.13223
2.61,0.25803,0.1597,0.29263,0.23093,0.087638,0.095856,0.44294,0.11444,0.18216,0.55622,0.27438,0.72775,0.35797,0.15269,0.36991,0.41891,0.27899,0.21961,0.39922,0.36707,0.090482,0.40786,0.20311,0.068428,0.52494,0.097081,0.089204,0.067063,0.10647,0.31466,0.17822,0.29003,0.080549,0.069466,0.11927,0.098781,0.19474,0.25893,0.13151
2.62,0.25702,0.15791,0.29233,0.22996,0.087691,0.096369,0.44648,0.11611,0.17963,0.55614,0.27116,0.72627,0.35501,0.15048,0.36925,0.41196,0.2796,0.21619,0.3965,0.36457,0.091799,0.40613,0.20299,0.067895,0.5218,0.097896,0.088822,0.066812,0.10582,0.31258,0.17959,0.29082,0.081247,0.068116,0.11807,0.09707,0.194,0.25797,0.13061
2.63,0.25595,0.15612,0.29192,0.22898,0.087724,0.097258,0.44978,0.11748,0.17707,0.55596,0.26797,0.72451,0.35199,0.14826,0.36854,0.40511,0.28018,0.21255,0.39365,0.36206,0.093065,0.40425,0.20298,0.06737,0.51863,0.098653,0.088427,0.066552,0.10538,0.31047,0.18094,0.29122,0.081797,0.06678,0.11677,0.095331,0.19323,0.2569,0.12955
2.64,0.25483,0.15435,0.29144,0.228,0.087737,0.098077,0.45283,0.11853,0.1745,0.55569,0.26484,0.72254,0.34882,0.146,0.36789,0.39839,0.28074,0.20876,0.39068,0.35952,0.094278,0.40226,0.20304,0.066837,0.51545,0.099361,0.08802,0.066283,0.10513,0.30833,0.18227,0.29121,0.082199,0.065467,0.11538,0.093555,0.19241,0.25571,0.12831
2.65,0.25365,0.15259,0.29091,0.22701,0.087726,0.098819,0.45561,0.11928,0.17192,0.55537,0.26175,0.72031,0.34551,0.14371,0.3672,0.39181,0.28127,0.20487,0.3876,0.35693,0.095436,0.40013,0.20317,0.066313,0.51224,0.10002,0.087607,0.066005,0.10474,0.30611,0.18358,0.29082,0.082459,0.06418,0.11391,0.091739,0.19156,0.2544,0.12691
2.66,0.25242,0.15083,0.29031,0.22599,0.087689,0.099481,0.45815,0.11972,0.16932,0.55505,0.25868,0.71786,0.34233,0.14142,0.36648,0.38533,0.28177,0.20131,0.38441,0.35431,0.096539,0.39789,0.20335,0.065775,0.50902,0.10065,0.087182,0.065718,0.10421,0.3039,0.18487,0.29,0.082584,0.062924,0.11239,0.090668,0.19067,0.25296,0.12535
2.67,0.25114,0.14908,0.28963,0.22495,0.08763,0.10005,0.46044,0.11987,0.16669,0.55476,0.25564,0.71516,0.33907,0.13911,0.36579,0.37903,0.28225,0.20233,0.38113,0.35166,0.097586,0.39555,0.20359,0.065663,0.50578,0.10123,0.086747,0.065423,0.10351,0.3016,0.18615,0.28875,0.082587,0.061697,0.11085,0.09065,0.18975,0.25137,0.12364
2.68,0.24982,0.14735,0.28888,0.2239,0.087546,0.10054,0.46246,0.11976,0.1641,0.55478,0.25262,0.71225,0.33567,0.13677,0.36507,0.37284,0.2827,0.2032,0.37777,0.34899,0.098577,0.39311,0.20387,0.065704,0.50251,0.10179,0.086305,0.065118,0.10265,0.29926,0.18739,0.28705,0.08248,0.060496,0.11026,0.090628,0.18881,0.24965,0.12179
2.69,0.24844,0.14562,0.28806,0.22283,0.087438,0.10093,0.46424,0.11938,0.16149,0.55478,0.24962,0.70911,0.33214,0.13446,0.36432,0.36675,0.28313,0.20392,0.37435,0.3463,0.099516,0.39057,0.20419,0.065746,0.49923,0.10233,0.085851,0.064821,0.10162,0.29687,0.18862,0.28492,0.082279,0.059316,0.11037,0.090578,0.18784,0.24778,0.11982
2.7,0.24702,0.14389,0.28715,0.22176,0.08731,0.10123,0.46577,0.11873,0.15888,0.55463,0.24667,0.70574,0.32874,0.13213,0.3636,0.36083,0.28355,0.20451,0.37086,0.34362,0.1004,0.38794,0.20456,0.0658,0.49595,0.10284,0.08539,0.064516,0.10071,0.29443,0.18982,0.28238,0.081994,0.058154,0.11054,0.090476,0.18686,0.24576,0.11773
2.71,0.24556,0.14218,0.28615,0.2207,0.087165,0.10143,0.46704,0.11781,0.15625,0.55431,0.24377,0.70218,0.32527,0.1298,0.36284,0.35504,0.28394,0.20495,0.36733,0.34094,0.10124,0.38524,0.20498,0.065849,0.49264,0.10334,0.08492,0.064201,0.10007,0.29194,0.19101,0.27949,0.081639,0.057004,0.11075,0.090296,0.18585,0.24383,0.11554
2.72,0.24405,0.14047,0.28505,0.21963,0.087005,0.10153,0.46807,0.11725,0.15366,0.55386,0.24089,0.6984,0.32169,0.12749,0.36207,0.34936,0.28431,0.20526,0.36377,0.3383,0.1022,0.38248,0.20544,0.065904,0.48931,0.10382,0.08444,0.063878,0.099445,0.28939,0.19216,0.27782,0.081227,0.055863,0.11098,0.090015,0.18484,0.24239,0.11325
2.73,0.24249,0.13877,0.28386,0.21855,0.086837,0.10153,0.46885,0.11649,0.15108,0.55326,0.23804,0.69444,0.31801,0.12519,0.3613,0.3438,0.28467,0.20544,0.3602,0.33571,0.1037,0.37964,0.20593,0.065951,0.48597,0.10428,0.083955,0.063547,0.098818,0.28681,0.1933,0.27687,0.080772,0.05473,0.11119,0.089612,0.18381,0.24078,0.11087
2.74,0.24091,0.13708,0.28256,0.21745,0.086661,0.10144,0.46939,0.11547,0.14851,0.5525,0.23522,0.69028,0.31438,0.12288,0.36049,0.33841,0.28501,0.2055,0.35661,0.33321,0.10514,0.37675,0.20646,0.066,0.48262,0.10473,0.083461,0.063207,0.098193,0.28416,0.1944,0.27571,0.080285,0.053604,0.11137,0.089067,0.18278,0.239,0.10842
2.75,0.23929,0.13539,0.28119,0.21634,0.086482,0.10124,0.46968,0.11422,0.14594,0.55162,0.23242,0.68592,0.31077,0.12061,0.35968,0.33313,0.28534,0.20543,0.35302,0.33079,0.10653,0.3738,0.20703,0.066034,0.47926,0.10539,0.082958,0.06286,0.097568,0.28147,0.19548,0.27438,0.079777,0.052486,0.11147,0.088364,0.18175,0.23706,0.10692
2.76,0.23763,0.13372,0.27973,0.21521,0.086301,0.10112,0.46974,0.11279,0.14338,0.55059,0.23041,0.68139,0.30706,0.11834,0.35887,0.32797,0.28565,0.20526,0.34945,0.32848,0.10786,0.37082,0.20762,0.066071,0.47587,0.10607,0.082451,0.062504,0.096945,0.27874,0.19652,0.27294,0.079253,0.05138,0.11148,0.087489,0.18073,0.23496,0.10575
2.77,0.23595,0.13205,0.27818,0.21405,0.086122,0.10173,0.46961,0.11121,0.14087,0.54943,0.22911,0.67668,0.30325,0.11608,0.35801,0.32292,0.28594,0.20498,0.34694,0.3263,0.10913,0.3678,0.20825,0.066088,0.47248,0.10674,0.081935,0.062151,0.096323,0.27594,0.19754,0.27214,0.078718,0.050289,0.11138,0.086435,0.17971,0.23269,0.10453
2.78,0.23424,0.1304,0.27655,0.21287,0.085946,0.10232,0.46929,0.10953,0.13837,0.54817,0.22783,0.67178,0.29952,0.11385,0.35717,0.31802,0.28622,0.20464,0.34778,0.32426,0.11035,0.36474,0.20889,0.066103,0.46907,0.10739,0.081413,0.061795,0.095707,0.27313,0.19851,0.27188,0.078175,0.049218,0.11114,0.085196,0.1787,0.23024,0.10421
2.79,0.23267,0.12875,0.27484,0.21167,0.085777,0.10289,0.46882,0.10781,0.1359,0.54678,0.22656,0.66674,0.29579,0.11162,0.3563,0.31326,0.28648,0.2052,0.34864,0.32239,0.11152,0.36165,0.20955,0.066102,0.46565,0.10803,0.080886,0.061431,0.095095,0.27024,0.19945,0.27159,0.077628,0.048171,0.11077,0.083774,0.17768,0.22763,0.10454
2.8,0.23153,0.12711,0.27304,0.21044,0.085614,0.10342,0.46825,0.10606,0.13344,0.54526,0.22529,0.66154,0.29263,0.10943,0.35538,0.30861,0.28673,0.20566,0.34946,0.32069,0.11265,0.35855,0.21024,0.066088,0.46221,0.10865,0.080352,0.06106,0.094484,0.26734,0.20035,0.27134,0.077081,0.047155,0.11025,0.082174,0.17668,0.22485,0.10484
2.81,0.23038,0.12547,0.27118,0.20918,0.085456,0.10392,0.46759,0.10428,0.13101,0.54364,0.22403,0.65617,0.29146,0.10725,0.3545,0.30408,0.28696,0.20602,0.35022,0.31917,0.11373,0.35542,0.21093,0.066064,0.45876,0.10925,0.079814,0.060681,0.093875,0.26438,0.20119,0.27116,0.076533,0.046506,0.10958,0.080404,0.17569,0.22189,0.10513
2.82,0.22922,0.12385,0.26923,0.20789,0.085299,0.10439,0.46682,0.10247,0.12861,0.5419,0.22278,0.65069,0.29023,0.10509,0.35357,0.29966,0.28718,0.20628,0.35087,0.31785,0.11478,0.35227,0.21163,0.066019,0.45529,0.10982,0.07927,0.060446,0.093267,0.26137,0.20199,0.27113,0.075987,0.046037,0.10878,0.078478,0.17471,0.21877,0.10541
2.83,0.22805,0.12223,0.26722,0.20658,0.085135,0.10483,0.46593,0.10068,0.12625,0.54004,0.22153,0.64507,0.28893,0.10297,0.35262,0.29535,0.28737,0.20645,0.35138,0.31673,0.11579,0.34912,0.21233,0.065971,0.45182,0.11037,0.078721,0.060585,0.092661,0.25834,0.20274,0.27129,0.075441,0.045616,0.10784,0.078341,0.17374,0.21547,0.10567
2.84,0.22688,0.12063,0.26514,0.20526,0.084966,0.10523,0.46491,0.098878,0.12393,0.53806,0.22029,0.64169,0.28766,0.10087,0.35168,0.29118,0.28754,0.20654,0.35173,0.31581,0.11677,0.34596,0.21303,0.065897,0.44831,0.1109,0.078169,0.060699,0.092063,0.25525,0.20343,0.27169,0.074894,0.04524,0.1068,0.078953,0.1728,0.21201,0.10591
2.85,0.22571,0.11903,0.26301,0.2039,0.084785,0.10559,0.46373,0.097303,0.12164,0.53597,0.21905,0.6393,0.2864,0.098798,0.35069,0.28714,0.2877,0.20654,0.35188,0.31509,0.11773,0.3428,0.21372,0.06582,0.4448,0.11139,0.077614,0.060785,0.091467,0.25214,0.20406,0.27238,0.074343,0.044905,0.10566,0.079473,0.17187,0.20839,0.10614
2.86,0.22453,0.11744,0.26083,0.20253,0.08459,0.10593,0.46237,0.096117,0.11938,0.53376,0.21782,0.63659,0.28508,0.096759,0.34971,0.2832,0.28784,0.20647,0.35308,0.31457,0.11865,0.33964,0.2144,0.065719,0.44126,0.11184,0.077054,0.060847,0.090873,0.24899,0.20464,0.27339,0.073784,0.044607,0.10446,0.079896,0.17097,0.20461,0.10634
2.87,0.22334,0.11586,0.25862,0.20114,0.08438,0.10623,0.46082,0.09498,0.11806,0.53144,0.2166,0.63359,0.28371,0.094755,0.3487,0.27938,0.28796,0.20632,0.35435,0.31426,0.11956,0.33712,0.21506,0.065616,0.43772,0.11226,0.076491,0.060896,0.09028,0.24578,0.20516,0.27475,0.073215,0.044342,0.10321,0.080224,0.1701,0.20068,0.10653
2.88,0.22215,0.11428,0.25637,0.19973,0.084155,0.10652,0.45908,0.093903,0.11724,0.529,0.21538,0.63031,0.28228,0.092785,0.34765,0.27566,0.28806,0.20609,0.35522,0.31413,0.12045,0.33527,0.21571,0.065493,0.43415,0.11264,0.075928,0.060916,0.08969,0.24258,0.20562,0.27648,0.072634,0.044108,0.10196,0.080458,0.16926,0.19659,0.10669
2.89,0.22097,0.11272,0.2541,0.19831,0.083914,0.10682,0.45984,0.092891,0.1164,0.52645,0.21417,0.62677,0.28079,0.091168,0.34662,0.27205,0.28813,0.20579,0.3557,0.31419,0.12131,0.33346,0.21633,0.065361,0.43057,0.11298,0.075361,0.060906,0.089106,0.23931,0.20602,0.27856,0.072037,0.0439,0.10071,0.080594,0.16844,0.19237,0.10684
2.9,0.21978,0.11117,0.25183,0.19688,0.083751,0.10713,0.46158,0.091933,0.11554,0.52379,0.21296,0.62297,0.27925,0.090077,0.34556,0.26854,0.28819,0.20542,0.35578,0.31441,0.12216,0.33167,0.21691,0.065221,0.42696,0.11327,0.074792,0.060866,0.088525,0.23602,0.20637,0.28101,0.071421,0.043714,0.099505,0.08064,0.16767,0.18801,0.10696
2.91,0.21859,0.10963,0.24961,0.19565,0.083702,0.10746,0.46323,0.091022,0.11465,0.52103,0.21176,0.61894,0.27766,0.088996,0.34447,0.26514,0.28823,0.20497,0.35546,0.31479,0.12299,0.3299,0.21746,0.065067,0.42334,0.11351,0.074222,0.060796,0.087947,0.2327,0.20665,0.28381,0.070783,0.043548,0.098358,0.080598,0.16693,0.18352,0.10706
2.92,0.2174,0.10809,0.24747,0.19442,0.083642,0.10779,0.46471,0.090164,0.11377,0.51816,0.21057,0.61469,0.27603,0.08793,0.34338,0.26183,0.28825,0.20445,0.35475,0.31531,0.1238,0.32815,0.21816,0.064903,0.41971,0.11371,0.073652,0.060695,0.087371,0.22933,0.20687,0.28692,0.070123,0.043397,0.09729,0.080477,0.16622,0.17891,0.10715
2.93,0.21622,0.10657,0.24541,0.1932,0.08357,0.10812,0.46603,0.089304,0.11288,0.5152,0.20939,0.61022,0.27449,0.086867,0.34225,0.25863,0.28826,0.20385,0.35368,0.31595,0.12459,0.32644,0.21915,0.064734,0.41604,0.11385,0.073081,0.060572,0.086798,0.22595,0.20703,0.29033,0.069436,0.043259,0.096319,0.080286,0.16556,0.1742,0.10722
2.94,0.21504,0.10505,0.24336,0.192,0.083489,0.10843,0.46717,0.088723,0.11197,0.51214,0.20821,0.60555,0.2729,0.085809,0.34112,0.25554,0.28825,0.20319,0.35226,0.3167,0.12536,0.32474,0.22009,0.064552,0.41238,0.11395,0.07251,0.060431,0.086228,0.2225,0.20713,0.29398,0.068725,0.04313,0.095454,0.080039,0.16493,0.16938,0.10726
2.95,0.21386,0.10354,0.24132,0.1908,0.083397,0.10874,0.46811,0.088315,0.11104,0.50899,0.20704,0.60068,0.27127,0.084757,0.33997,0.25254,0.28822,0.20246,0.3505,0.31755,0.12612,0.32306,0.22099,0.064357,0.40868,0.11399,0.071939,0.060259,0.085665,0.21906,0.20716,0.29784,0.067987,0.043008,0.094702,0.079746,0.16435,0.16617,0.10729
2.96,0.21268,0.10205,0.23927,0.18961,0.083294,0.10903,0.46884,0.08793,0.1101,0.50575,0.20587,0.59562,0.2696,0.083711,0.33879,0.24963,0.28817,0.20166,0.34842,0.31847,0.12685,0.3214,0.22184,0.064157,0.40497,0.11397,0.071368,0.060056,0.085104,0.21556,0.20713,0.30185,0.067223,0.042888,0.094065,0.079432,0.16381,0.1663,0.1073
2.97,0.21151,0.10057,0.23722,0.18842,0.083185,0.10931,0.46937,0.08756,0.10915,0.50242,0.20471,0.59037,0.26789,0.082674,0.33762,0.24681,0.28811,0.20081,0.34603,0.31943,0.12757,0.31974,0.22268,0.063945,0.40124,0.11389,0.070799,0.059822,0.084545,0.21205,0.20705,0.30596,0.066436,0.04277,0.093537,0.079123,0.16332,0.16639,0.10729
2.98,0.21034,0.099092,0.23518,0.18724,0.083068,0.10956,0.46965,0.087209,0.10819,0.49902,0.20356,0.58494,0.26613,0.081654,0.33641,0.24408,0.28803,0.19989,0.34335,0.32042,0.12827,0.31808,0.22354,0.063717,0.3975,0.11376,0.070231,0.059559,0.083989,0.20849,0.20689,0.31012,0.065629,0.042651,0.093263,0.078821,0.16287,0.16644,0.10727
2.99,0.20918,0.097632,0.23314,0.18606,0.082942,0.1098,0.46973,0.086828,0.10722,0.49553,0.20241,0.57936,0.26434,0.080649,0.33519,0.24142,0.28794,0.19892,0.34038,0.32144,0.12895,0.31641,0.22444,0.063482,0.39373,0.11356,0.069666,0.059266,0.083435,0.2049,0.20665,0.31429,0.065216,0.042528,0.095071,0.0788,0.16247,0.16646,0.10724
3,0.20802,0.096179,0.23111,0.18488,0.082806,0.11001,0.46958,0.086456,0.10626,0.49197,0.20127,0.57364,0.26252,0.079654,0.33396,0.23885,0.28784,0.1979,0.34052,0.32244,0.12961,0.31474,0.22538,0.063237,0.38997,0.11331,0.069103,0.058961,0.082888,0.2013,0.20634,0.31842,0.065395,0.042401,0.09692,0.078968,0.16211,0.16644,0.10719
3.01,0.20686,0.094736,0.22909,0.1837,0.082661,0.11019,0.46966,0.086036,0.1053,0.48834,0.20014,0.56782,0.26068,0.078669,0.33268,0.23635,0.28773,0.19684,0.34161,0.32341,0.13025,0.31306,0.22634,0.062976,0.38618,0.11298,0.068543,0.058631,0.082344,0.19764,0.20596,0.32249,0.065592,0.042267,0.098793,0.079236,0.1618,0.16638,0.10712
3.02,0.20571,0.093306,0.22709,0.18252,0.082604,0.11035,0.4701,0.085599,0.10433,0.48465,0.19903,0.56189,0.25891,0.077696,0.33143,0.23393,0.2876,0.19572,0.34241,0.32435,0.13088,0.31135,0.22734,0.062707,0.38314,0.1126,0.067987,0.058272,0.081803,0.19399,0.20549,0.32643,0.065815,0.042125,0.10067,0.079433,0.16154,0.16629,0.10705
3.03,0.20456,0.091889,0.22511,0.18133,0.082728,0.11046,0.4704,0.085146,0.10335,0.4809,0.19793,0.55586,0.25711,0.076734,0.33014,0.23159,0.28746,0.19456,0.34293,0.32521,0.13149,0.30963,0.22833,0.062426,0.38101,0.11215,0.067435,0.057884,0.081264,0.1903,0.20496,0.33021,0.066075,0.041976,0.10255,0.079543,0.16132,0.16615,0.10697
3.04,0.20341,0.090481,0.22313,0.18014,0.082834,0.11054,0.47056,0.08467,0.10238,0.47712,0.19683,0.54974,0.25527,0.075784,0.32883,0.22931,0.28732,0.19689,0.34316,0.32601,0.13209,0.30787,0.22929,0.062127,0.37887,0.11165,0.066889,0.05747,0.080728,0.18658,0.20435,0.33383,0.066379,0.041819,0.1044,0.079567,0.16115,0.16598,0.10688
3.05,0.20226,0.089082,0.22116,0.17895,0.082922,0.11059,0.4706,0.084163,0.1014,0.47329,0.19574,0.54353,0.25341,0.074847,0.32752,0.2271,0.28717,0.20038,0.34313,0.3267,0.13267,0.30608,0.23019,0.061822,0.37674,0.11108,0.06635,0.057029,0.080195,0.18286,0.20367,0.33724,0.066731,0.042607,0.10623,0.079509,0.16102,0.16577,0.10678
3.06,0.20112,0.0877,0.21919,0.17775,0.082994,0.1106,0.4705,0.083594,0.10043,0.46943,0.19466,0.53858,0.25152,0.073933,0.32617,0.22495,0.28701,0.20376,0.34281,0.32729,0.13323,0.30426,0.23102,0.061496,0.3746,0.11046,0.065821,0.056564,0.079668,0.17912,0.20291,0.34043,0.067133,0.043544,0.10802,0.079373,0.16094,0.16551,0.10668
3.07,0.19998,0.086329,0.21724,0.17656,0.08305,0.11058,0.47027,0.08298,0.099449,0.46556,0.19358,0.53557,0.24961,0.073032,0.32483,0.22288,0.28685,0.20699,0.34224,0.32775,0.13377,0.30239,0.23177,0.06116,0.37245,0.10978,0.065449,0.056092,0.079145,0.17746,0.20207,0.34339,0.067586,0.044442,0.10976,0.079165,0.1609,0.16521,0.10657
3.08,0.19884,0.084968,0.21532,0.17536,0.083089,0.11053,0.46992,0.082292,0.098474,0.46165,0.1925,0.53256,0.24766,0.072145,0.32346,0.22087,0.28668,0.21006,0.34139,0.32808,0.13429,0.30048,0.23244,0.060807,0.37031,0.10905,0.065328,0.055595,0.078624,0.1765,0.20116,0.3461,0.068089,0.0453,0.11145,0.078886,0.16089,0.16488,0.10646
3.09,0.19771,0.083618,0.21341,0.17416,0.08311,0.11045,0.46945,0.081528,0.097507,0.45773,0.19144,0.52954,0.2457,0.071272,0.32206,0.21892,0.2865,0.21296,0.34028,0.32825,0.13477,0.29853,0.23305,0.060438,0.36816,0.10828,0.06518,0.055074,0.078106,0.1755,0.20018,0.34853,0.068635,0.046119,0.11309,0.079265,0.16093,0.16546,0.10635
3.1,0.19658,0.082283,0.2115,0.17296,0.083115,0.11034,0.46885,0.080705,0.096552,0.4538,0.19038,0.52651,0.24375,0.070414,0.32068,0.21702,0.28632,0.21568,0.33891,0.32827,0.13523,0.29654,0.23359,0.060057,0.36602,0.10745,0.065011,0.05453,0.077591,0.17446,0.19913,0.35066,0.069218,0.046895,0.11466,0.081734,0.16101,0.16646,0.10624
3.11,0.19545,0.080962,0.20957,0.17175,0.083106,0.1102,0.46815,0.079795,0.095601,0.44985,0.18932,0.52345,0.24185,0.069569,0.31925,0.21518,0.28613,0.21823,0.33728,0.32812,0.13566,0.2945,0.23409,0.059658,0.36388,0.10657,0.064818,0.054048,0.077079,0.17337,0.19801,0.35243,0.06983,0.047628,0.11618,0.084118,0.16112,0.16743,0.10613
3.12,0.19432,0.079652,0.20762,0.17055,0.083079,0.11003,0.46733,0.078837,0.094655,0.44589,0.18827,0.52035,0.23993,0.06874,0.31783,0.21338,0.28594,0.2206,0.33539,0.32778,0.13605,0.29241,0.23458,0.059249,0.36174,0.10565,0.064604,0.054152,0.076569,0.17226,0.19683,0.35383,0.070459,0.048315,0.11765,0.086404,0.16127,0.16836,0.10602
3.13,0.1932,0.078354,0.20567,0.16935,0.083036,0.10983,0.46641,0.077791,0.093714,0.44191,0.18723,0.51721,0.23798,0.067925,0.31639,0.21164,0.28574,0.22277,0.33324,0.32727,0.13639,0.29026,0.23507,0.058819,0.35959,0.10468,0.064371,0.054239,0.076066,0.17108,0.1956,0.35486,0.071097,0.048951,0.11905,0.088584,0.16145,0.16925,0.10591
3.14,0.19208,0.077068,0.20371,0.16815,0.08298,0.10959,0.46538,0.076708,0.092779,0.43792,0.1862,0.51403,0.23602,0.067125,0.31491,0.20994,0.28553,0.22476,0.33083,0.32657,0.1367,0.28806,0.23556,0.058384,0.35745,0.10366,0.064121,0.054309,0.075566,0.1699,0.19431,0.35551,0.071729,0.049534,0.12041,0.09065,0.16167,0.1701,0.10581
3.15,0.19097,0.075798,0.20173,0.16695,0.082908,0.10933,0.46424,0.075544,0.091851,0.43393,0.18517,0.51078,0.23404,0.066345,0.31346,0.20828,0.28531,0.22656,0.32819,0.32567,0.13695,0.28581,0.23605,0.057929,0.35531,0.10259,0.063857,0.054368,0.075068,0.16865,0.19297,0.35578,0.072343,0.050056,0.12173,0.092596,0.16191,0.17092,0.10571
3.16,0.18986,0.074541,0.19975,0.16576,0.08282,0.10903,0.463,0.074348,0.090931,0.42993,0.18414,0.50749,0.23204,0.065582,0.31197,0.20666,0.28509,0.22818,0.32529,0.32456,0.13716,0.28532,0.23651,0.057464,0.35317,0.10148,0.063581,0.054415,0.074573,0.16738,0.19158,0.35566,0.072926,0.050512,0.12301,0.094419,0.16218,0.1717,0.10562
3.17,0.18875,0.073297,0.19776,0.16457,0.08272,0.10909,0.46166,0.073089,0.090019,0.42591,0.18313,0.50414,0.23003,0.064833,0.31047,0.20508,0.28487,0.22961,0.32217,0.32327,0.13731,0.28562,0.23693,0.056985,0.35103,0.10033,0.063295,0.054446,0.074081,0.16607,0.19013,0.35516,0.073467,0.050896,0.12425,0.096117,0.16248,0.17244,0.10554
3.18,0.18765,0.072066,0.19575,0.16338,0.082603,0.10912,0.46022,0.071799,0.089116,0.42189,0.18212,0.50072,0.22801,0.0641,0.30897,0.20354,0.28464,0.23087,0.31882,0.32176,0.13741,0.2859,0.2373,0.05649,0.3489,0.099154,0.062999,0.054461,0.073592,0.16472,0.18864,0.35429,0.073956,0.0512,0.12543,0.097692,0.16279,0.17314,0.10546
3.19,0.18656,0.070847,0.19374,0.1622,0.082474,0.10909,0.45868,0.070473,0.088222,0.41786,0.18111,0.49722,0.22603,0.063382,0.30743,0.20245,0.2844,0.23196,0.31525,0.32005,0.13745,0.28617,0.23759,0.055986,0.34677,0.097946,0.062695,0.05446,0.073106,0.16334,0.18709,0.35312,0.074383,0.051423,0.12655,0.099146,0.16314,0.1738,0.10539
3.2,0.18547,0.069642,0.19171,0.16102,0.082331,0.10902,0.45704,0.069111,0.087338,0.41436,0.18011,0.49365,0.22408,0.062679,0.30591,0.20339,0.28416,0.23289,0.31148,0.31814,0.13743,0.28641,0.2378,0.055461,0.34464,0.096705,0.06238,0.054443,0.072623,0.16191,0.18549,0.35168,0.074742,0.051557,0.12759,0.10049,0.1635,0.17443,0.10532
3.21,0.18439,0.068891,0.18967,0.15985,0.082174,0.10889,0.45529,0.067749,0.086465,0.41266,0.17912,0.49,0.22211,0.061991,0.30436,0.2043,0.28391,0.23367,0.30751,0.31603,0.13736,0.28664,0.23792,0.054931,0.34251,0.09582,0.062054,0.054411,0.072146,0.16047,0.18385,0.35001,0.075029,0.051604,0.12856,0.10172,0.16387,0.17502,0.10526
3.22,0.18332,0.068704,0.18762,0.15869,0.082006,0.1087,0.45345,0.066354,0.085602,0.41091,0.17813,0.48628,0.22012,0.061318,0.30279,0.20519,0.28365,0.2343,0.30336,0.31371,0.13723,0.28684,0.23795,0.054378,0.34039,0.095267,0.061714,0.054368,0.071671,0.15899,0.18216,0.3481,0.075241,0.051563,0.12947,0.10286,0.16427,0.17558,0.10521
3.23,0.18226,0.068517,0.18555,0.15753,0.081822,0.10846,0.45152,0.064967,0.08475,0.40912,0.17715,0.48248,0.21813,0.06066,0.30124,0.20608,0.28339,0.23479,0.29924,0.3112,0.13705,0.28703,0.2379,0.053818,0.33827,0.094668,0.06136,0.054318,0.071199,0.15747,0.18043,0.34594,0.075379,0.051439,0.13071,0.10389,0.16467,0.1761,0.10546
3.24,0.18121,0.06833,0.18347,0.15639,0.08163,0.10816,0.4495,0.063586,0.083911,0.40729,0.17618,0.4786,0.21613,0.060017,0.29965,0.20694,0.28311,0.23513,0.30048,0.30848,0.13681,0.2872,0.23776,0.053238,0.33615,0.094028,0.060993,0.054253,0.07073,0.15593,0.17867,0.34359,0.075874,0.051239,0.13192,0.10483,0.16509,0.17657,0.10616
3.25,0.18017,0.068144,0.18138,0.15526,0.081422,0.10782,0.4474,0.062207,0.083089,0.40542,0.17521,0.47464,0.21413,0.059388,0.29807,0.20778,0.28282,0.23533,0.30255,0.30559,0.13652,0.28734,0.23754,0.052648,0.33403,0.093344,0.060609,0.054175,0.070264,0.15517,0.17686,0.34105,0.07634,0.050974,0.13305,0.10568,0.16552,0.17702,0.1069
3.26,0.17915,0.067957,0.17928,0.15415,0.081206,0.10742,0.44523,0.060846,0.082278,0.40352,0.17424,0.47059,0.21211,0.058774,0.29647,0.20859,0.28252,0.23537,0.30509,0.30251,0.13619,0.28747,0.23723,0.052042,0.33192,0.092618,0.06021,0.054082,0.0698,0.15501,0.17503,0.33834,0.076775,0.050656,0.13412,0.10644,0.16595,0.17743,0.10768
3.27,0.17814,0.06777,0.17718,0.15304,0.080976,0.10697,0.44298,0.05953,0.081479,0.40158,0.17329,0.46645,0.21009,0.058175,0.29486,0.20938,0.2822,0.23526,0.30766,0.29924,0.13579,0.28757,0.23683,0.051422,0.32981,0.091847,0.059797,0.053977,0.069339,0.15481,0.17316,0.33547,0.077188,0.050303,0.13513,0.10711,0.16639,0.1778,0.10848
3.28,0.17714,0.067582,0.17508,0.15195,0.080736,0.10648,0.44066,0.058571,0.080692,0.3996,0.17234,0.46223,0.20812,0.057593,0.29325,0.21015,0.28188,0.235,0.31026,0.2958,0.13534,0.28765,0.23634,0.051112,0.32771,0.091036,0.059368,0.053858,0.068881,0.15458,0.17127,0.33242,0.077589,0.049932,0.1361,0.1077,0.16684,0.17814,0.1093
3.29,0.17615,0.067392,0.17298,0.15087,0.080485,0.10594,0.43829,0.058827,0.079918,0.39758,0.17139,0.45791,0.20616,0.057025,0.29162,0.2109,0.28352,0.23459,0.31288,0.29219,0.13482,0.28771,0.23576,0.051133,0.32562,0.090181,0.058923,0.053727,0.068427,0.15435,0.16936,0.3292,0.07799,0.049562,0.13703,0.10821,0.16729,0.17844,0.11014
3.3,0.17517,0.067202,0.17088,0.14981,0.080224,0.10535,0.43584,0.059033,0.079156,0.39554,0.17046,0.4535,0.2042,0.056471,0.29,0.21163,0.28506,0.23404,0.31553,0.28842,0.13424,0.28774,0.23509,0.051142,0.32352,0.089282,0.058465,0.053594,0.067977,0.15408,0.16744,0.32582,0.078398,0.049216,0.13792,0.10865,0.16774,0.1787,0.11101
3.31,0.1742,0.067011,0.16878,0.14876,0.079953,0.10472,0.43333,0.059209,0.078406,0.39347,0.16954,0.449,0.20224,0.055931,0.28835,0.21234,0.28644,0.23335,0.3182,0.28449,0.1336,0.28775,0.23433,0.05114,0.32144,0.08834,0.057991,0.05345,0.06753,0.15378,0.1655,0.32233,0.078825,0.048913,0.13875,0.10902,0.16819,0.17893,0.11188
3.32,0.17324,0.066819,0.16669,0.14772,0.079672,0.10403,0.43076,0.059345,0.07767,0.39136,0.16862,0.44441,0.20027,0.055404,0.2867,0.21301,0.28767,0.23252,0.32088,0.28043,0.1329,0.28773,0.23347,0.051128,0.31935,0.087358,0.057502,0.053294,0.067086,0.15346,0.16356,0.31876,0.079281,0.048671,0.13954,0.10932,0.16864,0.17913,0.11276
3.33,0.1723,0.066627,0.16459,0.14668,0.079382,0.10331,0.42814,0.059425,0.076946,0.38922,0.16771,0.43972,0.19831,0.05489,0.28506,0.21366,0.28875,0.23156,0.32358,0.27623,0.13215,0.28768,0.23253,0.0511,0.31727,0.086334,0.057001,0.053127,0.066644,0.15312,0.16161,0.31511,0.079775,0.048508,0.14028,0.10957,0.16908,0.17929,0.11364
3.34,0.17138,0.066433,0.16249,0.14566,0.079083,0.10254,0.42546,0.059476,0.076236,0.38705,0.16681,0.43495,0.19634,0.05439,0.28338,0.21428,0.28969,0.23048,0.32629,0.2719,0.13134,0.28761,0.23271,0.051068,0.31519,0.08527,0.056485,0.052949,0.066206,0.15275,0.15967,0.31141,0.080315,0.048435,0.14097,0.10977,0.16953,0.17941,0.11452
3.35,0.17049,0.066239,0.16039,0.14465,0.078775,0.10173,0.42271,0.059483,0.075538,0.38485,0.16591,0.43007,0.19437,0.053902,0.28173,0.21488,0.29049,0.22928,0.32901,0.26745,0.13047,0.28752,0.23417,0.051018,0.31312,0.084167,0.055956,0.052761,0.065769,0.15236,0.15773,0.30767,0.080908,0.04846,0.14161,0.10992,0.16997,0.1795,0.1154
3.36,0.16962,0.066044,0.1583,0.14365,0.078459,0.1009,0.41992,0.05944,0.074854,0.38262,0.16501,0.42512,0.1924,0.053427,0.28006,0.21544,0.29117,0.22796,0.33174,0.26289,0.12956,0.28739,0.23547,0.05096,0.31106,0.083028,0.055689,0.052563,0.065336,0.15195,0.15581,0.3039,0.08156,0.048584,0.1422,0.11003,0.1704,0.17956,0.11626
3.37,0.16878,0.066216,0.15622,0.14265,0.078134,0.10003,0.41707,0.059373,0.074182,0.38038,0.16412,0.42007,0.19043,0.052964,0.27839,0.21598,0.29173,0.22654,0.33447,0.26094,0.1286,0.28724,0.23661,0.050891,0.309,0.081855,0.055466,0.052356,0.064905,0.15152,0.1539,0.30008,0.082274,0.048806,0.14275,0.1101,0.17083,0.17958,0.11712
3.38,0.16796,0.066422,0.15415,0.14167,0.077802,0.099147,0.41416,0.059248,0.073524,0.3781,0.16324,0.41574,0.18852,0.052514,0.27671,0.21648,0.29216,0.22502,0.33719,0.26017,0.12759,0.28707,0.23759,0.050809,0.30694,0.080648,0.055242,0.052149,0.064477,0.15106,0.15201,0.29626,0.083054,0.049116,0.14326,0.11014,0.17124,0.17956,0.11795
3.39,0.16717,0.066607,0.15209,0.14069,0.077461,0.098242,0.41121,0.059105,0.072879,0.37579,0.16236,0.41279,0.18662,0.052075,0.27503,0.21695,0.29249,0.2234,0.33992,0.25924,0.12654,0.28687,0.23839,0.05072,0.30489,0.079409,0.055018,0.051934,0.064053,0.15059,0.15014,0.29242,0.083899,0.049504,0.14373,0.11015,0.17165,0.17952,0.11877
3.4,0.16638,0.066771,0.15005,0.13972,0.077115,0.097317,0.4082,0.058907,0.072247,0.37347,0.16149,0.40983,0.18472,0.051648,0.27335,0.21738,0.29271,0.22169,0.34264,0.25816,0.12544,0.28664,0.23903,0.05062,0.30284,0.07814,0.054795,0.051709,0.063633,0.15009,0.14829,0.28858,0.08481,0.049953,0.14459,0.11014,0.17203,0.17944,0.11957
3.41,0.1656,0.066924,0.14801,0.13876,0.076759,0.096372,0.40513,0.058673,0.071628,0.37112,0.16062,0.40686,0.18282,0.051233,0.27165,0.21778,0.29293,0.21989,0.34535,0.25692,0.1243,0.28639,0.23949,0.050512,0.30079,0.076842,0.054573,0.051477,0.063215,0.14957,0.14647,0.28475,0.085784,0.050447,0.14558,0.11011,0.17241,0.17933,0.12056
3.42,0.16483,0.067095,0.14669,0.1378,0.0764,0.095411,0.40201,0.058403,0.071022,0.36875,0.15976,0.40388,0.18092,0.050828,0.26998,0.21813,0.29449,0.21802,0.34804,0.25553,0.12312,0.28611,0.23979,0.050399,0.29875,0.075518,0.054348,0.051236,0.063206,0.14904,0.14468,0.28095,0.086817,0.050967,0.14639,0.11006,0.17278,0.17919,0.12156
3.43,0.16406,0.067273,0.14582,0.13686,0.076031,0.094434,0.39884,0.058078,0.070429,0.36636,0.15891,0.40088,0.17903,0.050434,0.26827,0.21845,0.29592,0.21606,0.35073,0.254,0.12191,0.2858,0.24,0.05028,0.29671,0.074168,0.054118,0.050988,0.063828,0.14849,0.14291,0.27719,0.087904,0.051496,0.14702,0.11,0.17313,0.17901,0.12251
3.44,0.1633,0.06745,0.14495,0.13592,0.075659,0.09344,0.39562,0.057724,0.069849,0.36394,0.15806,0.39787,0.17714,0.050051,0.26659,0.21873,0.29721,0.21404,0.3534,0.25232,0.12066,0.28547,0.24026,0.050159,0.29468,0.072795,0.053883,0.050733,0.064374,0.14791,0.14126,0.27346,0.089039,0.052019,0.14746,0.10992,0.17347,0.17881,0.12343
3.45,0.16254,0.067623,0.14408,0.13499,0.075278,0.092428,0.39235,0.057333,0.069281,0.36151,0.15721,0.39485,0.17526,0.049679,0.26489,0.21897,0.29836,0.21196,0.35605,0.25051,0.11939,0.28512,0.24039,0.050038,0.29266,0.071401,0.053642,0.050471,0.064835,0.14733,0.14074,0.26977,0.090217,0.05252,0.14772,0.10984,0.1738,0.17857,0.12431
3.46,0.16177,0.067791,0.14321,0.13407,0.074895,0.091397,0.38904,0.056892,0.068726,0.35906,0.15665,0.39181,0.17338,0.049316,0.2632,0.21917,0.29935,0.20982,0.35868,0.24856,0.11808,0.28474,0.24039,0.049915,0.29063,0.069989,0.053394,0.050208,0.065202,0.14673,0.1402,0.26612,0.09143,0.052988,0.14777,0.10975,0.17413,0.1783,0.12513
3.47,0.16101,0.067949,0.14233,0.13316,0.074503,0.090348,0.38568,0.05641,0.068183,0.35659,0.15644,0.38876,0.17151,0.048963,0.2615,0.21933,0.30018,0.20764,0.36128,0.24649,0.11675,0.28433,0.24027,0.049791,0.28862,0.068561,0.053141,0.050159,0.06547,0.1461,0.13964,0.26252,0.09267,0.053415,0.14761,0.10966,0.17446,0.178,0.1259
3.48,0.16025,0.068089,0.14146,0.13226,0.074109,0.089279,0.38228,0.055911,0.067653,0.35411,0.15615,0.38569,0.16967,0.04862,0.2598,0.21944,0.30086,0.20542,0.36386,0.24429,0.1154,0.2839,0.24003,0.049664,0.2866,0.067119,0.05288,0.050141,0.065642,0.14547,0.13907,0.25897,0.094096,0.053794,0.14735,0.10956,0.17479,0.17768,0.12662
3.49,0.15948,0.068207,0.14057,0.13137,0.073708,0.088194,0.37884,0.055369,0.067135,0.3516,0.15584,0.38261,0.16785,0.048285,0.2581,0.2195,0.30138,0.20316,0.36642,0.24197,0.11403,0.28344,0.23967,0.049533,0.2846,0.066485,0.052614,0.050113,0.06572,0.14483,0.13847,0.25548,0.09557,0.054122,0.1478,0.10946,0.1751,0.17732,0.12728
3.5,0.15872,0.068303,0.13969,0.13049,0.073304,0.087095,0.37536,0.054787,0.066629,0.34909,0.15546,0.37952,0.16605,0.04796,0.25639,0.21951,0.30175,0.20087,0.36894,0.23954,0.11265,0.28296,0.23921,0.049397,0.28259,0.066229,0.052341,0.050078,0.065698,0.14416,0.13787,0.25205,0.097062,0.054398,0.14824,0.10935,0.1754,0.17694,0.12788
3.51,0.15795,0.068377,0.13881,0.12962,0.072895,0.085988,0.37185,0.054175,0.066135,0.34657,0.15504,0.37642,0.16425,0.047643,0.2547,0.21946,0.30197,0.19855,0.37143,0.237,0.11125,0.28246,0.23866,0.049258,0.2806,0.065962,0.052062,0.05004,0.065577,0.14349,0.13734,0.24869,0.098565,0.054623,0.14869,0.10925,0.17569,0.17653,0.12843
3.52,0.15719,0.068431,0.13792,0.12876,0.07248,0.084875,0.36832,0.05355,0.065652,0.34403,0.15458,0.37331,0.16246,0.047335,0.25298,0.21936,0.30203,0.19621,0.3739,0.23437,0.10985,0.28194,0.23803,0.04911,0.27861,0.065684,0.051777,0.049994,0.065357,0.1428,0.13687,0.2454,0.10007,0.054802,0.14913,0.10915,0.17596,0.17609,0.12892
3.53,0.15642,0.068464,0.13703,0.12791,0.072064,0.083762,0.36476,0.052893,0.065181,0.34148,0.15406,0.37019,0.16067,0.047036,0.25129,0.2192,0.30195,0.19529,0.37633,0.23164,0.10844,0.28139,0.23732,0.048959,0.27663,0.065396,0.051487,0.049938,0.065046,0.1421,0.13638,0.24217,0.10157,0.05494,0.14957,0.10905,0.17622,0.17562,0.12934
3.54,0.15565,0.068475,0.13614,0.12706,0.071641,0.082651,0.36119,0.052207,0.064721,0.33892,0.15352,0.36707,0.1589,0.046745,0.24959,0.21899,0.30172,0.19616,0.37872,0.22881,0.10704,0.28082,0.23655,0.048799,0.27465,0.065098,0.051192,0.049874,0.064648,0.14139,0.13589,0.239,0.10306,0.055042,0.15,0.10895,0.17645,0.17513,0.12971
3.55,0.15487,0.068465,0.13524,0.12623,0.071299,0.081541,0.35759,0.051504,0.064272,0.33636,0.15295,0.36394,0.15713,0.046462,0.2479,0.21871,0.30135,0.19695,0.38109,0.22591,0.10564,0.28023,0.23571,0.048635,0.27268,0.064792,0.050893,0.049811,0.064162,0.14067,0.13539,0.23588,0.10453,0.055118,0.15044,0.10886,0.17666,0.17461,0.13001
3.56,0.1541,0.068438,0.13435,0.12541,0.071057,0.080432,0.35399,0.051678,0.063835,0.33379,0.15235,0.3608,0.15537,0.046186,0.2462,0.21837,0.30085,0.19789,0.38341,0.22293,0.10424,0.27961,0.23479,0.048466,0.27071,0.064475,0.050589,0.04974,0.063593,0.13994,0.13488,0.23281,0.10598,0.055174,0.15087,0.10877,0.17686,0.17406,0.13026
3.57,0.15332,0.068391,0.13345,0.1246,0.070803,0.079325,0.35037,0.052088,0.063408,0.33121,0.15173,0.35766,0.15362,0.045917,0.24452,0.21796,0.30117,0.1987,0.38571,0.21988,0.10287,0.27898,0.23378,0.04829,0.26875,0.06415,0.050282,0.049661,0.062946,0.1392,0.13434,0.2298,0.1074,0.055219,0.15131,0.10868,0.17703,0.17349,0.13045
3.58,0.15254,0.068324,0.13255,0.12381,0.070539,0.078217,0.34676,0.052481,0.062991,0.32862,0.15112,0.35452,0.15188,0.045655,0.24283,0.2175,0.30166,0.19938,0.38797,0.21676,0.10151,0.27833,0.2327,0.048112,0.2668,0.063815,0.049971,0.049575,0.062227,0.13846,0.13379,0.22684,0.10879,0.055261,0.15174,0.1086,0.17718,0.1729,0.13057
3.59,0.15176,0.06824,0.13165,0.12302,0.070264,0.077111,0.34313,0.052845,0.062585,0.32604,0.15054,0.35137,0.15016,0.0454,0.24116,0.21697,0.30213,0.19994,0.3902,0.21359,0.10017,0.27767,0.23152,0.047928,0.26485,0.063472,0.04966,0.049485,0.061441,0.13771,0.13321,0.22394,0.11013,0.055308,0.15217,0.10852,0.17731,0.17228,0.13063
3.6,0.15098,0.068139,0.13101,0.12224,0.06998,0.076009,0.33952,0.053181,0.062189,0.32346,0.14999,0.34823,0.14847,0.04515,0.23948,0.21637,0.30258,0.20038,0.39239,0.21035,0.098859,0.27698,0.23025,0.047743,0.26291,0.063121,0.049349,0.049392,0.060594,0.13695,0.13261,0.22299,0.11143,0.05537,0.1526,0.10844,0.17741,0.17164,0.13062
3.61,0.1502,0.068021,0.13045,0.12148,0.069686,0.074912,0.33592,0.053499,0.061803,0.32087,0.14947,0.34508,0.1468,0.044908,0.23782,0.2157,0.30301,0.20071,0.39455,0.20708,0.097575,0.27628,0.2289,0.047553,0.26097,0.062763,0.049041,0.049293,0.059692,0.1362,0.13197,0.22416,0.11268,0.055452,0.15302,0.10837,0.1775,0.17097,0.13055
3.62,0.14942,0.067887,0.12989,0.12073,0.069383,0.073824,0.33234,0.053776,0.061427,0.31828,0.14893,0.34192,0.14513,0.04467,0.23616,0.21496,0.30342,0.20093,0.39668,0.20376,0.096323,0.27556,0.22746,0.047358,0.25904,0.062397,0.048824,0.049188,0.058741,0.13545,0.13132,0.22524,0.11388,0.055563,0.15345,0.1083,0.17756,0.17029,0.13041
3.63,0.14865,0.067738,0.12934,0.11998,0.06907,0.072744,0.32879,0.05402,0.06106,0.3157,0.14839,0.33878,0.14348,0.044439,0.2345,0.21418,0.30381,0.20105,0.39878,0.20042,0.095106,0.27483,0.22594,0.047163,0.25712,0.062024,0.048669,0.049075,0.057752,0.13471,0.13064,0.22624,0.11503,0.055709,0.15388,0.10824,0.17759,0.16958,0.1302
3.64,0.14787,0.067574,0.12879,0.11925,0.068748,0.071674,0.3253,0.054233,0.060702,0.31313,0.14781,0.33563,0.14183,0.044213,0.23286,0.21332,0.30418,0.20107,0.40084,0.19704,0.093927,0.27409,0.22433,0.047021,0.25521,0.061645,0.048515,0.04896,0.056734,0.13397,0.12994,0.22717,0.11612,0.055896,0.15431,0.10818,0.17761,0.16885,0.12992
3.65,0.14709,0.067395,0.12824,0.11853,0.068417,0.070612,0.32189,0.054395,0.060354,0.31056,0.14722,0.33249,0.1402,0.043992,0.23121,0.21239,0.30454,0.20101,0.40287,0.19364,0.092787,0.27333,0.22265,0.046933,0.2533,0.061259,0.048359,0.048844,0.055694,0.13324,0.12921,0.22801,0.11716,0.05613,0.15474,0.10812,0.17761,0.1681,0.12958
3.66,0.14631,0.067204,0.12769,0.11783,0.068077,0.06956,0.31871,0.054536,0.060014,0.30799,0.1466,0.32935,0.13858,0.043776,0.22958,0.21139,0.30488,0.20086,0.40487,0.19022,0.09169,0.27256,0.22089,0.046841,0.2514,0.060866,0.048201,0.048722,0.05464,0.1325,0.12846,0.22878,0.11815,0.056415,0.15518,0.10807,0.17758,0.16733,0.12919
3.67,0.14554,0.066999,0.12715,0.11713,0.067728,0.068516,0.31612,0.054626,0.059683,0.30543,0.14595,0.32621,0.13697,0.043565,0.22795,0.21033,0.3052,0.20063,0.40685,0.1868,0.090636,0.27179,0.21906,0.046744,0.2495,0.060469,0.048038,0.048595,0.053574,0.13176,0.1277,0.22948,0.11908,0.056754,0.15563,0.10803,0.17753,0.16653,0.12976
3.68,0.14476,0.066783,0.12661,0.11645,0.067371,0.067482,0.31485,0.054678,0.059361,0.30287,0.14527,0.32308,0.13537,0.043358,0.22634,0.20921,0.30551,0.20033,0.40881,0.18337,0.089627,0.271,0.21716,0.046644,0.24762,0.060066,0.047871,0.048462,0.052983,0.13101,0.12691,0.2301,0.11995,0.057151,0.15629,0.10798,0.17746,0.16572,0.13031
3.69,0.14399,0.066554,0.12607,0.11578,0.067006,0.066457,0.31406,0.054696,0.059046,0.30033,0.14456,0.31996,0.13378,0.043156,0.22472,0.20802,0.30581,0.19996,0.41074,0.17994,0.088752,0.27021,0.21519,0.04654,0.24574,0.059658,0.047699,0.048324,0.052641,0.13026,0.12609,0.23065,0.12077,0.057605,0.15712,0.10794,0.17737,0.1649,0.13077
3.7,0.14322,0.066315,0.12553,0.11512,0.066632,0.065443,0.31324,0.054667,0.05874,0.29779,0.14384,0.31684,0.1322,0.042957,0.22312,0.20676,0.30609,0.19952,0.41266,0.17653,0.088197,0.2694,0.21317,0.046437,0.24386,0.059246,0.047524,0.048182,0.052302,0.1295,0.12525,0.23113,0.12154,0.058117,0.15795,0.1079,0.17725,0.16405,0.13116
3.71,0.14245,0.066067,0.12499,0.11447,0.06625,0.064438,0.31238,0.054614,0.058441,0.29526,0.14309,0.31372,0.13064,0.042763,0.22153,0.20596,0.30635,0.19902,0.41456,0.17312,0.08767,0.26859,0.21109,0.046332,0.24199,0.058829,0.047344,0.048042,0.051965,0.12874,0.12447,0.23154,0.12226,0.058685,0.15877,0.10787,0.17712,0.16318,0.13147
3.72,0.14168,0.065811,0.12446,0.11383,0.065861,0.063446,0.31148,0.054521,0.05815,0.29274,0.14232,0.31061,0.12909,0.042572,0.21993,0.20516,0.30659,0.19847,0.41644,0.16974,0.087172,0.26778,0.20896,0.046223,0.24013,0.058408,0.04716,0.047897,0.051631,0.12797,0.12377,0.23189,0.12293,0.059305,0.15959,0.10784,0.17696,0.1623,0.13171
3.73,0.14091,0.065549,0.12393,0.11321,0.065464,0.062466,0.31056,0.054401,0.057866,0.29024,0.14154,0.30752,0.12755,0.042385,0.21836,0.20428,0.30681,0.19786,0.41828,0.16638,0.086705,0.26696,0.20678,0.046112,0.23828,0.057983,0.046971,0.047748,0.051299,0.12719,0.12304,0.23273,0.12355,0.059972,0.16041,0.10781,0.17679,0.1614,0.13188
3.74,0.14013,0.065284,0.1234,0.11259,0.06506,0.061499,0.30961,0.054266,0.05759,0.28774,0.14075,0.30443,0.12604,0.042201,0.21679,0.20337,0.30701,0.19728,0.42007,0.16306,0.086271,0.26613,0.20456,0.045998,0.23643,0.057554,0.046778,0.047595,0.050969,0.12641,0.1223,0.23522,0.12414,0.060679,0.16122,0.10778,0.17659,0.16049,0.13198
3.75,0.13936,0.065016,0.12288,0.11199,0.064649,0.061374,0.30863,0.054116,0.05732,0.28525,0.13995,0.30135,0.12455,0.04202,0.21522,0.20239,0.30717,0.19677,0.42181,0.15977,0.085869,0.2653,0.2023,0.045881,0.23459,0.057121,0.046581,0.047437,0.050642,0.12561,0.12153,0.23758,0.12468,0.061417,0.16203,0.10775,0.17637,0.15955,0.13203
3.76,0.13859,0.064744,0.12235,0.1114,0.064231,0.06127,0.30763,0.053954,0.057057,0.28277,0.13915,0.29828,0.12307,0.041842,0.21367,0.20137,0.30731,0.19623,0.42351,0.15652,0.0855,0.26447,0.20001,0.045764,0.23275,0.056686,0.04638,0.047275,0.050317,0.12482,0.12073,0.2398,0.12519,0.062179,0.16283,0.10772,0.17613,0.15861,0.13202
3.77,0.13782,0.064468,0.12183,0.11082,0.063807,0.061163,0.3066,0.053772,0.056801,0.28031,0.13836,0.29522,0.12161,0.041667,0.21212,0.20028,0.3074,0.19565,0.42516,0.15331,0.085166,0.26364,0.19768,0.045648,0.23093,0.056247,0.046174,0.047109,0.049994,0.12402,0.11991,0.24189,0.12567,0.062955,0.16363,0.1077,0.17588,0.15764,0.13195
3.78,0.13705,0.064192,0.12131,0.11026,0.063377,0.06105,0.30554,0.053566,0.05655,0.27785,0.13757,0.29218,0.12015,0.041496,0.21059,0.19915,0.30747,0.19506,0.42677,0.15016,0.084866,0.2628,0.19533,0.045531,0.2291,0.055806,0.046423,0.046941,0.049673,0.12321,0.11906,0.24384,0.12612,0.063734,0.16442,0.10767,0.1756,0.15667,0.13184
3.79,0.13628,0.063912,0.1208,0.1097,0.06294,0.060935,0.30446,0.05335,0.056306,0.27541,0.13677,0.28915,0.11871,0.041328,0.20906,0.19797,0.3075,0.19443,0.42854,0.14707,0.0846,0.26196,0.19296,0.045412,0.22729,0.055363,0.046653,0.046776,0.049355,0.1224,0.11819,0.24565,0.12654,0.064506,0.16522,0.10764,0.17531,0.15567,0.13168
3.8,0.13551,0.063628,0.12028,0.10916,0.062497,0.060816,0.30336,0.053104,0.056068,0.27298,0.13597,0.28613,0.11728,0.041162,0.20753,0.19674,0.30749,0.19379,0.43128,0.14404,0.084368,0.26112,0.19135,0.045291,0.22548,0.054917,0.04686,0.046606,0.049039,0.12159,0.11728,0.24733,0.12695,0.065262,0.16601,0.10761,0.17499,0.15467,0.13148
3.81,0.13474,0.063339,0.11977,0.10863,0.062048,0.060692,0.30222,0.052856,0.055836,0.27056,0.13516,0.28313,0.11586,0.040998,0.20602,0.19545,0.30744,0.19313,0.43396,0.14107,0.08417,0.26028,0.18992,0.04517,0.22367,0.054469,0.047044,0.046433,0.048725,0.12077,0.11633,0.24887,0.12733,0.065991,0.16679,0.10757,0.17466,0.15365,0.13125
3.82,0.13397,0.063044,0.11926,0.10811,0.061595,0.060566,0.30106,0.05258,0.055609,0.26815,0.13432,0.28014,0.11446,0.040835,0.20451,0.19413,0.30736,0.19246,0.43658,0.13817,0.084007,0.25944,0.18836,0.045048,0.22187,0.05402,0.047204,0.046257,0.048413,0.11996,0.11534,0.25028,0.12769,0.066688,0.16757,0.10753,0.17431,0.15261,0.13099
3.83,0.1332,0.062744,0.11875,0.1076,0.061137,0.060435,0.29986,0.052305,0.055387,0.26575,0.13348,0.27716,0.11307,0.040675,0.20302,0.19275,0.30724,0.19178,0.43915,0.13535,0.083875,0.25861,0.18669,0.044925,0.22008,0.053569,0.047343,0.046078,0.048104,0.11914,0.11431,0.25157,0.12803,0.067343,0.16836,0.10748,0.17394,0.15157,0.1307
3.84,0.13244,0.062438,0.11825,0.1071,0.060673,0.060302,0.29864,0.05201,0.055171,0.26336,0.13262,0.27421,0.11169,0.040517,0.20152,0.19134,0.30708,0.1911,0.44163,0.1326,0.083776,0.25777,0.18491,0.044805,0.2183,0.053117,0.047459,0.045895,0.047798,0.11833,0.11324,0.25273,0.12835,0.067952,0.16914,0.10743,0.17355,0.15051,0.13039
3.85,0.13167,0.062127,0.11775,0.10661,0.060205,0.060165,0.29741,0.051719,0.054959,0.26098,0.13176,0.27127,0.11033,0.04036,0.20004,0.18987,0.30688,0.1904,0.44404,0.12994,0.083708,0.25694,0.18304,0.044685,0.21652,0.052663,0.047556,0.045709,0.047494,0.11752,0.11212,0.25378,0.12866,0.06851,0.16992,0.10737,0.17315,0.14944,0.13007
3.86,0.13091,0.06181,0.11725,0.10613,0.059733,0.060025,0.29614,0.051413,0.054753,0.25861,0.13088,0.26835,0.10897,0.040204,0.19857,0.18837,0.30665,0.18971,0.44635,0.12735,0.08367,0.25611,0.18108,0.044565,0.21475,0.052209,0.047632,0.045521,0.047192,0.11671,0.11095,0.25473,0.12896,0.069015,0.1707,0.10731,0.17272,0.14836,0.12973
3.87,0.13015,0.061489,0.11675,0.10567,0.059255,0.059881,0.29485,0.051114,0.054551,0.25625,0.13,0.26545,0.10764,0.04005,0.1971,0.18682,0.30639,0.18902,0.44856,0.12485,0.083661,0.25528,0.17903,0.044444,0.21298,0.051754,0.047688,0.04533,0.046892,0.11589,0.10973,0.25557,0.12924,0.069465,0.17148,0.10724,0.17229,0.14727,0.1294
3.88,0.12939,0.061162,0.11625,0.10521,0.058775,0.059734,0.29353,0.050808,0.054353,0.25391,0.12912,0.26256,0.10631,0.039896,0.19564,0.18524,0.30608,0.18832,0.45066,0.12244,0.083679,0.25445,0.17692,0.044324,0.21122,0.051298,0.047727,0.045141,0.046594,0.11508,0.10846,0.25632,0.1295,0.069859,0.17227,0.10715,0.17184,0.14617,0.12906
3.89,0.12863,0.060832,0.11576,0.10477,0.058292,0.059584,0.29219,0.050507,0.05416,0.25157,0.12849,0.25969,0.105,0.039744,0.1942,0.18362,0.30574,0.18763,0.45266,0.12012,0.083722,0.25363,0.17474,0.044204,0.20946,0.050841,0.047747,0.044951,0.046299,0.11427,0.1075,0.25698,0.12976,0.0702,0.17306,0.10706,0.17137,0.14506,0.12873
3.9,0.12787,0.060497,0.11527,0.10434,0.057804,0.05943,0.29083,0.05021,0.05397,0.24925,0.12794,0.25684,0.1037,0.039593,0.19276,0.18196,0.30537,0.18694,0.45456,0.11788,0.083789,0.25281,0.1725,0.044084,0.20771,0.050384,0.04775,0.044759,0.046005,0.11346,0.10688,0.25756,0.13,0.070487,0.17384,0.10696,0.1709,0.14395,0.12841
3.91,0.12711,0.060158,0.11478,0.10391,0.057312,0.059275,0.28944,0.049911,0.053785,0.24693,0.12739,0.254,0.10242,0.039442,0.19134,0.18028,0.30497,0.18625,0.45636,0.11589,0.083878,0.25199,0.17022,0.043965,0.20596,0.049926,0.047735,0.044564,0.045714,0.11265,0.10623,0.25806,0.13023,0.070724,0.17464,0.10685,0.17041,0.14283,0.12811
3.92,0.12635,0.059816,0.11429,0.1035,0.056818,0.059116,0.28804,0.049631,0.053604,0.24462,0.12683,0.25118,0.10114,0.039292,0.18992,0.17856,0.30453,0.18556,0.45806,0.11526,0.083988,0.25117,0.1679,0.043849,0.20422,0.049468,0.047703,0.044366,0.045424,0.11184,0.10555,0.25849,0.13045,0.070912,0.17543,0.10672,0.16991,0.1417,0.12782
3.93,0.1256,0.059471,0.11381,0.1031,0.056321,0.058954,0.28661,0.049351,0.053426,0.24233,0.12626,0.24838,0.099886,0.039143,0.18851,0.17681,0.30406,0.18488,0.45966,0.11461,0.084116,0.25036,0.16555,0.043735,0.20249,0.04901,0.047654,0.044167,0.045137,0.11103,0.10484,0.25885,0.13066,0.071054,0.17622,0.10658,0.1694,0.14056,0.12755
3.94,0.12484,0.059123,0.11332,0.1027,0.055821,0.058791,0.28517,0.04908,0.053251,0.24004,0.12567,0.2456,0.098642,0.038996,0.18711,0.17503,0.30356,0.1842,0.46115,0.11393,0.084261,0.24956,0.16317,0.043621,0.20076,0.048553,0.047588,0.043964,0.044851,0.11022,0.10434,0.25915,0.13085,0.071153,0.17702,0.10644,0.16887,0.13942,0.12732
3.95,0.12409,0.058772,0.11284,0.10232,0.055319,0.058624,0.28369,0.048827,0.05308,0.23776,0.12506,0.24284,0.097411,0.03885,0.1857,0.17323,0.30304,0.18353,0.46255,0.11323,0.084422,0.24875,0.16077,0.043508,0.19904,0.048095,0.047504,0.04376,0.044568,0.1094,0.10437,0.25939,0.13103,0.07121,0.17781,0.10627,0.16834,0.13828,0.12711
3.96,0.12333,0.058419,0.11236,0.10194,0.054959,0.058455,0.28221,0.048589,0.052912,0.2355,0.12444,0.24009,0.096193,0.038705,0.18432,0.1714,0.30249,0.18286,0.46383,0.11251,0.084595,0.24796,0.15837,0.043396,0.19732,0.047638,0.047405,0.043554,0.044286,0.10858,0.10439,0.25957,0.1312,0.071225,0.1786,0.1061,0.1678,0.13713,0.12694
3.97,0.12258,0.058065,0.11189,0.10158,0.054669,0.058285,0.28069,0.048421,0.052747,0.23324,0.12379,0.23737,0.094989,0.038559,0.18394,0.16955,0.30192,0.1822,0.46502,0.11177,0.084781,0.24716,0.15629,0.043285,0.19561,0.047181,0.047289,0.043345,0.044007,0.10776,0.10438,0.2597,0.13135,0.071202,0.17939,0.10591,0.16725,0.13598,0.1268
3.98,0.12182,0.057708,0.11141,0.10122,0.054381,0.058111,0.27917,0.048267,0.052585,0.23099,0.12313,0.23466,0.093798,0.038413,0.18394,0.16768,0.30133,0.18155,0.4661,0.111,0.084975,0.24637,0.15479,0.043175,0.19475,0.046725,0.047156,0.04314,0.043729,0.10694,0.10435,0.25978,0.13148,0.071138,0.18016,0.10571,0.16669,0.13482,0.1267
3.99,0.12107,0.05735,0.11094,0.10088,0.054095,0.057936,0.27762,0.048129,0.052426,0.22876,0.12245,0.23197,0.092627,0.038268,0.18392,0.16578,0.30073,0.1809,0.46708,0.11022,0.085178,0.24558,0.1533,0.043066,0.19395,0.046269,0.047007,0.042933,0.043454,0.10611,0.10429,0.25981,0.1316,0.071034,0.18093,0.10548,0.16613,0.13366,0.12664
4,0.12032,0.056991,0.11047,0.10054,0.053811,0.05776,0.27606,0.048012,0.052269,0.22653,0.12175,0.22931,0.091471,0.038123,0.18387,0.16386,0.30011,0.18026,0.46796,0.10942,0.085388,0.2448,0.15182,0.04296,0.19316,0.045815,0.046843,0.042725,0.04318,0.10529,0.1042,0.25979,0.13169,0.070889,0.18168,0.10525,0.16557,0.13249,0.12662
4.01,0.11956,0.056632,0.11001,0.10021,0.053527,0.05758,0.27448,0.047915,0.052115,0.22432,0.12103,0.22665,0.090328,0.037977,0.18379,0.16193,0.29948,0.17963,0.46874,0.10859,0.085601,0.24402,0.15036,0.042856,0.19236,0.045362,0.046664,0.042514,0.042909,0.10446,0.10409,0.25972,0.13177,0.070702,0.18242,0.10499,0.165,0.13133,0.12663
4.02,0.11881,0.056272,0.10954,0.09989,0.053246,0.0574,0.27289,0.047835,0.051963,0.22212,0.1203,0.22414,0.089198,0.037831,0.1837,0.15999,0.29885,0.17901,0.46942,0.10775,0.085818,0.24325,0.14893,0.042755,0.19157,0.04491,0.046472,0.042302,0.042639,0.10362,0.10395,0.2596,0.13182,0.07047,0.18314,0.10472,0.16443,0.13016,0.1267
4.03,0.11806,0.055912,0.10908,0.099577,0.052965,0.057219,0.27128,0.047774,0.051813,0.21992,0.11955,0.22255,0.088081,0.037685,0.18359,0.15802,0.29823,0.1784,0.47,0.1069,0.086037,0.24248,0.14752,0.042654,0.19077,0.044459,0.046266,0.042087,0.042371,0.10279,0.10379,0.25944,0.13184,0.070195,0.18385,0.10442,0.16385,0.129,0.1268
4.04,0.11731,0.055552,0.10862,0.099273,0.052685,0.057035,0.26967,0.047733,0.051666,0.21774,0.11878,0.22097,0.086977,0.037539,0.18345,0.15604,0.2976,0.17779,0.47048,0.10603,0.086255,0.24171,0.14702,0.042555,0.18998,0.044009,0.046049,0.041871,0.042105,0.10196,0.10359,0.25923,0.13184,0.069872,0.18454,0.10411,0.16327,0.12783,0.12695
4.05,0.11656,0.055192,0.10817,0.098978,0.052407,0.056851,0.26803,0.047713,0.051521,0.21557,0.118,0.2194,0.085885,0.037392,0.1833,0.15405,0.29697,0.1772,0.47087,0.10514,0.086474,0.24095,0.14721,0.042458,0.18919,0.043561,0.045823,0.041653,0.041841,0.10112,0.10336,0.25896,0.1318,0.069502,0.18521,0.10378,0.16267,0.12666,0.12714
4.06,0.11581,0.054832,0.10772,0.098689,0.05213,0.056666,0.2664,0.047712,0.051377,0.21342,0.11721,0.21784,0.084807,0.037245,0.18312,0.15204,0.29635,0.17661,0.47117,0.10423,0.08669,0.24019,0.14738,0.042362,0.1884,0.043115,0.045593,0.041456,0.041579,0.10029,0.10311,0.25866,0.13174,0.069082,0.18588,0.10344,0.16208,0.1255,0.12737
4.07,0.11506,0.054472,0.10726,0.098408,0.051853,0.056479,0.26474,0.047732,0.051235,0.21127,0.11648,0.21629,0.08374,0.037098,0.18292,0.15003,0.29574,0.17603,0.47137,0.10332,0.086903,0.23944,0.14753,0.042268,0.18761,0.042671,0.045648,0.041303,0.041319,0.09945,0.10282,0.2583,0.13164,0.068615,0.18654,0.10307,0.16148,0.12433,0.12764
4.08,0.11432,0.054112,0.10695,0.098135,0.05158,0.056291,0.26308,0.047772,0.051095,0.20914,0.11661,0.21474,0.08288,0.036951,0.1827,0.148,0.29514,0.17546,0.47147,0.10239,0.087112,0.23869,0.14767,0.042176,0.18765,0.042229,0.045739,0.041146,0.041062,0.098607,0.10251,0.25789,0.13151,0.0681,0.18719,0.10269,0.16088,0.12316,0.12795
4.09,0.11357,0.053753,0.10672,0.09787,0.051308,0.056103,0.26142,0.047838,0.050957,0.20702,0.11672,0.21321,0.082284,0.036805,0.18245,0.14597,0.29454,0.1749,0.47148,0.10144,0.087317,0.23794,0.14778,0.042085,0.18905,0.041789,0.045818,0.040988,0.040806,0.097772,0.10216,0.25742,0.13133,0.06754,0.18785,0.1023,0.16027,0.12199,0.1283
4.1,0.11282,0.053394,0.10649,0.09761,0.051036,0.055914,0.25974,0.047925,0.05082,0.20492,0.11682,0.21168,0.081691,0.036658,0.1822,0.14393,0.29395,0.17435,0.4714,0.10168,0.087516,0.2372,0.14789,0.041999,0.19039,0.041351,0.045883,0.040826,0.040552,0.096933,0.10178,0.2569,0.13112,0.066938,0.18849,0.10189,0.15966,0.12082,0.12868
4.11,0.11207,0.053037,0.10626,0.097358,0.050767,0.055724,0.25806,0.048031,0.050684,0.20283,0.1169,0.21015,0.081105,0.036511,0.18191,0.14189,0.29336,0.17381,0.47125,0.10221,0.087708,0.23646,0.14797,0.041913,0.19168,0.040916,0.045937,0.040662,0.0403,0.096088,0.10136,0.25631,0.13086,0.066298,0.18913,0.10146,0.15904,0.11965,0.1291
4.12,0.11133,0.05268,0.10603,0.097113,0.050498,0.055534,0.25638,0.048157,0.05055,0.20075,0.11696,0.20864,0.08053,0.036362,0.18161,0.13985,0.29277,0.17328,0.47103,0.10271,0.087894,0.23573,0.14804,0.04183,0.19291,0.040483,0.045978,0.040496,0.040049,0.095242,0.10092,0.25566,0.1306,0.065624,0.18975,0.10102,0.15843,0.11847,0.12955
4.13,0.11058,0.052325,0.1058,0.096874,0.05023,0.055343,0.2547,0.0483,0.050417,0.19872,0.117,0.20713,0.079957,0.036213,0.18127,0.1378,0.29218,0.17275,0.47076,0.10319,0.088073,0.235,0.1481,0.041748,0.1941,0.040052,0.046008,0.040331,0.039801,0.094403,0.10044,0.25496,0.13062,0.064922,0.19035,0.10057,0.15781,0.1173,0.13004
4.14,0.10983,0.05197,0.10557,0.096641,0.049964,0.055152,0.25302,0.048461,0.050285,0.19764,0.11703,0.20563,0.079387,0.036064,0.18092,0.13766,0.29159,0.17223,0.47043,0.10365,0.088245,0.23427,0.14814,0.041667,0.19526,0.039625,0.046026,0.040165,0.039554,0.093559,0.099927,0.25421,0.1306,0.064199,0.19092,0.10011,0.15719,0.11613,0.13055
4.15,0.10925,0.051618,0.10534,0.096414,0.049699,0.055145,0.25133,0.048638,0.050154,0.19657,0.11705,0.20414,0.078827,0.035913,0.18055,0.13754,0.29099,0.17171,0.47005,0.10407,0.08841,0.23354,0.14816,0.041589,0.19638,0.0392,0.046032,0.039997,0.039309,0.092711,0.099384,0.2534,0.13053,0.063461,0.19147,0.09963,0.15656,0.11496,0.13109
4.16,0.10873,0.051267,0.1051,0.096194,0.049435,0.055233,0.24964,0.04883,0.050024,0.19551,0.11705,0.20266,0.078274,0.035762,0.18015,0.13739,0.29039,0.1712,0.46963,0.10446,0.088566,0.23282,0.14817,0.041511,0.19747,0.038779,0.046027,0.039827,0.039066,0.091859,0.098808,0.25254,0.13041,0.062718,0.19198,0.099139,0.15594,0.1138,0.13165
4.17,0.10821,0.050918,0.10487,0.095979,0.049173,0.055335,0.24795,0.049045,0.049897,0.19445,0.11703,0.20118,0.077723,0.03561,0.17973,0.13724,0.28979,0.1707,0.46917,0.10481,0.088713,0.2321,0.14816,0.041437,0.19852,0.03836,0.04601,0.039654,0.038866,0.091016,0.098197,0.25163,0.13025,0.061976,0.19247,0.099245,0.15531,0.11385,0.13223
4.18,0.10769,0.050571,0.10463,0.095769,0.048913,0.05545,0.24626,0.049274,0.04977,0.19339,0.117,0.19972,0.077175,0.035457,0.17929,0.13706,0.28918,0.1702,0.46867,0.10513,0.088851,0.23138,0.14814,0.041365,0.19953,0.037944,0.045983,0.039479,0.038741,0.090196,0.097553,0.25067,0.13004,0.061245,0.19292,0.099506,0.15467,0.11388,0.13283
4.19,0.10718,0.050227,0.10439,0.095564,0.048654,0.055579,0.24456,0.049513,0.049644,0.19234,0.11697,0.19825,0.07664,0.035303,0.17883,0.13685,0.28857,0.1697,0.46815,0.1054,0.088981,0.23067,0.1481,0.041295,0.2005,0.037532,0.045944,0.039302,0.038587,0.090304,0.096883,0.24964,0.12977,0.060531,0.19333,0.099742,0.15404,0.11391,0.13348
4.2,0.10667,0.049885,0.10415,0.095366,0.048396,0.055723,0.24286,0.049763,0.049518,0.19129,0.11691,0.1968,0.076108,0.035148,0.17835,0.13663,0.28795,0.16945,0.46762,0.10564,0.089101,0.22995,0.14805,0.041226,0.20141,0.037123,0.045895,0.039123,0.038405,0.090382,0.096178,0.24853,0.12944,0.059842,0.19371,0.099953,0.1534,0.11393,0.13438
4.21,0.10616,0.049546,0.10391,0.095172,0.048139,0.05588,0.24116,0.050021,0.049393,0.19025,0.11684,0.19535,0.075579,0.034992,0.17785,0.13639,0.28732,0.16939,0.46846,0.10583,0.089213,0.22924,0.14799,0.041159,0.20227,0.036718,0.045836,0.038945,0.038196,0.090441,0.095438,0.24734,0.12906,0.059184,0.19406,0.10014,0.15277,0.11394,0.1353
4.22,0.10565,0.049209,0.10367,0.094983,0.047883,0.056051,0.23945,0.050289,0.049269,0.1892,0.11675,0.19392,0.075052,0.034837,0.17734,0.13613,0.28669,0.16933,0.46934,0.10599,0.089316,0.22853,0.14791,0.041093,0.20308,0.036317,0.045767,0.038766,0.037959,0.090476,0.094672,0.24607,0.12862,0.058563,0.19436,0.1003,0.15212,0.11394,0.13622
4.23,0.10515,0.048875,0.10343,0.094798,0.047628,0.056236,0.23774,0.050572,0.049145,0.18817,0.11666,0.19248,0.074527,0.034682,0.17681,0.13585,0.28605,0.16928,0.47018,0.10609,0.08941,0.22783,0.14782,0.041029,0.20385,0.035919,0.045688,0.038586,0.037697,0.090482,0.093874,0.24472,0.12814,0.057982,0.19463,0.10043,0.15148,0.11393,0.13714
4.24,0.10465,0.048544,0.10318,0.094618,0.047375,0.056433,0.23603,0.050859,0.049022,0.18713,0.11655,0.19106,0.074012,0.034526,0.17626,0.13556,0.28541,0.16924,0.47099,0.10615,0.089496,0.22712,0.14771,0.040968,0.20457,0.035525,0.045598,0.038403,0.03741,0.090475,0.093042,0.24329,0.12759,0.057445,0.19486,0.10054,0.15084,0.11391,0.13807
4.25,0.10415,0.048216,0.10293,0.094442,0.047123,0.056644,0.23432,0.051149,0.048899,0.1861,0.11643,0.18964,0.073503,0.034369,0.1757,0.13525,0.28475,0.1692,0.47176,0.10617,0.089572,0.22642,0.14759,0.040909,0.20524,0.035136,0.045501,0.038218,0.037101,0.090438,0.092185,0.24178,0.127,0.056952,0.19505,0.10062,0.15019,0.11389,0.139
4.26,0.10365,0.047892,0.10269,0.09427,0.046872,0.056867,0.2326,0.051439,0.048776,0.18508,0.11629,0.18824,0.072996,0.03421,0.17512,0.13491,0.28409,0.16917,0.4725,0.10614,0.08964,0.22572,0.14747,0.040851,0.20585,0.034751,0.045393,0.038031,0.036769,0.090382,0.091298,0.24018,0.1271,0.056503,0.1952,0.10067,0.14954,0.11385,0.13993
4.27,0.10315,0.04757,0.10244,0.094103,0.046623,0.057102,0.23089,0.051728,0.048654,0.18406,0.11616,0.18683,0.072492,0.034051,0.17452,0.13457,0.28342,0.16913,0.47321,0.10606,0.089699,0.22502,0.14733,0.040794,0.20642,0.03437,0.045277,0.037841,0.036503,0.090307,0.090377,0.23848,0.12765,0.056097,0.19531,0.1007,0.1489,0.11381,0.14085
4.28,0.10266,0.047253,0.10219,0.093939,0.046376,0.057349,0.22917,0.05203,0.048532,0.18304,0.116,0.18544,0.07199,0.033891,0.1739,0.1342,0.28274,0.1691,0.47387,0.10593,0.089748,0.22431,0.14718,0.04074,0.20693,0.033995,0.045152,0.03765,0.03628,0.090205,0.089437,0.23667,0.12816,0.055731,0.19539,0.1007,0.14825,0.11376,0.14176
4.29,0.10216,0.046939,0.10194,0.093778,0.046129,0.057607,0.22746,0.052326,0.04841,0.18203,0.11583,0.18406,0.07149,0.033729,0.17327,0.13382,0.28204,0.16907,0.4745,0.10576,0.089789,0.22361,0.14702,0.040688,0.20739,0.033624,0.045018,0.037457,0.036058,0.090091,0.088468,0.23476,0.12865,0.055401,0.19543,0.10068,0.1476,0.1137,0.14267
4.3,0.10167,0.046628,0.10168,0.093621,0.045884,0.057875,0.22574,0.052616,0.048288,0.18102,0.11565,0.18268,0.070992,0.033567,0.17261,0.13343,0.28134,0.16968,0.47507,0.10554,0.089819,0.22292,0.14685,0.040637,0.20779,0.03326,0.044877,0.037265,0.035838,0.089951,0.087471,0.23273,0.12912,0.055102,0.19543,0.10063,0.14695,0.11363,0.14357
4.31,0.10119,0.046322,0.10143,0.093467,0.045639,0.058154,0.22403,0.052897,0.048166,0.18002,0.11547,0.18131,0.070497,0.033403,0.17194,0.13302,0.28063,0.17054,0.47561,0.10527,0.08984,0.22222,0.14667,0.040587,0.20814,0.0329,0.044727,0.037073,0.03562,0.0898,0.086456,0.23059,0.12955,0.054828,0.1954,0.10055,0.1463,0.11355,0.14445
4.32,0.1007,0.04612,0.10118,0.093317,0.045396,0.058442,0.22231,0.053185,0.048044,0.17902,0.11528,0.17995,0.07001,0.033239,0.17126,0.13259,0.2799,0.17138,0.47609,0.10495,0.08985,0.22152,0.14649,0.04054,0.20842,0.032546,0.04457,0.036878,0.035403,0.089624,0.085417,0.22833,0.12996,0.054573,0.19534,0.10045,0.14565,0.11346,0.14531
4.33,0.10022,0.045918,0.10092,0.093168,0.045154,0.058739,0.2206,0.053464,0.047923,0.17802,0.11507,0.1786,0.069529,0.033073,0.17056,0.13215,0.27917,0.17221,0.47653,0.10459,0.08985,0.22082,0.1463,0.040494,0.20865,0.032196,0.044405,0.036682,0.035188,0.089439,0.084355,0.22596,0.13035,0.054332,0.19524,0.10032,0.145,0.11336,0.14616
4.34,0.099737,0.045717,0.10066,0.093024,0.044913,0.059044,0.21887,0.053728,0.047801,0.17703,0.11485,0.17725,0.06905,0.032907,0.16984,0.1317,0.27844,0.17302,0.47693,0.10418,0.089838,0.22012,0.14611,0.040449,0.20882,0.031851,0.044232,0.036483,0.034975,0.089234,0.083274,0.22348,0.13071,0.054096,0.1951,0.10017,0.14435,0.11326,0.14698
4.35,0.099257,0.045516,0.1004,0.092882,0.044673,0.059356,0.21716,0.053991,0.047679,0.17605,0.11462,0.17591,0.068574,0.032742,0.16911,0.13122,0.2777,0.17382,0.47728,0.10372,0.089813,0.21943,0.14592,0.040406,0.20893,0.031511,0.044054,0.036282,0.034763,0.089016,0.082177,0.22088,0.13106,0.05386,0.19493,0.099991,0.1437,0.11315,0.14779
4.36,0.098781,0.045315,0.10014,0.092742,0.044435,0.059676,0.21544,0.054244,0.047557,0.17506,0.11439,0.17458,0.0681,0.032576,0.16837,0.13075,0.27696,0.1746,0.47758,0.10322,0.089776,0.21873,0.14576,0.040365,0.209,0.031175,0.043867,0.03608,0.034552,0.088787,0.08106,0.21818,0.13138,0.053618,0.19473,0.099789,0.14305,0.11302,0.14856
4.37,0.098307,0.045115,0.099883,0.092605,0.044199,0.060002,0.21372,0.054481,0.047435,0.17409,0.11414,0.17326,0.067629,0.032408,0.16761,0.13025,0.27622,0.17536,0.47784,0.10267,0.089729,0.21803,0.1457,0.040325,0.20901,0.030843,0.043674,0.035876,0.034343,0.088546,0.079926,0.21538,0.13168,0.053363,0.19449,0.099562,0.1424,0.1129,0.14932
4.38,0.097833,0.044915,0.099621,0.09247,0.043963,0.060333,0.21201,0.054718,0.047313,0.17311,0.11389,0.17194,0.06716,0.03224,0.16685,0.12974,0.27549,0.17609,0.47806,0.10208,0.08967,0.21733,0.14565,0.040286,0.20897,0.030515,0.043475,0.035669,0.034136,0.088293,0.078779,0.21249,0.13196,0.053091,0.19421,0.09931,0.14175,0.11276,0.15004
4.39,0.097364,0.044715,0.099359,0.092337,0.043728,0.06067,0.21029,0.054934,0.047191,0.17214,0.11362,0.17064,0.066693,0.032071,0.16608,0.12922,0.27479,0.1768,0.47823,0.10145,0.089602,0.21663,0.14559,0.040248,0.20887,0.03019,0.043269,0.035462,0.03393,0.088031,0.077695,0.20969,0.13223,0.052796,0.1939,0.099034,0.1411,0.11261,0.15073
4.4,0.096896,0.044516,0.099095,0.092206,0.043495,0.06101,0.20858,0.055146,0.047068,0.17118,0.11335,0.16934,0.066228,0.031901,0.1653,0.12868,0.2741,0.17747,0.47836,0.10078,0.089527,0.21593,0.14553,0.040212,0.20871,0.029869,0.043058,0.035257,0.033726,0.087762,0.077258,0.2072,0.13247,0.052475,0.19355,0.098734,0.14046,0.11246,0.1514
4.41,0.09643,0.044318,0.098829,0.092077,0.043262,0.061355,0.20687,0.055339,0.046945,0.17022,0.11308,0.16805,0.065766,0.03173,0.16451,0.12813,0.27345,0.17812,0.47845,0.1005,0.089446,0.21523,0.14547,0.040177,0.2085,0.02955,0.042841,0.035049,0.033523,0.087488,0.076799,0.20463,0.1327,0.052123,0.19317,0.098408,0.13981,0.1123,0.15203
4.42,0.095967,0.04412,0.098563,0.091949,0.043031,0.061702,0.20516,0.055516,0.046822,0.16926,0.11279,0.16676,0.065307,0.031557,0.1637,0.12758,0.27282,0.17874,0.4785,0.10094,0.089361,0.21453,0.14539,0.040142,0.20824,0.029235,0.042618,0.03484,0.033322,0.087212,0.076321,0.20199,0.13291,0.051737,0.19275,0.098059,0.13917,0.11213,0.15263
4.43,0.095505,0.043922,0.098297,0.091823,0.042801,0.062053,0.20345,0.055681,0.046699,0.16831,0.11249,0.16549,0.06485,0.031384,0.1629,0.127,0.27222,0.17933,0.4785,0.10137,0.08927,0.21383,0.1453,0.040109,0.20792,0.028922,0.04239,0.034629,0.033123,0.087013,0.075821,0.19927,0.13311,0.052253,0.1923,0.097686,0.13853,0.11195,0.1532
4.44,0.095047,0.043725,0.098028,0.091699,0.042571,0.062405,0.20175,0.055819,0.046575,0.16736,0.11218,0.16422,0.064401,0.03121,0.16209,0.12642,0.27163,0.17988,0.47847,0.10177,0.089173,0.21313,0.14521,0.040075,0.20755,0.028612,0.042156,0.034416,0.032924,0.08691,0.075302,0.1965,0.13329,0.053041,0.19182,0.09729,0.13789,0.11177,0.15374
4.45,0.09459,0.043528,0.097757,0.091576,0.042343,0.062758,0.20004,0.055952,0.046451,0.16642,0.11187,0.16297,0.063957,0.031035,0.16127,0.12583,0.27106,0.1804,0.47839,0.10216,0.089069,0.21243,0.1451,0.040044,0.20713,0.028305,0.041919,0.034201,0.032728,0.086808,0.074764,0.19368,0.13346,0.053834,0.19131,0.096874,0.13725,0.11158,0.15424
4.46,0.094135,0.043331,0.097489,0.091454,0.042117,0.063112,0.19834,0.056052,0.046327,0.16548,0.11156,0.16171,0.063515,0.03086,0.16044,0.12523,0.2705,0.18117,0.47828,0.10253,0.088959,0.21172,0.14498,0.040013,0.20666,0.028001,0.041677,0.033985,0.032532,0.086702,0.074211,0.19086,0.13361,0.054626,0.19077,0.096435,0.13661,0.11138,0.15472
4.47,0.093683,0.043136,0.097218,0.091334,0.041892,0.063467,0.19665,0.056148,0.046202,0.16455,0.11123,0.16047,0.063075,0.030685,0.1596,0.12462,0.26994,0.18219,0.47813,0.10288,0.08884,0.21102,0.14486,0.039983,0.20642,0.0277,0.04143,0.033767,0.032338,0.086593,0.073643,0.18983,0.13375,0.055412,0.19021,0.095975,0.13598,0.11118,0.15515
4.48,0.093232,0.04294,0.096945,0.091213,0.041667,0.063821,0.19496,0.056213,0.046077,0.16362,0.11089,0.15924,0.062638,0.03051,0.15876,0.124,0.26938,0.18314,0.47793,0.10321,0.088714,0.21031,0.14472,0.039954,0.20619,0.027401,0.041179,0.033547,0.032145,0.08648,0.07306,0.18869,0.13387,0.056189,0.18963,0.095493,0.13535,0.11096,0.15556
4.49,0.092785,0.042745,0.096671,0.091095,0.041444,0.064174,0.19327,0.056271,0.045951,0.1627,0.11055,0.15801,0.062203,0.030333,0.15792,0.12336,0.26883,0.18405,0.4777,0.10352,0.088578,0.2096,0.14457,0.039924,0.20592,0.027105,0.040924,0.033325,0.031954,0.086362,0.07246,0.18745,0.13398,0.056954,0.18936,0.09499,0.13472,0.11074,0.15593
4.5,0.092339,0.042551,0.096398,0.090977,0.041222,0.064526,0.19158,0.056308,0.045826,0.16178,0.1102,0.15679,0.061771,0.030156,0.15707,0.12273,0.26827,0.18489,0.47743,0.1038,0.088434,0.2089,0.14441,0.039895,0.20562,0.026812,0.040666,0.033106,0.031764,0.086239,0.071844,0.18613,0.13408,0.057703,0.18918,0.094466,0.13409,0.11052,0.15627
4.51,0.091895,0.042358,0.096123,0.09086,0.041001,0.064973,0.18991,0.056327,0.045699,0.16087,0.10985,0.15558,0.061341,0.029978,0.15621,0.12208,0.26771,0.18568,0.47712,0.10406,0.088279,0.20819,0.14424,0.039867,0.20528,0.026603,0.040405,0.032885,0.031576,0.08611,0.071212,0.18471,0.13417,0.058433,0.18898,0.09392,0.13347,0.11028,0.15656
4.52,0.091454,0.042165,0.095847,0.090743,0.04078,0.065691,0.18823,0.056335,0.045573,0.15996,0.10949,0.15438,0.060913,0.0298,0.15535,0.12142,0.26714,0.18641,0.47677,0.10429,0.088113,0.20748,0.14406,0.039841,0.20491,0.026791,0.040142,0.032662,0.031388,0.085973,0.070567,0.18323,0.13425,0.05914,0.18878,0.093353,0.13285,0.11004,0.15682
4.53,0.091015,0.041973,0.095569,0.090626,0.040561,0.066402,0.18656,0.056327,0.045445,0.15905,0.10912,0.15319,0.060488,0.02962,0.15449,0.12076,0.26657,0.18708,0.47638,0.1045,0.087937,0.20677,0.14387,0.039814,0.20449,0.02697,0.039876,0.032438,0.031202,0.085829,0.069903,0.18167,0.13431,0.059821,0.18856,0.092763,0.13223,0.10979,0.15704
4.54,0.090578,0.041782,0.095292,0.090511,0.040343,0.067107,0.1849,0.056295,0.045318,0.15815,0.10874,0.152,0.060065,0.02944,0.15362,0.12009,0.266,0.18769,0.47595,0.10468,0.08775,0.20606,0.14366,0.039788,0.20404,0.027141,0.039611,0.032212,0.031018,0.085678,0.069226,0.18005,0.13437,0.060474,0.18833,0.092152,0.13162,0.10954,0.15722
4.55,0.090143,0.041591,0.095014,0.090396,0.040126,0.067803,0.18324,0.056249,0.04519,0.15725,0.10836,0.15082,0.059645,0.029259,0.15276,0.11941,0.26542,0.18825,0.47548,0.10483,0.087551,0.20534,0.14345,0.039761,0.20356,0.027303,0.039349,0.031984,0.030834,0.08552,0.068536,0.17838,0.13442,0.061096,0.1881,0.091519,0.13101,0.10928,0.15734
4.56,0.08971,0.0414,0.094734,0.090281,0.03991,0.068491,0.18159,0.056183,0.045062,0.15636,0.10797,0.14965,0.059227,0.029077,0.15188,0.11873,0.26483,0.18875,0.47497,0.10495,0.087341,0.20463,0.14353,0.039735,0.20303,0.027457,0.039357,0.031755,0.030652,0.085355,0.067828,0.17857,0.13445,0.061684,0.18785,0.090866,0.1304,0.10901,0.15743
4.57,0.08928,0.04121,0.094453,0.090166,0.039695,0.06917,0.17995,0.056097,0.044933,0.15548,0.10758,0.14849,0.058812,0.028895,0.15101,0.11803,0.26424,0.1892,0.47443,0.10505,0.087118,0.20392,0.14454,0.039709,0.20247,0.027602,0.039585,0.031524,0.030471,0.085183,0.067111,0.17877,0.13448,0.062236,0.1876,0.090193,0.1298,0.10874,0.15748
4.58,0.088852,0.04102,0.094173,0.090051,0.039482,0.069838,0.17831,0.055993,0.044803,0.1546,0.10718,0.14733,0.058399,0.028712,0.15014,0.11734,0.26364,0.18959,0.47384,0.10512,0.086884,0.2032,0.14554,0.039684,0.20187,0.027738,0.039791,0.031291,0.030292,0.085133,0.066381,0.1789,0.13451,0.062748,0.18734,0.089499,0.1292,0.10846,0.15747
4.59,0.088426,0.040831,0.093891,0.089937,0.039269,0.070494,0.17667,0.056319,0.044674,0.15372,0.10678,0.14619,0.057995,0.02853,0.14927,0.11664,0.26303,0.18993,0.47321,0.10516,0.086639,0.20249,0.14654,0.03966,0.20124,0.027867,0.039974,0.031057,0.030113,0.085157,0.065637,0.17896,0.13452,0.063219,0.18707,0.088786,0.1286,0.10818,0.15741
4.6,0.088002,0.040643,0.093608,0.089821,0.039058,0.071139,0.17505,0.056694,0.044543,0.15285,0.10637,0.14505,0.057593,0.028348,0.1484,0.11593,0.26241,0.19022,0.47255,0.10518,0.086381,0.20177,0.14752,0.039635,0.20057,0.027987,0.040135,0.030823,0.029936,0.085211,0.064887,0.17894,0.13453,0.063646,0.1868,0.088053,0.12801,0.10789,0.15731
4.61,0.08758,0.040455,0.093325,0.089707,0.038847,0.071772,0.17343,0.057059,0.044414,0.15198,0.10596,0.14392,0.057194,0.028165,0.14753,0.11521,0.26179,0.19045,0.47184,0.10516,0.086112,0.20106,0.14849,0.03961,0.19986,0.0281,0.040274,0.03059,0.02976,0.085284,0.064124,0.17885,0.13453,0.064027,0.18652,0.0873,0.12742,0.10759,0.15716
4.62,0.087161,0.040267,0.093042,0.089592,0.038637,0.072391,0.17182,0.057413,0.044284,0.15112,0.10554,0.14279,0.056797,0.027981,0.14667,0.11449,0.26116,0.19063,0.4711,0.10512,0.085831,0.20034,0.14944,0.039585,0.19912,0.028204,0.040391,0.030355,0.029586,0.085355,0.063352,0.1787,0.13452,0.064361,0.18624,0.086528,0.12683,0.10729,0.15696
4.63,0.086743,0.04008,0.092758,0.089477,0.038428,0.072996,0.17021,0.057758,0.044154,0.15027,0.10511,0.14168,0.056403,0.027797,0.14582,0.11377,0.26053,0.19075,0.47031,0.10505,0.085539,0.19963,0.15038,0.03956,0.19834,0.0283,0.040487,0.030119,0.029412,0.085417,0.062573,0.17847,0.13451,0.064647,0.18595,0.085736,0.12625,0.10698,0.15747
4.64,0.086329,0.039894,0.092473,0.089361,0.03822,0.073587,0.16862,0.058075,0.044024,0.14941,0.10468,0.14058,0.05601,0.027612,0.14497,0.11304,0.25988,0.19082,0.46949,0.10495,0.085237,0.19891,0.15131,0.039537,0.19754,0.02839,0.040563,0.029881,0.02924,0.085467,0.061785,0.17816,0.1345,0.064883,0.18565,0.084925,0.12567,0.10667,0.158
4.65,0.085916,0.039708,0.092189,0.089245,0.038014,0.074163,0.16702,0.058385,0.043893,0.14857,0.10425,0.13948,0.05562,0.027427,0.14412,0.11231,0.25922,0.19083,0.46862,0.10483,0.084923,0.1982,0.15221,0.039513,0.1967,0.028471,0.040619,0.029642,0.029069,0.085504,0.060991,0.17779,0.13448,0.065067,0.18535,0.084095,0.12509,0.10635,0.15852
4.66,0.085506,0.039523,0.091903,0.089129,0.037807,0.074724,0.16544,0.058662,0.043762,0.14773,0.10381,0.13838,0.055233,0.027241,0.14328,0.11157,0.25856,0.1908,0.46771,0.10468,0.084601,0.19748,0.1531,0.039489,0.19583,0.028545,0.040655,0.029402,0.028899,0.085526,0.06019,0.17734,0.13446,0.065201,0.18504,0.083246,0.12452,0.10603,0.15901
4.67,0.085097,0.039338,0.091618,0.089012,0.037603,0.075269,0.16387,0.05892,0.04363,0.14689,0.10337,0.1373,0.054848,0.027055,0.14245,0.11083,0.25789,0.19071,0.46676,0.1045,0.084268,0.19677,0.15397,0.039464,0.19493,0.028612,0.040672,0.02916,0.02873,0.085535,0.059382,0.17682,0.13444,0.065282,0.18472,0.082379,0.12395,0.1057,0.15947
4.68,0.084692,0.039154,0.091333,0.088894,0.0374,0.075798,0.1623,0.059156,0.043498,0.14606,0.10293,0.13623,0.054465,0.026868,0.14164,0.11009,0.25721,0.19057,0.46576,0.1043,0.083927,0.19606,0.15481,0.039439,0.19401,0.028671,0.040671,0.029028,0.028563,0.085532,0.058572,0.17622,0.13441,0.065312,0.1844,0.081493,0.12339,0.10537,0.15991
4.69,0.084288,0.03897,0.091048,0.088776,0.037197,0.076309,0.16074,0.059357,0.043365,0.14523,0.10248,0.13516,0.054085,0.026681,0.14084,0.10934,0.25652,0.19039,0.46473,0.10407,0.083578,0.19535,0.15564,0.039415,0.19305,0.028724,0.040653,0.029071,0.028396,0.085516,0.057755,0.17556,0.13438,0.065289,0.18407,0.080591,0.12283,0.10503,0.16032
4.7,0.083887,0.038787,0.090764,0.088657,0.036995,0.076802,0.15919,0.059546,0.043232,0.14441,0.10202,0.1341,0.053707,0.026494,0.14008,0.10859,0.25583,0.19118,0.46364,0.10381,0.083219,0.19464,0.15645,0.039391,0.19207,0.028769,0.040619,0.029113,0.028231,0.085488,0.056935,0.17483,0.13435,0.065216,0.18373,0.080614,0.12227,0.10469,0.1607
4.71,0.083488,0.038604,0.090481,0.088538,0.036795,0.077276,0.15765,0.059705,0.043099,0.14359,0.10156,0.13305,0.053331,0.026306,0.13935,0.10784,0.25512,0.19205,0.46252,0.10354,0.082853,0.19393,0.15723,0.039367,0.19106,0.028808,0.040569,0.029154,0.028067,0.085446,0.056113,0.17403,0.13432,0.065092,0.1834,0.081088,0.12171,0.10434,0.16105
4.72,0.083092,0.038423,0.0902,0.088417,0.036595,0.07773,0.15645,0.059831,0.042965,0.14278,0.1011,0.132,0.052958,0.026119,0.13864,0.10709,0.25441,0.19288,0.46135,0.10323,0.082479,0.19323,0.158,0.039342,0.19002,0.02884,0.040503,0.029194,0.027904,0.085389,0.055288,0.17315,0.13428,0.064919,0.18305,0.081562,0.12116,0.10399,0.16136
4.73,0.082697,0.038243,0.089922,0.088296,0.036396,0.078163,0.15533,0.059947,0.04283,0.14197,0.10063,0.13096,0.052591,0.025933,0.13794,0.10634,0.2537,0.19369,0.46013,0.10291,0.082098,0.19252,0.15874,0.039317,0.18897,0.028866,0.040424,0.029233,0.027742,0.085316,0.054463,0.17221,0.13423,0.0647,0.1827,0.082037,0.12061,0.10363,0.16165
4.74,0.082306,0.038063,0.089645,0.088174,0.036198,0.078575,0.15421,0.060026,0.042695,0.14117,0.10017,0.12994,0.052228,0.025746,0.13726,0.10558,0.25298,0.19446,0.45887,0.10256,0.081708,0.19182,0.15947,0.039291,0.18788,0.028886,0.040332,0.02927,0.027581,0.085228,0.05364,0.17181,0.13418,0.064434,0.18235,0.082512,0.12007,0.10327,0.1619
4.75,0.081917,0.037883,0.08937,0.08805,0.036,0.078964,0.15309,0.060089,0.04256,0.14037,0.099701,0.12892,0.051867,0.025558,0.13658,0.10483,0.25225,0.1952,0.45757,0.10219,0.081638,0.19112,0.16017,0.039267,0.18678,0.028899,0.040226,0.029306,0.027421,0.085123,0.052819,0.17223,0.13413,0.064127,0.18198,0.082986,0.11953,0.10291,0.16211
4.76,0.081531,0.037704,0.089097,0.087926,0.035804,0.079331,0.15197,0.060125,0.042424,0.13958,0.09923,0.1279,0.051508,0.02537,0.13591,0.10407,0.25152,0.19591,0.45621,0.1018,0.081601,0.19042,0.16086,0.039242,0.18565,0.028906,0.040108,0.029341,0.027263,0.085003,0.052,0.17258,0.13407,0.063779,0.18162,0.08346,0.11899,0.10254,0.16229
4.77,0.081147,0.037526,0.088825,0.0878,0.035609,0.079676,0.15086,0.060131,0.042288,0.13879,0.098755,0.1269,0.051151,0.025182,0.13524,0.10332,0.25078,0.19659,0.45481,0.10139,0.081562,0.18972,0.16152,0.039217,0.18451,0.028907,0.039976,0.029374,0.027105,0.08487,0.051184,0.17286,0.134,0.063394,0.18125,0.083935,0.11846,0.10217,0.16242
4.78,0.080766,0.037348,0.088554,0.087674,0.035415,0.079998,0.14974,0.060123,0.042152,0.13801,0.098276,0.1259,0.050797,0.024994,0.13459,0.10257,0.25004,0.19724,0.45336,0.10096,0.08152,0.18902,0.16216,0.039191,0.18334,0.028903,0.03983,0.029407,0.026949,0.084719,0.050373,0.17308,0.13393,0.063117,0.18087,0.084408,0.11793,0.10179,0.16252
4.79,0.080389,0.037171,0.088285,0.087545,0.035222,0.080298,0.14863,0.060079,0.042015,0.13723,0.097794,0.1249,0.050445,0.024806,0.13394,0.10181,0.24929,0.19787,0.45187,0.10051,0.081476,0.18833,0.16279,0.039164,0.18216,0.028893,0.039671,0.029438,0.026793,0.084548,0.049567,0.17323,0.13385,0.063531,0.18049,0.084882,0.11741,0.10141,0.16258
4.8,0.080014,0.036995,0.088019,0.087417,0.035029,0.080576,0.14752,0.060021,0.041878,0.13646,0.097308,0.12392,0.050096,0.024617,0.1333,0.10106,0.24854,0.19848,0.45033,0.10004,0.081429,0.18764,0.16339,0.039137,0.18095,0.028877,0.039498,0.029467,0.026639,0.084364,0.048766,0.17332,0.13377,0.063939,0.1801,0.085354,0.11688,0.10103,0.16259
4.81,0.079642,0.036819,0.087757,0.087286,0.034838,0.080832,0.14641,0.059935,0.04174,0.13569,0.096819,0.12294,0.049748,0.024429,0.13266,0.10031,0.24779,0.19907,0.44874,0.099555,0.08138,0.18695,0.16396,0.039111,0.17973,0.028857,0.039312,0.029496,0.026485,0.084159,0.04797,0.17335,0.13368,0.064381,0.1797,0.085825,0.11636,0.10064,0.16256
4.82,0.079273,0.036643,0.087496,0.087154,0.034647,0.081068,0.1453,0.059824,0.041602,0.13493,0.096328,0.12197,0.049403,0.02424,0.13202,0.099562,0.24704,0.19964,0.44711,0.09905,0.081364,0.18627,0.16451,0.039084,0.1785,0.028831,0.039111,0.029523,0.026333,0.083936,0.047538,0.17331,0.13359,0.065035,0.17931,0.086294,0.11585,0.10024,0.16249
4.83,0.078907,0.036469,0.087237,0.087021,0.034458,0.081285,0.1442,0.059695,0.041464,0.13417,0.095833,0.12101,0.049063,0.024051,0.13139,0.098814,0.24628,0.2002,0.44544,0.098529,0.081748,0.18558,0.16504,0.039057,0.17725,0.028801,0.038897,0.029549,0.026182,0.083696,0.047105,0.17321,0.13349,0.065686,0.1789,0.086762,0.11534,0.099851,0.16238
4.84,0.078545,0.036294,0.086978,0.086887,0.034269,0.081484,0.14309,0.059542,0.041325,0.13342,0.095343,0.12006,0.048727,0.023862,0.13075,0.09807,0.24552,0.20075,0.44373,0.097994,0.082112,0.18491,0.16554,0.039029,0.17598,0.028766,0.038669,0.029573,0.026031,0.083436,0.046662,0.17305,0.13339,0.066333,0.17849,0.087227,0.11483,0.099454,0.16222
4.85,0.078186,0.036121,0.08672,0.086751,0.034081,0.081666,0.142,0.059373,0.041186,0.13267,0.094851,0.11911,0.048393,0.023673,0.1301,0.097326,0.24475,0.20128,0.44198,0.097444,0.082456,0.18423,0.16602,0.039,0.17471,0.028726,0.038428,0.029596,0.025882,0.083162,0.046216,0.17283,0.13328,0.066977,0.17807,0.087689,0.11433,0.099051,0.16217
4.86,0.07783,0.035986,0.086464,0.086613,0.033894,0.08183,0.1409,0.059191,0.041047,0.13192,0.094357,0.11817,0.048061,0.023484,0.12946,0.096585,0.24398,0.2018,0.44019,0.096879,0.082782,0.18356,0.16647,0.038971,0.17343,0.028682,0.038174,0.029618,0.025734,0.082866,0.045761,0.17256,0.13316,0.067617,0.17765,0.088146,0.11383,0.098648,0.16214
4.87,0.077477,0.03591,0.086208,0.086474,0.033707,0.081975,0.1398,0.058994,0.040907,0.13119,0.093861,0.11724,0.047731,0.023295,0.12882,0.095847,0.24321,0.20231,0.43836,0.096298,0.083085,0.18289,0.1669,0.038943,0.17213,0.028633,0.037907,0.029639,0.025587,0.082557,0.045301,0.17223,0.13304,0.068252,0.17721,0.0886,0.11333,0.098241,0.16209
4.88,0.077127,0.035838,0.085953,0.086334,0.033522,0.082102,0.13871,0.058785,0.040767,0.13045,0.093362,0.11631,0.047403,0.023108,0.12817,0.095108,0.24244,0.2028,0.4365,0.095705,0.083365,0.18222,0.1673,0.038914,0.17083,0.028581,0.037627,0.029659,0.02544,0.082228,0.044834,0.17185,0.13292,0.068884,0.17678,0.089049,0.11284,0.097829,0.16202
4.89,0.07678,0.035768,0.0857,0.086192,0.033337,0.082209,0.13762,0.058567,0.040627,0.12972,0.092862,0.11539,0.047079,0.02292,0.12752,0.094374,0.24167,0.20327,0.43462,0.095102,0.083619,0.18156,0.16768,0.038884,0.16952,0.028524,0.037336,0.029679,0.025295,0.081887,0.044364,0.17141,0.13279,0.069511,0.17633,0.089492,0.11235,0.097417,0.16192
4.9,0.076435,0.035702,0.085449,0.086049,0.033154,0.082297,0.13654,0.058345,0.040486,0.129,0.092359,0.11448,0.04676,0.022886,0.12688,0.09364,0.24089,0.20374,0.4327,0.094487,0.083849,0.18091,0.16803,0.038853,0.16821,0.028464,0.037033,0.029697,0.025151,0.081525,0.043885,0.17093,0.13265,0.070133,0.17587,0.089931,0.11187,0.097002,0.16181
4.91,0.076094,0.035638,0.0852,0.085904,0.032971,0.082364,0.13545,0.058123,0.040345,0.12828,0.091855,0.11358,0.046442,0.022854,0.12623,0.092908,0.24011,0.20419,0.43076,0.09386,0.084057,0.18025,0.16835,0.038822,0.16688,0.0284,0.036719,0.029714,0.025007,0.081155,0.043405,0.17039,0.1325,0.07075,0.17541,0.090363,0.11139,0.096583,0.16169
4.92,0.075756,0.035577,0.084955,0.085759,0.03279,0.082409,0.13437,0.057903,0.040204,0.12757,0.091348,0.11268,0.046127,0.022822,0.12559,0.092178,0.23932,0.20463,0.4288,0.093222,0.084243,0.1796,0.16865,0.03879,0.16555,0.028333,0.036394,0.029729,0.024865,0.080764,0.042917,0.16981,0.13234,0.071362,0.17494,0.090788,0.11091,0.096163,0.16154
4.93,0.075422,0.03552,0.084716,0.085611,0.032609,0.082433,0.1333,0.057677,0.040063,0.12686,0.090841,0.11179,0.045814,0.022789,0.12495,0.091449,0.23854,0.20505,0.42682,0.092574,0.084408,0.17896,0.16892,0.038758,0.16422,0.028261,0.03606,0.029743,0.024724,0.080365,0.042428,0.16919,0.13218,0.071969,0.17447,0.091208,0.11045,0.09574,0.16139
4.94,0.07509,0.035465,0.084491,0.085463,0.032429,0.082433,0.13222,0.057438,0.039922,0.12616,0.090331,0.1109,0.045503,0.022756,0.12432,0.090722,0.23775,0.20546,0.42482,0.091918,0.084553,0.17832,0.16917,0.038727,0.16287,0.028187,0.035714,0.029756,0.024583,0.079947,0.041934,0.16851,0.13201,0.072572,0.17398,0.09162,0.11,0.095315,0.16141
4.95,0.074762,0.035412,0.084287,0.085313,0.032249,0.082412,0.13115,0.057191,0.03978,0.12546,0.089822,0.11003,0.045194,0.022722,0.12368,0.089995,0.23695,0.20585,0.42281,0.091255,0.084677,0.17768,0.1694,0.038694,0.16153,0.02811,0.03536,0.029767,0.024444,0.079519,0.041436,0.1678,0.13183,0.07317,0.1735,0.092024,0.1096,0.094887,0.16183
4.96,0.074437,0.035363,0.084085,0.085161,0.032106,0.082368,0.13009,0.056922,0.039638,0.12476,0.089317,0.10916,0.044887,0.022688,0.12305,0.089269,0.23616,0.20622,0.42079,0.090584,0.084782,0.17704,0.1696,0.03866,0.16018,0.028029,0.034997,0.029777,0.024305,0.079076,0.040936,0.16704,0.13177,0.073764,0.173,0.092422,0.10921,0.094458,0.16223
4.97,0.074115,0.035315,0.083884,0.085009,0.032006,0.082302,0.12903,0.056646,0.039496,0.12407,0.088811,0.10829,0.044584,0.022653,0.12242,0.088546,0.23536,0.20657,0.41875,0.089906,0.084867,0.17641,0.16978,0.038626,0.15883,0.027946,0.034625,0.029785,0.024168,0.078621,0.040433,0.16624,0.13183,0.074353,0.1725,0.092811,0.10883,0.094027,0.1626
4.98,0.073796,0.035271,0.083682,0.084856,0.0319,0.082214,0.12797,0.056354,0.039353,0.12339,0.088304,0.10744,0.044284,0.022617,0.1218,0.08782,0.23455,0.2069,0.4167,0.08922,0.084932,0.17578,0.16993,0.03859,0.15748,0.027859,0.034244,0.029792,0.024031,0.078155,0.039929,0.16539,0.13189,0.074936,0.172,0.093192,0.10846,0.093592,0.16295
4.99,0.073481,0.035229,0.08348,0.084701,0.031789,0.082104,0.12691,0.056046,0.039212,0.12271,0.087796,0.10659,0.043987,0.022581,0.12117,0.087099,0.23374,0.2072,0.41464,0.088529,0.084979,0.17514,0.17006,0.038555,0.15613,0.02777,0.033856,0.029798,0.023895,0.077674,0.039423,0.1651,0.13194,0.075515,0.1715,0.093564,0.10808,0.093159,0.16328
5,0.073169,0.035189,0.083277,0.084546,0.031672,0.081972,0.12587,0.055734,0.039071,0.12204,0.087287,0.10575,0.043691,0.022544,0.12055,0.086377,0.23293,0.20749,0.41256,0.087833,0.085005,0.17451,0.17018,0.038521,0.15478,0.027679,0.03346,0.029802,0.023761,0.077187,0.038917,0.16559,0.13198,0.076087,0.17099,0.093926,0.10771,0.092722,0.16359
5.01,0.072859,0.035151,0.083075,0.08439,0.031549,0.081818,0.12482,0.0554,0.03893,0.12137,0.086777,0.10491,0.043398,0.022507,0.11992,0.085654,0.23211,0.20775,0.41047,0.087132,0.085009,0.17389,0.17027,0.038485,0.15344,0.027584,0.033057,0.029805,0.023627,0.076806,0.038412,0.16602,0.13202,0.076653,0.17048,0.094279,0.10734,0.092282,0.16387
5.02,0.072553,0.035116,0.08287,0.084232,0.031422,0.081644,0.12378,0.055062,0.038788,0.1207,0.086267,0.10408,0.043106,0.022469,0.1194,0.084937,0.23128,0.20799,0.40835,0.086429,0.08499,0.17326,0.17034,0.038448,0.15209,0.027488,0.032648,0.029806,0.023494,0.07684,0.037909,0.16638,0.13204,0.077212,0.16997,0.094623,0.10698,0.091844,0.16414
5.03,0.072249,0.035083,0.082667,0.084074,0.03129,0.081449,0.12274,0.0547,0.038646,0.12004,0.085755,0.10326,0.042817,0.02243,0.11888,0.084217,0.23046,0.2082,0.40623,0.085723,0.08495,0.17263,0.17039,0.03841,0.15075,0.027389,0.032231,0.029806,0.023362,0.076864,0.037407,0.16668,0.13207,0.077764,0.16945,0.094957,0.10662,0.091403,0.16438
5.04,0.071948,0.035052,0.082461,0.083914,0.031153,0.081232,0.12171,0.054336,0.038504,0.11938,0.085244,0.10244,0.042529,0.022391,0.11836,0.083497,0.22962,0.20839,0.40409,0.085014,0.084888,0.17201,0.17041,0.038371,0.14941,0.027288,0.03181,0.029804,0.023231,0.07688,0.036906,0.1669,0.13208,0.078308,0.16893,0.095282,0.10625,0.090959,0.1646
5.05,0.071649,0.035023,0.082256,0.083754,0.031012,0.081093,0.12069,0.053948,0.038362,0.11873,0.084731,0.10163,0.042243,0.022352,0.11785,0.082783,0.22879,0.20856,0.40194,0.084302,0.084804,0.17138,0.17041,0.038333,0.14807,0.027184,0.031382,0.029802,0.0231,0.076887,0.036407,0.16704,0.13209,0.078845,0.16841,0.095596,0.1059,0.090516,0.16481
5.06,0.071353,0.034996,0.08205,0.083593,0.030866,0.08104,0.11966,0.053558,0.03822,0.11809,0.084219,0.10083,0.041959,0.022311,0.11734,0.082067,0.22794,0.2087,0.39977,0.083589,0.084698,0.17076,0.17039,0.038294,0.14674,0.027079,0.030949,0.029799,0.022971,0.076891,0.035911,0.16711,0.13208,0.079375,0.16789,0.095902,0.10554,0.090072,0.16499
5.07,0.071059,0.034972,0.081842,0.083431,0.030716,0.080978,0.11865,0.053147,0.038078,0.11744,0.083706,0.10003,0.041677,0.022271,0.1169,0.081351,0.2271,0.20882,0.39759,0.082875,0.084571,0.17014,0.17034,0.038255,0.1454,0.026972,0.030512,0.029795,0.022842,0.076888,0.035417,0.16709,0.13207,0.079897,0.16736,0.096197,0.10519,0.089625,0.16516
5.08,0.070768,0.034949,0.081636,0.083268,0.030562,0.080906,0.11763,0.052736,0.037936,0.1168,0.083197,0.099241,0.041397,0.022229,0.11672,0.080639,0.22625,0.20891,0.3954,0.082161,0.084423,0.16952,0.17027,0.038215,0.14407,0.026864,0.03007,0.02979,0.022715,0.076877,0.034925,0.167,0.13205,0.080412,0.16683,0.096483,0.10483,0.089178,0.16532
5.09,0.070478,0.034927,0.081427,0.083104,0.030403,0.080823,0.11663,0.052312,0.037794,0.11617,0.08269,0.098457,0.041119,0.022188,0.11654,0.079929,0.22539,0.20899,0.39319,0.081447,0.084253,0.1689,0.17018,0.038174,0.14275,0.026753,0.029624,0.029784,0.022588,0.076859,0.034434,0.16682,0.13202,0.080921,0.1663,0.09676,0.10448,0.088731,0.16546
5.1,0.070191,0.034908,0.081218,0.082939,0.030241,0.080728,0.11562,0.051882,0.037651,0.11554,0.082183,0.097679,0.040843,0.022145,0.11635,0.079218,0.22453,0.20903,0.39098,0.080735,0.084065,0.16829,0.17006,0.038131,0.14142,0.026641,0.029174,0.029775,0.022462,0.076833,0.033946,0.16656,0.13197,0.081421,0.16575,0.097027,0.10414,0.088282,0.16559
5.11,0.069906,0.03489,0.081009,0.082774,0.030075,0.080622,0.11463,0.051452,0.037509,0.11491,0.081676,0.096907,0.040569,0.022102,0.11615,0.078509,0.22367,0.20906,0.38875,0.080025,0.083861,0.16767,0.16991,0.038089,0.1401,0.026528,0.028879,0.029766,0.022336,0.076799,0.033462,0.1662,0.13192,0.081915,0.1652,0.097285,0.10379,0.087833,0.16571
5.12,0.069623,0.034874,0.080799,0.082608,0.029906,0.080504,0.11363,0.051019,0.037366,0.11429,0.081169,0.096142,0.040296,0.022059,0.11596,0.077805,0.2228,0.20906,0.38652,0.079316,0.083641,0.16706,0.16975,0.038048,0.13878,0.026413,0.028718,0.029755,0.022212,0.07676,0.03303,0.16576,0.13185,0.082402,0.16464,0.097533,0.10345,0.087383,0.16582
5.13,0.069343,0.034859,0.080588,0.08244,0.029733,0.080373,0.11265,0.050644,0.037224,0.11367,0.080662,0.095382,0.040028,0.022015,0.11575,0.0771,0.22193,0.20904,0.38428,0.078611,0.083406,0.16646,0.16956,0.038005,0.13746,0.026296,0.028557,0.029743,0.022089,0.076718,0.032702,0.16522,0.13177,0.082882,0.16407,0.09777,0.10311,0.086932,0.16591
5.14,0.069064,0.034846,0.080377,0.082272,0.029557,0.080229,0.11167,0.050454,0.037081,0.11306,0.080156,0.094629,0.039763,0.02197,0.11554,0.076396,0.22105,0.20899,0.38203,0.077908,0.083156,0.16586,0.16935,0.037961,0.13615,0.026179,0.028398,0.029729,0.021966,0.076668,0.032364,0.16515,0.13167,0.083355,0.16348,0.097999,0.10277,0.086481,0.16601
5.15,0.068787,0.034834,0.080165,0.082103,0.029377,0.080071,0.11069,0.050259,0.036938,0.11245,0.07965,0.093882,0.039498,0.021925,0.11533,0.075697,0.22017,0.20893,0.37977,0.077209,0.082888,0.16526,0.16913,0.037916,0.13484,0.02606,0.028242,0.029714,0.021844,0.07661,0.032019,0.16535,0.13157,0.083822,0.16288,0.098218,0.10243,0.08603,0.16609
5.16,0.068512,0.034824,0.079953,0.081934,0.029195,0.079898,0.10972,0.050064,0.036796,0.11184,0.079144,0.093141,0.039236,0.02188,0.11511,0.075,0.21929,0.20885,0.37751,0.076514,0.082601,0.16466,0.16889,0.037871,0.13353,0.025941,0.028087,0.029697,0.021873,0.076546,0.031666,0.16559,0.13144,0.084283,0.16227,0.098427,0.1021,0.085577,0.16617
5.17,0.068239,0.034815,0.07974,0.081763,0.02901,0.079711,0.10876,0.049862,0.036653,0.11124,0.078638,0.092415,0.038976,0.021834,0.11489,0.074303,0.21841,0.20875,0.37524,0.075824,0.082293,0.16407,0.16863,0.037826,0.13223,0.025821,0.027932,0.029679,0.021951,0.076475,0.031306,0.16575,0.13131,0.084738,0.16165,0.098627,0.10177,0.085125,0.16624
5.18,0.067968,0.034807,0.079526,0.081592,0.028822,0.079509,0.1078,0.049662,0.036511,0.11064,0.078133,0.092061,0.038717,0.021787,0.11466,0.073608,0.21752,0.20863,0.37296,0.075139,0.081961,0.16348,0.16837,0.037781,0.13093,0.025699,0.027777,0.02966,0.022031,0.076403,0.030941,0.16583,0.13116,0.085187,0.16102,0.098818,0.10144,0.084673,0.1663
5.19,0.067698,0.034801,0.079312,0.081421,0.028631,0.079292,0.10684,0.049483,0.036368,0.11004,0.077629,0.091709,0.03846,0.02174,0.11443,0.072919,0.21663,0.20849,0.37068,0.074459,0.081605,0.1629,0.16809,0.037734,0.12963,0.025577,0.027622,0.02964,0.022114,0.076324,0.03057,0.16584,0.13099,0.085629,0.16038,0.099001,0.10112,0.08422,0.16635
5.2,0.06743,0.034796,0.079098,0.081249,0.028438,0.079061,0.1059,0.049307,0.036226,0.10945,0.077126,0.091357,0.038205,0.021693,0.1142,0.072231,0.21574,0.20833,0.36839,0.073785,0.081225,0.16232,0.1678,0.037687,0.12833,0.025454,0.027467,0.029617,0.022198,0.076239,0.030195,0.16577,0.13082,0.086066,0.15973,0.099176,0.1008,0.083766,0.16639
5.21,0.067164,0.034791,0.078883,0.081077,0.028242,0.078815,0.10495,0.049123,0.036084,0.10886,0.076626,0.091007,0.037952,0.021645,0.11396,0.071544,0.21484,0.20816,0.36609,0.073118,0.080821,0.16174,0.16749,0.03764,0.12704,0.025331,0.027311,0.029595,0.022285,0.076147,0.029815,0.16562,0.13062,0.086496,0.15907,0.099345,0.10048,0.083314,0.16642
5.22,0.066899,0.034788,0.078666,0.080904,0.028044,0.078555,0.10402,0.048939,0.035941,0.10828,0.076129,0.090659,0.0377,0.021597,0.11371,0.070859,0.21394,0.20797,0.36379,0.072458,0.080392,0.16116,0.16717,0.037593,0.12575,0.025207,0.027154,0.029573,0.022373,0.076049,0.029434,0.16538,0.13041,0.086918,0.1584,0.099507,0.10016,0.082861,0.16643
5.23,0.066636,0.034786,0.078451,0.08073,0.027844,0.078279,0.10309,0.048742,0.035799,0.1077,0.075632,0.090313,0.03745,0.021548,0.11347,0.070402,0.21304,0.20777,0.36149,0.071805,0.07994,0.16059,0.16683,0.037544,0.12446,0.025082,0.026998,0.029548,0.022464,0.075951,0.029048,0.16506,0.13019,0.087333,0.15772,0.099662,0.099852,0.082407,0.16643
5.24,0.066374,0.034785,0.078234,0.080556,0.027642,0.077989,0.10216,0.048547,0.035657,0.10712,0.075137,0.089967,0.037202,0.021498,0.11321,0.070025,0.21214,0.20755,0.35918,0.07116,0.079465,0.16003,0.16646,0.037496,0.12318,0.024957,0.026841,0.029523,0.022556,0.075846,0.028663,0.16466,0.12995,0.087741,0.15703,0.09981,0.099547,0.081954,0.1664
5.25,0.066114,0.034785,0.078016,0.080382,0.027438,0.077684,0.10125,0.048346,0.035515,0.10654,0.074642,0.089622,0.036956,0.021449,0.11296,0.06965,0.21123,0.20732,0.35687,0.070523,0.078967,0.15947,0.16648,0.037448,0.1219,0.024832,0.026683,0.029496,0.022649,0.075736,0.028275,0.16418,0.1297,0.088139,0.15633,0.09995,0.099258,0.081501,0.16636
5.26,0.065854,0.034785,0.077797,0.080206,0.027232,0.077365,0.10033,0.048142,0.035373,0.10597,0.074148,0.089279,0.036711,0.021398,0.1127,0.069276,0.21033,0.20707,0.35455,0.069894,0.078449,0.15891,0.16694,0.037399,0.12062,0.024706,0.026525,0.029468,0.022744,0.075619,0.027888,0.16362,0.12943,0.088529,0.15586,0.10008,0.098987,0.081048,0.1663
5.27,0.065597,0.034787,0.077579,0.08003,0.027024,0.077037,0.099427,0.04794,0.035231,0.10541,0.073655,0.088936,0.036468,0.021348,0.11243,0.068906,0.20942,0.2068,0.35223,0.069275,0.07791,0.15835,0.16738,0.037351,0.11934,0.02458,0.026366,0.029438,0.02284,0.075499,0.027501,0.16297,0.12914,0.088911,0.15696,0.1002,0.09872,0.080596,0.16622
5.28,0.06534,0.034789,0.07736,0.079853,0.026815,0.076696,0.098527,0.047735,0.03509,0.10484,0.073163,0.088594,0.036227,0.021296,0.11217,0.068537,0.20851,0.20652,0.34991,0.068664,0.077352,0.1578,0.1678,0.037302,0.11807,0.024454,0.026208,0.029407,0.022937,0.075376,0.027279,0.16225,0.12884,0.089283,0.15797,0.10032,0.098457,0.080144,0.16611
5.29,0.065085,0.034792,0.07714,0.079675,0.026629,0.076345,0.097634,0.047525,0.034948,0.10428,0.072673,0.088254,0.035988,0.021245,0.1119,0.06817,0.20761,0.20623,0.34758,0.068062,0.076774,0.15725,0.1682,0.037255,0.1168,0.024328,0.026049,0.029375,0.023035,0.075248,0.027063,0.16144,0.12853,0.089646,0.15891,0.10042,0.098197,0.079691,0.16599
5.3,0.06483,0.034795,0.076919,0.079497,0.026477,0.075982,0.096746,0.047313,0.034807,0.10372,0.072183,0.087916,0.03575,0.021193,0.11162,0.067804,0.20669,0.20591,0.34526,0.06747,0.076547,0.15671,0.16859,0.037209,0.11553,0.024202,0.025889,0.029341,0.023133,0.075115,0.026838,0.16056,0.1282,0.09,0.15976,0.10051,0.097939,0.079239,0.16584
5.31,0.064577,0.034799,0.076699,0.079317,0.026326,0.075606,0.095864,0.047095,0.034666,0.10317,0.071695,0.087579,0.035514,0.021141,0.11134,0.06744,0.20578,0.20558,0.34293,0.066888,0.076393,0.15617,0.16894,0.037164,0.11427,0.024076,0.02573,0.029307,0.023231,0.074977,0.026607,0.1596,0.12785,0.090344,0.16052,0.1006,0.097683,0.078788,0.16567
5.32,0.064325,0.034804,0.076478,0.079136,0.026175,0.075218,0.094988,0.046868,0.034525,0.10262,0.071208,0.087244,0.035279,0.021088,0.11106,0.067078,0.20487,0.20523,0.3406,0.066317,0.076237,0.15563,0.16929,0.037118,0.11301,0.023949,0.02557,0.029271,0.02333,0.074934,0.026371,0.15856,0.12749,0.090678,0.1612,0.10067,0.097429,0.078337,0.16547
5.33,0.064075,0.03481,0.076256,0.078955,0.026026,0.074818,0.094119,0.046643,0.034384,0.10207,0.070723,0.086909,0.035047,0.021035,0.11077,0.066717,0.20396,0.20487,0.33827,0.065755,0.076077,0.1551,0.1696,0.037073,0.11176,0.023823,0.02541,0.029235,0.023428,0.07502,0.026127,0.15746,0.12712,0.091002,0.16211,0.10073,0.097176,0.077886,0.16526
5.34,0.063825,0.034815,0.076033,0.078773,0.025877,0.074498,0.093256,0.046408,0.034243,0.10153,0.070243,0.086575,0.034816,0.020981,0.11048,0.066358,0.20305,0.20449,0.33595,0.065204,0.075917,0.15458,0.16991,0.037027,0.1105,0.023697,0.02525,0.02921,0.023526,0.075077,0.02588,0.15629,0.12673,0.091317,0.16306,0.10079,0.096926,0.077436,0.16502
5.35,0.063577,0.034822,0.075811,0.078589,0.025728,0.074286,0.0924,0.046166,0.034103,0.10098,0.069764,0.086243,0.034587,0.020927,0.11019,0.066001,0.20213,0.20409,0.33363,0.064663,0.075754,0.15405,0.17019,0.036981,0.10926,0.023571,0.02509,0.029194,0.023623,0.075104,0.025629,0.15556,0.12632,0.091621,0.16395,0.10084,0.096676,0.076987,0.16476
5.36,0.06333,0.034828,0.075588,0.078404,0.025581,0.074063,0.091549,0.045926,0.033963,0.10045,0.069349,0.085911,0.034359,0.020873,0.10989,0.065645,0.20122,0.20367,0.33131,0.064133,0.075589,0.15354,0.17045,0.036935,0.10801,0.023446,0.02493,0.029177,0.02372,0.075102,0.025373,0.15484,0.1259,0.091916,0.16477,0.10088,0.096427,0.076538,0.16447
5.37,0.063084,0.034835,0.075364,0.078218,0.025434,0.073829,0.090915,0.045678,0.033823,0.09991,0.068941,0.085581,0.034133,0.020818,0.10959,0.065291,0.20031,0.20324,0.32899,0.063614,0.075424,0.15302,0.17069,0.036889,0.10678,0.023321,0.02477,0.029161,0.023815,0.07507,0.025114,0.15408,0.12547,0.092198,0.16551,0.10092,0.09618,0.076089,0.16417
5.38,0.06284,0.034843,0.075139,0.078032,0.025287,0.073585,0.090512,0.045421,0.033683,0.099378,0.068537,0.085252,0.033909,0.020763,0.10929,0.064938,0.19939,0.2028,0.32668,0.063106,0.075481,0.15251,0.17091,0.036841,0.10599,0.023195,0.02461,0.029143,0.023909,0.075009,0.024853,0.15328,0.12502,0.092469,0.16619,0.10095,0.095934,0.075642,0.16384
5.39,0.062596,0.03485,0.074915,0.077844,0.025142,0.073329,0.090108,0.045164,0.033543,0.098848,0.068133,0.084926,0.033686,0.020707,0.10898,0.064588,0.19848,0.20234,0.32437,0.062609,0.075637,0.152,0.17111,0.036794,0.10558,0.023071,0.02445,0.029124,0.024001,0.074917,0.024589,0.15244,0.12455,0.092729,0.16679,0.10097,0.09569,0.075196,0.16349
5.4,0.062354,0.034858,0.07469,0.077654,0.024997,0.073063,0.089707,0.044905,0.033404,0.098323,0.067729,0.0846,0.033465,0.020651,0.10867,0.064239,0.19757,0.20186,0.32206,0.062123,0.07579,0.1515,0.1713,0.036746,0.10516,0.022946,0.02429,0.029104,0.024091,0.074797,0.024323,0.15182,0.12408,0.092975,0.16731,0.10099,0.095446,0.074749,0.16312
5.41,0.062113,0.034866,0.074465,0.077464,0.024853,0.072787,0.089307,0.044639,0.033265,0.0978,0.067325,0.084275,0.033245,0.020595,0.10836,0.063894,0.19665,0.20137,0.31976,0.061648,0.075943,0.151,0.17146,0.036697,0.10475,0.022822,0.024131,0.029082,0.024178,0.074647,0.024057,0.15147,0.12359,0.093208,0.16776,0.101,0.095204,0.074304,0.16272
5.42,0.061872,0.034874,0.074239,0.077274,0.024709,0.072502,0.088908,0.044367,0.033126,0.097279,0.066921,0.083952,0.033027,0.020539,0.10804,0.063549,0.19574,0.20086,0.31746,0.061184,0.076094,0.15051,0.17161,0.036648,0.10434,0.022699,0.023971,0.029059,0.024263,0.074469,0.023789,0.15108,0.12309,0.093427,0.16813,0.101,0.094963,0.07386,0.1623
5.43,0.061633,0.034883,0.074012,0.077082,0.024566,0.072207,0.08851,0.044095,0.032989,0.096762,0.066517,0.08363,0.032811,0.020482,0.10772,0.063207,0.19483,0.20034,0.31517,0.06073,0.076243,0.1501,0.17173,0.036599,0.10394,0.022576,0.023812,0.029034,0.024346,0.074263,0.023522,0.15064,0.12257,0.093631,0.16842,0.101,0.094723,0.073416,0.16186
5.44,0.061394,0.034892,0.073787,0.076889,0.024424,0.071906,0.088113,0.043822,0.032851,0.096248,0.066118,0.083308,0.032596,0.020425,0.1074,0.062866,0.19391,0.19981,0.31288,0.060288,0.076391,0.14979,0.17184,0.036549,0.10354,0.022453,0.023653,0.029008,0.024425,0.074031,0.023254,0.15015,0.12205,0.093819,0.16863,0.10099,0.094485,0.072973,0.1614
5.45,0.061157,0.0349,0.07356,0.076695,0.024283,0.071598,0.087717,0.043544,0.032714,0.095736,0.06572,0.082988,0.032384,0.020367,0.10708,0.062526,0.193,0.19926,0.31059,0.059857,0.076536,0.14948,0.17193,0.036498,0.10313,0.022331,0.023494,0.028981,0.024501,0.073774,0.022988,0.14963,0.1215,0.093992,0.16877,0.10098,0.094247,0.072531,0.16091
5.46,0.06092,0.034909,0.073333,0.0765,0.024143,0.071284,0.087322,0.04326,0.032577,0.095227,0.065321,0.082669,0.032174,0.020309,0.10675,0.062188,0.19209,0.19869,0.3083,0.059437,0.07668,0.14917,0.172,0.036448,0.10273,0.02221,0.023336,0.028954,0.024574,0.073493,0.022723,0.14906,0.12095,0.094148,0.16883,0.10097,0.09401,0.072091,0.1604
5.47,0.060685,0.034918,0.073106,0.076305,0.024003,0.070966,0.086929,0.042975,0.032441,0.094722,0.064923,0.082352,0.031965,0.020251,0.10642,0.061852,0.19118,0.19811,0.30602,0.059028,0.076821,0.14886,0.17205,0.036397,0.10234,0.022089,0.023177,0.028926,0.024643,0.073189,0.022459,0.14845,0.12038,0.094287,0.16882,0.10096,0.093774,0.071651,0.15987
5.48,0.06045,0.034927,0.072877,0.076109,0.023863,0.070642,0.086536,0.042694,0.032305,0.094219,0.064526,0.082037,0.031759,0.020193,0.10609,0.061518,0.19027,0.19752,0.30374,0.058629,0.076961,0.14855,0.17208,0.036345,0.10195,0.021969,0.02302,0.028897,0.024708,0.072864,0.022197,0.14781,0.1198,0.094408,0.16873,0.10095,0.093539,0.071211,0.15931
5.49,0.060216,0.034935,0.07265,0.075913,0.023725,0.070314,0.086144,0.042407,0.032169,0.093719,0.064129,0.081722,0.031617,0.020134,0.10576,0.061185,0.18936,0.19691,0.30147,0.058241,0.077099,0.14824,0.17209,0.036292,0.10155,0.021849,0.022863,0.028866,0.024769,0.072517,0.021937,0.14713,0.1192,0.094511,0.16856,0.10093,0.093304,0.070773,0.15873
5.5,0.059984,0.034944,0.072422,0.075717,0.023587,0.06998,0.085753,0.042117,0.032033,0.093222,0.063733,0.081409,0.031477,0.020075,0.10542,0.060854,0.18846,0.19629,0.2992,0.057863,0.077235,0.14792,0.17208,0.036241,0.10116,0.02173,0.022706,0.028834,0.024826,0.072148,0.02168,0.14642,0.11859,0.094596,0.16833,0.10092,0.093069,0.070337,0.15813
5.51,0.059752,0.034953,0.072194,0.07552,0.02345,0.069641,0.085364,0.041823,0.031898,0.092728,0.063338,0.081097,0.031338,0.020016,0.10508,0.060525,0.18755,0.19566,0.29694,0.057495,0.077368,0.14761,0.17206,0.036188,0.10078,0.021611,0.022549,0.028801,0.024878,0.071757,0.021426,0.14569,0.11797,0.094662,0.16802,0.10089,0.092835,0.069902,0.1575
5.52,0.059521,0.034961,0.071965,0.075323,0.023313,0.069296,0.084975,0.041536,0.031763,0.092236,0.062946,0.080785,0.0312,0.019956,0.10474,0.060197,0.18664,0.19502,0.29468,0.057138,0.0775,0.1473,0.17201,0.036133,0.10039,0.021494,0.022393,0.028766,0.024927,0.071358,0.021177,0.14493,0.11733,0.09471,0.16764,0.10087,0.092601,0.069467,0.15685
5.53,0.059291,0.03497,0.071735,0.075126,0.023177,0.068944,0.084586,0.041245,0.031628,0.091747,0.062556,0.080475,0.031062,0.019896,0.1044,0.059871,0.18574,0.19436,0.29242,0.05679,0.077629,0.14699,0.17194,0.03608,0.10001,0.021377,0.022238,0.028731,0.024971,0.071159,0.02093,0.14414,0.11669,0.09474,0.16719,0.10083,0.092368,0.069033,0.15618
5.54,0.059062,0.034978,0.071507,0.07493,0.023042,0.068587,0.084199,0.040952,0.031494,0.09126,0.062165,0.080166,0.030925,0.019836,0.10405,0.059546,0.18484,0.19369,0.29018,0.056453,0.077756,0.14668,0.17186,0.036026,0.09963,0.02126,0.022083,0.028694,0.025011,0.070957,0.020688,0.14333,0.11602,0.094751,0.16667,0.1008,0.092134,0.068602,0.15588
5.55,0.058834,0.034987,0.071278,0.074734,0.022908,0.068225,0.083813,0.040656,0.03136,0.090777,0.061776,0.079859,0.030789,0.019776,0.10371,0.059224,0.18394,0.19301,0.28793,0.056125,0.07788,0.14637,0.17175,0.035971,0.099252,0.021145,0.021929,0.028655,0.025048,0.070751,0.02045,0.1425,0.11535,0.094744,0.16609,0.10076,0.091902,0.068171,0.15575
5.56,0.058606,0.034995,0.071049,0.074537,0.022774,0.068257,0.083428,0.040366,0.031226,0.090297,0.061387,0.079553,0.030653,0.019715,0.10336,0.058904,0.18304,0.19232,0.28576,0.055806,0.078002,0.14605,0.17163,0.035916,0.098876,0.02103,0.021775,0.028616,0.02508,0.070545,0.020217,0.14164,0.11466,0.094718,0.16544,0.10071,0.09167,0.067741,0.15561
5.57,0.05838,0.035003,0.070819,0.074342,0.02264,0.068288,0.083043,0.040074,0.031093,0.089818,0.060999,0.079249,0.030518,0.019654,0.10301,0.058586,0.18214,0.19161,0.28416,0.055496,0.078122,0.14574,0.17148,0.035861,0.098502,0.020916,0.021622,0.028575,0.025107,0.070337,0.019989,0.14077,0.11395,0.094674,0.16473,0.10066,0.091439,0.067312,0.15547
5.58,0.058154,0.03501,0.070589,0.074146,0.022508,0.068311,0.08266,0.03978,0.03096,0.089342,0.060612,0.078946,0.030385,0.019593,0.10266,0.058269,0.18124,0.1909,0.28255,0.055195,0.07824,0.14543,0.17131,0.035805,0.09813,0.020802,0.02147,0.028535,0.02513,0.070127,0.019765,0.13987,0.11324,0.094611,0.16396,0.10061,0.091209,0.066885,0.15531
5.59,0.05793,0.035018,0.070359,0.073949,0.022376,0.068326,0.082278,0.039488,0.030827,0.08887,0.060226,0.078643,0.030251,0.019532,0.10231,0.057954,0.18034,0.19019,0.28094,0.054903,0.078355,0.14512,0.17113,0.03575,0.09776,0.02069,0.021318,0.028494,0.025148,0.069914,0.019548,0.13896,0.11251,0.094529,0.16313,0.10055,0.09098,0.06646,0.15514
5.6,0.057706,0.035025,0.07013,0.073753,0.022245,0.068332,0.081897,0.039199,0.030695,0.0884,0.059843,0.078342,0.030119,0.01947,0.10195,0.057641,0.17945,0.18947,0.27933,0.05462,0.078468,0.1448,0.17093,0.035694,0.097393,0.020578,0.021167,0.028451,0.02516,0.069701,0.019335,0.13803,0.11177,0.094428,0.16225,0.10048,0.090754,0.066035,0.15496
5.61,0.057483,0.035032,0.0699,0.073555,0.022114,0.06833,0.081516,0.038908,0.030563,0.087933,0.059462,0.078042,0.029987,0.019408,0.1016,0.057329,0.17856,0.18874,0.2777,0.054346,0.078578,0.14449,0.1707,0.035638,0.097027,0.020467,0.021016,0.028408,0.025168,0.069486,0.019129,0.13708,0.11102,0.09431,0.16132,0.1004,0.090529,0.065611,0.15476
5.62,0.057261,0.035039,0.070214,0.073358,0.021988,0.06832,0.081136,0.038621,0.030432,0.087468,0.059082,0.077744,0.029856,0.019346,0.10124,0.057019,0.17766,0.18801,0.27607,0.054079,0.078686,0.14418,0.17046,0.035582,0.096663,0.020356,0.020867,0.028363,0.025171,0.069268,0.018929,0.13613,0.11025,0.094172,0.16034,0.10032,0.090307,0.06519,0.15455
5.63,0.057039,0.035045,0.070578,0.07316,0.021924,0.068302,0.080759,0.038335,0.0303,0.087005,0.058808,0.077446,0.029726,0.019284,0.10088,0.05671,0.17677,0.18727,0.27442,0.05382,0.078792,0.14387,0.1702,0.035525,0.096302,0.020247,0.020718,0.028316,0.025169,0.06905,0.018734,0.13516,0.10947,0.094016,0.1593,0.10023,0.09015,0.06477,0.15433
5.64,0.056819,0.035051,0.070935,0.072961,0.02186,0.068277,0.080382,0.03805,0.03017,0.086546,0.05859,0.077149,0.029596,0.019222,0.10052,0.056404,0.17588,0.18653,0.27275,0.053568,0.078894,0.14355,0.16991,0.035469,0.095942,0.020138,0.02057,0.028269,0.025161,0.06883,0.018546,0.13418,0.10868,0.093842,0.15821,0.10013,0.09007,0.064351,0.1541
5.65,0.0566,0.035056,0.071287,0.072762,0.021795,0.068244,0.080006,0.037769,0.030039,0.086089,0.058372,0.076855,0.029468,0.01916,0.10016,0.056098,0.175,0.18579,0.27108,0.053324,0.078995,0.14324,0.16961,0.035412,0.095583,0.02003,0.020422,0.028221,0.025148,0.068608,0.018566,0.1332,0.10788,0.093649,0.15707,0.1012,0.089987,0.063933,0.15384
5.66,0.056381,0.035062,0.071631,0.072562,0.021729,0.068202,0.079631,0.037488,0.02991,0.085634,0.058156,0.076562,0.029339,0.019098,0.099795,0.055795,0.17411,0.18504,0.26939,0.053087,0.079093,0.14293,0.1693,0.035355,0.095227,0.019923,0.020275,0.028171,0.02513,0.068384,0.018599,0.13221,0.10706,0.093438,0.15589,0.10238,0.0899,0.063517,0.15358
5.67,0.056162,0.035067,0.071969,0.072362,0.021662,0.068153,0.079258,0.037213,0.02978,0.085182,0.057941,0.076269,0.029212,0.019036,0.099428,0.055493,0.17323,0.18429,0.26768,0.052856,0.07919,0.14262,0.16896,0.035298,0.094873,0.019817,0.02013,0.028121,0.025107,0.06816,0.018627,0.13121,0.10624,0.093207,0.15465,0.10355,0.089811,0.063103,0.1533
5.68,0.055945,0.035071,0.0723,0.072161,0.021593,0.068096,0.078887,0.036937,0.029651,0.084732,0.057728,0.075978,0.029085,0.018973,0.099065,0.055193,0.17235,0.18353,0.26596,0.052632,0.079283,0.14231,0.16861,0.035241,0.09452,0.019711,0.019985,0.028069,0.025077,0.067934,0.01865,0.13021,0.1054,0.092955,0.15387,0.10472,0.08972,0.06269,0.15302
5.69,0.055728,0.035075,0.072624,0.071959,0.021524,0.06803,0.078516,0.036668,0.029522,0.084286,0.057515,0.075688,0.028959,0.01891,0.0987,0.054894,0.17146,0.18276,0.26423,0.052414,0.079375,0.14199,0.16824,0.035184,0.094169,0.019606,0.01984,0.028016,0.025041,0.067707,0.018668,0.1292,0.10456,0.092684,0.15303,0.10587,0.089627,0.062278,0.15272
5.7,0.055512,0.035079,0.072941,0.071757,0.021453,0.067956,0.078145,0.0364,0.029394,0.083841,0.057304,0.075399,0.028834,0.018848,0.098332,0.054597,0.17058,0.18199,0.26248,0.052202,0.079464,0.14184,0.16786,0.035128,0.093821,0.019502,0.019697,0.027962,0.025,0.067476,0.018681,0.12818,0.1037,0.092392,0.15215,0.10702,0.089534,0.061868,0.15241
5.71,0.055297,0.035082,0.073252,0.071554,0.021381,0.067873,0.077778,0.036136,0.029266,0.083399,0.057093,0.075111,0.02871,0.018785,0.097961,0.054301,0.16971,0.1812,0.26072,0.051996,0.079551,0.14172,0.16746,0.035072,0.093473,0.019399,0.019554,0.027907,0.024953,0.067246,0.01869,0.12717,0.10284,0.09208,0.15122,0.10815,0.089442,0.061459,0.15209
5.72,0.055083,0.035085,0.073557,0.07135,0.021308,0.067783,0.077411,0.035874,0.029139,0.082959,0.056884,0.074825,0.028586,0.018721,0.097594,0.054007,0.16883,0.18041,0.25894,0.051796,0.079636,0.1416,0.16704,0.035016,0.093127,0.019297,0.019413,0.027853,0.024901,0.067015,0.018694,0.12615,0.10197,0.091747,0.15023,0.10927,0.089351,0.061053,0.15176
5.73,0.054869,0.035087,0.073858,0.071146,0.021233,0.067684,0.077045,0.035615,0.029012,0.082522,0.056676,0.074539,0.028462,0.018658,0.097224,0.053715,0.16796,0.17961,0.25748,0.0516,0.07972,0.14148,0.16661,0.034967,0.092783,0.019195,0.019272,0.027797,0.024842,0.066783,0.018693,0.12512,0.10109,0.091396,0.14921,0.11037,0.089263,0.060648,0.15142
5.74,0.054657,0.035088,0.074154,0.070941,0.021156,0.067577,0.07668,0.035359,0.028885,0.082088,0.056469,0.074255,0.02834,0.018595,0.096852,0.053426,0.16708,0.17881,0.25657,0.05141,0.079801,0.14137,0.16617,0.03493,0.092441,0.019094,0.019132,0.027741,0.024774,0.066548,0.018688,0.1241,0.1002,0.091024,0.14813,0.11146,0.089178,0.060244,0.15107
5.75,0.054444,0.035089,0.074447,0.070736,0.021078,0.067461,0.076318,0.035105,0.028759,0.081656,0.056263,0.073973,0.028218,0.018531,0.096478,0.053138,0.16621,0.17799,0.25567,0.051225,0.079881,0.14125,0.16571,0.034895,0.0921,0.018994,0.018993,0.027683,0.024699,0.066311,0.018678,0.12308,0.099302,0.090633,0.14702,0.11252,0.089094,0.059842,0.15071
5.76,0.054233,0.03509,0.074735,0.07053,0.020998,0.067338,0.075957,0.034857,0.028633,0.081226,0.056058,0.073692,0.028097,0.018467,0.096106,0.052851,0.16535,0.17716,0.25476,0.051044,0.079959,0.14114,0.16524,0.034859,0.091761,0.018895,0.018855,0.027625,0.024616,0.066074,0.018664,0.12205,0.098396,0.090224,0.14586,0.11357,0.089014,0.059441,0.15035
5.77,0.054022,0.03509,0.075018,0.070325,0.020917,0.067205,0.075596,0.034612,0.028508,0.080798,0.055854,0.073412,0.027976,0.018403,0.095733,0.052566,0.16448,0.17631,0.25386,0.050867,0.080036,0.14102,0.16475,0.034823,0.091423,0.018796,0.018717,0.027565,0.024737,0.065837,0.018646,0.12103,0.097482,0.089797,0.14467,0.1146,0.088937,0.059043,0.14997
5.78,0.053813,0.035089,0.075295,0.070119,0.020835,0.067065,0.075237,0.034368,0.028383,0.080373,0.055651,0.073132,0.027857,0.018339,0.095358,0.052283,0.16361,0.17546,0.25296,0.050695,0.080111,0.14091,0.16425,0.034788,0.091087,0.018698,0.018581,0.027505,0.024956,0.065599,0.018623,0.12001,0.096558,0.089353,0.14343,0.1156,0.088863,0.058646,0.14959
5.79,0.053603,0.035087,0.075568,0.069913,0.020751,0.066917,0.07488,0.034127,0.028259,0.07995,0.05545,0.072854,0.027737,0.018275,0.094981,0.052001,0.16275,0.17459,0.25206,0.050527,0.080185,0.14079,0.16374,0.034752,0.090752,0.018601,0.018445,0.027443,0.025172,0.065358,0.018595,0.11899,0.095626,0.088892,0.14215,0.11658,0.088791,0.058251,0.1492
5.8,0.053395,0.035085,0.075836,0.069707,0.020665,0.06676,0.074524,0.033888,0.028135,0.07953,0.055249,0.072577,0.027619,0.018211,0.094605,0.051721,0.16189,0.17371,0.25116,0.050362,0.080258,0.14068,0.16321,0.034716,0.090419,0.018505,0.018311,0.027381,0.025381,0.065116,0.018563,0.11798,0.094683,0.088414,0.14084,0.11754,0.08872,0.057857,0.14881
5.81,0.053187,0.035083,0.0761,0.069502,0.020578,0.066595,0.074169,0.033648,0.028012,0.079113,0.055049,0.072301,0.027501,0.018146,0.09423,0.051442,0.16103,0.17282,0.25026,0.050201,0.080329,0.14057,0.16267,0.034681,0.090088,0.018409,0.018177,0.027317,0.025585,0.064872,0.018526,0.11697,0.093848,0.087918,0.13949,0.11847,0.088649,0.057465,0.1484
5.82,0.052981,0.035079,0.07636,0.069297,0.02049,0.066423,0.073816,0.033407,0.027889,0.078697,0.054851,0.072026,0.027384,0.018082,0.093852,0.051165,0.16018,0.17192,0.24936,0.050044,0.080399,0.14045,0.16212,0.034645,0.089757,0.018314,0.018045,0.027253,0.025783,0.064629,0.018487,0.11596,0.093258,0.087406,0.1381,0.11938,0.088579,0.057074,0.14799
5.83,0.052774,0.035075,0.076618,0.069093,0.020401,0.066243,0.073463,0.033172,0.027766,0.078284,0.054653,0.071753,0.027267,0.018017,0.093473,0.051023,0.15932,0.171,0.24847,0.049889,0.080468,0.14034,0.16156,0.03461,0.089429,0.01822,0.017913,0.027187,0.025976,0.064386,0.018443,0.11495,0.092655,0.086876,0.13668,0.12027,0.088509,0.056686,0.14758
5.84,0.052569,0.035071,0.076873,0.068888,0.02031,0.066055,0.073113,0.032935,0.027644,0.077873,0.054457,0.071481,0.027151,0.017953,0.093092,0.050901,0.15847,0.17008,0.24757,0.049738,0.080534,0.14023,0.16098,0.034575,0.089101,0.018127,0.017782,0.027121,0.026162,0.064141,0.018395,0.11395,0.092042,0.08633,0.13523,0.12113,0.088439,0.0563,0.14715
5.85,0.052364,0.035065,0.077127,0.068685,0.020218,0.065861,0.072764,0.032697,0.027522,0.077464,0.054261,0.07121,0.027036,0.017888,0.092715,0.05078,0.15762,0.16915,0.24668,0.049589,0.080599,0.14012,0.16039,0.03454,0.088775,0.018034,0.017653,0.027054,0.026343,0.063895,0.018343,0.11294,0.091418,0.085769,0.13376,0.12196,0.088369,0.055915,0.14672
5.86,0.05216,0.03506,0.077377,0.068481,0.020125,0.065661,0.072417,0.032458,0.027401,0.077058,0.054067,0.070941,0.026922,0.017823,0.092336,0.050659,0.15678,0.1682,0.24578,0.049443,0.080661,0.14,0.1598,0.034505,0.08845,0.017941,0.017524,0.026986,0.026518,0.063647,0.018287,0.11194,0.090782,0.085193,0.13225,0.12277,0.0883,0.055531,0.14628
5.87,0.051957,0.035067,0.077624,0.068277,0.020031,0.065536,0.07207,0.032223,0.027281,0.076654,0.053874,0.070672,0.026808,0.017758,0.091956,0.050538,0.15593,0.16724,0.24489,0.0493,0.08072,0.13989,0.15919,0.034469,0.088127,0.01785,0.017396,0.026917,0.026686,0.063398,0.018227,0.11094,0.090136,0.084736,0.13072,0.12354,0.08823,0.055149,0.14583
5.88,0.051755,0.035076,0.077866,0.068074,0.019936,0.065431,0.071724,0.031988,0.02716,0.076252,0.053681,0.070405,0.026694,0.017693,0.091573,0.050417,0.15509,0.16628,0.244,0.049159,0.080778,0.13978,0.15857,0.034433,0.087805,0.017759,0.017269,0.026849,0.026848,0.063148,0.018163,0.10995,0.089479,0.084321,0.12917,0.12429,0.088159,0.054769,0.14537
5.89,0.051552,0.035086,0.078106,0.06787,0.019839,0.065324,0.071381,0.031752,0.027041,0.075853,0.05349,0.070138,0.026581,0.017628,0.091193,0.050296,0.15425,0.1653,0.24311,0.049021,0.080832,0.13967,0.15794,0.034397,0.087484,0.017669,0.017143,0.02678,0.027003,0.062898,0.018097,0.10895,0.088811,0.083891,0.12759,0.12501,0.088089,0.054392,0.1449
5.9,0.051352,0.035094,0.078341,0.067667,0.019742,0.065215,0.071039,0.031516,0.026922,0.075455,0.053299,0.069873,0.026469,0.017563,0.090813,0.050176,0.15342,0.16431,0.24222,0.048885,0.080885,0.13957,0.1573,0.034359,0.087165,0.017579,0.017018,0.02671,0.027151,0.062649,0.018027,0.10796,0.088133,0.083444,0.126,0.1257,0.088018,0.054016,0.14442
5.91,0.051152,0.035103,0.078572,0.067463,0.019644,0.065105,0.070699,0.031278,0.026803,0.07506,0.05311,0.069609,0.026358,0.017498,0.090432,0.050055,0.15258,0.16332,0.24133,0.048751,0.080934,0.13946,0.15666,0.034322,0.086846,0.01749,0.016894,0.026639,0.027291,0.062398,0.017954,0.10707,0.087445,0.082983,0.12438,0.12636,0.087947,0.053641,0.14392
5.92,0.050952,0.03511,0.0788,0.067259,0.019544,0.064993,0.070359,0.031044,0.026685,0.074667,0.052922,0.069345,0.026247,0.017433,0.09005,0.049935,0.15175,0.16232,0.24044,0.048618,0.080981,0.13935,0.156,0.034283,0.086529,0.017402,0.016771,0.026567,0.027424,0.062147,0.017877,0.10653,0.086746,0.082505,0.12313,0.12698,0.087879,0.053269,0.14342
5.93,0.050753,0.035117,0.079024,0.067054,0.019444,0.064879,0.07002,0.03081,0.026567,0.074277,0.052735,0.069083,0.026137,0.017367,0.089666,0.049815,0.15093,0.16169,0.23955,0.048488,0.081025,0.13925,0.15534,0.034244,0.086213,0.017314,0.016649,0.026494,0.027549,0.061894,0.017797,0.10599,0.086039,0.082289,0.12281,0.12758,0.087813,0.052898,0.1429
5.94,0.050555,0.035123,0.079245,0.066851,0.019344,0.064762,0.069683,0.030576,0.02645,0.073889,0.052549,0.068823,0.026027,0.017302,0.089285,0.049695,0.15011,0.16135,0.23866,0.048359,0.081067,0.13916,0.15466,0.034203,0.085899,0.017227,0.016528,0.026421,0.027665,0.06164,0.017714,0.10546,0.085322,0.082257,0.1225,0.12814,0.087754,0.052528,0.14237
5.95,0.050358,0.035128,0.07946,0.066647,0.019242,0.064642,0.069349,0.03034,0.026333,0.073503,0.052364,0.068564,0.025918,0.017236,0.088904,0.049575,0.14929,0.16102,0.23778,0.048231,0.081105,0.13907,0.15398,0.034163,0.085585,0.01714,0.016408,0.026347,0.027775,0.061386,0.017628,0.10492,0.084596,0.082217,0.12218,0.12867,0.08771,0.052162,0.14183
5.96,0.050161,0.035132,0.079671,0.066444,0.01916,0.064519,0.069015,0.030103,0.026216,0.073119,0.05218,0.068306,0.025809,0.017171,0.088522,0.049455,0.14847,0.16068,0.23689,0.048105,0.081141,0.13898,0.15329,0.034121,0.085273,0.017054,0.016289,0.026272,0.027876,0.06113,0.01754,0.10438,0.083862,0.082167,0.12185,0.12916,0.087696,0.051797,0.14128
5.97,0.049966,0.035136,0.079875,0.066243,0.019093,0.064392,0.068683,0.02987,0.026101,0.072737,0.051997,0.068048,0.025701,0.017106,0.088139,0.049336,0.14766,0.16035,0.236,0.047981,0.081175,0.1389,0.15259,0.034078,0.084962,0.016969,0.016171,0.026196,0.027969,0.060874,0.017448,0.10384,0.08312,0.082107,0.12153,0.12963,0.087693,0.051433,0.14072
5.98,0.04977,0.035139,0.080075,0.066044,0.01903,0.064263,0.068352,0.029637,0.025985,0.072357,0.051815,0.067792,0.025594,0.01704,0.087755,0.049218,0.14685,0.16001,0.23511,0.047858,0.081205,0.13884,0.15189,0.034034,0.084652,0.016883,0.016054,0.026119,0.028055,0.06062,0.017354,0.10331,0.082369,0.082039,0.12119,0.13005,0.087693,0.051072,0.14015
5.99,0.049576,0.035141,0.080268,0.065846,0.018972,0.06413,0.068022,0.029403,0.025871,0.07198,0.051633,0.067537,0.025487,0.016975,0.087374,0.049099,0.14604,0.15968,0.23423,0.047735,0.081233,0.13879,0.15117,0.033991,0.084342,0.016799,0.015938,0.026042,0.028133,0.060365,0.017257,0.10277,0.081611,0.081961,0.12086,0.13045,0.087692,0.050712,0.13967
6,0.049382,0.035143,0.080458,0.065651,0.018921,0.063994,0.067693,0.029167,0.025756,0.071605,0.051453,0.067283,0.025381,0.016909,0.086993,0.048981,0.14524,0.15935,0.23334,0.047614,0.081259,0.13875,0.15045,0.033946,0.084035,0.016715,0.015823,0.025964,0.028202,0.06011,0.017158,0.10223,0.080844,0.081874,0.12052,0.13081,0.08769,0.050353,0.13955
6.01,0.049189,0.035143,0.080646,0.065456,0.018873,0.063855,0.067366,0.028932,0.025642,0.071232,0.051273,0.06703,0.025276,0.016844,0.086611,0.048863,0.14444,0.15901,0.23245,0.047495,0.081282,0.13872,0.14972,0.0339,0.083728,0.016631,0.015708,0.025885,0.028263,0.059853,0.017056,0.1017,0.080069,0.081777,0.12017,0.13114,0.087685,0.049997,0.13943
6.02,0.048997,0.035143,0.080833,0.065261,0.018849,0.063713,0.067041,0.028699,0.025529,0.070861,0.051095,0.066778,0.025171,0.016778,0.086228,0.048745,0.14365,0.15867,0.23157,0.047376,0.081303,0.13871,0.14899,0.033853,0.083422,0.016548,0.015595,0.025806,0.028315,0.059596,0.016952,0.10116,0.079287,0.08167,0.11982,0.13144,0.087677,0.049644,0.13931
6.03,0.048805,0.035142,0.081019,0.065067,0.018844,0.063567,0.066717,0.028466,0.025416,0.070492,0.050917,0.066527,0.025066,0.016712,0.085845,0.048627,0.14286,0.15834,0.23068,0.047258,0.081322,0.1387,0.14825,0.033806,0.083117,0.016465,0.015483,0.025726,0.028358,0.059339,0.016847,0.10062,0.078495,0.081552,0.11946,0.1317,0.087667,0.049291,0.13917
6.04,0.048614,0.035139,0.081204,0.064873,0.018837,0.063419,0.066395,0.028232,0.025304,0.070125,0.05074,0.066277,0.024962,0.016647,0.085465,0.048509,0.14207,0.15799,0.2298,0.04714,0.081338,0.1387,0.1475,0.033759,0.082813,0.016383,0.015371,0.025645,0.028393,0.059081,0.016739,0.10009,0.077696,0.081425,0.1191,0.13193,0.087654,0.048941,0.13903
6.05,0.048424,0.035137,0.081385,0.064678,0.018828,0.063267,0.066074,0.027997,0.025192,0.06976,0.050565,0.066029,0.024859,0.016581,0.085085,0.048391,0.14129,0.15765,0.22891,0.047024,0.081352,0.1387,0.14675,0.033709,0.082511,0.016301,0.015261,0.025565,0.028419,0.058822,0.016629,0.099549,0.076888,0.081288,0.11873,0.13213,0.087638,0.048592,0.13888
6.06,0.048235,0.035133,0.081564,0.064484,0.018816,0.063112,0.065754,0.027764,0.025081,0.069397,0.05039,0.065782,0.024756,0.016516,0.084704,0.048274,0.14065,0.1573,0.22802,0.046908,0.081365,0.13871,0.14599,0.03366,0.082209,0.01622,0.015152,0.025484,0.028435,0.058564,0.016517,0.099011,0.076072,0.081141,0.11835,0.1326,0.08762,0.048246,0.13873
6.07,0.048047,0.035128,0.081836,0.064289,0.018802,0.062954,0.065435,0.027532,0.02497,0.069037,0.050215,0.065536,0.024654,0.01645,0.084322,0.048157,0.14014,0.15694,0.22714,0.046793,0.081376,0.13872,0.14523,0.03361,0.081908,0.016139,0.015048,0.025402,0.028444,0.058304,0.016404,0.098472,0.075249,0.080983,0.11796,0.13308,0.087599,0.047901,0.13857
6.08,0.047858,0.035123,0.082105,0.064094,0.018786,0.062794,0.065118,0.027298,0.02486,0.068679,0.050042,0.065291,0.024553,0.016385,0.08394,0.04804,0.13962,0.15658,0.22625,0.046679,0.081385,0.13872,0.14446,0.033559,0.081608,0.016058,0.014946,0.02532,0.028443,0.058045,0.016288,0.097932,0.074417,0.080816,0.11757,0.13353,0.087576,0.047558,0.1384
6.09,0.047671,0.035117,0.082372,0.063899,0.018768,0.06263,0.064802,0.027065,0.02475,0.068322,0.04987,0.065046,0.024452,0.016319,0.083561,0.047923,0.1391,0.15622,0.22536,0.046566,0.081393,0.13873,0.14369,0.033508,0.081309,0.015978,0.014844,0.025237,0.028434,0.057788,0.01624,0.097391,0.073578,0.080638,0.11717,0.13396,0.087549,0.047217,0.13823
6.1,0.047484,0.035109,0.082636,0.063703,0.018747,0.062463,0.064488,0.026834,0.02464,0.067968,0.049698,0.064803,0.024351,0.016254,0.083182,0.047806,0.13858,0.15584,0.22447,0.046453,0.081398,0.13874,0.14292,0.033456,0.081011,0.015898,0.014742,0.025154,0.028416,0.05753,0.016248,0.096849,0.072732,0.08045,0.11677,0.13436,0.08752,0.046878,0.13804
6.11,0.047299,0.035101,0.082896,0.063506,0.018724,0.062295,0.064175,0.026602,0.024532,0.067616,0.049528,0.064561,0.024251,0.016188,0.082803,0.04769,0.13806,0.15546,0.22359,0.04634,0.081402,0.13874,0.14215,0.033404,0.080714,0.015818,0.014641,0.02507,0.02839,0.057272,0.016253,0.096305,0.071879,0.080252,0.11636,0.13475,0.087487,0.046541,0.13785
6.12,0.047114,0.035092,0.083153,0.063309,0.018699,0.062123,0.063865,0.02637,0.024424,0.067265,0.049358,0.06432,0.024152,0.016123,0.082424,0.047573,0.13755,0.15507,0.2227,0.046228,0.081404,0.13874,0.14179,0.033352,0.080418,0.015739,0.01454,0.024985,0.028356,0.057013,0.016257,0.09576,0.07102,0.080044,0.11594,0.13511,0.087451,0.046205,0.13766
6.13,0.046929,0.035082,0.083405,0.063111,0.018672,0.06195,0.063555,0.02614,0.024316,0.066916,0.049189,0.06408,0.024053,0.016057,0.082044,0.047457,0.13703,0.15468,0.22181,0.046117,0.081403,0.13875,0.14144,0.033301,0.080123,0.01566,0.014439,0.024899,0.028313,0.056755,0.016258,0.095214,0.070154,0.079826,0.11552,0.13544,0.087412,0.045872,0.13745
6.14,0.046745,0.035071,0.083652,0.062912,0.018643,0.061776,0.063247,0.02591,0.024209,0.06657,0.049021,0.063841,0.023954,0.015992,0.081666,0.047341,0.13652,0.15427,0.22092,0.046006,0.0814,0.13875,0.14109,0.03325,0.079828,0.015581,0.014339,0.024813,0.028261,0.056496,0.016257,0.094668,0.069282,0.079598,0.1151,0.13575,0.087369,0.04554,0.13724
6.15,0.046562,0.035059,0.083894,0.062713,0.018612,0.061601,0.06294,0.025678,0.024103,0.066226,0.048854,0.063603,0.023857,0.015927,0.08129,0.047225,0.13601,0.15386,0.22003,0.045895,0.081393,0.13874,0.14073,0.0332,0.079535,0.015503,0.014239,0.024727,0.0282,0.056237,0.016254,0.094121,0.068405,0.07936,0.11467,0.13604,0.087324,0.04521,0.13703
6.16,0.04638,0.035047,0.08413,0.062514,0.018579,0.061427,0.062635,0.02545,0.023997,0.065884,0.048687,0.063366,0.023759,0.015862,0.080913,0.04711,0.1355,0.15344,0.21914,0.045785,0.081384,0.13874,0.14036,0.033149,0.079242,0.015424,0.01414,0.02464,0.02813,0.055978,0.01625,0.093573,0.067523,0.079113,0.11425,0.1363,0.087275,0.044882,0.1368
6.17,0.046198,0.035033,0.084361,0.062313,0.018544,0.061254,0.062331,0.02522,0.023891,0.065544,0.048522,0.06313,0.023663,0.015796,0.080537,0.046994,0.135,0.15301,0.21825,0.045675,0.081371,0.13873,0.13998,0.033098,0.07895,0.015346,0.014041,0.024552,0.028052,0.05572,0.016244,0.093025,0.066636,0.078855,0.11382,0.13654,0.087225,0.044557,0.13658
6.18,0.046017,0.035018,0.084586,0.062113,0.018507,0.061082,0.062028,0.024989,0.023786,0.065205,0.048357,0.062896,0.023566,0.015731,0.08016,0.046879,0.13449,0.15257,0.21736,0.045565,0.081355,0.13872,0.1396,0.033047,0.078659,0.015269,0.013942,0.024464,0.027966,0.055461,0.016235,0.092475,0.065744,0.078588,0.11339,0.13675,0.087172,0.044233,0.13634
6.19,0.045837,0.035003,0.084805,0.061912,0.018469,0.06091,0.061726,0.024759,0.023682,0.064869,0.048193,0.062662,0.023471,0.015666,0.079783,0.046764,0.13399,0.15212,0.21647,0.045456,0.081335,0.13871,0.13921,0.032996,0.078369,0.015191,0.013844,0.024375,0.027871,0.055202,0.016225,0.091922,0.065089,0.078464,0.11297,0.13694,0.087117,0.043911,0.1361
6.2,0.045657,0.034987,0.085018,0.061709,0.018429,0.060737,0.061426,0.02453,0.023578,0.064534,0.04803,0.06243,0.023375,0.015612,0.07941,0.046649,0.13349,0.15167,0.21558,0.045347,0.081312,0.1387,0.13881,0.032943,0.07808,0.015114,0.013746,0.024285,0.027769,0.054943,0.016213,0.091368,0.064481,0.078377,0.11255,0.13711,0.08706,0.043591,0.13585
6.21,0.045478,0.034969,0.085226,0.061507,0.018388,0.060563,0.061128,0.024301,0.023475,0.064234,0.047867,0.062198,0.023281,0.01557,0.079037,0.046534,0.13308,0.1512,0.21469,0.045238,0.081285,0.13868,0.13841,0.032891,0.077791,0.015036,0.013649,0.024196,0.027659,0.054684,0.016198,0.090811,0.063867,0.078287,0.11213,0.13726,0.087001,0.043273,0.1356
6.22,0.0453,0.034951,0.085428,0.061304,0.018345,0.060386,0.060832,0.02407,0.023372,0.06395,0.047706,0.061968,0.023187,0.015528,0.078664,0.04642,0.13279,0.15073,0.2138,0.04513,0.081254,0.13866,0.138,0.032838,0.077503,0.014959,0.013552,0.024106,0.027541,0.054426,0.016206,0.090251,0.063247,0.078194,0.11171,0.13738,0.08694,0.042956,0.13534
6.23,0.045123,0.034932,0.085624,0.061101,0.018301,0.060207,0.060537,0.023839,0.023269,0.063667,0.047545,0.061738,0.023093,0.015486,0.078291,0.046305,0.13251,0.15025,0.2129,0.045022,0.08122,0.13864,0.13759,0.032784,0.077216,0.014883,0.013455,0.024016,0.027415,0.05417,0.016223,0.089689,0.062621,0.078097,0.11129,0.13748,0.086878,0.042641,0.13508
6.24,0.044946,0.034912,0.085814,0.060897,0.018256,0.060184,0.060243,0.02361,0.023167,0.063385,0.047385,0.061509,0.023,0.015444,0.077917,0.046191,0.13223,0.14976,0.21201,0.044913,0.081182,0.13861,0.13717,0.032729,0.07693,0.014806,0.013359,0.023926,0.027281,0.053913,0.01624,0.089124,0.06199,0.077996,0.11086,0.13756,0.086812,0.042329,0.13481
6.25,0.044769,0.034891,0.085999,0.060693,0.018209,0.060163,0.059951,0.02338,0.023066,0.063105,0.047226,0.061282,0.022907,0.015401,0.077546,0.046077,0.13196,0.14927,0.21112,0.044806,0.08114,0.13859,0.13674,0.032674,0.076644,0.014729,0.013264,0.023836,0.02714,0.053657,0.016254,0.088556,0.061353,0.077892,0.11043,0.13761,0.086744,0.042018,0.13453
6.26,0.044594,0.034869,0.086178,0.060489,0.018162,0.060139,0.05966,0.02315,0.022965,0.062826,0.047068,0.061055,0.022815,0.015359,0.077177,0.045963,0.1317,0.14876,0.21023,0.044698,0.081094,0.13856,0.13632,0.032618,0.07636,0.014653,0.013169,0.023744,0.026991,0.053401,0.016268,0.087984,0.060712,0.077784,0.11,0.13764,0.086673,0.041709,0.13425
6.27,0.044419,0.034846,0.086352,0.060284,0.018113,0.060113,0.05937,0.022919,0.022864,0.062548,0.04691,0.060829,0.022723,0.015316,0.076808,0.04585,0.13144,0.14825,0.20934,0.04459,0.081045,0.13853,0.13589,0.032561,0.076076,0.014576,0.013074,0.023653,0.026835,0.053145,0.01628,0.08741,0.060067,0.077671,0.10956,0.13765,0.0866,0.041402,0.13396
6.28,0.044245,0.034822,0.086522,0.060079,0.018063,0.060086,0.059082,0.022687,0.022764,0.062271,0.046753,0.060605,0.022632,0.015274,0.076439,0.045736,0.13119,0.14773,0.20845,0.044483,0.080993,0.13849,0.13553,0.032504,0.075793,0.0145,0.01298,0.023561,0.026672,0.05289,0.016291,0.086833,0.059494,0.077555,0.10912,0.13764,0.086523,0.041097,0.13366
6.29,0.044071,0.034797,0.086685,0.059874,0.018013,0.060056,0.058795,0.022456,0.022665,0.061996,0.046597,0.060381,0.022541,0.015231,0.07607,0.045623,0.13094,0.1472,0.20756,0.044375,0.080936,0.13845,0.13532,0.032445,0.07551,0.014424,0.012886,0.023468,0.026504,0.052635,0.0163,0.086253,0.059311,0.077433,0.10867,0.1376,0.086443,0.040794,0.13336
6.3,0.043899,0.034772,0.086845,0.05967,0.017961,0.060024,0.05851,0.022226,0.022566,0.061722,0.046442,0.060158,0.022451,0.015188,0.075701,0.04551,0.13069,0.14666,0.20666,0.044268,0.080877,0.13842,0.1351,0.032386,0.075228,0.014348,0.012798,0.023376,0.026329,0.05238,0.016308,0.08567,0.059121,0.077306,0.10822,0.13755,0.08636,0.040493,0.13305
6.31,0.043726,0.034745,0.086999,0.059465,0.017909,0.059991,0.058226,0.021996,0.022467,0.061449,0.046287,0.059937,0.022361,0.015144,0.075336,0.045398,0.13045,0.14611,0.20577,0.04416,0.080814,0.13837,0.13488,0.032326,0.074948,0.014272,0.012711,0.023282,0.026148,0.052125,0.016314,0.085084,0.058927,0.077174,0.10777,0.13747,0.086274,0.040193,0.13273
6.32,0.043555,0.034718,0.087148,0.059261,0.017856,0.059955,0.057943,0.021764,0.022369,0.061178,0.046133,0.059716,0.022272,0.015101,0.074971,0.045285,0.13022,0.14556,0.20488,0.044053,0.080748,0.13833,0.13465,0.032266,0.074667,0.014195,0.012624,0.023189,0.02596,0.051871,0.016319,0.084495,0.058725,0.077038,0.10731,0.13738,0.086185,0.039896,0.13241
6.33,0.043384,0.034689,0.087293,0.059057,0.017802,0.059918,0.057663,0.021533,0.022272,0.060907,0.04598,0.059497,0.022183,0.015057,0.074607,0.045173,0.12998,0.145,0.20399,0.043945,0.080679,0.13828,0.13442,0.032204,0.074388,0.01412,0.012538,0.023094,0.025767,0.051617,0.016322,0.083903,0.058518,0.076895,0.10685,0.13726,0.086093,0.0396,0.13208
6.34,0.043214,0.03466,0.087433,0.058853,0.017748,0.059878,0.057384,0.021301,0.022175,0.060638,0.045828,0.059278,0.022095,0.015014,0.074243,0.045061,0.12975,0.14443,0.2031,0.043838,0.080606,0.13824,0.13417,0.032141,0.074109,0.014044,0.012453,0.023,0.025567,0.051363,0.016323,0.083307,0.058305,0.076747,0.10639,0.13713,0.085998,0.039306,0.13175
6.35,0.043044,0.03463,0.087568,0.05865,0.017693,0.059837,0.057106,0.021081,0.022078,0.06037,0.045677,0.05906,0.022007,0.01497,0.073879,0.044949,0.12952,0.14386,0.20222,0.04373,0.08053,0.13818,0.13392,0.032079,0.073831,0.013968,0.012369,0.022905,0.025545,0.05111,0.016322,0.082708,0.058194,0.076594,0.10592,0.13698,0.085899,0.039014,0.13141
6.36,0.042876,0.034599,0.087697,0.058447,0.017637,0.059794,0.056829,0.020938,0.021982,0.060104,0.045526,0.058844,0.02192,0.014926,0.073516,0.044837,0.12928,0.14328,0.20133,0.043623,0.080451,0.13813,0.13367,0.032015,0.073554,0.013892,0.012286,0.02281,0.02553,0.050858,0.016319,0.082106,0.058175,0.076436,0.10544,0.13681,0.085797,0.038723,0.13106
6.37,0.042708,0.034567,0.087822,0.058244,0.017582,0.05975,0.056554,0.020795,0.021886,0.059838,0.045376,0.058628,0.021833,0.014881,0.073156,0.044725,0.12905,0.14269,0.20044,0.043515,0.080369,0.13807,0.1334,0.03195,0.073276,0.013816,0.012203,0.022714,0.025511,0.050606,0.016315,0.0815,0.058152,0.076272,0.10497,0.13661,0.085692,0.038435,0.13071
6.38,0.04254,0.034534,0.087943,0.058041,0.017525,0.059703,0.056281,0.02065,0.021791,0.059574,0.045226,0.058413,0.021747,0.014837,0.072797,0.044614,0.12881,0.14209,0.19956,0.043408,0.080284,0.13802,0.13313,0.031885,0.073001,0.01374,0.012122,0.022618,0.02549,0.050354,0.016308,0.08089,0.058123,0.076103,0.10449,0.13641,0.085584,0.038149,0.13034
6.39,0.042373,0.0345,0.088059,0.057838,0.017469,0.059655,0.056058,0.020503,0.021697,0.059311,0.045078,0.058199,0.021661,0.014793,0.072438,0.044503,0.12857,0.14149,0.19867,0.0433,0.080196,0.13796,0.13286,0.03182,0.072725,0.013664,0.012041,0.022522,0.025466,0.050103,0.0163,0.080277,0.058088,0.075929,0.104,0.13618,0.085473,0.037864,0.12997
6.4,0.042207,0.034466,0.08817,0.057635,0.017412,0.059605,0.055864,0.020355,0.021603,0.059049,0.04493,0.057986,0.021575,0.014748,0.07208,0.044392,0.12833,0.14089,0.19779,0.043192,0.080105,0.13789,0.13257,0.031754,0.072451,0.013599,0.01196,0.022425,0.025439,0.049854,0.01629,0.079661,0.058049,0.075749,0.10351,0.13593,0.085358,0.037582,0.1296
6.41,0.042041,0.03443,0.088277,0.057431,0.017355,0.059552,0.055671,0.020205,0.021509,0.058788,0.044782,0.057774,0.02149,0.014703,0.071722,0.044281,0.12808,0.14028,0.19691,0.043083,0.080012,0.13783,0.13228,0.031688,0.072176,0.013596,0.011881,0.022329,0.025409,0.049605,0.016277,0.079041,0.058005,0.075564,0.10302,0.13567,0.085241,0.037301,0.12922
6.42,0.041877,0.034394,0.08838,0.057227,0.017298,0.059498,0.055479,0.020054,0.021416,0.058529,0.044636,0.057563,0.021405,0.014658,0.071365,0.044171,0.12784,0.13966,0.19603,0.042975,0.079917,0.13776,0.13199,0.031622,0.071903,0.013594,0.011802,0.022233,0.025376,0.049357,0.016263,0.078418,0.057955,0.075373,0.10252,0.13538,0.08512,0.037021,0.12883
6.43,0.041712,0.034357,0.088479,0.057024,0.01724,0.059442,0.055287,0.019901,0.021323,0.058271,0.04449,0.057352,0.021321,0.014613,0.07101,0.044061,0.12759,0.13905,0.19516,0.042866,0.079819,0.13769,0.13169,0.031556,0.071631,0.013591,0.011724,0.022137,0.025341,0.04911,0.016246,0.077792,0.057901,0.075176,0.10202,0.13508,0.084996,0.036744,0.12843
6.44,0.041549,0.034318,0.088573,0.05682,0.017183,0.059383,0.055097,0.019746,0.021231,0.058014,0.044345,0.057143,0.021237,0.014568,0.070657,0.043951,0.12734,0.13843,0.19428,0.042757,0.079718,0.13762,0.13138,0.031492,0.071359,0.013588,0.011646,0.02204,0.025303,0.048864,0.016228,0.077471,0.057842,0.074973,0.10151,0.13477,0.084869,0.036469,0.12802
6.45,0.041386,0.034279,0.088662,0.056616,0.017125,0.059322,0.054906,0.01959,0.021139,0.057758,0.0442,0.056935,0.021154,0.014523,0.070304,0.043841,0.1271,0.13781,0.19341,0.042648,0.079614,0.13755,0.13106,0.031427,0.071087,0.013586,0.01157,0.021943,0.025261,0.048617,0.016207,0.07724,0.057778,0.074765,0.101,0.13443,0.084739,0.036195,0.12761
6.46,0.041223,0.034239,0.088747,0.056412,0.017068,0.059259,0.054717,0.019432,0.021048,0.057503,0.044057,0.056728,0.021071,0.014478,0.069952,0.043731,0.12685,0.13719,0.19254,0.042538,0.079507,0.13748,0.13074,0.031363,0.070817,0.013583,0.011494,0.021845,0.025217,0.048372,0.016185,0.077003,0.057709,0.074551,0.10049,0.13408,0.084606,0.035923,0.12719
6.47,0.041062,0.034199,0.088827,0.056208,0.01701,0.059194,0.054529,0.019276,0.020958,0.057249,0.043914,0.056521,0.020989,0.014432,0.069601,0.043622,0.1266,0.13657,0.19167,0.042428,0.079397,0.1374,0.13041,0.031317,0.070547,0.013581,0.011419,0.021748,0.02517,0.048127,0.01616,0.07676,0.057636,0.07433,0.099971,0.13372,0.08447,0.035653,0.12676
6.48,0.040901,0.034157,0.088903,0.056004,0.016953,0.059126,0.054341,0.019119,0.020867,0.056997,0.043771,0.056316,0.020907,0.014387,0.06925,0.043513,0.12635,0.13595,0.19092,0.042318,0.079283,0.13732,0.13008,0.031278,0.070277,0.013579,0.011344,0.02165,0.02512,0.047883,0.016133,0.076512,0.057559,0.074104,0.09945,0.13334,0.084331,0.035384,0.12632
6.49,0.04074,0.034114,0.088975,0.0558,0.016895,0.059057,0.054154,0.018959,0.020777,0.056746,0.04363,0.056112,0.020825,0.014341,0.0689,0.043404,0.1261,0.13534,0.1904,0.042207,0.079166,0.13724,0.12974,0.031238,0.070008,0.013577,0.01127,0.021552,0.025068,0.04764,0.016104,0.076259,0.057478,0.073873,0.098927,0.13294,0.08419,0.035118,0.12588
6.5,0.040581,0.034071,0.089041,0.055596,0.016838,0.058985,0.053968,0.018799,0.020688,0.056496,0.043488,0.055908,0.020744,0.014296,0.068554,0.043295,0.12585,0.13473,0.18988,0.042096,0.079045,0.13716,0.1294,0.031199,0.06974,0.013575,0.011197,0.021453,0.025013,0.047397,0.016074,0.076,0.057392,0.073636,0.0984,0.13253,0.084046,0.034853,0.12542
6.51,0.040422,0.034027,0.089104,0.055393,0.016781,0.058911,0.053783,0.018798,0.020599,0.056247,0.043348,0.055705,0.020664,0.01425,0.068208,0.043187,0.1256,0.13413,0.18937,0.041985,0.078921,0.13708,0.12905,0.031159,0.069473,0.013574,0.011125,0.021355,0.024957,0.047155,0.016041,0.075735,0.057302,0.073394,0.097869,0.13211,0.0839,0.03459,0.12496
6.52,0.040263,0.033982,0.089162,0.05519,0.016724,0.058835,0.053599,0.018797,0.020511,0.055999,0.043208,0.055503,0.020583,0.014204,0.067863,0.043078,0.12535,0.13353,0.18885,0.041873,0.078794,0.137,0.12869,0.031119,0.069206,0.013572,0.011053,0.021256,0.024898,0.046914,0.016007,0.075465,0.057207,0.073147,0.097335,0.13167,0.083751,0.034329,0.12449
6.53,0.040105,0.033936,0.089215,0.054987,0.016667,0.058757,0.053415,0.018798,0.020423,0.055752,0.043069,0.055302,0.020503,0.014158,0.067519,0.04297,0.1251,0.13293,0.18834,0.04176,0.078664,0.13691,0.12833,0.03108,0.06894,0.01357,0.010982,0.021157,0.024836,0.046673,0.01597,0.07519,0.057108,0.072895,0.096799,0.13121,0.083601,0.03407,0.12401
6.54,0.039948,0.03389,0.089264,0.054786,0.016611,0.058678,0.053232,0.018798,0.020336,0.055507,0.042931,0.055102,0.020424,0.014112,0.067175,0.042862,0.12485,0.13234,0.18782,0.041647,0.078531,0.13682,0.12796,0.03104,0.068674,0.013569,0.010911,0.021058,0.024771,0.046433,0.015931,0.07491,0.057004,0.072639,0.096258,0.13075,0.083448,0.033813,0.12352
6.55,0.039791,0.033842,0.089309,0.054585,0.016555,0.058596,0.05305,0.018797,0.020249,0.055263,0.042793,0.054903,0.020345,0.014066,0.066832,0.042755,0.1246,0.13175,0.18731,0.041534,0.078395,0.13674,0.12759,0.031,0.068409,0.013567,0.010842,0.020958,0.024704,0.046194,0.01589,0.074626,0.056895,0.072378,0.095715,0.13027,0.083295,0.033557,0.12303
6.56,0.039635,0.033794,0.089349,0.054386,0.016499,0.058513,0.052868,0.018796,0.020162,0.05502,0.042656,0.054705,0.020266,0.01402,0.066491,0.042648,0.12434,0.13116,0.1868,0.04142,0.078256,0.13665,0.12721,0.030959,0.068145,0.013566,0.010772,0.020859,0.024633,0.045956,0.015848,0.074337,0.056781,0.072113,0.095168,0.12978,0.083139,0.033303,0.12253
6.57,0.03948,0.033745,0.089386,0.054188,0.016443,0.058427,0.052687,0.018794,0.020076,0.054778,0.04252,0.054507,0.020188,0.013974,0.066152,0.04254,0.12409,0.13056,0.18629,0.041305,0.078115,0.13655,0.12683,0.030918,0.067881,0.013564,0.010704,0.020759,0.024559,0.045719,0.015803,0.074045,0.056664,0.071844,0.094619,0.12927,0.082983,0.03305,0.12202
6.58,0.039326,0.033695,0.089419,0.053995,0.016388,0.058341,0.052508,0.018792,0.019991,0.054537,0.042384,0.05431,0.02011,0.013927,0.065815,0.042434,0.12384,0.12997,0.18578,0.041191,0.077971,0.13646,0.12645,0.030877,0.067618,0.013563,0.010636,0.020659,0.024483,0.045482,0.015757,0.073748,0.056542,0.071571,0.094377,0.12876,0.082825,0.0328,0.1215
6.59,0.039172,0.033645,0.089448,0.053808,0.016333,0.058252,0.052329,0.018789,0.019906,0.054297,0.042249,0.054114,0.020033,0.013881,0.065478,0.042327,0.12359,0.12938,0.18528,0.041075,0.077824,0.13637,0.12605,0.030835,0.067356,0.013562,0.010569,0.020559,0.024403,0.045246,0.015708,0.073447,0.056416,0.071295,0.094259,0.12823,0.082666,0.032551,0.12097
6.6,0.039018,0.033601,0.089474,0.053625,0.016278,0.058162,0.05215,0.018785,0.019821,0.054058,0.042114,0.053919,0.019956,0.013835,0.065141,0.04222,0.12334,0.12878,0.18477,0.040959,0.077676,0.13627,0.12566,0.030792,0.067094,0.01356,0.01051,0.02046,0.024321,0.045011,0.015658,0.073143,0.056286,0.071016,0.094138,0.1277,0.082505,0.032304,0.12044
6.61,0.038865,0.033607,0.089495,0.053447,0.016224,0.05807,0.051973,0.018781,0.019737,0.05382,0.04198,0.053726,0.019879,0.013788,0.064806,0.042114,0.12308,0.12818,0.18427,0.040842,0.077525,0.13618,0.12526,0.030749,0.066833,0.013559,0.010469,0.02036,0.024236,0.044777,0.015607,0.072836,0.056154,0.070733,0.094014,0.12715,0.082342,0.032168,0.1199
6.62,0.038713,0.033613,0.089513,0.053272,0.016171,0.057977,0.051796,0.018777,0.019653,0.053584,0.041847,0.053533,0.019803,0.013742,0.064472,0.042008,0.12283,0.12758,0.18376,0.040725,0.077371,0.13608,0.12485,0.030705,0.066572,0.013558,0.010429,0.02026,0.024148,0.044544,0.015553,0.072526,0.056018,0.070448,0.093887,0.12659,0.082178,0.032044,0.11936
6.63,0.038561,0.033618,0.089527,0.053099,0.016117,0.057882,0.05162,0.018771,0.01957,0.053349,0.041714,0.053341,0.019728,0.013695,0.064139,0.041903,0.12258,0.12698,0.18326,0.040607,0.077216,0.13598,0.12444,0.03066,0.066312,0.013557,0.010389,0.020161,0.024057,0.044312,0.015498,0.072213,0.05588,0.07016,0.093757,0.12602,0.082011,0.03192,0.11881
6.64,0.03841,0.033623,0.089536,0.052929,0.016065,0.057786,0.051444,0.018766,0.019487,0.053115,0.041582,0.05315,0.019652,0.013649,0.063808,0.041797,0.12232,0.12637,0.18276,0.040489,0.077059,0.13588,0.12403,0.030615,0.066053,0.013555,0.010349,0.020061,0.023965,0.044081,0.015441,0.071897,0.055739,0.069869,0.093624,0.12545,0.081844,0.031797,0.11829
6.65,0.03826,0.033627,0.089541,0.05276,0.016012,0.057687,0.05127,0.018761,0.019404,0.052882,0.041451,0.052959,0.019577,0.013602,0.063479,0.041692,0.12207,0.12577,0.18226,0.04037,0.0769,0.13586,0.12361,0.030568,0.065795,0.013554,0.01031,0.019961,0.023869,0.043851,0.015382,0.071577,0.055595,0.069576,0.093488,0.12486,0.081674,0.031674,0.11806
6.66,0.03811,0.033631,0.089543,0.052591,0.01596,0.057588,0.051096,0.018756,0.019323,0.05265,0.04132,0.05277,0.019503,0.013555,0.063151,0.041587,0.12182,0.12516,0.18176,0.04025,0.07674,0.13599,0.12319,0.030522,0.065536,0.013553,0.010271,0.019861,0.023772,0.043623,0.015322,0.071254,0.055447,0.069344,0.093349,0.12426,0.081503,0.031552,0.11783
6.67,0.037961,0.033639,0.08954,0.052423,0.015909,0.057486,0.050922,0.018749,0.019241,0.052419,0.04119,0.052581,0.019428,0.013509,0.062823,0.041482,0.12157,0.12454,0.18126,0.04013,0.076578,0.13611,0.12276,0.030474,0.065279,0.013552,0.010232,0.01976,0.023672,0.043395,0.01526,0.070927,0.055296,0.069207,0.093208,0.12366,0.08133,0.03143,0.1176
6.68,0.037812,0.033881,0.089533,0.052256,0.015858,0.057383,0.05075,0.018742,0.01916,0.052189,0.04106,0.052393,0.019354,0.013462,0.062497,0.041377,0.12132,0.12393,0.18077,0.040009,0.076415,0.13622,0.12233,0.030426,0.065022,0.01355,0.010193,0.01966,0.023571,0.043168,0.015197,0.070598,0.055141,0.069067,0.093064,0.12304,0.081156,0.031308,0.11737
6.69,0.037664,0.03412,0.089522,0.052089,0.015807,0.057278,0.050578,0.018734,0.019079,0.05196,0.040931,0.052206,0.019281,0.013415,0.062171,0.041273,0.12106,0.12331,0.18027,0.039888,0.076249,0.13634,0.1219,0.030377,0.064766,0.013549,0.010154,0.01956,0.023468,0.042942,0.015132,0.070265,0.054983,0.068923,0.092917,0.12242,0.080979,0.031186,0.11713
6.7,0.037517,0.034357,0.089507,0.051923,0.015757,0.057171,0.050408,0.018726,0.018999,0.051732,0.040803,0.052019,0.019208,0.013369,0.061846,0.041169,0.12081,0.12269,0.17978,0.039766,0.076082,0.13644,0.12146,0.030328,0.06451,0.013548,0.010116,0.019459,0.023363,0.042717,0.015066,0.069931,0.05482,0.068775,0.092768,0.12179,0.080801,0.031065,0.1169
6.71,0.03737,0.03459,0.089488,0.051758,0.015708,0.057063,0.050237,0.018716,0.01892,0.051505,0.040675,0.051834,0.019135,0.013322,0.061524,0.041065,0.12056,0.12206,0.17928,0.039643,0.075913,0.13655,0.12102,0.030278,0.064255,0.013546,0.010078,0.019359,0.023256,0.042493,0.014998,0.069593,0.054654,0.068625,0.092616,0.12115,0.08062,0.030945,0.11666
6.72,0.037224,0.03482,0.089465,0.051593,0.015659,0.056952,0.050068,0.018705,0.01884,0.05128,0.040548,0.051649,0.019063,0.013276,0.061204,0.040962,0.1203,0.12143,0.17879,0.03952,0.075741,0.13664,0.12058,0.030228,0.064001,0.013545,0.01004,0.019258,0.023148,0.04227,0.014929,0.069253,0.054484,0.06847,0.092461,0.1205,0.080437,0.030825,0.11642
6.73,0.037078,0.035048,0.089438,0.05143,0.015611,0.05684,0.049899,0.018694,0.018761,0.051056,0.040421,0.051465,0.018991,0.01323,0.060884,0.040858,0.12005,0.1208,0.1783,0.039396,0.075566,0.13674,0.12014,0.030179,0.063747,0.013543,0.010002,0.019157,0.023037,0.042048,0.014859,0.068911,0.054312,0.068313,0.092303,0.11985,0.080253,0.030705,0.11617
6.74,0.036933,0.035271,0.089407,0.051267,0.015563,0.056727,0.049731,0.018682,0.018683,0.050832,0.040295,0.051282,0.018919,0.013183,0.060566,0.040755,0.1198,0.12017,0.17781,0.039272,0.075389,0.13682,0.11969,0.030133,0.063494,0.013542,0.0099643,0.019057,0.022925,0.041827,0.014788,0.068566,0.054136,0.068152,0.092142,0.11919,0.080066,0.030586,0.11592
6.75,0.036789,0.035492,0.089373,0.051106,0.015515,0.056612,0.049564,0.018669,0.018605,0.05061,0.04017,0.0511,0.018848,0.013137,0.060248,0.040652,0.11954,0.11953,0.17731,0.039147,0.075208,0.13691,0.11924,0.030087,0.063241,0.01354,0.009927,0.018956,0.02281,0.041606,0.014715,0.068219,0.053958,0.067987,0.091979,0.11852,0.079876,0.030467,0.11568
6.76,0.036645,0.035709,0.089335,0.050944,0.015468,0.056494,0.049397,0.018655,0.018528,0.050388,0.040045,0.050918,0.018777,0.013091,0.059932,0.04055,0.11929,0.11889,0.17683,0.039021,0.075025,0.13699,0.11878,0.030041,0.062989,0.013538,0.0098899,0.018855,0.022694,0.041387,0.014641,0.06787,0.053776,0.067821,0.091812,0.11785,0.079685,0.030348,0.11542
6.77,0.036502,0.035923,0.089293,0.050784,0.015422,0.056376,0.049231,0.018642,0.01845,0.050168,0.039921,0.050737,0.018707,0.013044,0.059617,0.040447,0.11903,0.11824,0.17634,0.038895,0.074838,0.13706,0.11833,0.029994,0.062738,0.013537,0.0098529,0.018755,0.022577,0.041169,0.014566,0.067519,0.053592,0.06765,0.091643,0.11717,0.079492,0.03023,0.11517
6.78,0.036359,0.036133,0.089248,0.050624,0.015376,0.056255,0.049066,0.018629,0.018374,0.049949,0.039797,0.050558,0.018637,0.012998,0.059302,0.040345,0.11878,0.1176,0.17585,0.038768,0.074648,0.13713,0.11787,0.029947,0.062487,0.013535,0.0098162,0.018655,0.022475,0.040951,0.01449,0.067167,0.053405,0.067477,0.091471,0.11648,0.079296,0.030112,0.11491
6.79,0.036217,0.03634,0.0892,0.050464,0.015331,0.056133,0.048901,0.018614,0.018298,0.04973,0.039674,0.050379,0.018567,0.012951,0.05899,0.040243,0.11852,0.11695,0.17536,0.038641,0.074608,0.1372,0.11741,0.029899,0.062237,0.013533,0.0097798,0.018555,0.022441,0.040735,0.014413,0.066812,0.053215,0.067301,0.091297,0.11579,0.079098,0.029995,0.11466
6.8,0.036076,0.036544,0.089149,0.050305,0.015286,0.05601,0.048738,0.018599,0.018222,0.049513,0.039551,0.050201,0.018498,0.012905,0.05868,0.040142,0.11826,0.1163,0.17488,0.038514,0.074677,0.13726,0.11695,0.029849,0.061987,0.013531,0.0097435,0.018455,0.022406,0.04052,0.014335,0.066456,0.053022,0.067122,0.09112,0.1151,0.078899,0.029878,0.1144
6.81,0.035935,0.036744,0.089094,0.050147,0.015242,0.055884,0.048574,0.018582,0.018146,0.049297,0.039429,0.050023,0.018428,0.012859,0.058371,0.04004,0.11801,0.11564,0.17439,0.038386,0.074744,0.13732,0.11648,0.0298,0.061739,0.013528,0.0097075,0.018355,0.022369,0.040305,0.014256,0.066098,0.052825,0.066941,0.090941,0.1144,0.078697,0.029762,0.11413
6.82,0.035795,0.03694,0.089037,0.049989,0.015198,0.055757,0.048412,0.018564,0.018071,0.049082,0.039308,0.049847,0.01836,0.012812,0.058063,0.039939,0.11775,0.11498,0.17391,0.038257,0.074807,0.13738,0.11602,0.02975,0.06149,0.013526,0.0096717,0.018255,0.022331,0.040092,0.014176,0.065739,0.052626,0.066756,0.090759,0.11402,0.078494,0.029646,0.11387
6.83,0.035655,0.037132,0.088976,0.049868,0.015155,0.055629,0.04825,0.018546,0.017997,0.048868,0.039187,0.049671,0.018291,0.012766,0.057756,0.039838,0.11749,0.11433,0.17343,0.038129,0.074866,0.13744,0.11555,0.029698,0.061243,0.013524,0.009636,0.018155,0.022291,0.03988,0.014096,0.065378,0.052423,0.066569,0.090575,0.11371,0.078288,0.02953,0.1136
6.84,0.035516,0.037321,0.088912,0.049839,0.015112,0.055499,0.048089,0.018526,0.017923,0.048655,0.039066,0.049496,0.018223,0.01272,0.05745,0.039737,0.11724,0.11367,0.17294,0.037999,0.074923,0.13749,0.11508,0.029646,0.060996,0.013521,0.0096006,0.018055,0.022249,0.039668,0.014015,0.065016,0.052218,0.066379,0.090389,0.11338,0.07808,0.029415,0.11333
6.85,0.035377,0.037506,0.088845,0.049806,0.015069,0.055368,0.047929,0.018506,0.017849,0.048443,0.038946,0.049322,0.018156,0.012673,0.057145,0.039637,0.11698,0.113,0.17246,0.037869,0.074977,0.13755,0.1146,0.029594,0.060749,0.013518,0.0095654,0.017955,0.022207,0.039458,0.013933,0.064653,0.05201,0.066187,0.090201,0.11305,0.077871,0.0293,0.11306
6.86,0.035239,0.037687,0.088776,0.049769,0.015027,0.055236,0.047769,0.018484,0.017776,0.048232,0.038827,0.049149,0.018088,0.012627,0.056841,0.039537,0.11672,0.11234,0.17198,0.037739,0.075028,0.13761,0.11413,0.02954,0.060503,0.013516,0.0095304,0.017855,0.022163,0.039248,0.01385,0.064289,0.0518,0.065992,0.090011,0.11271,0.07766,0.029185,0.11279
6.87,0.035102,0.037865,0.088703,0.049728,0.014986,0.055102,0.04761,0.018461,0.017703,0.048022,0.038708,0.048976,0.018021,0.012581,0.056539,0.039437,0.11647,0.11168,0.1715,0.037608,0.075075,0.13767,0.11365,0.029485,0.060258,0.013513,0.0094956,0.017755,0.022118,0.03904,0.013766,0.063924,0.051587,0.065795,0.089821,0.11237,0.077446,0.029071,0.11252
6.88,0.034965,0.038038,0.088628,0.049684,0.014945,0.054968,0.047452,0.018438,0.01763,0.047813,0.03859,0.048804,0.017955,0.012534,0.056239,0.039337,0.11621,0.11101,0.17103,0.037477,0.075119,0.13773,0.11318,0.02943,0.060014,0.01351,0.009461,0.017655,0.022073,0.038833,0.013682,0.063559,0.051372,0.065596,0.089629,0.11202,0.077231,0.028958,0.11224
6.89,0.034828,0.038207,0.08855,0.049636,0.014904,0.054833,0.047294,0.018414,0.017558,0.047605,0.038472,0.048633,0.017888,0.012488,0.05594,0.039237,0.11595,0.11034,0.17055,0.037346,0.075161,0.13779,0.1127,0.029374,0.059769,0.013506,0.0094267,0.017555,0.022027,0.038627,0.013598,0.063193,0.051155,0.065395,0.089436,0.11166,0.077015,0.028845,0.11196
6.9,0.034693,0.038373,0.088471,0.049584,0.014864,0.054698,0.047137,0.01839,0.017486,0.047398,0.038355,0.048462,0.017823,0.012442,0.055642,0.039138,0.1157,0.10967,0.17007,0.037214,0.075199,0.13785,0.11223,0.029316,0.059526,0.013503,0.0093925,0.017455,0.02198,0.038421,0.013513,0.062827,0.050935,0.065193,0.089242,0.1113,0.076797,0.028732,0.11168
6.91,0.034557,0.038534,0.088388,0.049529,0.014824,0.054563,0.046981,0.018366,0.017415,0.047192,0.038238,0.048292,0.017757,0.012396,0.055346,0.039039,0.11544,0.10921,0.1696,0.037082,0.075235,0.13791,0.11175,0.029258,0.059284,0.0135,0.0093584,0.017356,0.021934,0.038217,0.013428,0.062461,0.050713,0.064988,0.089046,0.11093,0.076578,0.028619,0.1114
6.92,0.034423,0.038691,0.088304,0.04947,0.014785,0.054428,0.046826,0.01834,0.017344,0.046987,0.038122,0.048123,0.017692,0.012349,0.055051,0.03894,0.11519,0.10877,0.16912,0.036949,0.075267,0.13796,0.11128,0.029199,0.059042,0.013496,0.0093246,0.017256,0.021888,0.038014,0.013342,0.062094,0.050488,0.064783,0.088849,0.11056,0.076357,0.028507,0.11112
6.93,0.034289,0.038843,0.088217,0.049407,0.014746,0.054294,0.046671,0.018313,0.017274,0.046783,0.038007,0.047955,0.017627,0.012303,0.054757,0.038842,0.11493,0.10833,0.16865,0.036817,0.075297,0.13801,0.11085,0.02914,0.0588,0.013492,0.0092911,0.017157,0.021841,0.037812,0.013255,0.061728,0.050261,0.064576,0.08865,0.11018,0.076136,0.028396,0.11084
6.94,0.034156,0.038992,0.088128,0.04934,0.014708,0.05416,0.046517,0.018285,0.017204,0.04658,0.037892,0.047787,0.017562,0.012257,0.054464,0.038744,0.11467,0.10788,0.16818,0.036684,0.075323,0.13806,0.11044,0.029079,0.058559,0.013488,0.0092578,0.017058,0.021794,0.037611,0.013169,0.061362,0.050031,0.064368,0.088449,0.10979,0.075914,0.028284,0.11055
6.95,0.034023,0.039136,0.088037,0.04927,0.01467,0.054026,0.046363,0.018256,0.017134,0.046378,0.037777,0.047621,0.017498,0.012211,0.054172,0.038646,0.11441,0.10744,0.1677,0.036551,0.075347,0.13811,0.11003,0.029017,0.058319,0.013484,0.0092246,0.016959,0.021751,0.037411,0.013082,0.060996,0.049799,0.064159,0.088246,0.10939,0.075692,0.028174,0.11027
6.96,0.03389,0.039276,0.087945,0.049197,0.014632,0.053892,0.04621,0.018226,0.017065,0.046177,0.037663,0.047454,0.017434,0.012165,0.053882,0.038549,0.11415,0.10699,0.16723,0.036418,0.075368,0.13815,0.10962,0.028955,0.058079,0.01348,0.0091916,0.01686,0.021709,0.037212,0.012995,0.06063,0.049565,0.063949,0.088041,0.109,0.075469,0.028064,0.10998
6.97,0.033758,0.039412,0.08785,0.04912,0.014594,0.053759,0.046058,0.018195,0.016996,0.045977,0.037549,0.047289,0.01737,0.012119,0.053593,0.038452,0.11389,0.10655,0.16676,0.036284,0.075386,0.13819,0.10921,0.028893,0.05784,0.013475,0.0091588,0.016762,0.021666,0.037014,0.012908,0.060264,0.049329,0.063739,0.087833,0.10859,0.075245,0.027954,0.10969
6.98,0.033627,0.039543,0.087755,0.049041,0.014557,0.053626,0.045906,0.018163,0.016927,0.045778,0.037436,0.047125,0.017307,0.012073,0.053305,0.038355,0.11363,0.1061,0.1663,0.036151,0.075402,0.13822,0.1088,0.028829,0.058015,0.013471,0.0091262,0.016663,0.021623,0.036817,0.01282,0.059898,0.049091,0.063528,0.087623,0.10818,0.075022,0.027844,0.1094
6.99,0.033496,0.039669,0.087658,0.048959,0.014521,0.053495,0.045755,0.01813,0.016859,0.045579,0.037324,0.046961,0.017244,0.012027,0.05302,0.038258,0.11337,0.10566,0.16583,0.036017,0.075415,0.13825,0.10838,0.028764,0.058242,0.013466,0.0090938,0.016565,0.02158,0.036621,0.012732,0.059532,0.048851,0.063316,0.087411,0.10776,0.074798,0.027735,0.10911
7,0.033366,0.03979,0.08756,0.048875,0.014484,0.053366,0.045604,0.018095,0.016791,0.045382,0.037212,0.046799,0.017182,0.011981,0.052735,0.038162,0.11311,0.10521,0.16536,0.035884,0.075425,0.13828,0.10797,0.028699,0.058466,0.013461,0.0090616,0.016467,0.021536,0.036426,0.012645,0.059167,0.048609,0.063103,0.087197,0.10734,0.074576,0.027626,0.10882
7.01,0.033236,0.039907,0.087461,0.048789,0.014448,0.053242,0.045455,0.01806,0.016724,0.045186,0.0371,0.046636,0.017119,0.011936,0.052452,0.038066,0.11284,0.10477,0.1649,0.03575,0.075432,0.1383,0.10755,0.028633,0.058687,0.013456,0.0090296,0.016369,0.021493,0.036232,0.012557,0.058801,0.048366,0.06289,0.08698,0.10691,0.074355,0.027518,0.10853
7.02,0.033107,0.04002,0.087361,0.048702,0.014412,0.053125,0.045305,0.018024,0.016657,0.044991,0.036989,0.046475,0.017057,0.01189,0.05217,0.03797,0.11258,0.10433,0.16443,0.035616,0.075438,0.13832,0.10714,0.028566,0.058907,0.01345,0.0089979,0.016271,0.02145,0.03604,0.012469,0.058436,0.048121,0.062676,0.086761,0.10647,0.074136,0.02741,0.10823
7.03,0.032979,0.040128,0.087259,0.048614,0.014376,0.05301,0.045157,0.017988,0.01659,0.044796,0.036878,0.046314,0.016996,0.011844,0.05189,0.037874,0.11231,0.10388,0.16397,0.035483,0.07544,0.13833,0.10672,0.028499,0.059123,0.013445,0.0089663,0.016173,0.021406,0.035848,0.012382,0.058072,0.047875,0.062462,0.086539,0.10603,0.073921,0.027303,0.10793
7.04,0.032851,0.040231,0.087156,0.048526,0.014341,0.052895,0.04501,0.017952,0.016524,0.044603,0.036768,0.046154,0.016934,0.011799,0.05161,0.037779,0.11205,0.10344,0.16351,0.035349,0.07544,0.13834,0.1063,0.028431,0.059338,0.013439,0.0089348,0.016075,0.021363,0.035658,0.012294,0.057708,0.047627,0.062247,0.086316,0.10558,0.073715,0.027196,0.10764
7.05,0.032723,0.040329,0.087051,0.048436,0.014306,0.05278,0.044862,0.017914,0.016458,0.044411,0.036659,0.045994,0.016873,0.011753,0.051332,0.037684,0.11178,0.103,0.16305,0.035215,0.075438,0.13835,0.10587,0.028361,0.05955,0.013433,0.0089036,0.015978,0.021318,0.035469,0.012207,0.057345,0.047378,0.062032,0.08609,0.10512,0.07352,0.027089,0.10734
7.06,0.032596,0.040422,0.086945,0.048347,0.014271,0.052664,0.044716,0.017875,0.016393,0.044219,0.03655,0.045836,0.016813,0.011708,0.051055,0.037589,0.11151,0.10256,0.16259,0.035082,0.075433,0.13835,0.10545,0.028293,0.059759,0.013427,0.0088725,0.01588,0.021274,0.035281,0.012119,0.056983,0.047128,0.061816,0.085862,0.10467,0.073333,0.026983,0.10703
7.07,0.03247,0.040511,0.086837,0.048257,0.014236,0.052548,0.04457,0.017835,0.016327,0.044028,0.036441,0.045678,0.016752,0.011662,0.050779,0.037494,0.11124,0.10211,0.16213,0.034949,0.075426,0.13834,0.10503,0.028223,0.059966,0.013421,0.0088416,0.015783,0.02123,0.035094,0.012032,0.056622,0.046877,0.0616,0.085631,0.1042,0.073154,0.026877,0.10673
7.08,0.032344,0.040595,0.086727,0.048168,0.014201,0.052432,0.044425,0.017794,0.016263,0.043839,0.036333,0.04552,0.016692,0.011617,0.050504,0.0374,0.11097,0.10167,0.16167,0.034816,0.075417,0.13833,0.1046,0.028153,0.06017,0.013415,0.0088109,0.015686,0.021186,0.034908,0.011945,0.056262,0.046625,0.061383,0.085399,0.10373,0.072979,0.026772,0.10642
7.09,0.032218,0.040674,0.086616,0.048078,0.014167,0.052315,0.04428,0.017752,0.016198,0.04365,0.036225,0.045363,0.016632,0.011571,0.050231,0.037306,0.1107,0.10123,0.16121,0.034683,0.075405,0.13832,0.10417,0.028082,0.060372,0.013408,0.0087804,0.015589,0.021142,0.034723,0.011858,0.055905,0.046372,0.061165,0.085165,0.10326,0.072805,0.026667,0.10612
7.1,0.032093,0.040748,0.086504,0.047989,0.014133,0.052198,0.044136,0.017709,0.016134,0.043462,0.036118,0.045207,0.016573,0.011526,0.04996,0.037212,0.11043,0.10079,0.16076,0.03455,0.075392,0.1383,0.10374,0.028011,0.060571,0.013402,0.0087501,0.015492,0.021097,0.034539,0.011772,0.055549,0.046118,0.060947,0.084929,0.10278,0.072632,0.026563,0.10581
7.11,0.031969,0.040817,0.086391,0.047899,0.014099,0.052081,0.043993,0.017665,0.016071,0.043275,0.036011,0.045052,0.016514,0.011481,0.04969,0.037118,0.11016,0.10035,0.1603,0.034418,0.075376,0.13828,0.10331,0.027939,0.060767,0.013395,0.00872,0.015396,0.021051,0.034357,0.011686,0.055195,0.045863,0.060728,0.084691,0.1023,0.07246,0.026458,0.1055
7.12,0.031845,0.040881,0.086276,0.047809,0.014065,0.051965,0.04385,0.017619,0.016007,0.043088,0.035905,0.044897,0.016455,0.011436,0.049421,0.037025,0.10989,0.099916,0.15985,0.034285,0.075358,0.13826,0.10288,0.027867,0.06096,0.013387,0.0086901,0.015299,0.021004,0.034175,0.0116,0.054845,0.045607,0.060509,0.084451,0.10181,0.072287,0.026355,0.10518
7.13,0.031722,0.040941,0.08616,0.047717,0.014031,0.051849,0.043708,0.017573,0.015944,0.042903,0.035799,0.044743,0.016396,0.011391,0.049154,0.036932,0.10962,0.099479,0.1594,0.034154,0.075338,0.13822,0.10244,0.027795,0.061151,0.01338,0.0086603,0.015204,0.020956,0.033994,0.011515,0.054496,0.04535,0.06029,0.08421,0.10132,0.072113,0.026251,0.10486
7.14,0.031599,0.040996,0.086043,0.047624,0.013997,0.051734,0.043566,0.017525,0.015882,0.042719,0.035694,0.04459,0.016338,0.011346,0.048888,0.036839,0.10934,0.099042,0.15894,0.034022,0.075317,0.13819,0.10201,0.027722,0.061339,0.013373,0.0086308,0.015108,0.020907,0.033815,0.01143,0.05415,0.045092,0.06007,0.083966,0.10083,0.071939,0.026148,0.10455
7.15,0.031477,0.041046,0.085924,0.047529,0.013964,0.051621,0.043425,0.017478,0.01582,0.042536,0.035589,0.044437,0.016279,0.011336,0.048623,0.036746,0.10907,0.098606,0.15849,0.033891,0.075293,0.13815,0.10157,0.027648,0.061524,0.013365,0.0086013,0.015013,0.020857,0.033636,0.011346,0.053807,0.044833,0.05985,0.08372,0.10032,0.071765,0.026046,0.10423
7.16,0.031355,0.041092,0.085804,0.047432,0.01393,0.051509,0.043285,0.01743,0.015758,0.042354,0.035484,0.044285,0.016222,0.011351,0.048359,0.036654,0.10879,0.098171,0.15805,0.03376,0.075267,0.1381,0.10113,0.027575,0.061706,0.013357,0.0085721,0.014941,0.020805,0.033458,0.011262,0.053465,0.044573,0.05963,0.083473,0.099821,0.071591,0.025944,0.1039
7.17,0.031234,0.041133,0.085683,0.047334,0.013896,0.051398,0.043145,0.017382,0.015696,0.042172,0.03538,0.044134,0.016164,0.011365,0.048097,0.036562,0.10851,0.097737,0.1576,0.03363,0.07524,0.13806,0.1007,0.0275,0.061885,0.013348,0.008543,0.014909,0.020753,0.033282,0.011178,0.053126,0.044312,0.059409,0.083224,0.099313,0.071416,0.025842,0.10358
7.18,0.031113,0.04117,0.08556,0.047233,0.013863,0.051287,0.043006,0.017332,0.015635,0.041992,0.035277,0.043984,0.016107,0.011378,0.047836,0.03647,0.10823,0.097304,0.15715,0.0335,0.07521,0.138,0.10026,0.027425,0.062061,0.01334,0.0085141,0.014878,0.020701,0.033107,0.011095,0.052789,0.04405,0.059188,0.082972,0.098801,0.071241,0.025741,0.10325
7.19,0.030993,0.041203,0.085436,0.047131,0.01383,0.051175,0.042868,0.017281,0.015574,0.041812,0.035174,0.043834,0.01605,0.01139,0.047576,0.036378,0.10795,0.096873,0.15671,0.03337,0.075179,0.13795,0.099816,0.02735,0.062234,0.013331,0.0084854,0.014846,0.020647,0.032932,0.011013,0.052455,0.043828,0.058967,0.082719,0.098285,0.071067,0.02564,0.10292
7.2,0.030873,0.041232,0.085311,0.047027,0.013796,0.051064,0.04273,0.017229,0.015514,0.041633,0.035071,0.043685,0.015993,0.011401,0.047317,0.036286,0.10767,0.096442,0.15626,0.033242,0.075146,0.13789,0.099375,0.027274,0.062403,0.013322,0.0084569,0.014814,0.020593,0.032759,0.010931,0.052123,0.04372,0.058745,0.082464,0.097765,0.070893,0.02554,0.1026
7.21,0.030754,0.041257,0.085184,0.046924,0.013763,0.050951,0.042592,0.017176,0.015454,0.041455,0.034969,0.043536,0.015937,0.011411,0.047059,0.036195,0.10739,0.096013,0.15582,0.033113,0.075111,0.13782,0.098932,0.027198,0.06257,0.013313,0.0084285,0.014782,0.020537,0.032586,0.01085,0.051793,0.043612,0.058524,0.082208,0.097241,0.07072,0.02544,0.10226
7.22,0.030635,0.041278,0.085056,0.046824,0.01373,0.050838,0.042456,0.017121,0.015394,0.041278,0.034867,0.043388,0.015881,0.01142,0.046803,0.036104,0.10711,0.095585,0.15538,0.032985,0.075075,0.13776,0.098489,0.027121,0.062734,0.013303,0.0084003,0.01475,0.020481,0.032415,0.010769,0.051466,0.043504,0.058302,0.081949,0.096714,0.070549,0.02534,0.10193
7.23,0.030517,0.041295,0.084927,0.046727,0.013696,0.050723,0.042319,0.017066,0.015334,0.041101,0.034766,0.043241,0.015825,0.011427,0.046549,0.036014,0.10683,0.095158,0.15494,0.032858,0.075038,0.13768,0.098046,0.027044,0.062894,0.013294,0.0083723,0.014718,0.020425,0.032245,0.010689,0.051141,0.043395,0.05808,0.081688,0.096182,0.07038,0.025241,0.10159
7.24,0.030399,0.041308,0.084795,0.046635,0.013663,0.050608,0.042184,0.01701,0.015275,0.040926,0.034665,0.043095,0.015769,0.011433,0.046296,0.035923,0.10655,0.094732,0.1545,0.032731,0.074999,0.13761,0.097601,0.026968,0.063051,0.013284,0.0083445,0.014686,0.020367,0.032075,0.01061,0.050819,0.043287,0.057858,0.081426,0.095646,0.070213,0.025142,0.10126
7.25,0.030282,0.041317,0.084662,0.046543,0.01363,0.050491,0.042049,0.016953,0.015216,0.040751,0.034565,0.042949,0.015714,0.011438,0.046045,0.035833,0.10626,0.094308,0.15406,0.032605,0.07496,0.13752,0.097156,0.026901,0.063205,0.013273,0.0083168,0.014654,0.020309,0.031907,0.010531,0.050499,0.043178,0.057636,0.081162,0.095155,0.07005,0.025044,0.10092
7.26,0.030165,0.041322,0.084527,0.046451,0.013596,0.050373,0.041914,0.016896,0.015158,0.040577,0.034465,0.042803,0.015659,0.011442,0.045794,0.035743,0.10598,0.093885,0.15362,0.032479,0.074919,0.13744,0.096711,0.02684,0.063356,0.013263,0.0082892,0.014621,0.020251,0.03174,0.010453,0.050183,0.043069,0.057414,0.080896,0.09474,0.069891,0.024945,0.10058
7.27,0.030049,0.041323,0.084389,0.046357,0.013563,0.050254,0.04178,0.016838,0.0151,0.040405,0.034365,0.042659,0.015604,0.011444,0.045545,0.035653,0.10569,0.093464,0.15318,0.032354,0.074878,0.13735,0.096265,0.026779,0.063503,0.013252,0.0082618,0.014589,0.020193,0.031574,0.010376,0.049869,0.042961,0.057193,0.080629,0.094322,0.069736,0.024848,0.10023
7.28,0.029933,0.041319,0.084248,0.046261,0.01353,0.050134,0.041647,0.01678,0.015042,0.040233,0.034266,0.042514,0.01555,0.011446,0.045297,0.035564,0.10541,0.093043,0.15275,0.03223,0.074836,0.13726,0.095819,0.026717,0.063647,0.013241,0.0082346,0.014556,0.020134,0.031408,0.0103,0.049558,0.042853,0.056971,0.08036,0.093901,0.069586,0.024751,0.099887
7.29,0.029818,0.041311,0.084106,0.046162,0.013497,0.050013,0.041514,0.016721,0.014985,0.04007,0.034167,0.042371,0.015495,0.011447,0.045051,0.035474,0.10512,0.092624,0.15232,0.032106,0.074794,0.13716,0.095373,0.026716,0.063788,0.01323,0.0082076,0.014524,0.020076,0.031244,0.010224,0.04925,0.042752,0.05675,0.080089,0.093478,0.069439,0.024654,0.09954
7.3,0.029703,0.041299,0.083961,0.046061,0.013464,0.04989,0.041382,0.01666,0.014927,0.039951,0.034069,0.042228,0.015441,0.011447,0.044805,0.035385,0.10484,0.092207,0.15188,0.031983,0.074752,0.13706,0.094928,0.026731,0.063925,0.013219,0.0081806,0.014491,0.020018,0.031081,0.010149,0.048945,0.042659,0.056529,0.079817,0.093051,0.069323,0.024557,0.099192
7.31,0.029589,0.041283,0.083813,0.045956,0.01343,0.049766,0.04125,0.01664,0.014871,0.039832,0.033971,0.042086,0.015388,0.011445,0.044561,0.035297,0.10455,0.091791,0.15145,0.031861,0.07471,0.13695,0.094483,0.026745,0.064059,0.013207,0.0081539,0.014458,0.019958,0.030919,0.010075,0.048643,0.042566,0.056308,0.079543,0.092622,0.069236,0.024461,0.098841
7.32,0.029475,0.041261,0.083663,0.045849,0.013398,0.049641,0.04112,0.01666,0.014814,0.039714,0.033874,0.041944,0.015334,0.011442,0.044367,0.035208,0.10426,0.091376,0.15102,0.03174,0.074668,0.13684,0.09404,0.026758,0.064189,0.013195,0.0081274,0.014426,0.019898,0.030758,0.010001,0.048344,0.042471,0.056087,0.079268,0.092191,0.069152,0.024365,0.098489
7.33,0.029362,0.041235,0.083511,0.045739,0.013365,0.049515,0.040989,0.016679,0.014758,0.039596,0.033776,0.041803,0.015281,0.011438,0.044188,0.03512,0.10397,0.090963,0.15059,0.031619,0.074627,0.13673,0.093599,0.026771,0.064317,0.013183,0.008101,0.014393,0.019838,0.030598,0.0099288,0.048049,0.042376,0.055867,0.078991,0.091757,0.069069,0.02427,0.098134
7.34,0.029249,0.041204,0.083356,0.045625,0.013333,0.049387,0.040859,0.016697,0.014702,0.039479,0.03368,0.041663,0.015228,0.011433,0.04401,0.035032,0.10369,0.09055,0.15017,0.031499,0.074586,0.13661,0.09316,0.026782,0.06444,0.01317,0.0080748,0.01436,0.019777,0.030438,0.009857,0.047756,0.04228,0.055648,0.078713,0.091321,0.068991,0.024175,0.097779
7.35,0.029136,0.041167,0.083199,0.045509,0.013302,0.049258,0.04073,0.016715,0.014647,0.039362,0.033584,0.041523,0.015175,0.011428,0.043833,0.034944,0.1034,0.09014,0.14974,0.03138,0.074546,0.13649,0.092723,0.026793,0.06456,0.013158,0.0080487,0.014327,0.019715,0.03028,0.0098137,0.047467,0.042182,0.055428,0.078433,0.090883,0.068916,0.024081,0.097422
7.36,0.029024,0.041126,0.08304,0.04539,0.013272,0.049128,0.040601,0.016732,0.014591,0.039246,0.033488,0.041384,0.015123,0.011421,0.043657,0.034856,0.10311,0.089731,0.14931,0.031261,0.074507,0.13636,0.092288,0.026803,0.064676,0.013145,0.0080227,0.014294,0.019653,0.030123,0.0097805,0.047182,0.042084,0.05521,0.078152,0.090442,0.068847,0.023986,0.097064
7.37,0.028913,0.041079,0.082879,0.045268,0.013259,0.048997,0.040473,0.016748,0.014537,0.03913,0.033392,0.041245,0.015071,0.011414,0.043481,0.034769,0.10283,0.089324,0.14889,0.031143,0.07447,0.13623,0.091854,0.026812,0.064789,0.013132,0.007997,0.014261,0.019591,0.029967,0.0097472,0.046899,0.041984,0.054992,0.077869,0.089999,0.068786,0.023893,0.096703
7.38,0.028802,0.041027,0.082716,0.045144,0.013247,0.048864,0.040345,0.016764,0.014482,0.039015,0.033297,0.041107,0.015019,0.011405,0.043307,0.034682,0.10254,0.088918,0.14847,0.031026,0.074435,0.13609,0.09142,0.02682,0.064898,0.013119,0.0079713,0.014228,0.019528,0.029812,0.0097137,0.046621,0.041883,0.054775,0.077584,0.089553,0.068732,0.023799,0.096342
7.39,0.028692,0.040971,0.08255,0.045017,0.013234,0.048731,0.040218,0.016781,0.014428,0.0389,0.033203,0.04097,0.014967,0.011395,0.043133,0.034595,0.10225,0.088513,0.14805,0.03091,0.074402,0.13595,0.090987,0.026827,0.065004,0.013105,0.0079458,0.014195,0.019466,0.029658,0.0096799,0.046345,0.041781,0.054558,0.077298,0.089104,0.068681,0.023706,0.095979
7.4,0.028582,0.040909,0.082383,0.044886,0.013221,0.048596,0.040092,0.016797,0.014374,0.038786,0.033108,0.040833,0.014915,0.011384,0.04296,0.034508,0.10197,0.088111,0.14763,0.030795,0.074371,0.1358,0.090554,0.026835,0.065106,0.013092,0.0079205,0.014161,0.019403,0.029504,0.0096459,0.046073,0.041678,0.054343,0.077011,0.088654,0.068631,0.023614,0.095615
7.41,0.028472,0.040843,0.082213,0.044754,0.013209,0.04846,0.039966,0.016812,0.01432,0.038672,0.033015,0.040697,0.014864,0.011372,0.042789,0.034422,0.10168,0.08771,0.14721,0.03068,0.07434,0.13565,0.090121,0.026842,0.065205,0.013078,0.0078952,0.014128,0.019341,0.029352,0.0096117,0.045805,0.041574,0.054128,0.076722,0.0882,0.068581,0.023522,0.09525
7.42,0.028363,0.040773,0.082042,0.044619,0.013196,0.048323,0.03984,0.016827,0.014267,0.038559,0.032921,0.040562,0.014813,0.011359,0.042617,0.034336,0.10139,0.087311,0.14679,0.030566,0.074309,0.13549,0.089689,0.02685,0.0653,0.013064,0.0078702,0.014095,0.019279,0.029201,0.0095773,0.04554,0.041468,0.053914,0.076432,0.087745,0.068531,0.02343,0.094884
7.43,0.028255,0.040699,0.081869,0.044481,0.013183,0.048185,0.039715,0.016841,0.014214,0.038446,0.032828,0.040427,0.014763,0.011346,0.042447,0.03425,0.10111,0.086914,0.14637,0.030453,0.074278,0.13533,0.089256,0.026858,0.065391,0.013049,0.0078453,0.014061,0.019218,0.029051,0.0095427,0.045279,0.041362,0.053701,0.076141,0.087286,0.068481,0.023338,0.094517
7.44,0.028146,0.040621,0.081694,0.044341,0.01317,0.048045,0.03959,0.016855,0.014161,0.038333,0.032736,0.040292,0.014712,0.011332,0.042278,0.034164,0.10082,0.086519,0.14596,0.030341,0.074247,0.13516,0.088823,0.026867,0.065478,0.013035,0.0078205,0.014028,0.019155,0.028901,0.0095079,0.045022,0.041255,0.053489,0.075848,0.086826,0.068431,0.023247,0.09415
7.45,0.028039,0.04054,0.081517,0.044199,0.013157,0.047905,0.039466,0.016868,0.014108,0.038222,0.032643,0.040159,0.014662,0.011316,0.042109,0.034079,0.10054,0.086126,0.14554,0.03023,0.074215,0.13499,0.08839,0.026876,0.065563,0.013021,0.0077959,0.013995,0.019092,0.028753,0.0094728,0.044768,0.041147,0.053278,0.075553,0.086363,0.06838,0.023156,0.093782
7.46,0.027931,0.040454,0.081339,0.044054,0.013143,0.047763,0.039343,0.01688,0.014056,0.03811,0.032551,0.040026,0.014612,0.0113,0.041942,0.033994,0.10025,0.085736,0.14513,0.030119,0.074182,0.13482,0.087957,0.026885,0.065643,0.013006,0.0077715,0.013961,0.019027,0.028606,0.0094375,0.044518,0.041038,0.053068,0.075258,0.085899,0.068328,0.023066,0.093413
7.47,0.027825,0.040366,0.081159,0.043908,0.013129,0.04762,0.03922,0.016892,0.014004,0.037999,0.03246,0.039893,0.014562,0.011282,0.041775,0.033909,0.09997,0.085348,0.14472,0.03001,0.074148,0.13464,0.087524,0.026894,0.06572,0.012991,0.0077471,0.013928,0.018962,0.028459,0.0094022,0.044272,0.040928,0.05286,0.074961,0.085432,0.068275,0.022976,0.093045
7.48,0.027718,0.040273,0.080977,0.043759,0.013115,0.047476,0.039098,0.016904,0.013953,0.037889,0.032369,0.039761,0.014513,0.011264,0.041608,0.033824,0.099685,0.084963,0.1443,0.029901,0.074114,0.13445,0.08709,0.026904,0.065794,0.012976,0.007723,0.013894,0.018896,0.028314,0.0093667,0.044029,0.040817,0.052652,0.074662,0.084963,0.06822,0.022887,0.092676
7.49,0.027612,0.040178,0.080794,0.043607,0.013101,0.047331,0.038976,0.016914,0.013901,0.037779,0.032278,0.03963,0.014463,0.011245,0.041443,0.03374,0.099401,0.084581,0.1439,0.029793,0.074079,0.13426,0.086657,0.026918,0.065864,0.012961,0.0076989,0.013869,0.018828,0.028169,0.009331,0.04379,0.040705,0.052446,0.074363,0.084492,0.068166,0.022797,0.092307
7.5,0.027507,0.040079,0.080609,0.043454,0.013086,0.047186,0.038855,0.016924,0.01385,0.037669,0.032188,0.039499,0.014414,0.011226,0.041279,0.033656,0.099118,0.084201,0.14349,0.029686,0.074043,0.13407,0.086223,0.026932,0.06593,0.012946,0.007675,0.013844,0.01876,0.028026,0.0092951,0.043555,0.040593,0.05224,0.074062,0.084019,0.068112,0.022709,0.091938
7.51,0.027402,0.039976,0.080423,0.043299,0.013071,0.047039,0.038734,0.016934,0.0138,0.03756,0.032098,0.039369,0.014365,0.011205,0.041115,0.033572,0.098834,0.083824,0.14308,0.029579,0.074007,0.13387,0.085789,0.026946,0.065993,0.01293,0.0076512,0.013818,0.018691,0.027883,0.0092591,0.043323,0.040479,0.052037,0.07376,0.083731,0.068059,0.02262,0.091569
7.52,0.027298,0.039871,0.080236,0.043142,0.013056,0.046891,0.038614,0.016943,0.013749,0.037451,0.032008,0.039239,0.014317,0.011184,0.040952,0.033488,0.098551,0.08345,0.14267,0.029474,0.07397,0.13367,0.085355,0.026959,0.066053,0.012915,0.0076331,0.013793,0.018621,0.027741,0.0092228,0.043095,0.040397,0.051834,0.073458,0.083455,0.068009,0.022532,0.0912
7.53,0.027194,0.039763,0.080047,0.042983,0.013041,0.046742,0.038494,0.016951,0.013699,0.037343,0.031919,0.03911,0.014269,0.011161,0.04079,0.033404,0.098268,0.083078,0.14227,0.029369,0.073933,0.13346,0.084921,0.026971,0.066109,0.012899,0.0076392,0.013767,0.018551,0.0276,0.0091864,0.042871,0.040423,0.051633,0.073154,0.083178,0.067962,0.022444,0.090831
7.54,0.02709,0.039652,0.079857,0.042822,0.013025,0.046592,0.038375,0.016959,0.013649,0.037235,0.03183,0.038981,0.01422,0.011138,0.040629,0.033321,0.097986,0.082708,0.14186,0.029265,0.073896,0.13325,0.084487,0.026982,0.066161,0.012883,0.0076448,0.013741,0.01848,0.027461,0.0091501,0.04265,0.040441,0.051433,0.072848,0.082898,0.067921,0.022357,0.090463
7.55,0.026987,0.039539,0.079666,0.04266,0.013009,0.046442,0.038256,0.016966,0.0136,0.037128,0.031742,0.038853,0.014172,0.011114,0.040468,0.033238,0.097703,0.08234,0.14146,0.029162,0.073858,0.13304,0.084053,0.026993,0.066211,0.012867,0.0076498,0.013716,0.018408,0.027322,0.0091136,0.042434,0.040452,0.051234,0.072542,0.082617,0.067887,0.02227,0.090094
7.56,0.026884,0.039425,0.079473,0.042522,0.012992,0.04629,0.038138,0.016972,0.01355,0.037021,0.031653,0.038725,0.014125,0.01109,0.040309,0.033155,0.097421,0.081975,0.14106,0.029059,0.073821,0.13282,0.083619,0.027002,0.066257,0.012851,0.0076543,0.01369,0.018336,0.027184,0.009077,0.04222,0.040457,0.051037,0.072235,0.082335,0.067858,0.022183,0.089875
7.57,0.026782,0.039374,0.07928,0.042448,0.012975,0.046138,0.03802,0.016978,0.013501,0.036915,0.031566,0.038598,0.014077,0.011064,0.04015,0.033073,0.097138,0.081611,0.14066,0.028958,0.073783,0.1326,0.083185,0.027011,0.0663,0.012834,0.0076584,0.013664,0.018263,0.027047,0.0090402,0.042011,0.040454,0.050841,0.071927,0.082051,0.067884,0.022097,0.089694
7.58,0.02668,0.039403,0.079085,0.042373,0.012958,0.045985,0.037903,0.016984,0.013453,0.036809,0.031478,0.038472,0.01403,0.011038,0.039992,0.03299,0.096856,0.08125,0.14026,0.028857,0.073745,0.13237,0.08275,0.027018,0.066339,0.012818,0.0076619,0.013638,0.018189,0.026911,0.0090033,0.041805,0.040444,0.050646,0.071618,0.081766,0.067985,0.022011,0.089512
7.59,0.026578,0.039431,0.078889,0.042298,0.012941,0.045831,0.037786,0.016988,0.013404,0.036703,0.031391,0.038346,0.013983,0.011011,0.039834,0.032908,0.096575,0.080891,0.13986,0.028757,0.073706,0.13214,0.082317,0.027025,0.066375,0.012802,0.007665,0.013611,0.018115,0.026775,0.0089663,0.041603,0.040428,0.050453,0.071309,0.08148,0.068084,0.021926,0.089331
7.6,0.026477,0.039459,0.078691,0.042222,0.012923,0.045676,0.03767,0.016992,0.013356,0.036598,0.031305,0.038221,0.013936,0.010983,0.039678,0.032827,0.096293,0.080535,0.13946,0.028658,0.073666,0.1319,0.081883,0.027031,0.066408,0.012785,0.0076675,0.013585,0.018039,0.026641,0.0089292,0.041404,0.040405,0.050261,0.070998,0.081192,0.068179,0.021841,0.089148
7.61,0.026377,0.039488,0.078492,0.042146,0.012905,0.045521,0.037554,0.016996,0.013308,0.036493,0.031218,0.038096,0.01389,0.010955,0.039522,0.032745,0.096011,0.08018,0.13907,0.02856,0.073626,0.13167,0.08145,0.027036,0.066438,0.012768,0.0076696,0.013559,0.017963,0.026508,0.008892,0.041209,0.040376,0.05007,0.070687,0.080903,0.068272,0.021756,0.088965
7.62,0.026276,0.039518,0.078292,0.042069,0.012886,0.045365,0.037439,0.016999,0.01326,0.036389,0.031132,0.037972,0.013843,0.010927,0.039367,0.032664,0.095729,0.079828,0.13867,0.028462,0.073584,0.13142,0.081238,0.02704,0.066465,0.012751,0.0076713,0.013532,0.017886,0.026375,0.0088547,0.041017,0.04034,0.04988,0.070375,0.080613,0.068363,0.021672,0.088782
7.63,0.026177,0.039547,0.07809,0.041993,0.012867,0.045208,0.037324,0.017001,0.013213,0.036285,0.031047,0.037848,0.013797,0.010897,0.039213,0.032582,0.095448,0.079478,0.13828,0.028365,0.073542,0.13118,0.081053,0.027043,0.06649,0.012734,0.0076724,0.013506,0.017808,0.026243,0.0088174,0.04083,0.040297,0.049692,0.070063,0.080321,0.06845,0.021588,0.088598
7.64,0.026077,0.039576,0.077887,0.041915,0.012848,0.045051,0.03721,0.017002,0.013166,0.036181,0.030961,0.037724,0.013751,0.010867,0.039059,0.032502,0.095166,0.07913,0.13788,0.028269,0.073498,0.13093,0.080868,0.027044,0.066511,0.012717,0.007673,0.013479,0.017729,0.026113,0.0087802,0.040645,0.040249,0.049504,0.069749,0.080028,0.068535,0.021504,0.088415
7.65,0.025978,0.039604,0.077683,0.041838,0.012828,0.044893,0.037096,0.017003,0.013119,0.036078,0.030876,0.037602,0.013706,0.010835,0.038907,0.032421,0.094884,0.078784,0.13749,0.028174,0.073453,0.13068,0.080682,0.027045,0.066529,0.012699,0.0076732,0.013453,0.01765,0.025983,0.0087428,0.040464,0.040194,0.049319,0.069435,0.079734,0.068618,0.02142,0.08823
7.66,0.02588,0.039631,0.077478,0.04176,0.012808,0.044735,0.036983,0.017005,0.013072,0.035976,0.030792,0.03748,0.01366,0.010804,0.038755,0.03234,0.094602,0.078441,0.1371,0.028079,0.073407,0.13042,0.080497,0.027045,0.066544,0.012681,0.007673,0.013426,0.017569,0.025854,0.0087055,0.040287,0.040133,0.049134,0.069121,0.079439,0.068697,0.021337,0.088046
7.67,0.025782,0.039657,0.077271,0.041683,0.012788,0.044576,0.03687,0.017006,0.013026,0.035873,0.030708,0.037358,0.013615,0.010772,0.038604,0.03226,0.09432,0.078099,0.13671,0.027986,0.07336,0.13016,0.08031,0.027044,0.066556,0.012664,0.0076724,0.013399,0.017488,0.025726,0.008668,0.040113,0.040066,0.048951,0.068805,0.079142,0.068775,0.021255,0.087862
7.68,0.025685,0.039682,0.077063,0.041604,0.012767,0.044417,0.036758,0.017006,0.01298,0.035772,0.030624,0.037237,0.01357,0.010739,0.038454,0.03218,0.094039,0.07776,0.13632,0.027893,0.073311,0.12989,0.080123,0.027042,0.066565,0.012645,0.0076712,0.013372,0.017406,0.025599,0.0086305,0.039942,0.039993,0.048768,0.068489,0.078845,0.068852,0.021172,0.087677
7.69,0.025587,0.039708,0.076854,0.041527,0.012746,0.044258,0.036646,0.017006,0.012934,0.03567,0.03054,0.037116,0.013525,0.010706,0.038304,0.0321,0.093757,0.077422,0.13594,0.0278,0.07326,0.12963,0.079936,0.027039,0.066571,0.012627,0.0076696,0.013345,0.017323,0.025472,0.008593,0.039775,0.039914,0.048587,0.068172,0.078546,0.068928,0.021091,0.087492
7.7,0.025491,0.039732,0.076644,0.041449,0.012725,0.044099,0.036534,0.017005,0.012888,0.035569,0.030457,0.036996,0.01348,0.010672,0.038156,0.032021,0.093475,0.077087,0.13555,0.027708,0.073208,0.12936,0.079749,0.027035,0.066574,0.012608,0.0076676,0.013318,0.017239,0.025347,0.0085554,0.039611,0.03983,0.048407,0.067854,0.078246,0.069003,0.021009,0.087307
7.71,0.025394,0.039757,0.076433,0.041373,0.012702,0.043941,0.036423,0.017004,0.012843,0.035469,0.030374,0.036877,0.013436,0.010638,0.038008,0.031942,0.093192,0.076754,0.13516,0.027617,0.073155,0.12908,0.079561,0.027031,0.066574,0.01259,0.0076652,0.013291,0.017154,0.025222,0.0085178,0.03945,0.03974,0.048228,0.067536,0.077945,0.069078,0.020928,0.087123
7.72,0.025298,0.039781,0.07622,0.041298,0.01268,0.043784,0.036313,0.017002,0.012798,0.035369,0.030292,0.036758,0.013392,0.010603,0.03786,0.031863,0.09291,0.076422,0.13478,0.027527,0.0731,0.1288,0.079373,0.027025,0.066571,0.012571,0.0076623,0.013264,0.017069,0.025098,0.0084801,0.039293,0.039644,0.04805,0.067216,0.077642,0.069153,0.020847,0.086937
7.73,0.025203,0.039803,0.076007,0.041224,0.012657,0.04363,0.036203,0.016999,0.012753,0.035269,0.030209,0.036639,0.013348,0.010567,0.037714,0.031784,0.092628,0.076093,0.13439,0.027437,0.073043,0.12852,0.079185,0.027019,0.066564,0.012551,0.0076589,0.013238,0.016984,0.024975,0.0084425,0.039139,0.039542,0.047873,0.066896,0.077339,0.06923,0.020766,0.086752
7.74,0.025108,0.039824,0.075793,0.041151,0.012633,0.043476,0.036093,0.016996,0.012708,0.03517,0.030127,0.036521,0.013304,0.010531,0.037568,0.031705,0.092346,0.075765,0.13401,0.027348,0.072985,0.12824,0.078997,0.027012,0.066555,0.012532,0.0076552,0.013211,0.016897,0.024853,0.0084049,0.038988,0.039435,0.047697,0.066575,0.077034,0.069306,0.020686,0.086567
7.75,0.025013,0.039844,0.075579,0.04108,0.012609,0.043324,0.035984,0.016992,0.012664,0.035071,0.030046,0.036404,0.01326,0.010495,0.037423,0.031627,0.092064,0.075439,0.13363,0.02726,0.072925,0.12795,0.078808,0.027004,0.066543,0.012512,0.0076511,0.013183,0.01681,0.024732,0.0083674,0.03884,0.039323,0.047522,0.066253,0.076729,0.069382,0.020606,0.086382
7.76,0.024918,0.039863,0.075363,0.041009,0.012585,0.043172,0.035876,0.016988,0.01262,0.034972,0.029965,0.036287,0.013217,0.010458,0.037278,0.031549,0.091781,0.075116,0.13325,0.027172,0.072864,0.12766,0.078619,0.026995,0.066527,0.012492,0.0076466,0.013156,0.016723,0.024612,0.00833,0.038695,0.039205,0.047347,0.065931,0.076423,0.069457,0.020527,0.086197
7.77,0.024825,0.03988,0.075146,0.040938,0.01256,0.04302,0.035767,0.016983,0.012576,0.034874,0.029884,0.03617,0.013173,0.01042,0.037135,0.031471,0.091499,0.074794,0.13287,0.027085,0.072801,0.12737,0.078429,0.026987,0.066509,0.012472,0.0076416,0.013129,0.016636,0.024492,0.0082925,0.038554,0.039083,0.047174,0.065607,0.076115,0.06953,0.020448,0.086011
7.78,0.024731,0.039895,0.07493,0.040867,0.012534,0.042868,0.03566,0.016977,0.012533,0.034776,0.029803,0.036054,0.01313,0.010382,0.036992,0.031393,0.091217,0.074474,0.13249,0.026999,0.072737,0.12707,0.07824,0.026977,0.066487,0.012451,0.0076362,0.013102,0.016548,0.024373,0.0082551,0.038415,0.038955,0.047001,0.065283,0.075807,0.0696,0.020369,0.085826
7.79,0.024638,0.039908,0.074713,0.040795,0.012508,0.042716,0.035552,0.016971,0.012489,0.034679,0.029723,0.035939,0.013088,0.010344,0.036849,0.031316,0.090935,0.074156,0.13211,0.026913,0.072671,0.12677,0.07805,0.026967,0.066463,0.012431,0.0076305,0.013075,0.016461,0.024255,0.0082176,0.03828,0.038823,0.04683,0.064958,0.075497,0.069668,0.02029,0.085639
7.8,0.024545,0.039919,0.074496,0.040723,0.012481,0.042562,0.035446,0.016964,0.012446,0.034582,0.029643,0.035824,0.013045,0.010305,0.036708,0.031238,0.090654,0.073839,0.13174,0.026828,0.072603,0.12646,0.07786,0.026957,0.066436,0.01241,0.0076244,0.013047,0.016373,0.024138,0.0081803,0.038147,0.038686,0.046659,0.064632,0.075187,0.069733,0.020212,0.085454
7.81,0.024453,0.039929,0.074279,0.04065,0.012454,0.042409,0.035339,0.016957,0.012403,0.034485,0.029563,0.035709,0.013002,0.010265,0.036567,0.031161,0.090372,0.073524,0.13136,0.026743,0.072534,0.12616,0.07767,0.026946,0.066405,0.012389,0.0076178,0.01302,0.016285,0.024022,0.0081429,0.038017,0.038545,0.046488,0.064306,0.074876,0.069796,0.020134,0.085268
7.82,0.024361,0.039937,0.074063,0.040576,0.012426,0.042255,0.035233,0.016949,0.012361,0.034389,0.029484,0.035595,0.01296,0.010225,0.036427,0.031085,0.090091,0.07321,0.13099,0.026659,0.072463,0.12585,0.077481,0.026935,0.066372,0.012368,0.0076109,0.012992,0.016196,0.023907,0.0081056,0.03789,0.0384,0.046319,0.063979,0.074564,0.069856,0.020057,0.085081
7.83,0.024269,0.039943,0.073847,0.040502,0.012397,0.0421,0.035128,0.016941,0.012318,0.034293,0.029405,0.035482,0.012918,0.010185,0.036287,0.031008,0.08981,0.072899,0.13061,0.026575,0.072391,0.12553,0.077291,0.026924,0.066336,0.012346,0.0076036,0.012965,0.016107,0.023792,0.0080683,0.037766,0.03825,0.046151,0.063651,0.074251,0.069913,0.01998,0.084895
7.84,0.024178,0.039948,0.07363,0.040428,0.012368,0.041945,0.035023,0.016931,0.012276,0.034198,0.029327,0.035369,0.012876,0.010144,0.036148,0.030932,0.089529,0.072588,0.13024,0.026492,0.072317,0.12522,0.077102,0.026911,0.066298,0.012324,0.007596,0.012937,0.016018,0.023678,0.0080311,0.037645,0.038095,0.045983,0.063322,0.073938,0.069967,0.019903,0.084708
7.85,0.024087,0.039952,0.073413,0.040353,0.012339,0.04179,0.034918,0.016922,0.012234,0.034103,0.029248,0.035256,0.012835,0.010103,0.03601,0.030856,0.089248,0.072279,0.12987,0.02641,0.072242,0.1249,0.076913,0.026899,0.066256,0.012303,0.0075879,0.01291,0.015928,0.023565,0.007994,0.037526,0.037936,0.045816,0.062993,0.073623,0.070019,0.019826,0.08452
7.86,0.023997,0.039955,0.073197,0.040278,0.012309,0.041633,0.034814,0.016911,0.012192,0.034008,0.02917,0.035144,0.012793,0.010061,0.035873,0.03078,0.088968,0.071972,0.12949,0.026328,0.072165,0.12458,0.076724,0.026885,0.066211,0.01228,0.0075795,0.012882,0.015838,0.023453,0.0079569,0.03741,0.037773,0.04565,0.062663,0.073309,0.070066,0.01975,0.084333
7.87,0.023907,0.039957,0.07298,0.040203,0.012278,0.041476,0.03471,0.0169,0.012151,0.033914,0.029093,0.035032,0.012752,0.010019,0.035736,0.030704,0.088688,0.071667,0.12912,0.026246,0.072086,0.12426,0.076536,0.02687,0.066163,0.012258,0.0075708,0.012854,0.015748,0.023341,0.0079198,0.037296,0.037607,0.045484,0.062333,0.072993,0.070111,0.019674,0.084145
7.88,0.023817,0.039959,0.072763,0.040127,0.012247,0.041319,0.034607,0.01689,0.01211,0.03382,0.029015,0.034921,0.012711,0.0099766,0.0356,0.030629,0.088409,0.071362,0.12875,0.026165,0.072006,0.12394,0.076347,0.026855,0.066113,0.012236,0.0075617,0.012826,0.015658,0.02323,0.0078829,0.037185,0.037436,0.04532,0.062002,0.072676,0.070153,0.019599,0.083956
7.89,0.023728,0.039959,0.072545,0.04005,0.012215,0.041161,0.034504,0.016879,0.012069,0.033726,0.028938,0.03481,0.01267,0.0099338,0.035464,0.030554,0.088131,0.071059,0.12839,0.026085,0.071924,0.12361,0.07616,0.026839,0.06606,0.012213,0.0075522,0.012798,0.015568,0.023121,0.0078461,0.037077,0.037262,0.045156,0.061671,0.072359,0.070191,0.019524,0.083769
7.9,0.023639,0.039958,0.072327,0.039973,0.012182,0.041003,0.034402,0.016868,0.012028,0.033633,0.028861,0.0347,0.012629,0.0098905,0.035329,0.030479,0.087852,0.070757,0.12802,0.026005,0.071841,0.12328,0.075972,0.026822,0.066004,0.01219,0.0075423,0.012771,0.01548,0.023011,0.0078095,0.036971,0.037084,0.044993,0.061339,0.072041,0.070226,0.019449,0.083581
7.91,0.023551,0.039955,0.072109,0.039894,0.012149,0.040844,0.0343,0.016856,0.011987,0.033541,0.028785,0.03459,0.012588,0.0098495,0.035195,0.030404,0.087575,0.070457,0.12765,0.025925,0.071757,0.12296,0.075785,0.026804,0.065946,0.012167,0.0075322,0.012743,0.015392,0.022903,0.0077729,0.036867,0.036903,0.044831,0.061007,0.071723,0.070258,0.019375,0.083392
7.92,0.023463,0.03995,0.071891,0.039815,0.012116,0.040685,0.034198,0.016843,0.011947,0.033448,0.028709,0.034481,0.012548,0.0098511,0.035062,0.030329,0.087298,0.070158,0.12729,0.025846,0.071671,0.12263,0.075598,0.026785,0.065885,0.012143,0.0075217,0.012715,0.015313,0.022795,0.0077364,0.036766,0.036735,0.04467,0.060675,0.071403,0.070287,0.0193,0.083204
7.93,0.023375,0.039942,0.071672,0.039735,0.012082,0.040525,0.034097,0.01683,0.011907,0.033356,0.028633,0.034372,0.012508,0.0098521,0.034929,0.030255,0.087022,0.069861,0.12692,0.025768,0.071583,0.12229,0.075411,0.026765,0.065821,0.01212,0.0075109,0.012687,0.015251,0.022688,0.0077001,0.036667,0.03669,0.044509,0.060342,0.071084,0.070312,0.019227,0.083015
7.94,0.023288,0.039932,0.071454,0.039654,0.012047,0.040365,0.033996,0.016816,0.011867,0.033264,0.028557,0.034264,0.012468,0.0098527,0.034797,0.030181,0.086747,0.069564,0.12656,0.02569,0.071494,0.12196,0.075224,0.026745,0.065755,0.012096,0.0074997,0.012659,0.015188,0.022582,0.0076638,0.03657,0.036641,0.044349,0.060008,0.070763,0.070335,0.019153,0.082827
7.95,0.023201,0.03992,0.071235,0.039571,0.012012,0.040204,0.033896,0.016802,0.011827,0.033173,0.028482,0.034156,0.012428,0.0098528,0.034665,0.030107,0.086473,0.069269,0.12619,0.025612,0.071404,0.12163,0.075038,0.026724,0.065686,0.012073,0.0074882,0.01263,0.015125,0.022477,0.0076276,0.036476,0.036589,0.04419,0.059674,0.070442,0.070353,0.01908,0.082639
7.96,0.023114,0.039905,0.071016,0.039488,0.012012,0.040043,0.033796,0.016787,0.011787,0.033082,0.028407,0.034048,0.012388,0.0098525,0.034534,0.030033,0.086199,0.068976,0.12583,0.025535,0.071313,0.1213,0.074852,0.026701,0.065614,0.012049,0.0074765,0.012602,0.015062,0.022372,0.0075915,0.036383,0.036534,0.044031,0.059341,0.07012,0.070369,0.019007,0.08245
7.97,0.023028,0.039888,0.070797,0.039404,0.012013,0.039882,0.033697,0.016772,0.011748,0.032992,0.028332,0.033941,0.012349,0.0098517,0.034404,0.02996,0.085926,0.068683,0.12547,0.025458,0.07122,0.12097,0.074666,0.026679,0.065541,0.012026,0.0074643,0.012574,0.014998,0.022268,0.0075556,0.036293,0.036475,0.043873,0.059006,0.069797,0.070382,0.018934,0.082262
7.98,0.022942,0.039869,0.070578,0.039319,0.012014,0.03972,0.033598,0.016756,0.011709,0.032901,0.028258,0.033834,0.01231,0.0098508,0.034274,0.029887,0.085654,0.068393,0.12511,0.025381,0.071125,0.12064,0.074481,0.026655,0.065464,0.012003,0.0074519,0.012546,0.014933,0.022165,0.0075197,0.036204,0.036412,0.043716,0.058672,0.069474,0.070392,0.018862,0.082074
7.99,0.022856,0.039847,0.070359,0.039234,0.012014,0.039558,0.033499,0.01674,0.01167,0.032811,0.028184,0.033728,0.012271,0.0098494,0.034145,0.029814,0.085382,0.068103,0.12475,0.025305,0.07103,0.1203,0.074296,0.02663,0.065386,0.011983,0.0074391,0.012518,0.014868,0.022063,0.007484,0.036118,0.036346,0.043559,0.058336,0.069151,0.070398,0.01879,0.081887
8,0.022771,0.039823,0.07014,0.039147,0.012013,0.039395,0.033401,0.016722,0.011632,0.032722,0.02811,0.033622,0.012232,0.0098476,0.034017,0.029741,0.08511,0.067814,0.12439,0.025229,0.070933,0.11997,0.074111,0.026604,0.065305,0.011964,0.0074261,0.012489,0.014803,0.021961,0.0074484,0.036033,0.036277,0.043403,0.058002,0.068826,0.070403,0.018718,0.081699
